START_HEAD=3f6c8be3ed65ae27d923ef6828751c71a5e49404
Filesystem         1B-blocks          Used     Available Use% Mounted on
/dev/md0       7516777873408 3435632467968 4081145405440  46% /scratch
V2_STAGE=plan UTC=2026-09-14T17:50:56Z
warning: The `tool.uv.dev-dependencies` field (used in `packages/openpi-client/pyproject.toml`) is deprecated and will be removed in a future release; use `dependency-groups.dev` instead
PLAN_OK tasks=4 selected=1600 role=primary:1600 max_timesteps=2304 prechecks=PASS
V2_STAGE=merge UTC=2026-09-14T17:51:05Z
warning: The `tool.uv.dev-dependencies` field (used in `packages/openpi-client/pyproject.toml`) is deprecated and will be removed in a future release; use `dependency-groups.dev` instead
MERGE_EP task=RouteStick idx=0 member=record_dataset_RouteStick_easy/hdf5_files/RouteStick_ep0_seed16000.h5 secs=0.800
MERGE_EP task=VideoUnmaskSwap idx=0 member=record_dataset_VideoUnmaskSwap_easy/hdf5_files/VideoUnmaskSwap_ep0_seed5000.h5 secs=0.859
MERGE_EP task=RouteStick idx=1 member=record_dataset_RouteStick_easy/hdf5_files/RouteStick_ep1_seed16100.h5 secs=0.523
MERGE_EP task=RouteStick idx=2 member=record_dataset_RouteStick_easy/hdf5_files/RouteStick_ep2_seed16200.h5 secs=0.561
MERGE_EP task=VideoRepick idx=0 member=record_dataset_VideoRepick_easy/hdf5_files/VideoRepick_ep1_seed9100.h5 secs=1.918
MERGE_EP task=VideoUnmaskSwap idx=1 member=record_dataset_VideoUnmaskSwap_easy/hdf5_files/VideoUnmaskSwap_ep1_seed5100.h5 secs=1.239
MERGE_EP task=RouteStick idx=3 member=record_dataset_RouteStick_easy/hdf5_files/RouteStick_ep3_seed16300.h5 secs=0.855
MERGE_EP task=VideoUnmaskSwap idx=2 member=record_dataset_VideoUnmaskSwap_easy/hdf5_files/VideoUnmaskSwap_ep2_seed5200.h5 secs=1.230
MERGE_EP task=BinFill idx=0 member=record_dataset_BinFill_easy/hdf5_files/BinFill_ep0_seed4000.h5 secs=3.472
MERGE_EP task=RouteStick idx=4 member=record_dataset_RouteStick_easy/hdf5_files/RouteStick_ep4_seed16400.h5 secs=0.846
MERGE_EP task=VideoRepick idx=1 member=record_dataset_VideoRepick_easy/hdf5_files/VideoRepick_ep2_seed9200.h5 secs=1.997
MERGE_EP task=RouteStick idx=5 member=record_dataset_RouteStick_easy/hdf5_files/RouteStick_ep5_seed16500.h5 secs=0.840
MERGE_EP task=VideoUnmaskSwap idx=3 member=record_dataset_VideoUnmaskSwap_easy/hdf5_files/VideoUnmaskSwap_ep3_seed5300.h5 secs=1.325
MERGE_EP task=RouteStick idx=6 member=record_dataset_RouteStick_easy/hdf5_files/RouteStick_ep6_seed16600.h5 secs=0.613
MERGE_EP task=BinFill idx=1 member=record_dataset_BinFill_easy/hdf5_files/BinFill_ep1_seed4100.h5 secs=1.945
MERGE_EP task=VideoUnmaskSwap idx=4 member=record_dataset_VideoUnmaskSwap_easy/hdf5_files/VideoUnmaskSwap_ep4_seed5400.h5 secs=0.920
MERGE_EP task=RouteStick idx=7 member=record_dataset_RouteStick_easy/hdf5_files/RouteStick_ep7_seed16700.h5 secs=0.549
MERGE_EP task=RouteStick idx=8 member=record_dataset_RouteStick_easy/hdf5_files/RouteStick_ep8_seed16800.h5 secs=0.554
MERGE_EP task=VideoRepick idx=2 member=record_dataset_VideoRepick_easy/hdf5_files/VideoRepick_ep3_seed9300.h5 secs=2.330
MERGE_EP task=RouteStick idx=9 member=record_dataset_RouteStick_easy/hdf5_files/RouteStick_ep9_seed16900.h5 secs=0.824
MERGE_EP task=VideoUnmaskSwap idx=5 member=record_dataset_VideoUnmaskSwap_easy/hdf5_files/VideoUnmaskSwap_ep5_seed5500.h5 secs=1.516
MERGE_EP task=RouteStick idx=10 member=record_dataset_RouteStick_easy/hdf5_files/RouteStick_ep10_seed17000.h5 secs=0.542
MERGE_EP task=VideoUnmaskSwap idx=6 member=record_dataset_VideoUnmaskSwap_easy/hdf5_files/VideoUnmaskSwap_ep6_seed5600.h5 secs=0.648
MERGE_EP task=VideoRepick idx=3 member=record_dataset_VideoRepick_easy/hdf5_files/VideoRepick_ep4_seed9400.h5 secs=1.802
MERGE_EP task=RouteStick idx=11 member=record_dataset_RouteStick_easy/hdf5_files/RouteStick_ep11_seed17100.h5 secs=0.799
MERGE_EP task=VideoUnmaskSwap idx=7 member=record_dataset_VideoUnmaskSwap_easy/hdf5_files/VideoUnmaskSwap_ep7_seed5700.h5 secs=0.834
MERGE_EP task=RouteStick idx=12 member=record_dataset_RouteStick_easy/hdf5_files/RouteStick_ep12_seed17200.h5 secs=0.528
MERGE_EP task=BinFill idx=2 member=record_dataset_BinFill_easy/hdf5_files/BinFill_ep2_seed4200.h5 secs=3.900
MERGE_EP task=RouteStick idx=13 member=record_dataset_RouteStick_easy/hdf5_files/RouteStick_ep13_seed17300.h5 secs=0.790
MERGE_EP task=VideoUnmaskSwap idx=8 member=record_dataset_VideoUnmaskSwap_easy/hdf5_files/VideoUnmaskSwap_ep8_seed5800.h5 secs=1.233
MERGE_EP task=VideoRepick idx=4 member=record_dataset_VideoRepick_easy/hdf5_files/VideoRepick_ep5_seed9500.h5 secs=2.098
MERGE_EP task=RouteStick idx=14 member=record_dataset_RouteStick_easy/hdf5_files/RouteStick_ep14_seed17400.h5 secs=0.786
MERGE_EP task=VideoUnmaskSwap idx=9 member=record_dataset_VideoUnmaskSwap_easy/hdf5_files/VideoUnmaskSwap_ep9_seed5900.h5 secs=0.825
MERGE_EP task=RouteStick idx=15 member=record_dataset_RouteStick_easy/hdf5_files/RouteStick_ep15_seed17500.h5 secs=0.522
MERGE_EP task=BinFill idx=3 member=record_dataset_BinFill_easy/hdf5_files/BinFill_ep3_seed4300.h5 secs=1.680
MERGE_EP task=VideoUnmaskSwap idx=10 member=record_dataset_VideoUnmaskSwap_easy/hdf5_files/VideoUnmaskSwap_ep10_seed6000.h5 secs=0.676
MERGE_EP task=VideoRepick idx=5 member=record_dataset_VideoRepick_easy/hdf5_files/VideoRepick_ep6_seed9600.h5 secs=1.557
MERGE_EP task=RouteStick idx=16 member=record_dataset_RouteStick_easy/hdf5_files/RouteStick_ep16_seed17600.h5 secs=0.797
MERGE_EP task=VideoUnmaskSwap idx=11 member=record_dataset_VideoUnmaskSwap_easy/hdf5_files/VideoUnmaskSwap_ep11_seed6100.h5 secs=0.637
MERGE_EP task=RouteStick idx=17 member=record_dataset_RouteStick_easy/hdf5_files/RouteStick_ep17_seed17700.h5 secs=0.517
MERGE_EP task=VideoUnmaskSwap idx=12 member=record_dataset_VideoUnmaskSwap_easy/hdf5_files/VideoUnmaskSwap_ep12_seed6200.h5 secs=0.802
MERGE_EP task=BinFill idx=4 member=record_dataset_BinFill_easy/hdf5_files/BinFill_ep4_seed4400.h5 secs=1.819
MERGE_EP task=RouteStick idx=18 member=record_dataset_RouteStick_easy/hdf5_files/RouteStick_ep18_seed17800.h5 secs=0.775
MERGE_EP task=RouteStick idx=19 member=record_dataset_RouteStick_easy/hdf5_files/RouteStick_ep19_seed17900.h5 secs=0.521
MERGE_EP task=VideoUnmaskSwap idx=13 member=record_dataset_VideoUnmaskSwap_easy/hdf5_files/VideoUnmaskSwap_ep13_seed6300.h5 secs=1.088
MERGE_EP task=VideoRepick idx=6 member=record_dataset_VideoRepick_easy/hdf5_files/VideoRepick_ep7_seed9700.h5 secs=2.369
MERGE_EP task=RouteStick idx=20 member=record_dataset_RouteStick_easy/hdf5_files/RouteStick_ep20_seed18000.h5 secs=0.529
MERGE_EP task=RouteStick idx=21 member=record_dataset_RouteStick_easy/hdf5_files/RouteStick_ep21_seed18100.h5 secs=0.801
MERGE_EP task=VideoUnmaskSwap idx=14 member=record_dataset_VideoUnmaskSwap_easy/hdf5_files/VideoUnmaskSwap_ep14_seed6400.h5 secs=1.171
MERGE_EP task=RouteStick idx=22 member=record_dataset_RouteStick_easy/hdf5_files/RouteStick_ep22_seed18200.h5 secs=0.521
MERGE_EP task=VideoUnmaskSwap idx=15 member=record_dataset_VideoUnmaskSwap_easy/hdf5_files/VideoUnmaskSwap_ep15_seed6500.h5 secs=0.791
MERGE_EP task=RouteStick idx=23 member=record_dataset_RouteStick_easy/hdf5_files/RouteStick_ep23_seed18300.h5 secs=0.521
MERGE_EP task=VideoRepick idx=7 member=record_dataset_VideoRepick_easy/hdf5_files/VideoRepick_ep8_seed9800.h5 secs=2.223
MERGE_EP task=BinFill idx=5 member=record_dataset_BinFill_easy/hdf5_files/BinFill_ep5_seed4500.h5 secs=3.603
MERGE_EP task=RouteStick idx=24 member=record_dataset_RouteStick_easy/hdf5_files/RouteStick_ep24_seed18400.h5 secs=0.779
MERGE_EP task=VideoUnmaskSwap idx=16 member=record_dataset_VideoUnmaskSwap_easy/hdf5_files/VideoUnmaskSwap_ep16_seed6600.h5 secs=1.026
MERGE_EP task=RouteStick idx=25 member=record_dataset_RouteStick_easy/hdf5_files/RouteStick_ep25_seed18500.h5 secs=0.780
MERGE_EP task=VideoUnmaskSwap idx=17 member=record_dataset_VideoUnmaskSwap_easy/hdf5_files/VideoUnmaskSwap_ep17_seed6700.h5 secs=0.773
MERGE_EP task=RouteStick idx=26 member=record_dataset_RouteStick_easy/hdf5_files/RouteStick_ep26_seed18600.h5 secs=0.528
MERGE_EP task=VideoRepick idx=8 member=record_dataset_VideoRepick_easy/hdf5_files/VideoRepick_ep9_seed9900.h5 secs=2.167
MERGE_EP task=VideoUnmaskSwap idx=18 member=record_dataset_VideoUnmaskSwap_easy/hdf5_files/VideoUnmaskSwap_ep18_seed6800.h5 secs=1.042
MERGE_EP task=RouteStick idx=27 member=record_dataset_RouteStick_easy/hdf5_files/RouteStick_ep27_seed18700.h5 secs=0.776
MERGE_EP task=BinFill idx=6 member=record_dataset_BinFill_easy/hdf5_files/BinFill_ep6_seed4600.h5 secs=2.646
MERGE_EP task=RouteStick idx=28 member=record_dataset_RouteStick_easy/hdf5_files/RouteStick_ep28_seed18800.h5 secs=0.805
MERGE_EP task=VideoUnmaskSwap idx=19 member=record_dataset_VideoUnmaskSwap_easy/hdf5_files/VideoUnmaskSwap_ep19_seed6900.h5 secs=1.201
MERGE_EP task=VideoRepick idx=9 member=record_dataset_VideoRepick_easy/hdf5_files/VideoRepick_ep10_seed10000.h5 secs=1.406
MERGE_EP task=RouteStick idx=29 member=record_dataset_RouteStick_easy/hdf5_files/RouteStick_ep29_seed18900.h5 secs=0.541
MERGE_EP task=VideoUnmaskSwap idx=20 member=record_dataset_VideoUnmaskSwap_easy/hdf5_files/VideoUnmaskSwap_ep20_seed7000.h5 secs=1.075
MERGE_EP task=RouteStick idx=30 member=record_dataset_RouteStick_easy/hdf5_files/RouteStick_ep30_seed19000.h5 secs=0.813
MERGE_EP task=VideoRepick idx=10 member=record_dataset_VideoRepick_easy/hdf5_files/VideoRepick_ep11_seed10100.h5 secs=1.369
MERGE_EP task=RouteStick idx=31 member=record_dataset_RouteStick_easy/hdf5_files/RouteStick_ep31_seed19100.h5 secs=0.533
MERGE_EP task=VideoUnmaskSwap idx=21 member=record_dataset_VideoUnmaskSwap_easy/hdf5_files/VideoUnmaskSwap_ep21_seed7100.h5 secs=0.639
MERGE_EP task=BinFill idx=7 member=record_dataset_BinFill_easy/hdf5_files/BinFill_ep7_seed4700.h5 secs=2.587
MERGE_EP task=RouteStick idx=32 member=record_dataset_RouteStick_easy/hdf5_files/RouteStick_ep32_seed19200.h5 secs=0.528
MERGE_EP task=VideoUnmaskSwap idx=22 member=record_dataset_VideoUnmaskSwap_easy/hdf5_files/VideoUnmaskSwap_ep22_seed7200.h5 secs=0.830
MERGE_EP task=RouteStick idx=33 member=record_dataset_RouteStick_easy/hdf5_files/RouteStick_ep33_seed19300.h5 secs=0.800
MERGE_EP task=VideoUnmaskSwap idx=23 member=record_dataset_VideoUnmaskSwap_easy/hdf5_files/VideoUnmaskSwap_ep23_seed7300.h5 secs=0.680
MERGE_EP task=VideoRepick idx=11 member=record_dataset_VideoRepick_easy/hdf5_files/VideoRepick_ep12_seed10200.h5 secs=2.202
MERGE_EP task=RouteStick idx=34 member=record_dataset_RouteStick_easy/hdf5_files/RouteStick_ep34_seed19400.h5 secs=0.805
MERGE_EP task=VideoUnmaskSwap idx=24 member=record_dataset_VideoUnmaskSwap_easy/hdf5_files/VideoUnmaskSwap_ep24_seed7400.h5 secs=0.841
MERGE_EP task=RouteStick idx=35 member=record_dataset_RouteStick_easy/hdf5_files/RouteStick_ep35_seed19500.h5 secs=0.537
MERGE_EP task=BinFill idx=8 member=record_dataset_BinFill_easy/hdf5_files/BinFill_ep8_seed4800.h5 secs=2.547
MERGE_EP task=RouteStick idx=36 member=record_dataset_RouteStick_easy/hdf5_files/RouteStick_ep36_seed19600.h5 secs=0.545
MERGE_EP task=VideoUnmaskSwap idx=25 member=record_dataset_VideoUnmaskSwap_easy/hdf5_files/VideoUnmaskSwap_ep25_seed7500.h5 secs=1.182
MERGE_EP task=VideoRepick idx=12 member=record_dataset_VideoRepick_easy/hdf5_files/VideoRepick_ep13_seed10300.h5 secs=1.836
MERGE_EP task=RouteStick idx=37 member=record_dataset_RouteStick_easy/hdf5_files/RouteStick_ep37_seed19700.h5 secs=0.879
MERGE_EP task=VideoUnmaskSwap idx=26 member=record_dataset_VideoUnmaskSwap_easy/hdf5_files/VideoUnmaskSwap_ep26_seed7600.h5 secs=1.219
MERGE_EP task=RouteStick idx=38 member=record_dataset_RouteStick_easy/hdf5_files/RouteStick_ep38_seed19800.h5 secs=0.819
MERGE_EP task=RouteStick idx=39 member=record_dataset_RouteStick_easy/hdf5_files/RouteStick_ep39_seed19900.h5 secs=0.554
MERGE_EP task=VideoRepick idx=13 member=record_dataset_VideoRepick_easy/hdf5_files/VideoRepick_ep14_seed10400.h5 secs=2.119
MERGE_EP task=VideoUnmaskSwap idx=27 member=record_dataset_VideoUnmaskSwap_easy/hdf5_files/VideoUnmaskSwap_ep27_seed7700.h5 secs=1.225
MERGE_EP task=RouteStick idx=40 member=record_dataset_RouteStick_easy/hdf5_files/RouteStick_ep40_seed20000.h5 secs=0.811
MERGE_EP task=BinFill idx=9 member=record_dataset_BinFill_easy/hdf5_files/BinFill_ep9_seed4900.h5 secs=3.664
MERGE_EP task=VideoUnmaskSwap idx=28 member=record_dataset_VideoUnmaskSwap_easy/hdf5_files/VideoUnmaskSwap_ep28_seed7800.h5 secs=1.030
MERGE_EP task=RouteStick idx=41 member=record_dataset_RouteStick_easy/hdf5_files/RouteStick_ep41_seed20100.h5 secs=0.813
MERGE_EP task=RouteStick idx=42 member=record_dataset_RouteStick_easy/hdf5_files/RouteStick_ep42_seed20200.h5 secs=0.535
MERGE_EP task=VideoUnmaskSwap idx=29 member=record_dataset_VideoUnmaskSwap_easy/hdf5_files/VideoUnmaskSwap_ep29_seed7900.h5 secs=0.617
MERGE_EP task=VideoRepick idx=14 member=record_dataset_VideoRepick_easy/hdf5_files/VideoRepick_ep15_seed10500.h5 secs=2.072
MERGE_EP task=BinFill idx=10 member=record_dataset_BinFill_easy/hdf5_files/BinFill_ep11_seed5100.h5 secs=1.605
MERGE_EP task=RouteStick idx=43 member=record_dataset_RouteStick_easy/hdf5_files/RouteStick_ep43_seed20300.h5 secs=0.805
MERGE_EP task=VideoUnmaskSwap idx=30 member=record_dataset_VideoUnmaskSwap_easy/hdf5_files/VideoUnmaskSwap_ep30_seed8000.h5 secs=1.214
MERGE_EP task=RouteStick idx=44 member=record_dataset_RouteStick_easy/hdf5_files/RouteStick_ep44_seed20400.h5 secs=0.545
MERGE_EP task=RouteStick idx=45 member=record_dataset_RouteStick_easy/hdf5_files/RouteStick_ep45_seed20500.h5 secs=0.890
MERGE_EP task=VideoUnmaskSwap idx=31 member=record_dataset_VideoUnmaskSwap_easy/hdf5_files/VideoUnmaskSwap_ep31_seed8100.h5 secs=1.130
MERGE_EP task=BinFill idx=11 member=record_dataset_BinFill_easy/hdf5_files/BinFill_ep12_seed5200.h5 secs=2.230
MERGE_EP task=VideoRepick idx=15 member=record_dataset_VideoRepick_easy/hdf5_files/VideoRepick_ep16_seed10600.h5 secs=2.277
MERGE_EP task=RouteStick idx=46 member=record_dataset_RouteStick_easy/hdf5_files/RouteStick_ep46_seed20600.h5 secs=1.314
MERGE_EP task=VideoUnmaskSwap idx=32 member=record_dataset_VideoUnmaskSwap_easy/hdf5_files/VideoUnmaskSwap_ep32_seed8200.h5 secs=1.611
MERGE_EP task=RouteStick idx=47 member=record_dataset_RouteStick_easy/hdf5_files/RouteStick_ep47_seed20700.h5 secs=0.850
MERGE_EP task=VideoUnmaskSwap idx=33 member=record_dataset_VideoUnmaskSwap_easy/hdf5_files/VideoUnmaskSwap_ep33_seed8300.h5 secs=0.724
MERGE_EP task=RouteStick idx=48 member=record_dataset_RouteStick_easy/hdf5_files/RouteStick_ep48_seed20800.h5 secs=0.606
MERGE_EP task=VideoRepick idx=16 member=record_dataset_VideoRepick_easy/hdf5_files/VideoRepick_ep17_seed10700.h5 secs=2.582
MERGE_EP task=BinFill idx=12 member=record_dataset_BinFill_easy/hdf5_files/BinFill_ep13_seed5300.h5 secs=2.913
MERGE_EP task=VideoUnmaskSwap idx=34 member=record_dataset_VideoUnmaskSwap_easy/hdf5_files/VideoUnmaskSwap_ep34_seed8400.h5 secs=1.060
MERGE_EP task=RouteStick idx=49 member=record_dataset_RouteStick_easy/hdf5_files/RouteStick_ep49_seed20900.h5 secs=0.908
MERGE_EP task=RouteStick idx=50 member=record_dataset_RouteStick_easy/hdf5_files/RouteStick_ep50_seed21000.h5 secs=0.577
MERGE_EP task=VideoUnmaskSwap idx=35 member=record_dataset_VideoUnmaskSwap_easy/hdf5_files/VideoUnmaskSwap_ep35_seed8500.h5 secs=0.764
MERGE_EP task=VideoRepick idx=17 member=record_dataset_VideoRepick_easy/hdf5_files/VideoRepick_ep18_seed10800.h5 secs=1.787
MERGE_EP task=VideoUnmaskSwap idx=36 member=record_dataset_VideoUnmaskSwap_easy/hdf5_files/VideoUnmaskSwap_ep36_seed8600.h5 secs=0.652
MERGE_EP task=RouteStick idx=51 member=record_dataset_RouteStick_easy/hdf5_files/RouteStick_ep51_seed21100.h5 secs=0.869
MERGE_EP task=BinFill idx=13 member=record_dataset_BinFill_easy/hdf5_files/BinFill_ep14_seed5400.h5 secs=2.393
MERGE_EP task=RouteStick idx=52 member=record_dataset_RouteStick_easy/hdf5_files/RouteStick_ep52_seed21200.h5 secs=0.880
MERGE_EP task=VideoUnmaskSwap idx=37 member=record_dataset_VideoUnmaskSwap_easy/hdf5_files/VideoUnmaskSwap_ep37_seed8700.h5 secs=1.021
MERGE_EP task=VideoRepick idx=18 member=record_dataset_VideoRepick_easy/hdf5_files/VideoRepick_ep19_seed10900.h5 secs=1.583
MERGE_EP task=RouteStick idx=53 member=record_dataset_RouteStick_easy/hdf5_files/RouteStick_ep53_seed21300.h5 secs=0.585
MERGE_EP task=VideoUnmaskSwap idx=38 member=record_dataset_VideoUnmaskSwap_easy/hdf5_files/VideoUnmaskSwap_ep38_seed8800.h5 secs=0.822
MERGE_EP task=RouteStick idx=54 member=record_dataset_RouteStick_easy/hdf5_files/RouteStick_ep54_seed21400.h5 secs=0.609
MERGE_EP task=RouteStick idx=55 member=record_dataset_RouteStick_easy/hdf5_files/RouteStick_ep55_seed21500.h5 secs=0.613
MERGE_EP task=VideoUnmaskSwap idx=39 member=record_dataset_VideoUnmaskSwap_easy/hdf5_files/VideoUnmaskSwap_ep39_seed8900.h5 secs=1.256
MERGE_EP task=RouteStick idx=56 member=record_dataset_RouteStick_easy/hdf5_files/RouteStick_ep56_seed21600.h5 secs=0.894
MERGE_EP task=VideoRepick idx=19 member=record_dataset_VideoRepick_easy/hdf5_files/VideoRepick_ep20_seed11000.h5 secs=2.373
MERGE_EP task=VideoUnmaskSwap idx=40 member=record_dataset_VideoUnmaskSwap_easy/hdf5_files/VideoUnmaskSwap_ep40_seed9000.h5 secs=0.716
MERGE_EP task=BinFill idx=14 member=record_dataset_BinFill_easy/hdf5_files/BinFill_ep15_seed5500.h5 secs=3.271
MERGE_EP task=RouteStick idx=57 member=record_dataset_RouteStick_easy/hdf5_files/RouteStick_ep57_seed21700.h5 secs=0.590
MERGE_EP task=VideoUnmaskSwap idx=41 member=record_dataset_VideoUnmaskSwap_easy/hdf5_files/VideoUnmaskSwap_ep41_seed9100.h5 secs=0.811
MERGE_EP task=RouteStick idx=58 member=record_dataset_RouteStick_easy/hdf5_files/RouteStick_ep58_seed21800.h5 secs=0.914
MERGE_EP task=BinFill idx=15 member=record_dataset_BinFill_easy/hdf5_files/BinFill_ep16_seed5600.h5 secs=1.471
MERGE_EP task=VideoUnmaskSwap idx=42 member=record_dataset_VideoUnmaskSwap_easy/hdf5_files/VideoUnmaskSwap_ep42_seed9200.h5 secs=0.820
MERGE_EP task=VideoRepick idx=20 member=record_dataset_VideoRepick_easy/hdf5_files/VideoRepick_ep21_seed11100.h5 secs=2.149
MERGE_EP task=RouteStick idx=59 member=record_dataset_RouteStick_easy/hdf5_files/RouteStick_ep59_seed21900.h5 secs=0.893
MERGE_EP task=VideoUnmaskSwap idx=43 member=record_dataset_VideoUnmaskSwap_easy/hdf5_files/VideoUnmaskSwap_ep43_seed9300.h5 secs=1.087
MERGE_EP task=RouteStick idx=60 member=record_dataset_RouteStick_easy/hdf5_files/RouteStick_ep60_seed22000.h5 secs=0.597
MERGE_EP task=RouteStick idx=61 member=record_dataset_RouteStick_easy/hdf5_files/RouteStick_ep61_seed22100.h5 secs=0.842
MERGE_EP task=VideoUnmaskSwap idx=44 member=record_dataset_VideoUnmaskSwap_easy/hdf5_files/VideoUnmaskSwap_ep44_seed9400.h5 secs=1.273
MERGE_EP task=BinFill idx=16 member=record_dataset_BinFill_easy/hdf5_files/BinFill_ep17_seed5700.h5 secs=2.419
MERGE_EP task=VideoRepick idx=21 member=record_dataset_VideoRepick_easy/hdf5_files/VideoRepick_ep22_seed11200.h5 secs=2.190
MERGE_EP task=RouteStick idx=62 member=record_dataset_RouteStick_easy/hdf5_files/RouteStick_ep62_seed22200.h5 secs=0.833
MERGE_EP task=VideoUnmaskSwap idx=45 member=record_dataset_VideoUnmaskSwap_easy/hdf5_files/VideoUnmaskSwap_ep45_seed9500.h5 secs=1.075
MERGE_EP task=RouteStick idx=63 member=record_dataset_RouteStick_easy/hdf5_files/RouteStick_ep63_seed22300.h5 secs=0.807
MERGE_EP task=VideoUnmaskSwap idx=46 member=record_dataset_VideoUnmaskSwap_easy/hdf5_files/VideoUnmaskSwap_ep46_seed9600.h5 secs=0.797
MERGE_EP task=VideoRepick idx=22 member=record_dataset_VideoRepick_easy/hdf5_files/VideoRepick_ep23_seed11300.h5 secs=1.613
MERGE_EP task=RouteStick idx=64 member=record_dataset_RouteStick_easy/hdf5_files/RouteStick_ep64_seed22400.h5 secs=0.812
MERGE_EP task=VideoUnmaskSwap idx=47 member=record_dataset_VideoUnmaskSwap_easy/hdf5_files/VideoUnmaskSwap_ep47_seed9700.h5 secs=0.688
MERGE_EP task=RouteStick idx=65 member=record_dataset_RouteStick_easy/hdf5_files/RouteStick_ep65_seed22500.h5 secs=0.533
MERGE_EP task=BinFill idx=17 member=record_dataset_BinFill_easy/hdf5_files/BinFill_ep18_seed5800.h5 secs=2.825
MERGE_EP task=RouteStick idx=66 member=record_dataset_RouteStick_easy/hdf5_files/RouteStick_ep66_seed22600.h5 secs=0.805
MERGE_EP task=VideoUnmaskSwap idx=48 member=record_dataset_VideoUnmaskSwap_easy/hdf5_files/VideoUnmaskSwap_ep48_seed9800.h5 secs=1.222
MERGE_EP task=VideoRepick idx=23 member=record_dataset_VideoRepick_easy/hdf5_files/VideoRepick_ep24_seed11400.h5 secs=1.926
MERGE_EP task=RouteStick idx=67 member=record_dataset_RouteStick_easy/hdf5_files/RouteStick_ep67_seed22700.h5 secs=0.546
MERGE_EP task=BinFill idx=18 member=record_dataset_BinFill_easy/hdf5_files/BinFill_ep19_seed5900.h5 secs=1.567
MERGE_EP task=RouteStick idx=68 member=record_dataset_RouteStick_easy/hdf5_files/RouteStick_ep68_seed22800.h5 secs=0.600
MERGE_EP task=VideoUnmaskSwap idx=49 member=record_dataset_VideoUnmaskSwap_easy/hdf5_files/VideoUnmaskSwap_ep49_seed9900.h5 secs=1.057
MERGE_EP task=RouteStick idx=69 member=record_dataset_RouteStick_easy/hdf5_files/RouteStick_ep69_seed22900.h5 secs=0.539
MERGE_EP task=VideoRepick idx=24 member=record_dataset_VideoRepick_easy/hdf5_files/VideoRepick_ep25_seed11500.h5 secs=1.629
MERGE_EP task=VideoUnmaskSwap idx=50 member=record_dataset_VideoUnmaskSwap_easy/hdf5_files/VideoUnmaskSwap_ep50_seed10000.h5 secs=0.806
MERGE_EP task=RouteStick idx=70 member=record_dataset_RouteStick_easy/hdf5_files/RouteStick_ep70_seed23000.h5 secs=0.832
MERGE_EP task=VideoUnmaskSwap idx=51 member=record_dataset_VideoUnmaskSwap_easy/hdf5_files/VideoUnmaskSwap_ep51_seed10100.h5 secs=1.058
MERGE_EP task=RouteStick idx=71 member=record_dataset_RouteStick_easy/hdf5_files/RouteStick_ep71_seed23100.h5 secs=0.813
MERGE_EP task=VideoRepick idx=25 member=record_dataset_VideoRepick_easy/hdf5_files/VideoRepick_ep27_seed11700.h5 secs=1.627
MERGE_EP task=RouteStick idx=72 member=record_dataset_RouteStick_easy/hdf5_files/RouteStick_ep72_seed23200.h5 secs=0.544
MERGE_EP task=BinFill idx=19 member=record_dataset_BinFill_easy/hdf5_files/BinFill_ep20_seed6000.h5 secs=3.342
MERGE_EP task=RouteStick idx=73 member=record_dataset_RouteStick_easy/hdf5_files/RouteStick_ep73_seed23300.h5 secs=0.558
MERGE_EP task=VideoUnmaskSwap idx=52 member=record_dataset_VideoUnmaskSwap_easy/hdf5_files/VideoUnmaskSwap_ep52_seed10200.h5 secs=1.259
MERGE_EP task=RouteStick idx=74 member=record_dataset_RouteStick_easy/hdf5_files/RouteStick_ep74_seed23400.h5 secs=0.842
MERGE_EP task=VideoRepick idx=26 member=record_dataset_VideoRepick_easy/hdf5_files/VideoRepick_ep28_seed11800.h5 secs=2.006
MERGE_EP task=VideoUnmaskSwap idx=53 member=record_dataset_VideoUnmaskSwap_easy/hdf5_files/VideoUnmaskSwap_ep53_seed10300.h5 secs=1.184
MERGE_EP task=RouteStick idx=75 member=record_dataset_RouteStick_easy/hdf5_files/RouteStick_ep75_seed23500.h5 secs=0.541
MERGE_EP task=BinFill idx=20 member=record_dataset_BinFill_easy/hdf5_files/BinFill_ep21_seed6100.h5 secs=1.700
MERGE_EP task=RouteStick idx=76 member=record_dataset_RouteStick_easy/hdf5_files/RouteStick_ep76_seed23600.h5 secs=0.546
MERGE_EP task=VideoUnmaskSwap idx=54 member=record_dataset_VideoUnmaskSwap_easy/hdf5_files/VideoUnmaskSwap_ep54_seed10400.h5 secs=1.278
MERGE_EP task=RouteStick idx=77 member=record_dataset_RouteStick_easy/hdf5_files/RouteStick_ep77_seed23700.h5 secs=0.555
MERGE_EP task=VideoRepick idx=27 member=record_dataset_VideoRepick_easy/hdf5_files/VideoRepick_ep29_seed11900.h5 secs=1.603
MERGE_EP task=RouteStick idx=78 member=record_dataset_RouteStick_easy/hdf5_files/RouteStick_ep78_seed23800.h5 secs=0.815
MERGE_EP task=VideoUnmaskSwap idx=55 member=record_dataset_VideoUnmaskSwap_easy/hdf5_files/VideoUnmaskSwap_ep55_seed10500.h5 secs=1.167
MERGE_EP task=RouteStick idx=79 member=record_dataset_RouteStick_easy/hdf5_files/RouteStick_ep79_seed23900.h5 secs=0.838
MERGE_EP task=VideoUnmaskSwap idx=56 member=record_dataset_VideoUnmaskSwap_easy/hdf5_files/VideoUnmaskSwap_ep56_seed10600.h5 secs=0.661
MERGE_EP task=BinFill idx=21 member=record_dataset_BinFill_easy/hdf5_files/BinFill_ep22_seed6200.h5 secs=3.218
MERGE_EP task=VideoUnmaskSwap idx=57 member=record_dataset_VideoUnmaskSwap_easy/hdf5_files/VideoUnmaskSwap_ep57_seed10700.h5 secs=0.662
MERGE_EP task=RouteStick idx=80 member=record_dataset_RouteStick_easy/hdf5_files/RouteStick_ep80_seed24000.h5 secs=0.833
MERGE_EP task=VideoRepick idx=28 member=record_dataset_VideoRepick_easy/hdf5_files/VideoRepick_ep30_seed12000.h5 secs=2.445
MERGE_EP task=VideoUnmaskSwap idx=58 member=record_dataset_VideoUnmaskSwap_easy/hdf5_files/VideoUnmaskSwap_ep58_seed10800.h5 secs=0.678
MERGE_EP task=RouteStick idx=81 member=record_dataset_RouteStick_easy/hdf5_files/RouteStick_ep81_seed24100.h5 secs=0.834
MERGE_EP task=RouteStick idx=82 member=record_dataset_RouteStick_easy/hdf5_files/RouteStick_ep82_seed24200.h5 secs=0.563
MERGE_EP task=BinFill idx=22 member=record_dataset_BinFill_easy/hdf5_files/BinFill_ep23_seed6300.h5 secs=1.702
MERGE_EP task=VideoUnmaskSwap idx=59 member=record_dataset_VideoUnmaskSwap_easy/hdf5_files/VideoUnmaskSwap_ep59_seed10900.h5 secs=0.832
MERGE_EP task=VideoRepick idx=29 member=record_dataset_VideoRepick_easy/hdf5_files/VideoRepick_ep31_seed12100.h5 secs=1.585
MERGE_EP task=RouteStick idx=83 member=record_dataset_RouteStick_easy/hdf5_files/RouteStick_ep83_seed24300.h5 secs=0.878
MERGE_EP task=VideoUnmaskSwap idx=60 member=record_dataset_VideoUnmaskSwap_easy/hdf5_files/VideoUnmaskSwap_ep60_seed11000.h5 secs=1.086
MERGE_EP task=RouteStick idx=84 member=record_dataset_RouteStick_easy/hdf5_files/RouteStick_ep84_seed24400.h5 secs=0.546
MERGE_EP task=RouteStick idx=85 member=record_dataset_RouteStick_easy/hdf5_files/RouteStick_ep85_seed24500.h5 secs=0.552
MERGE_EP task=VideoUnmaskSwap idx=61 member=record_dataset_VideoUnmaskSwap_easy/hdf5_files/VideoUnmaskSwap_ep61_seed11100.h5 secs=1.160
MERGE_EP task=VideoRepick idx=30 member=record_dataset_VideoRepick_easy/hdf5_files/VideoRepick_ep32_seed12200.h5 secs=2.050
MERGE_EP task=BinFill idx=23 member=record_dataset_BinFill_easy/hdf5_files/BinFill_ep24_seed6400.h5 secs=2.526
MERGE_EP task=RouteStick idx=86 member=record_dataset_RouteStick_easy/hdf5_files/RouteStick_ep86_seed24600.h5 secs=0.912
MERGE_EP task=VideoUnmaskSwap idx=62 member=record_dataset_VideoUnmaskSwap_easy/hdf5_files/VideoUnmaskSwap_ep62_seed11200.h5 secs=0.715
MERGE_EP task=RouteStick idx=87 member=record_dataset_RouteStick_easy/hdf5_files/RouteStick_ep87_seed24700.h5 secs=0.581
MERGE_EP task=RouteStick idx=88 member=record_dataset_RouteStick_easy/hdf5_files/RouteStick_ep88_seed24800.h5 secs=0.562
MERGE_EP task=VideoUnmaskSwap idx=63 member=record_dataset_VideoUnmaskSwap_easy/hdf5_files/VideoUnmaskSwap_ep63_seed11300.h5 secs=1.262
MERGE_EP task=RouteStick idx=89 member=record_dataset_RouteStick_easy/hdf5_files/RouteStick_ep89_seed24900.h5 secs=0.834
MERGE_EP task=VideoRepick idx=31 member=record_dataset_VideoRepick_easy/hdf5_files/VideoRepick_ep33_seed12300.h5 secs=2.487
MERGE_EP task=RouteStick idx=90 member=record_dataset_RouteStick_easy/hdf5_files/RouteStick_ep90_seed25000.h5 secs=0.561
MERGE_EP task=VideoUnmaskSwap idx=64 member=record_dataset_VideoUnmaskSwap_easy/hdf5_files/VideoUnmaskSwap_ep64_seed11400.h5 secs=1.185
MERGE_EP task=BinFill idx=24 member=record_dataset_BinFill_easy/hdf5_files/BinFill_ep25_seed6500.h5 secs=4.091
MERGE_EP task=VideoUnmaskSwap idx=65 member=record_dataset_VideoUnmaskSwap_easy/hdf5_files/VideoUnmaskSwap_ep65_seed11500.h5 secs=1.186
MERGE_EP task=RouteStick idx=91 member=record_dataset_RouteStick_easy/hdf5_files/RouteStick_ep91_seed25100.h5 secs=1.287
MERGE_EP task=VideoRepick idx=32 member=record_dataset_VideoRepick_easy/hdf5_files/VideoRepick_ep34_seed12400.h5 secs=2.347
MERGE_EP task=RouteStick idx=92 member=record_dataset_RouteStick_easy/hdf5_files/RouteStick_ep92_seed25200.h5 secs=0.827
MERGE_EP task=VideoUnmaskSwap idx=66 member=record_dataset_VideoUnmaskSwap_easy/hdf5_files/VideoUnmaskSwap_ep66_seed11600.h5 secs=0.894
MERGE_EP task=VideoUnmaskSwap idx=67 member=record_dataset_VideoUnmaskSwap_easy/hdf5_files/VideoUnmaskSwap_ep67_seed11700.h5 secs=0.953
MERGE_EP task=RouteStick idx=93 member=record_dataset_RouteStick_easy/hdf5_files/RouteStick_ep93_seed25300.h5 secs=1.156
MERGE_EP task=VideoUnmaskSwap idx=68 member=record_dataset_VideoUnmaskSwap_easy/hdf5_files/VideoUnmaskSwap_ep68_seed11800.h5 secs=0.816
MERGE_EP task=RouteStick idx=94 member=record_dataset_RouteStick_easy/hdf5_files/RouteStick_ep94_seed25400.h5 secs=0.820
MERGE_EP task=BinFill idx=25 member=record_dataset_BinFill_easy/hdf5_files/BinFill_ep26_seed6600.h5 secs=3.220
MERGE_EP task=VideoRepick idx=33 member=record_dataset_VideoRepick_easy/hdf5_files/VideoRepick_ep35_seed12500.h5 secs=2.750
MERGE_EP task=RouteStick idx=95 member=record_dataset_RouteStick_easy/hdf5_files/RouteStick_ep95_seed25500.h5 secs=0.825
MERGE_EP task=VideoUnmaskSwap idx=69 member=record_dataset_VideoUnmaskSwap_easy/hdf5_files/VideoUnmaskSwap_ep69_seed11900.h5 secs=1.175
MERGE_EP task=RouteStick idx=96 member=record_dataset_RouteStick_easy/hdf5_files/RouteStick_ep96_seed25600.h5 secs=0.550
MERGE_EP task=BinFill idx=26 member=record_dataset_BinFill_easy/hdf5_files/BinFill_ep27_seed6700.h5 secs=1.498
MERGE_EP task=VideoUnmaskSwap idx=70 member=record_dataset_VideoUnmaskSwap_easy/hdf5_files/VideoUnmaskSwap_ep70_seed12000.h5 secs=1.052
MERGE_EP task=RouteStick idx=97 member=record_dataset_RouteStick_easy/hdf5_files/RouteStick_ep97_seed25700.h5 secs=0.859
MERGE_EP task=VideoRepick idx=34 member=record_dataset_VideoRepick_easy/hdf5_files/VideoRepick_ep36_seed12600.h5 secs=2.175
MERGE_EP task=RouteStick idx=98 member=record_dataset_RouteStick_easy/hdf5_files/RouteStick_ep98_seed25800.h5 secs=0.563
MERGE_EP task=VideoUnmaskSwap idx=71 member=record_dataset_VideoUnmaskSwap_easy/hdf5_files/VideoUnmaskSwap_ep71_seed12100.h5 secs=1.113
MERGE_EP task=RouteStick idx=99 member=record_dataset_RouteStick_easy/hdf5_files/RouteStick_ep99_seed25900.h5 secs=0.541
MERGE_EP task=VideoUnmaskSwap idx=72 member=record_dataset_VideoUnmaskSwap_easy/hdf5_files/VideoUnmaskSwap_ep72_seed12200.h5 secs=0.660
MERGE_EP task=VideoRepick idx=35 member=record_dataset_VideoRepick_easy/hdf5_files/VideoRepick_ep37_seed12700.h5 secs=1.874
MERGE_EP task=RouteStick idx=100 member=record_dataset_RouteStick_medium/hdf5_files/RouteStick_ep0_seed16000.h5 secs=1.305
MERGE_EP task=BinFill idx=27 member=record_dataset_BinFill_easy/hdf5_files/BinFill_ep28_seed6800.h5 secs=3.218
MERGE_EP task=VideoUnmaskSwap idx=73 member=record_dataset_VideoUnmaskSwap_easy/hdf5_files/VideoUnmaskSwap_ep73_seed12300.h5 secs=1.282
MERGE_EP task=VideoUnmaskSwap idx=74 member=record_dataset_VideoUnmaskSwap_easy/hdf5_files/VideoUnmaskSwap_ep74_seed12400.h5 secs=0.644
MERGE_EP task=RouteStick idx=101 member=record_dataset_RouteStick_medium/hdf5_files/RouteStick_ep1_seed16100.h5 secs=1.382
MERGE_EP task=VideoRepick idx=36 member=record_dataset_VideoRepick_easy/hdf5_files/VideoRepick_ep38_seed12800.h5 secs=1.791
MERGE_EP task=VideoUnmaskSwap idx=75 member=record_dataset_VideoUnmaskSwap_easy/hdf5_files/VideoUnmaskSwap_ep75_seed12500.h5 secs=0.790
MERGE_EP task=RouteStick idx=102 member=record_dataset_RouteStick_medium/hdf5_files/RouteStick_ep2_seed16200.h5 secs=1.421
MERGE_EP task=VideoUnmaskSwap idx=76 member=record_dataset_VideoUnmaskSwap_easy/hdf5_files/VideoUnmaskSwap_ep76_seed12600.h5 secs=1.291
MERGE_EP task=BinFill idx=28 member=record_dataset_BinFill_easy/hdf5_files/BinFill_ep29_seed6900.h5 secs=3.323
MERGE_EP task=VideoRepick idx=37 member=record_dataset_VideoRepick_easy/hdf5_files/VideoRepick_ep39_seed12900.h5 secs=2.166
MERGE_EP task=RouteStick idx=103 member=record_dataset_RouteStick_medium/hdf5_files/RouteStick_ep3_seed16300.h5 secs=1.165
MERGE_EP task=VideoUnmaskSwap idx=77 member=record_dataset_VideoUnmaskSwap_easy/hdf5_files/VideoUnmaskSwap_ep77_seed12700.h5 secs=1.220
MERGE_EP task=VideoUnmaskSwap idx=78 member=record_dataset_VideoUnmaskSwap_easy/hdf5_files/VideoUnmaskSwap_ep78_seed12800.h5 secs=0.654
MERGE_EP task=RouteStick idx=104 member=record_dataset_RouteStick_medium/hdf5_files/RouteStick_ep4_seed16400.h5 secs=1.138
MERGE_EP task=BinFill idx=29 member=record_dataset_BinFill_easy/hdf5_files/BinFill_ep30_seed7000.h5 secs=1.553
MERGE_EP task=VideoUnmaskSwap idx=79 member=record_dataset_VideoUnmaskSwap_easy/hdf5_files/VideoUnmaskSwap_ep79_seed12900.h5 secs=0.617
MERGE_EP task=VideoRepick idx=38 member=record_dataset_VideoRepick_easy/hdf5_files/VideoRepick_ep40_seed13000.h5 secs=2.246
MERGE_EP task=RouteStick idx=105 member=record_dataset_RouteStick_medium/hdf5_files/RouteStick_ep5_seed16500.h5 secs=1.247
MERGE_EP task=BinFill idx=30 member=record_dataset_BinFill_easy/hdf5_files/BinFill_ep31_seed7100.h5 secs=1.454
MERGE_EP task=VideoUnmaskSwap idx=80 member=record_dataset_VideoUnmaskSwap_easy/hdf5_files/VideoUnmaskSwap_ep80_seed13000.h5 secs=1.244
MERGE_EP task=VideoUnmaskSwap idx=81 member=record_dataset_VideoUnmaskSwap_easy/hdf5_files/VideoUnmaskSwap_ep81_seed13100.h5 secs=0.652
MERGE_EP task=VideoRepick idx=39 member=record_dataset_VideoRepick_easy/hdf5_files/VideoRepick_ep41_seed13100.h5 secs=1.620
MERGE_EP task=RouteStick idx=106 member=record_dataset_RouteStick_medium/hdf5_files/RouteStick_ep6_seed16600.h5 secs=1.447
MERGE_EP task=BinFill idx=31 member=record_dataset_BinFill_easy/hdf5_files/BinFill_ep32_seed7200.h5 secs=1.606
MERGE_EP task=VideoUnmaskSwap idx=82 member=record_dataset_VideoUnmaskSwap_easy/hdf5_files/VideoUnmaskSwap_ep82_seed13200.h5 secs=1.269
MERGE_EP task=RouteStick idx=107 member=record_dataset_RouteStick_medium/hdf5_files/RouteStick_ep7_seed16700.h5 secs=1.160
MERGE_EP task=VideoUnmaskSwap idx=83 member=record_dataset_VideoUnmaskSwap_easy/hdf5_files/VideoUnmaskSwap_ep83_seed13300.h5 secs=0.625
MERGE_EP task=VideoRepick idx=40 member=record_dataset_VideoRepick_easy/hdf5_files/VideoRepick_ep42_seed13200.h5 secs=1.874
MERGE_EP task=RouteStick idx=108 member=record_dataset_RouteStick_medium/hdf5_files/RouteStick_ep8_seed16800.h5 secs=1.100
MERGE_EP task=VideoUnmaskSwap idx=84 member=record_dataset_VideoUnmaskSwap_easy/hdf5_files/VideoUnmaskSwap_ep84_seed13400.h5 secs=1.277
MERGE_EP task=VideoUnmaskSwap idx=85 member=record_dataset_VideoUnmaskSwap_easy/hdf5_files/VideoUnmaskSwap_ep85_seed13500.h5 secs=0.620
MERGE_EP task=VideoRepick idx=41 member=record_dataset_VideoRepick_easy/hdf5_files/VideoRepick_ep43_seed13300.h5 secs=1.839
MERGE_EP task=RouteStick idx=109 member=record_dataset_RouteStick_medium/hdf5_files/RouteStick_ep9_seed16900.h5 secs=1.445
MERGE_EP task=BinFill idx=32 member=record_dataset_BinFill_easy/hdf5_files/BinFill_ep33_seed7300.h5 secs=3.330
MERGE_EP task=VideoUnmaskSwap idx=86 member=record_dataset_VideoUnmaskSwap_easy/hdf5_files/VideoUnmaskSwap_ep86_seed13600.h5 secs=1.058
MERGE_EP task=RouteStick idx=110 member=record_dataset_RouteStick_medium/hdf5_files/RouteStick_ep10_seed17000.h5 secs=1.471
MERGE_EP task=VideoUnmaskSwap idx=87 member=record_dataset_VideoUnmaskSwap_easy/hdf5_files/VideoUnmaskSwap_ep87_seed13700.h5 secs=0.787
MERGE_EP task=VideoRepick idx=42 member=record_dataset_VideoRepick_easy/hdf5_files/VideoRepick_ep44_seed13400.h5 secs=1.945
MERGE_EP task=VideoUnmaskSwap idx=88 member=record_dataset_VideoUnmaskSwap_easy/hdf5_files/VideoUnmaskSwap_ep88_seed13800.h5 secs=0.783
MERGE_EP task=BinFill idx=33 member=record_dataset_BinFill_easy/hdf5_files/BinFill_ep34_seed7400.h5 secs=2.511
MERGE_EP task=RouteStick idx=111 member=record_dataset_RouteStick_medium/hdf5_files/RouteStick_ep11_seed17100.h5 secs=1.447
MERGE_EP task=VideoRepick idx=43 member=record_dataset_VideoRepick_easy/hdf5_files/VideoRepick_ep45_seed13500.h5 secs=1.595
MERGE_EP task=VideoUnmaskSwap idx=89 member=record_dataset_VideoUnmaskSwap_easy/hdf5_files/VideoUnmaskSwap_ep89_seed13900.h5 secs=1.052
MERGE_EP task=VideoUnmaskSwap idx=90 member=record_dataset_VideoUnmaskSwap_easy/hdf5_files/VideoUnmaskSwap_ep90_seed14000.h5 secs=0.646
MERGE_EP task=RouteStick idx=112 member=record_dataset_RouteStick_medium/hdf5_files/RouteStick_ep12_seed17200.h5 secs=1.437
MERGE_EP task=VideoRepick idx=44 member=record_dataset_VideoRepick_easy/hdf5_files/VideoRepick_ep47_seed13700.h5 secs=1.447
MERGE_EP task=VideoUnmaskSwap idx=91 member=record_dataset_VideoUnmaskSwap_easy/hdf5_files/VideoUnmaskSwap_ep91_seed14100.h5 secs=1.195
MERGE_EP task=BinFill idx=34 member=record_dataset_BinFill_easy/hdf5_files/BinFill_ep35_seed7500.h5 secs=2.906
MERGE_EP task=RouteStick idx=113 member=record_dataset_RouteStick_medium/hdf5_files/RouteStick_ep13_seed17300.h5 secs=1.331
MERGE_EP task=VideoUnmaskSwap idx=92 member=record_dataset_VideoUnmaskSwap_easy/hdf5_files/VideoUnmaskSwap_ep92_seed14200.h5 secs=1.029
MERGE_EP task=VideoRepick idx=45 member=record_dataset_VideoRepick_easy/hdf5_files/VideoRepick_ep48_seed13800.h5 secs=1.559
MERGE_EP task=RouteStick idx=114 member=record_dataset_RouteStick_medium/hdf5_files/RouteStick_ep14_seed17400.h5 secs=1.115
MERGE_EP task=VideoUnmaskSwap idx=93 member=record_dataset_VideoUnmaskSwap_easy/hdf5_files/VideoUnmaskSwap_ep93_seed14300.h5 secs=0.665
MERGE_EP task=RouteStick idx=115 member=record_dataset_RouteStick_medium/hdf5_files/RouteStick_ep15_seed17500.h5 secs=1.141
MERGE_EP task=VideoUnmaskSwap idx=94 member=record_dataset_VideoUnmaskSwap_easy/hdf5_files/VideoUnmaskSwap_ep94_seed14400.h5 secs=0.995
MERGE_EP task=BinFill idx=35 member=record_dataset_BinFill_easy/hdf5_files/BinFill_ep36_seed7600.h5 secs=2.479
MERGE_EP task=VideoRepick idx=46 member=record_dataset_VideoRepick_easy/hdf5_files/VideoRepick_ep49_seed13900.h5 secs=2.124
MERGE_EP task=VideoUnmaskSwap idx=95 member=record_dataset_VideoUnmaskSwap_easy/hdf5_files/VideoUnmaskSwap_ep95_seed14500.h5 secs=0.835
MERGE_EP task=RouteStick idx=116 member=record_dataset_RouteStick_medium/hdf5_files/RouteStick_ep16_seed17600.h5 secs=1.124
MERGE_EP task=VideoUnmaskSwap idx=96 member=record_dataset_VideoUnmaskSwap_easy/hdf5_files/VideoUnmaskSwap_ep96_seed14600.h5 secs=0.661
MERGE_EP task=RouteStick idx=117 member=record_dataset_RouteStick_medium/hdf5_files/RouteStick_ep17_seed17700.h5 secs=1.061
MERGE_EP task=VideoUnmaskSwap idx=97 member=record_dataset_VideoUnmaskSwap_easy/hdf5_files/VideoUnmaskSwap_ep97_seed14700.h5 secs=0.817
MERGE_EP task=VideoRepick idx=47 member=record_dataset_VideoRepick_easy/hdf5_files/VideoRepick_ep50_seed14000.h5 secs=1.986
MERGE_EP task=BinFill idx=36 member=record_dataset_BinFill_easy/hdf5_files/BinFill_ep37_seed7700.h5 secs=2.761
MERGE_EP task=RouteStick idx=118 member=record_dataset_RouteStick_medium/hdf5_files/RouteStick_ep18_seed17800.h5 secs=1.467
MERGE_EP task=VideoUnmaskSwap idx=98 member=record_dataset_VideoUnmaskSwap_easy/hdf5_files/VideoUnmaskSwap_ep98_seed14800.h5 secs=1.216
MERGE_EP task=VideoRepick idx=48 member=record_dataset_VideoRepick_easy/hdf5_files/VideoRepick_ep51_seed14100.h5 secs=1.811
MERGE_EP task=RouteStick idx=119 member=record_dataset_RouteStick_medium/hdf5_files/RouteStick_ep19_seed17900.h5 secs=1.160
MERGE_EP task=VideoUnmaskSwap idx=99 member=record_dataset_VideoUnmaskSwap_easy/hdf5_files/VideoUnmaskSwap_ep99_seed14900.h5 secs=1.205
MERGE_EP task=BinFill idx=37 member=record_dataset_BinFill_easy/hdf5_files/BinFill_ep38_seed7800.h5 secs=2.666
MERGE_EP task=VideoUnmaskSwap idx=100 member=record_dataset_VideoUnmaskSwap_medium/hdf5_files/VideoUnmaskSwap_ep0_seed5000.h5 secs=0.813
MERGE_EP task=RouteStick idx=120 member=record_dataset_RouteStick_medium/hdf5_files/RouteStick_ep20_seed18000.h5 secs=1.180
MERGE_EP task=VideoRepick idx=49 member=record_dataset_VideoRepick_easy/hdf5_files/VideoRepick_ep52_seed14200.h5 secs=1.743
MERGE_EP task=VideoUnmaskSwap idx=101 member=record_dataset_VideoUnmaskSwap_medium/hdf5_files/VideoUnmaskSwap_ep1_seed5100.h5 secs=1.168
MERGE_EP task=RouteStick idx=121 member=record_dataset_RouteStick_medium/hdf5_files/RouteStick_ep21_seed18100.h5 secs=1.974
MERGE_EP task=VideoUnmaskSwap idx=102 member=record_dataset_VideoUnmaskSwap_medium/hdf5_files/VideoUnmaskSwap_ep2_seed5200.h5 secs=1.409
MERGE_EP task=BinFill idx=38 member=record_dataset_BinFill_easy/hdf5_files/BinFill_ep39_seed7900.h5 secs=3.310
MERGE_EP task=VideoRepick idx=50 member=record_dataset_VideoRepick_easy/hdf5_files/VideoRepick_ep53_seed14300.h5 secs=2.925
MERGE_EP task=VideoUnmaskSwap idx=103 member=record_dataset_VideoUnmaskSwap_medium/hdf5_files/VideoUnmaskSwap_ep3_seed5300.h5 secs=1.384
MERGE_EP task=RouteStick idx=122 member=record_dataset_RouteStick_medium/hdf5_files/RouteStick_ep22_seed18200.h5 secs=1.749
MERGE_EP task=VideoRepick idx=51 member=record_dataset_VideoRepick_easy/hdf5_files/VideoRepick_ep54_seed14400.h5 secs=1.515
MERGE_EP task=VideoUnmaskSwap idx=104 member=record_dataset_VideoUnmaskSwap_medium/hdf5_files/VideoUnmaskSwap_ep4_seed5400.h5 secs=1.037
MERGE_EP task=RouteStick idx=123 member=record_dataset_RouteStick_medium/hdf5_files/RouteStick_ep23_seed18300.h5 secs=1.067
MERGE_EP task=BinFill idx=39 member=record_dataset_BinFill_easy/hdf5_files/BinFill_ep40_seed8000.h5 secs=2.798
MERGE_EP task=VideoUnmaskSwap idx=105 member=record_dataset_VideoUnmaskSwap_medium/hdf5_files/VideoUnmaskSwap_ep5_seed5500.h5 secs=1.038
MERGE_EP task=RouteStick idx=124 member=record_dataset_RouteStick_medium/hdf5_files/RouteStick_ep24_seed18400.h5 secs=1.425
MERGE_EP task=VideoUnmaskSwap idx=106 member=record_dataset_VideoUnmaskSwap_medium/hdf5_files/VideoUnmaskSwap_ep6_seed5600.h5 secs=0.651
MERGE_EP task=VideoUnmaskSwap idx=107 member=record_dataset_VideoUnmaskSwap_medium/hdf5_files/VideoUnmaskSwap_ep7_seed5700.h5 secs=0.722
MERGE_EP task=BinFill idx=40 member=record_dataset_BinFill_easy/hdf5_files/BinFill_ep41_seed8100.h5 secs=1.434
MERGE_EP task=RouteStick idx=125 member=record_dataset_RouteStick_medium/hdf5_files/RouteStick_ep25_seed18500.h5 secs=1.123
MERGE_EP task=VideoRepick idx=52 member=record_dataset_VideoRepick_easy/hdf5_files/VideoRepick_ep55_seed14500.h5 secs=2.711
MERGE_EP task=VideoUnmaskSwap idx=108 member=record_dataset_VideoUnmaskSwap_medium/hdf5_files/VideoUnmaskSwap_ep8_seed5800.h5 secs=0.824
MERGE_EP task=RouteStick idx=126 member=record_dataset_RouteStick_medium/hdf5_files/RouteStick_ep26_seed18600.h5 secs=1.196
MERGE_EP task=VideoUnmaskSwap idx=109 member=record_dataset_VideoUnmaskSwap_medium/hdf5_files/VideoUnmaskSwap_ep9_seed5900.h5 secs=0.719
MERGE_EP task=VideoRepick idx=53 member=record_dataset_VideoRepick_easy/hdf5_files/VideoRepick_ep56_seed14600.h5 secs=1.530
MERGE_EP task=BinFill idx=41 member=record_dataset_BinFill_easy/hdf5_files/BinFill_ep42_seed8200.h5 secs=1.771
MERGE_EP task=VideoUnmaskSwap idx=110 member=record_dataset_VideoUnmaskSwap_medium/hdf5_files/VideoUnmaskSwap_ep10_seed6000.h5 secs=0.796
MERGE_EP task=RouteStick idx=127 member=record_dataset_RouteStick_medium/hdf5_files/RouteStick_ep27_seed18700.h5 secs=1.141
MERGE_EP task=VideoUnmaskSwap idx=111 member=record_dataset_VideoUnmaskSwap_medium/hdf5_files/VideoUnmaskSwap_ep11_seed6100.h5 secs=0.619
MERGE_EP task=VideoUnmaskSwap idx=112 member=record_dataset_VideoUnmaskSwap_medium/hdf5_files/VideoUnmaskSwap_ep12_seed6200.h5 secs=0.642
MERGE_EP task=RouteStick idx=128 member=record_dataset_RouteStick_medium/hdf5_files/RouteStick_ep28_seed18800.h5 secs=1.408
MERGE_EP task=VideoRepick idx=54 member=record_dataset_VideoRepick_easy/hdf5_files/VideoRepick_ep57_seed14700.h5 secs=2.289
MERGE_EP task=VideoUnmaskSwap idx=113 member=record_dataset_VideoUnmaskSwap_medium/hdf5_files/VideoUnmaskSwap_ep13_seed6300.h5 secs=0.811
MERGE_EP task=BinFill idx=42 member=record_dataset_BinFill_easy/hdf5_files/BinFill_ep43_seed8300.h5 secs=2.785
MERGE_EP task=VideoUnmaskSwap idx=114 member=record_dataset_VideoUnmaskSwap_medium/hdf5_files/VideoUnmaskSwap_ep14_seed6400.h5 secs=0.719
MERGE_EP task=RouteStick idx=129 member=record_dataset_RouteStick_medium/hdf5_files/RouteStick_ep29_seed18900.h5 secs=1.534
MERGE_EP task=VideoUnmaskSwap idx=115 member=record_dataset_VideoUnmaskSwap_medium/hdf5_files/VideoUnmaskSwap_ep15_seed6500.h5 secs=0.912
MERGE_EP task=VideoRepick idx=55 member=record_dataset_VideoRepick_easy/hdf5_files/VideoRepick_ep58_seed14800.h5 secs=2.471
MERGE_EP task=VideoUnmaskSwap idx=116 member=record_dataset_VideoUnmaskSwap_medium/hdf5_files/VideoUnmaskSwap_ep16_seed6600.h5 secs=0.883
MERGE_EP task=RouteStick idx=130 member=record_dataset_RouteStick_medium/hdf5_files/RouteStick_ep30_seed19000.h5 secs=1.514
MERGE_EP task=VideoUnmaskSwap idx=117 member=record_dataset_VideoUnmaskSwap_medium/hdf5_files/VideoUnmaskSwap_ep17_seed6700.h5 secs=0.835
MERGE_EP task=BinFill idx=43 member=record_dataset_BinFill_easy/hdf5_files/BinFill_ep44_seed8400.h5 secs=3.531
MERGE_EP task=VideoRepick idx=56 member=record_dataset_VideoRepick_easy/hdf5_files/VideoRepick_ep59_seed14900.h5 secs=1.671
MERGE_EP task=RouteStick idx=131 member=record_dataset_RouteStick_medium/hdf5_files/RouteStick_ep31_seed19100.h5 secs=1.261
MERGE_EP task=VideoUnmaskSwap idx=118 member=record_dataset_VideoUnmaskSwap_medium/hdf5_files/VideoUnmaskSwap_ep18_seed6800.h5 secs=0.686
MERGE_EP task=VideoUnmaskSwap idx=119 member=record_dataset_VideoUnmaskSwap_medium/hdf5_files/VideoUnmaskSwap_ep19_seed6900.h5 secs=0.713
MERGE_EP task=RouteStick idx=132 member=record_dataset_RouteStick_medium/hdf5_files/RouteStick_ep32_seed19200.h5 secs=1.130
MERGE_EP task=BinFill idx=44 member=record_dataset_BinFill_easy/hdf5_files/BinFill_ep45_seed8500.h5 secs=1.682
MERGE_EP task=VideoUnmaskSwap idx=120 member=record_dataset_VideoUnmaskSwap_medium/hdf5_files/VideoUnmaskSwap_ep20_seed7000.h5 secs=0.694
MERGE_EP task=VideoRepick idx=57 member=record_dataset_VideoRepick_easy/hdf5_files/VideoRepick_ep60_seed15000.h5 secs=1.708
MERGE_EP task=VideoUnmaskSwap idx=121 member=record_dataset_VideoUnmaskSwap_medium/hdf5_files/VideoUnmaskSwap_ep21_seed7100.h5 secs=0.864
MERGE_EP task=RouteStick idx=133 member=record_dataset_RouteStick_medium/hdf5_files/RouteStick_ep33_seed19300.h5 secs=1.360
MERGE_EP task=VideoUnmaskSwap idx=122 member=record_dataset_VideoUnmaskSwap_medium/hdf5_files/VideoUnmaskSwap_ep22_seed7200.h5 secs=0.818
MERGE_EP task=BinFill idx=45 member=record_dataset_BinFill_easy/hdf5_files/BinFill_ep46_seed8600.h5 secs=1.748
MERGE_EP task=RouteStick idx=134 member=record_dataset_RouteStick_medium/hdf5_files/RouteStick_ep34_seed19400.h5 secs=1.137
MERGE_EP task=VideoRepick idx=58 member=record_dataset_VideoRepick_easy/hdf5_files/VideoRepick_ep61_seed15100.h5 secs=2.009
MERGE_EP task=VideoUnmaskSwap idx=123 member=record_dataset_VideoUnmaskSwap_medium/hdf5_files/VideoUnmaskSwap_ep23_seed7300.h5 secs=0.835
MERGE_EP task=RouteStick idx=135 member=record_dataset_RouteStick_medium/hdf5_files/RouteStick_ep35_seed19500.h5 secs=1.080
MERGE_EP task=VideoUnmaskSwap idx=124 member=record_dataset_VideoUnmaskSwap_medium/hdf5_files/VideoUnmaskSwap_ep24_seed7400.h5 secs=0.809
MERGE_EP task=VideoUnmaskSwap idx=125 member=record_dataset_VideoUnmaskSwap_medium/hdf5_files/VideoUnmaskSwap_ep25_seed7500.h5 secs=0.651
MERGE_EP task=RouteStick idx=136 member=record_dataset_RouteStick_medium/hdf5_files/RouteStick_ep36_seed19600.h5 secs=1.165
MERGE_EP task=VideoRepick idx=59 member=record_dataset_VideoRepick_easy/hdf5_files/VideoRepick_ep62_seed15200.h5 secs=2.427
MERGE_EP task=VideoUnmaskSwap idx=126 member=record_dataset_VideoUnmaskSwap_medium/hdf5_files/VideoUnmaskSwap_ep26_seed7600.h5 secs=0.678
MERGE_EP task=VideoUnmaskSwap idx=127 member=record_dataset_VideoUnmaskSwap_medium/hdf5_files/VideoUnmaskSwap_ep27_seed7700.h5 secs=0.741
MERGE_EP task=RouteStick idx=137 member=record_dataset_RouteStick_medium/hdf5_files/RouteStick_ep37_seed19700.h5 secs=1.360
MERGE_EP task=BinFill idx=46 member=record_dataset_BinFill_easy/hdf5_files/BinFill_ep47_seed8700.h5 secs=4.152
MERGE_EP task=VideoRepick idx=60 member=record_dataset_VideoRepick_easy/hdf5_files/VideoRepick_ep63_seed15300.h5 secs=1.684
MERGE_EP task=VideoUnmaskSwap idx=128 member=record_dataset_VideoUnmaskSwap_medium/hdf5_files/VideoUnmaskSwap_ep28_seed7800.h5 secs=0.836
MERGE_EP task=VideoUnmaskSwap idx=129 member=record_dataset_VideoUnmaskSwap_medium/hdf5_files/VideoUnmaskSwap_ep29_seed7900.h5 secs=0.676
MERGE_EP task=RouteStick idx=138 member=record_dataset_RouteStick_medium/hdf5_files/RouteStick_ep38_seed19800.h5 secs=1.572
MERGE_EP task=VideoUnmaskSwap idx=130 member=record_dataset_VideoUnmaskSwap_medium/hdf5_files/VideoUnmaskSwap_ep30_seed8000.h5 secs=0.845
MERGE_EP task=VideoRepick idx=61 member=record_dataset_VideoRepick_easy/hdf5_files/VideoRepick_ep64_seed15400.h5 secs=1.983
MERGE_EP task=VideoUnmaskSwap idx=131 member=record_dataset_VideoUnmaskSwap_medium/hdf5_files/VideoUnmaskSwap_ep31_seed8100.h5 secs=0.668
MERGE_EP task=RouteStick idx=139 member=record_dataset_RouteStick_medium/hdf5_files/RouteStick_ep39_seed19900.h5 secs=1.382
MERGE_EP task=BinFill idx=47 member=record_dataset_BinFill_easy/hdf5_files/BinFill_ep48_seed8800.h5 secs=3.355
MERGE_EP task=VideoUnmaskSwap idx=132 member=record_dataset_VideoUnmaskSwap_medium/hdf5_files/VideoUnmaskSwap_ep32_seed8200.h5 secs=0.831
MERGE_EP task=VideoRepick idx=62 member=record_dataset_VideoRepick_easy/hdf5_files/VideoRepick_ep65_seed15500.h5 secs=1.739
MERGE_EP task=RouteStick idx=140 member=record_dataset_RouteStick_medium/hdf5_files/RouteStick_ep40_seed20000.h5 secs=1.364
MERGE_EP task=VideoUnmaskSwap idx=133 member=record_dataset_VideoUnmaskSwap_medium/hdf5_files/VideoUnmaskSwap_ep33_seed8300.h5 secs=0.856
MERGE_EP task=BinFill idx=48 member=record_dataset_BinFill_easy/hdf5_files/BinFill_ep49_seed8900.h5 secs=1.510
MERGE_EP task=VideoUnmaskSwap idx=134 member=record_dataset_VideoUnmaskSwap_medium/hdf5_files/VideoUnmaskSwap_ep34_seed8400.h5 secs=0.832
MERGE_EP task=RouteStick idx=141 member=record_dataset_RouteStick_medium/hdf5_files/RouteStick_ep41_seed20100.h5 secs=1.083
MERGE_EP task=VideoRepick idx=63 member=record_dataset_VideoRepick_easy/hdf5_files/VideoRepick_ep66_seed15600.h5 secs=1.797
MERGE_EP task=VideoUnmaskSwap idx=135 member=record_dataset_VideoUnmaskSwap_medium/hdf5_files/VideoUnmaskSwap_ep35_seed8500.h5 secs=0.866
MERGE_EP task=RouteStick idx=142 member=record_dataset_RouteStick_medium/hdf5_files/RouteStick_ep42_seed20200.h5 secs=1.398
MERGE_EP task=VideoUnmaskSwap idx=136 member=record_dataset_VideoUnmaskSwap_medium/hdf5_files/VideoUnmaskSwap_ep36_seed8600.h5 secs=0.681
MERGE_EP task=VideoUnmaskSwap idx=137 member=record_dataset_VideoUnmaskSwap_medium/hdf5_files/VideoUnmaskSwap_ep37_seed8700.h5 secs=0.718
MERGE_EP task=BinFill idx=49 member=record_dataset_BinFill_easy/hdf5_files/BinFill_ep50_seed9000.h5 secs=2.716
MERGE_EP task=VideoRepick idx=64 member=record_dataset_VideoRepick_easy/hdf5_files/VideoRepick_ep67_seed15700.h5 secs=2.061
MERGE_EP task=RouteStick idx=143 member=record_dataset_RouteStick_medium/hdf5_files/RouteStick_ep43_seed20300.h5 secs=1.407
MERGE_EP task=VideoUnmaskSwap idx=138 member=record_dataset_VideoUnmaskSwap_medium/hdf5_files/VideoUnmaskSwap_ep38_seed8800.h5 secs=0.702
MERGE_EP task=VideoUnmaskSwap idx=139 member=record_dataset_VideoUnmaskSwap_medium/hdf5_files/VideoUnmaskSwap_ep39_seed8900.h5 secs=0.655
MERGE_EP task=RouteStick idx=144 member=record_dataset_RouteStick_medium/hdf5_files/RouteStick_ep44_seed20400.h5 secs=1.154
MERGE_EP task=BinFill idx=50 member=record_dataset_BinFill_easy/hdf5_files/BinFill_ep51_seed9100.h5 secs=1.719
MERGE_EP task=VideoUnmaskSwap idx=140 member=record_dataset_VideoUnmaskSwap_medium/hdf5_files/VideoUnmaskSwap_ep40_seed9000.h5 secs=0.624
MERGE_EP task=VideoRepick idx=65 member=record_dataset_VideoRepick_easy/hdf5_files/VideoRepick_ep68_seed15800.h5 secs=2.063
MERGE_EP task=VideoUnmaskSwap idx=141 member=record_dataset_VideoUnmaskSwap_medium/hdf5_files/VideoUnmaskSwap_ep41_seed9100.h5 secs=0.846
MERGE_EP task=RouteStick idx=145 member=record_dataset_RouteStick_medium/hdf5_files/RouteStick_ep45_seed20500.h5 secs=1.524
MERGE_EP task=VideoUnmaskSwap idx=142 member=record_dataset_VideoUnmaskSwap_medium/hdf5_files/VideoUnmaskSwap_ep42_seed9200.h5 secs=0.708
MERGE_EP task=VideoUnmaskSwap idx=143 member=record_dataset_VideoUnmaskSwap_medium/hdf5_files/VideoUnmaskSwap_ep43_seed9300.h5 secs=1.138
MERGE_EP task=RouteStick idx=146 member=record_dataset_RouteStick_medium/hdf5_files/RouteStick_ep46_seed20600.h5 secs=1.654
MERGE_EP task=BinFill idx=51 member=record_dataset_BinFill_easy/hdf5_files/BinFill_ep52_seed9200.h5 secs=3.350
MERGE_EP task=VideoUnmaskSwap idx=144 member=record_dataset_VideoUnmaskSwap_medium/hdf5_files/VideoUnmaskSwap_ep44_seed9400.h5 secs=0.934
MERGE_EP task=VideoRepick idx=66 member=record_dataset_VideoRepick_easy/hdf5_files/VideoRepick_ep69_seed15900.h5 secs=3.108
MERGE_EP task=VideoUnmaskSwap idx=145 member=record_dataset_VideoUnmaskSwap_medium/hdf5_files/VideoUnmaskSwap_ep45_seed9500.h5 secs=1.036
MERGE_EP task=RouteStick idx=147 member=record_dataset_RouteStick_medium/hdf5_files/RouteStick_ep47_seed20700.h5 secs=2.135
MERGE_EP task=VideoUnmaskSwap idx=146 member=record_dataset_VideoUnmaskSwap_medium/hdf5_files/VideoUnmaskSwap_ep46_seed9600.h5 secs=0.733
MERGE_EP task=VideoRepick idx=67 member=record_dataset_VideoRepick_easy/hdf5_files/VideoRepick_ep70_seed16000.h5 secs=1.783
MERGE_EP task=BinFill idx=52 member=record_dataset_BinFill_easy/hdf5_files/BinFill_ep53_seed9300.h5 secs=2.891
MERGE_EP task=VideoUnmaskSwap idx=147 member=record_dataset_VideoUnmaskSwap_medium/hdf5_files/VideoUnmaskSwap_ep47_seed9700.h5 secs=0.885
MERGE_EP task=RouteStick idx=148 member=record_dataset_RouteStick_medium/hdf5_files/RouteStick_ep48_seed20800.h5 secs=1.135
MERGE_EP task=VideoUnmaskSwap idx=148 member=record_dataset_VideoUnmaskSwap_medium/hdf5_files/VideoUnmaskSwap_ep48_seed9800.h5 secs=0.889
MERGE_EP task=VideoRepick idx=68 member=record_dataset_VideoRepick_easy/hdf5_files/VideoRepick_ep71_seed16100.h5 secs=1.778
MERGE_EP task=RouteStick idx=149 member=record_dataset_RouteStick_medium/hdf5_files/RouteStick_ep49_seed20900.h5 secs=1.124
MERGE_EP task=VideoUnmaskSwap idx=149 member=record_dataset_VideoUnmaskSwap_medium/hdf5_files/VideoUnmaskSwap_ep49_seed9900.h5 secs=0.835
MERGE_EP task=BinFill idx=53 member=record_dataset_BinFill_easy/hdf5_files/BinFill_ep54_seed9400.h5 secs=1.869
MERGE_EP task=VideoUnmaskSwap idx=150 member=record_dataset_VideoUnmaskSwap_medium/hdf5_files/VideoUnmaskSwap_ep50_seed10000.h5 secs=0.811
MERGE_EP task=RouteStick idx=150 member=record_dataset_RouteStick_medium/hdf5_files/RouteStick_ep50_seed21000.h5 secs=1.423
MERGE_EP task=VideoRepick idx=69 member=record_dataset_VideoRepick_easy/hdf5_files/VideoRepick_ep72_seed16200.h5 secs=1.568
MERGE_EP task=VideoUnmaskSwap idx=151 member=record_dataset_VideoUnmaskSwap_medium/hdf5_files/VideoUnmaskSwap_ep51_seed10100.h5 secs=0.761
MERGE_EP task=VideoUnmaskSwap idx=152 member=record_dataset_VideoUnmaskSwap_medium/hdf5_files/VideoUnmaskSwap_ep52_seed10200.h5 secs=0.676
MERGE_EP task=RouteStick idx=151 member=record_dataset_RouteStick_medium/hdf5_files/RouteStick_ep51_seed21100.h5 secs=1.453
MERGE_EP task=VideoRepick idx=70 member=record_dataset_VideoRepick_easy/hdf5_files/VideoRepick_ep73_seed16300.h5 secs=1.567
MERGE_EP task=VideoUnmaskSwap idx=153 member=record_dataset_VideoUnmaskSwap_medium/hdf5_files/VideoUnmaskSwap_ep53_seed10300.h5 secs=0.668
MERGE_EP task=BinFill idx=54 member=record_dataset_BinFill_easy/hdf5_files/BinFill_ep55_seed9500.h5 secs=3.418
MERGE_EP task=VideoUnmaskSwap idx=154 member=record_dataset_VideoUnmaskSwap_medium/hdf5_files/VideoUnmaskSwap_ep54_seed10400.h5 secs=0.712
MERGE_EP task=RouteStick idx=152 member=record_dataset_RouteStick_medium/hdf5_files/RouteStick_ep52_seed21200.h5 secs=1.366
MERGE_EP task=VideoUnmaskSwap idx=155 member=record_dataset_VideoUnmaskSwap_medium/hdf5_files/VideoUnmaskSwap_ep55_seed10500.h5 secs=0.695
MERGE_EP task=RouteStick idx=153 member=record_dataset_RouteStick_medium/hdf5_files/RouteStick_ep53_seed21300.h5 secs=1.068
MERGE_EP task=VideoRepick idx=71 member=record_dataset_VideoRepick_easy/hdf5_files/VideoRepick_ep74_seed16400.h5 secs=2.705
MERGE_EP task=VideoUnmaskSwap idx=156 member=record_dataset_VideoUnmaskSwap_medium/hdf5_files/VideoUnmaskSwap_ep56_seed10600.h5 secs=0.825
MERGE_EP task=VideoUnmaskSwap idx=157 member=record_dataset_VideoUnmaskSwap_medium/hdf5_files/VideoUnmaskSwap_ep57_seed10700.h5 secs=0.656
MERGE_EP task=RouteStick idx=154 member=record_dataset_RouteStick_medium/hdf5_files/RouteStick_ep54_seed21400.h5 secs=1.322
MERGE_EP task=VideoUnmaskSwap idx=158 member=record_dataset_VideoUnmaskSwap_medium/hdf5_files/VideoUnmaskSwap_ep58_seed10800.h5 secs=0.804
MERGE_EP task=RouteStick idx=155 member=record_dataset_RouteStick_medium/hdf5_files/RouteStick_ep55_seed21500.h5 secs=1.060
MERGE_EP task=BinFill idx=55 member=record_dataset_BinFill_easy/hdf5_files/BinFill_ep56_seed9600.h5 secs=3.804
MERGE_EP task=VideoRepick idx=72 member=record_dataset_VideoRepick_easy/hdf5_files/VideoRepick_ep75_seed16500.h5 secs=2.242
MERGE_EP task=VideoUnmaskSwap idx=159 member=record_dataset_VideoUnmaskSwap_medium/hdf5_files/VideoUnmaskSwap_ep59_seed10900.h5 secs=0.849
MERGE_EP task=RouteStick idx=156 member=record_dataset_RouteStick_medium/hdf5_files/RouteStick_ep56_seed21600.h5 secs=1.053
MERGE_EP task=VideoUnmaskSwap idx=160 member=record_dataset_VideoUnmaskSwap_medium/hdf5_files/VideoUnmaskSwap_ep60_seed11000.h5 secs=0.804
MERGE_EP task=VideoUnmaskSwap idx=161 member=record_dataset_VideoUnmaskSwap_medium/hdf5_files/VideoUnmaskSwap_ep61_seed11100.h5 secs=0.863
MERGE_EP task=RouteStick idx=157 member=record_dataset_RouteStick_medium/hdf5_files/RouteStick_ep57_seed21700.h5 secs=1.328
MERGE_EP task=VideoRepick idx=73 member=record_dataset_VideoRepick_easy/hdf5_files/VideoRepick_ep76_seed16600.h5 secs=2.155
MERGE_EP task=VideoUnmaskSwap idx=162 member=record_dataset_VideoUnmaskSwap_medium/hdf5_files/VideoUnmaskSwap_ep62_seed11200.h5 secs=0.662
MERGE_EP task=RouteStick idx=158 member=record_dataset_RouteStick_medium/hdf5_files/RouteStick_ep58_seed21800.h5 secs=1.075
MERGE_EP task=VideoUnmaskSwap idx=163 member=record_dataset_VideoUnmaskSwap_medium/hdf5_files/VideoUnmaskSwap_ep63_seed11300.h5 secs=0.851
MERGE_EP task=BinFill idx=56 member=record_dataset_BinFill_easy/hdf5_files/BinFill_ep57_seed9700.h5 secs=3.998
MERGE_EP task=VideoUnmaskSwap idx=164 member=record_dataset_VideoUnmaskSwap_medium/hdf5_files/VideoUnmaskSwap_ep64_seed11400.h5 secs=0.696
MERGE_EP task=VideoRepick idx=74 member=record_dataset_VideoRepick_easy/hdf5_files/VideoRepick_ep77_seed16700.h5 secs=1.919
MERGE_EP task=RouteStick idx=159 member=record_dataset_RouteStick_medium/hdf5_files/RouteStick_ep59_seed21900.h5 secs=1.093
MERGE_EP task=VideoUnmaskSwap idx=165 member=record_dataset_VideoUnmaskSwap_medium/hdf5_files/VideoUnmaskSwap_ep65_seed11500.h5 secs=0.859
MERGE_EP task=RouteStick idx=160 member=record_dataset_RouteStick_medium/hdf5_files/RouteStick_ep60_seed22000.h5 secs=1.149
MERGE_EP task=BinFill idx=57 member=record_dataset_BinFill_easy/hdf5_files/BinFill_ep58_seed9800.h5 secs=1.769
MERGE_EP task=VideoUnmaskSwap idx=166 member=record_dataset_VideoUnmaskSwap_medium/hdf5_files/VideoUnmaskSwap_ep66_seed11600.h5 secs=0.909
MERGE_EP task=VideoRepick idx=75 member=record_dataset_VideoRepick_easy/hdf5_files/VideoRepick_ep78_seed16800.h5 secs=1.802
MERGE_EP task=VideoUnmaskSwap idx=167 member=record_dataset_VideoUnmaskSwap_medium/hdf5_files/VideoUnmaskSwap_ep67_seed11700.h5 secs=0.644
MERGE_EP task=RouteStick idx=161 member=record_dataset_RouteStick_medium/hdf5_files/RouteStick_ep61_seed22100.h5 secs=1.069
MERGE_EP task=VideoUnmaskSwap idx=168 member=record_dataset_VideoUnmaskSwap_medium/hdf5_files/VideoUnmaskSwap_ep68_seed11800.h5 secs=0.635
MERGE_EP task=BinFill idx=58 member=record_dataset_BinFill_easy/hdf5_files/BinFill_ep59_seed9900.h5 secs=1.710
MERGE_EP task=RouteStick idx=162 member=record_dataset_RouteStick_medium/hdf5_files/RouteStick_ep62_seed22200.h5 secs=1.088
MERGE_EP task=VideoRepick idx=76 member=record_dataset_VideoRepick_easy/hdf5_files/VideoRepick_ep79_seed16900.h5 secs=1.716
MERGE_EP task=VideoUnmaskSwap idx=169 member=record_dataset_VideoUnmaskSwap_medium/hdf5_files/VideoUnmaskSwap_ep69_seed11900.h5 secs=0.649
MERGE_EP task=VideoUnmaskSwap idx=170 member=record_dataset_VideoUnmaskSwap_medium/hdf5_files/VideoUnmaskSwap_ep70_seed12000.h5 secs=0.835
MERGE_EP task=RouteStick idx=163 member=record_dataset_RouteStick_medium/hdf5_files/RouteStick_ep63_seed22300.h5 secs=1.329
MERGE_EP task=VideoUnmaskSwap idx=171 member=record_dataset_VideoUnmaskSwap_medium/hdf5_files/VideoUnmaskSwap_ep71_seed12100.h5 secs=0.786
MERGE_EP task=BinFill idx=59 member=record_dataset_BinFill_easy/hdf5_files/BinFill_ep60_seed10000.h5 secs=2.499
MERGE_EP task=VideoRepick idx=77 member=record_dataset_VideoRepick_easy/hdf5_files/VideoRepick_ep80_seed17000.h5 secs=2.292
MERGE_EP task=VideoUnmaskSwap idx=172 member=record_dataset_VideoUnmaskSwap_medium/hdf5_files/VideoUnmaskSwap_ep72_seed12200.h5 secs=0.652
MERGE_EP task=RouteStick idx=164 member=record_dataset_RouteStick_medium/hdf5_files/RouteStick_ep64_seed22400.h5 secs=1.367
MERGE_EP task=VideoUnmaskSwap idx=173 member=record_dataset_VideoUnmaskSwap_medium/hdf5_files/VideoUnmaskSwap_ep73_seed12300.h5 secs=0.846
MERGE_EP task=VideoUnmaskSwap idx=174 member=record_dataset_VideoUnmaskSwap_medium/hdf5_files/VideoUnmaskSwap_ep74_seed12400.h5 secs=0.710
MERGE_EP task=RouteStick idx=165 member=record_dataset_RouteStick_medium/hdf5_files/RouteStick_ep65_seed22500.h5 secs=1.328
MERGE_EP task=VideoRepick idx=78 member=record_dataset_VideoRepick_easy/hdf5_files/VideoRepick_ep81_seed17100.h5 secs=2.087
MERGE_EP task=VideoUnmaskSwap idx=175 member=record_dataset_VideoUnmaskSwap_medium/hdf5_files/VideoUnmaskSwap_ep75_seed12500.h5 secs=0.669
MERGE_EP task=BinFill idx=60 member=record_dataset_BinFill_easy/hdf5_files/BinFill_ep61_seed10100.h5 secs=2.562
MERGE_EP task=RouteStick idx=166 member=record_dataset_RouteStick_medium/hdf5_files/RouteStick_ep66_seed22600.h5 secs=1.080
MERGE_EP task=VideoUnmaskSwap idx=176 member=record_dataset_VideoUnmaskSwap_medium/hdf5_files/VideoUnmaskSwap_ep76_seed12600.h5 secs=0.832
MERGE_EP task=VideoUnmaskSwap idx=177 member=record_dataset_VideoUnmaskSwap_medium/hdf5_files/VideoUnmaskSwap_ep77_seed12700.h5 secs=0.707
MERGE_EP task=VideoRepick idx=79 member=record_dataset_VideoRepick_easy/hdf5_files/VideoRepick_ep82_seed17200.h5 secs=1.985
MERGE_EP task=RouteStick idx=167 member=record_dataset_RouteStick_medium/hdf5_files/RouteStick_ep67_seed22700.h5 secs=1.332
MERGE_EP task=VideoUnmaskSwap idx=178 member=record_dataset_VideoUnmaskSwap_medium/hdf5_files/VideoUnmaskSwap_ep78_seed12800.h5 secs=0.861
MERGE_EP task=VideoUnmaskSwap idx=179 member=record_dataset_VideoUnmaskSwap_medium/hdf5_files/VideoUnmaskSwap_ep79_seed12900.h5 secs=0.703
MERGE_EP task=RouteStick idx=168 member=record_dataset_RouteStick_medium/hdf5_files/RouteStick_ep68_seed22800.h5 secs=1.339
MERGE_EP task=VideoUnmaskSwap idx=180 member=record_dataset_VideoUnmaskSwap_medium/hdf5_files/VideoUnmaskSwap_ep80_seed13000.h5 secs=0.833
MERGE_EP task=RouteStick idx=169 member=record_dataset_RouteStick_medium/hdf5_files/RouteStick_ep69_seed22900.h5 secs=1.076
MERGE_EP task=BinFill idx=61 member=record_dataset_BinFill_easy/hdf5_files/BinFill_ep62_seed10200.h5 secs=3.986
MERGE_EP task=VideoRepick idx=80 member=record_dataset_VideoRepick_easy/hdf5_files/VideoRepick_ep83_seed17300.h5 secs=2.557
MERGE_EP task=VideoUnmaskSwap idx=181 member=record_dataset_VideoUnmaskSwap_medium/hdf5_files/VideoUnmaskSwap_ep81_seed13100.h5 secs=0.642
MERGE_EP task=VideoUnmaskSwap idx=182 member=record_dataset_VideoUnmaskSwap_medium/hdf5_files/VideoUnmaskSwap_ep82_seed13200.h5 secs=0.674
MERGE_EP task=RouteStick idx=170 member=record_dataset_RouteStick_medium/hdf5_files/RouteStick_ep70_seed23000.h5 secs=1.312
MERGE_EP task=VideoUnmaskSwap idx=183 member=record_dataset_VideoUnmaskSwap_medium/hdf5_files/VideoUnmaskSwap_ep83_seed13300.h5 secs=0.811
MERGE_EP task=RouteStick idx=171 member=record_dataset_RouteStick_medium/hdf5_files/RouteStick_ep71_seed23100.h5 secs=1.053
MERGE_EP task=VideoUnmaskSwap idx=184 member=record_dataset_VideoUnmaskSwap_medium/hdf5_files/VideoUnmaskSwap_ep84_seed13400.h5 secs=0.682
MERGE_EP task=VideoRepick idx=81 member=record_dataset_VideoRepick_easy/hdf5_files/VideoRepick_ep84_seed17400.h5 secs=2.513
MERGE_EP task=VideoUnmaskSwap idx=185 member=record_dataset_VideoUnmaskSwap_medium/hdf5_files/VideoUnmaskSwap_ep85_seed13500.h5 secs=0.649
MERGE_EP task=BinFill idx=62 member=record_dataset_BinFill_easy/hdf5_files/BinFill_ep63_seed10300.h5 secs=4.309
MERGE_EP task=VideoUnmaskSwap idx=186 member=record_dataset_VideoUnmaskSwap_medium/hdf5_files/VideoUnmaskSwap_ep86_seed13600.h5 secs=1.257
MERGE_EP task=RouteStick idx=172 member=record_dataset_RouteStick_medium/hdf5_files/RouteStick_ep72_seed23200.h5 secs=2.043
MERGE_EP task=VideoRepick idx=82 member=record_dataset_VideoRepick_easy/hdf5_files/VideoRepick_ep85_seed17500.h5 secs=2.237
MERGE_EP task=VideoUnmaskSwap idx=187 member=record_dataset_VideoUnmaskSwap_medium/hdf5_files/VideoUnmaskSwap_ep87_seed13700.h5 secs=0.911
MERGE_EP task=RouteStick idx=173 member=record_dataset_RouteStick_medium/hdf5_files/RouteStick_ep73_seed23300.h5 secs=1.618
MERGE_EP task=VideoUnmaskSwap idx=188 member=record_dataset_VideoUnmaskSwap_medium/hdf5_files/VideoUnmaskSwap_ep88_seed13800.h5 secs=1.155
MERGE_EP task=VideoRepick idx=83 member=record_dataset_VideoRepick_easy/hdf5_files/VideoRepick_ep86_seed17600.h5 secs=2.104
MERGE_EP task=VideoUnmaskSwap idx=189 member=record_dataset_VideoUnmaskSwap_medium/hdf5_files/VideoUnmaskSwap_ep89_seed13900.h5 secs=0.817
MERGE_EP task=RouteStick idx=174 member=record_dataset_RouteStick_medium/hdf5_files/RouteStick_ep74_seed23400.h5 secs=1.365
MERGE_EP task=BinFill idx=63 member=record_dataset_BinFill_easy/hdf5_files/BinFill_ep64_seed10400.h5 secs=3.612
MERGE_EP task=VideoUnmaskSwap idx=190 member=record_dataset_VideoUnmaskSwap_medium/hdf5_files/VideoUnmaskSwap_ep90_seed14000.h5 secs=0.845
MERGE_EP task=VideoRepick idx=84 member=record_dataset_VideoRepick_easy/hdf5_files/VideoRepick_ep87_seed17700.h5 secs=1.537
MERGE_EP task=RouteStick idx=175 member=record_dataset_RouteStick_medium/hdf5_files/RouteStick_ep75_seed23500.h5 secs=1.126
MERGE_EP task=VideoUnmaskSwap idx=191 member=record_dataset_VideoUnmaskSwap_medium/hdf5_files/VideoUnmaskSwap_ep91_seed14100.h5 secs=0.790
MERGE_EP task=VideoUnmaskSwap idx=192 member=record_dataset_VideoUnmaskSwap_medium/hdf5_files/VideoUnmaskSwap_ep92_seed14200.h5 secs=0.857
MERGE_EP task=RouteStick idx=176 member=record_dataset_RouteStick_medium/hdf5_files/RouteStick_ep76_seed23600.h5 secs=1.358
MERGE_EP task=VideoUnmaskSwap idx=193 member=record_dataset_VideoUnmaskSwap_medium/hdf5_files/VideoUnmaskSwap_ep93_seed14300.h5 secs=0.727
MERGE_EP task=VideoRepick idx=85 member=record_dataset_VideoRepick_easy/hdf5_files/VideoRepick_ep88_seed17800.h5 secs=2.187
MERGE_EP task=RouteStick idx=177 member=record_dataset_RouteStick_medium/hdf5_files/RouteStick_ep77_seed23700.h5 secs=1.097
MERGE_EP task=VideoUnmaskSwap idx=194 member=record_dataset_VideoUnmaskSwap_medium/hdf5_files/VideoUnmaskSwap_ep94_seed14400.h5 secs=0.677
MERGE_EP task=BinFill idx=64 member=record_dataset_BinFill_easy/hdf5_files/BinFill_ep65_seed10500.h5 secs=3.879
MERGE_EP task=VideoUnmaskSwap idx=195 member=record_dataset_VideoUnmaskSwap_medium/hdf5_files/VideoUnmaskSwap_ep95_seed14500.h5 secs=0.664
MERGE_EP task=RouteStick idx=178 member=record_dataset_RouteStick_medium/hdf5_files/RouteStick_ep78_seed23800.h5 secs=1.073
MERGE_EP task=VideoUnmaskSwap idx=196 member=record_dataset_VideoUnmaskSwap_medium/hdf5_files/VideoUnmaskSwap_ep96_seed14600.h5 secs=0.670
MERGE_EP task=VideoRepick idx=86 member=record_dataset_VideoRepick_easy/hdf5_files/VideoRepick_ep89_seed17900.h5 secs=2.430
MERGE_EP task=VideoUnmaskSwap idx=197 member=record_dataset_VideoUnmaskSwap_medium/hdf5_files/VideoUnmaskSwap_ep97_seed14700.h5 secs=0.852
MERGE_EP task=RouteStick idx=179 member=record_dataset_RouteStick_medium/hdf5_files/RouteStick_ep79_seed23900.h5 secs=1.299
MERGE_EP task=VideoUnmaskSwap idx=198 member=record_dataset_VideoUnmaskSwap_medium/hdf5_files/VideoUnmaskSwap_ep98_seed14800.h5 secs=0.676
MERGE_EP task=BinFill idx=65 member=record_dataset_BinFill_easy/hdf5_files/BinFill_ep66_seed10600.h5 secs=2.536
MERGE_EP task=RouteStick idx=180 member=record_dataset_RouteStick_medium/hdf5_files/RouteStick_ep80_seed24000.h5 secs=1.080
MERGE_EP task=VideoUnmaskSwap idx=199 member=record_dataset_VideoUnmaskSwap_medium/hdf5_files/VideoUnmaskSwap_ep99_seed14900.h5 secs=0.806
MERGE_EP task=VideoRepick idx=87 member=record_dataset_VideoRepick_easy/hdf5_files/VideoRepick_ep90_seed18000.h5 secs=2.015
MERGE_EP task=RouteStick idx=181 member=record_dataset_RouteStick_medium/hdf5_files/RouteStick_ep81_seed24100.h5 secs=1.067
MERGE_EP task=VideoUnmaskSwap idx=200 member=record_dataset_VideoUnmaskSwap_hard/hdf5_files/VideoUnmaskSwap_ep0_seed5000.h5 secs=1.571
MERGE_EP task=RouteStick idx=182 member=record_dataset_RouteStick_medium/hdf5_files/RouteStick_ep82_seed24200.h5 secs=1.346
MERGE_EP task=VideoRepick idx=88 member=record_dataset_VideoRepick_easy/hdf5_files/VideoRepick_ep91_seed18100.h5 secs=1.814
MERGE_EP task=BinFill idx=66 member=record_dataset_BinFill_easy/hdf5_files/BinFill_ep67_seed10700.h5 secs=2.827
MERGE_EP task=VideoUnmaskSwap idx=201 member=record_dataset_VideoUnmaskSwap_hard/hdf5_files/VideoUnmaskSwap_ep1_seed5100.h5 secs=1.453
MERGE_EP task=RouteStick idx=183 member=record_dataset_RouteStick_medium/hdf5_files/RouteStick_ep83_seed24300.h5 secs=1.093
MERGE_EP task=VideoRepick idx=89 member=record_dataset_VideoRepick_easy/hdf5_files/VideoRepick_ep92_seed18200.h5 secs=1.634
MERGE_EP task=BinFill idx=67 member=record_dataset_BinFill_easy/hdf5_files/BinFill_ep68_seed10800.h5 secs=1.549
MERGE_EP task=RouteStick idx=184 member=record_dataset_RouteStick_medium/hdf5_files/RouteStick_ep84_seed24400.h5 secs=1.079
MERGE_EP task=VideoUnmaskSwap idx=202 member=record_dataset_VideoUnmaskSwap_hard/hdf5_files/VideoUnmaskSwap_ep2_seed5200.h5 secs=1.538
MERGE_EP task=RouteStick idx=185 member=record_dataset_RouteStick_medium/hdf5_files/RouteStick_ep85_seed24500.h5 secs=1.116
MERGE_EP task=VideoRepick idx=90 member=record_dataset_VideoRepick_easy/hdf5_files/VideoRepick_ep93_seed18300.h5 secs=1.581
MERGE_EP task=BinFill idx=68 member=record_dataset_BinFill_easy/hdf5_files/BinFill_ep69_seed10900.h5 secs=1.619
MERGE_EP task=VideoUnmaskSwap idx=203 member=record_dataset_VideoUnmaskSwap_hard/hdf5_files/VideoUnmaskSwap_ep3_seed5300.h5 secs=1.590
MERGE_EP task=RouteStick idx=186 member=record_dataset_RouteStick_medium/hdf5_files/RouteStick_ep86_seed24600.h5 secs=1.478
MERGE_EP task=VideoRepick idx=91 member=record_dataset_VideoRepick_easy/hdf5_files/VideoRepick_ep94_seed18400.h5 secs=2.128
MERGE_EP task=VideoUnmaskSwap idx=204 member=record_dataset_VideoUnmaskSwap_hard/hdf5_files/VideoUnmaskSwap_ep4_seed5400.h5 secs=1.549
MERGE_EP task=BinFill idx=69 member=record_dataset_BinFill_easy/hdf5_files/BinFill_ep70_seed11000.h5 secs=2.436
MERGE_EP task=RouteStick idx=187 member=record_dataset_RouteStick_medium/hdf5_files/RouteStick_ep87_seed24700.h5 secs=1.362
MERGE_EP task=VideoUnmaskSwap idx=205 member=record_dataset_VideoUnmaskSwap_hard/hdf5_files/VideoUnmaskSwap_ep5_seed5500.h5 secs=1.586
MERGE_EP task=RouteStick idx=188 member=record_dataset_RouteStick_medium/hdf5_files/RouteStick_ep88_seed24800.h5 secs=1.364
MERGE_EP task=VideoRepick idx=92 member=record_dataset_VideoRepick_easy/hdf5_files/VideoRepick_ep95_seed18500.h5 secs=2.604
MERGE_EP task=BinFill idx=70 member=record_dataset_BinFill_easy/hdf5_files/BinFill_ep71_seed11100.h5 secs=2.574
MERGE_EP task=VideoUnmaskSwap idx=206 member=record_dataset_VideoUnmaskSwap_hard/hdf5_files/VideoUnmaskSwap_ep6_seed5600.h5 secs=1.279
MERGE_EP task=RouteStick idx=189 member=record_dataset_RouteStick_medium/hdf5_files/RouteStick_ep89_seed24900.h5 secs=1.396
MERGE_EP task=RouteStick idx=190 member=record_dataset_RouteStick_medium/hdf5_files/RouteStick_ep90_seed25000.h5 secs=1.161
MERGE_EP task=VideoUnmaskSwap idx=207 member=record_dataset_VideoUnmaskSwap_hard/hdf5_files/VideoUnmaskSwap_ep7_seed5700.h5 secs=1.539
MERGE_EP task=BinFill idx=71 member=record_dataset_BinFill_easy/hdf5_files/BinFill_ep72_seed11200.h5 secs=1.790
MERGE_EP task=VideoRepick idx=93 member=record_dataset_VideoRepick_easy/hdf5_files/VideoRepick_ep96_seed18600.h5 secs=2.501
MERGE_EP task=RouteStick idx=191 member=record_dataset_RouteStick_medium/hdf5_files/RouteStick_ep91_seed25100.h5 secs=1.367
MERGE_EP task=VideoUnmaskSwap idx=208 member=record_dataset_VideoUnmaskSwap_hard/hdf5_files/VideoUnmaskSwap_ep8_seed5800.h5 secs=1.367
MERGE_EP task=RouteStick idx=192 member=record_dataset_RouteStick_medium/hdf5_files/RouteStick_ep92_seed25200.h5 secs=1.338
MERGE_EP task=VideoRepick idx=94 member=record_dataset_VideoRepick_easy/hdf5_files/VideoRepick_ep97_seed18700.h5 secs=2.307
MERGE_EP task=VideoUnmaskSwap idx=209 member=record_dataset_VideoUnmaskSwap_hard/hdf5_files/VideoUnmaskSwap_ep9_seed5900.h5 secs=1.415
MERGE_EP task=BinFill idx=72 member=record_dataset_BinFill_easy/hdf5_files/BinFill_ep73_seed11300.h5 secs=3.356
MERGE_EP task=RouteStick idx=193 member=record_dataset_RouteStick_medium/hdf5_files/RouteStick_ep93_seed25300.h5 secs=1.074
MERGE_EP task=VideoUnmaskSwap idx=210 member=record_dataset_VideoUnmaskSwap_hard/hdf5_files/VideoUnmaskSwap_ep10_seed6000.h5 secs=1.248
MERGE_EP task=VideoRepick idx=95 member=record_dataset_VideoRepick_easy/hdf5_files/VideoRepick_ep98_seed18800.h5 secs=1.842
MERGE_EP task=RouteStick idx=194 member=record_dataset_RouteStick_medium/hdf5_files/RouteStick_ep94_seed25400.h5 secs=1.319
MERGE_EP task=VideoUnmaskSwap idx=211 member=record_dataset_VideoUnmaskSwap_hard/hdf5_files/VideoUnmaskSwap_ep11_seed6100.h5 secs=1.211
MERGE_EP task=BinFill idx=73 member=record_dataset_BinFill_easy/hdf5_files/BinFill_ep74_seed11400.h5 secs=2.558
MERGE_EP task=VideoRepick idx=96 member=record_dataset_VideoRepick_easy/hdf5_files/VideoRepick_ep99_seed18900.h5 secs=1.735
MERGE_EP task=RouteStick idx=195 member=record_dataset_RouteStick_medium/hdf5_files/RouteStick_ep95_seed25500.h5 secs=1.327
MERGE_EP task=VideoUnmaskSwap idx=212 member=record_dataset_VideoUnmaskSwap_hard/hdf5_files/VideoUnmaskSwap_ep12_seed6200.h5 secs=1.434
MERGE_EP task=RouteStick idx=196 member=record_dataset_RouteStick_medium/hdf5_files/RouteStick_ep96_seed25600.h5 secs=1.085
MERGE_EP task=BinFill idx=74 member=record_dataset_BinFill_easy/hdf5_files/BinFill_ep75_seed11500.h5 secs=1.578
MERGE_EP task=VideoUnmaskSwap idx=213 member=record_dataset_VideoUnmaskSwap_hard/hdf5_files/VideoUnmaskSwap_ep13_seed6300.h5 secs=1.292
MERGE_EP task=VideoRepick idx=97 member=record_dataset_VideoRepick_easy/hdf5_files/VideoRepick_ep100_seed19000.h5 secs=1.893
MERGE_EP task=RouteStick idx=197 member=record_dataset_RouteStick_medium/hdf5_files/RouteStick_ep97_seed25700.h5 secs=1.109
MERGE_EP task=VideoUnmaskSwap idx=214 member=record_dataset_VideoUnmaskSwap_hard/hdf5_files/VideoUnmaskSwap_ep14_seed6400.h5 secs=1.328
MERGE_EP task=RouteStick idx=198 member=record_dataset_RouteStick_medium/hdf5_files/RouteStick_ep98_seed25800.h5 secs=1.082
MERGE_EP task=VideoRepick idx=98 member=record_dataset_VideoRepick_easy/hdf5_files/VideoRepick_ep101_seed19100.h5 secs=2.788
MERGE_EP task=VideoUnmaskSwap idx=215 member=record_dataset_VideoUnmaskSwap_hard/hdf5_files/VideoUnmaskSwap_ep15_seed6500.h5 secs=1.918
MERGE_EP task=RouteStick idx=199 member=record_dataset_RouteStick_medium/hdf5_files/RouteStick_ep99_seed25900.h5 secs=1.982
MERGE_EP task=BinFill idx=75 member=record_dataset_BinFill_easy/hdf5_files/BinFill_ep76_seed11600.h5 secs=4.943
MERGE_EP task=RouteStick idx=200 member=record_dataset_RouteStick_hard/hdf5_files/RouteStick_ep0_seed16000.h5 secs=1.415
MERGE_EP task=VideoUnmaskSwap idx=216 member=record_dataset_VideoUnmaskSwap_hard/hdf5_files/VideoUnmaskSwap_ep16_seed6600.h5 secs=1.939
MERGE_EP task=VideoRepick idx=99 member=record_dataset_VideoRepick_easy/hdf5_files/VideoRepick_ep102_seed19200.h5 secs=2.289
MERGE_EP task=VideoUnmaskSwap idx=217 member=record_dataset_VideoUnmaskSwap_hard/hdf5_files/VideoUnmaskSwap_ep17_seed6700.h5 secs=1.190
MERGE_EP task=RouteStick idx=201 member=record_dataset_RouteStick_hard/hdf5_files/RouteStick_ep1_seed16100.h5 secs=1.572
MERGE_EP task=VideoRepick idx=100 member=record_dataset_VideoRepick_easy/hdf5_files/VideoRepick_ep103_seed19300.h5 secs=2.056
MERGE_EP task=VideoUnmaskSwap idx=218 member=record_dataset_VideoUnmaskSwap_hard/hdf5_files/VideoUnmaskSwap_ep18_seed6800.h5 secs=1.443
MERGE_EP task=BinFill idx=76 member=record_dataset_BinFill_easy/hdf5_files/BinFill_ep77_seed11700.h5 secs=3.443
MERGE_EP task=RouteStick idx=202 member=record_dataset_RouteStick_hard/hdf5_files/RouteStick_ep2_seed16200.h5 secs=1.644
MERGE_EP task=VideoUnmaskSwap idx=219 member=record_dataset_VideoUnmaskSwap_hard/hdf5_files/VideoUnmaskSwap_ep19_seed6900.h5 secs=1.349
MERGE_EP task=RouteStick idx=203 member=record_dataset_RouteStick_hard/hdf5_files/RouteStick_ep3_seed16300.h5 secs=1.382
MERGE_EP task=BinFill idx=77 member=record_dataset_BinFill_easy/hdf5_files/BinFill_ep78_seed11800.h5 secs=1.584
MERGE_EP task=VideoRepick idx=101 member=record_dataset_VideoRepick_easy/hdf5_files/VideoRepick_ep104_seed19400.h5 secs=2.499
MERGE_EP task=VideoUnmaskSwap idx=220 member=record_dataset_VideoUnmaskSwap_hard/hdf5_files/VideoUnmaskSwap_ep20_seed7000.h5 secs=1.246
MERGE_EP task=RouteStick idx=204 member=record_dataset_RouteStick_hard/hdf5_files/RouteStick_ep4_seed16400.h5 secs=1.351
MERGE_EP task=BinFill idx=78 member=record_dataset_BinFill_easy/hdf5_files/BinFill_ep79_seed11900.h5 secs=1.624
MERGE_EP task=VideoUnmaskSwap idx=221 member=record_dataset_VideoUnmaskSwap_hard/hdf5_files/VideoUnmaskSwap_ep21_seed7100.h5 secs=1.447
MERGE_EP task=RouteStick idx=205 member=record_dataset_RouteStick_hard/hdf5_files/RouteStick_ep5_seed16500.h5 secs=1.097
MERGE_EP task=VideoRepick idx=102 member=record_dataset_VideoRepick_easy/hdf5_files/VideoRepick_ep105_seed19500.h5 secs=2.377
MERGE_EP task=VideoUnmaskSwap idx=222 member=record_dataset_VideoUnmaskSwap_hard/hdf5_files/VideoUnmaskSwap_ep22_seed7200.h5 secs=1.294
MERGE_EP task=VideoRepick idx=103 member=record_dataset_VideoRepick_easy/hdf5_files/VideoRepick_ep106_seed19600.h5 secs=1.674
MERGE_EP task=RouteStick idx=206 member=record_dataset_RouteStick_hard/hdf5_files/RouteStick_ep6_seed16600.h5 secs=1.919
MERGE_EP task=VideoUnmaskSwap idx=223 member=record_dataset_VideoUnmaskSwap_hard/hdf5_files/VideoUnmaskSwap_ep23_seed7300.h5 secs=1.231
MERGE_EP task=BinFill idx=79 member=record_dataset_BinFill_easy/hdf5_files/BinFill_ep80_seed12000.h5 secs=3.694
MERGE_EP task=VideoRepick idx=104 member=record_dataset_VideoRepick_easy/hdf5_files/VideoRepick_ep107_seed19700.h5 secs=1.590
MERGE_EP task=VideoUnmaskSwap idx=224 member=record_dataset_VideoUnmaskSwap_hard/hdf5_files/VideoUnmaskSwap_ep24_seed7400.h5 secs=1.439
MERGE_EP task=RouteStick idx=207 member=record_dataset_RouteStick_hard/hdf5_files/RouteStick_ep7_seed16700.h5 secs=1.890
MERGE_EP task=VideoUnmaskSwap idx=225 member=record_dataset_VideoUnmaskSwap_hard/hdf5_files/VideoUnmaskSwap_ep25_seed7500.h5 secs=1.453
MERGE_EP task=RouteStick idx=208 member=record_dataset_RouteStick_hard/hdf5_files/RouteStick_ep8_seed16800.h5 secs=1.673
MERGE_EP task=VideoRepick idx=105 member=record_dataset_VideoRepick_easy/hdf5_files/VideoRepick_ep108_seed19800.h5 secs=2.353
MERGE_EP task=VideoUnmaskSwap idx=226 member=record_dataset_VideoUnmaskSwap_hard/hdf5_files/VideoUnmaskSwap_ep26_seed7600.h5 secs=1.248
MERGE_EP task=BinFill idx=80 member=record_dataset_BinFill_easy/hdf5_files/BinFill_ep81_seed12100.h5 secs=3.909
MERGE_EP task=RouteStick idx=209 member=record_dataset_RouteStick_hard/hdf5_files/RouteStick_ep9_seed16900.h5 secs=1.349
MERGE_EP task=VideoUnmaskSwap idx=227 member=record_dataset_VideoUnmaskSwap_hard/hdf5_files/VideoUnmaskSwap_ep27_seed7700.h5 secs=1.343
MERGE_EP task=VideoRepick idx=106 member=record_dataset_VideoRepick_easy/hdf5_files/VideoRepick_ep109_seed19900.h5 secs=2.082
MERGE_EP task=BinFill idx=81 member=record_dataset_BinFill_easy/hdf5_files/BinFill_ep82_seed12200.h5 secs=1.582
MERGE_EP task=RouteStick idx=210 member=record_dataset_RouteStick_hard/hdf5_files/RouteStick_ep10_seed17000.h5 secs=1.892
MERGE_EP task=VideoUnmaskSwap idx=228 member=record_dataset_VideoUnmaskSwap_hard/hdf5_files/VideoUnmaskSwap_ep28_seed7800.h5 secs=1.331
MERGE_EP task=RouteStick idx=211 member=record_dataset_RouteStick_hard/hdf5_files/RouteStick_ep11_seed17100.h5 secs=1.083
MERGE_EP task=BinFill idx=82 member=record_dataset_BinFill_easy/hdf5_files/BinFill_ep84_seed12400.h5 secs=1.788
MERGE_EP task=VideoUnmaskSwap idx=229 member=record_dataset_VideoUnmaskSwap_hard/hdf5_files/VideoUnmaskSwap_ep29_seed7900.h5 secs=1.250
MERGE_EP task=VideoRepick idx=107 member=record_dataset_VideoRepick_easy/hdf5_files/VideoRepick_ep110_seed20000.h5 secs=2.612
MERGE_EP task=RouteStick idx=212 member=record_dataset_RouteStick_hard/hdf5_files/RouteStick_ep12_seed17200.h5 secs=1.087
MERGE_EP task=VideoUnmaskSwap idx=230 member=record_dataset_VideoUnmaskSwap_hard/hdf5_files/VideoUnmaskSwap_ep30_seed8000.h5 secs=1.274
MERGE_EP task=VideoRepick idx=108 member=record_dataset_VideoRepick_easy/hdf5_files/VideoRepick_ep111_seed20100.h5 secs=2.042
MERGE_EP task=BinFill idx=83 member=record_dataset_BinFill_easy/hdf5_files/BinFill_ep85_seed12500.h5 secs=2.574
MERGE_EP task=RouteStick idx=213 member=record_dataset_RouteStick_hard/hdf5_files/RouteStick_ep13_seed17300.h5 secs=1.863
MERGE_EP task=VideoUnmaskSwap idx=231 member=record_dataset_VideoUnmaskSwap_hard/hdf5_files/VideoUnmaskSwap_ep31_seed8100.h5 secs=1.216
MERGE_EP task=RouteStick idx=214 member=record_dataset_RouteStick_hard/hdf5_files/RouteStick_ep14_seed17400.h5 secs=1.101
MERGE_EP task=VideoUnmaskSwap idx=232 member=record_dataset_VideoUnmaskSwap_hard/hdf5_files/VideoUnmaskSwap_ep32_seed8200.h5 secs=1.183
MERGE_EP task=VideoRepick idx=109 member=record_dataset_VideoRepick_easy/hdf5_files/VideoRepick_ep112_seed20200.h5 secs=2.201
MERGE_EP task=RouteStick idx=215 member=record_dataset_RouteStick_hard/hdf5_files/RouteStick_ep15_seed17500.h5 secs=1.389
MERGE_EP task=VideoUnmaskSwap idx=233 member=record_dataset_VideoUnmaskSwap_hard/hdf5_files/VideoUnmaskSwap_ep33_seed8300.h5 secs=1.307
MERGE_EP task=VideoRepick idx=110 member=record_dataset_VideoRepick_easy/hdf5_files/VideoRepick_ep113_seed20300.h5 secs=1.615
MERGE_EP task=BinFill idx=84 member=record_dataset_BinFill_easy/hdf5_files/BinFill_ep86_seed12600.h5 secs=3.738
MERGE_EP task=VideoUnmaskSwap idx=234 member=record_dataset_VideoUnmaskSwap_hard/hdf5_files/VideoUnmaskSwap_ep34_seed8400.h5 secs=1.382
MERGE_EP task=RouteStick idx=216 member=record_dataset_RouteStick_hard/hdf5_files/RouteStick_ep16_seed17600.h5 secs=1.637
MERGE_EP task=VideoUnmaskSwap idx=235 member=record_dataset_VideoUnmaskSwap_hard/hdf5_files/VideoUnmaskSwap_ep35_seed8500.h5 secs=1.194
MERGE_EP task=VideoRepick idx=111 member=record_dataset_VideoRepick_easy/hdf5_files/VideoRepick_ep114_seed20400.h5 secs=1.604
MERGE_EP task=RouteStick idx=217 member=record_dataset_RouteStick_hard/hdf5_files/RouteStick_ep17_seed17700.h5 secs=1.372
MERGE_EP task=VideoUnmaskSwap idx=236 member=record_dataset_VideoUnmaskSwap_hard/hdf5_files/VideoUnmaskSwap_ep36_seed8600.h5 secs=1.277
MERGE_EP task=BinFill idx=85 member=record_dataset_BinFill_easy/hdf5_files/BinFill_ep87_seed12700.h5 secs=3.181
MERGE_EP task=VideoRepick idx=112 member=record_dataset_VideoRepick_easy/hdf5_files/VideoRepick_ep115_seed20500.h5 secs=1.768
MERGE_EP task=RouteStick idx=218 member=record_dataset_RouteStick_hard/hdf5_files/RouteStick_ep18_seed17800.h5 secs=1.963
MERGE_EP task=VideoUnmaskSwap idx=237 member=record_dataset_VideoUnmaskSwap_hard/hdf5_files/VideoUnmaskSwap_ep37_seed8700.h5 secs=1.482
MERGE_EP task=RouteStick idx=219 member=record_dataset_RouteStick_hard/hdf5_files/RouteStick_ep19_seed17900.h5 secs=1.642
MERGE_EP task=VideoUnmaskSwap idx=238 member=record_dataset_VideoUnmaskSwap_hard/hdf5_files/VideoUnmaskSwap_ep38_seed8800.h5 secs=1.321
MERGE_EP task=VideoRepick idx=113 member=record_dataset_VideoRepick_easy/hdf5_files/VideoRepick_ep116_seed20600.h5 secs=2.445
MERGE_EP task=RouteStick idx=220 member=record_dataset_RouteStick_hard/hdf5_files/RouteStick_ep20_seed18000.h5 secs=1.165
MERGE_EP task=VideoUnmaskSwap idx=239 member=record_dataset_VideoUnmaskSwap_hard/hdf5_files/VideoUnmaskSwap_ep39_seed8900.h5 secs=1.529
MERGE_EP task=BinFill idx=86 member=record_dataset_BinFill_easy/hdf5_files/BinFill_ep88_seed12800.h5 secs=4.385
MERGE_EP task=VideoRepick idx=114 member=record_dataset_VideoRepick_easy/hdf5_files/VideoRepick_ep117_seed20700.h5 secs=2.297
MERGE_EP task=VideoUnmaskSwap idx=240 member=record_dataset_VideoUnmaskSwap_hard/hdf5_files/VideoUnmaskSwap_ep40_seed9000.h5 secs=2.015
MERGE_EP task=RouteStick idx=221 member=record_dataset_RouteStick_hard/hdf5_files/RouteStick_ep21_seed18100.h5 secs=2.993
MERGE_EP task=VideoUnmaskSwap idx=241 member=record_dataset_VideoUnmaskSwap_hard/hdf5_files/VideoUnmaskSwap_ep41_seed9100.h5 secs=1.223
MERGE_EP task=VideoRepick idx=115 member=record_dataset_VideoRepick_easy/hdf5_files/VideoRepick_ep118_seed20800.h5 secs=2.564
MERGE_EP task=RouteStick idx=222 member=record_dataset_RouteStick_hard/hdf5_files/RouteStick_ep22_seed18200.h5 secs=1.136
MERGE_EP task=BinFill idx=87 member=record_dataset_BinFill_easy/hdf5_files/BinFill_ep89_seed12900.h5 secs=3.732
MERGE_EP task=VideoUnmaskSwap idx=242 member=record_dataset_VideoUnmaskSwap_hard/hdf5_files/VideoUnmaskSwap_ep42_seed9200.h5 secs=1.310
MERGE_EP task=VideoRepick idx=116 member=record_dataset_VideoRepick_easy/hdf5_files/VideoRepick_ep119_seed20900.h5 secs=1.598
MERGE_EP task=RouteStick idx=223 member=record_dataset_RouteStick_hard/hdf5_files/RouteStick_ep23_seed18300.h5 secs=1.646
MERGE_EP task=VideoUnmaskSwap idx=243 member=record_dataset_VideoUnmaskSwap_hard/hdf5_files/VideoUnmaskSwap_ep43_seed9300.h5 secs=1.389
MERGE_EP task=RouteStick idx=224 member=record_dataset_RouteStick_hard/hdf5_files/RouteStick_ep24_seed18400.h5 secs=1.384
MERGE_EP task=VideoRepick idx=117 member=record_dataset_VideoRepick_easy/hdf5_files/VideoRepick_ep120_seed21000.h5 secs=1.784
MERGE_EP task=VideoUnmaskSwap idx=244 member=record_dataset_VideoUnmaskSwap_hard/hdf5_files/VideoUnmaskSwap_ep44_seed9400.h5 secs=1.423
MERGE_EP task=BinFill idx=88 member=record_dataset_BinFill_easy/hdf5_files/BinFill_ep90_seed13000.h5 secs=3.644
MERGE_EP task=VideoRepick idx=118 member=record_dataset_VideoRepick_easy/hdf5_files/VideoRepick_ep121_seed21100.h5 secs=1.425
MERGE_EP task=VideoUnmaskSwap idx=245 member=record_dataset_VideoUnmaskSwap_hard/hdf5_files/VideoUnmaskSwap_ep45_seed9500.h5 secs=1.275
MERGE_EP task=RouteStick idx=225 member=record_dataset_RouteStick_hard/hdf5_files/RouteStick_ep25_seed18500.h5 secs=1.933
MERGE_EP task=VideoRepick idx=119 member=record_dataset_VideoRepick_easy/hdf5_files/VideoRepick_ep122_seed21200.h5 secs=1.571
MERGE_EP task=VideoUnmaskSwap idx=246 member=record_dataset_VideoUnmaskSwap_hard/hdf5_files/VideoUnmaskSwap_ep46_seed9600.h5 secs=1.303
MERGE_EP task=RouteStick idx=226 member=record_dataset_RouteStick_hard/hdf5_files/RouteStick_ep26_seed18600.h5 secs=1.364
MERGE_EP task=BinFill idx=89 member=record_dataset_BinFill_easy/hdf5_files/BinFill_ep91_seed13100.h5 secs=2.775
MERGE_EP task=VideoUnmaskSwap idx=247 member=record_dataset_VideoUnmaskSwap_hard/hdf5_files/VideoUnmaskSwap_ep47_seed9700.h5 secs=1.366
MERGE_EP task=RouteStick idx=227 member=record_dataset_RouteStick_hard/hdf5_files/RouteStick_ep27_seed18700.h5 secs=1.736
MERGE_EP task=VideoRepick idx=120 member=record_dataset_VideoRepick_easy/hdf5_files/VideoRepick_ep123_seed21300.h5 secs=1.932
MERGE_EP task=BinFill idx=90 member=record_dataset_BinFill_easy/hdf5_files/BinFill_ep92_seed13200.h5 secs=1.603
MERGE_EP task=VideoUnmaskSwap idx=248 member=record_dataset_VideoUnmaskSwap_hard/hdf5_files/VideoUnmaskSwap_ep48_seed9800.h5 secs=1.372
MERGE_EP task=RouteStick idx=228 member=record_dataset_RouteStick_hard/hdf5_files/RouteStick_ep28_seed18800.h5 secs=1.912
MERGE_EP task=BinFill idx=91 member=record_dataset_BinFill_easy/hdf5_files/BinFill_ep93_seed13300.h5 secs=1.575
MERGE_EP task=VideoUnmaskSwap idx=249 member=record_dataset_VideoUnmaskSwap_hard/hdf5_files/VideoUnmaskSwap_ep49_seed9900.h5 secs=1.274
MERGE_EP task=VideoRepick idx=121 member=record_dataset_VideoRepick_easy/hdf5_files/VideoRepick_ep124_seed21400.h5 secs=2.369
MERGE_EP task=VideoUnmaskSwap idx=250 member=record_dataset_VideoUnmaskSwap_hard/hdf5_files/VideoUnmaskSwap_ep50_seed10000.h5 secs=1.354
MERGE_EP task=RouteStick idx=229 member=record_dataset_RouteStick_hard/hdf5_files/RouteStick_ep29_seed18900.h5 secs=1.680
MERGE_EP task=VideoRepick idx=122 member=record_dataset_VideoRepick_easy/hdf5_files/VideoRepick_ep126_seed21600.h5 secs=1.523
MERGE_EP task=VideoUnmaskSwap idx=251 member=record_dataset_VideoUnmaskSwap_hard/hdf5_files/VideoUnmaskSwap_ep51_seed10100.h5 secs=1.199
MERGE_EP task=BinFill idx=92 member=record_dataset_BinFill_easy/hdf5_files/BinFill_ep94_seed13400.h5 secs=2.664
MERGE_EP task=RouteStick idx=230 member=record_dataset_RouteStick_hard/hdf5_files/RouteStick_ep30_seed19000.h5 secs=1.419
MERGE_EP task=VideoUnmaskSwap idx=252 member=record_dataset_VideoUnmaskSwap_hard/hdf5_files/VideoUnmaskSwap_ep52_seed10200.h5 secs=1.199
MERGE_EP task=VideoRepick idx=123 member=record_dataset_VideoRepick_easy/hdf5_files/VideoRepick_ep127_seed21700.h5 secs=2.193
MERGE_EP task=RouteStick idx=231 member=record_dataset_RouteStick_hard/hdf5_files/RouteStick_ep31_seed19100.h5 secs=1.664
MERGE_EP task=VideoUnmaskSwap idx=253 member=record_dataset_VideoUnmaskSwap_hard/hdf5_files/VideoUnmaskSwap_ep53_seed10300.h5 secs=1.837
MERGE_EP task=VideoRepick idx=124 member=record_dataset_VideoRepick_easy/hdf5_files/VideoRepick_ep128_seed21800.h5 secs=2.416
MERGE_EP task=RouteStick idx=232 member=record_dataset_RouteStick_hard/hdf5_files/RouteStick_ep32_seed19200.h5 secs=1.901
MERGE_EP task=BinFill idx=93 member=record_dataset_BinFill_easy/hdf5_files/BinFill_ep95_seed13500.h5 secs=3.855
MERGE_EP task=VideoUnmaskSwap idx=254 member=record_dataset_VideoUnmaskSwap_hard/hdf5_files/VideoUnmaskSwap_ep54_seed10400.h5 secs=1.198
MERGE_EP task=RouteStick idx=233 member=record_dataset_RouteStick_hard/hdf5_files/RouteStick_ep33_seed19300.h5 secs=1.119
MERGE_EP task=VideoUnmaskSwap idx=255 member=record_dataset_VideoUnmaskSwap_hard/hdf5_files/VideoUnmaskSwap_ep55_seed10500.h5 secs=1.345
MERGE_EP task=BinFill idx=94 member=record_dataset_BinFill_easy/hdf5_files/BinFill_ep96_seed13600.h5 secs=1.736
MERGE_EP task=RouteStick idx=234 member=record_dataset_RouteStick_hard/hdf5_files/RouteStick_ep34_seed19400.h5 secs=1.088
MERGE_EP task=VideoRepick idx=125 member=record_dataset_VideoRepick_easy/hdf5_files/VideoRepick_ep129_seed21900.h5 secs=2.218
MERGE_EP task=VideoUnmaskSwap idx=256 member=record_dataset_VideoUnmaskSwap_hard/hdf5_files/VideoUnmaskSwap_ep56_seed10600.h5 secs=1.351
MERGE_EP task=RouteStick idx=235 member=record_dataset_RouteStick_hard/hdf5_files/RouteStick_ep35_seed19500.h5 secs=1.857
MERGE_EP task=VideoUnmaskSwap idx=257 member=record_dataset_VideoUnmaskSwap_hard/hdf5_files/VideoUnmaskSwap_ep57_seed10700.h5 secs=1.297
MERGE_EP task=BinFill idx=95 member=record_dataset_BinFill_easy/hdf5_files/BinFill_ep97_seed13700.h5 secs=2.761
MERGE_EP task=VideoRepick idx=126 member=record_dataset_VideoRepick_easy/hdf5_files/VideoRepick_ep130_seed22000.h5 secs=2.432
MERGE_EP task=RouteStick idx=236 member=record_dataset_RouteStick_hard/hdf5_files/RouteStick_ep36_seed19600.h5 secs=1.608
MERGE_EP task=VideoUnmaskSwap idx=258 member=record_dataset_VideoUnmaskSwap_hard/hdf5_files/VideoUnmaskSwap_ep58_seed10800.h5 secs=1.298
MERGE_EP task=VideoRepick idx=127 member=record_dataset_VideoRepick_easy/hdf5_files/VideoRepick_ep131_seed22100.h5 secs=1.558
MERGE_EP task=RouteStick idx=237 member=record_dataset_RouteStick_hard/hdf5_files/RouteStick_ep37_seed19700.h5 secs=1.095
MERGE_EP task=VideoUnmaskSwap idx=259 member=record_dataset_VideoUnmaskSwap_hard/hdf5_files/VideoUnmaskSwap_ep59_seed10900.h5 secs=1.224
MERGE_EP task=BinFill idx=96 member=record_dataset_BinFill_easy/hdf5_files/BinFill_ep98_seed13800.h5 secs=2.654
MERGE_EP task=RouteStick idx=238 member=record_dataset_RouteStick_hard/hdf5_files/RouteStick_ep38_seed19800.h5 secs=1.336
MERGE_EP task=VideoUnmaskSwap idx=260 member=record_dataset_VideoUnmaskSwap_hard/hdf5_files/VideoUnmaskSwap_ep60_seed11000.h5 secs=1.200
MERGE_EP task=VideoRepick idx=128 member=record_dataset_VideoRepick_easy/hdf5_files/VideoRepick_ep132_seed22200.h5 secs=2.378
MERGE_EP task=BinFill idx=97 member=record_dataset_BinFill_easy/hdf5_files/BinFill_ep99_seed13900.h5 secs=1.673
MERGE_EP task=VideoUnmaskSwap idx=261 member=record_dataset_VideoUnmaskSwap_hard/hdf5_files/VideoUnmaskSwap_ep61_seed11100.h5 secs=1.383
MERGE_EP task=RouteStick idx=239 member=record_dataset_RouteStick_hard/hdf5_files/RouteStick_ep39_seed19900.h5 secs=1.596
MERGE_EP task=VideoRepick idx=129 member=record_dataset_VideoRepick_easy/hdf5_files/VideoRepick_ep133_seed22300.h5 secs=1.923
MERGE_EP task=VideoUnmaskSwap idx=262 member=record_dataset_VideoUnmaskSwap_hard/hdf5_files/VideoUnmaskSwap_ep62_seed11200.h5 secs=1.212
MERGE_EP task=RouteStick idx=240 member=record_dataset_RouteStick_hard/hdf5_files/RouteStick_ep40_seed20000.h5 secs=1.868
MERGE_EP task=VideoUnmaskSwap idx=263 member=record_dataset_VideoUnmaskSwap_hard/hdf5_files/VideoUnmaskSwap_ep63_seed11300.h5 secs=1.226
MERGE_EP task=VideoRepick idx=130 member=record_dataset_VideoRepick_easy/hdf5_files/VideoRepick_ep134_seed22400.h5 secs=1.524
MERGE_EP task=BinFill idx=98 member=record_dataset_BinFill_easy/hdf5_files/BinFill_ep100_seed14000.h5 secs=3.532
MERGE_EP task=RouteStick idx=241 member=record_dataset_RouteStick_hard/hdf5_files/RouteStick_ep41_seed20100.h5 secs=1.380
MERGE_EP task=VideoUnmaskSwap idx=264 member=record_dataset_VideoUnmaskSwap_hard/hdf5_files/VideoUnmaskSwap_ep64_seed11400.h5 secs=1.312
MERGE_EP task=RouteStick idx=242 member=record_dataset_RouteStick_hard/hdf5_files/RouteStick_ep42_seed20200.h5 secs=1.088
MERGE_EP task=VideoRepick idx=131 member=record_dataset_VideoRepick_easy/hdf5_files/VideoRepick_ep135_seed22500.h5 secs=2.140
MERGE_EP task=BinFill idx=99 member=record_dataset_BinFill_easy/hdf5_files/BinFill_ep101_seed14100.h5 secs=1.785
MERGE_EP task=VideoUnmaskSwap idx=265 member=record_dataset_VideoUnmaskSwap_hard/hdf5_files/VideoUnmaskSwap_ep65_seed11500.h5 secs=1.350
MERGE_EP task=RouteStick idx=243 member=record_dataset_RouteStick_hard/hdf5_files/RouteStick_ep43_seed20300.h5 secs=1.379
MERGE_EP task=VideoRepick idx=132 member=record_dataset_VideoRepick_easy/hdf5_files/VideoRepick_ep136_seed22600.h5 secs=1.664
MERGE_EP task=VideoUnmaskSwap idx=266 member=record_dataset_VideoUnmaskSwap_hard/hdf5_files/VideoUnmaskSwap_ep66_seed11600.h5 secs=1.380
MERGE_EP task=RouteStick idx=244 member=record_dataset_RouteStick_hard/hdf5_files/RouteStick_ep44_seed20400.h5 secs=1.672
MERGE_EP task=VideoUnmaskSwap idx=267 member=record_dataset_VideoUnmaskSwap_hard/hdf5_files/VideoUnmaskSwap_ep67_seed11700.h5 secs=1.273
MERGE_EP task=BinFill idx=100 member=record_dataset_BinFill_easy/hdf5_files/BinFill_ep102_seed14200.h5 secs=3.366
MERGE_EP task=VideoRepick idx=133 member=record_dataset_VideoRepick_easy/hdf5_files/VideoRepick_ep137_seed22700.h5 secs=1.939
MERGE_EP task=VideoUnmaskSwap idx=268 member=record_dataset_VideoUnmaskSwap_hard/hdf5_files/VideoUnmaskSwap_ep68_seed11800.h5 secs=1.219
MERGE_EP task=RouteStick idx=245 member=record_dataset_RouteStick_hard/hdf5_files/RouteStick_ep45_seed20500.h5 secs=1.908
MERGE_EP task=BinFill idx=101 member=record_dataset_BinFill_easy/hdf5_files/BinFill_ep103_seed14300.h5 secs=1.760
MERGE_EP task=VideoUnmaskSwap idx=269 member=record_dataset_VideoUnmaskSwap_hard/hdf5_files/VideoUnmaskSwap_ep69_seed11900.h5 secs=1.380
MERGE_EP task=RouteStick idx=246 member=record_dataset_RouteStick_hard/hdf5_files/RouteStick_ep46_seed20600.h5 secs=1.088
MERGE_EP task=VideoRepick idx=134 member=record_dataset_VideoRepick_medium/hdf5_files/VideoRepick_ep0_seed9000.h5 secs=2.761
MERGE_EP task=VideoUnmaskSwap idx=270 member=record_dataset_VideoUnmaskSwap_hard/hdf5_files/VideoUnmaskSwap_ep70_seed12000.h5 secs=1.327
MERGE_EP task=RouteStick idx=247 member=record_dataset_RouteStick_hard/hdf5_files/RouteStick_ep47_seed20700.h5 secs=1.638
MERGE_EP task=BinFill idx=102 member=record_dataset_BinFill_easy/hdf5_files/BinFill_ep104_seed14400.h5 secs=2.590
MERGE_EP task=VideoUnmaskSwap idx=271 member=record_dataset_VideoUnmaskSwap_hard/hdf5_files/VideoUnmaskSwap_ep71_seed12100.h5 secs=1.208
MERGE_EP task=VideoRepick idx=135 member=record_dataset_VideoRepick_medium/hdf5_files/VideoRepick_ep1_seed9100.h5 secs=2.223
MERGE_EP task=RouteStick idx=248 member=record_dataset_RouteStick_hard/hdf5_files/RouteStick_ep48_seed20800.h5 secs=1.363
MERGE_EP task=VideoUnmaskSwap idx=272 member=record_dataset_VideoUnmaskSwap_hard/hdf5_files/VideoUnmaskSwap_ep72_seed12200.h5 secs=1.438
MERGE_EP task=BinFill idx=103 member=record_dataset_BinFill_easy/hdf5_files/BinFill_ep105_seed14500.h5 secs=2.541
MERGE_EP task=RouteStick idx=249 member=record_dataset_RouteStick_hard/hdf5_files/RouteStick_ep49_seed20900.h5 secs=1.611
MERGE_EP task=VideoUnmaskSwap idx=273 member=record_dataset_VideoUnmaskSwap_hard/hdf5_files/VideoUnmaskSwap_ep73_seed12300.h5 secs=1.311
MERGE_EP task=VideoRepick idx=136 member=record_dataset_VideoRepick_medium/hdf5_files/VideoRepick_ep2_seed9200.h5 secs=2.718
MERGE_EP task=RouteStick idx=250 member=record_dataset_RouteStick_hard/hdf5_files/RouteStick_ep50_seed21000.h5 secs=1.085
MERGE_EP task=BinFill idx=104 member=record_dataset_BinFill_easy/hdf5_files/BinFill_ep106_seed14600.h5 secs=1.603
MERGE_EP task=VideoUnmaskSwap idx=274 member=record_dataset_VideoUnmaskSwap_hard/hdf5_files/VideoUnmaskSwap_ep74_seed12400.h5 secs=1.299
MERGE_EP task=RouteStick idx=251 member=record_dataset_RouteStick_hard/hdf5_files/RouteStick_ep51_seed21100.h5 secs=1.621
MERGE_EP task=VideoUnmaskSwap idx=275 member=record_dataset_VideoUnmaskSwap_hard/hdf5_files/VideoUnmaskSwap_ep75_seed12500.h5 secs=1.180
MERGE_EP task=VideoRepick idx=137 member=record_dataset_VideoRepick_medium/hdf5_files/VideoRepick_ep3_seed9300.h5 secs=2.303
MERGE_EP task=RouteStick idx=252 member=record_dataset_RouteStick_hard/hdf5_files/RouteStick_ep52_seed21200.h5 secs=1.089
MERGE_EP task=VideoUnmaskSwap idx=276 member=record_dataset_VideoUnmaskSwap_hard/hdf5_files/VideoUnmaskSwap_ep76_seed12600.h5 secs=1.410
MERGE_EP task=BinFill idx=105 member=record_dataset_BinFill_easy/hdf5_files/BinFill_ep107_seed14700.h5 secs=2.962
MERGE_EP task=RouteStick idx=253 member=record_dataset_RouteStick_hard/hdf5_files/RouteStick_ep53_seed21300.h5 secs=1.290
MERGE_EP task=VideoRepick idx=138 member=record_dataset_VideoRepick_medium/hdf5_files/VideoRepick_ep4_seed9400.h5 secs=2.197
MERGE_EP task=VideoUnmaskSwap idx=277 member=record_dataset_VideoUnmaskSwap_hard/hdf5_files/VideoUnmaskSwap_ep77_seed12700.h5 secs=1.902
MERGE_EP task=RouteStick idx=254 member=record_dataset_RouteStick_hard/hdf5_files/RouteStick_ep54_seed21400.h5 secs=2.924
MERGE_EP task=VideoUnmaskSwap idx=278 member=record_dataset_VideoUnmaskSwap_hard/hdf5_files/VideoUnmaskSwap_ep78_seed12800.h5 secs=1.834
MERGE_EP task=VideoRepick idx=139 member=record_dataset_VideoRepick_medium/hdf5_files/VideoRepick_ep5_seed9500.h5 secs=3.060
MERGE_EP task=BinFill idx=106 member=record_dataset_BinFill_easy/hdf5_files/BinFill_ep108_seed14800.h5 secs=4.320
MERGE_EP task=VideoUnmaskSwap idx=279 member=record_dataset_VideoUnmaskSwap_hard/hdf5_files/VideoUnmaskSwap_ep79_seed12900.h5 secs=1.276
MERGE_EP task=RouteStick idx=255 member=record_dataset_RouteStick_hard/hdf5_files/RouteStick_ep55_seed21500.h5 secs=1.889
MERGE_EP task=VideoRepick idx=140 member=record_dataset_VideoRepick_medium/hdf5_files/VideoRepick_ep6_seed9600.h5 secs=1.872
MERGE_EP task=VideoUnmaskSwap idx=280 member=record_dataset_VideoUnmaskSwap_hard/hdf5_files/VideoUnmaskSwap_ep80_seed13000.h5 secs=1.291
MERGE_EP task=RouteStick idx=256 member=record_dataset_RouteStick_hard/hdf5_files/RouteStick_ep56_seed21600.h5 secs=1.859
MERGE_EP task=VideoUnmaskSwap idx=281 member=record_dataset_VideoUnmaskSwap_hard/hdf5_files/VideoUnmaskSwap_ep81_seed13100.h5 secs=1.234
MERGE_EP task=BinFill idx=107 member=record_dataset_BinFill_easy/hdf5_files/BinFill_ep109_seed14900.h5 secs=3.848
MERGE_EP task=VideoRepick idx=141 member=record_dataset_VideoRepick_medium/hdf5_files/VideoRepick_ep7_seed9700.h5 secs=2.666
MERGE_EP task=RouteStick idx=257 member=record_dataset_RouteStick_hard/hdf5_files/RouteStick_ep57_seed21700.h5 secs=1.342
MERGE_EP task=VideoUnmaskSwap idx=282 member=record_dataset_VideoUnmaskSwap_hard/hdf5_files/VideoUnmaskSwap_ep82_seed13200.h5 secs=1.379
MERGE_EP task=BinFill idx=108 member=record_dataset_BinFill_easy/hdf5_files/BinFill_ep110_seed15000.h5 secs=1.813
MERGE_EP task=VideoUnmaskSwap idx=283 member=record_dataset_VideoUnmaskSwap_hard/hdf5_files/VideoUnmaskSwap_ep83_seed13300.h5 secs=1.211
MERGE_EP task=RouteStick idx=258 member=record_dataset_RouteStick_hard/hdf5_files/RouteStick_ep58_seed21800.h5 secs=1.596
MERGE_EP task=VideoRepick idx=142 member=record_dataset_VideoRepick_medium/hdf5_files/VideoRepick_ep8_seed9800.h5 secs=1.829
MERGE_EP task=VideoUnmaskSwap idx=284 member=record_dataset_VideoUnmaskSwap_hard/hdf5_files/VideoUnmaskSwap_ep84_seed13400.h5 secs=1.215
MERGE_EP task=RouteStick idx=259 member=record_dataset_RouteStick_hard/hdf5_files/RouteStick_ep59_seed21900.h5 secs=1.338
MERGE_EP task=VideoRepick idx=143 member=record_dataset_VideoRepick_medium/hdf5_files/VideoRepick_ep9_seed9900.h5 secs=2.024
MERGE_EP task=VideoUnmaskSwap idx=285 member=record_dataset_VideoUnmaskSwap_hard/hdf5_files/VideoUnmaskSwap_ep85_seed13500.h5 secs=1.306
MERGE_EP task=RouteStick idx=260 member=record_dataset_RouteStick_hard/hdf5_files/RouteStick_ep60_seed22000.h5 secs=1.328
MERGE_EP task=VideoUnmaskSwap idx=286 member=record_dataset_VideoUnmaskSwap_hard/hdf5_files/VideoUnmaskSwap_ep86_seed13600.h5 secs=1.228
MERGE_EP task=BinFill idx=109 member=record_dataset_BinFill_easy/hdf5_files/BinFill_ep111_seed15100.h5 secs=4.246
MERGE_EP task=RouteStick idx=261 member=record_dataset_RouteStick_hard/hdf5_files/RouteStick_ep61_seed22100.h5 secs=1.354
MERGE_EP task=VideoRepick idx=144 member=record_dataset_VideoRepick_medium/hdf5_files/VideoRepick_ep10_seed10000.h5 secs=1.992
MERGE_EP task=VideoUnmaskSwap idx=287 member=record_dataset_VideoUnmaskSwap_hard/hdf5_files/VideoUnmaskSwap_ep87_seed13700.h5 secs=1.478
MERGE_EP task=RouteStick idx=262 member=record_dataset_RouteStick_hard/hdf5_files/RouteStick_ep62_seed22200.h5 secs=1.068
MERGE_EP task=BinFill idx=110 member=record_dataset_BinFill_easy/hdf5_files/BinFill_ep112_seed15200.h5 secs=1.538
MERGE_EP task=VideoUnmaskSwap idx=288 member=record_dataset_VideoUnmaskSwap_hard/hdf5_files/VideoUnmaskSwap_ep88_seed13800.h5 secs=1.421
MERGE_EP task=VideoRepick idx=145 member=record_dataset_VideoRepick_medium/hdf5_files/VideoRepick_ep11_seed10100.h5 secs=2.439
MERGE_EP task=RouteStick idx=263 member=record_dataset_RouteStick_hard/hdf5_files/RouteStick_ep63_seed22300.h5 secs=1.887
MERGE_EP task=VideoUnmaskSwap idx=289 member=record_dataset_VideoUnmaskSwap_hard/hdf5_files/VideoUnmaskSwap_ep89_seed13900.h5 secs=1.395
MERGE_EP task=BinFill idx=111 member=record_dataset_BinFill_easy/hdf5_files/BinFill_ep113_seed15300.h5 secs=2.556
MERGE_EP task=VideoRepick idx=146 member=record_dataset_VideoRepick_medium/hdf5_files/VideoRepick_ep12_seed10200.h5 secs=1.940
MERGE_EP task=RouteStick idx=264 member=record_dataset_RouteStick_hard/hdf5_files/RouteStick_ep64_seed22400.h5 secs=1.631
MERGE_EP task=VideoUnmaskSwap idx=290 member=record_dataset_VideoUnmaskSwap_hard/hdf5_files/VideoUnmaskSwap_ep90_seed14000.h5 secs=1.374
MERGE_EP task=VideoRepick idx=147 member=record_dataset_VideoRepick_medium/hdf5_files/VideoRepick_ep13_seed10300.h5 secs=1.788
MERGE_EP task=RouteStick idx=265 member=record_dataset_RouteStick_hard/hdf5_files/RouteStick_ep65_seed22500.h5 secs=1.627
MERGE_EP task=VideoUnmaskSwap idx=291 member=record_dataset_VideoUnmaskSwap_hard/hdf5_files/VideoUnmaskSwap_ep91_seed14100.h5 secs=1.333
MERGE_EP task=BinFill idx=112 member=record_dataset_BinFill_easy/hdf5_files/BinFill_ep114_seed15400.h5 secs=2.638
MERGE_EP task=VideoUnmaskSwap idx=292 member=record_dataset_VideoUnmaskSwap_hard/hdf5_files/VideoUnmaskSwap_ep92_seed14200.h5 secs=1.290
MERGE_EP task=RouteStick idx=266 member=record_dataset_RouteStick_hard/hdf5_files/RouteStick_ep66_seed22600.h5 secs=2.296
MERGE_EP task=BinFill idx=113 member=record_dataset_BinFill_easy/hdf5_files/BinFill_ep115_seed15500.h5 secs=2.409
MERGE_EP task=VideoUnmaskSwap idx=293 member=record_dataset_VideoUnmaskSwap_hard/hdf5_files/VideoUnmaskSwap_ep93_seed14300.h5 secs=1.818
MERGE_EP task=VideoRepick idx=148 member=record_dataset_VideoRepick_medium/hdf5_files/VideoRepick_ep14_seed10400.h5 secs=3.606
MERGE_EP task=RouteStick idx=267 member=record_dataset_RouteStick_hard/hdf5_files/RouteStick_ep67_seed22700.h5 secs=1.384
MERGE_EP task=VideoUnmaskSwap idx=294 member=record_dataset_VideoUnmaskSwap_hard/hdf5_files/VideoUnmaskSwap_ep94_seed14400.h5 secs=1.236
MERGE_EP task=RouteStick idx=268 member=record_dataset_RouteStick_hard/hdf5_files/RouteStick_ep68_seed22800.h5 secs=1.094
MERGE_EP task=VideoUnmaskSwap idx=295 member=record_dataset_VideoUnmaskSwap_hard/hdf5_files/VideoUnmaskSwap_ep95_seed14500.h5 secs=1.254
MERGE_EP task=RouteStick idx=269 member=record_dataset_RouteStick_hard/hdf5_files/RouteStick_ep69_seed22900.h5 secs=1.379
MERGE_EP task=VideoRepick idx=149 member=record_dataset_VideoRepick_medium/hdf5_files/VideoRepick_ep15_seed10500.h5 secs=2.611
MERGE_EP task=BinFill idx=114 member=record_dataset_BinFill_easy/hdf5_files/BinFill_ep116_seed15600.h5 secs=3.462
MERGE_EP task=VideoUnmaskSwap idx=296 member=record_dataset_VideoUnmaskSwap_hard/hdf5_files/VideoUnmaskSwap_ep96_seed14600.h5 secs=1.337
MERGE_EP task=VideoRepick idx=150 member=record_dataset_VideoRepick_medium/hdf5_files/VideoRepick_ep16_seed10600.h5 secs=1.723
MERGE_EP task=RouteStick idx=270 member=record_dataset_RouteStick_hard/hdf5_files/RouteStick_ep70_seed23000.h5 secs=1.987
MERGE_EP task=VideoUnmaskSwap idx=297 member=record_dataset_VideoUnmaskSwap_hard/hdf5_files/VideoUnmaskSwap_ep97_seed14700.h5 secs=1.492
MERGE_EP task=BinFill idx=115 member=record_dataset_BinFill_easy/hdf5_files/BinFill_ep117_seed15700.h5 secs=2.494
MERGE_EP task=RouteStick idx=271 member=record_dataset_RouteStick_hard/hdf5_files/RouteStick_ep71_seed23100.h5 secs=1.114
MERGE_EP task=VideoUnmaskSwap idx=298 member=record_dataset_VideoUnmaskSwap_hard/hdf5_files/VideoUnmaskSwap_ep98_seed14800.h5 secs=1.647
MERGE_EP task=VideoRepick idx=151 member=record_dataset_VideoRepick_medium/hdf5_files/VideoRepick_ep17_seed10700.h5 secs=2.722
MERGE_EP task=RouteStick idx=272 member=record_dataset_RouteStick_hard/hdf5_files/RouteStick_ep72_seed23200.h5 secs=1.803
MERGE_EP task=VideoUnmaskSwap idx=299 member=record_dataset_VideoUnmaskSwap_hard/hdf5_files/VideoUnmaskSwap_ep99_seed14900.h5 secs=1.232
MERGE_EP task=BinFill idx=116 member=record_dataset_BinFill_easy/hdf5_files/BinFill_ep118_seed15800.h5 secs=3.394
MERGE_EP task=RouteStick idx=273 member=record_dataset_RouteStick_hard/hdf5_files/RouteStick_ep73_seed23300.h5 secs=1.685
MERGE_EP task=VideoRepick idx=152 member=record_dataset_VideoRepick_medium/hdf5_files/VideoRepick_ep18_seed10800.h5 secs=2.465
MERGE_EP task=VideoUnmaskSwap idx=300 member=record_dataset_VideoUnmaskSwap_xhard/hdf5_files/VideoUnmaskSwap_ep0_seed5000.h5 secs=1.876
MERGE_EP task=RouteStick idx=274 member=record_dataset_RouteStick_hard/hdf5_files/RouteStick_ep74_seed23400.h5 secs=1.997
MERGE_EP task=VideoUnmaskSwap idx=301 member=record_dataset_VideoUnmaskSwap_xhard/hdf5_files/VideoUnmaskSwap_ep1_seed5100.h5 secs=1.646
MERGE_EP task=VideoRepick idx=153 member=record_dataset_VideoRepick_medium/hdf5_files/VideoRepick_ep19_seed10900.h5 secs=2.259
MERGE_EP task=BinFill idx=117 member=record_dataset_BinFill_easy/hdf5_files/BinFill_ep119_seed15900.h5 secs=3.743
MERGE_EP task=RouteStick idx=275 member=record_dataset_RouteStick_hard/hdf5_files/RouteStick_ep75_seed23500.h5 secs=1.443
MERGE_EP task=VideoUnmaskSwap idx=302 member=record_dataset_VideoUnmaskSwap_xhard/hdf5_files/VideoUnmaskSwap_ep2_seed5200.h5 secs=1.782
MERGE_EP task=RouteStick idx=276 member=record_dataset_RouteStick_hard/hdf5_files/RouteStick_ep76_seed23600.h5 secs=1.086
MERGE_EP task=VideoRepick idx=154 member=record_dataset_VideoRepick_medium/hdf5_files/VideoRepick_ep20_seed11000.h5 secs=2.239
MERGE_EP task=BinFill idx=118 member=record_dataset_BinFill_easy/hdf5_files/BinFill_ep120_seed16000.h5 secs=2.717
MERGE_EP task=VideoUnmaskSwap idx=303 member=record_dataset_VideoUnmaskSwap_xhard/hdf5_files/VideoUnmaskSwap_ep3_seed5300.h5 secs=1.947
MERGE_EP task=RouteStick idx=277 member=record_dataset_RouteStick_hard/hdf5_files/RouteStick_ep77_seed23700.h5 secs=1.887
MERGE_EP task=VideoRepick idx=155 member=record_dataset_VideoRepick_medium/hdf5_files/VideoRepick_ep21_seed11100.h5 secs=1.898
MERGE_EP task=RouteStick idx=278 member=record_dataset_RouteStick_hard/hdf5_files/RouteStick_ep78_seed23800.h5 secs=1.345
MERGE_EP task=VideoUnmaskSwap idx=304 member=record_dataset_VideoUnmaskSwap_xhard/hdf5_files/VideoUnmaskSwap_ep4_seed5400.h5 secs=1.902
MERGE_EP task=VideoRepick idx=156 member=record_dataset_VideoRepick_medium/hdf5_files/VideoRepick_ep22_seed11200.h5 secs=1.660
MERGE_EP task=BinFill idx=119 member=record_dataset_BinFill_easy/hdf5_files/BinFill_ep121_seed16100.h5 secs=2.711
MERGE_EP task=RouteStick idx=279 member=record_dataset_RouteStick_hard/hdf5_files/RouteStick_ep79_seed23900.h5 secs=1.594
MERGE_EP task=BinFill idx=120 member=record_dataset_BinFill_easy/hdf5_files/BinFill_ep122_seed16200.h5 secs=1.480
MERGE_EP task=VideoRepick idx=157 member=record_dataset_VideoRepick_medium/hdf5_files/VideoRepick_ep23_seed11300.h5 secs=1.852
MERGE_EP task=RouteStick idx=280 member=record_dataset_RouteStick_hard/hdf5_files/RouteStick_ep80_seed24000.h5 secs=1.352
MERGE_EP task=VideoUnmaskSwap idx=305 member=record_dataset_VideoUnmaskSwap_xhard/hdf5_files/VideoUnmaskSwap_ep5_seed5500.h5 secs=3.620
MERGE_EP task=RouteStick idx=281 member=record_dataset_RouteStick_hard/hdf5_files/RouteStick_ep81_seed24100.h5 secs=1.090
MERGE_EP task=BinFill idx=121 member=record_dataset_BinFill_easy/hdf5_files/BinFill_ep123_seed16300.h5 secs=1.753
MERGE_EP task=VideoRepick idx=158 member=record_dataset_VideoRepick_medium/hdf5_files/VideoRepick_ep24_seed11400.h5 secs=2.201
MERGE_EP task=VideoUnmaskSwap idx=306 member=record_dataset_VideoUnmaskSwap_xhard/hdf5_files/VideoUnmaskSwap_ep6_seed5600.h5 secs=1.486
MERGE_EP task=RouteStick idx=282 member=record_dataset_RouteStick_hard/hdf5_files/RouteStick_ep82_seed24200.h5 secs=1.604
MERGE_EP task=VideoUnmaskSwap idx=307 member=record_dataset_VideoUnmaskSwap_xhard/hdf5_files/VideoUnmaskSwap_ep8_seed5800.h5 secs=1.472
MERGE_EP task=VideoRepick idx=159 member=record_dataset_VideoRepick_medium/hdf5_files/VideoRepick_ep25_seed11500.h5 secs=2.433
MERGE_EP task=RouteStick idx=283 member=record_dataset_RouteStick_hard/hdf5_files/RouteStick_ep83_seed24300.h5 secs=1.610
MERGE_EP task=BinFill idx=122 member=record_dataset_BinFill_easy/hdf5_files/BinFill_ep124_seed16400.h5 secs=3.645
MERGE_EP task=VideoUnmaskSwap idx=308 member=record_dataset_VideoUnmaskSwap_xhard/hdf5_files/VideoUnmaskSwap_ep9_seed5900.h5 secs=1.628
MERGE_EP task=RouteStick idx=284 member=record_dataset_RouteStick_hard/hdf5_files/RouteStick_ep84_seed24400.h5 secs=1.355
MERGE_EP task=BinFill idx=123 member=record_dataset_BinFill_easy/hdf5_files/BinFill_ep126_seed16600.h5 secs=1.630
MERGE_EP task=VideoRepick idx=160 member=record_dataset_VideoRepick_medium/hdf5_files/VideoRepick_ep27_seed11700.h5 secs=2.620
MERGE_EP task=VideoUnmaskSwap idx=309 member=record_dataset_VideoUnmaskSwap_xhard/hdf5_files/VideoUnmaskSwap_ep10_seed6000.h5 secs=1.428
MERGE_EP task=RouteStick idx=285 member=record_dataset_RouteStick_hard/hdf5_files/RouteStick_ep85_seed24500.h5 secs=1.855
MERGE_EP task=BinFill idx=124 member=record_dataset_BinFill_easy/hdf5_files/BinFill_ep127_seed16700.h5 secs=1.674
MERGE_EP task=VideoUnmaskSwap idx=310 member=record_dataset_VideoUnmaskSwap_xhard/hdf5_files/VideoUnmaskSwap_ep11_seed6100.h5 secs=1.455
MERGE_EP task=VideoRepick idx=161 member=record_dataset_VideoRepick_medium/hdf5_files/VideoRepick_ep28_seed11800.h5 secs=2.105
MERGE_EP task=RouteStick idx=286 member=record_dataset_RouteStick_hard/hdf5_files/RouteStick_ep86_seed24600.h5 secs=1.844
MERGE_EP task=VideoUnmaskSwap idx=311 member=record_dataset_VideoUnmaskSwap_xhard/hdf5_files/VideoUnmaskSwap_ep12_seed6200.h5 secs=1.603
MERGE_EP task=BinFill idx=125 member=record_dataset_BinFill_easy/hdf5_files/BinFill_ep128_seed16800.h5 secs=2.277
MERGE_EP task=RouteStick idx=287 member=record_dataset_RouteStick_hard/hdf5_files/RouteStick_ep87_seed24700.h5 secs=1.101
MERGE_EP task=VideoUnmaskSwap idx=312 member=record_dataset_VideoUnmaskSwap_xhard/hdf5_files/VideoUnmaskSwap_ep13_seed6300.h5 secs=1.442
MERGE_EP task=VideoRepick idx=162 member=record_dataset_VideoRepick_medium/hdf5_files/VideoRepick_ep29_seed11900.h5 secs=2.607
MERGE_EP task=RouteStick idx=288 member=record_dataset_RouteStick_hard/hdf5_files/RouteStick_ep88_seed24800.h5 secs=1.598
MERGE_EP task=BinFill idx=126 member=record_dataset_BinFill_easy/hdf5_files/BinFill_ep129_seed16900.h5 secs=2.581
MERGE_EP task=VideoUnmaskSwap idx=313 member=record_dataset_VideoUnmaskSwap_xhard/hdf5_files/VideoUnmaskSwap_ep14_seed6400.h5 secs=1.573
MERGE_EP task=VideoRepick idx=163 member=record_dataset_VideoRepick_medium/hdf5_files/VideoRepick_ep30_seed12000.h5 secs=1.638
MERGE_EP task=RouteStick idx=289 member=record_dataset_RouteStick_hard/hdf5_files/RouteStick_ep89_seed24900.h5 secs=1.862
MERGE_EP task=VideoUnmaskSwap idx=314 member=record_dataset_VideoUnmaskSwap_xhard/hdf5_files/VideoUnmaskSwap_ep15_seed6500.h5 secs=1.645
MERGE_EP task=RouteStick idx=290 member=record_dataset_RouteStick_hard/hdf5_files/RouteStick_ep90_seed25000.h5 secs=1.384
MERGE_EP task=VideoRepick idx=164 member=record_dataset_VideoRepick_medium/hdf5_files/VideoRepick_ep31_seed12100.h5 secs=2.600
MERGE_EP task=BinFill idx=127 member=record_dataset_BinFill_easy/hdf5_files/BinFill_ep130_seed17000.h5 secs=3.305
MERGE_EP task=VideoUnmaskSwap idx=315 member=record_dataset_VideoUnmaskSwap_xhard/hdf5_files/VideoUnmaskSwap_ep16_seed6600.h5 secs=1.684
MERGE_EP task=RouteStick idx=291 member=record_dataset_RouteStick_hard/hdf5_files/RouteStick_ep91_seed25100.h5 secs=1.336
MERGE_EP task=VideoRepick idx=165 member=record_dataset_VideoRepick_medium/hdf5_files/VideoRepick_ep32_seed12200.h5 secs=2.061
MERGE_EP task=VideoUnmaskSwap idx=316 member=record_dataset_VideoUnmaskSwap_xhard/hdf5_files/VideoUnmaskSwap_ep17_seed6700.h5 secs=2.356
MERGE_EP task=RouteStick idx=292 member=record_dataset_RouteStick_hard/hdf5_files/RouteStick_ep92_seed25200.h5 secs=2.285
MERGE_EP task=RouteStick idx=293 member=record_dataset_RouteStick_hard/hdf5_files/RouteStick_ep93_seed25300.h5 secs=1.544
MERGE_EP task=VideoUnmaskSwap idx=317 member=record_dataset_VideoUnmaskSwap_xhard/hdf5_files/VideoUnmaskSwap_ep18_seed6800.h5 secs=1.932
MERGE_EP task=VideoRepick idx=166 member=record_dataset_VideoRepick_medium/hdf5_files/VideoRepick_ep33_seed12300.h5 secs=3.210
MERGE_EP task=BinFill idx=128 member=record_dataset_BinFill_easy/hdf5_files/BinFill_ep131_seed17100.h5 secs=4.871
MERGE_EP task=VideoUnmaskSwap idx=318 member=record_dataset_VideoUnmaskSwap_xhard/hdf5_files/VideoUnmaskSwap_ep19_seed6900.h5 secs=1.663
MERGE_EP task=RouteStick idx=294 member=record_dataset_RouteStick_hard/hdf5_files/RouteStick_ep94_seed25400.h5 secs=1.842
MERGE_EP task=VideoRepick idx=167 member=record_dataset_VideoRepick_medium/hdf5_files/VideoRepick_ep34_seed12400.h5 secs=2.295
MERGE_EP task=RouteStick idx=295 member=record_dataset_RouteStick_hard/hdf5_files/RouteStick_ep95_seed25500.h5 secs=1.329
MERGE_EP task=VideoUnmaskSwap idx=319 member=record_dataset_VideoUnmaskSwap_xhard/hdf5_files/VideoUnmaskSwap_ep20_seed7000.h5 secs=1.539
MERGE_EP task=BinFill idx=129 member=record_dataset_BinFill_easy/hdf5_files/BinFill_ep132_seed17200.h5 secs=3.390
MERGE_EP task=VideoRepick idx=168 member=record_dataset_VideoRepick_medium/hdf5_files/VideoRepick_ep35_seed12500.h5 secs=2.042
MERGE_EP task=VideoUnmaskSwap idx=320 member=record_dataset_VideoUnmaskSwap_xhard/hdf5_files/VideoUnmaskSwap_ep21_seed7100.h5 secs=1.548
MERGE_EP task=RouteStick idx=296 member=record_dataset_RouteStick_hard/hdf5_files/RouteStick_ep96_seed25600.h5 secs=1.858
MERGE_EP task=RouteStick idx=297 member=record_dataset_RouteStick_hard/hdf5_files/RouteStick_ep97_seed25700.h5 secs=1.082
MERGE_EP task=VideoUnmaskSwap idx=321 member=record_dataset_VideoUnmaskSwap_xhard/hdf5_files/VideoUnmaskSwap_ep22_seed7200.h5 secs=1.501
MERGE_EP task=BinFill idx=130 member=record_dataset_BinFill_easy/hdf5_files/BinFill_ep133_seed17300.h5 secs=2.467
MERGE_EP task=VideoRepick idx=169 member=record_dataset_VideoRepick_medium/hdf5_files/VideoRepick_ep36_seed12600.h5 secs=2.231
MERGE_EP task=RouteStick idx=298 member=record_dataset_RouteStick_hard/hdf5_files/RouteStick_ep98_seed25800.h5 secs=1.084
MERGE_EP task=VideoUnmaskSwap idx=322 member=record_dataset_VideoUnmaskSwap_xhard/hdf5_files/VideoUnmaskSwap_ep23_seed7300.h5 secs=1.545
MERGE_EP task=RouteStick idx=299 member=record_dataset_RouteStick_hard/hdf5_files/RouteStick_ep99_seed25900.h5 secs=1.599
MERGE_EP task=BinFill idx=131 member=record_dataset_BinFill_easy/hdf5_files/BinFill_ep134_seed17400.h5 secs=2.357
MERGE_EP task=VideoUnmaskSwap idx=323 member=record_dataset_VideoUnmaskSwap_xhard/hdf5_files/VideoUnmaskSwap_ep24_seed7400.h5 secs=1.538
MERGE_EP task=VideoRepick idx=170 member=record_dataset_VideoRepick_medium/hdf5_files/VideoRepick_ep37_seed12700.h5 secs=2.617
MERGE_EP task=VideoUnmaskSwap idx=324 member=record_dataset_VideoUnmaskSwap_xhard/hdf5_files/VideoUnmaskSwap_ep25_seed7500.h5 secs=1.608
MERGE_EP task=VideoRepick idx=171 member=record_dataset_VideoRepick_medium/hdf5_files/VideoRepick_ep38_seed12800.h5 secs=1.590
MERGE_EP task=RouteStick idx=300 member=record_dataset_RouteStick_xhard/hdf5_files/RouteStick_ep0_seed16000.h5 secs=2.571
MERGE_EP task=BinFill idx=132 member=record_dataset_BinFill_easy/hdf5_files/BinFill_ep135_seed17500.h5 secs=3.608
MERGE_EP task=VideoUnmaskSwap idx=325 member=record_dataset_VideoUnmaskSwap_xhard/hdf5_files/VideoUnmaskSwap_ep27_seed7700.h5 secs=1.814
MERGE_EP task=VideoRepick idx=172 member=record_dataset_VideoRepick_medium/hdf5_files/VideoRepick_ep40_seed13000.h5 secs=1.619
MERGE_EP task=RouteStick idx=301 member=record_dataset_RouteStick_xhard/hdf5_files/RouteStick_ep1_seed16100.h5 secs=2.064
MERGE_EP task=BinFill idx=133 member=record_dataset_BinFill_easy/hdf5_files/BinFill_ep136_seed17600.h5 secs=1.598
MERGE_EP task=VideoUnmaskSwap idx=326 member=record_dataset_VideoUnmaskSwap_xhard/hdf5_files/VideoUnmaskSwap_ep28_seed7800.h5 secs=1.715
MERGE_EP task=VideoRepick idx=173 member=record_dataset_VideoRepick_medium/hdf5_files/VideoRepick_ep41_seed13100.h5 secs=1.976
MERGE_EP task=RouteStick idx=302 member=record_dataset_RouteStick_xhard/hdf5_files/RouteStick_ep2_seed16200.h5 secs=2.425
MERGE_EP task=VideoUnmaskSwap idx=327 member=record_dataset_VideoUnmaskSwap_xhard/hdf5_files/VideoUnmaskSwap_ep29_seed7900.h5 secs=1.738
MERGE_EP task=BinFill idx=134 member=record_dataset_BinFill_medium/hdf5_files/BinFill_ep0_seed4000.h5 secs=2.867
MERGE_EP task=VideoRepick idx=174 member=record_dataset_VideoRepick_medium/hdf5_files/VideoRepick_ep42_seed13200.h5 secs=2.010
MERGE_EP task=VideoUnmaskSwap idx=328 member=record_dataset_VideoUnmaskSwap_xhard/hdf5_files/VideoUnmaskSwap_ep30_seed8000.h5 secs=1.467
MERGE_EP task=RouteStick idx=303 member=record_dataset_RouteStick_xhard/hdf5_files/RouteStick_ep3_seed16300.h5 secs=2.138
MERGE_EP task=VideoRepick idx=175 member=record_dataset_VideoRepick_medium/hdf5_files/VideoRepick_ep43_seed13300.h5 secs=2.335
MERGE_EP task=VideoUnmaskSwap idx=329 member=record_dataset_VideoUnmaskSwap_xhard/hdf5_files/VideoUnmaskSwap_ep31_seed8100.h5 secs=1.527
MERGE_EP task=RouteStick idx=304 member=record_dataset_RouteStick_xhard/hdf5_files/RouteStick_ep4_seed16400.h5 secs=2.177
MERGE_EP task=BinFill idx=135 member=record_dataset_BinFill_medium/hdf5_files/BinFill_ep1_seed4100.h5 secs=3.770
MERGE_EP task=VideoUnmaskSwap idx=330 member=record_dataset_VideoUnmaskSwap_xhard/hdf5_files/VideoUnmaskSwap_ep32_seed8200.h5 secs=1.543
MERGE_EP task=VideoRepick idx=176 member=record_dataset_VideoRepick_medium/hdf5_files/VideoRepick_ep45_seed13500.h5 secs=1.764
MERGE_EP task=VideoUnmaskSwap idx=331 member=record_dataset_VideoUnmaskSwap_xhard/hdf5_files/VideoUnmaskSwap_ep33_seed8300.h5 secs=1.656
MERGE_EP task=VideoRepick idx=177 member=record_dataset_VideoRepick_medium/hdf5_files/VideoRepick_ep46_seed13600.h5 secs=1.677
MERGE_EP task=RouteStick idx=305 member=record_dataset_RouteStick_xhard/hdf5_files/RouteStick_ep5_seed16500.h5 secs=2.701
MERGE_EP task=VideoUnmaskSwap idx=332 member=record_dataset_VideoUnmaskSwap_xhard/hdf5_files/VideoUnmaskSwap_ep34_seed8400.h5 secs=1.592
MERGE_EP task=VideoRepick idx=178 member=record_dataset_VideoRepick_medium/hdf5_files/VideoRepick_ep47_seed13700.h5 secs=2.466
MERGE_EP task=BinFill idx=136 member=record_dataset_BinFill_medium/hdf5_files/BinFill_ep2_seed4200.h5 secs=4.605
MERGE_EP task=RouteStick idx=306 member=record_dataset_RouteStick_xhard/hdf5_files/RouteStick_ep6_seed16600.h5 secs=2.714
MERGE_EP task=VideoUnmaskSwap idx=333 member=record_dataset_VideoUnmaskSwap_xhard/hdf5_files/VideoUnmaskSwap_ep35_seed8500.h5 secs=1.717
MERGE_EP task=VideoUnmaskSwap idx=334 member=record_dataset_VideoUnmaskSwap_xhard/hdf5_files/VideoUnmaskSwap_ep36_seed8600.h5 secs=1.534
MERGE_EP task=VideoRepick idx=179 member=record_dataset_VideoRepick_medium/hdf5_files/VideoRepick_ep48_seed13800.h5 secs=2.579
MERGE_EP task=RouteStick idx=307 member=record_dataset_RouteStick_xhard/hdf5_files/RouteStick_ep7_seed16700.h5 secs=2.477
MERGE_EP task=VideoUnmaskSwap idx=335 member=record_dataset_VideoUnmaskSwap_xhard/hdf5_files/VideoUnmaskSwap_ep37_seed8700.h5 secs=1.716
MERGE_EP task=VideoRepick idx=180 member=record_dataset_VideoRepick_medium/hdf5_files/VideoRepick_ep49_seed13900.h5 secs=1.816
MERGE_EP task=BinFill idx=137 member=record_dataset_BinFill_medium/hdf5_files/BinFill_ep3_seed4300.h5 secs=4.819
MERGE_EP task=RouteStick idx=308 member=record_dataset_RouteStick_xhard/hdf5_files/RouteStick_ep8_seed16800.h5 secs=2.757
MERGE_EP task=VideoUnmaskSwap idx=336 member=record_dataset_VideoUnmaskSwap_xhard/hdf5_files/VideoUnmaskSwap_ep38_seed8800.h5 secs=2.272
MERGE_EP task=VideoRepick idx=181 member=record_dataset_VideoRepick_medium/hdf5_files/VideoRepick_ep50_seed14000.h5 secs=2.567
MERGE_EP task=RouteStick idx=309 member=record_dataset_RouteStick_xhard/hdf5_files/RouteStick_ep9_seed16900.h5 secs=2.951
MERGE_EP task=VideoUnmaskSwap idx=337 member=record_dataset_VideoUnmaskSwap_xhard/hdf5_files/VideoUnmaskSwap_ep39_seed8900.h5 secs=2.387
MERGE_EP task=BinFill idx=138 member=record_dataset_BinFill_medium/hdf5_files/BinFill_ep4_seed4400.h5 secs=3.996
MERGE_EP task=VideoRepick idx=182 member=record_dataset_VideoRepick_medium/hdf5_files/VideoRepick_ep51_seed14100.h5 secs=2.179
MERGE_EP task=VideoUnmaskSwap idx=338 member=record_dataset_VideoUnmaskSwap_xhard/hdf5_files/VideoUnmaskSwap_ep40_seed9000.h5 secs=1.727
MERGE_EP task=RouteStick idx=310 member=record_dataset_RouteStick_xhard/hdf5_files/RouteStick_ep10_seed17000.h5 secs=2.305
MERGE_EP task=VideoRepick idx=183 member=record_dataset_VideoRepick_medium/hdf5_files/VideoRepick_ep52_seed14200.h5 secs=2.503
MERGE_EP task=VideoUnmaskSwap idx=339 member=record_dataset_VideoUnmaskSwap_xhard/hdf5_files/VideoUnmaskSwap_ep41_seed9100.h5 secs=1.513
MERGE_EP task=RouteStick idx=311 member=record_dataset_RouteStick_xhard/hdf5_files/RouteStick_ep11_seed17100.h5 secs=2.176
MERGE_EP task=VideoUnmaskSwap idx=340 member=record_dataset_VideoUnmaskSwap_xhard/hdf5_files/VideoUnmaskSwap_ep42_seed9200.h5 secs=1.609
MERGE_EP task=BinFill idx=139 member=record_dataset_BinFill_medium/hdf5_files/BinFill_ep5_seed4500.h5 secs=4.680
MERGE_EP task=VideoRepick idx=184 member=record_dataset_VideoRepick_medium/hdf5_files/VideoRepick_ep53_seed14300.h5 secs=2.345
MERGE_EP task=VideoUnmaskSwap idx=341 member=record_dataset_VideoUnmaskSwap_xhard/hdf5_files/VideoUnmaskSwap_ep43_seed9300.h5 secs=1.717
MERGE_EP task=VideoRepick idx=185 member=record_dataset_VideoRepick_medium/hdf5_files/VideoRepick_ep54_seed14400.h5 secs=1.625
MERGE_EP task=RouteStick idx=312 member=record_dataset_RouteStick_xhard/hdf5_files/RouteStick_ep12_seed17200.h5 secs=2.718
MERGE_EP task=BinFill idx=140 member=record_dataset_BinFill_medium/hdf5_files/BinFill_ep6_seed4600.h5 secs=2.653
MERGE_EP task=VideoUnmaskSwap idx=342 member=record_dataset_VideoUnmaskSwap_xhard/hdf5_files/VideoUnmaskSwap_ep44_seed9400.h5 secs=1.629
MERGE_EP task=VideoRepick idx=186 member=record_dataset_VideoRepick_medium/hdf5_files/VideoRepick_ep55_seed14500.h5 secs=2.338
MERGE_EP task=VideoUnmaskSwap idx=343 member=record_dataset_VideoUnmaskSwap_xhard/hdf5_files/VideoUnmaskSwap_ep45_seed9500.h5 secs=1.506
MERGE_EP task=RouteStick idx=313 member=record_dataset_RouteStick_xhard/hdf5_files/RouteStick_ep13_seed17300.h5 secs=2.659
MERGE_EP task=VideoUnmaskSwap idx=344 member=record_dataset_VideoUnmaskSwap_xhard/hdf5_files/VideoUnmaskSwap_ep46_seed9600.h5 secs=1.736
MERGE_EP task=BinFill idx=141 member=record_dataset_BinFill_medium/hdf5_files/BinFill_ep7_seed4700.h5 secs=3.807
MERGE_EP task=VideoRepick idx=187 member=record_dataset_VideoRepick_medium/hdf5_files/VideoRepick_ep56_seed14600.h5 secs=2.444
MERGE_EP task=RouteStick idx=314 member=record_dataset_RouteStick_xhard/hdf5_files/RouteStick_ep14_seed17400.h5 secs=2.448
MERGE_EP task=VideoUnmaskSwap idx=345 member=record_dataset_VideoUnmaskSwap_xhard/hdf5_files/VideoUnmaskSwap_ep47_seed9700.h5 secs=1.469
MERGE_EP task=VideoRepick idx=188 member=record_dataset_VideoRepick_medium/hdf5_files/VideoRepick_ep57_seed14700.h5 secs=2.172
MERGE_EP task=VideoUnmaskSwap idx=346 member=record_dataset_VideoUnmaskSwap_xhard/hdf5_files/VideoUnmaskSwap_ep48_seed9800.h5 secs=1.645
MERGE_EP task=RouteStick idx=315 member=record_dataset_RouteStick_xhard/hdf5_files/RouteStick_ep15_seed17500.h5 secs=2.693
MERGE_EP task=VideoRepick idx=189 member=record_dataset_VideoRepick_medium/hdf5_files/VideoRepick_ep58_seed14800.h5 secs=1.752
MERGE_EP task=VideoUnmaskSwap idx=347 member=record_dataset_VideoUnmaskSwap_xhard/hdf5_files/VideoUnmaskSwap_ep49_seed9900.h5 secs=1.549
MERGE_EP task=BinFill idx=142 member=record_dataset_BinFill_medium/hdf5_files/BinFill_ep8_seed4800.h5 secs=4.712
MERGE_EP task=RouteStick idx=316 member=record_dataset_RouteStick_xhard/hdf5_files/RouteStick_ep16_seed17600.h5 secs=2.493
MERGE_EP task=VideoUnmaskSwap idx=348 member=record_dataset_VideoUnmaskSwap_xhard/hdf5_files/VideoUnmaskSwap_ep50_seed10000.h5 secs=1.572
MERGE_EP task=VideoRepick idx=190 member=record_dataset_VideoRepick_medium/hdf5_files/VideoRepick_ep59_seed14900.h5 secs=2.105
MERGE_EP task=BinFill idx=143 member=record_dataset_BinFill_medium/hdf5_files/BinFill_ep9_seed4900.h5 secs=2.576
MERGE_EP task=VideoUnmaskSwap idx=349 member=record_dataset_VideoUnmaskSwap_xhard/hdf5_files/VideoUnmaskSwap_ep51_seed10100.h5 secs=1.702
MERGE_EP task=RouteStick idx=317 member=record_dataset_RouteStick_xhard/hdf5_files/RouteStick_ep17_seed17700.h5 secs=2.172
MERGE_EP task=VideoRepick idx=191 member=record_dataset_VideoRepick_medium/hdf5_files/VideoRepick_ep60_seed15000.h5 secs=2.547
MERGE_EP task=VideoUnmaskSwap idx=350 member=record_dataset_VideoUnmaskSwap_xhard/hdf5_files/VideoUnmaskSwap_ep52_seed10200.h5 secs=1.567
MERGE_EP task=RouteStick idx=318 member=record_dataset_RouteStick_xhard/hdf5_files/RouteStick_ep18_seed17800.h5 secs=2.427
MERGE_EP task=BinFill idx=144 member=record_dataset_BinFill_medium/hdf5_files/BinFill_ep10_seed5000.h5 secs=3.651
MERGE_EP task=VideoUnmaskSwap idx=351 member=record_dataset_VideoUnmaskSwap_xhard/hdf5_files/VideoUnmaskSwap_ep53_seed10300.h5 secs=1.625
MERGE_EP task=VideoRepick idx=192 member=record_dataset_VideoRepick_medium/hdf5_files/VideoRepick_ep61_seed15100.h5 secs=2.403
MERGE_EP task=VideoUnmaskSwap idx=352 member=record_dataset_VideoUnmaskSwap_xhard/hdf5_files/VideoUnmaskSwap_ep54_seed10400.h5 secs=1.525
MERGE_EP task=RouteStick idx=319 member=record_dataset_RouteStick_xhard/hdf5_files/RouteStick_ep19_seed17900.h5 secs=3.342
MERGE_EP task=VideoRepick idx=193 member=record_dataset_VideoRepick_medium/hdf5_files/VideoRepick_ep62_seed15200.h5 secs=3.040
MERGE_EP task=VideoUnmaskSwap idx=353 member=record_dataset_VideoUnmaskSwap_xhard/hdf5_files/VideoUnmaskSwap_ep55_seed10500.h5 secs=2.565
MERGE_EP task=VideoRepick idx=194 member=record_dataset_VideoRepick_medium/hdf5_files/VideoRepick_ep63_seed15300.h5 secs=1.940
MERGE_EP task=BinFill idx=145 member=record_dataset_BinFill_medium/hdf5_files/BinFill_ep11_seed5100.h5 secs=5.516
MERGE_EP task=RouteStick idx=320 member=record_dataset_RouteStick_xhard/hdf5_files/RouteStick_ep20_seed18000.h5 secs=2.599
MERGE_EP task=VideoUnmaskSwap idx=354 member=record_dataset_VideoUnmaskSwap_xhard/hdf5_files/VideoUnmaskSwap_ep56_seed10600.h5 secs=1.701
MERGE_EP task=VideoRepick idx=195 member=record_dataset_VideoRepick_medium/hdf5_files/VideoRepick_ep64_seed15400.h5 secs=2.131
MERGE_EP task=VideoUnmaskSwap idx=355 member=record_dataset_VideoUnmaskSwap_xhard/hdf5_files/VideoUnmaskSwap_ep57_seed10700.h5 secs=1.789
MERGE_EP task=RouteStick idx=321 member=record_dataset_RouteStick_xhard/hdf5_files/RouteStick_ep21_seed18100.h5 secs=2.265
MERGE_EP task=BinFill idx=146 member=record_dataset_BinFill_medium/hdf5_files/BinFill_ep12_seed5200.h5 secs=2.417
MERGE_EP task=VideoUnmaskSwap idx=356 member=record_dataset_VideoUnmaskSwap_xhard/hdf5_files/VideoUnmaskSwap_ep58_seed10800.h5 secs=1.500
MERGE_EP task=VideoRepick idx=196 member=record_dataset_VideoRepick_medium/hdf5_files/VideoRepick_ep65_seed15500.h5 secs=2.359
MERGE_EP task=RouteStick idx=322 member=record_dataset_RouteStick_xhard/hdf5_files/RouteStick_ep22_seed18200.h5 secs=2.269
MERGE_EP task=VideoUnmaskSwap idx=357 member=record_dataset_VideoUnmaskSwap_xhard/hdf5_files/VideoUnmaskSwap_ep59_seed10900.h5 secs=1.521
MERGE_EP task=VideoRepick idx=197 member=record_dataset_VideoRepick_medium/hdf5_files/VideoRepick_ep66_seed15600.h5 secs=2.217
MERGE_EP task=RouteStick idx=323 member=record_dataset_RouteStick_xhard/hdf5_files/RouteStick_ep23_seed18300.h5 secs=2.212
MERGE_EP task=VideoUnmaskSwap idx=358 member=record_dataset_VideoUnmaskSwap_xhard/hdf5_files/VideoUnmaskSwap_ep60_seed11000.h5 secs=1.819
MERGE_EP task=BinFill idx=147 member=record_dataset_BinFill_medium/hdf5_files/BinFill_ep13_seed5300.h5 secs=4.700
MERGE_EP task=VideoRepick idx=198 member=record_dataset_VideoRepick_medium/hdf5_files/VideoRepick_ep67_seed15700.h5 secs=1.701
MERGE_EP task=VideoUnmaskSwap idx=359 member=record_dataset_VideoUnmaskSwap_xhard/hdf5_files/VideoUnmaskSwap_ep61_seed11100.h5 secs=1.684
MERGE_EP task=RouteStick idx=324 member=record_dataset_RouteStick_xhard/hdf5_files/RouteStick_ep24_seed18400.h5 secs=2.692
MERGE_EP task=VideoRepick idx=199 member=record_dataset_VideoRepick_medium/hdf5_files/VideoRepick_ep68_seed15800.h5 secs=2.121
MERGE_EP task=VideoUnmaskSwap idx=360 member=record_dataset_VideoUnmaskSwap_xhard/hdf5_files/VideoUnmaskSwap_ep62_seed11200.h5 secs=1.623
MERGE_EP task=RouteStick idx=325 member=record_dataset_RouteStick_xhard/hdf5_files/RouteStick_ep25_seed18500.h5 secs=2.187
MERGE_EP task=BinFill idx=148 member=record_dataset_BinFill_medium/hdf5_files/BinFill_ep14_seed5400.h5 secs=4.608
MERGE_EP task=VideoUnmaskSwap idx=361 member=record_dataset_VideoUnmaskSwap_xhard/hdf5_files/VideoUnmaskSwap_ep63_seed11300.h5 secs=1.545
MERGE_EP task=VideoRepick idx=200 member=record_dataset_VideoRepick_medium/hdf5_files/VideoRepick_ep69_seed15900.h5 secs=1.845
MERGE_EP task=VideoUnmaskSwap idx=362 member=record_dataset_VideoUnmaskSwap_xhard/hdf5_files/VideoUnmaskSwap_ep64_seed11400.h5 secs=1.512
MERGE_EP task=RouteStick idx=326 member=record_dataset_RouteStick_xhard/hdf5_files/RouteStick_ep26_seed18600.h5 secs=2.439
MERGE_EP task=VideoRepick idx=201 member=record_dataset_VideoRepick_medium/hdf5_files/VideoRepick_ep70_seed16000.h5 secs=2.237
MERGE_EP task=BinFill idx=149 member=record_dataset_BinFill_medium/hdf5_files/BinFill_ep15_seed5500.h5 secs=3.305
MERGE_EP task=VideoUnmaskSwap idx=363 member=record_dataset_VideoUnmaskSwap_xhard/hdf5_files/VideoUnmaskSwap_ep65_seed11500.h5 secs=1.661
MERGE_EP task=VideoUnmaskSwap idx=364 member=record_dataset_VideoUnmaskSwap_xhard/hdf5_files/VideoUnmaskSwap_ep66_seed11600.h5 secs=2.237
MERGE_EP task=VideoRepick idx=202 member=record_dataset_VideoRepick_medium/hdf5_files/VideoRepick_ep71_seed16100.h5 secs=2.960
MERGE_EP task=RouteStick idx=327 member=record_dataset_RouteStick_xhard/hdf5_files/RouteStick_ep27_seed18700.h5 secs=3.484
MERGE_EP task=VideoUnmaskSwap idx=365 member=record_dataset_VideoUnmaskSwap_xhard/hdf5_files/VideoUnmaskSwap_ep67_seed11700.h5 secs=1.498
MERGE_EP task=BinFill idx=150 member=record_dataset_BinFill_medium/hdf5_files/BinFill_ep16_seed5600.h5 secs=3.947
MERGE_EP task=VideoRepick idx=203 member=record_dataset_VideoRepick_medium/hdf5_files/VideoRepick_ep72_seed16200.h5 secs=2.595
MERGE_EP task=RouteStick idx=328 member=record_dataset_RouteStick_xhard/hdf5_files/RouteStick_ep28_seed18800.h5 secs=2.468
MERGE_EP task=VideoUnmaskSwap idx=366 member=record_dataset_VideoUnmaskSwap_xhard/hdf5_files/VideoUnmaskSwap_ep68_seed11800.h5 secs=1.505
MERGE_EP task=BinFill idx=151 member=record_dataset_BinFill_medium/hdf5_files/BinFill_ep17_seed5700.h5 secs=2.658
MERGE_EP task=VideoUnmaskSwap idx=367 member=record_dataset_VideoUnmaskSwap_xhard/hdf5_files/VideoUnmaskSwap_ep69_seed11900.h5 secs=1.450
MERGE_EP task=VideoRepick idx=204 member=record_dataset_VideoRepick_medium/hdf5_files/VideoRepick_ep73_seed16300.h5 secs=2.163
MERGE_EP task=RouteStick idx=329 member=record_dataset_RouteStick_xhard/hdf5_files/RouteStick_ep29_seed18900.h5 secs=2.224
MERGE_EP task=VideoUnmaskSwap idx=368 member=record_dataset_VideoUnmaskSwap_xhard/hdf5_files/VideoUnmaskSwap_ep70_seed12000.h5 secs=1.750
MERGE_EP task=VideoRepick idx=205 member=record_dataset_VideoRepick_medium/hdf5_files/VideoRepick_ep74_seed16400.h5 secs=1.693
MERGE_EP task=RouteStick idx=330 member=record_dataset_RouteStick_xhard/hdf5_files/RouteStick_ep30_seed19000.h5 secs=2.881
MERGE_EP task=VideoUnmaskSwap idx=369 member=record_dataset_VideoUnmaskSwap_xhard/hdf5_files/VideoUnmaskSwap_ep71_seed12100.h5 secs=1.886
MERGE_EP task=VideoRepick idx=206 member=record_dataset_VideoRepick_medium/hdf5_files/VideoRepick_ep75_seed16500.h5 secs=2.470
MERGE_EP task=BinFill idx=152 member=record_dataset_BinFill_medium/hdf5_files/BinFill_ep18_seed5800.h5 secs=5.235
MERGE_EP task=VideoUnmaskSwap idx=370 member=record_dataset_VideoUnmaskSwap_xhard/hdf5_files/VideoUnmaskSwap_ep72_seed12200.h5 secs=1.674
MERGE_EP task=RouteStick idx=331 member=record_dataset_RouteStick_xhard/hdf5_files/RouteStick_ep31_seed19100.h5 secs=2.205
MERGE_EP task=VideoRepick idx=207 member=record_dataset_VideoRepick_medium/hdf5_files/VideoRepick_ep77_seed16700.h5 secs=1.778
MERGE_EP task=VideoUnmaskSwap idx=371 member=record_dataset_VideoUnmaskSwap_xhard/hdf5_files/VideoUnmaskSwap_ep73_seed12300.h5 secs=1.543
MERGE_EP task=RouteStick idx=332 member=record_dataset_RouteStick_xhard/hdf5_files/RouteStick_ep32_seed19200.h5 secs=2.755
MERGE_EP task=VideoRepick idx=208 member=record_dataset_VideoRepick_medium/hdf5_files/VideoRepick_ep78_seed16800.h5 secs=2.092
MERGE_EP task=VideoUnmaskSwap idx=372 member=record_dataset_VideoUnmaskSwap_xhard/hdf5_files/VideoUnmaskSwap_ep74_seed12400.h5 secs=1.569
MERGE_EP task=BinFill idx=153 member=record_dataset_BinFill_medium/hdf5_files/BinFill_ep19_seed5900.h5 secs=4.445
MERGE_EP task=VideoUnmaskSwap idx=373 member=record_dataset_VideoUnmaskSwap_xhard/hdf5_files/VideoUnmaskSwap_ep75_seed12500.h5 secs=1.572
MERGE_EP task=VideoRepick idx=209 member=record_dataset_VideoRepick_medium/hdf5_files/VideoRepick_ep79_seed16900.h5 secs=2.396
MERGE_EP task=RouteStick idx=333 member=record_dataset_RouteStick_xhard/hdf5_files/RouteStick_ep33_seed19300.h5 secs=2.672
MERGE_EP task=VideoUnmaskSwap idx=374 member=record_dataset_VideoUnmaskSwap_xhard/hdf5_files/VideoUnmaskSwap_ep76_seed12600.h5 secs=1.585
MERGE_EP task=BinFill idx=154 member=record_dataset_BinFill_medium/hdf5_files/BinFill_ep20_seed6000.h5 secs=3.610
MERGE_EP task=VideoRepick idx=210 member=record_dataset_VideoRepick_medium/hdf5_files/VideoRepick_ep80_seed17000.h5 secs=2.336
MERGE_EP task=VideoUnmaskSwap idx=375 member=record_dataset_VideoUnmaskSwap_xhard/hdf5_files/VideoUnmaskSwap_ep77_seed12700.h5 secs=1.766
MERGE_EP task=RouteStick idx=334 member=record_dataset_RouteStick_xhard/hdf5_files/RouteStick_ep34_seed19400.h5 secs=2.423
MERGE_EP task=VideoUnmaskSwap idx=376 member=record_dataset_VideoUnmaskSwap_xhard/hdf5_files/VideoUnmaskSwap_ep78_seed12800.h5 secs=1.744
MERGE_EP task=VideoRepick idx=211 member=record_dataset_VideoRepick_medium/hdf5_files/VideoRepick_ep81_seed17100.h5 secs=2.462
MERGE_EP task=BinFill idx=155 member=record_dataset_BinFill_medium/hdf5_files/BinFill_ep21_seed6100.h5 secs=2.960
MERGE_EP task=RouteStick idx=335 member=record_dataset_RouteStick_xhard/hdf5_files/RouteStick_ep35_seed19500.h5 secs=2.659
MERGE_EP task=VideoUnmaskSwap idx=377 member=record_dataset_VideoUnmaskSwap_xhard/hdf5_files/VideoUnmaskSwap_ep79_seed12900.h5 secs=1.757
MERGE_EP task=VideoRepick idx=212 member=record_dataset_VideoRepick_medium/hdf5_files/VideoRepick_ep82_seed17200.h5 secs=2.075
MERGE_EP task=VideoUnmaskSwap idx=378 member=record_dataset_VideoUnmaskSwap_xhard/hdf5_files/VideoUnmaskSwap_ep80_seed13000.h5 secs=1.510
MERGE_EP task=BinFill idx=156 member=record_dataset_BinFill_medium/hdf5_files/BinFill_ep22_seed6200.h5 secs=2.519
MERGE_EP task=RouteStick idx=336 member=record_dataset_RouteStick_xhard/hdf5_files/RouteStick_ep36_seed19600.h5 secs=2.704
MERGE_EP task=VideoRepick idx=213 member=record_dataset_VideoRepick_medium/hdf5_files/VideoRepick_ep83_seed17300.h5 secs=1.589
MERGE_EP task=VideoUnmaskSwap idx=379 member=record_dataset_VideoUnmaskSwap_xhard/hdf5_files/VideoUnmaskSwap_ep81_seed13100.h5 secs=1.671
MERGE_EP task=VideoRepick idx=214 member=record_dataset_VideoRepick_medium/hdf5_files/VideoRepick_ep84_seed17400.h5 secs=1.861
MERGE_EP task=RouteStick idx=337 member=record_dataset_RouteStick_xhard/hdf5_files/RouteStick_ep37_seed19700.h5 secs=2.443
MERGE_EP task=VideoUnmaskSwap idx=380 member=record_dataset_VideoUnmaskSwap_xhard/hdf5_files/VideoUnmaskSwap_ep82_seed13200.h5 secs=1.577
MERGE_EP task=BinFill idx=157 member=record_dataset_BinFill_medium/hdf5_files/BinFill_ep23_seed6300.h5 secs=3.023
MERGE_EP task=VideoRepick idx=215 member=record_dataset_VideoRepick_medium/hdf5_files/VideoRepick_ep85_seed17500.h5 secs=1.751
MERGE_EP task=VideoUnmaskSwap idx=381 member=record_dataset_VideoUnmaskSwap_xhard/hdf5_files/VideoUnmaskSwap_ep83_seed13300.h5 secs=1.493
MERGE_EP task=RouteStick idx=338 member=record_dataset_RouteStick_xhard/hdf5_files/RouteStick_ep38_seed19800.h5 secs=2.141
MERGE_EP task=BinFill idx=158 member=record_dataset_BinFill_medium/hdf5_files/BinFill_ep24_seed6400.h5 secs=2.638
MERGE_EP task=VideoUnmaskSwap idx=382 member=record_dataset_VideoUnmaskSwap_xhard/hdf5_files/VideoUnmaskSwap_ep84_seed13400.h5 secs=1.550
MERGE_EP task=VideoRepick idx=216 member=record_dataset_VideoRepick_medium/hdf5_files/VideoRepick_ep86_seed17600.h5 secs=1.965
MERGE_EP task=RouteStick idx=339 member=record_dataset_RouteStick_xhard/hdf5_files/RouteStick_ep39_seed19900.h5 secs=2.420
MERGE_EP task=VideoUnmaskSwap idx=383 member=record_dataset_VideoUnmaskSwap_xhard/hdf5_files/VideoUnmaskSwap_ep85_seed13500.h5 secs=1.696
MERGE_EP task=VideoRepick idx=217 member=record_dataset_VideoRepick_medium/hdf5_files/VideoRepick_ep87_seed17700.h5 secs=2.002
MERGE_EP task=BinFill idx=159 member=record_dataset_BinFill_medium/hdf5_files/BinFill_ep25_seed6500.h5 secs=3.606
MERGE_EP task=RouteStick idx=340 member=record_dataset_RouteStick_xhard/hdf5_files/RouteStick_ep40_seed20000.h5 secs=2.180
MERGE_EP task=VideoUnmaskSwap idx=384 member=record_dataset_VideoUnmaskSwap_xhard/hdf5_files/VideoUnmaskSwap_ep86_seed13600.h5 secs=1.720
MERGE_EP task=VideoRepick idx=218 member=record_dataset_VideoRepick_medium/hdf5_files/VideoRepick_ep88_seed17800.h5 secs=2.536
MERGE_EP task=VideoUnmaskSwap idx=385 member=record_dataset_VideoUnmaskSwap_xhard/hdf5_files/VideoUnmaskSwap_ep87_seed13700.h5 secs=1.741
MERGE_EP task=RouteStick idx=341 member=record_dataset_RouteStick_xhard/hdf5_files/RouteStick_ep41_seed20100.h5 secs=2.509
MERGE_EP task=VideoRepick idx=219 member=record_dataset_VideoRepick_medium/hdf5_files/VideoRepick_ep89_seed17900.h5 secs=1.831
MERGE_EP task=VideoUnmaskSwap idx=386 member=record_dataset_VideoUnmaskSwap_xhard/hdf5_files/VideoUnmaskSwap_ep88_seed13800.h5 secs=1.690
MERGE_EP task=BinFill idx=160 member=record_dataset_BinFill_medium/hdf5_files/BinFill_ep26_seed6600.h5 secs=4.393
MERGE_EP task=RouteStick idx=342 member=record_dataset_RouteStick_xhard/hdf5_files/RouteStick_ep42_seed20200.h5 secs=2.210
MERGE_EP task=VideoUnmaskSwap idx=387 member=record_dataset_VideoUnmaskSwap_xhard/hdf5_files/VideoUnmaskSwap_ep89_seed13900.h5 secs=1.590
MERGE_EP task=VideoRepick idx=220 member=record_dataset_VideoRepick_medium/hdf5_files/VideoRepick_ep90_seed18000.h5 secs=2.316
MERGE_EP task=VideoUnmaskSwap idx=388 member=record_dataset_VideoUnmaskSwap_xhard/hdf5_files/VideoUnmaskSwap_ep90_seed14000.h5 secs=2.421
MERGE_EP task=VideoRepick idx=221 member=record_dataset_VideoRepick_medium/hdf5_files/VideoRepick_ep92_seed18200.h5 secs=2.632
MERGE_EP task=RouteStick idx=343 member=record_dataset_RouteStick_xhard/hdf5_files/RouteStick_ep43_seed20300.h5 secs=4.070
MERGE_EP task=BinFill idx=161 member=record_dataset_BinFill_medium/hdf5_files/BinFill_ep27_seed6700.h5 secs=4.841
MERGE_EP task=VideoUnmaskSwap idx=389 member=record_dataset_VideoUnmaskSwap_xhard/hdf5_files/VideoUnmaskSwap_ep91_seed14100.h5 secs=1.799
MERGE_EP task=VideoRepick idx=222 member=record_dataset_VideoRepick_medium/hdf5_files/VideoRepick_ep93_seed18300.h5 secs=2.425
MERGE_EP task=VideoUnmaskSwap idx=390 member=record_dataset_VideoUnmaskSwap_xhard/hdf5_files/VideoUnmaskSwap_ep92_seed14200.h5 secs=1.524
MERGE_EP task=RouteStick idx=344 member=record_dataset_RouteStick_xhard/hdf5_files/RouteStick_ep44_seed20400.h5 secs=2.229
MERGE_EP task=VideoRepick idx=223 member=record_dataset_VideoRepick_medium/hdf5_files/VideoRepick_ep94_seed18400.h5 secs=1.809
MERGE_EP task=VideoUnmaskSwap idx=391 member=record_dataset_VideoUnmaskSwap_xhard/hdf5_files/VideoUnmaskSwap_ep93_seed14300.h5 secs=1.789
MERGE_EP task=BinFill idx=162 member=record_dataset_BinFill_medium/hdf5_files/BinFill_ep28_seed6800.h5 secs=3.819
MERGE_EP task=RouteStick idx=345 member=record_dataset_RouteStick_xhard/hdf5_files/RouteStick_ep45_seed20500.h5 secs=2.456
MERGE_EP task=VideoUnmaskSwap idx=392 member=record_dataset_VideoUnmaskSwap_xhard/hdf5_files/VideoUnmaskSwap_ep94_seed14400.h5 secs=1.646
MERGE_EP task=VideoRepick idx=224 member=record_dataset_VideoRepick_medium/hdf5_files/VideoRepick_ep95_seed18500.h5 secs=2.013
MERGE_EP task=VideoUnmaskSwap idx=393 member=record_dataset_VideoUnmaskSwap_xhard/hdf5_files/VideoUnmaskSwap_ep95_seed14500.h5 secs=1.577
MERGE_EP task=RouteStick idx=346 member=record_dataset_RouteStick_xhard/hdf5_files/RouteStick_ep46_seed20600.h5 secs=2.815
MERGE_EP task=VideoRepick idx=225 member=record_dataset_VideoRepick_medium/hdf5_files/VideoRepick_ep96_seed18600.h5 secs=1.920
MERGE_EP task=BinFill idx=163 member=record_dataset_BinFill_medium/hdf5_files/BinFill_ep29_seed6900.h5 secs=4.476
MERGE_EP task=VideoUnmaskSwap idx=394 member=record_dataset_VideoUnmaskSwap_xhard/hdf5_files/VideoUnmaskSwap_ep96_seed14600.h5 secs=1.771
MERGE_EP task=RouteStick idx=347 member=record_dataset_RouteStick_xhard/hdf5_files/RouteStick_ep47_seed20700.h5 secs=2.187
MERGE_EP task=VideoRepick idx=226 member=record_dataset_VideoRepick_medium/hdf5_files/VideoRepick_ep97_seed18700.h5 secs=2.355
MERGE_EP task=VideoUnmaskSwap idx=395 member=record_dataset_VideoUnmaskSwap_xhard/hdf5_files/VideoUnmaskSwap_ep97_seed14700.h5 secs=1.521
MERGE_EP task=VideoUnmaskSwap idx=396 member=record_dataset_VideoUnmaskSwap_xhard/hdf5_files/VideoUnmaskSwap_ep98_seed14800.h5 secs=1.689
MERGE_EP task=VideoRepick idx=227 member=record_dataset_VideoRepick_medium/hdf5_files/VideoRepick_ep98_seed18800.h5 secs=2.157
MERGE_EP task=RouteStick idx=348 member=record_dataset_RouteStick_xhard/hdf5_files/RouteStick_ep48_seed20800.h5 secs=2.708
MERGE_EP task=BinFill idx=164 member=record_dataset_BinFill_medium/hdf5_files/BinFill_ep31_seed7100.h5 secs=4.568
MERGE_EP task=VideoUnmaskSwap idx=397 member=record_dataset_VideoUnmaskSwap_xhard/hdf5_files/VideoUnmaskSwap_ep99_seed14900.h5 secs=1.539
MERGE_EP task=VideoRepick idx=228 member=record_dataset_VideoRepick_medium/hdf5_files/VideoRepick_ep99_seed18900.h5 secs=2.015
MERGE_EP task=RouteStick idx=349 member=record_dataset_RouteStick_xhard/hdf5_files/RouteStick_ep49_seed20900.h5 secs=2.155
MERGE_EP task=VideoUnmaskSwap idx=398 member=record_dataset_VideoUnmaskSwap_xhard/hdf5_files/VideoUnmaskSwap_ep100_seed15000.h5 secs=1.550
MERGE_EP task=BinFill idx=165 member=record_dataset_BinFill_medium/hdf5_files/BinFill_ep33_seed7300.h5 secs=2.287
MERGE_EP task=VideoRepick idx=229 member=record_dataset_VideoRepick_medium/hdf5_files/VideoRepick_ep100_seed19000.h5 secs=1.669
MERGE_EP task=VideoUnmaskSwap idx=399 member=record_dataset_VideoUnmaskSwap_xhard/hdf5_files/VideoUnmaskSwap_ep101_seed15100.h5 secs=1.689
MERGE_TASK=PASS task=VideoUnmaskSwap episodes=400
MERGE_EP task=RouteStick idx=350 member=record_dataset_RouteStick_xhard/hdf5_files/RouteStick_ep50_seed21000.h5 secs=2.697
MERGE_EP task=VideoRepick idx=230 member=record_dataset_VideoRepick_medium/hdf5_files/VideoRepick_ep101_seed19100.h5 secs=2.098
MERGE_EP task=BinFill idx=166 member=record_dataset_BinFill_medium/hdf5_files/BinFill_ep34_seed7400.h5 secs=2.511
MERGE_EP task=RouteStick idx=351 member=record_dataset_RouteStick_xhard/hdf5_files/RouteStick_ep51_seed21100.h5 secs=2.467
MERGE_EP task=VideoRepick idx=231 member=record_dataset_VideoRepick_medium/hdf5_files/VideoRepick_ep102_seed19200.h5 secs=2.250
MERGE_EP task=VideoRepick idx=232 member=record_dataset_VideoRepick_medium/hdf5_files/VideoRepick_ep103_seed19300.h5 secs=2.133
MERGE_EP task=RouteStick idx=352 member=record_dataset_RouteStick_xhard/hdf5_files/RouteStick_ep52_seed21200.h5 secs=2.733
MERGE_EP task=BinFill idx=167 member=record_dataset_BinFill_medium/hdf5_files/BinFill_ep35_seed7500.h5 secs=4.603
MERGE_EP task=VideoRepick idx=233 member=record_dataset_VideoRepick_medium/hdf5_files/VideoRepick_ep104_seed19400.h5 secs=1.589
MERGE_EP task=RouteStick idx=353 member=record_dataset_RouteStick_xhard/hdf5_files/RouteStick_ep53_seed21300.h5 secs=2.792
MERGE_EP task=VideoRepick idx=234 member=record_dataset_VideoRepick_medium/hdf5_files/VideoRepick_ep105_seed19500.h5 secs=2.162
MERGE_EP task=BinFill idx=168 member=record_dataset_BinFill_medium/hdf5_files/BinFill_ep36_seed7600.h5 secs=4.549
MERGE_EP task=RouteStick idx=354 member=record_dataset_RouteStick_xhard/hdf5_files/RouteStick_ep54_seed21400.h5 secs=2.450
MERGE_EP task=VideoRepick idx=235 member=record_dataset_VideoRepick_medium/hdf5_files/VideoRepick_ep106_seed19600.h5 secs=2.273
MERGE_EP task=RouteStick idx=355 member=record_dataset_RouteStick_xhard/hdf5_files/RouteStick_ep55_seed21500.h5 secs=2.247
MERGE_EP task=VideoRepick idx=236 member=record_dataset_VideoRepick_medium/hdf5_files/VideoRepick_ep107_seed19700.h5 secs=2.373
MERGE_EP task=BinFill idx=169 member=record_dataset_BinFill_medium/hdf5_files/BinFill_ep37_seed7700.h5 secs=3.501
MERGE_EP task=RouteStick idx=356 member=record_dataset_RouteStick_xhard/hdf5_files/RouteStick_ep56_seed21600.h5 secs=3.222
MERGE_EP task=VideoRepick idx=237 member=record_dataset_VideoRepick_medium/hdf5_files/VideoRepick_ep108_seed19800.h5 secs=2.763
MERGE_EP task=BinFill idx=170 member=record_dataset_BinFill_medium/hdf5_files/BinFill_ep38_seed7800.h5 secs=4.060
MERGE_EP task=VideoRepick idx=238 member=record_dataset_VideoRepick_medium/hdf5_files/VideoRepick_ep109_seed19900.h5 secs=2.249
MERGE_EP task=RouteStick idx=357 member=record_dataset_RouteStick_xhard/hdf5_files/RouteStick_ep57_seed21700.h5 secs=2.447
MERGE_EP task=VideoRepick idx=239 member=record_dataset_VideoRepick_medium/hdf5_files/VideoRepick_ep110_seed20000.h5 secs=2.556
MERGE_EP task=RouteStick idx=358 member=record_dataset_RouteStick_xhard/hdf5_files/RouteStick_ep58_seed21800.h5 secs=2.639
MERGE_EP task=BinFill idx=171 member=record_dataset_BinFill_medium/hdf5_files/BinFill_ep39_seed7900.h5 secs=3.734
MERGE_EP task=VideoRepick idx=240 member=record_dataset_VideoRepick_medium/hdf5_files/VideoRepick_ep111_seed20100.h5 secs=1.685
MERGE_EP task=RouteStick idx=359 member=record_dataset_RouteStick_xhard/hdf5_files/RouteStick_ep59_seed21900.h5 secs=2.137
MERGE_EP task=BinFill idx=172 member=record_dataset_BinFill_medium/hdf5_files/BinFill_ep40_seed8000.h5 secs=2.222
MERGE_EP task=VideoRepick idx=241 member=record_dataset_VideoRepick_medium/hdf5_files/VideoRepick_ep112_seed20200.h5 secs=2.077
MERGE_EP task=RouteStick idx=360 member=record_dataset_RouteStick_xhard/hdf5_files/RouteStick_ep60_seed22000.h5 secs=2.662
MERGE_EP task=BinFill idx=173 member=record_dataset_BinFill_medium/hdf5_files/BinFill_ep41_seed8100.h5 secs=2.539
MERGE_EP task=VideoRepick idx=242 member=record_dataset_VideoRepick_medium/hdf5_files/VideoRepick_ep113_seed20300.h5 secs=1.653
MERGE_EP task=RouteStick idx=361 member=record_dataset_RouteStick_xhard/hdf5_files/RouteStick_ep61_seed22100.h5 secs=2.226
MERGE_EP task=BinFill idx=174 member=record_dataset_BinFill_medium/hdf5_files/BinFill_ep42_seed8200.h5 secs=2.576
MERGE_EP task=VideoRepick idx=243 member=record_dataset_VideoRepick_medium/hdf5_files/VideoRepick_ep115_seed20500.h5 secs=2.357
MERGE_EP task=RouteStick idx=362 member=record_dataset_RouteStick_xhard/hdf5_files/RouteStick_ep62_seed22200.h5 secs=2.484
MERGE_EP task=VideoRepick idx=244 member=record_dataset_VideoRepick_medium/hdf5_files/VideoRepick_ep116_seed20600.h5 secs=2.183
MERGE_EP task=BinFill idx=175 member=record_dataset_BinFill_medium/hdf5_files/BinFill_ep43_seed8300.h5 secs=2.690
MERGE_EP task=RouteStick idx=363 member=record_dataset_RouteStick_xhard/hdf5_files/RouteStick_ep63_seed22300.h5 secs=2.745
MERGE_EP task=VideoRepick idx=245 member=record_dataset_VideoRepick_medium/hdf5_files/VideoRepick_ep117_seed20700.h5 secs=2.660
MERGE_EP task=BinFill idx=176 member=record_dataset_BinFill_medium/hdf5_files/BinFill_ep44_seed8400.h5 secs=3.542
MERGE_EP task=RouteStick idx=364 member=record_dataset_RouteStick_xhard/hdf5_files/RouteStick_ep64_seed22400.h5 secs=2.569
MERGE_EP task=VideoRepick idx=246 member=record_dataset_VideoRepick_medium/hdf5_files/VideoRepick_ep118_seed20800.h5 secs=2.599
MERGE_EP task=VideoRepick idx=247 member=record_dataset_VideoRepick_medium/hdf5_files/VideoRepick_ep119_seed20900.h5 secs=2.089
MERGE_EP task=RouteStick idx=365 member=record_dataset_RouteStick_xhard/hdf5_files/RouteStick_ep65_seed22500.h5 secs=2.458
MERGE_EP task=BinFill idx=177 member=record_dataset_BinFill_medium/hdf5_files/BinFill_ep45_seed8500.h5 secs=3.624
MERGE_EP task=VideoRepick idx=248 member=record_dataset_VideoRepick_medium/hdf5_files/VideoRepick_ep120_seed21000.h5 secs=1.662
MERGE_EP task=RouteStick idx=366 member=record_dataset_RouteStick_xhard/hdf5_files/RouteStick_ep66_seed22600.h5 secs=2.613
MERGE_EP task=VideoRepick idx=249 member=record_dataset_VideoRepick_medium/hdf5_files/VideoRepick_ep121_seed21100.h5 secs=1.569
MERGE_EP task=BinFill idx=178 member=record_dataset_BinFill_medium/hdf5_files/BinFill_ep46_seed8600.h5 secs=4.677
MERGE_EP task=VideoRepick idx=250 member=record_dataset_VideoRepick_medium/hdf5_files/VideoRepick_ep122_seed21200.h5 secs=1.616
MERGE_EP task=RouteStick idx=367 member=record_dataset_RouteStick_xhard/hdf5_files/RouteStick_ep67_seed22700.h5 secs=2.208
MERGE_EP task=RouteStick idx=368 member=record_dataset_RouteStick_xhard/hdf5_files/RouteStick_ep68_seed22800.h5 secs=2.413
MERGE_EP task=VideoRepick idx=251 member=record_dataset_VideoRepick_medium/hdf5_files/VideoRepick_ep123_seed21300.h5 secs=2.557
MERGE_EP task=RouteStick idx=369 member=record_dataset_RouteStick_xhard/hdf5_files/RouteStick_ep69_seed22900.h5 secs=3.127
MERGE_EP task=VideoRepick idx=252 member=record_dataset_VideoRepick_medium/hdf5_files/VideoRepick_ep124_seed21400.h5 secs=3.082
MERGE_EP task=BinFill idx=179 member=record_dataset_BinFill_medium/hdf5_files/BinFill_ep47_seed8700.h5 secs=5.939
MERGE_EP task=VideoRepick idx=253 member=record_dataset_VideoRepick_medium/hdf5_files/VideoRepick_ep125_seed21500.h5 secs=1.873
MERGE_EP task=RouteStick idx=370 member=record_dataset_RouteStick_xhard/hdf5_files/RouteStick_ep70_seed23000.h5 secs=2.198
MERGE_EP task=VideoRepick idx=254 member=record_dataset_VideoRepick_medium/hdf5_files/VideoRepick_ep126_seed21600.h5 secs=1.988
MERGE_EP task=BinFill idx=180 member=record_dataset_BinFill_medium/hdf5_files/BinFill_ep48_seed8800.h5 secs=4.250
MERGE_EP task=RouteStick idx=371 member=record_dataset_RouteStick_xhard/hdf5_files/RouteStick_ep71_seed23100.h5 secs=2.722
MERGE_EP task=VideoRepick idx=255 member=record_dataset_VideoRepick_medium/hdf5_files/VideoRepick_ep127_seed21700.h5 secs=2.398
MERGE_EP task=RouteStick idx=372 member=record_dataset_RouteStick_xhard/hdf5_files/RouteStick_ep72_seed23200.h5 secs=2.154
MERGE_EP task=BinFill idx=181 member=record_dataset_BinFill_medium/hdf5_files/BinFill_ep49_seed8900.h5 secs=2.802
MERGE_EP task=VideoRepick idx=256 member=record_dataset_VideoRepick_medium/hdf5_files/VideoRepick_ep128_seed21800.h5 secs=2.586
MERGE_EP task=RouteStick idx=373 member=record_dataset_RouteStick_xhard/hdf5_files/RouteStick_ep73_seed23300.h5 secs=2.475
MERGE_EP task=BinFill idx=182 member=record_dataset_BinFill_medium/hdf5_files/BinFill_ep50_seed9000.h5 secs=2.730
MERGE_EP task=VideoRepick idx=257 member=record_dataset_VideoRepick_medium/hdf5_files/VideoRepick_ep129_seed21900.h5 secs=2.473
MERGE_EP task=RouteStick idx=374 member=record_dataset_RouteStick_xhard/hdf5_files/RouteStick_ep74_seed23400.h5 secs=2.205
MERGE_EP task=VideoRepick idx=258 member=record_dataset_VideoRepick_medium/hdf5_files/VideoRepick_ep130_seed22000.h5 secs=2.356
MERGE_EP task=BinFill idx=183 member=record_dataset_BinFill_medium/hdf5_files/BinFill_ep51_seed9100.h5 secs=4.103
MERGE_EP task=RouteStick idx=375 member=record_dataset_RouteStick_xhard/hdf5_files/RouteStick_ep75_seed23500.h5 secs=2.818
MERGE_EP task=VideoRepick idx=259 member=record_dataset_VideoRepick_medium/hdf5_files/VideoRepick_ep131_seed22100.h5 secs=2.006
MERGE_EP task=RouteStick idx=376 member=record_dataset_RouteStick_xhard/hdf5_files/RouteStick_ep76_seed23600.h5 secs=2.470
MERGE_EP task=VideoRepick idx=260 member=record_dataset_VideoRepick_medium/hdf5_files/VideoRepick_ep132_seed22200.h5 secs=2.042
MERGE_EP task=BinFill idx=184 member=record_dataset_BinFill_medium/hdf5_files/BinFill_ep52_seed9200.h5 secs=4.296
MERGE_EP task=RouteStick idx=377 member=record_dataset_RouteStick_xhard/hdf5_files/RouteStick_ep77_seed23700.h5 secs=2.435
MERGE_EP task=VideoRepick idx=261 member=record_dataset_VideoRepick_medium/hdf5_files/VideoRepick_ep133_seed22300.h5 secs=1.705
MERGE_EP task=VideoRepick idx=262 member=record_dataset_VideoRepick_medium/hdf5_files/VideoRepick_ep134_seed22400.h5 secs=2.372
MERGE_EP task=BinFill idx=185 member=record_dataset_BinFill_medium/hdf5_files/BinFill_ep53_seed9300.h5 secs=3.550
MERGE_EP task=RouteStick idx=378 member=record_dataset_RouteStick_xhard/hdf5_files/RouteStick_ep78_seed23800.h5 secs=2.665
MERGE_EP task=VideoRepick idx=263 member=record_dataset_VideoRepick_medium/hdf5_files/VideoRepick_ep135_seed22500.h5 secs=1.801
MERGE_EP task=RouteStick idx=379 member=record_dataset_RouteStick_xhard/hdf5_files/RouteStick_ep79_seed23900.h5 secs=2.439
MERGE_EP task=VideoRepick idx=264 member=record_dataset_VideoRepick_medium/hdf5_files/VideoRepick_ep136_seed22600.h5 secs=2.010
MERGE_EP task=BinFill idx=186 member=record_dataset_BinFill_medium/hdf5_files/BinFill_ep54_seed9400.h5 secs=4.408
MERGE_EP task=RouteStick idx=380 member=record_dataset_RouteStick_xhard/hdf5_files/RouteStick_ep80_seed24000.h5 secs=2.658
MERGE_EP task=VideoRepick idx=265 member=record_dataset_VideoRepick_medium/hdf5_files/VideoRepick_ep138_seed22800.h5 secs=2.074
MERGE_EP task=VideoRepick idx=266 member=record_dataset_VideoRepick_medium/hdf5_files/VideoRepick_ep139_seed22900.h5 secs=1.809
MERGE_EP task=RouteStick idx=381 member=record_dataset_RouteStick_xhard/hdf5_files/RouteStick_ep81_seed24100.h5 secs=2.701
MERGE_EP task=BinFill idx=187 member=record_dataset_BinFill_medium/hdf5_files/BinFill_ep55_seed9500.h5 secs=4.926
MERGE_EP task=VideoRepick idx=267 member=record_dataset_VideoRepick_xhard/hdf5_files/VideoRepick_ep0_seed9000.h5 secs=2.040
MERGE_EP task=RouteStick idx=382 member=record_dataset_RouteStick_xhard/hdf5_files/RouteStick_ep82_seed24200.h5 secs=2.424
MERGE_EP task=VideoRepick idx=268 member=record_dataset_VideoRepick_xhard/hdf5_files/VideoRepick_ep1_seed9100.h5 secs=2.392
MERGE_EP task=RouteStick idx=383 member=record_dataset_RouteStick_xhard/hdf5_files/RouteStick_ep83_seed24300.h5 secs=2.432
MERGE_EP task=BinFill idx=188 member=record_dataset_BinFill_medium/hdf5_files/BinFill_ep56_seed9600.h5 secs=4.381
MERGE_EP task=RouteStick idx=384 member=record_dataset_RouteStick_xhard/hdf5_files/RouteStick_ep84_seed24400.h5 secs=2.237
MERGE_EP task=VideoRepick idx=269 member=record_dataset_VideoRepick_xhard/hdf5_files/VideoRepick_ep2_seed9200.h5 secs=3.164
MERGE_EP task=BinFill idx=189 member=record_dataset_BinFill_medium/hdf5_files/BinFill_ep57_seed9700.h5 secs=2.907
MERGE_EP task=RouteStick idx=385 member=record_dataset_RouteStick_xhard/hdf5_files/RouteStick_ep85_seed24500.h5 secs=2.200
MERGE_EP task=VideoRepick idx=270 member=record_dataset_VideoRepick_xhard/hdf5_files/VideoRepick_ep3_seed9300.h5 secs=2.173
MERGE_EP task=RouteStick idx=386 member=record_dataset_RouteStick_xhard/hdf5_files/RouteStick_ep86_seed24600.h5 secs=3.715
MERGE_EP task=VideoRepick idx=271 member=record_dataset_VideoRepick_xhard/hdf5_files/VideoRepick_ep4_seed9400.h5 secs=4.140
MERGE_EP task=BinFill idx=190 member=record_dataset_BinFill_medium/hdf5_files/BinFill_ep58_seed9800.h5 secs=5.456
MERGE_EP task=RouteStick idx=387 member=record_dataset_RouteStick_xhard/hdf5_files/RouteStick_ep87_seed24700.h5 secs=2.151
MERGE_EP task=VideoRepick idx=272 member=record_dataset_VideoRepick_xhard/hdf5_files/VideoRepick_ep6_seed9600.h5 secs=2.782
MERGE_EP task=RouteStick idx=388 member=record_dataset_RouteStick_xhard/hdf5_files/RouteStick_ep88_seed24800.h5 secs=2.709
MERGE_EP task=VideoRepick idx=273 member=record_dataset_VideoRepick_xhard/hdf5_files/VideoRepick_ep7_seed9700.h5 secs=2.233
MERGE_EP task=BinFill idx=191 member=record_dataset_BinFill_medium/hdf5_files/BinFill_ep59_seed9900.h5 secs=4.647
MERGE_EP task=RouteStick idx=389 member=record_dataset_RouteStick_xhard/hdf5_files/RouteStick_ep89_seed24900.h5 secs=2.403
MERGE_EP task=VideoRepick idx=274 member=record_dataset_VideoRepick_xhard/hdf5_files/VideoRepick_ep8_seed9800.h5 secs=1.994
MERGE_EP task=BinFill idx=192 member=record_dataset_BinFill_medium/hdf5_files/BinFill_ep60_seed10000.h5 secs=2.464
MERGE_EP task=RouteStick idx=390 member=record_dataset_RouteStick_xhard/hdf5_files/RouteStick_ep90_seed25000.h5 secs=2.659
MERGE_EP task=VideoRepick idx=275 member=record_dataset_VideoRepick_xhard/hdf5_files/VideoRepick_ep9_seed9900.h5 secs=2.592
MERGE_EP task=RouteStick idx=391 member=record_dataset_RouteStick_xhard/hdf5_files/RouteStick_ep91_seed25100.h5 secs=2.659
MERGE_EP task=BinFill idx=193 member=record_dataset_BinFill_medium/hdf5_files/BinFill_ep61_seed10100.h5 secs=4.321
MERGE_EP task=VideoRepick idx=276 member=record_dataset_VideoRepick_xhard/hdf5_files/VideoRepick_ep10_seed10000.h5 secs=2.571
MERGE_EP task=VideoRepick idx=277 member=record_dataset_VideoRepick_xhard/hdf5_files/VideoRepick_ep11_seed10100.h5 secs=2.030
MERGE_EP task=RouteStick idx=392 member=record_dataset_RouteStick_xhard/hdf5_files/RouteStick_ep92_seed25200.h5 secs=2.424
MERGE_EP task=BinFill idx=194 member=record_dataset_BinFill_medium/hdf5_files/BinFill_ep62_seed10200.h5 secs=3.575
MERGE_EP task=VideoRepick idx=278 member=record_dataset_VideoRepick_xhard/hdf5_files/VideoRepick_ep12_seed10200.h5 secs=2.395
MERGE_EP task=RouteStick idx=393 member=record_dataset_RouteStick_xhard/hdf5_files/RouteStick_ep93_seed25300.h5 secs=2.199
MERGE_EP task=RouteStick idx=394 member=record_dataset_RouteStick_xhard/hdf5_files/RouteStick_ep94_seed25400.h5 secs=2.187
MERGE_EP task=BinFill idx=195 member=record_dataset_BinFill_medium/hdf5_files/BinFill_ep63_seed10300.h5 secs=3.523
MERGE_EP task=VideoRepick idx=279 member=record_dataset_VideoRepick_xhard/hdf5_files/VideoRepick_ep13_seed10300.h5 secs=2.628
MERGE_EP task=RouteStick idx=395 member=record_dataset_RouteStick_xhard/hdf5_files/RouteStick_ep95_seed25500.h5 secs=2.222
MERGE_EP task=BinFill idx=196 member=record_dataset_BinFill_medium/hdf5_files/BinFill_ep64_seed10400.h5 secs=2.226
MERGE_EP task=VideoRepick idx=280 member=record_dataset_VideoRepick_xhard/hdf5_files/VideoRepick_ep14_seed10400.h5 secs=2.463
MERGE_EP task=VideoRepick idx=281 member=record_dataset_VideoRepick_xhard/hdf5_files/VideoRepick_ep15_seed10500.h5 secs=2.017
MERGE_EP task=RouteStick idx=396 member=record_dataset_RouteStick_xhard/hdf5_files/RouteStick_ep96_seed25600.h5 secs=2.721
MERGE_EP task=BinFill idx=197 member=record_dataset_BinFill_medium/hdf5_files/BinFill_ep65_seed10500.h5 secs=4.300
MERGE_EP task=VideoRepick idx=282 member=record_dataset_VideoRepick_xhard/hdf5_files/VideoRepick_ep16_seed10600.h5 secs=2.547
MERGE_EP task=RouteStick idx=397 member=record_dataset_RouteStick_xhard/hdf5_files/RouteStick_ep97_seed25700.h5 secs=2.609
MERGE_EP task=BinFill idx=198 member=record_dataset_BinFill_medium/hdf5_files/BinFill_ep66_seed10600.h5 secs=2.556
MERGE_EP task=RouteStick idx=398 member=record_dataset_RouteStick_xhard/hdf5_files/RouteStick_ep98_seed25800.h5 secs=2.195
MERGE_EP task=VideoRepick idx=283 member=record_dataset_VideoRepick_xhard/hdf5_files/VideoRepick_ep17_seed10700.h5 secs=2.371
MERGE_EP task=VideoRepick idx=284 member=record_dataset_VideoRepick_xhard/hdf5_files/VideoRepick_ep18_seed10800.h5 secs=2.382
MERGE_EP task=RouteStick idx=399 member=record_dataset_RouteStick_xhard/hdf5_files/RouteStick_ep99_seed25900.h5 secs=2.651
MERGE_TASK=PASS task=RouteStick episodes=400
MERGE_EP task=BinFill idx=199 member=record_dataset_BinFill_medium/hdf5_files/BinFill_ep67_seed10700.h5 secs=4.439
MERGE_EP task=VideoRepick idx=285 member=record_dataset_VideoRepick_xhard/hdf5_files/VideoRepick_ep19_seed10900.h5 secs=2.657
MERGE_EP task=VideoRepick idx=286 member=record_dataset_VideoRepick_xhard/hdf5_files/VideoRepick_ep20_seed11000.h5 secs=2.099
MERGE_EP task=BinFill idx=200 member=record_dataset_BinFill_medium/hdf5_files/BinFill_ep68_seed10800.h5 secs=4.556
MERGE_EP task=VideoRepick idx=287 member=record_dataset_VideoRepick_xhard/hdf5_files/VideoRepick_ep21_seed11100.h5 secs=2.081
MERGE_EP task=VideoRepick idx=288 member=record_dataset_VideoRepick_xhard/hdf5_files/VideoRepick_ep22_seed11200.h5 secs=1.991
MERGE_EP task=BinFill idx=201 member=record_dataset_BinFill_medium/hdf5_files/BinFill_ep69_seed10900.h5 secs=2.677
MERGE_EP task=VideoRepick idx=289 member=record_dataset_VideoRepick_xhard/hdf5_files/VideoRepick_ep23_seed11300.h5 secs=2.482
MERGE_EP task=BinFill idx=202 member=record_dataset_BinFill_medium/hdf5_files/BinFill_ep70_seed11000.h5 secs=3.244
MERGE_EP task=VideoRepick idx=290 member=record_dataset_VideoRepick_xhard/hdf5_files/VideoRepick_ep24_seed11400.h5 secs=2.747
MERGE_EP task=BinFill idx=203 member=record_dataset_BinFill_medium/hdf5_files/BinFill_ep71_seed11100.h5 secs=3.406
MERGE_EP task=VideoRepick idx=291 member=record_dataset_VideoRepick_xhard/hdf5_files/VideoRepick_ep25_seed11500.h5 secs=2.458
MERGE_EP task=BinFill idx=204 member=record_dataset_BinFill_medium/hdf5_files/BinFill_ep72_seed11200.h5 secs=2.521
MERGE_EP task=VideoRepick idx=292 member=record_dataset_VideoRepick_xhard/hdf5_files/VideoRepick_ep26_seed11600.h5 secs=2.038
MERGE_EP task=VideoRepick idx=293 member=record_dataset_VideoRepick_xhard/hdf5_files/VideoRepick_ep27_seed11700.h5 secs=2.654
MERGE_EP task=BinFill idx=205 member=record_dataset_BinFill_medium/hdf5_files/BinFill_ep73_seed11300.h5 secs=4.433
MERGE_EP task=VideoRepick idx=294 member=record_dataset_VideoRepick_xhard/hdf5_files/VideoRepick_ep28_seed11800.h5 secs=1.890
MERGE_EP task=BinFill idx=206 member=record_dataset_BinFill_medium/hdf5_files/BinFill_ep74_seed11400.h5 secs=2.338
MERGE_EP task=VideoRepick idx=295 member=record_dataset_VideoRepick_xhard/hdf5_files/VideoRepick_ep29_seed11900.h5 secs=2.464
MERGE_EP task=VideoRepick idx=296 member=record_dataset_VideoRepick_xhard/hdf5_files/VideoRepick_ep30_seed12000.h5 secs=2.818
MERGE_EP task=BinFill idx=207 member=record_dataset_BinFill_medium/hdf5_files/BinFill_ep75_seed11500.h5 secs=4.379
MERGE_EP task=VideoRepick idx=297 member=record_dataset_VideoRepick_xhard/hdf5_files/VideoRepick_ep31_seed12100.h5 secs=2.480
MERGE_EP task=VideoRepick idx=298 member=record_dataset_VideoRepick_xhard/hdf5_files/VideoRepick_ep32_seed12200.h5 secs=3.047
MERGE_EP task=BinFill idx=208 member=record_dataset_BinFill_medium/hdf5_files/BinFill_ep76_seed11600.h5 secs=5.492
MERGE_EP task=VideoRepick idx=299 member=record_dataset_VideoRepick_xhard/hdf5_files/VideoRepick_ep33_seed12300.h5 secs=2.737
MERGE_EP task=BinFill idx=209 member=record_dataset_BinFill_medium/hdf5_files/BinFill_ep77_seed11700.h5 secs=2.841
MERGE_EP task=VideoRepick idx=300 member=record_dataset_VideoRepick_xhard/hdf5_files/VideoRepick_ep34_seed12400.h5 secs=2.430
MERGE_EP task=BinFill idx=210 member=record_dataset_BinFill_medium/hdf5_files/BinFill_ep78_seed11800.h5 secs=3.554
MERGE_EP task=VideoRepick idx=301 member=record_dataset_VideoRepick_xhard/hdf5_files/VideoRepick_ep35_seed12500.h5 secs=2.264
MERGE_EP task=VideoRepick idx=302 member=record_dataset_VideoRepick_xhard/hdf5_files/VideoRepick_ep36_seed12600.h5 secs=2.030
MERGE_EP task=BinFill idx=211 member=record_dataset_BinFill_medium/hdf5_files/BinFill_ep79_seed11900.h5 secs=3.446
MERGE_EP task=VideoRepick idx=303 member=record_dataset_VideoRepick_xhard/hdf5_files/VideoRepick_ep37_seed12700.h5 secs=3.020
MERGE_EP task=BinFill idx=212 member=record_dataset_BinFill_medium/hdf5_files/BinFill_ep80_seed12000.h5 secs=2.731
MERGE_EP task=VideoRepick idx=304 member=record_dataset_VideoRepick_xhard/hdf5_files/VideoRepick_ep38_seed12800.h5 secs=2.116
MERGE_EP task=BinFill idx=213 member=record_dataset_BinFill_medium/hdf5_files/BinFill_ep81_seed12100.h5 secs=2.434
MERGE_EP task=VideoRepick idx=305 member=record_dataset_VideoRepick_xhard/hdf5_files/VideoRepick_ep39_seed12900.h5 secs=2.474
MERGE_EP task=BinFill idx=214 member=record_dataset_BinFill_medium/hdf5_files/BinFill_ep82_seed12200.h5 secs=3.390
MERGE_EP task=VideoRepick idx=306 member=record_dataset_VideoRepick_xhard/hdf5_files/VideoRepick_ep40_seed13000.h5 secs=2.487
MERGE_EP task=VideoRepick idx=307 member=record_dataset_VideoRepick_xhard/hdf5_files/VideoRepick_ep41_seed13100.h5 secs=2.320
MERGE_EP task=BinFill idx=215 member=record_dataset_BinFill_medium/hdf5_files/BinFill_ep83_seed12300.h5 secs=4.235
MERGE_EP task=VideoRepick idx=308 member=record_dataset_VideoRepick_xhard/hdf5_files/VideoRepick_ep42_seed13200.h5 secs=1.960
MERGE_EP task=VideoRepick idx=309 member=record_dataset_VideoRepick_xhard/hdf5_files/VideoRepick_ep43_seed13300.h5 secs=2.843
MERGE_EP task=BinFill idx=216 member=record_dataset_BinFill_medium/hdf5_files/BinFill_ep84_seed12400.h5 secs=3.347
MERGE_EP task=VideoRepick idx=310 member=record_dataset_VideoRepick_xhard/hdf5_files/VideoRepick_ep44_seed13400.h5 secs=2.124
MERGE_EP task=BinFill idx=217 member=record_dataset_BinFill_medium/hdf5_files/BinFill_ep85_seed12500.h5 secs=4.847
MERGE_EP task=VideoRepick idx=311 member=record_dataset_VideoRepick_xhard/hdf5_files/VideoRepick_ep45_seed13500.h5 secs=2.980
MERGE_EP task=VideoRepick idx=312 member=record_dataset_VideoRepick_xhard/hdf5_files/VideoRepick_ep46_seed13600.h5 secs=2.719
MERGE_EP task=BinFill idx=218 member=record_dataset_BinFill_medium/hdf5_files/BinFill_ep86_seed12600.h5 secs=4.456
MERGE_EP task=VideoRepick idx=313 member=record_dataset_VideoRepick_xhard/hdf5_files/VideoRepick_ep47_seed13700.h5 secs=2.214
MERGE_EP task=BinFill idx=219 member=record_dataset_BinFill_medium/hdf5_files/BinFill_ep87_seed12700.h5 secs=2.476
MERGE_EP task=VideoRepick idx=314 member=record_dataset_VideoRepick_xhard/hdf5_files/VideoRepick_ep48_seed13800.h5 secs=2.141
MERGE_EP task=VideoRepick idx=315 member=record_dataset_VideoRepick_xhard/hdf5_files/VideoRepick_ep51_seed14100.h5 secs=2.902
MERGE_EP task=BinFill idx=220 member=record_dataset_BinFill_medium/hdf5_files/BinFill_ep88_seed12800.h5 secs=3.659
MERGE_EP task=VideoRepick idx=316 member=record_dataset_VideoRepick_xhard/hdf5_files/VideoRepick_ep52_seed14200.h5 secs=2.491
MERGE_EP task=BinFill idx=221 member=record_dataset_BinFill_medium/hdf5_files/BinFill_ep89_seed12900.h5 secs=2.378
MERGE_EP task=VideoRepick idx=317 member=record_dataset_VideoRepick_xhard/hdf5_files/VideoRepick_ep53_seed14300.h5 secs=2.058
MERGE_EP task=BinFill idx=222 member=record_dataset_BinFill_medium/hdf5_files/BinFill_ep90_seed13000.h5 secs=3.593
MERGE_EP task=VideoRepick idx=318 member=record_dataset_VideoRepick_xhard/hdf5_files/VideoRepick_ep54_seed14400.h5 secs=2.750
MERGE_EP task=VideoRepick idx=319 member=record_dataset_VideoRepick_xhard/hdf5_files/VideoRepick_ep55_seed14500.h5 secs=1.903
MERGE_EP task=BinFill idx=223 member=record_dataset_BinFill_medium/hdf5_files/BinFill_ep91_seed13100.h5 secs=3.133
MERGE_EP task=VideoRepick idx=320 member=record_dataset_VideoRepick_xhard/hdf5_files/VideoRepick_ep56_seed14600.h5 secs=2.555
MERGE_EP task=BinFill idx=224 member=record_dataset_BinFill_medium/hdf5_files/BinFill_ep92_seed13200.h5 secs=4.181
MERGE_EP task=VideoRepick idx=321 member=record_dataset_VideoRepick_xhard/hdf5_files/VideoRepick_ep57_seed14700.h5 secs=2.375
MERGE_EP task=VideoRepick idx=322 member=record_dataset_VideoRepick_xhard/hdf5_files/VideoRepick_ep58_seed14800.h5 secs=2.398
MERGE_EP task=BinFill idx=225 member=record_dataset_BinFill_medium/hdf5_files/BinFill_ep93_seed13300.h5 secs=3.426
MERGE_EP task=VideoRepick idx=323 member=record_dataset_VideoRepick_xhard/hdf5_files/VideoRepick_ep59_seed14900.h5 secs=1.826
MERGE_EP task=BinFill idx=226 member=record_dataset_BinFill_medium/hdf5_files/BinFill_ep94_seed13400.h5 secs=2.472
MERGE_EP task=VideoRepick idx=324 member=record_dataset_VideoRepick_xhard/hdf5_files/VideoRepick_ep60_seed15000.h5 secs=3.305
MERGE_EP task=BinFill idx=227 member=record_dataset_BinFill_medium/hdf5_files/BinFill_ep95_seed13500.h5 secs=2.567
MERGE_EP task=VideoRepick idx=325 member=record_dataset_VideoRepick_xhard/hdf5_files/VideoRepick_ep61_seed15100.h5 secs=2.228
MERGE_EP task=BinFill idx=228 member=record_dataset_BinFill_medium/hdf5_files/BinFill_ep96_seed13600.h5 secs=2.493
MERGE_EP task=VideoRepick idx=326 member=record_dataset_VideoRepick_xhard/hdf5_files/VideoRepick_ep62_seed15200.h5 secs=2.880
MERGE_EP task=BinFill idx=229 member=record_dataset_BinFill_medium/hdf5_files/BinFill_ep97_seed13700.h5 secs=4.464
MERGE_EP task=VideoRepick idx=327 member=record_dataset_VideoRepick_xhard/hdf5_files/VideoRepick_ep63_seed15300.h5 secs=2.741
MERGE_EP task=VideoRepick idx=328 member=record_dataset_VideoRepick_xhard/hdf5_files/VideoRepick_ep64_seed15400.h5 secs=2.072
MERGE_EP task=BinFill idx=230 member=record_dataset_BinFill_medium/hdf5_files/BinFill_ep98_seed13800.h5 secs=4.283
MERGE_EP task=VideoRepick idx=329 member=record_dataset_VideoRepick_xhard/hdf5_files/VideoRepick_ep65_seed15500.h5 secs=3.021
MERGE_EP task=VideoRepick idx=330 member=record_dataset_VideoRepick_xhard/hdf5_files/VideoRepick_ep66_seed15600.h5 secs=2.152
MERGE_EP task=BinFill idx=231 member=record_dataset_BinFill_medium/hdf5_files/BinFill_ep99_seed13900.h5 secs=4.668
MERGE_EP task=VideoRepick idx=331 member=record_dataset_VideoRepick_xhard/hdf5_files/VideoRepick_ep67_seed15700.h5 secs=3.201
MERGE_EP task=VideoRepick idx=332 member=record_dataset_VideoRepick_xhard/hdf5_files/VideoRepick_ep69_seed15900.h5 secs=1.996
MERGE_EP task=BinFill idx=232 member=record_dataset_BinFill_medium/hdf5_files/BinFill_ep100_seed14000.h5 secs=4.575
MERGE_EP task=VideoRepick idx=333 member=record_dataset_VideoRepick_xhard/hdf5_files/VideoRepick_ep71_seed16100.h5 secs=2.473
MERGE_EP task=BinFill idx=233 member=record_dataset_BinFill_medium/hdf5_files/BinFill_ep101_seed14100.h5 secs=3.594
MERGE_EP task=VideoRepick idx=334 member=record_dataset_VideoRepick_xhard/hdf5_files/VideoRepick_ep72_seed16200.h5 secs=2.384
MERGE_EP task=VideoRepick idx=335 member=record_dataset_VideoRepick_xhard/hdf5_files/VideoRepick_ep73_seed16300.h5 secs=2.557
MERGE_EP task=BinFill idx=234 member=record_dataset_BinFill_medium/hdf5_files/BinFill_ep102_seed14200.h5 secs=4.587
MERGE_EP task=VideoRepick idx=336 member=record_dataset_VideoRepick_xhard/hdf5_files/VideoRepick_ep74_seed16400.h5 secs=2.050
MERGE_EP task=VideoRepick idx=337 member=record_dataset_VideoRepick_xhard/hdf5_files/VideoRepick_ep75_seed16500.h5 secs=2.036
MERGE_EP task=BinFill idx=235 member=record_dataset_BinFill_medium/hdf5_files/BinFill_ep103_seed14300.h5 secs=2.606
MERGE_EP task=VideoRepick idx=338 member=record_dataset_VideoRepick_xhard/hdf5_files/VideoRepick_ep76_seed16600.h5 secs=2.437
MERGE_EP task=BinFill idx=236 member=record_dataset_BinFill_medium/hdf5_files/BinFill_ep104_seed14400.h5 secs=3.284
MERGE_EP task=VideoRepick idx=339 member=record_dataset_VideoRepick_xhard/hdf5_files/VideoRepick_ep77_seed16700.h5 secs=2.914
MERGE_EP task=BinFill idx=237 member=record_dataset_BinFill_medium/hdf5_files/BinFill_ep105_seed14500.h5 secs=4.056
MERGE_EP task=VideoRepick idx=340 member=record_dataset_VideoRepick_xhard/hdf5_files/VideoRepick_ep78_seed16800.h5 secs=2.538
MERGE_EP task=BinFill idx=238 member=record_dataset_BinFill_medium/hdf5_files/BinFill_ep106_seed14600.h5 secs=2.633
MERGE_EP task=VideoRepick idx=341 member=record_dataset_VideoRepick_xhard/hdf5_files/VideoRepick_ep79_seed16900.h5 secs=2.317
MERGE_EP task=BinFill idx=239 member=record_dataset_BinFill_medium/hdf5_files/BinFill_ep107_seed14700.h5 secs=2.326
MERGE_EP task=VideoRepick idx=342 member=record_dataset_VideoRepick_xhard/hdf5_files/VideoRepick_ep80_seed17000.h5 secs=2.570
MERGE_EP task=VideoRepick idx=343 member=record_dataset_VideoRepick_xhard/hdf5_files/VideoRepick_ep81_seed17100.h5 secs=2.781
MERGE_EP task=BinFill idx=240 member=record_dataset_BinFill_medium/hdf5_files/BinFill_ep108_seed14800.h5 secs=3.290
MERGE_EP task=VideoRepick idx=344 member=record_dataset_VideoRepick_xhard/hdf5_files/VideoRepick_ep82_seed17200.h5 secs=2.221
MERGE_EP task=BinFill idx=241 member=record_dataset_BinFill_medium/hdf5_files/BinFill_ep109_seed14900.h5 secs=3.283
MERGE_EP task=VideoRepick idx=345 member=record_dataset_VideoRepick_xhard/hdf5_files/VideoRepick_ep84_seed17400.h5 secs=2.220
MERGE_EP task=VideoRepick idx=346 member=record_dataset_VideoRepick_xhard/hdf5_files/VideoRepick_ep85_seed17500.h5 secs=1.797
MERGE_EP task=BinFill idx=242 member=record_dataset_BinFill_medium/hdf5_files/BinFill_ep110_seed15000.h5 secs=3.579
MERGE_EP task=VideoRepick idx=347 member=record_dataset_VideoRepick_xhard/hdf5_files/VideoRepick_ep86_seed17600.h5 secs=2.449
MERGE_EP task=BinFill idx=243 member=record_dataset_BinFill_medium/hdf5_files/BinFill_ep111_seed15100.h5 secs=2.261
MERGE_EP task=VideoRepick idx=348 member=record_dataset_VideoRepick_xhard/hdf5_files/VideoRepick_ep87_seed17700.h5 secs=2.741
MERGE_EP task=BinFill idx=244 member=record_dataset_BinFill_medium/hdf5_files/BinFill_ep112_seed15200.h5 secs=2.510
MERGE_EP task=VideoRepick idx=349 member=record_dataset_VideoRepick_xhard/hdf5_files/VideoRepick_ep88_seed17800.h5 secs=2.798
MERGE_EP task=BinFill idx=245 member=record_dataset_BinFill_medium/hdf5_files/BinFill_ep113_seed15300.h5 secs=4.401
MERGE_EP task=VideoRepick idx=350 member=record_dataset_VideoRepick_xhard/hdf5_files/VideoRepick_ep89_seed17900.h5 secs=2.812
MERGE_EP task=VideoRepick idx=351 member=record_dataset_VideoRepick_xhard/hdf5_files/VideoRepick_ep90_seed18000.h5 secs=2.763
MERGE_EP task=BinFill idx=246 member=record_dataset_BinFill_medium/hdf5_files/BinFill_ep114_seed15400.h5 secs=4.099
MERGE_EP task=VideoRepick idx=352 member=record_dataset_VideoRepick_xhard/hdf5_files/VideoRepick_ep91_seed18100.h5 secs=1.962
MERGE_EP task=BinFill idx=247 member=record_dataset_BinFill_medium/hdf5_files/BinFill_ep115_seed15500.h5 secs=2.649
MERGE_EP task=VideoRepick idx=353 member=record_dataset_VideoRepick_xhard/hdf5_files/VideoRepick_ep92_seed18200.h5 secs=2.704
MERGE_EP task=VideoRepick idx=354 member=record_dataset_VideoRepick_xhard/hdf5_files/VideoRepick_ep93_seed18300.h5 secs=2.036
MERGE_EP task=BinFill idx=248 member=record_dataset_BinFill_medium/hdf5_files/BinFill_ep116_seed15600.h5 secs=4.392
MERGE_EP task=VideoRepick idx=355 member=record_dataset_VideoRepick_xhard/hdf5_files/VideoRepick_ep94_seed18400.h5 secs=2.106
MERGE_EP task=BinFill idx=249 member=record_dataset_BinFill_medium/hdf5_files/BinFill_ep117_seed15700.h5 secs=3.528
MERGE_EP task=VideoRepick idx=356 member=record_dataset_VideoRepick_xhard/hdf5_files/VideoRepick_ep95_seed18500.h5 secs=2.485
MERGE_EP task=BinFill idx=250 member=record_dataset_BinFill_medium/hdf5_files/BinFill_ep118_seed15800.h5 secs=3.051
MERGE_EP task=VideoRepick idx=357 member=record_dataset_VideoRepick_xhard/hdf5_files/VideoRepick_ep96_seed18600.h5 secs=2.846
MERGE_EP task=VideoRepick idx=358 member=record_dataset_VideoRepick_xhard/hdf5_files/VideoRepick_ep97_seed18700.h5 secs=2.191
MERGE_EP task=BinFill idx=251 member=record_dataset_BinFill_medium/hdf5_files/BinFill_ep119_seed15900.h5 secs=3.796
MERGE_EP task=VideoRepick idx=359 member=record_dataset_VideoRepick_xhard/hdf5_files/VideoRepick_ep98_seed18800.h5 secs=2.447
MERGE_EP task=VideoRepick idx=360 member=record_dataset_VideoRepick_xhard/hdf5_files/VideoRepick_ep99_seed18900.h5 secs=2.224
MERGE_EP task=BinFill idx=252 member=record_dataset_BinFill_medium/hdf5_files/BinFill_ep120_seed16000.h5 secs=4.658
MERGE_EP task=VideoRepick idx=361 member=record_dataset_VideoRepick_xhard/hdf5_files/VideoRepick_ep101_seed19100.h5 secs=2.522
MERGE_EP task=VideoRepick idx=362 member=record_dataset_VideoRepick_xhard/hdf5_files/VideoRepick_ep102_seed19200.h5 secs=2.174
MERGE_EP task=BinFill idx=253 member=record_dataset_BinFill_medium/hdf5_files/BinFill_ep121_seed16100.h5 secs=4.277
MERGE_EP task=VideoRepick idx=363 member=record_dataset_VideoRepick_xhard/hdf5_files/VideoRepick_ep103_seed19300.h5 secs=2.032
MERGE_EP task=BinFill idx=254 member=record_dataset_BinFill_medium/hdf5_files/BinFill_ep122_seed16200.h5 secs=2.731
MERGE_EP task=VideoRepick idx=364 member=record_dataset_VideoRepick_xhard/hdf5_files/VideoRepick_ep104_seed19400.h5 secs=2.918
MERGE_EP task=VideoRepick idx=365 member=record_dataset_VideoRepick_xhard/hdf5_files/VideoRepick_ep105_seed19500.h5 secs=2.002
MERGE_EP task=BinFill idx=255 member=record_dataset_BinFill_medium/hdf5_files/BinFill_ep123_seed16300.h5 secs=4.991
MERGE_EP task=VideoRepick idx=366 member=record_dataset_VideoRepick_xhard/hdf5_files/VideoRepick_ep107_seed19700.h5 secs=2.621
MERGE_EP task=VideoRepick idx=367 member=record_dataset_VideoRepick_xhard/hdf5_files/VideoRepick_ep108_seed19800.h5 secs=2.555
MERGE_EP task=BinFill idx=256 member=record_dataset_BinFill_medium/hdf5_files/BinFill_ep124_seed16400.h5 secs=3.442
MERGE_EP task=VideoRepick idx=368 member=record_dataset_VideoRepick_xhard/hdf5_files/VideoRepick_ep109_seed19900.h5 secs=2.018
MERGE_EP task=BinFill idx=257 member=record_dataset_BinFill_medium/hdf5_files/BinFill_ep125_seed16500.h5 secs=3.672
MERGE_EP task=VideoRepick idx=369 member=record_dataset_VideoRepick_xhard/hdf5_files/VideoRepick_ep110_seed20000.h5 secs=2.476
MERGE_EP task=BinFill idx=258 member=record_dataset_BinFill_medium/hdf5_files/BinFill_ep126_seed16600.h5 secs=2.484
MERGE_EP task=VideoRepick idx=370 member=record_dataset_VideoRepick_xhard/hdf5_files/VideoRepick_ep111_seed20100.h5 secs=3.118
MERGE_EP task=BinFill idx=259 member=record_dataset_BinFill_medium/hdf5_files/BinFill_ep127_seed16700.h5 secs=2.512
MERGE_EP task=VideoRepick idx=371 member=record_dataset_VideoRepick_xhard/hdf5_files/VideoRepick_ep112_seed20200.h5 secs=2.290
MERGE_EP task=VideoRepick idx=372 member=record_dataset_VideoRepick_xhard/hdf5_files/VideoRepick_ep113_seed20300.h5 secs=2.959
MERGE_EP task=BinFill idx=260 member=record_dataset_BinFill_medium/hdf5_files/BinFill_ep129_seed16900.h5 secs=4.317
MERGE_EP task=VideoRepick idx=373 member=record_dataset_VideoRepick_xhard/hdf5_files/VideoRepick_ep114_seed20400.h5 secs=1.986
MERGE_EP task=BinFill idx=261 member=record_dataset_BinFill_medium/hdf5_files/BinFill_ep130_seed17000.h5 secs=3.302
MERGE_EP task=VideoRepick idx=374 member=record_dataset_VideoRepick_xhard/hdf5_files/VideoRepick_ep115_seed20500.h5 secs=2.601
MERGE_EP task=BinFill idx=262 member=record_dataset_BinFill_medium/hdf5_files/BinFill_ep131_seed17100.h5 secs=3.321
MERGE_EP task=VideoRepick idx=375 member=record_dataset_VideoRepick_xhard/hdf5_files/VideoRepick_ep116_seed20600.h5 secs=2.771
MERGE_EP task=VideoRepick idx=376 member=record_dataset_VideoRepick_xhard/hdf5_files/VideoRepick_ep117_seed20700.h5 secs=1.996
MERGE_EP task=VideoRepick idx=377 member=record_dataset_VideoRepick_xhard/hdf5_files/VideoRepick_ep118_seed20800.h5 secs=2.050
MERGE_EP task=BinFill idx=263 member=record_dataset_BinFill_medium/hdf5_files/BinFill_ep133_seed17300.h5 secs=4.620
MERGE_EP task=BinFill idx=264 member=record_dataset_BinFill_medium/hdf5_files/BinFill_ep134_seed17400.h5 secs=2.748
MERGE_EP task=VideoRepick idx=378 member=record_dataset_VideoRepick_xhard/hdf5_files/VideoRepick_ep119_seed20900.h5 secs=2.986
MERGE_EP task=VideoRepick idx=379 member=record_dataset_VideoRepick_xhard/hdf5_files/VideoRepick_ep120_seed21000.h5 secs=2.098
MERGE_EP task=BinFill idx=265 member=record_dataset_BinFill_medium/hdf5_files/BinFill_ep135_seed17500.h5 secs=2.720
MERGE_EP task=VideoRepick idx=380 member=record_dataset_VideoRepick_xhard/hdf5_files/VideoRepick_ep121_seed21100.h5 secs=2.904
MERGE_EP task=BinFill idx=266 member=record_dataset_BinFill_medium/hdf5_files/BinFill_ep136_seed17600.h5 secs=4.389
MERGE_EP task=VideoRepick idx=381 member=record_dataset_VideoRepick_xhard/hdf5_files/VideoRepick_ep122_seed21200.h5 secs=2.458
MERGE_EP task=VideoRepick idx=382 member=record_dataset_VideoRepick_xhard/hdf5_files/VideoRepick_ep123_seed21300.h5 secs=2.442
MERGE_EP task=BinFill idx=267 member=record_dataset_BinFill_hard/hdf5_files/BinFill_ep0_seed4000.h5 secs=4.577
MERGE_EP task=VideoRepick idx=383 member=record_dataset_VideoRepick_xhard/hdf5_files/VideoRepick_ep124_seed21400.h5 secs=2.829
MERGE_EP task=VideoRepick idx=384 member=record_dataset_VideoRepick_xhard/hdf5_files/VideoRepick_ep125_seed21500.h5 secs=1.980
MERGE_EP task=BinFill idx=268 member=record_dataset_BinFill_hard/hdf5_files/BinFill_ep1_seed4100.h5 secs=5.624
MERGE_EP task=VideoRepick idx=385 member=record_dataset_VideoRepick_xhard/hdf5_files/VideoRepick_ep126_seed21600.h5 secs=2.495
MERGE_EP task=VideoRepick idx=386 member=record_dataset_VideoRepick_xhard/hdf5_files/VideoRepick_ep127_seed21700.h5 secs=2.262
MERGE_EP task=VideoRepick idx=387 member=record_dataset_VideoRepick_xhard/hdf5_files/VideoRepick_ep128_seed21800.h5 secs=1.891
MERGE_EP task=BinFill idx=269 member=record_dataset_BinFill_hard/hdf5_files/BinFill_ep2_seed4200.h5 secs=4.365
MERGE_EP task=VideoRepick idx=388 member=record_dataset_VideoRepick_xhard/hdf5_files/VideoRepick_ep129_seed21900.h5 secs=2.478
MERGE_EP task=BinFill idx=270 member=record_dataset_BinFill_hard/hdf5_files/BinFill_ep3_seed4300.h5 secs=3.469
MERGE_EP task=VideoRepick idx=389 member=record_dataset_VideoRepick_xhard/hdf5_files/VideoRepick_ep130_seed22000.h5 secs=1.949
MERGE_EP task=VideoRepick idx=390 member=record_dataset_VideoRepick_xhard/hdf5_files/VideoRepick_ep131_seed22100.h5 secs=2.649
MERGE_EP task=BinFill idx=271 member=record_dataset_BinFill_hard/hdf5_files/BinFill_ep5_seed4500.h5 secs=3.842
MERGE_EP task=VideoRepick idx=391 member=record_dataset_VideoRepick_xhard/hdf5_files/VideoRepick_ep132_seed22200.h5 secs=2.444
MERGE_EP task=BinFill idx=272 member=record_dataset_BinFill_hard/hdf5_files/BinFill_ep6_seed4600.h5 secs=3.220
MERGE_EP task=VideoRepick idx=392 member=record_dataset_VideoRepick_xhard/hdf5_files/VideoRepick_ep133_seed22300.h5 secs=2.445
MERGE_EP task=VideoRepick idx=393 member=record_dataset_VideoRepick_xhard/hdf5_files/VideoRepick_ep134_seed22400.h5 secs=2.726
MERGE_EP task=BinFill idx=273 member=record_dataset_BinFill_hard/hdf5_files/BinFill_ep7_seed4700.h5 secs=5.682
MERGE_EP task=VideoRepick idx=394 member=record_dataset_VideoRepick_xhard/hdf5_files/VideoRepick_ep135_seed22500.h5 secs=2.460
MERGE_EP task=VideoRepick idx=395 member=record_dataset_VideoRepick_xhard/hdf5_files/VideoRepick_ep136_seed22600.h5 secs=2.278
MERGE_EP task=VideoRepick idx=396 member=record_dataset_VideoRepick_xhard/hdf5_files/VideoRepick_ep137_seed22700.h5 secs=2.004
MERGE_EP task=BinFill idx=274 member=record_dataset_BinFill_hard/hdf5_files/BinFill_ep8_seed4800.h5 secs=5.259
MERGE_EP task=VideoRepick idx=397 member=record_dataset_VideoRepick_xhard/hdf5_files/VideoRepick_ep138_seed22800.h5 secs=2.589
MERGE_EP task=BinFill idx=275 member=record_dataset_BinFill_hard/hdf5_files/BinFill_ep9_seed4900.h5 secs=4.370
MERGE_EP task=VideoRepick idx=398 member=record_dataset_VideoRepick_xhard/hdf5_files/VideoRepick_ep139_seed22900.h5 secs=2.367
MERGE_EP task=VideoRepick idx=399 member=record_dataset_VideoRepick_xhard/hdf5_files/VideoRepick_ep140_seed23000.h5 secs=1.973
MERGE_TASK=PASS task=VideoRepick episodes=400
MERGE_EP task=BinFill idx=276 member=record_dataset_BinFill_hard/hdf5_files/BinFill_ep10_seed5000.h5 secs=5.348
MERGE_EP task=BinFill idx=277 member=record_dataset_BinFill_hard/hdf5_files/BinFill_ep11_seed5100.h5 secs=3.245
MERGE_EP task=BinFill idx=278 member=record_dataset_BinFill_hard/hdf5_files/BinFill_ep12_seed5200.h5 secs=4.845
MERGE_EP task=BinFill idx=279 member=record_dataset_BinFill_hard/hdf5_files/BinFill_ep13_seed5300.h5 secs=3.632
MERGE_EP task=BinFill idx=280 member=record_dataset_BinFill_hard/hdf5_files/BinFill_ep14_seed5400.h5 secs=4.734
MERGE_EP task=BinFill idx=281 member=record_dataset_BinFill_hard/hdf5_files/BinFill_ep15_seed5500.h5 secs=5.409
MERGE_EP task=BinFill idx=282 member=record_dataset_BinFill_hard/hdf5_files/BinFill_ep16_seed5600.h5 secs=3.516
MERGE_EP task=BinFill idx=283 member=record_dataset_BinFill_hard/hdf5_files/BinFill_ep17_seed5700.h5 secs=4.966
MERGE_EP task=BinFill idx=284 member=record_dataset_BinFill_hard/hdf5_files/BinFill_ep18_seed5800.h5 secs=4.389
MERGE_EP task=BinFill idx=285 member=record_dataset_BinFill_hard/hdf5_files/BinFill_ep19_seed5900.h5 secs=3.235
MERGE_EP task=BinFill idx=286 member=record_dataset_BinFill_hard/hdf5_files/BinFill_ep20_seed6000.h5 secs=5.019
MERGE_EP task=BinFill idx=287 member=record_dataset_BinFill_hard/hdf5_files/BinFill_ep21_seed6100.h5 secs=3.103
MERGE_EP task=BinFill idx=288 member=record_dataset_BinFill_hard/hdf5_files/BinFill_ep22_seed6200.h5 secs=4.377
MERGE_EP task=BinFill idx=289 member=record_dataset_BinFill_hard/hdf5_files/BinFill_ep24_seed6400.h5 secs=4.489
MERGE_EP task=BinFill idx=290 member=record_dataset_BinFill_hard/hdf5_files/BinFill_ep25_seed6500.h5 secs=3.324
MERGE_EP task=BinFill idx=291 member=record_dataset_BinFill_hard/hdf5_files/BinFill_ep26_seed6600.h5 secs=3.859
MERGE_EP task=BinFill idx=292 member=record_dataset_BinFill_hard/hdf5_files/BinFill_ep27_seed6700.h5 secs=5.534
MERGE_EP task=BinFill idx=293 member=record_dataset_BinFill_hard/hdf5_files/BinFill_ep29_seed6900.h5 secs=3.254
MERGE_EP task=BinFill idx=294 member=record_dataset_BinFill_hard/hdf5_files/BinFill_ep30_seed7000.h5 secs=5.217
MERGE_EP task=BinFill idx=295 member=record_dataset_BinFill_hard/hdf5_files/BinFill_ep33_seed7300.h5 secs=4.016
MERGE_EP task=BinFill idx=296 member=record_dataset_BinFill_hard/hdf5_files/BinFill_ep34_seed7400.h5 secs=3.184
MERGE_EP task=BinFill idx=297 member=record_dataset_BinFill_hard/hdf5_files/BinFill_ep35_seed7500.h5 secs=5.203
MERGE_EP task=BinFill idx=298 member=record_dataset_BinFill_hard/hdf5_files/BinFill_ep36_seed7600.h5 secs=4.550
MERGE_EP task=BinFill idx=299 member=record_dataset_BinFill_hard/hdf5_files/BinFill_ep37_seed7700.h5 secs=5.280
MERGE_EP task=BinFill idx=300 member=record_dataset_BinFill_hard/hdf5_files/BinFill_ep39_seed7900.h5 secs=4.568
MERGE_EP task=BinFill idx=301 member=record_dataset_BinFill_hard/hdf5_files/BinFill_ep40_seed8000.h5 secs=4.338
MERGE_EP task=BinFill idx=302 member=record_dataset_BinFill_hard/hdf5_files/BinFill_ep41_seed8100.h5 secs=3.575
MERGE_EP task=BinFill idx=303 member=record_dataset_BinFill_hard/hdf5_files/BinFill_ep42_seed8200.h5 secs=5.697
MERGE_EP task=BinFill idx=304 member=record_dataset_BinFill_hard/hdf5_files/BinFill_ep43_seed8300.h5 secs=5.452
MERGE_EP task=BinFill idx=305 member=record_dataset_BinFill_hard/hdf5_files/BinFill_ep44_seed8400.h5 secs=3.622
MERGE_EP task=BinFill idx=306 member=record_dataset_BinFill_hard/hdf5_files/BinFill_ep46_seed8600.h5 secs=3.299
MERGE_EP task=BinFill idx=307 member=record_dataset_BinFill_hard/hdf5_files/BinFill_ep47_seed8700.h5 secs=4.429
MERGE_EP task=BinFill idx=308 member=record_dataset_BinFill_hard/hdf5_files/BinFill_ep48_seed8800.h5 secs=3.993
MERGE_EP task=BinFill idx=309 member=record_dataset_BinFill_hard/hdf5_files/BinFill_ep49_seed8900.h5 secs=4.266
MERGE_EP task=BinFill idx=310 member=record_dataset_BinFill_hard/hdf5_files/BinFill_ep50_seed9000.h5 secs=3.650
MERGE_EP task=BinFill idx=311 member=record_dataset_BinFill_hard/hdf5_files/BinFill_ep51_seed9100.h5 secs=5.326
MERGE_EP task=BinFill idx=312 member=record_dataset_BinFill_hard/hdf5_files/BinFill_ep52_seed9200.h5 secs=3.923
MERGE_EP task=BinFill idx=313 member=record_dataset_BinFill_hard/hdf5_files/BinFill_ep53_seed9300.h5 secs=5.425
MERGE_EP task=BinFill idx=314 member=record_dataset_BinFill_hard/hdf5_files/BinFill_ep54_seed9400.h5 secs=4.034
MERGE_EP task=BinFill idx=315 member=record_dataset_BinFill_hard/hdf5_files/BinFill_ep55_seed9500.h5 secs=3.881
MERGE_EP task=BinFill idx=316 member=record_dataset_BinFill_hard/hdf5_files/BinFill_ep56_seed9600.h5 secs=3.572
MERGE_EP task=BinFill idx=317 member=record_dataset_BinFill_hard/hdf5_files/BinFill_ep57_seed9700.h5 secs=5.911
MERGE_EP task=BinFill idx=318 member=record_dataset_BinFill_hard/hdf5_files/BinFill_ep59_seed9900.h5 secs=3.183
MERGE_EP task=BinFill idx=319 member=record_dataset_BinFill_hard/hdf5_files/BinFill_ep60_seed10000.h5 secs=4.940
MERGE_EP task=BinFill idx=320 member=record_dataset_BinFill_hard/hdf5_files/BinFill_ep61_seed10100.h5 secs=3.324
MERGE_EP task=BinFill idx=321 member=record_dataset_BinFill_hard/hdf5_files/BinFill_ep62_seed10200.h5 secs=4.221
MERGE_EP task=BinFill idx=322 member=record_dataset_BinFill_hard/hdf5_files/BinFill_ep63_seed10300.h5 secs=3.784
MERGE_EP task=BinFill idx=323 member=record_dataset_BinFill_hard/hdf5_files/BinFill_ep64_seed10400.h5 secs=4.657
MERGE_EP task=BinFill idx=324 member=record_dataset_BinFill_hard/hdf5_files/BinFill_ep66_seed10600.h5 secs=5.721
MERGE_EP task=BinFill idx=325 member=record_dataset_BinFill_hard/hdf5_files/BinFill_ep67_seed10700.h5 secs=4.197
MERGE_EP task=BinFill idx=326 member=record_dataset_BinFill_hard/hdf5_files/BinFill_ep68_seed10800.h5 secs=4.328
MERGE_EP task=BinFill idx=327 member=record_dataset_BinFill_hard/hdf5_files/BinFill_ep69_seed10900.h5 secs=3.667
MERGE_EP task=BinFill idx=328 member=record_dataset_BinFill_hard/hdf5_files/BinFill_ep70_seed11000.h5 secs=3.561
MERGE_EP task=BinFill idx=329 member=record_dataset_BinFill_hard/hdf5_files/BinFill_ep71_seed11100.h5 secs=5.264
MERGE_EP task=BinFill idx=330 member=record_dataset_BinFill_hard/hdf5_files/BinFill_ep72_seed11200.h5 secs=5.619
MERGE_EP task=BinFill idx=331 member=record_dataset_BinFill_hard/hdf5_files/BinFill_ep73_seed11300.h5 secs=4.159
MERGE_EP task=BinFill idx=332 member=record_dataset_BinFill_hard/hdf5_files/BinFill_ep74_seed11400.h5 secs=4.280
MERGE_EP task=BinFill idx=333 member=record_dataset_BinFill_hard/hdf5_files/BinFill_ep75_seed11500.h5 secs=4.086
MERGE_EP task=BinFill idx=334 member=record_dataset_BinFill_hard/hdf5_files/BinFill_ep76_seed11600.h5 secs=3.376
MERGE_EP task=BinFill idx=335 member=record_dataset_BinFill_hard/hdf5_files/BinFill_ep77_seed11700.h5 secs=5.079
MERGE_EP task=BinFill idx=336 member=record_dataset_BinFill_hard/hdf5_files/BinFill_ep78_seed11800.h5 secs=3.371
MERGE_EP task=BinFill idx=337 member=record_dataset_BinFill_hard/hdf5_files/BinFill_ep79_seed11900.h5 secs=5.863
MERGE_EP task=BinFill idx=338 member=record_dataset_BinFill_hard/hdf5_files/BinFill_ep80_seed12000.h5 secs=4.554
MERGE_EP task=BinFill idx=339 member=record_dataset_BinFill_hard/hdf5_files/BinFill_ep81_seed12100.h5 secs=3.670
MERGE_EP task=BinFill idx=340 member=record_dataset_BinFill_hard/hdf5_files/BinFill_ep82_seed12200.h5 secs=3.846
MERGE_EP task=BinFill idx=341 member=record_dataset_BinFill_hard/hdf5_files/BinFill_ep83_seed12300.h5 secs=4.084
MERGE_EP task=BinFill idx=342 member=record_dataset_BinFill_hard/hdf5_files/BinFill_ep84_seed12400.h5 secs=5.815
MERGE_EP task=BinFill idx=343 member=record_dataset_BinFill_hard/hdf5_files/BinFill_ep85_seed12500.h5 secs=5.392
MERGE_EP task=BinFill idx=344 member=record_dataset_BinFill_hard/hdf5_files/BinFill_ep86_seed12600.h5 secs=4.706
MERGE_EP task=BinFill idx=345 member=record_dataset_BinFill_hard/hdf5_files/BinFill_ep87_seed12700.h5 secs=3.627
MERGE_EP task=BinFill idx=346 member=record_dataset_BinFill_hard/hdf5_files/BinFill_ep88_seed12800.h5 secs=4.304
MERGE_EP task=BinFill idx=347 member=record_dataset_BinFill_hard/hdf5_files/BinFill_ep89_seed12900.h5 secs=5.853
MERGE_EP task=BinFill idx=348 member=record_dataset_BinFill_hard/hdf5_files/BinFill_ep91_seed13100.h5 secs=5.164
MERGE_EP task=BinFill idx=349 member=record_dataset_BinFill_hard/hdf5_files/BinFill_ep92_seed13200.h5 secs=4.892
MERGE_EP task=BinFill idx=350 member=record_dataset_BinFill_hard/hdf5_files/BinFill_ep94_seed13400.h5 secs=3.322
MERGE_EP task=BinFill idx=351 member=record_dataset_BinFill_hard/hdf5_files/BinFill_ep95_seed13500.h5 secs=4.661
MERGE_EP task=BinFill idx=352 member=record_dataset_BinFill_hard/hdf5_files/BinFill_ep96_seed13600.h5 secs=5.742
MERGE_EP task=BinFill idx=353 member=record_dataset_BinFill_hard/hdf5_files/BinFill_ep97_seed13700.h5 secs=4.818
MERGE_EP task=BinFill idx=354 member=record_dataset_BinFill_hard/hdf5_files/BinFill_ep98_seed13800.h5 secs=4.670
MERGE_EP task=BinFill idx=355 member=record_dataset_BinFill_hard/hdf5_files/BinFill_ep99_seed13900.h5 secs=6.344
MERGE_EP task=BinFill idx=356 member=record_dataset_BinFill_hard/hdf5_files/BinFill_ep100_seed14000.h5 secs=5.446
MERGE_EP task=BinFill idx=357 member=record_dataset_BinFill_hard/hdf5_files/BinFill_ep101_seed14100.h5 secs=6.064
MERGE_EP task=BinFill idx=358 member=record_dataset_BinFill_hard/hdf5_files/BinFill_ep102_seed14200.h5 secs=6.075
MERGE_EP task=BinFill idx=359 member=record_dataset_BinFill_hard/hdf5_files/BinFill_ep103_seed14300.h5 secs=3.625
MERGE_EP task=BinFill idx=360 member=record_dataset_BinFill_hard/hdf5_files/BinFill_ep104_seed14400.h5 secs=3.944
MERGE_EP task=BinFill idx=361 member=record_dataset_BinFill_hard/hdf5_files/BinFill_ep105_seed14500.h5 secs=4.936
MERGE_EP task=BinFill idx=362 member=record_dataset_BinFill_hard/hdf5_files/BinFill_ep106_seed14600.h5 secs=4.089
MERGE_EP task=BinFill idx=363 member=record_dataset_BinFill_hard/hdf5_files/BinFill_ep107_seed14700.h5 secs=4.805
MERGE_EP task=BinFill idx=364 member=record_dataset_BinFill_hard/hdf5_files/BinFill_ep108_seed14800.h5 secs=4.515
MERGE_EP task=BinFill idx=365 member=record_dataset_BinFill_hard/hdf5_files/BinFill_ep109_seed14900.h5 secs=4.786
MERGE_EP task=BinFill idx=366 member=record_dataset_BinFill_hard/hdf5_files/BinFill_ep110_seed15000.h5 secs=5.451
MERGE_EP task=BinFill idx=367 member=record_dataset_BinFill_hard/hdf5_files/BinFill_ep111_seed15100.h5 secs=6.626
MERGE_EP task=BinFill idx=368 member=record_dataset_BinFill_hard/hdf5_files/BinFill_ep112_seed15200.h5 secs=4.961
MERGE_EP task=BinFill idx=369 member=record_dataset_BinFill_hard/hdf5_files/BinFill_ep113_seed15300.h5 secs=3.693
MERGE_EP task=BinFill idx=370 member=record_dataset_BinFill_hard/hdf5_files/BinFill_ep114_seed15400.h5 secs=3.740
MERGE_EP task=BinFill idx=371 member=record_dataset_BinFill_hard/hdf5_files/BinFill_ep115_seed15500.h5 secs=3.658
MERGE_EP task=BinFill idx=372 member=record_dataset_BinFill_hard/hdf5_files/BinFill_ep116_seed15600.h5 secs=5.647
MERGE_EP task=BinFill idx=373 member=record_dataset_BinFill_hard/hdf5_files/BinFill_ep118_seed15800.h5 secs=5.135
MERGE_EP task=BinFill idx=374 member=record_dataset_BinFill_hard/hdf5_files/BinFill_ep119_seed15900.h5 secs=3.649
MERGE_EP task=BinFill idx=375 member=record_dataset_BinFill_hard/hdf5_files/BinFill_ep120_seed16000.h5 secs=5.559
MERGE_EP task=BinFill idx=376 member=record_dataset_BinFill_hard/hdf5_files/BinFill_ep121_seed16100.h5 secs=5.349
MERGE_EP task=BinFill idx=377 member=record_dataset_BinFill_hard/hdf5_files/BinFill_ep122_seed16200.h5 secs=3.055
MERGE_EP task=BinFill idx=378 member=record_dataset_BinFill_hard/hdf5_files/BinFill_ep123_seed16300.h5 secs=3.203
MERGE_EP task=BinFill idx=379 member=record_dataset_BinFill_hard/hdf5_files/BinFill_ep124_seed16400.h5 secs=4.216
MERGE_EP task=BinFill idx=380 member=record_dataset_BinFill_hard/hdf5_files/BinFill_ep125_seed16500.h5 secs=4.749
MERGE_EP task=BinFill idx=381 member=record_dataset_BinFill_hard/hdf5_files/BinFill_ep126_seed16600.h5 secs=3.188
MERGE_EP task=BinFill idx=382 member=record_dataset_BinFill_hard/hdf5_files/BinFill_ep127_seed16700.h5 secs=4.404
MERGE_EP task=BinFill idx=383 member=record_dataset_BinFill_hard/hdf5_files/BinFill_ep128_seed16800.h5 secs=5.405
MERGE_EP task=BinFill idx=384 member=record_dataset_BinFill_hard/hdf5_files/BinFill_ep129_seed16900.h5 secs=5.093
MERGE_EP task=BinFill idx=385 member=record_dataset_BinFill_hard/hdf5_files/BinFill_ep131_seed17100.h5 secs=3.425
MERGE_EP task=BinFill idx=386 member=record_dataset_BinFill_hard/hdf5_files/BinFill_ep132_seed17200.h5 secs=3.886
MERGE_EP task=BinFill idx=387 member=record_dataset_BinFill_hard/hdf5_files/BinFill_ep133_seed17300.h5 secs=4.400
MERGE_EP task=BinFill idx=388 member=record_dataset_BinFill_hard/hdf5_files/BinFill_ep134_seed17400.h5 secs=3.599
MERGE_EP task=BinFill idx=389 member=record_dataset_BinFill_hard/hdf5_files/BinFill_ep135_seed17500.h5 secs=4.316
MERGE_EP task=BinFill idx=390 member=record_dataset_BinFill_hard/hdf5_files/BinFill_ep136_seed17600.h5 secs=5.114
MERGE_EP task=BinFill idx=391 member=record_dataset_BinFill_hard/hdf5_files/BinFill_ep137_seed17700.h5 secs=3.673
MERGE_EP task=BinFill idx=392 member=record_dataset_BinFill_hard/hdf5_files/BinFill_ep138_seed17800.h5 secs=5.057
MERGE_EP task=BinFill idx=393 member=record_dataset_BinFill_hard/hdf5_files/BinFill_ep139_seed17900.h5 secs=4.921
MERGE_EP task=BinFill idx=394 member=record_dataset_BinFill_hard/hdf5_files/BinFill_ep140_seed18000.h5 secs=5.286
MERGE_EP task=BinFill idx=395 member=record_dataset_BinFill_hard/hdf5_files/BinFill_ep141_seed18100.h5 secs=3.308
MERGE_EP task=BinFill idx=396 member=record_dataset_BinFill_hard/hdf5_files/BinFill_ep142_seed18200.h5 secs=4.155
MERGE_EP task=BinFill idx=397 member=record_dataset_BinFill_hard/hdf5_files/BinFill_ep143_seed18300.h5 secs=4.519
MERGE_EP task=BinFill idx=398 member=record_dataset_BinFill_hard/hdf5_files/BinFill_ep144_seed18400.h5 secs=3.026
MERGE_EP task=BinFill idx=399 member=record_dataset_BinFill_hard/hdf5_files/BinFill_ep145_seed18500.h5 secs=5.350
MERGE_TASK=PASS task=BinFill episodes=400
2026-09-14T18:15:03Z
EXIT_CODE=0
