2026/08/26 21:06:53.405, 0, 0 %, 0 %, 1017 MiB, 81.50 W
2026/08/26 21:06:53.408, 1, 0 %, 0 %, 9 MiB, 86.27 W
2026/08/26 21:06:53.910, 0, 0 %, 0 %, 1017 MiB, 78.04 W
2026/08/26 21:06:53.910, 1, 0 %, 0 %, 9 MiB, 83.38 W
2026/08/26 21:06:54.410, 0, 0 %, 0 %, 1017 MiB, 78.04 W
2026/08/26 21:06:54.410, 1, 0 %, 0 %, 9 MiB, 83.38 W
2026/08/26 21:06:54.910, 0, 0 %, 0 %, 1017 MiB, 55.99 W
2026/08/26 21:06:54.911, 1, 0 %, 0 %, 9 MiB, 61.79 W
2026/08/26 21:06:55.411, 0, 0 %, 0 %, 1017 MiB, 55.99 W
2026/08/26 21:06:55.411, 1, 0 %, 0 %, 9 MiB, 61.79 W
2026/08/26 21:06:55.911, 0, 0 %, 0 %, 1017 MiB, 44.85 W
2026/08/26 21:06:55.912, 1, 0 %, 0 %, 9 MiB, 50.49 W
2026/08/26 21:06:56.412, 0, 0 %, 0 %, 1017 MiB, 44.85 W
2026/08/26 21:06:56.412, 1, 0 %, 0 %, 9 MiB, 50.49 W
2026/08/26 21:06:56.912, 0, 0 %, 0 %, 1017 MiB, 32.74 W
2026/08/26 21:06:56.913, 1, 0 %, 0 %, 9 MiB, 37.47 W
2026/08/26 21:06:57.413, 0, 0 %, 0 %, 1017 MiB, 32.74 W
2026/08/26 21:06:57.413, 1, 0 %, 0 %, 9 MiB, 37.47 W
2026/08/26 21:06:57.913, 0, 0 %, 0 %, 1017 MiB, 29.16 W
2026/08/26 21:06:57.913, 1, 0 %, 0 %, 9 MiB, 32.83 W
2026/08/26 21:06:58.414, 0, 0 %, 0 %, 1017 MiB, 29.16 W
2026/08/26 21:06:58.414, 1, 0 %, 0 %, 9 MiB, 32.83 W
2026/08/26 21:06:58.914, 0, 0 %, 0 %, 1017 MiB, 27.61 W
2026/08/26 21:06:58.914, 1, 0 %, 0 %, 9 MiB, 30.68 W
2026/08/26 21:06:59.415, 0, 0 %, 0 %, 1017 MiB, 27.61 W
2026/08/26 21:06:59.415, 1, 0 %, 0 %, 9 MiB, 30.68 W
2026/08/26 21:06:59.915, 0, 0 %, 0 %, 1017 MiB, 27.41 W
2026/08/26 21:06:59.915, 1, 0 %, 0 %, 9 MiB, 30.64 W
2026/08/26 21:07:00.416, 0, 0 %, 0 %, 1017 MiB, 27.41 W
2026/08/26 21:07:00.416, 1, 0 %, 0 %, 9 MiB, 30.64 W
2026/08/26 21:07:00.916, 0, 0 %, 0 %, 1017 MiB, 27.51 W
2026/08/26 21:07:00.916, 1, 0 %, 0 %, 9 MiB, 30.57 W
2026/08/26 21:07:01.417, 0, 0 %, 0 %, 1017 MiB, 27.51 W
2026/08/26 21:07:01.417, 1, 0 %, 0 %, 9 MiB, 30.57 W
2026/08/26 21:07:01.917, 0, 0 %, 0 %, 1017 MiB, 27.69 W
2026/08/26 21:07:01.917, 1, 0 %, 0 %, 9 MiB, 30.56 W
2026/08/26 21:07:02.417, 0, 0 %, 0 %, 1017 MiB, 27.69 W
2026/08/26 21:07:02.418, 1, 0 %, 0 %, 9 MiB, 30.56 W
2026/08/26 21:07:02.918, 0, 0 %, 0 %, 1017 MiB, 27.55 W
2026/08/26 21:07:02.918, 1, 0 %, 0 %, 9 MiB, 30.50 W
2026/08/26 21:07:03.418, 0, 0 %, 0 %, 1017 MiB, 27.55 W
2026/08/26 21:07:03.419, 1, 0 %, 0 %, 9 MiB, 30.50 W
2026/08/26 21:07:03.919, 0, 0 %, 0 %, 1017 MiB, 27.27 W
2026/08/26 21:07:03.919, 1, 0 %, 0 %, 9 MiB, 30.37 W
2026/08/26 21:07:04.419, 0, 0 %, 0 %, 1017 MiB, 27.27 W
2026/08/26 21:07:04.420, 1, 0 %, 0 %, 9 MiB, 30.37 W
2026/08/26 21:07:04.920, 0, 0 %, 0 %, 1017 MiB, 26.94 W
2026/08/26 21:07:04.920, 1, 0 %, 0 %, 9 MiB, 30.33 W
2026/08/26 21:07:05.420, 0, 0 %, 0 %, 1017 MiB, 26.94 W
2026/08/26 21:07:05.421, 1, 0 %, 0 %, 9 MiB, 30.33 W
2026/08/26 21:07:05.921, 0, 0 %, 0 %, 1017 MiB, 26.88 W
2026/08/26 21:07:05.921, 1, 0 %, 0 %, 9 MiB, 30.34 W
2026/08/26 21:07:06.421, 0, 0 %, 0 %, 1017 MiB, 26.88 W
2026/08/26 21:07:06.422, 1, 0 %, 0 %, 9 MiB, 30.34 W
2026/08/26 21:07:06.922, 0, 0 %, 0 %, 1017 MiB, 26.82 W
2026/08/26 21:07:06.922, 1, 0 %, 0 %, 9 MiB, 30.38 W
2026/08/26 21:07:07.422, 0, 0 %, 0 %, 1017 MiB, 26.82 W
2026/08/26 21:07:07.423, 1, 0 %, 0 %, 9 MiB, 30.38 W
2026/08/26 21:07:07.923, 0, 0 %, 0 %, 1017 MiB, 26.45 W
2026/08/26 21:07:07.923, 1, 0 %, 0 %, 9 MiB, 30.37 W
2026/08/26 21:07:08.423, 0, 0 %, 0 %, 1017 MiB, 26.45 W
2026/08/26 21:07:08.423, 1, 0 %, 0 %, 9 MiB, 30.37 W
2026/08/26 21:07:08.924, 0, 0 %, 0 %, 1017 MiB, 26.54 W
2026/08/26 21:07:08.924, 1, 0 %, 0 %, 9 MiB, 30.32 W
2026/08/26 21:07:09.424, 0, 0 %, 0 %, 1017 MiB, 26.54 W
2026/08/26 21:07:09.424, 1, 0 %, 0 %, 9 MiB, 30.32 W
2026/08/26 21:07:09.925, 0, 0 %, 0 %, 1017 MiB, 26.57 W
2026/08/26 21:07:09.925, 1, 0 %, 0 %, 9 MiB, 30.21 W
2026/08/26 21:07:10.425, 0, 0 %, 0 %, 1017 MiB, 26.57 W
2026/08/26 21:07:10.425, 1, 0 %, 0 %, 9 MiB, 30.21 W
2026/08/26 21:07:10.926, 0, 0 %, 0 %, 1017 MiB, 26.37 W
2026/08/26 21:07:10.926, 1, 0 %, 0 %, 9 MiB, 30.08 W
2026/08/26 21:07:11.426, 0, 0 %, 0 %, 1017 MiB, 26.37 W
2026/08/26 21:07:11.426, 1, 0 %, 0 %, 9 MiB, 30.08 W
2026/08/26 21:07:11.927, 0, 0 %, 0 %, 1017 MiB, 26.46 W
2026/08/26 21:07:11.927, 1, 0 %, 0 %, 9 MiB, 30.03 W
2026/08/26 21:07:12.427, 0, 0 %, 0 %, 1017 MiB, 26.46 W
2026/08/26 21:07:12.427, 1, 0 %, 0 %, 9 MiB, 30.03 W
2026/08/26 21:07:12.927, 0, 0 %, 0 %, 1017 MiB, 26.34 W
2026/08/26 21:07:12.928, 1, 0 %, 0 %, 9 MiB, 29.94 W
2026/08/26 21:07:13.428, 0, 0 %, 0 %, 1017 MiB, 26.34 W
2026/08/26 21:07:13.428, 1, 0 %, 0 %, 9 MiB, 29.94 W
2026/08/26 21:07:13.928, 0, 0 %, 0 %, 1017 MiB, 26.24 W
2026/08/26 21:07:13.929, 1, 0 %, 0 %, 9 MiB, 29.85 W
2026/08/26 21:07:14.429, 0, 0 %, 0 %, 1017 MiB, 26.24 W
2026/08/26 21:07:14.429, 1, 0 %, 0 %, 9 MiB, 29.85 W
2026/08/26 21:07:14.929, 0, 0 %, 0 %, 1017 MiB, 26.37 W
2026/08/26 21:07:14.930, 1, 0 %, 0 %, 9 MiB, 29.85 W
2026/08/26 21:07:15.430, 0, 0 %, 0 %, 1017 MiB, 26.37 W
2026/08/26 21:07:15.430, 1, 0 %, 0 %, 9 MiB, 29.85 W
2026/08/26 21:07:15.930, 0, 0 %, 0 %, 1017 MiB, 26.23 W
2026/08/26 21:07:15.931, 1, 0 %, 0 %, 9 MiB, 29.92 W
2026/08/26 21:07:16.431, 0, 0 %, 0 %, 1017 MiB, 26.23 W
2026/08/26 21:07:16.431, 1, 0 %, 0 %, 9 MiB, 29.92 W
2026/08/26 21:07:16.931, 0, 0 %, 0 %, 1017 MiB, 26.00 W
2026/08/26 21:07:16.932, 1, 0 %, 0 %, 9 MiB, 29.81 W
2026/08/26 21:07:17.432, 0, 0 %, 0 %, 1017 MiB, 26.00 W
2026/08/26 21:07:17.432, 1, 0 %, 0 %, 9 MiB, 29.81 W
2026/08/26 21:07:17.932, 0, 0 %, 0 %, 1017 MiB, 25.94 W
2026/08/26 21:07:17.933, 1, 0 %, 0 %, 9 MiB, 29.60 W
2026/08/26 21:07:18.433, 0, 0 %, 0 %, 1017 MiB, 25.94 W
2026/08/26 21:07:18.433, 1, 0 %, 0 %, 9 MiB, 29.60 W
2026/08/26 21:07:18.933, 0, 0 %, 0 %, 1017 MiB, 25.96 W
2026/08/26 21:07:18.933, 1, 0 %, 0 %, 9 MiB, 29.62 W
2026/08/26 21:07:19.434, 0, 0 %, 0 %, 1017 MiB, 25.96 W
2026/08/26 21:07:19.434, 1, 0 %, 0 %, 9 MiB, 29.62 W
2026/08/26 21:07:19.934, 0, 0 %, 0 %, 1017 MiB, 25.86 W
2026/08/26 21:07:19.934, 1, 0 %, 0 %, 9 MiB, 29.60 W
2026/08/26 21:07:20.435, 0, 0 %, 0 %, 1017 MiB, 25.86 W
2026/08/26 21:07:20.435, 1, 0 %, 0 %, 9 MiB, 29.60 W
2026/08/26 21:07:20.935, 0, 0 %, 0 %, 1017 MiB, 25.83 W
2026/08/26 21:07:20.935, 1, 0 %, 0 %, 9 MiB, 29.49 W
2026/08/26 21:07:21.435, 0, 0 %, 0 %, 1017 MiB, 25.83 W
2026/08/26 21:07:21.436, 1, 0 %, 0 %, 9 MiB, 29.49 W
2026/08/26 21:07:21.936, 0, 0 %, 0 %, 1017 MiB, 25.92 W
2026/08/26 21:07:21.936, 1, 0 %, 0 %, 9 MiB, 29.45 W
2026/08/26 21:07:22.436, 0, 0 %, 0 %, 1017 MiB, 25.92 W
2026/08/26 21:07:22.437, 1, 0 %, 0 %, 9 MiB, 29.45 W
2026/08/26 21:07:22.937, 0, 0 %, 0 %, 1017 MiB, 25.98 W
2026/08/26 21:07:22.937, 1, 0 %, 0 %, 9 MiB, 29.49 W
2026/08/26 21:07:23.437, 0, 0 %, 0 %, 1017 MiB, 25.98 W
2026/08/26 21:07:23.438, 1, 0 %, 0 %, 9 MiB, 29.49 W
2026/08/26 21:07:23.938, 0, 0 %, 0 %, 1017 MiB, 25.90 W
2026/08/26 21:07:23.938, 1, 0 %, 0 %, 9 MiB, 29.50 W
2026/08/26 21:07:24.438, 0, 0 %, 0 %, 1017 MiB, 25.90 W
2026/08/26 21:07:24.438, 1, 0 %, 0 %, 9 MiB, 29.50 W
2026/08/26 21:07:24.939, 0, 0 %, 0 %, 1017 MiB, 25.83 W
2026/08/26 21:07:24.939, 1, 0 %, 0 %, 9 MiB, 29.37 W
2026/08/26 21:07:25.439, 0, 0 %, 0 %, 1017 MiB, 25.83 W
2026/08/26 21:07:25.439, 1, 0 %, 0 %, 9 MiB, 29.37 W
2026/08/26 21:07:25.940, 0, 0 %, 0 %, 1017 MiB, 25.82 W
2026/08/26 21:07:25.940, 1, 0 %, 0 %, 9 MiB, 29.25 W
2026/08/26 21:07:26.440, 0, 0 %, 0 %, 1017 MiB, 25.82 W
2026/08/26 21:07:26.440, 1, 0 %, 0 %, 9 MiB, 29.25 W
2026/08/26 21:07:26.941, 0, 0 %, 0 %, 1017 MiB, 25.67 W
2026/08/26 21:07:26.941, 1, 0 %, 0 %, 9 MiB, 29.19 W
2026/08/26 21:07:27.441, 0, 0 %, 0 %, 1017 MiB, 25.67 W
2026/08/26 21:07:27.441, 1, 0 %, 0 %, 9 MiB, 29.19 W
2026/08/26 21:07:27.942, 0, 0 %, 0 %, 1017 MiB, 25.48 W
2026/08/26 21:07:27.942, 1, 0 %, 0 %, 9 MiB, 29.21 W
2026/08/26 21:07:28.442, 0, 0 %, 0 %, 1017 MiB, 25.48 W
2026/08/26 21:07:28.442, 1, 0 %, 0 %, 9 MiB, 29.21 W
2026/08/26 21:07:28.943, 0, 0 %, 0 %, 1017 MiB, 25.31 W
2026/08/26 21:07:28.943, 1, 0 %, 0 %, 9 MiB, 29.17 W
2026/08/26 21:07:29.443, 0, 0 %, 0 %, 1017 MiB, 25.31 W
2026/08/26 21:07:29.443, 1, 0 %, 0 %, 9 MiB, 29.17 W
2026/08/26 21:07:29.943, 0, 0 %, 0 %, 1017 MiB, 25.20 W
2026/08/26 21:07:29.944, 1, 0 %, 0 %, 9 MiB, 29.11 W
2026/08/26 21:07:30.444, 0, 0 %, 0 %, 1017 MiB, 25.20 W
2026/08/26 21:07:30.444, 1, 0 %, 0 %, 9 MiB, 29.11 W
2026/08/26 21:07:30.944, 0, 0 %, 0 %, 1017 MiB, 25.21 W
2026/08/26 21:07:30.945, 1, 0 %, 0 %, 9 MiB, 29.13 W
2026/08/26 21:07:31.445, 0, 0 %, 0 %, 1017 MiB, 25.21 W
2026/08/26 21:07:31.445, 1, 0 %, 0 %, 9 MiB, 29.13 W
2026/08/26 21:07:31.945, 0, 0 %, 0 %, 1017 MiB, 25.25 W
2026/08/26 21:07:31.946, 1, 0 %, 0 %, 9 MiB, 29.14 W
2026/08/26 21:07:32.446, 0, 0 %, 0 %, 1017 MiB, 25.25 W
2026/08/26 21:07:32.446, 1, 0 %, 0 %, 9 MiB, 29.14 W
2026/08/26 21:07:32.946, 0, 0 %, 0 %, 1017 MiB, 25.17 W
2026/08/26 21:07:32.947, 1, 0 %, 0 %, 9 MiB, 29.12 W
2026/08/26 21:07:33.447, 0, 0 %, 0 %, 1017 MiB, 25.17 W
2026/08/26 21:07:33.447, 1, 0 %, 0 %, 9 MiB, 29.12 W
2026/08/26 21:07:33.947, 0, 0 %, 0 %, 1017 MiB, 24.92 W
2026/08/26 21:07:33.947, 1, 0 %, 0 %, 9 MiB, 29.07 W
2026/08/26 21:07:34.448, 0, 0 %, 0 %, 1017 MiB, 24.92 W
2026/08/26 21:07:34.448, 1, 0 %, 0 %, 9 MiB, 29.07 W
2026/08/26 21:07:34.948, 0, 0 %, 0 %, 1017 MiB, 24.74 W
2026/08/26 21:07:34.948, 1, 0 %, 0 %, 9 MiB, 29.09 W
2026/08/26 21:07:35.449, 0, 0 %, 0 %, 1017 MiB, 24.74 W
2026/08/26 21:07:35.449, 1, 0 %, 0 %, 9 MiB, 29.09 W
2026/08/26 21:07:35.949, 0, 0 %, 0 %, 1017 MiB, 24.75 W
2026/08/26 21:07:35.949, 1, 0 %, 0 %, 9 MiB, 29.13 W
2026/08/26 21:07:36.450, 0, 0 %, 0 %, 1017 MiB, 24.75 W
2026/08/26 21:07:36.450, 1, 0 %, 0 %, 9 MiB, 29.13 W
2026/08/26 21:07:36.950, 0, 0 %, 0 %, 1017 MiB, 24.84 W
2026/08/26 21:07:36.950, 1, 0 %, 0 %, 9 MiB, 29.11 W
2026/08/26 21:07:37.450, 0, 0 %, 0 %, 1017 MiB, 24.84 W
2026/08/26 21:07:37.451, 1, 0 %, 0 %, 9 MiB, 29.11 W
2026/08/26 21:07:37.951, 0, 0 %, 0 %, 1017 MiB, 24.86 W
2026/08/26 21:07:37.951, 1, 0 %, 0 %, 9 MiB, 29.11 W
2026/08/26 21:07:38.451, 0, 0 %, 0 %, 1017 MiB, 24.86 W
2026/08/26 21:07:38.452, 1, 0 %, 0 %, 9 MiB, 29.11 W
2026/08/26 21:07:38.952, 0, 0 %, 0 %, 1017 MiB, 24.77 W
2026/08/26 21:07:38.952, 1, 0 %, 0 %, 9 MiB, 29.09 W
2026/08/26 21:07:39.452, 0, 0 %, 0 %, 1017 MiB, 24.77 W
2026/08/26 21:07:39.453, 1, 0 %, 0 %, 9 MiB, 29.09 W
2026/08/26 21:07:39.953, 0, 0 %, 0 %, 1017 MiB, 24.68 W
2026/08/26 21:07:39.953, 1, 0 %, 0 %, 9 MiB, 29.08 W
2026/08/26 21:07:40.453, 0, 0 %, 0 %, 1017 MiB, 24.68 W
2026/08/26 21:07:40.454, 1, 0 %, 0 %, 9 MiB, 29.08 W
2026/08/26 21:07:40.954, 0, 0 %, 0 %, 1017 MiB, 24.61 W
2026/08/26 21:07:40.954, 1, 0 %, 0 %, 9 MiB, 29.05 W
2026/08/26 21:07:41.454, 0, 0 %, 0 %, 1017 MiB, 24.61 W
2026/08/26 21:07:41.454, 1, 0 %, 0 %, 9 MiB, 29.05 W
2026/08/26 21:07:41.955, 0, 0 %, 0 %, 1017 MiB, 24.67 W
2026/08/26 21:07:41.955, 1, 0 %, 0 %, 9 MiB, 28.98 W
2026/08/26 21:07:42.455, 0, 0 %, 0 %, 1017 MiB, 24.67 W
2026/08/26 21:07:42.455, 1, 0 %, 0 %, 9 MiB, 28.98 W
2026/08/26 21:07:42.956, 0, 0 %, 0 %, 1017 MiB, 24.66 W
2026/08/26 21:07:42.956, 1, 0 %, 0 %, 9 MiB, 28.95 W
2026/08/26 21:07:43.456, 0, 0 %, 0 %, 1017 MiB, 24.66 W
2026/08/26 21:07:43.456, 1, 0 %, 0 %, 9 MiB, 28.95 W
2026/08/26 21:07:43.957, 0, 0 %, 0 %, 1017 MiB, 24.48 W
2026/08/26 21:07:43.957, 1, 0 %, 0 %, 9 MiB, 28.91 W
2026/08/26 21:07:44.457, 0, 0 %, 0 %, 1017 MiB, 24.48 W
2026/08/26 21:07:44.457, 1, 0 %, 0 %, 9 MiB, 28.91 W
2026/08/26 21:07:44.958, 0, 0 %, 0 %, 1017 MiB, 24.47 W
2026/08/26 21:07:44.958, 1, 0 %, 0 %, 9 MiB, 28.93 W
2026/08/26 21:07:45.458, 0, 0 %, 0 %, 1017 MiB, 24.47 W
2026/08/26 21:07:45.458, 1, 0 %, 0 %, 9 MiB, 28.93 W
2026/08/26 21:07:45.958, 0, 0 %, 0 %, 1017 MiB, 24.43 W
2026/08/26 21:07:45.959, 1, 0 %, 0 %, 9 MiB, 28.96 W
2026/08/26 21:07:46.459, 0, 0 %, 0 %, 1017 MiB, 24.43 W
2026/08/26 21:07:46.459, 1, 0 %, 0 %, 9 MiB, 28.96 W
2026/08/26 21:07:46.959, 0, 0 %, 0 %, 1017 MiB, 24.33 W
2026/08/26 21:07:46.960, 1, 0 %, 0 %, 9 MiB, 28.93 W
2026/08/26 21:07:47.460, 0, 0 %, 0 %, 1017 MiB, 24.33 W
2026/08/26 21:07:47.460, 1, 0 %, 0 %, 9 MiB, 28.93 W
2026/08/26 21:07:47.960, 0, 0 %, 0 %, 1017 MiB, 24.27 W
2026/08/26 21:07:47.961, 1, 0 %, 0 %, 9 MiB, 28.89 W
2026/08/26 21:07:48.461, 0, 0 %, 0 %, 1017 MiB, 24.27 W
2026/08/26 21:07:48.461, 1, 0 %, 0 %, 9 MiB, 28.89 W
2026/08/26 21:07:48.961, 0, 0 %, 0 %, 1017 MiB, 24.22 W
2026/08/26 21:07:48.962, 1, 0 %, 0 %, 9 MiB, 28.79 W
2026/08/26 21:07:49.462, 0, 0 %, 0 %, 1017 MiB, 24.22 W
2026/08/26 21:07:49.462, 1, 0 %, 0 %, 9 MiB, 28.79 W
2026/08/26 21:07:49.962, 0, 0 %, 0 %, 1017 MiB, 24.25 W
2026/08/26 21:07:49.962, 1, 0 %, 0 %, 9 MiB, 28.72 W
2026/08/26 21:07:50.463, 0, 0 %, 0 %, 1017 MiB, 24.25 W
2026/08/26 21:07:50.463, 1, 0 %, 0 %, 9 MiB, 28.72 W
2026/08/26 21:07:50.963, 0, 0 %, 0 %, 1017 MiB, 24.26 W
2026/08/26 21:07:50.963, 1, 0 %, 0 %, 9 MiB, 28.73 W
2026/08/26 21:07:51.464, 0, 0 %, 0 %, 1017 MiB, 24.26 W
2026/08/26 21:07:51.464, 1, 0 %, 0 %, 9 MiB, 28.73 W
2026/08/26 21:07:51.964, 0, 0 %, 0 %, 1017 MiB, 24.26 W
2026/08/26 21:07:51.964, 1, 0 %, 0 %, 9 MiB, 28.82 W
2026/08/26 21:07:52.465, 0, 0 %, 0 %, 1017 MiB, 24.26 W
2026/08/26 21:07:52.465, 1, 0 %, 0 %, 9 MiB, 28.82 W
2026/08/26 21:07:52.965, 0, 0 %, 0 %, 1017 MiB, 24.29 W
2026/08/26 21:07:52.965, 1, 0 %, 0 %, 9 MiB, 28.84 W
2026/08/26 21:07:53.465, 0, 0 %, 0 %, 1017 MiB, 24.29 W
2026/08/26 21:07:53.466, 1, 0 %, 0 %, 9 MiB, 28.84 W
2026/08/26 21:07:53.966, 0, 0 %, 0 %, 1017 MiB, 24.18 W
2026/08/26 21:07:53.966, 1, 0 %, 0 %, 9 MiB, 28.84 W
2026/08/26 21:07:54.466, 0, 0 %, 0 %, 1017 MiB, 24.18 W
2026/08/26 21:07:54.467, 1, 0 %, 0 %, 9 MiB, 28.84 W
2026/08/26 21:07:54.967, 0, 0 %, 0 %, 1017 MiB, 24.05 W
2026/08/26 21:07:54.967, 1, 0 %, 0 %, 9 MiB, 28.87 W
2026/08/26 21:07:55.467, 0, 0 %, 0 %, 1017 MiB, 24.05 W
2026/08/26 21:07:55.468, 1, 0 %, 0 %, 9 MiB, 28.87 W
2026/08/26 21:07:55.968, 0, 0 %, 0 %, 1017 MiB, 24.06 W
2026/08/26 21:07:55.968, 1, 0 %, 0 %, 9 MiB, 28.83 W
2026/08/26 21:07:56.468, 0, 0 %, 0 %, 1017 MiB, 24.06 W
2026/08/26 21:07:56.468, 1, 0 %, 0 %, 9 MiB, 28.83 W
2026/08/26 21:07:56.969, 0, 0 %, 0 %, 1017 MiB, 24.07 W
2026/08/26 21:07:56.969, 1, 0 %, 0 %, 9 MiB, 28.82 W
2026/08/26 21:07:57.469, 0, 0 %, 0 %, 1017 MiB, 24.07 W
2026/08/26 21:07:57.469, 1, 0 %, 0 %, 9 MiB, 28.82 W
2026/08/26 21:07:57.970, 0, 0 %, 0 %, 1017 MiB, 23.91 W
2026/08/26 21:07:57.970, 1, 0 %, 0 %, 9 MiB, 28.82 W
2026/08/26 21:07:58.470, 0, 0 %, 0 %, 1017 MiB, 23.91 W
2026/08/26 21:07:58.470, 1, 0 %, 0 %, 9 MiB, 28.82 W
2026/08/26 21:07:58.971, 0, 0 %, 0 %, 1017 MiB, 23.74 W
2026/08/26 21:07:58.971, 1, 0 %, 0 %, 9 MiB, 28.81 W
2026/08/26 21:07:59.471, 0, 0 %, 0 %, 1017 MiB, 23.74 W
2026/08/26 21:07:59.471, 1, 0 %, 0 %, 9 MiB, 28.81 W
2026/08/26 21:07:59.971, 0, 0 %, 0 %, 1017 MiB, 23.76 W
2026/08/26 21:07:59.972, 1, 0 %, 0 %, 9 MiB, 28.78 W
2026/08/26 21:08:00.472, 0, 0 %, 0 %, 1017 MiB, 23.76 W
2026/08/26 21:08:00.472, 1, 0 %, 0 %, 9 MiB, 28.78 W
2026/08/26 21:08:00.972, 0, 0 %, 0 %, 1017 MiB, 23.84 W
2026/08/26 21:08:00.973, 1, 0 %, 0 %, 9 MiB, 28.75 W
2026/08/26 21:08:01.473, 0, 0 %, 0 %, 1017 MiB, 23.84 W
2026/08/26 21:08:01.473, 1, 0 %, 0 %, 9 MiB, 28.75 W
2026/08/26 21:08:01.973, 0, 0 %, 0 %, 1017 MiB, 23.73 W
2026/08/26 21:08:01.974, 1, 0 %, 0 %, 9 MiB, 28.73 W
2026/08/26 21:08:02.474, 0, 0 %, 0 %, 1017 MiB, 23.73 W
2026/08/26 21:08:02.474, 1, 0 %, 0 %, 9 MiB, 28.73 W
2026/08/26 21:08:02.974, 0, 0 %, 0 %, 1017 MiB, 23.61 W
2026/08/26 21:08:02.974, 1, 0 %, 0 %, 9 MiB, 28.72 W
2026/08/26 21:08:03.475, 0, 0 %, 0 %, 1017 MiB, 23.61 W
2026/08/26 21:08:03.475, 1, 0 %, 0 %, 9 MiB, 28.72 W
2026/08/26 21:08:03.975, 0, 0 %, 0 %, 1017 MiB, 23.77 W
2026/08/26 21:08:03.975, 1, 0 %, 0 %, 9 MiB, 28.73 W
2026/08/26 21:08:04.476, 0, 0 %, 0 %, 1017 MiB, 23.77 W
2026/08/26 21:08:04.476, 1, 0 %, 0 %, 9 MiB, 28.73 W
2026/08/26 21:08:04.976, 0, 0 %, 0 %, 1017 MiB, 23.80 W
2026/08/26 21:08:04.976, 1, 0 %, 0 %, 9 MiB, 28.76 W
2026/08/26 21:08:05.477, 0, 0 %, 0 %, 1017 MiB, 23.80 W
2026/08/26 21:08:05.477, 1, 0 %, 0 %, 9 MiB, 28.76 W
2026/08/26 21:08:05.977, 0, 0 %, 0 %, 1017 MiB, 23.74 W
2026/08/26 21:08:05.977, 1, 0 %, 0 %, 9 MiB, 28.77 W
2026/08/26 21:08:06.478, 0, 0 %, 0 %, 1017 MiB, 23.74 W
2026/08/26 21:08:06.478, 1, 0 %, 0 %, 9 MiB, 28.77 W
2026/08/26 21:08:06.978, 0, 0 %, 0 %, 1017 MiB, 23.78 W
2026/08/26 21:08:06.978, 1, 0 %, 0 %, 9 MiB, 28.75 W
2026/08/26 21:08:07.478, 0, 0 %, 0 %, 1017 MiB, 23.78 W
2026/08/26 21:08:07.479, 1, 0 %, 0 %, 9 MiB, 28.75 W
2026/08/26 21:08:07.979, 0, 0 %, 0 %, 1017 MiB, 23.78 W
2026/08/26 21:08:07.979, 1, 0 %, 0 %, 9 MiB, 28.72 W
2026/08/26 21:08:08.479, 0, 0 %, 0 %, 1017 MiB, 23.78 W
2026/08/26 21:08:08.480, 1, 0 %, 0 %, 9 MiB, 28.72 W
2026/08/26 21:08:08.980, 0, 0 %, 0 %, 1017 MiB, 23.70 W
2026/08/26 21:08:08.980, 1, 0 %, 0 %, 9 MiB, 28.76 W
2026/08/26 21:08:09.480, 0, 0 %, 0 %, 1017 MiB, 23.70 W
2026/08/26 21:08:09.481, 1, 0 %, 0 %, 9 MiB, 28.76 W
2026/08/26 21:08:09.981, 0, 0 %, 0 %, 1017 MiB, 23.65 W
2026/08/26 21:08:09.981, 1, 0 %, 0 %, 9 MiB, 28.80 W
2026/08/26 21:08:10.481, 0, 0 %, 0 %, 1017 MiB, 23.65 W
2026/08/26 21:08:10.482, 1, 0 %, 0 %, 9 MiB, 28.80 W
2026/08/26 21:08:10.982, 0, 0 %, 0 %, 1017 MiB, 23.66 W
2026/08/26 21:08:10.982, 1, 0 %, 0 %, 9 MiB, 28.79 W
2026/08/26 21:08:11.482, 0, 0 %, 0 %, 1017 MiB, 23.66 W
2026/08/26 21:08:11.482, 1, 0 %, 0 %, 9 MiB, 28.79 W
2026/08/26 21:08:11.983, 0, 0 %, 0 %, 1017 MiB, 23.74 W
2026/08/26 21:08:11.983, 1, 0 %, 0 %, 9 MiB, 28.77 W
2026/08/26 21:08:12.483, 0, 0 %, 0 %, 1017 MiB, 23.74 W
2026/08/26 21:08:12.483, 1, 0 %, 0 %, 9 MiB, 28.77 W
2026/08/26 21:08:12.984, 0, 0 %, 0 %, 1017 MiB, 23.73 W
2026/08/26 21:08:12.984, 1, 0 %, 0 %, 9 MiB, 28.73 W
2026/08/26 21:08:13.484, 0, 0 %, 0 %, 1017 MiB, 23.73 W
2026/08/26 21:08:13.484, 1, 0 %, 0 %, 9 MiB, 28.73 W
2026/08/26 21:08:13.985, 0, 0 %, 0 %, 1017 MiB, 23.68 W
2026/08/26 21:08:13.985, 1, 0 %, 0 %, 9 MiB, 28.72 W
2026/08/26 21:08:14.485, 0, 0 %, 0 %, 1017 MiB, 23.68 W
2026/08/26 21:08:14.485, 1, 0 %, 0 %, 9 MiB, 28.72 W
2026/08/26 21:08:14.986, 0, 0 %, 0 %, 1017 MiB, 23.72 W
2026/08/26 21:08:14.986, 1, 0 %, 0 %, 9 MiB, 28.73 W
2026/08/26 21:08:15.486, 0, 0 %, 0 %, 1017 MiB, 23.72 W
2026/08/26 21:08:15.486, 1, 0 %, 0 %, 9 MiB, 28.73 W
2026/08/26 21:08:15.986, 0, 0 %, 0 %, 1017 MiB, 23.77 W
2026/08/26 21:08:15.987, 1, 0 %, 0 %, 9 MiB, 28.75 W
2026/08/26 21:08:16.487, 0, 0 %, 0 %, 1017 MiB, 23.77 W
2026/08/26 21:08:16.487, 1, 0 %, 0 %, 9 MiB, 28.75 W
2026/08/26 21:08:16.987, 0, 0 %, 0 %, 1017 MiB, 23.72 W
2026/08/26 21:08:16.987, 1, 0 %, 0 %, 9 MiB, 28.77 W
2026/08/26 21:08:17.488, 0, 0 %, 0 %, 1017 MiB, 23.72 W
2026/08/26 21:08:17.488, 1, 0 %, 0 %, 9 MiB, 28.77 W
2026/08/26 21:08:17.988, 0, 0 %, 0 %, 1017 MiB, 23.62 W
2026/08/26 21:08:17.988, 1, 0 %, 0 %, 9 MiB, 28.78 W
2026/08/26 21:08:18.489, 0, 0 %, 0 %, 1017 MiB, 23.62 W
2026/08/26 21:08:18.489, 1, 0 %, 0 %, 9 MiB, 28.78 W
2026/08/26 21:08:18.989, 0, 0 %, 0 %, 1017 MiB, 23.64 W
2026/08/26 21:08:18.989, 1, 0 %, 0 %, 9 MiB, 28.77 W
2026/08/26 21:08:19.490, 0, 0 %, 0 %, 1017 MiB, 23.64 W
2026/08/26 21:08:19.490, 1, 0 %, 0 %, 9 MiB, 28.77 W
2026/08/26 21:08:19.990, 0, 0 %, 0 %, 1017 MiB, 23.67 W
2026/08/26 21:08:19.990, 1, 0 %, 0 %, 9 MiB, 28.77 W
2026/08/26 21:08:20.491, 0, 0 %, 0 %, 1017 MiB, 23.67 W
2026/08/26 21:08:20.491, 1, 0 %, 0 %, 9 MiB, 28.77 W
2026/08/26 21:08:20.991, 0, 0 %, 0 %, 1017 MiB, 23.64 W
2026/08/26 21:08:20.991, 1, 0 %, 0 %, 9 MiB, 28.78 W
2026/08/26 21:08:21.491, 0, 0 %, 0 %, 1017 MiB, 23.64 W
2026/08/26 21:08:21.492, 1, 0 %, 0 %, 9 MiB, 28.78 W
2026/08/26 21:08:21.992, 0, 0 %, 0 %, 1017 MiB, 23.55 W
2026/08/26 21:08:21.992, 1, 0 %, 0 %, 9 MiB, 28.77 W
2026/08/26 21:08:22.492, 0, 0 %, 0 %, 1017 MiB, 23.55 W
2026/08/26 21:08:22.493, 1, 0 %, 0 %, 9 MiB, 28.77 W
2026/08/26 21:08:22.993, 0, 0 %, 0 %, 1017 MiB, 23.44 W
2026/08/26 21:08:22.993, 1, 0 %, 0 %, 9 MiB, 28.78 W
2026/08/26 21:08:23.493, 0, 0 %, 0 %, 1017 MiB, 23.44 W
2026/08/26 21:08:23.494, 1, 0 %, 0 %, 9 MiB, 28.78 W
2026/08/26 21:08:23.994, 0, 0 %, 0 %, 1017 MiB, 23.42 W
2026/08/26 21:08:23.994, 1, 0 %, 0 %, 9 MiB, 28.77 W
2026/08/26 21:08:24.494, 0, 0 %, 0 %, 1017 MiB, 23.42 W
2026/08/26 21:08:24.495, 1, 0 %, 0 %, 9 MiB, 28.77 W
2026/08/26 21:08:24.995, 0, 0 %, 0 %, 1017 MiB, 23.43 W
2026/08/26 21:08:24.995, 1, 0 %, 0 %, 9 MiB, 28.74 W
2026/08/26 21:08:25.495, 0, 0 %, 0 %, 1017 MiB, 23.43 W
2026/08/26 21:08:25.495, 1, 0 %, 0 %, 9 MiB, 28.74 W
2026/08/26 21:08:25.996, 0, 0 %, 0 %, 1017 MiB, 23.50 W
2026/08/26 21:08:25.996, 1, 0 %, 0 %, 9 MiB, 28.78 W
2026/08/26 21:08:26.496, 0, 0 %, 0 %, 1017 MiB, 23.50 W
2026/08/26 21:08:26.496, 1, 0 %, 0 %, 9 MiB, 28.78 W
2026/08/26 21:08:26.997, 0, 0 %, 0 %, 1017 MiB, 23.55 W
2026/08/26 21:08:26.997, 1, 0 %, 0 %, 9 MiB, 28.83 W
2026/08/26 21:08:27.497, 0, 0 %, 0 %, 1017 MiB, 23.55 W
2026/08/26 21:08:27.497, 1, 0 %, 0 %, 9 MiB, 28.83 W
2026/08/26 21:08:27.998, 0, 0 %, 0 %, 1017 MiB, 23.54 W
2026/08/26 21:08:27.998, 1, 0 %, 0 %, 9 MiB, 28.82 W
2026/08/26 21:08:28.498, 0, 0 %, 0 %, 1017 MiB, 23.54 W
2026/08/26 21:08:28.498, 1, 0 %, 0 %, 9 MiB, 28.82 W
2026/08/26 21:08:28.999, 0, 0 %, 0 %, 1017 MiB, 23.62 W
2026/08/26 21:08:28.999, 1, 0 %, 0 %, 9 MiB, 28.78 W
2026/08/26 21:08:29.499, 0, 0 %, 0 %, 1017 MiB, 23.62 W
2026/08/26 21:08:29.499, 1, 0 %, 0 %, 9 MiB, 28.78 W
2026/08/26 21:08:30.000, 0, 0 %, 0 %, 1017 MiB, 23.63 W
2026/08/26 21:08:30.000, 1, 0 %, 0 %, 9 MiB, 28.76 W
2026/08/26 21:08:30.500, 0, 0 %, 0 %, 1017 MiB, 23.63 W
2026/08/26 21:08:30.500, 1, 0 %, 0 %, 9 MiB, 28.76 W
2026/08/26 21:08:31.000, 0, 0 %, 0 %, 1017 MiB, 23.57 W
2026/08/26 21:08:31.001, 1, 0 %, 0 %, 9 MiB, 28.76 W
2026/08/26 21:08:31.501, 0, 0 %, 0 %, 1017 MiB, 23.57 W
2026/08/26 21:08:31.501, 1, 0 %, 0 %, 9 MiB, 28.76 W
2026/08/26 21:08:32.001, 0, 0 %, 0 %, 1017 MiB, 23.53 W
2026/08/26 21:08:32.002, 1, 0 %, 0 %, 9 MiB, 28.76 W
2026/08/26 21:08:32.502, 0, 0 %, 0 %, 1017 MiB, 23.53 W
2026/08/26 21:08:32.502, 1, 0 %, 0 %, 9 MiB, 28.76 W
2026/08/26 21:08:33.002, 0, 0 %, 0 %, 1017 MiB, 23.53 W
2026/08/26 21:08:33.003, 1, 0 %, 0 %, 9 MiB, 28.83 W
2026/08/26 21:08:33.503, 0, 0 %, 0 %, 1017 MiB, 23.53 W
2026/08/26 21:08:33.503, 1, 0 %, 0 %, 9 MiB, 28.83 W
2026/08/26 21:08:34.003, 0, 0 %, 0 %, 1017 MiB, 23.52 W
2026/08/26 21:08:34.004, 1, 0 %, 0 %, 9 MiB, 28.81 W
2026/08/26 21:08:34.504, 0, 0 %, 0 %, 1017 MiB, 23.52 W
2026/08/26 21:08:34.504, 1, 0 %, 0 %, 9 MiB, 28.81 W
2026/08/26 21:08:35.004, 0, 0 %, 0 %, 1017 MiB, 23.41 W
2026/08/26 21:08:35.004, 1, 0 %, 0 %, 9 MiB, 28.71 W
2026/08/26 21:08:35.505, 0, 0 %, 0 %, 1017 MiB, 23.41 W
2026/08/26 21:08:35.505, 1, 0 %, 0 %, 9 MiB, 28.71 W
2026/08/26 21:08:36.005, 0, 0 %, 0 %, 1017 MiB, 23.36 W
2026/08/26 21:08:36.005, 1, 0 %, 0 %, 9 MiB, 28.74 W
2026/08/26 21:08:36.506, 0, 0 %, 0 %, 1017 MiB, 23.36 W
2026/08/26 21:08:36.506, 1, 0 %, 0 %, 9 MiB, 28.74 W
2026/08/26 21:08:37.006, 0, 0 %, 0 %, 1017 MiB, 23.39 W
2026/08/26 21:08:37.006, 1, 0 %, 0 %, 9 MiB, 28.82 W
2026/08/26 21:08:37.506, 0, 0 %, 0 %, 1017 MiB, 23.39 W
2026/08/26 21:08:37.507, 1, 0 %, 0 %, 9 MiB, 28.82 W
2026/08/26 21:08:38.007, 0, 0 %, 0 %, 1017 MiB, 23.42 W
2026/08/26 21:08:38.007, 1, 0 %, 0 %, 9 MiB, 28.81 W
2026/08/26 21:08:38.507, 0, 0 %, 0 %, 1017 MiB, 23.42 W
2026/08/26 21:08:38.508, 1, 0 %, 0 %, 9 MiB, 28.81 W
2026/08/26 21:08:39.008, 0, 0 %, 0 %, 1017 MiB, 23.40 W
2026/08/26 21:08:39.008, 1, 0 %, 0 %, 9 MiB, 28.78 W
2026/08/26 21:08:39.508, 0, 0 %, 0 %, 1017 MiB, 23.40 W
2026/08/26 21:08:39.509, 1, 0 %, 0 %, 9 MiB, 28.78 W
2026/08/26 21:08:40.009, 0, 0 %, 0 %, 1017 MiB, 23.38 W
2026/08/26 21:08:40.009, 1, 0 %, 0 %, 9 MiB, 28.74 W
2026/08/26 21:08:40.509, 0, 0 %, 0 %, 1017 MiB, 23.38 W
2026/08/26 21:08:40.510, 1, 0 %, 0 %, 9 MiB, 28.74 W
2026/08/26 21:08:41.010, 0, 0 %, 0 %, 1017 MiB, 23.42 W
2026/08/26 21:08:41.010, 1, 0 %, 0 %, 9 MiB, 28.75 W
2026/08/26 21:08:41.510, 0, 0 %, 0 %, 1017 MiB, 23.42 W
2026/08/26 21:08:41.510, 1, 0 %, 0 %, 9 MiB, 28.75 W
2026/08/26 21:08:42.011, 0, 0 %, 0 %, 1017 MiB, 23.39 W
2026/08/26 21:08:42.011, 1, 0 %, 0 %, 9 MiB, 28.79 W
2026/08/26 21:08:42.511, 0, 0 %, 0 %, 1017 MiB, 23.39 W
2026/08/26 21:08:42.511, 1, 0 %, 0 %, 9 MiB, 28.79 W
2026/08/26 21:08:43.012, 0, 0 %, 0 %, 1017 MiB, 23.36 W
2026/08/26 21:08:43.012, 1, 0 %, 0 %, 9 MiB, 28.78 W
2026/08/26 21:08:43.512, 0, 0 %, 0 %, 1017 MiB, 23.36 W
2026/08/26 21:08:43.512, 1, 0 %, 0 %, 9 MiB, 28.78 W
2026/08/26 21:08:44.013, 0, 0 %, 0 %, 1017 MiB, 23.38 W
2026/08/26 21:08:44.013, 1, 0 %, 0 %, 9 MiB, 28.72 W
2026/08/26 21:08:44.513, 0, 0 %, 0 %, 1017 MiB, 23.38 W
2026/08/26 21:08:44.513, 1, 0 %, 0 %, 9 MiB, 28.72 W
2026/08/26 21:08:45.014, 0, 0 %, 0 %, 1017 MiB, 23.36 W
2026/08/26 21:08:45.014, 1, 0 %, 0 %, 9 MiB, 28.73 W
2026/08/26 21:08:45.514, 0, 0 %, 0 %, 1017 MiB, 23.36 W
2026/08/26 21:08:45.514, 1, 0 %, 0 %, 9 MiB, 28.73 W
2026/08/26 21:08:46.014, 0, 0 %, 0 %, 1017 MiB, 23.34 W
2026/08/26 21:08:46.015, 1, 0 %, 0 %, 9 MiB, 28.76 W
2026/08/26 21:08:46.515, 0, 0 %, 0 %, 1017 MiB, 23.34 W
2026/08/26 21:08:46.515, 1, 0 %, 0 %, 9 MiB, 28.76 W
2026/08/26 21:08:47.015, 0, 0 %, 0 %, 1017 MiB, 23.34 W
2026/08/26 21:08:47.016, 1, 0 %, 0 %, 9 MiB, 28.77 W
2026/08/26 21:08:47.516, 0, 0 %, 0 %, 1017 MiB, 23.34 W
2026/08/26 21:08:47.516, 1, 0 %, 0 %, 9 MiB, 28.77 W
2026/08/26 21:08:48.016, 0, 0 %, 0 %, 1017 MiB, 23.34 W
2026/08/26 21:08:48.017, 1, 0 %, 0 %, 9 MiB, 28.78 W
2026/08/26 21:08:48.517, 0, 0 %, 0 %, 1017 MiB, 23.34 W
2026/08/26 21:08:48.517, 1, 0 %, 0 %, 9 MiB, 28.78 W
2026/08/26 21:08:49.017, 0, 0 %, 0 %, 1017 MiB, 23.30 W
2026/08/26 21:08:49.018, 1, 0 %, 0 %, 9 MiB, 28.76 W
2026/08/26 21:08:49.518, 0, 0 %, 0 %, 1017 MiB, 23.30 W
2026/08/26 21:08:49.518, 1, 0 %, 0 %, 9 MiB, 28.76 W
2026/08/26 21:08:50.018, 0, 0 %, 0 %, 1017 MiB, 23.26 W
2026/08/26 21:08:50.019, 1, 0 %, 0 %, 9 MiB, 28.76 W
2026/08/26 21:08:50.519, 0, 0 %, 0 %, 1017 MiB, 23.26 W
2026/08/26 21:08:50.519, 1, 0 %, 0 %, 9 MiB, 28.76 W
2026/08/26 21:08:51.019, 0, 0 %, 0 %, 1017 MiB, 23.30 W
2026/08/26 21:08:51.020, 1, 0 %, 0 %, 9 MiB, 28.80 W
2026/08/26 21:08:51.520, 0, 0 %, 0 %, 1017 MiB, 23.30 W
2026/08/26 21:08:51.520, 1, 0 %, 0 %, 9 MiB, 28.80 W
2026/08/26 21:08:52.020, 0, 0 %, 0 %, 1017 MiB, 23.23 W
2026/08/26 21:08:52.020, 1, 0 %, 0 %, 9 MiB, 28.77 W
2026/08/26 21:08:52.521, 0, 0 %, 0 %, 1017 MiB, 23.23 W
2026/08/26 21:08:52.521, 1, 0 %, 0 %, 9 MiB, 28.77 W
2026/08/26 21:08:53.021, 0, 0 %, 0 %, 1017 MiB, 23.16 W
2026/08/26 21:08:53.021, 1, 0 %, 0 %, 9 MiB, 28.75 W
2026/08/26 21:08:53.522, 0, 0 %, 0 %, 1017 MiB, 23.16 W
2026/08/26 21:08:53.522, 1, 0 %, 0 %, 9 MiB, 28.75 W
2026/08/26 21:08:54.023, 0, 0 %, 0 %, 1017 MiB, 23.18 W
2026/08/26 21:08:54.023, 1, 0 %, 0 %, 9 MiB, 28.76 W
2026/08/26 21:08:54.523, 0, 0 %, 0 %, 1017 MiB, 23.18 W
2026/08/26 21:08:54.523, 1, 0 %, 0 %, 9 MiB, 28.76 W
2026/08/26 21:08:55.023, 0, 0 %, 0 %, 1017 MiB, 23.20 W
2026/08/26 21:08:55.023, 1, 0 %, 0 %, 9 MiB, 28.78 W
2026/08/26 21:08:55.524, 0, 0 %, 0 %, 1017 MiB, 23.20 W
2026/08/26 21:08:55.524, 1, 0 %, 0 %, 9 MiB, 28.78 W
2026/08/26 21:08:56.024, 0, 0 %, 0 %, 1017 MiB, 23.21 W
2026/08/26 21:08:56.024, 1, 0 %, 0 %, 9 MiB, 28.83 W
2026/08/26 21:08:56.525, 0, 0 %, 0 %, 1017 MiB, 23.21 W
2026/08/26 21:08:56.525, 1, 0 %, 0 %, 9 MiB, 28.83 W
2026/08/26 21:08:57.025, 0, 0 %, 0 %, 1017 MiB, 23.18 W
2026/08/26 21:08:57.025, 1, 0 %, 0 %, 9 MiB, 28.80 W
2026/08/26 21:08:57.525, 0, 0 %, 0 %, 1017 MiB, 23.18 W
2026/08/26 21:08:57.526, 1, 0 %, 0 %, 9 MiB, 28.80 W
2026/08/26 21:08:58.026, 0, 0 %, 0 %, 1448 MiB, 24.02 W
2026/08/26 21:08:58.026, 1, 1 %, 0 %, 440 MiB, 29.87 W
2026/08/26 21:08:58.526, 0, 0 %, 0 %, 44644 MiB, 35.67 W
2026/08/26 21:08:58.527, 1, 1 %, 0 %, 440 MiB, 40.58 W
2026/08/26 21:08:59.027, 0, 0 %, 0 %, 44646 MiB, 57.72 W
2026/08/26 21:08:59.027, 1, 0 %, 0 %, 440 MiB, 61.49 W
2026/08/26 21:08:59.527, 0, 0 %, 0 %, 44646 MiB, 59.15 W
2026/08/26 21:08:59.527, 1, 0 %, 0 %, 440 MiB, 62.82 W
2026/08/26 21:09:00.028, 0, 0 %, 0 %, 44646 MiB, 59.04 W
2026/08/26 21:09:00.028, 1, 0 %, 0 %, 440 MiB, 62.77 W
2026/08/26 21:09:00.528, 0, 0 %, 0 %, 44646 MiB, 59.02 W
2026/08/26 21:09:00.528, 1, 0 %, 0 %, 440 MiB, 62.77 W
2026/08/26 21:09:01.028, 0, 0 %, 0 %, 44646 MiB, 59.02 W
2026/08/26 21:09:01.029, 1, 0 %, 0 %, 440 MiB, 62.47 W
2026/08/26 21:09:01.529, 0, 0 %, 0 %, 44646 MiB, 58.38 W
2026/08/26 21:09:01.529, 1, 0 %, 0 %, 440 MiB, 62.47 W
2026/08/26 21:09:02.029, 0, 0 %, 0 %, 44646 MiB, 58.38 W
2026/08/26 21:09:02.030, 1, 0 %, 0 %, 440 MiB, 62.36 W
2026/08/26 21:09:02.530, 0, 0 %, 0 %, 44646 MiB, 58.39 W
2026/08/26 21:09:02.530, 1, 0 %, 0 %, 440 MiB, 62.36 W
2026/08/26 21:09:03.030, 0, 0 %, 0 %, 44646 MiB, 58.39 W
2026/08/26 21:09:03.030, 1, 0 %, 0 %, 440 MiB, 62.42 W
2026/08/26 21:09:03.531, 0, 0 %, 0 %, 44646 MiB, 58.45 W
2026/08/26 21:09:03.531, 1, 0 %, 0 %, 440 MiB, 62.42 W
2026/08/26 21:09:04.031, 0, 0 %, 0 %, 44646 MiB, 58.45 W
2026/08/26 21:09:04.031, 1, 0 %, 0 %, 440 MiB, 62.61 W
2026/08/26 21:09:04.532, 0, 0 %, 0 %, 44646 MiB, 58.44 W
2026/08/26 21:09:04.532, 1, 0 %, 0 %, 440 MiB, 62.61 W
2026/08/26 21:09:05.032, 0, 0 %, 0 %, 44646 MiB, 58.44 W
2026/08/26 21:09:05.032, 1, 0 %, 0 %, 440 MiB, 62.69 W
2026/08/26 21:09:05.533, 0, 0 %, 0 %, 44646 MiB, 58.40 W
2026/08/26 21:09:05.533, 1, 0 %, 0 %, 440 MiB, 62.69 W
2026/08/26 21:09:06.033, 0, 0 %, 0 %, 44646 MiB, 58.40 W
2026/08/26 21:09:06.033, 1, 0 %, 0 %, 440 MiB, 62.83 W
2026/08/26 21:09:06.533, 0, 0 %, 0 %, 44646 MiB, 58.40 W
2026/08/26 21:09:06.534, 1, 0 %, 0 %, 440 MiB, 62.83 W
2026/08/26 21:09:07.034, 0, 0 %, 0 %, 44646 MiB, 58.40 W
2026/08/26 21:09:07.034, 1, 0 %, 0 %, 440 MiB, 62.90 W
2026/08/26 21:09:07.534, 0, 0 %, 0 %, 44646 MiB, 58.39 W
2026/08/26 21:09:07.534, 1, 0 %, 0 %, 440 MiB, 62.90 W
2026/08/26 21:09:08.035, 0, 0 %, 0 %, 44646 MiB, 58.39 W
2026/08/26 21:09:08.035, 1, 0 %, 0 %, 440 MiB, 62.87 W
2026/08/26 21:09:08.535, 0, 0 %, 0 %, 44646 MiB, 58.38 W
2026/08/26 21:09:08.535, 1, 0 %, 0 %, 440 MiB, 62.87 W
2026/08/26 21:09:09.035, 0, 0 %, 0 %, 44646 MiB, 58.38 W
2026/08/26 21:09:09.036, 1, 0 %, 0 %, 440 MiB, 62.83 W
2026/08/26 21:09:09.536, 0, 0 %, 0 %, 44646 MiB, 58.39 W
2026/08/26 21:09:09.536, 1, 0 %, 0 %, 440 MiB, 62.83 W
2026/08/26 21:09:10.036, 0, 0 %, 0 %, 44646 MiB, 58.39 W
2026/08/26 21:09:10.037, 1, 0 %, 0 %, 440 MiB, 62.77 W
2026/08/26 21:09:10.537, 0, 0 %, 0 %, 44646 MiB, 58.42 W
2026/08/26 21:09:10.537, 1, 0 %, 0 %, 440 MiB, 62.77 W
2026/08/26 21:09:11.037, 0, 0 %, 0 %, 44646 MiB, 58.42 W
2026/08/26 21:09:11.037, 1, 0 %, 0 %, 440 MiB, 62.79 W
2026/08/26 21:09:11.538, 0, 0 %, 0 %, 44646 MiB, 58.51 W
2026/08/26 21:09:11.538, 1, 0 %, 0 %, 440 MiB, 62.79 W
2026/08/26 21:09:12.038, 0, 0 %, 0 %, 44646 MiB, 58.51 W
2026/08/26 21:09:12.038, 1, 0 %, 0 %, 440 MiB, 62.92 W
2026/08/26 21:09:12.539, 0, 0 %, 0 %, 44646 MiB, 58.53 W
2026/08/26 21:09:12.539, 1, 0 %, 0 %, 440 MiB, 62.92 W
2026/08/26 21:09:13.039, 0, 0 %, 0 %, 44646 MiB, 58.53 W
2026/08/26 21:09:13.039, 1, 0 %, 0 %, 440 MiB, 63.00 W
2026/08/26 21:09:13.539, 0, 0 %, 0 %, 44646 MiB, 58.54 W
2026/08/26 21:09:13.540, 1, 0 %, 0 %, 440 MiB, 63.00 W
2026/08/26 21:09:14.040, 0, 0 %, 0 %, 44646 MiB, 58.54 W
2026/08/26 21:09:14.040, 1, 0 %, 0 %, 440 MiB, 62.94 W
2026/08/26 21:09:14.540, 0, 0 %, 0 %, 44646 MiB, 58.55 W
2026/08/26 21:09:14.540, 1, 0 %, 0 %, 440 MiB, 62.94 W
2026/08/26 21:09:15.041, 0, 0 %, 0 %, 44646 MiB, 58.55 W
2026/08/26 21:09:15.041, 1, 0 %, 0 %, 440 MiB, 59.87 W
2026/08/26 21:09:15.541, 0, 0 %, 0 %, 44646 MiB, 58.61 W
2026/08/26 21:09:15.541, 1, 0 %, 0 %, 440 MiB, 59.87 W
2026/08/26 21:09:16.041, 0, 0 %, 0 %, 44646 MiB, 58.61 W
2026/08/26 21:09:16.042, 1, 0 %, 0 %, 440 MiB, 45.45 W
2026/08/26 21:09:16.542, 0, 0 %, 0 %, 44646 MiB, 51.45 W
2026/08/26 21:09:16.542, 1, 0 %, 0 %, 440 MiB, 45.45 W
2026/08/26 21:09:17.042, 0, 0 %, 0 %, 44646 MiB, 51.45 W
2026/08/26 21:09:17.043, 1, 0 %, 0 %, 440 MiB, 31.46 W
2026/08/26 21:09:17.543, 0, 0 %, 0 %, 44646 MiB, 36.10 W
2026/08/26 21:09:17.543, 1, 0 %, 0 %, 440 MiB, 31.46 W
2026/08/26 21:09:18.043, 0, 0 %, 0 %, 44646 MiB, 36.10 W
2026/08/26 21:09:18.043, 1, 0 %, 0 %, 440 MiB, 28.81 W
2026/08/26 21:09:18.544, 0, 0 %, 0 %, 44646 MiB, 25.57 W
2026/08/26 21:09:18.544, 1, 0 %, 0 %, 440 MiB, 28.81 W
2026/08/26 21:09:19.044, 0, 0 %, 0 %, 44646 MiB, 25.57 W
2026/08/26 21:09:19.044, 1, 0 %, 0 %, 440 MiB, 28.77 W
2026/08/26 21:09:19.545, 0, 0 %, 0 %, 44646 MiB, 23.18 W
2026/08/26 21:09:19.545, 1, 0 %, 0 %, 440 MiB, 28.77 W
2026/08/26 21:09:20.045, 0, 0 %, 0 %, 44646 MiB, 23.18 W
2026/08/26 21:09:20.045, 1, 0 %, 0 %, 440 MiB, 28.70 W
2026/08/26 21:09:20.545, 0, 0 %, 0 %, 44646 MiB, 23.18 W
2026/08/26 21:09:20.546, 1, 0 %, 0 %, 440 MiB, 28.70 W
2026/08/26 21:09:21.046, 0, 0 %, 0 %, 44646 MiB, 23.18 W
2026/08/26 21:09:21.046, 1, 0 %, 0 %, 440 MiB, 28.64 W
2026/08/26 21:09:21.546, 0, 0 %, 0 %, 44646 MiB, 23.19 W
2026/08/26 21:09:21.547, 1, 0 %, 0 %, 440 MiB, 28.64 W
2026/08/26 21:09:22.047, 0, 0 %, 0 %, 44646 MiB, 23.19 W
2026/08/26 21:09:22.047, 1, 0 %, 0 %, 440 MiB, 28.63 W
2026/08/26 21:09:22.547, 0, 0 %, 0 %, 44646 MiB, 23.22 W
2026/08/26 21:09:22.547, 1, 0 %, 0 %, 440 MiB, 28.63 W
2026/08/26 21:09:23.048, 0, 0 %, 0 %, 44646 MiB, 23.22 W
2026/08/26 21:09:23.048, 1, 0 %, 0 %, 440 MiB, 28.70 W
2026/08/26 21:09:23.548, 0, 0 %, 0 %, 44646 MiB, 23.25 W
2026/08/26 21:09:23.548, 1, 0 %, 0 %, 440 MiB, 28.70 W
2026/08/26 21:09:24.048, 0, 0 %, 0 %, 44646 MiB, 23.25 W
2026/08/26 21:09:24.049, 1, 0 %, 0 %, 440 MiB, 28.74 W
2026/08/26 21:09:24.549, 0, 0 %, 0 %, 44646 MiB, 23.23 W
2026/08/26 21:09:24.549, 1, 0 %, 0 %, 440 MiB, 28.74 W
2026/08/26 21:09:25.049, 0, 0 %, 0 %, 44646 MiB, 23.23 W
2026/08/26 21:09:25.050, 1, 0 %, 0 %, 440 MiB, 28.71 W
2026/08/26 21:09:25.550, 0, 0 %, 0 %, 44646 MiB, 23.19 W
2026/08/26 21:09:25.550, 1, 0 %, 0 %, 440 MiB, 28.71 W
2026/08/26 21:09:26.050, 0, 0 %, 0 %, 44646 MiB, 23.19 W
2026/08/26 21:09:26.050, 1, 0 %, 0 %, 440 MiB, 28.72 W
2026/08/26 21:09:26.551, 0, 0 %, 0 %, 44646 MiB, 23.20 W
2026/08/26 21:09:26.551, 1, 0 %, 0 %, 440 MiB, 28.72 W
2026/08/26 21:09:27.051, 0, 0 %, 0 %, 44646 MiB, 23.20 W
2026/08/26 21:09:27.051, 1, 0 %, 0 %, 440 MiB, 28.76 W
2026/08/26 21:09:27.551, 0, 0 %, 0 %, 44646 MiB, 23.23 W
2026/08/26 21:09:27.552, 1, 0 %, 0 %, 440 MiB, 28.76 W
2026/08/26 21:09:28.052, 0, 0 %, 0 %, 44646 MiB, 23.23 W
2026/08/26 21:09:28.052, 1, 0 %, 0 %, 440 MiB, 28.81 W
2026/08/26 21:09:28.552, 0, 0 %, 0 %, 44646 MiB, 23.23 W
2026/08/26 21:09:28.552, 1, 0 %, 0 %, 440 MiB, 28.81 W
2026/08/26 21:09:29.053, 0, 0 %, 0 %, 44646 MiB, 23.23 W
2026/08/26 21:09:29.053, 1, 0 %, 0 %, 440 MiB, 28.80 W
2026/08/26 21:09:29.553, 0, 0 %, 0 %, 44646 MiB, 23.25 W
2026/08/26 21:09:29.553, 1, 0 %, 0 %, 440 MiB, 28.80 W
2026/08/26 21:09:30.053, 0, 0 %, 0 %, 44646 MiB, 23.25 W
2026/08/26 21:09:30.053, 1, 0 %, 0 %, 440 MiB, 28.76 W
2026/08/26 21:09:30.554, 0, 0 %, 0 %, 44646 MiB, 23.21 W
2026/08/26 21:09:30.554, 1, 0 %, 0 %, 440 MiB, 28.76 W
2026/08/26 21:09:31.054, 0, 0 %, 0 %, 44646 MiB, 23.21 W
2026/08/26 21:09:31.054, 1, 0 %, 0 %, 440 MiB, 28.70 W
2026/08/26 21:09:31.554, 0, 0 %, 0 %, 44646 MiB, 23.11 W
2026/08/26 21:09:31.555, 1, 0 %, 0 %, 440 MiB, 28.70 W
2026/08/26 21:09:32.055, 0, 0 %, 0 %, 44646 MiB, 23.11 W
2026/08/26 21:09:32.055, 1, 0 %, 0 %, 440 MiB, 28.68 W
2026/08/26 21:09:32.555, 0, 0 %, 0 %, 44646 MiB, 23.07 W
2026/08/26 21:09:32.556, 1, 0 %, 0 %, 440 MiB, 28.68 W
2026/08/26 21:09:33.056, 0, 0 %, 0 %, 44646 MiB, 23.06 W
2026/08/26 21:09:33.056, 1, 0 %, 0 %, 440 MiB, 28.70 W
2026/08/26 21:09:33.556, 0, 0 %, 0 %, 44646 MiB, 23.06 W
2026/08/26 21:09:33.556, 1, 0 %, 0 %, 440 MiB, 28.70 W
2026/08/26 21:09:34.057, 0, 0 %, 0 %, 44646 MiB, 23.02 W
2026/08/26 21:09:34.057, 1, 0 %, 0 %, 440 MiB, 28.74 W
2026/08/26 21:09:34.557, 0, 0 %, 0 %, 44646 MiB, 23.02 W
2026/08/26 21:09:34.557, 1, 0 %, 0 %, 440 MiB, 28.74 W
2026/08/26 21:09:35.058, 0, 0 %, 0 %, 44646 MiB, 23.05 W
2026/08/26 21:09:35.058, 1, 0 %, 0 %, 440 MiB, 28.80 W
2026/08/26 21:09:35.558, 0, 0 %, 0 %, 44646 MiB, 23.05 W
2026/08/26 21:09:35.558, 1, 0 %, 0 %, 440 MiB, 28.80 W
2026/08/26 21:09:36.058, 0, 0 %, 0 %, 44646 MiB, 23.08 W
2026/08/26 21:09:36.059, 1, 0 %, 0 %, 440 MiB, 28.80 W
2026/08/26 21:09:36.559, 0, 0 %, 0 %, 44646 MiB, 23.08 W
2026/08/26 21:09:36.559, 1, 0 %, 0 %, 440 MiB, 28.80 W
2026/08/26 21:09:37.059, 0, 0 %, 0 %, 44646 MiB, 23.06 W
2026/08/26 21:09:37.059, 1, 0 %, 0 %, 440 MiB, 28.80 W
2026/08/26 21:09:37.560, 0, 0 %, 0 %, 44646 MiB, 23.06 W
2026/08/26 21:09:37.560, 1, 0 %, 0 %, 440 MiB, 28.80 W
2026/08/26 21:09:38.060, 0, 0 %, 0 %, 44646 MiB, 23.02 W
2026/08/26 21:09:38.060, 1, 0 %, 0 %, 440 MiB, 28.82 W
2026/08/26 21:09:38.560, 0, 0 %, 0 %, 44646 MiB, 23.02 W
2026/08/26 21:09:38.561, 1, 0 %, 0 %, 440 MiB, 28.82 W
2026/08/26 21:09:39.061, 0, 0 %, 0 %, 44646 MiB, 22.98 W
2026/08/26 21:09:39.061, 1, 0 %, 0 %, 440 MiB, 28.83 W
2026/08/26 21:09:39.561, 0, 0 %, 0 %, 44646 MiB, 22.98 W
2026/08/26 21:09:39.562, 1, 0 %, 0 %, 440 MiB, 28.83 W
2026/08/26 21:09:40.062, 0, 0 %, 0 %, 44646 MiB, 22.97 W
2026/08/26 21:09:40.062, 1, 0 %, 0 %, 440 MiB, 28.81 W
2026/08/26 21:09:40.562, 0, 0 %, 0 %, 44646 MiB, 22.97 W
2026/08/26 21:09:40.562, 1, 0 %, 0 %, 440 MiB, 28.81 W
2026/08/26 21:09:41.063, 0, 0 %, 0 %, 44646 MiB, 22.96 W
2026/08/26 21:09:41.063, 1, 0 %, 0 %, 440 MiB, 28.76 W
2026/08/26 21:09:41.563, 0, 0 %, 0 %, 44646 MiB, 22.96 W
2026/08/26 21:09:41.563, 1, 0 %, 0 %, 440 MiB, 28.76 W
2026/08/26 21:09:42.064, 0, 0 %, 0 %, 44646 MiB, 22.95 W
2026/08/26 21:09:42.064, 1, 0 %, 0 %, 440 MiB, 28.73 W
2026/08/26 21:09:42.564, 0, 0 %, 0 %, 44646 MiB, 22.95 W
2026/08/26 21:09:42.564, 1, 0 %, 0 %, 440 MiB, 28.73 W
2026/08/26 21:09:43.064, 0, 0 %, 0 %, 44646 MiB, 22.94 W
2026/08/26 21:09:43.065, 1, 0 %, 0 %, 440 MiB, 28.74 W
2026/08/26 21:09:43.565, 0, 0 %, 0 %, 44646 MiB, 22.94 W
2026/08/26 21:09:43.565, 1, 0 %, 0 %, 440 MiB, 28.74 W
2026/08/26 21:09:44.065, 0, 0 %, 0 %, 44646 MiB, 22.95 W
2026/08/26 21:09:44.065, 1, 0 %, 0 %, 440 MiB, 28.78 W
2026/08/26 21:09:44.566, 0, 0 %, 0 %, 44646 MiB, 22.95 W
2026/08/26 21:09:44.566, 1, 0 %, 0 %, 440 MiB, 28.78 W
2026/08/26 21:09:45.066, 0, 0 %, 0 %, 44646 MiB, 22.97 W
2026/08/26 21:09:45.066, 1, 0 %, 0 %, 440 MiB, 28.75 W
2026/08/26 21:09:45.567, 0, 0 %, 0 %, 44646 MiB, 22.97 W
2026/08/26 21:09:45.567, 1, 0 %, 0 %, 440 MiB, 28.75 W
2026/08/26 21:09:46.067, 0, 0 %, 0 %, 44646 MiB, 22.98 W
2026/08/26 21:09:46.067, 1, 0 %, 0 %, 440 MiB, 28.76 W
2026/08/26 21:09:46.567, 0, 0 %, 0 %, 44646 MiB, 22.98 W
2026/08/26 21:09:46.568, 1, 0 %, 0 %, 440 MiB, 28.76 W
2026/08/26 21:09:47.068, 0, 0 %, 0 %, 44646 MiB, 22.97 W
2026/08/26 21:09:47.068, 1, 0 %, 0 %, 440 MiB, 28.76 W
2026/08/26 21:09:47.568, 0, 0 %, 0 %, 44646 MiB, 22.97 W
2026/08/26 21:09:47.568, 1, 0 %, 0 %, 440 MiB, 28.76 W
2026/08/26 21:09:48.069, 0, 0 %, 0 %, 44646 MiB, 22.95 W
2026/08/26 21:09:48.069, 1, 0 %, 0 %, 440 MiB, 28.74 W
2026/08/26 21:09:48.569, 0, 0 %, 0 %, 44646 MiB, 22.95 W
2026/08/26 21:09:48.569, 1, 0 %, 0 %, 440 MiB, 28.74 W
2026/08/26 21:09:49.069, 0, 0 %, 0 %, 44646 MiB, 22.95 W
2026/08/26 21:09:49.070, 1, 0 %, 0 %, 440 MiB, 28.72 W
2026/08/26 21:09:49.570, 0, 0 %, 0 %, 44646 MiB, 22.95 W
2026/08/26 21:09:49.570, 1, 0 %, 0 %, 440 MiB, 28.72 W
2026/08/26 21:09:50.070, 0, 0 %, 0 %, 44646 MiB, 22.96 W
2026/08/26 21:09:50.071, 1, 0 %, 0 %, 440 MiB, 28.67 W
2026/08/26 21:09:50.571, 0, 0 %, 0 %, 44646 MiB, 22.96 W
2026/08/26 21:09:50.571, 1, 0 %, 0 %, 440 MiB, 28.67 W
2026/08/26 21:09:51.071, 0, 0 %, 0 %, 44646 MiB, 22.95 W
2026/08/26 21:09:51.071, 1, 0 %, 0 %, 440 MiB, 28.69 W
2026/08/26 21:09:51.572, 0, 0 %, 0 %, 44646 MiB, 22.95 W
2026/08/26 21:09:51.572, 1, 0 %, 0 %, 440 MiB, 28.69 W
2026/08/26 21:09:52.072, 0, 0 %, 0 %, 44646 MiB, 22.95 W
2026/08/26 21:09:52.072, 1, 0 %, 0 %, 440 MiB, 28.75 W
2026/08/26 21:09:52.572, 0, 0 %, 0 %, 44646 MiB, 22.95 W
2026/08/26 21:09:52.573, 1, 0 %, 0 %, 440 MiB, 28.75 W
2026/08/26 21:09:53.073, 0, 0 %, 0 %, 44646 MiB, 22.96 W
2026/08/26 21:09:53.073, 1, 0 %, 0 %, 440 MiB, 28.77 W
2026/08/26 21:09:53.573, 0, 0 %, 0 %, 44646 MiB, 22.96 W
2026/08/26 21:09:53.574, 1, 0 %, 0 %, 440 MiB, 28.77 W
2026/08/26 21:09:54.074, 0, 0 %, 0 %, 44646 MiB, 22.95 W
2026/08/26 21:09:54.074, 1, 0 %, 0 %, 440 MiB, 28.72 W
2026/08/26 21:09:54.574, 0, 0 %, 0 %, 44646 MiB, 22.95 W
2026/08/26 21:09:54.574, 1, 0 %, 0 %, 440 MiB, 28.72 W
2026/08/26 21:09:55.075, 0, 0 %, 0 %, 44646 MiB, 22.95 W
2026/08/26 21:09:55.075, 1, 0 %, 0 %, 440 MiB, 28.67 W
2026/08/26 21:09:55.575, 0, 0 %, 0 %, 44646 MiB, 22.95 W
2026/08/26 21:09:55.575, 1, 0 %, 0 %, 440 MiB, 28.67 W
2026/08/26 21:09:56.075, 0, 0 %, 0 %, 44646 MiB, 22.98 W
2026/08/26 21:09:56.076, 1, 0 %, 0 %, 440 MiB, 28.67 W
2026/08/26 21:09:56.576, 0, 0 %, 0 %, 44646 MiB, 22.98 W
2026/08/26 21:09:56.576, 1, 0 %, 0 %, 440 MiB, 28.67 W
2026/08/26 21:09:57.076, 0, 0 %, 0 %, 44646 MiB, 23.00 W
2026/08/26 21:09:57.077, 1, 0 %, 0 %, 440 MiB, 28.70 W
2026/08/26 21:09:57.577, 0, 0 %, 0 %, 44646 MiB, 23.00 W
2026/08/26 21:09:57.577, 1, 0 %, 0 %, 440 MiB, 28.70 W
2026/08/26 21:09:58.077, 0, 0 %, 0 %, 44646 MiB, 22.99 W
2026/08/26 21:09:58.077, 1, 0 %, 0 %, 440 MiB, 28.73 W
2026/08/26 21:09:58.578, 0, 0 %, 0 %, 44646 MiB, 22.99 W
2026/08/26 21:09:58.578, 1, 0 %, 0 %, 440 MiB, 28.73 W
2026/08/26 21:09:59.078, 0, 0 %, 0 %, 44646 MiB, 22.99 W
2026/08/26 21:09:59.078, 1, 0 %, 0 %, 440 MiB, 28.70 W
2026/08/26 21:09:59.578, 0, 0 %, 0 %, 44646 MiB, 22.99 W
2026/08/26 21:09:59.579, 1, 0 %, 0 %, 440 MiB, 28.70 W
2026/08/26 21:10:00.079, 0, 0 %, 0 %, 44646 MiB, 22.96 W
2026/08/26 21:10:00.079, 1, 0 %, 0 %, 440 MiB, 28.63 W
2026/08/26 21:10:00.579, 0, 0 %, 0 %, 44646 MiB, 22.96 W
2026/08/26 21:10:00.579, 1, 0 %, 0 %, 440 MiB, 28.63 W
2026/08/26 21:10:01.080, 0, 0 %, 0 %, 44646 MiB, 22.94 W
2026/08/26 21:10:01.080, 1, 0 %, 0 %, 440 MiB, 28.59 W
2026/08/26 21:10:01.580, 0, 0 %, 0 %, 44646 MiB, 22.94 W
2026/08/26 21:10:01.580, 1, 0 %, 0 %, 440 MiB, 28.59 W
2026/08/26 21:10:02.081, 0, 0 %, 0 %, 44646 MiB, 22.98 W
2026/08/26 21:10:02.081, 1, 0 %, 0 %, 440 MiB, 28.55 W
2026/08/26 21:10:02.581, 0, 0 %, 0 %, 44646 MiB, 22.98 W
2026/08/26 21:10:02.581, 1, 0 %, 0 %, 440 MiB, 28.55 W
2026/08/26 21:10:03.081, 0, 0 %, 0 %, 44646 MiB, 22.98 W
2026/08/26 21:10:03.082, 1, 0 %, 0 %, 440 MiB, 28.58 W
2026/08/26 21:10:03.582, 0, 0 %, 0 %, 44646 MiB, 22.98 W
2026/08/26 21:10:03.582, 1, 0 %, 0 %, 440 MiB, 28.58 W
2026/08/26 21:10:04.082, 0, 0 %, 0 %, 44646 MiB, 22.95 W
2026/08/26 21:10:04.083, 1, 0 %, 0 %, 440 MiB, 28.65 W
2026/08/26 21:10:04.583, 0, 0 %, 0 %, 44646 MiB, 22.95 W
2026/08/26 21:10:04.583, 1, 0 %, 0 %, 440 MiB, 28.65 W
2026/08/26 21:10:05.083, 0, 0 %, 0 %, 44646 MiB, 22.91 W
2026/08/26 21:10:05.084, 1, 0 %, 0 %, 440 MiB, 28.67 W
2026/08/26 21:10:05.584, 0, 0 %, 0 %, 44646 MiB, 22.91 W
2026/08/26 21:10:05.584, 1, 0 %, 0 %, 440 MiB, 28.67 W
2026/08/26 21:10:06.084, 0, 0 %, 0 %, 44646 MiB, 22.92 W
2026/08/26 21:10:06.084, 1, 0 %, 0 %, 440 MiB, 28.65 W
2026/08/26 21:10:06.585, 0, 0 %, 0 %, 44646 MiB, 22.92 W
2026/08/26 21:10:06.585, 1, 0 %, 0 %, 440 MiB, 28.65 W
2026/08/26 21:10:07.085, 0, 0 %, 0 %, 44646 MiB, 22.99 W
2026/08/26 21:10:07.085, 1, 0 %, 0 %, 440 MiB, 28.58 W
2026/08/26 21:10:07.585, 0, 0 %, 0 %, 44646 MiB, 22.99 W
2026/08/26 21:10:07.586, 1, 0 %, 0 %, 440 MiB, 28.58 W
2026/08/26 21:10:08.086, 0, 0 %, 0 %, 44646 MiB, 23.01 W
2026/08/26 21:10:08.086, 1, 0 %, 0 %, 440 MiB, 28.58 W
2026/08/26 21:10:08.586, 0, 0 %, 0 %, 44646 MiB, 23.01 W
2026/08/26 21:10:08.587, 1, 0 %, 0 %, 440 MiB, 28.58 W
2026/08/26 21:10:09.087, 0, 0 %, 0 %, 44646 MiB, 22.99 W
2026/08/26 21:10:09.087, 1, 0 %, 0 %, 440 MiB, 28.59 W
2026/08/26 21:10:09.587, 0, 0 %, 0 %, 44646 MiB, 22.99 W
2026/08/26 21:10:09.588, 1, 0 %, 0 %, 440 MiB, 28.59 W
2026/08/26 21:10:10.088, 0, 0 %, 0 %, 44646 MiB, 23.03 W
2026/08/26 21:10:10.088, 1, 0 %, 0 %, 440 MiB, 28.56 W
2026/08/26 21:10:10.588, 0, 0 %, 0 %, 44646 MiB, 23.03 W
2026/08/26 21:10:10.588, 1, 0 %, 0 %, 440 MiB, 28.56 W
2026/08/26 21:10:11.089, 0, 0 %, 0 %, 44646 MiB, 23.04 W
2026/08/26 21:10:11.089, 1, 0 %, 0 %, 440 MiB, 28.61 W
2026/08/26 21:10:11.589, 0, 0 %, 0 %, 44646 MiB, 23.04 W
2026/08/26 21:10:11.589, 1, 0 %, 0 %, 440 MiB, 28.61 W
2026/08/26 21:10:12.090, 0, 0 %, 0 %, 44646 MiB, 23.00 W
2026/08/26 21:10:12.090, 1, 0 %, 0 %, 440 MiB, 28.62 W
2026/08/26 21:10:12.590, 0, 0 %, 0 %, 44646 MiB, 23.00 W
2026/08/26 21:10:12.590, 1, 0 %, 0 %, 440 MiB, 28.62 W
2026/08/26 21:10:13.090, 0, 0 %, 0 %, 44646 MiB, 23.00 W
2026/08/26 21:10:13.091, 1, 0 %, 0 %, 440 MiB, 28.57 W
2026/08/26 21:10:13.591, 0, 0 %, 0 %, 44646 MiB, 23.00 W
2026/08/26 21:10:13.591, 1, 0 %, 0 %, 440 MiB, 28.57 W
2026/08/26 21:10:14.091, 0, 0 %, 0 %, 44646 MiB, 23.00 W
2026/08/26 21:10:14.092, 1, 0 %, 0 %, 440 MiB, 28.61 W
2026/08/26 21:10:14.592, 0, 0 %, 0 %, 44646 MiB, 23.00 W
2026/08/26 21:10:14.592, 1, 0 %, 0 %, 440 MiB, 28.61 W
2026/08/26 21:10:15.092, 0, 0 %, 0 %, 44646 MiB, 22.96 W
2026/08/26 21:10:15.093, 1, 0 %, 0 %, 440 MiB, 28.65 W
2026/08/26 21:10:15.593, 0, 0 %, 0 %, 44646 MiB, 22.96 W
2026/08/26 21:10:15.593, 1, 0 %, 0 %, 440 MiB, 28.65 W
2026/08/26 21:10:16.093, 0, 0 %, 0 %, 44646 MiB, 22.94 W
2026/08/26 21:10:16.093, 1, 0 %, 0 %, 440 MiB, 28.59 W
2026/08/26 21:10:16.594, 0, 0 %, 0 %, 44646 MiB, 22.94 W
2026/08/26 21:10:16.594, 1, 0 %, 0 %, 440 MiB, 28.59 W
2026/08/26 21:10:17.094, 0, 0 %, 0 %, 44646 MiB, 22.97 W
2026/08/26 21:10:17.094, 1, 0 %, 0 %, 440 MiB, 28.52 W
2026/08/26 21:10:17.595, 0, 0 %, 0 %, 44646 MiB, 22.97 W
2026/08/26 21:10:17.595, 1, 0 %, 0 %, 440 MiB, 28.52 W
2026/08/26 21:10:18.095, 0, 0 %, 0 %, 44646 MiB, 22.99 W
2026/08/26 21:10:18.095, 1, 0 %, 0 %, 440 MiB, 28.52 W
2026/08/26 21:10:18.596, 0, 0 %, 0 %, 44646 MiB, 22.99 W
2026/08/26 21:10:18.596, 1, 0 %, 0 %, 440 MiB, 28.52 W
2026/08/26 21:10:19.096, 0, 0 %, 0 %, 44646 MiB, 22.98 W
2026/08/26 21:10:19.096, 1, 0 %, 0 %, 440 MiB, 28.54 W
2026/08/26 21:10:19.596, 0, 0 %, 0 %, 44646 MiB, 22.98 W
2026/08/26 21:10:19.597, 1, 0 %, 0 %, 440 MiB, 28.54 W
2026/08/26 21:10:20.097, 0, 0 %, 0 %, 44646 MiB, 22.97 W
2026/08/26 21:10:20.097, 1, 0 %, 0 %, 440 MiB, 28.54 W
2026/08/26 21:10:20.597, 0, 0 %, 0 %, 44646 MiB, 22.97 W
2026/08/26 21:10:20.598, 1, 0 %, 0 %, 440 MiB, 28.54 W
2026/08/26 21:10:21.098, 0, 0 %, 0 %, 44646 MiB, 22.96 W
2026/08/26 21:10:21.098, 1, 0 %, 0 %, 440 MiB, 28.53 W
2026/08/26 21:10:21.598, 0, 0 %, 0 %, 44646 MiB, 22.96 W
2026/08/26 21:10:21.599, 1, 0 %, 0 %, 440 MiB, 28.53 W
2026/08/26 21:10:22.099, 0, 0 %, 0 %, 44646 MiB, 22.96 W
2026/08/26 21:10:22.099, 1, 0 %, 0 %, 440 MiB, 28.54 W
2026/08/26 21:10:22.599, 0, 0 %, 0 %, 44646 MiB, 22.96 W
2026/08/26 21:10:22.599, 1, 0 %, 0 %, 440 MiB, 28.54 W
2026/08/26 21:10:23.100, 0, 0 %, 0 %, 44646 MiB, 22.99 W
2026/08/26 21:10:23.100, 1, 0 %, 0 %, 440 MiB, 28.56 W
2026/08/26 21:10:23.600, 0, 0 %, 0 %, 44646 MiB, 22.99 W
2026/08/26 21:10:23.600, 1, 0 %, 0 %, 440 MiB, 28.56 W
2026/08/26 21:10:24.101, 0, 0 %, 0 %, 44646 MiB, 22.98 W
2026/08/26 21:10:24.101, 1, 0 %, 0 %, 440 MiB, 28.53 W
2026/08/26 21:10:24.601, 0, 0 %, 0 %, 44646 MiB, 22.98 W
2026/08/26 21:10:24.601, 1, 0 %, 0 %, 440 MiB, 28.53 W
2026/08/26 21:10:25.102, 0, 0 %, 0 %, 44646 MiB, 22.96 W
2026/08/26 21:10:25.102, 1, 0 %, 0 %, 440 MiB, 28.52 W
2026/08/26 21:10:25.602, 0, 0 %, 0 %, 44646 MiB, 22.96 W
2026/08/26 21:10:25.602, 1, 0 %, 0 %, 440 MiB, 28.52 W
2026/08/26 21:10:26.102, 0, 0 %, 0 %, 44646 MiB, 22.99 W
2026/08/26 21:10:26.103, 1, 0 %, 0 %, 440 MiB, 28.57 W
2026/08/26 21:10:26.603, 0, 0 %, 0 %, 44646 MiB, 22.99 W
2026/08/26 21:10:26.603, 1, 0 %, 0 %, 440 MiB, 28.57 W
2026/08/26 21:10:27.103, 0, 0 %, 0 %, 44646 MiB, 23.02 W
2026/08/26 21:10:27.103, 1, 0 %, 0 %, 440 MiB, 28.62 W
2026/08/26 21:10:27.604, 0, 0 %, 0 %, 44646 MiB, 23.02 W
2026/08/26 21:10:27.604, 1, 0 %, 0 %, 440 MiB, 28.62 W
2026/08/26 21:10:28.104, 0, 0 %, 0 %, 44646 MiB, 23.01 W
2026/08/26 21:10:28.104, 1, 0 %, 0 %, 440 MiB, 28.64 W
2026/08/26 21:10:28.605, 0, 0 %, 0 %, 44646 MiB, 23.01 W
2026/08/26 21:10:28.605, 1, 0 %, 0 %, 440 MiB, 28.64 W
2026/08/26 21:10:29.105, 0, 0 %, 0 %, 44646 MiB, 23.00 W
2026/08/26 21:10:29.105, 1, 0 %, 0 %, 440 MiB, 28.63 W
2026/08/26 21:10:29.605, 0, 0 %, 0 %, 44646 MiB, 23.00 W
2026/08/26 21:10:29.606, 1, 0 %, 0 %, 440 MiB, 28.63 W
2026/08/26 21:10:30.106, 0, 0 %, 0 %, 44646 MiB, 23.02 W
2026/08/26 21:10:30.106, 1, 0 %, 0 %, 440 MiB, 28.64 W
2026/08/26 21:10:30.606, 0, 0 %, 0 %, 44646 MiB, 23.02 W
2026/08/26 21:10:30.606, 1, 0 %, 0 %, 440 MiB, 28.64 W
2026/08/26 21:10:31.107, 0, 0 %, 0 %, 44646 MiB, 22.98 W
2026/08/26 21:10:31.107, 1, 0 %, 0 %, 440 MiB, 28.70 W
2026/08/26 21:10:31.607, 0, 0 %, 0 %, 44646 MiB, 22.98 W
2026/08/26 21:10:31.607, 1, 0 %, 0 %, 440 MiB, 28.70 W
2026/08/26 21:10:32.108, 0, 0 %, 0 %, 44646 MiB, 22.92 W
2026/08/26 21:10:32.108, 1, 0 %, 0 %, 440 MiB, 28.75 W
2026/08/26 21:10:32.608, 0, 0 %, 0 %, 44646 MiB, 22.92 W
2026/08/26 21:10:32.608, 1, 0 %, 0 %, 440 MiB, 28.75 W
2026/08/26 21:10:33.108, 0, 0 %, 0 %, 44646 MiB, 22.91 W
2026/08/26 21:10:33.109, 1, 0 %, 0 %, 440 MiB, 28.75 W
2026/08/26 21:10:33.609, 0, 0 %, 0 %, 44646 MiB, 22.91 W
2026/08/26 21:10:33.609, 1, 0 %, 0 %, 440 MiB, 28.75 W
2026/08/26 21:10:34.109, 0, 0 %, 0 %, 44646 MiB, 22.97 W
2026/08/26 21:10:34.109, 1, 0 %, 0 %, 440 MiB, 28.73 W
2026/08/26 21:10:34.609, 0, 0 %, 0 %, 44646 MiB, 22.97 W
2026/08/26 21:10:34.610, 1, 0 %, 0 %, 440 MiB, 28.73 W
2026/08/26 21:10:35.110, 0, 0 %, 0 %, 44646 MiB, 23.00 W
2026/08/26 21:10:35.110, 1, 0 %, 0 %, 440 MiB, 28.75 W
2026/08/26 21:10:35.610, 0, 0 %, 0 %, 44646 MiB, 23.00 W
2026/08/26 21:10:35.611, 1, 0 %, 0 %, 440 MiB, 28.75 W
2026/08/26 21:10:36.111, 0, 0 %, 0 %, 44646 MiB, 22.97 W
2026/08/26 21:10:36.111, 1, 0 %, 0 %, 440 MiB, 28.73 W
2026/08/26 21:10:36.611, 0, 0 %, 0 %, 44646 MiB, 22.97 W
2026/08/26 21:10:36.611, 1, 0 %, 0 %, 440 MiB, 28.73 W
2026/08/26 21:10:37.112, 0, 0 %, 0 %, 44646 MiB, 22.97 W
2026/08/26 21:10:37.112, 1, 0 %, 0 %, 440 MiB, 28.72 W
2026/08/26 21:10:37.612, 0, 0 %, 0 %, 44646 MiB, 22.97 W
2026/08/26 21:10:37.612, 1, 0 %, 0 %, 440 MiB, 28.72 W
2026/08/26 21:10:38.112, 0, 0 %, 0 %, 44646 MiB, 22.99 W
2026/08/26 21:10:38.113, 1, 0 %, 0 %, 440 MiB, 28.73 W
2026/08/26 21:10:38.613, 0, 0 %, 0 %, 44646 MiB, 22.99 W
2026/08/26 21:10:38.613, 1, 0 %, 0 %, 440 MiB, 28.73 W
2026/08/26 21:10:39.113, 0, 0 %, 0 %, 44646 MiB, 23.00 W
2026/08/26 21:10:39.114, 1, 0 %, 0 %, 440 MiB, 28.67 W
2026/08/26 21:10:39.614, 0, 0 %, 0 %, 44646 MiB, 23.00 W
2026/08/26 21:10:39.614, 1, 0 %, 0 %, 440 MiB, 28.67 W
2026/08/26 21:10:40.114, 0, 0 %, 0 %, 44646 MiB, 22.97 W
2026/08/26 21:10:40.114, 1, 0 %, 0 %, 440 MiB, 28.62 W
2026/08/26 21:10:40.615, 0, 0 %, 0 %, 44646 MiB, 22.97 W
2026/08/26 21:10:40.615, 1, 0 %, 0 %, 440 MiB, 28.62 W
2026/08/26 21:10:41.115, 0, 0 %, 0 %, 44646 MiB, 22.92 W
2026/08/26 21:10:41.115, 1, 0 %, 0 %, 440 MiB, 28.66 W
2026/08/26 21:10:41.616, 0, 0 %, 0 %, 44646 MiB, 22.92 W
2026/08/26 21:10:41.616, 1, 0 %, 0 %, 440 MiB, 28.66 W
2026/08/26 21:10:42.116, 0, 0 %, 0 %, 44646 MiB, 22.91 W
2026/08/26 21:10:42.116, 1, 0 %, 0 %, 440 MiB, 28.70 W
2026/08/26 21:10:42.617, 0, 0 %, 0 %, 44646 MiB, 22.91 W
2026/08/26 21:10:42.617, 1, 0 %, 0 %, 440 MiB, 28.70 W
2026/08/26 21:10:43.117, 0, 0 %, 0 %, 44646 MiB, 22.92 W
2026/08/26 21:10:43.117, 1, 0 %, 0 %, 440 MiB, 28.68 W
2026/08/26 21:10:43.617, 0, 0 %, 0 %, 44646 MiB, 22.92 W
2026/08/26 21:10:43.618, 1, 0 %, 0 %, 440 MiB, 28.68 W
2026/08/26 21:10:44.118, 0, 0 %, 0 %, 44646 MiB, 22.93 W
2026/08/26 21:10:44.118, 1, 0 %, 0 %, 440 MiB, 28.69 W
2026/08/26 21:10:44.618, 0, 0 %, 0 %, 44646 MiB, 22.93 W
2026/08/26 21:10:44.619, 1, 0 %, 0 %, 440 MiB, 28.69 W
2026/08/26 21:10:45.119, 0, 0 %, 0 %, 44646 MiB, 22.95 W
2026/08/26 21:10:45.119, 1, 0 %, 0 %, 440 MiB, 28.73 W
2026/08/26 21:10:45.619, 0, 0 %, 0 %, 44646 MiB, 22.95 W
2026/08/26 21:10:45.619, 1, 0 %, 0 %, 440 MiB, 28.73 W
2026/08/26 21:10:46.120, 0, 0 %, 0 %, 44646 MiB, 22.95 W
2026/08/26 21:10:46.120, 1, 0 %, 0 %, 440 MiB, 28.71 W
2026/08/26 21:10:46.620, 0, 0 %, 0 %, 44646 MiB, 22.95 W
2026/08/26 21:10:46.620, 1, 0 %, 0 %, 440 MiB, 28.71 W
2026/08/26 21:10:47.121, 0, 0 %, 0 %, 44646 MiB, 22.92 W
2026/08/26 21:10:47.121, 1, 0 %, 0 %, 440 MiB, 28.70 W
2026/08/26 21:10:47.621, 0, 0 %, 0 %, 44646 MiB, 22.92 W
2026/08/26 21:10:47.621, 1, 0 %, 0 %, 440 MiB, 28.70 W
2026/08/26 21:10:48.121, 0, 0 %, 0 %, 44646 MiB, 22.92 W
2026/08/26 21:10:48.122, 1, 0 %, 0 %, 440 MiB, 28.70 W
2026/08/26 21:10:48.622, 0, 0 %, 0 %, 44646 MiB, 22.92 W
2026/08/26 21:10:48.622, 1, 0 %, 0 %, 440 MiB, 28.70 W
2026/08/26 21:10:49.122, 0, 0 %, 0 %, 44646 MiB, 22.89 W
2026/08/26 21:10:49.123, 1, 0 %, 0 %, 440 MiB, 28.68 W
2026/08/26 21:10:49.623, 0, 0 %, 0 %, 44646 MiB, 22.89 W
2026/08/26 21:10:49.623, 1, 0 %, 0 %, 440 MiB, 28.68 W
2026/08/26 21:10:50.123, 0, 0 %, 0 %, 44646 MiB, 22.87 W
2026/08/26 21:10:50.123, 1, 0 %, 0 %, 440 MiB, 28.59 W
2026/08/26 21:10:50.624, 0, 0 %, 0 %, 44646 MiB, 22.87 W
2026/08/26 21:10:50.624, 1, 0 %, 0 %, 440 MiB, 28.59 W
2026/08/26 21:10:51.124, 0, 0 %, 0 %, 44646 MiB, 22.85 W
2026/08/26 21:10:51.124, 1, 0 %, 0 %, 440 MiB, 28.53 W
2026/08/26 21:10:51.625, 0, 0 %, 0 %, 44646 MiB, 22.85 W
2026/08/26 21:10:51.625, 1, 0 %, 0 %, 440 MiB, 28.53 W
2026/08/26 21:10:52.125, 0, 0 %, 0 %, 44646 MiB, 22.86 W
2026/08/26 21:10:52.125, 1, 0 %, 0 %, 440 MiB, 28.51 W
2026/08/26 21:10:52.625, 0, 0 %, 0 %, 44646 MiB, 22.86 W
2026/08/26 21:10:52.626, 1, 0 %, 0 %, 440 MiB, 28.51 W
2026/08/26 21:10:53.126, 0, 0 %, 0 %, 44646 MiB, 22.92 W
2026/08/26 21:10:53.126, 1, 0 %, 0 %, 440 MiB, 28.51 W
2026/08/26 21:10:53.626, 0, 0 %, 0 %, 44646 MiB, 22.92 W
2026/08/26 21:10:53.626, 1, 0 %, 0 %, 440 MiB, 28.51 W
2026/08/26 21:10:54.127, 0, 0 %, 0 %, 44646 MiB, 22.91 W
2026/08/26 21:10:54.127, 1, 0 %, 0 %, 440 MiB, 28.58 W
2026/08/26 21:10:54.627, 0, 0 %, 0 %, 44646 MiB, 22.91 W
2026/08/26 21:10:54.627, 1, 0 %, 0 %, 440 MiB, 28.58 W
2026/08/26 21:10:55.128, 0, 0 %, 0 %, 44646 MiB, 22.89 W
2026/08/26 21:10:55.128, 1, 0 %, 0 %, 440 MiB, 28.62 W
2026/08/26 21:10:55.628, 0, 0 %, 0 %, 44646 MiB, 22.89 W
2026/08/26 21:10:55.628, 1, 0 %, 0 %, 440 MiB, 28.62 W
2026/08/26 21:10:56.128, 0, 0 %, 0 %, 44646 MiB, 22.92 W
2026/08/26 21:10:56.129, 1, 0 %, 0 %, 440 MiB, 28.65 W
2026/08/26 21:10:56.629, 0, 0 %, 0 %, 44646 MiB, 22.92 W
2026/08/26 21:10:56.629, 1, 0 %, 0 %, 440 MiB, 28.65 W
2026/08/26 21:10:57.129, 0, 0 %, 0 %, 44646 MiB, 22.92 W
2026/08/26 21:10:57.130, 1, 0 %, 0 %, 440 MiB, 28.60 W
2026/08/26 21:10:57.630, 0, 0 %, 0 %, 44646 MiB, 22.92 W
2026/08/26 21:10:57.630, 1, 0 %, 0 %, 440 MiB, 28.60 W
2026/08/26 21:10:58.130, 0, 0 %, 0 %, 44646 MiB, 22.91 W
2026/08/26 21:10:58.130, 1, 0 %, 0 %, 440 MiB, 28.53 W
2026/08/26 21:10:58.631, 0, 0 %, 0 %, 44646 MiB, 22.91 W
2026/08/26 21:10:58.631, 1, 0 %, 0 %, 440 MiB, 28.53 W
2026/08/26 21:10:59.131, 0, 0 %, 0 %, 44646 MiB, 22.90 W
2026/08/26 21:10:59.131, 1, 0 %, 0 %, 440 MiB, 28.50 W
2026/08/26 21:10:59.631, 0, 0 %, 0 %, 44646 MiB, 22.90 W
2026/08/26 21:10:59.632, 1, 0 %, 0 %, 440 MiB, 28.50 W
2026/08/26 21:11:00.132, 0, 0 %, 0 %, 44646 MiB, 22.91 W
2026/08/26 21:11:00.132, 1, 0 %, 0 %, 440 MiB, 28.49 W
2026/08/26 21:11:00.632, 0, 0 %, 0 %, 44646 MiB, 22.91 W
2026/08/26 21:11:00.632, 1, 0 %, 0 %, 440 MiB, 28.49 W
2026/08/26 21:11:01.133, 0, 0 %, 0 %, 44646 MiB, 22.93 W
2026/08/26 21:11:01.133, 1, 0 %, 0 %, 440 MiB, 28.43 W
2026/08/26 21:11:01.633, 0, 0 %, 0 %, 44646 MiB, 22.93 W
2026/08/26 21:11:01.633, 1, 0 %, 0 %, 440 MiB, 28.43 W
2026/08/26 21:11:02.134, 0, 0 %, 0 %, 44646 MiB, 22.92 W
2026/08/26 21:11:02.134, 1, 0 %, 0 %, 440 MiB, 28.40 W
2026/08/26 21:11:02.634, 0, 0 %, 0 %, 44646 MiB, 22.92 W
2026/08/26 21:11:02.634, 1, 0 %, 0 %, 440 MiB, 28.40 W
2026/08/26 21:11:03.134, 0, 0 %, 0 %, 44646 MiB, 22.90 W
2026/08/26 21:11:03.135, 1, 0 %, 0 %, 440 MiB, 28.47 W
2026/08/26 21:11:03.635, 0, 0 %, 0 %, 44646 MiB, 22.90 W
2026/08/26 21:11:03.635, 1, 0 %, 0 %, 440 MiB, 28.47 W
2026/08/26 21:11:04.135, 0, 0 %, 0 %, 44646 MiB, 22.86 W
2026/08/26 21:11:04.136, 1, 0 %, 0 %, 440 MiB, 28.47 W
2026/08/26 21:11:04.636, 0, 0 %, 0 %, 44646 MiB, 22.86 W
2026/08/26 21:11:04.636, 1, 0 %, 0 %, 440 MiB, 28.47 W
2026/08/26 21:11:05.136, 0, 0 %, 0 %, 44646 MiB, 22.87 W
2026/08/26 21:11:05.136, 1, 0 %, 0 %, 440 MiB, 28.45 W
2026/08/26 21:11:05.637, 0, 0 %, 0 %, 44646 MiB, 22.87 W
2026/08/26 21:11:05.637, 1, 0 %, 0 %, 440 MiB, 28.45 W
2026/08/26 21:11:06.137, 0, 0 %, 0 %, 44646 MiB, 22.94 W
2026/08/26 21:11:06.137, 1, 0 %, 0 %, 440 MiB, 28.47 W
2026/08/26 21:11:06.637, 0, 0 %, 0 %, 44646 MiB, 22.94 W
2026/08/26 21:11:06.638, 1, 0 %, 0 %, 440 MiB, 28.47 W
2026/08/26 21:11:07.138, 0, 0 %, 0 %, 44646 MiB, 22.96 W
2026/08/26 21:11:07.138, 1, 0 %, 0 %, 440 MiB, 28.45 W
2026/08/26 21:11:07.638, 0, 0 %, 0 %, 44646 MiB, 22.96 W
2026/08/26 21:11:07.638, 1, 0 %, 0 %, 440 MiB, 28.45 W
2026/08/26 21:11:08.139, 0, 0 %, 0 %, 44646 MiB, 22.93 W
2026/08/26 21:11:08.139, 1, 0 %, 0 %, 440 MiB, 28.46 W
2026/08/26 21:11:08.639, 0, 0 %, 0 %, 44646 MiB, 22.93 W
2026/08/26 21:11:08.639, 1, 0 %, 0 %, 440 MiB, 28.46 W
2026/08/26 21:11:09.140, 0, 0 %, 0 %, 44646 MiB, 26.49 W
2026/08/26 21:11:09.140, 1, 0 %, 0 %, 43632 MiB, 28.53 W
2026/08/26 21:11:09.640, 0, 0 %, 0 %, 44666 MiB, 39.61 W
2026/08/26 21:11:09.640, 1, 0 %, 0 %, 43634 MiB, 31.75 W
2026/08/26 21:11:10.140, 0, 0 %, 0 %, 44886 MiB, 59.62 W
2026/08/26 21:11:10.141, 1, 0 %, 0 %, 43874 MiB, 49.27 W
2026/08/26 21:11:10.641, 0, 0 %, 0 %, 44886 MiB, 59.64 W
2026/08/26 21:11:10.641, 1, 0 %, 0 %, 43874 MiB, 62.31 W
2026/08/26 21:11:11.141, 0, 0 %, 0 %, 44886 MiB, 58.75 W
2026/08/26 21:11:11.141, 1, 0 %, 0 %, 43874 MiB, 61.95 W
2026/08/26 21:11:11.642, 0, 0 %, 0 %, 44886 MiB, 58.75 W
2026/08/26 21:11:11.642, 1, 0 %, 0 %, 43874 MiB, 61.95 W
2026/08/26 21:11:12.142, 0, 0 %, 0 %, 44886 MiB, 58.28 W
2026/08/26 21:11:12.142, 1, 0 %, 0 %, 43874 MiB, 61.24 W
2026/08/26 21:11:12.643, 0, 0 %, 0 %, 44886 MiB, 58.28 W
2026/08/26 21:11:12.643, 1, 0 %, 0 %, 43874 MiB, 61.24 W
2026/08/26 21:11:13.143, 0, 0 %, 0 %, 44886 MiB, 58.20 W
2026/08/26 21:11:13.143, 1, 0 %, 0 %, 43874 MiB, 61.13 W
2026/08/26 21:11:13.643, 0, 0 %, 0 %, 44886 MiB, 58.20 W
2026/08/26 21:11:13.644, 1, 0 %, 0 %, 43874 MiB, 61.13 W
2026/08/26 21:11:14.144, 0, 0 %, 0 %, 44886 MiB, 58.16 W
2026/08/26 21:11:14.144, 1, 0 %, 0 %, 43874 MiB, 61.13 W
2026/08/26 21:11:14.644, 0, 0 %, 0 %, 44886 MiB, 58.16 W
2026/08/26 21:11:14.644, 1, 0 %, 0 %, 43874 MiB, 61.13 W
2026/08/26 21:11:15.145, 0, 0 %, 0 %, 44886 MiB, 58.18 W
2026/08/26 21:11:15.145, 1, 0 %, 0 %, 43874 MiB, 61.33 W
2026/08/26 21:11:15.645, 0, 0 %, 0 %, 44886 MiB, 58.18 W
2026/08/26 21:11:15.645, 1, 0 %, 0 %, 43874 MiB, 61.33 W
2026/08/26 21:11:16.146, 0, 0 %, 0 %, 44886 MiB, 58.18 W
2026/08/26 21:11:16.146, 1, 0 %, 0 %, 43874 MiB, 61.41 W
2026/08/26 21:11:16.646, 0, 0 %, 0 %, 44886 MiB, 58.18 W
2026/08/26 21:11:16.646, 1, 0 %, 0 %, 43874 MiB, 61.41 W
2026/08/26 21:11:17.146, 0, 0 %, 0 %, 44886 MiB, 58.19 W
2026/08/26 21:11:17.147, 1, 0 %, 0 %, 43874 MiB, 61.39 W
2026/08/26 21:11:17.647, 0, 0 %, 0 %, 44886 MiB, 58.19 W
2026/08/26 21:11:17.647, 1, 0 %, 0 %, 43874 MiB, 61.39 W
2026/08/26 21:11:18.147, 0, 0 %, 0 %, 44888 MiB, 58.39 W
2026/08/26 21:11:18.148, 1, 0 %, 0 %, 43876 MiB, 61.73 W
2026/08/26 21:11:18.648, 0, 0 %, 0 %, 44890 MiB, 58.60 W
2026/08/26 21:11:18.648, 1, 0 %, 0 %, 43878 MiB, 61.90 W
2026/08/26 21:11:19.148, 0, 0 %, 0 %, 44890 MiB, 62.26 W
2026/08/26 21:11:19.149, 1, 0 %, 0 %, 43878 MiB, 63.93 W
2026/08/26 21:11:19.649, 0, 0 %, 0 %, 44890 MiB, 68.91 W
2026/08/26 21:11:19.649, 1, 0 %, 0 %, 43878 MiB, 63.66 W
2026/08/26 21:11:20.149, 0, 88 %, 4 %, 44896 MiB, 75.14 W
2026/08/26 21:11:20.149, 1, 86 %, 4 %, 43882 MiB, 63.93 W
2026/08/26 21:11:20.650, 0, 88 %, 4 %, 44896 MiB, 86.96 W
2026/08/26 21:11:20.650, 1, 86 %, 4 %, 43882 MiB, 82.76 W
2026/08/26 21:11:21.150, 0, 0 %, 0 %, 44896 MiB, 86.86 W
2026/08/26 21:11:21.150, 1, 0 %, 0 %, 43882 MiB, 89.98 W
2026/08/26 21:11:21.651, 0, 0 %, 0 %, 44896 MiB, 74.42 W
2026/08/26 21:11:21.651, 1, 0 %, 0 %, 43882 MiB, 89.13 W
2026/08/26 21:11:22.151, 0, 0 %, 0 %, 44896 MiB, 74.39 W
2026/08/26 21:11:22.151, 1, 0 %, 0 %, 43882 MiB, 89.13 W
2026/08/26 21:11:22.652, 0, 0 %, 0 %, 44896 MiB, 71.63 W
2026/08/26 21:11:22.652, 1, 0 %, 0 %, 43882 MiB, 75.51 W
2026/08/26 21:11:23.152, 0, 0 %, 0 %, 44896 MiB, 71.63 W
2026/08/26 21:11:23.152, 1, 0 %, 0 %, 43882 MiB, 75.51 W
2026/08/26 21:11:23.653, 0, 0 %, 0 %, 44896 MiB, 58.23 W
2026/08/26 21:11:23.653, 1, 0 %, 0 %, 43882 MiB, 68.69 W
2026/08/26 21:11:24.153, 0, 0 %, 0 %, 44896 MiB, 58.23 W
2026/08/26 21:11:24.153, 1, 0 %, 0 %, 43882 MiB, 68.69 W
2026/08/26 21:11:24.653, 0, 0 %, 0 %, 44896 MiB, 58.18 W
2026/08/26 21:11:24.654, 1, 0 %, 0 %, 43882 MiB, 62.08 W
2026/08/26 21:11:25.154, 0, 0 %, 0 %, 44896 MiB, 58.18 W
2026/08/26 21:11:25.154, 1, 0 %, 0 %, 43882 MiB, 62.08 W
2026/08/26 21:11:25.654, 0, 0 %, 0 %, 44896 MiB, 58.21 W
2026/08/26 21:11:25.654, 1, 0 %, 0 %, 43882 MiB, 62.02 W
2026/08/26 21:11:26.158, 0, 0 %, 0 %, 44896 MiB, 58.21 W
2026/08/26 21:11:26.158, 1, 0 %, 0 %, 43882 MiB, 62.02 W
2026/08/26 21:11:26.659, 0, 0 %, 0 %, 44896 MiB, 58.19 W
2026/08/26 21:11:26.659, 1, 0 %, 0 %, 43882 MiB, 62.18 W
2026/08/26 21:11:27.160, 0, 0 %, 0 %, 44896 MiB, 58.19 W
2026/08/26 21:11:27.160, 1, 0 %, 0 %, 43882 MiB, 62.18 W
2026/08/26 21:11:27.661, 0, 0 %, 0 %, 44896 MiB, 58.16 W
2026/08/26 21:11:27.661, 1, 0 %, 0 %, 43882 MiB, 62.10 W
2026/08/26 21:11:28.161, 0, 0 %, 0 %, 44896 MiB, 58.16 W
2026/08/26 21:11:28.161, 1, 0 %, 0 %, 43882 MiB, 62.10 W
2026/08/26 21:11:28.661, 0, 0 %, 0 %, 44896 MiB, 58.20 W
2026/08/26 21:11:28.661, 1, 0 %, 0 %, 43882 MiB, 61.95 W
2026/08/26 21:11:29.162, 0, 0 %, 0 %, 44896 MiB, 58.20 W
2026/08/26 21:11:29.162, 1, 0 %, 0 %, 43882 MiB, 61.95 W
2026/08/26 21:11:29.662, 0, 0 %, 0 %, 44896 MiB, 58.20 W
2026/08/26 21:11:29.662, 1, 0 %, 0 %, 43882 MiB, 62.15 W
2026/08/26 21:11:30.166, 0, 0 %, 0 %, 44896 MiB, 58.20 W
2026/08/26 21:11:30.166, 1, 0 %, 0 %, 43882 MiB, 62.15 W
2026/08/26 21:11:30.666, 0, 0 %, 0 %, 44896 MiB, 58.21 W
2026/08/26 21:11:30.666, 1, 0 %, 0 %, 43882 MiB, 62.22 W
2026/08/26 21:11:31.166, 0, 0 %, 0 %, 44896 MiB, 58.21 W
2026/08/26 21:11:31.166, 1, 0 %, 0 %, 43882 MiB, 62.22 W
2026/08/26 21:11:31.667, 0, 0 %, 0 %, 44896 MiB, 58.23 W
2026/08/26 21:11:31.667, 1, 0 %, 0 %, 43882 MiB, 62.20 W
2026/08/26 21:11:32.167, 0, 0 %, 0 %, 44896 MiB, 58.23 W
2026/08/26 21:11:32.167, 1, 0 %, 0 %, 43882 MiB, 62.20 W
2026/08/26 21:11:32.667, 0, 0 %, 0 %, 44896 MiB, 58.22 W
2026/08/26 21:11:32.667, 1, 0 %, 0 %, 43882 MiB, 62.51 W
2026/08/26 21:11:33.167, 0, 0 %, 0 %, 44896 MiB, 58.22 W
2026/08/26 21:11:33.168, 1, 0 %, 0 %, 43882 MiB, 62.51 W
2026/08/26 21:11:33.670, 0, 0 %, 0 %, 44896 MiB, 58.21 W
2026/08/26 21:11:33.670, 1, 0 %, 0 %, 43882 MiB, 62.68 W
2026/08/26 21:11:34.170, 0, 0 %, 0 %, 44896 MiB, 58.21 W
2026/08/26 21:11:34.170, 1, 0 %, 0 %, 43882 MiB, 62.68 W
2026/08/26 21:11:34.670, 0, 0 %, 0 %, 44896 MiB, 58.22 W
2026/08/26 21:11:34.670, 1, 0 %, 0 %, 43882 MiB, 62.60 W
2026/08/26 21:11:35.171, 0, 0 %, 0 %, 44896 MiB, 58.22 W
2026/08/26 21:11:35.171, 1, 0 %, 0 %, 43882 MiB, 62.60 W
2026/08/26 21:11:35.671, 0, 0 %, 0 %, 44896 MiB, 58.22 W
2026/08/26 21:11:35.671, 1, 0 %, 0 %, 43882 MiB, 62.59 W
2026/08/26 21:11:36.171, 0, 0 %, 0 %, 44904 MiB, 58.22 W
2026/08/26 21:11:36.171, 1, 0 %, 0 %, 43882 MiB, 62.59 W
2026/08/26 21:11:36.672, 0, 0 %, 0 %, 44912 MiB, 59.20 W
2026/08/26 21:11:36.672, 1, 0 %, 0 %, 43882 MiB, 62.88 W
2026/08/26 21:11:37.172, 0, 38 %, 16 %, 44916 MiB, 101.12 W
2026/08/26 21:11:37.172, 1, 0 %, 0 %, 43882 MiB, 57.08 W
2026/08/26 21:11:37.672, 0, 38 %, 16 %, 44918 MiB, 195.17 W
2026/08/26 21:11:37.673, 1, 0 %, 0 %, 43882 MiB, 54.99 W
2026/08/26 21:11:38.173, 0, 97 %, 13 %, 44922 MiB, 211.35 W
2026/08/26 21:11:38.173, 1, 0 %, 0 %, 43882 MiB, 54.99 W
2026/08/26 21:11:38.673, 0, 97 %, 13 %, 44924 MiB, 255.23 W
2026/08/26 21:11:38.674, 1, 0 %, 0 %, 43882 MiB, 31.83 W
2026/08/26 21:11:39.174, 0, 66 %, 13 %, 44926 MiB, 232.35 W
2026/08/26 21:11:39.174, 1, 0 %, 0 %, 43882 MiB, 31.83 W
2026/08/26 21:11:39.674, 0, 66 %, 13 %, 44928 MiB, 238.04 W
2026/08/26 21:11:39.675, 1, 0 %, 0 %, 43882 MiB, 29.82 W
2026/08/26 21:11:40.175, 0, 81 %, 24 %, 44930 MiB, 214.75 W
2026/08/26 21:11:40.175, 1, 0 %, 0 %, 43882 MiB, 29.82 W
2026/08/26 21:11:40.675, 0, 81 %, 24 %, 44928 MiB, 193.69 W
2026/08/26 21:11:40.675, 1, 0 %, 0 %, 43882 MiB, 28.30 W
2026/08/26 21:11:41.176, 0, 0 %, 0 %, 44928 MiB, 168.93 W
2026/08/26 21:11:41.176, 1, 0 %, 0 %, 43882 MiB, 28.30 W
2026/08/26 21:11:41.676, 0, 0 %, 0 %, 44928 MiB, 82.07 W
2026/08/26 21:11:41.676, 1, 0 %, 0 %, 43882 MiB, 28.42 W
2026/08/26 21:11:42.176, 0, 0 %, 0 %, 44928 MiB, 77.00 W
2026/08/26 21:11:42.177, 1, 0 %, 0 %, 43882 MiB, 28.42 W
2026/08/26 21:11:42.677, 0, 0 %, 0 %, 44928 MiB, 77.00 W
2026/08/26 21:11:42.677, 1, 0 %, 0 %, 43882 MiB, 28.51 W
2026/08/26 21:11:43.177, 0, 0 %, 0 %, 44928 MiB, 63.00 W
2026/08/26 21:11:43.177, 1, 0 %, 0 %, 43882 MiB, 28.51 W
2026/08/26 21:11:43.678, 0, 0 %, 0 %, 44928 MiB, 63.00 W
2026/08/26 21:11:43.678, 1, 0 %, 0 %, 43882 MiB, 28.51 W
2026/08/26 21:11:44.178, 0, 0 %, 0 %, 44928 MiB, 60.05 W
2026/08/26 21:11:44.178, 1, 0 %, 0 %, 43882 MiB, 28.51 W
2026/08/26 21:11:44.678, 0, 0 %, 0 %, 44928 MiB, 60.05 W
2026/08/26 21:11:44.679, 1, 0 %, 0 %, 43882 MiB, 28.43 W
2026/08/26 21:11:45.179, 0, 0 %, 0 %, 44928 MiB, 58.35 W
2026/08/26 21:11:45.179, 1, 0 %, 0 %, 43882 MiB, 28.43 W
2026/08/26 21:11:45.679, 0, 0 %, 0 %, 44928 MiB, 58.35 W
2026/08/26 21:11:45.679, 1, 0 %, 0 %, 43882 MiB, 28.40 W
2026/08/26 21:11:46.180, 0, 0 %, 0 %, 44928 MiB, 58.33 W
2026/08/26 21:11:46.180, 1, 0 %, 0 %, 43882 MiB, 28.40 W
2026/08/26 21:11:46.680, 0, 0 %, 0 %, 44928 MiB, 58.33 W
2026/08/26 21:11:46.680, 1, 0 %, 0 %, 43882 MiB, 28.45 W
2026/08/26 21:11:47.181, 0, 0 %, 0 %, 44928 MiB, 58.31 W
2026/08/26 21:11:47.181, 1, 0 %, 0 %, 43882 MiB, 28.45 W
2026/08/26 21:11:47.681, 0, 0 %, 0 %, 44928 MiB, 58.31 W
2026/08/26 21:11:47.681, 1, 0 %, 0 %, 43882 MiB, 28.49 W
2026/08/26 21:11:48.181, 0, 0 %, 0 %, 44928 MiB, 58.32 W
2026/08/26 21:11:48.182, 1, 0 %, 0 %, 43882 MiB, 28.49 W
2026/08/26 21:11:48.682, 0, 0 %, 0 %, 44928 MiB, 58.32 W
2026/08/26 21:11:48.682, 1, 0 %, 0 %, 43882 MiB, 28.51 W
2026/08/26 21:11:49.182, 0, 0 %, 0 %, 44928 MiB, 58.32 W
2026/08/26 21:11:49.182, 1, 0 %, 0 %, 43882 MiB, 28.51 W
2026/08/26 21:11:49.683, 0, 0 %, 0 %, 44928 MiB, 58.32 W
2026/08/26 21:11:49.683, 1, 0 %, 0 %, 43882 MiB, 28.51 W
2026/08/26 21:11:50.183, 0, 0 %, 0 %, 44928 MiB, 58.30 W
2026/08/26 21:11:50.183, 1, 0 %, 0 %, 43882 MiB, 28.51 W
2026/08/26 21:11:50.684, 0, 0 %, 0 %, 44928 MiB, 58.30 W
2026/08/26 21:11:50.684, 1, 0 %, 0 %, 43882 MiB, 28.47 W
2026/08/26 21:11:51.184, 0, 0 %, 0 %, 44928 MiB, 58.33 W
2026/08/26 21:11:51.184, 1, 0 %, 0 %, 43882 MiB, 28.47 W
2026/08/26 21:11:51.684, 0, 0 %, 0 %, 44928 MiB, 58.33 W
2026/08/26 21:11:51.685, 1, 0 %, 0 %, 43882 MiB, 28.48 W
2026/08/26 21:11:52.185, 0, 0 %, 0 %, 44928 MiB, 58.38 W
2026/08/26 21:11:52.185, 1, 0 %, 0 %, 43882 MiB, 28.48 W
2026/08/26 21:11:52.685, 0, 0 %, 0 %, 44928 MiB, 58.38 W
2026/08/26 21:11:52.686, 1, 0 %, 0 %, 43882 MiB, 28.53 W
2026/08/26 21:11:53.186, 0, 0 %, 0 %, 44928 MiB, 58.37 W
2026/08/26 21:11:53.186, 1, 0 %, 0 %, 43882 MiB, 28.53 W
2026/08/26 21:11:53.686, 0, 0 %, 0 %, 44928 MiB, 58.37 W
2026/08/26 21:11:53.687, 1, 0 %, 0 %, 43882 MiB, 28.45 W
2026/08/26 21:11:54.187, 0, 0 %, 0 %, 44928 MiB, 58.37 W
2026/08/26 21:11:54.187, 1, 0 %, 0 %, 43882 MiB, 28.45 W
2026/08/26 21:11:54.687, 0, 0 %, 0 %, 44928 MiB, 58.37 W
2026/08/26 21:11:54.687, 1, 0 %, 0 %, 43882 MiB, 28.39 W
2026/08/26 21:11:55.188, 0, 0 %, 0 %, 44928 MiB, 58.41 W
2026/08/26 21:11:55.188, 1, 0 %, 0 %, 43882 MiB, 28.39 W
2026/08/26 21:11:55.688, 0, 0 %, 0 %, 44928 MiB, 58.41 W
2026/08/26 21:11:55.688, 1, 0 %, 0 %, 43882 MiB, 28.37 W
2026/08/26 21:11:56.188, 0, 0 %, 0 %, 44928 MiB, 58.43 W
2026/08/26 21:11:56.189, 1, 0 %, 0 %, 43882 MiB, 28.37 W
2026/08/26 21:11:56.689, 0, 0 %, 0 %, 44928 MiB, 58.43 W
2026/08/26 21:11:56.689, 1, 0 %, 0 %, 43882 MiB, 28.38 W
2026/08/26 21:11:57.189, 0, 0 %, 0 %, 44928 MiB, 58.44 W
2026/08/26 21:11:57.189, 1, 0 %, 0 %, 43882 MiB, 28.38 W
2026/08/26 21:11:57.690, 0, 0 %, 0 %, 44928 MiB, 58.44 W
2026/08/26 21:11:57.690, 1, 0 %, 0 %, 43882 MiB, 28.40 W
2026/08/26 21:11:58.190, 0, 0 %, 0 %, 44928 MiB, 53.19 W
2026/08/26 21:11:58.190, 1, 0 %, 0 %, 43882 MiB, 28.40 W
2026/08/26 21:11:58.690, 0, 0 %, 0 %, 44928 MiB, 53.19 W
2026/08/26 21:11:58.691, 1, 0 %, 0 %, 43882 MiB, 28.44 W
2026/08/26 21:11:59.191, 0, 0 %, 0 %, 44928 MiB, 38.37 W
2026/08/26 21:11:59.191, 1, 0 %, 0 %, 43882 MiB, 28.44 W
2026/08/26 21:11:59.691, 0, 0 %, 0 %, 44928 MiB, 38.37 W
2026/08/26 21:11:59.692, 1, 0 %, 0 %, 43882 MiB, 28.50 W
2026/08/26 21:12:00.192, 0, 0 %, 0 %, 44928 MiB, 26.01 W
2026/08/26 21:12:00.192, 1, 0 %, 0 %, 43882 MiB, 28.50 W
2026/08/26 21:12:00.692, 0, 0 %, 0 %, 44928 MiB, 26.01 W
2026/08/26 21:12:00.693, 1, 0 %, 0 %, 43882 MiB, 28.48 W
2026/08/26 21:12:01.193, 0, 0 %, 0 %, 44928 MiB, 23.23 W
2026/08/26 21:12:01.193, 1, 0 %, 0 %, 43882 MiB, 28.48 W
2026/08/26 21:12:01.693, 0, 0 %, 0 %, 44928 MiB, 23.23 W
2026/08/26 21:12:01.693, 1, 0 %, 0 %, 43882 MiB, 28.50 W
2026/08/26 21:12:02.194, 0, 0 %, 0 %, 44928 MiB, 23.15 W
2026/08/26 21:12:02.194, 1, 0 %, 0 %, 43882 MiB, 28.50 W
2026/08/26 21:12:02.694, 0, 0 %, 0 %, 44928 MiB, 23.15 W
2026/08/26 21:12:02.694, 1, 0 %, 0 %, 43882 MiB, 28.54 W
2026/08/26 21:12:03.195, 0, 0 %, 0 %, 44928 MiB, 23.14 W
2026/08/26 21:12:03.195, 1, 0 %, 0 %, 43882 MiB, 28.54 W
2026/08/26 21:12:03.695, 0, 0 %, 0 %, 44928 MiB, 23.14 W
2026/08/26 21:12:03.695, 1, 0 %, 0 %, 43882 MiB, 28.53 W
2026/08/26 21:12:04.195, 0, 0 %, 0 %, 44928 MiB, 23.13 W
2026/08/26 21:12:04.196, 1, 0 %, 0 %, 43882 MiB, 28.53 W
2026/08/26 21:12:04.696, 0, 0 %, 0 %, 44928 MiB, 23.13 W
2026/08/26 21:12:04.696, 1, 0 %, 0 %, 43882 MiB, 28.51 W
2026/08/26 21:12:05.196, 0, 0 %, 0 %, 44928 MiB, 23.12 W
2026/08/26 21:12:05.196, 1, 0 %, 0 %, 43882 MiB, 28.51 W
2026/08/26 21:12:05.697, 0, 0 %, 0 %, 44928 MiB, 23.12 W
2026/08/26 21:12:05.697, 1, 0 %, 0 %, 43882 MiB, 28.47 W
2026/08/26 21:12:06.197, 0, 0 %, 0 %, 44928 MiB, 23.13 W
2026/08/26 21:12:06.197, 1, 0 %, 0 %, 43882 MiB, 28.47 W
2026/08/26 21:12:06.697, 0, 0 %, 0 %, 44928 MiB, 23.13 W
2026/08/26 21:12:06.698, 1, 0 %, 0 %, 43882 MiB, 28.45 W
2026/08/26 21:12:07.198, 0, 0 %, 0 %, 44928 MiB, 23.16 W
2026/08/26 21:12:07.198, 1, 0 %, 0 %, 43882 MiB, 28.45 W
2026/08/26 21:12:07.698, 0, 0 %, 0 %, 44928 MiB, 23.16 W
2026/08/26 21:12:07.699, 1, 0 %, 0 %, 43882 MiB, 28.50 W
2026/08/26 21:12:08.199, 0, 0 %, 0 %, 44928 MiB, 23.23 W
2026/08/26 21:12:08.199, 1, 0 %, 0 %, 43882 MiB, 28.50 W
2026/08/26 21:12:08.699, 0, 0 %, 0 %, 44928 MiB, 23.23 W
2026/08/26 21:12:08.699, 1, 0 %, 0 %, 43882 MiB, 28.44 W
2026/08/26 21:12:09.200, 0, 0 %, 0 %, 44928 MiB, 23.19 W
2026/08/26 21:12:09.200, 1, 0 %, 0 %, 43882 MiB, 28.44 W
2026/08/26 21:12:09.700, 0, 0 %, 0 %, 44928 MiB, 23.19 W
2026/08/26 21:12:09.700, 1, 0 %, 0 %, 43882 MiB, 28.39 W
2026/08/26 21:12:10.201, 0, 0 %, 0 %, 44928 MiB, 23.14 W
2026/08/26 21:12:10.201, 1, 0 %, 0 %, 43882 MiB, 28.39 W
2026/08/26 21:12:10.701, 0, 0 %, 0 %, 44928 MiB, 23.14 W
2026/08/26 21:12:10.701, 1, 0 %, 0 %, 43882 MiB, 28.44 W
2026/08/26 21:12:11.202, 0, 0 %, 0 %, 44928 MiB, 23.14 W
2026/08/26 21:12:11.202, 1, 0 %, 0 %, 43882 MiB, 28.44 W
2026/08/26 21:12:11.702, 0, 0 %, 0 %, 44928 MiB, 23.14 W
2026/08/26 21:12:11.702, 1, 0 %, 0 %, 43882 MiB, 28.44 W
2026/08/26 21:12:12.202, 0, 0 %, 0 %, 44928 MiB, 23.13 W
2026/08/26 21:12:12.202, 1, 0 %, 0 %, 43882 MiB, 28.44 W
2026/08/26 21:12:12.703, 0, 0 %, 0 %, 45012 MiB, 24.73 W
2026/08/26 21:12:12.703, 1, 0 %, 0 %, 43990 MiB, 30.11 W
2026/08/26 21:12:13.203, 0, 100 %, 43 %, 45012 MiB, 119.91 W
2026/08/26 21:12:13.203, 1, 100 %, 45 %, 43990 MiB, 90.01 W
2026/08/26 21:12:13.704, 0, 100 %, 43 %, 45012 MiB, 241.91 W
2026/08/26 21:12:13.704, 1, 100 %, 45 %, 43990 MiB, 244.98 W
2026/08/26 21:12:14.204, 0, 100 %, 46 %, 45012 MiB, 242.48 W
2026/08/26 21:12:14.204, 1, 100 %, 47 %, 43990 MiB, 246.17 W
2026/08/26 21:12:14.704, 0, 100 %, 46 %, 45012 MiB, 240.32 W
2026/08/26 21:12:14.705, 1, 100 %, 47 %, 43990 MiB, 243.96 W
2026/08/26 21:12:15.205, 0, 100 %, 53 %, 45012 MiB, 250.42 W
2026/08/26 21:12:15.205, 1, 100 %, 48 %, 43990 MiB, 252.76 W
2026/08/26 21:12:15.705, 0, 100 %, 53 %, 45012 MiB, 251.73 W
2026/08/26 21:12:15.705, 1, 100 %, 48 %, 43990 MiB, 253.49 W
2026/08/26 21:12:16.206, 0, 0 %, 0 %, 45012 MiB, 205.26 W
2026/08/26 21:12:16.206, 1, 0 %, 0 %, 43990 MiB, 205.22 W
2026/08/26 21:12:16.706, 0, 0 %, 0 %, 45012 MiB, 111.45 W
2026/08/26 21:12:16.706, 1, 0 %, 0 %, 43990 MiB, 111.18 W
2026/08/26 21:12:17.206, 0, 0 %, 0 %, 45012 MiB, 77.02 W
2026/08/26 21:12:17.207, 1, 0 %, 0 %, 43990 MiB, 80.72 W
2026/08/26 21:12:17.707, 0, 0 %, 0 %, 45012 MiB, 77.02 W
2026/08/26 21:12:17.707, 1, 0 %, 0 %, 43990 MiB, 80.72 W
2026/08/26 21:12:18.207, 0, 0 %, 0 %, 45012 MiB, 69.73 W
2026/08/26 21:12:18.208, 1, 0 %, 0 %, 43990 MiB, 73.23 W
2026/08/26 21:12:18.708, 0, 0 %, 0 %, 45012 MiB, 69.73 W
2026/08/26 21:12:18.708, 1, 0 %, 0 %, 43990 MiB, 73.23 W
2026/08/26 21:12:19.208, 0, 0 %, 0 %, 45012 MiB, 63.94 W
2026/08/26 21:12:19.208, 1, 0 %, 0 %, 43990 MiB, 67.76 W
2026/08/26 21:12:19.709, 0, 0 %, 0 %, 45012 MiB, 63.94 W
2026/08/26 21:12:19.709, 1, 0 %, 0 %, 43990 MiB, 67.76 W
2026/08/26 21:12:20.209, 0, 0 %, 0 %, 45012 MiB, 58.72 W
2026/08/26 21:12:20.209, 1, 0 %, 0 %, 43990 MiB, 62.93 W
2026/08/26 21:12:20.710, 0, 0 %, 0 %, 45012 MiB, 58.72 W
2026/08/26 21:12:20.710, 1, 0 %, 0 %, 43990 MiB, 62.93 W
2026/08/26 21:12:21.210, 0, 0 %, 0 %, 45012 MiB, 58.60 W
2026/08/26 21:12:21.210, 1, 0 %, 0 %, 43990 MiB, 62.95 W
2026/08/26 21:12:21.710, 0, 0 %, 0 %, 45012 MiB, 58.60 W
2026/08/26 21:12:21.711, 1, 0 %, 0 %, 43990 MiB, 62.95 W
2026/08/26 21:12:22.211, 0, 0 %, 0 %, 45012 MiB, 58.58 W
2026/08/26 21:12:22.211, 1, 0 %, 0 %, 43990 MiB, 62.83 W
2026/08/26 21:12:22.711, 0, 0 %, 0 %, 45012 MiB, 58.58 W
2026/08/26 21:12:22.712, 1, 0 %, 0 %, 43990 MiB, 62.83 W
2026/08/26 21:12:23.212, 0, 0 %, 0 %, 45012 MiB, 58.61 W
2026/08/26 21:12:23.212, 1, 0 %, 0 %, 43990 MiB, 62.52 W
2026/08/26 21:12:23.712, 0, 0 %, 0 %, 45012 MiB, 58.61 W
2026/08/26 21:12:23.712, 1, 0 %, 0 %, 43990 MiB, 62.52 W
2026/08/26 21:12:24.213, 0, 0 %, 0 %, 45012 MiB, 58.68 W
2026/08/26 21:12:24.213, 1, 0 %, 0 %, 43990 MiB, 62.42 W
2026/08/26 21:12:24.713, 0, 0 %, 0 %, 45012 MiB, 58.68 W
2026/08/26 21:12:24.713, 1, 0 %, 0 %, 43990 MiB, 62.42 W
2026/08/26 21:12:25.214, 0, 0 %, 0 %, 45012 MiB, 58.72 W
2026/08/26 21:12:25.214, 1, 0 %, 0 %, 43990 MiB, 62.58 W
2026/08/26 21:12:25.714, 0, 0 %, 0 %, 45012 MiB, 58.72 W
2026/08/26 21:12:25.714, 1, 0 %, 0 %, 43990 MiB, 62.58 W
2026/08/26 21:12:26.214, 0, 0 %, 0 %, 45012 MiB, 58.70 W
2026/08/26 21:12:26.214, 1, 0 %, 0 %, 43990 MiB, 62.76 W
2026/08/26 21:12:26.715, 0, 0 %, 0 %, 45012 MiB, 58.70 W
2026/08/26 21:12:26.715, 1, 0 %, 0 %, 43990 MiB, 62.76 W
2026/08/26 21:12:27.215, 0, 0 %, 0 %, 45012 MiB, 58.65 W
2026/08/26 21:12:27.215, 1, 0 %, 0 %, 43990 MiB, 62.74 W
2026/08/26 21:12:27.716, 0, 0 %, 0 %, 45012 MiB, 58.65 W
2026/08/26 21:12:27.716, 1, 0 %, 0 %, 43990 MiB, 62.74 W
2026/08/26 21:12:28.216, 0, 0 %, 0 %, 45012 MiB, 58.62 W
2026/08/26 21:12:28.216, 1, 0 %, 0 %, 43990 MiB, 62.58 W
2026/08/26 21:12:28.716, 0, 0 %, 0 %, 45012 MiB, 58.62 W
2026/08/26 21:12:28.717, 1, 0 %, 0 %, 43990 MiB, 62.58 W
2026/08/26 21:12:29.217, 0, 0 %, 0 %, 45012 MiB, 58.56 W
2026/08/26 21:12:29.217, 1, 0 %, 0 %, 43990 MiB, 62.48 W
2026/08/26 21:12:29.717, 0, 0 %, 0 %, 45012 MiB, 58.56 W
2026/08/26 21:12:29.717, 1, 0 %, 0 %, 43990 MiB, 62.48 W
2026/08/26 21:12:30.218, 0, 0 %, 0 %, 45012 MiB, 58.60 W
2026/08/26 21:12:30.218, 1, 0 %, 0 %, 43990 MiB, 62.65 W
2026/08/26 21:12:30.718, 0, 0 %, 0 %, 45012 MiB, 58.60 W
2026/08/26 21:12:30.718, 1, 0 %, 0 %, 43990 MiB, 62.65 W
2026/08/26 21:12:31.219, 0, 0 %, 0 %, 45012 MiB, 58.66 W
2026/08/26 21:12:31.219, 1, 0 %, 0 %, 43990 MiB, 62.63 W
2026/08/26 21:12:31.719, 0, 0 %, 0 %, 45012 MiB, 58.66 W
2026/08/26 21:12:31.719, 1, 0 %, 0 %, 43990 MiB, 62.63 W
2026/08/26 21:12:32.219, 0, 0 %, 0 %, 45012 MiB, 58.60 W
2026/08/26 21:12:32.220, 1, 0 %, 0 %, 43990 MiB, 62.41 W
2026/08/26 21:12:32.720, 0, 0 %, 0 %, 45012 MiB, 58.60 W
2026/08/26 21:12:32.720, 1, 0 %, 0 %, 43990 MiB, 62.41 W
2026/08/26 21:12:33.220, 0, 0 %, 0 %, 45012 MiB, 53.49 W
2026/08/26 21:12:33.220, 1, 0 %, 0 %, 43990 MiB, 60.24 W
2026/08/26 21:12:33.721, 0, 0 %, 0 %, 45012 MiB, 53.49 W
2026/08/26 21:12:33.721, 1, 0 %, 0 %, 43990 MiB, 60.24 W
2026/08/26 21:12:34.221, 0, 0 %, 0 %, 45012 MiB, 37.93 W
2026/08/26 21:12:34.221, 1, 0 %, 0 %, 43990 MiB, 45.49 W
2026/08/26 21:12:34.721, 0, 0 %, 0 %, 45012 MiB, 37.93 W
2026/08/26 21:12:34.722, 1, 0 %, 0 %, 43990 MiB, 45.49 W
2026/08/26 21:12:35.222, 0, 0 %, 0 %, 45012 MiB, 25.36 W
2026/08/26 21:12:35.222, 1, 0 %, 0 %, 43990 MiB, 30.80 W
2026/08/26 21:12:35.722, 0, 0 %, 0 %, 45012 MiB, 25.36 W
2026/08/26 21:12:35.723, 1, 0 %, 0 %, 43990 MiB, 30.80 W
2026/08/26 21:12:36.223, 0, 0 %, 0 %, 45012 MiB, 23.27 W
2026/08/26 21:12:36.224, 1, 0 %, 0 %, 43990 MiB, 28.66 W
2026/08/26 21:12:36.724, 0, 0 %, 0 %, 45012 MiB, 23.27 W
2026/08/26 21:12:36.724, 1, 0 %, 0 %, 43990 MiB, 28.66 W
2026/08/26 21:12:37.224, 0, 0 %, 0 %, 45012 MiB, 23.21 W
2026/08/26 21:12:37.224, 1, 0 %, 0 %, 43990 MiB, 28.58 W
2026/08/26 21:12:37.725, 0, 0 %, 0 %, 45012 MiB, 23.21 W
2026/08/26 21:12:37.725, 1, 0 %, 0 %, 43990 MiB, 28.58 W
2026/08/26 21:12:38.225, 0, 0 %, 0 %, 45012 MiB, 23.17 W
2026/08/26 21:12:38.225, 1, 0 %, 0 %, 43990 MiB, 28.58 W
2026/08/26 21:12:38.726, 0, 0 %, 0 %, 45012 MiB, 23.17 W
2026/08/26 21:12:38.726, 1, 0 %, 0 %, 43990 MiB, 28.58 W
2026/08/26 21:12:39.226, 0, 0 %, 0 %, 45012 MiB, 23.16 W
2026/08/26 21:12:39.226, 1, 0 %, 0 %, 43990 MiB, 28.62 W
2026/08/26 21:12:39.726, 0, 0 %, 0 %, 45012 MiB, 23.16 W
2026/08/26 21:12:39.727, 1, 0 %, 0 %, 43990 MiB, 28.62 W
2026/08/26 21:12:40.227, 0, 0 %, 0 %, 45012 MiB, 23.18 W
2026/08/26 21:12:40.227, 1, 0 %, 0 %, 43990 MiB, 28.61 W
2026/08/26 21:12:40.727, 0, 0 %, 0 %, 45012 MiB, 23.18 W
2026/08/26 21:12:40.727, 1, 0 %, 0 %, 43990 MiB, 28.61 W
2026/08/26 21:12:41.228, 0, 0 %, 0 %, 45012 MiB, 23.17 W
2026/08/26 21:12:41.228, 1, 0 %, 0 %, 43990 MiB, 28.56 W
2026/08/26 21:12:41.728, 0, 0 %, 0 %, 45012 MiB, 23.17 W
2026/08/26 21:12:41.728, 1, 0 %, 0 %, 43990 MiB, 28.56 W
2026/08/26 21:12:42.229, 0, 0 %, 0 %, 45012 MiB, 23.13 W
2026/08/26 21:12:42.229, 1, 0 %, 0 %, 43990 MiB, 28.52 W
2026/08/26 21:12:42.729, 0, 0 %, 0 %, 45012 MiB, 23.13 W
2026/08/26 21:12:42.729, 1, 0 %, 0 %, 43990 MiB, 28.52 W
2026/08/26 21:12:43.229, 0, 0 %, 0 %, 45012 MiB, 23.10 W
2026/08/26 21:12:43.230, 1, 0 %, 0 %, 43990 MiB, 28.49 W
2026/08/26 21:12:43.730, 0, 0 %, 0 %, 45012 MiB, 23.10 W
2026/08/26 21:12:43.730, 1, 0 %, 0 %, 43990 MiB, 28.49 W
2026/08/26 21:12:44.230, 0, 0 %, 0 %, 45012 MiB, 23.09 W
2026/08/26 21:12:44.231, 1, 0 %, 0 %, 43990 MiB, 28.51 W
2026/08/26 21:12:44.731, 0, 0 %, 0 %, 45012 MiB, 23.09 W
2026/08/26 21:12:44.731, 1, 0 %, 0 %, 43990 MiB, 28.51 W
2026/08/26 21:12:45.231, 0, 0 %, 0 %, 45012 MiB, 23.09 W
2026/08/26 21:12:45.231, 1, 0 %, 0 %, 43990 MiB, 28.61 W
2026/08/26 21:12:45.732, 0, 0 %, 0 %, 45012 MiB, 23.09 W
2026/08/26 21:12:45.732, 1, 0 %, 0 %, 43990 MiB, 28.61 W
2026/08/26 21:12:46.232, 0, 0 %, 0 %, 45012 MiB, 23.08 W
2026/08/26 21:12:46.232, 1, 0 %, 0 %, 43990 MiB, 28.65 W
2026/08/26 21:12:46.732, 0, 0 %, 0 %, 45012 MiB, 23.08 W
2026/08/26 21:12:46.733, 1, 0 %, 0 %, 43990 MiB, 28.65 W
2026/08/26 21:12:47.233, 0, 0 %, 0 %, 45012 MiB, 23.09 W
2026/08/26 21:12:47.233, 1, 0 %, 0 %, 43990 MiB, 28.61 W
2026/08/26 21:12:47.733, 0, 0 %, 0 %, 45012 MiB, 23.09 W
2026/08/26 21:12:47.733, 1, 0 %, 0 %, 43990 MiB, 28.61 W
2026/08/26 21:12:48.234, 0, 0 %, 0 %, 45012 MiB, 23.10 W
2026/08/26 21:12:48.234, 1, 0 %, 0 %, 43990 MiB, 28.59 W
2026/08/26 21:12:48.734, 0, 0 %, 0 %, 45012 MiB, 23.10 W
2026/08/26 21:12:48.734, 1, 0 %, 0 %, 43990 MiB, 28.59 W
2026/08/26 21:12:49.235, 0, 0 %, 0 %, 45012 MiB, 23.06 W
2026/08/26 21:12:49.235, 1, 0 %, 0 %, 43990 MiB, 28.56 W
2026/08/26 21:12:49.735, 0, 0 %, 0 %, 45012 MiB, 23.06 W
2026/08/26 21:12:49.735, 1, 0 %, 0 %, 43990 MiB, 28.56 W
2026/08/26 21:12:50.235, 0, 0 %, 0 %, 45012 MiB, 23.10 W
2026/08/26 21:12:50.236, 1, 0 %, 0 %, 43990 MiB, 28.55 W
2026/08/26 21:12:50.736, 0, 0 %, 0 %, 45012 MiB, 23.10 W
2026/08/26 21:12:50.736, 1, 0 %, 0 %, 43990 MiB, 28.55 W
2026/08/26 21:12:51.236, 0, 0 %, 0 %, 45012 MiB, 23.11 W
2026/08/26 21:12:51.237, 1, 0 %, 0 %, 43990 MiB, 28.54 W
2026/08/26 21:12:51.737, 0, 0 %, 0 %, 45012 MiB, 23.11 W
2026/08/26 21:12:51.737, 1, 0 %, 0 %, 43992 MiB, 28.54 W
2026/08/26 21:12:52.237, 0, 100 %, 52 %, 45012 MiB, 78.94 W
2026/08/26 21:12:52.237, 1, 100 %, 51 %, 43992 MiB, 81.00 W
2026/08/26 21:12:52.738, 0, 100 %, 52 %, 45020 MiB, 145.54 W
2026/08/26 21:12:52.738, 1, 100 %, 51 %, 44000 MiB, 143.84 W
2026/08/26 21:12:53.238, 0, 100 %, 48 %, 45020 MiB, 250.14 W
2026/08/26 21:12:53.238, 1, 100 %, 51 %, 44000 MiB, 251.62 W
2026/08/26 21:12:53.738, 0, 100 %, 48 %, 45020 MiB, 251.32 W
2026/08/26 21:12:53.739, 1, 100 %, 51 %, 44000 MiB, 253.35 W
2026/08/26 21:12:54.239, 0, 100 %, 43 %, 45020 MiB, 253.48 W
2026/08/26 21:12:54.239, 1, 100 %, 48 %, 44000 MiB, 254.85 W
2026/08/26 21:12:54.739, 0, 100 %, 43 %, 45020 MiB, 256.11 W
2026/08/26 21:12:54.740, 1, 100 %, 48 %, 44000 MiB, 257.83 W
2026/08/26 21:12:55.240, 0, 100 %, 44 %, 45020 MiB, 254.71 W
2026/08/26 21:12:55.240, 1, 100 %, 48 %, 44000 MiB, 257.66 W
2026/08/26 21:12:55.740, 0, 100 %, 44 %, 45020 MiB, 258.38 W
2026/08/26 21:12:55.741, 1, 100 %, 48 %, 44000 MiB, 261.83 W
2026/08/26 21:12:56.241, 0, 100 %, 43 %, 45020 MiB, 253.96 W
2026/08/26 21:12:56.241, 1, 100 %, 44 %, 44000 MiB, 258.14 W
2026/08/26 21:12:56.741, 0, 100 %, 43 %, 45020 MiB, 258.51 W
2026/08/26 21:12:56.741, 1, 100 %, 44 %, 44000 MiB, 259.79 W
2026/08/26 21:12:57.242, 0, 100 %, 44 %, 45020 MiB, 255.67 W
2026/08/26 21:12:57.242, 1, 100 %, 42 %, 44000 MiB, 258.07 W
2026/08/26 21:12:57.742, 0, 100 %, 44 %, 45020 MiB, 258.57 W
2026/08/26 21:12:57.742, 1, 100 %, 42 %, 44000 MiB, 262.09 W
2026/08/26 21:12:58.243, 0, 100 %, 48 %, 45020 MiB, 231.07 W
2026/08/26 21:12:58.243, 1, 100 %, 44 %, 44000 MiB, 232.97 W
2026/08/26 21:12:58.743, 0, 100 %, 48 %, 45020 MiB, 230.63 W
2026/08/26 21:12:58.743, 1, 100 %, 44 %, 44000 MiB, 231.11 W
2026/08/26 21:12:59.243, 0, 0 %, 0 %, 45020 MiB, 242.36 W
2026/08/26 21:12:59.244, 1, 1 %, 0 %, 44000 MiB, 242.84 W
2026/08/26 21:12:59.744, 0, 0 %, 0 %, 45020 MiB, 227.80 W
2026/08/26 21:12:59.744, 1, 1 %, 0 %, 44000 MiB, 228.93 W
2026/08/26 21:13:00.244, 0, 59 %, 65 %, 45020 MiB, 233.30 W
2026/08/26 21:13:00.244, 1, 40 %, 44 %, 44000 MiB, 237.96 W
2026/08/26 21:13:00.744, 0, 59 %, 65 %, 45020 MiB, 227.74 W
2026/08/26 21:13:00.745, 1, 40 %, 44 %, 44000 MiB, 230.03 W
2026/08/26 21:13:01.245, 0, 100 %, 44 %, 45020 MiB, 224.04 W
2026/08/26 21:13:01.245, 1, 100 %, 46 %, 44000 MiB, 227.63 W
2026/08/26 21:13:01.745, 0, 100 %, 44 %, 45020 MiB, 227.47 W
2026/08/26 21:13:01.745, 1, 100 %, 46 %, 44000 MiB, 229.65 W
2026/08/26 21:13:02.246, 0, 100 %, 44 %, 45020 MiB, 214.30 W
2026/08/26 21:13:02.246, 1, 100 %, 46 %, 44000 MiB, 218.37 W
2026/08/26 21:13:02.746, 0, 100 %, 44 %, 45020 MiB, 240.52 W
2026/08/26 21:13:02.746, 1, 100 %, 46 %, 44000 MiB, 257.39 W
2026/08/26 21:13:03.246, 0, 100 %, 51 %, 45020 MiB, 217.74 W
2026/08/26 21:13:03.246, 1, 100 %, 52 %, 44000 MiB, 218.78 W
2026/08/26 21:13:03.747, 0, 100 %, 51 %, 45020 MiB, 218.77 W
2026/08/26 21:13:03.747, 1, 100 %, 52 %, 44000 MiB, 223.52 W
2026/08/26 21:13:04.247, 0, 100 %, 43 %, 45020 MiB, 229.85 W
2026/08/26 21:13:04.247, 1, 100 %, 43 %, 44000 MiB, 231.95 W
2026/08/26 21:13:04.747, 0, 100 %, 43 %, 45020 MiB, 226.37 W
2026/08/26 21:13:04.748, 1, 100 %, 43 %, 44000 MiB, 230.26 W
2026/08/26 21:13:05.248, 0, 4 %, 0 %, 45020 MiB, 241.93 W
2026/08/26 21:13:05.248, 1, 23 %, 1 %, 44000 MiB, 243.39 W
2026/08/26 21:13:05.748, 0, 4 %, 0 %, 45020 MiB, 222.87 W
2026/08/26 21:13:05.748, 1, 23 %, 1 %, 44000 MiB, 220.31 W
2026/08/26 21:13:06.249, 0, 43 %, 47 %, 45020 MiB, 235.28 W
2026/08/26 21:13:06.249, 1, 24 %, 26 %, 44000 MiB, 240.93 W
2026/08/26 21:13:06.749, 0, 43 %, 47 %, 45020 MiB, 252.25 W
2026/08/26 21:13:06.749, 1, 24 %, 26 %, 44000 MiB, 256.85 W
2026/08/26 21:13:07.249, 0, 90 %, 99 %, 45020 MiB, 253.12 W
2026/08/26 21:13:07.250, 1, 71 %, 79 %, 44000 MiB, 253.08 W
2026/08/26 21:13:07.750, 0, 90 %, 99 %, 45020 MiB, 252.43 W
2026/08/26 21:13:07.750, 1, 71 %, 79 %, 44000 MiB, 254.10 W
2026/08/26 21:13:08.250, 0, 100 %, 97 %, 45020 MiB, 254.80 W
2026/08/26 21:13:08.251, 1, 100 %, 100 %, 44000 MiB, 260.09 W
2026/08/26 21:13:08.751, 0, 100 %, 97 %, 45020 MiB, 256.01 W
2026/08/26 21:13:08.751, 1, 100 %, 100 %, 44000 MiB, 260.12 W
2026/08/26 21:13:09.251, 0, 100 %, 88 %, 45020 MiB, 257.88 W
2026/08/26 21:13:09.251, 1, 100 %, 100 %, 44000 MiB, 261.65 W
2026/08/26 21:13:09.751, 0, 100 %, 88 %, 45020 MiB, 255.63 W
2026/08/26 21:13:09.752, 1, 100 %, 100 %, 44000 MiB, 259.19 W
2026/08/26 21:13:10.252, 0, 100 %, 75 %, 45020 MiB, 259.76 W
2026/08/26 21:13:10.252, 1, 100 %, 89 %, 44000 MiB, 262.49 W
2026/08/26 21:13:10.752, 0, 100 %, 75 %, 45020 MiB, 233.38 W
2026/08/26 21:13:10.752, 1, 100 %, 89 %, 44000 MiB, 237.72 W
2026/08/26 21:13:11.252, 0, 100 %, 42 %, 45020 MiB, 231.93 W
2026/08/26 21:13:11.253, 1, 100 %, 43 %, 44000 MiB, 234.99 W
2026/08/26 21:13:11.753, 0, 100 %, 42 %, 45020 MiB, 251.90 W
2026/08/26 21:13:11.753, 1, 100 %, 43 %, 44000 MiB, 255.38 W
2026/08/26 21:13:12.253, 0, 100 %, 41 %, 45020 MiB, 252.97 W
2026/08/26 21:13:12.254, 1, 100 %, 42 %, 44000 MiB, 256.25 W
2026/08/26 21:13:12.754, 0, 100 %, 41 %, 45020 MiB, 243.24 W
2026/08/26 21:13:12.754, 1, 100 %, 42 %, 44000 MiB, 245.43 W
2026/08/26 21:13:13.254, 0, 100 %, 42 %, 45020 MiB, 238.35 W
2026/08/26 21:13:13.254, 1, 100 %, 45 %, 44000 MiB, 242.44 W
2026/08/26 21:13:13.755, 0, 100 %, 42 %, 45020 MiB, 242.65 W
2026/08/26 21:13:13.755, 1, 100 %, 45 %, 44000 MiB, 246.13 W
2026/08/26 21:13:14.255, 0, 100 %, 50 %, 45020 MiB, 225.47 W
2026/08/26 21:13:14.255, 1, 100 %, 52 %, 44000 MiB, 228.21 W
2026/08/26 21:13:14.756, 0, 100 %, 50 %, 45020 MiB, 224.34 W
2026/08/26 21:13:14.756, 1, 100 %, 52 %, 44000 MiB, 230.39 W
2026/08/26 21:13:15.256, 0, 100 %, 42 %, 45020 MiB, 252.48 W
2026/08/26 21:13:15.256, 1, 100 %, 48 %, 44000 MiB, 255.33 W
2026/08/26 21:13:15.756, 0, 100 %, 42 %, 45020 MiB, 253.76 W
2026/08/26 21:13:15.757, 1, 100 %, 48 %, 44000 MiB, 256.28 W
2026/08/26 21:13:16.257, 0, 100 %, 43 %, 45020 MiB, 256.24 W
2026/08/26 21:13:16.257, 1, 100 %, 42 %, 44000 MiB, 257.84 W
2026/08/26 21:13:16.757, 0, 100 %, 43 %, 45020 MiB, 257.94 W
2026/08/26 21:13:16.757, 1, 100 %, 42 %, 44000 MiB, 259.48 W
2026/08/26 21:13:17.258, 0, 99 %, 43 %, 45020 MiB, 234.11 W
2026/08/26 21:13:17.258, 1, 100 %, 49 %, 44000 MiB, 236.10 W
2026/08/26 21:13:17.758, 0, 99 %, 43 %, 45020 MiB, 232.08 W
2026/08/26 21:13:17.758, 1, 100 %, 49 %, 44000 MiB, 234.74 W
2026/08/26 21:13:18.258, 0, 76 %, 23 %, 45020 MiB, 245.74 W
2026/08/26 21:13:18.259, 1, 94 %, 31 %, 44000 MiB, 248.08 W
2026/08/26 21:13:18.759, 0, 76 %, 23 %, 45020 MiB, 254.94 W
2026/08/26 21:13:18.759, 1, 94 %, 31 %, 44000 MiB, 258.32 W
2026/08/26 21:13:19.259, 0, 0 %, 0 %, 45020 MiB, 249.14 W
2026/08/26 21:13:19.259, 1, 0 %, 0 %, 44000 MiB, 249.36 W
2026/08/26 21:13:19.760, 0, 0 %, 0 %, 45020 MiB, 231.14 W
2026/08/26 21:13:19.760, 1, 0 %, 0 %, 44000 MiB, 224.98 W
2026/08/26 21:13:20.260, 0, 100 %, 68 %, 45020 MiB, 229.71 W
2026/08/26 21:13:20.260, 1, 100 %, 82 %, 44000 MiB, 234.94 W
2026/08/26 21:13:20.760, 0, 100 %, 68 %, 45020 MiB, 251.38 W
2026/08/26 21:13:20.761, 1, 100 %, 82 %, 44000 MiB, 255.05 W
2026/08/26 21:13:21.261, 0, 100 %, 42 %, 45020 MiB, 254.01 W
2026/08/26 21:13:21.261, 1, 100 %, 46 %, 44000 MiB, 257.23 W
2026/08/26 21:13:21.761, 0, 100 %, 42 %, 45020 MiB, 231.73 W
2026/08/26 21:13:21.761, 1, 100 %, 46 %, 44000 MiB, 234.24 W
2026/08/26 21:13:22.262, 0, 100 %, 42 %, 45020 MiB, 229.32 W
2026/08/26 21:13:22.262, 1, 100 %, 42 %, 44000 MiB, 233.70 W
2026/08/26 21:13:22.762, 0, 100 %, 42 %, 45020 MiB, 248.76 W
2026/08/26 21:13:22.762, 1, 100 %, 42 %, 44000 MiB, 254.44 W
2026/08/26 21:13:23.262, 0, 100 %, 41 %, 45020 MiB, 259.08 W
2026/08/26 21:13:23.263, 1, 100 %, 42 %, 44000 MiB, 262.42 W
2026/08/26 21:13:23.763, 0, 100 %, 41 %, 45020 MiB, 245.49 W
2026/08/26 21:13:23.763, 1, 100 %, 42 %, 44000 MiB, 257.96 W
2026/08/26 21:13:24.263, 0, 100 %, 46 %, 45020 MiB, 229.21 W
2026/08/26 21:13:24.264, 1, 100 %, 47 %, 44000 MiB, 233.24 W
2026/08/26 21:13:24.764, 0, 100 %, 46 %, 45020 MiB, 237.84 W
2026/08/26 21:13:24.764, 1, 100 %, 47 %, 44000 MiB, 241.24 W
2026/08/26 21:13:25.264, 0, 100 %, 53 %, 45020 MiB, 255.21 W
2026/08/26 21:13:25.264, 1, 100 %, 49 %, 44000 MiB, 258.26 W
2026/08/26 21:13:25.764, 0, 100 %, 53 %, 45020 MiB, 256.51 W
2026/08/26 21:13:25.765, 1, 100 %, 49 %, 44000 MiB, 258.89 W
2026/08/26 21:13:26.265, 0, 100 %, 52 %, 45020 MiB, 261.08 W
2026/08/26 21:13:26.265, 1, 100 %, 50 %, 44000 MiB, 260.68 W
2026/08/26 21:13:26.765, 0, 100 %, 52 %, 45020 MiB, 258.17 W
2026/08/26 21:13:26.765, 1, 100 %, 50 %, 44000 MiB, 262.61 W
2026/08/26 21:13:27.265, 0, 100 %, 43 %, 45020 MiB, 232.10 W
2026/08/26 21:13:27.266, 1, 100 %, 43 %, 44000 MiB, 235.10 W
2026/08/26 21:13:27.766, 0, 100 %, 43 %, 45020 MiB, 231.85 W
2026/08/26 21:13:27.766, 1, 100 %, 43 %, 44000 MiB, 234.71 W
2026/08/26 21:13:28.266, 0, 100 %, 42 %, 45020 MiB, 251.99 W
2026/08/26 21:13:28.267, 1, 100 %, 42 %, 44000 MiB, 258.35 W
2026/08/26 21:13:28.767, 0, 100 %, 42 %, 45020 MiB, 256.51 W
2026/08/26 21:13:28.767, 1, 100 %, 42 %, 44000 MiB, 259.37 W
2026/08/26 21:13:29.267, 0, 0 %, 0 %, 45020 MiB, 241.00 W
2026/08/26 21:13:29.267, 1, 1 %, 0 %, 44000 MiB, 251.86 W
2026/08/26 21:13:29.768, 0, 0 %, 0 %, 45020 MiB, 230.13 W
2026/08/26 21:13:29.768, 1, 1 %, 0 %, 44000 MiB, 229.65 W
2026/08/26 21:13:30.268, 0, 82 %, 90 %, 45020 MiB, 246.07 W
2026/08/26 21:13:30.268, 1, 63 %, 71 %, 44000 MiB, 237.93 W
2026/08/26 21:13:30.768, 0, 82 %, 90 %, 45020 MiB, 232.31 W
2026/08/26 21:13:30.769, 1, 63 %, 71 %, 44000 MiB, 237.18 W
2026/08/26 21:13:31.269, 0, 100 %, 42 %, 45020 MiB, 229.62 W
2026/08/26 21:13:31.269, 1, 100 %, 42 %, 44000 MiB, 235.51 W
2026/08/26 21:13:31.769, 0, 100 %, 42 %, 45020 MiB, 254.56 W
2026/08/26 21:13:31.769, 1, 100 %, 42 %, 44000 MiB, 260.24 W
2026/08/26 21:13:32.270, 0, 100 %, 42 %, 45020 MiB, 258.11 W
2026/08/26 21:13:32.270, 1, 100 %, 41 %, 44000 MiB, 261.26 W
2026/08/26 21:13:32.770, 0, 100 %, 42 %, 45020 MiB, 236.17 W
2026/08/26 21:13:32.770, 1, 100 %, 41 %, 44000 MiB, 244.55 W
2026/08/26 21:13:33.270, 0, 100 %, 41 %, 45020 MiB, 233.68 W
2026/08/26 21:13:33.271, 1, 100 %, 41 %, 44000 MiB, 237.46 W
2026/08/26 21:13:33.771, 0, 100 %, 41 %, 45020 MiB, 251.53 W
2026/08/26 21:13:33.771, 1, 100 %, 41 %, 44000 MiB, 251.01 W
2026/08/26 21:13:34.271, 0, 100 %, 42 %, 45020 MiB, 260.20 W
2026/08/26 21:13:34.272, 1, 100 %, 43 %, 44000 MiB, 259.60 W
2026/08/26 21:13:34.772, 0, 100 %, 42 %, 45020 MiB, 248.49 W
2026/08/26 21:13:34.772, 1, 100 %, 43 %, 44000 MiB, 260.74 W
2026/08/26 21:13:35.272, 0, 100 %, 47 %, 45020 MiB, 236.22 W
2026/08/26 21:13:35.272, 1, 100 %, 52 %, 44000 MiB, 243.08 W
2026/08/26 21:13:35.773, 0, 100 %, 47 %, 45020 MiB, 240.42 W
2026/08/26 21:13:35.773, 1, 100 %, 52 %, 44000 MiB, 240.84 W
2026/08/26 21:13:36.273, 0, 100 %, 47 %, 45020 MiB, 257.08 W
2026/08/26 21:13:36.273, 1, 100 %, 49 %, 44000 MiB, 262.01 W
2026/08/26 21:13:36.774, 0, 100 %, 47 %, 45020 MiB, 259.42 W
2026/08/26 21:13:36.774, 1, 100 %, 49 %, 44000 MiB, 262.11 W
2026/08/26 21:13:37.274, 0, 100 %, 42 %, 45020 MiB, 229.56 W
2026/08/26 21:13:37.274, 1, 99 %, 49 %, 44000 MiB, 232.70 W
2026/08/26 21:13:37.774, 0, 100 %, 42 %, 45020 MiB, 227.75 W
2026/08/26 21:13:37.775, 1, 99 %, 49 %, 44000 MiB, 232.04 W
2026/08/26 21:13:38.275, 0, 100 %, 42 %, 45020 MiB, 259.38 W
2026/08/26 21:13:38.275, 1, 99 %, 37 %, 44000 MiB, 254.65 W
2026/08/26 21:13:38.775, 0, 100 %, 42 %, 45020 MiB, 261.31 W
2026/08/26 21:13:38.776, 1, 99 %, 37 %, 44000 MiB, 266.03 W
2026/08/26 21:13:39.276, 0, 100 %, 42 %, 45020 MiB, 255.17 W
2026/08/26 21:13:39.276, 1, 77 %, 23 %, 44000 MiB, 255.01 W
2026/08/26 21:13:39.776, 0, 100 %, 42 %, 45020 MiB, 261.86 W
2026/08/26 21:13:39.776, 1, 77 %, 23 %, 44000 MiB, 265.77 W
2026/08/26 21:13:40.277, 0, 99 %, 38 %, 45020 MiB, 250.77 W
2026/08/26 21:13:40.277, 1, 32 %, 1 %, 44000 MiB, 259.35 W
2026/08/26 21:13:40.777, 0, 99 %, 38 %, 45020 MiB, 259.63 W
2026/08/26 21:13:40.777, 1, 32 %, 1 %, 44000 MiB, 259.48 W
2026/08/26 21:13:41.277, 0, 0 %, 0 %, 45020 MiB, 249.04 W
2026/08/26 21:13:41.278, 1, 34 %, 37 %, 44000 MiB, 258.89 W
2026/08/26 21:13:41.778, 0, 0 %, 0 %, 45020 MiB, 232.72 W
2026/08/26 21:13:41.778, 1, 34 %, 37 %, 44000 MiB, 240.80 W
2026/08/26 21:13:42.278, 0, 100 %, 87 %, 45020 MiB, 236.62 W
2026/08/26 21:13:42.279, 1, 100 %, 42 %, 44000 MiB, 238.21 W
2026/08/26 21:13:42.779, 0, 100 %, 87 %, 45020 MiB, 253.70 W
2026/08/26 21:13:42.779, 1, 100 %, 42 %, 44000 MiB, 258.84 W
2026/08/26 21:13:43.279, 0, 100 %, 42 %, 45020 MiB, 255.19 W
2026/08/26 21:13:43.279, 1, 100 %, 45 %, 44000 MiB, 258.51 W
2026/08/26 21:13:43.780, 0, 100 %, 42 %, 45020 MiB, 257.17 W
2026/08/26 21:13:43.780, 1, 100 %, 45 %, 44000 MiB, 262.31 W
2026/08/26 21:13:44.280, 0, 100 %, 41 %, 45020 MiB, 260.79 W
2026/08/26 21:13:44.280, 1, 100 %, 41 %, 44000 MiB, 266.06 W
2026/08/26 21:13:44.781, 0, 100 %, 41 %, 45020 MiB, 233.83 W
2026/08/26 21:13:44.781, 1, 100 %, 41 %, 44000 MiB, 250.57 W
2026/08/26 21:13:45.281, 0, 100 %, 43 %, 45020 MiB, 230.74 W
2026/08/26 21:13:45.281, 1, 100 %, 45 %, 44000 MiB, 235.00 W
2026/08/26 21:13:45.781, 0, 100 %, 43 %, 45020 MiB, 248.48 W
2026/08/26 21:13:45.782, 1, 100 %, 45 %, 44000 MiB, 250.25 W
2026/08/26 21:13:46.282, 0, 100 %, 43 %, 45020 MiB, 256.62 W
2026/08/26 21:13:46.282, 1, 100 %, 46 %, 44000 MiB, 261.04 W
2026/08/26 21:13:46.782, 0, 100 %, 43 %, 45020 MiB, 254.81 W
2026/08/26 21:13:46.783, 1, 100 %, 46 %, 44000 MiB, 260.91 W
2026/08/26 21:13:47.283, 0, 100 %, 49 %, 45020 MiB, 234.58 W
2026/08/26 21:13:47.283, 1, 100 %, 42 %, 44000 MiB, 239.86 W
2026/08/26 21:13:47.783, 0, 100 %, 49 %, 45020 MiB, 230.99 W
2026/08/26 21:13:47.783, 1, 100 %, 42 %, 44000 MiB, 235.52 W
2026/08/26 21:13:48.284, 0, 100 %, 43 %, 45020 MiB, 257.49 W
2026/08/26 21:13:48.284, 1, 100 %, 42 %, 44000 MiB, 262.04 W
2026/08/26 21:13:48.784, 0, 100 %, 43 %, 45020 MiB, 260.50 W
2026/08/26 21:13:48.784, 1, 100 %, 42 %, 44000 MiB, 264.54 W
2026/08/26 21:13:49.285, 0, 100 %, 43 %, 45020 MiB, 262.30 W
2026/08/26 21:13:49.285, 1, 100 %, 42 %, 44000 MiB, 265.68 W
2026/08/26 21:13:49.785, 0, 100 %, 43 %, 45020 MiB, 262.95 W
2026/08/26 21:13:49.785, 1, 100 %, 42 %, 44000 MiB, 265.91 W
2026/08/26 21:13:50.286, 0, 85 %, 27 %, 45020 MiB, 240.67 W
2026/08/26 21:13:50.286, 1, 4 %, 0 %, 44000 MiB, 242.45 W
2026/08/26 21:13:50.786, 0, 85 %, 27 %, 45020 MiB, 234.29 W
2026/08/26 21:13:50.786, 1, 4 %, 0 %, 44000 MiB, 239.34 W
2026/08/26 21:13:51.286, 0, 46 %, 5 %, 45020 MiB, 250.30 W
2026/08/26 21:13:51.287, 1, 65 %, 71 %, 44000 MiB, 254.64 W
2026/08/26 21:13:51.787, 0, 46 %, 5 %, 45020 MiB, 262.40 W
2026/08/26 21:13:51.787, 1, 65 %, 71 %, 44000 MiB, 267.48 W
2026/08/26 21:13:52.287, 0, 34 %, 38 %, 45020 MiB, 256.83 W
2026/08/26 21:13:52.287, 1, 100 %, 100 %, 44000 MiB, 261.84 W
2026/08/26 21:13:52.788, 0, 34 %, 38 %, 45020 MiB, 257.22 W
2026/08/26 21:13:52.788, 1, 100 %, 100 %, 44000 MiB, 261.91 W
2026/08/26 21:13:53.288, 0, 94 %, 100 %, 45020 MiB, 259.19 W
2026/08/26 21:13:53.288, 1, 100 %, 58 %, 44000 MiB, 262.30 W
2026/08/26 21:13:53.788, 0, 94 %, 100 %, 45020 MiB, 258.58 W
2026/08/26 21:13:53.789, 1, 100 %, 58 %, 44000 MiB, 263.45 W
2026/08/26 21:13:54.289, 0, 100 %, 71 %, 45020 MiB, 258.86 W
2026/08/26 21:13:54.289, 1, 100 %, 41 %, 44000 MiB, 265.24 W
2026/08/26 21:13:54.789, 0, 100 %, 71 %, 45020 MiB, 257.13 W
2026/08/26 21:13:54.790, 1, 100 %, 41 %, 44000 MiB, 263.24 W
2026/08/26 21:13:55.290, 0, 100 %, 41 %, 45020 MiB, 259.58 W
2026/08/26 21:13:55.290, 1, 100 %, 41 %, 44000 MiB, 264.18 W
2026/08/26 21:13:55.790, 0, 100 %, 41 %, 45020 MiB, 235.36 W
2026/08/26 21:13:55.790, 1, 100 %, 41 %, 44000 MiB, 239.69 W
2026/08/26 21:13:56.291, 0, 100 %, 41 %, 45020 MiB, 233.03 W
2026/08/26 21:13:56.291, 1, 100 %, 42 %, 44000 MiB, 238.10 W
2026/08/26 21:13:56.791, 0, 100 %, 41 %, 45020 MiB, 249.39 W
2026/08/26 21:13:56.791, 1, 100 %, 42 %, 44000 MiB, 255.74 W
2026/08/26 21:13:57.292, 0, 100 %, 41 %, 45020 MiB, 255.18 W
2026/08/26 21:13:57.292, 1, 100 %, 42 %, 44000 MiB, 260.19 W
2026/08/26 21:13:57.792, 0, 100 %, 41 %, 45020 MiB, 253.28 W
2026/08/26 21:13:57.792, 1, 100 %, 42 %, 44000 MiB, 258.17 W
2026/08/26 21:13:58.292, 0, 100 %, 43 %, 45020 MiB, 259.56 W
2026/08/26 21:13:58.293, 1, 100 %, 41 %, 44000 MiB, 267.54 W
2026/08/26 21:13:58.793, 0, 100 %, 43 %, 45020 MiB, 258.93 W
2026/08/26 21:13:58.793, 1, 100 %, 41 %, 44000 MiB, 264.62 W
2026/08/26 21:13:59.293, 0, 100 %, 48 %, 45020 MiB, 240.49 W
2026/08/26 21:13:59.293, 1, 100 %, 49 %, 44000 MiB, 245.84 W
2026/08/26 21:13:59.794, 0, 100 %, 48 %, 45020 MiB, 234.72 W
2026/08/26 21:13:59.794, 1, 100 %, 49 %, 44000 MiB, 238.95 W
2026/08/26 21:14:00.294, 0, 100 %, 42 %, 45020 MiB, 255.73 W
2026/08/26 21:14:00.294, 1, 100 %, 42 %, 44000 MiB, 259.90 W
2026/08/26 21:14:00.795, 0, 100 %, 42 %, 45020 MiB, 257.91 W
2026/08/26 21:14:00.795, 1, 100 %, 42 %, 44000 MiB, 262.27 W
2026/08/26 21:14:01.295, 0, 100 %, 42 %, 45020 MiB, 259.96 W
2026/08/26 21:14:01.295, 1, 100 %, 42 %, 44000 MiB, 264.53 W
2026/08/26 21:14:01.795, 0, 100 %, 42 %, 45020 MiB, 260.24 W
2026/08/26 21:14:01.796, 1, 100 %, 42 %, 44000 MiB, 265.55 W
2026/08/26 21:14:02.296, 0, 100 %, 50 %, 45020 MiB, 257.77 W
2026/08/26 21:14:02.296, 1, 100 %, 42 %, 44000 MiB, 262.97 W
2026/08/26 21:14:02.796, 0, 100 %, 50 %, 45020 MiB, 259.38 W
2026/08/26 21:14:02.796, 1, 100 %, 42 %, 44000 MiB, 264.65 W
2026/08/26 21:14:03.297, 0, 90 %, 30 %, 45020 MiB, 253.26 W
2026/08/26 21:14:03.297, 1, 99 %, 36 %, 44000 MiB, 259.77 W
2026/08/26 21:14:03.797, 0, 90 %, 30 %, 45020 MiB, 262.04 W
2026/08/26 21:14:03.797, 1, 99 %, 36 %, 44000 MiB, 269.14 W
2026/08/26 21:14:04.298, 0, 24 %, 1 %, 45020 MiB, 256.29 W
2026/08/26 21:14:04.298, 1, 42 %, 2 %, 44000 MiB, 259.99 W
2026/08/26 21:14:04.798, 0, 24 %, 1 %, 45020 MiB, 259.29 W
2026/08/26 21:14:04.798, 1, 42 %, 2 %, 44000 MiB, 265.44 W
2026/08/26 21:14:05.299, 0, 45 %, 50 %, 45020 MiB, 259.70 W
2026/08/26 21:14:05.299, 1, 27 %, 29 %, 44000 MiB, 263.90 W
2026/08/26 21:14:05.799, 0, 45 %, 50 %, 45020 MiB, 238.98 W
2026/08/26 21:14:05.799, 1, 27 %, 29 %, 44000 MiB, 244.02 W
2026/08/26 21:14:06.299, 0, 100 %, 41 %, 45020 MiB, 235.20 W
2026/08/26 21:14:06.300, 1, 100 %, 44 %, 44000 MiB, 239.25 W
2026/08/26 21:14:06.800, 0, 100 %, 41 %, 45020 MiB, 260.22 W
2026/08/26 21:14:06.800, 1, 100 %, 44 %, 44000 MiB, 264.43 W
2026/08/26 21:14:07.300, 0, 100 %, 43 %, 45020 MiB, 258.43 W
2026/08/26 21:14:07.301, 1, 100 %, 41 %, 44000 MiB, 263.21 W
2026/08/26 21:14:07.801, 0, 100 %, 43 %, 45020 MiB, 246.10 W
2026/08/26 21:14:07.801, 1, 100 %, 41 %, 44000 MiB, 248.35 W
2026/08/26 21:14:08.301, 0, 100 %, 41 %, 45020 MiB, 235.54 W
2026/08/26 21:14:08.301, 1, 100 %, 41 %, 44000 MiB, 241.71 W
2026/08/26 21:14:08.801, 0, 100 %, 41 %, 45020 MiB, 251.80 W
2026/08/26 21:14:08.802, 1, 100 %, 41 %, 44000 MiB, 259.14 W
2026/08/26 21:14:09.302, 0, 100 %, 48 %, 45020 MiB, 235.84 W
2026/08/26 21:14:09.302, 1, 100 %, 49 %, 44000 MiB, 240.35 W
2026/08/26 21:14:09.802, 0, 100 %, 48 %, 45020 MiB, 233.19 W
2026/08/26 21:14:09.803, 1, 100 %, 49 %, 44000 MiB, 237.35 W
2026/08/26 21:14:10.303, 0, 100 %, 42 %, 45020 MiB, 255.85 W
2026/08/26 21:14:10.303, 1, 100 %, 41 %, 44000 MiB, 259.48 W
2026/08/26 21:14:10.803, 0, 100 %, 42 %, 45020 MiB, 257.10 W
2026/08/26 21:14:10.803, 1, 100 %, 41 %, 44000 MiB, 259.89 W
2026/08/26 21:14:11.304, 0, 100 %, 42 %, 45020 MiB, 261.64 W
2026/08/26 21:14:11.304, 1, 100 %, 41 %, 44000 MiB, 265.61 W
2026/08/26 21:14:11.804, 0, 100 %, 42 %, 45020 MiB, 261.76 W
2026/08/26 21:14:11.804, 1, 100 %, 41 %, 44000 MiB, 266.50 W
2026/08/26 21:14:12.305, 0, 1 %, 0 %, 45020 MiB, 254.00 W
2026/08/26 21:14:12.305, 1, 9 %, 1 %, 44000 MiB, 259.72 W
2026/08/26 21:14:12.805, 0, 1 %, 0 %, 45020 MiB, 234.97 W
2026/08/26 21:14:12.805, 1, 9 %, 1 %, 44000 MiB, 240.56 W
2026/08/26 21:14:13.305, 0, 94 %, 100 %, 45020 MiB, 242.82 W
2026/08/26 21:14:13.306, 1, 75 %, 82 %, 44000 MiB, 251.86 W
2026/08/26 21:14:13.806, 0, 94 %, 100 %, 45020 MiB, 256.67 W
2026/08/26 21:14:13.806, 1, 75 %, 82 %, 44000 MiB, 263.14 W
2026/08/26 21:14:14.306, 0, 100 %, 55 %, 45020 MiB, 257.77 W
2026/08/26 21:14:14.307, 1, 100 %, 68 %, 44000 MiB, 264.02 W
2026/08/26 21:14:14.807, 0, 100 %, 55 %, 45020 MiB, 234.29 W
2026/08/26 21:14:14.807, 1, 100 %, 68 %, 44000 MiB, 239.18 W
2026/08/26 21:14:15.307, 0, 100 %, 40 %, 45020 MiB, 230.99 W
2026/08/26 21:14:15.307, 1, 100 %, 41 %, 44000 MiB, 234.56 W
2026/08/26 21:14:15.808, 0, 100 %, 40 %, 45020 MiB, 254.75 W
2026/08/26 21:14:15.808, 1, 100 %, 41 %, 44000 MiB, 261.07 W
2026/08/26 21:14:16.308, 0, 100 %, 41 %, 45020 MiB, 258.30 W
2026/08/26 21:14:16.308, 1, 100 %, 41 %, 44000 MiB, 264.60 W
2026/08/26 21:14:16.809, 0, 100 %, 41 %, 45020 MiB, 256.30 W
2026/08/26 21:14:16.809, 1, 100 %, 41 %, 44000 MiB, 260.10 W
2026/08/26 21:14:17.309, 0, 100 %, 41 %, 45020 MiB, 262.50 W
2026/08/26 21:14:17.309, 1, 100 %, 42 %, 44000 MiB, 268.73 W
2026/08/26 21:14:17.810, 0, 100 %, 41 %, 45020 MiB, 261.02 W
2026/08/26 21:14:17.810, 1, 100 %, 42 %, 44000 MiB, 265.68 W
2026/08/26 21:14:18.310, 0, 100 %, 45 %, 45020 MiB, 258.95 W
2026/08/26 21:14:18.310, 1, 100 %, 42 %, 44000 MiB, 264.48 W
2026/08/26 21:14:18.810, 0, 100 %, 45 %, 45020 MiB, 257.32 W
2026/08/26 21:14:18.811, 1, 100 %, 42 %, 44000 MiB, 261.70 W
2026/08/26 21:14:19.311, 0, 100 %, 50 %, 45020 MiB, 257.18 W
2026/08/26 21:14:19.311, 1, 100 %, 49 %, 44000 MiB, 263.40 W
2026/08/26 21:14:19.811, 0, 100 %, 50 %, 45020 MiB, 257.74 W
2026/08/26 21:14:19.811, 1, 100 %, 49 %, 44000 MiB, 264.12 W
2026/08/26 21:14:20.311, 0, 100 %, 42 %, 45020 MiB, 259.10 W
2026/08/26 21:14:20.312, 1, 100 %, 41 %, 44000 MiB, 264.11 W
2026/08/26 21:14:20.812, 0, 100 %, 42 %, 45020 MiB, 259.57 W
2026/08/26 21:14:20.812, 1, 100 %, 41 %, 44000 MiB, 265.03 W
2026/08/26 21:14:21.312, 0, 100 %, 42 %, 45020 MiB, 257.52 W
2026/08/26 21:14:21.313, 1, 100 %, 41 %, 44000 MiB, 262.95 W
2026/08/26 21:14:21.813, 0, 100 %, 42 %, 45020 MiB, 259.99 W
2026/08/26 21:14:21.813, 1, 100 %, 41 %, 44000 MiB, 265.01 W
2026/08/26 21:14:22.313, 0, 1 %, 0 %, 45020 MiB, 256.31 W
2026/08/26 21:14:22.313, 1, 12 %, 1 %, 44000 MiB, 258.45 W
2026/08/26 21:14:22.814, 0, 1 %, 0 %, 45020 MiB, 233.60 W
2026/08/26 21:14:22.814, 1, 12 %, 1 %, 44000 MiB, 238.55 W
2026/08/26 21:14:23.314, 0, 96 %, 100 %, 45020 MiB, 244.62 W
2026/08/26 21:14:23.314, 1, 77 %, 85 %, 44000 MiB, 252.21 W
2026/08/26 21:14:23.814, 0, 96 %, 100 %, 45020 MiB, 237.70 W
2026/08/26 21:14:23.815, 1, 77 %, 85 %, 44000 MiB, 243.39 W
2026/08/26 21:14:24.315, 0, 100 %, 41 %, 45020 MiB, 230.95 W
2026/08/26 21:14:24.315, 1, 100 %, 40 %, 44000 MiB, 236.16 W
2026/08/26 21:14:24.815, 0, 100 %, 41 %, 45020 MiB, 246.59 W
2026/08/26 21:14:24.815, 1, 100 %, 40 %, 44000 MiB, 248.18 W
2026/08/26 21:14:25.316, 0, 100 %, 42 %, 45020 MiB, 230.83 W
2026/08/26 21:14:25.316, 1, 100 %, 43 %, 44000 MiB, 233.13 W
2026/08/26 21:14:25.816, 0, 100 %, 42 %, 45020 MiB, 248.91 W
2026/08/26 21:14:25.816, 1, 100 %, 43 %, 44000 MiB, 258.55 W
2026/08/26 21:14:26.317, 0, 100 %, 46 %, 45020 MiB, 259.92 W
2026/08/26 21:14:26.317, 1, 100 %, 43 %, 44000 MiB, 267.18 W
2026/08/26 21:14:26.817, 0, 100 %, 46 %, 45020 MiB, 259.88 W
2026/08/26 21:14:26.817, 1, 100 %, 43 %, 44000 MiB, 264.71 W
2026/08/26 21:14:27.318, 0, 100 %, 42 %, 45020 MiB, 237.83 W
2026/08/26 21:14:27.318, 1, 100 %, 41 %, 44000 MiB, 242.32 W
2026/08/26 21:14:27.818, 0, 100 %, 42 %, 45020 MiB, 233.31 W
2026/08/26 21:14:27.818, 1, 100 %, 41 %, 44000 MiB, 239.18 W
2026/08/26 21:14:28.318, 0, 15 %, 1 %, 45020 MiB, 249.81 W
2026/08/26 21:14:28.319, 1, 34 %, 1 %, 44000 MiB, 255.86 W
2026/08/26 21:14:28.819, 0, 15 %, 1 %, 45020 MiB, 232.53 W
2026/08/26 21:14:28.819, 1, 34 %, 1 %, 44000 MiB, 239.50 W
2026/08/26 21:14:29.319, 0, 75 %, 82 %, 45020 MiB, 245.85 W
2026/08/26 21:14:29.319, 1, 56 %, 63 %, 44000 MiB, 255.50 W
2026/08/26 21:14:29.820, 0, 75 %, 82 %, 45020 MiB, 234.82 W
2026/08/26 21:14:29.820, 1, 56 %, 63 %, 44000 MiB, 240.82 W
2026/08/26 21:14:30.320, 0, 100 %, 40 %, 45020 MiB, 230.81 W
2026/08/26 21:14:30.320, 1, 100 %, 41 %, 44000 MiB, 238.00 W
2026/08/26 21:14:30.821, 0, 100 %, 40 %, 45020 MiB, 259.72 W
2026/08/26 21:14:30.821, 1, 100 %, 41 %, 44000 MiB, 264.80 W
2026/08/26 21:14:31.321, 0, 100 %, 43 %, 45020 MiB, 259.30 W
2026/08/26 21:14:31.321, 1, 100 %, 41 %, 44000 MiB, 264.88 W
2026/08/26 21:14:31.821, 0, 100 %, 43 %, 45020 MiB, 256.78 W
2026/08/26 21:14:31.822, 1, 100 %, 41 %, 44000 MiB, 260.72 W
2026/08/26 21:14:32.322, 0, 100 %, 43 %, 45020 MiB, 233.54 W
2026/08/26 21:14:32.322, 1, 100 %, 41 %, 44000 MiB, 239.06 W
2026/08/26 21:14:32.822, 0, 100 %, 43 %, 45020 MiB, 240.69 W
2026/08/26 21:14:32.823, 1, 100 %, 41 %, 44000 MiB, 249.67 W
2026/08/26 21:14:33.323, 0, 100 %, 42 %, 45020 MiB, 236.96 W
2026/08/26 21:14:33.323, 1, 100 %, 41 %, 44000 MiB, 242.26 W
2026/08/26 21:14:33.823, 0, 100 %, 42 %, 45020 MiB, 233.60 W
2026/08/26 21:14:33.823, 1, 100 %, 41 %, 44000 MiB, 238.71 W
2026/08/26 21:14:34.324, 0, 100 %, 43 %, 45020 MiB, 259.24 W
2026/08/26 21:14:34.324, 1, 100 %, 41 %, 44000 MiB, 264.95 W
2026/08/26 21:14:34.824, 0, 100 %, 43 %, 45020 MiB, 259.63 W
2026/08/26 21:14:34.824, 1, 100 %, 41 %, 44000 MiB, 264.96 W
2026/08/26 21:14:35.325, 0, 0 %, 0 %, 45020 MiB, 256.64 W
2026/08/26 21:14:35.325, 1, 0 %, 0 %, 44000 MiB, 264.06 W
2026/08/26 21:14:35.825, 0, 0 %, 0 %, 45020 MiB, 236.89 W
2026/08/26 21:14:35.825, 1, 0 %, 0 %, 44000 MiB, 244.84 W
2026/08/26 21:14:36.325, 0, 100 %, 96 %, 45020 MiB, 243.49 W
2026/08/26 21:14:36.326, 1, 100 %, 100 %, 44000 MiB, 252.39 W
2026/08/26 21:14:36.826, 0, 100 %, 96 %, 45020 MiB, 235.90 W
2026/08/26 21:14:36.826, 1, 100 %, 100 %, 44000 MiB, 242.13 W
2026/08/26 21:14:37.326, 0, 100 %, 40 %, 45020 MiB, 233.75 W
2026/08/26 21:14:37.327, 1, 100 %, 40 %, 44000 MiB, 239.58 W
2026/08/26 21:14:37.827, 0, 100 %, 40 %, 45020 MiB, 259.33 W
2026/08/26 21:14:37.827, 1, 100 %, 40 %, 44000 MiB, 266.21 W
2026/08/26 21:14:38.327, 0, 100 %, 40 %, 45020 MiB, 259.81 W
2026/08/26 21:14:38.328, 1, 100 %, 41 %, 44000 MiB, 266.40 W
2026/08/26 21:14:38.828, 0, 100 %, 40 %, 45020 MiB, 264.94 W
2026/08/26 21:14:38.828, 1, 100 %, 41 %, 44000 MiB, 267.25 W
2026/08/26 21:14:39.328, 0, 100 %, 41 %, 45020 MiB, 258.69 W
2026/08/26 21:14:39.328, 1, 100 %, 40 %, 44000 MiB, 266.44 W
2026/08/26 21:14:39.829, 0, 100 %, 41 %, 45020 MiB, 258.24 W
2026/08/26 21:14:39.829, 1, 100 %, 40 %, 44000 MiB, 265.08 W
2026/08/26 21:14:40.329, 0, 100 %, 48 %, 45020 MiB, 240.39 W
2026/08/26 21:14:40.329, 1, 100 %, 49 %, 44000 MiB, 243.11 W
2026/08/26 21:14:40.830, 0, 100 %, 48 %, 45020 MiB, 238.01 W
2026/08/26 21:14:40.830, 1, 100 %, 49 %, 44000 MiB, 241.34 W
2026/08/26 21:14:41.330, 0, 99 %, 45 %, 45020 MiB, 235.77 W
2026/08/26 21:14:41.330, 1, 100 %, 45 %, 44000 MiB, 240.43 W
2026/08/26 21:14:41.830, 0, 99 %, 45 %, 45020 MiB, 233.82 W
2026/08/26 21:14:41.831, 1, 100 %, 45 %, 44000 MiB, 240.29 W
2026/08/26 21:14:42.331, 0, 0 %, 0 %, 45020 MiB, 257.88 W
2026/08/26 21:14:42.331, 1, 0 %, 0 %, 44000 MiB, 272.75 W
2026/08/26 21:14:42.831, 0, 0 %, 0 %, 45020 MiB, 236.51 W
2026/08/26 21:14:42.832, 1, 0 %, 0 %, 44000 MiB, 240.22 W
2026/08/26 21:14:43.332, 0, 100 %, 47 %, 45020 MiB, 236.09 W
2026/08/26 21:14:43.332, 1, 100 %, 62 %, 44000 MiB, 244.06 W
2026/08/26 21:14:43.832, 0, 100 %, 47 %, 45020 MiB, 228.53 W
2026/08/26 21:14:43.832, 1, 100 %, 62 %, 44000 MiB, 234.39 W
2026/08/26 21:14:44.333, 0, 100 %, 40 %, 45020 MiB, 225.40 W
2026/08/26 21:14:44.333, 1, 100 %, 39 %, 44000 MiB, 232.06 W
2026/08/26 21:14:44.833, 0, 100 %, 40 %, 45020 MiB, 255.82 W
2026/08/26 21:14:44.833, 1, 100 %, 39 %, 44000 MiB, 263.39 W
2026/08/26 21:14:45.333, 0, 100 %, 50 %, 45020 MiB, 234.35 W
2026/08/26 21:14:45.334, 1, 100 %, 51 %, 44000 MiB, 240.26 W
2026/08/26 21:14:45.834, 0, 100 %, 50 %, 45020 MiB, 236.77 W
2026/08/26 21:14:45.834, 1, 100 %, 51 %, 44000 MiB, 246.25 W
2026/08/26 21:14:46.334, 0, 100 %, 42 %, 45020 MiB, 231.21 W
2026/08/26 21:14:46.335, 1, 100 %, 42 %, 44000 MiB, 241.81 W
2026/08/26 21:14:46.835, 0, 100 %, 42 %, 45020 MiB, 230.99 W
2026/08/26 21:14:46.835, 1, 100 %, 42 %, 44000 MiB, 236.96 W
2026/08/26 21:14:47.335, 0, 77 %, 23 %, 45020 MiB, 258.34 W
2026/08/26 21:14:47.335, 1, 95 %, 32 %, 44000 MiB, 262.99 W
2026/08/26 21:14:47.836, 0, 77 %, 23 %, 45020 MiB, 258.48 W
2026/08/26 21:14:47.836, 1, 95 %, 32 %, 44000 MiB, 264.39 W
2026/08/26 21:14:48.336, 0, 19 %, 20 %, 45020 MiB, 259.06 W
2026/08/26 21:14:48.336, 1, 15 %, 1 %, 44000 MiB, 265.15 W
2026/08/26 21:14:48.837, 0, 19 %, 20 %, 45020 MiB, 262.52 W
2026/08/26 21:14:48.837, 1, 15 %, 1 %, 44000 MiB, 268.47 W
2026/08/26 21:14:49.337, 0, 99 %, 100 %, 45020 MiB, 262.64 W
2026/08/26 21:14:49.337, 1, 80 %, 91 %, 44000 MiB, 267.25 W
2026/08/26 21:14:49.837, 0, 99 %, 100 %, 45020 MiB, 241.30 W
2026/08/26 21:14:49.838, 1, 80 %, 91 %, 44000 MiB, 247.77 W
2026/08/26 21:14:50.338, 0, 100 %, 39 %, 45020 MiB, 236.52 W
2026/08/26 21:14:50.338, 1, 100 %, 39 %, 44000 MiB, 242.84 W
2026/08/26 21:14:50.838, 0, 100 %, 39 %, 45020 MiB, 247.90 W
2026/08/26 21:14:50.838, 1, 100 %, 39 %, 44000 MiB, 250.53 W
2026/08/26 21:14:51.339, 0, 100 %, 40 %, 45020 MiB, 231.92 W
2026/08/26 21:14:51.339, 1, 100 %, 39 %, 44000 MiB, 239.37 W
2026/08/26 21:14:51.839, 0, 100 %, 40 %, 45020 MiB, 250.37 W
2026/08/26 21:14:51.839, 1, 100 %, 39 %, 44000 MiB, 261.61 W
2026/08/26 21:14:52.340, 0, 100 %, 42 %, 45020 MiB, 239.57 W
2026/08/26 21:14:52.340, 1, 100 %, 42 %, 44000 MiB, 245.23 W
2026/08/26 21:14:52.840, 0, 100 %, 42 %, 45020 MiB, 235.88 W
2026/08/26 21:14:52.840, 1, 100 %, 42 %, 44000 MiB, 241.57 W
2026/08/26 21:14:53.340, 0, 100 %, 42 %, 45020 MiB, 261.73 W
2026/08/26 21:14:53.341, 1, 100 %, 41 %, 44000 MiB, 267.46 W
2026/08/26 21:14:53.841, 0, 100 %, 42 %, 45020 MiB, 261.77 W
2026/08/26 21:14:53.841, 1, 100 %, 41 %, 44000 MiB, 267.72 W
2026/08/26 21:14:54.341, 0, 100 %, 42 %, 45020 MiB, 263.02 W
2026/08/26 21:14:54.342, 1, 100 %, 42 %, 44000 MiB, 270.64 W
2026/08/26 21:14:54.842, 0, 100 %, 42 %, 45020 MiB, 262.27 W
2026/08/26 21:14:54.842, 1, 100 %, 42 %, 44000 MiB, 269.87 W
2026/08/26 21:14:55.342, 0, 97 %, 32 %, 45020 MiB, 258.60 W
2026/08/26 21:14:55.342, 1, 99 %, 39 %, 44000 MiB, 266.46 W
2026/08/26 21:14:55.843, 0, 97 %, 32 %, 45020 MiB, 262.54 W
2026/08/26 21:14:55.843, 1, 99 %, 39 %, 44000 MiB, 271.02 W
2026/08/26 21:14:56.343, 0, 9 %, 10 %, 45020 MiB, 261.91 W
2026/08/26 21:14:56.343, 1, 0 %, 0 %, 44000 MiB, 267.79 W
2026/08/26 21:14:56.844, 0, 9 %, 10 %, 45020 MiB, 237.97 W
2026/08/26 21:14:56.844, 1, 0 %, 0 %, 44000 MiB, 241.09 W
2026/08/26 21:14:57.344, 0, 100 %, 39 %, 45020 MiB, 238.38 W
2026/08/26 21:14:57.344, 1, 100 %, 39 %, 44000 MiB, 242.38 W
2026/08/26 21:14:57.844, 0, 100 %, 39 %, 45020 MiB, 238.23 W
2026/08/26 21:14:57.845, 1, 100 %, 39 %, 44000 MiB, 245.71 W
2026/08/26 21:14:58.345, 0, 100 %, 40 %, 45020 MiB, 235.51 W
2026/08/26 21:14:58.345, 1, 100 %, 39 %, 44000 MiB, 242.32 W
2026/08/26 21:14:58.845, 0, 100 %, 40 %, 45020 MiB, 258.25 W
2026/08/26 21:14:58.845, 1, 100 %, 39 %, 44000 MiB, 264.64 W
2026/08/26 21:14:59.346, 0, 100 %, 51 %, 45020 MiB, 235.67 W
2026/08/26 21:14:59.346, 1, 100 %, 45 %, 44000 MiB, 241.17 W
2026/08/26 21:14:59.846, 0, 100 %, 51 %, 45020 MiB, 240.66 W
2026/08/26 21:14:59.846, 1, 100 %, 45 %, 44000 MiB, 246.37 W
2026/08/26 21:15:00.346, 0, 100 %, 47 %, 45020 MiB, 260.74 W
2026/08/26 21:15:00.347, 1, 100 %, 47 %, 44000 MiB, 265.37 W
2026/08/26 21:15:00.847, 0, 100 %, 47 %, 45020 MiB, 259.17 W
2026/08/26 21:15:00.847, 1, 100 %, 47 %, 44000 MiB, 264.35 W
2026/08/26 21:15:01.347, 0, 100 %, 42 %, 45020 MiB, 262.01 W
2026/08/26 21:15:01.347, 1, 100 %, 42 %, 44000 MiB, 267.40 W
2026/08/26 21:15:01.848, 0, 100 %, 42 %, 45020 MiB, 263.93 W
2026/08/26 21:15:01.848, 1, 100 %, 42 %, 44000 MiB, 270.58 W
2026/08/26 21:15:02.348, 0, 100 %, 42 %, 45020 MiB, 265.73 W
2026/08/26 21:15:02.348, 1, 100 %, 42 %, 44000 MiB, 271.94 W
2026/08/26 21:15:02.849, 0, 100 %, 42 %, 45020 MiB, 265.75 W
2026/08/26 21:15:02.849, 1, 100 %, 42 %, 44000 MiB, 271.62 W
2026/08/26 21:15:03.349, 0, 0 %, 0 %, 45020 MiB, 259.64 W
2026/08/26 21:15:03.349, 1, 1 %, 0 %, 44000 MiB, 261.44 W
2026/08/26 21:15:03.849, 0, 0 %, 0 %, 45020 MiB, 235.35 W
2026/08/26 21:15:03.850, 1, 1 %, 0 %, 44000 MiB, 242.45 W
2026/08/26 21:15:04.350, 0, 100 %, 96 %, 45020 MiB, 243.98 W
2026/08/26 21:15:04.350, 1, 100 %, 100 %, 44000 MiB, 254.06 W
2026/08/26 21:15:04.850, 0, 100 %, 96 %, 45020 MiB, 259.17 W
2026/08/26 21:15:04.851, 1, 100 %, 100 %, 44000 MiB, 265.41 W
2026/08/26 21:15:05.351, 0, 100 %, 38 %, 45020 MiB, 259.11 W
2026/08/26 21:15:05.351, 1, 100 %, 40 %, 44000 MiB, 265.75 W
2026/08/26 21:15:05.851, 0, 100 %, 38 %, 45020 MiB, 237.27 W
2026/08/26 21:15:05.852, 1, 100 %, 40 %, 44000 MiB, 242.74 W
2026/08/26 21:15:06.352, 0, 100 %, 43 %, 45020 MiB, 234.50 W
2026/08/26 21:15:06.352, 1, 100 %, 41 %, 44000 MiB, 241.15 W
2026/08/26 21:15:06.852, 0, 100 %, 43 %, 45020 MiB, 258.36 W
2026/08/26 21:15:06.852, 1, 100 %, 41 %, 44000 MiB, 274.07 W
2026/08/26 21:15:07.353, 0, 100 %, 41 %, 45020 MiB, 258.58 W
2026/08/26 21:15:07.353, 1, 100 %, 40 %, 44000 MiB, 262.45 W
2026/08/26 21:15:07.853, 0, 100 %, 41 %, 45020 MiB, 258.37 W
2026/08/26 21:15:07.853, 1, 100 %, 40 %, 44000 MiB, 265.67 W
2026/08/26 21:15:08.354, 0, 100 %, 42 %, 45020 MiB, 237.26 W
2026/08/26 21:15:08.354, 1, 100 %, 42 %, 44000 MiB, 244.73 W
2026/08/26 21:15:08.854, 0, 100 %, 42 %, 45020 MiB, 231.94 W
2026/08/26 21:15:08.854, 1, 100 %, 42 %, 44000 MiB, 239.45 W
2026/08/26 21:15:09.354, 0, 70 %, 20 %, 45020 MiB, 245.30 W
2026/08/26 21:15:09.355, 1, 88 %, 27 %, 44000 MiB, 247.95 W
2026/08/26 21:15:09.855, 0, 70 %, 20 %, 45020 MiB, 233.45 W
2026/08/26 21:15:09.855, 1, 88 %, 27 %, 44000 MiB, 239.48 W
2026/08/26 21:15:10.355, 0, 28 %, 31 %, 45020 MiB, 255.43 W
2026/08/26 21:15:10.356, 1, 10 %, 10 %, 44000 MiB, 260.44 W
2026/08/26 21:15:10.856, 0, 28 %, 31 %, 45020 MiB, 260.61 W
2026/08/26 21:15:10.856, 1, 10 %, 10 %, 44000 MiB, 267.16 W
2026/08/26 21:15:11.356, 0, 100 %, 88 %, 45020 MiB, 259.42 W
2026/08/26 21:15:11.356, 1, 100 %, 100 %, 44000 MiB, 265.93 W
2026/08/26 21:15:11.856, 0, 100 %, 88 %, 45020 MiB, 261.17 W
2026/08/26 21:15:11.857, 1, 100 %, 100 %, 44000 MiB, 268.59 W
2026/08/26 21:15:12.357, 0, 100 %, 38 %, 45020 MiB, 261.98 W
2026/08/26 21:15:12.357, 1, 100 %, 42 %, 44000 MiB, 269.68 W
2026/08/26 21:15:12.857, 0, 100 %, 38 %, 45020 MiB, 264.06 W
2026/08/26 21:15:12.858, 1, 100 %, 42 %, 44000 MiB, 271.15 W
2026/08/26 21:15:13.358, 0, 100 %, 39 %, 45020 MiB, 264.79 W
2026/08/26 21:15:13.358, 1, 100 %, 40 %, 44000 MiB, 271.05 W
2026/08/26 21:15:13.858, 0, 100 %, 39 %, 45020 MiB, 241.74 W
2026/08/26 21:15:13.858, 1, 100 %, 40 %, 44000 MiB, 246.09 W
2026/08/26 21:15:14.359, 0, 100 %, 41 %, 45020 MiB, 234.11 W
2026/08/26 21:15:14.359, 1, 100 %, 40 %, 44000 MiB, 242.29 W
2026/08/26 21:15:14.859, 0, 100 %, 41 %, 45020 MiB, 255.26 W
2026/08/26 21:15:14.859, 1, 100 %, 40 %, 44000 MiB, 266.26 W
2026/08/26 21:15:15.360, 0, 100 %, 46 %, 45020 MiB, 256.15 W
2026/08/26 21:15:15.360, 1, 100 %, 44 %, 44000 MiB, 260.53 W
2026/08/26 21:15:15.860, 0, 100 %, 46 %, 45020 MiB, 256.35 W
2026/08/26 21:15:15.860, 1, 100 %, 44 %, 44000 MiB, 260.85 W
2026/08/26 21:15:16.360, 0, 100 %, 48 %, 45020 MiB, 259.88 W
2026/08/26 21:15:16.361, 1, 100 %, 49 %, 44000 MiB, 267.51 W
2026/08/26 21:15:16.861, 0, 100 %, 48 %, 45020 MiB, 261.56 W
2026/08/26 21:15:16.861, 1, 100 %, 49 %, 44000 MiB, 268.25 W
2026/08/26 21:15:17.361, 0, 93 %, 30 %, 45020 MiB, 236.20 W
2026/08/26 21:15:17.362, 1, 99 %, 38 %, 44000 MiB, 237.59 W
2026/08/26 21:15:17.862, 0, 93 %, 30 %, 45020 MiB, 228.40 W
2026/08/26 21:15:17.862, 1, 99 %, 38 %, 44000 MiB, 227.23 W
2026/08/26 21:15:18.362, 0, 17 %, 19 %, 45020 MiB, 256.66 W
2026/08/26 21:15:18.362, 1, 0 %, 0 %, 44000 MiB, 265.27 W
2026/08/26 21:15:18.863, 0, 17 %, 19 %, 45020 MiB, 250.40 W
2026/08/26 21:15:18.863, 1, 0 %, 0 %, 44000 MiB, 255.90 W
2026/08/26 21:15:19.363, 0, 100 %, 73 %, 45020 MiB, 255.38 W
2026/08/26 21:15:19.363, 1, 100 %, 88 %, 44000 MiB, 260.18 W
2026/08/26 21:15:19.863, 0, 100 %, 73 %, 45020 MiB, 241.57 W
2026/08/26 21:15:19.864, 1, 100 %, 88 %, 44000 MiB, 247.34 W
2026/08/26 21:15:20.364, 0, 100 %, 38 %, 45020 MiB, 236.72 W
2026/08/26 21:15:20.364, 1, 100 %, 39 %, 44000 MiB, 242.58 W
2026/08/26 21:15:20.864, 0, 100 %, 38 %, 45020 MiB, 258.64 W
2026/08/26 21:15:20.865, 1, 100 %, 39 %, 44000 MiB, 265.86 W
2026/08/26 21:15:21.365, 0, 100 %, 39 %, 45020 MiB, 259.32 W
2026/08/26 21:15:21.365, 1, 100 %, 39 %, 44000 MiB, 262.03 W
2026/08/26 21:15:21.865, 0, 100 %, 39 %, 45020 MiB, 261.35 W
2026/08/26 21:15:21.866, 1, 100 %, 39 %, 44000 MiB, 266.04 W
2026/08/26 21:15:22.366, 0, 100 %, 41 %, 45020 MiB, 264.26 W
2026/08/26 21:15:22.366, 1, 100 %, 42 %, 44000 MiB, 270.00 W
2026/08/26 21:15:22.866, 0, 100 %, 41 %, 45020 MiB, 264.20 W
2026/08/26 21:15:22.866, 1, 100 %, 42 %, 44000 MiB, 269.19 W
2026/08/26 21:15:23.367, 0, 100 %, 42 %, 45020 MiB, 242.08 W
2026/08/26 21:15:23.367, 1, 100 %, 41 %, 44000 MiB, 247.33 W
2026/08/26 21:15:23.867, 0, 100 %, 42 %, 45020 MiB, 235.45 W
2026/08/26 21:15:23.867, 1, 100 %, 41 %, 44000 MiB, 241.81 W
2026/08/26 21:15:24.368, 0, 100 %, 42 %, 45020 MiB, 259.81 W
2026/08/26 21:15:24.368, 1, 100 %, 41 %, 44000 MiB, 264.93 W
2026/08/26 21:15:24.868, 0, 100 %, 42 %, 45020 MiB, 261.24 W
2026/08/26 21:15:24.868, 1, 100 %, 41 %, 44000 MiB, 261.75 W
2026/08/26 21:15:25.368, 0, 86 %, 27 %, 45020 MiB, 261.90 W
2026/08/26 21:15:25.369, 1, 99 %, 35 %, 44000 MiB, 267.62 W
2026/08/26 21:15:25.869, 0, 86 %, 27 %, 45020 MiB, 261.55 W
2026/08/26 21:15:25.869, 1, 99 %, 35 %, 44000 MiB, 267.65 W
2026/08/26 21:15:26.369, 0, 34 %, 30 %, 45020 MiB, 261.65 W
2026/08/26 21:15:26.370, 1, 34 %, 11 %, 44000 MiB, 267.83 W
2026/08/26 21:15:26.870, 0, 34 %, 30 %, 45020 MiB, 264.97 W
2026/08/26 21:15:26.870, 1, 34 %, 11 %, 44000 MiB, 272.14 W
2026/08/26 21:15:27.370, 0, 99 %, 100 %, 45020 MiB, 266.44 W
2026/08/26 21:15:27.371, 1, 80 %, 90 %, 44000 MiB, 271.38 W
2026/08/26 21:15:27.871, 0, 99 %, 100 %, 45020 MiB, 241.76 W
2026/08/26 21:15:27.871, 1, 80 %, 90 %, 44000 MiB, 247.67 W
2026/08/26 21:15:28.371, 0, 100 %, 39 %, 45020 MiB, 237.79 W
2026/08/26 21:15:28.371, 1, 100 %, 39 %, 44000 MiB, 243.12 W
2026/08/26 21:15:28.872, 0, 100 %, 39 %, 45020 MiB, 250.54 W
2026/08/26 21:15:28.872, 1, 100 %, 39 %, 44000 MiB, 254.53 W
2026/08/26 21:15:29.372, 0, 100 %, 41 %, 45020 MiB, 234.95 W
2026/08/26 21:15:29.372, 1, 100 %, 41 %, 44000 MiB, 243.24 W
2026/08/26 21:15:29.873, 0, 100 %, 41 %, 45020 MiB, 253.70 W
2026/08/26 21:15:29.873, 1, 100 %, 41 %, 44000 MiB, 260.97 W
2026/08/26 21:15:30.373, 0, 100 %, 44 %, 45020 MiB, 261.75 W
2026/08/26 21:15:30.373, 1, 100 %, 45 %, 44000 MiB, 268.67 W
2026/08/26 21:15:30.873, 0, 100 %, 44 %, 45020 MiB, 262.06 W
2026/08/26 21:15:30.874, 1, 100 %, 45 %, 44000 MiB, 267.85 W
2026/08/26 21:15:31.374, 0, 100 %, 48 %, 45020 MiB, 263.13 W
2026/08/26 21:15:31.374, 1, 100 %, 48 %, 44000 MiB, 269.28 W
2026/08/26 21:15:31.874, 0, 100 %, 48 %, 45020 MiB, 262.60 W
2026/08/26 21:15:31.875, 1, 100 %, 48 %, 44000 MiB, 268.96 W
2026/08/26 21:15:32.375, 0, 100 %, 41 %, 45020 MiB, 264.96 W
2026/08/26 21:15:32.375, 1, 100 %, 41 %, 44000 MiB, 270.18 W
2026/08/26 21:15:32.875, 0, 100 %, 41 %, 45020 MiB, 266.89 W
2026/08/26 21:15:32.876, 1, 100 %, 41 %, 44000 MiB, 271.99 W
2026/08/26 21:15:33.376, 0, 53 %, 11 %, 45020 MiB, 250.96 W
2026/08/26 21:15:33.376, 1, 71 %, 21 %, 44000 MiB, 254.18 W
2026/08/26 21:15:33.876, 0, 53 %, 11 %, 45020 MiB, 238.68 W
2026/08/26 21:15:33.876, 1, 71 %, 21 %, 44000 MiB, 245.65 W
2026/08/26 21:15:34.377, 0, 53 %, 58 %, 45020 MiB, 255.40 W
2026/08/26 21:15:34.377, 1, 34 %, 38 %, 44000 MiB, 264.51 W
2026/08/26 21:15:34.877, 0, 53 %, 58 %, 45020 MiB, 242.66 W
2026/08/26 21:15:34.877, 1, 34 %, 38 %, 44000 MiB, 248.04 W
2026/08/26 21:15:35.378, 0, 100 %, 38 %, 45020 MiB, 236.45 W
2026/08/26 21:15:35.378, 1, 100 %, 40 %, 44000 MiB, 242.73 W
2026/08/26 21:15:35.878, 0, 100 %, 38 %, 45020 MiB, 260.42 W
2026/08/26 21:15:35.878, 1, 100 %, 40 %, 44000 MiB, 267.72 W
2026/08/26 21:15:36.378, 0, 100 %, 38 %, 45020 MiB, 260.77 W
2026/08/26 21:15:36.379, 1, 100 %, 38 %, 44000 MiB, 266.51 W
2026/08/26 21:15:36.879, 0, 100 %, 38 %, 45020 MiB, 262.55 W
2026/08/26 21:15:36.879, 1, 100 %, 38 %, 44000 MiB, 267.38 W
2026/08/26 21:15:37.379, 0, 100 %, 39 %, 45020 MiB, 262.57 W
2026/08/26 21:15:37.380, 1, 100 %, 38 %, 44000 MiB, 269.88 W
2026/08/26 21:15:37.880, 0, 100 %, 39 %, 45020 MiB, 260.88 W
2026/08/26 21:15:37.880, 1, 100 %, 38 %, 44000 MiB, 267.83 W
2026/08/26 21:15:38.380, 0, 100 %, 50 %, 45020 MiB, 239.85 W
2026/08/26 21:15:38.381, 1, 100 %, 51 %, 44000 MiB, 246.38 W
2026/08/26 21:15:38.881, 0, 100 %, 50 %, 45020 MiB, 242.49 W
2026/08/26 21:15:38.881, 1, 100 %, 51 %, 44000 MiB, 249.65 W
2026/08/26 21:15:39.381, 0, 100 %, 45 %, 45020 MiB, 236.06 W
2026/08/26 21:15:39.381, 1, 100 %, 43 %, 44000 MiB, 242.71 W
2026/08/26 21:15:39.882, 0, 100 %, 45 %, 45020 MiB, 232.01 W
2026/08/26 21:15:39.882, 1, 100 %, 43 %, 44000 MiB, 238.75 W
2026/08/26 21:15:40.382, 0, 38 %, 1 %, 45020 MiB, 260.89 W
2026/08/26 21:15:40.382, 1, 56 %, 14 %, 44000 MiB, 268.28 W
2026/08/26 21:15:40.882, 0, 38 %, 1 %, 45020 MiB, 257.78 W
2026/08/26 21:15:40.883, 1, 56 %, 14 %, 44000 MiB, 266.50 W
2026/08/26 21:15:41.383, 0, 77 %, 84 %, 45020 MiB, 260.24 W
2026/08/26 21:15:41.383, 1, 58 %, 65 %, 44000 MiB, 267.52 W
2026/08/26 21:15:41.883, 0, 77 %, 84 %, 45020 MiB, 261.68 W
2026/08/26 21:15:41.883, 1, 58 %, 65 %, 44000 MiB, 269.39 W
2026/08/26 21:15:42.384, 0, 100 %, 59 %, 45020 MiB, 262.56 W
2026/08/26 21:15:42.384, 1, 100 %, 75 %, 44000 MiB, 270.81 W
2026/08/26 21:15:42.884, 0, 100 %, 59 %, 45020 MiB, 242.60 W
2026/08/26 21:15:42.884, 1, 100 %, 75 %, 44000 MiB, 251.02 W
2026/08/26 21:15:43.385, 0, 100 %, 40 %, 45020 MiB, 236.46 W
2026/08/26 21:15:43.385, 1, 100 %, 39 %, 44000 MiB, 244.35 W
2026/08/26 21:15:43.885, 0, 100 %, 40 %, 45020 MiB, 258.07 W
2026/08/26 21:15:43.885, 1, 100 %, 39 %, 44000 MiB, 266.81 W
2026/08/26 21:15:44.385, 0, 100 %, 38 %, 45020 MiB, 257.82 W
2026/08/26 21:15:44.385, 1, 100 %, 39 %, 44000 MiB, 266.04 W
2026/08/26 21:15:44.886, 0, 100 %, 38 %, 45020 MiB, 259.66 W
2026/08/26 21:15:44.886, 1, 100 %, 39 %, 44000 MiB, 268.67 W
2026/08/26 21:15:45.386, 0, 100 %, 47 %, 45020 MiB, 236.66 W
2026/08/26 21:15:45.386, 1, 100 %, 48 %, 44000 MiB, 242.16 W
2026/08/26 21:15:45.887, 0, 100 %, 47 %, 45020 MiB, 235.72 W
2026/08/26 21:15:45.887, 1, 100 %, 48 %, 44000 MiB, 243.57 W
2026/08/26 21:15:46.387, 0, 100 %, 42 %, 45020 MiB, 259.92 W
2026/08/26 21:15:46.387, 1, 100 %, 42 %, 44000 MiB, 267.35 W
2026/08/26 21:15:46.887, 0, 100 %, 42 %, 45020 MiB, 259.94 W
2026/08/26 21:15:46.888, 1, 100 %, 42 %, 44000 MiB, 267.20 W
2026/08/26 21:15:47.388, 0, 100 %, 41 %, 45020 MiB, 263.93 W
2026/08/26 21:15:47.388, 1, 100 %, 43 %, 44000 MiB, 272.07 W
2026/08/26 21:15:47.888, 0, 100 %, 41 %, 45020 MiB, 263.43 W
2026/08/26 21:15:47.888, 1, 100 %, 43 %, 44000 MiB, 271.80 W
2026/08/26 21:15:48.389, 0, 0 %, 0 %, 45020 MiB, 261.50 W
2026/08/26 21:15:48.389, 1, 0 %, 0 %, 44000 MiB, 268.99 W
2026/08/26 21:15:48.889, 0, 0 %, 0 %, 45020 MiB, 235.71 W
2026/08/26 21:15:48.889, 1, 0 %, 0 %, 44000 MiB, 242.59 W
2026/08/26 21:15:49.389, 0, 100 %, 54 %, 45020 MiB, 241.14 W
2026/08/26 21:15:49.390, 1, 100 %, 66 %, 44000 MiB, 248.45 W
2026/08/26 21:15:49.890, 0, 100 %, 54 %, 45020 MiB, 261.21 W
2026/08/26 21:15:49.890, 1, 100 %, 66 %, 44000 MiB, 267.86 W
2026/08/26 21:15:50.390, 0, 100 %, 38 %, 45020 MiB, 260.62 W
2026/08/26 21:15:50.391, 1, 100 %, 39 %, 44000 MiB, 267.45 W
2026/08/26 21:15:50.891, 0, 100 %, 38 %, 45020 MiB, 262.57 W
2026/08/26 21:15:50.891, 1, 100 %, 39 %, 44000 MiB, 268.54 W
2026/08/26 21:15:51.391, 0, 100 %, 38 %, 45020 MiB, 261.52 W
2026/08/26 21:15:51.391, 1, 100 %, 39 %, 44000 MiB, 267.19 W
2026/08/26 21:15:51.892, 0, 100 %, 38 %, 45020 MiB, 256.93 W
2026/08/26 21:15:51.892, 1, 100 %, 39 %, 44000 MiB, 263.30 W
2026/08/26 21:15:52.392, 0, 100 %, 46 %, 45020 MiB, 226.07 W
2026/08/26 21:15:52.392, 1, 100 %, 43 %, 44000 MiB, 238.12 W
2026/08/26 21:15:52.893, 0, 100 %, 46 %, 45020 MiB, 241.31 W
2026/08/26 21:15:52.893, 1, 100 %, 43 %, 44000 MiB, 253.03 W
2026/08/26 21:15:53.393, 0, 100 %, 42 %, 45020 MiB, 238.56 W
2026/08/26 21:15:53.393, 1, 100 %, 42 %, 44000 MiB, 247.15 W
2026/08/26 21:15:53.893, 0, 100 %, 42 %, 45020 MiB, 233.76 W
2026/08/26 21:15:53.894, 1, 100 %, 42 %, 44000 MiB, 241.06 W
2026/08/26 21:15:54.394, 0, 99 %, 33 %, 45020 MiB, 258.52 W
2026/08/26 21:15:54.394, 1, 99 %, 42 %, 44000 MiB, 266.96 W
2026/08/26 21:15:54.894, 0, 99 %, 33 %, 45020 MiB, 258.53 W
2026/08/26 21:15:54.895, 1, 99 %, 42 %, 44000 MiB, 266.82 W
2026/08/26 21:15:55.395, 0, 15 %, 16 %, 45020 MiB, 260.07 W
2026/08/26 21:15:55.395, 1, 0 %, 0 %, 44000 MiB, 269.64 W
2026/08/26 21:15:55.895, 0, 15 %, 16 %, 45020 MiB, 238.41 W
2026/08/26 21:15:55.895, 1, 0 %, 0 %, 44000 MiB, 242.82 W
2026/08/26 21:15:56.396, 0, 100 %, 38 %, 45020 MiB, 236.12 W
2026/08/26 21:15:56.396, 1, 100 %, 40 %, 44000 MiB, 241.98 W
2026/08/26 21:15:56.896, 0, 100 %, 38 %, 45020 MiB, 239.37 W
2026/08/26 21:15:56.896, 1, 100 %, 40 %, 44000 MiB, 246.11 W
2026/08/26 21:15:57.397, 0, 100 %, 37 %, 45020 MiB, 236.79 W
2026/08/26 21:15:57.397, 1, 100 %, 38 %, 44000 MiB, 242.91 W
2026/08/26 21:15:57.897, 0, 100 %, 37 %, 45020 MiB, 263.12 W
2026/08/26 21:15:57.897, 1, 100 %, 38 %, 44000 MiB, 269.01 W
2026/08/26 21:15:58.398, 0, 100 %, 43 %, 45020 MiB, 234.90 W
2026/08/26 21:15:58.398, 1, 100 %, 48 %, 44000 MiB, 240.40 W
2026/08/26 21:15:58.898, 0, 100 %, 43 %, 45020 MiB, 234.24 W
2026/08/26 21:15:58.898, 1, 100 %, 48 %, 44000 MiB, 241.63 W
2026/08/26 21:15:59.398, 0, 99 %, 33 %, 45020 MiB, 241.11 W
2026/08/26 21:15:59.399, 1, 99 %, 39 %, 44000 MiB, 248.11 W
2026/08/26 21:15:59.899, 0, 99 %, 33 %, 45020 MiB, 235.24 W
2026/08/26 21:15:59.899, 1, 99 %, 39 %, 44000 MiB, 243.85 W
2026/08/26 21:16:00.399, 0, 19 %, 15 %, 45020 MiB, 258.95 W
2026/08/26 21:16:00.400, 1, 25 %, 1 %, 44000 MiB, 267.68 W
2026/08/26 21:16:00.900, 0, 19 %, 15 %, 45020 MiB, 261.55 W
2026/08/26 21:16:00.900, 1, 25 %, 1 %, 44000 MiB, 268.95 W
2026/08/26 21:16:01.400, 0, 100 %, 100 %, 45020 MiB, 262.75 W
2026/08/26 21:16:01.401, 1, 93 %, 100 %, 44000 MiB, 268.98 W
2026/08/26 21:16:01.901, 0, 100 %, 100 %, 45020 MiB, 245.01 W
2026/08/26 21:16:01.901, 1, 93 %, 100 %, 44000 MiB, 251.35 W
2026/08/26 21:16:02.401, 0, 100 %, 38 %, 45020 MiB, 242.53 W
2026/08/26 21:16:02.401, 1, 100 %, 38 %, 44000 MiB, 248.90 W
2026/08/26 21:16:02.902, 0, 100 %, 38 %, 45020 MiB, 264.73 W
2026/08/26 21:16:02.902, 1, 100 %, 38 %, 44000 MiB, 270.71 W
2026/08/26 21:16:03.402, 0, 100 %, 38 %, 45020 MiB, 262.70 W
2026/08/26 21:16:03.402, 1, 100 %, 39 %, 44000 MiB, 270.54 W
2026/08/26 21:16:03.902, 0, 100 %, 38 %, 45020 MiB, 261.91 W
2026/08/26 21:16:03.903, 1, 100 %, 39 %, 44000 MiB, 267.00 W
2026/08/26 21:16:04.403, 0, 100 %, 44 %, 45020 MiB, 240.15 W
2026/08/26 21:16:04.403, 1, 100 %, 41 %, 44000 MiB, 246.85 W
2026/08/26 21:16:04.903, 0, 100 %, 44 %, 45020 MiB, 246.06 W
2026/08/26 21:16:04.903, 1, 100 %, 41 %, 44000 MiB, 254.70 W
2026/08/26 21:16:05.404, 0, 100 %, 41 %, 45020 MiB, 238.02 W
2026/08/26 21:16:05.404, 1, 100 %, 42 %, 44000 MiB, 245.95 W
2026/08/26 21:16:05.904, 0, 100 %, 41 %, 45020 MiB, 235.79 W
2026/08/26 21:16:05.904, 1, 100 %, 42 %, 44000 MiB, 242.27 W
2026/08/26 21:16:06.405, 0, 100 %, 45 %, 45020 MiB, 260.36 W
2026/08/26 21:16:06.405, 1, 100 %, 45 %, 44000 MiB, 268.04 W
2026/08/26 21:16:06.905, 0, 100 %, 45 %, 45020 MiB, 260.29 W
2026/08/26 21:16:06.905, 1, 100 %, 45 %, 44000 MiB, 267.87 W
2026/08/26 21:16:07.406, 0, 0 %, 0 %, 45020 MiB, 262.05 W
2026/08/26 21:16:07.406, 1, 0 %, 0 %, 44000 MiB, 269.32 W
2026/08/26 21:16:07.906, 0, 0 %, 0 %, 45020 MiB, 238.03 W
2026/08/26 21:16:07.906, 1, 0 %, 0 %, 44000 MiB, 244.54 W
2026/08/26 21:16:08.407, 0, 100 %, 38 %, 45020 MiB, 237.87 W
2026/08/26 21:16:08.407, 1, 100 %, 41 %, 44000 MiB, 247.78 W
2026/08/26 21:16:08.907, 0, 100 %, 38 %, 45020 MiB, 259.82 W
2026/08/26 21:16:08.907, 1, 100 %, 41 %, 44000 MiB, 268.29 W
2026/08/26 21:16:09.407, 0, 100 %, 38 %, 45020 MiB, 260.12 W
2026/08/26 21:16:09.408, 1, 100 %, 39 %, 44000 MiB, 268.06 W
2026/08/26 21:16:09.908, 0, 100 %, 38 %, 45020 MiB, 247.30 W
2026/08/26 21:16:09.908, 1, 100 %, 39 %, 44000 MiB, 253.59 W
2026/08/26 21:16:10.408, 0, 100 %, 40 %, 45020 MiB, 237.40 W
2026/08/26 21:16:10.409, 1, 100 %, 39 %, 44000 MiB, 243.32 W
2026/08/26 21:16:10.909, 0, 100 %, 40 %, 45020 MiB, 254.80 W
2026/08/26 21:16:10.909, 1, 100 %, 39 %, 44000 MiB, 263.98 W
2026/08/26 21:16:11.409, 0, 100 %, 44 %, 45020 MiB, 261.16 W
2026/08/26 21:16:11.409, 1, 100 %, 45 %, 44000 MiB, 266.63 W
2026/08/26 21:16:11.910, 0, 100 %, 44 %, 45020 MiB, 260.24 W
2026/08/26 21:16:11.910, 1, 100 %, 45 %, 44000 MiB, 265.27 W
2026/08/26 21:16:12.410, 0, 100 %, 41 %, 45020 MiB, 260.29 W
2026/08/26 21:16:12.410, 1, 100 %, 47 %, 44000 MiB, 266.46 W
2026/08/26 21:16:12.911, 0, 100 %, 41 %, 45020 MiB, 261.15 W
2026/08/26 21:16:12.911, 1, 100 %, 47 %, 44000 MiB, 269.08 W
2026/08/26 21:16:13.411, 0, 99 %, 33 %, 45020 MiB, 243.52 W
2026/08/26 21:16:13.411, 1, 99 %, 42 %, 44000 MiB, 249.95 W
2026/08/26 21:16:13.911, 0, 99 %, 33 %, 45020 MiB, 239.50 W
2026/08/26 21:16:13.912, 1, 99 %, 42 %, 44000 MiB, 246.80 W
2026/08/26 21:16:14.412, 0, 10 %, 11 %, 45020 MiB, 260.28 W
2026/08/26 21:16:14.412, 1, 13 %, 1 %, 44000 MiB, 269.50 W
2026/08/26 21:16:14.912, 0, 10 %, 11 %, 45020 MiB, 260.95 W
2026/08/26 21:16:14.913, 1, 13 %, 1 %, 44000 MiB, 266.33 W
2026/08/26 21:16:15.413, 0, 100 %, 96 %, 45020 MiB, 261.52 W
2026/08/26 21:16:15.413, 1, 98 %, 100 %, 44000 MiB, 268.42 W
2026/08/26 21:16:15.913, 0, 100 %, 96 %, 45020 MiB, 258.30 W
2026/08/26 21:16:15.913, 1, 98 %, 100 %, 44000 MiB, 265.21 W
2026/08/26 21:16:16.414, 0, 100 %, 38 %, 45020 MiB, 258.28 W
2026/08/26 21:16:16.414, 1, 100 %, 38 %, 44000 MiB, 263.81 W
2026/08/26 21:16:16.914, 0, 100 %, 38 %, 45020 MiB, 260.93 W
2026/08/26 21:16:16.914, 1, 100 %, 38 %, 44000 MiB, 268.21 W
2026/08/26 21:16:17.415, 0, 100 %, 38 %, 45020 MiB, 258.67 W
2026/08/26 21:16:17.415, 1, 100 %, 39 %, 44000 MiB, 266.25 W
2026/08/26 21:16:17.915, 0, 100 %, 38 %, 45020 MiB, 260.26 W
2026/08/26 21:16:17.915, 1, 100 %, 39 %, 44000 MiB, 267.43 W
2026/08/26 21:16:18.415, 0, 100 %, 39 %, 45020 MiB, 261.53 W
2026/08/26 21:16:18.415, 1, 100 %, 38 %, 44000 MiB, 267.38 W
2026/08/26 21:16:18.916, 0, 100 %, 39 %, 45020 MiB, 262.80 W
2026/08/26 21:16:18.916, 1, 100 %, 38 %, 44000 MiB, 269.21 W
2026/08/26 21:16:19.416, 0, 100 %, 40 %, 45020 MiB, 262.12 W
2026/08/26 21:16:19.416, 1, 100 %, 40 %, 44000 MiB, 267.73 W
2026/08/26 21:16:19.917, 0, 100 %, 40 %, 45020 MiB, 261.44 W
2026/08/26 21:16:19.917, 1, 100 %, 40 %, 44000 MiB, 268.58 W
2026/08/26 21:16:20.417, 0, 100 %, 47 %, 45020 MiB, 261.62 W
2026/08/26 21:16:20.417, 1, 100 %, 45 %, 44000 MiB, 268.77 W
2026/08/26 21:16:20.917, 0, 100 %, 47 %, 45020 MiB, 259.78 W
2026/08/26 21:16:20.918, 1, 100 %, 45 %, 44000 MiB, 268.39 W
2026/08/26 21:16:21.418, 0, 100 %, 41 %, 45020 MiB, 260.08 W
2026/08/26 21:16:21.418, 1, 100 %, 47 %, 44000 MiB, 267.38 W
2026/08/26 21:16:21.918, 0, 100 %, 41 %, 45020 MiB, 260.81 W
2026/08/26 21:16:21.918, 1, 100 %, 47 %, 44000 MiB, 268.21 W
2026/08/26 21:16:22.419, 0, 93 %, 30 %, 45020 MiB, 243.96 W
2026/08/26 21:16:22.419, 1, 99 %, 38 %, 44000 MiB, 248.68 W
2026/08/26 21:16:22.919, 0, 93 %, 30 %, 45020 MiB, 237.97 W
2026/08/26 21:16:22.919, 1, 99 %, 38 %, 44000 MiB, 244.02 W
2026/08/26 21:16:23.419, 0, 18 %, 19 %, 45020 MiB, 257.05 W
2026/08/26 21:16:23.419, 1, 14 %, 1 %, 44000 MiB, 267.71 W
2026/08/26 21:16:23.920, 0, 18 %, 19 %, 45020 MiB, 260.37 W
2026/08/26 21:16:23.920, 1, 14 %, 1 %, 44000 MiB, 267.45 W
2026/08/26 21:16:24.420, 0, 100 %, 94 %, 45020 MiB, 262.49 W
2026/08/26 21:16:24.420, 1, 100 %, 100 %, 44000 MiB, 269.05 W
2026/08/26 21:16:24.920, 0, 100 %, 94 %, 45020 MiB, 241.66 W
2026/08/26 21:16:24.921, 1, 100 %, 100 %, 44000 MiB, 250.59 W
2026/08/26 21:16:25.421, 0, 100 %, 39 %, 45020 MiB, 240.13 W
2026/08/26 21:16:25.421, 1, 100 %, 40 %, 44000 MiB, 247.24 W
2026/08/26 21:16:25.921, 0, 100 %, 39 %, 45020 MiB, 261.39 W
2026/08/26 21:16:25.921, 1, 100 %, 40 %, 44000 MiB, 268.47 W
2026/08/26 21:16:26.422, 0, 100 %, 37 %, 45020 MiB, 260.52 W
2026/08/26 21:16:26.422, 1, 100 %, 38 %, 44000 MiB, 267.26 W
2026/08/26 21:16:26.922, 0, 100 %, 37 %, 45020 MiB, 254.65 W
2026/08/26 21:16:26.922, 1, 100 %, 38 %, 44000 MiB, 269.31 W
2026/08/26 21:16:27.422, 0, 100 %, 51 %, 45020 MiB, 238.72 W
2026/08/26 21:16:27.423, 1, 100 %, 44 %, 44000 MiB, 244.17 W
2026/08/26 21:16:27.923, 0, 100 %, 51 %, 45020 MiB, 252.19 W
2026/08/26 21:16:27.923, 1, 100 %, 44 %, 44000 MiB, 251.62 W
2026/08/26 21:16:28.423, 0, 100 %, 41 %, 45020 MiB, 261.40 W
2026/08/26 21:16:28.424, 1, 100 %, 47 %, 44000 MiB, 268.28 W
2026/08/26 21:16:28.924, 0, 100 %, 41 %, 45020 MiB, 260.45 W
2026/08/26 21:16:28.924, 1, 100 %, 47 %, 44000 MiB, 268.15 W
2026/08/26 21:16:29.424, 0, 99 %, 44 %, 45020 MiB, 245.40 W
2026/08/26 21:16:29.424, 1, 100 %, 47 %, 44000 MiB, 252.16 W
2026/08/26 21:16:29.924, 0, 99 %, 44 %, 45020 MiB, 242.80 W
2026/08/26 21:16:29.925, 1, 100 %, 47 %, 44000 MiB, 250.41 W
2026/08/26 21:16:30.425, 0, 0 %, 0 %, 45020 MiB, 258.26 W
2026/08/26 21:16:30.425, 1, 0 %, 0 %, 44000 MiB, 269.35 W
2026/08/26 21:16:30.925, 0, 0 %, 0 %, 45020 MiB, 233.35 W
2026/08/26 21:16:30.926, 1, 0 %, 0 %, 44000 MiB, 242.85 W
2026/08/26 21:16:31.426, 0, 100 %, 75 %, 45020 MiB, 241.42 W
2026/08/26 21:16:31.426, 1, 100 %, 40 %, 44000 MiB, 241.94 W
2026/08/26 21:16:31.926, 0, 100 %, 75 %, 45020 MiB, 257.49 W
2026/08/26 21:16:31.926, 1, 100 %, 40 %, 44000 MiB, 264.04 W
2026/08/26 21:16:32.427, 0, 100 %, 39 %, 45020 MiB, 258.56 W
2026/08/26 21:16:32.427, 1, 100 %, 39 %, 44000 MiB, 264.79 W
2026/08/26 21:16:32.927, 0, 100 %, 39 %, 45020 MiB, 239.80 W
2026/08/26 21:16:32.927, 1, 100 %, 39 %, 44000 MiB, 259.46 W
2026/08/26 21:16:33.427, 0, 100 %, 39 %, 45020 MiB, 238.63 W
2026/08/26 21:16:33.428, 1, 100 %, 42 %, 44000 MiB, 243.64 W
2026/08/26 21:16:33.928, 0, 100 %, 39 %, 45020 MiB, 260.77 W
2026/08/26 21:16:33.928, 1, 100 %, 42 %, 44000 MiB, 259.46 W
2026/08/26 21:16:34.428, 0, 100 %, 49 %, 45020 MiB, 239.49 W
2026/08/26 21:16:34.429, 1, 100 %, 41 %, 44000 MiB, 242.51 W
2026/08/26 21:16:34.929, 0, 100 %, 49 %, 45020 MiB, 240.42 W
2026/08/26 21:16:34.929, 1, 100 %, 41 %, 44000 MiB, 239.75 W
2026/08/26 21:16:35.429, 0, 100 %, 41 %, 45020 MiB, 265.27 W
2026/08/26 21:16:35.429, 1, 100 %, 42 %, 44000 MiB, 270.41 W
2026/08/26 21:16:35.930, 0, 100 %, 41 %, 45020 MiB, 264.55 W
2026/08/26 21:16:35.930, 1, 100 %, 42 %, 44000 MiB, 272.57 W
2026/08/26 21:16:36.430, 0, 100 %, 42 %, 45020 MiB, 265.77 W
2026/08/26 21:16:36.430, 1, 99 %, 43 %, 44000 MiB, 271.35 W
2026/08/26 21:16:36.930, 0, 100 %, 42 %, 45020 MiB, 265.84 W
2026/08/26 21:16:36.931, 1, 99 %, 43 %, 44000 MiB, 271.20 W
2026/08/26 21:16:37.431, 0, 0 %, 0 %, 45020 MiB, 262.35 W
2026/08/26 21:16:37.431, 1, 0 %, 0 %, 44000 MiB, 269.10 W
2026/08/26 21:16:37.931, 0, 0 %, 0 %, 45020 MiB, 235.22 W
2026/08/26 21:16:37.931, 1, 0 %, 0 %, 44000 MiB, 238.37 W
2026/08/26 21:16:38.432, 0, 100 %, 84 %, 45020 MiB, 242.62 W
2026/08/26 21:16:38.432, 1, 100 %, 39 %, 44000 MiB, 239.51 W
2026/08/26 21:16:38.932, 0, 100 %, 84 %, 45020 MiB, 261.48 W
2026/08/26 21:16:38.932, 1, 100 %, 39 %, 44000 MiB, 268.34 W
2026/08/26 21:16:39.432, 0, 100 %, 38 %, 45020 MiB, 262.51 W
2026/08/26 21:16:39.433, 1, 100 %, 38 %, 44000 MiB, 269.47 W
2026/08/26 21:16:39.933, 0, 100 %, 38 %, 45020 MiB, 264.02 W
2026/08/26 21:16:39.933, 1, 100 %, 38 %, 44000 MiB, 270.24 W
2026/08/26 21:16:40.433, 0, 100 %, 38 %, 45020 MiB, 262.17 W
2026/08/26 21:16:40.434, 1, 100 %, 38 %, 44000 MiB, 269.61 W
2026/08/26 21:16:40.934, 0, 100 %, 38 %, 45020 MiB, 264.07 W
2026/08/26 21:16:40.934, 1, 100 %, 38 %, 44000 MiB, 272.53 W
2026/08/26 21:16:41.434, 0, 100 %, 38 %, 45020 MiB, 264.99 W
2026/08/26 21:16:41.434, 1, 100 %, 39 %, 44000 MiB, 273.92 W
2026/08/26 21:16:41.935, 0, 100 %, 38 %, 45020 MiB, 265.18 W
2026/08/26 21:16:41.935, 1, 100 %, 39 %, 44000 MiB, 272.17 W
2026/08/26 21:16:42.435, 0, 100 %, 38 %, 45020 MiB, 265.65 W
2026/08/26 21:16:42.435, 1, 100 %, 40 %, 44000 MiB, 271.86 W
2026/08/26 21:16:42.935, 0, 100 %, 38 %, 45020 MiB, 264.52 W
2026/08/26 21:16:42.936, 1, 100 %, 40 %, 44000 MiB, 269.78 W
2026/08/26 21:16:43.436, 0, 100 %, 41 %, 45020 MiB, 263.59 W
2026/08/26 21:16:43.436, 1, 100 %, 44 %, 44000 MiB, 272.60 W
2026/08/26 21:16:43.936, 0, 100 %, 41 %, 45020 MiB, 265.64 W
2026/08/26 21:16:43.936, 1, 100 %, 44 %, 44000 MiB, 273.15 W
2026/08/26 21:16:44.437, 0, 100 %, 46 %, 45020 MiB, 266.70 W
2026/08/26 21:16:44.437, 1, 100 %, 48 %, 44000 MiB, 273.79 W
2026/08/26 21:16:44.937, 0, 100 %, 46 %, 45020 MiB, 267.81 W
2026/08/26 21:16:44.937, 1, 100 %, 48 %, 44000 MiB, 273.96 W
2026/08/26 21:16:45.437, 0, 100 %, 41 %, 45020 MiB, 244.81 W
2026/08/26 21:16:45.438, 1, 100 %, 41 %, 44000 MiB, 252.62 W
2026/08/26 21:16:45.938, 0, 100 %, 41 %, 45020 MiB, 240.84 W
2026/08/26 21:16:45.938, 1, 100 %, 41 %, 44000 MiB, 248.34 W
2026/08/26 21:16:46.438, 0, 99 %, 45 %, 45020 MiB, 260.68 W
2026/08/26 21:16:46.438, 1, 53 %, 11 %, 44000 MiB, 268.46 W
2026/08/26 21:16:46.939, 0, 99 %, 45 %, 45020 MiB, 260.20 W
2026/08/26 21:16:46.939, 1, 53 %, 11 %, 44000 MiB, 269.80 W
2026/08/26 21:16:47.439, 0, 0 %, 0 %, 45020 MiB, 262.39 W
2026/08/26 21:16:47.439, 1, 0 %, 0 %, 44000 MiB, 270.91 W
2026/08/26 21:16:47.939, 0, 0 %, 0 %, 45020 MiB, 240.09 W
2026/08/26 21:16:47.940, 1, 0 %, 0 %, 44000 MiB, 250.25 W
2026/08/26 21:16:48.440, 0, 100 %, 53 %, 45020 MiB, 242.27 W
2026/08/26 21:16:48.440, 1, 100 %, 66 %, 44000 MiB, 254.00 W
2026/08/26 21:16:48.940, 0, 100 %, 53 %, 45020 MiB, 263.51 W
2026/08/26 21:16:48.940, 1, 100 %, 66 %, 44000 MiB, 270.30 W
2026/08/26 21:16:49.441, 0, 100 %, 38 %, 45020 MiB, 263.29 W
2026/08/26 21:16:49.441, 1, 100 %, 38 %, 44000 MiB, 270.05 W
2026/08/26 21:16:49.941, 0, 100 %, 38 %, 45020 MiB, 263.39 W
2026/08/26 21:16:49.941, 1, 100 %, 38 %, 44000 MiB, 270.97 W
2026/08/26 21:16:50.442, 0, 100 %, 38 %, 45020 MiB, 262.93 W
2026/08/26 21:16:50.442, 1, 100 %, 38 %, 44000 MiB, 270.60 W
2026/08/26 21:16:50.942, 0, 100 %, 38 %, 45020 MiB, 259.82 W
2026/08/26 21:16:50.942, 1, 100 %, 38 %, 44000 MiB, 264.08 W
2026/08/26 21:16:51.442, 0, 100 %, 38 %, 45020 MiB, 259.36 W
2026/08/26 21:16:51.443, 1, 100 %, 39 %, 44000 MiB, 266.63 W
2026/08/26 21:16:51.943, 0, 100 %, 38 %, 45020 MiB, 262.50 W
2026/08/26 21:16:51.943, 1, 100 %, 39 %, 44000 MiB, 269.58 W
2026/08/26 21:16:52.443, 0, 100 %, 48 %, 45020 MiB, 237.64 W
2026/08/26 21:16:52.443, 1, 100 %, 49 %, 44000 MiB, 245.36 W
2026/08/26 21:16:52.944, 0, 100 %, 48 %, 45020 MiB, 237.59 W
2026/08/26 21:16:52.944, 1, 100 %, 49 %, 44000 MiB, 246.37 W
2026/08/26 21:16:53.444, 0, 99 %, 39 %, 45020 MiB, 236.85 W
2026/08/26 21:16:53.444, 1, 99 %, 45 %, 44000 MiB, 245.01 W
2026/08/26 21:16:53.944, 0, 99 %, 39 %, 45020 MiB, 226.39 W
2026/08/26 21:16:53.945, 1, 99 %, 45 %, 44000 MiB, 240.66 W
2026/08/26 21:16:54.445, 0, 11 %, 11 %, 45020 MiB, 259.93 W
2026/08/26 21:16:54.445, 1, 17 %, 1 %, 44000 MiB, 269.46 W
2026/08/26 21:16:54.945, 0, 11 %, 11 %, 45020 MiB, 258.01 W
2026/08/26 21:16:54.945, 1, 17 %, 1 %, 44000 MiB, 265.59 W
2026/08/26 21:16:55.446, 0, 100 %, 83 %, 45020 MiB, 255.79 W
2026/08/26 21:16:55.446, 1, 100 %, 98 %, 44000 MiB, 264.78 W
2026/08/26 21:16:55.946, 0, 100 %, 83 %, 45020 MiB, 236.12 W
2026/08/26 21:16:55.946, 1, 100 %, 98 %, 44000 MiB, 245.31 W
2026/08/26 21:16:56.447, 0, 100 %, 37 %, 45020 MiB, 235.41 W
2026/08/26 21:16:56.570, 1, 100 %, 38 %, 44000 MiB, 244.10 W
2026/08/26 21:16:57.359, 0, 100 %, 37 %, 45020 MiB, 261.77 W
2026/08/26 21:16:57.360, 1, 100 %, 38 %, 44000 MiB, 244.10 W
2026/08/26 21:16:58.022, 0, 100 %, 96 %, 45020 MiB, 262.92 W
2026/08/26 21:16:58.022, 1, 100 %, 38 %, 44000 MiB, 269.47 W
2026/08/26 21:16:58.737, 0, 100 %, 96 %, 45020 MiB, 263.21 W
2026/08/26 21:16:58.737, 1, 100 %, 39 %, 44000 MiB, 270.35 W
2026/08/26 21:16:59.323, 0, 100 %, 96 %, 45020 MiB, 235.62 W
2026/08/26 21:16:59.323, 1, 100 %, 39 %, 44000 MiB, 270.35 W
2026/08/26 21:17:00.028, 0, 100 %, 39 %, 45020 MiB, 262.06 W
2026/08/26 21:17:00.029, 1, 100 %, 38 %, 44000 MiB, 265.44 W
2026/08/26 21:17:00.717, 0, 100 %, 39 %, 45020 MiB, 262.06 W
2026/08/26 21:17:00.717, 1, 100 %, 49 %, 44000 MiB, 265.44 W
2026/08/26 21:17:01.370, 0, 100 %, 39 %, 45020 MiB, 258.87 W
2026/08/26 21:17:01.370, 1, 100 %, 49 %, 44000 MiB, 267.36 W
2026/08/26 21:17:01.915, 0, 100 %, 42 %, 45020 MiB, 241.65 W
2026/08/26 21:17:01.916, 1, 100 %, 39 %, 44000 MiB, 242.20 W
2026/08/26 21:17:02.566, 0, 100 %, 68 %, 45020 MiB, 241.65 W
2026/08/26 21:17:02.566, 1, 100 %, 39 %, 44000 MiB, 242.20 W
2026/08/26 21:17:03.258, 0, 100 %, 68 %, 45020 MiB, 261.10 W
2026/08/26 21:17:03.258, 1, 100 %, 39 %, 44000 MiB, 266.85 W
2026/08/26 21:17:03.913, 0, 100 %, 54 %, 45020 MiB, 261.10 W
2026/08/26 21:17:03.913, 1, 0 %, 0 %, 44000 MiB, 250.55 W
2026/08/26 21:17:04.616, 0, 100 %, 54 %, 45020 MiB, 239.91 W
2026/08/26 21:17:04.616, 1, 100 %, 38 %, 44000 MiB, 250.55 W
2026/08/26 21:17:05.255, 0, 97 %, 32 %, 45020 MiB, 262.39 W
2026/08/26 21:17:05.255, 1, 100 %, 38 %, 44000 MiB, 268.15 W
2026/08/26 21:17:05.928, 0, 0 %, 0 %, 45020 MiB, 264.03 W
2026/08/26 21:17:05.928, 1, 100 %, 100 %, 44000 MiB, 270.21 W
2026/08/26 21:17:06.543, 0, 0 %, 0 %, 45020 MiB, 264.03 W
2026/08/26 21:17:06.543, 1, 100 %, 100 %, 44000 MiB, 270.21 W
2026/08/26 21:17:07.221, 0, 0 %, 0 %, 45020 MiB, 264.03 W
2026/08/26 21:17:07.221, 1, 100 %, 100 %, 44000 MiB, 256.07 W
2026/08/26 21:17:07.789, 0, 99 %, 36 %, 45020 MiB, 240.34 W
2026/08/26 21:17:07.789, 1, 99 %, 43 %, 44000 MiB, 244.08 W
2026/08/26 21:17:08.473, 0, 99 %, 34 %, 45020 MiB, 249.83 W
2026/08/26 21:17:08.474, 1, 100 %, 45 %, 44000 MiB, 244.08 W
2026/08/26 21:17:09.175, 0, 99 %, 34 %, 45020 MiB, 261.89 W
2026/08/26 21:17:09.175, 1, 100 %, 45 %, 44000 MiB, 269.41 W
2026/08/26 21:17:09.847, 0, 99 %, 34 %, 45020 MiB, 241.70 W
2026/08/26 21:17:09.847, 1, 72 %, 20 %, 44000 MiB, 252.66 W
2026/08/26 21:17:10.531, 0, 100 %, 42 %, 45020 MiB, 241.70 W
2026/08/26 21:17:10.657, 1, 72 %, 20 %, 44000 MiB, 269.20 W
2026/08/26 21:17:11.157, 0, 100 %, 42 %, 45020 MiB, 260.32 W
2026/08/26 21:17:11.158, 1, 100 %, 47 %, 44000 MiB, 269.15 W
2026/08/26 21:17:11.836, 0, 100 %, 42 %, 45020 MiB, 264.00 W
2026/08/26 21:17:11.836, 1, 100 %, 47 %, 44000 MiB, 269.15 W
2026/08/26 21:17:12.524, 0, 100 %, 47 %, 45020 MiB, 264.00 W
2026/08/26 21:17:12.524, 1, 100 %, 47 %, 44000 MiB, 269.15 W
2026/08/26 21:17:13.161, 0, 100 %, 47 %, 45020 MiB, 264.00 W
2026/08/26 21:17:13.161, 1, 100 %, 66 %, 44000 MiB, 272.57 W
2026/08/26 21:17:13.852, 0, 100 %, 38 %, 45020 MiB, 264.57 W
2026/08/26 21:17:13.852, 1, 100 %, 38 %, 44000 MiB, 272.57 W
2026/08/26 21:17:14.523, 0, 100 %, 44 %, 45020 MiB, 264.57 W
2026/08/26 21:17:14.523, 1, 100 %, 38 %, 44000 MiB, 272.57 W
2026/08/26 21:17:15.190, 0, 100 %, 44 %, 45020 MiB, 264.57 W
2026/08/26 21:17:15.190, 1, 47 %, 30 %, 44000 MiB, 275.40 W
2026/08/26 21:17:15.906, 0, 100 %, 38 %, 45020 MiB, 267.20 W
2026/08/26 21:17:15.907, 1, 47 %, 30 %, 44000 MiB, 275.40 W
2026/08/26 21:17:16.563, 0, 100 %, 38 %, 45020 MiB, 267.20 W
2026/08/26 21:17:16.563, 1, 47 %, 30 %, 44000 MiB, 275.40 W
2026/08/26 21:17:17.246, 0, 100 %, 38 %, 45020 MiB, 257.03 W
2026/08/26 21:17:17.246, 1, 100 %, 39 %, 44000 MiB, 246.38 W
2026/08/26 21:17:17.907, 0, 75 %, 83 %, 45020 MiB, 257.03 W
2026/08/26 21:17:17.907, 1, 100 %, 45 %, 44000 MiB, 266.64 W
2026/08/26 21:17:18.611, 0, 75 %, 83 %, 45020 MiB, 257.03 W
2026/08/26 21:17:18.611, 1, 100 %, 45 %, 44000 MiB, 266.64 W
2026/08/26 21:17:19.312, 0, 100 %, 42 %, 45020 MiB, 260.46 W
2026/08/26 21:17:19.312, 1, 100 %, 38 %, 44000 MiB, 268.46 W
2026/08/26 21:17:20.004, 0, 100 %, 42 %, 45020 MiB, 260.46 W
2026/08/26 21:17:20.004, 1, 100 %, 38 %, 44000 MiB, 268.46 W
2026/08/26 21:17:20.716, 0, 100 %, 38 %, 45020 MiB, 262.97 W
2026/08/26 21:17:20.716, 1, 100 %, 38 %, 44000 MiB, 270.14 W
2026/08/26 21:17:21.296, 0, 100 %, 38 %, 45020 MiB, 236.19 W
2026/08/26 21:17:21.296, 1, 0 %, 0 %, 44000 MiB, 251.84 W
2026/08/26 21:17:21.985, 0, 100 %, 42 %, 45020 MiB, 236.19 W
2026/08/26 21:17:21.986, 1, 0 %, 0 %, 44000 MiB, 251.84 W
2026/08/26 21:17:22.554, 0, 100 %, 42 %, 45020 MiB, 236.19 W
2026/08/26 21:17:22.555, 1, 52 %, 10 %, 44000 MiB, 251.08 W
2026/08/26 21:17:23.250, 0, 100 %, 42 %, 45020 MiB, 262.97 W
2026/08/26 21:17:23.250, 1, 100 %, 38 %, 44000 MiB, 251.08 W
2026/08/26 21:17:23.943, 0, 99 %, 42 %, 45020 MiB, 262.97 W
2026/08/26 21:17:23.943, 1, 100 %, 38 %, 44000 MiB, 251.08 W
2026/08/26 21:17:24.581, 0, 99 %, 42 %, 45020 MiB, 262.97 W
2026/08/26 21:17:24.582, 1, 100 %, 38 %, 44000 MiB, 262.51 W
2026/08/26 21:17:25.201, 0, 100 %, 49 %, 45020 MiB, 240.92 W
2026/08/26 21:17:25.202, 1, 100 %, 41 %, 44000 MiB, 244.74 W
2026/08/26 21:17:25.872, 0, 100 %, 41 %, 45020 MiB, 241.10 W
2026/08/26 21:17:26.097, 1, 100 %, 41 %, 44000 MiB, 273.32 W
2026/08/26 21:17:26.597, 0, 100 %, 41 %, 45020 MiB, 266.29 W
2026/08/26 21:17:26.597, 1, 100 %, 40 %, 44000 MiB, 273.83 W
2026/08/26 21:17:27.287, 0, 100 %, 41 %, 45020 MiB, 266.33 W
2026/08/26 21:17:27.288, 1, 100 %, 41 %, 44000 MiB, 273.83 W
2026/08/26 21:17:27.936, 0, 100 %, 38 %, 45020 MiB, 266.33 W
2026/08/26 21:17:27.936, 1, 100 %, 41 %, 44000 MiB, 269.85 W
2026/08/26 21:17:28.628, 0, 100 %, 38 %, 45020 MiB, 263.09 W
2026/08/26 21:17:28.628, 1, 100 %, 38 %, 44000 MiB, 271.61 W
2026/08/26 21:17:29.270, 0, 32 %, 4 %, 45020 MiB, 264.63 W
2026/08/26 21:17:29.270, 1, 100 %, 38 %, 44000 MiB, 271.61 W
2026/08/26 21:17:29.958, 0, 84 %, 92 %, 45020 MiB, 264.63 W
2026/08/26 21:17:29.958, 1, 100 %, 38 %, 44000 MiB, 275.21 W
2026/08/26 21:17:30.646, 0, 84 %, 92 %, 45020 MiB, 264.09 W
2026/08/26 21:17:30.647, 1, 100 %, 47 %, 44000 MiB, 269.81 W
2026/08/26 21:17:31.280, 0, 84 %, 92 %, 45020 MiB, 263.59 W
2026/08/26 21:17:31.280, 1, 60 %, 17 %, 44000 MiB, 271.32 W
2026/08/26 21:17:31.994, 0, 100 %, 48 %, 45020 MiB, 266.27 W
2026/08/26 21:17:31.994, 1, 60 %, 17 %, 44000 MiB, 271.32 W
2026/08/26 21:17:32.647, 0, 100 %, 48 %, 45020 MiB, 266.27 W
2026/08/26 21:17:32.647, 1, 100 %, 45 %, 44000 MiB, 272.46 W
2026/08/26 21:17:33.320, 0, 100 %, 38 %, 45020 MiB, 266.14 W
2026/08/26 21:17:33.320, 1, 100 %, 45 %, 44000 MiB, 272.46 W
2026/08/26 21:17:34.009, 0, 100 %, 36 %, 45020 MiB, 266.14 W
2026/08/26 21:17:34.009, 1, 100 %, 45 %, 44000 MiB, 272.46 W
2026/08/26 21:17:34.676, 0, 100 %, 36 %, 45020 MiB, 257.62 W
2026/08/26 21:17:34.677, 1, 100 %, 45 %, 44000 MiB, 271.22 W
2026/08/26 21:17:35.288, 0, 100 %, 38 %, 45020 MiB, 230.46 W
2026/08/26 21:17:35.288, 1, 100 %, 42 %, 44000 MiB, 233.69 W
2026/08/26 21:17:35.945, 0, 100 %, 38 %, 45020 MiB, 230.46 W
2026/08/26 21:17:35.946, 1, 99 %, 42 %, 44000 MiB, 268.81 W
2026/08/26 21:17:36.672, 0, 100 %, 38 %, 45020 MiB, 260.07 W
2026/08/26 21:17:36.673, 1, 99 %, 42 %, 44000 MiB, 268.81 W
2026/08/26 21:17:37.264, 0, 0 %, 0 %, 45020 MiB, 236.14 W
2026/08/26 21:17:37.264, 1, 100 %, 40 %, 44000 MiB, 254.15 W
2026/08/26 21:17:37.978, 0, 0 %, 0 %, 45020 MiB, 236.14 W
2026/08/26 21:17:37.978, 1, 100 %, 40 %, 44000 MiB, 254.15 W
2026/08/26 21:17:38.690, 0, 100 %, 49 %, 45020 MiB, 264.36 W
2026/08/26 21:17:38.690, 1, 100 %, 40 %, 44000 MiB, 273.30 W
2026/08/26 21:17:39.333, 0, 100 %, 49 %, 45020 MiB, 264.65 W
2026/08/26 21:17:39.333, 1, 100 %, 94 %, 44000 MiB, 273.39 W
2026/08/26 21:17:40.053, 0, 100 %, 49 %, 45020 MiB, 264.65 W
2026/08/26 21:17:40.054, 1, 100 %, 38 %, 44000 MiB, 273.39 W
2026/08/26 21:17:40.721, 0, 100 %, 49 %, 45020 MiB, 262.91 W
2026/08/26 21:17:40.721, 1, 100 %, 38 %, 44000 MiB, 276.94 W
2026/08/26 21:17:41.380, 0, 100 %, 38 %, 45020 MiB, 264.86 W
2026/08/26 21:17:41.468, 1, 100 %, 100 %, 44000 MiB, 278.86 W
2026/08/26 21:17:41.969, 0, 100 %, 38 %, 45020 MiB, 264.86 W
2026/08/26 21:17:41.969, 1, 100 %, 100 %, 44000 MiB, 278.86 W
2026/08/26 21:17:42.636, 0, 100 %, 38 %, 45020 MiB, 242.17 W
2026/08/26 21:17:42.636, 1, 100 %, 100 %, 44000 MiB, 255.84 W
2026/08/26 21:17:43.220, 0, 99 %, 45 %, 45020 MiB, 240.41 W
2026/08/26 21:17:43.220, 1, 100 %, 41 %, 44000 MiB, 241.82 W
2026/08/26 21:17:43.880, 0, 100 %, 50 %, 45020 MiB, 240.41 W
2026/08/26 21:17:43.880, 1, 100 %, 64 %, 44000 MiB, 241.82 W
2026/08/26 21:17:44.449, 0, 100 %, 50 %, 45020 MiB, 243.54 W
2026/08/26 21:17:44.450, 1, 100 %, 64 %, 44000 MiB, 241.82 W
2026/08/26 21:17:45.114, 0, 0 %, 0 %, 45020 MiB, 263.55 W
2026/08/26 21:17:45.114, 1, 100 %, 64 %, 44000 MiB, 270.81 W
2026/08/26 21:17:45.690, 0, 0 %, 0 %, 45020 MiB, 263.55 W
2026/08/26 21:17:45.691, 1, 79 %, 24 %, 44000 MiB, 247.66 W
2026/08/26 21:17:46.351, 0, 0 %, 0 %, 45020 MiB, 263.55 W
2026/08/26 21:17:46.351, 1, 79 %, 24 %, 44000 MiB, 247.66 W
2026/08/26 21:17:47.034, 0, 100 %, 47 %, 45020 MiB, 263.14 W
2026/08/26 21:17:47.034, 1, 79 %, 24 %, 44000 MiB, 269.47 W
2026/08/26 21:17:47.690, 0, 100 %, 47 %, 45020 MiB, 263.14 W
2026/08/26 21:17:47.690, 1, 56 %, 61 %, 44000 MiB, 250.79 W
2026/08/26 21:17:48.389, 0, 100 %, 39 %, 45020 MiB, 243.05 W
2026/08/26 21:17:48.389, 1, 100 %, 40 %, 44000 MiB, 250.79 W
2026/08/26 21:17:48.997, 0, 100 %, 39 %, 45020 MiB, 242.37 W
2026/08/26 21:17:48.998, 1, 100 %, 40 %, 44000 MiB, 250.84 W
2026/08/26 21:17:49.712, 0, 100 %, 49 %, 45020 MiB, 242.37 W
2026/08/26 21:17:49.712, 1, 100 %, 38 %, 44000 MiB, 253.33 W
2026/08/26 21:17:50.302, 0, 100 %, 49 %, 45020 MiB, 242.04 W
2026/08/26 21:17:50.302, 1, 100 %, 38 %, 44000 MiB, 253.33 W
2026/08/26 21:17:50.999, 0, 100 %, 38 %, 45020 MiB, 238.31 W
2026/08/26 21:17:50.999, 1, 38 %, 41 %, 44000 MiB, 268.91 W
2026/08/26 21:17:51.689, 0, 100 %, 38 %, 45020 MiB, 263.88 W
2026/08/26 21:17:51.690, 1, 38 %, 41 %, 44000 MiB, 268.91 W
2026/08/26 21:17:52.315, 0, 100 %, 38 %, 45020 MiB, 263.88 W
2026/08/26 21:17:52.315, 1, 38 %, 41 %, 44000 MiB, 268.91 W
2026/08/26 21:17:52.859, 0, 100 %, 38 %, 45020 MiB, 242.77 W
2026/08/26 21:17:52.859, 1, 38 %, 41 %, 44000 MiB, 268.91 W
2026/08/26 21:17:53.508, 0, 99 %, 34 %, 45020 MiB, 253.83 W
2026/08/26 21:17:53.508, 1, 100 %, 50 %, 44000 MiB, 269.06 W
2026/08/26 21:17:54.168, 0, 99 %, 34 %, 45020 MiB, 262.33 W
2026/08/26 21:17:54.168, 1, 100 %, 40 %, 44000 MiB, 270.04 W
2026/08/26 21:17:54.833, 0, 99 %, 34 %, 45020 MiB, 266.23 W
2026/08/26 21:17:54.833, 1, 100 %, 40 %, 44000 MiB, 270.04 W
2026/08/26 21:17:55.513, 0, 100 %, 49 %, 45020 MiB, 266.23 W
2026/08/26 21:17:55.514, 1, 100 %, 40 %, 44000 MiB, 272.02 W
2026/08/26 21:17:56.223, 0, 100 %, 49 %, 45020 MiB, 267.22 W
2026/08/26 21:17:56.223, 1, 100 %, 42 %, 44000 MiB, 275.12 W
2026/08/26 21:17:56.851, 0, 100 %, 42 %, 45020 MiB, 247.77 W
2026/08/26 21:17:56.890, 1, 73 %, 83 %, 44000 MiB, 275.12 W
2026/08/26 21:17:57.391, 0, 100 %, 39 %, 45020 MiB, 239.12 W
2026/08/26 21:17:57.391, 1, 73 %, 83 %, 44000 MiB, 275.12 W
2026/08/26 21:17:58.048, 0, 100 %, 39 %, 45020 MiB, 239.12 W
2026/08/26 21:17:58.048, 1, 73 %, 83 %, 44000 MiB, 257.04 W
2026/08/26 21:17:58.708, 0, 100 %, 38 %, 45020 MiB, 264.85 W
2026/08/26 21:17:58.708, 1, 100 %, 44 %, 44000 MiB, 269.87 W
2026/08/26 21:17:59.364, 0, 100 %, 38 %, 45020 MiB, 264.85 W
2026/08/26 21:17:59.364, 1, 41 %, 2 %, 44000 MiB, 258.98 W
2026/08/26 21:18:00.063, 0, 100 %, 38 %, 45020 MiB, 252.56 W
2026/08/26 21:18:00.064, 1, 41 %, 2 %, 44000 MiB, 258.98 W
2026/08/26 21:18:00.705, 0, 91 %, 100 %, 45020 MiB, 261.33 W
2026/08/26 21:18:00.706, 1, 41 %, 2 %, 44000 MiB, 270.51 W
2026/08/26 21:18:01.395, 0, 91 %, 100 %, 45020 MiB, 261.33 W
2026/08/26 21:18:01.395, 1, 99 %, 100 %, 44000 MiB, 269.12 W
2026/08/26 21:18:01.966, 0, 100 %, 44 %, 45020 MiB, 236.41 W
2026/08/26 21:18:01.966, 1, 99 %, 100 %, 44000 MiB, 269.12 W
2026/08/26 21:18:02.656, 0, 75 %, 83 %, 45020 MiB, 239.63 W
2026/08/26 21:18:02.656, 1, 99 %, 100 %, 44000 MiB, 265.35 W
2026/08/26 21:18:03.206, 0, 75 %, 83 %, 45020 MiB, 239.63 W
2026/08/26 21:18:03.206, 1, 10 %, 1 %, 44000 MiB, 247.20 W
2026/08/26 21:18:03.895, 0, 75 %, 83 %, 45020 MiB, 260.02 W
2026/08/26 21:18:03.895, 1, 10 %, 1 %, 44000 MiB, 247.20 W
2026/08/26 21:18:04.574, 0, 100 %, 38 %, 45020 MiB, 260.02 W
2026/08/26 21:18:04.574, 1, 10 %, 1 %, 44000 MiB, 268.93 W
2026/08/26 21:18:05.205, 0, 100 %, 38 %, 45020 MiB, 260.02 W
2026/08/26 21:18:05.205, 1, 100 %, 85 %, 44000 MiB, 271.10 W
2026/08/26 21:18:05.882, 0, 100 %, 38 %, 45020 MiB, 266.17 W
2026/08/26 21:18:05.882, 1, 100 %, 38 %, 44000 MiB, 271.87 W
2026/08/26 21:18:06.544, 0, 43 %, 45 %, 45020 MiB, 266.17 W
2026/08/26 21:18:06.544, 1, 100 %, 38 %, 44000 MiB, 271.87 W
2026/08/26 21:18:07.223, 0, 43 %, 45 %, 45020 MiB, 266.17 W
2026/08/26 21:18:07.224, 1, 100 %, 38 %, 44000 MiB, 275.62 W
2026/08/26 21:18:07.902, 0, 100 %, 41 %, 45020 MiB, 263.09 W
2026/08/26 21:18:07.902, 1, 100 %, 50 %, 44000 MiB, 268.58 W
2026/08/26 21:18:08.552, 0, 38 %, 42 %, 45020 MiB, 263.09 W
2026/08/26 21:18:08.552, 1, 76 %, 23 %, 44000 MiB, 271.02 W
2026/08/26 21:18:09.271, 0, 38 %, 42 %, 45020 MiB, 259.71 W
2026/08/26 21:18:09.272, 1, 76 %, 23 %, 44000 MiB, 271.02 W
2026/08/26 21:18:09.878, 0, 0 %, 0 %, 45020 MiB, 241.27 W
2026/08/26 21:18:09.878, 1, 100 %, 41 %, 44000 MiB, 256.46 W
2026/08/26 21:18:10.587, 0, 0 %, 0 %, 45020 MiB, 241.27 W
2026/08/26 21:18:10.587, 1, 100 %, 41 %, 44000 MiB, 256.46 W
2026/08/26 21:18:11.144, 0, 0 %, 0 %, 45020 MiB, 241.27 W
2026/08/26 21:18:11.144, 1, 100 %, 41 %, 44000 MiB, 256.46 W
2026/08/26 21:18:11.840, 0, 100 %, 41 %, 45020 MiB, 260.88 W
2026/08/26 21:18:11.840, 1, 100 %, 39 %, 44000 MiB, 266.92 W
2026/08/26 21:18:12.535, 0, 100 %, 41 %, 45020 MiB, 260.88 W
2026/08/26 21:18:12.535, 1, 100 %, 50 %, 44000 MiB, 266.92 W
2026/08/26 21:18:13.167, 0, 100 %, 41 %, 45020 MiB, 260.11 W
2026/08/26 21:18:13.167, 1, 100 %, 50 %, 44000 MiB, 266.92 W
2026/08/26 21:18:13.862, 0, 100 %, 43 %, 45020 MiB, 265.21 W
2026/08/26 21:18:13.862, 1, 100 %, 50 %, 44000 MiB, 274.74 W
2026/08/26 21:18:14.523, 0, 100 %, 43 %, 45020 MiB, 265.21 W
2026/08/26 21:18:14.523, 1, 64 %, 17 %, 44000 MiB, 272.88 W
2026/08/26 21:18:15.185, 0, 100 %, 43 %, 45020 MiB, 267.79 W
2026/08/26 21:18:15.185, 1, 64 %, 17 %, 44000 MiB, 272.88 W
2026/08/26 21:18:15.728, 0, 100 %, 41 %, 45020 MiB, 240.16 W
2026/08/26 21:18:15.728, 1, 64 %, 17 %, 44000 MiB, 243.68 W
2026/08/26 21:18:16.410, 0, 29 %, 32 %, 45020 MiB, 248.12 W
2026/08/26 21:18:16.410, 1, 100 %, 38 %, 44000 MiB, 259.19 W
2026/08/26 21:18:17.122, 0, 29 %, 32 %, 45020 MiB, 262.87 W
2026/08/26 21:18:17.122, 1, 100 %, 42 %, 44000 MiB, 259.19 W
2026/08/26 21:18:17.787, 0, 99 %, 38 %, 45020 MiB, 240.73 W
2026/08/26 21:18:17.787, 1, 100 %, 42 %, 44000 MiB, 272.69 W
2026/08/26 21:18:18.420, 0, 99 %, 38 %, 45020 MiB, 240.73 W
2026/08/26 21:18:18.420, 1, 100 %, 39 %, 44000 MiB, 244.58 W
2026/08/26 21:18:19.098, 0, 99 %, 38 %, 45020 MiB, 264.88 W
2026/08/26 21:18:19.098, 1, 100 %, 39 %, 44000 MiB, 244.58 W
2026/08/26 21:18:19.819, 0, 100 %, 41 %, 45020 MiB, 261.60 W
2026/08/26 21:18:19.819, 1, 100 %, 39 %, 44000 MiB, 270.43 W
2026/08/26 21:18:20.434, 0, 100 %, 41 %, 45020 MiB, 261.60 W
2026/08/26 21:18:20.434, 1, 1 %, 0 %, 44000 MiB, 247.90 W
2026/08/26 21:18:21.127, 0, 100 %, 41 %, 45020 MiB, 236.78 W
2026/08/26 21:18:21.128, 1, 1 %, 0 %, 44000 MiB, 247.90 W
2026/08/26 21:18:21.823, 0, 100 %, 42 %, 45020 MiB, 259.47 W
2026/08/26 21:18:21.823, 1, 100 %, 48 %, 44000 MiB, 267.43 W
2026/08/26 21:18:22.471, 0, 100 %, 42 %, 45020 MiB, 259.47 W
2026/08/26 21:18:22.471, 1, 0 %, 0 %, 44000 MiB, 271.73 W
2026/08/26 21:18:23.096, 0, 100 %, 41 %, 45020 MiB, 238.60 W
2026/08/26 21:18:23.096, 1, 0 %, 0 %, 44000 MiB, 271.73 W
2026/08/26 21:18:23.757, 0, 100 %, 41 %, 45020 MiB, 238.60 W
2026/08/26 21:18:23.758, 1, 0 %, 0 %, 44000 MiB, 271.73 W
2026/08/26 21:18:24.472, 0, 100 %, 41 %, 45020 MiB, 259.00 W
2026/08/26 21:18:24.473, 1, 100 %, 38 %, 44000 MiB, 267.55 W
2026/08/26 21:18:25.137, 0, 69 %, 20 %, 45020 MiB, 261.48 W
2026/08/26 21:18:25.137, 1, 100 %, 41 %, 44000 MiB, 267.55 W
2026/08/26 21:18:25.801, 0, 69 %, 20 %, 45020 MiB, 263.13 W
2026/08/26 21:18:25.801, 1, 100 %, 41 %, 44000 MiB, 272.39 W
2026/08/26 21:18:26.442, 0, 100 %, 42 %, 45020 MiB, 245.73 W
2026/08/26 21:18:26.443, 1, 100 %, 39 %, 44000 MiB, 253.42 W
2026/08/26 21:18:27.096, 0, 0 %, 0 %, 45020 MiB, 245.73 W
2026/08/26 21:18:27.155, 1, 100 %, 39 %, 44000 MiB, 253.42 W
2026/08/26 21:18:27.656, 0, 0 %, 0 %, 45020 MiB, 245.73 W
2026/08/26 21:18:27.656, 1, 100 %, 39 %, 44000 MiB, 253.42 W
2026/08/26 21:18:28.316, 0, 0 %, 0 %, 45020 MiB, 258.45 W
2026/08/26 21:18:28.317, 1, 100 %, 38 %, 44000 MiB, 268.22 W
2026/08/26 21:18:28.997, 0, 100 %, 41 %, 45020 MiB, 258.45 W
2026/08/26 21:18:28.997, 1, 100 %, 39 %, 44000 MiB, 268.22 W
2026/08/26 21:18:29.650, 0, 100 %, 41 %, 45020 MiB, 263.19 W
2026/08/26 21:18:29.650, 1, 100 %, 39 %, 44000 MiB, 268.22 W
2026/08/26 21:18:30.336, 0, 100 %, 39 %, 45020 MiB, 261.42 W
2026/08/26 21:18:30.336, 1, 100 %, 86 %, 44000 MiB, 270.31 W
2026/08/26 21:18:30.927, 0, 100 %, 44 %, 45020 MiB, 261.42 W
2026/08/26 21:18:30.927, 1, 100 %, 86 %, 44000 MiB, 270.31 W
2026/08/26 21:18:31.616, 0, 100 %, 44 %, 45020 MiB, 261.42 W
2026/08/26 21:18:31.616, 1, 100 %, 86 %, 44000 MiB, 251.85 W
2026/08/26 21:18:32.171, 0, 100 %, 44 %, 45020 MiB, 196.17 W
2026/08/26 21:18:32.172, 1, 0 %, 0 %, 44000 MiB, 186.57 W
2026/08/26 21:18:32.672, 0, 0 %, 0 %, 45020 MiB, 114.75 W
2026/08/26 21:18:32.770, 1, 0 %, 0 %, 44000 MiB, 122.90 W
2026/08/26 21:18:33.408, 0, 0 %, 0 %, 45020 MiB, 114.75 W
2026/08/26 21:18:33.408, 1, 0 %, 0 %, 43998 MiB, 115.77 W
2026/08/26 21:18:33.908, 0, 0 %, 0 %, 1828 MiB, 100.83 W
2026/08/26 21:18:34.024, 1, 0 %, 0 %, 43998 MiB, 109.76 W
2026/08/26 21:18:34.658, 0, 100 %, 10 %, 1826 MiB, 107.12 W
2026/08/26 21:18:34.659, 1, 0 %, 0 %, 802 MiB, 109.76 W
2026/08/26 21:18:35.211, 0, 0 %, 0 %, 1824 MiB, 107.12 W
2026/08/26 21:18:35.212, 1, 0 %, 0 %, 802 MiB, 109.76 W
2026/08/26 21:18:35.712, 0, 0 %, 0 %, 1822 MiB, 107.12 W
2026/08/26 21:18:35.712, 1, 0 %, 0 %, 800 MiB, 109.76 W
2026/08/26 21:18:36.212, 0, 0 %, 0 %, 1822 MiB, 107.12 W
2026/08/26 21:18:36.272, 1, 0 %, 0 %, 800 MiB, 109.76 W
2026/08/26 21:18:36.908, 0, 0 %, 0 %, 1017 MiB, 107.12 W
2026/08/26 21:18:36.930, 1, 0 %, 0 %, 9 MiB, 109.76 W
2026/08/26 21:18:37.432, 0, 0 %, 0 %, 1017 MiB, 107.12 W
2026/08/26 21:18:37.432, 1, 0 %, 0 %, 9 MiB, 112.81 W
2026/08/26 21:18:37.933, 0, 0 %, 0 %, 1017 MiB, 107.12 W
2026/08/26 21:18:38.024, 1, 0 %, 0 %, 9 MiB, 108.85 W
