step	loss.hex	grad_norm.hex	llm_grad_norm.hex	mem_enc_norm.hex	param_norm.hex
0	0x1.11854c0000000p-1	0x1.81f4620000000p+5	0x1.18e9ae0000000p+5	0x1.0704fc0000000p+5	0x1.c2dda00000000p+10
1	0x1.2d337e0000000p-1	0x1.0cdeae0000000p+6	0x1.71970e0000000p+5	0x1.85bdd00000000p+5	0x1.c2dda00000000p+10
2	0x1.43e2660000000p-1	0x1.70de1e0000000p+5	0x1.12ddec0000000p+5	0x1.e782180000000p+4	0x1.c2dda00000000p+10
3	0x1.bcaa240000000p-2	0x1.bfd6f20000000p+6	0x1.45666c0000000p+6	0x1.3376de0000000p+6	0x1.c2dda00000000p+10
4	0x1.6ea5360000000p-1	0x1.75a9720000000p+5	0x1.0e3e320000000p+5	0x1.fd59ba0000000p+4	0x1.c2dda00000000p+10
5	0x1.0ae9840000000p-1	0x1.4e33d60000000p+6	0x1.f9beee0000000p+5	0x1.b43d680000000p+5	0x1.c2dda00000000p+10
6	0x1.089a000000000p-1	0x1.89b7760000000p+5	0x1.0c29c60000000p+5	0x1.1fabca0000000p+5	0x1.c2dda00000000p+10
7	0x1.b942640000000p-2	0x1.99998a0000000p+4	0x1.413e840000000p+4	0x1.f1efe00000000p+3	0x1.c2dda00000000p+10
8	0x1.5b842a0000000p-1	0x1.8bae860000000p+6	0x1.1e560e0000000p+6	0x1.10a2fa0000000p+6	0x1.c2dda00000000p+10
9	0x1.17dd600000000p-1	0x1.3610be0000000p+5	0x1.c035c40000000p+4	0x1.a743260000000p+4	0x1.c2dda00000000p+10
10	0x1.06d4ce0000000p-1	0x1.d456040000000p+5	0x1.3ca7120000000p+5	0x1.586a580000000p+5	0x1.c2dda00000000p+10
11	0x1.9515e20000000p-2	0x1.f827880000000p+4	0x1.7669ee0000000p+4	0x1.4e4c7a0000000p+4	0x1.c2dda00000000p+10
12	0x1.afd3c60000000p-2	0x1.3fea640000000p+5	0x1.ce82a00000000p+4	0x1.b58dd40000000p+4	0x1.c2dda00000000p+10
13	0x1.8c40e60000000p-2	0x1.3eaeec0000000p+6	0x1.e90f920000000p+5	0x1.9686ac0000000p+5	0x1.c2dda00000000p+10
14	0x1.1c67c00000000p-1	0x1.d2f75e0000000p+5	0x1.385b9e0000000p+5	0x1.59641e0000000p+5	0x1.c2dda00000000p+10
15	0x1.ecc4f00000000p-2	0x1.8892880000000p+4	0x1.160ba20000000p+4	0x1.1170560000000p+4	0x1.c2dda00000000p+10
16	0x1.e05d8e0000000p-2	0x1.151eec0000000p+5	0x1.7008c40000000p+4	0x1.9c72c80000000p+4	0x1.c2dda00000000p+10
17	0x1.b79c640000000p-2	0x1.d6c40e0000000p+4	0x1.55f6340000000p+4	0x1.407ca60000000p+4	0x1.c2dda00000000p+10
18	0x1.191ffe0000000p-1	0x1.4339560000000p+6	0x1.e7729e0000000p+5	0x1.a64f8e0000000p+5	0x1.c2dda00000000p+10
19	0x1.f51a060000000p-2	0x1.fe43820000000p+4	0x1.6fd64a0000000p+4	0x1.5c5b6a0000000p+4	0x1.c2dda00000000p+10
20	0x1.ddf7fa0000000p-2	0x1.7e9f8e0000000p+5	0x1.0b7bfc0000000p+5	0x1.0fed7a0000000p+5	0x1.c2dda00000000p+10
21	0x1.7e061a0000000p-2	0x1.6f5b520000000p+5	0x1.f413ae0000000p+4	0x1.0c11860000000p+5	0x1.c2dda00000000p+10
22	0x1.75f7960000000p-2	0x1.4f4fe00000000p+4	0x1.eff83c0000000p+3	0x1.b9d5c40000000p+3	0x1.c2dda00000000p+10
23	0x1.a93cca0000000p-2	0x1.04691c0000000p+5	0x1.71d52c0000000p+4	0x1.6bf7760000000p+4	0x1.c2dda00000000p+10
24	0x1.0ec4ce0000000p-1	0x1.f446680000000p+4	0x1.63a3bc0000000p+4	0x1.5c44920000000p+4	0x1.c2dda00000000p+10
25	0x1.203eca0000000p-1	0x1.0a7e180000000p+5	0x1.7d62e60000000p+4	0x1.71673a0000000p+4	0x1.c2dda00000000p+10
26	0x1.b7409a0000000p-2	0x1.0f39960000000p+6	0x1.9947640000000p+5	0x1.63440c0000000p+5	0x1.c2dda00000000p+10
27	0x1.c80dc00000000p-2	0x1.3751360000000p+5	0x1.a86ece0000000p+4	0x1.c49d760000000p+4	0x1.c2dda00000000p+10
28	0x1.f991800000000p-2	0x1.70706c0000000p+5	0x1.f655d00000000p+4	0x1.0c7f940000000p+5	0x1.c2dda00000000p+10
29	0x1.a50a9a0000000p-2	0x1.34f6180000000p+5	0x1.de0d140000000p+4	0x1.864e1c0000000p+4	0x1.c2dda00000000p+10
30	0x1.6293160000000p-2	0x1.8217100000000p+5	0x1.1fbc860000000p+5	0x1.00a8520000000p+5	0x1.c2dda00000000p+10
31	0x1.4726da0000000p-2	0x1.a3a3560000000p+5	0x1.0a90c40000000p+5	0x1.431bde0000000p+5	0x1.c2dda00000000p+10
32	0x1.17a16e0000000p-2	0x1.8d86ca0000000p+4	0x1.1858560000000p+4	0x1.1622120000000p+4	0x1.c2dda00000000p+10
33	0x1.406c8a0000000p-2	0x1.3e2a1e0000000p+4	0x1.d8ce880000000p+3	0x1.a25fa40000000p+3	0x1.c2dda00000000p+10
34	0x1.c6e8a60000000p-2	0x1.9d91f20000000p+4	0x1.377f360000000p+4	0x1.0a629c0000000p+4	0x1.c2dda00000000p+10
35	0x1.3ba34e0000000p-2	0x1.06e1060000000p+4	0x1.7af54c0000000p+3	0x1.6081f00000000p+3	0x1.c2dda00000000p+10
36	0x1.b1503a0000000p-2	0x1.5333980000000p+5	0x1.dd94240000000p+4	0x1.e0888c0000000p+4	0x1.c2dda00000000p+10
37	0x1.fc88aa0000000p-3	0x1.9824180000000p+3	0x1.29c3b20000000p+3	0x1.125afc0000000p+3	0x1.c2dda00000000p+10
38	0x1.3fb1ee0000000p-2	0x1.4e4ce80000000p+5	0x1.e2294c0000000p+4	0x1.ce612c0000000p+4	0x1.c2dda40000000p+10
39	0x1.5c54800000000p-2	0x1.66b2d00000000p+5	0x1.0e13c20000000p+5	0x1.d6acb40000000p+4	0x1.c2dda00000000p+10
40	0x1.66f10e0000000p-2	0x1.a407360000000p+4	0x1.36097c0000000p+4	0x1.19da340000000p+4	0x1.c2dda00000000p+10
41	0x1.db2bc40000000p-2	0x1.1e67e60000000p+5	0x1.a7c2ce0000000p+4	0x1.7f55380000000p+4	0x1.c2dda00000000p+10
42	0x1.576c700000000p-2	0x1.79e09a0000000p+3	0x1.1b499a0000000p+3	0x1.e6e6460000000p+2	0x1.c2dda00000000p+10
43	0x1.6a3abe0000000p-2	0x1.dc5f200000000p+4	0x1.45d78a0000000p+4	0x1.5a0be00000000p+4	0x1.c2dda00000000p+10
44	0x1.0bb4700000000p-2	0x1.ecea580000000p+3	0x1.5cfb4c0000000p+3	0x1.583df80000000p+3	0x1.c2dda40000000p+10
45	0x1.77810a0000000p-2	0x1.3a8a440000000p+7	0x1.cf516c0000000p+6	0x1.a96f6e0000000p+6	0x1.c2dda40000000p+10
46	0x1.1ad8720000000p-2	0x1.824d340000000p+5	0x1.1a4e040000000p+5	0x1.06238a0000000p+5	0x1.c2dda00000000p+10
47	0x1.fbb91a0000000p-2	0x1.bf84760000000p+4	0x1.2767a80000000p+4	0x1.4b8cc00000000p+4	0x1.c2dda40000000p+10
48	0x1.00ea260000000p-2	0x1.87dd560000000p+3	0x1.355efe0000000p+3	0x1.d753a00000000p+2	0x1.c2dda40000000p+10
49	0x1.e5cb3a0000000p-3	0x1.f999c60000000p+3	0x1.5126080000000p+3	0x1.757ff60000000p+3	0x1.c2dda00000000p+10
50	0x1.bc68c60000000p-2	0x1.5881e80000000p+5	0x1.ebac200000000p+4	0x1.dff7fe0000000p+4	0x1.c2dda00000000p+10
51	0x1.d5ca140000000p-3	0x1.5bbb020000000p+4	0x1.c0e0920000000p+3	0x1.07f5660000000p+4	0x1.c2dda40000000p+10
52	0x1.2c15d20000000p-2	0x1.d9cf420000000p+3	0x1.573d4e0000000p+3	0x1.41cecc0000000p+3	0x1.c2dda40000000p+10
53	0x1.015aae0000000p-2	0x1.d60a4e0000000p+4	0x1.5da8920000000p+4	0x1.38e0d60000000p+4	0x1.c2dda40000000p+10
54	0x1.fed85e0000000p-3	0x1.82a71e0000000p+4	0x1.04beee0000000p+4	0x1.1c668e0000000p+4	0x1.c2dda40000000p+10
55	0x1.1ec5500000000p-2	0x1.6402560000000p+5	0x1.055a9e0000000p+5	0x1.e17d060000000p+4	0x1.c2dda40000000p+10
56	0x1.0614c40000000p-2	0x1.85541e0000000p+5	0x1.1b79fe0000000p+5	0x1.0a99100000000p+5	0x1.c2dda40000000p+10
57	0x1.0a22360000000p-2	0x1.59b3460000000p+4	0x1.ebe2ac0000000p+3	0x1.e312320000000p+3	0x1.c2dda40000000p+10
58	0x1.82d0c60000000p-2	0x1.949a580000000p+5	0x1.0af0f20000000p+5	0x1.2f5bdc0000000p+5	0x1.c2dda40000000p+10
59	0x1.362e180000000p-2	0x1.94d5d20000000p+5	0x1.19c2bc0000000p+5	0x1.22873e0000000p+5	0x1.c2dda40000000p+10
60	0x1.6e81140000000p-3	0x1.dae9140000000p+2	0x1.59990e0000000p+2	0x1.3ecc7a0000000p+2	0x1.c2dda40000000p+10
61	0x1.2eff0e0000000p-3	0x1.5249480000000p+2	0x1.f43c260000000p+1	0x1.bb633e0000000p+1	0x1.c2dda40000000p+10
62	0x1.5c24e60000000p-3	0x1.4d30600000000p+2	0x1.de04800000000p+1	0x1.c507580000000p+1	0x1.c2dda40000000p+10
63	0x1.2bcd3a0000000p-2	0x1.1224f20000000p+4	0x1.9046120000000p+3	0x1.73bf2c0000000p+3	0x1.c2dda40000000p+10
64	0x1.6a5be60000000p-3	0x1.40565c0000000p+6	0x1.e7ae160000000p+5	0x1.9f67e60000000p+5	0x1.c2dda40000000p+10
65	0x1.5298980000000p-2	0x1.dd4eb20000000p+3	0x1.65da920000000p+3	0x1.343c240000000p+3	0x1.c2dda40000000p+10
66	0x1.cfab3a0000000p-3	0x1.bdeb140000000p+3	0x1.3fd6320000000p+3	0x1.340d2e0000000p+3	0x1.c2dda40000000p+10
67	0x1.a2af2e0000000p-3	0x1.d1b1840000000p+3	0x1.576ebc0000000p+3	0x1.389c820000000p+3	0x1.c2dda40000000p+10
68	0x1.e1668e0000000p-3	0x1.4a6ea40000000p+4	0x1.095caa0000000p+4	0x1.8875f40000000p+3	0x1.c2dda40000000p+10
69	0x1.b4fefe0000000p-3	0x1.062eb40000000p+5	0x1.6ba6400000000p+4	0x1.788f6c0000000p+4	0x1.c2dda40000000p+10
70	0x1.10b0740000000p-2	0x1.2b38aa0000000p+4	0x1.6f1e500000000p+3	0x1.d6d85e0000000p+3	0x1.c2dda40000000p+10
71	0x1.b90aba0000000p-3	0x1.16828c0000000p+5	0x1.89f53a0000000p+4	0x1.8924020000000p+4	0x1.c2dda40000000p+10
72	0x1.037e200000000p-2	0x1.f2b78a0000000p+6	0x1.5eed8e0000000p+6	0x1.622c980000000p+6	0x1.c2dda40000000p+10
73	0x1.7f5e160000000p-3	0x1.79c6840000000p+4	0x1.17dc9c0000000p+4	0x1.fac30a0000000p+3	0x1.c2dda40000000p+10
74	0x1.db1f100000000p-3	0x1.1d6ede0000000p+4	0x1.95c6140000000p+3	0x1.8f6a5e0000000p+3	0x1.c2dda40000000p+10
75	0x1.4316480000000p-2	0x1.5813e40000000p+4	0x1.fa574a0000000p+3	0x1.d103880000000p+3	0x1.c2dda40000000p+10
76	0x1.21132a0000000p-2	0x1.23ea1c0000000p+6	0x1.b036840000000p+5	0x1.88518a0000000p+5	0x1.c2dda40000000p+10
77	0x1.0db0ce0000000p-3	0x1.81b20e0000000p+3	0x1.16ccb60000000p+3	0x1.0881980000000p+3	0x1.c2dda40000000p+10
78	0x1.409e100000000p-3	0x1.3b6fce0000000p+3	0x1.a2dbda0000000p+2	0x1.d4af0c0000000p+2	0x1.c2dda40000000p+10
79	0x1.4924f00000000p-3	0x1.39687e0000000p+3	0x1.d54e700000000p+2	0x1.9b34e60000000p+2	0x1.c2dda40000000p+10
80	0x1.84573c0000000p-3	0x1.91d00c0000000p+2	0x1.27ea460000000p+2	0x1.f9851c0000000p+1	0x1.c2dda40000000p+10
81	0x1.a1fd600000000p-3	0x1.e0292a0000000p+6	0x1.65b8f80000000p+6	0x1.4047600000000p+6	0x1.c2dda40000000p+10
82	0x1.38a7f00000000p-3	0x1.01f1b60000000p+3	0x1.8e66720000000p+2	0x1.44428e0000000p+2	0x1.c2dda40000000p+10
83	0x1.62053e0000000p-3	0x1.5b21ca0000000p+3	0x1.f989560000000p+2	0x1.d9aa140000000p+2	0x1.c2dda40000000p+10
84	0x1.3810ae0000000p-3	0x1.17c7520000000p+6	0x1.74ac760000000p+5	0x1.a147fa0000000p+5	0x1.c2dda40000000p+10
85	0x1.bbf4940000000p-3	0x1.2aca9c0000000p+4	0x1.a667820000000p+3	0x1.a5c6240000000p+3	0x1.c2dda40000000p+10
86	0x1.c4a5ce0000000p-3	0x1.5d7bfc0000000p+5	0x1.fbb5680000000p+4	0x1.dfd7a80000000p+4	0x1.c2dda60000000p+10
87	0x1.a548140000000p-3	0x1.1ec7ea0000000p+5	0x1.99fcb00000000p+4	0x1.90f1080000000p+4	0x1.c2dda60000000p+10
88	0x1.2d872e0000000p-3	0x1.7acb8e0000000p+2	0x1.099ba80000000p+2	0x1.0a86e40000000p+2	0x1.c2dda60000000p+10
89	0x1.6217ca0000000p-3	0x1.5a64520000000p+5	0x1.f8c9080000000p+4	0x1.da5b5a0000000p+4	0x1.c2dda60000000p+10
90	0x1.304bb40000000p-3	0x1.894aba0000000p+1	0x1.27136a0000000p+1	0x1.f10faa0000000p+0	0x1.c2dda60000000p+10
91	0x1.1770c60000000p-3	0x1.2d42500000000p+2	0x1.84ed420000000p+1	0x1.c39cb60000000p+1	0x1.c2dda60000000p+10
92	0x1.1224ba0000000p-3	0x1.51b27c0000000p+2	0x1.f72c2e0000000p+1	0x1.bc15ac0000000p+1	0x1.c2dda60000000p+10
93	0x1.92c2140000000p-3	0x1.13007c0000000p+3	0x1.85bfc40000000p+2	0x1.7f3eb20000000p+2	0x1.c2dda60000000p+10
94	0x1.e5509a0000000p-3	0x1.b97ae80000000p+3	0x1.1e17140000000p+3	0x1.4ad8dc0000000p+3	0x1.c2dda60000000p+10
95	0x1.d6f2b40000000p-3	0x1.e16d5a0000000p+5	0x1.3dd64c0000000p+5	0x1.6979600000000p+5	0x1.c2dda60000000p+10
96	0x1.fa4cea0000000p-4	0x1.e210880000000p+2	0x1.6e5be20000000p+2	0x1.35545c0000000p+2	0x1.c2dda60000000p+10
97	0x1.23f8a60000000p-3	0x1.3606cc0000000p+5	0x1.b5b7200000000p+4	0x1.b6f83e0000000p+4	0x1.c2dda60000000p+10
98	0x1.688ec60000000p-3	0x1.d9f7240000000p+6	0x1.5cfc460000000p+6	0x1.40ae760000000p+6	0x1.c2dda60000000p+10
99	0x1.a459e60000000p-3	0x1.6264660000000p+4	0x1.e080d80000000p+3	0x1.0419020000000p+4	0x1.c2dda60000000p+10
100	0x1.80d99c0000000p-3	0x1.b0bb460000000p+4	0x1.5f8fce0000000p+4	0x1.f7aaea0000000p+3	0x1.c2dda60000000p+10
101	0x1.60ad2c0000000p-3	0x1.5566280000000p+4	0x1.f2eca80000000p+3	0x1.d136ae0000000p+3	0x1.c2dda60000000p+10
102	0x1.20e5ba0000000p-3	0x1.5637120000000p+5	0x1.ed95060000000p+4	0x1.d9ec440000000p+4	0x1.c2dda60000000p+10
103	0x1.65ccca0000000p-3	0x1.a81b400000000p+3	0x1.37d9720000000p+3	0x1.1e18e00000000p+3	0x1.c2dda60000000p+10
104	0x1.408a300000000p-3	0x1.d82bd80000000p+2	0x1.3889a80000000p+2	0x1.5cc9f60000000p+2	0x1.c2dda60000000p+10
105	0x1.22bc6c0000000p-2	0x1.308d980000000p+5	0x1.fdc0500000000p+4	0x1.4a3abe0000000p+4	0x1.c2dda60000000p+10
106	0x1.f37f0e0000000p-4	0x1.7f14960000000p+1	0x1.1fa6840000000p+1	0x1.e57e440000000p+0	0x1.c2dda60000000p+10
107	0x1.12ffe60000000p-2	0x1.d9940a0000000p+3	0x1.6c18a60000000p+3	0x1.2998660000000p+3	0x1.c2dda60000000p+10
108	0x1.9576f00000000p-3	0x1.175e440000000p+5	0x1.8bd4900000000p+4	0x1.8a114c0000000p+4	0x1.c2dda60000000p+10
109	0x1.3169660000000p-3	0x1.0f8f9e0000000p+4	0x1.72d8560000000p+3	0x1.8bef340000000p+3	0x1.c2dda60000000p+10
110	0x1.f6bf0e0000000p-4	0x1.77953e0000000p+3	0x1.1b34960000000p+3	0x1.e95de20000000p+2	0x1.c2dda60000000p+10
111	0x1.5e4ea20000000p-3	0x1.6d3b440000000p+2	0x1.1eecda0000000p+2	0x1.aa9cf00000000p+1	0x1.c2dda60000000p+10
112	0x1.a8f3c60000000p-4	0x1.852f940000000p+3	0x1.21adf40000000p+3	0x1.030e5c0000000p+3	0x1.c2dda60000000p+10
113	0x1.a681ae0000000p-3	0x1.29bcac0000000p+4	0x1.c7e2600000000p+3	0x1.7cf1980000000p+3	0x1.c2dda60000000p+10
114	0x1.1f7b140000000p-3	0x1.f4c73c0000000p+2	0x1.6484800000000p+2	0x1.5b63a80000000p+2	0x1.c2dda60000000p+10
115	0x1.5137220000000p-3	0x1.f72e220000000p+3	0x1.30f8840000000p+3	0x1.8fa6d40000000p+3	0x1.c2dda60000000p+10
116	0x1.17e0700000000p-3	0x1.4030180000000p+2	0x1.dfc3360000000p+1	0x1.a0da300000000p+1	0x1.c2dda60000000p+10
117	0x1.19d96e0000000p-3	0x1.317d4a0000000p+2	0x1.cdbdf80000000p+1	0x1.8758940000000p+1	0x1.c2dda60000000p+10
118	0x1.7d983a0000000p-3	0x1.922ddc0000000p+4	0x1.253c5a0000000p+4	0x1.1255100000000p+4	0x1.c2dda60000000p+10
119	0x1.fcd7c60000000p-4	0x1.bcafce0000000p+2	0x1.4c0a6c0000000p+2	0x1.2372d60000000p+2	0x1.c2dda60000000p+10
120	0x1.3f6e8e0000000p-3	0x1.39aad80000000p+3	0x1.d51b7e0000000p+2	0x1.9e47b20000000p+2	0x1.c2dda60000000p+10
121	0x1.8690180000000p-3	0x1.79da600000000p+4	0x1.074cc00000000p+4	0x1.0e4e4e0000000p+4	0x1.c2dda60000000p+10
122	0x1.1848a40000000p-3	0x1.7957b40000000p+2	0x1.2513e40000000p+2	0x1.d5afbc0000000p+1	0x1.c2dda60000000p+10
123	0x1.9c09f40000000p-4	0x1.56570c0000000p+2	0x1.d098520000000p+1	0x1.f0b3fc0000000p+1	0x1.c2dda60000000p+10
124	0x1.ef7c060000000p-3	0x1.c4ea000000000p+6	0x1.4beaf60000000p+6	0x1.33fa160000000p+6	0x1.c2dda60000000p+10
125	0x1.6aa6760000000p-3	0x1.335aea0000000p+5	0x1.cca4dc0000000p+4	0x1.96daec0000000p+4	0x1.c2dda80000000p+10
126	0x1.0ef6080000000p-3	0x1.73b0560000000p+2	0x1.1116740000000p+2	0x1.f48b800000000p+1	0x1.c2dda80000000p+10
127	0x1.ba7fee0000000p-4	0x1.61a0500000000p+3	0x1.f7beac0000000p+2	0x1.ef6dac0000000p+2	0x1.c2dda80000000p+10
128	0x1.c76f9e0000000p-4	0x1.662d180000000p+2	0x1.1448140000000p+2	0x1.c124c60000000p+1	0x1.c2dda80000000p+10
129	0x1.54d4320000000p-3	0x1.763bd00000000p+6	0x1.13b7880000000p+6	0x1.f9fee60000000p+5	0x1.c2dda80000000p+10
130	0x1.7719440000000p-3	0x1.c405920000000p+5	0x1.47b3180000000p+5	0x1.3739f20000000p+5	0x1.c2dda80000000p+10
131	0x1.372ab60000000p-3	0x1.58571a0000000p+3	0x1.f1f00e0000000p+2	0x1.d8975e0000000p+2	0x1.c2dda80000000p+10
132	0x1.2b2a5a0000000p-3	0x1.1e668e0000000p+3	0x1.9f05c00000000p+2	0x1.89347e0000000p+2	0x1.c2dda80000000p+10
133	0x1.4337ba0000000p-3	0x1.c21e220000000p+2	0x1.4f6d1a0000000p+2	0x1.242e3c0000000p+2	0x1.c2dda80000000p+10
134	0x1.0dbd0e0000000p-3	0x1.662e8e0000000p+4	0x1.feaaaa0000000p+3	0x1.f5ce4e0000000p+3	0x1.c2dda80000000p+10
135	0x1.cd48c00000000p-4	0x1.afbe940000000p+2	0x1.3d0a000000000p+2	0x1.2317380000000p+2	0x1.c2dda80000000p+10
136	0x1.017aae0000000p-3	0x1.a697600000000p+2	0x1.444d0e0000000p+2	0x1.0c2f340000000p+2	0x1.c2dda80000000p+10
137	0x1.d53c2a0000000p-4	0x1.6f1c4a0000000p+3	0x1.f28ba20000000p+2	0x1.0bc4b00000000p+3	0x1.c2dda80000000p+10
138	0x1.a030b40000000p-4	0x1.bca7520000000p+2	0x1.50094c0000000p+2	0x1.2076260000000p+2	0x1.c2dda80000000p+10
139	0x1.517f6c0000000p-4	0x1.06b3aa0000000p+3	0x1.91faee0000000p+2	0x1.50d2440000000p+2	0x1.c2dda80000000p+10
140	0x1.c0abb40000000p-4	0x1.8669fc0000000p+2	0x1.4069840000000p+2	0x1.b939840000000p+1	0x1.c2dda80000000p+10
141	0x1.c5e4600000000p-4	0x1.177b8e0000000p+2	0x1.98653c0000000p+1	0x1.76e53a0000000p+1	0x1.c2dda80000000p+10
142	0x1.07c83a0000000p-3	0x1.1c777e0000000p+2	0x1.acfb380000000p+1	0x1.7108e20000000p+1	0x1.c2dda80000000p+10
143	0x1.e1a37e0000000p-4	0x1.cb95000000000p+2	0x1.2bc65c0000000p+2	0x1.5a7cf60000000p+2	0x1.c2dda80000000p+10
144	0x1.2fab900000000p-3	0x1.503cfc0000000p+7	0x1.ea4ae20000000p+6	0x1.cc3c6e0000000p+6	0x1.c2dda80000000p+10
145	0x1.983bea0000000p-4	0x1.39021e0000000p+2	0x1.d2da8a0000000p+1	0x1.9ba0c60000000p+1	0x1.c2dda80000000p+10
146	0x1.b885400000000p-4	0x1.a300160000000p+2	0x1.3c37a40000000p+2	0x1.10fd9a0000000p+2	0x1.c2dda60000000p+10
147	0x1.32d28c0000000p-3	0x1.a484fe0000000p+5	0x1.42609e0000000p+5	0x1.0de6f60000000p+5	0x1.c2dda60000000p+10
148	0x1.e5684a0000000p-4	0x1.121d320000000p+2	0x1.a79bd80000000p+1	0x1.5396a80000000p+1	0x1.c2dda80000000p+10
149	0x1.cd623e0000000p-4	0x1.2e57ce0000000p+2	0x1.b7b6fc0000000p+1	0x1.9ba5ce0000000p+1	0x1.c2dda80000000p+10
150	0x1.13825a0000000p-3	0x1.c1eb6a0000000p+4	0x1.3f8a080000000p+4	0x1.3c9aac0000000p+4	0x1.c2dda80000000p+10
151	0x1.6159b80000000p-4	0x1.98f2480000000p+1	0x1.24631e0000000p+1	0x1.1868580000000p+1	0x1.c2dda80000000p+10
152	0x1.d138e60000000p-4	0x1.38cf760000000p+4	0x1.c5722a0000000p+3	0x1.aeb4560000000p+3	0x1.c2dda80000000p+10
153	0x1.f7b5c60000000p-4	0x1.d021c80000000p+4	0x1.5cbb480000000p+4	0x1.3222540000000p+4	0x1.c2dda80000000p+10
154	0x1.5f7ffa0000000p-3	0x1.8055080000000p+5	0x1.1f35340000000p+5	0x1.fe89de0000000p+4	0x1.c2dda80000000p+10
155	0x1.a8727e0000000p-4	0x1.54fb720000000p+2	0x1.b2721a0000000p+1	0x1.045a960000000p+2	0x1.c2dda80000000p+10
156	0x1.1e3b2e0000000p-3	0x1.c196b60000000p+2	0x1.2a9f1e0000000p+2	0x1.4ea5260000000p+2	0x1.c2dda80000000p+10
157	0x1.1d85640000000p-2	0x1.901bcc0000000p+5	0x1.2f71220000000p+5	0x1.0451b40000000p+5	0x1.c2dda80000000p+10
158	0x1.ef1a740000000p-3	0x1.d365220000000p+7	0x1.627d780000000p+7	0x1.3092ec0000000p+7	0x1.c2dda80000000p+10
159	0x1.9c6e900000000p-3	0x1.d6237e0000000p+5	0x1.6c295e0000000p+5	0x1.29139a0000000p+5	0x1.c2dda80000000p+10
160	0x1.69f62e0000000p-3	0x1.1eadf60000000p+5	0x1.a618ae0000000p+4	0x1.83a97c0000000p+4	0x1.c2dda80000000p+10
161	0x1.e439e00000000p-4	0x1.aa785e0000000p+3	0x1.518f840000000p+3	0x1.04425c0000000p+3	0x1.c2ddaa0000000p+10
162	0x1.2e14360000000p-3	0x1.09aa100000000p+5	0x1.904fc20000000p+4	0x1.5d0ae20000000p+4	0x1.c2ddaa0000000p+10
163	0x1.352f360000000p-3	0x1.d160380000000p+5	0x1.5895400000000p+5	0x1.38b9300000000p+5	0x1.c2ddaa0000000p+10
164	0x1.04fa0a0000000p-3	0x1.574a800000000p+4	0x1.0096b20000000p+4	0x1.c774b60000000p+3	0x1.c2ddaa0000000p+10
165	0x1.5bb38c0000000p-3	0x1.5b5da20000000p+4	0x1.06d7c40000000p+4	0x1.c4b3060000000p+3	0x1.c2dda80000000p+10
166	0x1.fab1060000000p-4	0x1.3a25480000000p+6	0x1.d297540000000p+5	0x1.a4a5d00000000p+5	0x1.c2ddaa0000000p+10
167	0x1.5788460000000p-3	0x1.319a880000000p+4	0x1.cf49b40000000p+3	0x1.8db0ce0000000p+3	0x1.c2ddaa0000000p+10
168	0x1.436fd00000000p-3	0x1.5d12e00000000p+4	0x1.149d340000000p+4	0x1.a8fb4e0000000p+3	0x1.c2ddaa0000000p+10
169	0x1.73b79e0000000p-3	0x1.8ab0f00000000p+6	0x1.4029fa0000000p+6	0x1.cd72800000000p+5	0x1.c2ddaa0000000p+10
170	0x1.7646ee0000000p-4	0x1.abfcb20000000p+5	0x1.4239100000000p+5	0x1.199a5e0000000p+5	0x1.c2ddaa0000000p+10
171	0x1.94f6600000000p-4	0x1.877e7a0000000p+3	0x1.2859480000000p+3	0x1.fec24c0000000p+2	0x1.c2ddaa0000000p+10
172	0x1.f9d44e0000000p-4	0x1.061e6c0000000p+4	0x1.9414020000000p+3	0x1.4d037c0000000p+3	0x1.c2ddaa0000000p+10
173	0x1.38cbbe0000000p-3	0x1.ff6b460000000p+6	0x1.8eb4d20000000p+6	0x1.4045560000000p+6	0x1.c2ddaa0000000p+10
174	0x1.7587840000000p-3	0x1.d173b80000000p+7	0x1.53a72e0000000p+7	0x1.3e31e00000000p+7	0x1.c2ddaa0000000p+10
175	0x1.65393a0000000p-4	0x1.57773c0000000p+2	0x1.f46e340000000p+1	0x1.d455ae0000000p+1	0x1.c2ddaa0000000p+10
176	0x1.53d1c60000000p-4	0x1.726ea60000000p+1	0x1.0d4d5a0000000p+1	0x1.f511560000000p+0	0x1.c2ddaa0000000p+10
177	0x1.76780c0000000p-4	0x1.df44640000000p+4	0x1.68a6700000000p+4	0x1.3b905e0000000p+4	0x1.c2ddaa0000000p+10
178	0x1.72480a0000000p-3	0x1.e6d1940000000p+3	0x1.6b53040000000p+3	0x1.40f84c0000000p+3	0x1.c2ddaa0000000p+10
179	0x1.725b540000000p-4	0x1.847cf00000000p+2	0x1.23e6e40000000p+2	0x1.fe27880000000p+1	0x1.c2ddaa0000000p+10
180	0x1.b87ece0000000p-4	0x1.5860980000000p+2	0x1.0aceb00000000p+2	0x1.afb7620000000p+1	0x1.c2ddaa0000000p+10
181	0x1.9326800000000p-4	0x1.2355580000000p+6	0x1.957d800000000p+5	0x1.a25d9c0000000p+5	0x1.c2ddaa0000000p+10
182	0x1.67a6460000000p-4	0x1.ef9d0c0000000p+1	0x1.7c546e0000000p+1	0x1.39493e0000000p+1	0x1.c2ddaa0000000p+10
183	0x1.99b5da0000000p-4	0x1.d38f4c0000000p+1	0x1.6a63a00000000p+1	0x1.213be60000000p+1	0x1.c2ddaa0000000p+10
184	0x1.10fcf60000000p-3	0x1.1c12020000000p+2	0x1.ad7f000000000p+1	0x1.6645020000000p+1	0x1.c2ddaa0000000p+10
185	0x1.78ff7a0000000p-4	0x1.dc7ff20000000p+3	0x1.6bdfd80000000p+3	0x1.3383080000000p+3	0x1.c2ddaa0000000p+10
186	0x1.5576ce0000000p-4	0x1.2fccdc0000000p+1	0x1.df7eec0000000p+0	0x1.629ad00000000p+0	0x1.c2ddac0000000p+10
187	0x1.f2c8900000000p-4	0x1.0d43840000000p+3	0x1.97fb1e0000000p+2	0x1.5bed500000000p+2	0x1.c2ddac0000000p+10
188	0x1.593ba80000000p-4	0x1.e7fe6a0000000p+1	0x1.5a5d3a0000000p+1	0x1.53e8a80000000p+1	0x1.c2ddac0000000p+10
189	0x1.72bbec0000000p-4	0x1.9ed4460000000p+1	0x1.2791100000000p+1	0x1.1b50f40000000p+1	0x1.c2ddac0000000p+10
190	0x1.5560060000000p-3	0x1.15b1e20000000p+3	0x1.9623500000000p+2	0x1.7081240000000p+2	0x1.c2ddac0000000p+10
191	0x1.0ed2300000000p-3	0x1.0a91900000000p+5	0x1.8415100000000p+4	0x1.6d5a2c0000000p+4	0x1.c2ddac0000000p+10
192	0x1.d2ad1a0000000p-4	0x1.ef9a0c0000000p+3	0x1.881f100000000p+3	0x1.2d4c5e0000000p+3	0x1.c2ddac0000000p+10
193	0x1.095e2e0000000p-3	0x1.c5e40c0000000p+3	0x1.4744ae0000000p+3	0x1.394ca20000000p+3	0x1.c2ddac0000000p+10
194	0x1.8df24e0000000p-4	0x1.9c6b620000000p+2	0x1.0eb6a00000000p+2	0x1.3563460000000p+2	0x1.c2ddac0000000p+10
195	0x1.429c640000000p-4	0x1.35fa620000000p+1	0x1.dea1560000000p+0	0x1.79772a0000000p+0	0x1.c2ddac0000000p+10
196	0x1.20a00e0000000p-3	0x1.8016960000000p+4	0x1.0d3ada0000000p+4	0x1.11b13e0000000p+4	0x1.c2ddac0000000p+10
197	0x1.a731ee0000000p-4	0x1.e242600000000p+1	0x1.71d1420000000p+1	0x1.2d78800000000p+1	0x1.c2ddac0000000p+10
198	0x1.aafbf40000000p-4	0x1.9c42c40000000p+4	0x1.28ba880000000p+4	0x1.1de4860000000p+4	0x1.c2ddac0000000p+10
199	0x1.40c54a0000000p-4	0x1.fc8bbe0000000p+0	0x1.8ce2460000000p+0	0x1.2aa53c0000000p+0	0x1.c2ddac0000000p+10
200	0x1.9db4c60000000p-4	0x1.62fc000000000p+2	0x1.0d56c80000000p+2	0x1.c9df6c0000000p+1	0x1.c2ddac0000000p+10
201	0x1.125dae0000000p-4	0x1.2bc8f80000000p+1	0x1.cf32040000000p+0	0x1.68de480000000p+0	0x1.c2ddac0000000p+10
202	0x1.0703e60000000p-4	0x1.1e9fb60000000p+1	0x1.afe8de0000000p+0	0x1.721c280000000p+0	0x1.c2ddac0000000p+10
203	0x1.52a3ca0000000p-4	0x1.1025880000000p+1	0x1.9d759a0000000p+0	0x1.4d68960000000p+0	0x1.c2ddac0000000p+10
204	0x1.67cf920000000p-4	0x1.45c97e0000000p+1	0x1.eed8c40000000p+0	0x1.9724240000000p+0	0x1.c2ddac0000000p+10
205	0x1.380c100000000p-4	0x1.511c600000000p+2	0x1.ef8e460000000p+1	0x1.c6a2c00000000p+1	0x1.c2ddae0000000p+10
206	0x1.93c7640000000p-4	0x1.1b14340000000p+2	0x1.8d3dfc0000000p+1	0x1.8fbd7c0000000p+1	0x1.c2ddae0000000p+10
207	0x1.bbd40a0000000p-4	0x1.a657520000000p+3	0x1.2b832a0000000p+3	0x1.292de20000000p+3	0x1.c2ddae0000000p+10
208	0x1.d3d92e0000000p-5	0x1.150dfa0000000p+1	0x1.950ca60000000p+0	0x1.719e100000000p+0	0x1.c2ddae0000000p+10
209	0x1.2ae0ce0000000p-3	0x1.44ef080000000p+2	0x1.ea370e0000000p+1	0x1.9c11ee0000000p+1	0x1.c2ddae0000000p+10
210	0x1.5e20860000000p-4	0x1.400b6c0000000p+1	0x1.dd130e0000000p+0	0x1.9f8a1e0000000p+0	0x1.c2ddb00000000p+10
211	0x1.7e36f80000000p-4	0x1.52297c0000000p+1	0x1.ecc32a0000000p+0	0x1.c1fdac0000000p+0	0x1.c2ddb00000000p+10
212	0x1.7b79420000000p-4	0x1.63e23e0000000p+2	0x1.0457660000000p+2	0x1.e1d2800000000p+1	0x1.c2ddb00000000p+10
213	0x1.361fde0000000p-4	0x1.a1e2160000000p+1	0x1.4b025e0000000p+1	0x1.f50afc0000000p+0	0x1.c2ddb00000000p+10
214	0x1.9c67140000000p-4	0x1.34555e0000000p+7	0x1.c48c0a0000000p+6	0x1.a2df1c0000000p+6	0x1.c2ddb00000000p+10
215	0x1.038cec0000000p-4	0x1.06bcf80000000p+5	0x1.72b0360000000p+4	0x1.7430660000000p+4	0x1.c2ddb00000000p+10
216	0x1.10c00e0000000p-4	0x1.0c37340000000p+1	0x1.a0ef880000000p+0	0x1.4812c00000000p+0	0x1.c2ddb00000000p+10
217	0x1.4330740000000p-4	0x1.b776620000000p+1	0x1.616dce0000000p+1	0x1.f9d6660000000p+0	0x1.c2ddb00000000p+10
218	0x1.74b3d40000000p-4	0x1.a892f40000000p+5	0x1.3dc4340000000p+5	0x1.1983460000000p+5	0x1.c2ddb00000000p+10
219	0x1.91ddfa0000000p-5	0x1.5680d80000000p+3	0x1.f0f58c0000000p+2	0x1.d6dbe20000000p+2	0x1.c2ddb00000000p+10
220	0x1.b1a4260000000p-4	0x1.b5743a0000000p+5	0x1.4a1afe0000000p+5	0x1.1ef8340000000p+5	0x1.c2ddb00000000p+10
221	0x1.05e55a0000000p-3	0x1.724f4c0000000p+6	0x1.1000c40000000p+6	0x1.f65bb20000000p+5	0x1.c2ddb00000000p+10
222	0x1.c9abea0000000p-4	0x1.33b4a20000000p+5	0x1.b17fe20000000p+4	0x1.b4ac160000000p+4	0x1.c2ddb00000000p+10
223	0x1.b3ef400000000p-4	0x1.450b8e0000000p+3	0x1.00af160000000p+3	0x1.8cb6940000000p+2	0x1.c2ddb00000000p+10
224	0x1.9373180000000p-4	0x1.278b140000000p+2	0x1.c92e6e0000000p+1	0x1.732f560000000p+1	0x1.c2ddb00000000p+10
225	0x1.bfc66e0000000p-4	0x1.dcdc220000000p+2	0x1.7106740000000p+2	0x1.2b01560000000p+2	0x1.c2ddb00000000p+10
226	0x1.db29860000000p-5	0x1.f69ce80000000p+1	0x1.7f964c0000000p+1	0x1.4329060000000p+1	0x1.c2ddb00000000p+10
227	0x1.a84dda0000000p-5	0x1.9887960000000p+0	0x1.3c4bca0000000p+0	0x1.f71cca0000000p-1	0x1.c2ddb00000000p+10
228	0x1.55fb0e0000000p-4	0x1.14d02e0000000p+1	0x1.aff0f40000000p+0	0x1.49b8420000000p+0	0x1.c2ddb00000000p+10
229	0x1.4ea4ec0000000p-4	0x1.0208a40000000p+2	0x1.a2b1ee0000000p+1	0x1.295d360000000p+1	0x1.c2ddb00000000p+10
230	0x1.1b5d4e0000000p-4	0x1.161e740000000p+2	0x1.952f5a0000000p+1	0x1.7a3a240000000p+1	0x1.c2ddb00000000p+10
231	0x1.1b70bc0000000p-4	0x1.c74ed60000000p+5	0x1.568dd20000000p+5	0x1.2be47a0000000p+5	0x1.c2ddb00000000p+10
232	0x1.a212640000000p-5	0x1.1fca3c0000000p+1	0x1.c5c4360000000p+0	0x1.5d85e60000000p+0	0x1.c2ddb00000000p+10
233	0x1.70d6ce0000000p-4	0x1.0989ca0000000p+1	0x1.b112940000000p+0	0x1.25d5960000000p+0	0x1.c2ddb00000000p+10
234	0x1.8dc0720000000p-4	0x1.4381940000000p+3	0x1.deb98e0000000p+2	0x1.b1f8ae0000000p+2	0x1.c2ddb00000000p+10
235	0x1.16590a0000000p-3	0x1.e2d48a0000000p+1	0x1.a50b380000000p+1	0x1.9b07ee0000000p+0	0x1.c2ddb00000000p+10
236	0x1.71d0940000000p-4	0x1.c20a900000000p+4	0x1.39b8aa0000000p+4	0x1.426a000000000p+4	0x1.c2ddb00000000p+10
237	0x1.2f507a0000000p-3	0x1.04bff20000000p+5	0x1.78b1d60000000p+4	0x1.6846e60000000p+4	0x1.c2ddb00000000p+10
238	0x1.13b2300000000p-4	0x1.60de340000000p+1	0x1.1010800000000p+1	0x1.b91c4c0000000p+0	0x1.c2ddb00000000p+10
239	0x1.1913800000000p-4	0x1.fd90e60000000p+0	0x1.9d43d20000000p+0	0x1.1c6e200000000p+0	0x1.c2ddb00000000p+10
240	0x1.3e97200000000p-4	0x1.18b5560000000p+1	0x1.ca57580000000p+0	0x1.3641180000000p+0	0x1.c2ddb00000000p+10
241	0x1.058bea0000000p-3	0x1.bc728a0000000p+2	0x1.3ae2520000000p+2	0x1.3709d00000000p+2	0x1.c2ddb00000000p+10
242	0x1.b3d5d40000000p-5	0x1.c52e0a0000000p-1	0x1.60f08a0000000p-1	0x1.fa06c40000000p-2	0x1.c2ddb00000000p+10
243	0x1.36dd6a0000000p-4	0x1.f155380000000p+1	0x1.8bbcf80000000p+1	0x1.26c6440000000p+1	0x1.c2ddb00000000p+10
244	0x1.db79940000000p-5	0x1.fc09d60000000p+1	0x1.8aad340000000p+1	0x1.3d269c0000000p+1	0x1.c2ddb00000000p+10
245	0x1.728ad60000000p-4	0x1.4e82d20000000p+1	0x1.f93fce0000000p+0	0x1.a71d2c0000000p+0	0x1.c2ddb00000000p+10
246	0x1.444e9e0000000p-4	0x1.482fea0000000p+2	0x1.028f3e0000000p+2	0x1.7d08380000000p+1	0x1.c2ddb00000000p+10
247	0x1.38ba340000000p-4	0x1.1c152c0000000p+2	0x1.7fd0c00000000p+1	0x1.9f54b80000000p+1	0x1.c2ddb00000000p+10
248	0x1.2afd360000000p-4	0x1.21ad8a0000000p+2	0x1.a44d740000000p+1	0x1.8a10620000000p+1	0x1.c2ddb00000000p+10
249	0x1.06de860000000p-4	0x1.13efd80000000p+2	0x1.7454d40000000p+1	0x1.947fb80000000p+1	0x1.c2ddb00000000p+10
250	0x1.0eda800000000p-4	0x1.b957dc0000000p+1	0x1.55ba7a0000000p+1	0x1.117fec0000000p+1	0x1.c2ddb00000000p+10
251	0x1.12ef060000000p-4	0x1.83515e0000000p+0	0x1.39a3480000000p+0	0x1.af28f80000000p-1	0x1.c2ddb00000000p+10
252	0x1.616f060000000p-4	0x1.d7ce6e0000000p+0	0x1.62870a0000000p+0	0x1.25c2f00000000p+0	0x1.c2ddb00000000p+10
253	0x1.084a0e0000000p-4	0x1.cb91da0000000p+0	0x1.50aaf60000000p+0	0x1.2c01580000000p+0	0x1.c2ddb00000000p+10
254	0x1.5a890e0000000p-4	0x1.7961b20000000p+3	0x1.2c2c8a0000000p+3	0x1.c5c99c0000000p+2	0x1.c2ddb00000000p+10
255	0x1.e48c700000000p-5	0x1.33b5940000000p+1	0x1.e607cc0000000p+0	0x1.6f21980000000p+0	0x1.c2ddb00000000p+10
256	0x1.25b1de0000000p-4	0x1.f2f6420000000p+1	0x1.9bd95c0000000p+1	0x1.1524460000000p+1	0x1.c2ddb00000000p+10
257	0x1.5849180000000p-4	0x1.202cf80000000p+1	0x1.b9e3a60000000p+0	0x1.54a04e0000000p+0	0x1.c2ddb00000000p+10
258	0x1.4955e00000000p-4	0x1.435b580000000p+2	0x1.cf3ddc0000000p+1	0x1.be7c040000000p+1	0x1.c2ddb00000000p+10
259	0x1.559b240000000p-4	0x1.ff24a20000000p+2	0x1.96186c0000000p+2	0x1.3570760000000p+2	0x1.c2ddb00000000p+10
260	0x1.a140d40000000p-5	0x1.3482f60000000p+1	0x1.eb0ad20000000p+0	0x1.5d6b140000000p+0	0x1.c2ddb20000000p+10
261	0x1.ea9a700000000p-4	0x1.1996e60000000p+4	0x1.b8c0900000000p+3	0x1.5e19600000000p+3	0x1.c2ddb20000000p+10
262	0x1.fb945a0000000p-5	0x1.5338980000000p+1	0x1.150f4a0000000p+1	0x1.7c8bf00000000p+0	0x1.c2ddb40000000p+10
263	0x1.285e860000000p-4	0x1.3f3aba0000000p+1	0x1.0970a40000000p+1	0x1.57db3c0000000p+0	0x1.c2ddb40000000p+10
264	0x1.ec386e0000000p-5	0x1.8ec5f40000000p+1	0x1.349e400000000p+1	0x1.f231700000000p+0	0x1.c2ddb40000000p+10
265	0x1.6185180000000p-4	0x1.742bac0000000p+1	0x1.151d660000000p+1	0x1.e0cc240000000p+0	0x1.c2ddb40000000p+10
266	0x1.d306340000000p-5	0x1.af58700000000p+2	0x1.3a5f2c0000000p+2	0x1.25fa720000000p+2	0x1.c2ddb40000000p+10
267	0x1.1e847e0000000p-4	0x1.72b45e0000000p+4	0x1.1392160000000p+4	0x1.ef51ac0000000p+3	0x1.c2ddb40000000p+10
268	0x1.0116fa0000000p-4	0x1.45a80a0000000p+1	0x1.0946360000000p+1	0x1.6e0da00000000p+0	0x1.c2ddb40000000p+10
269	0x1.bb1b600000000p-5	0x1.4b7e5a0000000p+1	0x1.16771e0000000p+1	0x1.5f2ede0000000p+0	0x1.c2ddb40000000p+10
270	0x1.f9d1a40000000p-5	0x1.55948e0000000p+0	0x1.1bc0420000000p+0	0x1.50c4aa0000000p-1	0x1.c2ddb40000000p+10
271	0x1.4801f80000000p-4	0x1.ebb3fe0000000p+1	0x1.6e493c0000000p+1	0x1.4478000000000p+1	0x1.c2ddb40000000p+10
272	0x1.c98dd60000000p-5	0x1.1acee80000000p+1	0x1.d495800000000p+0	0x1.3482900000000p+0	0x1.c2ddb40000000p+10
273	0x1.ad80560000000p-4	0x1.a4d3720000000p+5	0x1.4361940000000p+5	0x1.0d0ce40000000p+5	0x1.c2ddb40000000p+10
274	0x1.9cdd7e0000000p-5	0x1.26d6d00000000p+1	0x1.d878380000000p+0	0x1.5cef780000000p+0	0x1.c2ddb40000000p+10
275	0x1.7402ae0000000p-5	0x1.29f5a20000000p+2	0x1.babd9e0000000p+1	0x1.8b88f40000000p+1	0x1.c2ddb40000000p+10
276	0x1.d62c2e0000000p-5	0x1.d0d43a0000000p+1	0x1.7d50b20000000p+1	0x1.02aa600000000p+1	0x1.c2ddb40000000p+10
277	0x1.98b5420000000p-4	0x1.1686820000000p+1	0x1.b517760000000p+0	0x1.39f93e0000000p+0	0x1.c2ddb40000000p+10
278	0x1.306c5e0000000p-4	0x1.59f6480000000p+1	0x1.08f48a0000000p+1	0x1.b1aa240000000p+0	0x1.c2ddb40000000p+10
279	0x1.94d33e0000000p-5	0x1.4e5a240000000p+1	0x1.1d57b80000000p+1	0x1.5397640000000p+0	0x1.c2ddb40000000p+10
280	0x1.7f54220000000p-5	0x1.de1e260000000p+0	0x1.8ed8e60000000p+0	0x1.f3a3fa0000000p-1	0x1.c2ddb40000000p+10
281	0x1.dacf940000000p-5	0x1.4c06380000000p+1	0x1.08b56a0000000p+1	0x1.8981f40000000p+0	0x1.c2ddb40000000p+10
282	0x1.4a78c00000000p-4	0x1.2adc9c0000000p+1	0x1.f3d9480000000p+0	0x1.31af0e0000000p+0	0x1.c2ddb60000000p+10
283	0x1.4f62ee0000000p-4	0x1.e5a4e80000000p+0	0x1.4b097e0000000p+0	0x1.51c40e0000000p+0	0x1.c2ddb60000000p+10
284	0x1.ce2a060000000p-5	0x1.4aa2660000000p+1	0x1.1da1fa0000000p+1	0x1.431bfa0000000p+0	0x1.c2ddb60000000p+10
285	0x1.10f0e60000000p-4	0x1.4c2b300000000p+2	0x1.08ca140000000p+2	0x1.8cec600000000p+1	0x1.c2ddb60000000p+10
286	0x1.ed1e1e0000000p-5	0x1.3263ac0000000p+6	0x1.cffc880000000p+5	0x1.9022020000000p+5	0x1.c2ddb60000000p+10
287	0x1.be80000000000p-4	0x1.829be60000000p+1	0x1.373ef40000000p+1	0x1.834b3c0000000p+0	0x1.c2ddb60000000p+10
288	0x1.99807a0000000p-4	0x1.0c0e900000000p+3	0x1.9e77540000000p+2	0x1.5163900000000p+2	0x1.c2ddb40000000p+10
289	0x1.13f0aa0000000p-5	0x1.77e1420000000p+0	0x1.2e9d480000000p+0	0x1.a460260000000p-1	0x1.c2ddb60000000p+10
290	0x1.ac2d2e0000000p-5	0x1.7de8f00000000p+4	0x1.e2a2d40000000p+3	0x1.27f07c0000000p+4	0x1.c2ddb60000000p+10
291	0x1.6ac5e60000000p-5	0x1.0c450c0000000p+1	0x1.bac1660000000p+0	0x1.233e820000000p+0	0x1.c2ddb60000000p+10
292	0x1.8ac3bc0000000p-5	0x1.64bdda0000000p+0	0x1.1854c40000000p+0	0x1.a56e4e0000000p-1	0x1.c2ddb60000000p+10
293	0x1.5f703a0000000p-4	0x1.acb5160000000p+0	0x1.5fcfa40000000p+0	0x1.bc6e1c0000000p-1	0x1.c2ddb60000000p+10
294	0x1.5df8e80000000p-5	0x1.3937400000000p+1	0x1.dbd27c0000000p+0	0x1.8c95a40000000p+0	0x1.c2ddb60000000p+10
295	0x1.2d8c660000000p-5	0x1.db4f120000000p+0	0x1.7c8aea0000000p+0	0x1.1738720000000p+0	0x1.c2ddb60000000p+10
296	0x1.9c76540000000p-5	0x1.44c5ce0000000p+1	0x1.073ee20000000p+1	0x1.71b27c0000000p+0	0x1.c2ddb60000000p+10
297	0x1.6669ae0000000p-5	0x1.34c7320000000p+0	0x1.f2b2540000000p-1	0x1.4c6dbe0000000p-1	0x1.c2ddb60000000p+10
298	0x1.0c0ae00000000p-4	0x1.ad8f520000000p+0	0x1.64c4a40000000p+0	0x1.af0b5c0000000p-1	0x1.c2ddb60000000p+10
299	0x1.072f8e0000000p-4	0x1.3fc2580000000p+1	0x1.fdd12c0000000p+0	0x1.7aabdc0000000p+0	0x1.c2ddb60000000p+10
300	0x1.f032060000000p-5	0x1.66377e0000000p+1	0x1.1198160000000p+1	0x1.c398240000000p+0	0x1.c2ddb60000000p+10
301	0x1.5788d40000000p-4	0x1.30164c0000000p+1	0x1.f5d5620000000p+0	0x1.4103300000000p+0	0x1.c2ddb60000000p+10
302	0x1.9b7d140000000p-5	0x1.9161bc0000000p+1	0x1.47fd460000000p+1	0x1.c2c5400000000p+0	0x1.c2ddb60000000p+10
303	0x1.07c7c00000000p-4	0x1.4a071c0000000p+1	0x1.00b4d40000000p+1	0x1.92e3fc0000000p+0	0x1.c2ddb60000000p+10
304	0x1.b662360000000p-5	0x1.14f6780000000p+1	0x1.b599840000000p+0	0x1.4bafcc0000000p+0	0x1.c2ddb60000000p+10
305	0x1.f12bfa0000000p-5	0x1.1b20a20000000p+1	0x1.cbdb6e0000000p+0	0x1.43ca600000000p+0	0x1.c2ddb60000000p+10
306	0x1.30087e0000000p-4	0x1.16f7e60000000p+6	0x1.b6c1820000000p+5	0x1.586db20000000p+5	0x1.c2ddb60000000p+10
307	0x1.20762a0000000p-5	0x1.96c2e40000000p+0	0x1.51a8840000000p+0	0x1.b165280000000p-1	0x1.c2ddb60000000p+10
308	0x1.c6178e0000000p-5	0x1.37c5620000000p+0	0x1.054a000000000p+0	0x1.2915fa0000000p-1	0x1.c2ddb60000000p+10
309	0x1.0374740000000p-4	0x1.96ed6c0000000p+0	0x1.5352ca0000000p+0	0x1.7e16640000000p-1	0x1.c2ddb60000000p+10
310	0x1.def1b40000000p-5	0x1.f516da0000000p+0	0x1.ad286c0000000p+0	0x1.e4b52e0000000p-1	0x1.c2ddb60000000p+10
311	0x1.c10b840000000p-6	0x1.a58b360000000p+0	0x1.5e13700000000p+0	0x1.c2d6440000000p-1	0x1.c2ddb80000000p+10
312	0x1.c4fa4e0000000p-5	0x1.ec3a940000000p+0	0x1.85678a0000000p+0	0x1.20c1b20000000p+0	0x1.c2ddb80000000p+10
313	0x1.b920ca0000000p-5	0x1.f240700000000p+0	0x1.ab26900000000p+0	0x1.e3640c0000000p-1	0x1.c2ddb80000000p+10
314	0x1.934aa40000000p-5	0x1.d277ba0000000p+0	0x1.5e01b20000000p+0	0x1.268cba0000000p+0	0x1.c2ddb80000000p+10
315	0x1.db08fe0000000p-5	0x1.691fe40000000p+2	0x1.2752a80000000p+2	0x1.96e9840000000p+1	0x1.c2ddb80000000p+10
316	0x1.b0c14e0000000p-5	0x1.5ecd7a0000000p+0	0x1.15d1760000000p+0	0x1.9c92980000000p-1	0x1.c2ddb80000000p+10
317	0x1.e75d2e0000000p-5	0x1.423e7e0000000p+1	0x1.06bb860000000p+1	0x1.6c3bfe0000000p+0	0x1.c2ddb80000000p+10
318	0x1.4b95e40000000p-5	0x1.57f0cc0000000p+0	0x1.0aec8c0000000p+0	0x1.9cccb00000000p-1	0x1.c2ddb80000000p+10
319	0x1.7719ae0000000p-5	0x1.bd40a40000000p+0	0x1.793d680000000p+0	0x1.b64a1e0000000p-1	0x1.c2ddb80000000p+10
320	0x1.a92dba0000000p-5	0x1.68d33c0000000p+0	0x1.25e7160000000p+0	0x1.7ec5400000000p-1	0x1.c2ddb80000000p+10
321	0x1.1531b20000000p-3	0x1.151e880000000p+3	0x1.a4063e0000000p+2	0x1.646f080000000p+2	0x1.c2ddb80000000p+10
322	0x1.dbd6160000000p-5	0x1.0b78de0000000p+1	0x1.ab974c0000000p+0	0x1.38f1580000000p+0	0x1.c2ddb80000000p+10
323	0x1.0a419c0000000p-5	0x1.e1fa0e0000000p+0	0x1.97944a0000000p+0	0x1.e2a4b00000000p-1	0x1.c2ddb80000000p+10
324	0x1.6baafe0000000p-5	0x1.7e8f1e0000000p+0	0x1.3f6be00000000p+0	0x1.8acec00000000p-1	0x1.c2ddba0000000p+10
325	0x1.d8e09a0000000p-5	0x1.64954e0000000p+0	0x1.22e1c80000000p+0	0x1.83299c0000000p-1	0x1.c2ddba0000000p+10
326	0x1.5e5b2e0000000p-5	0x1.72b6980000000p+1	0x1.35d5820000000p+1	0x1.8da93a0000000p+0	0x1.c2ddb80000000p+10
327	0x1.08e6740000000p-4	0x1.65ee480000000p+0	0x1.33e0240000000p+0	0x1.524f8c0000000p-1	0x1.c2ddb80000000p+10
328	0x1.6efc6e0000000p-5	0x1.6dfbd40000000p+0	0x1.263eea0000000p+0	0x1.a2f7f20000000p-1	0x1.c2ddb80000000p+10
329	0x1.3d49160000000p-5	0x1.1f64f20000000p+0	0x1.e8ce460000000p-1	0x1.0b44a20000000p-1	0x1.c2ddb80000000p+10
330	0x1.42ec460000000p-5	0x1.c6a6320000000p-1	0x1.7e85e60000000p-1	0x1.a1cbe20000000p-2	0x1.c2ddb80000000p+10
331	0x1.28f9e00000000p-5	0x1.38aade0000000p+0	0x1.fd5e3c0000000p-1	0x1.5698ec0000000p-1	0x1.c2ddb80000000p+10
332	0x1.be58600000000p-5	0x1.0d251e0000000p+1	0x1.ad087e0000000p+0	0x1.3dcdca0000000p+0	0x1.c2ddba0000000p+10
333	0x1.9a6cf40000000p-5	0x1.f8386c0000000p+0	0x1.a9bbf00000000p+0	0x1.00d7e20000000p+0	0x1.c2ddba0000000p+10
334	0x1.37cb2e0000000p-5	0x1.06686c0000000p+1	0x1.8339d80000000p+0	0x1.5ac8de0000000p+0	0x1.c2ddba0000000p+10
335	0x1.0b19200000000p-4	0x1.bf420a0000000p+1	0x1.898dbc0000000p+1	0x1.99b7860000000p+0	0x1.c2ddba0000000p+10
336	0x1.e00f460000000p-5	0x1.28b6a00000000p+2	0x1.b936de0000000p+1	0x1.89c4b60000000p+1	0x1.c2ddba0000000p+10
337	0x1.a7d24a0000000p-5	0x1.5f1c080000000p+1	0x1.287fc00000000p+1	0x1.70a4720000000p+0	0x1.c2ddba0000000p+10
338	0x1.8a66da0000000p-5	0x1.6187740000000p+0	0x1.1544340000000p+0	0x1.92361c0000000p-1	0x1.c2ddba0000000p+10
339	0x1.8823040000000p-5	0x1.0d14400000000p+1	0x1.b72d840000000p+0	0x1.2dbff60000000p+0	0x1.c2ddba0000000p+10
340	0x1.2e169a0000000p-4	0x1.18df060000000p+1	0x1.d353a80000000p+0	0x1.2c0ede0000000p+0	0x1.c2ddba0000000p+10
341	0x1.ce95c60000000p-5	0x1.3b31a60000000p+1	0x1.0332dc0000000p+1	0x1.5942ec0000000p+0	0x1.c2ddbc0000000p+10
342	0x1.117a500000000p-5	0x1.9da8f20000000p+0	0x1.55e0140000000p+0	0x1.c53a2c0000000p-1	0x1.c2ddbc0000000p+10
343	0x1.04e2e80000000p-4	0x1.88e8b20000000p+1	0x1.32a5460000000p+1	0x1.e1d0ee0000000p+0	0x1.c2ddbc0000000p+10
344	0x1.56167e0000000p-5	0x1.3400620000000p+0	0x1.f6ae520000000p-1	0x1.45eeac0000000p-1	0x1.c2ddbc0000000p+10
345	0x1.4d32d20000000p-5	0x1.196f400000000p+1	0x1.d045160000000p+0	0x1.37d7d80000000p+0	0x1.c2ddbc0000000p+10
346	0x1.0a11d60000000p-4	0x1.6499340000000p+1	0x1.1130000000000p+1	0x1.c2816c0000000p+0	0x1.c2ddbc0000000p+10
347	0x1.2506540000000p-4	0x1.29866c0000000p+1	0x1.d68e7c0000000p+0	0x1.55a9ea0000000p+0	0x1.c2ddbc0000000p+10
348	0x1.3762160000000p-5	0x1.cb5e740000000p+0	0x1.68a8fc0000000p+0	0x1.16246e0000000p+0	0x1.c2ddbc0000000p+10
349	0x1.b472860000000p-5	0x1.7ef61a0000000p+1	0x1.e78e160000000p+0	0x1.254ce00000000p+1	0x1.c2ddbc0000000p+10
350	0x1.6807d60000000p-5	0x1.62607e0000000p+0	0x1.2037ce0000000p+0	0x1.6dab740000000p-1	0x1.c2ddbc0000000p+10
351	0x1.2896a60000000p-5	0x1.b2fd760000000p+0	0x1.74e5a40000000p+0	0x1.ad73260000000p-1	0x1.c2ddbc0000000p+10
352	0x1.ab574e0000000p-6	0x1.2e903c0000000p-1	0x1.02d4540000000p-1	0x1.d7dcee0000000p-3	0x1.c2ddbc0000000p+10
353	0x1.0cbbf00000000p-5	0x1.f1196e0000000p+0	0x1.5c06740000000p+0	0x1.5b94e80000000p+0	0x1.c2ddbc0000000p+10
354	0x1.2c3d2c0000000p-5	0x1.0e75f00000000p+0	0x1.c68fc80000000p-1	0x1.058d0c0000000p-1	0x1.c2ddbc0000000p+10
355	0x1.c334840000000p-5	0x1.336dee0000000p+0	0x1.02367c0000000p+0	0x1.248ea80000000p-1	0x1.c2ddbc0000000p+10
356	0x1.308d2a0000000p-5	0x1.10ec420000000p+0	0x1.c943ba0000000p-1	0x1.15fdd20000000p-1	0x1.c2ddbc0000000p+10
357	0x1.0045c20000000p-5	0x1.533dce0000000p+0	0x1.17081e0000000p+0	0x1.6f333c0000000p-1	0x1.c2ddbc0000000p+10
358	0x1.ded6200000000p-5	0x1.e2c2860000000p+1	0x1.91625e0000000p+1	0x1.05cc220000000p+1	0x1.c2ddbc0000000p+10
359	0x1.0c82ba0000000p-5	0x1.3a9d3a0000000p+0	0x1.0286220000000p+0	0x1.57caee0000000p-1	0x1.c2ddbc0000000p+10
360	0x1.28323a0000000p-4	0x1.15d0720000000p+4	0x1.9ad3ea0000000p+3	0x1.73d2280000000p+3	0x1.c2ddbc0000000p+10
361	0x1.bdf7840000000p-5	0x1.62c3dc0000000p+0	0x1.21c3f20000000p+0	0x1.833b3c0000000p-1	0x1.c2ddbc0000000p+10
362	0x1.e440fa0000000p-5	0x1.85fed40000000p+0	0x1.2f4c460000000p+0	0x1.d254ba0000000p-1	0x1.c2ddbc0000000p+10
363	0x1.6830300000000p-5	0x1.a8bc760000000p+0	0x1.718bd40000000p+0	0x1.84b1ca0000000p-1	0x1.c2ddbc0000000p+10
364	0x1.8057a80000000p-5	0x1.04ccb40000000p+2	0x1.99a1c40000000p+1	0x1.3d87c40000000p+1	0x1.c2ddbc0000000p+10
365	0x1.0fa32a0000000p-4	0x1.efb44e0000000p+0	0x1.b817320000000p+0	0x1.92fc660000000p-1	0x1.c2ddbc0000000p+10
366	0x1.0727360000000p-5	0x1.e8a77a0000000p-1	0x1.8ea9000000000p-1	0x1.ed97320000000p-2	0x1.c2ddbc0000000p+10
367	0x1.7fd9ee0000000p-5	0x1.7511ae0000000p+0	0x1.38828c0000000p+0	0x1.89006a0000000p-1	0x1.c2ddbc0000000p+10
368	0x1.878d1e0000000p-5	0x1.0ee74c0000000p+0	0x1.d045f40000000p-1	0x1.a8454e0000000p-2	0x1.c2ddbc0000000p+10
369	0x1.e853600000000p-5	0x1.5ec28a0000000p+0	0x1.28734a0000000p+0	0x1.4b68aa0000000p-1	0x1.c2ddbc0000000p+10
370	0x1.0845460000000p-5	0x1.3819160000000p+0	0x1.fc4d140000000p-1	0x1.528d500000000p-1	0x1.c2ddbc0000000p+10
371	0x1.aeb8960000000p-5	0x1.3071ea0000000p+1	0x1.00f2d80000000p+1	0x1.305d000000000p+0	0x1.c2ddbc0000000p+10
372	0x1.1b8d180000000p-5	0x1.0372cc0000000p+0	0x1.bd451e0000000p-1	0x1.d173fc0000000p-2	0x1.c2ddbc0000000p+10
373	0x1.59f4fa0000000p-5	0x1.f16a200000000p-1	0x1.a244da0000000p-1	0x1.ec64460000000p-2	0x1.c2ddbc0000000p+10
374	0x1.8751d40000000p-5	0x1.d057d80000000p+0	0x1.8bed300000000p+0	0x1.c886b80000000p-1	0x1.c2ddbc0000000p+10
375	0x1.3d6a240000000p-5	0x1.fa99680000000p+0	0x1.7649be0000000p+0	0x1.4cfd4e0000000p+0	0x1.c2ddbc0000000p+10
376	0x1.1dd6e00000000p-5	0x1.ded3d20000000p-1	0x1.89a10a0000000p-1	0x1.e47c280000000p-2	0x1.c2ddbc0000000p+10
377	0x1.eba3240000000p-5	0x1.1450c00000000p+1	0x1.dc55780000000p+0	0x1.074f360000000p+0	0x1.c2ddbc0000000p+10
378	0x1.e494c60000000p-6	0x1.7f5cc40000000p-1	0x1.4a68000000000p-1	0x1.62b3a60000000p-2	0x1.c2ddbe0000000p+10
379	0x1.f9be440000000p-5	0x1.983b280000000p+1	0x1.37fa1a0000000p+1	0x1.0403520000000p+1	0x1.c2ddbc0000000p+10
380	0x1.76df6a0000000p-5	0x1.2155ee0000000p+1	0x1.f309260000000p+0	0x1.163e620000000p+0	0x1.c2ddbc0000000p+10
381	0x1.636ad20000000p-5	0x1.1dd79c0000000p+0	0x1.d82d300000000p-1	0x1.18824a0000000p-1	0x1.c2ddbc0000000p+10
382	0x1.535df60000000p-5	0x1.52a7be0000000p+0	0x1.fa2a8a0000000p-1	0x1.b2cec80000000p-1	0x1.c2ddbc0000000p+10
383	0x1.2394e00000000p-5	0x1.22a3580000000p+0	0x1.f3f9300000000p-1	0x1.096f120000000p-1	0x1.c2ddbe0000000p+10
384	0x1.9029f40000000p-5	0x1.bdc9800000000p+0	0x1.7740740000000p+0	0x1.d129b60000000p-1	0x1.c2ddbe0000000p+10
385	0x1.8a75460000000p-5	0x1.f809580000000p+2	0x1.9364e40000000p+2	0x1.2b79ec0000000p+2	0x1.c2ddbe0000000p+10
386	0x1.978b360000000p-5	0x1.e7c4600000000p-1	0x1.9beb140000000p-1	0x1.c769580000000p-2	0x1.c2ddbe0000000p+10
387	0x1.6559160000000p-5	0x1.a21aa60000000p+0	0x1.6607600000000p+0	0x1.a3f9400000000p-1	0x1.c2ddbe0000000p+10
388	0x1.f35ae40000000p-6	0x1.5f5e4e0000000p+0	0x1.1e7ba40000000p+0	0x1.8301440000000p-1	0x1.c2ddbe0000000p+10
389	0x1.05d6100000000p-5	0x1.cd51d60000000p+0	0x1.79186e0000000p+0	0x1.0006b60000000p+0	0x1.c2ddc00000000p+10
390	0x1.c342260000000p-6	0x1.69acf40000000p-1	0x1.3158be0000000p-1	0x1.4c76300000000p-2	0x1.c2ddc00000000p+10
391	0x1.c30aea0000000p-5	0x1.b4d2040000000p+0	0x1.5512d40000000p+0	0x1.0881fa0000000p+0	0x1.c2ddc00000000p+10
392	0x1.5c89ea0000000p-5	0x1.cd811c0000000p-1	0x1.80b21c0000000p-1	0x1.bbd10c0000000p-2	0x1.c2ddc00000000p+10
393	0x1.e863a40000000p-6	0x1.6edbee0000000p+0	0x1.360f2a0000000p+0	0x1.769c7e0000000p-1	0x1.c2ddc00000000p+10
394	0x1.9c40760000000p-5	0x1.28cb8a0000000p+0	0x1.e4caf40000000p-1	0x1.2493100000000p-1	0x1.c2ddc00000000p+10
395	0x1.d1ee5e0000000p-6	0x1.61bb400000000p+0	0x1.2ca97c0000000p+0	0x1.638fdc0000000p-1	0x1.c2ddbe0000000p+10
396	0x1.0e35de0000000p-5	0x1.72c3c20000000p+0	0x1.3842ca0000000p+0	0x1.7b6c320000000p-1	0x1.c2ddbe0000000p+10
397	0x1.3876720000000p-5	0x1.201fe80000000p+0	0x1.e62c120000000p-1	0x1.1313960000000p-1	0x1.c2ddbe0000000p+10
398	0x1.3c9dae0000000p-5	0x1.b85f980000000p+0	0x1.7792f60000000p+0	0x1.b557c80000000p-1	0x1.c2ddbe0000000p+10
399	0x1.1d89260000000p-5	0x1.0c1cfe0000000p+1	0x1.c3a52a0000000p+0	0x1.1b232c0000000p+0	0x1.c2ddbe0000000p+10
400	0x1.609a320000000p-5	0x1.2a875c0000000p+0	0x1.eb680a0000000p-1	0x1.34fa7a0000000p-1	0x1.c2ddbe0000000p+10
401	0x1.2d1d540000000p-5	0x1.24d8d20000000p+1	0x1.fd697c0000000p+0	0x1.170dde0000000p+0	0x1.c2ddbe0000000p+10
402	0x1.2f11240000000p-5	0x1.a589100000000p+0	0x1.6e1cca0000000p+0	0x1.88b1ba0000000p-1	0x1.c2ddbe0000000p+10
403	0x1.f0284a0000000p-5	0x1.62e3440000000p+0	0x1.35cb5e0000000p+0	0x1.3346180000000p-1	0x1.c2ddbe0000000p+10
404	0x1.00103a0000000p-4	0x1.9487940000000p+0	0x1.5d95860000000p+0	0x1.79cc7a0000000p-1	0x1.c2ddbe0000000p+10
405	0x1.04a16e0000000p-4	0x1.06d72c0000000p+1	0x1.af3c5e0000000p+0	0x1.e1e3940000000p-1	0x1.c2ddc00000000p+10
406	0x1.707a140000000p-5	0x1.b35ada0000000p+0	0x1.7adec60000000p+0	0x1.a062f20000000p-1	0x1.c2ddc00000000p+10
407	0x1.6445f60000000p-5	0x1.0f29240000000p+1	0x1.cb3a600000000p+0	0x1.18e5da0000000p+0	0x1.c2ddc00000000p+10
408	0x1.11333a0000000p-5	0x1.a0600a0000000p+0	0x1.63f3d00000000p+0	0x1.9990380000000p-1	0x1.c2ddc00000000p+10
409	0x1.206e160000000p-4	0x1.fbc02c0000000p+0	0x1.abfa6a0000000p+0	0x1.e0b0140000000p-1	0x1.c2ddc00000000p+10
410	0x1.1a52800000000p-5	0x1.8bf7740000000p-1	0x1.3fd7940000000p-1	0x1.21ba960000000p-2	0x1.c2ddc00000000p+10
411	0x1.1d99a00000000p-5	0x1.31032a0000000p+0	0x1.f1abc20000000p-1	0x1.447ec00000000p-1	0x1.c2ddc00000000p+10
412	0x1.be11fa0000000p-5	0x1.1f31400000000p+1	0x1.dcde860000000p+0	0x1.e19d060000000p-1	0x1.c2ddc00000000p+10
413	0x1.0a44280000000p-5	0x1.27cd520000000p+0	0x1.e9ad440000000p-1	0x1.3c61500000000p-1	0x1.c2ddc00000000p+10
414	0x1.93416e0000000p-5	0x1.c707ae0000000p+0	0x1.6e04ca0000000p+0	0x1.02bdd20000000p+0	0x1.c2ddc00000000p+10
415	0x1.17a5c20000000p-5	0x1.e2b8760000000p+0	0x1.9028900000000p+0	0x1.0571420000000p+0	0x1.c2ddc00000000p+10
416	0x1.de00ee0000000p-5	0x1.380b3a0000000p+1	0x1.0f94280000000p+1	0x1.1760c80000000p+0	0x1.c2ddc00000000p+10
417	0x1.4dd72a0000000p-5	0x1.9cd81c0000000p+1	0x1.3f589c0000000p+1	0x1.fb29f40000000p+0	0x1.c2ddc00000000p+10
418	0x1.5ed6260000000p-5	0x1.19c06a0000000p+0	0x1.bf20060000000p-1	0x1.3adda80000000p-1	0x1.c2ddc00000000p+10
419	0x1.0632580000000p-5	0x1.1a76ac0000000p+0	0x1.dfbd940000000p-1	0x1.12aaae0000000p-1	0x1.c2ddc00000000p+10
420	0x1.4308b60000000p-5	0x1.2d751c0000000p+0	0x1.09ce6c0000000p+0	0x1.cd3aee0000000p-2	0x1.c2ddc00000000p+10
421	0x1.2d04be0000000p-5	0x1.58bdce0000000p+0	0x1.2154cc0000000p+0	0x1.5e38ea0000000p-1	0x1.c2ddc00000000p+10
422	0x1.6df81e0000000p-5	0x1.3b31600000000p+0	0x1.125c7c0000000p+0	0x1.a2d32c0000000p-2	0x1.c2ddc00000000p+10
423	0x1.2b8e340000000p-5	0x1.45f9fe0000000p+0	0x1.179fd00000000p+0	0x1.3db2d00000000p-1	0x1.c2ddc20000000p+10
424	0x1.31298a0000000p-5	0x1.feda940000000p-1	0x1.903ce00000000p-1	0x1.2c51800000000p-1	0x1.c2ddc20000000p+10
425	0x1.92e6700000000p-5	0x1.2d6ac80000000p+0	0x1.fd74480000000p-1	0x1.09617a0000000p-1	0x1.c2ddc20000000p+10
426	0x1.49dfc80000000p-5	0x1.55b4b80000000p+0	0x1.1b30f40000000p+0	0x1.5de17a0000000p-1	0x1.c2ddc20000000p+10
427	0x1.44eb460000000p-5	0x1.09330a0000000p+1	0x1.a5dab00000000p+0	0x1.384d700000000p+0	0x1.c2ddc20000000p+10
428	0x1.c824440000000p-5	0x1.f303560000000p-1	0x1.bcee0c0000000p-1	0x1.718f1c0000000p-2	0x1.c2ddc20000000p+10
429	0x1.521c1c0000000p-5	0x1.a08a500000000p+1	0x1.3428ea0000000p+1	0x1.0f482c0000000p+1	0x1.c2ddc20000000p+10
430	0x1.91b3200000000p-5	0x1.7b2d760000000p+0	0x1.32090c0000000p+0	0x1.9832160000000p-1	0x1.c2ddc20000000p+10
431	0x1.0507360000000p-4	0x1.17fb680000000p+1	0x1.d5cf560000000p+0	0x1.f68d9c0000000p-1	0x1.c2ddc00000000p+10
432	0x1.cda1540000000p-5	0x1.392da80000000p+1	0x1.055cd00000000p+1	0x1.485e820000000p+0	0x1.c2ddc20000000p+10
433	0x1.0f406e0000000p-5	0x1.6d76fa0000000p+4	0x1.26e5aa0000000p+4	0x1.af7e980000000p+3	0x1.c2ddc00000000p+10
434	0x1.2a63c20000000p-5	0x1.3ee8d20000000p+0	0x1.e24b500000000p-1	0x1.90b60c0000000p-1	0x1.c2ddc20000000p+10
435	0x1.80f7a00000000p-5	0x1.0e33a00000000p+0	0x1.c660100000000p-1	0x1.0cc2fa0000000p-1	0x1.c2ddc40000000p+10
436	0x1.964df00000000p-5	0x1.052f600000000p+1	0x1.a824ec0000000p+0	0x1.25a2840000000p+0	0x1.c2ddc20000000p+10
437	0x1.a544f60000000p-5	0x1.3ac1ae0000000p+1	0x1.06d3d00000000p+1	0x1.4ae6080000000p+0	0x1.c2ddc20000000p+10
438	0x1.d2bb160000000p-5	0x1.3ca8800000000p+0	0x1.f8aaca0000000p-1	0x1.56687e0000000p-1	0x1.c2ddc20000000p+10
439	0x1.cfa9540000000p-5	0x1.bc68080000000p+0	0x1.6c45260000000p+0	0x1.d9bdee0000000p-1	0x1.c2ddc20000000p+10
440	0x1.734bd40000000p-5	0x1.5f4fc00000000p+0	0x1.299c7c0000000p+0	0x1.64eff20000000p-1	0x1.c2ddc40000000p+10
441	0x1.4c323a0000000p-5	0x1.3746520000000p+0	0x1.1130580000000p+0	0x1.0637d00000000p-1	0x1.c2ddc20000000p+10
442	0x1.57f6b00000000p-5	0x1.4dc40c0000000p+0	0x1.1a49640000000p+0	0x1.2a6ca00000000p-1	0x1.c2ddc20000000p+10
443	0x1.d705040000000p-4	0x1.bc67d60000000p+1	0x1.8060de0000000p+1	0x1.99bee40000000p+0	0x1.c2ddc20000000p+10
444	0x1.c40bde0000000p-6	0x1.1655900000000p+0	0x1.db75c20000000p-1	0x1.03bfee0000000p-1	0x1.c2ddc20000000p+10
445	0x1.06c8100000000p-5	0x1.a14c0e0000000p-1	0x1.5646620000000p-1	0x1.a2d5bc0000000p-2	0x1.c2ddc20000000p+10
446	0x1.0a67c80000000p-5	0x1.3073ba0000000p+0	0x1.0331920000000p+0	0x1.1ee7b60000000p-1	0x1.c2ddc20000000p+10
447	0x1.e0ad200000000p-6	0x1.fb5eaa0000000p-1	0x1.a28c6e0000000p-1	0x1.feaaa20000000p-2	0x1.c2ddc20000000p+10
448	0x1.e0ce5a0000000p-5	0x1.ca75440000000p+0	0x1.8bde640000000p+0	0x1.a747fa0000000p-1	0x1.c2ddc40000000p+10
449	0x1.d2fd5e0000000p-5	0x1.ec38b40000000p+0	0x1.831cf80000000p+0	0x1.14be2c0000000p+0	0x1.c2ddc40000000p+10
450	0x1.98c2fe0000000p-5	0x1.699a660000000p+0	0x1.24dc040000000p+0	0x1.90dc440000000p-1	0x1.c2ddc40000000p+10
451	0x1.1d78040000000p-5	0x1.3f23660000000p+0	0x1.1901560000000p+0	0x1.ff18e60000000p-2	0x1.c2ddc40000000p+10
452	0x1.7a15bc0000000p-5	0x1.7fcb2c0000000p+0	0x1.5477320000000p+0	0x1.38e5fc0000000p-1	0x1.c2ddc40000000p+10
453	0x1.a5ab340000000p-5	0x1.76c5920000000p+0	0x1.4801ac0000000p+0	0x1.4bc1ca0000000p-1	0x1.c2ddc40000000p+10
454	0x1.0fb8da0000000p-5	0x1.d7fd6c0000000p-1	0x1.8ea2e00000000p-1	0x1.af88580000000p-2	0x1.c2ddc40000000p+10
455	0x1.84a3f40000000p-5	0x1.31fa700000000p+0	0x1.0142e40000000p+0	0x1.0ccab20000000p-1	0x1.c2ddc40000000p+10
456	0x1.f90ed40000000p-6	0x1.3a2c700000000p+0	0x1.1633d20000000p+0	0x1.0cc32e0000000p-1	0x1.c2ddc40000000p+10
457	0x1.91fd340000000p-6	0x1.818c800000000p-1	0x1.4679420000000p-1	0x1.6de5200000000p-2	0x1.c2ddc20000000p+10
458	0x1.14506e0000000p-4	0x1.2750380000000p+1	0x1.ef1f940000000p+0	0x1.35c5140000000p+0	0x1.c2ddc40000000p+10
459	0x1.5361200000000p-5	0x1.179cb80000000p+0	0x1.dffa7e0000000p-1	0x1.0246000000000p-1	0x1.c2ddc20000000p+10
460	0x1.1f96a20000000p-5	0x1.a7f9540000000p-1	0x1.7aaf500000000p-1	0x1.52b9d60000000p-2	0x1.c2ddc20000000p+10
461	0x1.d24ab60000000p-6	0x1.34a18c0000000p+0	0x1.028c2e0000000p+0	0x1.3795560000000p-1	0x1.c2ddc40000000p+10
462	0x1.125a4e0000000p-5	0x1.3c62120000000p+0	0x1.0f22120000000p+0	0x1.25edb40000000p-1	0x1.c2ddc40000000p+10
463	0x1.0cd6b60000000p-5	0x1.19a9600000000p+0	0x1.d017400000000p-1	0x1.1a984a0000000p-1	0x1.c2ddc40000000p+10
464	0x1.5844a00000000p-5	0x1.757ab40000000p-1	0x1.460d460000000p-1	0x1.1c22a40000000p-2	0x1.c2ddc40000000p+10
465	0x1.37671c0000000p-5	0x1.2ce12a0000000p+1	0x1.0752de0000000p+1	0x1.18bb460000000p+0	0x1.c2ddc40000000p+10
466	0x1.e584300000000p-6	0x1.1944c40000000p+1	0x1.f6cc760000000p+0	0x1.e5be6e0000000p-1	0x1.c2ddc40000000p+10
467	0x1.c5655a0000000p-6	0x1.cd80280000000p+0	0x1.910eae0000000p+0	0x1.b538240000000p-1	0x1.c2ddc40000000p+10
468	0x1.93066e0000000p-5	0x1.0b69920000000p+1	0x1.cd46520000000p+0	0x1.06573c0000000p+0	0x1.c2ddc40000000p+10
469	0x1.62f2800000000p-5	0x1.2335580000000p+0	0x1.ec66d20000000p-1	0x1.1ae0ca0000000p-1	0x1.c2ddc40000000p+10
470	0x1.88e28e0000000p-5	0x1.cdea0e0000000p+0	0x1.8b35fa0000000p+0	0x1.c65c500000000p-1	0x1.c2ddc40000000p+10
471	0x1.72a1760000000p-5	0x1.de06700000000p-1	0x1.92208c0000000p-1	0x1.8940160000000p-2	0x1.c2ddc40000000p+10
472	0x1.0cc6240000000p-4	0x1.5b15080000000p+1	0x1.1f71760000000p+1	0x1.70753a0000000p+0	0x1.c2ddc40000000p+10
473	0x1.b5f2ee0000000p-6	0x1.67d27c0000000p-1	0x1.2349280000000p-1	0x1.6611340000000p-2	0x1.c2ddc20000000p+10
474	0x1.d2834e0000000p-6	0x1.4480520000000p+0	0x1.034fbc0000000p+0	0x1.3544160000000p-1	0x1.c2ddc40000000p+10
475	0x1.3b6cce0000000p-6	0x1.4658da0000000p-1	0x1.125e2a0000000p-1	0x1.289c920000000p-2	0x1.c2ddc40000000p+10
476	0x1.fbe8f60000000p-6	0x1.1b4fc00000000p+0	0x1.e079220000000p-1	0x1.0b18960000000p-1	0x1.c2ddc40000000p+10
477	0x1.513d560000000p-6	0x1.aac0a40000000p-1	0x1.753e380000000p-1	0x1.58fc080000000p-2	0x1.c2ddc40000000p+10
478	0x1.8e3b4e0000000p-5	0x1.4a09120000000p+1	0x1.2b527e0000000p+1	0x1.0d03a60000000p+0	0x1.c2ddc40000000p+10
479	0x1.733f0e0000000p-5	0x1.2dd0720000000p+1	0x1.035aba0000000p+1	0x1.2eb8560000000p+0	0x1.c2ddc40000000p+10
480	0x1.1b15ee0000000p-5	0x1.be13b80000000p-1	0x1.868f040000000p-1	0x1.61e5900000000p-2	0x1.c2ddc40000000p+10
481	0x1.6c6d720000000p-5	0x1.79f37a0000000p+0	0x1.2f98d20000000p+0	0x1.ae110c0000000p-1	0x1.c2ddc40000000p+10
482	0x1.088a180000000p-5	0x1.b485540000000p-1	0x1.62812c0000000p-1	0x1.9fb9e00000000p-2	0x1.c2ddc40000000p+10
483	0x1.8df3160000000p-6	0x1.9488920000000p-1	0x1.5bac600000000p-1	0x1.57373e0000000p-2	0x1.c2ddc40000000p+10
484	0x1.feb36e0000000p-5	0x1.c60f200000000p+0	0x1.6b03aa0000000p+0	0x1.037e060000000p+0	0x1.c2ddc40000000p+10
485	0x1.e470c60000000p-6	0x1.c095a40000000p-1	0x1.6e048c0000000p-1	0x1.c2d0800000000p-2	0x1.c2ddc40000000p+10
486	0x1.29f5240000000p-5	0x1.0833a40000000p+0	0x1.ba57640000000p-1	0x1.e9223e0000000p-2	0x1.c2ddc40000000p+10
487	0x1.4ccbb60000000p-6	0x1.1792400000000p-1	0x1.dc649e0000000p-2	0x1.cc48da0000000p-3	0x1.c2ddc40000000p+10
488	0x1.c762fa0000000p-5	0x1.05a5220000000p+1	0x1.b13ec80000000p+0	0x1.bfebb60000000p-1	0x1.c2ddc40000000p+10
489	0x1.633ede0000000p-6	0x1.018b200000000p+0	0x1.c98ec20000000p-1	0x1.bc9fdc0000000p-2	0x1.c2ddc40000000p+10
490	0x1.5161860000000p-5	0x1.10e2060000000p+0	0x1.cb23b20000000p-1	0x1.04f2580000000p-1	0x1.c2ddc60000000p+10
491	0x1.d714400000000p-6	0x1.ef81920000000p-1	0x1.a20cec0000000p-1	0x1.bf2e420000000p-2	0x1.c2ddc40000000p+10
492	0x1.52a8240000000p-5	0x1.945a560000000p+0	0x1.5febd00000000p+0	0x1.58ec6e0000000p-1	0x1.c2ddc60000000p+10
493	0x1.892de40000000p-6	0x1.8345720000000p+0	0x1.4ffc060000000p+0	0x1.644cbc0000000p-1	0x1.c2ddc40000000p+10
494	0x1.b8aaf40000000p-6	0x1.47c8340000000p+0	0x1.1808a40000000p+0	0x1.468d4e0000000p-1	0x1.c2ddc40000000p+10
495	0x1.db42f40000000p-6	0x1.e98a0c0000000p-1	0x1.97146e0000000p-1	0x1.e94bfc0000000p-2	0x1.c2ddc40000000p+10
496	0x1.31f6be0000000p-5	0x1.e6c7920000000p+0	0x1.ac64540000000p+0	0x1.bcf1a00000000p-1	0x1.c2ddc40000000p+10
497	0x1.092d660000000p-6	0x1.05f6560000000p+0	0x1.b7a1e80000000p-1	0x1.10bd8a0000000p-1	0x1.c2ddc60000000p+10
498	0x1.30a5b00000000p-5	0x1.04020c0000000p+0	0x1.c27bfa0000000p-1	0x1.bb75040000000p-2	0x1.c2ddc60000000p+10
499	0x1.ab986e0000000p-6	0x1.0b172a0000000p+0	0x1.b56b7a0000000p-1	0x1.22aece0000000p-1	0x1.c2ddc60000000p+10
500	0x1.645f840000000p-5	0x1.04f4000000000p+0	0x1.bf383e0000000p-1	0x1.83afac0000000p-2	0x1.c2ddc60000000p+10
501	0x1.6b98fe0000000p-5	0x1.a9aa5e0000000p+0	0x1.7217a80000000p+0	0x1.4cb1f80000000p-1	0x1.c2ddc60000000p+10
502	0x1.604a300000000p-5	0x1.06afb40000000p+1	0x1.b8e05e0000000p+0	0x1.f2fdb60000000p-1	0x1.c2ddc60000000p+10
503	0x1.6f7a040000000p-6	0x1.794cbc0000000p+0	0x1.35e5ba0000000p+0	0x1.9c44d60000000p-1	0x1.c2ddc60000000p+10
504	0x1.1fa7ea0000000p-5	0x1.3227800000000p+0	0x1.ec80340000000p-1	0x1.4a06e20000000p-1	0x1.c2ddc60000000p+10
505	0x1.c312a60000000p-5	0x1.18c7e00000000p+1	0x1.ebc8380000000p+0	0x1.d8370c0000000p-1	0x1.c2ddc60000000p+10
506	0x1.a3363a0000000p-5	0x1.0f90240000000p+0	0x1.d27ce00000000p-1	0x1.f113fe0000000p-2	0x1.c2ddc60000000p+10
507	0x1.37a5e80000000p-5	0x1.8e88d40000000p+0	0x1.2e95300000000p+0	0x1.f615f20000000p-1	0x1.c2ddc60000000p+10
508	0x1.6914b20000000p-6	0x1.56eec60000000p-1	0x1.1fc6760000000p-1	0x1.2951380000000p-2	0x1.c2ddc60000000p+10
509	0x1.e0b8740000000p-6	0x1.c30c5c0000000p-1	0x1.7c5c980000000p-1	0x1.aaf89e0000000p-2	0x1.c2ddc60000000p+10
510	0x1.7ff9300000000p-5	0x1.88a28a0000000p+0	0x1.5822e00000000p+0	0x1.6a40780000000p-1	0x1.c2ddc60000000p+10
511	0x1.a64f000000000p-5	0x1.1b76940000000p+1	0x1.e72f080000000p+0	0x1.1ceb960000000p+0	0x1.c2ddc60000000p+10
512	0x1.234c0a0000000p-5	0x1.13a5660000000p+0	0x1.d866020000000p-1	0x1.f54c100000000p-2	0x1.c2ddc60000000p+10
513	0x1.169aac0000000p-5	0x1.b2d1d80000000p-1	0x1.7a84800000000p-1	0x1.68d3c60000000p-2	0x1.c2ddc60000000p+10
514	0x1.8f5d100000000p-5	0x1.d1f7180000000p+0	0x1.85fe1e0000000p+0	0x1.daffe80000000p-1	0x1.c2ddc60000000p+10
515	0x1.081de00000000p-5	0x1.f250fc0000000p-1	0x1.ae8b280000000p-1	0x1.9681ca0000000p-2	0x1.c2ddc60000000p+10
516	0x1.2d6c240000000p-5	0x1.0835fa0000000p+0	0x1.b41c8a0000000p-1	0x1.0a9a720000000p-1	0x1.c2ddc80000000p+10
517	0x1.e498a00000000p-6	0x1.65c7a00000000p+0	0x1.3603e80000000p+0	0x1.58938e0000000p-1	0x1.c2ddc80000000p+10
518	0x1.57839a0000000p-5	0x1.3f69e20000000p+0	0x1.0d9b400000000p+0	0x1.2f782a0000000p-1	0x1.c2ddc80000000p+10
519	0x1.d180b00000000p-6	0x1.d4bc400000000p+0	0x1.90b5a40000000p+0	0x1.d59ab80000000p-1	0x1.c2ddc80000000p+10
520	0x1.84f5fa0000000p-6	0x1.03890e0000000p+0	0x1.b8efdc0000000p-1	0x1.f520ea0000000p-2	0x1.c2ddc80000000p+10
521	0x1.96a3e40000000p-6	0x1.c5cc740000000p-1	0x1.8dc8480000000p-1	0x1.8812a40000000p-2	0x1.c2ddc80000000p+10
522	0x1.2262540000000p-4	0x1.4b2cb80000000p+0	0x1.1ce7460000000p+0	0x1.1613de0000000p-1	0x1.c2ddc80000000p+10
523	0x1.137db00000000p-5	0x1.6355800000000p+0	0x1.2c25260000000p+0	0x1.6d8e8a0000000p-1	0x1.c2ddc80000000p+10
524	0x1.2ebaf40000000p-5	0x1.16777e0000000p+0	0x1.e782c60000000p-1	0x1.f9cf660000000p-2	0x1.c2ddc80000000p+10
525	0x1.6748060000000p-6	0x1.cf27ce0000000p-1	0x1.8b6b520000000p-1	0x1.bb648a0000000p-2	0x1.c2ddc80000000p+10
526	0x1.4ca82a0000000p-5	0x1.520d2a0000000p+0	0x1.0744b80000000p+0	0x1.9f49e20000000p-1	0x1.c2ddc80000000p+10
527	0x1.fbc3900000000p-6	0x1.03e9000000000p+1	0x1.bd3c860000000p+0	0x1.0750600000000p+0	0x1.c2ddc80000000p+10
528	0x1.e6a1660000000p-6	0x1.232cfe0000000p+0	0x1.ee33920000000p-1	0x1.24c8920000000p-1	0x1.c2ddc80000000p+10
529	0x1.49bf020000000p-5	0x1.3dddd40000000p+0	0x1.08b30c0000000p+0	0x1.48e8300000000p-1	0x1.c2ddc80000000p+10
530	0x1.cae7400000000p-5	0x1.6d72a60000000p+0	0x1.32d0760000000p+0	0x1.3f39b00000000p-1	0x1.c2ddc80000000p+10
531	0x1.62199c0000000p-5	0x1.b7e6f00000000p+0	0x1.77f5600000000p+0	0x1.a6d5000000000p-1	0x1.c2ddc80000000p+10
532	0x1.e5ba140000000p-6	0x1.bdf38a0000000p-1	0x1.6b53000000000p-1	0x1.d089740000000p-2	0x1.c2ddc80000000p+10
533	0x1.1bf8f60000000p-5	0x1.a4ea5c0000000p+0	0x1.698fee0000000p+0	0x1.9a85a40000000p-1	0x1.c2ddc80000000p+10
534	0x1.bb4ec60000000p-6	0x1.3730aa0000000p+0	0x1.0270d60000000p+0	0x1.4d881e0000000p-1	0x1.c2ddc80000000p+10
535	0x1.477c660000000p-5	0x1.d2b4d40000000p+0	0x1.982a500000000p+0	0x1.a10e5a0000000p-1	0x1.c2ddc80000000p+10
536	0x1.595cea0000000p-5	0x1.002a400000000p+1	0x1.b737320000000p+0	0x1.dd92c80000000p-1	0x1.c2ddc80000000p+10
537	0x1.f3374e0000000p-6	0x1.1b8afa0000000p+1	0x1.e998700000000p+0	0x1.177f9c0000000p+0	0x1.c2ddc80000000p+10
538	0x1.0e7dde0000000p-5	0x1.dc06420000000p+0	0x1.99b0cc0000000p+0	0x1.d397940000000p-1	0x1.c2ddc80000000p+10
539	0x1.89df8c0000000p-5	0x1.ec6f880000000p-1	0x1.a4a2b80000000p-1	0x1.961f3c0000000p-2	0x1.c2ddc80000000p+10
540	0x1.31158a0000000p-5	0x1.efd2a00000000p-1	0x1.aa8a680000000p-1	0x1.a2b7e00000000p-2	0x1.c2ddc80000000p+10
541	0x1.2183ee0000000p-5	0x1.1ff3ac0000000p+0	0x1.ed562e0000000p-1	0x1.ed39060000000p-2	0x1.c2ddc80000000p+10
542	0x1.47c62a0000000p-5	0x1.3a7bae0000000p+0	0x1.0edcda0000000p+0	0x1.17ba400000000p-1	0x1.c2ddc80000000p+10
543	0x1.d3d4fe0000000p-6	0x1.86db060000000p-1	0x1.532c340000000p-1	0x1.4c06a80000000p-2	0x1.c2ddc80000000p+10
544	0x1.a9ec8a0000000p-6	0x1.328f600000000p-1	0x1.0006940000000p-1	0x1.03ab120000000p-2	0x1.c2ddc80000000p+10
545	0x1.23c8a60000000p-5	0x1.ef60a80000000p-1	0x1.b5dbba0000000p-1	0x1.990c740000000p-2	0x1.c2ddc80000000p+10
546	0x1.255a1e0000000p-5	0x1.4cc1180000000p+0	0x1.1d547a0000000p+0	0x1.36dc300000000p-1	0x1.c2ddc80000000p+10
547	0x1.c44e9e0000000p-5	0x1.e2c1960000000p+0	0x1.97ed5c0000000p+0	0x1.e094360000000p-1	0x1.c2ddc80000000p+10
548	0x1.bc54140000000p-6	0x1.2003e00000000p+0	0x1.f008720000000p-1	0x1.0ec8000000000p-1	0x1.c2ddc80000000p+10
549	0x1.d955600000000p-6	0x1.33c58a0000000p+0	0x1.01b7620000000p+0	0x1.30eb380000000p-1	0x1.c2ddc80000000p+10
550	0x1.00fa6a0000000p-5	0x1.1769540000000p+0	0x1.e0d4360000000p-1	0x1.04810e0000000p-1	0x1.c2ddc80000000p+10
551	0x1.a7714e0000000p-6	0x1.2347420000000p+0	0x1.e85d2e0000000p-1	0x1.1a654e0000000p-1	0x1.c2ddc80000000p+10
552	0x1.1e796a0000000p-5	0x1.97aa560000000p+0	0x1.5abafc0000000p+0	0x1.9c95e60000000p-1	0x1.c2ddc80000000p+10
553	0x1.622f740000000p-6	0x1.5f93640000000p+0	0x1.3106220000000p+0	0x1.4d95940000000p-1	0x1.c2ddc80000000p+10
554	0x1.0a73640000000p-6	0x1.dacac40000000p-1	0x1.8369640000000p-1	0x1.04407c0000000p-1	0x1.c2ddca0000000p+10
555	0x1.33a2fa0000000p-5	0x1.2bc5e80000000p+1	0x1.02a25e0000000p+1	0x1.28df7a0000000p+0	0x1.c2ddc80000000p+10
556	0x1.aa0dba0000000p-6	0x1.cf31860000000p-1	0x1.7ab3ce0000000p-1	0x1.e97b1c0000000p-2	0x1.c2ddc80000000p+10
557	0x1.22d5de0000000p-5	0x1.2b23640000000p+0	0x1.07a3ae0000000p+0	0x1.e408440000000p-2	0x1.c2ddc80000000p+10
558	0x1.aff41a0000000p-5	0x1.937c020000000p+0	0x1.53cda00000000p+0	0x1.7a92020000000p-1	0x1.c2ddc80000000p+10
559	0x1.0c34b60000000p-4	0x1.3711140000000p+1	0x1.e9c6620000000p+0	0x1.73b9820000000p+0	0x1.c2ddc80000000p+10
560	0x1.a558160000000p-5	0x1.1cc2b20000000p+0	0x1.d497f20000000p-1	0x1.21880a0000000p-1	0x1.c2ddc80000000p+10
561	0x1.98a4b20000000p-5	0x1.6d402e0000000p+0	0x1.3b875c0000000p+0	0x1.5997be0000000p-1	0x1.c2ddc80000000p+10
562	0x1.0695400000000p-5	0x1.219ca60000000p+0	0x1.e4a1220000000p-1	0x1.2d27fc0000000p-1	0x1.c2ddc80000000p+10
563	0x1.41bf8e0000000p-5	0x1.3a46d60000000p+0	0x1.ea68be0000000p-1	0x1.7b46900000000p-1	0x1.c2ddca0000000p+10
564	0x1.9bdb8e0000000p-6	0x1.8da3de0000000p-1	0x1.4bdd120000000p-1	0x1.76ef3a0000000p-2	0x1.c2ddca0000000p+10
565	0x1.c016ae0000000p-6	0x1.961e720000000p-1	0x1.52311e0000000p-1	0x1.731a3c0000000p-2	0x1.c2ddc80000000p+10
566	0x1.107da40000000p-4	0x1.5848f40000000p+1	0x1.28e1580000000p+1	0x1.10a7420000000p+0	0x1.c2ddca0000000p+10
567	0x1.dd2e3a0000000p-6	0x1.5ab4300000000p+0	0x1.2d884c0000000p+0	0x1.35451e0000000p-1	0x1.c2ddca0000000p+10
568	0x1.6718260000000p-6	0x1.2177940000000p+0	0x1.f663d80000000p-1	0x1.0f40360000000p-1	0x1.c2ddca0000000p+10
569	0x1.3ae2b00000000p-5	0x1.c821120000000p+0	0x1.63017e0000000p+0	0x1.119bca0000000p+0	0x1.c2ddca0000000p+10
570	0x1.aae6760000000p-6	0x1.d657280000000p-1	0x1.a274860000000p-1	0x1.7329240000000p-2	0x1.c2ddc80000000p+10
571	0x1.8bfe480000000p-5	0x1.db34f60000000p-1	0x1.9dc75e0000000p-1	0x1.927daa0000000p-2	0x1.c2ddca0000000p+10
572	0x1.b425260000000p-5	0x1.33cb4e0000000p+1	0x1.a01ba80000000p+0	0x1.beedb80000000p+0	0x1.c2ddca0000000p+10
573	0x1.cdd6600000000p-5	0x1.6061160000000p+0	0x1.31d7b80000000p+0	0x1.4187440000000p-1	0x1.c2ddca0000000p+10
574	0x1.09215e0000000p-5	0x1.3ad76e0000000p+0	0x1.0e6e520000000p+0	0x1.2c78900000000p-1	0x1.c2ddca0000000p+10
575	0x1.2e9fa80000000p-5	0x1.1b9f4c0000000p+1	0x1.bfbf200000000p+0	0x1.51d3e80000000p+0	0x1.c2ddca0000000p+10
576	0x1.baa5ba0000000p-6	0x1.bedc860000000p-1	0x1.8cdcdc0000000p-1	0x1.46dd260000000p-2	0x1.c2ddca0000000p+10
577	0x1.719de00000000p-5	0x1.c6fe5a0000000p+0	0x1.92c6b20000000p+0	0x1.818c800000000p-1	0x1.c2ddcc0000000p+10
578	0x1.5307660000000p-5	0x1.9445080000000p-1	0x1.5c9b620000000p-1	0x1.24fa080000000p-2	0x1.c2ddca0000000p+10
579	0x1.35e7860000000p-5	0x1.0330380000000p+0	0x1.bbabdc0000000p-1	0x1.e8a01a0000000p-2	0x1.c2ddca0000000p+10
580	0x1.535e6e0000000p-5	0x1.8164be0000000p+0	0x1.5a2d8c0000000p+0	0x1.40a2b80000000p-1	0x1.c2ddca0000000p+10
581	0x1.30abbe0000000p-5	0x1.83154c0000000p+0	0x1.51c3820000000p+0	0x1.5f31060000000p-1	0x1.c2ddca0000000p+10
582	0x1.0c63e60000000p-5	0x1.6e2df80000000p+0	0x1.340ace0000000p+0	0x1.7a21e80000000p-1	0x1.c2ddca0000000p+10
583	0x1.3c671a0000000p-5	0x1.0d5c880000000p+1	0x1.caf5fe0000000p+0	0x1.0ed36c0000000p+0	0x1.c2ddcc0000000p+10
584	0x1.a899b40000000p-6	0x1.2caa060000000p+0	0x1.0571820000000p+0	0x1.1c2dae0000000p-1	0x1.c2ddcc0000000p+10
585	0x1.340cfe0000000p-6	0x1.521ec40000000p-1	0x1.2375040000000p-1	0x1.29d86c0000000p-2	0x1.c2ddcc0000000p+10
586	0x1.4ca2820000000p-6	0x1.7651940000000p-1	0x1.3bddc20000000p-1	0x1.2e71d20000000p-2	0x1.c2ddcc0000000p+10
587	0x1.824f1e0000000p-5	0x1.8e54fe0000000p+1	0x1.5ddace0000000p+1	0x1.75fc660000000p+0	0x1.c2ddcc0000000p+10
588	0x1.249c5e0000000p-5	0x1.7e63220000000p+0	0x1.4b1a9c0000000p+0	0x1.62a6640000000p-1	0x1.c2ddcc0000000p+10
589	0x1.1a45640000000p-6	0x1.44b2360000000p-1	0x1.05adc80000000p-1	0x1.3ea65c0000000p-2	0x1.c2ddcc0000000p+10
590	0x1.b8ca040000000p-5	0x1.6672800000000p+1	0x1.3ac66e0000000p+1	0x1.4c6e180000000p+0	0x1.c2ddcc0000000p+10
591	0x1.dfc9440000000p-5	0x1.3039fc0000000p+0	0x1.0d54e80000000p+0	0x1.bc1f620000000p-2	0x1.c2ddcc0000000p+10
592	0x1.ea92160000000p-5	0x1.f4d7f60000000p+0	0x1.ab6dc60000000p+0	0x1.f3e2500000000p-1	0x1.c2ddcc0000000p+10
593	0x1.3fc0760000000p-5	0x1.42bff60000000p+0	0x1.16e9280000000p+0	0x1.188b540000000p-1	0x1.c2ddcc0000000p+10
594	0x1.0b65360000000p-5	0x1.3c84fc0000000p-1	0x1.088cd60000000p-1	0x1.00daba0000000p-2	0x1.c2ddcc0000000p+10
595	0x1.1ad2fe0000000p-5	0x1.aec6b60000000p-1	0x1.7b57de0000000p-1	0x1.4dda200000000p-2	0x1.c2ddcc0000000p+10
596	0x1.f5b02a0000000p-6	0x1.2e4d820000000p+0	0x1.00cd560000000p+0	0x1.2908da0000000p-1	0x1.c2ddcc0000000p+10
597	0x1.0658ea0000000p-5	0x1.51f7000000000p+0	0x1.2447800000000p+0	0x1.2f231e0000000p-1	0x1.c2ddcc0000000p+10
598	0x1.b575400000000p-5	0x1.865d680000000p+0	0x1.54aafe0000000p+0	0x1.4af9d20000000p-1	0x1.c2ddcc0000000p+10
599	0x1.a360200000000p-5	0x1.1aa58e0000000p+0	0x1.c618ac0000000p-1	0x1.3e8c2a0000000p-1	0x1.c2ddcc0000000p+10
600	0x1.ce47e60000000p-6	0x1.5d27740000000p+0	0x1.18ecfa0000000p+0	0x1.8dcf180000000p-1	0x1.c2ddcc0000000p+10
601	0x1.39da020000000p-5	0x1.ae8c840000000p-1	0x1.5ec78c0000000p-1	0x1.9e238c0000000p-2	0x1.c2ddcc0000000p+10
602	0x1.01e3860000000p-5	0x1.05908c0000000p+0	0x1.bb39a20000000p-1	0x1.04887c0000000p-1	0x1.c2ddcc0000000p+10
603	0x1.4114700000000p-5	0x1.6a9e260000000p+2	0x1.c2f7000000000p+1	0x1.1b32160000000p+2	0x1.c2ddcc0000000p+10
604	0x1.383d280000000p-5	0x1.0e4a740000000p+1	0x1.e4ad340000000p+0	0x1.b45fca0000000p-1	0x1.c2ddce0000000p+10
605	0x1.5aaeee0000000p-5	0x1.56160c0000000p+0	0x1.1f48600000000p+0	0x1.3e00ca0000000p-1	0x1.c2ddce0000000p+10
606	0x1.5db0040000000p-5	0x1.c2223e0000000p-1	0x1.91c6b40000000p-1	0x1.5a44540000000p-2	0x1.c2ddce0000000p+10
607	0x1.9728da0000000p-6	0x1.5e930e0000000p-1	0x1.3021660000000p-1	0x1.2a59540000000p-2	0x1.c2ddce0000000p+10
608	0x1.e1d9560000000p-6	0x1.4163e20000000p+0	0x1.1e11dc0000000p+0	0x1.05e0500000000p-1	0x1.c2ddce0000000p+10
609	0x1.8687200000000p-6	0x1.b3b7fe0000000p-1	0x1.54952a0000000p-1	0x1.f8e0800000000p-2	0x1.c2ddce0000000p+10
610	0x1.d5dc340000000p-6	0x1.3a77260000000p+0	0x1.07dbe80000000p+0	0x1.396c840000000p-1	0x1.c2ddce0000000p+10
611	0x1.26dbd00000000p-5	0x1.2c3d180000000p+0	0x1.07cf2c0000000p+0	0x1.d0cc120000000p-2	0x1.c2ddce0000000p+10
612	0x1.da9cb00000000p-5	0x1.2674fe0000000p+1	0x1.076a2a0000000p+1	0x1.d8ef440000000p-1	0x1.c2ddce0000000p+10
613	0x1.e300600000000p-6	0x1.d709dc0000000p+1	0x1.99415e0000000p+1	0x1.c759800000000p+0	0x1.c2ddce0000000p+10
614	0x1.607cf60000000p-5	0x1.23f4740000000p+1	0x1.fb24860000000p+0	0x1.1205460000000p+0	0x1.c2ddce0000000p+10
615	0x1.2067b40000000p-5	0x1.2344840000000p+0	0x1.fc9fb20000000p-1	0x1.051aa80000000p-1	0x1.c2ddce0000000p+10
616	0x1.6836460000000p-5	0x1.4dbe900000000p+0	0x1.1d73120000000p+0	0x1.3cca5a0000000p-1	0x1.c2ddce0000000p+10
617	0x1.dcd4f40000000p-6	0x1.e805500000000p-1	0x1.9d14fe0000000p-1	0x1.ca330c0000000p-2	0x1.c2ddce0000000p+10
618	0x1.1f13860000000p-5	0x1.d40c400000000p+0	0x1.7d3fca0000000p+0	0x1.fb3f880000000p-1	0x1.c2ddce0000000p+10
619	0x1.34320e0000000p-5	0x1.314b360000000p+0	0x1.0d8ca60000000p+0	0x1.dbfc140000000p-2	0x1.c2ddce0000000p+10
620	0x1.3173600000000p-5	0x1.a260960000000p+0	0x1.6c38ba0000000p+0	0x1.7cf4b20000000p-1	0x1.c2ddce0000000p+10
621	0x1.4f2f140000000p-6	0x1.6fbaf60000000p+0	0x1.391ace0000000p+0	0x1.785f8a0000000p-1	0x1.c2ddce0000000p+10
622	0x1.fa21e00000000p-6	0x1.bb2fb60000000p-1	0x1.8462420000000p-1	0x1.5dd2120000000p-2	0x1.c2ddd00000000p+10
623	0x1.5788e60000000p-6	0x1.dd4f0a0000000p-1	0x1.a037020000000p-1	0x1.b524340000000p-2	0x1.c2ddd00000000p+10
624	0x1.b62a500000000p-6	0x1.2a40740000000p+0	0x1.00fccc0000000p+0	0x1.195f100000000p-1	0x1.c2ddd00000000p+10
625	0x1.3934c40000000p-5	0x1.ad94a00000000p-1	0x1.6e7aaa0000000p-1	0x1.8ff9ec0000000p-2	0x1.c2ddd00000000p+10
626	0x1.8e2b660000000p-5	0x1.090cee0000000p+0	0x1.c8e98a0000000p-1	0x1.e210dc0000000p-2	0x1.c2ddd00000000p+10
627	0x1.b6e96a0000000p-6	0x1.58b0200000000p+0	0x1.2f1a920000000p+0	0x1.2370500000000p-1	0x1.c2ddd20000000p+10
628	0x1.b6eea00000000p-4	0x1.fcf3f80000000p+1	0x1.735ee40000000p+1	0x1.5366fa0000000p+1	0x1.c2ddd00000000p+10
629	0x1.321e960000000p-5	0x1.1b6e640000000p+0	0x1.e892d00000000p-1	0x1.a79cb60000000p-2	0x1.c2ddd00000000p+10
630	0x1.d43f940000000p-6	0x1.d805ec0000000p-1	0x1.9e46f80000000p-1	0x1.7e039a0000000p-2	0x1.c2ddd20000000p+10
631	0x1.21b1660000000p-5	0x1.34b0280000000p+0	0x1.13561e0000000p+0	0x1.0eae9c0000000p-1	0x1.c2ddd00000000p+10
632	0x1.c926a60000000p-6	0x1.8a9ecc0000000p-1	0x1.4753ee0000000p-1	0x1.85097a0000000p-2	0x1.c2ddd00000000p+10
633	0x1.b77e7a0000000p-5	0x1.1d3afc0000000p+0	0x1.e9c8da0000000p-1	0x1.f3c25a0000000p-2	0x1.c2ddd00000000p+10
634	0x1.6e84000000000p-6	0x1.7b5aae0000000p-1	0x1.3aed8e0000000p-1	0x1.63da1e0000000p-2	0x1.c2ddd20000000p+10
635	0x1.aa4e5a0000000p-6	0x1.aab7820000000p-1	0x1.7b86f60000000p-1	0x1.5a63be0000000p-2	0x1.c2ddd00000000p+10
636	0x1.1df8f60000000p-5	0x1.3b5ae00000000p+0	0x1.1a6d2c0000000p+0	0x1.f9c43e0000000p-2	0x1.c2ddd00000000p+10
637	0x1.0251f60000000p-5	0x1.2626380000000p+0	0x1.fd766a0000000p-1	0x1.1845580000000p-1	0x1.c2ddd00000000p+10
638	0x1.e457940000000p-6	0x1.bf940a0000000p+0	0x1.85cd6c0000000p+0	0x1.7b05c40000000p-1	0x1.c2ddd00000000p+10
639	0x1.c348b40000000p-6	0x1.6f319c0000000p-1	0x1.3cca4a0000000p-1	0x1.3e7eb80000000p-2	0x1.c2ddd00000000p+10
640	0x1.c1d2900000000p-6	0x1.d2099e0000000p-1	0x1.949fbc0000000p-1	0x1.9b5c180000000p-2	0x1.c2ddd00000000p+10
641	0x1.b642ce0000000p-5	0x1.5cba860000000p+0	0x1.37bf760000000p+0	0x1.19f5ca0000000p-1	0x1.c2ddd00000000p+10
642	0x1.4dd5320000000p-6	0x1.13d2600000000p+0	0x1.e0053e0000000p-1	0x1.fd1a900000000p-2	0x1.c2ddd00000000p+10
643	0x1.15c49e0000000p-5	0x1.0737720000000p+0	0x1.ac0fea0000000p-1	0x1.27108a0000000p-1	0x1.c2ddd00000000p+10
644	0x1.b3f85e0000000p-6	0x1.40862c0000000p+0	0x1.1d7a160000000p+0	0x1.0e0a280000000p-1	0x1.c2ddd00000000p+10
645	0x1.060d4e0000000p-5	0x1.2557a60000000p+0	0x1.f28c620000000p-1	0x1.2137c00000000p-1	0x1.c2ddd00000000p+10
646	0x1.ce721a0000000p-5	0x1.8f5c5c0000000p+1	0x1.637b480000000p+1	0x1.5399fa0000000p+0	0x1.c2ddd00000000p+10
647	0x1.3368760000000p-5	0x1.c5a1f00000000p+0	0x1.782a860000000p+0	0x1.e71d300000000p-1	0x1.c2ddd00000000p+10
648	0x1.fbe41a0000000p-6	0x1.2da5280000000p+0	0x1.0ac28e0000000p+0	0x1.0b89b40000000p-1	0x1.c2ddd00000000p+10
649	0x1.6b2d520000000p-6	0x1.c3ce8a0000000p-1	0x1.8a7a9e0000000p-1	0x1.7089460000000p-2	0x1.c2ddd00000000p+10
650	0x1.9ae78e0000000p-6	0x1.c487c60000000p-1	0x1.8962e80000000p-1	0x1.8bf35c0000000p-2	0x1.c2ddd20000000p+10
651	0x1.63fabe0000000p-5	0x1.9cd8780000000p+0	0x1.65e0640000000p+0	0x1.7b86a40000000p-1	0x1.c2ddd00000000p+10
652	0x1.0b53160000000p-6	0x1.0b37f80000000p-1	0x1.d65cae0000000p-2	0x1.bb0b780000000p-3	0x1.c2ddd20000000p+10
653	0x1.725e4e0000000p-5	0x1.da9b840000000p-1	0x1.a434ec0000000p-1	0x1.7017140000000p-2	0x1.c2ddd20000000p+10
654	0x1.4e001e0000000p-5	0x1.28c62c0000000p+0	0x1.dfc7d60000000p-1	0x1.ed45460000000p-2	0x1.c2ddd20000000p+10
655	0x1.54e2d60000000p-5	0x1.2fdb7a0000000p+0	0x1.081b440000000p+0	0x1.1419280000000p-1	0x1.c2ddd20000000p+10
656	0x1.5d38c60000000p-5	0x1.eea0600000000p+0	0x1.c7c3360000000p+0	0x1.6921280000000p-1	0x1.c2ddd20000000p+10
657	0x1.8daf740000000p-6	0x1.fc2bf00000000p-1	0x1.bc05000000000p-1	0x1.a6172c0000000p-2	0x1.c2ddd20000000p+10
658	0x1.f2f16a0000000p-6	0x1.fe595a0000000p-1	0x1.ad7b360000000p-1	0x1.c5211c0000000p-2	0x1.c2ddd20000000p+10
659	0x1.10655e0000000p-5	0x1.5565a00000000p+0	0x1.2a4eac0000000p+0	0x1.26f68e0000000p-1	0x1.c2ddd20000000p+10
660	0x1.8b536e0000000p-6	0x1.9c56960000000p-1	0x1.68542a0000000p-1	0x1.5e84b00000000p-2	0x1.c2ddd20000000p+10
661	0x1.3ce0240000000p-5	0x1.28f5dc0000000p+0	0x1.0836aa0000000p+0	0x1.e6155a0000000p-2	0x1.c2ddd20000000p+10
662	0x1.3f158e0000000p-5	0x1.2076e20000000p+0	0x1.f2db7a0000000p-1	0x1.f8a5800000000p-2	0x1.c2ddd20000000p+10
663	0x1.d898ee0000000p-6	0x1.2f0b180000000p-1	0x1.0945220000000p-1	0x1.d1d4aa0000000p-3	0x1.c2ddd20000000p+10
664	0x1.55b7060000000p-6	0x1.8f998e0000000p-1	0x1.5d45240000000p-1	0x1.40b37a0000000p-2	0x1.c2ddd20000000p+10
665	0x1.6055200000000p-6	0x1.3b7b8c0000000p+1	0x1.1ac8be0000000p+1	0x1.12f53c0000000p+0	0x1.c2ddd20000000p+10
666	0x1.03a7d00000000p-6	0x1.19c9420000000p+0	0x1.ef210e0000000p-1	0x1.f4816e0000000p-2	0x1.c2ddd20000000p+10
667	0x1.0128cc0000000p-5	0x1.21cd780000000p+0	0x1.0280de0000000p+0	0x1.d195200000000p-2	0x1.c2ddd20000000p+10
668	0x1.1f51200000000p-5	0x1.e0a9360000000p-1	0x1.b1f6c20000000p-1	0x1.40141a0000000p-2	0x1.c2ddd20000000p+10
669	0x1.f3204e0000000p-6	0x1.6c9d5e0000000p-1	0x1.2e88d20000000p-1	0x1.781f0e0000000p-2	0x1.c2ddd20000000p+10
670	0x1.a2950a0000000p-6	0x1.00673e0000000p+0	0x1.ae321a0000000p-1	0x1.fd35680000000p-2	0x1.c2ddd20000000p+10
671	0x1.c643a00000000p-6	0x1.cb190e0000000p-1	0x1.9164ce0000000p-1	0x1.6060520000000p-2	0x1.c2ddd20000000p+10
672	0x1.41c8960000000p-5	0x1.69a56c0000000p+0	0x1.3591860000000p+0	0x1.4f48b60000000p-1	0x1.c2ddd20000000p+10
673	0x1.e064340000000p-6	0x1.5f56ac0000000p+0	0x1.395bf00000000p+0	0x1.2fccba0000000p-1	0x1.c2ddd20000000p+10
674	0x1.f39ac00000000p-6	0x1.a5f5840000000p-1	0x1.72f1180000000p-1	0x1.5790c00000000p-2	0x1.c2ddd20000000p+10
675	0x1.2d758e0000000p-5	0x1.9f4f3e0000000p-1	0x1.6ffc020000000p-1	0x1.1d726e0000000p-2	0x1.c2ddd20000000p+10
676	0x1.6edb9e0000000p-5	0x1.9515720000000p-1	0x1.4bd9c20000000p-1	0x1.555d220000000p-2	0x1.c2ddd20000000p+10
677	0x1.3001180000000p-5	0x1.0ba37c0000000p+0	0x1.b8dff20000000p-1	0x1.171d960000000p-1	0x1.c2ddd20000000p+10
678	0x1.0e86320000000p-5	0x1.bac7f40000000p-1	0x1.8954520000000p-1	0x1.64a1c00000000p-2	0x1.c2ddd20000000p+10
679	0x1.d490fa0000000p-6	0x1.ea5dc20000000p-1	0x1.96b5dc0000000p-1	0x1.ec48580000000p-2	0x1.c2ddd20000000p+10
680	0x1.82b6060000000p-6	0x1.86eca80000000p-1	0x1.5720700000000p-1	0x1.2395420000000p-2	0x1.c2ddd20000000p+10
681	0x1.0492be0000000p-4	0x1.d43bee0000000p+0	0x1.9dfd5c0000000p+0	0x1.8deb440000000p-1	0x1.c2ddd20000000p+10
682	0x1.6c247e0000000p-6	0x1.aeb1540000000p-1	0x1.6813600000000p-1	0x1.a758c80000000p-2	0x1.c2ddd20000000p+10
683	0x1.f20f960000000p-7	0x1.8fdf180000000p-1	0x1.503e2e0000000p-1	0x1.7ba0b80000000p-2	0x1.c2ddd40000000p+10
684	0x1.2f8d160000000p-5	0x1.3931060000000p+0	0x1.12371e0000000p+0	0x1.18634e0000000p-1	0x1.c2ddd20000000p+10
685	0x1.1834f60000000p-5	0x1.d4f7fe0000000p-1	0x1.9525760000000p-1	0x1.a1956e0000000p-2	0x1.c2ddd40000000p+10
686	0x1.b5ed6e0000000p-6	0x1.fcfa400000000p-1	0x1.8c0a780000000p-1	0x1.2e25520000000p-1	0x1.c2ddd40000000p+10
687	0x1.bfb2660000000p-6	0x1.b716760000000p-1	0x1.6a1fd80000000p-1	0x1.c7f9040000000p-2	0x1.c2ddd40000000p+10
688	0x1.a0b5260000000p-6	0x1.61edfa0000000p-1	0x1.2e04a40000000p-1	0x1.1b7ca60000000p-2	0x1.c2ddd40000000p+10
689	0x1.21bfd00000000p-6	0x1.04aeb00000000p+0	0x1.b00fb00000000p-1	0x1.1a3c720000000p-1	0x1.c2ddd40000000p+10
690	0x1.f8c7d60000000p-6	0x1.8948200000000p-1	0x1.5466c60000000p-1	0x1.5075100000000p-2	0x1.c2ddd40000000p+10
691	0x1.1ec8580000000p-5	0x1.4c328c0000000p+0	0x1.2c40f40000000p+0	0x1.ff46ce0000000p-2	0x1.c2ddd40000000p+10
692	0x1.3103b60000000p-5	0x1.ce7b500000000p-1	0x1.a0b8d00000000p-1	0x1.5d22c40000000p-2	0x1.c2ddd40000000p+10
693	0x1.c083fe0000000p-6	0x1.9ff6940000000p-1	0x1.6494020000000p-1	0x1.75cfba0000000p-2	0x1.c2ddd40000000p+10
694	0x1.8e53860000000p-6	0x1.94c44c0000000p-1	0x1.66ca7e0000000p-1	0x1.5171d00000000p-2	0x1.c2ddd60000000p+10
695	0x1.204c3e0000000p-5	0x1.4ba7460000000p+0	0x1.099f140000000p+0	0x1.787f240000000p-1	0x1.c2ddd60000000p+10
696	0x1.9cda040000000p-6	0x1.9f0fe60000000p-1	0x1.69c3be0000000p-1	0x1.41892c0000000p-2	0x1.c2ddd40000000p+10
697	0x1.e9cd540000000p-6	0x1.5f4eb20000000p-1	0x1.230ab60000000p-1	0x1.4773b40000000p-2	0x1.c2ddd60000000p+10
698	0x1.8498a40000000p-6	0x1.bf88180000000p-1	0x1.814f3a0000000p-1	0x1.8f96c60000000p-2	0x1.c2ddd60000000p+10
699	0x1.a498540000000p-6	0x1.7ce5540000000p-1	0x1.4ce37e0000000p-1	0x1.34e3b80000000p-2	0x1.c2ddd60000000p+10
700	0x1.50666e0000000p-5	0x1.a806800000000p-1	0x1.6e7ae60000000p-1	0x1.2d54c80000000p-2	0x1.c2ddd60000000p+10
701	0x1.6f945e0000000p-6	0x1.a66acc0000000p-1	0x1.5b741a0000000p-1	0x1.a32dc20000000p-2	0x1.c2ddd60000000p+10
702	0x1.71660a0000000p-6	0x1.75edd00000000p-1	0x1.3601840000000p-1	0x1.4654fe0000000p-2	0x1.c2ddd20000000p+10
703	0x1.2f4dde0000000p-5	0x1.0a28600000000p+0	0x1.d5aaa00000000p-1	0x1.9de4a80000000p-2	0x1.c2ddd20000000p+10
704	0x1.4bc4ae0000000p-6	0x1.8a26260000000p-1	0x1.531b6e0000000p-1	0x1.559b9a0000000p-2	0x1.c2ddd40000000p+10
705	0x1.b9558e0000000p-6	0x1.b6d9640000000p+0	0x1.496a7a0000000p+0	0x1.1cfece0000000p+0	0x1.c2ddd40000000p+10
706	0x1.5efe960000000p-5	0x1.a2de900000000p+0	0x1.7031040000000p+0	0x1.5e0bda0000000p-1	0x1.c2ddd40000000p+10
707	0x1.0510fe0000000p-5	0x1.60bb120000000p+0	0x1.225c700000000p+0	0x1.7d8c4c0000000p-1	0x1.c2ddd40000000p+10
708	0x1.b5a3ee0000000p-6	0x1.41af3e0000000p-1	0x1.1371ec0000000p-1	0x1.0674480000000p-2	0x1.c2ddd40000000p+10
709	0x1.8e19de0000000p-6	0x1.bb96c00000000p-1	0x1.56c05c0000000p-1	0x1.0b3d580000000p-1	0x1.c2ddd80000000p+10
710	0x1.0428dc0000000p-5	0x1.5aae580000000p+0	0x1.2786ea0000000p+0	0x1.54195c0000000p-1	0x1.c2ddd80000000p+10
711	0x1.0a456e0000000p-5	0x1.9c12e00000000p-1	0x1.5e7d3a0000000p-1	0x1.5613480000000p-2	0x1.c2ddd80000000p+10
712	0x1.03a3060000000p-5	0x1.49fd460000000p+0	0x1.1f3f300000000p+0	0x1.2b909a0000000p-1	0x1.c2ddd80000000p+10
713	0x1.bb913a0000000p-6	0x1.3565900000000p-1	0x1.0d66f20000000p-1	0x1.e0146a0000000p-3	0x1.c2ddd80000000p+10
714	0x1.d5b67e0000000p-6	0x1.57fdb20000000p+0	0x1.2c40560000000p+0	0x1.3b75a60000000p-1	0x1.c2ddd80000000p+10
715	0x1.13ae0c0000000p-5	0x1.2be4260000000p+0	0x1.1068720000000p+0	0x1.c569b00000000p-2	0x1.c2ddd80000000p+10
716	0x1.be35760000000p-7	0x1.de5b7e0000000p-1	0x1.a270300000000p-1	0x1.ad8e940000000p-2	0x1.c2ddd80000000p+10
717	0x1.3708ac0000000p-6	0x1.fc678c0000000p+0	0x1.ac7b7e0000000p+0	0x1.0d1f160000000p+0	0x1.c2ddd80000000p+10
718	0x1.eb390e0000000p-7	0x1.43ec260000000p+0	0x1.1712540000000p+0	0x1.3e67040000000p-1	0x1.c2ddd80000000p+10
719	0x1.92b7a80000000p-6	0x1.1573b60000000p+0	0x1.cf60840000000p-1	0x1.1ef6bc0000000p-1	0x1.c2ddd80000000p+10
720	0x1.d965140000000p-6	0x1.3fbaec0000000p+0	0x1.1440260000000p+0	0x1.2920be0000000p-1	0x1.c2ddd80000000p+10
721	0x1.0ac7de0000000p-5	0x1.3ec7e20000000p+0	0x1.17fc0c0000000p+0	0x1.03c6500000000p-1	0x1.c2ddd80000000p+10
722	0x1.e118460000000p-5	0x1.a608e40000000p+0	0x1.84a6860000000p+0	0x1.0bd23c0000000p-1	0x1.c2ddd80000000p+10
723	0x1.166a260000000p-5	0x1.ceb5e80000000p-1	0x1.9a78060000000p-1	0x1.70df220000000p-2	0x1.c2ddd80000000p+10
724	0x1.d3edf00000000p-5	0x1.fad85c0000000p+0	0x1.c1c1d20000000p+0	0x1.ab14740000000p-1	0x1.c2ddd80000000p+10
725	0x1.3299160000000p-5	0x1.83f7e60000000p+0	0x1.5c7e840000000p+0	0x1.3596360000000p-1	0x1.c2ddd80000000p+10
726	0x1.dbdc0e0000000p-6	0x1.ab6eca0000000p-1	0x1.6ae9e60000000p-1	0x1.7e3fdc0000000p-2	0x1.c2ddd80000000p+10
727	0x1.0482ea0000000p-5	0x1.c234ea0000000p-1	0x1.8687560000000p-1	0x1.6b4e180000000p-2	0x1.c2ddd80000000p+10
728	0x1.5535860000000p-6	0x1.a631740000000p-1	0x1.6ab5100000000p-1	0x1.6e6f1c0000000p-2	0x1.c2ddd80000000p+10
729	0x1.ef53100000000p-6	0x1.0d9cd40000000p+0	0x1.c2ad780000000p-1	0x1.01acba0000000p-1	0x1.c2ddd80000000p+10
730	0x1.3833460000000p-5	0x1.7ea7a00000000p+0	0x1.3e492a0000000p+0	0x1.96d0800000000p-1	0x1.c2ddd80000000p+10
731	0x1.02d4ac0000000p-5	0x1.1d40060000000p+0	0x1.ce1d9c0000000p-1	0x1.27936a0000000p-2	0x1.c2ddd80000000p+10
732	0x1.9467ce0000000p-6	0x1.dbd4980000000p-1	0x1.9a39560000000p-1	0x1.b3a77a0000000p-2	0x1.c2ddd80000000p+10
733	0x1.de70a00000000p-6	0x1.21e1680000000p-1	0x1.f15b6a0000000p-2	0x1.88ba1a0000000p-3	0x1.c2ddd80000000p+10
734	0x1.0cc12a0000000p-5	0x1.9dab000000000p-1	0x1.69fda00000000p-1	0x1.25511c0000000p-2	0x1.c2ddd80000000p+10
735	0x1.cf8ba00000000p-6	0x1.41f4580000000p-1	0x1.03c9920000000p-1	0x1.5ab32e0000000p-2	0x1.c2ddd80000000p+10
736	0x1.daa5960000000p-7	0x1.9dd6020000000p-1	0x1.5ce7aa0000000p-1	0x1.9f66420000000p-2	0x1.c2ddda0000000p+10
737	0x1.719eb00000000p-6	0x1.2c16b00000000p-1	0x1.021ef00000000p-1	0x1.afe1680000000p-3	0x1.c2ddda0000000p+10
738	0x1.a777500000000p-6	0x1.708c720000000p+0	0x1.4b8f840000000p+0	0x1.2faea40000000p-1	0x1.c2ddda0000000p+10
739	0x1.51df5c0000000p-5	0x1.7fdcea0000000p+0	0x1.58578e0000000p+0	0x1.2f81dc0000000p-1	0x1.c2ddda0000000p+10
740	0x1.4569ea0000000p-5	0x1.4dc84a0000000p+0	0x1.20d3800000000p+0	0x1.3090980000000p-1	0x1.c2ddda0000000p+10
741	0x1.97f6360000000p-6	0x1.a37c0e0000000p-1	0x1.72ee660000000p-1	0x1.264c7e0000000p-2	0x1.c2ddda0000000p+10
742	0x1.60b9860000000p-5	0x1.1b01880000000p+0	0x1.fde13a0000000p-1	0x1.c3180a0000000p-2	0x1.c2ddda0000000p+10
743	0x1.16231e0000000p-5	0x1.a712000000000p-1	0x1.74b1340000000p-1	0x1.49174c0000000p-2	0x1.c2ddda0000000p+10
744	0x1.0f15ac0000000p-6	0x1.38389c0000000p-1	0x1.0d1b020000000p-1	0x1.e59a3c0000000p-3	0x1.c2ddda0000000p+10
745	0x1.2e18a40000000p-6	0x1.e057440000000p-1	0x1.9f85940000000p-1	0x1.c15e080000000p-2	0x1.c2ddda0000000p+10
746	0x1.11e7aa0000000p-5	0x1.6728980000000p+0	0x1.47160c0000000p+0	0x1.0e3f140000000p-1	0x1.c2ddda0000000p+10
747	0x1.08e6f00000000p-5	0x1.dc8d9e0000000p+0	0x1.9e7fbc0000000p+0	0x1.cba0b20000000p-1	0x1.c2ddda0000000p+10
748	0x1.1629e00000000p-6	0x1.c0a4b20000000p-1	0x1.85daf00000000p-1	0x1.9877660000000p-2	0x1.c2ddda0000000p+10
749	0x1.e927d00000000p-6	0x1.b93a7a0000000p-1	0x1.84692c0000000p-1	0x1.4b66ea0000000p-2	0x1.c2ddda0000000p+10
750	0x1.eec1ee0000000p-6	0x1.59a93e0000000p-1	0x1.2836840000000p-1	0x1.d938a60000000p-3	0x1.c2ddda0000000p+10
751	0x1.1f91d60000000p-6	0x1.0db1ae0000000p+0	0x1.d0d3ee0000000p-1	0x1.f6dc060000000p-2	0x1.c2ddda0000000p+10
752	0x1.b6f55a0000000p-5	0x1.0bd3120000000p+1	0x1.e5f0340000000p+0	0x1.5feda20000000p-1	0x1.c2ddda0000000p+10
753	0x1.17897e0000000p-5	0x1.2a3f220000000p+0	0x1.00d1c60000000p+0	0x1.059a920000000p-1	0x1.c2ddda0000000p+10
754	0x1.908f500000000p-5	0x1.12118a0000000p+0	0x1.db20400000000p-1	0x1.9c1c9a0000000p-2	0x1.c2ddda0000000p+10
755	0x1.249b7c0000000p-5	0x1.31e3c80000000p+0	0x1.0b44440000000p+0	0x1.e3633c0000000p-2	0x1.c2ddda0000000p+10
756	0x1.a839e00000000p-6	0x1.1d06760000000p+0	0x1.f1425c0000000p-1	0x1.d3cac40000000p-2	0x1.c2ddda0000000p+10
757	0x1.c71da00000000p-6	0x1.c922540000000p-1	0x1.83405e0000000p-1	0x1.b477fc0000000p-2	0x1.c2ddda0000000p+10
758	0x1.b7a5be0000000p-6	0x1.6ed3600000000p-1	0x1.43fbce0000000p-1	0x1.14fd540000000p-2	0x1.c2ddda0000000p+10
759	0x1.d765aa0000000p-6	0x1.06e1000000000p+0	0x1.cd50fc0000000p-1	0x1.c3c52c0000000p-2	0x1.c2ddda0000000p+10
760	0x1.00c9be0000000p-5	0x1.34dcf40000000p+0	0x1.1469e40000000p+0	0x1.d974c20000000p-2	0x1.c2dddc0000000p+10
761	0x1.2143d60000000p-5	0x1.1255b80000000p+0	0x1.dd99760000000p-1	0x1.d94ab80000000p-2	0x1.c2dddc0000000p+10
762	0x1.4d95360000000p-5	0x1.bd1c680000000p+0	0x1.851e860000000p+0	0x1.8c3a480000000p-1	0x1.c2dddc0000000p+10
763	0x1.ae766a0000000p-6	0x1.41a5680000000p+0	0x1.0eb1780000000p+0	0x1.49ef0c0000000p-1	0x1.c2dddc0000000p+10
764	0x1.2af5a00000000p-5	0x1.b26eee0000000p+0	0x1.7da67e0000000p+0	0x1.7e63f80000000p-1	0x1.c2dddc0000000p+10
765	0x1.569d060000000p-5	0x1.49d5ba0000000p+0	0x1.19dd940000000p+0	0x1.3433460000000p-1	0x1.c2dddc0000000p+10
766	0x1.5d34640000000p-6	0x1.90a9280000000p-1	0x1.5fabb00000000p-1	0x1.576dcc0000000p-2	0x1.c2dddc0000000p+10
767	0x1.a9f1a60000000p-6	0x1.b1a7260000000p-1	0x1.872f940000000p-1	0x1.2c55d00000000p-2	0x1.c2dddc0000000p+10
768	0x1.e2cf2a0000000p-6	0x1.a664de0000000p-1	0x1.65bf620000000p-1	0x1.90263e0000000p-2	0x1.c2dddc0000000p+10
769	0x1.4da4c00000000p-5	0x1.b48d1e0000000p+0	0x1.5529440000000p+0	0x1.e385100000000p-1	0x1.c2dddc0000000p+10
770	0x1.c31b760000000p-7	0x1.df139e0000000p-2	0x1.9d69d20000000p-2	0x1.5f537a0000000p-3	0x1.c2dddc0000000p+10
771	0x1.996d8a0000000p-6	0x1.09e1420000000p+0	0x1.c2e0740000000p-1	0x1.08dddc0000000p-1	0x1.c2dddc0000000p+10
772	0x1.69ed360000000p-5	0x1.191aba0000000p+0	0x1.eb57740000000p-1	0x1.e19a140000000p-2	0x1.c2dddc0000000p+10
773	0x1.9769d20000000p-6	0x1.6020e00000000p-1	0x1.33e05c0000000p-1	0x1.0e5cb80000000p-2	0x1.c2dddc0000000p+10
774	0x1.cf97ea0000000p-6	0x1.9ba3900000000p-1	0x1.6b20820000000p-1	0x1.6c05ce0000000p-2	0x1.c2ddde0000000p+10
775	0x1.3d67b60000000p-5	0x1.f80a280000000p+0	0x1.8133c00000000p+0	0x1.4199360000000p+0	0x1.c2dddc0000000p+10
776	0x1.d478de0000000p-6	0x1.b9e8180000000p-1	0x1.717dfa0000000p-1	0x1.b1463c0000000p-2	0x1.c2ddde0000000p+10
777	0x1.be31540000000p-6	0x1.feb0720000000p-1	0x1.ada2e20000000p-1	0x1.00fd000000000p-1	0x1.c2ddde0000000p+10
778	0x1.339e660000000p-6	0x1.1bb0e40000000p-1	0x1.e2c0b60000000p-2	0x1.cd54aa0000000p-3	0x1.c2dde00000000p+10
779	0x1.7f05f20000000p-6	0x1.1167000000000p+1	0x1.954c2c0000000p+0	0x1.6a726a0000000p+0	0x1.c2dde00000000p+10
780	0x1.ae2a160000000p-7	0x1.9193880000000p-2	0x1.6235b80000000p-2	0x1.17196a0000000p-3	0x1.c2dde00000000p+10
781	0x1.d7bf8a0000000p-6	0x1.fdc8940000000p-1	0x1.c927760000000p-1	0x1.8a81140000000p-2	0x1.c2dde00000000p+10
782	0x1.fab7e40000000p-7	0x1.25de160000000p-1	0x1.0340320000000p-1	0x1.a9fd200000000p-3	0x1.c2dde00000000p+10
783	0x1.6636b00000000p-5	0x1.85cf000000000p+0	0x1.469eb00000000p+0	0x1.9c3df20000000p-1	0x1.c2dde00000000p+10
784	0x1.0845a40000000p-6	0x1.2379d00000000p-1	0x1.f8fa460000000p-2	0x1.d40bca0000000p-3	0x1.c2dde00000000p+10
785	0x1.0d45740000000p-5	0x1.1949f00000000p+0	0x1.e7328c0000000p-1	0x1.0763440000000p-1	0x1.c2dde00000000p+10
786	0x1.68ee760000000p-5	0x1.77f8c00000000p+0	0x1.4d32540000000p+0	0x1.3f6ac20000000p-1	0x1.c2dde00000000p+10
787	0x1.8554360000000p-5	0x1.3f0a3a0000000p+0	0x1.10d6ee0000000p+0	0x1.26e6e00000000p-1	0x1.c2ddde0000000p+10
788	0x1.2af4420000000p-5	0x1.6841620000000p+0	0x1.38ca500000000p+0	0x1.5562d80000000p-1	0x1.c2ddde0000000p+10
789	0x1.16120e0000000p-5	0x1.588e720000000p+1	0x1.111e220000000p+1	0x1.a14e840000000p+0	0x1.c2ddde0000000p+10
790	0x1.d57d560000000p-6	0x1.58a1720000000p+0	0x1.2c80120000000p+0	0x1.2f07820000000p-1	0x1.c2ddde0000000p+10
791	0x1.23ef300000000p-5	0x1.0e83f60000000p+0	0x1.c8f3c00000000p-1	0x1.092a940000000p-1	0x1.c2ddde0000000p+10
792	0x1.7e29300000000p-6	0x1.8e48660000000p-1	0x1.43a5220000000p-1	0x1.9aa7a80000000p-2	0x1.c2ddde0000000p+10
793	0x1.583f860000000p-6	0x1.d295060000000p-1	0x1.83d78a0000000p-1	0x1.dc2ed60000000p-2	0x1.c2dde00000000p+10
794	0x1.47f7be0000000p-6	0x1.b362400000000p-1	0x1.7b8f620000000p-1	0x1.6126680000000p-2	0x1.c2dde00000000p+10
795	0x1.b6d0ca0000000p-6	0x1.f7b6660000000p-1	0x1.aa12460000000p-1	0x1.d5eb360000000p-2	0x1.c2dde00000000p+10
796	0x1.b8106e0000000p-6	0x1.32f82a0000000p+0	0x1.11c7de0000000p+0	0x1.f445fe0000000p-2	0x1.c2dde00000000p+10
797	0x1.39d0160000000p-6	0x1.94360c0000000p-1	0x1.69d3760000000p-1	0x1.2f33de0000000p-2	0x1.c2dde00000000p+10
798	0x1.b9cf1e0000000p-6	0x1.5eda1a0000000p+0	0x1.3681c00000000p+0	0x1.2f99160000000p-1	0x1.c2dde00000000p+10
799	0x1.2913060000000p-5	0x1.5fdc880000000p+1	0x1.2a523e0000000p+1	0x1.6f682a0000000p+0	0x1.c2dde00000000p+10
800	0x1.92fa020000000p-6	0x1.2b7f220000000p+0	0x1.05ea260000000p+0	0x1.13f4f20000000p-1	0x1.c2dde00000000p+10
801	0x1.43cfb20000000p-6	0x1.172e300000000p-1	0x1.ce06e00000000p-2	0x1.d3e2080000000p-3	0x1.c2dde00000000p+10
802	0x1.39ca5e0000000p-6	0x1.bb6dd40000000p-1	0x1.7f9e4e0000000p-1	0x1.85b3b40000000p-2	0x1.c2dde00000000p+10
803	0x1.9336a60000000p-5	0x1.f66be00000000p+0	0x1.c4a7dc0000000p+0	0x1.8fcf900000000p-1	0x1.c2dde00000000p+10
804	0x1.88ac860000000p-6	0x1.8d095e0000000p-1	0x1.54bc3e0000000p-1	0x1.740db80000000p-2	0x1.c2dde00000000p+10
805	0x1.5fa9ee0000000p-6	0x1.5295a40000000p-1	0x1.11fc5a0000000p-1	0x1.6a485c0000000p-2	0x1.c2dde00000000p+10
806	0x1.8b20380000000p-6	0x1.4ec5560000000p+0	0x1.3732f40000000p+0	0x1.567fb80000000p-2	0x1.c2dde00000000p+10
807	0x1.0c03d60000000p-5	0x1.235ad40000000p+0	0x1.ffad6a0000000p-1	0x1.baf0600000000p-2	0x1.c2dde00000000p+10
808	0x1.9538fe0000000p-6	0x1.2890980000000p+0	0x1.f9a9d60000000p-1	0x1.10622a0000000p-1	0x1.c2dde00000000p+10
809	0x1.77d96e0000000p-6	0x1.5f714e0000000p-1	0x1.3808380000000p-1	0x1.0523f40000000p-2	0x1.c2dde00000000p+10
810	0x1.39f2d20000000p-6	0x1.4882560000000p-1	0x1.17f9600000000p-1	0x1.edf1320000000p-3	0x1.c2dde00000000p+10
811	0x1.2bb26e0000000p-5	0x1.566d060000000p+0	0x1.2946380000000p+0	0x1.3d81020000000p-1	0x1.c2dde20000000p+10
812	0x1.dc3d8e0000000p-6	0x1.196c560000000p+0	0x1.e79c780000000p-1	0x1.0276d80000000p-1	0x1.c2dde00000000p+10
813	0x1.5e1cba0000000p-6	0x1.96cd3c0000000p-1	0x1.6b183e0000000p-1	0x1.36e7f80000000p-2	0x1.c2dde20000000p+10
814	0x1.2c4ad80000000p-5	0x1.dc09180000000p-1	0x1.a23b000000000p-1	0x1.6bdffc0000000p-2	0x1.c2dde20000000p+10
815	0x1.01c0100000000p-5	0x1.077e480000000p+0	0x1.d4fa060000000p-1	0x1.7ec5fe0000000p-2	0x1.c2dde20000000p+10
816	0x1.5d79120000000p-6	0x1.8681140000000p-1	0x1.35f3d80000000p-1	0x1.9c215c0000000p-2	0x1.c2dde20000000p+10
817	0x1.c2cf5e0000000p-6	0x1.5d92be0000000p+0	0x1.3b09720000000p+0	0x1.1283cc0000000p-1	0x1.c2dde20000000p+10
818	0x1.4e96740000000p-5	0x1.828ff60000000p+0	0x1.58097e0000000p+0	0x1.401e940000000p-1	0x1.c2dde20000000p+10
819	0x1.0b6c400000000p-6	0x1.d0f47c0000000p-2	0x1.8f710c0000000p-2	0x1.7cc86a0000000p-3	0x1.c2dde20000000p+10
820	0x1.2348240000000p-5	0x1.ad63f00000000p-1	0x1.7a04040000000p-1	0x1.43ecb80000000p-2	0x1.c2dde20000000p+10
821	0x1.fe88700000000p-6	0x1.6884120000000p+0	0x1.354c0e0000000p+0	0x1.5d5fce0000000p-1	0x1.c2dde20000000p+10
822	0x1.1ee9800000000p-5	0x1.3950e00000000p+0	0x1.1dc85c0000000p+0	0x1.cd5acc0000000p-2	0x1.c2dde20000000p+10
823	0x1.acc3a40000000p-5	0x1.1c5fb60000000p+0	0x1.fa5c3e0000000p-1	0x1.a9a8020000000p-2	0x1.c2dde20000000p+10
824	0x1.a6edc40000000p-6	0x1.2661660000000p+0	0x1.0454020000000p+0	0x1.e2db520000000p-2	0x1.c2dde20000000p+10
825	0x1.2b6a6a0000000p-6	0x1.247ee60000000p-1	0x1.f838700000000p-2	0x1.da7aa40000000p-3	0x1.c2dde20000000p+10
826	0x1.4a69f40000000p-5	0x1.630c180000000p+0	0x1.36f3720000000p+0	0x1.241ebe0000000p-1	0x1.c2dde20000000p+10
827	0x1.4786120000000p-7	0x1.e17b1a0000000p-2	0x1.ab614a0000000p-2	0x1.4d1e5c0000000p-3	0x1.c2dde20000000p+10
828	0x1.4269fe0000000p-5	0x1.1ccada0000000p+0	0x1.eb9cea0000000p-1	0x1.f7cd280000000p-2	0x1.c2dde20000000p+10
829	0x1.357f1a0000000p-6	0x1.a0c9540000000p-1	0x1.6dd0a60000000p-1	0x1.520e6a0000000p-2	0x1.c2dde20000000p+10
830	0x1.15e0800000000p-5	0x1.88afb80000000p-1	0x1.5a559c0000000p-1	0x1.5976040000000p-2	0x1.c2dde20000000p+10
831	0x1.4ef75e0000000p-5	0x1.f895280000000p+0	0x1.bd2a2a0000000p+0	0x1.7db9fa0000000p-1	0x1.c2dde20000000p+10
832	0x1.a065f60000000p-6	0x1.cb414a0000000p-1	0x1.95cd1a0000000p-1	0x1.6bcfda0000000p-2	0x1.c2dde20000000p+10
833	0x1.47b7840000000p-5	0x1.624d120000000p-1	0x1.20f6700000000p-1	0x1.291b680000000p-2	0x1.c2dde20000000p+10
834	0x1.b716ae0000000p-6	0x1.134ff60000000p+0	0x1.e046fe0000000p-1	0x1.e8056c0000000p-2	0x1.c2dde20000000p+10
835	0x1.80bfe00000000p-5	0x1.d8576a0000000p-1	0x1.99a0d80000000p-1	0x1.86a0f00000000p-2	0x1.c2dde40000000p+10
836	0x1.1cb0f60000000p-5	0x1.5724220000000p-1	0x1.35302a0000000p-1	0x1.e435fa0000000p-3	0x1.c2dde60000000p+10
837	0x1.80f6200000000p-6	0x1.5ad7800000000p+0	0x1.1b64800000000p+0	0x1.6ee0240000000p-1	0x1.c2dde60000000p+10
838	0x1.56df860000000p-6	0x1.9fd4f40000000p-1	0x1.510c020000000p-1	0x1.9cc49a0000000p-2	0x1.c2dde60000000p+10
839	0x1.0173c60000000p-6	0x1.458a1c0000000p-1	0x1.fe238a0000000p-2	0x1.622fc60000000p-2	0x1.c2dde80000000p+10
840	0x1.0af2b60000000p-5	0x1.f024960000000p-1	0x1.8dc3540000000p-1	0x1.00258c0000000p-1	0x1.c2dde80000000p+10
841	0x1.6ea1160000000p-5	0x1.e610600000000p-1	0x1.8fcb160000000p-1	0x1.8e5a500000000p-2	0x1.c2dde80000000p+10
842	0x1.297c640000000p-6	0x1.2695e80000000p+0	0x1.01e01a0000000p+0	0x1.0580860000000p-1	0x1.c2dde80000000p+10
843	0x1.2e25440000000p-5	0x1.c044b60000000p-1	0x1.825d200000000p-1	0x1.7e37ea0000000p-2	0x1.c2dde80000000p+10
844	0x1.3908be0000000p-5	0x1.65d13e0000000p+0	0x1.3901b00000000p+0	0x1.3eea8a0000000p-1	0x1.c2dde80000000p+10
845	0x1.356abe0000000p-5	0x1.304cfc0000000p+0	0x1.0c5cc40000000p+0	0x1.0950440000000p-1	0x1.c2dde80000000p+10
846	0x1.8504ce0000000p-6	0x1.578c620000000p-1	0x1.2cda480000000p-1	0x1.1983a00000000p-2	0x1.c2dde80000000p+10
847	0x1.f954800000000p-6	0x1.ac90c40000000p-1	0x1.7566120000000p-1	0x1.62dc000000000p-2	0x1.c2dde60000000p+10
848	0x1.cd6e240000000p-6	0x1.985e060000000p-1	0x1.679c800000000p-1	0x1.37ceea0000000p-2	0x1.c2dde60000000p+10
849	0x1.8eae860000000p-6	0x1.37436a0000000p+0	0x1.0d6ec20000000p+0	0x1.1d906a0000000p-1	0x1.c2dde80000000p+10
850	0x1.be46860000000p-6	0x1.9650820000000p-1	0x1.6208180000000p-1	0x1.3b30560000000p-2	0x1.c2dde80000000p+10
851	0x1.984ef60000000p-6	0x1.c73e7e0000000p-1	0x1.8d1e6e0000000p-1	0x1.94c1900000000p-2	0x1.c2dde80000000p+10
852	0x1.61f6ce0000000p-5	0x1.e1d6e60000000p+0	0x1.a61c900000000p+0	0x1.23f64e0000000p-1	0x1.c2dde80000000p+10
853	0x1.70a2f80000000p-6	0x1.35aa460000000p-1	0x1.0b9b260000000p-1	0x1.0d43120000000p-2	0x1.c2dde80000000p+10
854	0x1.84c2520000000p-5	0x1.ce1d5a0000000p-1	0x1.9fcf780000000p-1	0x1.0753ae0000000p-2	0x1.c2dde80000000p+10
855	0x1.3e68160000000p-5	0x1.2361400000000p+0	0x1.02879a0000000p+0	0x1.d394d00000000p-2	0x1.c2dde80000000p+10
856	0x1.fe661e0000000p-6	0x1.5a7a220000000p+0	0x1.2b97c60000000p+0	0x1.4e12b40000000p-1	0x1.c2dde80000000p+10
857	0x1.bd7e740000000p-6	0x1.a753360000000p-1	0x1.7824740000000p-1	0x1.559fa60000000p-2	0x1.c2dde80000000p+10
858	0x1.10b1100000000p-5	0x1.ce69400000000p-1	0x1.98775c0000000p-1	0x1.56cc1a0000000p-2	0x1.c2dde80000000p+10
859	0x1.61836e0000000p-6	0x1.d96c780000000p-1	0x1.95675c0000000p-1	0x1.bda7e60000000p-2	0x1.c2dde80000000p+10
860	0x1.a8c7d60000000p-5	0x1.ce6b3a0000000p+0	0x1.8f7aae0000000p+0	0x1.bae3b20000000p-1	0x1.c2dde80000000p+10
861	0x1.296cf60000000p-5	0x1.8c934a0000000p+0	0x1.57be620000000p+0	0x1.4d57140000000p-1	0x1.c2dde80000000p+10
862	0x1.1f5ece0000000p-5	0x1.73ea460000000p-1	0x1.2222fc0000000p-1	0x1.9394fe0000000p-2	0x1.c2dde80000000p+10
863	0x1.5790e00000000p-6	0x1.eaa4f00000000p-2	0x1.aa534e0000000p-2	0x1.86551c0000000p-3	0x1.c2dde80000000p+10
864	0x1.c47f300000000p-6	0x1.58f92e0000000p-1	0x1.2c25f00000000p-1	0x1.1f35340000000p-2	0x1.c2dde60000000p+10
865	0x1.189b8e0000000p-5	0x1.bc12320000000p+0	0x1.8cfa920000000p+0	0x1.69149a0000000p-1	0x1.c2dde60000000p+10
866	0x1.ce56ca0000000p-6	0x1.14ddec0000000p+0	0x1.ea02920000000p-1	0x1.eafe4a0000000p-2	0x1.c2dde80000000p+10
867	0x1.94858e0000000p-5	0x1.a845c80000000p+0	0x1.6f9e300000000p+0	0x1.7b07f40000000p-1	0x1.c2dde60000000p+10
868	0x1.3e88300000000p-5	0x1.5ed2e00000000p+0	0x1.360a820000000p+0	0x1.e0ff460000000p-2	0x1.c2dde80000000p+10
869	0x1.48260e0000000p-5	0x1.5d97800000000p+0	0x1.294d3c0000000p+0	0x1.604e900000000p-1	0x1.c2dde80000000p+10
870	0x1.2749ca0000000p-5	0x1.5a961a0000000p-1	0x1.2bd5120000000p-1	0x1.013a7c0000000p-2	0x1.c2dde80000000p+10
871	0x1.24dd800000000p-6	0x1.42b9c00000000p-1	0x1.1a2bec0000000p-1	0x1.eaf5ac0000000p-3	0x1.c2dde80000000p+10
872	0x1.ae05c00000000p-6	0x1.e415280000000p-2	0x1.97a5120000000p-2	0x1.ae76b40000000p-3	0x1.c2dde80000000p+10
873	0x1.237dc80000000p-5	0x1.e02b6c0000000p-1	0x1.a9647a0000000p-1	0x1.4cb67e0000000p-2	0x1.c2ddea0000000p+10
874	0x1.6ede740000000p-6	0x1.3148f60000000p-1	0x1.0b231c0000000p-1	0x1.cbc39e0000000p-3	0x1.c2ddea0000000p+10
875	0x1.f4e55a0000000p-6	0x1.5b7aa40000000p-1	0x1.2ca3680000000p-1	0x1.f7deca0000000p-3	0x1.c2ddea0000000p+10
876	0x1.1905a00000000p-6	0x1.a4ac3c0000000p-1	0x1.762e920000000p-1	0x1.27c67a0000000p-2	0x1.c2ddea0000000p+10
877	0x1.5ccf460000000p-5	0x1.78c7940000000p+0	0x1.48fde60000000p+0	0x1.438c400000000p-1	0x1.c2ddea0000000p+10
878	0x1.1646960000000p-6	0x1.2f717c0000000p-1	0x1.0d75480000000p-1	0x1.ce9e480000000p-3	0x1.c2ddea0000000p+10
879	0x1.03e7c00000000p-5	0x1.8bc9960000000p+0	0x1.5a8b6c0000000p+0	0x1.59aaea0000000p-1	0x1.c2ddea0000000p+10
880	0x1.87d8cc0000000p-6	0x1.f14f600000000p-1	0x1.b25b0e0000000p-1	0x1.805a1c0000000p-2	0x1.c2ddea0000000p+10
881	0x1.21f3000000000p-5	0x1.e9c7a20000000p-1	0x1.b745f00000000p-1	0x1.618bd80000000p-2	0x1.c2ddea0000000p+10
882	0x1.0aeb7e0000000p-5	0x1.1e6d0e0000000p+0	0x1.d6f1440000000p-1	0x1.2a37ae0000000p-1	0x1.c2ddec0000000p+10
883	0x1.8201f40000000p-6	0x1.70a3260000000p-1	0x1.386bba0000000p-1	0x1.3c1dc40000000p-2	0x1.c2ddec0000000p+10
884	0x1.f1e95a0000000p-6	0x1.5ec3480000000p-1	0x1.34b5b20000000p-1	0x1.2164a60000000p-2	0x1.c2ddec0000000p+10
885	0x1.aa70f40000000p-6	0x1.9bcd860000000p-1	0x1.6ac29a0000000p-1	0x1.59908a0000000p-2	0x1.c2ddec0000000p+10
886	0x1.92e4920000000p-6	0x1.d5d0a60000000p-2	0x1.9f117a0000000p-2	0x1.2f5aae0000000p-3	0x1.c2ddec0000000p+10
887	0x1.5a06060000000p-6	0x1.ffd79a0000000p-1	0x1.bbcfde0000000p-1	0x1.d51b420000000p-2	0x1.c2ddea0000000p+10
888	0x1.2e6d3a0000000p-5	0x1.79046a0000000p-1	0x1.42b6580000000p-1	0x1.2e64c20000000p-2	0x1.c2ddee0000000p+10
889	0x1.21dbde0000000p-5	0x1.a634f80000000p-1	0x1.551ee60000000p-1	0x1.a0136e0000000p-2	0x1.c2ddee0000000p+10
890	0x1.a44efa0000000p-8	0x1.24ccc40000000p-2	0x1.edfb200000000p-3	0x1.e056fa0000000p-4	0x1.c2ddee0000000p+10
891	0x1.ca37ca0000000p-6	0x1.9af5ac0000000p-1	0x1.6cbac40000000p-1	0x1.29f89e0000000p-2	0x1.c2ddee0000000p+10
892	0x1.9fb3660000000p-6	0x1.38b92a0000000p-1	0x1.14f8880000000p-1	0x1.eb9a100000000p-3	0x1.c2ddee0000000p+10
893	0x1.2878160000000p-5	0x1.db861c0000000p-1	0x1.a269cc0000000p-1	0x1.61cb940000000p-2	0x1.c2ddee0000000p+10
894	0x1.4491ea0000000p-5	0x1.c0a3b00000000p+0	0x1.87b6980000000p+0	0x1.9b53980000000p-1	0x1.c2ddee0000000p+10
895	0x1.0d0caa0000000p-6	0x1.4f1e160000000p-1	0x1.226e0c0000000p-1	0x1.1d65c60000000p-2	0x1.c2ddee0000000p+10
896	0x1.4a212e0000000p-5	0x1.292d420000000p+0	0x1.04360a0000000p+0	0x1.a4037c0000000p-2	0x1.c2ddee0000000p+10
897	0x1.4a38bc0000000p-6	0x1.fd88700000000p-2	0x1.bae00c0000000p-2	0x1.a046140000000p-3	0x1.c2ddee0000000p+10
898	0x1.2c1abe0000000p-6	0x1.2a9bea0000000p-1	0x1.fcadae0000000p-2	0x1.02cd9c0000000p-2	0x1.c2ddf00000000p+10
899	0x1.8d06800000000p-5	0x1.ce90ce0000000p-1	0x1.8d4eba0000000p-1	0x1.6dad440000000p-2	0x1.c2ddf00000000p+10
900	0x1.d60d300000000p-6	0x1.ab8ac60000000p-1	0x1.74a81e0000000p-1	0x1.7c44a80000000p-2	0x1.c2ddf00000000p+10
901	0x1.314ed60000000p-5	0x1.72b1a60000000p-1	0x1.32abc60000000p-1	0x1.27e3bc0000000p-2	0x1.c2ddf00000000p+10
902	0x1.6a25920000000p-6	0x1.45fba60000000p-1	0x1.1a522c0000000p-1	0x1.fed66c0000000p-3	0x1.c2ddf00000000p+10
903	0x1.069c840000000p-5	0x1.90e9e00000000p+0	0x1.6b93800000000p+0	0x1.1dc4e80000000p-1	0x1.c2ddf00000000p+10
904	0x1.564a7e0000000p-7	0x1.7d87c20000000p-2	0x1.4684120000000p-2	0x1.317b780000000p-3	0x1.c2ddf00000000p+10
905	0x1.a2868a0000000p-5	0x1.84dbf60000000p+0	0x1.62477a0000000p+0	0x1.1d3a320000000p-1	0x1.c2ddf00000000p+10
906	0x1.5c1f840000000p-5	0x1.e854fc0000000p-1	0x1.a7210c0000000p-1	0x1.7d5f5a0000000p-2	0x1.c2ddf00000000p+10
907	0x1.d24b660000000p-6	0x1.36af800000000p-1	0x1.fbd65e0000000p-2	0x1.214fb80000000p-2	0x1.c2ddf00000000p+10
908	0x1.bc896e0000000p-6	0x1.ebb11a0000000p-1	0x1.bced000000000p-1	0x1.3ca1be0000000p-2	0x1.c2ddf00000000p+10
909	0x1.77ba2e0000000p-5	0x1.d0de320000000p+0	0x1.9e36800000000p+0	0x1.86333a0000000p-1	0x1.c2ddf00000000p+10
910	0x1.6dc6740000000p-6	0x1.6962a60000000p+0	0x1.3c282e0000000p+0	0x1.4c3dba0000000p-1	0x1.c2ddf00000000p+10
911	0x1.8c52700000000p-6	0x1.7933800000000p-1	0x1.4bc7400000000p-1	0x1.2152b00000000p-2	0x1.c2ddf00000000p+10
912	0x1.0d50ce0000000p-5	0x1.4932d40000000p-1	0x1.1ad45a0000000p-1	0x1.ff24780000000p-3	0x1.c2ddf00000000p+10
913	0x1.2c551a0000000p-6	0x1.e53ec20000000p-1	0x1.a093900000000p-1	0x1.c966d80000000p-2	0x1.c2ddf00000000p+10
914	0x1.e4066e0000000p-7	0x1.e48bc00000000p-1	0x1.8d27a40000000p-1	0x1.0b44380000000p-1	0x1.c2ddf00000000p+10
915	0x1.58af3e0000000p-6	0x1.461ef20000000p+0	0x1.fb7f3e0000000p-1	0x1.92cb2e0000000p-1	0x1.c2ddf00000000p+10
916	0x1.a98ec40000000p-6	0x1.a8dee40000000p+0	0x1.792de00000000p+0	0x1.581a520000000p-1	0x1.c2ddf20000000p+10
917	0x1.d761fa0000000p-6	0x1.229fd00000000p+0	0x1.fbf0120000000p-1	0x1.df694c0000000p-2	0x1.c2ddf20000000p+10
918	0x1.4868960000000p-5	0x1.70d36c0000000p+0	0x1.3f7b760000000p+0	0x1.4baeaa0000000p-1	0x1.c2ddf20000000p+10
919	0x1.06000e0000000p-5	0x1.ad96140000000p-1	0x1.6e282e0000000p-1	0x1.508e720000000p-2	0x1.c2ddf20000000p+10
920	0x1.a5be800000000p-6	0x1.1c2e740000000p+0	0x1.f155040000000p-1	0x1.c33dca0000000p-2	0x1.c2ddf20000000p+10
921	0x1.6cf8540000000p-6	0x1.49294e0000000p-1	0x1.1bd5b40000000p-1	0x1.22e0b60000000p-2	0x1.c2ddf20000000p+10
922	0x1.d04ad40000000p-7	0x1.2f93b20000000p-1	0x1.067a060000000p-1	0x1.f245a20000000p-3	0x1.c2ddf20000000p+10
923	0x1.fa115a0000000p-6	0x1.17779e0000000p+0	0x1.ea325a0000000p-1	0x1.f7dcb60000000p-2	0x1.c2ddf20000000p+10
924	0x1.c709aa0000000p-6	0x1.8a1fb80000000p-1	0x1.5011d20000000p-1	0x1.6224b00000000p-2	0x1.c2ddf20000000p+10
925	0x1.0468ec0000000p-5	0x1.b0ae080000000p+0	0x1.7947fe0000000p+0	0x1.9d04fe0000000p-1	0x1.c2ddf20000000p+10
926	0x1.431ef60000000p-5	0x1.e6da580000000p+0	0x1.940b100000000p+0	0x1.09bd1c0000000p+0	0x1.c2ddf20000000p+10
927	0x1.0065540000000p-6	0x1.15740c0000000p-1	0x1.ce3c5e0000000p-2	0x1.11cc020000000p-2	0x1.c2ddf20000000p+10
928	0x1.e117740000000p-6	0x1.2d42060000000p-1	0x1.e9e2a60000000p-2	0x1.08a65c0000000p-2	0x1.c2ddf20000000p+10
929	0x1.1b5c0a0000000p-6	0x1.362f680000000p-1	0x1.0149a20000000p-1	0x1.0adc180000000p-2	0x1.c2ddf20000000p+10
930	0x1.6b6d880000000p-5	0x1.11dd800000000p+0	0x1.9bbe1e0000000p-1	0x1.370b8a0000000p-1	0x1.c2ddf20000000p+10
931	0x1.d61bbe0000000p-6	0x1.0d70a40000000p+0	0x1.dce3d60000000p-1	0x1.a034040000000p-2	0x1.c2ddf20000000p+10
932	0x1.1fff6e0000000p-5	0x1.e4148c0000000p-1	0x1.acc95a0000000p-1	0x1.48b3b80000000p-2	0x1.c2ddf20000000p+10
933	0x1.48432e0000000p-5	0x1.d7b1820000000p-1	0x1.97bbf60000000p-1	0x1.8e224e0000000p-2	0x1.c2ddf20000000p+10
934	0x1.2871860000000p-6	0x1.37276a0000000p-1	0x1.0aec0a0000000p-1	0x1.161cfc0000000p-2	0x1.c2ddf40000000p+10
935	0x1.19ef2e0000000p-5	0x1.c3dbba0000000p-1	0x1.919e460000000p-1	0x1.5403f20000000p-2	0x1.c2ddf20000000p+10
936	0x1.743c9a0000000p-6	0x1.0511520000000p-1	0x1.c3c5a60000000p-2	0x1.7eea6a0000000p-3	0x1.c2ddf20000000p+10
937	0x1.84dd3e0000000p-7	0x1.d295640000000p-2	0x1.95df5e0000000p-2	0x1.66de1a0000000p-3	0x1.c2ddf20000000p+10
938	0x1.35b5dc0000000p-6	0x1.58c83a0000000p-1	0x1.27aa8e0000000p-1	0x1.376e1c0000000p-2	0x1.c2ddf20000000p+10
939	0x1.d1593a0000000p-5	0x1.3fc9cc0000000p+0	0x1.13f9060000000p+0	0x1.07b2a80000000p-1	0x1.c2ddf20000000p+10
940	0x1.2be1580000000p-6	0x1.08c4820000000p-1	0x1.ccf7ec0000000p-2	0x1.acced80000000p-3	0x1.c2ddf40000000p+10
941	0x1.d60ece0000000p-6	0x1.9c805c0000000p-1	0x1.67e6420000000p-1	0x1.4d5a080000000p-2	0x1.c2ddf40000000p+10
942	0x1.c1bcc60000000p-6	0x1.c6e1780000000p-1	0x1.91c34a0000000p-1	0x1.5293b00000000p-2	0x1.c2ddf40000000p+10
943	0x1.2100ca0000000p-6	0x1.f5692c0000000p-1	0x1.82421e0000000p-1	0x1.33588c0000000p-1	0x1.c2ddf40000000p+10
944	0x1.82eccc0000000p-6	0x1.617be40000000p-1	0x1.361a880000000p-1	0x1.0478380000000p-2	0x1.c2ddf40000000p+10
945	0x1.4eb0140000000p-6	0x1.3b3d960000000p-1	0x1.08b0060000000p-1	0x1.1690120000000p-2	0x1.c2ddf40000000p+10
946	0x1.3fdae60000000p-5	0x1.7f3c3e0000000p+0	0x1.49b61a0000000p+0	0x1.332df00000000p-1	0x1.c2ddf40000000p+10
947	0x1.62ebe60000000p-5	0x1.5cc2920000000p-1	0x1.2354880000000p-1	0x1.066f180000000p-2	0x1.c2ddf40000000p+10
948	0x1.e1cbfa0000000p-6	0x1.d5230a0000000p-1	0x1.9b0f620000000p-1	0x1.6ae13a0000000p-2	0x1.c2ddf40000000p+10
949	0x1.29dfae0000000p-6	0x1.a18a1a0000000p-1	0x1.77d93c0000000p-1	0x1.1239b80000000p-2	0x1.c2ddf40000000p+10
950	0x1.bd02ae0000000p-6	0x1.bef3320000000p-1	0x1.801c060000000p-1	0x1.751d3e0000000p-2	0x1.c2ddf40000000p+10
951	0x1.379bb60000000p-4	0x1.b1f3e20000000p+0	0x1.8c309e0000000p+0	0x1.300f3a0000000p-1	0x1.c2ddf40000000p+10
952	0x1.3144840000000p-5	0x1.40554e0000000p+0	0x1.08b0d60000000p+0	0x1.4f99a60000000p-1	0x1.c2ddf40000000p+10
953	0x1.54fd8a0000000p-5	0x1.220fc00000000p+0	0x1.f04dd60000000p-1	0x1.f651660000000p-2	0x1.c2ddf40000000p+10
954	0x1.40c2c20000000p-6	0x1.f4d6540000000p-2	0x1.a90ecc0000000p-2	0x1.8c3a760000000p-3	0x1.c2ddf40000000p+10
955	0x1.5baa940000000p-5	0x1.7f210c0000000p-1	0x1.3acc7e0000000p-1	0x1.0236100000000p-2	0x1.c2ddf40000000p+10
956	0x1.67a3ec0000000p-5	0x1.6552500000000p+0	0x1.45a0840000000p+0	0x1.d651de0000000p-2	0x1.c2ddf40000000p+10
957	0x1.08d6940000000p-4	0x1.0bf46e0000000p+0	0x1.d97e9e0000000p-1	0x1.5f649a0000000p-2	0x1.c2ddf60000000p+10
958	0x1.80607c0000000p-6	0x1.dbe8580000000p-1	0x1.a368860000000p-1	0x1.86d0ec0000000p-2	0x1.c2ddf40000000p+10
959	0x1.d47cae0000000p-6	0x1.01336e0000000p-1	0x1.c41d460000000p-2	0x1.51deea0000000p-3	0x1.c2ddf60000000p+10
960	0x1.7c2df40000000p-5	0x1.09f14c0000000p+0	0x1.a924d40000000p-1	0x1.016ade0000000p-1	0x1.c2ddf80000000p+10
961	0x1.36fa540000000p-5	0x1.63e0920000000p+0	0x1.38310e0000000p+0	0x1.2bee460000000p-1	0x1.c2ddf80000000p+10
962	0x1.0afa3e0000000p-5	0x1.6e7ab80000000p+0	0x1.4ca8bc0000000p+0	0x1.0e4f2a0000000p-1	0x1.c2ddf80000000p+10
963	0x1.c4e4940000000p-6	0x1.3c06940000000p-1	0x1.114ef20000000p-1	0x1.b564560000000p-3	0x1.c2ddf80000000p+10
964	0x1.7071300000000p-5	0x1.299de00000000p-1	0x1.e585c00000000p-2	0x1.a998b60000000p-3	0x1.c2ddf80000000p+10
965	0x1.63b6360000000p-6	0x1.577eca0000000p-1	0x1.2b4d9c0000000p-1	0x1.e052fe0000000p-3	0x1.c2ddfa0000000p+10
966	0x1.15c4660000000p-5	0x1.59304c0000000p+0	0x1.2925e20000000p+0	0x1.9770d00000000p-2	0x1.c2ddfa0000000p+10
967	0x1.33e9e00000000p-6	0x1.1076f00000000p+0	0x1.d6a2920000000p-1	0x1.00f2680000000p-1	0x1.c2ddfa0000000p+10
968	0x1.2548800000000p-6	0x1.768f3e0000000p-1	0x1.5154c80000000p-1	0x1.f925e40000000p-3	0x1.c2ddfc0000000p+10
969	0x1.0f635a0000000p-5	0x1.87beee0000000p+0	0x1.5749a60000000p+0	0x1.6074860000000p-1	0x1.c2ddfa0000000p+10
970	0x1.a0f93a0000000p-5	0x1.b2d1400000000p+0	0x1.7e7b020000000p+0	0x1.7b39e60000000p-1	0x1.c2ddfa0000000p+10
971	0x1.170db40000000p-6	0x1.c017ea0000000p-1	0x1.912dc80000000p-1	0x1.56f5020000000p-2	0x1.c2ddfc0000000p+10
972	0x1.d3f7b60000000p-6	0x1.ff4eea0000000p-1	0x1.a24ab20000000p-1	0x1.0b39b00000000p-1	0x1.c2ddfa0000000p+10
973	0x1.e41c800000000p-6	0x1.91b06e0000000p-1	0x1.661a2a0000000p-1	0x1.1311b20000000p-2	0x1.c2ddfa0000000p+10
974	0x1.bfcb260000000p-6	0x1.200f0c0000000p+0	0x1.f903c80000000p-1	0x1.e49f000000000p-2	0x1.c2ddfc0000000p+10
975	0x1.1a77cc0000000p-5	0x1.3c97800000000p-1	0x1.0a2a580000000p-1	0x1.f4168a0000000p-3	0x1.c2ddfc0000000p+10
976	0x1.5b14740000000p-6	0x1.c707660000000p-1	0x1.9706c60000000p-1	0x1.5414c60000000p-2	0x1.c2ddfc0000000p+10
977	0x1.3619820000000p-5	0x1.1d6c820000000p+0	0x1.ee8f300000000p-1	0x1.c086300000000p-2	0x1.c2ddfc0000000p+10
978	0x1.b1ab540000000p-6	0x1.2e81820000000p-1	0x1.0b6b180000000p-1	0x1.cba5e40000000p-3	0x1.c2ddfa0000000p+10
979	0x1.ee122a0000000p-6	0x1.46710e0000000p-1	0x1.149b400000000p-1	0x1.e380ba0000000p-3	0x1.c2ddfa0000000p+10
980	0x1.4ba6f60000000p-7	0x1.67b6020000000p-2	0x1.2cf6620000000p-2	0x1.e37dec0000000p-4	0x1.c2ddfa0000000p+10
981	0x1.0cfea80000000p-6	0x1.32f25c0000000p-1	0x1.0d79a20000000p-1	0x1.96c9640000000p-3	0x1.c2ddfc0000000p+10
982	0x1.ca94a40000000p-6	0x1.a16f180000000p+0	0x1.7877c40000000p+0	0x1.502f780000000p-1	0x1.c2ddfc0000000p+10
983	0x1.6761100000000p-5	0x1.fe20c00000000p+0	0x1.d3b7980000000p+0	0x1.4250460000000p-1	0x1.c2ddfc0000000p+10
984	0x1.66de940000000p-6	0x1.225fe00000000p-1	0x1.00a04a0000000p-1	0x1.7de09e0000000p-3	0x1.c2ddfc0000000p+10
985	0x1.f8f8e00000000p-6	0x1.0e4dae0000000p+0	0x1.dc267c0000000p-1	0x1.6a07360000000p-2	0x1.c2ddfc0000000p+10
986	0x1.411c6c0000000p-5	0x1.45d7380000000p-1	0x1.1252a00000000p-1	0x1.9aee8e0000000p-3	0x1.c2ddfc0000000p+10
987	0x1.17816c0000000p-5	0x1.1bdb080000000p+0	0x1.e798380000000p-1	0x1.d8514a0000000p-2	0x1.c2ddfc0000000p+10
988	0x1.1dc0fe0000000p-5	0x1.9f161c0000000p-1	0x1.6505360000000p-1	0x1.21aec00000000p-2	0x1.c2ddfc0000000p+10
989	0x1.f51bd60000000p-6	0x1.f3fd520000000p-1	0x1.be90e00000000p-1	0x1.65f4500000000p-2	0x1.c2ddfc0000000p+10
990	0x1.7b37920000000p-6	0x1.8183960000000p-1	0x1.4afc220000000p-1	0x1.3816e60000000p-2	0x1.c2ddfc0000000p+10
991	0x1.02e0b60000000p-5	0x1.2fb9e60000000p-1	0x1.072aae0000000p-1	0x1.98de660000000p-3	0x1.c2ddfe0000000p+10
992	0x1.2300920000000p-5	0x1.20b24e0000000p+0	0x1.00c8fc0000000p+0	0x1.90809c0000000p-2	0x1.c2de000000000p+10
993	0x1.0805900000000p-6	0x1.ee0b080000000p-2	0x1.a50ae80000000p-2	0x1.687d200000000p-3	0x1.c2ddfc0000000p+10
994	0x1.2e696e0000000p-5	0x1.976ae00000000p+0	0x1.67155e0000000p+0	0x1.1f4f1a0000000p-1	0x1.c2ddfc0000000p+10
995	0x1.c675ee0000000p-6	0x1.974bea0000000p-1	0x1.60d1560000000p-1	0x1.1e4a940000000p-2	0x1.c2de000000000p+10
996	0x1.42d1240000000p-6	0x1.9ec98a0000000p-1	0x1.740fde0000000p-1	0x1.13b4fa0000000p-2	0x1.c2de000000000p+10
997	0x1.7ced400000000p-6	0x1.27d5a20000000p-1	0x1.dac0c60000000p-2	0x1.29669e0000000p-2	0x1.c2de000000000p+10
998	0x1.0a768e0000000p-5	0x1.83fe340000000p-1	0x1.5c16b80000000p-1	0x1.0f21700000000p-2	0x1.c2de000000000p+10
999	0x1.fc289e0000000p-6	0x1.db76000000000p-1	0x1.9f74020000000p-1	0x1.79d6fa0000000p-2	0x1.c2ddfe0000000p+10
