warning: The `tool.uv.dev-dependencies` field (used in `packages/openpi-client/pyproject.toml`) is deprecated and will be removed in a future release; use `dependency-groups.dev` instead
INFO:2026-09-14 13:37:39,279:jax._src.xla_bridge:925: Unable to initialize backend 'rocm': module 'jaxlib.xla_extension' has no attribute 'GpuAllocatorConfig'
INFO:jax._src.xla_bridge:Unable to initialize backend 'rocm': module 'jaxlib.xla_extension' has no attribute 'GpuAllocatorConfig'
INFO:2026-09-14 13:37:39,280:jax._src.xla_bridge:925: Unable to initialize backend 'tpu': INTERNAL: Failed to open libtpu.so: libtpu.so: cannot open shared object file: No such file or directory
INFO:jax._src.xla_bridge:Unable to initialize backend 'tpu': INTERNAL: Failed to open libtpu.so: libtpu.so: cannot open shared object file: No such file or directory
INFO:root:Checking history config
INFO:absl:orbax-checkpoint version: 0.11.13
INFO:absl:Created BasePyTreeCheckpointHandler: use_ocdbt=True, use_zarr3=False, pytree_metadata_options=PyTreeMetadataOptions(support_rich_types=False), array_metadata_store=<orbax.checkpoint._src.metadata.array_metadata_store.Store object at 0x7fe5ff3ab5d0>
INFO:absl:Restoring checkpoint from /scratch/hongze/robomme_policy_learning_MotionJEPA/v1-store/train-runs/t8-c8-b/mme_vla_suite/t8-c8-b/999/params.
INFO:absl:[thread=MainThread] Failed to get flag value for EXPERIMENTAL_ORBAX_USE_DISTRIBUTED_PROCESS_ID.
INFO:absl:[process=0] /jax/checkpoint/read/bytes_per_sec: 1.1 GiB/s (total bytes: 6.3 GiB) (time elapsed: 5 seconds) (per-host)
INFO:absl:Finished restoring checkpoint in 5.78 seconds from /scratch/hongze/robomme_policy_learning_MotionJEPA/v1-store/train-runs/t8-c8-b/mme_vla_suite/t8-c8-b/999/params.
INFO:root:Loading model...
max_token_len:  64
====== Using History, Representation Type: perceptual , Integration Type: context ======
Perceptual Memory using frame_sampling type

max_token_len: 64
INFO:root:Loaded norm stats from v1-store/train-assets/mme_vla_suite/robomme-400ep/robomme
INFO:root:Loaded norm stats from /scratch/hongze/robomme_policy_learning_MotionJEPA/v1-store/train-runs/t8-c8-b/mme_vla_suite/t8-c8-b/999/assets/robomme
Training config:  TrainConfig(name='mme_vla_suite_b128', project_name='robomme-framesamp', exp_name=<PropagatingMissingType id='140617792938576'>, model=HistoryPi0Config(action_dim=32, action_horizon=20, max_token_len=64, dtype='bfloat16', paligemma_variant='gemma_2b', action_expert_variant='gemma_300m', pi05=True, discrete_state_input=False, memory_expert_variant='gemma_150m', use_history=True, history_config={'budget': 512, 'num_views': 1, 'token_per_image': 64, 'streaming_obs_horizon': 16, 'pool_type': 'mean', 'use_pos_emb': True, 'use_state_emb': False, 'memory_feature': {'img': {'net': 'identity', 'input_dim': 2048}, 'pos': {'input_dim': 768, 'hidden_dim': 768}, 'state': {'input_dim': 8, 'hidden_dim': 512}}, 'integration_type': 'context', 'memory_token_dim': 2048, 'representation_type': 'perceptual', 'perceptual_memory': {'type': 'frame_sampling'}, 'motion': {'enabled': False, 'dim': 768, 'budget': 96, 'stride': 16, 'window_frames': 33, 'window_direction': 'forward', 'grid_origin': 'segment_start', 'store_path': 'v1-store/datasets/4task-motion-40ep/motion', 'source_run': 'wan-v8-filter10-72ep-a/checkpoint_epoch_72.pt#encoder', 'pos_dim': 256, 'frame_size': 256, 'online_gpu': 1}}), weight_loader=CheckpointWeightLoader(params_path='/scratch/hongze/robomme_policy_learning_MotionJEPA/v1-store/models/openpi-assets/checkpoints/pi05_base/params'), pytorch_weight_path=None, pytorch_training_precision='bfloat16', lr_schedule=CosineDecaySchedule(warmup_steps=5000, peak_lr=0.0001, decay_steps=50000, decay_lr=0.0001), optimizer=AdamW(b1=0.9, b2=0.95, eps=1e-08, weight_decay=1e-10, clip_gradient_norm=1.0), ema_decay=0.999, freeze_filter=PathRegex(pattern=re.compile('.*img.*'), sep='/'), data=RoboMMEDataConfig(repo_id='robomme', assets=AssetsConfig(assets_dir='v1-store/train-assets/mme_vla_suite/robomme-400ep', asset_id='robomme'), base_config=DataConfig(repo_id=None, asset_id=None, norm_stats=None, repack_transforms=Group(inputs=(), outputs=()), data_transforms=Group(inputs=(), outputs=()), model_transforms=Group(inputs=(), outputs=()), use_quantile_norm=False, action_sequence_keys=('actions',), prompt_from_task=True, rlds_data_dir=None, action_space=None, filter_dict_path=None)), assets_base_dir='runs/assets', checkpoint_base_dir='runs/ckpts', seed=42, batch_size=128, num_workers=8, num_train_steps=40000, log_interval=100, save_interval=5000, keep_period=5000, overwrite=False, resume=False, wandb_enabled=True, policy_metadata=None, fsdp_devices=4, resum_ckpt_id=None, dataset_path='data/robomme')
Data config:  DataConfig(repo_id='robomme', asset_id='robomme', norm_stats={'state': NormStats(mean=array([ 4.14213212e-03,  2.95316875e-01,  2.81171501e-03, -2.09527302e+00,
        5.09165053e-04,  2.39044905e+00,  7.91704059e-01,  2.64126267e-02]), std=array([0.10681286, 0.31786537, 0.07478532, 0.48271781, 0.04616816,
       0.34543198, 0.40309104, 0.01649354]), q01=array([-0.2115381 , -0.21799494, -0.15527991, -2.81375072, -0.13752411,
        1.57079637, -0.17353815,  0.        ]), q99=array([ 0.26063799,  1.015885  ,  0.16945301, -1.03784064,  0.12187375,
        3.03210984,  1.80900472,  0.039992  ])), 'actions': NormStats(mean=array([ 8.22788454e-04,  2.01418120e-02, -2.85705464e-05, -8.36590212e-03,
       -1.12210531e-04,  2.80541796e-02,  8.23505805e-04,  6.54151067e-02]), std=array([0.03591497, 0.13662103, 0.03267474, 0.15376154, 0.02708418,
       0.15998593, 0.09374132, 0.99785817]), q01=array([-0.13796722, -0.31632186, -0.12670147, -0.59128337, -0.10148964,
       -0.31253482, -0.34689998, -1.        ]), q99=array([0.12307586, 0.40273976, 0.0954464 , 0.52908852, 0.0959089 ,
       0.53904308, 0.34748609, 0.9996    ]))}, repack_transforms=Group(inputs=[RepackTransform(structure={'observation/image': 'image', 'observation/wrist_image': 'wrist_image', 'observation/state': 'state', 'actions': 'actions', 'prompt': 'prompt', 'static_image_emb': 'static_image_emb', 'static_pos_emb': 'static_pos_emb', 'static_state_emb': 'static_state_emb', 'static_mask': 'static_mask', 'motion_emb': 'motion_emb', 'motion_pos': 'motion_pos', 'motion_mask': 'motion_mask', 'mem_order': 'mem_order'})], outputs=()), data_transforms=Group(inputs=(RoboMMEInputs(model_type=<ModelType.PI05: 'pi05'>), DeltaActions(mask=(True, True, True, True, True, True, True, False))), outputs=(AbsoluteActions(mask=(True, True, True, True, True, True, True, False)), RoboMMEOutputs())), model_transforms=Group(inputs=[InjectDefaultPrompt(prompt=None), ResizeImages(height=224, width=224), TokenizePromptWithState(tokenizer=<mme_vla_suite.training.config.PaligemmaTokenizer object at 0x7fe3d416e550>, discrete_state_input=False), PadStatesAndActions(model_action_dim=32)], outputs=()), use_quantile_norm=True, action_sequence_keys=('actions',), prompt_from_task=True, rlds_data_dir=None, action_space=None, filter_dict_path=None)
MV_SERVE_ENV cond=normal split=test seed=42 ckpt=/scratch/hongze/robomme_policy_learning_MotionJEPA/v1-store/train-runs/t8-c8-b/mme_vla_suite/t8-c8-b/999 HEAD=a0db6bf53fb5b46b0cb3f0dcbbbe53c670866496 sidecar=off motion_gpu=None motion=off token_per_image=64 bank_sha=none bank_source=none xla_flags='--xla_gpu_deterministic_ops=true --xla_gpu_autotune_level=0' backend=gpu tasks=ButtonUnmask,VideoUnmask,ButtonUnmaskSwap,VideoUnmaskSwap ep_start=3 ep_stride=4 ep_count=10 plan_len=12 sample_fn=f_sample_none gate=none num_steps=10 build_s=10.9
INFO:root:Creating motion-variance server (host: ip-10-242-11-177.us-west-2.compute.internal, ip: 10.242.11.177)
INFO:websockets.server:server listening on 0.0.0.0:9373
ERROR:websockets.server:opening handshake failed
Traceback (most recent call last):
  File "/scratch/hongze/robomme_policy_learning_MotionJEPA/.venv/lib/python3.11/site-packages/websockets/http11.py", line 138, in parse
    request_line = yield from parse_line(read_line)
                   ^^^^^^^^^^^^^^^^^^^^^^^^^^^^^^^^
  File "/scratch/hongze/robomme_policy_learning_MotionJEPA/.venv/lib/python3.11/site-packages/websockets/http11.py", line 309, in parse_line
    line = yield from read_line(MAX_LINE_LENGTH)
           ^^^^^^^^^^^^^^^^^^^^^^^^^^^^^^^^^^^^^
  File "/scratch/hongze/robomme_policy_learning_MotionJEPA/.venv/lib/python3.11/site-packages/websockets/streams.py", line 46, in read_line
    raise EOFError(f"stream ends after {p} bytes, before end of line")
EOFError: stream ends after 0 bytes, before end of line

The above exception was the direct cause of the following exception:

Traceback (most recent call last):
  File "/scratch/hongze/robomme_policy_learning_MotionJEPA/.venv/lib/python3.11/site-packages/websockets/server.py", line 545, in parse
    request = yield from Request.parse(
              ^^^^^^^^^^^^^^^^^^^^^^^^^
  File "/scratch/hongze/robomme_policy_learning_MotionJEPA/.venv/lib/python3.11/site-packages/websockets/http11.py", line 140, in parse
    raise EOFError("connection closed while reading HTTP request line") from exc
EOFError: connection closed while reading HTTP request line

The above exception was the direct cause of the following exception:

Traceback (most recent call last):
  File "/scratch/hongze/robomme_policy_learning_MotionJEPA/.venv/lib/python3.11/site-packages/websockets/asyncio/server.py", line 356, in conn_handler
    await connection.handshake(
  File "/scratch/hongze/robomme_policy_learning_MotionJEPA/.venv/lib/python3.11/site-packages/websockets/asyncio/server.py", line 207, in handshake
    raise self.protocol.handshake_exc
websockets.exceptions.InvalidMessage: did not receive a valid HTTP request
INFO:websockets.server:connection open
INFO:mme_vla_suite.serving.websocket_policy_server:Connection from ('127.0.0.1', 57422) opened
MV_EPISODE_BEGIN cond=normal split=test seed=42 ep_seq=1 expect=ButtonUnmask:3
INFO:mme_vla_suite.serving.websocket_policy_server:TIMING add_buffer_ms=988.0 frames=1 exec_start_idx=0
MV_INFER cond=normal split=test task=ButtonUnmask ep=3 ep_seq=1 infer_seq=1 t=0 es=0 k=0 motion_frames=- motion_emb_sha= motion_pos_sha= motion_mask= mem_order_sha= motion_cols_sha= donor=None cover=exact:0,fallback:0,cycle:0,cross_seg:0 gate=none num_steps=10 act_sha=f436c664636e8f28 infer_ms=9580.7
INFO:mme_vla_suite.serving.websocket_policy_server:TIMING infer_ms=9580.7
INFO:mme_vla_suite.serving.websocket_policy_server:TIMING add_buffer_ms=955.5 frames=16 exec_start_idx=0
MV_INFER cond=normal split=test task=ButtonUnmask ep=3 ep_seq=1 infer_seq=2 t=16 es=0 k=0 motion_frames=- motion_emb_sha= motion_pos_sha= motion_mask= mem_order_sha= motion_cols_sha= donor=None cover=exact:0,fallback:0,cycle:0,cross_seg:0 gate=none num_steps=10 act_sha=88cbdcbf9c55df68 infer_ms=68.4
INFO:mme_vla_suite.serving.websocket_policy_server:TIMING infer_ms=68.4
INFO:mme_vla_suite.serving.websocket_policy_server:TIMING add_buffer_ms=41.6 frames=16 exec_start_idx=0
MV_INFER cond=normal split=test task=ButtonUnmask ep=3 ep_seq=1 infer_seq=3 t=32 es=0 k=0 motion_frames=- motion_emb_sha= motion_pos_sha= motion_mask= mem_order_sha= motion_cols_sha= donor=None cover=exact:0,fallback:0,cycle:0,cross_seg:0 gate=none num_steps=10 act_sha=f40ee2f66121ac34 infer_ms=67.5
INFO:mme_vla_suite.serving.websocket_policy_server:TIMING infer_ms=67.5
INFO:mme_vla_suite.serving.websocket_policy_server:TIMING add_buffer_ms=40.9 frames=16 exec_start_idx=0
MV_INFER cond=normal split=test task=ButtonUnmask ep=3 ep_seq=1 infer_seq=4 t=48 es=0 k=0 motion_frames=- motion_emb_sha= motion_pos_sha= motion_mask= mem_order_sha= motion_cols_sha= donor=None cover=exact:0,fallback:0,cycle:0,cross_seg:0 gate=none num_steps=10 act_sha=969d91f712f97a93 infer_ms=67.4
INFO:mme_vla_suite.serving.websocket_policy_server:TIMING infer_ms=67.4
INFO:mme_vla_suite.serving.websocket_policy_server:TIMING add_buffer_ms=40.9 frames=16 exec_start_idx=0
MV_INFER cond=normal split=test task=ButtonUnmask ep=3 ep_seq=1 infer_seq=5 t=64 es=0 k=0 motion_frames=- motion_emb_sha= motion_pos_sha= motion_mask= mem_order_sha= motion_cols_sha= donor=None cover=exact:0,fallback:0,cycle:0,cross_seg:0 gate=none num_steps=10 act_sha=6e672f1c840e1091 infer_ms=67.8
INFO:mme_vla_suite.serving.websocket_policy_server:TIMING infer_ms=67.8
INFO:mme_vla_suite.serving.websocket_policy_server:TIMING add_buffer_ms=40.2 frames=16 exec_start_idx=0
MV_INFER cond=normal split=test task=ButtonUnmask ep=3 ep_seq=1 infer_seq=6 t=80 es=0 k=0 motion_frames=- motion_emb_sha= motion_pos_sha= motion_mask= mem_order_sha= motion_cols_sha= donor=None cover=exact:0,fallback:0,cycle:0,cross_seg:0 gate=none num_steps=10 act_sha=596225d70122e198 infer_ms=67.4
INFO:mme_vla_suite.serving.websocket_policy_server:TIMING infer_ms=67.4
INFO:mme_vla_suite.serving.websocket_policy_server:TIMING add_buffer_ms=40.3 frames=16 exec_start_idx=0
MV_INFER cond=normal split=test task=ButtonUnmask ep=3 ep_seq=1 infer_seq=7 t=96 es=0 k=0 motion_frames=- motion_emb_sha= motion_pos_sha= motion_mask= mem_order_sha= motion_cols_sha= donor=None cover=exact:0,fallback:0,cycle:0,cross_seg:0 gate=none num_steps=10 act_sha=f9113c03c8b7b73f infer_ms=67.4
INFO:mme_vla_suite.serving.websocket_policy_server:TIMING infer_ms=67.4
INFO:mme_vla_suite.serving.websocket_policy_server:TIMING add_buffer_ms=39.8 frames=16 exec_start_idx=0
MV_INFER cond=normal split=test task=ButtonUnmask ep=3 ep_seq=1 infer_seq=8 t=112 es=0 k=0 motion_frames=- motion_emb_sha= motion_pos_sha= motion_mask= mem_order_sha= motion_cols_sha= donor=None cover=exact:0,fallback:0,cycle:0,cross_seg:0 gate=none num_steps=10 act_sha=73d318fa4409e937 infer_ms=67.7
INFO:mme_vla_suite.serving.websocket_policy_server:TIMING infer_ms=67.7
INFO:mme_vla_suite.serving.websocket_policy_server:TIMING add_buffer_ms=40.9 frames=16 exec_start_idx=0
MV_INFER cond=normal split=test task=ButtonUnmask ep=3 ep_seq=1 infer_seq=9 t=128 es=0 k=0 motion_frames=- motion_emb_sha= motion_pos_sha= motion_mask= mem_order_sha= motion_cols_sha= donor=None cover=exact:0,fallback:0,cycle:0,cross_seg:0 gate=none num_steps=10 act_sha=a8afc657ce529671 infer_ms=67.5
INFO:mme_vla_suite.serving.websocket_policy_server:TIMING infer_ms=67.5
INFO:mme_vla_suite.serving.websocket_policy_server:TIMING add_buffer_ms=38.7 frames=16 exec_start_idx=0
MV_INFER cond=normal split=test task=ButtonUnmask ep=3 ep_seq=1 infer_seq=10 t=144 es=0 k=0 motion_frames=- motion_emb_sha= motion_pos_sha= motion_mask= mem_order_sha= motion_cols_sha= donor=None cover=exact:0,fallback:0,cycle:0,cross_seg:0 gate=none num_steps=10 act_sha=55ac2d252670cb6d infer_ms=69.1
INFO:mme_vla_suite.serving.websocket_policy_server:TIMING infer_ms=69.1
INFO:mme_vla_suite.serving.websocket_policy_server:TIMING add_buffer_ms=39.5 frames=16 exec_start_idx=0
MV_INFER cond=normal split=test task=ButtonUnmask ep=3 ep_seq=1 infer_seq=11 t=160 es=0 k=0 motion_frames=- motion_emb_sha= motion_pos_sha= motion_mask= mem_order_sha= motion_cols_sha= donor=None cover=exact:0,fallback:0,cycle:0,cross_seg:0 gate=none num_steps=10 act_sha=3e6b63c5b40c2804 infer_ms=67.7
INFO:mme_vla_suite.serving.websocket_policy_server:TIMING infer_ms=67.7
INFO:mme_vla_suite.serving.websocket_policy_server:TIMING add_buffer_ms=39.1 frames=16 exec_start_idx=0
MV_INFER cond=normal split=test task=ButtonUnmask ep=3 ep_seq=1 infer_seq=12 t=176 es=0 k=0 motion_frames=- motion_emb_sha= motion_pos_sha= motion_mask= mem_order_sha= motion_cols_sha= donor=None cover=exact:0,fallback:0,cycle:0,cross_seg:0 gate=none num_steps=10 act_sha=1f31614bdcb5f7b5 infer_ms=67.2
INFO:mme_vla_suite.serving.websocket_policy_server:TIMING infer_ms=67.2
INFO:mme_vla_suite.serving.websocket_policy_server:TIMING add_buffer_ms=41.8 frames=16 exec_start_idx=0
MV_INFER cond=normal split=test task=ButtonUnmask ep=3 ep_seq=1 infer_seq=13 t=192 es=0 k=0 motion_frames=- motion_emb_sha= motion_pos_sha= motion_mask= mem_order_sha= motion_cols_sha= donor=None cover=exact:0,fallback:0,cycle:0,cross_seg:0 gate=none num_steps=10 act_sha=2a361913a8fa8e2f infer_ms=67.4
INFO:mme_vla_suite.serving.websocket_policy_server:TIMING infer_ms=67.4
INFO:mme_vla_suite.serving.websocket_policy_server:TIMING add_buffer_ms=40.0 frames=16 exec_start_idx=0
MV_INFER cond=normal split=test task=ButtonUnmask ep=3 ep_seq=1 infer_seq=14 t=208 es=0 k=0 motion_frames=- motion_emb_sha= motion_pos_sha= motion_mask= mem_order_sha= motion_cols_sha= donor=None cover=exact:0,fallback:0,cycle:0,cross_seg:0 gate=none num_steps=10 act_sha=648171e2e58b221b infer_ms=67.4
INFO:mme_vla_suite.serving.websocket_policy_server:TIMING infer_ms=67.4
INFO:mme_vla_suite.serving.websocket_policy_server:TIMING add_buffer_ms=40.2 frames=16 exec_start_idx=0
MV_INFER cond=normal split=test task=ButtonUnmask ep=3 ep_seq=1 infer_seq=15 t=224 es=0 k=0 motion_frames=- motion_emb_sha= motion_pos_sha= motion_mask= mem_order_sha= motion_cols_sha= donor=None cover=exact:0,fallback:0,cycle:0,cross_seg:0 gate=none num_steps=10 act_sha=c8ce30baa4b2890e infer_ms=67.5
INFO:mme_vla_suite.serving.websocket_policy_server:TIMING infer_ms=67.5
INFO:mme_vla_suite.serving.websocket_policy_server:TIMING add_buffer_ms=41.4 frames=16 exec_start_idx=0
MV_INFER cond=normal split=test task=ButtonUnmask ep=3 ep_seq=1 infer_seq=16 t=240 es=0 k=0 motion_frames=- motion_emb_sha= motion_pos_sha= motion_mask= mem_order_sha= motion_cols_sha= donor=None cover=exact:0,fallback:0,cycle:0,cross_seg:0 gate=none num_steps=10 act_sha=3ba2185614c5bd31 infer_ms=67.2
INFO:mme_vla_suite.serving.websocket_policy_server:TIMING infer_ms=67.2
INFO:mme_vla_suite.serving.websocket_policy_server:TIMING add_buffer_ms=40.5 frames=16 exec_start_idx=0
MV_INFER cond=normal split=test task=ButtonUnmask ep=3 ep_seq=1 infer_seq=17 t=256 es=0 k=0 motion_frames=- motion_emb_sha= motion_pos_sha= motion_mask= mem_order_sha= motion_cols_sha= donor=None cover=exact:0,fallback:0,cycle:0,cross_seg:0 gate=none num_steps=10 act_sha=2ac59390707400d8 infer_ms=67.3
INFO:mme_vla_suite.serving.websocket_policy_server:TIMING infer_ms=67.3
INFO:mme_vla_suite.serving.websocket_policy_server:TIMING add_buffer_ms=39.4 frames=16 exec_start_idx=0
MV_INFER cond=normal split=test task=ButtonUnmask ep=3 ep_seq=1 infer_seq=18 t=272 es=0 k=0 motion_frames=- motion_emb_sha= motion_pos_sha= motion_mask= mem_order_sha= motion_cols_sha= donor=None cover=exact:0,fallback:0,cycle:0,cross_seg:0 gate=none num_steps=10 act_sha=97ae32f0e575f11e infer_ms=67.2
INFO:mme_vla_suite.serving.websocket_policy_server:TIMING infer_ms=67.2
INFO:mme_vla_suite.serving.websocket_policy_server:TIMING add_buffer_ms=41.1 frames=16 exec_start_idx=0
MV_INFER cond=normal split=test task=ButtonUnmask ep=3 ep_seq=1 infer_seq=19 t=288 es=0 k=0 motion_frames=- motion_emb_sha= motion_pos_sha= motion_mask= mem_order_sha= motion_cols_sha= donor=None cover=exact:0,fallback:0,cycle:0,cross_seg:0 gate=none num_steps=10 act_sha=7c21a7d43229f3bf infer_ms=67.5
INFO:mme_vla_suite.serving.websocket_policy_server:TIMING infer_ms=67.5
INFO:mme_vla_suite.serving.websocket_policy_server:TIMING add_buffer_ms=40.6 frames=16 exec_start_idx=0
MV_INFER cond=normal split=test task=ButtonUnmask ep=3 ep_seq=1 infer_seq=20 t=304 es=0 k=0 motion_frames=- motion_emb_sha= motion_pos_sha= motion_mask= mem_order_sha= motion_cols_sha= donor=None cover=exact:0,fallback:0,cycle:0,cross_seg:0 gate=none num_steps=10 act_sha=be6bf6ab10ee0823 infer_ms=67.5
INFO:mme_vla_suite.serving.websocket_policy_server:TIMING infer_ms=67.5
INFO:mme_vla_suite.serving.websocket_policy_server:TIMING add_buffer_ms=40.4 frames=16 exec_start_idx=0
MV_INFER cond=normal split=test task=ButtonUnmask ep=3 ep_seq=1 infer_seq=21 t=320 es=0 k=0 motion_frames=- motion_emb_sha= motion_pos_sha= motion_mask= mem_order_sha= motion_cols_sha= donor=None cover=exact:0,fallback:0,cycle:0,cross_seg:0 gate=none num_steps=10 act_sha=8b7f7e9597aba0aa infer_ms=67.2
INFO:mme_vla_suite.serving.websocket_policy_server:TIMING infer_ms=67.2
INFO:mme_vla_suite.serving.websocket_policy_server:TIMING add_buffer_ms=44.2 frames=16 exec_start_idx=0
MV_INFER cond=normal split=test task=ButtonUnmask ep=3 ep_seq=1 infer_seq=22 t=336 es=0 k=0 motion_frames=- motion_emb_sha= motion_pos_sha= motion_mask= mem_order_sha= motion_cols_sha= donor=None cover=exact:0,fallback:0,cycle:0,cross_seg:0 gate=none num_steps=10 act_sha=503e628275b0897c infer_ms=67.6
INFO:mme_vla_suite.serving.websocket_policy_server:TIMING infer_ms=67.6
INFO:mme_vla_suite.serving.websocket_policy_server:TIMING add_buffer_ms=40.8 frames=16 exec_start_idx=0
MV_INFER cond=normal split=test task=ButtonUnmask ep=3 ep_seq=1 infer_seq=23 t=352 es=0 k=0 motion_frames=- motion_emb_sha= motion_pos_sha= motion_mask= mem_order_sha= motion_cols_sha= donor=None cover=exact:0,fallback:0,cycle:0,cross_seg:0 gate=none num_steps=10 act_sha=e9f2a0c8ecfe9abe infer_ms=67.7
INFO:mme_vla_suite.serving.websocket_policy_server:TIMING infer_ms=67.7
INFO:mme_vla_suite.serving.websocket_policy_server:TIMING add_buffer_ms=39.2 frames=16 exec_start_idx=0
MV_INFER cond=normal split=test task=ButtonUnmask ep=3 ep_seq=1 infer_seq=24 t=368 es=0 k=0 motion_frames=- motion_emb_sha= motion_pos_sha= motion_mask= mem_order_sha= motion_cols_sha= donor=None cover=exact:0,fallback:0,cycle:0,cross_seg:0 gate=none num_steps=10 act_sha=307accfb9a9dc9d8 infer_ms=67.3
INFO:mme_vla_suite.serving.websocket_policy_server:TIMING infer_ms=67.3
INFO:mme_vla_suite.serving.websocket_policy_server:TIMING add_buffer_ms=40.9 frames=16 exec_start_idx=0
MV_INFER cond=normal split=test task=ButtonUnmask ep=3 ep_seq=1 infer_seq=25 t=384 es=0 k=0 motion_frames=- motion_emb_sha= motion_pos_sha= motion_mask= mem_order_sha= motion_cols_sha= donor=None cover=exact:0,fallback:0,cycle:0,cross_seg:0 gate=none num_steps=10 act_sha=7ea34058af436d7d infer_ms=67.3
INFO:mme_vla_suite.serving.websocket_policy_server:TIMING infer_ms=67.3
INFO:mme_vla_suite.serving.websocket_policy_server:TIMING add_buffer_ms=40.4 frames=16 exec_start_idx=0
MV_INFER cond=normal split=test task=ButtonUnmask ep=3 ep_seq=1 infer_seq=26 t=400 es=0 k=0 motion_frames=- motion_emb_sha= motion_pos_sha= motion_mask= mem_order_sha= motion_cols_sha= donor=None cover=exact:0,fallback:0,cycle:0,cross_seg:0 gate=none num_steps=10 act_sha=df50fe974c47e90d infer_ms=67.2
INFO:mme_vla_suite.serving.websocket_policy_server:TIMING infer_ms=67.2
INFO:mme_vla_suite.serving.websocket_policy_server:TIMING add_buffer_ms=39.1 frames=16 exec_start_idx=0
MV_INFER cond=normal split=test task=ButtonUnmask ep=3 ep_seq=1 infer_seq=27 t=416 es=0 k=0 motion_frames=- motion_emb_sha= motion_pos_sha= motion_mask= mem_order_sha= motion_cols_sha= donor=None cover=exact:0,fallback:0,cycle:0,cross_seg:0 gate=none num_steps=10 act_sha=91be0da5fdf39be0 infer_ms=67.5
INFO:mme_vla_suite.serving.websocket_policy_server:TIMING infer_ms=67.5
INFO:mme_vla_suite.serving.websocket_policy_server:TIMING add_buffer_ms=39.6 frames=16 exec_start_idx=0
MV_INFER cond=normal split=test task=ButtonUnmask ep=3 ep_seq=1 infer_seq=28 t=432 es=0 k=0 motion_frames=- motion_emb_sha= motion_pos_sha= motion_mask= mem_order_sha= motion_cols_sha= donor=None cover=exact:0,fallback:0,cycle:0,cross_seg:0 gate=none num_steps=10 act_sha=31fe343ea5095757 infer_ms=67.3
INFO:mme_vla_suite.serving.websocket_policy_server:TIMING infer_ms=67.3
INFO:mme_vla_suite.serving.websocket_policy_server:TIMING add_buffer_ms=39.7 frames=16 exec_start_idx=0
MV_INFER cond=normal split=test task=ButtonUnmask ep=3 ep_seq=1 infer_seq=29 t=448 es=0 k=0 motion_frames=- motion_emb_sha= motion_pos_sha= motion_mask= mem_order_sha= motion_cols_sha= donor=None cover=exact:0,fallback:0,cycle:0,cross_seg:0 gate=none num_steps=10 act_sha=fefb8a5004eab197 infer_ms=67.3
INFO:mme_vla_suite.serving.websocket_policy_server:TIMING infer_ms=67.3
INFO:mme_vla_suite.serving.websocket_policy_server:TIMING add_buffer_ms=40.2 frames=16 exec_start_idx=0
MV_INFER cond=normal split=test task=ButtonUnmask ep=3 ep_seq=1 infer_seq=30 t=464 es=0 k=0 motion_frames=- motion_emb_sha= motion_pos_sha= motion_mask= mem_order_sha= motion_cols_sha= donor=None cover=exact:0,fallback:0,cycle:0,cross_seg:0 gate=none num_steps=10 act_sha=1dde10a9d8c704fb infer_ms=67.5
INFO:mme_vla_suite.serving.websocket_policy_server:TIMING infer_ms=67.5
INFO:mme_vla_suite.serving.websocket_policy_server:TIMING add_buffer_ms=40.0 frames=16 exec_start_idx=0
MV_INFER cond=normal split=test task=ButtonUnmask ep=3 ep_seq=1 infer_seq=31 t=480 es=0 k=0 motion_frames=- motion_emb_sha= motion_pos_sha= motion_mask= mem_order_sha= motion_cols_sha= donor=None cover=exact:0,fallback:0,cycle:0,cross_seg:0 gate=none num_steps=10 act_sha=23af52d87eb3353f infer_ms=67.3
INFO:mme_vla_suite.serving.websocket_policy_server:TIMING infer_ms=67.3
INFO:mme_vla_suite.serving.websocket_policy_server:TIMING add_buffer_ms=40.4 frames=16 exec_start_idx=0
MV_INFER cond=normal split=test task=ButtonUnmask ep=3 ep_seq=1 infer_seq=32 t=496 es=0 k=0 motion_frames=- motion_emb_sha= motion_pos_sha= motion_mask= mem_order_sha= motion_cols_sha= donor=None cover=exact:0,fallback:0,cycle:0,cross_seg:0 gate=none num_steps=10 act_sha=910ad3006fd7c32f infer_ms=67.2
INFO:mme_vla_suite.serving.websocket_policy_server:TIMING infer_ms=67.2
INFO:mme_vla_suite.serving.websocket_policy_server:TIMING add_buffer_ms=40.9 frames=16 exec_start_idx=0
MV_INFER cond=normal split=test task=ButtonUnmask ep=3 ep_seq=1 infer_seq=33 t=512 es=0 k=0 motion_frames=- motion_emb_sha= motion_pos_sha= motion_mask= mem_order_sha= motion_cols_sha= donor=None cover=exact:0,fallback:0,cycle:0,cross_seg:0 gate=none num_steps=10 act_sha=67b5cea3b257fb16 infer_ms=67.2
INFO:mme_vla_suite.serving.websocket_policy_server:TIMING infer_ms=67.2
INFO:mme_vla_suite.serving.websocket_policy_server:TIMING add_buffer_ms=40.7 frames=16 exec_start_idx=0
MV_INFER cond=normal split=test task=ButtonUnmask ep=3 ep_seq=1 infer_seq=34 t=528 es=0 k=0 motion_frames=- motion_emb_sha= motion_pos_sha= motion_mask= mem_order_sha= motion_cols_sha= donor=None cover=exact:0,fallback:0,cycle:0,cross_seg:0 gate=none num_steps=10 act_sha=6a50bcd0c2b25c42 infer_ms=67.4
INFO:mme_vla_suite.serving.websocket_policy_server:TIMING infer_ms=67.4
INFO:mme_vla_suite.serving.websocket_policy_server:TIMING add_buffer_ms=39.9 frames=16 exec_start_idx=0
MV_INFER cond=normal split=test task=ButtonUnmask ep=3 ep_seq=1 infer_seq=35 t=544 es=0 k=0 motion_frames=- motion_emb_sha= motion_pos_sha= motion_mask= mem_order_sha= motion_cols_sha= donor=None cover=exact:0,fallback:0,cycle:0,cross_seg:0 gate=none num_steps=10 act_sha=3af99e412b1893e5 infer_ms=67.3
INFO:mme_vla_suite.serving.websocket_policy_server:TIMING infer_ms=67.3
INFO:mme_vla_suite.serving.websocket_policy_server:TIMING add_buffer_ms=40.0 frames=16 exec_start_idx=0
MV_INFER cond=normal split=test task=ButtonUnmask ep=3 ep_seq=1 infer_seq=36 t=560 es=0 k=0 motion_frames=- motion_emb_sha= motion_pos_sha= motion_mask= mem_order_sha= motion_cols_sha= donor=None cover=exact:0,fallback:0,cycle:0,cross_seg:0 gate=none num_steps=10 act_sha=51ef842c67a1d178 infer_ms=67.4
INFO:mme_vla_suite.serving.websocket_policy_server:TIMING infer_ms=67.4
INFO:mme_vla_suite.serving.websocket_policy_server:TIMING add_buffer_ms=39.7 frames=16 exec_start_idx=0
MV_INFER cond=normal split=test task=ButtonUnmask ep=3 ep_seq=1 infer_seq=37 t=576 es=0 k=0 motion_frames=- motion_emb_sha= motion_pos_sha= motion_mask= mem_order_sha= motion_cols_sha= donor=None cover=exact:0,fallback:0,cycle:0,cross_seg:0 gate=none num_steps=10 act_sha=4f700cea20597685 infer_ms=67.3
INFO:mme_vla_suite.serving.websocket_policy_server:TIMING infer_ms=67.3
INFO:mme_vla_suite.serving.websocket_policy_server:TIMING add_buffer_ms=39.8 frames=16 exec_start_idx=0
MV_INFER cond=normal split=test task=ButtonUnmask ep=3 ep_seq=1 infer_seq=38 t=592 es=0 k=0 motion_frames=- motion_emb_sha= motion_pos_sha= motion_mask= mem_order_sha= motion_cols_sha= donor=None cover=exact:0,fallback:0,cycle:0,cross_seg:0 gate=none num_steps=10 act_sha=1d1b991a4df167ef infer_ms=67.3
INFO:mme_vla_suite.serving.websocket_policy_server:TIMING infer_ms=67.3
INFO:mme_vla_suite.serving.websocket_policy_server:TIMING add_buffer_ms=40.0 frames=16 exec_start_idx=0
MV_INFER cond=normal split=test task=ButtonUnmask ep=3 ep_seq=1 infer_seq=39 t=608 es=0 k=0 motion_frames=- motion_emb_sha= motion_pos_sha= motion_mask= mem_order_sha= motion_cols_sha= donor=None cover=exact:0,fallback:0,cycle:0,cross_seg:0 gate=none num_steps=10 act_sha=976f7932cdf2eba7 infer_ms=67.3
INFO:mme_vla_suite.serving.websocket_policy_server:TIMING infer_ms=67.3
INFO:mme_vla_suite.serving.websocket_policy_server:TIMING add_buffer_ms=40.0 frames=16 exec_start_idx=0
MV_INFER cond=normal split=test task=ButtonUnmask ep=3 ep_seq=1 infer_seq=40 t=624 es=0 k=0 motion_frames=- motion_emb_sha= motion_pos_sha= motion_mask= mem_order_sha= motion_cols_sha= donor=None cover=exact:0,fallback:0,cycle:0,cross_seg:0 gate=none num_steps=10 act_sha=e5e80103c0f65af0 infer_ms=67.3
INFO:mme_vla_suite.serving.websocket_policy_server:TIMING infer_ms=67.3
INFO:mme_vla_suite.serving.websocket_policy_server:TIMING add_buffer_ms=40.4 frames=16 exec_start_idx=0
MV_INFER cond=normal split=test task=ButtonUnmask ep=3 ep_seq=1 infer_seq=41 t=640 es=0 k=0 motion_frames=- motion_emb_sha= motion_pos_sha= motion_mask= mem_order_sha= motion_cols_sha= donor=None cover=exact:0,fallback:0,cycle:0,cross_seg:0 gate=none num_steps=10 act_sha=7a1dc0ad60223aea infer_ms=67.4
INFO:mme_vla_suite.serving.websocket_policy_server:TIMING infer_ms=67.4
INFO:mme_vla_suite.serving.websocket_policy_server:TIMING add_buffer_ms=41.2 frames=16 exec_start_idx=0
MV_INFER cond=normal split=test task=ButtonUnmask ep=3 ep_seq=1 infer_seq=42 t=656 es=0 k=0 motion_frames=- motion_emb_sha= motion_pos_sha= motion_mask= mem_order_sha= motion_cols_sha= donor=None cover=exact:0,fallback:0,cycle:0,cross_seg:0 gate=none num_steps=10 act_sha=7842a82fada160e4 infer_ms=67.3
INFO:mme_vla_suite.serving.websocket_policy_server:TIMING infer_ms=67.3
INFO:mme_vla_suite.serving.websocket_policy_server:TIMING add_buffer_ms=40.1 frames=16 exec_start_idx=0
MV_INFER cond=normal split=test task=ButtonUnmask ep=3 ep_seq=1 infer_seq=43 t=672 es=0 k=0 motion_frames=- motion_emb_sha= motion_pos_sha= motion_mask= mem_order_sha= motion_cols_sha= donor=None cover=exact:0,fallback:0,cycle:0,cross_seg:0 gate=none num_steps=10 act_sha=4fe73bd89338987e infer_ms=67.5
INFO:mme_vla_suite.serving.websocket_policy_server:TIMING infer_ms=67.5
INFO:mme_vla_suite.serving.websocket_policy_server:TIMING add_buffer_ms=40.5 frames=16 exec_start_idx=0
MV_INFER cond=normal split=test task=ButtonUnmask ep=3 ep_seq=1 infer_seq=44 t=688 es=0 k=0 motion_frames=- motion_emb_sha= motion_pos_sha= motion_mask= mem_order_sha= motion_cols_sha= donor=None cover=exact:0,fallback:0,cycle:0,cross_seg:0 gate=none num_steps=10 act_sha=1929840518be196b infer_ms=67.5
INFO:mme_vla_suite.serving.websocket_policy_server:TIMING infer_ms=67.5
INFO:mme_vla_suite.serving.websocket_policy_server:TIMING add_buffer_ms=39.2 frames=16 exec_start_idx=0
MV_INFER cond=normal split=test task=ButtonUnmask ep=3 ep_seq=1 infer_seq=45 t=704 es=0 k=0 motion_frames=- motion_emb_sha= motion_pos_sha= motion_mask= mem_order_sha= motion_cols_sha= donor=None cover=exact:0,fallback:0,cycle:0,cross_seg:0 gate=none num_steps=10 act_sha=73c734f3f09b396a infer_ms=67.4
INFO:mme_vla_suite.serving.websocket_policy_server:TIMING infer_ms=67.4
INFO:mme_vla_suite.serving.websocket_policy_server:TIMING add_buffer_ms=38.6 frames=16 exec_start_idx=0
MV_INFER cond=normal split=test task=ButtonUnmask ep=3 ep_seq=1 infer_seq=46 t=720 es=0 k=0 motion_frames=- motion_emb_sha= motion_pos_sha= motion_mask= mem_order_sha= motion_cols_sha= donor=None cover=exact:0,fallback:0,cycle:0,cross_seg:0 gate=none num_steps=10 act_sha=1cf25801666fd9e0 infer_ms=67.3
INFO:mme_vla_suite.serving.websocket_policy_server:TIMING infer_ms=67.3
INFO:mme_vla_suite.serving.websocket_policy_server:TIMING add_buffer_ms=38.5 frames=16 exec_start_idx=0
MV_INFER cond=normal split=test task=ButtonUnmask ep=3 ep_seq=1 infer_seq=47 t=736 es=0 k=0 motion_frames=- motion_emb_sha= motion_pos_sha= motion_mask= mem_order_sha= motion_cols_sha= donor=None cover=exact:0,fallback:0,cycle:0,cross_seg:0 gate=none num_steps=10 act_sha=62b6a817c792d5bd infer_ms=67.9
INFO:mme_vla_suite.serving.websocket_policy_server:TIMING infer_ms=67.9
INFO:mme_vla_suite.serving.websocket_policy_server:TIMING add_buffer_ms=40.8 frames=16 exec_start_idx=0
MV_INFER cond=normal split=test task=ButtonUnmask ep=3 ep_seq=1 infer_seq=48 t=752 es=0 k=0 motion_frames=- motion_emb_sha= motion_pos_sha= motion_mask= mem_order_sha= motion_cols_sha= donor=None cover=exact:0,fallback:0,cycle:0,cross_seg:0 gate=none num_steps=10 act_sha=de7fd8aff755a7e0 infer_ms=67.3
INFO:mme_vla_suite.serving.websocket_policy_server:TIMING infer_ms=67.3
INFO:mme_vla_suite.serving.websocket_policy_server:TIMING add_buffer_ms=41.1 frames=16 exec_start_idx=0
MV_INFER cond=normal split=test task=ButtonUnmask ep=3 ep_seq=1 infer_seq=49 t=768 es=0 k=0 motion_frames=- motion_emb_sha= motion_pos_sha= motion_mask= mem_order_sha= motion_cols_sha= donor=None cover=exact:0,fallback:0,cycle:0,cross_seg:0 gate=none num_steps=10 act_sha=c385e3a4f01b0a92 infer_ms=67.2
INFO:mme_vla_suite.serving.websocket_policy_server:TIMING infer_ms=67.2
INFO:mme_vla_suite.serving.websocket_policy_server:TIMING add_buffer_ms=40.7 frames=16 exec_start_idx=0
MV_INFER cond=normal split=test task=ButtonUnmask ep=3 ep_seq=1 infer_seq=50 t=784 es=0 k=0 motion_frames=- motion_emb_sha= motion_pos_sha= motion_mask= mem_order_sha= motion_cols_sha= donor=None cover=exact:0,fallback:0,cycle:0,cross_seg:0 gate=none num_steps=10 act_sha=e29a6ea649cc8c81 infer_ms=67.4
INFO:mme_vla_suite.serving.websocket_policy_server:TIMING infer_ms=67.4
INFO:mme_vla_suite.serving.websocket_policy_server:TIMING add_buffer_ms=40.8 frames=16 exec_start_idx=0
MV_INFER cond=normal split=test task=ButtonUnmask ep=3 ep_seq=1 infer_seq=51 t=800 es=0 k=0 motion_frames=- motion_emb_sha= motion_pos_sha= motion_mask= mem_order_sha= motion_cols_sha= donor=None cover=exact:0,fallback:0,cycle:0,cross_seg:0 gate=none num_steps=10 act_sha=afadb01b00a3639d infer_ms=67.2
INFO:mme_vla_suite.serving.websocket_policy_server:TIMING infer_ms=67.2
INFO:mme_vla_suite.serving.websocket_policy_server:TIMING add_buffer_ms=39.9 frames=16 exec_start_idx=0
MV_INFER cond=normal split=test task=ButtonUnmask ep=3 ep_seq=1 infer_seq=52 t=816 es=0 k=0 motion_frames=- motion_emb_sha= motion_pos_sha= motion_mask= mem_order_sha= motion_cols_sha= donor=None cover=exact:0,fallback:0,cycle:0,cross_seg:0 gate=none num_steps=10 act_sha=487c4c1575034493 infer_ms=67.3
INFO:mme_vla_suite.serving.websocket_policy_server:TIMING infer_ms=67.3
INFO:mme_vla_suite.serving.websocket_policy_server:TIMING add_buffer_ms=40.2 frames=16 exec_start_idx=0
MV_INFER cond=normal split=test task=ButtonUnmask ep=3 ep_seq=1 infer_seq=53 t=832 es=0 k=0 motion_frames=- motion_emb_sha= motion_pos_sha= motion_mask= mem_order_sha= motion_cols_sha= donor=None cover=exact:0,fallback:0,cycle:0,cross_seg:0 gate=none num_steps=10 act_sha=91e684bd1f61f432 infer_ms=67.8
INFO:mme_vla_suite.serving.websocket_policy_server:TIMING infer_ms=67.8
INFO:mme_vla_suite.serving.websocket_policy_server:TIMING add_buffer_ms=39.5 frames=16 exec_start_idx=0
MV_INFER cond=normal split=test task=ButtonUnmask ep=3 ep_seq=1 infer_seq=54 t=848 es=0 k=0 motion_frames=- motion_emb_sha= motion_pos_sha= motion_mask= mem_order_sha= motion_cols_sha= donor=None cover=exact:0,fallback:0,cycle:0,cross_seg:0 gate=none num_steps=10 act_sha=f9d40aecce9667c9 infer_ms=67.2
INFO:mme_vla_suite.serving.websocket_policy_server:TIMING infer_ms=67.2
INFO:mme_vla_suite.serving.websocket_policy_server:TIMING add_buffer_ms=38.9 frames=16 exec_start_idx=0
MV_INFER cond=normal split=test task=ButtonUnmask ep=3 ep_seq=1 infer_seq=55 t=864 es=0 k=0 motion_frames=- motion_emb_sha= motion_pos_sha= motion_mask= mem_order_sha= motion_cols_sha= donor=None cover=exact:0,fallback:0,cycle:0,cross_seg:0 gate=none num_steps=10 act_sha=5bef979214cba56f infer_ms=67.3
INFO:mme_vla_suite.serving.websocket_policy_server:TIMING infer_ms=67.3
INFO:mme_vla_suite.serving.websocket_policy_server:TIMING add_buffer_ms=38.7 frames=16 exec_start_idx=0
MV_INFER cond=normal split=test task=ButtonUnmask ep=3 ep_seq=1 infer_seq=56 t=880 es=0 k=0 motion_frames=- motion_emb_sha= motion_pos_sha= motion_mask= mem_order_sha= motion_cols_sha= donor=None cover=exact:0,fallback:0,cycle:0,cross_seg:0 gate=none num_steps=10 act_sha=8cbb9caabd346324 infer_ms=67.2
INFO:mme_vla_suite.serving.websocket_policy_server:TIMING infer_ms=67.2
INFO:mme_vla_suite.serving.websocket_policy_server:TIMING add_buffer_ms=41.8 frames=16 exec_start_idx=0
MV_INFER cond=normal split=test task=ButtonUnmask ep=3 ep_seq=1 infer_seq=57 t=896 es=0 k=0 motion_frames=- motion_emb_sha= motion_pos_sha= motion_mask= mem_order_sha= motion_cols_sha= donor=None cover=exact:0,fallback:0,cycle:0,cross_seg:0 gate=none num_steps=10 act_sha=cc20e3db47a5dc52 infer_ms=67.3
INFO:mme_vla_suite.serving.websocket_policy_server:TIMING infer_ms=67.3
INFO:mme_vla_suite.serving.websocket_policy_server:TIMING add_buffer_ms=41.0 frames=16 exec_start_idx=0
MV_INFER cond=normal split=test task=ButtonUnmask ep=3 ep_seq=1 infer_seq=58 t=912 es=0 k=0 motion_frames=- motion_emb_sha= motion_pos_sha= motion_mask= mem_order_sha= motion_cols_sha= donor=None cover=exact:0,fallback:0,cycle:0,cross_seg:0 gate=none num_steps=10 act_sha=ddaac3066f49cc10 infer_ms=68.4
INFO:mme_vla_suite.serving.websocket_policy_server:TIMING infer_ms=68.4
INFO:mme_vla_suite.serving.websocket_policy_server:TIMING add_buffer_ms=39.4 frames=16 exec_start_idx=0
MV_INFER cond=normal split=test task=ButtonUnmask ep=3 ep_seq=1 infer_seq=59 t=928 es=0 k=0 motion_frames=- motion_emb_sha= motion_pos_sha= motion_mask= mem_order_sha= motion_cols_sha= donor=None cover=exact:0,fallback:0,cycle:0,cross_seg:0 gate=none num_steps=10 act_sha=45c86494d3eb84d4 infer_ms=67.5
INFO:mme_vla_suite.serving.websocket_policy_server:TIMING infer_ms=67.5
INFO:mme_vla_suite.serving.websocket_policy_server:TIMING add_buffer_ms=38.8 frames=16 exec_start_idx=0
MV_INFER cond=normal split=test task=ButtonUnmask ep=3 ep_seq=1 infer_seq=60 t=944 es=0 k=0 motion_frames=- motion_emb_sha= motion_pos_sha= motion_mask= mem_order_sha= motion_cols_sha= donor=None cover=exact:0,fallback:0,cycle:0,cross_seg:0 gate=none num_steps=10 act_sha=6e214e682e023f2b infer_ms=67.1
INFO:mme_vla_suite.serving.websocket_policy_server:TIMING infer_ms=67.1
INFO:mme_vla_suite.serving.websocket_policy_server:TIMING add_buffer_ms=40.5 frames=16 exec_start_idx=0
MV_INFER cond=normal split=test task=ButtonUnmask ep=3 ep_seq=1 infer_seq=61 t=960 es=0 k=0 motion_frames=- motion_emb_sha= motion_pos_sha= motion_mask= mem_order_sha= motion_cols_sha= donor=None cover=exact:0,fallback:0,cycle:0,cross_seg:0 gate=none num_steps=10 act_sha=7cc7aa8c49408fa1 infer_ms=67.3
INFO:mme_vla_suite.serving.websocket_policy_server:TIMING infer_ms=67.3
INFO:mme_vla_suite.serving.websocket_policy_server:TIMING add_buffer_ms=39.3 frames=16 exec_start_idx=0
MV_INFER cond=normal split=test task=ButtonUnmask ep=3 ep_seq=1 infer_seq=62 t=976 es=0 k=0 motion_frames=- motion_emb_sha= motion_pos_sha= motion_mask= mem_order_sha= motion_cols_sha= donor=None cover=exact:0,fallback:0,cycle:0,cross_seg:0 gate=none num_steps=10 act_sha=0576c0982dc12c50 infer_ms=67.4
INFO:mme_vla_suite.serving.websocket_policy_server:TIMING infer_ms=67.4
INFO:mme_vla_suite.serving.websocket_policy_server:TIMING add_buffer_ms=39.5 frames=16 exec_start_idx=0
MV_INFER cond=normal split=test task=ButtonUnmask ep=3 ep_seq=1 infer_seq=63 t=992 es=0 k=0 motion_frames=- motion_emb_sha= motion_pos_sha= motion_mask= mem_order_sha= motion_cols_sha= donor=None cover=exact:0,fallback:0,cycle:0,cross_seg:0 gate=none num_steps=10 act_sha=067744bc73b110a6 infer_ms=67.6
INFO:mme_vla_suite.serving.websocket_policy_server:TIMING infer_ms=67.6
INFO:mme_vla_suite.serving.websocket_policy_server:TIMING add_buffer_ms=38.6 frames=16 exec_start_idx=0
MV_INFER cond=normal split=test task=ButtonUnmask ep=3 ep_seq=1 infer_seq=64 t=1008 es=0 k=0 motion_frames=- motion_emb_sha= motion_pos_sha= motion_mask= mem_order_sha= motion_cols_sha= donor=None cover=exact:0,fallback:0,cycle:0,cross_seg:0 gate=none num_steps=10 act_sha=3fdf7fd98e4ea474 infer_ms=67.4
INFO:mme_vla_suite.serving.websocket_policy_server:TIMING infer_ms=67.4
INFO:mme_vla_suite.serving.websocket_policy_server:TIMING add_buffer_ms=38.5 frames=16 exec_start_idx=0
MV_INFER cond=normal split=test task=ButtonUnmask ep=3 ep_seq=1 infer_seq=65 t=1024 es=0 k=0 motion_frames=- motion_emb_sha= motion_pos_sha= motion_mask= mem_order_sha= motion_cols_sha= donor=None cover=exact:0,fallback:0,cycle:0,cross_seg:0 gate=none num_steps=10 act_sha=f2e2921e10445293 infer_ms=67.3
INFO:mme_vla_suite.serving.websocket_policy_server:TIMING infer_ms=67.3
INFO:mme_vla_suite.serving.websocket_policy_server:TIMING add_buffer_ms=39.4 frames=16 exec_start_idx=0
MV_INFER cond=normal split=test task=ButtonUnmask ep=3 ep_seq=1 infer_seq=66 t=1040 es=0 k=0 motion_frames=- motion_emb_sha= motion_pos_sha= motion_mask= mem_order_sha= motion_cols_sha= donor=None cover=exact:0,fallback:0,cycle:0,cross_seg:0 gate=none num_steps=10 act_sha=2e81a2d4f3afb356 infer_ms=67.6
INFO:mme_vla_suite.serving.websocket_policy_server:TIMING infer_ms=67.6
INFO:mme_vla_suite.serving.websocket_policy_server:TIMING add_buffer_ms=39.8 frames=16 exec_start_idx=0
MV_INFER cond=normal split=test task=ButtonUnmask ep=3 ep_seq=1 infer_seq=67 t=1056 es=0 k=0 motion_frames=- motion_emb_sha= motion_pos_sha= motion_mask= mem_order_sha= motion_cols_sha= donor=None cover=exact:0,fallback:0,cycle:0,cross_seg:0 gate=none num_steps=10 act_sha=b94aca0010f0e5ed infer_ms=68.3
INFO:mme_vla_suite.serving.websocket_policy_server:TIMING infer_ms=68.3
INFO:mme_vla_suite.serving.websocket_policy_server:TIMING add_buffer_ms=40.5 frames=16 exec_start_idx=0
MV_INFER cond=normal split=test task=ButtonUnmask ep=3 ep_seq=1 infer_seq=68 t=1072 es=0 k=0 motion_frames=- motion_emb_sha= motion_pos_sha= motion_mask= mem_order_sha= motion_cols_sha= donor=None cover=exact:0,fallback:0,cycle:0,cross_seg:0 gate=none num_steps=10 act_sha=6e04e11b29e0179e infer_ms=68.0
INFO:mme_vla_suite.serving.websocket_policy_server:TIMING infer_ms=68.0
INFO:mme_vla_suite.serving.websocket_policy_server:TIMING add_buffer_ms=39.0 frames=16 exec_start_idx=0
MV_INFER cond=normal split=test task=ButtonUnmask ep=3 ep_seq=1 infer_seq=69 t=1088 es=0 k=0 motion_frames=- motion_emb_sha= motion_pos_sha= motion_mask= mem_order_sha= motion_cols_sha= donor=None cover=exact:0,fallback:0,cycle:0,cross_seg:0 gate=none num_steps=10 act_sha=09b21ae3bf478e75 infer_ms=67.7
INFO:mme_vla_suite.serving.websocket_policy_server:TIMING infer_ms=67.7
INFO:mme_vla_suite.serving.websocket_policy_server:TIMING add_buffer_ms=40.8 frames=16 exec_start_idx=0
MV_INFER cond=normal split=test task=ButtonUnmask ep=3 ep_seq=1 infer_seq=70 t=1104 es=0 k=0 motion_frames=- motion_emb_sha= motion_pos_sha= motion_mask= mem_order_sha= motion_cols_sha= donor=None cover=exact:0,fallback:0,cycle:0,cross_seg:0 gate=none num_steps=10 act_sha=f3b6befb5985f0bf infer_ms=67.5
INFO:mme_vla_suite.serving.websocket_policy_server:TIMING infer_ms=67.5
INFO:mme_vla_suite.serving.websocket_policy_server:TIMING add_buffer_ms=41.0 frames=16 exec_start_idx=0
MV_INFER cond=normal split=test task=ButtonUnmask ep=3 ep_seq=1 infer_seq=71 t=1120 es=0 k=0 motion_frames=- motion_emb_sha= motion_pos_sha= motion_mask= mem_order_sha= motion_cols_sha= donor=None cover=exact:0,fallback:0,cycle:0,cross_seg:0 gate=none num_steps=10 act_sha=14d9ebb37da3c8a8 infer_ms=67.7
INFO:mme_vla_suite.serving.websocket_policy_server:TIMING infer_ms=67.7
INFO:mme_vla_suite.serving.websocket_policy_server:TIMING add_buffer_ms=45.1 frames=16 exec_start_idx=0
MV_INFER cond=normal split=test task=ButtonUnmask ep=3 ep_seq=1 infer_seq=72 t=1136 es=0 k=0 motion_frames=- motion_emb_sha= motion_pos_sha= motion_mask= mem_order_sha= motion_cols_sha= donor=None cover=exact:0,fallback:0,cycle:0,cross_seg:0 gate=none num_steps=10 act_sha=434583f787e0fdbd infer_ms=67.9
INFO:mme_vla_suite.serving.websocket_policy_server:TIMING infer_ms=67.9
INFO:mme_vla_suite.serving.websocket_policy_server:TIMING add_buffer_ms=42.6 frames=16 exec_start_idx=0
MV_INFER cond=normal split=test task=ButtonUnmask ep=3 ep_seq=1 infer_seq=73 t=1152 es=0 k=0 motion_frames=- motion_emb_sha= motion_pos_sha= motion_mask= mem_order_sha= motion_cols_sha= donor=None cover=exact:0,fallback:0,cycle:0,cross_seg:0 gate=none num_steps=10 act_sha=4d8da6e58238345a infer_ms=67.9
INFO:mme_vla_suite.serving.websocket_policy_server:TIMING infer_ms=67.9
INFO:mme_vla_suite.serving.websocket_policy_server:TIMING add_buffer_ms=38.9 frames=16 exec_start_idx=0
MV_INFER cond=normal split=test task=ButtonUnmask ep=3 ep_seq=1 infer_seq=74 t=1168 es=0 k=0 motion_frames=- motion_emb_sha= motion_pos_sha= motion_mask= mem_order_sha= motion_cols_sha= donor=None cover=exact:0,fallback:0,cycle:0,cross_seg:0 gate=none num_steps=10 act_sha=95db05651009907f infer_ms=67.8
INFO:mme_vla_suite.serving.websocket_policy_server:TIMING infer_ms=67.8
INFO:mme_vla_suite.serving.websocket_policy_server:TIMING add_buffer_ms=38.1 frames=16 exec_start_idx=0
MV_INFER cond=normal split=test task=ButtonUnmask ep=3 ep_seq=1 infer_seq=75 t=1184 es=0 k=0 motion_frames=- motion_emb_sha= motion_pos_sha= motion_mask= mem_order_sha= motion_cols_sha= donor=None cover=exact:0,fallback:0,cycle:0,cross_seg:0 gate=none num_steps=10 act_sha=2f70e63450c21f6a infer_ms=67.1
INFO:mme_vla_suite.serving.websocket_policy_server:TIMING infer_ms=67.1
INFO:mme_vla_suite.serving.websocket_policy_server:TIMING add_buffer_ms=38.0 frames=16 exec_start_idx=0
MV_INFER cond=normal split=test task=ButtonUnmask ep=3 ep_seq=1 infer_seq=76 t=1200 es=0 k=0 motion_frames=- motion_emb_sha= motion_pos_sha= motion_mask= mem_order_sha= motion_cols_sha= donor=None cover=exact:0,fallback:0,cycle:0,cross_seg:0 gate=none num_steps=10 act_sha=d6b1dd25d42deccf infer_ms=67.2
INFO:mme_vla_suite.serving.websocket_policy_server:TIMING infer_ms=67.2
INFO:mme_vla_suite.serving.websocket_policy_server:TIMING add_buffer_ms=40.3 frames=16 exec_start_idx=0
MV_INFER cond=normal split=test task=ButtonUnmask ep=3 ep_seq=1 infer_seq=77 t=1216 es=0 k=0 motion_frames=- motion_emb_sha= motion_pos_sha= motion_mask= mem_order_sha= motion_cols_sha= donor=None cover=exact:0,fallback:0,cycle:0,cross_seg:0 gate=none num_steps=10 act_sha=e499362951ecec7f infer_ms=67.3
INFO:mme_vla_suite.serving.websocket_policy_server:TIMING infer_ms=67.3
INFO:mme_vla_suite.serving.websocket_policy_server:TIMING add_buffer_ms=40.5 frames=16 exec_start_idx=0
MV_INFER cond=normal split=test task=ButtonUnmask ep=3 ep_seq=1 infer_seq=78 t=1232 es=0 k=0 motion_frames=- motion_emb_sha= motion_pos_sha= motion_mask= mem_order_sha= motion_cols_sha= donor=None cover=exact:0,fallback:0,cycle:0,cross_seg:0 gate=none num_steps=10 act_sha=99a0ca4b2b5f73d3 infer_ms=67.6
INFO:mme_vla_suite.serving.websocket_policy_server:TIMING infer_ms=67.6
INFO:mme_vla_suite.serving.websocket_policy_server:TIMING add_buffer_ms=41.1 frames=16 exec_start_idx=0
MV_INFER cond=normal split=test task=ButtonUnmask ep=3 ep_seq=1 infer_seq=79 t=1248 es=0 k=0 motion_frames=- motion_emb_sha= motion_pos_sha= motion_mask= mem_order_sha= motion_cols_sha= donor=None cover=exact:0,fallback:0,cycle:0,cross_seg:0 gate=none num_steps=10 act_sha=77c0b7e37579ec69 infer_ms=67.2
INFO:mme_vla_suite.serving.websocket_policy_server:TIMING infer_ms=67.2
INFO:mme_vla_suite.serving.websocket_policy_server:TIMING add_buffer_ms=38.4 frames=16 exec_start_idx=0
MV_INFER cond=normal split=test task=ButtonUnmask ep=3 ep_seq=1 infer_seq=80 t=1264 es=0 k=0 motion_frames=- motion_emb_sha= motion_pos_sha= motion_mask= mem_order_sha= motion_cols_sha= donor=None cover=exact:0,fallback:0,cycle:0,cross_seg:0 gate=none num_steps=10 act_sha=902397c69c3f768d infer_ms=67.2
INFO:mme_vla_suite.serving.websocket_policy_server:TIMING infer_ms=67.2
INFO:mme_vla_suite.serving.websocket_policy_server:TIMING add_buffer_ms=41.9 frames=16 exec_start_idx=0
MV_INFER cond=normal split=test task=ButtonUnmask ep=3 ep_seq=1 infer_seq=81 t=1280 es=0 k=0 motion_frames=- motion_emb_sha= motion_pos_sha= motion_mask= mem_order_sha= motion_cols_sha= donor=None cover=exact:0,fallback:0,cycle:0,cross_seg:0 gate=none num_steps=10 act_sha=4b2f5f28f72c9693 infer_ms=67.7
INFO:mme_vla_suite.serving.websocket_policy_server:TIMING infer_ms=67.7
INFO:mme_vla_suite.serving.websocket_policy_server:TIMING add_buffer_ms=40.7 frames=16 exec_start_idx=0
MV_INFER cond=normal split=test task=ButtonUnmask ep=3 ep_seq=1 infer_seq=82 t=1296 es=0 k=0 motion_frames=- motion_emb_sha= motion_pos_sha= motion_mask= mem_order_sha= motion_cols_sha= donor=None cover=exact:0,fallback:0,cycle:0,cross_seg:0 gate=none num_steps=10 act_sha=05c6f4b5443f739e infer_ms=67.6
INFO:mme_vla_suite.serving.websocket_policy_server:TIMING infer_ms=67.6
INFO:websockets.server:connection open
INFO:mme_vla_suite.serving.websocket_policy_server:Connection from ('127.0.0.1', 54638) opened
MV_EPISODE_END ep_seq=1 infers=82 windows=0 wall_s=45.9
MV_EPISODE_BEGIN cond=normal split=test seed=42 ep_seq=2 expect=ButtonUnmask:7
INFO:mme_vla_suite.serving.websocket_policy_server:TIMING add_buffer_ms=7.8 frames=1 exec_start_idx=0
MV_INFER cond=normal split=test task=ButtonUnmask ep=7 ep_seq=2 infer_seq=1 t=0 es=0 k=0 motion_frames=- motion_emb_sha= motion_pos_sha= motion_mask= mem_order_sha= motion_cols_sha= donor=None cover=exact:0,fallback:0,cycle:0,cross_seg:0 gate=none num_steps=10 act_sha=4e2b828f7758772d infer_ms=68.1
INFO:mme_vla_suite.serving.websocket_policy_server:TIMING infer_ms=68.1
INFO:mme_vla_suite.serving.websocket_policy_server:TIMING add_buffer_ms=39.9 frames=16 exec_start_idx=0
MV_INFER cond=normal split=test task=ButtonUnmask ep=7 ep_seq=2 infer_seq=2 t=16 es=0 k=0 motion_frames=- motion_emb_sha= motion_pos_sha= motion_mask= mem_order_sha= motion_cols_sha= donor=None cover=exact:0,fallback:0,cycle:0,cross_seg:0 gate=none num_steps=10 act_sha=d1a93e9710b000d3 infer_ms=67.4
INFO:mme_vla_suite.serving.websocket_policy_server:TIMING infer_ms=67.4
INFO:mme_vla_suite.serving.websocket_policy_server:TIMING add_buffer_ms=40.9 frames=16 exec_start_idx=0
MV_INFER cond=normal split=test task=ButtonUnmask ep=7 ep_seq=2 infer_seq=3 t=32 es=0 k=0 motion_frames=- motion_emb_sha= motion_pos_sha= motion_mask= mem_order_sha= motion_cols_sha= donor=None cover=exact:0,fallback:0,cycle:0,cross_seg:0 gate=none num_steps=10 act_sha=12ffaac36f54bbdd infer_ms=67.4
INFO:mme_vla_suite.serving.websocket_policy_server:TIMING infer_ms=67.4
INFO:mme_vla_suite.serving.websocket_policy_server:TIMING add_buffer_ms=40.0 frames=16 exec_start_idx=0
MV_INFER cond=normal split=test task=ButtonUnmask ep=7 ep_seq=2 infer_seq=4 t=48 es=0 k=0 motion_frames=- motion_emb_sha= motion_pos_sha= motion_mask= mem_order_sha= motion_cols_sha= donor=None cover=exact:0,fallback:0,cycle:0,cross_seg:0 gate=none num_steps=10 act_sha=9f1cffbae8f71dbe infer_ms=67.5
INFO:mme_vla_suite.serving.websocket_policy_server:TIMING infer_ms=67.5
INFO:mme_vla_suite.serving.websocket_policy_server:TIMING add_buffer_ms=40.4 frames=16 exec_start_idx=0
MV_INFER cond=normal split=test task=ButtonUnmask ep=7 ep_seq=2 infer_seq=5 t=64 es=0 k=0 motion_frames=- motion_emb_sha= motion_pos_sha= motion_mask= mem_order_sha= motion_cols_sha= donor=None cover=exact:0,fallback:0,cycle:0,cross_seg:0 gate=none num_steps=10 act_sha=b59ee030a15ea1b4 infer_ms=67.5
INFO:mme_vla_suite.serving.websocket_policy_server:TIMING infer_ms=67.5
INFO:mme_vla_suite.serving.websocket_policy_server:TIMING add_buffer_ms=39.4 frames=16 exec_start_idx=0
MV_INFER cond=normal split=test task=ButtonUnmask ep=7 ep_seq=2 infer_seq=6 t=80 es=0 k=0 motion_frames=- motion_emb_sha= motion_pos_sha= motion_mask= mem_order_sha= motion_cols_sha= donor=None cover=exact:0,fallback:0,cycle:0,cross_seg:0 gate=none num_steps=10 act_sha=018b4e87b818c4a1 infer_ms=67.4
INFO:mme_vla_suite.serving.websocket_policy_server:TIMING infer_ms=67.4
INFO:mme_vla_suite.serving.websocket_policy_server:TIMING add_buffer_ms=40.4 frames=16 exec_start_idx=0
MV_INFER cond=normal split=test task=ButtonUnmask ep=7 ep_seq=2 infer_seq=7 t=96 es=0 k=0 motion_frames=- motion_emb_sha= motion_pos_sha= motion_mask= mem_order_sha= motion_cols_sha= donor=None cover=exact:0,fallback:0,cycle:0,cross_seg:0 gate=none num_steps=10 act_sha=f8ece8a123f1688d infer_ms=67.7
INFO:mme_vla_suite.serving.websocket_policy_server:TIMING infer_ms=67.7
INFO:mme_vla_suite.serving.websocket_policy_server:TIMING add_buffer_ms=39.7 frames=16 exec_start_idx=0
MV_INFER cond=normal split=test task=ButtonUnmask ep=7 ep_seq=2 infer_seq=8 t=112 es=0 k=0 motion_frames=- motion_emb_sha= motion_pos_sha= motion_mask= mem_order_sha= motion_cols_sha= donor=None cover=exact:0,fallback:0,cycle:0,cross_seg:0 gate=none num_steps=10 act_sha=1cf4b7e6f3727cac infer_ms=67.5
INFO:mme_vla_suite.serving.websocket_policy_server:TIMING infer_ms=67.5
INFO:mme_vla_suite.serving.websocket_policy_server:TIMING add_buffer_ms=39.7 frames=16 exec_start_idx=0
MV_INFER cond=normal split=test task=ButtonUnmask ep=7 ep_seq=2 infer_seq=9 t=128 es=0 k=0 motion_frames=- motion_emb_sha= motion_pos_sha= motion_mask= mem_order_sha= motion_cols_sha= donor=None cover=exact:0,fallback:0,cycle:0,cross_seg:0 gate=none num_steps=10 act_sha=d81d401a9eb86357 infer_ms=67.6
INFO:mme_vla_suite.serving.websocket_policy_server:TIMING infer_ms=67.6
INFO:mme_vla_suite.serving.websocket_policy_server:TIMING add_buffer_ms=39.7 frames=16 exec_start_idx=0
MV_INFER cond=normal split=test task=ButtonUnmask ep=7 ep_seq=2 infer_seq=10 t=144 es=0 k=0 motion_frames=- motion_emb_sha= motion_pos_sha= motion_mask= mem_order_sha= motion_cols_sha= donor=None cover=exact:0,fallback:0,cycle:0,cross_seg:0 gate=none num_steps=10 act_sha=2a5f88d277cd70c0 infer_ms=67.4
INFO:mme_vla_suite.serving.websocket_policy_server:TIMING infer_ms=67.4
INFO:mme_vla_suite.serving.websocket_policy_server:TIMING add_buffer_ms=40.3 frames=16 exec_start_idx=0
MV_INFER cond=normal split=test task=ButtonUnmask ep=7 ep_seq=2 infer_seq=11 t=160 es=0 k=0 motion_frames=- motion_emb_sha= motion_pos_sha= motion_mask= mem_order_sha= motion_cols_sha= donor=None cover=exact:0,fallback:0,cycle:0,cross_seg:0 gate=none num_steps=10 act_sha=1cd5cd8041895e03 infer_ms=67.3
INFO:mme_vla_suite.serving.websocket_policy_server:TIMING infer_ms=67.3
INFO:mme_vla_suite.serving.websocket_policy_server:TIMING add_buffer_ms=40.0 frames=16 exec_start_idx=0
MV_INFER cond=normal split=test task=ButtonUnmask ep=7 ep_seq=2 infer_seq=12 t=176 es=0 k=0 motion_frames=- motion_emb_sha= motion_pos_sha= motion_mask= mem_order_sha= motion_cols_sha= donor=None cover=exact:0,fallback:0,cycle:0,cross_seg:0 gate=none num_steps=10 act_sha=c3ae5eb992c883a1 infer_ms=67.3
INFO:mme_vla_suite.serving.websocket_policy_server:TIMING infer_ms=67.3
INFO:mme_vla_suite.serving.websocket_policy_server:TIMING add_buffer_ms=40.5 frames=16 exec_start_idx=0
MV_INFER cond=normal split=test task=ButtonUnmask ep=7 ep_seq=2 infer_seq=13 t=192 es=0 k=0 motion_frames=- motion_emb_sha= motion_pos_sha= motion_mask= mem_order_sha= motion_cols_sha= donor=None cover=exact:0,fallback:0,cycle:0,cross_seg:0 gate=none num_steps=10 act_sha=ac72c22a0b56f8ed infer_ms=67.5
INFO:mme_vla_suite.serving.websocket_policy_server:TIMING infer_ms=67.5
INFO:mme_vla_suite.serving.websocket_policy_server:TIMING add_buffer_ms=40.5 frames=16 exec_start_idx=0
MV_INFER cond=normal split=test task=ButtonUnmask ep=7 ep_seq=2 infer_seq=14 t=208 es=0 k=0 motion_frames=- motion_emb_sha= motion_pos_sha= motion_mask= mem_order_sha= motion_cols_sha= donor=None cover=exact:0,fallback:0,cycle:0,cross_seg:0 gate=none num_steps=10 act_sha=adc1ca26a49a8f10 infer_ms=67.5
INFO:mme_vla_suite.serving.websocket_policy_server:TIMING infer_ms=67.5
INFO:mme_vla_suite.serving.websocket_policy_server:TIMING add_buffer_ms=39.8 frames=16 exec_start_idx=0
MV_INFER cond=normal split=test task=ButtonUnmask ep=7 ep_seq=2 infer_seq=15 t=224 es=0 k=0 motion_frames=- motion_emb_sha= motion_pos_sha= motion_mask= mem_order_sha= motion_cols_sha= donor=None cover=exact:0,fallback:0,cycle:0,cross_seg:0 gate=none num_steps=10 act_sha=1876d10392c513f5 infer_ms=67.6
INFO:mme_vla_suite.serving.websocket_policy_server:TIMING infer_ms=67.6
INFO:mme_vla_suite.serving.websocket_policy_server:TIMING add_buffer_ms=40.0 frames=16 exec_start_idx=0
MV_INFER cond=normal split=test task=ButtonUnmask ep=7 ep_seq=2 infer_seq=16 t=240 es=0 k=0 motion_frames=- motion_emb_sha= motion_pos_sha= motion_mask= mem_order_sha= motion_cols_sha= donor=None cover=exact:0,fallback:0,cycle:0,cross_seg:0 gate=none num_steps=10 act_sha=558b6d25cf101a2d infer_ms=67.9
INFO:mme_vla_suite.serving.websocket_policy_server:TIMING infer_ms=67.9
INFO:mme_vla_suite.serving.websocket_policy_server:TIMING add_buffer_ms=39.7 frames=16 exec_start_idx=0
MV_INFER cond=normal split=test task=ButtonUnmask ep=7 ep_seq=2 infer_seq=17 t=256 es=0 k=0 motion_frames=- motion_emb_sha= motion_pos_sha= motion_mask= mem_order_sha= motion_cols_sha= donor=None cover=exact:0,fallback:0,cycle:0,cross_seg:0 gate=none num_steps=10 act_sha=e5ab23d272c4d3e9 infer_ms=67.7
INFO:mme_vla_suite.serving.websocket_policy_server:TIMING infer_ms=67.7
INFO:mme_vla_suite.serving.websocket_policy_server:TIMING add_buffer_ms=39.4 frames=16 exec_start_idx=0
MV_INFER cond=normal split=test task=ButtonUnmask ep=7 ep_seq=2 infer_seq=18 t=272 es=0 k=0 motion_frames=- motion_emb_sha= motion_pos_sha= motion_mask= mem_order_sha= motion_cols_sha= donor=None cover=exact:0,fallback:0,cycle:0,cross_seg:0 gate=none num_steps=10 act_sha=94cc29f7b08f51c3 infer_ms=67.5
INFO:mme_vla_suite.serving.websocket_policy_server:TIMING infer_ms=67.5
INFO:mme_vla_suite.serving.websocket_policy_server:TIMING add_buffer_ms=39.8 frames=16 exec_start_idx=0
MV_INFER cond=normal split=test task=ButtonUnmask ep=7 ep_seq=2 infer_seq=19 t=288 es=0 k=0 motion_frames=- motion_emb_sha= motion_pos_sha= motion_mask= mem_order_sha= motion_cols_sha= donor=None cover=exact:0,fallback:0,cycle:0,cross_seg:0 gate=none num_steps=10 act_sha=449ccfa970ba016e infer_ms=67.6
INFO:mme_vla_suite.serving.websocket_policy_server:TIMING infer_ms=67.6
INFO:mme_vla_suite.serving.websocket_policy_server:TIMING add_buffer_ms=39.6 frames=16 exec_start_idx=0
MV_INFER cond=normal split=test task=ButtonUnmask ep=7 ep_seq=2 infer_seq=20 t=304 es=0 k=0 motion_frames=- motion_emb_sha= motion_pos_sha= motion_mask= mem_order_sha= motion_cols_sha= donor=None cover=exact:0,fallback:0,cycle:0,cross_seg:0 gate=none num_steps=10 act_sha=43fc16c121dbe2dd infer_ms=67.9
INFO:mme_vla_suite.serving.websocket_policy_server:TIMING infer_ms=67.9
INFO:mme_vla_suite.serving.websocket_policy_server:TIMING add_buffer_ms=39.9 frames=16 exec_start_idx=0
MV_INFER cond=normal split=test task=ButtonUnmask ep=7 ep_seq=2 infer_seq=21 t=320 es=0 k=0 motion_frames=- motion_emb_sha= motion_pos_sha= motion_mask= mem_order_sha= motion_cols_sha= donor=None cover=exact:0,fallback:0,cycle:0,cross_seg:0 gate=none num_steps=10 act_sha=bcf43a3ea660ca63 infer_ms=67.6
INFO:mme_vla_suite.serving.websocket_policy_server:TIMING infer_ms=67.6
INFO:mme_vla_suite.serving.websocket_policy_server:TIMING add_buffer_ms=39.5 frames=16 exec_start_idx=0
MV_INFER cond=normal split=test task=ButtonUnmask ep=7 ep_seq=2 infer_seq=22 t=336 es=0 k=0 motion_frames=- motion_emb_sha= motion_pos_sha= motion_mask= mem_order_sha= motion_cols_sha= donor=None cover=exact:0,fallback:0,cycle:0,cross_seg:0 gate=none num_steps=10 act_sha=4e78b651fac56d66 infer_ms=67.4
INFO:mme_vla_suite.serving.websocket_policy_server:TIMING infer_ms=67.4
INFO:mme_vla_suite.serving.websocket_policy_server:TIMING add_buffer_ms=39.6 frames=16 exec_start_idx=0
MV_INFER cond=normal split=test task=ButtonUnmask ep=7 ep_seq=2 infer_seq=23 t=352 es=0 k=0 motion_frames=- motion_emb_sha= motion_pos_sha= motion_mask= mem_order_sha= motion_cols_sha= donor=None cover=exact:0,fallback:0,cycle:0,cross_seg:0 gate=none num_steps=10 act_sha=cd45642cdc0668d4 infer_ms=67.6
INFO:mme_vla_suite.serving.websocket_policy_server:TIMING infer_ms=67.6
INFO:mme_vla_suite.serving.websocket_policy_server:TIMING add_buffer_ms=39.4 frames=16 exec_start_idx=0
MV_INFER cond=normal split=test task=ButtonUnmask ep=7 ep_seq=2 infer_seq=24 t=368 es=0 k=0 motion_frames=- motion_emb_sha= motion_pos_sha= motion_mask= mem_order_sha= motion_cols_sha= donor=None cover=exact:0,fallback:0,cycle:0,cross_seg:0 gate=none num_steps=10 act_sha=db640939711c9b7b infer_ms=67.6
INFO:mme_vla_suite.serving.websocket_policy_server:TIMING infer_ms=67.6
INFO:mme_vla_suite.serving.websocket_policy_server:TIMING add_buffer_ms=40.4 frames=16 exec_start_idx=0
MV_INFER cond=normal split=test task=ButtonUnmask ep=7 ep_seq=2 infer_seq=25 t=384 es=0 k=0 motion_frames=- motion_emb_sha= motion_pos_sha= motion_mask= mem_order_sha= motion_cols_sha= donor=None cover=exact:0,fallback:0,cycle:0,cross_seg:0 gate=none num_steps=10 act_sha=1fa85869fbc3b0b6 infer_ms=68.0
INFO:mme_vla_suite.serving.websocket_policy_server:TIMING infer_ms=68.0
INFO:mme_vla_suite.serving.websocket_policy_server:TIMING add_buffer_ms=39.4 frames=16 exec_start_idx=0
MV_INFER cond=normal split=test task=ButtonUnmask ep=7 ep_seq=2 infer_seq=26 t=400 es=0 k=0 motion_frames=- motion_emb_sha= motion_pos_sha= motion_mask= mem_order_sha= motion_cols_sha= donor=None cover=exact:0,fallback:0,cycle:0,cross_seg:0 gate=none num_steps=10 act_sha=272a7867005ad4d2 infer_ms=67.4
INFO:mme_vla_suite.serving.websocket_policy_server:TIMING infer_ms=67.4
INFO:mme_vla_suite.serving.websocket_policy_server:TIMING add_buffer_ms=38.6 frames=16 exec_start_idx=0
MV_INFER cond=normal split=test task=ButtonUnmask ep=7 ep_seq=2 infer_seq=27 t=416 es=0 k=0 motion_frames=- motion_emb_sha= motion_pos_sha= motion_mask= mem_order_sha= motion_cols_sha= donor=None cover=exact:0,fallback:0,cycle:0,cross_seg:0 gate=none num_steps=10 act_sha=593d9065e2ac2c7f infer_ms=67.3
INFO:mme_vla_suite.serving.websocket_policy_server:TIMING infer_ms=67.3
INFO:mme_vla_suite.serving.websocket_policy_server:TIMING add_buffer_ms=39.4 frames=16 exec_start_idx=0
MV_INFER cond=normal split=test task=ButtonUnmask ep=7 ep_seq=2 infer_seq=28 t=432 es=0 k=0 motion_frames=- motion_emb_sha= motion_pos_sha= motion_mask= mem_order_sha= motion_cols_sha= donor=None cover=exact:0,fallback:0,cycle:0,cross_seg:0 gate=none num_steps=10 act_sha=208cafc0cd7e8824 infer_ms=68.0
INFO:mme_vla_suite.serving.websocket_policy_server:TIMING infer_ms=68.0
INFO:mme_vla_suite.serving.websocket_policy_server:TIMING add_buffer_ms=40.3 frames=16 exec_start_idx=0
MV_INFER cond=normal split=test task=ButtonUnmask ep=7 ep_seq=2 infer_seq=29 t=448 es=0 k=0 motion_frames=- motion_emb_sha= motion_pos_sha= motion_mask= mem_order_sha= motion_cols_sha= donor=None cover=exact:0,fallback:0,cycle:0,cross_seg:0 gate=none num_steps=10 act_sha=66e7e479abf2bacd infer_ms=67.2
INFO:mme_vla_suite.serving.websocket_policy_server:TIMING infer_ms=67.2
INFO:mme_vla_suite.serving.websocket_policy_server:TIMING add_buffer_ms=38.6 frames=16 exec_start_idx=0
MV_INFER cond=normal split=test task=ButtonUnmask ep=7 ep_seq=2 infer_seq=30 t=464 es=0 k=0 motion_frames=- motion_emb_sha= motion_pos_sha= motion_mask= mem_order_sha= motion_cols_sha= donor=None cover=exact:0,fallback:0,cycle:0,cross_seg:0 gate=none num_steps=10 act_sha=37b6d3cf6a49501c infer_ms=67.6
INFO:mme_vla_suite.serving.websocket_policy_server:TIMING infer_ms=67.6
INFO:mme_vla_suite.serving.websocket_policy_server:TIMING add_buffer_ms=39.0 frames=16 exec_start_idx=0
MV_INFER cond=normal split=test task=ButtonUnmask ep=7 ep_seq=2 infer_seq=31 t=480 es=0 k=0 motion_frames=- motion_emb_sha= motion_pos_sha= motion_mask= mem_order_sha= motion_cols_sha= donor=None cover=exact:0,fallback:0,cycle:0,cross_seg:0 gate=none num_steps=10 act_sha=c2b6cb00335c9468 infer_ms=67.4
INFO:mme_vla_suite.serving.websocket_policy_server:TIMING infer_ms=67.4
INFO:mme_vla_suite.serving.websocket_policy_server:TIMING add_buffer_ms=38.1 frames=16 exec_start_idx=0
MV_INFER cond=normal split=test task=ButtonUnmask ep=7 ep_seq=2 infer_seq=32 t=496 es=0 k=0 motion_frames=- motion_emb_sha= motion_pos_sha= motion_mask= mem_order_sha= motion_cols_sha= donor=None cover=exact:0,fallback:0,cycle:0,cross_seg:0 gate=none num_steps=10 act_sha=eb7df10575c09ae8 infer_ms=67.4
INFO:mme_vla_suite.serving.websocket_policy_server:TIMING infer_ms=67.4
INFO:mme_vla_suite.serving.websocket_policy_server:TIMING add_buffer_ms=40.9 frames=16 exec_start_idx=0
MV_INFER cond=normal split=test task=ButtonUnmask ep=7 ep_seq=2 infer_seq=33 t=512 es=0 k=0 motion_frames=- motion_emb_sha= motion_pos_sha= motion_mask= mem_order_sha= motion_cols_sha= donor=None cover=exact:0,fallback:0,cycle:0,cross_seg:0 gate=none num_steps=10 act_sha=32c73fab3cc4fc6f infer_ms=68.3
INFO:mme_vla_suite.serving.websocket_policy_server:TIMING infer_ms=68.3
INFO:mme_vla_suite.serving.websocket_policy_server:TIMING add_buffer_ms=39.6 frames=16 exec_start_idx=0
MV_INFER cond=normal split=test task=ButtonUnmask ep=7 ep_seq=2 infer_seq=34 t=528 es=0 k=0 motion_frames=- motion_emb_sha= motion_pos_sha= motion_mask= mem_order_sha= motion_cols_sha= donor=None cover=exact:0,fallback:0,cycle:0,cross_seg:0 gate=none num_steps=10 act_sha=07823339a16f7b7f infer_ms=67.3
INFO:mme_vla_suite.serving.websocket_policy_server:TIMING infer_ms=67.3
INFO:mme_vla_suite.serving.websocket_policy_server:TIMING add_buffer_ms=40.3 frames=16 exec_start_idx=0
MV_INFER cond=normal split=test task=ButtonUnmask ep=7 ep_seq=2 infer_seq=35 t=544 es=0 k=0 motion_frames=- motion_emb_sha= motion_pos_sha= motion_mask= mem_order_sha= motion_cols_sha= donor=None cover=exact:0,fallback:0,cycle:0,cross_seg:0 gate=none num_steps=10 act_sha=db2cc23de8991080 infer_ms=67.7
INFO:mme_vla_suite.serving.websocket_policy_server:TIMING infer_ms=67.7
INFO:mme_vla_suite.serving.websocket_policy_server:TIMING add_buffer_ms=41.5 frames=16 exec_start_idx=0
MV_INFER cond=normal split=test task=ButtonUnmask ep=7 ep_seq=2 infer_seq=36 t=560 es=0 k=0 motion_frames=- motion_emb_sha= motion_pos_sha= motion_mask= mem_order_sha= motion_cols_sha= donor=None cover=exact:0,fallback:0,cycle:0,cross_seg:0 gate=none num_steps=10 act_sha=31f9a11fbe7d1deb infer_ms=69.6
INFO:mme_vla_suite.serving.websocket_policy_server:TIMING infer_ms=69.6
INFO:mme_vla_suite.serving.websocket_policy_server:TIMING add_buffer_ms=43.3 frames=16 exec_start_idx=0
MV_INFER cond=normal split=test task=ButtonUnmask ep=7 ep_seq=2 infer_seq=37 t=576 es=0 k=0 motion_frames=- motion_emb_sha= motion_pos_sha= motion_mask= mem_order_sha= motion_cols_sha= donor=None cover=exact:0,fallback:0,cycle:0,cross_seg:0 gate=none num_steps=10 act_sha=e414239340b51143 infer_ms=67.6
INFO:mme_vla_suite.serving.websocket_policy_server:TIMING infer_ms=67.6
INFO:mme_vla_suite.serving.websocket_policy_server:TIMING add_buffer_ms=39.2 frames=16 exec_start_idx=0
MV_INFER cond=normal split=test task=ButtonUnmask ep=7 ep_seq=2 infer_seq=38 t=592 es=0 k=0 motion_frames=- motion_emb_sha= motion_pos_sha= motion_mask= mem_order_sha= motion_cols_sha= donor=None cover=exact:0,fallback:0,cycle:0,cross_seg:0 gate=none num_steps=10 act_sha=601e61533a77fee5 infer_ms=67.3
INFO:mme_vla_suite.serving.websocket_policy_server:TIMING infer_ms=67.3
INFO:mme_vla_suite.serving.websocket_policy_server:TIMING add_buffer_ms=39.5 frames=16 exec_start_idx=0
MV_INFER cond=normal split=test task=ButtonUnmask ep=7 ep_seq=2 infer_seq=39 t=608 es=0 k=0 motion_frames=- motion_emb_sha= motion_pos_sha= motion_mask= mem_order_sha= motion_cols_sha= donor=None cover=exact:0,fallback:0,cycle:0,cross_seg:0 gate=none num_steps=10 act_sha=8ffe8bd0ba949970 infer_ms=67.3
INFO:mme_vla_suite.serving.websocket_policy_server:TIMING infer_ms=67.3
INFO:mme_vla_suite.serving.websocket_policy_server:TIMING add_buffer_ms=39.8 frames=16 exec_start_idx=0
MV_INFER cond=normal split=test task=ButtonUnmask ep=7 ep_seq=2 infer_seq=40 t=624 es=0 k=0 motion_frames=- motion_emb_sha= motion_pos_sha= motion_mask= mem_order_sha= motion_cols_sha= donor=None cover=exact:0,fallback:0,cycle:0,cross_seg:0 gate=none num_steps=10 act_sha=cb7d369cc5855606 infer_ms=67.5
INFO:mme_vla_suite.serving.websocket_policy_server:TIMING infer_ms=67.5
INFO:mme_vla_suite.serving.websocket_policy_server:TIMING add_buffer_ms=40.4 frames=16 exec_start_idx=0
MV_INFER cond=normal split=test task=ButtonUnmask ep=7 ep_seq=2 infer_seq=41 t=640 es=0 k=0 motion_frames=- motion_emb_sha= motion_pos_sha= motion_mask= mem_order_sha= motion_cols_sha= donor=None cover=exact:0,fallback:0,cycle:0,cross_seg:0 gate=none num_steps=10 act_sha=41125c2726227880 infer_ms=67.5
INFO:mme_vla_suite.serving.websocket_policy_server:TIMING infer_ms=67.5
INFO:mme_vla_suite.serving.websocket_policy_server:TIMING add_buffer_ms=40.4 frames=16 exec_start_idx=0
MV_INFER cond=normal split=test task=ButtonUnmask ep=7 ep_seq=2 infer_seq=42 t=656 es=0 k=0 motion_frames=- motion_emb_sha= motion_pos_sha= motion_mask= mem_order_sha= motion_cols_sha= donor=None cover=exact:0,fallback:0,cycle:0,cross_seg:0 gate=none num_steps=10 act_sha=9f81790d150cd36b infer_ms=68.0
INFO:mme_vla_suite.serving.websocket_policy_server:TIMING infer_ms=68.0
INFO:mme_vla_suite.serving.websocket_policy_server:TIMING add_buffer_ms=39.8 frames=16 exec_start_idx=0
MV_INFER cond=normal split=test task=ButtonUnmask ep=7 ep_seq=2 infer_seq=43 t=672 es=0 k=0 motion_frames=- motion_emb_sha= motion_pos_sha= motion_mask= mem_order_sha= motion_cols_sha= donor=None cover=exact:0,fallback:0,cycle:0,cross_seg:0 gate=none num_steps=10 act_sha=9a7e774d3f7f4f56 infer_ms=68.0
INFO:mme_vla_suite.serving.websocket_policy_server:TIMING infer_ms=68.0
INFO:mme_vla_suite.serving.websocket_policy_server:TIMING add_buffer_ms=39.8 frames=16 exec_start_idx=0
MV_INFER cond=normal split=test task=ButtonUnmask ep=7 ep_seq=2 infer_seq=44 t=688 es=0 k=0 motion_frames=- motion_emb_sha= motion_pos_sha= motion_mask= mem_order_sha= motion_cols_sha= donor=None cover=exact:0,fallback:0,cycle:0,cross_seg:0 gate=none num_steps=10 act_sha=0a923a0efaf18a97 infer_ms=67.2
INFO:mme_vla_suite.serving.websocket_policy_server:TIMING infer_ms=67.2
INFO:mme_vla_suite.serving.websocket_policy_server:TIMING add_buffer_ms=40.4 frames=16 exec_start_idx=0
MV_INFER cond=normal split=test task=ButtonUnmask ep=7 ep_seq=2 infer_seq=45 t=704 es=0 k=0 motion_frames=- motion_emb_sha= motion_pos_sha= motion_mask= mem_order_sha= motion_cols_sha= donor=None cover=exact:0,fallback:0,cycle:0,cross_seg:0 gate=none num_steps=10 act_sha=c9e7f312b9fea53f infer_ms=67.4
INFO:mme_vla_suite.serving.websocket_policy_server:TIMING infer_ms=67.4
INFO:mme_vla_suite.serving.websocket_policy_server:TIMING add_buffer_ms=40.0 frames=16 exec_start_idx=0
MV_INFER cond=normal split=test task=ButtonUnmask ep=7 ep_seq=2 infer_seq=46 t=720 es=0 k=0 motion_frames=- motion_emb_sha= motion_pos_sha= motion_mask= mem_order_sha= motion_cols_sha= donor=None cover=exact:0,fallback:0,cycle:0,cross_seg:0 gate=none num_steps=10 act_sha=1c34feaf8038b686 infer_ms=67.2
INFO:mme_vla_suite.serving.websocket_policy_server:TIMING infer_ms=67.2
INFO:mme_vla_suite.serving.websocket_policy_server:TIMING add_buffer_ms=38.1 frames=16 exec_start_idx=0
MV_INFER cond=normal split=test task=ButtonUnmask ep=7 ep_seq=2 infer_seq=47 t=736 es=0 k=0 motion_frames=- motion_emb_sha= motion_pos_sha= motion_mask= mem_order_sha= motion_cols_sha= donor=None cover=exact:0,fallback:0,cycle:0,cross_seg:0 gate=none num_steps=10 act_sha=9d48bec98c7aee39 infer_ms=67.5
INFO:mme_vla_suite.serving.websocket_policy_server:TIMING infer_ms=67.5
INFO:mme_vla_suite.serving.websocket_policy_server:TIMING add_buffer_ms=36.8 frames=16 exec_start_idx=0
MV_INFER cond=normal split=test task=ButtonUnmask ep=7 ep_seq=2 infer_seq=48 t=752 es=0 k=0 motion_frames=- motion_emb_sha= motion_pos_sha= motion_mask= mem_order_sha= motion_cols_sha= donor=None cover=exact:0,fallback:0,cycle:0,cross_seg:0 gate=none num_steps=10 act_sha=e46c4938df737600 infer_ms=67.6
INFO:mme_vla_suite.serving.websocket_policy_server:TIMING infer_ms=67.6
INFO:mme_vla_suite.serving.websocket_policy_server:TIMING add_buffer_ms=39.2 frames=16 exec_start_idx=0
MV_INFER cond=normal split=test task=ButtonUnmask ep=7 ep_seq=2 infer_seq=49 t=768 es=0 k=0 motion_frames=- motion_emb_sha= motion_pos_sha= motion_mask= mem_order_sha= motion_cols_sha= donor=None cover=exact:0,fallback:0,cycle:0,cross_seg:0 gate=none num_steps=10 act_sha=0720229ec2848207 infer_ms=67.5
INFO:mme_vla_suite.serving.websocket_policy_server:TIMING infer_ms=67.5
INFO:mme_vla_suite.serving.websocket_policy_server:TIMING add_buffer_ms=39.6 frames=16 exec_start_idx=0
MV_INFER cond=normal split=test task=ButtonUnmask ep=7 ep_seq=2 infer_seq=50 t=784 es=0 k=0 motion_frames=- motion_emb_sha= motion_pos_sha= motion_mask= mem_order_sha= motion_cols_sha= donor=None cover=exact:0,fallback:0,cycle:0,cross_seg:0 gate=none num_steps=10 act_sha=7c00edfe6ae5c6df infer_ms=67.3
INFO:mme_vla_suite.serving.websocket_policy_server:TIMING infer_ms=67.3
INFO:mme_vla_suite.serving.websocket_policy_server:TIMING add_buffer_ms=38.0 frames=16 exec_start_idx=0
MV_INFER cond=normal split=test task=ButtonUnmask ep=7 ep_seq=2 infer_seq=51 t=800 es=0 k=0 motion_frames=- motion_emb_sha= motion_pos_sha= motion_mask= mem_order_sha= motion_cols_sha= donor=None cover=exact:0,fallback:0,cycle:0,cross_seg:0 gate=none num_steps=10 act_sha=3812d3649f555ff1 infer_ms=68.2
INFO:mme_vla_suite.serving.websocket_policy_server:TIMING infer_ms=68.2
INFO:mme_vla_suite.serving.websocket_policy_server:TIMING add_buffer_ms=39.6 frames=16 exec_start_idx=0
MV_INFER cond=normal split=test task=ButtonUnmask ep=7 ep_seq=2 infer_seq=52 t=816 es=0 k=0 motion_frames=- motion_emb_sha= motion_pos_sha= motion_mask= mem_order_sha= motion_cols_sha= donor=None cover=exact:0,fallback:0,cycle:0,cross_seg:0 gate=none num_steps=10 act_sha=7d28951ff325f117 infer_ms=67.8
INFO:mme_vla_suite.serving.websocket_policy_server:TIMING infer_ms=67.8
INFO:mme_vla_suite.serving.websocket_policy_server:TIMING add_buffer_ms=38.2 frames=16 exec_start_idx=0
MV_INFER cond=normal split=test task=ButtonUnmask ep=7 ep_seq=2 infer_seq=53 t=832 es=0 k=0 motion_frames=- motion_emb_sha= motion_pos_sha= motion_mask= mem_order_sha= motion_cols_sha= donor=None cover=exact:0,fallback:0,cycle:0,cross_seg:0 gate=none num_steps=10 act_sha=9b8cfe8881d5a935 infer_ms=67.3
INFO:mme_vla_suite.serving.websocket_policy_server:TIMING infer_ms=67.3
INFO:mme_vla_suite.serving.websocket_policy_server:TIMING add_buffer_ms=40.3 frames=16 exec_start_idx=0
MV_INFER cond=normal split=test task=ButtonUnmask ep=7 ep_seq=2 infer_seq=54 t=848 es=0 k=0 motion_frames=- motion_emb_sha= motion_pos_sha= motion_mask= mem_order_sha= motion_cols_sha= donor=None cover=exact:0,fallback:0,cycle:0,cross_seg:0 gate=none num_steps=10 act_sha=b502e93cb2854532 infer_ms=67.3
INFO:mme_vla_suite.serving.websocket_policy_server:TIMING infer_ms=67.3
INFO:mme_vla_suite.serving.websocket_policy_server:TIMING add_buffer_ms=37.5 frames=16 exec_start_idx=0
MV_INFER cond=normal split=test task=ButtonUnmask ep=7 ep_seq=2 infer_seq=55 t=864 es=0 k=0 motion_frames=- motion_emb_sha= motion_pos_sha= motion_mask= mem_order_sha= motion_cols_sha= donor=None cover=exact:0,fallback:0,cycle:0,cross_seg:0 gate=none num_steps=10 act_sha=33f3bafe9b29a883 infer_ms=67.3
INFO:mme_vla_suite.serving.websocket_policy_server:TIMING infer_ms=67.3
INFO:mme_vla_suite.serving.websocket_policy_server:TIMING add_buffer_ms=39.2 frames=16 exec_start_idx=0
MV_INFER cond=normal split=test task=ButtonUnmask ep=7 ep_seq=2 infer_seq=56 t=880 es=0 k=0 motion_frames=- motion_emb_sha= motion_pos_sha= motion_mask= mem_order_sha= motion_cols_sha= donor=None cover=exact:0,fallback:0,cycle:0,cross_seg:0 gate=none num_steps=10 act_sha=3c1ee3d65db0b2a5 infer_ms=67.5
INFO:mme_vla_suite.serving.websocket_policy_server:TIMING infer_ms=67.5
INFO:mme_vla_suite.serving.websocket_policy_server:TIMING add_buffer_ms=39.5 frames=16 exec_start_idx=0
MV_INFER cond=normal split=test task=ButtonUnmask ep=7 ep_seq=2 infer_seq=57 t=896 es=0 k=0 motion_frames=- motion_emb_sha= motion_pos_sha= motion_mask= mem_order_sha= motion_cols_sha= donor=None cover=exact:0,fallback:0,cycle:0,cross_seg:0 gate=none num_steps=10 act_sha=3b43e810a2b287ce infer_ms=67.5
INFO:mme_vla_suite.serving.websocket_policy_server:TIMING infer_ms=67.5
INFO:mme_vla_suite.serving.websocket_policy_server:TIMING add_buffer_ms=36.6 frames=16 exec_start_idx=0
MV_INFER cond=normal split=test task=ButtonUnmask ep=7 ep_seq=2 infer_seq=58 t=912 es=0 k=0 motion_frames=- motion_emb_sha= motion_pos_sha= motion_mask= mem_order_sha= motion_cols_sha= donor=None cover=exact:0,fallback:0,cycle:0,cross_seg:0 gate=none num_steps=10 act_sha=b1c04678ddfe9aec infer_ms=67.3
INFO:mme_vla_suite.serving.websocket_policy_server:TIMING infer_ms=67.3
INFO:mme_vla_suite.serving.websocket_policy_server:TIMING add_buffer_ms=40.4 frames=16 exec_start_idx=0
MV_INFER cond=normal split=test task=ButtonUnmask ep=7 ep_seq=2 infer_seq=59 t=928 es=0 k=0 motion_frames=- motion_emb_sha= motion_pos_sha= motion_mask= mem_order_sha= motion_cols_sha= donor=None cover=exact:0,fallback:0,cycle:0,cross_seg:0 gate=none num_steps=10 act_sha=40a7475f74896412 infer_ms=67.5
INFO:mme_vla_suite.serving.websocket_policy_server:TIMING infer_ms=67.5
INFO:mme_vla_suite.serving.websocket_policy_server:TIMING add_buffer_ms=37.5 frames=16 exec_start_idx=0
MV_INFER cond=normal split=test task=ButtonUnmask ep=7 ep_seq=2 infer_seq=60 t=944 es=0 k=0 motion_frames=- motion_emb_sha= motion_pos_sha= motion_mask= mem_order_sha= motion_cols_sha= donor=None cover=exact:0,fallback:0,cycle:0,cross_seg:0 gate=none num_steps=10 act_sha=80ad050818704614 infer_ms=67.4
INFO:mme_vla_suite.serving.websocket_policy_server:TIMING infer_ms=67.4
INFO:mme_vla_suite.serving.websocket_policy_server:TIMING add_buffer_ms=40.8 frames=16 exec_start_idx=0
MV_INFER cond=normal split=test task=ButtonUnmask ep=7 ep_seq=2 infer_seq=61 t=960 es=0 k=0 motion_frames=- motion_emb_sha= motion_pos_sha= motion_mask= mem_order_sha= motion_cols_sha= donor=None cover=exact:0,fallback:0,cycle:0,cross_seg:0 gate=none num_steps=10 act_sha=3aaec6b545bffabd infer_ms=67.2
INFO:mme_vla_suite.serving.websocket_policy_server:TIMING infer_ms=67.2
INFO:mme_vla_suite.serving.websocket_policy_server:TIMING add_buffer_ms=39.8 frames=16 exec_start_idx=0
MV_INFER cond=normal split=test task=ButtonUnmask ep=7 ep_seq=2 infer_seq=62 t=976 es=0 k=0 motion_frames=- motion_emb_sha= motion_pos_sha= motion_mask= mem_order_sha= motion_cols_sha= donor=None cover=exact:0,fallback:0,cycle:0,cross_seg:0 gate=none num_steps=10 act_sha=7ace75a699e833d4 infer_ms=67.6
INFO:mme_vla_suite.serving.websocket_policy_server:TIMING infer_ms=67.6
INFO:mme_vla_suite.serving.websocket_policy_server:TIMING add_buffer_ms=39.8 frames=16 exec_start_idx=0
MV_INFER cond=normal split=test task=ButtonUnmask ep=7 ep_seq=2 infer_seq=63 t=992 es=0 k=0 motion_frames=- motion_emb_sha= motion_pos_sha= motion_mask= mem_order_sha= motion_cols_sha= donor=None cover=exact:0,fallback:0,cycle:0,cross_seg:0 gate=none num_steps=10 act_sha=cc973d35cdc55d5b infer_ms=67.5
INFO:mme_vla_suite.serving.websocket_policy_server:TIMING infer_ms=67.5
INFO:mme_vla_suite.serving.websocket_policy_server:TIMING add_buffer_ms=38.4 frames=16 exec_start_idx=0
MV_INFER cond=normal split=test task=ButtonUnmask ep=7 ep_seq=2 infer_seq=64 t=1008 es=0 k=0 motion_frames=- motion_emb_sha= motion_pos_sha= motion_mask= mem_order_sha= motion_cols_sha= donor=None cover=exact:0,fallback:0,cycle:0,cross_seg:0 gate=none num_steps=10 act_sha=1542f59df0cd5cc3 infer_ms=67.6
INFO:mme_vla_suite.serving.websocket_policy_server:TIMING infer_ms=67.6
INFO:mme_vla_suite.serving.websocket_policy_server:TIMING add_buffer_ms=39.3 frames=16 exec_start_idx=0
MV_INFER cond=normal split=test task=ButtonUnmask ep=7 ep_seq=2 infer_seq=65 t=1024 es=0 k=0 motion_frames=- motion_emb_sha= motion_pos_sha= motion_mask= mem_order_sha= motion_cols_sha= donor=None cover=exact:0,fallback:0,cycle:0,cross_seg:0 gate=none num_steps=10 act_sha=992060d48ea9342a infer_ms=68.3
INFO:mme_vla_suite.serving.websocket_policy_server:TIMING infer_ms=68.3
INFO:mme_vla_suite.serving.websocket_policy_server:TIMING add_buffer_ms=37.5 frames=16 exec_start_idx=0
MV_INFER cond=normal split=test task=ButtonUnmask ep=7 ep_seq=2 infer_seq=66 t=1040 es=0 k=0 motion_frames=- motion_emb_sha= motion_pos_sha= motion_mask= mem_order_sha= motion_cols_sha= donor=None cover=exact:0,fallback:0,cycle:0,cross_seg:0 gate=none num_steps=10 act_sha=34928c0956d708fa infer_ms=67.3
INFO:mme_vla_suite.serving.websocket_policy_server:TIMING infer_ms=67.3
INFO:mme_vla_suite.serving.websocket_policy_server:TIMING add_buffer_ms=36.9 frames=16 exec_start_idx=0
MV_INFER cond=normal split=test task=ButtonUnmask ep=7 ep_seq=2 infer_seq=67 t=1056 es=0 k=0 motion_frames=- motion_emb_sha= motion_pos_sha= motion_mask= mem_order_sha= motion_cols_sha= donor=None cover=exact:0,fallback:0,cycle:0,cross_seg:0 gate=none num_steps=10 act_sha=ce22a98157665c58 infer_ms=67.3
INFO:mme_vla_suite.serving.websocket_policy_server:TIMING infer_ms=67.3
INFO:mme_vla_suite.serving.websocket_policy_server:TIMING add_buffer_ms=39.4 frames=16 exec_start_idx=0
MV_INFER cond=normal split=test task=ButtonUnmask ep=7 ep_seq=2 infer_seq=68 t=1072 es=0 k=0 motion_frames=- motion_emb_sha= motion_pos_sha= motion_mask= mem_order_sha= motion_cols_sha= donor=None cover=exact:0,fallback:0,cycle:0,cross_seg:0 gate=none num_steps=10 act_sha=81ebac2f882bb72b infer_ms=67.4
INFO:mme_vla_suite.serving.websocket_policy_server:TIMING infer_ms=67.4
INFO:mme_vla_suite.serving.websocket_policy_server:TIMING add_buffer_ms=38.0 frames=16 exec_start_idx=0
MV_INFER cond=normal split=test task=ButtonUnmask ep=7 ep_seq=2 infer_seq=69 t=1088 es=0 k=0 motion_frames=- motion_emb_sha= motion_pos_sha= motion_mask= mem_order_sha= motion_cols_sha= donor=None cover=exact:0,fallback:0,cycle:0,cross_seg:0 gate=none num_steps=10 act_sha=6e079c3a32e635db infer_ms=67.7
INFO:mme_vla_suite.serving.websocket_policy_server:TIMING infer_ms=67.7
INFO:mme_vla_suite.serving.websocket_policy_server:TIMING add_buffer_ms=37.9 frames=16 exec_start_idx=0
MV_INFER cond=normal split=test task=ButtonUnmask ep=7 ep_seq=2 infer_seq=70 t=1104 es=0 k=0 motion_frames=- motion_emb_sha= motion_pos_sha= motion_mask= mem_order_sha= motion_cols_sha= donor=None cover=exact:0,fallback:0,cycle:0,cross_seg:0 gate=none num_steps=10 act_sha=2d1fece35745f2d5 infer_ms=67.6
INFO:mme_vla_suite.serving.websocket_policy_server:TIMING infer_ms=67.6
INFO:mme_vla_suite.serving.websocket_policy_server:TIMING add_buffer_ms=37.5 frames=16 exec_start_idx=0
MV_INFER cond=normal split=test task=ButtonUnmask ep=7 ep_seq=2 infer_seq=71 t=1120 es=0 k=0 motion_frames=- motion_emb_sha= motion_pos_sha= motion_mask= mem_order_sha= motion_cols_sha= donor=None cover=exact:0,fallback:0,cycle:0,cross_seg:0 gate=none num_steps=10 act_sha=174d337060596854 infer_ms=67.6
INFO:mme_vla_suite.serving.websocket_policy_server:TIMING infer_ms=67.6
INFO:mme_vla_suite.serving.websocket_policy_server:TIMING add_buffer_ms=37.0 frames=16 exec_start_idx=0
MV_INFER cond=normal split=test task=ButtonUnmask ep=7 ep_seq=2 infer_seq=72 t=1136 es=0 k=0 motion_frames=- motion_emb_sha= motion_pos_sha= motion_mask= mem_order_sha= motion_cols_sha= donor=None cover=exact:0,fallback:0,cycle:0,cross_seg:0 gate=none num_steps=10 act_sha=cd60b350473635db infer_ms=67.4
INFO:mme_vla_suite.serving.websocket_policy_server:TIMING infer_ms=67.4
INFO:mme_vla_suite.serving.websocket_policy_server:TIMING add_buffer_ms=37.2 frames=16 exec_start_idx=0
MV_INFER cond=normal split=test task=ButtonUnmask ep=7 ep_seq=2 infer_seq=73 t=1152 es=0 k=0 motion_frames=- motion_emb_sha= motion_pos_sha= motion_mask= mem_order_sha= motion_cols_sha= donor=None cover=exact:0,fallback:0,cycle:0,cross_seg:0 gate=none num_steps=10 act_sha=692b2691c13efe0c infer_ms=67.3
INFO:mme_vla_suite.serving.websocket_policy_server:TIMING infer_ms=67.3
INFO:mme_vla_suite.serving.websocket_policy_server:TIMING add_buffer_ms=37.5 frames=16 exec_start_idx=0
MV_INFER cond=normal split=test task=ButtonUnmask ep=7 ep_seq=2 infer_seq=74 t=1168 es=0 k=0 motion_frames=- motion_emb_sha= motion_pos_sha= motion_mask= mem_order_sha= motion_cols_sha= donor=None cover=exact:0,fallback:0,cycle:0,cross_seg:0 gate=none num_steps=10 act_sha=308a2c70004d0808 infer_ms=67.9
INFO:mme_vla_suite.serving.websocket_policy_server:TIMING infer_ms=67.9
INFO:mme_vla_suite.serving.websocket_policy_server:TIMING add_buffer_ms=39.8 frames=16 exec_start_idx=0
MV_INFER cond=normal split=test task=ButtonUnmask ep=7 ep_seq=2 infer_seq=75 t=1184 es=0 k=0 motion_frames=- motion_emb_sha= motion_pos_sha= motion_mask= mem_order_sha= motion_cols_sha= donor=None cover=exact:0,fallback:0,cycle:0,cross_seg:0 gate=none num_steps=10 act_sha=70fa8ec5fcd12e08 infer_ms=68.0
INFO:mme_vla_suite.serving.websocket_policy_server:TIMING infer_ms=68.0
INFO:mme_vla_suite.serving.websocket_policy_server:TIMING add_buffer_ms=39.1 frames=16 exec_start_idx=0
MV_INFER cond=normal split=test task=ButtonUnmask ep=7 ep_seq=2 infer_seq=76 t=1200 es=0 k=0 motion_frames=- motion_emb_sha= motion_pos_sha= motion_mask= mem_order_sha= motion_cols_sha= donor=None cover=exact:0,fallback:0,cycle:0,cross_seg:0 gate=none num_steps=10 act_sha=605f8ed8fb325fbd infer_ms=68.0
INFO:mme_vla_suite.serving.websocket_policy_server:TIMING infer_ms=68.0
INFO:mme_vla_suite.serving.websocket_policy_server:TIMING add_buffer_ms=39.4 frames=16 exec_start_idx=0
MV_INFER cond=normal split=test task=ButtonUnmask ep=7 ep_seq=2 infer_seq=77 t=1216 es=0 k=0 motion_frames=- motion_emb_sha= motion_pos_sha= motion_mask= mem_order_sha= motion_cols_sha= donor=None cover=exact:0,fallback:0,cycle:0,cross_seg:0 gate=none num_steps=10 act_sha=f8a04fdb0d0359be infer_ms=67.3
INFO:mme_vla_suite.serving.websocket_policy_server:TIMING infer_ms=67.3
INFO:mme_vla_suite.serving.websocket_policy_server:TIMING add_buffer_ms=44.6 frames=16 exec_start_idx=0
MV_INFER cond=normal split=test task=ButtonUnmask ep=7 ep_seq=2 infer_seq=78 t=1232 es=0 k=0 motion_frames=- motion_emb_sha= motion_pos_sha= motion_mask= mem_order_sha= motion_cols_sha= donor=None cover=exact:0,fallback:0,cycle:0,cross_seg:0 gate=none num_steps=10 act_sha=ed5edff845d901c1 infer_ms=68.0
INFO:mme_vla_suite.serving.websocket_policy_server:TIMING infer_ms=68.0
INFO:mme_vla_suite.serving.websocket_policy_server:TIMING add_buffer_ms=38.1 frames=16 exec_start_idx=0
MV_INFER cond=normal split=test task=ButtonUnmask ep=7 ep_seq=2 infer_seq=79 t=1248 es=0 k=0 motion_frames=- motion_emb_sha= motion_pos_sha= motion_mask= mem_order_sha= motion_cols_sha= donor=None cover=exact:0,fallback:0,cycle:0,cross_seg:0 gate=none num_steps=10 act_sha=77769afb0e5f0690 infer_ms=67.6
INFO:mme_vla_suite.serving.websocket_policy_server:TIMING infer_ms=67.6
INFO:mme_vla_suite.serving.websocket_policy_server:TIMING add_buffer_ms=38.4 frames=16 exec_start_idx=0
MV_INFER cond=normal split=test task=ButtonUnmask ep=7 ep_seq=2 infer_seq=80 t=1264 es=0 k=0 motion_frames=- motion_emb_sha= motion_pos_sha= motion_mask= mem_order_sha= motion_cols_sha= donor=None cover=exact:0,fallback:0,cycle:0,cross_seg:0 gate=none num_steps=10 act_sha=a6c5bbd4f931bfbf infer_ms=67.7
INFO:mme_vla_suite.serving.websocket_policy_server:TIMING infer_ms=67.7
INFO:mme_vla_suite.serving.websocket_policy_server:TIMING add_buffer_ms=38.1 frames=16 exec_start_idx=0
MV_INFER cond=normal split=test task=ButtonUnmask ep=7 ep_seq=2 infer_seq=81 t=1280 es=0 k=0 motion_frames=- motion_emb_sha= motion_pos_sha= motion_mask= mem_order_sha= motion_cols_sha= donor=None cover=exact:0,fallback:0,cycle:0,cross_seg:0 gate=none num_steps=10 act_sha=9661fcdaa8b1dadb infer_ms=67.7
INFO:mme_vla_suite.serving.websocket_policy_server:TIMING infer_ms=67.7
INFO:mme_vla_suite.serving.websocket_policy_server:TIMING add_buffer_ms=37.7 frames=16 exec_start_idx=0
MV_INFER cond=normal split=test task=ButtonUnmask ep=7 ep_seq=2 infer_seq=82 t=1296 es=0 k=0 motion_frames=- motion_emb_sha= motion_pos_sha= motion_mask= mem_order_sha= motion_cols_sha= donor=None cover=exact:0,fallback:0,cycle:0,cross_seg:0 gate=none num_steps=10 act_sha=c09b26a55b5060e4 infer_ms=67.5
INFO:mme_vla_suite.serving.websocket_policy_server:TIMING infer_ms=67.5
INFO:websockets.server:connection open
INFO:mme_vla_suite.serving.websocket_policy_server:Connection from ('127.0.0.1', 44680) opened
MV_EPISODE_END ep_seq=2 infers=82 windows=0 wall_s=33.6
MV_EPISODE_BEGIN cond=normal split=test seed=42 ep_seq=3 expect=ButtonUnmask:11
INFO:mme_vla_suite.serving.websocket_policy_server:TIMING add_buffer_ms=8.0 frames=1 exec_start_idx=0
MV_INFER cond=normal split=test task=ButtonUnmask ep=11 ep_seq=3 infer_seq=1 t=0 es=0 k=0 motion_frames=- motion_emb_sha= motion_pos_sha= motion_mask= mem_order_sha= motion_cols_sha= donor=None cover=exact:0,fallback:0,cycle:0,cross_seg:0 gate=none num_steps=10 act_sha=2226f22c1460541c infer_ms=68.0
INFO:mme_vla_suite.serving.websocket_policy_server:TIMING infer_ms=68.0
INFO:mme_vla_suite.serving.websocket_policy_server:TIMING add_buffer_ms=37.6 frames=16 exec_start_idx=0
MV_INFER cond=normal split=test task=ButtonUnmask ep=11 ep_seq=3 infer_seq=2 t=16 es=0 k=0 motion_frames=- motion_emb_sha= motion_pos_sha= motion_mask= mem_order_sha= motion_cols_sha= donor=None cover=exact:0,fallback:0,cycle:0,cross_seg:0 gate=none num_steps=10 act_sha=1e42f3d2ef4e8abb infer_ms=67.4
INFO:mme_vla_suite.serving.websocket_policy_server:TIMING infer_ms=67.4
INFO:mme_vla_suite.serving.websocket_policy_server:TIMING add_buffer_ms=36.4 frames=16 exec_start_idx=0
MV_INFER cond=normal split=test task=ButtonUnmask ep=11 ep_seq=3 infer_seq=3 t=32 es=0 k=0 motion_frames=- motion_emb_sha= motion_pos_sha= motion_mask= mem_order_sha= motion_cols_sha= donor=None cover=exact:0,fallback:0,cycle:0,cross_seg:0 gate=none num_steps=10 act_sha=ed580476fbd10190 infer_ms=67.2
INFO:mme_vla_suite.serving.websocket_policy_server:TIMING infer_ms=67.2
INFO:mme_vla_suite.serving.websocket_policy_server:TIMING add_buffer_ms=39.2 frames=16 exec_start_idx=0
MV_INFER cond=normal split=test task=ButtonUnmask ep=11 ep_seq=3 infer_seq=4 t=48 es=0 k=0 motion_frames=- motion_emb_sha= motion_pos_sha= motion_mask= mem_order_sha= motion_cols_sha= donor=None cover=exact:0,fallback:0,cycle:0,cross_seg:0 gate=none num_steps=10 act_sha=68e43657bc33b4bb infer_ms=67.3
INFO:mme_vla_suite.serving.websocket_policy_server:TIMING infer_ms=67.3
INFO:mme_vla_suite.serving.websocket_policy_server:TIMING add_buffer_ms=39.6 frames=16 exec_start_idx=0
MV_INFER cond=normal split=test task=ButtonUnmask ep=11 ep_seq=3 infer_seq=5 t=64 es=0 k=0 motion_frames=- motion_emb_sha= motion_pos_sha= motion_mask= mem_order_sha= motion_cols_sha= donor=None cover=exact:0,fallback:0,cycle:0,cross_seg:0 gate=none num_steps=10 act_sha=bbbb74bc61368bcb infer_ms=67.2
INFO:mme_vla_suite.serving.websocket_policy_server:TIMING infer_ms=67.2
INFO:mme_vla_suite.serving.websocket_policy_server:TIMING add_buffer_ms=37.4 frames=16 exec_start_idx=0
MV_INFER cond=normal split=test task=ButtonUnmask ep=11 ep_seq=3 infer_seq=6 t=80 es=0 k=0 motion_frames=- motion_emb_sha= motion_pos_sha= motion_mask= mem_order_sha= motion_cols_sha= donor=None cover=exact:0,fallback:0,cycle:0,cross_seg:0 gate=none num_steps=10 act_sha=ee7cfb5b8caee541 infer_ms=67.2
INFO:mme_vla_suite.serving.websocket_policy_server:TIMING infer_ms=67.2
INFO:mme_vla_suite.serving.websocket_policy_server:TIMING add_buffer_ms=37.4 frames=16 exec_start_idx=0
MV_INFER cond=normal split=test task=ButtonUnmask ep=11 ep_seq=3 infer_seq=7 t=96 es=0 k=0 motion_frames=- motion_emb_sha= motion_pos_sha= motion_mask= mem_order_sha= motion_cols_sha= donor=None cover=exact:0,fallback:0,cycle:0,cross_seg:0 gate=none num_steps=10 act_sha=c0f62fc64ceb4ea6 infer_ms=67.2
INFO:mme_vla_suite.serving.websocket_policy_server:TIMING infer_ms=67.2
INFO:mme_vla_suite.serving.websocket_policy_server:TIMING add_buffer_ms=38.0 frames=16 exec_start_idx=0
MV_INFER cond=normal split=test task=ButtonUnmask ep=11 ep_seq=3 infer_seq=8 t=112 es=0 k=0 motion_frames=- motion_emb_sha= motion_pos_sha= motion_mask= mem_order_sha= motion_cols_sha= donor=None cover=exact:0,fallback:0,cycle:0,cross_seg:0 gate=none num_steps=10 act_sha=16dd9739177d1128 infer_ms=67.2
INFO:mme_vla_suite.serving.websocket_policy_server:TIMING infer_ms=67.2
INFO:mme_vla_suite.serving.websocket_policy_server:TIMING add_buffer_ms=37.0 frames=16 exec_start_idx=0
MV_INFER cond=normal split=test task=ButtonUnmask ep=11 ep_seq=3 infer_seq=9 t=128 es=0 k=0 motion_frames=- motion_emb_sha= motion_pos_sha= motion_mask= mem_order_sha= motion_cols_sha= donor=None cover=exact:0,fallback:0,cycle:0,cross_seg:0 gate=none num_steps=10 act_sha=f6a5ebdd7be19ed5 infer_ms=67.4
INFO:mme_vla_suite.serving.websocket_policy_server:TIMING infer_ms=67.4
INFO:mme_vla_suite.serving.websocket_policy_server:TIMING add_buffer_ms=37.3 frames=16 exec_start_idx=0
MV_INFER cond=normal split=test task=ButtonUnmask ep=11 ep_seq=3 infer_seq=10 t=144 es=0 k=0 motion_frames=- motion_emb_sha= motion_pos_sha= motion_mask= mem_order_sha= motion_cols_sha= donor=None cover=exact:0,fallback:0,cycle:0,cross_seg:0 gate=none num_steps=10 act_sha=943b685a11cc28fb infer_ms=67.2
INFO:mme_vla_suite.serving.websocket_policy_server:TIMING infer_ms=67.2
INFO:mme_vla_suite.serving.websocket_policy_server:TIMING add_buffer_ms=36.8 frames=16 exec_start_idx=0
MV_INFER cond=normal split=test task=ButtonUnmask ep=11 ep_seq=3 infer_seq=11 t=160 es=0 k=0 motion_frames=- motion_emb_sha= motion_pos_sha= motion_mask= mem_order_sha= motion_cols_sha= donor=None cover=exact:0,fallback:0,cycle:0,cross_seg:0 gate=none num_steps=10 act_sha=f63a39776372a1a3 infer_ms=67.4
INFO:mme_vla_suite.serving.websocket_policy_server:TIMING infer_ms=67.4
INFO:mme_vla_suite.serving.websocket_policy_server:TIMING add_buffer_ms=37.0 frames=16 exec_start_idx=0
MV_INFER cond=normal split=test task=ButtonUnmask ep=11 ep_seq=3 infer_seq=12 t=176 es=0 k=0 motion_frames=- motion_emb_sha= motion_pos_sha= motion_mask= mem_order_sha= motion_cols_sha= donor=None cover=exact:0,fallback:0,cycle:0,cross_seg:0 gate=none num_steps=10 act_sha=3371161ba280e6d0 infer_ms=67.2
INFO:mme_vla_suite.serving.websocket_policy_server:TIMING infer_ms=67.2
INFO:mme_vla_suite.serving.websocket_policy_server:TIMING add_buffer_ms=36.6 frames=16 exec_start_idx=0
MV_INFER cond=normal split=test task=ButtonUnmask ep=11 ep_seq=3 infer_seq=13 t=192 es=0 k=0 motion_frames=- motion_emb_sha= motion_pos_sha= motion_mask= mem_order_sha= motion_cols_sha= donor=None cover=exact:0,fallback:0,cycle:0,cross_seg:0 gate=none num_steps=10 act_sha=00ee94cd242d2ec2 infer_ms=67.3
INFO:mme_vla_suite.serving.websocket_policy_server:TIMING infer_ms=67.3
INFO:mme_vla_suite.serving.websocket_policy_server:TIMING add_buffer_ms=39.2 frames=16 exec_start_idx=0
MV_INFER cond=normal split=test task=ButtonUnmask ep=11 ep_seq=3 infer_seq=14 t=208 es=0 k=0 motion_frames=- motion_emb_sha= motion_pos_sha= motion_mask= mem_order_sha= motion_cols_sha= donor=None cover=exact:0,fallback:0,cycle:0,cross_seg:0 gate=none num_steps=10 act_sha=8eda4918c58c09c6 infer_ms=67.5
INFO:mme_vla_suite.serving.websocket_policy_server:TIMING infer_ms=67.5
INFO:mme_vla_suite.serving.websocket_policy_server:TIMING add_buffer_ms=37.1 frames=16 exec_start_idx=0
MV_INFER cond=normal split=test task=ButtonUnmask ep=11 ep_seq=3 infer_seq=15 t=224 es=0 k=0 motion_frames=- motion_emb_sha= motion_pos_sha= motion_mask= mem_order_sha= motion_cols_sha= donor=None cover=exact:0,fallback:0,cycle:0,cross_seg:0 gate=none num_steps=10 act_sha=913f8c42027cfaa0 infer_ms=67.2
INFO:mme_vla_suite.serving.websocket_policy_server:TIMING infer_ms=67.2
INFO:mme_vla_suite.serving.websocket_policy_server:TIMING add_buffer_ms=39.0 frames=16 exec_start_idx=0
MV_INFER cond=normal split=test task=ButtonUnmask ep=11 ep_seq=3 infer_seq=16 t=240 es=0 k=0 motion_frames=- motion_emb_sha= motion_pos_sha= motion_mask= mem_order_sha= motion_cols_sha= donor=None cover=exact:0,fallback:0,cycle:0,cross_seg:0 gate=none num_steps=10 act_sha=c0168bb31f9f029c infer_ms=67.4
INFO:mme_vla_suite.serving.websocket_policy_server:TIMING infer_ms=67.4
INFO:mme_vla_suite.serving.websocket_policy_server:TIMING add_buffer_ms=37.0 frames=16 exec_start_idx=0
MV_INFER cond=normal split=test task=ButtonUnmask ep=11 ep_seq=3 infer_seq=17 t=256 es=0 k=0 motion_frames=- motion_emb_sha= motion_pos_sha= motion_mask= mem_order_sha= motion_cols_sha= donor=None cover=exact:0,fallback:0,cycle:0,cross_seg:0 gate=none num_steps=10 act_sha=4593b4ed4a81f92f infer_ms=67.4
INFO:mme_vla_suite.serving.websocket_policy_server:TIMING infer_ms=67.4
INFO:mme_vla_suite.serving.websocket_policy_server:TIMING add_buffer_ms=39.1 frames=16 exec_start_idx=0
MV_INFER cond=normal split=test task=ButtonUnmask ep=11 ep_seq=3 infer_seq=18 t=272 es=0 k=0 motion_frames=- motion_emb_sha= motion_pos_sha= motion_mask= mem_order_sha= motion_cols_sha= donor=None cover=exact:0,fallback:0,cycle:0,cross_seg:0 gate=none num_steps=10 act_sha=d702a657c1c52c6b infer_ms=67.5
INFO:mme_vla_suite.serving.websocket_policy_server:TIMING infer_ms=67.5
INFO:mme_vla_suite.serving.websocket_policy_server:TIMING add_buffer_ms=37.3 frames=16 exec_start_idx=0
MV_INFER cond=normal split=test task=ButtonUnmask ep=11 ep_seq=3 infer_seq=19 t=288 es=0 k=0 motion_frames=- motion_emb_sha= motion_pos_sha= motion_mask= mem_order_sha= motion_cols_sha= donor=None cover=exact:0,fallback:0,cycle:0,cross_seg:0 gate=none num_steps=10 act_sha=fb3edee0c1ddae33 infer_ms=67.3
INFO:mme_vla_suite.serving.websocket_policy_server:TIMING infer_ms=67.3
INFO:mme_vla_suite.serving.websocket_policy_server:TIMING add_buffer_ms=37.3 frames=16 exec_start_idx=0
MV_INFER cond=normal split=test task=ButtonUnmask ep=11 ep_seq=3 infer_seq=20 t=304 es=0 k=0 motion_frames=- motion_emb_sha= motion_pos_sha= motion_mask= mem_order_sha= motion_cols_sha= donor=None cover=exact:0,fallback:0,cycle:0,cross_seg:0 gate=none num_steps=10 act_sha=03aed51d8f72c50b infer_ms=67.2
INFO:mme_vla_suite.serving.websocket_policy_server:TIMING infer_ms=67.2
INFO:mme_vla_suite.serving.websocket_policy_server:TIMING add_buffer_ms=36.5 frames=16 exec_start_idx=0
MV_INFER cond=normal split=test task=ButtonUnmask ep=11 ep_seq=3 infer_seq=21 t=320 es=0 k=0 motion_frames=- motion_emb_sha= motion_pos_sha= motion_mask= mem_order_sha= motion_cols_sha= donor=None cover=exact:0,fallback:0,cycle:0,cross_seg:0 gate=none num_steps=10 act_sha=253567b8ad349c9d infer_ms=67.2
INFO:mme_vla_suite.serving.websocket_policy_server:TIMING infer_ms=67.2
INFO:mme_vla_suite.serving.websocket_policy_server:TIMING add_buffer_ms=36.7 frames=16 exec_start_idx=0
MV_INFER cond=normal split=test task=ButtonUnmask ep=11 ep_seq=3 infer_seq=22 t=336 es=0 k=0 motion_frames=- motion_emb_sha= motion_pos_sha= motion_mask= mem_order_sha= motion_cols_sha= donor=None cover=exact:0,fallback:0,cycle:0,cross_seg:0 gate=none num_steps=10 act_sha=aec4647c1bd6f456 infer_ms=67.2
INFO:mme_vla_suite.serving.websocket_policy_server:TIMING infer_ms=67.2
INFO:mme_vla_suite.serving.websocket_policy_server:TIMING add_buffer_ms=39.4 frames=16 exec_start_idx=0
MV_INFER cond=normal split=test task=ButtonUnmask ep=11 ep_seq=3 infer_seq=23 t=352 es=0 k=0 motion_frames=- motion_emb_sha= motion_pos_sha= motion_mask= mem_order_sha= motion_cols_sha= donor=None cover=exact:0,fallback:0,cycle:0,cross_seg:0 gate=none num_steps=10 act_sha=e7bf214e8aecbf50 infer_ms=67.3
INFO:mme_vla_suite.serving.websocket_policy_server:TIMING infer_ms=67.3
INFO:mme_vla_suite.serving.websocket_policy_server:TIMING add_buffer_ms=37.2 frames=16 exec_start_idx=0
MV_INFER cond=normal split=test task=ButtonUnmask ep=11 ep_seq=3 infer_seq=24 t=368 es=0 k=0 motion_frames=- motion_emb_sha= motion_pos_sha= motion_mask= mem_order_sha= motion_cols_sha= donor=None cover=exact:0,fallback:0,cycle:0,cross_seg:0 gate=none num_steps=10 act_sha=73dcb12ba27395b4 infer_ms=67.2
INFO:mme_vla_suite.serving.websocket_policy_server:TIMING infer_ms=67.2
INFO:mme_vla_suite.serving.websocket_policy_server:TIMING add_buffer_ms=37.0 frames=16 exec_start_idx=0
MV_INFER cond=normal split=test task=ButtonUnmask ep=11 ep_seq=3 infer_seq=25 t=384 es=0 k=0 motion_frames=- motion_emb_sha= motion_pos_sha= motion_mask= mem_order_sha= motion_cols_sha= donor=None cover=exact:0,fallback:0,cycle:0,cross_seg:0 gate=none num_steps=10 act_sha=9769c1ece354fbd3 infer_ms=67.3
INFO:mme_vla_suite.serving.websocket_policy_server:TIMING infer_ms=67.3
INFO:mme_vla_suite.serving.websocket_policy_server:TIMING add_buffer_ms=36.6 frames=16 exec_start_idx=0
MV_INFER cond=normal split=test task=ButtonUnmask ep=11 ep_seq=3 infer_seq=26 t=400 es=0 k=0 motion_frames=- motion_emb_sha= motion_pos_sha= motion_mask= mem_order_sha= motion_cols_sha= donor=None cover=exact:0,fallback:0,cycle:0,cross_seg:0 gate=none num_steps=10 act_sha=9ba04beb732a37f0 infer_ms=67.4
INFO:mme_vla_suite.serving.websocket_policy_server:TIMING infer_ms=67.4
INFO:mme_vla_suite.serving.websocket_policy_server:TIMING add_buffer_ms=37.2 frames=16 exec_start_idx=0
MV_INFER cond=normal split=test task=ButtonUnmask ep=11 ep_seq=3 infer_seq=27 t=416 es=0 k=0 motion_frames=- motion_emb_sha= motion_pos_sha= motion_mask= mem_order_sha= motion_cols_sha= donor=None cover=exact:0,fallback:0,cycle:0,cross_seg:0 gate=none num_steps=10 act_sha=7501d6f900648bb2 infer_ms=67.5
INFO:mme_vla_suite.serving.websocket_policy_server:TIMING infer_ms=67.5
INFO:mme_vla_suite.serving.websocket_policy_server:TIMING add_buffer_ms=37.6 frames=16 exec_start_idx=0
MV_INFER cond=normal split=test task=ButtonUnmask ep=11 ep_seq=3 infer_seq=28 t=432 es=0 k=0 motion_frames=- motion_emb_sha= motion_pos_sha= motion_mask= mem_order_sha= motion_cols_sha= donor=None cover=exact:0,fallback:0,cycle:0,cross_seg:0 gate=none num_steps=10 act_sha=21a40e227ae62b7c infer_ms=67.3
INFO:mme_vla_suite.serving.websocket_policy_server:TIMING infer_ms=67.3
INFO:mme_vla_suite.serving.websocket_policy_server:TIMING add_buffer_ms=37.9 frames=16 exec_start_idx=0
MV_INFER cond=normal split=test task=ButtonUnmask ep=11 ep_seq=3 infer_seq=29 t=448 es=0 k=0 motion_frames=- motion_emb_sha= motion_pos_sha= motion_mask= mem_order_sha= motion_cols_sha= donor=None cover=exact:0,fallback:0,cycle:0,cross_seg:0 gate=none num_steps=10 act_sha=a14b623c5875a8be infer_ms=67.7
INFO:mme_vla_suite.serving.websocket_policy_server:TIMING infer_ms=67.7
INFO:mme_vla_suite.serving.websocket_policy_server:TIMING add_buffer_ms=39.5 frames=16 exec_start_idx=0
MV_INFER cond=normal split=test task=ButtonUnmask ep=11 ep_seq=3 infer_seq=30 t=464 es=0 k=0 motion_frames=- motion_emb_sha= motion_pos_sha= motion_mask= mem_order_sha= motion_cols_sha= donor=None cover=exact:0,fallback:0,cycle:0,cross_seg:0 gate=none num_steps=10 act_sha=43224e70470746bf infer_ms=67.3
INFO:mme_vla_suite.serving.websocket_policy_server:TIMING infer_ms=67.3
INFO:mme_vla_suite.serving.websocket_policy_server:TIMING add_buffer_ms=36.7 frames=16 exec_start_idx=0
MV_INFER cond=normal split=test task=ButtonUnmask ep=11 ep_seq=3 infer_seq=31 t=480 es=0 k=0 motion_frames=- motion_emb_sha= motion_pos_sha= motion_mask= mem_order_sha= motion_cols_sha= donor=None cover=exact:0,fallback:0,cycle:0,cross_seg:0 gate=none num_steps=10 act_sha=0eeb766f5e7f70d4 infer_ms=67.4
INFO:mme_vla_suite.serving.websocket_policy_server:TIMING infer_ms=67.4
INFO:mme_vla_suite.serving.websocket_policy_server:TIMING add_buffer_ms=39.0 frames=16 exec_start_idx=0
MV_INFER cond=normal split=test task=ButtonUnmask ep=11 ep_seq=3 infer_seq=32 t=496 es=0 k=0 motion_frames=- motion_emb_sha= motion_pos_sha= motion_mask= mem_order_sha= motion_cols_sha= donor=None cover=exact:0,fallback:0,cycle:0,cross_seg:0 gate=none num_steps=10 act_sha=cdfa3301b9010e18 infer_ms=67.3
INFO:mme_vla_suite.serving.websocket_policy_server:TIMING infer_ms=67.3
INFO:mme_vla_suite.serving.websocket_policy_server:TIMING add_buffer_ms=37.3 frames=16 exec_start_idx=0
MV_INFER cond=normal split=test task=ButtonUnmask ep=11 ep_seq=3 infer_seq=33 t=512 es=0 k=0 motion_frames=- motion_emb_sha= motion_pos_sha= motion_mask= mem_order_sha= motion_cols_sha= donor=None cover=exact:0,fallback:0,cycle:0,cross_seg:0 gate=none num_steps=10 act_sha=a34dd2a0a8bf788a infer_ms=67.3
INFO:mme_vla_suite.serving.websocket_policy_server:TIMING infer_ms=67.3
INFO:mme_vla_suite.serving.websocket_policy_server:TIMING add_buffer_ms=37.3 frames=16 exec_start_idx=0
MV_INFER cond=normal split=test task=ButtonUnmask ep=11 ep_seq=3 infer_seq=34 t=528 es=0 k=0 motion_frames=- motion_emb_sha= motion_pos_sha= motion_mask= mem_order_sha= motion_cols_sha= donor=None cover=exact:0,fallback:0,cycle:0,cross_seg:0 gate=none num_steps=10 act_sha=3d5904ad1e6f2ca2 infer_ms=67.3
INFO:mme_vla_suite.serving.websocket_policy_server:TIMING infer_ms=67.3
INFO:mme_vla_suite.serving.websocket_policy_server:TIMING add_buffer_ms=39.1 frames=16 exec_start_idx=0
MV_INFER cond=normal split=test task=ButtonUnmask ep=11 ep_seq=3 infer_seq=35 t=544 es=0 k=0 motion_frames=- motion_emb_sha= motion_pos_sha= motion_mask= mem_order_sha= motion_cols_sha= donor=None cover=exact:0,fallback:0,cycle:0,cross_seg:0 gate=none num_steps=10 act_sha=06c392473b3dc3bc infer_ms=67.5
INFO:mme_vla_suite.serving.websocket_policy_server:TIMING infer_ms=67.5
INFO:mme_vla_suite.serving.websocket_policy_server:TIMING add_buffer_ms=36.8 frames=16 exec_start_idx=0
MV_INFER cond=normal split=test task=ButtonUnmask ep=11 ep_seq=3 infer_seq=36 t=560 es=0 k=0 motion_frames=- motion_emb_sha= motion_pos_sha= motion_mask= mem_order_sha= motion_cols_sha= donor=None cover=exact:0,fallback:0,cycle:0,cross_seg:0 gate=none num_steps=10 act_sha=7c598232805dab3e infer_ms=67.5
INFO:mme_vla_suite.serving.websocket_policy_server:TIMING infer_ms=67.5
INFO:mme_vla_suite.serving.websocket_policy_server:TIMING add_buffer_ms=36.7 frames=16 exec_start_idx=0
MV_INFER cond=normal split=test task=ButtonUnmask ep=11 ep_seq=3 infer_seq=37 t=576 es=0 k=0 motion_frames=- motion_emb_sha= motion_pos_sha= motion_mask= mem_order_sha= motion_cols_sha= donor=None cover=exact:0,fallback:0,cycle:0,cross_seg:0 gate=none num_steps=10 act_sha=cb19185d91c84e7c infer_ms=67.4
INFO:mme_vla_suite.serving.websocket_policy_server:TIMING infer_ms=67.4
INFO:mme_vla_suite.serving.websocket_policy_server:TIMING add_buffer_ms=36.5 frames=16 exec_start_idx=0
MV_INFER cond=normal split=test task=ButtonUnmask ep=11 ep_seq=3 infer_seq=38 t=592 es=0 k=0 motion_frames=- motion_emb_sha= motion_pos_sha= motion_mask= mem_order_sha= motion_cols_sha= donor=None cover=exact:0,fallback:0,cycle:0,cross_seg:0 gate=none num_steps=10 act_sha=67de36822eede35f infer_ms=67.3
INFO:mme_vla_suite.serving.websocket_policy_server:TIMING infer_ms=67.3
INFO:mme_vla_suite.serving.websocket_policy_server:TIMING add_buffer_ms=38.9 frames=16 exec_start_idx=0
MV_INFER cond=normal split=test task=ButtonUnmask ep=11 ep_seq=3 infer_seq=39 t=608 es=0 k=0 motion_frames=- motion_emb_sha= motion_pos_sha= motion_mask= mem_order_sha= motion_cols_sha= donor=None cover=exact:0,fallback:0,cycle:0,cross_seg:0 gate=none num_steps=10 act_sha=efa21d2414a7c28b infer_ms=67.8
INFO:mme_vla_suite.serving.websocket_policy_server:TIMING infer_ms=67.8
INFO:mme_vla_suite.serving.websocket_policy_server:TIMING add_buffer_ms=36.6 frames=16 exec_start_idx=0
MV_INFER cond=normal split=test task=ButtonUnmask ep=11 ep_seq=3 infer_seq=40 t=624 es=0 k=0 motion_frames=- motion_emb_sha= motion_pos_sha= motion_mask= mem_order_sha= motion_cols_sha= donor=None cover=exact:0,fallback:0,cycle:0,cross_seg:0 gate=none num_steps=10 act_sha=a58b069a17cf716c infer_ms=67.3
INFO:mme_vla_suite.serving.websocket_policy_server:TIMING infer_ms=67.3
INFO:mme_vla_suite.serving.websocket_policy_server:TIMING add_buffer_ms=36.9 frames=16 exec_start_idx=0
MV_INFER cond=normal split=test task=ButtonUnmask ep=11 ep_seq=3 infer_seq=41 t=640 es=0 k=0 motion_frames=- motion_emb_sha= motion_pos_sha= motion_mask= mem_order_sha= motion_cols_sha= donor=None cover=exact:0,fallback:0,cycle:0,cross_seg:0 gate=none num_steps=10 act_sha=486892e3158e13b1 infer_ms=67.5
INFO:mme_vla_suite.serving.websocket_policy_server:TIMING infer_ms=67.5
INFO:mme_vla_suite.serving.websocket_policy_server:TIMING add_buffer_ms=36.9 frames=16 exec_start_idx=0
MV_INFER cond=normal split=test task=ButtonUnmask ep=11 ep_seq=3 infer_seq=42 t=656 es=0 k=0 motion_frames=- motion_emb_sha= motion_pos_sha= motion_mask= mem_order_sha= motion_cols_sha= donor=None cover=exact:0,fallback:0,cycle:0,cross_seg:0 gate=none num_steps=10 act_sha=e46544a8849b4aba infer_ms=67.2
INFO:mme_vla_suite.serving.websocket_policy_server:TIMING infer_ms=67.2
INFO:mme_vla_suite.serving.websocket_policy_server:TIMING add_buffer_ms=36.8 frames=16 exec_start_idx=0
MV_INFER cond=normal split=test task=ButtonUnmask ep=11 ep_seq=3 infer_seq=43 t=672 es=0 k=0 motion_frames=- motion_emb_sha= motion_pos_sha= motion_mask= mem_order_sha= motion_cols_sha= donor=None cover=exact:0,fallback:0,cycle:0,cross_seg:0 gate=none num_steps=10 act_sha=ff70e10affd1d9ff infer_ms=67.2
INFO:mme_vla_suite.serving.websocket_policy_server:TIMING infer_ms=67.2
INFO:mme_vla_suite.serving.websocket_policy_server:TIMING add_buffer_ms=36.8 frames=16 exec_start_idx=0
MV_INFER cond=normal split=test task=ButtonUnmask ep=11 ep_seq=3 infer_seq=44 t=688 es=0 k=0 motion_frames=- motion_emb_sha= motion_pos_sha= motion_mask= mem_order_sha= motion_cols_sha= donor=None cover=exact:0,fallback:0,cycle:0,cross_seg:0 gate=none num_steps=10 act_sha=0ed7709126d53906 infer_ms=67.4
INFO:mme_vla_suite.serving.websocket_policy_server:TIMING infer_ms=67.4
INFO:mme_vla_suite.serving.websocket_policy_server:TIMING add_buffer_ms=36.6 frames=16 exec_start_idx=0
MV_INFER cond=normal split=test task=ButtonUnmask ep=11 ep_seq=3 infer_seq=45 t=704 es=0 k=0 motion_frames=- motion_emb_sha= motion_pos_sha= motion_mask= mem_order_sha= motion_cols_sha= donor=None cover=exact:0,fallback:0,cycle:0,cross_seg:0 gate=none num_steps=10 act_sha=110780de25f34739 infer_ms=67.3
INFO:mme_vla_suite.serving.websocket_policy_server:TIMING infer_ms=67.3
INFO:mme_vla_suite.serving.websocket_policy_server:TIMING add_buffer_ms=37.1 frames=16 exec_start_idx=0
MV_INFER cond=normal split=test task=ButtonUnmask ep=11 ep_seq=3 infer_seq=46 t=720 es=0 k=0 motion_frames=- motion_emb_sha= motion_pos_sha= motion_mask= mem_order_sha= motion_cols_sha= donor=None cover=exact:0,fallback:0,cycle:0,cross_seg:0 gate=none num_steps=10 act_sha=cf1f2e3f375d2f73 infer_ms=67.5
INFO:mme_vla_suite.serving.websocket_policy_server:TIMING infer_ms=67.5
INFO:mme_vla_suite.serving.websocket_policy_server:TIMING add_buffer_ms=37.2 frames=16 exec_start_idx=0
MV_INFER cond=normal split=test task=ButtonUnmask ep=11 ep_seq=3 infer_seq=47 t=736 es=0 k=0 motion_frames=- motion_emb_sha= motion_pos_sha= motion_mask= mem_order_sha= motion_cols_sha= donor=None cover=exact:0,fallback:0,cycle:0,cross_seg:0 gate=none num_steps=10 act_sha=65bc7bb3c82cacef infer_ms=67.4
INFO:mme_vla_suite.serving.websocket_policy_server:TIMING infer_ms=67.4
INFO:mme_vla_suite.serving.websocket_policy_server:TIMING add_buffer_ms=36.6 frames=16 exec_start_idx=0
MV_INFER cond=normal split=test task=ButtonUnmask ep=11 ep_seq=3 infer_seq=48 t=752 es=0 k=0 motion_frames=- motion_emb_sha= motion_pos_sha= motion_mask= mem_order_sha= motion_cols_sha= donor=None cover=exact:0,fallback:0,cycle:0,cross_seg:0 gate=none num_steps=10 act_sha=95a21f3ac1f55ed5 infer_ms=67.4
INFO:mme_vla_suite.serving.websocket_policy_server:TIMING infer_ms=67.4
INFO:mme_vla_suite.serving.websocket_policy_server:TIMING add_buffer_ms=36.9 frames=16 exec_start_idx=0
MV_INFER cond=normal split=test task=ButtonUnmask ep=11 ep_seq=3 infer_seq=49 t=768 es=0 k=0 motion_frames=- motion_emb_sha= motion_pos_sha= motion_mask= mem_order_sha= motion_cols_sha= donor=None cover=exact:0,fallback:0,cycle:0,cross_seg:0 gate=none num_steps=10 act_sha=2c035fb59e20cb8b infer_ms=67.7
INFO:mme_vla_suite.serving.websocket_policy_server:TIMING infer_ms=67.7
INFO:mme_vla_suite.serving.websocket_policy_server:TIMING add_buffer_ms=36.8 frames=16 exec_start_idx=0
MV_INFER cond=normal split=test task=ButtonUnmask ep=11 ep_seq=3 infer_seq=50 t=784 es=0 k=0 motion_frames=- motion_emb_sha= motion_pos_sha= motion_mask= mem_order_sha= motion_cols_sha= donor=None cover=exact:0,fallback:0,cycle:0,cross_seg:0 gate=none num_steps=10 act_sha=25d0cb5dd70acde1 infer_ms=67.9
INFO:mme_vla_suite.serving.websocket_policy_server:TIMING infer_ms=67.9
INFO:mme_vla_suite.serving.websocket_policy_server:TIMING add_buffer_ms=37.1 frames=16 exec_start_idx=0
MV_INFER cond=normal split=test task=ButtonUnmask ep=11 ep_seq=3 infer_seq=51 t=800 es=0 k=0 motion_frames=- motion_emb_sha= motion_pos_sha= motion_mask= mem_order_sha= motion_cols_sha= donor=None cover=exact:0,fallback:0,cycle:0,cross_seg:0 gate=none num_steps=10 act_sha=5e7594a88eb51c2a infer_ms=67.6
INFO:mme_vla_suite.serving.websocket_policy_server:TIMING infer_ms=67.6
INFO:mme_vla_suite.serving.websocket_policy_server:TIMING add_buffer_ms=38.1 frames=16 exec_start_idx=0
MV_INFER cond=normal split=test task=ButtonUnmask ep=11 ep_seq=3 infer_seq=52 t=816 es=0 k=0 motion_frames=- motion_emb_sha= motion_pos_sha= motion_mask= mem_order_sha= motion_cols_sha= donor=None cover=exact:0,fallback:0,cycle:0,cross_seg:0 gate=none num_steps=10 act_sha=266da2f2ef14e4bb infer_ms=67.3
INFO:mme_vla_suite.serving.websocket_policy_server:TIMING infer_ms=67.3
INFO:mme_vla_suite.serving.websocket_policy_server:TIMING add_buffer_ms=37.9 frames=16 exec_start_idx=0
MV_INFER cond=normal split=test task=ButtonUnmask ep=11 ep_seq=3 infer_seq=53 t=832 es=0 k=0 motion_frames=- motion_emb_sha= motion_pos_sha= motion_mask= mem_order_sha= motion_cols_sha= donor=None cover=exact:0,fallback:0,cycle:0,cross_seg:0 gate=none num_steps=10 act_sha=220a90bd89178f66 infer_ms=67.3
INFO:mme_vla_suite.serving.websocket_policy_server:TIMING infer_ms=67.3
INFO:mme_vla_suite.serving.websocket_policy_server:TIMING add_buffer_ms=37.6 frames=16 exec_start_idx=0
MV_INFER cond=normal split=test task=ButtonUnmask ep=11 ep_seq=3 infer_seq=54 t=848 es=0 k=0 motion_frames=- motion_emb_sha= motion_pos_sha= motion_mask= mem_order_sha= motion_cols_sha= donor=None cover=exact:0,fallback:0,cycle:0,cross_seg:0 gate=none num_steps=10 act_sha=a65d57472263063f infer_ms=67.2
INFO:mme_vla_suite.serving.websocket_policy_server:TIMING infer_ms=67.2
INFO:mme_vla_suite.serving.websocket_policy_server:TIMING add_buffer_ms=37.4 frames=16 exec_start_idx=0
MV_INFER cond=normal split=test task=ButtonUnmask ep=11 ep_seq=3 infer_seq=55 t=864 es=0 k=0 motion_frames=- motion_emb_sha= motion_pos_sha= motion_mask= mem_order_sha= motion_cols_sha= donor=None cover=exact:0,fallback:0,cycle:0,cross_seg:0 gate=none num_steps=10 act_sha=9454d73bf0f09f6a infer_ms=67.3
INFO:mme_vla_suite.serving.websocket_policy_server:TIMING infer_ms=67.3
INFO:mme_vla_suite.serving.websocket_policy_server:TIMING add_buffer_ms=37.7 frames=16 exec_start_idx=0
MV_INFER cond=normal split=test task=ButtonUnmask ep=11 ep_seq=3 infer_seq=56 t=880 es=0 k=0 motion_frames=- motion_emb_sha= motion_pos_sha= motion_mask= mem_order_sha= motion_cols_sha= donor=None cover=exact:0,fallback:0,cycle:0,cross_seg:0 gate=none num_steps=10 act_sha=edd99586d3daadab infer_ms=67.6
INFO:mme_vla_suite.serving.websocket_policy_server:TIMING infer_ms=67.6
INFO:mme_vla_suite.serving.websocket_policy_server:TIMING add_buffer_ms=37.1 frames=16 exec_start_idx=0
MV_INFER cond=normal split=test task=ButtonUnmask ep=11 ep_seq=3 infer_seq=57 t=896 es=0 k=0 motion_frames=- motion_emb_sha= motion_pos_sha= motion_mask= mem_order_sha= motion_cols_sha= donor=None cover=exact:0,fallback:0,cycle:0,cross_seg:0 gate=none num_steps=10 act_sha=1ecec6cc3f460828 infer_ms=67.5
INFO:mme_vla_suite.serving.websocket_policy_server:TIMING infer_ms=67.5
INFO:mme_vla_suite.serving.websocket_policy_server:TIMING add_buffer_ms=36.9 frames=16 exec_start_idx=0
MV_INFER cond=normal split=test task=ButtonUnmask ep=11 ep_seq=3 infer_seq=58 t=912 es=0 k=0 motion_frames=- motion_emb_sha= motion_pos_sha= motion_mask= mem_order_sha= motion_cols_sha= donor=None cover=exact:0,fallback:0,cycle:0,cross_seg:0 gate=none num_steps=10 act_sha=803d4549dcfd4181 infer_ms=67.5
INFO:mme_vla_suite.serving.websocket_policy_server:TIMING infer_ms=67.5
INFO:mme_vla_suite.serving.websocket_policy_server:TIMING add_buffer_ms=37.0 frames=16 exec_start_idx=0
MV_INFER cond=normal split=test task=ButtonUnmask ep=11 ep_seq=3 infer_seq=59 t=928 es=0 k=0 motion_frames=- motion_emb_sha= motion_pos_sha= motion_mask= mem_order_sha= motion_cols_sha= donor=None cover=exact:0,fallback:0,cycle:0,cross_seg:0 gate=none num_steps=10 act_sha=09e2057613e3e5ec infer_ms=67.2
INFO:mme_vla_suite.serving.websocket_policy_server:TIMING infer_ms=67.2
INFO:mme_vla_suite.serving.websocket_policy_server:TIMING add_buffer_ms=37.1 frames=16 exec_start_idx=0
MV_INFER cond=normal split=test task=ButtonUnmask ep=11 ep_seq=3 infer_seq=60 t=944 es=0 k=0 motion_frames=- motion_emb_sha= motion_pos_sha= motion_mask= mem_order_sha= motion_cols_sha= donor=None cover=exact:0,fallback:0,cycle:0,cross_seg:0 gate=none num_steps=10 act_sha=2cf859a0c60e3c74 infer_ms=67.3
INFO:mme_vla_suite.serving.websocket_policy_server:TIMING infer_ms=67.3
INFO:mme_vla_suite.serving.websocket_policy_server:TIMING add_buffer_ms=37.4 frames=16 exec_start_idx=0
MV_INFER cond=normal split=test task=ButtonUnmask ep=11 ep_seq=3 infer_seq=61 t=960 es=0 k=0 motion_frames=- motion_emb_sha= motion_pos_sha= motion_mask= mem_order_sha= motion_cols_sha= donor=None cover=exact:0,fallback:0,cycle:0,cross_seg:0 gate=none num_steps=10 act_sha=e4acfe11f6f9e048 infer_ms=67.7
INFO:mme_vla_suite.serving.websocket_policy_server:TIMING infer_ms=67.7
INFO:mme_vla_suite.serving.websocket_policy_server:TIMING add_buffer_ms=37.2 frames=16 exec_start_idx=0
MV_INFER cond=normal split=test task=ButtonUnmask ep=11 ep_seq=3 infer_seq=62 t=976 es=0 k=0 motion_frames=- motion_emb_sha= motion_pos_sha= motion_mask= mem_order_sha= motion_cols_sha= donor=None cover=exact:0,fallback:0,cycle:0,cross_seg:0 gate=none num_steps=10 act_sha=afa66342a2d745b2 infer_ms=67.3
INFO:mme_vla_suite.serving.websocket_policy_server:TIMING infer_ms=67.3
INFO:mme_vla_suite.serving.websocket_policy_server:TIMING add_buffer_ms=37.0 frames=16 exec_start_idx=0
MV_INFER cond=normal split=test task=ButtonUnmask ep=11 ep_seq=3 infer_seq=63 t=992 es=0 k=0 motion_frames=- motion_emb_sha= motion_pos_sha= motion_mask= mem_order_sha= motion_cols_sha= donor=None cover=exact:0,fallback:0,cycle:0,cross_seg:0 gate=none num_steps=10 act_sha=9528a21c76fb805a infer_ms=67.4
INFO:mme_vla_suite.serving.websocket_policy_server:TIMING infer_ms=67.4
INFO:mme_vla_suite.serving.websocket_policy_server:TIMING add_buffer_ms=40.3 frames=16 exec_start_idx=0
MV_INFER cond=normal split=test task=ButtonUnmask ep=11 ep_seq=3 infer_seq=64 t=1008 es=0 k=0 motion_frames=- motion_emb_sha= motion_pos_sha= motion_mask= mem_order_sha= motion_cols_sha= donor=None cover=exact:0,fallback:0,cycle:0,cross_seg:0 gate=none num_steps=10 act_sha=6644632754f53cdb infer_ms=68.5
INFO:mme_vla_suite.serving.websocket_policy_server:TIMING infer_ms=68.5
INFO:mme_vla_suite.serving.websocket_policy_server:TIMING add_buffer_ms=37.0 frames=16 exec_start_idx=0
MV_INFER cond=normal split=test task=ButtonUnmask ep=11 ep_seq=3 infer_seq=65 t=1024 es=0 k=0 motion_frames=- motion_emb_sha= motion_pos_sha= motion_mask= mem_order_sha= motion_cols_sha= donor=None cover=exact:0,fallback:0,cycle:0,cross_seg:0 gate=none num_steps=10 act_sha=ce87338724310005 infer_ms=67.5
INFO:mme_vla_suite.serving.websocket_policy_server:TIMING infer_ms=67.5
INFO:mme_vla_suite.serving.websocket_policy_server:TIMING add_buffer_ms=37.2 frames=16 exec_start_idx=0
MV_INFER cond=normal split=test task=ButtonUnmask ep=11 ep_seq=3 infer_seq=66 t=1040 es=0 k=0 motion_frames=- motion_emb_sha= motion_pos_sha= motion_mask= mem_order_sha= motion_cols_sha= donor=None cover=exact:0,fallback:0,cycle:0,cross_seg:0 gate=none num_steps=10 act_sha=f58e81d776129153 infer_ms=67.5
INFO:mme_vla_suite.serving.websocket_policy_server:TIMING infer_ms=67.5
INFO:mme_vla_suite.serving.websocket_policy_server:TIMING add_buffer_ms=37.3 frames=16 exec_start_idx=0
MV_INFER cond=normal split=test task=ButtonUnmask ep=11 ep_seq=3 infer_seq=67 t=1056 es=0 k=0 motion_frames=- motion_emb_sha= motion_pos_sha= motion_mask= mem_order_sha= motion_cols_sha= donor=None cover=exact:0,fallback:0,cycle:0,cross_seg:0 gate=none num_steps=10 act_sha=be3b6c9325df19f0 infer_ms=67.6
INFO:mme_vla_suite.serving.websocket_policy_server:TIMING infer_ms=67.6
INFO:mme_vla_suite.serving.websocket_policy_server:TIMING add_buffer_ms=38.1 frames=16 exec_start_idx=0
MV_INFER cond=normal split=test task=ButtonUnmask ep=11 ep_seq=3 infer_seq=68 t=1072 es=0 k=0 motion_frames=- motion_emb_sha= motion_pos_sha= motion_mask= mem_order_sha= motion_cols_sha= donor=None cover=exact:0,fallback:0,cycle:0,cross_seg:0 gate=none num_steps=10 act_sha=1c009d04cd4d7504 infer_ms=68.2
INFO:mme_vla_suite.serving.websocket_policy_server:TIMING infer_ms=68.2
INFO:mme_vla_suite.serving.websocket_policy_server:TIMING add_buffer_ms=38.1 frames=16 exec_start_idx=0
MV_INFER cond=normal split=test task=ButtonUnmask ep=11 ep_seq=3 infer_seq=69 t=1088 es=0 k=0 motion_frames=- motion_emb_sha= motion_pos_sha= motion_mask= mem_order_sha= motion_cols_sha= donor=None cover=exact:0,fallback:0,cycle:0,cross_seg:0 gate=none num_steps=10 act_sha=9183240b8a4cc7f3 infer_ms=67.8
INFO:mme_vla_suite.serving.websocket_policy_server:TIMING infer_ms=67.8
INFO:mme_vla_suite.serving.websocket_policy_server:TIMING add_buffer_ms=37.3 frames=16 exec_start_idx=0
MV_INFER cond=normal split=test task=ButtonUnmask ep=11 ep_seq=3 infer_seq=70 t=1104 es=0 k=0 motion_frames=- motion_emb_sha= motion_pos_sha= motion_mask= mem_order_sha= motion_cols_sha= donor=None cover=exact:0,fallback:0,cycle:0,cross_seg:0 gate=none num_steps=10 act_sha=b7ac2ce6244024c9 infer_ms=67.4
INFO:mme_vla_suite.serving.websocket_policy_server:TIMING infer_ms=67.4
INFO:mme_vla_suite.serving.websocket_policy_server:TIMING add_buffer_ms=37.2 frames=16 exec_start_idx=0
MV_INFER cond=normal split=test task=ButtonUnmask ep=11 ep_seq=3 infer_seq=71 t=1120 es=0 k=0 motion_frames=- motion_emb_sha= motion_pos_sha= motion_mask= mem_order_sha= motion_cols_sha= donor=None cover=exact:0,fallback:0,cycle:0,cross_seg:0 gate=none num_steps=10 act_sha=c324c809ebde66fa infer_ms=67.4
INFO:mme_vla_suite.serving.websocket_policy_server:TIMING infer_ms=67.4
INFO:mme_vla_suite.serving.websocket_policy_server:TIMING add_buffer_ms=37.2 frames=16 exec_start_idx=0
MV_INFER cond=normal split=test task=ButtonUnmask ep=11 ep_seq=3 infer_seq=72 t=1136 es=0 k=0 motion_frames=- motion_emb_sha= motion_pos_sha= motion_mask= mem_order_sha= motion_cols_sha= donor=None cover=exact:0,fallback:0,cycle:0,cross_seg:0 gate=none num_steps=10 act_sha=eca7ba0a14cd1bb9 infer_ms=67.3
INFO:mme_vla_suite.serving.websocket_policy_server:TIMING infer_ms=67.3
INFO:mme_vla_suite.serving.websocket_policy_server:TIMING add_buffer_ms=37.2 frames=16 exec_start_idx=0
MV_INFER cond=normal split=test task=ButtonUnmask ep=11 ep_seq=3 infer_seq=73 t=1152 es=0 k=0 motion_frames=- motion_emb_sha= motion_pos_sha= motion_mask= mem_order_sha= motion_cols_sha= donor=None cover=exact:0,fallback:0,cycle:0,cross_seg:0 gate=none num_steps=10 act_sha=3151107770fa38f7 infer_ms=67.3
INFO:mme_vla_suite.serving.websocket_policy_server:TIMING infer_ms=67.3
INFO:mme_vla_suite.serving.websocket_policy_server:TIMING add_buffer_ms=40.7 frames=16 exec_start_idx=0
MV_INFER cond=normal split=test task=ButtonUnmask ep=11 ep_seq=3 infer_seq=74 t=1168 es=0 k=0 motion_frames=- motion_emb_sha= motion_pos_sha= motion_mask= mem_order_sha= motion_cols_sha= donor=None cover=exact:0,fallback:0,cycle:0,cross_seg:0 gate=none num_steps=10 act_sha=09b68a13bd185cc3 infer_ms=67.4
INFO:mme_vla_suite.serving.websocket_policy_server:TIMING infer_ms=67.4
INFO:mme_vla_suite.serving.websocket_policy_server:TIMING add_buffer_ms=37.2 frames=16 exec_start_idx=0
MV_INFER cond=normal split=test task=ButtonUnmask ep=11 ep_seq=3 infer_seq=75 t=1184 es=0 k=0 motion_frames=- motion_emb_sha= motion_pos_sha= motion_mask= mem_order_sha= motion_cols_sha= donor=None cover=exact:0,fallback:0,cycle:0,cross_seg:0 gate=none num_steps=10 act_sha=6d4b29fd0eb3449b infer_ms=67.9
INFO:mme_vla_suite.serving.websocket_policy_server:TIMING infer_ms=67.9
INFO:mme_vla_suite.serving.websocket_policy_server:TIMING add_buffer_ms=37.8 frames=16 exec_start_idx=0
MV_INFER cond=normal split=test task=ButtonUnmask ep=11 ep_seq=3 infer_seq=76 t=1200 es=0 k=0 motion_frames=- motion_emb_sha= motion_pos_sha= motion_mask= mem_order_sha= motion_cols_sha= donor=None cover=exact:0,fallback:0,cycle:0,cross_seg:0 gate=none num_steps=10 act_sha=cbec64a8522cf6d8 infer_ms=67.6
INFO:mme_vla_suite.serving.websocket_policy_server:TIMING infer_ms=67.6
INFO:mme_vla_suite.serving.websocket_policy_server:TIMING add_buffer_ms=38.0 frames=16 exec_start_idx=0
MV_INFER cond=normal split=test task=ButtonUnmask ep=11 ep_seq=3 infer_seq=77 t=1216 es=0 k=0 motion_frames=- motion_emb_sha= motion_pos_sha= motion_mask= mem_order_sha= motion_cols_sha= donor=None cover=exact:0,fallback:0,cycle:0,cross_seg:0 gate=none num_steps=10 act_sha=6d7a42395bc6460e infer_ms=67.7
INFO:mme_vla_suite.serving.websocket_policy_server:TIMING infer_ms=67.7
INFO:mme_vla_suite.serving.websocket_policy_server:TIMING add_buffer_ms=38.0 frames=16 exec_start_idx=0
MV_INFER cond=normal split=test task=ButtonUnmask ep=11 ep_seq=3 infer_seq=78 t=1232 es=0 k=0 motion_frames=- motion_emb_sha= motion_pos_sha= motion_mask= mem_order_sha= motion_cols_sha= donor=None cover=exact:0,fallback:0,cycle:0,cross_seg:0 gate=none num_steps=10 act_sha=f94b1bedd74ef1cc infer_ms=67.9
INFO:mme_vla_suite.serving.websocket_policy_server:TIMING infer_ms=67.9
INFO:mme_vla_suite.serving.websocket_policy_server:TIMING add_buffer_ms=36.7 frames=16 exec_start_idx=0
MV_INFER cond=normal split=test task=ButtonUnmask ep=11 ep_seq=3 infer_seq=79 t=1248 es=0 k=0 motion_frames=- motion_emb_sha= motion_pos_sha= motion_mask= mem_order_sha= motion_cols_sha= donor=None cover=exact:0,fallback:0,cycle:0,cross_seg:0 gate=none num_steps=10 act_sha=9b772527261b9ecf infer_ms=67.6
INFO:mme_vla_suite.serving.websocket_policy_server:TIMING infer_ms=67.6
INFO:mme_vla_suite.serving.websocket_policy_server:TIMING add_buffer_ms=40.3 frames=16 exec_start_idx=0
MV_INFER cond=normal split=test task=ButtonUnmask ep=11 ep_seq=3 infer_seq=80 t=1264 es=0 k=0 motion_frames=- motion_emb_sha= motion_pos_sha= motion_mask= mem_order_sha= motion_cols_sha= donor=None cover=exact:0,fallback:0,cycle:0,cross_seg:0 gate=none num_steps=10 act_sha=710b4e870c0638e7 infer_ms=68.4
INFO:mme_vla_suite.serving.websocket_policy_server:TIMING infer_ms=68.4
INFO:mme_vla_suite.serving.websocket_policy_server:TIMING add_buffer_ms=37.9 frames=16 exec_start_idx=0
MV_INFER cond=normal split=test task=ButtonUnmask ep=11 ep_seq=3 infer_seq=81 t=1280 es=0 k=0 motion_frames=- motion_emb_sha= motion_pos_sha= motion_mask= mem_order_sha= motion_cols_sha= donor=None cover=exact:0,fallback:0,cycle:0,cross_seg:0 gate=none num_steps=10 act_sha=cf4d67010585e31b infer_ms=67.6
INFO:mme_vla_suite.serving.websocket_policy_server:TIMING infer_ms=67.6
INFO:mme_vla_suite.serving.websocket_policy_server:TIMING add_buffer_ms=36.9 frames=16 exec_start_idx=0
MV_INFER cond=normal split=test task=ButtonUnmask ep=11 ep_seq=3 infer_seq=82 t=1296 es=0 k=0 motion_frames=- motion_emb_sha= motion_pos_sha= motion_mask= mem_order_sha= motion_cols_sha= donor=None cover=exact:0,fallback:0,cycle:0,cross_seg:0 gate=none num_steps=10 act_sha=659a88ffba2e634d infer_ms=67.5
INFO:mme_vla_suite.serving.websocket_policy_server:TIMING infer_ms=67.5
INFO:websockets.server:connection open
INFO:mme_vla_suite.serving.websocket_policy_server:Connection from ('127.0.0.1', 42734) opened
MV_EPISODE_END ep_seq=3 infers=82 windows=0 wall_s=33.6
MV_EPISODE_BEGIN cond=normal split=test seed=42 ep_seq=4 expect=VideoUnmask:3
INFO:mme_vla_suite.serving.websocket_policy_server:TIMING add_buffer_ms=1084.2 frames=67 exec_start_idx=66
MV_INFER cond=normal split=test task=VideoUnmask ep=3 ep_seq=4 infer_seq=1 t=66 es=66 k=0 motion_frames=- motion_emb_sha= motion_pos_sha= motion_mask= mem_order_sha= motion_cols_sha= donor=None cover=exact:0,fallback:0,cycle:0,cross_seg:0 gate=none num_steps=10 act_sha=31c6c6c616f7aacb infer_ms=68.2
INFO:mme_vla_suite.serving.websocket_policy_server:TIMING infer_ms=68.2
INFO:mme_vla_suite.serving.websocket_policy_server:TIMING add_buffer_ms=38.8 frames=16 exec_start_idx=0
MV_INFER cond=normal split=test task=VideoUnmask ep=3 ep_seq=4 infer_seq=2 t=82 es=66 k=0 motion_frames=- motion_emb_sha= motion_pos_sha= motion_mask= mem_order_sha= motion_cols_sha= donor=None cover=exact:0,fallback:0,cycle:0,cross_seg:0 gate=none num_steps=10 act_sha=6d92abe3fcaf7d42 infer_ms=67.1
INFO:mme_vla_suite.serving.websocket_policy_server:TIMING infer_ms=67.1
INFO:mme_vla_suite.serving.websocket_policy_server:TIMING add_buffer_ms=36.5 frames=16 exec_start_idx=0
MV_INFER cond=normal split=test task=VideoUnmask ep=3 ep_seq=4 infer_seq=3 t=98 es=66 k=0 motion_frames=- motion_emb_sha= motion_pos_sha= motion_mask= mem_order_sha= motion_cols_sha= donor=None cover=exact:0,fallback:0,cycle:0,cross_seg:0 gate=none num_steps=10 act_sha=b44b7cd31847d249 infer_ms=67.2
INFO:mme_vla_suite.serving.websocket_policy_server:TIMING infer_ms=67.2
INFO:mme_vla_suite.serving.websocket_policy_server:TIMING add_buffer_ms=37.8 frames=16 exec_start_idx=0
MV_INFER cond=normal split=test task=VideoUnmask ep=3 ep_seq=4 infer_seq=4 t=114 es=66 k=0 motion_frames=- motion_emb_sha= motion_pos_sha= motion_mask= mem_order_sha= motion_cols_sha= donor=None cover=exact:0,fallback:0,cycle:0,cross_seg:0 gate=none num_steps=10 act_sha=6c55cfe5138b880e infer_ms=67.3
INFO:mme_vla_suite.serving.websocket_policy_server:TIMING infer_ms=67.3
INFO:mme_vla_suite.serving.websocket_policy_server:TIMING add_buffer_ms=38.4 frames=16 exec_start_idx=0
MV_INFER cond=normal split=test task=VideoUnmask ep=3 ep_seq=4 infer_seq=5 t=130 es=66 k=0 motion_frames=- motion_emb_sha= motion_pos_sha= motion_mask= mem_order_sha= motion_cols_sha= donor=None cover=exact:0,fallback:0,cycle:0,cross_seg:0 gate=none num_steps=10 act_sha=f42d11bc940a3fca infer_ms=67.4
INFO:mme_vla_suite.serving.websocket_policy_server:TIMING infer_ms=67.4
INFO:mme_vla_suite.serving.websocket_policy_server:TIMING add_buffer_ms=38.4 frames=16 exec_start_idx=0
MV_INFER cond=normal split=test task=VideoUnmask ep=3 ep_seq=4 infer_seq=6 t=146 es=66 k=0 motion_frames=- motion_emb_sha= motion_pos_sha= motion_mask= mem_order_sha= motion_cols_sha= donor=None cover=exact:0,fallback:0,cycle:0,cross_seg:0 gate=none num_steps=10 act_sha=b95716ef745e2e64 infer_ms=67.3
INFO:mme_vla_suite.serving.websocket_policy_server:TIMING infer_ms=67.3
INFO:mme_vla_suite.serving.websocket_policy_server:TIMING add_buffer_ms=39.3 frames=16 exec_start_idx=0
MV_INFER cond=normal split=test task=VideoUnmask ep=3 ep_seq=4 infer_seq=7 t=162 es=66 k=0 motion_frames=- motion_emb_sha= motion_pos_sha= motion_mask= mem_order_sha= motion_cols_sha= donor=None cover=exact:0,fallback:0,cycle:0,cross_seg:0 gate=none num_steps=10 act_sha=60efce9973393905 infer_ms=67.7
INFO:mme_vla_suite.serving.websocket_policy_server:TIMING infer_ms=67.7
INFO:mme_vla_suite.serving.websocket_policy_server:TIMING add_buffer_ms=40.0 frames=16 exec_start_idx=0
MV_INFER cond=normal split=test task=VideoUnmask ep=3 ep_seq=4 infer_seq=8 t=178 es=66 k=0 motion_frames=- motion_emb_sha= motion_pos_sha= motion_mask= mem_order_sha= motion_cols_sha= donor=None cover=exact:0,fallback:0,cycle:0,cross_seg:0 gate=none num_steps=10 act_sha=9205b4435ec303f7 infer_ms=67.6
INFO:mme_vla_suite.serving.websocket_policy_server:TIMING infer_ms=67.6
INFO:mme_vla_suite.serving.websocket_policy_server:TIMING add_buffer_ms=40.4 frames=16 exec_start_idx=0
MV_INFER cond=normal split=test task=VideoUnmask ep=3 ep_seq=4 infer_seq=9 t=194 es=66 k=0 motion_frames=- motion_emb_sha= motion_pos_sha= motion_mask= mem_order_sha= motion_cols_sha= donor=None cover=exact:0,fallback:0,cycle:0,cross_seg:0 gate=none num_steps=10 act_sha=7fb5e047dd0598f1 infer_ms=67.4
INFO:mme_vla_suite.serving.websocket_policy_server:TIMING infer_ms=67.4
INFO:mme_vla_suite.serving.websocket_policy_server:TIMING add_buffer_ms=39.4 frames=16 exec_start_idx=0
MV_INFER cond=normal split=test task=VideoUnmask ep=3 ep_seq=4 infer_seq=10 t=210 es=66 k=0 motion_frames=- motion_emb_sha= motion_pos_sha= motion_mask= mem_order_sha= motion_cols_sha= donor=None cover=exact:0,fallback:0,cycle:0,cross_seg:0 gate=none num_steps=10 act_sha=1c8711de9705c78c infer_ms=67.4
INFO:mme_vla_suite.serving.websocket_policy_server:TIMING infer_ms=67.4
INFO:mme_vla_suite.serving.websocket_policy_server:TIMING add_buffer_ms=39.6 frames=16 exec_start_idx=0
MV_INFER cond=normal split=test task=VideoUnmask ep=3 ep_seq=4 infer_seq=11 t=226 es=66 k=0 motion_frames=- motion_emb_sha= motion_pos_sha= motion_mask= mem_order_sha= motion_cols_sha= donor=None cover=exact:0,fallback:0,cycle:0,cross_seg:0 gate=none num_steps=10 act_sha=cd924f6f5f6c767a infer_ms=67.2
INFO:mme_vla_suite.serving.websocket_policy_server:TIMING infer_ms=67.2
INFO:mme_vla_suite.serving.websocket_policy_server:TIMING add_buffer_ms=39.3 frames=16 exec_start_idx=0
MV_INFER cond=normal split=test task=VideoUnmask ep=3 ep_seq=4 infer_seq=12 t=242 es=66 k=0 motion_frames=- motion_emb_sha= motion_pos_sha= motion_mask= mem_order_sha= motion_cols_sha= donor=None cover=exact:0,fallback:0,cycle:0,cross_seg:0 gate=none num_steps=10 act_sha=20682ef766faa17c infer_ms=67.5
INFO:mme_vla_suite.serving.websocket_policy_server:TIMING infer_ms=67.5
INFO:mme_vla_suite.serving.websocket_policy_server:TIMING add_buffer_ms=39.6 frames=16 exec_start_idx=0
MV_INFER cond=normal split=test task=VideoUnmask ep=3 ep_seq=4 infer_seq=13 t=258 es=66 k=0 motion_frames=- motion_emb_sha= motion_pos_sha= motion_mask= mem_order_sha= motion_cols_sha= donor=None cover=exact:0,fallback:0,cycle:0,cross_seg:0 gate=none num_steps=10 act_sha=09cb7018cfe794c7 infer_ms=67.5
INFO:mme_vla_suite.serving.websocket_policy_server:TIMING infer_ms=67.5
INFO:mme_vla_suite.serving.websocket_policy_server:TIMING add_buffer_ms=39.4 frames=16 exec_start_idx=0
MV_INFER cond=normal split=test task=VideoUnmask ep=3 ep_seq=4 infer_seq=14 t=274 es=66 k=0 motion_frames=- motion_emb_sha= motion_pos_sha= motion_mask= mem_order_sha= motion_cols_sha= donor=None cover=exact:0,fallback:0,cycle:0,cross_seg:0 gate=none num_steps=10 act_sha=265fa0811894a015 infer_ms=67.4
INFO:mme_vla_suite.serving.websocket_policy_server:TIMING infer_ms=67.4
INFO:mme_vla_suite.serving.websocket_policy_server:TIMING add_buffer_ms=39.5 frames=16 exec_start_idx=0
MV_INFER cond=normal split=test task=VideoUnmask ep=3 ep_seq=4 infer_seq=15 t=290 es=66 k=0 motion_frames=- motion_emb_sha= motion_pos_sha= motion_mask= mem_order_sha= motion_cols_sha= donor=None cover=exact:0,fallback:0,cycle:0,cross_seg:0 gate=none num_steps=10 act_sha=315465e3b17be327 infer_ms=67.6
INFO:mme_vla_suite.serving.websocket_policy_server:TIMING infer_ms=67.6
INFO:mme_vla_suite.serving.websocket_policy_server:TIMING add_buffer_ms=40.2 frames=16 exec_start_idx=0
MV_INFER cond=normal split=test task=VideoUnmask ep=3 ep_seq=4 infer_seq=16 t=306 es=66 k=0 motion_frames=- motion_emb_sha= motion_pos_sha= motion_mask= mem_order_sha= motion_cols_sha= donor=None cover=exact:0,fallback:0,cycle:0,cross_seg:0 gate=none num_steps=10 act_sha=0d77d1b68aa40a51 infer_ms=67.2
INFO:mme_vla_suite.serving.websocket_policy_server:TIMING infer_ms=67.2
INFO:mme_vla_suite.serving.websocket_policy_server:TIMING add_buffer_ms=37.0 frames=16 exec_start_idx=0
MV_INFER cond=normal split=test task=VideoUnmask ep=3 ep_seq=4 infer_seq=17 t=322 es=66 k=0 motion_frames=- motion_emb_sha= motion_pos_sha= motion_mask= mem_order_sha= motion_cols_sha= donor=None cover=exact:0,fallback:0,cycle:0,cross_seg:0 gate=none num_steps=10 act_sha=b7d31362ea76f809 infer_ms=68.2
INFO:mme_vla_suite.serving.websocket_policy_server:TIMING infer_ms=68.2
INFO:mme_vla_suite.serving.websocket_policy_server:TIMING add_buffer_ms=39.5 frames=16 exec_start_idx=0
MV_INFER cond=normal split=test task=VideoUnmask ep=3 ep_seq=4 infer_seq=18 t=338 es=66 k=0 motion_frames=- motion_emb_sha= motion_pos_sha= motion_mask= mem_order_sha= motion_cols_sha= donor=None cover=exact:0,fallback:0,cycle:0,cross_seg:0 gate=none num_steps=10 act_sha=c946c4bc431f3a0b infer_ms=67.3
INFO:mme_vla_suite.serving.websocket_policy_server:TIMING infer_ms=67.3
INFO:mme_vla_suite.serving.websocket_policy_server:TIMING add_buffer_ms=39.4 frames=16 exec_start_idx=0
MV_INFER cond=normal split=test task=VideoUnmask ep=3 ep_seq=4 infer_seq=19 t=354 es=66 k=0 motion_frames=- motion_emb_sha= motion_pos_sha= motion_mask= mem_order_sha= motion_cols_sha= donor=None cover=exact:0,fallback:0,cycle:0,cross_seg:0 gate=none num_steps=10 act_sha=76c50be9726f2d7b infer_ms=67.6
INFO:mme_vla_suite.serving.websocket_policy_server:TIMING infer_ms=67.6
INFO:mme_vla_suite.serving.websocket_policy_server:TIMING add_buffer_ms=37.5 frames=16 exec_start_idx=0
MV_INFER cond=normal split=test task=VideoUnmask ep=3 ep_seq=4 infer_seq=20 t=370 es=66 k=0 motion_frames=- motion_emb_sha= motion_pos_sha= motion_mask= mem_order_sha= motion_cols_sha= donor=None cover=exact:0,fallback:0,cycle:0,cross_seg:0 gate=none num_steps=10 act_sha=fd37a786dccf9322 infer_ms=67.3
INFO:mme_vla_suite.serving.websocket_policy_server:TIMING infer_ms=67.3
INFO:mme_vla_suite.serving.websocket_policy_server:TIMING add_buffer_ms=39.0 frames=16 exec_start_idx=0
MV_INFER cond=normal split=test task=VideoUnmask ep=3 ep_seq=4 infer_seq=21 t=386 es=66 k=0 motion_frames=- motion_emb_sha= motion_pos_sha= motion_mask= mem_order_sha= motion_cols_sha= donor=None cover=exact:0,fallback:0,cycle:0,cross_seg:0 gate=none num_steps=10 act_sha=4153c5fe49af8d64 infer_ms=67.2
INFO:mme_vla_suite.serving.websocket_policy_server:TIMING infer_ms=67.2
INFO:mme_vla_suite.serving.websocket_policy_server:TIMING add_buffer_ms=39.5 frames=16 exec_start_idx=0
MV_INFER cond=normal split=test task=VideoUnmask ep=3 ep_seq=4 infer_seq=22 t=402 es=66 k=0 motion_frames=- motion_emb_sha= motion_pos_sha= motion_mask= mem_order_sha= motion_cols_sha= donor=None cover=exact:0,fallback:0,cycle:0,cross_seg:0 gate=none num_steps=10 act_sha=f28b197d0fb51f23 infer_ms=67.8
INFO:mme_vla_suite.serving.websocket_policy_server:TIMING infer_ms=67.8
INFO:mme_vla_suite.serving.websocket_policy_server:TIMING add_buffer_ms=39.8 frames=16 exec_start_idx=0
MV_INFER cond=normal split=test task=VideoUnmask ep=3 ep_seq=4 infer_seq=23 t=418 es=66 k=0 motion_frames=- motion_emb_sha= motion_pos_sha= motion_mask= mem_order_sha= motion_cols_sha= donor=None cover=exact:0,fallback:0,cycle:0,cross_seg:0 gate=none num_steps=10 act_sha=5b95f521f8efd553 infer_ms=67.3
INFO:mme_vla_suite.serving.websocket_policy_server:TIMING infer_ms=67.3
INFO:mme_vla_suite.serving.websocket_policy_server:TIMING add_buffer_ms=39.5 frames=16 exec_start_idx=0
MV_INFER cond=normal split=test task=VideoUnmask ep=3 ep_seq=4 infer_seq=24 t=434 es=66 k=0 motion_frames=- motion_emb_sha= motion_pos_sha= motion_mask= mem_order_sha= motion_cols_sha= donor=None cover=exact:0,fallback:0,cycle:0,cross_seg:0 gate=none num_steps=10 act_sha=2810203cff96cfd9 infer_ms=67.3
INFO:mme_vla_suite.serving.websocket_policy_server:TIMING infer_ms=67.3
INFO:mme_vla_suite.serving.websocket_policy_server:TIMING add_buffer_ms=39.6 frames=16 exec_start_idx=0
MV_INFER cond=normal split=test task=VideoUnmask ep=3 ep_seq=4 infer_seq=25 t=450 es=66 k=0 motion_frames=- motion_emb_sha= motion_pos_sha= motion_mask= mem_order_sha= motion_cols_sha= donor=None cover=exact:0,fallback:0,cycle:0,cross_seg:0 gate=none num_steps=10 act_sha=d340f5298021c7ca infer_ms=67.3
INFO:mme_vla_suite.serving.websocket_policy_server:TIMING infer_ms=67.3
INFO:mme_vla_suite.serving.websocket_policy_server:TIMING add_buffer_ms=39.3 frames=16 exec_start_idx=0
MV_INFER cond=normal split=test task=VideoUnmask ep=3 ep_seq=4 infer_seq=26 t=466 es=66 k=0 motion_frames=- motion_emb_sha= motion_pos_sha= motion_mask= mem_order_sha= motion_cols_sha= donor=None cover=exact:0,fallback:0,cycle:0,cross_seg:0 gate=none num_steps=10 act_sha=1e6ae15c711eb801 infer_ms=67.5
INFO:mme_vla_suite.serving.websocket_policy_server:TIMING infer_ms=67.5
INFO:mme_vla_suite.serving.websocket_policy_server:TIMING add_buffer_ms=39.5 frames=16 exec_start_idx=0
MV_INFER cond=normal split=test task=VideoUnmask ep=3 ep_seq=4 infer_seq=27 t=482 es=66 k=0 motion_frames=- motion_emb_sha= motion_pos_sha= motion_mask= mem_order_sha= motion_cols_sha= donor=None cover=exact:0,fallback:0,cycle:0,cross_seg:0 gate=none num_steps=10 act_sha=9ceb99ed4eadfe87 infer_ms=67.3
INFO:mme_vla_suite.serving.websocket_policy_server:TIMING infer_ms=67.3
INFO:mme_vla_suite.serving.websocket_policy_server:TIMING add_buffer_ms=37.2 frames=16 exec_start_idx=0
MV_INFER cond=normal split=test task=VideoUnmask ep=3 ep_seq=4 infer_seq=28 t=498 es=66 k=0 motion_frames=- motion_emb_sha= motion_pos_sha= motion_mask= mem_order_sha= motion_cols_sha= donor=None cover=exact:0,fallback:0,cycle:0,cross_seg:0 gate=none num_steps=10 act_sha=8ea73f4df34bf6d4 infer_ms=67.2
INFO:mme_vla_suite.serving.websocket_policy_server:TIMING infer_ms=67.2
INFO:mme_vla_suite.serving.websocket_policy_server:TIMING add_buffer_ms=39.3 frames=16 exec_start_idx=0
MV_INFER cond=normal split=test task=VideoUnmask ep=3 ep_seq=4 infer_seq=29 t=514 es=66 k=0 motion_frames=- motion_emb_sha= motion_pos_sha= motion_mask= mem_order_sha= motion_cols_sha= donor=None cover=exact:0,fallback:0,cycle:0,cross_seg:0 gate=none num_steps=10 act_sha=10a3b1652a3604e4 infer_ms=67.8
INFO:mme_vla_suite.serving.websocket_policy_server:TIMING infer_ms=67.8
INFO:mme_vla_suite.serving.websocket_policy_server:TIMING add_buffer_ms=40.1 frames=16 exec_start_idx=0
MV_INFER cond=normal split=test task=VideoUnmask ep=3 ep_seq=4 infer_seq=30 t=530 es=66 k=0 motion_frames=- motion_emb_sha= motion_pos_sha= motion_mask= mem_order_sha= motion_cols_sha= donor=None cover=exact:0,fallback:0,cycle:0,cross_seg:0 gate=none num_steps=10 act_sha=7fce76db28bb0785 infer_ms=67.8
INFO:mme_vla_suite.serving.websocket_policy_server:TIMING infer_ms=67.8
INFO:mme_vla_suite.serving.websocket_policy_server:TIMING add_buffer_ms=36.8 frames=16 exec_start_idx=0
MV_INFER cond=normal split=test task=VideoUnmask ep=3 ep_seq=4 infer_seq=31 t=546 es=66 k=0 motion_frames=- motion_emb_sha= motion_pos_sha= motion_mask= mem_order_sha= motion_cols_sha= donor=None cover=exact:0,fallback:0,cycle:0,cross_seg:0 gate=none num_steps=10 act_sha=3d9493415a85dcfd infer_ms=67.2
INFO:mme_vla_suite.serving.websocket_policy_server:TIMING infer_ms=67.2
INFO:mme_vla_suite.serving.websocket_policy_server:TIMING add_buffer_ms=36.6 frames=16 exec_start_idx=0
MV_INFER cond=normal split=test task=VideoUnmask ep=3 ep_seq=4 infer_seq=32 t=562 es=66 k=0 motion_frames=- motion_emb_sha= motion_pos_sha= motion_mask= mem_order_sha= motion_cols_sha= donor=None cover=exact:0,fallback:0,cycle:0,cross_seg:0 gate=none num_steps=10 act_sha=8ab9d8c0edb74fe2 infer_ms=67.4
INFO:mme_vla_suite.serving.websocket_policy_server:TIMING infer_ms=67.4
INFO:mme_vla_suite.serving.websocket_policy_server:TIMING add_buffer_ms=36.9 frames=16 exec_start_idx=0
MV_INFER cond=normal split=test task=VideoUnmask ep=3 ep_seq=4 infer_seq=33 t=578 es=66 k=0 motion_frames=- motion_emb_sha= motion_pos_sha= motion_mask= mem_order_sha= motion_cols_sha= donor=None cover=exact:0,fallback:0,cycle:0,cross_seg:0 gate=none num_steps=10 act_sha=2e339ab16510681e infer_ms=67.3
INFO:mme_vla_suite.serving.websocket_policy_server:TIMING infer_ms=67.3
INFO:mme_vla_suite.serving.websocket_policy_server:TIMING add_buffer_ms=39.0 frames=16 exec_start_idx=0
MV_INFER cond=normal split=test task=VideoUnmask ep=3 ep_seq=4 infer_seq=34 t=594 es=66 k=0 motion_frames=- motion_emb_sha= motion_pos_sha= motion_mask= mem_order_sha= motion_cols_sha= donor=None cover=exact:0,fallback:0,cycle:0,cross_seg:0 gate=none num_steps=10 act_sha=899bee4f13e30d7a infer_ms=67.3
INFO:mme_vla_suite.serving.websocket_policy_server:TIMING infer_ms=67.3
INFO:mme_vla_suite.serving.websocket_policy_server:TIMING add_buffer_ms=40.3 frames=16 exec_start_idx=0
MV_INFER cond=normal split=test task=VideoUnmask ep=3 ep_seq=4 infer_seq=35 t=610 es=66 k=0 motion_frames=- motion_emb_sha= motion_pos_sha= motion_mask= mem_order_sha= motion_cols_sha= donor=None cover=exact:0,fallback:0,cycle:0,cross_seg:0 gate=none num_steps=10 act_sha=0de565a0d04bb4ac infer_ms=67.5
INFO:mme_vla_suite.serving.websocket_policy_server:TIMING infer_ms=67.5
INFO:mme_vla_suite.serving.websocket_policy_server:TIMING add_buffer_ms=39.3 frames=16 exec_start_idx=0
MV_INFER cond=normal split=test task=VideoUnmask ep=3 ep_seq=4 infer_seq=36 t=626 es=66 k=0 motion_frames=- motion_emb_sha= motion_pos_sha= motion_mask= mem_order_sha= motion_cols_sha= donor=None cover=exact:0,fallback:0,cycle:0,cross_seg:0 gate=none num_steps=10 act_sha=ed88b114bcd79c00 infer_ms=67.4
INFO:mme_vla_suite.serving.websocket_policy_server:TIMING infer_ms=67.4
INFO:mme_vla_suite.serving.websocket_policy_server:TIMING add_buffer_ms=39.7 frames=16 exec_start_idx=0
MV_INFER cond=normal split=test task=VideoUnmask ep=3 ep_seq=4 infer_seq=37 t=642 es=66 k=0 motion_frames=- motion_emb_sha= motion_pos_sha= motion_mask= mem_order_sha= motion_cols_sha= donor=None cover=exact:0,fallback:0,cycle:0,cross_seg:0 gate=none num_steps=10 act_sha=384478f366cb0c8d infer_ms=67.4
INFO:mme_vla_suite.serving.websocket_policy_server:TIMING infer_ms=67.4
INFO:mme_vla_suite.serving.websocket_policy_server:TIMING add_buffer_ms=39.9 frames=16 exec_start_idx=0
MV_INFER cond=normal split=test task=VideoUnmask ep=3 ep_seq=4 infer_seq=38 t=658 es=66 k=0 motion_frames=- motion_emb_sha= motion_pos_sha= motion_mask= mem_order_sha= motion_cols_sha= donor=None cover=exact:0,fallback:0,cycle:0,cross_seg:0 gate=none num_steps=10 act_sha=236e385408b991f6 infer_ms=68.6
INFO:mme_vla_suite.serving.websocket_policy_server:TIMING infer_ms=68.6
INFO:mme_vla_suite.serving.websocket_policy_server:TIMING add_buffer_ms=37.4 frames=16 exec_start_idx=0
MV_INFER cond=normal split=test task=VideoUnmask ep=3 ep_seq=4 infer_seq=39 t=674 es=66 k=0 motion_frames=- motion_emb_sha= motion_pos_sha= motion_mask= mem_order_sha= motion_cols_sha= donor=None cover=exact:0,fallback:0,cycle:0,cross_seg:0 gate=none num_steps=10 act_sha=2ea8fae42f3901fe infer_ms=67.4
INFO:mme_vla_suite.serving.websocket_policy_server:TIMING infer_ms=67.4
INFO:mme_vla_suite.serving.websocket_policy_server:TIMING add_buffer_ms=39.4 frames=16 exec_start_idx=0
MV_INFER cond=normal split=test task=VideoUnmask ep=3 ep_seq=4 infer_seq=40 t=690 es=66 k=0 motion_frames=- motion_emb_sha= motion_pos_sha= motion_mask= mem_order_sha= motion_cols_sha= donor=None cover=exact:0,fallback:0,cycle:0,cross_seg:0 gate=none num_steps=10 act_sha=192fd3fd33839458 infer_ms=68.5
INFO:mme_vla_suite.serving.websocket_policy_server:TIMING infer_ms=68.5
INFO:mme_vla_suite.serving.websocket_policy_server:TIMING add_buffer_ms=40.7 frames=16 exec_start_idx=0
MV_INFER cond=normal split=test task=VideoUnmask ep=3 ep_seq=4 infer_seq=41 t=706 es=66 k=0 motion_frames=- motion_emb_sha= motion_pos_sha= motion_mask= mem_order_sha= motion_cols_sha= donor=None cover=exact:0,fallback:0,cycle:0,cross_seg:0 gate=none num_steps=10 act_sha=29ea4bbcfd3f7f8d infer_ms=67.3
INFO:mme_vla_suite.serving.websocket_policy_server:TIMING infer_ms=67.3
INFO:mme_vla_suite.serving.websocket_policy_server:TIMING add_buffer_ms=37.9 frames=16 exec_start_idx=0
MV_INFER cond=normal split=test task=VideoUnmask ep=3 ep_seq=4 infer_seq=42 t=722 es=66 k=0 motion_frames=- motion_emb_sha= motion_pos_sha= motion_mask= mem_order_sha= motion_cols_sha= donor=None cover=exact:0,fallback:0,cycle:0,cross_seg:0 gate=none num_steps=10 act_sha=161033f8d9672291 infer_ms=67.3
INFO:mme_vla_suite.serving.websocket_policy_server:TIMING infer_ms=67.3
INFO:mme_vla_suite.serving.websocket_policy_server:TIMING add_buffer_ms=37.8 frames=16 exec_start_idx=0
MV_INFER cond=normal split=test task=VideoUnmask ep=3 ep_seq=4 infer_seq=43 t=738 es=66 k=0 motion_frames=- motion_emb_sha= motion_pos_sha= motion_mask= mem_order_sha= motion_cols_sha= donor=None cover=exact:0,fallback:0,cycle:0,cross_seg:0 gate=none num_steps=10 act_sha=75fb9a8fcecf515b infer_ms=67.3
INFO:mme_vla_suite.serving.websocket_policy_server:TIMING infer_ms=67.3
INFO:mme_vla_suite.serving.websocket_policy_server:TIMING add_buffer_ms=37.1 frames=16 exec_start_idx=0
MV_INFER cond=normal split=test task=VideoUnmask ep=3 ep_seq=4 infer_seq=44 t=754 es=66 k=0 motion_frames=- motion_emb_sha= motion_pos_sha= motion_mask= mem_order_sha= motion_cols_sha= donor=None cover=exact:0,fallback:0,cycle:0,cross_seg:0 gate=none num_steps=10 act_sha=4b8f08dc04f9d7c2 infer_ms=67.7
INFO:mme_vla_suite.serving.websocket_policy_server:TIMING infer_ms=67.7
INFO:mme_vla_suite.serving.websocket_policy_server:TIMING add_buffer_ms=42.7 frames=16 exec_start_idx=0
MV_INFER cond=normal split=test task=VideoUnmask ep=3 ep_seq=4 infer_seq=45 t=770 es=66 k=0 motion_frames=- motion_emb_sha= motion_pos_sha= motion_mask= mem_order_sha= motion_cols_sha= donor=None cover=exact:0,fallback:0,cycle:0,cross_seg:0 gate=none num_steps=10 act_sha=b665a9747f1ef755 infer_ms=67.5
INFO:mme_vla_suite.serving.websocket_policy_server:TIMING infer_ms=67.5
INFO:mme_vla_suite.serving.websocket_policy_server:TIMING add_buffer_ms=40.2 frames=16 exec_start_idx=0
MV_INFER cond=normal split=test task=VideoUnmask ep=3 ep_seq=4 infer_seq=46 t=786 es=66 k=0 motion_frames=- motion_emb_sha= motion_pos_sha= motion_mask= mem_order_sha= motion_cols_sha= donor=None cover=exact:0,fallback:0,cycle:0,cross_seg:0 gate=none num_steps=10 act_sha=3897b45f325f45f8 infer_ms=67.3
INFO:mme_vla_suite.serving.websocket_policy_server:TIMING infer_ms=67.3
INFO:mme_vla_suite.serving.websocket_policy_server:TIMING add_buffer_ms=37.8 frames=16 exec_start_idx=0
MV_INFER cond=normal split=test task=VideoUnmask ep=3 ep_seq=4 infer_seq=47 t=802 es=66 k=0 motion_frames=- motion_emb_sha= motion_pos_sha= motion_mask= mem_order_sha= motion_cols_sha= donor=None cover=exact:0,fallback:0,cycle:0,cross_seg:0 gate=none num_steps=10 act_sha=95fe42880881700e infer_ms=67.6
INFO:mme_vla_suite.serving.websocket_policy_server:TIMING infer_ms=67.6
INFO:mme_vla_suite.serving.websocket_policy_server:TIMING add_buffer_ms=48.0 frames=16 exec_start_idx=0
MV_INFER cond=normal split=test task=VideoUnmask ep=3 ep_seq=4 infer_seq=48 t=818 es=66 k=0 motion_frames=- motion_emb_sha= motion_pos_sha= motion_mask= mem_order_sha= motion_cols_sha= donor=None cover=exact:0,fallback:0,cycle:0,cross_seg:0 gate=none num_steps=10 act_sha=1575a8e707cb5199 infer_ms=67.6
INFO:mme_vla_suite.serving.websocket_policy_server:TIMING infer_ms=67.6
INFO:mme_vla_suite.serving.websocket_policy_server:TIMING add_buffer_ms=37.2 frames=16 exec_start_idx=0
MV_INFER cond=normal split=test task=VideoUnmask ep=3 ep_seq=4 infer_seq=49 t=834 es=66 k=0 motion_frames=- motion_emb_sha= motion_pos_sha= motion_mask= mem_order_sha= motion_cols_sha= donor=None cover=exact:0,fallback:0,cycle:0,cross_seg:0 gate=none num_steps=10 act_sha=d14f55d4bda6ef79 infer_ms=67.3
INFO:mme_vla_suite.serving.websocket_policy_server:TIMING infer_ms=67.3
INFO:mme_vla_suite.serving.websocket_policy_server:TIMING add_buffer_ms=37.4 frames=16 exec_start_idx=0
MV_INFER cond=normal split=test task=VideoUnmask ep=3 ep_seq=4 infer_seq=50 t=850 es=66 k=0 motion_frames=- motion_emb_sha= motion_pos_sha= motion_mask= mem_order_sha= motion_cols_sha= donor=None cover=exact:0,fallback:0,cycle:0,cross_seg:0 gate=none num_steps=10 act_sha=87d3d7ce5b445a9c infer_ms=67.4
INFO:mme_vla_suite.serving.websocket_policy_server:TIMING infer_ms=67.4
INFO:mme_vla_suite.serving.websocket_policy_server:TIMING add_buffer_ms=38.0 frames=16 exec_start_idx=0
MV_INFER cond=normal split=test task=VideoUnmask ep=3 ep_seq=4 infer_seq=51 t=866 es=66 k=0 motion_frames=- motion_emb_sha= motion_pos_sha= motion_mask= mem_order_sha= motion_cols_sha= donor=None cover=exact:0,fallback:0,cycle:0,cross_seg:0 gate=none num_steps=10 act_sha=4ba6c023d0c44e8a infer_ms=67.2
INFO:mme_vla_suite.serving.websocket_policy_server:TIMING infer_ms=67.2
INFO:mme_vla_suite.serving.websocket_policy_server:TIMING add_buffer_ms=39.1 frames=16 exec_start_idx=0
MV_INFER cond=normal split=test task=VideoUnmask ep=3 ep_seq=4 infer_seq=52 t=882 es=66 k=0 motion_frames=- motion_emb_sha= motion_pos_sha= motion_mask= mem_order_sha= motion_cols_sha= donor=None cover=exact:0,fallback:0,cycle:0,cross_seg:0 gate=none num_steps=10 act_sha=f2e2e51fa9798909 infer_ms=67.3
INFO:mme_vla_suite.serving.websocket_policy_server:TIMING infer_ms=67.3
INFO:mme_vla_suite.serving.websocket_policy_server:TIMING add_buffer_ms=38.0 frames=16 exec_start_idx=0
MV_INFER cond=normal split=test task=VideoUnmask ep=3 ep_seq=4 infer_seq=53 t=898 es=66 k=0 motion_frames=- motion_emb_sha= motion_pos_sha= motion_mask= mem_order_sha= motion_cols_sha= donor=None cover=exact:0,fallback:0,cycle:0,cross_seg:0 gate=none num_steps=10 act_sha=ce685f626aa5a1b5 infer_ms=67.6
INFO:mme_vla_suite.serving.websocket_policy_server:TIMING infer_ms=67.6
INFO:mme_vla_suite.serving.websocket_policy_server:TIMING add_buffer_ms=39.6 frames=16 exec_start_idx=0
MV_INFER cond=normal split=test task=VideoUnmask ep=3 ep_seq=4 infer_seq=54 t=914 es=66 k=0 motion_frames=- motion_emb_sha= motion_pos_sha= motion_mask= mem_order_sha= motion_cols_sha= donor=None cover=exact:0,fallback:0,cycle:0,cross_seg:0 gate=none num_steps=10 act_sha=df452eb4b5cb969a infer_ms=67.5
INFO:mme_vla_suite.serving.websocket_policy_server:TIMING infer_ms=67.5
INFO:mme_vla_suite.serving.websocket_policy_server:TIMING add_buffer_ms=40.3 frames=16 exec_start_idx=0
MV_INFER cond=normal split=test task=VideoUnmask ep=3 ep_seq=4 infer_seq=55 t=930 es=66 k=0 motion_frames=- motion_emb_sha= motion_pos_sha= motion_mask= mem_order_sha= motion_cols_sha= donor=None cover=exact:0,fallback:0,cycle:0,cross_seg:0 gate=none num_steps=10 act_sha=30c083b09a8c63b4 infer_ms=67.4
INFO:mme_vla_suite.serving.websocket_policy_server:TIMING infer_ms=67.4
INFO:mme_vla_suite.serving.websocket_policy_server:TIMING add_buffer_ms=39.9 frames=16 exec_start_idx=0
MV_INFER cond=normal split=test task=VideoUnmask ep=3 ep_seq=4 infer_seq=56 t=946 es=66 k=0 motion_frames=- motion_emb_sha= motion_pos_sha= motion_mask= mem_order_sha= motion_cols_sha= donor=None cover=exact:0,fallback:0,cycle:0,cross_seg:0 gate=none num_steps=10 act_sha=9cc1364415d0b18c infer_ms=67.4
INFO:mme_vla_suite.serving.websocket_policy_server:TIMING infer_ms=67.4
INFO:mme_vla_suite.serving.websocket_policy_server:TIMING add_buffer_ms=40.3 frames=16 exec_start_idx=0
MV_INFER cond=normal split=test task=VideoUnmask ep=3 ep_seq=4 infer_seq=57 t=962 es=66 k=0 motion_frames=- motion_emb_sha= motion_pos_sha= motion_mask= mem_order_sha= motion_cols_sha= donor=None cover=exact:0,fallback:0,cycle:0,cross_seg:0 gate=none num_steps=10 act_sha=27038f9826b7fbf3 infer_ms=67.3
INFO:mme_vla_suite.serving.websocket_policy_server:TIMING infer_ms=67.3
INFO:mme_vla_suite.serving.websocket_policy_server:TIMING add_buffer_ms=45.3 frames=16 exec_start_idx=0
MV_INFER cond=normal split=test task=VideoUnmask ep=3 ep_seq=4 infer_seq=58 t=978 es=66 k=0 motion_frames=- motion_emb_sha= motion_pos_sha= motion_mask= mem_order_sha= motion_cols_sha= donor=None cover=exact:0,fallback:0,cycle:0,cross_seg:0 gate=none num_steps=10 act_sha=a04f8ccec29899bc infer_ms=67.3
INFO:mme_vla_suite.serving.websocket_policy_server:TIMING infer_ms=67.3
INFO:mme_vla_suite.serving.websocket_policy_server:TIMING add_buffer_ms=37.0 frames=16 exec_start_idx=0
MV_INFER cond=normal split=test task=VideoUnmask ep=3 ep_seq=4 infer_seq=59 t=994 es=66 k=0 motion_frames=- motion_emb_sha= motion_pos_sha= motion_mask= mem_order_sha= motion_cols_sha= donor=None cover=exact:0,fallback:0,cycle:0,cross_seg:0 gate=none num_steps=10 act_sha=72f4da07e99fd1e9 infer_ms=67.3
INFO:mme_vla_suite.serving.websocket_policy_server:TIMING infer_ms=67.3
INFO:mme_vla_suite.serving.websocket_policy_server:TIMING add_buffer_ms=39.7 frames=16 exec_start_idx=0
MV_INFER cond=normal split=test task=VideoUnmask ep=3 ep_seq=4 infer_seq=60 t=1010 es=66 k=0 motion_frames=- motion_emb_sha= motion_pos_sha= motion_mask= mem_order_sha= motion_cols_sha= donor=None cover=exact:0,fallback:0,cycle:0,cross_seg:0 gate=none num_steps=10 act_sha=d3dab24febd2d75f infer_ms=67.4
INFO:mme_vla_suite.serving.websocket_policy_server:TIMING infer_ms=67.4
INFO:mme_vla_suite.serving.websocket_policy_server:TIMING add_buffer_ms=37.4 frames=16 exec_start_idx=0
MV_INFER cond=normal split=test task=VideoUnmask ep=3 ep_seq=4 infer_seq=61 t=1026 es=66 k=0 motion_frames=- motion_emb_sha= motion_pos_sha= motion_mask= mem_order_sha= motion_cols_sha= donor=None cover=exact:0,fallback:0,cycle:0,cross_seg:0 gate=none num_steps=10 act_sha=f8ed8b9acc901b9a infer_ms=67.2
INFO:mme_vla_suite.serving.websocket_policy_server:TIMING infer_ms=67.2
INFO:mme_vla_suite.serving.websocket_policy_server:TIMING add_buffer_ms=39.9 frames=16 exec_start_idx=0
MV_INFER cond=normal split=test task=VideoUnmask ep=3 ep_seq=4 infer_seq=62 t=1042 es=66 k=0 motion_frames=- motion_emb_sha= motion_pos_sha= motion_mask= mem_order_sha= motion_cols_sha= donor=None cover=exact:0,fallback:0,cycle:0,cross_seg:0 gate=none num_steps=10 act_sha=4546028199547b55 infer_ms=67.1
INFO:mme_vla_suite.serving.websocket_policy_server:TIMING infer_ms=67.1
INFO:mme_vla_suite.serving.websocket_policy_server:TIMING add_buffer_ms=43.3 frames=16 exec_start_idx=0
MV_INFER cond=normal split=test task=VideoUnmask ep=3 ep_seq=4 infer_seq=63 t=1058 es=66 k=0 motion_frames=- motion_emb_sha= motion_pos_sha= motion_mask= mem_order_sha= motion_cols_sha= donor=None cover=exact:0,fallback:0,cycle:0,cross_seg:0 gate=none num_steps=10 act_sha=353d9e78868c7252 infer_ms=67.3
INFO:mme_vla_suite.serving.websocket_policy_server:TIMING infer_ms=67.3
INFO:mme_vla_suite.serving.websocket_policy_server:TIMING add_buffer_ms=37.6 frames=16 exec_start_idx=0
MV_INFER cond=normal split=test task=VideoUnmask ep=3 ep_seq=4 infer_seq=64 t=1074 es=66 k=0 motion_frames=- motion_emb_sha= motion_pos_sha= motion_mask= mem_order_sha= motion_cols_sha= donor=None cover=exact:0,fallback:0,cycle:0,cross_seg:0 gate=none num_steps=10 act_sha=c4bb32fe17181ad8 infer_ms=68.0
INFO:mme_vla_suite.serving.websocket_policy_server:TIMING infer_ms=68.0
INFO:mme_vla_suite.serving.websocket_policy_server:TIMING add_buffer_ms=41.2 frames=16 exec_start_idx=0
MV_INFER cond=normal split=test task=VideoUnmask ep=3 ep_seq=4 infer_seq=65 t=1090 es=66 k=0 motion_frames=- motion_emb_sha= motion_pos_sha= motion_mask= mem_order_sha= motion_cols_sha= donor=None cover=exact:0,fallback:0,cycle:0,cross_seg:0 gate=none num_steps=10 act_sha=d1cbd226c8e2972c infer_ms=67.7
INFO:mme_vla_suite.serving.websocket_policy_server:TIMING infer_ms=67.7
INFO:mme_vla_suite.serving.websocket_policy_server:TIMING add_buffer_ms=38.5 frames=16 exec_start_idx=0
MV_INFER cond=normal split=test task=VideoUnmask ep=3 ep_seq=4 infer_seq=66 t=1106 es=66 k=0 motion_frames=- motion_emb_sha= motion_pos_sha= motion_mask= mem_order_sha= motion_cols_sha= donor=None cover=exact:0,fallback:0,cycle:0,cross_seg:0 gate=none num_steps=10 act_sha=8e5654e4e6b26d77 infer_ms=67.4
INFO:mme_vla_suite.serving.websocket_policy_server:TIMING infer_ms=67.4
INFO:mme_vla_suite.serving.websocket_policy_server:TIMING add_buffer_ms=39.6 frames=16 exec_start_idx=0
MV_INFER cond=normal split=test task=VideoUnmask ep=3 ep_seq=4 infer_seq=67 t=1122 es=66 k=0 motion_frames=- motion_emb_sha= motion_pos_sha= motion_mask= mem_order_sha= motion_cols_sha= donor=None cover=exact:0,fallback:0,cycle:0,cross_seg:0 gate=none num_steps=10 act_sha=4dc1cf26686e1a00 infer_ms=67.8
INFO:mme_vla_suite.serving.websocket_policy_server:TIMING infer_ms=67.8
INFO:mme_vla_suite.serving.websocket_policy_server:TIMING add_buffer_ms=39.6 frames=16 exec_start_idx=0
MV_INFER cond=normal split=test task=VideoUnmask ep=3 ep_seq=4 infer_seq=68 t=1138 es=66 k=0 motion_frames=- motion_emb_sha= motion_pos_sha= motion_mask= mem_order_sha= motion_cols_sha= donor=None cover=exact:0,fallback:0,cycle:0,cross_seg:0 gate=none num_steps=10 act_sha=b71716bfbdc69149 infer_ms=68.2
INFO:mme_vla_suite.serving.websocket_policy_server:TIMING infer_ms=68.2
INFO:mme_vla_suite.serving.websocket_policy_server:TIMING add_buffer_ms=42.0 frames=16 exec_start_idx=0
MV_INFER cond=normal split=test task=VideoUnmask ep=3 ep_seq=4 infer_seq=69 t=1154 es=66 k=0 motion_frames=- motion_emb_sha= motion_pos_sha= motion_mask= mem_order_sha= motion_cols_sha= donor=None cover=exact:0,fallback:0,cycle:0,cross_seg:0 gate=none num_steps=10 act_sha=5b8901dcc804cfb1 infer_ms=68.3
INFO:mme_vla_suite.serving.websocket_policy_server:TIMING infer_ms=68.3
INFO:mme_vla_suite.serving.websocket_policy_server:TIMING add_buffer_ms=42.6 frames=16 exec_start_idx=0
MV_INFER cond=normal split=test task=VideoUnmask ep=3 ep_seq=4 infer_seq=70 t=1170 es=66 k=0 motion_frames=- motion_emb_sha= motion_pos_sha= motion_mask= mem_order_sha= motion_cols_sha= donor=None cover=exact:0,fallback:0,cycle:0,cross_seg:0 gate=none num_steps=10 act_sha=56b3b8e1781ab5b7 infer_ms=68.0
INFO:mme_vla_suite.serving.websocket_policy_server:TIMING infer_ms=68.0
INFO:mme_vla_suite.serving.websocket_policy_server:TIMING add_buffer_ms=44.2 frames=16 exec_start_idx=0
MV_INFER cond=normal split=test task=VideoUnmask ep=3 ep_seq=4 infer_seq=71 t=1186 es=66 k=0 motion_frames=- motion_emb_sha= motion_pos_sha= motion_mask= mem_order_sha= motion_cols_sha= donor=None cover=exact:0,fallback:0,cycle:0,cross_seg:0 gate=none num_steps=10 act_sha=6d2bb0a89031b60d infer_ms=68.7
INFO:mme_vla_suite.serving.websocket_policy_server:TIMING infer_ms=68.7
INFO:mme_vla_suite.serving.websocket_policy_server:TIMING add_buffer_ms=37.4 frames=16 exec_start_idx=0
MV_INFER cond=normal split=test task=VideoUnmask ep=3 ep_seq=4 infer_seq=72 t=1202 es=66 k=0 motion_frames=- motion_emb_sha= motion_pos_sha= motion_mask= mem_order_sha= motion_cols_sha= donor=None cover=exact:0,fallback:0,cycle:0,cross_seg:0 gate=none num_steps=10 act_sha=fb438504eb2c5a30 infer_ms=67.7
INFO:mme_vla_suite.serving.websocket_policy_server:TIMING infer_ms=67.7
INFO:mme_vla_suite.serving.websocket_policy_server:TIMING add_buffer_ms=37.7 frames=16 exec_start_idx=0
MV_INFER cond=normal split=test task=VideoUnmask ep=3 ep_seq=4 infer_seq=73 t=1218 es=66 k=0 motion_frames=- motion_emb_sha= motion_pos_sha= motion_mask= mem_order_sha= motion_cols_sha= donor=None cover=exact:0,fallback:0,cycle:0,cross_seg:0 gate=none num_steps=10 act_sha=86e86f97f771098c infer_ms=67.6
INFO:mme_vla_suite.serving.websocket_policy_server:TIMING infer_ms=67.6
INFO:mme_vla_suite.serving.websocket_policy_server:TIMING add_buffer_ms=38.9 frames=16 exec_start_idx=0
MV_INFER cond=normal split=test task=VideoUnmask ep=3 ep_seq=4 infer_seq=74 t=1234 es=66 k=0 motion_frames=- motion_emb_sha= motion_pos_sha= motion_mask= mem_order_sha= motion_cols_sha= donor=None cover=exact:0,fallback:0,cycle:0,cross_seg:0 gate=none num_steps=10 act_sha=8833a46ef20b7b75 infer_ms=67.5
INFO:mme_vla_suite.serving.websocket_policy_server:TIMING infer_ms=67.5
INFO:mme_vla_suite.serving.websocket_policy_server:TIMING add_buffer_ms=37.3 frames=16 exec_start_idx=0
MV_INFER cond=normal split=test task=VideoUnmask ep=3 ep_seq=4 infer_seq=75 t=1250 es=66 k=0 motion_frames=- motion_emb_sha= motion_pos_sha= motion_mask= mem_order_sha= motion_cols_sha= donor=None cover=exact:0,fallback:0,cycle:0,cross_seg:0 gate=none num_steps=10 act_sha=0c2ef4a5fc55f684 infer_ms=67.3
INFO:mme_vla_suite.serving.websocket_policy_server:TIMING infer_ms=67.3
INFO:mme_vla_suite.serving.websocket_policy_server:TIMING add_buffer_ms=40.1 frames=16 exec_start_idx=0
MV_INFER cond=normal split=test task=VideoUnmask ep=3 ep_seq=4 infer_seq=76 t=1266 es=66 k=0 motion_frames=- motion_emb_sha= motion_pos_sha= motion_mask= mem_order_sha= motion_cols_sha= donor=None cover=exact:0,fallback:0,cycle:0,cross_seg:0 gate=none num_steps=10 act_sha=4924f3d209beffc9 infer_ms=67.5
INFO:mme_vla_suite.serving.websocket_policy_server:TIMING infer_ms=67.5
INFO:mme_vla_suite.serving.websocket_policy_server:TIMING add_buffer_ms=39.1 frames=16 exec_start_idx=0
MV_INFER cond=normal split=test task=VideoUnmask ep=3 ep_seq=4 infer_seq=77 t=1282 es=66 k=0 motion_frames=- motion_emb_sha= motion_pos_sha= motion_mask= mem_order_sha= motion_cols_sha= donor=None cover=exact:0,fallback:0,cycle:0,cross_seg:0 gate=none num_steps=10 act_sha=06c1caddd5b72597 infer_ms=68.2
INFO:mme_vla_suite.serving.websocket_policy_server:TIMING infer_ms=68.2
INFO:mme_vla_suite.serving.websocket_policy_server:TIMING add_buffer_ms=37.0 frames=16 exec_start_idx=0
MV_INFER cond=normal split=test task=VideoUnmask ep=3 ep_seq=4 infer_seq=78 t=1298 es=66 k=0 motion_frames=- motion_emb_sha= motion_pos_sha= motion_mask= mem_order_sha= motion_cols_sha= donor=None cover=exact:0,fallback:0,cycle:0,cross_seg:0 gate=none num_steps=10 act_sha=a9f7e7734e361991 infer_ms=67.6
INFO:mme_vla_suite.serving.websocket_policy_server:TIMING infer_ms=67.6
INFO:mme_vla_suite.serving.websocket_policy_server:TIMING add_buffer_ms=44.3 frames=16 exec_start_idx=0
MV_INFER cond=normal split=test task=VideoUnmask ep=3 ep_seq=4 infer_seq=79 t=1314 es=66 k=0 motion_frames=- motion_emb_sha= motion_pos_sha= motion_mask= mem_order_sha= motion_cols_sha= donor=None cover=exact:0,fallback:0,cycle:0,cross_seg:0 gate=none num_steps=10 act_sha=3b23b220c2fb8bff infer_ms=67.5
INFO:mme_vla_suite.serving.websocket_policy_server:TIMING infer_ms=67.5
INFO:mme_vla_suite.serving.websocket_policy_server:TIMING add_buffer_ms=38.6 frames=16 exec_start_idx=0
MV_INFER cond=normal split=test task=VideoUnmask ep=3 ep_seq=4 infer_seq=80 t=1330 es=66 k=0 motion_frames=- motion_emb_sha= motion_pos_sha= motion_mask= mem_order_sha= motion_cols_sha= donor=None cover=exact:0,fallback:0,cycle:0,cross_seg:0 gate=none num_steps=10 act_sha=20f1a0d17e86a7b1 infer_ms=67.4
INFO:mme_vla_suite.serving.websocket_policy_server:TIMING infer_ms=67.4
INFO:mme_vla_suite.serving.websocket_policy_server:TIMING add_buffer_ms=37.4 frames=16 exec_start_idx=0
MV_INFER cond=normal split=test task=VideoUnmask ep=3 ep_seq=4 infer_seq=81 t=1346 es=66 k=0 motion_frames=- motion_emb_sha= motion_pos_sha= motion_mask= mem_order_sha= motion_cols_sha= donor=None cover=exact:0,fallback:0,cycle:0,cross_seg:0 gate=none num_steps=10 act_sha=67238d39dfbd91fd infer_ms=67.5
INFO:mme_vla_suite.serving.websocket_policy_server:TIMING infer_ms=67.5
INFO:mme_vla_suite.serving.websocket_policy_server:TIMING add_buffer_ms=36.9 frames=16 exec_start_idx=0
MV_INFER cond=normal split=test task=VideoUnmask ep=3 ep_seq=4 infer_seq=82 t=1362 es=66 k=0 motion_frames=- motion_emb_sha= motion_pos_sha= motion_mask= mem_order_sha= motion_cols_sha= donor=None cover=exact:0,fallback:0,cycle:0,cross_seg:0 gate=none num_steps=10 act_sha=49045ba65ea90ea2 infer_ms=67.4
INFO:mme_vla_suite.serving.websocket_policy_server:TIMING infer_ms=67.4
INFO:websockets.server:connection open
INFO:mme_vla_suite.serving.websocket_policy_server:Connection from ('127.0.0.1', 37324) opened
MV_EPISODE_END ep_seq=4 infers=82 windows=0 wall_s=35.5
MV_EPISODE_BEGIN cond=normal split=test seed=42 ep_seq=5 expect=VideoUnmask:7
INFO:mme_vla_suite.serving.websocket_policy_server:TIMING add_buffer_ms=150.9 frames=67 exec_start_idx=66
MV_INFER cond=normal split=test task=VideoUnmask ep=7 ep_seq=5 infer_seq=1 t=66 es=66 k=0 motion_frames=- motion_emb_sha= motion_pos_sha= motion_mask= mem_order_sha= motion_cols_sha= donor=None cover=exact:0,fallback:0,cycle:0,cross_seg:0 gate=none num_steps=10 act_sha=ba28f69ab0e88e8f infer_ms=67.9
INFO:mme_vla_suite.serving.websocket_policy_server:TIMING infer_ms=67.9
INFO:mme_vla_suite.serving.websocket_policy_server:TIMING add_buffer_ms=35.9 frames=16 exec_start_idx=0
MV_INFER cond=normal split=test task=VideoUnmask ep=7 ep_seq=5 infer_seq=2 t=82 es=66 k=0 motion_frames=- motion_emb_sha= motion_pos_sha= motion_mask= mem_order_sha= motion_cols_sha= donor=None cover=exact:0,fallback:0,cycle:0,cross_seg:0 gate=none num_steps=10 act_sha=6f1f12cbd2a69b3a infer_ms=67.1
INFO:mme_vla_suite.serving.websocket_policy_server:TIMING infer_ms=67.1
INFO:mme_vla_suite.serving.websocket_policy_server:TIMING add_buffer_ms=38.0 frames=16 exec_start_idx=0
MV_INFER cond=normal split=test task=VideoUnmask ep=7 ep_seq=5 infer_seq=3 t=98 es=66 k=0 motion_frames=- motion_emb_sha= motion_pos_sha= motion_mask= mem_order_sha= motion_cols_sha= donor=None cover=exact:0,fallback:0,cycle:0,cross_seg:0 gate=none num_steps=10 act_sha=c102a6bd17502ceb infer_ms=67.9
INFO:mme_vla_suite.serving.websocket_policy_server:TIMING infer_ms=67.9
INFO:mme_vla_suite.serving.websocket_policy_server:TIMING add_buffer_ms=38.0 frames=16 exec_start_idx=0
MV_INFER cond=normal split=test task=VideoUnmask ep=7 ep_seq=5 infer_seq=4 t=114 es=66 k=0 motion_frames=- motion_emb_sha= motion_pos_sha= motion_mask= mem_order_sha= motion_cols_sha= donor=None cover=exact:0,fallback:0,cycle:0,cross_seg:0 gate=none num_steps=10 act_sha=9fdb7bea7d6178dc infer_ms=67.3
INFO:mme_vla_suite.serving.websocket_policy_server:TIMING infer_ms=67.3
INFO:mme_vla_suite.serving.websocket_policy_server:TIMING add_buffer_ms=36.2 frames=16 exec_start_idx=0
MV_INFER cond=normal split=test task=VideoUnmask ep=7 ep_seq=5 infer_seq=5 t=130 es=66 k=0 motion_frames=- motion_emb_sha= motion_pos_sha= motion_mask= mem_order_sha= motion_cols_sha= donor=None cover=exact:0,fallback:0,cycle:0,cross_seg:0 gate=none num_steps=10 act_sha=631b1a4a8e37ed9d infer_ms=67.3
INFO:mme_vla_suite.serving.websocket_policy_server:TIMING infer_ms=67.3
INFO:mme_vla_suite.serving.websocket_policy_server:TIMING add_buffer_ms=35.9 frames=16 exec_start_idx=0
MV_INFER cond=normal split=test task=VideoUnmask ep=7 ep_seq=5 infer_seq=6 t=146 es=66 k=0 motion_frames=- motion_emb_sha= motion_pos_sha= motion_mask= mem_order_sha= motion_cols_sha= donor=None cover=exact:0,fallback:0,cycle:0,cross_seg:0 gate=none num_steps=10 act_sha=19e3f3bbb7ca7194 infer_ms=67.2
INFO:mme_vla_suite.serving.websocket_policy_server:TIMING infer_ms=67.2
INFO:mme_vla_suite.serving.websocket_policy_server:TIMING add_buffer_ms=37.1 frames=16 exec_start_idx=0
MV_INFER cond=normal split=test task=VideoUnmask ep=7 ep_seq=5 infer_seq=7 t=162 es=66 k=0 motion_frames=- motion_emb_sha= motion_pos_sha= motion_mask= mem_order_sha= motion_cols_sha= donor=None cover=exact:0,fallback:0,cycle:0,cross_seg:0 gate=none num_steps=10 act_sha=c3328a210e4eeab8 infer_ms=67.2
INFO:mme_vla_suite.serving.websocket_policy_server:TIMING infer_ms=67.2
INFO:mme_vla_suite.serving.websocket_policy_server:TIMING add_buffer_ms=39.9 frames=16 exec_start_idx=0
MV_INFER cond=normal split=test task=VideoUnmask ep=7 ep_seq=5 infer_seq=8 t=178 es=66 k=0 motion_frames=- motion_emb_sha= motion_pos_sha= motion_mask= mem_order_sha= motion_cols_sha= donor=None cover=exact:0,fallback:0,cycle:0,cross_seg:0 gate=none num_steps=10 act_sha=408a65579187975c infer_ms=67.4
INFO:mme_vla_suite.serving.websocket_policy_server:TIMING infer_ms=67.4
INFO:mme_vla_suite.serving.websocket_policy_server:TIMING add_buffer_ms=37.4 frames=16 exec_start_idx=0
MV_INFER cond=normal split=test task=VideoUnmask ep=7 ep_seq=5 infer_seq=9 t=194 es=66 k=0 motion_frames=- motion_emb_sha= motion_pos_sha= motion_mask= mem_order_sha= motion_cols_sha= donor=None cover=exact:0,fallback:0,cycle:0,cross_seg:0 gate=none num_steps=10 act_sha=2a3ce3026140ffca infer_ms=67.2
INFO:mme_vla_suite.serving.websocket_policy_server:TIMING infer_ms=67.2
INFO:mme_vla_suite.serving.websocket_policy_server:TIMING add_buffer_ms=36.7 frames=16 exec_start_idx=0
MV_INFER cond=normal split=test task=VideoUnmask ep=7 ep_seq=5 infer_seq=10 t=210 es=66 k=0 motion_frames=- motion_emb_sha= motion_pos_sha= motion_mask= mem_order_sha= motion_cols_sha= donor=None cover=exact:0,fallback:0,cycle:0,cross_seg:0 gate=none num_steps=10 act_sha=e1369f6494d75b90 infer_ms=67.3
INFO:mme_vla_suite.serving.websocket_policy_server:TIMING infer_ms=67.3
INFO:mme_vla_suite.serving.websocket_policy_server:TIMING add_buffer_ms=36.7 frames=16 exec_start_idx=0
MV_INFER cond=normal split=test task=VideoUnmask ep=7 ep_seq=5 infer_seq=11 t=226 es=66 k=0 motion_frames=- motion_emb_sha= motion_pos_sha= motion_mask= mem_order_sha= motion_cols_sha= donor=None cover=exact:0,fallback:0,cycle:0,cross_seg:0 gate=none num_steps=10 act_sha=13797a4e279e98cd infer_ms=67.3
INFO:mme_vla_suite.serving.websocket_policy_server:TIMING infer_ms=67.3
INFO:mme_vla_suite.serving.websocket_policy_server:TIMING add_buffer_ms=37.3 frames=16 exec_start_idx=0
MV_INFER cond=normal split=test task=VideoUnmask ep=7 ep_seq=5 infer_seq=12 t=242 es=66 k=0 motion_frames=- motion_emb_sha= motion_pos_sha= motion_mask= mem_order_sha= motion_cols_sha= donor=None cover=exact:0,fallback:0,cycle:0,cross_seg:0 gate=none num_steps=10 act_sha=05eecc46d11bb956 infer_ms=67.2
INFO:mme_vla_suite.serving.websocket_policy_server:TIMING infer_ms=67.2
INFO:mme_vla_suite.serving.websocket_policy_server:TIMING add_buffer_ms=40.1 frames=16 exec_start_idx=0
MV_INFER cond=normal split=test task=VideoUnmask ep=7 ep_seq=5 infer_seq=13 t=258 es=66 k=0 motion_frames=- motion_emb_sha= motion_pos_sha= motion_mask= mem_order_sha= motion_cols_sha= donor=None cover=exact:0,fallback:0,cycle:0,cross_seg:0 gate=none num_steps=10 act_sha=517fa2e1dc62af5a infer_ms=68.0
INFO:mme_vla_suite.serving.websocket_policy_server:TIMING infer_ms=68.0
INFO:mme_vla_suite.serving.websocket_policy_server:TIMING add_buffer_ms=39.3 frames=16 exec_start_idx=0
MV_INFER cond=normal split=test task=VideoUnmask ep=7 ep_seq=5 infer_seq=14 t=274 es=66 k=0 motion_frames=- motion_emb_sha= motion_pos_sha= motion_mask= mem_order_sha= motion_cols_sha= donor=None cover=exact:0,fallback:0,cycle:0,cross_seg:0 gate=none num_steps=10 act_sha=2744d66457bd5f9d infer_ms=67.3
INFO:mme_vla_suite.serving.websocket_policy_server:TIMING infer_ms=67.3
INFO:mme_vla_suite.serving.websocket_policy_server:TIMING add_buffer_ms=37.8 frames=16 exec_start_idx=0
MV_INFER cond=normal split=test task=VideoUnmask ep=7 ep_seq=5 infer_seq=15 t=290 es=66 k=0 motion_frames=- motion_emb_sha= motion_pos_sha= motion_mask= mem_order_sha= motion_cols_sha= donor=None cover=exact:0,fallback:0,cycle:0,cross_seg:0 gate=none num_steps=10 act_sha=ca8fd7f018f2c4d8 infer_ms=67.5
INFO:mme_vla_suite.serving.websocket_policy_server:TIMING infer_ms=67.5
INFO:mme_vla_suite.serving.websocket_policy_server:TIMING add_buffer_ms=39.4 frames=16 exec_start_idx=0
MV_INFER cond=normal split=test task=VideoUnmask ep=7 ep_seq=5 infer_seq=16 t=306 es=66 k=0 motion_frames=- motion_emb_sha= motion_pos_sha= motion_mask= mem_order_sha= motion_cols_sha= donor=None cover=exact:0,fallback:0,cycle:0,cross_seg:0 gate=none num_steps=10 act_sha=70e0a7df7052b753 infer_ms=67.3
INFO:mme_vla_suite.serving.websocket_policy_server:TIMING infer_ms=67.3
INFO:mme_vla_suite.serving.websocket_policy_server:TIMING add_buffer_ms=37.8 frames=16 exec_start_idx=0
MV_INFER cond=normal split=test task=VideoUnmask ep=7 ep_seq=5 infer_seq=17 t=322 es=66 k=0 motion_frames=- motion_emb_sha= motion_pos_sha= motion_mask= mem_order_sha= motion_cols_sha= donor=None cover=exact:0,fallback:0,cycle:0,cross_seg:0 gate=none num_steps=10 act_sha=4d22e01f1577df73 infer_ms=67.3
INFO:mme_vla_suite.serving.websocket_policy_server:TIMING infer_ms=67.3
INFO:mme_vla_suite.serving.websocket_policy_server:TIMING add_buffer_ms=39.5 frames=16 exec_start_idx=0
MV_INFER cond=normal split=test task=VideoUnmask ep=7 ep_seq=5 infer_seq=18 t=338 es=66 k=0 motion_frames=- motion_emb_sha= motion_pos_sha= motion_mask= mem_order_sha= motion_cols_sha= donor=None cover=exact:0,fallback:0,cycle:0,cross_seg:0 gate=none num_steps=10 act_sha=5ccc62c3c3dbdf17 infer_ms=67.6
INFO:mme_vla_suite.serving.websocket_policy_server:TIMING infer_ms=67.6
INFO:mme_vla_suite.serving.websocket_policy_server:TIMING add_buffer_ms=38.4 frames=16 exec_start_idx=0
MV_INFER cond=normal split=test task=VideoUnmask ep=7 ep_seq=5 infer_seq=19 t=354 es=66 k=0 motion_frames=- motion_emb_sha= motion_pos_sha= motion_mask= mem_order_sha= motion_cols_sha= donor=None cover=exact:0,fallback:0,cycle:0,cross_seg:0 gate=none num_steps=10 act_sha=6d21fd6e5df84b49 infer_ms=67.4
INFO:mme_vla_suite.serving.websocket_policy_server:TIMING infer_ms=67.4
INFO:mme_vla_suite.serving.websocket_policy_server:TIMING add_buffer_ms=37.4 frames=16 exec_start_idx=0
MV_INFER cond=normal split=test task=VideoUnmask ep=7 ep_seq=5 infer_seq=20 t=370 es=66 k=0 motion_frames=- motion_emb_sha= motion_pos_sha= motion_mask= mem_order_sha= motion_cols_sha= donor=None cover=exact:0,fallback:0,cycle:0,cross_seg:0 gate=none num_steps=10 act_sha=e3049340b0e57930 infer_ms=67.2
INFO:mme_vla_suite.serving.websocket_policy_server:TIMING infer_ms=67.2
INFO:mme_vla_suite.serving.websocket_policy_server:TIMING add_buffer_ms=37.3 frames=16 exec_start_idx=0
MV_INFER cond=normal split=test task=VideoUnmask ep=7 ep_seq=5 infer_seq=21 t=386 es=66 k=0 motion_frames=- motion_emb_sha= motion_pos_sha= motion_mask= mem_order_sha= motion_cols_sha= donor=None cover=exact:0,fallback:0,cycle:0,cross_seg:0 gate=none num_steps=10 act_sha=9221e11e1f093ddd infer_ms=67.3
INFO:mme_vla_suite.serving.websocket_policy_server:TIMING infer_ms=67.3
INFO:mme_vla_suite.serving.websocket_policy_server:TIMING add_buffer_ms=43.2 frames=16 exec_start_idx=0
MV_INFER cond=normal split=test task=VideoUnmask ep=7 ep_seq=5 infer_seq=22 t=402 es=66 k=0 motion_frames=- motion_emb_sha= motion_pos_sha= motion_mask= mem_order_sha= motion_cols_sha= donor=None cover=exact:0,fallback:0,cycle:0,cross_seg:0 gate=none num_steps=10 act_sha=797855f131ce828a infer_ms=67.3
INFO:mme_vla_suite.serving.websocket_policy_server:TIMING infer_ms=67.3
INFO:mme_vla_suite.serving.websocket_policy_server:TIMING add_buffer_ms=39.9 frames=16 exec_start_idx=0
MV_INFER cond=normal split=test task=VideoUnmask ep=7 ep_seq=5 infer_seq=23 t=418 es=66 k=0 motion_frames=- motion_emb_sha= motion_pos_sha= motion_mask= mem_order_sha= motion_cols_sha= donor=None cover=exact:0,fallback:0,cycle:0,cross_seg:0 gate=none num_steps=10 act_sha=c56f09093bdc0d81 infer_ms=67.3
INFO:mme_vla_suite.serving.websocket_policy_server:TIMING infer_ms=67.3
INFO:mme_vla_suite.serving.websocket_policy_server:TIMING add_buffer_ms=39.8 frames=16 exec_start_idx=0
MV_INFER cond=normal split=test task=VideoUnmask ep=7 ep_seq=5 infer_seq=24 t=434 es=66 k=0 motion_frames=- motion_emb_sha= motion_pos_sha= motion_mask= mem_order_sha= motion_cols_sha= donor=None cover=exact:0,fallback:0,cycle:0,cross_seg:0 gate=none num_steps=10 act_sha=305f2587f89a8e56 infer_ms=67.4
INFO:mme_vla_suite.serving.websocket_policy_server:TIMING infer_ms=67.4
INFO:mme_vla_suite.serving.websocket_policy_server:TIMING add_buffer_ms=40.6 frames=16 exec_start_idx=0
MV_INFER cond=normal split=test task=VideoUnmask ep=7 ep_seq=5 infer_seq=25 t=450 es=66 k=0 motion_frames=- motion_emb_sha= motion_pos_sha= motion_mask= mem_order_sha= motion_cols_sha= donor=None cover=exact:0,fallback:0,cycle:0,cross_seg:0 gate=none num_steps=10 act_sha=f21a765a9a89362f infer_ms=67.1
INFO:mme_vla_suite.serving.websocket_policy_server:TIMING infer_ms=67.1
INFO:mme_vla_suite.serving.websocket_policy_server:TIMING add_buffer_ms=40.3 frames=16 exec_start_idx=0
MV_INFER cond=normal split=test task=VideoUnmask ep=7 ep_seq=5 infer_seq=26 t=466 es=66 k=0 motion_frames=- motion_emb_sha= motion_pos_sha= motion_mask= mem_order_sha= motion_cols_sha= donor=None cover=exact:0,fallback:0,cycle:0,cross_seg:0 gate=none num_steps=10 act_sha=5f0bc3d7aacb6a55 infer_ms=67.3
INFO:mme_vla_suite.serving.websocket_policy_server:TIMING infer_ms=67.3
INFO:mme_vla_suite.serving.websocket_policy_server:TIMING add_buffer_ms=38.1 frames=16 exec_start_idx=0
MV_INFER cond=normal split=test task=VideoUnmask ep=7 ep_seq=5 infer_seq=27 t=482 es=66 k=0 motion_frames=- motion_emb_sha= motion_pos_sha= motion_mask= mem_order_sha= motion_cols_sha= donor=None cover=exact:0,fallback:0,cycle:0,cross_seg:0 gate=none num_steps=10 act_sha=75c04ccdcbd65427 infer_ms=67.3
INFO:mme_vla_suite.serving.websocket_policy_server:TIMING infer_ms=67.3
INFO:mme_vla_suite.serving.websocket_policy_server:TIMING add_buffer_ms=39.8 frames=16 exec_start_idx=0
MV_INFER cond=normal split=test task=VideoUnmask ep=7 ep_seq=5 infer_seq=28 t=498 es=66 k=0 motion_frames=- motion_emb_sha= motion_pos_sha= motion_mask= mem_order_sha= motion_cols_sha= donor=None cover=exact:0,fallback:0,cycle:0,cross_seg:0 gate=none num_steps=10 act_sha=460c7e10e541dac3 infer_ms=67.3
INFO:mme_vla_suite.serving.websocket_policy_server:TIMING infer_ms=67.3
INFO:mme_vla_suite.serving.websocket_policy_server:TIMING add_buffer_ms=38.5 frames=16 exec_start_idx=0
MV_INFER cond=normal split=test task=VideoUnmask ep=7 ep_seq=5 infer_seq=29 t=514 es=66 k=0 motion_frames=- motion_emb_sha= motion_pos_sha= motion_mask= mem_order_sha= motion_cols_sha= donor=None cover=exact:0,fallback:0,cycle:0,cross_seg:0 gate=none num_steps=10 act_sha=1ed5517cf8c31c5d infer_ms=67.4
INFO:mme_vla_suite.serving.websocket_policy_server:TIMING infer_ms=67.4
INFO:mme_vla_suite.serving.websocket_policy_server:TIMING add_buffer_ms=37.5 frames=16 exec_start_idx=0
MV_INFER cond=normal split=test task=VideoUnmask ep=7 ep_seq=5 infer_seq=30 t=530 es=66 k=0 motion_frames=- motion_emb_sha= motion_pos_sha= motion_mask= mem_order_sha= motion_cols_sha= donor=None cover=exact:0,fallback:0,cycle:0,cross_seg:0 gate=none num_steps=10 act_sha=860a1f5dd52f0f53 infer_ms=67.5
INFO:mme_vla_suite.serving.websocket_policy_server:TIMING infer_ms=67.5
INFO:mme_vla_suite.serving.websocket_policy_server:TIMING add_buffer_ms=37.2 frames=16 exec_start_idx=0
MV_INFER cond=normal split=test task=VideoUnmask ep=7 ep_seq=5 infer_seq=31 t=546 es=66 k=0 motion_frames=- motion_emb_sha= motion_pos_sha= motion_mask= mem_order_sha= motion_cols_sha= donor=None cover=exact:0,fallback:0,cycle:0,cross_seg:0 gate=none num_steps=10 act_sha=9feda84986f7a200 infer_ms=67.4
INFO:mme_vla_suite.serving.websocket_policy_server:TIMING infer_ms=67.4
INFO:mme_vla_suite.serving.websocket_policy_server:TIMING add_buffer_ms=39.3 frames=16 exec_start_idx=0
MV_INFER cond=normal split=test task=VideoUnmask ep=7 ep_seq=5 infer_seq=32 t=562 es=66 k=0 motion_frames=- motion_emb_sha= motion_pos_sha= motion_mask= mem_order_sha= motion_cols_sha= donor=None cover=exact:0,fallback:0,cycle:0,cross_seg:0 gate=none num_steps=10 act_sha=6230b9494dd60bac infer_ms=67.3
INFO:mme_vla_suite.serving.websocket_policy_server:TIMING infer_ms=67.3
INFO:mme_vla_suite.serving.websocket_policy_server:TIMING add_buffer_ms=38.0 frames=16 exec_start_idx=0
MV_INFER cond=normal split=test task=VideoUnmask ep=7 ep_seq=5 infer_seq=33 t=578 es=66 k=0 motion_frames=- motion_emb_sha= motion_pos_sha= motion_mask= mem_order_sha= motion_cols_sha= donor=None cover=exact:0,fallback:0,cycle:0,cross_seg:0 gate=none num_steps=10 act_sha=4b28de5b0c2d367a infer_ms=67.9
INFO:mme_vla_suite.serving.websocket_policy_server:TIMING infer_ms=67.9
INFO:mme_vla_suite.serving.websocket_policy_server:TIMING add_buffer_ms=37.4 frames=16 exec_start_idx=0
MV_INFER cond=normal split=test task=VideoUnmask ep=7 ep_seq=5 infer_seq=34 t=594 es=66 k=0 motion_frames=- motion_emb_sha= motion_pos_sha= motion_mask= mem_order_sha= motion_cols_sha= donor=None cover=exact:0,fallback:0,cycle:0,cross_seg:0 gate=none num_steps=10 act_sha=2caaeec505070a81 infer_ms=67.5
INFO:mme_vla_suite.serving.websocket_policy_server:TIMING infer_ms=67.5
INFO:mme_vla_suite.serving.websocket_policy_server:TIMING add_buffer_ms=39.3 frames=16 exec_start_idx=0
MV_INFER cond=normal split=test task=VideoUnmask ep=7 ep_seq=5 infer_seq=35 t=610 es=66 k=0 motion_frames=- motion_emb_sha= motion_pos_sha= motion_mask= mem_order_sha= motion_cols_sha= donor=None cover=exact:0,fallback:0,cycle:0,cross_seg:0 gate=none num_steps=10 act_sha=b056550eaa7af07a infer_ms=67.4
INFO:mme_vla_suite.serving.websocket_policy_server:TIMING infer_ms=67.4
INFO:mme_vla_suite.serving.websocket_policy_server:TIMING add_buffer_ms=39.8 frames=16 exec_start_idx=0
MV_INFER cond=normal split=test task=VideoUnmask ep=7 ep_seq=5 infer_seq=36 t=626 es=66 k=0 motion_frames=- motion_emb_sha= motion_pos_sha= motion_mask= mem_order_sha= motion_cols_sha= donor=None cover=exact:0,fallback:0,cycle:0,cross_seg:0 gate=none num_steps=10 act_sha=b5f4f117b59615cd infer_ms=67.3
INFO:mme_vla_suite.serving.websocket_policy_server:TIMING infer_ms=67.3
INFO:mme_vla_suite.serving.websocket_policy_server:TIMING add_buffer_ms=37.3 frames=16 exec_start_idx=0
MV_INFER cond=normal split=test task=VideoUnmask ep=7 ep_seq=5 infer_seq=37 t=642 es=66 k=0 motion_frames=- motion_emb_sha= motion_pos_sha= motion_mask= mem_order_sha= motion_cols_sha= donor=None cover=exact:0,fallback:0,cycle:0,cross_seg:0 gate=none num_steps=10 act_sha=bc7e56c41beb47fc infer_ms=67.3
INFO:mme_vla_suite.serving.websocket_policy_server:TIMING infer_ms=67.3
INFO:mme_vla_suite.serving.websocket_policy_server:TIMING add_buffer_ms=39.3 frames=16 exec_start_idx=0
MV_INFER cond=normal split=test task=VideoUnmask ep=7 ep_seq=5 infer_seq=38 t=658 es=66 k=0 motion_frames=- motion_emb_sha= motion_pos_sha= motion_mask= mem_order_sha= motion_cols_sha= donor=None cover=exact:0,fallback:0,cycle:0,cross_seg:0 gate=none num_steps=10 act_sha=8715bff576e3f9ce infer_ms=67.4
INFO:mme_vla_suite.serving.websocket_policy_server:TIMING infer_ms=67.4
INFO:mme_vla_suite.serving.websocket_policy_server:TIMING add_buffer_ms=38.6 frames=16 exec_start_idx=0
MV_INFER cond=normal split=test task=VideoUnmask ep=7 ep_seq=5 infer_seq=39 t=674 es=66 k=0 motion_frames=- motion_emb_sha= motion_pos_sha= motion_mask= mem_order_sha= motion_cols_sha= donor=None cover=exact:0,fallback:0,cycle:0,cross_seg:0 gate=none num_steps=10 act_sha=757c68fbba54e500 infer_ms=67.5
INFO:mme_vla_suite.serving.websocket_policy_server:TIMING infer_ms=67.5
INFO:mme_vla_suite.serving.websocket_policy_server:TIMING add_buffer_ms=37.0 frames=16 exec_start_idx=0
MV_INFER cond=normal split=test task=VideoUnmask ep=7 ep_seq=5 infer_seq=40 t=690 es=66 k=0 motion_frames=- motion_emb_sha= motion_pos_sha= motion_mask= mem_order_sha= motion_cols_sha= donor=None cover=exact:0,fallback:0,cycle:0,cross_seg:0 gate=none num_steps=10 act_sha=05aeb06513bb4768 infer_ms=67.3
INFO:mme_vla_suite.serving.websocket_policy_server:TIMING infer_ms=67.3
INFO:mme_vla_suite.serving.websocket_policy_server:TIMING add_buffer_ms=37.2 frames=16 exec_start_idx=0
MV_INFER cond=normal split=test task=VideoUnmask ep=7 ep_seq=5 infer_seq=41 t=706 es=66 k=0 motion_frames=- motion_emb_sha= motion_pos_sha= motion_mask= mem_order_sha= motion_cols_sha= donor=None cover=exact:0,fallback:0,cycle:0,cross_seg:0 gate=none num_steps=10 act_sha=39fb05f1442e4dd5 infer_ms=67.6
INFO:mme_vla_suite.serving.websocket_policy_server:TIMING infer_ms=67.6
INFO:mme_vla_suite.serving.websocket_policy_server:TIMING add_buffer_ms=39.5 frames=16 exec_start_idx=0
MV_INFER cond=normal split=test task=VideoUnmask ep=7 ep_seq=5 infer_seq=42 t=722 es=66 k=0 motion_frames=- motion_emb_sha= motion_pos_sha= motion_mask= mem_order_sha= motion_cols_sha= donor=None cover=exact:0,fallback:0,cycle:0,cross_seg:0 gate=none num_steps=10 act_sha=f7667fece683d15c infer_ms=67.4
INFO:mme_vla_suite.serving.websocket_policy_server:TIMING infer_ms=67.4
INFO:mme_vla_suite.serving.websocket_policy_server:TIMING add_buffer_ms=37.8 frames=16 exec_start_idx=0
MV_INFER cond=normal split=test task=VideoUnmask ep=7 ep_seq=5 infer_seq=43 t=738 es=66 k=0 motion_frames=- motion_emb_sha= motion_pos_sha= motion_mask= mem_order_sha= motion_cols_sha= donor=None cover=exact:0,fallback:0,cycle:0,cross_seg:0 gate=none num_steps=10 act_sha=bab6b95e99979f31 infer_ms=67.5
INFO:mme_vla_suite.serving.websocket_policy_server:TIMING infer_ms=67.5
INFO:mme_vla_suite.serving.websocket_policy_server:TIMING add_buffer_ms=37.6 frames=16 exec_start_idx=0
MV_INFER cond=normal split=test task=VideoUnmask ep=7 ep_seq=5 infer_seq=44 t=754 es=66 k=0 motion_frames=- motion_emb_sha= motion_pos_sha= motion_mask= mem_order_sha= motion_cols_sha= donor=None cover=exact:0,fallback:0,cycle:0,cross_seg:0 gate=none num_steps=10 act_sha=c56b5d47a53ca63e infer_ms=67.5
INFO:mme_vla_suite.serving.websocket_policy_server:TIMING infer_ms=67.5
INFO:mme_vla_suite.serving.websocket_policy_server:TIMING add_buffer_ms=37.1 frames=16 exec_start_idx=0
MV_INFER cond=normal split=test task=VideoUnmask ep=7 ep_seq=5 infer_seq=45 t=770 es=66 k=0 motion_frames=- motion_emb_sha= motion_pos_sha= motion_mask= mem_order_sha= motion_cols_sha= donor=None cover=exact:0,fallback:0,cycle:0,cross_seg:0 gate=none num_steps=10 act_sha=be0803026219d93e infer_ms=67.3
INFO:mme_vla_suite.serving.websocket_policy_server:TIMING infer_ms=67.3
INFO:mme_vla_suite.serving.websocket_policy_server:TIMING add_buffer_ms=36.8 frames=16 exec_start_idx=0
MV_INFER cond=normal split=test task=VideoUnmask ep=7 ep_seq=5 infer_seq=46 t=786 es=66 k=0 motion_frames=- motion_emb_sha= motion_pos_sha= motion_mask= mem_order_sha= motion_cols_sha= donor=None cover=exact:0,fallback:0,cycle:0,cross_seg:0 gate=none num_steps=10 act_sha=3033f207e31cfa88 infer_ms=67.3
INFO:mme_vla_suite.serving.websocket_policy_server:TIMING infer_ms=67.3
INFO:mme_vla_suite.serving.websocket_policy_server:TIMING add_buffer_ms=40.0 frames=16 exec_start_idx=0
MV_INFER cond=normal split=test task=VideoUnmask ep=7 ep_seq=5 infer_seq=47 t=802 es=66 k=0 motion_frames=- motion_emb_sha= motion_pos_sha= motion_mask= mem_order_sha= motion_cols_sha= donor=None cover=exact:0,fallback:0,cycle:0,cross_seg:0 gate=none num_steps=10 act_sha=324481237d79c0fa infer_ms=67.6
INFO:mme_vla_suite.serving.websocket_policy_server:TIMING infer_ms=67.6
INFO:mme_vla_suite.serving.websocket_policy_server:TIMING add_buffer_ms=40.5 frames=16 exec_start_idx=0
MV_INFER cond=normal split=test task=VideoUnmask ep=7 ep_seq=5 infer_seq=48 t=818 es=66 k=0 motion_frames=- motion_emb_sha= motion_pos_sha= motion_mask= mem_order_sha= motion_cols_sha= donor=None cover=exact:0,fallback:0,cycle:0,cross_seg:0 gate=none num_steps=10 act_sha=cce3d5cd95aaf0b5 infer_ms=67.5
INFO:mme_vla_suite.serving.websocket_policy_server:TIMING infer_ms=67.5
INFO:mme_vla_suite.serving.websocket_policy_server:TIMING add_buffer_ms=38.5 frames=16 exec_start_idx=0
MV_INFER cond=normal split=test task=VideoUnmask ep=7 ep_seq=5 infer_seq=49 t=834 es=66 k=0 motion_frames=- motion_emb_sha= motion_pos_sha= motion_mask= mem_order_sha= motion_cols_sha= donor=None cover=exact:0,fallback:0,cycle:0,cross_seg:0 gate=none num_steps=10 act_sha=701791c21236a281 infer_ms=67.3
INFO:mme_vla_suite.serving.websocket_policy_server:TIMING infer_ms=67.3
INFO:mme_vla_suite.serving.websocket_policy_server:TIMING add_buffer_ms=37.3 frames=16 exec_start_idx=0
MV_INFER cond=normal split=test task=VideoUnmask ep=7 ep_seq=5 infer_seq=50 t=850 es=66 k=0 motion_frames=- motion_emb_sha= motion_pos_sha= motion_mask= mem_order_sha= motion_cols_sha= donor=None cover=exact:0,fallback:0,cycle:0,cross_seg:0 gate=none num_steps=10 act_sha=a85a17b5097e060d infer_ms=67.2
INFO:mme_vla_suite.serving.websocket_policy_server:TIMING infer_ms=67.2
INFO:mme_vla_suite.serving.websocket_policy_server:TIMING add_buffer_ms=38.0 frames=16 exec_start_idx=0
MV_INFER cond=normal split=test task=VideoUnmask ep=7 ep_seq=5 infer_seq=51 t=866 es=66 k=0 motion_frames=- motion_emb_sha= motion_pos_sha= motion_mask= mem_order_sha= motion_cols_sha= donor=None cover=exact:0,fallback:0,cycle:0,cross_seg:0 gate=none num_steps=10 act_sha=479c9fbf5f57e4fc infer_ms=67.2
INFO:mme_vla_suite.serving.websocket_policy_server:TIMING infer_ms=67.2
INFO:mme_vla_suite.serving.websocket_policy_server:TIMING add_buffer_ms=40.3 frames=16 exec_start_idx=0
MV_INFER cond=normal split=test task=VideoUnmask ep=7 ep_seq=5 infer_seq=52 t=882 es=66 k=0 motion_frames=- motion_emb_sha= motion_pos_sha= motion_mask= mem_order_sha= motion_cols_sha= donor=None cover=exact:0,fallback:0,cycle:0,cross_seg:0 gate=none num_steps=10 act_sha=34382f0e73ad3008 infer_ms=67.3
INFO:mme_vla_suite.serving.websocket_policy_server:TIMING infer_ms=67.3
INFO:mme_vla_suite.serving.websocket_policy_server:TIMING add_buffer_ms=38.1 frames=16 exec_start_idx=0
MV_INFER cond=normal split=test task=VideoUnmask ep=7 ep_seq=5 infer_seq=53 t=898 es=66 k=0 motion_frames=- motion_emb_sha= motion_pos_sha= motion_mask= mem_order_sha= motion_cols_sha= donor=None cover=exact:0,fallback:0,cycle:0,cross_seg:0 gate=none num_steps=10 act_sha=ed40808460924768 infer_ms=67.1
INFO:mme_vla_suite.serving.websocket_policy_server:TIMING infer_ms=67.1
INFO:mme_vla_suite.serving.websocket_policy_server:TIMING add_buffer_ms=40.9 frames=16 exec_start_idx=0
MV_INFER cond=normal split=test task=VideoUnmask ep=7 ep_seq=5 infer_seq=54 t=914 es=66 k=0 motion_frames=- motion_emb_sha= motion_pos_sha= motion_mask= mem_order_sha= motion_cols_sha= donor=None cover=exact:0,fallback:0,cycle:0,cross_seg:0 gate=none num_steps=10 act_sha=dd9e256187e2f539 infer_ms=67.4
INFO:mme_vla_suite.serving.websocket_policy_server:TIMING infer_ms=67.4
INFO:mme_vla_suite.serving.websocket_policy_server:TIMING add_buffer_ms=39.9 frames=16 exec_start_idx=0
MV_INFER cond=normal split=test task=VideoUnmask ep=7 ep_seq=5 infer_seq=55 t=930 es=66 k=0 motion_frames=- motion_emb_sha= motion_pos_sha= motion_mask= mem_order_sha= motion_cols_sha= donor=None cover=exact:0,fallback:0,cycle:0,cross_seg:0 gate=none num_steps=10 act_sha=d58a2706c0a07d0d infer_ms=67.3
INFO:mme_vla_suite.serving.websocket_policy_server:TIMING infer_ms=67.3
INFO:mme_vla_suite.serving.websocket_policy_server:TIMING add_buffer_ms=37.9 frames=16 exec_start_idx=0
MV_INFER cond=normal split=test task=VideoUnmask ep=7 ep_seq=5 infer_seq=56 t=946 es=66 k=0 motion_frames=- motion_emb_sha= motion_pos_sha= motion_mask= mem_order_sha= motion_cols_sha= donor=None cover=exact:0,fallback:0,cycle:0,cross_seg:0 gate=none num_steps=10 act_sha=f5a8885cb49ab6e3 infer_ms=67.2
INFO:mme_vla_suite.serving.websocket_policy_server:TIMING infer_ms=67.2
INFO:mme_vla_suite.serving.websocket_policy_server:TIMING add_buffer_ms=38.3 frames=16 exec_start_idx=0
MV_INFER cond=normal split=test task=VideoUnmask ep=7 ep_seq=5 infer_seq=57 t=962 es=66 k=0 motion_frames=- motion_emb_sha= motion_pos_sha= motion_mask= mem_order_sha= motion_cols_sha= donor=None cover=exact:0,fallback:0,cycle:0,cross_seg:0 gate=none num_steps=10 act_sha=0faa1698407cde9b infer_ms=67.8
INFO:mme_vla_suite.serving.websocket_policy_server:TIMING infer_ms=67.8
INFO:mme_vla_suite.serving.websocket_policy_server:TIMING add_buffer_ms=39.9 frames=16 exec_start_idx=0
MV_INFER cond=normal split=test task=VideoUnmask ep=7 ep_seq=5 infer_seq=58 t=978 es=66 k=0 motion_frames=- motion_emb_sha= motion_pos_sha= motion_mask= mem_order_sha= motion_cols_sha= donor=None cover=exact:0,fallback:0,cycle:0,cross_seg:0 gate=none num_steps=10 act_sha=ff8cf6d64a624251 infer_ms=67.5
INFO:mme_vla_suite.serving.websocket_policy_server:TIMING infer_ms=67.5
INFO:mme_vla_suite.serving.websocket_policy_server:TIMING add_buffer_ms=39.8 frames=16 exec_start_idx=0
MV_INFER cond=normal split=test task=VideoUnmask ep=7 ep_seq=5 infer_seq=59 t=994 es=66 k=0 motion_frames=- motion_emb_sha= motion_pos_sha= motion_mask= mem_order_sha= motion_cols_sha= donor=None cover=exact:0,fallback:0,cycle:0,cross_seg:0 gate=none num_steps=10 act_sha=7449963ef7a40525 infer_ms=67.5
INFO:mme_vla_suite.serving.websocket_policy_server:TIMING infer_ms=67.5
INFO:mme_vla_suite.serving.websocket_policy_server:TIMING add_buffer_ms=38.7 frames=16 exec_start_idx=0
MV_INFER cond=normal split=test task=VideoUnmask ep=7 ep_seq=5 infer_seq=60 t=1010 es=66 k=0 motion_frames=- motion_emb_sha= motion_pos_sha= motion_mask= mem_order_sha= motion_cols_sha= donor=None cover=exact:0,fallback:0,cycle:0,cross_seg:0 gate=none num_steps=10 act_sha=dfbddde1f4c3c8e7 infer_ms=67.2
INFO:mme_vla_suite.serving.websocket_policy_server:TIMING infer_ms=67.2
INFO:mme_vla_suite.serving.websocket_policy_server:TIMING add_buffer_ms=37.9 frames=16 exec_start_idx=0
MV_INFER cond=normal split=test task=VideoUnmask ep=7 ep_seq=5 infer_seq=61 t=1026 es=66 k=0 motion_frames=- motion_emb_sha= motion_pos_sha= motion_mask= mem_order_sha= motion_cols_sha= donor=None cover=exact:0,fallback:0,cycle:0,cross_seg:0 gate=none num_steps=10 act_sha=eb2fa173f90e7b61 infer_ms=67.3
INFO:mme_vla_suite.serving.websocket_policy_server:TIMING infer_ms=67.3
INFO:mme_vla_suite.serving.websocket_policy_server:TIMING add_buffer_ms=40.4 frames=16 exec_start_idx=0
MV_INFER cond=normal split=test task=VideoUnmask ep=7 ep_seq=5 infer_seq=62 t=1042 es=66 k=0 motion_frames=- motion_emb_sha= motion_pos_sha= motion_mask= mem_order_sha= motion_cols_sha= donor=None cover=exact:0,fallback:0,cycle:0,cross_seg:0 gate=none num_steps=10 act_sha=cf7cb3763b1fdc05 infer_ms=67.3
INFO:mme_vla_suite.serving.websocket_policy_server:TIMING infer_ms=67.3
INFO:mme_vla_suite.serving.websocket_policy_server:TIMING add_buffer_ms=38.2 frames=16 exec_start_idx=0
MV_INFER cond=normal split=test task=VideoUnmask ep=7 ep_seq=5 infer_seq=63 t=1058 es=66 k=0 motion_frames=- motion_emb_sha= motion_pos_sha= motion_mask= mem_order_sha= motion_cols_sha= donor=None cover=exact:0,fallback:0,cycle:0,cross_seg:0 gate=none num_steps=10 act_sha=66d818f59e7c187e infer_ms=67.4
INFO:mme_vla_suite.serving.websocket_policy_server:TIMING infer_ms=67.4
INFO:mme_vla_suite.serving.websocket_policy_server:TIMING add_buffer_ms=38.7 frames=16 exec_start_idx=0
MV_INFER cond=normal split=test task=VideoUnmask ep=7 ep_seq=5 infer_seq=64 t=1074 es=66 k=0 motion_frames=- motion_emb_sha= motion_pos_sha= motion_mask= mem_order_sha= motion_cols_sha= donor=None cover=exact:0,fallback:0,cycle:0,cross_seg:0 gate=none num_steps=10 act_sha=44f04fdc54360341 infer_ms=67.7
INFO:mme_vla_suite.serving.websocket_policy_server:TIMING infer_ms=67.7
INFO:mme_vla_suite.serving.websocket_policy_server:TIMING add_buffer_ms=40.6 frames=16 exec_start_idx=0
MV_INFER cond=normal split=test task=VideoUnmask ep=7 ep_seq=5 infer_seq=65 t=1090 es=66 k=0 motion_frames=- motion_emb_sha= motion_pos_sha= motion_mask= mem_order_sha= motion_cols_sha= donor=None cover=exact:0,fallback:0,cycle:0,cross_seg:0 gate=none num_steps=10 act_sha=e4bca85a3925809e infer_ms=68.0
INFO:mme_vla_suite.serving.websocket_policy_server:TIMING infer_ms=68.0
INFO:mme_vla_suite.serving.websocket_policy_server:TIMING add_buffer_ms=41.6 frames=16 exec_start_idx=0
MV_INFER cond=normal split=test task=VideoUnmask ep=7 ep_seq=5 infer_seq=66 t=1106 es=66 k=0 motion_frames=- motion_emb_sha= motion_pos_sha= motion_mask= mem_order_sha= motion_cols_sha= donor=None cover=exact:0,fallback:0,cycle:0,cross_seg:0 gate=none num_steps=10 act_sha=5eb6ae80e2944bf2 infer_ms=68.0
INFO:mme_vla_suite.serving.websocket_policy_server:TIMING infer_ms=68.0
INFO:mme_vla_suite.serving.websocket_policy_server:TIMING add_buffer_ms=41.3 frames=16 exec_start_idx=0
MV_INFER cond=normal split=test task=VideoUnmask ep=7 ep_seq=5 infer_seq=67 t=1122 es=66 k=0 motion_frames=- motion_emb_sha= motion_pos_sha= motion_mask= mem_order_sha= motion_cols_sha= donor=None cover=exact:0,fallback:0,cycle:0,cross_seg:0 gate=none num_steps=10 act_sha=2d3f791f455e63f1 infer_ms=67.8
INFO:mme_vla_suite.serving.websocket_policy_server:TIMING infer_ms=67.8
INFO:mme_vla_suite.serving.websocket_policy_server:TIMING add_buffer_ms=38.2 frames=16 exec_start_idx=0
MV_INFER cond=normal split=test task=VideoUnmask ep=7 ep_seq=5 infer_seq=68 t=1138 es=66 k=0 motion_frames=- motion_emb_sha= motion_pos_sha= motion_mask= mem_order_sha= motion_cols_sha= donor=None cover=exact:0,fallback:0,cycle:0,cross_seg:0 gate=none num_steps=10 act_sha=a66cc44f4a97b40d infer_ms=67.6
INFO:mme_vla_suite.serving.websocket_policy_server:TIMING infer_ms=67.6
INFO:mme_vla_suite.serving.websocket_policy_server:TIMING add_buffer_ms=38.2 frames=16 exec_start_idx=0
MV_INFER cond=normal split=test task=VideoUnmask ep=7 ep_seq=5 infer_seq=69 t=1154 es=66 k=0 motion_frames=- motion_emb_sha= motion_pos_sha= motion_mask= mem_order_sha= motion_cols_sha= donor=None cover=exact:0,fallback:0,cycle:0,cross_seg:0 gate=none num_steps=10 act_sha=1ffe444dcb82d81a infer_ms=68.0
INFO:mme_vla_suite.serving.websocket_policy_server:TIMING infer_ms=68.0
INFO:mme_vla_suite.serving.websocket_policy_server:TIMING add_buffer_ms=41.8 frames=16 exec_start_idx=0
MV_INFER cond=normal split=test task=VideoUnmask ep=7 ep_seq=5 infer_seq=70 t=1170 es=66 k=0 motion_frames=- motion_emb_sha= motion_pos_sha= motion_mask= mem_order_sha= motion_cols_sha= donor=None cover=exact:0,fallback:0,cycle:0,cross_seg:0 gate=none num_steps=10 act_sha=8e4ef8d2ee25d255 infer_ms=69.0
INFO:mme_vla_suite.serving.websocket_policy_server:TIMING infer_ms=69.0
INFO:mme_vla_suite.serving.websocket_policy_server:TIMING add_buffer_ms=37.2 frames=16 exec_start_idx=0
MV_INFER cond=normal split=test task=VideoUnmask ep=7 ep_seq=5 infer_seq=71 t=1186 es=66 k=0 motion_frames=- motion_emb_sha= motion_pos_sha= motion_mask= mem_order_sha= motion_cols_sha= donor=None cover=exact:0,fallback:0,cycle:0,cross_seg:0 gate=none num_steps=10 act_sha=46ffb1a6cb58db13 infer_ms=67.3
INFO:mme_vla_suite.serving.websocket_policy_server:TIMING infer_ms=67.3
INFO:mme_vla_suite.serving.websocket_policy_server:TIMING add_buffer_ms=38.2 frames=16 exec_start_idx=0
MV_INFER cond=normal split=test task=VideoUnmask ep=7 ep_seq=5 infer_seq=72 t=1202 es=66 k=0 motion_frames=- motion_emb_sha= motion_pos_sha= motion_mask= mem_order_sha= motion_cols_sha= donor=None cover=exact:0,fallback:0,cycle:0,cross_seg:0 gate=none num_steps=10 act_sha=2d578177ed054caa infer_ms=67.4
INFO:mme_vla_suite.serving.websocket_policy_server:TIMING infer_ms=67.4
INFO:mme_vla_suite.serving.websocket_policy_server:TIMING add_buffer_ms=37.5 frames=16 exec_start_idx=0
MV_INFER cond=normal split=test task=VideoUnmask ep=7 ep_seq=5 infer_seq=73 t=1218 es=66 k=0 motion_frames=- motion_emb_sha= motion_pos_sha= motion_mask= mem_order_sha= motion_cols_sha= donor=None cover=exact:0,fallback:0,cycle:0,cross_seg:0 gate=none num_steps=10 act_sha=75b7f03027ace6a3 infer_ms=67.4
INFO:mme_vla_suite.serving.websocket_policy_server:TIMING infer_ms=67.4
INFO:mme_vla_suite.serving.websocket_policy_server:TIMING add_buffer_ms=38.0 frames=16 exec_start_idx=0
MV_INFER cond=normal split=test task=VideoUnmask ep=7 ep_seq=5 infer_seq=74 t=1234 es=66 k=0 motion_frames=- motion_emb_sha= motion_pos_sha= motion_mask= mem_order_sha= motion_cols_sha= donor=None cover=exact:0,fallback:0,cycle:0,cross_seg:0 gate=none num_steps=10 act_sha=f1da0fc97233bbe4 infer_ms=68.0
INFO:mme_vla_suite.serving.websocket_policy_server:TIMING infer_ms=68.0
INFO:mme_vla_suite.serving.websocket_policy_server:TIMING add_buffer_ms=38.0 frames=16 exec_start_idx=0
MV_INFER cond=normal split=test task=VideoUnmask ep=7 ep_seq=5 infer_seq=75 t=1250 es=66 k=0 motion_frames=- motion_emb_sha= motion_pos_sha= motion_mask= mem_order_sha= motion_cols_sha= donor=None cover=exact:0,fallback:0,cycle:0,cross_seg:0 gate=none num_steps=10 act_sha=039a1a0e4d49f171 infer_ms=67.5
INFO:mme_vla_suite.serving.websocket_policy_server:TIMING infer_ms=67.5
INFO:mme_vla_suite.serving.websocket_policy_server:TIMING add_buffer_ms=38.3 frames=16 exec_start_idx=0
MV_INFER cond=normal split=test task=VideoUnmask ep=7 ep_seq=5 infer_seq=76 t=1266 es=66 k=0 motion_frames=- motion_emb_sha= motion_pos_sha= motion_mask= mem_order_sha= motion_cols_sha= donor=None cover=exact:0,fallback:0,cycle:0,cross_seg:0 gate=none num_steps=10 act_sha=792f909bd7e18ba0 infer_ms=68.0
INFO:mme_vla_suite.serving.websocket_policy_server:TIMING infer_ms=68.0
INFO:mme_vla_suite.serving.websocket_policy_server:TIMING add_buffer_ms=41.5 frames=16 exec_start_idx=0
MV_INFER cond=normal split=test task=VideoUnmask ep=7 ep_seq=5 infer_seq=77 t=1282 es=66 k=0 motion_frames=- motion_emb_sha= motion_pos_sha= motion_mask= mem_order_sha= motion_cols_sha= donor=None cover=exact:0,fallback:0,cycle:0,cross_seg:0 gate=none num_steps=10 act_sha=fc215ec83e1d9af6 infer_ms=67.9
INFO:mme_vla_suite.serving.websocket_policy_server:TIMING infer_ms=67.9
INFO:mme_vla_suite.serving.websocket_policy_server:TIMING add_buffer_ms=41.0 frames=16 exec_start_idx=0
MV_INFER cond=normal split=test task=VideoUnmask ep=7 ep_seq=5 infer_seq=78 t=1298 es=66 k=0 motion_frames=- motion_emb_sha= motion_pos_sha= motion_mask= mem_order_sha= motion_cols_sha= donor=None cover=exact:0,fallback:0,cycle:0,cross_seg:0 gate=none num_steps=10 act_sha=737553e24c1bec33 infer_ms=67.7
INFO:mme_vla_suite.serving.websocket_policy_server:TIMING infer_ms=67.7
INFO:mme_vla_suite.serving.websocket_policy_server:TIMING add_buffer_ms=39.4 frames=16 exec_start_idx=0
MV_INFER cond=normal split=test task=VideoUnmask ep=7 ep_seq=5 infer_seq=79 t=1314 es=66 k=0 motion_frames=- motion_emb_sha= motion_pos_sha= motion_mask= mem_order_sha= motion_cols_sha= donor=None cover=exact:0,fallback:0,cycle:0,cross_seg:0 gate=none num_steps=10 act_sha=c71060d24aaccdc2 infer_ms=67.6
INFO:mme_vla_suite.serving.websocket_policy_server:TIMING infer_ms=67.6
INFO:mme_vla_suite.serving.websocket_policy_server:TIMING add_buffer_ms=39.4 frames=16 exec_start_idx=0
MV_INFER cond=normal split=test task=VideoUnmask ep=7 ep_seq=5 infer_seq=80 t=1330 es=66 k=0 motion_frames=- motion_emb_sha= motion_pos_sha= motion_mask= mem_order_sha= motion_cols_sha= donor=None cover=exact:0,fallback:0,cycle:0,cross_seg:0 gate=none num_steps=10 act_sha=7b644f176df3bd1b infer_ms=67.6
INFO:mme_vla_suite.serving.websocket_policy_server:TIMING infer_ms=67.6
INFO:mme_vla_suite.serving.websocket_policy_server:TIMING add_buffer_ms=41.9 frames=16 exec_start_idx=0
MV_INFER cond=normal split=test task=VideoUnmask ep=7 ep_seq=5 infer_seq=81 t=1346 es=66 k=0 motion_frames=- motion_emb_sha= motion_pos_sha= motion_mask= mem_order_sha= motion_cols_sha= donor=None cover=exact:0,fallback:0,cycle:0,cross_seg:0 gate=none num_steps=10 act_sha=c993f4977c39bf95 infer_ms=68.0
INFO:mme_vla_suite.serving.websocket_policy_server:TIMING infer_ms=68.0
INFO:mme_vla_suite.serving.websocket_policy_server:TIMING add_buffer_ms=39.3 frames=16 exec_start_idx=0
MV_INFER cond=normal split=test task=VideoUnmask ep=7 ep_seq=5 infer_seq=82 t=1362 es=66 k=0 motion_frames=- motion_emb_sha= motion_pos_sha= motion_mask= mem_order_sha= motion_cols_sha= donor=None cover=exact:0,fallback:0,cycle:0,cross_seg:0 gate=none num_steps=10 act_sha=ce7851c7c40d5aff infer_ms=67.8
INFO:mme_vla_suite.serving.websocket_policy_server:TIMING infer_ms=67.8
INFO:websockets.server:connection open
INFO:mme_vla_suite.serving.websocket_policy_server:Connection from ('127.0.0.1', 59548) opened
MV_EPISODE_END ep_seq=5 infers=82 windows=0 wall_s=34.9
MV_EPISODE_BEGIN cond=normal split=test seed=42 ep_seq=6 expect=VideoUnmask:11
INFO:mme_vla_suite.serving.websocket_policy_server:TIMING add_buffer_ms=152.1 frames=67 exec_start_idx=66
MV_INFER cond=normal split=test task=VideoUnmask ep=11 ep_seq=6 infer_seq=1 t=66 es=66 k=0 motion_frames=- motion_emb_sha= motion_pos_sha= motion_mask= mem_order_sha= motion_cols_sha= donor=None cover=exact:0,fallback:0,cycle:0,cross_seg:0 gate=none num_steps=10 act_sha=98766570b3a948d2 infer_ms=68.2
INFO:mme_vla_suite.serving.websocket_policy_server:TIMING infer_ms=68.2
INFO:mme_vla_suite.serving.websocket_policy_server:TIMING add_buffer_ms=36.1 frames=16 exec_start_idx=0
MV_INFER cond=normal split=test task=VideoUnmask ep=11 ep_seq=6 infer_seq=2 t=82 es=66 k=0 motion_frames=- motion_emb_sha= motion_pos_sha= motion_mask= mem_order_sha= motion_cols_sha= donor=None cover=exact:0,fallback:0,cycle:0,cross_seg:0 gate=none num_steps=10 act_sha=e7afc5fa9c41769a infer_ms=67.7
INFO:mme_vla_suite.serving.websocket_policy_server:TIMING infer_ms=67.7
INFO:mme_vla_suite.serving.websocket_policy_server:TIMING add_buffer_ms=35.6 frames=16 exec_start_idx=0
MV_INFER cond=normal split=test task=VideoUnmask ep=11 ep_seq=6 infer_seq=3 t=98 es=66 k=0 motion_frames=- motion_emb_sha= motion_pos_sha= motion_mask= mem_order_sha= motion_cols_sha= donor=None cover=exact:0,fallback:0,cycle:0,cross_seg:0 gate=none num_steps=10 act_sha=a361910a926d3046 infer_ms=67.6
INFO:mme_vla_suite.serving.websocket_policy_server:TIMING infer_ms=67.6
INFO:mme_vla_suite.serving.websocket_policy_server:TIMING add_buffer_ms=37.8 frames=16 exec_start_idx=0
MV_INFER cond=normal split=test task=VideoUnmask ep=11 ep_seq=6 infer_seq=4 t=114 es=66 k=0 motion_frames=- motion_emb_sha= motion_pos_sha= motion_mask= mem_order_sha= motion_cols_sha= donor=None cover=exact:0,fallback:0,cycle:0,cross_seg:0 gate=none num_steps=10 act_sha=ac2702772c95a07d infer_ms=67.3
INFO:mme_vla_suite.serving.websocket_policy_server:TIMING infer_ms=67.3
INFO:mme_vla_suite.serving.websocket_policy_server:TIMING add_buffer_ms=36.2 frames=16 exec_start_idx=0
MV_INFER cond=normal split=test task=VideoUnmask ep=11 ep_seq=6 infer_seq=5 t=130 es=66 k=0 motion_frames=- motion_emb_sha= motion_pos_sha= motion_mask= mem_order_sha= motion_cols_sha= donor=None cover=exact:0,fallback:0,cycle:0,cross_seg:0 gate=none num_steps=10 act_sha=d0da142ee14f50a3 infer_ms=67.3
INFO:mme_vla_suite.serving.websocket_policy_server:TIMING infer_ms=67.3
INFO:mme_vla_suite.serving.websocket_policy_server:TIMING add_buffer_ms=36.0 frames=16 exec_start_idx=0
MV_INFER cond=normal split=test task=VideoUnmask ep=11 ep_seq=6 infer_seq=6 t=146 es=66 k=0 motion_frames=- motion_emb_sha= motion_pos_sha= motion_mask= mem_order_sha= motion_cols_sha= donor=None cover=exact:0,fallback:0,cycle:0,cross_seg:0 gate=none num_steps=10 act_sha=64529afc56725ce2 infer_ms=67.4
INFO:mme_vla_suite.serving.websocket_policy_server:TIMING infer_ms=67.4
INFO:mme_vla_suite.serving.websocket_policy_server:TIMING add_buffer_ms=37.7 frames=16 exec_start_idx=0
MV_INFER cond=normal split=test task=VideoUnmask ep=11 ep_seq=6 infer_seq=7 t=162 es=66 k=0 motion_frames=- motion_emb_sha= motion_pos_sha= motion_mask= mem_order_sha= motion_cols_sha= donor=None cover=exact:0,fallback:0,cycle:0,cross_seg:0 gate=none num_steps=10 act_sha=599c66f6c0f3a90e infer_ms=67.2
INFO:mme_vla_suite.serving.websocket_policy_server:TIMING infer_ms=67.2
INFO:mme_vla_suite.serving.websocket_policy_server:TIMING add_buffer_ms=37.5 frames=16 exec_start_idx=0
MV_INFER cond=normal split=test task=VideoUnmask ep=11 ep_seq=6 infer_seq=8 t=178 es=66 k=0 motion_frames=- motion_emb_sha= motion_pos_sha= motion_mask= mem_order_sha= motion_cols_sha= donor=None cover=exact:0,fallback:0,cycle:0,cross_seg:0 gate=none num_steps=10 act_sha=d76c21a31a92a9e7 infer_ms=67.7
INFO:mme_vla_suite.serving.websocket_policy_server:TIMING infer_ms=67.7
INFO:mme_vla_suite.serving.websocket_policy_server:TIMING add_buffer_ms=37.5 frames=16 exec_start_idx=0
MV_INFER cond=normal split=test task=VideoUnmask ep=11 ep_seq=6 infer_seq=9 t=194 es=66 k=0 motion_frames=- motion_emb_sha= motion_pos_sha= motion_mask= mem_order_sha= motion_cols_sha= donor=None cover=exact:0,fallback:0,cycle:0,cross_seg:0 gate=none num_steps=10 act_sha=2eb9e9052f07ee81 infer_ms=67.1
INFO:mme_vla_suite.serving.websocket_policy_server:TIMING infer_ms=67.1
INFO:mme_vla_suite.serving.websocket_policy_server:TIMING add_buffer_ms=37.7 frames=16 exec_start_idx=0
MV_INFER cond=normal split=test task=VideoUnmask ep=11 ep_seq=6 infer_seq=10 t=210 es=66 k=0 motion_frames=- motion_emb_sha= motion_pos_sha= motion_mask= mem_order_sha= motion_cols_sha= donor=None cover=exact:0,fallback:0,cycle:0,cross_seg:0 gate=none num_steps=10 act_sha=0e130ee97c051ab0 infer_ms=67.6
INFO:mme_vla_suite.serving.websocket_policy_server:TIMING infer_ms=67.6
INFO:mme_vla_suite.serving.websocket_policy_server:TIMING add_buffer_ms=38.1 frames=16 exec_start_idx=0
MV_INFER cond=normal split=test task=VideoUnmask ep=11 ep_seq=6 infer_seq=11 t=226 es=66 k=0 motion_frames=- motion_emb_sha= motion_pos_sha= motion_mask= mem_order_sha= motion_cols_sha= donor=None cover=exact:0,fallback:0,cycle:0,cross_seg:0 gate=none num_steps=10 act_sha=8bcec602ba6ddb5d infer_ms=67.7
INFO:mme_vla_suite.serving.websocket_policy_server:TIMING infer_ms=67.7
INFO:mme_vla_suite.serving.websocket_policy_server:TIMING add_buffer_ms=37.2 frames=16 exec_start_idx=0
MV_INFER cond=normal split=test task=VideoUnmask ep=11 ep_seq=6 infer_seq=12 t=242 es=66 k=0 motion_frames=- motion_emb_sha= motion_pos_sha= motion_mask= mem_order_sha= motion_cols_sha= donor=None cover=exact:0,fallback:0,cycle:0,cross_seg:0 gate=none num_steps=10 act_sha=22af1470571031fd infer_ms=67.3
INFO:mme_vla_suite.serving.websocket_policy_server:TIMING infer_ms=67.3
INFO:mme_vla_suite.serving.websocket_policy_server:TIMING add_buffer_ms=38.2 frames=16 exec_start_idx=0
MV_INFER cond=normal split=test task=VideoUnmask ep=11 ep_seq=6 infer_seq=13 t=258 es=66 k=0 motion_frames=- motion_emb_sha= motion_pos_sha= motion_mask= mem_order_sha= motion_cols_sha= donor=None cover=exact:0,fallback:0,cycle:0,cross_seg:0 gate=none num_steps=10 act_sha=c6982c2b33be07a1 infer_ms=67.7
INFO:mme_vla_suite.serving.websocket_policy_server:TIMING infer_ms=67.7
INFO:mme_vla_suite.serving.websocket_policy_server:TIMING add_buffer_ms=39.5 frames=16 exec_start_idx=0
MV_INFER cond=normal split=test task=VideoUnmask ep=11 ep_seq=6 infer_seq=14 t=274 es=66 k=0 motion_frames=- motion_emb_sha= motion_pos_sha= motion_mask= mem_order_sha= motion_cols_sha= donor=None cover=exact:0,fallback:0,cycle:0,cross_seg:0 gate=none num_steps=10 act_sha=723293e0d2a54c2b infer_ms=67.3
INFO:mme_vla_suite.serving.websocket_policy_server:TIMING infer_ms=67.3
INFO:mme_vla_suite.serving.websocket_policy_server:TIMING add_buffer_ms=40.1 frames=16 exec_start_idx=0
MV_INFER cond=normal split=test task=VideoUnmask ep=11 ep_seq=6 infer_seq=15 t=290 es=66 k=0 motion_frames=- motion_emb_sha= motion_pos_sha= motion_mask= mem_order_sha= motion_cols_sha= donor=None cover=exact:0,fallback:0,cycle:0,cross_seg:0 gate=none num_steps=10 act_sha=a9f6ed3b9281d57c infer_ms=67.3
INFO:mme_vla_suite.serving.websocket_policy_server:TIMING infer_ms=67.3
INFO:mme_vla_suite.serving.websocket_policy_server:TIMING add_buffer_ms=38.2 frames=16 exec_start_idx=0
MV_INFER cond=normal split=test task=VideoUnmask ep=11 ep_seq=6 infer_seq=16 t=306 es=66 k=0 motion_frames=- motion_emb_sha= motion_pos_sha= motion_mask= mem_order_sha= motion_cols_sha= donor=None cover=exact:0,fallback:0,cycle:0,cross_seg:0 gate=none num_steps=10 act_sha=a1d7f4cd9471393d infer_ms=67.3
INFO:mme_vla_suite.serving.websocket_policy_server:TIMING infer_ms=67.3
INFO:mme_vla_suite.serving.websocket_policy_server:TIMING add_buffer_ms=37.8 frames=16 exec_start_idx=0
MV_INFER cond=normal split=test task=VideoUnmask ep=11 ep_seq=6 infer_seq=17 t=322 es=66 k=0 motion_frames=- motion_emb_sha= motion_pos_sha= motion_mask= mem_order_sha= motion_cols_sha= donor=None cover=exact:0,fallback:0,cycle:0,cross_seg:0 gate=none num_steps=10 act_sha=2db26d1d8a0659c5 infer_ms=67.3
INFO:mme_vla_suite.serving.websocket_policy_server:TIMING infer_ms=67.3
INFO:mme_vla_suite.serving.websocket_policy_server:TIMING add_buffer_ms=39.4 frames=16 exec_start_idx=0
MV_INFER cond=normal split=test task=VideoUnmask ep=11 ep_seq=6 infer_seq=18 t=338 es=66 k=0 motion_frames=- motion_emb_sha= motion_pos_sha= motion_mask= mem_order_sha= motion_cols_sha= donor=None cover=exact:0,fallback:0,cycle:0,cross_seg:0 gate=none num_steps=10 act_sha=d0ffcf1bf550c1d6 infer_ms=67.3
INFO:mme_vla_suite.serving.websocket_policy_server:TIMING infer_ms=67.3
INFO:mme_vla_suite.serving.websocket_policy_server:TIMING add_buffer_ms=39.4 frames=16 exec_start_idx=0
MV_INFER cond=normal split=test task=VideoUnmask ep=11 ep_seq=6 infer_seq=19 t=354 es=66 k=0 motion_frames=- motion_emb_sha= motion_pos_sha= motion_mask= mem_order_sha= motion_cols_sha= donor=None cover=exact:0,fallback:0,cycle:0,cross_seg:0 gate=none num_steps=10 act_sha=4e969ca339933532 infer_ms=67.4
INFO:mme_vla_suite.serving.websocket_policy_server:TIMING infer_ms=67.4
INFO:mme_vla_suite.serving.websocket_policy_server:TIMING add_buffer_ms=37.2 frames=16 exec_start_idx=0
MV_INFER cond=normal split=test task=VideoUnmask ep=11 ep_seq=6 infer_seq=20 t=370 es=66 k=0 motion_frames=- motion_emb_sha= motion_pos_sha= motion_mask= mem_order_sha= motion_cols_sha= donor=None cover=exact:0,fallback:0,cycle:0,cross_seg:0 gate=none num_steps=10 act_sha=379242154bde181d infer_ms=67.3
INFO:mme_vla_suite.serving.websocket_policy_server:TIMING infer_ms=67.3
INFO:mme_vla_suite.serving.websocket_policy_server:TIMING add_buffer_ms=37.1 frames=16 exec_start_idx=0
MV_INFER cond=normal split=test task=VideoUnmask ep=11 ep_seq=6 infer_seq=21 t=386 es=66 k=0 motion_frames=- motion_emb_sha= motion_pos_sha= motion_mask= mem_order_sha= motion_cols_sha= donor=None cover=exact:0,fallback:0,cycle:0,cross_seg:0 gate=none num_steps=10 act_sha=7fd3b14c77a03c7e infer_ms=67.3
INFO:mme_vla_suite.serving.websocket_policy_server:TIMING infer_ms=67.3
INFO:mme_vla_suite.serving.websocket_policy_server:TIMING add_buffer_ms=37.4 frames=16 exec_start_idx=0
MV_INFER cond=normal split=test task=VideoUnmask ep=11 ep_seq=6 infer_seq=22 t=402 es=66 k=0 motion_frames=- motion_emb_sha= motion_pos_sha= motion_mask= mem_order_sha= motion_cols_sha= donor=None cover=exact:0,fallback:0,cycle:0,cross_seg:0 gate=none num_steps=10 act_sha=a01d9e7859dfffdd infer_ms=67.2
INFO:mme_vla_suite.serving.websocket_policy_server:TIMING infer_ms=67.2
INFO:mme_vla_suite.serving.websocket_policy_server:TIMING add_buffer_ms=38.8 frames=16 exec_start_idx=0
MV_INFER cond=normal split=test task=VideoUnmask ep=11 ep_seq=6 infer_seq=23 t=418 es=66 k=0 motion_frames=- motion_emb_sha= motion_pos_sha= motion_mask= mem_order_sha= motion_cols_sha= donor=None cover=exact:0,fallback:0,cycle:0,cross_seg:0 gate=none num_steps=10 act_sha=9ed80eca88d29157 infer_ms=67.3
INFO:mme_vla_suite.serving.websocket_policy_server:TIMING infer_ms=67.3
INFO:mme_vla_suite.serving.websocket_policy_server:TIMING add_buffer_ms=37.7 frames=16 exec_start_idx=0
MV_INFER cond=normal split=test task=VideoUnmask ep=11 ep_seq=6 infer_seq=24 t=434 es=66 k=0 motion_frames=- motion_emb_sha= motion_pos_sha= motion_mask= mem_order_sha= motion_cols_sha= donor=None cover=exact:0,fallback:0,cycle:0,cross_seg:0 gate=none num_steps=10 act_sha=6d934df67277af85 infer_ms=67.4
INFO:mme_vla_suite.serving.websocket_policy_server:TIMING infer_ms=67.4
INFO:mme_vla_suite.serving.websocket_policy_server:TIMING add_buffer_ms=37.7 frames=16 exec_start_idx=0
MV_INFER cond=normal split=test task=VideoUnmask ep=11 ep_seq=6 infer_seq=25 t=450 es=66 k=0 motion_frames=- motion_emb_sha= motion_pos_sha= motion_mask= mem_order_sha= motion_cols_sha= donor=None cover=exact:0,fallback:0,cycle:0,cross_seg:0 gate=none num_steps=10 act_sha=9e465bb670ee3e9b infer_ms=67.3
INFO:mme_vla_suite.serving.websocket_policy_server:TIMING infer_ms=67.3
INFO:mme_vla_suite.serving.websocket_policy_server:TIMING add_buffer_ms=38.2 frames=16 exec_start_idx=0
MV_INFER cond=normal split=test task=VideoUnmask ep=11 ep_seq=6 infer_seq=26 t=466 es=66 k=0 motion_frames=- motion_emb_sha= motion_pos_sha= motion_mask= mem_order_sha= motion_cols_sha= donor=None cover=exact:0,fallback:0,cycle:0,cross_seg:0 gate=none num_steps=10 act_sha=07d315824e9e1ced infer_ms=67.4
INFO:mme_vla_suite.serving.websocket_policy_server:TIMING infer_ms=67.4
INFO:mme_vla_suite.serving.websocket_policy_server:TIMING add_buffer_ms=39.9 frames=16 exec_start_idx=0
MV_INFER cond=normal split=test task=VideoUnmask ep=11 ep_seq=6 infer_seq=27 t=482 es=66 k=0 motion_frames=- motion_emb_sha= motion_pos_sha= motion_mask= mem_order_sha= motion_cols_sha= donor=None cover=exact:0,fallback:0,cycle:0,cross_seg:0 gate=none num_steps=10 act_sha=309bc55905c41139 infer_ms=67.6
INFO:mme_vla_suite.serving.websocket_policy_server:TIMING infer_ms=67.6
INFO:mme_vla_suite.serving.websocket_policy_server:TIMING add_buffer_ms=38.0 frames=16 exec_start_idx=0
MV_INFER cond=normal split=test task=VideoUnmask ep=11 ep_seq=6 infer_seq=28 t=498 es=66 k=0 motion_frames=- motion_emb_sha= motion_pos_sha= motion_mask= mem_order_sha= motion_cols_sha= donor=None cover=exact:0,fallback:0,cycle:0,cross_seg:0 gate=none num_steps=10 act_sha=6835ab95c52aab4b infer_ms=68.2
INFO:mme_vla_suite.serving.websocket_policy_server:TIMING infer_ms=68.2
INFO:mme_vla_suite.serving.websocket_policy_server:TIMING add_buffer_ms=38.4 frames=16 exec_start_idx=0
MV_INFER cond=normal split=test task=VideoUnmask ep=11 ep_seq=6 infer_seq=29 t=514 es=66 k=0 motion_frames=- motion_emb_sha= motion_pos_sha= motion_mask= mem_order_sha= motion_cols_sha= donor=None cover=exact:0,fallback:0,cycle:0,cross_seg:0 gate=none num_steps=10 act_sha=d3798745f4999411 infer_ms=67.3
INFO:mme_vla_suite.serving.websocket_policy_server:TIMING infer_ms=67.3
INFO:mme_vla_suite.serving.websocket_policy_server:TIMING add_buffer_ms=42.7 frames=16 exec_start_idx=0
MV_INFER cond=normal split=test task=VideoUnmask ep=11 ep_seq=6 infer_seq=30 t=530 es=66 k=0 motion_frames=- motion_emb_sha= motion_pos_sha= motion_mask= mem_order_sha= motion_cols_sha= donor=None cover=exact:0,fallback:0,cycle:0,cross_seg:0 gate=none num_steps=10 act_sha=a65603e78806f24b infer_ms=67.7
INFO:mme_vla_suite.serving.websocket_policy_server:TIMING infer_ms=67.7
INFO:mme_vla_suite.serving.websocket_policy_server:TIMING add_buffer_ms=39.7 frames=16 exec_start_idx=0
MV_INFER cond=normal split=test task=VideoUnmask ep=11 ep_seq=6 infer_seq=31 t=546 es=66 k=0 motion_frames=- motion_emb_sha= motion_pos_sha= motion_mask= mem_order_sha= motion_cols_sha= donor=None cover=exact:0,fallback:0,cycle:0,cross_seg:0 gate=none num_steps=10 act_sha=4fbf9e211a1dd8d1 infer_ms=68.1
INFO:mme_vla_suite.serving.websocket_policy_server:TIMING infer_ms=68.1
INFO:mme_vla_suite.serving.websocket_policy_server:TIMING add_buffer_ms=39.1 frames=16 exec_start_idx=0
MV_INFER cond=normal split=test task=VideoUnmask ep=11 ep_seq=6 infer_seq=32 t=562 es=66 k=0 motion_frames=- motion_emb_sha= motion_pos_sha= motion_mask= mem_order_sha= motion_cols_sha= donor=None cover=exact:0,fallback:0,cycle:0,cross_seg:0 gate=none num_steps=10 act_sha=8dd63ff92981433f infer_ms=67.5
INFO:mme_vla_suite.serving.websocket_policy_server:TIMING infer_ms=67.5
INFO:mme_vla_suite.serving.websocket_policy_server:TIMING add_buffer_ms=40.4 frames=16 exec_start_idx=0
MV_INFER cond=normal split=test task=VideoUnmask ep=11 ep_seq=6 infer_seq=33 t=578 es=66 k=0 motion_frames=- motion_emb_sha= motion_pos_sha= motion_mask= mem_order_sha= motion_cols_sha= donor=None cover=exact:0,fallback:0,cycle:0,cross_seg:0 gate=none num_steps=10 act_sha=9375910a948f360b infer_ms=67.6
INFO:mme_vla_suite.serving.websocket_policy_server:TIMING infer_ms=67.6
INFO:mme_vla_suite.serving.websocket_policy_server:TIMING add_buffer_ms=37.8 frames=16 exec_start_idx=0
MV_INFER cond=normal split=test task=VideoUnmask ep=11 ep_seq=6 infer_seq=34 t=594 es=66 k=0 motion_frames=- motion_emb_sha= motion_pos_sha= motion_mask= mem_order_sha= motion_cols_sha= donor=None cover=exact:0,fallback:0,cycle:0,cross_seg:0 gate=none num_steps=10 act_sha=0194f3d7d63bd0b1 infer_ms=67.5
INFO:mme_vla_suite.serving.websocket_policy_server:TIMING infer_ms=67.5
INFO:mme_vla_suite.serving.websocket_policy_server:TIMING add_buffer_ms=39.8 frames=16 exec_start_idx=0
MV_INFER cond=normal split=test task=VideoUnmask ep=11 ep_seq=6 infer_seq=35 t=610 es=66 k=0 motion_frames=- motion_emb_sha= motion_pos_sha= motion_mask= mem_order_sha= motion_cols_sha= donor=None cover=exact:0,fallback:0,cycle:0,cross_seg:0 gate=none num_steps=10 act_sha=05f0b41fa598ee3e infer_ms=67.5
INFO:mme_vla_suite.serving.websocket_policy_server:TIMING infer_ms=67.5
INFO:mme_vla_suite.serving.websocket_policy_server:TIMING add_buffer_ms=39.7 frames=16 exec_start_idx=0
MV_INFER cond=normal split=test task=VideoUnmask ep=11 ep_seq=6 infer_seq=36 t=626 es=66 k=0 motion_frames=- motion_emb_sha= motion_pos_sha= motion_mask= mem_order_sha= motion_cols_sha= donor=None cover=exact:0,fallback:0,cycle:0,cross_seg:0 gate=none num_steps=10 act_sha=d9720749e3631786 infer_ms=67.5
INFO:mme_vla_suite.serving.websocket_policy_server:TIMING infer_ms=67.5
INFO:mme_vla_suite.serving.websocket_policy_server:TIMING add_buffer_ms=39.7 frames=16 exec_start_idx=0
MV_INFER cond=normal split=test task=VideoUnmask ep=11 ep_seq=6 infer_seq=37 t=642 es=66 k=0 motion_frames=- motion_emb_sha= motion_pos_sha= motion_mask= mem_order_sha= motion_cols_sha= donor=None cover=exact:0,fallback:0,cycle:0,cross_seg:0 gate=none num_steps=10 act_sha=e02ba5ce158a5588 infer_ms=67.4
INFO:mme_vla_suite.serving.websocket_policy_server:TIMING infer_ms=67.4
INFO:mme_vla_suite.serving.websocket_policy_server:TIMING add_buffer_ms=37.7 frames=16 exec_start_idx=0
MV_INFER cond=normal split=test task=VideoUnmask ep=11 ep_seq=6 infer_seq=38 t=658 es=66 k=0 motion_frames=- motion_emb_sha= motion_pos_sha= motion_mask= mem_order_sha= motion_cols_sha= donor=None cover=exact:0,fallback:0,cycle:0,cross_seg:0 gate=none num_steps=10 act_sha=6ada35074f106402 infer_ms=67.7
INFO:mme_vla_suite.serving.websocket_policy_server:TIMING infer_ms=67.7
INFO:mme_vla_suite.serving.websocket_policy_server:TIMING add_buffer_ms=40.6 frames=16 exec_start_idx=0
MV_INFER cond=normal split=test task=VideoUnmask ep=11 ep_seq=6 infer_seq=39 t=674 es=66 k=0 motion_frames=- motion_emb_sha= motion_pos_sha= motion_mask= mem_order_sha= motion_cols_sha= donor=None cover=exact:0,fallback:0,cycle:0,cross_seg:0 gate=none num_steps=10 act_sha=34388673a563368e infer_ms=68.2
INFO:mme_vla_suite.serving.websocket_policy_server:TIMING infer_ms=68.2
INFO:mme_vla_suite.serving.websocket_policy_server:TIMING add_buffer_ms=38.0 frames=16 exec_start_idx=0
MV_INFER cond=normal split=test task=VideoUnmask ep=11 ep_seq=6 infer_seq=40 t=690 es=66 k=0 motion_frames=- motion_emb_sha= motion_pos_sha= motion_mask= mem_order_sha= motion_cols_sha= donor=None cover=exact:0,fallback:0,cycle:0,cross_seg:0 gate=none num_steps=10 act_sha=cd0731ae137df512 infer_ms=67.5
INFO:mme_vla_suite.serving.websocket_policy_server:TIMING infer_ms=67.5
INFO:mme_vla_suite.serving.websocket_policy_server:TIMING add_buffer_ms=38.8 frames=16 exec_start_idx=0
MV_INFER cond=normal split=test task=VideoUnmask ep=11 ep_seq=6 infer_seq=41 t=706 es=66 k=0 motion_frames=- motion_emb_sha= motion_pos_sha= motion_mask= mem_order_sha= motion_cols_sha= donor=None cover=exact:0,fallback:0,cycle:0,cross_seg:0 gate=none num_steps=10 act_sha=470c85378c3c0396 infer_ms=67.4
INFO:mme_vla_suite.serving.websocket_policy_server:TIMING infer_ms=67.4
INFO:mme_vla_suite.serving.websocket_policy_server:TIMING add_buffer_ms=38.2 frames=16 exec_start_idx=0
MV_INFER cond=normal split=test task=VideoUnmask ep=11 ep_seq=6 infer_seq=42 t=722 es=66 k=0 motion_frames=- motion_emb_sha= motion_pos_sha= motion_mask= mem_order_sha= motion_cols_sha= donor=None cover=exact:0,fallback:0,cycle:0,cross_seg:0 gate=none num_steps=10 act_sha=d85973c93007d773 infer_ms=67.3
INFO:mme_vla_suite.serving.websocket_policy_server:TIMING infer_ms=67.3
INFO:mme_vla_suite.serving.websocket_policy_server:TIMING add_buffer_ms=40.4 frames=16 exec_start_idx=0
MV_INFER cond=normal split=test task=VideoUnmask ep=11 ep_seq=6 infer_seq=43 t=738 es=66 k=0 motion_frames=- motion_emb_sha= motion_pos_sha= motion_mask= mem_order_sha= motion_cols_sha= donor=None cover=exact:0,fallback:0,cycle:0,cross_seg:0 gate=none num_steps=10 act_sha=1b9fc5ec2aee4397 infer_ms=67.2
INFO:mme_vla_suite.serving.websocket_policy_server:TIMING infer_ms=67.2
INFO:mme_vla_suite.serving.websocket_policy_server:TIMING add_buffer_ms=37.8 frames=16 exec_start_idx=0
MV_INFER cond=normal split=test task=VideoUnmask ep=11 ep_seq=6 infer_seq=44 t=754 es=66 k=0 motion_frames=- motion_emb_sha= motion_pos_sha= motion_mask= mem_order_sha= motion_cols_sha= donor=None cover=exact:0,fallback:0,cycle:0,cross_seg:0 gate=none num_steps=10 act_sha=4814c656d23fb0d7 infer_ms=67.3
INFO:mme_vla_suite.serving.websocket_policy_server:TIMING infer_ms=67.3
INFO:mme_vla_suite.serving.websocket_policy_server:TIMING add_buffer_ms=38.7 frames=16 exec_start_idx=0
MV_INFER cond=normal split=test task=VideoUnmask ep=11 ep_seq=6 infer_seq=45 t=770 es=66 k=0 motion_frames=- motion_emb_sha= motion_pos_sha= motion_mask= mem_order_sha= motion_cols_sha= donor=None cover=exact:0,fallback:0,cycle:0,cross_seg:0 gate=none num_steps=10 act_sha=5803d041ca46b804 infer_ms=67.6
INFO:mme_vla_suite.serving.websocket_policy_server:TIMING infer_ms=67.6
INFO:mme_vla_suite.serving.websocket_policy_server:TIMING add_buffer_ms=37.4 frames=16 exec_start_idx=0
MV_INFER cond=normal split=test task=VideoUnmask ep=11 ep_seq=6 infer_seq=46 t=786 es=66 k=0 motion_frames=- motion_emb_sha= motion_pos_sha= motion_mask= mem_order_sha= motion_cols_sha= donor=None cover=exact:0,fallback:0,cycle:0,cross_seg:0 gate=none num_steps=10 act_sha=96aa16678edd83c0 infer_ms=67.4
INFO:mme_vla_suite.serving.websocket_policy_server:TIMING infer_ms=67.4
INFO:mme_vla_suite.serving.websocket_policy_server:TIMING add_buffer_ms=37.3 frames=16 exec_start_idx=0
MV_INFER cond=normal split=test task=VideoUnmask ep=11 ep_seq=6 infer_seq=47 t=802 es=66 k=0 motion_frames=- motion_emb_sha= motion_pos_sha= motion_mask= mem_order_sha= motion_cols_sha= donor=None cover=exact:0,fallback:0,cycle:0,cross_seg:0 gate=none num_steps=10 act_sha=2e8a91ead67096d7 infer_ms=67.5
INFO:mme_vla_suite.serving.websocket_policy_server:TIMING infer_ms=67.5
INFO:mme_vla_suite.serving.websocket_policy_server:TIMING add_buffer_ms=37.9 frames=16 exec_start_idx=0
MV_INFER cond=normal split=test task=VideoUnmask ep=11 ep_seq=6 infer_seq=48 t=818 es=66 k=0 motion_frames=- motion_emb_sha= motion_pos_sha= motion_mask= mem_order_sha= motion_cols_sha= donor=None cover=exact:0,fallback:0,cycle:0,cross_seg:0 gate=none num_steps=10 act_sha=c6411df1d0346470 infer_ms=67.5
INFO:mme_vla_suite.serving.websocket_policy_server:TIMING infer_ms=67.5
INFO:mme_vla_suite.serving.websocket_policy_server:TIMING add_buffer_ms=37.4 frames=16 exec_start_idx=0
MV_INFER cond=normal split=test task=VideoUnmask ep=11 ep_seq=6 infer_seq=49 t=834 es=66 k=0 motion_frames=- motion_emb_sha= motion_pos_sha= motion_mask= mem_order_sha= motion_cols_sha= donor=None cover=exact:0,fallback:0,cycle:0,cross_seg:0 gate=none num_steps=10 act_sha=e28b38a831d7e243 infer_ms=67.3
INFO:mme_vla_suite.serving.websocket_policy_server:TIMING infer_ms=67.3
INFO:mme_vla_suite.serving.websocket_policy_server:TIMING add_buffer_ms=37.0 frames=16 exec_start_idx=0
MV_INFER cond=normal split=test task=VideoUnmask ep=11 ep_seq=6 infer_seq=50 t=850 es=66 k=0 motion_frames=- motion_emb_sha= motion_pos_sha= motion_mask= mem_order_sha= motion_cols_sha= donor=None cover=exact:0,fallback:0,cycle:0,cross_seg:0 gate=none num_steps=10 act_sha=25201d6712034cb6 infer_ms=67.5
INFO:mme_vla_suite.serving.websocket_policy_server:TIMING infer_ms=67.5
INFO:mme_vla_suite.serving.websocket_policy_server:TIMING add_buffer_ms=39.5 frames=16 exec_start_idx=0
MV_INFER cond=normal split=test task=VideoUnmask ep=11 ep_seq=6 infer_seq=51 t=866 es=66 k=0 motion_frames=- motion_emb_sha= motion_pos_sha= motion_mask= mem_order_sha= motion_cols_sha= donor=None cover=exact:0,fallback:0,cycle:0,cross_seg:0 gate=none num_steps=10 act_sha=550657a92da564aa infer_ms=67.4
INFO:mme_vla_suite.serving.websocket_policy_server:TIMING infer_ms=67.4
INFO:mme_vla_suite.serving.websocket_policy_server:TIMING add_buffer_ms=39.8 frames=16 exec_start_idx=0
MV_INFER cond=normal split=test task=VideoUnmask ep=11 ep_seq=6 infer_seq=52 t=882 es=66 k=0 motion_frames=- motion_emb_sha= motion_pos_sha= motion_mask= mem_order_sha= motion_cols_sha= donor=None cover=exact:0,fallback:0,cycle:0,cross_seg:0 gate=none num_steps=10 act_sha=b4d625929b34a360 infer_ms=67.5
INFO:mme_vla_suite.serving.websocket_policy_server:TIMING infer_ms=67.5
INFO:mme_vla_suite.serving.websocket_policy_server:TIMING add_buffer_ms=38.1 frames=16 exec_start_idx=0
MV_INFER cond=normal split=test task=VideoUnmask ep=11 ep_seq=6 infer_seq=53 t=898 es=66 k=0 motion_frames=- motion_emb_sha= motion_pos_sha= motion_mask= mem_order_sha= motion_cols_sha= donor=None cover=exact:0,fallback:0,cycle:0,cross_seg:0 gate=none num_steps=10 act_sha=bd0ec80e02f3fdef infer_ms=67.4
INFO:mme_vla_suite.serving.websocket_policy_server:TIMING infer_ms=67.4
INFO:mme_vla_suite.serving.websocket_policy_server:TIMING add_buffer_ms=37.5 frames=16 exec_start_idx=0
MV_INFER cond=normal split=test task=VideoUnmask ep=11 ep_seq=6 infer_seq=54 t=914 es=66 k=0 motion_frames=- motion_emb_sha= motion_pos_sha= motion_mask= mem_order_sha= motion_cols_sha= donor=None cover=exact:0,fallback:0,cycle:0,cross_seg:0 gate=none num_steps=10 act_sha=cdec4bd0200a4abd infer_ms=67.3
INFO:mme_vla_suite.serving.websocket_policy_server:TIMING infer_ms=67.3
INFO:mme_vla_suite.serving.websocket_policy_server:TIMING add_buffer_ms=37.9 frames=16 exec_start_idx=0
MV_INFER cond=normal split=test task=VideoUnmask ep=11 ep_seq=6 infer_seq=55 t=930 es=66 k=0 motion_frames=- motion_emb_sha= motion_pos_sha= motion_mask= mem_order_sha= motion_cols_sha= donor=None cover=exact:0,fallback:0,cycle:0,cross_seg:0 gate=none num_steps=10 act_sha=1bbee70898e4b764 infer_ms=67.4
INFO:mme_vla_suite.serving.websocket_policy_server:TIMING infer_ms=67.4
INFO:mme_vla_suite.serving.websocket_policy_server:TIMING add_buffer_ms=37.1 frames=16 exec_start_idx=0
MV_INFER cond=normal split=test task=VideoUnmask ep=11 ep_seq=6 infer_seq=56 t=946 es=66 k=0 motion_frames=- motion_emb_sha= motion_pos_sha= motion_mask= mem_order_sha= motion_cols_sha= donor=None cover=exact:0,fallback:0,cycle:0,cross_seg:0 gate=none num_steps=10 act_sha=a81a22d0864c49e0 infer_ms=67.3
INFO:mme_vla_suite.serving.websocket_policy_server:TIMING infer_ms=67.3
INFO:mme_vla_suite.serving.websocket_policy_server:TIMING add_buffer_ms=37.1 frames=16 exec_start_idx=0
MV_INFER cond=normal split=test task=VideoUnmask ep=11 ep_seq=6 infer_seq=57 t=962 es=66 k=0 motion_frames=- motion_emb_sha= motion_pos_sha= motion_mask= mem_order_sha= motion_cols_sha= donor=None cover=exact:0,fallback:0,cycle:0,cross_seg:0 gate=none num_steps=10 act_sha=f459645b630161a3 infer_ms=68.7
INFO:mme_vla_suite.serving.websocket_policy_server:TIMING infer_ms=68.7
INFO:mme_vla_suite.serving.websocket_policy_server:TIMING add_buffer_ms=37.9 frames=16 exec_start_idx=0
MV_INFER cond=normal split=test task=VideoUnmask ep=11 ep_seq=6 infer_seq=58 t=978 es=66 k=0 motion_frames=- motion_emb_sha= motion_pos_sha= motion_mask= mem_order_sha= motion_cols_sha= donor=None cover=exact:0,fallback:0,cycle:0,cross_seg:0 gate=none num_steps=10 act_sha=09cc4698c089505d infer_ms=67.3
INFO:mme_vla_suite.serving.websocket_policy_server:TIMING infer_ms=67.3
INFO:mme_vla_suite.serving.websocket_policy_server:TIMING add_buffer_ms=37.6 frames=16 exec_start_idx=0
MV_INFER cond=normal split=test task=VideoUnmask ep=11 ep_seq=6 infer_seq=59 t=994 es=66 k=0 motion_frames=- motion_emb_sha= motion_pos_sha= motion_mask= mem_order_sha= motion_cols_sha= donor=None cover=exact:0,fallback:0,cycle:0,cross_seg:0 gate=none num_steps=10 act_sha=a05bf12309b2e3fd infer_ms=67.3
INFO:mme_vla_suite.serving.websocket_policy_server:TIMING infer_ms=67.3
INFO:mme_vla_suite.serving.websocket_policy_server:TIMING add_buffer_ms=38.2 frames=16 exec_start_idx=0
MV_INFER cond=normal split=test task=VideoUnmask ep=11 ep_seq=6 infer_seq=60 t=1010 es=66 k=0 motion_frames=- motion_emb_sha= motion_pos_sha= motion_mask= mem_order_sha= motion_cols_sha= donor=None cover=exact:0,fallback:0,cycle:0,cross_seg:0 gate=none num_steps=10 act_sha=980eef0299d003a7 infer_ms=67.7
INFO:mme_vla_suite.serving.websocket_policy_server:TIMING infer_ms=67.7
INFO:mme_vla_suite.serving.websocket_policy_server:TIMING add_buffer_ms=38.8 frames=16 exec_start_idx=0
MV_INFER cond=normal split=test task=VideoUnmask ep=11 ep_seq=6 infer_seq=61 t=1026 es=66 k=0 motion_frames=- motion_emb_sha= motion_pos_sha= motion_mask= mem_order_sha= motion_cols_sha= donor=None cover=exact:0,fallback:0,cycle:0,cross_seg:0 gate=none num_steps=10 act_sha=8b1183c17119eef0 infer_ms=67.7
INFO:mme_vla_suite.serving.websocket_policy_server:TIMING infer_ms=67.7
INFO:mme_vla_suite.serving.websocket_policy_server:TIMING add_buffer_ms=43.9 frames=16 exec_start_idx=0
MV_INFER cond=normal split=test task=VideoUnmask ep=11 ep_seq=6 infer_seq=62 t=1042 es=66 k=0 motion_frames=- motion_emb_sha= motion_pos_sha= motion_mask= mem_order_sha= motion_cols_sha= donor=None cover=exact:0,fallback:0,cycle:0,cross_seg:0 gate=none num_steps=10 act_sha=822063d9324f1922 infer_ms=68.3
INFO:mme_vla_suite.serving.websocket_policy_server:TIMING infer_ms=68.3
INFO:mme_vla_suite.serving.websocket_policy_server:TIMING add_buffer_ms=37.7 frames=16 exec_start_idx=0
MV_INFER cond=normal split=test task=VideoUnmask ep=11 ep_seq=6 infer_seq=63 t=1058 es=66 k=0 motion_frames=- motion_emb_sha= motion_pos_sha= motion_mask= mem_order_sha= motion_cols_sha= donor=None cover=exact:0,fallback:0,cycle:0,cross_seg:0 gate=none num_steps=10 act_sha=369e6ade4026ff47 infer_ms=68.5
INFO:mme_vla_suite.serving.websocket_policy_server:TIMING infer_ms=68.5
INFO:mme_vla_suite.serving.websocket_policy_server:TIMING add_buffer_ms=41.5 frames=16 exec_start_idx=0
MV_INFER cond=normal split=test task=VideoUnmask ep=11 ep_seq=6 infer_seq=64 t=1074 es=66 k=0 motion_frames=- motion_emb_sha= motion_pos_sha= motion_mask= mem_order_sha= motion_cols_sha= donor=None cover=exact:0,fallback:0,cycle:0,cross_seg:0 gate=none num_steps=10 act_sha=45afd2239c15b46b infer_ms=67.8
INFO:mme_vla_suite.serving.websocket_policy_server:TIMING infer_ms=67.8
INFO:mme_vla_suite.serving.websocket_policy_server:TIMING add_buffer_ms=41.7 frames=16 exec_start_idx=0
MV_INFER cond=normal split=test task=VideoUnmask ep=11 ep_seq=6 infer_seq=65 t=1090 es=66 k=0 motion_frames=- motion_emb_sha= motion_pos_sha= motion_mask= mem_order_sha= motion_cols_sha= donor=None cover=exact:0,fallback:0,cycle:0,cross_seg:0 gate=none num_steps=10 act_sha=7463450d17a577de infer_ms=67.7
INFO:mme_vla_suite.serving.websocket_policy_server:TIMING infer_ms=67.7
INFO:mme_vla_suite.serving.websocket_policy_server:TIMING add_buffer_ms=36.5 frames=16 exec_start_idx=0
MV_INFER cond=normal split=test task=VideoUnmask ep=11 ep_seq=6 infer_seq=66 t=1106 es=66 k=0 motion_frames=- motion_emb_sha= motion_pos_sha= motion_mask= mem_order_sha= motion_cols_sha= donor=None cover=exact:0,fallback:0,cycle:0,cross_seg:0 gate=none num_steps=10 act_sha=08f54959a29c5426 infer_ms=67.4
INFO:mme_vla_suite.serving.websocket_policy_server:TIMING infer_ms=67.4
INFO:mme_vla_suite.serving.websocket_policy_server:TIMING add_buffer_ms=37.9 frames=16 exec_start_idx=0
MV_INFER cond=normal split=test task=VideoUnmask ep=11 ep_seq=6 infer_seq=67 t=1122 es=66 k=0 motion_frames=- motion_emb_sha= motion_pos_sha= motion_mask= mem_order_sha= motion_cols_sha= donor=None cover=exact:0,fallback:0,cycle:0,cross_seg:0 gate=none num_steps=10 act_sha=c4a9abc069a7d2ce infer_ms=67.4
INFO:mme_vla_suite.serving.websocket_policy_server:TIMING infer_ms=67.4
INFO:mme_vla_suite.serving.websocket_policy_server:TIMING add_buffer_ms=39.3 frames=16 exec_start_idx=0
MV_INFER cond=normal split=test task=VideoUnmask ep=11 ep_seq=6 infer_seq=68 t=1138 es=66 k=0 motion_frames=- motion_emb_sha= motion_pos_sha= motion_mask= mem_order_sha= motion_cols_sha= donor=None cover=exact:0,fallback:0,cycle:0,cross_seg:0 gate=none num_steps=10 act_sha=30b53f4f6e41687f infer_ms=67.5
INFO:mme_vla_suite.serving.websocket_policy_server:TIMING infer_ms=67.5
INFO:mme_vla_suite.serving.websocket_policy_server:TIMING add_buffer_ms=37.9 frames=16 exec_start_idx=0
MV_INFER cond=normal split=test task=VideoUnmask ep=11 ep_seq=6 infer_seq=69 t=1154 es=66 k=0 motion_frames=- motion_emb_sha= motion_pos_sha= motion_mask= mem_order_sha= motion_cols_sha= donor=None cover=exact:0,fallback:0,cycle:0,cross_seg:0 gate=none num_steps=10 act_sha=9c23c2cef30d6e6e infer_ms=67.6
INFO:mme_vla_suite.serving.websocket_policy_server:TIMING infer_ms=67.6
INFO:mme_vla_suite.serving.websocket_policy_server:TIMING add_buffer_ms=39.2 frames=16 exec_start_idx=0
MV_INFER cond=normal split=test task=VideoUnmask ep=11 ep_seq=6 infer_seq=70 t=1170 es=66 k=0 motion_frames=- motion_emb_sha= motion_pos_sha= motion_mask= mem_order_sha= motion_cols_sha= donor=None cover=exact:0,fallback:0,cycle:0,cross_seg:0 gate=none num_steps=10 act_sha=10a24be37a333446 infer_ms=67.9
INFO:mme_vla_suite.serving.websocket_policy_server:TIMING infer_ms=67.9
INFO:mme_vla_suite.serving.websocket_policy_server:TIMING add_buffer_ms=39.5 frames=16 exec_start_idx=0
MV_INFER cond=normal split=test task=VideoUnmask ep=11 ep_seq=6 infer_seq=71 t=1186 es=66 k=0 motion_frames=- motion_emb_sha= motion_pos_sha= motion_mask= mem_order_sha= motion_cols_sha= donor=None cover=exact:0,fallback:0,cycle:0,cross_seg:0 gate=none num_steps=10 act_sha=ecadd4babd430f23 infer_ms=67.8
INFO:mme_vla_suite.serving.websocket_policy_server:TIMING infer_ms=67.8
INFO:mme_vla_suite.serving.websocket_policy_server:TIMING add_buffer_ms=36.6 frames=16 exec_start_idx=0
MV_INFER cond=normal split=test task=VideoUnmask ep=11 ep_seq=6 infer_seq=72 t=1202 es=66 k=0 motion_frames=- motion_emb_sha= motion_pos_sha= motion_mask= mem_order_sha= motion_cols_sha= donor=None cover=exact:0,fallback:0,cycle:0,cross_seg:0 gate=none num_steps=10 act_sha=ab70c0f2bac5320c infer_ms=67.2
INFO:mme_vla_suite.serving.websocket_policy_server:TIMING infer_ms=67.2
INFO:mme_vla_suite.serving.websocket_policy_server:TIMING add_buffer_ms=38.1 frames=16 exec_start_idx=0
MV_INFER cond=normal split=test task=VideoUnmask ep=11 ep_seq=6 infer_seq=73 t=1218 es=66 k=0 motion_frames=- motion_emb_sha= motion_pos_sha= motion_mask= mem_order_sha= motion_cols_sha= donor=None cover=exact:0,fallback:0,cycle:0,cross_seg:0 gate=none num_steps=10 act_sha=d4887eb5af58f416 infer_ms=67.4
INFO:mme_vla_suite.serving.websocket_policy_server:TIMING infer_ms=67.4
INFO:mme_vla_suite.serving.websocket_policy_server:TIMING add_buffer_ms=39.6 frames=16 exec_start_idx=0
MV_INFER cond=normal split=test task=VideoUnmask ep=11 ep_seq=6 infer_seq=74 t=1234 es=66 k=0 motion_frames=- motion_emb_sha= motion_pos_sha= motion_mask= mem_order_sha= motion_cols_sha= donor=None cover=exact:0,fallback:0,cycle:0,cross_seg:0 gate=none num_steps=10 act_sha=b761d65e185e1c06 infer_ms=67.6
INFO:mme_vla_suite.serving.websocket_policy_server:TIMING infer_ms=67.6
INFO:mme_vla_suite.serving.websocket_policy_server:TIMING add_buffer_ms=42.4 frames=16 exec_start_idx=0
MV_INFER cond=normal split=test task=VideoUnmask ep=11 ep_seq=6 infer_seq=75 t=1250 es=66 k=0 motion_frames=- motion_emb_sha= motion_pos_sha= motion_mask= mem_order_sha= motion_cols_sha= donor=None cover=exact:0,fallback:0,cycle:0,cross_seg:0 gate=none num_steps=10 act_sha=ba93a988ab18b559 infer_ms=67.6
INFO:mme_vla_suite.serving.websocket_policy_server:TIMING infer_ms=67.6
INFO:mme_vla_suite.serving.websocket_policy_server:TIMING add_buffer_ms=40.5 frames=16 exec_start_idx=0
MV_INFER cond=normal split=test task=VideoUnmask ep=11 ep_seq=6 infer_seq=76 t=1266 es=66 k=0 motion_frames=- motion_emb_sha= motion_pos_sha= motion_mask= mem_order_sha= motion_cols_sha= donor=None cover=exact:0,fallback:0,cycle:0,cross_seg:0 gate=none num_steps=10 act_sha=90c7237e680a8d61 infer_ms=67.6
INFO:mme_vla_suite.serving.websocket_policy_server:TIMING infer_ms=67.6
INFO:mme_vla_suite.serving.websocket_policy_server:TIMING add_buffer_ms=39.8 frames=16 exec_start_idx=0
MV_INFER cond=normal split=test task=VideoUnmask ep=11 ep_seq=6 infer_seq=77 t=1282 es=66 k=0 motion_frames=- motion_emb_sha= motion_pos_sha= motion_mask= mem_order_sha= motion_cols_sha= donor=None cover=exact:0,fallback:0,cycle:0,cross_seg:0 gate=none num_steps=10 act_sha=fbab810e4cebf077 infer_ms=67.8
INFO:mme_vla_suite.serving.websocket_policy_server:TIMING infer_ms=67.8
INFO:mme_vla_suite.serving.websocket_policy_server:TIMING add_buffer_ms=37.4 frames=16 exec_start_idx=0
MV_INFER cond=normal split=test task=VideoUnmask ep=11 ep_seq=6 infer_seq=78 t=1298 es=66 k=0 motion_frames=- motion_emb_sha= motion_pos_sha= motion_mask= mem_order_sha= motion_cols_sha= donor=None cover=exact:0,fallback:0,cycle:0,cross_seg:0 gate=none num_steps=10 act_sha=73ef8aa58581276d infer_ms=67.4
INFO:mme_vla_suite.serving.websocket_policy_server:TIMING infer_ms=67.4
INFO:mme_vla_suite.serving.websocket_policy_server:TIMING add_buffer_ms=38.1 frames=16 exec_start_idx=0
MV_INFER cond=normal split=test task=VideoUnmask ep=11 ep_seq=6 infer_seq=79 t=1314 es=66 k=0 motion_frames=- motion_emb_sha= motion_pos_sha= motion_mask= mem_order_sha= motion_cols_sha= donor=None cover=exact:0,fallback:0,cycle:0,cross_seg:0 gate=none num_steps=10 act_sha=7a63d86f82f8da81 infer_ms=67.6
INFO:mme_vla_suite.serving.websocket_policy_server:TIMING infer_ms=67.6
INFO:mme_vla_suite.serving.websocket_policy_server:TIMING add_buffer_ms=39.7 frames=16 exec_start_idx=0
MV_INFER cond=normal split=test task=VideoUnmask ep=11 ep_seq=6 infer_seq=80 t=1330 es=66 k=0 motion_frames=- motion_emb_sha= motion_pos_sha= motion_mask= mem_order_sha= motion_cols_sha= donor=None cover=exact:0,fallback:0,cycle:0,cross_seg:0 gate=none num_steps=10 act_sha=7f9f0b5c4bf685c8 infer_ms=67.7
INFO:mme_vla_suite.serving.websocket_policy_server:TIMING infer_ms=67.7
INFO:mme_vla_suite.serving.websocket_policy_server:TIMING add_buffer_ms=40.1 frames=16 exec_start_idx=0
MV_INFER cond=normal split=test task=VideoUnmask ep=11 ep_seq=6 infer_seq=81 t=1346 es=66 k=0 motion_frames=- motion_emb_sha= motion_pos_sha= motion_mask= mem_order_sha= motion_cols_sha= donor=None cover=exact:0,fallback:0,cycle:0,cross_seg:0 gate=none num_steps=10 act_sha=fdfb24bcf3978ed8 infer_ms=67.7
INFO:mme_vla_suite.serving.websocket_policy_server:TIMING infer_ms=67.7
INFO:mme_vla_suite.serving.websocket_policy_server:TIMING add_buffer_ms=40.8 frames=16 exec_start_idx=0
MV_INFER cond=normal split=test task=VideoUnmask ep=11 ep_seq=6 infer_seq=82 t=1362 es=66 k=0 motion_frames=- motion_emb_sha= motion_pos_sha= motion_mask= mem_order_sha= motion_cols_sha= donor=None cover=exact:0,fallback:0,cycle:0,cross_seg:0 gate=none num_steps=10 act_sha=12b21bbd8a609013 infer_ms=67.3
INFO:mme_vla_suite.serving.websocket_policy_server:TIMING infer_ms=67.3
INFO:websockets.server:connection open
INFO:mme_vla_suite.serving.websocket_policy_server:Connection from ('127.0.0.1', 59296) opened
MV_EPISODE_END ep_seq=6 infers=82 windows=0 wall_s=35.7
MV_EPISODE_BEGIN cond=normal split=test seed=42 ep_seq=7 expect=ButtonUnmaskSwap:3
INFO:mme_vla_suite.serving.websocket_policy_server:TIMING add_buffer_ms=10.2 frames=1 exec_start_idx=0
MV_INFER cond=normal split=test task=ButtonUnmaskSwap ep=3 ep_seq=7 infer_seq=1 t=0 es=0 k=0 motion_frames=- motion_emb_sha= motion_pos_sha= motion_mask= mem_order_sha= motion_cols_sha= donor=None cover=exact:0,fallback:0,cycle:0,cross_seg:0 gate=none num_steps=10 act_sha=de53a34a432d0cd9 infer_ms=67.1
INFO:mme_vla_suite.serving.websocket_policy_server:TIMING infer_ms=67.1
INFO:mme_vla_suite.serving.websocket_policy_server:TIMING add_buffer_ms=36.9 frames=16 exec_start_idx=0
MV_INFER cond=normal split=test task=ButtonUnmaskSwap ep=3 ep_seq=7 infer_seq=2 t=16 es=0 k=0 motion_frames=- motion_emb_sha= motion_pos_sha= motion_mask= mem_order_sha= motion_cols_sha= donor=None cover=exact:0,fallback:0,cycle:0,cross_seg:0 gate=none num_steps=10 act_sha=12e7458606a73774 infer_ms=67.9
INFO:mme_vla_suite.serving.websocket_policy_server:TIMING infer_ms=67.9
INFO:mme_vla_suite.serving.websocket_policy_server:TIMING add_buffer_ms=36.9 frames=16 exec_start_idx=0
MV_INFER cond=normal split=test task=ButtonUnmaskSwap ep=3 ep_seq=7 infer_seq=3 t=32 es=0 k=0 motion_frames=- motion_emb_sha= motion_pos_sha= motion_mask= mem_order_sha= motion_cols_sha= donor=None cover=exact:0,fallback:0,cycle:0,cross_seg:0 gate=none num_steps=10 act_sha=27005c73fba58522 infer_ms=67.4
INFO:mme_vla_suite.serving.websocket_policy_server:TIMING infer_ms=67.4
INFO:mme_vla_suite.serving.websocket_policy_server:TIMING add_buffer_ms=40.1 frames=16 exec_start_idx=0
MV_INFER cond=normal split=test task=ButtonUnmaskSwap ep=3 ep_seq=7 infer_seq=4 t=48 es=0 k=0 motion_frames=- motion_emb_sha= motion_pos_sha= motion_mask= mem_order_sha= motion_cols_sha= donor=None cover=exact:0,fallback:0,cycle:0,cross_seg:0 gate=none num_steps=10 act_sha=c722a48cd8741d2a infer_ms=67.5
INFO:mme_vla_suite.serving.websocket_policy_server:TIMING infer_ms=67.5
INFO:mme_vla_suite.serving.websocket_policy_server:TIMING add_buffer_ms=36.8 frames=16 exec_start_idx=0
MV_INFER cond=normal split=test task=ButtonUnmaskSwap ep=3 ep_seq=7 infer_seq=5 t=64 es=0 k=0 motion_frames=- motion_emb_sha= motion_pos_sha= motion_mask= mem_order_sha= motion_cols_sha= donor=None cover=exact:0,fallback:0,cycle:0,cross_seg:0 gate=none num_steps=10 act_sha=f1fe76f9f4774b85 infer_ms=67.3
INFO:mme_vla_suite.serving.websocket_policy_server:TIMING infer_ms=67.3
INFO:mme_vla_suite.serving.websocket_policy_server:TIMING add_buffer_ms=36.0 frames=16 exec_start_idx=0
MV_INFER cond=normal split=test task=ButtonUnmaskSwap ep=3 ep_seq=7 infer_seq=6 t=80 es=0 k=0 motion_frames=- motion_emb_sha= motion_pos_sha= motion_mask= mem_order_sha= motion_cols_sha= donor=None cover=exact:0,fallback:0,cycle:0,cross_seg:0 gate=none num_steps=10 act_sha=23afe60cd2b593f9 infer_ms=67.4
INFO:mme_vla_suite.serving.websocket_policy_server:TIMING infer_ms=67.4
INFO:mme_vla_suite.serving.websocket_policy_server:TIMING add_buffer_ms=37.8 frames=16 exec_start_idx=0
MV_INFER cond=normal split=test task=ButtonUnmaskSwap ep=3 ep_seq=7 infer_seq=7 t=96 es=0 k=0 motion_frames=- motion_emb_sha= motion_pos_sha= motion_mask= mem_order_sha= motion_cols_sha= donor=None cover=exact:0,fallback:0,cycle:0,cross_seg:0 gate=none num_steps=10 act_sha=e4eedaa546d0913e infer_ms=67.9
INFO:mme_vla_suite.serving.websocket_policy_server:TIMING infer_ms=67.9
INFO:mme_vla_suite.serving.websocket_policy_server:TIMING add_buffer_ms=39.5 frames=16 exec_start_idx=0
MV_INFER cond=normal split=test task=ButtonUnmaskSwap ep=3 ep_seq=7 infer_seq=8 t=112 es=0 k=0 motion_frames=- motion_emb_sha= motion_pos_sha= motion_mask= mem_order_sha= motion_cols_sha= donor=None cover=exact:0,fallback:0,cycle:0,cross_seg:0 gate=none num_steps=10 act_sha=2c152a0737a9e616 infer_ms=67.2
INFO:mme_vla_suite.serving.websocket_policy_server:TIMING infer_ms=67.2
INFO:mme_vla_suite.serving.websocket_policy_server:TIMING add_buffer_ms=41.4 frames=16 exec_start_idx=0
MV_INFER cond=normal split=test task=ButtonUnmaskSwap ep=3 ep_seq=7 infer_seq=9 t=128 es=0 k=0 motion_frames=- motion_emb_sha= motion_pos_sha= motion_mask= mem_order_sha= motion_cols_sha= donor=None cover=exact:0,fallback:0,cycle:0,cross_seg:0 gate=none num_steps=10 act_sha=428751f85c684b62 infer_ms=67.3
INFO:mme_vla_suite.serving.websocket_policy_server:TIMING infer_ms=67.3
INFO:mme_vla_suite.serving.websocket_policy_server:TIMING add_buffer_ms=37.3 frames=16 exec_start_idx=0
MV_INFER cond=normal split=test task=ButtonUnmaskSwap ep=3 ep_seq=7 infer_seq=10 t=144 es=0 k=0 motion_frames=- motion_emb_sha= motion_pos_sha= motion_mask= mem_order_sha= motion_cols_sha= donor=None cover=exact:0,fallback:0,cycle:0,cross_seg:0 gate=none num_steps=10 act_sha=70f189d494c68216 infer_ms=67.3
INFO:mme_vla_suite.serving.websocket_policy_server:TIMING infer_ms=67.3
INFO:mme_vla_suite.serving.websocket_policy_server:TIMING add_buffer_ms=37.9 frames=16 exec_start_idx=0
MV_INFER cond=normal split=test task=ButtonUnmaskSwap ep=3 ep_seq=7 infer_seq=11 t=160 es=0 k=0 motion_frames=- motion_emb_sha= motion_pos_sha= motion_mask= mem_order_sha= motion_cols_sha= donor=None cover=exact:0,fallback:0,cycle:0,cross_seg:0 gate=none num_steps=10 act_sha=4213d3d00bd299be infer_ms=67.4
INFO:mme_vla_suite.serving.websocket_policy_server:TIMING infer_ms=67.4
INFO:mme_vla_suite.serving.websocket_policy_server:TIMING add_buffer_ms=38.0 frames=16 exec_start_idx=0
MV_INFER cond=normal split=test task=ButtonUnmaskSwap ep=3 ep_seq=7 infer_seq=12 t=176 es=0 k=0 motion_frames=- motion_emb_sha= motion_pos_sha= motion_mask= mem_order_sha= motion_cols_sha= donor=None cover=exact:0,fallback:0,cycle:0,cross_seg:0 gate=none num_steps=10 act_sha=bd48f858e2ca018e infer_ms=67.4
INFO:mme_vla_suite.serving.websocket_policy_server:TIMING infer_ms=67.4
INFO:mme_vla_suite.serving.websocket_policy_server:TIMING add_buffer_ms=38.7 frames=16 exec_start_idx=0
MV_INFER cond=normal split=test task=ButtonUnmaskSwap ep=3 ep_seq=7 infer_seq=13 t=192 es=0 k=0 motion_frames=- motion_emb_sha= motion_pos_sha= motion_mask= mem_order_sha= motion_cols_sha= donor=None cover=exact:0,fallback:0,cycle:0,cross_seg:0 gate=none num_steps=10 act_sha=97de4b8ae37d004e infer_ms=67.6
INFO:mme_vla_suite.serving.websocket_policy_server:TIMING infer_ms=67.6
INFO:mme_vla_suite.serving.websocket_policy_server:TIMING add_buffer_ms=38.7 frames=16 exec_start_idx=0
MV_INFER cond=normal split=test task=ButtonUnmaskSwap ep=3 ep_seq=7 infer_seq=14 t=208 es=0 k=0 motion_frames=- motion_emb_sha= motion_pos_sha= motion_mask= mem_order_sha= motion_cols_sha= donor=None cover=exact:0,fallback:0,cycle:0,cross_seg:0 gate=none num_steps=10 act_sha=ff599bfa5cf3b527 infer_ms=67.5
INFO:mme_vla_suite.serving.websocket_policy_server:TIMING infer_ms=67.5
INFO:mme_vla_suite.serving.websocket_policy_server:TIMING add_buffer_ms=37.8 frames=16 exec_start_idx=0
MV_INFER cond=normal split=test task=ButtonUnmaskSwap ep=3 ep_seq=7 infer_seq=15 t=224 es=0 k=0 motion_frames=- motion_emb_sha= motion_pos_sha= motion_mask= mem_order_sha= motion_cols_sha= donor=None cover=exact:0,fallback:0,cycle:0,cross_seg:0 gate=none num_steps=10 act_sha=b77b7962b621bae7 infer_ms=67.4
INFO:mme_vla_suite.serving.websocket_policy_server:TIMING infer_ms=67.4
INFO:mme_vla_suite.serving.websocket_policy_server:TIMING add_buffer_ms=37.9 frames=16 exec_start_idx=0
MV_INFER cond=normal split=test task=ButtonUnmaskSwap ep=3 ep_seq=7 infer_seq=16 t=240 es=0 k=0 motion_frames=- motion_emb_sha= motion_pos_sha= motion_mask= mem_order_sha= motion_cols_sha= donor=None cover=exact:0,fallback:0,cycle:0,cross_seg:0 gate=none num_steps=10 act_sha=48733031eaea8e88 infer_ms=67.4
INFO:mme_vla_suite.serving.websocket_policy_server:TIMING infer_ms=67.4
INFO:mme_vla_suite.serving.websocket_policy_server:TIMING add_buffer_ms=37.5 frames=16 exec_start_idx=0
MV_INFER cond=normal split=test task=ButtonUnmaskSwap ep=3 ep_seq=7 infer_seq=17 t=256 es=0 k=0 motion_frames=- motion_emb_sha= motion_pos_sha= motion_mask= mem_order_sha= motion_cols_sha= donor=None cover=exact:0,fallback:0,cycle:0,cross_seg:0 gate=none num_steps=10 act_sha=f53cfa68e80abfcd infer_ms=67.4
INFO:mme_vla_suite.serving.websocket_policy_server:TIMING infer_ms=67.4
INFO:mme_vla_suite.serving.websocket_policy_server:TIMING add_buffer_ms=37.8 frames=16 exec_start_idx=0
MV_INFER cond=normal split=test task=ButtonUnmaskSwap ep=3 ep_seq=7 infer_seq=18 t=272 es=0 k=0 motion_frames=- motion_emb_sha= motion_pos_sha= motion_mask= mem_order_sha= motion_cols_sha= donor=None cover=exact:0,fallback:0,cycle:0,cross_seg:0 gate=none num_steps=10 act_sha=1cbe33481ee14825 infer_ms=67.3
INFO:mme_vla_suite.serving.websocket_policy_server:TIMING infer_ms=67.3
INFO:mme_vla_suite.serving.websocket_policy_server:TIMING add_buffer_ms=37.8 frames=16 exec_start_idx=0
MV_INFER cond=normal split=test task=ButtonUnmaskSwap ep=3 ep_seq=7 infer_seq=19 t=288 es=0 k=0 motion_frames=- motion_emb_sha= motion_pos_sha= motion_mask= mem_order_sha= motion_cols_sha= donor=None cover=exact:0,fallback:0,cycle:0,cross_seg:0 gate=none num_steps=10 act_sha=f73dd4505cfd78e9 infer_ms=67.3
INFO:mme_vla_suite.serving.websocket_policy_server:TIMING infer_ms=67.3
INFO:mme_vla_suite.serving.websocket_policy_server:TIMING add_buffer_ms=37.1 frames=16 exec_start_idx=0
MV_INFER cond=normal split=test task=ButtonUnmaskSwap ep=3 ep_seq=7 infer_seq=20 t=304 es=0 k=0 motion_frames=- motion_emb_sha= motion_pos_sha= motion_mask= mem_order_sha= motion_cols_sha= donor=None cover=exact:0,fallback:0,cycle:0,cross_seg:0 gate=none num_steps=10 act_sha=0b76f8b315fe7394 infer_ms=67.3
INFO:mme_vla_suite.serving.websocket_policy_server:TIMING infer_ms=67.3
INFO:mme_vla_suite.serving.websocket_policy_server:TIMING add_buffer_ms=37.1 frames=16 exec_start_idx=0
MV_INFER cond=normal split=test task=ButtonUnmaskSwap ep=3 ep_seq=7 infer_seq=21 t=320 es=0 k=0 motion_frames=- motion_emb_sha= motion_pos_sha= motion_mask= mem_order_sha= motion_cols_sha= donor=None cover=exact:0,fallback:0,cycle:0,cross_seg:0 gate=none num_steps=10 act_sha=feac19eeed57da7c infer_ms=67.5
INFO:mme_vla_suite.serving.websocket_policy_server:TIMING infer_ms=67.5
INFO:mme_vla_suite.serving.websocket_policy_server:TIMING add_buffer_ms=37.4 frames=16 exec_start_idx=0
MV_INFER cond=normal split=test task=ButtonUnmaskSwap ep=3 ep_seq=7 infer_seq=22 t=336 es=0 k=0 motion_frames=- motion_emb_sha= motion_pos_sha= motion_mask= mem_order_sha= motion_cols_sha= donor=None cover=exact:0,fallback:0,cycle:0,cross_seg:0 gate=none num_steps=10 act_sha=8c7ee64c1c954db5 infer_ms=67.4
INFO:mme_vla_suite.serving.websocket_policy_server:TIMING infer_ms=67.4
INFO:mme_vla_suite.serving.websocket_policy_server:TIMING add_buffer_ms=37.3 frames=16 exec_start_idx=0
MV_INFER cond=normal split=test task=ButtonUnmaskSwap ep=3 ep_seq=7 infer_seq=23 t=352 es=0 k=0 motion_frames=- motion_emb_sha= motion_pos_sha= motion_mask= mem_order_sha= motion_cols_sha= donor=None cover=exact:0,fallback:0,cycle:0,cross_seg:0 gate=none num_steps=10 act_sha=b2c1eb4a378ae85d infer_ms=67.2
INFO:mme_vla_suite.serving.websocket_policy_server:TIMING infer_ms=67.2
INFO:mme_vla_suite.serving.websocket_policy_server:TIMING add_buffer_ms=37.7 frames=16 exec_start_idx=0
MV_INFER cond=normal split=test task=ButtonUnmaskSwap ep=3 ep_seq=7 infer_seq=24 t=368 es=0 k=0 motion_frames=- motion_emb_sha= motion_pos_sha= motion_mask= mem_order_sha= motion_cols_sha= donor=None cover=exact:0,fallback:0,cycle:0,cross_seg:0 gate=none num_steps=10 act_sha=b4bfd565849f3866 infer_ms=67.4
INFO:mme_vla_suite.serving.websocket_policy_server:TIMING infer_ms=67.4
INFO:mme_vla_suite.serving.websocket_policy_server:TIMING add_buffer_ms=37.1 frames=16 exec_start_idx=0
MV_INFER cond=normal split=test task=ButtonUnmaskSwap ep=3 ep_seq=7 infer_seq=25 t=384 es=0 k=0 motion_frames=- motion_emb_sha= motion_pos_sha= motion_mask= mem_order_sha= motion_cols_sha= donor=None cover=exact:0,fallback:0,cycle:0,cross_seg:0 gate=none num_steps=10 act_sha=28b97cda34abad5d infer_ms=67.3
INFO:mme_vla_suite.serving.websocket_policy_server:TIMING infer_ms=67.3
INFO:mme_vla_suite.serving.websocket_policy_server:TIMING add_buffer_ms=37.3 frames=16 exec_start_idx=0
MV_INFER cond=normal split=test task=ButtonUnmaskSwap ep=3 ep_seq=7 infer_seq=26 t=400 es=0 k=0 motion_frames=- motion_emb_sha= motion_pos_sha= motion_mask= mem_order_sha= motion_cols_sha= donor=None cover=exact:0,fallback:0,cycle:0,cross_seg:0 gate=none num_steps=10 act_sha=3cbe837f42bb59da infer_ms=67.5
INFO:mme_vla_suite.serving.websocket_policy_server:TIMING infer_ms=67.5
INFO:mme_vla_suite.serving.websocket_policy_server:TIMING add_buffer_ms=37.2 frames=16 exec_start_idx=0
MV_INFER cond=normal split=test task=ButtonUnmaskSwap ep=3 ep_seq=7 infer_seq=27 t=416 es=0 k=0 motion_frames=- motion_emb_sha= motion_pos_sha= motion_mask= mem_order_sha= motion_cols_sha= donor=None cover=exact:0,fallback:0,cycle:0,cross_seg:0 gate=none num_steps=10 act_sha=4905816243d0d59f infer_ms=67.3
INFO:mme_vla_suite.serving.websocket_policy_server:TIMING infer_ms=67.3
INFO:mme_vla_suite.serving.websocket_policy_server:TIMING add_buffer_ms=37.4 frames=16 exec_start_idx=0
MV_INFER cond=normal split=test task=ButtonUnmaskSwap ep=3 ep_seq=7 infer_seq=28 t=432 es=0 k=0 motion_frames=- motion_emb_sha= motion_pos_sha= motion_mask= mem_order_sha= motion_cols_sha= donor=None cover=exact:0,fallback:0,cycle:0,cross_seg:0 gate=none num_steps=10 act_sha=5390f387f28a772f infer_ms=67.2
INFO:mme_vla_suite.serving.websocket_policy_server:TIMING infer_ms=67.2
INFO:mme_vla_suite.serving.websocket_policy_server:TIMING add_buffer_ms=37.7 frames=16 exec_start_idx=0
MV_INFER cond=normal split=test task=ButtonUnmaskSwap ep=3 ep_seq=7 infer_seq=29 t=448 es=0 k=0 motion_frames=- motion_emb_sha= motion_pos_sha= motion_mask= mem_order_sha= motion_cols_sha= donor=None cover=exact:0,fallback:0,cycle:0,cross_seg:0 gate=none num_steps=10 act_sha=6c5b00f599fd9caa infer_ms=67.3
INFO:mme_vla_suite.serving.websocket_policy_server:TIMING infer_ms=67.3
INFO:mme_vla_suite.serving.websocket_policy_server:TIMING add_buffer_ms=38.4 frames=16 exec_start_idx=0
MV_INFER cond=normal split=test task=ButtonUnmaskSwap ep=3 ep_seq=7 infer_seq=30 t=464 es=0 k=0 motion_frames=- motion_emb_sha= motion_pos_sha= motion_mask= mem_order_sha= motion_cols_sha= donor=None cover=exact:0,fallback:0,cycle:0,cross_seg:0 gate=none num_steps=10 act_sha=aba3a0c7d57e5c8c infer_ms=67.3
INFO:mme_vla_suite.serving.websocket_policy_server:TIMING infer_ms=67.3
INFO:mme_vla_suite.serving.websocket_policy_server:TIMING add_buffer_ms=38.0 frames=16 exec_start_idx=0
MV_INFER cond=normal split=test task=ButtonUnmaskSwap ep=3 ep_seq=7 infer_seq=31 t=480 es=0 k=0 motion_frames=- motion_emb_sha= motion_pos_sha= motion_mask= mem_order_sha= motion_cols_sha= donor=None cover=exact:0,fallback:0,cycle:0,cross_seg:0 gate=none num_steps=10 act_sha=aa4d7dab3f8dda61 infer_ms=67.7
INFO:mme_vla_suite.serving.websocket_policy_server:TIMING infer_ms=67.7
INFO:mme_vla_suite.serving.websocket_policy_server:TIMING add_buffer_ms=37.1 frames=16 exec_start_idx=0
MV_INFER cond=normal split=test task=ButtonUnmaskSwap ep=3 ep_seq=7 infer_seq=32 t=496 es=0 k=0 motion_frames=- motion_emb_sha= motion_pos_sha= motion_mask= mem_order_sha= motion_cols_sha= donor=None cover=exact:0,fallback:0,cycle:0,cross_seg:0 gate=none num_steps=10 act_sha=83302a10796cba96 infer_ms=67.2
INFO:mme_vla_suite.serving.websocket_policy_server:TIMING infer_ms=67.2
INFO:mme_vla_suite.serving.websocket_policy_server:TIMING add_buffer_ms=38.5 frames=16 exec_start_idx=0
MV_INFER cond=normal split=test task=ButtonUnmaskSwap ep=3 ep_seq=7 infer_seq=33 t=512 es=0 k=0 motion_frames=- motion_emb_sha= motion_pos_sha= motion_mask= mem_order_sha= motion_cols_sha= donor=None cover=exact:0,fallback:0,cycle:0,cross_seg:0 gate=none num_steps=10 act_sha=3815218cd03312c5 infer_ms=67.3
INFO:mme_vla_suite.serving.websocket_policy_server:TIMING infer_ms=67.3
INFO:mme_vla_suite.serving.websocket_policy_server:TIMING add_buffer_ms=37.2 frames=16 exec_start_idx=0
MV_INFER cond=normal split=test task=ButtonUnmaskSwap ep=3 ep_seq=7 infer_seq=34 t=528 es=0 k=0 motion_frames=- motion_emb_sha= motion_pos_sha= motion_mask= mem_order_sha= motion_cols_sha= donor=None cover=exact:0,fallback:0,cycle:0,cross_seg:0 gate=none num_steps=10 act_sha=00efe6b30aa916e3 infer_ms=67.3
INFO:mme_vla_suite.serving.websocket_policy_server:TIMING infer_ms=67.3
INFO:mme_vla_suite.serving.websocket_policy_server:TIMING add_buffer_ms=38.1 frames=16 exec_start_idx=0
MV_INFER cond=normal split=test task=ButtonUnmaskSwap ep=3 ep_seq=7 infer_seq=35 t=544 es=0 k=0 motion_frames=- motion_emb_sha= motion_pos_sha= motion_mask= mem_order_sha= motion_cols_sha= donor=None cover=exact:0,fallback:0,cycle:0,cross_seg:0 gate=none num_steps=10 act_sha=475ed3edb416d9be infer_ms=69.2
INFO:mme_vla_suite.serving.websocket_policy_server:TIMING infer_ms=69.2
INFO:mme_vla_suite.serving.websocket_policy_server:TIMING add_buffer_ms=38.2 frames=16 exec_start_idx=0
MV_INFER cond=normal split=test task=ButtonUnmaskSwap ep=3 ep_seq=7 infer_seq=36 t=560 es=0 k=0 motion_frames=- motion_emb_sha= motion_pos_sha= motion_mask= mem_order_sha= motion_cols_sha= donor=None cover=exact:0,fallback:0,cycle:0,cross_seg:0 gate=none num_steps=10 act_sha=a847a56725ad488b infer_ms=67.3
INFO:mme_vla_suite.serving.websocket_policy_server:TIMING infer_ms=67.3
INFO:mme_vla_suite.serving.websocket_policy_server:TIMING add_buffer_ms=37.3 frames=16 exec_start_idx=0
MV_INFER cond=normal split=test task=ButtonUnmaskSwap ep=3 ep_seq=7 infer_seq=37 t=576 es=0 k=0 motion_frames=- motion_emb_sha= motion_pos_sha= motion_mask= mem_order_sha= motion_cols_sha= donor=None cover=exact:0,fallback:0,cycle:0,cross_seg:0 gate=none num_steps=10 act_sha=a3deeba72cbc1316 infer_ms=67.6
INFO:mme_vla_suite.serving.websocket_policy_server:TIMING infer_ms=67.6
INFO:mme_vla_suite.serving.websocket_policy_server:TIMING add_buffer_ms=37.5 frames=16 exec_start_idx=0
MV_INFER cond=normal split=test task=ButtonUnmaskSwap ep=3 ep_seq=7 infer_seq=38 t=592 es=0 k=0 motion_frames=- motion_emb_sha= motion_pos_sha= motion_mask= mem_order_sha= motion_cols_sha= donor=None cover=exact:0,fallback:0,cycle:0,cross_seg:0 gate=none num_steps=10 act_sha=97bb2120d682d955 infer_ms=67.5
INFO:mme_vla_suite.serving.websocket_policy_server:TIMING infer_ms=67.5
INFO:mme_vla_suite.serving.websocket_policy_server:TIMING add_buffer_ms=37.3 frames=16 exec_start_idx=0
MV_INFER cond=normal split=test task=ButtonUnmaskSwap ep=3 ep_seq=7 infer_seq=39 t=608 es=0 k=0 motion_frames=- motion_emb_sha= motion_pos_sha= motion_mask= mem_order_sha= motion_cols_sha= donor=None cover=exact:0,fallback:0,cycle:0,cross_seg:0 gate=none num_steps=10 act_sha=28b46d118f9f6146 infer_ms=68.6
INFO:mme_vla_suite.serving.websocket_policy_server:TIMING infer_ms=68.6
INFO:mme_vla_suite.serving.websocket_policy_server:TIMING add_buffer_ms=39.4 frames=16 exec_start_idx=0
MV_INFER cond=normal split=test task=ButtonUnmaskSwap ep=3 ep_seq=7 infer_seq=40 t=624 es=0 k=0 motion_frames=- motion_emb_sha= motion_pos_sha= motion_mask= mem_order_sha= motion_cols_sha= donor=None cover=exact:0,fallback:0,cycle:0,cross_seg:0 gate=none num_steps=10 act_sha=a3b6a97ab1a2c4f8 infer_ms=68.5
INFO:mme_vla_suite.serving.websocket_policy_server:TIMING infer_ms=68.5
INFO:mme_vla_suite.serving.websocket_policy_server:TIMING add_buffer_ms=37.6 frames=16 exec_start_idx=0
MV_INFER cond=normal split=test task=ButtonUnmaskSwap ep=3 ep_seq=7 infer_seq=41 t=640 es=0 k=0 motion_frames=- motion_emb_sha= motion_pos_sha= motion_mask= mem_order_sha= motion_cols_sha= donor=None cover=exact:0,fallback:0,cycle:0,cross_seg:0 gate=none num_steps=10 act_sha=0c20a950e009b361 infer_ms=67.4
INFO:mme_vla_suite.serving.websocket_policy_server:TIMING infer_ms=67.4
INFO:mme_vla_suite.serving.websocket_policy_server:TIMING add_buffer_ms=42.9 frames=16 exec_start_idx=0
MV_INFER cond=normal split=test task=ButtonUnmaskSwap ep=3 ep_seq=7 infer_seq=42 t=656 es=0 k=0 motion_frames=- motion_emb_sha= motion_pos_sha= motion_mask= mem_order_sha= motion_cols_sha= donor=None cover=exact:0,fallback:0,cycle:0,cross_seg:0 gate=none num_steps=10 act_sha=a59d0e85933ea799 infer_ms=69.0
INFO:mme_vla_suite.serving.websocket_policy_server:TIMING infer_ms=69.0
INFO:mme_vla_suite.serving.websocket_policy_server:TIMING add_buffer_ms=39.4 frames=16 exec_start_idx=0
MV_INFER cond=normal split=test task=ButtonUnmaskSwap ep=3 ep_seq=7 infer_seq=43 t=672 es=0 k=0 motion_frames=- motion_emb_sha= motion_pos_sha= motion_mask= mem_order_sha= motion_cols_sha= donor=None cover=exact:0,fallback:0,cycle:0,cross_seg:0 gate=none num_steps=10 act_sha=bf4c2c0327cd2ea5 infer_ms=67.6
INFO:mme_vla_suite.serving.websocket_policy_server:TIMING infer_ms=67.6
INFO:mme_vla_suite.serving.websocket_policy_server:TIMING add_buffer_ms=37.5 frames=16 exec_start_idx=0
MV_INFER cond=normal split=test task=ButtonUnmaskSwap ep=3 ep_seq=7 infer_seq=44 t=688 es=0 k=0 motion_frames=- motion_emb_sha= motion_pos_sha= motion_mask= mem_order_sha= motion_cols_sha= donor=None cover=exact:0,fallback:0,cycle:0,cross_seg:0 gate=none num_steps=10 act_sha=868eefd0b2806e94 infer_ms=67.4
INFO:mme_vla_suite.serving.websocket_policy_server:TIMING infer_ms=67.4
INFO:mme_vla_suite.serving.websocket_policy_server:TIMING add_buffer_ms=37.2 frames=16 exec_start_idx=0
MV_INFER cond=normal split=test task=ButtonUnmaskSwap ep=3 ep_seq=7 infer_seq=45 t=704 es=0 k=0 motion_frames=- motion_emb_sha= motion_pos_sha= motion_mask= mem_order_sha= motion_cols_sha= donor=None cover=exact:0,fallback:0,cycle:0,cross_seg:0 gate=none num_steps=10 act_sha=48d8f83dc7f5afcd infer_ms=67.3
INFO:mme_vla_suite.serving.websocket_policy_server:TIMING infer_ms=67.3
INFO:mme_vla_suite.serving.websocket_policy_server:TIMING add_buffer_ms=37.0 frames=16 exec_start_idx=0
MV_INFER cond=normal split=test task=ButtonUnmaskSwap ep=3 ep_seq=7 infer_seq=46 t=720 es=0 k=0 motion_frames=- motion_emb_sha= motion_pos_sha= motion_mask= mem_order_sha= motion_cols_sha= donor=None cover=exact:0,fallback:0,cycle:0,cross_seg:0 gate=none num_steps=10 act_sha=70eab81cbcd802dd infer_ms=67.3
INFO:mme_vla_suite.serving.websocket_policy_server:TIMING infer_ms=67.3
INFO:mme_vla_suite.serving.websocket_policy_server:TIMING add_buffer_ms=37.8 frames=16 exec_start_idx=0
MV_INFER cond=normal split=test task=ButtonUnmaskSwap ep=3 ep_seq=7 infer_seq=47 t=736 es=0 k=0 motion_frames=- motion_emb_sha= motion_pos_sha= motion_mask= mem_order_sha= motion_cols_sha= donor=None cover=exact:0,fallback:0,cycle:0,cross_seg:0 gate=none num_steps=10 act_sha=6edd81cf8ede6eee infer_ms=67.7
INFO:mme_vla_suite.serving.websocket_policy_server:TIMING infer_ms=67.7
INFO:mme_vla_suite.serving.websocket_policy_server:TIMING add_buffer_ms=37.5 frames=16 exec_start_idx=0
MV_INFER cond=normal split=test task=ButtonUnmaskSwap ep=3 ep_seq=7 infer_seq=48 t=752 es=0 k=0 motion_frames=- motion_emb_sha= motion_pos_sha= motion_mask= mem_order_sha= motion_cols_sha= donor=None cover=exact:0,fallback:0,cycle:0,cross_seg:0 gate=none num_steps=10 act_sha=2fed8be3762941b6 infer_ms=67.3
INFO:mme_vla_suite.serving.websocket_policy_server:TIMING infer_ms=67.3
INFO:mme_vla_suite.serving.websocket_policy_server:TIMING add_buffer_ms=38.3 frames=16 exec_start_idx=0
MV_INFER cond=normal split=test task=ButtonUnmaskSwap ep=3 ep_seq=7 infer_seq=49 t=768 es=0 k=0 motion_frames=- motion_emb_sha= motion_pos_sha= motion_mask= mem_order_sha= motion_cols_sha= donor=None cover=exact:0,fallback:0,cycle:0,cross_seg:0 gate=none num_steps=10 act_sha=5cfeb89823def824 infer_ms=67.4
INFO:mme_vla_suite.serving.websocket_policy_server:TIMING infer_ms=67.4
INFO:mme_vla_suite.serving.websocket_policy_server:TIMING add_buffer_ms=37.8 frames=16 exec_start_idx=0
MV_INFER cond=normal split=test task=ButtonUnmaskSwap ep=3 ep_seq=7 infer_seq=50 t=784 es=0 k=0 motion_frames=- motion_emb_sha= motion_pos_sha= motion_mask= mem_order_sha= motion_cols_sha= donor=None cover=exact:0,fallback:0,cycle:0,cross_seg:0 gate=none num_steps=10 act_sha=4ad1973eb2743b6f infer_ms=67.2
INFO:mme_vla_suite.serving.websocket_policy_server:TIMING infer_ms=67.2
INFO:mme_vla_suite.serving.websocket_policy_server:TIMING add_buffer_ms=37.0 frames=16 exec_start_idx=0
MV_INFER cond=normal split=test task=ButtonUnmaskSwap ep=3 ep_seq=7 infer_seq=51 t=800 es=0 k=0 motion_frames=- motion_emb_sha= motion_pos_sha= motion_mask= mem_order_sha= motion_cols_sha= donor=None cover=exact:0,fallback:0,cycle:0,cross_seg:0 gate=none num_steps=10 act_sha=ce54e5592e53fafd infer_ms=67.6
INFO:mme_vla_suite.serving.websocket_policy_server:TIMING infer_ms=67.6
INFO:mme_vla_suite.serving.websocket_policy_server:TIMING add_buffer_ms=37.0 frames=16 exec_start_idx=0
MV_INFER cond=normal split=test task=ButtonUnmaskSwap ep=3 ep_seq=7 infer_seq=52 t=816 es=0 k=0 motion_frames=- motion_emb_sha= motion_pos_sha= motion_mask= mem_order_sha= motion_cols_sha= donor=None cover=exact:0,fallback:0,cycle:0,cross_seg:0 gate=none num_steps=10 act_sha=448e84cff17b9557 infer_ms=67.3
INFO:mme_vla_suite.serving.websocket_policy_server:TIMING infer_ms=67.3
INFO:mme_vla_suite.serving.websocket_policy_server:TIMING add_buffer_ms=37.2 frames=16 exec_start_idx=0
MV_INFER cond=normal split=test task=ButtonUnmaskSwap ep=3 ep_seq=7 infer_seq=53 t=832 es=0 k=0 motion_frames=- motion_emb_sha= motion_pos_sha= motion_mask= mem_order_sha= motion_cols_sha= donor=None cover=exact:0,fallback:0,cycle:0,cross_seg:0 gate=none num_steps=10 act_sha=12e7ed27721e52fd infer_ms=67.1
INFO:mme_vla_suite.serving.websocket_policy_server:TIMING infer_ms=67.1
INFO:mme_vla_suite.serving.websocket_policy_server:TIMING add_buffer_ms=37.8 frames=16 exec_start_idx=0
MV_INFER cond=normal split=test task=ButtonUnmaskSwap ep=3 ep_seq=7 infer_seq=54 t=848 es=0 k=0 motion_frames=- motion_emb_sha= motion_pos_sha= motion_mask= mem_order_sha= motion_cols_sha= donor=None cover=exact:0,fallback:0,cycle:0,cross_seg:0 gate=none num_steps=10 act_sha=f39a0ee0d54c4c53 infer_ms=67.3
INFO:mme_vla_suite.serving.websocket_policy_server:TIMING infer_ms=67.3
INFO:mme_vla_suite.serving.websocket_policy_server:TIMING add_buffer_ms=38.5 frames=16 exec_start_idx=0
MV_INFER cond=normal split=test task=ButtonUnmaskSwap ep=3 ep_seq=7 infer_seq=55 t=864 es=0 k=0 motion_frames=- motion_emb_sha= motion_pos_sha= motion_mask= mem_order_sha= motion_cols_sha= donor=None cover=exact:0,fallback:0,cycle:0,cross_seg:0 gate=none num_steps=10 act_sha=c391ed321f50d3e3 infer_ms=67.2
INFO:mme_vla_suite.serving.websocket_policy_server:TIMING infer_ms=67.2
INFO:mme_vla_suite.serving.websocket_policy_server:TIMING add_buffer_ms=37.9 frames=16 exec_start_idx=0
MV_INFER cond=normal split=test task=ButtonUnmaskSwap ep=3 ep_seq=7 infer_seq=56 t=880 es=0 k=0 motion_frames=- motion_emb_sha= motion_pos_sha= motion_mask= mem_order_sha= motion_cols_sha= donor=None cover=exact:0,fallback:0,cycle:0,cross_seg:0 gate=none num_steps=10 act_sha=676c73ff529d034c infer_ms=67.6
INFO:mme_vla_suite.serving.websocket_policy_server:TIMING infer_ms=67.6
INFO:mme_vla_suite.serving.websocket_policy_server:TIMING add_buffer_ms=38.1 frames=16 exec_start_idx=0
MV_INFER cond=normal split=test task=ButtonUnmaskSwap ep=3 ep_seq=7 infer_seq=57 t=896 es=0 k=0 motion_frames=- motion_emb_sha= motion_pos_sha= motion_mask= mem_order_sha= motion_cols_sha= donor=None cover=exact:0,fallback:0,cycle:0,cross_seg:0 gate=none num_steps=10 act_sha=6ceec2b24f4d8721 infer_ms=67.4
INFO:mme_vla_suite.serving.websocket_policy_server:TIMING infer_ms=67.4
INFO:mme_vla_suite.serving.websocket_policy_server:TIMING add_buffer_ms=38.1 frames=16 exec_start_idx=0
MV_INFER cond=normal split=test task=ButtonUnmaskSwap ep=3 ep_seq=7 infer_seq=58 t=912 es=0 k=0 motion_frames=- motion_emb_sha= motion_pos_sha= motion_mask= mem_order_sha= motion_cols_sha= donor=None cover=exact:0,fallback:0,cycle:0,cross_seg:0 gate=none num_steps=10 act_sha=a3acb24ad6bfe258 infer_ms=67.4
INFO:mme_vla_suite.serving.websocket_policy_server:TIMING infer_ms=67.4
INFO:mme_vla_suite.serving.websocket_policy_server:TIMING add_buffer_ms=38.4 frames=16 exec_start_idx=0
MV_INFER cond=normal split=test task=ButtonUnmaskSwap ep=3 ep_seq=7 infer_seq=59 t=928 es=0 k=0 motion_frames=- motion_emb_sha= motion_pos_sha= motion_mask= mem_order_sha= motion_cols_sha= donor=None cover=exact:0,fallback:0,cycle:0,cross_seg:0 gate=none num_steps=10 act_sha=49dc7652dafa5cb4 infer_ms=67.8
INFO:mme_vla_suite.serving.websocket_policy_server:TIMING infer_ms=67.8
INFO:mme_vla_suite.serving.websocket_policy_server:TIMING add_buffer_ms=40.7 frames=16 exec_start_idx=0
MV_INFER cond=normal split=test task=ButtonUnmaskSwap ep=3 ep_seq=7 infer_seq=60 t=944 es=0 k=0 motion_frames=- motion_emb_sha= motion_pos_sha= motion_mask= mem_order_sha= motion_cols_sha= donor=None cover=exact:0,fallback:0,cycle:0,cross_seg:0 gate=none num_steps=10 act_sha=baa5620c958032cc infer_ms=68.0
INFO:mme_vla_suite.serving.websocket_policy_server:TIMING infer_ms=68.0
INFO:mme_vla_suite.serving.websocket_policy_server:TIMING add_buffer_ms=38.8 frames=16 exec_start_idx=0
MV_INFER cond=normal split=test task=ButtonUnmaskSwap ep=3 ep_seq=7 infer_seq=61 t=960 es=0 k=0 motion_frames=- motion_emb_sha= motion_pos_sha= motion_mask= mem_order_sha= motion_cols_sha= donor=None cover=exact:0,fallback:0,cycle:0,cross_seg:0 gate=none num_steps=10 act_sha=ed03a67f714f5025 infer_ms=68.0
INFO:mme_vla_suite.serving.websocket_policy_server:TIMING infer_ms=68.0
INFO:mme_vla_suite.serving.websocket_policy_server:TIMING add_buffer_ms=38.8 frames=16 exec_start_idx=0
MV_INFER cond=normal split=test task=ButtonUnmaskSwap ep=3 ep_seq=7 infer_seq=62 t=976 es=0 k=0 motion_frames=- motion_emb_sha= motion_pos_sha= motion_mask= mem_order_sha= motion_cols_sha= donor=None cover=exact:0,fallback:0,cycle:0,cross_seg:0 gate=none num_steps=10 act_sha=a28918437facec6e infer_ms=68.2
INFO:mme_vla_suite.serving.websocket_policy_server:TIMING infer_ms=68.2
INFO:mme_vla_suite.serving.websocket_policy_server:TIMING add_buffer_ms=38.7 frames=16 exec_start_idx=0
MV_INFER cond=normal split=test task=ButtonUnmaskSwap ep=3 ep_seq=7 infer_seq=63 t=992 es=0 k=0 motion_frames=- motion_emb_sha= motion_pos_sha= motion_mask= mem_order_sha= motion_cols_sha= donor=None cover=exact:0,fallback:0,cycle:0,cross_seg:0 gate=none num_steps=10 act_sha=383b34882e1e8b32 infer_ms=68.5
INFO:mme_vla_suite.serving.websocket_policy_server:TIMING infer_ms=68.5
INFO:mme_vla_suite.serving.websocket_policy_server:TIMING add_buffer_ms=37.3 frames=16 exec_start_idx=0
MV_INFER cond=normal split=test task=ButtonUnmaskSwap ep=3 ep_seq=7 infer_seq=64 t=1008 es=0 k=0 motion_frames=- motion_emb_sha= motion_pos_sha= motion_mask= mem_order_sha= motion_cols_sha= donor=None cover=exact:0,fallback:0,cycle:0,cross_seg:0 gate=none num_steps=10 act_sha=fba82016e2d1d6c9 infer_ms=67.2
INFO:mme_vla_suite.serving.websocket_policy_server:TIMING infer_ms=67.2
INFO:mme_vla_suite.serving.websocket_policy_server:TIMING add_buffer_ms=37.0 frames=16 exec_start_idx=0
MV_INFER cond=normal split=test task=ButtonUnmaskSwap ep=3 ep_seq=7 infer_seq=65 t=1024 es=0 k=0 motion_frames=- motion_emb_sha= motion_pos_sha= motion_mask= mem_order_sha= motion_cols_sha= donor=None cover=exact:0,fallback:0,cycle:0,cross_seg:0 gate=none num_steps=10 act_sha=76623592f8224c0c infer_ms=67.4
INFO:mme_vla_suite.serving.websocket_policy_server:TIMING infer_ms=67.4
INFO:mme_vla_suite.serving.websocket_policy_server:TIMING add_buffer_ms=38.1 frames=16 exec_start_idx=0
MV_INFER cond=normal split=test task=ButtonUnmaskSwap ep=3 ep_seq=7 infer_seq=66 t=1040 es=0 k=0 motion_frames=- motion_emb_sha= motion_pos_sha= motion_mask= mem_order_sha= motion_cols_sha= donor=None cover=exact:0,fallback:0,cycle:0,cross_seg:0 gate=none num_steps=10 act_sha=00bed53f03b09d20 infer_ms=67.3
INFO:mme_vla_suite.serving.websocket_policy_server:TIMING infer_ms=67.3
INFO:mme_vla_suite.serving.websocket_policy_server:TIMING add_buffer_ms=37.7 frames=16 exec_start_idx=0
MV_INFER cond=normal split=test task=ButtonUnmaskSwap ep=3 ep_seq=7 infer_seq=67 t=1056 es=0 k=0 motion_frames=- motion_emb_sha= motion_pos_sha= motion_mask= mem_order_sha= motion_cols_sha= donor=None cover=exact:0,fallback:0,cycle:0,cross_seg:0 gate=none num_steps=10 act_sha=9f373bd4d1ead809 infer_ms=68.7
INFO:mme_vla_suite.serving.websocket_policy_server:TIMING infer_ms=68.7
INFO:mme_vla_suite.serving.websocket_policy_server:TIMING add_buffer_ms=38.3 frames=16 exec_start_idx=0
MV_INFER cond=normal split=test task=ButtonUnmaskSwap ep=3 ep_seq=7 infer_seq=68 t=1072 es=0 k=0 motion_frames=- motion_emb_sha= motion_pos_sha= motion_mask= mem_order_sha= motion_cols_sha= donor=None cover=exact:0,fallback:0,cycle:0,cross_seg:0 gate=none num_steps=10 act_sha=732bfea29134340e infer_ms=67.4
INFO:mme_vla_suite.serving.websocket_policy_server:TIMING infer_ms=67.4
INFO:mme_vla_suite.serving.websocket_policy_server:TIMING add_buffer_ms=39.4 frames=16 exec_start_idx=0
MV_INFER cond=normal split=test task=ButtonUnmaskSwap ep=3 ep_seq=7 infer_seq=69 t=1088 es=0 k=0 motion_frames=- motion_emb_sha= motion_pos_sha= motion_mask= mem_order_sha= motion_cols_sha= donor=None cover=exact:0,fallback:0,cycle:0,cross_seg:0 gate=none num_steps=10 act_sha=2d81d60a3a2ecea2 infer_ms=68.2
INFO:mme_vla_suite.serving.websocket_policy_server:TIMING infer_ms=68.2
INFO:mme_vla_suite.serving.websocket_policy_server:TIMING add_buffer_ms=38.1 frames=16 exec_start_idx=0
MV_INFER cond=normal split=test task=ButtonUnmaskSwap ep=3 ep_seq=7 infer_seq=70 t=1104 es=0 k=0 motion_frames=- motion_emb_sha= motion_pos_sha= motion_mask= mem_order_sha= motion_cols_sha= donor=None cover=exact:0,fallback:0,cycle:0,cross_seg:0 gate=none num_steps=10 act_sha=0e3a4fc2aaa88412 infer_ms=67.4
INFO:mme_vla_suite.serving.websocket_policy_server:TIMING infer_ms=67.4
INFO:mme_vla_suite.serving.websocket_policy_server:TIMING add_buffer_ms=38.2 frames=16 exec_start_idx=0
MV_INFER cond=normal split=test task=ButtonUnmaskSwap ep=3 ep_seq=7 infer_seq=71 t=1120 es=0 k=0 motion_frames=- motion_emb_sha= motion_pos_sha= motion_mask= mem_order_sha= motion_cols_sha= donor=None cover=exact:0,fallback:0,cycle:0,cross_seg:0 gate=none num_steps=10 act_sha=112c13598fe943ab infer_ms=67.6
INFO:mme_vla_suite.serving.websocket_policy_server:TIMING infer_ms=67.6
INFO:mme_vla_suite.serving.websocket_policy_server:TIMING add_buffer_ms=38.3 frames=16 exec_start_idx=0
MV_INFER cond=normal split=test task=ButtonUnmaskSwap ep=3 ep_seq=7 infer_seq=72 t=1136 es=0 k=0 motion_frames=- motion_emb_sha= motion_pos_sha= motion_mask= mem_order_sha= motion_cols_sha= donor=None cover=exact:0,fallback:0,cycle:0,cross_seg:0 gate=none num_steps=10 act_sha=f77ad0192cb7ba76 infer_ms=68.0
INFO:mme_vla_suite.serving.websocket_policy_server:TIMING infer_ms=68.0
INFO:mme_vla_suite.serving.websocket_policy_server:TIMING add_buffer_ms=39.7 frames=16 exec_start_idx=0
MV_INFER cond=normal split=test task=ButtonUnmaskSwap ep=3 ep_seq=7 infer_seq=73 t=1152 es=0 k=0 motion_frames=- motion_emb_sha= motion_pos_sha= motion_mask= mem_order_sha= motion_cols_sha= donor=None cover=exact:0,fallback:0,cycle:0,cross_seg:0 gate=none num_steps=10 act_sha=528563b53502fe36 infer_ms=67.6
INFO:mme_vla_suite.serving.websocket_policy_server:TIMING infer_ms=67.6
INFO:mme_vla_suite.serving.websocket_policy_server:TIMING add_buffer_ms=37.7 frames=16 exec_start_idx=0
MV_INFER cond=normal split=test task=ButtonUnmaskSwap ep=3 ep_seq=7 infer_seq=74 t=1168 es=0 k=0 motion_frames=- motion_emb_sha= motion_pos_sha= motion_mask= mem_order_sha= motion_cols_sha= donor=None cover=exact:0,fallback:0,cycle:0,cross_seg:0 gate=none num_steps=10 act_sha=40a251b97dfe957b infer_ms=67.5
INFO:mme_vla_suite.serving.websocket_policy_server:TIMING infer_ms=67.5
INFO:mme_vla_suite.serving.websocket_policy_server:TIMING add_buffer_ms=37.4 frames=16 exec_start_idx=0
MV_INFER cond=normal split=test task=ButtonUnmaskSwap ep=3 ep_seq=7 infer_seq=75 t=1184 es=0 k=0 motion_frames=- motion_emb_sha= motion_pos_sha= motion_mask= mem_order_sha= motion_cols_sha= donor=None cover=exact:0,fallback:0,cycle:0,cross_seg:0 gate=none num_steps=10 act_sha=5c832d1d91e447a9 infer_ms=67.4
INFO:mme_vla_suite.serving.websocket_policy_server:TIMING infer_ms=67.4
INFO:mme_vla_suite.serving.websocket_policy_server:TIMING add_buffer_ms=37.7 frames=16 exec_start_idx=0
MV_INFER cond=normal split=test task=ButtonUnmaskSwap ep=3 ep_seq=7 infer_seq=76 t=1200 es=0 k=0 motion_frames=- motion_emb_sha= motion_pos_sha= motion_mask= mem_order_sha= motion_cols_sha= donor=None cover=exact:0,fallback:0,cycle:0,cross_seg:0 gate=none num_steps=10 act_sha=a685e847b3007751 infer_ms=67.4
INFO:mme_vla_suite.serving.websocket_policy_server:TIMING infer_ms=67.4
INFO:mme_vla_suite.serving.websocket_policy_server:TIMING add_buffer_ms=37.3 frames=16 exec_start_idx=0
MV_INFER cond=normal split=test task=ButtonUnmaskSwap ep=3 ep_seq=7 infer_seq=77 t=1216 es=0 k=0 motion_frames=- motion_emb_sha= motion_pos_sha= motion_mask= mem_order_sha= motion_cols_sha= donor=None cover=exact:0,fallback:0,cycle:0,cross_seg:0 gate=none num_steps=10 act_sha=7da8e2e484e90342 infer_ms=67.2
INFO:mme_vla_suite.serving.websocket_policy_server:TIMING infer_ms=67.2
INFO:mme_vla_suite.serving.websocket_policy_server:TIMING add_buffer_ms=38.5 frames=16 exec_start_idx=0
MV_INFER cond=normal split=test task=ButtonUnmaskSwap ep=3 ep_seq=7 infer_seq=78 t=1232 es=0 k=0 motion_frames=- motion_emb_sha= motion_pos_sha= motion_mask= mem_order_sha= motion_cols_sha= donor=None cover=exact:0,fallback:0,cycle:0,cross_seg:0 gate=none num_steps=10 act_sha=a6a3bb71847a54c3 infer_ms=67.5
INFO:mme_vla_suite.serving.websocket_policy_server:TIMING infer_ms=67.5
INFO:mme_vla_suite.serving.websocket_policy_server:TIMING add_buffer_ms=38.3 frames=16 exec_start_idx=0
MV_INFER cond=normal split=test task=ButtonUnmaskSwap ep=3 ep_seq=7 infer_seq=79 t=1248 es=0 k=0 motion_frames=- motion_emb_sha= motion_pos_sha= motion_mask= mem_order_sha= motion_cols_sha= donor=None cover=exact:0,fallback:0,cycle:0,cross_seg:0 gate=none num_steps=10 act_sha=f3c04dce58e43caf infer_ms=67.1
INFO:mme_vla_suite.serving.websocket_policy_server:TIMING infer_ms=67.1
INFO:mme_vla_suite.serving.websocket_policy_server:TIMING add_buffer_ms=38.1 frames=16 exec_start_idx=0
MV_INFER cond=normal split=test task=ButtonUnmaskSwap ep=3 ep_seq=7 infer_seq=80 t=1264 es=0 k=0 motion_frames=- motion_emb_sha= motion_pos_sha= motion_mask= mem_order_sha= motion_cols_sha= donor=None cover=exact:0,fallback:0,cycle:0,cross_seg:0 gate=none num_steps=10 act_sha=7d8b165b319f9277 infer_ms=67.3
INFO:mme_vla_suite.serving.websocket_policy_server:TIMING infer_ms=67.3
INFO:mme_vla_suite.serving.websocket_policy_server:TIMING add_buffer_ms=38.3 frames=16 exec_start_idx=0
MV_INFER cond=normal split=test task=ButtonUnmaskSwap ep=3 ep_seq=7 infer_seq=81 t=1280 es=0 k=0 motion_frames=- motion_emb_sha= motion_pos_sha= motion_mask= mem_order_sha= motion_cols_sha= donor=None cover=exact:0,fallback:0,cycle:0,cross_seg:0 gate=none num_steps=10 act_sha=c4af430ccaaa0da7 infer_ms=67.5
INFO:mme_vla_suite.serving.websocket_policy_server:TIMING infer_ms=67.5
INFO:mme_vla_suite.serving.websocket_policy_server:TIMING add_buffer_ms=39.1 frames=16 exec_start_idx=0
MV_INFER cond=normal split=test task=ButtonUnmaskSwap ep=3 ep_seq=7 infer_seq=82 t=1296 es=0 k=0 motion_frames=- motion_emb_sha= motion_pos_sha= motion_mask= mem_order_sha= motion_cols_sha= donor=None cover=exact:0,fallback:0,cycle:0,cross_seg:0 gate=none num_steps=10 act_sha=183fd8e04df50ac5 infer_ms=67.2
INFO:mme_vla_suite.serving.websocket_policy_server:TIMING infer_ms=67.2
INFO:websockets.server:connection open
INFO:mme_vla_suite.serving.websocket_policy_server:Connection from ('127.0.0.1', 35608) opened
MV_EPISODE_END ep_seq=7 infers=82 windows=0 wall_s=34.0
MV_EPISODE_BEGIN cond=normal split=test seed=42 ep_seq=8 expect=ButtonUnmaskSwap:7
INFO:mme_vla_suite.serving.websocket_policy_server:TIMING add_buffer_ms=6.9 frames=1 exec_start_idx=0
MV_INFER cond=normal split=test task=ButtonUnmaskSwap ep=7 ep_seq=8 infer_seq=1 t=0 es=0 k=0 motion_frames=- motion_emb_sha= motion_pos_sha= motion_mask= mem_order_sha= motion_cols_sha= donor=None cover=exact:0,fallback:0,cycle:0,cross_seg:0 gate=none num_steps=10 act_sha=635b709718adad73 infer_ms=67.0
INFO:mme_vla_suite.serving.websocket_policy_server:TIMING infer_ms=67.0
INFO:mme_vla_suite.serving.websocket_policy_server:TIMING add_buffer_ms=36.9 frames=16 exec_start_idx=0
MV_INFER cond=normal split=test task=ButtonUnmaskSwap ep=7 ep_seq=8 infer_seq=2 t=16 es=0 k=0 motion_frames=- motion_emb_sha= motion_pos_sha= motion_mask= mem_order_sha= motion_cols_sha= donor=None cover=exact:0,fallback:0,cycle:0,cross_seg:0 gate=none num_steps=10 act_sha=1deb3d6d00013f83 infer_ms=67.5
INFO:mme_vla_suite.serving.websocket_policy_server:TIMING infer_ms=67.5
INFO:mme_vla_suite.serving.websocket_policy_server:TIMING add_buffer_ms=35.9 frames=16 exec_start_idx=0
MV_INFER cond=normal split=test task=ButtonUnmaskSwap ep=7 ep_seq=8 infer_seq=3 t=32 es=0 k=0 motion_frames=- motion_emb_sha= motion_pos_sha= motion_mask= mem_order_sha= motion_cols_sha= donor=None cover=exact:0,fallback:0,cycle:0,cross_seg:0 gate=none num_steps=10 act_sha=5dc2dfdd0cab6d3d infer_ms=67.6
INFO:mme_vla_suite.serving.websocket_policy_server:TIMING infer_ms=67.6
INFO:mme_vla_suite.serving.websocket_policy_server:TIMING add_buffer_ms=38.9 frames=16 exec_start_idx=0
MV_INFER cond=normal split=test task=ButtonUnmaskSwap ep=7 ep_seq=8 infer_seq=4 t=48 es=0 k=0 motion_frames=- motion_emb_sha= motion_pos_sha= motion_mask= mem_order_sha= motion_cols_sha= donor=None cover=exact:0,fallback:0,cycle:0,cross_seg:0 gate=none num_steps=10 act_sha=247b5e0db2bb64d2 infer_ms=67.4
INFO:mme_vla_suite.serving.websocket_policy_server:TIMING infer_ms=67.4
INFO:mme_vla_suite.serving.websocket_policy_server:TIMING add_buffer_ms=36.0 frames=16 exec_start_idx=0
MV_INFER cond=normal split=test task=ButtonUnmaskSwap ep=7 ep_seq=8 infer_seq=5 t=64 es=0 k=0 motion_frames=- motion_emb_sha= motion_pos_sha= motion_mask= mem_order_sha= motion_cols_sha= donor=None cover=exact:0,fallback:0,cycle:0,cross_seg:0 gate=none num_steps=10 act_sha=e687e888554206cc infer_ms=67.3
INFO:mme_vla_suite.serving.websocket_policy_server:TIMING infer_ms=67.3
INFO:mme_vla_suite.serving.websocket_policy_server:TIMING add_buffer_ms=37.0 frames=16 exec_start_idx=0
MV_INFER cond=normal split=test task=ButtonUnmaskSwap ep=7 ep_seq=8 infer_seq=6 t=80 es=0 k=0 motion_frames=- motion_emb_sha= motion_pos_sha= motion_mask= mem_order_sha= motion_cols_sha= donor=None cover=exact:0,fallback:0,cycle:0,cross_seg:0 gate=none num_steps=10 act_sha=710165d6db8a3ee3 infer_ms=67.3
INFO:mme_vla_suite.serving.websocket_policy_server:TIMING infer_ms=67.3
INFO:mme_vla_suite.serving.websocket_policy_server:TIMING add_buffer_ms=37.1 frames=16 exec_start_idx=0
MV_INFER cond=normal split=test task=ButtonUnmaskSwap ep=7 ep_seq=8 infer_seq=7 t=96 es=0 k=0 motion_frames=- motion_emb_sha= motion_pos_sha= motion_mask= mem_order_sha= motion_cols_sha= donor=None cover=exact:0,fallback:0,cycle:0,cross_seg:0 gate=none num_steps=10 act_sha=dc6ea9f6b8a66f8d infer_ms=67.3
INFO:mme_vla_suite.serving.websocket_policy_server:TIMING infer_ms=67.3
INFO:mme_vla_suite.serving.websocket_policy_server:TIMING add_buffer_ms=36.9 frames=16 exec_start_idx=0
MV_INFER cond=normal split=test task=ButtonUnmaskSwap ep=7 ep_seq=8 infer_seq=8 t=112 es=0 k=0 motion_frames=- motion_emb_sha= motion_pos_sha= motion_mask= mem_order_sha= motion_cols_sha= donor=None cover=exact:0,fallback:0,cycle:0,cross_seg:0 gate=none num_steps=10 act_sha=32ca62dcb09eac25 infer_ms=67.2
INFO:mme_vla_suite.serving.websocket_policy_server:TIMING infer_ms=67.2
INFO:mme_vla_suite.serving.websocket_policy_server:TIMING add_buffer_ms=37.5 frames=16 exec_start_idx=0
MV_INFER cond=normal split=test task=ButtonUnmaskSwap ep=7 ep_seq=8 infer_seq=9 t=128 es=0 k=0 motion_frames=- motion_emb_sha= motion_pos_sha= motion_mask= mem_order_sha= motion_cols_sha= donor=None cover=exact:0,fallback:0,cycle:0,cross_seg:0 gate=none num_steps=10 act_sha=6549bcf9f035b6c0 infer_ms=67.4
INFO:mme_vla_suite.serving.websocket_policy_server:TIMING infer_ms=67.4
INFO:mme_vla_suite.serving.websocket_policy_server:TIMING add_buffer_ms=39.0 frames=16 exec_start_idx=0
MV_INFER cond=normal split=test task=ButtonUnmaskSwap ep=7 ep_seq=8 infer_seq=10 t=144 es=0 k=0 motion_frames=- motion_emb_sha= motion_pos_sha= motion_mask= mem_order_sha= motion_cols_sha= donor=None cover=exact:0,fallback:0,cycle:0,cross_seg:0 gate=none num_steps=10 act_sha=92366caf0de818b4 infer_ms=67.2
INFO:mme_vla_suite.serving.websocket_policy_server:TIMING infer_ms=67.2
INFO:mme_vla_suite.serving.websocket_policy_server:TIMING add_buffer_ms=37.0 frames=16 exec_start_idx=0
MV_INFER cond=normal split=test task=ButtonUnmaskSwap ep=7 ep_seq=8 infer_seq=11 t=160 es=0 k=0 motion_frames=- motion_emb_sha= motion_pos_sha= motion_mask= mem_order_sha= motion_cols_sha= donor=None cover=exact:0,fallback:0,cycle:0,cross_seg:0 gate=none num_steps=10 act_sha=b32ead1fc42e5c30 infer_ms=67.4
INFO:mme_vla_suite.serving.websocket_policy_server:TIMING infer_ms=67.4
INFO:mme_vla_suite.serving.websocket_policy_server:TIMING add_buffer_ms=37.0 frames=16 exec_start_idx=0
MV_INFER cond=normal split=test task=ButtonUnmaskSwap ep=7 ep_seq=8 infer_seq=12 t=176 es=0 k=0 motion_frames=- motion_emb_sha= motion_pos_sha= motion_mask= mem_order_sha= motion_cols_sha= donor=None cover=exact:0,fallback:0,cycle:0,cross_seg:0 gate=none num_steps=10 act_sha=3c7eacb649e228fc infer_ms=67.3
INFO:mme_vla_suite.serving.websocket_policy_server:TIMING infer_ms=67.3
INFO:mme_vla_suite.serving.websocket_policy_server:TIMING add_buffer_ms=36.9 frames=16 exec_start_idx=0
MV_INFER cond=normal split=test task=ButtonUnmaskSwap ep=7 ep_seq=8 infer_seq=13 t=192 es=0 k=0 motion_frames=- motion_emb_sha= motion_pos_sha= motion_mask= mem_order_sha= motion_cols_sha= donor=None cover=exact:0,fallback:0,cycle:0,cross_seg:0 gate=none num_steps=10 act_sha=fa24d9a743f5b6e6 infer_ms=67.5
INFO:mme_vla_suite.serving.websocket_policy_server:TIMING infer_ms=67.5
INFO:mme_vla_suite.serving.websocket_policy_server:TIMING add_buffer_ms=37.1 frames=16 exec_start_idx=0
MV_INFER cond=normal split=test task=ButtonUnmaskSwap ep=7 ep_seq=8 infer_seq=14 t=208 es=0 k=0 motion_frames=- motion_emb_sha= motion_pos_sha= motion_mask= mem_order_sha= motion_cols_sha= donor=None cover=exact:0,fallback:0,cycle:0,cross_seg:0 gate=none num_steps=10 act_sha=b6efa570d482eb99 infer_ms=67.4
INFO:mme_vla_suite.serving.websocket_policy_server:TIMING infer_ms=67.4
INFO:mme_vla_suite.serving.websocket_policy_server:TIMING add_buffer_ms=37.3 frames=16 exec_start_idx=0
MV_INFER cond=normal split=test task=ButtonUnmaskSwap ep=7 ep_seq=8 infer_seq=15 t=224 es=0 k=0 motion_frames=- motion_emb_sha= motion_pos_sha= motion_mask= mem_order_sha= motion_cols_sha= donor=None cover=exact:0,fallback:0,cycle:0,cross_seg:0 gate=none num_steps=10 act_sha=3b5b7b1e6d2e3fce infer_ms=67.8
INFO:mme_vla_suite.serving.websocket_policy_server:TIMING infer_ms=67.8
INFO:mme_vla_suite.serving.websocket_policy_server:TIMING add_buffer_ms=38.0 frames=16 exec_start_idx=0
MV_INFER cond=normal split=test task=ButtonUnmaskSwap ep=7 ep_seq=8 infer_seq=16 t=240 es=0 k=0 motion_frames=- motion_emb_sha= motion_pos_sha= motion_mask= mem_order_sha= motion_cols_sha= donor=None cover=exact:0,fallback:0,cycle:0,cross_seg:0 gate=none num_steps=10 act_sha=cf6368300efa6c5a infer_ms=67.5
INFO:mme_vla_suite.serving.websocket_policy_server:TIMING infer_ms=67.5
INFO:mme_vla_suite.serving.websocket_policy_server:TIMING add_buffer_ms=37.4 frames=16 exec_start_idx=0
MV_INFER cond=normal split=test task=ButtonUnmaskSwap ep=7 ep_seq=8 infer_seq=17 t=256 es=0 k=0 motion_frames=- motion_emb_sha= motion_pos_sha= motion_mask= mem_order_sha= motion_cols_sha= donor=None cover=exact:0,fallback:0,cycle:0,cross_seg:0 gate=none num_steps=10 act_sha=e34e8f8edf4f1bb6 infer_ms=67.3
INFO:mme_vla_suite.serving.websocket_policy_server:TIMING infer_ms=67.3
INFO:mme_vla_suite.serving.websocket_policy_server:TIMING add_buffer_ms=37.6 frames=16 exec_start_idx=0
MV_INFER cond=normal split=test task=ButtonUnmaskSwap ep=7 ep_seq=8 infer_seq=18 t=272 es=0 k=0 motion_frames=- motion_emb_sha= motion_pos_sha= motion_mask= mem_order_sha= motion_cols_sha= donor=None cover=exact:0,fallback:0,cycle:0,cross_seg:0 gate=none num_steps=10 act_sha=ce6ae37fd80e876b infer_ms=67.3
INFO:mme_vla_suite.serving.websocket_policy_server:TIMING infer_ms=67.3
INFO:mme_vla_suite.serving.websocket_policy_server:TIMING add_buffer_ms=38.1 frames=16 exec_start_idx=0
MV_INFER cond=normal split=test task=ButtonUnmaskSwap ep=7 ep_seq=8 infer_seq=19 t=288 es=0 k=0 motion_frames=- motion_emb_sha= motion_pos_sha= motion_mask= mem_order_sha= motion_cols_sha= donor=None cover=exact:0,fallback:0,cycle:0,cross_seg:0 gate=none num_steps=10 act_sha=987fbdebd1f03549 infer_ms=67.2
INFO:mme_vla_suite.serving.websocket_policy_server:TIMING infer_ms=67.2
INFO:mme_vla_suite.serving.websocket_policy_server:TIMING add_buffer_ms=37.5 frames=16 exec_start_idx=0
MV_INFER cond=normal split=test task=ButtonUnmaskSwap ep=7 ep_seq=8 infer_seq=20 t=304 es=0 k=0 motion_frames=- motion_emb_sha= motion_pos_sha= motion_mask= mem_order_sha= motion_cols_sha= donor=None cover=exact:0,fallback:0,cycle:0,cross_seg:0 gate=none num_steps=10 act_sha=91107b361fd68593 infer_ms=67.3
INFO:mme_vla_suite.serving.websocket_policy_server:TIMING infer_ms=67.3
INFO:mme_vla_suite.serving.websocket_policy_server:TIMING add_buffer_ms=37.4 frames=16 exec_start_idx=0
MV_INFER cond=normal split=test task=ButtonUnmaskSwap ep=7 ep_seq=8 infer_seq=21 t=320 es=0 k=0 motion_frames=- motion_emb_sha= motion_pos_sha= motion_mask= mem_order_sha= motion_cols_sha= donor=None cover=exact:0,fallback:0,cycle:0,cross_seg:0 gate=none num_steps=10 act_sha=4c173dc260098950 infer_ms=67.6
INFO:mme_vla_suite.serving.websocket_policy_server:TIMING infer_ms=67.6
INFO:mme_vla_suite.serving.websocket_policy_server:TIMING add_buffer_ms=37.4 frames=16 exec_start_idx=0
MV_INFER cond=normal split=test task=ButtonUnmaskSwap ep=7 ep_seq=8 infer_seq=22 t=336 es=0 k=0 motion_frames=- motion_emb_sha= motion_pos_sha= motion_mask= mem_order_sha= motion_cols_sha= donor=None cover=exact:0,fallback:0,cycle:0,cross_seg:0 gate=none num_steps=10 act_sha=d0fff8f2f3ad0de9 infer_ms=67.2
INFO:mme_vla_suite.serving.websocket_policy_server:TIMING infer_ms=67.2
INFO:mme_vla_suite.serving.websocket_policy_server:TIMING add_buffer_ms=37.9 frames=16 exec_start_idx=0
MV_INFER cond=normal split=test task=ButtonUnmaskSwap ep=7 ep_seq=8 infer_seq=23 t=352 es=0 k=0 motion_frames=- motion_emb_sha= motion_pos_sha= motion_mask= mem_order_sha= motion_cols_sha= donor=None cover=exact:0,fallback:0,cycle:0,cross_seg:0 gate=none num_steps=10 act_sha=88e4430ebd2b04ac infer_ms=67.3
INFO:mme_vla_suite.serving.websocket_policy_server:TIMING infer_ms=67.3
INFO:mme_vla_suite.serving.websocket_policy_server:TIMING add_buffer_ms=37.8 frames=16 exec_start_idx=0
MV_INFER cond=normal split=test task=ButtonUnmaskSwap ep=7 ep_seq=8 infer_seq=24 t=368 es=0 k=0 motion_frames=- motion_emb_sha= motion_pos_sha= motion_mask= mem_order_sha= motion_cols_sha= donor=None cover=exact:0,fallback:0,cycle:0,cross_seg:0 gate=none num_steps=10 act_sha=c3ef31f6311b0f1b infer_ms=67.3
INFO:mme_vla_suite.serving.websocket_policy_server:TIMING infer_ms=67.3
INFO:mme_vla_suite.serving.websocket_policy_server:TIMING add_buffer_ms=37.3 frames=16 exec_start_idx=0
MV_INFER cond=normal split=test task=ButtonUnmaskSwap ep=7 ep_seq=8 infer_seq=25 t=384 es=0 k=0 motion_frames=- motion_emb_sha= motion_pos_sha= motion_mask= mem_order_sha= motion_cols_sha= donor=None cover=exact:0,fallback:0,cycle:0,cross_seg:0 gate=none num_steps=10 act_sha=bdef42bd2e46b6fe infer_ms=67.3
INFO:mme_vla_suite.serving.websocket_policy_server:TIMING infer_ms=67.3
INFO:mme_vla_suite.serving.websocket_policy_server:TIMING add_buffer_ms=37.1 frames=16 exec_start_idx=0
MV_INFER cond=normal split=test task=ButtonUnmaskSwap ep=7 ep_seq=8 infer_seq=26 t=400 es=0 k=0 motion_frames=- motion_emb_sha= motion_pos_sha= motion_mask= mem_order_sha= motion_cols_sha= donor=None cover=exact:0,fallback:0,cycle:0,cross_seg:0 gate=none num_steps=10 act_sha=3462882506987989 infer_ms=67.3
INFO:mme_vla_suite.serving.websocket_policy_server:TIMING infer_ms=67.3
INFO:mme_vla_suite.serving.websocket_policy_server:TIMING add_buffer_ms=37.3 frames=16 exec_start_idx=0
MV_INFER cond=normal split=test task=ButtonUnmaskSwap ep=7 ep_seq=8 infer_seq=27 t=416 es=0 k=0 motion_frames=- motion_emb_sha= motion_pos_sha= motion_mask= mem_order_sha= motion_cols_sha= donor=None cover=exact:0,fallback:0,cycle:0,cross_seg:0 gate=none num_steps=10 act_sha=70b35e07975b4ad1 infer_ms=67.4
INFO:mme_vla_suite.serving.websocket_policy_server:TIMING infer_ms=67.4
INFO:mme_vla_suite.serving.websocket_policy_server:TIMING add_buffer_ms=37.1 frames=16 exec_start_idx=0
MV_INFER cond=normal split=test task=ButtonUnmaskSwap ep=7 ep_seq=8 infer_seq=28 t=432 es=0 k=0 motion_frames=- motion_emb_sha= motion_pos_sha= motion_mask= mem_order_sha= motion_cols_sha= donor=None cover=exact:0,fallback:0,cycle:0,cross_seg:0 gate=none num_steps=10 act_sha=d81de3ea401ffe47 infer_ms=67.3
INFO:mme_vla_suite.serving.websocket_policy_server:TIMING infer_ms=67.3
INFO:mme_vla_suite.serving.websocket_policy_server:TIMING add_buffer_ms=37.6 frames=16 exec_start_idx=0
MV_INFER cond=normal split=test task=ButtonUnmaskSwap ep=7 ep_seq=8 infer_seq=29 t=448 es=0 k=0 motion_frames=- motion_emb_sha= motion_pos_sha= motion_mask= mem_order_sha= motion_cols_sha= donor=None cover=exact:0,fallback:0,cycle:0,cross_seg:0 gate=none num_steps=10 act_sha=80cf7d6da2b6b485 infer_ms=67.3
INFO:mme_vla_suite.serving.websocket_policy_server:TIMING infer_ms=67.3
INFO:mme_vla_suite.serving.websocket_policy_server:TIMING add_buffer_ms=37.6 frames=16 exec_start_idx=0
MV_INFER cond=normal split=test task=ButtonUnmaskSwap ep=7 ep_seq=8 infer_seq=30 t=464 es=0 k=0 motion_frames=- motion_emb_sha= motion_pos_sha= motion_mask= mem_order_sha= motion_cols_sha= donor=None cover=exact:0,fallback:0,cycle:0,cross_seg:0 gate=none num_steps=10 act_sha=e564960ca7f390b3 infer_ms=67.3
INFO:mme_vla_suite.serving.websocket_policy_server:TIMING infer_ms=67.3
INFO:mme_vla_suite.serving.websocket_policy_server:TIMING add_buffer_ms=37.7 frames=16 exec_start_idx=0
MV_INFER cond=normal split=test task=ButtonUnmaskSwap ep=7 ep_seq=8 infer_seq=31 t=480 es=0 k=0 motion_frames=- motion_emb_sha= motion_pos_sha= motion_mask= mem_order_sha= motion_cols_sha= donor=None cover=exact:0,fallback:0,cycle:0,cross_seg:0 gate=none num_steps=10 act_sha=c52a9ca513f0ee8a infer_ms=67.3
INFO:mme_vla_suite.serving.websocket_policy_server:TIMING infer_ms=67.3
INFO:mme_vla_suite.serving.websocket_policy_server:TIMING add_buffer_ms=37.4 frames=16 exec_start_idx=0
MV_INFER cond=normal split=test task=ButtonUnmaskSwap ep=7 ep_seq=8 infer_seq=32 t=496 es=0 k=0 motion_frames=- motion_emb_sha= motion_pos_sha= motion_mask= mem_order_sha= motion_cols_sha= donor=None cover=exact:0,fallback:0,cycle:0,cross_seg:0 gate=none num_steps=10 act_sha=ea98cf589fabc87c infer_ms=67.3
INFO:mme_vla_suite.serving.websocket_policy_server:TIMING infer_ms=67.3
INFO:mme_vla_suite.serving.websocket_policy_server:TIMING add_buffer_ms=37.8 frames=16 exec_start_idx=0
MV_INFER cond=normal split=test task=ButtonUnmaskSwap ep=7 ep_seq=8 infer_seq=33 t=512 es=0 k=0 motion_frames=- motion_emb_sha= motion_pos_sha= motion_mask= mem_order_sha= motion_cols_sha= donor=None cover=exact:0,fallback:0,cycle:0,cross_seg:0 gate=none num_steps=10 act_sha=760fe73b5f7cdd61 infer_ms=67.2
INFO:mme_vla_suite.serving.websocket_policy_server:TIMING infer_ms=67.2
INFO:mme_vla_suite.serving.websocket_policy_server:TIMING add_buffer_ms=37.8 frames=16 exec_start_idx=0
MV_INFER cond=normal split=test task=ButtonUnmaskSwap ep=7 ep_seq=8 infer_seq=34 t=528 es=0 k=0 motion_frames=- motion_emb_sha= motion_pos_sha= motion_mask= mem_order_sha= motion_cols_sha= donor=None cover=exact:0,fallback:0,cycle:0,cross_seg:0 gate=none num_steps=10 act_sha=c021c762697c01bb infer_ms=67.5
INFO:mme_vla_suite.serving.websocket_policy_server:TIMING infer_ms=67.5
INFO:mme_vla_suite.serving.websocket_policy_server:TIMING add_buffer_ms=37.4 frames=16 exec_start_idx=0
MV_INFER cond=normal split=test task=ButtonUnmaskSwap ep=7 ep_seq=8 infer_seq=35 t=544 es=0 k=0 motion_frames=- motion_emb_sha= motion_pos_sha= motion_mask= mem_order_sha= motion_cols_sha= donor=None cover=exact:0,fallback:0,cycle:0,cross_seg:0 gate=none num_steps=10 act_sha=e3a8450f2d3da278 infer_ms=67.3
INFO:mme_vla_suite.serving.websocket_policy_server:TIMING infer_ms=67.3
INFO:mme_vla_suite.serving.websocket_policy_server:TIMING add_buffer_ms=38.1 frames=16 exec_start_idx=0
MV_INFER cond=normal split=test task=ButtonUnmaskSwap ep=7 ep_seq=8 infer_seq=36 t=560 es=0 k=0 motion_frames=- motion_emb_sha= motion_pos_sha= motion_mask= mem_order_sha= motion_cols_sha= donor=None cover=exact:0,fallback:0,cycle:0,cross_seg:0 gate=none num_steps=10 act_sha=99ec55a5a42c6d1e infer_ms=67.3
INFO:mme_vla_suite.serving.websocket_policy_server:TIMING infer_ms=67.3
INFO:mme_vla_suite.serving.websocket_policy_server:TIMING add_buffer_ms=37.6 frames=16 exec_start_idx=0
MV_INFER cond=normal split=test task=ButtonUnmaskSwap ep=7 ep_seq=8 infer_seq=37 t=576 es=0 k=0 motion_frames=- motion_emb_sha= motion_pos_sha= motion_mask= mem_order_sha= motion_cols_sha= donor=None cover=exact:0,fallback:0,cycle:0,cross_seg:0 gate=none num_steps=10 act_sha=9be9cab130f2b31e infer_ms=67.4
INFO:mme_vla_suite.serving.websocket_policy_server:TIMING infer_ms=67.4
INFO:mme_vla_suite.serving.websocket_policy_server:TIMING add_buffer_ms=38.5 frames=16 exec_start_idx=0
MV_INFER cond=normal split=test task=ButtonUnmaskSwap ep=7 ep_seq=8 infer_seq=38 t=592 es=0 k=0 motion_frames=- motion_emb_sha= motion_pos_sha= motion_mask= mem_order_sha= motion_cols_sha= donor=None cover=exact:0,fallback:0,cycle:0,cross_seg:0 gate=none num_steps=10 act_sha=fbdd4e52d4616bc5 infer_ms=67.2
INFO:mme_vla_suite.serving.websocket_policy_server:TIMING infer_ms=67.2
INFO:mme_vla_suite.serving.websocket_policy_server:TIMING add_buffer_ms=38.0 frames=16 exec_start_idx=0
MV_INFER cond=normal split=test task=ButtonUnmaskSwap ep=7 ep_seq=8 infer_seq=39 t=608 es=0 k=0 motion_frames=- motion_emb_sha= motion_pos_sha= motion_mask= mem_order_sha= motion_cols_sha= donor=None cover=exact:0,fallback:0,cycle:0,cross_seg:0 gate=none num_steps=10 act_sha=14382df682881a9e infer_ms=67.3
INFO:mme_vla_suite.serving.websocket_policy_server:TIMING infer_ms=67.3
INFO:mme_vla_suite.serving.websocket_policy_server:TIMING add_buffer_ms=37.8 frames=16 exec_start_idx=0
MV_INFER cond=normal split=test task=ButtonUnmaskSwap ep=7 ep_seq=8 infer_seq=40 t=624 es=0 k=0 motion_frames=- motion_emb_sha= motion_pos_sha= motion_mask= mem_order_sha= motion_cols_sha= donor=None cover=exact:0,fallback:0,cycle:0,cross_seg:0 gate=none num_steps=10 act_sha=1221484c9114a24e infer_ms=67.3
INFO:mme_vla_suite.serving.websocket_policy_server:TIMING infer_ms=67.3
INFO:mme_vla_suite.serving.websocket_policy_server:TIMING add_buffer_ms=38.7 frames=16 exec_start_idx=0
MV_INFER cond=normal split=test task=ButtonUnmaskSwap ep=7 ep_seq=8 infer_seq=41 t=640 es=0 k=0 motion_frames=- motion_emb_sha= motion_pos_sha= motion_mask= mem_order_sha= motion_cols_sha= donor=None cover=exact:0,fallback:0,cycle:0,cross_seg:0 gate=none num_steps=10 act_sha=d036b83e8bb6ee60 infer_ms=67.6
INFO:mme_vla_suite.serving.websocket_policy_server:TIMING infer_ms=67.6
INFO:mme_vla_suite.serving.websocket_policy_server:TIMING add_buffer_ms=37.1 frames=16 exec_start_idx=0
MV_INFER cond=normal split=test task=ButtonUnmaskSwap ep=7 ep_seq=8 infer_seq=42 t=656 es=0 k=0 motion_frames=- motion_emb_sha= motion_pos_sha= motion_mask= mem_order_sha= motion_cols_sha= donor=None cover=exact:0,fallback:0,cycle:0,cross_seg:0 gate=none num_steps=10 act_sha=343e9b9d83fc6541 infer_ms=67.2
INFO:mme_vla_suite.serving.websocket_policy_server:TIMING infer_ms=67.2
INFO:mme_vla_suite.serving.websocket_policy_server:TIMING add_buffer_ms=37.4 frames=16 exec_start_idx=0
MV_INFER cond=normal split=test task=ButtonUnmaskSwap ep=7 ep_seq=8 infer_seq=43 t=672 es=0 k=0 motion_frames=- motion_emb_sha= motion_pos_sha= motion_mask= mem_order_sha= motion_cols_sha= donor=None cover=exact:0,fallback:0,cycle:0,cross_seg:0 gate=none num_steps=10 act_sha=7719d0c2c36e22a5 infer_ms=67.3
INFO:mme_vla_suite.serving.websocket_policy_server:TIMING infer_ms=67.3
INFO:mme_vla_suite.serving.websocket_policy_server:TIMING add_buffer_ms=36.8 frames=16 exec_start_idx=0
MV_INFER cond=normal split=test task=ButtonUnmaskSwap ep=7 ep_seq=8 infer_seq=44 t=688 es=0 k=0 motion_frames=- motion_emb_sha= motion_pos_sha= motion_mask= mem_order_sha= motion_cols_sha= donor=None cover=exact:0,fallback:0,cycle:0,cross_seg:0 gate=none num_steps=10 act_sha=f0f2c50efa7dcbe0 infer_ms=67.3
INFO:mme_vla_suite.serving.websocket_policy_server:TIMING infer_ms=67.3
INFO:mme_vla_suite.serving.websocket_policy_server:TIMING add_buffer_ms=37.0 frames=16 exec_start_idx=0
MV_INFER cond=normal split=test task=ButtonUnmaskSwap ep=7 ep_seq=8 infer_seq=45 t=704 es=0 k=0 motion_frames=- motion_emb_sha= motion_pos_sha= motion_mask= mem_order_sha= motion_cols_sha= donor=None cover=exact:0,fallback:0,cycle:0,cross_seg:0 gate=none num_steps=10 act_sha=16c00f853428afbb infer_ms=67.7
INFO:mme_vla_suite.serving.websocket_policy_server:TIMING infer_ms=67.7
INFO:mme_vla_suite.serving.websocket_policy_server:TIMING add_buffer_ms=37.8 frames=16 exec_start_idx=0
MV_INFER cond=normal split=test task=ButtonUnmaskSwap ep=7 ep_seq=8 infer_seq=46 t=720 es=0 k=0 motion_frames=- motion_emb_sha= motion_pos_sha= motion_mask= mem_order_sha= motion_cols_sha= donor=None cover=exact:0,fallback:0,cycle:0,cross_seg:0 gate=none num_steps=10 act_sha=f356b843818b20a8 infer_ms=67.2
INFO:mme_vla_suite.serving.websocket_policy_server:TIMING infer_ms=67.2
INFO:mme_vla_suite.serving.websocket_policy_server:TIMING add_buffer_ms=38.7 frames=16 exec_start_idx=0
MV_INFER cond=normal split=test task=ButtonUnmaskSwap ep=7 ep_seq=8 infer_seq=47 t=736 es=0 k=0 motion_frames=- motion_emb_sha= motion_pos_sha= motion_mask= mem_order_sha= motion_cols_sha= donor=None cover=exact:0,fallback:0,cycle:0,cross_seg:0 gate=none num_steps=10 act_sha=05cd484767df15f2 infer_ms=67.2
INFO:mme_vla_suite.serving.websocket_policy_server:TIMING infer_ms=67.2
INFO:mme_vla_suite.serving.websocket_policy_server:TIMING add_buffer_ms=38.5 frames=16 exec_start_idx=0
MV_INFER cond=normal split=test task=ButtonUnmaskSwap ep=7 ep_seq=8 infer_seq=48 t=752 es=0 k=0 motion_frames=- motion_emb_sha= motion_pos_sha= motion_mask= mem_order_sha= motion_cols_sha= donor=None cover=exact:0,fallback:0,cycle:0,cross_seg:0 gate=none num_steps=10 act_sha=0d785d4abe8eb2a5 infer_ms=67.3
INFO:mme_vla_suite.serving.websocket_policy_server:TIMING infer_ms=67.3
INFO:mme_vla_suite.serving.websocket_policy_server:TIMING add_buffer_ms=37.8 frames=16 exec_start_idx=0
MV_INFER cond=normal split=test task=ButtonUnmaskSwap ep=7 ep_seq=8 infer_seq=49 t=768 es=0 k=0 motion_frames=- motion_emb_sha= motion_pos_sha= motion_mask= mem_order_sha= motion_cols_sha= donor=None cover=exact:0,fallback:0,cycle:0,cross_seg:0 gate=none num_steps=10 act_sha=cf3ede1db2ee0641 infer_ms=67.4
INFO:mme_vla_suite.serving.websocket_policy_server:TIMING infer_ms=67.4
INFO:mme_vla_suite.serving.websocket_policy_server:TIMING add_buffer_ms=37.3 frames=16 exec_start_idx=0
MV_INFER cond=normal split=test task=ButtonUnmaskSwap ep=7 ep_seq=8 infer_seq=50 t=784 es=0 k=0 motion_frames=- motion_emb_sha= motion_pos_sha= motion_mask= mem_order_sha= motion_cols_sha= donor=None cover=exact:0,fallback:0,cycle:0,cross_seg:0 gate=none num_steps=10 act_sha=4d260c04e275dd49 infer_ms=67.2
INFO:mme_vla_suite.serving.websocket_policy_server:TIMING infer_ms=67.2
INFO:mme_vla_suite.serving.websocket_policy_server:TIMING add_buffer_ms=38.6 frames=16 exec_start_idx=0
MV_INFER cond=normal split=test task=ButtonUnmaskSwap ep=7 ep_seq=8 infer_seq=51 t=800 es=0 k=0 motion_frames=- motion_emb_sha= motion_pos_sha= motion_mask= mem_order_sha= motion_cols_sha= donor=None cover=exact:0,fallback:0,cycle:0,cross_seg:0 gate=none num_steps=10 act_sha=5c8317f147e2f5a5 infer_ms=67.7
INFO:mme_vla_suite.serving.websocket_policy_server:TIMING infer_ms=67.7
INFO:mme_vla_suite.serving.websocket_policy_server:TIMING add_buffer_ms=37.4 frames=16 exec_start_idx=0
MV_INFER cond=normal split=test task=ButtonUnmaskSwap ep=7 ep_seq=8 infer_seq=52 t=816 es=0 k=0 motion_frames=- motion_emb_sha= motion_pos_sha= motion_mask= mem_order_sha= motion_cols_sha= donor=None cover=exact:0,fallback:0,cycle:0,cross_seg:0 gate=none num_steps=10 act_sha=6c955e459921186f infer_ms=67.2
INFO:mme_vla_suite.serving.websocket_policy_server:TIMING infer_ms=67.2
INFO:mme_vla_suite.serving.websocket_policy_server:TIMING add_buffer_ms=39.1 frames=16 exec_start_idx=0
MV_INFER cond=normal split=test task=ButtonUnmaskSwap ep=7 ep_seq=8 infer_seq=53 t=832 es=0 k=0 motion_frames=- motion_emb_sha= motion_pos_sha= motion_mask= mem_order_sha= motion_cols_sha= donor=None cover=exact:0,fallback:0,cycle:0,cross_seg:0 gate=none num_steps=10 act_sha=4d623ed90aa9d4f6 infer_ms=67.3
INFO:mme_vla_suite.serving.websocket_policy_server:TIMING infer_ms=67.3
INFO:mme_vla_suite.serving.websocket_policy_server:TIMING add_buffer_ms=37.0 frames=16 exec_start_idx=0
MV_INFER cond=normal split=test task=ButtonUnmaskSwap ep=7 ep_seq=8 infer_seq=54 t=848 es=0 k=0 motion_frames=- motion_emb_sha= motion_pos_sha= motion_mask= mem_order_sha= motion_cols_sha= donor=None cover=exact:0,fallback:0,cycle:0,cross_seg:0 gate=none num_steps=10 act_sha=3727e41c0b5d24b3 infer_ms=67.2
INFO:mme_vla_suite.serving.websocket_policy_server:TIMING infer_ms=67.2
INFO:mme_vla_suite.serving.websocket_policy_server:TIMING add_buffer_ms=37.2 frames=16 exec_start_idx=0
MV_INFER cond=normal split=test task=ButtonUnmaskSwap ep=7 ep_seq=8 infer_seq=55 t=864 es=0 k=0 motion_frames=- motion_emb_sha= motion_pos_sha= motion_mask= mem_order_sha= motion_cols_sha= donor=None cover=exact:0,fallback:0,cycle:0,cross_seg:0 gate=none num_steps=10 act_sha=56a64bf65e306b68 infer_ms=67.6
INFO:mme_vla_suite.serving.websocket_policy_server:TIMING infer_ms=67.6
INFO:mme_vla_suite.serving.websocket_policy_server:TIMING add_buffer_ms=37.9 frames=16 exec_start_idx=0
MV_INFER cond=normal split=test task=ButtonUnmaskSwap ep=7 ep_seq=8 infer_seq=56 t=880 es=0 k=0 motion_frames=- motion_emb_sha= motion_pos_sha= motion_mask= mem_order_sha= motion_cols_sha= donor=None cover=exact:0,fallback:0,cycle:0,cross_seg:0 gate=none num_steps=10 act_sha=4cd0b006e211ea74 infer_ms=68.1
INFO:mme_vla_suite.serving.websocket_policy_server:TIMING infer_ms=68.1
INFO:mme_vla_suite.serving.websocket_policy_server:TIMING add_buffer_ms=40.8 frames=16 exec_start_idx=0
MV_INFER cond=normal split=test task=ButtonUnmaskSwap ep=7 ep_seq=8 infer_seq=57 t=896 es=0 k=0 motion_frames=- motion_emb_sha= motion_pos_sha= motion_mask= mem_order_sha= motion_cols_sha= donor=None cover=exact:0,fallback:0,cycle:0,cross_seg:0 gate=none num_steps=10 act_sha=1f173bef3ae66044 infer_ms=67.7
INFO:mme_vla_suite.serving.websocket_policy_server:TIMING infer_ms=67.7
INFO:mme_vla_suite.serving.websocket_policy_server:TIMING add_buffer_ms=38.5 frames=16 exec_start_idx=0
MV_INFER cond=normal split=test task=ButtonUnmaskSwap ep=7 ep_seq=8 infer_seq=58 t=912 es=0 k=0 motion_frames=- motion_emb_sha= motion_pos_sha= motion_mask= mem_order_sha= motion_cols_sha= donor=None cover=exact:0,fallback:0,cycle:0,cross_seg:0 gate=none num_steps=10 act_sha=400b979541763302 infer_ms=67.9
INFO:mme_vla_suite.serving.websocket_policy_server:TIMING infer_ms=67.9
INFO:mme_vla_suite.serving.websocket_policy_server:TIMING add_buffer_ms=38.3 frames=16 exec_start_idx=0
MV_INFER cond=normal split=test task=ButtonUnmaskSwap ep=7 ep_seq=8 infer_seq=59 t=928 es=0 k=0 motion_frames=- motion_emb_sha= motion_pos_sha= motion_mask= mem_order_sha= motion_cols_sha= donor=None cover=exact:0,fallback:0,cycle:0,cross_seg:0 gate=none num_steps=10 act_sha=609f95cae0fb01e7 infer_ms=68.5
INFO:mme_vla_suite.serving.websocket_policy_server:TIMING infer_ms=68.5
INFO:mme_vla_suite.serving.websocket_policy_server:TIMING add_buffer_ms=38.1 frames=16 exec_start_idx=0
MV_INFER cond=normal split=test task=ButtonUnmaskSwap ep=7 ep_seq=8 infer_seq=60 t=944 es=0 k=0 motion_frames=- motion_emb_sha= motion_pos_sha= motion_mask= mem_order_sha= motion_cols_sha= donor=None cover=exact:0,fallback:0,cycle:0,cross_seg:0 gate=none num_steps=10 act_sha=25b725642fd84884 infer_ms=67.7
INFO:mme_vla_suite.serving.websocket_policy_server:TIMING infer_ms=67.7
INFO:mme_vla_suite.serving.websocket_policy_server:TIMING add_buffer_ms=38.8 frames=16 exec_start_idx=0
MV_INFER cond=normal split=test task=ButtonUnmaskSwap ep=7 ep_seq=8 infer_seq=61 t=960 es=0 k=0 motion_frames=- motion_emb_sha= motion_pos_sha= motion_mask= mem_order_sha= motion_cols_sha= donor=None cover=exact:0,fallback:0,cycle:0,cross_seg:0 gate=none num_steps=10 act_sha=40edb6bfb527e405 infer_ms=67.8
INFO:mme_vla_suite.serving.websocket_policy_server:TIMING infer_ms=67.8
INFO:mme_vla_suite.serving.websocket_policy_server:TIMING add_buffer_ms=40.4 frames=16 exec_start_idx=0
MV_INFER cond=normal split=test task=ButtonUnmaskSwap ep=7 ep_seq=8 infer_seq=62 t=976 es=0 k=0 motion_frames=- motion_emb_sha= motion_pos_sha= motion_mask= mem_order_sha= motion_cols_sha= donor=None cover=exact:0,fallback:0,cycle:0,cross_seg:0 gate=none num_steps=10 act_sha=6e731ce2ed4d89b7 infer_ms=68.2
INFO:mme_vla_suite.serving.websocket_policy_server:TIMING infer_ms=68.2
INFO:mme_vla_suite.serving.websocket_policy_server:TIMING add_buffer_ms=41.2 frames=16 exec_start_idx=0
MV_INFER cond=normal split=test task=ButtonUnmaskSwap ep=7 ep_seq=8 infer_seq=63 t=992 es=0 k=0 motion_frames=- motion_emb_sha= motion_pos_sha= motion_mask= mem_order_sha= motion_cols_sha= donor=None cover=exact:0,fallback:0,cycle:0,cross_seg:0 gate=none num_steps=10 act_sha=d602533b86e73aa2 infer_ms=67.7
INFO:mme_vla_suite.serving.websocket_policy_server:TIMING infer_ms=67.7
INFO:mme_vla_suite.serving.websocket_policy_server:TIMING add_buffer_ms=38.0 frames=16 exec_start_idx=0
MV_INFER cond=normal split=test task=ButtonUnmaskSwap ep=7 ep_seq=8 infer_seq=64 t=1008 es=0 k=0 motion_frames=- motion_emb_sha= motion_pos_sha= motion_mask= mem_order_sha= motion_cols_sha= donor=None cover=exact:0,fallback:0,cycle:0,cross_seg:0 gate=none num_steps=10 act_sha=191ced07f2b9517e infer_ms=67.3
INFO:mme_vla_suite.serving.websocket_policy_server:TIMING infer_ms=67.3
INFO:mme_vla_suite.serving.websocket_policy_server:TIMING add_buffer_ms=37.2 frames=16 exec_start_idx=0
MV_INFER cond=normal split=test task=ButtonUnmaskSwap ep=7 ep_seq=8 infer_seq=65 t=1024 es=0 k=0 motion_frames=- motion_emb_sha= motion_pos_sha= motion_mask= mem_order_sha= motion_cols_sha= donor=None cover=exact:0,fallback:0,cycle:0,cross_seg:0 gate=none num_steps=10 act_sha=8fb2743b3288a08d infer_ms=67.4
INFO:mme_vla_suite.serving.websocket_policy_server:TIMING infer_ms=67.4
INFO:mme_vla_suite.serving.websocket_policy_server:TIMING add_buffer_ms=38.5 frames=16 exec_start_idx=0
MV_INFER cond=normal split=test task=ButtonUnmaskSwap ep=7 ep_seq=8 infer_seq=66 t=1040 es=0 k=0 motion_frames=- motion_emb_sha= motion_pos_sha= motion_mask= mem_order_sha= motion_cols_sha= donor=None cover=exact:0,fallback:0,cycle:0,cross_seg:0 gate=none num_steps=10 act_sha=9f73c539785bb30a infer_ms=67.6
INFO:mme_vla_suite.serving.websocket_policy_server:TIMING infer_ms=67.6
INFO:mme_vla_suite.serving.websocket_policy_server:TIMING add_buffer_ms=38.9 frames=16 exec_start_idx=0
MV_INFER cond=normal split=test task=ButtonUnmaskSwap ep=7 ep_seq=8 infer_seq=67 t=1056 es=0 k=0 motion_frames=- motion_emb_sha= motion_pos_sha= motion_mask= mem_order_sha= motion_cols_sha= donor=None cover=exact:0,fallback:0,cycle:0,cross_seg:0 gate=none num_steps=10 act_sha=cccd9163a126eab4 infer_ms=67.6
INFO:mme_vla_suite.serving.websocket_policy_server:TIMING infer_ms=67.6
INFO:mme_vla_suite.serving.websocket_policy_server:TIMING add_buffer_ms=39.3 frames=16 exec_start_idx=0
MV_INFER cond=normal split=test task=ButtonUnmaskSwap ep=7 ep_seq=8 infer_seq=68 t=1072 es=0 k=0 motion_frames=- motion_emb_sha= motion_pos_sha= motion_mask= mem_order_sha= motion_cols_sha= donor=None cover=exact:0,fallback:0,cycle:0,cross_seg:0 gate=none num_steps=10 act_sha=6b229a8b23bbf657 infer_ms=67.4
INFO:mme_vla_suite.serving.websocket_policy_server:TIMING infer_ms=67.4
INFO:mme_vla_suite.serving.websocket_policy_server:TIMING add_buffer_ms=38.4 frames=16 exec_start_idx=0
MV_INFER cond=normal split=test task=ButtonUnmaskSwap ep=7 ep_seq=8 infer_seq=69 t=1088 es=0 k=0 motion_frames=- motion_emb_sha= motion_pos_sha= motion_mask= mem_order_sha= motion_cols_sha= donor=None cover=exact:0,fallback:0,cycle:0,cross_seg:0 gate=none num_steps=10 act_sha=f7b0624e9e04ec5d infer_ms=67.4
INFO:mme_vla_suite.serving.websocket_policy_server:TIMING infer_ms=67.4
INFO:mme_vla_suite.serving.websocket_policy_server:TIMING add_buffer_ms=39.9 frames=16 exec_start_idx=0
MV_INFER cond=normal split=test task=ButtonUnmaskSwap ep=7 ep_seq=8 infer_seq=70 t=1104 es=0 k=0 motion_frames=- motion_emb_sha= motion_pos_sha= motion_mask= mem_order_sha= motion_cols_sha= donor=None cover=exact:0,fallback:0,cycle:0,cross_seg:0 gate=none num_steps=10 act_sha=94d775e66816d59a infer_ms=67.5
INFO:mme_vla_suite.serving.websocket_policy_server:TIMING infer_ms=67.5
INFO:mme_vla_suite.serving.websocket_policy_server:TIMING add_buffer_ms=37.8 frames=16 exec_start_idx=0
MV_INFER cond=normal split=test task=ButtonUnmaskSwap ep=7 ep_seq=8 infer_seq=71 t=1120 es=0 k=0 motion_frames=- motion_emb_sha= motion_pos_sha= motion_mask= mem_order_sha= motion_cols_sha= donor=None cover=exact:0,fallback:0,cycle:0,cross_seg:0 gate=none num_steps=10 act_sha=cc111d4690f318ab infer_ms=67.3
INFO:mme_vla_suite.serving.websocket_policy_server:TIMING infer_ms=67.3
INFO:mme_vla_suite.serving.websocket_policy_server:TIMING add_buffer_ms=37.7 frames=16 exec_start_idx=0
MV_INFER cond=normal split=test task=ButtonUnmaskSwap ep=7 ep_seq=8 infer_seq=72 t=1136 es=0 k=0 motion_frames=- motion_emb_sha= motion_pos_sha= motion_mask= mem_order_sha= motion_cols_sha= donor=None cover=exact:0,fallback:0,cycle:0,cross_seg:0 gate=none num_steps=10 act_sha=3c7b27546664f81b infer_ms=67.3
INFO:mme_vla_suite.serving.websocket_policy_server:TIMING infer_ms=67.3
INFO:mme_vla_suite.serving.websocket_policy_server:TIMING add_buffer_ms=37.4 frames=16 exec_start_idx=0
MV_INFER cond=normal split=test task=ButtonUnmaskSwap ep=7 ep_seq=8 infer_seq=73 t=1152 es=0 k=0 motion_frames=- motion_emb_sha= motion_pos_sha= motion_mask= mem_order_sha= motion_cols_sha= donor=None cover=exact:0,fallback:0,cycle:0,cross_seg:0 gate=none num_steps=10 act_sha=ed213f335a1dc3a4 infer_ms=67.1
INFO:mme_vla_suite.serving.websocket_policy_server:TIMING infer_ms=67.1
INFO:mme_vla_suite.serving.websocket_policy_server:TIMING add_buffer_ms=37.5 frames=16 exec_start_idx=0
MV_INFER cond=normal split=test task=ButtonUnmaskSwap ep=7 ep_seq=8 infer_seq=74 t=1168 es=0 k=0 motion_frames=- motion_emb_sha= motion_pos_sha= motion_mask= mem_order_sha= motion_cols_sha= donor=None cover=exact:0,fallback:0,cycle:0,cross_seg:0 gate=none num_steps=10 act_sha=7839dc4c11ecacc3 infer_ms=67.3
INFO:mme_vla_suite.serving.websocket_policy_server:TIMING infer_ms=67.3
INFO:mme_vla_suite.serving.websocket_policy_server:TIMING add_buffer_ms=37.2 frames=16 exec_start_idx=0
MV_INFER cond=normal split=test task=ButtonUnmaskSwap ep=7 ep_seq=8 infer_seq=75 t=1184 es=0 k=0 motion_frames=- motion_emb_sha= motion_pos_sha= motion_mask= mem_order_sha= motion_cols_sha= donor=None cover=exact:0,fallback:0,cycle:0,cross_seg:0 gate=none num_steps=10 act_sha=5ec81921dc5a5d3a infer_ms=67.5
INFO:mme_vla_suite.serving.websocket_policy_server:TIMING infer_ms=67.5
INFO:mme_vla_suite.serving.websocket_policy_server:TIMING add_buffer_ms=37.0 frames=16 exec_start_idx=0
MV_INFER cond=normal split=test task=ButtonUnmaskSwap ep=7 ep_seq=8 infer_seq=76 t=1200 es=0 k=0 motion_frames=- motion_emb_sha= motion_pos_sha= motion_mask= mem_order_sha= motion_cols_sha= donor=None cover=exact:0,fallback:0,cycle:0,cross_seg:0 gate=none num_steps=10 act_sha=e85cfe0730719d51 infer_ms=67.1
INFO:mme_vla_suite.serving.websocket_policy_server:TIMING infer_ms=67.1
INFO:mme_vla_suite.serving.websocket_policy_server:TIMING add_buffer_ms=37.8 frames=16 exec_start_idx=0
MV_INFER cond=normal split=test task=ButtonUnmaskSwap ep=7 ep_seq=8 infer_seq=77 t=1216 es=0 k=0 motion_frames=- motion_emb_sha= motion_pos_sha= motion_mask= mem_order_sha= motion_cols_sha= donor=None cover=exact:0,fallback:0,cycle:0,cross_seg:0 gate=none num_steps=10 act_sha=8e874a77c01ffd10 infer_ms=67.2
INFO:mme_vla_suite.serving.websocket_policy_server:TIMING infer_ms=67.2
INFO:mme_vla_suite.serving.websocket_policy_server:TIMING add_buffer_ms=37.3 frames=16 exec_start_idx=0
MV_INFER cond=normal split=test task=ButtonUnmaskSwap ep=7 ep_seq=8 infer_seq=78 t=1232 es=0 k=0 motion_frames=- motion_emb_sha= motion_pos_sha= motion_mask= mem_order_sha= motion_cols_sha= donor=None cover=exact:0,fallback:0,cycle:0,cross_seg:0 gate=none num_steps=10 act_sha=69ea0ff644141846 infer_ms=67.2
INFO:mme_vla_suite.serving.websocket_policy_server:TIMING infer_ms=67.2
INFO:mme_vla_suite.serving.websocket_policy_server:TIMING add_buffer_ms=37.6 frames=16 exec_start_idx=0
MV_INFER cond=normal split=test task=ButtonUnmaskSwap ep=7 ep_seq=8 infer_seq=79 t=1248 es=0 k=0 motion_frames=- motion_emb_sha= motion_pos_sha= motion_mask= mem_order_sha= motion_cols_sha= donor=None cover=exact:0,fallback:0,cycle:0,cross_seg:0 gate=none num_steps=10 act_sha=bad1e374f300cb38 infer_ms=67.5
INFO:mme_vla_suite.serving.websocket_policy_server:TIMING infer_ms=67.5
INFO:mme_vla_suite.serving.websocket_policy_server:TIMING add_buffer_ms=36.9 frames=16 exec_start_idx=0
MV_INFER cond=normal split=test task=ButtonUnmaskSwap ep=7 ep_seq=8 infer_seq=80 t=1264 es=0 k=0 motion_frames=- motion_emb_sha= motion_pos_sha= motion_mask= mem_order_sha= motion_cols_sha= donor=None cover=exact:0,fallback:0,cycle:0,cross_seg:0 gate=none num_steps=10 act_sha=d42700564624daeb infer_ms=67.3
INFO:mme_vla_suite.serving.websocket_policy_server:TIMING infer_ms=67.3
INFO:mme_vla_suite.serving.websocket_policy_server:TIMING add_buffer_ms=37.1 frames=16 exec_start_idx=0
MV_INFER cond=normal split=test task=ButtonUnmaskSwap ep=7 ep_seq=8 infer_seq=81 t=1280 es=0 k=0 motion_frames=- motion_emb_sha= motion_pos_sha= motion_mask= mem_order_sha= motion_cols_sha= donor=None cover=exact:0,fallback:0,cycle:0,cross_seg:0 gate=none num_steps=10 act_sha=d010542c610c84a2 infer_ms=67.3
INFO:mme_vla_suite.serving.websocket_policy_server:TIMING infer_ms=67.3
INFO:mme_vla_suite.serving.websocket_policy_server:TIMING add_buffer_ms=37.2 frames=16 exec_start_idx=0
MV_INFER cond=normal split=test task=ButtonUnmaskSwap ep=7 ep_seq=8 infer_seq=82 t=1296 es=0 k=0 motion_frames=- motion_emb_sha= motion_pos_sha= motion_mask= mem_order_sha= motion_cols_sha= donor=None cover=exact:0,fallback:0,cycle:0,cross_seg:0 gate=none num_steps=10 act_sha=8d42b4037b71cb1c infer_ms=67.3
INFO:mme_vla_suite.serving.websocket_policy_server:TIMING infer_ms=67.3
INFO:websockets.server:connection open
INFO:mme_vla_suite.serving.websocket_policy_server:Connection from ('127.0.0.1', 39358) opened
MV_EPISODE_END ep_seq=8 infers=82 windows=0 wall_s=33.7
MV_EPISODE_BEGIN cond=normal split=test seed=42 ep_seq=9 expect=ButtonUnmaskSwap:11
INFO:mme_vla_suite.serving.websocket_policy_server:TIMING add_buffer_ms=6.9 frames=1 exec_start_idx=0
MV_INFER cond=normal split=test task=ButtonUnmaskSwap ep=11 ep_seq=9 infer_seq=1 t=0 es=0 k=0 motion_frames=- motion_emb_sha= motion_pos_sha= motion_mask= mem_order_sha= motion_cols_sha= donor=None cover=exact:0,fallback:0,cycle:0,cross_seg:0 gate=none num_steps=10 act_sha=39b9c0aebf7c7a70 infer_ms=67.4
INFO:mme_vla_suite.serving.websocket_policy_server:TIMING infer_ms=67.4
INFO:mme_vla_suite.serving.websocket_policy_server:TIMING add_buffer_ms=36.1 frames=16 exec_start_idx=0
MV_INFER cond=normal split=test task=ButtonUnmaskSwap ep=11 ep_seq=9 infer_seq=2 t=16 es=0 k=0 motion_frames=- motion_emb_sha= motion_pos_sha= motion_mask= mem_order_sha= motion_cols_sha= donor=None cover=exact:0,fallback:0,cycle:0,cross_seg:0 gate=none num_steps=10 act_sha=3aa27cead1cb3e47 infer_ms=67.3
INFO:mme_vla_suite.serving.websocket_policy_server:TIMING infer_ms=67.3
INFO:mme_vla_suite.serving.websocket_policy_server:TIMING add_buffer_ms=36.2 frames=16 exec_start_idx=0
MV_INFER cond=normal split=test task=ButtonUnmaskSwap ep=11 ep_seq=9 infer_seq=3 t=32 es=0 k=0 motion_frames=- motion_emb_sha= motion_pos_sha= motion_mask= mem_order_sha= motion_cols_sha= donor=None cover=exact:0,fallback:0,cycle:0,cross_seg:0 gate=none num_steps=10 act_sha=eefeaf35ea3bb88b infer_ms=67.5
INFO:mme_vla_suite.serving.websocket_policy_server:TIMING infer_ms=67.5
INFO:mme_vla_suite.serving.websocket_policy_server:TIMING add_buffer_ms=38.9 frames=16 exec_start_idx=0
MV_INFER cond=normal split=test task=ButtonUnmaskSwap ep=11 ep_seq=9 infer_seq=4 t=48 es=0 k=0 motion_frames=- motion_emb_sha= motion_pos_sha= motion_mask= mem_order_sha= motion_cols_sha= donor=None cover=exact:0,fallback:0,cycle:0,cross_seg:0 gate=none num_steps=10 act_sha=391bd0d94817c78f infer_ms=67.4
INFO:mme_vla_suite.serving.websocket_policy_server:TIMING infer_ms=67.4
INFO:mme_vla_suite.serving.websocket_policy_server:TIMING add_buffer_ms=36.4 frames=16 exec_start_idx=0
MV_INFER cond=normal split=test task=ButtonUnmaskSwap ep=11 ep_seq=9 infer_seq=5 t=64 es=0 k=0 motion_frames=- motion_emb_sha= motion_pos_sha= motion_mask= mem_order_sha= motion_cols_sha= donor=None cover=exact:0,fallback:0,cycle:0,cross_seg:0 gate=none num_steps=10 act_sha=b680060c4a83f776 infer_ms=67.2
INFO:mme_vla_suite.serving.websocket_policy_server:TIMING infer_ms=67.2
INFO:mme_vla_suite.serving.websocket_policy_server:TIMING add_buffer_ms=37.7 frames=16 exec_start_idx=0
MV_INFER cond=normal split=test task=ButtonUnmaskSwap ep=11 ep_seq=9 infer_seq=6 t=80 es=0 k=0 motion_frames=- motion_emb_sha= motion_pos_sha= motion_mask= mem_order_sha= motion_cols_sha= donor=None cover=exact:0,fallback:0,cycle:0,cross_seg:0 gate=none num_steps=10 act_sha=23bec57ae21c17ce infer_ms=67.4
INFO:mme_vla_suite.serving.websocket_policy_server:TIMING infer_ms=67.4
INFO:mme_vla_suite.serving.websocket_policy_server:TIMING add_buffer_ms=38.0 frames=16 exec_start_idx=0
MV_INFER cond=normal split=test task=ButtonUnmaskSwap ep=11 ep_seq=9 infer_seq=7 t=96 es=0 k=0 motion_frames=- motion_emb_sha= motion_pos_sha= motion_mask= mem_order_sha= motion_cols_sha= donor=None cover=exact:0,fallback:0,cycle:0,cross_seg:0 gate=none num_steps=10 act_sha=2e5498730ab08568 infer_ms=67.3
INFO:mme_vla_suite.serving.websocket_policy_server:TIMING infer_ms=67.3
INFO:mme_vla_suite.serving.websocket_policy_server:TIMING add_buffer_ms=37.6 frames=16 exec_start_idx=0
MV_INFER cond=normal split=test task=ButtonUnmaskSwap ep=11 ep_seq=9 infer_seq=8 t=112 es=0 k=0 motion_frames=- motion_emb_sha= motion_pos_sha= motion_mask= mem_order_sha= motion_cols_sha= donor=None cover=exact:0,fallback:0,cycle:0,cross_seg:0 gate=none num_steps=10 act_sha=cd90a4158b20fa1c infer_ms=67.4
INFO:mme_vla_suite.serving.websocket_policy_server:TIMING infer_ms=67.4
INFO:mme_vla_suite.serving.websocket_policy_server:TIMING add_buffer_ms=37.2 frames=16 exec_start_idx=0
MV_INFER cond=normal split=test task=ButtonUnmaskSwap ep=11 ep_seq=9 infer_seq=9 t=128 es=0 k=0 motion_frames=- motion_emb_sha= motion_pos_sha= motion_mask= mem_order_sha= motion_cols_sha= donor=None cover=exact:0,fallback:0,cycle:0,cross_seg:0 gate=none num_steps=10 act_sha=4ebd4f0e06423a6c infer_ms=67.4
INFO:mme_vla_suite.serving.websocket_policy_server:TIMING infer_ms=67.4
INFO:mme_vla_suite.serving.websocket_policy_server:TIMING add_buffer_ms=37.0 frames=16 exec_start_idx=0
MV_INFER cond=normal split=test task=ButtonUnmaskSwap ep=11 ep_seq=9 infer_seq=10 t=144 es=0 k=0 motion_frames=- motion_emb_sha= motion_pos_sha= motion_mask= mem_order_sha= motion_cols_sha= donor=None cover=exact:0,fallback:0,cycle:0,cross_seg:0 gate=none num_steps=10 act_sha=3c6ed9301cd0b319 infer_ms=67.3
INFO:mme_vla_suite.serving.websocket_policy_server:TIMING infer_ms=67.3
INFO:mme_vla_suite.serving.websocket_policy_server:TIMING add_buffer_ms=36.9 frames=16 exec_start_idx=0
MV_INFER cond=normal split=test task=ButtonUnmaskSwap ep=11 ep_seq=9 infer_seq=11 t=160 es=0 k=0 motion_frames=- motion_emb_sha= motion_pos_sha= motion_mask= mem_order_sha= motion_cols_sha= donor=None cover=exact:0,fallback:0,cycle:0,cross_seg:0 gate=none num_steps=10 act_sha=7c7ae017436914b6 infer_ms=67.4
INFO:mme_vla_suite.serving.websocket_policy_server:TIMING infer_ms=67.4
INFO:mme_vla_suite.serving.websocket_policy_server:TIMING add_buffer_ms=37.0 frames=16 exec_start_idx=0
MV_INFER cond=normal split=test task=ButtonUnmaskSwap ep=11 ep_seq=9 infer_seq=12 t=176 es=0 k=0 motion_frames=- motion_emb_sha= motion_pos_sha= motion_mask= mem_order_sha= motion_cols_sha= donor=None cover=exact:0,fallback:0,cycle:0,cross_seg:0 gate=none num_steps=10 act_sha=9b06d5294c95ed01 infer_ms=67.3
INFO:mme_vla_suite.serving.websocket_policy_server:TIMING infer_ms=67.3
INFO:mme_vla_suite.serving.websocket_policy_server:TIMING add_buffer_ms=37.3 frames=16 exec_start_idx=0
MV_INFER cond=normal split=test task=ButtonUnmaskSwap ep=11 ep_seq=9 infer_seq=13 t=192 es=0 k=0 motion_frames=- motion_emb_sha= motion_pos_sha= motion_mask= mem_order_sha= motion_cols_sha= donor=None cover=exact:0,fallback:0,cycle:0,cross_seg:0 gate=none num_steps=10 act_sha=2706e9fda5567495 infer_ms=67.6
INFO:mme_vla_suite.serving.websocket_policy_server:TIMING infer_ms=67.6
INFO:mme_vla_suite.serving.websocket_policy_server:TIMING add_buffer_ms=37.0 frames=16 exec_start_idx=0
MV_INFER cond=normal split=test task=ButtonUnmaskSwap ep=11 ep_seq=9 infer_seq=14 t=208 es=0 k=0 motion_frames=- motion_emb_sha= motion_pos_sha= motion_mask= mem_order_sha= motion_cols_sha= donor=None cover=exact:0,fallback:0,cycle:0,cross_seg:0 gate=none num_steps=10 act_sha=0342b45274e7db56 infer_ms=67.4
INFO:mme_vla_suite.serving.websocket_policy_server:TIMING infer_ms=67.4
INFO:mme_vla_suite.serving.websocket_policy_server:TIMING add_buffer_ms=37.1 frames=16 exec_start_idx=0
MV_INFER cond=normal split=test task=ButtonUnmaskSwap ep=11 ep_seq=9 infer_seq=15 t=224 es=0 k=0 motion_frames=- motion_emb_sha= motion_pos_sha= motion_mask= mem_order_sha= motion_cols_sha= donor=None cover=exact:0,fallback:0,cycle:0,cross_seg:0 gate=none num_steps=10 act_sha=51fbdac13cd89831 infer_ms=67.4
INFO:mme_vla_suite.serving.websocket_policy_server:TIMING infer_ms=67.4
INFO:mme_vla_suite.serving.websocket_policy_server:TIMING add_buffer_ms=37.3 frames=16 exec_start_idx=0
MV_INFER cond=normal split=test task=ButtonUnmaskSwap ep=11 ep_seq=9 infer_seq=16 t=240 es=0 k=0 motion_frames=- motion_emb_sha= motion_pos_sha= motion_mask= mem_order_sha= motion_cols_sha= donor=None cover=exact:0,fallback:0,cycle:0,cross_seg:0 gate=none num_steps=10 act_sha=f1fe43796db82297 infer_ms=67.2
INFO:mme_vla_suite.serving.websocket_policy_server:TIMING infer_ms=67.2
INFO:mme_vla_suite.serving.websocket_policy_server:TIMING add_buffer_ms=37.2 frames=16 exec_start_idx=0
MV_INFER cond=normal split=test task=ButtonUnmaskSwap ep=11 ep_seq=9 infer_seq=17 t=256 es=0 k=0 motion_frames=- motion_emb_sha= motion_pos_sha= motion_mask= mem_order_sha= motion_cols_sha= donor=None cover=exact:0,fallback:0,cycle:0,cross_seg:0 gate=none num_steps=10 act_sha=2615cc05d58075ea infer_ms=67.2
INFO:mme_vla_suite.serving.websocket_policy_server:TIMING infer_ms=67.2
INFO:mme_vla_suite.serving.websocket_policy_server:TIMING add_buffer_ms=37.2 frames=16 exec_start_idx=0
MV_INFER cond=normal split=test task=ButtonUnmaskSwap ep=11 ep_seq=9 infer_seq=18 t=272 es=0 k=0 motion_frames=- motion_emb_sha= motion_pos_sha= motion_mask= mem_order_sha= motion_cols_sha= donor=None cover=exact:0,fallback:0,cycle:0,cross_seg:0 gate=none num_steps=10 act_sha=1b07c03e39988231 infer_ms=67.2
INFO:mme_vla_suite.serving.websocket_policy_server:TIMING infer_ms=67.2
INFO:mme_vla_suite.serving.websocket_policy_server:TIMING add_buffer_ms=37.5 frames=16 exec_start_idx=0
MV_INFER cond=normal split=test task=ButtonUnmaskSwap ep=11 ep_seq=9 infer_seq=19 t=288 es=0 k=0 motion_frames=- motion_emb_sha= motion_pos_sha= motion_mask= mem_order_sha= motion_cols_sha= donor=None cover=exact:0,fallback:0,cycle:0,cross_seg:0 gate=none num_steps=10 act_sha=c27840b1d869c2a0 infer_ms=67.2
INFO:mme_vla_suite.serving.websocket_policy_server:TIMING infer_ms=67.2
INFO:mme_vla_suite.serving.websocket_policy_server:TIMING add_buffer_ms=37.5 frames=16 exec_start_idx=0
MV_INFER cond=normal split=test task=ButtonUnmaskSwap ep=11 ep_seq=9 infer_seq=20 t=304 es=0 k=0 motion_frames=- motion_emb_sha= motion_pos_sha= motion_mask= mem_order_sha= motion_cols_sha= donor=None cover=exact:0,fallback:0,cycle:0,cross_seg:0 gate=none num_steps=10 act_sha=722bba76a4efc1a0 infer_ms=67.3
INFO:mme_vla_suite.serving.websocket_policy_server:TIMING infer_ms=67.3
INFO:mme_vla_suite.serving.websocket_policy_server:TIMING add_buffer_ms=37.2 frames=16 exec_start_idx=0
MV_INFER cond=normal split=test task=ButtonUnmaskSwap ep=11 ep_seq=9 infer_seq=21 t=320 es=0 k=0 motion_frames=- motion_emb_sha= motion_pos_sha= motion_mask= mem_order_sha= motion_cols_sha= donor=None cover=exact:0,fallback:0,cycle:0,cross_seg:0 gate=none num_steps=10 act_sha=74f457711752f70b infer_ms=67.2
INFO:mme_vla_suite.serving.websocket_policy_server:TIMING infer_ms=67.2
INFO:mme_vla_suite.serving.websocket_policy_server:TIMING add_buffer_ms=38.0 frames=16 exec_start_idx=0
MV_INFER cond=normal split=test task=ButtonUnmaskSwap ep=11 ep_seq=9 infer_seq=22 t=336 es=0 k=0 motion_frames=- motion_emb_sha= motion_pos_sha= motion_mask= mem_order_sha= motion_cols_sha= donor=None cover=exact:0,fallback:0,cycle:0,cross_seg:0 gate=none num_steps=10 act_sha=8735b4c5d78a65c5 infer_ms=67.4
INFO:mme_vla_suite.serving.websocket_policy_server:TIMING infer_ms=67.4
INFO:mme_vla_suite.serving.websocket_policy_server:TIMING add_buffer_ms=37.2 frames=16 exec_start_idx=0
MV_INFER cond=normal split=test task=ButtonUnmaskSwap ep=11 ep_seq=9 infer_seq=23 t=352 es=0 k=0 motion_frames=- motion_emb_sha= motion_pos_sha= motion_mask= mem_order_sha= motion_cols_sha= donor=None cover=exact:0,fallback:0,cycle:0,cross_seg:0 gate=none num_steps=10 act_sha=5a84bb85d37d4e72 infer_ms=67.4
INFO:mme_vla_suite.serving.websocket_policy_server:TIMING infer_ms=67.4
INFO:mme_vla_suite.serving.websocket_policy_server:TIMING add_buffer_ms=37.1 frames=16 exec_start_idx=0
MV_INFER cond=normal split=test task=ButtonUnmaskSwap ep=11 ep_seq=9 infer_seq=24 t=368 es=0 k=0 motion_frames=- motion_emb_sha= motion_pos_sha= motion_mask= mem_order_sha= motion_cols_sha= donor=None cover=exact:0,fallback:0,cycle:0,cross_seg:0 gate=none num_steps=10 act_sha=fd3a5c3d11904f58 infer_ms=67.4
INFO:mme_vla_suite.serving.websocket_policy_server:TIMING infer_ms=67.4
INFO:mme_vla_suite.serving.websocket_policy_server:TIMING add_buffer_ms=37.0 frames=16 exec_start_idx=0
MV_INFER cond=normal split=test task=ButtonUnmaskSwap ep=11 ep_seq=9 infer_seq=25 t=384 es=0 k=0 motion_frames=- motion_emb_sha= motion_pos_sha= motion_mask= mem_order_sha= motion_cols_sha= donor=None cover=exact:0,fallback:0,cycle:0,cross_seg:0 gate=none num_steps=10 act_sha=ac24caa175d45023 infer_ms=67.3
INFO:mme_vla_suite.serving.websocket_policy_server:TIMING infer_ms=67.3
INFO:mme_vla_suite.serving.websocket_policy_server:TIMING add_buffer_ms=36.9 frames=16 exec_start_idx=0
MV_INFER cond=normal split=test task=ButtonUnmaskSwap ep=11 ep_seq=9 infer_seq=26 t=400 es=0 k=0 motion_frames=- motion_emb_sha= motion_pos_sha= motion_mask= mem_order_sha= motion_cols_sha= donor=None cover=exact:0,fallback:0,cycle:0,cross_seg:0 gate=none num_steps=10 act_sha=74dc77a2fd7d69f4 infer_ms=67.3
INFO:mme_vla_suite.serving.websocket_policy_server:TIMING infer_ms=67.3
INFO:mme_vla_suite.serving.websocket_policy_server:TIMING add_buffer_ms=37.3 frames=16 exec_start_idx=0
MV_INFER cond=normal split=test task=ButtonUnmaskSwap ep=11 ep_seq=9 infer_seq=27 t=416 es=0 k=0 motion_frames=- motion_emb_sha= motion_pos_sha= motion_mask= mem_order_sha= motion_cols_sha= donor=None cover=exact:0,fallback:0,cycle:0,cross_seg:0 gate=none num_steps=10 act_sha=db5735f9b57db0f5 infer_ms=67.5
INFO:mme_vla_suite.serving.websocket_policy_server:TIMING infer_ms=67.5
INFO:mme_vla_suite.serving.websocket_policy_server:TIMING add_buffer_ms=37.5 frames=16 exec_start_idx=0
MV_INFER cond=normal split=test task=ButtonUnmaskSwap ep=11 ep_seq=9 infer_seq=28 t=432 es=0 k=0 motion_frames=- motion_emb_sha= motion_pos_sha= motion_mask= mem_order_sha= motion_cols_sha= donor=None cover=exact:0,fallback:0,cycle:0,cross_seg:0 gate=none num_steps=10 act_sha=f3468a67e46e2fe9 infer_ms=67.2
INFO:mme_vla_suite.serving.websocket_policy_server:TIMING infer_ms=67.2
INFO:mme_vla_suite.serving.websocket_policy_server:TIMING add_buffer_ms=37.8 frames=16 exec_start_idx=0
MV_INFER cond=normal split=test task=ButtonUnmaskSwap ep=11 ep_seq=9 infer_seq=29 t=448 es=0 k=0 motion_frames=- motion_emb_sha= motion_pos_sha= motion_mask= mem_order_sha= motion_cols_sha= donor=None cover=exact:0,fallback:0,cycle:0,cross_seg:0 gate=none num_steps=10 act_sha=9ceffd0524fe1895 infer_ms=67.4
INFO:mme_vla_suite.serving.websocket_policy_server:TIMING infer_ms=67.4
INFO:mme_vla_suite.serving.websocket_policy_server:TIMING add_buffer_ms=37.4 frames=16 exec_start_idx=0
MV_INFER cond=normal split=test task=ButtonUnmaskSwap ep=11 ep_seq=9 infer_seq=30 t=464 es=0 k=0 motion_frames=- motion_emb_sha= motion_pos_sha= motion_mask= mem_order_sha= motion_cols_sha= donor=None cover=exact:0,fallback:0,cycle:0,cross_seg:0 gate=none num_steps=10 act_sha=fac1ba3cfe996f13 infer_ms=67.6
INFO:mme_vla_suite.serving.websocket_policy_server:TIMING infer_ms=67.6
INFO:mme_vla_suite.serving.websocket_policy_server:TIMING add_buffer_ms=37.7 frames=16 exec_start_idx=0
MV_INFER cond=normal split=test task=ButtonUnmaskSwap ep=11 ep_seq=9 infer_seq=31 t=480 es=0 k=0 motion_frames=- motion_emb_sha= motion_pos_sha= motion_mask= mem_order_sha= motion_cols_sha= donor=None cover=exact:0,fallback:0,cycle:0,cross_seg:0 gate=none num_steps=10 act_sha=84078f34c74af7e4 infer_ms=67.4
INFO:mme_vla_suite.serving.websocket_policy_server:TIMING infer_ms=67.4
INFO:mme_vla_suite.serving.websocket_policy_server:TIMING add_buffer_ms=37.6 frames=16 exec_start_idx=0
MV_INFER cond=normal split=test task=ButtonUnmaskSwap ep=11 ep_seq=9 infer_seq=32 t=496 es=0 k=0 motion_frames=- motion_emb_sha= motion_pos_sha= motion_mask= mem_order_sha= motion_cols_sha= donor=None cover=exact:0,fallback:0,cycle:0,cross_seg:0 gate=none num_steps=10 act_sha=0d3554e494ae67da infer_ms=67.3
INFO:mme_vla_suite.serving.websocket_policy_server:TIMING infer_ms=67.3
INFO:mme_vla_suite.serving.websocket_policy_server:TIMING add_buffer_ms=37.7 frames=16 exec_start_idx=0
MV_INFER cond=normal split=test task=ButtonUnmaskSwap ep=11 ep_seq=9 infer_seq=33 t=512 es=0 k=0 motion_frames=- motion_emb_sha= motion_pos_sha= motion_mask= mem_order_sha= motion_cols_sha= donor=None cover=exact:0,fallback:0,cycle:0,cross_seg:0 gate=none num_steps=10 act_sha=b36d1aa06beb99d2 infer_ms=67.4
INFO:mme_vla_suite.serving.websocket_policy_server:TIMING infer_ms=67.4
INFO:mme_vla_suite.serving.websocket_policy_server:TIMING add_buffer_ms=37.6 frames=16 exec_start_idx=0
MV_INFER cond=normal split=test task=ButtonUnmaskSwap ep=11 ep_seq=9 infer_seq=34 t=528 es=0 k=0 motion_frames=- motion_emb_sha= motion_pos_sha= motion_mask= mem_order_sha= motion_cols_sha= donor=None cover=exact:0,fallback:0,cycle:0,cross_seg:0 gate=none num_steps=10 act_sha=6b13797c813101c2 infer_ms=67.5
INFO:mme_vla_suite.serving.websocket_policy_server:TIMING infer_ms=67.5
INFO:mme_vla_suite.serving.websocket_policy_server:TIMING add_buffer_ms=37.3 frames=16 exec_start_idx=0
MV_INFER cond=normal split=test task=ButtonUnmaskSwap ep=11 ep_seq=9 infer_seq=35 t=544 es=0 k=0 motion_frames=- motion_emb_sha= motion_pos_sha= motion_mask= mem_order_sha= motion_cols_sha= donor=None cover=exact:0,fallback:0,cycle:0,cross_seg:0 gate=none num_steps=10 act_sha=f6894b0bd59641e1 infer_ms=67.2
INFO:mme_vla_suite.serving.websocket_policy_server:TIMING infer_ms=67.2
INFO:mme_vla_suite.serving.websocket_policy_server:TIMING add_buffer_ms=37.8 frames=16 exec_start_idx=0
MV_INFER cond=normal split=test task=ButtonUnmaskSwap ep=11 ep_seq=9 infer_seq=36 t=560 es=0 k=0 motion_frames=- motion_emb_sha= motion_pos_sha= motion_mask= mem_order_sha= motion_cols_sha= donor=None cover=exact:0,fallback:0,cycle:0,cross_seg:0 gate=none num_steps=10 act_sha=a5bf60cb6fc814b2 infer_ms=67.5
INFO:mme_vla_suite.serving.websocket_policy_server:TIMING infer_ms=67.5
INFO:mme_vla_suite.serving.websocket_policy_server:TIMING add_buffer_ms=37.9 frames=16 exec_start_idx=0
MV_INFER cond=normal split=test task=ButtonUnmaskSwap ep=11 ep_seq=9 infer_seq=37 t=576 es=0 k=0 motion_frames=- motion_emb_sha= motion_pos_sha= motion_mask= mem_order_sha= motion_cols_sha= donor=None cover=exact:0,fallback:0,cycle:0,cross_seg:0 gate=none num_steps=10 act_sha=97c2710b00b68d1e infer_ms=67.4
INFO:mme_vla_suite.serving.websocket_policy_server:TIMING infer_ms=67.4
INFO:mme_vla_suite.serving.websocket_policy_server:TIMING add_buffer_ms=37.5 frames=16 exec_start_idx=0
MV_INFER cond=normal split=test task=ButtonUnmaskSwap ep=11 ep_seq=9 infer_seq=38 t=592 es=0 k=0 motion_frames=- motion_emb_sha= motion_pos_sha= motion_mask= mem_order_sha= motion_cols_sha= donor=None cover=exact:0,fallback:0,cycle:0,cross_seg:0 gate=none num_steps=10 act_sha=02cfcef17a34b698 infer_ms=67.2
INFO:mme_vla_suite.serving.websocket_policy_server:TIMING infer_ms=67.2
INFO:mme_vla_suite.serving.websocket_policy_server:TIMING add_buffer_ms=38.4 frames=16 exec_start_idx=0
MV_INFER cond=normal split=test task=ButtonUnmaskSwap ep=11 ep_seq=9 infer_seq=39 t=608 es=0 k=0 motion_frames=- motion_emb_sha= motion_pos_sha= motion_mask= mem_order_sha= motion_cols_sha= donor=None cover=exact:0,fallback:0,cycle:0,cross_seg:0 gate=none num_steps=10 act_sha=8a58683cd3ebcb22 infer_ms=67.3
INFO:mme_vla_suite.serving.websocket_policy_server:TIMING infer_ms=67.3
INFO:mme_vla_suite.serving.websocket_policy_server:TIMING add_buffer_ms=37.8 frames=16 exec_start_idx=0
MV_INFER cond=normal split=test task=ButtonUnmaskSwap ep=11 ep_seq=9 infer_seq=40 t=624 es=0 k=0 motion_frames=- motion_emb_sha= motion_pos_sha= motion_mask= mem_order_sha= motion_cols_sha= donor=None cover=exact:0,fallback:0,cycle:0,cross_seg:0 gate=none num_steps=10 act_sha=f7024fe65dbf7fa8 infer_ms=67.3
INFO:mme_vla_suite.serving.websocket_policy_server:TIMING infer_ms=67.3
INFO:mme_vla_suite.serving.websocket_policy_server:TIMING add_buffer_ms=37.9 frames=16 exec_start_idx=0
MV_INFER cond=normal split=test task=ButtonUnmaskSwap ep=11 ep_seq=9 infer_seq=41 t=640 es=0 k=0 motion_frames=- motion_emb_sha= motion_pos_sha= motion_mask= mem_order_sha= motion_cols_sha= donor=None cover=exact:0,fallback:0,cycle:0,cross_seg:0 gate=none num_steps=10 act_sha=af475d9fed882698 infer_ms=67.4
INFO:mme_vla_suite.serving.websocket_policy_server:TIMING infer_ms=67.4
INFO:mme_vla_suite.serving.websocket_policy_server:TIMING add_buffer_ms=38.4 frames=16 exec_start_idx=0
MV_INFER cond=normal split=test task=ButtonUnmaskSwap ep=11 ep_seq=9 infer_seq=42 t=656 es=0 k=0 motion_frames=- motion_emb_sha= motion_pos_sha= motion_mask= mem_order_sha= motion_cols_sha= donor=None cover=exact:0,fallback:0,cycle:0,cross_seg:0 gate=none num_steps=10 act_sha=563ac9b16fb6a8b0 infer_ms=67.4
INFO:mme_vla_suite.serving.websocket_policy_server:TIMING infer_ms=67.4
INFO:mme_vla_suite.serving.websocket_policy_server:TIMING add_buffer_ms=37.3 frames=16 exec_start_idx=0
MV_INFER cond=normal split=test task=ButtonUnmaskSwap ep=11 ep_seq=9 infer_seq=43 t=672 es=0 k=0 motion_frames=- motion_emb_sha= motion_pos_sha= motion_mask= mem_order_sha= motion_cols_sha= donor=None cover=exact:0,fallback:0,cycle:0,cross_seg:0 gate=none num_steps=10 act_sha=84873799a5ff6952 infer_ms=67.2
INFO:mme_vla_suite.serving.websocket_policy_server:TIMING infer_ms=67.2
INFO:mme_vla_suite.serving.websocket_policy_server:TIMING add_buffer_ms=38.2 frames=16 exec_start_idx=0
MV_INFER cond=normal split=test task=ButtonUnmaskSwap ep=11 ep_seq=9 infer_seq=44 t=688 es=0 k=0 motion_frames=- motion_emb_sha= motion_pos_sha= motion_mask= mem_order_sha= motion_cols_sha= donor=None cover=exact:0,fallback:0,cycle:0,cross_seg:0 gate=none num_steps=10 act_sha=9683c91c372400ca infer_ms=67.4
INFO:mme_vla_suite.serving.websocket_policy_server:TIMING infer_ms=67.4
INFO:mme_vla_suite.serving.websocket_policy_server:TIMING add_buffer_ms=37.4 frames=16 exec_start_idx=0
MV_INFER cond=normal split=test task=ButtonUnmaskSwap ep=11 ep_seq=9 infer_seq=45 t=704 es=0 k=0 motion_frames=- motion_emb_sha= motion_pos_sha= motion_mask= mem_order_sha= motion_cols_sha= donor=None cover=exact:0,fallback:0,cycle:0,cross_seg:0 gate=none num_steps=10 act_sha=c8eb6de96900111e infer_ms=67.4
INFO:mme_vla_suite.serving.websocket_policy_server:TIMING infer_ms=67.4
INFO:mme_vla_suite.serving.websocket_policy_server:TIMING add_buffer_ms=37.5 frames=16 exec_start_idx=0
MV_INFER cond=normal split=test task=ButtonUnmaskSwap ep=11 ep_seq=9 infer_seq=46 t=720 es=0 k=0 motion_frames=- motion_emb_sha= motion_pos_sha= motion_mask= mem_order_sha= motion_cols_sha= donor=None cover=exact:0,fallback:0,cycle:0,cross_seg:0 gate=none num_steps=10 act_sha=f374aad0d88971eb infer_ms=67.5
INFO:mme_vla_suite.serving.websocket_policy_server:TIMING infer_ms=67.5
INFO:mme_vla_suite.serving.websocket_policy_server:TIMING add_buffer_ms=37.3 frames=16 exec_start_idx=0
MV_INFER cond=normal split=test task=ButtonUnmaskSwap ep=11 ep_seq=9 infer_seq=47 t=736 es=0 k=0 motion_frames=- motion_emb_sha= motion_pos_sha= motion_mask= mem_order_sha= motion_cols_sha= donor=None cover=exact:0,fallback:0,cycle:0,cross_seg:0 gate=none num_steps=10 act_sha=8ff41a328362a668 infer_ms=67.4
INFO:mme_vla_suite.serving.websocket_policy_server:TIMING infer_ms=67.4
INFO:mme_vla_suite.serving.websocket_policy_server:TIMING add_buffer_ms=37.1 frames=16 exec_start_idx=0
MV_INFER cond=normal split=test task=ButtonUnmaskSwap ep=11 ep_seq=9 infer_seq=48 t=752 es=0 k=0 motion_frames=- motion_emb_sha= motion_pos_sha= motion_mask= mem_order_sha= motion_cols_sha= donor=None cover=exact:0,fallback:0,cycle:0,cross_seg:0 gate=none num_steps=10 act_sha=69e642a2919d5341 infer_ms=67.3
INFO:mme_vla_suite.serving.websocket_policy_server:TIMING infer_ms=67.3
INFO:mme_vla_suite.serving.websocket_policy_server:TIMING add_buffer_ms=37.4 frames=16 exec_start_idx=0
MV_INFER cond=normal split=test task=ButtonUnmaskSwap ep=11 ep_seq=9 infer_seq=49 t=768 es=0 k=0 motion_frames=- motion_emb_sha= motion_pos_sha= motion_mask= mem_order_sha= motion_cols_sha= donor=None cover=exact:0,fallback:0,cycle:0,cross_seg:0 gate=none num_steps=10 act_sha=493d0e8ed2ac050b infer_ms=67.3
INFO:mme_vla_suite.serving.websocket_policy_server:TIMING infer_ms=67.3
INFO:mme_vla_suite.serving.websocket_policy_server:TIMING add_buffer_ms=37.4 frames=16 exec_start_idx=0
MV_INFER cond=normal split=test task=ButtonUnmaskSwap ep=11 ep_seq=9 infer_seq=50 t=784 es=0 k=0 motion_frames=- motion_emb_sha= motion_pos_sha= motion_mask= mem_order_sha= motion_cols_sha= donor=None cover=exact:0,fallback:0,cycle:0,cross_seg:0 gate=none num_steps=10 act_sha=f7ee04a3b85b078f infer_ms=67.3
INFO:mme_vla_suite.serving.websocket_policy_server:TIMING infer_ms=67.3
INFO:mme_vla_suite.serving.websocket_policy_server:TIMING add_buffer_ms=37.8 frames=16 exec_start_idx=0
MV_INFER cond=normal split=test task=ButtonUnmaskSwap ep=11 ep_seq=9 infer_seq=51 t=800 es=0 k=0 motion_frames=- motion_emb_sha= motion_pos_sha= motion_mask= mem_order_sha= motion_cols_sha= donor=None cover=exact:0,fallback:0,cycle:0,cross_seg:0 gate=none num_steps=10 act_sha=ca1a3d7ecc0f2b8f infer_ms=67.5
INFO:mme_vla_suite.serving.websocket_policy_server:TIMING infer_ms=67.5
INFO:mme_vla_suite.serving.websocket_policy_server:TIMING add_buffer_ms=37.9 frames=16 exec_start_idx=0
MV_INFER cond=normal split=test task=ButtonUnmaskSwap ep=11 ep_seq=9 infer_seq=52 t=816 es=0 k=0 motion_frames=- motion_emb_sha= motion_pos_sha= motion_mask= mem_order_sha= motion_cols_sha= donor=None cover=exact:0,fallback:0,cycle:0,cross_seg:0 gate=none num_steps=10 act_sha=20acbdafabb3bcad infer_ms=67.6
INFO:mme_vla_suite.serving.websocket_policy_server:TIMING infer_ms=67.6
INFO:mme_vla_suite.serving.websocket_policy_server:TIMING add_buffer_ms=37.1 frames=16 exec_start_idx=0
MV_INFER cond=normal split=test task=ButtonUnmaskSwap ep=11 ep_seq=9 infer_seq=53 t=832 es=0 k=0 motion_frames=- motion_emb_sha= motion_pos_sha= motion_mask= mem_order_sha= motion_cols_sha= donor=None cover=exact:0,fallback:0,cycle:0,cross_seg:0 gate=none num_steps=10 act_sha=2b62086ff8ea8a1d infer_ms=67.3
INFO:mme_vla_suite.serving.websocket_policy_server:TIMING infer_ms=67.3
INFO:mme_vla_suite.serving.websocket_policy_server:TIMING add_buffer_ms=37.5 frames=16 exec_start_idx=0
MV_INFER cond=normal split=test task=ButtonUnmaskSwap ep=11 ep_seq=9 infer_seq=54 t=848 es=0 k=0 motion_frames=- motion_emb_sha= motion_pos_sha= motion_mask= mem_order_sha= motion_cols_sha= donor=None cover=exact:0,fallback:0,cycle:0,cross_seg:0 gate=none num_steps=10 act_sha=1bc032a63342bc26 infer_ms=67.5
INFO:mme_vla_suite.serving.websocket_policy_server:TIMING infer_ms=67.5
INFO:mme_vla_suite.serving.websocket_policy_server:TIMING add_buffer_ms=38.1 frames=16 exec_start_idx=0
MV_INFER cond=normal split=test task=ButtonUnmaskSwap ep=11 ep_seq=9 infer_seq=55 t=864 es=0 k=0 motion_frames=- motion_emb_sha= motion_pos_sha= motion_mask= mem_order_sha= motion_cols_sha= donor=None cover=exact:0,fallback:0,cycle:0,cross_seg:0 gate=none num_steps=10 act_sha=ef9a1e837c53695b infer_ms=68.0
INFO:mme_vla_suite.serving.websocket_policy_server:TIMING infer_ms=68.0
INFO:mme_vla_suite.serving.websocket_policy_server:TIMING add_buffer_ms=38.7 frames=16 exec_start_idx=0
MV_INFER cond=normal split=test task=ButtonUnmaskSwap ep=11 ep_seq=9 infer_seq=56 t=880 es=0 k=0 motion_frames=- motion_emb_sha= motion_pos_sha= motion_mask= mem_order_sha= motion_cols_sha= donor=None cover=exact:0,fallback:0,cycle:0,cross_seg:0 gate=none num_steps=10 act_sha=0e6f2071a020713c infer_ms=67.7
INFO:mme_vla_suite.serving.websocket_policy_server:TIMING infer_ms=67.7
INFO:mme_vla_suite.serving.websocket_policy_server:TIMING add_buffer_ms=37.9 frames=16 exec_start_idx=0
MV_INFER cond=normal split=test task=ButtonUnmaskSwap ep=11 ep_seq=9 infer_seq=57 t=896 es=0 k=0 motion_frames=- motion_emb_sha= motion_pos_sha= motion_mask= mem_order_sha= motion_cols_sha= donor=None cover=exact:0,fallback:0,cycle:0,cross_seg:0 gate=none num_steps=10 act_sha=ea7be813be353a07 infer_ms=67.6
INFO:mme_vla_suite.serving.websocket_policy_server:TIMING infer_ms=67.6
INFO:mme_vla_suite.serving.websocket_policy_server:TIMING add_buffer_ms=39.2 frames=16 exec_start_idx=0
MV_INFER cond=normal split=test task=ButtonUnmaskSwap ep=11 ep_seq=9 infer_seq=58 t=912 es=0 k=0 motion_frames=- motion_emb_sha= motion_pos_sha= motion_mask= mem_order_sha= motion_cols_sha= donor=None cover=exact:0,fallback:0,cycle:0,cross_seg:0 gate=none num_steps=10 act_sha=2fbc98c55d6e6e79 infer_ms=67.8
INFO:mme_vla_suite.serving.websocket_policy_server:TIMING infer_ms=67.8
INFO:mme_vla_suite.serving.websocket_policy_server:TIMING add_buffer_ms=37.2 frames=16 exec_start_idx=0
MV_INFER cond=normal split=test task=ButtonUnmaskSwap ep=11 ep_seq=9 infer_seq=59 t=928 es=0 k=0 motion_frames=- motion_emb_sha= motion_pos_sha= motion_mask= mem_order_sha= motion_cols_sha= donor=None cover=exact:0,fallback:0,cycle:0,cross_seg:0 gate=none num_steps=10 act_sha=c92b693b70e399f8 infer_ms=67.3
INFO:mme_vla_suite.serving.websocket_policy_server:TIMING infer_ms=67.3
INFO:mme_vla_suite.serving.websocket_policy_server:TIMING add_buffer_ms=37.6 frames=16 exec_start_idx=0
MV_INFER cond=normal split=test task=ButtonUnmaskSwap ep=11 ep_seq=9 infer_seq=60 t=944 es=0 k=0 motion_frames=- motion_emb_sha= motion_pos_sha= motion_mask= mem_order_sha= motion_cols_sha= donor=None cover=exact:0,fallback:0,cycle:0,cross_seg:0 gate=none num_steps=10 act_sha=c29d694bac4b59c6 infer_ms=67.4
INFO:mme_vla_suite.serving.websocket_policy_server:TIMING infer_ms=67.4
INFO:mme_vla_suite.serving.websocket_policy_server:TIMING add_buffer_ms=37.9 frames=16 exec_start_idx=0
MV_INFER cond=normal split=test task=ButtonUnmaskSwap ep=11 ep_seq=9 infer_seq=61 t=960 es=0 k=0 motion_frames=- motion_emb_sha= motion_pos_sha= motion_mask= mem_order_sha= motion_cols_sha= donor=None cover=exact:0,fallback:0,cycle:0,cross_seg:0 gate=none num_steps=10 act_sha=18dca32d54ea6857 infer_ms=67.4
INFO:mme_vla_suite.serving.websocket_policy_server:TIMING infer_ms=67.4
INFO:mme_vla_suite.serving.websocket_policy_server:TIMING add_buffer_ms=37.9 frames=16 exec_start_idx=0
MV_INFER cond=normal split=test task=ButtonUnmaskSwap ep=11 ep_seq=9 infer_seq=62 t=976 es=0 k=0 motion_frames=- motion_emb_sha= motion_pos_sha= motion_mask= mem_order_sha= motion_cols_sha= donor=None cover=exact:0,fallback:0,cycle:0,cross_seg:0 gate=none num_steps=10 act_sha=ac81d1c3b6458107 infer_ms=67.4
INFO:mme_vla_suite.serving.websocket_policy_server:TIMING infer_ms=67.4
INFO:mme_vla_suite.serving.websocket_policy_server:TIMING add_buffer_ms=37.7 frames=16 exec_start_idx=0
MV_INFER cond=normal split=test task=ButtonUnmaskSwap ep=11 ep_seq=9 infer_seq=63 t=992 es=0 k=0 motion_frames=- motion_emb_sha= motion_pos_sha= motion_mask= mem_order_sha= motion_cols_sha= donor=None cover=exact:0,fallback:0,cycle:0,cross_seg:0 gate=none num_steps=10 act_sha=0ce3cebc05cf473b infer_ms=69.4
INFO:mme_vla_suite.serving.websocket_policy_server:TIMING infer_ms=69.4
INFO:mme_vla_suite.serving.websocket_policy_server:TIMING add_buffer_ms=37.0 frames=16 exec_start_idx=0
MV_INFER cond=normal split=test task=ButtonUnmaskSwap ep=11 ep_seq=9 infer_seq=64 t=1008 es=0 k=0 motion_frames=- motion_emb_sha= motion_pos_sha= motion_mask= mem_order_sha= motion_cols_sha= donor=None cover=exact:0,fallback:0,cycle:0,cross_seg:0 gate=none num_steps=10 act_sha=a2853e6fef623882 infer_ms=67.2
INFO:mme_vla_suite.serving.websocket_policy_server:TIMING infer_ms=67.2
INFO:mme_vla_suite.serving.websocket_policy_server:TIMING add_buffer_ms=37.4 frames=16 exec_start_idx=0
MV_INFER cond=normal split=test task=ButtonUnmaskSwap ep=11 ep_seq=9 infer_seq=65 t=1024 es=0 k=0 motion_frames=- motion_emb_sha= motion_pos_sha= motion_mask= mem_order_sha= motion_cols_sha= donor=None cover=exact:0,fallback:0,cycle:0,cross_seg:0 gate=none num_steps=10 act_sha=44963ab8ea7132e5 infer_ms=67.3
INFO:mme_vla_suite.serving.websocket_policy_server:TIMING infer_ms=67.3
INFO:mme_vla_suite.serving.websocket_policy_server:TIMING add_buffer_ms=37.2 frames=16 exec_start_idx=0
MV_INFER cond=normal split=test task=ButtonUnmaskSwap ep=11 ep_seq=9 infer_seq=66 t=1040 es=0 k=0 motion_frames=- motion_emb_sha= motion_pos_sha= motion_mask= mem_order_sha= motion_cols_sha= donor=None cover=exact:0,fallback:0,cycle:0,cross_seg:0 gate=none num_steps=10 act_sha=dcb04983fe8e45da infer_ms=67.4
INFO:mme_vla_suite.serving.websocket_policy_server:TIMING infer_ms=67.4
INFO:mme_vla_suite.serving.websocket_policy_server:TIMING add_buffer_ms=37.5 frames=16 exec_start_idx=0
MV_INFER cond=normal split=test task=ButtonUnmaskSwap ep=11 ep_seq=9 infer_seq=67 t=1056 es=0 k=0 motion_frames=- motion_emb_sha= motion_pos_sha= motion_mask= mem_order_sha= motion_cols_sha= donor=None cover=exact:0,fallback:0,cycle:0,cross_seg:0 gate=none num_steps=10 act_sha=73beef536f53e07c infer_ms=67.3
INFO:mme_vla_suite.serving.websocket_policy_server:TIMING infer_ms=67.3
INFO:mme_vla_suite.serving.websocket_policy_server:TIMING add_buffer_ms=39.5 frames=16 exec_start_idx=0
MV_INFER cond=normal split=test task=ButtonUnmaskSwap ep=11 ep_seq=9 infer_seq=68 t=1072 es=0 k=0 motion_frames=- motion_emb_sha= motion_pos_sha= motion_mask= mem_order_sha= motion_cols_sha= donor=None cover=exact:0,fallback:0,cycle:0,cross_seg:0 gate=none num_steps=10 act_sha=02b56edc454332eb infer_ms=68.1
INFO:mme_vla_suite.serving.websocket_policy_server:TIMING infer_ms=68.1
INFO:mme_vla_suite.serving.websocket_policy_server:TIMING add_buffer_ms=42.2 frames=16 exec_start_idx=0
MV_INFER cond=normal split=test task=ButtonUnmaskSwap ep=11 ep_seq=9 infer_seq=69 t=1088 es=0 k=0 motion_frames=- motion_emb_sha= motion_pos_sha= motion_mask= mem_order_sha= motion_cols_sha= donor=None cover=exact:0,fallback:0,cycle:0,cross_seg:0 gate=none num_steps=10 act_sha=57e158b58a04918d infer_ms=67.5
INFO:mme_vla_suite.serving.websocket_policy_server:TIMING infer_ms=67.5
INFO:mme_vla_suite.serving.websocket_policy_server:TIMING add_buffer_ms=38.3 frames=16 exec_start_idx=0
MV_INFER cond=normal split=test task=ButtonUnmaskSwap ep=11 ep_seq=9 infer_seq=70 t=1104 es=0 k=0 motion_frames=- motion_emb_sha= motion_pos_sha= motion_mask= mem_order_sha= motion_cols_sha= donor=None cover=exact:0,fallback:0,cycle:0,cross_seg:0 gate=none num_steps=10 act_sha=f5aed1653e7f4ddf infer_ms=67.4
INFO:mme_vla_suite.serving.websocket_policy_server:TIMING infer_ms=67.4
INFO:mme_vla_suite.serving.websocket_policy_server:TIMING add_buffer_ms=38.6 frames=16 exec_start_idx=0
MV_INFER cond=normal split=test task=ButtonUnmaskSwap ep=11 ep_seq=9 infer_seq=71 t=1120 es=0 k=0 motion_frames=- motion_emb_sha= motion_pos_sha= motion_mask= mem_order_sha= motion_cols_sha= donor=None cover=exact:0,fallback:0,cycle:0,cross_seg:0 gate=none num_steps=10 act_sha=394dda22425d58cb infer_ms=67.9
INFO:mme_vla_suite.serving.websocket_policy_server:TIMING infer_ms=67.9
INFO:mme_vla_suite.serving.websocket_policy_server:TIMING add_buffer_ms=37.4 frames=16 exec_start_idx=0
MV_INFER cond=normal split=test task=ButtonUnmaskSwap ep=11 ep_seq=9 infer_seq=72 t=1136 es=0 k=0 motion_frames=- motion_emb_sha= motion_pos_sha= motion_mask= mem_order_sha= motion_cols_sha= donor=None cover=exact:0,fallback:0,cycle:0,cross_seg:0 gate=none num_steps=10 act_sha=8eb79976c1ec8f6a infer_ms=67.5
INFO:mme_vla_suite.serving.websocket_policy_server:TIMING infer_ms=67.5
INFO:mme_vla_suite.serving.websocket_policy_server:TIMING add_buffer_ms=37.3 frames=16 exec_start_idx=0
MV_INFER cond=normal split=test task=ButtonUnmaskSwap ep=11 ep_seq=9 infer_seq=73 t=1152 es=0 k=0 motion_frames=- motion_emb_sha= motion_pos_sha= motion_mask= mem_order_sha= motion_cols_sha= donor=None cover=exact:0,fallback:0,cycle:0,cross_seg:0 gate=none num_steps=10 act_sha=cbf339b9ad7ce39b infer_ms=67.5
INFO:mme_vla_suite.serving.websocket_policy_server:TIMING infer_ms=67.5
INFO:mme_vla_suite.serving.websocket_policy_server:TIMING add_buffer_ms=37.3 frames=16 exec_start_idx=0
MV_INFER cond=normal split=test task=ButtonUnmaskSwap ep=11 ep_seq=9 infer_seq=74 t=1168 es=0 k=0 motion_frames=- motion_emb_sha= motion_pos_sha= motion_mask= mem_order_sha= motion_cols_sha= donor=None cover=exact:0,fallback:0,cycle:0,cross_seg:0 gate=none num_steps=10 act_sha=2982004148b04a44 infer_ms=67.3
INFO:mme_vla_suite.serving.websocket_policy_server:TIMING infer_ms=67.3
INFO:mme_vla_suite.serving.websocket_policy_server:TIMING add_buffer_ms=37.2 frames=16 exec_start_idx=0
MV_INFER cond=normal split=test task=ButtonUnmaskSwap ep=11 ep_seq=9 infer_seq=75 t=1184 es=0 k=0 motion_frames=- motion_emb_sha= motion_pos_sha= motion_mask= mem_order_sha= motion_cols_sha= donor=None cover=exact:0,fallback:0,cycle:0,cross_seg:0 gate=none num_steps=10 act_sha=5177d8c6c5df94ac infer_ms=67.3
INFO:mme_vla_suite.serving.websocket_policy_server:TIMING infer_ms=67.3
INFO:mme_vla_suite.serving.websocket_policy_server:TIMING add_buffer_ms=37.7 frames=16 exec_start_idx=0
MV_INFER cond=normal split=test task=ButtonUnmaskSwap ep=11 ep_seq=9 infer_seq=76 t=1200 es=0 k=0 motion_frames=- motion_emb_sha= motion_pos_sha= motion_mask= mem_order_sha= motion_cols_sha= donor=None cover=exact:0,fallback:0,cycle:0,cross_seg:0 gate=none num_steps=10 act_sha=d63ecf1422abd0f3 infer_ms=67.4
INFO:mme_vla_suite.serving.websocket_policy_server:TIMING infer_ms=67.4
INFO:mme_vla_suite.serving.websocket_policy_server:TIMING add_buffer_ms=37.6 frames=16 exec_start_idx=0
MV_INFER cond=normal split=test task=ButtonUnmaskSwap ep=11 ep_seq=9 infer_seq=77 t=1216 es=0 k=0 motion_frames=- motion_emb_sha= motion_pos_sha= motion_mask= mem_order_sha= motion_cols_sha= donor=None cover=exact:0,fallback:0,cycle:0,cross_seg:0 gate=none num_steps=10 act_sha=d4282d6b65060f1f infer_ms=67.8
INFO:mme_vla_suite.serving.websocket_policy_server:TIMING infer_ms=67.8
INFO:mme_vla_suite.serving.websocket_policy_server:TIMING add_buffer_ms=38.1 frames=16 exec_start_idx=0
MV_INFER cond=normal split=test task=ButtonUnmaskSwap ep=11 ep_seq=9 infer_seq=78 t=1232 es=0 k=0 motion_frames=- motion_emb_sha= motion_pos_sha= motion_mask= mem_order_sha= motion_cols_sha= donor=None cover=exact:0,fallback:0,cycle:0,cross_seg:0 gate=none num_steps=10 act_sha=6cdfed1edf2afe49 infer_ms=67.4
INFO:mme_vla_suite.serving.websocket_policy_server:TIMING infer_ms=67.4
INFO:mme_vla_suite.serving.websocket_policy_server:TIMING add_buffer_ms=37.1 frames=16 exec_start_idx=0
MV_INFER cond=normal split=test task=ButtonUnmaskSwap ep=11 ep_seq=9 infer_seq=79 t=1248 es=0 k=0 motion_frames=- motion_emb_sha= motion_pos_sha= motion_mask= mem_order_sha= motion_cols_sha= donor=None cover=exact:0,fallback:0,cycle:0,cross_seg:0 gate=none num_steps=10 act_sha=19627eccbf4aecb7 infer_ms=67.3
INFO:mme_vla_suite.serving.websocket_policy_server:TIMING infer_ms=67.3
INFO:mme_vla_suite.serving.websocket_policy_server:TIMING add_buffer_ms=37.0 frames=16 exec_start_idx=0
MV_INFER cond=normal split=test task=ButtonUnmaskSwap ep=11 ep_seq=9 infer_seq=80 t=1264 es=0 k=0 motion_frames=- motion_emb_sha= motion_pos_sha= motion_mask= mem_order_sha= motion_cols_sha= donor=None cover=exact:0,fallback:0,cycle:0,cross_seg:0 gate=none num_steps=10 act_sha=5978671a7fd71fe0 infer_ms=67.2
INFO:mme_vla_suite.serving.websocket_policy_server:TIMING infer_ms=67.2
INFO:mme_vla_suite.serving.websocket_policy_server:TIMING add_buffer_ms=38.3 frames=16 exec_start_idx=0
MV_INFER cond=normal split=test task=ButtonUnmaskSwap ep=11 ep_seq=9 infer_seq=81 t=1280 es=0 k=0 motion_frames=- motion_emb_sha= motion_pos_sha= motion_mask= mem_order_sha= motion_cols_sha= donor=None cover=exact:0,fallback:0,cycle:0,cross_seg:0 gate=none num_steps=10 act_sha=e8fcb5eed0c62fee infer_ms=68.0
INFO:mme_vla_suite.serving.websocket_policy_server:TIMING infer_ms=68.0
INFO:mme_vla_suite.serving.websocket_policy_server:TIMING add_buffer_ms=37.6 frames=16 exec_start_idx=0
MV_INFER cond=normal split=test task=ButtonUnmaskSwap ep=11 ep_seq=9 infer_seq=82 t=1296 es=0 k=0 motion_frames=- motion_emb_sha= motion_pos_sha= motion_mask= mem_order_sha= motion_cols_sha= donor=None cover=exact:0,fallback:0,cycle:0,cross_seg:0 gate=none num_steps=10 act_sha=db3d4481c761e112 infer_ms=67.5
INFO:mme_vla_suite.serving.websocket_policy_server:TIMING infer_ms=67.5
INFO:websockets.server:connection open
INFO:mme_vla_suite.serving.websocket_policy_server:Connection from ('127.0.0.1', 33046) opened
MV_EPISODE_END ep_seq=9 infers=82 windows=0 wall_s=33.9
MV_EPISODE_BEGIN cond=normal split=test seed=42 ep_seq=10 expect=VideoUnmaskSwap:3
INFO:mme_vla_suite.serving.websocket_policy_server:TIMING add_buffer_ms=1361.8 frames=217 exec_start_idx=216
MV_INFER cond=normal split=test task=VideoUnmaskSwap ep=3 ep_seq=10 infer_seq=1 t=216 es=216 k=0 motion_frames=- motion_emb_sha= motion_pos_sha= motion_mask= mem_order_sha= motion_cols_sha= donor=None cover=exact:0,fallback:0,cycle:0,cross_seg:0 gate=none num_steps=10 act_sha=07db3dd890c070a4 infer_ms=68.1
INFO:mme_vla_suite.serving.websocket_policy_server:TIMING infer_ms=68.1
INFO:mme_vla_suite.serving.websocket_policy_server:TIMING add_buffer_ms=39.0 frames=16 exec_start_idx=0
MV_INFER cond=normal split=test task=VideoUnmaskSwap ep=3 ep_seq=10 infer_seq=2 t=232 es=216 k=0 motion_frames=- motion_emb_sha= motion_pos_sha= motion_mask= mem_order_sha= motion_cols_sha= donor=None cover=exact:0,fallback:0,cycle:0,cross_seg:0 gate=none num_steps=10 act_sha=2cf25bedd5f2432f infer_ms=67.3
INFO:mme_vla_suite.serving.websocket_policy_server:TIMING infer_ms=67.3
INFO:mme_vla_suite.serving.websocket_policy_server:TIMING add_buffer_ms=38.4 frames=16 exec_start_idx=0
MV_INFER cond=normal split=test task=VideoUnmaskSwap ep=3 ep_seq=10 infer_seq=3 t=248 es=216 k=0 motion_frames=- motion_emb_sha= motion_pos_sha= motion_mask= mem_order_sha= motion_cols_sha= donor=None cover=exact:0,fallback:0,cycle:0,cross_seg:0 gate=none num_steps=10 act_sha=2efb8094039a1031 infer_ms=67.3
INFO:mme_vla_suite.serving.websocket_policy_server:TIMING infer_ms=67.3
INFO:mme_vla_suite.serving.websocket_policy_server:TIMING add_buffer_ms=38.4 frames=16 exec_start_idx=0
MV_INFER cond=normal split=test task=VideoUnmaskSwap ep=3 ep_seq=10 infer_seq=4 t=264 es=216 k=0 motion_frames=- motion_emb_sha= motion_pos_sha= motion_mask= mem_order_sha= motion_cols_sha= donor=None cover=exact:0,fallback:0,cycle:0,cross_seg:0 gate=none num_steps=10 act_sha=be422ad0a63384d3 infer_ms=67.5
INFO:mme_vla_suite.serving.websocket_policy_server:TIMING infer_ms=67.5
INFO:mme_vla_suite.serving.websocket_policy_server:TIMING add_buffer_ms=36.4 frames=16 exec_start_idx=0
MV_INFER cond=normal split=test task=VideoUnmaskSwap ep=3 ep_seq=10 infer_seq=5 t=280 es=216 k=0 motion_frames=- motion_emb_sha= motion_pos_sha= motion_mask= mem_order_sha= motion_cols_sha= donor=None cover=exact:0,fallback:0,cycle:0,cross_seg:0 gate=none num_steps=10 act_sha=f9f7341560b782c8 infer_ms=67.4
INFO:mme_vla_suite.serving.websocket_policy_server:TIMING infer_ms=67.4
INFO:mme_vla_suite.serving.websocket_policy_server:TIMING add_buffer_ms=38.9 frames=16 exec_start_idx=0
MV_INFER cond=normal split=test task=VideoUnmaskSwap ep=3 ep_seq=10 infer_seq=6 t=296 es=216 k=0 motion_frames=- motion_emb_sha= motion_pos_sha= motion_mask= mem_order_sha= motion_cols_sha= donor=None cover=exact:0,fallback:0,cycle:0,cross_seg:0 gate=none num_steps=10 act_sha=b6173a8493d4b2b5 infer_ms=67.7
INFO:mme_vla_suite.serving.websocket_policy_server:TIMING infer_ms=67.7
INFO:mme_vla_suite.serving.websocket_policy_server:TIMING add_buffer_ms=39.4 frames=16 exec_start_idx=0
MV_INFER cond=normal split=test task=VideoUnmaskSwap ep=3 ep_seq=10 infer_seq=7 t=312 es=216 k=0 motion_frames=- motion_emb_sha= motion_pos_sha= motion_mask= mem_order_sha= motion_cols_sha= donor=None cover=exact:0,fallback:0,cycle:0,cross_seg:0 gate=none num_steps=10 act_sha=c654bd03c692273b infer_ms=68.4
INFO:mme_vla_suite.serving.websocket_policy_server:TIMING infer_ms=68.4
INFO:mme_vla_suite.serving.websocket_policy_server:TIMING add_buffer_ms=36.0 frames=16 exec_start_idx=0
MV_INFER cond=normal split=test task=VideoUnmaskSwap ep=3 ep_seq=10 infer_seq=8 t=328 es=216 k=0 motion_frames=- motion_emb_sha= motion_pos_sha= motion_mask= mem_order_sha= motion_cols_sha= donor=None cover=exact:0,fallback:0,cycle:0,cross_seg:0 gate=none num_steps=10 act_sha=1b036066287899ff infer_ms=67.4
INFO:mme_vla_suite.serving.websocket_policy_server:TIMING infer_ms=67.4
INFO:mme_vla_suite.serving.websocket_policy_server:TIMING add_buffer_ms=39.1 frames=16 exec_start_idx=0
MV_INFER cond=normal split=test task=VideoUnmaskSwap ep=3 ep_seq=10 infer_seq=9 t=344 es=216 k=0 motion_frames=- motion_emb_sha= motion_pos_sha= motion_mask= mem_order_sha= motion_cols_sha= donor=None cover=exact:0,fallback:0,cycle:0,cross_seg:0 gate=none num_steps=10 act_sha=4ff401dd4397f3e3 infer_ms=67.3
INFO:mme_vla_suite.serving.websocket_policy_server:TIMING infer_ms=67.3
INFO:mme_vla_suite.serving.websocket_policy_server:TIMING add_buffer_ms=37.1 frames=16 exec_start_idx=0
MV_INFER cond=normal split=test task=VideoUnmaskSwap ep=3 ep_seq=10 infer_seq=10 t=360 es=216 k=0 motion_frames=- motion_emb_sha= motion_pos_sha= motion_mask= mem_order_sha= motion_cols_sha= donor=None cover=exact:0,fallback:0,cycle:0,cross_seg:0 gate=none num_steps=10 act_sha=968f52aa17511bf2 infer_ms=67.3
INFO:mme_vla_suite.serving.websocket_policy_server:TIMING infer_ms=67.3
INFO:mme_vla_suite.serving.websocket_policy_server:TIMING add_buffer_ms=39.5 frames=16 exec_start_idx=0
MV_INFER cond=normal split=test task=VideoUnmaskSwap ep=3 ep_seq=10 infer_seq=11 t=376 es=216 k=0 motion_frames=- motion_emb_sha= motion_pos_sha= motion_mask= mem_order_sha= motion_cols_sha= donor=None cover=exact:0,fallback:0,cycle:0,cross_seg:0 gate=none num_steps=10 act_sha=89d0e1682646a3b1 infer_ms=67.5
INFO:mme_vla_suite.serving.websocket_policy_server:TIMING infer_ms=67.5
INFO:mme_vla_suite.serving.websocket_policy_server:TIMING add_buffer_ms=36.8 frames=16 exec_start_idx=0
MV_INFER cond=normal split=test task=VideoUnmaskSwap ep=3 ep_seq=10 infer_seq=12 t=392 es=216 k=0 motion_frames=- motion_emb_sha= motion_pos_sha= motion_mask= mem_order_sha= motion_cols_sha= donor=None cover=exact:0,fallback:0,cycle:0,cross_seg:0 gate=none num_steps=10 act_sha=3dbc74dc97e8836b infer_ms=67.3
INFO:mme_vla_suite.serving.websocket_policy_server:TIMING infer_ms=67.3
INFO:mme_vla_suite.serving.websocket_policy_server:TIMING add_buffer_ms=37.4 frames=16 exec_start_idx=0
MV_INFER cond=normal split=test task=VideoUnmaskSwap ep=3 ep_seq=10 infer_seq=13 t=408 es=216 k=0 motion_frames=- motion_emb_sha= motion_pos_sha= motion_mask= mem_order_sha= motion_cols_sha= donor=None cover=exact:0,fallback:0,cycle:0,cross_seg:0 gate=none num_steps=10 act_sha=82f179c3ccbdef4c infer_ms=67.9
INFO:mme_vla_suite.serving.websocket_policy_server:TIMING infer_ms=67.9
INFO:mme_vla_suite.serving.websocket_policy_server:TIMING add_buffer_ms=36.9 frames=16 exec_start_idx=0
MV_INFER cond=normal split=test task=VideoUnmaskSwap ep=3 ep_seq=10 infer_seq=14 t=424 es=216 k=0 motion_frames=- motion_emb_sha= motion_pos_sha= motion_mask= mem_order_sha= motion_cols_sha= donor=None cover=exact:0,fallback:0,cycle:0,cross_seg:0 gate=none num_steps=10 act_sha=c454480a654c6315 infer_ms=67.4
INFO:mme_vla_suite.serving.websocket_policy_server:TIMING infer_ms=67.4
INFO:mme_vla_suite.serving.websocket_policy_server:TIMING add_buffer_ms=37.0 frames=16 exec_start_idx=0
MV_INFER cond=normal split=test task=VideoUnmaskSwap ep=3 ep_seq=10 infer_seq=15 t=440 es=216 k=0 motion_frames=- motion_emb_sha= motion_pos_sha= motion_mask= mem_order_sha= motion_cols_sha= donor=None cover=exact:0,fallback:0,cycle:0,cross_seg:0 gate=none num_steps=10 act_sha=eb4c068f1fa3ac67 infer_ms=67.6
INFO:mme_vla_suite.serving.websocket_policy_server:TIMING infer_ms=67.6
INFO:mme_vla_suite.serving.websocket_policy_server:TIMING add_buffer_ms=37.0 frames=16 exec_start_idx=0
MV_INFER cond=normal split=test task=VideoUnmaskSwap ep=3 ep_seq=10 infer_seq=16 t=456 es=216 k=0 motion_frames=- motion_emb_sha= motion_pos_sha= motion_mask= mem_order_sha= motion_cols_sha= donor=None cover=exact:0,fallback:0,cycle:0,cross_seg:0 gate=none num_steps=10 act_sha=566cee7536f2aacb infer_ms=67.4
INFO:mme_vla_suite.serving.websocket_policy_server:TIMING infer_ms=67.4
INFO:mme_vla_suite.serving.websocket_policy_server:TIMING add_buffer_ms=39.3 frames=16 exec_start_idx=0
MV_INFER cond=normal split=test task=VideoUnmaskSwap ep=3 ep_seq=10 infer_seq=17 t=472 es=216 k=0 motion_frames=- motion_emb_sha= motion_pos_sha= motion_mask= mem_order_sha= motion_cols_sha= donor=None cover=exact:0,fallback:0,cycle:0,cross_seg:0 gate=none num_steps=10 act_sha=7025360626a50ff3 infer_ms=67.6
INFO:mme_vla_suite.serving.websocket_policy_server:TIMING infer_ms=67.6
INFO:mme_vla_suite.serving.websocket_policy_server:TIMING add_buffer_ms=44.9 frames=16 exec_start_idx=0
MV_INFER cond=normal split=test task=VideoUnmaskSwap ep=3 ep_seq=10 infer_seq=18 t=488 es=216 k=0 motion_frames=- motion_emb_sha= motion_pos_sha= motion_mask= mem_order_sha= motion_cols_sha= donor=None cover=exact:0,fallback:0,cycle:0,cross_seg:0 gate=none num_steps=10 act_sha=01937f996d427119 infer_ms=67.4
INFO:mme_vla_suite.serving.websocket_policy_server:TIMING infer_ms=67.4
INFO:mme_vla_suite.serving.websocket_policy_server:TIMING add_buffer_ms=37.4 frames=16 exec_start_idx=0
MV_INFER cond=normal split=test task=VideoUnmaskSwap ep=3 ep_seq=10 infer_seq=19 t=504 es=216 k=0 motion_frames=- motion_emb_sha= motion_pos_sha= motion_mask= mem_order_sha= motion_cols_sha= donor=None cover=exact:0,fallback:0,cycle:0,cross_seg:0 gate=none num_steps=10 act_sha=6773a76240b432f9 infer_ms=67.4
INFO:mme_vla_suite.serving.websocket_policy_server:TIMING infer_ms=67.4
INFO:mme_vla_suite.serving.websocket_policy_server:TIMING add_buffer_ms=39.8 frames=16 exec_start_idx=0
MV_INFER cond=normal split=test task=VideoUnmaskSwap ep=3 ep_seq=10 infer_seq=20 t=520 es=216 k=0 motion_frames=- motion_emb_sha= motion_pos_sha= motion_mask= mem_order_sha= motion_cols_sha= donor=None cover=exact:0,fallback:0,cycle:0,cross_seg:0 gate=none num_steps=10 act_sha=45d847f59c8cd347 infer_ms=67.5
INFO:mme_vla_suite.serving.websocket_policy_server:TIMING infer_ms=67.5
INFO:mme_vla_suite.serving.websocket_policy_server:TIMING add_buffer_ms=37.2 frames=16 exec_start_idx=0
MV_INFER cond=normal split=test task=VideoUnmaskSwap ep=3 ep_seq=10 infer_seq=21 t=536 es=216 k=0 motion_frames=- motion_emb_sha= motion_pos_sha= motion_mask= mem_order_sha= motion_cols_sha= donor=None cover=exact:0,fallback:0,cycle:0,cross_seg:0 gate=none num_steps=10 act_sha=55d44f1e1c5f0305 infer_ms=67.4
INFO:mme_vla_suite.serving.websocket_policy_server:TIMING infer_ms=67.4
INFO:mme_vla_suite.serving.websocket_policy_server:TIMING add_buffer_ms=36.9 frames=16 exec_start_idx=0
MV_INFER cond=normal split=test task=VideoUnmaskSwap ep=3 ep_seq=10 infer_seq=22 t=552 es=216 k=0 motion_frames=- motion_emb_sha= motion_pos_sha= motion_mask= mem_order_sha= motion_cols_sha= donor=None cover=exact:0,fallback:0,cycle:0,cross_seg:0 gate=none num_steps=10 act_sha=b5c47c858efc4bec infer_ms=67.3
INFO:mme_vla_suite.serving.websocket_policy_server:TIMING infer_ms=67.3
INFO:mme_vla_suite.serving.websocket_policy_server:TIMING add_buffer_ms=39.4 frames=16 exec_start_idx=0
MV_INFER cond=normal split=test task=VideoUnmaskSwap ep=3 ep_seq=10 infer_seq=23 t=568 es=216 k=0 motion_frames=- motion_emb_sha= motion_pos_sha= motion_mask= mem_order_sha= motion_cols_sha= donor=None cover=exact:0,fallback:0,cycle:0,cross_seg:0 gate=none num_steps=10 act_sha=e8ea3f3891d7edad infer_ms=67.4
INFO:mme_vla_suite.serving.websocket_policy_server:TIMING infer_ms=67.4
INFO:mme_vla_suite.serving.websocket_policy_server:TIMING add_buffer_ms=39.2 frames=16 exec_start_idx=0
MV_INFER cond=normal split=test task=VideoUnmaskSwap ep=3 ep_seq=10 infer_seq=24 t=584 es=216 k=0 motion_frames=- motion_emb_sha= motion_pos_sha= motion_mask= mem_order_sha= motion_cols_sha= donor=None cover=exact:0,fallback:0,cycle:0,cross_seg:0 gate=none num_steps=10 act_sha=9a80dc30136fd9bd infer_ms=67.9
INFO:mme_vla_suite.serving.websocket_policy_server:TIMING infer_ms=67.9
INFO:mme_vla_suite.serving.websocket_policy_server:TIMING add_buffer_ms=37.5 frames=16 exec_start_idx=0
MV_INFER cond=normal split=test task=VideoUnmaskSwap ep=3 ep_seq=10 infer_seq=25 t=600 es=216 k=0 motion_frames=- motion_emb_sha= motion_pos_sha= motion_mask= mem_order_sha= motion_cols_sha= donor=None cover=exact:0,fallback:0,cycle:0,cross_seg:0 gate=none num_steps=10 act_sha=5786b5dba5c153fa infer_ms=67.3
INFO:mme_vla_suite.serving.websocket_policy_server:TIMING infer_ms=67.3
INFO:mme_vla_suite.serving.websocket_policy_server:TIMING add_buffer_ms=36.9 frames=16 exec_start_idx=0
MV_INFER cond=normal split=test task=VideoUnmaskSwap ep=3 ep_seq=10 infer_seq=26 t=616 es=216 k=0 motion_frames=- motion_emb_sha= motion_pos_sha= motion_mask= mem_order_sha= motion_cols_sha= donor=None cover=exact:0,fallback:0,cycle:0,cross_seg:0 gate=none num_steps=10 act_sha=d0d129219eb32a55 infer_ms=67.3
INFO:mme_vla_suite.serving.websocket_policy_server:TIMING infer_ms=67.3
INFO:mme_vla_suite.serving.websocket_policy_server:TIMING add_buffer_ms=39.0 frames=16 exec_start_idx=0
MV_INFER cond=normal split=test task=VideoUnmaskSwap ep=3 ep_seq=10 infer_seq=27 t=632 es=216 k=0 motion_frames=- motion_emb_sha= motion_pos_sha= motion_mask= mem_order_sha= motion_cols_sha= donor=None cover=exact:0,fallback:0,cycle:0,cross_seg:0 gate=none num_steps=10 act_sha=f44b6cb1213eaeb4 infer_ms=67.3
INFO:mme_vla_suite.serving.websocket_policy_server:TIMING infer_ms=67.3
INFO:mme_vla_suite.serving.websocket_policy_server:TIMING add_buffer_ms=37.8 frames=16 exec_start_idx=0
MV_INFER cond=normal split=test task=VideoUnmaskSwap ep=3 ep_seq=10 infer_seq=28 t=648 es=216 k=0 motion_frames=- motion_emb_sha= motion_pos_sha= motion_mask= mem_order_sha= motion_cols_sha= donor=None cover=exact:0,fallback:0,cycle:0,cross_seg:0 gate=none num_steps=10 act_sha=eb2bd42a21f916a5 infer_ms=67.2
INFO:mme_vla_suite.serving.websocket_policy_server:TIMING infer_ms=67.2
INFO:mme_vla_suite.serving.websocket_policy_server:TIMING add_buffer_ms=37.2 frames=16 exec_start_idx=0
MV_INFER cond=normal split=test task=VideoUnmaskSwap ep=3 ep_seq=10 infer_seq=29 t=664 es=216 k=0 motion_frames=- motion_emb_sha= motion_pos_sha= motion_mask= mem_order_sha= motion_cols_sha= donor=None cover=exact:0,fallback:0,cycle:0,cross_seg:0 gate=none num_steps=10 act_sha=a95bc5a28d951dac infer_ms=67.9
INFO:mme_vla_suite.serving.websocket_policy_server:TIMING infer_ms=67.9
INFO:mme_vla_suite.serving.websocket_policy_server:TIMING add_buffer_ms=40.7 frames=16 exec_start_idx=0
MV_INFER cond=normal split=test task=VideoUnmaskSwap ep=3 ep_seq=10 infer_seq=30 t=680 es=216 k=0 motion_frames=- motion_emb_sha= motion_pos_sha= motion_mask= mem_order_sha= motion_cols_sha= donor=None cover=exact:0,fallback:0,cycle:0,cross_seg:0 gate=none num_steps=10 act_sha=19e38977dc238474 infer_ms=67.2
INFO:mme_vla_suite.serving.websocket_policy_server:TIMING infer_ms=67.2
INFO:mme_vla_suite.serving.websocket_policy_server:TIMING add_buffer_ms=40.5 frames=16 exec_start_idx=0
MV_INFER cond=normal split=test task=VideoUnmaskSwap ep=3 ep_seq=10 infer_seq=31 t=696 es=216 k=0 motion_frames=- motion_emb_sha= motion_pos_sha= motion_mask= mem_order_sha= motion_cols_sha= donor=None cover=exact:0,fallback:0,cycle:0,cross_seg:0 gate=none num_steps=10 act_sha=a93d5beab7506e2e infer_ms=67.2
INFO:mme_vla_suite.serving.websocket_policy_server:TIMING infer_ms=67.2
INFO:mme_vla_suite.serving.websocket_policy_server:TIMING add_buffer_ms=37.8 frames=16 exec_start_idx=0
MV_INFER cond=normal split=test task=VideoUnmaskSwap ep=3 ep_seq=10 infer_seq=32 t=712 es=216 k=0 motion_frames=- motion_emb_sha= motion_pos_sha= motion_mask= mem_order_sha= motion_cols_sha= donor=None cover=exact:0,fallback:0,cycle:0,cross_seg:0 gate=none num_steps=10 act_sha=9c76703e25bf7ccf infer_ms=67.6
INFO:mme_vla_suite.serving.websocket_policy_server:TIMING infer_ms=67.6
INFO:mme_vla_suite.serving.websocket_policy_server:TIMING add_buffer_ms=36.7 frames=16 exec_start_idx=0
MV_INFER cond=normal split=test task=VideoUnmaskSwap ep=3 ep_seq=10 infer_seq=33 t=728 es=216 k=0 motion_frames=- motion_emb_sha= motion_pos_sha= motion_mask= mem_order_sha= motion_cols_sha= donor=None cover=exact:0,fallback:0,cycle:0,cross_seg:0 gate=none num_steps=10 act_sha=cd7d441cabc78597 infer_ms=68.2
INFO:mme_vla_suite.serving.websocket_policy_server:TIMING infer_ms=68.2
INFO:mme_vla_suite.serving.websocket_policy_server:TIMING add_buffer_ms=36.9 frames=16 exec_start_idx=0
MV_INFER cond=normal split=test task=VideoUnmaskSwap ep=3 ep_seq=10 infer_seq=34 t=744 es=216 k=0 motion_frames=- motion_emb_sha= motion_pos_sha= motion_mask= mem_order_sha= motion_cols_sha= donor=None cover=exact:0,fallback:0,cycle:0,cross_seg:0 gate=none num_steps=10 act_sha=26d7d7cae6c4339e infer_ms=67.4
INFO:mme_vla_suite.serving.websocket_policy_server:TIMING infer_ms=67.4
INFO:mme_vla_suite.serving.websocket_policy_server:TIMING add_buffer_ms=39.2 frames=16 exec_start_idx=0
MV_INFER cond=normal split=test task=VideoUnmaskSwap ep=3 ep_seq=10 infer_seq=35 t=760 es=216 k=0 motion_frames=- motion_emb_sha= motion_pos_sha= motion_mask= mem_order_sha= motion_cols_sha= donor=None cover=exact:0,fallback:0,cycle:0,cross_seg:0 gate=none num_steps=10 act_sha=9302dd323ff93a5b infer_ms=67.4
INFO:mme_vla_suite.serving.websocket_policy_server:TIMING infer_ms=67.4
INFO:mme_vla_suite.serving.websocket_policy_server:TIMING add_buffer_ms=37.1 frames=16 exec_start_idx=0
MV_INFER cond=normal split=test task=VideoUnmaskSwap ep=3 ep_seq=10 infer_seq=36 t=776 es=216 k=0 motion_frames=- motion_emb_sha= motion_pos_sha= motion_mask= mem_order_sha= motion_cols_sha= donor=None cover=exact:0,fallback:0,cycle:0,cross_seg:0 gate=none num_steps=10 act_sha=0f7820cd8ffd8268 infer_ms=67.5
INFO:mme_vla_suite.serving.websocket_policy_server:TIMING infer_ms=67.5
INFO:mme_vla_suite.serving.websocket_policy_server:TIMING add_buffer_ms=39.1 frames=16 exec_start_idx=0
MV_INFER cond=normal split=test task=VideoUnmaskSwap ep=3 ep_seq=10 infer_seq=37 t=792 es=216 k=0 motion_frames=- motion_emb_sha= motion_pos_sha= motion_mask= mem_order_sha= motion_cols_sha= donor=None cover=exact:0,fallback:0,cycle:0,cross_seg:0 gate=none num_steps=10 act_sha=a89a8594cfc1300c infer_ms=67.4
INFO:mme_vla_suite.serving.websocket_policy_server:TIMING infer_ms=67.4
INFO:mme_vla_suite.serving.websocket_policy_server:TIMING add_buffer_ms=40.2 frames=16 exec_start_idx=0
MV_INFER cond=normal split=test task=VideoUnmaskSwap ep=3 ep_seq=10 infer_seq=38 t=808 es=216 k=0 motion_frames=- motion_emb_sha= motion_pos_sha= motion_mask= mem_order_sha= motion_cols_sha= donor=None cover=exact:0,fallback:0,cycle:0,cross_seg:0 gate=none num_steps=10 act_sha=678d9dfdc7bc6ad4 infer_ms=67.4
INFO:mme_vla_suite.serving.websocket_policy_server:TIMING infer_ms=67.4
INFO:mme_vla_suite.serving.websocket_policy_server:TIMING add_buffer_ms=39.9 frames=16 exec_start_idx=0
MV_INFER cond=normal split=test task=VideoUnmaskSwap ep=3 ep_seq=10 infer_seq=39 t=824 es=216 k=0 motion_frames=- motion_emb_sha= motion_pos_sha= motion_mask= mem_order_sha= motion_cols_sha= donor=None cover=exact:0,fallback:0,cycle:0,cross_seg:0 gate=none num_steps=10 act_sha=0276809294ea3227 infer_ms=67.3
INFO:mme_vla_suite.serving.websocket_policy_server:TIMING infer_ms=67.3
INFO:mme_vla_suite.serving.websocket_policy_server:TIMING add_buffer_ms=37.4 frames=16 exec_start_idx=0
MV_INFER cond=normal split=test task=VideoUnmaskSwap ep=3 ep_seq=10 infer_seq=40 t=840 es=216 k=0 motion_frames=- motion_emb_sha= motion_pos_sha= motion_mask= mem_order_sha= motion_cols_sha= donor=None cover=exact:0,fallback:0,cycle:0,cross_seg:0 gate=none num_steps=10 act_sha=fa806a57a7445227 infer_ms=67.4
INFO:mme_vla_suite.serving.websocket_policy_server:TIMING infer_ms=67.4
INFO:mme_vla_suite.serving.websocket_policy_server:TIMING add_buffer_ms=39.6 frames=16 exec_start_idx=0
MV_INFER cond=normal split=test task=VideoUnmaskSwap ep=3 ep_seq=10 infer_seq=41 t=856 es=216 k=0 motion_frames=- motion_emb_sha= motion_pos_sha= motion_mask= mem_order_sha= motion_cols_sha= donor=None cover=exact:0,fallback:0,cycle:0,cross_seg:0 gate=none num_steps=10 act_sha=1ca8057f7b1f71d0 infer_ms=67.4
INFO:mme_vla_suite.serving.websocket_policy_server:TIMING infer_ms=67.4
INFO:mme_vla_suite.serving.websocket_policy_server:TIMING add_buffer_ms=37.6 frames=16 exec_start_idx=0
MV_INFER cond=normal split=test task=VideoUnmaskSwap ep=3 ep_seq=10 infer_seq=42 t=872 es=216 k=0 motion_frames=- motion_emb_sha= motion_pos_sha= motion_mask= mem_order_sha= motion_cols_sha= donor=None cover=exact:0,fallback:0,cycle:0,cross_seg:0 gate=none num_steps=10 act_sha=3d2da936ff98d30c infer_ms=67.4
INFO:mme_vla_suite.serving.websocket_policy_server:TIMING infer_ms=67.4
INFO:mme_vla_suite.serving.websocket_policy_server:TIMING add_buffer_ms=36.9 frames=16 exec_start_idx=0
MV_INFER cond=normal split=test task=VideoUnmaskSwap ep=3 ep_seq=10 infer_seq=43 t=888 es=216 k=0 motion_frames=- motion_emb_sha= motion_pos_sha= motion_mask= mem_order_sha= motion_cols_sha= donor=None cover=exact:0,fallback:0,cycle:0,cross_seg:0 gate=none num_steps=10 act_sha=9cdf81b569e21d10 infer_ms=67.3
INFO:mme_vla_suite.serving.websocket_policy_server:TIMING infer_ms=67.3
INFO:mme_vla_suite.serving.websocket_policy_server:TIMING add_buffer_ms=39.1 frames=16 exec_start_idx=0
MV_INFER cond=normal split=test task=VideoUnmaskSwap ep=3 ep_seq=10 infer_seq=44 t=904 es=216 k=0 motion_frames=- motion_emb_sha= motion_pos_sha= motion_mask= mem_order_sha= motion_cols_sha= donor=None cover=exact:0,fallback:0,cycle:0,cross_seg:0 gate=none num_steps=10 act_sha=948a7f1249dff9f2 infer_ms=67.5
INFO:mme_vla_suite.serving.websocket_policy_server:TIMING infer_ms=67.5
INFO:mme_vla_suite.serving.websocket_policy_server:TIMING add_buffer_ms=37.0 frames=16 exec_start_idx=0
MV_INFER cond=normal split=test task=VideoUnmaskSwap ep=3 ep_seq=10 infer_seq=45 t=920 es=216 k=0 motion_frames=- motion_emb_sha= motion_pos_sha= motion_mask= mem_order_sha= motion_cols_sha= donor=None cover=exact:0,fallback:0,cycle:0,cross_seg:0 gate=none num_steps=10 act_sha=0c38196f172c5393 infer_ms=67.6
INFO:mme_vla_suite.serving.websocket_policy_server:TIMING infer_ms=67.6
INFO:mme_vla_suite.serving.websocket_policy_server:TIMING add_buffer_ms=37.1 frames=16 exec_start_idx=0
MV_INFER cond=normal split=test task=VideoUnmaskSwap ep=3 ep_seq=10 infer_seq=46 t=936 es=216 k=0 motion_frames=- motion_emb_sha= motion_pos_sha= motion_mask= mem_order_sha= motion_cols_sha= donor=None cover=exact:0,fallback:0,cycle:0,cross_seg:0 gate=none num_steps=10 act_sha=58bd7cc64ad2ebe2 infer_ms=67.7
INFO:mme_vla_suite.serving.websocket_policy_server:TIMING infer_ms=67.7
INFO:mme_vla_suite.serving.websocket_policy_server:TIMING add_buffer_ms=40.3 frames=16 exec_start_idx=0
MV_INFER cond=normal split=test task=VideoUnmaskSwap ep=3 ep_seq=10 infer_seq=47 t=952 es=216 k=0 motion_frames=- motion_emb_sha= motion_pos_sha= motion_mask= mem_order_sha= motion_cols_sha= donor=None cover=exact:0,fallback:0,cycle:0,cross_seg:0 gate=none num_steps=10 act_sha=ac1eb25cdb06c83f infer_ms=67.7
INFO:mme_vla_suite.serving.websocket_policy_server:TIMING infer_ms=67.7
INFO:mme_vla_suite.serving.websocket_policy_server:TIMING add_buffer_ms=38.1 frames=16 exec_start_idx=0
MV_INFER cond=normal split=test task=VideoUnmaskSwap ep=3 ep_seq=10 infer_seq=48 t=968 es=216 k=0 motion_frames=- motion_emb_sha= motion_pos_sha= motion_mask= mem_order_sha= motion_cols_sha= donor=None cover=exact:0,fallback:0,cycle:0,cross_seg:0 gate=none num_steps=10 act_sha=f207774c83686ec9 infer_ms=67.7
INFO:mme_vla_suite.serving.websocket_policy_server:TIMING infer_ms=67.7
INFO:mme_vla_suite.serving.websocket_policy_server:TIMING add_buffer_ms=38.6 frames=16 exec_start_idx=0
MV_INFER cond=normal split=test task=VideoUnmaskSwap ep=3 ep_seq=10 infer_seq=49 t=984 es=216 k=0 motion_frames=- motion_emb_sha= motion_pos_sha= motion_mask= mem_order_sha= motion_cols_sha= donor=None cover=exact:0,fallback:0,cycle:0,cross_seg:0 gate=none num_steps=10 act_sha=5380eb4822726e70 infer_ms=67.8
INFO:mme_vla_suite.serving.websocket_policy_server:TIMING infer_ms=67.8
INFO:mme_vla_suite.serving.websocket_policy_server:TIMING add_buffer_ms=41.0 frames=16 exec_start_idx=0
MV_INFER cond=normal split=test task=VideoUnmaskSwap ep=3 ep_seq=10 infer_seq=50 t=1000 es=216 k=0 motion_frames=- motion_emb_sha= motion_pos_sha= motion_mask= mem_order_sha= motion_cols_sha= donor=None cover=exact:0,fallback:0,cycle:0,cross_seg:0 gate=none num_steps=10 act_sha=bd80337db0b33357 infer_ms=68.4
INFO:mme_vla_suite.serving.websocket_policy_server:TIMING infer_ms=68.4
INFO:mme_vla_suite.serving.websocket_policy_server:TIMING add_buffer_ms=41.9 frames=16 exec_start_idx=0
MV_INFER cond=normal split=test task=VideoUnmaskSwap ep=3 ep_seq=10 infer_seq=51 t=1016 es=216 k=0 motion_frames=- motion_emb_sha= motion_pos_sha= motion_mask= mem_order_sha= motion_cols_sha= donor=None cover=exact:0,fallback:0,cycle:0,cross_seg:0 gate=none num_steps=10 act_sha=50f0ac0e0b2f909e infer_ms=68.0
INFO:mme_vla_suite.serving.websocket_policy_server:TIMING infer_ms=68.0
INFO:mme_vla_suite.serving.websocket_policy_server:TIMING add_buffer_ms=37.6 frames=16 exec_start_idx=0
MV_INFER cond=normal split=test task=VideoUnmaskSwap ep=3 ep_seq=10 infer_seq=52 t=1032 es=216 k=0 motion_frames=- motion_emb_sha= motion_pos_sha= motion_mask= mem_order_sha= motion_cols_sha= donor=None cover=exact:0,fallback:0,cycle:0,cross_seg:0 gate=none num_steps=10 act_sha=3bdbef467ef9f393 infer_ms=67.7
INFO:mme_vla_suite.serving.websocket_policy_server:TIMING infer_ms=67.7
INFO:mme_vla_suite.serving.websocket_policy_server:TIMING add_buffer_ms=37.2 frames=16 exec_start_idx=0
MV_INFER cond=normal split=test task=VideoUnmaskSwap ep=3 ep_seq=10 infer_seq=53 t=1048 es=216 k=0 motion_frames=- motion_emb_sha= motion_pos_sha= motion_mask= mem_order_sha= motion_cols_sha= donor=None cover=exact:0,fallback:0,cycle:0,cross_seg:0 gate=none num_steps=10 act_sha=ed610b16b6c5010c infer_ms=67.6
INFO:mme_vla_suite.serving.websocket_policy_server:TIMING infer_ms=67.6
INFO:mme_vla_suite.serving.websocket_policy_server:TIMING add_buffer_ms=37.4 frames=16 exec_start_idx=0
MV_INFER cond=normal split=test task=VideoUnmaskSwap ep=3 ep_seq=10 infer_seq=54 t=1064 es=216 k=0 motion_frames=- motion_emb_sha= motion_pos_sha= motion_mask= mem_order_sha= motion_cols_sha= donor=None cover=exact:0,fallback:0,cycle:0,cross_seg:0 gate=none num_steps=10 act_sha=503fec7529ca2caf infer_ms=67.8
INFO:mme_vla_suite.serving.websocket_policy_server:TIMING infer_ms=67.8
INFO:mme_vla_suite.serving.websocket_policy_server:TIMING add_buffer_ms=41.9 frames=16 exec_start_idx=0
MV_INFER cond=normal split=test task=VideoUnmaskSwap ep=3 ep_seq=10 infer_seq=55 t=1080 es=216 k=0 motion_frames=- motion_emb_sha= motion_pos_sha= motion_mask= mem_order_sha= motion_cols_sha= donor=None cover=exact:0,fallback:0,cycle:0,cross_seg:0 gate=none num_steps=10 act_sha=736f70ae50b42cab infer_ms=68.5
INFO:mme_vla_suite.serving.websocket_policy_server:TIMING infer_ms=68.5
INFO:mme_vla_suite.serving.websocket_policy_server:TIMING add_buffer_ms=39.3 frames=16 exec_start_idx=0
MV_INFER cond=normal split=test task=VideoUnmaskSwap ep=3 ep_seq=10 infer_seq=56 t=1096 es=216 k=0 motion_frames=- motion_emb_sha= motion_pos_sha= motion_mask= mem_order_sha= motion_cols_sha= donor=None cover=exact:0,fallback:0,cycle:0,cross_seg:0 gate=none num_steps=10 act_sha=fb40bd810ac716bc infer_ms=67.4
INFO:mme_vla_suite.serving.websocket_policy_server:TIMING infer_ms=67.4
INFO:mme_vla_suite.serving.websocket_policy_server:TIMING add_buffer_ms=40.0 frames=16 exec_start_idx=0
MV_INFER cond=normal split=test task=VideoUnmaskSwap ep=3 ep_seq=10 infer_seq=57 t=1112 es=216 k=0 motion_frames=- motion_emb_sha= motion_pos_sha= motion_mask= mem_order_sha= motion_cols_sha= donor=None cover=exact:0,fallback:0,cycle:0,cross_seg:0 gate=none num_steps=10 act_sha=b77ac4ab229a5bb7 infer_ms=67.4
INFO:mme_vla_suite.serving.websocket_policy_server:TIMING infer_ms=67.4
INFO:mme_vla_suite.serving.websocket_policy_server:TIMING add_buffer_ms=41.8 frames=16 exec_start_idx=0
MV_INFER cond=normal split=test task=VideoUnmaskSwap ep=3 ep_seq=10 infer_seq=58 t=1128 es=216 k=0 motion_frames=- motion_emb_sha= motion_pos_sha= motion_mask= mem_order_sha= motion_cols_sha= donor=None cover=exact:0,fallback:0,cycle:0,cross_seg:0 gate=none num_steps=10 act_sha=b77ec6653aa1bd75 infer_ms=67.6
INFO:mme_vla_suite.serving.websocket_policy_server:TIMING infer_ms=67.6
INFO:mme_vla_suite.serving.websocket_policy_server:TIMING add_buffer_ms=38.7 frames=16 exec_start_idx=0
MV_INFER cond=normal split=test task=VideoUnmaskSwap ep=3 ep_seq=10 infer_seq=59 t=1144 es=216 k=0 motion_frames=- motion_emb_sha= motion_pos_sha= motion_mask= mem_order_sha= motion_cols_sha= donor=None cover=exact:0,fallback:0,cycle:0,cross_seg:0 gate=none num_steps=10 act_sha=c7e1b425bc99a4a4 infer_ms=67.7
INFO:mme_vla_suite.serving.websocket_policy_server:TIMING infer_ms=67.7
INFO:mme_vla_suite.serving.websocket_policy_server:TIMING add_buffer_ms=39.1 frames=16 exec_start_idx=0
MV_INFER cond=normal split=test task=VideoUnmaskSwap ep=3 ep_seq=10 infer_seq=60 t=1160 es=216 k=0 motion_frames=- motion_emb_sha= motion_pos_sha= motion_mask= mem_order_sha= motion_cols_sha= donor=None cover=exact:0,fallback:0,cycle:0,cross_seg:0 gate=none num_steps=10 act_sha=9fc6daecf55523a4 infer_ms=68.1
INFO:mme_vla_suite.serving.websocket_policy_server:TIMING infer_ms=68.1
INFO:mme_vla_suite.serving.websocket_policy_server:TIMING add_buffer_ms=38.4 frames=16 exec_start_idx=0
MV_INFER cond=normal split=test task=VideoUnmaskSwap ep=3 ep_seq=10 infer_seq=61 t=1176 es=216 k=0 motion_frames=- motion_emb_sha= motion_pos_sha= motion_mask= mem_order_sha= motion_cols_sha= donor=None cover=exact:0,fallback:0,cycle:0,cross_seg:0 gate=none num_steps=10 act_sha=0141b98f0c9993b5 infer_ms=67.5
INFO:mme_vla_suite.serving.websocket_policy_server:TIMING infer_ms=67.5
INFO:mme_vla_suite.serving.websocket_policy_server:TIMING add_buffer_ms=37.1 frames=16 exec_start_idx=0
MV_INFER cond=normal split=test task=VideoUnmaskSwap ep=3 ep_seq=10 infer_seq=62 t=1192 es=216 k=0 motion_frames=- motion_emb_sha= motion_pos_sha= motion_mask= mem_order_sha= motion_cols_sha= donor=None cover=exact:0,fallback:0,cycle:0,cross_seg:0 gate=none num_steps=10 act_sha=fb13f02771fc37bb infer_ms=67.5
INFO:mme_vla_suite.serving.websocket_policy_server:TIMING infer_ms=67.5
INFO:mme_vla_suite.serving.websocket_policy_server:TIMING add_buffer_ms=37.1 frames=16 exec_start_idx=0
MV_INFER cond=normal split=test task=VideoUnmaskSwap ep=3 ep_seq=10 infer_seq=63 t=1208 es=216 k=0 motion_frames=- motion_emb_sha= motion_pos_sha= motion_mask= mem_order_sha= motion_cols_sha= donor=None cover=exact:0,fallback:0,cycle:0,cross_seg:0 gate=none num_steps=10 act_sha=eaa5220d25715d2c infer_ms=67.7
INFO:mme_vla_suite.serving.websocket_policy_server:TIMING infer_ms=67.7
INFO:mme_vla_suite.serving.websocket_policy_server:TIMING add_buffer_ms=39.1 frames=16 exec_start_idx=0
MV_INFER cond=normal split=test task=VideoUnmaskSwap ep=3 ep_seq=10 infer_seq=64 t=1224 es=216 k=0 motion_frames=- motion_emb_sha= motion_pos_sha= motion_mask= mem_order_sha= motion_cols_sha= donor=None cover=exact:0,fallback:0,cycle:0,cross_seg:0 gate=none num_steps=10 act_sha=91e354cbb86287f1 infer_ms=67.3
INFO:mme_vla_suite.serving.websocket_policy_server:TIMING infer_ms=67.3
INFO:mme_vla_suite.serving.websocket_policy_server:TIMING add_buffer_ms=37.2 frames=16 exec_start_idx=0
MV_INFER cond=normal split=test task=VideoUnmaskSwap ep=3 ep_seq=10 infer_seq=65 t=1240 es=216 k=0 motion_frames=- motion_emb_sha= motion_pos_sha= motion_mask= mem_order_sha= motion_cols_sha= donor=None cover=exact:0,fallback:0,cycle:0,cross_seg:0 gate=none num_steps=10 act_sha=fed9ca30d5e79dd3 infer_ms=67.4
INFO:mme_vla_suite.serving.websocket_policy_server:TIMING infer_ms=67.4
INFO:mme_vla_suite.serving.websocket_policy_server:TIMING add_buffer_ms=37.2 frames=16 exec_start_idx=0
MV_INFER cond=normal split=test task=VideoUnmaskSwap ep=3 ep_seq=10 infer_seq=66 t=1256 es=216 k=0 motion_frames=- motion_emb_sha= motion_pos_sha= motion_mask= mem_order_sha= motion_cols_sha= donor=None cover=exact:0,fallback:0,cycle:0,cross_seg:0 gate=none num_steps=10 act_sha=4e25e97f81c75de5 infer_ms=67.6
INFO:mme_vla_suite.serving.websocket_policy_server:TIMING infer_ms=67.6
INFO:mme_vla_suite.serving.websocket_policy_server:TIMING add_buffer_ms=39.7 frames=16 exec_start_idx=0
MV_INFER cond=normal split=test task=VideoUnmaskSwap ep=3 ep_seq=10 infer_seq=67 t=1272 es=216 k=0 motion_frames=- motion_emb_sha= motion_pos_sha= motion_mask= mem_order_sha= motion_cols_sha= donor=None cover=exact:0,fallback:0,cycle:0,cross_seg:0 gate=none num_steps=10 act_sha=3ae364e3b248b1a0 infer_ms=67.3
INFO:mme_vla_suite.serving.websocket_policy_server:TIMING infer_ms=67.3
INFO:mme_vla_suite.serving.websocket_policy_server:TIMING add_buffer_ms=39.3 frames=16 exec_start_idx=0
MV_INFER cond=normal split=test task=VideoUnmaskSwap ep=3 ep_seq=10 infer_seq=68 t=1288 es=216 k=0 motion_frames=- motion_emb_sha= motion_pos_sha= motion_mask= mem_order_sha= motion_cols_sha= donor=None cover=exact:0,fallback:0,cycle:0,cross_seg:0 gate=none num_steps=10 act_sha=9f9d75371e11b0f9 infer_ms=67.4
INFO:mme_vla_suite.serving.websocket_policy_server:TIMING infer_ms=67.4
INFO:mme_vla_suite.serving.websocket_policy_server:TIMING add_buffer_ms=37.3 frames=16 exec_start_idx=0
MV_INFER cond=normal split=test task=VideoUnmaskSwap ep=3 ep_seq=10 infer_seq=69 t=1304 es=216 k=0 motion_frames=- motion_emb_sha= motion_pos_sha= motion_mask= mem_order_sha= motion_cols_sha= donor=None cover=exact:0,fallback:0,cycle:0,cross_seg:0 gate=none num_steps=10 act_sha=728b877603417fb1 infer_ms=67.5
INFO:mme_vla_suite.serving.websocket_policy_server:TIMING infer_ms=67.5
INFO:mme_vla_suite.serving.websocket_policy_server:TIMING add_buffer_ms=37.6 frames=16 exec_start_idx=0
MV_INFER cond=normal split=test task=VideoUnmaskSwap ep=3 ep_seq=10 infer_seq=70 t=1320 es=216 k=0 motion_frames=- motion_emb_sha= motion_pos_sha= motion_mask= mem_order_sha= motion_cols_sha= donor=None cover=exact:0,fallback:0,cycle:0,cross_seg:0 gate=none num_steps=10 act_sha=97dcda1ef988bee2 infer_ms=67.4
INFO:mme_vla_suite.serving.websocket_policy_server:TIMING infer_ms=67.4
INFO:mme_vla_suite.serving.websocket_policy_server:TIMING add_buffer_ms=39.8 frames=16 exec_start_idx=0
MV_INFER cond=normal split=test task=VideoUnmaskSwap ep=3 ep_seq=10 infer_seq=71 t=1336 es=216 k=0 motion_frames=- motion_emb_sha= motion_pos_sha= motion_mask= mem_order_sha= motion_cols_sha= donor=None cover=exact:0,fallback:0,cycle:0,cross_seg:0 gate=none num_steps=10 act_sha=f25c5aa1a74b5e68 infer_ms=67.4
INFO:mme_vla_suite.serving.websocket_policy_server:TIMING infer_ms=67.4
INFO:mme_vla_suite.serving.websocket_policy_server:TIMING add_buffer_ms=39.4 frames=16 exec_start_idx=0
MV_INFER cond=normal split=test task=VideoUnmaskSwap ep=3 ep_seq=10 infer_seq=72 t=1352 es=216 k=0 motion_frames=- motion_emb_sha= motion_pos_sha= motion_mask= mem_order_sha= motion_cols_sha= donor=None cover=exact:0,fallback:0,cycle:0,cross_seg:0 gate=none num_steps=10 act_sha=a37bf1e54b89cb2f infer_ms=68.0
INFO:mme_vla_suite.serving.websocket_policy_server:TIMING infer_ms=68.0
INFO:mme_vla_suite.serving.websocket_policy_server:TIMING add_buffer_ms=37.2 frames=16 exec_start_idx=0
MV_INFER cond=normal split=test task=VideoUnmaskSwap ep=3 ep_seq=10 infer_seq=73 t=1368 es=216 k=0 motion_frames=- motion_emb_sha= motion_pos_sha= motion_mask= mem_order_sha= motion_cols_sha= donor=None cover=exact:0,fallback:0,cycle:0,cross_seg:0 gate=none num_steps=10 act_sha=c28ee87aafecc3ad infer_ms=67.4
INFO:mme_vla_suite.serving.websocket_policy_server:TIMING infer_ms=67.4
INFO:mme_vla_suite.serving.websocket_policy_server:TIMING add_buffer_ms=36.8 frames=16 exec_start_idx=0
MV_INFER cond=normal split=test task=VideoUnmaskSwap ep=3 ep_seq=10 infer_seq=74 t=1384 es=216 k=0 motion_frames=- motion_emb_sha= motion_pos_sha= motion_mask= mem_order_sha= motion_cols_sha= donor=None cover=exact:0,fallback:0,cycle:0,cross_seg:0 gate=none num_steps=10 act_sha=acdb230c28e8c4a9 infer_ms=67.9
INFO:mme_vla_suite.serving.websocket_policy_server:TIMING infer_ms=67.9
INFO:mme_vla_suite.serving.websocket_policy_server:TIMING add_buffer_ms=36.9 frames=16 exec_start_idx=0
MV_INFER cond=normal split=test task=VideoUnmaskSwap ep=3 ep_seq=10 infer_seq=75 t=1400 es=216 k=0 motion_frames=- motion_emb_sha= motion_pos_sha= motion_mask= mem_order_sha= motion_cols_sha= donor=None cover=exact:0,fallback:0,cycle:0,cross_seg:0 gate=none num_steps=10 act_sha=8ae1f7b6de5afdbb infer_ms=67.8
INFO:mme_vla_suite.serving.websocket_policy_server:TIMING infer_ms=67.8
INFO:mme_vla_suite.serving.websocket_policy_server:TIMING add_buffer_ms=39.0 frames=16 exec_start_idx=0
MV_INFER cond=normal split=test task=VideoUnmaskSwap ep=3 ep_seq=10 infer_seq=76 t=1416 es=216 k=0 motion_frames=- motion_emb_sha= motion_pos_sha= motion_mask= mem_order_sha= motion_cols_sha= donor=None cover=exact:0,fallback:0,cycle:0,cross_seg:0 gate=none num_steps=10 act_sha=84686a5b2c245915 infer_ms=67.7
INFO:mme_vla_suite.serving.websocket_policy_server:TIMING infer_ms=67.7
INFO:mme_vla_suite.serving.websocket_policy_server:TIMING add_buffer_ms=39.8 frames=16 exec_start_idx=0
MV_INFER cond=normal split=test task=VideoUnmaskSwap ep=3 ep_seq=10 infer_seq=77 t=1432 es=216 k=0 motion_frames=- motion_emb_sha= motion_pos_sha= motion_mask= mem_order_sha= motion_cols_sha= donor=None cover=exact:0,fallback:0,cycle:0,cross_seg:0 gate=none num_steps=10 act_sha=0f1cc807b2027d55 infer_ms=68.0
INFO:mme_vla_suite.serving.websocket_policy_server:TIMING infer_ms=68.0
INFO:mme_vla_suite.serving.websocket_policy_server:TIMING add_buffer_ms=37.0 frames=16 exec_start_idx=0
MV_INFER cond=normal split=test task=VideoUnmaskSwap ep=3 ep_seq=10 infer_seq=78 t=1448 es=216 k=0 motion_frames=- motion_emb_sha= motion_pos_sha= motion_mask= mem_order_sha= motion_cols_sha= donor=None cover=exact:0,fallback:0,cycle:0,cross_seg:0 gate=none num_steps=10 act_sha=0a3dd91472b84fbf infer_ms=67.4
INFO:mme_vla_suite.serving.websocket_policy_server:TIMING infer_ms=67.4
INFO:mme_vla_suite.serving.websocket_policy_server:TIMING add_buffer_ms=37.5 frames=16 exec_start_idx=0
MV_INFER cond=normal split=test task=VideoUnmaskSwap ep=3 ep_seq=10 infer_seq=79 t=1464 es=216 k=0 motion_frames=- motion_emb_sha= motion_pos_sha= motion_mask= mem_order_sha= motion_cols_sha= donor=None cover=exact:0,fallback:0,cycle:0,cross_seg:0 gate=none num_steps=10 act_sha=34963ecb50736f66 infer_ms=67.4
INFO:mme_vla_suite.serving.websocket_policy_server:TIMING infer_ms=67.4
INFO:mme_vla_suite.serving.websocket_policy_server:TIMING add_buffer_ms=38.0 frames=16 exec_start_idx=0
MV_INFER cond=normal split=test task=VideoUnmaskSwap ep=3 ep_seq=10 infer_seq=80 t=1480 es=216 k=0 motion_frames=- motion_emb_sha= motion_pos_sha= motion_mask= mem_order_sha= motion_cols_sha= donor=None cover=exact:0,fallback:0,cycle:0,cross_seg:0 gate=none num_steps=10 act_sha=a3eb319fc4f60efb infer_ms=68.3
INFO:mme_vla_suite.serving.websocket_policy_server:TIMING infer_ms=68.3
INFO:mme_vla_suite.serving.websocket_policy_server:TIMING add_buffer_ms=41.2 frames=16 exec_start_idx=0
MV_INFER cond=normal split=test task=VideoUnmaskSwap ep=3 ep_seq=10 infer_seq=81 t=1496 es=216 k=0 motion_frames=- motion_emb_sha= motion_pos_sha= motion_mask= mem_order_sha= motion_cols_sha= donor=None cover=exact:0,fallback:0,cycle:0,cross_seg:0 gate=none num_steps=10 act_sha=5ee6e4a84688c4f8 infer_ms=67.9
INFO:mme_vla_suite.serving.websocket_policy_server:TIMING infer_ms=67.9
INFO:mme_vla_suite.serving.websocket_policy_server:TIMING add_buffer_ms=38.1 frames=16 exec_start_idx=0
MV_INFER cond=normal split=test task=VideoUnmaskSwap ep=3 ep_seq=10 infer_seq=82 t=1512 es=216 k=0 motion_frames=- motion_emb_sha= motion_pos_sha= motion_mask= mem_order_sha= motion_cols_sha= donor=None cover=exact:0,fallback:0,cycle:0,cross_seg:0 gate=none num_steps=10 act_sha=42a6805b5f4cd833 infer_ms=67.8
INFO:mme_vla_suite.serving.websocket_policy_server:TIMING infer_ms=67.8
INFO:websockets.server:connection open
INFO:mme_vla_suite.serving.websocket_policy_server:Connection from ('127.0.0.1', 54572) opened
MV_EPISODE_END ep_seq=10 infers=82 windows=0 wall_s=38.6
MV_EPISODE_BEGIN cond=normal split=test seed=42 ep_seq=11 expect=VideoUnmaskSwap:7
INFO:mme_vla_suite.serving.websocket_policy_server:TIMING add_buffer_ms=476.9 frames=217 exec_start_idx=216
MV_INFER cond=normal split=test task=VideoUnmaskSwap ep=7 ep_seq=11 infer_seq=1 t=216 es=216 k=0 motion_frames=- motion_emb_sha= motion_pos_sha= motion_mask= mem_order_sha= motion_cols_sha= donor=None cover=exact:0,fallback:0,cycle:0,cross_seg:0 gate=none num_steps=10 act_sha=3b03d90ae90870a7 infer_ms=67.9
INFO:mme_vla_suite.serving.websocket_policy_server:TIMING infer_ms=67.9
INFO:mme_vla_suite.serving.websocket_policy_server:TIMING add_buffer_ms=36.1 frames=16 exec_start_idx=0
MV_INFER cond=normal split=test task=VideoUnmaskSwap ep=7 ep_seq=11 infer_seq=2 t=232 es=216 k=0 motion_frames=- motion_emb_sha= motion_pos_sha= motion_mask= mem_order_sha= motion_cols_sha= donor=None cover=exact:0,fallback:0,cycle:0,cross_seg:0 gate=none num_steps=10 act_sha=4d3affdc3aff83d9 infer_ms=67.2
INFO:mme_vla_suite.serving.websocket_policy_server:TIMING infer_ms=67.2
INFO:mme_vla_suite.serving.websocket_policy_server:TIMING add_buffer_ms=36.6 frames=16 exec_start_idx=0
MV_INFER cond=normal split=test task=VideoUnmaskSwap ep=7 ep_seq=11 infer_seq=3 t=248 es=216 k=0 motion_frames=- motion_emb_sha= motion_pos_sha= motion_mask= mem_order_sha= motion_cols_sha= donor=None cover=exact:0,fallback:0,cycle:0,cross_seg:0 gate=none num_steps=10 act_sha=cc4adbbca219d86c infer_ms=67.2
INFO:mme_vla_suite.serving.websocket_policy_server:TIMING infer_ms=67.2
INFO:mme_vla_suite.serving.websocket_policy_server:TIMING add_buffer_ms=38.1 frames=16 exec_start_idx=0
MV_INFER cond=normal split=test task=VideoUnmaskSwap ep=7 ep_seq=11 infer_seq=4 t=264 es=216 k=0 motion_frames=- motion_emb_sha= motion_pos_sha= motion_mask= mem_order_sha= motion_cols_sha= donor=None cover=exact:0,fallback:0,cycle:0,cross_seg:0 gate=none num_steps=10 act_sha=57fe227b1ebf9bf2 infer_ms=67.3
INFO:mme_vla_suite.serving.websocket_policy_server:TIMING infer_ms=67.3
INFO:mme_vla_suite.serving.websocket_policy_server:TIMING add_buffer_ms=38.4 frames=16 exec_start_idx=0
MV_INFER cond=normal split=test task=VideoUnmaskSwap ep=7 ep_seq=11 infer_seq=5 t=280 es=216 k=0 motion_frames=- motion_emb_sha= motion_pos_sha= motion_mask= mem_order_sha= motion_cols_sha= donor=None cover=exact:0,fallback:0,cycle:0,cross_seg:0 gate=none num_steps=10 act_sha=faae03d6ed522149 infer_ms=67.8
INFO:mme_vla_suite.serving.websocket_policy_server:TIMING infer_ms=67.8
INFO:mme_vla_suite.serving.websocket_policy_server:TIMING add_buffer_ms=38.9 frames=16 exec_start_idx=0
MV_INFER cond=normal split=test task=VideoUnmaskSwap ep=7 ep_seq=11 infer_seq=6 t=296 es=216 k=0 motion_frames=- motion_emb_sha= motion_pos_sha= motion_mask= mem_order_sha= motion_cols_sha= donor=None cover=exact:0,fallback:0,cycle:0,cross_seg:0 gate=none num_steps=10 act_sha=8ef8e4c9569783fa infer_ms=67.3
INFO:mme_vla_suite.serving.websocket_policy_server:TIMING infer_ms=67.3
INFO:mme_vla_suite.serving.websocket_policy_server:TIMING add_buffer_ms=35.9 frames=16 exec_start_idx=0
MV_INFER cond=normal split=test task=VideoUnmaskSwap ep=7 ep_seq=11 infer_seq=7 t=312 es=216 k=0 motion_frames=- motion_emb_sha= motion_pos_sha= motion_mask= mem_order_sha= motion_cols_sha= donor=None cover=exact:0,fallback:0,cycle:0,cross_seg:0 gate=none num_steps=10 act_sha=bde5fccd826e4cd1 infer_ms=67.4
INFO:mme_vla_suite.serving.websocket_policy_server:TIMING infer_ms=67.4
INFO:mme_vla_suite.serving.websocket_policy_server:TIMING add_buffer_ms=38.6 frames=16 exec_start_idx=0
MV_INFER cond=normal split=test task=VideoUnmaskSwap ep=7 ep_seq=11 infer_seq=8 t=328 es=216 k=0 motion_frames=- motion_emb_sha= motion_pos_sha= motion_mask= mem_order_sha= motion_cols_sha= donor=None cover=exact:0,fallback:0,cycle:0,cross_seg:0 gate=none num_steps=10 act_sha=44fdb2b5620ede1f infer_ms=67.5
INFO:mme_vla_suite.serving.websocket_policy_server:TIMING infer_ms=67.5
INFO:mme_vla_suite.serving.websocket_policy_server:TIMING add_buffer_ms=39.1 frames=16 exec_start_idx=0
MV_INFER cond=normal split=test task=VideoUnmaskSwap ep=7 ep_seq=11 infer_seq=9 t=344 es=216 k=0 motion_frames=- motion_emb_sha= motion_pos_sha= motion_mask= mem_order_sha= motion_cols_sha= donor=None cover=exact:0,fallback:0,cycle:0,cross_seg:0 gate=none num_steps=10 act_sha=a3c8f64a5700d20a infer_ms=67.3
INFO:mme_vla_suite.serving.websocket_policy_server:TIMING infer_ms=67.3
INFO:mme_vla_suite.serving.websocket_policy_server:TIMING add_buffer_ms=40.7 frames=16 exec_start_idx=0
MV_INFER cond=normal split=test task=VideoUnmaskSwap ep=7 ep_seq=11 infer_seq=10 t=360 es=216 k=0 motion_frames=- motion_emb_sha= motion_pos_sha= motion_mask= mem_order_sha= motion_cols_sha= donor=None cover=exact:0,fallback:0,cycle:0,cross_seg:0 gate=none num_steps=10 act_sha=c01e9d63b7cbe537 infer_ms=68.4
INFO:mme_vla_suite.serving.websocket_policy_server:TIMING infer_ms=68.4
INFO:mme_vla_suite.serving.websocket_policy_server:TIMING add_buffer_ms=39.7 frames=16 exec_start_idx=0
MV_INFER cond=normal split=test task=VideoUnmaskSwap ep=7 ep_seq=11 infer_seq=11 t=376 es=216 k=0 motion_frames=- motion_emb_sha= motion_pos_sha= motion_mask= mem_order_sha= motion_cols_sha= donor=None cover=exact:0,fallback:0,cycle:0,cross_seg:0 gate=none num_steps=10 act_sha=f28e9fea89de93f5 infer_ms=67.4
INFO:mme_vla_suite.serving.websocket_policy_server:TIMING infer_ms=67.4
INFO:mme_vla_suite.serving.websocket_policy_server:TIMING add_buffer_ms=39.6 frames=16 exec_start_idx=0
MV_INFER cond=normal split=test task=VideoUnmaskSwap ep=7 ep_seq=11 infer_seq=12 t=392 es=216 k=0 motion_frames=- motion_emb_sha= motion_pos_sha= motion_mask= mem_order_sha= motion_cols_sha= donor=None cover=exact:0,fallback:0,cycle:0,cross_seg:0 gate=none num_steps=10 act_sha=601397339275de1e infer_ms=67.7
INFO:mme_vla_suite.serving.websocket_policy_server:TIMING infer_ms=67.7
INFO:mme_vla_suite.serving.websocket_policy_server:TIMING add_buffer_ms=39.4 frames=16 exec_start_idx=0
MV_INFER cond=normal split=test task=VideoUnmaskSwap ep=7 ep_seq=11 infer_seq=13 t=408 es=216 k=0 motion_frames=- motion_emb_sha= motion_pos_sha= motion_mask= mem_order_sha= motion_cols_sha= donor=None cover=exact:0,fallback:0,cycle:0,cross_seg:0 gate=none num_steps=10 act_sha=553c586b3668133c infer_ms=67.2
INFO:mme_vla_suite.serving.websocket_policy_server:TIMING infer_ms=67.2
INFO:mme_vla_suite.serving.websocket_policy_server:TIMING add_buffer_ms=39.5 frames=16 exec_start_idx=0
MV_INFER cond=normal split=test task=VideoUnmaskSwap ep=7 ep_seq=11 infer_seq=14 t=424 es=216 k=0 motion_frames=- motion_emb_sha= motion_pos_sha= motion_mask= mem_order_sha= motion_cols_sha= donor=None cover=exact:0,fallback:0,cycle:0,cross_seg:0 gate=none num_steps=10 act_sha=efedb45fc55a9ae7 infer_ms=67.5
INFO:mme_vla_suite.serving.websocket_policy_server:TIMING infer_ms=67.5
INFO:mme_vla_suite.serving.websocket_policy_server:TIMING add_buffer_ms=39.4 frames=16 exec_start_idx=0
MV_INFER cond=normal split=test task=VideoUnmaskSwap ep=7 ep_seq=11 infer_seq=15 t=440 es=216 k=0 motion_frames=- motion_emb_sha= motion_pos_sha= motion_mask= mem_order_sha= motion_cols_sha= donor=None cover=exact:0,fallback:0,cycle:0,cross_seg:0 gate=none num_steps=10 act_sha=cce115d39e04fe0f infer_ms=67.3
INFO:mme_vla_suite.serving.websocket_policy_server:TIMING infer_ms=67.3
INFO:mme_vla_suite.serving.websocket_policy_server:TIMING add_buffer_ms=39.5 frames=16 exec_start_idx=0
MV_INFER cond=normal split=test task=VideoUnmaskSwap ep=7 ep_seq=11 infer_seq=16 t=456 es=216 k=0 motion_frames=- motion_emb_sha= motion_pos_sha= motion_mask= mem_order_sha= motion_cols_sha= donor=None cover=exact:0,fallback:0,cycle:0,cross_seg:0 gate=none num_steps=10 act_sha=3278fe7669dae145 infer_ms=67.5
INFO:mme_vla_suite.serving.websocket_policy_server:TIMING infer_ms=67.5
INFO:mme_vla_suite.serving.websocket_policy_server:TIMING add_buffer_ms=39.5 frames=16 exec_start_idx=0
MV_INFER cond=normal split=test task=VideoUnmaskSwap ep=7 ep_seq=11 infer_seq=17 t=472 es=216 k=0 motion_frames=- motion_emb_sha= motion_pos_sha= motion_mask= mem_order_sha= motion_cols_sha= donor=None cover=exact:0,fallback:0,cycle:0,cross_seg:0 gate=none num_steps=10 act_sha=42adbf607bf93876 infer_ms=67.5
INFO:mme_vla_suite.serving.websocket_policy_server:TIMING infer_ms=67.5
INFO:mme_vla_suite.serving.websocket_policy_server:TIMING add_buffer_ms=40.0 frames=16 exec_start_idx=0
MV_INFER cond=normal split=test task=VideoUnmaskSwap ep=7 ep_seq=11 infer_seq=18 t=488 es=216 k=0 motion_frames=- motion_emb_sha= motion_pos_sha= motion_mask= mem_order_sha= motion_cols_sha= donor=None cover=exact:0,fallback:0,cycle:0,cross_seg:0 gate=none num_steps=10 act_sha=11e9156eb936056f infer_ms=67.6
INFO:mme_vla_suite.serving.websocket_policy_server:TIMING infer_ms=67.6
INFO:mme_vla_suite.serving.websocket_policy_server:TIMING add_buffer_ms=40.7 frames=16 exec_start_idx=0
MV_INFER cond=normal split=test task=VideoUnmaskSwap ep=7 ep_seq=11 infer_seq=19 t=504 es=216 k=0 motion_frames=- motion_emb_sha= motion_pos_sha= motion_mask= mem_order_sha= motion_cols_sha= donor=None cover=exact:0,fallback:0,cycle:0,cross_seg:0 gate=none num_steps=10 act_sha=174724c79b2edb06 infer_ms=67.2
INFO:mme_vla_suite.serving.websocket_policy_server:TIMING infer_ms=67.2
INFO:mme_vla_suite.serving.websocket_policy_server:TIMING add_buffer_ms=39.4 frames=16 exec_start_idx=0
MV_INFER cond=normal split=test task=VideoUnmaskSwap ep=7 ep_seq=11 infer_seq=20 t=520 es=216 k=0 motion_frames=- motion_emb_sha= motion_pos_sha= motion_mask= mem_order_sha= motion_cols_sha= donor=None cover=exact:0,fallback:0,cycle:0,cross_seg:0 gate=none num_steps=10 act_sha=92bd3ed1e55ddc08 infer_ms=67.5
INFO:mme_vla_suite.serving.websocket_policy_server:TIMING infer_ms=67.5
INFO:mme_vla_suite.serving.websocket_policy_server:TIMING add_buffer_ms=40.4 frames=16 exec_start_idx=0
MV_INFER cond=normal split=test task=VideoUnmaskSwap ep=7 ep_seq=11 infer_seq=21 t=536 es=216 k=0 motion_frames=- motion_emb_sha= motion_pos_sha= motion_mask= mem_order_sha= motion_cols_sha= donor=None cover=exact:0,fallback:0,cycle:0,cross_seg:0 gate=none num_steps=10 act_sha=e07e6cae5ed3264c infer_ms=67.5
INFO:mme_vla_suite.serving.websocket_policy_server:TIMING infer_ms=67.5
INFO:mme_vla_suite.serving.websocket_policy_server:TIMING add_buffer_ms=37.4 frames=16 exec_start_idx=0
MV_INFER cond=normal split=test task=VideoUnmaskSwap ep=7 ep_seq=11 infer_seq=22 t=552 es=216 k=0 motion_frames=- motion_emb_sha= motion_pos_sha= motion_mask= mem_order_sha= motion_cols_sha= donor=None cover=exact:0,fallback:0,cycle:0,cross_seg:0 gate=none num_steps=10 act_sha=100aa916c813d965 infer_ms=67.5
INFO:mme_vla_suite.serving.websocket_policy_server:TIMING infer_ms=67.5
INFO:mme_vla_suite.serving.websocket_policy_server:TIMING add_buffer_ms=37.4 frames=16 exec_start_idx=0
MV_INFER cond=normal split=test task=VideoUnmaskSwap ep=7 ep_seq=11 infer_seq=23 t=568 es=216 k=0 motion_frames=- motion_emb_sha= motion_pos_sha= motion_mask= mem_order_sha= motion_cols_sha= donor=None cover=exact:0,fallback:0,cycle:0,cross_seg:0 gate=none num_steps=10 act_sha=1cb50e3d500fc800 infer_ms=67.2
INFO:mme_vla_suite.serving.websocket_policy_server:TIMING infer_ms=67.2
INFO:mme_vla_suite.serving.websocket_policy_server:TIMING add_buffer_ms=37.2 frames=16 exec_start_idx=0
MV_INFER cond=normal split=test task=VideoUnmaskSwap ep=7 ep_seq=11 infer_seq=24 t=584 es=216 k=0 motion_frames=- motion_emb_sha= motion_pos_sha= motion_mask= mem_order_sha= motion_cols_sha= donor=None cover=exact:0,fallback:0,cycle:0,cross_seg:0 gate=none num_steps=10 act_sha=f2b4d70b2d3c5982 infer_ms=67.5
INFO:mme_vla_suite.serving.websocket_policy_server:TIMING infer_ms=67.5
INFO:mme_vla_suite.serving.websocket_policy_server:TIMING add_buffer_ms=36.9 frames=16 exec_start_idx=0
MV_INFER cond=normal split=test task=VideoUnmaskSwap ep=7 ep_seq=11 infer_seq=25 t=600 es=216 k=0 motion_frames=- motion_emb_sha= motion_pos_sha= motion_mask= mem_order_sha= motion_cols_sha= donor=None cover=exact:0,fallback:0,cycle:0,cross_seg:0 gate=none num_steps=10 act_sha=db3d371786963e7d infer_ms=67.3
INFO:mme_vla_suite.serving.websocket_policy_server:TIMING infer_ms=67.3
INFO:mme_vla_suite.serving.websocket_policy_server:TIMING add_buffer_ms=37.0 frames=16 exec_start_idx=0
MV_INFER cond=normal split=test task=VideoUnmaskSwap ep=7 ep_seq=11 infer_seq=26 t=616 es=216 k=0 motion_frames=- motion_emb_sha= motion_pos_sha= motion_mask= mem_order_sha= motion_cols_sha= donor=None cover=exact:0,fallback:0,cycle:0,cross_seg:0 gate=none num_steps=10 act_sha=7556be1e6bcceda1 infer_ms=67.2
INFO:mme_vla_suite.serving.websocket_policy_server:TIMING infer_ms=67.2
INFO:mme_vla_suite.serving.websocket_policy_server:TIMING add_buffer_ms=37.2 frames=16 exec_start_idx=0
MV_INFER cond=normal split=test task=VideoUnmaskSwap ep=7 ep_seq=11 infer_seq=27 t=632 es=216 k=0 motion_frames=- motion_emb_sha= motion_pos_sha= motion_mask= mem_order_sha= motion_cols_sha= donor=None cover=exact:0,fallback:0,cycle:0,cross_seg:0 gate=none num_steps=10 act_sha=9b85acb52b02a18a infer_ms=67.8
INFO:mme_vla_suite.serving.websocket_policy_server:TIMING infer_ms=67.8
INFO:mme_vla_suite.serving.websocket_policy_server:TIMING add_buffer_ms=39.1 frames=16 exec_start_idx=0
MV_INFER cond=normal split=test task=VideoUnmaskSwap ep=7 ep_seq=11 infer_seq=28 t=648 es=216 k=0 motion_frames=- motion_emb_sha= motion_pos_sha= motion_mask= mem_order_sha= motion_cols_sha= donor=None cover=exact:0,fallback:0,cycle:0,cross_seg:0 gate=none num_steps=10 act_sha=cfc28af00ec07df2 infer_ms=67.4
INFO:mme_vla_suite.serving.websocket_policy_server:TIMING infer_ms=67.4
INFO:mme_vla_suite.serving.websocket_policy_server:TIMING add_buffer_ms=39.4 frames=16 exec_start_idx=0
MV_INFER cond=normal split=test task=VideoUnmaskSwap ep=7 ep_seq=11 infer_seq=29 t=664 es=216 k=0 motion_frames=- motion_emb_sha= motion_pos_sha= motion_mask= mem_order_sha= motion_cols_sha= donor=None cover=exact:0,fallback:0,cycle:0,cross_seg:0 gate=none num_steps=10 act_sha=a772eb1015c8d1c9 infer_ms=67.5
INFO:mme_vla_suite.serving.websocket_policy_server:TIMING infer_ms=67.5
INFO:mme_vla_suite.serving.websocket_policy_server:TIMING add_buffer_ms=39.5 frames=16 exec_start_idx=0
MV_INFER cond=normal split=test task=VideoUnmaskSwap ep=7 ep_seq=11 infer_seq=30 t=680 es=216 k=0 motion_frames=- motion_emb_sha= motion_pos_sha= motion_mask= mem_order_sha= motion_cols_sha= donor=None cover=exact:0,fallback:0,cycle:0,cross_seg:0 gate=none num_steps=10 act_sha=5af2dfa5e30b224e infer_ms=67.4
INFO:mme_vla_suite.serving.websocket_policy_server:TIMING infer_ms=67.4
INFO:mme_vla_suite.serving.websocket_policy_server:TIMING add_buffer_ms=40.1 frames=16 exec_start_idx=0
MV_INFER cond=normal split=test task=VideoUnmaskSwap ep=7 ep_seq=11 infer_seq=31 t=696 es=216 k=0 motion_frames=- motion_emb_sha= motion_pos_sha= motion_mask= mem_order_sha= motion_cols_sha= donor=None cover=exact:0,fallback:0,cycle:0,cross_seg:0 gate=none num_steps=10 act_sha=3b288e66ad04c682 infer_ms=67.5
INFO:mme_vla_suite.serving.websocket_policy_server:TIMING infer_ms=67.5
INFO:mme_vla_suite.serving.websocket_policy_server:TIMING add_buffer_ms=37.0 frames=16 exec_start_idx=0
MV_INFER cond=normal split=test task=VideoUnmaskSwap ep=7 ep_seq=11 infer_seq=32 t=712 es=216 k=0 motion_frames=- motion_emb_sha= motion_pos_sha= motion_mask= mem_order_sha= motion_cols_sha= donor=None cover=exact:0,fallback:0,cycle:0,cross_seg:0 gate=none num_steps=10 act_sha=9da6ab8b093e60a3 infer_ms=67.4
INFO:mme_vla_suite.serving.websocket_policy_server:TIMING infer_ms=67.4
INFO:mme_vla_suite.serving.websocket_policy_server:TIMING add_buffer_ms=37.2 frames=16 exec_start_idx=0
MV_INFER cond=normal split=test task=VideoUnmaskSwap ep=7 ep_seq=11 infer_seq=33 t=728 es=216 k=0 motion_frames=- motion_emb_sha= motion_pos_sha= motion_mask= mem_order_sha= motion_cols_sha= donor=None cover=exact:0,fallback:0,cycle:0,cross_seg:0 gate=none num_steps=10 act_sha=9c7e7bf3eec55e13 infer_ms=67.4
INFO:mme_vla_suite.serving.websocket_policy_server:TIMING infer_ms=67.4
INFO:mme_vla_suite.serving.websocket_policy_server:TIMING add_buffer_ms=39.6 frames=16 exec_start_idx=0
MV_INFER cond=normal split=test task=VideoUnmaskSwap ep=7 ep_seq=11 infer_seq=34 t=744 es=216 k=0 motion_frames=- motion_emb_sha= motion_pos_sha= motion_mask= mem_order_sha= motion_cols_sha= donor=None cover=exact:0,fallback:0,cycle:0,cross_seg:0 gate=none num_steps=10 act_sha=e6475e8e037696a6 infer_ms=67.6
INFO:mme_vla_suite.serving.websocket_policy_server:TIMING infer_ms=67.6
INFO:mme_vla_suite.serving.websocket_policy_server:TIMING add_buffer_ms=40.5 frames=16 exec_start_idx=0
MV_INFER cond=normal split=test task=VideoUnmaskSwap ep=7 ep_seq=11 infer_seq=35 t=760 es=216 k=0 motion_frames=- motion_emb_sha= motion_pos_sha= motion_mask= mem_order_sha= motion_cols_sha= donor=None cover=exact:0,fallback:0,cycle:0,cross_seg:0 gate=none num_steps=10 act_sha=c58e7cf5b1a753b1 infer_ms=67.9
INFO:mme_vla_suite.serving.websocket_policy_server:TIMING infer_ms=67.9
INFO:mme_vla_suite.serving.websocket_policy_server:TIMING add_buffer_ms=37.0 frames=16 exec_start_idx=0
MV_INFER cond=normal split=test task=VideoUnmaskSwap ep=7 ep_seq=11 infer_seq=36 t=776 es=216 k=0 motion_frames=- motion_emb_sha= motion_pos_sha= motion_mask= mem_order_sha= motion_cols_sha= donor=None cover=exact:0,fallback:0,cycle:0,cross_seg:0 gate=none num_steps=10 act_sha=7cf70f5eda8eba4a infer_ms=67.4
INFO:mme_vla_suite.serving.websocket_policy_server:TIMING infer_ms=67.4
INFO:mme_vla_suite.serving.websocket_policy_server:TIMING add_buffer_ms=41.5 frames=16 exec_start_idx=0
MV_INFER cond=normal split=test task=VideoUnmaskSwap ep=7 ep_seq=11 infer_seq=37 t=792 es=216 k=0 motion_frames=- motion_emb_sha= motion_pos_sha= motion_mask= mem_order_sha= motion_cols_sha= donor=None cover=exact:0,fallback:0,cycle:0,cross_seg:0 gate=none num_steps=10 act_sha=96bbbd695b98a087 infer_ms=67.8
INFO:mme_vla_suite.serving.websocket_policy_server:TIMING infer_ms=67.8
INFO:mme_vla_suite.serving.websocket_policy_server:TIMING add_buffer_ms=41.6 frames=16 exec_start_idx=0
MV_INFER cond=normal split=test task=VideoUnmaskSwap ep=7 ep_seq=11 infer_seq=38 t=808 es=216 k=0 motion_frames=- motion_emb_sha= motion_pos_sha= motion_mask= mem_order_sha= motion_cols_sha= donor=None cover=exact:0,fallback:0,cycle:0,cross_seg:0 gate=none num_steps=10 act_sha=32af08abfd57e257 infer_ms=67.9
INFO:mme_vla_suite.serving.websocket_policy_server:TIMING infer_ms=67.9
INFO:mme_vla_suite.serving.websocket_policy_server:TIMING add_buffer_ms=38.1 frames=16 exec_start_idx=0
MV_INFER cond=normal split=test task=VideoUnmaskSwap ep=7 ep_seq=11 infer_seq=39 t=824 es=216 k=0 motion_frames=- motion_emb_sha= motion_pos_sha= motion_mask= mem_order_sha= motion_cols_sha= donor=None cover=exact:0,fallback:0,cycle:0,cross_seg:0 gate=none num_steps=10 act_sha=d24426fad419a64c infer_ms=67.8
INFO:mme_vla_suite.serving.websocket_policy_server:TIMING infer_ms=67.8
INFO:mme_vla_suite.serving.websocket_policy_server:TIMING add_buffer_ms=40.3 frames=16 exec_start_idx=0
MV_INFER cond=normal split=test task=VideoUnmaskSwap ep=7 ep_seq=11 infer_seq=40 t=840 es=216 k=0 motion_frames=- motion_emb_sha= motion_pos_sha= motion_mask= mem_order_sha= motion_cols_sha= donor=None cover=exact:0,fallback:0,cycle:0,cross_seg:0 gate=none num_steps=10 act_sha=2494d2ea5754424b infer_ms=67.8
INFO:mme_vla_suite.serving.websocket_policy_server:TIMING infer_ms=67.8
INFO:mme_vla_suite.serving.websocket_policy_server:TIMING add_buffer_ms=37.8 frames=16 exec_start_idx=0
MV_INFER cond=normal split=test task=VideoUnmaskSwap ep=7 ep_seq=11 infer_seq=41 t=856 es=216 k=0 motion_frames=- motion_emb_sha= motion_pos_sha= motion_mask= mem_order_sha= motion_cols_sha= donor=None cover=exact:0,fallback:0,cycle:0,cross_seg:0 gate=none num_steps=10 act_sha=ef85eea61225ef22 infer_ms=67.4
INFO:mme_vla_suite.serving.websocket_policy_server:TIMING infer_ms=67.4
INFO:mme_vla_suite.serving.websocket_policy_server:TIMING add_buffer_ms=40.0 frames=16 exec_start_idx=0
MV_INFER cond=normal split=test task=VideoUnmaskSwap ep=7 ep_seq=11 infer_seq=42 t=872 es=216 k=0 motion_frames=- motion_emb_sha= motion_pos_sha= motion_mask= mem_order_sha= motion_cols_sha= donor=None cover=exact:0,fallback:0,cycle:0,cross_seg:0 gate=none num_steps=10 act_sha=26a5137f78b7418d infer_ms=67.6
INFO:mme_vla_suite.serving.websocket_policy_server:TIMING infer_ms=67.6
INFO:mme_vla_suite.serving.websocket_policy_server:TIMING add_buffer_ms=41.8 frames=16 exec_start_idx=0
MV_INFER cond=normal split=test task=VideoUnmaskSwap ep=7 ep_seq=11 infer_seq=43 t=888 es=216 k=0 motion_frames=- motion_emb_sha= motion_pos_sha= motion_mask= mem_order_sha= motion_cols_sha= donor=None cover=exact:0,fallback:0,cycle:0,cross_seg:0 gate=none num_steps=10 act_sha=9c73564e80bbd6a8 infer_ms=67.7
INFO:mme_vla_suite.serving.websocket_policy_server:TIMING infer_ms=67.7
INFO:mme_vla_suite.serving.websocket_policy_server:TIMING add_buffer_ms=39.9 frames=16 exec_start_idx=0
MV_INFER cond=normal split=test task=VideoUnmaskSwap ep=7 ep_seq=11 infer_seq=44 t=904 es=216 k=0 motion_frames=- motion_emb_sha= motion_pos_sha= motion_mask= mem_order_sha= motion_cols_sha= donor=None cover=exact:0,fallback:0,cycle:0,cross_seg:0 gate=none num_steps=10 act_sha=c6c9b25a264e2820 infer_ms=68.3
INFO:mme_vla_suite.serving.websocket_policy_server:TIMING infer_ms=68.3
INFO:mme_vla_suite.serving.websocket_policy_server:TIMING add_buffer_ms=41.7 frames=16 exec_start_idx=0
MV_INFER cond=normal split=test task=VideoUnmaskSwap ep=7 ep_seq=11 infer_seq=45 t=920 es=216 k=0 motion_frames=- motion_emb_sha= motion_pos_sha= motion_mask= mem_order_sha= motion_cols_sha= donor=None cover=exact:0,fallback:0,cycle:0,cross_seg:0 gate=none num_steps=10 act_sha=4aef97cdc0a6f89e infer_ms=67.9
INFO:mme_vla_suite.serving.websocket_policy_server:TIMING infer_ms=67.9
INFO:mme_vla_suite.serving.websocket_policy_server:TIMING add_buffer_ms=38.9 frames=16 exec_start_idx=0
MV_INFER cond=normal split=test task=VideoUnmaskSwap ep=7 ep_seq=11 infer_seq=46 t=936 es=216 k=0 motion_frames=- motion_emb_sha= motion_pos_sha= motion_mask= mem_order_sha= motion_cols_sha= donor=None cover=exact:0,fallback:0,cycle:0,cross_seg:0 gate=none num_steps=10 act_sha=7b6e482e451b9c73 infer_ms=68.4
INFO:mme_vla_suite.serving.websocket_policy_server:TIMING infer_ms=68.4
INFO:mme_vla_suite.serving.websocket_policy_server:TIMING add_buffer_ms=37.1 frames=16 exec_start_idx=0
MV_INFER cond=normal split=test task=VideoUnmaskSwap ep=7 ep_seq=11 infer_seq=47 t=952 es=216 k=0 motion_frames=- motion_emb_sha= motion_pos_sha= motion_mask= mem_order_sha= motion_cols_sha= donor=None cover=exact:0,fallback:0,cycle:0,cross_seg:0 gate=none num_steps=10 act_sha=69252747769eae83 infer_ms=67.5
INFO:mme_vla_suite.serving.websocket_policy_server:TIMING infer_ms=67.5
INFO:mme_vla_suite.serving.websocket_policy_server:TIMING add_buffer_ms=36.6 frames=16 exec_start_idx=0
MV_INFER cond=normal split=test task=VideoUnmaskSwap ep=7 ep_seq=11 infer_seq=48 t=968 es=216 k=0 motion_frames=- motion_emb_sha= motion_pos_sha= motion_mask= mem_order_sha= motion_cols_sha= donor=None cover=exact:0,fallback:0,cycle:0,cross_seg:0 gate=none num_steps=10 act_sha=5a2d468d2b736550 infer_ms=67.4
INFO:mme_vla_suite.serving.websocket_policy_server:TIMING infer_ms=67.4
INFO:mme_vla_suite.serving.websocket_policy_server:TIMING add_buffer_ms=36.6 frames=16 exec_start_idx=0
MV_INFER cond=normal split=test task=VideoUnmaskSwap ep=7 ep_seq=11 infer_seq=49 t=984 es=216 k=0 motion_frames=- motion_emb_sha= motion_pos_sha= motion_mask= mem_order_sha= motion_cols_sha= donor=None cover=exact:0,fallback:0,cycle:0,cross_seg:0 gate=none num_steps=10 act_sha=bb3f253cc1164afc infer_ms=67.6
INFO:mme_vla_suite.serving.websocket_policy_server:TIMING infer_ms=67.6
INFO:mme_vla_suite.serving.websocket_policy_server:TIMING add_buffer_ms=36.6 frames=16 exec_start_idx=0
MV_INFER cond=normal split=test task=VideoUnmaskSwap ep=7 ep_seq=11 infer_seq=50 t=1000 es=216 k=0 motion_frames=- motion_emb_sha= motion_pos_sha= motion_mask= mem_order_sha= motion_cols_sha= donor=None cover=exact:0,fallback:0,cycle:0,cross_seg:0 gate=none num_steps=10 act_sha=7d1231637223c1db infer_ms=67.3
INFO:mme_vla_suite.serving.websocket_policy_server:TIMING infer_ms=67.3
INFO:mme_vla_suite.serving.websocket_policy_server:TIMING add_buffer_ms=37.4 frames=16 exec_start_idx=0
MV_INFER cond=normal split=test task=VideoUnmaskSwap ep=7 ep_seq=11 infer_seq=51 t=1016 es=216 k=0 motion_frames=- motion_emb_sha= motion_pos_sha= motion_mask= mem_order_sha= motion_cols_sha= donor=None cover=exact:0,fallback:0,cycle:0,cross_seg:0 gate=none num_steps=10 act_sha=d3eae3e9c0c40f8e infer_ms=68.2
INFO:mme_vla_suite.serving.websocket_policy_server:TIMING infer_ms=68.2
INFO:mme_vla_suite.serving.websocket_policy_server:TIMING add_buffer_ms=39.4 frames=16 exec_start_idx=0
MV_INFER cond=normal split=test task=VideoUnmaskSwap ep=7 ep_seq=11 infer_seq=52 t=1032 es=216 k=0 motion_frames=- motion_emb_sha= motion_pos_sha= motion_mask= mem_order_sha= motion_cols_sha= donor=None cover=exact:0,fallback:0,cycle:0,cross_seg:0 gate=none num_steps=10 act_sha=bcdeff1f6b827f23 infer_ms=68.1
INFO:mme_vla_suite.serving.websocket_policy_server:TIMING infer_ms=68.1
INFO:mme_vla_suite.serving.websocket_policy_server:TIMING add_buffer_ms=37.9 frames=16 exec_start_idx=0
MV_INFER cond=normal split=test task=VideoUnmaskSwap ep=7 ep_seq=11 infer_seq=53 t=1048 es=216 k=0 motion_frames=- motion_emb_sha= motion_pos_sha= motion_mask= mem_order_sha= motion_cols_sha= donor=None cover=exact:0,fallback:0,cycle:0,cross_seg:0 gate=none num_steps=10 act_sha=371653c855573bb8 infer_ms=67.4
INFO:mme_vla_suite.serving.websocket_policy_server:TIMING infer_ms=67.4
INFO:mme_vla_suite.serving.websocket_policy_server:TIMING add_buffer_ms=37.4 frames=16 exec_start_idx=0
MV_INFER cond=normal split=test task=VideoUnmaskSwap ep=7 ep_seq=11 infer_seq=54 t=1064 es=216 k=0 motion_frames=- motion_emb_sha= motion_pos_sha= motion_mask= mem_order_sha= motion_cols_sha= donor=None cover=exact:0,fallback:0,cycle:0,cross_seg:0 gate=none num_steps=10 act_sha=c003a7c93bb92d53 infer_ms=68.2
INFO:mme_vla_suite.serving.websocket_policy_server:TIMING infer_ms=68.2
INFO:mme_vla_suite.serving.websocket_policy_server:TIMING add_buffer_ms=38.8 frames=16 exec_start_idx=0
MV_INFER cond=normal split=test task=VideoUnmaskSwap ep=7 ep_seq=11 infer_seq=55 t=1080 es=216 k=0 motion_frames=- motion_emb_sha= motion_pos_sha= motion_mask= mem_order_sha= motion_cols_sha= donor=None cover=exact:0,fallback:0,cycle:0,cross_seg:0 gate=none num_steps=10 act_sha=0c629d9298137503 infer_ms=68.0
INFO:mme_vla_suite.serving.websocket_policy_server:TIMING infer_ms=68.0
INFO:mme_vla_suite.serving.websocket_policy_server:TIMING add_buffer_ms=42.9 frames=16 exec_start_idx=0
MV_INFER cond=normal split=test task=VideoUnmaskSwap ep=7 ep_seq=11 infer_seq=56 t=1096 es=216 k=0 motion_frames=- motion_emb_sha= motion_pos_sha= motion_mask= mem_order_sha= motion_cols_sha= donor=None cover=exact:0,fallback:0,cycle:0,cross_seg:0 gate=none num_steps=10 act_sha=c0e04b0ff2a03598 infer_ms=67.5
INFO:mme_vla_suite.serving.websocket_policy_server:TIMING infer_ms=67.5
INFO:mme_vla_suite.serving.websocket_policy_server:TIMING add_buffer_ms=37.2 frames=16 exec_start_idx=0
MV_INFER cond=normal split=test task=VideoUnmaskSwap ep=7 ep_seq=11 infer_seq=57 t=1112 es=216 k=0 motion_frames=- motion_emb_sha= motion_pos_sha= motion_mask= mem_order_sha= motion_cols_sha= donor=None cover=exact:0,fallback:0,cycle:0,cross_seg:0 gate=none num_steps=10 act_sha=c7834034b2ea2ef7 infer_ms=67.5
INFO:mme_vla_suite.serving.websocket_policy_server:TIMING infer_ms=67.5
INFO:mme_vla_suite.serving.websocket_policy_server:TIMING add_buffer_ms=36.8 frames=16 exec_start_idx=0
MV_INFER cond=normal split=test task=VideoUnmaskSwap ep=7 ep_seq=11 infer_seq=58 t=1128 es=216 k=0 motion_frames=- motion_emb_sha= motion_pos_sha= motion_mask= mem_order_sha= motion_cols_sha= donor=None cover=exact:0,fallback:0,cycle:0,cross_seg:0 gate=none num_steps=10 act_sha=4fedfd8707668bd9 infer_ms=67.4
INFO:mme_vla_suite.serving.websocket_policy_server:TIMING infer_ms=67.4
INFO:mme_vla_suite.serving.websocket_policy_server:TIMING add_buffer_ms=36.8 frames=16 exec_start_idx=0
MV_INFER cond=normal split=test task=VideoUnmaskSwap ep=7 ep_seq=11 infer_seq=59 t=1144 es=216 k=0 motion_frames=- motion_emb_sha= motion_pos_sha= motion_mask= mem_order_sha= motion_cols_sha= donor=None cover=exact:0,fallback:0,cycle:0,cross_seg:0 gate=none num_steps=10 act_sha=e8f6fdb92fd77ee3 infer_ms=67.2
INFO:mme_vla_suite.serving.websocket_policy_server:TIMING infer_ms=67.2
INFO:mme_vla_suite.serving.websocket_policy_server:TIMING add_buffer_ms=36.9 frames=16 exec_start_idx=0
MV_INFER cond=normal split=test task=VideoUnmaskSwap ep=7 ep_seq=11 infer_seq=60 t=1160 es=216 k=0 motion_frames=- motion_emb_sha= motion_pos_sha= motion_mask= mem_order_sha= motion_cols_sha= donor=None cover=exact:0,fallback:0,cycle:0,cross_seg:0 gate=none num_steps=10 act_sha=46d7064b5fe7de86 infer_ms=67.6
INFO:mme_vla_suite.serving.websocket_policy_server:TIMING infer_ms=67.6
INFO:mme_vla_suite.serving.websocket_policy_server:TIMING add_buffer_ms=36.9 frames=16 exec_start_idx=0
MV_INFER cond=normal split=test task=VideoUnmaskSwap ep=7 ep_seq=11 infer_seq=61 t=1176 es=216 k=0 motion_frames=- motion_emb_sha= motion_pos_sha= motion_mask= mem_order_sha= motion_cols_sha= donor=None cover=exact:0,fallback:0,cycle:0,cross_seg:0 gate=none num_steps=10 act_sha=c08b849a05e52621 infer_ms=67.2
INFO:mme_vla_suite.serving.websocket_policy_server:TIMING infer_ms=67.2
INFO:mme_vla_suite.serving.websocket_policy_server:TIMING add_buffer_ms=36.7 frames=16 exec_start_idx=0
MV_INFER cond=normal split=test task=VideoUnmaskSwap ep=7 ep_seq=11 infer_seq=62 t=1192 es=216 k=0 motion_frames=- motion_emb_sha= motion_pos_sha= motion_mask= mem_order_sha= motion_cols_sha= donor=None cover=exact:0,fallback:0,cycle:0,cross_seg:0 gate=none num_steps=10 act_sha=b586583c774b3b69 infer_ms=67.2
INFO:mme_vla_suite.serving.websocket_policy_server:TIMING infer_ms=67.2
INFO:mme_vla_suite.serving.websocket_policy_server:TIMING add_buffer_ms=37.2 frames=16 exec_start_idx=0
MV_INFER cond=normal split=test task=VideoUnmaskSwap ep=7 ep_seq=11 infer_seq=63 t=1208 es=216 k=0 motion_frames=- motion_emb_sha= motion_pos_sha= motion_mask= mem_order_sha= motion_cols_sha= donor=None cover=exact:0,fallback:0,cycle:0,cross_seg:0 gate=none num_steps=10 act_sha=8353933eb95589d6 infer_ms=67.3
INFO:mme_vla_suite.serving.websocket_policy_server:TIMING infer_ms=67.3
INFO:mme_vla_suite.serving.websocket_policy_server:TIMING add_buffer_ms=38.1 frames=16 exec_start_idx=0
MV_INFER cond=normal split=test task=VideoUnmaskSwap ep=7 ep_seq=11 infer_seq=64 t=1224 es=216 k=0 motion_frames=- motion_emb_sha= motion_pos_sha= motion_mask= mem_order_sha= motion_cols_sha= donor=None cover=exact:0,fallback:0,cycle:0,cross_seg:0 gate=none num_steps=10 act_sha=ca5494e6faef129c infer_ms=67.2
INFO:mme_vla_suite.serving.websocket_policy_server:TIMING infer_ms=67.2
INFO:mme_vla_suite.serving.websocket_policy_server:TIMING add_buffer_ms=36.7 frames=16 exec_start_idx=0
MV_INFER cond=normal split=test task=VideoUnmaskSwap ep=7 ep_seq=11 infer_seq=65 t=1240 es=216 k=0 motion_frames=- motion_emb_sha= motion_pos_sha= motion_mask= mem_order_sha= motion_cols_sha= donor=None cover=exact:0,fallback:0,cycle:0,cross_seg:0 gate=none num_steps=10 act_sha=3bd35298aff1e579 infer_ms=67.2
INFO:mme_vla_suite.serving.websocket_policy_server:TIMING infer_ms=67.2
INFO:mme_vla_suite.serving.websocket_policy_server:TIMING add_buffer_ms=37.2 frames=16 exec_start_idx=0
MV_INFER cond=normal split=test task=VideoUnmaskSwap ep=7 ep_seq=11 infer_seq=66 t=1256 es=216 k=0 motion_frames=- motion_emb_sha= motion_pos_sha= motion_mask= mem_order_sha= motion_cols_sha= donor=None cover=exact:0,fallback:0,cycle:0,cross_seg:0 gate=none num_steps=10 act_sha=3b67150c24f6c609 infer_ms=67.4
INFO:mme_vla_suite.serving.websocket_policy_server:TIMING infer_ms=67.4
INFO:mme_vla_suite.serving.websocket_policy_server:TIMING add_buffer_ms=36.7 frames=16 exec_start_idx=0
MV_INFER cond=normal split=test task=VideoUnmaskSwap ep=7 ep_seq=11 infer_seq=67 t=1272 es=216 k=0 motion_frames=- motion_emb_sha= motion_pos_sha= motion_mask= mem_order_sha= motion_cols_sha= donor=None cover=exact:0,fallback:0,cycle:0,cross_seg:0 gate=none num_steps=10 act_sha=b85598495feebf56 infer_ms=67.2
INFO:mme_vla_suite.serving.websocket_policy_server:TIMING infer_ms=67.2
INFO:mme_vla_suite.serving.websocket_policy_server:TIMING add_buffer_ms=36.6 frames=16 exec_start_idx=0
MV_INFER cond=normal split=test task=VideoUnmaskSwap ep=7 ep_seq=11 infer_seq=68 t=1288 es=216 k=0 motion_frames=- motion_emb_sha= motion_pos_sha= motion_mask= mem_order_sha= motion_cols_sha= donor=None cover=exact:0,fallback:0,cycle:0,cross_seg:0 gate=none num_steps=10 act_sha=7c36eef6aaae6815 infer_ms=67.3
INFO:mme_vla_suite.serving.websocket_policy_server:TIMING infer_ms=67.3
INFO:mme_vla_suite.serving.websocket_policy_server:TIMING add_buffer_ms=36.7 frames=16 exec_start_idx=0
MV_INFER cond=normal split=test task=VideoUnmaskSwap ep=7 ep_seq=11 infer_seq=69 t=1304 es=216 k=0 motion_frames=- motion_emb_sha= motion_pos_sha= motion_mask= mem_order_sha= motion_cols_sha= donor=None cover=exact:0,fallback:0,cycle:0,cross_seg:0 gate=none num_steps=10 act_sha=2bf15005b22ba58e infer_ms=67.5
INFO:mme_vla_suite.serving.websocket_policy_server:TIMING infer_ms=67.5
INFO:mme_vla_suite.serving.websocket_policy_server:TIMING add_buffer_ms=37.3 frames=16 exec_start_idx=0
MV_INFER cond=normal split=test task=VideoUnmaskSwap ep=7 ep_seq=11 infer_seq=70 t=1320 es=216 k=0 motion_frames=- motion_emb_sha= motion_pos_sha= motion_mask= mem_order_sha= motion_cols_sha= donor=None cover=exact:0,fallback:0,cycle:0,cross_seg:0 gate=none num_steps=10 act_sha=ac45396774dcd072 infer_ms=67.2
INFO:mme_vla_suite.serving.websocket_policy_server:TIMING infer_ms=67.2
INFO:mme_vla_suite.serving.websocket_policy_server:TIMING add_buffer_ms=38.4 frames=16 exec_start_idx=0
MV_INFER cond=normal split=test task=VideoUnmaskSwap ep=7 ep_seq=11 infer_seq=71 t=1336 es=216 k=0 motion_frames=- motion_emb_sha= motion_pos_sha= motion_mask= mem_order_sha= motion_cols_sha= donor=None cover=exact:0,fallback:0,cycle:0,cross_seg:0 gate=none num_steps=10 act_sha=b843fb309c71577b infer_ms=67.2
INFO:mme_vla_suite.serving.websocket_policy_server:TIMING infer_ms=67.2
INFO:mme_vla_suite.serving.websocket_policy_server:TIMING add_buffer_ms=37.1 frames=16 exec_start_idx=0
MV_INFER cond=normal split=test task=VideoUnmaskSwap ep=7 ep_seq=11 infer_seq=72 t=1352 es=216 k=0 motion_frames=- motion_emb_sha= motion_pos_sha= motion_mask= mem_order_sha= motion_cols_sha= donor=None cover=exact:0,fallback:0,cycle:0,cross_seg:0 gate=none num_steps=10 act_sha=a13648c1f22b6f28 infer_ms=67.3
INFO:mme_vla_suite.serving.websocket_policy_server:TIMING infer_ms=67.3
INFO:mme_vla_suite.serving.websocket_policy_server:TIMING add_buffer_ms=36.6 frames=16 exec_start_idx=0
MV_INFER cond=normal split=test task=VideoUnmaskSwap ep=7 ep_seq=11 infer_seq=73 t=1368 es=216 k=0 motion_frames=- motion_emb_sha= motion_pos_sha= motion_mask= mem_order_sha= motion_cols_sha= donor=None cover=exact:0,fallback:0,cycle:0,cross_seg:0 gate=none num_steps=10 act_sha=bef6433e92b3ecb0 infer_ms=67.5
INFO:mme_vla_suite.serving.websocket_policy_server:TIMING infer_ms=67.5
INFO:mme_vla_suite.serving.websocket_policy_server:TIMING add_buffer_ms=36.9 frames=16 exec_start_idx=0
MV_INFER cond=normal split=test task=VideoUnmaskSwap ep=7 ep_seq=11 infer_seq=74 t=1384 es=216 k=0 motion_frames=- motion_emb_sha= motion_pos_sha= motion_mask= mem_order_sha= motion_cols_sha= donor=None cover=exact:0,fallback:0,cycle:0,cross_seg:0 gate=none num_steps=10 act_sha=a2c64adb6d53ba1f infer_ms=67.3
INFO:mme_vla_suite.serving.websocket_policy_server:TIMING infer_ms=67.3
INFO:mme_vla_suite.serving.websocket_policy_server:TIMING add_buffer_ms=36.6 frames=16 exec_start_idx=0
MV_INFER cond=normal split=test task=VideoUnmaskSwap ep=7 ep_seq=11 infer_seq=75 t=1400 es=216 k=0 motion_frames=- motion_emb_sha= motion_pos_sha= motion_mask= mem_order_sha= motion_cols_sha= donor=None cover=exact:0,fallback:0,cycle:0,cross_seg:0 gate=none num_steps=10 act_sha=48f685c899165e1d infer_ms=67.3
INFO:mme_vla_suite.serving.websocket_policy_server:TIMING infer_ms=67.3
INFO:mme_vla_suite.serving.websocket_policy_server:TIMING add_buffer_ms=36.7 frames=16 exec_start_idx=0
MV_INFER cond=normal split=test task=VideoUnmaskSwap ep=7 ep_seq=11 infer_seq=76 t=1416 es=216 k=0 motion_frames=- motion_emb_sha= motion_pos_sha= motion_mask= mem_order_sha= motion_cols_sha= donor=None cover=exact:0,fallback:0,cycle:0,cross_seg:0 gate=none num_steps=10 act_sha=389109001ecfc735 infer_ms=67.4
INFO:mme_vla_suite.serving.websocket_policy_server:TIMING infer_ms=67.4
INFO:mme_vla_suite.serving.websocket_policy_server:TIMING add_buffer_ms=36.8 frames=16 exec_start_idx=0
MV_INFER cond=normal split=test task=VideoUnmaskSwap ep=7 ep_seq=11 infer_seq=77 t=1432 es=216 k=0 motion_frames=- motion_emb_sha= motion_pos_sha= motion_mask= mem_order_sha= motion_cols_sha= donor=None cover=exact:0,fallback:0,cycle:0,cross_seg:0 gate=none num_steps=10 act_sha=526df347b0636a26 infer_ms=67.4
INFO:mme_vla_suite.serving.websocket_policy_server:TIMING infer_ms=67.4
INFO:mme_vla_suite.serving.websocket_policy_server:TIMING add_buffer_ms=36.9 frames=16 exec_start_idx=0
MV_INFER cond=normal split=test task=VideoUnmaskSwap ep=7 ep_seq=11 infer_seq=78 t=1448 es=216 k=0 motion_frames=- motion_emb_sha= motion_pos_sha= motion_mask= mem_order_sha= motion_cols_sha= donor=None cover=exact:0,fallback:0,cycle:0,cross_seg:0 gate=none num_steps=10 act_sha=873c0d223133a143 infer_ms=67.4
INFO:mme_vla_suite.serving.websocket_policy_server:TIMING infer_ms=67.4
INFO:mme_vla_suite.serving.websocket_policy_server:TIMING add_buffer_ms=37.3 frames=16 exec_start_idx=0
MV_INFER cond=normal split=test task=VideoUnmaskSwap ep=7 ep_seq=11 infer_seq=79 t=1464 es=216 k=0 motion_frames=- motion_emb_sha= motion_pos_sha= motion_mask= mem_order_sha= motion_cols_sha= donor=None cover=exact:0,fallback:0,cycle:0,cross_seg:0 gate=none num_steps=10 act_sha=cd46ad7eb295d9b2 infer_ms=67.4
INFO:mme_vla_suite.serving.websocket_policy_server:TIMING infer_ms=67.4
INFO:mme_vla_suite.serving.websocket_policy_server:TIMING add_buffer_ms=37.2 frames=16 exec_start_idx=0
MV_INFER cond=normal split=test task=VideoUnmaskSwap ep=7 ep_seq=11 infer_seq=80 t=1480 es=216 k=0 motion_frames=- motion_emb_sha= motion_pos_sha= motion_mask= mem_order_sha= motion_cols_sha= donor=None cover=exact:0,fallback:0,cycle:0,cross_seg:0 gate=none num_steps=10 act_sha=8ea89d2162b94b51 infer_ms=67.5
INFO:mme_vla_suite.serving.websocket_policy_server:TIMING infer_ms=67.5
INFO:mme_vla_suite.serving.websocket_policy_server:TIMING add_buffer_ms=40.1 frames=16 exec_start_idx=0
MV_INFER cond=normal split=test task=VideoUnmaskSwap ep=7 ep_seq=11 infer_seq=81 t=1496 es=216 k=0 motion_frames=- motion_emb_sha= motion_pos_sha= motion_mask= mem_order_sha= motion_cols_sha= donor=None cover=exact:0,fallback:0,cycle:0,cross_seg:0 gate=none num_steps=10 act_sha=f10efe5d2cd440ed infer_ms=67.2
INFO:mme_vla_suite.serving.websocket_policy_server:TIMING infer_ms=67.2
INFO:mme_vla_suite.serving.websocket_policy_server:TIMING add_buffer_ms=40.2 frames=16 exec_start_idx=0
MV_INFER cond=normal split=test task=VideoUnmaskSwap ep=7 ep_seq=11 infer_seq=82 t=1512 es=216 k=0 motion_frames=- motion_emb_sha= motion_pos_sha= motion_mask= mem_order_sha= motion_cols_sha= donor=None cover=exact:0,fallback:0,cycle:0,cross_seg:0 gate=none num_steps=10 act_sha=3bce98bd196b96b1 infer_ms=67.5
INFO:mme_vla_suite.serving.websocket_policy_server:TIMING infer_ms=67.5
INFO:websockets.server:connection open
INFO:mme_vla_suite.serving.websocket_policy_server:Connection from ('127.0.0.1', 47500) opened
MV_EPISODE_END ep_seq=11 infers=82 windows=0 wall_s=40.3
MV_EPISODE_BEGIN cond=normal split=test seed=42 ep_seq=12 expect=VideoUnmaskSwap:11
INFO:mme_vla_suite.serving.websocket_policy_server:TIMING add_buffer_ms=488.2 frames=217 exec_start_idx=216
MV_INFER cond=normal split=test task=VideoUnmaskSwap ep=11 ep_seq=12 infer_seq=1 t=216 es=216 k=0 motion_frames=- motion_emb_sha= motion_pos_sha= motion_mask= mem_order_sha= motion_cols_sha= donor=None cover=exact:0,fallback:0,cycle:0,cross_seg:0 gate=none num_steps=10 act_sha=c4f67092d153903b infer_ms=68.6
INFO:mme_vla_suite.serving.websocket_policy_server:TIMING infer_ms=68.6
INFO:mme_vla_suite.serving.websocket_policy_server:TIMING add_buffer_ms=38.8 frames=16 exec_start_idx=0
MV_INFER cond=normal split=test task=VideoUnmaskSwap ep=11 ep_seq=12 infer_seq=2 t=232 es=216 k=0 motion_frames=- motion_emb_sha= motion_pos_sha= motion_mask= mem_order_sha= motion_cols_sha= donor=None cover=exact:0,fallback:0,cycle:0,cross_seg:0 gate=none num_steps=10 act_sha=129095d62cc39332 infer_ms=67.5
INFO:mme_vla_suite.serving.websocket_policy_server:TIMING infer_ms=67.5
INFO:mme_vla_suite.serving.websocket_policy_server:TIMING add_buffer_ms=39.1 frames=16 exec_start_idx=0
MV_INFER cond=normal split=test task=VideoUnmaskSwap ep=11 ep_seq=12 infer_seq=3 t=248 es=216 k=0 motion_frames=- motion_emb_sha= motion_pos_sha= motion_mask= mem_order_sha= motion_cols_sha= donor=None cover=exact:0,fallback:0,cycle:0,cross_seg:0 gate=none num_steps=10 act_sha=d0a53f3b2d93200b infer_ms=67.7
INFO:mme_vla_suite.serving.websocket_policy_server:TIMING infer_ms=67.7
INFO:mme_vla_suite.serving.websocket_policy_server:TIMING add_buffer_ms=39.1 frames=16 exec_start_idx=0
MV_INFER cond=normal split=test task=VideoUnmaskSwap ep=11 ep_seq=12 infer_seq=4 t=264 es=216 k=0 motion_frames=- motion_emb_sha= motion_pos_sha= motion_mask= mem_order_sha= motion_cols_sha= donor=None cover=exact:0,fallback:0,cycle:0,cross_seg:0 gate=none num_steps=10 act_sha=e0e25a809ce47085 infer_ms=67.4
INFO:mme_vla_suite.serving.websocket_policy_server:TIMING infer_ms=67.4
INFO:mme_vla_suite.serving.websocket_policy_server:TIMING add_buffer_ms=36.7 frames=16 exec_start_idx=0
MV_INFER cond=normal split=test task=VideoUnmaskSwap ep=11 ep_seq=12 infer_seq=5 t=280 es=216 k=0 motion_frames=- motion_emb_sha= motion_pos_sha= motion_mask= mem_order_sha= motion_cols_sha= donor=None cover=exact:0,fallback:0,cycle:0,cross_seg:0 gate=none num_steps=10 act_sha=302e9a07adf13cf2 infer_ms=67.3
INFO:mme_vla_suite.serving.websocket_policy_server:TIMING infer_ms=67.3
INFO:mme_vla_suite.serving.websocket_policy_server:TIMING add_buffer_ms=35.8 frames=16 exec_start_idx=0
MV_INFER cond=normal split=test task=VideoUnmaskSwap ep=11 ep_seq=12 infer_seq=6 t=296 es=216 k=0 motion_frames=- motion_emb_sha= motion_pos_sha= motion_mask= mem_order_sha= motion_cols_sha= donor=None cover=exact:0,fallback:0,cycle:0,cross_seg:0 gate=none num_steps=10 act_sha=70e390c5717f9480 infer_ms=67.1
INFO:mme_vla_suite.serving.websocket_policy_server:TIMING infer_ms=67.1
INFO:mme_vla_suite.serving.websocket_policy_server:TIMING add_buffer_ms=39.3 frames=16 exec_start_idx=0
MV_INFER cond=normal split=test task=VideoUnmaskSwap ep=11 ep_seq=12 infer_seq=7 t=312 es=216 k=0 motion_frames=- motion_emb_sha= motion_pos_sha= motion_mask= mem_order_sha= motion_cols_sha= donor=None cover=exact:0,fallback:0,cycle:0,cross_seg:0 gate=none num_steps=10 act_sha=90554a0ee2cbf51c infer_ms=67.3
INFO:mme_vla_suite.serving.websocket_policy_server:TIMING infer_ms=67.3
INFO:mme_vla_suite.serving.websocket_policy_server:TIMING add_buffer_ms=36.9 frames=16 exec_start_idx=0
MV_INFER cond=normal split=test task=VideoUnmaskSwap ep=11 ep_seq=12 infer_seq=8 t=328 es=216 k=0 motion_frames=- motion_emb_sha= motion_pos_sha= motion_mask= mem_order_sha= motion_cols_sha= donor=None cover=exact:0,fallback:0,cycle:0,cross_seg:0 gate=none num_steps=10 act_sha=b1c41429b2c6bb7a infer_ms=67.2
INFO:mme_vla_suite.serving.websocket_policy_server:TIMING infer_ms=67.2
INFO:mme_vla_suite.serving.websocket_policy_server:TIMING add_buffer_ms=37.4 frames=16 exec_start_idx=0
MV_INFER cond=normal split=test task=VideoUnmaskSwap ep=11 ep_seq=12 infer_seq=9 t=344 es=216 k=0 motion_frames=- motion_emb_sha= motion_pos_sha= motion_mask= mem_order_sha= motion_cols_sha= donor=None cover=exact:0,fallback:0,cycle:0,cross_seg:0 gate=none num_steps=10 act_sha=b76ca71cd4bec3b3 infer_ms=67.2
INFO:mme_vla_suite.serving.websocket_policy_server:TIMING infer_ms=67.2
INFO:mme_vla_suite.serving.websocket_policy_server:TIMING add_buffer_ms=37.3 frames=16 exec_start_idx=0
MV_INFER cond=normal split=test task=VideoUnmaskSwap ep=11 ep_seq=12 infer_seq=10 t=360 es=216 k=0 motion_frames=- motion_emb_sha= motion_pos_sha= motion_mask= mem_order_sha= motion_cols_sha= donor=None cover=exact:0,fallback:0,cycle:0,cross_seg:0 gate=none num_steps=10 act_sha=698896790dc9b8fb infer_ms=67.5
INFO:mme_vla_suite.serving.websocket_policy_server:TIMING infer_ms=67.5
INFO:mme_vla_suite.serving.websocket_policy_server:TIMING add_buffer_ms=36.6 frames=16 exec_start_idx=0
MV_INFER cond=normal split=test task=VideoUnmaskSwap ep=11 ep_seq=12 infer_seq=11 t=376 es=216 k=0 motion_frames=- motion_emb_sha= motion_pos_sha= motion_mask= mem_order_sha= motion_cols_sha= donor=None cover=exact:0,fallback:0,cycle:0,cross_seg:0 gate=none num_steps=10 act_sha=5cb1ba98b98e7d92 infer_ms=67.1
INFO:mme_vla_suite.serving.websocket_policy_server:TIMING infer_ms=67.1
INFO:mme_vla_suite.serving.websocket_policy_server:TIMING add_buffer_ms=37.0 frames=16 exec_start_idx=0
MV_INFER cond=normal split=test task=VideoUnmaskSwap ep=11 ep_seq=12 infer_seq=12 t=392 es=216 k=0 motion_frames=- motion_emb_sha= motion_pos_sha= motion_mask= mem_order_sha= motion_cols_sha= donor=None cover=exact:0,fallback:0,cycle:0,cross_seg:0 gate=none num_steps=10 act_sha=56b75990882170de infer_ms=67.2
INFO:mme_vla_suite.serving.websocket_policy_server:TIMING infer_ms=67.2
INFO:mme_vla_suite.serving.websocket_policy_server:TIMING add_buffer_ms=37.0 frames=16 exec_start_idx=0
MV_INFER cond=normal split=test task=VideoUnmaskSwap ep=11 ep_seq=12 infer_seq=13 t=408 es=216 k=0 motion_frames=- motion_emb_sha= motion_pos_sha= motion_mask= mem_order_sha= motion_cols_sha= donor=None cover=exact:0,fallback:0,cycle:0,cross_seg:0 gate=none num_steps=10 act_sha=997d5394ede4edb8 infer_ms=67.3
INFO:mme_vla_suite.serving.websocket_policy_server:TIMING infer_ms=67.3
INFO:mme_vla_suite.serving.websocket_policy_server:TIMING add_buffer_ms=36.8 frames=16 exec_start_idx=0
MV_INFER cond=normal split=test task=VideoUnmaskSwap ep=11 ep_seq=12 infer_seq=14 t=424 es=216 k=0 motion_frames=- motion_emb_sha= motion_pos_sha= motion_mask= mem_order_sha= motion_cols_sha= donor=None cover=exact:0,fallback:0,cycle:0,cross_seg:0 gate=none num_steps=10 act_sha=29cafb22f014d9b1 infer_ms=67.1
INFO:mme_vla_suite.serving.websocket_policy_server:TIMING infer_ms=67.1
INFO:mme_vla_suite.serving.websocket_policy_server:TIMING add_buffer_ms=40.9 frames=16 exec_start_idx=0
MV_INFER cond=normal split=test task=VideoUnmaskSwap ep=11 ep_seq=12 infer_seq=15 t=440 es=216 k=0 motion_frames=- motion_emb_sha= motion_pos_sha= motion_mask= mem_order_sha= motion_cols_sha= donor=None cover=exact:0,fallback:0,cycle:0,cross_seg:0 gate=none num_steps=10 act_sha=7dd40f685137877b infer_ms=67.4
INFO:mme_vla_suite.serving.websocket_policy_server:TIMING infer_ms=67.4
INFO:mme_vla_suite.serving.websocket_policy_server:TIMING add_buffer_ms=36.7 frames=16 exec_start_idx=0
MV_INFER cond=normal split=test task=VideoUnmaskSwap ep=11 ep_seq=12 infer_seq=16 t=456 es=216 k=0 motion_frames=- motion_emb_sha= motion_pos_sha= motion_mask= mem_order_sha= motion_cols_sha= donor=None cover=exact:0,fallback:0,cycle:0,cross_seg:0 gate=none num_steps=10 act_sha=43d9cf4a092e9b64 infer_ms=68.0
INFO:mme_vla_suite.serving.websocket_policy_server:TIMING infer_ms=68.0
INFO:mme_vla_suite.serving.websocket_policy_server:TIMING add_buffer_ms=36.9 frames=16 exec_start_idx=0
MV_INFER cond=normal split=test task=VideoUnmaskSwap ep=11 ep_seq=12 infer_seq=17 t=472 es=216 k=0 motion_frames=- motion_emb_sha= motion_pos_sha= motion_mask= mem_order_sha= motion_cols_sha= donor=None cover=exact:0,fallback:0,cycle:0,cross_seg:0 gate=none num_steps=10 act_sha=f893b3f80120ee2c infer_ms=67.1
INFO:mme_vla_suite.serving.websocket_policy_server:TIMING infer_ms=67.1
INFO:mme_vla_suite.serving.websocket_policy_server:TIMING add_buffer_ms=37.5 frames=16 exec_start_idx=0
MV_INFER cond=normal split=test task=VideoUnmaskSwap ep=11 ep_seq=12 infer_seq=18 t=488 es=216 k=0 motion_frames=- motion_emb_sha= motion_pos_sha= motion_mask= mem_order_sha= motion_cols_sha= donor=None cover=exact:0,fallback:0,cycle:0,cross_seg:0 gate=none num_steps=10 act_sha=14b9eb88b7baa02c infer_ms=67.3
INFO:mme_vla_suite.serving.websocket_policy_server:TIMING infer_ms=67.3
INFO:mme_vla_suite.serving.websocket_policy_server:TIMING add_buffer_ms=36.8 frames=16 exec_start_idx=0
MV_INFER cond=normal split=test task=VideoUnmaskSwap ep=11 ep_seq=12 infer_seq=19 t=504 es=216 k=0 motion_frames=- motion_emb_sha= motion_pos_sha= motion_mask= mem_order_sha= motion_cols_sha= donor=None cover=exact:0,fallback:0,cycle:0,cross_seg:0 gate=none num_steps=10 act_sha=fd766d4bd5028736 infer_ms=67.1
INFO:mme_vla_suite.serving.websocket_policy_server:TIMING infer_ms=67.1
INFO:mme_vla_suite.serving.websocket_policy_server:TIMING add_buffer_ms=36.8 frames=16 exec_start_idx=0
MV_INFER cond=normal split=test task=VideoUnmaskSwap ep=11 ep_seq=12 infer_seq=20 t=520 es=216 k=0 motion_frames=- motion_emb_sha= motion_pos_sha= motion_mask= mem_order_sha= motion_cols_sha= donor=None cover=exact:0,fallback:0,cycle:0,cross_seg:0 gate=none num_steps=10 act_sha=44b127c76a35990c infer_ms=67.1
INFO:mme_vla_suite.serving.websocket_policy_server:TIMING infer_ms=67.1
INFO:mme_vla_suite.serving.websocket_policy_server:TIMING add_buffer_ms=37.1 frames=16 exec_start_idx=0
MV_INFER cond=normal split=test task=VideoUnmaskSwap ep=11 ep_seq=12 infer_seq=21 t=536 es=216 k=0 motion_frames=- motion_emb_sha= motion_pos_sha= motion_mask= mem_order_sha= motion_cols_sha= donor=None cover=exact:0,fallback:0,cycle:0,cross_seg:0 gate=none num_steps=10 act_sha=4aa7850d580a3447 infer_ms=67.5
INFO:mme_vla_suite.serving.websocket_policy_server:TIMING infer_ms=67.5
INFO:mme_vla_suite.serving.websocket_policy_server:TIMING add_buffer_ms=37.1 frames=16 exec_start_idx=0
MV_INFER cond=normal split=test task=VideoUnmaskSwap ep=11 ep_seq=12 infer_seq=22 t=552 es=216 k=0 motion_frames=- motion_emb_sha= motion_pos_sha= motion_mask= mem_order_sha= motion_cols_sha= donor=None cover=exact:0,fallback:0,cycle:0,cross_seg:0 gate=none num_steps=10 act_sha=c6177807a6ecbe4d infer_ms=67.2
INFO:mme_vla_suite.serving.websocket_policy_server:TIMING infer_ms=67.2
INFO:mme_vla_suite.serving.websocket_policy_server:TIMING add_buffer_ms=37.5 frames=16 exec_start_idx=0
MV_INFER cond=normal split=test task=VideoUnmaskSwap ep=11 ep_seq=12 infer_seq=23 t=568 es=216 k=0 motion_frames=- motion_emb_sha= motion_pos_sha= motion_mask= mem_order_sha= motion_cols_sha= donor=None cover=exact:0,fallback:0,cycle:0,cross_seg:0 gate=none num_steps=10 act_sha=36de1d80b07962e1 infer_ms=67.1
INFO:mme_vla_suite.serving.websocket_policy_server:TIMING infer_ms=67.1
INFO:mme_vla_suite.serving.websocket_policy_server:TIMING add_buffer_ms=37.0 frames=16 exec_start_idx=0
MV_INFER cond=normal split=test task=VideoUnmaskSwap ep=11 ep_seq=12 infer_seq=24 t=584 es=216 k=0 motion_frames=- motion_emb_sha= motion_pos_sha= motion_mask= mem_order_sha= motion_cols_sha= donor=None cover=exact:0,fallback:0,cycle:0,cross_seg:0 gate=none num_steps=10 act_sha=59eea5663487e75b infer_ms=67.4
INFO:mme_vla_suite.serving.websocket_policy_server:TIMING infer_ms=67.4
INFO:mme_vla_suite.serving.websocket_policy_server:TIMING add_buffer_ms=38.8 frames=16 exec_start_idx=0
MV_INFER cond=normal split=test task=VideoUnmaskSwap ep=11 ep_seq=12 infer_seq=25 t=600 es=216 k=0 motion_frames=- motion_emb_sha= motion_pos_sha= motion_mask= mem_order_sha= motion_cols_sha= donor=None cover=exact:0,fallback:0,cycle:0,cross_seg:0 gate=none num_steps=10 act_sha=d25b2b48e3cb1669 infer_ms=67.2
INFO:mme_vla_suite.serving.websocket_policy_server:TIMING infer_ms=67.2
INFO:mme_vla_suite.serving.websocket_policy_server:TIMING add_buffer_ms=37.8 frames=16 exec_start_idx=0
MV_INFER cond=normal split=test task=VideoUnmaskSwap ep=11 ep_seq=12 infer_seq=26 t=616 es=216 k=0 motion_frames=- motion_emb_sha= motion_pos_sha= motion_mask= mem_order_sha= motion_cols_sha= donor=None cover=exact:0,fallback:0,cycle:0,cross_seg:0 gate=none num_steps=10 act_sha=42ae158cbdc3b522 infer_ms=67.2
INFO:mme_vla_suite.serving.websocket_policy_server:TIMING infer_ms=67.2
INFO:mme_vla_suite.serving.websocket_policy_server:TIMING add_buffer_ms=37.3 frames=16 exec_start_idx=0
MV_INFER cond=normal split=test task=VideoUnmaskSwap ep=11 ep_seq=12 infer_seq=27 t=632 es=216 k=0 motion_frames=- motion_emb_sha= motion_pos_sha= motion_mask= mem_order_sha= motion_cols_sha= donor=None cover=exact:0,fallback:0,cycle:0,cross_seg:0 gate=none num_steps=10 act_sha=18a365050dd210b2 infer_ms=67.2
INFO:mme_vla_suite.serving.websocket_policy_server:TIMING infer_ms=67.2
INFO:mme_vla_suite.serving.websocket_policy_server:TIMING add_buffer_ms=36.7 frames=16 exec_start_idx=0
MV_INFER cond=normal split=test task=VideoUnmaskSwap ep=11 ep_seq=12 infer_seq=28 t=648 es=216 k=0 motion_frames=- motion_emb_sha= motion_pos_sha= motion_mask= mem_order_sha= motion_cols_sha= donor=None cover=exact:0,fallback:0,cycle:0,cross_seg:0 gate=none num_steps=10 act_sha=8f518554d890b0c6 infer_ms=67.1
INFO:mme_vla_suite.serving.websocket_policy_server:TIMING infer_ms=67.1
INFO:mme_vla_suite.serving.websocket_policy_server:TIMING add_buffer_ms=37.1 frames=16 exec_start_idx=0
MV_INFER cond=normal split=test task=VideoUnmaskSwap ep=11 ep_seq=12 infer_seq=29 t=664 es=216 k=0 motion_frames=- motion_emb_sha= motion_pos_sha= motion_mask= mem_order_sha= motion_cols_sha= donor=None cover=exact:0,fallback:0,cycle:0,cross_seg:0 gate=none num_steps=10 act_sha=e4e219f150e6bf70 infer_ms=67.3
INFO:mme_vla_suite.serving.websocket_policy_server:TIMING infer_ms=67.3
INFO:mme_vla_suite.serving.websocket_policy_server:TIMING add_buffer_ms=37.0 frames=16 exec_start_idx=0
MV_INFER cond=normal split=test task=VideoUnmaskSwap ep=11 ep_seq=12 infer_seq=30 t=680 es=216 k=0 motion_frames=- motion_emb_sha= motion_pos_sha= motion_mask= mem_order_sha= motion_cols_sha= donor=None cover=exact:0,fallback:0,cycle:0,cross_seg:0 gate=none num_steps=10 act_sha=2a051c558229ae1a infer_ms=67.1
INFO:mme_vla_suite.serving.websocket_policy_server:TIMING infer_ms=67.1
INFO:mme_vla_suite.serving.websocket_policy_server:TIMING add_buffer_ms=36.8 frames=16 exec_start_idx=0
MV_INFER cond=normal split=test task=VideoUnmaskSwap ep=11 ep_seq=12 infer_seq=31 t=696 es=216 k=0 motion_frames=- motion_emb_sha= motion_pos_sha= motion_mask= mem_order_sha= motion_cols_sha= donor=None cover=exact:0,fallback:0,cycle:0,cross_seg:0 gate=none num_steps=10 act_sha=9eb355e142e1203d infer_ms=67.2
INFO:mme_vla_suite.serving.websocket_policy_server:TIMING infer_ms=67.2
INFO:mme_vla_suite.serving.websocket_policy_server:TIMING add_buffer_ms=37.4 frames=16 exec_start_idx=0
MV_INFER cond=normal split=test task=VideoUnmaskSwap ep=11 ep_seq=12 infer_seq=32 t=712 es=216 k=0 motion_frames=- motion_emb_sha= motion_pos_sha= motion_mask= mem_order_sha= motion_cols_sha= donor=None cover=exact:0,fallback:0,cycle:0,cross_seg:0 gate=none num_steps=10 act_sha=e63413ae616b2153 infer_ms=67.3
INFO:mme_vla_suite.serving.websocket_policy_server:TIMING infer_ms=67.3
INFO:mme_vla_suite.serving.websocket_policy_server:TIMING add_buffer_ms=36.7 frames=16 exec_start_idx=0
MV_INFER cond=normal split=test task=VideoUnmaskSwap ep=11 ep_seq=12 infer_seq=33 t=728 es=216 k=0 motion_frames=- motion_emb_sha= motion_pos_sha= motion_mask= mem_order_sha= motion_cols_sha= donor=None cover=exact:0,fallback:0,cycle:0,cross_seg:0 gate=none num_steps=10 act_sha=4e9710333c542870 infer_ms=67.1
INFO:mme_vla_suite.serving.websocket_policy_server:TIMING infer_ms=67.1
INFO:mme_vla_suite.serving.websocket_policy_server:TIMING add_buffer_ms=36.6 frames=16 exec_start_idx=0
MV_INFER cond=normal split=test task=VideoUnmaskSwap ep=11 ep_seq=12 infer_seq=34 t=744 es=216 k=0 motion_frames=- motion_emb_sha= motion_pos_sha= motion_mask= mem_order_sha= motion_cols_sha= donor=None cover=exact:0,fallback:0,cycle:0,cross_seg:0 gate=none num_steps=10 act_sha=df946928bab98500 infer_ms=67.2
INFO:mme_vla_suite.serving.websocket_policy_server:TIMING infer_ms=67.2
INFO:mme_vla_suite.serving.websocket_policy_server:TIMING add_buffer_ms=36.7 frames=16 exec_start_idx=0
MV_INFER cond=normal split=test task=VideoUnmaskSwap ep=11 ep_seq=12 infer_seq=35 t=760 es=216 k=0 motion_frames=- motion_emb_sha= motion_pos_sha= motion_mask= mem_order_sha= motion_cols_sha= donor=None cover=exact:0,fallback:0,cycle:0,cross_seg:0 gate=none num_steps=10 act_sha=47b823a3fd9fc202 infer_ms=67.3
INFO:mme_vla_suite.serving.websocket_policy_server:TIMING infer_ms=67.3
INFO:mme_vla_suite.serving.websocket_policy_server:TIMING add_buffer_ms=36.7 frames=16 exec_start_idx=0
MV_INFER cond=normal split=test task=VideoUnmaskSwap ep=11 ep_seq=12 infer_seq=36 t=776 es=216 k=0 motion_frames=- motion_emb_sha= motion_pos_sha= motion_mask= mem_order_sha= motion_cols_sha= donor=None cover=exact:0,fallback:0,cycle:0,cross_seg:0 gate=none num_steps=10 act_sha=dd25c9a7a7e4628c infer_ms=67.4
INFO:mme_vla_suite.serving.websocket_policy_server:TIMING infer_ms=67.4
INFO:mme_vla_suite.serving.websocket_policy_server:TIMING add_buffer_ms=37.3 frames=16 exec_start_idx=0
MV_INFER cond=normal split=test task=VideoUnmaskSwap ep=11 ep_seq=12 infer_seq=37 t=792 es=216 k=0 motion_frames=- motion_emb_sha= motion_pos_sha= motion_mask= mem_order_sha= motion_cols_sha= donor=None cover=exact:0,fallback:0,cycle:0,cross_seg:0 gate=none num_steps=10 act_sha=18e1f51413539338 infer_ms=67.5
INFO:mme_vla_suite.serving.websocket_policy_server:TIMING infer_ms=67.5
INFO:mme_vla_suite.serving.websocket_policy_server:TIMING add_buffer_ms=37.9 frames=16 exec_start_idx=0
MV_INFER cond=normal split=test task=VideoUnmaskSwap ep=11 ep_seq=12 infer_seq=38 t=808 es=216 k=0 motion_frames=- motion_emb_sha= motion_pos_sha= motion_mask= mem_order_sha= motion_cols_sha= donor=None cover=exact:0,fallback:0,cycle:0,cross_seg:0 gate=none num_steps=10 act_sha=5fe4a9b1fadd1076 infer_ms=67.5
INFO:mme_vla_suite.serving.websocket_policy_server:TIMING infer_ms=67.5
INFO:mme_vla_suite.serving.websocket_policy_server:TIMING add_buffer_ms=41.1 frames=16 exec_start_idx=0
MV_INFER cond=normal split=test task=VideoUnmaskSwap ep=11 ep_seq=12 infer_seq=39 t=824 es=216 k=0 motion_frames=- motion_emb_sha= motion_pos_sha= motion_mask= mem_order_sha= motion_cols_sha= donor=None cover=exact:0,fallback:0,cycle:0,cross_seg:0 gate=none num_steps=10 act_sha=0866effafcf81ef3 infer_ms=67.8
INFO:mme_vla_suite.serving.websocket_policy_server:TIMING infer_ms=67.8
INFO:mme_vla_suite.serving.websocket_policy_server:TIMING add_buffer_ms=38.4 frames=16 exec_start_idx=0
MV_INFER cond=normal split=test task=VideoUnmaskSwap ep=11 ep_seq=12 infer_seq=40 t=840 es=216 k=0 motion_frames=- motion_emb_sha= motion_pos_sha= motion_mask= mem_order_sha= motion_cols_sha= donor=None cover=exact:0,fallback:0,cycle:0,cross_seg:0 gate=none num_steps=10 act_sha=87f8f4390070215c infer_ms=67.6
INFO:mme_vla_suite.serving.websocket_policy_server:TIMING infer_ms=67.6
INFO:mme_vla_suite.serving.websocket_policy_server:TIMING add_buffer_ms=37.1 frames=16 exec_start_idx=0
MV_INFER cond=normal split=test task=VideoUnmaskSwap ep=11 ep_seq=12 infer_seq=41 t=856 es=216 k=0 motion_frames=- motion_emb_sha= motion_pos_sha= motion_mask= mem_order_sha= motion_cols_sha= donor=None cover=exact:0,fallback:0,cycle:0,cross_seg:0 gate=none num_steps=10 act_sha=61a0218809e9f7bd infer_ms=67.4
INFO:mme_vla_suite.serving.websocket_policy_server:TIMING infer_ms=67.4
INFO:mme_vla_suite.serving.websocket_policy_server:TIMING add_buffer_ms=37.3 frames=16 exec_start_idx=0
MV_INFER cond=normal split=test task=VideoUnmaskSwap ep=11 ep_seq=12 infer_seq=42 t=872 es=216 k=0 motion_frames=- motion_emb_sha= motion_pos_sha= motion_mask= mem_order_sha= motion_cols_sha= donor=None cover=exact:0,fallback:0,cycle:0,cross_seg:0 gate=none num_steps=10 act_sha=54a2fbfd3a3e03c5 infer_ms=67.5
INFO:mme_vla_suite.serving.websocket_policy_server:TIMING infer_ms=67.5
INFO:mme_vla_suite.serving.websocket_policy_server:TIMING add_buffer_ms=37.3 frames=16 exec_start_idx=0
MV_INFER cond=normal split=test task=VideoUnmaskSwap ep=11 ep_seq=12 infer_seq=43 t=888 es=216 k=0 motion_frames=- motion_emb_sha= motion_pos_sha= motion_mask= mem_order_sha= motion_cols_sha= donor=None cover=exact:0,fallback:0,cycle:0,cross_seg:0 gate=none num_steps=10 act_sha=6848b01f6cd09d91 infer_ms=67.5
INFO:mme_vla_suite.serving.websocket_policy_server:TIMING infer_ms=67.5
INFO:mme_vla_suite.serving.websocket_policy_server:TIMING add_buffer_ms=40.2 frames=16 exec_start_idx=0
MV_INFER cond=normal split=test task=VideoUnmaskSwap ep=11 ep_seq=12 infer_seq=44 t=904 es=216 k=0 motion_frames=- motion_emb_sha= motion_pos_sha= motion_mask= mem_order_sha= motion_cols_sha= donor=None cover=exact:0,fallback:0,cycle:0,cross_seg:0 gate=none num_steps=10 act_sha=d99e9fceb9790925 infer_ms=68.0
INFO:mme_vla_suite.serving.websocket_policy_server:TIMING infer_ms=68.0
INFO:mme_vla_suite.serving.websocket_policy_server:TIMING add_buffer_ms=37.0 frames=16 exec_start_idx=0
MV_INFER cond=normal split=test task=VideoUnmaskSwap ep=11 ep_seq=12 infer_seq=45 t=920 es=216 k=0 motion_frames=- motion_emb_sha= motion_pos_sha= motion_mask= mem_order_sha= motion_cols_sha= donor=None cover=exact:0,fallback:0,cycle:0,cross_seg:0 gate=none num_steps=10 act_sha=3dda119a6b229fd2 infer_ms=67.2
INFO:mme_vla_suite.serving.websocket_policy_server:TIMING infer_ms=67.2
INFO:mme_vla_suite.serving.websocket_policy_server:TIMING add_buffer_ms=38.1 frames=16 exec_start_idx=0
MV_INFER cond=normal split=test task=VideoUnmaskSwap ep=11 ep_seq=12 infer_seq=46 t=936 es=216 k=0 motion_frames=- motion_emb_sha= motion_pos_sha= motion_mask= mem_order_sha= motion_cols_sha= donor=None cover=exact:0,fallback:0,cycle:0,cross_seg:0 gate=none num_steps=10 act_sha=2417683459756e42 infer_ms=67.4
INFO:mme_vla_suite.serving.websocket_policy_server:TIMING infer_ms=67.4
INFO:mme_vla_suite.serving.websocket_policy_server:TIMING add_buffer_ms=38.5 frames=16 exec_start_idx=0
MV_INFER cond=normal split=test task=VideoUnmaskSwap ep=11 ep_seq=12 infer_seq=47 t=952 es=216 k=0 motion_frames=- motion_emb_sha= motion_pos_sha= motion_mask= mem_order_sha= motion_cols_sha= donor=None cover=exact:0,fallback:0,cycle:0,cross_seg:0 gate=none num_steps=10 act_sha=d7b418f395176ea6 infer_ms=67.4
INFO:mme_vla_suite.serving.websocket_policy_server:TIMING infer_ms=67.4
INFO:mme_vla_suite.serving.websocket_policy_server:TIMING add_buffer_ms=39.4 frames=16 exec_start_idx=0
MV_INFER cond=normal split=test task=VideoUnmaskSwap ep=11 ep_seq=12 infer_seq=48 t=968 es=216 k=0 motion_frames=- motion_emb_sha= motion_pos_sha= motion_mask= mem_order_sha= motion_cols_sha= donor=None cover=exact:0,fallback:0,cycle:0,cross_seg:0 gate=none num_steps=10 act_sha=ab1b5c7b3907e141 infer_ms=68.0
INFO:mme_vla_suite.serving.websocket_policy_server:TIMING infer_ms=68.0
INFO:mme_vla_suite.serving.websocket_policy_server:TIMING add_buffer_ms=36.9 frames=16 exec_start_idx=0
MV_INFER cond=normal split=test task=VideoUnmaskSwap ep=11 ep_seq=12 infer_seq=49 t=984 es=216 k=0 motion_frames=- motion_emb_sha= motion_pos_sha= motion_mask= mem_order_sha= motion_cols_sha= donor=None cover=exact:0,fallback:0,cycle:0,cross_seg:0 gate=none num_steps=10 act_sha=27d87be0bd9dbb39 infer_ms=67.4
INFO:mme_vla_suite.serving.websocket_policy_server:TIMING infer_ms=67.4
INFO:mme_vla_suite.serving.websocket_policy_server:TIMING add_buffer_ms=36.9 frames=16 exec_start_idx=0
MV_INFER cond=normal split=test task=VideoUnmaskSwap ep=11 ep_seq=12 infer_seq=50 t=1000 es=216 k=0 motion_frames=- motion_emb_sha= motion_pos_sha= motion_mask= mem_order_sha= motion_cols_sha= donor=None cover=exact:0,fallback:0,cycle:0,cross_seg:0 gate=none num_steps=10 act_sha=3b5c9c064ba5a891 infer_ms=67.3
INFO:mme_vla_suite.serving.websocket_policy_server:TIMING infer_ms=67.3
INFO:mme_vla_suite.serving.websocket_policy_server:TIMING add_buffer_ms=40.2 frames=16 exec_start_idx=0
MV_INFER cond=normal split=test task=VideoUnmaskSwap ep=11 ep_seq=12 infer_seq=51 t=1016 es=216 k=0 motion_frames=- motion_emb_sha= motion_pos_sha= motion_mask= mem_order_sha= motion_cols_sha= donor=None cover=exact:0,fallback:0,cycle:0,cross_seg:0 gate=none num_steps=10 act_sha=b0e47ae627114010 infer_ms=68.2
INFO:mme_vla_suite.serving.websocket_policy_server:TIMING infer_ms=68.2
INFO:mme_vla_suite.serving.websocket_policy_server:TIMING add_buffer_ms=36.9 frames=16 exec_start_idx=0
MV_INFER cond=normal split=test task=VideoUnmaskSwap ep=11 ep_seq=12 infer_seq=52 t=1032 es=216 k=0 motion_frames=- motion_emb_sha= motion_pos_sha= motion_mask= mem_order_sha= motion_cols_sha= donor=None cover=exact:0,fallback:0,cycle:0,cross_seg:0 gate=none num_steps=10 act_sha=e2f87d92cf6eea82 infer_ms=67.3
INFO:mme_vla_suite.serving.websocket_policy_server:TIMING infer_ms=67.3
INFO:mme_vla_suite.serving.websocket_policy_server:TIMING add_buffer_ms=36.6 frames=16 exec_start_idx=0
MV_INFER cond=normal split=test task=VideoUnmaskSwap ep=11 ep_seq=12 infer_seq=53 t=1048 es=216 k=0 motion_frames=- motion_emb_sha= motion_pos_sha= motion_mask= mem_order_sha= motion_cols_sha= donor=None cover=exact:0,fallback:0,cycle:0,cross_seg:0 gate=none num_steps=10 act_sha=0494116a7d034bb4 infer_ms=67.4
INFO:mme_vla_suite.serving.websocket_policy_server:TIMING infer_ms=67.4
INFO:mme_vla_suite.serving.websocket_policy_server:TIMING add_buffer_ms=36.8 frames=16 exec_start_idx=0
MV_INFER cond=normal split=test task=VideoUnmaskSwap ep=11 ep_seq=12 infer_seq=54 t=1064 es=216 k=0 motion_frames=- motion_emb_sha= motion_pos_sha= motion_mask= mem_order_sha= motion_cols_sha= donor=None cover=exact:0,fallback:0,cycle:0,cross_seg:0 gate=none num_steps=10 act_sha=91381f1119fd7896 infer_ms=67.3
INFO:mme_vla_suite.serving.websocket_policy_server:TIMING infer_ms=67.3
INFO:mme_vla_suite.serving.websocket_policy_server:TIMING add_buffer_ms=36.7 frames=16 exec_start_idx=0
MV_INFER cond=normal split=test task=VideoUnmaskSwap ep=11 ep_seq=12 infer_seq=55 t=1080 es=216 k=0 motion_frames=- motion_emb_sha= motion_pos_sha= motion_mask= mem_order_sha= motion_cols_sha= donor=None cover=exact:0,fallback:0,cycle:0,cross_seg:0 gate=none num_steps=10 act_sha=12d7619c0010b697 infer_ms=67.3
INFO:mme_vla_suite.serving.websocket_policy_server:TIMING infer_ms=67.3
INFO:mme_vla_suite.serving.websocket_policy_server:TIMING add_buffer_ms=37.2 frames=16 exec_start_idx=0
MV_INFER cond=normal split=test task=VideoUnmaskSwap ep=11 ep_seq=12 infer_seq=56 t=1096 es=216 k=0 motion_frames=- motion_emb_sha= motion_pos_sha= motion_mask= mem_order_sha= motion_cols_sha= donor=None cover=exact:0,fallback:0,cycle:0,cross_seg:0 gate=none num_steps=10 act_sha=7f15904242cbde99 infer_ms=67.7
INFO:mme_vla_suite.serving.websocket_policy_server:TIMING infer_ms=67.7
INFO:mme_vla_suite.serving.websocket_policy_server:TIMING add_buffer_ms=36.8 frames=16 exec_start_idx=0
MV_INFER cond=normal split=test task=VideoUnmaskSwap ep=11 ep_seq=12 infer_seq=57 t=1112 es=216 k=0 motion_frames=- motion_emb_sha= motion_pos_sha= motion_mask= mem_order_sha= motion_cols_sha= donor=None cover=exact:0,fallback:0,cycle:0,cross_seg:0 gate=none num_steps=10 act_sha=29a56874713f801c infer_ms=67.3
INFO:mme_vla_suite.serving.websocket_policy_server:TIMING infer_ms=67.3
INFO:mme_vla_suite.serving.websocket_policy_server:TIMING add_buffer_ms=36.9 frames=16 exec_start_idx=0
MV_INFER cond=normal split=test task=VideoUnmaskSwap ep=11 ep_seq=12 infer_seq=58 t=1128 es=216 k=0 motion_frames=- motion_emb_sha= motion_pos_sha= motion_mask= mem_order_sha= motion_cols_sha= donor=None cover=exact:0,fallback:0,cycle:0,cross_seg:0 gate=none num_steps=10 act_sha=10d551890ab3e941 infer_ms=67.8
INFO:mme_vla_suite.serving.websocket_policy_server:TIMING infer_ms=67.8
INFO:mme_vla_suite.serving.websocket_policy_server:TIMING add_buffer_ms=38.0 frames=16 exec_start_idx=0
MV_INFER cond=normal split=test task=VideoUnmaskSwap ep=11 ep_seq=12 infer_seq=59 t=1144 es=216 k=0 motion_frames=- motion_emb_sha= motion_pos_sha= motion_mask= mem_order_sha= motion_cols_sha= donor=None cover=exact:0,fallback:0,cycle:0,cross_seg:0 gate=none num_steps=10 act_sha=68ca48982fc557e4 infer_ms=67.2
INFO:mme_vla_suite.serving.websocket_policy_server:TIMING infer_ms=67.2
INFO:mme_vla_suite.serving.websocket_policy_server:TIMING add_buffer_ms=36.5 frames=16 exec_start_idx=0
MV_INFER cond=normal split=test task=VideoUnmaskSwap ep=11 ep_seq=12 infer_seq=60 t=1160 es=216 k=0 motion_frames=- motion_emb_sha= motion_pos_sha= motion_mask= mem_order_sha= motion_cols_sha= donor=None cover=exact:0,fallback:0,cycle:0,cross_seg:0 gate=none num_steps=10 act_sha=7d5f7e1fb46e26f7 infer_ms=67.2
INFO:mme_vla_suite.serving.websocket_policy_server:TIMING infer_ms=67.2
INFO:mme_vla_suite.serving.websocket_policy_server:TIMING add_buffer_ms=37.2 frames=16 exec_start_idx=0
MV_INFER cond=normal split=test task=VideoUnmaskSwap ep=11 ep_seq=12 infer_seq=61 t=1176 es=216 k=0 motion_frames=- motion_emb_sha= motion_pos_sha= motion_mask= mem_order_sha= motion_cols_sha= donor=None cover=exact:0,fallback:0,cycle:0,cross_seg:0 gate=none num_steps=10 act_sha=1d930beb5f1f7a20 infer_ms=67.2
INFO:mme_vla_suite.serving.websocket_policy_server:TIMING infer_ms=67.2
INFO:mme_vla_suite.serving.websocket_policy_server:TIMING add_buffer_ms=36.5 frames=16 exec_start_idx=0
MV_INFER cond=normal split=test task=VideoUnmaskSwap ep=11 ep_seq=12 infer_seq=62 t=1192 es=216 k=0 motion_frames=- motion_emb_sha= motion_pos_sha= motion_mask= mem_order_sha= motion_cols_sha= donor=None cover=exact:0,fallback:0,cycle:0,cross_seg:0 gate=none num_steps=10 act_sha=67ae20e04383ee37 infer_ms=67.2
INFO:mme_vla_suite.serving.websocket_policy_server:TIMING infer_ms=67.2
INFO:mme_vla_suite.serving.websocket_policy_server:TIMING add_buffer_ms=38.1 frames=16 exec_start_idx=0
MV_INFER cond=normal split=test task=VideoUnmaskSwap ep=11 ep_seq=12 infer_seq=63 t=1208 es=216 k=0 motion_frames=- motion_emb_sha= motion_pos_sha= motion_mask= mem_order_sha= motion_cols_sha= donor=None cover=exact:0,fallback:0,cycle:0,cross_seg:0 gate=none num_steps=10 act_sha=b68df27747d00042 infer_ms=68.3
INFO:mme_vla_suite.serving.websocket_policy_server:TIMING infer_ms=68.3
INFO:mme_vla_suite.serving.websocket_policy_server:TIMING add_buffer_ms=36.9 frames=16 exec_start_idx=0
MV_INFER cond=normal split=test task=VideoUnmaskSwap ep=11 ep_seq=12 infer_seq=64 t=1224 es=216 k=0 motion_frames=- motion_emb_sha= motion_pos_sha= motion_mask= mem_order_sha= motion_cols_sha= donor=None cover=exact:0,fallback:0,cycle:0,cross_seg:0 gate=none num_steps=10 act_sha=665ae8b3f0711183 infer_ms=67.3
INFO:mme_vla_suite.serving.websocket_policy_server:TIMING infer_ms=67.3
INFO:mme_vla_suite.serving.websocket_policy_server:TIMING add_buffer_ms=36.5 frames=16 exec_start_idx=0
MV_INFER cond=normal split=test task=VideoUnmaskSwap ep=11 ep_seq=12 infer_seq=65 t=1240 es=216 k=0 motion_frames=- motion_emb_sha= motion_pos_sha= motion_mask= mem_order_sha= motion_cols_sha= donor=None cover=exact:0,fallback:0,cycle:0,cross_seg:0 gate=none num_steps=10 act_sha=088fdf220ac83ab0 infer_ms=67.2
INFO:mme_vla_suite.serving.websocket_policy_server:TIMING infer_ms=67.2
INFO:mme_vla_suite.serving.websocket_policy_server:TIMING add_buffer_ms=36.5 frames=16 exec_start_idx=0
MV_INFER cond=normal split=test task=VideoUnmaskSwap ep=11 ep_seq=12 infer_seq=66 t=1256 es=216 k=0 motion_frames=- motion_emb_sha= motion_pos_sha= motion_mask= mem_order_sha= motion_cols_sha= donor=None cover=exact:0,fallback:0,cycle:0,cross_seg:0 gate=none num_steps=10 act_sha=60db3e8558e5fc7e infer_ms=67.1
INFO:mme_vla_suite.serving.websocket_policy_server:TIMING infer_ms=67.1
INFO:mme_vla_suite.serving.websocket_policy_server:TIMING add_buffer_ms=36.5 frames=16 exec_start_idx=0
MV_INFER cond=normal split=test task=VideoUnmaskSwap ep=11 ep_seq=12 infer_seq=67 t=1272 es=216 k=0 motion_frames=- motion_emb_sha= motion_pos_sha= motion_mask= mem_order_sha= motion_cols_sha= donor=None cover=exact:0,fallback:0,cycle:0,cross_seg:0 gate=none num_steps=10 act_sha=8e8d4c3ce20827e3 infer_ms=67.2
INFO:mme_vla_suite.serving.websocket_policy_server:TIMING infer_ms=67.2
INFO:mme_vla_suite.serving.websocket_policy_server:TIMING add_buffer_ms=36.5 frames=16 exec_start_idx=0
MV_INFER cond=normal split=test task=VideoUnmaskSwap ep=11 ep_seq=12 infer_seq=68 t=1288 es=216 k=0 motion_frames=- motion_emb_sha= motion_pos_sha= motion_mask= mem_order_sha= motion_cols_sha= donor=None cover=exact:0,fallback:0,cycle:0,cross_seg:0 gate=none num_steps=10 act_sha=0f34122b50c8c027 infer_ms=67.1
INFO:mme_vla_suite.serving.websocket_policy_server:TIMING infer_ms=67.1
INFO:mme_vla_suite.serving.websocket_policy_server:TIMING add_buffer_ms=36.5 frames=16 exec_start_idx=0
MV_INFER cond=normal split=test task=VideoUnmaskSwap ep=11 ep_seq=12 infer_seq=69 t=1304 es=216 k=0 motion_frames=- motion_emb_sha= motion_pos_sha= motion_mask= mem_order_sha= motion_cols_sha= donor=None cover=exact:0,fallback:0,cycle:0,cross_seg:0 gate=none num_steps=10 act_sha=264b69871c32b174 infer_ms=67.2
INFO:mme_vla_suite.serving.websocket_policy_server:TIMING infer_ms=67.2
INFO:mme_vla_suite.serving.websocket_policy_server:TIMING add_buffer_ms=37.3 frames=16 exec_start_idx=0
MV_INFER cond=normal split=test task=VideoUnmaskSwap ep=11 ep_seq=12 infer_seq=70 t=1320 es=216 k=0 motion_frames=- motion_emb_sha= motion_pos_sha= motion_mask= mem_order_sha= motion_cols_sha= donor=None cover=exact:0,fallback:0,cycle:0,cross_seg:0 gate=none num_steps=10 act_sha=e9fb2d46b55437fd infer_ms=68.2
INFO:mme_vla_suite.serving.websocket_policy_server:TIMING infer_ms=68.2
INFO:mme_vla_suite.serving.websocket_policy_server:TIMING add_buffer_ms=36.9 frames=16 exec_start_idx=0
MV_INFER cond=normal split=test task=VideoUnmaskSwap ep=11 ep_seq=12 infer_seq=71 t=1336 es=216 k=0 motion_frames=- motion_emb_sha= motion_pos_sha= motion_mask= mem_order_sha= motion_cols_sha= donor=None cover=exact:0,fallback:0,cycle:0,cross_seg:0 gate=none num_steps=10 act_sha=affab9282d5a6ca5 infer_ms=67.3
INFO:mme_vla_suite.serving.websocket_policy_server:TIMING infer_ms=67.3
INFO:mme_vla_suite.serving.websocket_policy_server:TIMING add_buffer_ms=36.8 frames=16 exec_start_idx=0
MV_INFER cond=normal split=test task=VideoUnmaskSwap ep=11 ep_seq=12 infer_seq=72 t=1352 es=216 k=0 motion_frames=- motion_emb_sha= motion_pos_sha= motion_mask= mem_order_sha= motion_cols_sha= donor=None cover=exact:0,fallback:0,cycle:0,cross_seg:0 gate=none num_steps=10 act_sha=238d2dd7e9ec4654 infer_ms=67.2
INFO:mme_vla_suite.serving.websocket_policy_server:TIMING infer_ms=67.2
INFO:mme_vla_suite.serving.websocket_policy_server:TIMING add_buffer_ms=36.9 frames=16 exec_start_idx=0
MV_INFER cond=normal split=test task=VideoUnmaskSwap ep=11 ep_seq=12 infer_seq=73 t=1368 es=216 k=0 motion_frames=- motion_emb_sha= motion_pos_sha= motion_mask= mem_order_sha= motion_cols_sha= donor=None cover=exact:0,fallback:0,cycle:0,cross_seg:0 gate=none num_steps=10 act_sha=ca5dd443bebaee5f infer_ms=67.2
INFO:mme_vla_suite.serving.websocket_policy_server:TIMING infer_ms=67.2
INFO:mme_vla_suite.serving.websocket_policy_server:TIMING add_buffer_ms=39.0 frames=16 exec_start_idx=0
MV_INFER cond=normal split=test task=VideoUnmaskSwap ep=11 ep_seq=12 infer_seq=74 t=1384 es=216 k=0 motion_frames=- motion_emb_sha= motion_pos_sha= motion_mask= mem_order_sha= motion_cols_sha= donor=None cover=exact:0,fallback:0,cycle:0,cross_seg:0 gate=none num_steps=10 act_sha=89ae46ddec247895 infer_ms=68.0
INFO:mme_vla_suite.serving.websocket_policy_server:TIMING infer_ms=68.0
INFO:mme_vla_suite.serving.websocket_policy_server:TIMING add_buffer_ms=39.1 frames=16 exec_start_idx=0
MV_INFER cond=normal split=test task=VideoUnmaskSwap ep=11 ep_seq=12 infer_seq=75 t=1400 es=216 k=0 motion_frames=- motion_emb_sha= motion_pos_sha= motion_mask= mem_order_sha= motion_cols_sha= donor=None cover=exact:0,fallback:0,cycle:0,cross_seg:0 gate=none num_steps=10 act_sha=9eba201c3e4fc141 infer_ms=67.1
INFO:mme_vla_suite.serving.websocket_policy_server:TIMING infer_ms=67.1
INFO:mme_vla_suite.serving.websocket_policy_server:TIMING add_buffer_ms=38.9 frames=16 exec_start_idx=0
MV_INFER cond=normal split=test task=VideoUnmaskSwap ep=11 ep_seq=12 infer_seq=76 t=1416 es=216 k=0 motion_frames=- motion_emb_sha= motion_pos_sha= motion_mask= mem_order_sha= motion_cols_sha= donor=None cover=exact:0,fallback:0,cycle:0,cross_seg:0 gate=none num_steps=10 act_sha=2139a37e6370deb1 infer_ms=67.9
INFO:mme_vla_suite.serving.websocket_policy_server:TIMING infer_ms=67.9
INFO:mme_vla_suite.serving.websocket_policy_server:TIMING add_buffer_ms=36.4 frames=16 exec_start_idx=0
MV_INFER cond=normal split=test task=VideoUnmaskSwap ep=11 ep_seq=12 infer_seq=77 t=1432 es=216 k=0 motion_frames=- motion_emb_sha= motion_pos_sha= motion_mask= mem_order_sha= motion_cols_sha= donor=None cover=exact:0,fallback:0,cycle:0,cross_seg:0 gate=none num_steps=10 act_sha=94a0bf2004d44183 infer_ms=67.4
INFO:mme_vla_suite.serving.websocket_policy_server:TIMING infer_ms=67.4
INFO:mme_vla_suite.serving.websocket_policy_server:TIMING add_buffer_ms=37.2 frames=16 exec_start_idx=0
MV_INFER cond=normal split=test task=VideoUnmaskSwap ep=11 ep_seq=12 infer_seq=78 t=1448 es=216 k=0 motion_frames=- motion_emb_sha= motion_pos_sha= motion_mask= mem_order_sha= motion_cols_sha= donor=None cover=exact:0,fallback:0,cycle:0,cross_seg:0 gate=none num_steps=10 act_sha=0037a09c4795559f infer_ms=67.3
INFO:mme_vla_suite.serving.websocket_policy_server:TIMING infer_ms=67.3
INFO:mme_vla_suite.serving.websocket_policy_server:TIMING add_buffer_ms=36.5 frames=16 exec_start_idx=0
MV_INFER cond=normal split=test task=VideoUnmaskSwap ep=11 ep_seq=12 infer_seq=79 t=1464 es=216 k=0 motion_frames=- motion_emb_sha= motion_pos_sha= motion_mask= mem_order_sha= motion_cols_sha= donor=None cover=exact:0,fallback:0,cycle:0,cross_seg:0 gate=none num_steps=10 act_sha=de4882b897a66508 infer_ms=67.2
INFO:mme_vla_suite.serving.websocket_policy_server:TIMING infer_ms=67.2
INFO:mme_vla_suite.serving.websocket_policy_server:TIMING add_buffer_ms=36.6 frames=16 exec_start_idx=0
MV_INFER cond=normal split=test task=VideoUnmaskSwap ep=11 ep_seq=12 infer_seq=80 t=1480 es=216 k=0 motion_frames=- motion_emb_sha= motion_pos_sha= motion_mask= mem_order_sha= motion_cols_sha= donor=None cover=exact:0,fallback:0,cycle:0,cross_seg:0 gate=none num_steps=10 act_sha=4c9db9c97d890f8b infer_ms=67.8
INFO:mme_vla_suite.serving.websocket_policy_server:TIMING infer_ms=67.8
INFO:mme_vla_suite.serving.websocket_policy_server:TIMING add_buffer_ms=39.0 frames=16 exec_start_idx=0
MV_INFER cond=normal split=test task=VideoUnmaskSwap ep=11 ep_seq=12 infer_seq=81 t=1496 es=216 k=0 motion_frames=- motion_emb_sha= motion_pos_sha= motion_mask= mem_order_sha= motion_cols_sha= donor=None cover=exact:0,fallback:0,cycle:0,cross_seg:0 gate=none num_steps=10 act_sha=0ac1d74cee33728c infer_ms=67.9
INFO:mme_vla_suite.serving.websocket_policy_server:TIMING infer_ms=67.9
INFO:mme_vla_suite.serving.websocket_policy_server:TIMING add_buffer_ms=38.9 frames=16 exec_start_idx=0
MV_INFER cond=normal split=test task=VideoUnmaskSwap ep=11 ep_seq=12 infer_seq=82 t=1512 es=216 k=0 motion_frames=- motion_emb_sha= motion_pos_sha= motion_mask= mem_order_sha= motion_cols_sha= donor=None cover=exact:0,fallback:0,cycle:0,cross_seg:0 gate=none num_steps=10 act_sha=91e593925a1e089e infer_ms=67.1
INFO:mme_vla_suite.serving.websocket_policy_server:TIMING infer_ms=67.1
INFO:mme_vla_suite.serving.websocket_policy_server:Connection from ('127.0.0.1', 47500) closed
INFO:mme_vla_suite.serving.websocket_policy_server:Connection from ('127.0.0.1', 54572) closed
INFO:mme_vla_suite.serving.websocket_policy_server:Connection from ('127.0.0.1', 33046) closed
INFO:mme_vla_suite.serving.websocket_policy_server:Connection from ('127.0.0.1', 39358) closed
INFO:mme_vla_suite.serving.websocket_policy_server:Connection from ('127.0.0.1', 35608) closed
INFO:mme_vla_suite.serving.websocket_policy_server:Connection from ('127.0.0.1', 59296) closed
INFO:mme_vla_suite.serving.websocket_policy_server:Connection from ('127.0.0.1', 59548) closed
INFO:mme_vla_suite.serving.websocket_policy_server:Connection from ('127.0.0.1', 37324) closed
INFO:mme_vla_suite.serving.websocket_policy_server:Connection from ('127.0.0.1', 42734) closed
INFO:mme_vla_suite.serving.websocket_policy_server:Connection from ('127.0.0.1', 44680) closed
INFO:mme_vla_suite.serving.websocket_policy_server:Connection from ('127.0.0.1', 54638) closed
INFO:mme_vla_suite.serving.websocket_policy_server:Connection from ('127.0.0.1', 57422) closed
