1787975038,0, 0, 0
1787975038,1, 0, 0
1787975038,2, 0, 0
1787975038,3, 0, 0
1787975053,0, 0, 0
1787975053,1, 0, 0
1787975053,2, 0, 0
1787975053,3, 0, 0
1787975068,0, 0, 43493
1787975068,1, 0, 273
1787975068,2, 0, 273
1787975068,3, 0, 273
1787975083,0, 0, 43495
1787975083,1, 0, 273
1787975083,2, 0, 273
1787975083,3, 0, 273
1787975098,0, 0, 43495
1787975098,1, 0, 273
1787975098,2, 0, 273
1787975098,3, 0, 273
1787975113,0, 0, 43495
1787975113,1, 0, 273
1787975113,2, 0, 273
1787975113,3, 0, 273
1787975128,0, 0, 43495
1787975128,1, 0, 273
1787975128,2, 0, 273
1787975128,3, 0, 273
1787975143,0, 0, 43495
1787975143,1, 0, 273
1787975143,2, 0, 273
1787975143,3, 0, 273
1787975159,0, 0, 43495
1787975159,1, 0, 273
1787975159,2, 0, 273
1787975159,3, 0, 273
1787975174,0, 0, 43495
1787975174,1, 0, 273
1787975174,2, 0, 273
1787975174,3, 0, 273
1787975189,0, 0, 43495
1787975189,1, 0, 273
1787975189,2, 0, 273
1787975189,3, 0, 273
1787975204,0, 0, 43655
1787975204,1, 0, 43651
1787975204,2, 0, 43651
1787975204,3, 0, 43651
1787975219,0, 25, 43671
1787975219,1, 0, 43667
1787975219,2, 0, 43667
1787975219,3, 23, 43667
1787975234,0, 0, 43671
1787975234,1, 0, 43667
1787975234,2, 0, 43667
1787975234,3, 0, 43667
1787975249,0, 0, 43671
1787975249,1, 0, 43667
1787975249,2, 0, 43667
1787975249,3, 0, 43667
1787975264,0, 0, 43671
1787975264,1, 0, 43667
1787975264,2, 0, 43667
1787975264,3, 0, 43667
1787975279,0, 100, 43697
1787975279,1, 0, 43667
1787975279,2, 0, 43667
1787975279,3, 0, 43667
1787975294,0, 0, 43705
1787975294,1, 0, 43667
1787975294,2, 0, 43667
1787975294,3, 0, 43667
1787975309,0, 0, 43705
1787975309,1, 0, 43667
1787975309,2, 0, 43667
1787975309,3, 0, 43667
1787975324,0, 0, 43705
1787975324,1, 0, 43667
1787975324,2, 0, 43667
1787975324,3, 0, 43667
1787975339,0, 0, 43817
1787975339,1, 0, 43801
1787975339,2, 0, 43801
1787975339,3, 19, 43801
1787975355,0, 100, 43817
1787975355,1, 100, 43801
1787975355,2, 100, 43801
1787975355,3, 100, 43801
1787975370,0, 100, 43817
1787975370,1, 100, 43801
1787975370,2, 100, 43801
1787975370,3, 100, 43801
1787975385,0, 100, 43817
1787975385,1, 100, 43801
1787975385,2, 100, 43801
1787975385,3, 100, 43801
1787975400,0, 100, 43817
1787975400,1, 100, 43801
1787975400,2, 100, 43801
1787975400,3, 100, 43801
1787975415,0, 100, 43817
1787975415,1, 100, 43801
1787975415,2, 100, 43801
1787975415,3, 100, 43801
1787975430,0, 100, 43817
1787975430,1, 100, 43801
1787975430,2, 100, 43801
1787975430,3, 100, 43801
1787975445,0, 100, 43817
1787975445,1, 100, 43801
1787975445,2, 100, 43801
1787975445,3, 100, 43801
1787975460,0, 100, 43817
1787975460,1, 100, 43801
1787975460,2, 100, 43801
1787975460,3, 100, 43801
1787975475,0, 100, 43817
1787975475,1, 100, 43801
1787975475,2, 100, 43801
1787975475,3, 100, 43801
1787975490,0, 100, 43817
1787975490,1, 100, 43801
1787975490,2, 100, 43801
1787975490,3, 100, 43801
1787975505,0, 100, 43817
1787975505,1, 100, 43801
1787975505,2, 100, 43801
1787975505,3, 100, 43801
1787975520,0, 100, 43817
1787975520,1, 100, 43801
1787975520,2, 100, 43801
1787975520,3, 100, 43801
1787975536,0, 100, 43817
1787975536,1, 100, 43801
1787975536,2, 100, 43801
1787975536,3, 100, 43801
1787975551,0, 100, 43817
1787975551,1, 100, 43801
1787975551,2, 100, 43801
1787975551,3, 100, 43801
1787975566,0, 100, 43817
1787975566,1, 100, 43801
1787975566,2, 100, 43801
1787975566,3, 100, 43801
1787975581,0, 100, 43817
1787975581,1, 100, 43801
1787975581,2, 100, 43801
1787975581,3, 100, 43801
1787975596,0, 100, 43817
1787975596,1, 100, 43801
1787975596,2, 100, 43801
1787975596,3, 100, 43801
1787975611,0, 100, 43817
1787975611,1, 100, 43801
1787975611,2, 100, 43801
1787975611,3, 100, 43801
1787975626,0, 100, 43817
1787975626,1, 100, 43801
1787975626,2, 100, 43801
1787975626,3, 100, 43801
1787975641,0, 100, 43817
1787975641,1, 100, 43801
1787975641,2, 100, 43801
1787975641,3, 100, 43801
1787975656,0, 100, 43817
1787975656,1, 100, 43801
1787975656,2, 100, 43801
1787975656,3, 100, 43801
1787975671,0, 99, 43817
1787975671,1, 99, 43801
1787975671,2, 100, 43801
1787975671,3, 99, 43801
1787975687,0, 100, 43817
1787975687,1, 100, 43801
1787975687,2, 100, 43801
1787975687,3, 100, 43801
1787975702,0, 100, 43817
1787975702,1, 100, 43801
1787975702,2, 100, 43801
1787975702,3, 100, 43801
1787975717,0, 100, 43817
1787975717,1, 100, 43801
1787975717,2, 100, 43801
1787975717,3, 100, 43801
1787975732,0, 100, 43817
1787975732,1, 100, 43801
1787975732,2, 100, 43801
1787975732,3, 100, 43801
1787975747,0, 100, 43817
1787975747,1, 100, 43801
1787975747,2, 100, 43801
1787975747,3, 100, 43801
1787975762,0, 100, 43817
1787975762,1, 100, 43801
1787975762,2, 100, 43801
1787975762,3, 100, 43801
1787975777,0, 100, 43817
1787975777,1, 100, 43801
1787975777,2, 100, 43801
1787975777,3, 99, 43801
1787975792,0, 100, 43817
1787975792,1, 100, 43801
1787975792,2, 100, 43801
1787975792,3, 100, 43801
1787975807,0, 100, 43817
1787975807,1, 100, 43801
1787975807,2, 100, 43801
1787975807,3, 100, 43801
1787975822,0, 100, 43817
1787975822,1, 100, 43801
1787975822,2, 100, 43801
1787975822,3, 100, 43801
1787975837,0, 100, 43817
1787975837,1, 100, 43801
1787975837,2, 100, 43801
1787975837,3, 100, 43801
1787975852,0, 100, 43817
1787975852,1, 100, 43801
1787975852,2, 100, 43801
1787975852,3, 100, 43801
1787975868,0, 100, 43817
1787975868,1, 100, 43801
1787975868,2, 100, 43801
1787975868,3, 100, 43801
1787975883,0, 100, 43817
1787975883,1, 100, 43801
1787975883,2, 99, 43801
1787975883,3, 100, 43801
1787975898,0, 100, 43817
1787975898,1, 100, 43801
1787975898,2, 100, 43801
1787975898,3, 100, 43801
1787975913,0, 100, 43817
1787975913,1, 100, 43801
1787975913,2, 100, 43801
1787975913,3, 100, 43801
1787975928,0, 100, 43817
1787975928,1, 100, 43801
1787975928,2, 100, 43801
1787975928,3, 100, 43801
1787975943,0, 100, 43817
1787975943,1, 100, 43801
1787975943,2, 100, 43801
1787975943,3, 100, 43801
1787975958,0, 100, 43817
1787975958,1, 100, 43801
1787975958,2, 100, 43801
1787975958,3, 100, 43801
1787975973,0, 100, 43817
1787975973,1, 100, 43801
1787975973,2, 100, 43801
1787975973,3, 100, 43801
1787975988,0, 99, 43817
1787975988,1, 100, 43801
1787975988,2, 99, 43801
1787975988,3, 99, 43801
1787976004,0, 100, 43817
1787976004,1, 100, 43801
1787976004,2, 100, 43801
1787976004,3, 100, 43801
1787976019,0, 100, 43817
1787976019,1, 100, 43801
1787976019,2, 100, 43801
1787976019,3, 100, 43801
1787976034,0, 100, 43817
1787976034,1, 100, 43801
1787976034,2, 100, 43801
1787976034,3, 100, 43801
1787976049,0, 100, 43817
1787976049,1, 100, 43801
1787976049,2, 100, 43801
1787976049,3, 100, 43801
1787976064,0, 100, 43817
1787976064,1, 100, 43801
1787976064,2, 100, 43801
1787976064,3, 100, 43801
1787976079,0, 100, 43817
1787976079,1, 100, 43801
1787976079,2, 100, 43801
1787976079,3, 100, 43801
1787976094,0, 100, 43817
1787976094,1, 100, 43801
1787976094,2, 100, 43801
1787976094,3, 100, 43801
1787976109,0, 100, 43817
1787976109,1, 100, 43801
1787976109,2, 100, 43801
1787976109,3, 100, 43801
1787976124,0, 100, 43817
1787976124,1, 100, 43801
1787976124,2, 100, 43801
1787976124,3, 100, 43801
1787976139,0, 100, 43817
1787976139,1, 100, 43801
1787976139,2, 100, 43801
1787976139,3, 100, 43801
1787976154,0, 100, 43817
1787976154,1, 100, 43801
1787976154,2, 100, 43801
1787976154,3, 100, 43801
1787976170,0, 100, 43817
1787976170,1, 100, 43801
1787976170,2, 100, 43801
1787976170,3, 100, 43801
1787976185,0, 100, 43817
1787976185,1, 100, 43801
1787976185,2, 100, 43801
1787976185,3, 100, 43801
1787976200,0, 100, 43817
1787976200,1, 100, 43801
1787976200,2, 100, 43801
1787976200,3, 100, 43801
1787976215,0, 100, 43817
1787976215,1, 100, 43801
1787976215,2, 100, 43801
1787976215,3, 100, 43801
1787976230,0, 100, 43817
1787976230,1, 100, 43801
1787976230,2, 100, 43801
1787976230,3, 100, 43801
1787976245,0, 100, 43817
1787976245,1, 100, 43801
1787976245,2, 100, 43801
1787976245,3, 100, 43801
1787976260,0, 100, 43817
1787976260,1, 100, 43801
1787976260,2, 100, 43801
1787976260,3, 100, 43801
1787976275,0, 100, 43817
1787976275,1, 100, 43801
1787976275,2, 100, 43801
1787976275,3, 100, 43801
1787976290,0, 100, 43817
1787976290,1, 100, 43801
1787976290,2, 100, 43801
1787976290,3, 100, 43801
1787976305,0, 100, 43817
1787976305,1, 100, 43801
1787976305,2, 100, 43801
1787976305,3, 100, 43801
1787976320,0, 100, 43817
1787976320,1, 100, 43801
1787976320,2, 100, 43801
1787976320,3, 100, 43801
1787976335,0, 100, 43817
1787976335,1, 100, 43801
1787976335,2, 100, 43801
1787976335,3, 100, 43801
1787976351,0, 100, 43817
1787976351,1, 100, 43801
1787976351,2, 100, 43801
1787976351,3, 100, 43801
1787976366,0, 100, 43817
1787976366,1, 100, 43801
1787976366,2, 100, 43801
1787976366,3, 100, 43801
1787976381,0, 100, 43817
1787976381,1, 100, 43801
1787976381,2, 100, 43801
1787976381,3, 100, 43801
1787976396,0, 100, 43817
1787976396,1, 100, 43801
1787976396,2, 100, 43801
1787976396,3, 100, 43801
1787976411,0, 100, 43817
1787976411,1, 100, 43801
1787976411,2, 100, 43801
1787976411,3, 100, 43801
1787976426,0, 100, 43817
1787976426,1, 100, 43801
1787976426,2, 100, 43801
1787976426,3, 100, 43801
1787976441,0, 100, 43817
1787976441,1, 100, 43801
1787976441,2, 100, 43801
1787976441,3, 100, 43801
1787976456,0, 100, 43817
1787976456,1, 100, 43801
1787976456,2, 100, 43801
1787976456,3, 100, 43801
1787976471,0, 100, 43817
1787976471,1, 100, 43801
1787976471,2, 100, 43801
1787976471,3, 100, 43801
1787976486,0, 100, 43817
1787976486,1, 100, 43801
1787976486,2, 100, 43801
1787976486,3, 100, 43801
1787976502,0, 100, 43817
1787976502,1, 100, 43801
1787976502,2, 100, 43801
1787976502,3, 100, 43801
1787976517,0, 100, 43817
1787976517,1, 100, 43801
1787976517,2, 100, 43801
1787976517,3, 100, 43801
1787976532,0, 100, 43817
1787976532,1, 99, 43801
1787976532,2, 100, 43801
1787976532,3, 100, 43801
1787976547,0, 100, 43817
1787976547,1, 100, 43801
1787976547,2, 100, 43801
1787976547,3, 100, 43801
1787976562,0, 100, 43817
1787976562,1, 100, 43801
1787976562,2, 100, 43801
1787976562,3, 100, 43801
1787976577,0, 100, 43817
1787976577,1, 100, 43801
1787976577,2, 100, 43801
1787976577,3, 100, 43801
1787976592,0, 100, 43817
1787976592,1, 100, 43801
1787976592,2, 100, 43801
1787976592,3, 100, 43801
1787976607,0, 100, 43817
1787976607,1, 100, 43801
1787976607,2, 100, 43801
1787976607,3, 100, 43801
1787976622,0, 100, 43817
1787976622,1, 100, 43801
1787976622,2, 100, 43801
1787976622,3, 100, 43801
1787976637,0, 100, 43817
1787976637,1, 100, 43801
1787976637,2, 100, 43801
1787976637,3, 100, 43801
1787976652,0, 100, 43817
1787976652,1, 100, 43801
1787976652,2, 100, 43801
1787976652,3, 100, 43801
1787976667,0, 100, 43817
1787976667,1, 100, 43801
1787976667,2, 100, 43801
1787976667,3, 100, 43801
1787976683,0, 100, 43817
1787976683,1, 100, 43801
1787976683,2, 100, 43801
1787976683,3, 100, 43801
1787976698,0, 100, 43817
1787976698,1, 100, 43801
1787976698,2, 100, 43801
1787976698,3, 100, 43801
1787976713,0, 100, 43817
1787976713,1, 100, 43801
1787976713,2, 100, 43801
1787976713,3, 100, 43801
1787976728,0, 100, 43817
1787976728,1, 100, 43801
1787976728,2, 100, 43801
1787976728,3, 100, 43801
1787976743,0, 100, 43817
1787976743,1, 100, 43801
1787976743,2, 100, 43801
1787976743,3, 100, 43801
1787976758,0, 100, 43817
1787976758,1, 100, 43801
1787976758,2, 100, 43801
1787976758,3, 100, 43801
1787976773,0, 100, 43817
1787976773,1, 100, 43801
1787976773,2, 100, 43801
1787976773,3, 100, 43801
1787976788,0, 100, 43817
1787976788,1, 100, 43801
1787976788,2, 100, 43801
1787976788,3, 100, 43801
1787976803,0, 100, 43817
1787976803,1, 100, 43801
1787976803,2, 100, 43801
1787976803,3, 100, 43801
1787976818,0, 100, 43817
1787976818,1, 100, 43801
1787976818,2, 100, 43801
1787976818,3, 100, 43801
1787976833,0, 100, 43817
1787976833,1, 100, 43801
1787976833,2, 100, 43801
1787976833,3, 100, 43801
1787976849,0, 100, 43817
1787976849,1, 100, 43801
1787976849,2, 100, 43801
1787976849,3, 100, 43801
1787976864,0, 100, 43817
1787976864,1, 100, 43801
1787976864,2, 100, 43801
1787976864,3, 100, 43801
1787976879,0, 100, 43817
1787976879,1, 100, 43801
1787976879,2, 100, 43801
1787976879,3, 100, 43801
1787976895,0, 100, 43817
1787976895,1, 100, 43801
1787976895,2, 100, 43801
1787976895,3, 100, 43801
1787976910,0, 100, 43817
1787976910,1, 100, 43801
1787976910,2, 100, 43801
1787976910,3, 100, 43801
1787976925,0, 100, 43817
1787976925,1, 100, 43801
1787976925,2, 100, 43801
1787976925,3, 100, 43801
1787976940,0, 100, 43817
1787976940,1, 100, 43801
1787976940,2, 100, 43801
1787976940,3, 100, 43801
1787976955,0, 100, 43817
1787976955,1, 100, 43801
1787976955,2, 100, 43801
1787976955,3, 100, 43801
1787976970,0, 100, 43817
1787976970,1, 100, 43801
1787976970,2, 100, 43801
1787976970,3, 100, 43801
1787976985,0, 100, 43817
1787976985,1, 100, 43801
1787976985,2, 100, 43801
1787976985,3, 100, 43801
1787977000,0, 100, 43817
1787977000,1, 100, 43801
1787977000,2, 100, 43801
1787977000,3, 100, 43801
1787977015,0, 100, 43817
1787977015,1, 100, 43801
1787977015,2, 100, 43801
1787977015,3, 100, 43801
1787977030,0, 100, 43817
1787977030,1, 100, 43801
1787977030,2, 100, 43801
1787977030,3, 100, 43801
1787977046,0, 100, 43817
1787977046,1, 100, 43801
1787977046,2, 100, 43801
1787977046,3, 100, 43801
1787977061,0, 100, 43817
1787977061,1, 100, 43801
1787977061,2, 100, 43801
1787977061,3, 100, 43801
1787977076,0, 100, 43817
1787977076,1, 100, 43801
1787977076,2, 100, 43801
1787977076,3, 100, 43801
1787977091,0, 100, 43817
1787977091,1, 100, 43801
1787977091,2, 100, 43801
1787977091,3, 100, 43801
1787977106,0, 100, 43817
1787977106,1, 100, 43801
1787977106,2, 100, 43801
1787977106,3, 100, 43801
1787977121,0, 100, 43817
1787977121,1, 100, 43801
1787977121,2, 100, 43801
1787977121,3, 100, 43801
1787977136,0, 100, 43817
1787977136,1, 100, 43801
1787977136,2, 100, 43801
1787977136,3, 100, 43801
1787977151,0, 100, 43817
1787977151,1, 100, 43801
1787977151,2, 100, 43801
1787977151,3, 100, 43801
1787977166,0, 100, 43817
1787977166,1, 100, 43801
1787977166,2, 100, 43801
1787977166,3, 100, 43801
1787977182,0, 100, 43817
1787977182,1, 100, 43801
1787977182,2, 100, 43801
1787977182,3, 100, 43801
1787977197,0, 100, 43817
1787977197,1, 100, 43801
1787977197,2, 100, 43801
1787977197,3, 100, 43801
1787977212,0, 100, 43817
1787977212,1, 100, 43801
1787977212,2, 100, 43801
1787977212,3, 100, 43801
1787977227,0, 100, 43817
1787977227,1, 100, 43801
1787977227,2, 100, 43801
1787977227,3, 100, 43801
1787977242,0, 100, 43817
1787977242,1, 100, 43801
1787977242,2, 100, 43801
1787977242,3, 100, 43801
1787977257,0, 100, 43817
1787977257,1, 100, 43801
1787977257,2, 100, 43801
1787977257,3, 100, 43801
1787977272,0, 100, 43817
1787977272,1, 100, 43801
1787977272,2, 100, 43801
1787977272,3, 100, 43801
1787977287,0, 100, 43817
1787977287,1, 100, 43801
1787977287,2, 100, 43801
1787977287,3, 100, 43801
1787977302,0, 100, 43817
1787977302,1, 100, 43801
1787977302,2, 100, 43801
1787977302,3, 100, 43801
1787977317,0, 100, 43817
1787977317,1, 100, 43801
1787977317,2, 100, 43801
1787977317,3, 100, 43801
1787977333,0, 100, 43817
1787977333,1, 100, 43801
1787977333,2, 100, 43801
1787977333,3, 100, 43801
1787977348,0, 100, 43817
1787977348,1, 100, 43801
1787977348,2, 100, 43801
1787977348,3, 100, 43801
1787977363,0, 100, 43817
1787977363,1, 100, 43801
1787977363,2, 100, 43801
1787977363,3, 100, 43801
1787977378,0, 100, 43817
1787977378,1, 100, 43801
1787977378,2, 100, 43801
1787977378,3, 100, 43801
1787977393,0, 100, 43817
1787977393,1, 99, 43801
1787977393,2, 100, 43801
1787977393,3, 100, 43801
1787977408,0, 100, 43817
1787977408,1, 100, 43801
1787977408,2, 100, 43801
1787977408,3, 100, 43801
1787977423,0, 100, 43817
1787977423,1, 100, 43801
1787977423,2, 100, 43801
1787977423,3, 100, 43801
1787977438,0, 100, 43817
1787977438,1, 100, 43801
1787977438,2, 100, 43801
1787977438,3, 100, 43801
1787977453,0, 100, 43817
1787977453,1, 100, 43801
1787977453,2, 100, 43801
1787977453,3, 100, 43801
1787977468,0, 100, 43817
1787977468,1, 100, 43801
1787977468,2, 100, 43801
1787977468,3, 100, 43801
1787977483,0, 100, 43817
1787977483,1, 100, 43801
1787977483,2, 100, 43801
1787977483,3, 100, 43801
1787977499,0, 100, 43817
1787977499,1, 100, 43801
1787977499,2, 100, 43801
1787977499,3, 100, 43801
1787977514,0, 100, 43817
1787977514,1, 100, 43801
1787977514,2, 100, 43801
1787977514,3, 100, 43801
1787977529,0, 100, 43817
1787977529,1, 100, 43801
1787977529,2, 100, 43801
1787977529,3, 100, 43801
1787977544,0, 100, 43817
1787977544,1, 100, 43801
1787977544,2, 100, 43801
1787977544,3, 100, 43801
1787977559,0, 100, 43817
1787977559,1, 100, 43801
1787977559,2, 100, 43801
1787977559,3, 100, 43801
1787977574,0, 100, 43817
1787977574,1, 100, 43801
1787977574,2, 100, 43801
1787977574,3, 100, 43801
1787977589,0, 100, 43817
1787977589,1, 100, 43801
1787977589,2, 100, 43801
1787977589,3, 100, 43801
1787977604,0, 100, 43817
1787977604,1, 100, 43801
1787977604,2, 100, 43801
1787977604,3, 100, 43801
1787977619,0, 100, 43817
1787977619,1, 100, 43801
1787977619,2, 100, 43801
1787977619,3, 100, 43801
1787977634,0, 100, 43817
1787977634,1, 100, 43801
1787977634,2, 100, 43801
1787977634,3, 100, 43801
1787977649,0, 100, 43817
1787977649,1, 100, 43801
1787977649,2, 100, 43801
1787977649,3, 100, 43801
1787977664,0, 100, 43817
1787977664,1, 100, 43801
1787977664,2, 100, 43801
1787977664,3, 100, 43801
1787977679,0, 100, 43817
1787977679,1, 100, 43801
1787977679,2, 100, 43801
1787977679,3, 100, 43801
1787977695,0, 100, 43817
1787977695,1, 100, 43801
1787977695,2, 100, 43801
1787977695,3, 100, 43801
1787977710,0, 100, 43817
1787977710,1, 100, 43801
1787977710,2, 100, 43801
1787977710,3, 100, 43801
1787977725,0, 100, 43817
1787977725,1, 100, 43801
1787977725,2, 100, 43801
1787977725,3, 100, 43801
1787977740,0, 100, 43817
1787977740,1, 100, 43801
1787977740,2, 100, 43801
1787977740,3, 100, 43801
1787977755,0, 100, 43817
1787977755,1, 100, 43801
1787977755,2, 100, 43801
1787977755,3, 100, 43801
1787977770,0, 100, 43817
1787977770,1, 100, 43801
1787977770,2, 100, 43801
1787977770,3, 100, 43801
1787977785,0, 100, 43817
1787977785,1, 100, 43801
1787977785,2, 100, 43801
1787977785,3, 100, 43801
1787977800,0, 100, 43817
1787977800,1, 100, 43801
1787977800,2, 100, 43801
1787977800,3, 100, 43801
1787977815,0, 100, 43817
1787977815,1, 100, 43801
1787977815,2, 100, 43801
1787977815,3, 100, 43801
1787977830,0, 99, 43817
1787977830,1, 100, 43801
1787977830,2, 99, 43801
1787977830,3, 100, 43801
1787977845,0, 100, 43817
1787977845,1, 100, 43801
1787977845,2, 100, 43801
1787977845,3, 100, 43801
1787977861,0, 100, 43817
1787977861,1, 100, 43801
1787977861,2, 100, 43801
1787977861,3, 100, 43801
1787977876,0, 100, 43817
1787977876,1, 100, 43801
1787977876,2, 100, 43801
1787977876,3, 100, 43801
1787977891,0, 100, 43817
1787977891,1, 100, 43801
1787977891,2, 100, 43801
1787977891,3, 100, 43801
1787977906,0, 100, 43817
1787977906,1, 100, 43801
1787977906,2, 100, 43801
1787977906,3, 100, 43801
1787977921,0, 100, 43817
1787977921,1, 100, 43801
1787977921,2, 100, 43801
1787977921,3, 100, 43801
1787977936,0, 100, 43817
1787977936,1, 100, 43801
1787977936,2, 100, 43801
1787977936,3, 100, 43801
1787977951,0, 100, 43817
1787977951,1, 100, 43801
1787977951,2, 100, 43801
1787977951,3, 100, 43801
1787977966,0, 100, 43817
1787977966,1, 100, 43801
1787977966,2, 100, 43801
1787977966,3, 100, 43801
1787977981,0, 100, 43817
1787977981,1, 100, 43801
1787977981,2, 100, 43801
1787977981,3, 100, 43801
1787977997,0, 100, 43817
1787977997,1, 100, 43801
1787977997,2, 100, 43801
1787977997,3, 100, 43801
1787978012,0, 100, 43817
1787978012,1, 100, 43801
1787978012,2, 100, 43801
1787978012,3, 100, 43801
1787978027,0, 100, 43817
1787978027,1, 100, 43801
1787978027,2, 100, 43801
1787978027,3, 100, 43801
1787978042,0, 100, 43817
1787978042,1, 100, 43801
1787978042,2, 100, 43801
1787978042,3, 100, 43801
1787978057,0, 100, 43817
1787978057,1, 100, 43801
1787978057,2, 100, 43801
1787978057,3, 100, 43801
1787978072,0, 100, 43817
1787978072,1, 100, 43801
1787978072,2, 100, 43801
1787978072,3, 100, 43801
1787978087,0, 100, 43817
1787978087,1, 100, 43801
1787978087,2, 100, 43801
1787978087,3, 100, 43801
1787978102,0, 100, 43817
1787978102,1, 100, 43801
1787978102,2, 100, 43801
1787978102,3, 100, 43801
1787978117,0, 100, 43817
1787978117,1, 100, 43801
1787978117,2, 100, 43801
1787978117,3, 100, 43801
1787978132,0, 100, 43817
1787978132,1, 100, 43801
1787978132,2, 100, 43801
1787978132,3, 100, 43801
1787978148,0, 100, 43817
1787978148,1, 100, 43801
1787978148,2, 100, 43801
1787978148,3, 100, 43801
1787978163,0, 100, 43817
1787978163,1, 100, 43801
1787978163,2, 100, 43801
1787978163,3, 100, 43801
1787978178,0, 100, 43817
1787978178,1, 100, 43801
1787978178,2, 100, 43801
1787978178,3, 100, 43801
1787978193,0, 100, 43817
1787978193,1, 100, 43801
1787978193,2, 100, 43801
1787978193,3, 100, 43801
1787978208,0, 100, 43817
1787978208,1, 100, 43801
1787978208,2, 100, 43801
1787978208,3, 100, 43801
1787978223,0, 100, 43817
1787978223,1, 100, 43801
1787978223,2, 100, 43801
1787978223,3, 100, 43801
1787978238,0, 100, 43817
1787978238,1, 100, 43801
1787978238,2, 100, 43801
1787978238,3, 100, 43801
1787978253,0, 100, 43817
1787978253,1, 100, 43801
1787978253,2, 100, 43801
1787978253,3, 100, 43801
1787978268,0, 100, 43817
1787978268,1, 100, 43801
1787978268,2, 100, 43801
1787978268,3, 100, 43801
1787978283,0, 100, 43817
1787978283,1, 100, 43801
1787978283,2, 100, 43801
1787978283,3, 100, 43801
1787978299,0, 100, 43817
1787978299,1, 100, 43801
1787978299,2, 100, 43801
1787978299,3, 100, 43801
1787978314,0, 100, 43817
1787978314,1, 100, 43801
1787978314,2, 100, 43801
1787978314,3, 100, 43801
1787978329,0, 100, 43817
1787978329,1, 100, 43801
1787978329,2, 100, 43801
1787978329,3, 100, 43801
1787978344,0, 100, 43817
1787978344,1, 100, 43801
1787978344,2, 100, 43801
1787978344,3, 100, 43801
1787978359,0, 100, 43817
1787978359,1, 100, 43801
1787978359,2, 100, 43801
1787978359,3, 100, 43801
1787978374,0, 100, 43817
1787978374,1, 99, 43801
1787978374,2, 99, 43801
1787978374,3, 100, 43801
1787978389,0, 100, 43817
1787978389,1, 100, 43801
1787978389,2, 100, 43801
1787978389,3, 100, 43801
1787978404,0, 100, 43817
1787978404,1, 100, 43801
1787978404,2, 100, 43801
1787978404,3, 100, 43801
1787978419,0, 100, 43817
1787978419,1, 100, 43801
1787978419,2, 100, 43801
1787978419,3, 100, 43801
1787978435,0, 100, 43817
1787978435,1, 100, 43801
1787978435,2, 100, 43801
1787978435,3, 100, 43801
1787978450,0, 100, 43817
1787978450,1, 100, 43801
1787978450,2, 100, 43801
1787978450,3, 100, 43801
1787978465,0, 100, 43817
1787978465,1, 100, 43801
1787978465,2, 100, 43801
1787978465,3, 100, 43801
1787978480,0, 100, 43817
1787978480,1, 100, 43801
1787978480,2, 100, 43801
1787978480,3, 100, 43801
1787978495,0, 100, 43817
1787978495,1, 100, 43801
1787978495,2, 100, 43801
1787978495,3, 100, 43801
1787978510,0, 100, 43817
1787978510,1, 100, 43801
1787978510,2, 100, 43801
1787978510,3, 100, 43801
1787978525,0, 100, 43817
1787978525,1, 100, 43801
1787978525,2, 100, 43801
1787978525,3, 100, 43801
1787978540,0, 100, 43817
1787978540,1, 100, 43801
1787978540,2, 100, 43801
1787978540,3, 100, 43801
1787978555,0, 100, 43817
1787978555,1, 100, 43801
1787978555,2, 100, 43801
1787978555,3, 100, 43801
1787978570,0, 100, 43817
1787978570,1, 100, 43801
1787978570,2, 100, 43801
1787978570,3, 100, 43801
1787978585,0, 100, 43817
1787978585,1, 99, 43801
1787978585,2, 100, 43801
1787978585,3, 100, 43801
1787978600,0, 100, 43817
1787978600,1, 100, 43801
1787978600,2, 100, 43801
1787978600,3, 100, 43801
1787978615,0, 100, 43817
1787978615,1, 100, 43801
1787978615,2, 100, 43801
1787978615,3, 100, 43801
1787978631,0, 100, 43817
1787978631,1, 100, 43801
1787978631,2, 100, 43801
1787978631,3, 100, 43801
1787978646,0, 100, 43817
1787978646,1, 100, 43801
1787978646,2, 100, 43801
1787978646,3, 100, 43801
1787978661,0, 100, 43817
1787978661,1, 100, 43801
1787978661,2, 100, 43801
1787978661,3, 100, 43801
1787978676,0, 100, 43817
1787978676,1, 100, 43801
1787978676,2, 100, 43801
1787978676,3, 100, 43801
1787978691,0, 100, 43817
1787978691,1, 100, 43801
1787978691,2, 99, 43801
1787978691,3, 100, 43801
1787978706,0, 100, 43817
1787978706,1, 100, 43801
1787978706,2, 100, 43801
1787978706,3, 100, 43801
1787978721,0, 100, 43817
1787978721,1, 100, 43801
1787978721,2, 100, 43801
1787978721,3, 100, 43801
1787978736,0, 100, 43817
1787978736,1, 100, 43801
1787978736,2, 100, 43801
1787978736,3, 100, 43801
1787978751,0, 100, 43817
1787978751,1, 100, 43801
1787978751,2, 100, 43801
1787978751,3, 100, 43801
1787978766,0, 100, 43817
1787978766,1, 100, 43801
1787978766,2, 100, 43801
1787978766,3, 100, 43801
1787978781,0, 100, 43817
1787978781,1, 100, 43801
1787978781,2, 100, 43801
1787978781,3, 100, 43801
1787978796,0, 99, 43817
1787978796,1, 100, 43801
1787978796,2, 100, 43801
1787978796,3, 100, 43801
1787978812,0, 100, 43817
1787978812,1, 100, 43801
1787978812,2, 100, 43801
1787978812,3, 100, 43801
1787978827,0, 100, 43817
1787978827,1, 100, 43801
1787978827,2, 100, 43801
1787978827,3, 100, 43801
1787978842,0, 100, 43817
1787978842,1, 100, 43801
1787978842,2, 100, 43801
1787978842,3, 100, 43801
1787978857,0, 100, 43817
1787978857,1, 100, 43801
1787978857,2, 100, 43801
1787978857,3, 100, 43801
1787978872,0, 100, 43817
1787978872,1, 100, 43801
1787978872,2, 100, 43801
1787978872,3, 100, 43801
1787978887,0, 100, 43817
1787978887,1, 100, 43801
1787978887,2, 100, 43801
1787978887,3, 100, 43801
1787978902,0, 99, 43817
1787978902,1, 99, 43801
1787978902,2, 99, 43801
1787978902,3, 100, 43801
1787978917,0, 100, 43817
1787978917,1, 100, 43801
1787978917,2, 100, 43801
1787978917,3, 100, 43801
1787978932,0, 100, 43817
1787978932,1, 100, 43801
1787978932,2, 100, 43801
1787978932,3, 100, 43801
1787978947,0, 100, 43817
1787978947,1, 100, 43801
1787978947,2, 100, 43801
1787978947,3, 100, 43801
1787978962,0, 100, 43817
1787978962,1, 100, 43801
1787978962,2, 100, 43801
1787978962,3, 100, 43801
1787978977,0, 100, 43817
1787978977,1, 100, 43801
1787978977,2, 100, 43801
1787978977,3, 100, 43801
1787978993,0, 100, 43817
1787978993,1, 100, 43801
1787978993,2, 100, 43801
1787978993,3, 100, 43801
1787979008,0, 100, 43817
1787979008,1, 100, 43801
1787979008,2, 100, 43801
1787979008,3, 100, 43801
1787979023,0, 100, 43817
1787979023,1, 100, 43801
1787979023,2, 100, 43801
1787979023,3, 100, 43801
1787979038,0, 100, 43817
1787979038,1, 100, 43801
1787979038,2, 100, 43801
1787979038,3, 100, 43801
1787979053,0, 100, 43817
1787979053,1, 100, 43801
1787979053,2, 100, 43801
1787979053,3, 100, 43801
1787979068,0, 100, 43817
1787979068,1, 100, 43801
1787979068,2, 100, 43801
1787979068,3, 100, 43801
1787979083,0, 100, 43817
1787979083,1, 100, 43801
1787979083,2, 100, 43801
1787979083,3, 100, 43801
1787979098,0, 100, 43817
1787979098,1, 100, 43801
1787979098,2, 100, 43801
1787979098,3, 100, 43801
1787979113,0, 100, 43817
1787979113,1, 100, 43801
1787979113,2, 100, 43801
1787979113,3, 100, 43801
1787979128,0, 100, 43817
1787979128,1, 100, 43801
1787979128,2, 100, 43801
1787979128,3, 100, 43801
1787979143,0, 100, 43817
1787979143,1, 100, 43801
1787979143,2, 100, 43801
1787979143,3, 100, 43801
1787979158,0, 100, 43817
1787979158,1, 100, 43801
1787979158,2, 100, 43801
1787979158,3, 100, 43801
1787979174,0, 100, 43817
1787979174,1, 100, 43801
1787979174,2, 100, 43801
1787979174,3, 100, 43801
1787979189,0, 100, 43817
1787979189,1, 100, 43801
1787979189,2, 100, 43801
1787979189,3, 100, 43801
1787979204,0, 100, 43817
1787979204,1, 100, 43801
1787979204,2, 100, 43801
1787979204,3, 100, 43801
1787979219,0, 100, 43817
1787979219,1, 100, 43801
1787979219,2, 100, 43801
1787979219,3, 100, 43801
1787979234,0, 100, 43817
1787979234,1, 100, 43801
1787979234,2, 100, 43801
1787979234,3, 100, 43801
1787979249,0, 100, 43817
1787979249,1, 100, 43801
1787979249,2, 100, 43801
1787979249,3, 100, 43801
1787979264,0, 100, 43817
1787979264,1, 100, 43801
1787979264,2, 100, 43801
1787979264,3, 100, 43801
1787979279,0, 100, 43817
1787979279,1, 100, 43801
1787979279,2, 100, 43801
1787979279,3, 100, 43801
1787979294,0, 100, 43817
1787979294,1, 100, 43801
1787979294,2, 100, 43801
1787979294,3, 100, 43801
1787979309,0, 100, 43817
1787979309,1, 100, 43801
1787979309,2, 100, 43801
1787979309,3, 100, 43801
1787979324,0, 100, 43817
1787979324,1, 100, 43801
1787979324,2, 100, 43801
1787979324,3, 100, 43801
1787979340,0, 99, 43817
1787979340,1, 99, 43801
1787979340,2, 99, 43801
1787979340,3, 100, 43801
1787979355,0, 100, 43817
1787979355,1, 100, 43801
1787979355,2, 100, 43801
1787979355,3, 100, 43801
1787979370,0, 100, 43817
1787979370,1, 100, 43801
1787979370,2, 100, 43801
1787979370,3, 100, 43801
1787979385,0, 100, 43817
1787979385,1, 100, 43801
1787979385,2, 100, 43801
1787979385,3, 100, 43801
1787979400,0, 100, 43817
1787979400,1, 100, 43801
1787979400,2, 100, 43801
1787979400,3, 100, 43801
1787979415,0, 100, 43817
1787979415,1, 100, 43801
1787979415,2, 100, 43801
1787979415,3, 100, 43801
1787979430,0, 100, 43817
1787979430,1, 100, 43801
1787979430,2, 100, 43801
1787979430,3, 100, 43801
1787979445,0, 100, 43817
1787979445,1, 100, 43801
1787979445,2, 100, 43801
1787979445,3, 100, 43801
1787979460,0, 100, 43817
1787979460,1, 100, 43801
1787979460,2, 100, 43801
1787979460,3, 100, 43801
1787979475,0, 100, 43817
1787979475,1, 100, 43801
1787979475,2, 100, 43801
1787979475,3, 100, 43801
1787979490,0, 100, 43817
1787979490,1, 100, 43801
1787979490,2, 100, 43801
1787979490,3, 100, 43801
1787979505,0, 100, 43817
1787979505,1, 100, 43801
1787979505,2, 100, 43801
1787979505,3, 100, 43801
1787979521,0, 100, 43817
1787979521,1, 100, 43801
1787979521,2, 100, 43801
1787979521,3, 100, 43801
1787979536,0, 100, 43817
1787979536,1, 100, 43801
1787979536,2, 100, 43801
1787979536,3, 100, 43801
1787979551,0, 100, 43817
1787979551,1, 99, 43801
1787979551,2, 100, 43801
1787979551,3, 100, 43801
1787979566,0, 100, 43817
1787979566,1, 100, 43801
1787979566,2, 100, 43801
1787979566,3, 100, 43801
1787979581,0, 100, 43817
1787979581,1, 100, 43801
1787979581,2, 100, 43801
1787979581,3, 100, 43801
1787979596,0, 100, 43817
1787979596,1, 100, 43801
1787979596,2, 100, 43801
1787979596,3, 100, 43801
1787979611,0, 100, 43817
1787979611,1, 100, 43801
1787979611,2, 100, 43801
1787979611,3, 100, 43801
1787979626,0, 100, 43817
1787979626,1, 100, 43801
1787979626,2, 100, 43801
1787979626,3, 100, 43801
1787979641,0, 100, 43817
1787979641,1, 100, 43801
1787979641,2, 100, 43801
1787979641,3, 100, 43801
1787979657,0, 100, 43817
1787979657,1, 100, 43801
1787979657,2, 100, 43801
1787979657,3, 100, 43801
1787979672,0, 100, 43817
1787979672,1, 100, 43801
1787979672,2, 100, 43801
1787979672,3, 100, 43801
1787979687,0, 100, 43817
1787979687,1, 100, 43801
1787979687,2, 100, 43801
1787979687,3, 100, 43801
1787979702,0, 100, 43817
1787979702,1, 100, 43801
1787979702,2, 100, 43801
1787979702,3, 100, 43801
1787979717,0, 100, 43817
1787979717,1, 100, 43801
1787979717,2, 100, 43801
1787979717,3, 100, 43801
1787979732,0, 100, 43817
1787979732,1, 100, 43801
1787979732,2, 100, 43801
1787979732,3, 100, 43801
1787979747,0, 99, 43817
1787979747,1, 99, 43801
1787979747,2, 100, 43801
1787979747,3, 99, 43801
1787979763,0, 100, 43817
1787979763,1, 100, 43801
1787979763,2, 100, 43801
1787979763,3, 100, 43801
1787979778,0, 100, 43817
1787979778,1, 100, 43801
1787979778,2, 100, 43801
1787979778,3, 100, 43801
1787979793,0, 100, 43817
1787979793,1, 100, 43801
1787979793,2, 100, 43801
1787979793,3, 100, 43801
1787979808,0, 100, 43817
1787979808,1, 100, 43801
1787979808,2, 100, 43801
1787979808,3, 100, 43801
1787979823,0, 100, 43817
1787979823,1, 100, 43801
1787979823,2, 100, 43801
1787979823,3, 100, 43801
1787979838,0, 100, 43817
1787979838,1, 100, 43801
1787979838,2, 100, 43801
1787979838,3, 100, 43801
1787979853,0, 100, 43817
1787979853,1, 100, 43801
1787979853,2, 100, 43801
1787979853,3, 100, 43801
1787979868,0, 100, 43817
1787979868,1, 100, 43801
1787979868,2, 100, 43801
1787979868,3, 100, 43801
1787979883,0, 100, 43817
1787979883,1, 100, 43801
1787979883,2, 100, 43801
1787979883,3, 100, 43801
1787979898,0, 100, 43817
1787979898,1, 100, 43801
1787979898,2, 100, 43801
1787979898,3, 100, 43801
1787979913,0, 100, 43817
1787979913,1, 100, 43801
1787979913,2, 100, 43801
1787979913,3, 100, 43801
1787979929,0, 100, 43817
1787979929,1, 100, 43801
1787979929,2, 100, 43801
1787979929,3, 100, 43801
1787979944,0, 100, 43817
1787979944,1, 100, 43801
1787979944,2, 100, 43801
1787979944,3, 100, 43801
1787979959,0, 100, 43817
1787979959,1, 100, 43801
1787979959,2, 100, 43801
1787979959,3, 100, 43801
1787979974,0, 100, 43817
1787979974,1, 100, 43801
1787979974,2, 100, 43801
1787979974,3, 100, 43801
1787979989,0, 100, 43817
1787979989,1, 100, 43801
1787979989,2, 100, 43801
1787979989,3, 100, 43801
1787980004,0, 100, 43817
1787980004,1, 100, 43801
1787980004,2, 100, 43801
1787980004,3, 100, 43801
1787980019,0, 100, 43817
1787980019,1, 100, 43801
1787980019,2, 100, 43801
1787980019,3, 100, 43801
1787980034,0, 100, 43817
1787980034,1, 100, 43801
1787980034,2, 100, 43801
1787980034,3, 100, 43801
1787980049,0, 100, 43817
1787980049,1, 100, 43801
1787980049,2, 100, 43801
1787980049,3, 100, 43801
1787980064,0, 100, 43817
1787980064,1, 100, 43801
1787980064,2, 100, 43801
1787980064,3, 100, 43801
1787980079,0, 100, 43817
1787980079,1, 100, 43801
1787980079,2, 100, 43801
1787980079,3, 100, 43801
1787980094,0, 100, 43817
1787980094,1, 100, 43801
1787980094,2, 100, 43801
1787980094,3, 100, 43801
1787980109,0, 100, 43817
1787980109,1, 100, 43801
1787980109,2, 100, 43801
1787980109,3, 100, 43801
1787980125,0, 100, 43817
1787980125,1, 100, 43801
1787980125,2, 100, 43801
1787980125,3, 100, 43801
1787980140,0, 100, 43817
1787980140,1, 100, 43801
1787980140,2, 100, 43801
1787980140,3, 100, 43801
1787980155,0, 100, 43817
1787980155,1, 100, 43801
1787980155,2, 100, 43801
1787980155,3, 100, 43801
1787980170,0, 100, 43817
1787980170,1, 100, 43801
1787980170,2, 100, 43801
1787980170,3, 100, 43801
1787980185,0, 100, 43817
1787980185,1, 100, 43801
1787980185,2, 100, 43801
1787980185,3, 100, 43801
1787980200,0, 100, 43817
1787980200,1, 100, 43801
1787980200,2, 100, 43801
1787980200,3, 100, 43801
1787980215,0, 100, 43817
1787980215,1, 100, 43801
1787980215,2, 100, 43801
1787980215,3, 100, 43801
1787980230,0, 100, 43817
1787980230,1, 100, 43801
1787980230,2, 100, 43801
1787980230,3, 100, 43801
1787980245,0, 100, 43817
1787980245,1, 100, 43801
1787980245,2, 100, 43801
1787980245,3, 100, 43801
1787980260,0, 100, 43817
1787980260,1, 100, 43801
1787980260,2, 100, 43801
1787980260,3, 100, 43801
1787980275,0, 100, 43817
1787980275,1, 100, 43801
1787980275,2, 100, 43801
1787980275,3, 100, 43801
1787980291,0, 100, 43817
1787980291,1, 100, 43801
1787980291,2, 100, 43801
1787980291,3, 100, 43801
1787980306,0, 100, 43817
1787980306,1, 100, 43801
1787980306,2, 100, 43801
1787980306,3, 100, 43801
1787980321,0, 100, 43817
1787980321,1, 100, 43801
1787980321,2, 100, 43801
1787980321,3, 100, 43801
1787980336,0, 100, 43817
1787980336,1, 100, 43801
1787980336,2, 100, 43801
1787980336,3, 100, 43801
1787980351,0, 100, 43817
1787980351,1, 100, 43801
1787980351,2, 100, 43801
1787980351,3, 100, 43801
1787980366,0, 100, 43817
1787980366,1, 100, 43801
1787980366,2, 100, 43801
1787980366,3, 100, 43801
1787980381,0, 100, 43817
1787980381,1, 100, 43801
1787980381,2, 100, 43801
1787980381,3, 100, 43801
1787980396,0, 100, 43817
1787980396,1, 100, 43801
1787980396,2, 100, 43801
1787980396,3, 100, 43801
1787980411,0, 100, 43817
1787980411,1, 100, 43801
1787980411,2, 100, 43801
1787980411,3, 100, 43801
1787980426,0, 100, 43817
1787980426,1, 100, 43801
1787980426,2, 100, 43801
1787980426,3, 100, 43801
1787980441,0, 100, 43817
1787980441,1, 100, 43801
1787980441,2, 100, 43801
1787980441,3, 100, 43801
1787980457,0, 100, 43817
1787980457,1, 100, 43801
1787980457,2, 100, 43801
1787980457,3, 100, 43801
1787980472,0, 100, 43817
1787980472,1, 100, 43801
1787980472,2, 100, 43801
1787980472,3, 100, 43801
1787980487,0, 100, 43817
1787980487,1, 100, 43801
1787980487,2, 100, 43801
1787980487,3, 100, 43801
1787980502,0, 100, 43817
1787980502,1, 100, 43801
1787980502,2, 100, 43801
1787980502,3, 100, 43801
1787980517,0, 100, 43817
1787980517,1, 100, 43801
1787980517,2, 100, 43801
1787980517,3, 100, 43801
1787980532,0, 100, 43817
1787980532,1, 100, 43801
1787980532,2, 100, 43801
1787980532,3, 100, 43801
1787980547,0, 100, 43817
1787980547,1, 100, 43801
1787980547,2, 100, 43801
1787980547,3, 100, 43801
1787980562,0, 100, 43817
1787980562,1, 100, 43801
1787980562,2, 100, 43801
1787980562,3, 100, 43801
1787980577,0, 100, 43817
1787980577,1, 100, 43801
1787980577,2, 100, 43801
1787980577,3, 100, 43801
1787980592,0, 100, 43817
1787980592,1, 100, 43801
1787980592,2, 100, 43801
1787980592,3, 100, 43801
1787980607,0, 100, 43817
1787980607,1, 100, 43801
1787980607,2, 100, 43801
1787980607,3, 100, 43801
1787980623,0, 100, 43817
1787980623,1, 100, 43801
1787980623,2, 100, 43801
1787980623,3, 100, 43801
1787980638,0, 100, 43817
1787980638,1, 100, 43801
1787980638,2, 100, 43801
1787980638,3, 100, 43801
1787980653,0, 100, 43817
1787980653,1, 100, 43801
1787980653,2, 100, 43801
1787980653,3, 100, 43801
1787980668,0, 100, 43817
1787980668,1, 100, 43801
1787980668,2, 100, 43801
1787980668,3, 100, 43801
1787980683,0, 100, 43817
1787980683,1, 100, 43801
1787980683,2, 100, 43801
1787980683,3, 100, 43801
1787980698,0, 100, 43817
1787980698,1, 100, 43801
1787980698,2, 100, 43801
1787980698,3, 100, 43801
1787980713,0, 100, 43817
1787980713,1, 100, 43801
1787980713,2, 100, 43801
1787980713,3, 100, 43801
1787980728,0, 100, 43817
1787980728,1, 100, 43801
1787980728,2, 100, 43801
1787980728,3, 100, 43801
1787980743,0, 100, 43817
1787980743,1, 100, 43801
1787980743,2, 100, 43801
1787980743,3, 100, 43801
1787980758,0, 100, 43817
1787980758,1, 100, 43801
1787980758,2, 100, 43801
1787980758,3, 100, 43801
1787980774,0, 100, 43817
1787980774,1, 100, 43801
1787980774,2, 100, 43801
1787980774,3, 100, 43801
1787980789,0, 100, 43817
1787980789,1, 100, 43801
1787980789,2, 100, 43801
1787980789,3, 100, 43801
1787980804,0, 100, 43817
1787980804,1, 100, 43801
1787980804,2, 100, 43801
1787980804,3, 100, 43801
1787980819,0, 100, 43817
1787980819,1, 100, 43801
1787980819,2, 100, 43801
1787980819,3, 100, 43801
1787980834,0, 100, 43817
1787980834,1, 100, 43801
1787980834,2, 100, 43801
1787980834,3, 100, 43801
1787980849,0, 100, 43817
1787980849,1, 100, 43801
1787980849,2, 100, 43801
1787980849,3, 100, 43801
1787980864,0, 100, 43817
1787980864,1, 100, 43801
1787980864,2, 100, 43801
1787980864,3, 100, 43801
1787980879,0, 100, 43817
1787980879,1, 100, 43801
1787980879,2, 100, 43801
1787980879,3, 100, 43801
1787980894,0, 100, 43817
1787980894,1, 100, 43801
1787980894,2, 100, 43801
1787980894,3, 100, 43801
1787980910,0, 100, 43817
1787980910,1, 100, 43801
1787980910,2, 100, 43801
1787980910,3, 100, 43801
1787980925,0, 100, 43817
1787980925,1, 100, 43801
1787980925,2, 100, 43801
1787980925,3, 100, 43801
1787980940,0, 100, 43817
1787980940,1, 100, 43801
1787980940,2, 100, 43801
1787980940,3, 100, 43801
1787980956,0, 100, 43817
1787980956,1, 100, 43801
1787980956,2, 100, 43801
1787980956,3, 100, 43801
1787980971,0, 100, 43817
1787980971,1, 100, 43801
1787980971,2, 100, 43801
1787980971,3, 100, 43801
1787980986,0, 100, 43817
1787980986,1, 100, 43801
1787980986,2, 100, 43801
1787980986,3, 100, 43801
1787981001,0, 100, 43817
1787981001,1, 100, 43801
1787981001,2, 100, 43801
1787981001,3, 100, 43801
1787981016,0, 100, 43817
1787981016,1, 100, 43801
1787981016,2, 100, 43801
1787981016,3, 100, 43801
1787981031,0, 100, 43817
1787981031,1, 100, 43801
1787981031,2, 100, 43801
1787981031,3, 100, 43801
1787981046,0, 100, 43817
1787981046,1, 100, 43801
1787981046,2, 100, 43801
1787981046,3, 100, 43801
1787981061,0, 100, 43817
1787981061,1, 100, 43801
1787981061,2, 100, 43801
1787981061,3, 100, 43801
1787981076,0, 100, 43817
1787981076,1, 100, 43801
1787981076,2, 100, 43801
1787981076,3, 100, 43801
1787981091,0, 100, 43817
1787981091,1, 100, 43801
1787981091,2, 100, 43801
1787981091,3, 100, 43801
1787981106,0, 0, 43817
1787981106,1, 0, 43801
1787981106,2, 0, 43801
1787981106,3, 0, 43801
1787981122,0, 100, 43817
1787981122,1, 100, 43801
1787981122,2, 100, 43801
1787981122,3, 100, 43801
1787981137,0, 100, 43817
1787981137,1, 100, 43801
1787981137,2, 100, 43801
1787981137,3, 100, 43801
1787981152,0, 100, 43817
1787981152,1, 100, 43801
1787981152,2, 100, 43801
1787981152,3, 100, 43801
1787981167,0, 100, 43817
1787981167,1, 100, 43801
1787981167,2, 100, 43801
1787981167,3, 100, 43801
1787981182,0, 100, 43817
1787981182,1, 100, 43801
1787981182,2, 100, 43801
1787981182,3, 100, 43801
1787981197,0, 100, 43817
1787981197,1, 100, 43801
1787981197,2, 100, 43801
1787981197,3, 100, 43801
1787981212,0, 100, 43817
1787981212,1, 100, 43801
1787981212,2, 100, 43801
1787981212,3, 100, 43801
1787981227,0, 100, 43817
1787981227,1, 99, 43801
1787981227,2, 100, 43801
1787981227,3, 100, 43801
1787981243,0, 100, 43817
1787981243,1, 100, 43801
1787981243,2, 100, 43801
1787981243,3, 100, 43801
1787981258,0, 100, 43817
1787981258,1, 100, 43801
1787981258,2, 100, 43801
1787981258,3, 100, 43801
1787981273,0, 100, 43817
1787981273,1, 100, 43801
1787981273,2, 100, 43801
1787981273,3, 100, 43801
1787981288,0, 100, 43817
1787981288,1, 100, 43801
1787981288,2, 100, 43801
1787981288,3, 100, 43801
1787981303,0, 100, 43817
1787981303,1, 100, 43801
1787981303,2, 100, 43801
1787981303,3, 100, 43801
1787981319,0, 99, 43817
1787981319,1, 100, 43801
1787981319,2, 99, 43801
1787981319,3, 100, 43801
1787981334,0, 100, 43817
1787981334,1, 100, 43801
1787981334,2, 100, 43801
1787981334,3, 100, 43801
1787981349,0, 100, 43817
1787981349,1, 100, 43801
1787981349,2, 100, 43801
1787981349,3, 100, 43801
1787981364,0, 100, 43817
1787981364,1, 100, 43801
1787981364,2, 100, 43801
1787981364,3, 100, 43801
1787981379,0, 100, 43817
1787981379,1, 100, 43801
1787981379,2, 100, 43801
1787981379,3, 100, 43801
1787981394,0, 100, 43817
1787981394,1, 100, 43801
1787981394,2, 100, 43801
1787981394,3, 100, 43801
1787981409,0, 100, 43817
1787981409,1, 100, 43801
1787981409,2, 100, 43801
1787981409,3, 100, 43801
1787981424,0, 100, 43817
1787981424,1, 100, 43801
1787981424,2, 100, 43801
1787981424,3, 100, 43801
1787981439,0, 100, 43817
1787981439,1, 100, 43801
1787981439,2, 100, 43801
1787981439,3, 100, 43801
1787981454,0, 100, 43817
1787981454,1, 100, 43801
1787981454,2, 100, 43801
1787981454,3, 100, 43801
1787981469,0, 100, 43817
1787981469,1, 100, 43801
1787981469,2, 100, 43801
1787981469,3, 100, 43801
1787981485,0, 100, 43817
1787981485,1, 100, 43801
1787981485,2, 100, 43801
1787981485,3, 100, 43801
1787981500,0, 100, 43817
1787981500,1, 100, 43801
1787981500,2, 100, 43801
1787981500,3, 100, 43801
1787981515,0, 100, 43817
1787981515,1, 100, 43801
1787981515,2, 100, 43801
1787981515,3, 100, 43801
1787981530,0, 100, 43817
1787981530,1, 100, 43801
1787981530,2, 100, 43801
1787981530,3, 100, 43801
1787981545,0, 100, 43817
1787981545,1, 100, 43801
1787981545,2, 100, 43801
1787981545,3, 100, 43801
1787981560,0, 100, 43817
1787981560,1, 100, 43801
1787981560,2, 100, 43801
1787981560,3, 100, 43801
1787981575,0, 100, 43817
1787981575,1, 100, 43801
1787981575,2, 100, 43801
1787981575,3, 100, 43801
1787981590,0, 100, 43817
1787981590,1, 100, 43801
1787981590,2, 100, 43801
1787981590,3, 100, 43801
1787981605,0, 100, 43817
1787981605,1, 100, 43801
1787981605,2, 100, 43801
1787981605,3, 100, 43801
1787981620,0, 100, 43817
1787981620,1, 100, 43801
1787981620,2, 100, 43801
1787981620,3, 100, 43801
1787981635,0, 100, 43817
1787981635,1, 100, 43801
1787981635,2, 99, 43801
1787981635,3, 100, 43801
1787981650,0, 100, 43817
1787981650,1, 100, 43801
1787981650,2, 100, 43801
1787981650,3, 100, 43801
1787981666,0, 100, 43817
1787981666,1, 100, 43801
1787981666,2, 100, 43801
1787981666,3, 100, 43801
1787981681,0, 100, 43817
1787981681,1, 100, 43801
1787981681,2, 100, 43801
1787981681,3, 100, 43801
1787981696,0, 100, 43817
1787981696,1, 100, 43801
1787981696,2, 100, 43801
1787981696,3, 100, 43801
1787981711,0, 100, 43817
1787981711,1, 100, 43801
1787981711,2, 100, 43801
1787981711,3, 100, 43801
1787981726,0, 100, 43817
1787981726,1, 100, 43801
1787981726,2, 100, 43801
1787981726,3, 100, 43801
1787981741,0, 99, 43817
1787981741,1, 99, 43801
1787981741,2, 99, 43801
1787981741,3, 100, 43801
1787981756,0, 100, 43817
1787981756,1, 100, 43801
1787981756,2, 100, 43801
1787981756,3, 100, 43801
1787981771,0, 100, 43817
1787981771,1, 100, 43801
1787981771,2, 100, 43801
1787981771,3, 100, 43801
1787981786,0, 100, 43817
1787981786,1, 100, 43801
1787981786,2, 100, 43801
1787981786,3, 100, 43801
1787981801,0, 100, 43817
1787981801,1, 100, 43801
1787981801,2, 100, 43801
1787981801,3, 100, 43801
1787981816,0, 100, 43817
1787981816,1, 100, 43801
1787981816,2, 100, 43801
1787981816,3, 100, 43801
1787981831,0, 100, 43817
1787981831,1, 100, 43801
1787981831,2, 100, 43801
1787981831,3, 100, 43801
1787981846,0, 100, 43817
1787981846,1, 100, 43801
1787981846,2, 100, 43801
1787981846,3, 100, 43801
1787981862,0, 100, 43817
1787981862,1, 100, 43801
1787981862,2, 100, 43801
1787981862,3, 100, 43801
1787981877,0, 100, 43817
1787981877,1, 100, 43801
1787981877,2, 100, 43801
1787981877,3, 100, 43801
1787981892,0, 100, 43817
1787981892,1, 100, 43801
1787981892,2, 100, 43801
1787981892,3, 100, 43801
1787981907,0, 100, 43817
1787981907,1, 100, 43801
1787981907,2, 100, 43801
1787981907,3, 100, 43801
1787981922,0, 100, 43817
1787981922,1, 100, 43801
1787981922,2, 100, 43801
1787981922,3, 100, 43801
1787981937,0, 100, 43817
1787981937,1, 100, 43801
1787981937,2, 100, 43801
1787981937,3, 100, 43801
1787981952,0, 100, 43817
1787981952,1, 100, 43801
1787981952,2, 100, 43801
1787981952,3, 100, 43801
1787981967,0, 100, 43817
1787981967,1, 100, 43801
1787981967,2, 100, 43801
1787981967,3, 100, 43801
1787981982,0, 100, 43817
1787981982,1, 100, 43801
1787981982,2, 100, 43801
1787981982,3, 100, 43801
1787981997,0, 100, 43817
1787981997,1, 100, 43801
1787981997,2, 100, 43801
1787981997,3, 100, 43801
1787982012,0, 100, 43817
1787982012,1, 100, 43801
1787982012,2, 100, 43801
1787982012,3, 100, 43801
1787982027,0, 100, 43817
1787982027,1, 100, 43801
1787982027,2, 100, 43801
1787982027,3, 100, 43801
1787982043,0, 100, 43817
1787982043,1, 100, 43801
1787982043,2, 100, 43801
1787982043,3, 100, 43801
1787982058,0, 100, 43817
1787982058,1, 100, 43801
1787982058,2, 100, 43801
1787982058,3, 100, 43801
1787982073,0, 100, 43817
1787982073,1, 100, 43801
1787982073,2, 100, 43801
1787982073,3, 100, 43801
1787982088,0, 100, 43817
1787982088,1, 100, 43801
1787982088,2, 100, 43801
1787982088,3, 100, 43801
1787982103,0, 100, 43817
1787982103,1, 100, 43801
1787982103,2, 100, 43801
1787982103,3, 100, 43801
1787982119,0, 100, 43817
1787982119,1, 100, 43801
1787982119,2, 100, 43801
1787982119,3, 100, 43801
1787982134,0, 100, 43817
1787982134,1, 100, 43801
1787982134,2, 100, 43801
1787982134,3, 100, 43801
1787982149,0, 100, 43817
1787982149,1, 100, 43801
1787982149,2, 100, 43801
1787982149,3, 100, 43801
1787982164,0, 100, 43817
1787982164,1, 100, 43801
1787982164,2, 100, 43801
1787982164,3, 100, 43801
1787982179,0, 100, 43817
1787982179,1, 100, 43801
1787982179,2, 100, 43801
1787982179,3, 100, 43801
1787982194,0, 100, 43817
1787982194,1, 100, 43801
1787982194,2, 100, 43801
1787982194,3, 100, 43801
1787982209,0, 100, 43817
1787982209,1, 100, 43801
1787982209,2, 100, 43801
1787982209,3, 100, 43801
1787982224,0, 100, 43817
1787982224,1, 100, 43801
1787982224,2, 100, 43801
1787982224,3, 100, 43801
1787982239,0, 100, 43817
1787982239,1, 100, 43801
1787982239,2, 100, 43801
1787982239,3, 100, 43801
1787982254,0, 100, 43817
1787982254,1, 100, 43801
1787982254,2, 100, 43801
1787982254,3, 100, 43801
1787982269,0, 100, 43817
1787982269,1, 100, 43801
1787982269,2, 100, 43801
1787982269,3, 100, 43801
1787982284,0, 100, 43817
1787982284,1, 100, 43801
1787982284,2, 100, 43801
1787982284,3, 100, 43801
1787982299,0, 100, 43817
1787982299,1, 100, 43801
1787982299,2, 100, 43801
1787982299,3, 100, 43801
1787982315,0, 100, 43817
1787982315,1, 100, 43801
1787982315,2, 100, 43801
1787982315,3, 100, 43801
1787982330,0, 100, 43817
1787982330,1, 100, 43801
1787982330,2, 100, 43801
1787982330,3, 100, 43801
1787982345,0, 100, 43817
1787982345,1, 100, 43801
1787982345,2, 100, 43801
1787982345,3, 100, 43801
1787982360,0, 100, 43817
1787982360,1, 100, 43801
1787982360,2, 100, 43801
1787982360,3, 100, 43801
1787982375,0, 100, 43817
1787982375,1, 100, 43801
1787982375,2, 100, 43801
1787982375,3, 100, 43801
1787982390,0, 100, 43817
1787982390,1, 100, 43801
1787982390,2, 100, 43801
1787982390,3, 100, 43801
1787982405,0, 100, 43817
1787982405,1, 100, 43801
1787982405,2, 100, 43801
1787982405,3, 100, 43801
1787982420,0, 100, 43817
1787982420,1, 100, 43801
1787982420,2, 100, 43801
1787982420,3, 100, 43801
1787982435,0, 100, 43817
1787982435,1, 100, 43801
1787982435,2, 100, 43801
1787982435,3, 100, 43801
1787982451,0, 100, 43817
1787982451,1, 100, 43801
1787982451,2, 100, 43801
1787982451,3, 100, 43801
1787982466,0, 100, 43817
1787982466,1, 100, 43801
1787982466,2, 100, 43801
1787982466,3, 100, 43801
1787982481,0, 100, 43817
1787982481,1, 100, 43801
1787982481,2, 100, 43801
1787982481,3, 100, 43801
1787982496,0, 100, 43817
1787982496,1, 99, 43801
1787982496,2, 99, 43801
1787982496,3, 99, 43801
1787982511,0, 100, 43817
1787982511,1, 100, 43801
1787982511,2, 100, 43801
1787982511,3, 100, 43801
1787982526,0, 100, 43817
1787982526,1, 100, 43801
1787982526,2, 100, 43801
1787982526,3, 100, 43801
1787982541,0, 100, 43817
1787982541,1, 100, 43801
1787982541,2, 100, 43801
1787982541,3, 100, 43801
1787982556,0, 100, 43817
1787982556,1, 100, 43801
1787982556,2, 100, 43801
1787982556,3, 100, 43801
1787982571,0, 100, 43817
1787982571,1, 100, 43801
1787982571,2, 100, 43801
1787982571,3, 100, 43801
1787982586,0, 100, 43817
1787982586,1, 100, 43801
1787982586,2, 100, 43801
1787982586,3, 100, 43801
1787982601,0, 100, 43817
1787982601,1, 100, 43801
1787982601,2, 100, 43801
1787982601,3, 100, 43801
1787982616,0, 100, 43817
1787982616,1, 100, 43801
1787982616,2, 100, 43801
1787982616,3, 100, 43801
1787982631,0, 100, 43817
1787982631,1, 100, 43801
1787982631,2, 100, 43801
1787982631,3, 100, 43801
1787982647,0, 100, 43817
1787982647,1, 100, 43801
1787982647,2, 100, 43801
1787982647,3, 100, 43801
1787982662,0, 100, 43817
1787982662,1, 100, 43801
1787982662,2, 100, 43801
1787982662,3, 100, 43801
1787982677,0, 100, 43817
1787982677,1, 100, 43801
1787982677,2, 100, 43801
1787982677,3, 100, 43801
1787982692,0, 100, 43817
1787982692,1, 100, 43801
1787982692,2, 100, 43801
1787982692,3, 100, 43801
1787982707,0, 99, 43817
1787982707,1, 100, 43801
1787982707,2, 100, 43801
1787982707,3, 100, 43801
1787982722,0, 100, 43817
1787982722,1, 100, 43801
1787982722,2, 100, 43801
1787982722,3, 100, 43801
1787982737,0, 100, 43817
1787982737,1, 100, 43801
1787982737,2, 100, 43801
1787982737,3, 100, 43801
1787982752,0, 100, 43817
1787982752,1, 100, 43801
1787982752,2, 100, 43801
1787982752,3, 100, 43801
1787982767,0, 100, 43817
1787982767,1, 100, 43801
1787982767,2, 100, 43801
1787982767,3, 100, 43801
1787982782,0, 100, 43817
1787982782,1, 100, 43801
1787982782,2, 100, 43801
1787982782,3, 100, 43801
1787982797,0, 100, 43817
1787982797,1, 100, 43801
1787982797,2, 100, 43801
1787982797,3, 100, 43801
1787982812,0, 100, 43817
1787982812,1, 99, 43801
1787982812,2, 100, 43801
1787982812,3, 99, 43801
1787982828,0, 100, 43817
1787982828,1, 100, 43801
1787982828,2, 100, 43801
1787982828,3, 100, 43801
1787982843,0, 100, 43817
1787982843,1, 100, 43801
1787982843,2, 100, 43801
1787982843,3, 100, 43801
1787982858,0, 100, 43817
1787982858,1, 100, 43801
1787982858,2, 100, 43801
1787982858,3, 100, 43801
1787982873,0, 100, 43817
1787982873,1, 100, 43801
1787982873,2, 100, 43801
1787982873,3, 100, 43801
1787982888,0, 100, 43817
1787982888,1, 100, 43801
1787982888,2, 100, 43801
1787982888,3, 100, 43801
1787982903,0, 100, 43817
1787982903,1, 100, 43801
1787982903,2, 100, 43801
1787982903,3, 100, 43801
1787982918,0, 100, 43817
1787982918,1, 100, 43801
1787982918,2, 100, 43801
1787982918,3, 100, 43801
1787982933,0, 100, 43817
1787982933,1, 100, 43801
1787982933,2, 100, 43801
1787982933,3, 100, 43801
1787982948,0, 100, 43817
1787982948,1, 100, 43801
1787982948,2, 100, 43801
1787982948,3, 100, 43801
1787982964,0, 100, 43817
1787982964,1, 100, 43801
1787982964,2, 100, 43801
1787982964,3, 100, 43801
1787982979,0, 100, 43817
1787982979,1, 100, 43801
1787982979,2, 100, 43801
1787982979,3, 100, 43801
1787982994,0, 100, 43817
1787982994,1, 100, 43801
1787982994,2, 100, 43801
1787982994,3, 100, 43801
1787983009,0, 100, 43817
1787983009,1, 100, 43801
1787983009,2, 100, 43801
1787983009,3, 100, 43801
1787983024,0, 100, 43817
1787983024,1, 100, 43801
1787983024,2, 100, 43801
1787983024,3, 100, 43801
1787983039,0, 100, 43817
1787983039,1, 100, 43801
1787983039,2, 100, 43801
1787983039,3, 100, 43801
1787983054,0, 100, 43817
1787983054,1, 100, 43801
1787983054,2, 100, 43801
1787983054,3, 100, 43801
1787983069,0, 100, 43817
1787983069,1, 100, 43801
1787983069,2, 100, 43801
1787983069,3, 100, 43801
1787983084,0, 100, 43817
1787983084,1, 100, 43801
1787983084,2, 100, 43801
1787983084,3, 100, 43801
1787983099,0, 100, 43817
1787983099,1, 100, 43801
1787983099,2, 100, 43801
1787983099,3, 100, 43801
1787983114,0, 100, 43817
1787983114,1, 100, 43801
1787983114,2, 100, 43801
1787983114,3, 100, 43801
1787983129,0, 100, 43817
1787983129,1, 100, 43801
1787983129,2, 100, 43801
1787983129,3, 100, 43801
1787983144,0, 100, 43817
1787983144,1, 100, 43801
1787983144,2, 100, 43801
1787983144,3, 100, 43801
1787983160,0, 100, 43817
1787983160,1, 100, 43801
1787983160,2, 100, 43801
1787983160,3, 100, 43801
1787983175,0, 100, 43817
1787983175,1, 100, 43801
1787983175,2, 100, 43801
1787983175,3, 100, 43801
1787983190,0, 100, 43817
1787983190,1, 100, 43801
1787983190,2, 100, 43801
1787983190,3, 100, 43801
1787983205,0, 100, 43817
1787983205,1, 100, 43801
1787983205,2, 100, 43801
1787983205,3, 100, 43801
1787983220,0, 100, 43817
1787983220,1, 100, 43801
1787983220,2, 100, 43801
1787983220,3, 100, 43801
1787983235,0, 100, 43817
1787983235,1, 100, 43801
1787983235,2, 100, 43801
1787983235,3, 100, 43801
1787983250,0, 100, 43817
1787983250,1, 100, 43801
1787983250,2, 100, 43801
1787983250,3, 100, 43801
1787983265,0, 100, 43817
1787983265,1, 100, 43801
1787983265,2, 100, 43801
1787983265,3, 100, 43801
1787983280,0, 100, 43817
1787983280,1, 100, 43801
1787983280,2, 100, 43801
1787983280,3, 100, 43801
1787983295,0, 100, 43817
1787983295,1, 100, 43801
1787983295,2, 100, 43801
1787983295,3, 100, 43801
1787983310,0, 100, 43817
1787983310,1, 100, 43801
1787983310,2, 100, 43801
1787983310,3, 100, 43801
1787983325,0, 100, 43817
1787983325,1, 100, 43801
1787983325,2, 100, 43801
1787983325,3, 100, 43801
1787983341,0, 100, 43817
1787983341,1, 100, 43801
1787983341,2, 100, 43801
1787983341,3, 100, 43801
1787983356,0, 99, 43817
1787983356,1, 99, 43801
1787983356,2, 99, 43801
1787983356,3, 100, 43801
1787983371,0, 100, 43817
1787983371,1, 100, 43801
1787983371,2, 100, 43801
1787983371,3, 100, 43801
1787983386,0, 100, 43817
1787983386,1, 100, 43801
1787983386,2, 100, 43801
1787983386,3, 100, 43801
1787983401,0, 100, 43817
1787983401,1, 100, 43801
1787983401,2, 100, 43801
1787983401,3, 100, 43801
1787983416,0, 100, 43817
1787983416,1, 100, 43801
1787983416,2, 100, 43801
1787983416,3, 100, 43801
1787983431,0, 100, 43817
1787983431,1, 100, 43801
1787983431,2, 100, 43801
1787983431,3, 100, 43801
1787983446,0, 100, 43817
1787983446,1, 100, 43801
1787983446,2, 100, 43801
1787983446,3, 100, 43801
1787983462,0, 100, 43817
1787983462,1, 100, 43801
1787983462,2, 100, 43801
1787983462,3, 100, 43801
1787983477,0, 100, 43817
1787983477,1, 100, 43801
1787983477,2, 100, 43801
1787983477,3, 100, 43801
1787983495,0, 100, 43817
1787983495,1, 100, 43801
1787983495,2, 100, 43801
1787983495,3, 99, 43801
1787983510,0, 100, 43817
1787983510,1, 100, 43801
1787983510,2, 100, 43801
1787983510,3, 100, 43801
1787983525,0, 100, 43817
1787983525,1, 100, 43801
1787983525,2, 100, 43801
1787983525,3, 100, 43801
1787983540,0, 100, 43817
1787983540,1, 100, 43801
1787983540,2, 100, 43801
1787983540,3, 100, 43801
1787983555,0, 100, 43817
1787983555,1, 100, 43801
1787983555,2, 100, 43801
1787983555,3, 100, 43801
1787983571,0, 100, 43817
1787983571,1, 100, 43801
1787983571,2, 100, 43801
1787983571,3, 100, 43801
1787983586,0, 100, 43817
1787983586,1, 100, 43801
1787983586,2, 100, 43801
1787983586,3, 100, 43801
1787983601,0, 100, 43817
1787983601,1, 100, 43801
1787983601,2, 100, 43801
1787983601,3, 100, 43801
1787983616,0, 100, 43817
1787983616,1, 100, 43801
1787983616,2, 100, 43801
1787983616,3, 100, 43801
1787983631,0, 100, 43817
1787983631,1, 100, 43801
1787983631,2, 100, 43801
1787983631,3, 100, 43801
1787983646,0, 100, 43817
1787983646,1, 100, 43801
1787983646,2, 100, 43801
1787983646,3, 100, 43801
1787983662,0, 100, 43817
1787983662,1, 100, 43801
1787983662,2, 100, 43801
1787983662,3, 100, 43801
1787983677,0, 100, 43817
1787983677,1, 100, 43801
1787983677,2, 100, 43801
1787983677,3, 100, 43801
1787983692,0, 100, 43817
1787983692,1, 100, 43801
1787983692,2, 100, 43801
1787983692,3, 100, 43801
1787983707,0, 100, 43817
1787983707,1, 100, 43801
1787983707,2, 100, 43801
1787983707,3, 100, 43801
1787983722,0, 100, 43817
1787983722,1, 100, 43801
1787983722,2, 100, 43801
1787983722,3, 100, 43801
1787983738,0, 100, 43817
1787983738,1, 100, 43801
1787983738,2, 100, 43801
1787983738,3, 100, 43801
1787983753,0, 100, 43817
1787983753,1, 100, 43801
1787983753,2, 100, 43801
1787983753,3, 100, 43801
1787983768,0, 100, 43817
1787983768,1, 100, 43801
1787983768,2, 100, 43801
1787983768,3, 100, 43801
1787983783,0, 99, 43817
1787983783,1, 99, 43801
1787983783,2, 100, 43801
1787983783,3, 100, 43801
1787983798,0, 100, 43817
1787983798,1, 100, 43801
1787983798,2, 100, 43801
1787983798,3, 100, 43801
1787983814,0, 100, 43817
1787983814,1, 100, 43801
1787983814,2, 100, 43801
1787983814,3, 100, 43801
1787983829,0, 100, 43817
1787983829,1, 100, 43801
1787983829,2, 100, 43801
1787983829,3, 100, 43801
1787983844,0, 100, 43817
1787983844,1, 100, 43801
1787983844,2, 100, 43801
1787983844,3, 100, 43801
1787983859,0, 100, 43817
1787983859,1, 100, 43801
1787983859,2, 100, 43801
1787983859,3, 100, 43801
1787983874,0, 100, 43817
1787983874,1, 100, 43801
1787983874,2, 100, 43801
1787983874,3, 100, 43801
1787983891,0, 100, 43817
1787983891,1, 100, 43801
1787983891,2, 100, 43801
1787983891,3, 100, 43801
1787983906,0, 100, 43817
1787983906,1, 100, 43801
1787983906,2, 100, 43801
1787983906,3, 100, 43801
1787983921,0, 100, 43817
1787983921,1, 100, 43801
1787983921,2, 100, 43801
1787983921,3, 100, 43801
1787983936,0, 100, 43817
1787983936,1, 100, 43801
1787983936,2, 100, 43801
1787983936,3, 100, 43801
1787983951,0, 100, 43817
1787983951,1, 100, 43801
1787983951,2, 100, 43801
1787983951,3, 100, 43801
1787983967,0, 100, 43817
1787983967,1, 100, 43801
1787983967,2, 100, 43801
1787983967,3, 100, 43801
1787983982,0, 100, 43817
1787983982,1, 100, 43801
1787983982,2, 100, 43801
1787983982,3, 100, 43801
1787983997,0, 100, 43817
1787983997,1, 100, 43801
1787983997,2, 100, 43801
1787983997,3, 100, 43801
1787984012,0, 100, 43817
1787984012,1, 100, 43801
1787984012,2, 100, 43801
1787984012,3, 100, 43801
1787984028,0, 100, 43817
1787984028,1, 100, 43801
1787984028,2, 100, 43801
1787984028,3, 100, 43801
1787984043,0, 100, 43817
1787984043,1, 100, 43801
1787984043,2, 100, 43801
1787984043,3, 100, 43801
1787984058,0, 100, 43817
1787984058,1, 100, 43801
1787984058,2, 100, 43801
1787984058,3, 100, 43801
1787984073,0, 100, 43817
1787984073,1, 100, 43801
1787984073,2, 100, 43801
1787984073,3, 100, 43801
1787984089,0, 100, 43817
1787984089,1, 100, 43801
1787984089,2, 100, 43801
1787984089,3, 100, 43801
1787984104,0, 100, 43817
1787984104,1, 100, 43801
1787984104,2, 100, 43801
1787984104,3, 100, 43801
1787984119,0, 100, 43817
1787984119,1, 100, 43801
1787984119,2, 100, 43801
1787984119,3, 100, 43801
1787984134,0, 100, 43817
1787984134,1, 100, 43801
1787984134,2, 100, 43801
1787984134,3, 100, 43801
1787984149,0, 100, 43817
1787984149,1, 100, 43801
1787984149,2, 100, 43801
1787984149,3, 100, 43801
1787984164,0, 100, 43817
1787984164,1, 100, 43801
1787984164,2, 100, 43801
1787984164,3, 100, 43801
1787984179,0, 100, 43817
1787984179,1, 100, 43801
1787984179,2, 100, 43801
1787984179,3, 100, 43801
1787984194,0, 100, 43817
1787984194,1, 100, 43801
1787984194,2, 100, 43801
1787984194,3, 100, 43801
1787984209,0, 100, 43817
1787984209,1, 100, 43801
1787984209,2, 100, 43801
1787984209,3, 100, 43801
1787984225,0, 100, 43817
1787984225,1, 100, 43801
1787984225,2, 100, 43801
1787984225,3, 100, 43801
1787984240,0, 100, 43817
1787984240,1, 100, 43801
1787984240,2, 100, 43801
1787984240,3, 100, 43801
1787984255,0, 100, 43817
1787984255,1, 100, 43801
1787984255,2, 100, 43801
1787984255,3, 100, 43801
1787984270,0, 100, 43817
1787984270,1, 100, 43801
1787984270,2, 100, 43801
1787984270,3, 100, 43801
1787984285,0, 100, 43817
1787984285,1, 100, 43801
1787984285,2, 100, 43801
1787984285,3, 100, 43801
1787984301,0, 100, 43817
1787984301,1, 100, 43801
1787984301,2, 100, 43801
1787984301,3, 100, 43801
1787984316,0, 100, 43817
1787984316,1, 100, 43801
1787984316,2, 100, 43801
1787984316,3, 100, 43801
1787984331,0, 100, 43817
1787984331,1, 100, 43801
1787984331,2, 100, 43801
1787984331,3, 100, 43801
1787984346,0, 100, 43817
1787984346,1, 100, 43801
1787984346,2, 100, 43801
1787984346,3, 100, 43801
1787984361,0, 100, 43817
1787984361,1, 100, 43801
1787984361,2, 100, 43801
1787984361,3, 100, 43801
1787984376,0, 100, 43817
1787984376,1, 100, 43801
1787984376,2, 100, 43801
1787984376,3, 100, 43801
1787984391,0, 100, 43817
1787984391,1, 100, 43801
1787984391,2, 100, 43801
1787984391,3, 100, 43801
1787984406,0, 100, 43817
1787984406,1, 100, 43801
1787984406,2, 100, 43801
1787984406,3, 100, 43801
1787984421,0, 100, 43817
1787984421,1, 100, 43801
1787984421,2, 100, 43801
1787984421,3, 100, 43801
1787984437,0, 100, 43817
1787984437,1, 100, 43801
1787984437,2, 100, 43801
1787984437,3, 100, 43801
1787984452,0, 100, 43817
1787984452,1, 100, 43801
1787984452,2, 100, 43801
1787984452,3, 100, 43801
1787984467,0, 100, 43817
1787984467,1, 100, 43801
1787984467,2, 100, 43801
1787984467,3, 100, 43801
1787984482,0, 100, 43817
1787984482,1, 100, 43801
1787984482,2, 100, 43801
1787984482,3, 100, 43801
1787984497,0, 100, 43817
1787984497,1, 100, 43801
1787984497,2, 100, 43801
1787984497,3, 100, 43801
1787984512,0, 100, 43817
1787984512,1, 100, 43801
1787984512,2, 100, 43801
1787984512,3, 100, 43801
1787984527,0, 100, 43817
1787984527,1, 100, 43801
1787984527,2, 100, 43801
1787984527,3, 100, 43801
1787984542,0, 100, 43817
1787984542,1, 100, 43801
1787984542,2, 100, 43801
1787984542,3, 100, 43801
1787984557,0, 100, 43817
1787984557,1, 100, 43801
1787984557,2, 100, 43801
1787984557,3, 100, 43801
1787984572,0, 100, 43817
1787984572,1, 100, 43801
1787984572,2, 100, 43801
1787984572,3, 100, 43801
1787984587,0, 100, 43817
1787984587,1, 100, 43801
1787984587,2, 100, 43801
1787984587,3, 100, 43801
1787984602,0, 100, 43817
1787984602,1, 100, 43801
1787984602,2, 100, 43801
1787984602,3, 100, 43801
1787984617,0, 100, 43817
1787984617,1, 100, 43801
1787984617,2, 100, 43801
1787984617,3, 100, 43801
1787984633,0, 100, 43817
1787984633,1, 100, 43801
1787984633,2, 100, 43801
1787984633,3, 100, 43801
1787984648,0, 100, 43817
1787984648,1, 100, 43801
1787984648,2, 100, 43801
1787984648,3, 100, 43801
1787984663,0, 100, 43817
1787984663,1, 100, 43801
1787984663,2, 100, 43801
1787984663,3, 100, 43801
1787984678,0, 100, 43817
1787984678,1, 100, 43801
1787984678,2, 100, 43801
1787984678,3, 100, 43801
1787984693,0, 100, 43817
1787984693,1, 100, 43801
1787984693,2, 100, 43801
1787984693,3, 100, 43801
1787984708,0, 100, 43817
1787984708,1, 100, 43801
1787984708,2, 100, 43801
1787984708,3, 100, 43801
1787984723,0, 100, 43817
1787984723,1, 100, 43801
1787984723,2, 100, 43801
1787984723,3, 100, 43801
1787984738,0, 100, 43817
1787984738,1, 100, 43801
1787984738,2, 99, 43801
1787984738,3, 100, 43801
1787984756,0, 100, 43817
1787984756,1, 100, 43801
1787984756,2, 100, 43801
1787984756,3, 100, 43801
1787984771,0, 100, 43817
1787984771,1, 100, 43801
1787984771,2, 100, 43801
1787984771,3, 100, 43801
1787984786,0, 100, 43817
1787984786,1, 100, 43801
1787984786,2, 100, 43801
1787984786,3, 100, 43801
1787984801,0, 100, 43817
1787984801,1, 100, 43801
1787984801,2, 100, 43801
1787984801,3, 100, 43801
1787984816,0, 100, 43817
1787984816,1, 100, 43801
1787984816,2, 100, 43801
1787984816,3, 100, 43801
1787984831,0, 100, 43817
1787984831,1, 100, 43801
1787984831,2, 100, 43801
1787984831,3, 100, 43801
1787984846,0, 100, 43817
1787984846,1, 100, 43801
1787984846,2, 100, 43801
1787984846,3, 100, 43801
1787984861,0, 100, 43817
1787984861,1, 100, 43801
1787984861,2, 100, 43801
1787984861,3, 100, 43801
1787984876,0, 100, 43817
1787984876,1, 100, 43801
1787984876,2, 100, 43801
1787984876,3, 100, 43801
1787984892,0, 100, 43817
1787984892,1, 100, 43801
1787984892,2, 100, 43801
1787984892,3, 100, 43801
1787984907,0, 100, 43817
1787984907,1, 100, 43801
1787984907,2, 100, 43801
1787984907,3, 100, 43801
1787984924,0, 100, 43817
1787984924,1, 100, 43801
1787984924,2, 100, 43801
1787984924,3, 100, 43801
1787984939,0, 100, 43817
1787984939,1, 100, 43801
1787984939,2, 100, 43801
1787984939,3, 100, 43801
1787984954,0, 19, 43817
1787984954,1, 20, 43801
1787984954,2, 15, 43801
1787984954,3, 15, 43801
1787984969,0, 100, 43817
1787984969,1, 100, 43801
1787984969,2, 100, 43801
1787984969,3, 100, 43801
1787984985,0, 0, 43817
1787984985,1, 0, 43801
1787984985,2, 0, 43801
1787984985,3, 0, 43801
1787985002,0, 100, 43817
1787985002,1, 100, 43801
1787985002,2, 100, 43801
1787985002,3, 100, 43801
1787985017,0, 100, 43817
1787985017,1, 100, 43801
1787985017,2, 100, 43801
1787985017,3, 100, 43801
1787985032,0, 100, 43817
1787985032,1, 100, 43801
1787985032,2, 100, 43801
1787985032,3, 100, 43801
1787985047,0, 99, 43817
1787985047,1, 100, 43801
1787985047,2, 100, 43801
1787985047,3, 99, 43801
1787985062,0, 100, 43817
1787985062,1, 100, 43801
1787985062,2, 100, 43801
1787985062,3, 100, 43801
1787985077,0, 100, 43817
1787985077,1, 100, 43801
1787985077,2, 100, 43801
1787985077,3, 100, 43801
1787985092,0, 100, 43817
1787985092,1, 100, 43801
1787985092,2, 100, 43801
1787985092,3, 100, 43801
1787985107,0, 100, 43817
1787985107,1, 100, 43801
1787985107,2, 100, 43801
1787985107,3, 100, 43801
1787985122,0, 100, 43817
1787985122,1, 100, 43801
1787985122,2, 100, 43801
1787985122,3, 100, 43801
1787985137,0, 100, 43817
1787985137,1, 100, 43801
1787985137,2, 100, 43801
1787985137,3, 100, 43801
1787985152,0, 100, 43817
1787985152,1, 100, 43801
1787985152,2, 100, 43801
1787985152,3, 100, 43801
1787985168,0, 100, 43817
1787985168,1, 100, 43801
1787985168,2, 100, 43801
1787985168,3, 100, 43801
1787985183,0, 100, 43817
1787985183,1, 100, 43801
1787985183,2, 100, 43801
1787985183,3, 100, 43801
1787985198,0, 100, 43817
1787985198,1, 100, 43801
1787985198,2, 100, 43801
1787985198,3, 100, 43801
1787985213,0, 100, 43817
1787985213,1, 100, 43801
1787985213,2, 100, 43801
1787985213,3, 100, 43801
1787985228,0, 100, 43817
1787985228,1, 100, 43801
1787985228,2, 100, 43801
1787985228,3, 100, 43801
1787985243,0, 100, 43817
1787985243,1, 100, 43801
1787985243,2, 100, 43801
1787985243,3, 100, 43801
1787985258,0, 100, 43817
1787985258,1, 100, 43801
1787985258,2, 100, 43801
1787985258,3, 100, 43801
1787985274,0, 100, 43817
1787985274,1, 100, 43801
1787985274,2, 100, 43801
1787985274,3, 100, 43801
1787985290,0, 100, 43817
1787985290,1, 100, 43801
1787985290,2, 100, 43801
1787985290,3, 100, 43801
1787985305,0, 100, 43817
1787985305,1, 100, 43801
1787985305,2, 100, 43801
1787985305,3, 100, 43801
1787985320,0, 100, 43817
1787985320,1, 100, 43801
1787985320,2, 100, 43801
1787985320,3, 100, 43801
1787985335,0, 100, 43817
1787985335,1, 100, 43801
1787985335,2, 100, 43801
1787985335,3, 100, 43801
1787985350,0, 100, 43817
1787985350,1, 100, 43801
1787985350,2, 100, 43801
1787985350,3, 100, 43801
1787985365,0, 100, 43817
1787985365,1, 100, 43801
1787985365,2, 100, 43801
1787985365,3, 100, 43801
1787985380,0, 100, 43817
1787985380,1, 100, 43801
1787985380,2, 100, 43801
1787985380,3, 100, 43801
1787985395,0, 100, 43817
1787985395,1, 100, 43801
1787985395,2, 100, 43801
1787985395,3, 100, 43801
1787985410,0, 100, 43817
1787985410,1, 100, 43801
1787985410,2, 100, 43801
1787985410,3, 100, 43801
1787985425,0, 99, 43817
1787985425,1, 100, 43801
1787985425,2, 99, 43801
1787985425,3, 100, 43801
1787985441,0, 100, 43817
1787985441,1, 100, 43801
1787985441,2, 100, 43801
1787985441,3, 100, 43801
1787985456,0, 100, 43817
1787985456,1, 100, 43801
1787985456,2, 100, 43801
1787985456,3, 100, 43801
1787985471,0, 100, 43817
1787985471,1, 100, 43801
1787985471,2, 100, 43801
1787985471,3, 100, 43801
1787985486,0, 100, 43817
1787985486,1, 100, 43801
1787985486,2, 100, 43801
1787985486,3, 100, 43801
1787985502,0, 100, 43817
1787985502,1, 100, 43801
1787985502,2, 100, 43801
1787985502,3, 100, 43801
1787985517,0, 100, 43817
1787985517,1, 100, 43801
1787985517,2, 100, 43801
1787985517,3, 100, 43801
1787985532,0, 100, 43817
1787985532,1, 100, 43801
1787985532,2, 100, 43801
1787985532,3, 100, 43801
1787985548,0, 100, 43817
1787985548,1, 100, 43801
1787985548,2, 100, 43801
1787985548,3, 100, 43801
1787985563,0, 100, 43817
1787985563,1, 100, 43801
1787985563,2, 100, 43801
1787985563,3, 100, 43801
1787985578,0, 100, 43817
1787985578,1, 100, 43801
1787985578,2, 100, 43801
1787985578,3, 100, 43801
1787985593,0, 100, 43817
1787985593,1, 100, 43801
1787985593,2, 100, 43801
1787985593,3, 100, 43801
1787985608,0, 100, 43817
1787985608,1, 100, 43801
1787985608,2, 100, 43801
1787985608,3, 100, 43801
1787985623,0, 100, 43817
1787985623,1, 100, 43801
1787985623,2, 100, 43801
1787985623,3, 100, 43801
1787985638,0, 100, 43817
1787985638,1, 100, 43801
1787985638,2, 100, 43801
1787985638,3, 100, 43801
1787985653,0, 100, 43817
1787985653,1, 100, 43801
1787985653,2, 100, 43801
1787985653,3, 100, 43801
1787985668,0, 100, 43817
1787985668,1, 100, 43801
1787985668,2, 100, 43801
1787985668,3, 100, 43801
1787985683,0, 100, 43817
1787985683,1, 100, 43801
1787985683,2, 100, 43801
1787985683,3, 100, 43801
1787985698,0, 100, 43817
1787985698,1, 100, 43801
1787985698,2, 100, 43801
1787985698,3, 100, 43801
1787985713,0, 100, 43817
1787985713,1, 100, 43801
1787985713,2, 100, 43801
1787985713,3, 100, 43801
1787985729,0, 100, 43817
1787985729,1, 100, 43801
1787985729,2, 100, 43801
1787985729,3, 100, 43801
1787985744,0, 100, 43817
1787985744,1, 100, 43801
1787985744,2, 100, 43801
1787985744,3, 100, 43801
1787985759,0, 100, 43817
1787985759,1, 100, 43801
1787985759,2, 100, 43801
1787985759,3, 100, 43801
1787985774,0, 100, 43817
1787985774,1, 100, 43801
1787985774,2, 100, 43801
1787985774,3, 100, 43801
1787985789,0, 100, 43817
1787985789,1, 100, 43801
1787985789,2, 100, 43801
1787985789,3, 100, 43801
1787985804,0, 99, 43817
1787985804,1, 100, 43801
1787985804,2, 100, 43801
1787985804,3, 100, 43801
1787985819,0, 100, 43817
1787985819,1, 100, 43801
1787985819,2, 100, 43801
1787985819,3, 100, 43801
1787985834,0, 100, 43817
1787985834,1, 100, 43801
1787985834,2, 100, 43801
1787985834,3, 100, 43801
1787985849,0, 100, 43817
1787985849,1, 100, 43801
1787985849,2, 100, 43801
1787985849,3, 100, 43801
1787985865,0, 100, 43817
1787985865,1, 100, 43801
1787985865,2, 100, 43801
1787985865,3, 100, 43801
1787985880,0, 100, 43817
1787985880,1, 100, 43801
1787985880,2, 100, 43801
1787985880,3, 100, 43801
1787985895,0, 100, 43817
1787985895,1, 100, 43801
1787985895,2, 100, 43801
1787985895,3, 100, 43801
1787985910,0, 99, 43817
1787985910,1, 99, 43801
1787985910,2, 99, 43801
1787985910,3, 100, 43801
1787985925,0, 100, 43817
1787985925,1, 100, 43801
1787985925,2, 100, 43801
1787985925,3, 100, 43801
1787985940,0, 100, 43817
1787985940,1, 100, 43801
1787985940,2, 100, 43801
1787985940,3, 100, 43801
1787985955,0, 100, 43817
1787985955,1, 100, 43801
1787985955,2, 100, 43801
1787985955,3, 100, 43801
1787985970,0, 100, 43817
1787985970,1, 100, 43801
1787985970,2, 100, 43801
1787985970,3, 100, 43801
1787985985,0, 100, 43817
1787985985,1, 100, 43801
1787985985,2, 100, 43801
1787985985,3, 100, 43801
1787986000,0, 100, 43817
1787986000,1, 100, 43801
1787986000,2, 100, 43801
1787986000,3, 100, 43801
1787986016,0, 100, 43817
1787986016,1, 100, 43801
1787986016,2, 100, 43801
1787986016,3, 100, 43801
1787986031,0, 100, 43817
1787986031,1, 100, 43801
1787986031,2, 100, 43801
1787986031,3, 100, 43801
1787986046,0, 100, 43817
1787986046,1, 100, 43801
1787986046,2, 100, 43801
1787986046,3, 100, 43801
1787986061,0, 100, 43817
1787986061,1, 100, 43801
1787986061,2, 100, 43801
1787986061,3, 100, 43801
1787986076,0, 100, 43817
1787986076,1, 100, 43801
1787986076,2, 100, 43801
1787986076,3, 100, 43801
1787986092,0, 100, 43817
1787986092,1, 100, 43801
1787986092,2, 100, 43801
1787986092,3, 100, 43801
1787986107,0, 100, 43817
1787986107,1, 100, 43801
1787986107,2, 100, 43801
1787986107,3, 100, 43801
1787986122,0, 100, 43817
1787986122,1, 100, 43801
1787986122,2, 100, 43801
1787986122,3, 100, 43801
1787986137,0, 100, 43817
1787986137,1, 100, 43801
1787986137,2, 100, 43801
1787986137,3, 100, 43801
1787986152,0, 100, 43817
1787986152,1, 100, 43801
1787986152,2, 100, 43801
1787986152,3, 100, 43801
1787986167,0, 100, 43817
1787986167,1, 100, 43801
1787986167,2, 100, 43801
1787986167,3, 100, 43801
1787986182,0, 100, 43817
1787986182,1, 100, 43801
1787986182,2, 100, 43801
1787986182,3, 100, 43801
1787986197,0, 100, 43817
1787986197,1, 100, 43801
1787986197,2, 100, 43801
1787986197,3, 100, 43801
1787986212,0, 100, 43817
1787986212,1, 100, 43801
1787986212,2, 100, 43801
1787986212,3, 100, 43801
1787986227,0, 100, 43817
1787986227,1, 100, 43801
1787986227,2, 100, 43801
1787986227,3, 100, 43801
1787986242,0, 100, 43817
1787986242,1, 100, 43801
1787986242,2, 100, 43801
1787986242,3, 100, 43801
1787986257,0, 100, 43817
1787986257,1, 100, 43801
1787986257,2, 100, 43801
1787986257,3, 100, 43801
1787986272,0, 100, 43817
1787986272,1, 100, 43801
1787986272,2, 100, 43801
1787986272,3, 100, 43801
1787986288,0, 100, 43817
1787986288,1, 100, 43801
1787986288,2, 100, 43801
1787986288,3, 100, 43801
1787986303,0, 100, 43817
1787986303,1, 100, 43801
1787986303,2, 100, 43801
1787986303,3, 100, 43801
1787986318,0, 100, 43817
1787986318,1, 100, 43801
1787986318,2, 100, 43801
1787986318,3, 100, 43801
1787986334,0, 100, 43817
1787986334,1, 100, 43801
1787986334,2, 100, 43801
1787986334,3, 100, 43801
1787986349,0, 100, 43817
1787986349,1, 100, 43801
1787986349,2, 100, 43801
1787986349,3, 100, 43801
1787986364,0, 100, 43817
1787986364,1, 100, 43801
1787986364,2, 100, 43801
1787986364,3, 100, 43801
1787986379,0, 100, 43817
1787986379,1, 100, 43801
1787986379,2, 100, 43801
1787986379,3, 100, 43801
1787986394,0, 100, 43817
1787986394,1, 100, 43801
1787986394,2, 100, 43801
1787986394,3, 100, 43801
1787986409,0, 100, 43817
1787986409,1, 100, 43801
1787986409,2, 100, 43801
1787986409,3, 100, 43801
1787986424,0, 100, 43817
1787986424,1, 100, 43801
1787986424,2, 100, 43801
1787986424,3, 100, 43801
1787986439,0, 100, 43817
1787986439,1, 100, 43801
1787986439,2, 100, 43801
1787986439,3, 100, 43801
1787986454,0, 100, 43817
1787986454,1, 100, 43801
1787986454,2, 100, 43801
1787986454,3, 100, 43801
1787986470,0, 100, 43817
1787986470,1, 100, 43801
1787986470,2, 100, 43801
1787986470,3, 100, 43801
1787986485,0, 100, 43817
1787986485,1, 100, 43801
1787986485,2, 100, 43801
1787986485,3, 100, 43801
1787986500,0, 100, 43817
1787986500,1, 100, 43801
1787986500,2, 100, 43801
1787986500,3, 100, 43801
1787986515,0, 100, 43817
1787986515,1, 100, 43801
1787986515,2, 100, 43801
1787986515,3, 100, 43801
1787986530,0, 99, 43817
1787986530,1, 100, 43801
1787986530,2, 100, 43801
1787986530,3, 99, 43801
1787986545,0, 100, 43817
1787986545,1, 100, 43801
1787986545,2, 100, 43801
1787986545,3, 100, 43801
1787986561,0, 100, 43817
1787986561,1, 100, 43801
1787986561,2, 100, 43801
1787986561,3, 100, 43801
1787986576,0, 100, 43817
1787986576,1, 100, 43801
1787986576,2, 100, 43801
1787986576,3, 100, 43801
1787986591,0, 100, 43817
1787986591,1, 100, 43801
1787986591,2, 100, 43801
1787986591,3, 100, 43801
1787986606,0, 100, 43817
1787986606,1, 100, 43801
1787986606,2, 100, 43801
1787986606,3, 100, 43801
1787986621,0, 99, 43817
1787986621,1, 100, 43801
1787986621,2, 100, 43801
1787986621,3, 99, 43801
1787986637,0, 100, 43817
1787986637,1, 100, 43801
1787986637,2, 100, 43801
1787986637,3, 100, 43801
1787986652,0, 100, 43817
1787986652,1, 100, 43801
1787986652,2, 100, 43801
1787986652,3, 100, 43801
1787986667,0, 100, 43817
1787986667,1, 100, 43801
1787986667,2, 100, 43801
1787986667,3, 100, 43801
1787986682,0, 100, 43817
1787986682,1, 100, 43801
1787986682,2, 100, 43801
1787986682,3, 100, 43801
1787986697,0, 100, 43817
1787986697,1, 100, 43801
1787986697,2, 100, 43801
1787986697,3, 100, 43801
1787986712,0, 100, 43817
1787986712,1, 100, 43801
1787986712,2, 100, 43801
1787986712,3, 100, 43801
1787986727,0, 100, 43817
1787986727,1, 100, 43801
1787986727,2, 100, 43801
1787986727,3, 100, 43801
1787986742,0, 100, 43817
1787986742,1, 100, 43801
1787986742,2, 100, 43801
1787986742,3, 100, 43801
1787986758,0, 100, 43817
1787986758,1, 100, 43801
1787986758,2, 100, 43801
1787986758,3, 100, 43801
1787986773,0, 100, 43817
1787986773,1, 100, 43801
1787986773,2, 100, 43801
1787986773,3, 100, 43801
1787986788,0, 100, 43817
1787986788,1, 100, 43801
1787986788,2, 100, 43801
1787986788,3, 100, 43801
1787986803,0, 100, 43817
1787986803,1, 100, 43801
1787986803,2, 100, 43801
1787986803,3, 100, 43801
1787986818,0, 100, 43817
1787986818,1, 100, 43801
1787986818,2, 100, 43801
1787986818,3, 100, 43801
1787986833,0, 100, 43817
1787986833,1, 100, 43801
1787986833,2, 100, 43801
1787986833,3, 100, 43801
1787986848,0, 100, 43817
1787986848,1, 100, 43801
1787986848,2, 100, 43801
1787986848,3, 100, 43801
1787986863,0, 100, 43817
1787986863,1, 100, 43801
1787986863,2, 100, 43801
1787986863,3, 100, 43801
1787986878,0, 100, 43817
1787986878,1, 100, 43801
1787986878,2, 100, 43801
1787986878,3, 100, 43801
1787986894,0, 100, 43817
1787986894,1, 100, 43801
1787986894,2, 100, 43801
1787986894,3, 100, 43801
1787986909,0, 100, 43817
1787986909,1, 100, 43801
1787986909,2, 100, 43801
1787986909,3, 100, 43801
1787986924,0, 100, 43817
1787986924,1, 100, 43801
1787986924,2, 100, 43801
1787986924,3, 100, 43801
1787986939,0, 100, 43817
1787986939,1, 100, 43801
1787986939,2, 99, 43801
1787986939,3, 100, 43801
1787986954,0, 100, 43817
1787986954,1, 100, 43801
1787986954,2, 100, 43801
1787986954,3, 100, 43801
1787986970,0, 100, 43817
1787986970,1, 100, 43801
1787986970,2, 100, 43801
1787986970,3, 100, 43801
1787986985,0, 100, 43817
1787986985,1, 100, 43801
1787986985,2, 100, 43801
1787986985,3, 100, 43801
1787987000,0, 100, 43817
1787987000,1, 100, 43801
1787987000,2, 100, 43801
1787987000,3, 100, 43801
1787987015,0, 100, 43817
1787987015,1, 100, 43801
1787987015,2, 100, 43801
1787987015,3, 100, 43801
1787987030,0, 100, 43817
1787987030,1, 100, 43801
1787987030,2, 100, 43801
1787987030,3, 100, 43801
1787987045,0, 100, 43817
1787987045,1, 100, 43801
1787987045,2, 100, 43801
1787987045,3, 100, 43801
1787987060,0, 100, 43817
1787987060,1, 100, 43801
1787987060,2, 100, 43801
1787987060,3, 100, 43801
1787987075,0, 100, 43817
1787987075,1, 100, 43801
1787987075,2, 100, 43801
1787987075,3, 100, 43801
1787987090,0, 100, 43817
1787987090,1, 100, 43801
1787987090,2, 100, 43801
1787987090,3, 100, 43801
1787987106,0, 100, 43817
1787987106,1, 100, 43801
1787987106,2, 100, 43801
1787987106,3, 100, 43801
1787987121,0, 100, 43817
1787987121,1, 100, 43801
1787987121,2, 100, 43801
1787987121,3, 100, 43801
1787987136,0, 100, 43817
1787987136,1, 99, 43801
1787987136,2, 100, 43801
1787987136,3, 100, 43801
1787987151,0, 100, 43817
1787987151,1, 100, 43801
1787987151,2, 100, 43801
1787987151,3, 100, 43801
1787987166,0, 100, 43817
1787987166,1, 100, 43801
1787987166,2, 100, 43801
1787987166,3, 100, 43801
1787987181,0, 100, 43817
1787987181,1, 100, 43801
1787987181,2, 100, 43801
1787987181,3, 100, 43801
1787987196,0, 100, 43817
1787987196,1, 100, 43801
1787987196,2, 100, 43801
1787987196,3, 100, 43801
1787987211,0, 100, 43817
1787987211,1, 100, 43801
1787987211,2, 100, 43801
1787987211,3, 100, 43801
1787987227,0, 100, 43817
1787987227,1, 100, 43801
1787987227,2, 99, 43801
1787987227,3, 100, 43801
1787987242,0, 100, 43817
1787987242,1, 100, 43801
1787987242,2, 100, 43801
1787987242,3, 100, 43801
1787987257,0, 100, 43817
1787987257,1, 100, 43801
1787987257,2, 100, 43801
1787987257,3, 100, 43801
1787987272,0, 100, 43817
1787987272,1, 100, 43801
1787987272,2, 100, 43801
1787987272,3, 100, 43801
1787987287,0, 100, 43817
1787987287,1, 100, 43801
1787987287,2, 100, 43801
1787987287,3, 100, 43801
1787987302,0, 100, 43817
1787987302,1, 100, 43801
1787987302,2, 100, 43801
1787987302,3, 100, 43801
1787987317,0, 100, 43817
1787987317,1, 100, 43801
1787987317,2, 100, 43801
1787987317,3, 100, 43801
1787987333,0, 100, 43817
1787987333,1, 100, 43801
1787987333,2, 100, 43801
1787987333,3, 100, 43801
1787987348,0, 100, 43817
1787987348,1, 100, 43801
1787987348,2, 100, 43801
1787987348,3, 100, 43801
1787987363,0, 100, 43817
1787987363,1, 100, 43801
1787987363,2, 100, 43801
1787987363,3, 100, 43801
1787987378,0, 100, 43817
1787987378,1, 100, 43801
1787987378,2, 100, 43801
1787987378,3, 100, 43801
1787987393,0, 100, 43817
1787987393,1, 100, 43801
1787987393,2, 100, 43801
1787987393,3, 100, 43801
1787987408,0, 100, 43817
1787987408,1, 100, 43801
1787987408,2, 100, 43801
1787987408,3, 100, 43801
1787987423,0, 100, 43817
1787987423,1, 100, 43801
1787987423,2, 100, 43801
1787987423,3, 100, 43801
1787987438,0, 100, 43817
1787987438,1, 100, 43801
1787987438,2, 100, 43801
1787987438,3, 100, 43801
1787987453,0, 100, 43817
1787987453,1, 100, 43801
1787987453,2, 100, 43801
1787987453,3, 100, 43801
1787987468,0, 100, 43817
1787987468,1, 100, 43801
1787987468,2, 100, 43801
1787987468,3, 100, 43801
1787987484,0, 100, 43817
1787987484,1, 100, 43801
1787987484,2, 100, 43801
1787987484,3, 100, 43801
1787987499,0, 100, 43817
1787987499,1, 100, 43801
1787987499,2, 100, 43801
1787987499,3, 100, 43801
1787987514,0, 100, 43817
1787987514,1, 100, 43801
1787987514,2, 100, 43801
1787987514,3, 100, 43801
1787987529,0, 100, 43817
1787987529,1, 100, 43801
1787987529,2, 100, 43801
1787987529,3, 100, 43801
1787987544,0, 100, 43817
1787987544,1, 100, 43801
1787987544,2, 100, 43801
1787987544,3, 100, 43801
1787987559,0, 100, 43817
1787987559,1, 100, 43801
1787987559,2, 100, 43801
1787987559,3, 100, 43801
1787987574,0, 100, 43817
1787987574,1, 100, 43801
1787987574,2, 100, 43801
1787987574,3, 100, 43801
1787987589,0, 100, 43817
1787987589,1, 100, 43801
1787987589,2, 100, 43801
1787987589,3, 100, 43801
1787987604,0, 100, 43817
1787987604,1, 100, 43801
1787987604,2, 100, 43801
1787987604,3, 100, 43801
1787987619,0, 100, 43817
1787987619,1, 100, 43801
1787987619,2, 100, 43801
1787987619,3, 100, 43801
1787987634,0, 100, 43817
1787987634,1, 100, 43801
1787987634,2, 100, 43801
1787987634,3, 100, 43801
1787987649,0, 100, 43817
1787987649,1, 100, 43801
1787987649,2, 100, 43801
1787987649,3, 100, 43801
1787987665,0, 100, 43817
1787987665,1, 100, 43801
1787987665,2, 100, 43801
1787987665,3, 100, 43801
1787987680,0, 100, 43817
1787987680,1, 100, 43801
1787987680,2, 100, 43801
1787987680,3, 100, 43801
1787987695,0, 100, 43817
1787987695,1, 100, 43801
1787987695,2, 100, 43801
1787987695,3, 100, 43801
1787987710,0, 100, 43817
1787987710,1, 100, 43801
1787987710,2, 100, 43801
1787987710,3, 100, 43801
1787987725,0, 100, 43817
1787987725,1, 100, 43801
1787987725,2, 100, 43801
1787987725,3, 100, 43801
1787987740,0, 100, 43817
1787987740,1, 100, 43801
1787987740,2, 100, 43801
1787987740,3, 100, 43801
1787987755,0, 100, 43817
1787987755,1, 100, 43801
1787987755,2, 100, 43801
1787987755,3, 100, 43801
1787987770,0, 100, 43817
1787987770,1, 100, 43801
1787987770,2, 100, 43801
1787987770,3, 100, 43801
1787987785,0, 100, 43817
1787987785,1, 100, 43801
1787987785,2, 100, 43801
1787987785,3, 100, 43801
1787987800,0, 100, 43817
1787987800,1, 100, 43801
1787987800,2, 100, 43801
1787987800,3, 100, 43801
1787987815,0, 100, 43817
1787987815,1, 100, 43801
1787987815,2, 100, 43801
1787987815,3, 100, 43801
1787987831,0, 100, 43817
1787987831,1, 100, 43801
1787987831,2, 100, 43801
1787987831,3, 100, 43801
1787987846,0, 100, 43817
1787987846,1, 100, 43801
1787987846,2, 100, 43801
1787987846,3, 100, 43801
1787987861,0, 0, 43817
1787987861,1, 0, 43801
1787987861,2, 0, 43801
1787987861,3, 0, 43801
1787987876,0, 100, 43817
1787987876,1, 100, 43801
1787987876,2, 100, 43801
1787987876,3, 100, 43801
1787987891,0, 100, 43817
1787987891,1, 100, 43801
1787987891,2, 100, 43801
1787987891,3, 100, 43801
1787987906,0, 100, 43817
1787987906,1, 100, 43801
1787987906,2, 100, 43801
1787987906,3, 100, 43801
1787987921,0, 100, 43817
1787987921,1, 100, 43801
1787987921,2, 100, 43801
1787987921,3, 100, 43801
1787987936,0, 100, 43817
1787987936,1, 100, 43801
1787987936,2, 100, 43801
1787987936,3, 100, 43801
1787987951,0, 100, 43817
1787987951,1, 100, 43801
1787987951,2, 100, 43801
1787987951,3, 100, 43801
1787987966,0, 100, 43817
1787987966,1, 100, 43801
1787987966,2, 100, 43801
1787987966,3, 100, 43801
1787987981,0, 99, 43817
1787987981,1, 100, 43801
1787987981,2, 100, 43801
1787987981,3, 100, 43801
1787987997,0, 100, 43817
1787987997,1, 100, 43801
1787987997,2, 100, 43801
1787987997,3, 100, 43801
1787988012,0, 100, 43817
1787988012,1, 100, 43801
1787988012,2, 100, 43801
1787988012,3, 100, 43801
1787988027,0, 100, 43817
1787988027,1, 100, 43801
1787988027,2, 100, 43801
1787988027,3, 100, 43801
1787988042,0, 100, 43817
1787988042,1, 100, 43801
1787988042,2, 100, 43801
1787988042,3, 100, 43801
1787988057,0, 100, 43817
1787988057,1, 100, 43801
1787988057,2, 100, 43801
1787988057,3, 100, 43801
1787988072,0, 100, 43817
1787988072,1, 100, 43801
1787988072,2, 100, 43801
1787988072,3, 100, 43801
1787988087,0, 100, 43817
1787988087,1, 100, 43801
1787988087,2, 100, 43801
1787988087,3, 100, 43801
1787988102,0, 100, 43817
1787988102,1, 100, 43801
1787988102,2, 100, 43801
1787988102,3, 100, 43801
1787988117,0, 100, 43817
1787988117,1, 100, 43801
1787988117,2, 100, 43801
1787988117,3, 100, 43801
1787988133,0, 100, 43817
1787988133,1, 100, 43801
1787988133,2, 100, 43801
1787988133,3, 100, 43801
1787988148,0, 100, 43817
1787988148,1, 100, 43801
1787988148,2, 100, 43801
1787988148,3, 100, 43801
1787988163,0, 100, 43817
1787988163,1, 100, 43801
1787988163,2, 100, 43801
1787988163,3, 100, 43801
1787988178,0, 99, 43817
1787988178,1, 99, 43801
1787988178,2, 99, 43801
1787988178,3, 99, 43801
1787988193,0, 100, 43817
1787988193,1, 100, 43801
1787988193,2, 100, 43801
1787988193,3, 100, 43801
1787988208,0, 100, 43817
1787988208,1, 100, 43801
1787988208,2, 100, 43801
1787988208,3, 100, 43801
1787988223,0, 100, 43817
1787988223,1, 100, 43801
1787988223,2, 100, 43801
1787988223,3, 100, 43801
1787988238,0, 100, 43817
1787988238,1, 100, 43801
1787988238,2, 100, 43801
1787988238,3, 100, 43801
1787988253,0, 100, 43817
1787988253,1, 100, 43801
1787988253,2, 100, 43801
1787988253,3, 100, 43801
1787988269,0, 100, 43817
1787988269,1, 100, 43801
1787988269,2, 100, 43801
1787988269,3, 100, 43801
1787988284,0, 100, 43817
1787988284,1, 100, 43801
1787988284,2, 100, 43801
1787988284,3, 100, 43801
1787988299,0, 100, 43817
1787988299,1, 100, 43801
1787988299,2, 100, 43801
1787988299,3, 100, 43801
1787988314,0, 100, 43817
1787988314,1, 100, 43801
1787988314,2, 100, 43801
1787988314,3, 100, 43801
1787988329,0, 100, 43817
1787988329,1, 100, 43801
1787988329,2, 100, 43801
1787988329,3, 100, 43801
1787988344,0, 100, 43817
1787988344,1, 100, 43801
1787988344,2, 100, 43801
1787988344,3, 100, 43801
1787988359,0, 100, 43817
1787988359,1, 100, 43801
1787988359,2, 100, 43801
1787988359,3, 100, 43801
1787988374,0, 100, 43817
1787988374,1, 100, 43801
1787988374,2, 100, 43801
1787988374,3, 100, 43801
1787988389,0, 100, 43817
1787988389,1, 100, 43801
1787988389,2, 100, 43801
1787988389,3, 100, 43801
1787988404,0, 100, 43817
1787988404,1, 100, 43801
1787988404,2, 100, 43801
1787988404,3, 100, 43801
1787988419,0, 100, 43817
1787988419,1, 100, 43801
1787988419,2, 100, 43801
1787988419,3, 100, 43801
1787988435,0, 100, 43817
1787988435,1, 100, 43801
1787988435,2, 100, 43801
1787988435,3, 100, 43801
1787988450,0, 100, 43817
1787988450,1, 100, 43801
1787988450,2, 100, 43801
1787988450,3, 100, 43801
1787988465,0, 100, 43817
1787988465,1, 100, 43801
1787988465,2, 100, 43801
1787988465,3, 100, 43801
1787988480,0, 100, 43817
1787988480,1, 100, 43801
1787988480,2, 100, 43801
1787988480,3, 100, 43801
1787988495,0, 100, 43817
1787988495,1, 100, 43801
1787988495,2, 100, 43801
1787988495,3, 100, 43801
1787988510,0, 100, 43817
1787988510,1, 100, 43801
1787988510,2, 100, 43801
1787988510,3, 100, 43801
1787988525,0, 100, 43817
1787988525,1, 100, 43801
1787988525,2, 100, 43801
1787988525,3, 100, 43801
1787988540,0, 100, 43817
1787988540,1, 100, 43801
1787988540,2, 100, 43801
1787988540,3, 100, 43801
1787988555,0, 100, 43817
1787988555,1, 100, 43801
1787988555,2, 100, 43801
1787988555,3, 100, 43801
1787988570,0, 100, 43817
1787988570,1, 100, 43801
1787988570,2, 100, 43801
1787988570,3, 100, 43801
1787988585,0, 100, 43817
1787988585,1, 100, 43801
1787988585,2, 100, 43801
1787988585,3, 100, 43801
1787988600,0, 100, 43817
1787988600,1, 100, 43801
1787988600,2, 100, 43801
1787988600,3, 100, 43801
1787988616,0, 100, 43817
1787988616,1, 100, 43801
1787988616,2, 100, 43801
1787988616,3, 100, 43801
1787988631,0, 100, 43817
1787988631,1, 100, 43801
1787988631,2, 100, 43801
1787988631,3, 100, 43801
1787988646,0, 100, 43817
1787988646,1, 100, 43801
1787988646,2, 100, 43801
1787988646,3, 100, 43801
1787988661,0, 100, 43817
1787988661,1, 100, 43801
1787988661,2, 100, 43801
1787988661,3, 100, 43801
1787988676,0, 100, 43817
1787988676,1, 100, 43801
1787988676,2, 100, 43801
1787988676,3, 100, 43801
1787988692,0, 100, 43817
1787988692,1, 100, 43801
1787988692,2, 100, 43801
1787988692,3, 100, 43801
1787988707,0, 100, 43817
1787988707,1, 100, 43801
1787988707,2, 100, 43801
1787988707,3, 100, 43801
1787988722,0, 100, 43817
1787988722,1, 100, 43801
1787988722,2, 100, 43801
1787988722,3, 100, 43801
1787988737,0, 100, 43817
1787988737,1, 100, 43801
1787988737,2, 100, 43801
1787988737,3, 100, 43801
1787988752,0, 100, 43817
1787988752,1, 100, 43801
1787988752,2, 100, 43801
1787988752,3, 100, 43801
1787988767,0, 100, 43817
1787988767,1, 100, 43801
1787988767,2, 100, 43801
1787988767,3, 100, 43801
1787988782,0, 100, 43817
1787988782,1, 100, 43801
1787988782,2, 100, 43801
1787988782,3, 100, 43801
1787988797,0, 100, 43817
1787988797,1, 100, 43801
1787988797,2, 100, 43801
1787988797,3, 100, 43801
1787988812,0, 100, 43817
1787988812,1, 100, 43801
1787988812,2, 100, 43801
1787988812,3, 100, 43801
1787988827,0, 100, 43817
1787988827,1, 100, 43801
1787988827,2, 100, 43801
1787988827,3, 100, 43801
1787988842,0, 100, 43817
1787988842,1, 100, 43801
1787988842,2, 100, 43801
1787988842,3, 100, 43801
1787988857,0, 100, 43817
1787988857,1, 100, 43801
1787988857,2, 100, 43801
1787988857,3, 100, 43801
1787988873,0, 100, 43817
1787988873,1, 100, 43801
1787988873,2, 100, 43801
1787988873,3, 100, 43801
1787988888,0, 100, 43817
1787988888,1, 100, 43801
1787988888,2, 100, 43801
1787988888,3, 100, 43801
1787988903,0, 100, 43817
1787988903,1, 100, 43801
1787988903,2, 100, 43801
1787988903,3, 100, 43801
1787988918,0, 100, 43817
1787988918,1, 100, 43801
1787988918,2, 100, 43801
1787988918,3, 100, 43801
1787988933,0, 100, 43817
1787988933,1, 100, 43801
1787988933,2, 100, 43801
1787988933,3, 100, 43801
1787988948,0, 100, 43817
1787988948,1, 100, 43801
1787988948,2, 100, 43801
1787988948,3, 100, 43801
1787988963,0, 100, 43817
1787988963,1, 100, 43801
1787988963,2, 100, 43801
1787988963,3, 100, 43801
1787988979,0, 100, 43817
1787988979,1, 100, 43801
1787988979,2, 100, 43801
1787988979,3, 100, 43801
1787988994,0, 100, 43817
1787988994,1, 100, 43801
1787988994,2, 100, 43801
1787988994,3, 100, 43801
1787989009,0, 100, 43817
1787989009,1, 100, 43801
1787989009,2, 99, 43801
1787989009,3, 100, 43801
1787989024,0, 100, 43817
1787989024,1, 100, 43801
1787989024,2, 100, 43801
1787989024,3, 100, 43801
1787989039,0, 100, 43817
1787989039,1, 100, 43801
1787989039,2, 100, 43801
1787989039,3, 100, 43801
1787989054,0, 100, 43817
1787989054,1, 100, 43801
1787989054,2, 100, 43801
1787989054,3, 100, 43801
1787989069,0, 100, 43817
1787989069,1, 100, 43801
1787989069,2, 100, 43801
1787989069,3, 100, 43801
1787989084,0, 100, 43817
1787989084,1, 100, 43801
1787989084,2, 100, 43801
1787989084,3, 100, 43801
1787989099,0, 100, 43817
1787989099,1, 100, 43801
1787989099,2, 100, 43801
1787989099,3, 100, 43801
1787989115,0, 100, 43817
1787989115,1, 100, 43801
1787989115,2, 100, 43801
1787989115,3, 100, 43801
1787989130,0, 100, 43817
1787989130,1, 100, 43801
1787989130,2, 100, 43801
1787989130,3, 100, 43801
1787989145,0, 100, 43817
1787989145,1, 100, 43801
1787989145,2, 100, 43801
1787989145,3, 100, 43801
1787989160,0, 100, 43817
1787989160,1, 100, 43801
1787989160,2, 100, 43801
1787989160,3, 100, 43801
1787989175,0, 100, 43817
1787989175,1, 100, 43801
1787989175,2, 100, 43801
1787989175,3, 100, 43801
1787989190,0, 100, 43817
1787989190,1, 100, 43801
1787989190,2, 100, 43801
1787989190,3, 100, 43801
1787989205,0, 100, 43817
1787989205,1, 100, 43801
1787989205,2, 99, 43801
1787989205,3, 100, 43801
1787989220,0, 100, 43817
1787989220,1, 100, 43801
1787989220,2, 100, 43801
1787989220,3, 100, 43801
1787989235,0, 100, 43817
1787989235,1, 100, 43801
1787989235,2, 100, 43801
1787989235,3, 100, 43801
1787989250,0, 100, 43817
1787989250,1, 100, 43801
1787989250,2, 100, 43801
1787989250,3, 100, 43801
1787989266,0, 100, 43817
1787989266,1, 100, 43801
1787989266,2, 100, 43801
1787989266,3, 100, 43801
1787989281,0, 100, 43817
1787989281,1, 100, 43801
1787989281,2, 100, 43801
1787989281,3, 100, 43801
1787989296,0, 100, 43817
1787989296,1, 100, 43801
1787989296,2, 100, 43801
1787989296,3, 100, 43801
1787989311,0, 100, 43817
1787989311,1, 100, 43801
1787989311,2, 100, 43801
1787989311,3, 100, 43801
1787989326,0, 100, 43817
1787989326,1, 100, 43801
1787989326,2, 100, 43801
1787989326,3, 100, 43801
1787989341,0, 100, 43817
1787989341,1, 100, 43801
1787989341,2, 100, 43801
1787989341,3, 100, 43801
1787989356,0, 100, 43817
1787989356,1, 100, 43801
1787989356,2, 100, 43801
1787989356,3, 100, 43801
1787989371,0, 100, 43817
1787989371,1, 100, 43801
1787989371,2, 100, 43801
1787989371,3, 100, 43801
1787989386,0, 100, 43817
1787989386,1, 100, 43801
1787989386,2, 100, 43801
1787989386,3, 100, 43801
1787989401,0, 100, 43817
1787989401,1, 100, 43801
1787989401,2, 100, 43801
1787989401,3, 100, 43801
1787989416,0, 100, 43817
1787989416,1, 100, 43801
1787989416,2, 100, 43801
1787989416,3, 100, 43801
1787989432,0, 100, 43817
1787989432,1, 100, 43801
1787989432,2, 100, 43801
1787989432,3, 100, 43801
1787989447,0, 100, 43817
1787989447,1, 100, 43801
1787989447,2, 100, 43801
1787989447,3, 100, 43801
1787989462,0, 100, 43817
1787989462,1, 100, 43801
1787989462,2, 100, 43801
1787989462,3, 100, 43801
1787989477,0, 100, 43817
1787989477,1, 100, 43801
1787989477,2, 100, 43801
1787989477,3, 100, 43801
1787989492,0, 100, 43817
1787989492,1, 100, 43801
1787989492,2, 100, 43801
1787989492,3, 100, 43801
1787989507,0, 100, 43817
1787989507,1, 100, 43801
1787989507,2, 100, 43801
1787989507,3, 100, 43801
1787989522,0, 100, 43817
1787989522,1, 100, 43801
1787989522,2, 100, 43801
1787989522,3, 100, 43801
1787989537,0, 100, 43817
1787989537,1, 100, 43801
1787989537,2, 100, 43801
1787989537,3, 100, 43801
1787989552,0, 100, 43817
1787989552,1, 100, 43801
1787989552,2, 100, 43801
1787989552,3, 100, 43801
1787989568,0, 100, 43817
1787989568,1, 100, 43801
1787989568,2, 100, 43801
1787989568,3, 100, 43801
1787989583,0, 100, 43817
1787989583,1, 100, 43801
1787989583,2, 100, 43801
1787989583,3, 100, 43801
1787989598,0, 100, 43817
1787989598,1, 100, 43801
1787989598,2, 100, 43801
1787989598,3, 100, 43801
1787989613,0, 100, 43817
1787989613,1, 100, 43801
1787989613,2, 100, 43801
1787989613,3, 100, 43801
1787989628,0, 100, 43817
1787989628,1, 100, 43801
1787989628,2, 100, 43801
1787989628,3, 100, 43801
1787989643,0, 100, 43817
1787989643,1, 100, 43801
1787989643,2, 100, 43801
1787989643,3, 100, 43801
1787989658,0, 100, 43817
1787989658,1, 100, 43801
1787989658,2, 100, 43801
1787989658,3, 100, 43801
1787989673,0, 100, 43817
1787989673,1, 100, 43801
1787989673,2, 100, 43801
1787989673,3, 100, 43801
1787989688,0, 100, 43817
1787989688,1, 100, 43801
1787989688,2, 100, 43801
1787989688,3, 100, 43801
1787989704,0, 100, 43817
1787989704,1, 100, 43801
1787989704,2, 100, 43801
1787989704,3, 100, 43801
1787989719,0, 100, 43817
1787989719,1, 100, 43801
1787989719,2, 100, 43801
1787989719,3, 100, 43801
1787989734,0, 100, 43817
1787989734,1, 100, 43801
1787989734,2, 100, 43801
1787989734,3, 100, 43801
1787989749,0, 100, 43817
1787989749,1, 100, 43801
1787989749,2, 100, 43801
1787989749,3, 100, 43801
1787989764,0, 100, 43817
1787989764,1, 100, 43801
1787989764,2, 100, 43801
1787989764,3, 100, 43801
1787989779,0, 100, 43817
1787989779,1, 100, 43801
1787989779,2, 100, 43801
1787989779,3, 100, 43801
1787989794,0, 100, 43817
1787989794,1, 100, 43801
1787989794,2, 100, 43801
1787989794,3, 100, 43801
1787989809,0, 100, 43817
1787989809,1, 100, 43801
1787989809,2, 100, 43801
1787989809,3, 100, 43801
1787989824,0, 100, 43817
1787989824,1, 100, 43801
1787989824,2, 100, 43801
1787989824,3, 100, 43801
1787989839,0, 100, 43817
1787989839,1, 99, 43801
1787989839,2, 100, 43801
1787989839,3, 100, 43801
1787989854,0, 100, 43817
1787989854,1, 100, 43801
1787989854,2, 100, 43801
1787989854,3, 100, 43801
1787989870,0, 100, 43817
1787989870,1, 100, 43801
1787989870,2, 100, 43801
1787989870,3, 100, 43801
1787989885,0, 100, 43817
1787989885,1, 100, 43801
1787989885,2, 100, 43801
1787989885,3, 100, 43801
1787989900,0, 100, 43817
1787989900,1, 100, 43801
1787989900,2, 100, 43801
1787989900,3, 100, 43801
1787989915,0, 100, 43817
1787989915,1, 100, 43801
1787989915,2, 100, 43801
1787989915,3, 100, 43801
1787989930,0, 100, 43817
1787989930,1, 100, 43801
1787989930,2, 100, 43801
1787989930,3, 100, 43801
1787989945,0, 100, 43817
1787989945,1, 100, 43801
1787989945,2, 100, 43801
1787989945,3, 100, 43801
1787989960,0, 100, 43817
1787989960,1, 100, 43801
1787989960,2, 100, 43801
1787989960,3, 100, 43801
1787989975,0, 100, 43817
1787989975,1, 100, 43801
1787989975,2, 100, 43801
1787989975,3, 100, 43801
1787989990,0, 100, 43817
1787989990,1, 100, 43801
1787989990,2, 100, 43801
1787989990,3, 100, 43801
1787990006,0, 100, 43817
1787990006,1, 100, 43801
1787990006,2, 100, 43801
1787990006,3, 100, 43801
1787990021,0, 100, 43817
1787990021,1, 100, 43801
1787990021,2, 100, 43801
1787990021,3, 100, 43801
1787990036,0, 100, 43817
1787990036,1, 99, 43801
1787990036,2, 100, 43801
1787990036,3, 99, 43801
1787990051,0, 100, 43817
1787990051,1, 100, 43801
1787990051,2, 100, 43801
1787990051,3, 100, 43801
1787990066,0, 100, 43817
1787990066,1, 100, 43801
1787990066,2, 100, 43801
1787990066,3, 100, 43801
1787990081,0, 100, 43817
1787990081,1, 100, 43801
1787990081,2, 100, 43801
1787990081,3, 100, 43801
1787990096,0, 100, 43817
1787990096,1, 100, 43801
1787990096,2, 100, 43801
1787990096,3, 100, 43801
1787990111,0, 100, 43817
1787990111,1, 100, 43801
1787990111,2, 100, 43801
1787990111,3, 100, 43801
1787990126,0, 100, 43817
1787990126,1, 100, 43801
1787990126,2, 100, 43801
1787990126,3, 100, 43801
1787990141,0, 100, 43817
1787990141,1, 99, 43801
1787990141,2, 99, 43801
1787990141,3, 100, 43801
1787990156,0, 100, 43817
1787990156,1, 100, 43801
1787990156,2, 100, 43801
1787990156,3, 100, 43801
1787990172,0, 100, 43817
1787990172,1, 100, 43801
1787990172,2, 100, 43801
1787990172,3, 100, 43801
1787990187,0, 100, 43817
1787990187,1, 100, 43801
1787990187,2, 100, 43801
1787990187,3, 100, 43801
1787990202,0, 100, 43817
1787990202,1, 100, 43801
1787990202,2, 100, 43801
1787990202,3, 100, 43801
1787990217,0, 100, 43817
1787990217,1, 100, 43801
1787990217,2, 100, 43801
1787990217,3, 100, 43801
1787990232,0, 100, 43817
1787990232,1, 100, 43801
1787990232,2, 100, 43801
1787990232,3, 100, 43801
1787990247,0, 100, 43817
1787990247,1, 100, 43801
1787990247,2, 100, 43801
1787990247,3, 100, 43801
1787990262,0, 100, 43817
1787990262,1, 100, 43801
1787990262,2, 100, 43801
1787990262,3, 100, 43801
1787990277,0, 100, 43817
1787990277,1, 100, 43801
1787990277,2, 100, 43801
1787990277,3, 100, 43801
1787990292,0, 100, 43817
1787990292,1, 100, 43801
1787990292,2, 100, 43801
1787990292,3, 100, 43801
1787990307,0, 100, 43817
1787990307,1, 100, 43801
1787990307,2, 100, 43801
1787990307,3, 100, 43801
1787990322,0, 100, 43817
1787990322,1, 100, 43801
1787990322,2, 100, 43801
1787990322,3, 100, 43801
1787990337,0, 100, 43817
1787990337,1, 100, 43801
1787990337,2, 100, 43801
1787990337,3, 100, 43801
1787990353,0, 100, 43817
1787990353,1, 100, 43801
1787990353,2, 100, 43801
1787990353,3, 100, 43801
1787990368,0, 100, 43817
1787990368,1, 100, 43801
1787990368,2, 100, 43801
1787990368,3, 100, 43801
1787990383,0, 100, 43817
1787990383,1, 100, 43801
1787990383,2, 100, 43801
1787990383,3, 100, 43801
1787990398,0, 100, 43817
1787990398,1, 100, 43801
1787990398,2, 100, 43801
1787990398,3, 100, 43801
1787990413,0, 100, 43817
1787990413,1, 100, 43801
1787990413,2, 100, 43801
1787990413,3, 100, 43801
1787990428,0, 100, 43817
1787990428,1, 100, 43801
1787990428,2, 100, 43801
1787990428,3, 100, 43801
1787990443,0, 100, 43817
1787990443,1, 100, 43801
1787990443,2, 100, 43801
1787990443,3, 100, 43801
1787990458,0, 100, 43817
1787990458,1, 100, 43801
1787990458,2, 100, 43801
1787990458,3, 100, 43801
1787990473,0, 100, 43817
1787990473,1, 100, 43801
1787990473,2, 100, 43801
1787990473,3, 100, 43801
1787990489,0, 100, 43817
1787990489,1, 100, 43801
1787990489,2, 100, 43801
1787990489,3, 100, 43801
1787990504,0, 100, 43817
1787990504,1, 100, 43801
1787990504,2, 100, 43801
1787990504,3, 100, 43801
1787990519,0, 100, 43817
1787990519,1, 100, 43801
1787990519,2, 100, 43801
1787990519,3, 100, 43801
1787990534,0, 100, 43817
1787990534,1, 100, 43801
1787990534,2, 100, 43801
1787990534,3, 100, 43801
1787990549,0, 100, 43817
1787990549,1, 100, 43801
1787990549,2, 100, 43801
1787990549,3, 100, 43801
1787990564,0, 100, 43817
1787990564,1, 100, 43801
1787990564,2, 100, 43801
1787990564,3, 100, 43801
1787990579,0, 100, 43817
1787990579,1, 100, 43801
1787990579,2, 100, 43801
1787990579,3, 100, 43801
1787990594,0, 100, 43817
1787990594,1, 100, 43801
1787990594,2, 100, 43801
1787990594,3, 100, 43801
1787990609,0, 100, 43817
1787990609,1, 100, 43801
1787990609,2, 100, 43801
1787990609,3, 100, 43801
1787990624,0, 100, 43817
1787990624,1, 100, 43801
1787990624,2, 100, 43801
1787990624,3, 100, 43801
1787990639,0, 100, 43817
1787990639,1, 100, 43801
1787990639,2, 100, 43801
1787990639,3, 100, 43801
1787990654,0, 99, 43817
1787990654,1, 100, 43801
1787990654,2, 100, 43801
1787990654,3, 100, 43801
1787990670,0, 100, 43817
1787990670,1, 100, 43801
1787990670,2, 100, 43801
1787990670,3, 100, 43801
1787990685,0, 100, 43817
1787990685,1, 100, 43801
1787990685,2, 100, 43801
1787990685,3, 100, 43801
1787990700,0, 100, 43817
1787990700,1, 100, 43801
1787990700,2, 100, 43801
1787990700,3, 100, 43801
1787990715,0, 100, 43817
1787990715,1, 100, 43801
1787990715,2, 100, 43801
1787990715,3, 100, 43801
1787990730,0, 100, 43817
1787990730,1, 100, 43801
1787990730,2, 100, 43801
1787990730,3, 100, 43801
1787990745,0, 100, 43817
1787990745,1, 100, 43801
1787990745,2, 100, 43801
1787990745,3, 100, 43801
1787990760,0, 100, 43817
1787990760,1, 100, 43801
1787990760,2, 100, 43801
1787990760,3, 100, 43801
1787990775,0, 100, 43817
1787990775,1, 100, 43801
1787990775,2, 100, 43801
1787990775,3, 100, 43801
1787990790,0, 100, 43817
1787990790,1, 100, 43801
1787990790,2, 100, 43801
1787990790,3, 100, 43801
1787990805,0, 100, 43817
1787990805,1, 100, 43801
1787990805,2, 100, 43801
1787990805,3, 100, 43801
1787990820,0, 100, 43817
1787990820,1, 100, 43801
1787990820,2, 100, 43801
1787990820,3, 100, 43801
1787990836,0, 100, 43817
1787990836,1, 100, 43801
1787990836,2, 100, 43801
1787990836,3, 100, 43801
1787990851,0, 100, 43817
1787990851,1, 100, 43801
1787990851,2, 100, 43801
1787990851,3, 100, 43801
1787990866,0, 100, 43817
1787990866,1, 100, 43801
1787990866,2, 100, 43801
1787990866,3, 100, 43801
1787990881,0, 100, 43817
1787990881,1, 100, 43801
1787990881,2, 100, 43801
1787990881,3, 100, 43801
1787990896,0, 100, 43817
1787990896,1, 100, 43801
1787990896,2, 100, 43801
1787990896,3, 100, 43801
1787990911,0, 100, 43817
1787990911,1, 100, 43801
1787990911,2, 100, 43801
1787990911,3, 100, 43801
1787990926,0, 100, 43817
1787990926,1, 100, 43801
1787990926,2, 100, 43801
1787990926,3, 100, 43801
1787990941,0, 100, 43817
1787990941,1, 100, 43801
1787990941,2, 100, 43801
1787990941,3, 100, 43801
1787990956,0, 100, 43817
1787990956,1, 100, 43801
1787990956,2, 100, 43801
1787990956,3, 100, 43801
1787990971,0, 100, 43817
1787990971,1, 100, 43801
1787990971,2, 100, 43801
1787990971,3, 100, 43801
1787990986,0, 100, 43817
1787990986,1, 100, 43801
1787990986,2, 100, 43801
1787990986,3, 100, 43801
1787991001,0, 100, 43817
1787991001,1, 100, 43801
1787991001,2, 100, 43801
1787991001,3, 100, 43801
1787991016,0, 100, 43817
1787991016,1, 100, 43801
1787991016,2, 100, 43801
1787991016,3, 100, 43801
1787991032,0, 100, 43817
1787991032,1, 100, 43801
1787991032,2, 100, 43801
1787991032,3, 100, 43801
1787991047,0, 100, 43817
1787991047,1, 100, 43801
1787991047,2, 100, 43801
1787991047,3, 100, 43801
1787991062,0, 100, 43817
1787991062,1, 100, 43801
1787991062,2, 100, 43801
1787991062,3, 100, 43801
1787991077,0, 100, 43817
1787991077,1, 100, 43801
1787991077,2, 100, 43801
1787991077,3, 100, 43801
1787991092,0, 99, 43817
1787991092,1, 100, 43801
1787991092,2, 99, 43801
1787991092,3, 100, 43801
1787991107,0, 100, 43817
1787991107,1, 100, 43801
1787991107,2, 100, 43801
1787991107,3, 100, 43801
1787991122,0, 100, 43817
1787991122,1, 100, 43801
1787991122,2, 100, 43801
1787991122,3, 100, 43801
1787991138,0, 100, 43817
1787991138,1, 100, 43801
1787991138,2, 100, 43801
1787991138,3, 100, 43801
1787991153,0, 100, 43817
1787991153,1, 100, 43801
1787991153,2, 100, 43801
1787991153,3, 100, 43801
1787991168,0, 100, 43817
1787991168,1, 100, 43801
1787991168,2, 100, 43801
1787991168,3, 100, 43801
1787991184,0, 100, 43817
1787991184,1, 100, 43801
1787991184,2, 100, 43801
1787991184,3, 100, 43801
1787991199,0, 100, 43817
1787991199,1, 100, 43801
1787991199,2, 100, 43801
1787991199,3, 100, 43801
1787991214,0, 100, 43817
1787991214,1, 100, 43801
1787991214,2, 100, 43801
1787991214,3, 100, 43801
1787991229,0, 100, 43817
1787991229,1, 100, 43801
1787991229,2, 100, 43801
1787991229,3, 100, 43801
1787991245,0, 100, 43817
1787991245,1, 100, 43801
1787991245,2, 100, 43801
1787991245,3, 100, 43801
1787991260,0, 100, 43817
1787991260,1, 100, 43801
1787991260,2, 100, 43801
1787991260,3, 100, 43801
1787991275,0, 100, 43817
1787991275,1, 100, 43801
1787991275,2, 100, 43801
1787991275,3, 100, 43801
1787991290,0, 100, 43817
1787991290,1, 100, 43801
1787991290,2, 100, 43801
1787991290,3, 100, 43801
1787991306,0, 100, 43817
1787991306,1, 100, 43801
1787991306,2, 100, 43801
1787991306,3, 100, 43801
1787991321,0, 100, 43817
1787991321,1, 100, 43801
1787991321,2, 100, 43801
1787991321,3, 100, 43801
1787991336,0, 100, 43817
1787991336,1, 100, 43801
1787991336,2, 100, 43801
1787991336,3, 100, 43801
1787991351,0, 100, 43817
1787991351,1, 100, 43801
1787991351,2, 100, 43801
1787991351,3, 100, 43801
1787991366,0, 100, 43817
1787991366,1, 100, 43801
1787991366,2, 100, 43801
1787991366,3, 99, 43801
1787991381,0, 100, 43817
1787991381,1, 100, 43801
1787991381,2, 100, 43801
1787991381,3, 100, 43801
1787991396,0, 100, 43817
1787991396,1, 100, 43801
1787991396,2, 100, 43801
1787991396,3, 100, 43801
1787991411,0, 100, 43817
1787991411,1, 100, 43801
1787991411,2, 100, 43801
1787991411,3, 100, 43801
1787991426,0, 100, 43817
1787991426,1, 100, 43801
1787991426,2, 100, 43801
1787991426,3, 100, 43801
1787991441,0, 100, 43817
1787991441,1, 100, 43801
1787991441,2, 100, 43801
1787991441,3, 100, 43801
1787991457,0, 100, 43817
1787991457,1, 100, 43801
1787991457,2, 100, 43801
1787991457,3, 100, 43801
1787991472,0, 100, 43817
1787991472,1, 100, 43801
1787991472,2, 100, 43801
1787991472,3, 100, 43801
1787991487,0, 100, 43817
1787991487,1, 100, 43801
1787991487,2, 100, 43801
1787991487,3, 100, 43801
1787991502,0, 100, 43817
1787991502,1, 100, 43801
1787991502,2, 100, 43801
1787991502,3, 100, 43801
1787991517,0, 100, 43817
1787991517,1, 100, 43801
1787991517,2, 100, 43801
1787991517,3, 100, 43801
1787991532,0, 100, 43817
1787991532,1, 100, 43801
1787991532,2, 100, 43801
1787991532,3, 100, 43801
1787991547,0, 100, 43817
1787991547,1, 100, 43801
1787991547,2, 100, 43801
1787991547,3, 100, 43801
1787991562,0, 100, 43817
1787991562,1, 100, 43801
1787991562,2, 100, 43801
1787991562,3, 100, 43801
1787991577,0, 100, 43817
1787991577,1, 100, 43801
1787991577,2, 100, 43801
1787991577,3, 100, 43801
1787991593,0, 100, 43817
1787991593,1, 100, 43801
1787991593,2, 100, 43801
1787991593,3, 100, 43801
1787991608,0, 100, 43817
1787991608,1, 100, 43801
1787991608,2, 100, 43801
1787991608,3, 100, 43801
1787991623,0, 100, 43817
1787991623,1, 100, 43801
1787991623,2, 100, 43801
1787991623,3, 100, 43801
1787991638,0, 100, 43817
1787991638,1, 100, 43801
1787991638,2, 100, 43801
1787991638,3, 100, 43801
1787991653,0, 100, 43817
1787991653,1, 100, 43801
1787991653,2, 100, 43801
1787991653,3, 100, 43801
1787991668,0, 99, 43817
1787991668,1, 100, 43801
1787991668,2, 99, 43801
1787991668,3, 99, 43801
1787991683,0, 100, 43817
1787991683,1, 100, 43801
1787991683,2, 100, 43801
1787991683,3, 100, 43801
1787991699,0, 100, 43817
1787991699,1, 100, 43801
1787991699,2, 100, 43801
1787991699,3, 100, 43801
1787991714,0, 100, 43817
1787991714,1, 100, 43801
1787991714,2, 100, 43801
1787991714,3, 100, 43801
1787991729,0, 100, 43817
1787991729,1, 100, 43801
1787991729,2, 100, 43801
1787991729,3, 100, 43801
1787991744,0, 100, 43817
1787991744,1, 100, 43801
1787991744,2, 100, 43801
1787991744,3, 100, 43801
1787991759,0, 100, 43817
1787991759,1, 100, 43801
1787991759,2, 100, 43801
1787991759,3, 100, 43801
1787991774,0, 100, 43817
1787991774,1, 100, 43801
1787991774,2, 100, 43801
1787991774,3, 100, 43801
1787991789,0, 100, 43817
1787991789,1, 100, 43801
1787991789,2, 99, 43801
1787991789,3, 100, 43801
1787991805,0, 100, 43817
1787991805,1, 100, 43801
1787991805,2, 100, 43801
1787991805,3, 100, 43801
1787991820,0, 100, 43817
1787991820,1, 100, 43801
1787991820,2, 100, 43801
1787991820,3, 100, 43801
1787991835,0, 100, 43817
1787991835,1, 100, 43801
1787991835,2, 100, 43801
1787991835,3, 100, 43801
1787991850,0, 100, 43817
1787991850,1, 100, 43801
1787991850,2, 100, 43801
1787991850,3, 100, 43801
1787991865,0, 100, 43817
1787991865,1, 100, 43801
1787991865,2, 100, 43801
1787991865,3, 100, 43801
1787991880,0, 100, 43817
1787991880,1, 100, 43801
1787991880,2, 100, 43801
1787991880,3, 100, 43801
1787991895,0, 100, 43817
1787991895,1, 100, 43801
1787991895,2, 100, 43801
1787991895,3, 100, 43801
1787991911,0, 100, 43817
1787991911,1, 100, 43801
1787991911,2, 100, 43801
1787991911,3, 100, 43801
1787991926,0, 100, 43817
1787991926,1, 100, 43801
1787991926,2, 100, 43801
1787991926,3, 100, 43801
1787991941,0, 100, 43817
1787991941,1, 100, 43801
1787991941,2, 100, 43801
1787991941,3, 100, 43801
1787991956,0, 100, 43817
1787991956,1, 100, 43801
1787991956,2, 100, 43801
1787991956,3, 100, 43801
1787991971,0, 100, 43817
1787991971,1, 100, 43801
1787991971,2, 100, 43801
1787991971,3, 100, 43801
1787991986,0, 100, 43817
1787991986,1, 100, 43801
1787991986,2, 100, 43801
1787991986,3, 100, 43801
1787992001,0, 100, 43817
1787992001,1, 100, 43801
1787992001,2, 100, 43801
1787992001,3, 100, 43801
1787992016,0, 100, 43817
1787992016,1, 100, 43801
1787992016,2, 100, 43801
1787992016,3, 100, 43801
1787992031,0, 100, 43817
1787992031,1, 100, 43801
1787992031,2, 100, 43801
1787992031,3, 100, 43801
1787992046,0, 100, 43817
1787992046,1, 100, 43801
1787992046,2, 100, 43801
1787992046,3, 100, 43801
1787992062,0, 100, 43817
1787992062,1, 100, 43801
1787992062,2, 100, 43801
1787992062,3, 100, 43801
1787992077,0, 100, 43817
1787992077,1, 100, 43801
1787992077,2, 100, 43801
1787992077,3, 100, 43801
1787992092,0, 100, 43817
1787992092,1, 100, 43801
1787992092,2, 99, 43801
1787992092,3, 100, 43801
1787992107,0, 100, 43817
1787992107,1, 100, 43801
1787992107,2, 100, 43801
1787992107,3, 100, 43801
1787992122,0, 100, 43817
1787992122,1, 100, 43801
1787992122,2, 100, 43801
1787992122,3, 100, 43801
1787992137,0, 100, 43817
1787992137,1, 100, 43801
1787992137,2, 100, 43801
1787992137,3, 100, 43801
1787992152,0, 100, 43817
1787992152,1, 100, 43801
1787992152,2, 100, 43801
1787992152,3, 100, 43801
1787992167,0, 100, 43817
1787992167,1, 100, 43801
1787992167,2, 100, 43801
1787992167,3, 100, 43801
1787992183,0, 100, 43817
1787992183,1, 100, 43801
1787992183,2, 100, 43801
1787992183,3, 100, 43801
1787992198,0, 100, 43817
1787992198,1, 100, 43801
1787992198,2, 100, 43801
1787992198,3, 100, 43801
1787992213,0, 100, 43817
1787992213,1, 100, 43801
1787992213,2, 100, 43801
1787992213,3, 100, 43801
1787992228,0, 100, 43817
1787992228,1, 100, 43801
1787992228,2, 100, 43801
1787992228,3, 100, 43801
1787992243,0, 100, 43817
1787992243,1, 100, 43801
1787992243,2, 100, 43801
1787992243,3, 100, 43801
1787992258,0, 100, 43817
1787992258,1, 100, 43801
1787992258,2, 100, 43801
1787992258,3, 100, 43801
1787992274,0, 100, 43817
1787992274,1, 100, 43801
1787992274,2, 100, 43801
1787992274,3, 100, 43801
1787992289,0, 100, 43817
1787992289,1, 100, 43801
1787992289,2, 100, 43801
1787992289,3, 100, 43801
1787992304,0, 100, 43817
1787992304,1, 100, 43801
1787992304,2, 100, 43801
1787992304,3, 100, 43801
1787992319,0, 100, 43817
1787992319,1, 100, 43801
1787992319,2, 100, 43801
1787992319,3, 100, 43801
1787992334,0, 100, 43817
1787992334,1, 100, 43801
1787992334,2, 100, 43801
1787992334,3, 100, 43801
1787992349,0, 100, 43817
1787992349,1, 100, 43801
1787992349,2, 100, 43801
1787992349,3, 100, 43801
1787992364,0, 100, 43817
1787992364,1, 100, 43801
1787992364,2, 100, 43801
1787992364,3, 100, 43801
1787992380,0, 100, 43817
1787992380,1, 100, 43801
1787992380,2, 100, 43801
1787992380,3, 99, 43801
1787992395,0, 100, 43817
1787992395,1, 100, 43801
1787992395,2, 100, 43801
1787992395,3, 100, 43801
1787992410,0, 100, 43817
1787992410,1, 100, 43801
1787992410,2, 100, 43801
1787992410,3, 100, 43801
1787992425,0, 100, 43817
1787992425,1, 100, 43801
1787992425,2, 100, 43801
1787992425,3, 100, 43801
1787992440,0, 100, 43817
1787992440,1, 100, 43801
1787992440,2, 100, 43801
1787992440,3, 100, 43801
1787992455,0, 100, 43817
1787992455,1, 100, 43801
1787992455,2, 100, 43801
1787992455,3, 100, 43801
1787992470,0, 100, 43817
1787992470,1, 100, 43801
1787992470,2, 100, 43801
1787992470,3, 100, 43801
1787992485,0, 100, 43817
1787992485,1, 100, 43801
1787992485,2, 100, 43801
1787992485,3, 100, 43801
1787992500,0, 100, 43817
1787992500,1, 100, 43801
1787992500,2, 100, 43801
1787992500,3, 100, 43801
1787992515,0, 100, 43817
1787992515,1, 100, 43801
1787992515,2, 100, 43801
1787992515,3, 100, 43801
1787992531,0, 100, 43817
1787992531,1, 100, 43801
1787992531,2, 100, 43801
1787992531,3, 100, 43801
1787992546,0, 100, 43817
1787992546,1, 100, 43801
1787992546,2, 100, 43801
1787992546,3, 100, 43801
1787992561,0, 100, 43817
1787992561,1, 100, 43801
1787992561,2, 100, 43801
1787992561,3, 100, 43801
1787992576,0, 100, 43817
1787992576,1, 100, 43801
1787992576,2, 100, 43801
1787992576,3, 100, 43801
1787992591,0, 100, 43817
1787992591,1, 100, 43801
1787992591,2, 100, 43801
1787992591,3, 100, 43801
1787992606,0, 100, 43817
1787992606,1, 100, 43801
1787992606,2, 100, 43801
1787992606,3, 100, 43801
1787992621,0, 100, 43817
1787992621,1, 100, 43801
1787992621,2, 100, 43801
1787992621,3, 100, 43801
1787992636,0, 100, 43817
1787992636,1, 100, 43801
1787992636,2, 100, 43801
1787992636,3, 100, 43801
1787992651,0, 100, 43817
1787992651,1, 100, 43801
1787992651,2, 100, 43801
1787992651,3, 100, 43801
1787992666,0, 100, 43817
1787992666,1, 100, 43801
1787992666,2, 100, 43801
1787992666,3, 100, 43801
1787992681,0, 100, 43817
1787992681,1, 100, 43801
1787992681,2, 100, 43801
1787992681,3, 100, 43801
1787992696,0, 100, 43817
1787992696,1, 100, 43801
1787992696,2, 100, 43801
1787992696,3, 100, 43801
1787992711,0, 100, 43817
1787992711,1, 100, 43801
1787992711,2, 100, 43801
1787992711,3, 100, 43801
1787992727,0, 100, 43817
1787992727,1, 100, 43801
1787992727,2, 100, 43801
1787992727,3, 100, 43801
1787992742,0, 100, 43817
1787992742,1, 100, 43801
1787992742,2, 100, 43801
1787992742,3, 100, 43801
1787992757,0, 100, 43817
1787992757,1, 100, 43801
1787992757,2, 100, 43801
1787992757,3, 100, 43801
1787992772,0, 100, 43817
1787992772,1, 100, 43801
1787992772,2, 100, 43801
1787992772,3, 100, 43801
1787992787,0, 100, 43817
1787992787,1, 100, 43801
1787992787,2, 100, 43801
1787992787,3, 100, 43801
1787992802,0, 100, 43817
1787992802,1, 100, 43801
1787992802,2, 100, 43801
1787992802,3, 100, 43801
1787992817,0, 100, 43817
1787992817,1, 100, 43801
1787992817,2, 100, 43801
1787992817,3, 100, 43801
1787992832,0, 100, 43817
1787992832,1, 100, 43801
1787992832,2, 100, 43801
1787992832,3, 100, 43801
1787992847,0, 100, 43817
1787992847,1, 100, 43801
1787992847,2, 100, 43801
1787992847,3, 100, 43801
1787992863,0, 100, 43817
1787992863,1, 100, 43801
1787992863,2, 100, 43801
1787992863,3, 100, 43801
1787992878,0, 100, 43817
1787992878,1, 100, 43801
1787992878,2, 100, 43801
1787992878,3, 100, 43801
1787992893,0, 100, 43817
1787992893,1, 100, 43801
1787992893,2, 100, 43801
1787992893,3, 100, 43801
1787992908,0, 100, 43817
1787992908,1, 100, 43801
1787992908,2, 100, 43801
1787992908,3, 100, 43801
1787992924,0, 100, 43817
1787992924,1, 100, 43801
1787992924,2, 100, 43801
1787992924,3, 100, 43801
1787992939,0, 100, 43817
1787992939,1, 100, 43801
1787992939,2, 100, 43801
1787992939,3, 100, 43801
1787992954,0, 100, 43817
1787992954,1, 100, 43801
1787992954,2, 100, 43801
1787992954,3, 100, 43801
1787992969,0, 100, 43817
1787992969,1, 100, 43801
1787992969,2, 100, 43801
1787992969,3, 100, 43801
1787992984,0, 100, 43817
1787992984,1, 100, 43801
1787992984,2, 100, 43801
1787992984,3, 100, 43801
1787992999,0, 100, 43817
1787992999,1, 100, 43801
1787992999,2, 100, 43801
1787992999,3, 100, 43801
1787993014,0, 100, 43817
1787993014,1, 100, 43801
1787993014,2, 100, 43801
1787993014,3, 100, 43801
1787993029,0, 100, 43817
1787993029,1, 100, 43801
1787993029,2, 100, 43801
1787993029,3, 100, 43801
1787993044,0, 100, 43817
1787993044,1, 100, 43801
1787993044,2, 100, 43801
1787993044,3, 100, 43801
1787993059,0, 100, 43817
1787993059,1, 100, 43801
1787993059,2, 100, 43801
1787993059,3, 100, 43801
1787993074,0, 100, 43817
1787993074,1, 100, 43801
1787993074,2, 100, 43801
1787993074,3, 100, 43801
1787993090,0, 100, 43817
1787993090,1, 100, 43801
1787993090,2, 100, 43801
1787993090,3, 100, 43801
1787993105,0, 100, 43817
1787993105,1, 100, 43801
1787993105,2, 100, 43801
1787993105,3, 100, 43801
1787993120,0, 100, 43817
1787993120,1, 100, 43801
1787993120,2, 99, 43801
1787993120,3, 100, 43801
1787993135,0, 100, 43817
1787993135,1, 100, 43801
1787993135,2, 100, 43801
1787993135,3, 100, 43801
1787993150,0, 100, 43817
1787993150,1, 100, 43801
1787993150,2, 100, 43801
1787993150,3, 100, 43801
1787993165,0, 100, 43817
1787993165,1, 100, 43801
1787993165,2, 100, 43801
1787993165,3, 100, 43801
1787993180,0, 100, 43817
1787993180,1, 100, 43801
1787993180,2, 100, 43801
1787993180,3, 100, 43801
1787993195,0, 100, 43817
1787993195,1, 100, 43801
1787993195,2, 100, 43801
1787993195,3, 100, 43801
1787993210,0, 100, 43817
1787993210,1, 100, 43801
1787993210,2, 100, 43801
1787993210,3, 100, 43801
1787993225,0, 100, 43817
1787993225,1, 100, 43801
1787993225,2, 100, 43801
1787993225,3, 100, 43801
1787993240,0, 100, 43817
1787993240,1, 100, 43801
1787993240,2, 100, 43801
1787993240,3, 100, 43801
1787993255,0, 100, 43817
1787993255,1, 100, 43801
1787993255,2, 100, 43801
1787993255,3, 100, 43801
1787993271,0, 100, 43817
1787993271,1, 100, 43801
1787993271,2, 100, 43801
1787993271,3, 100, 43801
1787993286,0, 100, 43817
1787993286,1, 100, 43801
1787993286,2, 100, 43801
1787993286,3, 100, 43801
1787993301,0, 100, 43817
1787993301,1, 100, 43801
1787993301,2, 100, 43801
1787993301,3, 100, 43801
1787993316,0, 100, 43817
1787993316,1, 100, 43801
1787993316,2, 100, 43801
1787993316,3, 100, 43801
1787993331,0, 100, 43817
1787993331,1, 100, 43801
1787993331,2, 100, 43801
1787993331,3, 100, 43801
1787993346,0, 100, 43817
1787993346,1, 100, 43801
1787993346,2, 100, 43801
1787993346,3, 100, 43801
1787993361,0, 100, 43817
1787993361,1, 100, 43801
1787993361,2, 100, 43801
1787993361,3, 100, 43801
1787993376,0, 100, 43817
1787993376,1, 100, 43801
1787993376,2, 100, 43801
1787993376,3, 100, 43801
1787993391,0, 100, 43817
1787993391,1, 100, 43801
1787993391,2, 100, 43801
1787993391,3, 100, 43801
1787993406,0, 100, 43817
1787993406,1, 100, 43801
1787993406,2, 100, 43801
1787993406,3, 100, 43801
1787993421,0, 100, 43817
1787993421,1, 100, 43801
1787993421,2, 100, 43801
1787993421,3, 100, 43801
1787993437,0, 100, 43817
1787993437,1, 100, 43801
1787993437,2, 100, 43801
1787993437,3, 100, 43801
1787993452,0, 100, 43817
1787993452,1, 100, 43801
1787993452,2, 100, 43801
1787993452,3, 100, 43801
1787993467,0, 100, 43817
1787993467,1, 100, 43801
1787993467,2, 100, 43801
1787993467,3, 100, 43801
1787993482,0, 100, 43817
1787993482,1, 100, 43801
1787993482,2, 100, 43801
1787993482,3, 100, 43801
1787993497,0, 100, 43817
1787993497,1, 100, 43801
1787993497,2, 100, 43801
1787993497,3, 100, 43801
1787993512,0, 100, 43817
1787993512,1, 100, 43801
1787993512,2, 100, 43801
1787993512,3, 100, 43801
1787993528,0, 100, 43817
1787993528,1, 100, 43801
1787993528,2, 100, 43801
1787993528,3, 100, 43801
1787993543,0, 100, 43817
1787993543,1, 100, 43801
1787993543,2, 100, 43801
1787993543,3, 100, 43801
1787993558,0, 100, 43817
1787993558,1, 100, 43801
1787993558,2, 100, 43801
1787993558,3, 100, 43801
1787993573,0, 100, 43817
1787993573,1, 100, 43801
1787993573,2, 100, 43801
1787993573,3, 100, 43801
1787993588,0, 100, 43817
1787993588,1, 100, 43801
1787993588,2, 100, 43801
1787993588,3, 100, 43801
1787993603,0, 100, 43817
1787993603,1, 100, 43801
1787993603,2, 100, 43801
1787993603,3, 100, 43801
1787993618,0, 100, 43817
1787993618,1, 100, 43801
1787993618,2, 100, 43801
1787993618,3, 100, 43801
1787993633,0, 100, 43817
1787993633,1, 100, 43801
1787993633,2, 100, 43801
1787993633,3, 100, 43801
1787993648,0, 100, 43817
1787993648,1, 100, 43801
1787993648,2, 100, 43801
1787993648,3, 100, 43801
1787993663,0, 100, 43817
1787993663,1, 100, 43801
1787993663,2, 100, 43801
1787993663,3, 100, 43801
1787993679,0, 100, 43817
1787993679,1, 100, 43801
1787993679,2, 100, 43801
1787993679,3, 100, 43801
1787993694,0, 100, 43817
1787993694,1, 100, 43801
1787993694,2, 100, 43801
1787993694,3, 100, 43801
1787993709,0, 100, 43817
1787993709,1, 100, 43801
1787993709,2, 100, 43801
1787993709,3, 100, 43801
1787993724,0, 100, 43817
1787993724,1, 100, 43801
1787993724,2, 100, 43801
1787993724,3, 100, 43801
1787993739,0, 100, 43817
1787993739,1, 100, 43801
1787993739,2, 100, 43801
1787993739,3, 100, 43801
1787993754,0, 100, 43817
1787993754,1, 100, 43801
1787993754,2, 100, 43801
1787993754,3, 100, 43801
1787993769,0, 100, 43817
1787993769,1, 100, 43801
1787993769,2, 100, 43801
1787993769,3, 100, 43801
1787993784,0, 100, 43817
1787993784,1, 100, 43801
1787993784,2, 100, 43801
1787993784,3, 100, 43801
1787993799,0, 100, 43817
1787993799,1, 100, 43801
1787993799,2, 100, 43801
1787993799,3, 100, 43801
1787993815,0, 100, 43817
1787993815,1, 100, 43801
1787993815,2, 100, 43801
1787993815,3, 100, 43801
1787993830,0, 100, 43817
1787993830,1, 100, 43801
1787993830,2, 100, 43801
1787993830,3, 100, 43801
1787993845,0, 100, 43817
1787993845,1, 100, 43801
1787993845,2, 100, 43801
1787993845,3, 100, 43801
1787993860,0, 100, 43817
1787993860,1, 100, 43801
1787993860,2, 100, 43801
1787993860,3, 100, 43801
1787993875,0, 100, 43817
1787993875,1, 100, 43801
1787993875,2, 100, 43801
1787993875,3, 100, 43801
1787993890,0, 100, 43817
1787993890,1, 100, 43801
1787993890,2, 100, 43801
1787993890,3, 100, 43801
1787993905,0, 100, 43817
1787993905,1, 100, 43801
1787993905,2, 100, 43801
1787993905,3, 100, 43801
1787993920,0, 100, 43817
1787993920,1, 100, 43801
1787993920,2, 100, 43801
1787993920,3, 100, 43801
1787993935,0, 100, 43817
1787993935,1, 100, 43801
1787993935,2, 100, 43801
1787993935,3, 100, 43801
1787993951,0, 100, 43817
1787993951,1, 100, 43801
1787993951,2, 100, 43801
1787993951,3, 100, 43801
1787993966,0, 100, 43817
1787993966,1, 100, 43801
1787993966,2, 100, 43801
1787993966,3, 100, 43801
1787993981,0, 100, 43817
1787993981,1, 100, 43801
1787993981,2, 100, 43801
1787993981,3, 100, 43801
1787993996,0, 100, 43817
1787993996,1, 100, 43801
1787993996,2, 100, 43801
1787993996,3, 100, 43801
1787994011,0, 100, 43817
1787994011,1, 100, 43801
1787994011,2, 100, 43801
1787994011,3, 100, 43801
1787994026,0, 100, 43817
1787994026,1, 100, 43801
1787994026,2, 100, 43801
1787994026,3, 100, 43801
1787994041,0, 100, 43817
1787994041,1, 100, 43801
1787994041,2, 100, 43801
1787994041,3, 100, 43801
1787994056,0, 100, 43817
1787994056,1, 100, 43801
1787994056,2, 100, 43801
1787994056,3, 100, 43801
1787994071,0, 100, 43817
1787994071,1, 100, 43801
1787994071,2, 100, 43801
1787994071,3, 100, 43801
1787994087,0, 100, 43817
1787994087,1, 100, 43801
1787994087,2, 100, 43801
1787994087,3, 100, 43801
1787994102,0, 100, 43817
1787994102,1, 100, 43801
1787994102,2, 100, 43801
1787994102,3, 100, 43801
1787994117,0, 100, 43817
1787994117,1, 100, 43801
1787994117,2, 100, 43801
1787994117,3, 100, 43801
1787994132,0, 100, 43817
1787994132,1, 100, 43801
1787994132,2, 100, 43801
1787994132,3, 100, 43801
1787994147,0, 100, 43817
1787994147,1, 100, 43801
1787994147,2, 100, 43801
1787994147,3, 100, 43801
1787994162,0, 99, 43817
1787994162,1, 100, 43801
1787994162,2, 99, 43801
1787994162,3, 99, 43801
1787994177,0, 100, 43817
1787994177,1, 100, 43801
1787994177,2, 100, 43801
1787994177,3, 100, 43801
1787994192,0, 100, 43817
1787994192,1, 100, 43801
1787994192,2, 100, 43801
1787994192,3, 100, 43801
1787994207,0, 100, 43817
1787994207,1, 100, 43801
1787994207,2, 100, 43801
1787994207,3, 100, 43801
1787994222,0, 100, 43817
1787994222,1, 100, 43801
1787994222,2, 100, 43801
1787994222,3, 100, 43801
1787994237,0, 100, 43817
1787994237,1, 100, 43801
1787994237,2, 100, 43801
1787994237,3, 100, 43801
1787994252,0, 100, 43817
1787994252,1, 100, 43801
1787994252,2, 100, 43801
1787994252,3, 100, 43801
1787994267,0, 100, 43817
1787994267,1, 99, 43801
1787994267,2, 100, 43801
1787994267,3, 100, 43801
1787994283,0, 100, 43817
1787994283,1, 100, 43801
1787994283,2, 100, 43801
1787994283,3, 100, 43801
1787994298,0, 100, 43817
1787994298,1, 100, 43801
1787994298,2, 100, 43801
1787994298,3, 100, 43801
1787994313,0, 100, 43817
1787994313,1, 100, 43801
1787994313,2, 100, 43801
1787994313,3, 100, 43801
1787994329,0, 100, 43817
1787994329,1, 100, 43801
1787994329,2, 100, 43801
1787994329,3, 100, 43801
1787994344,0, 100, 43817
1787994344,1, 100, 43801
1787994344,2, 100, 43801
1787994344,3, 100, 43801
1787994359,0, 100, 43817
1787994359,1, 100, 43801
1787994359,2, 100, 43801
1787994359,3, 100, 43801
1787994374,0, 100, 43817
1787994374,1, 100, 43801
1787994374,2, 100, 43801
1787994374,3, 100, 43801
1787994389,0, 100, 43817
1787994389,1, 100, 43801
1787994389,2, 100, 43801
1787994389,3, 100, 43801
1787994404,0, 100, 43817
1787994404,1, 100, 43801
1787994404,2, 100, 43801
1787994404,3, 100, 43801
1787994419,0, 100, 43817
1787994419,1, 100, 43801
1787994419,2, 100, 43801
1787994419,3, 100, 43801
1787994435,0, 100, 43817
1787994435,1, 100, 43801
1787994435,2, 100, 43801
1787994435,3, 100, 43801
1787994450,0, 100, 43817
1787994450,1, 100, 43801
1787994450,2, 100, 43801
1787994450,3, 100, 43801
1787994465,0, 100, 43817
1787994465,1, 100, 43801
1787994465,2, 100, 43801
1787994465,3, 100, 43801
1787994480,0, 100, 43817
1787994480,1, 100, 43801
1787994480,2, 100, 43801
1787994480,3, 100, 43801
1787994495,0, 100, 43817
1787994495,1, 100, 43801
1787994495,2, 100, 43801
1787994495,3, 100, 43801
1787994511,0, 100, 43817
1787994511,1, 100, 43801
1787994511,2, 100, 43801
1787994511,3, 100, 43801
1787994526,0, 100, 43817
1787994526,1, 100, 43801
1787994526,2, 100, 43801
1787994526,3, 100, 43801
1787994541,0, 100, 43817
1787994541,1, 100, 43801
1787994541,2, 100, 43801
1787994541,3, 100, 43801
1787994556,0, 100, 43817
1787994556,1, 100, 43801
1787994556,2, 100, 43801
1787994556,3, 100, 43801
1787994571,0, 100, 43817
1787994571,1, 100, 43801
1787994571,2, 100, 43801
1787994571,3, 100, 43801
1787994586,0, 10, 43817
1787994586,1, 20, 43801
1787994586,2, 21, 43801
1787994586,3, 18, 43801
1787994601,0, 100, 43817
1787994601,1, 9, 43801
1787994601,2, 100, 43801
1787994601,3, 100, 43801
1787994616,0, 99, 43817
1787994616,1, 99, 43801
1787994616,2, 99, 43801
1787994616,3, 99, 43801
1787994631,0, 100, 43817
1787994631,1, 100, 43801
1787994631,2, 100, 43801
1787994631,3, 100, 43801
1787994646,0, 100, 43817
1787994646,1, 100, 43801
1787994646,2, 100, 43801
1787994646,3, 100, 43801
1787994661,0, 100, 43817
1787994661,1, 100, 43801
1787994661,2, 100, 43801
1787994661,3, 100, 43801
1787994677,0, 100, 43817
1787994677,1, 100, 43801
1787994677,2, 100, 43801
1787994677,3, 100, 43801
1787994692,0, 100, 43817
1787994692,1, 100, 43801
1787994692,2, 100, 43801
1787994692,3, 100, 43801
1787994707,0, 100, 43817
1787994707,1, 100, 43801
1787994707,2, 100, 43801
1787994707,3, 100, 43801
1787994722,0, 100, 43817
1787994722,1, 100, 43801
1787994722,2, 100, 43801
1787994722,3, 100, 43801
1787994737,0, 100, 43817
1787994737,1, 100, 43801
1787994737,2, 100, 43801
1787994737,3, 100, 43801
1787994752,0, 100, 43817
1787994752,1, 100, 43801
1787994752,2, 100, 43801
1787994752,3, 100, 43801
1787994767,0, 100, 43817
1787994767,1, 100, 43801
1787994767,2, 100, 43801
1787994767,3, 100, 43801
1787994782,0, 100, 43817
1787994782,1, 100, 43801
1787994782,2, 100, 43801
1787994782,3, 100, 43801
1787994797,0, 100, 43817
1787994797,1, 100, 43801
1787994797,2, 100, 43801
1787994797,3, 100, 43801
1787994812,0, 100, 43817
1787994812,1, 100, 43801
1787994812,2, 100, 43801
1787994812,3, 100, 43801
1787994827,0, 100, 43817
1787994827,1, 100, 43801
1787994827,2, 100, 43801
1787994827,3, 100, 43801
1787994842,0, 100, 43817
1787994842,1, 100, 43801
1787994842,2, 100, 43801
1787994842,3, 100, 43801
1787994858,0, 100, 43817
1787994858,1, 100, 43801
1787994858,2, 100, 43801
1787994858,3, 100, 43801
1787994873,0, 100, 43817
1787994873,1, 100, 43801
1787994873,2, 100, 43801
1787994873,3, 100, 43801
1787994888,0, 100, 43817
1787994888,1, 100, 43801
1787994888,2, 100, 43801
1787994888,3, 100, 43801
1787994903,0, 100, 43817
1787994903,1, 100, 43801
1787994903,2, 100, 43801
1787994903,3, 100, 43801
1787994918,0, 100, 43817
1787994918,1, 100, 43801
1787994918,2, 100, 43801
1787994918,3, 100, 43801
1787994933,0, 100, 43817
1787994933,1, 100, 43801
1787994933,2, 100, 43801
1787994933,3, 100, 43801
1787994948,0, 100, 43817
1787994948,1, 100, 43801
1787994948,2, 100, 43801
1787994948,3, 100, 43801
1787994963,0, 100, 43817
1787994963,1, 100, 43801
1787994963,2, 100, 43801
1787994963,3, 100, 43801
1787994978,0, 100, 43817
1787994978,1, 100, 43801
1787994978,2, 100, 43801
1787994978,3, 100, 43801
1787994994,0, 100, 43817
1787994994,1, 100, 43801
1787994994,2, 100, 43801
1787994994,3, 100, 43801
1787995009,0, 100, 43817
1787995009,1, 100, 43801
1787995009,2, 100, 43801
1787995009,3, 100, 43801
1787995024,0, 100, 43817
1787995024,1, 100, 43801
1787995024,2, 100, 43801
1787995024,3, 100, 43801
1787995039,0, 100, 43817
1787995039,1, 100, 43801
1787995039,2, 100, 43801
1787995039,3, 100, 43801
1787995054,0, 100, 43817
1787995054,1, 100, 43801
1787995054,2, 100, 43801
1787995054,3, 100, 43801
1787995069,0, 100, 43817
1787995069,1, 100, 43801
1787995069,2, 100, 43801
1787995069,3, 100, 43801
1787995085,0, 100, 43817
1787995085,1, 100, 43801
1787995085,2, 100, 43801
1787995085,3, 100, 43801
1787995100,0, 100, 43817
1787995100,1, 100, 43801
1787995100,2, 100, 43801
1787995100,3, 100, 43801
1787995115,0, 100, 43817
1787995115,1, 100, 43801
1787995115,2, 100, 43801
1787995115,3, 100, 43801
1787995130,0, 100, 43817
1787995130,1, 100, 43801
1787995130,2, 100, 43801
1787995130,3, 100, 43801
1787995145,0, 100, 43817
1787995145,1, 100, 43801
1787995145,2, 100, 43801
1787995145,3, 100, 43801
1787995160,0, 100, 43817
1787995160,1, 100, 43801
1787995160,2, 100, 43801
1787995160,3, 100, 43801
1787995175,0, 100, 43817
1787995175,1, 99, 43801
1787995175,2, 99, 43801
1787995175,3, 100, 43801
1787995190,0, 100, 43817
1787995190,1, 100, 43801
1787995190,2, 100, 43801
1787995190,3, 100, 43801
1787995205,0, 100, 43817
1787995205,1, 100, 43801
1787995205,2, 100, 43801
1787995205,3, 100, 43801
1787995220,0, 100, 43817
1787995220,1, 100, 43801
1787995220,2, 100, 43801
1787995220,3, 100, 43801
1787995235,0, 100, 43817
1787995235,1, 100, 43801
1787995235,2, 100, 43801
1787995235,3, 100, 43801
1787995250,0, 100, 43817
1787995250,1, 100, 43801
1787995250,2, 100, 43801
1787995250,3, 100, 43801
1787995266,0, 100, 43817
1787995266,1, 100, 43801
1787995266,2, 100, 43801
1787995266,3, 100, 43801
1787995281,0, 100, 43817
1787995281,1, 100, 43801
1787995281,2, 100, 43801
1787995281,3, 100, 43801
1787995296,0, 100, 43817
1787995296,1, 100, 43801
1787995296,2, 100, 43801
1787995296,3, 100, 43801
1787995311,0, 100, 43817
1787995311,1, 100, 43801
1787995311,2, 100, 43801
1787995311,3, 100, 43801
1787995326,0, 100, 43817
1787995326,1, 100, 43801
1787995326,2, 100, 43801
1787995326,3, 100, 43801
1787995341,0, 100, 43817
1787995341,1, 100, 43801
1787995341,2, 100, 43801
1787995341,3, 100, 43801
1787995356,0, 100, 43817
1787995356,1, 100, 43801
1787995356,2, 100, 43801
1787995356,3, 100, 43801
1787995371,0, 100, 43817
1787995371,1, 100, 43801
1787995371,2, 100, 43801
1787995371,3, 100, 43801
1787995386,0, 100, 43817
1787995386,1, 100, 43801
1787995386,2, 100, 43801
1787995386,3, 100, 43801
1787995401,0, 100, 43817
1787995401,1, 100, 43801
1787995401,2, 100, 43801
1787995401,3, 100, 43801
1787995416,0, 100, 43817
1787995416,1, 100, 43801
1787995416,2, 100, 43801
1787995416,3, 100, 43801
1787995432,0, 100, 43817
1787995432,1, 100, 43801
1787995432,2, 100, 43801
1787995432,3, 100, 43801
1787995447,0, 100, 43817
1787995447,1, 100, 43801
1787995447,2, 100, 43801
1787995447,3, 100, 43801
1787995462,0, 100, 43817
1787995462,1, 100, 43801
1787995462,2, 100, 43801
1787995462,3, 100, 43801
1787995477,0, 100, 43817
1787995477,1, 100, 43801
1787995477,2, 100, 43801
1787995477,3, 100, 43801
1787995492,0, 100, 43817
1787995492,1, 100, 43801
1787995492,2, 100, 43801
1787995492,3, 100, 43801
1787995507,0, 100, 43817
1787995507,1, 100, 43801
1787995507,2, 100, 43801
1787995507,3, 100, 43801
1787995522,0, 100, 43817
1787995522,1, 100, 43801
1787995522,2, 100, 43801
1787995522,3, 100, 43801
1787995537,0, 100, 43817
1787995537,1, 100, 43801
1787995537,2, 100, 43801
1787995537,3, 100, 43801
1787995553,0, 100, 43817
1787995553,1, 100, 43801
1787995553,2, 100, 43801
1787995553,3, 100, 43801
1787995568,0, 100, 43817
1787995568,1, 100, 43801
1787995568,2, 100, 43801
1787995568,3, 100, 43801
1787995583,0, 100, 43817
1787995583,1, 100, 43801
1787995583,2, 100, 43801
1787995583,3, 100, 43801
1787995598,0, 100, 43817
1787995598,1, 100, 43801
1787995598,2, 100, 43801
1787995598,3, 100, 43801
1787995613,0, 100, 43817
1787995613,1, 100, 43801
1787995613,2, 100, 43801
1787995613,3, 100, 43801
1787995628,0, 100, 43817
1787995628,1, 100, 43801
1787995628,2, 100, 43801
1787995628,3, 100, 43801
1787995643,0, 100, 43817
1787995643,1, 100, 43801
1787995643,2, 100, 43801
1787995643,3, 100, 43801
1787995659,0, 100, 43817
1787995659,1, 100, 43801
1787995659,2, 100, 43801
1787995659,3, 100, 43801
1787995674,0, 100, 43817
1787995674,1, 100, 43801
1787995674,2, 100, 43801
1787995674,3, 100, 43801
1787995689,0, 100, 43817
1787995689,1, 100, 43801
1787995689,2, 100, 43801
1787995689,3, 100, 43801
1787995704,0, 100, 43817
1787995704,1, 100, 43801
1787995704,2, 99, 43801
1787995704,3, 99, 43801
1787995719,0, 100, 43817
1787995719,1, 100, 43801
1787995719,2, 100, 43801
1787995719,3, 100, 43801
1787995734,0, 100, 43817
1787995734,1, 100, 43801
1787995734,2, 100, 43801
1787995734,3, 100, 43801
1787995749,0, 100, 43817
1787995749,1, 100, 43801
1787995749,2, 100, 43801
1787995749,3, 100, 43801
1787995764,0, 100, 43817
1787995764,1, 100, 43801
1787995764,2, 100, 43801
1787995764,3, 100, 43801
1787995779,0, 100, 43817
1787995779,1, 100, 43801
1787995779,2, 100, 43801
1787995779,3, 100, 43801
1787995794,0, 100, 43817
1787995794,1, 100, 43801
1787995794,2, 100, 43801
1787995794,3, 100, 43801
1787995810,0, 100, 43817
1787995810,1, 100, 43801
1787995810,2, 100, 43801
1787995810,3, 100, 43801
1787995825,0, 100, 43817
1787995825,1, 100, 43801
1787995825,2, 100, 43801
1787995825,3, 100, 43801
1787995840,0, 100, 43817
1787995840,1, 100, 43801
1787995840,2, 100, 43801
1787995840,3, 100, 43801
1787995855,0, 100, 43817
1787995855,1, 100, 43801
1787995855,2, 100, 43801
1787995855,3, 100, 43801
1787995870,0, 100, 43817
1787995870,1, 100, 43801
1787995870,2, 100, 43801
1787995870,3, 100, 43801
1787995885,0, 100, 43817
1787995885,1, 100, 43801
1787995885,2, 100, 43801
1787995885,3, 100, 43801
1787995900,0, 100, 43817
1787995900,1, 100, 43801
1787995900,2, 100, 43801
1787995900,3, 100, 43801
1787995915,0, 100, 43817
1787995915,1, 100, 43801
1787995915,2, 100, 43801
1787995915,3, 100, 43801
1787995930,0, 100, 43817
1787995930,1, 100, 43801
1787995930,2, 100, 43801
1787995930,3, 100, 43801
1787995945,0, 100, 43817
1787995945,1, 100, 43801
1787995945,2, 100, 43801
1787995945,3, 100, 43801
1787995960,0, 100, 43817
1787995960,1, 100, 43801
1787995960,2, 100, 43801
1787995960,3, 100, 43801
1787995976,0, 100, 43817
1787995976,1, 100, 43801
1787995976,2, 100, 43801
1787995976,3, 100, 43801
1787995991,0, 100, 43817
1787995991,1, 100, 43801
1787995991,2, 100, 43801
1787995991,3, 100, 43801
1787996006,0, 100, 43817
1787996006,1, 100, 43801
1787996006,2, 100, 43801
1787996006,3, 100, 43801
1787996021,0, 100, 43817
1787996021,1, 100, 43801
1787996021,2, 100, 43801
1787996021,3, 100, 43801
1787996036,0, 100, 43817
1787996036,1, 100, 43801
1787996036,2, 100, 43801
1787996036,3, 100, 43801
1787996051,0, 100, 43817
1787996051,1, 100, 43801
1787996051,2, 100, 43801
1787996051,3, 100, 43801
1787996066,0, 100, 43817
1787996066,1, 100, 43801
1787996066,2, 100, 43801
1787996066,3, 100, 43801
1787996081,0, 100, 43817
1787996081,1, 100, 43801
1787996081,2, 100, 43801
1787996081,3, 100, 43801
1787996096,0, 100, 43817
1787996096,1, 100, 43801
1787996096,2, 100, 43801
1787996096,3, 100, 43801
1787996111,0, 99, 43817
1787996111,1, 100, 43801
1787996111,2, 100, 43801
1787996111,3, 100, 43801
1787996126,0, 100, 43817
1787996126,1, 100, 43801
1787996126,2, 100, 43801
1787996126,3, 100, 43801
1787996142,0, 100, 43817
1787996142,1, 100, 43801
1787996142,2, 100, 43801
1787996142,3, 100, 43801
1787996157,0, 100, 43817
1787996157,1, 100, 43801
1787996157,2, 100, 43801
1787996157,3, 100, 43801
1787996172,0, 100, 43817
1787996172,1, 100, 43801
1787996172,2, 100, 43801
1787996172,3, 100, 43801
1787996187,0, 100, 43817
1787996187,1, 100, 43801
1787996187,2, 100, 43801
1787996187,3, 100, 43801
1787996202,0, 100, 43817
1787996202,1, 100, 43801
1787996202,2, 100, 43801
1787996202,3, 100, 43801
1787996217,0, 100, 43817
1787996217,1, 100, 43801
1787996217,2, 100, 43801
1787996217,3, 100, 43801
1787996232,0, 100, 43817
1787996232,1, 100, 43801
1787996232,2, 100, 43801
1787996232,3, 100, 43801
1787996247,0, 100, 43817
1787996247,1, 100, 43801
1787996247,2, 100, 43801
1787996247,3, 100, 43801
1787996262,0, 100, 43817
1787996262,1, 100, 43801
1787996262,2, 100, 43801
1787996262,3, 100, 43801
1787996277,0, 100, 43817
1787996277,1, 100, 43801
1787996277,2, 100, 43801
1787996277,3, 100, 43801
1787996292,0, 100, 43817
1787996292,1, 100, 43801
1787996292,2, 100, 43801
1787996292,3, 100, 43801
1787996308,0, 100, 43817
1787996308,1, 100, 43801
1787996308,2, 100, 43801
1787996308,3, 100, 43801
1787996323,0, 100, 43817
1787996323,1, 100, 43801
1787996323,2, 100, 43801
1787996323,3, 100, 43801
1787996338,0, 100, 43817
1787996338,1, 100, 43801
1787996338,2, 100, 43801
1787996338,3, 100, 43801
1787996353,0, 100, 43817
1787996353,1, 100, 43801
1787996353,2, 100, 43801
1787996353,3, 100, 43801
1787996368,0, 100, 43817
1787996368,1, 100, 43801
1787996368,2, 100, 43801
1787996368,3, 100, 43801
1787996383,0, 100, 43817
1787996383,1, 100, 43801
1787996383,2, 100, 43801
1787996383,3, 100, 43801
1787996398,0, 100, 43817
1787996398,1, 100, 43801
1787996398,2, 100, 43801
1787996398,3, 100, 43801
1787996413,0, 100, 43817
1787996413,1, 100, 43801
1787996413,2, 100, 43801
1787996413,3, 100, 43801
1787996428,0, 100, 43817
1787996428,1, 100, 43801
1787996428,2, 100, 43801
1787996428,3, 100, 43801
1787996444,0, 100, 43817
1787996444,1, 100, 43801
1787996444,2, 100, 43801
1787996444,3, 100, 43801
1787996459,0, 100, 43817
1787996459,1, 100, 43801
1787996459,2, 100, 43801
1787996459,3, 100, 43801
1787996474,0, 100, 43817
1787996474,1, 100, 43801
1787996474,2, 100, 43801
1787996474,3, 100, 43801
1787996489,0, 100, 43817
1787996489,1, 100, 43801
1787996489,2, 100, 43801
1787996489,3, 100, 43801
1787996504,0, 100, 43817
1787996504,1, 99, 43801
1787996504,2, 100, 43801
1787996504,3, 100, 43801
1787996519,0, 100, 43817
1787996519,1, 100, 43801
1787996519,2, 100, 43801
1787996519,3, 100, 43801
1787996534,0, 100, 43817
1787996534,1, 100, 43801
1787996534,2, 100, 43801
1787996534,3, 100, 43801
1787996549,0, 100, 43817
1787996549,1, 100, 43801
1787996549,2, 100, 43801
1787996549,3, 100, 43801
1787996564,0, 100, 43817
1787996564,1, 100, 43801
1787996564,2, 100, 43801
1787996564,3, 100, 43801
1787996580,0, 100, 43817
1787996580,1, 100, 43801
1787996580,2, 100, 43801
1787996580,3, 100, 43801
1787996595,0, 100, 43817
1787996595,1, 100, 43801
1787996595,2, 100, 43801
1787996595,3, 100, 43801
1787996610,0, 100, 43817
1787996610,1, 100, 43801
1787996610,2, 100, 43801
1787996610,3, 100, 43801
1787996625,0, 100, 43817
1787996625,1, 100, 43801
1787996625,2, 100, 43801
1787996625,3, 100, 43801
1787996641,0, 100, 43817
1787996641,1, 100, 43801
1787996641,2, 100, 43801
1787996641,3, 100, 43801
1787996656,0, 100, 43817
1787996656,1, 100, 43801
1787996656,2, 100, 43801
1787996656,3, 100, 43801
1787996671,0, 100, 43817
1787996671,1, 100, 43801
1787996671,2, 100, 43801
1787996671,3, 100, 43801
1787996687,0, 100, 43817
1787996687,1, 100, 43801
1787996687,2, 100, 43801
1787996687,3, 100, 43801
1787996702,0, 100, 43817
1787996702,1, 100, 43801
1787996702,2, 100, 43801
1787996702,3, 100, 43801
1787996717,0, 100, 43817
1787996717,1, 100, 43801
1787996717,2, 100, 43801
1787996717,3, 100, 43801
1787996732,0, 100, 43817
1787996732,1, 100, 43801
1787996732,2, 100, 43801
1787996732,3, 100, 43801
1787996747,0, 100, 43817
1787996747,1, 100, 43801
1787996747,2, 100, 43801
1787996747,3, 100, 43801
1787996763,0, 100, 43817
1787996763,1, 100, 43801
1787996763,2, 100, 43801
1787996763,3, 100, 43801
1787996778,0, 100, 43817
1787996778,1, 100, 43801
1787996778,2, 100, 43801
1787996778,3, 99, 43801
1787996793,0, 100, 43817
1787996793,1, 100, 43801
1787996793,2, 100, 43801
1787996793,3, 100, 43801
1787996808,0, 100, 43817
1787996808,1, 100, 43801
1787996808,2, 100, 43801
1787996808,3, 100, 43801
1787996824,0, 100, 43817
1787996824,1, 100, 43801
1787996824,2, 100, 43801
1787996824,3, 100, 43801
1787996839,0, 100, 43817
1787996839,1, 100, 43801
1787996839,2, 100, 43801
1787996839,3, 100, 43801
1787996854,0, 100, 43817
1787996854,1, 100, 43801
1787996854,2, 100, 43801
1787996854,3, 100, 43801
1787996869,0, 100, 43817
1787996869,1, 100, 43801
1787996869,2, 100, 43801
1787996869,3, 100, 43801
1787996884,0, 100, 43817
1787996884,1, 100, 43801
1787996884,2, 100, 43801
1787996884,3, 100, 43801
1787996899,0, 100, 43817
1787996899,1, 100, 43801
1787996899,2, 100, 43801
1787996899,3, 100, 43801
1787996914,0, 100, 43817
1787996914,1, 100, 43801
1787996914,2, 100, 43801
1787996914,3, 100, 43801
1787996929,0, 100, 43817
1787996929,1, 100, 43801
1787996929,2, 100, 43801
1787996929,3, 100, 43801
1787996944,0, 100, 43817
1787996944,1, 100, 43801
1787996944,2, 100, 43801
1787996944,3, 100, 43801
1787996960,0, 100, 43817
1787996960,1, 100, 43801
1787996960,2, 100, 43801
1787996960,3, 100, 43801
1787996975,0, 100, 43817
1787996975,1, 99, 43801
1787996975,2, 100, 43801
1787996975,3, 100, 43801
1787996990,0, 100, 43817
1787996990,1, 100, 43801
1787996990,2, 100, 43801
1787996990,3, 100, 43801
1787997005,0, 100, 43817
1787997005,1, 100, 43801
1787997005,2, 100, 43801
1787997005,3, 100, 43801
1787997020,0, 100, 43817
1787997020,1, 100, 43801
1787997020,2, 100, 43801
1787997020,3, 100, 43801
1787997035,0, 100, 43817
1787997035,1, 100, 43801
1787997035,2, 100, 43801
1787997035,3, 100, 43801
1787997050,0, 100, 43817
1787997050,1, 100, 43801
1787997050,2, 100, 43801
1787997050,3, 100, 43801
1787997065,0, 100, 43817
1787997065,1, 100, 43801
1787997065,2, 100, 43801
1787997065,3, 100, 43801
1787997080,0, 99, 43817
1787997080,1, 99, 43801
1787997080,2, 100, 43801
1787997080,3, 100, 43801
1787997095,0, 100, 43817
1787997095,1, 100, 43801
1787997095,2, 100, 43801
1787997095,3, 100, 43801
1787997110,0, 100, 43817
1787997110,1, 100, 43801
1787997110,2, 100, 43801
1787997110,3, 100, 43801
1787997126,0, 100, 43817
1787997126,1, 100, 43801
1787997126,2, 100, 43801
1787997126,3, 100, 43801
1787997141,0, 100, 43817
1787997141,1, 100, 43801
1787997141,2, 100, 43801
1787997141,3, 100, 43801
1787997156,0, 100, 43817
1787997156,1, 100, 43801
1787997156,2, 100, 43801
1787997156,3, 100, 43801
1787997171,0, 100, 43817
1787997171,1, 100, 43801
1787997171,2, 100, 43801
1787997171,3, 100, 43801
1787997186,0, 100, 43817
1787997186,1, 100, 43801
1787997186,2, 99, 43801
1787997186,3, 100, 43801
1787997201,0, 100, 43817
1787997201,1, 100, 43801
1787997201,2, 100, 43801
1787997201,3, 100, 43801
1787997216,0, 100, 43817
1787997216,1, 100, 43801
1787997216,2, 100, 43801
1787997216,3, 100, 43801
1787997231,0, 100, 43817
1787997231,1, 100, 43801
1787997231,2, 100, 43801
1787997231,3, 100, 43801
1787997246,0, 100, 43817
1787997246,1, 100, 43801
1787997246,2, 100, 43801
1787997246,3, 100, 43801
1787997262,0, 100, 43817
1787997262,1, 100, 43801
1787997262,2, 100, 43801
1787997262,3, 100, 43801
1787997277,0, 100, 43817
1787997277,1, 100, 43801
1787997277,2, 100, 43801
1787997277,3, 100, 43801
1787997292,0, 100, 43817
1787997292,1, 100, 43801
1787997292,2, 100, 43801
1787997292,3, 100, 43801
1787997307,0, 100, 43817
1787997307,1, 100, 43801
1787997307,2, 100, 43801
1787997307,3, 100, 43801
1787997322,0, 100, 43817
1787997322,1, 100, 43801
1787997322,2, 100, 43801
1787997322,3, 100, 43801
1787997337,0, 100, 43817
1787997337,1, 100, 43801
1787997337,2, 100, 43801
1787997337,3, 100, 43801
1787997352,0, 100, 43817
1787997352,1, 100, 43801
1787997352,2, 100, 43801
1787997352,3, 100, 43801
1787997367,0, 100, 43817
1787997367,1, 100, 43801
1787997367,2, 100, 43801
1787997367,3, 100, 43801
1787997382,0, 99, 43817
1787997382,1, 100, 43801
1787997382,2, 99, 43801
1787997382,3, 100, 43801
1787997397,0, 100, 43817
1787997397,1, 100, 43801
1787997397,2, 100, 43801
1787997397,3, 100, 43801
1787997413,0, 100, 43817
1787997413,1, 100, 43801
1787997413,2, 100, 43801
1787997413,3, 100, 43801
1787997428,0, 100, 43817
1787997428,1, 100, 43801
1787997428,2, 100, 43801
1787997428,3, 100, 43801
1787997443,0, 100, 43817
1787997443,1, 100, 43801
1787997443,2, 100, 43801
1787997443,3, 100, 43801
1787997458,0, 100, 43817
1787997458,1, 100, 43801
1787997458,2, 100, 43801
1787997458,3, 100, 43801
1787997473,0, 100, 43817
1787997473,1, 100, 43801
1787997473,2, 100, 43801
1787997473,3, 100, 43801
1787997488,0, 0, 43817
1787997488,1, 0, 43801
1787997488,2, 0, 43801
1787997488,3, 0, 43801
1787997503,0, 99, 43817
1787997503,1, 100, 43801
1787997503,2, 100, 43801
1787997503,3, 100, 43801
1787997518,0, 100, 43817
1787997518,1, 100, 43801
1787997518,2, 100, 43801
1787997518,3, 100, 43801
1787997533,0, 100, 43817
1787997533,1, 100, 43801
1787997533,2, 100, 43801
1787997533,3, 100, 43801
1787997549,0, 100, 43817
1787997549,1, 100, 43801
1787997549,2, 100, 43801
1787997549,3, 100, 43801
1787997564,0, 100, 43817
1787997564,1, 100, 43801
1787997564,2, 100, 43801
1787997564,3, 100, 43801
1787997579,0, 100, 43817
1787997579,1, 100, 43801
1787997579,2, 100, 43801
1787997579,3, 100, 43801
1787997594,0, 100, 43817
1787997594,1, 100, 43801
1787997594,2, 100, 43801
1787997594,3, 100, 43801
1787997609,0, 100, 43817
1787997609,1, 100, 43801
1787997609,2, 100, 43801
1787997609,3, 100, 43801
1787997624,0, 100, 43817
1787997624,1, 100, 43801
1787997624,2, 100, 43801
1787997624,3, 100, 43801
1787997639,0, 100, 43817
1787997639,1, 100, 43801
1787997639,2, 100, 43801
1787997639,3, 100, 43801
1787997654,0, 100, 43817
1787997654,1, 100, 43801
1787997654,2, 100, 43801
1787997654,3, 100, 43801
1787997669,0, 100, 43817
1787997669,1, 100, 43801
1787997669,2, 100, 43801
1787997669,3, 100, 43801
1787997684,0, 100, 43817
1787997684,1, 100, 43801
1787997684,2, 100, 43801
1787997684,3, 100, 43801
1787997700,0, 100, 43817
1787997700,1, 100, 43801
1787997700,2, 100, 43801
1787997700,3, 100, 43801
1787997715,0, 100, 43817
1787997715,1, 100, 43801
1787997715,2, 100, 43801
1787997715,3, 100, 43801
1787997730,0, 100, 43817
1787997730,1, 100, 43801
1787997730,2, 100, 43801
1787997730,3, 100, 43801
1787997745,0, 100, 43817
1787997745,1, 100, 43801
1787997745,2, 100, 43801
1787997745,3, 100, 43801
1787997761,0, 100, 43817
1787997761,1, 100, 43801
1787997761,2, 100, 43801
1787997761,3, 100, 43801
1787997776,0, 100, 43817
1787997776,1, 100, 43801
1787997776,2, 100, 43801
1787997776,3, 100, 43801
1787997791,0, 99, 43817
1787997791,1, 100, 43801
1787997791,2, 100, 43801
1787997791,3, 99, 43801
1787997806,0, 100, 43817
1787997806,1, 100, 43801
1787997806,2, 100, 43801
1787997806,3, 100, 43801
1787997822,0, 100, 43817
1787997822,1, 100, 43801
1787997822,2, 100, 43801
1787997822,3, 100, 43801
1787997837,0, 100, 43817
1787997837,1, 100, 43801
1787997837,2, 100, 43801
1787997837,3, 100, 43801
1787997852,0, 100, 43817
1787997852,1, 100, 43801
1787997852,2, 100, 43801
1787997852,3, 100, 43801
1787997867,0, 100, 43817
1787997867,1, 100, 43801
1787997867,2, 100, 43801
1787997867,3, 100, 43801
1787997882,0, 100, 43817
1787997882,1, 100, 43801
1787997882,2, 100, 43801
1787997882,3, 100, 43801
1787997897,0, 100, 43817
1787997897,1, 100, 43801
1787997897,2, 100, 43801
1787997897,3, 100, 43801
1787997912,0, 100, 43817
1787997912,1, 100, 43801
1787997912,2, 100, 43801
1787997912,3, 100, 43801
1787997927,0, 100, 43817
1787997927,1, 100, 43801
1787997927,2, 100, 43801
1787997927,3, 100, 43801
1787997942,0, 100, 43817
1787997942,1, 100, 43801
1787997942,2, 100, 43801
1787997942,3, 100, 43801
1787997957,0, 100, 43817
1787997957,1, 100, 43801
1787997957,2, 100, 43801
1787997957,3, 100, 43801
1787997973,0, 100, 43817
1787997973,1, 100, 43801
1787997973,2, 100, 43801
1787997973,3, 100, 43801
1787997988,0, 100, 43817
1787997988,1, 100, 43801
1787997988,2, 100, 43801
1787997988,3, 100, 43801
1787998003,0, 100, 43817
1787998003,1, 100, 43801
1787998003,2, 100, 43801
1787998003,3, 100, 43801
1787998018,0, 100, 43817
1787998018,1, 100, 43801
1787998018,2, 100, 43801
1787998018,3, 100, 43801
1787998033,0, 100, 43817
1787998033,1, 100, 43801
1787998033,2, 100, 43801
1787998033,3, 100, 43801
1787998048,0, 100, 43817
1787998048,1, 100, 43801
1787998048,2, 100, 43801
1787998048,3, 100, 43801
1787998063,0, 100, 43817
1787998063,1, 100, 43801
1787998063,2, 100, 43801
1787998063,3, 100, 43801
1787998078,0, 100, 43817
1787998078,1, 100, 43801
1787998078,2, 100, 43801
1787998078,3, 100, 43801
1787998093,0, 100, 43817
1787998093,1, 100, 43801
1787998093,2, 100, 43801
1787998093,3, 100, 43801
1787998108,0, 100, 43817
1787998108,1, 100, 43801
1787998108,2, 100, 43801
1787998108,3, 100, 43801
1787998123,0, 100, 43817
1787998123,1, 100, 43801
1787998123,2, 100, 43801
1787998123,3, 100, 43801
1787998138,0, 100, 43817
1787998138,1, 100, 43801
1787998138,2, 100, 43801
1787998138,3, 100, 43801
1787998154,0, 100, 43817
1787998154,1, 100, 43801
1787998154,2, 100, 43801
1787998154,3, 100, 43801
1787998169,0, 100, 43817
1787998169,1, 100, 43801
1787998169,2, 100, 43801
1787998169,3, 100, 43801
1787998184,0, 100, 43817
1787998184,1, 100, 43801
1787998184,2, 100, 43801
1787998184,3, 100, 43801
1787998199,0, 100, 43817
1787998199,1, 100, 43801
1787998199,2, 100, 43801
1787998199,3, 100, 43801
1787998214,0, 100, 43817
1787998214,1, 100, 43801
1787998214,2, 100, 43801
1787998214,3, 100, 43801
1787998229,0, 100, 43817
1787998229,1, 100, 43801
1787998229,2, 100, 43801
1787998229,3, 100, 43801
1787998245,0, 100, 43817
1787998245,1, 100, 43801
1787998245,2, 100, 43801
1787998245,3, 100, 43801
1787998260,0, 100, 43817
1787998260,1, 100, 43801
1787998260,2, 100, 43801
1787998260,3, 100, 43801
1787998275,0, 100, 43817
1787998275,1, 100, 43801
1787998275,2, 100, 43801
1787998275,3, 100, 43801
1787998290,0, 100, 43817
1787998290,1, 100, 43801
1787998290,2, 100, 43801
1787998290,3, 100, 43801
1787998305,0, 100, 43817
1787998305,1, 100, 43801
1787998305,2, 100, 43801
1787998305,3, 100, 43801
1787998320,0, 100, 43817
1787998320,1, 100, 43801
1787998320,2, 100, 43801
1787998320,3, 100, 43801
1787998335,0, 100, 43817
1787998335,1, 100, 43801
1787998335,2, 100, 43801
1787998335,3, 100, 43801
1787998350,0, 100, 43817
1787998350,1, 100, 43801
1787998350,2, 100, 43801
1787998350,3, 100, 43801
1787998365,0, 100, 43817
1787998365,1, 100, 43801
1787998365,2, 100, 43801
1787998365,3, 100, 43801
1787998380,0, 100, 43817
1787998380,1, 100, 43801
1787998380,2, 100, 43801
1787998380,3, 100, 43801
1787998395,0, 100, 43817
1787998395,1, 100, 43801
1787998395,2, 100, 43801
1787998395,3, 100, 43801
1787998410,0, 100, 43817
1787998410,1, 100, 43801
1787998410,2, 100, 43801
1787998410,3, 100, 43801
1787998425,0, 100, 43817
1787998425,1, 100, 43801
1787998425,2, 100, 43801
1787998425,3, 100, 43801
1787998441,0, 100, 43817
1787998441,1, 100, 43801
1787998441,2, 100, 43801
1787998441,3, 100, 43801
1787998456,0, 100, 43817
1787998456,1, 100, 43801
1787998456,2, 100, 43801
1787998456,3, 100, 43801
1787998471,0, 100, 43817
1787998471,1, 100, 43801
1787998471,2, 100, 43801
1787998471,3, 100, 43801
1787998486,0, 100, 43817
1787998486,1, 100, 43801
1787998486,2, 100, 43801
1787998486,3, 100, 43801
1787998501,0, 100, 43817
1787998501,1, 100, 43801
1787998501,2, 100, 43801
1787998501,3, 100, 43801
1787998516,0, 100, 43817
1787998516,1, 100, 43801
1787998516,2, 100, 43801
1787998516,3, 100, 43801
1787998531,0, 100, 43817
1787998531,1, 100, 43801
1787998531,2, 100, 43801
1787998531,3, 100, 43801
1787998546,0, 100, 43817
1787998546,1, 100, 43801
1787998546,2, 100, 43801
1787998546,3, 100, 43801
1787998561,0, 100, 43817
1787998561,1, 100, 43801
1787998561,2, 100, 43801
1787998561,3, 100, 43801
1787998577,0, 100, 43817
1787998577,1, 100, 43801
1787998577,2, 100, 43801
1787998577,3, 100, 43801
1787998592,0, 100, 43817
1787998592,1, 100, 43801
1787998592,2, 100, 43801
1787998592,3, 100, 43801
1787998607,0, 100, 43817
1787998607,1, 100, 43801
1787998607,2, 100, 43801
1787998607,3, 100, 43801
1787998622,0, 100, 43817
1787998622,1, 100, 43801
1787998622,2, 100, 43801
1787998622,3, 100, 43801
1787998637,0, 100, 43817
1787998637,1, 100, 43801
1787998637,2, 99, 43801
1787998637,3, 100, 43801
1787998652,0, 100, 43817
1787998652,1, 100, 43801
1787998652,2, 100, 43801
1787998652,3, 100, 43801
1787998667,0, 100, 43817
1787998667,1, 100, 43801
1787998667,2, 100, 43801
1787998667,3, 100, 43801
1787998682,0, 100, 43817
1787998682,1, 100, 43801
1787998682,2, 100, 43801
1787998682,3, 100, 43801
1787998697,0, 100, 43817
1787998697,1, 100, 43801
1787998697,2, 100, 43801
1787998697,3, 100, 43801
1787998712,0, 100, 43817
1787998712,1, 100, 43801
1787998712,2, 100, 43801
1787998712,3, 100, 43801
1787998727,0, 100, 43817
1787998727,1, 100, 43801
1787998727,2, 100, 43801
1787998727,3, 100, 43801
1787998742,0, 100, 43817
1787998742,1, 100, 43801
1787998742,2, 100, 43801
1787998742,3, 100, 43801
1787998757,0, 100, 43817
1787998757,1, 100, 43801
1787998757,2, 100, 43801
1787998757,3, 100, 43801
1787998773,0, 100, 43817
1787998773,1, 100, 43801
1787998773,2, 100, 43801
1787998773,3, 100, 43801
1787998788,0, 100, 43817
1787998788,1, 100, 43801
1787998788,2, 100, 43801
1787998788,3, 100, 43801
1787998803,0, 100, 43817
1787998803,1, 100, 43801
1787998803,2, 100, 43801
1787998803,3, 100, 43801
1787998818,0, 100, 43817
1787998818,1, 100, 43801
1787998818,2, 100, 43801
1787998818,3, 100, 43801
1787998833,0, 100, 43817
1787998833,1, 100, 43801
1787998833,2, 100, 43801
1787998833,3, 100, 43801
1787998848,0, 100, 43817
1787998848,1, 100, 43801
1787998848,2, 100, 43801
1787998848,3, 100, 43801
1787998863,0, 100, 43817
1787998863,1, 100, 43801
1787998863,2, 100, 43801
1787998863,3, 100, 43801
1787998878,0, 100, 43817
1787998878,1, 100, 43801
1787998878,2, 100, 43801
1787998878,3, 100, 43801
1787998893,0, 100, 43817
1787998893,1, 100, 43801
1787998893,2, 100, 43801
1787998893,3, 100, 43801
1787998908,0, 100, 43817
1787998908,1, 100, 43801
1787998908,2, 100, 43801
1787998908,3, 100, 43801
1787998923,0, 100, 43817
1787998923,1, 100, 43801
1787998923,2, 100, 43801
1787998923,3, 100, 43801
1787998938,0, 100, 43817
1787998938,1, 100, 43801
1787998938,2, 100, 43801
1787998938,3, 100, 43801
1787998953,0, 100, 43817
1787998953,1, 99, 43801
1787998953,2, 100, 43801
1787998953,3, 99, 43801
1787998969,0, 100, 43817
1787998969,1, 100, 43801
1787998969,2, 100, 43801
1787998969,3, 100, 43801
1787998984,0, 100, 43817
1787998984,1, 100, 43801
1787998984,2, 100, 43801
1787998984,3, 100, 43801
1787998999,0, 100, 43817
1787998999,1, 100, 43801
1787998999,2, 100, 43801
1787998999,3, 100, 43801
1787999014,0, 100, 43817
1787999014,1, 100, 43801
1787999014,2, 100, 43801
1787999014,3, 100, 43801
1787999029,0, 100, 43817
1787999029,1, 100, 43801
1787999029,2, 100, 43801
1787999029,3, 100, 43801
1787999044,0, 100, 43817
1787999044,1, 100, 43801
1787999044,2, 100, 43801
1787999044,3, 100, 43801
1787999059,0, 99, 43817
1787999059,1, 100, 43801
1787999059,2, 99, 43801
1787999059,3, 100, 43801
1787999074,0, 100, 43817
1787999074,1, 100, 43801
1787999074,2, 100, 43801
1787999074,3, 100, 43801
1787999089,0, 100, 43817
1787999089,1, 100, 43801
1787999089,2, 100, 43801
1787999089,3, 100, 43801
1787999104,0, 100, 43817
1787999104,1, 100, 43801
1787999104,2, 100, 43801
1787999104,3, 100, 43801
1787999119,0, 100, 43817
1787999119,1, 100, 43801
1787999119,2, 100, 43801
1787999119,3, 100, 43801
1787999134,0, 100, 43817
1787999134,1, 100, 43801
1787999134,2, 100, 43801
1787999134,3, 100, 43801
1787999150,0, 100, 43817
1787999150,1, 100, 43801
1787999150,2, 100, 43801
1787999150,3, 100, 43801
1787999165,0, 100, 43817
1787999165,1, 99, 43801
1787999165,2, 99, 43801
1787999165,3, 100, 43801
1787999180,0, 100, 43817
1787999180,1, 100, 43801
1787999180,2, 100, 43801
1787999180,3, 100, 43801
1787999195,0, 100, 43817
1787999195,1, 100, 43801
1787999195,2, 100, 43801
1787999195,3, 100, 43801
1787999210,0, 100, 43817
1787999210,1, 100, 43801
1787999210,2, 100, 43801
1787999210,3, 100, 43801
1787999225,0, 100, 43817
1787999225,1, 100, 43801
1787999225,2, 100, 43801
1787999225,3, 100, 43801
1787999240,0, 100, 43817
1787999240,1, 100, 43801
1787999240,2, 100, 43801
1787999240,3, 100, 43801
1787999256,0, 100, 43817
1787999256,1, 100, 43801
1787999256,2, 100, 43801
1787999256,3, 100, 43801
1787999271,0, 100, 43817
1787999271,1, 100, 43801
1787999271,2, 100, 43801
1787999271,3, 100, 43801
1787999286,0, 100, 43817
1787999286,1, 100, 43801
1787999286,2, 100, 43801
1787999286,3, 100, 43801
1787999301,0, 100, 43817
1787999301,1, 100, 43801
1787999301,2, 100, 43801
1787999301,3, 100, 43801
1787999316,0, 100, 43817
1787999316,1, 100, 43801
1787999316,2, 100, 43801
1787999316,3, 100, 43801
1787999331,0, 100, 43817
1787999331,1, 100, 43801
1787999331,2, 100, 43801
1787999331,3, 100, 43801
1787999347,0, 100, 43817
1787999347,1, 100, 43801
1787999347,2, 100, 43801
1787999347,3, 100, 43801
1787999362,0, 100, 43817
1787999362,1, 100, 43801
1787999362,2, 100, 43801
1787999362,3, 100, 43801
1787999377,0, 100, 43817
1787999377,1, 100, 43801
1787999377,2, 100, 43801
1787999377,3, 100, 43801
1787999392,0, 100, 43817
1787999392,1, 100, 43801
1787999392,2, 100, 43801
1787999392,3, 100, 43801
1787999407,0, 100, 43817
1787999407,1, 100, 43801
1787999407,2, 100, 43801
1787999407,3, 100, 43801
1787999422,0, 100, 43817
1787999422,1, 100, 43801
1787999422,2, 100, 43801
1787999422,3, 100, 43801
1787999437,0, 100, 43817
1787999437,1, 100, 43801
1787999437,2, 100, 43801
1787999437,3, 100, 43801
1787999452,0, 100, 43817
1787999452,1, 100, 43801
1787999452,2, 100, 43801
1787999452,3, 100, 43801
1787999467,0, 100, 43817
1787999467,1, 100, 43801
1787999467,2, 100, 43801
1787999467,3, 100, 43801
1787999482,0, 100, 43817
1787999482,1, 100, 43801
1787999482,2, 100, 43801
1787999482,3, 100, 43801
1787999498,0, 100, 43817
1787999498,1, 100, 43801
1787999498,2, 100, 43801
1787999498,3, 100, 43801
1787999513,0, 100, 43817
1787999513,1, 100, 43801
1787999513,2, 100, 43801
1787999513,3, 100, 43801
1787999528,0, 100, 43817
1787999528,1, 100, 43801
1787999528,2, 100, 43801
1787999528,3, 100, 43801
1787999543,0, 100, 43817
1787999543,1, 100, 43801
1787999543,2, 100, 43801
1787999543,3, 100, 43801
1787999558,0, 100, 43817
1787999558,1, 100, 43801
1787999558,2, 100, 43801
1787999558,3, 100, 43801
1787999573,0, 100, 43817
1787999573,1, 100, 43801
1787999573,2, 100, 43801
1787999573,3, 100, 43801
1787999588,0, 100, 43817
1787999588,1, 100, 43801
1787999588,2, 100, 43801
1787999588,3, 100, 43801
1787999603,0, 100, 43817
1787999603,1, 100, 43801
1787999603,2, 100, 43801
1787999603,3, 100, 43801
1787999618,0, 100, 43817
1787999618,1, 100, 43801
1787999618,2, 100, 43801
1787999618,3, 100, 43801
1787999633,0, 100, 43817
1787999633,1, 100, 43801
1787999633,2, 100, 43801
1787999633,3, 100, 43801
1787999648,0, 100, 43817
1787999648,1, 100, 43801
1787999648,2, 100, 43801
1787999648,3, 100, 43801
1787999663,0, 100, 43817
1787999663,1, 100, 43801
1787999663,2, 100, 43801
1787999663,3, 100, 43801
1787999679,0, 100, 43817
1787999679,1, 100, 43801
1787999679,2, 100, 43801
1787999679,3, 100, 43801
1787999694,0, 100, 43817
1787999694,1, 100, 43801
1787999694,2, 100, 43801
1787999694,3, 100, 43801
1787999709,0, 100, 43817
1787999709,1, 100, 43801
1787999709,2, 100, 43801
1787999709,3, 100, 43801
1787999724,0, 100, 43817
1787999724,1, 100, 43801
1787999724,2, 100, 43801
1787999724,3, 100, 43801
1787999739,0, 100, 43817
1787999739,1, 100, 43801
1787999739,2, 100, 43801
1787999739,3, 100, 43801
1787999754,0, 100, 43817
1787999754,1, 100, 43801
1787999754,2, 100, 43801
1787999754,3, 100, 43801
1787999769,0, 100, 43817
1787999769,1, 100, 43801
1787999769,2, 100, 43801
1787999769,3, 100, 43801
1787999784,0, 100, 43817
1787999784,1, 100, 43801
1787999784,2, 100, 43801
1787999784,3, 100, 43801
1787999800,0, 100, 43817
1787999800,1, 100, 43801
1787999800,2, 100, 43801
1787999800,3, 100, 43801
1787999815,0, 100, 43817
1787999815,1, 100, 43801
1787999815,2, 100, 43801
1787999815,3, 100, 43801
1787999830,0, 100, 43817
1787999830,1, 100, 43801
1787999830,2, 100, 43801
1787999830,3, 100, 43801
1787999845,0, 100, 43817
1787999845,1, 100, 43801
1787999845,2, 100, 43801
1787999845,3, 100, 43801
1787999860,0, 100, 43817
1787999860,1, 100, 43801
1787999860,2, 100, 43801
1787999860,3, 100, 43801
1787999876,0, 100, 43817
1787999876,1, 100, 43801
1787999876,2, 100, 43801
1787999876,3, 100, 43801
1787999891,0, 100, 43817
1787999891,1, 100, 43801
1787999891,2, 100, 43801
1787999891,3, 100, 43801
1787999906,0, 100, 43817
1787999906,1, 100, 43801
1787999906,2, 100, 43801
1787999906,3, 100, 43801
1787999922,0, 100, 43817
1787999922,1, 100, 43801
1787999922,2, 100, 43801
1787999922,3, 100, 43801
1787999937,0, 100, 43817
1787999937,1, 100, 43801
1787999937,2, 100, 43801
1787999937,3, 100, 43801
1787999952,0, 100, 43817
1787999952,1, 100, 43801
1787999952,2, 100, 43801
1787999952,3, 100, 43801
1787999967,0, 100, 43817
1787999967,1, 100, 43801
1787999967,2, 100, 43801
1787999967,3, 100, 43801
1787999983,0, 100, 43817
1787999983,1, 100, 43801
1787999983,2, 100, 43801
1787999983,3, 100, 43801
1787999998,0, 100, 43817
1787999998,1, 100, 43801
1787999998,2, 100, 43801
1787999998,3, 100, 43801
1788000013,0, 100, 43817
1788000013,1, 100, 43801
1788000013,2, 100, 43801
1788000013,3, 100, 43801
1788000028,0, 100, 43817
1788000028,1, 100, 43801
1788000028,2, 100, 43801
1788000028,3, 100, 43801
1788000043,0, 100, 43817
1788000043,1, 100, 43801
1788000043,2, 100, 43801
1788000043,3, 100, 43801
1788000058,0, 100, 43817
1788000058,1, 100, 43801
1788000058,2, 100, 43801
1788000058,3, 99, 43801
1788000073,0, 100, 43817
1788000073,1, 100, 43801
1788000073,2, 100, 43801
1788000073,3, 100, 43801
1788000088,0, 100, 43817
1788000088,1, 100, 43801
1788000088,2, 100, 43801
1788000088,3, 100, 43801
1788000103,0, 100, 43817
1788000103,1, 100, 43801
1788000103,2, 100, 43801
1788000103,3, 100, 43801
1788000118,0, 100, 43817
1788000118,1, 100, 43801
1788000118,2, 100, 43801
1788000118,3, 100, 43801
1788000133,0, 100, 43817
1788000133,1, 100, 43801
1788000133,2, 100, 43801
1788000133,3, 100, 43801
1788000148,0, 100, 43817
1788000148,1, 100, 43801
1788000148,2, 100, 43801
1788000148,3, 100, 43801
1788000163,0, 100, 43817
1788000163,1, 99, 43801
1788000163,2, 100, 43801
1788000163,3, 100, 43801
1788000179,0, 100, 43817
1788000179,1, 100, 43801
1788000179,2, 100, 43801
1788000179,3, 100, 43801
1788000194,0, 100, 43817
1788000194,1, 100, 43801
1788000194,2, 100, 43801
1788000194,3, 100, 43801
1788000209,0, 100, 43817
1788000209,1, 100, 43801
1788000209,2, 100, 43801
1788000209,3, 100, 43801
1788000224,0, 100, 43817
1788000224,1, 100, 43801
1788000224,2, 100, 43801
1788000224,3, 100, 43801
1788000239,0, 100, 43817
1788000239,1, 100, 43801
1788000239,2, 100, 43801
1788000239,3, 100, 43801
1788000254,0, 100, 43817
1788000254,1, 100, 43801
1788000254,2, 100, 43801
1788000254,3, 100, 43801
1788000269,0, 99, 43817
1788000269,1, 100, 43801
1788000269,2, 100, 43801
1788000269,3, 99, 43801
1788000284,0, 100, 43817
1788000284,1, 100, 43801
1788000284,2, 100, 43801
1788000284,3, 100, 43801
1788000299,0, 100, 43817
1788000299,1, 100, 43801
1788000299,2, 100, 43801
1788000299,3, 100, 43801
1788000314,0, 100, 43817
1788000314,1, 100, 43801
1788000314,2, 100, 43801
1788000314,3, 100, 43801
1788000329,0, 100, 43817
1788000329,1, 100, 43801
1788000329,2, 100, 43801
1788000329,3, 100, 43801
1788000345,0, 100, 43817
1788000345,1, 100, 43801
1788000345,2, 100, 43801
1788000345,3, 100, 43801
1788000360,0, 100, 43817
1788000360,1, 100, 43801
1788000360,2, 100, 43801
1788000360,3, 100, 43801
1788000375,0, 100, 43817
1788000375,1, 100, 43801
1788000375,2, 100, 43801
1788000375,3, 100, 43801
1788000390,0, 100, 43817
1788000390,1, 100, 43801
1788000390,2, 100, 43801
1788000390,3, 100, 43801
1788000405,0, 100, 43817
1788000405,1, 100, 43801
1788000405,2, 100, 43801
1788000405,3, 100, 43801
1788000420,0, 100, 43817
1788000420,1, 100, 43801
1788000420,2, 100, 43801
1788000420,3, 100, 43801
1788000435,0, 100, 43817
1788000435,1, 100, 43801
1788000435,2, 100, 43801
1788000435,3, 100, 43801
1788000450,0, 100, 43817
1788000450,1, 100, 43801
1788000450,2, 100, 43801
1788000450,3, 100, 43801
1788000465,0, 100, 43817
1788000465,1, 100, 43801
1788000465,2, 100, 43801
1788000465,3, 100, 43801
1788000480,0, 100, 43817
1788000480,1, 100, 43801
1788000480,2, 100, 43801
1788000480,3, 100, 43801
1788000495,0, 100, 43817
1788000495,1, 100, 43801
1788000495,2, 100, 43801
1788000495,3, 99, 43801
1788000510,0, 100, 43817
1788000510,1, 100, 43801
1788000510,2, 100, 43801
1788000510,3, 100, 43801
1788000525,0, 100, 43817
1788000525,1, 100, 43801
1788000525,2, 100, 43801
1788000525,3, 100, 43801
1788000541,0, 100, 43817
1788000541,1, 100, 43801
1788000541,2, 100, 43801
1788000541,3, 100, 43801
1788000556,0, 100, 43817
1788000556,1, 100, 43801
1788000556,2, 100, 43801
1788000556,3, 100, 43801
1788000571,0, 100, 43817
1788000571,1, 100, 43801
1788000571,2, 100, 43801
1788000571,3, 100, 43801
1788000586,0, 100, 43817
1788000586,1, 100, 43801
1788000586,2, 100, 43801
1788000586,3, 100, 43801
1788000601,0, 99, 43817
1788000601,1, 100, 43801
1788000601,2, 100, 43801
1788000601,3, 100, 43801
1788000616,0, 100, 43817
1788000616,1, 100, 43801
1788000616,2, 100, 43801
1788000616,3, 100, 43801
1788000631,0, 100, 43817
1788000631,1, 100, 43801
1788000631,2, 100, 43801
1788000631,3, 100, 43801
1788000646,0, 100, 43817
1788000646,1, 100, 43801
1788000646,2, 100, 43801
1788000646,3, 100, 43801
1788000661,0, 100, 43817
1788000661,1, 100, 43801
1788000661,2, 100, 43801
1788000661,3, 100, 43801
1788000676,0, 100, 43817
1788000676,1, 100, 43801
1788000676,2, 100, 43801
1788000676,3, 100, 43801
1788000692,0, 100, 43817
1788000692,1, 100, 43801
1788000692,2, 100, 43801
1788000692,3, 100, 43801
1788000707,0, 100, 43817
1788000707,1, 100, 43801
1788000707,2, 100, 43801
1788000707,3, 100, 43801
1788000722,0, 100, 43817
1788000722,1, 100, 43801
1788000722,2, 100, 43801
1788000722,3, 100, 43801
1788000737,0, 100, 43817
1788000737,1, 100, 43801
1788000737,2, 100, 43801
1788000737,3, 100, 43801
1788000752,0, 100, 43817
1788000752,1, 100, 43801
1788000752,2, 100, 43801
1788000752,3, 100, 43801
1788000767,0, 100, 43817
1788000767,1, 100, 43801
1788000767,2, 100, 43801
1788000767,3, 100, 43801
1788000782,0, 100, 43817
1788000782,1, 100, 43801
1788000782,2, 100, 43801
1788000782,3, 100, 43801
1788000797,0, 100, 43817
1788000797,1, 100, 43801
1788000797,2, 100, 43801
1788000797,3, 100, 43801
1788000812,0, 100, 43817
1788000812,1, 100, 43801
1788000812,2, 100, 43801
1788000812,3, 100, 43801
1788000828,0, 100, 43817
1788000828,1, 100, 43801
1788000828,2, 100, 43801
1788000828,3, 100, 43801
1788000843,0, 100, 43817
1788000843,1, 100, 43801
1788000843,2, 100, 43801
1788000843,3, 100, 43801
1788000858,0, 100, 43817
1788000858,1, 100, 43801
1788000858,2, 100, 43801
1788000858,3, 100, 43801
1788000873,0, 100, 43817
1788000873,1, 100, 43801
1788000873,2, 100, 43801
1788000873,3, 100, 43801
1788000888,0, 100, 43817
1788000888,1, 100, 43801
1788000888,2, 100, 43801
1788000888,3, 100, 43801
1788000903,0, 99, 43817
1788000903,1, 100, 43801
1788000903,2, 99, 43801
1788000903,3, 100, 43801
1788000918,0, 100, 43817
1788000918,1, 100, 43801
1788000918,2, 100, 43801
1788000918,3, 100, 43801
1788000933,0, 100, 43817
1788000933,1, 100, 43801
1788000933,2, 100, 43801
1788000933,3, 100, 43801
1788000948,0, 100, 43817
1788000948,1, 100, 43801
1788000948,2, 100, 43801
1788000948,3, 100, 43801
1788000963,0, 100, 43817
1788000963,1, 100, 43801
1788000963,2, 100, 43801
1788000963,3, 100, 43801
1788000978,0, 100, 43817
1788000978,1, 100, 43801
1788000978,2, 100, 43801
1788000978,3, 100, 43801
1788000994,0, 100, 43817
1788000994,1, 100, 43801
1788000994,2, 100, 43801
1788000994,3, 100, 43801
1788001009,0, 99, 43817
1788001009,1, 100, 43801
1788001009,2, 99, 43801
1788001009,3, 99, 43801
1788001024,0, 100, 43817
1788001024,1, 100, 43801
1788001024,2, 100, 43801
1788001024,3, 100, 43801
1788001039,0, 100, 43817
1788001039,1, 100, 43801
1788001039,2, 100, 43801
1788001039,3, 100, 43801
1788001054,0, 100, 43817
1788001054,1, 100, 43801
1788001054,2, 100, 43801
1788001054,3, 100, 43801
1788001069,0, 100, 43817
1788001069,1, 100, 43801
1788001069,2, 100, 43801
1788001069,3, 100, 43801
1788001084,0, 100, 43817
1788001084,1, 100, 43801
1788001084,2, 100, 43801
1788001084,3, 100, 43801
1788001099,0, 100, 43817
1788001099,1, 100, 43801
1788001099,2, 100, 43801
1788001099,3, 100, 43801
1788001114,0, 100, 43817
1788001114,1, 100, 43801
1788001114,2, 99, 43801
1788001114,3, 99, 43801
1788001129,0, 100, 43817
1788001129,1, 100, 43801
1788001129,2, 100, 43801
1788001129,3, 100, 43801
1788001144,0, 100, 43817
1788001144,1, 100, 43801
1788001144,2, 100, 43801
1788001144,3, 100, 43801
1788001159,0, 100, 43817
1788001159,1, 100, 43801
1788001159,2, 100, 43801
1788001159,3, 100, 43801
1788001175,0, 100, 43817
1788001175,1, 100, 43801
1788001175,2, 100, 43801
1788001175,3, 100, 43801
1788001190,0, 100, 43817
1788001190,1, 100, 43801
1788001190,2, 100, 43801
1788001190,3, 100, 43801
1788001205,0, 100, 43817
1788001205,1, 100, 43801
1788001205,2, 100, 43801
1788001205,3, 100, 43801
1788001220,0, 100, 43817
1788001220,1, 100, 43801
1788001220,2, 100, 43801
1788001220,3, 100, 43801
1788001235,0, 100, 43817
1788001235,1, 100, 43801
1788001235,2, 100, 43801
1788001235,3, 100, 43801
1788001250,0, 100, 43817
1788001250,1, 100, 43801
1788001250,2, 100, 43801
1788001250,3, 100, 43801
1788001265,0, 100, 43817
1788001265,1, 100, 43801
1788001265,2, 100, 43801
1788001265,3, 100, 43801
1788001280,0, 100, 43817
1788001280,1, 100, 43801
1788001280,2, 100, 43801
1788001280,3, 100, 43801
1788001295,0, 100, 43817
1788001295,1, 100, 43801
1788001295,2, 100, 43801
1788001295,3, 100, 43801
1788001310,0, 100, 43817
1788001310,1, 100, 43801
1788001310,2, 100, 43801
1788001310,3, 100, 43801
1788001325,0, 100, 43817
1788001325,1, 100, 43801
1788001325,2, 100, 43801
1788001325,3, 100, 43801
1788001340,0, 100, 43817
1788001340,1, 100, 43801
1788001340,2, 100, 43801
1788001340,3, 100, 43801
1788001356,0, 100, 43817
1788001356,1, 100, 43801
1788001356,2, 100, 43801
1788001356,3, 100, 43801
1788001371,0, 100, 43817
1788001371,1, 100, 43801
1788001371,2, 100, 43801
1788001371,3, 100, 43801
1788001386,0, 100, 43817
1788001386,1, 100, 43801
1788001386,2, 100, 43801
1788001386,3, 100, 43801
1788001401,0, 100, 43817
1788001401,1, 100, 43801
1788001401,2, 100, 43801
1788001401,3, 100, 43801
1788001416,0, 100, 43817
1788001416,1, 100, 43801
1788001416,2, 100, 43801
1788001416,3, 100, 43801
1788001431,0, 100, 43817
1788001431,1, 100, 43801
1788001431,2, 100, 43801
1788001431,3, 100, 43801
1788001446,0, 100, 43817
1788001446,1, 100, 43801
1788001446,2, 100, 43801
1788001446,3, 100, 43801
1788001461,0, 100, 43817
1788001461,1, 100, 43801
1788001461,2, 100, 43801
1788001461,3, 100, 43801
1788001476,0, 100, 43817
1788001476,1, 100, 43801
1788001476,2, 100, 43801
1788001476,3, 100, 43801
1788001492,0, 100, 43817
1788001492,1, 100, 43801
1788001492,2, 100, 43801
1788001492,3, 100, 43801
1788001507,0, 100, 43817
1788001507,1, 100, 43801
1788001507,2, 100, 43801
1788001507,3, 100, 43801
1788001522,0, 100, 43817
1788001522,1, 100, 43801
1788001522,2, 100, 43801
1788001522,3, 100, 43801
1788001537,0, 100, 43817
1788001537,1, 100, 43801
1788001537,2, 100, 43801
1788001537,3, 100, 43801
1788001552,0, 100, 43817
1788001552,1, 100, 43801
1788001552,2, 100, 43801
1788001552,3, 100, 43801
1788001567,0, 100, 43817
1788001567,1, 100, 43801
1788001567,2, 100, 43801
1788001567,3, 100, 43801
1788001582,0, 100, 43817
1788001582,1, 100, 43801
1788001582,2, 100, 43801
1788001582,3, 100, 43801
1788001597,0, 100, 43817
1788001597,1, 100, 43801
1788001597,2, 100, 43801
1788001597,3, 100, 43801
1788001612,0, 100, 43817
1788001612,1, 100, 43801
1788001612,2, 100, 43801
1788001612,3, 100, 43801
1788001627,0, 100, 43817
1788001627,1, 100, 43801
1788001627,2, 100, 43801
1788001627,3, 100, 43801
1788001642,0, 100, 43817
1788001642,1, 100, 43801
1788001642,2, 100, 43801
1788001642,3, 100, 43801
1788001657,0, 100, 43817
1788001657,1, 100, 43801
1788001657,2, 100, 43801
1788001657,3, 100, 43801
1788001673,0, 100, 43817
1788001673,1, 100, 43801
1788001673,2, 100, 43801
1788001673,3, 100, 43801
1788001688,0, 100, 43817
1788001688,1, 100, 43801
1788001688,2, 100, 43801
1788001688,3, 100, 43801
1788001703,0, 100, 43817
1788001703,1, 100, 43801
1788001703,2, 100, 43801
1788001703,3, 100, 43801
1788001718,0, 100, 43817
1788001718,1, 100, 43801
1788001718,2, 100, 43801
1788001718,3, 100, 43801
1788001733,0, 99, 43817
1788001733,1, 99, 43801
1788001733,2, 100, 43801
1788001733,3, 100, 43801
1788001748,0, 100, 43817
1788001748,1, 100, 43801
1788001748,2, 100, 43801
1788001748,3, 100, 43801
1788001763,0, 100, 43817
1788001763,1, 100, 43801
1788001763,2, 100, 43801
1788001763,3, 100, 43801
1788001778,0, 100, 43817
1788001778,1, 100, 43801
1788001778,2, 100, 43801
1788001778,3, 100, 43801
1788001793,0, 100, 43817
1788001793,1, 100, 43801
1788001793,2, 100, 43801
1788001793,3, 100, 43801
1788001808,0, 100, 43817
1788001808,1, 100, 43801
1788001808,2, 100, 43801
1788001808,3, 100, 43801
1788001823,0, 100, 43817
1788001823,1, 100, 43801
1788001823,2, 100, 43801
1788001823,3, 100, 43801
1788001839,0, 100, 43817
1788001839,1, 100, 43801
1788001839,2, 100, 43801
1788001839,3, 100, 43801
1788001854,0, 100, 43817
1788001854,1, 100, 43801
1788001854,2, 100, 43801
1788001854,3, 100, 43801
1788001869,0, 100, 43817
1788001869,1, 100, 43801
1788001869,2, 100, 43801
1788001869,3, 100, 43801
1788001884,0, 100, 43817
1788001884,1, 100, 43801
1788001884,2, 100, 43801
1788001884,3, 100, 43801
1788001899,0, 100, 43817
1788001899,1, 100, 43801
1788001899,2, 100, 43801
1788001899,3, 100, 43801
1788001914,0, 100, 43817
1788001914,1, 100, 43801
1788001914,2, 100, 43801
1788001914,3, 100, 43801
1788001929,0, 100, 43817
1788001929,1, 100, 43801
1788001929,2, 100, 43801
1788001929,3, 100, 43801
1788001944,0, 100, 43817
1788001944,1, 100, 43801
1788001944,2, 100, 43801
1788001944,3, 100, 43801
1788001959,0, 100, 43817
1788001959,1, 100, 43801
1788001959,2, 100, 43801
1788001959,3, 100, 43801
1788001974,0, 100, 43817
1788001974,1, 100, 43801
1788001974,2, 100, 43801
1788001974,3, 100, 43801
1788001989,0, 100, 43817
1788001989,1, 100, 43801
1788001989,2, 100, 43801
1788001989,3, 100, 43801
1788002005,0, 100, 43817
1788002005,1, 100, 43801
1788002005,2, 100, 43801
1788002005,3, 100, 43801
1788002020,0, 100, 43817
1788002020,1, 100, 43801
1788002020,2, 100, 43801
1788002020,3, 100, 43801
1788002035,0, 100, 43817
1788002035,1, 100, 43801
1788002035,2, 100, 43801
1788002035,3, 100, 43801
1788002051,0, 100, 43817
1788002051,1, 100, 43801
1788002051,2, 100, 43801
1788002051,3, 100, 43801
1788002066,0, 100, 43817
1788002066,1, 100, 43801
1788002066,2, 100, 43801
1788002066,3, 100, 43801
1788002081,0, 100, 43817
1788002081,1, 100, 43801
1788002081,2, 100, 43801
1788002081,3, 100, 43801
1788002096,0, 100, 43817
1788002096,1, 100, 43801
1788002096,2, 100, 43801
1788002096,3, 100, 43801
1788002111,0, 100, 43817
1788002111,1, 100, 43801
1788002111,2, 100, 43801
1788002111,3, 100, 43801
1788002126,0, 100, 43817
1788002126,1, 99, 43801
1788002126,2, 100, 43801
1788002126,3, 100, 43801
1788002141,0, 100, 43817
1788002141,1, 100, 43801
1788002141,2, 100, 43801
1788002141,3, 100, 43801
1788002156,0, 100, 43817
1788002156,1, 100, 43801
1788002156,2, 100, 43801
1788002156,3, 100, 43801
1788002172,0, 100, 43817
1788002172,1, 100, 43801
1788002172,2, 100, 43801
1788002172,3, 100, 43801
1788002187,0, 100, 43817
1788002187,1, 100, 43801
1788002187,2, 100, 43801
1788002187,3, 100, 43801
1788002202,0, 100, 43817
1788002202,1, 100, 43801
1788002202,2, 100, 43801
1788002202,3, 100, 43801
1788002217,0, 100, 43817
1788002217,1, 100, 43801
1788002217,2, 100, 43801
1788002217,3, 100, 43801
1788002232,0, 100, 43817
1788002232,1, 100, 43801
1788002232,2, 100, 43801
1788002232,3, 100, 43801
1788002247,0, 100, 43817
1788002247,1, 100, 43801
1788002247,2, 100, 43801
1788002247,3, 100, 43801
1788002262,0, 100, 43817
1788002262,1, 100, 43801
1788002262,2, 100, 43801
1788002262,3, 100, 43801
1788002277,0, 100, 43817
1788002277,1, 100, 43801
1788002277,2, 100, 43801
1788002277,3, 100, 43801
1788002292,0, 100, 43817
1788002292,1, 100, 43801
1788002292,2, 100, 43801
1788002292,3, 100, 43801
1788002307,0, 100, 43817
1788002307,1, 100, 43801
1788002307,2, 100, 43801
1788002307,3, 100, 43801
1788002322,0, 100, 43817
1788002322,1, 100, 43801
1788002322,2, 100, 43801
1788002322,3, 100, 43801
1788002337,0, 100, 43817
1788002337,1, 100, 43801
1788002337,2, 100, 43801
1788002337,3, 100, 43801
1788002352,0, 100, 43817
1788002352,1, 100, 43801
1788002352,2, 100, 43801
1788002352,3, 100, 43801
1788002368,0, 100, 43817
1788002368,1, 100, 43801
1788002368,2, 100, 43801
1788002368,3, 100, 43801
1788002383,0, 100, 43817
1788002383,1, 100, 43801
1788002383,2, 100, 43801
1788002383,3, 100, 43801
1788002398,0, 100, 43817
1788002398,1, 100, 43801
1788002398,2, 100, 43801
1788002398,3, 100, 43801
1788002413,0, 100, 43817
1788002413,1, 100, 43801
1788002413,2, 100, 43801
1788002413,3, 100, 43801
1788002428,0, 100, 43817
1788002428,1, 100, 43801
1788002428,2, 100, 43801
1788002428,3, 100, 43801
1788002443,0, 100, 43817
1788002443,1, 100, 43801
1788002443,2, 100, 43801
1788002443,3, 100, 43801
1788002458,0, 100, 43817
1788002458,1, 100, 43801
1788002458,2, 100, 43801
1788002458,3, 100, 43801
1788002473,0, 100, 43817
1788002473,1, 100, 43801
1788002473,2, 100, 43801
1788002473,3, 100, 43801
1788002488,0, 100, 43817
1788002488,1, 100, 43801
1788002488,2, 100, 43801
1788002488,3, 100, 43801
1788002503,0, 100, 43817
1788002503,1, 100, 43801
1788002503,2, 100, 43801
1788002503,3, 100, 43801
1788002519,0, 100, 43817
1788002519,1, 100, 43801
1788002519,2, 100, 43801
1788002519,3, 100, 43801
1788002534,0, 100, 43817
1788002534,1, 100, 43801
1788002534,2, 100, 43801
1788002534,3, 100, 43801
1788002549,0, 100, 43817
1788002549,1, 100, 43801
1788002549,2, 100, 43801
1788002549,3, 100, 43801
1788002564,0, 100, 43817
1788002564,1, 100, 43801
1788002564,2, 100, 43801
1788002564,3, 100, 43801
1788002579,0, 100, 43817
1788002579,1, 100, 43801
1788002579,2, 100, 43801
1788002579,3, 100, 43801
1788002594,0, 100, 43817
1788002594,1, 100, 43801
1788002594,2, 100, 43801
1788002594,3, 100, 43801
1788002609,0, 100, 43817
1788002609,1, 100, 43801
1788002609,2, 100, 43801
1788002609,3, 100, 43801
1788002624,0, 100, 43817
1788002624,1, 100, 43801
1788002624,2, 100, 43801
1788002624,3, 100, 43801
1788002639,0, 100, 43817
1788002639,1, 100, 43801
1788002639,2, 100, 43801
1788002639,3, 100, 43801
1788002655,0, 100, 43817
1788002655,1, 100, 43801
1788002655,2, 100, 43801
1788002655,3, 100, 43801
1788002670,0, 100, 43817
1788002670,1, 100, 43801
1788002670,2, 100, 43801
1788002670,3, 100, 43801
1788002685,0, 100, 43817
1788002685,1, 100, 43801
1788002685,2, 100, 43801
1788002685,3, 100, 43801
1788002700,0, 100, 43817
1788002700,1, 100, 43801
1788002700,2, 100, 43801
1788002700,3, 100, 43801
1788002715,0, 100, 43817
1788002715,1, 100, 43801
1788002715,2, 100, 43801
1788002715,3, 100, 43801
1788002730,0, 100, 43817
1788002730,1, 100, 43801
1788002730,2, 100, 43801
1788002730,3, 100, 43801
1788002745,0, 100, 43817
1788002745,1, 100, 43801
1788002745,2, 100, 43801
1788002745,3, 100, 43801
1788002760,0, 100, 43817
1788002760,1, 100, 43801
1788002760,2, 100, 43801
1788002760,3, 99, 43801
1788002775,0, 100, 43817
1788002775,1, 100, 43801
1788002775,2, 100, 43801
1788002775,3, 100, 43801
1788002790,0, 100, 43817
1788002790,1, 100, 43801
1788002790,2, 100, 43801
1788002790,3, 100, 43801
1788002805,0, 100, 43817
1788002805,1, 100, 43801
1788002805,2, 100, 43801
1788002805,3, 100, 43801
1788002821,0, 100, 43817
1788002821,1, 100, 43801
1788002821,2, 100, 43801
1788002821,3, 100, 43801
1788002836,0, 100, 43817
1788002836,1, 100, 43801
1788002836,2, 100, 43801
1788002836,3, 100, 43801
1788002851,0, 100, 43817
1788002851,1, 100, 43801
1788002851,2, 100, 43801
1788002851,3, 100, 43801
1788002866,0, 100, 43817
1788002866,1, 100, 43801
1788002866,2, 100, 43801
1788002866,3, 99, 43801
1788002881,0, 100, 43817
1788002881,1, 100, 43801
1788002881,2, 100, 43801
1788002881,3, 100, 43801
1788002896,0, 100, 43817
1788002896,1, 100, 43801
1788002896,2, 100, 43801
1788002896,3, 100, 43801
1788002911,0, 100, 43817
1788002911,1, 100, 43801
1788002911,2, 100, 43801
1788002911,3, 100, 43801
1788002926,0, 100, 43817
1788002926,1, 100, 43801
1788002926,2, 100, 43801
1788002926,3, 100, 43801
1788002941,0, 100, 43817
1788002941,1, 100, 43801
1788002941,2, 100, 43801
1788002941,3, 100, 43801
1788002956,0, 100, 43817
1788002956,1, 100, 43801
1788002956,2, 100, 43801
1788002956,3, 100, 43801
1788002971,0, 100, 43817
1788002971,1, 100, 43801
1788002971,2, 100, 43801
1788002971,3, 100, 43801
1788002986,0, 100, 43817
1788002986,1, 100, 43801
1788002986,2, 100, 43801
1788002986,3, 100, 43801
1788003002,0, 100, 43817
1788003002,1, 100, 43801
1788003002,2, 100, 43801
1788003002,3, 100, 43801
1788003017,0, 100, 43817
1788003017,1, 100, 43801
1788003017,2, 100, 43801
1788003017,3, 100, 43801
1788003032,0, 100, 43817
1788003032,1, 100, 43801
1788003032,2, 100, 43801
1788003032,3, 100, 43801
1788003047,0, 100, 43817
1788003047,1, 100, 43801
1788003047,2, 100, 43801
1788003047,3, 100, 43801
1788003062,0, 100, 43817
1788003062,1, 100, 43801
1788003062,2, 100, 43801
1788003062,3, 100, 43801
1788003077,0, 100, 43817
1788003077,1, 100, 43801
1788003077,2, 100, 43801
1788003077,3, 100, 43801
1788003092,0, 100, 43817
1788003092,1, 100, 43801
1788003092,2, 100, 43801
1788003092,3, 100, 43801
1788003107,0, 100, 43817
1788003107,1, 100, 43801
1788003107,2, 100, 43801
1788003107,3, 100, 43801
1788003122,0, 100, 43817
1788003122,1, 100, 43801
1788003122,2, 100, 43801
1788003122,3, 100, 43801
1788003137,0, 100, 43817
1788003137,1, 100, 43801
1788003137,2, 100, 43801
1788003137,3, 100, 43801
1788003152,0, 100, 43817
1788003152,1, 100, 43801
1788003152,2, 100, 43801
1788003152,3, 100, 43801
1788003167,0, 100, 43817
1788003167,1, 100, 43801
1788003167,2, 100, 43801
1788003167,3, 100, 43801
1788003182,0, 100, 43817
1788003182,1, 100, 43801
1788003182,2, 100, 43801
1788003182,3, 100, 43801
1788003198,0, 100, 43817
1788003198,1, 100, 43801
1788003198,2, 100, 43801
1788003198,3, 100, 43801
1788003213,0, 100, 43817
1788003213,1, 100, 43801
1788003213,2, 100, 43801
1788003213,3, 100, 43801
1788003228,0, 100, 43817
1788003228,1, 100, 43801
1788003228,2, 100, 43801
1788003228,3, 100, 43801
1788003243,0, 100, 43817
1788003243,1, 100, 43801
1788003243,2, 100, 43801
1788003243,3, 100, 43801
1788003258,0, 100, 43817
1788003258,1, 100, 43801
1788003258,2, 100, 43801
1788003258,3, 100, 43801
1788003273,0, 100, 43817
1788003273,1, 100, 43801
1788003273,2, 100, 43801
1788003273,3, 100, 43801
1788003288,0, 100, 43817
1788003288,1, 100, 43801
1788003288,2, 100, 43801
1788003288,3, 100, 43801
1788003303,0, 100, 43817
1788003303,1, 100, 43801
1788003303,2, 100, 43801
1788003303,3, 100, 43801
1788003318,0, 100, 43817
1788003318,1, 100, 43801
1788003318,2, 100, 43801
1788003318,3, 100, 43801
1788003333,0, 100, 43817
1788003333,1, 100, 43801
1788003333,2, 100, 43801
1788003333,3, 100, 43801
1788003349,0, 100, 43817
1788003349,1, 100, 43801
1788003349,2, 100, 43801
1788003349,3, 100, 43801
1788003364,0, 100, 43817
1788003364,1, 100, 43801
1788003364,2, 100, 43801
1788003364,3, 100, 43801
1788003379,0, 100, 43817
1788003379,1, 100, 43801
1788003379,2, 100, 43801
1788003379,3, 100, 43801
1788003394,0, 100, 43817
1788003394,1, 100, 43801
1788003394,2, 100, 43801
1788003394,3, 100, 43801
1788003409,0, 100, 43817
1788003409,1, 100, 43801
1788003409,2, 100, 43801
1788003409,3, 100, 43801
1788003424,0, 100, 43817
1788003424,1, 100, 43801
1788003424,2, 100, 43801
1788003424,3, 100, 43801
1788003439,0, 100, 43817
1788003439,1, 100, 43801
1788003439,2, 100, 43801
1788003439,3, 100, 43801
1788003454,0, 100, 43817
1788003454,1, 100, 43801
1788003454,2, 100, 43801
1788003454,3, 100, 43801
1788003469,0, 100, 43817
1788003469,1, 100, 43801
1788003469,2, 100, 43801
1788003469,3, 100, 43801
1788003484,0, 100, 43817
1788003484,1, 100, 43801
1788003484,2, 100, 43801
1788003484,3, 100, 43801
1788003499,0, 99, 43817
1788003499,1, 100, 43801
1788003499,2, 100, 43801
1788003499,3, 100, 43801
1788003515,0, 100, 43817
1788003515,1, 100, 43801
1788003515,2, 100, 43801
1788003515,3, 100, 43801
1788003530,0, 100, 43817
1788003530,1, 100, 43801
1788003530,2, 100, 43801
1788003530,3, 100, 43801
1788003545,0, 100, 43817
1788003545,1, 100, 43801
1788003545,2, 100, 43801
1788003545,3, 100, 43801
1788003560,0, 100, 43817
1788003560,1, 100, 43801
1788003560,2, 100, 43801
1788003560,3, 100, 43801
1788003575,0, 100, 43817
1788003575,1, 100, 43801
1788003575,2, 100, 43801
1788003575,3, 100, 43801
1788003590,0, 100, 43817
1788003590,1, 100, 43801
1788003590,2, 100, 43801
1788003590,3, 100, 43801
1788003605,0, 100, 43817
1788003605,1, 100, 43801
1788003605,2, 100, 43801
1788003605,3, 100, 43801
1788003620,0, 100, 43817
1788003620,1, 100, 43801
1788003620,2, 100, 43801
1788003620,3, 100, 43801
1788003635,0, 100, 43817
1788003635,1, 100, 43801
1788003635,2, 100, 43801
1788003635,3, 100, 43801
1788003651,0, 100, 43817
1788003651,1, 100, 43801
1788003651,2, 100, 43801
1788003651,3, 100, 43801
1788003666,0, 100, 43817
1788003666,1, 100, 43801
1788003666,2, 100, 43801
1788003666,3, 100, 43801
1788003681,0, 100, 43817
1788003681,1, 100, 43801
1788003681,2, 100, 43801
1788003681,3, 100, 43801
1788003696,0, 100, 43817
1788003696,1, 100, 43801
1788003696,2, 100, 43801
1788003696,3, 100, 43801
1788003711,0, 100, 43817
1788003711,1, 100, 43801
1788003711,2, 100, 43801
1788003711,3, 100, 43801
1788003726,0, 100, 43817
1788003726,1, 100, 43801
1788003726,2, 100, 43801
1788003726,3, 100, 43801
1788003741,0, 100, 43817
1788003741,1, 100, 43801
1788003741,2, 100, 43801
1788003741,3, 100, 43801
1788003756,0, 100, 43817
1788003756,1, 100, 43801
1788003756,2, 100, 43801
1788003756,3, 100, 43801
1788003771,0, 100, 43817
1788003771,1, 100, 43801
1788003771,2, 100, 43801
1788003771,3, 100, 43801
1788003786,0, 100, 43817
1788003786,1, 100, 43801
1788003786,2, 100, 43801
1788003786,3, 100, 43801
1788003801,0, 100, 43817
1788003801,1, 100, 43801
1788003801,2, 100, 43801
1788003801,3, 100, 43801
1788003817,0, 100, 43817
1788003817,1, 100, 43801
1788003817,2, 100, 43801
1788003817,3, 100, 43801
1788003832,0, 100, 43817
1788003832,1, 100, 43801
1788003832,2, 100, 43801
1788003832,3, 100, 43801
1788003847,0, 100, 43817
1788003847,1, 100, 43801
1788003847,2, 100, 43801
1788003847,3, 100, 43801
1788003862,0, 100, 43817
1788003862,1, 100, 43801
1788003862,2, 100, 43801
1788003862,3, 100, 43801
1788003877,0, 100, 43817
1788003877,1, 100, 43801
1788003877,2, 100, 43801
1788003877,3, 100, 43801
1788003892,0, 100, 43817
1788003892,1, 100, 43801
1788003892,2, 100, 43801
1788003892,3, 100, 43801
1788003907,0, 100, 43817
1788003907,1, 99, 43801
1788003907,2, 99, 43801
1788003907,3, 100, 43801
1788003922,0, 100, 43817
1788003922,1, 100, 43801
1788003922,2, 100, 43801
1788003922,3, 100, 43801
1788003937,0, 100, 43817
1788003937,1, 100, 43801
1788003937,2, 100, 43801
1788003937,3, 100, 43801
1788003952,0, 100, 43817
1788003952,1, 100, 43801
1788003952,2, 100, 43801
1788003952,3, 100, 43801
1788003967,0, 100, 43817
1788003967,1, 100, 43801
1788003967,2, 100, 43801
1788003967,3, 100, 43801
1788003982,0, 100, 43817
1788003982,1, 100, 43801
1788003982,2, 100, 43801
1788003982,3, 100, 43801
1788003997,0, 100, 43817
1788003997,1, 100, 43801
1788003997,2, 100, 43801
1788003997,3, 100, 43801
1788004013,0, 99, 43817
1788004013,1, 100, 43801
1788004013,2, 100, 43801
1788004013,3, 100, 43801
1788004028,0, 100, 43817
1788004028,1, 100, 43801
1788004028,2, 100, 43801
1788004028,3, 100, 43801
1788004043,0, 100, 43817
1788004043,1, 100, 43801
1788004043,2, 100, 43801
1788004043,3, 100, 43801
1788004058,0, 100, 43817
1788004058,1, 100, 43801
1788004058,2, 100, 43801
1788004058,3, 100, 43801
1788004073,0, 100, 43817
1788004073,1, 100, 43801
1788004073,2, 100, 43801
1788004073,3, 100, 43801
1788004088,0, 100, 43817
1788004088,1, 100, 43801
1788004088,2, 100, 43801
1788004088,3, 100, 43801
1788004103,0, 100, 43817
1788004103,1, 100, 43801
1788004103,2, 100, 43801
1788004103,3, 100, 43801
1788004118,0, 100, 43817
1788004118,1, 100, 43801
1788004118,2, 100, 43801
1788004118,3, 100, 43801
1788004133,0, 100, 43817
1788004133,1, 100, 43801
1788004133,2, 100, 43801
1788004133,3, 100, 43801
1788004149,0, 100, 43817
1788004149,1, 100, 43801
1788004149,2, 100, 43801
1788004149,3, 100, 43801
1788004164,0, 100, 43817
1788004164,1, 100, 43801
1788004164,2, 100, 43801
1788004164,3, 100, 43801
1788004179,0, 100, 43817
1788004179,1, 100, 43801
1788004179,2, 100, 43801
1788004179,3, 100, 43801
1788004194,0, 100, 43817
1788004194,1, 100, 43801
1788004194,2, 100, 43801
1788004194,3, 100, 43801
1788004209,0, 0, 43817
1788004209,1, 0, 43801
1788004209,2, 0, 43801
1788004209,3, 0, 43801
1788004224,0, 0, 43817
1788004224,1, 0, 43801
1788004224,2, 0, 43801
1788004224,3, 0, 43801
1788004239,0, 100, 43817
1788004239,1, 100, 43801
1788004239,2, 100, 43801
1788004239,3, 100, 43801
1788004254,0, 100, 43817
1788004254,1, 100, 43801
1788004254,2, 100, 43801
1788004254,3, 100, 43801
1788004269,0, 99, 43817
1788004269,1, 100, 43801
1788004269,2, 100, 43801
1788004269,3, 100, 43801
1788004284,0, 100, 43817
1788004284,1, 100, 43801
1788004284,2, 100, 43801
1788004284,3, 100, 43801
1788004299,0, 100, 43817
1788004299,1, 100, 43801
1788004299,2, 100, 43801
1788004299,3, 100, 43801
1788004315,0, 100, 43817
1788004315,1, 100, 43801
1788004315,2, 100, 43801
1788004315,3, 100, 43801
1788004330,0, 100, 43817
1788004330,1, 100, 43801
1788004330,2, 100, 43801
1788004330,3, 100, 43801
1788004345,0, 100, 43817
1788004345,1, 100, 43801
1788004345,2, 100, 43801
1788004345,3, 100, 43801
1788004360,0, 100, 43817
1788004360,1, 100, 43801
1788004360,2, 100, 43801
1788004360,3, 100, 43801
1788004375,0, 100, 43817
1788004375,1, 100, 43801
1788004375,2, 100, 43801
1788004375,3, 100, 43801
1788004390,0, 100, 43817
1788004390,1, 100, 43801
1788004390,2, 100, 43801
1788004390,3, 100, 43801
1788004405,0, 100, 43817
1788004405,1, 100, 43801
1788004405,2, 100, 43801
1788004405,3, 100, 43801
1788004420,0, 100, 43817
1788004420,1, 100, 43801
1788004420,2, 100, 43801
1788004420,3, 100, 43801
1788004435,0, 100, 43817
1788004435,1, 100, 43801
1788004435,2, 100, 43801
1788004435,3, 100, 43801
1788004450,0, 100, 43817
1788004450,1, 100, 43801
1788004450,2, 100, 43801
1788004450,3, 100, 43801
1788004465,0, 100, 43817
1788004465,1, 100, 43801
1788004465,2, 100, 43801
1788004465,3, 100, 43801
1788004480,0, 100, 43817
1788004480,1, 100, 43801
1788004480,2, 100, 43801
1788004480,3, 100, 43801
1788004496,0, 100, 43817
1788004496,1, 100, 43801
1788004496,2, 100, 43801
1788004496,3, 100, 43801
1788004511,0, 100, 43817
1788004511,1, 100, 43801
1788004511,2, 100, 43801
1788004511,3, 100, 43801
1788004526,0, 100, 43817
1788004526,1, 100, 43801
1788004526,2, 100, 43801
1788004526,3, 100, 43801
1788004541,0, 100, 43817
1788004541,1, 100, 43801
1788004541,2, 100, 43801
1788004541,3, 100, 43801
1788004556,0, 100, 43817
1788004556,1, 100, 43801
1788004556,2, 100, 43801
1788004556,3, 100, 43801
1788004571,0, 100, 43817
1788004571,1, 100, 43801
1788004571,2, 100, 43801
1788004571,3, 100, 43801
1788004586,0, 100, 43817
1788004586,1, 100, 43801
1788004586,2, 100, 43801
1788004586,3, 100, 43801
1788004601,0, 100, 43817
1788004601,1, 100, 43801
1788004601,2, 100, 43801
1788004601,3, 100, 43801
1788004616,0, 100, 43817
1788004616,1, 100, 43801
1788004616,2, 100, 43801
1788004616,3, 100, 43801
1788004631,0, 100, 43817
1788004631,1, 100, 43801
1788004631,2, 100, 43801
1788004631,3, 100, 43801
1788004646,0, 100, 43817
1788004646,1, 100, 43801
1788004646,2, 100, 43801
1788004646,3, 100, 43801
1788004661,0, 100, 43817
1788004661,1, 100, 43801
1788004661,2, 100, 43801
1788004661,3, 100, 43801
1788004676,0, 100, 43817
1788004676,1, 100, 43801
1788004676,2, 100, 43801
1788004676,3, 100, 43801
1788004692,0, 100, 43817
1788004692,1, 100, 43801
1788004692,2, 100, 43801
1788004692,3, 100, 43801
1788004707,0, 100, 43817
1788004707,1, 100, 43801
1788004707,2, 100, 43801
1788004707,3, 100, 43801
1788004722,0, 100, 43817
1788004722,1, 100, 43801
1788004722,2, 100, 43801
1788004722,3, 100, 43801
1788004737,0, 100, 43817
1788004737,1, 100, 43801
1788004737,2, 100, 43801
1788004737,3, 100, 43801
1788004752,0, 100, 43817
1788004752,1, 100, 43801
1788004752,2, 100, 43801
1788004752,3, 100, 43801
1788004767,0, 100, 43817
1788004767,1, 100, 43801
1788004767,2, 100, 43801
1788004767,3, 100, 43801
1788004782,0, 100, 43817
1788004782,1, 100, 43801
1788004782,2, 100, 43801
1788004782,3, 100, 43801
1788004797,0, 100, 43817
1788004797,1, 100, 43801
1788004797,2, 100, 43801
1788004797,3, 100, 43801
1788004812,0, 100, 43817
1788004812,1, 100, 43801
1788004812,2, 100, 43801
1788004812,3, 100, 43801
1788004827,0, 100, 43817
1788004827,1, 100, 43801
1788004827,2, 100, 43801
1788004827,3, 100, 43801
1788004842,0, 100, 43817
1788004842,1, 100, 43801
1788004842,2, 100, 43801
1788004842,3, 100, 43801
1788004858,0, 100, 43817
1788004858,1, 100, 43801
1788004858,2, 100, 43801
1788004858,3, 100, 43801
1788004873,0, 100, 43817
1788004873,1, 100, 43801
1788004873,2, 100, 43801
1788004873,3, 100, 43801
1788004888,0, 100, 43817
1788004888,1, 100, 43801
1788004888,2, 100, 43801
1788004888,3, 100, 43801
1788004903,0, 100, 43817
1788004903,1, 100, 43801
1788004903,2, 100, 43801
1788004903,3, 100, 43801
1788004918,0, 100, 43817
1788004918,1, 100, 43801
1788004918,2, 100, 43801
1788004918,3, 100, 43801
1788004933,0, 100, 43817
1788004933,1, 100, 43801
1788004933,2, 100, 43801
1788004933,3, 100, 43801
1788004948,0, 100, 43817
1788004948,1, 100, 43801
1788004948,2, 100, 43801
1788004948,3, 100, 43801
1788004963,0, 100, 43817
1788004963,1, 100, 43801
1788004963,2, 100, 43801
1788004963,3, 100, 43801
1788004978,0, 100, 43817
1788004978,1, 100, 43801
1788004978,2, 100, 43801
1788004978,3, 100, 43801
1788004993,0, 100, 43817
1788004993,1, 100, 43801
1788004993,2, 100, 43801
1788004993,3, 100, 43801
1788005008,0, 100, 43817
1788005008,1, 100, 43801
1788005008,2, 100, 43801
1788005008,3, 100, 43801
1788005023,0, 100, 43817
1788005023,1, 100, 43801
1788005023,2, 100, 43801
1788005023,3, 100, 43801
1788005039,0, 100, 43817
1788005039,1, 100, 43801
1788005039,2, 100, 43801
1788005039,3, 100, 43801
1788005054,0, 100, 43817
1788005054,1, 100, 43801
1788005054,2, 100, 43801
1788005054,3, 100, 43801
1788005069,0, 100, 43817
1788005069,1, 100, 43801
1788005069,2, 100, 43801
1788005069,3, 100, 43801
1788005084,0, 100, 43817
1788005084,1, 100, 43801
1788005084,2, 100, 43801
1788005084,3, 100, 43801
1788005099,0, 100, 43817
1788005099,1, 100, 43801
1788005099,2, 100, 43801
1788005099,3, 100, 43801
1788005114,0, 100, 43817
1788005114,1, 100, 43801
1788005114,2, 100, 43801
1788005114,3, 100, 43801
1788005129,0, 100, 43817
1788005129,1, 100, 43801
1788005129,2, 100, 43801
1788005129,3, 100, 43801
1788005144,0, 100, 43817
1788005144,1, 100, 43801
1788005144,2, 100, 43801
1788005144,3, 100, 43801
1788005159,0, 100, 43817
1788005159,1, 100, 43801
1788005159,2, 100, 43801
1788005159,3, 100, 43801
1788005175,0, 100, 43817
1788005175,1, 100, 43801
1788005175,2, 100, 43801
1788005175,3, 100, 43801
1788005190,0, 100, 43817
1788005190,1, 100, 43801
1788005190,2, 100, 43801
1788005190,3, 100, 43801
1788005205,0, 100, 43817
1788005205,1, 100, 43801
1788005205,2, 100, 43801
1788005205,3, 100, 43801
1788005220,0, 100, 43817
1788005220,1, 100, 43801
1788005220,2, 100, 43801
1788005220,3, 100, 43801
1788005235,0, 100, 43817
1788005235,1, 100, 43801
1788005235,2, 100, 43801
1788005235,3, 100, 43801
1788005250,0, 100, 43817
1788005250,1, 100, 43801
1788005250,2, 100, 43801
1788005250,3, 100, 43801
1788005265,0, 100, 43817
1788005265,1, 100, 43801
1788005265,2, 100, 43801
1788005265,3, 100, 43801
1788005280,0, 100, 43817
1788005280,1, 100, 43801
1788005280,2, 100, 43801
1788005280,3, 100, 43801
1788005295,0, 100, 43817
1788005295,1, 100, 43801
1788005295,2, 100, 43801
1788005295,3, 100, 43801
1788005311,0, 100, 43817
1788005311,1, 100, 43801
1788005311,2, 100, 43801
1788005311,3, 100, 43801
1788005326,0, 100, 43817
1788005326,1, 100, 43801
1788005326,2, 100, 43801
1788005326,3, 100, 43801
1788005341,0, 100, 43817
1788005341,1, 100, 43801
1788005341,2, 100, 43801
1788005341,3, 100, 43801
1788005356,0, 100, 43817
1788005356,1, 100, 43801
1788005356,2, 100, 43801
1788005356,3, 100, 43801
1788005371,0, 100, 43817
1788005371,1, 100, 43801
1788005371,2, 100, 43801
1788005371,3, 100, 43801
1788005386,0, 100, 43817
1788005386,1, 100, 43801
1788005386,2, 100, 43801
1788005386,3, 100, 43801
1788005401,0, 100, 43817
1788005401,1, 100, 43801
1788005401,2, 100, 43801
1788005401,3, 100, 43801
1788005416,0, 100, 43817
1788005416,1, 100, 43801
1788005416,2, 100, 43801
1788005416,3, 100, 43801
1788005431,0, 100, 43817
1788005431,1, 100, 43801
1788005431,2, 100, 43801
1788005431,3, 100, 43801
1788005447,0, 100, 43817
1788005447,1, 100, 43801
1788005447,2, 100, 43801
1788005447,3, 100, 43801
1788005462,0, 100, 43817
1788005462,1, 100, 43801
1788005462,2, 100, 43801
1788005462,3, 100, 43801
1788005477,0, 100, 43817
1788005477,1, 100, 43801
1788005477,2, 100, 43801
1788005477,3, 100, 43801
1788005492,0, 99, 43817
1788005492,1, 100, 43801
1788005492,2, 100, 43801
1788005492,3, 100, 43801
1788005507,0, 100, 43817
1788005507,1, 100, 43801
1788005507,2, 100, 43801
1788005507,3, 100, 43801
1788005522,0, 100, 43817
1788005522,1, 100, 43801
1788005522,2, 100, 43801
1788005522,3, 100, 43801
1788005537,0, 100, 43817
1788005537,1, 100, 43801
1788005537,2, 100, 43801
1788005537,3, 100, 43801
1788005552,0, 100, 43817
1788005552,1, 100, 43801
1788005552,2, 100, 43801
1788005552,3, 100, 43801
1788005567,0, 100, 43817
1788005567,1, 100, 43801
1788005567,2, 100, 43801
1788005567,3, 100, 43801
1788005582,0, 100, 43817
1788005582,1, 100, 43801
1788005582,2, 100, 43801
1788005582,3, 100, 43801
1788005597,0, 100, 43817
1788005597,1, 100, 43801
1788005597,2, 100, 43801
1788005597,3, 100, 43801
1788005612,0, 100, 43817
1788005612,1, 99, 43801
1788005612,2, 99, 43801
1788005612,3, 100, 43801
1788005627,0, 100, 43817
1788005627,1, 100, 43801
1788005627,2, 100, 43801
1788005627,3, 100, 43801
1788005643,0, 100, 43817
1788005643,1, 100, 43801
1788005643,2, 100, 43801
1788005643,3, 100, 43801
1788005658,0, 100, 43817
1788005658,1, 100, 43801
1788005658,2, 100, 43801
1788005658,3, 100, 43801
1788005673,0, 100, 43817
1788005673,1, 100, 43801
1788005673,2, 100, 43801
1788005673,3, 100, 43801
1788005688,0, 100, 43817
1788005688,1, 100, 43801
1788005688,2, 100, 43801
1788005688,3, 100, 43801
1788005703,0, 100, 43817
1788005703,1, 100, 43801
1788005703,2, 100, 43801
1788005703,3, 100, 43801
1788005718,0, 100, 43817
1788005718,1, 100, 43801
1788005718,2, 95, 43801
1788005718,3, 100, 43801
1788005733,0, 100, 43817
1788005733,1, 100, 43801
1788005733,2, 100, 43801
1788005733,3, 100, 43801
1788005748,0, 100, 43817
1788005748,1, 100, 43801
1788005748,2, 100, 43801
1788005748,3, 100, 43801
1788005763,0, 100, 43817
1788005763,1, 100, 43801
1788005763,2, 100, 43801
1788005763,3, 100, 43801
1788005778,0, 100, 43817
1788005778,1, 100, 43801
1788005778,2, 100, 43801
1788005778,3, 100, 43801
1788005794,0, 100, 43817
1788005794,1, 100, 43801
1788005794,2, 100, 43801
1788005794,3, 100, 43801
1788005809,0, 100, 43817
1788005809,1, 100, 43801
1788005809,2, 100, 43801
1788005809,3, 100, 43801
1788005824,0, 100, 43817
1788005824,1, 100, 43801
1788005824,2, 100, 43801
1788005824,3, 100, 43801
1788005839,0, 100, 43817
1788005839,1, 99, 43801
1788005839,2, 100, 43801
1788005839,3, 99, 43801
1788005854,0, 100, 43817
1788005854,1, 100, 43801
1788005854,2, 100, 43801
1788005854,3, 100, 43801
1788005869,0, 100, 43817
1788005869,1, 100, 43801
1788005869,2, 100, 43801
1788005869,3, 100, 43801
1788005884,0, 100, 43817
1788005884,1, 100, 43801
1788005884,2, 100, 43801
1788005884,3, 100, 43801
1788005899,0, 100, 43817
1788005899,1, 100, 43801
1788005899,2, 100, 43801
1788005899,3, 100, 43801
1788005914,0, 100, 43817
1788005914,1, 100, 43801
1788005914,2, 100, 43801
1788005914,3, 100, 43801
1788005929,0, 100, 43817
1788005929,1, 100, 43801
1788005929,2, 100, 43801
1788005929,3, 100, 43801
1788005944,0, 100, 43817
1788005944,1, 100, 43801
1788005944,2, 100, 43801
1788005944,3, 100, 43801
1788005959,0, 100, 43817
1788005959,1, 100, 43801
1788005959,2, 100, 43801
1788005959,3, 100, 43801
1788005975,0, 100, 43817
1788005975,1, 100, 43801
1788005975,2, 100, 43801
1788005975,3, 100, 43801
1788005990,0, 100, 43817
1788005990,1, 100, 43801
1788005990,2, 100, 43801
1788005990,3, 100, 43801
1788006005,0, 100, 43817
1788006005,1, 100, 43801
1788006005,2, 100, 43801
1788006005,3, 100, 43801
1788006020,0, 100, 43817
1788006020,1, 100, 43801
1788006020,2, 100, 43801
1788006020,3, 100, 43801
1788006035,0, 100, 43817
1788006035,1, 100, 43801
1788006035,2, 100, 43801
1788006035,3, 100, 43801
1788006050,0, 100, 43817
1788006050,1, 100, 43801
1788006050,2, 100, 43801
1788006050,3, 100, 43801
1788006065,0, 0, 43817
1788006065,1, 0, 43801
1788006065,2, 50, 43801
1788006065,3, 0, 43801
1788006080,0, 100, 43817
1788006080,1, 100, 43801
1788006080,2, 100, 43801
1788006080,3, 100, 43801
1788006095,0, 100, 43817
1788006095,1, 100, 43801
1788006095,2, 100, 43801
1788006095,3, 100, 43801
1788006110,0, 100, 43817
1788006110,1, 100, 43801
1788006110,2, 100, 43801
1788006110,3, 100, 43801
1788006125,0, 100, 43817
1788006125,1, 100, 43801
1788006125,2, 100, 43801
1788006125,3, 100, 43801
1788006140,0, 100, 43817
1788006140,1, 100, 43801
1788006140,2, 100, 43801
1788006140,3, 100, 43801
1788006156,0, 100, 43817
1788006156,1, 100, 43801
1788006156,2, 100, 43801
1788006156,3, 100, 43801
1788006171,0, 100, 43817
1788006171,1, 100, 43801
1788006171,2, 100, 43801
1788006171,3, 100, 43801
1788006186,0, 100, 43817
1788006186,1, 100, 43801
1788006186,2, 100, 43801
1788006186,3, 100, 43801
1788006201,0, 100, 43817
1788006201,1, 100, 43801
1788006201,2, 100, 43801
1788006201,3, 100, 43801
1788006216,0, 100, 43817
1788006216,1, 100, 43801
1788006216,2, 100, 43801
1788006216,3, 100, 43801
1788006231,0, 100, 43817
1788006231,1, 100, 43801
1788006231,2, 100, 43801
1788006231,3, 100, 43801
1788006246,0, 100, 43817
1788006246,1, 100, 43801
1788006246,2, 100, 43801
1788006246,3, 100, 43801
1788006261,0, 100, 43817
1788006261,1, 100, 43801
1788006261,2, 100, 43801
1788006261,3, 100, 43801
1788006276,0, 100, 43817
1788006276,1, 100, 43801
1788006276,2, 100, 43801
1788006276,3, 100, 43801
1788006291,0, 100, 43817
1788006291,1, 100, 43801
1788006291,2, 100, 43801
1788006291,3, 100, 43801
1788006306,0, 100, 43817
1788006306,1, 100, 43801
1788006306,2, 100, 43801
1788006306,3, 100, 43801
1788006322,0, 100, 43817
1788006322,1, 100, 43801
1788006322,2, 100, 43801
1788006322,3, 100, 43801
1788006337,0, 100, 43817
1788006337,1, 100, 43801
1788006337,2, 100, 43801
1788006337,3, 100, 43801
1788006352,0, 100, 43817
1788006352,1, 100, 43801
1788006352,2, 100, 43801
1788006352,3, 100, 43801
1788006367,0, 100, 43817
1788006367,1, 100, 43801
1788006367,2, 100, 43801
1788006367,3, 100, 43801
1788006382,0, 100, 43817
1788006382,1, 100, 43801
1788006382,2, 100, 43801
1788006382,3, 100, 43801
1788006397,0, 100, 43817
1788006397,1, 100, 43801
1788006397,2, 100, 43801
1788006397,3, 100, 43801
1788006412,0, 87, 43817
1788006412,1, 100, 43801
1788006412,2, 100, 43801
1788006412,3, 49, 43801
1788006427,0, 100, 43817
1788006427,1, 100, 43801
1788006427,2, 100, 43801
1788006427,3, 100, 43801
1788006442,0, 100, 43817
1788006442,1, 100, 43801
1788006442,2, 100, 43801
1788006442,3, 100, 43801
1788006457,0, 100, 43817
1788006457,1, 100, 43801
1788006457,2, 100, 43801
1788006457,3, 100, 43801
1788006472,0, 100, 43817
1788006472,1, 100, 43801
1788006472,2, 100, 43801
1788006472,3, 100, 43801
1788006488,0, 100, 43817
1788006488,1, 100, 43801
1788006488,2, 100, 43801
1788006488,3, 100, 43801
1788006503,0, 100, 43817
1788006503,1, 100, 43801
1788006503,2, 100, 43801
1788006503,3, 100, 43801
1788006518,0, 100, 43817
1788006518,1, 100, 43801
1788006518,2, 100, 43801
1788006518,3, 100, 43801
1788006533,0, 100, 43817
1788006533,1, 100, 43801
1788006533,2, 100, 43801
1788006533,3, 100, 43801
1788006548,0, 100, 43817
1788006548,1, 100, 43801
1788006548,2, 100, 43801
1788006548,3, 100, 43801
1788006563,0, 100, 43817
1788006563,1, 100, 43801
1788006563,2, 100, 43801
1788006563,3, 100, 43801
1788006578,0, 100, 43817
1788006578,1, 100, 43801
1788006578,2, 100, 43801
1788006578,3, 100, 43801
1788006593,0, 100, 43817
1788006593,1, 100, 43801
1788006593,2, 100, 43801
1788006593,3, 100, 43801
1788006608,0, 100, 43817
1788006608,1, 100, 43801
1788006608,2, 100, 43801
1788006608,3, 100, 43801
1788006623,0, 100, 43817
1788006623,1, 100, 43801
1788006623,2, 100, 43801
1788006623,3, 100, 43801
1788006639,0, 100, 43817
1788006639,1, 100, 43801
1788006639,2, 100, 43801
1788006639,3, 100, 43801
1788006654,0, 100, 43817
1788006654,1, 100, 43801
1788006654,2, 100, 43801
1788006654,3, 100, 43801
1788006669,0, 100, 43817
1788006669,1, 100, 43801
1788006669,2, 100, 43801
1788006669,3, 100, 43801
1788006684,0, 100, 43817
1788006684,1, 100, 43801
1788006684,2, 100, 43801
1788006684,3, 100, 43801
1788006699,0, 100, 43817
1788006699,1, 100, 43801
1788006699,2, 100, 43801
1788006699,3, 100, 43801
1788006714,0, 100, 43817
1788006714,1, 100, 43801
1788006714,2, 100, 43801
1788006714,3, 100, 43801
1788006729,0, 100, 43817
1788006729,1, 100, 43801
1788006729,2, 100, 43801
1788006729,3, 100, 43801
1788006744,0, 100, 43817
1788006744,1, 100, 43801
1788006744,2, 100, 43801
1788006744,3, 100, 43801
1788006759,0, 100, 43817
1788006759,1, 100, 43801
1788006759,2, 100, 43801
1788006759,3, 100, 43801
1788006774,0, 100, 43817
1788006774,1, 100, 43801
1788006774,2, 100, 43801
1788006774,3, 100, 43801
1788006790,0, 100, 43817
1788006790,1, 100, 43801
1788006790,2, 100, 43801
1788006790,3, 100, 43801
1788006805,0, 100, 43817
1788006805,1, 100, 43801
1788006805,2, 100, 43801
1788006805,3, 100, 43801
1788006820,0, 100, 43817
1788006820,1, 100, 43801
1788006820,2, 100, 43801
1788006820,3, 100, 43801
1788006835,0, 100, 43817
1788006835,1, 100, 43801
1788006835,2, 100, 43801
1788006835,3, 100, 43801
1788006850,0, 100, 43817
1788006850,1, 100, 43801
1788006850,2, 100, 43801
1788006850,3, 100, 43801
1788006865,0, 100, 43817
1788006865,1, 99, 43801
1788006865,2, 100, 43801
1788006865,3, 100, 43801
1788006880,0, 100, 43817
1788006880,1, 100, 43801
1788006880,2, 100, 43801
1788006880,3, 100, 43801
1788006895,0, 100, 43817
1788006895,1, 100, 43801
1788006895,2, 100, 43801
1788006895,3, 100, 43801
1788006911,0, 100, 43817
1788006911,1, 100, 43801
1788006911,2, 100, 43801
1788006911,3, 100, 43801
1788006926,0, 100, 43817
1788006926,1, 100, 43801
1788006926,2, 100, 43801
1788006926,3, 100, 43801
1788006941,0, 100, 43817
1788006941,1, 100, 43801
1788006941,2, 100, 43801
1788006941,3, 100, 43801
1788006956,0, 100, 43817
1788006956,1, 100, 43801
1788006956,2, 100, 43801
1788006956,3, 100, 43801
1788006971,0, 100, 43817
1788006971,1, 100, 43801
1788006971,2, 100, 43801
1788006971,3, 100, 43801
1788006986,0, 100, 43817
1788006986,1, 100, 43801
1788006986,2, 100, 43801
1788006986,3, 100, 43801
1788007001,0, 100, 43817
1788007001,1, 100, 43801
1788007001,2, 100, 43801
1788007001,3, 100, 43801
1788007016,0, 100, 43817
1788007016,1, 100, 43801
1788007016,2, 100, 43801
1788007016,3, 100, 43801
1788007031,0, 100, 43817
1788007031,1, 100, 43801
1788007031,2, 100, 43801
1788007031,3, 100, 43801
1788007047,0, 100, 43817
1788007047,1, 100, 43801
1788007047,2, 100, 43801
1788007047,3, 100, 43801
1788007062,0, 100, 43817
1788007062,1, 100, 43801
1788007062,2, 100, 43801
1788007062,3, 100, 43801
1788007077,0, 100, 43817
1788007077,1, 100, 43801
1788007077,2, 100, 43801
1788007077,3, 100, 43801
1788007092,0, 100, 43817
1788007092,1, 99, 43801
1788007092,2, 100, 43801
1788007092,3, 100, 43801
1788007107,0, 100, 43817
1788007107,1, 100, 43801
1788007107,2, 100, 43801
1788007107,3, 100, 43801
1788007122,0, 100, 43817
1788007122,1, 100, 43801
1788007122,2, 100, 43801
1788007122,3, 100, 43801
1788007137,0, 100, 43817
1788007137,1, 100, 43801
1788007137,2, 100, 43801
1788007137,3, 100, 43801
1788007152,0, 100, 43817
1788007152,1, 100, 43801
1788007152,2, 100, 43801
1788007152,3, 100, 43801
1788007167,0, 100, 43817
1788007167,1, 100, 43801
1788007167,2, 100, 43801
1788007167,3, 100, 43801
1788007182,0, 100, 43817
1788007182,1, 100, 43801
1788007182,2, 100, 43801
1788007182,3, 100, 43801
1788007198,0, 100, 43817
1788007198,1, 100, 43801
1788007198,2, 100, 43801
1788007198,3, 100, 43801
1788007213,0, 100, 43817
1788007213,1, 100, 43801
1788007213,2, 100, 43801
1788007213,3, 100, 43801
1788007228,0, 100, 43817
1788007228,1, 100, 43801
1788007228,2, 100, 43801
1788007228,3, 100, 43801
1788007243,0, 100, 43817
1788007243,1, 100, 43801
1788007243,2, 100, 43801
1788007243,3, 100, 43801
1788007258,0, 100, 43817
1788007258,1, 100, 43801
1788007258,2, 100, 43801
1788007258,3, 100, 43801
1788007273,0, 100, 43817
1788007273,1, 100, 43801
1788007273,2, 100, 43801
1788007273,3, 100, 43801
1788007288,0, 100, 43817
1788007288,1, 100, 43801
1788007288,2, 100, 43801
1788007288,3, 100, 43801
1788007304,0, 100, 43817
1788007304,1, 100, 43801
1788007304,2, 100, 43801
1788007304,3, 100, 43801
1788007319,0, 100, 43817
1788007319,1, 100, 43801
1788007319,2, 100, 43801
1788007319,3, 100, 43801
1788007334,0, 100, 43817
1788007334,1, 100, 43801
1788007334,2, 100, 43801
1788007334,3, 100, 43801
1788007349,0, 100, 43817
1788007349,1, 100, 43801
1788007349,2, 100, 43801
1788007349,3, 100, 43801
1788007364,0, 100, 43817
1788007364,1, 100, 43801
1788007364,2, 100, 43801
1788007364,3, 100, 43801
1788007379,0, 100, 43817
1788007379,1, 100, 43801
1788007379,2, 100, 43801
1788007379,3, 100, 43801
1788007394,0, 100, 43817
1788007394,1, 100, 43801
1788007394,2, 100, 43801
1788007394,3, 100, 43801
1788007409,0, 100, 43817
1788007409,1, 100, 43801
1788007409,2, 100, 43801
1788007409,3, 100, 43801
1788007424,0, 100, 43817
1788007424,1, 100, 43801
1788007424,2, 100, 43801
1788007424,3, 100, 43801
1788007439,0, 100, 43817
1788007439,1, 100, 43801
1788007439,2, 100, 43801
1788007439,3, 100, 43801
1788007454,0, 100, 43817
1788007454,1, 100, 43801
1788007454,2, 100, 43801
1788007454,3, 100, 43801
1788007470,0, 100, 43817
1788007470,1, 100, 43801
1788007470,2, 100, 43801
1788007470,3, 100, 43801
1788007485,0, 100, 43817
1788007485,1, 100, 43801
1788007485,2, 100, 43801
1788007485,3, 100, 43801
1788007500,0, 100, 43817
1788007500,1, 100, 43801
1788007500,2, 100, 43801
1788007500,3, 100, 43801
1788007515,0, 100, 43817
1788007515,1, 100, 43801
1788007515,2, 100, 43801
1788007515,3, 100, 43801
1788007530,0, 100, 43817
1788007530,1, 100, 43801
1788007530,2, 100, 43801
1788007530,3, 100, 43801
1788007545,0, 100, 43817
1788007545,1, 100, 43801
1788007545,2, 100, 43801
1788007545,3, 100, 43801
1788007560,0, 100, 43817
1788007560,1, 100, 43801
1788007560,2, 100, 43801
1788007560,3, 100, 43801
1788007575,0, 100, 43817
1788007575,1, 100, 43801
1788007575,2, 100, 43801
1788007575,3, 100, 43801
1788007590,0, 100, 43817
1788007590,1, 100, 43801
1788007590,2, 100, 43801
1788007590,3, 100, 43801
1788007605,0, 100, 43817
1788007605,1, 100, 43801
1788007605,2, 100, 43801
1788007605,3, 100, 43801
1788007620,0, 100, 43817
1788007620,1, 100, 43801
1788007620,2, 100, 43801
1788007620,3, 100, 43801
1788007635,0, 100, 43817
1788007635,1, 99, 43801
1788007635,2, 99, 43801
1788007635,3, 99, 43801
1788007650,0, 100, 43817
1788007650,1, 100, 43801
1788007650,2, 100, 43801
1788007650,3, 100, 43801
1788007666,0, 100, 43817
1788007666,1, 100, 43801
1788007666,2, 100, 43801
1788007666,3, 100, 43801
1788007681,0, 100, 43817
1788007681,1, 100, 43801
1788007681,2, 100, 43801
1788007681,3, 100, 43801
1788007696,0, 100, 43817
1788007696,1, 100, 43801
1788007696,2, 100, 43801
1788007696,3, 100, 43801
1788007711,0, 100, 43817
1788007711,1, 100, 43801
1788007711,2, 100, 43801
1788007711,3, 100, 43801
1788007726,0, 100, 43817
1788007726,1, 100, 43801
1788007726,2, 100, 43801
1788007726,3, 100, 43801
1788007741,0, 100, 43817
1788007741,1, 100, 43801
1788007741,2, 100, 43801
1788007741,3, 100, 43801
1788007756,0, 100, 43817
1788007756,1, 100, 43801
1788007756,2, 100, 43801
1788007756,3, 100, 43801
1788007771,0, 100, 43817
1788007771,1, 100, 43801
1788007771,2, 100, 43801
1788007771,3, 100, 43801
1788007786,0, 100, 43817
1788007786,1, 100, 43801
1788007786,2, 100, 43801
1788007786,3, 100, 43801
1788007801,0, 100, 43817
1788007801,1, 100, 43801
1788007801,2, 100, 43801
1788007801,3, 100, 43801
1788007816,0, 100, 43817
1788007816,1, 100, 43801
1788007816,2, 100, 43801
1788007816,3, 100, 43801
1788007832,0, 100, 43817
1788007832,1, 100, 43801
1788007832,2, 100, 43801
1788007832,3, 100, 43801
1788007847,0, 100, 43817
1788007847,1, 100, 43801
1788007847,2, 100, 43801
1788007847,3, 100, 43801
1788007862,0, 100, 43817
1788007862,1, 100, 43801
1788007862,2, 100, 43801
1788007862,3, 100, 43801
1788007877,0, 100, 43817
1788007877,1, 100, 43801
1788007877,2, 100, 43801
1788007877,3, 100, 43801
1788007892,0, 100, 43817
1788007892,1, 100, 43801
1788007892,2, 100, 43801
1788007892,3, 100, 43801
1788007907,0, 100, 43817
1788007907,1, 100, 43801
1788007907,2, 100, 43801
1788007907,3, 100, 43801
1788007922,0, 100, 43817
1788007922,1, 100, 43801
1788007922,2, 100, 43801
1788007922,3, 100, 43801
1788007937,0, 100, 43817
1788007937,1, 100, 43801
1788007937,2, 100, 43801
1788007937,3, 100, 43801
1788007952,0, 100, 43817
1788007952,1, 100, 43801
1788007952,2, 100, 43801
1788007952,3, 100, 43801
1788007967,0, 100, 43817
1788007967,1, 100, 43801
1788007967,2, 99, 43801
1788007967,3, 99, 43801
1788007982,0, 100, 43817
1788007982,1, 100, 43801
1788007982,2, 100, 43801
1788007982,3, 100, 43801
1788007998,0, 100, 43817
1788007998,1, 100, 43801
1788007998,2, 100, 43801
1788007998,3, 100, 43801
1788008013,0, 100, 43817
1788008013,1, 100, 43801
1788008013,2, 100, 43801
1788008013,3, 100, 43801
1788008028,0, 100, 43817
1788008028,1, 100, 43801
1788008028,2, 100, 43801
1788008028,3, 100, 43801
1788008043,0, 100, 43817
1788008043,1, 100, 43801
1788008043,2, 100, 43801
1788008043,3, 100, 43801
1788008058,0, 100, 43817
1788008058,1, 100, 43801
1788008058,2, 100, 43801
1788008058,3, 100, 43801
1788008073,0, 100, 43817
1788008073,1, 100, 43801
1788008073,2, 100, 43801
1788008073,3, 100, 43801
1788008088,0, 100, 43817
1788008088,1, 100, 43801
1788008088,2, 100, 43801
1788008088,3, 100, 43801
1788008103,0, 100, 43817
1788008103,1, 100, 43801
1788008103,2, 100, 43801
1788008103,3, 100, 43801
1788008118,0, 100, 43817
1788008118,1, 100, 43801
1788008118,2, 100, 43801
1788008118,3, 100, 43801
1788008133,0, 100, 43817
1788008133,1, 100, 43801
1788008133,2, 100, 43801
1788008133,3, 100, 43801
1788008149,0, 100, 43817
1788008149,1, 100, 43801
1788008149,2, 100, 43801
1788008149,3, 100, 43801
1788008164,0, 100, 43817
1788008164,1, 100, 43801
1788008164,2, 100, 43801
1788008164,3, 100, 43801
1788008179,0, 100, 43817
1788008179,1, 100, 43801
1788008179,2, 100, 43801
1788008179,3, 99, 43801
1788008194,0, 100, 43817
1788008194,1, 100, 43801
1788008194,2, 100, 43801
1788008194,3, 100, 43801
1788008209,0, 100, 43817
1788008209,1, 100, 43801
1788008209,2, 100, 43801
1788008209,3, 100, 43801
1788008224,0, 100, 43817
1788008224,1, 100, 43801
1788008224,2, 100, 43801
1788008224,3, 100, 43801
1788008239,0, 100, 43817
1788008239,1, 100, 43801
1788008239,2, 100, 43801
1788008239,3, 100, 43801
1788008254,0, 100, 43817
1788008254,1, 100, 43801
1788008254,2, 100, 43801
1788008254,3, 100, 43801
1788008269,0, 100, 43817
1788008269,1, 100, 43801
1788008269,2, 100, 43801
1788008269,3, 100, 43801
1788008284,0, 100, 43817
1788008284,1, 100, 43801
1788008284,2, 100, 43801
1788008284,3, 100, 43801
1788008299,0, 100, 43817
1788008299,1, 100, 43801
1788008299,2, 100, 43801
1788008299,3, 100, 43801
1788008315,0, 100, 43817
1788008315,1, 100, 43801
1788008315,2, 100, 43801
1788008315,3, 100, 43801
1788008330,0, 100, 43817
1788008330,1, 100, 43801
1788008330,2, 100, 43801
1788008330,3, 100, 43801
1788008345,0, 100, 43817
1788008345,1, 100, 43801
1788008345,2, 100, 43801
1788008345,3, 100, 43801
1788008360,0, 100, 43817
1788008360,1, 100, 43801
1788008360,2, 100, 43801
1788008360,3, 100, 43801
1788008375,0, 100, 43817
1788008375,1, 100, 43801
1788008375,2, 100, 43801
1788008375,3, 100, 43801
1788008390,0, 100, 43817
1788008390,1, 100, 43801
1788008390,2, 100, 43801
1788008390,3, 100, 43801
1788008405,0, 100, 43817
1788008405,1, 100, 43801
1788008405,2, 100, 43801
1788008405,3, 100, 43801
1788008420,0, 100, 43817
1788008420,1, 100, 43801
1788008420,2, 100, 43801
1788008420,3, 100, 43801
1788008435,0, 100, 43817
1788008435,1, 100, 43801
1788008435,2, 100, 43801
1788008435,3, 100, 43801
1788008450,0, 100, 43817
1788008450,1, 100, 43801
1788008450,2, 100, 43801
1788008450,3, 100, 43801
1788008465,0, 100, 43817
1788008465,1, 100, 43801
1788008465,2, 100, 43801
1788008465,3, 100, 43801
1788008481,0, 100, 43817
1788008481,1, 100, 43801
1788008481,2, 100, 43801
1788008481,3, 100, 43801
1788008496,0, 100, 43817
1788008496,1, 100, 43801
1788008496,2, 100, 43801
1788008496,3, 100, 43801
1788008511,0, 99, 43817
1788008511,1, 100, 43801
1788008511,2, 100, 43801
1788008511,3, 100, 43801
1788008526,0, 100, 43817
1788008526,1, 100, 43801
1788008526,2, 100, 43801
1788008526,3, 100, 43801
1788008541,0, 100, 43817
1788008541,1, 100, 43801
1788008541,2, 100, 43801
1788008541,3, 100, 43801
1788008556,0, 100, 43817
1788008556,1, 100, 43801
1788008556,2, 100, 43801
1788008556,3, 100, 43801
1788008571,0, 100, 43817
1788008571,1, 100, 43801
1788008571,2, 100, 43801
1788008571,3, 100, 43801
1788008586,0, 100, 43817
1788008586,1, 100, 43801
1788008586,2, 100, 43801
1788008586,3, 100, 43801
1788008601,0, 100, 43817
1788008601,1, 100, 43801
1788008601,2, 100, 43801
1788008601,3, 100, 43801
1788008616,0, 100, 43817
1788008616,1, 100, 43801
1788008616,2, 100, 43801
1788008616,3, 100, 43801
1788008631,0, 100, 43817
1788008631,1, 100, 43801
1788008631,2, 100, 43801
1788008631,3, 100, 43801
1788008646,0, 100, 43817
1788008646,1, 100, 43801
1788008646,2, 100, 43801
1788008646,3, 100, 43801
1788008662,0, 100, 43817
1788008662,1, 100, 43801
1788008662,2, 100, 43801
1788008662,3, 100, 43801
1788008677,0, 100, 43817
1788008677,1, 100, 43801
1788008677,2, 100, 43801
1788008677,3, 100, 43801
1788008692,0, 100, 43817
1788008692,1, 100, 43801
1788008692,2, 100, 43801
1788008692,3, 100, 43801
1788008707,0, 100, 43817
1788008707,1, 100, 43801
1788008707,2, 100, 43801
1788008707,3, 100, 43801
1788008722,0, 100, 43817
1788008722,1, 100, 43801
1788008722,2, 100, 43801
1788008722,3, 100, 43801
1788008737,0, 100, 43817
1788008737,1, 100, 43801
1788008737,2, 99, 43801
1788008737,3, 100, 43801
1788008752,0, 100, 43817
1788008752,1, 100, 43801
1788008752,2, 100, 43801
1788008752,3, 100, 43801
1788008767,0, 100, 43817
1788008767,1, 100, 43801
1788008767,2, 100, 43801
1788008767,3, 100, 43801
1788008782,0, 100, 43817
1788008782,1, 100, 43801
1788008782,2, 100, 43801
1788008782,3, 100, 43801
1788008797,0, 100, 43817
1788008797,1, 100, 43801
1788008797,2, 100, 43801
1788008797,3, 100, 43801
1788008812,0, 100, 43817
1788008812,1, 100, 43801
1788008812,2, 100, 43801
1788008812,3, 100, 43801
1788008828,0, 100, 43817
1788008828,1, 100, 43801
1788008828,2, 100, 43801
1788008828,3, 100, 43801
1788008843,0, 100, 43817
1788008843,1, 100, 43801
1788008843,2, 100, 43801
1788008843,3, 100, 43801
1788008858,0, 100, 43817
1788008858,1, 100, 43801
1788008858,2, 100, 43801
1788008858,3, 100, 43801
1788008873,0, 100, 43817
1788008873,1, 100, 43801
1788008873,2, 100, 43801
1788008873,3, 100, 43801
1788008888,0, 100, 43817
1788008888,1, 100, 43801
1788008888,2, 100, 43801
1788008888,3, 100, 43801
1788008903,0, 100, 43817
1788008903,1, 100, 43801
1788008903,2, 100, 43801
1788008903,3, 100, 43801
1788008918,0, 100, 43817
1788008918,1, 100, 43801
1788008918,2, 100, 43801
1788008918,3, 100, 43801
1788008933,0, 100, 43817
1788008933,1, 100, 43801
1788008933,2, 100, 43801
1788008933,3, 100, 43801
1788008948,0, 100, 43817
1788008948,1, 100, 43801
1788008948,2, 100, 43801
1788008948,3, 100, 43801
1788008963,0, 100, 43817
1788008963,1, 100, 43801
1788008963,2, 100, 43801
1788008963,3, 100, 43801
1788008978,0, 100, 43817
1788008978,1, 100, 43801
1788008978,2, 100, 43801
1788008978,3, 100, 43801
1788008993,0, 100, 43817
1788008993,1, 100, 43801
1788008993,2, 100, 43801
1788008993,3, 100, 43801
1788009008,0, 100, 43817
1788009008,1, 100, 43801
1788009008,2, 100, 43801
1788009008,3, 100, 43801
1788009024,0, 100, 43817
1788009024,1, 100, 43801
1788009024,2, 100, 43801
1788009024,3, 100, 43801
1788009039,0, 0, 43817
1788009039,1, 0, 43801
1788009039,2, 0, 43801
1788009039,3, 0, 43801
1788009054,0, 0, 43817
1788009054,1, 0, 43801
1788009054,2, 0, 43801
1788009054,3, 0, 43801
1788009069,0, 0, 587
1788009069,1, 0, 571
1788009069,2, 0, 571
1788009069,3, 0, 571
