warning: The `tool.uv.dev-dependencies` field (used in `packages/openpi-client/pyproject.toml`) is deprecated and will be removed in a future release; use `dependency-groups.dev` instead
INFO:2026-09-14 13:04:42,463:jax._src.xla_bridge:925: Unable to initialize backend 'rocm': module 'jaxlib.xla_extension' has no attribute 'GpuAllocatorConfig'
INFO:jax._src.xla_bridge:Unable to initialize backend 'rocm': module 'jaxlib.xla_extension' has no attribute 'GpuAllocatorConfig'
INFO:2026-09-14 13:04:42,464:jax._src.xla_bridge:925: Unable to initialize backend 'tpu': INTERNAL: Failed to open libtpu.so: libtpu.so: cannot open shared object file: No such file or directory
INFO:jax._src.xla_bridge:Unable to initialize backend 'tpu': INTERNAL: Failed to open libtpu.so: libtpu.so: cannot open shared object file: No such file or directory
INFO:root:Checking history config
INFO:absl:orbax-checkpoint version: 0.11.13
INFO:absl:Created BasePyTreeCheckpointHandler: use_ocdbt=True, use_zarr3=False, pytree_metadata_options=PyTreeMetadataOptions(support_rich_types=False), array_metadata_store=<orbax.checkpoint._src.metadata.array_metadata_store.Store object at 0x7fa143977250>
INFO:absl:Restoring checkpoint from /scratch/hongze/robomme_policy_learning_MotionJEPA/v1-store/train-runs/t8-m8-b/mme_vla_suite/t8-m8-b/999/params.
INFO:absl:[thread=MainThread] Failed to get flag value for EXPERIMENTAL_ORBAX_USE_DISTRIBUTED_PROCESS_ID.
INFO:absl:[process=0] /jax/checkpoint/read/bytes_per_sec: 923.9 MiB/s (total bytes: 6.3 GiB) (time elapsed: 6 seconds) (per-host)
INFO:absl:Finished restoring checkpoint in 6.94 seconds from /scratch/hongze/robomme_policy_learning_MotionJEPA/v1-store/train-runs/t8-m8-b/mme_vla_suite/t8-m8-b/999/params.
INFO:root:Loading model...
max_token_len:  64
====== Using History, Representation Type: perceptual , Integration Type: context ======
Perceptual Memory using frame_sampling type

max_token_len: 64
INFO:root:Loaded norm stats from v1-store/train-assets/mme_vla_suite/robomme-400ep/robomme
INFO:root:Loaded norm stats from /scratch/hongze/robomme_policy_learning_MotionJEPA/v1-store/train-runs/t8-m8-b/mme_vla_suite/t8-m8-b/999/assets/robomme
Training config:  TrainConfig(name='mme_vla_suite_b128', project_name='robomme-framesamp', exp_name=<PropagatingMissingType id='140322520210896'>, model=HistoryPi0Config(action_dim=32, action_horizon=20, max_token_len=64, dtype='bfloat16', paligemma_variant='gemma_2b', action_expert_variant='gemma_300m', pi05=True, discrete_state_input=False, memory_expert_variant='gemma_150m', use_history=True, history_config={'budget': 512, 'num_views': 1, 'token_per_image': 64, 'streaming_obs_horizon': 16, 'pool_type': 'mean', 'use_pos_emb': True, 'use_state_emb': False, 'memory_feature': {'img': {'net': 'identity', 'input_dim': 2048}, 'pos': {'input_dim': 768, 'hidden_dim': 768}, 'state': {'input_dim': 8, 'hidden_dim': 512}}, 'integration_type': 'context', 'memory_token_dim': 2048, 'representation_type': 'perceptual', 'perceptual_memory': {'type': 'frame_sampling'}, 'motion': {'enabled': True, 'dim': 768, 'budget': 96, 'stride': 16, 'window_frames': 33, 'window_direction': 'forward', 'grid_origin': 'segment_start', 'store_path': 'v1-store/datasets/4task-motion-40ep/motion', 'source_run': 'wan-v8-filter10-72ep-a/checkpoint_epoch_72.pt#encoder', 'pos_dim': 256, 'frame_size': 256, 'online_gpu': 4}}), weight_loader=CheckpointWeightLoader(params_path='/scratch/hongze/robomme_policy_learning_MotionJEPA/v1-store/models/openpi-assets/checkpoints/pi05_base/params'), pytorch_weight_path=None, pytorch_training_precision='bfloat16', lr_schedule=CosineDecaySchedule(warmup_steps=5000, peak_lr=0.0001, decay_steps=50000, decay_lr=0.0001), optimizer=AdamW(b1=0.9, b2=0.95, eps=1e-08, weight_decay=1e-10, clip_gradient_norm=1.0), ema_decay=0.999, freeze_filter=PathRegex(pattern=re.compile('.*img.*'), sep='/'), data=RoboMMEDataConfig(repo_id='robomme', assets=AssetsConfig(assets_dir='v1-store/train-assets/mme_vla_suite/robomme-400ep', asset_id='robomme'), base_config=DataConfig(repo_id=None, asset_id=None, norm_stats=None, repack_transforms=Group(inputs=(), outputs=()), data_transforms=Group(inputs=(), outputs=()), model_transforms=Group(inputs=(), outputs=()), use_quantile_norm=False, action_sequence_keys=('actions',), prompt_from_task=True, rlds_data_dir=None, action_space=None, filter_dict_path=None)), assets_base_dir='runs/assets', checkpoint_base_dir='runs/ckpts', seed=42, batch_size=128, num_workers=8, num_train_steps=40000, log_interval=100, save_interval=5000, keep_period=5000, overwrite=False, resume=False, wandb_enabled=True, policy_metadata=None, fsdp_devices=4, resum_ckpt_id=None, dataset_path='data/robomme')
Data config:  DataConfig(repo_id='robomme', asset_id='robomme', norm_stats={'state': NormStats(mean=array([ 4.14213212e-03,  2.95316875e-01,  2.81171501e-03, -2.09527302e+00,
        5.09165053e-04,  2.39044905e+00,  7.91704059e-01,  2.64126267e-02]), std=array([0.10681286, 0.31786537, 0.07478532, 0.48271781, 0.04616816,
       0.34543198, 0.40309104, 0.01649354]), q01=array([-0.2115381 , -0.21799494, -0.15527991, -2.81375072, -0.13752411,
        1.57079637, -0.17353815,  0.        ]), q99=array([ 0.26063799,  1.015885  ,  0.16945301, -1.03784064,  0.12187375,
        3.03210984,  1.80900472,  0.039992  ])), 'actions': NormStats(mean=array([ 8.22788454e-04,  2.01418120e-02, -2.85705464e-05, -8.36590212e-03,
       -1.12210531e-04,  2.80541796e-02,  8.23505805e-04,  6.54151067e-02]), std=array([0.03591497, 0.13662103, 0.03267474, 0.15376154, 0.02708418,
       0.15998593, 0.09374132, 0.99785817]), q01=array([-0.13796722, -0.31632186, -0.12670147, -0.59128337, -0.10148964,
       -0.31253482, -0.34689998, -1.        ]), q99=array([0.12307586, 0.40273976, 0.0954464 , 0.52908852, 0.0959089 ,
       0.53904308, 0.34748609, 0.9996    ]))}, repack_transforms=Group(inputs=[RepackTransform(structure={'observation/image': 'image', 'observation/wrist_image': 'wrist_image', 'observation/state': 'state', 'actions': 'actions', 'prompt': 'prompt', 'static_image_emb': 'static_image_emb', 'static_pos_emb': 'static_pos_emb', 'static_state_emb': 'static_state_emb', 'static_mask': 'static_mask', 'motion_emb': 'motion_emb', 'motion_pos': 'motion_pos', 'motion_mask': 'motion_mask', 'mem_order': 'mem_order'})], outputs=()), data_transforms=Group(inputs=(RoboMMEInputs(model_type=<ModelType.PI05: 'pi05'>), DeltaActions(mask=(True, True, True, True, True, True, True, False))), outputs=(AbsoluteActions(mask=(True, True, True, True, True, True, True, False)), RoboMMEOutputs())), model_transforms=Group(inputs=[InjectDefaultPrompt(prompt=None), ResizeImages(height=224, width=224), TokenizePromptWithState(tokenizer=<mme_vla_suite.training.config.PaligemmaTokenizer object at 0x7f9f5019c790>, discrete_state_input=False), PadStatesAndActions(model_action_dim=32)], outputs=()), use_quantile_norm=True, action_sequence_keys=('actions',), prompt_from_task=True, rlds_data_dir=None, action_space=None, filter_dict_path=None)
warning: `VIRTUAL_ENV=.venv` does not match the project environment path `v1-store/venvs/wan` and will be ignored; use `--active` to target the active environment instead
Cannot initialize model with low cpu memory usage because `accelerate` was not found in the environment. Defaulting to `low_cpu_mem_usage=False`. It is strongly recommended to install `accelerate` for faster and less memory-intense model loading. You can do so with:
```
pip install accelerate
```
.
/scratch/hongze/robomme_policy_learning_MotionJEPA/v1-store/venvs/wan/lib/python3.11/site-packages/huggingface_hub/utils/_validators.py:205: UserWarning: The `local_dir_use_symlinks` argument is deprecated and ignored in `hf_hub_download`. Downloading to a local directory does not use symlinks anymore.
  warnings.warn(
[sidecar pid=832983] 模型就绪 warmup=1.86s vae=9980d252230c265c… ckpt=bae960373041629e…
MV_SERVE_ENV cond=normal split=test seed=42 ckpt=/scratch/hongze/robomme_policy_learning_MotionJEPA/v1-store/train-runs/t8-m8-b/mme_vla_suite/t8-m8-b/999 HEAD=a0db6bf53fb5b46b0cb3f0dcbbbe53c670866496 sidecar=on motion_gpu=5 motion=on token_per_image=64 bank_sha=none bank_source=none xla_flags='--xla_gpu_deterministic_ops=true --xla_gpu_autotune_level=0' backend=gpu tasks=ButtonUnmask,VideoUnmask,ButtonUnmaskSwap,VideoUnmaskSwap ep_start=1 ep_stride=4 ep_count=10 plan_len=12 sample_fn=f_sample_none gate=none num_steps=10 build_s=23.3
INFO:root:Creating motion-variance server (host: ip-10-242-11-177.us-west-2.compute.internal, ip: 10.242.11.177)
INFO:websockets.server:server listening on 0.0.0.0:9371
ERROR:websockets.server:opening handshake failed
Traceback (most recent call last):
  File "/scratch/hongze/robomme_policy_learning_MotionJEPA/.venv/lib/python3.11/site-packages/websockets/http11.py", line 138, in parse
    request_line = yield from parse_line(read_line)
                   ^^^^^^^^^^^^^^^^^^^^^^^^^^^^^^^^
  File "/scratch/hongze/robomme_policy_learning_MotionJEPA/.venv/lib/python3.11/site-packages/websockets/http11.py", line 309, in parse_line
    line = yield from read_line(MAX_LINE_LENGTH)
           ^^^^^^^^^^^^^^^^^^^^^^^^^^^^^^^^^^^^^
  File "/scratch/hongze/robomme_policy_learning_MotionJEPA/.venv/lib/python3.11/site-packages/websockets/streams.py", line 46, in read_line
    raise EOFError(f"stream ends after {p} bytes, before end of line")
EOFError: stream ends after 0 bytes, before end of line

The above exception was the direct cause of the following exception:

Traceback (most recent call last):
  File "/scratch/hongze/robomme_policy_learning_MotionJEPA/.venv/lib/python3.11/site-packages/websockets/server.py", line 545, in parse
    request = yield from Request.parse(
              ^^^^^^^^^^^^^^^^^^^^^^^^^
  File "/scratch/hongze/robomme_policy_learning_MotionJEPA/.venv/lib/python3.11/site-packages/websockets/http11.py", line 140, in parse
    raise EOFError("connection closed while reading HTTP request line") from exc
EOFError: connection closed while reading HTTP request line

The above exception was the direct cause of the following exception:

Traceback (most recent call last):
  File "/scratch/hongze/robomme_policy_learning_MotionJEPA/.venv/lib/python3.11/site-packages/websockets/asyncio/server.py", line 356, in conn_handler
    await connection.handshake(
  File "/scratch/hongze/robomme_policy_learning_MotionJEPA/.venv/lib/python3.11/site-packages/websockets/asyncio/server.py", line 207, in handshake
    raise self.protocol.handshake_exc
websockets.exceptions.InvalidMessage: did not receive a valid HTTP request
INFO:websockets.server:connection open
INFO:mme_vla_suite.serving.websocket_policy_server:Connection from ('127.0.0.1', 47962) opened
MV_EPISODE_BEGIN cond=normal split=test seed=42 ep_seq=1 expect=ButtonUnmask:1
INFO:mme_vla_suite.serving.websocket_policy_server:TIMING add_buffer_ms=1083.2 frames=1 exec_start_idx=0
MV_INFER cond=normal split=test task=ButtonUnmask ep=1 ep_seq=1 infer_seq=1 t=0 es=0 k=0 motion_frames=- motion_emb_sha=a3e8328721cbb943 motion_pos_sha=f5952cfc3406b7e9 motion_mask=000000000000000000000000000000000000000000000000000000000000000000000000000000000000000000000000 mem_order_sha=e3d555e881e5b964 motion_cols_sha=05f65c2b46f544eb donor=None cover=exact:0,fallback:0,cycle:0,cross_seg:0 gate=none num_steps=10 act_sha=fe68a1bbbe985611 infer_ms=2678.2
INFO:mme_vla_suite.serving.websocket_policy_server:TIMING infer_ms=2678.2
INFO:mme_vla_suite.serving.websocket_policy_server:TIMING add_buffer_ms=960.0 frames=16 exec_start_idx=0
MV_INFER cond=normal split=test task=ButtonUnmask ep=1 ep_seq=1 infer_seq=2 t=16 es=0 k=0 motion_frames=- motion_emb_sha=a3e8328721cbb943 motion_pos_sha=f5952cfc3406b7e9 motion_mask=000000000000000000000000000000000000000000000000000000000000000000000000000000000000000000000000 mem_order_sha=e3d555e881e5b964 motion_cols_sha=05f65c2b46f544eb donor=None cover=exact:0,fallback:0,cycle:0,cross_seg:0 gate=none num_steps=10 act_sha=4efb9bbf2b411091 infer_ms=70.8
INFO:mme_vla_suite.serving.websocket_policy_server:TIMING infer_ms=70.8
/scratch/hongze/robomme_policy_learning_MotionJEPA/scripts/dataset/wan/wan_motion_infer.py:251: UserWarning: The given NumPy array is not writable, and PyTorch does not support non-writable tensors. This means writing to this tensor will result in undefined behavior. You may want to copy the array to protect its data or make it writable before converting it to a tensor. This type of warning will be suppressed for the rest of this program. (Triggered internally at /pytorch/torch/csrc/utils/tensor_numpy.cpp:206.)
  f = torch.from_numpy(frames_window).permute(0, 3, 1, 2).float().to(device)   # 🔒 (33,3,256,256) 0..255
[sidecar pid=832983] 窗 #1 起点 0 耗时 1418 ms（累计 20s）
INFO:mme_vla_suite.serving.websocket_policy_server:TIMING add_buffer_ms=1476.2 frames=16 exec_start_idx=0
MV_INFER cond=normal split=test task=ButtonUnmask ep=1 ep_seq=1 infer_seq=3 t=32 es=0 k=1 motion_frames=0 motion_emb_sha=d39411ebec7fbe84 motion_pos_sha=5a53d7fa887419cf motion_mask=100000000000000000000000000000000000000000000000000000000000000000000000000000000000000000000000 mem_order_sha=1c4ecd136e06d2ca motion_cols_sha=34669806f215f6a3 donor=None cover=exact:0,fallback:0,cycle:0,cross_seg:0 gate=none num_steps=10 act_sha=d3c32812a06ad58e infer_ms=70.0
INFO:mme_vla_suite.serving.websocket_policy_server:TIMING infer_ms=70.0
INFO:mme_vla_suite.serving.websocket_policy_server:TIMING add_buffer_ms=1471.0 frames=16 exec_start_idx=0
MV_INFER cond=normal split=test task=ButtonUnmask ep=1 ep_seq=1 infer_seq=4 t=48 es=0 k=2 motion_frames=0,16 motion_emb_sha=6190fccba57ed16c motion_pos_sha=e97dc0e05f375cbe motion_mask=110000000000000000000000000000000000000000000000000000000000000000000000000000000000000000000000 mem_order_sha=74ca653da96ef384 motion_cols_sha=fba18d536d075a6e donor=None cover=exact:0,fallback:0,cycle:0,cross_seg:0 gate=none num_steps=10 act_sha=844b66cc64dd267b infer_ms=69.1
INFO:mme_vla_suite.serving.websocket_policy_server:TIMING infer_ms=69.1
INFO:mme_vla_suite.serving.websocket_policy_server:TIMING add_buffer_ms=1467.3 frames=16 exec_start_idx=0
MV_INFER cond=normal split=test task=ButtonUnmask ep=1 ep_seq=1 infer_seq=5 t=64 es=0 k=3 motion_frames=0,16,32 motion_emb_sha=64a91936483a527b motion_pos_sha=358a8247438e4586 motion_mask=111000000000000000000000000000000000000000000000000000000000000000000000000000000000000000000000 mem_order_sha=4bdcb6154ce3db09 motion_cols_sha=ec75f2710ccf7d3e donor=None cover=exact:0,fallback:0,cycle:0,cross_seg:0 gate=none num_steps=10 act_sha=ae0f77eaa66f061c infer_ms=69.1
INFO:mme_vla_suite.serving.websocket_policy_server:TIMING infer_ms=69.1
INFO:mme_vla_suite.serving.websocket_policy_server:TIMING add_buffer_ms=1465.8 frames=16 exec_start_idx=0
MV_INFER cond=normal split=test task=ButtonUnmask ep=1 ep_seq=1 infer_seq=6 t=80 es=0 k=4 motion_frames=0,16,32,48 motion_emb_sha=b76d36210b181d95 motion_pos_sha=88620c635e0b1611 motion_mask=111100000000000000000000000000000000000000000000000000000000000000000000000000000000000000000000 mem_order_sha=3f30de4433e4d89f motion_cols_sha=d94e9739c8cfc07e donor=None cover=exact:0,fallback:0,cycle:0,cross_seg:0 gate=none num_steps=10 act_sha=0c866405d4330f11 infer_ms=69.3
INFO:mme_vla_suite.serving.websocket_policy_server:TIMING infer_ms=69.3
INFO:mme_vla_suite.serving.websocket_policy_server:TIMING add_buffer_ms=1462.3 frames=16 exec_start_idx=0
MV_INFER cond=normal split=test task=ButtonUnmask ep=1 ep_seq=1 infer_seq=7 t=96 es=0 k=5 motion_frames=0,16,32,48,64 motion_emb_sha=8e40fc030518803b motion_pos_sha=4d979259a4c37547 motion_mask=111110000000000000000000000000000000000000000000000000000000000000000000000000000000000000000000 mem_order_sha=1525b7045b2c259a motion_cols_sha=07c8247e6ab1f89c donor=None cover=exact:0,fallback:0,cycle:0,cross_seg:0 gate=none num_steps=10 act_sha=bf45b4ada85df50a infer_ms=69.1
INFO:mme_vla_suite.serving.websocket_policy_server:TIMING infer_ms=69.1
INFO:mme_vla_suite.serving.websocket_policy_server:TIMING add_buffer_ms=1459.6 frames=16 exec_start_idx=0
MV_INFER cond=normal split=test task=ButtonUnmask ep=1 ep_seq=1 infer_seq=8 t=112 es=0 k=6 motion_frames=0,16,32,48,64,80 motion_emb_sha=f2ca63fde4111682 motion_pos_sha=9c9d9e6cd7cfd81a motion_mask=111111000000000000000000000000000000000000000000000000000000000000000000000000000000000000000000 mem_order_sha=afd67825f39380f3 motion_cols_sha=5c7781d2e1462709 donor=None cover=exact:0,fallback:0,cycle:0,cross_seg:0 gate=none num_steps=10 act_sha=a0cddd938f50fee5 infer_ms=69.4
INFO:mme_vla_suite.serving.websocket_policy_server:TIMING infer_ms=69.4
INFO:mme_vla_suite.serving.websocket_policy_server:TIMING add_buffer_ms=1461.5 frames=16 exec_start_idx=0
MV_INFER cond=normal split=test task=ButtonUnmask ep=1 ep_seq=1 infer_seq=9 t=128 es=0 k=7 motion_frames=0,16,32,48,64,80,96 motion_emb_sha=fbb5bddd1f9e5747 motion_pos_sha=eaa30818e1807d0a motion_mask=111111100000000000000000000000000000000000000000000000000000000000000000000000000000000000000000 mem_order_sha=53c51af96e80b36b motion_cols_sha=37fb24d50661d1a4 donor=None cover=exact:0,fallback:0,cycle:0,cross_seg:0 gate=none num_steps=10 act_sha=8da3acc898d16435 infer_ms=69.2
INFO:mme_vla_suite.serving.websocket_policy_server:TIMING infer_ms=69.2
INFO:mme_vla_suite.serving.websocket_policy_server:TIMING add_buffer_ms=1463.1 frames=16 exec_start_idx=0
MV_INFER cond=normal split=test task=ButtonUnmask ep=1 ep_seq=1 infer_seq=10 t=144 es=0 k=8 motion_frames=0,16,32,48,64,80,96,112 motion_emb_sha=d5c9a8062e7702b3 motion_pos_sha=19cfd5aa81fbc280 motion_mask=111111110000000000000000000000000000000000000000000000000000000000000000000000000000000000000000 mem_order_sha=8f7b8d26bf2ab128 motion_cols_sha=887c1c00aa54ee17 donor=None cover=exact:0,fallback:0,cycle:0,cross_seg:0 gate=none num_steps=10 act_sha=8c99b4b2da068cb4 infer_ms=69.5
INFO:mme_vla_suite.serving.websocket_policy_server:TIMING infer_ms=69.5
INFO:mme_vla_suite.serving.websocket_policy_server:TIMING add_buffer_ms=1457.2 frames=16 exec_start_idx=0
MV_INFER cond=normal split=test task=ButtonUnmask ep=1 ep_seq=1 infer_seq=11 t=160 es=0 k=9 motion_frames=0,16,32,48,64,80,96,112,128 motion_emb_sha=8d828b276f5e0a9e motion_pos_sha=36755060bcdb5f34 motion_mask=111111111000000000000000000000000000000000000000000000000000000000000000000000000000000000000000 mem_order_sha=b08d4d55ab2fad2d motion_cols_sha=104972a6841c0e38 donor=None cover=exact:0,fallback:0,cycle:0,cross_seg:0 gate=none num_steps=10 act_sha=7873d264c49ea120 infer_ms=69.5
INFO:mme_vla_suite.serving.websocket_policy_server:TIMING infer_ms=69.5
INFO:mme_vla_suite.serving.websocket_policy_server:TIMING add_buffer_ms=1458.5 frames=16 exec_start_idx=0
MV_INFER cond=normal split=test task=ButtonUnmask ep=1 ep_seq=1 infer_seq=12 t=176 es=0 k=10 motion_frames=0,16,32,48,64,80,96,112,128,144 motion_emb_sha=168b0b65f2176667 motion_pos_sha=386aa1c736701f60 motion_mask=111111111100000000000000000000000000000000000000000000000000000000000000000000000000000000000000 mem_order_sha=4ddf162636dd4c53 motion_cols_sha=fe64c98459b2eb86 donor=None cover=exact:0,fallback:0,cycle:0,cross_seg:0 gate=none num_steps=10 act_sha=beb5e833763039d7 infer_ms=69.6
INFO:mme_vla_suite.serving.websocket_policy_server:TIMING infer_ms=69.6
INFO:mme_vla_suite.serving.websocket_policy_server:TIMING add_buffer_ms=1466.7 frames=16 exec_start_idx=0
MV_INFER cond=normal split=test task=ButtonUnmask ep=1 ep_seq=1 infer_seq=13 t=192 es=0 k=11 motion_frames=0,16,32,48,64,80,96,112,128,144,160 motion_emb_sha=3a3d0a32b652e315 motion_pos_sha=097ffa0dc4e98049 motion_mask=111111111110000000000000000000000000000000000000000000000000000000000000000000000000000000000000 mem_order_sha=2fdbc05fbe4c5192 motion_cols_sha=ca0a097bc6347240 donor=None cover=exact:0,fallback:0,cycle:0,cross_seg:0 gate=none num_steps=10 act_sha=365d85f9903ff029 infer_ms=69.2
INFO:mme_vla_suite.serving.websocket_policy_server:TIMING infer_ms=69.2
INFO:mme_vla_suite.serving.websocket_policy_server:TIMING add_buffer_ms=1468.7 frames=16 exec_start_idx=0
MV_INFER cond=normal split=test task=ButtonUnmask ep=1 ep_seq=1 infer_seq=14 t=208 es=0 k=12 motion_frames=0,16,32,48,64,80,96,112,128,144,160,176 motion_emb_sha=eca1f12294847510 motion_pos_sha=faf6de0b8c07a1d5 motion_mask=111111111111000000000000000000000000000000000000000000000000000000000000000000000000000000000000 mem_order_sha=e609c91b740de309 motion_cols_sha=08c16a7fb49e3eae donor=None cover=exact:0,fallback:0,cycle:0,cross_seg:0 gate=none num_steps=10 act_sha=6bfec4322cc06895 infer_ms=69.5
INFO:mme_vla_suite.serving.websocket_policy_server:TIMING infer_ms=69.5
INFO:mme_vla_suite.serving.websocket_policy_server:TIMING add_buffer_ms=1458.8 frames=16 exec_start_idx=0
MV_INFER cond=normal split=test task=ButtonUnmask ep=1 ep_seq=1 infer_seq=15 t=224 es=0 k=13 motion_frames=0,16,32,48,64,80,96,112,128,144,160,176,192 motion_emb_sha=6bda8fdbc9002ddf motion_pos_sha=cf92c2382e433b7f motion_mask=111111111111100000000000000000000000000000000000000000000000000000000000000000000000000000000000 mem_order_sha=e29d70b97917b96b motion_cols_sha=b802255c0a86c139 donor=None cover=exact:0,fallback:0,cycle:0,cross_seg:0 gate=none num_steps=10 act_sha=e53df8c1766f1396 infer_ms=69.2
INFO:mme_vla_suite.serving.websocket_policy_server:TIMING infer_ms=69.2
INFO:mme_vla_suite.serving.websocket_policy_server:TIMING add_buffer_ms=1457.1 frames=16 exec_start_idx=0
MV_INFER cond=normal split=test task=ButtonUnmask ep=1 ep_seq=1 infer_seq=16 t=240 es=0 k=14 motion_frames=0,16,32,48,64,80,96,112,128,144,160,176,192,208 motion_emb_sha=67258b4d36856af1 motion_pos_sha=d4be4f2b999b323a motion_mask=111111111111110000000000000000000000000000000000000000000000000000000000000000000000000000000000 mem_order_sha=a06ee3a41d7c396e motion_cols_sha=0f0b4abb0ce08604 donor=None cover=exact:0,fallback:0,cycle:0,cross_seg:0 gate=none num_steps=10 act_sha=76866f637cc29017 infer_ms=69.4
INFO:mme_vla_suite.serving.websocket_policy_server:TIMING infer_ms=69.4
INFO:mme_vla_suite.serving.websocket_policy_server:TIMING add_buffer_ms=1461.8 frames=16 exec_start_idx=0
MV_INFER cond=normal split=test task=ButtonUnmask ep=1 ep_seq=1 infer_seq=17 t=256 es=0 k=15 motion_frames=0,16,32,48,64,80,96,112,128,144,160,176,192,208,224 motion_emb_sha=ec11054c0ee46f03 motion_pos_sha=41ec3ade545a49c9 motion_mask=111111111111111000000000000000000000000000000000000000000000000000000000000000000000000000000000 mem_order_sha=d2c65ae0ef95982c motion_cols_sha=b6defef0c13ecc23 donor=None cover=exact:0,fallback:0,cycle:0,cross_seg:0 gate=none num_steps=10 act_sha=2d36c347c02f7185 infer_ms=69.7
INFO:mme_vla_suite.serving.websocket_policy_server:TIMING infer_ms=69.7
INFO:mme_vla_suite.serving.websocket_policy_server:TIMING add_buffer_ms=1462.3 frames=16 exec_start_idx=0
MV_INFER cond=normal split=test task=ButtonUnmask ep=1 ep_seq=1 infer_seq=18 t=272 es=0 k=16 motion_frames=0,16,32,48,64,80,96,112,128,144,160,176,192,208,224,240 motion_emb_sha=993fc2b95edb1fe6 motion_pos_sha=3e49496373152e70 motion_mask=111111111111111100000000000000000000000000000000000000000000000000000000000000000000000000000000 mem_order_sha=3896c62684021e06 motion_cols_sha=61fa1ff66e32da0b donor=None cover=exact:0,fallback:0,cycle:0,cross_seg:0 gate=none num_steps=10 act_sha=276ba225352ed414 infer_ms=69.2
INFO:mme_vla_suite.serving.websocket_policy_server:TIMING infer_ms=69.2
INFO:mme_vla_suite.serving.websocket_policy_server:TIMING add_buffer_ms=1459.8 frames=16 exec_start_idx=0
MV_INFER cond=normal split=test task=ButtonUnmask ep=1 ep_seq=1 infer_seq=19 t=288 es=0 k=17 motion_frames=0,16,32,48,64,80,96,112,128,144,160,176,192,208,224,240,256 motion_emb_sha=5d8451e643f29182 motion_pos_sha=630eed5d2ad0fee5 motion_mask=111111111111111110000000000000000000000000000000000000000000000000000000000000000000000000000000 mem_order_sha=3fa901451944a6ae motion_cols_sha=11afac2e3a295654 donor=None cover=exact:0,fallback:0,cycle:0,cross_seg:0 gate=none num_steps=10 act_sha=32a4c95c5cd003b9 infer_ms=70.0
INFO:mme_vla_suite.serving.websocket_policy_server:TIMING infer_ms=70.0
INFO:mme_vla_suite.serving.websocket_policy_server:TIMING add_buffer_ms=1461.0 frames=16 exec_start_idx=0
MV_INFER cond=normal split=test task=ButtonUnmask ep=1 ep_seq=1 infer_seq=20 t=304 es=0 k=18 motion_frames=0,16,32,48,64,80,96,112,128,144,160,176,192,208,224,240,256,272 motion_emb_sha=b39f4c0d0530dbf6 motion_pos_sha=7508bb7966bd8997 motion_mask=111111111111111111000000000000000000000000000000000000000000000000000000000000000000000000000000 mem_order_sha=7ec3836c904d86da motion_cols_sha=00e37dc990bcf6a9 donor=None cover=exact:0,fallback:0,cycle:0,cross_seg:0 gate=none num_steps=10 act_sha=bd1ab33923d25df2 infer_ms=69.4
INFO:mme_vla_suite.serving.websocket_policy_server:TIMING infer_ms=69.4
INFO:mme_vla_suite.serving.websocket_policy_server:TIMING add_buffer_ms=1469.0 frames=16 exec_start_idx=0
MV_INFER cond=normal split=test task=ButtonUnmask ep=1 ep_seq=1 infer_seq=21 t=320 es=0 k=19 motion_frames=0,16,32,48,64,80,96,112,128,144,160,176,192,208,224,240,256,272,288 motion_emb_sha=06d2092c93de4eaa motion_pos_sha=27604282300f89dd motion_mask=111111111111111111100000000000000000000000000000000000000000000000000000000000000000000000000000 mem_order_sha=1bcee858ac8581ba motion_cols_sha=848fded77b707435 donor=None cover=exact:0,fallback:0,cycle:0,cross_seg:0 gate=none num_steps=10 act_sha=d90061071c147524 infer_ms=69.1
INFO:mme_vla_suite.serving.websocket_policy_server:TIMING infer_ms=69.1
INFO:mme_vla_suite.serving.websocket_policy_server:TIMING add_buffer_ms=1460.1 frames=16 exec_start_idx=0
MV_INFER cond=normal split=test task=ButtonUnmask ep=1 ep_seq=1 infer_seq=22 t=336 es=0 k=20 motion_frames=0,16,32,48,64,80,96,112,128,144,160,176,192,208,224,240,256,272,288,304 motion_emb_sha=2a463d0494e4de17 motion_pos_sha=82d754eb6c9c7d28 motion_mask=111111111111111111110000000000000000000000000000000000000000000000000000000000000000000000000000 mem_order_sha=8e4f7352af852292 motion_cols_sha=0957e9030d15feb5 donor=None cover=exact:0,fallback:0,cycle:0,cross_seg:0 gate=none num_steps=10 act_sha=e4c37fab9da73e42 infer_ms=69.4
INFO:mme_vla_suite.serving.websocket_policy_server:TIMING infer_ms=69.4
INFO:mme_vla_suite.serving.websocket_policy_server:TIMING add_buffer_ms=1457.5 frames=16 exec_start_idx=0
MV_INFER cond=normal split=test task=ButtonUnmask ep=1 ep_seq=1 infer_seq=23 t=352 es=0 k=21 motion_frames=0,16,32,48,64,80,96,112,128,144,160,176,192,208,224,240,256,272,288,304,320 motion_emb_sha=5286996233cca008 motion_pos_sha=b2ded91f4b1e3497 motion_mask=111111111111111111111000000000000000000000000000000000000000000000000000000000000000000000000000 mem_order_sha=e911ccd99a0e7698 motion_cols_sha=9639f994ec80e283 donor=None cover=exact:0,fallback:0,cycle:0,cross_seg:0 gate=none num_steps=10 act_sha=f567fea10106f444 infer_ms=69.4
INFO:mme_vla_suite.serving.websocket_policy_server:TIMING infer_ms=69.4
INFO:mme_vla_suite.serving.websocket_policy_server:TIMING add_buffer_ms=1463.8 frames=16 exec_start_idx=0
MV_INFER cond=normal split=test task=ButtonUnmask ep=1 ep_seq=1 infer_seq=24 t=368 es=0 k=22 motion_frames=0,16,32,48,64,80,96,112,128,144,160,176,192,208,224,240,256,272,288,304,320,336 motion_emb_sha=eea5d98253f8ee23 motion_pos_sha=02b5313d34dbb54d motion_mask=111111111111111111111100000000000000000000000000000000000000000000000000000000000000000000000000 mem_order_sha=a5e37ce80bde382c motion_cols_sha=4c78bbca76234a73 donor=None cover=exact:0,fallback:0,cycle:0,cross_seg:0 gate=none num_steps=10 act_sha=4e688ee5fc0acd21 infer_ms=69.5
INFO:mme_vla_suite.serving.websocket_policy_server:TIMING infer_ms=69.5
INFO:mme_vla_suite.serving.websocket_policy_server:TIMING add_buffer_ms=1455.8 frames=16 exec_start_idx=0
MV_INFER cond=normal split=test task=ButtonUnmask ep=1 ep_seq=1 infer_seq=25 t=384 es=0 k=23 motion_frames=0,16,32,48,64,80,96,112,128,144,160,176,192,208,224,240,256,272,288,304,320,336,352 motion_emb_sha=d7d020d71f19fc43 motion_pos_sha=394430f2fe2a111f motion_mask=111111111111111111111110000000000000000000000000000000000000000000000000000000000000000000000000 mem_order_sha=ef888998c2ee9177 motion_cols_sha=d31a91eabb80a17e donor=None cover=exact:0,fallback:0,cycle:0,cross_seg:0 gate=none num_steps=10 act_sha=51251632be84fbe8 infer_ms=69.5
INFO:mme_vla_suite.serving.websocket_policy_server:TIMING infer_ms=69.5
INFO:mme_vla_suite.serving.websocket_policy_server:TIMING add_buffer_ms=1459.3 frames=16 exec_start_idx=0
MV_INFER cond=normal split=test task=ButtonUnmask ep=1 ep_seq=1 infer_seq=26 t=400 es=0 k=24 motion_frames=0,16,32,48,64,80,96,112,128,144,160,176,192,208,224,240,256,272,288,304,320,336,352,368 motion_emb_sha=03ccc331cb3cc9c7 motion_pos_sha=5af02f3dfcb16729 motion_mask=111111111111111111111111000000000000000000000000000000000000000000000000000000000000000000000000 mem_order_sha=a4b34693220533ac motion_cols_sha=470d57efa976fc1f donor=None cover=exact:0,fallback:0,cycle:0,cross_seg:0 gate=none num_steps=10 act_sha=e8a68a92604955fd infer_ms=69.4
INFO:mme_vla_suite.serving.websocket_policy_server:TIMING infer_ms=69.4
INFO:mme_vla_suite.serving.websocket_policy_server:TIMING add_buffer_ms=1463.1 frames=16 exec_start_idx=0
MV_INFER cond=normal split=test task=ButtonUnmask ep=1 ep_seq=1 infer_seq=27 t=416 es=0 k=25 motion_frames=0,16,32,48,64,80,96,112,128,144,160,176,192,208,224,240,256,272,288,304,320,336,352,368,384 motion_emb_sha=ce2c33e6a4c778e2 motion_pos_sha=6687fe3ef7ab6c31 motion_mask=111111111111111111111111100000000000000000000000000000000000000000000000000000000000000000000000 mem_order_sha=2e8f0f44cf91994f motion_cols_sha=25511e64898b44f0 donor=None cover=exact:0,fallback:0,cycle:0,cross_seg:0 gate=none num_steps=10 act_sha=c2ac14497d2a75b9 infer_ms=69.3
INFO:mme_vla_suite.serving.websocket_policy_server:TIMING infer_ms=69.3
INFO:mme_vla_suite.serving.websocket_policy_server:TIMING add_buffer_ms=1468.8 frames=16 exec_start_idx=0
MV_INFER cond=normal split=test task=ButtonUnmask ep=1 ep_seq=1 infer_seq=28 t=432 es=0 k=26 motion_frames=0,16,32,48,64,80,96,112,128,144,160,176,192,208,224,240,256,272,288,304,320,336,352,368,384,400 motion_emb_sha=3afe8e22a1aee926 motion_pos_sha=628a1d586ea0ead0 motion_mask=111111111111111111111111110000000000000000000000000000000000000000000000000000000000000000000000 mem_order_sha=7f421c86fa09d6ff motion_cols_sha=2fc323dd0f89e21e donor=None cover=exact:0,fallback:0,cycle:0,cross_seg:0 gate=none num_steps=10 act_sha=236d6c09b06b5cee infer_ms=69.6
INFO:mme_vla_suite.serving.websocket_policy_server:TIMING infer_ms=69.6
INFO:mme_vla_suite.serving.websocket_policy_server:TIMING add_buffer_ms=1458.5 frames=16 exec_start_idx=0
MV_INFER cond=normal split=test task=ButtonUnmask ep=1 ep_seq=1 infer_seq=29 t=448 es=0 k=27 motion_frames=0,16,32,48,64,80,96,112,128,144,160,176,192,208,224,240,256,272,288,304,320,336,352,368,384,400,416 motion_emb_sha=79dd6db76333f224 motion_pos_sha=374d18e42d46d506 motion_mask=111111111111111111111111111000000000000000000000000000000000000000000000000000000000000000000000 mem_order_sha=a9601380358f26a3 motion_cols_sha=a013e7a2c5f47434 donor=None cover=exact:0,fallback:0,cycle:0,cross_seg:0 gate=none num_steps=10 act_sha=9abef24c3754f554 infer_ms=69.2
INFO:mme_vla_suite.serving.websocket_policy_server:TIMING infer_ms=69.2
INFO:mme_vla_suite.serving.websocket_policy_server:TIMING add_buffer_ms=1461.4 frames=16 exec_start_idx=0
MV_INFER cond=normal split=test task=ButtonUnmask ep=1 ep_seq=1 infer_seq=30 t=464 es=0 k=28 motion_frames=0,16,32,48,64,80,96,112,128,144,160,176,192,208,224,240,256,272,288,304,320,336,352,368,384,400,416,432 motion_emb_sha=d6e5d2017ec0ba75 motion_pos_sha=c6f42c99e8bb04fc motion_mask=111111111111111111111111111100000000000000000000000000000000000000000000000000000000000000000000 mem_order_sha=597e8d7ec05b4d7c motion_cols_sha=454ac679a2eee33a donor=None cover=exact:0,fallback:0,cycle:0,cross_seg:0 gate=none num_steps=10 act_sha=a267f8efd94fb4c9 infer_ms=69.5
INFO:mme_vla_suite.serving.websocket_policy_server:TIMING infer_ms=69.5
INFO:mme_vla_suite.serving.websocket_policy_server:TIMING add_buffer_ms=1456.9 frames=16 exec_start_idx=0
MV_INFER cond=normal split=test task=ButtonUnmask ep=1 ep_seq=1 infer_seq=31 t=480 es=0 k=29 motion_frames=0,16,32,48,64,80,96,112,128,144,160,176,192,208,224,240,256,272,288,304,320,336,352,368,384,400,416,432,448 motion_emb_sha=5991b494ff8db6a3 motion_pos_sha=5bec62c7b2782ab5 motion_mask=111111111111111111111111111110000000000000000000000000000000000000000000000000000000000000000000 mem_order_sha=969b025395b2669f motion_cols_sha=fa13d9c231b687f7 donor=None cover=exact:0,fallback:0,cycle:0,cross_seg:0 gate=none num_steps=10 act_sha=fa614a9a2395e276 infer_ms=69.2
INFO:mme_vla_suite.serving.websocket_policy_server:TIMING infer_ms=69.2
INFO:mme_vla_suite.serving.websocket_policy_server:TIMING add_buffer_ms=1470.4 frames=16 exec_start_idx=0
MV_INFER cond=normal split=test task=ButtonUnmask ep=1 ep_seq=1 infer_seq=32 t=496 es=0 k=30 motion_frames=0,16,32,48,64,80,96,112,128,144,160,176,192,208,224,240,256,272,288,304,320,336,352,368,384,400,416,432,448,464 motion_emb_sha=f941836bb30fd119 motion_pos_sha=77bb4a49f5f204a6 motion_mask=111111111111111111111111111111000000000000000000000000000000000000000000000000000000000000000000 mem_order_sha=8b9c911903d52ada motion_cols_sha=cf531ae59de60a74 donor=None cover=exact:0,fallback:0,cycle:0,cross_seg:0 gate=none num_steps=10 act_sha=9dc30a7b047f81fe infer_ms=69.4
INFO:mme_vla_suite.serving.websocket_policy_server:TIMING infer_ms=69.4
INFO:mme_vla_suite.serving.websocket_policy_server:TIMING add_buffer_ms=1459.7 frames=16 exec_start_idx=0
MV_INFER cond=normal split=test task=ButtonUnmask ep=1 ep_seq=1 infer_seq=33 t=512 es=0 k=31 motion_frames=0,16,32,48,64,80,96,112,128,144,160,176,192,208,224,240,256,272,288,304,320,336,352,368,384,400,416,432,448,464,480 motion_emb_sha=ff9790da482969c7 motion_pos_sha=b5a830a451ce756a motion_mask=111111111111111111111111111111100000000000000000000000000000000000000000000000000000000000000000 mem_order_sha=3b34058d7f65364b motion_cols_sha=b3a6df354ab4d8c7 donor=None cover=exact:0,fallback:0,cycle:0,cross_seg:0 gate=none num_steps=10 act_sha=67702343a4437f29 infer_ms=69.6
INFO:mme_vla_suite.serving.websocket_policy_server:TIMING infer_ms=69.6
INFO:mme_vla_suite.serving.websocket_policy_server:TIMING add_buffer_ms=1469.7 frames=16 exec_start_idx=0
MV_INFER cond=normal split=test task=ButtonUnmask ep=1 ep_seq=1 infer_seq=34 t=528 es=0 k=32 motion_frames=0,16,32,48,64,80,96,112,128,144,160,176,192,208,224,240,256,272,288,304,320,336,352,368,384,400,416,432,448,464,480,496 motion_emb_sha=22aac96dfdb22df2 motion_pos_sha=a31e40266e8ce975 motion_mask=111111111111111111111111111111110000000000000000000000000000000000000000000000000000000000000000 mem_order_sha=8810917fd8440e8c motion_cols_sha=1c1e3532088a7dfd donor=None cover=exact:0,fallback:0,cycle:0,cross_seg:0 gate=none num_steps=10 act_sha=5b3e34c2fe4ac73e infer_ms=69.3
INFO:mme_vla_suite.serving.websocket_policy_server:TIMING infer_ms=69.3
INFO:mme_vla_suite.serving.websocket_policy_server:TIMING add_buffer_ms=1457.6 frames=16 exec_start_idx=0
MV_INFER cond=normal split=test task=ButtonUnmask ep=1 ep_seq=1 infer_seq=35 t=544 es=0 k=33 motion_frames=0,16,32,48,64,80,96,112,128,144,160,176,192,208,224,240,256,272,288,304,320,336,352,368,384,400,416,432,448,464,480,496,512 motion_emb_sha=02f5bbd101f837ce motion_pos_sha=eab0166000e0ada9 motion_mask=111111111111111111111111111111111000000000000000000000000000000000000000000000000000000000000000 mem_order_sha=84d9776f0a6388a9 motion_cols_sha=8e3bc15ec06039d9 donor=None cover=exact:0,fallback:0,cycle:0,cross_seg:0 gate=none num_steps=10 act_sha=f6d3bed21141bb60 infer_ms=69.2
INFO:mme_vla_suite.serving.websocket_policy_server:TIMING infer_ms=69.2
INFO:mme_vla_suite.serving.websocket_policy_server:TIMING add_buffer_ms=1461.9 frames=16 exec_start_idx=0
MV_INFER cond=normal split=test task=ButtonUnmask ep=1 ep_seq=1 infer_seq=36 t=560 es=0 k=34 motion_frames=0,16,32,48,64,80,96,112,128,144,160,176,192,208,224,240,256,272,288,304,320,336,352,368,384,400,416,432,448,464,480,496,512,528 motion_emb_sha=4dc6aabd79b5cdf4 motion_pos_sha=d43d8a704008daf6 motion_mask=111111111111111111111111111111111100000000000000000000000000000000000000000000000000000000000000 mem_order_sha=6eb9b3f8edf499e7 motion_cols_sha=ad5d71aad766a582 donor=None cover=exact:0,fallback:0,cycle:0,cross_seg:0 gate=none num_steps=10 act_sha=04c5a66c03722e18 infer_ms=69.2
INFO:mme_vla_suite.serving.websocket_policy_server:TIMING infer_ms=69.2
INFO:mme_vla_suite.serving.websocket_policy_server:TIMING add_buffer_ms=1460.5 frames=16 exec_start_idx=0
MV_INFER cond=normal split=test task=ButtonUnmask ep=1 ep_seq=1 infer_seq=37 t=576 es=0 k=35 motion_frames=0,16,32,48,64,80,96,112,128,144,160,176,192,208,224,240,256,272,288,304,320,336,352,368,384,400,416,432,448,464,480,496,512,528,544 motion_emb_sha=f7cf10dfa270f4c8 motion_pos_sha=de94b3ba18baa253 motion_mask=111111111111111111111111111111111110000000000000000000000000000000000000000000000000000000000000 mem_order_sha=c7e0193d5f8c94eb motion_cols_sha=3b7f200dcc4a154e donor=None cover=exact:0,fallback:0,cycle:0,cross_seg:0 gate=none num_steps=10 act_sha=2f51f34b4ef4576b infer_ms=69.3
INFO:mme_vla_suite.serving.websocket_policy_server:TIMING infer_ms=69.3
INFO:mme_vla_suite.serving.websocket_policy_server:TIMING add_buffer_ms=1462.2 frames=16 exec_start_idx=0
MV_INFER cond=normal split=test task=ButtonUnmask ep=1 ep_seq=1 infer_seq=38 t=592 es=0 k=36 motion_frames=0,16,32,48,64,80,96,112,128,144,160,176,192,208,224,240,256,272,288,304,320,336,352,368,384,400,416,432,448,464,480,496,512,528,544,560 motion_emb_sha=f7b58da116e2fb54 motion_pos_sha=79d7ee4d77e92fb5 motion_mask=111111111111111111111111111111111111000000000000000000000000000000000000000000000000000000000000 mem_order_sha=d14c08e62b4e5277 motion_cols_sha=93f686b824d1c37a donor=None cover=exact:0,fallback:0,cycle:0,cross_seg:0 gate=none num_steps=10 act_sha=5f6c0ee6ad0dcd31 infer_ms=69.2
INFO:mme_vla_suite.serving.websocket_policy_server:TIMING infer_ms=69.2
INFO:mme_vla_suite.serving.websocket_policy_server:TIMING add_buffer_ms=1465.7 frames=16 exec_start_idx=0
MV_INFER cond=normal split=test task=ButtonUnmask ep=1 ep_seq=1 infer_seq=39 t=608 es=0 k=37 motion_frames=0,16,32,48,64,80,96,112,128,144,160,176,192,208,224,240,256,272,288,304,320,336,352,368,384,400,416,432,448,464,480,496,512,528,544,560,576 motion_emb_sha=3b0c0a1eccf5e6d0 motion_pos_sha=ed409a2810446f17 motion_mask=111111111111111111111111111111111111100000000000000000000000000000000000000000000000000000000000 mem_order_sha=90d4662a192ae249 motion_cols_sha=3eadc43c4d943830 donor=None cover=exact:0,fallback:0,cycle:0,cross_seg:0 gate=none num_steps=10 act_sha=5337fd70c0f1018c infer_ms=69.5
INFO:mme_vla_suite.serving.websocket_policy_server:TIMING infer_ms=69.5
INFO:mme_vla_suite.serving.websocket_policy_server:TIMING add_buffer_ms=1459.2 frames=16 exec_start_idx=0
MV_INFER cond=normal split=test task=ButtonUnmask ep=1 ep_seq=1 infer_seq=40 t=624 es=0 k=38 motion_frames=0,16,32,48,64,80,96,112,128,144,160,176,192,208,224,240,256,272,288,304,320,336,352,368,384,400,416,432,448,464,480,496,512,528,544,560,576,592 motion_emb_sha=84a65ce85020ccac motion_pos_sha=f11838ac6f537185 motion_mask=111111111111111111111111111111111111110000000000000000000000000000000000000000000000000000000000 mem_order_sha=0161c9793244f505 motion_cols_sha=6171a29cf75a582d donor=None cover=exact:0,fallback:0,cycle:0,cross_seg:0 gate=none num_steps=10 act_sha=73726e057003bfe9 infer_ms=69.3
INFO:mme_vla_suite.serving.websocket_policy_server:TIMING infer_ms=69.3
INFO:mme_vla_suite.serving.websocket_policy_server:TIMING add_buffer_ms=1460.0 frames=16 exec_start_idx=0
MV_INFER cond=normal split=test task=ButtonUnmask ep=1 ep_seq=1 infer_seq=41 t=640 es=0 k=39 motion_frames=0,16,32,48,64,80,96,112,128,144,160,176,192,208,224,240,256,272,288,304,320,336,352,368,384,400,416,432,448,464,480,496,512,528,544,560,576,592,608 motion_emb_sha=a3889eb78449214b motion_pos_sha=bbe054d478576248 motion_mask=111111111111111111111111111111111111111000000000000000000000000000000000000000000000000000000000 mem_order_sha=3e28a574a561f529 motion_cols_sha=75706cddfb5a49b1 donor=None cover=exact:0,fallback:0,cycle:0,cross_seg:0 gate=none num_steps=10 act_sha=e6548a747ba319d1 infer_ms=69.3
INFO:mme_vla_suite.serving.websocket_policy_server:TIMING infer_ms=69.3
INFO:mme_vla_suite.serving.websocket_policy_server:TIMING add_buffer_ms=1459.6 frames=16 exec_start_idx=0
MV_INFER cond=normal split=test task=ButtonUnmask ep=1 ep_seq=1 infer_seq=42 t=656 es=0 k=40 motion_frames=0,16,32,48,64,80,96,112,128,144,160,176,192,208,224,240,256,272,288,304,320,336,352,368,384,400,416,432,448,464,480,496,512,528,544,560,576,592,608,624 motion_emb_sha=0b351aae8a815fd5 motion_pos_sha=d87c3d15d15b51b8 motion_mask=111111111111111111111111111111111111111100000000000000000000000000000000000000000000000000000000 mem_order_sha=9a1d09ac748abb28 motion_cols_sha=fc48261a83a83b97 donor=None cover=exact:0,fallback:0,cycle:0,cross_seg:0 gate=none num_steps=10 act_sha=e557288bb968a1d0 infer_ms=69.2
INFO:mme_vla_suite.serving.websocket_policy_server:TIMING infer_ms=69.2
INFO:mme_vla_suite.serving.websocket_policy_server:TIMING add_buffer_ms=1462.2 frames=16 exec_start_idx=0
MV_INFER cond=normal split=test task=ButtonUnmask ep=1 ep_seq=1 infer_seq=43 t=672 es=0 k=41 motion_frames=0,16,32,48,64,80,96,112,128,144,160,176,192,208,224,240,256,272,288,304,320,336,352,368,384,400,416,432,448,464,480,496,512,528,544,560,576,592,608,624,640 motion_emb_sha=ee768cca07e89150 motion_pos_sha=305e09917e6fd5ac motion_mask=111111111111111111111111111111111111111110000000000000000000000000000000000000000000000000000000 mem_order_sha=1f18d2a138bd0bf9 motion_cols_sha=b7950317891542b4 donor=None cover=exact:0,fallback:0,cycle:0,cross_seg:0 gate=none num_steps=10 act_sha=856c8610c6816275 infer_ms=69.5
INFO:mme_vla_suite.serving.websocket_policy_server:TIMING infer_ms=69.5
INFO:mme_vla_suite.serving.websocket_policy_server:TIMING add_buffer_ms=1461.5 frames=16 exec_start_idx=0
MV_INFER cond=normal split=test task=ButtonUnmask ep=1 ep_seq=1 infer_seq=44 t=688 es=0 k=42 motion_frames=0,16,32,48,64,80,96,112,128,144,160,176,192,208,224,240,256,272,288,304,320,336,352,368,384,400,416,432,448,464,480,496,512,528,544,560,576,592,608,624,640,656 motion_emb_sha=e3f161ed03295341 motion_pos_sha=d928bf4021ac4a4b motion_mask=111111111111111111111111111111111111111111000000000000000000000000000000000000000000000000000000 mem_order_sha=0e966687b726d076 motion_cols_sha=2ed9f2bde5da4470 donor=None cover=exact:0,fallback:0,cycle:0,cross_seg:0 gate=none num_steps=10 act_sha=77928f3ce7ca8552 infer_ms=69.5
INFO:mme_vla_suite.serving.websocket_policy_server:TIMING infer_ms=69.5
INFO:mme_vla_suite.serving.websocket_policy_server:TIMING add_buffer_ms=1466.4 frames=16 exec_start_idx=0
MV_INFER cond=normal split=test task=ButtonUnmask ep=1 ep_seq=1 infer_seq=45 t=704 es=0 k=43 motion_frames=0,16,32,48,64,80,96,112,128,144,160,176,192,208,224,240,256,272,288,304,320,336,352,368,384,400,416,432,448,464,480,496,512,528,544,560,576,592,608,624,640,656,672 motion_emb_sha=9d2fb2e07e5217ea motion_pos_sha=df28f649d327f743 motion_mask=111111111111111111111111111111111111111111100000000000000000000000000000000000000000000000000000 mem_order_sha=64f5fc8956546c66 motion_cols_sha=9ac0355ab034292e donor=None cover=exact:0,fallback:0,cycle:0,cross_seg:0 gate=none num_steps=10 act_sha=a506297c32e08e9a infer_ms=69.5
INFO:mme_vla_suite.serving.websocket_policy_server:TIMING infer_ms=69.5
INFO:mme_vla_suite.serving.websocket_policy_server:TIMING add_buffer_ms=1459.8 frames=16 exec_start_idx=0
MV_INFER cond=normal split=test task=ButtonUnmask ep=1 ep_seq=1 infer_seq=46 t=720 es=0 k=44 motion_frames=0,16,32,48,64,80,96,112,128,144,160,176,192,208,224,240,256,272,288,304,320,336,352,368,384,400,416,432,448,464,480,496,512,528,544,560,576,592,608,624,640,656,672,688 motion_emb_sha=d4565b99acb41cb3 motion_pos_sha=16c7916c2054109b motion_mask=111111111111111111111111111111111111111111110000000000000000000000000000000000000000000000000000 mem_order_sha=108683ecd06aac22 motion_cols_sha=5d9657c560621273 donor=None cover=exact:0,fallback:0,cycle:0,cross_seg:0 gate=none num_steps=10 act_sha=c7cf18b17b149011 infer_ms=69.3
INFO:mme_vla_suite.serving.websocket_policy_server:TIMING infer_ms=69.3
INFO:mme_vla_suite.serving.websocket_policy_server:TIMING add_buffer_ms=1461.2 frames=16 exec_start_idx=0
MV_INFER cond=normal split=test task=ButtonUnmask ep=1 ep_seq=1 infer_seq=47 t=736 es=0 k=45 motion_frames=0,16,32,48,64,80,96,112,128,144,160,176,192,208,224,240,256,272,288,304,320,336,352,368,384,400,416,432,448,464,480,496,512,528,544,560,576,592,608,624,640,656,672,688,704 motion_emb_sha=852f4e844d7d8dc9 motion_pos_sha=1a7312af6542d8c4 motion_mask=111111111111111111111111111111111111111111111000000000000000000000000000000000000000000000000000 mem_order_sha=334900ce00d4edee motion_cols_sha=6aa877e8836977cf donor=None cover=exact:0,fallback:0,cycle:0,cross_seg:0 gate=none num_steps=10 act_sha=20acf99bbab88222 infer_ms=69.2
INFO:mme_vla_suite.serving.websocket_policy_server:TIMING infer_ms=69.2
INFO:mme_vla_suite.serving.websocket_policy_server:TIMING add_buffer_ms=1460.5 frames=16 exec_start_idx=0
MV_INFER cond=normal split=test task=ButtonUnmask ep=1 ep_seq=1 infer_seq=48 t=752 es=0 k=46 motion_frames=0,16,32,48,64,80,96,112,128,144,160,176,192,208,224,240,256,272,288,304,320,336,352,368,384,400,416,432,448,464,480,496,512,528,544,560,576,592,608,624,640,656,672,688,704,720 motion_emb_sha=7f8a66383822d33e motion_pos_sha=03f34ee9bd05979f motion_mask=111111111111111111111111111111111111111111111100000000000000000000000000000000000000000000000000 mem_order_sha=eb2eb2afcfeb1ad9 motion_cols_sha=5e7820a41ef36daa donor=None cover=exact:0,fallback:0,cycle:0,cross_seg:0 gate=none num_steps=10 act_sha=465d68603d7cfe5c infer_ms=69.2
INFO:mme_vla_suite.serving.websocket_policy_server:TIMING infer_ms=69.2
INFO:mme_vla_suite.serving.websocket_policy_server:TIMING add_buffer_ms=1466.2 frames=16 exec_start_idx=0
MV_INFER cond=normal split=test task=ButtonUnmask ep=1 ep_seq=1 infer_seq=49 t=768 es=0 k=47 motion_frames=0,16,32,48,64,80,96,112,128,144,160,176,192,208,224,240,256,272,288,304,320,336,352,368,384,400,416,432,448,464,480,496,512,528,544,560,576,592,608,624,640,656,672,688,704,720,736 motion_emb_sha=56a31f786d907872 motion_pos_sha=692cb599ce1428a7 motion_mask=111111111111111111111111111111111111111111111110000000000000000000000000000000000000000000000000 mem_order_sha=6562fcffed534ed6 motion_cols_sha=1759c66f866642dc donor=None cover=exact:0,fallback:0,cycle:0,cross_seg:0 gate=none num_steps=10 act_sha=d5e5adbfddff2660 infer_ms=69.4
INFO:mme_vla_suite.serving.websocket_policy_server:TIMING infer_ms=69.4
INFO:mme_vla_suite.serving.websocket_policy_server:TIMING add_buffer_ms=1460.7 frames=16 exec_start_idx=0
MV_INFER cond=normal split=test task=ButtonUnmask ep=1 ep_seq=1 infer_seq=50 t=784 es=0 k=48 motion_frames=0,16,32,48,64,80,96,112,128,144,160,176,192,208,224,240,256,272,288,304,320,336,352,368,384,400,416,432,448,464,480,496,512,528,544,560,576,592,608,624,640,656,672,688,704,720,736,752 motion_emb_sha=1fa37e1058a4f01f motion_pos_sha=c3fe5e84b569016a motion_mask=111111111111111111111111111111111111111111111111000000000000000000000000000000000000000000000000 mem_order_sha=f1a8700e58c41cae motion_cols_sha=99e1f6e9f6bb9c4d donor=None cover=exact:0,fallback:0,cycle:0,cross_seg:0 gate=none num_steps=10 act_sha=436e1e5a54032c15 infer_ms=69.9
INFO:mme_vla_suite.serving.websocket_policy_server:TIMING infer_ms=69.9
INFO:mme_vla_suite.serving.websocket_policy_server:TIMING add_buffer_ms=1455.2 frames=16 exec_start_idx=0
MV_INFER cond=normal split=test task=ButtonUnmask ep=1 ep_seq=1 infer_seq=51 t=800 es=0 k=49 motion_frames=0,16,32,48,64,80,96,112,128,144,160,176,192,208,224,240,256,272,288,304,320,336,352,368,384,400,416,432,448,464,480,496,512,528,544,560,576,592,608,624,640,656,672,688,704,720,736,752,768 motion_emb_sha=4572b57c8462b3cb motion_pos_sha=680f129246f7b6f4 motion_mask=111111111111111111111111111111111111111111111111100000000000000000000000000000000000000000000000 mem_order_sha=2b5cfd5fc3095878 motion_cols_sha=0fbe01f7b49896a1 donor=None cover=exact:0,fallback:0,cycle:0,cross_seg:0 gate=none num_steps=10 act_sha=42b6a863176b55f4 infer_ms=69.2
INFO:mme_vla_suite.serving.websocket_policy_server:TIMING infer_ms=69.2
INFO:mme_vla_suite.serving.websocket_policy_server:TIMING add_buffer_ms=1461.7 frames=16 exec_start_idx=0
MV_INFER cond=normal split=test task=ButtonUnmask ep=1 ep_seq=1 infer_seq=52 t=816 es=0 k=50 motion_frames=0,16,32,48,64,80,96,112,128,144,160,176,192,208,224,240,256,272,288,304,320,336,352,368,384,400,416,432,448,464,480,496,512,528,544,560,576,592,608,624,640,656,672,688,704,720,736,752,768,784 motion_emb_sha=3de0348fab8a5398 motion_pos_sha=2310564d1b9957fd motion_mask=111111111111111111111111111111111111111111111111110000000000000000000000000000000000000000000000 mem_order_sha=0121728e581ca339 motion_cols_sha=3146bf3efe6b3a23 donor=None cover=exact:0,fallback:0,cycle:0,cross_seg:0 gate=none num_steps=10 act_sha=4b5e93a63c8ee150 infer_ms=69.5
INFO:mme_vla_suite.serving.websocket_policy_server:TIMING infer_ms=69.5
[sidecar pid=832983] 窗 #51 起点 800 耗时 1414 ms（累计 108s）
INFO:mme_vla_suite.serving.websocket_policy_server:TIMING add_buffer_ms=1459.6 frames=16 exec_start_idx=0
MV_INFER cond=normal split=test task=ButtonUnmask ep=1 ep_seq=1 infer_seq=53 t=832 es=0 k=51 motion_frames=0,16,32,48,64,80,96,112,128,144,160,176,192,208,224,240,256,272,288,304,320,336,352,368,384,400,416,432,448,464,480,496,512,528,544,560,576,592,608,624,640,656,672,688,704,720,736,752,768,784,800 motion_emb_sha=c5b292b9526ca0d5 motion_pos_sha=600430e170ebc9a0 motion_mask=111111111111111111111111111111111111111111111111111000000000000000000000000000000000000000000000 mem_order_sha=875f38b8693b6012 motion_cols_sha=d23bb84a612c3654 donor=None cover=exact:0,fallback:0,cycle:0,cross_seg:0 gate=none num_steps=10 act_sha=1dcf223a9bf66861 infer_ms=69.6
INFO:mme_vla_suite.serving.websocket_policy_server:TIMING infer_ms=69.6
INFO:mme_vla_suite.serving.websocket_policy_server:TIMING add_buffer_ms=1461.3 frames=16 exec_start_idx=0
MV_INFER cond=normal split=test task=ButtonUnmask ep=1 ep_seq=1 infer_seq=54 t=848 es=0 k=52 motion_frames=0,16,32,48,64,80,96,112,128,144,160,176,192,208,224,240,256,272,288,304,320,336,352,368,384,400,416,432,448,464,480,496,512,528,544,560,576,592,608,624,640,656,672,688,704,720,736,752,768,784,800,816 motion_emb_sha=762421ed48a693c6 motion_pos_sha=2d007f1393a57404 motion_mask=111111111111111111111111111111111111111111111111111100000000000000000000000000000000000000000000 mem_order_sha=8cda0cc9e165fc7b motion_cols_sha=6ea7276cd41fa784 donor=None cover=exact:0,fallback:0,cycle:0,cross_seg:0 gate=none num_steps=10 act_sha=841149e13b558b7f infer_ms=69.2
INFO:mme_vla_suite.serving.websocket_policy_server:TIMING infer_ms=69.2
INFO:mme_vla_suite.serving.websocket_policy_server:TIMING add_buffer_ms=1459.7 frames=16 exec_start_idx=0
MV_INFER cond=normal split=test task=ButtonUnmask ep=1 ep_seq=1 infer_seq=55 t=864 es=0 k=53 motion_frames=0,16,32,48,64,80,96,112,128,144,160,176,192,208,224,240,256,272,288,304,320,336,352,368,384,400,416,432,448,464,480,496,512,528,544,560,576,592,608,624,640,656,672,688,704,720,736,752,768,784,800,816,832 motion_emb_sha=955b1cf70eba251e motion_pos_sha=f42da141b1d4c82c motion_mask=111111111111111111111111111111111111111111111111111110000000000000000000000000000000000000000000 mem_order_sha=0dabd1444bc80074 motion_cols_sha=89f30c99564ea731 donor=None cover=exact:0,fallback:0,cycle:0,cross_seg:0 gate=none num_steps=10 act_sha=53f7ea404d083360 infer_ms=69.3
INFO:mme_vla_suite.serving.websocket_policy_server:TIMING infer_ms=69.3
INFO:mme_vla_suite.serving.websocket_policy_server:TIMING add_buffer_ms=1461.8 frames=16 exec_start_idx=0
MV_INFER cond=normal split=test task=ButtonUnmask ep=1 ep_seq=1 infer_seq=56 t=880 es=0 k=54 motion_frames=0,16,32,48,64,80,96,112,128,144,160,176,192,208,224,240,256,272,288,304,320,336,352,368,384,400,416,432,448,464,480,496,512,528,544,560,576,592,608,624,640,656,672,688,704,720,736,752,768,784,800,816,832,848 motion_emb_sha=e275afac27babc66 motion_pos_sha=01060eddb55ef662 motion_mask=111111111111111111111111111111111111111111111111111111000000000000000000000000000000000000000000 mem_order_sha=a4e3eafb5ffafe0b motion_cols_sha=e349514dca693b7f donor=None cover=exact:0,fallback:0,cycle:0,cross_seg:0 gate=none num_steps=10 act_sha=c4755bead83c9bab infer_ms=69.8
INFO:mme_vla_suite.serving.websocket_policy_server:TIMING infer_ms=69.8
INFO:mme_vla_suite.serving.websocket_policy_server:TIMING add_buffer_ms=1461.9 frames=16 exec_start_idx=0
MV_INFER cond=normal split=test task=ButtonUnmask ep=1 ep_seq=1 infer_seq=57 t=896 es=0 k=55 motion_frames=0,16,32,48,64,80,96,112,128,144,160,176,192,208,224,240,256,272,288,304,320,336,352,368,384,400,416,432,448,464,480,496,512,528,544,560,576,592,608,624,640,656,672,688,704,720,736,752,768,784,800,816,832,848,864 motion_emb_sha=a7bd3d1174693a35 motion_pos_sha=73234d7bb22f2334 motion_mask=111111111111111111111111111111111111111111111111111111100000000000000000000000000000000000000000 mem_order_sha=395346a4f540e9de motion_cols_sha=078b54ea6363443a donor=None cover=exact:0,fallback:0,cycle:0,cross_seg:0 gate=none num_steps=10 act_sha=960c41ee0c9c558c infer_ms=69.6
INFO:mme_vla_suite.serving.websocket_policy_server:TIMING infer_ms=69.6
INFO:mme_vla_suite.serving.websocket_policy_server:TIMING add_buffer_ms=1457.8 frames=16 exec_start_idx=0
MV_INFER cond=normal split=test task=ButtonUnmask ep=1 ep_seq=1 infer_seq=58 t=912 es=0 k=56 motion_frames=0,16,32,48,64,80,96,112,128,144,160,176,192,208,224,240,256,272,288,304,320,336,352,368,384,400,416,432,448,464,480,496,512,528,544,560,576,592,608,624,640,656,672,688,704,720,736,752,768,784,800,816,832,848,864,880 motion_emb_sha=56c876fcd5e3b307 motion_pos_sha=e1476f70fa43befe motion_mask=111111111111111111111111111111111111111111111111111111110000000000000000000000000000000000000000 mem_order_sha=3476e1e03f0ca6e3 motion_cols_sha=a5aa69c91f1f7b29 donor=None cover=exact:0,fallback:0,cycle:0,cross_seg:0 gate=none num_steps=10 act_sha=61e58c2793998ac7 infer_ms=69.5
INFO:mme_vla_suite.serving.websocket_policy_server:TIMING infer_ms=69.5
INFO:mme_vla_suite.serving.websocket_policy_server:TIMING add_buffer_ms=1455.7 frames=16 exec_start_idx=0
MV_INFER cond=normal split=test task=ButtonUnmask ep=1 ep_seq=1 infer_seq=59 t=928 es=0 k=57 motion_frames=0,16,32,48,64,80,96,112,128,144,160,176,192,208,224,240,256,272,288,304,320,336,352,368,384,400,416,432,448,464,480,496,512,528,544,560,576,592,608,624,640,656,672,688,704,720,736,752,768,784,800,816,832,848,864,880,896 motion_emb_sha=0ff9e08994ef2f9b motion_pos_sha=bca8ade9114e0e68 motion_mask=111111111111111111111111111111111111111111111111111111111000000000000000000000000000000000000000 mem_order_sha=a777cdac8f3e3557 motion_cols_sha=2da46f232ede0f69 donor=None cover=exact:0,fallback:0,cycle:0,cross_seg:0 gate=none num_steps=10 act_sha=1853d1552de8c2db infer_ms=69.5
INFO:mme_vla_suite.serving.websocket_policy_server:TIMING infer_ms=69.5
INFO:mme_vla_suite.serving.websocket_policy_server:TIMING add_buffer_ms=1460.0 frames=16 exec_start_idx=0
MV_INFER cond=normal split=test task=ButtonUnmask ep=1 ep_seq=1 infer_seq=60 t=944 es=0 k=58 motion_frames=0,16,32,48,64,80,96,112,128,144,160,176,192,208,224,240,256,272,288,304,320,336,352,368,384,400,416,432,448,464,480,496,512,528,544,560,576,592,608,624,640,656,672,688,704,720,736,752,768,784,800,816,832,848,864,880,896,912 motion_emb_sha=c7c9cfae993bfdcf motion_pos_sha=34b7233dd99a2db0 motion_mask=111111111111111111111111111111111111111111111111111111111100000000000000000000000000000000000000 mem_order_sha=6320e4ba2d244586 motion_cols_sha=3b208a16db9ab136 donor=None cover=exact:0,fallback:0,cycle:0,cross_seg:0 gate=none num_steps=10 act_sha=fd7a8f45148b62df infer_ms=69.3
INFO:mme_vla_suite.serving.websocket_policy_server:TIMING infer_ms=69.3
INFO:mme_vla_suite.serving.websocket_policy_server:TIMING add_buffer_ms=1460.3 frames=16 exec_start_idx=0
MV_INFER cond=normal split=test task=ButtonUnmask ep=1 ep_seq=1 infer_seq=61 t=960 es=0 k=59 motion_frames=0,16,32,48,64,80,96,112,128,144,160,176,192,208,224,240,256,272,288,304,320,336,352,368,384,400,416,432,448,464,480,496,512,528,544,560,576,592,608,624,640,656,672,688,704,720,736,752,768,784,800,816,832,848,864,880,896,912,928 motion_emb_sha=6df4517eb4d07224 motion_pos_sha=cb7f48c244f6b94b motion_mask=111111111111111111111111111111111111111111111111111111111110000000000000000000000000000000000000 mem_order_sha=39c29249fe13bc2b motion_cols_sha=3e0e13de4529aac8 donor=None cover=exact:0,fallback:0,cycle:0,cross_seg:0 gate=none num_steps=10 act_sha=673d9e5f79e57352 infer_ms=69.2
INFO:mme_vla_suite.serving.websocket_policy_server:TIMING infer_ms=69.2
INFO:mme_vla_suite.serving.websocket_policy_server:TIMING add_buffer_ms=1456.8 frames=16 exec_start_idx=0
MV_INFER cond=normal split=test task=ButtonUnmask ep=1 ep_seq=1 infer_seq=62 t=976 es=0 k=60 motion_frames=0,16,32,48,64,80,96,112,128,144,160,176,192,208,224,240,256,272,288,304,320,336,352,368,384,400,416,432,448,464,480,496,512,528,544,560,576,592,608,624,640,656,672,688,704,720,736,752,768,784,800,816,832,848,864,880,896,912,928,944 motion_emb_sha=005b49547f096284 motion_pos_sha=0c8df1a6e41b5e23 motion_mask=111111111111111111111111111111111111111111111111111111111111000000000000000000000000000000000000 mem_order_sha=20d30cf76b3da92d motion_cols_sha=d14deafb868159f6 donor=None cover=exact:0,fallback:0,cycle:0,cross_seg:0 gate=none num_steps=10 act_sha=5a8c6d4d3392c7eb infer_ms=69.4
INFO:mme_vla_suite.serving.websocket_policy_server:TIMING infer_ms=69.4
INFO:mme_vla_suite.serving.websocket_policy_server:TIMING add_buffer_ms=1461.6 frames=16 exec_start_idx=0
MV_INFER cond=normal split=test task=ButtonUnmask ep=1 ep_seq=1 infer_seq=63 t=992 es=0 k=61 motion_frames=0,16,32,48,64,80,96,112,128,144,160,176,192,208,224,240,256,272,288,304,320,336,352,368,384,400,416,432,448,464,480,496,512,528,544,560,576,592,608,624,640,656,672,688,704,720,736,752,768,784,800,816,832,848,864,880,896,912,928,944,960 motion_emb_sha=083e8fb72ec8184c motion_pos_sha=6969e5ef8a2647ad motion_mask=111111111111111111111111111111111111111111111111111111111111100000000000000000000000000000000000 mem_order_sha=ea99f596f81da8fb motion_cols_sha=e49e1ad67faf939a donor=None cover=exact:0,fallback:0,cycle:0,cross_seg:0 gate=none num_steps=10 act_sha=876209f6cfccfbf9 infer_ms=69.7
INFO:mme_vla_suite.serving.websocket_policy_server:TIMING infer_ms=69.7
INFO:mme_vla_suite.serving.websocket_policy_server:TIMING add_buffer_ms=1459.8 frames=16 exec_start_idx=0
MV_INFER cond=normal split=test task=ButtonUnmask ep=1 ep_seq=1 infer_seq=64 t=1008 es=0 k=62 motion_frames=0,16,32,48,64,80,96,112,128,144,160,176,192,208,224,240,256,272,288,304,320,336,352,368,384,400,416,432,448,464,480,496,512,528,544,560,576,592,608,624,640,656,672,688,704,720,736,752,768,784,800,816,832,848,864,880,896,912,928,944,960,976 motion_emb_sha=ca000a36f61e82e7 motion_pos_sha=68a304bc0f81b2d1 motion_mask=111111111111111111111111111111111111111111111111111111111111110000000000000000000000000000000000 mem_order_sha=cb85039bc8deeee3 motion_cols_sha=9f68376775df092c donor=None cover=exact:0,fallback:0,cycle:0,cross_seg:0 gate=none num_steps=10 act_sha=7d76e71af43dc1c3 infer_ms=69.8
INFO:mme_vla_suite.serving.websocket_policy_server:TIMING infer_ms=69.8
INFO:mme_vla_suite.serving.websocket_policy_server:TIMING add_buffer_ms=1462.9 frames=16 exec_start_idx=0
MV_INFER cond=normal split=test task=ButtonUnmask ep=1 ep_seq=1 infer_seq=65 t=1024 es=0 k=63 motion_frames=0,16,32,48,64,80,96,112,128,144,160,176,192,208,224,240,256,272,288,304,320,336,352,368,384,400,416,432,448,464,480,496,512,528,544,560,576,592,608,624,640,656,672,688,704,720,736,752,768,784,800,816,832,848,864,880,896,912,928,944,960,976,992 motion_emb_sha=30d373b72af2c9f8 motion_pos_sha=3a3d8e518a7990d0 motion_mask=111111111111111111111111111111111111111111111111111111111111111000000000000000000000000000000000 mem_order_sha=11fb4b3c9a39ff46 motion_cols_sha=84d86e447056559d donor=None cover=exact:0,fallback:0,cycle:0,cross_seg:0 gate=none num_steps=10 act_sha=7d7f21a3806025e7 infer_ms=69.4
INFO:mme_vla_suite.serving.websocket_policy_server:TIMING infer_ms=69.4
INFO:mme_vla_suite.serving.websocket_policy_server:TIMING add_buffer_ms=1456.9 frames=16 exec_start_idx=0
MV_INFER cond=normal split=test task=ButtonUnmask ep=1 ep_seq=1 infer_seq=66 t=1040 es=0 k=64 motion_frames=0,16,32,48,64,80,96,112,128,144,160,176,192,208,224,240,256,272,288,304,320,336,352,368,384,400,416,432,448,464,480,496,512,528,544,560,576,592,608,624,640,656,672,688,704,720,736,752,768,784,800,816,832,848,864,880,896,912,928,944,960,976,992,1008 motion_emb_sha=36632c04da02dace motion_pos_sha=53ffaa05042f1487 motion_mask=111111111111111111111111111111111111111111111111111111111111111100000000000000000000000000000000 mem_order_sha=173c4f5cff3909ff motion_cols_sha=6b874a13dc5773fe donor=None cover=exact:0,fallback:0,cycle:0,cross_seg:0 gate=none num_steps=10 act_sha=4453d6642e1d7122 infer_ms=69.3
INFO:mme_vla_suite.serving.websocket_policy_server:TIMING infer_ms=69.3
INFO:mme_vla_suite.serving.websocket_policy_server:TIMING add_buffer_ms=1457.6 frames=16 exec_start_idx=0
MV_INFER cond=normal split=test task=ButtonUnmask ep=1 ep_seq=1 infer_seq=67 t=1056 es=0 k=65 motion_frames=0,16,32,48,64,80,96,112,128,144,160,176,192,208,224,240,256,272,288,304,320,336,352,368,384,400,416,432,448,464,480,496,512,528,544,560,576,592,608,624,640,656,672,688,704,720,736,752,768,784,800,816,832,848,864,880,896,912,928,944,960,976,992,1008,1024 motion_emb_sha=644695dcb7daa278 motion_pos_sha=c418e4d946bed0c9 motion_mask=111111111111111111111111111111111111111111111111111111111111111110000000000000000000000000000000 mem_order_sha=92dea94c12a99a47 motion_cols_sha=52b8373c7987aeda donor=None cover=exact:0,fallback:0,cycle:0,cross_seg:0 gate=none num_steps=10 act_sha=b8f4e4b801e6463c infer_ms=70.3
INFO:mme_vla_suite.serving.websocket_policy_server:TIMING infer_ms=70.3
INFO:mme_vla_suite.serving.websocket_policy_server:TIMING add_buffer_ms=1459.1 frames=16 exec_start_idx=0
MV_INFER cond=normal split=test task=ButtonUnmask ep=1 ep_seq=1 infer_seq=68 t=1072 es=0 k=66 motion_frames=0,16,32,48,64,80,96,112,128,144,160,176,192,208,224,240,256,272,288,304,320,336,352,368,384,400,416,432,448,464,480,496,512,528,544,560,576,592,608,624,640,656,672,688,704,720,736,752,768,784,800,816,832,848,864,880,896,912,928,944,960,976,992,1008,1024,1040 motion_emb_sha=dc32a8e0569ba08c motion_pos_sha=4be728651e8fa641 motion_mask=111111111111111111111111111111111111111111111111111111111111111111000000000000000000000000000000 mem_order_sha=5f81dcb5ffcc7505 motion_cols_sha=4e8d37dd9b433350 donor=None cover=exact:0,fallback:0,cycle:0,cross_seg:0 gate=none num_steps=10 act_sha=df93db8163c7c599 infer_ms=69.5
INFO:mme_vla_suite.serving.websocket_policy_server:TIMING infer_ms=69.5
INFO:mme_vla_suite.serving.websocket_policy_server:TIMING add_buffer_ms=1462.9 frames=16 exec_start_idx=0
MV_INFER cond=normal split=test task=ButtonUnmask ep=1 ep_seq=1 infer_seq=69 t=1088 es=0 k=67 motion_frames=0,16,32,48,64,80,96,112,128,144,160,176,192,208,224,240,256,272,288,304,320,336,352,368,384,400,416,432,448,464,480,496,512,528,544,560,576,592,608,624,640,656,672,688,704,720,736,752,768,784,800,816,832,848,864,880,896,912,928,944,960,976,992,1008,1024,1040,1056 motion_emb_sha=c733b7fb9efc57d9 motion_pos_sha=4be2cf300c672914 motion_mask=111111111111111111111111111111111111111111111111111111111111111111100000000000000000000000000000 mem_order_sha=ed1cfe5e10d900a5 motion_cols_sha=9f325d883e270012 donor=None cover=exact:0,fallback:0,cycle:0,cross_seg:0 gate=none num_steps=10 act_sha=0922ba039d004ec7 infer_ms=69.4
INFO:mme_vla_suite.serving.websocket_policy_server:TIMING infer_ms=69.4
INFO:mme_vla_suite.serving.websocket_policy_server:TIMING add_buffer_ms=1456.8 frames=16 exec_start_idx=0
MV_INFER cond=normal split=test task=ButtonUnmask ep=1 ep_seq=1 infer_seq=70 t=1104 es=0 k=68 motion_frames=0,16,32,48,64,80,96,112,128,144,160,176,192,208,224,240,256,272,288,304,320,336,352,368,384,400,416,432,448,464,480,496,512,528,544,560,576,592,608,624,640,656,672,688,704,720,736,752,768,784,800,816,832,848,864,880,896,912,928,944,960,976,992,1008,1024,1040,1056,1072 motion_emb_sha=336d3fdf1c49e821 motion_pos_sha=f1771cc9a7c1c81a motion_mask=111111111111111111111111111111111111111111111111111111111111111111110000000000000000000000000000 mem_order_sha=2b2ce7eded738651 motion_cols_sha=e1d7e941199ff79f donor=None cover=exact:0,fallback:0,cycle:0,cross_seg:0 gate=none num_steps=10 act_sha=4e2d519afc62d735 infer_ms=70.1
INFO:mme_vla_suite.serving.websocket_policy_server:TIMING infer_ms=70.1
INFO:mme_vla_suite.serving.websocket_policy_server:TIMING add_buffer_ms=1458.6 frames=16 exec_start_idx=0
MV_INFER cond=normal split=test task=ButtonUnmask ep=1 ep_seq=1 infer_seq=71 t=1120 es=0 k=69 motion_frames=0,16,32,48,64,80,96,112,128,144,160,176,192,208,224,240,256,272,288,304,320,336,352,368,384,400,416,432,448,464,480,496,512,528,544,560,576,592,608,624,640,656,672,688,704,720,736,752,768,784,800,816,832,848,864,880,896,912,928,944,960,976,992,1008,1024,1040,1056,1072,1088 motion_emb_sha=210995d11f97a152 motion_pos_sha=64e385d9c7350895 motion_mask=111111111111111111111111111111111111111111111111111111111111111111111000000000000000000000000000 mem_order_sha=bd58339f940fb782 motion_cols_sha=e969946faa6cf423 donor=None cover=exact:0,fallback:0,cycle:0,cross_seg:0 gate=none num_steps=10 act_sha=df5beeeaabc44633 infer_ms=69.4
INFO:mme_vla_suite.serving.websocket_policy_server:TIMING infer_ms=69.4
INFO:mme_vla_suite.serving.websocket_policy_server:TIMING add_buffer_ms=1455.4 frames=16 exec_start_idx=0
MV_INFER cond=normal split=test task=ButtonUnmask ep=1 ep_seq=1 infer_seq=72 t=1136 es=0 k=70 motion_frames=0,16,32,48,64,80,96,112,128,144,160,176,192,208,224,240,256,272,288,304,320,336,352,368,384,400,416,432,448,464,480,496,512,528,544,560,576,592,608,624,640,656,672,688,704,720,736,752,768,784,800,816,832,848,864,880,896,912,928,944,960,976,992,1008,1024,1040,1056,1072,1088,1104 motion_emb_sha=ebab5f626eec2043 motion_pos_sha=02413430471dedfa motion_mask=111111111111111111111111111111111111111111111111111111111111111111111100000000000000000000000000 mem_order_sha=0b404dd327a8564d motion_cols_sha=87fa21f0aa357e1d donor=None cover=exact:0,fallback:0,cycle:0,cross_seg:0 gate=none num_steps=10 act_sha=04d5620ba7de9ba0 infer_ms=69.8
INFO:mme_vla_suite.serving.websocket_policy_server:TIMING infer_ms=69.8
INFO:mme_vla_suite.serving.websocket_policy_server:TIMING add_buffer_ms=1458.8 frames=16 exec_start_idx=0
MV_INFER cond=normal split=test task=ButtonUnmask ep=1 ep_seq=1 infer_seq=73 t=1152 es=0 k=71 motion_frames=0,16,32,48,64,80,96,112,128,144,160,176,192,208,224,240,256,272,288,304,320,336,352,368,384,400,416,432,448,464,480,496,512,528,544,560,576,592,608,624,640,656,672,688,704,720,736,752,768,784,800,816,832,848,864,880,896,912,928,944,960,976,992,1008,1024,1040,1056,1072,1088,1104,1120 motion_emb_sha=1ef8ef93c22dc74c motion_pos_sha=fab88c141df710d5 motion_mask=111111111111111111111111111111111111111111111111111111111111111111111110000000000000000000000000 mem_order_sha=a889ac580cefd71c motion_cols_sha=3c468ad914141d0d donor=None cover=exact:0,fallback:0,cycle:0,cross_seg:0 gate=none num_steps=10 act_sha=83b5f5c7604200f9 infer_ms=70.0
INFO:mme_vla_suite.serving.websocket_policy_server:TIMING infer_ms=70.0
INFO:mme_vla_suite.serving.websocket_policy_server:TIMING add_buffer_ms=1459.8 frames=16 exec_start_idx=0
MV_INFER cond=normal split=test task=ButtonUnmask ep=1 ep_seq=1 infer_seq=74 t=1168 es=0 k=72 motion_frames=0,16,32,48,64,80,96,112,128,144,160,176,192,208,224,240,256,272,288,304,320,336,352,368,384,400,416,432,448,464,480,496,512,528,544,560,576,592,608,624,640,656,672,688,704,720,736,752,768,784,800,816,832,848,864,880,896,912,928,944,960,976,992,1008,1024,1040,1056,1072,1088,1104,1120,1136 motion_emb_sha=7b0b0c6d291250f9 motion_pos_sha=d6a6837d103909b7 motion_mask=111111111111111111111111111111111111111111111111111111111111111111111111000000000000000000000000 mem_order_sha=d483b82ad6dc5168 motion_cols_sha=0c6c7ed6aacf4632 donor=None cover=exact:0,fallback:0,cycle:0,cross_seg:0 gate=none num_steps=10 act_sha=05a4988f37b1d16f infer_ms=70.0
INFO:mme_vla_suite.serving.websocket_policy_server:TIMING infer_ms=70.0
INFO:mme_vla_suite.serving.websocket_policy_server:TIMING add_buffer_ms=1459.2 frames=16 exec_start_idx=0
MV_INFER cond=normal split=test task=ButtonUnmask ep=1 ep_seq=1 infer_seq=75 t=1184 es=0 k=73 motion_frames=0,16,32,48,64,80,96,112,128,144,160,176,192,208,224,240,256,272,288,304,320,336,352,368,384,400,416,432,448,464,480,496,512,528,544,560,576,592,608,624,640,656,672,688,704,720,736,752,768,784,800,816,832,848,864,880,896,912,928,944,960,976,992,1008,1024,1040,1056,1072,1088,1104,1120,1136,1152 motion_emb_sha=541fcb38d5b6616f motion_pos_sha=b9f2cb6eb308ecb4 motion_mask=111111111111111111111111111111111111111111111111111111111111111111111111100000000000000000000000 mem_order_sha=d02d0aed837362f6 motion_cols_sha=2a3614e2ed121717 donor=None cover=exact:0,fallback:0,cycle:0,cross_seg:0 gate=none num_steps=10 act_sha=0b2aea1dcd972036 infer_ms=69.4
INFO:mme_vla_suite.serving.websocket_policy_server:TIMING infer_ms=69.4
INFO:mme_vla_suite.serving.websocket_policy_server:TIMING add_buffer_ms=1455.0 frames=16 exec_start_idx=0
MV_INFER cond=normal split=test task=ButtonUnmask ep=1 ep_seq=1 infer_seq=76 t=1200 es=0 k=74 motion_frames=0,16,32,48,64,80,96,112,128,144,160,176,192,208,224,240,256,272,288,304,320,336,352,368,384,400,416,432,448,464,480,496,512,528,544,560,576,592,608,624,640,656,672,688,704,720,736,752,768,784,800,816,832,848,864,880,896,912,928,944,960,976,992,1008,1024,1040,1056,1072,1088,1104,1120,1136,1152,1168 motion_emb_sha=943f38ee1673ef0c motion_pos_sha=c16da1b65c95ec2c motion_mask=111111111111111111111111111111111111111111111111111111111111111111111111110000000000000000000000 mem_order_sha=5e6b887dca10ded1 motion_cols_sha=0637e352fbbaefdf donor=None cover=exact:0,fallback:0,cycle:0,cross_seg:0 gate=none num_steps=10 act_sha=8d89e130fa7ee131 infer_ms=69.9
INFO:mme_vla_suite.serving.websocket_policy_server:TIMING infer_ms=69.9
INFO:mme_vla_suite.serving.websocket_policy_server:TIMING add_buffer_ms=1456.1 frames=16 exec_start_idx=0
MV_INFER cond=normal split=test task=ButtonUnmask ep=1 ep_seq=1 infer_seq=77 t=1216 es=0 k=75 motion_frames=0,16,32,48,64,80,96,112,128,144,160,176,192,208,224,240,256,272,288,304,320,336,352,368,384,400,416,432,448,464,480,496,512,528,544,560,576,592,608,624,640,656,672,688,704,720,736,752,768,784,800,816,832,848,864,880,896,912,928,944,960,976,992,1008,1024,1040,1056,1072,1088,1104,1120,1136,1152,1168,1184 motion_emb_sha=4f1bdab8389830a3 motion_pos_sha=6aa36bab2e46f370 motion_mask=111111111111111111111111111111111111111111111111111111111111111111111111111000000000000000000000 mem_order_sha=d100c887873fb6e6 motion_cols_sha=846007b9906b64ef donor=None cover=exact:0,fallback:0,cycle:0,cross_seg:0 gate=none num_steps=10 act_sha=dfae194c7a6ff012 infer_ms=69.7
INFO:mme_vla_suite.serving.websocket_policy_server:TIMING infer_ms=69.7
INFO:mme_vla_suite.serving.websocket_policy_server:TIMING add_buffer_ms=1463.1 frames=16 exec_start_idx=0
MV_INFER cond=normal split=test task=ButtonUnmask ep=1 ep_seq=1 infer_seq=78 t=1232 es=0 k=76 motion_frames=0,16,32,48,64,80,96,112,128,144,160,176,192,208,224,240,256,272,288,304,320,336,352,368,384,400,416,432,448,464,480,496,512,528,544,560,576,592,608,624,640,656,672,688,704,720,736,752,768,784,800,816,832,848,864,880,896,912,928,944,960,976,992,1008,1024,1040,1056,1072,1088,1104,1120,1136,1152,1168,1184,1200 motion_emb_sha=1a4b1b356b7b16a7 motion_pos_sha=39a2d766dea0ddac motion_mask=111111111111111111111111111111111111111111111111111111111111111111111111111100000000000000000000 mem_order_sha=601ccd8775c9d37f motion_cols_sha=fb27e958d1ca6acf donor=None cover=exact:0,fallback:0,cycle:0,cross_seg:0 gate=none num_steps=10 act_sha=b12a75552c84e257 infer_ms=70.0
INFO:mme_vla_suite.serving.websocket_policy_server:TIMING infer_ms=70.0
INFO:mme_vla_suite.serving.websocket_policy_server:TIMING add_buffer_ms=1460.8 frames=16 exec_start_idx=0
MV_INFER cond=normal split=test task=ButtonUnmask ep=1 ep_seq=1 infer_seq=79 t=1248 es=0 k=77 motion_frames=0,16,32,48,64,80,96,112,128,144,160,176,192,208,224,240,256,272,288,304,320,336,352,368,384,400,416,432,448,464,480,496,512,528,544,560,576,592,608,624,640,656,672,688,704,720,736,752,768,784,800,816,832,848,864,880,896,912,928,944,960,976,992,1008,1024,1040,1056,1072,1088,1104,1120,1136,1152,1168,1184,1200,1216 motion_emb_sha=cdd23d77c94dfac1 motion_pos_sha=6ed6eeb0d66bd601 motion_mask=111111111111111111111111111111111111111111111111111111111111111111111111111110000000000000000000 mem_order_sha=ccc9899d21634b2a motion_cols_sha=d02ea63e106e047b donor=None cover=exact:0,fallback:0,cycle:0,cross_seg:0 gate=none num_steps=10 act_sha=cac6819f4cd39be2 infer_ms=70.2
INFO:mme_vla_suite.serving.websocket_policy_server:TIMING infer_ms=70.2
INFO:mme_vla_suite.serving.websocket_policy_server:TIMING add_buffer_ms=1461.7 frames=16 exec_start_idx=0
MV_INFER cond=normal split=test task=ButtonUnmask ep=1 ep_seq=1 infer_seq=80 t=1264 es=0 k=78 motion_frames=0,16,32,48,64,80,96,112,128,144,160,176,192,208,224,240,256,272,288,304,320,336,352,368,384,400,416,432,448,464,480,496,512,528,544,560,576,592,608,624,640,656,672,688,704,720,736,752,768,784,800,816,832,848,864,880,896,912,928,944,960,976,992,1008,1024,1040,1056,1072,1088,1104,1120,1136,1152,1168,1184,1200,1216,1232 motion_emb_sha=ef79e678a970b1a6 motion_pos_sha=b56acc673c0e014a motion_mask=111111111111111111111111111111111111111111111111111111111111111111111111111111000000000000000000 mem_order_sha=2a2e1a3758e26885 motion_cols_sha=ae9de628d8823bf2 donor=None cover=exact:0,fallback:0,cycle:0,cross_seg:0 gate=none num_steps=10 act_sha=5cf3adae4bd55b24 infer_ms=69.7
INFO:mme_vla_suite.serving.websocket_policy_server:TIMING infer_ms=69.7
INFO:mme_vla_suite.serving.websocket_policy_server:TIMING add_buffer_ms=1458.0 frames=16 exec_start_idx=0
MV_INFER cond=normal split=test task=ButtonUnmask ep=1 ep_seq=1 infer_seq=81 t=1280 es=0 k=79 motion_frames=0,16,32,48,64,80,96,112,128,144,160,176,192,208,224,240,256,272,288,304,320,336,352,368,384,400,416,432,448,464,480,496,512,528,544,560,576,592,608,624,640,656,672,688,704,720,736,752,768,784,800,816,832,848,864,880,896,912,928,944,960,976,992,1008,1024,1040,1056,1072,1088,1104,1120,1136,1152,1168,1184,1200,1216,1232,1248 motion_emb_sha=c3e23e428d0408dd motion_pos_sha=b50012ccc2a650c3 motion_mask=111111111111111111111111111111111111111111111111111111111111111111111111111111100000000000000000 mem_order_sha=1fed3421d7469d6a motion_cols_sha=b62f12e1cc2e6f4f donor=None cover=exact:0,fallback:0,cycle:0,cross_seg:0 gate=none num_steps=10 act_sha=b5be20c51d4938b4 infer_ms=69.3
INFO:mme_vla_suite.serving.websocket_policy_server:TIMING infer_ms=69.3
INFO:mme_vla_suite.serving.websocket_policy_server:TIMING add_buffer_ms=1460.8 frames=16 exec_start_idx=0
MV_INFER cond=normal split=test task=ButtonUnmask ep=1 ep_seq=1 infer_seq=82 t=1296 es=0 k=80 motion_frames=0,16,32,48,64,80,96,112,128,144,160,176,192,208,224,240,256,272,288,304,320,336,352,368,384,400,416,432,448,464,480,496,512,528,544,560,576,592,608,624,640,656,672,688,704,720,736,752,768,784,800,816,832,848,864,880,896,912,928,944,960,976,992,1008,1024,1040,1056,1072,1088,1104,1120,1136,1152,1168,1184,1200,1216,1232,1248,1264 motion_emb_sha=c36a1d15d958271f motion_pos_sha=d5131e7c6233e7d1 motion_mask=111111111111111111111111111111111111111111111111111111111111111111111111111111110000000000000000 mem_order_sha=a4387b88c08b7549 motion_cols_sha=81f2fc212bebb4ee donor=None cover=exact:0,fallback:0,cycle:0,cross_seg:0 gate=none num_steps=10 act_sha=173f7527a75c63db infer_ms=69.6
INFO:mme_vla_suite.serving.websocket_policy_server:TIMING infer_ms=69.6
INFO:websockets.server:connection open
INFO:mme_vla_suite.serving.websocket_policy_server:Connection from ('127.0.0.1', 48728) opened
MV_EPISODE_END ep_seq=1 infers=82 windows=80 wall_s=150.9
MV_EPISODE_BEGIN cond=normal split=test seed=42 ep_seq=2 expect=ButtonUnmask:5
INFO:mme_vla_suite.serving.websocket_policy_server:TIMING add_buffer_ms=8.3 frames=1 exec_start_idx=0
MV_INFER cond=normal split=test task=ButtonUnmask ep=5 ep_seq=2 infer_seq=1 t=0 es=0 k=0 motion_frames=- motion_emb_sha=a3e8328721cbb943 motion_pos_sha=f5952cfc3406b7e9 motion_mask=000000000000000000000000000000000000000000000000000000000000000000000000000000000000000000000000 mem_order_sha=e3d555e881e5b964 motion_cols_sha=05f65c2b46f544eb donor=None cover=exact:0,fallback:0,cycle:0,cross_seg:0 gate=none num_steps=10 act_sha=7a2e0aa3f531a21d infer_ms=69.6
INFO:mme_vla_suite.serving.websocket_policy_server:TIMING infer_ms=69.6
INFO:mme_vla_suite.serving.websocket_policy_server:TIMING add_buffer_ms=40.5 frames=16 exec_start_idx=0
MV_INFER cond=normal split=test task=ButtonUnmask ep=5 ep_seq=2 infer_seq=2 t=16 es=0 k=0 motion_frames=- motion_emb_sha=a3e8328721cbb943 motion_pos_sha=f5952cfc3406b7e9 motion_mask=000000000000000000000000000000000000000000000000000000000000000000000000000000000000000000000000 mem_order_sha=e3d555e881e5b964 motion_cols_sha=05f65c2b46f544eb donor=None cover=exact:0,fallback:0,cycle:0,cross_seg:0 gate=none num_steps=10 act_sha=eeec44c8ccb798b7 infer_ms=69.7
INFO:mme_vla_suite.serving.websocket_policy_server:TIMING infer_ms=69.7
INFO:mme_vla_suite.serving.websocket_policy_server:TIMING add_buffer_ms=1475.7 frames=16 exec_start_idx=0
MV_INFER cond=normal split=test task=ButtonUnmask ep=5 ep_seq=2 infer_seq=3 t=32 es=0 k=1 motion_frames=0 motion_emb_sha=ce6c68821c81532e motion_pos_sha=5a53d7fa887419cf motion_mask=100000000000000000000000000000000000000000000000000000000000000000000000000000000000000000000000 mem_order_sha=1c4ecd136e06d2ca motion_cols_sha=34669806f215f6a3 donor=None cover=exact:0,fallback:0,cycle:0,cross_seg:0 gate=none num_steps=10 act_sha=5ce9729c889b5417 infer_ms=70.3
INFO:mme_vla_suite.serving.websocket_policy_server:TIMING infer_ms=70.3
INFO:mme_vla_suite.serving.websocket_policy_server:TIMING add_buffer_ms=1464.2 frames=16 exec_start_idx=0
MV_INFER cond=normal split=test task=ButtonUnmask ep=5 ep_seq=2 infer_seq=4 t=48 es=0 k=2 motion_frames=0,16 motion_emb_sha=aae3b2445aa907f8 motion_pos_sha=e97dc0e05f375cbe motion_mask=110000000000000000000000000000000000000000000000000000000000000000000000000000000000000000000000 mem_order_sha=74ca653da96ef384 motion_cols_sha=fba18d536d075a6e donor=None cover=exact:0,fallback:0,cycle:0,cross_seg:0 gate=none num_steps=10 act_sha=90f238be5d677903 infer_ms=69.3
INFO:mme_vla_suite.serving.websocket_policy_server:TIMING infer_ms=69.3
INFO:mme_vla_suite.serving.websocket_policy_server:TIMING add_buffer_ms=1458.0 frames=16 exec_start_idx=0
MV_INFER cond=normal split=test task=ButtonUnmask ep=5 ep_seq=2 infer_seq=5 t=64 es=0 k=3 motion_frames=0,16,32 motion_emb_sha=775d3e33212d0de6 motion_pos_sha=358a8247438e4586 motion_mask=111000000000000000000000000000000000000000000000000000000000000000000000000000000000000000000000 mem_order_sha=4bdcb6154ce3db09 motion_cols_sha=ec75f2710ccf7d3e donor=None cover=exact:0,fallback:0,cycle:0,cross_seg:0 gate=none num_steps=10 act_sha=bc5013ee16bbdc27 infer_ms=69.2
INFO:mme_vla_suite.serving.websocket_policy_server:TIMING infer_ms=69.2
INFO:mme_vla_suite.serving.websocket_policy_server:TIMING add_buffer_ms=1461.9 frames=16 exec_start_idx=0
MV_INFER cond=normal split=test task=ButtonUnmask ep=5 ep_seq=2 infer_seq=6 t=80 es=0 k=4 motion_frames=0,16,32,48 motion_emb_sha=96090bc87aad7a21 motion_pos_sha=88620c635e0b1611 motion_mask=111100000000000000000000000000000000000000000000000000000000000000000000000000000000000000000000 mem_order_sha=3f30de4433e4d89f motion_cols_sha=d94e9739c8cfc07e donor=None cover=exact:0,fallback:0,cycle:0,cross_seg:0 gate=none num_steps=10 act_sha=5591c6105a44935f infer_ms=69.4
INFO:mme_vla_suite.serving.websocket_policy_server:TIMING infer_ms=69.4
INFO:mme_vla_suite.serving.websocket_policy_server:TIMING add_buffer_ms=1459.6 frames=16 exec_start_idx=0
MV_INFER cond=normal split=test task=ButtonUnmask ep=5 ep_seq=2 infer_seq=7 t=96 es=0 k=5 motion_frames=0,16,32,48,64 motion_emb_sha=9ddab5f1eec3b6c5 motion_pos_sha=4d979259a4c37547 motion_mask=111110000000000000000000000000000000000000000000000000000000000000000000000000000000000000000000 mem_order_sha=1525b7045b2c259a motion_cols_sha=07c8247e6ab1f89c donor=None cover=exact:0,fallback:0,cycle:0,cross_seg:0 gate=none num_steps=10 act_sha=8bd2e13a895e9ab6 infer_ms=69.6
INFO:mme_vla_suite.serving.websocket_policy_server:TIMING infer_ms=69.6
INFO:mme_vla_suite.serving.websocket_policy_server:TIMING add_buffer_ms=1463.9 frames=16 exec_start_idx=0
MV_INFER cond=normal split=test task=ButtonUnmask ep=5 ep_seq=2 infer_seq=8 t=112 es=0 k=6 motion_frames=0,16,32,48,64,80 motion_emb_sha=2167cfe3a8669397 motion_pos_sha=9c9d9e6cd7cfd81a motion_mask=111111000000000000000000000000000000000000000000000000000000000000000000000000000000000000000000 mem_order_sha=afd67825f39380f3 motion_cols_sha=5c7781d2e1462709 donor=None cover=exact:0,fallback:0,cycle:0,cross_seg:0 gate=none num_steps=10 act_sha=901da227ee7c4c66 infer_ms=69.3
INFO:mme_vla_suite.serving.websocket_policy_server:TIMING infer_ms=69.3
INFO:mme_vla_suite.serving.websocket_policy_server:TIMING add_buffer_ms=1458.2 frames=16 exec_start_idx=0
MV_INFER cond=normal split=test task=ButtonUnmask ep=5 ep_seq=2 infer_seq=9 t=128 es=0 k=7 motion_frames=0,16,32,48,64,80,96 motion_emb_sha=672fbaad2edaaf6c motion_pos_sha=eaa30818e1807d0a motion_mask=111111100000000000000000000000000000000000000000000000000000000000000000000000000000000000000000 mem_order_sha=53c51af96e80b36b motion_cols_sha=37fb24d50661d1a4 donor=None cover=exact:0,fallback:0,cycle:0,cross_seg:0 gate=none num_steps=10 act_sha=5131932ff14585a4 infer_ms=69.5
INFO:mme_vla_suite.serving.websocket_policy_server:TIMING infer_ms=69.5
INFO:mme_vla_suite.serving.websocket_policy_server:TIMING add_buffer_ms=1460.3 frames=16 exec_start_idx=0
MV_INFER cond=normal split=test task=ButtonUnmask ep=5 ep_seq=2 infer_seq=10 t=144 es=0 k=8 motion_frames=0,16,32,48,64,80,96,112 motion_emb_sha=440d54ade56f1b99 motion_pos_sha=19cfd5aa81fbc280 motion_mask=111111110000000000000000000000000000000000000000000000000000000000000000000000000000000000000000 mem_order_sha=8f7b8d26bf2ab128 motion_cols_sha=887c1c00aa54ee17 donor=None cover=exact:0,fallback:0,cycle:0,cross_seg:0 gate=none num_steps=10 act_sha=c097788934d9cc68 infer_ms=69.2
INFO:mme_vla_suite.serving.websocket_policy_server:TIMING infer_ms=69.2
INFO:mme_vla_suite.serving.websocket_policy_server:TIMING add_buffer_ms=1462.0 frames=16 exec_start_idx=0
MV_INFER cond=normal split=test task=ButtonUnmask ep=5 ep_seq=2 infer_seq=11 t=160 es=0 k=9 motion_frames=0,16,32,48,64,80,96,112,128 motion_emb_sha=10f862f9fbd09c36 motion_pos_sha=36755060bcdb5f34 motion_mask=111111111000000000000000000000000000000000000000000000000000000000000000000000000000000000000000 mem_order_sha=b08d4d55ab2fad2d motion_cols_sha=104972a6841c0e38 donor=None cover=exact:0,fallback:0,cycle:0,cross_seg:0 gate=none num_steps=10 act_sha=64411d3b4669cbc4 infer_ms=69.2
INFO:mme_vla_suite.serving.websocket_policy_server:TIMING infer_ms=69.2
INFO:mme_vla_suite.serving.websocket_policy_server:TIMING add_buffer_ms=1456.6 frames=16 exec_start_idx=0
MV_INFER cond=normal split=test task=ButtonUnmask ep=5 ep_seq=2 infer_seq=12 t=176 es=0 k=10 motion_frames=0,16,32,48,64,80,96,112,128,144 motion_emb_sha=b2f1d09ec9399d04 motion_pos_sha=386aa1c736701f60 motion_mask=111111111100000000000000000000000000000000000000000000000000000000000000000000000000000000000000 mem_order_sha=4ddf162636dd4c53 motion_cols_sha=fe64c98459b2eb86 donor=None cover=exact:0,fallback:0,cycle:0,cross_seg:0 gate=none num_steps=10 act_sha=ee233ccbe33771ea infer_ms=69.7
INFO:mme_vla_suite.serving.websocket_policy_server:TIMING infer_ms=69.7
INFO:mme_vla_suite.serving.websocket_policy_server:TIMING add_buffer_ms=1458.1 frames=16 exec_start_idx=0
MV_INFER cond=normal split=test task=ButtonUnmask ep=5 ep_seq=2 infer_seq=13 t=192 es=0 k=11 motion_frames=0,16,32,48,64,80,96,112,128,144,160 motion_emb_sha=0c6dbf277ace7bfe motion_pos_sha=097ffa0dc4e98049 motion_mask=111111111110000000000000000000000000000000000000000000000000000000000000000000000000000000000000 mem_order_sha=2fdbc05fbe4c5192 motion_cols_sha=ca0a097bc6347240 donor=None cover=exact:0,fallback:0,cycle:0,cross_seg:0 gate=none num_steps=10 act_sha=2c0fc828cb28c0fc infer_ms=69.3
INFO:mme_vla_suite.serving.websocket_policy_server:TIMING infer_ms=69.3
INFO:mme_vla_suite.serving.websocket_policy_server:TIMING add_buffer_ms=1455.0 frames=16 exec_start_idx=0
MV_INFER cond=normal split=test task=ButtonUnmask ep=5 ep_seq=2 infer_seq=14 t=208 es=0 k=12 motion_frames=0,16,32,48,64,80,96,112,128,144,160,176 motion_emb_sha=0c02280ae419c37a motion_pos_sha=faf6de0b8c07a1d5 motion_mask=111111111111000000000000000000000000000000000000000000000000000000000000000000000000000000000000 mem_order_sha=e609c91b740de309 motion_cols_sha=08c16a7fb49e3eae donor=None cover=exact:0,fallback:0,cycle:0,cross_seg:0 gate=none num_steps=10 act_sha=c102c2f69fc41a24 infer_ms=69.2
INFO:mme_vla_suite.serving.websocket_policy_server:TIMING infer_ms=69.2
INFO:mme_vla_suite.serving.websocket_policy_server:TIMING add_buffer_ms=1457.9 frames=16 exec_start_idx=0
MV_INFER cond=normal split=test task=ButtonUnmask ep=5 ep_seq=2 infer_seq=15 t=224 es=0 k=13 motion_frames=0,16,32,48,64,80,96,112,128,144,160,176,192 motion_emb_sha=d2537f804f30f52b motion_pos_sha=cf92c2382e433b7f motion_mask=111111111111100000000000000000000000000000000000000000000000000000000000000000000000000000000000 mem_order_sha=e29d70b97917b96b motion_cols_sha=b802255c0a86c139 donor=None cover=exact:0,fallback:0,cycle:0,cross_seg:0 gate=none num_steps=10 act_sha=562be55f01f6e247 infer_ms=69.3
INFO:mme_vla_suite.serving.websocket_policy_server:TIMING infer_ms=69.3
INFO:mme_vla_suite.serving.websocket_policy_server:TIMING add_buffer_ms=1455.7 frames=16 exec_start_idx=0
MV_INFER cond=normal split=test task=ButtonUnmask ep=5 ep_seq=2 infer_seq=16 t=240 es=0 k=14 motion_frames=0,16,32,48,64,80,96,112,128,144,160,176,192,208 motion_emb_sha=6e80866f06af9734 motion_pos_sha=d4be4f2b999b323a motion_mask=111111111111110000000000000000000000000000000000000000000000000000000000000000000000000000000000 mem_order_sha=a06ee3a41d7c396e motion_cols_sha=0f0b4abb0ce08604 donor=None cover=exact:0,fallback:0,cycle:0,cross_seg:0 gate=none num_steps=10 act_sha=dff4fc0b4158599f infer_ms=69.4
INFO:mme_vla_suite.serving.websocket_policy_server:TIMING infer_ms=69.4
INFO:mme_vla_suite.serving.websocket_policy_server:TIMING add_buffer_ms=1462.7 frames=16 exec_start_idx=0
MV_INFER cond=normal split=test task=ButtonUnmask ep=5 ep_seq=2 infer_seq=17 t=256 es=0 k=15 motion_frames=0,16,32,48,64,80,96,112,128,144,160,176,192,208,224 motion_emb_sha=1c574b69094587f0 motion_pos_sha=41ec3ade545a49c9 motion_mask=111111111111111000000000000000000000000000000000000000000000000000000000000000000000000000000000 mem_order_sha=d2c65ae0ef95982c motion_cols_sha=b6defef0c13ecc23 donor=None cover=exact:0,fallback:0,cycle:0,cross_seg:0 gate=none num_steps=10 act_sha=1f3d73e2f9487fde infer_ms=70.1
INFO:mme_vla_suite.serving.websocket_policy_server:TIMING infer_ms=70.1
INFO:mme_vla_suite.serving.websocket_policy_server:TIMING add_buffer_ms=1461.7 frames=16 exec_start_idx=0
MV_INFER cond=normal split=test task=ButtonUnmask ep=5 ep_seq=2 infer_seq=18 t=272 es=0 k=16 motion_frames=0,16,32,48,64,80,96,112,128,144,160,176,192,208,224,240 motion_emb_sha=c3dd0481b71b5b73 motion_pos_sha=3e49496373152e70 motion_mask=111111111111111100000000000000000000000000000000000000000000000000000000000000000000000000000000 mem_order_sha=3896c62684021e06 motion_cols_sha=61fa1ff66e32da0b donor=None cover=exact:0,fallback:0,cycle:0,cross_seg:0 gate=none num_steps=10 act_sha=a104f6f20e7630ef infer_ms=69.6
INFO:mme_vla_suite.serving.websocket_policy_server:TIMING infer_ms=69.6
INFO:mme_vla_suite.serving.websocket_policy_server:TIMING add_buffer_ms=1461.0 frames=16 exec_start_idx=0
MV_INFER cond=normal split=test task=ButtonUnmask ep=5 ep_seq=2 infer_seq=19 t=288 es=0 k=17 motion_frames=0,16,32,48,64,80,96,112,128,144,160,176,192,208,224,240,256 motion_emb_sha=6960623c71458586 motion_pos_sha=630eed5d2ad0fee5 motion_mask=111111111111111110000000000000000000000000000000000000000000000000000000000000000000000000000000 mem_order_sha=3fa901451944a6ae motion_cols_sha=11afac2e3a295654 donor=None cover=exact:0,fallback:0,cycle:0,cross_seg:0 gate=none num_steps=10 act_sha=e68b59fefd1a23a0 infer_ms=69.3
INFO:mme_vla_suite.serving.websocket_policy_server:TIMING infer_ms=69.3
INFO:mme_vla_suite.serving.websocket_policy_server:TIMING add_buffer_ms=1461.1 frames=16 exec_start_idx=0
MV_INFER cond=normal split=test task=ButtonUnmask ep=5 ep_seq=2 infer_seq=20 t=304 es=0 k=18 motion_frames=0,16,32,48,64,80,96,112,128,144,160,176,192,208,224,240,256,272 motion_emb_sha=44cf28ed89122bab motion_pos_sha=7508bb7966bd8997 motion_mask=111111111111111111000000000000000000000000000000000000000000000000000000000000000000000000000000 mem_order_sha=7ec3836c904d86da motion_cols_sha=00e37dc990bcf6a9 donor=None cover=exact:0,fallback:0,cycle:0,cross_seg:0 gate=none num_steps=10 act_sha=a4d6a886340bdc33 infer_ms=69.8
INFO:mme_vla_suite.serving.websocket_policy_server:TIMING infer_ms=69.8
INFO:mme_vla_suite.serving.websocket_policy_server:TIMING add_buffer_ms=1461.3 frames=16 exec_start_idx=0
MV_INFER cond=normal split=test task=ButtonUnmask ep=5 ep_seq=2 infer_seq=21 t=320 es=0 k=19 motion_frames=0,16,32,48,64,80,96,112,128,144,160,176,192,208,224,240,256,272,288 motion_emb_sha=7d1c746dfbcea85a motion_pos_sha=27604282300f89dd motion_mask=111111111111111111100000000000000000000000000000000000000000000000000000000000000000000000000000 mem_order_sha=1bcee858ac8581ba motion_cols_sha=848fded77b707435 donor=None cover=exact:0,fallback:0,cycle:0,cross_seg:0 gate=none num_steps=10 act_sha=9a378819c95e8fca infer_ms=69.6
INFO:mme_vla_suite.serving.websocket_policy_server:TIMING infer_ms=69.6
INFO:mme_vla_suite.serving.websocket_policy_server:TIMING add_buffer_ms=1466.4 frames=16 exec_start_idx=0
MV_INFER cond=normal split=test task=ButtonUnmask ep=5 ep_seq=2 infer_seq=22 t=336 es=0 k=20 motion_frames=0,16,32,48,64,80,96,112,128,144,160,176,192,208,224,240,256,272,288,304 motion_emb_sha=ecf7ff0b6b13ea4f motion_pos_sha=82d754eb6c9c7d28 motion_mask=111111111111111111110000000000000000000000000000000000000000000000000000000000000000000000000000 mem_order_sha=8e4f7352af852292 motion_cols_sha=0957e9030d15feb5 donor=None cover=exact:0,fallback:0,cycle:0,cross_seg:0 gate=none num_steps=10 act_sha=d3892af9d855c534 infer_ms=69.3
INFO:mme_vla_suite.serving.websocket_policy_server:TIMING infer_ms=69.3
[sidecar pid=832983] 窗 #101 起点 320 耗时 1417 ms（累计 202s）
INFO:mme_vla_suite.serving.websocket_policy_server:TIMING add_buffer_ms=1461.2 frames=16 exec_start_idx=0
MV_INFER cond=normal split=test task=ButtonUnmask ep=5 ep_seq=2 infer_seq=23 t=352 es=0 k=21 motion_frames=0,16,32,48,64,80,96,112,128,144,160,176,192,208,224,240,256,272,288,304,320 motion_emb_sha=0eacf421192576a1 motion_pos_sha=b2ded91f4b1e3497 motion_mask=111111111111111111111000000000000000000000000000000000000000000000000000000000000000000000000000 mem_order_sha=e911ccd99a0e7698 motion_cols_sha=9639f994ec80e283 donor=None cover=exact:0,fallback:0,cycle:0,cross_seg:0 gate=none num_steps=10 act_sha=0a4a5ee535a185ca infer_ms=69.3
INFO:mme_vla_suite.serving.websocket_policy_server:TIMING infer_ms=69.3
INFO:mme_vla_suite.serving.websocket_policy_server:TIMING add_buffer_ms=1461.3 frames=16 exec_start_idx=0
MV_INFER cond=normal split=test task=ButtonUnmask ep=5 ep_seq=2 infer_seq=24 t=368 es=0 k=22 motion_frames=0,16,32,48,64,80,96,112,128,144,160,176,192,208,224,240,256,272,288,304,320,336 motion_emb_sha=08d9b1906d35a987 motion_pos_sha=02b5313d34dbb54d motion_mask=111111111111111111111100000000000000000000000000000000000000000000000000000000000000000000000000 mem_order_sha=a5e37ce80bde382c motion_cols_sha=4c78bbca76234a73 donor=None cover=exact:0,fallback:0,cycle:0,cross_seg:0 gate=none num_steps=10 act_sha=112c4ef7b51207bd infer_ms=69.7
INFO:mme_vla_suite.serving.websocket_policy_server:TIMING infer_ms=69.7
INFO:mme_vla_suite.serving.websocket_policy_server:TIMING add_buffer_ms=1465.2 frames=16 exec_start_idx=0
MV_INFER cond=normal split=test task=ButtonUnmask ep=5 ep_seq=2 infer_seq=25 t=384 es=0 k=23 motion_frames=0,16,32,48,64,80,96,112,128,144,160,176,192,208,224,240,256,272,288,304,320,336,352 motion_emb_sha=c742c719410ad070 motion_pos_sha=394430f2fe2a111f motion_mask=111111111111111111111110000000000000000000000000000000000000000000000000000000000000000000000000 mem_order_sha=ef888998c2ee9177 motion_cols_sha=d31a91eabb80a17e donor=None cover=exact:0,fallback:0,cycle:0,cross_seg:0 gate=none num_steps=10 act_sha=0c72760972a4f4f4 infer_ms=69.6
INFO:mme_vla_suite.serving.websocket_policy_server:TIMING infer_ms=69.6
INFO:mme_vla_suite.serving.websocket_policy_server:TIMING add_buffer_ms=1464.2 frames=16 exec_start_idx=0
MV_INFER cond=normal split=test task=ButtonUnmask ep=5 ep_seq=2 infer_seq=26 t=400 es=0 k=24 motion_frames=0,16,32,48,64,80,96,112,128,144,160,176,192,208,224,240,256,272,288,304,320,336,352,368 motion_emb_sha=7827420de49f8e58 motion_pos_sha=5af02f3dfcb16729 motion_mask=111111111111111111111111000000000000000000000000000000000000000000000000000000000000000000000000 mem_order_sha=a4b34693220533ac motion_cols_sha=470d57efa976fc1f donor=None cover=exact:0,fallback:0,cycle:0,cross_seg:0 gate=none num_steps=10 act_sha=e4aa75c4b1b85f38 infer_ms=69.3
INFO:mme_vla_suite.serving.websocket_policy_server:TIMING infer_ms=69.3
INFO:mme_vla_suite.serving.websocket_policy_server:TIMING add_buffer_ms=1464.3 frames=16 exec_start_idx=0
MV_INFER cond=normal split=test task=ButtonUnmask ep=5 ep_seq=2 infer_seq=27 t=416 es=0 k=25 motion_frames=0,16,32,48,64,80,96,112,128,144,160,176,192,208,224,240,256,272,288,304,320,336,352,368,384 motion_emb_sha=46f27f4ca6cd5b3a motion_pos_sha=6687fe3ef7ab6c31 motion_mask=111111111111111111111111100000000000000000000000000000000000000000000000000000000000000000000000 mem_order_sha=2e8f0f44cf91994f motion_cols_sha=25511e64898b44f0 donor=None cover=exact:0,fallback:0,cycle:0,cross_seg:0 gate=none num_steps=10 act_sha=acdd212cd62df781 infer_ms=69.6
INFO:mme_vla_suite.serving.websocket_policy_server:TIMING infer_ms=69.6
INFO:mme_vla_suite.serving.websocket_policy_server:TIMING add_buffer_ms=1464.8 frames=16 exec_start_idx=0
MV_INFER cond=normal split=test task=ButtonUnmask ep=5 ep_seq=2 infer_seq=28 t=432 es=0 k=26 motion_frames=0,16,32,48,64,80,96,112,128,144,160,176,192,208,224,240,256,272,288,304,320,336,352,368,384,400 motion_emb_sha=f599af03c865d86f motion_pos_sha=628a1d586ea0ead0 motion_mask=111111111111111111111111110000000000000000000000000000000000000000000000000000000000000000000000 mem_order_sha=7f421c86fa09d6ff motion_cols_sha=2fc323dd0f89e21e donor=None cover=exact:0,fallback:0,cycle:0,cross_seg:0 gate=none num_steps=10 act_sha=9399cd2e96276d94 infer_ms=69.4
INFO:mme_vla_suite.serving.websocket_policy_server:TIMING infer_ms=69.4
INFO:mme_vla_suite.serving.websocket_policy_server:TIMING add_buffer_ms=1463.8 frames=16 exec_start_idx=0
MV_INFER cond=normal split=test task=ButtonUnmask ep=5 ep_seq=2 infer_seq=29 t=448 es=0 k=27 motion_frames=0,16,32,48,64,80,96,112,128,144,160,176,192,208,224,240,256,272,288,304,320,336,352,368,384,400,416 motion_emb_sha=34587dbd4bbe652f motion_pos_sha=374d18e42d46d506 motion_mask=111111111111111111111111111000000000000000000000000000000000000000000000000000000000000000000000 mem_order_sha=a9601380358f26a3 motion_cols_sha=a013e7a2c5f47434 donor=None cover=exact:0,fallback:0,cycle:0,cross_seg:0 gate=none num_steps=10 act_sha=712b40e6ddbd802f infer_ms=69.9
INFO:mme_vla_suite.serving.websocket_policy_server:TIMING infer_ms=69.9
INFO:mme_vla_suite.serving.websocket_policy_server:TIMING add_buffer_ms=1461.9 frames=16 exec_start_idx=0
MV_INFER cond=normal split=test task=ButtonUnmask ep=5 ep_seq=2 infer_seq=30 t=464 es=0 k=28 motion_frames=0,16,32,48,64,80,96,112,128,144,160,176,192,208,224,240,256,272,288,304,320,336,352,368,384,400,416,432 motion_emb_sha=77dcb61837b0712f motion_pos_sha=c6f42c99e8bb04fc motion_mask=111111111111111111111111111100000000000000000000000000000000000000000000000000000000000000000000 mem_order_sha=597e8d7ec05b4d7c motion_cols_sha=454ac679a2eee33a donor=None cover=exact:0,fallback:0,cycle:0,cross_seg:0 gate=none num_steps=10 act_sha=576be346561d5f64 infer_ms=70.3
INFO:mme_vla_suite.serving.websocket_policy_server:TIMING infer_ms=70.3
INFO:mme_vla_suite.serving.websocket_policy_server:TIMING add_buffer_ms=1463.7 frames=16 exec_start_idx=0
MV_INFER cond=normal split=test task=ButtonUnmask ep=5 ep_seq=2 infer_seq=31 t=480 es=0 k=29 motion_frames=0,16,32,48,64,80,96,112,128,144,160,176,192,208,224,240,256,272,288,304,320,336,352,368,384,400,416,432,448 motion_emb_sha=f71fc57199ecefeb motion_pos_sha=5bec62c7b2782ab5 motion_mask=111111111111111111111111111110000000000000000000000000000000000000000000000000000000000000000000 mem_order_sha=969b025395b2669f motion_cols_sha=fa13d9c231b687f7 donor=None cover=exact:0,fallback:0,cycle:0,cross_seg:0 gate=none num_steps=10 act_sha=438dc36caca8c751 infer_ms=69.4
INFO:mme_vla_suite.serving.websocket_policy_server:TIMING infer_ms=69.4
INFO:mme_vla_suite.serving.websocket_policy_server:TIMING add_buffer_ms=1466.1 frames=16 exec_start_idx=0
MV_INFER cond=normal split=test task=ButtonUnmask ep=5 ep_seq=2 infer_seq=32 t=496 es=0 k=30 motion_frames=0,16,32,48,64,80,96,112,128,144,160,176,192,208,224,240,256,272,288,304,320,336,352,368,384,400,416,432,448,464 motion_emb_sha=fe11fe33bb1b9420 motion_pos_sha=77bb4a49f5f204a6 motion_mask=111111111111111111111111111111000000000000000000000000000000000000000000000000000000000000000000 mem_order_sha=8b9c911903d52ada motion_cols_sha=cf531ae59de60a74 donor=None cover=exact:0,fallback:0,cycle:0,cross_seg:0 gate=none num_steps=10 act_sha=13d7f81f877504f8 infer_ms=69.8
INFO:mme_vla_suite.serving.websocket_policy_server:TIMING infer_ms=69.8
INFO:mme_vla_suite.serving.websocket_policy_server:TIMING add_buffer_ms=1466.6 frames=16 exec_start_idx=0
MV_INFER cond=normal split=test task=ButtonUnmask ep=5 ep_seq=2 infer_seq=33 t=512 es=0 k=31 motion_frames=0,16,32,48,64,80,96,112,128,144,160,176,192,208,224,240,256,272,288,304,320,336,352,368,384,400,416,432,448,464,480 motion_emb_sha=6f927475a2d12837 motion_pos_sha=b5a830a451ce756a motion_mask=111111111111111111111111111111100000000000000000000000000000000000000000000000000000000000000000 mem_order_sha=3b34058d7f65364b motion_cols_sha=b3a6df354ab4d8c7 donor=None cover=exact:0,fallback:0,cycle:0,cross_seg:0 gate=none num_steps=10 act_sha=9337ffe106f5237c infer_ms=70.4
INFO:mme_vla_suite.serving.websocket_policy_server:TIMING infer_ms=70.4
INFO:mme_vla_suite.serving.websocket_policy_server:TIMING add_buffer_ms=1460.6 frames=16 exec_start_idx=0
MV_INFER cond=normal split=test task=ButtonUnmask ep=5 ep_seq=2 infer_seq=34 t=528 es=0 k=32 motion_frames=0,16,32,48,64,80,96,112,128,144,160,176,192,208,224,240,256,272,288,304,320,336,352,368,384,400,416,432,448,464,480,496 motion_emb_sha=e47d604971dd59ea motion_pos_sha=a31e40266e8ce975 motion_mask=111111111111111111111111111111110000000000000000000000000000000000000000000000000000000000000000 mem_order_sha=8810917fd8440e8c motion_cols_sha=1c1e3532088a7dfd donor=None cover=exact:0,fallback:0,cycle:0,cross_seg:0 gate=none num_steps=10 act_sha=aaafa8aeeecf34fc infer_ms=69.5
INFO:mme_vla_suite.serving.websocket_policy_server:TIMING infer_ms=69.5
INFO:mme_vla_suite.serving.websocket_policy_server:TIMING add_buffer_ms=1466.2 frames=16 exec_start_idx=0
MV_INFER cond=normal split=test task=ButtonUnmask ep=5 ep_seq=2 infer_seq=35 t=544 es=0 k=33 motion_frames=0,16,32,48,64,80,96,112,128,144,160,176,192,208,224,240,256,272,288,304,320,336,352,368,384,400,416,432,448,464,480,496,512 motion_emb_sha=c9bf61b5bbd5046b motion_pos_sha=eab0166000e0ada9 motion_mask=111111111111111111111111111111111000000000000000000000000000000000000000000000000000000000000000 mem_order_sha=84d9776f0a6388a9 motion_cols_sha=8e3bc15ec06039d9 donor=None cover=exact:0,fallback:0,cycle:0,cross_seg:0 gate=none num_steps=10 act_sha=3d7d2bdf765086d4 infer_ms=69.6
INFO:mme_vla_suite.serving.websocket_policy_server:TIMING infer_ms=69.6
INFO:mme_vla_suite.serving.websocket_policy_server:TIMING add_buffer_ms=1464.4 frames=16 exec_start_idx=0
MV_INFER cond=normal split=test task=ButtonUnmask ep=5 ep_seq=2 infer_seq=36 t=560 es=0 k=34 motion_frames=0,16,32,48,64,80,96,112,128,144,160,176,192,208,224,240,256,272,288,304,320,336,352,368,384,400,416,432,448,464,480,496,512,528 motion_emb_sha=e8a974d97489a20e motion_pos_sha=d43d8a704008daf6 motion_mask=111111111111111111111111111111111100000000000000000000000000000000000000000000000000000000000000 mem_order_sha=6eb9b3f8edf499e7 motion_cols_sha=ad5d71aad766a582 donor=None cover=exact:0,fallback:0,cycle:0,cross_seg:0 gate=none num_steps=10 act_sha=e26d9df49284458c infer_ms=69.7
INFO:mme_vla_suite.serving.websocket_policy_server:TIMING infer_ms=69.7
INFO:mme_vla_suite.serving.websocket_policy_server:TIMING add_buffer_ms=1465.6 frames=16 exec_start_idx=0
MV_INFER cond=normal split=test task=ButtonUnmask ep=5 ep_seq=2 infer_seq=37 t=576 es=0 k=35 motion_frames=0,16,32,48,64,80,96,112,128,144,160,176,192,208,224,240,256,272,288,304,320,336,352,368,384,400,416,432,448,464,480,496,512,528,544 motion_emb_sha=f0834bca16703312 motion_pos_sha=de94b3ba18baa253 motion_mask=111111111111111111111111111111111110000000000000000000000000000000000000000000000000000000000000 mem_order_sha=c7e0193d5f8c94eb motion_cols_sha=3b7f200dcc4a154e donor=None cover=exact:0,fallback:0,cycle:0,cross_seg:0 gate=none num_steps=10 act_sha=e2cf68772f13cf29 infer_ms=70.2
INFO:mme_vla_suite.serving.websocket_policy_server:TIMING infer_ms=70.2
INFO:mme_vla_suite.serving.websocket_policy_server:TIMING add_buffer_ms=1459.3 frames=16 exec_start_idx=0
MV_INFER cond=normal split=test task=ButtonUnmask ep=5 ep_seq=2 infer_seq=38 t=592 es=0 k=36 motion_frames=0,16,32,48,64,80,96,112,128,144,160,176,192,208,224,240,256,272,288,304,320,336,352,368,384,400,416,432,448,464,480,496,512,528,544,560 motion_emb_sha=86277ef8f83ccf89 motion_pos_sha=79d7ee4d77e92fb5 motion_mask=111111111111111111111111111111111111000000000000000000000000000000000000000000000000000000000000 mem_order_sha=d14c08e62b4e5277 motion_cols_sha=93f686b824d1c37a donor=None cover=exact:0,fallback:0,cycle:0,cross_seg:0 gate=none num_steps=10 act_sha=8cf33824c5c9dcad infer_ms=69.6
INFO:mme_vla_suite.serving.websocket_policy_server:TIMING infer_ms=69.6
INFO:mme_vla_suite.serving.websocket_policy_server:TIMING add_buffer_ms=1460.8 frames=16 exec_start_idx=0
MV_INFER cond=normal split=test task=ButtonUnmask ep=5 ep_seq=2 infer_seq=39 t=608 es=0 k=37 motion_frames=0,16,32,48,64,80,96,112,128,144,160,176,192,208,224,240,256,272,288,304,320,336,352,368,384,400,416,432,448,464,480,496,512,528,544,560,576 motion_emb_sha=d333135ab7ec2956 motion_pos_sha=ed409a2810446f17 motion_mask=111111111111111111111111111111111111100000000000000000000000000000000000000000000000000000000000 mem_order_sha=90d4662a192ae249 motion_cols_sha=3eadc43c4d943830 donor=None cover=exact:0,fallback:0,cycle:0,cross_seg:0 gate=none num_steps=10 act_sha=b0f0d9ec5b7ebe62 infer_ms=69.6
INFO:mme_vla_suite.serving.websocket_policy_server:TIMING infer_ms=69.6
INFO:mme_vla_suite.serving.websocket_policy_server:TIMING add_buffer_ms=1462.8 frames=16 exec_start_idx=0
MV_INFER cond=normal split=test task=ButtonUnmask ep=5 ep_seq=2 infer_seq=40 t=624 es=0 k=38 motion_frames=0,16,32,48,64,80,96,112,128,144,160,176,192,208,224,240,256,272,288,304,320,336,352,368,384,400,416,432,448,464,480,496,512,528,544,560,576,592 motion_emb_sha=3cc21f9b4700dcb9 motion_pos_sha=f11838ac6f537185 motion_mask=111111111111111111111111111111111111110000000000000000000000000000000000000000000000000000000000 mem_order_sha=0161c9793244f505 motion_cols_sha=6171a29cf75a582d donor=None cover=exact:0,fallback:0,cycle:0,cross_seg:0 gate=none num_steps=10 act_sha=30c5cdb2783cd47c infer_ms=69.8
INFO:mme_vla_suite.serving.websocket_policy_server:TIMING infer_ms=69.8
INFO:mme_vla_suite.serving.websocket_policy_server:TIMING add_buffer_ms=1465.1 frames=16 exec_start_idx=0
MV_INFER cond=normal split=test task=ButtonUnmask ep=5 ep_seq=2 infer_seq=41 t=640 es=0 k=39 motion_frames=0,16,32,48,64,80,96,112,128,144,160,176,192,208,224,240,256,272,288,304,320,336,352,368,384,400,416,432,448,464,480,496,512,528,544,560,576,592,608 motion_emb_sha=d53037e41cc8531f motion_pos_sha=bbe054d478576248 motion_mask=111111111111111111111111111111111111111000000000000000000000000000000000000000000000000000000000 mem_order_sha=3e28a574a561f529 motion_cols_sha=75706cddfb5a49b1 donor=None cover=exact:0,fallback:0,cycle:0,cross_seg:0 gate=none num_steps=10 act_sha=5de8c32da9442fc7 infer_ms=70.0
INFO:mme_vla_suite.serving.websocket_policy_server:TIMING infer_ms=70.0
INFO:mme_vla_suite.serving.websocket_policy_server:TIMING add_buffer_ms=1458.5 frames=16 exec_start_idx=0
MV_INFER cond=normal split=test task=ButtonUnmask ep=5 ep_seq=2 infer_seq=42 t=656 es=0 k=40 motion_frames=0,16,32,48,64,80,96,112,128,144,160,176,192,208,224,240,256,272,288,304,320,336,352,368,384,400,416,432,448,464,480,496,512,528,544,560,576,592,608,624 motion_emb_sha=d4539074badad575 motion_pos_sha=d87c3d15d15b51b8 motion_mask=111111111111111111111111111111111111111100000000000000000000000000000000000000000000000000000000 mem_order_sha=9a1d09ac748abb28 motion_cols_sha=fc48261a83a83b97 donor=None cover=exact:0,fallback:0,cycle:0,cross_seg:0 gate=none num_steps=10 act_sha=8207b0b81604ab7c infer_ms=69.9
INFO:mme_vla_suite.serving.websocket_policy_server:TIMING infer_ms=69.9
INFO:mme_vla_suite.serving.websocket_policy_server:TIMING add_buffer_ms=1459.1 frames=16 exec_start_idx=0
MV_INFER cond=normal split=test task=ButtonUnmask ep=5 ep_seq=2 infer_seq=43 t=672 es=0 k=41 motion_frames=0,16,32,48,64,80,96,112,128,144,160,176,192,208,224,240,256,272,288,304,320,336,352,368,384,400,416,432,448,464,480,496,512,528,544,560,576,592,608,624,640 motion_emb_sha=445e8ce841458d3b motion_pos_sha=305e09917e6fd5ac motion_mask=111111111111111111111111111111111111111110000000000000000000000000000000000000000000000000000000 mem_order_sha=1f18d2a138bd0bf9 motion_cols_sha=b7950317891542b4 donor=None cover=exact:0,fallback:0,cycle:0,cross_seg:0 gate=none num_steps=10 act_sha=03b46d249a5a202e infer_ms=69.6
INFO:mme_vla_suite.serving.websocket_policy_server:TIMING infer_ms=69.6
INFO:mme_vla_suite.serving.websocket_policy_server:TIMING add_buffer_ms=1460.4 frames=16 exec_start_idx=0
MV_INFER cond=normal split=test task=ButtonUnmask ep=5 ep_seq=2 infer_seq=44 t=688 es=0 k=42 motion_frames=0,16,32,48,64,80,96,112,128,144,160,176,192,208,224,240,256,272,288,304,320,336,352,368,384,400,416,432,448,464,480,496,512,528,544,560,576,592,608,624,640,656 motion_emb_sha=d768abba5e44e78a motion_pos_sha=d928bf4021ac4a4b motion_mask=111111111111111111111111111111111111111111000000000000000000000000000000000000000000000000000000 mem_order_sha=0e966687b726d076 motion_cols_sha=2ed9f2bde5da4470 donor=None cover=exact:0,fallback:0,cycle:0,cross_seg:0 gate=none num_steps=10 act_sha=61186e8bc0ad0529 infer_ms=69.8
INFO:mme_vla_suite.serving.websocket_policy_server:TIMING infer_ms=69.8
INFO:mme_vla_suite.serving.websocket_policy_server:TIMING add_buffer_ms=1468.9 frames=16 exec_start_idx=0
MV_INFER cond=normal split=test task=ButtonUnmask ep=5 ep_seq=2 infer_seq=45 t=704 es=0 k=43 motion_frames=0,16,32,48,64,80,96,112,128,144,160,176,192,208,224,240,256,272,288,304,320,336,352,368,384,400,416,432,448,464,480,496,512,528,544,560,576,592,608,624,640,656,672 motion_emb_sha=e1b9a706c929619f motion_pos_sha=df28f649d327f743 motion_mask=111111111111111111111111111111111111111111100000000000000000000000000000000000000000000000000000 mem_order_sha=64f5fc8956546c66 motion_cols_sha=9ac0355ab034292e donor=None cover=exact:0,fallback:0,cycle:0,cross_seg:0 gate=none num_steps=10 act_sha=3040e124a16a2406 infer_ms=69.7
INFO:mme_vla_suite.serving.websocket_policy_server:TIMING infer_ms=69.7
INFO:mme_vla_suite.serving.websocket_policy_server:TIMING add_buffer_ms=1463.7 frames=16 exec_start_idx=0
MV_INFER cond=normal split=test task=ButtonUnmask ep=5 ep_seq=2 infer_seq=46 t=720 es=0 k=44 motion_frames=0,16,32,48,64,80,96,112,128,144,160,176,192,208,224,240,256,272,288,304,320,336,352,368,384,400,416,432,448,464,480,496,512,528,544,560,576,592,608,624,640,656,672,688 motion_emb_sha=4bf154d7be13feeb motion_pos_sha=16c7916c2054109b motion_mask=111111111111111111111111111111111111111111110000000000000000000000000000000000000000000000000000 mem_order_sha=108683ecd06aac22 motion_cols_sha=5d9657c560621273 donor=None cover=exact:0,fallback:0,cycle:0,cross_seg:0 gate=none num_steps=10 act_sha=fbb1dde4480a4823 infer_ms=69.8
INFO:mme_vla_suite.serving.websocket_policy_server:TIMING infer_ms=69.8
INFO:mme_vla_suite.serving.websocket_policy_server:TIMING add_buffer_ms=1455.6 frames=16 exec_start_idx=0
MV_INFER cond=normal split=test task=ButtonUnmask ep=5 ep_seq=2 infer_seq=47 t=736 es=0 k=45 motion_frames=0,16,32,48,64,80,96,112,128,144,160,176,192,208,224,240,256,272,288,304,320,336,352,368,384,400,416,432,448,464,480,496,512,528,544,560,576,592,608,624,640,656,672,688,704 motion_emb_sha=bae758d8e35de82a motion_pos_sha=1a7312af6542d8c4 motion_mask=111111111111111111111111111111111111111111111000000000000000000000000000000000000000000000000000 mem_order_sha=334900ce00d4edee motion_cols_sha=6aa877e8836977cf donor=None cover=exact:0,fallback:0,cycle:0,cross_seg:0 gate=none num_steps=10 act_sha=74289fca9f6ab072 infer_ms=69.8
INFO:mme_vla_suite.serving.websocket_policy_server:TIMING infer_ms=69.8
INFO:mme_vla_suite.serving.websocket_policy_server:TIMING add_buffer_ms=1455.4 frames=16 exec_start_idx=0
MV_INFER cond=normal split=test task=ButtonUnmask ep=5 ep_seq=2 infer_seq=48 t=752 es=0 k=46 motion_frames=0,16,32,48,64,80,96,112,128,144,160,176,192,208,224,240,256,272,288,304,320,336,352,368,384,400,416,432,448,464,480,496,512,528,544,560,576,592,608,624,640,656,672,688,704,720 motion_emb_sha=62aed127657caffa motion_pos_sha=03f34ee9bd05979f motion_mask=111111111111111111111111111111111111111111111100000000000000000000000000000000000000000000000000 mem_order_sha=eb2eb2afcfeb1ad9 motion_cols_sha=5e7820a41ef36daa donor=None cover=exact:0,fallback:0,cycle:0,cross_seg:0 gate=none num_steps=10 act_sha=0847cb3dbdaec533 infer_ms=69.7
INFO:mme_vla_suite.serving.websocket_policy_server:TIMING infer_ms=69.7
INFO:mme_vla_suite.serving.websocket_policy_server:TIMING add_buffer_ms=1461.1 frames=16 exec_start_idx=0
MV_INFER cond=normal split=test task=ButtonUnmask ep=5 ep_seq=2 infer_seq=49 t=768 es=0 k=47 motion_frames=0,16,32,48,64,80,96,112,128,144,160,176,192,208,224,240,256,272,288,304,320,336,352,368,384,400,416,432,448,464,480,496,512,528,544,560,576,592,608,624,640,656,672,688,704,720,736 motion_emb_sha=0b04e5b8a3d55a49 motion_pos_sha=692cb599ce1428a7 motion_mask=111111111111111111111111111111111111111111111110000000000000000000000000000000000000000000000000 mem_order_sha=6562fcffed534ed6 motion_cols_sha=1759c66f866642dc donor=None cover=exact:0,fallback:0,cycle:0,cross_seg:0 gate=none num_steps=10 act_sha=4ee286402663f5e8 infer_ms=69.3
INFO:mme_vla_suite.serving.websocket_policy_server:TIMING infer_ms=69.3
INFO:mme_vla_suite.serving.websocket_policy_server:TIMING add_buffer_ms=1462.7 frames=16 exec_start_idx=0
MV_INFER cond=normal split=test task=ButtonUnmask ep=5 ep_seq=2 infer_seq=50 t=784 es=0 k=48 motion_frames=0,16,32,48,64,80,96,112,128,144,160,176,192,208,224,240,256,272,288,304,320,336,352,368,384,400,416,432,448,464,480,496,512,528,544,560,576,592,608,624,640,656,672,688,704,720,736,752 motion_emb_sha=d7d99222b4df5e8b motion_pos_sha=c3fe5e84b569016a motion_mask=111111111111111111111111111111111111111111111111000000000000000000000000000000000000000000000000 mem_order_sha=f1a8700e58c41cae motion_cols_sha=99e1f6e9f6bb9c4d donor=None cover=exact:0,fallback:0,cycle:0,cross_seg:0 gate=none num_steps=10 act_sha=e677cbef1dcb0603 infer_ms=69.7
INFO:mme_vla_suite.serving.websocket_policy_server:TIMING infer_ms=69.7
INFO:mme_vla_suite.serving.websocket_policy_server:TIMING add_buffer_ms=1458.8 frames=16 exec_start_idx=0
MV_INFER cond=normal split=test task=ButtonUnmask ep=5 ep_seq=2 infer_seq=51 t=800 es=0 k=49 motion_frames=0,16,32,48,64,80,96,112,128,144,160,176,192,208,224,240,256,272,288,304,320,336,352,368,384,400,416,432,448,464,480,496,512,528,544,560,576,592,608,624,640,656,672,688,704,720,736,752,768 motion_emb_sha=4bcc8a3edb095644 motion_pos_sha=680f129246f7b6f4 motion_mask=111111111111111111111111111111111111111111111111100000000000000000000000000000000000000000000000 mem_order_sha=2b5cfd5fc3095878 motion_cols_sha=0fbe01f7b49896a1 donor=None cover=exact:0,fallback:0,cycle:0,cross_seg:0 gate=none num_steps=10 act_sha=84da8f4971e125c9 infer_ms=69.6
INFO:mme_vla_suite.serving.websocket_policy_server:TIMING infer_ms=69.6
INFO:mme_vla_suite.serving.websocket_policy_server:TIMING add_buffer_ms=1460.5 frames=16 exec_start_idx=0
MV_INFER cond=normal split=test task=ButtonUnmask ep=5 ep_seq=2 infer_seq=52 t=816 es=0 k=50 motion_frames=0,16,32,48,64,80,96,112,128,144,160,176,192,208,224,240,256,272,288,304,320,336,352,368,384,400,416,432,448,464,480,496,512,528,544,560,576,592,608,624,640,656,672,688,704,720,736,752,768,784 motion_emb_sha=1f1fd7e21c3e7cb9 motion_pos_sha=2310564d1b9957fd motion_mask=111111111111111111111111111111111111111111111111110000000000000000000000000000000000000000000000 mem_order_sha=0121728e581ca339 motion_cols_sha=3146bf3efe6b3a23 donor=None cover=exact:0,fallback:0,cycle:0,cross_seg:0 gate=none num_steps=10 act_sha=6445bea989ee389c infer_ms=69.6
INFO:mme_vla_suite.serving.websocket_policy_server:TIMING infer_ms=69.6
INFO:mme_vla_suite.serving.websocket_policy_server:TIMING add_buffer_ms=1471.9 frames=16 exec_start_idx=0
MV_INFER cond=normal split=test task=ButtonUnmask ep=5 ep_seq=2 infer_seq=53 t=832 es=0 k=51 motion_frames=0,16,32,48,64,80,96,112,128,144,160,176,192,208,224,240,256,272,288,304,320,336,352,368,384,400,416,432,448,464,480,496,512,528,544,560,576,592,608,624,640,656,672,688,704,720,736,752,768,784,800 motion_emb_sha=b42d570045bfd641 motion_pos_sha=600430e170ebc9a0 motion_mask=111111111111111111111111111111111111111111111111111000000000000000000000000000000000000000000000 mem_order_sha=875f38b8693b6012 motion_cols_sha=d23bb84a612c3654 donor=None cover=exact:0,fallback:0,cycle:0,cross_seg:0 gate=none num_steps=10 act_sha=fcdb5ffd36375286 infer_ms=69.7
INFO:mme_vla_suite.serving.websocket_policy_server:TIMING infer_ms=69.7
INFO:mme_vla_suite.serving.websocket_policy_server:TIMING add_buffer_ms=1464.8 frames=16 exec_start_idx=0
MV_INFER cond=normal split=test task=ButtonUnmask ep=5 ep_seq=2 infer_seq=54 t=848 es=0 k=52 motion_frames=0,16,32,48,64,80,96,112,128,144,160,176,192,208,224,240,256,272,288,304,320,336,352,368,384,400,416,432,448,464,480,496,512,528,544,560,576,592,608,624,640,656,672,688,704,720,736,752,768,784,800,816 motion_emb_sha=fe7f819b8253a002 motion_pos_sha=2d007f1393a57404 motion_mask=111111111111111111111111111111111111111111111111111100000000000000000000000000000000000000000000 mem_order_sha=8cda0cc9e165fc7b motion_cols_sha=6ea7276cd41fa784 donor=None cover=exact:0,fallback:0,cycle:0,cross_seg:0 gate=none num_steps=10 act_sha=46e411e70f038aa5 infer_ms=69.8
INFO:mme_vla_suite.serving.websocket_policy_server:TIMING infer_ms=69.8
INFO:mme_vla_suite.serving.websocket_policy_server:TIMING add_buffer_ms=1459.9 frames=16 exec_start_idx=0
MV_INFER cond=normal split=test task=ButtonUnmask ep=5 ep_seq=2 infer_seq=55 t=864 es=0 k=53 motion_frames=0,16,32,48,64,80,96,112,128,144,160,176,192,208,224,240,256,272,288,304,320,336,352,368,384,400,416,432,448,464,480,496,512,528,544,560,576,592,608,624,640,656,672,688,704,720,736,752,768,784,800,816,832 motion_emb_sha=f2696c1234aa5e9b motion_pos_sha=f42da141b1d4c82c motion_mask=111111111111111111111111111111111111111111111111111110000000000000000000000000000000000000000000 mem_order_sha=0dabd1444bc80074 motion_cols_sha=89f30c99564ea731 donor=None cover=exact:0,fallback:0,cycle:0,cross_seg:0 gate=none num_steps=10 act_sha=9c005f236f334fab infer_ms=69.3
INFO:mme_vla_suite.serving.websocket_policy_server:TIMING infer_ms=69.3
INFO:mme_vla_suite.serving.websocket_policy_server:TIMING add_buffer_ms=1464.3 frames=16 exec_start_idx=0
MV_INFER cond=normal split=test task=ButtonUnmask ep=5 ep_seq=2 infer_seq=56 t=880 es=0 k=54 motion_frames=0,16,32,48,64,80,96,112,128,144,160,176,192,208,224,240,256,272,288,304,320,336,352,368,384,400,416,432,448,464,480,496,512,528,544,560,576,592,608,624,640,656,672,688,704,720,736,752,768,784,800,816,832,848 motion_emb_sha=267f9505a7a0cc0b motion_pos_sha=01060eddb55ef662 motion_mask=111111111111111111111111111111111111111111111111111111000000000000000000000000000000000000000000 mem_order_sha=a4e3eafb5ffafe0b motion_cols_sha=e349514dca693b7f donor=None cover=exact:0,fallback:0,cycle:0,cross_seg:0 gate=none num_steps=10 act_sha=074592d790838366 infer_ms=69.4
INFO:mme_vla_suite.serving.websocket_policy_server:TIMING infer_ms=69.4
INFO:mme_vla_suite.serving.websocket_policy_server:TIMING add_buffer_ms=1466.6 frames=16 exec_start_idx=0
MV_INFER cond=normal split=test task=ButtonUnmask ep=5 ep_seq=2 infer_seq=57 t=896 es=0 k=55 motion_frames=0,16,32,48,64,80,96,112,128,144,160,176,192,208,224,240,256,272,288,304,320,336,352,368,384,400,416,432,448,464,480,496,512,528,544,560,576,592,608,624,640,656,672,688,704,720,736,752,768,784,800,816,832,848,864 motion_emb_sha=402caaeea96d4ecc motion_pos_sha=73234d7bb22f2334 motion_mask=111111111111111111111111111111111111111111111111111111100000000000000000000000000000000000000000 mem_order_sha=395346a4f540e9de motion_cols_sha=078b54ea6363443a donor=None cover=exact:0,fallback:0,cycle:0,cross_seg:0 gate=none num_steps=10 act_sha=c7c4e8b37df3ae17 infer_ms=69.3
INFO:mme_vla_suite.serving.websocket_policy_server:TIMING infer_ms=69.3
INFO:mme_vla_suite.serving.websocket_policy_server:TIMING add_buffer_ms=1467.3 frames=16 exec_start_idx=0
MV_INFER cond=normal split=test task=ButtonUnmask ep=5 ep_seq=2 infer_seq=58 t=912 es=0 k=56 motion_frames=0,16,32,48,64,80,96,112,128,144,160,176,192,208,224,240,256,272,288,304,320,336,352,368,384,400,416,432,448,464,480,496,512,528,544,560,576,592,608,624,640,656,672,688,704,720,736,752,768,784,800,816,832,848,864,880 motion_emb_sha=c98272acb435f2f8 motion_pos_sha=e1476f70fa43befe motion_mask=111111111111111111111111111111111111111111111111111111110000000000000000000000000000000000000000 mem_order_sha=3476e1e03f0ca6e3 motion_cols_sha=a5aa69c91f1f7b29 donor=None cover=exact:0,fallback:0,cycle:0,cross_seg:0 gate=none num_steps=10 act_sha=bb24648cb686eb9d infer_ms=69.3
INFO:mme_vla_suite.serving.websocket_policy_server:TIMING infer_ms=69.3
INFO:mme_vla_suite.serving.websocket_policy_server:TIMING add_buffer_ms=1456.6 frames=16 exec_start_idx=0
MV_INFER cond=normal split=test task=ButtonUnmask ep=5 ep_seq=2 infer_seq=59 t=928 es=0 k=57 motion_frames=0,16,32,48,64,80,96,112,128,144,160,176,192,208,224,240,256,272,288,304,320,336,352,368,384,400,416,432,448,464,480,496,512,528,544,560,576,592,608,624,640,656,672,688,704,720,736,752,768,784,800,816,832,848,864,880,896 motion_emb_sha=e66419f2ecd3e947 motion_pos_sha=bca8ade9114e0e68 motion_mask=111111111111111111111111111111111111111111111111111111111000000000000000000000000000000000000000 mem_order_sha=a777cdac8f3e3557 motion_cols_sha=2da46f232ede0f69 donor=None cover=exact:0,fallback:0,cycle:0,cross_seg:0 gate=none num_steps=10 act_sha=548d8015b57b1fe3 infer_ms=69.9
INFO:mme_vla_suite.serving.websocket_policy_server:TIMING infer_ms=69.9
INFO:mme_vla_suite.serving.websocket_policy_server:TIMING add_buffer_ms=1456.5 frames=16 exec_start_idx=0
MV_INFER cond=normal split=test task=ButtonUnmask ep=5 ep_seq=2 infer_seq=60 t=944 es=0 k=58 motion_frames=0,16,32,48,64,80,96,112,128,144,160,176,192,208,224,240,256,272,288,304,320,336,352,368,384,400,416,432,448,464,480,496,512,528,544,560,576,592,608,624,640,656,672,688,704,720,736,752,768,784,800,816,832,848,864,880,896,912 motion_emb_sha=9c1a8b14696e7a20 motion_pos_sha=34b7233dd99a2db0 motion_mask=111111111111111111111111111111111111111111111111111111111100000000000000000000000000000000000000 mem_order_sha=6320e4ba2d244586 motion_cols_sha=3b208a16db9ab136 donor=None cover=exact:0,fallback:0,cycle:0,cross_seg:0 gate=none num_steps=10 act_sha=270c62dbf18ba5a3 infer_ms=69.4
INFO:mme_vla_suite.serving.websocket_policy_server:TIMING infer_ms=69.4
INFO:mme_vla_suite.serving.websocket_policy_server:TIMING add_buffer_ms=1459.6 frames=16 exec_start_idx=0
MV_INFER cond=normal split=test task=ButtonUnmask ep=5 ep_seq=2 infer_seq=61 t=960 es=0 k=59 motion_frames=0,16,32,48,64,80,96,112,128,144,160,176,192,208,224,240,256,272,288,304,320,336,352,368,384,400,416,432,448,464,480,496,512,528,544,560,576,592,608,624,640,656,672,688,704,720,736,752,768,784,800,816,832,848,864,880,896,912,928 motion_emb_sha=1a8d77b864f1ef01 motion_pos_sha=cb7f48c244f6b94b motion_mask=111111111111111111111111111111111111111111111111111111111110000000000000000000000000000000000000 mem_order_sha=39c29249fe13bc2b motion_cols_sha=3e0e13de4529aac8 donor=None cover=exact:0,fallback:0,cycle:0,cross_seg:0 gate=none num_steps=10 act_sha=260cb1825af021d3 infer_ms=69.3
INFO:mme_vla_suite.serving.websocket_policy_server:TIMING infer_ms=69.3
INFO:mme_vla_suite.serving.websocket_policy_server:TIMING add_buffer_ms=1457.7 frames=16 exec_start_idx=0
MV_INFER cond=normal split=test task=ButtonUnmask ep=5 ep_seq=2 infer_seq=62 t=976 es=0 k=60 motion_frames=0,16,32,48,64,80,96,112,128,144,160,176,192,208,224,240,256,272,288,304,320,336,352,368,384,400,416,432,448,464,480,496,512,528,544,560,576,592,608,624,640,656,672,688,704,720,736,752,768,784,800,816,832,848,864,880,896,912,928,944 motion_emb_sha=33e3f47c29054a7c motion_pos_sha=0c8df1a6e41b5e23 motion_mask=111111111111111111111111111111111111111111111111111111111111000000000000000000000000000000000000 mem_order_sha=20d30cf76b3da92d motion_cols_sha=d14deafb868159f6 donor=None cover=exact:0,fallback:0,cycle:0,cross_seg:0 gate=none num_steps=10 act_sha=bcb43def38cbfd1a infer_ms=69.5
INFO:mme_vla_suite.serving.websocket_policy_server:TIMING infer_ms=69.5
INFO:mme_vla_suite.serving.websocket_policy_server:TIMING add_buffer_ms=1459.4 frames=16 exec_start_idx=0
MV_INFER cond=normal split=test task=ButtonUnmask ep=5 ep_seq=2 infer_seq=63 t=992 es=0 k=61 motion_frames=0,16,32,48,64,80,96,112,128,144,160,176,192,208,224,240,256,272,288,304,320,336,352,368,384,400,416,432,448,464,480,496,512,528,544,560,576,592,608,624,640,656,672,688,704,720,736,752,768,784,800,816,832,848,864,880,896,912,928,944,960 motion_emb_sha=8e44bae2f7618edd motion_pos_sha=6969e5ef8a2647ad motion_mask=111111111111111111111111111111111111111111111111111111111111100000000000000000000000000000000000 mem_order_sha=ea99f596f81da8fb motion_cols_sha=e49e1ad67faf939a donor=None cover=exact:0,fallback:0,cycle:0,cross_seg:0 gate=none num_steps=10 act_sha=2389af6479118ffb infer_ms=69.7
INFO:mme_vla_suite.serving.websocket_policy_server:TIMING infer_ms=69.7
INFO:mme_vla_suite.serving.websocket_policy_server:TIMING add_buffer_ms=1463.7 frames=16 exec_start_idx=0
MV_INFER cond=normal split=test task=ButtonUnmask ep=5 ep_seq=2 infer_seq=64 t=1008 es=0 k=62 motion_frames=0,16,32,48,64,80,96,112,128,144,160,176,192,208,224,240,256,272,288,304,320,336,352,368,384,400,416,432,448,464,480,496,512,528,544,560,576,592,608,624,640,656,672,688,704,720,736,752,768,784,800,816,832,848,864,880,896,912,928,944,960,976 motion_emb_sha=506ade0cfa86bb37 motion_pos_sha=68a304bc0f81b2d1 motion_mask=111111111111111111111111111111111111111111111111111111111111110000000000000000000000000000000000 mem_order_sha=cb85039bc8deeee3 motion_cols_sha=9f68376775df092c donor=None cover=exact:0,fallback:0,cycle:0,cross_seg:0 gate=none num_steps=10 act_sha=4d93958f18bd1de5 infer_ms=69.6
INFO:mme_vla_suite.serving.websocket_policy_server:TIMING infer_ms=69.6
INFO:mme_vla_suite.serving.websocket_policy_server:TIMING add_buffer_ms=1458.2 frames=16 exec_start_idx=0
MV_INFER cond=normal split=test task=ButtonUnmask ep=5 ep_seq=2 infer_seq=65 t=1024 es=0 k=63 motion_frames=0,16,32,48,64,80,96,112,128,144,160,176,192,208,224,240,256,272,288,304,320,336,352,368,384,400,416,432,448,464,480,496,512,528,544,560,576,592,608,624,640,656,672,688,704,720,736,752,768,784,800,816,832,848,864,880,896,912,928,944,960,976,992 motion_emb_sha=3131a898ee171eab motion_pos_sha=3a3d8e518a7990d0 motion_mask=111111111111111111111111111111111111111111111111111111111111111000000000000000000000000000000000 mem_order_sha=11fb4b3c9a39ff46 motion_cols_sha=84d86e447056559d donor=None cover=exact:0,fallback:0,cycle:0,cross_seg:0 gate=none num_steps=10 act_sha=052e91be69793a4d infer_ms=69.7
INFO:mme_vla_suite.serving.websocket_policy_server:TIMING infer_ms=69.7
INFO:mme_vla_suite.serving.websocket_policy_server:TIMING add_buffer_ms=1459.2 frames=16 exec_start_idx=0
MV_INFER cond=normal split=test task=ButtonUnmask ep=5 ep_seq=2 infer_seq=66 t=1040 es=0 k=64 motion_frames=0,16,32,48,64,80,96,112,128,144,160,176,192,208,224,240,256,272,288,304,320,336,352,368,384,400,416,432,448,464,480,496,512,528,544,560,576,592,608,624,640,656,672,688,704,720,736,752,768,784,800,816,832,848,864,880,896,912,928,944,960,976,992,1008 motion_emb_sha=41e0702f2681f2c9 motion_pos_sha=53ffaa05042f1487 motion_mask=111111111111111111111111111111111111111111111111111111111111111100000000000000000000000000000000 mem_order_sha=173c4f5cff3909ff motion_cols_sha=6b874a13dc5773fe donor=None cover=exact:0,fallback:0,cycle:0,cross_seg:0 gate=none num_steps=10 act_sha=8882805fdf9bf52a infer_ms=69.3
INFO:mme_vla_suite.serving.websocket_policy_server:TIMING infer_ms=69.3
INFO:mme_vla_suite.serving.websocket_policy_server:TIMING add_buffer_ms=1463.9 frames=16 exec_start_idx=0
MV_INFER cond=normal split=test task=ButtonUnmask ep=5 ep_seq=2 infer_seq=67 t=1056 es=0 k=65 motion_frames=0,16,32,48,64,80,96,112,128,144,160,176,192,208,224,240,256,272,288,304,320,336,352,368,384,400,416,432,448,464,480,496,512,528,544,560,576,592,608,624,640,656,672,688,704,720,736,752,768,784,800,816,832,848,864,880,896,912,928,944,960,976,992,1008,1024 motion_emb_sha=1a92a6f48ea03c15 motion_pos_sha=c418e4d946bed0c9 motion_mask=111111111111111111111111111111111111111111111111111111111111111110000000000000000000000000000000 mem_order_sha=92dea94c12a99a47 motion_cols_sha=52b8373c7987aeda donor=None cover=exact:0,fallback:0,cycle:0,cross_seg:0 gate=none num_steps=10 act_sha=d7aec4f057e1a85a infer_ms=69.4
INFO:mme_vla_suite.serving.websocket_policy_server:TIMING infer_ms=69.4
INFO:mme_vla_suite.serving.websocket_policy_server:TIMING add_buffer_ms=1464.9 frames=16 exec_start_idx=0
MV_INFER cond=normal split=test task=ButtonUnmask ep=5 ep_seq=2 infer_seq=68 t=1072 es=0 k=66 motion_frames=0,16,32,48,64,80,96,112,128,144,160,176,192,208,224,240,256,272,288,304,320,336,352,368,384,400,416,432,448,464,480,496,512,528,544,560,576,592,608,624,640,656,672,688,704,720,736,752,768,784,800,816,832,848,864,880,896,912,928,944,960,976,992,1008,1024,1040 motion_emb_sha=62d4b2d85dc463a6 motion_pos_sha=4be728651e8fa641 motion_mask=111111111111111111111111111111111111111111111111111111111111111111000000000000000000000000000000 mem_order_sha=5f81dcb5ffcc7505 motion_cols_sha=4e8d37dd9b433350 donor=None cover=exact:0,fallback:0,cycle:0,cross_seg:0 gate=none num_steps=10 act_sha=7d0c0f4402e6e4f1 infer_ms=69.4
INFO:mme_vla_suite.serving.websocket_policy_server:TIMING infer_ms=69.4
INFO:mme_vla_suite.serving.websocket_policy_server:TIMING add_buffer_ms=1466.8 frames=16 exec_start_idx=0
MV_INFER cond=normal split=test task=ButtonUnmask ep=5 ep_seq=2 infer_seq=69 t=1088 es=0 k=67 motion_frames=0,16,32,48,64,80,96,112,128,144,160,176,192,208,224,240,256,272,288,304,320,336,352,368,384,400,416,432,448,464,480,496,512,528,544,560,576,592,608,624,640,656,672,688,704,720,736,752,768,784,800,816,832,848,864,880,896,912,928,944,960,976,992,1008,1024,1040,1056 motion_emb_sha=5c572f563f4d975f motion_pos_sha=4be2cf300c672914 motion_mask=111111111111111111111111111111111111111111111111111111111111111111100000000000000000000000000000 mem_order_sha=ed1cfe5e10d900a5 motion_cols_sha=9f325d883e270012 donor=None cover=exact:0,fallback:0,cycle:0,cross_seg:0 gate=none num_steps=10 act_sha=93109068d511ddb0 infer_ms=69.7
INFO:mme_vla_suite.serving.websocket_policy_server:TIMING infer_ms=69.7
INFO:mme_vla_suite.serving.websocket_policy_server:TIMING add_buffer_ms=1460.6 frames=16 exec_start_idx=0
MV_INFER cond=normal split=test task=ButtonUnmask ep=5 ep_seq=2 infer_seq=70 t=1104 es=0 k=68 motion_frames=0,16,32,48,64,80,96,112,128,144,160,176,192,208,224,240,256,272,288,304,320,336,352,368,384,400,416,432,448,464,480,496,512,528,544,560,576,592,608,624,640,656,672,688,704,720,736,752,768,784,800,816,832,848,864,880,896,912,928,944,960,976,992,1008,1024,1040,1056,1072 motion_emb_sha=717005b656a9a8f0 motion_pos_sha=f1771cc9a7c1c81a motion_mask=111111111111111111111111111111111111111111111111111111111111111111110000000000000000000000000000 mem_order_sha=2b2ce7eded738651 motion_cols_sha=e1d7e941199ff79f donor=None cover=exact:0,fallback:0,cycle:0,cross_seg:0 gate=none num_steps=10 act_sha=a3261cfce0b1af33 infer_ms=69.2
INFO:mme_vla_suite.serving.websocket_policy_server:TIMING infer_ms=69.2
INFO:mme_vla_suite.serving.websocket_policy_server:TIMING add_buffer_ms=1464.8 frames=16 exec_start_idx=0
MV_INFER cond=normal split=test task=ButtonUnmask ep=5 ep_seq=2 infer_seq=71 t=1120 es=0 k=69 motion_frames=0,16,32,48,64,80,96,112,128,144,160,176,192,208,224,240,256,272,288,304,320,336,352,368,384,400,416,432,448,464,480,496,512,528,544,560,576,592,608,624,640,656,672,688,704,720,736,752,768,784,800,816,832,848,864,880,896,912,928,944,960,976,992,1008,1024,1040,1056,1072,1088 motion_emb_sha=ce9e07fe5a896956 motion_pos_sha=64e385d9c7350895 motion_mask=111111111111111111111111111111111111111111111111111111111111111111111000000000000000000000000000 mem_order_sha=bd58339f940fb782 motion_cols_sha=e969946faa6cf423 donor=None cover=exact:0,fallback:0,cycle:0,cross_seg:0 gate=none num_steps=10 act_sha=91c576cf2fc30e03 infer_ms=69.2
INFO:mme_vla_suite.serving.websocket_policy_server:TIMING infer_ms=69.2
INFO:mme_vla_suite.serving.websocket_policy_server:TIMING add_buffer_ms=1458.5 frames=16 exec_start_idx=0
MV_INFER cond=normal split=test task=ButtonUnmask ep=5 ep_seq=2 infer_seq=72 t=1136 es=0 k=70 motion_frames=0,16,32,48,64,80,96,112,128,144,160,176,192,208,224,240,256,272,288,304,320,336,352,368,384,400,416,432,448,464,480,496,512,528,544,560,576,592,608,624,640,656,672,688,704,720,736,752,768,784,800,816,832,848,864,880,896,912,928,944,960,976,992,1008,1024,1040,1056,1072,1088,1104 motion_emb_sha=563c0b30ed57a60b motion_pos_sha=02413430471dedfa motion_mask=111111111111111111111111111111111111111111111111111111111111111111111100000000000000000000000000 mem_order_sha=0b404dd327a8564d motion_cols_sha=87fa21f0aa357e1d donor=None cover=exact:0,fallback:0,cycle:0,cross_seg:0 gate=none num_steps=10 act_sha=a0bb00d457600382 infer_ms=69.7
INFO:mme_vla_suite.serving.websocket_policy_server:TIMING infer_ms=69.7
[sidecar pid=832983] 窗 #151 起点 1120 耗时 1415 ms（累计 292s）
INFO:mme_vla_suite.serving.websocket_policy_server:TIMING add_buffer_ms=1461.9 frames=16 exec_start_idx=0
MV_INFER cond=normal split=test task=ButtonUnmask ep=5 ep_seq=2 infer_seq=73 t=1152 es=0 k=71 motion_frames=0,16,32,48,64,80,96,112,128,144,160,176,192,208,224,240,256,272,288,304,320,336,352,368,384,400,416,432,448,464,480,496,512,528,544,560,576,592,608,624,640,656,672,688,704,720,736,752,768,784,800,816,832,848,864,880,896,912,928,944,960,976,992,1008,1024,1040,1056,1072,1088,1104,1120 motion_emb_sha=7e720dda0fc68814 motion_pos_sha=fab88c141df710d5 motion_mask=111111111111111111111111111111111111111111111111111111111111111111111110000000000000000000000000 mem_order_sha=a889ac580cefd71c motion_cols_sha=3c468ad914141d0d donor=None cover=exact:0,fallback:0,cycle:0,cross_seg:0 gate=none num_steps=10 act_sha=3a42df4f1107c493 infer_ms=69.3
INFO:mme_vla_suite.serving.websocket_policy_server:TIMING infer_ms=69.3
INFO:mme_vla_suite.serving.websocket_policy_server:TIMING add_buffer_ms=1461.8 frames=16 exec_start_idx=0
MV_INFER cond=normal split=test task=ButtonUnmask ep=5 ep_seq=2 infer_seq=74 t=1168 es=0 k=72 motion_frames=0,16,32,48,64,80,96,112,128,144,160,176,192,208,224,240,256,272,288,304,320,336,352,368,384,400,416,432,448,464,480,496,512,528,544,560,576,592,608,624,640,656,672,688,704,720,736,752,768,784,800,816,832,848,864,880,896,912,928,944,960,976,992,1008,1024,1040,1056,1072,1088,1104,1120,1136 motion_emb_sha=a255b07157ef43ef motion_pos_sha=d6a6837d103909b7 motion_mask=111111111111111111111111111111111111111111111111111111111111111111111111000000000000000000000000 mem_order_sha=d483b82ad6dc5168 motion_cols_sha=0c6c7ed6aacf4632 donor=None cover=exact:0,fallback:0,cycle:0,cross_seg:0 gate=none num_steps=10 act_sha=41f80f8925eefbd0 infer_ms=69.5
INFO:mme_vla_suite.serving.websocket_policy_server:TIMING infer_ms=69.5
INFO:mme_vla_suite.serving.websocket_policy_server:TIMING add_buffer_ms=1460.4 frames=16 exec_start_idx=0
MV_INFER cond=normal split=test task=ButtonUnmask ep=5 ep_seq=2 infer_seq=75 t=1184 es=0 k=73 motion_frames=0,16,32,48,64,80,96,112,128,144,160,176,192,208,224,240,256,272,288,304,320,336,352,368,384,400,416,432,448,464,480,496,512,528,544,560,576,592,608,624,640,656,672,688,704,720,736,752,768,784,800,816,832,848,864,880,896,912,928,944,960,976,992,1008,1024,1040,1056,1072,1088,1104,1120,1136,1152 motion_emb_sha=583cac73956aba44 motion_pos_sha=b9f2cb6eb308ecb4 motion_mask=111111111111111111111111111111111111111111111111111111111111111111111111100000000000000000000000 mem_order_sha=d02d0aed837362f6 motion_cols_sha=2a3614e2ed121717 donor=None cover=exact:0,fallback:0,cycle:0,cross_seg:0 gate=none num_steps=10 act_sha=8c55c50ea2845002 infer_ms=69.8
INFO:mme_vla_suite.serving.websocket_policy_server:TIMING infer_ms=69.8
INFO:mme_vla_suite.serving.websocket_policy_server:TIMING add_buffer_ms=1456.2 frames=16 exec_start_idx=0
MV_INFER cond=normal split=test task=ButtonUnmask ep=5 ep_seq=2 infer_seq=76 t=1200 es=0 k=74 motion_frames=0,16,32,48,64,80,96,112,128,144,160,176,192,208,224,240,256,272,288,304,320,336,352,368,384,400,416,432,448,464,480,496,512,528,544,560,576,592,608,624,640,656,672,688,704,720,736,752,768,784,800,816,832,848,864,880,896,912,928,944,960,976,992,1008,1024,1040,1056,1072,1088,1104,1120,1136,1152,1168 motion_emb_sha=619aecb771d3591a motion_pos_sha=c16da1b65c95ec2c motion_mask=111111111111111111111111111111111111111111111111111111111111111111111111110000000000000000000000 mem_order_sha=5e6b887dca10ded1 motion_cols_sha=0637e352fbbaefdf donor=None cover=exact:0,fallback:0,cycle:0,cross_seg:0 gate=none num_steps=10 act_sha=446e6c52d925ab2d infer_ms=70.0
INFO:mme_vla_suite.serving.websocket_policy_server:TIMING infer_ms=70.0
INFO:mme_vla_suite.serving.websocket_policy_server:TIMING add_buffer_ms=1459.5 frames=16 exec_start_idx=0
MV_INFER cond=normal split=test task=ButtonUnmask ep=5 ep_seq=2 infer_seq=77 t=1216 es=0 k=75 motion_frames=0,16,32,48,64,80,96,112,128,144,160,176,192,208,224,240,256,272,288,304,320,336,352,368,384,400,416,432,448,464,480,496,512,528,544,560,576,592,608,624,640,656,672,688,704,720,736,752,768,784,800,816,832,848,864,880,896,912,928,944,960,976,992,1008,1024,1040,1056,1072,1088,1104,1120,1136,1152,1168,1184 motion_emb_sha=955a77a2f928befd motion_pos_sha=6aa36bab2e46f370 motion_mask=111111111111111111111111111111111111111111111111111111111111111111111111111000000000000000000000 mem_order_sha=d100c887873fb6e6 motion_cols_sha=846007b9906b64ef donor=None cover=exact:0,fallback:0,cycle:0,cross_seg:0 gate=none num_steps=10 act_sha=cb3e8089a86d0967 infer_ms=69.2
INFO:mme_vla_suite.serving.websocket_policy_server:TIMING infer_ms=69.2
INFO:mme_vla_suite.serving.websocket_policy_server:TIMING add_buffer_ms=1464.2 frames=16 exec_start_idx=0
MV_INFER cond=normal split=test task=ButtonUnmask ep=5 ep_seq=2 infer_seq=78 t=1232 es=0 k=76 motion_frames=0,16,32,48,64,80,96,112,128,144,160,176,192,208,224,240,256,272,288,304,320,336,352,368,384,400,416,432,448,464,480,496,512,528,544,560,576,592,608,624,640,656,672,688,704,720,736,752,768,784,800,816,832,848,864,880,896,912,928,944,960,976,992,1008,1024,1040,1056,1072,1088,1104,1120,1136,1152,1168,1184,1200 motion_emb_sha=659ccf6602852145 motion_pos_sha=39a2d766dea0ddac motion_mask=111111111111111111111111111111111111111111111111111111111111111111111111111100000000000000000000 mem_order_sha=601ccd8775c9d37f motion_cols_sha=fb27e958d1ca6acf donor=None cover=exact:0,fallback:0,cycle:0,cross_seg:0 gate=none num_steps=10 act_sha=a8526ef1a3890215 infer_ms=70.4
INFO:mme_vla_suite.serving.websocket_policy_server:TIMING infer_ms=70.4
INFO:mme_vla_suite.serving.websocket_policy_server:TIMING add_buffer_ms=1464.5 frames=16 exec_start_idx=0
MV_INFER cond=normal split=test task=ButtonUnmask ep=5 ep_seq=2 infer_seq=79 t=1248 es=0 k=77 motion_frames=0,16,32,48,64,80,96,112,128,144,160,176,192,208,224,240,256,272,288,304,320,336,352,368,384,400,416,432,448,464,480,496,512,528,544,560,576,592,608,624,640,656,672,688,704,720,736,752,768,784,800,816,832,848,864,880,896,912,928,944,960,976,992,1008,1024,1040,1056,1072,1088,1104,1120,1136,1152,1168,1184,1200,1216 motion_emb_sha=a6a6ec691f7973f8 motion_pos_sha=6ed6eeb0d66bd601 motion_mask=111111111111111111111111111111111111111111111111111111111111111111111111111110000000000000000000 mem_order_sha=ccc9899d21634b2a motion_cols_sha=d02ea63e106e047b donor=None cover=exact:0,fallback:0,cycle:0,cross_seg:0 gate=none num_steps=10 act_sha=9974920c899fcf0f infer_ms=69.5
INFO:mme_vla_suite.serving.websocket_policy_server:TIMING infer_ms=69.5
INFO:mme_vla_suite.serving.websocket_policy_server:TIMING add_buffer_ms=1464.9 frames=16 exec_start_idx=0
MV_INFER cond=normal split=test task=ButtonUnmask ep=5 ep_seq=2 infer_seq=80 t=1264 es=0 k=78 motion_frames=0,16,32,48,64,80,96,112,128,144,160,176,192,208,224,240,256,272,288,304,320,336,352,368,384,400,416,432,448,464,480,496,512,528,544,560,576,592,608,624,640,656,672,688,704,720,736,752,768,784,800,816,832,848,864,880,896,912,928,944,960,976,992,1008,1024,1040,1056,1072,1088,1104,1120,1136,1152,1168,1184,1200,1216,1232 motion_emb_sha=b50a127358b4473c motion_pos_sha=b56acc673c0e014a motion_mask=111111111111111111111111111111111111111111111111111111111111111111111111111111000000000000000000 mem_order_sha=2a2e1a3758e26885 motion_cols_sha=ae9de628d8823bf2 donor=None cover=exact:0,fallback:0,cycle:0,cross_seg:0 gate=none num_steps=10 act_sha=74312546b2320bbe infer_ms=69.7
INFO:mme_vla_suite.serving.websocket_policy_server:TIMING infer_ms=69.7
INFO:mme_vla_suite.serving.websocket_policy_server:TIMING add_buffer_ms=1467.5 frames=16 exec_start_idx=0
MV_INFER cond=normal split=test task=ButtonUnmask ep=5 ep_seq=2 infer_seq=81 t=1280 es=0 k=79 motion_frames=0,16,32,48,64,80,96,112,128,144,160,176,192,208,224,240,256,272,288,304,320,336,352,368,384,400,416,432,448,464,480,496,512,528,544,560,576,592,608,624,640,656,672,688,704,720,736,752,768,784,800,816,832,848,864,880,896,912,928,944,960,976,992,1008,1024,1040,1056,1072,1088,1104,1120,1136,1152,1168,1184,1200,1216,1232,1248 motion_emb_sha=fc42d24b1009e601 motion_pos_sha=b50012ccc2a650c3 motion_mask=111111111111111111111111111111111111111111111111111111111111111111111111111111100000000000000000 mem_order_sha=1fed3421d7469d6a motion_cols_sha=b62f12e1cc2e6f4f donor=None cover=exact:0,fallback:0,cycle:0,cross_seg:0 gate=none num_steps=10 act_sha=82833f94a24fd550 infer_ms=69.5
INFO:mme_vla_suite.serving.websocket_policy_server:TIMING infer_ms=69.5
INFO:mme_vla_suite.serving.websocket_policy_server:TIMING add_buffer_ms=1460.4 frames=16 exec_start_idx=0
MV_INFER cond=normal split=test task=ButtonUnmask ep=5 ep_seq=2 infer_seq=82 t=1296 es=0 k=80 motion_frames=0,16,32,48,64,80,96,112,128,144,160,176,192,208,224,240,256,272,288,304,320,336,352,368,384,400,416,432,448,464,480,496,512,528,544,560,576,592,608,624,640,656,672,688,704,720,736,752,768,784,800,816,832,848,864,880,896,912,928,944,960,976,992,1008,1024,1040,1056,1072,1088,1104,1120,1136,1152,1168,1184,1200,1216,1232,1248,1264 motion_emb_sha=caff69a2c051d451 motion_pos_sha=d5131e7c6233e7d1 motion_mask=111111111111111111111111111111111111111111111111111111111111111111111111111111110000000000000000 mem_order_sha=a4387b88c08b7549 motion_cols_sha=81f2fc212bebb4ee donor=None cover=exact:0,fallback:0,cycle:0,cross_seg:0 gate=none num_steps=10 act_sha=54ec064d9c45c3ac infer_ms=69.7
INFO:mme_vla_suite.serving.websocket_policy_server:TIMING infer_ms=69.7
INFO:websockets.server:connection open
INFO:mme_vla_suite.serving.websocket_policy_server:Connection from ('127.0.0.1', 48704) opened
MV_EPISODE_END ep_seq=2 infers=82 windows=80 wall_s=148.1
MV_EPISODE_BEGIN cond=normal split=test seed=42 ep_seq=3 expect=ButtonUnmask:9
INFO:mme_vla_suite.serving.websocket_policy_server:TIMING add_buffer_ms=7.3 frames=1 exec_start_idx=0
MV_INFER cond=normal split=test task=ButtonUnmask ep=9 ep_seq=3 infer_seq=1 t=0 es=0 k=0 motion_frames=- motion_emb_sha=a3e8328721cbb943 motion_pos_sha=f5952cfc3406b7e9 motion_mask=000000000000000000000000000000000000000000000000000000000000000000000000000000000000000000000000 mem_order_sha=e3d555e881e5b964 motion_cols_sha=05f65c2b46f544eb donor=None cover=exact:0,fallback:0,cycle:0,cross_seg:0 gate=none num_steps=10 act_sha=8a42b0c04551e8fc infer_ms=70.0
INFO:mme_vla_suite.serving.websocket_policy_server:TIMING infer_ms=70.0
INFO:mme_vla_suite.serving.websocket_policy_server:TIMING add_buffer_ms=38.9 frames=16 exec_start_idx=0
MV_INFER cond=normal split=test task=ButtonUnmask ep=9 ep_seq=3 infer_seq=2 t=16 es=0 k=0 motion_frames=- motion_emb_sha=a3e8328721cbb943 motion_pos_sha=f5952cfc3406b7e9 motion_mask=000000000000000000000000000000000000000000000000000000000000000000000000000000000000000000000000 mem_order_sha=e3d555e881e5b964 motion_cols_sha=05f65c2b46f544eb donor=None cover=exact:0,fallback:0,cycle:0,cross_seg:0 gate=none num_steps=10 act_sha=098bf36e41adefb4 infer_ms=70.8
INFO:mme_vla_suite.serving.websocket_policy_server:TIMING infer_ms=70.8
INFO:mme_vla_suite.serving.websocket_policy_server:TIMING add_buffer_ms=1465.4 frames=16 exec_start_idx=0
MV_INFER cond=normal split=test task=ButtonUnmask ep=9 ep_seq=3 infer_seq=3 t=32 es=0 k=1 motion_frames=0 motion_emb_sha=7d3c8d06c55a3ae0 motion_pos_sha=5a53d7fa887419cf motion_mask=100000000000000000000000000000000000000000000000000000000000000000000000000000000000000000000000 mem_order_sha=1c4ecd136e06d2ca motion_cols_sha=34669806f215f6a3 donor=None cover=exact:0,fallback:0,cycle:0,cross_seg:0 gate=none num_steps=10 act_sha=6c33b81f2ba319e0 infer_ms=69.8
INFO:mme_vla_suite.serving.websocket_policy_server:TIMING infer_ms=69.8
INFO:mme_vla_suite.serving.websocket_policy_server:TIMING add_buffer_ms=1472.1 frames=16 exec_start_idx=0
MV_INFER cond=normal split=test task=ButtonUnmask ep=9 ep_seq=3 infer_seq=4 t=48 es=0 k=2 motion_frames=0,16 motion_emb_sha=b55364ae1d86b75a motion_pos_sha=e97dc0e05f375cbe motion_mask=110000000000000000000000000000000000000000000000000000000000000000000000000000000000000000000000 mem_order_sha=74ca653da96ef384 motion_cols_sha=fba18d536d075a6e donor=None cover=exact:0,fallback:0,cycle:0,cross_seg:0 gate=none num_steps=10 act_sha=1ccac1b75794349b infer_ms=69.7
INFO:mme_vla_suite.serving.websocket_policy_server:TIMING infer_ms=69.7
INFO:mme_vla_suite.serving.websocket_policy_server:TIMING add_buffer_ms=1467.3 frames=16 exec_start_idx=0
MV_INFER cond=normal split=test task=ButtonUnmask ep=9 ep_seq=3 infer_seq=5 t=64 es=0 k=3 motion_frames=0,16,32 motion_emb_sha=c0f079bf6e2229e4 motion_pos_sha=358a8247438e4586 motion_mask=111000000000000000000000000000000000000000000000000000000000000000000000000000000000000000000000 mem_order_sha=4bdcb6154ce3db09 motion_cols_sha=ec75f2710ccf7d3e donor=None cover=exact:0,fallback:0,cycle:0,cross_seg:0 gate=none num_steps=10 act_sha=7ab04ac57027ee4d infer_ms=69.4
INFO:mme_vla_suite.serving.websocket_policy_server:TIMING infer_ms=69.4
INFO:mme_vla_suite.serving.websocket_policy_server:TIMING add_buffer_ms=1461.4 frames=16 exec_start_idx=0
MV_INFER cond=normal split=test task=ButtonUnmask ep=9 ep_seq=3 infer_seq=6 t=80 es=0 k=4 motion_frames=0,16,32,48 motion_emb_sha=a3b528fd947ef9a8 motion_pos_sha=88620c635e0b1611 motion_mask=111100000000000000000000000000000000000000000000000000000000000000000000000000000000000000000000 mem_order_sha=3f30de4433e4d89f motion_cols_sha=d94e9739c8cfc07e donor=None cover=exact:0,fallback:0,cycle:0,cross_seg:0 gate=none num_steps=10 act_sha=c054cd3afd5a77d0 infer_ms=69.6
INFO:mme_vla_suite.serving.websocket_policy_server:TIMING infer_ms=69.6
INFO:mme_vla_suite.serving.websocket_policy_server:TIMING add_buffer_ms=1460.6 frames=16 exec_start_idx=0
MV_INFER cond=normal split=test task=ButtonUnmask ep=9 ep_seq=3 infer_seq=7 t=96 es=0 k=5 motion_frames=0,16,32,48,64 motion_emb_sha=15b7f1032d7bcaa1 motion_pos_sha=4d979259a4c37547 motion_mask=111110000000000000000000000000000000000000000000000000000000000000000000000000000000000000000000 mem_order_sha=1525b7045b2c259a motion_cols_sha=07c8247e6ab1f89c donor=None cover=exact:0,fallback:0,cycle:0,cross_seg:0 gate=none num_steps=10 act_sha=75c5d51a9b23c633 infer_ms=69.3
INFO:mme_vla_suite.serving.websocket_policy_server:TIMING infer_ms=69.3
INFO:mme_vla_suite.serving.websocket_policy_server:TIMING add_buffer_ms=1458.6 frames=16 exec_start_idx=0
MV_INFER cond=normal split=test task=ButtonUnmask ep=9 ep_seq=3 infer_seq=8 t=112 es=0 k=6 motion_frames=0,16,32,48,64,80 motion_emb_sha=162cc67ca1fbbd83 motion_pos_sha=9c9d9e6cd7cfd81a motion_mask=111111000000000000000000000000000000000000000000000000000000000000000000000000000000000000000000 mem_order_sha=afd67825f39380f3 motion_cols_sha=5c7781d2e1462709 donor=None cover=exact:0,fallback:0,cycle:0,cross_seg:0 gate=none num_steps=10 act_sha=d28498117c44b928 infer_ms=69.2
INFO:mme_vla_suite.serving.websocket_policy_server:TIMING infer_ms=69.2
INFO:mme_vla_suite.serving.websocket_policy_server:TIMING add_buffer_ms=1460.5 frames=16 exec_start_idx=0
MV_INFER cond=normal split=test task=ButtonUnmask ep=9 ep_seq=3 infer_seq=9 t=128 es=0 k=7 motion_frames=0,16,32,48,64,80,96 motion_emb_sha=c8864fce00e7726f motion_pos_sha=eaa30818e1807d0a motion_mask=111111100000000000000000000000000000000000000000000000000000000000000000000000000000000000000000 mem_order_sha=53c51af96e80b36b motion_cols_sha=37fb24d50661d1a4 donor=None cover=exact:0,fallback:0,cycle:0,cross_seg:0 gate=none num_steps=10 act_sha=b3dcc3dd5662076b infer_ms=69.2
INFO:mme_vla_suite.serving.websocket_policy_server:TIMING infer_ms=69.2
INFO:mme_vla_suite.serving.websocket_policy_server:TIMING add_buffer_ms=1462.3 frames=16 exec_start_idx=0
MV_INFER cond=normal split=test task=ButtonUnmask ep=9 ep_seq=3 infer_seq=10 t=144 es=0 k=8 motion_frames=0,16,32,48,64,80,96,112 motion_emb_sha=bafc40c2a6492c0e motion_pos_sha=19cfd5aa81fbc280 motion_mask=111111110000000000000000000000000000000000000000000000000000000000000000000000000000000000000000 mem_order_sha=8f7b8d26bf2ab128 motion_cols_sha=887c1c00aa54ee17 donor=None cover=exact:0,fallback:0,cycle:0,cross_seg:0 gate=none num_steps=10 act_sha=56a08224d849e554 infer_ms=69.4
INFO:mme_vla_suite.serving.websocket_policy_server:TIMING infer_ms=69.4
INFO:mme_vla_suite.serving.websocket_policy_server:TIMING add_buffer_ms=1459.1 frames=16 exec_start_idx=0
MV_INFER cond=normal split=test task=ButtonUnmask ep=9 ep_seq=3 infer_seq=11 t=160 es=0 k=9 motion_frames=0,16,32,48,64,80,96,112,128 motion_emb_sha=5519fe8bb1650089 motion_pos_sha=36755060bcdb5f34 motion_mask=111111111000000000000000000000000000000000000000000000000000000000000000000000000000000000000000 mem_order_sha=b08d4d55ab2fad2d motion_cols_sha=104972a6841c0e38 donor=None cover=exact:0,fallback:0,cycle:0,cross_seg:0 gate=none num_steps=10 act_sha=697fad6f63218b86 infer_ms=69.3
INFO:mme_vla_suite.serving.websocket_policy_server:TIMING infer_ms=69.3
INFO:mme_vla_suite.serving.websocket_policy_server:TIMING add_buffer_ms=1456.8 frames=16 exec_start_idx=0
MV_INFER cond=normal split=test task=ButtonUnmask ep=9 ep_seq=3 infer_seq=12 t=176 es=0 k=10 motion_frames=0,16,32,48,64,80,96,112,128,144 motion_emb_sha=776773b3598a79cb motion_pos_sha=386aa1c736701f60 motion_mask=111111111100000000000000000000000000000000000000000000000000000000000000000000000000000000000000 mem_order_sha=4ddf162636dd4c53 motion_cols_sha=fe64c98459b2eb86 donor=None cover=exact:0,fallback:0,cycle:0,cross_seg:0 gate=none num_steps=10 act_sha=da73ff9b1cd350fe infer_ms=69.2
INFO:mme_vla_suite.serving.websocket_policy_server:TIMING infer_ms=69.2
INFO:mme_vla_suite.serving.websocket_policy_server:TIMING add_buffer_ms=1461.8 frames=16 exec_start_idx=0
MV_INFER cond=normal split=test task=ButtonUnmask ep=9 ep_seq=3 infer_seq=13 t=192 es=0 k=11 motion_frames=0,16,32,48,64,80,96,112,128,144,160 motion_emb_sha=500a948114e7e3a0 motion_pos_sha=097ffa0dc4e98049 motion_mask=111111111110000000000000000000000000000000000000000000000000000000000000000000000000000000000000 mem_order_sha=2fdbc05fbe4c5192 motion_cols_sha=ca0a097bc6347240 donor=None cover=exact:0,fallback:0,cycle:0,cross_seg:0 gate=none num_steps=10 act_sha=9849508a5ff9e706 infer_ms=69.4
INFO:mme_vla_suite.serving.websocket_policy_server:TIMING infer_ms=69.4
INFO:mme_vla_suite.serving.websocket_policy_server:TIMING add_buffer_ms=1455.3 frames=16 exec_start_idx=0
MV_INFER cond=normal split=test task=ButtonUnmask ep=9 ep_seq=3 infer_seq=14 t=208 es=0 k=12 motion_frames=0,16,32,48,64,80,96,112,128,144,160,176 motion_emb_sha=670c0d27f5103ce7 motion_pos_sha=faf6de0b8c07a1d5 motion_mask=111111111111000000000000000000000000000000000000000000000000000000000000000000000000000000000000 mem_order_sha=e609c91b740de309 motion_cols_sha=08c16a7fb49e3eae donor=None cover=exact:0,fallback:0,cycle:0,cross_seg:0 gate=none num_steps=10 act_sha=84f7012950a27652 infer_ms=69.5
INFO:mme_vla_suite.serving.websocket_policy_server:TIMING infer_ms=69.5
INFO:mme_vla_suite.serving.websocket_policy_server:TIMING add_buffer_ms=1465.5 frames=16 exec_start_idx=0
MV_INFER cond=normal split=test task=ButtonUnmask ep=9 ep_seq=3 infer_seq=15 t=224 es=0 k=13 motion_frames=0,16,32,48,64,80,96,112,128,144,160,176,192 motion_emb_sha=925611ac50ad8d4f motion_pos_sha=cf92c2382e433b7f motion_mask=111111111111100000000000000000000000000000000000000000000000000000000000000000000000000000000000 mem_order_sha=e29d70b97917b96b motion_cols_sha=b802255c0a86c139 donor=None cover=exact:0,fallback:0,cycle:0,cross_seg:0 gate=none num_steps=10 act_sha=c1e1e4c36151d827 infer_ms=69.6
INFO:mme_vla_suite.serving.websocket_policy_server:TIMING infer_ms=69.6
INFO:mme_vla_suite.serving.websocket_policy_server:TIMING add_buffer_ms=1456.5 frames=16 exec_start_idx=0
MV_INFER cond=normal split=test task=ButtonUnmask ep=9 ep_seq=3 infer_seq=16 t=240 es=0 k=14 motion_frames=0,16,32,48,64,80,96,112,128,144,160,176,192,208 motion_emb_sha=6b4bdf7b200ebb37 motion_pos_sha=d4be4f2b999b323a motion_mask=111111111111110000000000000000000000000000000000000000000000000000000000000000000000000000000000 mem_order_sha=a06ee3a41d7c396e motion_cols_sha=0f0b4abb0ce08604 donor=None cover=exact:0,fallback:0,cycle:0,cross_seg:0 gate=none num_steps=10 act_sha=665ddc5073f65c08 infer_ms=69.8
INFO:mme_vla_suite.serving.websocket_policy_server:TIMING infer_ms=69.8
INFO:mme_vla_suite.serving.websocket_policy_server:TIMING add_buffer_ms=1455.5 frames=16 exec_start_idx=0
MV_INFER cond=normal split=test task=ButtonUnmask ep=9 ep_seq=3 infer_seq=17 t=256 es=0 k=15 motion_frames=0,16,32,48,64,80,96,112,128,144,160,176,192,208,224 motion_emb_sha=abcd757d435c0c36 motion_pos_sha=41ec3ade545a49c9 motion_mask=111111111111111000000000000000000000000000000000000000000000000000000000000000000000000000000000 mem_order_sha=d2c65ae0ef95982c motion_cols_sha=b6defef0c13ecc23 donor=None cover=exact:0,fallback:0,cycle:0,cross_seg:0 gate=none num_steps=10 act_sha=dcd942d95b13e612 infer_ms=69.2
INFO:mme_vla_suite.serving.websocket_policy_server:TIMING infer_ms=69.2
INFO:mme_vla_suite.serving.websocket_policy_server:TIMING add_buffer_ms=1460.5 frames=16 exec_start_idx=0
MV_INFER cond=normal split=test task=ButtonUnmask ep=9 ep_seq=3 infer_seq=18 t=272 es=0 k=16 motion_frames=0,16,32,48,64,80,96,112,128,144,160,176,192,208,224,240 motion_emb_sha=f9255226db32fb07 motion_pos_sha=3e49496373152e70 motion_mask=111111111111111100000000000000000000000000000000000000000000000000000000000000000000000000000000 mem_order_sha=3896c62684021e06 motion_cols_sha=61fa1ff66e32da0b donor=None cover=exact:0,fallback:0,cycle:0,cross_seg:0 gate=none num_steps=10 act_sha=96d0c4d7bf214c37 infer_ms=69.2
INFO:mme_vla_suite.serving.websocket_policy_server:TIMING infer_ms=69.2
INFO:mme_vla_suite.serving.websocket_policy_server:TIMING add_buffer_ms=1458.1 frames=16 exec_start_idx=0
MV_INFER cond=normal split=test task=ButtonUnmask ep=9 ep_seq=3 infer_seq=19 t=288 es=0 k=17 motion_frames=0,16,32,48,64,80,96,112,128,144,160,176,192,208,224,240,256 motion_emb_sha=2d5302b47fe0bbab motion_pos_sha=630eed5d2ad0fee5 motion_mask=111111111111111110000000000000000000000000000000000000000000000000000000000000000000000000000000 mem_order_sha=3fa901451944a6ae motion_cols_sha=11afac2e3a295654 donor=None cover=exact:0,fallback:0,cycle:0,cross_seg:0 gate=none num_steps=10 act_sha=45815683bd1b8889 infer_ms=69.2
INFO:mme_vla_suite.serving.websocket_policy_server:TIMING infer_ms=69.2
INFO:mme_vla_suite.serving.websocket_policy_server:TIMING add_buffer_ms=1456.6 frames=16 exec_start_idx=0
MV_INFER cond=normal split=test task=ButtonUnmask ep=9 ep_seq=3 infer_seq=20 t=304 es=0 k=18 motion_frames=0,16,32,48,64,80,96,112,128,144,160,176,192,208,224,240,256,272 motion_emb_sha=37fa345fba04c63b motion_pos_sha=7508bb7966bd8997 motion_mask=111111111111111111000000000000000000000000000000000000000000000000000000000000000000000000000000 mem_order_sha=7ec3836c904d86da motion_cols_sha=00e37dc990bcf6a9 donor=None cover=exact:0,fallback:0,cycle:0,cross_seg:0 gate=none num_steps=10 act_sha=4a879aac6acee1cb infer_ms=69.4
INFO:mme_vla_suite.serving.websocket_policy_server:TIMING infer_ms=69.4
INFO:mme_vla_suite.serving.websocket_policy_server:TIMING add_buffer_ms=1459.8 frames=16 exec_start_idx=0
MV_INFER cond=normal split=test task=ButtonUnmask ep=9 ep_seq=3 infer_seq=21 t=320 es=0 k=19 motion_frames=0,16,32,48,64,80,96,112,128,144,160,176,192,208,224,240,256,272,288 motion_emb_sha=2d3f5650691dcb54 motion_pos_sha=27604282300f89dd motion_mask=111111111111111111100000000000000000000000000000000000000000000000000000000000000000000000000000 mem_order_sha=1bcee858ac8581ba motion_cols_sha=848fded77b707435 donor=None cover=exact:0,fallback:0,cycle:0,cross_seg:0 gate=none num_steps=10 act_sha=ca3967986afd08a0 infer_ms=69.4
INFO:mme_vla_suite.serving.websocket_policy_server:TIMING infer_ms=69.4
INFO:mme_vla_suite.serving.websocket_policy_server:TIMING add_buffer_ms=1458.0 frames=16 exec_start_idx=0
MV_INFER cond=normal split=test task=ButtonUnmask ep=9 ep_seq=3 infer_seq=22 t=336 es=0 k=20 motion_frames=0,16,32,48,64,80,96,112,128,144,160,176,192,208,224,240,256,272,288,304 motion_emb_sha=dae5a706b3fda5fb motion_pos_sha=82d754eb6c9c7d28 motion_mask=111111111111111111110000000000000000000000000000000000000000000000000000000000000000000000000000 mem_order_sha=8e4f7352af852292 motion_cols_sha=0957e9030d15feb5 donor=None cover=exact:0,fallback:0,cycle:0,cross_seg:0 gate=none num_steps=10 act_sha=5b32aed7ced66b28 infer_ms=69.2
INFO:mme_vla_suite.serving.websocket_policy_server:TIMING infer_ms=69.2
INFO:mme_vla_suite.serving.websocket_policy_server:TIMING add_buffer_ms=1463.4 frames=16 exec_start_idx=0
MV_INFER cond=normal split=test task=ButtonUnmask ep=9 ep_seq=3 infer_seq=23 t=352 es=0 k=21 motion_frames=0,16,32,48,64,80,96,112,128,144,160,176,192,208,224,240,256,272,288,304,320 motion_emb_sha=3da994a50e3542f9 motion_pos_sha=b2ded91f4b1e3497 motion_mask=111111111111111111111000000000000000000000000000000000000000000000000000000000000000000000000000 mem_order_sha=e911ccd99a0e7698 motion_cols_sha=9639f994ec80e283 donor=None cover=exact:0,fallback:0,cycle:0,cross_seg:0 gate=none num_steps=10 act_sha=b4218116e3c5fd90 infer_ms=69.2
INFO:mme_vla_suite.serving.websocket_policy_server:TIMING infer_ms=69.2
INFO:mme_vla_suite.serving.websocket_policy_server:TIMING add_buffer_ms=1457.2 frames=16 exec_start_idx=0
MV_INFER cond=normal split=test task=ButtonUnmask ep=9 ep_seq=3 infer_seq=24 t=368 es=0 k=22 motion_frames=0,16,32,48,64,80,96,112,128,144,160,176,192,208,224,240,256,272,288,304,320,336 motion_emb_sha=c382f76b2abc07b2 motion_pos_sha=02b5313d34dbb54d motion_mask=111111111111111111111100000000000000000000000000000000000000000000000000000000000000000000000000 mem_order_sha=a5e37ce80bde382c motion_cols_sha=4c78bbca76234a73 donor=None cover=exact:0,fallback:0,cycle:0,cross_seg:0 gate=none num_steps=10 act_sha=312a776690dcf8d0 infer_ms=69.4
INFO:mme_vla_suite.serving.websocket_policy_server:TIMING infer_ms=69.4
INFO:mme_vla_suite.serving.websocket_policy_server:TIMING add_buffer_ms=1456.9 frames=16 exec_start_idx=0
MV_INFER cond=normal split=test task=ButtonUnmask ep=9 ep_seq=3 infer_seq=25 t=384 es=0 k=23 motion_frames=0,16,32,48,64,80,96,112,128,144,160,176,192,208,224,240,256,272,288,304,320,336,352 motion_emb_sha=d5005229bf591c26 motion_pos_sha=394430f2fe2a111f motion_mask=111111111111111111111110000000000000000000000000000000000000000000000000000000000000000000000000 mem_order_sha=ef888998c2ee9177 motion_cols_sha=d31a91eabb80a17e donor=None cover=exact:0,fallback:0,cycle:0,cross_seg:0 gate=none num_steps=10 act_sha=9dc24b4a7da530cc infer_ms=69.6
INFO:mme_vla_suite.serving.websocket_policy_server:TIMING infer_ms=69.6
INFO:mme_vla_suite.serving.websocket_policy_server:TIMING add_buffer_ms=1460.7 frames=16 exec_start_idx=0
MV_INFER cond=normal split=test task=ButtonUnmask ep=9 ep_seq=3 infer_seq=26 t=400 es=0 k=24 motion_frames=0,16,32,48,64,80,96,112,128,144,160,176,192,208,224,240,256,272,288,304,320,336,352,368 motion_emb_sha=535a44e31b31722e motion_pos_sha=5af02f3dfcb16729 motion_mask=111111111111111111111111000000000000000000000000000000000000000000000000000000000000000000000000 mem_order_sha=a4b34693220533ac motion_cols_sha=470d57efa976fc1f donor=None cover=exact:0,fallback:0,cycle:0,cross_seg:0 gate=none num_steps=10 act_sha=685a9b5ac2965c2e infer_ms=69.5
INFO:mme_vla_suite.serving.websocket_policy_server:TIMING infer_ms=69.5
INFO:mme_vla_suite.serving.websocket_policy_server:TIMING add_buffer_ms=1459.1 frames=16 exec_start_idx=0
MV_INFER cond=normal split=test task=ButtonUnmask ep=9 ep_seq=3 infer_seq=27 t=416 es=0 k=25 motion_frames=0,16,32,48,64,80,96,112,128,144,160,176,192,208,224,240,256,272,288,304,320,336,352,368,384 motion_emb_sha=dd8333f86941ccb0 motion_pos_sha=6687fe3ef7ab6c31 motion_mask=111111111111111111111111100000000000000000000000000000000000000000000000000000000000000000000000 mem_order_sha=2e8f0f44cf91994f motion_cols_sha=25511e64898b44f0 donor=None cover=exact:0,fallback:0,cycle:0,cross_seg:0 gate=none num_steps=10 act_sha=d9a104ef814dd3c0 infer_ms=69.5
INFO:mme_vla_suite.serving.websocket_policy_server:TIMING infer_ms=69.5
INFO:mme_vla_suite.serving.websocket_policy_server:TIMING add_buffer_ms=1459.4 frames=16 exec_start_idx=0
MV_INFER cond=normal split=test task=ButtonUnmask ep=9 ep_seq=3 infer_seq=28 t=432 es=0 k=26 motion_frames=0,16,32,48,64,80,96,112,128,144,160,176,192,208,224,240,256,272,288,304,320,336,352,368,384,400 motion_emb_sha=c55f6f9949b5d1d3 motion_pos_sha=628a1d586ea0ead0 motion_mask=111111111111111111111111110000000000000000000000000000000000000000000000000000000000000000000000 mem_order_sha=7f421c86fa09d6ff motion_cols_sha=2fc323dd0f89e21e donor=None cover=exact:0,fallback:0,cycle:0,cross_seg:0 gate=none num_steps=10 act_sha=4f92086d405305b8 infer_ms=69.6
INFO:mme_vla_suite.serving.websocket_policy_server:TIMING infer_ms=69.6
INFO:mme_vla_suite.serving.websocket_policy_server:TIMING add_buffer_ms=1463.1 frames=16 exec_start_idx=0
MV_INFER cond=normal split=test task=ButtonUnmask ep=9 ep_seq=3 infer_seq=29 t=448 es=0 k=27 motion_frames=0,16,32,48,64,80,96,112,128,144,160,176,192,208,224,240,256,272,288,304,320,336,352,368,384,400,416 motion_emb_sha=4de882a03bb4a30a motion_pos_sha=374d18e42d46d506 motion_mask=111111111111111111111111111000000000000000000000000000000000000000000000000000000000000000000000 mem_order_sha=a9601380358f26a3 motion_cols_sha=a013e7a2c5f47434 donor=None cover=exact:0,fallback:0,cycle:0,cross_seg:0 gate=none num_steps=10 act_sha=7d3695b1ad11f43e infer_ms=69.2
INFO:mme_vla_suite.serving.websocket_policy_server:TIMING infer_ms=69.2
INFO:mme_vla_suite.serving.websocket_policy_server:TIMING add_buffer_ms=1458.3 frames=16 exec_start_idx=0
MV_INFER cond=normal split=test task=ButtonUnmask ep=9 ep_seq=3 infer_seq=30 t=464 es=0 k=28 motion_frames=0,16,32,48,64,80,96,112,128,144,160,176,192,208,224,240,256,272,288,304,320,336,352,368,384,400,416,432 motion_emb_sha=6e260a81150f948a motion_pos_sha=c6f42c99e8bb04fc motion_mask=111111111111111111111111111100000000000000000000000000000000000000000000000000000000000000000000 mem_order_sha=597e8d7ec05b4d7c motion_cols_sha=454ac679a2eee33a donor=None cover=exact:0,fallback:0,cycle:0,cross_seg:0 gate=none num_steps=10 act_sha=567949d598d1dcf9 infer_ms=69.6
INFO:mme_vla_suite.serving.websocket_policy_server:TIMING infer_ms=69.6
INFO:mme_vla_suite.serving.websocket_policy_server:TIMING add_buffer_ms=1456.3 frames=16 exec_start_idx=0
MV_INFER cond=normal split=test task=ButtonUnmask ep=9 ep_seq=3 infer_seq=31 t=480 es=0 k=29 motion_frames=0,16,32,48,64,80,96,112,128,144,160,176,192,208,224,240,256,272,288,304,320,336,352,368,384,400,416,432,448 motion_emb_sha=adb2307f8df1eaa4 motion_pos_sha=5bec62c7b2782ab5 motion_mask=111111111111111111111111111110000000000000000000000000000000000000000000000000000000000000000000 mem_order_sha=969b025395b2669f motion_cols_sha=fa13d9c231b687f7 donor=None cover=exact:0,fallback:0,cycle:0,cross_seg:0 gate=none num_steps=10 act_sha=29c6eba62ec372dd infer_ms=69.5
INFO:mme_vla_suite.serving.websocket_policy_server:TIMING infer_ms=69.5
INFO:mme_vla_suite.serving.websocket_policy_server:TIMING add_buffer_ms=1456.0 frames=16 exec_start_idx=0
MV_INFER cond=normal split=test task=ButtonUnmask ep=9 ep_seq=3 infer_seq=32 t=496 es=0 k=30 motion_frames=0,16,32,48,64,80,96,112,128,144,160,176,192,208,224,240,256,272,288,304,320,336,352,368,384,400,416,432,448,464 motion_emb_sha=b3b7079566c70fb6 motion_pos_sha=77bb4a49f5f204a6 motion_mask=111111111111111111111111111111000000000000000000000000000000000000000000000000000000000000000000 mem_order_sha=8b9c911903d52ada motion_cols_sha=cf531ae59de60a74 donor=None cover=exact:0,fallback:0,cycle:0,cross_seg:0 gate=none num_steps=10 act_sha=0df4112cf3733e68 infer_ms=69.7
INFO:mme_vla_suite.serving.websocket_policy_server:TIMING infer_ms=69.7
INFO:mme_vla_suite.serving.websocket_policy_server:TIMING add_buffer_ms=1455.3 frames=16 exec_start_idx=0
MV_INFER cond=normal split=test task=ButtonUnmask ep=9 ep_seq=3 infer_seq=33 t=512 es=0 k=31 motion_frames=0,16,32,48,64,80,96,112,128,144,160,176,192,208,224,240,256,272,288,304,320,336,352,368,384,400,416,432,448,464,480 motion_emb_sha=1dcf82f6abac189e motion_pos_sha=b5a830a451ce756a motion_mask=111111111111111111111111111111100000000000000000000000000000000000000000000000000000000000000000 mem_order_sha=3b34058d7f65364b motion_cols_sha=b3a6df354ab4d8c7 donor=None cover=exact:0,fallback:0,cycle:0,cross_seg:0 gate=none num_steps=10 act_sha=a3505075591c4d6e infer_ms=69.7
INFO:mme_vla_suite.serving.websocket_policy_server:TIMING infer_ms=69.7
INFO:mme_vla_suite.serving.websocket_policy_server:TIMING add_buffer_ms=1465.1 frames=16 exec_start_idx=0
MV_INFER cond=normal split=test task=ButtonUnmask ep=9 ep_seq=3 infer_seq=34 t=528 es=0 k=32 motion_frames=0,16,32,48,64,80,96,112,128,144,160,176,192,208,224,240,256,272,288,304,320,336,352,368,384,400,416,432,448,464,480,496 motion_emb_sha=9ee77b5bd2b3b5c2 motion_pos_sha=a31e40266e8ce975 motion_mask=111111111111111111111111111111110000000000000000000000000000000000000000000000000000000000000000 mem_order_sha=8810917fd8440e8c motion_cols_sha=1c1e3532088a7dfd donor=None cover=exact:0,fallback:0,cycle:0,cross_seg:0 gate=none num_steps=10 act_sha=6ebc8a07b378fa26 infer_ms=69.4
INFO:mme_vla_suite.serving.websocket_policy_server:TIMING infer_ms=69.4
INFO:mme_vla_suite.serving.websocket_policy_server:TIMING add_buffer_ms=1455.8 frames=16 exec_start_idx=0
MV_INFER cond=normal split=test task=ButtonUnmask ep=9 ep_seq=3 infer_seq=35 t=544 es=0 k=33 motion_frames=0,16,32,48,64,80,96,112,128,144,160,176,192,208,224,240,256,272,288,304,320,336,352,368,384,400,416,432,448,464,480,496,512 motion_emb_sha=ffb4ce8ca0b895fc motion_pos_sha=eab0166000e0ada9 motion_mask=111111111111111111111111111111111000000000000000000000000000000000000000000000000000000000000000 mem_order_sha=84d9776f0a6388a9 motion_cols_sha=8e3bc15ec06039d9 donor=None cover=exact:0,fallback:0,cycle:0,cross_seg:0 gate=none num_steps=10 act_sha=f151ebb6f699fe92 infer_ms=69.4
INFO:mme_vla_suite.serving.websocket_policy_server:TIMING infer_ms=69.4
INFO:mme_vla_suite.serving.websocket_policy_server:TIMING add_buffer_ms=1462.9 frames=16 exec_start_idx=0
MV_INFER cond=normal split=test task=ButtonUnmask ep=9 ep_seq=3 infer_seq=36 t=560 es=0 k=34 motion_frames=0,16,32,48,64,80,96,112,128,144,160,176,192,208,224,240,256,272,288,304,320,336,352,368,384,400,416,432,448,464,480,496,512,528 motion_emb_sha=07e7e9ca77404bb5 motion_pos_sha=d43d8a704008daf6 motion_mask=111111111111111111111111111111111100000000000000000000000000000000000000000000000000000000000000 mem_order_sha=6eb9b3f8edf499e7 motion_cols_sha=ad5d71aad766a582 donor=None cover=exact:0,fallback:0,cycle:0,cross_seg:0 gate=none num_steps=10 act_sha=cfde116ee1fa0b25 infer_ms=69.5
INFO:mme_vla_suite.serving.websocket_policy_server:TIMING infer_ms=69.5
INFO:mme_vla_suite.serving.websocket_policy_server:TIMING add_buffer_ms=1462.3 frames=16 exec_start_idx=0
MV_INFER cond=normal split=test task=ButtonUnmask ep=9 ep_seq=3 infer_seq=37 t=576 es=0 k=35 motion_frames=0,16,32,48,64,80,96,112,128,144,160,176,192,208,224,240,256,272,288,304,320,336,352,368,384,400,416,432,448,464,480,496,512,528,544 motion_emb_sha=45ec9cd2ffe80fad motion_pos_sha=de94b3ba18baa253 motion_mask=111111111111111111111111111111111110000000000000000000000000000000000000000000000000000000000000 mem_order_sha=c7e0193d5f8c94eb motion_cols_sha=3b7f200dcc4a154e donor=None cover=exact:0,fallback:0,cycle:0,cross_seg:0 gate=none num_steps=10 act_sha=e359fc337ccaa4b4 infer_ms=69.2
INFO:mme_vla_suite.serving.websocket_policy_server:TIMING infer_ms=69.2
INFO:mme_vla_suite.serving.websocket_policy_server:TIMING add_buffer_ms=1460.4 frames=16 exec_start_idx=0
MV_INFER cond=normal split=test task=ButtonUnmask ep=9 ep_seq=3 infer_seq=38 t=592 es=0 k=36 motion_frames=0,16,32,48,64,80,96,112,128,144,160,176,192,208,224,240,256,272,288,304,320,336,352,368,384,400,416,432,448,464,480,496,512,528,544,560 motion_emb_sha=9e1e9a2f60da6c0c motion_pos_sha=79d7ee4d77e92fb5 motion_mask=111111111111111111111111111111111111000000000000000000000000000000000000000000000000000000000000 mem_order_sha=d14c08e62b4e5277 motion_cols_sha=93f686b824d1c37a donor=None cover=exact:0,fallback:0,cycle:0,cross_seg:0 gate=none num_steps=10 act_sha=87fdada7e23679dd infer_ms=69.3
INFO:mme_vla_suite.serving.websocket_policy_server:TIMING infer_ms=69.3
INFO:mme_vla_suite.serving.websocket_policy_server:TIMING add_buffer_ms=1455.6 frames=16 exec_start_idx=0
MV_INFER cond=normal split=test task=ButtonUnmask ep=9 ep_seq=3 infer_seq=39 t=608 es=0 k=37 motion_frames=0,16,32,48,64,80,96,112,128,144,160,176,192,208,224,240,256,272,288,304,320,336,352,368,384,400,416,432,448,464,480,496,512,528,544,560,576 motion_emb_sha=6aed44cc6d77980a motion_pos_sha=ed409a2810446f17 motion_mask=111111111111111111111111111111111111100000000000000000000000000000000000000000000000000000000000 mem_order_sha=90d4662a192ae249 motion_cols_sha=3eadc43c4d943830 donor=None cover=exact:0,fallback:0,cycle:0,cross_seg:0 gate=none num_steps=10 act_sha=49085b06980b86df infer_ms=69.2
INFO:mme_vla_suite.serving.websocket_policy_server:TIMING infer_ms=69.2
INFO:mme_vla_suite.serving.websocket_policy_server:TIMING add_buffer_ms=1461.6 frames=16 exec_start_idx=0
MV_INFER cond=normal split=test task=ButtonUnmask ep=9 ep_seq=3 infer_seq=40 t=624 es=0 k=38 motion_frames=0,16,32,48,64,80,96,112,128,144,160,176,192,208,224,240,256,272,288,304,320,336,352,368,384,400,416,432,448,464,480,496,512,528,544,560,576,592 motion_emb_sha=13f99f7f2d355f5a motion_pos_sha=f11838ac6f537185 motion_mask=111111111111111111111111111111111111110000000000000000000000000000000000000000000000000000000000 mem_order_sha=0161c9793244f505 motion_cols_sha=6171a29cf75a582d donor=None cover=exact:0,fallback:0,cycle:0,cross_seg:0 gate=none num_steps=10 act_sha=12768d9f76c5c552 infer_ms=69.7
INFO:mme_vla_suite.serving.websocket_policy_server:TIMING infer_ms=69.7
INFO:mme_vla_suite.serving.websocket_policy_server:TIMING add_buffer_ms=1455.5 frames=16 exec_start_idx=0
MV_INFER cond=normal split=test task=ButtonUnmask ep=9 ep_seq=3 infer_seq=41 t=640 es=0 k=39 motion_frames=0,16,32,48,64,80,96,112,128,144,160,176,192,208,224,240,256,272,288,304,320,336,352,368,384,400,416,432,448,464,480,496,512,528,544,560,576,592,608 motion_emb_sha=62cd320c8e403da8 motion_pos_sha=bbe054d478576248 motion_mask=111111111111111111111111111111111111111000000000000000000000000000000000000000000000000000000000 mem_order_sha=3e28a574a561f529 motion_cols_sha=75706cddfb5a49b1 donor=None cover=exact:0,fallback:0,cycle:0,cross_seg:0 gate=none num_steps=10 act_sha=79d0037a9e0738ed infer_ms=69.5
INFO:mme_vla_suite.serving.websocket_policy_server:TIMING infer_ms=69.5
INFO:mme_vla_suite.serving.websocket_policy_server:TIMING add_buffer_ms=1460.1 frames=16 exec_start_idx=0
MV_INFER cond=normal split=test task=ButtonUnmask ep=9 ep_seq=3 infer_seq=42 t=656 es=0 k=40 motion_frames=0,16,32,48,64,80,96,112,128,144,160,176,192,208,224,240,256,272,288,304,320,336,352,368,384,400,416,432,448,464,480,496,512,528,544,560,576,592,608,624 motion_emb_sha=cf7bf1e157c8ea34 motion_pos_sha=d87c3d15d15b51b8 motion_mask=111111111111111111111111111111111111111100000000000000000000000000000000000000000000000000000000 mem_order_sha=9a1d09ac748abb28 motion_cols_sha=fc48261a83a83b97 donor=None cover=exact:0,fallback:0,cycle:0,cross_seg:0 gate=none num_steps=10 act_sha=f49f75034bbcb3e9 infer_ms=69.9
INFO:mme_vla_suite.serving.websocket_policy_server:TIMING infer_ms=69.9
[sidecar pid=832983] 窗 #201 起点 640 耗时 1413 ms（累计 386s）
INFO:mme_vla_suite.serving.websocket_policy_server:TIMING add_buffer_ms=1459.4 frames=16 exec_start_idx=0
MV_INFER cond=normal split=test task=ButtonUnmask ep=9 ep_seq=3 infer_seq=43 t=672 es=0 k=41 motion_frames=0,16,32,48,64,80,96,112,128,144,160,176,192,208,224,240,256,272,288,304,320,336,352,368,384,400,416,432,448,464,480,496,512,528,544,560,576,592,608,624,640 motion_emb_sha=971e54c94f2a02fb motion_pos_sha=305e09917e6fd5ac motion_mask=111111111111111111111111111111111111111110000000000000000000000000000000000000000000000000000000 mem_order_sha=1f18d2a138bd0bf9 motion_cols_sha=b7950317891542b4 donor=None cover=exact:0,fallback:0,cycle:0,cross_seg:0 gate=none num_steps=10 act_sha=dc9c9564793888ff infer_ms=69.4
INFO:mme_vla_suite.serving.websocket_policy_server:TIMING infer_ms=69.4
INFO:mme_vla_suite.serving.websocket_policy_server:TIMING add_buffer_ms=1462.7 frames=16 exec_start_idx=0
MV_INFER cond=normal split=test task=ButtonUnmask ep=9 ep_seq=3 infer_seq=44 t=688 es=0 k=42 motion_frames=0,16,32,48,64,80,96,112,128,144,160,176,192,208,224,240,256,272,288,304,320,336,352,368,384,400,416,432,448,464,480,496,512,528,544,560,576,592,608,624,640,656 motion_emb_sha=1fb96c8b193a40d6 motion_pos_sha=d928bf4021ac4a4b motion_mask=111111111111111111111111111111111111111111000000000000000000000000000000000000000000000000000000 mem_order_sha=0e966687b726d076 motion_cols_sha=2ed9f2bde5da4470 donor=None cover=exact:0,fallback:0,cycle:0,cross_seg:0 gate=none num_steps=10 act_sha=2698a8875cec42a0 infer_ms=70.0
INFO:mme_vla_suite.serving.websocket_policy_server:TIMING infer_ms=70.0
INFO:mme_vla_suite.serving.websocket_policy_server:TIMING add_buffer_ms=1460.1 frames=16 exec_start_idx=0
MV_INFER cond=normal split=test task=ButtonUnmask ep=9 ep_seq=3 infer_seq=45 t=704 es=0 k=43 motion_frames=0,16,32,48,64,80,96,112,128,144,160,176,192,208,224,240,256,272,288,304,320,336,352,368,384,400,416,432,448,464,480,496,512,528,544,560,576,592,608,624,640,656,672 motion_emb_sha=b9f0f2eb963cb562 motion_pos_sha=df28f649d327f743 motion_mask=111111111111111111111111111111111111111111100000000000000000000000000000000000000000000000000000 mem_order_sha=64f5fc8956546c66 motion_cols_sha=9ac0355ab034292e donor=None cover=exact:0,fallback:0,cycle:0,cross_seg:0 gate=none num_steps=10 act_sha=df8003c904ae8ad6 infer_ms=75.4
INFO:mme_vla_suite.serving.websocket_policy_server:TIMING infer_ms=75.4
INFO:mme_vla_suite.serving.websocket_policy_server:TIMING add_buffer_ms=1462.2 frames=16 exec_start_idx=0
MV_INFER cond=normal split=test task=ButtonUnmask ep=9 ep_seq=3 infer_seq=46 t=720 es=0 k=44 motion_frames=0,16,32,48,64,80,96,112,128,144,160,176,192,208,224,240,256,272,288,304,320,336,352,368,384,400,416,432,448,464,480,496,512,528,544,560,576,592,608,624,640,656,672,688 motion_emb_sha=69e73c8051de77b3 motion_pos_sha=16c7916c2054109b motion_mask=111111111111111111111111111111111111111111110000000000000000000000000000000000000000000000000000 mem_order_sha=108683ecd06aac22 motion_cols_sha=5d9657c560621273 donor=None cover=exact:0,fallback:0,cycle:0,cross_seg:0 gate=none num_steps=10 act_sha=aa7b2bf970fca6a5 infer_ms=69.5
INFO:mme_vla_suite.serving.websocket_policy_server:TIMING infer_ms=69.5
INFO:mme_vla_suite.serving.websocket_policy_server:TIMING add_buffer_ms=1460.8 frames=16 exec_start_idx=0
MV_INFER cond=normal split=test task=ButtonUnmask ep=9 ep_seq=3 infer_seq=47 t=736 es=0 k=45 motion_frames=0,16,32,48,64,80,96,112,128,144,160,176,192,208,224,240,256,272,288,304,320,336,352,368,384,400,416,432,448,464,480,496,512,528,544,560,576,592,608,624,640,656,672,688,704 motion_emb_sha=047c1d6b121e1f2b motion_pos_sha=1a7312af6542d8c4 motion_mask=111111111111111111111111111111111111111111111000000000000000000000000000000000000000000000000000 mem_order_sha=334900ce00d4edee motion_cols_sha=6aa877e8836977cf donor=None cover=exact:0,fallback:0,cycle:0,cross_seg:0 gate=none num_steps=10 act_sha=c9e2dc69845c159e infer_ms=69.4
INFO:mme_vla_suite.serving.websocket_policy_server:TIMING infer_ms=69.4
INFO:mme_vla_suite.serving.websocket_policy_server:TIMING add_buffer_ms=1462.6 frames=16 exec_start_idx=0
MV_INFER cond=normal split=test task=ButtonUnmask ep=9 ep_seq=3 infer_seq=48 t=752 es=0 k=46 motion_frames=0,16,32,48,64,80,96,112,128,144,160,176,192,208,224,240,256,272,288,304,320,336,352,368,384,400,416,432,448,464,480,496,512,528,544,560,576,592,608,624,640,656,672,688,704,720 motion_emb_sha=a255647a9a3d2064 motion_pos_sha=03f34ee9bd05979f motion_mask=111111111111111111111111111111111111111111111100000000000000000000000000000000000000000000000000 mem_order_sha=eb2eb2afcfeb1ad9 motion_cols_sha=5e7820a41ef36daa donor=None cover=exact:0,fallback:0,cycle:0,cross_seg:0 gate=none num_steps=10 act_sha=3026d4659425e1bd infer_ms=69.3
INFO:mme_vla_suite.serving.websocket_policy_server:TIMING infer_ms=69.3
INFO:mme_vla_suite.serving.websocket_policy_server:TIMING add_buffer_ms=1461.9 frames=16 exec_start_idx=0
MV_INFER cond=normal split=test task=ButtonUnmask ep=9 ep_seq=3 infer_seq=49 t=768 es=0 k=47 motion_frames=0,16,32,48,64,80,96,112,128,144,160,176,192,208,224,240,256,272,288,304,320,336,352,368,384,400,416,432,448,464,480,496,512,528,544,560,576,592,608,624,640,656,672,688,704,720,736 motion_emb_sha=7fb20f128b4d5227 motion_pos_sha=692cb599ce1428a7 motion_mask=111111111111111111111111111111111111111111111110000000000000000000000000000000000000000000000000 mem_order_sha=6562fcffed534ed6 motion_cols_sha=1759c66f866642dc donor=None cover=exact:0,fallback:0,cycle:0,cross_seg:0 gate=none num_steps=10 act_sha=f104673e68c90500 infer_ms=69.7
INFO:mme_vla_suite.serving.websocket_policy_server:TIMING infer_ms=69.7
INFO:mme_vla_suite.serving.websocket_policy_server:TIMING add_buffer_ms=1456.6 frames=16 exec_start_idx=0
MV_INFER cond=normal split=test task=ButtonUnmask ep=9 ep_seq=3 infer_seq=50 t=784 es=0 k=48 motion_frames=0,16,32,48,64,80,96,112,128,144,160,176,192,208,224,240,256,272,288,304,320,336,352,368,384,400,416,432,448,464,480,496,512,528,544,560,576,592,608,624,640,656,672,688,704,720,736,752 motion_emb_sha=93464e292093b0f0 motion_pos_sha=c3fe5e84b569016a motion_mask=111111111111111111111111111111111111111111111111000000000000000000000000000000000000000000000000 mem_order_sha=f1a8700e58c41cae motion_cols_sha=99e1f6e9f6bb9c4d donor=None cover=exact:0,fallback:0,cycle:0,cross_seg:0 gate=none num_steps=10 act_sha=f972eccb6693b196 infer_ms=69.7
INFO:mme_vla_suite.serving.websocket_policy_server:TIMING infer_ms=69.7
INFO:mme_vla_suite.serving.websocket_policy_server:TIMING add_buffer_ms=1454.0 frames=16 exec_start_idx=0
MV_INFER cond=normal split=test task=ButtonUnmask ep=9 ep_seq=3 infer_seq=51 t=800 es=0 k=49 motion_frames=0,16,32,48,64,80,96,112,128,144,160,176,192,208,224,240,256,272,288,304,320,336,352,368,384,400,416,432,448,464,480,496,512,528,544,560,576,592,608,624,640,656,672,688,704,720,736,752,768 motion_emb_sha=cdbdc6c7979cf2c3 motion_pos_sha=680f129246f7b6f4 motion_mask=111111111111111111111111111111111111111111111111100000000000000000000000000000000000000000000000 mem_order_sha=2b5cfd5fc3095878 motion_cols_sha=0fbe01f7b49896a1 donor=None cover=exact:0,fallback:0,cycle:0,cross_seg:0 gate=none num_steps=10 act_sha=76a66f510d5ca7a0 infer_ms=69.3
INFO:mme_vla_suite.serving.websocket_policy_server:TIMING infer_ms=69.3
INFO:mme_vla_suite.serving.websocket_policy_server:TIMING add_buffer_ms=1455.1 frames=16 exec_start_idx=0
MV_INFER cond=normal split=test task=ButtonUnmask ep=9 ep_seq=3 infer_seq=52 t=816 es=0 k=50 motion_frames=0,16,32,48,64,80,96,112,128,144,160,176,192,208,224,240,256,272,288,304,320,336,352,368,384,400,416,432,448,464,480,496,512,528,544,560,576,592,608,624,640,656,672,688,704,720,736,752,768,784 motion_emb_sha=cc4abe4ca767f12a motion_pos_sha=2310564d1b9957fd motion_mask=111111111111111111111111111111111111111111111111110000000000000000000000000000000000000000000000 mem_order_sha=0121728e581ca339 motion_cols_sha=3146bf3efe6b3a23 donor=None cover=exact:0,fallback:0,cycle:0,cross_seg:0 gate=none num_steps=10 act_sha=154c51c08ef5cdbc infer_ms=69.6
INFO:mme_vla_suite.serving.websocket_policy_server:TIMING infer_ms=69.6
INFO:mme_vla_suite.serving.websocket_policy_server:TIMING add_buffer_ms=1459.4 frames=16 exec_start_idx=0
MV_INFER cond=normal split=test task=ButtonUnmask ep=9 ep_seq=3 infer_seq=53 t=832 es=0 k=51 motion_frames=0,16,32,48,64,80,96,112,128,144,160,176,192,208,224,240,256,272,288,304,320,336,352,368,384,400,416,432,448,464,480,496,512,528,544,560,576,592,608,624,640,656,672,688,704,720,736,752,768,784,800 motion_emb_sha=56a19fa3e9687b2f motion_pos_sha=600430e170ebc9a0 motion_mask=111111111111111111111111111111111111111111111111111000000000000000000000000000000000000000000000 mem_order_sha=875f38b8693b6012 motion_cols_sha=d23bb84a612c3654 donor=None cover=exact:0,fallback:0,cycle:0,cross_seg:0 gate=none num_steps=10 act_sha=7286d603b8106b01 infer_ms=69.8
INFO:mme_vla_suite.serving.websocket_policy_server:TIMING infer_ms=69.8
INFO:mme_vla_suite.serving.websocket_policy_server:TIMING add_buffer_ms=1454.8 frames=16 exec_start_idx=0
MV_INFER cond=normal split=test task=ButtonUnmask ep=9 ep_seq=3 infer_seq=54 t=848 es=0 k=52 motion_frames=0,16,32,48,64,80,96,112,128,144,160,176,192,208,224,240,256,272,288,304,320,336,352,368,384,400,416,432,448,464,480,496,512,528,544,560,576,592,608,624,640,656,672,688,704,720,736,752,768,784,800,816 motion_emb_sha=8d718388ea856810 motion_pos_sha=2d007f1393a57404 motion_mask=111111111111111111111111111111111111111111111111111100000000000000000000000000000000000000000000 mem_order_sha=8cda0cc9e165fc7b motion_cols_sha=6ea7276cd41fa784 donor=None cover=exact:0,fallback:0,cycle:0,cross_seg:0 gate=none num_steps=10 act_sha=8bc36fe5b898b63c infer_ms=69.7
INFO:mme_vla_suite.serving.websocket_policy_server:TIMING infer_ms=69.7
INFO:mme_vla_suite.serving.websocket_policy_server:TIMING add_buffer_ms=1458.1 frames=16 exec_start_idx=0
MV_INFER cond=normal split=test task=ButtonUnmask ep=9 ep_seq=3 infer_seq=55 t=864 es=0 k=53 motion_frames=0,16,32,48,64,80,96,112,128,144,160,176,192,208,224,240,256,272,288,304,320,336,352,368,384,400,416,432,448,464,480,496,512,528,544,560,576,592,608,624,640,656,672,688,704,720,736,752,768,784,800,816,832 motion_emb_sha=13a017bfa4a921e1 motion_pos_sha=f42da141b1d4c82c motion_mask=111111111111111111111111111111111111111111111111111110000000000000000000000000000000000000000000 mem_order_sha=0dabd1444bc80074 motion_cols_sha=89f30c99564ea731 donor=None cover=exact:0,fallback:0,cycle:0,cross_seg:0 gate=none num_steps=10 act_sha=329d914ce7bb6d9e infer_ms=69.9
INFO:mme_vla_suite.serving.websocket_policy_server:TIMING infer_ms=69.9
INFO:mme_vla_suite.serving.websocket_policy_server:TIMING add_buffer_ms=1460.8 frames=16 exec_start_idx=0
MV_INFER cond=normal split=test task=ButtonUnmask ep=9 ep_seq=3 infer_seq=56 t=880 es=0 k=54 motion_frames=0,16,32,48,64,80,96,112,128,144,160,176,192,208,224,240,256,272,288,304,320,336,352,368,384,400,416,432,448,464,480,496,512,528,544,560,576,592,608,624,640,656,672,688,704,720,736,752,768,784,800,816,832,848 motion_emb_sha=c9c66c8c78d60079 motion_pos_sha=01060eddb55ef662 motion_mask=111111111111111111111111111111111111111111111111111111000000000000000000000000000000000000000000 mem_order_sha=a4e3eafb5ffafe0b motion_cols_sha=e349514dca693b7f donor=None cover=exact:0,fallback:0,cycle:0,cross_seg:0 gate=none num_steps=10 act_sha=5281f705b379f215 infer_ms=69.5
INFO:mme_vla_suite.serving.websocket_policy_server:TIMING infer_ms=69.5
INFO:mme_vla_suite.serving.websocket_policy_server:TIMING add_buffer_ms=1458.2 frames=16 exec_start_idx=0
MV_INFER cond=normal split=test task=ButtonUnmask ep=9 ep_seq=3 infer_seq=57 t=896 es=0 k=55 motion_frames=0,16,32,48,64,80,96,112,128,144,160,176,192,208,224,240,256,272,288,304,320,336,352,368,384,400,416,432,448,464,480,496,512,528,544,560,576,592,608,624,640,656,672,688,704,720,736,752,768,784,800,816,832,848,864 motion_emb_sha=7fa68fa8389e7d47 motion_pos_sha=73234d7bb22f2334 motion_mask=111111111111111111111111111111111111111111111111111111100000000000000000000000000000000000000000 mem_order_sha=395346a4f540e9de motion_cols_sha=078b54ea6363443a donor=None cover=exact:0,fallback:0,cycle:0,cross_seg:0 gate=none num_steps=10 act_sha=e0404f94696e43be infer_ms=69.4
INFO:mme_vla_suite.serving.websocket_policy_server:TIMING infer_ms=69.4
INFO:mme_vla_suite.serving.websocket_policy_server:TIMING add_buffer_ms=1456.8 frames=16 exec_start_idx=0
MV_INFER cond=normal split=test task=ButtonUnmask ep=9 ep_seq=3 infer_seq=58 t=912 es=0 k=56 motion_frames=0,16,32,48,64,80,96,112,128,144,160,176,192,208,224,240,256,272,288,304,320,336,352,368,384,400,416,432,448,464,480,496,512,528,544,560,576,592,608,624,640,656,672,688,704,720,736,752,768,784,800,816,832,848,864,880 motion_emb_sha=f98fe150806cdd64 motion_pos_sha=e1476f70fa43befe motion_mask=111111111111111111111111111111111111111111111111111111110000000000000000000000000000000000000000 mem_order_sha=3476e1e03f0ca6e3 motion_cols_sha=a5aa69c91f1f7b29 donor=None cover=exact:0,fallback:0,cycle:0,cross_seg:0 gate=none num_steps=10 act_sha=1a75b2a400e05c8b infer_ms=70.3
INFO:mme_vla_suite.serving.websocket_policy_server:TIMING infer_ms=70.3
INFO:mme_vla_suite.serving.websocket_policy_server:TIMING add_buffer_ms=1455.4 frames=16 exec_start_idx=0
MV_INFER cond=normal split=test task=ButtonUnmask ep=9 ep_seq=3 infer_seq=59 t=928 es=0 k=57 motion_frames=0,16,32,48,64,80,96,112,128,144,160,176,192,208,224,240,256,272,288,304,320,336,352,368,384,400,416,432,448,464,480,496,512,528,544,560,576,592,608,624,640,656,672,688,704,720,736,752,768,784,800,816,832,848,864,880,896 motion_emb_sha=acddfd0a3d4b2c68 motion_pos_sha=bca8ade9114e0e68 motion_mask=111111111111111111111111111111111111111111111111111111111000000000000000000000000000000000000000 mem_order_sha=a777cdac8f3e3557 motion_cols_sha=2da46f232ede0f69 donor=None cover=exact:0,fallback:0,cycle:0,cross_seg:0 gate=none num_steps=10 act_sha=c5cd1110cdc32648 infer_ms=69.3
INFO:mme_vla_suite.serving.websocket_policy_server:TIMING infer_ms=69.3
INFO:mme_vla_suite.serving.websocket_policy_server:TIMING add_buffer_ms=1460.0 frames=16 exec_start_idx=0
MV_INFER cond=normal split=test task=ButtonUnmask ep=9 ep_seq=3 infer_seq=60 t=944 es=0 k=58 motion_frames=0,16,32,48,64,80,96,112,128,144,160,176,192,208,224,240,256,272,288,304,320,336,352,368,384,400,416,432,448,464,480,496,512,528,544,560,576,592,608,624,640,656,672,688,704,720,736,752,768,784,800,816,832,848,864,880,896,912 motion_emb_sha=ae90b52142801298 motion_pos_sha=34b7233dd99a2db0 motion_mask=111111111111111111111111111111111111111111111111111111111100000000000000000000000000000000000000 mem_order_sha=6320e4ba2d244586 motion_cols_sha=3b208a16db9ab136 donor=None cover=exact:0,fallback:0,cycle:0,cross_seg:0 gate=none num_steps=10 act_sha=c7c0919ca8c2cfa9 infer_ms=69.4
INFO:mme_vla_suite.serving.websocket_policy_server:TIMING infer_ms=69.4
INFO:mme_vla_suite.serving.websocket_policy_server:TIMING add_buffer_ms=1459.6 frames=16 exec_start_idx=0
MV_INFER cond=normal split=test task=ButtonUnmask ep=9 ep_seq=3 infer_seq=61 t=960 es=0 k=59 motion_frames=0,16,32,48,64,80,96,112,128,144,160,176,192,208,224,240,256,272,288,304,320,336,352,368,384,400,416,432,448,464,480,496,512,528,544,560,576,592,608,624,640,656,672,688,704,720,736,752,768,784,800,816,832,848,864,880,896,912,928 motion_emb_sha=b5f15c13878c07ea motion_pos_sha=cb7f48c244f6b94b motion_mask=111111111111111111111111111111111111111111111111111111111110000000000000000000000000000000000000 mem_order_sha=39c29249fe13bc2b motion_cols_sha=3e0e13de4529aac8 donor=None cover=exact:0,fallback:0,cycle:0,cross_seg:0 gate=none num_steps=10 act_sha=8e826c76684bc0c7 infer_ms=69.7
INFO:mme_vla_suite.serving.websocket_policy_server:TIMING infer_ms=69.7
INFO:mme_vla_suite.serving.websocket_policy_server:TIMING add_buffer_ms=1464.9 frames=16 exec_start_idx=0
MV_INFER cond=normal split=test task=ButtonUnmask ep=9 ep_seq=3 infer_seq=62 t=976 es=0 k=60 motion_frames=0,16,32,48,64,80,96,112,128,144,160,176,192,208,224,240,256,272,288,304,320,336,352,368,384,400,416,432,448,464,480,496,512,528,544,560,576,592,608,624,640,656,672,688,704,720,736,752,768,784,800,816,832,848,864,880,896,912,928,944 motion_emb_sha=f6be0a6a42c47a2f motion_pos_sha=0c8df1a6e41b5e23 motion_mask=111111111111111111111111111111111111111111111111111111111111000000000000000000000000000000000000 mem_order_sha=20d30cf76b3da92d motion_cols_sha=d14deafb868159f6 donor=None cover=exact:0,fallback:0,cycle:0,cross_seg:0 gate=none num_steps=10 act_sha=fd923702e94b74b0 infer_ms=69.8
INFO:mme_vla_suite.serving.websocket_policy_server:TIMING infer_ms=69.8
INFO:mme_vla_suite.serving.websocket_policy_server:TIMING add_buffer_ms=1454.1 frames=16 exec_start_idx=0
MV_INFER cond=normal split=test task=ButtonUnmask ep=9 ep_seq=3 infer_seq=63 t=992 es=0 k=61 motion_frames=0,16,32,48,64,80,96,112,128,144,160,176,192,208,224,240,256,272,288,304,320,336,352,368,384,400,416,432,448,464,480,496,512,528,544,560,576,592,608,624,640,656,672,688,704,720,736,752,768,784,800,816,832,848,864,880,896,912,928,944,960 motion_emb_sha=33b881d072335f34 motion_pos_sha=6969e5ef8a2647ad motion_mask=111111111111111111111111111111111111111111111111111111111111100000000000000000000000000000000000 mem_order_sha=ea99f596f81da8fb motion_cols_sha=e49e1ad67faf939a donor=None cover=exact:0,fallback:0,cycle:0,cross_seg:0 gate=none num_steps=10 act_sha=fa2bda16bb067b35 infer_ms=69.5
INFO:mme_vla_suite.serving.websocket_policy_server:TIMING infer_ms=69.5
INFO:mme_vla_suite.serving.websocket_policy_server:TIMING add_buffer_ms=1458.9 frames=16 exec_start_idx=0
MV_INFER cond=normal split=test task=ButtonUnmask ep=9 ep_seq=3 infer_seq=64 t=1008 es=0 k=62 motion_frames=0,16,32,48,64,80,96,112,128,144,160,176,192,208,224,240,256,272,288,304,320,336,352,368,384,400,416,432,448,464,480,496,512,528,544,560,576,592,608,624,640,656,672,688,704,720,736,752,768,784,800,816,832,848,864,880,896,912,928,944,960,976 motion_emb_sha=1b98e412c946c57a motion_pos_sha=68a304bc0f81b2d1 motion_mask=111111111111111111111111111111111111111111111111111111111111110000000000000000000000000000000000 mem_order_sha=cb85039bc8deeee3 motion_cols_sha=9f68376775df092c donor=None cover=exact:0,fallback:0,cycle:0,cross_seg:0 gate=none num_steps=10 act_sha=b65e9e164c1ae3bc infer_ms=69.7
INFO:mme_vla_suite.serving.websocket_policy_server:TIMING infer_ms=69.7
INFO:mme_vla_suite.serving.websocket_policy_server:TIMING add_buffer_ms=1458.0 frames=16 exec_start_idx=0
MV_INFER cond=normal split=test task=ButtonUnmask ep=9 ep_seq=3 infer_seq=65 t=1024 es=0 k=63 motion_frames=0,16,32,48,64,80,96,112,128,144,160,176,192,208,224,240,256,272,288,304,320,336,352,368,384,400,416,432,448,464,480,496,512,528,544,560,576,592,608,624,640,656,672,688,704,720,736,752,768,784,800,816,832,848,864,880,896,912,928,944,960,976,992 motion_emb_sha=783ba654bc04aed9 motion_pos_sha=3a3d8e518a7990d0 motion_mask=111111111111111111111111111111111111111111111111111111111111111000000000000000000000000000000000 mem_order_sha=11fb4b3c9a39ff46 motion_cols_sha=84d86e447056559d donor=None cover=exact:0,fallback:0,cycle:0,cross_seg:0 gate=none num_steps=10 act_sha=633f4afae3a40ba8 infer_ms=69.4
INFO:mme_vla_suite.serving.websocket_policy_server:TIMING infer_ms=69.4
INFO:mme_vla_suite.serving.websocket_policy_server:TIMING add_buffer_ms=1460.2 frames=16 exec_start_idx=0
MV_INFER cond=normal split=test task=ButtonUnmask ep=9 ep_seq=3 infer_seq=66 t=1040 es=0 k=64 motion_frames=0,16,32,48,64,80,96,112,128,144,160,176,192,208,224,240,256,272,288,304,320,336,352,368,384,400,416,432,448,464,480,496,512,528,544,560,576,592,608,624,640,656,672,688,704,720,736,752,768,784,800,816,832,848,864,880,896,912,928,944,960,976,992,1008 motion_emb_sha=f7cbd215accb384c motion_pos_sha=53ffaa05042f1487 motion_mask=111111111111111111111111111111111111111111111111111111111111111100000000000000000000000000000000 mem_order_sha=173c4f5cff3909ff motion_cols_sha=6b874a13dc5773fe donor=None cover=exact:0,fallback:0,cycle:0,cross_seg:0 gate=none num_steps=10 act_sha=5f771dbf95120c46 infer_ms=70.0
INFO:mme_vla_suite.serving.websocket_policy_server:TIMING infer_ms=70.0
INFO:mme_vla_suite.serving.websocket_policy_server:TIMING add_buffer_ms=1455.4 frames=16 exec_start_idx=0
MV_INFER cond=normal split=test task=ButtonUnmask ep=9 ep_seq=3 infer_seq=67 t=1056 es=0 k=65 motion_frames=0,16,32,48,64,80,96,112,128,144,160,176,192,208,224,240,256,272,288,304,320,336,352,368,384,400,416,432,448,464,480,496,512,528,544,560,576,592,608,624,640,656,672,688,704,720,736,752,768,784,800,816,832,848,864,880,896,912,928,944,960,976,992,1008,1024 motion_emb_sha=0f48a71b23d6bc0a motion_pos_sha=c418e4d946bed0c9 motion_mask=111111111111111111111111111111111111111111111111111111111111111110000000000000000000000000000000 mem_order_sha=92dea94c12a99a47 motion_cols_sha=52b8373c7987aeda donor=None cover=exact:0,fallback:0,cycle:0,cross_seg:0 gate=none num_steps=10 act_sha=7817b899c24a4f53 infer_ms=69.8
INFO:mme_vla_suite.serving.websocket_policy_server:TIMING infer_ms=69.8
INFO:mme_vla_suite.serving.websocket_policy_server:TIMING add_buffer_ms=1455.5 frames=16 exec_start_idx=0
MV_INFER cond=normal split=test task=ButtonUnmask ep=9 ep_seq=3 infer_seq=68 t=1072 es=0 k=66 motion_frames=0,16,32,48,64,80,96,112,128,144,160,176,192,208,224,240,256,272,288,304,320,336,352,368,384,400,416,432,448,464,480,496,512,528,544,560,576,592,608,624,640,656,672,688,704,720,736,752,768,784,800,816,832,848,864,880,896,912,928,944,960,976,992,1008,1024,1040 motion_emb_sha=c2d2cc3cc8237451 motion_pos_sha=4be728651e8fa641 motion_mask=111111111111111111111111111111111111111111111111111111111111111111000000000000000000000000000000 mem_order_sha=5f81dcb5ffcc7505 motion_cols_sha=4e8d37dd9b433350 donor=None cover=exact:0,fallback:0,cycle:0,cross_seg:0 gate=none num_steps=10 act_sha=79e0e5019a633e8b infer_ms=69.8
INFO:mme_vla_suite.serving.websocket_policy_server:TIMING infer_ms=69.8
INFO:mme_vla_suite.serving.websocket_policy_server:TIMING add_buffer_ms=1457.8 frames=16 exec_start_idx=0
MV_INFER cond=normal split=test task=ButtonUnmask ep=9 ep_seq=3 infer_seq=69 t=1088 es=0 k=67 motion_frames=0,16,32,48,64,80,96,112,128,144,160,176,192,208,224,240,256,272,288,304,320,336,352,368,384,400,416,432,448,464,480,496,512,528,544,560,576,592,608,624,640,656,672,688,704,720,736,752,768,784,800,816,832,848,864,880,896,912,928,944,960,976,992,1008,1024,1040,1056 motion_emb_sha=a42d38b0b0d728a0 motion_pos_sha=4be2cf300c672914 motion_mask=111111111111111111111111111111111111111111111111111111111111111111100000000000000000000000000000 mem_order_sha=ed1cfe5e10d900a5 motion_cols_sha=9f325d883e270012 donor=None cover=exact:0,fallback:0,cycle:0,cross_seg:0 gate=none num_steps=10 act_sha=de5e421bef85aba5 infer_ms=69.3
INFO:mme_vla_suite.serving.websocket_policy_server:TIMING infer_ms=69.3
INFO:mme_vla_suite.serving.websocket_policy_server:TIMING add_buffer_ms=1456.1 frames=16 exec_start_idx=0
MV_INFER cond=normal split=test task=ButtonUnmask ep=9 ep_seq=3 infer_seq=70 t=1104 es=0 k=68 motion_frames=0,16,32,48,64,80,96,112,128,144,160,176,192,208,224,240,256,272,288,304,320,336,352,368,384,400,416,432,448,464,480,496,512,528,544,560,576,592,608,624,640,656,672,688,704,720,736,752,768,784,800,816,832,848,864,880,896,912,928,944,960,976,992,1008,1024,1040,1056,1072 motion_emb_sha=ee8c36dacd155497 motion_pos_sha=f1771cc9a7c1c81a motion_mask=111111111111111111111111111111111111111111111111111111111111111111110000000000000000000000000000 mem_order_sha=2b2ce7eded738651 motion_cols_sha=e1d7e941199ff79f donor=None cover=exact:0,fallback:0,cycle:0,cross_seg:0 gate=none num_steps=10 act_sha=d8e5ef5b57c3f06a infer_ms=70.1
INFO:mme_vla_suite.serving.websocket_policy_server:TIMING infer_ms=70.1
INFO:mme_vla_suite.serving.websocket_policy_server:TIMING add_buffer_ms=1459.8 frames=16 exec_start_idx=0
MV_INFER cond=normal split=test task=ButtonUnmask ep=9 ep_seq=3 infer_seq=71 t=1120 es=0 k=69 motion_frames=0,16,32,48,64,80,96,112,128,144,160,176,192,208,224,240,256,272,288,304,320,336,352,368,384,400,416,432,448,464,480,496,512,528,544,560,576,592,608,624,640,656,672,688,704,720,736,752,768,784,800,816,832,848,864,880,896,912,928,944,960,976,992,1008,1024,1040,1056,1072,1088 motion_emb_sha=cd83edfed58f8eeb motion_pos_sha=64e385d9c7350895 motion_mask=111111111111111111111111111111111111111111111111111111111111111111111000000000000000000000000000 mem_order_sha=bd58339f940fb782 motion_cols_sha=e969946faa6cf423 donor=None cover=exact:0,fallback:0,cycle:0,cross_seg:0 gate=none num_steps=10 act_sha=7158dcf07bdd1f85 infer_ms=69.6
INFO:mme_vla_suite.serving.websocket_policy_server:TIMING infer_ms=69.6
INFO:mme_vla_suite.serving.websocket_policy_server:TIMING add_buffer_ms=1459.0 frames=16 exec_start_idx=0
MV_INFER cond=normal split=test task=ButtonUnmask ep=9 ep_seq=3 infer_seq=72 t=1136 es=0 k=70 motion_frames=0,16,32,48,64,80,96,112,128,144,160,176,192,208,224,240,256,272,288,304,320,336,352,368,384,400,416,432,448,464,480,496,512,528,544,560,576,592,608,624,640,656,672,688,704,720,736,752,768,784,800,816,832,848,864,880,896,912,928,944,960,976,992,1008,1024,1040,1056,1072,1088,1104 motion_emb_sha=2e344e6db6417d9e motion_pos_sha=02413430471dedfa motion_mask=111111111111111111111111111111111111111111111111111111111111111111111100000000000000000000000000 mem_order_sha=0b404dd327a8564d motion_cols_sha=87fa21f0aa357e1d donor=None cover=exact:0,fallback:0,cycle:0,cross_seg:0 gate=none num_steps=10 act_sha=d4f82bea07cd77b6 infer_ms=70.3
INFO:mme_vla_suite.serving.websocket_policy_server:TIMING infer_ms=70.3
INFO:mme_vla_suite.serving.websocket_policy_server:TIMING add_buffer_ms=1457.7 frames=16 exec_start_idx=0
MV_INFER cond=normal split=test task=ButtonUnmask ep=9 ep_seq=3 infer_seq=73 t=1152 es=0 k=71 motion_frames=0,16,32,48,64,80,96,112,128,144,160,176,192,208,224,240,256,272,288,304,320,336,352,368,384,400,416,432,448,464,480,496,512,528,544,560,576,592,608,624,640,656,672,688,704,720,736,752,768,784,800,816,832,848,864,880,896,912,928,944,960,976,992,1008,1024,1040,1056,1072,1088,1104,1120 motion_emb_sha=8695b9a3fdcd675a motion_pos_sha=fab88c141df710d5 motion_mask=111111111111111111111111111111111111111111111111111111111111111111111110000000000000000000000000 mem_order_sha=a889ac580cefd71c motion_cols_sha=3c468ad914141d0d donor=None cover=exact:0,fallback:0,cycle:0,cross_seg:0 gate=none num_steps=10 act_sha=3c4190acd0230a19 infer_ms=69.9
INFO:mme_vla_suite.serving.websocket_policy_server:TIMING infer_ms=69.9
INFO:mme_vla_suite.serving.websocket_policy_server:TIMING add_buffer_ms=1462.0 frames=16 exec_start_idx=0
MV_INFER cond=normal split=test task=ButtonUnmask ep=9 ep_seq=3 infer_seq=74 t=1168 es=0 k=72 motion_frames=0,16,32,48,64,80,96,112,128,144,160,176,192,208,224,240,256,272,288,304,320,336,352,368,384,400,416,432,448,464,480,496,512,528,544,560,576,592,608,624,640,656,672,688,704,720,736,752,768,784,800,816,832,848,864,880,896,912,928,944,960,976,992,1008,1024,1040,1056,1072,1088,1104,1120,1136 motion_emb_sha=31dd7e850e0b2ffa motion_pos_sha=d6a6837d103909b7 motion_mask=111111111111111111111111111111111111111111111111111111111111111111111111000000000000000000000000 mem_order_sha=d483b82ad6dc5168 motion_cols_sha=0c6c7ed6aacf4632 donor=None cover=exact:0,fallback:0,cycle:0,cross_seg:0 gate=none num_steps=10 act_sha=cf478c7b3c12fe84 infer_ms=69.7
INFO:mme_vla_suite.serving.websocket_policy_server:TIMING infer_ms=69.7
INFO:mme_vla_suite.serving.websocket_policy_server:TIMING add_buffer_ms=1456.1 frames=16 exec_start_idx=0
MV_INFER cond=normal split=test task=ButtonUnmask ep=9 ep_seq=3 infer_seq=75 t=1184 es=0 k=73 motion_frames=0,16,32,48,64,80,96,112,128,144,160,176,192,208,224,240,256,272,288,304,320,336,352,368,384,400,416,432,448,464,480,496,512,528,544,560,576,592,608,624,640,656,672,688,704,720,736,752,768,784,800,816,832,848,864,880,896,912,928,944,960,976,992,1008,1024,1040,1056,1072,1088,1104,1120,1136,1152 motion_emb_sha=aacd0945bfc41bd0 motion_pos_sha=b9f2cb6eb308ecb4 motion_mask=111111111111111111111111111111111111111111111111111111111111111111111111100000000000000000000000 mem_order_sha=d02d0aed837362f6 motion_cols_sha=2a3614e2ed121717 donor=None cover=exact:0,fallback:0,cycle:0,cross_seg:0 gate=none num_steps=10 act_sha=cba2cc86f1ed777b infer_ms=69.2
INFO:mme_vla_suite.serving.websocket_policy_server:TIMING infer_ms=69.2
INFO:mme_vla_suite.serving.websocket_policy_server:TIMING add_buffer_ms=1455.7 frames=16 exec_start_idx=0
MV_INFER cond=normal split=test task=ButtonUnmask ep=9 ep_seq=3 infer_seq=76 t=1200 es=0 k=74 motion_frames=0,16,32,48,64,80,96,112,128,144,160,176,192,208,224,240,256,272,288,304,320,336,352,368,384,400,416,432,448,464,480,496,512,528,544,560,576,592,608,624,640,656,672,688,704,720,736,752,768,784,800,816,832,848,864,880,896,912,928,944,960,976,992,1008,1024,1040,1056,1072,1088,1104,1120,1136,1152,1168 motion_emb_sha=5426fcc3fb2c26a5 motion_pos_sha=c16da1b65c95ec2c motion_mask=111111111111111111111111111111111111111111111111111111111111111111111111110000000000000000000000 mem_order_sha=5e6b887dca10ded1 motion_cols_sha=0637e352fbbaefdf donor=None cover=exact:0,fallback:0,cycle:0,cross_seg:0 gate=none num_steps=10 act_sha=014c337446f211fe infer_ms=69.5
INFO:mme_vla_suite.serving.websocket_policy_server:TIMING infer_ms=69.5
INFO:mme_vla_suite.serving.websocket_policy_server:TIMING add_buffer_ms=1457.4 frames=16 exec_start_idx=0
MV_INFER cond=normal split=test task=ButtonUnmask ep=9 ep_seq=3 infer_seq=77 t=1216 es=0 k=75 motion_frames=0,16,32,48,64,80,96,112,128,144,160,176,192,208,224,240,256,272,288,304,320,336,352,368,384,400,416,432,448,464,480,496,512,528,544,560,576,592,608,624,640,656,672,688,704,720,736,752,768,784,800,816,832,848,864,880,896,912,928,944,960,976,992,1008,1024,1040,1056,1072,1088,1104,1120,1136,1152,1168,1184 motion_emb_sha=42058a35c2261ba6 motion_pos_sha=6aa36bab2e46f370 motion_mask=111111111111111111111111111111111111111111111111111111111111111111111111111000000000000000000000 mem_order_sha=d100c887873fb6e6 motion_cols_sha=846007b9906b64ef donor=None cover=exact:0,fallback:0,cycle:0,cross_seg:0 gate=none num_steps=10 act_sha=78fd5c06785c0531 infer_ms=69.7
INFO:mme_vla_suite.serving.websocket_policy_server:TIMING infer_ms=69.7
INFO:mme_vla_suite.serving.websocket_policy_server:TIMING add_buffer_ms=1456.5 frames=16 exec_start_idx=0
MV_INFER cond=normal split=test task=ButtonUnmask ep=9 ep_seq=3 infer_seq=78 t=1232 es=0 k=76 motion_frames=0,16,32,48,64,80,96,112,128,144,160,176,192,208,224,240,256,272,288,304,320,336,352,368,384,400,416,432,448,464,480,496,512,528,544,560,576,592,608,624,640,656,672,688,704,720,736,752,768,784,800,816,832,848,864,880,896,912,928,944,960,976,992,1008,1024,1040,1056,1072,1088,1104,1120,1136,1152,1168,1184,1200 motion_emb_sha=8718d839c251e497 motion_pos_sha=39a2d766dea0ddac motion_mask=111111111111111111111111111111111111111111111111111111111111111111111111111100000000000000000000 mem_order_sha=601ccd8775c9d37f motion_cols_sha=fb27e958d1ca6acf donor=None cover=exact:0,fallback:0,cycle:0,cross_seg:0 gate=none num_steps=10 act_sha=99cb36acd3f916c9 infer_ms=70.4
INFO:mme_vla_suite.serving.websocket_policy_server:TIMING infer_ms=70.4
INFO:mme_vla_suite.serving.websocket_policy_server:TIMING add_buffer_ms=1455.4 frames=16 exec_start_idx=0
MV_INFER cond=normal split=test task=ButtonUnmask ep=9 ep_seq=3 infer_seq=79 t=1248 es=0 k=77 motion_frames=0,16,32,48,64,80,96,112,128,144,160,176,192,208,224,240,256,272,288,304,320,336,352,368,384,400,416,432,448,464,480,496,512,528,544,560,576,592,608,624,640,656,672,688,704,720,736,752,768,784,800,816,832,848,864,880,896,912,928,944,960,976,992,1008,1024,1040,1056,1072,1088,1104,1120,1136,1152,1168,1184,1200,1216 motion_emb_sha=0ba3b7833a2c412c motion_pos_sha=6ed6eeb0d66bd601 motion_mask=111111111111111111111111111111111111111111111111111111111111111111111111111110000000000000000000 mem_order_sha=ccc9899d21634b2a motion_cols_sha=d02ea63e106e047b donor=None cover=exact:0,fallback:0,cycle:0,cross_seg:0 gate=none num_steps=10 act_sha=e9e6669f017a0b3e infer_ms=69.3
INFO:mme_vla_suite.serving.websocket_policy_server:TIMING infer_ms=69.3
INFO:mme_vla_suite.serving.websocket_policy_server:TIMING add_buffer_ms=1455.1 frames=16 exec_start_idx=0
MV_INFER cond=normal split=test task=ButtonUnmask ep=9 ep_seq=3 infer_seq=80 t=1264 es=0 k=78 motion_frames=0,16,32,48,64,80,96,112,128,144,160,176,192,208,224,240,256,272,288,304,320,336,352,368,384,400,416,432,448,464,480,496,512,528,544,560,576,592,608,624,640,656,672,688,704,720,736,752,768,784,800,816,832,848,864,880,896,912,928,944,960,976,992,1008,1024,1040,1056,1072,1088,1104,1120,1136,1152,1168,1184,1200,1216,1232 motion_emb_sha=47e72d5c1913441b motion_pos_sha=b56acc673c0e014a motion_mask=111111111111111111111111111111111111111111111111111111111111111111111111111111000000000000000000 mem_order_sha=2a2e1a3758e26885 motion_cols_sha=ae9de628d8823bf2 donor=None cover=exact:0,fallback:0,cycle:0,cross_seg:0 gate=none num_steps=10 act_sha=59582aaf1690988d infer_ms=70.0
INFO:mme_vla_suite.serving.websocket_policy_server:TIMING infer_ms=70.0
INFO:mme_vla_suite.serving.websocket_policy_server:TIMING add_buffer_ms=1456.2 frames=16 exec_start_idx=0
MV_INFER cond=normal split=test task=ButtonUnmask ep=9 ep_seq=3 infer_seq=81 t=1280 es=0 k=79 motion_frames=0,16,32,48,64,80,96,112,128,144,160,176,192,208,224,240,256,272,288,304,320,336,352,368,384,400,416,432,448,464,480,496,512,528,544,560,576,592,608,624,640,656,672,688,704,720,736,752,768,784,800,816,832,848,864,880,896,912,928,944,960,976,992,1008,1024,1040,1056,1072,1088,1104,1120,1136,1152,1168,1184,1200,1216,1232,1248 motion_emb_sha=be48f4ab4ed57b21 motion_pos_sha=b50012ccc2a650c3 motion_mask=111111111111111111111111111111111111111111111111111111111111111111111111111111100000000000000000 mem_order_sha=1fed3421d7469d6a motion_cols_sha=b62f12e1cc2e6f4f donor=None cover=exact:0,fallback:0,cycle:0,cross_seg:0 gate=none num_steps=10 act_sha=614e92c709643517 infer_ms=69.6
INFO:mme_vla_suite.serving.websocket_policy_server:TIMING infer_ms=69.6
INFO:mme_vla_suite.serving.websocket_policy_server:TIMING add_buffer_ms=1461.2 frames=16 exec_start_idx=0
MV_INFER cond=normal split=test task=ButtonUnmask ep=9 ep_seq=3 infer_seq=82 t=1296 es=0 k=80 motion_frames=0,16,32,48,64,80,96,112,128,144,160,176,192,208,224,240,256,272,288,304,320,336,352,368,384,400,416,432,448,464,480,496,512,528,544,560,576,592,608,624,640,656,672,688,704,720,736,752,768,784,800,816,832,848,864,880,896,912,928,944,960,976,992,1008,1024,1040,1056,1072,1088,1104,1120,1136,1152,1168,1184,1200,1216,1232,1248,1264 motion_emb_sha=3e89d68ff106db5d motion_pos_sha=d5131e7c6233e7d1 motion_mask=111111111111111111111111111111111111111111111111111111111111111111111111111111110000000000000000 mem_order_sha=a4387b88c08b7549 motion_cols_sha=81f2fc212bebb4ee donor=None cover=exact:0,fallback:0,cycle:0,cross_seg:0 gate=none num_steps=10 act_sha=861fe7f16191866f infer_ms=69.8
INFO:mme_vla_suite.serving.websocket_policy_server:TIMING infer_ms=69.8
INFO:websockets.server:connection open
INFO:mme_vla_suite.serving.websocket_policy_server:Connection from ('127.0.0.1', 47102) opened
MV_EPISODE_END ep_seq=3 infers=82 windows=80 wall_s=148.7
MV_EPISODE_BEGIN cond=normal split=test seed=42 ep_seq=4 expect=VideoUnmask:1
INFO:mme_vla_suite.serving.websocket_policy_server:TIMING add_buffer_ms=5737.4 frames=67 exec_start_idx=66
MV_INFER cond=normal split=test task=VideoUnmask ep=1 ep_seq=4 infer_seq=1 t=66 es=66 k=3 motion_frames=0,16,32 motion_emb_sha=a4444d18cad11895 motion_pos_sha=358a8247438e4586 motion_mask=111000000000000000000000000000000000000000000000000000000000000000000000000000000000000000000000 mem_order_sha=4bdcb6154ce3db09 motion_cols_sha=ec75f2710ccf7d3e donor=None cover=exact:0,fallback:0,cycle:0,cross_seg:0 gate=none num_steps=10 act_sha=e8d0ccf581c59ab5 infer_ms=70.4
INFO:mme_vla_suite.serving.websocket_policy_server:TIMING infer_ms=70.4
INFO:mme_vla_suite.serving.websocket_policy_server:TIMING add_buffer_ms=36.7 frames=16 exec_start_idx=0
MV_INFER cond=normal split=test task=VideoUnmask ep=1 ep_seq=4 infer_seq=2 t=82 es=66 k=3 motion_frames=0,16,32 motion_emb_sha=a4444d18cad11895 motion_pos_sha=358a8247438e4586 motion_mask=111000000000000000000000000000000000000000000000000000000000000000000000000000000000000000000000 mem_order_sha=cb2e554e8b3e1ad5 motion_cols_sha=17cf914c012c846f donor=None cover=exact:0,fallback:0,cycle:0,cross_seg:0 gate=none num_steps=10 act_sha=d7a42e77f3ed1e2f infer_ms=69.3
INFO:mme_vla_suite.serving.websocket_policy_server:TIMING infer_ms=69.3
INFO:mme_vla_suite.serving.websocket_policy_server:TIMING add_buffer_ms=1460.1 frames=16 exec_start_idx=0
MV_INFER cond=normal split=test task=VideoUnmask ep=1 ep_seq=4 infer_seq=3 t=98 es=66 k=4 motion_frames=0,16,32,66 motion_emb_sha=bc595cf644239397 motion_pos_sha=b65ea106cebf51d2 motion_mask=111100000000000000000000000000000000000000000000000000000000000000000000000000000000000000000000 mem_order_sha=3f30de4433e4d89f motion_cols_sha=d94e9739c8cfc07e donor=None cover=exact:0,fallback:0,cycle:0,cross_seg:0 gate=none num_steps=10 act_sha=981a2582685dfff1 infer_ms=69.4
INFO:mme_vla_suite.serving.websocket_policy_server:TIMING infer_ms=69.4
INFO:mme_vla_suite.serving.websocket_policy_server:TIMING add_buffer_ms=1454.2 frames=16 exec_start_idx=0
MV_INFER cond=normal split=test task=VideoUnmask ep=1 ep_seq=4 infer_seq=4 t=114 es=66 k=5 motion_frames=0,16,32,66,82 motion_emb_sha=051d0d55a728021e motion_pos_sha=add152c97237af96 motion_mask=111110000000000000000000000000000000000000000000000000000000000000000000000000000000000000000000 mem_order_sha=0395a814320c5e29 motion_cols_sha=e02455314313c279 donor=None cover=exact:0,fallback:0,cycle:0,cross_seg:0 gate=none num_steps=10 act_sha=bff43e1652d4fc1f infer_ms=69.2
INFO:mme_vla_suite.serving.websocket_policy_server:TIMING infer_ms=69.2
INFO:mme_vla_suite.serving.websocket_policy_server:TIMING add_buffer_ms=1453.3 frames=16 exec_start_idx=0
MV_INFER cond=normal split=test task=VideoUnmask ep=1 ep_seq=4 infer_seq=5 t=130 es=66 k=6 motion_frames=0,16,32,66,82,98 motion_emb_sha=0da26ebcf12e2454 motion_pos_sha=0d2e058ea1123793 motion_mask=111111000000000000000000000000000000000000000000000000000000000000000000000000000000000000000000 mem_order_sha=bdffbd3f5c05d11e motion_cols_sha=8246cda0611e035c donor=None cover=exact:0,fallback:0,cycle:0,cross_seg:0 gate=none num_steps=10 act_sha=3bc61b1a195a4a27 infer_ms=69.6
INFO:mme_vla_suite.serving.websocket_policy_server:TIMING infer_ms=69.6
INFO:mme_vla_suite.serving.websocket_policy_server:TIMING add_buffer_ms=1456.8 frames=16 exec_start_idx=0
MV_INFER cond=normal split=test task=VideoUnmask ep=1 ep_seq=4 infer_seq=6 t=146 es=66 k=7 motion_frames=0,16,32,66,82,98,114 motion_emb_sha=2f418c8303c50beb motion_pos_sha=c0e16b25920c3887 motion_mask=111111100000000000000000000000000000000000000000000000000000000000000000000000000000000000000000 mem_order_sha=b3ce16357a031f75 motion_cols_sha=ba19810cd76cb779 donor=None cover=exact:0,fallback:0,cycle:0,cross_seg:0 gate=none num_steps=10 act_sha=4d1892114558d4ab infer_ms=69.3
INFO:mme_vla_suite.serving.websocket_policy_server:TIMING infer_ms=69.3
INFO:mme_vla_suite.serving.websocket_policy_server:TIMING add_buffer_ms=1456.6 frames=16 exec_start_idx=0
MV_INFER cond=normal split=test task=VideoUnmask ep=1 ep_seq=4 infer_seq=7 t=162 es=66 k=8 motion_frames=0,16,32,66,82,98,114,130 motion_emb_sha=e686915926238daa motion_pos_sha=a83e780e2fdd36f9 motion_mask=111111110000000000000000000000000000000000000000000000000000000000000000000000000000000000000000 mem_order_sha=92a4860fa2f2c179 motion_cols_sha=e4e2077ec5936a32 donor=None cover=exact:0,fallback:0,cycle:0,cross_seg:0 gate=none num_steps=10 act_sha=0226e562841f66a4 infer_ms=70.2
INFO:mme_vla_suite.serving.websocket_policy_server:TIMING infer_ms=70.2
INFO:mme_vla_suite.serving.websocket_policy_server:TIMING add_buffer_ms=1454.7 frames=16 exec_start_idx=0
MV_INFER cond=normal split=test task=VideoUnmask ep=1 ep_seq=4 infer_seq=8 t=178 es=66 k=9 motion_frames=0,16,32,66,82,98,114,130,146 motion_emb_sha=7891b6e2461db6ed motion_pos_sha=78c0d0dbd6dd5525 motion_mask=111111111000000000000000000000000000000000000000000000000000000000000000000000000000000000000000 mem_order_sha=7514c7b72b300384 motion_cols_sha=d76e6aa6338d551f donor=None cover=exact:0,fallback:0,cycle:0,cross_seg:0 gate=none num_steps=10 act_sha=1b7e5d424af5290a infer_ms=69.3
INFO:mme_vla_suite.serving.websocket_policy_server:TIMING infer_ms=69.3
INFO:mme_vla_suite.serving.websocket_policy_server:TIMING add_buffer_ms=1456.5 frames=16 exec_start_idx=0
MV_INFER cond=normal split=test task=VideoUnmask ep=1 ep_seq=4 infer_seq=9 t=194 es=66 k=10 motion_frames=0,16,32,66,82,98,114,130,146,162 motion_emb_sha=d1c71fc872085339 motion_pos_sha=2c547cb66222b342 motion_mask=111111111100000000000000000000000000000000000000000000000000000000000000000000000000000000000000 mem_order_sha=2e57187a35efe371 motion_cols_sha=5b187f2a31a8c420 donor=None cover=exact:0,fallback:0,cycle:0,cross_seg:0 gate=none num_steps=10 act_sha=86b739c4366243d6 infer_ms=69.2
INFO:mme_vla_suite.serving.websocket_policy_server:TIMING infer_ms=69.2
[sidecar pid=832983] 窗 #251 起点 178 耗时 1413 ms（累计 483s）
INFO:mme_vla_suite.serving.websocket_policy_server:TIMING add_buffer_ms=1456.5 frames=16 exec_start_idx=0
MV_INFER cond=normal split=test task=VideoUnmask ep=1 ep_seq=4 infer_seq=10 t=210 es=66 k=11 motion_frames=0,16,32,66,82,98,114,130,146,162,178 motion_emb_sha=9824568df0242a72 motion_pos_sha=50322559221b1c36 motion_mask=111111111110000000000000000000000000000000000000000000000000000000000000000000000000000000000000 mem_order_sha=6bb4b1e7c6104037 motion_cols_sha=bf51e4eacf9ab111 donor=None cover=exact:0,fallback:0,cycle:0,cross_seg:0 gate=none num_steps=10 act_sha=896fb9c6f5127cf6 infer_ms=69.3
INFO:mme_vla_suite.serving.websocket_policy_server:TIMING infer_ms=69.3
INFO:mme_vla_suite.serving.websocket_policy_server:TIMING add_buffer_ms=1454.2 frames=16 exec_start_idx=0
MV_INFER cond=normal split=test task=VideoUnmask ep=1 ep_seq=4 infer_seq=11 t=226 es=66 k=12 motion_frames=0,16,32,66,82,98,114,130,146,162,178,194 motion_emb_sha=26d1cfe63dd140e2 motion_pos_sha=65731de854b22f59 motion_mask=111111111111000000000000000000000000000000000000000000000000000000000000000000000000000000000000 mem_order_sha=2bfbc309192a933b motion_cols_sha=6022067931b2c01f donor=None cover=exact:0,fallback:0,cycle:0,cross_seg:0 gate=none num_steps=10 act_sha=d056d2cadd1b4946 infer_ms=69.3
INFO:mme_vla_suite.serving.websocket_policy_server:TIMING infer_ms=69.3
INFO:mme_vla_suite.serving.websocket_policy_server:TIMING add_buffer_ms=1460.6 frames=16 exec_start_idx=0
MV_INFER cond=normal split=test task=VideoUnmask ep=1 ep_seq=4 infer_seq=12 t=242 es=66 k=13 motion_frames=0,16,32,66,82,98,114,130,146,162,178,194,210 motion_emb_sha=f74086d45c268879 motion_pos_sha=32a383b63ab8a7ca motion_mask=111111111111100000000000000000000000000000000000000000000000000000000000000000000000000000000000 mem_order_sha=fe511a35f5935e41 motion_cols_sha=430f7d85b3677183 donor=None cover=exact:0,fallback:0,cycle:0,cross_seg:0 gate=none num_steps=10 act_sha=c311cfda60a27ae9 infer_ms=69.5
INFO:mme_vla_suite.serving.websocket_policy_server:TIMING infer_ms=69.5
INFO:mme_vla_suite.serving.websocket_policy_server:TIMING add_buffer_ms=1457.4 frames=16 exec_start_idx=0
MV_INFER cond=normal split=test task=VideoUnmask ep=1 ep_seq=4 infer_seq=13 t=258 es=66 k=14 motion_frames=0,16,32,66,82,98,114,130,146,162,178,194,210,226 motion_emb_sha=0e8daaf78e7bbe85 motion_pos_sha=e972e84520e36132 motion_mask=111111111111110000000000000000000000000000000000000000000000000000000000000000000000000000000000 mem_order_sha=08bd0dcd3e501aa0 motion_cols_sha=0597bfaaeb25ca88 donor=None cover=exact:0,fallback:0,cycle:0,cross_seg:0 gate=none num_steps=10 act_sha=6cdf36e776c81fed infer_ms=69.6
INFO:mme_vla_suite.serving.websocket_policy_server:TIMING infer_ms=69.6
INFO:mme_vla_suite.serving.websocket_policy_server:TIMING add_buffer_ms=1458.0 frames=16 exec_start_idx=0
MV_INFER cond=normal split=test task=VideoUnmask ep=1 ep_seq=4 infer_seq=14 t=274 es=66 k=15 motion_frames=0,16,32,66,82,98,114,130,146,162,178,194,210,226,242 motion_emb_sha=577fd9218cd1d78e motion_pos_sha=d0ce634ad8aa40b1 motion_mask=111111111111111000000000000000000000000000000000000000000000000000000000000000000000000000000000 mem_order_sha=3eb35a102bfc619d motion_cols_sha=0c97639f987d24f1 donor=None cover=exact:0,fallback:0,cycle:0,cross_seg:0 gate=none num_steps=10 act_sha=d56d38bb153e9b13 infer_ms=69.2
INFO:mme_vla_suite.serving.websocket_policy_server:TIMING infer_ms=69.2
INFO:mme_vla_suite.serving.websocket_policy_server:TIMING add_buffer_ms=1462.6 frames=16 exec_start_idx=0
MV_INFER cond=normal split=test task=VideoUnmask ep=1 ep_seq=4 infer_seq=15 t=290 es=66 k=16 motion_frames=0,16,32,66,82,98,114,130,146,162,178,194,210,226,242,258 motion_emb_sha=44cc1050602a346f motion_pos_sha=141bc380de25ad0d motion_mask=111111111111111100000000000000000000000000000000000000000000000000000000000000000000000000000000 mem_order_sha=71ea69ecc16ba05a motion_cols_sha=72ba822d7d9a3e67 donor=None cover=exact:0,fallback:0,cycle:0,cross_seg:0 gate=none num_steps=10 act_sha=e91d0864a6ddc899 infer_ms=69.3
INFO:mme_vla_suite.serving.websocket_policy_server:TIMING infer_ms=69.3
INFO:mme_vla_suite.serving.websocket_policy_server:TIMING add_buffer_ms=1461.5 frames=16 exec_start_idx=0
MV_INFER cond=normal split=test task=VideoUnmask ep=1 ep_seq=4 infer_seq=16 t=306 es=66 k=17 motion_frames=0,16,32,66,82,98,114,130,146,162,178,194,210,226,242,258,274 motion_emb_sha=61a00c87273f9696 motion_pos_sha=0dd8ab270aa43f1f motion_mask=111111111111111110000000000000000000000000000000000000000000000000000000000000000000000000000000 mem_order_sha=15ae6a5dc8fc66f9 motion_cols_sha=1eda5f2868fa919b donor=None cover=exact:0,fallback:0,cycle:0,cross_seg:0 gate=none num_steps=10 act_sha=2cd44bcf9cd4e8ef infer_ms=69.2
INFO:mme_vla_suite.serving.websocket_policy_server:TIMING infer_ms=69.2
INFO:mme_vla_suite.serving.websocket_policy_server:TIMING add_buffer_ms=1458.3 frames=16 exec_start_idx=0
MV_INFER cond=normal split=test task=VideoUnmask ep=1 ep_seq=4 infer_seq=17 t=322 es=66 k=18 motion_frames=0,16,32,66,82,98,114,130,146,162,178,194,210,226,242,258,274,290 motion_emb_sha=0ba105e12e87ba63 motion_pos_sha=7a678319ae7439e3 motion_mask=111111111111111111000000000000000000000000000000000000000000000000000000000000000000000000000000 mem_order_sha=26902dff3f479897 motion_cols_sha=4542964937c1b122 donor=None cover=exact:0,fallback:0,cycle:0,cross_seg:0 gate=none num_steps=10 act_sha=b615569556b838aa infer_ms=69.5
INFO:mme_vla_suite.serving.websocket_policy_server:TIMING infer_ms=69.5
INFO:mme_vla_suite.serving.websocket_policy_server:TIMING add_buffer_ms=1468.5 frames=16 exec_start_idx=0
MV_INFER cond=normal split=test task=VideoUnmask ep=1 ep_seq=4 infer_seq=18 t=338 es=66 k=19 motion_frames=0,16,32,66,82,98,114,130,146,162,178,194,210,226,242,258,274,290,306 motion_emb_sha=dbbdb73689c01f43 motion_pos_sha=73af9c29b26575b1 motion_mask=111111111111111111100000000000000000000000000000000000000000000000000000000000000000000000000000 mem_order_sha=d0c0c9939281ed90 motion_cols_sha=a25c61411fe2dfc1 donor=None cover=exact:0,fallback:0,cycle:0,cross_seg:0 gate=none num_steps=10 act_sha=9187175e0ac1f9b5 infer_ms=69.2
INFO:mme_vla_suite.serving.websocket_policy_server:TIMING infer_ms=69.2
INFO:mme_vla_suite.serving.websocket_policy_server:TIMING add_buffer_ms=1457.8 frames=16 exec_start_idx=0
MV_INFER cond=normal split=test task=VideoUnmask ep=1 ep_seq=4 infer_seq=19 t=354 es=66 k=20 motion_frames=0,16,32,66,82,98,114,130,146,162,178,194,210,226,242,258,274,290,306,322 motion_emb_sha=66786182ff215611 motion_pos_sha=669ef2d9880c1190 motion_mask=111111111111111111110000000000000000000000000000000000000000000000000000000000000000000000000000 mem_order_sha=8e4f7352af852292 motion_cols_sha=0957e9030d15feb5 donor=None cover=exact:0,fallback:0,cycle:0,cross_seg:0 gate=none num_steps=10 act_sha=42aa575899ed576d infer_ms=69.1
INFO:mme_vla_suite.serving.websocket_policy_server:TIMING infer_ms=69.1
INFO:mme_vla_suite.serving.websocket_policy_server:TIMING add_buffer_ms=1457.8 frames=16 exec_start_idx=0
MV_INFER cond=normal split=test task=VideoUnmask ep=1 ep_seq=4 infer_seq=20 t=370 es=66 k=21 motion_frames=0,16,32,66,82,98,114,130,146,162,178,194,210,226,242,258,274,290,306,322,338 motion_emb_sha=ef4d6a8c62a64f22 motion_pos_sha=dcebec3755a3583c motion_mask=111111111111111111111000000000000000000000000000000000000000000000000000000000000000000000000000 mem_order_sha=99dc79ac66449f1d motion_cols_sha=54cf7b4af641d852 donor=None cover=exact:0,fallback:0,cycle:0,cross_seg:0 gate=none num_steps=10 act_sha=ca7704d948aecd93 infer_ms=69.1
INFO:mme_vla_suite.serving.websocket_policy_server:TIMING infer_ms=69.1
INFO:mme_vla_suite.serving.websocket_policy_server:TIMING add_buffer_ms=1461.6 frames=16 exec_start_idx=0
MV_INFER cond=normal split=test task=VideoUnmask ep=1 ep_seq=4 infer_seq=21 t=386 es=66 k=22 motion_frames=0,16,32,66,82,98,114,130,146,162,178,194,210,226,242,258,274,290,306,322,338,354 motion_emb_sha=7f67b99d2f3dd90f motion_pos_sha=9034024cfb67f83a motion_mask=111111111111111111111100000000000000000000000000000000000000000000000000000000000000000000000000 mem_order_sha=cc3fa14323347267 motion_cols_sha=1ac9e61a62a79b5b donor=None cover=exact:0,fallback:0,cycle:0,cross_seg:0 gate=none num_steps=10 act_sha=e93b565a87c1af63 infer_ms=69.3
INFO:mme_vla_suite.serving.websocket_policy_server:TIMING infer_ms=69.3
INFO:mme_vla_suite.serving.websocket_policy_server:TIMING add_buffer_ms=1457.4 frames=16 exec_start_idx=0
MV_INFER cond=normal split=test task=VideoUnmask ep=1 ep_seq=4 infer_seq=22 t=402 es=66 k=23 motion_frames=0,16,32,66,82,98,114,130,146,162,178,194,210,226,242,258,274,290,306,322,338,354,370 motion_emb_sha=4140e3d2bf99725a motion_pos_sha=63c02e1ff22a93ae motion_mask=111111111111111111111110000000000000000000000000000000000000000000000000000000000000000000000000 mem_order_sha=43a6cf0eb5ea74c0 motion_cols_sha=c83d8f9ba73fba96 donor=None cover=exact:0,fallback:0,cycle:0,cross_seg:0 gate=none num_steps=10 act_sha=5e199672c5a1303a infer_ms=69.5
INFO:mme_vla_suite.serving.websocket_policy_server:TIMING infer_ms=69.5
INFO:mme_vla_suite.serving.websocket_policy_server:TIMING add_buffer_ms=1456.2 frames=16 exec_start_idx=0
MV_INFER cond=normal split=test task=VideoUnmask ep=1 ep_seq=4 infer_seq=23 t=418 es=66 k=24 motion_frames=0,16,32,66,82,98,114,130,146,162,178,194,210,226,242,258,274,290,306,322,338,354,370,386 motion_emb_sha=f4498018fc657a94 motion_pos_sha=00b664fe366985cb motion_mask=111111111111111111111111000000000000000000000000000000000000000000000000000000000000000000000000 mem_order_sha=fda61dd5477102b3 motion_cols_sha=26b0fb74c18a3193 donor=None cover=exact:0,fallback:0,cycle:0,cross_seg:0 gate=none num_steps=10 act_sha=0d062cd2421f4647 infer_ms=69.3
INFO:mme_vla_suite.serving.websocket_policy_server:TIMING infer_ms=69.3
INFO:mme_vla_suite.serving.websocket_policy_server:TIMING add_buffer_ms=1455.4 frames=16 exec_start_idx=0
MV_INFER cond=normal split=test task=VideoUnmask ep=1 ep_seq=4 infer_seq=24 t=434 es=66 k=25 motion_frames=0,16,32,66,82,98,114,130,146,162,178,194,210,226,242,258,274,290,306,322,338,354,370,386,402 motion_emb_sha=9b328eb1ae8ecf60 motion_pos_sha=5587abb85fecc05c motion_mask=111111111111111111111111100000000000000000000000000000000000000000000000000000000000000000000000 mem_order_sha=fc5c2f6e55d70b55 motion_cols_sha=0c099d9bb117bb38 donor=None cover=exact:0,fallback:0,cycle:0,cross_seg:0 gate=none num_steps=10 act_sha=3b8239f411c2746e infer_ms=69.2
INFO:mme_vla_suite.serving.websocket_policy_server:TIMING infer_ms=69.2
INFO:mme_vla_suite.serving.websocket_policy_server:TIMING add_buffer_ms=1459.1 frames=16 exec_start_idx=0
MV_INFER cond=normal split=test task=VideoUnmask ep=1 ep_seq=4 infer_seq=25 t=450 es=66 k=26 motion_frames=0,16,32,66,82,98,114,130,146,162,178,194,210,226,242,258,274,290,306,322,338,354,370,386,402,418 motion_emb_sha=608f3ff53651e7c3 motion_pos_sha=44728e8df116867f motion_mask=111111111111111111111111110000000000000000000000000000000000000000000000000000000000000000000000 mem_order_sha=d922779444b06dd7 motion_cols_sha=2f76f0d95c32ed1b donor=None cover=exact:0,fallback:0,cycle:0,cross_seg:0 gate=none num_steps=10 act_sha=dfcaa7b8772ed70c infer_ms=69.2
INFO:mme_vla_suite.serving.websocket_policy_server:TIMING infer_ms=69.2
INFO:mme_vla_suite.serving.websocket_policy_server:TIMING add_buffer_ms=1457.6 frames=16 exec_start_idx=0
MV_INFER cond=normal split=test task=VideoUnmask ep=1 ep_seq=4 infer_seq=26 t=466 es=66 k=27 motion_frames=0,16,32,66,82,98,114,130,146,162,178,194,210,226,242,258,274,290,306,322,338,354,370,386,402,418,434 motion_emb_sha=20c02a0b60ee1da7 motion_pos_sha=4a118105564579cb motion_mask=111111111111111111111111111000000000000000000000000000000000000000000000000000000000000000000000 mem_order_sha=a47e270b06c17a7b motion_cols_sha=72c4cd1472215651 donor=None cover=exact:0,fallback:0,cycle:0,cross_seg:0 gate=none num_steps=10 act_sha=df622c806d69a194 infer_ms=69.6
INFO:mme_vla_suite.serving.websocket_policy_server:TIMING infer_ms=69.6
INFO:mme_vla_suite.serving.websocket_policy_server:TIMING add_buffer_ms=1455.6 frames=16 exec_start_idx=0
MV_INFER cond=normal split=test task=VideoUnmask ep=1 ep_seq=4 infer_seq=27 t=482 es=66 k=28 motion_frames=0,16,32,66,82,98,114,130,146,162,178,194,210,226,242,258,274,290,306,322,338,354,370,386,402,418,434,450 motion_emb_sha=c21b9ce2ae4fc48e motion_pos_sha=dfcb4f12037855b3 motion_mask=111111111111111111111111111100000000000000000000000000000000000000000000000000000000000000000000 mem_order_sha=3e2b699f0c74b9fa motion_cols_sha=e4f8cabfd901b3fd donor=None cover=exact:0,fallback:0,cycle:0,cross_seg:0 gate=none num_steps=10 act_sha=c92a33d263317a13 infer_ms=69.8
INFO:mme_vla_suite.serving.websocket_policy_server:TIMING infer_ms=69.8
INFO:mme_vla_suite.serving.websocket_policy_server:TIMING add_buffer_ms=1457.2 frames=16 exec_start_idx=0
MV_INFER cond=normal split=test task=VideoUnmask ep=1 ep_seq=4 infer_seq=28 t=498 es=66 k=29 motion_frames=0,16,32,66,82,98,114,130,146,162,178,194,210,226,242,258,274,290,306,322,338,354,370,386,402,418,434,450,466 motion_emb_sha=7d0e343a508e406d motion_pos_sha=475c87a53cdedb90 motion_mask=111111111111111111111111111110000000000000000000000000000000000000000000000000000000000000000000 mem_order_sha=53b20db53b984554 motion_cols_sha=887c03f98d31d3ac donor=None cover=exact:0,fallback:0,cycle:0,cross_seg:0 gate=none num_steps=10 act_sha=694a2898f91851e8 infer_ms=69.3
INFO:mme_vla_suite.serving.websocket_policy_server:TIMING infer_ms=69.3
INFO:mme_vla_suite.serving.websocket_policy_server:TIMING add_buffer_ms=1455.3 frames=16 exec_start_idx=0
MV_INFER cond=normal split=test task=VideoUnmask ep=1 ep_seq=4 infer_seq=29 t=514 es=66 k=30 motion_frames=0,16,32,66,82,98,114,130,146,162,178,194,210,226,242,258,274,290,306,322,338,354,370,386,402,418,434,450,466,482 motion_emb_sha=a44d1ebbdca90274 motion_pos_sha=d7d92e5349f30f92 motion_mask=111111111111111111111111111111000000000000000000000000000000000000000000000000000000000000000000 mem_order_sha=d4a17ce9295f09eb motion_cols_sha=f1b5b9004c60659a donor=None cover=exact:0,fallback:0,cycle:0,cross_seg:0 gate=none num_steps=10 act_sha=53a98030df8e6efe infer_ms=69.7
INFO:mme_vla_suite.serving.websocket_policy_server:TIMING infer_ms=69.7
INFO:mme_vla_suite.serving.websocket_policy_server:TIMING add_buffer_ms=1456.1 frames=16 exec_start_idx=0
MV_INFER cond=normal split=test task=VideoUnmask ep=1 ep_seq=4 infer_seq=30 t=530 es=66 k=31 motion_frames=0,16,32,66,82,98,114,130,146,162,178,194,210,226,242,258,274,290,306,322,338,354,370,386,402,418,434,450,466,482,498 motion_emb_sha=bc5552bc8b5e48e5 motion_pos_sha=0f8d9dcf0c9e6e2d motion_mask=111111111111111111111111111111100000000000000000000000000000000000000000000000000000000000000000 mem_order_sha=2029e913e51af11c motion_cols_sha=a70201a691f9bf1e donor=None cover=exact:0,fallback:0,cycle:0,cross_seg:0 gate=none num_steps=10 act_sha=c7da6090911657b9 infer_ms=69.2
INFO:mme_vla_suite.serving.websocket_policy_server:TIMING infer_ms=69.2
INFO:mme_vla_suite.serving.websocket_policy_server:TIMING add_buffer_ms=1455.8 frames=16 exec_start_idx=0
MV_INFER cond=normal split=test task=VideoUnmask ep=1 ep_seq=4 infer_seq=31 t=546 es=66 k=32 motion_frames=0,16,32,66,82,98,114,130,146,162,178,194,210,226,242,258,274,290,306,322,338,354,370,386,402,418,434,450,466,482,498,514 motion_emb_sha=f3079362de1b8201 motion_pos_sha=daef85cbf2c66840 motion_mask=111111111111111111111111111111110000000000000000000000000000000000000000000000000000000000000000 mem_order_sha=6129466cdb22978f motion_cols_sha=6055ceefc203f0f4 donor=None cover=exact:0,fallback:0,cycle:0,cross_seg:0 gate=none num_steps=10 act_sha=b1c215c33b6ed39e infer_ms=69.2
INFO:mme_vla_suite.serving.websocket_policy_server:TIMING infer_ms=69.2
INFO:mme_vla_suite.serving.websocket_policy_server:TIMING add_buffer_ms=1455.9 frames=16 exec_start_idx=0
MV_INFER cond=normal split=test task=VideoUnmask ep=1 ep_seq=4 infer_seq=32 t=562 es=66 k=33 motion_frames=0,16,32,66,82,98,114,130,146,162,178,194,210,226,242,258,274,290,306,322,338,354,370,386,402,418,434,450,466,482,498,514,530 motion_emb_sha=ef4edf6a91ac7f00 motion_pos_sha=5070379a0a40ce89 motion_mask=111111111111111111111111111111111000000000000000000000000000000000000000000000000000000000000000 mem_order_sha=7ca768a2f4fdc8aa motion_cols_sha=be64232c95fbce47 donor=None cover=exact:0,fallback:0,cycle:0,cross_seg:0 gate=none num_steps=10 act_sha=7af1a816e997d766 infer_ms=69.8
INFO:mme_vla_suite.serving.websocket_policy_server:TIMING infer_ms=69.8
INFO:mme_vla_suite.serving.websocket_policy_server:TIMING add_buffer_ms=1456.4 frames=16 exec_start_idx=0
MV_INFER cond=normal split=test task=VideoUnmask ep=1 ep_seq=4 infer_seq=33 t=578 es=66 k=34 motion_frames=0,16,32,66,82,98,114,130,146,162,178,194,210,226,242,258,274,290,306,322,338,354,370,386,402,418,434,450,466,482,498,514,530,546 motion_emb_sha=81465f9665df6548 motion_pos_sha=f7012ff4cabb1507 motion_mask=111111111111111111111111111111111100000000000000000000000000000000000000000000000000000000000000 mem_order_sha=6bcf6ebb5b6d2890 motion_cols_sha=934096701ddf3f12 donor=None cover=exact:0,fallback:0,cycle:0,cross_seg:0 gate=none num_steps=10 act_sha=bd0af0d7d624b31e infer_ms=69.6
INFO:mme_vla_suite.serving.websocket_policy_server:TIMING infer_ms=69.6
INFO:mme_vla_suite.serving.websocket_policy_server:TIMING add_buffer_ms=1457.1 frames=16 exec_start_idx=0
MV_INFER cond=normal split=test task=VideoUnmask ep=1 ep_seq=4 infer_seq=34 t=594 es=66 k=35 motion_frames=0,16,32,66,82,98,114,130,146,162,178,194,210,226,242,258,274,290,306,322,338,354,370,386,402,418,434,450,466,482,498,514,530,546,562 motion_emb_sha=d6c1a168048b81fe motion_pos_sha=6d05b975d6d1bcd6 motion_mask=111111111111111111111111111111111110000000000000000000000000000000000000000000000000000000000000 mem_order_sha=16590d4d73ae0e84 motion_cols_sha=5040b814fe13feef donor=None cover=exact:0,fallback:0,cycle:0,cross_seg:0 gate=none num_steps=10 act_sha=463daf6fea09fca2 infer_ms=70.2
INFO:mme_vla_suite.serving.websocket_policy_server:TIMING infer_ms=70.2
INFO:mme_vla_suite.serving.websocket_policy_server:TIMING add_buffer_ms=1455.2 frames=16 exec_start_idx=0
MV_INFER cond=normal split=test task=VideoUnmask ep=1 ep_seq=4 infer_seq=35 t=610 es=66 k=36 motion_frames=0,16,32,66,82,98,114,130,146,162,178,194,210,226,242,258,274,290,306,322,338,354,370,386,402,418,434,450,466,482,498,514,530,546,562,578 motion_emb_sha=e66d20a6143b6685 motion_pos_sha=0dadfc909d6708b4 motion_mask=111111111111111111111111111111111111000000000000000000000000000000000000000000000000000000000000 mem_order_sha=43ad8d10ecf3dd11 motion_cols_sha=aa122da8b650e77e donor=None cover=exact:0,fallback:0,cycle:0,cross_seg:0 gate=none num_steps=10 act_sha=33ea7a6ce8737114 infer_ms=69.4
INFO:mme_vla_suite.serving.websocket_policy_server:TIMING infer_ms=69.4
INFO:mme_vla_suite.serving.websocket_policy_server:TIMING add_buffer_ms=1459.2 frames=16 exec_start_idx=0
MV_INFER cond=normal split=test task=VideoUnmask ep=1 ep_seq=4 infer_seq=36 t=626 es=66 k=37 motion_frames=0,16,32,66,82,98,114,130,146,162,178,194,210,226,242,258,274,290,306,322,338,354,370,386,402,418,434,450,466,482,498,514,530,546,562,578,594 motion_emb_sha=0ba7006feaedbac0 motion_pos_sha=8183ecf00893acbf motion_mask=111111111111111111111111111111111111100000000000000000000000000000000000000000000000000000000000 mem_order_sha=fe0cbc0742b460ec motion_cols_sha=0c67f2f20096bd57 donor=None cover=exact:0,fallback:0,cycle:0,cross_seg:0 gate=none num_steps=10 act_sha=e9f26989d1599a07 infer_ms=69.4
INFO:mme_vla_suite.serving.websocket_policy_server:TIMING infer_ms=69.4
INFO:mme_vla_suite.serving.websocket_policy_server:TIMING add_buffer_ms=1472.7 frames=16 exec_start_idx=0
MV_INFER cond=normal split=test task=VideoUnmask ep=1 ep_seq=4 infer_seq=37 t=642 es=66 k=38 motion_frames=0,16,32,66,82,98,114,130,146,162,178,194,210,226,242,258,274,290,306,322,338,354,370,386,402,418,434,450,466,482,498,514,530,546,562,578,594,610 motion_emb_sha=11370516a5d9977a motion_pos_sha=3c525b59051fa8dc motion_mask=111111111111111111111111111111111111110000000000000000000000000000000000000000000000000000000000 mem_order_sha=ace453b3c01b7133 motion_cols_sha=b4ea16ebee28540e donor=None cover=exact:0,fallback:0,cycle:0,cross_seg:0 gate=none num_steps=10 act_sha=9e47c5e464111cff infer_ms=69.8
INFO:mme_vla_suite.serving.websocket_policy_server:TIMING infer_ms=69.8
INFO:mme_vla_suite.serving.websocket_policy_server:TIMING add_buffer_ms=1470.1 frames=16 exec_start_idx=0
MV_INFER cond=normal split=test task=VideoUnmask ep=1 ep_seq=4 infer_seq=38 t=658 es=66 k=39 motion_frames=0,16,32,66,82,98,114,130,146,162,178,194,210,226,242,258,274,290,306,322,338,354,370,386,402,418,434,450,466,482,498,514,530,546,562,578,594,610,626 motion_emb_sha=b9cf50aa3094ff8d motion_pos_sha=12e3f992ce31daed motion_mask=111111111111111111111111111111111111111000000000000000000000000000000000000000000000000000000000 mem_order_sha=61d03335afe043c9 motion_cols_sha=2181bccfaaacfb4c donor=None cover=exact:0,fallback:0,cycle:0,cross_seg:0 gate=none num_steps=10 act_sha=0ef5a6c954d440fa infer_ms=70.1
INFO:mme_vla_suite.serving.websocket_policy_server:TIMING infer_ms=70.1
INFO:mme_vla_suite.serving.websocket_policy_server:TIMING add_buffer_ms=1466.4 frames=16 exec_start_idx=0
MV_INFER cond=normal split=test task=VideoUnmask ep=1 ep_seq=4 infer_seq=39 t=674 es=66 k=40 motion_frames=0,16,32,66,82,98,114,130,146,162,178,194,210,226,242,258,274,290,306,322,338,354,370,386,402,418,434,450,466,482,498,514,530,546,562,578,594,610,626,642 motion_emb_sha=21e3d25a644964a2 motion_pos_sha=2f1a4535b5d9b52a motion_mask=111111111111111111111111111111111111111100000000000000000000000000000000000000000000000000000000 mem_order_sha=2524cb3ebfb9b556 motion_cols_sha=44968bdbfef24e29 donor=None cover=exact:0,fallback:0,cycle:0,cross_seg:0 gate=none num_steps=10 act_sha=22d492b95bb81917 infer_ms=69.7
INFO:mme_vla_suite.serving.websocket_policy_server:TIMING infer_ms=69.7
INFO:mme_vla_suite.serving.websocket_policy_server:TIMING add_buffer_ms=1470.3 frames=16 exec_start_idx=0
MV_INFER cond=normal split=test task=VideoUnmask ep=1 ep_seq=4 infer_seq=40 t=690 es=66 k=41 motion_frames=0,16,32,66,82,98,114,130,146,162,178,194,210,226,242,258,274,290,306,322,338,354,370,386,402,418,434,450,466,482,498,514,530,546,562,578,594,610,626,642,658 motion_emb_sha=298fc06cc8ba3f2c motion_pos_sha=94615affc3ce48ee motion_mask=111111111111111111111111111111111111111110000000000000000000000000000000000000000000000000000000 mem_order_sha=9082cb7627011385 motion_cols_sha=0d46dee59346ada9 donor=None cover=exact:0,fallback:0,cycle:0,cross_seg:0 gate=none num_steps=10 act_sha=0880ac1b8e572929 infer_ms=70.9
INFO:mme_vla_suite.serving.websocket_policy_server:TIMING infer_ms=70.9
INFO:mme_vla_suite.serving.websocket_policy_server:TIMING add_buffer_ms=1466.2 frames=16 exec_start_idx=0
MV_INFER cond=normal split=test task=VideoUnmask ep=1 ep_seq=4 infer_seq=41 t=706 es=66 k=42 motion_frames=0,16,32,66,82,98,114,130,146,162,178,194,210,226,242,258,274,290,306,322,338,354,370,386,402,418,434,450,466,482,498,514,530,546,562,578,594,610,626,642,658,674 motion_emb_sha=0a18020c5e48a060 motion_pos_sha=24317eca0b9abf85 motion_mask=111111111111111111111111111111111111111111000000000000000000000000000000000000000000000000000000 mem_order_sha=9662e474b623c915 motion_cols_sha=0faf1bc59289c62e donor=None cover=exact:0,fallback:0,cycle:0,cross_seg:0 gate=none num_steps=10 act_sha=bf56c335e6afde7f infer_ms=69.9
INFO:mme_vla_suite.serving.websocket_policy_server:TIMING infer_ms=69.9
INFO:mme_vla_suite.serving.websocket_policy_server:TIMING add_buffer_ms=1465.8 frames=16 exec_start_idx=0
MV_INFER cond=normal split=test task=VideoUnmask ep=1 ep_seq=4 infer_seq=42 t=722 es=66 k=43 motion_frames=0,16,32,66,82,98,114,130,146,162,178,194,210,226,242,258,274,290,306,322,338,354,370,386,402,418,434,450,466,482,498,514,530,546,562,578,594,610,626,642,658,674,690 motion_emb_sha=ac4fb3a6c4002688 motion_pos_sha=3c375b5b266182ec motion_mask=111111111111111111111111111111111111111111100000000000000000000000000000000000000000000000000000 mem_order_sha=779ddf72b580def5 motion_cols_sha=78b0865e1248c113 donor=None cover=exact:0,fallback:0,cycle:0,cross_seg:0 gate=none num_steps=10 act_sha=fb3ddafbda100c63 infer_ms=69.8
INFO:mme_vla_suite.serving.websocket_policy_server:TIMING infer_ms=69.8
INFO:mme_vla_suite.serving.websocket_policy_server:TIMING add_buffer_ms=1462.6 frames=16 exec_start_idx=0
MV_INFER cond=normal split=test task=VideoUnmask ep=1 ep_seq=4 infer_seq=43 t=738 es=66 k=44 motion_frames=0,16,32,66,82,98,114,130,146,162,178,194,210,226,242,258,274,290,306,322,338,354,370,386,402,418,434,450,466,482,498,514,530,546,562,578,594,610,626,642,658,674,690,706 motion_emb_sha=caa6e1ebccddb4eb motion_pos_sha=9a98523100173224 motion_mask=111111111111111111111111111111111111111111110000000000000000000000000000000000000000000000000000 mem_order_sha=40166ba87744e340 motion_cols_sha=e738d8133285e097 donor=None cover=exact:0,fallback:0,cycle:0,cross_seg:0 gate=none num_steps=10 act_sha=541d610d9753ffde infer_ms=69.8
INFO:mme_vla_suite.serving.websocket_policy_server:TIMING infer_ms=69.8
INFO:mme_vla_suite.serving.websocket_policy_server:TIMING add_buffer_ms=1460.0 frames=16 exec_start_idx=0
MV_INFER cond=normal split=test task=VideoUnmask ep=1 ep_seq=4 infer_seq=44 t=754 es=66 k=45 motion_frames=0,16,32,66,82,98,114,130,146,162,178,194,210,226,242,258,274,290,306,322,338,354,370,386,402,418,434,450,466,482,498,514,530,546,562,578,594,610,626,642,658,674,690,706,722 motion_emb_sha=1b6312068027b0fc motion_pos_sha=509f6d7dfd3b6b7d motion_mask=111111111111111111111111111111111111111111111000000000000000000000000000000000000000000000000000 mem_order_sha=ac51a1bd09d9b3dc motion_cols_sha=ee6546d364856f36 donor=None cover=exact:0,fallback:0,cycle:0,cross_seg:0 gate=none num_steps=10 act_sha=1e4a70fbb382ecf2 infer_ms=70.0
INFO:mme_vla_suite.serving.websocket_policy_server:TIMING infer_ms=70.0
INFO:mme_vla_suite.serving.websocket_policy_server:TIMING add_buffer_ms=1470.9 frames=16 exec_start_idx=0
MV_INFER cond=normal split=test task=VideoUnmask ep=1 ep_seq=4 infer_seq=45 t=770 es=66 k=46 motion_frames=0,16,32,66,82,98,114,130,146,162,178,194,210,226,242,258,274,290,306,322,338,354,370,386,402,418,434,450,466,482,498,514,530,546,562,578,594,610,626,642,658,674,690,706,722,738 motion_emb_sha=b6990626f215b59e motion_pos_sha=4883ad512b94ae90 motion_mask=111111111111111111111111111111111111111111111100000000000000000000000000000000000000000000000000 mem_order_sha=07b356a0b988bd26 motion_cols_sha=e4ca59fb8cf6b258 donor=None cover=exact:0,fallback:0,cycle:0,cross_seg:0 gate=none num_steps=10 act_sha=3a75a4d87a7d1021 infer_ms=70.7
INFO:mme_vla_suite.serving.websocket_policy_server:TIMING infer_ms=70.7
INFO:mme_vla_suite.serving.websocket_policy_server:TIMING add_buffer_ms=1463.9 frames=16 exec_start_idx=0
MV_INFER cond=normal split=test task=VideoUnmask ep=1 ep_seq=4 infer_seq=46 t=786 es=66 k=47 motion_frames=0,16,32,66,82,98,114,130,146,162,178,194,210,226,242,258,274,290,306,322,338,354,370,386,402,418,434,450,466,482,498,514,530,546,562,578,594,610,626,642,658,674,690,706,722,738,754 motion_emb_sha=425e2e76b5cee353 motion_pos_sha=6a9ee8166dc2e430 motion_mask=111111111111111111111111111111111111111111111110000000000000000000000000000000000000000000000000 mem_order_sha=56366bc252c0055a motion_cols_sha=6b2b7e9f2f7e8ece donor=None cover=exact:0,fallback:0,cycle:0,cross_seg:0 gate=none num_steps=10 act_sha=5baa5d1ad78cdfd1 infer_ms=70.0
INFO:mme_vla_suite.serving.websocket_policy_server:TIMING infer_ms=70.0
INFO:mme_vla_suite.serving.websocket_policy_server:TIMING add_buffer_ms=1464.5 frames=16 exec_start_idx=0
MV_INFER cond=normal split=test task=VideoUnmask ep=1 ep_seq=4 infer_seq=47 t=802 es=66 k=48 motion_frames=0,16,32,66,82,98,114,130,146,162,178,194,210,226,242,258,274,290,306,322,338,354,370,386,402,418,434,450,466,482,498,514,530,546,562,578,594,610,626,642,658,674,690,706,722,738,754,770 motion_emb_sha=436b7b599e77a589 motion_pos_sha=8b207287f3bb2ce8 motion_mask=111111111111111111111111111111111111111111111111000000000000000000000000000000000000000000000000 mem_order_sha=41f68824fa24eca0 motion_cols_sha=b4369eb188fc7e5f donor=None cover=exact:0,fallback:0,cycle:0,cross_seg:0 gate=none num_steps=10 act_sha=5b5d6b2f28c97037 infer_ms=69.8
INFO:mme_vla_suite.serving.websocket_policy_server:TIMING infer_ms=69.8
INFO:mme_vla_suite.serving.websocket_policy_server:TIMING add_buffer_ms=1463.4 frames=16 exec_start_idx=0
MV_INFER cond=normal split=test task=VideoUnmask ep=1 ep_seq=4 infer_seq=48 t=818 es=66 k=49 motion_frames=0,16,32,66,82,98,114,130,146,162,178,194,210,226,242,258,274,290,306,322,338,354,370,386,402,418,434,450,466,482,498,514,530,546,562,578,594,610,626,642,658,674,690,706,722,738,754,770,786 motion_emb_sha=85243949578aeefa motion_pos_sha=ae2cf5887ec7ed11 motion_mask=111111111111111111111111111111111111111111111111100000000000000000000000000000000000000000000000 mem_order_sha=60c16c435f0ad8f0 motion_cols_sha=9daa2835b81b6f76 donor=None cover=exact:0,fallback:0,cycle:0,cross_seg:0 gate=none num_steps=10 act_sha=eadcf60b994659d3 infer_ms=69.9
INFO:mme_vla_suite.serving.websocket_policy_server:TIMING infer_ms=69.9
INFO:mme_vla_suite.serving.websocket_policy_server:TIMING add_buffer_ms=1462.9 frames=16 exec_start_idx=0
MV_INFER cond=normal split=test task=VideoUnmask ep=1 ep_seq=4 infer_seq=49 t=834 es=66 k=50 motion_frames=0,16,32,66,82,98,114,130,146,162,178,194,210,226,242,258,274,290,306,322,338,354,370,386,402,418,434,450,466,482,498,514,530,546,562,578,594,610,626,642,658,674,690,706,722,738,754,770,786,802 motion_emb_sha=7196a6a57f6d61f2 motion_pos_sha=9c11a0b2d55fc505 motion_mask=111111111111111111111111111111111111111111111111110000000000000000000000000000000000000000000000 mem_order_sha=a88b75a1e693ecdd motion_cols_sha=7484410ffc741e26 donor=None cover=exact:0,fallback:0,cycle:0,cross_seg:0 gate=none num_steps=10 act_sha=844f2e366572520b infer_ms=69.7
INFO:mme_vla_suite.serving.websocket_policy_server:TIMING infer_ms=69.7
INFO:mme_vla_suite.serving.websocket_policy_server:TIMING add_buffer_ms=1466.7 frames=16 exec_start_idx=0
MV_INFER cond=normal split=test task=VideoUnmask ep=1 ep_seq=4 infer_seq=50 t=850 es=66 k=51 motion_frames=0,16,32,66,82,98,114,130,146,162,178,194,210,226,242,258,274,290,306,322,338,354,370,386,402,418,434,450,466,482,498,514,530,546,562,578,594,610,626,642,658,674,690,706,722,738,754,770,786,802,818 motion_emb_sha=36d91904f3647609 motion_pos_sha=263dfd265e5e2d39 motion_mask=111111111111111111111111111111111111111111111111111000000000000000000000000000000000000000000000 mem_order_sha=c91702d0779b6d9a motion_cols_sha=3f670b6b83873138 donor=None cover=exact:0,fallback:0,cycle:0,cross_seg:0 gate=none num_steps=10 act_sha=320e22aa0d28e081 infer_ms=69.8
INFO:mme_vla_suite.serving.websocket_policy_server:TIMING infer_ms=69.8
INFO:mme_vla_suite.serving.websocket_policy_server:TIMING add_buffer_ms=1460.5 frames=16 exec_start_idx=0
MV_INFER cond=normal split=test task=VideoUnmask ep=1 ep_seq=4 infer_seq=51 t=866 es=66 k=52 motion_frames=0,16,32,66,82,98,114,130,146,162,178,194,210,226,242,258,274,290,306,322,338,354,370,386,402,418,434,450,466,482,498,514,530,546,562,578,594,610,626,642,658,674,690,706,722,738,754,770,786,802,818,834 motion_emb_sha=89cd1d8e2745b8b2 motion_pos_sha=b13198acaebe117b motion_mask=111111111111111111111111111111111111111111111111111100000000000000000000000000000000000000000000 mem_order_sha=98aad9918dbabe49 motion_cols_sha=8c111b464e2545b4 donor=None cover=exact:0,fallback:0,cycle:0,cross_seg:0 gate=none num_steps=10 act_sha=5edfc03f6df97436 infer_ms=70.0
INFO:mme_vla_suite.serving.websocket_policy_server:TIMING infer_ms=70.0
INFO:mme_vla_suite.serving.websocket_policy_server:TIMING add_buffer_ms=1464.6 frames=16 exec_start_idx=0
MV_INFER cond=normal split=test task=VideoUnmask ep=1 ep_seq=4 infer_seq=52 t=882 es=66 k=53 motion_frames=0,16,32,66,82,98,114,130,146,162,178,194,210,226,242,258,274,290,306,322,338,354,370,386,402,418,434,450,466,482,498,514,530,546,562,578,594,610,626,642,658,674,690,706,722,738,754,770,786,802,818,834,850 motion_emb_sha=b263550b58e55a4e motion_pos_sha=2a093ef2193348f4 motion_mask=111111111111111111111111111111111111111111111111111110000000000000000000000000000000000000000000 mem_order_sha=e5a38de8aead414f motion_cols_sha=2ef65e70a4ed9492 donor=None cover=exact:0,fallback:0,cycle:0,cross_seg:0 gate=none num_steps=10 act_sha=df9a3ad13d850a44 infer_ms=70.1
INFO:mme_vla_suite.serving.websocket_policy_server:TIMING infer_ms=70.1
INFO:mme_vla_suite.serving.websocket_policy_server:TIMING add_buffer_ms=1472.3 frames=16 exec_start_idx=0
MV_INFER cond=normal split=test task=VideoUnmask ep=1 ep_seq=4 infer_seq=53 t=898 es=66 k=54 motion_frames=0,16,32,66,82,98,114,130,146,162,178,194,210,226,242,258,274,290,306,322,338,354,370,386,402,418,434,450,466,482,498,514,530,546,562,578,594,610,626,642,658,674,690,706,722,738,754,770,786,802,818,834,850,866 motion_emb_sha=78a9f4cde7aa8aa3 motion_pos_sha=55de1f995c4ecf78 motion_mask=111111111111111111111111111111111111111111111111111111000000000000000000000000000000000000000000 mem_order_sha=f1b08357d67dad3a motion_cols_sha=2ee438815fa4742b donor=None cover=exact:0,fallback:0,cycle:0,cross_seg:0 gate=none num_steps=10 act_sha=b2b541802a39a680 infer_ms=70.7
INFO:mme_vla_suite.serving.websocket_policy_server:TIMING infer_ms=70.7
INFO:mme_vla_suite.serving.websocket_policy_server:TIMING add_buffer_ms=1466.5 frames=16 exec_start_idx=0
MV_INFER cond=normal split=test task=VideoUnmask ep=1 ep_seq=4 infer_seq=54 t=914 es=66 k=55 motion_frames=0,16,32,66,82,98,114,130,146,162,178,194,210,226,242,258,274,290,306,322,338,354,370,386,402,418,434,450,466,482,498,514,530,546,562,578,594,610,626,642,658,674,690,706,722,738,754,770,786,802,818,834,850,866,882 motion_emb_sha=6c79e9c7feba7f5f motion_pos_sha=b3139dd1f53b7b58 motion_mask=111111111111111111111111111111111111111111111111111111100000000000000000000000000000000000000000 mem_order_sha=8224669e500670e7 motion_cols_sha=718378567319b213 donor=None cover=exact:0,fallback:0,cycle:0,cross_seg:0 gate=none num_steps=10 act_sha=aeecd9d59c7f2cf7 infer_ms=69.9
INFO:mme_vla_suite.serving.websocket_policy_server:TIMING infer_ms=69.9
INFO:mme_vla_suite.serving.websocket_policy_server:TIMING add_buffer_ms=1467.4 frames=16 exec_start_idx=0
MV_INFER cond=normal split=test task=VideoUnmask ep=1 ep_seq=4 infer_seq=55 t=930 es=66 k=56 motion_frames=0,16,32,66,82,98,114,130,146,162,178,194,210,226,242,258,274,290,306,322,338,354,370,386,402,418,434,450,466,482,498,514,530,546,562,578,594,610,626,642,658,674,690,706,722,738,754,770,786,802,818,834,850,866,882,898 motion_emb_sha=29fd419959920c95 motion_pos_sha=89906205e4aff050 motion_mask=111111111111111111111111111111111111111111111111111111110000000000000000000000000000000000000000 mem_order_sha=2b5aeeda86acbd4c motion_cols_sha=6b8d54a9b713b9bb donor=None cover=exact:0,fallback:0,cycle:0,cross_seg:0 gate=none num_steps=10 act_sha=27873fbb8c21ed0e infer_ms=70.0
INFO:mme_vla_suite.serving.websocket_policy_server:TIMING infer_ms=70.0
INFO:mme_vla_suite.serving.websocket_policy_server:TIMING add_buffer_ms=1466.6 frames=16 exec_start_idx=0
MV_INFER cond=normal split=test task=VideoUnmask ep=1 ep_seq=4 infer_seq=56 t=946 es=66 k=57 motion_frames=0,16,32,66,82,98,114,130,146,162,178,194,210,226,242,258,274,290,306,322,338,354,370,386,402,418,434,450,466,482,498,514,530,546,562,578,594,610,626,642,658,674,690,706,722,738,754,770,786,802,818,834,850,866,882,898,914 motion_emb_sha=d8befbfd57f40763 motion_pos_sha=1a047899f2f73e77 motion_mask=111111111111111111111111111111111111111111111111111111111000000000000000000000000000000000000000 mem_order_sha=f518d61aaeb7b9a4 motion_cols_sha=7e7294586c095a3b donor=None cover=exact:0,fallback:0,cycle:0,cross_seg:0 gate=none num_steps=10 act_sha=2327102ba27c6c0b infer_ms=69.6
INFO:mme_vla_suite.serving.websocket_policy_server:TIMING infer_ms=69.6
INFO:mme_vla_suite.serving.websocket_policy_server:TIMING add_buffer_ms=1464.6 frames=16 exec_start_idx=0
MV_INFER cond=normal split=test task=VideoUnmask ep=1 ep_seq=4 infer_seq=57 t=962 es=66 k=58 motion_frames=0,16,32,66,82,98,114,130,146,162,178,194,210,226,242,258,274,290,306,322,338,354,370,386,402,418,434,450,466,482,498,514,530,546,562,578,594,610,626,642,658,674,690,706,722,738,754,770,786,802,818,834,850,866,882,898,914,930 motion_emb_sha=4d6cf53cb135c4af motion_pos_sha=ea2f391a4a415ca2 motion_mask=111111111111111111111111111111111111111111111111111111111100000000000000000000000000000000000000 mem_order_sha=7393759e909a4426 motion_cols_sha=390f291c89898410 donor=None cover=exact:0,fallback:0,cycle:0,cross_seg:0 gate=none num_steps=10 act_sha=892defe96316e9aa infer_ms=72.2
INFO:mme_vla_suite.serving.websocket_policy_server:TIMING infer_ms=72.2
INFO:mme_vla_suite.serving.websocket_policy_server:TIMING add_buffer_ms=1473.3 frames=16 exec_start_idx=0
MV_INFER cond=normal split=test task=VideoUnmask ep=1 ep_seq=4 infer_seq=58 t=978 es=66 k=59 motion_frames=0,16,32,66,82,98,114,130,146,162,178,194,210,226,242,258,274,290,306,322,338,354,370,386,402,418,434,450,466,482,498,514,530,546,562,578,594,610,626,642,658,674,690,706,722,738,754,770,786,802,818,834,850,866,882,898,914,930,946 motion_emb_sha=f2965e0100475ba3 motion_pos_sha=d0a97db97da9ff63 motion_mask=111111111111111111111111111111111111111111111111111111111110000000000000000000000000000000000000 mem_order_sha=a6d737f7e8bf2dbf motion_cols_sha=084cb2637a565d19 donor=None cover=exact:0,fallback:0,cycle:0,cross_seg:0 gate=none num_steps=10 act_sha=821c4fcd09f7f80d infer_ms=69.8
INFO:mme_vla_suite.serving.websocket_policy_server:TIMING infer_ms=69.8
INFO:mme_vla_suite.serving.websocket_policy_server:TIMING add_buffer_ms=1466.9 frames=16 exec_start_idx=0
MV_INFER cond=normal split=test task=VideoUnmask ep=1 ep_seq=4 infer_seq=59 t=994 es=66 k=60 motion_frames=0,16,32,66,82,98,114,130,146,162,178,194,210,226,242,258,274,290,306,322,338,354,370,386,402,418,434,450,466,482,498,514,530,546,562,578,594,610,626,642,658,674,690,706,722,738,754,770,786,802,818,834,850,866,882,898,914,930,946,962 motion_emb_sha=f13feef52a1e7313 motion_pos_sha=790d5be294652bd4 motion_mask=111111111111111111111111111111111111111111111111111111111111000000000000000000000000000000000000 mem_order_sha=c6351d37ee6f0a46 motion_cols_sha=c8e32b5c1df81659 donor=None cover=exact:0,fallback:0,cycle:0,cross_seg:0 gate=none num_steps=10 act_sha=8820e65ee362eef9 infer_ms=70.0
INFO:mme_vla_suite.serving.websocket_policy_server:TIMING infer_ms=70.0
[sidecar pid=832983] 窗 #301 起点 978 耗时 1417 ms（累计 572s）
INFO:mme_vla_suite.serving.websocket_policy_server:TIMING add_buffer_ms=1464.7 frames=16 exec_start_idx=0
MV_INFER cond=normal split=test task=VideoUnmask ep=1 ep_seq=4 infer_seq=60 t=1010 es=66 k=61 motion_frames=0,16,32,66,82,98,114,130,146,162,178,194,210,226,242,258,274,290,306,322,338,354,370,386,402,418,434,450,466,482,498,514,530,546,562,578,594,610,626,642,658,674,690,706,722,738,754,770,786,802,818,834,850,866,882,898,914,930,946,962,978 motion_emb_sha=b410dcbb4460f2f2 motion_pos_sha=2e34907a852f78de motion_mask=111111111111111111111111111111111111111111111111111111111111100000000000000000000000000000000000 mem_order_sha=c470f0270fec02a5 motion_cols_sha=a6adf83306a269f4 donor=None cover=exact:0,fallback:0,cycle:0,cross_seg:0 gate=none num_steps=10 act_sha=5203ef20cd85142b infer_ms=71.0
INFO:mme_vla_suite.serving.websocket_policy_server:TIMING infer_ms=71.0
INFO:mme_vla_suite.serving.websocket_policy_server:TIMING add_buffer_ms=1470.9 frames=16 exec_start_idx=0
MV_INFER cond=normal split=test task=VideoUnmask ep=1 ep_seq=4 infer_seq=61 t=1026 es=66 k=62 motion_frames=0,16,32,66,82,98,114,130,146,162,178,194,210,226,242,258,274,290,306,322,338,354,370,386,402,418,434,450,466,482,498,514,530,546,562,578,594,610,626,642,658,674,690,706,722,738,754,770,786,802,818,834,850,866,882,898,914,930,946,962,978,994 motion_emb_sha=26d680027476a702 motion_pos_sha=109c4437d4230703 motion_mask=111111111111111111111111111111111111111111111111111111111111110000000000000000000000000000000000 mem_order_sha=5bb893874aabade9 motion_cols_sha=9e978042bcf2c4f2 donor=None cover=exact:0,fallback:0,cycle:0,cross_seg:0 gate=none num_steps=10 act_sha=6d8f0c85ecfc476d infer_ms=70.8
INFO:mme_vla_suite.serving.websocket_policy_server:TIMING infer_ms=70.8
INFO:mme_vla_suite.serving.websocket_policy_server:TIMING add_buffer_ms=1462.4 frames=16 exec_start_idx=0
MV_INFER cond=normal split=test task=VideoUnmask ep=1 ep_seq=4 infer_seq=62 t=1042 es=66 k=63 motion_frames=0,16,32,66,82,98,114,130,146,162,178,194,210,226,242,258,274,290,306,322,338,354,370,386,402,418,434,450,466,482,498,514,530,546,562,578,594,610,626,642,658,674,690,706,722,738,754,770,786,802,818,834,850,866,882,898,914,930,946,962,978,994,1010 motion_emb_sha=fab6d7f7446aad16 motion_pos_sha=d8b557634b115ecf motion_mask=111111111111111111111111111111111111111111111111111111111111111000000000000000000000000000000000 mem_order_sha=0e81302bddf075e0 motion_cols_sha=5406ce1fc92c45d8 donor=None cover=exact:0,fallback:0,cycle:0,cross_seg:0 gate=none num_steps=10 act_sha=773b76a81fc31118 infer_ms=69.4
INFO:mme_vla_suite.serving.websocket_policy_server:TIMING infer_ms=69.4
INFO:mme_vla_suite.serving.websocket_policy_server:TIMING add_buffer_ms=1463.5 frames=16 exec_start_idx=0
MV_INFER cond=normal split=test task=VideoUnmask ep=1 ep_seq=4 infer_seq=63 t=1058 es=66 k=64 motion_frames=0,16,32,66,82,98,114,130,146,162,178,194,210,226,242,258,274,290,306,322,338,354,370,386,402,418,434,450,466,482,498,514,530,546,562,578,594,610,626,642,658,674,690,706,722,738,754,770,786,802,818,834,850,866,882,898,914,930,946,962,978,994,1010,1026 motion_emb_sha=cee504b5f870c04b motion_pos_sha=271fda67f39530cb motion_mask=111111111111111111111111111111111111111111111111111111111111111100000000000000000000000000000000 mem_order_sha=7a19351f4376a305 motion_cols_sha=dc5bbe0df3d49ebb donor=None cover=exact:0,fallback:0,cycle:0,cross_seg:0 gate=none num_steps=10 act_sha=e5919a33bc8b9af5 infer_ms=69.5
INFO:mme_vla_suite.serving.websocket_policy_server:TIMING infer_ms=69.5
INFO:mme_vla_suite.serving.websocket_policy_server:TIMING add_buffer_ms=1462.5 frames=16 exec_start_idx=0
MV_INFER cond=normal split=test task=VideoUnmask ep=1 ep_seq=4 infer_seq=64 t=1074 es=66 k=65 motion_frames=0,16,32,66,82,98,114,130,146,162,178,194,210,226,242,258,274,290,306,322,338,354,370,386,402,418,434,450,466,482,498,514,530,546,562,578,594,610,626,642,658,674,690,706,722,738,754,770,786,802,818,834,850,866,882,898,914,930,946,962,978,994,1010,1026,1042 motion_emb_sha=ebb0a64c4a46310d motion_pos_sha=fa85e53a5775ecc0 motion_mask=111111111111111111111111111111111111111111111111111111111111111110000000000000000000000000000000 mem_order_sha=b601c04ef9e0dbc6 motion_cols_sha=890fca657d099dbf donor=None cover=exact:0,fallback:0,cycle:0,cross_seg:0 gate=none num_steps=10 act_sha=a0134f0668ef8de1 infer_ms=69.9
INFO:mme_vla_suite.serving.websocket_policy_server:TIMING infer_ms=69.9
INFO:mme_vla_suite.serving.websocket_policy_server:TIMING add_buffer_ms=1464.4 frames=16 exec_start_idx=0
MV_INFER cond=normal split=test task=VideoUnmask ep=1 ep_seq=4 infer_seq=65 t=1090 es=66 k=66 motion_frames=0,16,32,66,82,98,114,130,146,162,178,194,210,226,242,258,274,290,306,322,338,354,370,386,402,418,434,450,466,482,498,514,530,546,562,578,594,610,626,642,658,674,690,706,722,738,754,770,786,802,818,834,850,866,882,898,914,930,946,962,978,994,1010,1026,1042,1058 motion_emb_sha=2eaa7f1015b74c0f motion_pos_sha=00b7f7a8c4373e0e motion_mask=111111111111111111111111111111111111111111111111111111111111111111000000000000000000000000000000 mem_order_sha=09d3f5b5dd76b6e9 motion_cols_sha=25c9a528ac0a9932 donor=None cover=exact:0,fallback:0,cycle:0,cross_seg:0 gate=none num_steps=10 act_sha=0ed1bbf3bae76b1a infer_ms=69.6
INFO:mme_vla_suite.serving.websocket_policy_server:TIMING infer_ms=69.6
INFO:mme_vla_suite.serving.websocket_policy_server:TIMING add_buffer_ms=1463.0 frames=16 exec_start_idx=0
MV_INFER cond=normal split=test task=VideoUnmask ep=1 ep_seq=4 infer_seq=66 t=1106 es=66 k=67 motion_frames=0,16,32,66,82,98,114,130,146,162,178,194,210,226,242,258,274,290,306,322,338,354,370,386,402,418,434,450,466,482,498,514,530,546,562,578,594,610,626,642,658,674,690,706,722,738,754,770,786,802,818,834,850,866,882,898,914,930,946,962,978,994,1010,1026,1042,1058,1074 motion_emb_sha=185bf244b4ac7734 motion_pos_sha=20f512f1811b25ab motion_mask=111111111111111111111111111111111111111111111111111111111111111111100000000000000000000000000000 mem_order_sha=d286e2d851463be3 motion_cols_sha=c30c2969e0b64272 donor=None cover=exact:0,fallback:0,cycle:0,cross_seg:0 gate=none num_steps=10 act_sha=7df7a435d484eaa8 infer_ms=69.9
INFO:mme_vla_suite.serving.websocket_policy_server:TIMING infer_ms=69.9
INFO:mme_vla_suite.serving.websocket_policy_server:TIMING add_buffer_ms=1463.1 frames=16 exec_start_idx=0
MV_INFER cond=normal split=test task=VideoUnmask ep=1 ep_seq=4 infer_seq=67 t=1122 es=66 k=68 motion_frames=0,16,32,66,82,98,114,130,146,162,178,194,210,226,242,258,274,290,306,322,338,354,370,386,402,418,434,450,466,482,498,514,530,546,562,578,594,610,626,642,658,674,690,706,722,738,754,770,786,802,818,834,850,866,882,898,914,930,946,962,978,994,1010,1026,1042,1058,1074,1090 motion_emb_sha=db12728678905e6b motion_pos_sha=3aac68b3e79c33d3 motion_mask=111111111111111111111111111111111111111111111111111111111111111111110000000000000000000000000000 mem_order_sha=fcc8990fd6205a78 motion_cols_sha=bc81ec06115cc100 donor=None cover=exact:0,fallback:0,cycle:0,cross_seg:0 gate=none num_steps=10 act_sha=5e51499380b4d1eb infer_ms=69.8
INFO:mme_vla_suite.serving.websocket_policy_server:TIMING infer_ms=69.8
INFO:mme_vla_suite.serving.websocket_policy_server:TIMING add_buffer_ms=1461.4 frames=16 exec_start_idx=0
MV_INFER cond=normal split=test task=VideoUnmask ep=1 ep_seq=4 infer_seq=68 t=1138 es=66 k=69 motion_frames=0,16,32,66,82,98,114,130,146,162,178,194,210,226,242,258,274,290,306,322,338,354,370,386,402,418,434,450,466,482,498,514,530,546,562,578,594,610,626,642,658,674,690,706,722,738,754,770,786,802,818,834,850,866,882,898,914,930,946,962,978,994,1010,1026,1042,1058,1074,1090,1106 motion_emb_sha=ae96a1acca364a15 motion_pos_sha=ba7593f8721dd2c1 motion_mask=111111111111111111111111111111111111111111111111111111111111111111111000000000000000000000000000 mem_order_sha=b78b9750c97933d5 motion_cols_sha=5410c8f3de54e7b5 donor=None cover=exact:0,fallback:0,cycle:0,cross_seg:0 gate=none num_steps=10 act_sha=711d3e9ced84bf1e infer_ms=69.5
INFO:mme_vla_suite.serving.websocket_policy_server:TIMING infer_ms=69.5
INFO:mme_vla_suite.serving.websocket_policy_server:TIMING add_buffer_ms=1463.3 frames=16 exec_start_idx=0
MV_INFER cond=normal split=test task=VideoUnmask ep=1 ep_seq=4 infer_seq=69 t=1154 es=66 k=70 motion_frames=0,16,32,66,82,98,114,130,146,162,178,194,210,226,242,258,274,290,306,322,338,354,370,386,402,418,434,450,466,482,498,514,530,546,562,578,594,610,626,642,658,674,690,706,722,738,754,770,786,802,818,834,850,866,882,898,914,930,946,962,978,994,1010,1026,1042,1058,1074,1090,1106,1122 motion_emb_sha=62c88b160402c70f motion_pos_sha=ae686e53aa95af62 motion_mask=111111111111111111111111111111111111111111111111111111111111111111111100000000000000000000000000 mem_order_sha=3d108d5ca0c70839 motion_cols_sha=5c32357c7498011b donor=None cover=exact:0,fallback:0,cycle:0,cross_seg:0 gate=none num_steps=10 act_sha=db0f10138dbfb6be infer_ms=69.9
INFO:mme_vla_suite.serving.websocket_policy_server:TIMING infer_ms=69.9
INFO:mme_vla_suite.serving.websocket_policy_server:TIMING add_buffer_ms=1457.3 frames=16 exec_start_idx=0
MV_INFER cond=normal split=test task=VideoUnmask ep=1 ep_seq=4 infer_seq=70 t=1170 es=66 k=71 motion_frames=0,16,32,66,82,98,114,130,146,162,178,194,210,226,242,258,274,290,306,322,338,354,370,386,402,418,434,450,466,482,498,514,530,546,562,578,594,610,626,642,658,674,690,706,722,738,754,770,786,802,818,834,850,866,882,898,914,930,946,962,978,994,1010,1026,1042,1058,1074,1090,1106,1122,1138 motion_emb_sha=ff692aca336a4093 motion_pos_sha=062968b206722b55 motion_mask=111111111111111111111111111111111111111111111111111111111111111111111110000000000000000000000000 mem_order_sha=d8911d4dcb9816ff motion_cols_sha=63019f0fb3a31085 donor=None cover=exact:0,fallback:0,cycle:0,cross_seg:0 gate=none num_steps=10 act_sha=e68b0b9dc85b13f7 infer_ms=69.5
INFO:mme_vla_suite.serving.websocket_policy_server:TIMING infer_ms=69.5
INFO:mme_vla_suite.serving.websocket_policy_server:TIMING add_buffer_ms=1461.8 frames=16 exec_start_idx=0
MV_INFER cond=normal split=test task=VideoUnmask ep=1 ep_seq=4 infer_seq=71 t=1186 es=66 k=72 motion_frames=0,16,32,66,82,98,114,130,146,162,178,194,210,226,242,258,274,290,306,322,338,354,370,386,402,418,434,450,466,482,498,514,530,546,562,578,594,610,626,642,658,674,690,706,722,738,754,770,786,802,818,834,850,866,882,898,914,930,946,962,978,994,1010,1026,1042,1058,1074,1090,1106,1122,1138,1154 motion_emb_sha=1b10fb55c59b7036 motion_pos_sha=87c2fee6322a2258 motion_mask=111111111111111111111111111111111111111111111111111111111111111111111111000000000000000000000000 mem_order_sha=5516fb617e9675da motion_cols_sha=e3ddf056c77d54cf donor=None cover=exact:0,fallback:0,cycle:0,cross_seg:0 gate=none num_steps=10 act_sha=48f9109f67e53b3c infer_ms=70.1
INFO:mme_vla_suite.serving.websocket_policy_server:TIMING infer_ms=70.1
INFO:mme_vla_suite.serving.websocket_policy_server:TIMING add_buffer_ms=1464.3 frames=16 exec_start_idx=0
MV_INFER cond=normal split=test task=VideoUnmask ep=1 ep_seq=4 infer_seq=72 t=1202 es=66 k=73 motion_frames=0,16,32,66,82,98,114,130,146,162,178,194,210,226,242,258,274,290,306,322,338,354,370,386,402,418,434,450,466,482,498,514,530,546,562,578,594,610,626,642,658,674,690,706,722,738,754,770,786,802,818,834,850,866,882,898,914,930,946,962,978,994,1010,1026,1042,1058,1074,1090,1106,1122,1138,1154,1170 motion_emb_sha=c66f541c517902d6 motion_pos_sha=44bd19a2e07844b0 motion_mask=111111111111111111111111111111111111111111111111111111111111111111111111100000000000000000000000 mem_order_sha=dd4fd2ca0f1412be motion_cols_sha=cb8841baebe24b96 donor=None cover=exact:0,fallback:0,cycle:0,cross_seg:0 gate=none num_steps=10 act_sha=7f14be59611e107b infer_ms=69.6
INFO:mme_vla_suite.serving.websocket_policy_server:TIMING infer_ms=69.6
INFO:mme_vla_suite.serving.websocket_policy_server:TIMING add_buffer_ms=1462.2 frames=16 exec_start_idx=0
MV_INFER cond=normal split=test task=VideoUnmask ep=1 ep_seq=4 infer_seq=73 t=1218 es=66 k=74 motion_frames=0,16,32,66,82,98,114,130,146,162,178,194,210,226,242,258,274,290,306,322,338,354,370,386,402,418,434,450,466,482,498,514,530,546,562,578,594,610,626,642,658,674,690,706,722,738,754,770,786,802,818,834,850,866,882,898,914,930,946,962,978,994,1010,1026,1042,1058,1074,1090,1106,1122,1138,1154,1170,1186 motion_emb_sha=ee9296ae5dca3487 motion_pos_sha=98fddbe436ef58c7 motion_mask=111111111111111111111111111111111111111111111111111111111111111111111111110000000000000000000000 mem_order_sha=85778cc66634e0bb motion_cols_sha=7119c3770b6a85f1 donor=None cover=exact:0,fallback:0,cycle:0,cross_seg:0 gate=none num_steps=10 act_sha=95acaf146396b70b infer_ms=70.0
INFO:mme_vla_suite.serving.websocket_policy_server:TIMING infer_ms=70.0
INFO:mme_vla_suite.serving.websocket_policy_server:TIMING add_buffer_ms=1460.8 frames=16 exec_start_idx=0
MV_INFER cond=normal split=test task=VideoUnmask ep=1 ep_seq=4 infer_seq=74 t=1234 es=66 k=75 motion_frames=0,16,32,66,82,98,114,130,146,162,178,194,210,226,242,258,274,290,306,322,338,354,370,386,402,418,434,450,466,482,498,514,530,546,562,578,594,610,626,642,658,674,690,706,722,738,754,770,786,802,818,834,850,866,882,898,914,930,946,962,978,994,1010,1026,1042,1058,1074,1090,1106,1122,1138,1154,1170,1186,1202 motion_emb_sha=edd897e79af4f065 motion_pos_sha=6d2c13cbe0fc7b5e motion_mask=111111111111111111111111111111111111111111111111111111111111111111111111111000000000000000000000 mem_order_sha=074c503607dc30bc motion_cols_sha=09951f3ca1b1da54 donor=None cover=exact:0,fallback:0,cycle:0,cross_seg:0 gate=none num_steps=10 act_sha=17e6bfa86d213f14 infer_ms=69.8
INFO:mme_vla_suite.serving.websocket_policy_server:TIMING infer_ms=69.8
INFO:mme_vla_suite.serving.websocket_policy_server:TIMING add_buffer_ms=1460.5 frames=16 exec_start_idx=0
MV_INFER cond=normal split=test task=VideoUnmask ep=1 ep_seq=4 infer_seq=75 t=1250 es=66 k=76 motion_frames=0,16,32,66,82,98,114,130,146,162,178,194,210,226,242,258,274,290,306,322,338,354,370,386,402,418,434,450,466,482,498,514,530,546,562,578,594,610,626,642,658,674,690,706,722,738,754,770,786,802,818,834,850,866,882,898,914,930,946,962,978,994,1010,1026,1042,1058,1074,1090,1106,1122,1138,1154,1170,1186,1202,1218 motion_emb_sha=be6f7a714a345221 motion_pos_sha=1bf124b22ee6e2bc motion_mask=111111111111111111111111111111111111111111111111111111111111111111111111111100000000000000000000 mem_order_sha=8cd7aba439834e45 motion_cols_sha=a73d0a5557f7a72b donor=None cover=exact:0,fallback:0,cycle:0,cross_seg:0 gate=none num_steps=10 act_sha=aa79046e9f97b32a infer_ms=69.5
INFO:mme_vla_suite.serving.websocket_policy_server:TIMING infer_ms=69.5
INFO:mme_vla_suite.serving.websocket_policy_server:TIMING add_buffer_ms=1459.3 frames=16 exec_start_idx=0
MV_INFER cond=normal split=test task=VideoUnmask ep=1 ep_seq=4 infer_seq=76 t=1266 es=66 k=77 motion_frames=0,16,32,66,82,98,114,130,146,162,178,194,210,226,242,258,274,290,306,322,338,354,370,386,402,418,434,450,466,482,498,514,530,546,562,578,594,610,626,642,658,674,690,706,722,738,754,770,786,802,818,834,850,866,882,898,914,930,946,962,978,994,1010,1026,1042,1058,1074,1090,1106,1122,1138,1154,1170,1186,1202,1218,1234 motion_emb_sha=741632387f061ef6 motion_pos_sha=cd72716fad16ceb4 motion_mask=111111111111111111111111111111111111111111111111111111111111111111111111111110000000000000000000 mem_order_sha=6e0418ca080114fb motion_cols_sha=349f431b2ac05d1c donor=None cover=exact:0,fallback:0,cycle:0,cross_seg:0 gate=none num_steps=10 act_sha=9a2d2cecbd64b149 infer_ms=69.5
INFO:mme_vla_suite.serving.websocket_policy_server:TIMING infer_ms=69.5
INFO:mme_vla_suite.serving.websocket_policy_server:TIMING add_buffer_ms=1458.7 frames=16 exec_start_idx=0
MV_INFER cond=normal split=test task=VideoUnmask ep=1 ep_seq=4 infer_seq=77 t=1282 es=66 k=78 motion_frames=0,16,32,66,82,98,114,130,146,162,178,194,210,226,242,258,274,290,306,322,338,354,370,386,402,418,434,450,466,482,498,514,530,546,562,578,594,610,626,642,658,674,690,706,722,738,754,770,786,802,818,834,850,866,882,898,914,930,946,962,978,994,1010,1026,1042,1058,1074,1090,1106,1122,1138,1154,1170,1186,1202,1218,1234,1250 motion_emb_sha=1a1b581c4283d684 motion_pos_sha=7dc0e880fdfb0754 motion_mask=111111111111111111111111111111111111111111111111111111111111111111111111111111000000000000000000 mem_order_sha=b0143d1b23e234a9 motion_cols_sha=558cbd0ddb85b838 donor=None cover=exact:0,fallback:0,cycle:0,cross_seg:0 gate=none num_steps=10 act_sha=292ed65fa60556cf infer_ms=69.9
INFO:mme_vla_suite.serving.websocket_policy_server:TIMING infer_ms=69.9
INFO:mme_vla_suite.serving.websocket_policy_server:TIMING add_buffer_ms=1461.4 frames=16 exec_start_idx=0
MV_INFER cond=normal split=test task=VideoUnmask ep=1 ep_seq=4 infer_seq=78 t=1298 es=66 k=79 motion_frames=0,16,32,66,82,98,114,130,146,162,178,194,210,226,242,258,274,290,306,322,338,354,370,386,402,418,434,450,466,482,498,514,530,546,562,578,594,610,626,642,658,674,690,706,722,738,754,770,786,802,818,834,850,866,882,898,914,930,946,962,978,994,1010,1026,1042,1058,1074,1090,1106,1122,1138,1154,1170,1186,1202,1218,1234,1250,1266 motion_emb_sha=0a2a14e517f36e4f motion_pos_sha=cb6937d39e499a7d motion_mask=111111111111111111111111111111111111111111111111111111111111111111111111111111100000000000000000 mem_order_sha=a013b0d82bc0d97a motion_cols_sha=547a1ac4654c286c donor=None cover=exact:0,fallback:0,cycle:0,cross_seg:0 gate=none num_steps=10 act_sha=18ad5b8ccd39697c infer_ms=69.8
INFO:mme_vla_suite.serving.websocket_policy_server:TIMING infer_ms=69.8
INFO:mme_vla_suite.serving.websocket_policy_server:TIMING add_buffer_ms=1459.4 frames=16 exec_start_idx=0
MV_INFER cond=normal split=test task=VideoUnmask ep=1 ep_seq=4 infer_seq=79 t=1314 es=66 k=80 motion_frames=0,16,32,66,82,98,114,130,146,162,178,194,210,226,242,258,274,290,306,322,338,354,370,386,402,418,434,450,466,482,498,514,530,546,562,578,594,610,626,642,658,674,690,706,722,738,754,770,786,802,818,834,850,866,882,898,914,930,946,962,978,994,1010,1026,1042,1058,1074,1090,1106,1122,1138,1154,1170,1186,1202,1218,1234,1250,1266,1282 motion_emb_sha=8743ec1b9ec3b3c5 motion_pos_sha=a94dd9065918a4a1 motion_mask=111111111111111111111111111111111111111111111111111111111111111111111111111111110000000000000000 mem_order_sha=18eb7627810dd2df motion_cols_sha=04567d6627fae1ff donor=None cover=exact:0,fallback:0,cycle:0,cross_seg:0 gate=none num_steps=10 act_sha=4301d9355c1fd105 infer_ms=69.6
INFO:mme_vla_suite.serving.websocket_policy_server:TIMING infer_ms=69.6
INFO:mme_vla_suite.serving.websocket_policy_server:TIMING add_buffer_ms=1458.0 frames=16 exec_start_idx=0
MV_INFER cond=normal split=test task=VideoUnmask ep=1 ep_seq=4 infer_seq=80 t=1330 es=66 k=81 motion_frames=0,16,32,66,82,98,114,130,146,162,178,194,210,226,242,258,274,290,306,322,338,354,370,386,402,418,434,450,466,482,498,514,530,546,562,578,594,610,626,642,658,674,690,706,722,738,754,770,786,802,818,834,850,866,882,898,914,930,946,962,978,994,1010,1026,1042,1058,1074,1090,1106,1122,1138,1154,1170,1186,1202,1218,1234,1250,1266,1282,1298 motion_emb_sha=3db364c4ceb514e0 motion_pos_sha=e503685848819587 motion_mask=111111111111111111111111111111111111111111111111111111111111111111111111111111111000000000000000 mem_order_sha=f0a301b992be137a motion_cols_sha=eea74de565fbc1e4 donor=None cover=exact:0,fallback:0,cycle:0,cross_seg:0 gate=none num_steps=10 act_sha=4c7c42eb19ea8ad8 infer_ms=69.5
INFO:mme_vla_suite.serving.websocket_policy_server:TIMING infer_ms=69.5
INFO:mme_vla_suite.serving.websocket_policy_server:TIMING add_buffer_ms=1460.0 frames=16 exec_start_idx=0
MV_INFER cond=normal split=test task=VideoUnmask ep=1 ep_seq=4 infer_seq=81 t=1346 es=66 k=82 motion_frames=0,16,32,66,82,98,114,130,146,162,178,194,210,226,242,258,274,290,306,322,338,354,370,386,402,418,434,450,466,482,498,514,530,546,562,578,594,610,626,642,658,674,690,706,722,738,754,770,786,802,818,834,850,866,882,898,914,930,946,962,978,994,1010,1026,1042,1058,1074,1090,1106,1122,1138,1154,1170,1186,1202,1218,1234,1250,1266,1282,1298,1314 motion_emb_sha=bcab75953a0af0e1 motion_pos_sha=f0c7b492d7bca486 motion_mask=111111111111111111111111111111111111111111111111111111111111111111111111111111111100000000000000 mem_order_sha=c75f757d03a3b100 motion_cols_sha=1058626bcd238dcb donor=None cover=exact:0,fallback:0,cycle:0,cross_seg:0 gate=none num_steps=10 act_sha=71455f0f37144aee infer_ms=69.9
INFO:mme_vla_suite.serving.websocket_policy_server:TIMING infer_ms=69.9
INFO:mme_vla_suite.serving.websocket_policy_server:TIMING add_buffer_ms=1461.5 frames=16 exec_start_idx=0
MV_INFER cond=normal split=test task=VideoUnmask ep=1 ep_seq=4 infer_seq=82 t=1362 es=66 k=83 motion_frames=0,16,32,66,82,98,114,130,146,162,178,194,210,226,242,258,274,290,306,322,338,354,370,386,402,418,434,450,466,482,498,514,530,546,562,578,594,610,626,642,658,674,690,706,722,738,754,770,786,802,818,834,850,866,882,898,914,930,946,962,978,994,1010,1026,1042,1058,1074,1090,1106,1122,1138,1154,1170,1186,1202,1218,1234,1250,1266,1282,1298,1314,1330 motion_emb_sha=a153e7f8fe6318c8 motion_pos_sha=4aa9c8102c676587 motion_mask=111111111111111111111111111111111111111111111111111111111111111111111111111111111110000000000000 mem_order_sha=a253d88d1c76f054 motion_cols_sha=6186e96835cf6af8 donor=None cover=exact:0,fallback:0,cycle:0,cross_seg:0 gate=none num_steps=10 act_sha=72a4f05307c47b2a infer_ms=69.5
INFO:mme_vla_suite.serving.websocket_policy_server:TIMING infer_ms=69.5
INFO:websockets.server:connection open
INFO:mme_vla_suite.serving.websocket_policy_server:Connection from ('127.0.0.1', 60880) opened
MV_EPISODE_END ep_seq=4 infers=82 windows=83 wall_s=154.4
MV_EPISODE_BEGIN cond=normal split=test seed=42 ep_seq=5 expect=VideoUnmask:5
INFO:mme_vla_suite.serving.websocket_policy_server:TIMING add_buffer_ms=4428.6 frames=67 exec_start_idx=66
MV_INFER cond=normal split=test task=VideoUnmask ep=5 ep_seq=5 infer_seq=1 t=66 es=66 k=3 motion_frames=0,16,32 motion_emb_sha=0248b7d5d4d2c764 motion_pos_sha=358a8247438e4586 motion_mask=111000000000000000000000000000000000000000000000000000000000000000000000000000000000000000000000 mem_order_sha=4bdcb6154ce3db09 motion_cols_sha=ec75f2710ccf7d3e donor=None cover=exact:0,fallback:0,cycle:0,cross_seg:0 gate=none num_steps=10 act_sha=b78d92b46fbd4d96 infer_ms=69.6
INFO:mme_vla_suite.serving.websocket_policy_server:TIMING infer_ms=69.6
INFO:mme_vla_suite.serving.websocket_policy_server:TIMING add_buffer_ms=36.4 frames=16 exec_start_idx=0
MV_INFER cond=normal split=test task=VideoUnmask ep=5 ep_seq=5 infer_seq=2 t=82 es=66 k=3 motion_frames=0,16,32 motion_emb_sha=0248b7d5d4d2c764 motion_pos_sha=358a8247438e4586 motion_mask=111000000000000000000000000000000000000000000000000000000000000000000000000000000000000000000000 mem_order_sha=cb2e554e8b3e1ad5 motion_cols_sha=17cf914c012c846f donor=None cover=exact:0,fallback:0,cycle:0,cross_seg:0 gate=none num_steps=10 act_sha=19e04f3e897efb1e infer_ms=69.6
INFO:mme_vla_suite.serving.websocket_policy_server:TIMING infer_ms=69.6
INFO:mme_vla_suite.serving.websocket_policy_server:TIMING add_buffer_ms=1459.9 frames=16 exec_start_idx=0
MV_INFER cond=normal split=test task=VideoUnmask ep=5 ep_seq=5 infer_seq=3 t=98 es=66 k=4 motion_frames=0,16,32,66 motion_emb_sha=d7124378824b088b motion_pos_sha=b65ea106cebf51d2 motion_mask=111100000000000000000000000000000000000000000000000000000000000000000000000000000000000000000000 mem_order_sha=3f30de4433e4d89f motion_cols_sha=d94e9739c8cfc07e donor=None cover=exact:0,fallback:0,cycle:0,cross_seg:0 gate=none num_steps=10 act_sha=a64f7b463c54b959 infer_ms=70.4
INFO:mme_vla_suite.serving.websocket_policy_server:TIMING infer_ms=70.4
INFO:mme_vla_suite.serving.websocket_policy_server:TIMING add_buffer_ms=1455.5 frames=16 exec_start_idx=0
MV_INFER cond=normal split=test task=VideoUnmask ep=5 ep_seq=5 infer_seq=4 t=114 es=66 k=5 motion_frames=0,16,32,66,82 motion_emb_sha=c653fe5a13a5b92d motion_pos_sha=add152c97237af96 motion_mask=111110000000000000000000000000000000000000000000000000000000000000000000000000000000000000000000 mem_order_sha=0395a814320c5e29 motion_cols_sha=e02455314313c279 donor=None cover=exact:0,fallback:0,cycle:0,cross_seg:0 gate=none num_steps=10 act_sha=5f76f079d6e0c34e infer_ms=70.4
INFO:mme_vla_suite.serving.websocket_policy_server:TIMING infer_ms=70.4
INFO:mme_vla_suite.serving.websocket_policy_server:TIMING add_buffer_ms=1457.0 frames=16 exec_start_idx=0
MV_INFER cond=normal split=test task=VideoUnmask ep=5 ep_seq=5 infer_seq=5 t=130 es=66 k=6 motion_frames=0,16,32,66,82,98 motion_emb_sha=87757031f967101d motion_pos_sha=0d2e058ea1123793 motion_mask=111111000000000000000000000000000000000000000000000000000000000000000000000000000000000000000000 mem_order_sha=bdffbd3f5c05d11e motion_cols_sha=8246cda0611e035c donor=None cover=exact:0,fallback:0,cycle:0,cross_seg:0 gate=none num_steps=10 act_sha=9a33681f9ca29799 infer_ms=69.6
INFO:mme_vla_suite.serving.websocket_policy_server:TIMING infer_ms=69.6
INFO:mme_vla_suite.serving.websocket_policy_server:TIMING add_buffer_ms=1457.3 frames=16 exec_start_idx=0
MV_INFER cond=normal split=test task=VideoUnmask ep=5 ep_seq=5 infer_seq=6 t=146 es=66 k=7 motion_frames=0,16,32,66,82,98,114 motion_emb_sha=11c8e490ebfc8ed0 motion_pos_sha=c0e16b25920c3887 motion_mask=111111100000000000000000000000000000000000000000000000000000000000000000000000000000000000000000 mem_order_sha=b3ce16357a031f75 motion_cols_sha=ba19810cd76cb779 donor=None cover=exact:0,fallback:0,cycle:0,cross_seg:0 gate=none num_steps=10 act_sha=770d51102ab35121 infer_ms=69.3
INFO:mme_vla_suite.serving.websocket_policy_server:TIMING infer_ms=69.3
INFO:mme_vla_suite.serving.websocket_policy_server:TIMING add_buffer_ms=1458.7 frames=16 exec_start_idx=0
MV_INFER cond=normal split=test task=VideoUnmask ep=5 ep_seq=5 infer_seq=7 t=162 es=66 k=8 motion_frames=0,16,32,66,82,98,114,130 motion_emb_sha=bf841d51e2ee1c13 motion_pos_sha=a83e780e2fdd36f9 motion_mask=111111110000000000000000000000000000000000000000000000000000000000000000000000000000000000000000 mem_order_sha=92a4860fa2f2c179 motion_cols_sha=e4e2077ec5936a32 donor=None cover=exact:0,fallback:0,cycle:0,cross_seg:0 gate=none num_steps=10 act_sha=5b661c9b67227fbb infer_ms=69.6
INFO:mme_vla_suite.serving.websocket_policy_server:TIMING infer_ms=69.6
INFO:mme_vla_suite.serving.websocket_policy_server:TIMING add_buffer_ms=1457.5 frames=16 exec_start_idx=0
MV_INFER cond=normal split=test task=VideoUnmask ep=5 ep_seq=5 infer_seq=8 t=178 es=66 k=9 motion_frames=0,16,32,66,82,98,114,130,146 motion_emb_sha=83c71fbf9db142d0 motion_pos_sha=78c0d0dbd6dd5525 motion_mask=111111111000000000000000000000000000000000000000000000000000000000000000000000000000000000000000 mem_order_sha=7514c7b72b300384 motion_cols_sha=d76e6aa6338d551f donor=None cover=exact:0,fallback:0,cycle:0,cross_seg:0 gate=none num_steps=10 act_sha=3a5ceca56f2a929a infer_ms=69.9
INFO:mme_vla_suite.serving.websocket_policy_server:TIMING infer_ms=69.9
INFO:mme_vla_suite.serving.websocket_policy_server:TIMING add_buffer_ms=1457.9 frames=16 exec_start_idx=0
MV_INFER cond=normal split=test task=VideoUnmask ep=5 ep_seq=5 infer_seq=9 t=194 es=66 k=10 motion_frames=0,16,32,66,82,98,114,130,146,162 motion_emb_sha=b77ada87bd28f06a motion_pos_sha=2c547cb66222b342 motion_mask=111111111100000000000000000000000000000000000000000000000000000000000000000000000000000000000000 mem_order_sha=2e57187a35efe371 motion_cols_sha=5b187f2a31a8c420 donor=None cover=exact:0,fallback:0,cycle:0,cross_seg:0 gate=none num_steps=10 act_sha=b0b36016a07e371b infer_ms=69.4
INFO:mme_vla_suite.serving.websocket_policy_server:TIMING infer_ms=69.4
INFO:mme_vla_suite.serving.websocket_policy_server:TIMING add_buffer_ms=1458.7 frames=16 exec_start_idx=0
MV_INFER cond=normal split=test task=VideoUnmask ep=5 ep_seq=5 infer_seq=10 t=210 es=66 k=11 motion_frames=0,16,32,66,82,98,114,130,146,162,178 motion_emb_sha=b78b64a530541d68 motion_pos_sha=50322559221b1c36 motion_mask=111111111110000000000000000000000000000000000000000000000000000000000000000000000000000000000000 mem_order_sha=6bb4b1e7c6104037 motion_cols_sha=bf51e4eacf9ab111 donor=None cover=exact:0,fallback:0,cycle:0,cross_seg:0 gate=none num_steps=10 act_sha=8971beed230e3afe infer_ms=69.5
INFO:mme_vla_suite.serving.websocket_policy_server:TIMING infer_ms=69.5
INFO:mme_vla_suite.serving.websocket_policy_server:TIMING add_buffer_ms=1457.7 frames=16 exec_start_idx=0
MV_INFER cond=normal split=test task=VideoUnmask ep=5 ep_seq=5 infer_seq=11 t=226 es=66 k=12 motion_frames=0,16,32,66,82,98,114,130,146,162,178,194 motion_emb_sha=254429e9004be1ff motion_pos_sha=65731de854b22f59 motion_mask=111111111111000000000000000000000000000000000000000000000000000000000000000000000000000000000000 mem_order_sha=2bfbc309192a933b motion_cols_sha=6022067931b2c01f donor=None cover=exact:0,fallback:0,cycle:0,cross_seg:0 gate=none num_steps=10 act_sha=921c6c050fef77d6 infer_ms=69.7
INFO:mme_vla_suite.serving.websocket_policy_server:TIMING infer_ms=69.7
INFO:mme_vla_suite.serving.websocket_policy_server:TIMING add_buffer_ms=1455.6 frames=16 exec_start_idx=0
MV_INFER cond=normal split=test task=VideoUnmask ep=5 ep_seq=5 infer_seq=12 t=242 es=66 k=13 motion_frames=0,16,32,66,82,98,114,130,146,162,178,194,210 motion_emb_sha=794992906acd7150 motion_pos_sha=32a383b63ab8a7ca motion_mask=111111111111100000000000000000000000000000000000000000000000000000000000000000000000000000000000 mem_order_sha=fe511a35f5935e41 motion_cols_sha=430f7d85b3677183 donor=None cover=exact:0,fallback:0,cycle:0,cross_seg:0 gate=none num_steps=10 act_sha=2e1c5a3f29a35421 infer_ms=70.0
INFO:mme_vla_suite.serving.websocket_policy_server:TIMING infer_ms=70.0
INFO:mme_vla_suite.serving.websocket_policy_server:TIMING add_buffer_ms=1458.4 frames=16 exec_start_idx=0
MV_INFER cond=normal split=test task=VideoUnmask ep=5 ep_seq=5 infer_seq=13 t=258 es=66 k=14 motion_frames=0,16,32,66,82,98,114,130,146,162,178,194,210,226 motion_emb_sha=007951bdb6cd9774 motion_pos_sha=e972e84520e36132 motion_mask=111111111111110000000000000000000000000000000000000000000000000000000000000000000000000000000000 mem_order_sha=08bd0dcd3e501aa0 motion_cols_sha=0597bfaaeb25ca88 donor=None cover=exact:0,fallback:0,cycle:0,cross_seg:0 gate=none num_steps=10 act_sha=3164b372fb38d6fd infer_ms=69.5
INFO:mme_vla_suite.serving.websocket_policy_server:TIMING infer_ms=69.5
INFO:mme_vla_suite.serving.websocket_policy_server:TIMING add_buffer_ms=1461.1 frames=16 exec_start_idx=0
MV_INFER cond=normal split=test task=VideoUnmask ep=5 ep_seq=5 infer_seq=14 t=274 es=66 k=15 motion_frames=0,16,32,66,82,98,114,130,146,162,178,194,210,226,242 motion_emb_sha=1d3198a5f3a6b06a motion_pos_sha=d0ce634ad8aa40b1 motion_mask=111111111111111000000000000000000000000000000000000000000000000000000000000000000000000000000000 mem_order_sha=3eb35a102bfc619d motion_cols_sha=0c97639f987d24f1 donor=None cover=exact:0,fallback:0,cycle:0,cross_seg:0 gate=none num_steps=10 act_sha=bb0c05b3ccc8d5a0 infer_ms=69.8
INFO:mme_vla_suite.serving.websocket_policy_server:TIMING infer_ms=69.8
INFO:mme_vla_suite.serving.websocket_policy_server:TIMING add_buffer_ms=1456.0 frames=16 exec_start_idx=0
MV_INFER cond=normal split=test task=VideoUnmask ep=5 ep_seq=5 infer_seq=15 t=290 es=66 k=16 motion_frames=0,16,32,66,82,98,114,130,146,162,178,194,210,226,242,258 motion_emb_sha=57764b5a1b6c3214 motion_pos_sha=141bc380de25ad0d motion_mask=111111111111111100000000000000000000000000000000000000000000000000000000000000000000000000000000 mem_order_sha=71ea69ecc16ba05a motion_cols_sha=72ba822d7d9a3e67 donor=None cover=exact:0,fallback:0,cycle:0,cross_seg:0 gate=none num_steps=10 act_sha=a716e7537bc70ee6 infer_ms=69.7
INFO:mme_vla_suite.serving.websocket_policy_server:TIMING infer_ms=69.7
INFO:mme_vla_suite.serving.websocket_policy_server:TIMING add_buffer_ms=1457.3 frames=16 exec_start_idx=0
MV_INFER cond=normal split=test task=VideoUnmask ep=5 ep_seq=5 infer_seq=16 t=306 es=66 k=17 motion_frames=0,16,32,66,82,98,114,130,146,162,178,194,210,226,242,258,274 motion_emb_sha=cc48fc0531f03f02 motion_pos_sha=0dd8ab270aa43f1f motion_mask=111111111111111110000000000000000000000000000000000000000000000000000000000000000000000000000000 mem_order_sha=15ae6a5dc8fc66f9 motion_cols_sha=1eda5f2868fa919b donor=None cover=exact:0,fallback:0,cycle:0,cross_seg:0 gate=none num_steps=10 act_sha=6fd6decd030eb5f2 infer_ms=70.5
INFO:mme_vla_suite.serving.websocket_policy_server:TIMING infer_ms=70.5
INFO:mme_vla_suite.serving.websocket_policy_server:TIMING add_buffer_ms=1466.5 frames=16 exec_start_idx=0
MV_INFER cond=normal split=test task=VideoUnmask ep=5 ep_seq=5 infer_seq=17 t=322 es=66 k=18 motion_frames=0,16,32,66,82,98,114,130,146,162,178,194,210,226,242,258,274,290 motion_emb_sha=b9066e2ed4e60a8a motion_pos_sha=7a678319ae7439e3 motion_mask=111111111111111111000000000000000000000000000000000000000000000000000000000000000000000000000000 mem_order_sha=26902dff3f479897 motion_cols_sha=4542964937c1b122 donor=None cover=exact:0,fallback:0,cycle:0,cross_seg:0 gate=none num_steps=10 act_sha=4cd45e3a9677bd62 infer_ms=69.5
INFO:mme_vla_suite.serving.websocket_policy_server:TIMING infer_ms=69.5
INFO:mme_vla_suite.serving.websocket_policy_server:TIMING add_buffer_ms=1457.0 frames=16 exec_start_idx=0
MV_INFER cond=normal split=test task=VideoUnmask ep=5 ep_seq=5 infer_seq=18 t=338 es=66 k=19 motion_frames=0,16,32,66,82,98,114,130,146,162,178,194,210,226,242,258,274,290,306 motion_emb_sha=eeac2a8406b80e1a motion_pos_sha=73af9c29b26575b1 motion_mask=111111111111111111100000000000000000000000000000000000000000000000000000000000000000000000000000 mem_order_sha=d0c0c9939281ed90 motion_cols_sha=a25c61411fe2dfc1 donor=None cover=exact:0,fallback:0,cycle:0,cross_seg:0 gate=none num_steps=10 act_sha=0542b315b0b235f6 infer_ms=69.3
INFO:mme_vla_suite.serving.websocket_policy_server:TIMING infer_ms=69.3
INFO:mme_vla_suite.serving.websocket_policy_server:TIMING add_buffer_ms=1460.0 frames=16 exec_start_idx=0
MV_INFER cond=normal split=test task=VideoUnmask ep=5 ep_seq=5 infer_seq=19 t=354 es=66 k=20 motion_frames=0,16,32,66,82,98,114,130,146,162,178,194,210,226,242,258,274,290,306,322 motion_emb_sha=f7f411d1a1c3d68d motion_pos_sha=669ef2d9880c1190 motion_mask=111111111111111111110000000000000000000000000000000000000000000000000000000000000000000000000000 mem_order_sha=8e4f7352af852292 motion_cols_sha=0957e9030d15feb5 donor=None cover=exact:0,fallback:0,cycle:0,cross_seg:0 gate=none num_steps=10 act_sha=7504ca8321bfb4c7 infer_ms=69.2
INFO:mme_vla_suite.serving.websocket_policy_server:TIMING infer_ms=69.2
INFO:mme_vla_suite.serving.websocket_policy_server:TIMING add_buffer_ms=1462.4 frames=16 exec_start_idx=0
MV_INFER cond=normal split=test task=VideoUnmask ep=5 ep_seq=5 infer_seq=20 t=370 es=66 k=21 motion_frames=0,16,32,66,82,98,114,130,146,162,178,194,210,226,242,258,274,290,306,322,338 motion_emb_sha=6284fcd9ef08942f motion_pos_sha=dcebec3755a3583c motion_mask=111111111111111111111000000000000000000000000000000000000000000000000000000000000000000000000000 mem_order_sha=99dc79ac66449f1d motion_cols_sha=54cf7b4af641d852 donor=None cover=exact:0,fallback:0,cycle:0,cross_seg:0 gate=none num_steps=10 act_sha=6aca91a40760ec71 infer_ms=69.6
INFO:mme_vla_suite.serving.websocket_policy_server:TIMING infer_ms=69.6
INFO:mme_vla_suite.serving.websocket_policy_server:TIMING add_buffer_ms=1460.6 frames=16 exec_start_idx=0
MV_INFER cond=normal split=test task=VideoUnmask ep=5 ep_seq=5 infer_seq=21 t=386 es=66 k=22 motion_frames=0,16,32,66,82,98,114,130,146,162,178,194,210,226,242,258,274,290,306,322,338,354 motion_emb_sha=e41b7c7e499125a6 motion_pos_sha=9034024cfb67f83a motion_mask=111111111111111111111100000000000000000000000000000000000000000000000000000000000000000000000000 mem_order_sha=cc3fa14323347267 motion_cols_sha=1ac9e61a62a79b5b donor=None cover=exact:0,fallback:0,cycle:0,cross_seg:0 gate=none num_steps=10 act_sha=3f0c5e7511d0122e infer_ms=69.5
INFO:mme_vla_suite.serving.websocket_policy_server:TIMING infer_ms=69.5
INFO:mme_vla_suite.serving.websocket_policy_server:TIMING add_buffer_ms=1457.1 frames=16 exec_start_idx=0
MV_INFER cond=normal split=test task=VideoUnmask ep=5 ep_seq=5 infer_seq=22 t=402 es=66 k=23 motion_frames=0,16,32,66,82,98,114,130,146,162,178,194,210,226,242,258,274,290,306,322,338,354,370 motion_emb_sha=6a82c307b6e82e73 motion_pos_sha=63c02e1ff22a93ae motion_mask=111111111111111111111110000000000000000000000000000000000000000000000000000000000000000000000000 mem_order_sha=43a6cf0eb5ea74c0 motion_cols_sha=c83d8f9ba73fba96 donor=None cover=exact:0,fallback:0,cycle:0,cross_seg:0 gate=none num_steps=10 act_sha=065c7532e7ea9e81 infer_ms=69.4
INFO:mme_vla_suite.serving.websocket_policy_server:TIMING infer_ms=69.4
INFO:mme_vla_suite.serving.websocket_policy_server:TIMING add_buffer_ms=1457.2 frames=16 exec_start_idx=0
MV_INFER cond=normal split=test task=VideoUnmask ep=5 ep_seq=5 infer_seq=23 t=418 es=66 k=24 motion_frames=0,16,32,66,82,98,114,130,146,162,178,194,210,226,242,258,274,290,306,322,338,354,370,386 motion_emb_sha=2c9df6b2e8e4bf49 motion_pos_sha=00b664fe366985cb motion_mask=111111111111111111111111000000000000000000000000000000000000000000000000000000000000000000000000 mem_order_sha=fda61dd5477102b3 motion_cols_sha=26b0fb74c18a3193 donor=None cover=exact:0,fallback:0,cycle:0,cross_seg:0 gate=none num_steps=10 act_sha=e32f0b31a371e47d infer_ms=69.3
INFO:mme_vla_suite.serving.websocket_policy_server:TIMING infer_ms=69.3
INFO:mme_vla_suite.serving.websocket_policy_server:TIMING add_buffer_ms=1464.7 frames=16 exec_start_idx=0
MV_INFER cond=normal split=test task=VideoUnmask ep=5 ep_seq=5 infer_seq=24 t=434 es=66 k=25 motion_frames=0,16,32,66,82,98,114,130,146,162,178,194,210,226,242,258,274,290,306,322,338,354,370,386,402 motion_emb_sha=7e09b33b47fa2040 motion_pos_sha=5587abb85fecc05c motion_mask=111111111111111111111111100000000000000000000000000000000000000000000000000000000000000000000000 mem_order_sha=fc5c2f6e55d70b55 motion_cols_sha=0c099d9bb117bb38 donor=None cover=exact:0,fallback:0,cycle:0,cross_seg:0 gate=none num_steps=10 act_sha=b8b86ad158d63f02 infer_ms=69.2
INFO:mme_vla_suite.serving.websocket_policy_server:TIMING infer_ms=69.2
INFO:mme_vla_suite.serving.websocket_policy_server:TIMING add_buffer_ms=1459.1 frames=16 exec_start_idx=0
MV_INFER cond=normal split=test task=VideoUnmask ep=5 ep_seq=5 infer_seq=25 t=450 es=66 k=26 motion_frames=0,16,32,66,82,98,114,130,146,162,178,194,210,226,242,258,274,290,306,322,338,354,370,386,402,418 motion_emb_sha=1bee082996feb5ae motion_pos_sha=44728e8df116867f motion_mask=111111111111111111111111110000000000000000000000000000000000000000000000000000000000000000000000 mem_order_sha=d922779444b06dd7 motion_cols_sha=2f76f0d95c32ed1b donor=None cover=exact:0,fallback:0,cycle:0,cross_seg:0 gate=none num_steps=10 act_sha=112f1ac8c885b957 infer_ms=69.7
INFO:mme_vla_suite.serving.websocket_policy_server:TIMING infer_ms=69.7
INFO:mme_vla_suite.serving.websocket_policy_server:TIMING add_buffer_ms=1460.3 frames=16 exec_start_idx=0
MV_INFER cond=normal split=test task=VideoUnmask ep=5 ep_seq=5 infer_seq=26 t=466 es=66 k=27 motion_frames=0,16,32,66,82,98,114,130,146,162,178,194,210,226,242,258,274,290,306,322,338,354,370,386,402,418,434 motion_emb_sha=c0e46e3fa8ca4d87 motion_pos_sha=4a118105564579cb motion_mask=111111111111111111111111111000000000000000000000000000000000000000000000000000000000000000000000 mem_order_sha=a47e270b06c17a7b motion_cols_sha=72c4cd1472215651 donor=None cover=exact:0,fallback:0,cycle:0,cross_seg:0 gate=none num_steps=10 act_sha=33120facc29186e3 infer_ms=69.7
INFO:mme_vla_suite.serving.websocket_policy_server:TIMING infer_ms=69.7
[sidecar pid=832983] 窗 #351 起点 450 耗时 1413 ms（累计 667s）
INFO:mme_vla_suite.serving.websocket_policy_server:TIMING add_buffer_ms=1457.9 frames=16 exec_start_idx=0
MV_INFER cond=normal split=test task=VideoUnmask ep=5 ep_seq=5 infer_seq=27 t=482 es=66 k=28 motion_frames=0,16,32,66,82,98,114,130,146,162,178,194,210,226,242,258,274,290,306,322,338,354,370,386,402,418,434,450 motion_emb_sha=de383626b0acd599 motion_pos_sha=dfcb4f12037855b3 motion_mask=111111111111111111111111111100000000000000000000000000000000000000000000000000000000000000000000 mem_order_sha=3e2b699f0c74b9fa motion_cols_sha=e4f8cabfd901b3fd donor=None cover=exact:0,fallback:0,cycle:0,cross_seg:0 gate=none num_steps=10 act_sha=2fb0b6d877d32219 infer_ms=69.3
INFO:mme_vla_suite.serving.websocket_policy_server:TIMING infer_ms=69.3
INFO:mme_vla_suite.serving.websocket_policy_server:TIMING add_buffer_ms=1457.2 frames=16 exec_start_idx=0
MV_INFER cond=normal split=test task=VideoUnmask ep=5 ep_seq=5 infer_seq=28 t=498 es=66 k=29 motion_frames=0,16,32,66,82,98,114,130,146,162,178,194,210,226,242,258,274,290,306,322,338,354,370,386,402,418,434,450,466 motion_emb_sha=1b87f7c4c121ef1a motion_pos_sha=475c87a53cdedb90 motion_mask=111111111111111111111111111110000000000000000000000000000000000000000000000000000000000000000000 mem_order_sha=53b20db53b984554 motion_cols_sha=887c03f98d31d3ac donor=None cover=exact:0,fallback:0,cycle:0,cross_seg:0 gate=none num_steps=10 act_sha=2bad8b2cd30bc736 infer_ms=69.3
INFO:mme_vla_suite.serving.websocket_policy_server:TIMING infer_ms=69.3
INFO:mme_vla_suite.serving.websocket_policy_server:TIMING add_buffer_ms=1456.3 frames=16 exec_start_idx=0
MV_INFER cond=normal split=test task=VideoUnmask ep=5 ep_seq=5 infer_seq=29 t=514 es=66 k=30 motion_frames=0,16,32,66,82,98,114,130,146,162,178,194,210,226,242,258,274,290,306,322,338,354,370,386,402,418,434,450,466,482 motion_emb_sha=5bfbb77bbe6bb630 motion_pos_sha=d7d92e5349f30f92 motion_mask=111111111111111111111111111111000000000000000000000000000000000000000000000000000000000000000000 mem_order_sha=d4a17ce9295f09eb motion_cols_sha=f1b5b9004c60659a donor=None cover=exact:0,fallback:0,cycle:0,cross_seg:0 gate=none num_steps=10 act_sha=f6ca2bcb865f100b infer_ms=69.3
INFO:mme_vla_suite.serving.websocket_policy_server:TIMING infer_ms=69.3
INFO:mme_vla_suite.serving.websocket_policy_server:TIMING add_buffer_ms=1462.7 frames=16 exec_start_idx=0
MV_INFER cond=normal split=test task=VideoUnmask ep=5 ep_seq=5 infer_seq=30 t=530 es=66 k=31 motion_frames=0,16,32,66,82,98,114,130,146,162,178,194,210,226,242,258,274,290,306,322,338,354,370,386,402,418,434,450,466,482,498 motion_emb_sha=0bc56cfcd461e533 motion_pos_sha=0f8d9dcf0c9e6e2d motion_mask=111111111111111111111111111111100000000000000000000000000000000000000000000000000000000000000000 mem_order_sha=2029e913e51af11c motion_cols_sha=a70201a691f9bf1e donor=None cover=exact:0,fallback:0,cycle:0,cross_seg:0 gate=none num_steps=10 act_sha=e8b95fb7c0690dfd infer_ms=69.5
INFO:mme_vla_suite.serving.websocket_policy_server:TIMING infer_ms=69.5
INFO:mme_vla_suite.serving.websocket_policy_server:TIMING add_buffer_ms=1463.2 frames=16 exec_start_idx=0
MV_INFER cond=normal split=test task=VideoUnmask ep=5 ep_seq=5 infer_seq=31 t=546 es=66 k=32 motion_frames=0,16,32,66,82,98,114,130,146,162,178,194,210,226,242,258,274,290,306,322,338,354,370,386,402,418,434,450,466,482,498,514 motion_emb_sha=cf417091ab305c6a motion_pos_sha=daef85cbf2c66840 motion_mask=111111111111111111111111111111110000000000000000000000000000000000000000000000000000000000000000 mem_order_sha=6129466cdb22978f motion_cols_sha=6055ceefc203f0f4 donor=None cover=exact:0,fallback:0,cycle:0,cross_seg:0 gate=none num_steps=10 act_sha=45b25b39850df152 infer_ms=69.6
INFO:mme_vla_suite.serving.websocket_policy_server:TIMING infer_ms=69.6
INFO:mme_vla_suite.serving.websocket_policy_server:TIMING add_buffer_ms=1456.1 frames=16 exec_start_idx=0
MV_INFER cond=normal split=test task=VideoUnmask ep=5 ep_seq=5 infer_seq=32 t=562 es=66 k=33 motion_frames=0,16,32,66,82,98,114,130,146,162,178,194,210,226,242,258,274,290,306,322,338,354,370,386,402,418,434,450,466,482,498,514,530 motion_emb_sha=2a1c7b2f2fc937d5 motion_pos_sha=5070379a0a40ce89 motion_mask=111111111111111111111111111111111000000000000000000000000000000000000000000000000000000000000000 mem_order_sha=7ca768a2f4fdc8aa motion_cols_sha=be64232c95fbce47 donor=None cover=exact:0,fallback:0,cycle:0,cross_seg:0 gate=none num_steps=10 act_sha=d10485553fc2aa2f infer_ms=69.7
INFO:mme_vla_suite.serving.websocket_policy_server:TIMING infer_ms=69.7
INFO:mme_vla_suite.serving.websocket_policy_server:TIMING add_buffer_ms=1457.1 frames=16 exec_start_idx=0
MV_INFER cond=normal split=test task=VideoUnmask ep=5 ep_seq=5 infer_seq=33 t=578 es=66 k=34 motion_frames=0,16,32,66,82,98,114,130,146,162,178,194,210,226,242,258,274,290,306,322,338,354,370,386,402,418,434,450,466,482,498,514,530,546 motion_emb_sha=c12b075cb6269110 motion_pos_sha=f7012ff4cabb1507 motion_mask=111111111111111111111111111111111100000000000000000000000000000000000000000000000000000000000000 mem_order_sha=6bcf6ebb5b6d2890 motion_cols_sha=934096701ddf3f12 donor=None cover=exact:0,fallback:0,cycle:0,cross_seg:0 gate=none num_steps=10 act_sha=7357a833fe7e5e1c infer_ms=69.4
INFO:mme_vla_suite.serving.websocket_policy_server:TIMING infer_ms=69.4
INFO:mme_vla_suite.serving.websocket_policy_server:TIMING add_buffer_ms=1456.2 frames=16 exec_start_idx=0
MV_INFER cond=normal split=test task=VideoUnmask ep=5 ep_seq=5 infer_seq=34 t=594 es=66 k=35 motion_frames=0,16,32,66,82,98,114,130,146,162,178,194,210,226,242,258,274,290,306,322,338,354,370,386,402,418,434,450,466,482,498,514,530,546,562 motion_emb_sha=cf03da2a30198a90 motion_pos_sha=6d05b975d6d1bcd6 motion_mask=111111111111111111111111111111111110000000000000000000000000000000000000000000000000000000000000 mem_order_sha=16590d4d73ae0e84 motion_cols_sha=5040b814fe13feef donor=None cover=exact:0,fallback:0,cycle:0,cross_seg:0 gate=none num_steps=10 act_sha=40c6976d24bb7a56 infer_ms=69.3
INFO:mme_vla_suite.serving.websocket_policy_server:TIMING infer_ms=69.3
INFO:mme_vla_suite.serving.websocket_policy_server:TIMING add_buffer_ms=1460.3 frames=16 exec_start_idx=0
MV_INFER cond=normal split=test task=VideoUnmask ep=5 ep_seq=5 infer_seq=35 t=610 es=66 k=36 motion_frames=0,16,32,66,82,98,114,130,146,162,178,194,210,226,242,258,274,290,306,322,338,354,370,386,402,418,434,450,466,482,498,514,530,546,562,578 motion_emb_sha=0dc75bcbf37fde59 motion_pos_sha=0dadfc909d6708b4 motion_mask=111111111111111111111111111111111111000000000000000000000000000000000000000000000000000000000000 mem_order_sha=43ad8d10ecf3dd11 motion_cols_sha=aa122da8b650e77e donor=None cover=exact:0,fallback:0,cycle:0,cross_seg:0 gate=none num_steps=10 act_sha=839a3fa6b7efaca9 infer_ms=69.3
INFO:mme_vla_suite.serving.websocket_policy_server:TIMING infer_ms=69.3
INFO:mme_vla_suite.serving.websocket_policy_server:TIMING add_buffer_ms=1459.5 frames=16 exec_start_idx=0
MV_INFER cond=normal split=test task=VideoUnmask ep=5 ep_seq=5 infer_seq=36 t=626 es=66 k=37 motion_frames=0,16,32,66,82,98,114,130,146,162,178,194,210,226,242,258,274,290,306,322,338,354,370,386,402,418,434,450,466,482,498,514,530,546,562,578,594 motion_emb_sha=52c804197ff78e12 motion_pos_sha=8183ecf00893acbf motion_mask=111111111111111111111111111111111111100000000000000000000000000000000000000000000000000000000000 mem_order_sha=fe0cbc0742b460ec motion_cols_sha=0c67f2f20096bd57 donor=None cover=exact:0,fallback:0,cycle:0,cross_seg:0 gate=none num_steps=10 act_sha=d45c19a83870d029 infer_ms=69.5
INFO:mme_vla_suite.serving.websocket_policy_server:TIMING infer_ms=69.5
INFO:mme_vla_suite.serving.websocket_policy_server:TIMING add_buffer_ms=1456.0 frames=16 exec_start_idx=0
MV_INFER cond=normal split=test task=VideoUnmask ep=5 ep_seq=5 infer_seq=37 t=642 es=66 k=38 motion_frames=0,16,32,66,82,98,114,130,146,162,178,194,210,226,242,258,274,290,306,322,338,354,370,386,402,418,434,450,466,482,498,514,530,546,562,578,594,610 motion_emb_sha=848fa28876dd3932 motion_pos_sha=3c525b59051fa8dc motion_mask=111111111111111111111111111111111111110000000000000000000000000000000000000000000000000000000000 mem_order_sha=ace453b3c01b7133 motion_cols_sha=b4ea16ebee28540e donor=None cover=exact:0,fallback:0,cycle:0,cross_seg:0 gate=none num_steps=10 act_sha=2fc828c93a68af77 infer_ms=69.6
INFO:mme_vla_suite.serving.websocket_policy_server:TIMING infer_ms=69.6
INFO:mme_vla_suite.serving.websocket_policy_server:TIMING add_buffer_ms=1454.9 frames=16 exec_start_idx=0
MV_INFER cond=normal split=test task=VideoUnmask ep=5 ep_seq=5 infer_seq=38 t=658 es=66 k=39 motion_frames=0,16,32,66,82,98,114,130,146,162,178,194,210,226,242,258,274,290,306,322,338,354,370,386,402,418,434,450,466,482,498,514,530,546,562,578,594,610,626 motion_emb_sha=52925cf411637f99 motion_pos_sha=12e3f992ce31daed motion_mask=111111111111111111111111111111111111111000000000000000000000000000000000000000000000000000000000 mem_order_sha=61d03335afe043c9 motion_cols_sha=2181bccfaaacfb4c donor=None cover=exact:0,fallback:0,cycle:0,cross_seg:0 gate=none num_steps=10 act_sha=e7c298b24cb410a0 infer_ms=69.6
INFO:mme_vla_suite.serving.websocket_policy_server:TIMING infer_ms=69.6
INFO:mme_vla_suite.serving.websocket_policy_server:TIMING add_buffer_ms=1455.2 frames=16 exec_start_idx=0
MV_INFER cond=normal split=test task=VideoUnmask ep=5 ep_seq=5 infer_seq=39 t=674 es=66 k=40 motion_frames=0,16,32,66,82,98,114,130,146,162,178,194,210,226,242,258,274,290,306,322,338,354,370,386,402,418,434,450,466,482,498,514,530,546,562,578,594,610,626,642 motion_emb_sha=7f2937ea5c578919 motion_pos_sha=2f1a4535b5d9b52a motion_mask=111111111111111111111111111111111111111100000000000000000000000000000000000000000000000000000000 mem_order_sha=2524cb3ebfb9b556 motion_cols_sha=44968bdbfef24e29 donor=None cover=exact:0,fallback:0,cycle:0,cross_seg:0 gate=none num_steps=10 act_sha=c33898f81125e881 infer_ms=69.7
INFO:mme_vla_suite.serving.websocket_policy_server:TIMING infer_ms=69.7
INFO:mme_vla_suite.serving.websocket_policy_server:TIMING add_buffer_ms=1455.8 frames=16 exec_start_idx=0
MV_INFER cond=normal split=test task=VideoUnmask ep=5 ep_seq=5 infer_seq=40 t=690 es=66 k=41 motion_frames=0,16,32,66,82,98,114,130,146,162,178,194,210,226,242,258,274,290,306,322,338,354,370,386,402,418,434,450,466,482,498,514,530,546,562,578,594,610,626,642,658 motion_emb_sha=ffa29f79bf745a85 motion_pos_sha=94615affc3ce48ee motion_mask=111111111111111111111111111111111111111110000000000000000000000000000000000000000000000000000000 mem_order_sha=9082cb7627011385 motion_cols_sha=0d46dee59346ada9 donor=None cover=exact:0,fallback:0,cycle:0,cross_seg:0 gate=none num_steps=10 act_sha=4e33f75dde922b31 infer_ms=69.6
INFO:mme_vla_suite.serving.websocket_policy_server:TIMING infer_ms=69.6
INFO:mme_vla_suite.serving.websocket_policy_server:TIMING add_buffer_ms=1462.1 frames=16 exec_start_idx=0
MV_INFER cond=normal split=test task=VideoUnmask ep=5 ep_seq=5 infer_seq=41 t=706 es=66 k=42 motion_frames=0,16,32,66,82,98,114,130,146,162,178,194,210,226,242,258,274,290,306,322,338,354,370,386,402,418,434,450,466,482,498,514,530,546,562,578,594,610,626,642,658,674 motion_emb_sha=47eb97a2fef36f2e motion_pos_sha=24317eca0b9abf85 motion_mask=111111111111111111111111111111111111111111000000000000000000000000000000000000000000000000000000 mem_order_sha=9662e474b623c915 motion_cols_sha=0faf1bc59289c62e donor=None cover=exact:0,fallback:0,cycle:0,cross_seg:0 gate=none num_steps=10 act_sha=a21769073f2d1967 infer_ms=69.3
INFO:mme_vla_suite.serving.websocket_policy_server:TIMING infer_ms=69.3
INFO:mme_vla_suite.serving.websocket_policy_server:TIMING add_buffer_ms=1456.7 frames=16 exec_start_idx=0
MV_INFER cond=normal split=test task=VideoUnmask ep=5 ep_seq=5 infer_seq=42 t=722 es=66 k=43 motion_frames=0,16,32,66,82,98,114,130,146,162,178,194,210,226,242,258,274,290,306,322,338,354,370,386,402,418,434,450,466,482,498,514,530,546,562,578,594,610,626,642,658,674,690 motion_emb_sha=03b52a25ac6fdee9 motion_pos_sha=3c375b5b266182ec motion_mask=111111111111111111111111111111111111111111100000000000000000000000000000000000000000000000000000 mem_order_sha=779ddf72b580def5 motion_cols_sha=78b0865e1248c113 donor=None cover=exact:0,fallback:0,cycle:0,cross_seg:0 gate=none num_steps=10 act_sha=48349c0fbb5b6900 infer_ms=69.8
INFO:mme_vla_suite.serving.websocket_policy_server:TIMING infer_ms=69.8
INFO:mme_vla_suite.serving.websocket_policy_server:TIMING add_buffer_ms=1456.2 frames=16 exec_start_idx=0
MV_INFER cond=normal split=test task=VideoUnmask ep=5 ep_seq=5 infer_seq=43 t=738 es=66 k=44 motion_frames=0,16,32,66,82,98,114,130,146,162,178,194,210,226,242,258,274,290,306,322,338,354,370,386,402,418,434,450,466,482,498,514,530,546,562,578,594,610,626,642,658,674,690,706 motion_emb_sha=e8f503a0690e5660 motion_pos_sha=9a98523100173224 motion_mask=111111111111111111111111111111111111111111110000000000000000000000000000000000000000000000000000 mem_order_sha=40166ba87744e340 motion_cols_sha=e738d8133285e097 donor=None cover=exact:0,fallback:0,cycle:0,cross_seg:0 gate=none num_steps=10 act_sha=46f992846d410d35 infer_ms=69.9
INFO:mme_vla_suite.serving.websocket_policy_server:TIMING infer_ms=69.9
INFO:mme_vla_suite.serving.websocket_policy_server:TIMING add_buffer_ms=1457.3 frames=16 exec_start_idx=0
MV_INFER cond=normal split=test task=VideoUnmask ep=5 ep_seq=5 infer_seq=44 t=754 es=66 k=45 motion_frames=0,16,32,66,82,98,114,130,146,162,178,194,210,226,242,258,274,290,306,322,338,354,370,386,402,418,434,450,466,482,498,514,530,546,562,578,594,610,626,642,658,674,690,706,722 motion_emb_sha=b2fa828e0a2b720a motion_pos_sha=509f6d7dfd3b6b7d motion_mask=111111111111111111111111111111111111111111111000000000000000000000000000000000000000000000000000 mem_order_sha=ac51a1bd09d9b3dc motion_cols_sha=ee6546d364856f36 donor=None cover=exact:0,fallback:0,cycle:0,cross_seg:0 gate=none num_steps=10 act_sha=9c0b2508edcafda9 infer_ms=69.6
INFO:mme_vla_suite.serving.websocket_policy_server:TIMING infer_ms=69.6
INFO:mme_vla_suite.serving.websocket_policy_server:TIMING add_buffer_ms=1458.3 frames=16 exec_start_idx=0
MV_INFER cond=normal split=test task=VideoUnmask ep=5 ep_seq=5 infer_seq=45 t=770 es=66 k=46 motion_frames=0,16,32,66,82,98,114,130,146,162,178,194,210,226,242,258,274,290,306,322,338,354,370,386,402,418,434,450,466,482,498,514,530,546,562,578,594,610,626,642,658,674,690,706,722,738 motion_emb_sha=42fa4d3b62204efa motion_pos_sha=4883ad512b94ae90 motion_mask=111111111111111111111111111111111111111111111100000000000000000000000000000000000000000000000000 mem_order_sha=07b356a0b988bd26 motion_cols_sha=e4ca59fb8cf6b258 donor=None cover=exact:0,fallback:0,cycle:0,cross_seg:0 gate=none num_steps=10 act_sha=db515c880bc4cdb0 infer_ms=69.6
INFO:mme_vla_suite.serving.websocket_policy_server:TIMING infer_ms=69.6
INFO:mme_vla_suite.serving.websocket_policy_server:TIMING add_buffer_ms=1458.0 frames=16 exec_start_idx=0
MV_INFER cond=normal split=test task=VideoUnmask ep=5 ep_seq=5 infer_seq=46 t=786 es=66 k=47 motion_frames=0,16,32,66,82,98,114,130,146,162,178,194,210,226,242,258,274,290,306,322,338,354,370,386,402,418,434,450,466,482,498,514,530,546,562,578,594,610,626,642,658,674,690,706,722,738,754 motion_emb_sha=2bc4fab77ff63270 motion_pos_sha=6a9ee8166dc2e430 motion_mask=111111111111111111111111111111111111111111111110000000000000000000000000000000000000000000000000 mem_order_sha=56366bc252c0055a motion_cols_sha=6b2b7e9f2f7e8ece donor=None cover=exact:0,fallback:0,cycle:0,cross_seg:0 gate=none num_steps=10 act_sha=3298170fe0d5c76d infer_ms=69.4
INFO:mme_vla_suite.serving.websocket_policy_server:TIMING infer_ms=69.4
INFO:mme_vla_suite.serving.websocket_policy_server:TIMING add_buffer_ms=1457.6 frames=16 exec_start_idx=0
MV_INFER cond=normal split=test task=VideoUnmask ep=5 ep_seq=5 infer_seq=47 t=802 es=66 k=48 motion_frames=0,16,32,66,82,98,114,130,146,162,178,194,210,226,242,258,274,290,306,322,338,354,370,386,402,418,434,450,466,482,498,514,530,546,562,578,594,610,626,642,658,674,690,706,722,738,754,770 motion_emb_sha=1a085f49f7a65478 motion_pos_sha=8b207287f3bb2ce8 motion_mask=111111111111111111111111111111111111111111111111000000000000000000000000000000000000000000000000 mem_order_sha=41f68824fa24eca0 motion_cols_sha=b4369eb188fc7e5f donor=None cover=exact:0,fallback:0,cycle:0,cross_seg:0 gate=none num_steps=10 act_sha=3fbc8085973c5f81 infer_ms=69.5
INFO:mme_vla_suite.serving.websocket_policy_server:TIMING infer_ms=69.5
INFO:mme_vla_suite.serving.websocket_policy_server:TIMING add_buffer_ms=1457.0 frames=16 exec_start_idx=0
MV_INFER cond=normal split=test task=VideoUnmask ep=5 ep_seq=5 infer_seq=48 t=818 es=66 k=49 motion_frames=0,16,32,66,82,98,114,130,146,162,178,194,210,226,242,258,274,290,306,322,338,354,370,386,402,418,434,450,466,482,498,514,530,546,562,578,594,610,626,642,658,674,690,706,722,738,754,770,786 motion_emb_sha=93739aa5ac2a837d motion_pos_sha=ae2cf5887ec7ed11 motion_mask=111111111111111111111111111111111111111111111111100000000000000000000000000000000000000000000000 mem_order_sha=60c16c435f0ad8f0 motion_cols_sha=9daa2835b81b6f76 donor=None cover=exact:0,fallback:0,cycle:0,cross_seg:0 gate=none num_steps=10 act_sha=c349ddd58185543d infer_ms=69.4
INFO:mme_vla_suite.serving.websocket_policy_server:TIMING infer_ms=69.4
INFO:mme_vla_suite.serving.websocket_policy_server:TIMING add_buffer_ms=1460.4 frames=16 exec_start_idx=0
MV_INFER cond=normal split=test task=VideoUnmask ep=5 ep_seq=5 infer_seq=49 t=834 es=66 k=50 motion_frames=0,16,32,66,82,98,114,130,146,162,178,194,210,226,242,258,274,290,306,322,338,354,370,386,402,418,434,450,466,482,498,514,530,546,562,578,594,610,626,642,658,674,690,706,722,738,754,770,786,802 motion_emb_sha=c36149229f692378 motion_pos_sha=9c11a0b2d55fc505 motion_mask=111111111111111111111111111111111111111111111111110000000000000000000000000000000000000000000000 mem_order_sha=a88b75a1e693ecdd motion_cols_sha=7484410ffc741e26 donor=None cover=exact:0,fallback:0,cycle:0,cross_seg:0 gate=none num_steps=10 act_sha=bb47a3d3a87e06b4 infer_ms=69.8
INFO:mme_vla_suite.serving.websocket_policy_server:TIMING infer_ms=69.8
INFO:mme_vla_suite.serving.websocket_policy_server:TIMING add_buffer_ms=1462.1 frames=16 exec_start_idx=0
MV_INFER cond=normal split=test task=VideoUnmask ep=5 ep_seq=5 infer_seq=50 t=850 es=66 k=51 motion_frames=0,16,32,66,82,98,114,130,146,162,178,194,210,226,242,258,274,290,306,322,338,354,370,386,402,418,434,450,466,482,498,514,530,546,562,578,594,610,626,642,658,674,690,706,722,738,754,770,786,802,818 motion_emb_sha=89c0b5897bdaa651 motion_pos_sha=263dfd265e5e2d39 motion_mask=111111111111111111111111111111111111111111111111111000000000000000000000000000000000000000000000 mem_order_sha=c91702d0779b6d9a motion_cols_sha=3f670b6b83873138 donor=None cover=exact:0,fallback:0,cycle:0,cross_seg:0 gate=none num_steps=10 act_sha=fd1c4c8ce4e7d80a infer_ms=69.4
INFO:mme_vla_suite.serving.websocket_policy_server:TIMING infer_ms=69.4
INFO:mme_vla_suite.serving.websocket_policy_server:TIMING add_buffer_ms=1459.2 frames=16 exec_start_idx=0
MV_INFER cond=normal split=test task=VideoUnmask ep=5 ep_seq=5 infer_seq=51 t=866 es=66 k=52 motion_frames=0,16,32,66,82,98,114,130,146,162,178,194,210,226,242,258,274,290,306,322,338,354,370,386,402,418,434,450,466,482,498,514,530,546,562,578,594,610,626,642,658,674,690,706,722,738,754,770,786,802,818,834 motion_emb_sha=a61e2ccaca0f87f2 motion_pos_sha=b13198acaebe117b motion_mask=111111111111111111111111111111111111111111111111111100000000000000000000000000000000000000000000 mem_order_sha=98aad9918dbabe49 motion_cols_sha=8c111b464e2545b4 donor=None cover=exact:0,fallback:0,cycle:0,cross_seg:0 gate=none num_steps=10 act_sha=398920d195390c5a infer_ms=69.4
INFO:mme_vla_suite.serving.websocket_policy_server:TIMING infer_ms=69.4
INFO:mme_vla_suite.serving.websocket_policy_server:TIMING add_buffer_ms=1461.1 frames=16 exec_start_idx=0
MV_INFER cond=normal split=test task=VideoUnmask ep=5 ep_seq=5 infer_seq=52 t=882 es=66 k=53 motion_frames=0,16,32,66,82,98,114,130,146,162,178,194,210,226,242,258,274,290,306,322,338,354,370,386,402,418,434,450,466,482,498,514,530,546,562,578,594,610,626,642,658,674,690,706,722,738,754,770,786,802,818,834,850 motion_emb_sha=75136207c3b6c4d7 motion_pos_sha=2a093ef2193348f4 motion_mask=111111111111111111111111111111111111111111111111111110000000000000000000000000000000000000000000 mem_order_sha=e5a38de8aead414f motion_cols_sha=2ef65e70a4ed9492 donor=None cover=exact:0,fallback:0,cycle:0,cross_seg:0 gate=none num_steps=10 act_sha=f2394307613e68a0 infer_ms=69.5
INFO:mme_vla_suite.serving.websocket_policy_server:TIMING infer_ms=69.5
INFO:mme_vla_suite.serving.websocket_policy_server:TIMING add_buffer_ms=1457.6 frames=16 exec_start_idx=0
MV_INFER cond=normal split=test task=VideoUnmask ep=5 ep_seq=5 infer_seq=53 t=898 es=66 k=54 motion_frames=0,16,32,66,82,98,114,130,146,162,178,194,210,226,242,258,274,290,306,322,338,354,370,386,402,418,434,450,466,482,498,514,530,546,562,578,594,610,626,642,658,674,690,706,722,738,754,770,786,802,818,834,850,866 motion_emb_sha=698fd9d53ff83ec2 motion_pos_sha=55de1f995c4ecf78 motion_mask=111111111111111111111111111111111111111111111111111111000000000000000000000000000000000000000000 mem_order_sha=f1b08357d67dad3a motion_cols_sha=2ee438815fa4742b donor=None cover=exact:0,fallback:0,cycle:0,cross_seg:0 gate=none num_steps=10 act_sha=207d70d0048492fc infer_ms=69.4
INFO:mme_vla_suite.serving.websocket_policy_server:TIMING infer_ms=69.4
INFO:mme_vla_suite.serving.websocket_policy_server:TIMING add_buffer_ms=1457.7 frames=16 exec_start_idx=0
MV_INFER cond=normal split=test task=VideoUnmask ep=5 ep_seq=5 infer_seq=54 t=914 es=66 k=55 motion_frames=0,16,32,66,82,98,114,130,146,162,178,194,210,226,242,258,274,290,306,322,338,354,370,386,402,418,434,450,466,482,498,514,530,546,562,578,594,610,626,642,658,674,690,706,722,738,754,770,786,802,818,834,850,866,882 motion_emb_sha=772d0a9d461a8367 motion_pos_sha=b3139dd1f53b7b58 motion_mask=111111111111111111111111111111111111111111111111111111100000000000000000000000000000000000000000 mem_order_sha=8224669e500670e7 motion_cols_sha=718378567319b213 donor=None cover=exact:0,fallback:0,cycle:0,cross_seg:0 gate=none num_steps=10 act_sha=3e1657a6959f11aa infer_ms=69.6
INFO:mme_vla_suite.serving.websocket_policy_server:TIMING infer_ms=69.6
INFO:mme_vla_suite.serving.websocket_policy_server:TIMING add_buffer_ms=1454.7 frames=16 exec_start_idx=0
MV_INFER cond=normal split=test task=VideoUnmask ep=5 ep_seq=5 infer_seq=55 t=930 es=66 k=56 motion_frames=0,16,32,66,82,98,114,130,146,162,178,194,210,226,242,258,274,290,306,322,338,354,370,386,402,418,434,450,466,482,498,514,530,546,562,578,594,610,626,642,658,674,690,706,722,738,754,770,786,802,818,834,850,866,882,898 motion_emb_sha=66f9bb9f2a1062a4 motion_pos_sha=89906205e4aff050 motion_mask=111111111111111111111111111111111111111111111111111111110000000000000000000000000000000000000000 mem_order_sha=2b5aeeda86acbd4c motion_cols_sha=6b8d54a9b713b9bb donor=None cover=exact:0,fallback:0,cycle:0,cross_seg:0 gate=none num_steps=10 act_sha=c4160bb09d6f50fd infer_ms=69.6
INFO:mme_vla_suite.serving.websocket_policy_server:TIMING infer_ms=69.6
INFO:mme_vla_suite.serving.websocket_policy_server:TIMING add_buffer_ms=1456.5 frames=16 exec_start_idx=0
MV_INFER cond=normal split=test task=VideoUnmask ep=5 ep_seq=5 infer_seq=56 t=946 es=66 k=57 motion_frames=0,16,32,66,82,98,114,130,146,162,178,194,210,226,242,258,274,290,306,322,338,354,370,386,402,418,434,450,466,482,498,514,530,546,562,578,594,610,626,642,658,674,690,706,722,738,754,770,786,802,818,834,850,866,882,898,914 motion_emb_sha=8b9656d0d0ca253b motion_pos_sha=1a047899f2f73e77 motion_mask=111111111111111111111111111111111111111111111111111111111000000000000000000000000000000000000000 mem_order_sha=f518d61aaeb7b9a4 motion_cols_sha=7e7294586c095a3b donor=None cover=exact:0,fallback:0,cycle:0,cross_seg:0 gate=none num_steps=10 act_sha=888bc0e0d70dfbd4 infer_ms=70.0
INFO:mme_vla_suite.serving.websocket_policy_server:TIMING infer_ms=70.0
INFO:mme_vla_suite.serving.websocket_policy_server:TIMING add_buffer_ms=1455.9 frames=16 exec_start_idx=0
MV_INFER cond=normal split=test task=VideoUnmask ep=5 ep_seq=5 infer_seq=57 t=962 es=66 k=58 motion_frames=0,16,32,66,82,98,114,130,146,162,178,194,210,226,242,258,274,290,306,322,338,354,370,386,402,418,434,450,466,482,498,514,530,546,562,578,594,610,626,642,658,674,690,706,722,738,754,770,786,802,818,834,850,866,882,898,914,930 motion_emb_sha=97b13d17a131b2b9 motion_pos_sha=ea2f391a4a415ca2 motion_mask=111111111111111111111111111111111111111111111111111111111100000000000000000000000000000000000000 mem_order_sha=7393759e909a4426 motion_cols_sha=390f291c89898410 donor=None cover=exact:0,fallback:0,cycle:0,cross_seg:0 gate=none num_steps=10 act_sha=d120993a46f6a008 infer_ms=70.1
INFO:mme_vla_suite.serving.websocket_policy_server:TIMING infer_ms=70.1
INFO:mme_vla_suite.serving.websocket_policy_server:TIMING add_buffer_ms=1460.3 frames=16 exec_start_idx=0
MV_INFER cond=normal split=test task=VideoUnmask ep=5 ep_seq=5 infer_seq=58 t=978 es=66 k=59 motion_frames=0,16,32,66,82,98,114,130,146,162,178,194,210,226,242,258,274,290,306,322,338,354,370,386,402,418,434,450,466,482,498,514,530,546,562,578,594,610,626,642,658,674,690,706,722,738,754,770,786,802,818,834,850,866,882,898,914,930,946 motion_emb_sha=2af9a3292d68929e motion_pos_sha=d0a97db97da9ff63 motion_mask=111111111111111111111111111111111111111111111111111111111110000000000000000000000000000000000000 mem_order_sha=a6d737f7e8bf2dbf motion_cols_sha=084cb2637a565d19 donor=None cover=exact:0,fallback:0,cycle:0,cross_seg:0 gate=none num_steps=10 act_sha=62005733e5693c96 infer_ms=69.8
INFO:mme_vla_suite.serving.websocket_policy_server:TIMING infer_ms=69.8
INFO:mme_vla_suite.serving.websocket_policy_server:TIMING add_buffer_ms=1454.5 frames=16 exec_start_idx=0
MV_INFER cond=normal split=test task=VideoUnmask ep=5 ep_seq=5 infer_seq=59 t=994 es=66 k=60 motion_frames=0,16,32,66,82,98,114,130,146,162,178,194,210,226,242,258,274,290,306,322,338,354,370,386,402,418,434,450,466,482,498,514,530,546,562,578,594,610,626,642,658,674,690,706,722,738,754,770,786,802,818,834,850,866,882,898,914,930,946,962 motion_emb_sha=c7635f702f4e05e1 motion_pos_sha=790d5be294652bd4 motion_mask=111111111111111111111111111111111111111111111111111111111111000000000000000000000000000000000000 mem_order_sha=c6351d37ee6f0a46 motion_cols_sha=c8e32b5c1df81659 donor=None cover=exact:0,fallback:0,cycle:0,cross_seg:0 gate=none num_steps=10 act_sha=c25e10c89fcc5844 infer_ms=70.1
INFO:mme_vla_suite.serving.websocket_policy_server:TIMING infer_ms=70.1
INFO:mme_vla_suite.serving.websocket_policy_server:TIMING add_buffer_ms=1456.8 frames=16 exec_start_idx=0
MV_INFER cond=normal split=test task=VideoUnmask ep=5 ep_seq=5 infer_seq=60 t=1010 es=66 k=61 motion_frames=0,16,32,66,82,98,114,130,146,162,178,194,210,226,242,258,274,290,306,322,338,354,370,386,402,418,434,450,466,482,498,514,530,546,562,578,594,610,626,642,658,674,690,706,722,738,754,770,786,802,818,834,850,866,882,898,914,930,946,962,978 motion_emb_sha=c6dce4d4840c267c motion_pos_sha=2e34907a852f78de motion_mask=111111111111111111111111111111111111111111111111111111111111100000000000000000000000000000000000 mem_order_sha=c470f0270fec02a5 motion_cols_sha=a6adf83306a269f4 donor=None cover=exact:0,fallback:0,cycle:0,cross_seg:0 gate=none num_steps=10 act_sha=f310c61e82d9d5eb infer_ms=69.8
INFO:mme_vla_suite.serving.websocket_policy_server:TIMING infer_ms=69.8
INFO:mme_vla_suite.serving.websocket_policy_server:TIMING add_buffer_ms=1459.5 frames=16 exec_start_idx=0
MV_INFER cond=normal split=test task=VideoUnmask ep=5 ep_seq=5 infer_seq=61 t=1026 es=66 k=62 motion_frames=0,16,32,66,82,98,114,130,146,162,178,194,210,226,242,258,274,290,306,322,338,354,370,386,402,418,434,450,466,482,498,514,530,546,562,578,594,610,626,642,658,674,690,706,722,738,754,770,786,802,818,834,850,866,882,898,914,930,946,962,978,994 motion_emb_sha=4256ce0c66ba79ea motion_pos_sha=109c4437d4230703 motion_mask=111111111111111111111111111111111111111111111111111111111111110000000000000000000000000000000000 mem_order_sha=5bb893874aabade9 motion_cols_sha=9e978042bcf2c4f2 donor=None cover=exact:0,fallback:0,cycle:0,cross_seg:0 gate=none num_steps=10 act_sha=b3a4b35d6f703e06 infer_ms=70.8
INFO:mme_vla_suite.serving.websocket_policy_server:TIMING infer_ms=70.8
INFO:mme_vla_suite.serving.websocket_policy_server:TIMING add_buffer_ms=1458.6 frames=16 exec_start_idx=0
MV_INFER cond=normal split=test task=VideoUnmask ep=5 ep_seq=5 infer_seq=62 t=1042 es=66 k=63 motion_frames=0,16,32,66,82,98,114,130,146,162,178,194,210,226,242,258,274,290,306,322,338,354,370,386,402,418,434,450,466,482,498,514,530,546,562,578,594,610,626,642,658,674,690,706,722,738,754,770,786,802,818,834,850,866,882,898,914,930,946,962,978,994,1010 motion_emb_sha=6c9dfacb6a2c8079 motion_pos_sha=d8b557634b115ecf motion_mask=111111111111111111111111111111111111111111111111111111111111111000000000000000000000000000000000 mem_order_sha=0e81302bddf075e0 motion_cols_sha=5406ce1fc92c45d8 donor=None cover=exact:0,fallback:0,cycle:0,cross_seg:0 gate=none num_steps=10 act_sha=4a65fdd11ce76a85 infer_ms=69.5
INFO:mme_vla_suite.serving.websocket_policy_server:TIMING infer_ms=69.5
INFO:mme_vla_suite.serving.websocket_policy_server:TIMING add_buffer_ms=1456.1 frames=16 exec_start_idx=0
MV_INFER cond=normal split=test task=VideoUnmask ep=5 ep_seq=5 infer_seq=63 t=1058 es=66 k=64 motion_frames=0,16,32,66,82,98,114,130,146,162,178,194,210,226,242,258,274,290,306,322,338,354,370,386,402,418,434,450,466,482,498,514,530,546,562,578,594,610,626,642,658,674,690,706,722,738,754,770,786,802,818,834,850,866,882,898,914,930,946,962,978,994,1010,1026 motion_emb_sha=8e42d8a61a69ebd4 motion_pos_sha=271fda67f39530cb motion_mask=111111111111111111111111111111111111111111111111111111111111111100000000000000000000000000000000 mem_order_sha=7a19351f4376a305 motion_cols_sha=dc5bbe0df3d49ebb donor=None cover=exact:0,fallback:0,cycle:0,cross_seg:0 gate=none num_steps=10 act_sha=c71538238c71d218 infer_ms=69.3
INFO:mme_vla_suite.serving.websocket_policy_server:TIMING infer_ms=69.3
INFO:mme_vla_suite.serving.websocket_policy_server:TIMING add_buffer_ms=1460.2 frames=16 exec_start_idx=0
MV_INFER cond=normal split=test task=VideoUnmask ep=5 ep_seq=5 infer_seq=64 t=1074 es=66 k=65 motion_frames=0,16,32,66,82,98,114,130,146,162,178,194,210,226,242,258,274,290,306,322,338,354,370,386,402,418,434,450,466,482,498,514,530,546,562,578,594,610,626,642,658,674,690,706,722,738,754,770,786,802,818,834,850,866,882,898,914,930,946,962,978,994,1010,1026,1042 motion_emb_sha=41f0f66537701caf motion_pos_sha=fa85e53a5775ecc0 motion_mask=111111111111111111111111111111111111111111111111111111111111111110000000000000000000000000000000 mem_order_sha=b601c04ef9e0dbc6 motion_cols_sha=890fca657d099dbf donor=None cover=exact:0,fallback:0,cycle:0,cross_seg:0 gate=none num_steps=10 act_sha=8fcb1e7f87c42fb0 infer_ms=69.8
INFO:mme_vla_suite.serving.websocket_policy_server:TIMING infer_ms=69.8
INFO:mme_vla_suite.serving.websocket_policy_server:TIMING add_buffer_ms=1455.8 frames=16 exec_start_idx=0
MV_INFER cond=normal split=test task=VideoUnmask ep=5 ep_seq=5 infer_seq=65 t=1090 es=66 k=66 motion_frames=0,16,32,66,82,98,114,130,146,162,178,194,210,226,242,258,274,290,306,322,338,354,370,386,402,418,434,450,466,482,498,514,530,546,562,578,594,610,626,642,658,674,690,706,722,738,754,770,786,802,818,834,850,866,882,898,914,930,946,962,978,994,1010,1026,1042,1058 motion_emb_sha=672f97b4840cdac7 motion_pos_sha=00b7f7a8c4373e0e motion_mask=111111111111111111111111111111111111111111111111111111111111111111000000000000000000000000000000 mem_order_sha=09d3f5b5dd76b6e9 motion_cols_sha=25c9a528ac0a9932 donor=None cover=exact:0,fallback:0,cycle:0,cross_seg:0 gate=none num_steps=10 act_sha=78b0bcd4ccf741ce infer_ms=69.7
INFO:mme_vla_suite.serving.websocket_policy_server:TIMING infer_ms=69.7
INFO:mme_vla_suite.serving.websocket_policy_server:TIMING add_buffer_ms=1461.2 frames=16 exec_start_idx=0
MV_INFER cond=normal split=test task=VideoUnmask ep=5 ep_seq=5 infer_seq=66 t=1106 es=66 k=67 motion_frames=0,16,32,66,82,98,114,130,146,162,178,194,210,226,242,258,274,290,306,322,338,354,370,386,402,418,434,450,466,482,498,514,530,546,562,578,594,610,626,642,658,674,690,706,722,738,754,770,786,802,818,834,850,866,882,898,914,930,946,962,978,994,1010,1026,1042,1058,1074 motion_emb_sha=28f20f024a12b243 motion_pos_sha=20f512f1811b25ab motion_mask=111111111111111111111111111111111111111111111111111111111111111111100000000000000000000000000000 mem_order_sha=d286e2d851463be3 motion_cols_sha=c30c2969e0b64272 donor=None cover=exact:0,fallback:0,cycle:0,cross_seg:0 gate=none num_steps=10 act_sha=2c5bce5ac5debdb7 infer_ms=69.8
INFO:mme_vla_suite.serving.websocket_policy_server:TIMING infer_ms=69.8
INFO:mme_vla_suite.serving.websocket_policy_server:TIMING add_buffer_ms=1456.1 frames=16 exec_start_idx=0
MV_INFER cond=normal split=test task=VideoUnmask ep=5 ep_seq=5 infer_seq=67 t=1122 es=66 k=68 motion_frames=0,16,32,66,82,98,114,130,146,162,178,194,210,226,242,258,274,290,306,322,338,354,370,386,402,418,434,450,466,482,498,514,530,546,562,578,594,610,626,642,658,674,690,706,722,738,754,770,786,802,818,834,850,866,882,898,914,930,946,962,978,994,1010,1026,1042,1058,1074,1090 motion_emb_sha=a709fbb9df4dd5da motion_pos_sha=3aac68b3e79c33d3 motion_mask=111111111111111111111111111111111111111111111111111111111111111111110000000000000000000000000000 mem_order_sha=fcc8990fd6205a78 motion_cols_sha=bc81ec06115cc100 donor=None cover=exact:0,fallback:0,cycle:0,cross_seg:0 gate=none num_steps=10 act_sha=edce69584bc3005f infer_ms=69.4
INFO:mme_vla_suite.serving.websocket_policy_server:TIMING infer_ms=69.4
INFO:mme_vla_suite.serving.websocket_policy_server:TIMING add_buffer_ms=1459.1 frames=16 exec_start_idx=0
MV_INFER cond=normal split=test task=VideoUnmask ep=5 ep_seq=5 infer_seq=68 t=1138 es=66 k=69 motion_frames=0,16,32,66,82,98,114,130,146,162,178,194,210,226,242,258,274,290,306,322,338,354,370,386,402,418,434,450,466,482,498,514,530,546,562,578,594,610,626,642,658,674,690,706,722,738,754,770,786,802,818,834,850,866,882,898,914,930,946,962,978,994,1010,1026,1042,1058,1074,1090,1106 motion_emb_sha=101e615d1147d6d8 motion_pos_sha=ba7593f8721dd2c1 motion_mask=111111111111111111111111111111111111111111111111111111111111111111111000000000000000000000000000 mem_order_sha=b78b9750c97933d5 motion_cols_sha=5410c8f3de54e7b5 donor=None cover=exact:0,fallback:0,cycle:0,cross_seg:0 gate=none num_steps=10 act_sha=8849d23856c00002 infer_ms=69.4
INFO:mme_vla_suite.serving.websocket_policy_server:TIMING infer_ms=69.4
INFO:mme_vla_suite.serving.websocket_policy_server:TIMING add_buffer_ms=1460.1 frames=16 exec_start_idx=0
MV_INFER cond=normal split=test task=VideoUnmask ep=5 ep_seq=5 infer_seq=69 t=1154 es=66 k=70 motion_frames=0,16,32,66,82,98,114,130,146,162,178,194,210,226,242,258,274,290,306,322,338,354,370,386,402,418,434,450,466,482,498,514,530,546,562,578,594,610,626,642,658,674,690,706,722,738,754,770,786,802,818,834,850,866,882,898,914,930,946,962,978,994,1010,1026,1042,1058,1074,1090,1106,1122 motion_emb_sha=4949b3f3e80873de motion_pos_sha=ae686e53aa95af62 motion_mask=111111111111111111111111111111111111111111111111111111111111111111111100000000000000000000000000 mem_order_sha=3d108d5ca0c70839 motion_cols_sha=5c32357c7498011b donor=None cover=exact:0,fallback:0,cycle:0,cross_seg:0 gate=none num_steps=10 act_sha=7edaa38877136273 infer_ms=69.9
INFO:mme_vla_suite.serving.websocket_policy_server:TIMING infer_ms=69.9
INFO:mme_vla_suite.serving.websocket_policy_server:TIMING add_buffer_ms=1455.7 frames=16 exec_start_idx=0
MV_INFER cond=normal split=test task=VideoUnmask ep=5 ep_seq=5 infer_seq=70 t=1170 es=66 k=71 motion_frames=0,16,32,66,82,98,114,130,146,162,178,194,210,226,242,258,274,290,306,322,338,354,370,386,402,418,434,450,466,482,498,514,530,546,562,578,594,610,626,642,658,674,690,706,722,738,754,770,786,802,818,834,850,866,882,898,914,930,946,962,978,994,1010,1026,1042,1058,1074,1090,1106,1122,1138 motion_emb_sha=0498d9815a4f3e5c motion_pos_sha=062968b206722b55 motion_mask=111111111111111111111111111111111111111111111111111111111111111111111110000000000000000000000000 mem_order_sha=d8911d4dcb9816ff motion_cols_sha=63019f0fb3a31085 donor=None cover=exact:0,fallback:0,cycle:0,cross_seg:0 gate=none num_steps=10 act_sha=0e854a1ee69f07be infer_ms=69.7
INFO:mme_vla_suite.serving.websocket_policy_server:TIMING infer_ms=69.7
INFO:mme_vla_suite.serving.websocket_policy_server:TIMING add_buffer_ms=1457.3 frames=16 exec_start_idx=0
MV_INFER cond=normal split=test task=VideoUnmask ep=5 ep_seq=5 infer_seq=71 t=1186 es=66 k=72 motion_frames=0,16,32,66,82,98,114,130,146,162,178,194,210,226,242,258,274,290,306,322,338,354,370,386,402,418,434,450,466,482,498,514,530,546,562,578,594,610,626,642,658,674,690,706,722,738,754,770,786,802,818,834,850,866,882,898,914,930,946,962,978,994,1010,1026,1042,1058,1074,1090,1106,1122,1138,1154 motion_emb_sha=ea74352d421b62ee motion_pos_sha=87c2fee6322a2258 motion_mask=111111111111111111111111111111111111111111111111111111111111111111111111000000000000000000000000 mem_order_sha=5516fb617e9675da motion_cols_sha=e3ddf056c77d54cf donor=None cover=exact:0,fallback:0,cycle:0,cross_seg:0 gate=none num_steps=10 act_sha=b51163f62b321dfe infer_ms=70.2
INFO:mme_vla_suite.serving.websocket_policy_server:TIMING infer_ms=70.2
INFO:mme_vla_suite.serving.websocket_policy_server:TIMING add_buffer_ms=1460.5 frames=16 exec_start_idx=0
MV_INFER cond=normal split=test task=VideoUnmask ep=5 ep_seq=5 infer_seq=72 t=1202 es=66 k=73 motion_frames=0,16,32,66,82,98,114,130,146,162,178,194,210,226,242,258,274,290,306,322,338,354,370,386,402,418,434,450,466,482,498,514,530,546,562,578,594,610,626,642,658,674,690,706,722,738,754,770,786,802,818,834,850,866,882,898,914,930,946,962,978,994,1010,1026,1042,1058,1074,1090,1106,1122,1138,1154,1170 motion_emb_sha=6e1a306f25ebf6da motion_pos_sha=44bd19a2e07844b0 motion_mask=111111111111111111111111111111111111111111111111111111111111111111111111100000000000000000000000 mem_order_sha=dd4fd2ca0f1412be motion_cols_sha=cb8841baebe24b96 donor=None cover=exact:0,fallback:0,cycle:0,cross_seg:0 gate=none num_steps=10 act_sha=091cb2a640d7cd52 infer_ms=69.8
INFO:mme_vla_suite.serving.websocket_policy_server:TIMING infer_ms=69.8
INFO:mme_vla_suite.serving.websocket_policy_server:TIMING add_buffer_ms=1460.9 frames=16 exec_start_idx=0
MV_INFER cond=normal split=test task=VideoUnmask ep=5 ep_seq=5 infer_seq=73 t=1218 es=66 k=74 motion_frames=0,16,32,66,82,98,114,130,146,162,178,194,210,226,242,258,274,290,306,322,338,354,370,386,402,418,434,450,466,482,498,514,530,546,562,578,594,610,626,642,658,674,690,706,722,738,754,770,786,802,818,834,850,866,882,898,914,930,946,962,978,994,1010,1026,1042,1058,1074,1090,1106,1122,1138,1154,1170,1186 motion_emb_sha=160b42875c72bc24 motion_pos_sha=98fddbe436ef58c7 motion_mask=111111111111111111111111111111111111111111111111111111111111111111111111110000000000000000000000 mem_order_sha=85778cc66634e0bb motion_cols_sha=7119c3770b6a85f1 donor=None cover=exact:0,fallback:0,cycle:0,cross_seg:0 gate=none num_steps=10 act_sha=cd1905eedebd5c56 infer_ms=69.8
INFO:mme_vla_suite.serving.websocket_policy_server:TIMING infer_ms=69.8
INFO:mme_vla_suite.serving.websocket_policy_server:TIMING add_buffer_ms=1462.0 frames=16 exec_start_idx=0
MV_INFER cond=normal split=test task=VideoUnmask ep=5 ep_seq=5 infer_seq=74 t=1234 es=66 k=75 motion_frames=0,16,32,66,82,98,114,130,146,162,178,194,210,226,242,258,274,290,306,322,338,354,370,386,402,418,434,450,466,482,498,514,530,546,562,578,594,610,626,642,658,674,690,706,722,738,754,770,786,802,818,834,850,866,882,898,914,930,946,962,978,994,1010,1026,1042,1058,1074,1090,1106,1122,1138,1154,1170,1186,1202 motion_emb_sha=f7638413499d384a motion_pos_sha=6d2c13cbe0fc7b5e motion_mask=111111111111111111111111111111111111111111111111111111111111111111111111111000000000000000000000 mem_order_sha=074c503607dc30bc motion_cols_sha=09951f3ca1b1da54 donor=None cover=exact:0,fallback:0,cycle:0,cross_seg:0 gate=none num_steps=10 act_sha=445741790074d8f9 infer_ms=70.0
INFO:mme_vla_suite.serving.websocket_policy_server:TIMING infer_ms=70.0
INFO:mme_vla_suite.serving.websocket_policy_server:TIMING add_buffer_ms=1460.1 frames=16 exec_start_idx=0
MV_INFER cond=normal split=test task=VideoUnmask ep=5 ep_seq=5 infer_seq=75 t=1250 es=66 k=76 motion_frames=0,16,32,66,82,98,114,130,146,162,178,194,210,226,242,258,274,290,306,322,338,354,370,386,402,418,434,450,466,482,498,514,530,546,562,578,594,610,626,642,658,674,690,706,722,738,754,770,786,802,818,834,850,866,882,898,914,930,946,962,978,994,1010,1026,1042,1058,1074,1090,1106,1122,1138,1154,1170,1186,1202,1218 motion_emb_sha=c7695a1b43be94e8 motion_pos_sha=1bf124b22ee6e2bc motion_mask=111111111111111111111111111111111111111111111111111111111111111111111111111100000000000000000000 mem_order_sha=8cd7aba439834e45 motion_cols_sha=a73d0a5557f7a72b donor=None cover=exact:0,fallback:0,cycle:0,cross_seg:0 gate=none num_steps=10 act_sha=9dff7e6513bb005d infer_ms=69.8
INFO:mme_vla_suite.serving.websocket_policy_server:TIMING infer_ms=69.8
INFO:mme_vla_suite.serving.websocket_policy_server:TIMING add_buffer_ms=1454.8 frames=16 exec_start_idx=0
MV_INFER cond=normal split=test task=VideoUnmask ep=5 ep_seq=5 infer_seq=76 t=1266 es=66 k=77 motion_frames=0,16,32,66,82,98,114,130,146,162,178,194,210,226,242,258,274,290,306,322,338,354,370,386,402,418,434,450,466,482,498,514,530,546,562,578,594,610,626,642,658,674,690,706,722,738,754,770,786,802,818,834,850,866,882,898,914,930,946,962,978,994,1010,1026,1042,1058,1074,1090,1106,1122,1138,1154,1170,1186,1202,1218,1234 motion_emb_sha=dfe47234fed5c092 motion_pos_sha=cd72716fad16ceb4 motion_mask=111111111111111111111111111111111111111111111111111111111111111111111111111110000000000000000000 mem_order_sha=6e0418ca080114fb motion_cols_sha=349f431b2ac05d1c donor=None cover=exact:0,fallback:0,cycle:0,cross_seg:0 gate=none num_steps=10 act_sha=4ed4d2ce538aec16 infer_ms=69.8
INFO:mme_vla_suite.serving.websocket_policy_server:TIMING infer_ms=69.8
[sidecar pid=832983] 窗 #401 起点 1250 耗时 1413 ms（累计 756s）
INFO:mme_vla_suite.serving.websocket_policy_server:TIMING add_buffer_ms=1457.4 frames=16 exec_start_idx=0
MV_INFER cond=normal split=test task=VideoUnmask ep=5 ep_seq=5 infer_seq=77 t=1282 es=66 k=78 motion_frames=0,16,32,66,82,98,114,130,146,162,178,194,210,226,242,258,274,290,306,322,338,354,370,386,402,418,434,450,466,482,498,514,530,546,562,578,594,610,626,642,658,674,690,706,722,738,754,770,786,802,818,834,850,866,882,898,914,930,946,962,978,994,1010,1026,1042,1058,1074,1090,1106,1122,1138,1154,1170,1186,1202,1218,1234,1250 motion_emb_sha=4be5887ab7f4983e motion_pos_sha=7dc0e880fdfb0754 motion_mask=111111111111111111111111111111111111111111111111111111111111111111111111111111000000000000000000 mem_order_sha=b0143d1b23e234a9 motion_cols_sha=558cbd0ddb85b838 donor=None cover=exact:0,fallback:0,cycle:0,cross_seg:0 gate=none num_steps=10 act_sha=4517f802654f7db1 infer_ms=70.0
INFO:mme_vla_suite.serving.websocket_policy_server:TIMING infer_ms=70.0
INFO:mme_vla_suite.serving.websocket_policy_server:TIMING add_buffer_ms=1458.9 frames=16 exec_start_idx=0
MV_INFER cond=normal split=test task=VideoUnmask ep=5 ep_seq=5 infer_seq=78 t=1298 es=66 k=79 motion_frames=0,16,32,66,82,98,114,130,146,162,178,194,210,226,242,258,274,290,306,322,338,354,370,386,402,418,434,450,466,482,498,514,530,546,562,578,594,610,626,642,658,674,690,706,722,738,754,770,786,802,818,834,850,866,882,898,914,930,946,962,978,994,1010,1026,1042,1058,1074,1090,1106,1122,1138,1154,1170,1186,1202,1218,1234,1250,1266 motion_emb_sha=e05ba79f9cb928cc motion_pos_sha=cb6937d39e499a7d motion_mask=111111111111111111111111111111111111111111111111111111111111111111111111111111100000000000000000 mem_order_sha=a013b0d82bc0d97a motion_cols_sha=547a1ac4654c286c donor=None cover=exact:0,fallback:0,cycle:0,cross_seg:0 gate=none num_steps=10 act_sha=3505ce1281e73c16 infer_ms=69.8
INFO:mme_vla_suite.serving.websocket_policy_server:TIMING infer_ms=69.8
INFO:mme_vla_suite.serving.websocket_policy_server:TIMING add_buffer_ms=1459.5 frames=16 exec_start_idx=0
MV_INFER cond=normal split=test task=VideoUnmask ep=5 ep_seq=5 infer_seq=79 t=1314 es=66 k=80 motion_frames=0,16,32,66,82,98,114,130,146,162,178,194,210,226,242,258,274,290,306,322,338,354,370,386,402,418,434,450,466,482,498,514,530,546,562,578,594,610,626,642,658,674,690,706,722,738,754,770,786,802,818,834,850,866,882,898,914,930,946,962,978,994,1010,1026,1042,1058,1074,1090,1106,1122,1138,1154,1170,1186,1202,1218,1234,1250,1266,1282 motion_emb_sha=70f60fbda21ee47a motion_pos_sha=a94dd9065918a4a1 motion_mask=111111111111111111111111111111111111111111111111111111111111111111111111111111110000000000000000 mem_order_sha=18eb7627810dd2df motion_cols_sha=04567d6627fae1ff donor=None cover=exact:0,fallback:0,cycle:0,cross_seg:0 gate=none num_steps=10 act_sha=92fd5769c2a2ac7e infer_ms=70.0
INFO:mme_vla_suite.serving.websocket_policy_server:TIMING infer_ms=70.0
INFO:mme_vla_suite.serving.websocket_policy_server:TIMING add_buffer_ms=1462.0 frames=16 exec_start_idx=0
MV_INFER cond=normal split=test task=VideoUnmask ep=5 ep_seq=5 infer_seq=80 t=1330 es=66 k=81 motion_frames=0,16,32,66,82,98,114,130,146,162,178,194,210,226,242,258,274,290,306,322,338,354,370,386,402,418,434,450,466,482,498,514,530,546,562,578,594,610,626,642,658,674,690,706,722,738,754,770,786,802,818,834,850,866,882,898,914,930,946,962,978,994,1010,1026,1042,1058,1074,1090,1106,1122,1138,1154,1170,1186,1202,1218,1234,1250,1266,1282,1298 motion_emb_sha=082152b79e2468ec motion_pos_sha=e503685848819587 motion_mask=111111111111111111111111111111111111111111111111111111111111111111111111111111111000000000000000 mem_order_sha=f0a301b992be137a motion_cols_sha=eea74de565fbc1e4 donor=None cover=exact:0,fallback:0,cycle:0,cross_seg:0 gate=none num_steps=10 act_sha=757645cea92ee73d infer_ms=69.7
INFO:mme_vla_suite.serving.websocket_policy_server:TIMING infer_ms=69.7
INFO:mme_vla_suite.serving.websocket_policy_server:TIMING add_buffer_ms=1461.1 frames=16 exec_start_idx=0
MV_INFER cond=normal split=test task=VideoUnmask ep=5 ep_seq=5 infer_seq=81 t=1346 es=66 k=82 motion_frames=0,16,32,66,82,98,114,130,146,162,178,194,210,226,242,258,274,290,306,322,338,354,370,386,402,418,434,450,466,482,498,514,530,546,562,578,594,610,626,642,658,674,690,706,722,738,754,770,786,802,818,834,850,866,882,898,914,930,946,962,978,994,1010,1026,1042,1058,1074,1090,1106,1122,1138,1154,1170,1186,1202,1218,1234,1250,1266,1282,1298,1314 motion_emb_sha=9ad67e5453538bf3 motion_pos_sha=f0c7b492d7bca486 motion_mask=111111111111111111111111111111111111111111111111111111111111111111111111111111111100000000000000 mem_order_sha=c75f757d03a3b100 motion_cols_sha=1058626bcd238dcb donor=None cover=exact:0,fallback:0,cycle:0,cross_seg:0 gate=none num_steps=10 act_sha=832770dce4013958 infer_ms=69.4
INFO:mme_vla_suite.serving.websocket_policy_server:TIMING infer_ms=69.4
INFO:mme_vla_suite.serving.websocket_policy_server:TIMING add_buffer_ms=1460.2 frames=16 exec_start_idx=0
MV_INFER cond=normal split=test task=VideoUnmask ep=5 ep_seq=5 infer_seq=82 t=1362 es=66 k=83 motion_frames=0,16,32,66,82,98,114,130,146,162,178,194,210,226,242,258,274,290,306,322,338,354,370,386,402,418,434,450,466,482,498,514,530,546,562,578,594,610,626,642,658,674,690,706,722,738,754,770,786,802,818,834,850,866,882,898,914,930,946,962,978,994,1010,1026,1042,1058,1074,1090,1106,1122,1138,1154,1170,1186,1202,1218,1234,1250,1266,1282,1298,1314,1330 motion_emb_sha=a34f9859e90dcc1d motion_pos_sha=4aa9c8102c676587 motion_mask=111111111111111111111111111111111111111111111111111111111111111111111111111111111110000000000000 mem_order_sha=a253d88d1c76f054 motion_cols_sha=6186e96835cf6af8 donor=None cover=exact:0,fallback:0,cycle:0,cross_seg:0 gate=none num_steps=10 act_sha=ee947eebc20664c2 infer_ms=69.7
INFO:mme_vla_suite.serving.websocket_policy_server:TIMING infer_ms=69.7
INFO:websockets.server:connection open
INFO:mme_vla_suite.serving.websocket_policy_server:Connection from ('127.0.0.1', 56696) opened
MV_EPISODE_END ep_seq=5 infers=82 windows=83 wall_s=153.7
MV_EPISODE_BEGIN cond=normal split=test seed=42 ep_seq=6 expect=VideoUnmask:9
INFO:mme_vla_suite.serving.websocket_policy_server:TIMING add_buffer_ms=4424.8 frames=67 exec_start_idx=66
MV_INFER cond=normal split=test task=VideoUnmask ep=9 ep_seq=6 infer_seq=1 t=66 es=66 k=3 motion_frames=0,16,32 motion_emb_sha=7af3f586e0740d7f motion_pos_sha=358a8247438e4586 motion_mask=111000000000000000000000000000000000000000000000000000000000000000000000000000000000000000000000 mem_order_sha=4bdcb6154ce3db09 motion_cols_sha=ec75f2710ccf7d3e donor=None cover=exact:0,fallback:0,cycle:0,cross_seg:0 gate=none num_steps=10 act_sha=39f75a80276f97d0 infer_ms=69.4
INFO:mme_vla_suite.serving.websocket_policy_server:TIMING infer_ms=69.4
INFO:mme_vla_suite.serving.websocket_policy_server:TIMING add_buffer_ms=36.9 frames=16 exec_start_idx=0
MV_INFER cond=normal split=test task=VideoUnmask ep=9 ep_seq=6 infer_seq=2 t=82 es=66 k=3 motion_frames=0,16,32 motion_emb_sha=7af3f586e0740d7f motion_pos_sha=358a8247438e4586 motion_mask=111000000000000000000000000000000000000000000000000000000000000000000000000000000000000000000000 mem_order_sha=cb2e554e8b3e1ad5 motion_cols_sha=17cf914c012c846f donor=None cover=exact:0,fallback:0,cycle:0,cross_seg:0 gate=none num_steps=10 act_sha=0571af4777e9ff0d infer_ms=69.2
INFO:mme_vla_suite.serving.websocket_policy_server:TIMING infer_ms=69.2
INFO:mme_vla_suite.serving.websocket_policy_server:TIMING add_buffer_ms=1466.5 frames=16 exec_start_idx=0
MV_INFER cond=normal split=test task=VideoUnmask ep=9 ep_seq=6 infer_seq=3 t=98 es=66 k=4 motion_frames=0,16,32,66 motion_emb_sha=d76e4c23806127bc motion_pos_sha=b65ea106cebf51d2 motion_mask=111100000000000000000000000000000000000000000000000000000000000000000000000000000000000000000000 mem_order_sha=3f30de4433e4d89f motion_cols_sha=d94e9739c8cfc07e donor=None cover=exact:0,fallback:0,cycle:0,cross_seg:0 gate=none num_steps=10 act_sha=753948841a5f0fbc infer_ms=69.3
INFO:mme_vla_suite.serving.websocket_policy_server:TIMING infer_ms=69.3
INFO:mme_vla_suite.serving.websocket_policy_server:TIMING add_buffer_ms=1455.9 frames=16 exec_start_idx=0
MV_INFER cond=normal split=test task=VideoUnmask ep=9 ep_seq=6 infer_seq=4 t=114 es=66 k=5 motion_frames=0,16,32,66,82 motion_emb_sha=58c45485667f2298 motion_pos_sha=add152c97237af96 motion_mask=111110000000000000000000000000000000000000000000000000000000000000000000000000000000000000000000 mem_order_sha=0395a814320c5e29 motion_cols_sha=e02455314313c279 donor=None cover=exact:0,fallback:0,cycle:0,cross_seg:0 gate=none num_steps=10 act_sha=550e7dc8870d7576 infer_ms=69.3
INFO:mme_vla_suite.serving.websocket_policy_server:TIMING infer_ms=69.3
INFO:mme_vla_suite.serving.websocket_policy_server:TIMING add_buffer_ms=1463.3 frames=16 exec_start_idx=0
MV_INFER cond=normal split=test task=VideoUnmask ep=9 ep_seq=6 infer_seq=5 t=130 es=66 k=6 motion_frames=0,16,32,66,82,98 motion_emb_sha=78352a4c266f33a6 motion_pos_sha=0d2e058ea1123793 motion_mask=111111000000000000000000000000000000000000000000000000000000000000000000000000000000000000000000 mem_order_sha=bdffbd3f5c05d11e motion_cols_sha=8246cda0611e035c donor=None cover=exact:0,fallback:0,cycle:0,cross_seg:0 gate=none num_steps=10 act_sha=fa9a3a8ada47a6c1 infer_ms=69.1
INFO:mme_vla_suite.serving.websocket_policy_server:TIMING infer_ms=69.1
INFO:mme_vla_suite.serving.websocket_policy_server:TIMING add_buffer_ms=1465.0 frames=16 exec_start_idx=0
MV_INFER cond=normal split=test task=VideoUnmask ep=9 ep_seq=6 infer_seq=6 t=146 es=66 k=7 motion_frames=0,16,32,66,82,98,114 motion_emb_sha=27ae2af48a576516 motion_pos_sha=c0e16b25920c3887 motion_mask=111111100000000000000000000000000000000000000000000000000000000000000000000000000000000000000000 mem_order_sha=b3ce16357a031f75 motion_cols_sha=ba19810cd76cb779 donor=None cover=exact:0,fallback:0,cycle:0,cross_seg:0 gate=none num_steps=10 act_sha=eee8e66569c74553 infer_ms=70.0
INFO:mme_vla_suite.serving.websocket_policy_server:TIMING infer_ms=70.0
INFO:mme_vla_suite.serving.websocket_policy_server:TIMING add_buffer_ms=1463.5 frames=16 exec_start_idx=0
MV_INFER cond=normal split=test task=VideoUnmask ep=9 ep_seq=6 infer_seq=7 t=162 es=66 k=8 motion_frames=0,16,32,66,82,98,114,130 motion_emb_sha=5450dceb25283ac2 motion_pos_sha=a83e780e2fdd36f9 motion_mask=111111110000000000000000000000000000000000000000000000000000000000000000000000000000000000000000 mem_order_sha=92a4860fa2f2c179 motion_cols_sha=e4e2077ec5936a32 donor=None cover=exact:0,fallback:0,cycle:0,cross_seg:0 gate=none num_steps=10 act_sha=bc722d2076b868eb infer_ms=70.1
INFO:mme_vla_suite.serving.websocket_policy_server:TIMING infer_ms=70.1
INFO:mme_vla_suite.serving.websocket_policy_server:TIMING add_buffer_ms=1463.9 frames=16 exec_start_idx=0
MV_INFER cond=normal split=test task=VideoUnmask ep=9 ep_seq=6 infer_seq=8 t=178 es=66 k=9 motion_frames=0,16,32,66,82,98,114,130,146 motion_emb_sha=a3c232fb4f94ac06 motion_pos_sha=78c0d0dbd6dd5525 motion_mask=111111111000000000000000000000000000000000000000000000000000000000000000000000000000000000000000 mem_order_sha=7514c7b72b300384 motion_cols_sha=d76e6aa6338d551f donor=None cover=exact:0,fallback:0,cycle:0,cross_seg:0 gate=none num_steps=10 act_sha=c598b5f69d61f227 infer_ms=69.6
INFO:mme_vla_suite.serving.websocket_policy_server:TIMING infer_ms=69.6
INFO:mme_vla_suite.serving.websocket_policy_server:TIMING add_buffer_ms=1459.6 frames=16 exec_start_idx=0
MV_INFER cond=normal split=test task=VideoUnmask ep=9 ep_seq=6 infer_seq=9 t=194 es=66 k=10 motion_frames=0,16,32,66,82,98,114,130,146,162 motion_emb_sha=59eed9c1b93e2fd6 motion_pos_sha=2c547cb66222b342 motion_mask=111111111100000000000000000000000000000000000000000000000000000000000000000000000000000000000000 mem_order_sha=2e57187a35efe371 motion_cols_sha=5b187f2a31a8c420 donor=None cover=exact:0,fallback:0,cycle:0,cross_seg:0 gate=none num_steps=10 act_sha=bcfe2e2199b1d211 infer_ms=69.5
INFO:mme_vla_suite.serving.websocket_policy_server:TIMING infer_ms=69.5
INFO:mme_vla_suite.serving.websocket_policy_server:TIMING add_buffer_ms=1467.4 frames=16 exec_start_idx=0
MV_INFER cond=normal split=test task=VideoUnmask ep=9 ep_seq=6 infer_seq=10 t=210 es=66 k=11 motion_frames=0,16,32,66,82,98,114,130,146,162,178 motion_emb_sha=a0d93a665fba6c2b motion_pos_sha=50322559221b1c36 motion_mask=111111111110000000000000000000000000000000000000000000000000000000000000000000000000000000000000 mem_order_sha=6bb4b1e7c6104037 motion_cols_sha=bf51e4eacf9ab111 donor=None cover=exact:0,fallback:0,cycle:0,cross_seg:0 gate=none num_steps=10 act_sha=4ce22396bb399fa3 infer_ms=69.7
INFO:mme_vla_suite.serving.websocket_policy_server:TIMING infer_ms=69.7
INFO:mme_vla_suite.serving.websocket_policy_server:TIMING add_buffer_ms=1458.3 frames=16 exec_start_idx=0
MV_INFER cond=normal split=test task=VideoUnmask ep=9 ep_seq=6 infer_seq=11 t=226 es=66 k=12 motion_frames=0,16,32,66,82,98,114,130,146,162,178,194 motion_emb_sha=057e60cfa01b5272 motion_pos_sha=65731de854b22f59 motion_mask=111111111111000000000000000000000000000000000000000000000000000000000000000000000000000000000000 mem_order_sha=2bfbc309192a933b motion_cols_sha=6022067931b2c01f donor=None cover=exact:0,fallback:0,cycle:0,cross_seg:0 gate=none num_steps=10 act_sha=64d6bc8f7c59cbbf infer_ms=70.2
INFO:mme_vla_suite.serving.websocket_policy_server:TIMING infer_ms=70.2
INFO:mme_vla_suite.serving.websocket_policy_server:TIMING add_buffer_ms=1460.2 frames=16 exec_start_idx=0
MV_INFER cond=normal split=test task=VideoUnmask ep=9 ep_seq=6 infer_seq=12 t=242 es=66 k=13 motion_frames=0,16,32,66,82,98,114,130,146,162,178,194,210 motion_emb_sha=21895241cf6d9324 motion_pos_sha=32a383b63ab8a7ca motion_mask=111111111111100000000000000000000000000000000000000000000000000000000000000000000000000000000000 mem_order_sha=fe511a35f5935e41 motion_cols_sha=430f7d85b3677183 donor=None cover=exact:0,fallback:0,cycle:0,cross_seg:0 gate=none num_steps=10 act_sha=06261afc1e1d5fac infer_ms=69.4
INFO:mme_vla_suite.serving.websocket_policy_server:TIMING infer_ms=69.4
INFO:mme_vla_suite.serving.websocket_policy_server:TIMING add_buffer_ms=1464.8 frames=16 exec_start_idx=0
MV_INFER cond=normal split=test task=VideoUnmask ep=9 ep_seq=6 infer_seq=13 t=258 es=66 k=14 motion_frames=0,16,32,66,82,98,114,130,146,162,178,194,210,226 motion_emb_sha=a2c41e8532c029f3 motion_pos_sha=e972e84520e36132 motion_mask=111111111111110000000000000000000000000000000000000000000000000000000000000000000000000000000000 mem_order_sha=08bd0dcd3e501aa0 motion_cols_sha=0597bfaaeb25ca88 donor=None cover=exact:0,fallback:0,cycle:0,cross_seg:0 gate=none num_steps=10 act_sha=11b8a2680ce24c27 infer_ms=69.2
INFO:mme_vla_suite.serving.websocket_policy_server:TIMING infer_ms=69.2
INFO:mme_vla_suite.serving.websocket_policy_server:TIMING add_buffer_ms=1459.6 frames=16 exec_start_idx=0
MV_INFER cond=normal split=test task=VideoUnmask ep=9 ep_seq=6 infer_seq=14 t=274 es=66 k=15 motion_frames=0,16,32,66,82,98,114,130,146,162,178,194,210,226,242 motion_emb_sha=b4d8083e9ec3f0ab motion_pos_sha=d0ce634ad8aa40b1 motion_mask=111111111111111000000000000000000000000000000000000000000000000000000000000000000000000000000000 mem_order_sha=3eb35a102bfc619d motion_cols_sha=0c97639f987d24f1 donor=None cover=exact:0,fallback:0,cycle:0,cross_seg:0 gate=none num_steps=10 act_sha=dde447314b008e98 infer_ms=69.4
INFO:mme_vla_suite.serving.websocket_policy_server:TIMING infer_ms=69.4
INFO:mme_vla_suite.serving.websocket_policy_server:TIMING add_buffer_ms=1458.8 frames=16 exec_start_idx=0
MV_INFER cond=normal split=test task=VideoUnmask ep=9 ep_seq=6 infer_seq=15 t=290 es=66 k=16 motion_frames=0,16,32,66,82,98,114,130,146,162,178,194,210,226,242,258 motion_emb_sha=4dca6dc063a698bf motion_pos_sha=141bc380de25ad0d motion_mask=111111111111111100000000000000000000000000000000000000000000000000000000000000000000000000000000 mem_order_sha=71ea69ecc16ba05a motion_cols_sha=72ba822d7d9a3e67 donor=None cover=exact:0,fallback:0,cycle:0,cross_seg:0 gate=none num_steps=10 act_sha=e0d2dd9b65cb7a9d infer_ms=69.2
INFO:mme_vla_suite.serving.websocket_policy_server:TIMING infer_ms=69.2
INFO:mme_vla_suite.serving.websocket_policy_server:TIMING add_buffer_ms=1461.2 frames=16 exec_start_idx=0
MV_INFER cond=normal split=test task=VideoUnmask ep=9 ep_seq=6 infer_seq=16 t=306 es=66 k=17 motion_frames=0,16,32,66,82,98,114,130,146,162,178,194,210,226,242,258,274 motion_emb_sha=edd66d5951dcc37a motion_pos_sha=0dd8ab270aa43f1f motion_mask=111111111111111110000000000000000000000000000000000000000000000000000000000000000000000000000000 mem_order_sha=15ae6a5dc8fc66f9 motion_cols_sha=1eda5f2868fa919b donor=None cover=exact:0,fallback:0,cycle:0,cross_seg:0 gate=none num_steps=10 act_sha=852f0e9f0a54d859 infer_ms=69.6
INFO:mme_vla_suite.serving.websocket_policy_server:TIMING infer_ms=69.6
INFO:mme_vla_suite.serving.websocket_policy_server:TIMING add_buffer_ms=1460.6 frames=16 exec_start_idx=0
MV_INFER cond=normal split=test task=VideoUnmask ep=9 ep_seq=6 infer_seq=17 t=322 es=66 k=18 motion_frames=0,16,32,66,82,98,114,130,146,162,178,194,210,226,242,258,274,290 motion_emb_sha=c3c51fa877e6c38d motion_pos_sha=7a678319ae7439e3 motion_mask=111111111111111111000000000000000000000000000000000000000000000000000000000000000000000000000000 mem_order_sha=26902dff3f479897 motion_cols_sha=4542964937c1b122 donor=None cover=exact:0,fallback:0,cycle:0,cross_seg:0 gate=none num_steps=10 act_sha=3f015e31c162d618 infer_ms=70.0
INFO:mme_vla_suite.serving.websocket_policy_server:TIMING infer_ms=70.0
INFO:mme_vla_suite.serving.websocket_policy_server:TIMING add_buffer_ms=1458.5 frames=16 exec_start_idx=0
MV_INFER cond=normal split=test task=VideoUnmask ep=9 ep_seq=6 infer_seq=18 t=338 es=66 k=19 motion_frames=0,16,32,66,82,98,114,130,146,162,178,194,210,226,242,258,274,290,306 motion_emb_sha=30932d28f398ee3a motion_pos_sha=73af9c29b26575b1 motion_mask=111111111111111111100000000000000000000000000000000000000000000000000000000000000000000000000000 mem_order_sha=d0c0c9939281ed90 motion_cols_sha=a25c61411fe2dfc1 donor=None cover=exact:0,fallback:0,cycle:0,cross_seg:0 gate=none num_steps=10 act_sha=f1c0988038891716 infer_ms=70.0
INFO:mme_vla_suite.serving.websocket_policy_server:TIMING infer_ms=70.0
INFO:mme_vla_suite.serving.websocket_policy_server:TIMING add_buffer_ms=1456.6 frames=16 exec_start_idx=0
MV_INFER cond=normal split=test task=VideoUnmask ep=9 ep_seq=6 infer_seq=19 t=354 es=66 k=20 motion_frames=0,16,32,66,82,98,114,130,146,162,178,194,210,226,242,258,274,290,306,322 motion_emb_sha=8de1791e89b4969b motion_pos_sha=669ef2d9880c1190 motion_mask=111111111111111111110000000000000000000000000000000000000000000000000000000000000000000000000000 mem_order_sha=8e4f7352af852292 motion_cols_sha=0957e9030d15feb5 donor=None cover=exact:0,fallback:0,cycle:0,cross_seg:0 gate=none num_steps=10 act_sha=22fc292a924e3383 infer_ms=70.0
INFO:mme_vla_suite.serving.websocket_policy_server:TIMING infer_ms=70.0
INFO:mme_vla_suite.serving.websocket_policy_server:TIMING add_buffer_ms=1458.6 frames=16 exec_start_idx=0
MV_INFER cond=normal split=test task=VideoUnmask ep=9 ep_seq=6 infer_seq=20 t=370 es=66 k=21 motion_frames=0,16,32,66,82,98,114,130,146,162,178,194,210,226,242,258,274,290,306,322,338 motion_emb_sha=a161f9d422a5541b motion_pos_sha=dcebec3755a3583c motion_mask=111111111111111111111000000000000000000000000000000000000000000000000000000000000000000000000000 mem_order_sha=99dc79ac66449f1d motion_cols_sha=54cf7b4af641d852 donor=None cover=exact:0,fallback:0,cycle:0,cross_seg:0 gate=none num_steps=10 act_sha=e66f7c6432502a21 infer_ms=69.4
INFO:mme_vla_suite.serving.websocket_policy_server:TIMING infer_ms=69.4
INFO:mme_vla_suite.serving.websocket_policy_server:TIMING add_buffer_ms=1460.2 frames=16 exec_start_idx=0
MV_INFER cond=normal split=test task=VideoUnmask ep=9 ep_seq=6 infer_seq=21 t=386 es=66 k=22 motion_frames=0,16,32,66,82,98,114,130,146,162,178,194,210,226,242,258,274,290,306,322,338,354 motion_emb_sha=570095bd66e8a55a motion_pos_sha=9034024cfb67f83a motion_mask=111111111111111111111100000000000000000000000000000000000000000000000000000000000000000000000000 mem_order_sha=cc3fa14323347267 motion_cols_sha=1ac9e61a62a79b5b donor=None cover=exact:0,fallback:0,cycle:0,cross_seg:0 gate=none num_steps=10 act_sha=e98cc1f9ae54e9cc infer_ms=69.6
INFO:mme_vla_suite.serving.websocket_policy_server:TIMING infer_ms=69.6
INFO:mme_vla_suite.serving.websocket_policy_server:TIMING add_buffer_ms=1455.7 frames=16 exec_start_idx=0
MV_INFER cond=normal split=test task=VideoUnmask ep=9 ep_seq=6 infer_seq=22 t=402 es=66 k=23 motion_frames=0,16,32,66,82,98,114,130,146,162,178,194,210,226,242,258,274,290,306,322,338,354,370 motion_emb_sha=7cc08484cbf1e4b9 motion_pos_sha=63c02e1ff22a93ae motion_mask=111111111111111111111110000000000000000000000000000000000000000000000000000000000000000000000000 mem_order_sha=43a6cf0eb5ea74c0 motion_cols_sha=c83d8f9ba73fba96 donor=None cover=exact:0,fallback:0,cycle:0,cross_seg:0 gate=none num_steps=10 act_sha=11824807a9f6f1bf infer_ms=70.4
INFO:mme_vla_suite.serving.websocket_policy_server:TIMING infer_ms=70.4
INFO:mme_vla_suite.serving.websocket_policy_server:TIMING add_buffer_ms=1460.8 frames=16 exec_start_idx=0
MV_INFER cond=normal split=test task=VideoUnmask ep=9 ep_seq=6 infer_seq=23 t=418 es=66 k=24 motion_frames=0,16,32,66,82,98,114,130,146,162,178,194,210,226,242,258,274,290,306,322,338,354,370,386 motion_emb_sha=f54abb7963269e27 motion_pos_sha=00b664fe366985cb motion_mask=111111111111111111111111000000000000000000000000000000000000000000000000000000000000000000000000 mem_order_sha=fda61dd5477102b3 motion_cols_sha=26b0fb74c18a3193 donor=None cover=exact:0,fallback:0,cycle:0,cross_seg:0 gate=none num_steps=10 act_sha=4e59a8232502d06e infer_ms=69.2
INFO:mme_vla_suite.serving.websocket_policy_server:TIMING infer_ms=69.2
INFO:mme_vla_suite.serving.websocket_policy_server:TIMING add_buffer_ms=1457.4 frames=16 exec_start_idx=0
MV_INFER cond=normal split=test task=VideoUnmask ep=9 ep_seq=6 infer_seq=24 t=434 es=66 k=25 motion_frames=0,16,32,66,82,98,114,130,146,162,178,194,210,226,242,258,274,290,306,322,338,354,370,386,402 motion_emb_sha=8a1142c331b8fdf5 motion_pos_sha=5587abb85fecc05c motion_mask=111111111111111111111111100000000000000000000000000000000000000000000000000000000000000000000000 mem_order_sha=fc5c2f6e55d70b55 motion_cols_sha=0c099d9bb117bb38 donor=None cover=exact:0,fallback:0,cycle:0,cross_seg:0 gate=none num_steps=10 act_sha=071697cccdf0d85e infer_ms=69.9
INFO:mme_vla_suite.serving.websocket_policy_server:TIMING infer_ms=69.9
INFO:mme_vla_suite.serving.websocket_policy_server:TIMING add_buffer_ms=1461.4 frames=16 exec_start_idx=0
MV_INFER cond=normal split=test task=VideoUnmask ep=9 ep_seq=6 infer_seq=25 t=450 es=66 k=26 motion_frames=0,16,32,66,82,98,114,130,146,162,178,194,210,226,242,258,274,290,306,322,338,354,370,386,402,418 motion_emb_sha=67ee90ffb1784ace motion_pos_sha=44728e8df116867f motion_mask=111111111111111111111111110000000000000000000000000000000000000000000000000000000000000000000000 mem_order_sha=d922779444b06dd7 motion_cols_sha=2f76f0d95c32ed1b donor=None cover=exact:0,fallback:0,cycle:0,cross_seg:0 gate=none num_steps=10 act_sha=cd4f4eb4e6725ad3 infer_ms=69.3
INFO:mme_vla_suite.serving.websocket_policy_server:TIMING infer_ms=69.3
INFO:mme_vla_suite.serving.websocket_policy_server:TIMING add_buffer_ms=1459.5 frames=16 exec_start_idx=0
MV_INFER cond=normal split=test task=VideoUnmask ep=9 ep_seq=6 infer_seq=26 t=466 es=66 k=27 motion_frames=0,16,32,66,82,98,114,130,146,162,178,194,210,226,242,258,274,290,306,322,338,354,370,386,402,418,434 motion_emb_sha=509a9c3f28e23702 motion_pos_sha=4a118105564579cb motion_mask=111111111111111111111111111000000000000000000000000000000000000000000000000000000000000000000000 mem_order_sha=a47e270b06c17a7b motion_cols_sha=72c4cd1472215651 donor=None cover=exact:0,fallback:0,cycle:0,cross_seg:0 gate=none num_steps=10 act_sha=f16ed1bc820bbe08 infer_ms=69.6
INFO:mme_vla_suite.serving.websocket_policy_server:TIMING infer_ms=69.6
INFO:mme_vla_suite.serving.websocket_policy_server:TIMING add_buffer_ms=1465.7 frames=16 exec_start_idx=0
MV_INFER cond=normal split=test task=VideoUnmask ep=9 ep_seq=6 infer_seq=27 t=482 es=66 k=28 motion_frames=0,16,32,66,82,98,114,130,146,162,178,194,210,226,242,258,274,290,306,322,338,354,370,386,402,418,434,450 motion_emb_sha=c50cef434e2c8f73 motion_pos_sha=dfcb4f12037855b3 motion_mask=111111111111111111111111111100000000000000000000000000000000000000000000000000000000000000000000 mem_order_sha=3e2b699f0c74b9fa motion_cols_sha=e4f8cabfd901b3fd donor=None cover=exact:0,fallback:0,cycle:0,cross_seg:0 gate=none num_steps=10 act_sha=fdf3aeaf26e798c0 infer_ms=70.4
INFO:mme_vla_suite.serving.websocket_policy_server:TIMING infer_ms=70.4
INFO:mme_vla_suite.serving.websocket_policy_server:TIMING add_buffer_ms=1460.4 frames=16 exec_start_idx=0
MV_INFER cond=normal split=test task=VideoUnmask ep=9 ep_seq=6 infer_seq=28 t=498 es=66 k=29 motion_frames=0,16,32,66,82,98,114,130,146,162,178,194,210,226,242,258,274,290,306,322,338,354,370,386,402,418,434,450,466 motion_emb_sha=c4922efc69ef22b0 motion_pos_sha=475c87a53cdedb90 motion_mask=111111111111111111111111111110000000000000000000000000000000000000000000000000000000000000000000 mem_order_sha=53b20db53b984554 motion_cols_sha=887c03f98d31d3ac donor=None cover=exact:0,fallback:0,cycle:0,cross_seg:0 gate=none num_steps=10 act_sha=c3d1b7779c193e01 infer_ms=70.3
INFO:mme_vla_suite.serving.websocket_policy_server:TIMING infer_ms=70.3
INFO:mme_vla_suite.serving.websocket_policy_server:TIMING add_buffer_ms=1465.3 frames=16 exec_start_idx=0
MV_INFER cond=normal split=test task=VideoUnmask ep=9 ep_seq=6 infer_seq=29 t=514 es=66 k=30 motion_frames=0,16,32,66,82,98,114,130,146,162,178,194,210,226,242,258,274,290,306,322,338,354,370,386,402,418,434,450,466,482 motion_emb_sha=6c20f807c02a337e motion_pos_sha=d7d92e5349f30f92 motion_mask=111111111111111111111111111111000000000000000000000000000000000000000000000000000000000000000000 mem_order_sha=d4a17ce9295f09eb motion_cols_sha=f1b5b9004c60659a donor=None cover=exact:0,fallback:0,cycle:0,cross_seg:0 gate=none num_steps=10 act_sha=168dd5c9fc4f6eca infer_ms=70.0
INFO:mme_vla_suite.serving.websocket_policy_server:TIMING infer_ms=70.0
INFO:mme_vla_suite.serving.websocket_policy_server:TIMING add_buffer_ms=1457.5 frames=16 exec_start_idx=0
MV_INFER cond=normal split=test task=VideoUnmask ep=9 ep_seq=6 infer_seq=30 t=530 es=66 k=31 motion_frames=0,16,32,66,82,98,114,130,146,162,178,194,210,226,242,258,274,290,306,322,338,354,370,386,402,418,434,450,466,482,498 motion_emb_sha=69a8a6363a8bfe6d motion_pos_sha=0f8d9dcf0c9e6e2d motion_mask=111111111111111111111111111111100000000000000000000000000000000000000000000000000000000000000000 mem_order_sha=2029e913e51af11c motion_cols_sha=a70201a691f9bf1e donor=None cover=exact:0,fallback:0,cycle:0,cross_seg:0 gate=none num_steps=10 act_sha=8b18e0b94c0375c1 infer_ms=70.4
INFO:mme_vla_suite.serving.websocket_policy_server:TIMING infer_ms=70.4
INFO:mme_vla_suite.serving.websocket_policy_server:TIMING add_buffer_ms=1457.8 frames=16 exec_start_idx=0
MV_INFER cond=normal split=test task=VideoUnmask ep=9 ep_seq=6 infer_seq=31 t=546 es=66 k=32 motion_frames=0,16,32,66,82,98,114,130,146,162,178,194,210,226,242,258,274,290,306,322,338,354,370,386,402,418,434,450,466,482,498,514 motion_emb_sha=0ee69b1b2105ec28 motion_pos_sha=daef85cbf2c66840 motion_mask=111111111111111111111111111111110000000000000000000000000000000000000000000000000000000000000000 mem_order_sha=6129466cdb22978f motion_cols_sha=6055ceefc203f0f4 donor=None cover=exact:0,fallback:0,cycle:0,cross_seg:0 gate=none num_steps=10 act_sha=1749dcf4aa64ef52 infer_ms=69.3
INFO:mme_vla_suite.serving.websocket_policy_server:TIMING infer_ms=69.3
INFO:mme_vla_suite.serving.websocket_policy_server:TIMING add_buffer_ms=1466.7 frames=16 exec_start_idx=0
MV_INFER cond=normal split=test task=VideoUnmask ep=9 ep_seq=6 infer_seq=32 t=562 es=66 k=33 motion_frames=0,16,32,66,82,98,114,130,146,162,178,194,210,226,242,258,274,290,306,322,338,354,370,386,402,418,434,450,466,482,498,514,530 motion_emb_sha=5a33c5fa71b72165 motion_pos_sha=5070379a0a40ce89 motion_mask=111111111111111111111111111111111000000000000000000000000000000000000000000000000000000000000000 mem_order_sha=7ca768a2f4fdc8aa motion_cols_sha=be64232c95fbce47 donor=None cover=exact:0,fallback:0,cycle:0,cross_seg:0 gate=none num_steps=10 act_sha=a24e7f0bd086f290 infer_ms=70.4
INFO:mme_vla_suite.serving.websocket_policy_server:TIMING infer_ms=70.4
INFO:mme_vla_suite.serving.websocket_policy_server:TIMING add_buffer_ms=1455.4 frames=16 exec_start_idx=0
MV_INFER cond=normal split=test task=VideoUnmask ep=9 ep_seq=6 infer_seq=33 t=578 es=66 k=34 motion_frames=0,16,32,66,82,98,114,130,146,162,178,194,210,226,242,258,274,290,306,322,338,354,370,386,402,418,434,450,466,482,498,514,530,546 motion_emb_sha=f31f73f0686683e1 motion_pos_sha=f7012ff4cabb1507 motion_mask=111111111111111111111111111111111100000000000000000000000000000000000000000000000000000000000000 mem_order_sha=6bcf6ebb5b6d2890 motion_cols_sha=934096701ddf3f12 donor=None cover=exact:0,fallback:0,cycle:0,cross_seg:0 gate=none num_steps=10 act_sha=14ef2d60bd57635a infer_ms=70.0
INFO:mme_vla_suite.serving.websocket_policy_server:TIMING infer_ms=70.0
INFO:mme_vla_suite.serving.websocket_policy_server:TIMING add_buffer_ms=1464.7 frames=16 exec_start_idx=0
MV_INFER cond=normal split=test task=VideoUnmask ep=9 ep_seq=6 infer_seq=34 t=594 es=66 k=35 motion_frames=0,16,32,66,82,98,114,130,146,162,178,194,210,226,242,258,274,290,306,322,338,354,370,386,402,418,434,450,466,482,498,514,530,546,562 motion_emb_sha=89a121cc525b254b motion_pos_sha=6d05b975d6d1bcd6 motion_mask=111111111111111111111111111111111110000000000000000000000000000000000000000000000000000000000000 mem_order_sha=16590d4d73ae0e84 motion_cols_sha=5040b814fe13feef donor=None cover=exact:0,fallback:0,cycle:0,cross_seg:0 gate=none num_steps=10 act_sha=46f63631c3611792 infer_ms=69.3
INFO:mme_vla_suite.serving.websocket_policy_server:TIMING infer_ms=69.3
INFO:mme_vla_suite.serving.websocket_policy_server:TIMING add_buffer_ms=1457.0 frames=16 exec_start_idx=0
MV_INFER cond=normal split=test task=VideoUnmask ep=9 ep_seq=6 infer_seq=35 t=610 es=66 k=36 motion_frames=0,16,32,66,82,98,114,130,146,162,178,194,210,226,242,258,274,290,306,322,338,354,370,386,402,418,434,450,466,482,498,514,530,546,562,578 motion_emb_sha=1f0396a64f7f4713 motion_pos_sha=0dadfc909d6708b4 motion_mask=111111111111111111111111111111111111000000000000000000000000000000000000000000000000000000000000 mem_order_sha=43ad8d10ecf3dd11 motion_cols_sha=aa122da8b650e77e donor=None cover=exact:0,fallback:0,cycle:0,cross_seg:0 gate=none num_steps=10 act_sha=1e59b714e31c88fd infer_ms=69.5
INFO:mme_vla_suite.serving.websocket_policy_server:TIMING infer_ms=69.5
INFO:mme_vla_suite.serving.websocket_policy_server:TIMING add_buffer_ms=1457.6 frames=16 exec_start_idx=0
MV_INFER cond=normal split=test task=VideoUnmask ep=9 ep_seq=6 infer_seq=36 t=626 es=66 k=37 motion_frames=0,16,32,66,82,98,114,130,146,162,178,194,210,226,242,258,274,290,306,322,338,354,370,386,402,418,434,450,466,482,498,514,530,546,562,578,594 motion_emb_sha=bede580749ff2a32 motion_pos_sha=8183ecf00893acbf motion_mask=111111111111111111111111111111111111100000000000000000000000000000000000000000000000000000000000 mem_order_sha=fe0cbc0742b460ec motion_cols_sha=0c67f2f20096bd57 donor=None cover=exact:0,fallback:0,cycle:0,cross_seg:0 gate=none num_steps=10 act_sha=3c484c3123a680e3 infer_ms=69.5
INFO:mme_vla_suite.serving.websocket_policy_server:TIMING infer_ms=69.5
INFO:mme_vla_suite.serving.websocket_policy_server:TIMING add_buffer_ms=1463.9 frames=16 exec_start_idx=0
MV_INFER cond=normal split=test task=VideoUnmask ep=9 ep_seq=6 infer_seq=37 t=642 es=66 k=38 motion_frames=0,16,32,66,82,98,114,130,146,162,178,194,210,226,242,258,274,290,306,322,338,354,370,386,402,418,434,450,466,482,498,514,530,546,562,578,594,610 motion_emb_sha=b356da28401dc44e motion_pos_sha=3c525b59051fa8dc motion_mask=111111111111111111111111111111111111110000000000000000000000000000000000000000000000000000000000 mem_order_sha=ace453b3c01b7133 motion_cols_sha=b4ea16ebee28540e donor=None cover=exact:0,fallback:0,cycle:0,cross_seg:0 gate=none num_steps=10 act_sha=27ceb2fc00332737 infer_ms=69.3
INFO:mme_vla_suite.serving.websocket_policy_server:TIMING infer_ms=69.3
INFO:mme_vla_suite.serving.websocket_policy_server:TIMING add_buffer_ms=1461.2 frames=16 exec_start_idx=0
MV_INFER cond=normal split=test task=VideoUnmask ep=9 ep_seq=6 infer_seq=38 t=658 es=66 k=39 motion_frames=0,16,32,66,82,98,114,130,146,162,178,194,210,226,242,258,274,290,306,322,338,354,370,386,402,418,434,450,466,482,498,514,530,546,562,578,594,610,626 motion_emb_sha=8f54d0f438583cd3 motion_pos_sha=12e3f992ce31daed motion_mask=111111111111111111111111111111111111111000000000000000000000000000000000000000000000000000000000 mem_order_sha=61d03335afe043c9 motion_cols_sha=2181bccfaaacfb4c donor=None cover=exact:0,fallback:0,cycle:0,cross_seg:0 gate=none num_steps=10 act_sha=b3dfff52e6ff9bd1 infer_ms=69.7
INFO:mme_vla_suite.serving.websocket_policy_server:TIMING infer_ms=69.7
INFO:mme_vla_suite.serving.websocket_policy_server:TIMING add_buffer_ms=1461.4 frames=16 exec_start_idx=0
MV_INFER cond=normal split=test task=VideoUnmask ep=9 ep_seq=6 infer_seq=39 t=674 es=66 k=40 motion_frames=0,16,32,66,82,98,114,130,146,162,178,194,210,226,242,258,274,290,306,322,338,354,370,386,402,418,434,450,466,482,498,514,530,546,562,578,594,610,626,642 motion_emb_sha=579f178f6bbe1675 motion_pos_sha=2f1a4535b5d9b52a motion_mask=111111111111111111111111111111111111111100000000000000000000000000000000000000000000000000000000 mem_order_sha=2524cb3ebfb9b556 motion_cols_sha=44968bdbfef24e29 donor=None cover=exact:0,fallback:0,cycle:0,cross_seg:0 gate=none num_steps=10 act_sha=d230a57ae32ca623 infer_ms=70.0
INFO:mme_vla_suite.serving.websocket_policy_server:TIMING infer_ms=70.0
INFO:mme_vla_suite.serving.websocket_policy_server:TIMING add_buffer_ms=1462.6 frames=16 exec_start_idx=0
MV_INFER cond=normal split=test task=VideoUnmask ep=9 ep_seq=6 infer_seq=40 t=690 es=66 k=41 motion_frames=0,16,32,66,82,98,114,130,146,162,178,194,210,226,242,258,274,290,306,322,338,354,370,386,402,418,434,450,466,482,498,514,530,546,562,578,594,610,626,642,658 motion_emb_sha=2a3d4e5b0610d8b7 motion_pos_sha=94615affc3ce48ee motion_mask=111111111111111111111111111111111111111110000000000000000000000000000000000000000000000000000000 mem_order_sha=9082cb7627011385 motion_cols_sha=0d46dee59346ada9 donor=None cover=exact:0,fallback:0,cycle:0,cross_seg:0 gate=none num_steps=10 act_sha=ad1c4288fe9a06c7 infer_ms=70.5
INFO:mme_vla_suite.serving.websocket_policy_server:TIMING infer_ms=70.5
INFO:mme_vla_suite.serving.websocket_policy_server:TIMING add_buffer_ms=1461.3 frames=16 exec_start_idx=0
MV_INFER cond=normal split=test task=VideoUnmask ep=9 ep_seq=6 infer_seq=41 t=706 es=66 k=42 motion_frames=0,16,32,66,82,98,114,130,146,162,178,194,210,226,242,258,274,290,306,322,338,354,370,386,402,418,434,450,466,482,498,514,530,546,562,578,594,610,626,642,658,674 motion_emb_sha=04f515aed7ce0aa4 motion_pos_sha=24317eca0b9abf85 motion_mask=111111111111111111111111111111111111111111000000000000000000000000000000000000000000000000000000 mem_order_sha=9662e474b623c915 motion_cols_sha=0faf1bc59289c62e donor=None cover=exact:0,fallback:0,cycle:0,cross_seg:0 gate=none num_steps=10 act_sha=759ac5aa3ac1381c infer_ms=69.6
INFO:mme_vla_suite.serving.websocket_policy_server:TIMING infer_ms=69.6
INFO:mme_vla_suite.serving.websocket_policy_server:TIMING add_buffer_ms=1460.8 frames=16 exec_start_idx=0
MV_INFER cond=normal split=test task=VideoUnmask ep=9 ep_seq=6 infer_seq=42 t=722 es=66 k=43 motion_frames=0,16,32,66,82,98,114,130,146,162,178,194,210,226,242,258,274,290,306,322,338,354,370,386,402,418,434,450,466,482,498,514,530,546,562,578,594,610,626,642,658,674,690 motion_emb_sha=c5728138d155fa50 motion_pos_sha=3c375b5b266182ec motion_mask=111111111111111111111111111111111111111111100000000000000000000000000000000000000000000000000000 mem_order_sha=779ddf72b580def5 motion_cols_sha=78b0865e1248c113 donor=None cover=exact:0,fallback:0,cycle:0,cross_seg:0 gate=none num_steps=10 act_sha=a99f5c46dce2a06c infer_ms=69.2
INFO:mme_vla_suite.serving.websocket_policy_server:TIMING infer_ms=69.2
INFO:mme_vla_suite.serving.websocket_policy_server:TIMING add_buffer_ms=1457.5 frames=16 exec_start_idx=0
MV_INFER cond=normal split=test task=VideoUnmask ep=9 ep_seq=6 infer_seq=43 t=738 es=66 k=44 motion_frames=0,16,32,66,82,98,114,130,146,162,178,194,210,226,242,258,274,290,306,322,338,354,370,386,402,418,434,450,466,482,498,514,530,546,562,578,594,610,626,642,658,674,690,706 motion_emb_sha=fe2e0b442060143e motion_pos_sha=9a98523100173224 motion_mask=111111111111111111111111111111111111111111110000000000000000000000000000000000000000000000000000 mem_order_sha=40166ba87744e340 motion_cols_sha=e738d8133285e097 donor=None cover=exact:0,fallback:0,cycle:0,cross_seg:0 gate=none num_steps=10 act_sha=dc618ddc724cdb87 infer_ms=69.7
INFO:mme_vla_suite.serving.websocket_policy_server:TIMING infer_ms=69.7
[sidecar pid=832983] 窗 #451 起点 722 耗时 1413 ms（累计 852s）
INFO:mme_vla_suite.serving.websocket_policy_server:TIMING add_buffer_ms=1456.7 frames=16 exec_start_idx=0
MV_INFER cond=normal split=test task=VideoUnmask ep=9 ep_seq=6 infer_seq=44 t=754 es=66 k=45 motion_frames=0,16,32,66,82,98,114,130,146,162,178,194,210,226,242,258,274,290,306,322,338,354,370,386,402,418,434,450,466,482,498,514,530,546,562,578,594,610,626,642,658,674,690,706,722 motion_emb_sha=60eb7dcaa7819b28 motion_pos_sha=509f6d7dfd3b6b7d motion_mask=111111111111111111111111111111111111111111111000000000000000000000000000000000000000000000000000 mem_order_sha=ac51a1bd09d9b3dc motion_cols_sha=ee6546d364856f36 donor=None cover=exact:0,fallback:0,cycle:0,cross_seg:0 gate=none num_steps=10 act_sha=91e004110b066110 infer_ms=69.6
INFO:mme_vla_suite.serving.websocket_policy_server:TIMING infer_ms=69.6
INFO:mme_vla_suite.serving.websocket_policy_server:TIMING add_buffer_ms=1456.1 frames=16 exec_start_idx=0
MV_INFER cond=normal split=test task=VideoUnmask ep=9 ep_seq=6 infer_seq=45 t=770 es=66 k=46 motion_frames=0,16,32,66,82,98,114,130,146,162,178,194,210,226,242,258,274,290,306,322,338,354,370,386,402,418,434,450,466,482,498,514,530,546,562,578,594,610,626,642,658,674,690,706,722,738 motion_emb_sha=2d4debe7a5dcdca7 motion_pos_sha=4883ad512b94ae90 motion_mask=111111111111111111111111111111111111111111111100000000000000000000000000000000000000000000000000 mem_order_sha=07b356a0b988bd26 motion_cols_sha=e4ca59fb8cf6b258 donor=None cover=exact:0,fallback:0,cycle:0,cross_seg:0 gate=none num_steps=10 act_sha=4cddf6a928aad48c infer_ms=69.3
INFO:mme_vla_suite.serving.websocket_policy_server:TIMING infer_ms=69.3
INFO:mme_vla_suite.serving.websocket_policy_server:TIMING add_buffer_ms=1466.1 frames=16 exec_start_idx=0
MV_INFER cond=normal split=test task=VideoUnmask ep=9 ep_seq=6 infer_seq=46 t=786 es=66 k=47 motion_frames=0,16,32,66,82,98,114,130,146,162,178,194,210,226,242,258,274,290,306,322,338,354,370,386,402,418,434,450,466,482,498,514,530,546,562,578,594,610,626,642,658,674,690,706,722,738,754 motion_emb_sha=f765a11d67d1a451 motion_pos_sha=6a9ee8166dc2e430 motion_mask=111111111111111111111111111111111111111111111110000000000000000000000000000000000000000000000000 mem_order_sha=56366bc252c0055a motion_cols_sha=6b2b7e9f2f7e8ece donor=None cover=exact:0,fallback:0,cycle:0,cross_seg:0 gate=none num_steps=10 act_sha=ea37a96cb7b475aa infer_ms=70.3
INFO:mme_vla_suite.serving.websocket_policy_server:TIMING infer_ms=70.3
INFO:mme_vla_suite.serving.websocket_policy_server:TIMING add_buffer_ms=1465.5 frames=16 exec_start_idx=0
MV_INFER cond=normal split=test task=VideoUnmask ep=9 ep_seq=6 infer_seq=47 t=802 es=66 k=48 motion_frames=0,16,32,66,82,98,114,130,146,162,178,194,210,226,242,258,274,290,306,322,338,354,370,386,402,418,434,450,466,482,498,514,530,546,562,578,594,610,626,642,658,674,690,706,722,738,754,770 motion_emb_sha=e01dcd36db2329b7 motion_pos_sha=8b207287f3bb2ce8 motion_mask=111111111111111111111111111111111111111111111111000000000000000000000000000000000000000000000000 mem_order_sha=41f68824fa24eca0 motion_cols_sha=b4369eb188fc7e5f donor=None cover=exact:0,fallback:0,cycle:0,cross_seg:0 gate=none num_steps=10 act_sha=54b0e8bc65a9de7e infer_ms=69.6
INFO:mme_vla_suite.serving.websocket_policy_server:TIMING infer_ms=69.6
INFO:mme_vla_suite.serving.websocket_policy_server:TIMING add_buffer_ms=1456.6 frames=16 exec_start_idx=0
MV_INFER cond=normal split=test task=VideoUnmask ep=9 ep_seq=6 infer_seq=48 t=818 es=66 k=49 motion_frames=0,16,32,66,82,98,114,130,146,162,178,194,210,226,242,258,274,290,306,322,338,354,370,386,402,418,434,450,466,482,498,514,530,546,562,578,594,610,626,642,658,674,690,706,722,738,754,770,786 motion_emb_sha=1d19c07ed4fabdf3 motion_pos_sha=ae2cf5887ec7ed11 motion_mask=111111111111111111111111111111111111111111111111100000000000000000000000000000000000000000000000 mem_order_sha=60c16c435f0ad8f0 motion_cols_sha=9daa2835b81b6f76 donor=None cover=exact:0,fallback:0,cycle:0,cross_seg:0 gate=none num_steps=10 act_sha=b5a9c99d89c46332 infer_ms=69.4
INFO:mme_vla_suite.serving.websocket_policy_server:TIMING infer_ms=69.4
INFO:mme_vla_suite.serving.websocket_policy_server:TIMING add_buffer_ms=1459.5 frames=16 exec_start_idx=0
MV_INFER cond=normal split=test task=VideoUnmask ep=9 ep_seq=6 infer_seq=49 t=834 es=66 k=50 motion_frames=0,16,32,66,82,98,114,130,146,162,178,194,210,226,242,258,274,290,306,322,338,354,370,386,402,418,434,450,466,482,498,514,530,546,562,578,594,610,626,642,658,674,690,706,722,738,754,770,786,802 motion_emb_sha=e7ef9c5a424a3421 motion_pos_sha=9c11a0b2d55fc505 motion_mask=111111111111111111111111111111111111111111111111110000000000000000000000000000000000000000000000 mem_order_sha=a88b75a1e693ecdd motion_cols_sha=7484410ffc741e26 donor=None cover=exact:0,fallback:0,cycle:0,cross_seg:0 gate=none num_steps=10 act_sha=9a45c98cfe125c6b infer_ms=69.3
INFO:mme_vla_suite.serving.websocket_policy_server:TIMING infer_ms=69.3
INFO:mme_vla_suite.serving.websocket_policy_server:TIMING add_buffer_ms=1455.7 frames=16 exec_start_idx=0
MV_INFER cond=normal split=test task=VideoUnmask ep=9 ep_seq=6 infer_seq=50 t=850 es=66 k=51 motion_frames=0,16,32,66,82,98,114,130,146,162,178,194,210,226,242,258,274,290,306,322,338,354,370,386,402,418,434,450,466,482,498,514,530,546,562,578,594,610,626,642,658,674,690,706,722,738,754,770,786,802,818 motion_emb_sha=1e4479426009b3fc motion_pos_sha=263dfd265e5e2d39 motion_mask=111111111111111111111111111111111111111111111111111000000000000000000000000000000000000000000000 mem_order_sha=c91702d0779b6d9a motion_cols_sha=3f670b6b83873138 donor=None cover=exact:0,fallback:0,cycle:0,cross_seg:0 gate=none num_steps=10 act_sha=6b502aeba39bfd67 infer_ms=69.7
INFO:mme_vla_suite.serving.websocket_policy_server:TIMING infer_ms=69.7
INFO:mme_vla_suite.serving.websocket_policy_server:TIMING add_buffer_ms=1460.3 frames=16 exec_start_idx=0
MV_INFER cond=normal split=test task=VideoUnmask ep=9 ep_seq=6 infer_seq=51 t=866 es=66 k=52 motion_frames=0,16,32,66,82,98,114,130,146,162,178,194,210,226,242,258,274,290,306,322,338,354,370,386,402,418,434,450,466,482,498,514,530,546,562,578,594,610,626,642,658,674,690,706,722,738,754,770,786,802,818,834 motion_emb_sha=464a19f52fd54a03 motion_pos_sha=b13198acaebe117b motion_mask=111111111111111111111111111111111111111111111111111100000000000000000000000000000000000000000000 mem_order_sha=98aad9918dbabe49 motion_cols_sha=8c111b464e2545b4 donor=None cover=exact:0,fallback:0,cycle:0,cross_seg:0 gate=none num_steps=10 act_sha=a2ca50057b5d5ba7 infer_ms=69.3
INFO:mme_vla_suite.serving.websocket_policy_server:TIMING infer_ms=69.3
INFO:mme_vla_suite.serving.websocket_policy_server:TIMING add_buffer_ms=1461.3 frames=16 exec_start_idx=0
MV_INFER cond=normal split=test task=VideoUnmask ep=9 ep_seq=6 infer_seq=52 t=882 es=66 k=53 motion_frames=0,16,32,66,82,98,114,130,146,162,178,194,210,226,242,258,274,290,306,322,338,354,370,386,402,418,434,450,466,482,498,514,530,546,562,578,594,610,626,642,658,674,690,706,722,738,754,770,786,802,818,834,850 motion_emb_sha=0b9244f012acaaef motion_pos_sha=2a093ef2193348f4 motion_mask=111111111111111111111111111111111111111111111111111110000000000000000000000000000000000000000000 mem_order_sha=e5a38de8aead414f motion_cols_sha=2ef65e70a4ed9492 donor=None cover=exact:0,fallback:0,cycle:0,cross_seg:0 gate=none num_steps=10 act_sha=b84708381f789f13 infer_ms=69.9
INFO:mme_vla_suite.serving.websocket_policy_server:TIMING infer_ms=69.9
INFO:mme_vla_suite.serving.websocket_policy_server:TIMING add_buffer_ms=1457.1 frames=16 exec_start_idx=0
MV_INFER cond=normal split=test task=VideoUnmask ep=9 ep_seq=6 infer_seq=53 t=898 es=66 k=54 motion_frames=0,16,32,66,82,98,114,130,146,162,178,194,210,226,242,258,274,290,306,322,338,354,370,386,402,418,434,450,466,482,498,514,530,546,562,578,594,610,626,642,658,674,690,706,722,738,754,770,786,802,818,834,850,866 motion_emb_sha=21049dfb5e00c90a motion_pos_sha=55de1f995c4ecf78 motion_mask=111111111111111111111111111111111111111111111111111111000000000000000000000000000000000000000000 mem_order_sha=f1b08357d67dad3a motion_cols_sha=2ee438815fa4742b donor=None cover=exact:0,fallback:0,cycle:0,cross_seg:0 gate=none num_steps=10 act_sha=95c39b3694fc0479 infer_ms=69.7
INFO:mme_vla_suite.serving.websocket_policy_server:TIMING infer_ms=69.7
INFO:mme_vla_suite.serving.websocket_policy_server:TIMING add_buffer_ms=1461.4 frames=16 exec_start_idx=0
MV_INFER cond=normal split=test task=VideoUnmask ep=9 ep_seq=6 infer_seq=54 t=914 es=66 k=55 motion_frames=0,16,32,66,82,98,114,130,146,162,178,194,210,226,242,258,274,290,306,322,338,354,370,386,402,418,434,450,466,482,498,514,530,546,562,578,594,610,626,642,658,674,690,706,722,738,754,770,786,802,818,834,850,866,882 motion_emb_sha=88c08fc074addb26 motion_pos_sha=b3139dd1f53b7b58 motion_mask=111111111111111111111111111111111111111111111111111111100000000000000000000000000000000000000000 mem_order_sha=8224669e500670e7 motion_cols_sha=718378567319b213 donor=None cover=exact:0,fallback:0,cycle:0,cross_seg:0 gate=none num_steps=10 act_sha=35370c4286d7b2fe infer_ms=69.8
INFO:mme_vla_suite.serving.websocket_policy_server:TIMING infer_ms=69.8
INFO:mme_vla_suite.serving.websocket_policy_server:TIMING add_buffer_ms=1459.3 frames=16 exec_start_idx=0
MV_INFER cond=normal split=test task=VideoUnmask ep=9 ep_seq=6 infer_seq=55 t=930 es=66 k=56 motion_frames=0,16,32,66,82,98,114,130,146,162,178,194,210,226,242,258,274,290,306,322,338,354,370,386,402,418,434,450,466,482,498,514,530,546,562,578,594,610,626,642,658,674,690,706,722,738,754,770,786,802,818,834,850,866,882,898 motion_emb_sha=1b5765c1539c6b00 motion_pos_sha=89906205e4aff050 motion_mask=111111111111111111111111111111111111111111111111111111110000000000000000000000000000000000000000 mem_order_sha=2b5aeeda86acbd4c motion_cols_sha=6b8d54a9b713b9bb donor=None cover=exact:0,fallback:0,cycle:0,cross_seg:0 gate=none num_steps=10 act_sha=94180d5f09f3a714 infer_ms=69.3
INFO:mme_vla_suite.serving.websocket_policy_server:TIMING infer_ms=69.3
INFO:mme_vla_suite.serving.websocket_policy_server:TIMING add_buffer_ms=1455.9 frames=16 exec_start_idx=0
MV_INFER cond=normal split=test task=VideoUnmask ep=9 ep_seq=6 infer_seq=56 t=946 es=66 k=57 motion_frames=0,16,32,66,82,98,114,130,146,162,178,194,210,226,242,258,274,290,306,322,338,354,370,386,402,418,434,450,466,482,498,514,530,546,562,578,594,610,626,642,658,674,690,706,722,738,754,770,786,802,818,834,850,866,882,898,914 motion_emb_sha=ff54a5fd283941ad motion_pos_sha=1a047899f2f73e77 motion_mask=111111111111111111111111111111111111111111111111111111111000000000000000000000000000000000000000 mem_order_sha=f518d61aaeb7b9a4 motion_cols_sha=7e7294586c095a3b donor=None cover=exact:0,fallback:0,cycle:0,cross_seg:0 gate=none num_steps=10 act_sha=70bf251cdf7c3c1b infer_ms=69.8
INFO:mme_vla_suite.serving.websocket_policy_server:TIMING infer_ms=69.8
INFO:mme_vla_suite.serving.websocket_policy_server:TIMING add_buffer_ms=1456.5 frames=16 exec_start_idx=0
MV_INFER cond=normal split=test task=VideoUnmask ep=9 ep_seq=6 infer_seq=57 t=962 es=66 k=58 motion_frames=0,16,32,66,82,98,114,130,146,162,178,194,210,226,242,258,274,290,306,322,338,354,370,386,402,418,434,450,466,482,498,514,530,546,562,578,594,610,626,642,658,674,690,706,722,738,754,770,786,802,818,834,850,866,882,898,914,930 motion_emb_sha=54879b24c7e93770 motion_pos_sha=ea2f391a4a415ca2 motion_mask=111111111111111111111111111111111111111111111111111111111100000000000000000000000000000000000000 mem_order_sha=7393759e909a4426 motion_cols_sha=390f291c89898410 donor=None cover=exact:0,fallback:0,cycle:0,cross_seg:0 gate=none num_steps=10 act_sha=6ba4a6110ab02de6 infer_ms=69.6
INFO:mme_vla_suite.serving.websocket_policy_server:TIMING infer_ms=69.6
INFO:mme_vla_suite.serving.websocket_policy_server:TIMING add_buffer_ms=1455.1 frames=16 exec_start_idx=0
MV_INFER cond=normal split=test task=VideoUnmask ep=9 ep_seq=6 infer_seq=58 t=978 es=66 k=59 motion_frames=0,16,32,66,82,98,114,130,146,162,178,194,210,226,242,258,274,290,306,322,338,354,370,386,402,418,434,450,466,482,498,514,530,546,562,578,594,610,626,642,658,674,690,706,722,738,754,770,786,802,818,834,850,866,882,898,914,930,946 motion_emb_sha=e8d73d5a1f7b208d motion_pos_sha=d0a97db97da9ff63 motion_mask=111111111111111111111111111111111111111111111111111111111110000000000000000000000000000000000000 mem_order_sha=a6d737f7e8bf2dbf motion_cols_sha=084cb2637a565d19 donor=None cover=exact:0,fallback:0,cycle:0,cross_seg:0 gate=none num_steps=10 act_sha=cdfb1f3995a24d90 infer_ms=69.7
INFO:mme_vla_suite.serving.websocket_policy_server:TIMING infer_ms=69.7
INFO:mme_vla_suite.serving.websocket_policy_server:TIMING add_buffer_ms=1456.9 frames=16 exec_start_idx=0
MV_INFER cond=normal split=test task=VideoUnmask ep=9 ep_seq=6 infer_seq=59 t=994 es=66 k=60 motion_frames=0,16,32,66,82,98,114,130,146,162,178,194,210,226,242,258,274,290,306,322,338,354,370,386,402,418,434,450,466,482,498,514,530,546,562,578,594,610,626,642,658,674,690,706,722,738,754,770,786,802,818,834,850,866,882,898,914,930,946,962 motion_emb_sha=78090db7c6cd6b84 motion_pos_sha=790d5be294652bd4 motion_mask=111111111111111111111111111111111111111111111111111111111111000000000000000000000000000000000000 mem_order_sha=c6351d37ee6f0a46 motion_cols_sha=c8e32b5c1df81659 donor=None cover=exact:0,fallback:0,cycle:0,cross_seg:0 gate=none num_steps=10 act_sha=0486930becfad7fe infer_ms=69.4
INFO:mme_vla_suite.serving.websocket_policy_server:TIMING infer_ms=69.4
INFO:mme_vla_suite.serving.websocket_policy_server:TIMING add_buffer_ms=1456.3 frames=16 exec_start_idx=0
MV_INFER cond=normal split=test task=VideoUnmask ep=9 ep_seq=6 infer_seq=60 t=1010 es=66 k=61 motion_frames=0,16,32,66,82,98,114,130,146,162,178,194,210,226,242,258,274,290,306,322,338,354,370,386,402,418,434,450,466,482,498,514,530,546,562,578,594,610,626,642,658,674,690,706,722,738,754,770,786,802,818,834,850,866,882,898,914,930,946,962,978 motion_emb_sha=eb4f2f0a46f368c3 motion_pos_sha=2e34907a852f78de motion_mask=111111111111111111111111111111111111111111111111111111111111100000000000000000000000000000000000 mem_order_sha=c470f0270fec02a5 motion_cols_sha=a6adf83306a269f4 donor=None cover=exact:0,fallback:0,cycle:0,cross_seg:0 gate=none num_steps=10 act_sha=b2d2208db859441b infer_ms=69.5
INFO:mme_vla_suite.serving.websocket_policy_server:TIMING infer_ms=69.5
INFO:mme_vla_suite.serving.websocket_policy_server:TIMING add_buffer_ms=1455.8 frames=16 exec_start_idx=0
MV_INFER cond=normal split=test task=VideoUnmask ep=9 ep_seq=6 infer_seq=61 t=1026 es=66 k=62 motion_frames=0,16,32,66,82,98,114,130,146,162,178,194,210,226,242,258,274,290,306,322,338,354,370,386,402,418,434,450,466,482,498,514,530,546,562,578,594,610,626,642,658,674,690,706,722,738,754,770,786,802,818,834,850,866,882,898,914,930,946,962,978,994 motion_emb_sha=2f43699b9576a0bf motion_pos_sha=109c4437d4230703 motion_mask=111111111111111111111111111111111111111111111111111111111111110000000000000000000000000000000000 mem_order_sha=5bb893874aabade9 motion_cols_sha=9e978042bcf2c4f2 donor=None cover=exact:0,fallback:0,cycle:0,cross_seg:0 gate=none num_steps=10 act_sha=964791b7b221ce51 infer_ms=69.4
INFO:mme_vla_suite.serving.websocket_policy_server:TIMING infer_ms=69.4
INFO:mme_vla_suite.serving.websocket_policy_server:TIMING add_buffer_ms=1456.4 frames=16 exec_start_idx=0
MV_INFER cond=normal split=test task=VideoUnmask ep=9 ep_seq=6 infer_seq=62 t=1042 es=66 k=63 motion_frames=0,16,32,66,82,98,114,130,146,162,178,194,210,226,242,258,274,290,306,322,338,354,370,386,402,418,434,450,466,482,498,514,530,546,562,578,594,610,626,642,658,674,690,706,722,738,754,770,786,802,818,834,850,866,882,898,914,930,946,962,978,994,1010 motion_emb_sha=b79a6db819591b92 motion_pos_sha=d8b557634b115ecf motion_mask=111111111111111111111111111111111111111111111111111111111111111000000000000000000000000000000000 mem_order_sha=0e81302bddf075e0 motion_cols_sha=5406ce1fc92c45d8 donor=None cover=exact:0,fallback:0,cycle:0,cross_seg:0 gate=none num_steps=10 act_sha=a5ddc406cd3825e7 infer_ms=69.6
INFO:mme_vla_suite.serving.websocket_policy_server:TIMING infer_ms=69.6
INFO:mme_vla_suite.serving.websocket_policy_server:TIMING add_buffer_ms=1455.2 frames=16 exec_start_idx=0
MV_INFER cond=normal split=test task=VideoUnmask ep=9 ep_seq=6 infer_seq=63 t=1058 es=66 k=64 motion_frames=0,16,32,66,82,98,114,130,146,162,178,194,210,226,242,258,274,290,306,322,338,354,370,386,402,418,434,450,466,482,498,514,530,546,562,578,594,610,626,642,658,674,690,706,722,738,754,770,786,802,818,834,850,866,882,898,914,930,946,962,978,994,1010,1026 motion_emb_sha=79206d9ac448f83a motion_pos_sha=271fda67f39530cb motion_mask=111111111111111111111111111111111111111111111111111111111111111100000000000000000000000000000000 mem_order_sha=7a19351f4376a305 motion_cols_sha=dc5bbe0df3d49ebb donor=None cover=exact:0,fallback:0,cycle:0,cross_seg:0 gate=none num_steps=10 act_sha=fd00b41f29b26527 infer_ms=70.1
INFO:mme_vla_suite.serving.websocket_policy_server:TIMING infer_ms=70.1
INFO:mme_vla_suite.serving.websocket_policy_server:TIMING add_buffer_ms=1454.6 frames=16 exec_start_idx=0
MV_INFER cond=normal split=test task=VideoUnmask ep=9 ep_seq=6 infer_seq=64 t=1074 es=66 k=65 motion_frames=0,16,32,66,82,98,114,130,146,162,178,194,210,226,242,258,274,290,306,322,338,354,370,386,402,418,434,450,466,482,498,514,530,546,562,578,594,610,626,642,658,674,690,706,722,738,754,770,786,802,818,834,850,866,882,898,914,930,946,962,978,994,1010,1026,1042 motion_emb_sha=b3d0addf35b07b4b motion_pos_sha=fa85e53a5775ecc0 motion_mask=111111111111111111111111111111111111111111111111111111111111111110000000000000000000000000000000 mem_order_sha=b601c04ef9e0dbc6 motion_cols_sha=890fca657d099dbf donor=None cover=exact:0,fallback:0,cycle:0,cross_seg:0 gate=none num_steps=10 act_sha=b289b1b6cb4aa419 infer_ms=69.6
INFO:mme_vla_suite.serving.websocket_policy_server:TIMING infer_ms=69.6
INFO:mme_vla_suite.serving.websocket_policy_server:TIMING add_buffer_ms=1453.1 frames=16 exec_start_idx=0
MV_INFER cond=normal split=test task=VideoUnmask ep=9 ep_seq=6 infer_seq=65 t=1090 es=66 k=66 motion_frames=0,16,32,66,82,98,114,130,146,162,178,194,210,226,242,258,274,290,306,322,338,354,370,386,402,418,434,450,466,482,498,514,530,546,562,578,594,610,626,642,658,674,690,706,722,738,754,770,786,802,818,834,850,866,882,898,914,930,946,962,978,994,1010,1026,1042,1058 motion_emb_sha=aa8920105b57bd7d motion_pos_sha=00b7f7a8c4373e0e motion_mask=111111111111111111111111111111111111111111111111111111111111111111000000000000000000000000000000 mem_order_sha=09d3f5b5dd76b6e9 motion_cols_sha=25c9a528ac0a9932 donor=None cover=exact:0,fallback:0,cycle:0,cross_seg:0 gate=none num_steps=10 act_sha=4100f51f88d2bf7b infer_ms=70.1
INFO:mme_vla_suite.serving.websocket_policy_server:TIMING infer_ms=70.1
INFO:mme_vla_suite.serving.websocket_policy_server:TIMING add_buffer_ms=1456.2 frames=16 exec_start_idx=0
MV_INFER cond=normal split=test task=VideoUnmask ep=9 ep_seq=6 infer_seq=66 t=1106 es=66 k=67 motion_frames=0,16,32,66,82,98,114,130,146,162,178,194,210,226,242,258,274,290,306,322,338,354,370,386,402,418,434,450,466,482,498,514,530,546,562,578,594,610,626,642,658,674,690,706,722,738,754,770,786,802,818,834,850,866,882,898,914,930,946,962,978,994,1010,1026,1042,1058,1074 motion_emb_sha=41d44cff5a66179e motion_pos_sha=20f512f1811b25ab motion_mask=111111111111111111111111111111111111111111111111111111111111111111100000000000000000000000000000 mem_order_sha=d286e2d851463be3 motion_cols_sha=c30c2969e0b64272 donor=None cover=exact:0,fallback:0,cycle:0,cross_seg:0 gate=none num_steps=10 act_sha=931d5417633085e5 infer_ms=69.8
INFO:mme_vla_suite.serving.websocket_policy_server:TIMING infer_ms=69.8
INFO:mme_vla_suite.serving.websocket_policy_server:TIMING add_buffer_ms=1460.6 frames=16 exec_start_idx=0
MV_INFER cond=normal split=test task=VideoUnmask ep=9 ep_seq=6 infer_seq=67 t=1122 es=66 k=68 motion_frames=0,16,32,66,82,98,114,130,146,162,178,194,210,226,242,258,274,290,306,322,338,354,370,386,402,418,434,450,466,482,498,514,530,546,562,578,594,610,626,642,658,674,690,706,722,738,754,770,786,802,818,834,850,866,882,898,914,930,946,962,978,994,1010,1026,1042,1058,1074,1090 motion_emb_sha=60b3f5688bd18fac motion_pos_sha=3aac68b3e79c33d3 motion_mask=111111111111111111111111111111111111111111111111111111111111111111110000000000000000000000000000 mem_order_sha=fcc8990fd6205a78 motion_cols_sha=bc81ec06115cc100 donor=None cover=exact:0,fallback:0,cycle:0,cross_seg:0 gate=none num_steps=10 act_sha=be5f391e65b82fa1 infer_ms=69.6
INFO:mme_vla_suite.serving.websocket_policy_server:TIMING infer_ms=69.6
INFO:mme_vla_suite.serving.websocket_policy_server:TIMING add_buffer_ms=1456.6 frames=16 exec_start_idx=0
MV_INFER cond=normal split=test task=VideoUnmask ep=9 ep_seq=6 infer_seq=68 t=1138 es=66 k=69 motion_frames=0,16,32,66,82,98,114,130,146,162,178,194,210,226,242,258,274,290,306,322,338,354,370,386,402,418,434,450,466,482,498,514,530,546,562,578,594,610,626,642,658,674,690,706,722,738,754,770,786,802,818,834,850,866,882,898,914,930,946,962,978,994,1010,1026,1042,1058,1074,1090,1106 motion_emb_sha=a0ec4f235da07d7a motion_pos_sha=ba7593f8721dd2c1 motion_mask=111111111111111111111111111111111111111111111111111111111111111111111000000000000000000000000000 mem_order_sha=b78b9750c97933d5 motion_cols_sha=5410c8f3de54e7b5 donor=None cover=exact:0,fallback:0,cycle:0,cross_seg:0 gate=none num_steps=10 act_sha=721ee133c59c43bf infer_ms=69.9
INFO:mme_vla_suite.serving.websocket_policy_server:TIMING infer_ms=69.9
INFO:mme_vla_suite.serving.websocket_policy_server:TIMING add_buffer_ms=1454.6 frames=16 exec_start_idx=0
MV_INFER cond=normal split=test task=VideoUnmask ep=9 ep_seq=6 infer_seq=69 t=1154 es=66 k=70 motion_frames=0,16,32,66,82,98,114,130,146,162,178,194,210,226,242,258,274,290,306,322,338,354,370,386,402,418,434,450,466,482,498,514,530,546,562,578,594,610,626,642,658,674,690,706,722,738,754,770,786,802,818,834,850,866,882,898,914,930,946,962,978,994,1010,1026,1042,1058,1074,1090,1106,1122 motion_emb_sha=d62bd50ff4c0d589 motion_pos_sha=ae686e53aa95af62 motion_mask=111111111111111111111111111111111111111111111111111111111111111111111100000000000000000000000000 mem_order_sha=3d108d5ca0c70839 motion_cols_sha=5c32357c7498011b donor=None cover=exact:0,fallback:0,cycle:0,cross_seg:0 gate=none num_steps=10 act_sha=2eb2582e662737fa infer_ms=69.3
INFO:mme_vla_suite.serving.websocket_policy_server:TIMING infer_ms=69.3
INFO:mme_vla_suite.serving.websocket_policy_server:TIMING add_buffer_ms=1457.0 frames=16 exec_start_idx=0
MV_INFER cond=normal split=test task=VideoUnmask ep=9 ep_seq=6 infer_seq=70 t=1170 es=66 k=71 motion_frames=0,16,32,66,82,98,114,130,146,162,178,194,210,226,242,258,274,290,306,322,338,354,370,386,402,418,434,450,466,482,498,514,530,546,562,578,594,610,626,642,658,674,690,706,722,738,754,770,786,802,818,834,850,866,882,898,914,930,946,962,978,994,1010,1026,1042,1058,1074,1090,1106,1122,1138 motion_emb_sha=04774769a6729409 motion_pos_sha=062968b206722b55 motion_mask=111111111111111111111111111111111111111111111111111111111111111111111110000000000000000000000000 mem_order_sha=d8911d4dcb9816ff motion_cols_sha=63019f0fb3a31085 donor=None cover=exact:0,fallback:0,cycle:0,cross_seg:0 gate=none num_steps=10 act_sha=c495d23d245ffd47 infer_ms=69.8
INFO:mme_vla_suite.serving.websocket_policy_server:TIMING infer_ms=69.8
INFO:mme_vla_suite.serving.websocket_policy_server:TIMING add_buffer_ms=1459.2 frames=16 exec_start_idx=0
MV_INFER cond=normal split=test task=VideoUnmask ep=9 ep_seq=6 infer_seq=71 t=1186 es=66 k=72 motion_frames=0,16,32,66,82,98,114,130,146,162,178,194,210,226,242,258,274,290,306,322,338,354,370,386,402,418,434,450,466,482,498,514,530,546,562,578,594,610,626,642,658,674,690,706,722,738,754,770,786,802,818,834,850,866,882,898,914,930,946,962,978,994,1010,1026,1042,1058,1074,1090,1106,1122,1138,1154 motion_emb_sha=677c2c85165271ac motion_pos_sha=87c2fee6322a2258 motion_mask=111111111111111111111111111111111111111111111111111111111111111111111111000000000000000000000000 mem_order_sha=5516fb617e9675da motion_cols_sha=e3ddf056c77d54cf donor=None cover=exact:0,fallback:0,cycle:0,cross_seg:0 gate=none num_steps=10 act_sha=428e0c440a3b9de7 infer_ms=69.3
INFO:mme_vla_suite.serving.websocket_policy_server:TIMING infer_ms=69.3
INFO:mme_vla_suite.serving.websocket_policy_server:TIMING add_buffer_ms=1454.9 frames=16 exec_start_idx=0
MV_INFER cond=normal split=test task=VideoUnmask ep=9 ep_seq=6 infer_seq=72 t=1202 es=66 k=73 motion_frames=0,16,32,66,82,98,114,130,146,162,178,194,210,226,242,258,274,290,306,322,338,354,370,386,402,418,434,450,466,482,498,514,530,546,562,578,594,610,626,642,658,674,690,706,722,738,754,770,786,802,818,834,850,866,882,898,914,930,946,962,978,994,1010,1026,1042,1058,1074,1090,1106,1122,1138,1154,1170 motion_emb_sha=8303d6ff5a335159 motion_pos_sha=44bd19a2e07844b0 motion_mask=111111111111111111111111111111111111111111111111111111111111111111111111100000000000000000000000 mem_order_sha=dd4fd2ca0f1412be motion_cols_sha=cb8841baebe24b96 donor=None cover=exact:0,fallback:0,cycle:0,cross_seg:0 gate=none num_steps=10 act_sha=a0c0a86867c9e5d5 infer_ms=69.9
INFO:mme_vla_suite.serving.websocket_policy_server:TIMING infer_ms=69.9
INFO:mme_vla_suite.serving.websocket_policy_server:TIMING add_buffer_ms=1457.9 frames=16 exec_start_idx=0
MV_INFER cond=normal split=test task=VideoUnmask ep=9 ep_seq=6 infer_seq=73 t=1218 es=66 k=74 motion_frames=0,16,32,66,82,98,114,130,146,162,178,194,210,226,242,258,274,290,306,322,338,354,370,386,402,418,434,450,466,482,498,514,530,546,562,578,594,610,626,642,658,674,690,706,722,738,754,770,786,802,818,834,850,866,882,898,914,930,946,962,978,994,1010,1026,1042,1058,1074,1090,1106,1122,1138,1154,1170,1186 motion_emb_sha=a20d0949cf729bde motion_pos_sha=98fddbe436ef58c7 motion_mask=111111111111111111111111111111111111111111111111111111111111111111111111110000000000000000000000 mem_order_sha=85778cc66634e0bb motion_cols_sha=7119c3770b6a85f1 donor=None cover=exact:0,fallback:0,cycle:0,cross_seg:0 gate=none num_steps=10 act_sha=80c410968dcdcfce infer_ms=69.4
INFO:mme_vla_suite.serving.websocket_policy_server:TIMING infer_ms=69.4
INFO:mme_vla_suite.serving.websocket_policy_server:TIMING add_buffer_ms=1457.3 frames=16 exec_start_idx=0
MV_INFER cond=normal split=test task=VideoUnmask ep=9 ep_seq=6 infer_seq=74 t=1234 es=66 k=75 motion_frames=0,16,32,66,82,98,114,130,146,162,178,194,210,226,242,258,274,290,306,322,338,354,370,386,402,418,434,450,466,482,498,514,530,546,562,578,594,610,626,642,658,674,690,706,722,738,754,770,786,802,818,834,850,866,882,898,914,930,946,962,978,994,1010,1026,1042,1058,1074,1090,1106,1122,1138,1154,1170,1186,1202 motion_emb_sha=d7981cd4784b6303 motion_pos_sha=6d2c13cbe0fc7b5e motion_mask=111111111111111111111111111111111111111111111111111111111111111111111111111000000000000000000000 mem_order_sha=074c503607dc30bc motion_cols_sha=09951f3ca1b1da54 donor=None cover=exact:0,fallback:0,cycle:0,cross_seg:0 gate=none num_steps=10 act_sha=57ba7ae2964452c8 infer_ms=69.7
INFO:mme_vla_suite.serving.websocket_policy_server:TIMING infer_ms=69.7
INFO:mme_vla_suite.serving.websocket_policy_server:TIMING add_buffer_ms=1456.5 frames=16 exec_start_idx=0
MV_INFER cond=normal split=test task=VideoUnmask ep=9 ep_seq=6 infer_seq=75 t=1250 es=66 k=76 motion_frames=0,16,32,66,82,98,114,130,146,162,178,194,210,226,242,258,274,290,306,322,338,354,370,386,402,418,434,450,466,482,498,514,530,546,562,578,594,610,626,642,658,674,690,706,722,738,754,770,786,802,818,834,850,866,882,898,914,930,946,962,978,994,1010,1026,1042,1058,1074,1090,1106,1122,1138,1154,1170,1186,1202,1218 motion_emb_sha=934372d85e335728 motion_pos_sha=1bf124b22ee6e2bc motion_mask=111111111111111111111111111111111111111111111111111111111111111111111111111100000000000000000000 mem_order_sha=8cd7aba439834e45 motion_cols_sha=a73d0a5557f7a72b donor=None cover=exact:0,fallback:0,cycle:0,cross_seg:0 gate=none num_steps=10 act_sha=6cc5c0bb466fa37d infer_ms=69.8
INFO:mme_vla_suite.serving.websocket_policy_server:TIMING infer_ms=69.8
INFO:mme_vla_suite.serving.websocket_policy_server:TIMING add_buffer_ms=1454.7 frames=16 exec_start_idx=0
MV_INFER cond=normal split=test task=VideoUnmask ep=9 ep_seq=6 infer_seq=76 t=1266 es=66 k=77 motion_frames=0,16,32,66,82,98,114,130,146,162,178,194,210,226,242,258,274,290,306,322,338,354,370,386,402,418,434,450,466,482,498,514,530,546,562,578,594,610,626,642,658,674,690,706,722,738,754,770,786,802,818,834,850,866,882,898,914,930,946,962,978,994,1010,1026,1042,1058,1074,1090,1106,1122,1138,1154,1170,1186,1202,1218,1234 motion_emb_sha=b5d676a24042090c motion_pos_sha=cd72716fad16ceb4 motion_mask=111111111111111111111111111111111111111111111111111111111111111111111111111110000000000000000000 mem_order_sha=6e0418ca080114fb motion_cols_sha=349f431b2ac05d1c donor=None cover=exact:0,fallback:0,cycle:0,cross_seg:0 gate=none num_steps=10 act_sha=3161564e72165ec0 infer_ms=69.8
INFO:mme_vla_suite.serving.websocket_policy_server:TIMING infer_ms=69.8
INFO:mme_vla_suite.serving.websocket_policy_server:TIMING add_buffer_ms=1453.8 frames=16 exec_start_idx=0
MV_INFER cond=normal split=test task=VideoUnmask ep=9 ep_seq=6 infer_seq=77 t=1282 es=66 k=78 motion_frames=0,16,32,66,82,98,114,130,146,162,178,194,210,226,242,258,274,290,306,322,338,354,370,386,402,418,434,450,466,482,498,514,530,546,562,578,594,610,626,642,658,674,690,706,722,738,754,770,786,802,818,834,850,866,882,898,914,930,946,962,978,994,1010,1026,1042,1058,1074,1090,1106,1122,1138,1154,1170,1186,1202,1218,1234,1250 motion_emb_sha=e0d7f323ff83eb37 motion_pos_sha=7dc0e880fdfb0754 motion_mask=111111111111111111111111111111111111111111111111111111111111111111111111111111000000000000000000 mem_order_sha=b0143d1b23e234a9 motion_cols_sha=558cbd0ddb85b838 donor=None cover=exact:0,fallback:0,cycle:0,cross_seg:0 gate=none num_steps=10 act_sha=beb16c751f219fd1 infer_ms=69.7
INFO:mme_vla_suite.serving.websocket_policy_server:TIMING infer_ms=69.7
INFO:mme_vla_suite.serving.websocket_policy_server:TIMING add_buffer_ms=1457.1 frames=16 exec_start_idx=0
MV_INFER cond=normal split=test task=VideoUnmask ep=9 ep_seq=6 infer_seq=78 t=1298 es=66 k=79 motion_frames=0,16,32,66,82,98,114,130,146,162,178,194,210,226,242,258,274,290,306,322,338,354,370,386,402,418,434,450,466,482,498,514,530,546,562,578,594,610,626,642,658,674,690,706,722,738,754,770,786,802,818,834,850,866,882,898,914,930,946,962,978,994,1010,1026,1042,1058,1074,1090,1106,1122,1138,1154,1170,1186,1202,1218,1234,1250,1266 motion_emb_sha=65b784826b4c50c5 motion_pos_sha=cb6937d39e499a7d motion_mask=111111111111111111111111111111111111111111111111111111111111111111111111111111100000000000000000 mem_order_sha=a013b0d82bc0d97a motion_cols_sha=547a1ac4654c286c donor=None cover=exact:0,fallback:0,cycle:0,cross_seg:0 gate=none num_steps=10 act_sha=82b247b4aa4a1711 infer_ms=69.3
INFO:mme_vla_suite.serving.websocket_policy_server:TIMING infer_ms=69.3
INFO:mme_vla_suite.serving.websocket_policy_server:TIMING add_buffer_ms=1462.5 frames=16 exec_start_idx=0
MV_INFER cond=normal split=test task=VideoUnmask ep=9 ep_seq=6 infer_seq=79 t=1314 es=66 k=80 motion_frames=0,16,32,66,82,98,114,130,146,162,178,194,210,226,242,258,274,290,306,322,338,354,370,386,402,418,434,450,466,482,498,514,530,546,562,578,594,610,626,642,658,674,690,706,722,738,754,770,786,802,818,834,850,866,882,898,914,930,946,962,978,994,1010,1026,1042,1058,1074,1090,1106,1122,1138,1154,1170,1186,1202,1218,1234,1250,1266,1282 motion_emb_sha=a97f074b281ff6cc motion_pos_sha=a94dd9065918a4a1 motion_mask=111111111111111111111111111111111111111111111111111111111111111111111111111111110000000000000000 mem_order_sha=18eb7627810dd2df motion_cols_sha=04567d6627fae1ff donor=None cover=exact:0,fallback:0,cycle:0,cross_seg:0 gate=none num_steps=10 act_sha=7adb7a859ee5c9c5 infer_ms=69.9
INFO:mme_vla_suite.serving.websocket_policy_server:TIMING infer_ms=69.9
INFO:mme_vla_suite.serving.websocket_policy_server:TIMING add_buffer_ms=1455.1 frames=16 exec_start_idx=0
MV_INFER cond=normal split=test task=VideoUnmask ep=9 ep_seq=6 infer_seq=80 t=1330 es=66 k=81 motion_frames=0,16,32,66,82,98,114,130,146,162,178,194,210,226,242,258,274,290,306,322,338,354,370,386,402,418,434,450,466,482,498,514,530,546,562,578,594,610,626,642,658,674,690,706,722,738,754,770,786,802,818,834,850,866,882,898,914,930,946,962,978,994,1010,1026,1042,1058,1074,1090,1106,1122,1138,1154,1170,1186,1202,1218,1234,1250,1266,1282,1298 motion_emb_sha=b579244bcbd2edf6 motion_pos_sha=e503685848819587 motion_mask=111111111111111111111111111111111111111111111111111111111111111111111111111111111000000000000000 mem_order_sha=f0a301b992be137a motion_cols_sha=eea74de565fbc1e4 donor=None cover=exact:0,fallback:0,cycle:0,cross_seg:0 gate=none num_steps=10 act_sha=544c001a617cec42 infer_ms=69.5
INFO:mme_vla_suite.serving.websocket_policy_server:TIMING infer_ms=69.5
INFO:mme_vla_suite.serving.websocket_policy_server:TIMING add_buffer_ms=1454.2 frames=16 exec_start_idx=0
MV_INFER cond=normal split=test task=VideoUnmask ep=9 ep_seq=6 infer_seq=81 t=1346 es=66 k=82 motion_frames=0,16,32,66,82,98,114,130,146,162,178,194,210,226,242,258,274,290,306,322,338,354,370,386,402,418,434,450,466,482,498,514,530,546,562,578,594,610,626,642,658,674,690,706,722,738,754,770,786,802,818,834,850,866,882,898,914,930,946,962,978,994,1010,1026,1042,1058,1074,1090,1106,1122,1138,1154,1170,1186,1202,1218,1234,1250,1266,1282,1298,1314 motion_emb_sha=40c3ed5a1c682981 motion_pos_sha=f0c7b492d7bca486 motion_mask=111111111111111111111111111111111111111111111111111111111111111111111111111111111100000000000000 mem_order_sha=c75f757d03a3b100 motion_cols_sha=1058626bcd238dcb donor=None cover=exact:0,fallback:0,cycle:0,cross_seg:0 gate=none num_steps=10 act_sha=e4e6c5e030a149b8 infer_ms=69.3
INFO:mme_vla_suite.serving.websocket_policy_server:TIMING infer_ms=69.3
INFO:mme_vla_suite.serving.websocket_policy_server:TIMING add_buffer_ms=1458.1 frames=16 exec_start_idx=0
MV_INFER cond=normal split=test task=VideoUnmask ep=9 ep_seq=6 infer_seq=82 t=1362 es=66 k=83 motion_frames=0,16,32,66,82,98,114,130,146,162,178,194,210,226,242,258,274,290,306,322,338,354,370,386,402,418,434,450,466,482,498,514,530,546,562,578,594,610,626,642,658,674,690,706,722,738,754,770,786,802,818,834,850,866,882,898,914,930,946,962,978,994,1010,1026,1042,1058,1074,1090,1106,1122,1138,1154,1170,1186,1202,1218,1234,1250,1266,1282,1298,1314,1330 motion_emb_sha=e2069c73f9e84265 motion_pos_sha=4aa9c8102c676587 motion_mask=111111111111111111111111111111111111111111111111111111111111111111111111111111111110000000000000 mem_order_sha=a253d88d1c76f054 motion_cols_sha=6186e96835cf6af8 donor=None cover=exact:0,fallback:0,cycle:0,cross_seg:0 gate=none num_steps=10 act_sha=49b427ef5bd4fed6 infer_ms=69.5
INFO:mme_vla_suite.serving.websocket_policy_server:TIMING infer_ms=69.5
INFO:websockets.server:connection open
INFO:mme_vla_suite.serving.websocket_policy_server:Connection from ('127.0.0.1', 40868) opened
MV_EPISODE_END ep_seq=6 infers=82 windows=83 wall_s=153.0
MV_EPISODE_BEGIN cond=normal split=test seed=42 ep_seq=7 expect=ButtonUnmaskSwap:1
INFO:mme_vla_suite.serving.websocket_policy_server:TIMING add_buffer_ms=7.2 frames=1 exec_start_idx=0
MV_INFER cond=normal split=test task=ButtonUnmaskSwap ep=1 ep_seq=7 infer_seq=1 t=0 es=0 k=0 motion_frames=- motion_emb_sha=a3e8328721cbb943 motion_pos_sha=f5952cfc3406b7e9 motion_mask=000000000000000000000000000000000000000000000000000000000000000000000000000000000000000000000000 mem_order_sha=e3d555e881e5b964 motion_cols_sha=05f65c2b46f544eb donor=None cover=exact:0,fallback:0,cycle:0,cross_seg:0 gate=none num_steps=10 act_sha=f8ab2b97d77e3cfa infer_ms=68.7
INFO:mme_vla_suite.serving.websocket_policy_server:TIMING infer_ms=68.7
INFO:mme_vla_suite.serving.websocket_policy_server:TIMING add_buffer_ms=39.1 frames=16 exec_start_idx=0
MV_INFER cond=normal split=test task=ButtonUnmaskSwap ep=1 ep_seq=7 infer_seq=2 t=16 es=0 k=0 motion_frames=- motion_emb_sha=a3e8328721cbb943 motion_pos_sha=f5952cfc3406b7e9 motion_mask=000000000000000000000000000000000000000000000000000000000000000000000000000000000000000000000000 mem_order_sha=e3d555e881e5b964 motion_cols_sha=05f65c2b46f544eb donor=None cover=exact:0,fallback:0,cycle:0,cross_seg:0 gate=none num_steps=10 act_sha=90dbbb4257237741 infer_ms=69.2
INFO:mme_vla_suite.serving.websocket_policy_server:TIMING infer_ms=69.2
INFO:mme_vla_suite.serving.websocket_policy_server:TIMING add_buffer_ms=1460.9 frames=16 exec_start_idx=0
MV_INFER cond=normal split=test task=ButtonUnmaskSwap ep=1 ep_seq=7 infer_seq=3 t=32 es=0 k=1 motion_frames=0 motion_emb_sha=f5717eb2b056789f motion_pos_sha=5a53d7fa887419cf motion_mask=100000000000000000000000000000000000000000000000000000000000000000000000000000000000000000000000 mem_order_sha=1c4ecd136e06d2ca motion_cols_sha=34669806f215f6a3 donor=None cover=exact:0,fallback:0,cycle:0,cross_seg:0 gate=none num_steps=10 act_sha=2c52185841221757 infer_ms=69.7
INFO:mme_vla_suite.serving.websocket_policy_server:TIMING infer_ms=69.7
INFO:mme_vla_suite.serving.websocket_policy_server:TIMING add_buffer_ms=1462.6 frames=16 exec_start_idx=0
MV_INFER cond=normal split=test task=ButtonUnmaskSwap ep=1 ep_seq=7 infer_seq=4 t=48 es=0 k=2 motion_frames=0,16 motion_emb_sha=3ef5f4134c2ed0e0 motion_pos_sha=e97dc0e05f375cbe motion_mask=110000000000000000000000000000000000000000000000000000000000000000000000000000000000000000000000 mem_order_sha=74ca653da96ef384 motion_cols_sha=fba18d536d075a6e donor=None cover=exact:0,fallback:0,cycle:0,cross_seg:0 gate=none num_steps=10 act_sha=59b61cb82cf50503 infer_ms=69.4
INFO:mme_vla_suite.serving.websocket_policy_server:TIMING infer_ms=69.4
INFO:mme_vla_suite.serving.websocket_policy_server:TIMING add_buffer_ms=1459.0 frames=16 exec_start_idx=0
MV_INFER cond=normal split=test task=ButtonUnmaskSwap ep=1 ep_seq=7 infer_seq=5 t=64 es=0 k=3 motion_frames=0,16,32 motion_emb_sha=962bc27532fa8ca8 motion_pos_sha=358a8247438e4586 motion_mask=111000000000000000000000000000000000000000000000000000000000000000000000000000000000000000000000 mem_order_sha=4bdcb6154ce3db09 motion_cols_sha=ec75f2710ccf7d3e donor=None cover=exact:0,fallback:0,cycle:0,cross_seg:0 gate=none num_steps=10 act_sha=d9c1e59066a2c3ab infer_ms=69.2
INFO:mme_vla_suite.serving.websocket_policy_server:TIMING infer_ms=69.2
INFO:mme_vla_suite.serving.websocket_policy_server:TIMING add_buffer_ms=1467.7 frames=16 exec_start_idx=0
MV_INFER cond=normal split=test task=ButtonUnmaskSwap ep=1 ep_seq=7 infer_seq=6 t=80 es=0 k=4 motion_frames=0,16,32,48 motion_emb_sha=6307250079470a2d motion_pos_sha=88620c635e0b1611 motion_mask=111100000000000000000000000000000000000000000000000000000000000000000000000000000000000000000000 mem_order_sha=3f30de4433e4d89f motion_cols_sha=d94e9739c8cfc07e donor=None cover=exact:0,fallback:0,cycle:0,cross_seg:0 gate=none num_steps=10 act_sha=6a7d20b522fe3436 infer_ms=69.5
INFO:mme_vla_suite.serving.websocket_policy_server:TIMING infer_ms=69.5
INFO:mme_vla_suite.serving.websocket_policy_server:TIMING add_buffer_ms=1461.7 frames=16 exec_start_idx=0
MV_INFER cond=normal split=test task=ButtonUnmaskSwap ep=1 ep_seq=7 infer_seq=7 t=96 es=0 k=5 motion_frames=0,16,32,48,64 motion_emb_sha=386e2c6b2ec18f3c motion_pos_sha=4d979259a4c37547 motion_mask=111110000000000000000000000000000000000000000000000000000000000000000000000000000000000000000000 mem_order_sha=1525b7045b2c259a motion_cols_sha=07c8247e6ab1f89c donor=None cover=exact:0,fallback:0,cycle:0,cross_seg:0 gate=none num_steps=10 act_sha=077be481b766883f infer_ms=69.2
INFO:mme_vla_suite.serving.websocket_policy_server:TIMING infer_ms=69.2
INFO:mme_vla_suite.serving.websocket_policy_server:TIMING add_buffer_ms=1460.7 frames=16 exec_start_idx=0
MV_INFER cond=normal split=test task=ButtonUnmaskSwap ep=1 ep_seq=7 infer_seq=8 t=112 es=0 k=6 motion_frames=0,16,32,48,64,80 motion_emb_sha=18cc06529da9fafc motion_pos_sha=9c9d9e6cd7cfd81a motion_mask=111111000000000000000000000000000000000000000000000000000000000000000000000000000000000000000000 mem_order_sha=afd67825f39380f3 motion_cols_sha=5c7781d2e1462709 donor=None cover=exact:0,fallback:0,cycle:0,cross_seg:0 gate=none num_steps=10 act_sha=ad6e2642856244ac infer_ms=69.6
INFO:mme_vla_suite.serving.websocket_policy_server:TIMING infer_ms=69.6
INFO:mme_vla_suite.serving.websocket_policy_server:TIMING add_buffer_ms=1454.9 frames=16 exec_start_idx=0
MV_INFER cond=normal split=test task=ButtonUnmaskSwap ep=1 ep_seq=7 infer_seq=9 t=128 es=0 k=7 motion_frames=0,16,32,48,64,80,96 motion_emb_sha=5138829611c5ad65 motion_pos_sha=eaa30818e1807d0a motion_mask=111111100000000000000000000000000000000000000000000000000000000000000000000000000000000000000000 mem_order_sha=53c51af96e80b36b motion_cols_sha=37fb24d50661d1a4 donor=None cover=exact:0,fallback:0,cycle:0,cross_seg:0 gate=none num_steps=10 act_sha=bd08cae339601966 infer_ms=69.5
INFO:mme_vla_suite.serving.websocket_policy_server:TIMING infer_ms=69.5
INFO:mme_vla_suite.serving.websocket_policy_server:TIMING add_buffer_ms=1461.8 frames=16 exec_start_idx=0
MV_INFER cond=normal split=test task=ButtonUnmaskSwap ep=1 ep_seq=7 infer_seq=10 t=144 es=0 k=8 motion_frames=0,16,32,48,64,80,96,112 motion_emb_sha=1e570d34d4e74518 motion_pos_sha=19cfd5aa81fbc280 motion_mask=111111110000000000000000000000000000000000000000000000000000000000000000000000000000000000000000 mem_order_sha=8f7b8d26bf2ab128 motion_cols_sha=887c1c00aa54ee17 donor=None cover=exact:0,fallback:0,cycle:0,cross_seg:0 gate=none num_steps=10 act_sha=7e8f55cffa6177a0 infer_ms=69.8
INFO:mme_vla_suite.serving.websocket_policy_server:TIMING infer_ms=69.8
INFO:mme_vla_suite.serving.websocket_policy_server:TIMING add_buffer_ms=1463.5 frames=16 exec_start_idx=0
MV_INFER cond=normal split=test task=ButtonUnmaskSwap ep=1 ep_seq=7 infer_seq=11 t=160 es=0 k=9 motion_frames=0,16,32,48,64,80,96,112,128 motion_emb_sha=78902e24f4969424 motion_pos_sha=36755060bcdb5f34 motion_mask=111111111000000000000000000000000000000000000000000000000000000000000000000000000000000000000000 mem_order_sha=b08d4d55ab2fad2d motion_cols_sha=104972a6841c0e38 donor=None cover=exact:0,fallback:0,cycle:0,cross_seg:0 gate=none num_steps=10 act_sha=a8fe952864459790 infer_ms=69.2
INFO:mme_vla_suite.serving.websocket_policy_server:TIMING infer_ms=69.2
INFO:mme_vla_suite.serving.websocket_policy_server:TIMING add_buffer_ms=1457.2 frames=16 exec_start_idx=0
MV_INFER cond=normal split=test task=ButtonUnmaskSwap ep=1 ep_seq=7 infer_seq=12 t=176 es=0 k=10 motion_frames=0,16,32,48,64,80,96,112,128,144 motion_emb_sha=c7d153a540a56e9b motion_pos_sha=386aa1c736701f60 motion_mask=111111111100000000000000000000000000000000000000000000000000000000000000000000000000000000000000 mem_order_sha=4ddf162636dd4c53 motion_cols_sha=fe64c98459b2eb86 donor=None cover=exact:0,fallback:0,cycle:0,cross_seg:0 gate=none num_steps=10 act_sha=a1e86b914301ecd2 infer_ms=69.3
INFO:mme_vla_suite.serving.websocket_policy_server:TIMING infer_ms=69.3
INFO:mme_vla_suite.serving.websocket_policy_server:TIMING add_buffer_ms=1453.6 frames=16 exec_start_idx=0
MV_INFER cond=normal split=test task=ButtonUnmaskSwap ep=1 ep_seq=7 infer_seq=13 t=192 es=0 k=11 motion_frames=0,16,32,48,64,80,96,112,128,144,160 motion_emb_sha=0606cb77e2dbce24 motion_pos_sha=097ffa0dc4e98049 motion_mask=111111111110000000000000000000000000000000000000000000000000000000000000000000000000000000000000 mem_order_sha=2fdbc05fbe4c5192 motion_cols_sha=ca0a097bc6347240 donor=None cover=exact:0,fallback:0,cycle:0,cross_seg:0 gate=none num_steps=10 act_sha=f1c91d8e443a6aa8 infer_ms=69.2
INFO:mme_vla_suite.serving.websocket_policy_server:TIMING infer_ms=69.2
[sidecar pid=832983] 窗 #501 起点 176 耗时 1412 ms（累计 947s）
INFO:mme_vla_suite.serving.websocket_policy_server:TIMING add_buffer_ms=1455.5 frames=16 exec_start_idx=0
MV_INFER cond=normal split=test task=ButtonUnmaskSwap ep=1 ep_seq=7 infer_seq=14 t=208 es=0 k=12 motion_frames=0,16,32,48,64,80,96,112,128,144,160,176 motion_emb_sha=c42f05b869d62284 motion_pos_sha=faf6de0b8c07a1d5 motion_mask=111111111111000000000000000000000000000000000000000000000000000000000000000000000000000000000000 mem_order_sha=e609c91b740de309 motion_cols_sha=08c16a7fb49e3eae donor=None cover=exact:0,fallback:0,cycle:0,cross_seg:0 gate=none num_steps=10 act_sha=aaa86750fe218791 infer_ms=69.5
INFO:mme_vla_suite.serving.websocket_policy_server:TIMING infer_ms=69.5
INFO:mme_vla_suite.serving.websocket_policy_server:TIMING add_buffer_ms=1455.1 frames=16 exec_start_idx=0
MV_INFER cond=normal split=test task=ButtonUnmaskSwap ep=1 ep_seq=7 infer_seq=15 t=224 es=0 k=13 motion_frames=0,16,32,48,64,80,96,112,128,144,160,176,192 motion_emb_sha=a87a7292c1668c7b motion_pos_sha=cf92c2382e433b7f motion_mask=111111111111100000000000000000000000000000000000000000000000000000000000000000000000000000000000 mem_order_sha=e29d70b97917b96b motion_cols_sha=b802255c0a86c139 donor=None cover=exact:0,fallback:0,cycle:0,cross_seg:0 gate=none num_steps=10 act_sha=0d88ec1b60a1541f infer_ms=69.2
INFO:mme_vla_suite.serving.websocket_policy_server:TIMING infer_ms=69.2
INFO:mme_vla_suite.serving.websocket_policy_server:TIMING add_buffer_ms=1459.1 frames=16 exec_start_idx=0
MV_INFER cond=normal split=test task=ButtonUnmaskSwap ep=1 ep_seq=7 infer_seq=16 t=240 es=0 k=14 motion_frames=0,16,32,48,64,80,96,112,128,144,160,176,192,208 motion_emb_sha=d4dac4dfc20f64ec motion_pos_sha=d4be4f2b999b323a motion_mask=111111111111110000000000000000000000000000000000000000000000000000000000000000000000000000000000 mem_order_sha=a06ee3a41d7c396e motion_cols_sha=0f0b4abb0ce08604 donor=None cover=exact:0,fallback:0,cycle:0,cross_seg:0 gate=none num_steps=10 act_sha=881dd001038e5d71 infer_ms=69.4
INFO:mme_vla_suite.serving.websocket_policy_server:TIMING infer_ms=69.4
INFO:mme_vla_suite.serving.websocket_policy_server:TIMING add_buffer_ms=1462.5 frames=16 exec_start_idx=0
MV_INFER cond=normal split=test task=ButtonUnmaskSwap ep=1 ep_seq=7 infer_seq=17 t=256 es=0 k=15 motion_frames=0,16,32,48,64,80,96,112,128,144,160,176,192,208,224 motion_emb_sha=1c0d87839f802d8e motion_pos_sha=41ec3ade545a49c9 motion_mask=111111111111111000000000000000000000000000000000000000000000000000000000000000000000000000000000 mem_order_sha=d2c65ae0ef95982c motion_cols_sha=b6defef0c13ecc23 donor=None cover=exact:0,fallback:0,cycle:0,cross_seg:0 gate=none num_steps=10 act_sha=24aa34a1bf40e49f infer_ms=69.3
INFO:mme_vla_suite.serving.websocket_policy_server:TIMING infer_ms=69.3
INFO:mme_vla_suite.serving.websocket_policy_server:TIMING add_buffer_ms=1463.9 frames=16 exec_start_idx=0
MV_INFER cond=normal split=test task=ButtonUnmaskSwap ep=1 ep_seq=7 infer_seq=18 t=272 es=0 k=16 motion_frames=0,16,32,48,64,80,96,112,128,144,160,176,192,208,224,240 motion_emb_sha=e3a2aa4221ed560f motion_pos_sha=3e49496373152e70 motion_mask=111111111111111100000000000000000000000000000000000000000000000000000000000000000000000000000000 mem_order_sha=3896c62684021e06 motion_cols_sha=61fa1ff66e32da0b donor=None cover=exact:0,fallback:0,cycle:0,cross_seg:0 gate=none num_steps=10 act_sha=18cd036d577f0b0d infer_ms=69.3
INFO:mme_vla_suite.serving.websocket_policy_server:TIMING infer_ms=69.3
INFO:mme_vla_suite.serving.websocket_policy_server:TIMING add_buffer_ms=1461.4 frames=16 exec_start_idx=0
MV_INFER cond=normal split=test task=ButtonUnmaskSwap ep=1 ep_seq=7 infer_seq=19 t=288 es=0 k=17 motion_frames=0,16,32,48,64,80,96,112,128,144,160,176,192,208,224,240,256 motion_emb_sha=c897ff404296310e motion_pos_sha=630eed5d2ad0fee5 motion_mask=111111111111111110000000000000000000000000000000000000000000000000000000000000000000000000000000 mem_order_sha=3fa901451944a6ae motion_cols_sha=11afac2e3a295654 donor=None cover=exact:0,fallback:0,cycle:0,cross_seg:0 gate=none num_steps=10 act_sha=c0959812b8ed46bf infer_ms=69.8
INFO:mme_vla_suite.serving.websocket_policy_server:TIMING infer_ms=69.8
INFO:mme_vla_suite.serving.websocket_policy_server:TIMING add_buffer_ms=1465.9 frames=16 exec_start_idx=0
MV_INFER cond=normal split=test task=ButtonUnmaskSwap ep=1 ep_seq=7 infer_seq=20 t=304 es=0 k=18 motion_frames=0,16,32,48,64,80,96,112,128,144,160,176,192,208,224,240,256,272 motion_emb_sha=d6701762d1e141dc motion_pos_sha=7508bb7966bd8997 motion_mask=111111111111111111000000000000000000000000000000000000000000000000000000000000000000000000000000 mem_order_sha=7ec3836c904d86da motion_cols_sha=00e37dc990bcf6a9 donor=None cover=exact:0,fallback:0,cycle:0,cross_seg:0 gate=none num_steps=10 act_sha=e130b306f6afc311 infer_ms=70.3
INFO:mme_vla_suite.serving.websocket_policy_server:TIMING infer_ms=70.3
INFO:mme_vla_suite.serving.websocket_policy_server:TIMING add_buffer_ms=1457.5 frames=16 exec_start_idx=0
MV_INFER cond=normal split=test task=ButtonUnmaskSwap ep=1 ep_seq=7 infer_seq=21 t=320 es=0 k=19 motion_frames=0,16,32,48,64,80,96,112,128,144,160,176,192,208,224,240,256,272,288 motion_emb_sha=e3660fbc242e4a67 motion_pos_sha=27604282300f89dd motion_mask=111111111111111111100000000000000000000000000000000000000000000000000000000000000000000000000000 mem_order_sha=1bcee858ac8581ba motion_cols_sha=848fded77b707435 donor=None cover=exact:0,fallback:0,cycle:0,cross_seg:0 gate=none num_steps=10 act_sha=3cd82c0ce75646ef infer_ms=69.6
INFO:mme_vla_suite.serving.websocket_policy_server:TIMING infer_ms=69.6
INFO:mme_vla_suite.serving.websocket_policy_server:TIMING add_buffer_ms=1455.8 frames=16 exec_start_idx=0
MV_INFER cond=normal split=test task=ButtonUnmaskSwap ep=1 ep_seq=7 infer_seq=22 t=336 es=0 k=20 motion_frames=0,16,32,48,64,80,96,112,128,144,160,176,192,208,224,240,256,272,288,304 motion_emb_sha=0c83b4a7138c93e7 motion_pos_sha=82d754eb6c9c7d28 motion_mask=111111111111111111110000000000000000000000000000000000000000000000000000000000000000000000000000 mem_order_sha=8e4f7352af852292 motion_cols_sha=0957e9030d15feb5 donor=None cover=exact:0,fallback:0,cycle:0,cross_seg:0 gate=none num_steps=10 act_sha=f8bdc7e1e94c8bdd infer_ms=70.0
INFO:mme_vla_suite.serving.websocket_policy_server:TIMING infer_ms=70.0
INFO:mme_vla_suite.serving.websocket_policy_server:TIMING add_buffer_ms=1457.5 frames=16 exec_start_idx=0
MV_INFER cond=normal split=test task=ButtonUnmaskSwap ep=1 ep_seq=7 infer_seq=23 t=352 es=0 k=21 motion_frames=0,16,32,48,64,80,96,112,128,144,160,176,192,208,224,240,256,272,288,304,320 motion_emb_sha=3e0e91554f505a54 motion_pos_sha=b2ded91f4b1e3497 motion_mask=111111111111111111111000000000000000000000000000000000000000000000000000000000000000000000000000 mem_order_sha=e911ccd99a0e7698 motion_cols_sha=9639f994ec80e283 donor=None cover=exact:0,fallback:0,cycle:0,cross_seg:0 gate=none num_steps=10 act_sha=1bcc3a5668d02e3d infer_ms=69.5
INFO:mme_vla_suite.serving.websocket_policy_server:TIMING infer_ms=69.5
INFO:mme_vla_suite.serving.websocket_policy_server:TIMING add_buffer_ms=1457.0 frames=16 exec_start_idx=0
MV_INFER cond=normal split=test task=ButtonUnmaskSwap ep=1 ep_seq=7 infer_seq=24 t=368 es=0 k=22 motion_frames=0,16,32,48,64,80,96,112,128,144,160,176,192,208,224,240,256,272,288,304,320,336 motion_emb_sha=6829d1d7f1121f21 motion_pos_sha=02b5313d34dbb54d motion_mask=111111111111111111111100000000000000000000000000000000000000000000000000000000000000000000000000 mem_order_sha=a5e37ce80bde382c motion_cols_sha=4c78bbca76234a73 donor=None cover=exact:0,fallback:0,cycle:0,cross_seg:0 gate=none num_steps=10 act_sha=4fc884defbeb5e56 infer_ms=69.6
INFO:mme_vla_suite.serving.websocket_policy_server:TIMING infer_ms=69.6
INFO:mme_vla_suite.serving.websocket_policy_server:TIMING add_buffer_ms=1462.1 frames=16 exec_start_idx=0
MV_INFER cond=normal split=test task=ButtonUnmaskSwap ep=1 ep_seq=7 infer_seq=25 t=384 es=0 k=23 motion_frames=0,16,32,48,64,80,96,112,128,144,160,176,192,208,224,240,256,272,288,304,320,336,352 motion_emb_sha=ef6de9c23d175ab4 motion_pos_sha=394430f2fe2a111f motion_mask=111111111111111111111110000000000000000000000000000000000000000000000000000000000000000000000000 mem_order_sha=ef888998c2ee9177 motion_cols_sha=d31a91eabb80a17e donor=None cover=exact:0,fallback:0,cycle:0,cross_seg:0 gate=none num_steps=10 act_sha=76727ae2d451ea76 infer_ms=69.4
INFO:mme_vla_suite.serving.websocket_policy_server:TIMING infer_ms=69.4
INFO:mme_vla_suite.serving.websocket_policy_server:TIMING add_buffer_ms=1460.9 frames=16 exec_start_idx=0
MV_INFER cond=normal split=test task=ButtonUnmaskSwap ep=1 ep_seq=7 infer_seq=26 t=400 es=0 k=24 motion_frames=0,16,32,48,64,80,96,112,128,144,160,176,192,208,224,240,256,272,288,304,320,336,352,368 motion_emb_sha=2863f6614ef92967 motion_pos_sha=5af02f3dfcb16729 motion_mask=111111111111111111111111000000000000000000000000000000000000000000000000000000000000000000000000 mem_order_sha=a4b34693220533ac motion_cols_sha=470d57efa976fc1f donor=None cover=exact:0,fallback:0,cycle:0,cross_seg:0 gate=none num_steps=10 act_sha=610a9ceb64cabdc1 infer_ms=70.0
INFO:mme_vla_suite.serving.websocket_policy_server:TIMING infer_ms=70.0
INFO:mme_vla_suite.serving.websocket_policy_server:TIMING add_buffer_ms=1463.1 frames=16 exec_start_idx=0
MV_INFER cond=normal split=test task=ButtonUnmaskSwap ep=1 ep_seq=7 infer_seq=27 t=416 es=0 k=25 motion_frames=0,16,32,48,64,80,96,112,128,144,160,176,192,208,224,240,256,272,288,304,320,336,352,368,384 motion_emb_sha=8ce3014a8bee9238 motion_pos_sha=6687fe3ef7ab6c31 motion_mask=111111111111111111111111100000000000000000000000000000000000000000000000000000000000000000000000 mem_order_sha=2e8f0f44cf91994f motion_cols_sha=25511e64898b44f0 donor=None cover=exact:0,fallback:0,cycle:0,cross_seg:0 gate=none num_steps=10 act_sha=4b48230cf4e3a494 infer_ms=69.6
INFO:mme_vla_suite.serving.websocket_policy_server:TIMING infer_ms=69.6
INFO:mme_vla_suite.serving.websocket_policy_server:TIMING add_buffer_ms=1459.2 frames=16 exec_start_idx=0
MV_INFER cond=normal split=test task=ButtonUnmaskSwap ep=1 ep_seq=7 infer_seq=28 t=432 es=0 k=26 motion_frames=0,16,32,48,64,80,96,112,128,144,160,176,192,208,224,240,256,272,288,304,320,336,352,368,384,400 motion_emb_sha=01d7220544a55647 motion_pos_sha=628a1d586ea0ead0 motion_mask=111111111111111111111111110000000000000000000000000000000000000000000000000000000000000000000000 mem_order_sha=7f421c86fa09d6ff motion_cols_sha=2fc323dd0f89e21e donor=None cover=exact:0,fallback:0,cycle:0,cross_seg:0 gate=none num_steps=10 act_sha=103c64a28b7f333e infer_ms=69.6
INFO:mme_vla_suite.serving.websocket_policy_server:TIMING infer_ms=69.6
INFO:mme_vla_suite.serving.websocket_policy_server:TIMING add_buffer_ms=1461.0 frames=16 exec_start_idx=0
MV_INFER cond=normal split=test task=ButtonUnmaskSwap ep=1 ep_seq=7 infer_seq=29 t=448 es=0 k=27 motion_frames=0,16,32,48,64,80,96,112,128,144,160,176,192,208,224,240,256,272,288,304,320,336,352,368,384,400,416 motion_emb_sha=2cdb2938d0e7a202 motion_pos_sha=374d18e42d46d506 motion_mask=111111111111111111111111111000000000000000000000000000000000000000000000000000000000000000000000 mem_order_sha=a9601380358f26a3 motion_cols_sha=a013e7a2c5f47434 donor=None cover=exact:0,fallback:0,cycle:0,cross_seg:0 gate=none num_steps=10 act_sha=ce8fb47d3b70deee infer_ms=69.2
INFO:mme_vla_suite.serving.websocket_policy_server:TIMING infer_ms=69.2
INFO:mme_vla_suite.serving.websocket_policy_server:TIMING add_buffer_ms=1461.4 frames=16 exec_start_idx=0
MV_INFER cond=normal split=test task=ButtonUnmaskSwap ep=1 ep_seq=7 infer_seq=30 t=464 es=0 k=28 motion_frames=0,16,32,48,64,80,96,112,128,144,160,176,192,208,224,240,256,272,288,304,320,336,352,368,384,400,416,432 motion_emb_sha=70c4b792df5a8a95 motion_pos_sha=c6f42c99e8bb04fc motion_mask=111111111111111111111111111100000000000000000000000000000000000000000000000000000000000000000000 mem_order_sha=597e8d7ec05b4d7c motion_cols_sha=454ac679a2eee33a donor=None cover=exact:0,fallback:0,cycle:0,cross_seg:0 gate=none num_steps=10 act_sha=7534764ede368f8a infer_ms=69.3
INFO:mme_vla_suite.serving.websocket_policy_server:TIMING infer_ms=69.3
INFO:mme_vla_suite.serving.websocket_policy_server:TIMING add_buffer_ms=1460.0 frames=16 exec_start_idx=0
MV_INFER cond=normal split=test task=ButtonUnmaskSwap ep=1 ep_seq=7 infer_seq=31 t=480 es=0 k=29 motion_frames=0,16,32,48,64,80,96,112,128,144,160,176,192,208,224,240,256,272,288,304,320,336,352,368,384,400,416,432,448 motion_emb_sha=9b113b203c2ae2db motion_pos_sha=5bec62c7b2782ab5 motion_mask=111111111111111111111111111110000000000000000000000000000000000000000000000000000000000000000000 mem_order_sha=969b025395b2669f motion_cols_sha=fa13d9c231b687f7 donor=None cover=exact:0,fallback:0,cycle:0,cross_seg:0 gate=none num_steps=10 act_sha=f5e1c4259fa59eb8 infer_ms=70.2
INFO:mme_vla_suite.serving.websocket_policy_server:TIMING infer_ms=70.2
INFO:mme_vla_suite.serving.websocket_policy_server:TIMING add_buffer_ms=1460.4 frames=16 exec_start_idx=0
MV_INFER cond=normal split=test task=ButtonUnmaskSwap ep=1 ep_seq=7 infer_seq=32 t=496 es=0 k=30 motion_frames=0,16,32,48,64,80,96,112,128,144,160,176,192,208,224,240,256,272,288,304,320,336,352,368,384,400,416,432,448,464 motion_emb_sha=a84f3b4b7b66d874 motion_pos_sha=77bb4a49f5f204a6 motion_mask=111111111111111111111111111111000000000000000000000000000000000000000000000000000000000000000000 mem_order_sha=8b9c911903d52ada motion_cols_sha=cf531ae59de60a74 donor=None cover=exact:0,fallback:0,cycle:0,cross_seg:0 gate=none num_steps=10 act_sha=a862eeb77eff8d54 infer_ms=69.3
INFO:mme_vla_suite.serving.websocket_policy_server:TIMING infer_ms=69.3
INFO:mme_vla_suite.serving.websocket_policy_server:TIMING add_buffer_ms=1459.5 frames=16 exec_start_idx=0
MV_INFER cond=normal split=test task=ButtonUnmaskSwap ep=1 ep_seq=7 infer_seq=33 t=512 es=0 k=31 motion_frames=0,16,32,48,64,80,96,112,128,144,160,176,192,208,224,240,256,272,288,304,320,336,352,368,384,400,416,432,448,464,480 motion_emb_sha=48d84a2625fbd102 motion_pos_sha=b5a830a451ce756a motion_mask=111111111111111111111111111111100000000000000000000000000000000000000000000000000000000000000000 mem_order_sha=3b34058d7f65364b motion_cols_sha=b3a6df354ab4d8c7 donor=None cover=exact:0,fallback:0,cycle:0,cross_seg:0 gate=none num_steps=10 act_sha=d918be2017325f56 infer_ms=69.5
INFO:mme_vla_suite.serving.websocket_policy_server:TIMING infer_ms=69.5
INFO:mme_vla_suite.serving.websocket_policy_server:TIMING add_buffer_ms=1460.2 frames=16 exec_start_idx=0
MV_INFER cond=normal split=test task=ButtonUnmaskSwap ep=1 ep_seq=7 infer_seq=34 t=528 es=0 k=32 motion_frames=0,16,32,48,64,80,96,112,128,144,160,176,192,208,224,240,256,272,288,304,320,336,352,368,384,400,416,432,448,464,480,496 motion_emb_sha=600862cdbcd56e27 motion_pos_sha=a31e40266e8ce975 motion_mask=111111111111111111111111111111110000000000000000000000000000000000000000000000000000000000000000 mem_order_sha=8810917fd8440e8c motion_cols_sha=1c1e3532088a7dfd donor=None cover=exact:0,fallback:0,cycle:0,cross_seg:0 gate=none num_steps=10 act_sha=45fab38fda9daacd infer_ms=69.3
INFO:mme_vla_suite.serving.websocket_policy_server:TIMING infer_ms=69.3
INFO:mme_vla_suite.serving.websocket_policy_server:TIMING add_buffer_ms=1462.8 frames=16 exec_start_idx=0
MV_INFER cond=normal split=test task=ButtonUnmaskSwap ep=1 ep_seq=7 infer_seq=35 t=544 es=0 k=33 motion_frames=0,16,32,48,64,80,96,112,128,144,160,176,192,208,224,240,256,272,288,304,320,336,352,368,384,400,416,432,448,464,480,496,512 motion_emb_sha=1f11133722f1519d motion_pos_sha=eab0166000e0ada9 motion_mask=111111111111111111111111111111111000000000000000000000000000000000000000000000000000000000000000 mem_order_sha=84d9776f0a6388a9 motion_cols_sha=8e3bc15ec06039d9 donor=None cover=exact:0,fallback:0,cycle:0,cross_seg:0 gate=none num_steps=10 act_sha=6bf141efb35c8893 infer_ms=69.5
INFO:mme_vla_suite.serving.websocket_policy_server:TIMING infer_ms=69.5
INFO:mme_vla_suite.serving.websocket_policy_server:TIMING add_buffer_ms=1462.7 frames=16 exec_start_idx=0
MV_INFER cond=normal split=test task=ButtonUnmaskSwap ep=1 ep_seq=7 infer_seq=36 t=560 es=0 k=34 motion_frames=0,16,32,48,64,80,96,112,128,144,160,176,192,208,224,240,256,272,288,304,320,336,352,368,384,400,416,432,448,464,480,496,512,528 motion_emb_sha=0a099ddd76e63619 motion_pos_sha=d43d8a704008daf6 motion_mask=111111111111111111111111111111111100000000000000000000000000000000000000000000000000000000000000 mem_order_sha=6eb9b3f8edf499e7 motion_cols_sha=ad5d71aad766a582 donor=None cover=exact:0,fallback:0,cycle:0,cross_seg:0 gate=none num_steps=10 act_sha=0a35cace5d213719 infer_ms=69.6
INFO:mme_vla_suite.serving.websocket_policy_server:TIMING infer_ms=69.6
INFO:mme_vla_suite.serving.websocket_policy_server:TIMING add_buffer_ms=1458.7 frames=16 exec_start_idx=0
MV_INFER cond=normal split=test task=ButtonUnmaskSwap ep=1 ep_seq=7 infer_seq=37 t=576 es=0 k=35 motion_frames=0,16,32,48,64,80,96,112,128,144,160,176,192,208,224,240,256,272,288,304,320,336,352,368,384,400,416,432,448,464,480,496,512,528,544 motion_emb_sha=8dc4959bbae7c78c motion_pos_sha=de94b3ba18baa253 motion_mask=111111111111111111111111111111111110000000000000000000000000000000000000000000000000000000000000 mem_order_sha=c7e0193d5f8c94eb motion_cols_sha=3b7f200dcc4a154e donor=None cover=exact:0,fallback:0,cycle:0,cross_seg:0 gate=none num_steps=10 act_sha=ae30622fd49d88ae infer_ms=69.4
INFO:mme_vla_suite.serving.websocket_policy_server:TIMING infer_ms=69.4
INFO:mme_vla_suite.serving.websocket_policy_server:TIMING add_buffer_ms=1457.8 frames=16 exec_start_idx=0
MV_INFER cond=normal split=test task=ButtonUnmaskSwap ep=1 ep_seq=7 infer_seq=38 t=592 es=0 k=36 motion_frames=0,16,32,48,64,80,96,112,128,144,160,176,192,208,224,240,256,272,288,304,320,336,352,368,384,400,416,432,448,464,480,496,512,528,544,560 motion_emb_sha=f71cea69e673c564 motion_pos_sha=79d7ee4d77e92fb5 motion_mask=111111111111111111111111111111111111000000000000000000000000000000000000000000000000000000000000 mem_order_sha=d14c08e62b4e5277 motion_cols_sha=93f686b824d1c37a donor=None cover=exact:0,fallback:0,cycle:0,cross_seg:0 gate=none num_steps=10 act_sha=909a3920e55abb67 infer_ms=69.3
INFO:mme_vla_suite.serving.websocket_policy_server:TIMING infer_ms=69.3
INFO:mme_vla_suite.serving.websocket_policy_server:TIMING add_buffer_ms=1456.3 frames=16 exec_start_idx=0
MV_INFER cond=normal split=test task=ButtonUnmaskSwap ep=1 ep_seq=7 infer_seq=39 t=608 es=0 k=37 motion_frames=0,16,32,48,64,80,96,112,128,144,160,176,192,208,224,240,256,272,288,304,320,336,352,368,384,400,416,432,448,464,480,496,512,528,544,560,576 motion_emb_sha=16732b7de0ada0ec motion_pos_sha=ed409a2810446f17 motion_mask=111111111111111111111111111111111111100000000000000000000000000000000000000000000000000000000000 mem_order_sha=90d4662a192ae249 motion_cols_sha=3eadc43c4d943830 donor=None cover=exact:0,fallback:0,cycle:0,cross_seg:0 gate=none num_steps=10 act_sha=87e1e152a798adce infer_ms=69.6
INFO:mme_vla_suite.serving.websocket_policy_server:TIMING infer_ms=69.6
INFO:mme_vla_suite.serving.websocket_policy_server:TIMING add_buffer_ms=1463.4 frames=16 exec_start_idx=0
MV_INFER cond=normal split=test task=ButtonUnmaskSwap ep=1 ep_seq=7 infer_seq=40 t=624 es=0 k=38 motion_frames=0,16,32,48,64,80,96,112,128,144,160,176,192,208,224,240,256,272,288,304,320,336,352,368,384,400,416,432,448,464,480,496,512,528,544,560,576,592 motion_emb_sha=5c868125dcb99ace motion_pos_sha=f11838ac6f537185 motion_mask=111111111111111111111111111111111111110000000000000000000000000000000000000000000000000000000000 mem_order_sha=0161c9793244f505 motion_cols_sha=6171a29cf75a582d donor=None cover=exact:0,fallback:0,cycle:0,cross_seg:0 gate=none num_steps=10 act_sha=4cc418144f236591 infer_ms=69.2
INFO:mme_vla_suite.serving.websocket_policy_server:TIMING infer_ms=69.2
INFO:mme_vla_suite.serving.websocket_policy_server:TIMING add_buffer_ms=1458.3 frames=16 exec_start_idx=0
MV_INFER cond=normal split=test task=ButtonUnmaskSwap ep=1 ep_seq=7 infer_seq=41 t=640 es=0 k=39 motion_frames=0,16,32,48,64,80,96,112,128,144,160,176,192,208,224,240,256,272,288,304,320,336,352,368,384,400,416,432,448,464,480,496,512,528,544,560,576,592,608 motion_emb_sha=629d7397219ebb18 motion_pos_sha=bbe054d478576248 motion_mask=111111111111111111111111111111111111111000000000000000000000000000000000000000000000000000000000 mem_order_sha=3e28a574a561f529 motion_cols_sha=75706cddfb5a49b1 donor=None cover=exact:0,fallback:0,cycle:0,cross_seg:0 gate=none num_steps=10 act_sha=356e21dbe8ececda infer_ms=69.6
INFO:mme_vla_suite.serving.websocket_policy_server:TIMING infer_ms=69.6
INFO:mme_vla_suite.serving.websocket_policy_server:TIMING add_buffer_ms=1454.9 frames=16 exec_start_idx=0
MV_INFER cond=normal split=test task=ButtonUnmaskSwap ep=1 ep_seq=7 infer_seq=42 t=656 es=0 k=40 motion_frames=0,16,32,48,64,80,96,112,128,144,160,176,192,208,224,240,256,272,288,304,320,336,352,368,384,400,416,432,448,464,480,496,512,528,544,560,576,592,608,624 motion_emb_sha=4479965eda8d0b73 motion_pos_sha=d87c3d15d15b51b8 motion_mask=111111111111111111111111111111111111111100000000000000000000000000000000000000000000000000000000 mem_order_sha=9a1d09ac748abb28 motion_cols_sha=fc48261a83a83b97 donor=None cover=exact:0,fallback:0,cycle:0,cross_seg:0 gate=none num_steps=10 act_sha=0b2d33aca67fec41 infer_ms=69.6
INFO:mme_vla_suite.serving.websocket_policy_server:TIMING infer_ms=69.6
INFO:mme_vla_suite.serving.websocket_policy_server:TIMING add_buffer_ms=1457.1 frames=16 exec_start_idx=0
MV_INFER cond=normal split=test task=ButtonUnmaskSwap ep=1 ep_seq=7 infer_seq=43 t=672 es=0 k=41 motion_frames=0,16,32,48,64,80,96,112,128,144,160,176,192,208,224,240,256,272,288,304,320,336,352,368,384,400,416,432,448,464,480,496,512,528,544,560,576,592,608,624,640 motion_emb_sha=708937e8c80446b3 motion_pos_sha=305e09917e6fd5ac motion_mask=111111111111111111111111111111111111111110000000000000000000000000000000000000000000000000000000 mem_order_sha=1f18d2a138bd0bf9 motion_cols_sha=b7950317891542b4 donor=None cover=exact:0,fallback:0,cycle:0,cross_seg:0 gate=none num_steps=10 act_sha=c2216c850278af65 infer_ms=69.5
INFO:mme_vla_suite.serving.websocket_policy_server:TIMING infer_ms=69.5
INFO:mme_vla_suite.serving.websocket_policy_server:TIMING add_buffer_ms=1460.4 frames=16 exec_start_idx=0
MV_INFER cond=normal split=test task=ButtonUnmaskSwap ep=1 ep_seq=7 infer_seq=44 t=688 es=0 k=42 motion_frames=0,16,32,48,64,80,96,112,128,144,160,176,192,208,224,240,256,272,288,304,320,336,352,368,384,400,416,432,448,464,480,496,512,528,544,560,576,592,608,624,640,656 motion_emb_sha=fbd389345bb06fac motion_pos_sha=d928bf4021ac4a4b motion_mask=111111111111111111111111111111111111111111000000000000000000000000000000000000000000000000000000 mem_order_sha=0e966687b726d076 motion_cols_sha=2ed9f2bde5da4470 donor=None cover=exact:0,fallback:0,cycle:0,cross_seg:0 gate=none num_steps=10 act_sha=7519eaff2140867b infer_ms=69.7
INFO:mme_vla_suite.serving.websocket_policy_server:TIMING infer_ms=69.7
INFO:mme_vla_suite.serving.websocket_policy_server:TIMING add_buffer_ms=1462.7 frames=16 exec_start_idx=0
MV_INFER cond=normal split=test task=ButtonUnmaskSwap ep=1 ep_seq=7 infer_seq=45 t=704 es=0 k=43 motion_frames=0,16,32,48,64,80,96,112,128,144,160,176,192,208,224,240,256,272,288,304,320,336,352,368,384,400,416,432,448,464,480,496,512,528,544,560,576,592,608,624,640,656,672 motion_emb_sha=78e5deb5e1088550 motion_pos_sha=df28f649d327f743 motion_mask=111111111111111111111111111111111111111111100000000000000000000000000000000000000000000000000000 mem_order_sha=64f5fc8956546c66 motion_cols_sha=9ac0355ab034292e donor=None cover=exact:0,fallback:0,cycle:0,cross_seg:0 gate=none num_steps=10 act_sha=b8e793c0a580b629 infer_ms=69.7
INFO:mme_vla_suite.serving.websocket_policy_server:TIMING infer_ms=69.7
INFO:mme_vla_suite.serving.websocket_policy_server:TIMING add_buffer_ms=1458.4 frames=16 exec_start_idx=0
MV_INFER cond=normal split=test task=ButtonUnmaskSwap ep=1 ep_seq=7 infer_seq=46 t=720 es=0 k=44 motion_frames=0,16,32,48,64,80,96,112,128,144,160,176,192,208,224,240,256,272,288,304,320,336,352,368,384,400,416,432,448,464,480,496,512,528,544,560,576,592,608,624,640,656,672,688 motion_emb_sha=4204953f0a746114 motion_pos_sha=16c7916c2054109b motion_mask=111111111111111111111111111111111111111111110000000000000000000000000000000000000000000000000000 mem_order_sha=108683ecd06aac22 motion_cols_sha=5d9657c560621273 donor=None cover=exact:0,fallback:0,cycle:0,cross_seg:0 gate=none num_steps=10 act_sha=98f0eae13184e01c infer_ms=69.6
INFO:mme_vla_suite.serving.websocket_policy_server:TIMING infer_ms=69.6
INFO:mme_vla_suite.serving.websocket_policy_server:TIMING add_buffer_ms=1462.0 frames=16 exec_start_idx=0
MV_INFER cond=normal split=test task=ButtonUnmaskSwap ep=1 ep_seq=7 infer_seq=47 t=736 es=0 k=45 motion_frames=0,16,32,48,64,80,96,112,128,144,160,176,192,208,224,240,256,272,288,304,320,336,352,368,384,400,416,432,448,464,480,496,512,528,544,560,576,592,608,624,640,656,672,688,704 motion_emb_sha=f5cf9002b9ac151e motion_pos_sha=1a7312af6542d8c4 motion_mask=111111111111111111111111111111111111111111111000000000000000000000000000000000000000000000000000 mem_order_sha=334900ce00d4edee motion_cols_sha=6aa877e8836977cf donor=None cover=exact:0,fallback:0,cycle:0,cross_seg:0 gate=none num_steps=10 act_sha=bf9d6079704a9c65 infer_ms=69.5
INFO:mme_vla_suite.serving.websocket_policy_server:TIMING infer_ms=69.5
INFO:mme_vla_suite.serving.websocket_policy_server:TIMING add_buffer_ms=1455.5 frames=16 exec_start_idx=0
MV_INFER cond=normal split=test task=ButtonUnmaskSwap ep=1 ep_seq=7 infer_seq=48 t=752 es=0 k=46 motion_frames=0,16,32,48,64,80,96,112,128,144,160,176,192,208,224,240,256,272,288,304,320,336,352,368,384,400,416,432,448,464,480,496,512,528,544,560,576,592,608,624,640,656,672,688,704,720 motion_emb_sha=5f628b063b52eb11 motion_pos_sha=03f34ee9bd05979f motion_mask=111111111111111111111111111111111111111111111100000000000000000000000000000000000000000000000000 mem_order_sha=eb2eb2afcfeb1ad9 motion_cols_sha=5e7820a41ef36daa donor=None cover=exact:0,fallback:0,cycle:0,cross_seg:0 gate=none num_steps=10 act_sha=24096110b912b16c infer_ms=69.8
INFO:mme_vla_suite.serving.websocket_policy_server:TIMING infer_ms=69.8
INFO:mme_vla_suite.serving.websocket_policy_server:TIMING add_buffer_ms=1455.1 frames=16 exec_start_idx=0
MV_INFER cond=normal split=test task=ButtonUnmaskSwap ep=1 ep_seq=7 infer_seq=49 t=768 es=0 k=47 motion_frames=0,16,32,48,64,80,96,112,128,144,160,176,192,208,224,240,256,272,288,304,320,336,352,368,384,400,416,432,448,464,480,496,512,528,544,560,576,592,608,624,640,656,672,688,704,720,736 motion_emb_sha=053c3d7f135fcd9f motion_pos_sha=692cb599ce1428a7 motion_mask=111111111111111111111111111111111111111111111110000000000000000000000000000000000000000000000000 mem_order_sha=6562fcffed534ed6 motion_cols_sha=1759c66f866642dc donor=None cover=exact:0,fallback:0,cycle:0,cross_seg:0 gate=none num_steps=10 act_sha=d0f737eeea4f6fab infer_ms=70.7
INFO:mme_vla_suite.serving.websocket_policy_server:TIMING infer_ms=70.7
INFO:mme_vla_suite.serving.websocket_policy_server:TIMING add_buffer_ms=1462.6 frames=16 exec_start_idx=0
MV_INFER cond=normal split=test task=ButtonUnmaskSwap ep=1 ep_seq=7 infer_seq=50 t=784 es=0 k=48 motion_frames=0,16,32,48,64,80,96,112,128,144,160,176,192,208,224,240,256,272,288,304,320,336,352,368,384,400,416,432,448,464,480,496,512,528,544,560,576,592,608,624,640,656,672,688,704,720,736,752 motion_emb_sha=a9ff443bd37604cc motion_pos_sha=c3fe5e84b569016a motion_mask=111111111111111111111111111111111111111111111111000000000000000000000000000000000000000000000000 mem_order_sha=f1a8700e58c41cae motion_cols_sha=99e1f6e9f6bb9c4d donor=None cover=exact:0,fallback:0,cycle:0,cross_seg:0 gate=none num_steps=10 act_sha=bae871041364af34 infer_ms=69.6
INFO:mme_vla_suite.serving.websocket_policy_server:TIMING infer_ms=69.6
INFO:mme_vla_suite.serving.websocket_policy_server:TIMING add_buffer_ms=1461.7 frames=16 exec_start_idx=0
MV_INFER cond=normal split=test task=ButtonUnmaskSwap ep=1 ep_seq=7 infer_seq=51 t=800 es=0 k=49 motion_frames=0,16,32,48,64,80,96,112,128,144,160,176,192,208,224,240,256,272,288,304,320,336,352,368,384,400,416,432,448,464,480,496,512,528,544,560,576,592,608,624,640,656,672,688,704,720,736,752,768 motion_emb_sha=d75918fb2ec35fea motion_pos_sha=680f129246f7b6f4 motion_mask=111111111111111111111111111111111111111111111111100000000000000000000000000000000000000000000000 mem_order_sha=2b5cfd5fc3095878 motion_cols_sha=0fbe01f7b49896a1 donor=None cover=exact:0,fallback:0,cycle:0,cross_seg:0 gate=none num_steps=10 act_sha=5d39832b147289c8 infer_ms=70.2
INFO:mme_vla_suite.serving.websocket_policy_server:TIMING infer_ms=70.2
INFO:mme_vla_suite.serving.websocket_policy_server:TIMING add_buffer_ms=1462.6 frames=16 exec_start_idx=0
MV_INFER cond=normal split=test task=ButtonUnmaskSwap ep=1 ep_seq=7 infer_seq=52 t=816 es=0 k=50 motion_frames=0,16,32,48,64,80,96,112,128,144,160,176,192,208,224,240,256,272,288,304,320,336,352,368,384,400,416,432,448,464,480,496,512,528,544,560,576,592,608,624,640,656,672,688,704,720,736,752,768,784 motion_emb_sha=87d2afc23ccc39d3 motion_pos_sha=2310564d1b9957fd motion_mask=111111111111111111111111111111111111111111111111110000000000000000000000000000000000000000000000 mem_order_sha=0121728e581ca339 motion_cols_sha=3146bf3efe6b3a23 donor=None cover=exact:0,fallback:0,cycle:0,cross_seg:0 gate=none num_steps=10 act_sha=f488764739750448 infer_ms=69.5
INFO:mme_vla_suite.serving.websocket_policy_server:TIMING infer_ms=69.5
INFO:mme_vla_suite.serving.websocket_policy_server:TIMING add_buffer_ms=1461.3 frames=16 exec_start_idx=0
MV_INFER cond=normal split=test task=ButtonUnmaskSwap ep=1 ep_seq=7 infer_seq=53 t=832 es=0 k=51 motion_frames=0,16,32,48,64,80,96,112,128,144,160,176,192,208,224,240,256,272,288,304,320,336,352,368,384,400,416,432,448,464,480,496,512,528,544,560,576,592,608,624,640,656,672,688,704,720,736,752,768,784,800 motion_emb_sha=ea2e657153be969c motion_pos_sha=600430e170ebc9a0 motion_mask=111111111111111111111111111111111111111111111111111000000000000000000000000000000000000000000000 mem_order_sha=875f38b8693b6012 motion_cols_sha=d23bb84a612c3654 donor=None cover=exact:0,fallback:0,cycle:0,cross_seg:0 gate=none num_steps=10 act_sha=018a1ae12f9903dc infer_ms=69.5
INFO:mme_vla_suite.serving.websocket_policy_server:TIMING infer_ms=69.5
INFO:mme_vla_suite.serving.websocket_policy_server:TIMING add_buffer_ms=1456.7 frames=16 exec_start_idx=0
MV_INFER cond=normal split=test task=ButtonUnmaskSwap ep=1 ep_seq=7 infer_seq=54 t=848 es=0 k=52 motion_frames=0,16,32,48,64,80,96,112,128,144,160,176,192,208,224,240,256,272,288,304,320,336,352,368,384,400,416,432,448,464,480,496,512,528,544,560,576,592,608,624,640,656,672,688,704,720,736,752,768,784,800,816 motion_emb_sha=e075f9a630c317b8 motion_pos_sha=2d007f1393a57404 motion_mask=111111111111111111111111111111111111111111111111111100000000000000000000000000000000000000000000 mem_order_sha=8cda0cc9e165fc7b motion_cols_sha=6ea7276cd41fa784 donor=None cover=exact:0,fallback:0,cycle:0,cross_seg:0 gate=none num_steps=10 act_sha=7f6119fb551c52d6 infer_ms=69.8
INFO:mme_vla_suite.serving.websocket_policy_server:TIMING infer_ms=69.8
INFO:mme_vla_suite.serving.websocket_policy_server:TIMING add_buffer_ms=1462.4 frames=16 exec_start_idx=0
MV_INFER cond=normal split=test task=ButtonUnmaskSwap ep=1 ep_seq=7 infer_seq=55 t=864 es=0 k=53 motion_frames=0,16,32,48,64,80,96,112,128,144,160,176,192,208,224,240,256,272,288,304,320,336,352,368,384,400,416,432,448,464,480,496,512,528,544,560,576,592,608,624,640,656,672,688,704,720,736,752,768,784,800,816,832 motion_emb_sha=7ec02ef6fd2ce8e0 motion_pos_sha=f42da141b1d4c82c motion_mask=111111111111111111111111111111111111111111111111111110000000000000000000000000000000000000000000 mem_order_sha=0dabd1444bc80074 motion_cols_sha=89f30c99564ea731 donor=None cover=exact:0,fallback:0,cycle:0,cross_seg:0 gate=none num_steps=10 act_sha=4c0acf1f0cda6c93 infer_ms=69.9
INFO:mme_vla_suite.serving.websocket_policy_server:TIMING infer_ms=69.9
INFO:mme_vla_suite.serving.websocket_policy_server:TIMING add_buffer_ms=1457.0 frames=16 exec_start_idx=0
MV_INFER cond=normal split=test task=ButtonUnmaskSwap ep=1 ep_seq=7 infer_seq=56 t=880 es=0 k=54 motion_frames=0,16,32,48,64,80,96,112,128,144,160,176,192,208,224,240,256,272,288,304,320,336,352,368,384,400,416,432,448,464,480,496,512,528,544,560,576,592,608,624,640,656,672,688,704,720,736,752,768,784,800,816,832,848 motion_emb_sha=6fd19c6fba35be18 motion_pos_sha=01060eddb55ef662 motion_mask=111111111111111111111111111111111111111111111111111111000000000000000000000000000000000000000000 mem_order_sha=a4e3eafb5ffafe0b motion_cols_sha=e349514dca693b7f donor=None cover=exact:0,fallback:0,cycle:0,cross_seg:0 gate=none num_steps=10 act_sha=e613be828f4ef87e infer_ms=69.4
INFO:mme_vla_suite.serving.websocket_policy_server:TIMING infer_ms=69.4
INFO:mme_vla_suite.serving.websocket_policy_server:TIMING add_buffer_ms=1457.2 frames=16 exec_start_idx=0
MV_INFER cond=normal split=test task=ButtonUnmaskSwap ep=1 ep_seq=7 infer_seq=57 t=896 es=0 k=55 motion_frames=0,16,32,48,64,80,96,112,128,144,160,176,192,208,224,240,256,272,288,304,320,336,352,368,384,400,416,432,448,464,480,496,512,528,544,560,576,592,608,624,640,656,672,688,704,720,736,752,768,784,800,816,832,848,864 motion_emb_sha=f8a705375fe51760 motion_pos_sha=73234d7bb22f2334 motion_mask=111111111111111111111111111111111111111111111111111111100000000000000000000000000000000000000000 mem_order_sha=395346a4f540e9de motion_cols_sha=078b54ea6363443a donor=None cover=exact:0,fallback:0,cycle:0,cross_seg:0 gate=none num_steps=10 act_sha=c916caa4ec4554fb infer_ms=69.7
INFO:mme_vla_suite.serving.websocket_policy_server:TIMING infer_ms=69.7
INFO:mme_vla_suite.serving.websocket_policy_server:TIMING add_buffer_ms=1455.6 frames=16 exec_start_idx=0
MV_INFER cond=normal split=test task=ButtonUnmaskSwap ep=1 ep_seq=7 infer_seq=58 t=912 es=0 k=56 motion_frames=0,16,32,48,64,80,96,112,128,144,160,176,192,208,224,240,256,272,288,304,320,336,352,368,384,400,416,432,448,464,480,496,512,528,544,560,576,592,608,624,640,656,672,688,704,720,736,752,768,784,800,816,832,848,864,880 motion_emb_sha=2b1fb62e970d6339 motion_pos_sha=e1476f70fa43befe motion_mask=111111111111111111111111111111111111111111111111111111110000000000000000000000000000000000000000 mem_order_sha=3476e1e03f0ca6e3 motion_cols_sha=a5aa69c91f1f7b29 donor=None cover=exact:0,fallback:0,cycle:0,cross_seg:0 gate=none num_steps=10 act_sha=33a2064a5e30e116 infer_ms=69.3
INFO:mme_vla_suite.serving.websocket_policy_server:TIMING infer_ms=69.3
INFO:mme_vla_suite.serving.websocket_policy_server:TIMING add_buffer_ms=1457.0 frames=16 exec_start_idx=0
MV_INFER cond=normal split=test task=ButtonUnmaskSwap ep=1 ep_seq=7 infer_seq=59 t=928 es=0 k=57 motion_frames=0,16,32,48,64,80,96,112,128,144,160,176,192,208,224,240,256,272,288,304,320,336,352,368,384,400,416,432,448,464,480,496,512,528,544,560,576,592,608,624,640,656,672,688,704,720,736,752,768,784,800,816,832,848,864,880,896 motion_emb_sha=d153ea73c8d2a027 motion_pos_sha=bca8ade9114e0e68 motion_mask=111111111111111111111111111111111111111111111111111111111000000000000000000000000000000000000000 mem_order_sha=a777cdac8f3e3557 motion_cols_sha=2da46f232ede0f69 donor=None cover=exact:0,fallback:0,cycle:0,cross_seg:0 gate=none num_steps=10 act_sha=ef95d0168e7f7c23 infer_ms=69.5
INFO:mme_vla_suite.serving.websocket_policy_server:TIMING infer_ms=69.5
INFO:mme_vla_suite.serving.websocket_policy_server:TIMING add_buffer_ms=1459.4 frames=16 exec_start_idx=0
MV_INFER cond=normal split=test task=ButtonUnmaskSwap ep=1 ep_seq=7 infer_seq=60 t=944 es=0 k=58 motion_frames=0,16,32,48,64,80,96,112,128,144,160,176,192,208,224,240,256,272,288,304,320,336,352,368,384,400,416,432,448,464,480,496,512,528,544,560,576,592,608,624,640,656,672,688,704,720,736,752,768,784,800,816,832,848,864,880,896,912 motion_emb_sha=2f37dcb751d9ce01 motion_pos_sha=34b7233dd99a2db0 motion_mask=111111111111111111111111111111111111111111111111111111111100000000000000000000000000000000000000 mem_order_sha=6320e4ba2d244586 motion_cols_sha=3b208a16db9ab136 donor=None cover=exact:0,fallback:0,cycle:0,cross_seg:0 gate=none num_steps=10 act_sha=d375448336c548e7 infer_ms=69.2
INFO:mme_vla_suite.serving.websocket_policy_server:TIMING infer_ms=69.2
INFO:mme_vla_suite.serving.websocket_policy_server:TIMING add_buffer_ms=1455.8 frames=16 exec_start_idx=0
MV_INFER cond=normal split=test task=ButtonUnmaskSwap ep=1 ep_seq=7 infer_seq=61 t=960 es=0 k=59 motion_frames=0,16,32,48,64,80,96,112,128,144,160,176,192,208,224,240,256,272,288,304,320,336,352,368,384,400,416,432,448,464,480,496,512,528,544,560,576,592,608,624,640,656,672,688,704,720,736,752,768,784,800,816,832,848,864,880,896,912,928 motion_emb_sha=0b665458248abedd motion_pos_sha=cb7f48c244f6b94b motion_mask=111111111111111111111111111111111111111111111111111111111110000000000000000000000000000000000000 mem_order_sha=39c29249fe13bc2b motion_cols_sha=3e0e13de4529aac8 donor=None cover=exact:0,fallback:0,cycle:0,cross_seg:0 gate=none num_steps=10 act_sha=dac723342ddb9552 infer_ms=69.3
INFO:mme_vla_suite.serving.websocket_policy_server:TIMING infer_ms=69.3
INFO:mme_vla_suite.serving.websocket_policy_server:TIMING add_buffer_ms=1457.1 frames=16 exec_start_idx=0
MV_INFER cond=normal split=test task=ButtonUnmaskSwap ep=1 ep_seq=7 infer_seq=62 t=976 es=0 k=60 motion_frames=0,16,32,48,64,80,96,112,128,144,160,176,192,208,224,240,256,272,288,304,320,336,352,368,384,400,416,432,448,464,480,496,512,528,544,560,576,592,608,624,640,656,672,688,704,720,736,752,768,784,800,816,832,848,864,880,896,912,928,944 motion_emb_sha=cec911cd924233ad motion_pos_sha=0c8df1a6e41b5e23 motion_mask=111111111111111111111111111111111111111111111111111111111111000000000000000000000000000000000000 mem_order_sha=20d30cf76b3da92d motion_cols_sha=d14deafb868159f6 donor=None cover=exact:0,fallback:0,cycle:0,cross_seg:0 gate=none num_steps=10 act_sha=ede806077848731c infer_ms=69.4
INFO:mme_vla_suite.serving.websocket_policy_server:TIMING infer_ms=69.4
INFO:mme_vla_suite.serving.websocket_policy_server:TIMING add_buffer_ms=1458.1 frames=16 exec_start_idx=0
MV_INFER cond=normal split=test task=ButtonUnmaskSwap ep=1 ep_seq=7 infer_seq=63 t=992 es=0 k=61 motion_frames=0,16,32,48,64,80,96,112,128,144,160,176,192,208,224,240,256,272,288,304,320,336,352,368,384,400,416,432,448,464,480,496,512,528,544,560,576,592,608,624,640,656,672,688,704,720,736,752,768,784,800,816,832,848,864,880,896,912,928,944,960 motion_emb_sha=767211d051aa621d motion_pos_sha=6969e5ef8a2647ad motion_mask=111111111111111111111111111111111111111111111111111111111111100000000000000000000000000000000000 mem_order_sha=ea99f596f81da8fb motion_cols_sha=e49e1ad67faf939a donor=None cover=exact:0,fallback:0,cycle:0,cross_seg:0 gate=none num_steps=10 act_sha=7b327f45b5172414 infer_ms=69.3
INFO:mme_vla_suite.serving.websocket_policy_server:TIMING infer_ms=69.3
[sidecar pid=832983] 窗 #551 起点 976 耗时 1413 ms（累计 1036s）
INFO:mme_vla_suite.serving.websocket_policy_server:TIMING add_buffer_ms=1457.0 frames=16 exec_start_idx=0
MV_INFER cond=normal split=test task=ButtonUnmaskSwap ep=1 ep_seq=7 infer_seq=64 t=1008 es=0 k=62 motion_frames=0,16,32,48,64,80,96,112,128,144,160,176,192,208,224,240,256,272,288,304,320,336,352,368,384,400,416,432,448,464,480,496,512,528,544,560,576,592,608,624,640,656,672,688,704,720,736,752,768,784,800,816,832,848,864,880,896,912,928,944,960,976 motion_emb_sha=23bcccd18e6ae3e5 motion_pos_sha=68a304bc0f81b2d1 motion_mask=111111111111111111111111111111111111111111111111111111111111110000000000000000000000000000000000 mem_order_sha=cb85039bc8deeee3 motion_cols_sha=9f68376775df092c donor=None cover=exact:0,fallback:0,cycle:0,cross_seg:0 gate=none num_steps=10 act_sha=a12800fd35c28d21 infer_ms=69.6
INFO:mme_vla_suite.serving.websocket_policy_server:TIMING infer_ms=69.6
INFO:mme_vla_suite.serving.websocket_policy_server:TIMING add_buffer_ms=1460.3 frames=16 exec_start_idx=0
MV_INFER cond=normal split=test task=ButtonUnmaskSwap ep=1 ep_seq=7 infer_seq=65 t=1024 es=0 k=63 motion_frames=0,16,32,48,64,80,96,112,128,144,160,176,192,208,224,240,256,272,288,304,320,336,352,368,384,400,416,432,448,464,480,496,512,528,544,560,576,592,608,624,640,656,672,688,704,720,736,752,768,784,800,816,832,848,864,880,896,912,928,944,960,976,992 motion_emb_sha=d26f159b6d95bd07 motion_pos_sha=3a3d8e518a7990d0 motion_mask=111111111111111111111111111111111111111111111111111111111111111000000000000000000000000000000000 mem_order_sha=11fb4b3c9a39ff46 motion_cols_sha=84d86e447056559d donor=None cover=exact:0,fallback:0,cycle:0,cross_seg:0 gate=none num_steps=10 act_sha=c2afc5ea031889ce infer_ms=70.1
INFO:mme_vla_suite.serving.websocket_policy_server:TIMING infer_ms=70.1
INFO:mme_vla_suite.serving.websocket_policy_server:TIMING add_buffer_ms=1465.2 frames=16 exec_start_idx=0
MV_INFER cond=normal split=test task=ButtonUnmaskSwap ep=1 ep_seq=7 infer_seq=66 t=1040 es=0 k=64 motion_frames=0,16,32,48,64,80,96,112,128,144,160,176,192,208,224,240,256,272,288,304,320,336,352,368,384,400,416,432,448,464,480,496,512,528,544,560,576,592,608,624,640,656,672,688,704,720,736,752,768,784,800,816,832,848,864,880,896,912,928,944,960,976,992,1008 motion_emb_sha=e3fe9e65992f99b2 motion_pos_sha=53ffaa05042f1487 motion_mask=111111111111111111111111111111111111111111111111111111111111111100000000000000000000000000000000 mem_order_sha=173c4f5cff3909ff motion_cols_sha=6b874a13dc5773fe donor=None cover=exact:0,fallback:0,cycle:0,cross_seg:0 gate=none num_steps=10 act_sha=c80b539bd4e69289 infer_ms=69.9
INFO:mme_vla_suite.serving.websocket_policy_server:TIMING infer_ms=69.9
INFO:mme_vla_suite.serving.websocket_policy_server:TIMING add_buffer_ms=1467.1 frames=16 exec_start_idx=0
MV_INFER cond=normal split=test task=ButtonUnmaskSwap ep=1 ep_seq=7 infer_seq=67 t=1056 es=0 k=65 motion_frames=0,16,32,48,64,80,96,112,128,144,160,176,192,208,224,240,256,272,288,304,320,336,352,368,384,400,416,432,448,464,480,496,512,528,544,560,576,592,608,624,640,656,672,688,704,720,736,752,768,784,800,816,832,848,864,880,896,912,928,944,960,976,992,1008,1024 motion_emb_sha=a8bd6307fee384c6 motion_pos_sha=c418e4d946bed0c9 motion_mask=111111111111111111111111111111111111111111111111111111111111111110000000000000000000000000000000 mem_order_sha=92dea94c12a99a47 motion_cols_sha=52b8373c7987aeda donor=None cover=exact:0,fallback:0,cycle:0,cross_seg:0 gate=none num_steps=10 act_sha=42ad9f350133abb9 infer_ms=69.7
INFO:mme_vla_suite.serving.websocket_policy_server:TIMING infer_ms=69.7
INFO:mme_vla_suite.serving.websocket_policy_server:TIMING add_buffer_ms=1455.4 frames=16 exec_start_idx=0
MV_INFER cond=normal split=test task=ButtonUnmaskSwap ep=1 ep_seq=7 infer_seq=68 t=1072 es=0 k=66 motion_frames=0,16,32,48,64,80,96,112,128,144,160,176,192,208,224,240,256,272,288,304,320,336,352,368,384,400,416,432,448,464,480,496,512,528,544,560,576,592,608,624,640,656,672,688,704,720,736,752,768,784,800,816,832,848,864,880,896,912,928,944,960,976,992,1008,1024,1040 motion_emb_sha=504282cf722d0126 motion_pos_sha=4be728651e8fa641 motion_mask=111111111111111111111111111111111111111111111111111111111111111111000000000000000000000000000000 mem_order_sha=5f81dcb5ffcc7505 motion_cols_sha=4e8d37dd9b433350 donor=None cover=exact:0,fallback:0,cycle:0,cross_seg:0 gate=none num_steps=10 act_sha=43f360984bd38647 infer_ms=69.7
INFO:mme_vla_suite.serving.websocket_policy_server:TIMING infer_ms=69.7
INFO:mme_vla_suite.serving.websocket_policy_server:TIMING add_buffer_ms=1460.3 frames=16 exec_start_idx=0
MV_INFER cond=normal split=test task=ButtonUnmaskSwap ep=1 ep_seq=7 infer_seq=69 t=1088 es=0 k=67 motion_frames=0,16,32,48,64,80,96,112,128,144,160,176,192,208,224,240,256,272,288,304,320,336,352,368,384,400,416,432,448,464,480,496,512,528,544,560,576,592,608,624,640,656,672,688,704,720,736,752,768,784,800,816,832,848,864,880,896,912,928,944,960,976,992,1008,1024,1040,1056 motion_emb_sha=615b5b13d48a9d30 motion_pos_sha=4be2cf300c672914 motion_mask=111111111111111111111111111111111111111111111111111111111111111111100000000000000000000000000000 mem_order_sha=ed1cfe5e10d900a5 motion_cols_sha=9f325d883e270012 donor=None cover=exact:0,fallback:0,cycle:0,cross_seg:0 gate=none num_steps=10 act_sha=0b7aeae99bf5b0e2 infer_ms=69.6
INFO:mme_vla_suite.serving.websocket_policy_server:TIMING infer_ms=69.6
INFO:mme_vla_suite.serving.websocket_policy_server:TIMING add_buffer_ms=1460.0 frames=16 exec_start_idx=0
MV_INFER cond=normal split=test task=ButtonUnmaskSwap ep=1 ep_seq=7 infer_seq=70 t=1104 es=0 k=68 motion_frames=0,16,32,48,64,80,96,112,128,144,160,176,192,208,224,240,256,272,288,304,320,336,352,368,384,400,416,432,448,464,480,496,512,528,544,560,576,592,608,624,640,656,672,688,704,720,736,752,768,784,800,816,832,848,864,880,896,912,928,944,960,976,992,1008,1024,1040,1056,1072 motion_emb_sha=d3a4f0ca7396ac1b motion_pos_sha=f1771cc9a7c1c81a motion_mask=111111111111111111111111111111111111111111111111111111111111111111110000000000000000000000000000 mem_order_sha=2b2ce7eded738651 motion_cols_sha=e1d7e941199ff79f donor=None cover=exact:0,fallback:0,cycle:0,cross_seg:0 gate=none num_steps=10 act_sha=a5b9f14af8a92b93 infer_ms=69.8
INFO:mme_vla_suite.serving.websocket_policy_server:TIMING infer_ms=69.8
INFO:mme_vla_suite.serving.websocket_policy_server:TIMING add_buffer_ms=1459.0 frames=16 exec_start_idx=0
MV_INFER cond=normal split=test task=ButtonUnmaskSwap ep=1 ep_seq=7 infer_seq=71 t=1120 es=0 k=69 motion_frames=0,16,32,48,64,80,96,112,128,144,160,176,192,208,224,240,256,272,288,304,320,336,352,368,384,400,416,432,448,464,480,496,512,528,544,560,576,592,608,624,640,656,672,688,704,720,736,752,768,784,800,816,832,848,864,880,896,912,928,944,960,976,992,1008,1024,1040,1056,1072,1088 motion_emb_sha=5e9db057821d3c3a motion_pos_sha=64e385d9c7350895 motion_mask=111111111111111111111111111111111111111111111111111111111111111111111000000000000000000000000000 mem_order_sha=bd58339f940fb782 motion_cols_sha=e969946faa6cf423 donor=None cover=exact:0,fallback:0,cycle:0,cross_seg:0 gate=none num_steps=10 act_sha=cb3501dba25bda00 infer_ms=70.0
INFO:mme_vla_suite.serving.websocket_policy_server:TIMING infer_ms=70.0
INFO:mme_vla_suite.serving.websocket_policy_server:TIMING add_buffer_ms=1461.5 frames=16 exec_start_idx=0
MV_INFER cond=normal split=test task=ButtonUnmaskSwap ep=1 ep_seq=7 infer_seq=72 t=1136 es=0 k=70 motion_frames=0,16,32,48,64,80,96,112,128,144,160,176,192,208,224,240,256,272,288,304,320,336,352,368,384,400,416,432,448,464,480,496,512,528,544,560,576,592,608,624,640,656,672,688,704,720,736,752,768,784,800,816,832,848,864,880,896,912,928,944,960,976,992,1008,1024,1040,1056,1072,1088,1104 motion_emb_sha=9ddc6d009b951d29 motion_pos_sha=02413430471dedfa motion_mask=111111111111111111111111111111111111111111111111111111111111111111111100000000000000000000000000 mem_order_sha=0b404dd327a8564d motion_cols_sha=87fa21f0aa357e1d donor=None cover=exact:0,fallback:0,cycle:0,cross_seg:0 gate=none num_steps=10 act_sha=bed89a10ad766389 infer_ms=69.3
INFO:mme_vla_suite.serving.websocket_policy_server:TIMING infer_ms=69.3
INFO:mme_vla_suite.serving.websocket_policy_server:TIMING add_buffer_ms=1460.9 frames=16 exec_start_idx=0
MV_INFER cond=normal split=test task=ButtonUnmaskSwap ep=1 ep_seq=7 infer_seq=73 t=1152 es=0 k=71 motion_frames=0,16,32,48,64,80,96,112,128,144,160,176,192,208,224,240,256,272,288,304,320,336,352,368,384,400,416,432,448,464,480,496,512,528,544,560,576,592,608,624,640,656,672,688,704,720,736,752,768,784,800,816,832,848,864,880,896,912,928,944,960,976,992,1008,1024,1040,1056,1072,1088,1104,1120 motion_emb_sha=5231040cd5d555a8 motion_pos_sha=fab88c141df710d5 motion_mask=111111111111111111111111111111111111111111111111111111111111111111111110000000000000000000000000 mem_order_sha=a889ac580cefd71c motion_cols_sha=3c468ad914141d0d donor=None cover=exact:0,fallback:0,cycle:0,cross_seg:0 gate=none num_steps=10 act_sha=9f851d35e3eef3ac infer_ms=69.4
INFO:mme_vla_suite.serving.websocket_policy_server:TIMING infer_ms=69.4
INFO:mme_vla_suite.serving.websocket_policy_server:TIMING add_buffer_ms=1458.0 frames=16 exec_start_idx=0
MV_INFER cond=normal split=test task=ButtonUnmaskSwap ep=1 ep_seq=7 infer_seq=74 t=1168 es=0 k=72 motion_frames=0,16,32,48,64,80,96,112,128,144,160,176,192,208,224,240,256,272,288,304,320,336,352,368,384,400,416,432,448,464,480,496,512,528,544,560,576,592,608,624,640,656,672,688,704,720,736,752,768,784,800,816,832,848,864,880,896,912,928,944,960,976,992,1008,1024,1040,1056,1072,1088,1104,1120,1136 motion_emb_sha=c7850fbe4fb72270 motion_pos_sha=d6a6837d103909b7 motion_mask=111111111111111111111111111111111111111111111111111111111111111111111111000000000000000000000000 mem_order_sha=d483b82ad6dc5168 motion_cols_sha=0c6c7ed6aacf4632 donor=None cover=exact:0,fallback:0,cycle:0,cross_seg:0 gate=none num_steps=10 act_sha=477ec863bbc901bc infer_ms=69.8
INFO:mme_vla_suite.serving.websocket_policy_server:TIMING infer_ms=69.8
INFO:mme_vla_suite.serving.websocket_policy_server:TIMING add_buffer_ms=1459.4 frames=16 exec_start_idx=0
MV_INFER cond=normal split=test task=ButtonUnmaskSwap ep=1 ep_seq=7 infer_seq=75 t=1184 es=0 k=73 motion_frames=0,16,32,48,64,80,96,112,128,144,160,176,192,208,224,240,256,272,288,304,320,336,352,368,384,400,416,432,448,464,480,496,512,528,544,560,576,592,608,624,640,656,672,688,704,720,736,752,768,784,800,816,832,848,864,880,896,912,928,944,960,976,992,1008,1024,1040,1056,1072,1088,1104,1120,1136,1152 motion_emb_sha=2d17ca3369f2b598 motion_pos_sha=b9f2cb6eb308ecb4 motion_mask=111111111111111111111111111111111111111111111111111111111111111111111111100000000000000000000000 mem_order_sha=d02d0aed837362f6 motion_cols_sha=2a3614e2ed121717 donor=None cover=exact:0,fallback:0,cycle:0,cross_seg:0 gate=none num_steps=10 act_sha=d14b4480b3d7ec7b infer_ms=69.6
INFO:mme_vla_suite.serving.websocket_policy_server:TIMING infer_ms=69.6
INFO:mme_vla_suite.serving.websocket_policy_server:TIMING add_buffer_ms=1457.1 frames=16 exec_start_idx=0
MV_INFER cond=normal split=test task=ButtonUnmaskSwap ep=1 ep_seq=7 infer_seq=76 t=1200 es=0 k=74 motion_frames=0,16,32,48,64,80,96,112,128,144,160,176,192,208,224,240,256,272,288,304,320,336,352,368,384,400,416,432,448,464,480,496,512,528,544,560,576,592,608,624,640,656,672,688,704,720,736,752,768,784,800,816,832,848,864,880,896,912,928,944,960,976,992,1008,1024,1040,1056,1072,1088,1104,1120,1136,1152,1168 motion_emb_sha=156e57310018d8e9 motion_pos_sha=c16da1b65c95ec2c motion_mask=111111111111111111111111111111111111111111111111111111111111111111111111110000000000000000000000 mem_order_sha=5e6b887dca10ded1 motion_cols_sha=0637e352fbbaefdf donor=None cover=exact:0,fallback:0,cycle:0,cross_seg:0 gate=none num_steps=10 act_sha=c3b20232416b2427 infer_ms=69.4
INFO:mme_vla_suite.serving.websocket_policy_server:TIMING infer_ms=69.4
INFO:mme_vla_suite.serving.websocket_policy_server:TIMING add_buffer_ms=1463.0 frames=16 exec_start_idx=0
MV_INFER cond=normal split=test task=ButtonUnmaskSwap ep=1 ep_seq=7 infer_seq=77 t=1216 es=0 k=75 motion_frames=0,16,32,48,64,80,96,112,128,144,160,176,192,208,224,240,256,272,288,304,320,336,352,368,384,400,416,432,448,464,480,496,512,528,544,560,576,592,608,624,640,656,672,688,704,720,736,752,768,784,800,816,832,848,864,880,896,912,928,944,960,976,992,1008,1024,1040,1056,1072,1088,1104,1120,1136,1152,1168,1184 motion_emb_sha=c367175578376f4d motion_pos_sha=6aa36bab2e46f370 motion_mask=111111111111111111111111111111111111111111111111111111111111111111111111111000000000000000000000 mem_order_sha=d100c887873fb6e6 motion_cols_sha=846007b9906b64ef donor=None cover=exact:0,fallback:0,cycle:0,cross_seg:0 gate=none num_steps=10 act_sha=04afe5f95fe00955 infer_ms=69.9
INFO:mme_vla_suite.serving.websocket_policy_server:TIMING infer_ms=69.9
INFO:mme_vla_suite.serving.websocket_policy_server:TIMING add_buffer_ms=1464.5 frames=16 exec_start_idx=0
MV_INFER cond=normal split=test task=ButtonUnmaskSwap ep=1 ep_seq=7 infer_seq=78 t=1232 es=0 k=76 motion_frames=0,16,32,48,64,80,96,112,128,144,160,176,192,208,224,240,256,272,288,304,320,336,352,368,384,400,416,432,448,464,480,496,512,528,544,560,576,592,608,624,640,656,672,688,704,720,736,752,768,784,800,816,832,848,864,880,896,912,928,944,960,976,992,1008,1024,1040,1056,1072,1088,1104,1120,1136,1152,1168,1184,1200 motion_emb_sha=70a8d6a6b094efd8 motion_pos_sha=39a2d766dea0ddac motion_mask=111111111111111111111111111111111111111111111111111111111111111111111111111100000000000000000000 mem_order_sha=601ccd8775c9d37f motion_cols_sha=fb27e958d1ca6acf donor=None cover=exact:0,fallback:0,cycle:0,cross_seg:0 gate=none num_steps=10 act_sha=9990f536dbfb6608 infer_ms=69.7
INFO:mme_vla_suite.serving.websocket_policy_server:TIMING infer_ms=69.7
INFO:mme_vla_suite.serving.websocket_policy_server:TIMING add_buffer_ms=1459.3 frames=16 exec_start_idx=0
MV_INFER cond=normal split=test task=ButtonUnmaskSwap ep=1 ep_seq=7 infer_seq=79 t=1248 es=0 k=77 motion_frames=0,16,32,48,64,80,96,112,128,144,160,176,192,208,224,240,256,272,288,304,320,336,352,368,384,400,416,432,448,464,480,496,512,528,544,560,576,592,608,624,640,656,672,688,704,720,736,752,768,784,800,816,832,848,864,880,896,912,928,944,960,976,992,1008,1024,1040,1056,1072,1088,1104,1120,1136,1152,1168,1184,1200,1216 motion_emb_sha=7080e0dda9a073d4 motion_pos_sha=6ed6eeb0d66bd601 motion_mask=111111111111111111111111111111111111111111111111111111111111111111111111111110000000000000000000 mem_order_sha=ccc9899d21634b2a motion_cols_sha=d02ea63e106e047b donor=None cover=exact:0,fallback:0,cycle:0,cross_seg:0 gate=none num_steps=10 act_sha=ffa1988f6f3ab9e8 infer_ms=69.7
INFO:mme_vla_suite.serving.websocket_policy_server:TIMING infer_ms=69.7
INFO:mme_vla_suite.serving.websocket_policy_server:TIMING add_buffer_ms=1457.6 frames=16 exec_start_idx=0
MV_INFER cond=normal split=test task=ButtonUnmaskSwap ep=1 ep_seq=7 infer_seq=80 t=1264 es=0 k=78 motion_frames=0,16,32,48,64,80,96,112,128,144,160,176,192,208,224,240,256,272,288,304,320,336,352,368,384,400,416,432,448,464,480,496,512,528,544,560,576,592,608,624,640,656,672,688,704,720,736,752,768,784,800,816,832,848,864,880,896,912,928,944,960,976,992,1008,1024,1040,1056,1072,1088,1104,1120,1136,1152,1168,1184,1200,1216,1232 motion_emb_sha=ee6491e9127a3f68 motion_pos_sha=b56acc673c0e014a motion_mask=111111111111111111111111111111111111111111111111111111111111111111111111111111000000000000000000 mem_order_sha=2a2e1a3758e26885 motion_cols_sha=ae9de628d8823bf2 donor=None cover=exact:0,fallback:0,cycle:0,cross_seg:0 gate=none num_steps=10 act_sha=2ef5e6dfec8b170a infer_ms=69.8
INFO:mme_vla_suite.serving.websocket_policy_server:TIMING infer_ms=69.8
INFO:mme_vla_suite.serving.websocket_policy_server:TIMING add_buffer_ms=1467.8 frames=16 exec_start_idx=0
MV_INFER cond=normal split=test task=ButtonUnmaskSwap ep=1 ep_seq=7 infer_seq=81 t=1280 es=0 k=79 motion_frames=0,16,32,48,64,80,96,112,128,144,160,176,192,208,224,240,256,272,288,304,320,336,352,368,384,400,416,432,448,464,480,496,512,528,544,560,576,592,608,624,640,656,672,688,704,720,736,752,768,784,800,816,832,848,864,880,896,912,928,944,960,976,992,1008,1024,1040,1056,1072,1088,1104,1120,1136,1152,1168,1184,1200,1216,1232,1248 motion_emb_sha=0a7618aab0489edf motion_pos_sha=b50012ccc2a650c3 motion_mask=111111111111111111111111111111111111111111111111111111111111111111111111111111100000000000000000 mem_order_sha=1fed3421d7469d6a motion_cols_sha=b62f12e1cc2e6f4f donor=None cover=exact:0,fallback:0,cycle:0,cross_seg:0 gate=none num_steps=10 act_sha=29e3bcd84efa4882 infer_ms=69.3
INFO:mme_vla_suite.serving.websocket_policy_server:TIMING infer_ms=69.3
INFO:mme_vla_suite.serving.websocket_policy_server:TIMING add_buffer_ms=1459.0 frames=16 exec_start_idx=0
MV_INFER cond=normal split=test task=ButtonUnmaskSwap ep=1 ep_seq=7 infer_seq=82 t=1296 es=0 k=80 motion_frames=0,16,32,48,64,80,96,112,128,144,160,176,192,208,224,240,256,272,288,304,320,336,352,368,384,400,416,432,448,464,480,496,512,528,544,560,576,592,608,624,640,656,672,688,704,720,736,752,768,784,800,816,832,848,864,880,896,912,928,944,960,976,992,1008,1024,1040,1056,1072,1088,1104,1120,1136,1152,1168,1184,1200,1216,1232,1248,1264 motion_emb_sha=cd0171d92f8fdca9 motion_pos_sha=d5131e7c6233e7d1 motion_mask=111111111111111111111111111111111111111111111111111111111111111111111111111111110000000000000000 mem_order_sha=a4387b88c08b7549 motion_cols_sha=81f2fc212bebb4ee donor=None cover=exact:0,fallback:0,cycle:0,cross_seg:0 gate=none num_steps=10 act_sha=397a188ed1c7d6fd infer_ms=69.7
INFO:mme_vla_suite.serving.websocket_policy_server:TIMING infer_ms=69.7
INFO:websockets.server:connection open
INFO:mme_vla_suite.serving.websocket_policy_server:Connection from ('127.0.0.1', 38124) opened
MV_EPISODE_END ep_seq=7 infers=82 windows=80 wall_s=147.9
MV_EPISODE_BEGIN cond=normal split=test seed=42 ep_seq=8 expect=ButtonUnmaskSwap:5
INFO:mme_vla_suite.serving.websocket_policy_server:TIMING add_buffer_ms=6.9 frames=1 exec_start_idx=0
MV_INFER cond=normal split=test task=ButtonUnmaskSwap ep=5 ep_seq=8 infer_seq=1 t=0 es=0 k=0 motion_frames=- motion_emb_sha=a3e8328721cbb943 motion_pos_sha=f5952cfc3406b7e9 motion_mask=000000000000000000000000000000000000000000000000000000000000000000000000000000000000000000000000 mem_order_sha=e3d555e881e5b964 motion_cols_sha=05f65c2b46f544eb donor=None cover=exact:0,fallback:0,cycle:0,cross_seg:0 gate=none num_steps=10 act_sha=e1f999817bfc49de infer_ms=69.1
INFO:mme_vla_suite.serving.websocket_policy_server:TIMING infer_ms=69.1
INFO:mme_vla_suite.serving.websocket_policy_server:TIMING add_buffer_ms=36.3 frames=16 exec_start_idx=0
MV_INFER cond=normal split=test task=ButtonUnmaskSwap ep=5 ep_seq=8 infer_seq=2 t=16 es=0 k=0 motion_frames=- motion_emb_sha=a3e8328721cbb943 motion_pos_sha=f5952cfc3406b7e9 motion_mask=000000000000000000000000000000000000000000000000000000000000000000000000000000000000000000000000 mem_order_sha=e3d555e881e5b964 motion_cols_sha=05f65c2b46f544eb donor=None cover=exact:0,fallback:0,cycle:0,cross_seg:0 gate=none num_steps=10 act_sha=290187b4bbf68ccd infer_ms=69.2
INFO:mme_vla_suite.serving.websocket_policy_server:TIMING infer_ms=69.2
INFO:mme_vla_suite.serving.websocket_policy_server:TIMING add_buffer_ms=1460.5 frames=16 exec_start_idx=0
MV_INFER cond=normal split=test task=ButtonUnmaskSwap ep=5 ep_seq=8 infer_seq=3 t=32 es=0 k=1 motion_frames=0 motion_emb_sha=b33ff6e150c0fe77 motion_pos_sha=5a53d7fa887419cf motion_mask=100000000000000000000000000000000000000000000000000000000000000000000000000000000000000000000000 mem_order_sha=1c4ecd136e06d2ca motion_cols_sha=34669806f215f6a3 donor=None cover=exact:0,fallback:0,cycle:0,cross_seg:0 gate=none num_steps=10 act_sha=3a8b5d45da472d92 infer_ms=69.1
INFO:mme_vla_suite.serving.websocket_policy_server:TIMING infer_ms=69.1
INFO:mme_vla_suite.serving.websocket_policy_server:TIMING add_buffer_ms=1458.8 frames=16 exec_start_idx=0
MV_INFER cond=normal split=test task=ButtonUnmaskSwap ep=5 ep_seq=8 infer_seq=4 t=48 es=0 k=2 motion_frames=0,16 motion_emb_sha=6fd733f9b062be27 motion_pos_sha=e97dc0e05f375cbe motion_mask=110000000000000000000000000000000000000000000000000000000000000000000000000000000000000000000000 mem_order_sha=74ca653da96ef384 motion_cols_sha=fba18d536d075a6e donor=None cover=exact:0,fallback:0,cycle:0,cross_seg:0 gate=none num_steps=10 act_sha=7842969a6badc5c4 infer_ms=69.6
INFO:mme_vla_suite.serving.websocket_policy_server:TIMING infer_ms=69.6
INFO:mme_vla_suite.serving.websocket_policy_server:TIMING add_buffer_ms=1457.9 frames=16 exec_start_idx=0
MV_INFER cond=normal split=test task=ButtonUnmaskSwap ep=5 ep_seq=8 infer_seq=5 t=64 es=0 k=3 motion_frames=0,16,32 motion_emb_sha=3541cedfed38720c motion_pos_sha=358a8247438e4586 motion_mask=111000000000000000000000000000000000000000000000000000000000000000000000000000000000000000000000 mem_order_sha=4bdcb6154ce3db09 motion_cols_sha=ec75f2710ccf7d3e donor=None cover=exact:0,fallback:0,cycle:0,cross_seg:0 gate=none num_steps=10 act_sha=d3dbb09f68face07 infer_ms=69.4
INFO:mme_vla_suite.serving.websocket_policy_server:TIMING infer_ms=69.4
INFO:mme_vla_suite.serving.websocket_policy_server:TIMING add_buffer_ms=1472.4 frames=16 exec_start_idx=0
MV_INFER cond=normal split=test task=ButtonUnmaskSwap ep=5 ep_seq=8 infer_seq=6 t=80 es=0 k=4 motion_frames=0,16,32,48 motion_emb_sha=66d67fbe4b2acff5 motion_pos_sha=88620c635e0b1611 motion_mask=111100000000000000000000000000000000000000000000000000000000000000000000000000000000000000000000 mem_order_sha=3f30de4433e4d89f motion_cols_sha=d94e9739c8cfc07e donor=None cover=exact:0,fallback:0,cycle:0,cross_seg:0 gate=none num_steps=10 act_sha=2ee187a32a1629cd infer_ms=69.3
INFO:mme_vla_suite.serving.websocket_policy_server:TIMING infer_ms=69.3
INFO:mme_vla_suite.serving.websocket_policy_server:TIMING add_buffer_ms=1460.9 frames=16 exec_start_idx=0
MV_INFER cond=normal split=test task=ButtonUnmaskSwap ep=5 ep_seq=8 infer_seq=7 t=96 es=0 k=5 motion_frames=0,16,32,48,64 motion_emb_sha=db0e052e79f35ad9 motion_pos_sha=4d979259a4c37547 motion_mask=111110000000000000000000000000000000000000000000000000000000000000000000000000000000000000000000 mem_order_sha=1525b7045b2c259a motion_cols_sha=07c8247e6ab1f89c donor=None cover=exact:0,fallback:0,cycle:0,cross_seg:0 gate=none num_steps=10 act_sha=e95c2ca3cce11431 infer_ms=69.2
INFO:mme_vla_suite.serving.websocket_policy_server:TIMING infer_ms=69.2
INFO:mme_vla_suite.serving.websocket_policy_server:TIMING add_buffer_ms=1460.3 frames=16 exec_start_idx=0
MV_INFER cond=normal split=test task=ButtonUnmaskSwap ep=5 ep_seq=8 infer_seq=8 t=112 es=0 k=6 motion_frames=0,16,32,48,64,80 motion_emb_sha=97090aa130056f9c motion_pos_sha=9c9d9e6cd7cfd81a motion_mask=111111000000000000000000000000000000000000000000000000000000000000000000000000000000000000000000 mem_order_sha=afd67825f39380f3 motion_cols_sha=5c7781d2e1462709 donor=None cover=exact:0,fallback:0,cycle:0,cross_seg:0 gate=none num_steps=10 act_sha=5dfc872a1fb10142 infer_ms=69.3
INFO:mme_vla_suite.serving.websocket_policy_server:TIMING infer_ms=69.3
INFO:mme_vla_suite.serving.websocket_policy_server:TIMING add_buffer_ms=1456.8 frames=16 exec_start_idx=0
MV_INFER cond=normal split=test task=ButtonUnmaskSwap ep=5 ep_seq=8 infer_seq=9 t=128 es=0 k=7 motion_frames=0,16,32,48,64,80,96 motion_emb_sha=e6899d534b876c56 motion_pos_sha=eaa30818e1807d0a motion_mask=111111100000000000000000000000000000000000000000000000000000000000000000000000000000000000000000 mem_order_sha=53c51af96e80b36b motion_cols_sha=37fb24d50661d1a4 donor=None cover=exact:0,fallback:0,cycle:0,cross_seg:0 gate=none num_steps=10 act_sha=3b3d3668a485c7e8 infer_ms=69.2
INFO:mme_vla_suite.serving.websocket_policy_server:TIMING infer_ms=69.2
INFO:mme_vla_suite.serving.websocket_policy_server:TIMING add_buffer_ms=1469.3 frames=16 exec_start_idx=0
MV_INFER cond=normal split=test task=ButtonUnmaskSwap ep=5 ep_seq=8 infer_seq=10 t=144 es=0 k=8 motion_frames=0,16,32,48,64,80,96,112 motion_emb_sha=bdf6f62e6b2c3f19 motion_pos_sha=19cfd5aa81fbc280 motion_mask=111111110000000000000000000000000000000000000000000000000000000000000000000000000000000000000000 mem_order_sha=8f7b8d26bf2ab128 motion_cols_sha=887c1c00aa54ee17 donor=None cover=exact:0,fallback:0,cycle:0,cross_seg:0 gate=none num_steps=10 act_sha=932f7c1684db0769 infer_ms=69.2
INFO:mme_vla_suite.serving.websocket_policy_server:TIMING infer_ms=69.2
INFO:mme_vla_suite.serving.websocket_policy_server:TIMING add_buffer_ms=1462.8 frames=16 exec_start_idx=0
MV_INFER cond=normal split=test task=ButtonUnmaskSwap ep=5 ep_seq=8 infer_seq=11 t=160 es=0 k=9 motion_frames=0,16,32,48,64,80,96,112,128 motion_emb_sha=afa81a38a3ddb841 motion_pos_sha=36755060bcdb5f34 motion_mask=111111111000000000000000000000000000000000000000000000000000000000000000000000000000000000000000 mem_order_sha=b08d4d55ab2fad2d motion_cols_sha=104972a6841c0e38 donor=None cover=exact:0,fallback:0,cycle:0,cross_seg:0 gate=none num_steps=10 act_sha=f5fafd71047d2e57 infer_ms=69.3
INFO:mme_vla_suite.serving.websocket_policy_server:TIMING infer_ms=69.3
INFO:mme_vla_suite.serving.websocket_policy_server:TIMING add_buffer_ms=1463.4 frames=16 exec_start_idx=0
MV_INFER cond=normal split=test task=ButtonUnmaskSwap ep=5 ep_seq=8 infer_seq=12 t=176 es=0 k=10 motion_frames=0,16,32,48,64,80,96,112,128,144 motion_emb_sha=fb0f91d9ad5c189c motion_pos_sha=386aa1c736701f60 motion_mask=111111111100000000000000000000000000000000000000000000000000000000000000000000000000000000000000 mem_order_sha=4ddf162636dd4c53 motion_cols_sha=fe64c98459b2eb86 donor=None cover=exact:0,fallback:0,cycle:0,cross_seg:0 gate=none num_steps=10 act_sha=33255ce2cd4dc16a infer_ms=69.5
INFO:mme_vla_suite.serving.websocket_policy_server:TIMING infer_ms=69.5
INFO:mme_vla_suite.serving.websocket_policy_server:TIMING add_buffer_ms=1464.9 frames=16 exec_start_idx=0
MV_INFER cond=normal split=test task=ButtonUnmaskSwap ep=5 ep_seq=8 infer_seq=13 t=192 es=0 k=11 motion_frames=0,16,32,48,64,80,96,112,128,144,160 motion_emb_sha=dbb24a7d4b8cbfeb motion_pos_sha=097ffa0dc4e98049 motion_mask=111111111110000000000000000000000000000000000000000000000000000000000000000000000000000000000000 mem_order_sha=2fdbc05fbe4c5192 motion_cols_sha=ca0a097bc6347240 donor=None cover=exact:0,fallback:0,cycle:0,cross_seg:0 gate=none num_steps=10 act_sha=066e98ac2694c43b infer_ms=69.2
INFO:mme_vla_suite.serving.websocket_policy_server:TIMING infer_ms=69.2
INFO:mme_vla_suite.serving.websocket_policy_server:TIMING add_buffer_ms=1467.0 frames=16 exec_start_idx=0
MV_INFER cond=normal split=test task=ButtonUnmaskSwap ep=5 ep_seq=8 infer_seq=14 t=208 es=0 k=12 motion_frames=0,16,32,48,64,80,96,112,128,144,160,176 motion_emb_sha=bac480e73db593b9 motion_pos_sha=faf6de0b8c07a1d5 motion_mask=111111111111000000000000000000000000000000000000000000000000000000000000000000000000000000000000 mem_order_sha=e609c91b740de309 motion_cols_sha=08c16a7fb49e3eae donor=None cover=exact:0,fallback:0,cycle:0,cross_seg:0 gate=none num_steps=10 act_sha=148b7bc122ebb2bc infer_ms=69.6
INFO:mme_vla_suite.serving.websocket_policy_server:TIMING infer_ms=69.6
INFO:mme_vla_suite.serving.websocket_policy_server:TIMING add_buffer_ms=1464.8 frames=16 exec_start_idx=0
MV_INFER cond=normal split=test task=ButtonUnmaskSwap ep=5 ep_seq=8 infer_seq=15 t=224 es=0 k=13 motion_frames=0,16,32,48,64,80,96,112,128,144,160,176,192 motion_emb_sha=1e56008354cba106 motion_pos_sha=cf92c2382e433b7f motion_mask=111111111111100000000000000000000000000000000000000000000000000000000000000000000000000000000000 mem_order_sha=e29d70b97917b96b motion_cols_sha=b802255c0a86c139 donor=None cover=exact:0,fallback:0,cycle:0,cross_seg:0 gate=none num_steps=10 act_sha=185497aa760e67b4 infer_ms=69.2
INFO:mme_vla_suite.serving.websocket_policy_server:TIMING infer_ms=69.2
INFO:mme_vla_suite.serving.websocket_policy_server:TIMING add_buffer_ms=1463.8 frames=16 exec_start_idx=0
MV_INFER cond=normal split=test task=ButtonUnmaskSwap ep=5 ep_seq=8 infer_seq=16 t=240 es=0 k=14 motion_frames=0,16,32,48,64,80,96,112,128,144,160,176,192,208 motion_emb_sha=6432d7a1eff8794a motion_pos_sha=d4be4f2b999b323a motion_mask=111111111111110000000000000000000000000000000000000000000000000000000000000000000000000000000000 mem_order_sha=a06ee3a41d7c396e motion_cols_sha=0f0b4abb0ce08604 donor=None cover=exact:0,fallback:0,cycle:0,cross_seg:0 gate=none num_steps=10 act_sha=5f47f2de083a16e2 infer_ms=69.4
INFO:mme_vla_suite.serving.websocket_policy_server:TIMING infer_ms=69.4
INFO:mme_vla_suite.serving.websocket_policy_server:TIMING add_buffer_ms=1456.3 frames=16 exec_start_idx=0
MV_INFER cond=normal split=test task=ButtonUnmaskSwap ep=5 ep_seq=8 infer_seq=17 t=256 es=0 k=15 motion_frames=0,16,32,48,64,80,96,112,128,144,160,176,192,208,224 motion_emb_sha=7a0c724a69cfe85e motion_pos_sha=41ec3ade545a49c9 motion_mask=111111111111111000000000000000000000000000000000000000000000000000000000000000000000000000000000 mem_order_sha=d2c65ae0ef95982c motion_cols_sha=b6defef0c13ecc23 donor=None cover=exact:0,fallback:0,cycle:0,cross_seg:0 gate=none num_steps=10 act_sha=ce10b12b2f53df00 infer_ms=69.2
INFO:mme_vla_suite.serving.websocket_policy_server:TIMING infer_ms=69.2
INFO:mme_vla_suite.serving.websocket_policy_server:TIMING add_buffer_ms=1462.1 frames=16 exec_start_idx=0
MV_INFER cond=normal split=test task=ButtonUnmaskSwap ep=5 ep_seq=8 infer_seq=18 t=272 es=0 k=16 motion_frames=0,16,32,48,64,80,96,112,128,144,160,176,192,208,224,240 motion_emb_sha=960831de53e9e04e motion_pos_sha=3e49496373152e70 motion_mask=111111111111111100000000000000000000000000000000000000000000000000000000000000000000000000000000 mem_order_sha=3896c62684021e06 motion_cols_sha=61fa1ff66e32da0b donor=None cover=exact:0,fallback:0,cycle:0,cross_seg:0 gate=none num_steps=10 act_sha=20d8fd1c8b59516b infer_ms=69.5
INFO:mme_vla_suite.serving.websocket_policy_server:TIMING infer_ms=69.5
INFO:mme_vla_suite.serving.websocket_policy_server:TIMING add_buffer_ms=1455.9 frames=16 exec_start_idx=0
MV_INFER cond=normal split=test task=ButtonUnmaskSwap ep=5 ep_seq=8 infer_seq=19 t=288 es=0 k=17 motion_frames=0,16,32,48,64,80,96,112,128,144,160,176,192,208,224,240,256 motion_emb_sha=7ccd81a9f0b27b7f motion_pos_sha=630eed5d2ad0fee5 motion_mask=111111111111111110000000000000000000000000000000000000000000000000000000000000000000000000000000 mem_order_sha=3fa901451944a6ae motion_cols_sha=11afac2e3a295654 donor=None cover=exact:0,fallback:0,cycle:0,cross_seg:0 gate=none num_steps=10 act_sha=7309c788bfea85d3 infer_ms=69.7
INFO:mme_vla_suite.serving.websocket_policy_server:TIMING infer_ms=69.7
INFO:mme_vla_suite.serving.websocket_policy_server:TIMING add_buffer_ms=1461.0 frames=16 exec_start_idx=0
MV_INFER cond=normal split=test task=ButtonUnmaskSwap ep=5 ep_seq=8 infer_seq=20 t=304 es=0 k=18 motion_frames=0,16,32,48,64,80,96,112,128,144,160,176,192,208,224,240,256,272 motion_emb_sha=636ac2a8090d07b4 motion_pos_sha=7508bb7966bd8997 motion_mask=111111111111111111000000000000000000000000000000000000000000000000000000000000000000000000000000 mem_order_sha=7ec3836c904d86da motion_cols_sha=00e37dc990bcf6a9 donor=None cover=exact:0,fallback:0,cycle:0,cross_seg:0 gate=none num_steps=10 act_sha=46f0e6c4699079fe infer_ms=69.9
INFO:mme_vla_suite.serving.websocket_policy_server:TIMING infer_ms=69.9
INFO:mme_vla_suite.serving.websocket_policy_server:TIMING add_buffer_ms=1464.3 frames=16 exec_start_idx=0
MV_INFER cond=normal split=test task=ButtonUnmaskSwap ep=5 ep_seq=8 infer_seq=21 t=320 es=0 k=19 motion_frames=0,16,32,48,64,80,96,112,128,144,160,176,192,208,224,240,256,272,288 motion_emb_sha=6b5ab894549b2549 motion_pos_sha=27604282300f89dd motion_mask=111111111111111111100000000000000000000000000000000000000000000000000000000000000000000000000000 mem_order_sha=1bcee858ac8581ba motion_cols_sha=848fded77b707435 donor=None cover=exact:0,fallback:0,cycle:0,cross_seg:0 gate=none num_steps=10 act_sha=15047eafa08a9232 infer_ms=69.3
INFO:mme_vla_suite.serving.websocket_policy_server:TIMING infer_ms=69.3
INFO:mme_vla_suite.serving.websocket_policy_server:TIMING add_buffer_ms=1460.7 frames=16 exec_start_idx=0
MV_INFER cond=normal split=test task=ButtonUnmaskSwap ep=5 ep_seq=8 infer_seq=22 t=336 es=0 k=20 motion_frames=0,16,32,48,64,80,96,112,128,144,160,176,192,208,224,240,256,272,288,304 motion_emb_sha=ef034a4cb2f026c8 motion_pos_sha=82d754eb6c9c7d28 motion_mask=111111111111111111110000000000000000000000000000000000000000000000000000000000000000000000000000 mem_order_sha=8e4f7352af852292 motion_cols_sha=0957e9030d15feb5 donor=None cover=exact:0,fallback:0,cycle:0,cross_seg:0 gate=none num_steps=10 act_sha=78b1cd3bdc122e59 infer_ms=69.2
INFO:mme_vla_suite.serving.websocket_policy_server:TIMING infer_ms=69.2
INFO:mme_vla_suite.serving.websocket_policy_server:TIMING add_buffer_ms=1464.9 frames=16 exec_start_idx=0
MV_INFER cond=normal split=test task=ButtonUnmaskSwap ep=5 ep_seq=8 infer_seq=23 t=352 es=0 k=21 motion_frames=0,16,32,48,64,80,96,112,128,144,160,176,192,208,224,240,256,272,288,304,320 motion_emb_sha=84a38606910e6159 motion_pos_sha=b2ded91f4b1e3497 motion_mask=111111111111111111111000000000000000000000000000000000000000000000000000000000000000000000000000 mem_order_sha=e911ccd99a0e7698 motion_cols_sha=9639f994ec80e283 donor=None cover=exact:0,fallback:0,cycle:0,cross_seg:0 gate=none num_steps=10 act_sha=5e0af4c04487aa69 infer_ms=69.2
INFO:mme_vla_suite.serving.websocket_policy_server:TIMING infer_ms=69.2
INFO:mme_vla_suite.serving.websocket_policy_server:TIMING add_buffer_ms=1461.0 frames=16 exec_start_idx=0
MV_INFER cond=normal split=test task=ButtonUnmaskSwap ep=5 ep_seq=8 infer_seq=24 t=368 es=0 k=22 motion_frames=0,16,32,48,64,80,96,112,128,144,160,176,192,208,224,240,256,272,288,304,320,336 motion_emb_sha=8223a15988b5468e motion_pos_sha=02b5313d34dbb54d motion_mask=111111111111111111111100000000000000000000000000000000000000000000000000000000000000000000000000 mem_order_sha=a5e37ce80bde382c motion_cols_sha=4c78bbca76234a73 donor=None cover=exact:0,fallback:0,cycle:0,cross_seg:0 gate=none num_steps=10 act_sha=e79914986ea13aee infer_ms=69.5
INFO:mme_vla_suite.serving.websocket_policy_server:TIMING infer_ms=69.5
INFO:mme_vla_suite.serving.websocket_policy_server:TIMING add_buffer_ms=1462.8 frames=16 exec_start_idx=0
MV_INFER cond=normal split=test task=ButtonUnmaskSwap ep=5 ep_seq=8 infer_seq=25 t=384 es=0 k=23 motion_frames=0,16,32,48,64,80,96,112,128,144,160,176,192,208,224,240,256,272,288,304,320,336,352 motion_emb_sha=da4e97831f995784 motion_pos_sha=394430f2fe2a111f motion_mask=111111111111111111111110000000000000000000000000000000000000000000000000000000000000000000000000 mem_order_sha=ef888998c2ee9177 motion_cols_sha=d31a91eabb80a17e donor=None cover=exact:0,fallback:0,cycle:0,cross_seg:0 gate=none num_steps=10 act_sha=b1c3059f9a08c393 infer_ms=69.3
INFO:mme_vla_suite.serving.websocket_policy_server:TIMING infer_ms=69.3
INFO:mme_vla_suite.serving.websocket_policy_server:TIMING add_buffer_ms=1462.6 frames=16 exec_start_idx=0
MV_INFER cond=normal split=test task=ButtonUnmaskSwap ep=5 ep_seq=8 infer_seq=26 t=400 es=0 k=24 motion_frames=0,16,32,48,64,80,96,112,128,144,160,176,192,208,224,240,256,272,288,304,320,336,352,368 motion_emb_sha=2df6aea43c9ef61e motion_pos_sha=5af02f3dfcb16729 motion_mask=111111111111111111111111000000000000000000000000000000000000000000000000000000000000000000000000 mem_order_sha=a4b34693220533ac motion_cols_sha=470d57efa976fc1f donor=None cover=exact:0,fallback:0,cycle:0,cross_seg:0 gate=none num_steps=10 act_sha=46d1e057786e913b infer_ms=69.8
INFO:mme_vla_suite.serving.websocket_policy_server:TIMING infer_ms=69.8
INFO:mme_vla_suite.serving.websocket_policy_server:TIMING add_buffer_ms=1456.1 frames=16 exec_start_idx=0
MV_INFER cond=normal split=test task=ButtonUnmaskSwap ep=5 ep_seq=8 infer_seq=27 t=416 es=0 k=25 motion_frames=0,16,32,48,64,80,96,112,128,144,160,176,192,208,224,240,256,272,288,304,320,336,352,368,384 motion_emb_sha=b0280628d35370df motion_pos_sha=6687fe3ef7ab6c31 motion_mask=111111111111111111111111100000000000000000000000000000000000000000000000000000000000000000000000 mem_order_sha=2e8f0f44cf91994f motion_cols_sha=25511e64898b44f0 donor=None cover=exact:0,fallback:0,cycle:0,cross_seg:0 gate=none num_steps=10 act_sha=ce8485d78e43beb0 infer_ms=69.8
INFO:mme_vla_suite.serving.websocket_policy_server:TIMING infer_ms=69.8
INFO:mme_vla_suite.serving.websocket_policy_server:TIMING add_buffer_ms=1460.7 frames=16 exec_start_idx=0
MV_INFER cond=normal split=test task=ButtonUnmaskSwap ep=5 ep_seq=8 infer_seq=28 t=432 es=0 k=26 motion_frames=0,16,32,48,64,80,96,112,128,144,160,176,192,208,224,240,256,272,288,304,320,336,352,368,384,400 motion_emb_sha=7fb48cfe8f848d79 motion_pos_sha=628a1d586ea0ead0 motion_mask=111111111111111111111111110000000000000000000000000000000000000000000000000000000000000000000000 mem_order_sha=7f421c86fa09d6ff motion_cols_sha=2fc323dd0f89e21e donor=None cover=exact:0,fallback:0,cycle:0,cross_seg:0 gate=none num_steps=10 act_sha=40542255f3497c56 infer_ms=69.6
INFO:mme_vla_suite.serving.websocket_policy_server:TIMING infer_ms=69.6
INFO:mme_vla_suite.serving.websocket_policy_server:TIMING add_buffer_ms=1455.7 frames=16 exec_start_idx=0
MV_INFER cond=normal split=test task=ButtonUnmaskSwap ep=5 ep_seq=8 infer_seq=29 t=448 es=0 k=27 motion_frames=0,16,32,48,64,80,96,112,128,144,160,176,192,208,224,240,256,272,288,304,320,336,352,368,384,400,416 motion_emb_sha=1a4db262ff4c6fe6 motion_pos_sha=374d18e42d46d506 motion_mask=111111111111111111111111111000000000000000000000000000000000000000000000000000000000000000000000 mem_order_sha=a9601380358f26a3 motion_cols_sha=a013e7a2c5f47434 donor=None cover=exact:0,fallback:0,cycle:0,cross_seg:0 gate=none num_steps=10 act_sha=bf132e064f5e8c06 infer_ms=69.3
INFO:mme_vla_suite.serving.websocket_policy_server:TIMING infer_ms=69.3
INFO:mme_vla_suite.serving.websocket_policy_server:TIMING add_buffer_ms=1464.1 frames=16 exec_start_idx=0
MV_INFER cond=normal split=test task=ButtonUnmaskSwap ep=5 ep_seq=8 infer_seq=30 t=464 es=0 k=28 motion_frames=0,16,32,48,64,80,96,112,128,144,160,176,192,208,224,240,256,272,288,304,320,336,352,368,384,400,416,432 motion_emb_sha=d0fea3122c24dfbc motion_pos_sha=c6f42c99e8bb04fc motion_mask=111111111111111111111111111100000000000000000000000000000000000000000000000000000000000000000000 mem_order_sha=597e8d7ec05b4d7c motion_cols_sha=454ac679a2eee33a donor=None cover=exact:0,fallback:0,cycle:0,cross_seg:0 gate=none num_steps=10 act_sha=5cf2c47c071f45f4 infer_ms=69.7
INFO:mme_vla_suite.serving.websocket_policy_server:TIMING infer_ms=69.7
INFO:mme_vla_suite.serving.websocket_policy_server:TIMING add_buffer_ms=1462.9 frames=16 exec_start_idx=0
MV_INFER cond=normal split=test task=ButtonUnmaskSwap ep=5 ep_seq=8 infer_seq=31 t=480 es=0 k=29 motion_frames=0,16,32,48,64,80,96,112,128,144,160,176,192,208,224,240,256,272,288,304,320,336,352,368,384,400,416,432,448 motion_emb_sha=774179a822e1abfd motion_pos_sha=5bec62c7b2782ab5 motion_mask=111111111111111111111111111110000000000000000000000000000000000000000000000000000000000000000000 mem_order_sha=969b025395b2669f motion_cols_sha=fa13d9c231b687f7 donor=None cover=exact:0,fallback:0,cycle:0,cross_seg:0 gate=none num_steps=10 act_sha=6b0d7d2c5f71fc5e infer_ms=69.8
INFO:mme_vla_suite.serving.websocket_policy_server:TIMING infer_ms=69.8
INFO:mme_vla_suite.serving.websocket_policy_server:TIMING add_buffer_ms=1459.3 frames=16 exec_start_idx=0
MV_INFER cond=normal split=test task=ButtonUnmaskSwap ep=5 ep_seq=8 infer_seq=32 t=496 es=0 k=30 motion_frames=0,16,32,48,64,80,96,112,128,144,160,176,192,208,224,240,256,272,288,304,320,336,352,368,384,400,416,432,448,464 motion_emb_sha=7788d23c850e2bd4 motion_pos_sha=77bb4a49f5f204a6 motion_mask=111111111111111111111111111111000000000000000000000000000000000000000000000000000000000000000000 mem_order_sha=8b9c911903d52ada motion_cols_sha=cf531ae59de60a74 donor=None cover=exact:0,fallback:0,cycle:0,cross_seg:0 gate=none num_steps=10 act_sha=0e202f14413371ae infer_ms=69.3
INFO:mme_vla_suite.serving.websocket_policy_server:TIMING infer_ms=69.3
INFO:mme_vla_suite.serving.websocket_policy_server:TIMING add_buffer_ms=1457.7 frames=16 exec_start_idx=0
MV_INFER cond=normal split=test task=ButtonUnmaskSwap ep=5 ep_seq=8 infer_seq=33 t=512 es=0 k=31 motion_frames=0,16,32,48,64,80,96,112,128,144,160,176,192,208,224,240,256,272,288,304,320,336,352,368,384,400,416,432,448,464,480 motion_emb_sha=d970062034ce78ab motion_pos_sha=b5a830a451ce756a motion_mask=111111111111111111111111111111100000000000000000000000000000000000000000000000000000000000000000 mem_order_sha=3b34058d7f65364b motion_cols_sha=b3a6df354ab4d8c7 donor=None cover=exact:0,fallback:0,cycle:0,cross_seg:0 gate=none num_steps=10 act_sha=8dac98fcb03f8bd3 infer_ms=69.3
INFO:mme_vla_suite.serving.websocket_policy_server:TIMING infer_ms=69.3
[sidecar pid=832983] 窗 #601 起点 496 耗时 1412 ms（累计 1132s）
INFO:mme_vla_suite.serving.websocket_policy_server:TIMING add_buffer_ms=1455.1 frames=16 exec_start_idx=0
MV_INFER cond=normal split=test task=ButtonUnmaskSwap ep=5 ep_seq=8 infer_seq=34 t=528 es=0 k=32 motion_frames=0,16,32,48,64,80,96,112,128,144,160,176,192,208,224,240,256,272,288,304,320,336,352,368,384,400,416,432,448,464,480,496 motion_emb_sha=3ed5766f6ee76073 motion_pos_sha=a31e40266e8ce975 motion_mask=111111111111111111111111111111110000000000000000000000000000000000000000000000000000000000000000 mem_order_sha=8810917fd8440e8c motion_cols_sha=1c1e3532088a7dfd donor=None cover=exact:0,fallback:0,cycle:0,cross_seg:0 gate=none num_steps=10 act_sha=9c238a4eab060dca infer_ms=69.3
INFO:mme_vla_suite.serving.websocket_policy_server:TIMING infer_ms=69.3
INFO:mme_vla_suite.serving.websocket_policy_server:TIMING add_buffer_ms=1459.0 frames=16 exec_start_idx=0
MV_INFER cond=normal split=test task=ButtonUnmaskSwap ep=5 ep_seq=8 infer_seq=35 t=544 es=0 k=33 motion_frames=0,16,32,48,64,80,96,112,128,144,160,176,192,208,224,240,256,272,288,304,320,336,352,368,384,400,416,432,448,464,480,496,512 motion_emb_sha=c347916e1392dbac motion_pos_sha=eab0166000e0ada9 motion_mask=111111111111111111111111111111111000000000000000000000000000000000000000000000000000000000000000 mem_order_sha=84d9776f0a6388a9 motion_cols_sha=8e3bc15ec06039d9 donor=None cover=exact:0,fallback:0,cycle:0,cross_seg:0 gate=none num_steps=10 act_sha=32c853340867fef0 infer_ms=69.5
INFO:mme_vla_suite.serving.websocket_policy_server:TIMING infer_ms=69.5
INFO:mme_vla_suite.serving.websocket_policy_server:TIMING add_buffer_ms=1457.1 frames=16 exec_start_idx=0
MV_INFER cond=normal split=test task=ButtonUnmaskSwap ep=5 ep_seq=8 infer_seq=36 t=560 es=0 k=34 motion_frames=0,16,32,48,64,80,96,112,128,144,160,176,192,208,224,240,256,272,288,304,320,336,352,368,384,400,416,432,448,464,480,496,512,528 motion_emb_sha=7884463f81d003d6 motion_pos_sha=d43d8a704008daf6 motion_mask=111111111111111111111111111111111100000000000000000000000000000000000000000000000000000000000000 mem_order_sha=6eb9b3f8edf499e7 motion_cols_sha=ad5d71aad766a582 donor=None cover=exact:0,fallback:0,cycle:0,cross_seg:0 gate=none num_steps=10 act_sha=90b5992556d06963 infer_ms=69.8
INFO:mme_vla_suite.serving.websocket_policy_server:TIMING infer_ms=69.8
INFO:mme_vla_suite.serving.websocket_policy_server:TIMING add_buffer_ms=1457.7 frames=16 exec_start_idx=0
MV_INFER cond=normal split=test task=ButtonUnmaskSwap ep=5 ep_seq=8 infer_seq=37 t=576 es=0 k=35 motion_frames=0,16,32,48,64,80,96,112,128,144,160,176,192,208,224,240,256,272,288,304,320,336,352,368,384,400,416,432,448,464,480,496,512,528,544 motion_emb_sha=d5160900293be07b motion_pos_sha=de94b3ba18baa253 motion_mask=111111111111111111111111111111111110000000000000000000000000000000000000000000000000000000000000 mem_order_sha=c7e0193d5f8c94eb motion_cols_sha=3b7f200dcc4a154e donor=None cover=exact:0,fallback:0,cycle:0,cross_seg:0 gate=none num_steps=10 act_sha=4e1e2a2ec4dcd151 infer_ms=69.2
INFO:mme_vla_suite.serving.websocket_policy_server:TIMING infer_ms=69.2
INFO:mme_vla_suite.serving.websocket_policy_server:TIMING add_buffer_ms=1457.0 frames=16 exec_start_idx=0
MV_INFER cond=normal split=test task=ButtonUnmaskSwap ep=5 ep_seq=8 infer_seq=38 t=592 es=0 k=36 motion_frames=0,16,32,48,64,80,96,112,128,144,160,176,192,208,224,240,256,272,288,304,320,336,352,368,384,400,416,432,448,464,480,496,512,528,544,560 motion_emb_sha=1707d0f405722375 motion_pos_sha=79d7ee4d77e92fb5 motion_mask=111111111111111111111111111111111111000000000000000000000000000000000000000000000000000000000000 mem_order_sha=d14c08e62b4e5277 motion_cols_sha=93f686b824d1c37a donor=None cover=exact:0,fallback:0,cycle:0,cross_seg:0 gate=none num_steps=10 act_sha=8750f3aff57c3596 infer_ms=69.7
INFO:mme_vla_suite.serving.websocket_policy_server:TIMING infer_ms=69.7
INFO:mme_vla_suite.serving.websocket_policy_server:TIMING add_buffer_ms=1460.9 frames=16 exec_start_idx=0
MV_INFER cond=normal split=test task=ButtonUnmaskSwap ep=5 ep_seq=8 infer_seq=39 t=608 es=0 k=37 motion_frames=0,16,32,48,64,80,96,112,128,144,160,176,192,208,224,240,256,272,288,304,320,336,352,368,384,400,416,432,448,464,480,496,512,528,544,560,576 motion_emb_sha=a66eaf719571d70c motion_pos_sha=ed409a2810446f17 motion_mask=111111111111111111111111111111111111100000000000000000000000000000000000000000000000000000000000 mem_order_sha=90d4662a192ae249 motion_cols_sha=3eadc43c4d943830 donor=None cover=exact:0,fallback:0,cycle:0,cross_seg:0 gate=none num_steps=10 act_sha=625dcdd2e3270756 infer_ms=69.8
INFO:mme_vla_suite.serving.websocket_policy_server:TIMING infer_ms=69.8
INFO:mme_vla_suite.serving.websocket_policy_server:TIMING add_buffer_ms=1456.7 frames=16 exec_start_idx=0
MV_INFER cond=normal split=test task=ButtonUnmaskSwap ep=5 ep_seq=8 infer_seq=40 t=624 es=0 k=38 motion_frames=0,16,32,48,64,80,96,112,128,144,160,176,192,208,224,240,256,272,288,304,320,336,352,368,384,400,416,432,448,464,480,496,512,528,544,560,576,592 motion_emb_sha=90df3077f8bafb3d motion_pos_sha=f11838ac6f537185 motion_mask=111111111111111111111111111111111111110000000000000000000000000000000000000000000000000000000000 mem_order_sha=0161c9793244f505 motion_cols_sha=6171a29cf75a582d donor=None cover=exact:0,fallback:0,cycle:0,cross_seg:0 gate=none num_steps=10 act_sha=f56213113a06a20f infer_ms=69.9
INFO:mme_vla_suite.serving.websocket_policy_server:TIMING infer_ms=69.9
INFO:mme_vla_suite.serving.websocket_policy_server:TIMING add_buffer_ms=1457.4 frames=16 exec_start_idx=0
MV_INFER cond=normal split=test task=ButtonUnmaskSwap ep=5 ep_seq=8 infer_seq=41 t=640 es=0 k=39 motion_frames=0,16,32,48,64,80,96,112,128,144,160,176,192,208,224,240,256,272,288,304,320,336,352,368,384,400,416,432,448,464,480,496,512,528,544,560,576,592,608 motion_emb_sha=8e8a93312002e5f6 motion_pos_sha=bbe054d478576248 motion_mask=111111111111111111111111111111111111111000000000000000000000000000000000000000000000000000000000 mem_order_sha=3e28a574a561f529 motion_cols_sha=75706cddfb5a49b1 donor=None cover=exact:0,fallback:0,cycle:0,cross_seg:0 gate=none num_steps=10 act_sha=d9544707aefd1c1f infer_ms=69.4
INFO:mme_vla_suite.serving.websocket_policy_server:TIMING infer_ms=69.4
INFO:mme_vla_suite.serving.websocket_policy_server:TIMING add_buffer_ms=1456.4 frames=16 exec_start_idx=0
MV_INFER cond=normal split=test task=ButtonUnmaskSwap ep=5 ep_seq=8 infer_seq=42 t=656 es=0 k=40 motion_frames=0,16,32,48,64,80,96,112,128,144,160,176,192,208,224,240,256,272,288,304,320,336,352,368,384,400,416,432,448,464,480,496,512,528,544,560,576,592,608,624 motion_emb_sha=b67717ce2107a314 motion_pos_sha=d87c3d15d15b51b8 motion_mask=111111111111111111111111111111111111111100000000000000000000000000000000000000000000000000000000 mem_order_sha=9a1d09ac748abb28 motion_cols_sha=fc48261a83a83b97 donor=None cover=exact:0,fallback:0,cycle:0,cross_seg:0 gate=none num_steps=10 act_sha=0e7409ba117afd4a infer_ms=69.3
INFO:mme_vla_suite.serving.websocket_policy_server:TIMING infer_ms=69.3
INFO:mme_vla_suite.serving.websocket_policy_server:TIMING add_buffer_ms=1456.2 frames=16 exec_start_idx=0
MV_INFER cond=normal split=test task=ButtonUnmaskSwap ep=5 ep_seq=8 infer_seq=43 t=672 es=0 k=41 motion_frames=0,16,32,48,64,80,96,112,128,144,160,176,192,208,224,240,256,272,288,304,320,336,352,368,384,400,416,432,448,464,480,496,512,528,544,560,576,592,608,624,640 motion_emb_sha=4eef1c6665a492f0 motion_pos_sha=305e09917e6fd5ac motion_mask=111111111111111111111111111111111111111110000000000000000000000000000000000000000000000000000000 mem_order_sha=1f18d2a138bd0bf9 motion_cols_sha=b7950317891542b4 donor=None cover=exact:0,fallback:0,cycle:0,cross_seg:0 gate=none num_steps=10 act_sha=acccb59911bf2230 infer_ms=69.2
INFO:mme_vla_suite.serving.websocket_policy_server:TIMING infer_ms=69.2
INFO:mme_vla_suite.serving.websocket_policy_server:TIMING add_buffer_ms=1458.9 frames=16 exec_start_idx=0
MV_INFER cond=normal split=test task=ButtonUnmaskSwap ep=5 ep_seq=8 infer_seq=44 t=688 es=0 k=42 motion_frames=0,16,32,48,64,80,96,112,128,144,160,176,192,208,224,240,256,272,288,304,320,336,352,368,384,400,416,432,448,464,480,496,512,528,544,560,576,592,608,624,640,656 motion_emb_sha=6b2db9dd3a7a1ece motion_pos_sha=d928bf4021ac4a4b motion_mask=111111111111111111111111111111111111111111000000000000000000000000000000000000000000000000000000 mem_order_sha=0e966687b726d076 motion_cols_sha=2ed9f2bde5da4470 donor=None cover=exact:0,fallback:0,cycle:0,cross_seg:0 gate=none num_steps=10 act_sha=e7f1c86296c43270 infer_ms=69.3
INFO:mme_vla_suite.serving.websocket_policy_server:TIMING infer_ms=69.3
INFO:mme_vla_suite.serving.websocket_policy_server:TIMING add_buffer_ms=1460.7 frames=16 exec_start_idx=0
MV_INFER cond=normal split=test task=ButtonUnmaskSwap ep=5 ep_seq=8 infer_seq=45 t=704 es=0 k=43 motion_frames=0,16,32,48,64,80,96,112,128,144,160,176,192,208,224,240,256,272,288,304,320,336,352,368,384,400,416,432,448,464,480,496,512,528,544,560,576,592,608,624,640,656,672 motion_emb_sha=e33c36af284a8b4b motion_pos_sha=df28f649d327f743 motion_mask=111111111111111111111111111111111111111111100000000000000000000000000000000000000000000000000000 mem_order_sha=64f5fc8956546c66 motion_cols_sha=9ac0355ab034292e donor=None cover=exact:0,fallback:0,cycle:0,cross_seg:0 gate=none num_steps=10 act_sha=e4c27fbca6bc11c0 infer_ms=69.9
INFO:mme_vla_suite.serving.websocket_policy_server:TIMING infer_ms=69.9
INFO:mme_vla_suite.serving.websocket_policy_server:TIMING add_buffer_ms=1455.1 frames=16 exec_start_idx=0
MV_INFER cond=normal split=test task=ButtonUnmaskSwap ep=5 ep_seq=8 infer_seq=46 t=720 es=0 k=44 motion_frames=0,16,32,48,64,80,96,112,128,144,160,176,192,208,224,240,256,272,288,304,320,336,352,368,384,400,416,432,448,464,480,496,512,528,544,560,576,592,608,624,640,656,672,688 motion_emb_sha=b3de344b9307805b motion_pos_sha=16c7916c2054109b motion_mask=111111111111111111111111111111111111111111110000000000000000000000000000000000000000000000000000 mem_order_sha=108683ecd06aac22 motion_cols_sha=5d9657c560621273 donor=None cover=exact:0,fallback:0,cycle:0,cross_seg:0 gate=none num_steps=10 act_sha=4b4db9a2e487903c infer_ms=69.8
INFO:mme_vla_suite.serving.websocket_policy_server:TIMING infer_ms=69.8
INFO:mme_vla_suite.serving.websocket_policy_server:TIMING add_buffer_ms=1455.2 frames=16 exec_start_idx=0
MV_INFER cond=normal split=test task=ButtonUnmaskSwap ep=5 ep_seq=8 infer_seq=47 t=736 es=0 k=45 motion_frames=0,16,32,48,64,80,96,112,128,144,160,176,192,208,224,240,256,272,288,304,320,336,352,368,384,400,416,432,448,464,480,496,512,528,544,560,576,592,608,624,640,656,672,688,704 motion_emb_sha=03d1834f0dd26242 motion_pos_sha=1a7312af6542d8c4 motion_mask=111111111111111111111111111111111111111111111000000000000000000000000000000000000000000000000000 mem_order_sha=334900ce00d4edee motion_cols_sha=6aa877e8836977cf donor=None cover=exact:0,fallback:0,cycle:0,cross_seg:0 gate=none num_steps=10 act_sha=994e5ebf528143e3 infer_ms=69.4
INFO:mme_vla_suite.serving.websocket_policy_server:TIMING infer_ms=69.4
INFO:mme_vla_suite.serving.websocket_policy_server:TIMING add_buffer_ms=1458.2 frames=16 exec_start_idx=0
MV_INFER cond=normal split=test task=ButtonUnmaskSwap ep=5 ep_seq=8 infer_seq=48 t=752 es=0 k=46 motion_frames=0,16,32,48,64,80,96,112,128,144,160,176,192,208,224,240,256,272,288,304,320,336,352,368,384,400,416,432,448,464,480,496,512,528,544,560,576,592,608,624,640,656,672,688,704,720 motion_emb_sha=d914bf12212cd4fe motion_pos_sha=03f34ee9bd05979f motion_mask=111111111111111111111111111111111111111111111100000000000000000000000000000000000000000000000000 mem_order_sha=eb2eb2afcfeb1ad9 motion_cols_sha=5e7820a41ef36daa donor=None cover=exact:0,fallback:0,cycle:0,cross_seg:0 gate=none num_steps=10 act_sha=e92edfd17cfdb7df infer_ms=69.8
INFO:mme_vla_suite.serving.websocket_policy_server:TIMING infer_ms=69.8
INFO:mme_vla_suite.serving.websocket_policy_server:TIMING add_buffer_ms=1460.7 frames=16 exec_start_idx=0
MV_INFER cond=normal split=test task=ButtonUnmaskSwap ep=5 ep_seq=8 infer_seq=49 t=768 es=0 k=47 motion_frames=0,16,32,48,64,80,96,112,128,144,160,176,192,208,224,240,256,272,288,304,320,336,352,368,384,400,416,432,448,464,480,496,512,528,544,560,576,592,608,624,640,656,672,688,704,720,736 motion_emb_sha=e3e7f2f8a2bc8344 motion_pos_sha=692cb599ce1428a7 motion_mask=111111111111111111111111111111111111111111111110000000000000000000000000000000000000000000000000 mem_order_sha=6562fcffed534ed6 motion_cols_sha=1759c66f866642dc donor=None cover=exact:0,fallback:0,cycle:0,cross_seg:0 gate=none num_steps=10 act_sha=5e4a621462278066 infer_ms=69.5
INFO:mme_vla_suite.serving.websocket_policy_server:TIMING infer_ms=69.5
INFO:mme_vla_suite.serving.websocket_policy_server:TIMING add_buffer_ms=1465.9 frames=16 exec_start_idx=0
MV_INFER cond=normal split=test task=ButtonUnmaskSwap ep=5 ep_seq=8 infer_seq=50 t=784 es=0 k=48 motion_frames=0,16,32,48,64,80,96,112,128,144,160,176,192,208,224,240,256,272,288,304,320,336,352,368,384,400,416,432,448,464,480,496,512,528,544,560,576,592,608,624,640,656,672,688,704,720,736,752 motion_emb_sha=f3b052d3a451f464 motion_pos_sha=c3fe5e84b569016a motion_mask=111111111111111111111111111111111111111111111111000000000000000000000000000000000000000000000000 mem_order_sha=f1a8700e58c41cae motion_cols_sha=99e1f6e9f6bb9c4d donor=None cover=exact:0,fallback:0,cycle:0,cross_seg:0 gate=none num_steps=10 act_sha=0c84b6342653c332 infer_ms=69.3
INFO:mme_vla_suite.serving.websocket_policy_server:TIMING infer_ms=69.3
INFO:mme_vla_suite.serving.websocket_policy_server:TIMING add_buffer_ms=1455.1 frames=16 exec_start_idx=0
MV_INFER cond=normal split=test task=ButtonUnmaskSwap ep=5 ep_seq=8 infer_seq=51 t=800 es=0 k=49 motion_frames=0,16,32,48,64,80,96,112,128,144,160,176,192,208,224,240,256,272,288,304,320,336,352,368,384,400,416,432,448,464,480,496,512,528,544,560,576,592,608,624,640,656,672,688,704,720,736,752,768 motion_emb_sha=792edda216309519 motion_pos_sha=680f129246f7b6f4 motion_mask=111111111111111111111111111111111111111111111111100000000000000000000000000000000000000000000000 mem_order_sha=2b5cfd5fc3095878 motion_cols_sha=0fbe01f7b49896a1 donor=None cover=exact:0,fallback:0,cycle:0,cross_seg:0 gate=none num_steps=10 act_sha=2d538cd9e7a3d548 infer_ms=70.5
INFO:mme_vla_suite.serving.websocket_policy_server:TIMING infer_ms=70.5
INFO:mme_vla_suite.serving.websocket_policy_server:TIMING add_buffer_ms=1457.8 frames=16 exec_start_idx=0
MV_INFER cond=normal split=test task=ButtonUnmaskSwap ep=5 ep_seq=8 infer_seq=52 t=816 es=0 k=50 motion_frames=0,16,32,48,64,80,96,112,128,144,160,176,192,208,224,240,256,272,288,304,320,336,352,368,384,400,416,432,448,464,480,496,512,528,544,560,576,592,608,624,640,656,672,688,704,720,736,752,768,784 motion_emb_sha=5609ff9f1bc4b91e motion_pos_sha=2310564d1b9957fd motion_mask=111111111111111111111111111111111111111111111111110000000000000000000000000000000000000000000000 mem_order_sha=0121728e581ca339 motion_cols_sha=3146bf3efe6b3a23 donor=None cover=exact:0,fallback:0,cycle:0,cross_seg:0 gate=none num_steps=10 act_sha=5e20372efa819ae7 infer_ms=69.7
INFO:mme_vla_suite.serving.websocket_policy_server:TIMING infer_ms=69.7
INFO:mme_vla_suite.serving.websocket_policy_server:TIMING add_buffer_ms=1457.4 frames=16 exec_start_idx=0
MV_INFER cond=normal split=test task=ButtonUnmaskSwap ep=5 ep_seq=8 infer_seq=53 t=832 es=0 k=51 motion_frames=0,16,32,48,64,80,96,112,128,144,160,176,192,208,224,240,256,272,288,304,320,336,352,368,384,400,416,432,448,464,480,496,512,528,544,560,576,592,608,624,640,656,672,688,704,720,736,752,768,784,800 motion_emb_sha=37264272711ff439 motion_pos_sha=600430e170ebc9a0 motion_mask=111111111111111111111111111111111111111111111111111000000000000000000000000000000000000000000000 mem_order_sha=875f38b8693b6012 motion_cols_sha=d23bb84a612c3654 donor=None cover=exact:0,fallback:0,cycle:0,cross_seg:0 gate=none num_steps=10 act_sha=e062c438556462c1 infer_ms=69.5
INFO:mme_vla_suite.serving.websocket_policy_server:TIMING infer_ms=69.5
INFO:mme_vla_suite.serving.websocket_policy_server:TIMING add_buffer_ms=1456.3 frames=16 exec_start_idx=0
MV_INFER cond=normal split=test task=ButtonUnmaskSwap ep=5 ep_seq=8 infer_seq=54 t=848 es=0 k=52 motion_frames=0,16,32,48,64,80,96,112,128,144,160,176,192,208,224,240,256,272,288,304,320,336,352,368,384,400,416,432,448,464,480,496,512,528,544,560,576,592,608,624,640,656,672,688,704,720,736,752,768,784,800,816 motion_emb_sha=5980201d5f354482 motion_pos_sha=2d007f1393a57404 motion_mask=111111111111111111111111111111111111111111111111111100000000000000000000000000000000000000000000 mem_order_sha=8cda0cc9e165fc7b motion_cols_sha=6ea7276cd41fa784 donor=None cover=exact:0,fallback:0,cycle:0,cross_seg:0 gate=none num_steps=10 act_sha=ec77b284f6b90a98 infer_ms=69.9
INFO:mme_vla_suite.serving.websocket_policy_server:TIMING infer_ms=69.9
INFO:mme_vla_suite.serving.websocket_policy_server:TIMING add_buffer_ms=1458.6 frames=16 exec_start_idx=0
MV_INFER cond=normal split=test task=ButtonUnmaskSwap ep=5 ep_seq=8 infer_seq=55 t=864 es=0 k=53 motion_frames=0,16,32,48,64,80,96,112,128,144,160,176,192,208,224,240,256,272,288,304,320,336,352,368,384,400,416,432,448,464,480,496,512,528,544,560,576,592,608,624,640,656,672,688,704,720,736,752,768,784,800,816,832 motion_emb_sha=6ece6b9531e72df4 motion_pos_sha=f42da141b1d4c82c motion_mask=111111111111111111111111111111111111111111111111111110000000000000000000000000000000000000000000 mem_order_sha=0dabd1444bc80074 motion_cols_sha=89f30c99564ea731 donor=None cover=exact:0,fallback:0,cycle:0,cross_seg:0 gate=none num_steps=10 act_sha=c2bef32f7816d48e infer_ms=69.9
INFO:mme_vla_suite.serving.websocket_policy_server:TIMING infer_ms=69.9
INFO:mme_vla_suite.serving.websocket_policy_server:TIMING add_buffer_ms=1456.7 frames=16 exec_start_idx=0
MV_INFER cond=normal split=test task=ButtonUnmaskSwap ep=5 ep_seq=8 infer_seq=56 t=880 es=0 k=54 motion_frames=0,16,32,48,64,80,96,112,128,144,160,176,192,208,224,240,256,272,288,304,320,336,352,368,384,400,416,432,448,464,480,496,512,528,544,560,576,592,608,624,640,656,672,688,704,720,736,752,768,784,800,816,832,848 motion_emb_sha=30d7312caf3385a0 motion_pos_sha=01060eddb55ef662 motion_mask=111111111111111111111111111111111111111111111111111111000000000000000000000000000000000000000000 mem_order_sha=a4e3eafb5ffafe0b motion_cols_sha=e349514dca693b7f donor=None cover=exact:0,fallback:0,cycle:0,cross_seg:0 gate=none num_steps=10 act_sha=d5fc223f6f29605f infer_ms=70.9
INFO:mme_vla_suite.serving.websocket_policy_server:TIMING infer_ms=70.9
INFO:mme_vla_suite.serving.websocket_policy_server:TIMING add_buffer_ms=1457.2 frames=16 exec_start_idx=0
MV_INFER cond=normal split=test task=ButtonUnmaskSwap ep=5 ep_seq=8 infer_seq=57 t=896 es=0 k=55 motion_frames=0,16,32,48,64,80,96,112,128,144,160,176,192,208,224,240,256,272,288,304,320,336,352,368,384,400,416,432,448,464,480,496,512,528,544,560,576,592,608,624,640,656,672,688,704,720,736,752,768,784,800,816,832,848,864 motion_emb_sha=a46cb792370a64b4 motion_pos_sha=73234d7bb22f2334 motion_mask=111111111111111111111111111111111111111111111111111111100000000000000000000000000000000000000000 mem_order_sha=395346a4f540e9de motion_cols_sha=078b54ea6363443a donor=None cover=exact:0,fallback:0,cycle:0,cross_seg:0 gate=none num_steps=10 act_sha=ded8c2fef9b93217 infer_ms=69.6
INFO:mme_vla_suite.serving.websocket_policy_server:TIMING infer_ms=69.6
INFO:mme_vla_suite.serving.websocket_policy_server:TIMING add_buffer_ms=1456.1 frames=16 exec_start_idx=0
MV_INFER cond=normal split=test task=ButtonUnmaskSwap ep=5 ep_seq=8 infer_seq=58 t=912 es=0 k=56 motion_frames=0,16,32,48,64,80,96,112,128,144,160,176,192,208,224,240,256,272,288,304,320,336,352,368,384,400,416,432,448,464,480,496,512,528,544,560,576,592,608,624,640,656,672,688,704,720,736,752,768,784,800,816,832,848,864,880 motion_emb_sha=c276971807163aab motion_pos_sha=e1476f70fa43befe motion_mask=111111111111111111111111111111111111111111111111111111110000000000000000000000000000000000000000 mem_order_sha=3476e1e03f0ca6e3 motion_cols_sha=a5aa69c91f1f7b29 donor=None cover=exact:0,fallback:0,cycle:0,cross_seg:0 gate=none num_steps=10 act_sha=78c89b2d7b1b2506 infer_ms=69.8
INFO:mme_vla_suite.serving.websocket_policy_server:TIMING infer_ms=69.8
INFO:mme_vla_suite.serving.websocket_policy_server:TIMING add_buffer_ms=1454.6 frames=16 exec_start_idx=0
MV_INFER cond=normal split=test task=ButtonUnmaskSwap ep=5 ep_seq=8 infer_seq=59 t=928 es=0 k=57 motion_frames=0,16,32,48,64,80,96,112,128,144,160,176,192,208,224,240,256,272,288,304,320,336,352,368,384,400,416,432,448,464,480,496,512,528,544,560,576,592,608,624,640,656,672,688,704,720,736,752,768,784,800,816,832,848,864,880,896 motion_emb_sha=fb3b76805d9ecced motion_pos_sha=bca8ade9114e0e68 motion_mask=111111111111111111111111111111111111111111111111111111111000000000000000000000000000000000000000 mem_order_sha=a777cdac8f3e3557 motion_cols_sha=2da46f232ede0f69 donor=None cover=exact:0,fallback:0,cycle:0,cross_seg:0 gate=none num_steps=10 act_sha=37392b22ea484cef infer_ms=69.7
INFO:mme_vla_suite.serving.websocket_policy_server:TIMING infer_ms=69.7
INFO:mme_vla_suite.serving.websocket_policy_server:TIMING add_buffer_ms=1466.0 frames=16 exec_start_idx=0
MV_INFER cond=normal split=test task=ButtonUnmaskSwap ep=5 ep_seq=8 infer_seq=60 t=944 es=0 k=58 motion_frames=0,16,32,48,64,80,96,112,128,144,160,176,192,208,224,240,256,272,288,304,320,336,352,368,384,400,416,432,448,464,480,496,512,528,544,560,576,592,608,624,640,656,672,688,704,720,736,752,768,784,800,816,832,848,864,880,896,912 motion_emb_sha=f4c7c5761c86874b motion_pos_sha=34b7233dd99a2db0 motion_mask=111111111111111111111111111111111111111111111111111111111100000000000000000000000000000000000000 mem_order_sha=6320e4ba2d244586 motion_cols_sha=3b208a16db9ab136 donor=None cover=exact:0,fallback:0,cycle:0,cross_seg:0 gate=none num_steps=10 act_sha=99fbf0bab2d411fb infer_ms=69.7
INFO:mme_vla_suite.serving.websocket_policy_server:TIMING infer_ms=69.7
INFO:mme_vla_suite.serving.websocket_policy_server:TIMING add_buffer_ms=1456.2 frames=16 exec_start_idx=0
MV_INFER cond=normal split=test task=ButtonUnmaskSwap ep=5 ep_seq=8 infer_seq=61 t=960 es=0 k=59 motion_frames=0,16,32,48,64,80,96,112,128,144,160,176,192,208,224,240,256,272,288,304,320,336,352,368,384,400,416,432,448,464,480,496,512,528,544,560,576,592,608,624,640,656,672,688,704,720,736,752,768,784,800,816,832,848,864,880,896,912,928 motion_emb_sha=41a15b92027aa47b motion_pos_sha=cb7f48c244f6b94b motion_mask=111111111111111111111111111111111111111111111111111111111110000000000000000000000000000000000000 mem_order_sha=39c29249fe13bc2b motion_cols_sha=3e0e13de4529aac8 donor=None cover=exact:0,fallback:0,cycle:0,cross_seg:0 gate=none num_steps=10 act_sha=3d6dce11749ac5f3 infer_ms=70.8
INFO:mme_vla_suite.serving.websocket_policy_server:TIMING infer_ms=70.8
INFO:mme_vla_suite.serving.websocket_policy_server:TIMING add_buffer_ms=1456.5 frames=16 exec_start_idx=0
MV_INFER cond=normal split=test task=ButtonUnmaskSwap ep=5 ep_seq=8 infer_seq=62 t=976 es=0 k=60 motion_frames=0,16,32,48,64,80,96,112,128,144,160,176,192,208,224,240,256,272,288,304,320,336,352,368,384,400,416,432,448,464,480,496,512,528,544,560,576,592,608,624,640,656,672,688,704,720,736,752,768,784,800,816,832,848,864,880,896,912,928,944 motion_emb_sha=3aaf1b799fb651cd motion_pos_sha=0c8df1a6e41b5e23 motion_mask=111111111111111111111111111111111111111111111111111111111111000000000000000000000000000000000000 mem_order_sha=20d30cf76b3da92d motion_cols_sha=d14deafb868159f6 donor=None cover=exact:0,fallback:0,cycle:0,cross_seg:0 gate=none num_steps=10 act_sha=baebfd6ea7025d72 infer_ms=70.3
INFO:mme_vla_suite.serving.websocket_policy_server:TIMING infer_ms=70.3
INFO:mme_vla_suite.serving.websocket_policy_server:TIMING add_buffer_ms=1458.5 frames=16 exec_start_idx=0
MV_INFER cond=normal split=test task=ButtonUnmaskSwap ep=5 ep_seq=8 infer_seq=63 t=992 es=0 k=61 motion_frames=0,16,32,48,64,80,96,112,128,144,160,176,192,208,224,240,256,272,288,304,320,336,352,368,384,400,416,432,448,464,480,496,512,528,544,560,576,592,608,624,640,656,672,688,704,720,736,752,768,784,800,816,832,848,864,880,896,912,928,944,960 motion_emb_sha=dc26c0dee633caf2 motion_pos_sha=6969e5ef8a2647ad motion_mask=111111111111111111111111111111111111111111111111111111111111100000000000000000000000000000000000 mem_order_sha=ea99f596f81da8fb motion_cols_sha=e49e1ad67faf939a donor=None cover=exact:0,fallback:0,cycle:0,cross_seg:0 gate=none num_steps=10 act_sha=df28a4487f936aec infer_ms=69.7
INFO:mme_vla_suite.serving.websocket_policy_server:TIMING infer_ms=69.7
INFO:mme_vla_suite.serving.websocket_policy_server:TIMING add_buffer_ms=1460.8 frames=16 exec_start_idx=0
MV_INFER cond=normal split=test task=ButtonUnmaskSwap ep=5 ep_seq=8 infer_seq=64 t=1008 es=0 k=62 motion_frames=0,16,32,48,64,80,96,112,128,144,160,176,192,208,224,240,256,272,288,304,320,336,352,368,384,400,416,432,448,464,480,496,512,528,544,560,576,592,608,624,640,656,672,688,704,720,736,752,768,784,800,816,832,848,864,880,896,912,928,944,960,976 motion_emb_sha=fe8cfff3535edf68 motion_pos_sha=68a304bc0f81b2d1 motion_mask=111111111111111111111111111111111111111111111111111111111111110000000000000000000000000000000000 mem_order_sha=cb85039bc8deeee3 motion_cols_sha=9f68376775df092c donor=None cover=exact:0,fallback:0,cycle:0,cross_seg:0 gate=none num_steps=10 act_sha=3f2517a466fefaa8 infer_ms=69.8
INFO:mme_vla_suite.serving.websocket_policy_server:TIMING infer_ms=69.8
INFO:mme_vla_suite.serving.websocket_policy_server:TIMING add_buffer_ms=1464.2 frames=16 exec_start_idx=0
MV_INFER cond=normal split=test task=ButtonUnmaskSwap ep=5 ep_seq=8 infer_seq=65 t=1024 es=0 k=63 motion_frames=0,16,32,48,64,80,96,112,128,144,160,176,192,208,224,240,256,272,288,304,320,336,352,368,384,400,416,432,448,464,480,496,512,528,544,560,576,592,608,624,640,656,672,688,704,720,736,752,768,784,800,816,832,848,864,880,896,912,928,944,960,976,992 motion_emb_sha=44f2fec40b8259eb motion_pos_sha=3a3d8e518a7990d0 motion_mask=111111111111111111111111111111111111111111111111111111111111111000000000000000000000000000000000 mem_order_sha=11fb4b3c9a39ff46 motion_cols_sha=84d86e447056559d donor=None cover=exact:0,fallback:0,cycle:0,cross_seg:0 gate=none num_steps=10 act_sha=089bcd2e501dc885 infer_ms=70.1
INFO:mme_vla_suite.serving.websocket_policy_server:TIMING infer_ms=70.1
INFO:mme_vla_suite.serving.websocket_policy_server:TIMING add_buffer_ms=1457.2 frames=16 exec_start_idx=0
MV_INFER cond=normal split=test task=ButtonUnmaskSwap ep=5 ep_seq=8 infer_seq=66 t=1040 es=0 k=64 motion_frames=0,16,32,48,64,80,96,112,128,144,160,176,192,208,224,240,256,272,288,304,320,336,352,368,384,400,416,432,448,464,480,496,512,528,544,560,576,592,608,624,640,656,672,688,704,720,736,752,768,784,800,816,832,848,864,880,896,912,928,944,960,976,992,1008 motion_emb_sha=7848f5389559f552 motion_pos_sha=53ffaa05042f1487 motion_mask=111111111111111111111111111111111111111111111111111111111111111100000000000000000000000000000000 mem_order_sha=173c4f5cff3909ff motion_cols_sha=6b874a13dc5773fe donor=None cover=exact:0,fallback:0,cycle:0,cross_seg:0 gate=none num_steps=10 act_sha=a203fb037d9b4d84 infer_ms=70.0
INFO:mme_vla_suite.serving.websocket_policy_server:TIMING infer_ms=70.0
INFO:mme_vla_suite.serving.websocket_policy_server:TIMING add_buffer_ms=1462.3 frames=16 exec_start_idx=0
MV_INFER cond=normal split=test task=ButtonUnmaskSwap ep=5 ep_seq=8 infer_seq=67 t=1056 es=0 k=65 motion_frames=0,16,32,48,64,80,96,112,128,144,160,176,192,208,224,240,256,272,288,304,320,336,352,368,384,400,416,432,448,464,480,496,512,528,544,560,576,592,608,624,640,656,672,688,704,720,736,752,768,784,800,816,832,848,864,880,896,912,928,944,960,976,992,1008,1024 motion_emb_sha=d52bdc8a687be3ad motion_pos_sha=c418e4d946bed0c9 motion_mask=111111111111111111111111111111111111111111111111111111111111111110000000000000000000000000000000 mem_order_sha=92dea94c12a99a47 motion_cols_sha=52b8373c7987aeda donor=None cover=exact:0,fallback:0,cycle:0,cross_seg:0 gate=none num_steps=10 act_sha=e7f8addfa191199f infer_ms=69.5
INFO:mme_vla_suite.serving.websocket_policy_server:TIMING infer_ms=69.5
INFO:mme_vla_suite.serving.websocket_policy_server:TIMING add_buffer_ms=1456.6 frames=16 exec_start_idx=0
MV_INFER cond=normal split=test task=ButtonUnmaskSwap ep=5 ep_seq=8 infer_seq=68 t=1072 es=0 k=66 motion_frames=0,16,32,48,64,80,96,112,128,144,160,176,192,208,224,240,256,272,288,304,320,336,352,368,384,400,416,432,448,464,480,496,512,528,544,560,576,592,608,624,640,656,672,688,704,720,736,752,768,784,800,816,832,848,864,880,896,912,928,944,960,976,992,1008,1024,1040 motion_emb_sha=3ac206a2cdde0583 motion_pos_sha=4be728651e8fa641 motion_mask=111111111111111111111111111111111111111111111111111111111111111111000000000000000000000000000000 mem_order_sha=5f81dcb5ffcc7505 motion_cols_sha=4e8d37dd9b433350 donor=None cover=exact:0,fallback:0,cycle:0,cross_seg:0 gate=none num_steps=10 act_sha=922f03c5cae0f3af infer_ms=69.5
INFO:mme_vla_suite.serving.websocket_policy_server:TIMING infer_ms=69.5
INFO:mme_vla_suite.serving.websocket_policy_server:TIMING add_buffer_ms=1460.2 frames=16 exec_start_idx=0
MV_INFER cond=normal split=test task=ButtonUnmaskSwap ep=5 ep_seq=8 infer_seq=69 t=1088 es=0 k=67 motion_frames=0,16,32,48,64,80,96,112,128,144,160,176,192,208,224,240,256,272,288,304,320,336,352,368,384,400,416,432,448,464,480,496,512,528,544,560,576,592,608,624,640,656,672,688,704,720,736,752,768,784,800,816,832,848,864,880,896,912,928,944,960,976,992,1008,1024,1040,1056 motion_emb_sha=4190c3124e703819 motion_pos_sha=4be2cf300c672914 motion_mask=111111111111111111111111111111111111111111111111111111111111111111100000000000000000000000000000 mem_order_sha=ed1cfe5e10d900a5 motion_cols_sha=9f325d883e270012 donor=None cover=exact:0,fallback:0,cycle:0,cross_seg:0 gate=none num_steps=10 act_sha=4b203154b4571f0c infer_ms=69.9
INFO:mme_vla_suite.serving.websocket_policy_server:TIMING infer_ms=69.9
INFO:mme_vla_suite.serving.websocket_policy_server:TIMING add_buffer_ms=1459.7 frames=16 exec_start_idx=0
MV_INFER cond=normal split=test task=ButtonUnmaskSwap ep=5 ep_seq=8 infer_seq=70 t=1104 es=0 k=68 motion_frames=0,16,32,48,64,80,96,112,128,144,160,176,192,208,224,240,256,272,288,304,320,336,352,368,384,400,416,432,448,464,480,496,512,528,544,560,576,592,608,624,640,656,672,688,704,720,736,752,768,784,800,816,832,848,864,880,896,912,928,944,960,976,992,1008,1024,1040,1056,1072 motion_emb_sha=ab4248564f151bec motion_pos_sha=f1771cc9a7c1c81a motion_mask=111111111111111111111111111111111111111111111111111111111111111111110000000000000000000000000000 mem_order_sha=2b2ce7eded738651 motion_cols_sha=e1d7e941199ff79f donor=None cover=exact:0,fallback:0,cycle:0,cross_seg:0 gate=none num_steps=10 act_sha=91df5e28aac2311e infer_ms=69.9
INFO:mme_vla_suite.serving.websocket_policy_server:TIMING infer_ms=69.9
INFO:mme_vla_suite.serving.websocket_policy_server:TIMING add_buffer_ms=1457.7 frames=16 exec_start_idx=0
MV_INFER cond=normal split=test task=ButtonUnmaskSwap ep=5 ep_seq=8 infer_seq=71 t=1120 es=0 k=69 motion_frames=0,16,32,48,64,80,96,112,128,144,160,176,192,208,224,240,256,272,288,304,320,336,352,368,384,400,416,432,448,464,480,496,512,528,544,560,576,592,608,624,640,656,672,688,704,720,736,752,768,784,800,816,832,848,864,880,896,912,928,944,960,976,992,1008,1024,1040,1056,1072,1088 motion_emb_sha=c1d94d73b1b58b0b motion_pos_sha=64e385d9c7350895 motion_mask=111111111111111111111111111111111111111111111111111111111111111111111000000000000000000000000000 mem_order_sha=bd58339f940fb782 motion_cols_sha=e969946faa6cf423 donor=None cover=exact:0,fallback:0,cycle:0,cross_seg:0 gate=none num_steps=10 act_sha=3609a4b7016b02ce infer_ms=69.9
INFO:mme_vla_suite.serving.websocket_policy_server:TIMING infer_ms=69.9
INFO:mme_vla_suite.serving.websocket_policy_server:TIMING add_buffer_ms=1458.2 frames=16 exec_start_idx=0
MV_INFER cond=normal split=test task=ButtonUnmaskSwap ep=5 ep_seq=8 infer_seq=72 t=1136 es=0 k=70 motion_frames=0,16,32,48,64,80,96,112,128,144,160,176,192,208,224,240,256,272,288,304,320,336,352,368,384,400,416,432,448,464,480,496,512,528,544,560,576,592,608,624,640,656,672,688,704,720,736,752,768,784,800,816,832,848,864,880,896,912,928,944,960,976,992,1008,1024,1040,1056,1072,1088,1104 motion_emb_sha=866ac8f654aba546 motion_pos_sha=02413430471dedfa motion_mask=111111111111111111111111111111111111111111111111111111111111111111111100000000000000000000000000 mem_order_sha=0b404dd327a8564d motion_cols_sha=87fa21f0aa357e1d donor=None cover=exact:0,fallback:0,cycle:0,cross_seg:0 gate=none num_steps=10 act_sha=ffc928c1d5ce5ae6 infer_ms=69.7
INFO:mme_vla_suite.serving.websocket_policy_server:TIMING infer_ms=69.7
INFO:mme_vla_suite.serving.websocket_policy_server:TIMING add_buffer_ms=1463.7 frames=16 exec_start_idx=0
MV_INFER cond=normal split=test task=ButtonUnmaskSwap ep=5 ep_seq=8 infer_seq=73 t=1152 es=0 k=71 motion_frames=0,16,32,48,64,80,96,112,128,144,160,176,192,208,224,240,256,272,288,304,320,336,352,368,384,400,416,432,448,464,480,496,512,528,544,560,576,592,608,624,640,656,672,688,704,720,736,752,768,784,800,816,832,848,864,880,896,912,928,944,960,976,992,1008,1024,1040,1056,1072,1088,1104,1120 motion_emb_sha=66ba3a727a3a7351 motion_pos_sha=fab88c141df710d5 motion_mask=111111111111111111111111111111111111111111111111111111111111111111111110000000000000000000000000 mem_order_sha=a889ac580cefd71c motion_cols_sha=3c468ad914141d0d donor=None cover=exact:0,fallback:0,cycle:0,cross_seg:0 gate=none num_steps=10 act_sha=08cf1d3ee3395c32 infer_ms=69.7
INFO:mme_vla_suite.serving.websocket_policy_server:TIMING infer_ms=69.7
INFO:mme_vla_suite.serving.websocket_policy_server:TIMING add_buffer_ms=1457.6 frames=16 exec_start_idx=0
MV_INFER cond=normal split=test task=ButtonUnmaskSwap ep=5 ep_seq=8 infer_seq=74 t=1168 es=0 k=72 motion_frames=0,16,32,48,64,80,96,112,128,144,160,176,192,208,224,240,256,272,288,304,320,336,352,368,384,400,416,432,448,464,480,496,512,528,544,560,576,592,608,624,640,656,672,688,704,720,736,752,768,784,800,816,832,848,864,880,896,912,928,944,960,976,992,1008,1024,1040,1056,1072,1088,1104,1120,1136 motion_emb_sha=6980d0b06ebc69e8 motion_pos_sha=d6a6837d103909b7 motion_mask=111111111111111111111111111111111111111111111111111111111111111111111111000000000000000000000000 mem_order_sha=d483b82ad6dc5168 motion_cols_sha=0c6c7ed6aacf4632 donor=None cover=exact:0,fallback:0,cycle:0,cross_seg:0 gate=none num_steps=10 act_sha=98d386fc5db7590a infer_ms=70.4
INFO:mme_vla_suite.serving.websocket_policy_server:TIMING infer_ms=70.4
INFO:mme_vla_suite.serving.websocket_policy_server:TIMING add_buffer_ms=1455.3 frames=16 exec_start_idx=0
MV_INFER cond=normal split=test task=ButtonUnmaskSwap ep=5 ep_seq=8 infer_seq=75 t=1184 es=0 k=73 motion_frames=0,16,32,48,64,80,96,112,128,144,160,176,192,208,224,240,256,272,288,304,320,336,352,368,384,400,416,432,448,464,480,496,512,528,544,560,576,592,608,624,640,656,672,688,704,720,736,752,768,784,800,816,832,848,864,880,896,912,928,944,960,976,992,1008,1024,1040,1056,1072,1088,1104,1120,1136,1152 motion_emb_sha=141f11c9648cfaf1 motion_pos_sha=b9f2cb6eb308ecb4 motion_mask=111111111111111111111111111111111111111111111111111111111111111111111111100000000000000000000000 mem_order_sha=d02d0aed837362f6 motion_cols_sha=2a3614e2ed121717 donor=None cover=exact:0,fallback:0,cycle:0,cross_seg:0 gate=none num_steps=10 act_sha=36bbbe32591ccb76 infer_ms=69.7
INFO:mme_vla_suite.serving.websocket_policy_server:TIMING infer_ms=69.7
INFO:mme_vla_suite.serving.websocket_policy_server:TIMING add_buffer_ms=1456.1 frames=16 exec_start_idx=0
MV_INFER cond=normal split=test task=ButtonUnmaskSwap ep=5 ep_seq=8 infer_seq=76 t=1200 es=0 k=74 motion_frames=0,16,32,48,64,80,96,112,128,144,160,176,192,208,224,240,256,272,288,304,320,336,352,368,384,400,416,432,448,464,480,496,512,528,544,560,576,592,608,624,640,656,672,688,704,720,736,752,768,784,800,816,832,848,864,880,896,912,928,944,960,976,992,1008,1024,1040,1056,1072,1088,1104,1120,1136,1152,1168 motion_emb_sha=f5e669f11c7adb0b motion_pos_sha=c16da1b65c95ec2c motion_mask=111111111111111111111111111111111111111111111111111111111111111111111111110000000000000000000000 mem_order_sha=5e6b887dca10ded1 motion_cols_sha=0637e352fbbaefdf donor=None cover=exact:0,fallback:0,cycle:0,cross_seg:0 gate=none num_steps=10 act_sha=e0146f4ad6eafb6f infer_ms=70.1
INFO:mme_vla_suite.serving.websocket_policy_server:TIMING infer_ms=70.1
INFO:mme_vla_suite.serving.websocket_policy_server:TIMING add_buffer_ms=1456.3 frames=16 exec_start_idx=0
MV_INFER cond=normal split=test task=ButtonUnmaskSwap ep=5 ep_seq=8 infer_seq=77 t=1216 es=0 k=75 motion_frames=0,16,32,48,64,80,96,112,128,144,160,176,192,208,224,240,256,272,288,304,320,336,352,368,384,400,416,432,448,464,480,496,512,528,544,560,576,592,608,624,640,656,672,688,704,720,736,752,768,784,800,816,832,848,864,880,896,912,928,944,960,976,992,1008,1024,1040,1056,1072,1088,1104,1120,1136,1152,1168,1184 motion_emb_sha=8a8cb35aa94ce900 motion_pos_sha=6aa36bab2e46f370 motion_mask=111111111111111111111111111111111111111111111111111111111111111111111111111000000000000000000000 mem_order_sha=d100c887873fb6e6 motion_cols_sha=846007b9906b64ef donor=None cover=exact:0,fallback:0,cycle:0,cross_seg:0 gate=none num_steps=10 act_sha=c46b5d748d89a85d infer_ms=69.9
INFO:mme_vla_suite.serving.websocket_policy_server:TIMING infer_ms=69.9
INFO:mme_vla_suite.serving.websocket_policy_server:TIMING add_buffer_ms=1459.4 frames=16 exec_start_idx=0
MV_INFER cond=normal split=test task=ButtonUnmaskSwap ep=5 ep_seq=8 infer_seq=78 t=1232 es=0 k=76 motion_frames=0,16,32,48,64,80,96,112,128,144,160,176,192,208,224,240,256,272,288,304,320,336,352,368,384,400,416,432,448,464,480,496,512,528,544,560,576,592,608,624,640,656,672,688,704,720,736,752,768,784,800,816,832,848,864,880,896,912,928,944,960,976,992,1008,1024,1040,1056,1072,1088,1104,1120,1136,1152,1168,1184,1200 motion_emb_sha=8d20cfe559a64e5f motion_pos_sha=39a2d766dea0ddac motion_mask=111111111111111111111111111111111111111111111111111111111111111111111111111100000000000000000000 mem_order_sha=601ccd8775c9d37f motion_cols_sha=fb27e958d1ca6acf donor=None cover=exact:0,fallback:0,cycle:0,cross_seg:0 gate=none num_steps=10 act_sha=852d97578fe1b561 infer_ms=69.7
INFO:mme_vla_suite.serving.websocket_policy_server:TIMING infer_ms=69.7
INFO:mme_vla_suite.serving.websocket_policy_server:TIMING add_buffer_ms=1460.4 frames=16 exec_start_idx=0
MV_INFER cond=normal split=test task=ButtonUnmaskSwap ep=5 ep_seq=8 infer_seq=79 t=1248 es=0 k=77 motion_frames=0,16,32,48,64,80,96,112,128,144,160,176,192,208,224,240,256,272,288,304,320,336,352,368,384,400,416,432,448,464,480,496,512,528,544,560,576,592,608,624,640,656,672,688,704,720,736,752,768,784,800,816,832,848,864,880,896,912,928,944,960,976,992,1008,1024,1040,1056,1072,1088,1104,1120,1136,1152,1168,1184,1200,1216 motion_emb_sha=fc315b372cdf2a6b motion_pos_sha=6ed6eeb0d66bd601 motion_mask=111111111111111111111111111111111111111111111111111111111111111111111111111110000000000000000000 mem_order_sha=ccc9899d21634b2a motion_cols_sha=d02ea63e106e047b donor=None cover=exact:0,fallback:0,cycle:0,cross_seg:0 gate=none num_steps=10 act_sha=4dea723df70c33ab infer_ms=69.5
INFO:mme_vla_suite.serving.websocket_policy_server:TIMING infer_ms=69.5
INFO:mme_vla_suite.serving.websocket_policy_server:TIMING add_buffer_ms=1460.7 frames=16 exec_start_idx=0
MV_INFER cond=normal split=test task=ButtonUnmaskSwap ep=5 ep_seq=8 infer_seq=80 t=1264 es=0 k=78 motion_frames=0,16,32,48,64,80,96,112,128,144,160,176,192,208,224,240,256,272,288,304,320,336,352,368,384,400,416,432,448,464,480,496,512,528,544,560,576,592,608,624,640,656,672,688,704,720,736,752,768,784,800,816,832,848,864,880,896,912,928,944,960,976,992,1008,1024,1040,1056,1072,1088,1104,1120,1136,1152,1168,1184,1200,1216,1232 motion_emb_sha=6a90efb28fa1a8a6 motion_pos_sha=b56acc673c0e014a motion_mask=111111111111111111111111111111111111111111111111111111111111111111111111111111000000000000000000 mem_order_sha=2a2e1a3758e26885 motion_cols_sha=ae9de628d8823bf2 donor=None cover=exact:0,fallback:0,cycle:0,cross_seg:0 gate=none num_steps=10 act_sha=5eb9f666f91c92e8 infer_ms=69.8
INFO:mme_vla_suite.serving.websocket_policy_server:TIMING infer_ms=69.8
INFO:mme_vla_suite.serving.websocket_policy_server:TIMING add_buffer_ms=1457.3 frames=16 exec_start_idx=0
MV_INFER cond=normal split=test task=ButtonUnmaskSwap ep=5 ep_seq=8 infer_seq=81 t=1280 es=0 k=79 motion_frames=0,16,32,48,64,80,96,112,128,144,160,176,192,208,224,240,256,272,288,304,320,336,352,368,384,400,416,432,448,464,480,496,512,528,544,560,576,592,608,624,640,656,672,688,704,720,736,752,768,784,800,816,832,848,864,880,896,912,928,944,960,976,992,1008,1024,1040,1056,1072,1088,1104,1120,1136,1152,1168,1184,1200,1216,1232,1248 motion_emb_sha=cf7b4229eff01c8c motion_pos_sha=b50012ccc2a650c3 motion_mask=111111111111111111111111111111111111111111111111111111111111111111111111111111100000000000000000 mem_order_sha=1fed3421d7469d6a motion_cols_sha=b62f12e1cc2e6f4f donor=None cover=exact:0,fallback:0,cycle:0,cross_seg:0 gate=none num_steps=10 act_sha=d4b31cc2b1b06f84 infer_ms=69.8
INFO:mme_vla_suite.serving.websocket_policy_server:TIMING infer_ms=69.8
INFO:mme_vla_suite.serving.websocket_policy_server:TIMING add_buffer_ms=1452.4 frames=16 exec_start_idx=0
MV_INFER cond=normal split=test task=ButtonUnmaskSwap ep=5 ep_seq=8 infer_seq=82 t=1296 es=0 k=80 motion_frames=0,16,32,48,64,80,96,112,128,144,160,176,192,208,224,240,256,272,288,304,320,336,352,368,384,400,416,432,448,464,480,496,512,528,544,560,576,592,608,624,640,656,672,688,704,720,736,752,768,784,800,816,832,848,864,880,896,912,928,944,960,976,992,1008,1024,1040,1056,1072,1088,1104,1120,1136,1152,1168,1184,1200,1216,1232,1248,1264 motion_emb_sha=17c74b3fa0dbd393 motion_pos_sha=d5131e7c6233e7d1 motion_mask=111111111111111111111111111111111111111111111111111111111111111111111111111111110000000000000000 mem_order_sha=a4387b88c08b7549 motion_cols_sha=81f2fc212bebb4ee donor=None cover=exact:0,fallback:0,cycle:0,cross_seg:0 gate=none num_steps=10 act_sha=512746dbda43084c infer_ms=69.9
INFO:mme_vla_suite.serving.websocket_policy_server:TIMING infer_ms=69.9
INFO:websockets.server:connection open
INFO:mme_vla_suite.serving.websocket_policy_server:Connection from ('127.0.0.1', 54778) opened
MV_EPISODE_END ep_seq=8 infers=82 windows=80 wall_s=148.7
MV_EPISODE_BEGIN cond=normal split=test seed=42 ep_seq=9 expect=ButtonUnmaskSwap:9
INFO:mme_vla_suite.serving.websocket_policy_server:TIMING add_buffer_ms=6.9 frames=1 exec_start_idx=0
MV_INFER cond=normal split=test task=ButtonUnmaskSwap ep=9 ep_seq=9 infer_seq=1 t=0 es=0 k=0 motion_frames=- motion_emb_sha=a3e8328721cbb943 motion_pos_sha=f5952cfc3406b7e9 motion_mask=000000000000000000000000000000000000000000000000000000000000000000000000000000000000000000000000 mem_order_sha=e3d555e881e5b964 motion_cols_sha=05f65c2b46f544eb donor=None cover=exact:0,fallback:0,cycle:0,cross_seg:0 gate=none num_steps=10 act_sha=0de6efbffdc90517 infer_ms=69.1
INFO:mme_vla_suite.serving.websocket_policy_server:TIMING infer_ms=69.1
INFO:mme_vla_suite.serving.websocket_policy_server:TIMING add_buffer_ms=36.3 frames=16 exec_start_idx=0
MV_INFER cond=normal split=test task=ButtonUnmaskSwap ep=9 ep_seq=9 infer_seq=2 t=16 es=0 k=0 motion_frames=- motion_emb_sha=a3e8328721cbb943 motion_pos_sha=f5952cfc3406b7e9 motion_mask=000000000000000000000000000000000000000000000000000000000000000000000000000000000000000000000000 mem_order_sha=e3d555e881e5b964 motion_cols_sha=05f65c2b46f544eb donor=None cover=exact:0,fallback:0,cycle:0,cross_seg:0 gate=none num_steps=10 act_sha=2d980cc187bb332f infer_ms=69.1
INFO:mme_vla_suite.serving.websocket_policy_server:TIMING infer_ms=69.1
INFO:mme_vla_suite.serving.websocket_policy_server:TIMING add_buffer_ms=1464.1 frames=16 exec_start_idx=0
MV_INFER cond=normal split=test task=ButtonUnmaskSwap ep=9 ep_seq=9 infer_seq=3 t=32 es=0 k=1 motion_frames=0 motion_emb_sha=8a0ff1b53fa3baf5 motion_pos_sha=5a53d7fa887419cf motion_mask=100000000000000000000000000000000000000000000000000000000000000000000000000000000000000000000000 mem_order_sha=1c4ecd136e06d2ca motion_cols_sha=34669806f215f6a3 donor=None cover=exact:0,fallback:0,cycle:0,cross_seg:0 gate=none num_steps=10 act_sha=3445adaab01b3474 infer_ms=69.6
INFO:mme_vla_suite.serving.websocket_policy_server:TIMING infer_ms=69.6
[sidecar pid=832983] 窗 #651 起点 16 耗时 1411 ms（累计 1227s）
INFO:mme_vla_suite.serving.websocket_policy_server:TIMING add_buffer_ms=1457.8 frames=16 exec_start_idx=0
MV_INFER cond=normal split=test task=ButtonUnmaskSwap ep=9 ep_seq=9 infer_seq=4 t=48 es=0 k=2 motion_frames=0,16 motion_emb_sha=dc503932b80653ff motion_pos_sha=e97dc0e05f375cbe motion_mask=110000000000000000000000000000000000000000000000000000000000000000000000000000000000000000000000 mem_order_sha=74ca653da96ef384 motion_cols_sha=fba18d536d075a6e donor=None cover=exact:0,fallback:0,cycle:0,cross_seg:0 gate=none num_steps=10 act_sha=76eca09fb74da244 infer_ms=70.1
INFO:mme_vla_suite.serving.websocket_policy_server:TIMING infer_ms=70.1
INFO:mme_vla_suite.serving.websocket_policy_server:TIMING add_buffer_ms=1474.0 frames=16 exec_start_idx=0
MV_INFER cond=normal split=test task=ButtonUnmaskSwap ep=9 ep_seq=9 infer_seq=5 t=64 es=0 k=3 motion_frames=0,16,32 motion_emb_sha=9d4a06abe93edb91 motion_pos_sha=358a8247438e4586 motion_mask=111000000000000000000000000000000000000000000000000000000000000000000000000000000000000000000000 mem_order_sha=4bdcb6154ce3db09 motion_cols_sha=ec75f2710ccf7d3e donor=None cover=exact:0,fallback:0,cycle:0,cross_seg:0 gate=none num_steps=10 act_sha=159da3ea140aa31f infer_ms=70.3
INFO:mme_vla_suite.serving.websocket_policy_server:TIMING infer_ms=70.3
INFO:mme_vla_suite.serving.websocket_policy_server:TIMING add_buffer_ms=1462.0 frames=16 exec_start_idx=0
MV_INFER cond=normal split=test task=ButtonUnmaskSwap ep=9 ep_seq=9 infer_seq=6 t=80 es=0 k=4 motion_frames=0,16,32,48 motion_emb_sha=0561ff865747bf80 motion_pos_sha=88620c635e0b1611 motion_mask=111100000000000000000000000000000000000000000000000000000000000000000000000000000000000000000000 mem_order_sha=3f30de4433e4d89f motion_cols_sha=d94e9739c8cfc07e donor=None cover=exact:0,fallback:0,cycle:0,cross_seg:0 gate=none num_steps=10 act_sha=c1db9f3763fb65b6 infer_ms=69.3
INFO:mme_vla_suite.serving.websocket_policy_server:TIMING infer_ms=69.3
INFO:mme_vla_suite.serving.websocket_policy_server:TIMING add_buffer_ms=1467.8 frames=16 exec_start_idx=0
MV_INFER cond=normal split=test task=ButtonUnmaskSwap ep=9 ep_seq=9 infer_seq=7 t=96 es=0 k=5 motion_frames=0,16,32,48,64 motion_emb_sha=b18b6fa50b9ed788 motion_pos_sha=4d979259a4c37547 motion_mask=111110000000000000000000000000000000000000000000000000000000000000000000000000000000000000000000 mem_order_sha=1525b7045b2c259a motion_cols_sha=07c8247e6ab1f89c donor=None cover=exact:0,fallback:0,cycle:0,cross_seg:0 gate=none num_steps=10 act_sha=b55ba1639690e189 infer_ms=69.1
INFO:mme_vla_suite.serving.websocket_policy_server:TIMING infer_ms=69.1
INFO:mme_vla_suite.serving.websocket_policy_server:TIMING add_buffer_ms=1459.9 frames=16 exec_start_idx=0
MV_INFER cond=normal split=test task=ButtonUnmaskSwap ep=9 ep_seq=9 infer_seq=8 t=112 es=0 k=6 motion_frames=0,16,32,48,64,80 motion_emb_sha=986ebeabd362b12e motion_pos_sha=9c9d9e6cd7cfd81a motion_mask=111111000000000000000000000000000000000000000000000000000000000000000000000000000000000000000000 mem_order_sha=afd67825f39380f3 motion_cols_sha=5c7781d2e1462709 donor=None cover=exact:0,fallback:0,cycle:0,cross_seg:0 gate=none num_steps=10 act_sha=cf3f54034c09f100 infer_ms=69.5
INFO:mme_vla_suite.serving.websocket_policy_server:TIMING infer_ms=69.5
INFO:mme_vla_suite.serving.websocket_policy_server:TIMING add_buffer_ms=1461.9 frames=16 exec_start_idx=0
MV_INFER cond=normal split=test task=ButtonUnmaskSwap ep=9 ep_seq=9 infer_seq=9 t=128 es=0 k=7 motion_frames=0,16,32,48,64,80,96 motion_emb_sha=11fcb51531a6d7e4 motion_pos_sha=eaa30818e1807d0a motion_mask=111111100000000000000000000000000000000000000000000000000000000000000000000000000000000000000000 mem_order_sha=53c51af96e80b36b motion_cols_sha=37fb24d50661d1a4 donor=None cover=exact:0,fallback:0,cycle:0,cross_seg:0 gate=none num_steps=10 act_sha=34fb9687c763bec9 infer_ms=69.6
INFO:mme_vla_suite.serving.websocket_policy_server:TIMING infer_ms=69.6
INFO:mme_vla_suite.serving.websocket_policy_server:TIMING add_buffer_ms=1460.1 frames=16 exec_start_idx=0
MV_INFER cond=normal split=test task=ButtonUnmaskSwap ep=9 ep_seq=9 infer_seq=10 t=144 es=0 k=8 motion_frames=0,16,32,48,64,80,96,112 motion_emb_sha=4df5bfd1b579a728 motion_pos_sha=19cfd5aa81fbc280 motion_mask=111111110000000000000000000000000000000000000000000000000000000000000000000000000000000000000000 mem_order_sha=8f7b8d26bf2ab128 motion_cols_sha=887c1c00aa54ee17 donor=None cover=exact:0,fallback:0,cycle:0,cross_seg:0 gate=none num_steps=10 act_sha=bed596cfcc213343 infer_ms=69.4
INFO:mme_vla_suite.serving.websocket_policy_server:TIMING infer_ms=69.4
INFO:mme_vla_suite.serving.websocket_policy_server:TIMING add_buffer_ms=1456.5 frames=16 exec_start_idx=0
MV_INFER cond=normal split=test task=ButtonUnmaskSwap ep=9 ep_seq=9 infer_seq=11 t=160 es=0 k=9 motion_frames=0,16,32,48,64,80,96,112,128 motion_emb_sha=4effc482428d487f motion_pos_sha=36755060bcdb5f34 motion_mask=111111111000000000000000000000000000000000000000000000000000000000000000000000000000000000000000 mem_order_sha=b08d4d55ab2fad2d motion_cols_sha=104972a6841c0e38 donor=None cover=exact:0,fallback:0,cycle:0,cross_seg:0 gate=none num_steps=10 act_sha=04aec6868144f361 infer_ms=69.7
INFO:mme_vla_suite.serving.websocket_policy_server:TIMING infer_ms=69.7
INFO:mme_vla_suite.serving.websocket_policy_server:TIMING add_buffer_ms=1456.0 frames=16 exec_start_idx=0
MV_INFER cond=normal split=test task=ButtonUnmaskSwap ep=9 ep_seq=9 infer_seq=12 t=176 es=0 k=10 motion_frames=0,16,32,48,64,80,96,112,128,144 motion_emb_sha=d938ab49e6303486 motion_pos_sha=386aa1c736701f60 motion_mask=111111111100000000000000000000000000000000000000000000000000000000000000000000000000000000000000 mem_order_sha=4ddf162636dd4c53 motion_cols_sha=fe64c98459b2eb86 donor=None cover=exact:0,fallback:0,cycle:0,cross_seg:0 gate=none num_steps=10 act_sha=6df484bd6c949c56 infer_ms=69.5
INFO:mme_vla_suite.serving.websocket_policy_server:TIMING infer_ms=69.5
INFO:mme_vla_suite.serving.websocket_policy_server:TIMING add_buffer_ms=1455.1 frames=16 exec_start_idx=0
MV_INFER cond=normal split=test task=ButtonUnmaskSwap ep=9 ep_seq=9 infer_seq=13 t=192 es=0 k=11 motion_frames=0,16,32,48,64,80,96,112,128,144,160 motion_emb_sha=e4a48d7c6ddfdca6 motion_pos_sha=097ffa0dc4e98049 motion_mask=111111111110000000000000000000000000000000000000000000000000000000000000000000000000000000000000 mem_order_sha=2fdbc05fbe4c5192 motion_cols_sha=ca0a097bc6347240 donor=None cover=exact:0,fallback:0,cycle:0,cross_seg:0 gate=none num_steps=10 act_sha=f65f655064bf5cd1 infer_ms=69.2
INFO:mme_vla_suite.serving.websocket_policy_server:TIMING infer_ms=69.2
INFO:mme_vla_suite.serving.websocket_policy_server:TIMING add_buffer_ms=1454.1 frames=16 exec_start_idx=0
MV_INFER cond=normal split=test task=ButtonUnmaskSwap ep=9 ep_seq=9 infer_seq=14 t=208 es=0 k=12 motion_frames=0,16,32,48,64,80,96,112,128,144,160,176 motion_emb_sha=702f3722706621cf motion_pos_sha=faf6de0b8c07a1d5 motion_mask=111111111111000000000000000000000000000000000000000000000000000000000000000000000000000000000000 mem_order_sha=e609c91b740de309 motion_cols_sha=08c16a7fb49e3eae donor=None cover=exact:0,fallback:0,cycle:0,cross_seg:0 gate=none num_steps=10 act_sha=cf7a70ee91817570 infer_ms=69.2
INFO:mme_vla_suite.serving.websocket_policy_server:TIMING infer_ms=69.2
INFO:mme_vla_suite.serving.websocket_policy_server:TIMING add_buffer_ms=1460.7 frames=16 exec_start_idx=0
MV_INFER cond=normal split=test task=ButtonUnmaskSwap ep=9 ep_seq=9 infer_seq=15 t=224 es=0 k=13 motion_frames=0,16,32,48,64,80,96,112,128,144,160,176,192 motion_emb_sha=c05ee79c2d4a2dbc motion_pos_sha=cf92c2382e433b7f motion_mask=111111111111100000000000000000000000000000000000000000000000000000000000000000000000000000000000 mem_order_sha=e29d70b97917b96b motion_cols_sha=b802255c0a86c139 donor=None cover=exact:0,fallback:0,cycle:0,cross_seg:0 gate=none num_steps=10 act_sha=b1f392c5aa8db75a infer_ms=69.5
INFO:mme_vla_suite.serving.websocket_policy_server:TIMING infer_ms=69.5
INFO:mme_vla_suite.serving.websocket_policy_server:TIMING add_buffer_ms=1458.4 frames=16 exec_start_idx=0
MV_INFER cond=normal split=test task=ButtonUnmaskSwap ep=9 ep_seq=9 infer_seq=16 t=240 es=0 k=14 motion_frames=0,16,32,48,64,80,96,112,128,144,160,176,192,208 motion_emb_sha=8acb0fcf0e5bfc11 motion_pos_sha=d4be4f2b999b323a motion_mask=111111111111110000000000000000000000000000000000000000000000000000000000000000000000000000000000 mem_order_sha=a06ee3a41d7c396e motion_cols_sha=0f0b4abb0ce08604 donor=None cover=exact:0,fallback:0,cycle:0,cross_seg:0 gate=none num_steps=10 act_sha=7ecedb5421d1e661 infer_ms=69.5
INFO:mme_vla_suite.serving.websocket_policy_server:TIMING infer_ms=69.5
INFO:mme_vla_suite.serving.websocket_policy_server:TIMING add_buffer_ms=1456.5 frames=16 exec_start_idx=0
MV_INFER cond=normal split=test task=ButtonUnmaskSwap ep=9 ep_seq=9 infer_seq=17 t=256 es=0 k=15 motion_frames=0,16,32,48,64,80,96,112,128,144,160,176,192,208,224 motion_emb_sha=29876d877ac4a573 motion_pos_sha=41ec3ade545a49c9 motion_mask=111111111111111000000000000000000000000000000000000000000000000000000000000000000000000000000000 mem_order_sha=d2c65ae0ef95982c motion_cols_sha=b6defef0c13ecc23 donor=None cover=exact:0,fallback:0,cycle:0,cross_seg:0 gate=none num_steps=10 act_sha=2c0b02c7a8beeceb infer_ms=69.8
INFO:mme_vla_suite.serving.websocket_policy_server:TIMING infer_ms=69.8
INFO:mme_vla_suite.serving.websocket_policy_server:TIMING add_buffer_ms=1457.0 frames=16 exec_start_idx=0
MV_INFER cond=normal split=test task=ButtonUnmaskSwap ep=9 ep_seq=9 infer_seq=18 t=272 es=0 k=16 motion_frames=0,16,32,48,64,80,96,112,128,144,160,176,192,208,224,240 motion_emb_sha=c61fd4bf68aa7893 motion_pos_sha=3e49496373152e70 motion_mask=111111111111111100000000000000000000000000000000000000000000000000000000000000000000000000000000 mem_order_sha=3896c62684021e06 motion_cols_sha=61fa1ff66e32da0b donor=None cover=exact:0,fallback:0,cycle:0,cross_seg:0 gate=none num_steps=10 act_sha=18cccd50a9935205 infer_ms=69.7
INFO:mme_vla_suite.serving.websocket_policy_server:TIMING infer_ms=69.7
INFO:mme_vla_suite.serving.websocket_policy_server:TIMING add_buffer_ms=1462.9 frames=16 exec_start_idx=0
MV_INFER cond=normal split=test task=ButtonUnmaskSwap ep=9 ep_seq=9 infer_seq=19 t=288 es=0 k=17 motion_frames=0,16,32,48,64,80,96,112,128,144,160,176,192,208,224,240,256 motion_emb_sha=3a7301551dffc1e6 motion_pos_sha=630eed5d2ad0fee5 motion_mask=111111111111111110000000000000000000000000000000000000000000000000000000000000000000000000000000 mem_order_sha=3fa901451944a6ae motion_cols_sha=11afac2e3a295654 donor=None cover=exact:0,fallback:0,cycle:0,cross_seg:0 gate=none num_steps=10 act_sha=01327a49b7a1c493 infer_ms=69.4
INFO:mme_vla_suite.serving.websocket_policy_server:TIMING infer_ms=69.4
INFO:mme_vla_suite.serving.websocket_policy_server:TIMING add_buffer_ms=1467.0 frames=16 exec_start_idx=0
MV_INFER cond=normal split=test task=ButtonUnmaskSwap ep=9 ep_seq=9 infer_seq=20 t=304 es=0 k=18 motion_frames=0,16,32,48,64,80,96,112,128,144,160,176,192,208,224,240,256,272 motion_emb_sha=6c1159da8194247e motion_pos_sha=7508bb7966bd8997 motion_mask=111111111111111111000000000000000000000000000000000000000000000000000000000000000000000000000000 mem_order_sha=7ec3836c904d86da motion_cols_sha=00e37dc990bcf6a9 donor=None cover=exact:0,fallback:0,cycle:0,cross_seg:0 gate=none num_steps=10 act_sha=995f57fa61c70253 infer_ms=69.2
INFO:mme_vla_suite.serving.websocket_policy_server:TIMING infer_ms=69.2
INFO:mme_vla_suite.serving.websocket_policy_server:TIMING add_buffer_ms=1459.5 frames=16 exec_start_idx=0
MV_INFER cond=normal split=test task=ButtonUnmaskSwap ep=9 ep_seq=9 infer_seq=21 t=320 es=0 k=19 motion_frames=0,16,32,48,64,80,96,112,128,144,160,176,192,208,224,240,256,272,288 motion_emb_sha=ea776ed804cae296 motion_pos_sha=27604282300f89dd motion_mask=111111111111111111100000000000000000000000000000000000000000000000000000000000000000000000000000 mem_order_sha=1bcee858ac8581ba motion_cols_sha=848fded77b707435 donor=None cover=exact:0,fallback:0,cycle:0,cross_seg:0 gate=none num_steps=10 act_sha=62c0ce2d53f0f7f7 infer_ms=69.8
INFO:mme_vla_suite.serving.websocket_policy_server:TIMING infer_ms=69.8
INFO:mme_vla_suite.serving.websocket_policy_server:TIMING add_buffer_ms=1454.2 frames=16 exec_start_idx=0
MV_INFER cond=normal split=test task=ButtonUnmaskSwap ep=9 ep_seq=9 infer_seq=22 t=336 es=0 k=20 motion_frames=0,16,32,48,64,80,96,112,128,144,160,176,192,208,224,240,256,272,288,304 motion_emb_sha=2b4801707ccbcb82 motion_pos_sha=82d754eb6c9c7d28 motion_mask=111111111111111111110000000000000000000000000000000000000000000000000000000000000000000000000000 mem_order_sha=8e4f7352af852292 motion_cols_sha=0957e9030d15feb5 donor=None cover=exact:0,fallback:0,cycle:0,cross_seg:0 gate=none num_steps=10 act_sha=007685997f437f30 infer_ms=69.2
INFO:mme_vla_suite.serving.websocket_policy_server:TIMING infer_ms=69.2
INFO:mme_vla_suite.serving.websocket_policy_server:TIMING add_buffer_ms=1461.9 frames=16 exec_start_idx=0
MV_INFER cond=normal split=test task=ButtonUnmaskSwap ep=9 ep_seq=9 infer_seq=23 t=352 es=0 k=21 motion_frames=0,16,32,48,64,80,96,112,128,144,160,176,192,208,224,240,256,272,288,304,320 motion_emb_sha=9b4680f2366a1a0a motion_pos_sha=b2ded91f4b1e3497 motion_mask=111111111111111111111000000000000000000000000000000000000000000000000000000000000000000000000000 mem_order_sha=e911ccd99a0e7698 motion_cols_sha=9639f994ec80e283 donor=None cover=exact:0,fallback:0,cycle:0,cross_seg:0 gate=none num_steps=10 act_sha=68d181df6b61d3cc infer_ms=69.4
INFO:mme_vla_suite.serving.websocket_policy_server:TIMING infer_ms=69.4
INFO:mme_vla_suite.serving.websocket_policy_server:TIMING add_buffer_ms=1467.6 frames=16 exec_start_idx=0
MV_INFER cond=normal split=test task=ButtonUnmaskSwap ep=9 ep_seq=9 infer_seq=24 t=368 es=0 k=22 motion_frames=0,16,32,48,64,80,96,112,128,144,160,176,192,208,224,240,256,272,288,304,320,336 motion_emb_sha=186832d41deb289c motion_pos_sha=02b5313d34dbb54d motion_mask=111111111111111111111100000000000000000000000000000000000000000000000000000000000000000000000000 mem_order_sha=a5e37ce80bde382c motion_cols_sha=4c78bbca76234a73 donor=None cover=exact:0,fallback:0,cycle:0,cross_seg:0 gate=none num_steps=10 act_sha=e2ad207801f23b75 infer_ms=69.3
INFO:mme_vla_suite.serving.websocket_policy_server:TIMING infer_ms=69.3
INFO:mme_vla_suite.serving.websocket_policy_server:TIMING add_buffer_ms=1457.3 frames=16 exec_start_idx=0
MV_INFER cond=normal split=test task=ButtonUnmaskSwap ep=9 ep_seq=9 infer_seq=25 t=384 es=0 k=23 motion_frames=0,16,32,48,64,80,96,112,128,144,160,176,192,208,224,240,256,272,288,304,320,336,352 motion_emb_sha=3100d2835f62547f motion_pos_sha=394430f2fe2a111f motion_mask=111111111111111111111110000000000000000000000000000000000000000000000000000000000000000000000000 mem_order_sha=ef888998c2ee9177 motion_cols_sha=d31a91eabb80a17e donor=None cover=exact:0,fallback:0,cycle:0,cross_seg:0 gate=none num_steps=10 act_sha=77affeba2a34cf85 infer_ms=69.3
INFO:mme_vla_suite.serving.websocket_policy_server:TIMING infer_ms=69.3
INFO:mme_vla_suite.serving.websocket_policy_server:TIMING add_buffer_ms=1458.2 frames=16 exec_start_idx=0
MV_INFER cond=normal split=test task=ButtonUnmaskSwap ep=9 ep_seq=9 infer_seq=26 t=400 es=0 k=24 motion_frames=0,16,32,48,64,80,96,112,128,144,160,176,192,208,224,240,256,272,288,304,320,336,352,368 motion_emb_sha=2e4b8f70a9846f5f motion_pos_sha=5af02f3dfcb16729 motion_mask=111111111111111111111111000000000000000000000000000000000000000000000000000000000000000000000000 mem_order_sha=a4b34693220533ac motion_cols_sha=470d57efa976fc1f donor=None cover=exact:0,fallback:0,cycle:0,cross_seg:0 gate=none num_steps=10 act_sha=3c49b2b31ad1bcb8 infer_ms=69.3
INFO:mme_vla_suite.serving.websocket_policy_server:TIMING infer_ms=69.3
INFO:mme_vla_suite.serving.websocket_policy_server:TIMING add_buffer_ms=1454.5 frames=16 exec_start_idx=0
MV_INFER cond=normal split=test task=ButtonUnmaskSwap ep=9 ep_seq=9 infer_seq=27 t=416 es=0 k=25 motion_frames=0,16,32,48,64,80,96,112,128,144,160,176,192,208,224,240,256,272,288,304,320,336,352,368,384 motion_emb_sha=add206367bd76320 motion_pos_sha=6687fe3ef7ab6c31 motion_mask=111111111111111111111111100000000000000000000000000000000000000000000000000000000000000000000000 mem_order_sha=2e8f0f44cf91994f motion_cols_sha=25511e64898b44f0 donor=None cover=exact:0,fallback:0,cycle:0,cross_seg:0 gate=none num_steps=10 act_sha=73874eeb3fb9cb36 infer_ms=69.5
INFO:mme_vla_suite.serving.websocket_policy_server:TIMING infer_ms=69.5
INFO:mme_vla_suite.serving.websocket_policy_server:TIMING add_buffer_ms=1464.0 frames=16 exec_start_idx=0
MV_INFER cond=normal split=test task=ButtonUnmaskSwap ep=9 ep_seq=9 infer_seq=28 t=432 es=0 k=26 motion_frames=0,16,32,48,64,80,96,112,128,144,160,176,192,208,224,240,256,272,288,304,320,336,352,368,384,400 motion_emb_sha=3280c2f244044fd2 motion_pos_sha=628a1d586ea0ead0 motion_mask=111111111111111111111111110000000000000000000000000000000000000000000000000000000000000000000000 mem_order_sha=7f421c86fa09d6ff motion_cols_sha=2fc323dd0f89e21e donor=None cover=exact:0,fallback:0,cycle:0,cross_seg:0 gate=none num_steps=10 act_sha=543cbdaaeb83add0 infer_ms=69.2
INFO:mme_vla_suite.serving.websocket_policy_server:TIMING infer_ms=69.2
INFO:mme_vla_suite.serving.websocket_policy_server:TIMING add_buffer_ms=1456.9 frames=16 exec_start_idx=0
MV_INFER cond=normal split=test task=ButtonUnmaskSwap ep=9 ep_seq=9 infer_seq=29 t=448 es=0 k=27 motion_frames=0,16,32,48,64,80,96,112,128,144,160,176,192,208,224,240,256,272,288,304,320,336,352,368,384,400,416 motion_emb_sha=94a587c4171423ae motion_pos_sha=374d18e42d46d506 motion_mask=111111111111111111111111111000000000000000000000000000000000000000000000000000000000000000000000 mem_order_sha=a9601380358f26a3 motion_cols_sha=a013e7a2c5f47434 donor=None cover=exact:0,fallback:0,cycle:0,cross_seg:0 gate=none num_steps=10 act_sha=b0bcc602e2646aed infer_ms=69.8
INFO:mme_vla_suite.serving.websocket_policy_server:TIMING infer_ms=69.8
INFO:mme_vla_suite.serving.websocket_policy_server:TIMING add_buffer_ms=1458.0 frames=16 exec_start_idx=0
MV_INFER cond=normal split=test task=ButtonUnmaskSwap ep=9 ep_seq=9 infer_seq=30 t=464 es=0 k=28 motion_frames=0,16,32,48,64,80,96,112,128,144,160,176,192,208,224,240,256,272,288,304,320,336,352,368,384,400,416,432 motion_emb_sha=10a660ed3ec9acef motion_pos_sha=c6f42c99e8bb04fc motion_mask=111111111111111111111111111100000000000000000000000000000000000000000000000000000000000000000000 mem_order_sha=597e8d7ec05b4d7c motion_cols_sha=454ac679a2eee33a donor=None cover=exact:0,fallback:0,cycle:0,cross_seg:0 gate=none num_steps=10 act_sha=b1d286b203184c4a infer_ms=69.5
INFO:mme_vla_suite.serving.websocket_policy_server:TIMING infer_ms=69.5
INFO:mme_vla_suite.serving.websocket_policy_server:TIMING add_buffer_ms=1456.1 frames=16 exec_start_idx=0
MV_INFER cond=normal split=test task=ButtonUnmaskSwap ep=9 ep_seq=9 infer_seq=31 t=480 es=0 k=29 motion_frames=0,16,32,48,64,80,96,112,128,144,160,176,192,208,224,240,256,272,288,304,320,336,352,368,384,400,416,432,448 motion_emb_sha=4dd44b8646420dc9 motion_pos_sha=5bec62c7b2782ab5 motion_mask=111111111111111111111111111110000000000000000000000000000000000000000000000000000000000000000000 mem_order_sha=969b025395b2669f motion_cols_sha=fa13d9c231b687f7 donor=None cover=exact:0,fallback:0,cycle:0,cross_seg:0 gate=none num_steps=10 act_sha=de3459f64e3a5100 infer_ms=69.5
INFO:mme_vla_suite.serving.websocket_policy_server:TIMING infer_ms=69.5
INFO:mme_vla_suite.serving.websocket_policy_server:TIMING add_buffer_ms=1457.6 frames=16 exec_start_idx=0
MV_INFER cond=normal split=test task=ButtonUnmaskSwap ep=9 ep_seq=9 infer_seq=32 t=496 es=0 k=30 motion_frames=0,16,32,48,64,80,96,112,128,144,160,176,192,208,224,240,256,272,288,304,320,336,352,368,384,400,416,432,448,464 motion_emb_sha=b4a985f1aaa39823 motion_pos_sha=77bb4a49f5f204a6 motion_mask=111111111111111111111111111111000000000000000000000000000000000000000000000000000000000000000000 mem_order_sha=8b9c911903d52ada motion_cols_sha=cf531ae59de60a74 donor=None cover=exact:0,fallback:0,cycle:0,cross_seg:0 gate=none num_steps=10 act_sha=4f93a2b5dbf60780 infer_ms=70.1
INFO:mme_vla_suite.serving.websocket_policy_server:TIMING infer_ms=70.1
INFO:mme_vla_suite.serving.websocket_policy_server:TIMING add_buffer_ms=1455.7 frames=16 exec_start_idx=0
MV_INFER cond=normal split=test task=ButtonUnmaskSwap ep=9 ep_seq=9 infer_seq=33 t=512 es=0 k=31 motion_frames=0,16,32,48,64,80,96,112,128,144,160,176,192,208,224,240,256,272,288,304,320,336,352,368,384,400,416,432,448,464,480 motion_emb_sha=13c77252c5e1f9d0 motion_pos_sha=b5a830a451ce756a motion_mask=111111111111111111111111111111100000000000000000000000000000000000000000000000000000000000000000 mem_order_sha=3b34058d7f65364b motion_cols_sha=b3a6df354ab4d8c7 donor=None cover=exact:0,fallback:0,cycle:0,cross_seg:0 gate=none num_steps=10 act_sha=4f51c5ed6303ed41 infer_ms=69.5
INFO:mme_vla_suite.serving.websocket_policy_server:TIMING infer_ms=69.5
INFO:mme_vla_suite.serving.websocket_policy_server:TIMING add_buffer_ms=1457.6 frames=16 exec_start_idx=0
MV_INFER cond=normal split=test task=ButtonUnmaskSwap ep=9 ep_seq=9 infer_seq=34 t=528 es=0 k=32 motion_frames=0,16,32,48,64,80,96,112,128,144,160,176,192,208,224,240,256,272,288,304,320,336,352,368,384,400,416,432,448,464,480,496 motion_emb_sha=b3067dd1a50fe28c motion_pos_sha=a31e40266e8ce975 motion_mask=111111111111111111111111111111110000000000000000000000000000000000000000000000000000000000000000 mem_order_sha=8810917fd8440e8c motion_cols_sha=1c1e3532088a7dfd donor=None cover=exact:0,fallback:0,cycle:0,cross_seg:0 gate=none num_steps=10 act_sha=f5623252b3d78e5c infer_ms=69.2
INFO:mme_vla_suite.serving.websocket_policy_server:TIMING infer_ms=69.2
INFO:mme_vla_suite.serving.websocket_policy_server:TIMING add_buffer_ms=1455.5 frames=16 exec_start_idx=0
MV_INFER cond=normal split=test task=ButtonUnmaskSwap ep=9 ep_seq=9 infer_seq=35 t=544 es=0 k=33 motion_frames=0,16,32,48,64,80,96,112,128,144,160,176,192,208,224,240,256,272,288,304,320,336,352,368,384,400,416,432,448,464,480,496,512 motion_emb_sha=98d786726fbe67eb motion_pos_sha=eab0166000e0ada9 motion_mask=111111111111111111111111111111111000000000000000000000000000000000000000000000000000000000000000 mem_order_sha=84d9776f0a6388a9 motion_cols_sha=8e3bc15ec06039d9 donor=None cover=exact:0,fallback:0,cycle:0,cross_seg:0 gate=none num_steps=10 act_sha=ef45f7c2025f8480 infer_ms=69.2
INFO:mme_vla_suite.serving.websocket_policy_server:TIMING infer_ms=69.2
INFO:mme_vla_suite.serving.websocket_policy_server:TIMING add_buffer_ms=1462.1 frames=16 exec_start_idx=0
MV_INFER cond=normal split=test task=ButtonUnmaskSwap ep=9 ep_seq=9 infer_seq=36 t=560 es=0 k=34 motion_frames=0,16,32,48,64,80,96,112,128,144,160,176,192,208,224,240,256,272,288,304,320,336,352,368,384,400,416,432,448,464,480,496,512,528 motion_emb_sha=41aed6cb888d3ba6 motion_pos_sha=d43d8a704008daf6 motion_mask=111111111111111111111111111111111100000000000000000000000000000000000000000000000000000000000000 mem_order_sha=6eb9b3f8edf499e7 motion_cols_sha=ad5d71aad766a582 donor=None cover=exact:0,fallback:0,cycle:0,cross_seg:0 gate=none num_steps=10 act_sha=0cbf4bfd02c665ef infer_ms=69.3
INFO:mme_vla_suite.serving.websocket_policy_server:TIMING infer_ms=69.3
INFO:mme_vla_suite.serving.websocket_policy_server:TIMING add_buffer_ms=1456.3 frames=16 exec_start_idx=0
MV_INFER cond=normal split=test task=ButtonUnmaskSwap ep=9 ep_seq=9 infer_seq=37 t=576 es=0 k=35 motion_frames=0,16,32,48,64,80,96,112,128,144,160,176,192,208,224,240,256,272,288,304,320,336,352,368,384,400,416,432,448,464,480,496,512,528,544 motion_emb_sha=e213bc120e4f16e6 motion_pos_sha=de94b3ba18baa253 motion_mask=111111111111111111111111111111111110000000000000000000000000000000000000000000000000000000000000 mem_order_sha=c7e0193d5f8c94eb motion_cols_sha=3b7f200dcc4a154e donor=None cover=exact:0,fallback:0,cycle:0,cross_seg:0 gate=none num_steps=10 act_sha=9a5b6083dcef8643 infer_ms=69.2
INFO:mme_vla_suite.serving.websocket_policy_server:TIMING infer_ms=69.2
INFO:mme_vla_suite.serving.websocket_policy_server:TIMING add_buffer_ms=1461.6 frames=16 exec_start_idx=0
MV_INFER cond=normal split=test task=ButtonUnmaskSwap ep=9 ep_seq=9 infer_seq=38 t=592 es=0 k=36 motion_frames=0,16,32,48,64,80,96,112,128,144,160,176,192,208,224,240,256,272,288,304,320,336,352,368,384,400,416,432,448,464,480,496,512,528,544,560 motion_emb_sha=5a35baa2df34ed5b motion_pos_sha=79d7ee4d77e92fb5 motion_mask=111111111111111111111111111111111111000000000000000000000000000000000000000000000000000000000000 mem_order_sha=d14c08e62b4e5277 motion_cols_sha=93f686b824d1c37a donor=None cover=exact:0,fallback:0,cycle:0,cross_seg:0 gate=none num_steps=10 act_sha=06c9e8c077d96a00 infer_ms=69.3
INFO:mme_vla_suite.serving.websocket_policy_server:TIMING infer_ms=69.3
INFO:mme_vla_suite.serving.websocket_policy_server:TIMING add_buffer_ms=1464.9 frames=16 exec_start_idx=0
MV_INFER cond=normal split=test task=ButtonUnmaskSwap ep=9 ep_seq=9 infer_seq=39 t=608 es=0 k=37 motion_frames=0,16,32,48,64,80,96,112,128,144,160,176,192,208,224,240,256,272,288,304,320,336,352,368,384,400,416,432,448,464,480,496,512,528,544,560,576 motion_emb_sha=56e458a74a956b88 motion_pos_sha=ed409a2810446f17 motion_mask=111111111111111111111111111111111111100000000000000000000000000000000000000000000000000000000000 mem_order_sha=90d4662a192ae249 motion_cols_sha=3eadc43c4d943830 donor=None cover=exact:0,fallback:0,cycle:0,cross_seg:0 gate=none num_steps=10 act_sha=06d0ecb444fd6b9d infer_ms=69.2
INFO:mme_vla_suite.serving.websocket_policy_server:TIMING infer_ms=69.2
INFO:mme_vla_suite.serving.websocket_policy_server:TIMING add_buffer_ms=1463.6 frames=16 exec_start_idx=0
MV_INFER cond=normal split=test task=ButtonUnmaskSwap ep=9 ep_seq=9 infer_seq=40 t=624 es=0 k=38 motion_frames=0,16,32,48,64,80,96,112,128,144,160,176,192,208,224,240,256,272,288,304,320,336,352,368,384,400,416,432,448,464,480,496,512,528,544,560,576,592 motion_emb_sha=5edeecd0021fe4c8 motion_pos_sha=f11838ac6f537185 motion_mask=111111111111111111111111111111111111110000000000000000000000000000000000000000000000000000000000 mem_order_sha=0161c9793244f505 motion_cols_sha=6171a29cf75a582d donor=None cover=exact:0,fallback:0,cycle:0,cross_seg:0 gate=none num_steps=10 act_sha=27663dddc9014048 infer_ms=69.7
INFO:mme_vla_suite.serving.websocket_policy_server:TIMING infer_ms=69.7
INFO:mme_vla_suite.serving.websocket_policy_server:TIMING add_buffer_ms=1462.1 frames=16 exec_start_idx=0
MV_INFER cond=normal split=test task=ButtonUnmaskSwap ep=9 ep_seq=9 infer_seq=41 t=640 es=0 k=39 motion_frames=0,16,32,48,64,80,96,112,128,144,160,176,192,208,224,240,256,272,288,304,320,336,352,368,384,400,416,432,448,464,480,496,512,528,544,560,576,592,608 motion_emb_sha=34988e3e6801a128 motion_pos_sha=bbe054d478576248 motion_mask=111111111111111111111111111111111111111000000000000000000000000000000000000000000000000000000000 mem_order_sha=3e28a574a561f529 motion_cols_sha=75706cddfb5a49b1 donor=None cover=exact:0,fallback:0,cycle:0,cross_seg:0 gate=none num_steps=10 act_sha=4f4fef167ee648ee infer_ms=70.0
INFO:mme_vla_suite.serving.websocket_policy_server:TIMING infer_ms=70.0
INFO:mme_vla_suite.serving.websocket_policy_server:TIMING add_buffer_ms=1454.3 frames=16 exec_start_idx=0
MV_INFER cond=normal split=test task=ButtonUnmaskSwap ep=9 ep_seq=9 infer_seq=42 t=656 es=0 k=40 motion_frames=0,16,32,48,64,80,96,112,128,144,160,176,192,208,224,240,256,272,288,304,320,336,352,368,384,400,416,432,448,464,480,496,512,528,544,560,576,592,608,624 motion_emb_sha=9b49d426a84cf6af motion_pos_sha=d87c3d15d15b51b8 motion_mask=111111111111111111111111111111111111111100000000000000000000000000000000000000000000000000000000 mem_order_sha=9a1d09ac748abb28 motion_cols_sha=fc48261a83a83b97 donor=None cover=exact:0,fallback:0,cycle:0,cross_seg:0 gate=none num_steps=10 act_sha=7fe6bfe91047e8cb infer_ms=69.6
INFO:mme_vla_suite.serving.websocket_policy_server:TIMING infer_ms=69.6
INFO:mme_vla_suite.serving.websocket_policy_server:TIMING add_buffer_ms=1457.1 frames=16 exec_start_idx=0
MV_INFER cond=normal split=test task=ButtonUnmaskSwap ep=9 ep_seq=9 infer_seq=43 t=672 es=0 k=41 motion_frames=0,16,32,48,64,80,96,112,128,144,160,176,192,208,224,240,256,272,288,304,320,336,352,368,384,400,416,432,448,464,480,496,512,528,544,560,576,592,608,624,640 motion_emb_sha=16eea9e98f475793 motion_pos_sha=305e09917e6fd5ac motion_mask=111111111111111111111111111111111111111110000000000000000000000000000000000000000000000000000000 mem_order_sha=1f18d2a138bd0bf9 motion_cols_sha=b7950317891542b4 donor=None cover=exact:0,fallback:0,cycle:0,cross_seg:0 gate=none num_steps=10 act_sha=a0cfcf5987229fd5 infer_ms=69.7
INFO:mme_vla_suite.serving.websocket_policy_server:TIMING infer_ms=69.7
INFO:mme_vla_suite.serving.websocket_policy_server:TIMING add_buffer_ms=1461.5 frames=16 exec_start_idx=0
MV_INFER cond=normal split=test task=ButtonUnmaskSwap ep=9 ep_seq=9 infer_seq=44 t=688 es=0 k=42 motion_frames=0,16,32,48,64,80,96,112,128,144,160,176,192,208,224,240,256,272,288,304,320,336,352,368,384,400,416,432,448,464,480,496,512,528,544,560,576,592,608,624,640,656 motion_emb_sha=d35b3fb4f4d45352 motion_pos_sha=d928bf4021ac4a4b motion_mask=111111111111111111111111111111111111111111000000000000000000000000000000000000000000000000000000 mem_order_sha=0e966687b726d076 motion_cols_sha=2ed9f2bde5da4470 donor=None cover=exact:0,fallback:0,cycle:0,cross_seg:0 gate=none num_steps=10 act_sha=0cc2e8b5fd988dc2 infer_ms=69.7
INFO:mme_vla_suite.serving.websocket_policy_server:TIMING infer_ms=69.7
INFO:mme_vla_suite.serving.websocket_policy_server:TIMING add_buffer_ms=1456.3 frames=16 exec_start_idx=0
MV_INFER cond=normal split=test task=ButtonUnmaskSwap ep=9 ep_seq=9 infer_seq=45 t=704 es=0 k=43 motion_frames=0,16,32,48,64,80,96,112,128,144,160,176,192,208,224,240,256,272,288,304,320,336,352,368,384,400,416,432,448,464,480,496,512,528,544,560,576,592,608,624,640,656,672 motion_emb_sha=6850f298d0c1d3b9 motion_pos_sha=df28f649d327f743 motion_mask=111111111111111111111111111111111111111111100000000000000000000000000000000000000000000000000000 mem_order_sha=64f5fc8956546c66 motion_cols_sha=9ac0355ab034292e donor=None cover=exact:0,fallback:0,cycle:0,cross_seg:0 gate=none num_steps=10 act_sha=d852a532f6c88679 infer_ms=69.4
INFO:mme_vla_suite.serving.websocket_policy_server:TIMING infer_ms=69.4
INFO:mme_vla_suite.serving.websocket_policy_server:TIMING add_buffer_ms=1457.5 frames=16 exec_start_idx=0
MV_INFER cond=normal split=test task=ButtonUnmaskSwap ep=9 ep_seq=9 infer_seq=46 t=720 es=0 k=44 motion_frames=0,16,32,48,64,80,96,112,128,144,160,176,192,208,224,240,256,272,288,304,320,336,352,368,384,400,416,432,448,464,480,496,512,528,544,560,576,592,608,624,640,656,672,688 motion_emb_sha=bc5077168d062eb7 motion_pos_sha=16c7916c2054109b motion_mask=111111111111111111111111111111111111111111110000000000000000000000000000000000000000000000000000 mem_order_sha=108683ecd06aac22 motion_cols_sha=5d9657c560621273 donor=None cover=exact:0,fallback:0,cycle:0,cross_seg:0 gate=none num_steps=10 act_sha=e1bf9e8efd510f01 infer_ms=69.6
INFO:mme_vla_suite.serving.websocket_policy_server:TIMING infer_ms=69.6
INFO:mme_vla_suite.serving.websocket_policy_server:TIMING add_buffer_ms=1462.0 frames=16 exec_start_idx=0
MV_INFER cond=normal split=test task=ButtonUnmaskSwap ep=9 ep_seq=9 infer_seq=47 t=736 es=0 k=45 motion_frames=0,16,32,48,64,80,96,112,128,144,160,176,192,208,224,240,256,272,288,304,320,336,352,368,384,400,416,432,448,464,480,496,512,528,544,560,576,592,608,624,640,656,672,688,704 motion_emb_sha=9936b2db9b558aa1 motion_pos_sha=1a7312af6542d8c4 motion_mask=111111111111111111111111111111111111111111111000000000000000000000000000000000000000000000000000 mem_order_sha=334900ce00d4edee motion_cols_sha=6aa877e8836977cf donor=None cover=exact:0,fallback:0,cycle:0,cross_seg:0 gate=none num_steps=10 act_sha=7eaa1003e139733e infer_ms=69.4
INFO:mme_vla_suite.serving.websocket_policy_server:TIMING infer_ms=69.4
INFO:mme_vla_suite.serving.websocket_policy_server:TIMING add_buffer_ms=1463.6 frames=16 exec_start_idx=0
MV_INFER cond=normal split=test task=ButtonUnmaskSwap ep=9 ep_seq=9 infer_seq=48 t=752 es=0 k=46 motion_frames=0,16,32,48,64,80,96,112,128,144,160,176,192,208,224,240,256,272,288,304,320,336,352,368,384,400,416,432,448,464,480,496,512,528,544,560,576,592,608,624,640,656,672,688,704,720 motion_emb_sha=c4f5e62b5c4b06c6 motion_pos_sha=03f34ee9bd05979f motion_mask=111111111111111111111111111111111111111111111100000000000000000000000000000000000000000000000000 mem_order_sha=eb2eb2afcfeb1ad9 motion_cols_sha=5e7820a41ef36daa donor=None cover=exact:0,fallback:0,cycle:0,cross_seg:0 gate=none num_steps=10 act_sha=84283b5fecdd66a7 infer_ms=69.5
INFO:mme_vla_suite.serving.websocket_policy_server:TIMING infer_ms=69.5
INFO:mme_vla_suite.serving.websocket_policy_server:TIMING add_buffer_ms=1463.0 frames=16 exec_start_idx=0
MV_INFER cond=normal split=test task=ButtonUnmaskSwap ep=9 ep_seq=9 infer_seq=49 t=768 es=0 k=47 motion_frames=0,16,32,48,64,80,96,112,128,144,160,176,192,208,224,240,256,272,288,304,320,336,352,368,384,400,416,432,448,464,480,496,512,528,544,560,576,592,608,624,640,656,672,688,704,720,736 motion_emb_sha=cda339fdb77dacff motion_pos_sha=692cb599ce1428a7 motion_mask=111111111111111111111111111111111111111111111110000000000000000000000000000000000000000000000000 mem_order_sha=6562fcffed534ed6 motion_cols_sha=1759c66f866642dc donor=None cover=exact:0,fallback:0,cycle:0,cross_seg:0 gate=none num_steps=10 act_sha=58293cbddb68102f infer_ms=69.5
INFO:mme_vla_suite.serving.websocket_policy_server:TIMING infer_ms=69.5
INFO:mme_vla_suite.serving.websocket_policy_server:TIMING add_buffer_ms=1456.9 frames=16 exec_start_idx=0
MV_INFER cond=normal split=test task=ButtonUnmaskSwap ep=9 ep_seq=9 infer_seq=50 t=784 es=0 k=48 motion_frames=0,16,32,48,64,80,96,112,128,144,160,176,192,208,224,240,256,272,288,304,320,336,352,368,384,400,416,432,448,464,480,496,512,528,544,560,576,592,608,624,640,656,672,688,704,720,736,752 motion_emb_sha=7c82aefda3166837 motion_pos_sha=c3fe5e84b569016a motion_mask=111111111111111111111111111111111111111111111111000000000000000000000000000000000000000000000000 mem_order_sha=f1a8700e58c41cae motion_cols_sha=99e1f6e9f6bb9c4d donor=None cover=exact:0,fallback:0,cycle:0,cross_seg:0 gate=none num_steps=10 act_sha=0ab9124e0a219413 infer_ms=70.3
INFO:mme_vla_suite.serving.websocket_policy_server:TIMING infer_ms=70.3
INFO:mme_vla_suite.serving.websocket_policy_server:TIMING add_buffer_ms=1457.7 frames=16 exec_start_idx=0
MV_INFER cond=normal split=test task=ButtonUnmaskSwap ep=9 ep_seq=9 infer_seq=51 t=800 es=0 k=49 motion_frames=0,16,32,48,64,80,96,112,128,144,160,176,192,208,224,240,256,272,288,304,320,336,352,368,384,400,416,432,448,464,480,496,512,528,544,560,576,592,608,624,640,656,672,688,704,720,736,752,768 motion_emb_sha=4ebc7102c844fbf8 motion_pos_sha=680f129246f7b6f4 motion_mask=111111111111111111111111111111111111111111111111100000000000000000000000000000000000000000000000 mem_order_sha=2b5cfd5fc3095878 motion_cols_sha=0fbe01f7b49896a1 donor=None cover=exact:0,fallback:0,cycle:0,cross_seg:0 gate=none num_steps=10 act_sha=3536fd1dca81b2d8 infer_ms=69.6
INFO:mme_vla_suite.serving.websocket_policy_server:TIMING infer_ms=69.6
INFO:mme_vla_suite.serving.websocket_policy_server:TIMING add_buffer_ms=1455.1 frames=16 exec_start_idx=0
MV_INFER cond=normal split=test task=ButtonUnmaskSwap ep=9 ep_seq=9 infer_seq=52 t=816 es=0 k=50 motion_frames=0,16,32,48,64,80,96,112,128,144,160,176,192,208,224,240,256,272,288,304,320,336,352,368,384,400,416,432,448,464,480,496,512,528,544,560,576,592,608,624,640,656,672,688,704,720,736,752,768,784 motion_emb_sha=bd7e28c594877881 motion_pos_sha=2310564d1b9957fd motion_mask=111111111111111111111111111111111111111111111111110000000000000000000000000000000000000000000000 mem_order_sha=0121728e581ca339 motion_cols_sha=3146bf3efe6b3a23 donor=None cover=exact:0,fallback:0,cycle:0,cross_seg:0 gate=none num_steps=10 act_sha=fdee10d3cbbb2150 infer_ms=69.6
INFO:mme_vla_suite.serving.websocket_policy_server:TIMING infer_ms=69.6
INFO:mme_vla_suite.serving.websocket_policy_server:TIMING add_buffer_ms=1455.6 frames=16 exec_start_idx=0
MV_INFER cond=normal split=test task=ButtonUnmaskSwap ep=9 ep_seq=9 infer_seq=53 t=832 es=0 k=51 motion_frames=0,16,32,48,64,80,96,112,128,144,160,176,192,208,224,240,256,272,288,304,320,336,352,368,384,400,416,432,448,464,480,496,512,528,544,560,576,592,608,624,640,656,672,688,704,720,736,752,768,784,800 motion_emb_sha=9f9f9d2ffc01c58d motion_pos_sha=600430e170ebc9a0 motion_mask=111111111111111111111111111111111111111111111111111000000000000000000000000000000000000000000000 mem_order_sha=875f38b8693b6012 motion_cols_sha=d23bb84a612c3654 donor=None cover=exact:0,fallback:0,cycle:0,cross_seg:0 gate=none num_steps=10 act_sha=7035336f6508b751 infer_ms=69.6
INFO:mme_vla_suite.serving.websocket_policy_server:TIMING infer_ms=69.6
[sidecar pid=832983] 窗 #701 起点 816 耗时 1418 ms（累计 1317s）
INFO:mme_vla_suite.serving.websocket_policy_server:TIMING add_buffer_ms=1463.2 frames=16 exec_start_idx=0
MV_INFER cond=normal split=test task=ButtonUnmaskSwap ep=9 ep_seq=9 infer_seq=54 t=848 es=0 k=52 motion_frames=0,16,32,48,64,80,96,112,128,144,160,176,192,208,224,240,256,272,288,304,320,336,352,368,384,400,416,432,448,464,480,496,512,528,544,560,576,592,608,624,640,656,672,688,704,720,736,752,768,784,800,816 motion_emb_sha=7758d3b8016a95cf motion_pos_sha=2d007f1393a57404 motion_mask=111111111111111111111111111111111111111111111111111100000000000000000000000000000000000000000000 mem_order_sha=8cda0cc9e165fc7b motion_cols_sha=6ea7276cd41fa784 donor=None cover=exact:0,fallback:0,cycle:0,cross_seg:0 gate=none num_steps=10 act_sha=4a5e3c67c6b88ab2 infer_ms=69.6
INFO:mme_vla_suite.serving.websocket_policy_server:TIMING infer_ms=69.6
INFO:mme_vla_suite.serving.websocket_policy_server:TIMING add_buffer_ms=1456.2 frames=16 exec_start_idx=0
MV_INFER cond=normal split=test task=ButtonUnmaskSwap ep=9 ep_seq=9 infer_seq=55 t=864 es=0 k=53 motion_frames=0,16,32,48,64,80,96,112,128,144,160,176,192,208,224,240,256,272,288,304,320,336,352,368,384,400,416,432,448,464,480,496,512,528,544,560,576,592,608,624,640,656,672,688,704,720,736,752,768,784,800,816,832 motion_emb_sha=c1b465d3274d9727 motion_pos_sha=f42da141b1d4c82c motion_mask=111111111111111111111111111111111111111111111111111110000000000000000000000000000000000000000000 mem_order_sha=0dabd1444bc80074 motion_cols_sha=89f30c99564ea731 donor=None cover=exact:0,fallback:0,cycle:0,cross_seg:0 gate=none num_steps=10 act_sha=5491f2b5cabb61fe infer_ms=69.4
INFO:mme_vla_suite.serving.websocket_policy_server:TIMING infer_ms=69.4
INFO:mme_vla_suite.serving.websocket_policy_server:TIMING add_buffer_ms=1456.3 frames=16 exec_start_idx=0
MV_INFER cond=normal split=test task=ButtonUnmaskSwap ep=9 ep_seq=9 infer_seq=56 t=880 es=0 k=54 motion_frames=0,16,32,48,64,80,96,112,128,144,160,176,192,208,224,240,256,272,288,304,320,336,352,368,384,400,416,432,448,464,480,496,512,528,544,560,576,592,608,624,640,656,672,688,704,720,736,752,768,784,800,816,832,848 motion_emb_sha=7d70da0280f532cc motion_pos_sha=01060eddb55ef662 motion_mask=111111111111111111111111111111111111111111111111111111000000000000000000000000000000000000000000 mem_order_sha=a4e3eafb5ffafe0b motion_cols_sha=e349514dca693b7f donor=None cover=exact:0,fallback:0,cycle:0,cross_seg:0 gate=none num_steps=10 act_sha=f121f0f6c59d0aaf infer_ms=69.6
INFO:mme_vla_suite.serving.websocket_policy_server:TIMING infer_ms=69.6
INFO:mme_vla_suite.serving.websocket_policy_server:TIMING add_buffer_ms=1456.6 frames=16 exec_start_idx=0
MV_INFER cond=normal split=test task=ButtonUnmaskSwap ep=9 ep_seq=9 infer_seq=57 t=896 es=0 k=55 motion_frames=0,16,32,48,64,80,96,112,128,144,160,176,192,208,224,240,256,272,288,304,320,336,352,368,384,400,416,432,448,464,480,496,512,528,544,560,576,592,608,624,640,656,672,688,704,720,736,752,768,784,800,816,832,848,864 motion_emb_sha=a7268dd32071fbda motion_pos_sha=73234d7bb22f2334 motion_mask=111111111111111111111111111111111111111111111111111111100000000000000000000000000000000000000000 mem_order_sha=395346a4f540e9de motion_cols_sha=078b54ea6363443a donor=None cover=exact:0,fallback:0,cycle:0,cross_seg:0 gate=none num_steps=10 act_sha=8e91d05117bcf364 infer_ms=69.3
INFO:mme_vla_suite.serving.websocket_policy_server:TIMING infer_ms=69.3
INFO:mme_vla_suite.serving.websocket_policy_server:TIMING add_buffer_ms=1456.2 frames=16 exec_start_idx=0
MV_INFER cond=normal split=test task=ButtonUnmaskSwap ep=9 ep_seq=9 infer_seq=58 t=912 es=0 k=56 motion_frames=0,16,32,48,64,80,96,112,128,144,160,176,192,208,224,240,256,272,288,304,320,336,352,368,384,400,416,432,448,464,480,496,512,528,544,560,576,592,608,624,640,656,672,688,704,720,736,752,768,784,800,816,832,848,864,880 motion_emb_sha=5c6626706195bfd7 motion_pos_sha=e1476f70fa43befe motion_mask=111111111111111111111111111111111111111111111111111111110000000000000000000000000000000000000000 mem_order_sha=3476e1e03f0ca6e3 motion_cols_sha=a5aa69c91f1f7b29 donor=None cover=exact:0,fallback:0,cycle:0,cross_seg:0 gate=none num_steps=10 act_sha=f68574d4161e6fac infer_ms=70.1
INFO:mme_vla_suite.serving.websocket_policy_server:TIMING infer_ms=70.1
INFO:mme_vla_suite.serving.websocket_policy_server:TIMING add_buffer_ms=1456.9 frames=16 exec_start_idx=0
MV_INFER cond=normal split=test task=ButtonUnmaskSwap ep=9 ep_seq=9 infer_seq=59 t=928 es=0 k=57 motion_frames=0,16,32,48,64,80,96,112,128,144,160,176,192,208,224,240,256,272,288,304,320,336,352,368,384,400,416,432,448,464,480,496,512,528,544,560,576,592,608,624,640,656,672,688,704,720,736,752,768,784,800,816,832,848,864,880,896 motion_emb_sha=71567701f15a179b motion_pos_sha=bca8ade9114e0e68 motion_mask=111111111111111111111111111111111111111111111111111111111000000000000000000000000000000000000000 mem_order_sha=a777cdac8f3e3557 motion_cols_sha=2da46f232ede0f69 donor=None cover=exact:0,fallback:0,cycle:0,cross_seg:0 gate=none num_steps=10 act_sha=03aef399a06a04ef infer_ms=69.3
INFO:mme_vla_suite.serving.websocket_policy_server:TIMING infer_ms=69.3
INFO:mme_vla_suite.serving.websocket_policy_server:TIMING add_buffer_ms=1466.3 frames=16 exec_start_idx=0
MV_INFER cond=normal split=test task=ButtonUnmaskSwap ep=9 ep_seq=9 infer_seq=60 t=944 es=0 k=58 motion_frames=0,16,32,48,64,80,96,112,128,144,160,176,192,208,224,240,256,272,288,304,320,336,352,368,384,400,416,432,448,464,480,496,512,528,544,560,576,592,608,624,640,656,672,688,704,720,736,752,768,784,800,816,832,848,864,880,896,912 motion_emb_sha=3af35272bc816cbe motion_pos_sha=34b7233dd99a2db0 motion_mask=111111111111111111111111111111111111111111111111111111111100000000000000000000000000000000000000 mem_order_sha=6320e4ba2d244586 motion_cols_sha=3b208a16db9ab136 donor=None cover=exact:0,fallback:0,cycle:0,cross_seg:0 gate=none num_steps=10 act_sha=e216c84cbcdbc246 infer_ms=69.3
INFO:mme_vla_suite.serving.websocket_policy_server:TIMING infer_ms=69.3
INFO:mme_vla_suite.serving.websocket_policy_server:TIMING add_buffer_ms=1457.5 frames=16 exec_start_idx=0
MV_INFER cond=normal split=test task=ButtonUnmaskSwap ep=9 ep_seq=9 infer_seq=61 t=960 es=0 k=59 motion_frames=0,16,32,48,64,80,96,112,128,144,160,176,192,208,224,240,256,272,288,304,320,336,352,368,384,400,416,432,448,464,480,496,512,528,544,560,576,592,608,624,640,656,672,688,704,720,736,752,768,784,800,816,832,848,864,880,896,912,928 motion_emb_sha=924d6bd45888acea motion_pos_sha=cb7f48c244f6b94b motion_mask=111111111111111111111111111111111111111111111111111111111110000000000000000000000000000000000000 mem_order_sha=39c29249fe13bc2b motion_cols_sha=3e0e13de4529aac8 donor=None cover=exact:0,fallback:0,cycle:0,cross_seg:0 gate=none num_steps=10 act_sha=ba8ae7ace1ae0149 infer_ms=70.3
INFO:mme_vla_suite.serving.websocket_policy_server:TIMING infer_ms=70.3
INFO:mme_vla_suite.serving.websocket_policy_server:TIMING add_buffer_ms=1457.4 frames=16 exec_start_idx=0
MV_INFER cond=normal split=test task=ButtonUnmaskSwap ep=9 ep_seq=9 infer_seq=62 t=976 es=0 k=60 motion_frames=0,16,32,48,64,80,96,112,128,144,160,176,192,208,224,240,256,272,288,304,320,336,352,368,384,400,416,432,448,464,480,496,512,528,544,560,576,592,608,624,640,656,672,688,704,720,736,752,768,784,800,816,832,848,864,880,896,912,928,944 motion_emb_sha=0bcd5677a8b2890a motion_pos_sha=0c8df1a6e41b5e23 motion_mask=111111111111111111111111111111111111111111111111111111111111000000000000000000000000000000000000 mem_order_sha=20d30cf76b3da92d motion_cols_sha=d14deafb868159f6 donor=None cover=exact:0,fallback:0,cycle:0,cross_seg:0 gate=none num_steps=10 act_sha=ea722f20dc6a8f73 infer_ms=69.3
INFO:mme_vla_suite.serving.websocket_policy_server:TIMING infer_ms=69.3
INFO:mme_vla_suite.serving.websocket_policy_server:TIMING add_buffer_ms=1455.4 frames=16 exec_start_idx=0
MV_INFER cond=normal split=test task=ButtonUnmaskSwap ep=9 ep_seq=9 infer_seq=63 t=992 es=0 k=61 motion_frames=0,16,32,48,64,80,96,112,128,144,160,176,192,208,224,240,256,272,288,304,320,336,352,368,384,400,416,432,448,464,480,496,512,528,544,560,576,592,608,624,640,656,672,688,704,720,736,752,768,784,800,816,832,848,864,880,896,912,928,944,960 motion_emb_sha=875bc7ac31789e1b motion_pos_sha=6969e5ef8a2647ad motion_mask=111111111111111111111111111111111111111111111111111111111111100000000000000000000000000000000000 mem_order_sha=ea99f596f81da8fb motion_cols_sha=e49e1ad67faf939a donor=None cover=exact:0,fallback:0,cycle:0,cross_seg:0 gate=none num_steps=10 act_sha=b1d7565bafb085b9 infer_ms=70.1
INFO:mme_vla_suite.serving.websocket_policy_server:TIMING infer_ms=70.1
INFO:mme_vla_suite.serving.websocket_policy_server:TIMING add_buffer_ms=1457.4 frames=16 exec_start_idx=0
MV_INFER cond=normal split=test task=ButtonUnmaskSwap ep=9 ep_seq=9 infer_seq=64 t=1008 es=0 k=62 motion_frames=0,16,32,48,64,80,96,112,128,144,160,176,192,208,224,240,256,272,288,304,320,336,352,368,384,400,416,432,448,464,480,496,512,528,544,560,576,592,608,624,640,656,672,688,704,720,736,752,768,784,800,816,832,848,864,880,896,912,928,944,960,976 motion_emb_sha=b439dddc11eaabe4 motion_pos_sha=68a304bc0f81b2d1 motion_mask=111111111111111111111111111111111111111111111111111111111111110000000000000000000000000000000000 mem_order_sha=cb85039bc8deeee3 motion_cols_sha=9f68376775df092c donor=None cover=exact:0,fallback:0,cycle:0,cross_seg:0 gate=none num_steps=10 act_sha=626ea1ef3f319e57 infer_ms=69.8
INFO:mme_vla_suite.serving.websocket_policy_server:TIMING infer_ms=69.8
INFO:mme_vla_suite.serving.websocket_policy_server:TIMING add_buffer_ms=1461.7 frames=16 exec_start_idx=0
MV_INFER cond=normal split=test task=ButtonUnmaskSwap ep=9 ep_seq=9 infer_seq=65 t=1024 es=0 k=63 motion_frames=0,16,32,48,64,80,96,112,128,144,160,176,192,208,224,240,256,272,288,304,320,336,352,368,384,400,416,432,448,464,480,496,512,528,544,560,576,592,608,624,640,656,672,688,704,720,736,752,768,784,800,816,832,848,864,880,896,912,928,944,960,976,992 motion_emb_sha=2d021a411d5104ae motion_pos_sha=3a3d8e518a7990d0 motion_mask=111111111111111111111111111111111111111111111111111111111111111000000000000000000000000000000000 mem_order_sha=11fb4b3c9a39ff46 motion_cols_sha=84d86e447056559d donor=None cover=exact:0,fallback:0,cycle:0,cross_seg:0 gate=none num_steps=10 act_sha=4281a005a9d7ee09 infer_ms=69.5
INFO:mme_vla_suite.serving.websocket_policy_server:TIMING infer_ms=69.5
INFO:mme_vla_suite.serving.websocket_policy_server:TIMING add_buffer_ms=1460.9 frames=16 exec_start_idx=0
MV_INFER cond=normal split=test task=ButtonUnmaskSwap ep=9 ep_seq=9 infer_seq=66 t=1040 es=0 k=64 motion_frames=0,16,32,48,64,80,96,112,128,144,160,176,192,208,224,240,256,272,288,304,320,336,352,368,384,400,416,432,448,464,480,496,512,528,544,560,576,592,608,624,640,656,672,688,704,720,736,752,768,784,800,816,832,848,864,880,896,912,928,944,960,976,992,1008 motion_emb_sha=cc0f9f95073bbe81 motion_pos_sha=53ffaa05042f1487 motion_mask=111111111111111111111111111111111111111111111111111111111111111100000000000000000000000000000000 mem_order_sha=173c4f5cff3909ff motion_cols_sha=6b874a13dc5773fe donor=None cover=exact:0,fallback:0,cycle:0,cross_seg:0 gate=none num_steps=10 act_sha=1b73683504adff4f infer_ms=69.9
INFO:mme_vla_suite.serving.websocket_policy_server:TIMING infer_ms=69.9
INFO:mme_vla_suite.serving.websocket_policy_server:TIMING add_buffer_ms=1459.6 frames=16 exec_start_idx=0
MV_INFER cond=normal split=test task=ButtonUnmaskSwap ep=9 ep_seq=9 infer_seq=67 t=1056 es=0 k=65 motion_frames=0,16,32,48,64,80,96,112,128,144,160,176,192,208,224,240,256,272,288,304,320,336,352,368,384,400,416,432,448,464,480,496,512,528,544,560,576,592,608,624,640,656,672,688,704,720,736,752,768,784,800,816,832,848,864,880,896,912,928,944,960,976,992,1008,1024 motion_emb_sha=0c87f3c5a17bc811 motion_pos_sha=c418e4d946bed0c9 motion_mask=111111111111111111111111111111111111111111111111111111111111111110000000000000000000000000000000 mem_order_sha=92dea94c12a99a47 motion_cols_sha=52b8373c7987aeda donor=None cover=exact:0,fallback:0,cycle:0,cross_seg:0 gate=none num_steps=10 act_sha=517249753d561a93 infer_ms=69.3
INFO:mme_vla_suite.serving.websocket_policy_server:TIMING infer_ms=69.3
INFO:mme_vla_suite.serving.websocket_policy_server:TIMING add_buffer_ms=1459.9 frames=16 exec_start_idx=0
MV_INFER cond=normal split=test task=ButtonUnmaskSwap ep=9 ep_seq=9 infer_seq=68 t=1072 es=0 k=66 motion_frames=0,16,32,48,64,80,96,112,128,144,160,176,192,208,224,240,256,272,288,304,320,336,352,368,384,400,416,432,448,464,480,496,512,528,544,560,576,592,608,624,640,656,672,688,704,720,736,752,768,784,800,816,832,848,864,880,896,912,928,944,960,976,992,1008,1024,1040 motion_emb_sha=2f2daf0d35b3465e motion_pos_sha=4be728651e8fa641 motion_mask=111111111111111111111111111111111111111111111111111111111111111111000000000000000000000000000000 mem_order_sha=5f81dcb5ffcc7505 motion_cols_sha=4e8d37dd9b433350 donor=None cover=exact:0,fallback:0,cycle:0,cross_seg:0 gate=none num_steps=10 act_sha=75f8a2a8180678ec infer_ms=69.8
INFO:mme_vla_suite.serving.websocket_policy_server:TIMING infer_ms=69.8
INFO:mme_vla_suite.serving.websocket_policy_server:TIMING add_buffer_ms=1465.6 frames=16 exec_start_idx=0
MV_INFER cond=normal split=test task=ButtonUnmaskSwap ep=9 ep_seq=9 infer_seq=69 t=1088 es=0 k=67 motion_frames=0,16,32,48,64,80,96,112,128,144,160,176,192,208,224,240,256,272,288,304,320,336,352,368,384,400,416,432,448,464,480,496,512,528,544,560,576,592,608,624,640,656,672,688,704,720,736,752,768,784,800,816,832,848,864,880,896,912,928,944,960,976,992,1008,1024,1040,1056 motion_emb_sha=0e97b50a0368ff71 motion_pos_sha=4be2cf300c672914 motion_mask=111111111111111111111111111111111111111111111111111111111111111111100000000000000000000000000000 mem_order_sha=ed1cfe5e10d900a5 motion_cols_sha=9f325d883e270012 donor=None cover=exact:0,fallback:0,cycle:0,cross_seg:0 gate=none num_steps=10 act_sha=c4fcbc142c559af9 infer_ms=69.4
INFO:mme_vla_suite.serving.websocket_policy_server:TIMING infer_ms=69.4
INFO:mme_vla_suite.serving.websocket_policy_server:TIMING add_buffer_ms=1461.4 frames=16 exec_start_idx=0
MV_INFER cond=normal split=test task=ButtonUnmaskSwap ep=9 ep_seq=9 infer_seq=70 t=1104 es=0 k=68 motion_frames=0,16,32,48,64,80,96,112,128,144,160,176,192,208,224,240,256,272,288,304,320,336,352,368,384,400,416,432,448,464,480,496,512,528,544,560,576,592,608,624,640,656,672,688,704,720,736,752,768,784,800,816,832,848,864,880,896,912,928,944,960,976,992,1008,1024,1040,1056,1072 motion_emb_sha=7920f28bf197040d motion_pos_sha=f1771cc9a7c1c81a motion_mask=111111111111111111111111111111111111111111111111111111111111111111110000000000000000000000000000 mem_order_sha=2b2ce7eded738651 motion_cols_sha=e1d7e941199ff79f donor=None cover=exact:0,fallback:0,cycle:0,cross_seg:0 gate=none num_steps=10 act_sha=6c2cc9052a328954 infer_ms=69.9
INFO:mme_vla_suite.serving.websocket_policy_server:TIMING infer_ms=69.9
INFO:mme_vla_suite.serving.websocket_policy_server:TIMING add_buffer_ms=1459.9 frames=16 exec_start_idx=0
MV_INFER cond=normal split=test task=ButtonUnmaskSwap ep=9 ep_seq=9 infer_seq=71 t=1120 es=0 k=69 motion_frames=0,16,32,48,64,80,96,112,128,144,160,176,192,208,224,240,256,272,288,304,320,336,352,368,384,400,416,432,448,464,480,496,512,528,544,560,576,592,608,624,640,656,672,688,704,720,736,752,768,784,800,816,832,848,864,880,896,912,928,944,960,976,992,1008,1024,1040,1056,1072,1088 motion_emb_sha=a78e7c7535697bae motion_pos_sha=64e385d9c7350895 motion_mask=111111111111111111111111111111111111111111111111111111111111111111111000000000000000000000000000 mem_order_sha=bd58339f940fb782 motion_cols_sha=e969946faa6cf423 donor=None cover=exact:0,fallback:0,cycle:0,cross_seg:0 gate=none num_steps=10 act_sha=a38b849be40b3bf6 infer_ms=69.5
INFO:mme_vla_suite.serving.websocket_policy_server:TIMING infer_ms=69.5
INFO:mme_vla_suite.serving.websocket_policy_server:TIMING add_buffer_ms=1461.8 frames=16 exec_start_idx=0
MV_INFER cond=normal split=test task=ButtonUnmaskSwap ep=9 ep_seq=9 infer_seq=72 t=1136 es=0 k=70 motion_frames=0,16,32,48,64,80,96,112,128,144,160,176,192,208,224,240,256,272,288,304,320,336,352,368,384,400,416,432,448,464,480,496,512,528,544,560,576,592,608,624,640,656,672,688,704,720,736,752,768,784,800,816,832,848,864,880,896,912,928,944,960,976,992,1008,1024,1040,1056,1072,1088,1104 motion_emb_sha=fec2e7393916be01 motion_pos_sha=02413430471dedfa motion_mask=111111111111111111111111111111111111111111111111111111111111111111111100000000000000000000000000 mem_order_sha=0b404dd327a8564d motion_cols_sha=87fa21f0aa357e1d donor=None cover=exact:0,fallback:0,cycle:0,cross_seg:0 gate=none num_steps=10 act_sha=fe25f731843accb5 infer_ms=69.3
INFO:mme_vla_suite.serving.websocket_policy_server:TIMING infer_ms=69.3
INFO:mme_vla_suite.serving.websocket_policy_server:TIMING add_buffer_ms=1455.6 frames=16 exec_start_idx=0
MV_INFER cond=normal split=test task=ButtonUnmaskSwap ep=9 ep_seq=9 infer_seq=73 t=1152 es=0 k=71 motion_frames=0,16,32,48,64,80,96,112,128,144,160,176,192,208,224,240,256,272,288,304,320,336,352,368,384,400,416,432,448,464,480,496,512,528,544,560,576,592,608,624,640,656,672,688,704,720,736,752,768,784,800,816,832,848,864,880,896,912,928,944,960,976,992,1008,1024,1040,1056,1072,1088,1104,1120 motion_emb_sha=26780f4f18181c7c motion_pos_sha=fab88c141df710d5 motion_mask=111111111111111111111111111111111111111111111111111111111111111111111110000000000000000000000000 mem_order_sha=a889ac580cefd71c motion_cols_sha=3c468ad914141d0d donor=None cover=exact:0,fallback:0,cycle:0,cross_seg:0 gate=none num_steps=10 act_sha=6fae31642a9eb6de infer_ms=69.3
INFO:mme_vla_suite.serving.websocket_policy_server:TIMING infer_ms=69.3
INFO:mme_vla_suite.serving.websocket_policy_server:TIMING add_buffer_ms=1457.8 frames=16 exec_start_idx=0
MV_INFER cond=normal split=test task=ButtonUnmaskSwap ep=9 ep_seq=9 infer_seq=74 t=1168 es=0 k=72 motion_frames=0,16,32,48,64,80,96,112,128,144,160,176,192,208,224,240,256,272,288,304,320,336,352,368,384,400,416,432,448,464,480,496,512,528,544,560,576,592,608,624,640,656,672,688,704,720,736,752,768,784,800,816,832,848,864,880,896,912,928,944,960,976,992,1008,1024,1040,1056,1072,1088,1104,1120,1136 motion_emb_sha=f71bcd1ee0b71830 motion_pos_sha=d6a6837d103909b7 motion_mask=111111111111111111111111111111111111111111111111111111111111111111111111000000000000000000000000 mem_order_sha=d483b82ad6dc5168 motion_cols_sha=0c6c7ed6aacf4632 donor=None cover=exact:0,fallback:0,cycle:0,cross_seg:0 gate=none num_steps=10 act_sha=23da618879dca809 infer_ms=69.6
INFO:mme_vla_suite.serving.websocket_policy_server:TIMING infer_ms=69.6
INFO:mme_vla_suite.serving.websocket_policy_server:TIMING add_buffer_ms=1457.8 frames=16 exec_start_idx=0
MV_INFER cond=normal split=test task=ButtonUnmaskSwap ep=9 ep_seq=9 infer_seq=75 t=1184 es=0 k=73 motion_frames=0,16,32,48,64,80,96,112,128,144,160,176,192,208,224,240,256,272,288,304,320,336,352,368,384,400,416,432,448,464,480,496,512,528,544,560,576,592,608,624,640,656,672,688,704,720,736,752,768,784,800,816,832,848,864,880,896,912,928,944,960,976,992,1008,1024,1040,1056,1072,1088,1104,1120,1136,1152 motion_emb_sha=09a19f43a3e21ba9 motion_pos_sha=b9f2cb6eb308ecb4 motion_mask=111111111111111111111111111111111111111111111111111111111111111111111111100000000000000000000000 mem_order_sha=d02d0aed837362f6 motion_cols_sha=2a3614e2ed121717 donor=None cover=exact:0,fallback:0,cycle:0,cross_seg:0 gate=none num_steps=10 act_sha=7f799e769fc01416 infer_ms=70.2
INFO:mme_vla_suite.serving.websocket_policy_server:TIMING infer_ms=70.2
INFO:mme_vla_suite.serving.websocket_policy_server:TIMING add_buffer_ms=1457.8 frames=16 exec_start_idx=0
MV_INFER cond=normal split=test task=ButtonUnmaskSwap ep=9 ep_seq=9 infer_seq=76 t=1200 es=0 k=74 motion_frames=0,16,32,48,64,80,96,112,128,144,160,176,192,208,224,240,256,272,288,304,320,336,352,368,384,400,416,432,448,464,480,496,512,528,544,560,576,592,608,624,640,656,672,688,704,720,736,752,768,784,800,816,832,848,864,880,896,912,928,944,960,976,992,1008,1024,1040,1056,1072,1088,1104,1120,1136,1152,1168 motion_emb_sha=6a9e06b8dca14fec motion_pos_sha=c16da1b65c95ec2c motion_mask=111111111111111111111111111111111111111111111111111111111111111111111111110000000000000000000000 mem_order_sha=5e6b887dca10ded1 motion_cols_sha=0637e352fbbaefdf donor=None cover=exact:0,fallback:0,cycle:0,cross_seg:0 gate=none num_steps=10 act_sha=b2b11b9044c8bac0 infer_ms=69.8
INFO:mme_vla_suite.serving.websocket_policy_server:TIMING infer_ms=69.8
INFO:mme_vla_suite.serving.websocket_policy_server:TIMING add_buffer_ms=1455.4 frames=16 exec_start_idx=0
MV_INFER cond=normal split=test task=ButtonUnmaskSwap ep=9 ep_seq=9 infer_seq=77 t=1216 es=0 k=75 motion_frames=0,16,32,48,64,80,96,112,128,144,160,176,192,208,224,240,256,272,288,304,320,336,352,368,384,400,416,432,448,464,480,496,512,528,544,560,576,592,608,624,640,656,672,688,704,720,736,752,768,784,800,816,832,848,864,880,896,912,928,944,960,976,992,1008,1024,1040,1056,1072,1088,1104,1120,1136,1152,1168,1184 motion_emb_sha=397d4511ea818b77 motion_pos_sha=6aa36bab2e46f370 motion_mask=111111111111111111111111111111111111111111111111111111111111111111111111111000000000000000000000 mem_order_sha=d100c887873fb6e6 motion_cols_sha=846007b9906b64ef donor=None cover=exact:0,fallback:0,cycle:0,cross_seg:0 gate=none num_steps=10 act_sha=a09538180690d7b9 infer_ms=69.9
INFO:mme_vla_suite.serving.websocket_policy_server:TIMING infer_ms=69.9
INFO:mme_vla_suite.serving.websocket_policy_server:TIMING add_buffer_ms=1456.4 frames=16 exec_start_idx=0
MV_INFER cond=normal split=test task=ButtonUnmaskSwap ep=9 ep_seq=9 infer_seq=78 t=1232 es=0 k=76 motion_frames=0,16,32,48,64,80,96,112,128,144,160,176,192,208,224,240,256,272,288,304,320,336,352,368,384,400,416,432,448,464,480,496,512,528,544,560,576,592,608,624,640,656,672,688,704,720,736,752,768,784,800,816,832,848,864,880,896,912,928,944,960,976,992,1008,1024,1040,1056,1072,1088,1104,1120,1136,1152,1168,1184,1200 motion_emb_sha=a794e35901e8418e motion_pos_sha=39a2d766dea0ddac motion_mask=111111111111111111111111111111111111111111111111111111111111111111111111111100000000000000000000 mem_order_sha=601ccd8775c9d37f motion_cols_sha=fb27e958d1ca6acf donor=None cover=exact:0,fallback:0,cycle:0,cross_seg:0 gate=none num_steps=10 act_sha=f9065ab8bce163c0 infer_ms=69.4
INFO:mme_vla_suite.serving.websocket_policy_server:TIMING infer_ms=69.4
INFO:mme_vla_suite.serving.websocket_policy_server:TIMING add_buffer_ms=1459.0 frames=16 exec_start_idx=0
MV_INFER cond=normal split=test task=ButtonUnmaskSwap ep=9 ep_seq=9 infer_seq=79 t=1248 es=0 k=77 motion_frames=0,16,32,48,64,80,96,112,128,144,160,176,192,208,224,240,256,272,288,304,320,336,352,368,384,400,416,432,448,464,480,496,512,528,544,560,576,592,608,624,640,656,672,688,704,720,736,752,768,784,800,816,832,848,864,880,896,912,928,944,960,976,992,1008,1024,1040,1056,1072,1088,1104,1120,1136,1152,1168,1184,1200,1216 motion_emb_sha=9906a6ae4f02c3f3 motion_pos_sha=6ed6eeb0d66bd601 motion_mask=111111111111111111111111111111111111111111111111111111111111111111111111111110000000000000000000 mem_order_sha=ccc9899d21634b2a motion_cols_sha=d02ea63e106e047b donor=None cover=exact:0,fallback:0,cycle:0,cross_seg:0 gate=none num_steps=10 act_sha=e4c18bbc920c490e infer_ms=69.6
INFO:mme_vla_suite.serving.websocket_policy_server:TIMING infer_ms=69.6
INFO:mme_vla_suite.serving.websocket_policy_server:TIMING add_buffer_ms=1457.5 frames=16 exec_start_idx=0
MV_INFER cond=normal split=test task=ButtonUnmaskSwap ep=9 ep_seq=9 infer_seq=80 t=1264 es=0 k=78 motion_frames=0,16,32,48,64,80,96,112,128,144,160,176,192,208,224,240,256,272,288,304,320,336,352,368,384,400,416,432,448,464,480,496,512,528,544,560,576,592,608,624,640,656,672,688,704,720,736,752,768,784,800,816,832,848,864,880,896,912,928,944,960,976,992,1008,1024,1040,1056,1072,1088,1104,1120,1136,1152,1168,1184,1200,1216,1232 motion_emb_sha=863139395d55a0db motion_pos_sha=b56acc673c0e014a motion_mask=111111111111111111111111111111111111111111111111111111111111111111111111111111000000000000000000 mem_order_sha=2a2e1a3758e26885 motion_cols_sha=ae9de628d8823bf2 donor=None cover=exact:0,fallback:0,cycle:0,cross_seg:0 gate=none num_steps=10 act_sha=d53734338c2f8a48 infer_ms=69.8
INFO:mme_vla_suite.serving.websocket_policy_server:TIMING infer_ms=69.8
INFO:mme_vla_suite.serving.websocket_policy_server:TIMING add_buffer_ms=1459.9 frames=16 exec_start_idx=0
MV_INFER cond=normal split=test task=ButtonUnmaskSwap ep=9 ep_seq=9 infer_seq=81 t=1280 es=0 k=79 motion_frames=0,16,32,48,64,80,96,112,128,144,160,176,192,208,224,240,256,272,288,304,320,336,352,368,384,400,416,432,448,464,480,496,512,528,544,560,576,592,608,624,640,656,672,688,704,720,736,752,768,784,800,816,832,848,864,880,896,912,928,944,960,976,992,1008,1024,1040,1056,1072,1088,1104,1120,1136,1152,1168,1184,1200,1216,1232,1248 motion_emb_sha=7d83fe73f57fc7eb motion_pos_sha=b50012ccc2a650c3 motion_mask=111111111111111111111111111111111111111111111111111111111111111111111111111111100000000000000000 mem_order_sha=1fed3421d7469d6a motion_cols_sha=b62f12e1cc2e6f4f donor=None cover=exact:0,fallback:0,cycle:0,cross_seg:0 gate=none num_steps=10 act_sha=ed2cced4eddd609c infer_ms=69.8
INFO:mme_vla_suite.serving.websocket_policy_server:TIMING infer_ms=69.8
INFO:mme_vla_suite.serving.websocket_policy_server:TIMING add_buffer_ms=1456.9 frames=16 exec_start_idx=0
MV_INFER cond=normal split=test task=ButtonUnmaskSwap ep=9 ep_seq=9 infer_seq=82 t=1296 es=0 k=80 motion_frames=0,16,32,48,64,80,96,112,128,144,160,176,192,208,224,240,256,272,288,304,320,336,352,368,384,400,416,432,448,464,480,496,512,528,544,560,576,592,608,624,640,656,672,688,704,720,736,752,768,784,800,816,832,848,864,880,896,912,928,944,960,976,992,1008,1024,1040,1056,1072,1088,1104,1120,1136,1152,1168,1184,1200,1216,1232,1248,1264 motion_emb_sha=a17da5ffef827fba motion_pos_sha=d5131e7c6233e7d1 motion_mask=111111111111111111111111111111111111111111111111111111111111111111111111111111110000000000000000 mem_order_sha=a4387b88c08b7549 motion_cols_sha=81f2fc212bebb4ee donor=None cover=exact:0,fallback:0,cycle:0,cross_seg:0 gate=none num_steps=10 act_sha=d703a6486aae938e infer_ms=70.2
INFO:mme_vla_suite.serving.websocket_policy_server:TIMING infer_ms=70.2
INFO:websockets.server:connection open
INFO:mme_vla_suite.serving.websocket_policy_server:Connection from ('127.0.0.1', 35462) opened
MV_EPISODE_END ep_seq=9 infers=82 windows=80 wall_s=148.9
MV_EPISODE_BEGIN cond=normal split=test seed=42 ep_seq=10 expect=VideoUnmaskSwap:1
INFO:mme_vla_suite.serving.websocket_policy_server:TIMING add_buffer_ms=13981.7 frames=169 exec_start_idx=168
MV_INFER cond=normal split=test task=VideoUnmaskSwap ep=1 ep_seq=10 infer_seq=1 t=168 es=168 k=9 motion_frames=0,16,32,48,64,80,96,112,128 motion_emb_sha=7564662b68da4bd0 motion_pos_sha=36755060bcdb5f34 motion_mask=111111111000000000000000000000000000000000000000000000000000000000000000000000000000000000000000 mem_order_sha=b08d4d55ab2fad2d motion_cols_sha=104972a6841c0e38 donor=None cover=exact:0,fallback:0,cycle:0,cross_seg:0 gate=none num_steps=10 act_sha=ff296847ecc278b1 infer_ms=71.5
INFO:mme_vla_suite.serving.websocket_policy_server:TIMING infer_ms=71.5
INFO:mme_vla_suite.serving.websocket_policy_server:TIMING add_buffer_ms=36.8 frames=16 exec_start_idx=0
MV_INFER cond=normal split=test task=VideoUnmaskSwap ep=1 ep_seq=10 infer_seq=2 t=184 es=168 k=9 motion_frames=0,16,32,48,64,80,96,112,128 motion_emb_sha=7564662b68da4bd0 motion_pos_sha=36755060bcdb5f34 motion_mask=111111111000000000000000000000000000000000000000000000000000000000000000000000000000000000000000 mem_order_sha=6b2849c25e600246 motion_cols_sha=7c8bdfad44bf8c8b donor=None cover=exact:0,fallback:0,cycle:0,cross_seg:0 gate=none num_steps=10 act_sha=cd99bbdd11cc0a93 infer_ms=69.2
INFO:mme_vla_suite.serving.websocket_policy_server:TIMING infer_ms=69.2
INFO:mme_vla_suite.serving.websocket_policy_server:TIMING add_buffer_ms=1469.2 frames=16 exec_start_idx=0
MV_INFER cond=normal split=test task=VideoUnmaskSwap ep=1 ep_seq=10 infer_seq=3 t=200 es=168 k=10 motion_frames=0,16,32,48,64,80,96,112,128,168 motion_emb_sha=2b36c87690ac4fcd motion_pos_sha=ef929cbf6e483e0e motion_mask=111111111100000000000000000000000000000000000000000000000000000000000000000000000000000000000000 mem_order_sha=78277b65f72c8b36 motion_cols_sha=b5f3b9e70a84f21b donor=None cover=exact:0,fallback:0,cycle:0,cross_seg:0 gate=none num_steps=10 act_sha=8c9dbc1c98dd2cfb infer_ms=69.7
INFO:mme_vla_suite.serving.websocket_policy_server:TIMING infer_ms=69.7
INFO:mme_vla_suite.serving.websocket_policy_server:TIMING add_buffer_ms=1453.1 frames=16 exec_start_idx=0
MV_INFER cond=normal split=test task=VideoUnmaskSwap ep=1 ep_seq=10 infer_seq=4 t=216 es=168 k=11 motion_frames=0,16,32,48,64,80,96,112,128,168,184 motion_emb_sha=ece9df7746ee1e21 motion_pos_sha=2459c77ceaea8d1f motion_mask=111111111110000000000000000000000000000000000000000000000000000000000000000000000000000000000000 mem_order_sha=606eb28cbc5aa7f9 motion_cols_sha=41088e13d3214349 donor=None cover=exact:0,fallback:0,cycle:0,cross_seg:0 gate=none num_steps=10 act_sha=a84aac4530f44ca3 infer_ms=69.3
INFO:mme_vla_suite.serving.websocket_policy_server:TIMING infer_ms=69.3
INFO:mme_vla_suite.serving.websocket_policy_server:TIMING add_buffer_ms=1458.9 frames=16 exec_start_idx=0
MV_INFER cond=normal split=test task=VideoUnmaskSwap ep=1 ep_seq=10 infer_seq=5 t=232 es=168 k=12 motion_frames=0,16,32,48,64,80,96,112,128,168,184,200 motion_emb_sha=fb97fbee2ed91c9c motion_pos_sha=38a8628e900e4df7 motion_mask=111111111111000000000000000000000000000000000000000000000000000000000000000000000000000000000000 mem_order_sha=bc43d4b7d8432b78 motion_cols_sha=b4d27b77d81ec5aa donor=None cover=exact:0,fallback:0,cycle:0,cross_seg:0 gate=none num_steps=10 act_sha=d215d6d427cc8266 infer_ms=69.3
INFO:mme_vla_suite.serving.websocket_policy_server:TIMING infer_ms=69.3
INFO:mme_vla_suite.serving.websocket_policy_server:TIMING add_buffer_ms=1457.8 frames=16 exec_start_idx=0
MV_INFER cond=normal split=test task=VideoUnmaskSwap ep=1 ep_seq=10 infer_seq=6 t=248 es=168 k=13 motion_frames=0,16,32,48,64,80,96,112,128,168,184,200,216 motion_emb_sha=2511c77a38dcf6df motion_pos_sha=c4e2022314b3e727 motion_mask=111111111111100000000000000000000000000000000000000000000000000000000000000000000000000000000000 mem_order_sha=3ee951fe0ed1cb43 motion_cols_sha=9be01b138abf3763 donor=None cover=exact:0,fallback:0,cycle:0,cross_seg:0 gate=none num_steps=10 act_sha=0bbaa833ed029494 infer_ms=69.3
INFO:mme_vla_suite.serving.websocket_policy_server:TIMING infer_ms=69.3
INFO:mme_vla_suite.serving.websocket_policy_server:TIMING add_buffer_ms=1461.3 frames=16 exec_start_idx=0
MV_INFER cond=normal split=test task=VideoUnmaskSwap ep=1 ep_seq=10 infer_seq=7 t=264 es=168 k=14 motion_frames=0,16,32,48,64,80,96,112,128,168,184,200,216,232 motion_emb_sha=6959fbe7f9c9cacf motion_pos_sha=f3024a5e5ffd0f56 motion_mask=111111111111110000000000000000000000000000000000000000000000000000000000000000000000000000000000 mem_order_sha=bb23eed1464520cb motion_cols_sha=e4aff7b8d5acb5c8 donor=None cover=exact:0,fallback:0,cycle:0,cross_seg:0 gate=none num_steps=10 act_sha=c055306a0b267cdb infer_ms=69.2
INFO:mme_vla_suite.serving.websocket_policy_server:TIMING infer_ms=69.2
INFO:mme_vla_suite.serving.websocket_policy_server:TIMING add_buffer_ms=1455.3 frames=16 exec_start_idx=0
MV_INFER cond=normal split=test task=VideoUnmaskSwap ep=1 ep_seq=10 infer_seq=8 t=280 es=168 k=15 motion_frames=0,16,32,48,64,80,96,112,128,168,184,200,216,232,248 motion_emb_sha=e5da39ed8d84b519 motion_pos_sha=b3156bd01157568f motion_mask=111111111111111000000000000000000000000000000000000000000000000000000000000000000000000000000000 mem_order_sha=05fb77188c712eff motion_cols_sha=fa1badd00ccdac14 donor=None cover=exact:0,fallback:0,cycle:0,cross_seg:0 gate=none num_steps=10 act_sha=b0f07e202b9eae30 infer_ms=69.8
INFO:mme_vla_suite.serving.websocket_policy_server:TIMING infer_ms=69.8
INFO:mme_vla_suite.serving.websocket_policy_server:TIMING add_buffer_ms=1453.5 frames=16 exec_start_idx=0
MV_INFER cond=normal split=test task=VideoUnmaskSwap ep=1 ep_seq=10 infer_seq=9 t=296 es=168 k=16 motion_frames=0,16,32,48,64,80,96,112,128,168,184,200,216,232,248,264 motion_emb_sha=34fe757d2f1c7a4f motion_pos_sha=66cf81d6f0d1329d motion_mask=111111111111111100000000000000000000000000000000000000000000000000000000000000000000000000000000 mem_order_sha=494c20188a176aca motion_cols_sha=59b0156563ab5421 donor=None cover=exact:0,fallback:0,cycle:0,cross_seg:0 gate=none num_steps=10 act_sha=10cb1a23c36a71fc infer_ms=69.9
INFO:mme_vla_suite.serving.websocket_policy_server:TIMING infer_ms=69.9
INFO:mme_vla_suite.serving.websocket_policy_server:TIMING add_buffer_ms=1455.1 frames=16 exec_start_idx=0
MV_INFER cond=normal split=test task=VideoUnmaskSwap ep=1 ep_seq=10 infer_seq=10 t=312 es=168 k=17 motion_frames=0,16,32,48,64,80,96,112,128,168,184,200,216,232,248,264,280 motion_emb_sha=f0ef3546faf48d95 motion_pos_sha=36bf9a281c739bd6 motion_mask=111111111111111110000000000000000000000000000000000000000000000000000000000000000000000000000000 mem_order_sha=fd0bf1a5bdd36250 motion_cols_sha=9a108e664693de98 donor=None cover=exact:0,fallback:0,cycle:0,cross_seg:0 gate=none num_steps=10 act_sha=117cf64f37c5d1f8 infer_ms=69.6
INFO:mme_vla_suite.serving.websocket_policy_server:TIMING infer_ms=69.6
INFO:mme_vla_suite.serving.websocket_policy_server:TIMING add_buffer_ms=1457.3 frames=16 exec_start_idx=0
MV_INFER cond=normal split=test task=VideoUnmaskSwap ep=1 ep_seq=10 infer_seq=11 t=328 es=168 k=18 motion_frames=0,16,32,48,64,80,96,112,128,168,184,200,216,232,248,264,280,296 motion_emb_sha=8f880e855060db47 motion_pos_sha=78271e37f43447c3 motion_mask=111111111111111111000000000000000000000000000000000000000000000000000000000000000000000000000000 mem_order_sha=7ec3836c904d86da motion_cols_sha=00e37dc990bcf6a9 donor=None cover=exact:0,fallback:0,cycle:0,cross_seg:0 gate=none num_steps=10 act_sha=311890143a9de17c infer_ms=69.5
INFO:mme_vla_suite.serving.websocket_policy_server:TIMING infer_ms=69.5
INFO:mme_vla_suite.serving.websocket_policy_server:TIMING add_buffer_ms=1465.9 frames=16 exec_start_idx=0
MV_INFER cond=normal split=test task=VideoUnmaskSwap ep=1 ep_seq=10 infer_seq=12 t=344 es=168 k=19 motion_frames=0,16,32,48,64,80,96,112,128,168,184,200,216,232,248,264,280,296,312 motion_emb_sha=6f428e82d3fa685f motion_pos_sha=918ca7bccb3c30e1 motion_mask=111111111111111111100000000000000000000000000000000000000000000000000000000000000000000000000000 mem_order_sha=f9208327d6be8876 motion_cols_sha=7410322dfb59597f donor=None cover=exact:0,fallback:0,cycle:0,cross_seg:0 gate=none num_steps=10 act_sha=f6898f480aaeb1fc infer_ms=69.3
INFO:mme_vla_suite.serving.websocket_policy_server:TIMING infer_ms=69.3
INFO:mme_vla_suite.serving.websocket_policy_server:TIMING add_buffer_ms=1458.6 frames=16 exec_start_idx=0
MV_INFER cond=normal split=test task=VideoUnmaskSwap ep=1 ep_seq=10 infer_seq=13 t=360 es=168 k=20 motion_frames=0,16,32,48,64,80,96,112,128,168,184,200,216,232,248,264,280,296,312,328 motion_emb_sha=34610d32426742c4 motion_pos_sha=dc39dd810494b528 motion_mask=111111111111111111110000000000000000000000000000000000000000000000000000000000000000000000000000 mem_order_sha=8092c77a38884325 motion_cols_sha=59565ee3575e431f donor=None cover=exact:0,fallback:0,cycle:0,cross_seg:0 gate=none num_steps=10 act_sha=c55b417939c571b4 infer_ms=69.7
INFO:mme_vla_suite.serving.websocket_policy_server:TIMING infer_ms=69.7
INFO:mme_vla_suite.serving.websocket_policy_server:TIMING add_buffer_ms=1460.3 frames=16 exec_start_idx=0
MV_INFER cond=normal split=test task=VideoUnmaskSwap ep=1 ep_seq=10 infer_seq=14 t=376 es=168 k=21 motion_frames=0,16,32,48,64,80,96,112,128,168,184,200,216,232,248,264,280,296,312,328,344 motion_emb_sha=e4a160e8ad867137 motion_pos_sha=0d3cc98d9866996f motion_mask=111111111111111111111000000000000000000000000000000000000000000000000000000000000000000000000000 mem_order_sha=ec6b79057e24f661 motion_cols_sha=588c33c108cc6806 donor=None cover=exact:0,fallback:0,cycle:0,cross_seg:0 gate=none num_steps=10 act_sha=90da2bbde4019aad infer_ms=69.3
INFO:mme_vla_suite.serving.websocket_policy_server:TIMING infer_ms=69.3
[sidecar pid=832983] 窗 #751 起点 360 耗时 1412 ms（累计 1412s）
INFO:mme_vla_suite.serving.websocket_policy_server:TIMING add_buffer_ms=1456.6 frames=16 exec_start_idx=0
MV_INFER cond=normal split=test task=VideoUnmaskSwap ep=1 ep_seq=10 infer_seq=15 t=392 es=168 k=22 motion_frames=0,16,32,48,64,80,96,112,128,168,184,200,216,232,248,264,280,296,312,328,344,360 motion_emb_sha=7f72634b441dc3ed motion_pos_sha=f16a812d49a7806a motion_mask=111111111111111111111100000000000000000000000000000000000000000000000000000000000000000000000000 mem_order_sha=a7dbed13db2fd393 motion_cols_sha=fcc93d6ea4878b41 donor=None cover=exact:0,fallback:0,cycle:0,cross_seg:0 gate=none num_steps=10 act_sha=2af5115bce4544eb infer_ms=69.6
INFO:mme_vla_suite.serving.websocket_policy_server:TIMING infer_ms=69.6
INFO:mme_vla_suite.serving.websocket_policy_server:TIMING add_buffer_ms=1458.5 frames=16 exec_start_idx=0
MV_INFER cond=normal split=test task=VideoUnmaskSwap ep=1 ep_seq=10 infer_seq=16 t=408 es=168 k=23 motion_frames=0,16,32,48,64,80,96,112,128,168,184,200,216,232,248,264,280,296,312,328,344,360,376 motion_emb_sha=d57a9f083a126a31 motion_pos_sha=0a23620dd37b6a18 motion_mask=111111111111111111111110000000000000000000000000000000000000000000000000000000000000000000000000 mem_order_sha=372df2540326499e motion_cols_sha=684df1368e488731 donor=None cover=exact:0,fallback:0,cycle:0,cross_seg:0 gate=none num_steps=10 act_sha=106d3bff062396f0 infer_ms=69.3
INFO:mme_vla_suite.serving.websocket_policy_server:TIMING infer_ms=69.3
INFO:mme_vla_suite.serving.websocket_policy_server:TIMING add_buffer_ms=1465.0 frames=16 exec_start_idx=0
MV_INFER cond=normal split=test task=VideoUnmaskSwap ep=1 ep_seq=10 infer_seq=17 t=424 es=168 k=24 motion_frames=0,16,32,48,64,80,96,112,128,168,184,200,216,232,248,264,280,296,312,328,344,360,376,392 motion_emb_sha=6c38daa43a2c188a motion_pos_sha=7ecdbd1a9259afc9 motion_mask=111111111111111111111111000000000000000000000000000000000000000000000000000000000000000000000000 mem_order_sha=5144c7014b602616 motion_cols_sha=f23c09e2393af78b donor=None cover=exact:0,fallback:0,cycle:0,cross_seg:0 gate=none num_steps=10 act_sha=eb29f783e3a7e3a2 infer_ms=69.6
INFO:mme_vla_suite.serving.websocket_policy_server:TIMING infer_ms=69.6
INFO:mme_vla_suite.serving.websocket_policy_server:TIMING add_buffer_ms=1459.6 frames=16 exec_start_idx=0
MV_INFER cond=normal split=test task=VideoUnmaskSwap ep=1 ep_seq=10 infer_seq=18 t=440 es=168 k=25 motion_frames=0,16,32,48,64,80,96,112,128,168,184,200,216,232,248,264,280,296,312,328,344,360,376,392,408 motion_emb_sha=3f96845003f9fc1d motion_pos_sha=f3c50b0f662db13e motion_mask=111111111111111111111111100000000000000000000000000000000000000000000000000000000000000000000000 mem_order_sha=122edbfa9e7e54be motion_cols_sha=e0af43e12f1b8112 donor=None cover=exact:0,fallback:0,cycle:0,cross_seg:0 gate=none num_steps=10 act_sha=acd19a38f5612307 infer_ms=70.0
INFO:mme_vla_suite.serving.websocket_policy_server:TIMING infer_ms=70.0
INFO:mme_vla_suite.serving.websocket_policy_server:TIMING add_buffer_ms=1461.1 frames=16 exec_start_idx=0
MV_INFER cond=normal split=test task=VideoUnmaskSwap ep=1 ep_seq=10 infer_seq=19 t=456 es=168 k=26 motion_frames=0,16,32,48,64,80,96,112,128,168,184,200,216,232,248,264,280,296,312,328,344,360,376,392,408,424 motion_emb_sha=58f35eafc16db4a7 motion_pos_sha=db6ed0b0eafa8476 motion_mask=111111111111111111111111110000000000000000000000000000000000000000000000000000000000000000000000 mem_order_sha=1cddf79a1ff94157 motion_cols_sha=fcc02229091ed47c donor=None cover=exact:0,fallback:0,cycle:0,cross_seg:0 gate=none num_steps=10 act_sha=6d9dbf93f60a6837 infer_ms=69.4
INFO:mme_vla_suite.serving.websocket_policy_server:TIMING infer_ms=69.4
INFO:mme_vla_suite.serving.websocket_policy_server:TIMING add_buffer_ms=1457.7 frames=16 exec_start_idx=0
MV_INFER cond=normal split=test task=VideoUnmaskSwap ep=1 ep_seq=10 infer_seq=20 t=472 es=168 k=27 motion_frames=0,16,32,48,64,80,96,112,128,168,184,200,216,232,248,264,280,296,312,328,344,360,376,392,408,424,440 motion_emb_sha=1779a104dd5f109e motion_pos_sha=add0a1d6255396eb motion_mask=111111111111111111111111111000000000000000000000000000000000000000000000000000000000000000000000 mem_order_sha=30bec12fa06cea00 motion_cols_sha=5187c910894917d4 donor=None cover=exact:0,fallback:0,cycle:0,cross_seg:0 gate=none num_steps=10 act_sha=88f1a1fa7c3ac581 infer_ms=69.3
INFO:mme_vla_suite.serving.websocket_policy_server:TIMING infer_ms=69.3
INFO:mme_vla_suite.serving.websocket_policy_server:TIMING add_buffer_ms=1460.5 frames=16 exec_start_idx=0
MV_INFER cond=normal split=test task=VideoUnmaskSwap ep=1 ep_seq=10 infer_seq=21 t=488 es=168 k=28 motion_frames=0,16,32,48,64,80,96,112,128,168,184,200,216,232,248,264,280,296,312,328,344,360,376,392,408,424,440,456 motion_emb_sha=d26f656264f66bb0 motion_pos_sha=5e12503f8e881e36 motion_mask=111111111111111111111111111100000000000000000000000000000000000000000000000000000000000000000000 mem_order_sha=d2bfe0574fa3a88b motion_cols_sha=621699514fde4d85 donor=None cover=exact:0,fallback:0,cycle:0,cross_seg:0 gate=none num_steps=10 act_sha=cac71f1b014730a8 infer_ms=69.3
INFO:mme_vla_suite.serving.websocket_policy_server:TIMING infer_ms=69.3
INFO:mme_vla_suite.serving.websocket_policy_server:TIMING add_buffer_ms=1461.9 frames=16 exec_start_idx=0
MV_INFER cond=normal split=test task=VideoUnmaskSwap ep=1 ep_seq=10 infer_seq=22 t=504 es=168 k=29 motion_frames=0,16,32,48,64,80,96,112,128,168,184,200,216,232,248,264,280,296,312,328,344,360,376,392,408,424,440,456,472 motion_emb_sha=41191bf06f9e95db motion_pos_sha=6df97b4b2a107a11 motion_mask=111111111111111111111111111110000000000000000000000000000000000000000000000000000000000000000000 mem_order_sha=df0b1b4e604d5391 motion_cols_sha=82ec7b3d5202b8c0 donor=None cover=exact:0,fallback:0,cycle:0,cross_seg:0 gate=none num_steps=10 act_sha=840818240054296c infer_ms=69.3
INFO:mme_vla_suite.serving.websocket_policy_server:TIMING infer_ms=69.3
INFO:mme_vla_suite.serving.websocket_policy_server:TIMING add_buffer_ms=1461.5 frames=16 exec_start_idx=0
MV_INFER cond=normal split=test task=VideoUnmaskSwap ep=1 ep_seq=10 infer_seq=23 t=520 es=168 k=30 motion_frames=0,16,32,48,64,80,96,112,128,168,184,200,216,232,248,264,280,296,312,328,344,360,376,392,408,424,440,456,472,488 motion_emb_sha=2b59dae41de595f6 motion_pos_sha=c59ce82d045f0c2b motion_mask=111111111111111111111111111111000000000000000000000000000000000000000000000000000000000000000000 mem_order_sha=94920d12593c9a57 motion_cols_sha=3a2c77a83dca9f9c donor=None cover=exact:0,fallback:0,cycle:0,cross_seg:0 gate=none num_steps=10 act_sha=c28b1305fb434fe1 infer_ms=69.5
INFO:mme_vla_suite.serving.websocket_policy_server:TIMING infer_ms=69.5
INFO:mme_vla_suite.serving.websocket_policy_server:TIMING add_buffer_ms=1455.8 frames=16 exec_start_idx=0
MV_INFER cond=normal split=test task=VideoUnmaskSwap ep=1 ep_seq=10 infer_seq=24 t=536 es=168 k=31 motion_frames=0,16,32,48,64,80,96,112,128,168,184,200,216,232,248,264,280,296,312,328,344,360,376,392,408,424,440,456,472,488,504 motion_emb_sha=46f4866c485f39f9 motion_pos_sha=cf0a490c3c8ccd1a motion_mask=111111111111111111111111111111100000000000000000000000000000000000000000000000000000000000000000 mem_order_sha=e79403d0b88f4120 motion_cols_sha=17c0738580b9fbcd donor=None cover=exact:0,fallback:0,cycle:0,cross_seg:0 gate=none num_steps=10 act_sha=e373af97a8e33d43 infer_ms=69.4
INFO:mme_vla_suite.serving.websocket_policy_server:TIMING infer_ms=69.4
INFO:mme_vla_suite.serving.websocket_policy_server:TIMING add_buffer_ms=1455.8 frames=16 exec_start_idx=0
MV_INFER cond=normal split=test task=VideoUnmaskSwap ep=1 ep_seq=10 infer_seq=25 t=552 es=168 k=32 motion_frames=0,16,32,48,64,80,96,112,128,168,184,200,216,232,248,264,280,296,312,328,344,360,376,392,408,424,440,456,472,488,504,520 motion_emb_sha=eb979d2576714225 motion_pos_sha=c000fe8e87eb93ee motion_mask=111111111111111111111111111111110000000000000000000000000000000000000000000000000000000000000000 mem_order_sha=d69d2909e0c05b73 motion_cols_sha=5b9ab8b2c4580f7c donor=None cover=exact:0,fallback:0,cycle:0,cross_seg:0 gate=none num_steps=10 act_sha=871285438496021c infer_ms=69.2
INFO:mme_vla_suite.serving.websocket_policy_server:TIMING infer_ms=69.2
INFO:mme_vla_suite.serving.websocket_policy_server:TIMING add_buffer_ms=1458.7 frames=16 exec_start_idx=0
MV_INFER cond=normal split=test task=VideoUnmaskSwap ep=1 ep_seq=10 infer_seq=26 t=568 es=168 k=33 motion_frames=0,16,32,48,64,80,96,112,128,168,184,200,216,232,248,264,280,296,312,328,344,360,376,392,408,424,440,456,472,488,504,520,536 motion_emb_sha=678699c0cd31d9e4 motion_pos_sha=07afb3d4c3defb3d motion_mask=111111111111111111111111111111111000000000000000000000000000000000000000000000000000000000000000 mem_order_sha=6f93aa8ea507b8f2 motion_cols_sha=bb861ebb65d482b1 donor=None cover=exact:0,fallback:0,cycle:0,cross_seg:0 gate=none num_steps=10 act_sha=c128064361aa1d7b infer_ms=69.6
INFO:mme_vla_suite.serving.websocket_policy_server:TIMING infer_ms=69.6
INFO:mme_vla_suite.serving.websocket_policy_server:TIMING add_buffer_ms=1456.9 frames=16 exec_start_idx=0
MV_INFER cond=normal split=test task=VideoUnmaskSwap ep=1 ep_seq=10 infer_seq=27 t=584 es=168 k=34 motion_frames=0,16,32,48,64,80,96,112,128,168,184,200,216,232,248,264,280,296,312,328,344,360,376,392,408,424,440,456,472,488,504,520,536,552 motion_emb_sha=f49d099ddb6512fe motion_pos_sha=30b89dd08393ec20 motion_mask=111111111111111111111111111111111100000000000000000000000000000000000000000000000000000000000000 mem_order_sha=bee7d46fa4157a07 motion_cols_sha=fab1d70372ed2eeb donor=None cover=exact:0,fallback:0,cycle:0,cross_seg:0 gate=none num_steps=10 act_sha=8250332fd00b3e56 infer_ms=69.3
INFO:mme_vla_suite.serving.websocket_policy_server:TIMING infer_ms=69.3
INFO:mme_vla_suite.serving.websocket_policy_server:TIMING add_buffer_ms=1460.1 frames=16 exec_start_idx=0
MV_INFER cond=normal split=test task=VideoUnmaskSwap ep=1 ep_seq=10 infer_seq=28 t=600 es=168 k=35 motion_frames=0,16,32,48,64,80,96,112,128,168,184,200,216,232,248,264,280,296,312,328,344,360,376,392,408,424,440,456,472,488,504,520,536,552,568 motion_emb_sha=e027d5f0fc12402b motion_pos_sha=ae0867de9fcbb7a7 motion_mask=111111111111111111111111111111111110000000000000000000000000000000000000000000000000000000000000 mem_order_sha=a02c466ed46e7c56 motion_cols_sha=4f1c3455c571144b donor=None cover=exact:0,fallback:0,cycle:0,cross_seg:0 gate=none num_steps=10 act_sha=42c79442a5c154e5 infer_ms=69.5
INFO:mme_vla_suite.serving.websocket_policy_server:TIMING infer_ms=69.5
INFO:mme_vla_suite.serving.websocket_policy_server:TIMING add_buffer_ms=1460.9 frames=16 exec_start_idx=0
MV_INFER cond=normal split=test task=VideoUnmaskSwap ep=1 ep_seq=10 infer_seq=29 t=616 es=168 k=36 motion_frames=0,16,32,48,64,80,96,112,128,168,184,200,216,232,248,264,280,296,312,328,344,360,376,392,408,424,440,456,472,488,504,520,536,552,568,584 motion_emb_sha=a728b99d28c37159 motion_pos_sha=979c5b6ca43a3473 motion_mask=111111111111111111111111111111111111000000000000000000000000000000000000000000000000000000000000 mem_order_sha=8d55b6386d4b3b94 motion_cols_sha=52d746a627ab8d70 donor=None cover=exact:0,fallback:0,cycle:0,cross_seg:0 gate=none num_steps=10 act_sha=df038660d352e65f infer_ms=69.4
INFO:mme_vla_suite.serving.websocket_policy_server:TIMING infer_ms=69.4
INFO:mme_vla_suite.serving.websocket_policy_server:TIMING add_buffer_ms=1456.8 frames=16 exec_start_idx=0
MV_INFER cond=normal split=test task=VideoUnmaskSwap ep=1 ep_seq=10 infer_seq=30 t=632 es=168 k=37 motion_frames=0,16,32,48,64,80,96,112,128,168,184,200,216,232,248,264,280,296,312,328,344,360,376,392,408,424,440,456,472,488,504,520,536,552,568,584,600 motion_emb_sha=591e04fa54736d45 motion_pos_sha=7e032f933ad4e1c9 motion_mask=111111111111111111111111111111111111100000000000000000000000000000000000000000000000000000000000 mem_order_sha=c2ea9d24e08e173e motion_cols_sha=60357ec92add8a4f donor=None cover=exact:0,fallback:0,cycle:0,cross_seg:0 gate=none num_steps=10 act_sha=a2471e87975cf586 infer_ms=69.9
INFO:mme_vla_suite.serving.websocket_policy_server:TIMING infer_ms=69.9
INFO:mme_vla_suite.serving.websocket_policy_server:TIMING add_buffer_ms=1458.5 frames=16 exec_start_idx=0
MV_INFER cond=normal split=test task=VideoUnmaskSwap ep=1 ep_seq=10 infer_seq=31 t=648 es=168 k=38 motion_frames=0,16,32,48,64,80,96,112,128,168,184,200,216,232,248,264,280,296,312,328,344,360,376,392,408,424,440,456,472,488,504,520,536,552,568,584,600,616 motion_emb_sha=e4bc99a608c25bda motion_pos_sha=2e845ddb45958dc6 motion_mask=111111111111111111111111111111111111110000000000000000000000000000000000000000000000000000000000 mem_order_sha=e433a698e9d29a5e motion_cols_sha=acd6cbc4ab8c89a7 donor=None cover=exact:0,fallback:0,cycle:0,cross_seg:0 gate=none num_steps=10 act_sha=1919ea522ce0b096 infer_ms=69.3
INFO:mme_vla_suite.serving.websocket_policy_server:TIMING infer_ms=69.3
INFO:mme_vla_suite.serving.websocket_policy_server:TIMING add_buffer_ms=1461.2 frames=16 exec_start_idx=0
MV_INFER cond=normal split=test task=VideoUnmaskSwap ep=1 ep_seq=10 infer_seq=32 t=664 es=168 k=39 motion_frames=0,16,32,48,64,80,96,112,128,168,184,200,216,232,248,264,280,296,312,328,344,360,376,392,408,424,440,456,472,488,504,520,536,552,568,584,600,616,632 motion_emb_sha=27d701acf6064907 motion_pos_sha=1a85a07d5aff6ec0 motion_mask=111111111111111111111111111111111111111000000000000000000000000000000000000000000000000000000000 mem_order_sha=a021f55324c40029 motion_cols_sha=9adf752e8bc84250 donor=None cover=exact:0,fallback:0,cycle:0,cross_seg:0 gate=none num_steps=10 act_sha=c895910114519b89 infer_ms=69.6
INFO:mme_vla_suite.serving.websocket_policy_server:TIMING infer_ms=69.6
INFO:mme_vla_suite.serving.websocket_policy_server:TIMING add_buffer_ms=1460.2 frames=16 exec_start_idx=0
MV_INFER cond=normal split=test task=VideoUnmaskSwap ep=1 ep_seq=10 infer_seq=33 t=680 es=168 k=40 motion_frames=0,16,32,48,64,80,96,112,128,168,184,200,216,232,248,264,280,296,312,328,344,360,376,392,408,424,440,456,472,488,504,520,536,552,568,584,600,616,632,648 motion_emb_sha=421b23e1ae52e058 motion_pos_sha=a2c9f613e438eaa5 motion_mask=111111111111111111111111111111111111111100000000000000000000000000000000000000000000000000000000 mem_order_sha=3c1b5d40daf7f603 motion_cols_sha=36657f370f824e23 donor=None cover=exact:0,fallback:0,cycle:0,cross_seg:0 gate=none num_steps=10 act_sha=68096ee5d7774c4f infer_ms=70.9
INFO:mme_vla_suite.serving.websocket_policy_server:TIMING infer_ms=70.9
INFO:mme_vla_suite.serving.websocket_policy_server:TIMING add_buffer_ms=1460.2 frames=16 exec_start_idx=0
MV_INFER cond=normal split=test task=VideoUnmaskSwap ep=1 ep_seq=10 infer_seq=34 t=696 es=168 k=41 motion_frames=0,16,32,48,64,80,96,112,128,168,184,200,216,232,248,264,280,296,312,328,344,360,376,392,408,424,440,456,472,488,504,520,536,552,568,584,600,616,632,648,664 motion_emb_sha=56b290be6120a8a9 motion_pos_sha=726868f7c1541060 motion_mask=111111111111111111111111111111111111111110000000000000000000000000000000000000000000000000000000 mem_order_sha=51b9d89c15f339dd motion_cols_sha=57c466d4b3bea66d donor=None cover=exact:0,fallback:0,cycle:0,cross_seg:0 gate=none num_steps=10 act_sha=83f9935d50ef419d infer_ms=69.3
INFO:mme_vla_suite.serving.websocket_policy_server:TIMING infer_ms=69.3
INFO:mme_vla_suite.serving.websocket_policy_server:TIMING add_buffer_ms=1465.1 frames=16 exec_start_idx=0
MV_INFER cond=normal split=test task=VideoUnmaskSwap ep=1 ep_seq=10 infer_seq=35 t=712 es=168 k=42 motion_frames=0,16,32,48,64,80,96,112,128,168,184,200,216,232,248,264,280,296,312,328,344,360,376,392,408,424,440,456,472,488,504,520,536,552,568,584,600,616,632,648,664,680 motion_emb_sha=d0f3df5257f9a1fe motion_pos_sha=a33ac61c4c83d7ed motion_mask=111111111111111111111111111111111111111111000000000000000000000000000000000000000000000000000000 mem_order_sha=822bce4d93e2af0a motion_cols_sha=e882d528a29922ce donor=None cover=exact:0,fallback:0,cycle:0,cross_seg:0 gate=none num_steps=10 act_sha=b2943af5aed33206 infer_ms=69.3
INFO:mme_vla_suite.serving.websocket_policy_server:TIMING infer_ms=69.3
INFO:mme_vla_suite.serving.websocket_policy_server:TIMING add_buffer_ms=1461.5 frames=16 exec_start_idx=0
MV_INFER cond=normal split=test task=VideoUnmaskSwap ep=1 ep_seq=10 infer_seq=36 t=728 es=168 k=43 motion_frames=0,16,32,48,64,80,96,112,128,168,184,200,216,232,248,264,280,296,312,328,344,360,376,392,408,424,440,456,472,488,504,520,536,552,568,584,600,616,632,648,664,680,696 motion_emb_sha=7dfea93dd1487094 motion_pos_sha=ae88eca52530b6b3 motion_mask=111111111111111111111111111111111111111111100000000000000000000000000000000000000000000000000000 mem_order_sha=115ae4569d936e9b motion_cols_sha=b48107778cd510e5 donor=None cover=exact:0,fallback:0,cycle:0,cross_seg:0 gate=none num_steps=10 act_sha=2706c3bd18c0e8cf infer_ms=69.3
INFO:mme_vla_suite.serving.websocket_policy_server:TIMING infer_ms=69.3
INFO:mme_vla_suite.serving.websocket_policy_server:TIMING add_buffer_ms=1460.0 frames=16 exec_start_idx=0
MV_INFER cond=normal split=test task=VideoUnmaskSwap ep=1 ep_seq=10 infer_seq=37 t=744 es=168 k=44 motion_frames=0,16,32,48,64,80,96,112,128,168,184,200,216,232,248,264,280,296,312,328,344,360,376,392,408,424,440,456,472,488,504,520,536,552,568,584,600,616,632,648,664,680,696,712 motion_emb_sha=194b1c2a9b735742 motion_pos_sha=13e350869f6fdb82 motion_mask=111111111111111111111111111111111111111111110000000000000000000000000000000000000000000000000000 mem_order_sha=180cb185ee38e14c motion_cols_sha=d6cd6789afdeb393 donor=None cover=exact:0,fallback:0,cycle:0,cross_seg:0 gate=none num_steps=10 act_sha=d6d9dcce98f078d4 infer_ms=69.6
INFO:mme_vla_suite.serving.websocket_policy_server:TIMING infer_ms=69.6
INFO:mme_vla_suite.serving.websocket_policy_server:TIMING add_buffer_ms=1456.8 frames=16 exec_start_idx=0
MV_INFER cond=normal split=test task=VideoUnmaskSwap ep=1 ep_seq=10 infer_seq=38 t=760 es=168 k=45 motion_frames=0,16,32,48,64,80,96,112,128,168,184,200,216,232,248,264,280,296,312,328,344,360,376,392,408,424,440,456,472,488,504,520,536,552,568,584,600,616,632,648,664,680,696,712,728 motion_emb_sha=aa13c838f3773ec9 motion_pos_sha=ebfb5c906af8e8c7 motion_mask=111111111111111111111111111111111111111111111000000000000000000000000000000000000000000000000000 mem_order_sha=ffbddc34a3078c08 motion_cols_sha=7005eb03aa62fd5c donor=None cover=exact:0,fallback:0,cycle:0,cross_seg:0 gate=none num_steps=10 act_sha=64c4df2c66d0bd62 infer_ms=69.5
INFO:mme_vla_suite.serving.websocket_policy_server:TIMING infer_ms=69.5
INFO:mme_vla_suite.serving.websocket_policy_server:TIMING add_buffer_ms=1463.0 frames=16 exec_start_idx=0
MV_INFER cond=normal split=test task=VideoUnmaskSwap ep=1 ep_seq=10 infer_seq=39 t=776 es=168 k=46 motion_frames=0,16,32,48,64,80,96,112,128,168,184,200,216,232,248,264,280,296,312,328,344,360,376,392,408,424,440,456,472,488,504,520,536,552,568,584,600,616,632,648,664,680,696,712,728,744 motion_emb_sha=7ff256c2d2c8d382 motion_pos_sha=0c0d925139779156 motion_mask=111111111111111111111111111111111111111111111100000000000000000000000000000000000000000000000000 mem_order_sha=8f456730dc4dacc4 motion_cols_sha=aed28aa880af478e donor=None cover=exact:0,fallback:0,cycle:0,cross_seg:0 gate=none num_steps=10 act_sha=6213d57bfe20a98e infer_ms=69.7
INFO:mme_vla_suite.serving.websocket_policy_server:TIMING infer_ms=69.7
INFO:mme_vla_suite.serving.websocket_policy_server:TIMING add_buffer_ms=1460.3 frames=16 exec_start_idx=0
MV_INFER cond=normal split=test task=VideoUnmaskSwap ep=1 ep_seq=10 infer_seq=40 t=792 es=168 k=47 motion_frames=0,16,32,48,64,80,96,112,128,168,184,200,216,232,248,264,280,296,312,328,344,360,376,392,408,424,440,456,472,488,504,520,536,552,568,584,600,616,632,648,664,680,696,712,728,744,760 motion_emb_sha=f1761989037aa61a motion_pos_sha=ab71f50779c4e95e motion_mask=111111111111111111111111111111111111111111111110000000000000000000000000000000000000000000000000 mem_order_sha=5d33ce470cd9095f motion_cols_sha=b2b92b1e771b3784 donor=None cover=exact:0,fallback:0,cycle:0,cross_seg:0 gate=none num_steps=10 act_sha=86dc62c28435ed9a infer_ms=69.6
INFO:mme_vla_suite.serving.websocket_policy_server:TIMING infer_ms=69.6
INFO:mme_vla_suite.serving.websocket_policy_server:TIMING add_buffer_ms=1465.2 frames=16 exec_start_idx=0
MV_INFER cond=normal split=test task=VideoUnmaskSwap ep=1 ep_seq=10 infer_seq=41 t=808 es=168 k=48 motion_frames=0,16,32,48,64,80,96,112,128,168,184,200,216,232,248,264,280,296,312,328,344,360,376,392,408,424,440,456,472,488,504,520,536,552,568,584,600,616,632,648,664,680,696,712,728,744,760,776 motion_emb_sha=35d1de555ebcbbed motion_pos_sha=7805d8cbf09e3a10 motion_mask=111111111111111111111111111111111111111111111111000000000000000000000000000000000000000000000000 mem_order_sha=59a64c945de80447 motion_cols_sha=f1800769d73c6e71 donor=None cover=exact:0,fallback:0,cycle:0,cross_seg:0 gate=none num_steps=10 act_sha=accab48fd9d4f11a infer_ms=69.7
INFO:mme_vla_suite.serving.websocket_policy_server:TIMING infer_ms=69.7
INFO:mme_vla_suite.serving.websocket_policy_server:TIMING add_buffer_ms=1456.6 frames=16 exec_start_idx=0
MV_INFER cond=normal split=test task=VideoUnmaskSwap ep=1 ep_seq=10 infer_seq=42 t=824 es=168 k=49 motion_frames=0,16,32,48,64,80,96,112,128,168,184,200,216,232,248,264,280,296,312,328,344,360,376,392,408,424,440,456,472,488,504,520,536,552,568,584,600,616,632,648,664,680,696,712,728,744,760,776,792 motion_emb_sha=e6838563aa738135 motion_pos_sha=7a3044c427f63d77 motion_mask=111111111111111111111111111111111111111111111111100000000000000000000000000000000000000000000000 mem_order_sha=274845ed39fe1f0c motion_cols_sha=ba78e03eb87d1992 donor=None cover=exact:0,fallback:0,cycle:0,cross_seg:0 gate=none num_steps=10 act_sha=1b918cfa5ac32fe0 infer_ms=69.5
INFO:mme_vla_suite.serving.websocket_policy_server:TIMING infer_ms=69.5
INFO:mme_vla_suite.serving.websocket_policy_server:TIMING add_buffer_ms=1458.5 frames=16 exec_start_idx=0
MV_INFER cond=normal split=test task=VideoUnmaskSwap ep=1 ep_seq=10 infer_seq=43 t=840 es=168 k=50 motion_frames=0,16,32,48,64,80,96,112,128,168,184,200,216,232,248,264,280,296,312,328,344,360,376,392,408,424,440,456,472,488,504,520,536,552,568,584,600,616,632,648,664,680,696,712,728,744,760,776,792,808 motion_emb_sha=3c53a29fe27bd523 motion_pos_sha=e31079388559296f motion_mask=111111111111111111111111111111111111111111111111110000000000000000000000000000000000000000000000 mem_order_sha=8e21462ee4fbf7e4 motion_cols_sha=ad005375693a6c9b donor=None cover=exact:0,fallback:0,cycle:0,cross_seg:0 gate=none num_steps=10 act_sha=4a00c1c29f1fe3a7 infer_ms=69.7
INFO:mme_vla_suite.serving.websocket_policy_server:TIMING infer_ms=69.7
INFO:mme_vla_suite.serving.websocket_policy_server:TIMING add_buffer_ms=1458.7 frames=16 exec_start_idx=0
MV_INFER cond=normal split=test task=VideoUnmaskSwap ep=1 ep_seq=10 infer_seq=44 t=856 es=168 k=51 motion_frames=0,16,32,48,64,80,96,112,128,168,184,200,216,232,248,264,280,296,312,328,344,360,376,392,408,424,440,456,472,488,504,520,536,552,568,584,600,616,632,648,664,680,696,712,728,744,760,776,792,808,824 motion_emb_sha=bf103bf0a43d3022 motion_pos_sha=22a43a438062e3e4 motion_mask=111111111111111111111111111111111111111111111111111000000000000000000000000000000000000000000000 mem_order_sha=fcfc31db105ff1dc motion_cols_sha=86d302a61b73738f donor=None cover=exact:0,fallback:0,cycle:0,cross_seg:0 gate=none num_steps=10 act_sha=cd5dd9da3e87780c infer_ms=69.4
INFO:mme_vla_suite.serving.websocket_policy_server:TIMING infer_ms=69.4
INFO:mme_vla_suite.serving.websocket_policy_server:TIMING add_buffer_ms=1455.2 frames=16 exec_start_idx=0
MV_INFER cond=normal split=test task=VideoUnmaskSwap ep=1 ep_seq=10 infer_seq=45 t=872 es=168 k=52 motion_frames=0,16,32,48,64,80,96,112,128,168,184,200,216,232,248,264,280,296,312,328,344,360,376,392,408,424,440,456,472,488,504,520,536,552,568,584,600,616,632,648,664,680,696,712,728,744,760,776,792,808,824,840 motion_emb_sha=6a1788e4f4995079 motion_pos_sha=b64683a27f8c4361 motion_mask=111111111111111111111111111111111111111111111111111100000000000000000000000000000000000000000000 mem_order_sha=c949fd3449a0d46a motion_cols_sha=19b0d3aa8a713f79 donor=None cover=exact:0,fallback:0,cycle:0,cross_seg:0 gate=none num_steps=10 act_sha=ff29cb0a50c42779 infer_ms=69.3
INFO:mme_vla_suite.serving.websocket_policy_server:TIMING infer_ms=69.3
INFO:mme_vla_suite.serving.websocket_policy_server:TIMING add_buffer_ms=1461.2 frames=16 exec_start_idx=0
MV_INFER cond=normal split=test task=VideoUnmaskSwap ep=1 ep_seq=10 infer_seq=46 t=888 es=168 k=53 motion_frames=0,16,32,48,64,80,96,112,128,168,184,200,216,232,248,264,280,296,312,328,344,360,376,392,408,424,440,456,472,488,504,520,536,552,568,584,600,616,632,648,664,680,696,712,728,744,760,776,792,808,824,840,856 motion_emb_sha=7d664d2230e730b0 motion_pos_sha=7bff3e6e92962cd9 motion_mask=111111111111111111111111111111111111111111111111111110000000000000000000000000000000000000000000 mem_order_sha=ecb057c31b6394d5 motion_cols_sha=403d305af855d066 donor=None cover=exact:0,fallback:0,cycle:0,cross_seg:0 gate=none num_steps=10 act_sha=a00d96b3ef8943e7 infer_ms=69.6
INFO:mme_vla_suite.serving.websocket_policy_server:TIMING infer_ms=69.6
INFO:mme_vla_suite.serving.websocket_policy_server:TIMING add_buffer_ms=1460.5 frames=16 exec_start_idx=0
MV_INFER cond=normal split=test task=VideoUnmaskSwap ep=1 ep_seq=10 infer_seq=47 t=904 es=168 k=54 motion_frames=0,16,32,48,64,80,96,112,128,168,184,200,216,232,248,264,280,296,312,328,344,360,376,392,408,424,440,456,472,488,504,520,536,552,568,584,600,616,632,648,664,680,696,712,728,744,760,776,792,808,824,840,856,872 motion_emb_sha=adcb8c50b2f82654 motion_pos_sha=5fb47df4441bafdf motion_mask=111111111111111111111111111111111111111111111111111111000000000000000000000000000000000000000000 mem_order_sha=1b8216f13cbe1693 motion_cols_sha=4d0759622dd37036 donor=None cover=exact:0,fallback:0,cycle:0,cross_seg:0 gate=none num_steps=10 act_sha=fafb0c5dc4248935 infer_ms=69.6
INFO:mme_vla_suite.serving.websocket_policy_server:TIMING infer_ms=69.6
INFO:mme_vla_suite.serving.websocket_policy_server:TIMING add_buffer_ms=1462.5 frames=16 exec_start_idx=0
MV_INFER cond=normal split=test task=VideoUnmaskSwap ep=1 ep_seq=10 infer_seq=48 t=920 es=168 k=55 motion_frames=0,16,32,48,64,80,96,112,128,168,184,200,216,232,248,264,280,296,312,328,344,360,376,392,408,424,440,456,472,488,504,520,536,552,568,584,600,616,632,648,664,680,696,712,728,744,760,776,792,808,824,840,856,872,888 motion_emb_sha=c5012bdb518e883d motion_pos_sha=40a09060778680ac motion_mask=111111111111111111111111111111111111111111111111111111100000000000000000000000000000000000000000 mem_order_sha=3f861b78ab03d00f motion_cols_sha=2fe009d1e908dd50 donor=None cover=exact:0,fallback:0,cycle:0,cross_seg:0 gate=none num_steps=10 act_sha=d07a71346602ee17 infer_ms=69.3
INFO:mme_vla_suite.serving.websocket_policy_server:TIMING infer_ms=69.3
INFO:mme_vla_suite.serving.websocket_policy_server:TIMING add_buffer_ms=1456.7 frames=16 exec_start_idx=0
MV_INFER cond=normal split=test task=VideoUnmaskSwap ep=1 ep_seq=10 infer_seq=49 t=936 es=168 k=56 motion_frames=0,16,32,48,64,80,96,112,128,168,184,200,216,232,248,264,280,296,312,328,344,360,376,392,408,424,440,456,472,488,504,520,536,552,568,584,600,616,632,648,664,680,696,712,728,744,760,776,792,808,824,840,856,872,888,904 motion_emb_sha=f688967e1ed88247 motion_pos_sha=e57eb6522380e846 motion_mask=111111111111111111111111111111111111111111111111111111110000000000000000000000000000000000000000 mem_order_sha=020ecf6cf24d29b8 motion_cols_sha=107e232b91a08e59 donor=None cover=exact:0,fallback:0,cycle:0,cross_seg:0 gate=none num_steps=10 act_sha=7efbda3fbbc4de7b infer_ms=69.3
INFO:mme_vla_suite.serving.websocket_policy_server:TIMING infer_ms=69.3
INFO:mme_vla_suite.serving.websocket_policy_server:TIMING add_buffer_ms=1457.3 frames=16 exec_start_idx=0
MV_INFER cond=normal split=test task=VideoUnmaskSwap ep=1 ep_seq=10 infer_seq=50 t=952 es=168 k=57 motion_frames=0,16,32,48,64,80,96,112,128,168,184,200,216,232,248,264,280,296,312,328,344,360,376,392,408,424,440,456,472,488,504,520,536,552,568,584,600,616,632,648,664,680,696,712,728,744,760,776,792,808,824,840,856,872,888,904,920 motion_emb_sha=56a13a6c37e5fb4a motion_pos_sha=b96ea36ff04e1f80 motion_mask=111111111111111111111111111111111111111111111111111111111000000000000000000000000000000000000000 mem_order_sha=2b7bef2856429e0c motion_cols_sha=5c9fdde29bbbfcfe donor=None cover=exact:0,fallback:0,cycle:0,cross_seg:0 gate=none num_steps=10 act_sha=24d5bf340f80ad66 infer_ms=69.9
INFO:mme_vla_suite.serving.websocket_policy_server:TIMING infer_ms=69.9
INFO:mme_vla_suite.serving.websocket_policy_server:TIMING add_buffer_ms=1455.8 frames=16 exec_start_idx=0
MV_INFER cond=normal split=test task=VideoUnmaskSwap ep=1 ep_seq=10 infer_seq=51 t=968 es=168 k=58 motion_frames=0,16,32,48,64,80,96,112,128,168,184,200,216,232,248,264,280,296,312,328,344,360,376,392,408,424,440,456,472,488,504,520,536,552,568,584,600,616,632,648,664,680,696,712,728,744,760,776,792,808,824,840,856,872,888,904,920,936 motion_emb_sha=50eb40c84f8923e7 motion_pos_sha=084de345a7ef06ff motion_mask=111111111111111111111111111111111111111111111111111111111100000000000000000000000000000000000000 mem_order_sha=093074969d95dd1b motion_cols_sha=f33637faa30f4fd1 donor=None cover=exact:0,fallback:0,cycle:0,cross_seg:0 gate=none num_steps=10 act_sha=e95595ae6211ae09 infer_ms=69.3
INFO:mme_vla_suite.serving.websocket_policy_server:TIMING infer_ms=69.3
INFO:mme_vla_suite.serving.websocket_policy_server:TIMING add_buffer_ms=1460.3 frames=16 exec_start_idx=0
MV_INFER cond=normal split=test task=VideoUnmaskSwap ep=1 ep_seq=10 infer_seq=52 t=984 es=168 k=59 motion_frames=0,16,32,48,64,80,96,112,128,168,184,200,216,232,248,264,280,296,312,328,344,360,376,392,408,424,440,456,472,488,504,520,536,552,568,584,600,616,632,648,664,680,696,712,728,744,760,776,792,808,824,840,856,872,888,904,920,936,952 motion_emb_sha=c4db743ced0aaef0 motion_pos_sha=96b631ee35ed1b17 motion_mask=111111111111111111111111111111111111111111111111111111111110000000000000000000000000000000000000 mem_order_sha=4a010e3c1da29b5c motion_cols_sha=3f199af0bb4c9512 donor=None cover=exact:0,fallback:0,cycle:0,cross_seg:0 gate=none num_steps=10 act_sha=5f1fcfe384dbc068 infer_ms=69.6
INFO:mme_vla_suite.serving.websocket_policy_server:TIMING infer_ms=69.6
INFO:mme_vla_suite.serving.websocket_policy_server:TIMING add_buffer_ms=1459.6 frames=16 exec_start_idx=0
MV_INFER cond=normal split=test task=VideoUnmaskSwap ep=1 ep_seq=10 infer_seq=53 t=1000 es=168 k=60 motion_frames=0,16,32,48,64,80,96,112,128,168,184,200,216,232,248,264,280,296,312,328,344,360,376,392,408,424,440,456,472,488,504,520,536,552,568,584,600,616,632,648,664,680,696,712,728,744,760,776,792,808,824,840,856,872,888,904,920,936,952,968 motion_emb_sha=7a5ac9a3769c4d09 motion_pos_sha=9960a8bc14e049b7 motion_mask=111111111111111111111111111111111111111111111111111111111111000000000000000000000000000000000000 mem_order_sha=74cd6a9593564bf6 motion_cols_sha=ab85e5dbdbea6e5d donor=None cover=exact:0,fallback:0,cycle:0,cross_seg:0 gate=none num_steps=10 act_sha=77b9e3fbd98c5618 infer_ms=69.3
INFO:mme_vla_suite.serving.websocket_policy_server:TIMING infer_ms=69.3
INFO:mme_vla_suite.serving.websocket_policy_server:TIMING add_buffer_ms=1459.7 frames=16 exec_start_idx=0
MV_INFER cond=normal split=test task=VideoUnmaskSwap ep=1 ep_seq=10 infer_seq=54 t=1016 es=168 k=61 motion_frames=0,16,32,48,64,80,96,112,128,168,184,200,216,232,248,264,280,296,312,328,344,360,376,392,408,424,440,456,472,488,504,520,536,552,568,584,600,616,632,648,664,680,696,712,728,744,760,776,792,808,824,840,856,872,888,904,920,936,952,968,984 motion_emb_sha=5232bcee2239b618 motion_pos_sha=f1e4f50edf96cbf8 motion_mask=111111111111111111111111111111111111111111111111111111111111100000000000000000000000000000000000 mem_order_sha=32495cfd1cd5f95f motion_cols_sha=083943a60fbabb4d donor=None cover=exact:0,fallback:0,cycle:0,cross_seg:0 gate=none num_steps=10 act_sha=265879e7047585ab infer_ms=69.8
INFO:mme_vla_suite.serving.websocket_policy_server:TIMING infer_ms=69.8
INFO:mme_vla_suite.serving.websocket_policy_server:TIMING add_buffer_ms=1461.3 frames=16 exec_start_idx=0
MV_INFER cond=normal split=test task=VideoUnmaskSwap ep=1 ep_seq=10 infer_seq=55 t=1032 es=168 k=62 motion_frames=0,16,32,48,64,80,96,112,128,168,184,200,216,232,248,264,280,296,312,328,344,360,376,392,408,424,440,456,472,488,504,520,536,552,568,584,600,616,632,648,664,680,696,712,728,744,760,776,792,808,824,840,856,872,888,904,920,936,952,968,984,1000 motion_emb_sha=f0353a27ccb02d04 motion_pos_sha=949c7fe066bf8087 motion_mask=111111111111111111111111111111111111111111111111111111111111110000000000000000000000000000000000 mem_order_sha=80c21c89d49ebabe motion_cols_sha=2250a0cd2bd8b682 donor=None cover=exact:0,fallback:0,cycle:0,cross_seg:0 gate=none num_steps=10 act_sha=e2ec7826a89c1569 infer_ms=69.9
INFO:mme_vla_suite.serving.websocket_policy_server:TIMING infer_ms=69.9
INFO:mme_vla_suite.serving.websocket_policy_server:TIMING add_buffer_ms=1453.5 frames=16 exec_start_idx=0
MV_INFER cond=normal split=test task=VideoUnmaskSwap ep=1 ep_seq=10 infer_seq=56 t=1048 es=168 k=63 motion_frames=0,16,32,48,64,80,96,112,128,168,184,200,216,232,248,264,280,296,312,328,344,360,376,392,408,424,440,456,472,488,504,520,536,552,568,584,600,616,632,648,664,680,696,712,728,744,760,776,792,808,824,840,856,872,888,904,920,936,952,968,984,1000,1016 motion_emb_sha=c0fbeb84aa36658f motion_pos_sha=a51e67552f423acc motion_mask=111111111111111111111111111111111111111111111111111111111111111000000000000000000000000000000000 mem_order_sha=3989cad9c4cc1c0e motion_cols_sha=2c0926dc3fdaf073 donor=None cover=exact:0,fallback:0,cycle:0,cross_seg:0 gate=none num_steps=10 act_sha=a0db28ec700cbb12 infer_ms=70.0
INFO:mme_vla_suite.serving.websocket_policy_server:TIMING infer_ms=70.0
INFO:mme_vla_suite.serving.websocket_policy_server:TIMING add_buffer_ms=1454.5 frames=16 exec_start_idx=0
MV_INFER cond=normal split=test task=VideoUnmaskSwap ep=1 ep_seq=10 infer_seq=57 t=1064 es=168 k=64 motion_frames=0,16,32,48,64,80,96,112,128,168,184,200,216,232,248,264,280,296,312,328,344,360,376,392,408,424,440,456,472,488,504,520,536,552,568,584,600,616,632,648,664,680,696,712,728,744,760,776,792,808,824,840,856,872,888,904,920,936,952,968,984,1000,1016,1032 motion_emb_sha=6f2b85b9f21c700e motion_pos_sha=fe9a142084da9439 motion_mask=111111111111111111111111111111111111111111111111111111111111111100000000000000000000000000000000 mem_order_sha=7daa0d0f59633a61 motion_cols_sha=9504ffda5a9af22a donor=None cover=exact:0,fallback:0,cycle:0,cross_seg:0 gate=none num_steps=10 act_sha=afbdca449253db4c infer_ms=69.3
INFO:mme_vla_suite.serving.websocket_policy_server:TIMING infer_ms=69.3
INFO:mme_vla_suite.serving.websocket_policy_server:TIMING add_buffer_ms=1458.3 frames=16 exec_start_idx=0
MV_INFER cond=normal split=test task=VideoUnmaskSwap ep=1 ep_seq=10 infer_seq=58 t=1080 es=168 k=65 motion_frames=0,16,32,48,64,80,96,112,128,168,184,200,216,232,248,264,280,296,312,328,344,360,376,392,408,424,440,456,472,488,504,520,536,552,568,584,600,616,632,648,664,680,696,712,728,744,760,776,792,808,824,840,856,872,888,904,920,936,952,968,984,1000,1016,1032,1048 motion_emb_sha=572c5f8b08570546 motion_pos_sha=51c8fadb5af777fb motion_mask=111111111111111111111111111111111111111111111111111111111111111110000000000000000000000000000000 mem_order_sha=b601c04ef9e0dbc6 motion_cols_sha=890fca657d099dbf donor=None cover=exact:0,fallback:0,cycle:0,cross_seg:0 gate=none num_steps=10 act_sha=0089c62b7aec54df infer_ms=69.6
INFO:mme_vla_suite.serving.websocket_policy_server:TIMING infer_ms=69.6
INFO:mme_vla_suite.serving.websocket_policy_server:TIMING add_buffer_ms=1456.3 frames=16 exec_start_idx=0
MV_INFER cond=normal split=test task=VideoUnmaskSwap ep=1 ep_seq=10 infer_seq=59 t=1096 es=168 k=66 motion_frames=0,16,32,48,64,80,96,112,128,168,184,200,216,232,248,264,280,296,312,328,344,360,376,392,408,424,440,456,472,488,504,520,536,552,568,584,600,616,632,648,664,680,696,712,728,744,760,776,792,808,824,840,856,872,888,904,920,936,952,968,984,1000,1016,1032,1048,1064 motion_emb_sha=2b5cc58162158413 motion_pos_sha=0e2cfd5e70fe3f60 motion_mask=111111111111111111111111111111111111111111111111111111111111111111000000000000000000000000000000 mem_order_sha=fdfc8f7d6a4a8e4d motion_cols_sha=7c5fedb1ffc3d4e1 donor=None cover=exact:0,fallback:0,cycle:0,cross_seg:0 gate=none num_steps=10 act_sha=2a9e402170d5e87b infer_ms=69.8
INFO:mme_vla_suite.serving.websocket_policy_server:TIMING infer_ms=69.8
INFO:mme_vla_suite.serving.websocket_policy_server:TIMING add_buffer_ms=1457.0 frames=16 exec_start_idx=0
MV_INFER cond=normal split=test task=VideoUnmaskSwap ep=1 ep_seq=10 infer_seq=60 t=1112 es=168 k=67 motion_frames=0,16,32,48,64,80,96,112,128,168,184,200,216,232,248,264,280,296,312,328,344,360,376,392,408,424,440,456,472,488,504,520,536,552,568,584,600,616,632,648,664,680,696,712,728,744,760,776,792,808,824,840,856,872,888,904,920,936,952,968,984,1000,1016,1032,1048,1064,1080 motion_emb_sha=0f70cbbc5f3c0e72 motion_pos_sha=0dc92743459245ad motion_mask=111111111111111111111111111111111111111111111111111111111111111111100000000000000000000000000000 mem_order_sha=d286e2d851463be3 motion_cols_sha=c30c2969e0b64272 donor=None cover=exact:0,fallback:0,cycle:0,cross_seg:0 gate=none num_steps=10 act_sha=b0a95c3222654959 infer_ms=69.8
INFO:mme_vla_suite.serving.websocket_policy_server:TIMING infer_ms=69.8
INFO:mme_vla_suite.serving.websocket_policy_server:TIMING add_buffer_ms=1464.4 frames=16 exec_start_idx=0
MV_INFER cond=normal split=test task=VideoUnmaskSwap ep=1 ep_seq=10 infer_seq=61 t=1128 es=168 k=68 motion_frames=0,16,32,48,64,80,96,112,128,168,184,200,216,232,248,264,280,296,312,328,344,360,376,392,408,424,440,456,472,488,504,520,536,552,568,584,600,616,632,648,664,680,696,712,728,744,760,776,792,808,824,840,856,872,888,904,920,936,952,968,984,1000,1016,1032,1048,1064,1080,1096 motion_emb_sha=7d7a2a02a165d2e9 motion_pos_sha=03e0e09a257f64c8 motion_mask=111111111111111111111111111111111111111111111111111111111111111111110000000000000000000000000000 mem_order_sha=fcc8990fd6205a78 motion_cols_sha=bc81ec06115cc100 donor=None cover=exact:0,fallback:0,cycle:0,cross_seg:0 gate=none num_steps=10 act_sha=29bdc3b163faa174 infer_ms=69.3
INFO:mme_vla_suite.serving.websocket_policy_server:TIMING infer_ms=69.3
INFO:mme_vla_suite.serving.websocket_policy_server:TIMING add_buffer_ms=1459.4 frames=16 exec_start_idx=0
MV_INFER cond=normal split=test task=VideoUnmaskSwap ep=1 ep_seq=10 infer_seq=62 t=1144 es=168 k=69 motion_frames=0,16,32,48,64,80,96,112,128,168,184,200,216,232,248,264,280,296,312,328,344,360,376,392,408,424,440,456,472,488,504,520,536,552,568,584,600,616,632,648,664,680,696,712,728,744,760,776,792,808,824,840,856,872,888,904,920,936,952,968,984,1000,1016,1032,1048,1064,1080,1096,1112 motion_emb_sha=d52f32f7828e2b69 motion_pos_sha=d690da5e893eebd7 motion_mask=111111111111111111111111111111111111111111111111111111111111111111111000000000000000000000000000 mem_order_sha=1c3060275e2214c3 motion_cols_sha=4b31bd8f03e757d6 donor=None cover=exact:0,fallback:0,cycle:0,cross_seg:0 gate=none num_steps=10 act_sha=a8aa79b0a7052413 infer_ms=69.7
INFO:mme_vla_suite.serving.websocket_policy_server:TIMING infer_ms=69.7
INFO:mme_vla_suite.serving.websocket_policy_server:TIMING add_buffer_ms=1468.8 frames=16 exec_start_idx=0
MV_INFER cond=normal split=test task=VideoUnmaskSwap ep=1 ep_seq=10 infer_seq=63 t=1160 es=168 k=70 motion_frames=0,16,32,48,64,80,96,112,128,168,184,200,216,232,248,264,280,296,312,328,344,360,376,392,408,424,440,456,472,488,504,520,536,552,568,584,600,616,632,648,664,680,696,712,728,744,760,776,792,808,824,840,856,872,888,904,920,936,952,968,984,1000,1016,1032,1048,1064,1080,1096,1112,1128 motion_emb_sha=725e6ae6e1b851af motion_pos_sha=90bb90e91be31d8a motion_mask=111111111111111111111111111111111111111111111111111111111111111111111100000000000000000000000000 mem_order_sha=1aea4ced411058f6 motion_cols_sha=0135695a1ccf8b16 donor=None cover=exact:0,fallback:0,cycle:0,cross_seg:0 gate=none num_steps=10 act_sha=3a4684958943d623 infer_ms=69.5
INFO:mme_vla_suite.serving.websocket_policy_server:TIMING infer_ms=69.5
INFO:mme_vla_suite.serving.websocket_policy_server:TIMING add_buffer_ms=1455.8 frames=16 exec_start_idx=0
MV_INFER cond=normal split=test task=VideoUnmaskSwap ep=1 ep_seq=10 infer_seq=64 t=1176 es=168 k=71 motion_frames=0,16,32,48,64,80,96,112,128,168,184,200,216,232,248,264,280,296,312,328,344,360,376,392,408,424,440,456,472,488,504,520,536,552,568,584,600,616,632,648,664,680,696,712,728,744,760,776,792,808,824,840,856,872,888,904,920,936,952,968,984,1000,1016,1032,1048,1064,1080,1096,1112,1128,1144 motion_emb_sha=c7936e8f7ff076bc motion_pos_sha=70728461fc5a2c4e motion_mask=111111111111111111111111111111111111111111111111111111111111111111111110000000000000000000000000 mem_order_sha=e42e2388424ba59d motion_cols_sha=5b6729e4b0a8a80b donor=None cover=exact:0,fallback:0,cycle:0,cross_seg:0 gate=none num_steps=10 act_sha=9e835022c1d8f5d8 infer_ms=69.7
INFO:mme_vla_suite.serving.websocket_policy_server:TIMING infer_ms=69.7
[sidecar pid=832983] 窗 #801 起点 1160 耗时 1412 ms（累计 1502s）
INFO:mme_vla_suite.serving.websocket_policy_server:TIMING add_buffer_ms=1458.5 frames=16 exec_start_idx=0
MV_INFER cond=normal split=test task=VideoUnmaskSwap ep=1 ep_seq=10 infer_seq=65 t=1192 es=168 k=72 motion_frames=0,16,32,48,64,80,96,112,128,168,184,200,216,232,248,264,280,296,312,328,344,360,376,392,408,424,440,456,472,488,504,520,536,552,568,584,600,616,632,648,664,680,696,712,728,744,760,776,792,808,824,840,856,872,888,904,920,936,952,968,984,1000,1016,1032,1048,1064,1080,1096,1112,1128,1144,1160 motion_emb_sha=22638b527adf8ee5 motion_pos_sha=5a7a8611abf981e5 motion_mask=111111111111111111111111111111111111111111111111111111111111111111111111000000000000000000000000 mem_order_sha=5516fb617e9675da motion_cols_sha=e3ddf056c77d54cf donor=None cover=exact:0,fallback:0,cycle:0,cross_seg:0 gate=none num_steps=10 act_sha=9141881d25731182 infer_ms=69.3
INFO:mme_vla_suite.serving.websocket_policy_server:TIMING infer_ms=69.3
INFO:mme_vla_suite.serving.websocket_policy_server:TIMING add_buffer_ms=1461.7 frames=16 exec_start_idx=0
MV_INFER cond=normal split=test task=VideoUnmaskSwap ep=1 ep_seq=10 infer_seq=66 t=1208 es=168 k=73 motion_frames=0,16,32,48,64,80,96,112,128,168,184,200,216,232,248,264,280,296,312,328,344,360,376,392,408,424,440,456,472,488,504,520,536,552,568,584,600,616,632,648,664,680,696,712,728,744,760,776,792,808,824,840,856,872,888,904,920,936,952,968,984,1000,1016,1032,1048,1064,1080,1096,1112,1128,1144,1160,1176 motion_emb_sha=f9845a2e68cdd222 motion_pos_sha=bd6f31bfc14c783a motion_mask=111111111111111111111111111111111111111111111111111111111111111111111111100000000000000000000000 mem_order_sha=97fb7a1d3865d894 motion_cols_sha=7434b1361e51e7d0 donor=None cover=exact:0,fallback:0,cycle:0,cross_seg:0 gate=none num_steps=10 act_sha=8f44657a9621c2c5 infer_ms=69.3
INFO:mme_vla_suite.serving.websocket_policy_server:TIMING infer_ms=69.3
INFO:mme_vla_suite.serving.websocket_policy_server:TIMING add_buffer_ms=1459.6 frames=16 exec_start_idx=0
MV_INFER cond=normal split=test task=VideoUnmaskSwap ep=1 ep_seq=10 infer_seq=67 t=1224 es=168 k=74 motion_frames=0,16,32,48,64,80,96,112,128,168,184,200,216,232,248,264,280,296,312,328,344,360,376,392,408,424,440,456,472,488,504,520,536,552,568,584,600,616,632,648,664,680,696,712,728,744,760,776,792,808,824,840,856,872,888,904,920,936,952,968,984,1000,1016,1032,1048,1064,1080,1096,1112,1128,1144,1160,1176,1192 motion_emb_sha=ab9298a8cbb94a48 motion_pos_sha=44e5810de20331c4 motion_mask=111111111111111111111111111111111111111111111111111111111111111111111111110000000000000000000000 mem_order_sha=85778cc66634e0bb motion_cols_sha=7119c3770b6a85f1 donor=None cover=exact:0,fallback:0,cycle:0,cross_seg:0 gate=none num_steps=10 act_sha=d320e2b8419b8148 infer_ms=69.8
INFO:mme_vla_suite.serving.websocket_policy_server:TIMING infer_ms=69.8
INFO:mme_vla_suite.serving.websocket_policy_server:TIMING add_buffer_ms=1459.0 frames=16 exec_start_idx=0
MV_INFER cond=normal split=test task=VideoUnmaskSwap ep=1 ep_seq=10 infer_seq=68 t=1240 es=168 k=75 motion_frames=0,16,32,48,64,80,96,112,128,168,184,200,216,232,248,264,280,296,312,328,344,360,376,392,408,424,440,456,472,488,504,520,536,552,568,584,600,616,632,648,664,680,696,712,728,744,760,776,792,808,824,840,856,872,888,904,920,936,952,968,984,1000,1016,1032,1048,1064,1080,1096,1112,1128,1144,1160,1176,1192,1208 motion_emb_sha=5509f268d45956df motion_pos_sha=1a16c9deeacf9095 motion_mask=111111111111111111111111111111111111111111111111111111111111111111111111111000000000000000000000 mem_order_sha=074c503607dc30bc motion_cols_sha=09951f3ca1b1da54 donor=None cover=exact:0,fallback:0,cycle:0,cross_seg:0 gate=none num_steps=10 act_sha=228f2f8ce6e967ad infer_ms=69.8
INFO:mme_vla_suite.serving.websocket_policy_server:TIMING infer_ms=69.8
INFO:mme_vla_suite.serving.websocket_policy_server:TIMING add_buffer_ms=1461.1 frames=16 exec_start_idx=0
MV_INFER cond=normal split=test task=VideoUnmaskSwap ep=1 ep_seq=10 infer_seq=69 t=1256 es=168 k=76 motion_frames=0,16,32,48,64,80,96,112,128,168,184,200,216,232,248,264,280,296,312,328,344,360,376,392,408,424,440,456,472,488,504,520,536,552,568,584,600,616,632,648,664,680,696,712,728,744,760,776,792,808,824,840,856,872,888,904,920,936,952,968,984,1000,1016,1032,1048,1064,1080,1096,1112,1128,1144,1160,1176,1192,1208,1224 motion_emb_sha=d00fdc534d6e980e motion_pos_sha=c900e769438a71e5 motion_mask=111111111111111111111111111111111111111111111111111111111111111111111111111100000000000000000000 mem_order_sha=7e3cd469849c041f motion_cols_sha=4ce51d9a64a99deb donor=None cover=exact:0,fallback:0,cycle:0,cross_seg:0 gate=none num_steps=10 act_sha=90509dce4164a55a infer_ms=70.0
INFO:mme_vla_suite.serving.websocket_policy_server:TIMING infer_ms=70.0
INFO:mme_vla_suite.serving.websocket_policy_server:TIMING add_buffer_ms=1458.5 frames=16 exec_start_idx=0
MV_INFER cond=normal split=test task=VideoUnmaskSwap ep=1 ep_seq=10 infer_seq=70 t=1272 es=168 k=77 motion_frames=0,16,32,48,64,80,96,112,128,168,184,200,216,232,248,264,280,296,312,328,344,360,376,392,408,424,440,456,472,488,504,520,536,552,568,584,600,616,632,648,664,680,696,712,728,744,760,776,792,808,824,840,856,872,888,904,920,936,952,968,984,1000,1016,1032,1048,1064,1080,1096,1112,1128,1144,1160,1176,1192,1208,1224,1240 motion_emb_sha=580c8de1227dbb1a motion_pos_sha=bd94c87d92b1587b motion_mask=111111111111111111111111111111111111111111111111111111111111111111111111111110000000000000000000 mem_order_sha=eacf44b2a4b987ec motion_cols_sha=c374a36dee6adf9c donor=None cover=exact:0,fallback:0,cycle:0,cross_seg:0 gate=none num_steps=10 act_sha=d6adbddf9e69bfe2 infer_ms=69.3
INFO:mme_vla_suite.serving.websocket_policy_server:TIMING infer_ms=69.3
INFO:mme_vla_suite.serving.websocket_policy_server:TIMING add_buffer_ms=1461.6 frames=16 exec_start_idx=0
MV_INFER cond=normal split=test task=VideoUnmaskSwap ep=1 ep_seq=10 infer_seq=71 t=1288 es=168 k=78 motion_frames=0,16,32,48,64,80,96,112,128,168,184,200,216,232,248,264,280,296,312,328,344,360,376,392,408,424,440,456,472,488,504,520,536,552,568,584,600,616,632,648,664,680,696,712,728,744,760,776,792,808,824,840,856,872,888,904,920,936,952,968,984,1000,1016,1032,1048,1064,1080,1096,1112,1128,1144,1160,1176,1192,1208,1224,1240,1256 motion_emb_sha=5e95cdffb00cd6ff motion_pos_sha=36f088ad2df406bd motion_mask=111111111111111111111111111111111111111111111111111111111111111111111111111111000000000000000000 mem_order_sha=c60bd7b049012cab motion_cols_sha=7c1d4feb2e98c9d7 donor=None cover=exact:0,fallback:0,cycle:0,cross_seg:0 gate=none num_steps=10 act_sha=dae70ac6902da4da infer_ms=69.3
INFO:mme_vla_suite.serving.websocket_policy_server:TIMING infer_ms=69.3
INFO:mme_vla_suite.serving.websocket_policy_server:TIMING add_buffer_ms=1460.4 frames=16 exec_start_idx=0
MV_INFER cond=normal split=test task=VideoUnmaskSwap ep=1 ep_seq=10 infer_seq=72 t=1304 es=168 k=79 motion_frames=0,16,32,48,64,80,96,112,128,168,184,200,216,232,248,264,280,296,312,328,344,360,376,392,408,424,440,456,472,488,504,520,536,552,568,584,600,616,632,648,664,680,696,712,728,744,760,776,792,808,824,840,856,872,888,904,920,936,952,968,984,1000,1016,1032,1048,1064,1080,1096,1112,1128,1144,1160,1176,1192,1208,1224,1240,1256,1272 motion_emb_sha=548bf1e422e5bce4 motion_pos_sha=afb02e07c8b20615 motion_mask=111111111111111111111111111111111111111111111111111111111111111111111111111111100000000000000000 mem_order_sha=a013b0d82bc0d97a motion_cols_sha=547a1ac4654c286c donor=None cover=exact:0,fallback:0,cycle:0,cross_seg:0 gate=none num_steps=10 act_sha=bf98703f8c97a79b infer_ms=70.0
INFO:mme_vla_suite.serving.websocket_policy_server:TIMING infer_ms=70.0
INFO:mme_vla_suite.serving.websocket_policy_server:TIMING add_buffer_ms=1455.3 frames=16 exec_start_idx=0
MV_INFER cond=normal split=test task=VideoUnmaskSwap ep=1 ep_seq=10 infer_seq=73 t=1320 es=168 k=80 motion_frames=0,16,32,48,64,80,96,112,128,168,184,200,216,232,248,264,280,296,312,328,344,360,376,392,408,424,440,456,472,488,504,520,536,552,568,584,600,616,632,648,664,680,696,712,728,744,760,776,792,808,824,840,856,872,888,904,920,936,952,968,984,1000,1016,1032,1048,1064,1080,1096,1112,1128,1144,1160,1176,1192,1208,1224,1240,1256,1272,1288 motion_emb_sha=ad97de261f0b7a01 motion_pos_sha=27bc17b996aa18c9 motion_mask=111111111111111111111111111111111111111111111111111111111111111111111111111111110000000000000000 mem_order_sha=05f6e1bb6f020521 motion_cols_sha=28d30981aed715fb donor=None cover=exact:0,fallback:0,cycle:0,cross_seg:0 gate=none num_steps=10 act_sha=120443c82a10be26 infer_ms=69.4
INFO:mme_vla_suite.serving.websocket_policy_server:TIMING infer_ms=69.4
INFO:mme_vla_suite.serving.websocket_policy_server:TIMING add_buffer_ms=1458.7 frames=16 exec_start_idx=0
MV_INFER cond=normal split=test task=VideoUnmaskSwap ep=1 ep_seq=10 infer_seq=74 t=1336 es=168 k=81 motion_frames=0,16,32,48,64,80,96,112,128,168,184,200,216,232,248,264,280,296,312,328,344,360,376,392,408,424,440,456,472,488,504,520,536,552,568,584,600,616,632,648,664,680,696,712,728,744,760,776,792,808,824,840,856,872,888,904,920,936,952,968,984,1000,1016,1032,1048,1064,1080,1096,1112,1128,1144,1160,1176,1192,1208,1224,1240,1256,1272,1288,1304 motion_emb_sha=224762cf7003d8b1 motion_pos_sha=3d4a56c47faed775 motion_mask=111111111111111111111111111111111111111111111111111111111111111111111111111111111000000000000000 mem_order_sha=f0a301b992be137a motion_cols_sha=eea74de565fbc1e4 donor=None cover=exact:0,fallback:0,cycle:0,cross_seg:0 gate=none num_steps=10 act_sha=b314b2e7288fa5b8 infer_ms=69.8
INFO:mme_vla_suite.serving.websocket_policy_server:TIMING infer_ms=69.8
INFO:mme_vla_suite.serving.websocket_policy_server:TIMING add_buffer_ms=1461.0 frames=16 exec_start_idx=0
MV_INFER cond=normal split=test task=VideoUnmaskSwap ep=1 ep_seq=10 infer_seq=75 t=1352 es=168 k=82 motion_frames=0,16,32,48,64,80,96,112,128,168,184,200,216,232,248,264,280,296,312,328,344,360,376,392,408,424,440,456,472,488,504,520,536,552,568,584,600,616,632,648,664,680,696,712,728,744,760,776,792,808,824,840,856,872,888,904,920,936,952,968,984,1000,1016,1032,1048,1064,1080,1096,1112,1128,1144,1160,1176,1192,1208,1224,1240,1256,1272,1288,1304,1320 motion_emb_sha=395c9c888e3c9f61 motion_pos_sha=252985bd23d427af motion_mask=111111111111111111111111111111111111111111111111111111111111111111111111111111111100000000000000 mem_order_sha=c75f757d03a3b100 motion_cols_sha=1058626bcd238dcb donor=None cover=exact:0,fallback:0,cycle:0,cross_seg:0 gate=none num_steps=10 act_sha=ae4c092be2734139 infer_ms=69.8
INFO:mme_vla_suite.serving.websocket_policy_server:TIMING infer_ms=69.8
INFO:mme_vla_suite.serving.websocket_policy_server:TIMING add_buffer_ms=1458.7 frames=16 exec_start_idx=0
MV_INFER cond=normal split=test task=VideoUnmaskSwap ep=1 ep_seq=10 infer_seq=76 t=1368 es=168 k=83 motion_frames=0,16,32,48,64,80,96,112,128,168,184,200,216,232,248,264,280,296,312,328,344,360,376,392,408,424,440,456,472,488,504,520,536,552,568,584,600,616,632,648,664,680,696,712,728,744,760,776,792,808,824,840,856,872,888,904,920,936,952,968,984,1000,1016,1032,1048,1064,1080,1096,1112,1128,1144,1160,1176,1192,1208,1224,1240,1256,1272,1288,1304,1320,1336 motion_emb_sha=f9e6bb1c27e6fd1f motion_pos_sha=b42baee1755e32e8 motion_mask=111111111111111111111111111111111111111111111111111111111111111111111111111111111110000000000000 mem_order_sha=ed312dbdfacb97e1 motion_cols_sha=35ca2fa6b70d0ece donor=None cover=exact:0,fallback:0,cycle:0,cross_seg:0 gate=none num_steps=10 act_sha=6adc939a64b58532 infer_ms=69.9
INFO:mme_vla_suite.serving.websocket_policy_server:TIMING infer_ms=69.9
INFO:mme_vla_suite.serving.websocket_policy_server:TIMING add_buffer_ms=1456.4 frames=16 exec_start_idx=0
MV_INFER cond=normal split=test task=VideoUnmaskSwap ep=1 ep_seq=10 infer_seq=77 t=1384 es=168 k=84 motion_frames=0,16,32,48,64,80,96,112,128,168,184,200,216,232,248,264,280,296,312,328,344,360,376,392,408,424,440,456,472,488,504,520,536,552,568,584,600,616,632,648,664,680,696,712,728,744,760,776,792,808,824,840,856,872,888,904,920,936,952,968,984,1000,1016,1032,1048,1064,1080,1096,1112,1128,1144,1160,1176,1192,1208,1224,1240,1256,1272,1288,1304,1320,1336,1352 motion_emb_sha=bb77f21e0cc6bdd8 motion_pos_sha=cbd3b6043120bbdc motion_mask=111111111111111111111111111111111111111111111111111111111111111111111111111111111111000000000000 mem_order_sha=df51517ff876eb2f motion_cols_sha=b0bf2c44c53a436f donor=None cover=exact:0,fallback:0,cycle:0,cross_seg:0 gate=none num_steps=10 act_sha=5b31c40d3f229256 infer_ms=69.3
INFO:mme_vla_suite.serving.websocket_policy_server:TIMING infer_ms=69.3
INFO:mme_vla_suite.serving.websocket_policy_server:TIMING add_buffer_ms=1462.6 frames=16 exec_start_idx=0
MV_INFER cond=normal split=test task=VideoUnmaskSwap ep=1 ep_seq=10 infer_seq=78 t=1400 es=168 k=85 motion_frames=0,16,32,48,64,80,96,112,128,168,184,200,216,232,248,264,280,296,312,328,344,360,376,392,408,424,440,456,472,488,504,520,536,552,568,584,600,616,632,648,664,680,696,712,728,744,760,776,792,808,824,840,856,872,888,904,920,936,952,968,984,1000,1016,1032,1048,1064,1080,1096,1112,1128,1144,1160,1176,1192,1208,1224,1240,1256,1272,1288,1304,1320,1336,1352,1368 motion_emb_sha=ea487eaef9be5b47 motion_pos_sha=288e9714c0e2d65b motion_mask=111111111111111111111111111111111111111111111111111111111111111111111111111111111111100000000000 mem_order_sha=aa030fab37717970 motion_cols_sha=867af87d88e25d11 donor=None cover=exact:0,fallback:0,cycle:0,cross_seg:0 gate=none num_steps=10 act_sha=4f01512e28b97ddd infer_ms=69.4
INFO:mme_vla_suite.serving.websocket_policy_server:TIMING infer_ms=69.4
INFO:mme_vla_suite.serving.websocket_policy_server:TIMING add_buffer_ms=1455.9 frames=16 exec_start_idx=0
MV_INFER cond=normal split=test task=VideoUnmaskSwap ep=1 ep_seq=10 infer_seq=79 t=1416 es=168 k=86 motion_frames=0,16,32,48,64,80,96,112,128,168,184,200,216,232,248,264,280,296,312,328,344,360,376,392,408,424,440,456,472,488,504,520,536,552,568,584,600,616,632,648,664,680,696,712,728,744,760,776,792,808,824,840,856,872,888,904,920,936,952,968,984,1000,1016,1032,1048,1064,1080,1096,1112,1128,1144,1160,1176,1192,1208,1224,1240,1256,1272,1288,1304,1320,1336,1352,1368,1384 motion_emb_sha=5b6a4c97d4767ce7 motion_pos_sha=449877e0ae0fe584 motion_mask=111111111111111111111111111111111111111111111111111111111111111111111111111111111111110000000000 mem_order_sha=b7322e612b80f396 motion_cols_sha=db6c8e823496a7b5 donor=None cover=exact:0,fallback:0,cycle:0,cross_seg:0 gate=none num_steps=10 act_sha=865adb3f30afd579 infer_ms=69.6
INFO:mme_vla_suite.serving.websocket_policy_server:TIMING infer_ms=69.6
INFO:mme_vla_suite.serving.websocket_policy_server:TIMING add_buffer_ms=1464.0 frames=16 exec_start_idx=0
MV_INFER cond=normal split=test task=VideoUnmaskSwap ep=1 ep_seq=10 infer_seq=80 t=1432 es=168 k=87 motion_frames=0,16,32,48,64,80,96,112,128,168,184,200,216,232,248,264,280,296,312,328,344,360,376,392,408,424,440,456,472,488,504,520,536,552,568,584,600,616,632,648,664,680,696,712,728,744,760,776,792,808,824,840,856,872,888,904,920,936,952,968,984,1000,1016,1032,1048,1064,1080,1096,1112,1128,1144,1160,1176,1192,1208,1224,1240,1256,1272,1288,1304,1320,1336,1352,1368,1384,1400 motion_emb_sha=73512d11084d2c8d motion_pos_sha=584a6abc5e933d17 motion_mask=111111111111111111111111111111111111111111111111111111111111111111111111111111111111111000000000 mem_order_sha=ccf790409814eead motion_cols_sha=e0c669e9e2bd89be donor=None cover=exact:0,fallback:0,cycle:0,cross_seg:0 gate=none num_steps=10 act_sha=941ea3b69d72c25f infer_ms=69.6
INFO:mme_vla_suite.serving.websocket_policy_server:TIMING infer_ms=69.6
INFO:mme_vla_suite.serving.websocket_policy_server:TIMING add_buffer_ms=1456.7 frames=16 exec_start_idx=0
MV_INFER cond=normal split=test task=VideoUnmaskSwap ep=1 ep_seq=10 infer_seq=81 t=1448 es=168 k=88 motion_frames=0,16,32,48,64,80,96,112,128,168,184,200,216,232,248,264,280,296,312,328,344,360,376,392,408,424,440,456,472,488,504,520,536,552,568,584,600,616,632,648,664,680,696,712,728,744,760,776,792,808,824,840,856,872,888,904,920,936,952,968,984,1000,1016,1032,1048,1064,1080,1096,1112,1128,1144,1160,1176,1192,1208,1224,1240,1256,1272,1288,1304,1320,1336,1352,1368,1384,1400,1416 motion_emb_sha=cbb96818949f9fb2 motion_pos_sha=71a30f81db694cbc motion_mask=111111111111111111111111111111111111111111111111111111111111111111111111111111111111111100000000 mem_order_sha=15fad2ad48913920 motion_cols_sha=1b91c273c8fbeadc donor=None cover=exact:0,fallback:0,cycle:0,cross_seg:0 gate=none num_steps=10 act_sha=9d6212e9522a0bd3 infer_ms=70.0
INFO:mme_vla_suite.serving.websocket_policy_server:TIMING infer_ms=70.0
INFO:mme_vla_suite.serving.websocket_policy_server:TIMING add_buffer_ms=1459.6 frames=16 exec_start_idx=0
MV_INFER cond=normal split=test task=VideoUnmaskSwap ep=1 ep_seq=10 infer_seq=82 t=1464 es=168 k=89 motion_frames=0,16,32,48,64,80,96,112,128,168,184,200,216,232,248,264,280,296,312,328,344,360,376,392,408,424,440,456,472,488,504,520,536,552,568,584,600,616,632,648,664,680,696,712,728,744,760,776,792,808,824,840,856,872,888,904,920,936,952,968,984,1000,1016,1032,1048,1064,1080,1096,1112,1128,1144,1160,1176,1192,1208,1224,1240,1256,1272,1288,1304,1320,1336,1352,1368,1384,1400,1416,1432 motion_emb_sha=d815f0c69d0ec7c0 motion_pos_sha=b370a4ea1b93aa75 motion_mask=111111111111111111111111111111111111111111111111111111111111111111111111111111111111111110000000 mem_order_sha=4b2a3a063b642203 motion_cols_sha=22e56efd29e4770c donor=None cover=exact:0,fallback:0,cycle:0,cross_seg:0 gate=none num_steps=10 act_sha=aa9e32e7081740cd infer_ms=69.9
INFO:mme_vla_suite.serving.websocket_policy_server:TIMING infer_ms=69.9
INFO:websockets.server:connection open
INFO:mme_vla_suite.serving.websocket_policy_server:Connection from ('127.0.0.1', 60574) opened
MV_EPISODE_END ep_seq=10 infers=82 windows=89 wall_s=164.5
MV_EPISODE_BEGIN cond=normal split=test seed=42 ep_seq=11 expect=VideoUnmaskSwap:5
INFO:mme_vla_suite.serving.websocket_policy_server:TIMING add_buffer_ms=9573.3 frames=115 exec_start_idx=114
MV_INFER cond=normal split=test task=VideoUnmaskSwap ep=5 ep_seq=11 infer_seq=1 t=114 es=114 k=6 motion_frames=0,16,32,48,64,80 motion_emb_sha=e293e47ee4150ab8 motion_pos_sha=9c9d9e6cd7cfd81a motion_mask=111111000000000000000000000000000000000000000000000000000000000000000000000000000000000000000000 mem_order_sha=d36f51905708ac80 motion_cols_sha=eab04c7668b73587 donor=None cover=exact:0,fallback:0,cycle:0,cross_seg:0 gate=none num_steps=10 act_sha=8ff11d21d50731fe infer_ms=70.8
INFO:mme_vla_suite.serving.websocket_policy_server:TIMING infer_ms=70.8
INFO:mme_vla_suite.serving.websocket_policy_server:TIMING add_buffer_ms=41.3 frames=16 exec_start_idx=0
MV_INFER cond=normal split=test task=VideoUnmaskSwap ep=5 ep_seq=11 infer_seq=2 t=130 es=114 k=6 motion_frames=0,16,32,48,64,80 motion_emb_sha=e293e47ee4150ab8 motion_pos_sha=9c9d9e6cd7cfd81a motion_mask=111111000000000000000000000000000000000000000000000000000000000000000000000000000000000000000000 mem_order_sha=7007fc3c1dfa653a motion_cols_sha=28e39a69873dfa7b donor=None cover=exact:0,fallback:0,cycle:0,cross_seg:0 gate=none num_steps=10 act_sha=623c7227b2bb16bc infer_ms=69.7
INFO:mme_vla_suite.serving.websocket_policy_server:TIMING infer_ms=69.7
INFO:mme_vla_suite.serving.websocket_policy_server:TIMING add_buffer_ms=1472.4 frames=16 exec_start_idx=0
MV_INFER cond=normal split=test task=VideoUnmaskSwap ep=5 ep_seq=11 infer_seq=3 t=146 es=114 k=7 motion_frames=0,16,32,48,64,80,114 motion_emb_sha=a7adacaf0c9598c3 motion_pos_sha=b4b410928208f83b motion_mask=111111100000000000000000000000000000000000000000000000000000000000000000000000000000000000000000 mem_order_sha=4ac94306787a1e74 motion_cols_sha=e34f74d7199032b1 donor=None cover=exact:0,fallback:0,cycle:0,cross_seg:0 gate=none num_steps=10 act_sha=eb7bd1cecb03410f infer_ms=69.4
INFO:mme_vla_suite.serving.websocket_policy_server:TIMING infer_ms=69.4
INFO:mme_vla_suite.serving.websocket_policy_server:TIMING add_buffer_ms=1460.5 frames=16 exec_start_idx=0
MV_INFER cond=normal split=test task=VideoUnmaskSwap ep=5 ep_seq=11 infer_seq=4 t=162 es=114 k=8 motion_frames=0,16,32,48,64,80,114,130 motion_emb_sha=585afd7255c4a008 motion_pos_sha=e5614c1edb737a0a motion_mask=111111110000000000000000000000000000000000000000000000000000000000000000000000000000000000000000 mem_order_sha=5e3d9f2e2ea03be0 motion_cols_sha=0cd829adf9fb2ea4 donor=None cover=exact:0,fallback:0,cycle:0,cross_seg:0 gate=none num_steps=10 act_sha=9a19a3c5c668e5c7 infer_ms=69.4
INFO:mme_vla_suite.serving.websocket_policy_server:TIMING infer_ms=69.4
INFO:mme_vla_suite.serving.websocket_policy_server:TIMING add_buffer_ms=1459.8 frames=16 exec_start_idx=0
MV_INFER cond=normal split=test task=VideoUnmaskSwap ep=5 ep_seq=11 infer_seq=5 t=178 es=114 k=9 motion_frames=0,16,32,48,64,80,114,130,146 motion_emb_sha=4fdb9cfcc70b19ae motion_pos_sha=4042b1ed7883865f motion_mask=111111111000000000000000000000000000000000000000000000000000000000000000000000000000000000000000 mem_order_sha=acd110092957cbc3 motion_cols_sha=357ed6ec0fb3696e donor=None cover=exact:0,fallback:0,cycle:0,cross_seg:0 gate=none num_steps=10 act_sha=8cb10d672c4a895a infer_ms=69.2
INFO:mme_vla_suite.serving.websocket_policy_server:TIMING infer_ms=69.2
INFO:mme_vla_suite.serving.websocket_policy_server:TIMING add_buffer_ms=1462.7 frames=16 exec_start_idx=0
MV_INFER cond=normal split=test task=VideoUnmaskSwap ep=5 ep_seq=11 infer_seq=6 t=194 es=114 k=10 motion_frames=0,16,32,48,64,80,114,130,146,162 motion_emb_sha=c29599458f9e5ea9 motion_pos_sha=6be0174f30038cfc motion_mask=111111111100000000000000000000000000000000000000000000000000000000000000000000000000000000000000 mem_order_sha=867342d4f26462c0 motion_cols_sha=b3ab74e231455d73 donor=None cover=exact:0,fallback:0,cycle:0,cross_seg:0 gate=none num_steps=10 act_sha=95ec0e6cb5863ddf infer_ms=69.5
INFO:mme_vla_suite.serving.websocket_policy_server:TIMING infer_ms=69.5
INFO:mme_vla_suite.serving.websocket_policy_server:TIMING add_buffer_ms=1453.6 frames=16 exec_start_idx=0
MV_INFER cond=normal split=test task=VideoUnmaskSwap ep=5 ep_seq=11 infer_seq=7 t=210 es=114 k=11 motion_frames=0,16,32,48,64,80,114,130,146,162,178 motion_emb_sha=015ac27ab54d45eb motion_pos_sha=7ba3bff4c8703a30 motion_mask=111111111110000000000000000000000000000000000000000000000000000000000000000000000000000000000000 mem_order_sha=2fdbc05fbe4c5192 motion_cols_sha=ca0a097bc6347240 donor=None cover=exact:0,fallback:0,cycle:0,cross_seg:0 gate=none num_steps=10 act_sha=ab2ce3c7a6253f62 infer_ms=69.4
INFO:mme_vla_suite.serving.websocket_policy_server:TIMING infer_ms=69.4
INFO:mme_vla_suite.serving.websocket_policy_server:TIMING add_buffer_ms=1456.2 frames=16 exec_start_idx=0
MV_INFER cond=normal split=test task=VideoUnmaskSwap ep=5 ep_seq=11 infer_seq=8 t=226 es=114 k=12 motion_frames=0,16,32,48,64,80,114,130,146,162,178,194 motion_emb_sha=8ec68891c635dabd motion_pos_sha=6a7ecdc5c37e4528 motion_mask=111111111111000000000000000000000000000000000000000000000000000000000000000000000000000000000000 mem_order_sha=7c16a006f35c4c72 motion_cols_sha=00d94b8204a2fa5f donor=None cover=exact:0,fallback:0,cycle:0,cross_seg:0 gate=none num_steps=10 act_sha=f4cdaf79a6237d5b infer_ms=69.2
INFO:mme_vla_suite.serving.websocket_policy_server:TIMING infer_ms=69.2
INFO:mme_vla_suite.serving.websocket_policy_server:TIMING add_buffer_ms=1457.0 frames=16 exec_start_idx=0
MV_INFER cond=normal split=test task=VideoUnmaskSwap ep=5 ep_seq=11 infer_seq=9 t=242 es=114 k=13 motion_frames=0,16,32,48,64,80,114,130,146,162,178,194,210 motion_emb_sha=99ac5e3aa31bedad motion_pos_sha=bcb604f4d20266bd motion_mask=111111111111100000000000000000000000000000000000000000000000000000000000000000000000000000000000 mem_order_sha=3c139deaac7ee550 motion_cols_sha=183cf53ca4443ccf donor=None cover=exact:0,fallback:0,cycle:0,cross_seg:0 gate=none num_steps=10 act_sha=881d8fb4132fd821 infer_ms=69.3
INFO:mme_vla_suite.serving.websocket_policy_server:TIMING infer_ms=69.3
INFO:mme_vla_suite.serving.websocket_policy_server:TIMING add_buffer_ms=1461.3 frames=16 exec_start_idx=0
MV_INFER cond=normal split=test task=VideoUnmaskSwap ep=5 ep_seq=11 infer_seq=10 t=258 es=114 k=14 motion_frames=0,16,32,48,64,80,114,130,146,162,178,194,210,226 motion_emb_sha=8ee8636631f5c42c motion_pos_sha=b6db37043a3d6db3 motion_mask=111111111111110000000000000000000000000000000000000000000000000000000000000000000000000000000000 mem_order_sha=16cde8b1342ac838 motion_cols_sha=399bcb6add4523f8 donor=None cover=exact:0,fallback:0,cycle:0,cross_seg:0 gate=none num_steps=10 act_sha=06470f858aa0b97c infer_ms=69.6
INFO:mme_vla_suite.serving.websocket_policy_server:TIMING infer_ms=69.6
INFO:mme_vla_suite.serving.websocket_policy_server:TIMING add_buffer_ms=1458.0 frames=16 exec_start_idx=0
MV_INFER cond=normal split=test task=VideoUnmaskSwap ep=5 ep_seq=11 infer_seq=11 t=274 es=114 k=15 motion_frames=0,16,32,48,64,80,114,130,146,162,178,194,210,226,242 motion_emb_sha=9111e512f4188d5a motion_pos_sha=3f970f59907038d2 motion_mask=111111111111111000000000000000000000000000000000000000000000000000000000000000000000000000000000 mem_order_sha=1475b74e88eec47b motion_cols_sha=63f52d1c2283f5f4 donor=None cover=exact:0,fallback:0,cycle:0,cross_seg:0 gate=none num_steps=10 act_sha=468fe69f6f341584 infer_ms=69.5
INFO:mme_vla_suite.serving.websocket_policy_server:TIMING infer_ms=69.5
INFO:mme_vla_suite.serving.websocket_policy_server:TIMING add_buffer_ms=1457.4 frames=16 exec_start_idx=0
MV_INFER cond=normal split=test task=VideoUnmaskSwap ep=5 ep_seq=11 infer_seq=12 t=290 es=114 k=16 motion_frames=0,16,32,48,64,80,114,130,146,162,178,194,210,226,242,258 motion_emb_sha=ac3e6f0a260e9db9 motion_pos_sha=9c707b6e5d202329 motion_mask=111111111111111100000000000000000000000000000000000000000000000000000000000000000000000000000000 mem_order_sha=d891be75af05f8bf motion_cols_sha=2ff151adef6d8f65 donor=None cover=exact:0,fallback:0,cycle:0,cross_seg:0 gate=none num_steps=10 act_sha=aeb796d05bf857b9 infer_ms=69.4
INFO:mme_vla_suite.serving.websocket_policy_server:TIMING infer_ms=69.4
INFO:mme_vla_suite.serving.websocket_policy_server:TIMING add_buffer_ms=1457.1 frames=16 exec_start_idx=0
MV_INFER cond=normal split=test task=VideoUnmaskSwap ep=5 ep_seq=11 infer_seq=13 t=306 es=114 k=17 motion_frames=0,16,32,48,64,80,114,130,146,162,178,194,210,226,242,258,274 motion_emb_sha=855a61238538b5ff motion_pos_sha=619ec0c00c66c727 motion_mask=111111111111111110000000000000000000000000000000000000000000000000000000000000000000000000000000 mem_order_sha=6661491522e6c6b0 motion_cols_sha=2cd5ad5a97261e6c donor=None cover=exact:0,fallback:0,cycle:0,cross_seg:0 gate=none num_steps=10 act_sha=13f1ea595cc896b5 infer_ms=69.4
INFO:mme_vla_suite.serving.websocket_policy_server:TIMING infer_ms=69.4
INFO:mme_vla_suite.serving.websocket_policy_server:TIMING add_buffer_ms=1462.8 frames=16 exec_start_idx=0
MV_INFER cond=normal split=test task=VideoUnmaskSwap ep=5 ep_seq=11 infer_seq=14 t=322 es=114 k=18 motion_frames=0,16,32,48,64,80,114,130,146,162,178,194,210,226,242,258,274,290 motion_emb_sha=970f4d950b125eb9 motion_pos_sha=32da50d3a6b2f742 motion_mask=111111111111111111000000000000000000000000000000000000000000000000000000000000000000000000000000 mem_order_sha=31a622feb6e913d8 motion_cols_sha=8668befca9c72ef8 donor=None cover=exact:0,fallback:0,cycle:0,cross_seg:0 gate=none num_steps=10 act_sha=c8d087e7f54b40e5 infer_ms=69.5
INFO:mme_vla_suite.serving.websocket_policy_server:TIMING infer_ms=69.5
INFO:mme_vla_suite.serving.websocket_policy_server:TIMING add_buffer_ms=1466.5 frames=16 exec_start_idx=0
MV_INFER cond=normal split=test task=VideoUnmaskSwap ep=5 ep_seq=11 infer_seq=15 t=338 es=114 k=19 motion_frames=0,16,32,48,64,80,114,130,146,162,178,194,210,226,242,258,274,290,306 motion_emb_sha=7be2a13ade8a190b motion_pos_sha=678a9e91c6890cba motion_mask=111111111111111111100000000000000000000000000000000000000000000000000000000000000000000000000000 mem_order_sha=f8b6785ad0881e00 motion_cols_sha=955aea59c838e681 donor=None cover=exact:0,fallback:0,cycle:0,cross_seg:0 gate=none num_steps=10 act_sha=729406c63ae3603d infer_ms=69.2
INFO:mme_vla_suite.serving.websocket_policy_server:TIMING infer_ms=69.2
INFO:mme_vla_suite.serving.websocket_policy_server:TIMING add_buffer_ms=1453.2 frames=16 exec_start_idx=0
MV_INFER cond=normal split=test task=VideoUnmaskSwap ep=5 ep_seq=11 infer_seq=16 t=354 es=114 k=20 motion_frames=0,16,32,48,64,80,114,130,146,162,178,194,210,226,242,258,274,290,306,322 motion_emb_sha=bad99ec55e338bde motion_pos_sha=31ada7c03fa74e42 motion_mask=111111111111111111110000000000000000000000000000000000000000000000000000000000000000000000000000 mem_order_sha=66b9a949ea82b80d motion_cols_sha=bb3b372125ec1a89 donor=None cover=exact:0,fallback:0,cycle:0,cross_seg:0 gate=none num_steps=10 act_sha=875e5c4b41966ec3 infer_ms=69.4
INFO:mme_vla_suite.serving.websocket_policy_server:TIMING infer_ms=69.4
INFO:mme_vla_suite.serving.websocket_policy_server:TIMING add_buffer_ms=1458.5 frames=16 exec_start_idx=0
MV_INFER cond=normal split=test task=VideoUnmaskSwap ep=5 ep_seq=11 infer_seq=17 t=370 es=114 k=21 motion_frames=0,16,32,48,64,80,114,130,146,162,178,194,210,226,242,258,274,290,306,322,338 motion_emb_sha=b258005518cb4673 motion_pos_sha=eec76fb64edc1b6c motion_mask=111111111111111111111000000000000000000000000000000000000000000000000000000000000000000000000000 mem_order_sha=d8b12010e198288f motion_cols_sha=e194cec7d326ae3b donor=None cover=exact:0,fallback:0,cycle:0,cross_seg:0 gate=none num_steps=10 act_sha=4339e5d0bbaadc03 infer_ms=69.9
INFO:mme_vla_suite.serving.websocket_policy_server:TIMING infer_ms=69.9
INFO:mme_vla_suite.serving.websocket_policy_server:TIMING add_buffer_ms=1458.7 frames=16 exec_start_idx=0
MV_INFER cond=normal split=test task=VideoUnmaskSwap ep=5 ep_seq=11 infer_seq=18 t=386 es=114 k=22 motion_frames=0,16,32,48,64,80,114,130,146,162,178,194,210,226,242,258,274,290,306,322,338,354 motion_emb_sha=39d107776ac9ad98 motion_pos_sha=c44aefa43fc22f83 motion_mask=111111111111111111111100000000000000000000000000000000000000000000000000000000000000000000000000 mem_order_sha=77181a4555f13dd8 motion_cols_sha=63f9c02960f84edf donor=None cover=exact:0,fallback:0,cycle:0,cross_seg:0 gate=none num_steps=10 act_sha=dfd841ac4427c91e infer_ms=69.6
INFO:mme_vla_suite.serving.websocket_policy_server:TIMING infer_ms=69.6
INFO:mme_vla_suite.serving.websocket_policy_server:TIMING add_buffer_ms=1463.8 frames=16 exec_start_idx=0
MV_INFER cond=normal split=test task=VideoUnmaskSwap ep=5 ep_seq=11 infer_seq=19 t=402 es=114 k=23 motion_frames=0,16,32,48,64,80,114,130,146,162,178,194,210,226,242,258,274,290,306,322,338,354,370 motion_emb_sha=0401886fd39dac8e motion_pos_sha=472ca69a64113d34 motion_mask=111111111111111111111110000000000000000000000000000000000000000000000000000000000000000000000000 mem_order_sha=f7fb04810b467ed0 motion_cols_sha=b4b3436e380ec288 donor=None cover=exact:0,fallback:0,cycle:0,cross_seg:0 gate=none num_steps=10 act_sha=3c67e57448ec1714 infer_ms=69.6
INFO:mme_vla_suite.serving.websocket_policy_server:TIMING infer_ms=69.6
INFO:mme_vla_suite.serving.websocket_policy_server:TIMING add_buffer_ms=1457.7 frames=16 exec_start_idx=0
MV_INFER cond=normal split=test task=VideoUnmaskSwap ep=5 ep_seq=11 infer_seq=20 t=418 es=114 k=24 motion_frames=0,16,32,48,64,80,114,130,146,162,178,194,210,226,242,258,274,290,306,322,338,354,370,386 motion_emb_sha=122aff0db8d9c29d motion_pos_sha=b7833f821d5972cf motion_mask=111111111111111111111111000000000000000000000000000000000000000000000000000000000000000000000000 mem_order_sha=6b0f9d938737cc7e motion_cols_sha=cbcc1f5417062ad6 donor=None cover=exact:0,fallback:0,cycle:0,cross_seg:0 gate=none num_steps=10 act_sha=dd33654feb8ab212 infer_ms=69.7
INFO:mme_vla_suite.serving.websocket_policy_server:TIMING infer_ms=69.7
INFO:mme_vla_suite.serving.websocket_policy_server:TIMING add_buffer_ms=1455.8 frames=16 exec_start_idx=0
MV_INFER cond=normal split=test task=VideoUnmaskSwap ep=5 ep_seq=11 infer_seq=21 t=434 es=114 k=25 motion_frames=0,16,32,48,64,80,114,130,146,162,178,194,210,226,242,258,274,290,306,322,338,354,370,386,402 motion_emb_sha=5ac8666bfae965ef motion_pos_sha=956cbc7d05e32786 motion_mask=111111111111111111111111100000000000000000000000000000000000000000000000000000000000000000000000 mem_order_sha=cbd34860fea87ce1 motion_cols_sha=7cfcb99c69e1b6fc donor=None cover=exact:0,fallback:0,cycle:0,cross_seg:0 gate=none num_steps=10 act_sha=2666a4e101e695fa infer_ms=70.0
INFO:mme_vla_suite.serving.websocket_policy_server:TIMING infer_ms=70.0
INFO:mme_vla_suite.serving.websocket_policy_server:TIMING add_buffer_ms=1456.6 frames=16 exec_start_idx=0
MV_INFER cond=normal split=test task=VideoUnmaskSwap ep=5 ep_seq=11 infer_seq=22 t=450 es=114 k=26 motion_frames=0,16,32,48,64,80,114,130,146,162,178,194,210,226,242,258,274,290,306,322,338,354,370,386,402,418 motion_emb_sha=326099bef9aa74a6 motion_pos_sha=04b4e292025b0cf6 motion_mask=111111111111111111111111110000000000000000000000000000000000000000000000000000000000000000000000 mem_order_sha=92dd342791ead61b motion_cols_sha=98bc010fbbe01d25 donor=None cover=exact:0,fallback:0,cycle:0,cross_seg:0 gate=none num_steps=10 act_sha=6aed6fb292b24ece infer_ms=70.0
INFO:mme_vla_suite.serving.websocket_policy_server:TIMING infer_ms=70.0
INFO:mme_vla_suite.serving.websocket_policy_server:TIMING add_buffer_ms=1453.3 frames=16 exec_start_idx=0
MV_INFER cond=normal split=test task=VideoUnmaskSwap ep=5 ep_seq=11 infer_seq=23 t=466 es=114 k=27 motion_frames=0,16,32,48,64,80,114,130,146,162,178,194,210,226,242,258,274,290,306,322,338,354,370,386,402,418,434 motion_emb_sha=61b2e29e83e0b317 motion_pos_sha=09d1e59e2e7865e2 motion_mask=111111111111111111111111111000000000000000000000000000000000000000000000000000000000000000000000 mem_order_sha=c9b7f92fecb37419 motion_cols_sha=dd16be3b2d84e67e donor=None cover=exact:0,fallback:0,cycle:0,cross_seg:0 gate=none num_steps=10 act_sha=a0dd3318c415d63c infer_ms=69.5
INFO:mme_vla_suite.serving.websocket_policy_server:TIMING infer_ms=69.5
INFO:mme_vla_suite.serving.websocket_policy_server:TIMING add_buffer_ms=1458.5 frames=16 exec_start_idx=0
MV_INFER cond=normal split=test task=VideoUnmaskSwap ep=5 ep_seq=11 infer_seq=24 t=482 es=114 k=28 motion_frames=0,16,32,48,64,80,114,130,146,162,178,194,210,226,242,258,274,290,306,322,338,354,370,386,402,418,434,450 motion_emb_sha=28e5369a6acf6554 motion_pos_sha=6aaa0c90199238cd motion_mask=111111111111111111111111111100000000000000000000000000000000000000000000000000000000000000000000 mem_order_sha=e88354f3959be9f2 motion_cols_sha=5455db2dc42182c1 donor=None cover=exact:0,fallback:0,cycle:0,cross_seg:0 gate=none num_steps=10 act_sha=c78796db23798b8e infer_ms=69.6
INFO:mme_vla_suite.serving.websocket_policy_server:TIMING infer_ms=69.6
INFO:mme_vla_suite.serving.websocket_policy_server:TIMING add_buffer_ms=1455.8 frames=16 exec_start_idx=0
MV_INFER cond=normal split=test task=VideoUnmaskSwap ep=5 ep_seq=11 infer_seq=25 t=498 es=114 k=29 motion_frames=0,16,32,48,64,80,114,130,146,162,178,194,210,226,242,258,274,290,306,322,338,354,370,386,402,418,434,450,466 motion_emb_sha=19f39cf08aa6683d motion_pos_sha=39692ebf1092ef9e motion_mask=111111111111111111111111111110000000000000000000000000000000000000000000000000000000000000000000 mem_order_sha=16ac544f35a96842 motion_cols_sha=bb556322ccc870cf donor=None cover=exact:0,fallback:0,cycle:0,cross_seg:0 gate=none num_steps=10 act_sha=ac70e8c720a66ac5 infer_ms=70.1
INFO:mme_vla_suite.serving.websocket_policy_server:TIMING infer_ms=70.1
INFO:mme_vla_suite.serving.websocket_policy_server:TIMING add_buffer_ms=1454.7 frames=16 exec_start_idx=0
MV_INFER cond=normal split=test task=VideoUnmaskSwap ep=5 ep_seq=11 infer_seq=26 t=514 es=114 k=30 motion_frames=0,16,32,48,64,80,114,130,146,162,178,194,210,226,242,258,274,290,306,322,338,354,370,386,402,418,434,450,466,482 motion_emb_sha=d63a3052200500a5 motion_pos_sha=ea01393fd85ad572 motion_mask=111111111111111111111111111111000000000000000000000000000000000000000000000000000000000000000000 mem_order_sha=10d44a4273334f6d motion_cols_sha=bf360664049f57fd donor=None cover=exact:0,fallback:0,cycle:0,cross_seg:0 gate=none num_steps=10 act_sha=728172ebd148aae2 infer_ms=70.6
INFO:mme_vla_suite.serving.websocket_policy_server:TIMING infer_ms=70.6
INFO:mme_vla_suite.serving.websocket_policy_server:TIMING add_buffer_ms=1454.9 frames=16 exec_start_idx=0
MV_INFER cond=normal split=test task=VideoUnmaskSwap ep=5 ep_seq=11 infer_seq=27 t=530 es=114 k=31 motion_frames=0,16,32,48,64,80,114,130,146,162,178,194,210,226,242,258,274,290,306,322,338,354,370,386,402,418,434,450,466,482,498 motion_emb_sha=ba343c8576784ac8 motion_pos_sha=192a5be00311777f motion_mask=111111111111111111111111111111100000000000000000000000000000000000000000000000000000000000000000 mem_order_sha=0fd7bed57fac356b motion_cols_sha=549ae58d4a8abb35 donor=None cover=exact:0,fallback:0,cycle:0,cross_seg:0 gate=none num_steps=10 act_sha=1429b19a339bd733 infer_ms=69.3
INFO:mme_vla_suite.serving.websocket_policy_server:TIMING infer_ms=69.3
INFO:mme_vla_suite.serving.websocket_policy_server:TIMING add_buffer_ms=1457.7 frames=16 exec_start_idx=0
MV_INFER cond=normal split=test task=VideoUnmaskSwap ep=5 ep_seq=11 infer_seq=28 t=546 es=114 k=32 motion_frames=0,16,32,48,64,80,114,130,146,162,178,194,210,226,242,258,274,290,306,322,338,354,370,386,402,418,434,450,466,482,498,514 motion_emb_sha=4f14f67c392ed0bb motion_pos_sha=fc0e156995c5133b motion_mask=111111111111111111111111111111110000000000000000000000000000000000000000000000000000000000000000 mem_order_sha=d69d2909e0c05b73 motion_cols_sha=5b9ab8b2c4580f7c donor=None cover=exact:0,fallback:0,cycle:0,cross_seg:0 gate=none num_steps=10 act_sha=2121aaf22967c3a2 infer_ms=69.6
INFO:mme_vla_suite.serving.websocket_policy_server:TIMING infer_ms=69.6
[sidecar pid=832983] 窗 #851 起点 530 耗时 1412 ms（累计 1597s）
INFO:mme_vla_suite.serving.websocket_policy_server:TIMING add_buffer_ms=1456.9 frames=16 exec_start_idx=0
MV_INFER cond=normal split=test task=VideoUnmaskSwap ep=5 ep_seq=11 infer_seq=29 t=562 es=114 k=33 motion_frames=0,16,32,48,64,80,114,130,146,162,178,194,210,226,242,258,274,290,306,322,338,354,370,386,402,418,434,450,466,482,498,514,530 motion_emb_sha=0d0c2a0cf401c7c7 motion_pos_sha=2727983ece985ff6 motion_mask=111111111111111111111111111111111000000000000000000000000000000000000000000000000000000000000000 mem_order_sha=819081d8e681df07 motion_cols_sha=f6f28113a615b1d3 donor=None cover=exact:0,fallback:0,cycle:0,cross_seg:0 gate=none num_steps=10 act_sha=624734933c8e8892 infer_ms=69.3
INFO:mme_vla_suite.serving.websocket_policy_server:TIMING infer_ms=69.3
INFO:mme_vla_suite.serving.websocket_policy_server:TIMING add_buffer_ms=1458.3 frames=16 exec_start_idx=0
MV_INFER cond=normal split=test task=VideoUnmaskSwap ep=5 ep_seq=11 infer_seq=30 t=578 es=114 k=34 motion_frames=0,16,32,48,64,80,114,130,146,162,178,194,210,226,242,258,274,290,306,322,338,354,370,386,402,418,434,450,466,482,498,514,530,546 motion_emb_sha=27c374317162fd87 motion_pos_sha=aa9bbec8478f0f6e motion_mask=111111111111111111111111111111111100000000000000000000000000000000000000000000000000000000000000 mem_order_sha=70767389d7a2a260 motion_cols_sha=07f51b8db9fb1f7a donor=None cover=exact:0,fallback:0,cycle:0,cross_seg:0 gate=none num_steps=10 act_sha=aad756dacb250865 infer_ms=69.2
INFO:mme_vla_suite.serving.websocket_policy_server:TIMING infer_ms=69.2
INFO:mme_vla_suite.serving.websocket_policy_server:TIMING add_buffer_ms=1458.3 frames=16 exec_start_idx=0
MV_INFER cond=normal split=test task=VideoUnmaskSwap ep=5 ep_seq=11 infer_seq=31 t=594 es=114 k=35 motion_frames=0,16,32,48,64,80,114,130,146,162,178,194,210,226,242,258,274,290,306,322,338,354,370,386,402,418,434,450,466,482,498,514,530,546,562 motion_emb_sha=6da91f388c633c50 motion_pos_sha=42e2ccd4e444ce0e motion_mask=111111111111111111111111111111111110000000000000000000000000000000000000000000000000000000000000 mem_order_sha=400646d7a4ea827d motion_cols_sha=4596382620d9ec6f donor=None cover=exact:0,fallback:0,cycle:0,cross_seg:0 gate=none num_steps=10 act_sha=e713f85ee5bd3b57 infer_ms=69.3
INFO:mme_vla_suite.serving.websocket_policy_server:TIMING infer_ms=69.3
INFO:mme_vla_suite.serving.websocket_policy_server:TIMING add_buffer_ms=1460.1 frames=16 exec_start_idx=0
MV_INFER cond=normal split=test task=VideoUnmaskSwap ep=5 ep_seq=11 infer_seq=32 t=610 es=114 k=36 motion_frames=0,16,32,48,64,80,114,130,146,162,178,194,210,226,242,258,274,290,306,322,338,354,370,386,402,418,434,450,466,482,498,514,530,546,562,578 motion_emb_sha=12d9d87442a0b680 motion_pos_sha=015bf2493838e3d6 motion_mask=111111111111111111111111111111111111000000000000000000000000000000000000000000000000000000000000 mem_order_sha=7478494686ba6909 motion_cols_sha=9092ca428b0fee4f donor=None cover=exact:0,fallback:0,cycle:0,cross_seg:0 gate=none num_steps=10 act_sha=4427f328757ea655 infer_ms=69.8
INFO:mme_vla_suite.serving.websocket_policy_server:TIMING infer_ms=69.8
INFO:mme_vla_suite.serving.websocket_policy_server:TIMING add_buffer_ms=1459.4 frames=16 exec_start_idx=0
MV_INFER cond=normal split=test task=VideoUnmaskSwap ep=5 ep_seq=11 infer_seq=33 t=626 es=114 k=37 motion_frames=0,16,32,48,64,80,114,130,146,162,178,194,210,226,242,258,274,290,306,322,338,354,370,386,402,418,434,450,466,482,498,514,530,546,562,578,594 motion_emb_sha=1270e5e099ea6edb motion_pos_sha=6b1a9f65c84a8aec motion_mask=111111111111111111111111111111111111100000000000000000000000000000000000000000000000000000000000 mem_order_sha=c2ea9d24e08e173e motion_cols_sha=60357ec92add8a4f donor=None cover=exact:0,fallback:0,cycle:0,cross_seg:0 gate=none num_steps=10 act_sha=da02fc4102b686d6 infer_ms=69.5
INFO:mme_vla_suite.serving.websocket_policy_server:TIMING infer_ms=69.5
INFO:mme_vla_suite.serving.websocket_policy_server:TIMING add_buffer_ms=1456.3 frames=16 exec_start_idx=0
MV_INFER cond=normal split=test task=VideoUnmaskSwap ep=5 ep_seq=11 infer_seq=34 t=642 es=114 k=38 motion_frames=0,16,32,48,64,80,114,130,146,162,178,194,210,226,242,258,274,290,306,322,338,354,370,386,402,418,434,450,466,482,498,514,530,546,562,578,594,610 motion_emb_sha=cc0c118db1f49d6e motion_pos_sha=d4bb358feebf3437 motion_mask=111111111111111111111111111111111111110000000000000000000000000000000000000000000000000000000000 mem_order_sha=edb0ed0594848116 motion_cols_sha=208708f32963a3f7 donor=None cover=exact:0,fallback:0,cycle:0,cross_seg:0 gate=none num_steps=10 act_sha=e2ede683c0066928 infer_ms=69.7
INFO:mme_vla_suite.serving.websocket_policy_server:TIMING infer_ms=69.7
INFO:mme_vla_suite.serving.websocket_policy_server:TIMING add_buffer_ms=1455.4 frames=16 exec_start_idx=0
MV_INFER cond=normal split=test task=VideoUnmaskSwap ep=5 ep_seq=11 infer_seq=35 t=658 es=114 k=39 motion_frames=0,16,32,48,64,80,114,130,146,162,178,194,210,226,242,258,274,290,306,322,338,354,370,386,402,418,434,450,466,482,498,514,530,546,562,578,594,610,626 motion_emb_sha=ebb531a5b17a3ca3 motion_pos_sha=ac05a7f5e7c0748c motion_mask=111111111111111111111111111111111111111000000000000000000000000000000000000000000000000000000000 mem_order_sha=a021f55324c40029 motion_cols_sha=9adf752e8bc84250 donor=None cover=exact:0,fallback:0,cycle:0,cross_seg:0 gate=none num_steps=10 act_sha=32b1a0b4f207e1ef infer_ms=69.3
INFO:mme_vla_suite.serving.websocket_policy_server:TIMING infer_ms=69.3
INFO:mme_vla_suite.serving.websocket_policy_server:TIMING add_buffer_ms=1458.8 frames=16 exec_start_idx=0
MV_INFER cond=normal split=test task=VideoUnmaskSwap ep=5 ep_seq=11 infer_seq=36 t=674 es=114 k=40 motion_frames=0,16,32,48,64,80,114,130,146,162,178,194,210,226,242,258,274,290,306,322,338,354,370,386,402,418,434,450,466,482,498,514,530,546,562,578,594,610,626,642 motion_emb_sha=eae64527682f6fad motion_pos_sha=8dd66f59403f08c6 motion_mask=111111111111111111111111111111111111111100000000000000000000000000000000000000000000000000000000 mem_order_sha=8b9c79a35e401c9a motion_cols_sha=a7fd2a7e4f9a6c9d donor=None cover=exact:0,fallback:0,cycle:0,cross_seg:0 gate=none num_steps=10 act_sha=42bb0d19995faa4b infer_ms=69.7
INFO:mme_vla_suite.serving.websocket_policy_server:TIMING infer_ms=69.7
INFO:mme_vla_suite.serving.websocket_policy_server:TIMING add_buffer_ms=1458.1 frames=16 exec_start_idx=0
MV_INFER cond=normal split=test task=VideoUnmaskSwap ep=5 ep_seq=11 infer_seq=37 t=690 es=114 k=41 motion_frames=0,16,32,48,64,80,114,130,146,162,178,194,210,226,242,258,274,290,306,322,338,354,370,386,402,418,434,450,466,482,498,514,530,546,562,578,594,610,626,642,658 motion_emb_sha=685e21ac27f9fd6f motion_pos_sha=68feefdb46195dcf motion_mask=111111111111111111111111111111111111111110000000000000000000000000000000000000000000000000000000 mem_order_sha=1f18d2a138bd0bf9 motion_cols_sha=b7950317891542b4 donor=None cover=exact:0,fallback:0,cycle:0,cross_seg:0 gate=none num_steps=10 act_sha=0b1efff6bca60553 infer_ms=69.3
INFO:mme_vla_suite.serving.websocket_policy_server:TIMING infer_ms=69.3
INFO:mme_vla_suite.serving.websocket_policy_server:TIMING add_buffer_ms=1455.8 frames=16 exec_start_idx=0
MV_INFER cond=normal split=test task=VideoUnmaskSwap ep=5 ep_seq=11 infer_seq=38 t=706 es=114 k=42 motion_frames=0,16,32,48,64,80,114,130,146,162,178,194,210,226,242,258,274,290,306,322,338,354,370,386,402,418,434,450,466,482,498,514,530,546,562,578,594,610,626,642,658,674 motion_emb_sha=ee3f207fa9b2a50b motion_pos_sha=b13ac05015d34784 motion_mask=111111111111111111111111111111111111111111000000000000000000000000000000000000000000000000000000 mem_order_sha=9662e474b623c915 motion_cols_sha=0faf1bc59289c62e donor=None cover=exact:0,fallback:0,cycle:0,cross_seg:0 gate=none num_steps=10 act_sha=e1d107700f5def32 infer_ms=69.3
INFO:mme_vla_suite.serving.websocket_policy_server:TIMING infer_ms=69.3
INFO:mme_vla_suite.serving.websocket_policy_server:TIMING add_buffer_ms=1457.0 frames=16 exec_start_idx=0
MV_INFER cond=normal split=test task=VideoUnmaskSwap ep=5 ep_seq=11 infer_seq=39 t=722 es=114 k=43 motion_frames=0,16,32,48,64,80,114,130,146,162,178,194,210,226,242,258,274,290,306,322,338,354,370,386,402,418,434,450,466,482,498,514,530,546,562,578,594,610,626,642,658,674,690 motion_emb_sha=482d47d0b01d9510 motion_pos_sha=4c321b80a2e778a5 motion_mask=111111111111111111111111111111111111111111100000000000000000000000000000000000000000000000000000 mem_order_sha=779ddf72b580def5 motion_cols_sha=78b0865e1248c113 donor=None cover=exact:0,fallback:0,cycle:0,cross_seg:0 gate=none num_steps=10 act_sha=35db9975dfa8f6a2 infer_ms=69.2
INFO:mme_vla_suite.serving.websocket_policy_server:TIMING infer_ms=69.2
INFO:mme_vla_suite.serving.websocket_policy_server:TIMING add_buffer_ms=1456.7 frames=16 exec_start_idx=0
MV_INFER cond=normal split=test task=VideoUnmaskSwap ep=5 ep_seq=11 infer_seq=40 t=738 es=114 k=44 motion_frames=0,16,32,48,64,80,114,130,146,162,178,194,210,226,242,258,274,290,306,322,338,354,370,386,402,418,434,450,466,482,498,514,530,546,562,578,594,610,626,642,658,674,690,706 motion_emb_sha=1e0e0103931e5a68 motion_pos_sha=0297153351531daa motion_mask=111111111111111111111111111111111111111111110000000000000000000000000000000000000000000000000000 mem_order_sha=40166ba87744e340 motion_cols_sha=e738d8133285e097 donor=None cover=exact:0,fallback:0,cycle:0,cross_seg:0 gate=none num_steps=10 act_sha=c3a51830be00a536 infer_ms=69.6
INFO:mme_vla_suite.serving.websocket_policy_server:TIMING infer_ms=69.6
INFO:mme_vla_suite.serving.websocket_policy_server:TIMING add_buffer_ms=1458.3 frames=16 exec_start_idx=0
MV_INFER cond=normal split=test task=VideoUnmaskSwap ep=5 ep_seq=11 infer_seq=41 t=754 es=114 k=45 motion_frames=0,16,32,48,64,80,114,130,146,162,178,194,210,226,242,258,274,290,306,322,338,354,370,386,402,418,434,450,466,482,498,514,530,546,562,578,594,610,626,642,658,674,690,706,722 motion_emb_sha=4c9348b656d051a4 motion_pos_sha=3d00c6bebeee4d6b motion_mask=111111111111111111111111111111111111111111111000000000000000000000000000000000000000000000000000 mem_order_sha=ac51a1bd09d9b3dc motion_cols_sha=ee6546d364856f36 donor=None cover=exact:0,fallback:0,cycle:0,cross_seg:0 gate=none num_steps=10 act_sha=dc56a5e9595c182d infer_ms=69.5
INFO:mme_vla_suite.serving.websocket_policy_server:TIMING infer_ms=69.5
INFO:mme_vla_suite.serving.websocket_policy_server:TIMING add_buffer_ms=1458.0 frames=16 exec_start_idx=0
MV_INFER cond=normal split=test task=VideoUnmaskSwap ep=5 ep_seq=11 infer_seq=42 t=770 es=114 k=46 motion_frames=0,16,32,48,64,80,114,130,146,162,178,194,210,226,242,258,274,290,306,322,338,354,370,386,402,418,434,450,466,482,498,514,530,546,562,578,594,610,626,642,658,674,690,706,722,738 motion_emb_sha=7a899a1f6e3a5b8f motion_pos_sha=7d9b6448a0644d12 motion_mask=111111111111111111111111111111111111111111111100000000000000000000000000000000000000000000000000 mem_order_sha=07b356a0b988bd26 motion_cols_sha=e4ca59fb8cf6b258 donor=None cover=exact:0,fallback:0,cycle:0,cross_seg:0 gate=none num_steps=10 act_sha=77ae68eb0afa353f infer_ms=69.7
INFO:mme_vla_suite.serving.websocket_policy_server:TIMING infer_ms=69.7
INFO:mme_vla_suite.serving.websocket_policy_server:TIMING add_buffer_ms=1456.7 frames=16 exec_start_idx=0
MV_INFER cond=normal split=test task=VideoUnmaskSwap ep=5 ep_seq=11 infer_seq=43 t=786 es=114 k=47 motion_frames=0,16,32,48,64,80,114,130,146,162,178,194,210,226,242,258,274,290,306,322,338,354,370,386,402,418,434,450,466,482,498,514,530,546,562,578,594,610,626,642,658,674,690,706,722,738,754 motion_emb_sha=797a76dce577424f motion_pos_sha=47ff5233536f6783 motion_mask=111111111111111111111111111111111111111111111110000000000000000000000000000000000000000000000000 mem_order_sha=56366bc252c0055a motion_cols_sha=6b2b7e9f2f7e8ece donor=None cover=exact:0,fallback:0,cycle:0,cross_seg:0 gate=none num_steps=10 act_sha=e054b048bdcfd121 infer_ms=69.3
INFO:mme_vla_suite.serving.websocket_policy_server:TIMING infer_ms=69.3
INFO:mme_vla_suite.serving.websocket_policy_server:TIMING add_buffer_ms=1459.7 frames=16 exec_start_idx=0
MV_INFER cond=normal split=test task=VideoUnmaskSwap ep=5 ep_seq=11 infer_seq=44 t=802 es=114 k=48 motion_frames=0,16,32,48,64,80,114,130,146,162,178,194,210,226,242,258,274,290,306,322,338,354,370,386,402,418,434,450,466,482,498,514,530,546,562,578,594,610,626,642,658,674,690,706,722,738,754,770 motion_emb_sha=a292548d431d02b9 motion_pos_sha=3a56cf09a75dc0b4 motion_mask=111111111111111111111111111111111111111111111111000000000000000000000000000000000000000000000000 mem_order_sha=41f68824fa24eca0 motion_cols_sha=b4369eb188fc7e5f donor=None cover=exact:0,fallback:0,cycle:0,cross_seg:0 gate=none num_steps=10 act_sha=ec5afb253861492d infer_ms=69.6
INFO:mme_vla_suite.serving.websocket_policy_server:TIMING infer_ms=69.6
INFO:mme_vla_suite.serving.websocket_policy_server:TIMING add_buffer_ms=1456.7 frames=16 exec_start_idx=0
MV_INFER cond=normal split=test task=VideoUnmaskSwap ep=5 ep_seq=11 infer_seq=45 t=818 es=114 k=49 motion_frames=0,16,32,48,64,80,114,130,146,162,178,194,210,226,242,258,274,290,306,322,338,354,370,386,402,418,434,450,466,482,498,514,530,546,562,578,594,610,626,642,658,674,690,706,722,738,754,770,786 motion_emb_sha=9440772970a76f6c motion_pos_sha=13843ada0be77636 motion_mask=111111111111111111111111111111111111111111111111100000000000000000000000000000000000000000000000 mem_order_sha=60c16c435f0ad8f0 motion_cols_sha=9daa2835b81b6f76 donor=None cover=exact:0,fallback:0,cycle:0,cross_seg:0 gate=none num_steps=10 act_sha=8a3f5f4af26f1c7f infer_ms=69.3
INFO:mme_vla_suite.serving.websocket_policy_server:TIMING infer_ms=69.3
INFO:mme_vla_suite.serving.websocket_policy_server:TIMING add_buffer_ms=1453.3 frames=16 exec_start_idx=0
MV_INFER cond=normal split=test task=VideoUnmaskSwap ep=5 ep_seq=11 infer_seq=46 t=834 es=114 k=50 motion_frames=0,16,32,48,64,80,114,130,146,162,178,194,210,226,242,258,274,290,306,322,338,354,370,386,402,418,434,450,466,482,498,514,530,546,562,578,594,610,626,642,658,674,690,706,722,738,754,770,786,802 motion_emb_sha=9d4f133c010192c6 motion_pos_sha=819a68494cc6b062 motion_mask=111111111111111111111111111111111111111111111111110000000000000000000000000000000000000000000000 mem_order_sha=a88b75a1e693ecdd motion_cols_sha=7484410ffc741e26 donor=None cover=exact:0,fallback:0,cycle:0,cross_seg:0 gate=none num_steps=10 act_sha=43f623e9b5e66013 infer_ms=69.3
INFO:mme_vla_suite.serving.websocket_policy_server:TIMING infer_ms=69.3
INFO:mme_vla_suite.serving.websocket_policy_server:TIMING add_buffer_ms=1458.4 frames=16 exec_start_idx=0
MV_INFER cond=normal split=test task=VideoUnmaskSwap ep=5 ep_seq=11 infer_seq=47 t=850 es=114 k=51 motion_frames=0,16,32,48,64,80,114,130,146,162,178,194,210,226,242,258,274,290,306,322,338,354,370,386,402,418,434,450,466,482,498,514,530,546,562,578,594,610,626,642,658,674,690,706,722,738,754,770,786,802,818 motion_emb_sha=b08354318f6a975d motion_pos_sha=f152b06d3bf859a7 motion_mask=111111111111111111111111111111111111111111111111111000000000000000000000000000000000000000000000 mem_order_sha=c91702d0779b6d9a motion_cols_sha=3f670b6b83873138 donor=None cover=exact:0,fallback:0,cycle:0,cross_seg:0 gate=none num_steps=10 act_sha=8b3e46e066d94876 infer_ms=69.5
INFO:mme_vla_suite.serving.websocket_policy_server:TIMING infer_ms=69.5
INFO:mme_vla_suite.serving.websocket_policy_server:TIMING add_buffer_ms=1455.5 frames=16 exec_start_idx=0
MV_INFER cond=normal split=test task=VideoUnmaskSwap ep=5 ep_seq=11 infer_seq=48 t=866 es=114 k=52 motion_frames=0,16,32,48,64,80,114,130,146,162,178,194,210,226,242,258,274,290,306,322,338,354,370,386,402,418,434,450,466,482,498,514,530,546,562,578,594,610,626,642,658,674,690,706,722,738,754,770,786,802,818,834 motion_emb_sha=e5db2913962d7ae1 motion_pos_sha=4b20ab83ad26e973 motion_mask=111111111111111111111111111111111111111111111111111100000000000000000000000000000000000000000000 mem_order_sha=98aad9918dbabe49 motion_cols_sha=8c111b464e2545b4 donor=None cover=exact:0,fallback:0,cycle:0,cross_seg:0 gate=none num_steps=10 act_sha=d0d61862d31703d6 infer_ms=69.6
INFO:mme_vla_suite.serving.websocket_policy_server:TIMING infer_ms=69.6
INFO:mme_vla_suite.serving.websocket_policy_server:TIMING add_buffer_ms=1454.7 frames=16 exec_start_idx=0
MV_INFER cond=normal split=test task=VideoUnmaskSwap ep=5 ep_seq=11 infer_seq=49 t=882 es=114 k=53 motion_frames=0,16,32,48,64,80,114,130,146,162,178,194,210,226,242,258,274,290,306,322,338,354,370,386,402,418,434,450,466,482,498,514,530,546,562,578,594,610,626,642,658,674,690,706,722,738,754,770,786,802,818,834,850 motion_emb_sha=9f504ccd84dceab6 motion_pos_sha=fa9a452ac070a987 motion_mask=111111111111111111111111111111111111111111111111111110000000000000000000000000000000000000000000 mem_order_sha=e5a38de8aead414f motion_cols_sha=2ef65e70a4ed9492 donor=None cover=exact:0,fallback:0,cycle:0,cross_seg:0 gate=none num_steps=10 act_sha=faadfd3b8a5ca5a0 infer_ms=70.3
INFO:mme_vla_suite.serving.websocket_policy_server:TIMING infer_ms=70.3
INFO:mme_vla_suite.serving.websocket_policy_server:TIMING add_buffer_ms=1458.5 frames=16 exec_start_idx=0
MV_INFER cond=normal split=test task=VideoUnmaskSwap ep=5 ep_seq=11 infer_seq=50 t=898 es=114 k=54 motion_frames=0,16,32,48,64,80,114,130,146,162,178,194,210,226,242,258,274,290,306,322,338,354,370,386,402,418,434,450,466,482,498,514,530,546,562,578,594,610,626,642,658,674,690,706,722,738,754,770,786,802,818,834,850,866 motion_emb_sha=8e2106e9fbf2e62d motion_pos_sha=9dcba86ac2fad4d1 motion_mask=111111111111111111111111111111111111111111111111111111000000000000000000000000000000000000000000 mem_order_sha=f1b08357d67dad3a motion_cols_sha=2ee438815fa4742b donor=None cover=exact:0,fallback:0,cycle:0,cross_seg:0 gate=none num_steps=10 act_sha=ffc13e084cdbe5e8 infer_ms=69.4
INFO:mme_vla_suite.serving.websocket_policy_server:TIMING infer_ms=69.4
INFO:mme_vla_suite.serving.websocket_policy_server:TIMING add_buffer_ms=1455.8 frames=16 exec_start_idx=0
MV_INFER cond=normal split=test task=VideoUnmaskSwap ep=5 ep_seq=11 infer_seq=51 t=914 es=114 k=55 motion_frames=0,16,32,48,64,80,114,130,146,162,178,194,210,226,242,258,274,290,306,322,338,354,370,386,402,418,434,450,466,482,498,514,530,546,562,578,594,610,626,642,658,674,690,706,722,738,754,770,786,802,818,834,850,866,882 motion_emb_sha=6bd364995d9a15a8 motion_pos_sha=6ee1b5ff044ff5cb motion_mask=111111111111111111111111111111111111111111111111111111100000000000000000000000000000000000000000 mem_order_sha=8224669e500670e7 motion_cols_sha=718378567319b213 donor=None cover=exact:0,fallback:0,cycle:0,cross_seg:0 gate=none num_steps=10 act_sha=02ab34d11837df42 infer_ms=69.3
INFO:mme_vla_suite.serving.websocket_policy_server:TIMING infer_ms=69.3
INFO:mme_vla_suite.serving.websocket_policy_server:TIMING add_buffer_ms=1455.4 frames=16 exec_start_idx=0
MV_INFER cond=normal split=test task=VideoUnmaskSwap ep=5 ep_seq=11 infer_seq=52 t=930 es=114 k=56 motion_frames=0,16,32,48,64,80,114,130,146,162,178,194,210,226,242,258,274,290,306,322,338,354,370,386,402,418,434,450,466,482,498,514,530,546,562,578,594,610,626,642,658,674,690,706,722,738,754,770,786,802,818,834,850,866,882,898 motion_emb_sha=2432ea0e745b136b motion_pos_sha=7af51d62cae2e176 motion_mask=111111111111111111111111111111111111111111111111111111110000000000000000000000000000000000000000 mem_order_sha=2b5aeeda86acbd4c motion_cols_sha=6b8d54a9b713b9bb donor=None cover=exact:0,fallback:0,cycle:0,cross_seg:0 gate=none num_steps=10 act_sha=e73ab419dd11728b infer_ms=69.8
INFO:mme_vla_suite.serving.websocket_policy_server:TIMING infer_ms=69.8
INFO:mme_vla_suite.serving.websocket_policy_server:TIMING add_buffer_ms=1458.4 frames=16 exec_start_idx=0
MV_INFER cond=normal split=test task=VideoUnmaskSwap ep=5 ep_seq=11 infer_seq=53 t=946 es=114 k=57 motion_frames=0,16,32,48,64,80,114,130,146,162,178,194,210,226,242,258,274,290,306,322,338,354,370,386,402,418,434,450,466,482,498,514,530,546,562,578,594,610,626,642,658,674,690,706,722,738,754,770,786,802,818,834,850,866,882,898,914 motion_emb_sha=95b8245062d3cf05 motion_pos_sha=c522f0ba12b363ca motion_mask=111111111111111111111111111111111111111111111111111111111000000000000000000000000000000000000000 mem_order_sha=f518d61aaeb7b9a4 motion_cols_sha=7e7294586c095a3b donor=None cover=exact:0,fallback:0,cycle:0,cross_seg:0 gate=none num_steps=10 act_sha=69661b7a6f82c89c infer_ms=69.4
INFO:mme_vla_suite.serving.websocket_policy_server:TIMING infer_ms=69.4
INFO:mme_vla_suite.serving.websocket_policy_server:TIMING add_buffer_ms=1456.5 frames=16 exec_start_idx=0
MV_INFER cond=normal split=test task=VideoUnmaskSwap ep=5 ep_seq=11 infer_seq=54 t=962 es=114 k=58 motion_frames=0,16,32,48,64,80,114,130,146,162,178,194,210,226,242,258,274,290,306,322,338,354,370,386,402,418,434,450,466,482,498,514,530,546,562,578,594,610,626,642,658,674,690,706,722,738,754,770,786,802,818,834,850,866,882,898,914,930 motion_emb_sha=b9a650eab65761c2 motion_pos_sha=f7dd119b23a129e5 motion_mask=111111111111111111111111111111111111111111111111111111111100000000000000000000000000000000000000 mem_order_sha=7393759e909a4426 motion_cols_sha=390f291c89898410 donor=None cover=exact:0,fallback:0,cycle:0,cross_seg:0 gate=none num_steps=10 act_sha=7ed59aa93a8f963f infer_ms=69.4
INFO:mme_vla_suite.serving.websocket_policy_server:TIMING infer_ms=69.4
INFO:mme_vla_suite.serving.websocket_policy_server:TIMING add_buffer_ms=1454.6 frames=16 exec_start_idx=0
MV_INFER cond=normal split=test task=VideoUnmaskSwap ep=5 ep_seq=11 infer_seq=55 t=978 es=114 k=59 motion_frames=0,16,32,48,64,80,114,130,146,162,178,194,210,226,242,258,274,290,306,322,338,354,370,386,402,418,434,450,466,482,498,514,530,546,562,578,594,610,626,642,658,674,690,706,722,738,754,770,786,802,818,834,850,866,882,898,914,930,946 motion_emb_sha=ad1da318938202cc motion_pos_sha=dd4e7dcf16ea044a motion_mask=111111111111111111111111111111111111111111111111111111111110000000000000000000000000000000000000 mem_order_sha=a6d737f7e8bf2dbf motion_cols_sha=084cb2637a565d19 donor=None cover=exact:0,fallback:0,cycle:0,cross_seg:0 gate=none num_steps=10 act_sha=b56927b58783fe2a infer_ms=69.3
INFO:mme_vla_suite.serving.websocket_policy_server:TIMING infer_ms=69.3
INFO:mme_vla_suite.serving.websocket_policy_server:TIMING add_buffer_ms=1456.7 frames=16 exec_start_idx=0
MV_INFER cond=normal split=test task=VideoUnmaskSwap ep=5 ep_seq=11 infer_seq=56 t=994 es=114 k=60 motion_frames=0,16,32,48,64,80,114,130,146,162,178,194,210,226,242,258,274,290,306,322,338,354,370,386,402,418,434,450,466,482,498,514,530,546,562,578,594,610,626,642,658,674,690,706,722,738,754,770,786,802,818,834,850,866,882,898,914,930,946,962 motion_emb_sha=c4ae9f19bc774a36 motion_pos_sha=8a0a861294a5d416 motion_mask=111111111111111111111111111111111111111111111111111111111111000000000000000000000000000000000000 mem_order_sha=c6351d37ee6f0a46 motion_cols_sha=c8e32b5c1df81659 donor=None cover=exact:0,fallback:0,cycle:0,cross_seg:0 gate=none num_steps=10 act_sha=ca45f4b4ea922d36 infer_ms=69.8
INFO:mme_vla_suite.serving.websocket_policy_server:TIMING infer_ms=69.8
INFO:mme_vla_suite.serving.websocket_policy_server:TIMING add_buffer_ms=1456.3 frames=16 exec_start_idx=0
MV_INFER cond=normal split=test task=VideoUnmaskSwap ep=5 ep_seq=11 infer_seq=57 t=1010 es=114 k=61 motion_frames=0,16,32,48,64,80,114,130,146,162,178,194,210,226,242,258,274,290,306,322,338,354,370,386,402,418,434,450,466,482,498,514,530,546,562,578,594,610,626,642,658,674,690,706,722,738,754,770,786,802,818,834,850,866,882,898,914,930,946,962,978 motion_emb_sha=44dbf2003e153b25 motion_pos_sha=b2957c6b387c506c motion_mask=111111111111111111111111111111111111111111111111111111111111100000000000000000000000000000000000 mem_order_sha=c470f0270fec02a5 motion_cols_sha=a6adf83306a269f4 donor=None cover=exact:0,fallback:0,cycle:0,cross_seg:0 gate=none num_steps=10 act_sha=bb9fe2abd3be24a1 infer_ms=69.8
INFO:mme_vla_suite.serving.websocket_policy_server:TIMING infer_ms=69.8
INFO:mme_vla_suite.serving.websocket_policy_server:TIMING add_buffer_ms=1455.3 frames=16 exec_start_idx=0
MV_INFER cond=normal split=test task=VideoUnmaskSwap ep=5 ep_seq=11 infer_seq=58 t=1026 es=114 k=62 motion_frames=0,16,32,48,64,80,114,130,146,162,178,194,210,226,242,258,274,290,306,322,338,354,370,386,402,418,434,450,466,482,498,514,530,546,562,578,594,610,626,642,658,674,690,706,722,738,754,770,786,802,818,834,850,866,882,898,914,930,946,962,978,994 motion_emb_sha=963877c046be6630 motion_pos_sha=a9fd34c43ba73abf motion_mask=111111111111111111111111111111111111111111111111111111111111110000000000000000000000000000000000 mem_order_sha=5bb893874aabade9 motion_cols_sha=9e978042bcf2c4f2 donor=None cover=exact:0,fallback:0,cycle:0,cross_seg:0 gate=none num_steps=10 act_sha=c37a37f89057556a infer_ms=69.6
INFO:mme_vla_suite.serving.websocket_policy_server:TIMING infer_ms=69.6
INFO:mme_vla_suite.serving.websocket_policy_server:TIMING add_buffer_ms=1456.9 frames=16 exec_start_idx=0
MV_INFER cond=normal split=test task=VideoUnmaskSwap ep=5 ep_seq=11 infer_seq=59 t=1042 es=114 k=63 motion_frames=0,16,32,48,64,80,114,130,146,162,178,194,210,226,242,258,274,290,306,322,338,354,370,386,402,418,434,450,466,482,498,514,530,546,562,578,594,610,626,642,658,674,690,706,722,738,754,770,786,802,818,834,850,866,882,898,914,930,946,962,978,994,1010 motion_emb_sha=8c098fcee1b70622 motion_pos_sha=d65b7355b1e984f8 motion_mask=111111111111111111111111111111111111111111111111111111111111111000000000000000000000000000000000 mem_order_sha=0e81302bddf075e0 motion_cols_sha=5406ce1fc92c45d8 donor=None cover=exact:0,fallback:0,cycle:0,cross_seg:0 gate=none num_steps=10 act_sha=76edcc1bce401480 infer_ms=69.8
INFO:mme_vla_suite.serving.websocket_policy_server:TIMING infer_ms=69.8
INFO:mme_vla_suite.serving.websocket_policy_server:TIMING add_buffer_ms=1456.2 frames=16 exec_start_idx=0
MV_INFER cond=normal split=test task=VideoUnmaskSwap ep=5 ep_seq=11 infer_seq=60 t=1058 es=114 k=64 motion_frames=0,16,32,48,64,80,114,130,146,162,178,194,210,226,242,258,274,290,306,322,338,354,370,386,402,418,434,450,466,482,498,514,530,546,562,578,594,610,626,642,658,674,690,706,722,738,754,770,786,802,818,834,850,866,882,898,914,930,946,962,978,994,1010,1026 motion_emb_sha=d5cf50c8e72348b8 motion_pos_sha=68ce14714b4f8829 motion_mask=111111111111111111111111111111111111111111111111111111111111111100000000000000000000000000000000 mem_order_sha=7a19351f4376a305 motion_cols_sha=dc5bbe0df3d49ebb donor=None cover=exact:0,fallback:0,cycle:0,cross_seg:0 gate=none num_steps=10 act_sha=63a456109f65d374 infer_ms=69.6
INFO:mme_vla_suite.serving.websocket_policy_server:TIMING infer_ms=69.6
INFO:mme_vla_suite.serving.websocket_policy_server:TIMING add_buffer_ms=1460.3 frames=16 exec_start_idx=0
MV_INFER cond=normal split=test task=VideoUnmaskSwap ep=5 ep_seq=11 infer_seq=61 t=1074 es=114 k=65 motion_frames=0,16,32,48,64,80,114,130,146,162,178,194,210,226,242,258,274,290,306,322,338,354,370,386,402,418,434,450,466,482,498,514,530,546,562,578,594,610,626,642,658,674,690,706,722,738,754,770,786,802,818,834,850,866,882,898,914,930,946,962,978,994,1010,1026,1042 motion_emb_sha=c40d7c4d180506bc motion_pos_sha=e73a19af5e055851 motion_mask=111111111111111111111111111111111111111111111111111111111111111110000000000000000000000000000000 mem_order_sha=b601c04ef9e0dbc6 motion_cols_sha=890fca657d099dbf donor=None cover=exact:0,fallback:0,cycle:0,cross_seg:0 gate=none num_steps=10 act_sha=88979d9b8943312b infer_ms=70.0
INFO:mme_vla_suite.serving.websocket_policy_server:TIMING infer_ms=70.0
INFO:mme_vla_suite.serving.websocket_policy_server:TIMING add_buffer_ms=1461.0 frames=16 exec_start_idx=0
MV_INFER cond=normal split=test task=VideoUnmaskSwap ep=5 ep_seq=11 infer_seq=62 t=1090 es=114 k=66 motion_frames=0,16,32,48,64,80,114,130,146,162,178,194,210,226,242,258,274,290,306,322,338,354,370,386,402,418,434,450,466,482,498,514,530,546,562,578,594,610,626,642,658,674,690,706,722,738,754,770,786,802,818,834,850,866,882,898,914,930,946,962,978,994,1010,1026,1042,1058 motion_emb_sha=7d6ef7d51dea2ebf motion_pos_sha=fbb7ba53725d9caa motion_mask=111111111111111111111111111111111111111111111111111111111111111111000000000000000000000000000000 mem_order_sha=09d3f5b5dd76b6e9 motion_cols_sha=25c9a528ac0a9932 donor=None cover=exact:0,fallback:0,cycle:0,cross_seg:0 gate=none num_steps=10 act_sha=853567d05e5864c6 infer_ms=69.5
INFO:mme_vla_suite.serving.websocket_policy_server:TIMING infer_ms=69.5
INFO:mme_vla_suite.serving.websocket_policy_server:TIMING add_buffer_ms=1458.2 frames=16 exec_start_idx=0
MV_INFER cond=normal split=test task=VideoUnmaskSwap ep=5 ep_seq=11 infer_seq=63 t=1106 es=114 k=67 motion_frames=0,16,32,48,64,80,114,130,146,162,178,194,210,226,242,258,274,290,306,322,338,354,370,386,402,418,434,450,466,482,498,514,530,546,562,578,594,610,626,642,658,674,690,706,722,738,754,770,786,802,818,834,850,866,882,898,914,930,946,962,978,994,1010,1026,1042,1058,1074 motion_emb_sha=fa1c6a57be70ca4f motion_pos_sha=c285c2983f592cb4 motion_mask=111111111111111111111111111111111111111111111111111111111111111111100000000000000000000000000000 mem_order_sha=d286e2d851463be3 motion_cols_sha=c30c2969e0b64272 donor=None cover=exact:0,fallback:0,cycle:0,cross_seg:0 gate=none num_steps=10 act_sha=d11a9e52ff522f0d infer_ms=69.6
INFO:mme_vla_suite.serving.websocket_policy_server:TIMING infer_ms=69.6
INFO:mme_vla_suite.serving.websocket_policy_server:TIMING add_buffer_ms=1455.1 frames=16 exec_start_idx=0
MV_INFER cond=normal split=test task=VideoUnmaskSwap ep=5 ep_seq=11 infer_seq=64 t=1122 es=114 k=68 motion_frames=0,16,32,48,64,80,114,130,146,162,178,194,210,226,242,258,274,290,306,322,338,354,370,386,402,418,434,450,466,482,498,514,530,546,562,578,594,610,626,642,658,674,690,706,722,738,754,770,786,802,818,834,850,866,882,898,914,930,946,962,978,994,1010,1026,1042,1058,1074,1090 motion_emb_sha=cab8466e6d7ddbd4 motion_pos_sha=0d5d4ba65afa0857 motion_mask=111111111111111111111111111111111111111111111111111111111111111111110000000000000000000000000000 mem_order_sha=fcc8990fd6205a78 motion_cols_sha=bc81ec06115cc100 donor=None cover=exact:0,fallback:0,cycle:0,cross_seg:0 gate=none num_steps=10 act_sha=16f983b01b8e8d8a infer_ms=69.7
INFO:mme_vla_suite.serving.websocket_policy_server:TIMING infer_ms=69.7
INFO:mme_vla_suite.serving.websocket_policy_server:TIMING add_buffer_ms=1457.1 frames=16 exec_start_idx=0
MV_INFER cond=normal split=test task=VideoUnmaskSwap ep=5 ep_seq=11 infer_seq=65 t=1138 es=114 k=69 motion_frames=0,16,32,48,64,80,114,130,146,162,178,194,210,226,242,258,274,290,306,322,338,354,370,386,402,418,434,450,466,482,498,514,530,546,562,578,594,610,626,642,658,674,690,706,722,738,754,770,786,802,818,834,850,866,882,898,914,930,946,962,978,994,1010,1026,1042,1058,1074,1090,1106 motion_emb_sha=2007bc88fbce9ce3 motion_pos_sha=4a0dd34554d9b50a motion_mask=111111111111111111111111111111111111111111111111111111111111111111111000000000000000000000000000 mem_order_sha=b78b9750c97933d5 motion_cols_sha=5410c8f3de54e7b5 donor=None cover=exact:0,fallback:0,cycle:0,cross_seg:0 gate=none num_steps=10 act_sha=8ed24c586210ca96 infer_ms=69.7
INFO:mme_vla_suite.serving.websocket_policy_server:TIMING infer_ms=69.7
INFO:mme_vla_suite.serving.websocket_policy_server:TIMING add_buffer_ms=1456.7 frames=16 exec_start_idx=0
MV_INFER cond=normal split=test task=VideoUnmaskSwap ep=5 ep_seq=11 infer_seq=66 t=1154 es=114 k=70 motion_frames=0,16,32,48,64,80,114,130,146,162,178,194,210,226,242,258,274,290,306,322,338,354,370,386,402,418,434,450,466,482,498,514,530,546,562,578,594,610,626,642,658,674,690,706,722,738,754,770,786,802,818,834,850,866,882,898,914,930,946,962,978,994,1010,1026,1042,1058,1074,1090,1106,1122 motion_emb_sha=b0b3940e7f1ca0f5 motion_pos_sha=d453eb72041a7142 motion_mask=111111111111111111111111111111111111111111111111111111111111111111111100000000000000000000000000 mem_order_sha=3d108d5ca0c70839 motion_cols_sha=5c32357c7498011b donor=None cover=exact:0,fallback:0,cycle:0,cross_seg:0 gate=none num_steps=10 act_sha=4516b5b23757c489 infer_ms=69.4
INFO:mme_vla_suite.serving.websocket_policy_server:TIMING infer_ms=69.4
INFO:mme_vla_suite.serving.websocket_policy_server:TIMING add_buffer_ms=1455.8 frames=16 exec_start_idx=0
MV_INFER cond=normal split=test task=VideoUnmaskSwap ep=5 ep_seq=11 infer_seq=67 t=1170 es=114 k=71 motion_frames=0,16,32,48,64,80,114,130,146,162,178,194,210,226,242,258,274,290,306,322,338,354,370,386,402,418,434,450,466,482,498,514,530,546,562,578,594,610,626,642,658,674,690,706,722,738,754,770,786,802,818,834,850,866,882,898,914,930,946,962,978,994,1010,1026,1042,1058,1074,1090,1106,1122,1138 motion_emb_sha=27557b5142681105 motion_pos_sha=97be882eb7892516 motion_mask=111111111111111111111111111111111111111111111111111111111111111111111110000000000000000000000000 mem_order_sha=d8911d4dcb9816ff motion_cols_sha=63019f0fb3a31085 donor=None cover=exact:0,fallback:0,cycle:0,cross_seg:0 gate=none num_steps=10 act_sha=fac4be5985a2f21d infer_ms=69.4
INFO:mme_vla_suite.serving.websocket_policy_server:TIMING infer_ms=69.4
INFO:mme_vla_suite.serving.websocket_policy_server:TIMING add_buffer_ms=1456.6 frames=16 exec_start_idx=0
MV_INFER cond=normal split=test task=VideoUnmaskSwap ep=5 ep_seq=11 infer_seq=68 t=1186 es=114 k=72 motion_frames=0,16,32,48,64,80,114,130,146,162,178,194,210,226,242,258,274,290,306,322,338,354,370,386,402,418,434,450,466,482,498,514,530,546,562,578,594,610,626,642,658,674,690,706,722,738,754,770,786,802,818,834,850,866,882,898,914,930,946,962,978,994,1010,1026,1042,1058,1074,1090,1106,1122,1138,1154 motion_emb_sha=cfcc51222f8398b5 motion_pos_sha=527db4d19095e99e motion_mask=111111111111111111111111111111111111111111111111111111111111111111111111000000000000000000000000 mem_order_sha=5516fb617e9675da motion_cols_sha=e3ddf056c77d54cf donor=None cover=exact:0,fallback:0,cycle:0,cross_seg:0 gate=none num_steps=10 act_sha=1ebe056a9e4c3164 infer_ms=69.4
INFO:mme_vla_suite.serving.websocket_policy_server:TIMING infer_ms=69.4
INFO:mme_vla_suite.serving.websocket_policy_server:TIMING add_buffer_ms=1457.4 frames=16 exec_start_idx=0
MV_INFER cond=normal split=test task=VideoUnmaskSwap ep=5 ep_seq=11 infer_seq=69 t=1202 es=114 k=73 motion_frames=0,16,32,48,64,80,114,130,146,162,178,194,210,226,242,258,274,290,306,322,338,354,370,386,402,418,434,450,466,482,498,514,530,546,562,578,594,610,626,642,658,674,690,706,722,738,754,770,786,802,818,834,850,866,882,898,914,930,946,962,978,994,1010,1026,1042,1058,1074,1090,1106,1122,1138,1154,1170 motion_emb_sha=c74efd15d9c88696 motion_pos_sha=383919c7d9275935 motion_mask=111111111111111111111111111111111111111111111111111111111111111111111111100000000000000000000000 mem_order_sha=dd4fd2ca0f1412be motion_cols_sha=cb8841baebe24b96 donor=None cover=exact:0,fallback:0,cycle:0,cross_seg:0 gate=none num_steps=10 act_sha=2e100ee3adcbfc52 infer_ms=69.8
INFO:mme_vla_suite.serving.websocket_policy_server:TIMING infer_ms=69.8
INFO:mme_vla_suite.serving.websocket_policy_server:TIMING add_buffer_ms=1463.3 frames=16 exec_start_idx=0
MV_INFER cond=normal split=test task=VideoUnmaskSwap ep=5 ep_seq=11 infer_seq=70 t=1218 es=114 k=74 motion_frames=0,16,32,48,64,80,114,130,146,162,178,194,210,226,242,258,274,290,306,322,338,354,370,386,402,418,434,450,466,482,498,514,530,546,562,578,594,610,626,642,658,674,690,706,722,738,754,770,786,802,818,834,850,866,882,898,914,930,946,962,978,994,1010,1026,1042,1058,1074,1090,1106,1122,1138,1154,1170,1186 motion_emb_sha=e55be3660d8ac263 motion_pos_sha=12235208f272805b motion_mask=111111111111111111111111111111111111111111111111111111111111111111111111110000000000000000000000 mem_order_sha=85778cc66634e0bb motion_cols_sha=7119c3770b6a85f1 donor=None cover=exact:0,fallback:0,cycle:0,cross_seg:0 gate=none num_steps=10 act_sha=04bf84c4f161d3e3 infer_ms=70.0
INFO:mme_vla_suite.serving.websocket_policy_server:TIMING infer_ms=70.0
INFO:mme_vla_suite.serving.websocket_policy_server:TIMING add_buffer_ms=1460.0 frames=16 exec_start_idx=0
MV_INFER cond=normal split=test task=VideoUnmaskSwap ep=5 ep_seq=11 infer_seq=71 t=1234 es=114 k=75 motion_frames=0,16,32,48,64,80,114,130,146,162,178,194,210,226,242,258,274,290,306,322,338,354,370,386,402,418,434,450,466,482,498,514,530,546,562,578,594,610,626,642,658,674,690,706,722,738,754,770,786,802,818,834,850,866,882,898,914,930,946,962,978,994,1010,1026,1042,1058,1074,1090,1106,1122,1138,1154,1170,1186,1202 motion_emb_sha=23cf93c1a2ac05c5 motion_pos_sha=9f4b17a60400e4fc motion_mask=111111111111111111111111111111111111111111111111111111111111111111111111111000000000000000000000 mem_order_sha=074c503607dc30bc motion_cols_sha=09951f3ca1b1da54 donor=None cover=exact:0,fallback:0,cycle:0,cross_seg:0 gate=none num_steps=10 act_sha=9c958f1e3a7aee79 infer_ms=69.5
INFO:mme_vla_suite.serving.websocket_policy_server:TIMING infer_ms=69.5
INFO:mme_vla_suite.serving.websocket_policy_server:TIMING add_buffer_ms=1458.2 frames=16 exec_start_idx=0
MV_INFER cond=normal split=test task=VideoUnmaskSwap ep=5 ep_seq=11 infer_seq=72 t=1250 es=114 k=76 motion_frames=0,16,32,48,64,80,114,130,146,162,178,194,210,226,242,258,274,290,306,322,338,354,370,386,402,418,434,450,466,482,498,514,530,546,562,578,594,610,626,642,658,674,690,706,722,738,754,770,786,802,818,834,850,866,882,898,914,930,946,962,978,994,1010,1026,1042,1058,1074,1090,1106,1122,1138,1154,1170,1186,1202,1218 motion_emb_sha=889a8a55a8de1571 motion_pos_sha=4c4dc55fe685d879 motion_mask=111111111111111111111111111111111111111111111111111111111111111111111111111100000000000000000000 mem_order_sha=8cd7aba439834e45 motion_cols_sha=a73d0a5557f7a72b donor=None cover=exact:0,fallback:0,cycle:0,cross_seg:0 gate=none num_steps=10 act_sha=20d43a8ec4599d8f infer_ms=69.4
INFO:mme_vla_suite.serving.websocket_policy_server:TIMING infer_ms=69.4
INFO:mme_vla_suite.serving.websocket_policy_server:TIMING add_buffer_ms=1459.3 frames=16 exec_start_idx=0
MV_INFER cond=normal split=test task=VideoUnmaskSwap ep=5 ep_seq=11 infer_seq=73 t=1266 es=114 k=77 motion_frames=0,16,32,48,64,80,114,130,146,162,178,194,210,226,242,258,274,290,306,322,338,354,370,386,402,418,434,450,466,482,498,514,530,546,562,578,594,610,626,642,658,674,690,706,722,738,754,770,786,802,818,834,850,866,882,898,914,930,946,962,978,994,1010,1026,1042,1058,1074,1090,1106,1122,1138,1154,1170,1186,1202,1218,1234 motion_emb_sha=e84a5042386dea93 motion_pos_sha=99957af394a0cd40 motion_mask=111111111111111111111111111111111111111111111111111111111111111111111111111110000000000000000000 mem_order_sha=6e0418ca080114fb motion_cols_sha=349f431b2ac05d1c donor=None cover=exact:0,fallback:0,cycle:0,cross_seg:0 gate=none num_steps=10 act_sha=257020f4fac3a66a infer_ms=69.7
INFO:mme_vla_suite.serving.websocket_policy_server:TIMING infer_ms=69.7
INFO:mme_vla_suite.serving.websocket_policy_server:TIMING add_buffer_ms=1457.4 frames=16 exec_start_idx=0
MV_INFER cond=normal split=test task=VideoUnmaskSwap ep=5 ep_seq=11 infer_seq=74 t=1282 es=114 k=78 motion_frames=0,16,32,48,64,80,114,130,146,162,178,194,210,226,242,258,274,290,306,322,338,354,370,386,402,418,434,450,466,482,498,514,530,546,562,578,594,610,626,642,658,674,690,706,722,738,754,770,786,802,818,834,850,866,882,898,914,930,946,962,978,994,1010,1026,1042,1058,1074,1090,1106,1122,1138,1154,1170,1186,1202,1218,1234,1250 motion_emb_sha=9774130a11ee860e motion_pos_sha=8fc4975e122f2733 motion_mask=111111111111111111111111111111111111111111111111111111111111111111111111111111000000000000000000 mem_order_sha=b0143d1b23e234a9 motion_cols_sha=558cbd0ddb85b838 donor=None cover=exact:0,fallback:0,cycle:0,cross_seg:0 gate=none num_steps=10 act_sha=eae2bc7e37232b91 infer_ms=69.9
INFO:mme_vla_suite.serving.websocket_policy_server:TIMING infer_ms=69.9
INFO:mme_vla_suite.serving.websocket_policy_server:TIMING add_buffer_ms=1461.2 frames=16 exec_start_idx=0
MV_INFER cond=normal split=test task=VideoUnmaskSwap ep=5 ep_seq=11 infer_seq=75 t=1298 es=114 k=79 motion_frames=0,16,32,48,64,80,114,130,146,162,178,194,210,226,242,258,274,290,306,322,338,354,370,386,402,418,434,450,466,482,498,514,530,546,562,578,594,610,626,642,658,674,690,706,722,738,754,770,786,802,818,834,850,866,882,898,914,930,946,962,978,994,1010,1026,1042,1058,1074,1090,1106,1122,1138,1154,1170,1186,1202,1218,1234,1250,1266 motion_emb_sha=e3972470a7339a6e motion_pos_sha=567963ae10e3382c motion_mask=111111111111111111111111111111111111111111111111111111111111111111111111111111100000000000000000 mem_order_sha=a013b0d82bc0d97a motion_cols_sha=547a1ac4654c286c donor=None cover=exact:0,fallback:0,cycle:0,cross_seg:0 gate=none num_steps=10 act_sha=a75a63d3c5a04860 infer_ms=69.4
INFO:mme_vla_suite.serving.websocket_policy_server:TIMING infer_ms=69.4
INFO:mme_vla_suite.serving.websocket_policy_server:TIMING add_buffer_ms=1454.8 frames=16 exec_start_idx=0
MV_INFER cond=normal split=test task=VideoUnmaskSwap ep=5 ep_seq=11 infer_seq=76 t=1314 es=114 k=80 motion_frames=0,16,32,48,64,80,114,130,146,162,178,194,210,226,242,258,274,290,306,322,338,354,370,386,402,418,434,450,466,482,498,514,530,546,562,578,594,610,626,642,658,674,690,706,722,738,754,770,786,802,818,834,850,866,882,898,914,930,946,962,978,994,1010,1026,1042,1058,1074,1090,1106,1122,1138,1154,1170,1186,1202,1218,1234,1250,1266,1282 motion_emb_sha=70bf677306b0c9a9 motion_pos_sha=a3d8510f95d0cf8a motion_mask=111111111111111111111111111111111111111111111111111111111111111111111111111111110000000000000000 mem_order_sha=18eb7627810dd2df motion_cols_sha=04567d6627fae1ff donor=None cover=exact:0,fallback:0,cycle:0,cross_seg:0 gate=none num_steps=10 act_sha=462c325bad3f7e9a infer_ms=69.6
INFO:mme_vla_suite.serving.websocket_policy_server:TIMING infer_ms=69.6
INFO:mme_vla_suite.serving.websocket_policy_server:TIMING add_buffer_ms=1455.9 frames=16 exec_start_idx=0
MV_INFER cond=normal split=test task=VideoUnmaskSwap ep=5 ep_seq=11 infer_seq=77 t=1330 es=114 k=81 motion_frames=0,16,32,48,64,80,114,130,146,162,178,194,210,226,242,258,274,290,306,322,338,354,370,386,402,418,434,450,466,482,498,514,530,546,562,578,594,610,626,642,658,674,690,706,722,738,754,770,786,802,818,834,850,866,882,898,914,930,946,962,978,994,1010,1026,1042,1058,1074,1090,1106,1122,1138,1154,1170,1186,1202,1218,1234,1250,1266,1282,1298 motion_emb_sha=e855976d2ccc37f9 motion_pos_sha=ca9f496c3be9badc motion_mask=111111111111111111111111111111111111111111111111111111111111111111111111111111111000000000000000 mem_order_sha=f0a301b992be137a motion_cols_sha=eea74de565fbc1e4 donor=None cover=exact:0,fallback:0,cycle:0,cross_seg:0 gate=none num_steps=10 act_sha=059fd2b2f24816aa infer_ms=69.5
INFO:mme_vla_suite.serving.websocket_policy_server:TIMING infer_ms=69.5
INFO:mme_vla_suite.serving.websocket_policy_server:TIMING add_buffer_ms=1456.2 frames=16 exec_start_idx=0
MV_INFER cond=normal split=test task=VideoUnmaskSwap ep=5 ep_seq=11 infer_seq=78 t=1346 es=114 k=82 motion_frames=0,16,32,48,64,80,114,130,146,162,178,194,210,226,242,258,274,290,306,322,338,354,370,386,402,418,434,450,466,482,498,514,530,546,562,578,594,610,626,642,658,674,690,706,722,738,754,770,786,802,818,834,850,866,882,898,914,930,946,962,978,994,1010,1026,1042,1058,1074,1090,1106,1122,1138,1154,1170,1186,1202,1218,1234,1250,1266,1282,1298,1314 motion_emb_sha=dbd50445afeb7df4 motion_pos_sha=d707aaff7f4b15c5 motion_mask=111111111111111111111111111111111111111111111111111111111111111111111111111111111100000000000000 mem_order_sha=c75f757d03a3b100 motion_cols_sha=1058626bcd238dcb donor=None cover=exact:0,fallback:0,cycle:0,cross_seg:0 gate=none num_steps=10 act_sha=2223d45bc69c2633 infer_ms=69.9
INFO:mme_vla_suite.serving.websocket_policy_server:TIMING infer_ms=69.9
[sidecar pid=832983] 窗 #901 起点 1330 耗时 1422 ms（累计 1686s）
INFO:mme_vla_suite.serving.websocket_policy_server:TIMING add_buffer_ms=1467.6 frames=16 exec_start_idx=0
MV_INFER cond=normal split=test task=VideoUnmaskSwap ep=5 ep_seq=11 infer_seq=79 t=1362 es=114 k=83 motion_frames=0,16,32,48,64,80,114,130,146,162,178,194,210,226,242,258,274,290,306,322,338,354,370,386,402,418,434,450,466,482,498,514,530,546,562,578,594,610,626,642,658,674,690,706,722,738,754,770,786,802,818,834,850,866,882,898,914,930,946,962,978,994,1010,1026,1042,1058,1074,1090,1106,1122,1138,1154,1170,1186,1202,1218,1234,1250,1266,1282,1298,1314,1330 motion_emb_sha=9c4398b0c27ba30a motion_pos_sha=390c1aecdbc04220 motion_mask=111111111111111111111111111111111111111111111111111111111111111111111111111111111110000000000000 mem_order_sha=a253d88d1c76f054 motion_cols_sha=6186e96835cf6af8 donor=None cover=exact:0,fallback:0,cycle:0,cross_seg:0 gate=none num_steps=10 act_sha=d32c1d69c400a370 infer_ms=69.6
INFO:mme_vla_suite.serving.websocket_policy_server:TIMING infer_ms=69.6
INFO:mme_vla_suite.serving.websocket_policy_server:TIMING add_buffer_ms=1466.4 frames=16 exec_start_idx=0
MV_INFER cond=normal split=test task=VideoUnmaskSwap ep=5 ep_seq=11 infer_seq=80 t=1378 es=114 k=84 motion_frames=0,16,32,48,64,80,114,130,146,162,178,194,210,226,242,258,274,290,306,322,338,354,370,386,402,418,434,450,466,482,498,514,530,546,562,578,594,610,626,642,658,674,690,706,722,738,754,770,786,802,818,834,850,866,882,898,914,930,946,962,978,994,1010,1026,1042,1058,1074,1090,1106,1122,1138,1154,1170,1186,1202,1218,1234,1250,1266,1282,1298,1314,1330,1346 motion_emb_sha=f25c0ca45f88d512 motion_pos_sha=972b29306a14f297 motion_mask=111111111111111111111111111111111111111111111111111111111111111111111111111111111111000000000000 mem_order_sha=99f995d40151631c motion_cols_sha=07f3abed5d8aad7a donor=None cover=exact:0,fallback:0,cycle:0,cross_seg:0 gate=none num_steps=10 act_sha=752ee55e1c6f2561 infer_ms=69.4
INFO:mme_vla_suite.serving.websocket_policy_server:TIMING infer_ms=69.4
INFO:mme_vla_suite.serving.websocket_policy_server:TIMING add_buffer_ms=1456.3 frames=16 exec_start_idx=0
MV_INFER cond=normal split=test task=VideoUnmaskSwap ep=5 ep_seq=11 infer_seq=81 t=1394 es=114 k=85 motion_frames=0,16,32,48,64,80,114,130,146,162,178,194,210,226,242,258,274,290,306,322,338,354,370,386,402,418,434,450,466,482,498,514,530,546,562,578,594,610,626,642,658,674,690,706,722,738,754,770,786,802,818,834,850,866,882,898,914,930,946,962,978,994,1010,1026,1042,1058,1074,1090,1106,1122,1138,1154,1170,1186,1202,1218,1234,1250,1266,1282,1298,1314,1330,1346,1362 motion_emb_sha=f5750cfe210ea6be motion_pos_sha=ca5661e011e4ec66 motion_mask=111111111111111111111111111111111111111111111111111111111111111111111111111111111111100000000000 mem_order_sha=b95b715cf5b00f32 motion_cols_sha=e1331bed6f538313 donor=None cover=exact:0,fallback:0,cycle:0,cross_seg:0 gate=none num_steps=10 act_sha=0eefe0a572ebb7be infer_ms=69.8
INFO:mme_vla_suite.serving.websocket_policy_server:TIMING infer_ms=69.8
INFO:mme_vla_suite.serving.websocket_policy_server:TIMING add_buffer_ms=1460.4 frames=16 exec_start_idx=0
MV_INFER cond=normal split=test task=VideoUnmaskSwap ep=5 ep_seq=11 infer_seq=82 t=1410 es=114 k=86 motion_frames=0,16,32,48,64,80,114,130,146,162,178,194,210,226,242,258,274,290,306,322,338,354,370,386,402,418,434,450,466,482,498,514,530,546,562,578,594,610,626,642,658,674,690,706,722,738,754,770,786,802,818,834,850,866,882,898,914,930,946,962,978,994,1010,1026,1042,1058,1074,1090,1106,1122,1138,1154,1170,1186,1202,1218,1234,1250,1266,1282,1298,1314,1330,1346,1362,1378 motion_emb_sha=5058453f718981c5 motion_pos_sha=332d81d88e0e0c6c motion_mask=111111111111111111111111111111111111111111111111111111111111111111111111111111111111110000000000 mem_order_sha=b7322e612b80f396 motion_cols_sha=db6c8e823496a7b5 donor=None cover=exact:0,fallback:0,cycle:0,cross_seg:0 gate=none num_steps=10 act_sha=4a230dbf25acecb8 infer_ms=69.4
INFO:mme_vla_suite.serving.websocket_policy_server:TIMING infer_ms=69.4
INFO:websockets.server:connection open
INFO:mme_vla_suite.serving.websocket_policy_server:Connection from ('127.0.0.1', 33020) opened
MV_EPISODE_END ep_seq=11 infers=82 windows=86 wall_s=158.5
MV_EPISODE_BEGIN cond=normal split=test seed=42 ep_seq=12 expect=VideoUnmaskSwap:9
INFO:mme_vla_suite.serving.websocket_policy_server:TIMING add_buffer_ms=8788.9 frames=115 exec_start_idx=114
MV_INFER cond=normal split=test task=VideoUnmaskSwap ep=9 ep_seq=12 infer_seq=1 t=114 es=114 k=6 motion_frames=0,16,32,48,64,80 motion_emb_sha=e54c1314d4073d13 motion_pos_sha=9c9d9e6cd7cfd81a motion_mask=111111000000000000000000000000000000000000000000000000000000000000000000000000000000000000000000 mem_order_sha=d36f51905708ac80 motion_cols_sha=eab04c7668b73587 donor=None cover=exact:0,fallback:0,cycle:0,cross_seg:0 gate=none num_steps=10 act_sha=72c1d11d36e2b49c infer_ms=69.6
INFO:mme_vla_suite.serving.websocket_policy_server:TIMING infer_ms=69.6
INFO:mme_vla_suite.serving.websocket_policy_server:TIMING add_buffer_ms=39.9 frames=16 exec_start_idx=0
MV_INFER cond=normal split=test task=VideoUnmaskSwap ep=9 ep_seq=12 infer_seq=2 t=130 es=114 k=6 motion_frames=0,16,32,48,64,80 motion_emb_sha=e54c1314d4073d13 motion_pos_sha=9c9d9e6cd7cfd81a motion_mask=111111000000000000000000000000000000000000000000000000000000000000000000000000000000000000000000 mem_order_sha=7007fc3c1dfa653a motion_cols_sha=28e39a69873dfa7b donor=None cover=exact:0,fallback:0,cycle:0,cross_seg:0 gate=none num_steps=10 act_sha=d71c8497c6039ef5 infer_ms=69.3
INFO:mme_vla_suite.serving.websocket_policy_server:TIMING infer_ms=69.3
INFO:mme_vla_suite.serving.websocket_policy_server:TIMING add_buffer_ms=1456.3 frames=16 exec_start_idx=0
MV_INFER cond=normal split=test task=VideoUnmaskSwap ep=9 ep_seq=12 infer_seq=3 t=146 es=114 k=7 motion_frames=0,16,32,48,64,80,114 motion_emb_sha=96a29a5d70d3c22a motion_pos_sha=b4b410928208f83b motion_mask=111111100000000000000000000000000000000000000000000000000000000000000000000000000000000000000000 mem_order_sha=4ac94306787a1e74 motion_cols_sha=e34f74d7199032b1 donor=None cover=exact:0,fallback:0,cycle:0,cross_seg:0 gate=none num_steps=10 act_sha=7a007d4a47cc1eb3 infer_ms=69.3
INFO:mme_vla_suite.serving.websocket_policy_server:TIMING infer_ms=69.3
INFO:mme_vla_suite.serving.websocket_policy_server:TIMING add_buffer_ms=1456.1 frames=16 exec_start_idx=0
MV_INFER cond=normal split=test task=VideoUnmaskSwap ep=9 ep_seq=12 infer_seq=4 t=162 es=114 k=8 motion_frames=0,16,32,48,64,80,114,130 motion_emb_sha=18458edf3b58ddad motion_pos_sha=e5614c1edb737a0a motion_mask=111111110000000000000000000000000000000000000000000000000000000000000000000000000000000000000000 mem_order_sha=5e3d9f2e2ea03be0 motion_cols_sha=0cd829adf9fb2ea4 donor=None cover=exact:0,fallback:0,cycle:0,cross_seg:0 gate=none num_steps=10 act_sha=af2b5c4cb15a93b4 infer_ms=69.2
INFO:mme_vla_suite.serving.websocket_policy_server:TIMING infer_ms=69.2
INFO:mme_vla_suite.serving.websocket_policy_server:TIMING add_buffer_ms=1459.7 frames=16 exec_start_idx=0
MV_INFER cond=normal split=test task=VideoUnmaskSwap ep=9 ep_seq=12 infer_seq=5 t=178 es=114 k=9 motion_frames=0,16,32,48,64,80,114,130,146 motion_emb_sha=a635095f09e6d826 motion_pos_sha=4042b1ed7883865f motion_mask=111111111000000000000000000000000000000000000000000000000000000000000000000000000000000000000000 mem_order_sha=acd110092957cbc3 motion_cols_sha=357ed6ec0fb3696e donor=None cover=exact:0,fallback:0,cycle:0,cross_seg:0 gate=none num_steps=10 act_sha=0cc791e3f532e1eb infer_ms=69.3
INFO:mme_vla_suite.serving.websocket_policy_server:TIMING infer_ms=69.3
INFO:mme_vla_suite.serving.websocket_policy_server:TIMING add_buffer_ms=1456.8 frames=16 exec_start_idx=0
MV_INFER cond=normal split=test task=VideoUnmaskSwap ep=9 ep_seq=12 infer_seq=6 t=194 es=114 k=10 motion_frames=0,16,32,48,64,80,114,130,146,162 motion_emb_sha=3e875aceb7e747d3 motion_pos_sha=6be0174f30038cfc motion_mask=111111111100000000000000000000000000000000000000000000000000000000000000000000000000000000000000 mem_order_sha=867342d4f26462c0 motion_cols_sha=b3ab74e231455d73 donor=None cover=exact:0,fallback:0,cycle:0,cross_seg:0 gate=none num_steps=10 act_sha=b89190044e713056 infer_ms=69.5
INFO:mme_vla_suite.serving.websocket_policy_server:TIMING infer_ms=69.5
INFO:mme_vla_suite.serving.websocket_policy_server:TIMING add_buffer_ms=1459.5 frames=16 exec_start_idx=0
MV_INFER cond=normal split=test task=VideoUnmaskSwap ep=9 ep_seq=12 infer_seq=7 t=210 es=114 k=11 motion_frames=0,16,32,48,64,80,114,130,146,162,178 motion_emb_sha=428d2f48a11102e7 motion_pos_sha=7ba3bff4c8703a30 motion_mask=111111111110000000000000000000000000000000000000000000000000000000000000000000000000000000000000 mem_order_sha=2fdbc05fbe4c5192 motion_cols_sha=ca0a097bc6347240 donor=None cover=exact:0,fallback:0,cycle:0,cross_seg:0 gate=none num_steps=10 act_sha=bfac59b8acebb41d infer_ms=69.2
INFO:mme_vla_suite.serving.websocket_policy_server:TIMING infer_ms=69.2
INFO:mme_vla_suite.serving.websocket_policy_server:TIMING add_buffer_ms=1459.2 frames=16 exec_start_idx=0
MV_INFER cond=normal split=test task=VideoUnmaskSwap ep=9 ep_seq=12 infer_seq=8 t=226 es=114 k=12 motion_frames=0,16,32,48,64,80,114,130,146,162,178,194 motion_emb_sha=1ecc26e7427d0d45 motion_pos_sha=6a7ecdc5c37e4528 motion_mask=111111111111000000000000000000000000000000000000000000000000000000000000000000000000000000000000 mem_order_sha=7c16a006f35c4c72 motion_cols_sha=00d94b8204a2fa5f donor=None cover=exact:0,fallback:0,cycle:0,cross_seg:0 gate=none num_steps=10 act_sha=a5b81db27a29d2ed infer_ms=69.6
INFO:mme_vla_suite.serving.websocket_policy_server:TIMING infer_ms=69.6
INFO:mme_vla_suite.serving.websocket_policy_server:TIMING add_buffer_ms=1459.1 frames=16 exec_start_idx=0
MV_INFER cond=normal split=test task=VideoUnmaskSwap ep=9 ep_seq=12 infer_seq=9 t=242 es=114 k=13 motion_frames=0,16,32,48,64,80,114,130,146,162,178,194,210 motion_emb_sha=7c35024634110ba8 motion_pos_sha=bcb604f4d20266bd motion_mask=111111111111100000000000000000000000000000000000000000000000000000000000000000000000000000000000 mem_order_sha=3c139deaac7ee550 motion_cols_sha=183cf53ca4443ccf donor=None cover=exact:0,fallback:0,cycle:0,cross_seg:0 gate=none num_steps=10 act_sha=e94aa5071154853d infer_ms=69.4
INFO:mme_vla_suite.serving.websocket_policy_server:TIMING infer_ms=69.4
INFO:mme_vla_suite.serving.websocket_policy_server:TIMING add_buffer_ms=1464.3 frames=16 exec_start_idx=0
MV_INFER cond=normal split=test task=VideoUnmaskSwap ep=9 ep_seq=12 infer_seq=10 t=258 es=114 k=14 motion_frames=0,16,32,48,64,80,114,130,146,162,178,194,210,226 motion_emb_sha=5f9b3ebb2085bf6c motion_pos_sha=b6db37043a3d6db3 motion_mask=111111111111110000000000000000000000000000000000000000000000000000000000000000000000000000000000 mem_order_sha=16cde8b1342ac838 motion_cols_sha=399bcb6add4523f8 donor=None cover=exact:0,fallback:0,cycle:0,cross_seg:0 gate=none num_steps=10 act_sha=1b3e5519c928d692 infer_ms=69.7
INFO:mme_vla_suite.serving.websocket_policy_server:TIMING infer_ms=69.7
INFO:mme_vla_suite.serving.websocket_policy_server:TIMING add_buffer_ms=1457.1 frames=16 exec_start_idx=0
MV_INFER cond=normal split=test task=VideoUnmaskSwap ep=9 ep_seq=12 infer_seq=11 t=274 es=114 k=15 motion_frames=0,16,32,48,64,80,114,130,146,162,178,194,210,226,242 motion_emb_sha=9e3e06dedeb141e9 motion_pos_sha=3f970f59907038d2 motion_mask=111111111111111000000000000000000000000000000000000000000000000000000000000000000000000000000000 mem_order_sha=1475b74e88eec47b motion_cols_sha=63f52d1c2283f5f4 donor=None cover=exact:0,fallback:0,cycle:0,cross_seg:0 gate=none num_steps=10 act_sha=bbca516e7298f85e infer_ms=69.4
INFO:mme_vla_suite.serving.websocket_policy_server:TIMING infer_ms=69.4
INFO:mme_vla_suite.serving.websocket_policy_server:TIMING add_buffer_ms=1457.5 frames=16 exec_start_idx=0
MV_INFER cond=normal split=test task=VideoUnmaskSwap ep=9 ep_seq=12 infer_seq=12 t=290 es=114 k=16 motion_frames=0,16,32,48,64,80,114,130,146,162,178,194,210,226,242,258 motion_emb_sha=55796b5fd2f7ac9a motion_pos_sha=9c707b6e5d202329 motion_mask=111111111111111100000000000000000000000000000000000000000000000000000000000000000000000000000000 mem_order_sha=d891be75af05f8bf motion_cols_sha=2ff151adef6d8f65 donor=None cover=exact:0,fallback:0,cycle:0,cross_seg:0 gate=none num_steps=10 act_sha=c70c301e401da31d infer_ms=70.0
INFO:mme_vla_suite.serving.websocket_policy_server:TIMING infer_ms=70.0
INFO:mme_vla_suite.serving.websocket_policy_server:TIMING add_buffer_ms=1459.7 frames=16 exec_start_idx=0
MV_INFER cond=normal split=test task=VideoUnmaskSwap ep=9 ep_seq=12 infer_seq=13 t=306 es=114 k=17 motion_frames=0,16,32,48,64,80,114,130,146,162,178,194,210,226,242,258,274 motion_emb_sha=18c47c5c7950b266 motion_pos_sha=619ec0c00c66c727 motion_mask=111111111111111110000000000000000000000000000000000000000000000000000000000000000000000000000000 mem_order_sha=6661491522e6c6b0 motion_cols_sha=2cd5ad5a97261e6c donor=None cover=exact:0,fallback:0,cycle:0,cross_seg:0 gate=none num_steps=10 act_sha=5eb8660434c03a5b infer_ms=69.2
INFO:mme_vla_suite.serving.websocket_policy_server:TIMING infer_ms=69.2
INFO:mme_vla_suite.serving.websocket_policy_server:TIMING add_buffer_ms=1462.4 frames=16 exec_start_idx=0
MV_INFER cond=normal split=test task=VideoUnmaskSwap ep=9 ep_seq=12 infer_seq=14 t=322 es=114 k=18 motion_frames=0,16,32,48,64,80,114,130,146,162,178,194,210,226,242,258,274,290 motion_emb_sha=518efdadc4be0349 motion_pos_sha=32da50d3a6b2f742 motion_mask=111111111111111111000000000000000000000000000000000000000000000000000000000000000000000000000000 mem_order_sha=31a622feb6e913d8 motion_cols_sha=8668befca9c72ef8 donor=None cover=exact:0,fallback:0,cycle:0,cross_seg:0 gate=none num_steps=10 act_sha=4a632407bcbabcd8 infer_ms=69.5
INFO:mme_vla_suite.serving.websocket_policy_server:TIMING infer_ms=69.5
INFO:mme_vla_suite.serving.websocket_policy_server:TIMING add_buffer_ms=1458.2 frames=16 exec_start_idx=0
MV_INFER cond=normal split=test task=VideoUnmaskSwap ep=9 ep_seq=12 infer_seq=15 t=338 es=114 k=19 motion_frames=0,16,32,48,64,80,114,130,146,162,178,194,210,226,242,258,274,290,306 motion_emb_sha=fe9ec53509860419 motion_pos_sha=678a9e91c6890cba motion_mask=111111111111111111100000000000000000000000000000000000000000000000000000000000000000000000000000 mem_order_sha=f8b6785ad0881e00 motion_cols_sha=955aea59c838e681 donor=None cover=exact:0,fallback:0,cycle:0,cross_seg:0 gate=none num_steps=10 act_sha=6dc73ceaf4a1ea6d infer_ms=69.2
INFO:mme_vla_suite.serving.websocket_policy_server:TIMING infer_ms=69.2
INFO:mme_vla_suite.serving.websocket_policy_server:TIMING add_buffer_ms=1455.3 frames=16 exec_start_idx=0
MV_INFER cond=normal split=test task=VideoUnmaskSwap ep=9 ep_seq=12 infer_seq=16 t=354 es=114 k=20 motion_frames=0,16,32,48,64,80,114,130,146,162,178,194,210,226,242,258,274,290,306,322 motion_emb_sha=4bf52868e3b08466 motion_pos_sha=31ada7c03fa74e42 motion_mask=111111111111111111110000000000000000000000000000000000000000000000000000000000000000000000000000 mem_order_sha=66b9a949ea82b80d motion_cols_sha=bb3b372125ec1a89 donor=None cover=exact:0,fallback:0,cycle:0,cross_seg:0 gate=none num_steps=10 act_sha=5d8315f96ad756f8 infer_ms=70.3
INFO:mme_vla_suite.serving.websocket_policy_server:TIMING infer_ms=70.3
INFO:mme_vla_suite.serving.websocket_policy_server:TIMING add_buffer_ms=1458.1 frames=16 exec_start_idx=0
MV_INFER cond=normal split=test task=VideoUnmaskSwap ep=9 ep_seq=12 infer_seq=17 t=370 es=114 k=21 motion_frames=0,16,32,48,64,80,114,130,146,162,178,194,210,226,242,258,274,290,306,322,338 motion_emb_sha=d818e6a43fbabef7 motion_pos_sha=eec76fb64edc1b6c motion_mask=111111111111111111111000000000000000000000000000000000000000000000000000000000000000000000000000 mem_order_sha=d8b12010e198288f motion_cols_sha=e194cec7d326ae3b donor=None cover=exact:0,fallback:0,cycle:0,cross_seg:0 gate=none num_steps=10 act_sha=a69c261c2072cc06 infer_ms=69.6
INFO:mme_vla_suite.serving.websocket_policy_server:TIMING infer_ms=69.6
INFO:mme_vla_suite.serving.websocket_policy_server:TIMING add_buffer_ms=1461.7 frames=16 exec_start_idx=0
MV_INFER cond=normal split=test task=VideoUnmaskSwap ep=9 ep_seq=12 infer_seq=18 t=386 es=114 k=22 motion_frames=0,16,32,48,64,80,114,130,146,162,178,194,210,226,242,258,274,290,306,322,338,354 motion_emb_sha=a49eec68e5ddb23a motion_pos_sha=c44aefa43fc22f83 motion_mask=111111111111111111111100000000000000000000000000000000000000000000000000000000000000000000000000 mem_order_sha=77181a4555f13dd8 motion_cols_sha=63f9c02960f84edf donor=None cover=exact:0,fallback:0,cycle:0,cross_seg:0 gate=none num_steps=10 act_sha=e9419eb5cb732a48 infer_ms=69.7
INFO:mme_vla_suite.serving.websocket_policy_server:TIMING infer_ms=69.7
INFO:mme_vla_suite.serving.websocket_policy_server:TIMING add_buffer_ms=1457.1 frames=16 exec_start_idx=0
MV_INFER cond=normal split=test task=VideoUnmaskSwap ep=9 ep_seq=12 infer_seq=19 t=402 es=114 k=23 motion_frames=0,16,32,48,64,80,114,130,146,162,178,194,210,226,242,258,274,290,306,322,338,354,370 motion_emb_sha=8ce2f36030438e89 motion_pos_sha=472ca69a64113d34 motion_mask=111111111111111111111110000000000000000000000000000000000000000000000000000000000000000000000000 mem_order_sha=f7fb04810b467ed0 motion_cols_sha=b4b3436e380ec288 donor=None cover=exact:0,fallback:0,cycle:0,cross_seg:0 gate=none num_steps=10 act_sha=1ebc7d32cbfa0881 infer_ms=69.6
INFO:mme_vla_suite.serving.websocket_policy_server:TIMING infer_ms=69.6
INFO:mme_vla_suite.serving.websocket_policy_server:TIMING add_buffer_ms=1457.6 frames=16 exec_start_idx=0
MV_INFER cond=normal split=test task=VideoUnmaskSwap ep=9 ep_seq=12 infer_seq=20 t=418 es=114 k=24 motion_frames=0,16,32,48,64,80,114,130,146,162,178,194,210,226,242,258,274,290,306,322,338,354,370,386 motion_emb_sha=cf4a017a0beaa178 motion_pos_sha=b7833f821d5972cf motion_mask=111111111111111111111111000000000000000000000000000000000000000000000000000000000000000000000000 mem_order_sha=6b0f9d938737cc7e motion_cols_sha=cbcc1f5417062ad6 donor=None cover=exact:0,fallback:0,cycle:0,cross_seg:0 gate=none num_steps=10 act_sha=ae45e89eeed18b31 infer_ms=69.5
INFO:mme_vla_suite.serving.websocket_policy_server:TIMING infer_ms=69.5
INFO:mme_vla_suite.serving.websocket_policy_server:TIMING add_buffer_ms=1457.5 frames=16 exec_start_idx=0
MV_INFER cond=normal split=test task=VideoUnmaskSwap ep=9 ep_seq=12 infer_seq=21 t=434 es=114 k=25 motion_frames=0,16,32,48,64,80,114,130,146,162,178,194,210,226,242,258,274,290,306,322,338,354,370,386,402 motion_emb_sha=170e47f11cacf1b2 motion_pos_sha=956cbc7d05e32786 motion_mask=111111111111111111111111100000000000000000000000000000000000000000000000000000000000000000000000 mem_order_sha=cbd34860fea87ce1 motion_cols_sha=7cfcb99c69e1b6fc donor=None cover=exact:0,fallback:0,cycle:0,cross_seg:0 gate=none num_steps=10 act_sha=43f383e313af8929 infer_ms=69.6
INFO:mme_vla_suite.serving.websocket_policy_server:TIMING infer_ms=69.6
INFO:mme_vla_suite.serving.websocket_policy_server:TIMING add_buffer_ms=1457.7 frames=16 exec_start_idx=0
MV_INFER cond=normal split=test task=VideoUnmaskSwap ep=9 ep_seq=12 infer_seq=22 t=450 es=114 k=26 motion_frames=0,16,32,48,64,80,114,130,146,162,178,194,210,226,242,258,274,290,306,322,338,354,370,386,402,418 motion_emb_sha=ece348c908438f54 motion_pos_sha=04b4e292025b0cf6 motion_mask=111111111111111111111111110000000000000000000000000000000000000000000000000000000000000000000000 mem_order_sha=92dd342791ead61b motion_cols_sha=98bc010fbbe01d25 donor=None cover=exact:0,fallback:0,cycle:0,cross_seg:0 gate=none num_steps=10 act_sha=d667d7bb35cdb7d9 infer_ms=69.5
INFO:mme_vla_suite.serving.websocket_policy_server:TIMING infer_ms=69.5
INFO:mme_vla_suite.serving.websocket_policy_server:TIMING add_buffer_ms=1456.2 frames=16 exec_start_idx=0
MV_INFER cond=normal split=test task=VideoUnmaskSwap ep=9 ep_seq=12 infer_seq=23 t=466 es=114 k=27 motion_frames=0,16,32,48,64,80,114,130,146,162,178,194,210,226,242,258,274,290,306,322,338,354,370,386,402,418,434 motion_emb_sha=fafc9ef7445cdc4a motion_pos_sha=09d1e59e2e7865e2 motion_mask=111111111111111111111111111000000000000000000000000000000000000000000000000000000000000000000000 mem_order_sha=c9b7f92fecb37419 motion_cols_sha=dd16be3b2d84e67e donor=None cover=exact:0,fallback:0,cycle:0,cross_seg:0 gate=none num_steps=10 act_sha=91cd947b3a89fe29 infer_ms=72.2
INFO:mme_vla_suite.serving.websocket_policy_server:TIMING infer_ms=72.2
INFO:mme_vla_suite.serving.websocket_policy_server:TIMING add_buffer_ms=1462.1 frames=16 exec_start_idx=0
MV_INFER cond=normal split=test task=VideoUnmaskSwap ep=9 ep_seq=12 infer_seq=24 t=482 es=114 k=28 motion_frames=0,16,32,48,64,80,114,130,146,162,178,194,210,226,242,258,274,290,306,322,338,354,370,386,402,418,434,450 motion_emb_sha=dc00cf0f32b8f679 motion_pos_sha=6aaa0c90199238cd motion_mask=111111111111111111111111111100000000000000000000000000000000000000000000000000000000000000000000 mem_order_sha=e88354f3959be9f2 motion_cols_sha=5455db2dc42182c1 donor=None cover=exact:0,fallback:0,cycle:0,cross_seg:0 gate=none num_steps=10 act_sha=96465def12abd085 infer_ms=69.5
INFO:mme_vla_suite.serving.websocket_policy_server:TIMING infer_ms=69.5
INFO:mme_vla_suite.serving.websocket_policy_server:TIMING add_buffer_ms=1458.5 frames=16 exec_start_idx=0
MV_INFER cond=normal split=test task=VideoUnmaskSwap ep=9 ep_seq=12 infer_seq=25 t=498 es=114 k=29 motion_frames=0,16,32,48,64,80,114,130,146,162,178,194,210,226,242,258,274,290,306,322,338,354,370,386,402,418,434,450,466 motion_emb_sha=98751f5605f46145 motion_pos_sha=39692ebf1092ef9e motion_mask=111111111111111111111111111110000000000000000000000000000000000000000000000000000000000000000000 mem_order_sha=16ac544f35a96842 motion_cols_sha=bb556322ccc870cf donor=None cover=exact:0,fallback:0,cycle:0,cross_seg:0 gate=none num_steps=10 act_sha=2cf1ffb4a372800b infer_ms=69.3
INFO:mme_vla_suite.serving.websocket_policy_server:TIMING infer_ms=69.3
INFO:mme_vla_suite.serving.websocket_policy_server:TIMING add_buffer_ms=1457.0 frames=16 exec_start_idx=0
MV_INFER cond=normal split=test task=VideoUnmaskSwap ep=9 ep_seq=12 infer_seq=26 t=514 es=114 k=30 motion_frames=0,16,32,48,64,80,114,130,146,162,178,194,210,226,242,258,274,290,306,322,338,354,370,386,402,418,434,450,466,482 motion_emb_sha=845ec49a391ab558 motion_pos_sha=ea01393fd85ad572 motion_mask=111111111111111111111111111111000000000000000000000000000000000000000000000000000000000000000000 mem_order_sha=10d44a4273334f6d motion_cols_sha=bf360664049f57fd donor=None cover=exact:0,fallback:0,cycle:0,cross_seg:0 gate=none num_steps=10 act_sha=7f14e75818b6d82d infer_ms=69.2
INFO:mme_vla_suite.serving.websocket_policy_server:TIMING infer_ms=69.2
INFO:mme_vla_suite.serving.websocket_policy_server:TIMING add_buffer_ms=1456.9 frames=16 exec_start_idx=0
MV_INFER cond=normal split=test task=VideoUnmaskSwap ep=9 ep_seq=12 infer_seq=27 t=530 es=114 k=31 motion_frames=0,16,32,48,64,80,114,130,146,162,178,194,210,226,242,258,274,290,306,322,338,354,370,386,402,418,434,450,466,482,498 motion_emb_sha=41795ac9ddbe8b4d motion_pos_sha=192a5be00311777f motion_mask=111111111111111111111111111111100000000000000000000000000000000000000000000000000000000000000000 mem_order_sha=0fd7bed57fac356b motion_cols_sha=549ae58d4a8abb35 donor=None cover=exact:0,fallback:0,cycle:0,cross_seg:0 gate=none num_steps=10 act_sha=98635d721fea72e1 infer_ms=69.2
INFO:mme_vla_suite.serving.websocket_policy_server:TIMING infer_ms=69.2
INFO:mme_vla_suite.serving.websocket_policy_server:TIMING add_buffer_ms=1465.8 frames=16 exec_start_idx=0
MV_INFER cond=normal split=test task=VideoUnmaskSwap ep=9 ep_seq=12 infer_seq=28 t=546 es=114 k=32 motion_frames=0,16,32,48,64,80,114,130,146,162,178,194,210,226,242,258,274,290,306,322,338,354,370,386,402,418,434,450,466,482,498,514 motion_emb_sha=c8e559755fa9e650 motion_pos_sha=fc0e156995c5133b motion_mask=111111111111111111111111111111110000000000000000000000000000000000000000000000000000000000000000 mem_order_sha=d69d2909e0c05b73 motion_cols_sha=5b9ab8b2c4580f7c donor=None cover=exact:0,fallback:0,cycle:0,cross_seg:0 gate=none num_steps=10 act_sha=4cdf97c558672819 infer_ms=69.3
INFO:mme_vla_suite.serving.websocket_policy_server:TIMING infer_ms=69.3
INFO:mme_vla_suite.serving.websocket_policy_server:TIMING add_buffer_ms=1461.3 frames=16 exec_start_idx=0
MV_INFER cond=normal split=test task=VideoUnmaskSwap ep=9 ep_seq=12 infer_seq=29 t=562 es=114 k=33 motion_frames=0,16,32,48,64,80,114,130,146,162,178,194,210,226,242,258,274,290,306,322,338,354,370,386,402,418,434,450,466,482,498,514,530 motion_emb_sha=06807665758229f5 motion_pos_sha=2727983ece985ff6 motion_mask=111111111111111111111111111111111000000000000000000000000000000000000000000000000000000000000000 mem_order_sha=819081d8e681df07 motion_cols_sha=f6f28113a615b1d3 donor=None cover=exact:0,fallback:0,cycle:0,cross_seg:0 gate=none num_steps=10 act_sha=a088209f7356cb88 infer_ms=71.0
INFO:mme_vla_suite.serving.websocket_policy_server:TIMING infer_ms=71.0
INFO:mme_vla_suite.serving.websocket_policy_server:TIMING add_buffer_ms=1462.1 frames=16 exec_start_idx=0
MV_INFER cond=normal split=test task=VideoUnmaskSwap ep=9 ep_seq=12 infer_seq=30 t=578 es=114 k=34 motion_frames=0,16,32,48,64,80,114,130,146,162,178,194,210,226,242,258,274,290,306,322,338,354,370,386,402,418,434,450,466,482,498,514,530,546 motion_emb_sha=b3a47c9fff3d14fa motion_pos_sha=aa9bbec8478f0f6e motion_mask=111111111111111111111111111111111100000000000000000000000000000000000000000000000000000000000000 mem_order_sha=70767389d7a2a260 motion_cols_sha=07f51b8db9fb1f7a donor=None cover=exact:0,fallback:0,cycle:0,cross_seg:0 gate=none num_steps=10 act_sha=68741bc415d384eb infer_ms=69.5
INFO:mme_vla_suite.serving.websocket_policy_server:TIMING infer_ms=69.5
INFO:mme_vla_suite.serving.websocket_policy_server:TIMING add_buffer_ms=1462.0 frames=16 exec_start_idx=0
MV_INFER cond=normal split=test task=VideoUnmaskSwap ep=9 ep_seq=12 infer_seq=31 t=594 es=114 k=35 motion_frames=0,16,32,48,64,80,114,130,146,162,178,194,210,226,242,258,274,290,306,322,338,354,370,386,402,418,434,450,466,482,498,514,530,546,562 motion_emb_sha=6a5764b250ee003c motion_pos_sha=42e2ccd4e444ce0e motion_mask=111111111111111111111111111111111110000000000000000000000000000000000000000000000000000000000000 mem_order_sha=400646d7a4ea827d motion_cols_sha=4596382620d9ec6f donor=None cover=exact:0,fallback:0,cycle:0,cross_seg:0 gate=none num_steps=10 act_sha=95b10e02741f695d infer_ms=69.6
INFO:mme_vla_suite.serving.websocket_policy_server:TIMING infer_ms=69.6
INFO:mme_vla_suite.serving.websocket_policy_server:TIMING add_buffer_ms=1461.7 frames=16 exec_start_idx=0
MV_INFER cond=normal split=test task=VideoUnmaskSwap ep=9 ep_seq=12 infer_seq=32 t=610 es=114 k=36 motion_frames=0,16,32,48,64,80,114,130,146,162,178,194,210,226,242,258,274,290,306,322,338,354,370,386,402,418,434,450,466,482,498,514,530,546,562,578 motion_emb_sha=6eb2a5de6ce13503 motion_pos_sha=015bf2493838e3d6 motion_mask=111111111111111111111111111111111111000000000000000000000000000000000000000000000000000000000000 mem_order_sha=7478494686ba6909 motion_cols_sha=9092ca428b0fee4f donor=None cover=exact:0,fallback:0,cycle:0,cross_seg:0 gate=none num_steps=10 act_sha=282027a20f284030 infer_ms=69.7
INFO:mme_vla_suite.serving.websocket_policy_server:TIMING infer_ms=69.7
INFO:mme_vla_suite.serving.websocket_policy_server:TIMING add_buffer_ms=1455.5 frames=16 exec_start_idx=0
MV_INFER cond=normal split=test task=VideoUnmaskSwap ep=9 ep_seq=12 infer_seq=33 t=626 es=114 k=37 motion_frames=0,16,32,48,64,80,114,130,146,162,178,194,210,226,242,258,274,290,306,322,338,354,370,386,402,418,434,450,466,482,498,514,530,546,562,578,594 motion_emb_sha=d7e3c140995f7ee0 motion_pos_sha=6b1a9f65c84a8aec motion_mask=111111111111111111111111111111111111100000000000000000000000000000000000000000000000000000000000 mem_order_sha=c2ea9d24e08e173e motion_cols_sha=60357ec92add8a4f donor=None cover=exact:0,fallback:0,cycle:0,cross_seg:0 gate=none num_steps=10 act_sha=2223fcce664743d5 infer_ms=69.4
INFO:mme_vla_suite.serving.websocket_policy_server:TIMING infer_ms=69.4
INFO:mme_vla_suite.serving.websocket_policy_server:TIMING add_buffer_ms=1456.0 frames=16 exec_start_idx=0
MV_INFER cond=normal split=test task=VideoUnmaskSwap ep=9 ep_seq=12 infer_seq=34 t=642 es=114 k=38 motion_frames=0,16,32,48,64,80,114,130,146,162,178,194,210,226,242,258,274,290,306,322,338,354,370,386,402,418,434,450,466,482,498,514,530,546,562,578,594,610 motion_emb_sha=b512d30d408f3b8b motion_pos_sha=d4bb358feebf3437 motion_mask=111111111111111111111111111111111111110000000000000000000000000000000000000000000000000000000000 mem_order_sha=edb0ed0594848116 motion_cols_sha=208708f32963a3f7 donor=None cover=exact:0,fallback:0,cycle:0,cross_seg:0 gate=none num_steps=10 act_sha=3f706b57f7496236 infer_ms=69.2
INFO:mme_vla_suite.serving.websocket_policy_server:TIMING infer_ms=69.2
INFO:mme_vla_suite.serving.websocket_policy_server:TIMING add_buffer_ms=1466.2 frames=16 exec_start_idx=0
MV_INFER cond=normal split=test task=VideoUnmaskSwap ep=9 ep_seq=12 infer_seq=35 t=658 es=114 k=39 motion_frames=0,16,32,48,64,80,114,130,146,162,178,194,210,226,242,258,274,290,306,322,338,354,370,386,402,418,434,450,466,482,498,514,530,546,562,578,594,610,626 motion_emb_sha=b1d49ee368c642b8 motion_pos_sha=ac05a7f5e7c0748c motion_mask=111111111111111111111111111111111111111000000000000000000000000000000000000000000000000000000000 mem_order_sha=a021f55324c40029 motion_cols_sha=9adf752e8bc84250 donor=None cover=exact:0,fallback:0,cycle:0,cross_seg:0 gate=none num_steps=10 act_sha=fd51e6f786f4a4c9 infer_ms=69.2
INFO:mme_vla_suite.serving.websocket_policy_server:TIMING infer_ms=69.2
INFO:mme_vla_suite.serving.websocket_policy_server:TIMING add_buffer_ms=1457.5 frames=16 exec_start_idx=0
MV_INFER cond=normal split=test task=VideoUnmaskSwap ep=9 ep_seq=12 infer_seq=36 t=674 es=114 k=40 motion_frames=0,16,32,48,64,80,114,130,146,162,178,194,210,226,242,258,274,290,306,322,338,354,370,386,402,418,434,450,466,482,498,514,530,546,562,578,594,610,626,642 motion_emb_sha=f2f04862826f1050 motion_pos_sha=8dd66f59403f08c6 motion_mask=111111111111111111111111111111111111111100000000000000000000000000000000000000000000000000000000 mem_order_sha=8b9c79a35e401c9a motion_cols_sha=a7fd2a7e4f9a6c9d donor=None cover=exact:0,fallback:0,cycle:0,cross_seg:0 gate=none num_steps=10 act_sha=c447805795278cea infer_ms=69.3
INFO:mme_vla_suite.serving.websocket_policy_server:TIMING infer_ms=69.3
INFO:mme_vla_suite.serving.websocket_policy_server:TIMING add_buffer_ms=1457.2 frames=16 exec_start_idx=0
MV_INFER cond=normal split=test task=VideoUnmaskSwap ep=9 ep_seq=12 infer_seq=37 t=690 es=114 k=41 motion_frames=0,16,32,48,64,80,114,130,146,162,178,194,210,226,242,258,274,290,306,322,338,354,370,386,402,418,434,450,466,482,498,514,530,546,562,578,594,610,626,642,658 motion_emb_sha=ed443bd592516829 motion_pos_sha=68feefdb46195dcf motion_mask=111111111111111111111111111111111111111110000000000000000000000000000000000000000000000000000000 mem_order_sha=1f18d2a138bd0bf9 motion_cols_sha=b7950317891542b4 donor=None cover=exact:0,fallback:0,cycle:0,cross_seg:0 gate=none num_steps=10 act_sha=62bffd640221f7e5 infer_ms=69.5
INFO:mme_vla_suite.serving.websocket_policy_server:TIMING infer_ms=69.5
INFO:mme_vla_suite.serving.websocket_policy_server:TIMING add_buffer_ms=1461.7 frames=16 exec_start_idx=0
MV_INFER cond=normal split=test task=VideoUnmaskSwap ep=9 ep_seq=12 infer_seq=38 t=706 es=114 k=42 motion_frames=0,16,32,48,64,80,114,130,146,162,178,194,210,226,242,258,274,290,306,322,338,354,370,386,402,418,434,450,466,482,498,514,530,546,562,578,594,610,626,642,658,674 motion_emb_sha=9c58ff7c5c97c1e7 motion_pos_sha=b13ac05015d34784 motion_mask=111111111111111111111111111111111111111111000000000000000000000000000000000000000000000000000000 mem_order_sha=9662e474b623c915 motion_cols_sha=0faf1bc59289c62e donor=None cover=exact:0,fallback:0,cycle:0,cross_seg:0 gate=none num_steps=10 act_sha=c9d7dcd322ce81b5 infer_ms=70.4
INFO:mme_vla_suite.serving.websocket_policy_server:TIMING infer_ms=70.4
INFO:mme_vla_suite.serving.websocket_policy_server:TIMING add_buffer_ms=1456.5 frames=16 exec_start_idx=0
MV_INFER cond=normal split=test task=VideoUnmaskSwap ep=9 ep_seq=12 infer_seq=39 t=722 es=114 k=43 motion_frames=0,16,32,48,64,80,114,130,146,162,178,194,210,226,242,258,274,290,306,322,338,354,370,386,402,418,434,450,466,482,498,514,530,546,562,578,594,610,626,642,658,674,690 motion_emb_sha=99a5e05e158d5d92 motion_pos_sha=4c321b80a2e778a5 motion_mask=111111111111111111111111111111111111111111100000000000000000000000000000000000000000000000000000 mem_order_sha=779ddf72b580def5 motion_cols_sha=78b0865e1248c113 donor=None cover=exact:0,fallback:0,cycle:0,cross_seg:0 gate=none num_steps=10 act_sha=85ca219c93bd0517 infer_ms=69.2
INFO:mme_vla_suite.serving.websocket_policy_server:TIMING infer_ms=69.2
INFO:mme_vla_suite.serving.websocket_policy_server:TIMING add_buffer_ms=1455.3 frames=16 exec_start_idx=0
MV_INFER cond=normal split=test task=VideoUnmaskSwap ep=9 ep_seq=12 infer_seq=40 t=738 es=114 k=44 motion_frames=0,16,32,48,64,80,114,130,146,162,178,194,210,226,242,258,274,290,306,322,338,354,370,386,402,418,434,450,466,482,498,514,530,546,562,578,594,610,626,642,658,674,690,706 motion_emb_sha=417b6c20a313dc77 motion_pos_sha=0297153351531daa motion_mask=111111111111111111111111111111111111111111110000000000000000000000000000000000000000000000000000 mem_order_sha=40166ba87744e340 motion_cols_sha=e738d8133285e097 donor=None cover=exact:0,fallback:0,cycle:0,cross_seg:0 gate=none num_steps=10 act_sha=5df5417df5cb1488 infer_ms=69.3
INFO:mme_vla_suite.serving.websocket_policy_server:TIMING infer_ms=69.3
INFO:mme_vla_suite.serving.websocket_policy_server:TIMING add_buffer_ms=1454.5 frames=16 exec_start_idx=0
MV_INFER cond=normal split=test task=VideoUnmaskSwap ep=9 ep_seq=12 infer_seq=41 t=754 es=114 k=45 motion_frames=0,16,32,48,64,80,114,130,146,162,178,194,210,226,242,258,274,290,306,322,338,354,370,386,402,418,434,450,466,482,498,514,530,546,562,578,594,610,626,642,658,674,690,706,722 motion_emb_sha=369f4c81094904e6 motion_pos_sha=3d00c6bebeee4d6b motion_mask=111111111111111111111111111111111111111111111000000000000000000000000000000000000000000000000000 mem_order_sha=ac51a1bd09d9b3dc motion_cols_sha=ee6546d364856f36 donor=None cover=exact:0,fallback:0,cycle:0,cross_seg:0 gate=none num_steps=10 act_sha=c7c94029a925e844 infer_ms=69.3
INFO:mme_vla_suite.serving.websocket_policy_server:TIMING infer_ms=69.3
INFO:mme_vla_suite.serving.websocket_policy_server:TIMING add_buffer_ms=1455.7 frames=16 exec_start_idx=0
MV_INFER cond=normal split=test task=VideoUnmaskSwap ep=9 ep_seq=12 infer_seq=42 t=770 es=114 k=46 motion_frames=0,16,32,48,64,80,114,130,146,162,178,194,210,226,242,258,274,290,306,322,338,354,370,386,402,418,434,450,466,482,498,514,530,546,562,578,594,610,626,642,658,674,690,706,722,738 motion_emb_sha=643bb519b82c3d84 motion_pos_sha=7d9b6448a0644d12 motion_mask=111111111111111111111111111111111111111111111100000000000000000000000000000000000000000000000000 mem_order_sha=07b356a0b988bd26 motion_cols_sha=e4ca59fb8cf6b258 donor=None cover=exact:0,fallback:0,cycle:0,cross_seg:0 gate=none num_steps=10 act_sha=5fa0ddbb561d78ae infer_ms=69.5
INFO:mme_vla_suite.serving.websocket_policy_server:TIMING infer_ms=69.5
[sidecar pid=832983] 窗 #951 起点 754 耗时 1420 ms（累计 1781s）
INFO:mme_vla_suite.serving.websocket_policy_server:TIMING add_buffer_ms=1465.3 frames=16 exec_start_idx=0
MV_INFER cond=normal split=test task=VideoUnmaskSwap ep=9 ep_seq=12 infer_seq=43 t=786 es=114 k=47 motion_frames=0,16,32,48,64,80,114,130,146,162,178,194,210,226,242,258,274,290,306,322,338,354,370,386,402,418,434,450,466,482,498,514,530,546,562,578,594,610,626,642,658,674,690,706,722,738,754 motion_emb_sha=5b8e116be722609b motion_pos_sha=47ff5233536f6783 motion_mask=111111111111111111111111111111111111111111111110000000000000000000000000000000000000000000000000 mem_order_sha=56366bc252c0055a motion_cols_sha=6b2b7e9f2f7e8ece donor=None cover=exact:0,fallback:0,cycle:0,cross_seg:0 gate=none num_steps=10 act_sha=aa1820eedf630412 infer_ms=69.4
INFO:mme_vla_suite.serving.websocket_policy_server:TIMING infer_ms=69.4
INFO:mme_vla_suite.serving.websocket_policy_server:TIMING add_buffer_ms=1460.3 frames=16 exec_start_idx=0
MV_INFER cond=normal split=test task=VideoUnmaskSwap ep=9 ep_seq=12 infer_seq=44 t=802 es=114 k=48 motion_frames=0,16,32,48,64,80,114,130,146,162,178,194,210,226,242,258,274,290,306,322,338,354,370,386,402,418,434,450,466,482,498,514,530,546,562,578,594,610,626,642,658,674,690,706,722,738,754,770 motion_emb_sha=5feb6efacc2075a8 motion_pos_sha=3a56cf09a75dc0b4 motion_mask=111111111111111111111111111111111111111111111111000000000000000000000000000000000000000000000000 mem_order_sha=41f68824fa24eca0 motion_cols_sha=b4369eb188fc7e5f donor=None cover=exact:0,fallback:0,cycle:0,cross_seg:0 gate=none num_steps=10 act_sha=94c72b464c695a2e infer_ms=70.0
INFO:mme_vla_suite.serving.websocket_policy_server:TIMING infer_ms=70.0
INFO:mme_vla_suite.serving.websocket_policy_server:TIMING add_buffer_ms=1461.7 frames=16 exec_start_idx=0
MV_INFER cond=normal split=test task=VideoUnmaskSwap ep=9 ep_seq=12 infer_seq=45 t=818 es=114 k=49 motion_frames=0,16,32,48,64,80,114,130,146,162,178,194,210,226,242,258,274,290,306,322,338,354,370,386,402,418,434,450,466,482,498,514,530,546,562,578,594,610,626,642,658,674,690,706,722,738,754,770,786 motion_emb_sha=7dce1100aca325f0 motion_pos_sha=13843ada0be77636 motion_mask=111111111111111111111111111111111111111111111111100000000000000000000000000000000000000000000000 mem_order_sha=60c16c435f0ad8f0 motion_cols_sha=9daa2835b81b6f76 donor=None cover=exact:0,fallback:0,cycle:0,cross_seg:0 gate=none num_steps=10 act_sha=160b3b45d744a8f7 infer_ms=69.6
INFO:mme_vla_suite.serving.websocket_policy_server:TIMING infer_ms=69.6
INFO:mme_vla_suite.serving.websocket_policy_server:TIMING add_buffer_ms=1462.8 frames=16 exec_start_idx=0
MV_INFER cond=normal split=test task=VideoUnmaskSwap ep=9 ep_seq=12 infer_seq=46 t=834 es=114 k=50 motion_frames=0,16,32,48,64,80,114,130,146,162,178,194,210,226,242,258,274,290,306,322,338,354,370,386,402,418,434,450,466,482,498,514,530,546,562,578,594,610,626,642,658,674,690,706,722,738,754,770,786,802 motion_emb_sha=3adb9ebaac723aad motion_pos_sha=819a68494cc6b062 motion_mask=111111111111111111111111111111111111111111111111110000000000000000000000000000000000000000000000 mem_order_sha=a88b75a1e693ecdd motion_cols_sha=7484410ffc741e26 donor=None cover=exact:0,fallback:0,cycle:0,cross_seg:0 gate=none num_steps=10 act_sha=1a4eb74097d3c9fe infer_ms=69.3
INFO:mme_vla_suite.serving.websocket_policy_server:TIMING infer_ms=69.3
INFO:mme_vla_suite.serving.websocket_policy_server:TIMING add_buffer_ms=1460.1 frames=16 exec_start_idx=0
MV_INFER cond=normal split=test task=VideoUnmaskSwap ep=9 ep_seq=12 infer_seq=47 t=850 es=114 k=51 motion_frames=0,16,32,48,64,80,114,130,146,162,178,194,210,226,242,258,274,290,306,322,338,354,370,386,402,418,434,450,466,482,498,514,530,546,562,578,594,610,626,642,658,674,690,706,722,738,754,770,786,802,818 motion_emb_sha=b610411194050ffb motion_pos_sha=f152b06d3bf859a7 motion_mask=111111111111111111111111111111111111111111111111111000000000000000000000000000000000000000000000 mem_order_sha=c91702d0779b6d9a motion_cols_sha=3f670b6b83873138 donor=None cover=exact:0,fallback:0,cycle:0,cross_seg:0 gate=none num_steps=10 act_sha=454bf89f0847f2af infer_ms=69.4
INFO:mme_vla_suite.serving.websocket_policy_server:TIMING infer_ms=69.4
INFO:mme_vla_suite.serving.websocket_policy_server:TIMING add_buffer_ms=1461.2 frames=16 exec_start_idx=0
MV_INFER cond=normal split=test task=VideoUnmaskSwap ep=9 ep_seq=12 infer_seq=48 t=866 es=114 k=52 motion_frames=0,16,32,48,64,80,114,130,146,162,178,194,210,226,242,258,274,290,306,322,338,354,370,386,402,418,434,450,466,482,498,514,530,546,562,578,594,610,626,642,658,674,690,706,722,738,754,770,786,802,818,834 motion_emb_sha=cc16aac3afcf8896 motion_pos_sha=4b20ab83ad26e973 motion_mask=111111111111111111111111111111111111111111111111111100000000000000000000000000000000000000000000 mem_order_sha=98aad9918dbabe49 motion_cols_sha=8c111b464e2545b4 donor=None cover=exact:0,fallback:0,cycle:0,cross_seg:0 gate=none num_steps=10 act_sha=34c4f8c6206ace8e infer_ms=69.9
INFO:mme_vla_suite.serving.websocket_policy_server:TIMING infer_ms=69.9
INFO:mme_vla_suite.serving.websocket_policy_server:TIMING add_buffer_ms=1458.0 frames=16 exec_start_idx=0
MV_INFER cond=normal split=test task=VideoUnmaskSwap ep=9 ep_seq=12 infer_seq=49 t=882 es=114 k=53 motion_frames=0,16,32,48,64,80,114,130,146,162,178,194,210,226,242,258,274,290,306,322,338,354,370,386,402,418,434,450,466,482,498,514,530,546,562,578,594,610,626,642,658,674,690,706,722,738,754,770,786,802,818,834,850 motion_emb_sha=483081547111c980 motion_pos_sha=fa9a452ac070a987 motion_mask=111111111111111111111111111111111111111111111111111110000000000000000000000000000000000000000000 mem_order_sha=e5a38de8aead414f motion_cols_sha=2ef65e70a4ed9492 donor=None cover=exact:0,fallback:0,cycle:0,cross_seg:0 gate=none num_steps=10 act_sha=8064db2b8631ec7c infer_ms=69.7
INFO:mme_vla_suite.serving.websocket_policy_server:TIMING infer_ms=69.7
INFO:mme_vla_suite.serving.websocket_policy_server:TIMING add_buffer_ms=1461.5 frames=16 exec_start_idx=0
MV_INFER cond=normal split=test task=VideoUnmaskSwap ep=9 ep_seq=12 infer_seq=50 t=898 es=114 k=54 motion_frames=0,16,32,48,64,80,114,130,146,162,178,194,210,226,242,258,274,290,306,322,338,354,370,386,402,418,434,450,466,482,498,514,530,546,562,578,594,610,626,642,658,674,690,706,722,738,754,770,786,802,818,834,850,866 motion_emb_sha=e163399b0c34dad3 motion_pos_sha=9dcba86ac2fad4d1 motion_mask=111111111111111111111111111111111111111111111111111111000000000000000000000000000000000000000000 mem_order_sha=f1b08357d67dad3a motion_cols_sha=2ee438815fa4742b donor=None cover=exact:0,fallback:0,cycle:0,cross_seg:0 gate=none num_steps=10 act_sha=75d51ca98cf3f7b5 infer_ms=69.3
INFO:mme_vla_suite.serving.websocket_policy_server:TIMING infer_ms=69.3
INFO:mme_vla_suite.serving.websocket_policy_server:TIMING add_buffer_ms=1459.2 frames=16 exec_start_idx=0
MV_INFER cond=normal split=test task=VideoUnmaskSwap ep=9 ep_seq=12 infer_seq=51 t=914 es=114 k=55 motion_frames=0,16,32,48,64,80,114,130,146,162,178,194,210,226,242,258,274,290,306,322,338,354,370,386,402,418,434,450,466,482,498,514,530,546,562,578,594,610,626,642,658,674,690,706,722,738,754,770,786,802,818,834,850,866,882 motion_emb_sha=e2b9d0f92a242556 motion_pos_sha=6ee1b5ff044ff5cb motion_mask=111111111111111111111111111111111111111111111111111111100000000000000000000000000000000000000000 mem_order_sha=8224669e500670e7 motion_cols_sha=718378567319b213 donor=None cover=exact:0,fallback:0,cycle:0,cross_seg:0 gate=none num_steps=10 act_sha=740618835786c6bd infer_ms=69.6
INFO:mme_vla_suite.serving.websocket_policy_server:TIMING infer_ms=69.6
INFO:mme_vla_suite.serving.websocket_policy_server:TIMING add_buffer_ms=1461.3 frames=16 exec_start_idx=0
MV_INFER cond=normal split=test task=VideoUnmaskSwap ep=9 ep_seq=12 infer_seq=52 t=930 es=114 k=56 motion_frames=0,16,32,48,64,80,114,130,146,162,178,194,210,226,242,258,274,290,306,322,338,354,370,386,402,418,434,450,466,482,498,514,530,546,562,578,594,610,626,642,658,674,690,706,722,738,754,770,786,802,818,834,850,866,882,898 motion_emb_sha=4f0ce12336e02141 motion_pos_sha=7af51d62cae2e176 motion_mask=111111111111111111111111111111111111111111111111111111110000000000000000000000000000000000000000 mem_order_sha=2b5aeeda86acbd4c motion_cols_sha=6b8d54a9b713b9bb donor=None cover=exact:0,fallback:0,cycle:0,cross_seg:0 gate=none num_steps=10 act_sha=a93521d17de209c3 infer_ms=69.6
INFO:mme_vla_suite.serving.websocket_policy_server:TIMING infer_ms=69.6
INFO:mme_vla_suite.serving.websocket_policy_server:TIMING add_buffer_ms=1460.5 frames=16 exec_start_idx=0
MV_INFER cond=normal split=test task=VideoUnmaskSwap ep=9 ep_seq=12 infer_seq=53 t=946 es=114 k=57 motion_frames=0,16,32,48,64,80,114,130,146,162,178,194,210,226,242,258,274,290,306,322,338,354,370,386,402,418,434,450,466,482,498,514,530,546,562,578,594,610,626,642,658,674,690,706,722,738,754,770,786,802,818,834,850,866,882,898,914 motion_emb_sha=c3db758a9a3f4765 motion_pos_sha=c522f0ba12b363ca motion_mask=111111111111111111111111111111111111111111111111111111111000000000000000000000000000000000000000 mem_order_sha=f518d61aaeb7b9a4 motion_cols_sha=7e7294586c095a3b donor=None cover=exact:0,fallback:0,cycle:0,cross_seg:0 gate=none num_steps=10 act_sha=cb1db0fbeb85c2cb infer_ms=70.0
INFO:mme_vla_suite.serving.websocket_policy_server:TIMING infer_ms=70.0
INFO:mme_vla_suite.serving.websocket_policy_server:TIMING add_buffer_ms=1455.9 frames=16 exec_start_idx=0
MV_INFER cond=normal split=test task=VideoUnmaskSwap ep=9 ep_seq=12 infer_seq=54 t=962 es=114 k=58 motion_frames=0,16,32,48,64,80,114,130,146,162,178,194,210,226,242,258,274,290,306,322,338,354,370,386,402,418,434,450,466,482,498,514,530,546,562,578,594,610,626,642,658,674,690,706,722,738,754,770,786,802,818,834,850,866,882,898,914,930 motion_emb_sha=176a4a96127a2e7a motion_pos_sha=f7dd119b23a129e5 motion_mask=111111111111111111111111111111111111111111111111111111111100000000000000000000000000000000000000 mem_order_sha=7393759e909a4426 motion_cols_sha=390f291c89898410 donor=None cover=exact:0,fallback:0,cycle:0,cross_seg:0 gate=none num_steps=10 act_sha=5f7821df28198c34 infer_ms=70.3
INFO:mme_vla_suite.serving.websocket_policy_server:TIMING infer_ms=70.3
INFO:mme_vla_suite.serving.websocket_policy_server:TIMING add_buffer_ms=1460.3 frames=16 exec_start_idx=0
MV_INFER cond=normal split=test task=VideoUnmaskSwap ep=9 ep_seq=12 infer_seq=55 t=978 es=114 k=59 motion_frames=0,16,32,48,64,80,114,130,146,162,178,194,210,226,242,258,274,290,306,322,338,354,370,386,402,418,434,450,466,482,498,514,530,546,562,578,594,610,626,642,658,674,690,706,722,738,754,770,786,802,818,834,850,866,882,898,914,930,946 motion_emb_sha=67013f2cc7fb0320 motion_pos_sha=dd4e7dcf16ea044a motion_mask=111111111111111111111111111111111111111111111111111111111110000000000000000000000000000000000000 mem_order_sha=a6d737f7e8bf2dbf motion_cols_sha=084cb2637a565d19 donor=None cover=exact:0,fallback:0,cycle:0,cross_seg:0 gate=none num_steps=10 act_sha=31e5317a313659ac infer_ms=69.3
INFO:mme_vla_suite.serving.websocket_policy_server:TIMING infer_ms=69.3
INFO:mme_vla_suite.serving.websocket_policy_server:TIMING add_buffer_ms=1455.6 frames=16 exec_start_idx=0
MV_INFER cond=normal split=test task=VideoUnmaskSwap ep=9 ep_seq=12 infer_seq=56 t=994 es=114 k=60 motion_frames=0,16,32,48,64,80,114,130,146,162,178,194,210,226,242,258,274,290,306,322,338,354,370,386,402,418,434,450,466,482,498,514,530,546,562,578,594,610,626,642,658,674,690,706,722,738,754,770,786,802,818,834,850,866,882,898,914,930,946,962 motion_emb_sha=3c0684a1de2e0874 motion_pos_sha=8a0a861294a5d416 motion_mask=111111111111111111111111111111111111111111111111111111111111000000000000000000000000000000000000 mem_order_sha=c6351d37ee6f0a46 motion_cols_sha=c8e32b5c1df81659 donor=None cover=exact:0,fallback:0,cycle:0,cross_seg:0 gate=none num_steps=10 act_sha=97721d960f05dd61 infer_ms=69.9
INFO:mme_vla_suite.serving.websocket_policy_server:TIMING infer_ms=69.9
INFO:mme_vla_suite.serving.websocket_policy_server:TIMING add_buffer_ms=1462.5 frames=16 exec_start_idx=0
MV_INFER cond=normal split=test task=VideoUnmaskSwap ep=9 ep_seq=12 infer_seq=57 t=1010 es=114 k=61 motion_frames=0,16,32,48,64,80,114,130,146,162,178,194,210,226,242,258,274,290,306,322,338,354,370,386,402,418,434,450,466,482,498,514,530,546,562,578,594,610,626,642,658,674,690,706,722,738,754,770,786,802,818,834,850,866,882,898,914,930,946,962,978 motion_emb_sha=9b5682072ba42c77 motion_pos_sha=b2957c6b387c506c motion_mask=111111111111111111111111111111111111111111111111111111111111100000000000000000000000000000000000 mem_order_sha=c470f0270fec02a5 motion_cols_sha=a6adf83306a269f4 donor=None cover=exact:0,fallback:0,cycle:0,cross_seg:0 gate=none num_steps=10 act_sha=af1cddd6bb11763e infer_ms=69.9
INFO:mme_vla_suite.serving.websocket_policy_server:TIMING infer_ms=69.9
INFO:mme_vla_suite.serving.websocket_policy_server:TIMING add_buffer_ms=1460.9 frames=16 exec_start_idx=0
MV_INFER cond=normal split=test task=VideoUnmaskSwap ep=9 ep_seq=12 infer_seq=58 t=1026 es=114 k=62 motion_frames=0,16,32,48,64,80,114,130,146,162,178,194,210,226,242,258,274,290,306,322,338,354,370,386,402,418,434,450,466,482,498,514,530,546,562,578,594,610,626,642,658,674,690,706,722,738,754,770,786,802,818,834,850,866,882,898,914,930,946,962,978,994 motion_emb_sha=893cc42ea086e159 motion_pos_sha=a9fd34c43ba73abf motion_mask=111111111111111111111111111111111111111111111111111111111111110000000000000000000000000000000000 mem_order_sha=5bb893874aabade9 motion_cols_sha=9e978042bcf2c4f2 donor=None cover=exact:0,fallback:0,cycle:0,cross_seg:0 gate=none num_steps=10 act_sha=90da0ddf26f3cfa9 infer_ms=69.7
INFO:mme_vla_suite.serving.websocket_policy_server:TIMING infer_ms=69.7
INFO:mme_vla_suite.serving.websocket_policy_server:TIMING add_buffer_ms=1461.5 frames=16 exec_start_idx=0
MV_INFER cond=normal split=test task=VideoUnmaskSwap ep=9 ep_seq=12 infer_seq=59 t=1042 es=114 k=63 motion_frames=0,16,32,48,64,80,114,130,146,162,178,194,210,226,242,258,274,290,306,322,338,354,370,386,402,418,434,450,466,482,498,514,530,546,562,578,594,610,626,642,658,674,690,706,722,738,754,770,786,802,818,834,850,866,882,898,914,930,946,962,978,994,1010 motion_emb_sha=c64a89bfe70ed8ff motion_pos_sha=d65b7355b1e984f8 motion_mask=111111111111111111111111111111111111111111111111111111111111111000000000000000000000000000000000 mem_order_sha=0e81302bddf075e0 motion_cols_sha=5406ce1fc92c45d8 donor=None cover=exact:0,fallback:0,cycle:0,cross_seg:0 gate=none num_steps=10 act_sha=b52895fda74f637f infer_ms=69.5
INFO:mme_vla_suite.serving.websocket_policy_server:TIMING infer_ms=69.5
INFO:mme_vla_suite.serving.websocket_policy_server:TIMING add_buffer_ms=1456.0 frames=16 exec_start_idx=0
MV_INFER cond=normal split=test task=VideoUnmaskSwap ep=9 ep_seq=12 infer_seq=60 t=1058 es=114 k=64 motion_frames=0,16,32,48,64,80,114,130,146,162,178,194,210,226,242,258,274,290,306,322,338,354,370,386,402,418,434,450,466,482,498,514,530,546,562,578,594,610,626,642,658,674,690,706,722,738,754,770,786,802,818,834,850,866,882,898,914,930,946,962,978,994,1010,1026 motion_emb_sha=1b8d40c92be55abb motion_pos_sha=68ce14714b4f8829 motion_mask=111111111111111111111111111111111111111111111111111111111111111100000000000000000000000000000000 mem_order_sha=7a19351f4376a305 motion_cols_sha=dc5bbe0df3d49ebb donor=None cover=exact:0,fallback:0,cycle:0,cross_seg:0 gate=none num_steps=10 act_sha=a1f83f570eeccfcc infer_ms=69.4
INFO:mme_vla_suite.serving.websocket_policy_server:TIMING infer_ms=69.4
INFO:mme_vla_suite.serving.websocket_policy_server:TIMING add_buffer_ms=1456.9 frames=16 exec_start_idx=0
MV_INFER cond=normal split=test task=VideoUnmaskSwap ep=9 ep_seq=12 infer_seq=61 t=1074 es=114 k=65 motion_frames=0,16,32,48,64,80,114,130,146,162,178,194,210,226,242,258,274,290,306,322,338,354,370,386,402,418,434,450,466,482,498,514,530,546,562,578,594,610,626,642,658,674,690,706,722,738,754,770,786,802,818,834,850,866,882,898,914,930,946,962,978,994,1010,1026,1042 motion_emb_sha=3beb082ed4e03cf5 motion_pos_sha=e73a19af5e055851 motion_mask=111111111111111111111111111111111111111111111111111111111111111110000000000000000000000000000000 mem_order_sha=b601c04ef9e0dbc6 motion_cols_sha=890fca657d099dbf donor=None cover=exact:0,fallback:0,cycle:0,cross_seg:0 gate=none num_steps=10 act_sha=45692b0b66917c38 infer_ms=69.3
INFO:mme_vla_suite.serving.websocket_policy_server:TIMING infer_ms=69.3
INFO:mme_vla_suite.serving.websocket_policy_server:TIMING add_buffer_ms=1456.1 frames=16 exec_start_idx=0
MV_INFER cond=normal split=test task=VideoUnmaskSwap ep=9 ep_seq=12 infer_seq=62 t=1090 es=114 k=66 motion_frames=0,16,32,48,64,80,114,130,146,162,178,194,210,226,242,258,274,290,306,322,338,354,370,386,402,418,434,450,466,482,498,514,530,546,562,578,594,610,626,642,658,674,690,706,722,738,754,770,786,802,818,834,850,866,882,898,914,930,946,962,978,994,1010,1026,1042,1058 motion_emb_sha=4ee29032808ce78a motion_pos_sha=fbb7ba53725d9caa motion_mask=111111111111111111111111111111111111111111111111111111111111111111000000000000000000000000000000 mem_order_sha=09d3f5b5dd76b6e9 motion_cols_sha=25c9a528ac0a9932 donor=None cover=exact:0,fallback:0,cycle:0,cross_seg:0 gate=none num_steps=10 act_sha=908eef4fc5f73acb infer_ms=69.5
INFO:mme_vla_suite.serving.websocket_policy_server:TIMING infer_ms=69.5
INFO:mme_vla_suite.serving.websocket_policy_server:TIMING add_buffer_ms=1457.3 frames=16 exec_start_idx=0
MV_INFER cond=normal split=test task=VideoUnmaskSwap ep=9 ep_seq=12 infer_seq=63 t=1106 es=114 k=67 motion_frames=0,16,32,48,64,80,114,130,146,162,178,194,210,226,242,258,274,290,306,322,338,354,370,386,402,418,434,450,466,482,498,514,530,546,562,578,594,610,626,642,658,674,690,706,722,738,754,770,786,802,818,834,850,866,882,898,914,930,946,962,978,994,1010,1026,1042,1058,1074 motion_emb_sha=ae1cfed5695483a8 motion_pos_sha=c285c2983f592cb4 motion_mask=111111111111111111111111111111111111111111111111111111111111111111100000000000000000000000000000 mem_order_sha=d286e2d851463be3 motion_cols_sha=c30c2969e0b64272 donor=None cover=exact:0,fallback:0,cycle:0,cross_seg:0 gate=none num_steps=10 act_sha=0dfc3f98d3c65065 infer_ms=69.6
INFO:mme_vla_suite.serving.websocket_policy_server:TIMING infer_ms=69.6
INFO:mme_vla_suite.serving.websocket_policy_server:TIMING add_buffer_ms=1457.1 frames=16 exec_start_idx=0
MV_INFER cond=normal split=test task=VideoUnmaskSwap ep=9 ep_seq=12 infer_seq=64 t=1122 es=114 k=68 motion_frames=0,16,32,48,64,80,114,130,146,162,178,194,210,226,242,258,274,290,306,322,338,354,370,386,402,418,434,450,466,482,498,514,530,546,562,578,594,610,626,642,658,674,690,706,722,738,754,770,786,802,818,834,850,866,882,898,914,930,946,962,978,994,1010,1026,1042,1058,1074,1090 motion_emb_sha=583e237ed9ed0a68 motion_pos_sha=0d5d4ba65afa0857 motion_mask=111111111111111111111111111111111111111111111111111111111111111111110000000000000000000000000000 mem_order_sha=fcc8990fd6205a78 motion_cols_sha=bc81ec06115cc100 donor=None cover=exact:0,fallback:0,cycle:0,cross_seg:0 gate=none num_steps=10 act_sha=6b5ab7aaf4767d52 infer_ms=69.3
INFO:mme_vla_suite.serving.websocket_policy_server:TIMING infer_ms=69.3
INFO:mme_vla_suite.serving.websocket_policy_server:TIMING add_buffer_ms=1456.5 frames=16 exec_start_idx=0
MV_INFER cond=normal split=test task=VideoUnmaskSwap ep=9 ep_seq=12 infer_seq=65 t=1138 es=114 k=69 motion_frames=0,16,32,48,64,80,114,130,146,162,178,194,210,226,242,258,274,290,306,322,338,354,370,386,402,418,434,450,466,482,498,514,530,546,562,578,594,610,626,642,658,674,690,706,722,738,754,770,786,802,818,834,850,866,882,898,914,930,946,962,978,994,1010,1026,1042,1058,1074,1090,1106 motion_emb_sha=888837b1c993992c motion_pos_sha=4a0dd34554d9b50a motion_mask=111111111111111111111111111111111111111111111111111111111111111111111000000000000000000000000000 mem_order_sha=b78b9750c97933d5 motion_cols_sha=5410c8f3de54e7b5 donor=None cover=exact:0,fallback:0,cycle:0,cross_seg:0 gate=none num_steps=10 act_sha=a133c8aa1c1f8ec9 infer_ms=69.3
INFO:mme_vla_suite.serving.websocket_policy_server:TIMING infer_ms=69.3
INFO:mme_vla_suite.serving.websocket_policy_server:TIMING add_buffer_ms=1455.7 frames=16 exec_start_idx=0
MV_INFER cond=normal split=test task=VideoUnmaskSwap ep=9 ep_seq=12 infer_seq=66 t=1154 es=114 k=70 motion_frames=0,16,32,48,64,80,114,130,146,162,178,194,210,226,242,258,274,290,306,322,338,354,370,386,402,418,434,450,466,482,498,514,530,546,562,578,594,610,626,642,658,674,690,706,722,738,754,770,786,802,818,834,850,866,882,898,914,930,946,962,978,994,1010,1026,1042,1058,1074,1090,1106,1122 motion_emb_sha=afd654eac6597ff1 motion_pos_sha=d453eb72041a7142 motion_mask=111111111111111111111111111111111111111111111111111111111111111111111100000000000000000000000000 mem_order_sha=3d108d5ca0c70839 motion_cols_sha=5c32357c7498011b donor=None cover=exact:0,fallback:0,cycle:0,cross_seg:0 gate=none num_steps=10 act_sha=0dad7ccb5207e422 infer_ms=69.8
INFO:mme_vla_suite.serving.websocket_policy_server:TIMING infer_ms=69.8
INFO:mme_vla_suite.serving.websocket_policy_server:TIMING add_buffer_ms=1463.6 frames=16 exec_start_idx=0
MV_INFER cond=normal split=test task=VideoUnmaskSwap ep=9 ep_seq=12 infer_seq=67 t=1170 es=114 k=71 motion_frames=0,16,32,48,64,80,114,130,146,162,178,194,210,226,242,258,274,290,306,322,338,354,370,386,402,418,434,450,466,482,498,514,530,546,562,578,594,610,626,642,658,674,690,706,722,738,754,770,786,802,818,834,850,866,882,898,914,930,946,962,978,994,1010,1026,1042,1058,1074,1090,1106,1122,1138 motion_emb_sha=858abff4fc19fde4 motion_pos_sha=97be882eb7892516 motion_mask=111111111111111111111111111111111111111111111111111111111111111111111110000000000000000000000000 mem_order_sha=d8911d4dcb9816ff motion_cols_sha=63019f0fb3a31085 donor=None cover=exact:0,fallback:0,cycle:0,cross_seg:0 gate=none num_steps=10 act_sha=cb3f3ac379b7ee99 infer_ms=69.5
INFO:mme_vla_suite.serving.websocket_policy_server:TIMING infer_ms=69.5
INFO:mme_vla_suite.serving.websocket_policy_server:TIMING add_buffer_ms=1456.0 frames=16 exec_start_idx=0
MV_INFER cond=normal split=test task=VideoUnmaskSwap ep=9 ep_seq=12 infer_seq=68 t=1186 es=114 k=72 motion_frames=0,16,32,48,64,80,114,130,146,162,178,194,210,226,242,258,274,290,306,322,338,354,370,386,402,418,434,450,466,482,498,514,530,546,562,578,594,610,626,642,658,674,690,706,722,738,754,770,786,802,818,834,850,866,882,898,914,930,946,962,978,994,1010,1026,1042,1058,1074,1090,1106,1122,1138,1154 motion_emb_sha=1150779e98247b3d motion_pos_sha=527db4d19095e99e motion_mask=111111111111111111111111111111111111111111111111111111111111111111111111000000000000000000000000 mem_order_sha=5516fb617e9675da motion_cols_sha=e3ddf056c77d54cf donor=None cover=exact:0,fallback:0,cycle:0,cross_seg:0 gate=none num_steps=10 act_sha=46f0ceefe5c63ef8 infer_ms=69.9
INFO:mme_vla_suite.serving.websocket_policy_server:TIMING infer_ms=69.9
INFO:mme_vla_suite.serving.websocket_policy_server:TIMING add_buffer_ms=1456.3 frames=16 exec_start_idx=0
MV_INFER cond=normal split=test task=VideoUnmaskSwap ep=9 ep_seq=12 infer_seq=69 t=1202 es=114 k=73 motion_frames=0,16,32,48,64,80,114,130,146,162,178,194,210,226,242,258,274,290,306,322,338,354,370,386,402,418,434,450,466,482,498,514,530,546,562,578,594,610,626,642,658,674,690,706,722,738,754,770,786,802,818,834,850,866,882,898,914,930,946,962,978,994,1010,1026,1042,1058,1074,1090,1106,1122,1138,1154,1170 motion_emb_sha=7ad89c6b914682a4 motion_pos_sha=383919c7d9275935 motion_mask=111111111111111111111111111111111111111111111111111111111111111111111111100000000000000000000000 mem_order_sha=dd4fd2ca0f1412be motion_cols_sha=cb8841baebe24b96 donor=None cover=exact:0,fallback:0,cycle:0,cross_seg:0 gate=none num_steps=10 act_sha=14bf881535ea1d14 infer_ms=69.6
INFO:mme_vla_suite.serving.websocket_policy_server:TIMING infer_ms=69.6
INFO:mme_vla_suite.serving.websocket_policy_server:TIMING add_buffer_ms=1455.7 frames=16 exec_start_idx=0
MV_INFER cond=normal split=test task=VideoUnmaskSwap ep=9 ep_seq=12 infer_seq=70 t=1218 es=114 k=74 motion_frames=0,16,32,48,64,80,114,130,146,162,178,194,210,226,242,258,274,290,306,322,338,354,370,386,402,418,434,450,466,482,498,514,530,546,562,578,594,610,626,642,658,674,690,706,722,738,754,770,786,802,818,834,850,866,882,898,914,930,946,962,978,994,1010,1026,1042,1058,1074,1090,1106,1122,1138,1154,1170,1186 motion_emb_sha=7e40b452dca33962 motion_pos_sha=12235208f272805b motion_mask=111111111111111111111111111111111111111111111111111111111111111111111111110000000000000000000000 mem_order_sha=85778cc66634e0bb motion_cols_sha=7119c3770b6a85f1 donor=None cover=exact:0,fallback:0,cycle:0,cross_seg:0 gate=none num_steps=10 act_sha=839145d9d5a6fac8 infer_ms=69.8
INFO:mme_vla_suite.serving.websocket_policy_server:TIMING infer_ms=69.8
INFO:mme_vla_suite.serving.websocket_policy_server:TIMING add_buffer_ms=1454.7 frames=16 exec_start_idx=0
MV_INFER cond=normal split=test task=VideoUnmaskSwap ep=9 ep_seq=12 infer_seq=71 t=1234 es=114 k=75 motion_frames=0,16,32,48,64,80,114,130,146,162,178,194,210,226,242,258,274,290,306,322,338,354,370,386,402,418,434,450,466,482,498,514,530,546,562,578,594,610,626,642,658,674,690,706,722,738,754,770,786,802,818,834,850,866,882,898,914,930,946,962,978,994,1010,1026,1042,1058,1074,1090,1106,1122,1138,1154,1170,1186,1202 motion_emb_sha=ad2acd00d72b3695 motion_pos_sha=9f4b17a60400e4fc motion_mask=111111111111111111111111111111111111111111111111111111111111111111111111111000000000000000000000 mem_order_sha=074c503607dc30bc motion_cols_sha=09951f3ca1b1da54 donor=None cover=exact:0,fallback:0,cycle:0,cross_seg:0 gate=none num_steps=10 act_sha=2236026c2e25520f infer_ms=69.7
INFO:mme_vla_suite.serving.websocket_policy_server:TIMING infer_ms=69.7
INFO:mme_vla_suite.serving.websocket_policy_server:TIMING add_buffer_ms=1463.5 frames=16 exec_start_idx=0
MV_INFER cond=normal split=test task=VideoUnmaskSwap ep=9 ep_seq=12 infer_seq=72 t=1250 es=114 k=76 motion_frames=0,16,32,48,64,80,114,130,146,162,178,194,210,226,242,258,274,290,306,322,338,354,370,386,402,418,434,450,466,482,498,514,530,546,562,578,594,610,626,642,658,674,690,706,722,738,754,770,786,802,818,834,850,866,882,898,914,930,946,962,978,994,1010,1026,1042,1058,1074,1090,1106,1122,1138,1154,1170,1186,1202,1218 motion_emb_sha=d49b0e2848fb1a51 motion_pos_sha=4c4dc55fe685d879 motion_mask=111111111111111111111111111111111111111111111111111111111111111111111111111100000000000000000000 mem_order_sha=8cd7aba439834e45 motion_cols_sha=a73d0a5557f7a72b donor=None cover=exact:0,fallback:0,cycle:0,cross_seg:0 gate=none num_steps=10 act_sha=9e5ec81d9540b0b3 infer_ms=70.2
INFO:mme_vla_suite.serving.websocket_policy_server:TIMING infer_ms=70.2
INFO:mme_vla_suite.serving.websocket_policy_server:TIMING add_buffer_ms=1456.1 frames=16 exec_start_idx=0
MV_INFER cond=normal split=test task=VideoUnmaskSwap ep=9 ep_seq=12 infer_seq=73 t=1266 es=114 k=77 motion_frames=0,16,32,48,64,80,114,130,146,162,178,194,210,226,242,258,274,290,306,322,338,354,370,386,402,418,434,450,466,482,498,514,530,546,562,578,594,610,626,642,658,674,690,706,722,738,754,770,786,802,818,834,850,866,882,898,914,930,946,962,978,994,1010,1026,1042,1058,1074,1090,1106,1122,1138,1154,1170,1186,1202,1218,1234 motion_emb_sha=dd10fa41c1010079 motion_pos_sha=99957af394a0cd40 motion_mask=111111111111111111111111111111111111111111111111111111111111111111111111111110000000000000000000 mem_order_sha=6e0418ca080114fb motion_cols_sha=349f431b2ac05d1c donor=None cover=exact:0,fallback:0,cycle:0,cross_seg:0 gate=none num_steps=10 act_sha=49ebf11d6b7e91a5 infer_ms=69.5
INFO:mme_vla_suite.serving.websocket_policy_server:TIMING infer_ms=69.5
INFO:mme_vla_suite.serving.websocket_policy_server:TIMING add_buffer_ms=1454.7 frames=16 exec_start_idx=0
MV_INFER cond=normal split=test task=VideoUnmaskSwap ep=9 ep_seq=12 infer_seq=74 t=1282 es=114 k=78 motion_frames=0,16,32,48,64,80,114,130,146,162,178,194,210,226,242,258,274,290,306,322,338,354,370,386,402,418,434,450,466,482,498,514,530,546,562,578,594,610,626,642,658,674,690,706,722,738,754,770,786,802,818,834,850,866,882,898,914,930,946,962,978,994,1010,1026,1042,1058,1074,1090,1106,1122,1138,1154,1170,1186,1202,1218,1234,1250 motion_emb_sha=b1c929c78c4a98d3 motion_pos_sha=8fc4975e122f2733 motion_mask=111111111111111111111111111111111111111111111111111111111111111111111111111111000000000000000000 mem_order_sha=b0143d1b23e234a9 motion_cols_sha=558cbd0ddb85b838 donor=None cover=exact:0,fallback:0,cycle:0,cross_seg:0 gate=none num_steps=10 act_sha=5978a5e04a3194eb infer_ms=69.4
INFO:mme_vla_suite.serving.websocket_policy_server:TIMING infer_ms=69.4
INFO:mme_vla_suite.serving.websocket_policy_server:TIMING add_buffer_ms=1457.0 frames=16 exec_start_idx=0
MV_INFER cond=normal split=test task=VideoUnmaskSwap ep=9 ep_seq=12 infer_seq=75 t=1298 es=114 k=79 motion_frames=0,16,32,48,64,80,114,130,146,162,178,194,210,226,242,258,274,290,306,322,338,354,370,386,402,418,434,450,466,482,498,514,530,546,562,578,594,610,626,642,658,674,690,706,722,738,754,770,786,802,818,834,850,866,882,898,914,930,946,962,978,994,1010,1026,1042,1058,1074,1090,1106,1122,1138,1154,1170,1186,1202,1218,1234,1250,1266 motion_emb_sha=cb851c53ea931dda motion_pos_sha=567963ae10e3382c motion_mask=111111111111111111111111111111111111111111111111111111111111111111111111111111100000000000000000 mem_order_sha=a013b0d82bc0d97a motion_cols_sha=547a1ac4654c286c donor=None cover=exact:0,fallback:0,cycle:0,cross_seg:0 gate=none num_steps=10 act_sha=64ddc8ff7a899cdd infer_ms=69.3
INFO:mme_vla_suite.serving.websocket_policy_server:TIMING infer_ms=69.3
INFO:mme_vla_suite.serving.websocket_policy_server:TIMING add_buffer_ms=1470.6 frames=16 exec_start_idx=0
MV_INFER cond=normal split=test task=VideoUnmaskSwap ep=9 ep_seq=12 infer_seq=76 t=1314 es=114 k=80 motion_frames=0,16,32,48,64,80,114,130,146,162,178,194,210,226,242,258,274,290,306,322,338,354,370,386,402,418,434,450,466,482,498,514,530,546,562,578,594,610,626,642,658,674,690,706,722,738,754,770,786,802,818,834,850,866,882,898,914,930,946,962,978,994,1010,1026,1042,1058,1074,1090,1106,1122,1138,1154,1170,1186,1202,1218,1234,1250,1266,1282 motion_emb_sha=ec801434dae6b79a motion_pos_sha=a3d8510f95d0cf8a motion_mask=111111111111111111111111111111111111111111111111111111111111111111111111111111110000000000000000 mem_order_sha=18eb7627810dd2df motion_cols_sha=04567d6627fae1ff donor=None cover=exact:0,fallback:0,cycle:0,cross_seg:0 gate=none num_steps=10 act_sha=5bd7283318685c86 infer_ms=69.4
INFO:mme_vla_suite.serving.websocket_policy_server:TIMING infer_ms=69.4
INFO:mme_vla_suite.serving.websocket_policy_server:TIMING add_buffer_ms=1457.8 frames=16 exec_start_idx=0
MV_INFER cond=normal split=test task=VideoUnmaskSwap ep=9 ep_seq=12 infer_seq=77 t=1330 es=114 k=81 motion_frames=0,16,32,48,64,80,114,130,146,162,178,194,210,226,242,258,274,290,306,322,338,354,370,386,402,418,434,450,466,482,498,514,530,546,562,578,594,610,626,642,658,674,690,706,722,738,754,770,786,802,818,834,850,866,882,898,914,930,946,962,978,994,1010,1026,1042,1058,1074,1090,1106,1122,1138,1154,1170,1186,1202,1218,1234,1250,1266,1282,1298 motion_emb_sha=8d2b0d9a96df0cff motion_pos_sha=ca9f496c3be9badc motion_mask=111111111111111111111111111111111111111111111111111111111111111111111111111111111000000000000000 mem_order_sha=f0a301b992be137a motion_cols_sha=eea74de565fbc1e4 donor=None cover=exact:0,fallback:0,cycle:0,cross_seg:0 gate=none num_steps=10 act_sha=cb962457acb7d97a infer_ms=70.5
INFO:mme_vla_suite.serving.websocket_policy_server:TIMING infer_ms=70.5
INFO:mme_vla_suite.serving.websocket_policy_server:TIMING add_buffer_ms=1457.7 frames=16 exec_start_idx=0
MV_INFER cond=normal split=test task=VideoUnmaskSwap ep=9 ep_seq=12 infer_seq=78 t=1346 es=114 k=82 motion_frames=0,16,32,48,64,80,114,130,146,162,178,194,210,226,242,258,274,290,306,322,338,354,370,386,402,418,434,450,466,482,498,514,530,546,562,578,594,610,626,642,658,674,690,706,722,738,754,770,786,802,818,834,850,866,882,898,914,930,946,962,978,994,1010,1026,1042,1058,1074,1090,1106,1122,1138,1154,1170,1186,1202,1218,1234,1250,1266,1282,1298,1314 motion_emb_sha=6ea59ffde1ba13e6 motion_pos_sha=d707aaff7f4b15c5 motion_mask=111111111111111111111111111111111111111111111111111111111111111111111111111111111100000000000000 mem_order_sha=c75f757d03a3b100 motion_cols_sha=1058626bcd238dcb donor=None cover=exact:0,fallback:0,cycle:0,cross_seg:0 gate=none num_steps=10 act_sha=6ee0031ed343916d infer_ms=69.6
INFO:mme_vla_suite.serving.websocket_policy_server:TIMING infer_ms=69.6
INFO:mme_vla_suite.serving.websocket_policy_server:TIMING add_buffer_ms=1454.9 frames=16 exec_start_idx=0
MV_INFER cond=normal split=test task=VideoUnmaskSwap ep=9 ep_seq=12 infer_seq=79 t=1362 es=114 k=83 motion_frames=0,16,32,48,64,80,114,130,146,162,178,194,210,226,242,258,274,290,306,322,338,354,370,386,402,418,434,450,466,482,498,514,530,546,562,578,594,610,626,642,658,674,690,706,722,738,754,770,786,802,818,834,850,866,882,898,914,930,946,962,978,994,1010,1026,1042,1058,1074,1090,1106,1122,1138,1154,1170,1186,1202,1218,1234,1250,1266,1282,1298,1314,1330 motion_emb_sha=a52be99dbaf1107b motion_pos_sha=390c1aecdbc04220 motion_mask=111111111111111111111111111111111111111111111111111111111111111111111111111111111110000000000000 mem_order_sha=a253d88d1c76f054 motion_cols_sha=6186e96835cf6af8 donor=None cover=exact:0,fallback:0,cycle:0,cross_seg:0 gate=none num_steps=10 act_sha=5254c153f29a7765 infer_ms=70.3
INFO:mme_vla_suite.serving.websocket_policy_server:TIMING infer_ms=70.3
INFO:mme_vla_suite.serving.websocket_policy_server:TIMING add_buffer_ms=1457.3 frames=16 exec_start_idx=0
MV_INFER cond=normal split=test task=VideoUnmaskSwap ep=9 ep_seq=12 infer_seq=80 t=1378 es=114 k=84 motion_frames=0,16,32,48,64,80,114,130,146,162,178,194,210,226,242,258,274,290,306,322,338,354,370,386,402,418,434,450,466,482,498,514,530,546,562,578,594,610,626,642,658,674,690,706,722,738,754,770,786,802,818,834,850,866,882,898,914,930,946,962,978,994,1010,1026,1042,1058,1074,1090,1106,1122,1138,1154,1170,1186,1202,1218,1234,1250,1266,1282,1298,1314,1330,1346 motion_emb_sha=889cf9908ee07245 motion_pos_sha=972b29306a14f297 motion_mask=111111111111111111111111111111111111111111111111111111111111111111111111111111111111000000000000 mem_order_sha=99f995d40151631c motion_cols_sha=07f3abed5d8aad7a donor=None cover=exact:0,fallback:0,cycle:0,cross_seg:0 gate=none num_steps=10 act_sha=100523daa395c841 infer_ms=69.7
INFO:mme_vla_suite.serving.websocket_policy_server:TIMING infer_ms=69.7
INFO:mme_vla_suite.serving.websocket_policy_server:TIMING add_buffer_ms=1461.4 frames=16 exec_start_idx=0
MV_INFER cond=normal split=test task=VideoUnmaskSwap ep=9 ep_seq=12 infer_seq=81 t=1394 es=114 k=85 motion_frames=0,16,32,48,64,80,114,130,146,162,178,194,210,226,242,258,274,290,306,322,338,354,370,386,402,418,434,450,466,482,498,514,530,546,562,578,594,610,626,642,658,674,690,706,722,738,754,770,786,802,818,834,850,866,882,898,914,930,946,962,978,994,1010,1026,1042,1058,1074,1090,1106,1122,1138,1154,1170,1186,1202,1218,1234,1250,1266,1282,1298,1314,1330,1346,1362 motion_emb_sha=1e653d4e88cf0f8f motion_pos_sha=ca5661e011e4ec66 motion_mask=111111111111111111111111111111111111111111111111111111111111111111111111111111111111100000000000 mem_order_sha=b95b715cf5b00f32 motion_cols_sha=e1331bed6f538313 donor=None cover=exact:0,fallback:0,cycle:0,cross_seg:0 gate=none num_steps=10 act_sha=4ee383c942317559 infer_ms=69.8
INFO:mme_vla_suite.serving.websocket_policy_server:TIMING infer_ms=69.8
INFO:mme_vla_suite.serving.websocket_policy_server:TIMING add_buffer_ms=1455.5 frames=16 exec_start_idx=0
MV_INFER cond=normal split=test task=VideoUnmaskSwap ep=9 ep_seq=12 infer_seq=82 t=1410 es=114 k=86 motion_frames=0,16,32,48,64,80,114,130,146,162,178,194,210,226,242,258,274,290,306,322,338,354,370,386,402,418,434,450,466,482,498,514,530,546,562,578,594,610,626,642,658,674,690,706,722,738,754,770,786,802,818,834,850,866,882,898,914,930,946,962,978,994,1010,1026,1042,1058,1074,1090,1106,1122,1138,1154,1170,1186,1202,1218,1234,1250,1266,1282,1298,1314,1330,1346,1362,1378 motion_emb_sha=60c904272f30626b motion_pos_sha=332d81d88e0e0c6c motion_mask=111111111111111111111111111111111111111111111111111111111111111111111111111111111111110000000000 mem_order_sha=b7322e612b80f396 motion_cols_sha=db6c8e823496a7b5 donor=None cover=exact:0,fallback:0,cycle:0,cross_seg:0 gate=none num_steps=10 act_sha=4bd7248454f462ba infer_ms=70.4
INFO:mme_vla_suite.serving.websocket_policy_server:TIMING infer_ms=70.4
INFO:mme_vla_suite.serving.websocket_policy_server:Connection from ('127.0.0.1', 33020) closed
INFO:mme_vla_suite.serving.websocket_policy_server:Connection from ('127.0.0.1', 60574) closed
INFO:mme_vla_suite.serving.websocket_policy_server:Connection from ('127.0.0.1', 35462) closed
INFO:mme_vla_suite.serving.websocket_policy_server:Connection from ('127.0.0.1', 54778) closed
INFO:mme_vla_suite.serving.websocket_policy_server:Connection from ('127.0.0.1', 38124) closed
INFO:mme_vla_suite.serving.websocket_policy_server:Connection from ('127.0.0.1', 40868) closed
INFO:mme_vla_suite.serving.websocket_policy_server:Connection from ('127.0.0.1', 56696) closed
INFO:mme_vla_suite.serving.websocket_policy_server:Connection from ('127.0.0.1', 60880) closed
INFO:mme_vla_suite.serving.websocket_policy_server:Connection from ('127.0.0.1', 47102) closed
INFO:mme_vla_suite.serving.websocket_policy_server:Connection from ('127.0.0.1', 48704) closed
INFO:mme_vla_suite.serving.websocket_policy_server:Connection from ('127.0.0.1', 48728) closed
INFO:mme_vla_suite.serving.websocket_policy_server:Connection from ('127.0.0.1', 47962) closed
[sidecar pid=832983] 请求接收失败，退出: 对端 EOF：已收 0/12 字节
