2026/08/28 13:21:43.769, 0, 0, 0
2026/08/28 13:21:43.772, 1, 0, 0
2026/08/28 13:21:43.775, 2, 0, 0
2026/08/28 13:21:43.778, 3, 0, 0
2026/08/28 13:21:44.281, 0, 0, 0
2026/08/28 13:21:44.281, 1, 0, 0
2026/08/28 13:21:44.281, 2, 0, 0
2026/08/28 13:21:44.281, 3, 0, 0
2026/08/28 13:21:44.781, 0, 0, 0
2026/08/28 13:21:44.781, 1, 0, 0
2026/08/28 13:21:44.781, 2, 0, 0
2026/08/28 13:21:44.781, 3, 0, 0
2026/08/28 13:21:45.281, 0, 0, 0
2026/08/28 13:21:45.281, 1, 0, 0
2026/08/28 13:21:45.281, 2, 0, 0
2026/08/28 13:21:45.281, 3, 0, 0
2026/08/28 13:21:45.782, 0, 0, 0
2026/08/28 13:21:45.782, 1, 0, 0
2026/08/28 13:21:45.782, 2, 0, 0
2026/08/28 13:21:45.782, 3, 0, 0
2026/08/28 13:21:46.282, 0, 0, 0
2026/08/28 13:21:46.282, 1, 0, 0
2026/08/28 13:21:46.282, 2, 0, 0
2026/08/28 13:21:46.282, 3, 0, 0
2026/08/28 13:21:46.782, 0, 0, 0
2026/08/28 13:21:46.782, 1, 0, 0
2026/08/28 13:21:46.782, 2, 0, 0
2026/08/28 13:21:46.782, 3, 0, 0
2026/08/28 13:21:47.282, 0, 0, 0
2026/08/28 13:21:47.282, 1, 0, 0
2026/08/28 13:21:47.282, 2, 0, 0
2026/08/28 13:21:47.282, 3, 0, 0
2026/08/28 13:21:47.782, 0, 0, 0
2026/08/28 13:21:47.782, 1, 0, 0
2026/08/28 13:21:47.782, 2, 0, 0
2026/08/28 13:21:47.782, 3, 0, 0
2026/08/28 13:21:48.282, 0, 0, 0
2026/08/28 13:21:48.282, 1, 0, 0
2026/08/28 13:21:48.283, 2, 0, 0
2026/08/28 13:21:48.283, 3, 0, 0
2026/08/28 13:21:48.783, 0, 0, 0
2026/08/28 13:21:48.783, 1, 0, 0
2026/08/28 13:21:48.783, 2, 0, 0
2026/08/28 13:21:48.783, 3, 0, 0
2026/08/28 13:21:49.283, 0, 0, 0
2026/08/28 13:21:49.283, 1, 0, 0
2026/08/28 13:21:49.283, 2, 0, 0
2026/08/28 13:21:49.283, 3, 0, 0
2026/08/28 13:21:49.783, 0, 0, 0
2026/08/28 13:21:49.783, 1, 0, 0
2026/08/28 13:21:49.783, 2, 0, 0
2026/08/28 13:21:49.783, 3, 0, 0
2026/08/28 13:21:50.283, 0, 0, 0
2026/08/28 13:21:50.283, 1, 0, 0
2026/08/28 13:21:50.283, 2, 0, 0
2026/08/28 13:21:50.283, 3, 0, 0
2026/08/28 13:21:50.783, 0, 0, 0
2026/08/28 13:21:50.783, 1, 0, 0
2026/08/28 13:21:50.783, 2, 0, 0
2026/08/28 13:21:50.783, 3, 0, 0
2026/08/28 13:21:51.283, 0, 0, 0
2026/08/28 13:21:51.283, 1, 0, 0
2026/08/28 13:21:51.283, 2, 0, 0
2026/08/28 13:21:51.283, 3, 0, 0
2026/08/28 13:21:51.783, 0, 0, 0
2026/08/28 13:21:51.783, 1, 0, 0
2026/08/28 13:21:51.783, 2, 0, 0
2026/08/28 13:21:51.783, 3, 0, 0
2026/08/28 13:21:52.283, 0, 0, 0
2026/08/28 13:21:52.283, 1, 0, 0
2026/08/28 13:21:52.283, 2, 0, 0
2026/08/28 13:21:52.283, 3, 0, 0
2026/08/28 13:21:52.783, 0, 0, 0
2026/08/28 13:21:52.783, 1, 0, 0
2026/08/28 13:21:52.784, 2, 0, 0
2026/08/28 13:21:52.784, 3, 0, 0
2026/08/28 13:21:53.284, 0, 0, 0
2026/08/28 13:21:53.284, 1, 0, 0
2026/08/28 13:21:53.284, 2, 0, 0
2026/08/28 13:21:53.284, 3, 0, 0
2026/08/28 13:21:53.784, 0, 0, 0
2026/08/28 13:21:53.784, 1, 0, 0
2026/08/28 13:21:53.784, 2, 0, 0
2026/08/28 13:21:53.784, 3, 0, 0
2026/08/28 13:21:54.284, 0, 0, 0
2026/08/28 13:21:54.284, 1, 0, 0
2026/08/28 13:21:54.284, 2, 0, 0
2026/08/28 13:21:54.284, 3, 0, 0
2026/08/28 13:21:54.784, 0, 0, 0
2026/08/28 13:21:54.784, 1, 0, 0
2026/08/28 13:21:54.784, 2, 0, 0
2026/08/28 13:21:54.784, 3, 0, 0
2026/08/28 13:21:55.284, 0, 0, 0
2026/08/28 13:21:55.284, 1, 0, 0
2026/08/28 13:21:55.284, 2, 0, 0
2026/08/28 13:21:55.284, 3, 0, 0
2026/08/28 13:21:55.784, 0, 0, 0
2026/08/28 13:21:55.784, 1, 0, 0
2026/08/28 13:21:55.784, 2, 0, 0
2026/08/28 13:21:55.784, 3, 0, 0
2026/08/28 13:21:56.284, 0, 0, 0
2026/08/28 13:21:56.284, 1, 0, 0
2026/08/28 13:21:56.284, 2, 0, 0
2026/08/28 13:21:56.284, 3, 0, 0
2026/08/28 13:21:56.784, 0, 0, 0
2026/08/28 13:21:56.784, 1, 0, 0
2026/08/28 13:21:56.785, 2, 0, 0
2026/08/28 13:21:56.785, 3, 0, 0
2026/08/28 13:21:57.285, 0, 0, 0
2026/08/28 13:21:57.285, 1, 0, 0
2026/08/28 13:21:57.285, 2, 0, 0
2026/08/28 13:21:57.285, 3, 0, 0
2026/08/28 13:21:57.785, 0, 0, 0
2026/08/28 13:21:57.785, 1, 0, 0
2026/08/28 13:21:57.785, 2, 0, 0
2026/08/28 13:21:57.785, 3, 0, 0
2026/08/28 13:21:58.285, 0, 0, 0
2026/08/28 13:21:58.285, 1, 0, 0
2026/08/28 13:21:58.285, 2, 0, 0
2026/08/28 13:21:58.285, 3, 0, 0
2026/08/28 13:21:58.785, 0, 0, 0
2026/08/28 13:21:58.785, 1, 0, 0
2026/08/28 13:21:58.785, 2, 0, 0
2026/08/28 13:21:58.785, 3, 0, 0
2026/08/28 13:21:59.285, 0, 0, 0
2026/08/28 13:21:59.285, 1, 0, 0
2026/08/28 13:21:59.285, 2, 0, 0
2026/08/28 13:21:59.285, 3, 0, 0
2026/08/28 13:21:59.785, 0, 0, 0
2026/08/28 13:21:59.785, 1, 0, 0
2026/08/28 13:21:59.785, 2, 0, 0
2026/08/28 13:21:59.785, 3, 0, 0
2026/08/28 13:22:00.285, 0, 0, 0
2026/08/28 13:22:00.285, 1, 0, 0
2026/08/28 13:22:00.285, 2, 0, 0
2026/08/28 13:22:00.285, 3, 0, 0
2026/08/28 13:22:00.785, 0, 0, 0
2026/08/28 13:22:00.786, 1, 0, 0
2026/08/28 13:22:00.786, 2, 0, 0
2026/08/28 13:22:00.786, 3, 0, 0
2026/08/28 13:22:01.286, 0, 0, 0
2026/08/28 13:22:01.286, 1, 0, 0
2026/08/28 13:22:01.286, 2, 0, 0
2026/08/28 13:22:01.286, 3, 0, 0
2026/08/28 13:22:01.786, 0, 0, 0
2026/08/28 13:22:01.786, 1, 0, 0
2026/08/28 13:22:01.786, 2, 0, 0
2026/08/28 13:22:01.786, 3, 0, 0
2026/08/28 13:22:02.286, 0, 0, 0
2026/08/28 13:22:02.286, 1, 0, 0
2026/08/28 13:22:02.286, 2, 0, 0
2026/08/28 13:22:02.286, 3, 0, 0
2026/08/28 13:22:02.786, 0, 0, 0
2026/08/28 13:22:02.786, 1, 0, 0
2026/08/28 13:22:02.786, 2, 0, 0
2026/08/28 13:22:02.786, 3, 0, 0
2026/08/28 13:22:03.286, 0, 0, 0
2026/08/28 13:22:03.286, 1, 0, 0
2026/08/28 13:22:03.286, 2, 0, 0
2026/08/28 13:22:03.286, 3, 0, 0
2026/08/28 13:22:03.786, 0, 0, 0
2026/08/28 13:22:03.786, 1, 0, 0
2026/08/28 13:22:03.786, 2, 0, 0
2026/08/28 13:22:03.786, 3, 0, 0
2026/08/28 13:22:04.286, 0, 0, 0
2026/08/28 13:22:04.286, 1, 0, 0
2026/08/28 13:22:04.286, 2, 0, 0
2026/08/28 13:22:04.286, 3, 0, 0
2026/08/28 13:22:04.786, 0, 0, 0
2026/08/28 13:22:04.786, 1, 0, 0
2026/08/28 13:22:04.786, 2, 0, 0
2026/08/28 13:22:04.786, 3, 0, 0
2026/08/28 13:22:05.287, 0, 0, 0
2026/08/28 13:22:05.287, 1, 0, 0
2026/08/28 13:22:05.287, 2, 0, 0
2026/08/28 13:22:05.287, 3, 0, 0
2026/08/28 13:22:05.787, 0, 0, 0
2026/08/28 13:22:05.787, 1, 0, 0
2026/08/28 13:22:05.787, 2, 0, 0
2026/08/28 13:22:05.787, 3, 0, 0
2026/08/28 13:22:06.287, 0, 0, 0
2026/08/28 13:22:06.287, 1, 0, 0
2026/08/28 13:22:06.287, 2, 0, 0
2026/08/28 13:22:06.287, 3, 0, 0
2026/08/28 13:22:06.787, 0, 0, 0
2026/08/28 13:22:06.787, 1, 0, 0
2026/08/28 13:22:06.787, 2, 0, 0
2026/08/28 13:22:06.787, 3, 0, 0
2026/08/28 13:22:07.287, 0, 0, 0
2026/08/28 13:22:07.287, 1, 0, 0
2026/08/28 13:22:07.287, 2, 0, 0
2026/08/28 13:22:07.287, 3, 0, 0
2026/08/28 13:22:07.787, 0, 0, 0
2026/08/28 13:22:07.787, 1, 0, 0
2026/08/28 13:22:07.787, 2, 0, 0
2026/08/28 13:22:07.787, 3, 0, 0
2026/08/28 13:22:08.287, 0, 0, 0
2026/08/28 13:22:08.287, 1, 0, 0
2026/08/28 13:22:08.287, 2, 0, 0
2026/08/28 13:22:08.287, 3, 0, 0
2026/08/28 13:22:08.787, 0, 0, 0
2026/08/28 13:22:08.787, 1, 0, 0
2026/08/28 13:22:08.787, 2, 0, 0
2026/08/28 13:22:08.787, 3, 0, 0
2026/08/28 13:22:09.287, 0, 0, 0
2026/08/28 13:22:09.287, 1, 0, 0
2026/08/28 13:22:09.287, 2, 0, 0
2026/08/28 13:22:09.288, 3, 0, 0
2026/08/28 13:22:09.788, 0, 0, 0
2026/08/28 13:22:09.788, 1, 0, 0
2026/08/28 13:22:09.788, 2, 0, 0
2026/08/28 13:22:09.788, 3, 0, 0
2026/08/28 13:22:10.288, 0, 0, 0
2026/08/28 13:22:10.288, 1, 0, 0
2026/08/28 13:22:10.288, 2, 0, 0
2026/08/28 13:22:10.288, 3, 0, 0
2026/08/28 13:22:10.788, 0, 0, 0
2026/08/28 13:22:10.788, 1, 0, 0
2026/08/28 13:22:10.788, 2, 0, 0
2026/08/28 13:22:10.788, 3, 0, 0
2026/08/28 13:22:11.288, 0, 0, 0
2026/08/28 13:22:11.288, 1, 0, 0
2026/08/28 13:22:11.288, 2, 0, 0
2026/08/28 13:22:11.288, 3, 0, 0
2026/08/28 13:22:11.788, 0, 0, 0
2026/08/28 13:22:11.788, 1, 0, 0
2026/08/28 13:22:11.788, 2, 0, 0
2026/08/28 13:22:11.788, 3, 0, 0
2026/08/28 13:22:12.288, 0, 0, 0
2026/08/28 13:22:12.288, 1, 0, 0
2026/08/28 13:22:12.288, 2, 0, 0
2026/08/28 13:22:12.288, 3, 0, 0
2026/08/28 13:22:12.788, 0, 0, 0
2026/08/28 13:22:12.788, 1, 0, 0
2026/08/28 13:22:12.788, 2, 0, 0
2026/08/28 13:22:12.788, 3, 0, 0
2026/08/28 13:22:13.289, 0, 0, 0
2026/08/28 13:22:13.289, 1, 0, 0
2026/08/28 13:22:13.289, 2, 0, 0
2026/08/28 13:22:13.289, 3, 0, 0
2026/08/28 13:22:13.789, 0, 0, 0
2026/08/28 13:22:13.789, 1, 0, 0
2026/08/28 13:22:13.789, 2, 0, 0
2026/08/28 13:22:13.789, 3, 0, 0
2026/08/28 13:22:14.289, 0, 0, 1
2026/08/28 13:22:14.289, 1, 0, 1
2026/08/28 13:22:14.290, 2, 0, 1
2026/08/28 13:22:14.290, 3, 0, 1
2026/08/28 13:22:14.790, 0, 0, 18
2026/08/28 13:22:14.790, 1, 0, 18
2026/08/28 13:22:14.791, 2, 0, 18
2026/08/28 13:22:14.791, 3, 0, 18
2026/08/28 13:22:15.291, 0, 2, 277
2026/08/28 13:22:15.291, 1, 2, 273
2026/08/28 13:22:15.291, 2, 0, 273
2026/08/28 13:22:15.291, 3, 0, 273
2026/08/28 13:22:15.791, 0, 0, 43493
2026/08/28 13:22:15.791, 1, 0, 273
2026/08/28 13:22:15.791, 2, 0, 273
2026/08/28 13:22:15.791, 3, 0, 273
2026/08/28 13:22:16.291, 0, 0, 43493
2026/08/28 13:22:16.291, 1, 0, 273
2026/08/28 13:22:16.291, 2, 0, 273
2026/08/28 13:22:16.291, 3, 0, 273
2026/08/28 13:22:16.791, 0, 0, 43495
2026/08/28 13:22:16.791, 1, 0, 273
2026/08/28 13:22:16.791, 2, 0, 273
2026/08/28 13:22:16.791, 3, 0, 273
2026/08/28 13:22:17.291, 0, 0, 43495
2026/08/28 13:22:17.291, 1, 0, 273
2026/08/28 13:22:17.291, 2, 0, 273
2026/08/28 13:22:17.291, 3, 0, 273
2026/08/28 13:22:17.791, 0, 0, 43495
2026/08/28 13:22:17.791, 1, 0, 273
2026/08/28 13:22:17.791, 2, 0, 273
2026/08/28 13:22:17.791, 3, 0, 273
2026/08/28 13:22:18.291, 0, 0, 43495
2026/08/28 13:22:18.291, 1, 0, 273
2026/08/28 13:22:18.291, 2, 0, 273
2026/08/28 13:22:18.291, 3, 0, 273
2026/08/28 13:22:18.791, 0, 0, 43495
2026/08/28 13:22:18.791, 1, 0, 273
2026/08/28 13:22:18.791, 2, 0, 273
2026/08/28 13:22:18.791, 3, 0, 273
2026/08/28 13:22:19.292, 0, 0, 43495
2026/08/28 13:22:19.292, 1, 0, 273
2026/08/28 13:22:19.292, 2, 0, 273
2026/08/28 13:22:19.292, 3, 0, 273
2026/08/28 13:22:19.792, 0, 0, 43495
2026/08/28 13:22:19.792, 1, 0, 273
2026/08/28 13:22:19.792, 2, 0, 273
2026/08/28 13:22:19.792, 3, 0, 273
2026/08/28 13:22:20.292, 0, 0, 43495
2026/08/28 13:22:20.292, 1, 0, 273
2026/08/28 13:22:20.292, 2, 0, 273
2026/08/28 13:22:20.292, 3, 0, 273
2026/08/28 13:22:20.792, 0, 0, 43495
2026/08/28 13:22:20.792, 1, 0, 273
2026/08/28 13:22:20.792, 2, 0, 273
2026/08/28 13:22:20.792, 3, 0, 273
2026/08/28 13:22:21.292, 0, 0, 43495
2026/08/28 13:22:21.292, 1, 0, 273
2026/08/28 13:22:21.292, 2, 0, 273
2026/08/28 13:22:21.292, 3, 0, 273
2026/08/28 13:22:21.792, 0, 0, 43495
2026/08/28 13:22:21.792, 1, 0, 273
2026/08/28 13:22:21.792, 2, 0, 273
2026/08/28 13:22:21.792, 3, 0, 273
2026/08/28 13:22:22.292, 0, 0, 43495
2026/08/28 13:22:22.292, 1, 0, 273
2026/08/28 13:22:22.292, 2, 0, 273
2026/08/28 13:22:22.292, 3, 0, 273
2026/08/28 13:22:22.792, 0, 0, 43495
2026/08/28 13:22:22.792, 1, 0, 273
2026/08/28 13:22:22.792, 2, 0, 273
2026/08/28 13:22:22.792, 3, 0, 273
2026/08/28 13:22:23.292, 0, 0, 43495
2026/08/28 13:22:23.293, 1, 0, 273
2026/08/28 13:22:23.293, 2, 0, 273
2026/08/28 13:22:23.293, 3, 0, 273
2026/08/28 13:22:23.793, 0, 0, 43495
2026/08/28 13:22:23.793, 1, 0, 273
2026/08/28 13:22:23.793, 2, 0, 273
2026/08/28 13:22:23.793, 3, 0, 273
2026/08/28 13:22:24.293, 0, 0, 43495
2026/08/28 13:22:24.293, 1, 0, 273
2026/08/28 13:22:24.293, 2, 0, 273
2026/08/28 13:22:24.293, 3, 0, 273
2026/08/28 13:22:24.793, 0, 0, 43495
2026/08/28 13:22:24.793, 1, 0, 273
2026/08/28 13:22:24.793, 2, 0, 273
2026/08/28 13:22:24.793, 3, 0, 273
2026/08/28 13:22:25.293, 0, 0, 43495
2026/08/28 13:22:25.293, 1, 0, 273
2026/08/28 13:22:25.293, 2, 0, 273
2026/08/28 13:22:25.293, 3, 0, 273
2026/08/28 13:22:25.793, 0, 0, 43495
2026/08/28 13:22:25.793, 1, 0, 273
2026/08/28 13:22:25.793, 2, 0, 273
2026/08/28 13:22:25.793, 3, 0, 273
2026/08/28 13:22:26.293, 0, 0, 43495
2026/08/28 13:22:26.293, 1, 0, 273
2026/08/28 13:22:26.293, 2, 0, 273
2026/08/28 13:22:26.293, 3, 0, 273
2026/08/28 13:22:26.793, 0, 0, 43495
2026/08/28 13:22:26.793, 1, 0, 273
2026/08/28 13:22:26.793, 2, 0, 273
2026/08/28 13:22:26.793, 3, 0, 273
2026/08/28 13:22:27.293, 0, 0, 43495
2026/08/28 13:22:27.293, 1, 0, 273
2026/08/28 13:22:27.293, 2, 0, 273
2026/08/28 13:22:27.293, 3, 0, 273
2026/08/28 13:22:27.794, 0, 0, 43495
2026/08/28 13:22:27.794, 1, 0, 273
2026/08/28 13:22:27.794, 2, 0, 273
2026/08/28 13:22:27.794, 3, 0, 273
2026/08/28 13:22:28.294, 0, 0, 43495
2026/08/28 13:22:28.294, 1, 0, 273
2026/08/28 13:22:28.294, 2, 0, 273
2026/08/28 13:22:28.294, 3, 0, 273
2026/08/28 13:22:28.794, 0, 0, 43495
2026/08/28 13:22:28.794, 1, 0, 273
2026/08/28 13:22:28.794, 2, 0, 273
2026/08/28 13:22:28.794, 3, 0, 273
2026/08/28 13:22:29.294, 0, 0, 43495
2026/08/28 13:22:29.294, 1, 0, 273
2026/08/28 13:22:29.294, 2, 0, 273
2026/08/28 13:22:29.294, 3, 0, 273
2026/08/28 13:22:29.794, 0, 0, 43495
2026/08/28 13:22:29.794, 1, 0, 273
2026/08/28 13:22:29.794, 2, 0, 273
2026/08/28 13:22:29.794, 3, 0, 273
2026/08/28 13:22:30.294, 0, 0, 43495
2026/08/28 13:22:30.294, 1, 0, 273
2026/08/28 13:22:30.294, 2, 0, 273
2026/08/28 13:22:30.294, 3, 0, 273
2026/08/28 13:22:30.794, 0, 0, 43495
2026/08/28 13:22:30.794, 1, 0, 273
2026/08/28 13:22:30.794, 2, 0, 273
2026/08/28 13:22:30.794, 3, 0, 273
2026/08/28 13:22:31.294, 0, 0, 43495
2026/08/28 13:22:31.294, 1, 0, 273
2026/08/28 13:22:31.294, 2, 0, 273
2026/08/28 13:22:31.294, 3, 0, 273
2026/08/28 13:22:31.794, 0, 0, 43495
2026/08/28 13:22:31.795, 1, 0, 273
2026/08/28 13:22:31.795, 2, 0, 273
2026/08/28 13:22:31.795, 3, 0, 273
2026/08/28 13:22:32.295, 0, 0, 43495
2026/08/28 13:22:32.295, 1, 0, 273
2026/08/28 13:22:32.295, 2, 0, 273
2026/08/28 13:22:32.295, 3, 0, 273
2026/08/28 13:22:32.795, 0, 0, 43495
2026/08/28 13:22:32.795, 1, 0, 273
2026/08/28 13:22:32.795, 2, 0, 273
2026/08/28 13:22:32.795, 3, 0, 273
2026/08/28 13:22:33.295, 0, 0, 43495
2026/08/28 13:22:33.295, 1, 0, 273
2026/08/28 13:22:33.295, 2, 0, 273
2026/08/28 13:22:33.295, 3, 0, 273
2026/08/28 13:22:33.795, 0, 0, 43495
2026/08/28 13:22:33.795, 1, 0, 273
2026/08/28 13:22:33.795, 2, 0, 273
2026/08/28 13:22:33.795, 3, 0, 273
2026/08/28 13:22:34.295, 0, 0, 43495
2026/08/28 13:22:34.295, 1, 0, 273
2026/08/28 13:22:34.295, 2, 0, 273
2026/08/28 13:22:34.295, 3, 0, 273
2026/08/28 13:22:34.795, 0, 0, 43495
2026/08/28 13:22:34.795, 1, 0, 273
2026/08/28 13:22:34.795, 2, 0, 273
2026/08/28 13:22:34.795, 3, 0, 273
2026/08/28 13:22:35.295, 0, 0, 43495
2026/08/28 13:22:35.295, 1, 0, 273
2026/08/28 13:22:35.295, 2, 0, 273
2026/08/28 13:22:35.295, 3, 0, 273
2026/08/28 13:22:35.795, 0, 0, 43495
2026/08/28 13:22:35.795, 1, 0, 273
2026/08/28 13:22:35.795, 2, 0, 273
2026/08/28 13:22:35.796, 3, 0, 273
2026/08/28 13:22:36.296, 0, 0, 43495
2026/08/28 13:22:36.296, 1, 0, 273
2026/08/28 13:22:36.296, 2, 0, 273
2026/08/28 13:22:36.296, 3, 0, 273
2026/08/28 13:22:36.796, 0, 0, 43495
2026/08/28 13:22:36.796, 1, 0, 273
2026/08/28 13:22:36.796, 2, 0, 273
2026/08/28 13:22:36.796, 3, 0, 273
2026/08/28 13:22:37.296, 0, 0, 43495
2026/08/28 13:22:37.296, 1, 0, 273
2026/08/28 13:22:37.296, 2, 0, 273
2026/08/28 13:22:37.296, 3, 0, 273
2026/08/28 13:22:37.796, 0, 0, 43495
2026/08/28 13:22:37.796, 1, 0, 273
2026/08/28 13:22:37.796, 2, 0, 273
2026/08/28 13:22:37.796, 3, 0, 273
2026/08/28 13:22:38.296, 0, 0, 43495
2026/08/28 13:22:38.296, 1, 0, 273
2026/08/28 13:22:38.296, 2, 0, 273
2026/08/28 13:22:38.296, 3, 0, 273
2026/08/28 13:22:38.796, 0, 0, 43495
2026/08/28 13:22:38.796, 1, 0, 273
2026/08/28 13:22:38.796, 2, 0, 273
2026/08/28 13:22:38.796, 3, 0, 273
2026/08/28 13:22:39.296, 0, 0, 43495
2026/08/28 13:22:39.296, 1, 0, 273
2026/08/28 13:22:39.296, 2, 0, 273
2026/08/28 13:22:39.296, 3, 0, 273
2026/08/28 13:22:39.796, 0, 0, 43495
2026/08/28 13:22:39.796, 1, 0, 273
2026/08/28 13:22:39.797, 2, 0, 273
2026/08/28 13:22:39.797, 3, 0, 273
2026/08/28 13:22:40.297, 0, 0, 43495
2026/08/28 13:22:40.297, 1, 0, 273
2026/08/28 13:22:40.297, 2, 0, 273
2026/08/28 13:22:40.297, 3, 0, 273
2026/08/28 13:22:40.797, 0, 0, 43495
2026/08/28 13:22:40.797, 1, 0, 273
2026/08/28 13:22:40.797, 2, 0, 273
2026/08/28 13:22:40.798, 3, 0, 273
2026/08/28 13:22:41.299, 0, 0, 43495
2026/08/28 13:22:41.299, 1, 0, 273
2026/08/28 13:22:41.299, 2, 0, 273
2026/08/28 13:22:41.299, 3, 0, 273
2026/08/28 13:22:41.799, 0, 0, 43495
2026/08/28 13:22:41.799, 1, 0, 273
2026/08/28 13:22:41.799, 2, 0, 273
2026/08/28 13:22:41.799, 3, 0, 273
2026/08/28 13:22:42.300, 0, 0, 43495
2026/08/28 13:22:42.300, 1, 0, 273
2026/08/28 13:22:42.300, 2, 0, 273
2026/08/28 13:22:42.300, 3, 0, 273
2026/08/28 13:22:42.800, 0, 0, 43495
2026/08/28 13:22:42.800, 1, 0, 273
2026/08/28 13:22:42.800, 2, 0, 273
2026/08/28 13:22:42.800, 3, 0, 273
2026/08/28 13:22:43.300, 0, 0, 43495
2026/08/28 13:22:43.300, 1, 0, 273
2026/08/28 13:22:43.300, 2, 0, 273
2026/08/28 13:22:43.300, 3, 0, 273
2026/08/28 13:22:43.800, 0, 0, 43495
2026/08/28 13:22:43.800, 1, 0, 273
2026/08/28 13:22:43.800, 2, 0, 273
2026/08/28 13:22:43.800, 3, 0, 273
2026/08/28 13:22:44.300, 0, 0, 43495
2026/08/28 13:22:44.300, 1, 0, 273
2026/08/28 13:22:44.300, 2, 0, 273
2026/08/28 13:22:44.300, 3, 0, 273
2026/08/28 13:22:44.800, 0, 0, 43495
2026/08/28 13:22:44.800, 1, 0, 273
2026/08/28 13:22:44.800, 2, 0, 273
2026/08/28 13:22:44.800, 3, 0, 273
2026/08/28 13:22:45.300, 0, 0, 43495
2026/08/28 13:22:45.300, 1, 0, 273
2026/08/28 13:22:45.300, 2, 0, 273
2026/08/28 13:22:45.300, 3, 0, 273
2026/08/28 13:22:45.800, 0, 0, 43495
2026/08/28 13:22:45.800, 1, 0, 273
2026/08/28 13:22:45.800, 2, 0, 273
2026/08/28 13:22:45.800, 3, 0, 273
2026/08/28 13:22:46.301, 0, 0, 43495
2026/08/28 13:22:46.301, 1, 0, 273
2026/08/28 13:22:46.301, 2, 0, 273
2026/08/28 13:22:46.301, 3, 0, 273
2026/08/28 13:22:46.801, 0, 0, 43495
2026/08/28 13:22:46.801, 1, 0, 273
2026/08/28 13:22:46.801, 2, 0, 273
2026/08/28 13:22:46.801, 3, 0, 273
2026/08/28 13:22:47.301, 0, 0, 43495
2026/08/28 13:22:47.301, 1, 0, 273
2026/08/28 13:22:47.301, 2, 0, 273
2026/08/28 13:22:47.301, 3, 0, 273
2026/08/28 13:22:47.801, 0, 0, 43495
2026/08/28 13:22:47.801, 1, 0, 273
2026/08/28 13:22:47.801, 2, 0, 273
2026/08/28 13:22:47.801, 3, 0, 273
2026/08/28 13:22:48.301, 0, 0, 43495
2026/08/28 13:22:48.301, 1, 0, 273
2026/08/28 13:22:48.301, 2, 0, 273
2026/08/28 13:22:48.301, 3, 0, 273
2026/08/28 13:22:48.801, 0, 0, 43495
2026/08/28 13:22:48.801, 1, 0, 273
2026/08/28 13:22:48.801, 2, 0, 273
2026/08/28 13:22:48.801, 3, 0, 273
2026/08/28 13:22:49.301, 0, 0, 43495
2026/08/28 13:22:49.301, 1, 0, 273
2026/08/28 13:22:49.301, 2, 0, 273
2026/08/28 13:22:49.301, 3, 0, 273
2026/08/28 13:22:49.801, 0, 0, 43495
2026/08/28 13:22:49.801, 1, 0, 273
2026/08/28 13:22:49.801, 2, 0, 273
2026/08/28 13:22:49.801, 3, 0, 273
2026/08/28 13:22:50.302, 0, 0, 43495
2026/08/28 13:22:50.302, 1, 0, 273
2026/08/28 13:22:50.302, 2, 0, 273
2026/08/28 13:22:50.302, 3, 0, 273
2026/08/28 13:22:50.802, 0, 0, 43495
2026/08/28 13:22:50.802, 1, 0, 273
2026/08/28 13:22:50.802, 2, 0, 273
2026/08/28 13:22:50.802, 3, 0, 273
2026/08/28 13:22:51.302, 0, 0, 43495
2026/08/28 13:22:51.302, 1, 0, 273
2026/08/28 13:22:51.302, 2, 0, 273
2026/08/28 13:22:51.302, 3, 0, 273
2026/08/28 13:22:51.802, 0, 0, 43495
2026/08/28 13:22:51.802, 1, 0, 273
2026/08/28 13:22:51.802, 2, 0, 273
2026/08/28 13:22:51.802, 3, 0, 273
2026/08/28 13:22:52.302, 0, 0, 43495
2026/08/28 13:22:52.302, 1, 0, 273
2026/08/28 13:22:52.302, 2, 0, 273
2026/08/28 13:22:52.302, 3, 0, 273
2026/08/28 13:22:52.802, 0, 0, 43495
2026/08/28 13:22:52.802, 1, 0, 273
2026/08/28 13:22:52.802, 2, 0, 273
2026/08/28 13:22:52.802, 3, 0, 273
2026/08/28 13:22:53.302, 0, 0, 43495
2026/08/28 13:22:53.302, 1, 0, 273
2026/08/28 13:22:53.302, 2, 0, 273
2026/08/28 13:22:53.302, 3, 0, 273
2026/08/28 13:22:53.802, 0, 0, 43495
2026/08/28 13:22:53.802, 1, 0, 273
2026/08/28 13:22:53.802, 2, 0, 273
2026/08/28 13:22:53.802, 3, 0, 273
2026/08/28 13:22:54.303, 0, 0, 43495
2026/08/28 13:22:54.303, 1, 0, 273
2026/08/28 13:22:54.303, 2, 0, 273
2026/08/28 13:22:54.303, 3, 0, 273
2026/08/28 13:22:54.803, 0, 0, 43495
2026/08/28 13:22:54.803, 1, 0, 273
2026/08/28 13:22:54.803, 2, 0, 273
2026/08/28 13:22:54.803, 3, 0, 273
2026/08/28 13:22:55.303, 0, 0, 43495
2026/08/28 13:22:55.303, 1, 0, 273
2026/08/28 13:22:55.303, 2, 0, 273
2026/08/28 13:22:55.303, 3, 0, 273
2026/08/28 13:22:55.803, 0, 0, 43495
2026/08/28 13:22:55.803, 1, 0, 273
2026/08/28 13:22:55.803, 2, 0, 273
2026/08/28 13:22:55.803, 3, 0, 273
2026/08/28 13:22:56.303, 0, 0, 43495
2026/08/28 13:22:56.303, 1, 0, 273
2026/08/28 13:22:56.303, 2, 0, 273
2026/08/28 13:22:56.303, 3, 0, 273
2026/08/28 13:22:56.803, 0, 0, 43495
2026/08/28 13:22:56.803, 1, 0, 273
2026/08/28 13:22:56.803, 2, 0, 273
2026/08/28 13:22:56.803, 3, 0, 273
2026/08/28 13:22:57.303, 0, 0, 43495
2026/08/28 13:22:57.303, 1, 0, 273
2026/08/28 13:22:57.303, 2, 0, 273
2026/08/28 13:22:57.303, 3, 0, 273
2026/08/28 13:22:57.803, 0, 0, 43495
2026/08/28 13:22:57.803, 1, 0, 273
2026/08/28 13:22:57.803, 2, 0, 273
2026/08/28 13:22:57.804, 3, 0, 273
2026/08/28 13:22:58.304, 0, 0, 43495
2026/08/28 13:22:58.304, 1, 0, 273
2026/08/28 13:22:58.304, 2, 0, 273
2026/08/28 13:22:58.304, 3, 0, 273
2026/08/28 13:22:58.804, 0, 0, 43495
2026/08/28 13:22:58.804, 1, 0, 273
2026/08/28 13:22:58.804, 2, 0, 273
2026/08/28 13:22:58.804, 3, 0, 273
2026/08/28 13:22:59.304, 0, 0, 43495
2026/08/28 13:22:59.304, 1, 0, 273
2026/08/28 13:22:59.304, 2, 0, 273
2026/08/28 13:22:59.304, 3, 0, 273
2026/08/28 13:22:59.804, 0, 0, 43495
2026/08/28 13:22:59.804, 1, 0, 273
2026/08/28 13:22:59.804, 2, 0, 273
2026/08/28 13:22:59.804, 3, 0, 273
2026/08/28 13:23:00.304, 0, 0, 43495
2026/08/28 13:23:00.304, 1, 0, 273
2026/08/28 13:23:00.304, 2, 0, 273
2026/08/28 13:23:00.304, 3, 0, 273
2026/08/28 13:23:00.804, 0, 0, 43495
2026/08/28 13:23:00.804, 1, 0, 273
2026/08/28 13:23:00.804, 2, 0, 273
2026/08/28 13:23:00.804, 3, 0, 273
2026/08/28 13:23:01.304, 0, 0, 43495
2026/08/28 13:23:01.304, 1, 0, 273
2026/08/28 13:23:01.304, 2, 0, 273
2026/08/28 13:23:01.304, 3, 0, 273
2026/08/28 13:23:01.805, 0, 0, 43495
2026/08/28 13:23:01.805, 1, 0, 273
2026/08/28 13:23:01.805, 2, 0, 273
2026/08/28 13:23:01.805, 3, 0, 273
2026/08/28 13:23:02.305, 0, 0, 43495
2026/08/28 13:23:02.305, 1, 0, 273
2026/08/28 13:23:02.305, 2, 0, 273
2026/08/28 13:23:02.305, 3, 0, 273
2026/08/28 13:23:02.805, 0, 0, 43495
2026/08/28 13:23:02.805, 1, 0, 273
2026/08/28 13:23:02.805, 2, 0, 273
2026/08/28 13:23:02.805, 3, 0, 273
2026/08/28 13:23:03.305, 0, 0, 43495
2026/08/28 13:23:03.305, 1, 0, 273
2026/08/28 13:23:03.305, 2, 0, 273
2026/08/28 13:23:03.305, 3, 0, 273
2026/08/28 13:23:03.805, 0, 0, 43495
2026/08/28 13:23:03.805, 1, 0, 273
2026/08/28 13:23:03.805, 2, 0, 273
2026/08/28 13:23:03.805, 3, 0, 273
2026/08/28 13:23:04.305, 0, 0, 43495
2026/08/28 13:23:04.305, 1, 0, 273
2026/08/28 13:23:04.305, 2, 0, 273
2026/08/28 13:23:04.305, 3, 0, 273
2026/08/28 13:23:04.805, 0, 0, 43495
2026/08/28 13:23:04.805, 1, 0, 273
2026/08/28 13:23:04.805, 2, 0, 273
2026/08/28 13:23:04.805, 3, 0, 273
2026/08/28 13:23:05.305, 0, 0, 43495
2026/08/28 13:23:05.305, 1, 0, 273
2026/08/28 13:23:05.305, 2, 0, 273
2026/08/28 13:23:05.305, 3, 0, 273
2026/08/28 13:23:05.806, 0, 0, 43495
2026/08/28 13:23:05.806, 1, 0, 273
2026/08/28 13:23:05.806, 2, 0, 273
2026/08/28 13:23:05.806, 3, 0, 273
2026/08/28 13:23:06.306, 0, 0, 43495
2026/08/28 13:23:06.306, 1, 0, 273
2026/08/28 13:23:06.306, 2, 0, 273
2026/08/28 13:23:06.306, 3, 0, 273
2026/08/28 13:23:06.806, 0, 0, 43495
2026/08/28 13:23:06.806, 1, 0, 273
2026/08/28 13:23:06.806, 2, 0, 273
2026/08/28 13:23:06.806, 3, 0, 273
2026/08/28 13:23:07.306, 0, 0, 43495
2026/08/28 13:23:07.306, 1, 0, 273
2026/08/28 13:23:07.306, 2, 0, 273
2026/08/28 13:23:07.306, 3, 0, 273
2026/08/28 13:23:07.806, 0, 0, 43495
2026/08/28 13:23:07.806, 1, 0, 273
2026/08/28 13:23:07.806, 2, 0, 273
2026/08/28 13:23:07.806, 3, 0, 273
2026/08/28 13:23:08.306, 0, 0, 43495
2026/08/28 13:23:08.306, 1, 0, 273
2026/08/28 13:23:08.306, 2, 0, 273
2026/08/28 13:23:08.306, 3, 0, 273
2026/08/28 13:23:08.807, 0, 0, 43495
2026/08/28 13:23:08.807, 1, 0, 273
2026/08/28 13:23:08.807, 2, 0, 273
2026/08/28 13:23:08.807, 3, 0, 273
2026/08/28 13:23:09.307, 0, 0, 43495
2026/08/28 13:23:09.307, 1, 0, 273
2026/08/28 13:23:09.307, 2, 0, 273
2026/08/28 13:23:09.307, 3, 0, 273
2026/08/28 13:23:09.807, 0, 0, 43495
2026/08/28 13:23:09.807, 1, 0, 273
2026/08/28 13:23:09.807, 2, 0, 273
2026/08/28 13:23:09.807, 3, 0, 273
2026/08/28 13:23:10.307, 0, 0, 43495
2026/08/28 13:23:10.307, 1, 0, 273
2026/08/28 13:23:10.307, 2, 0, 273
2026/08/28 13:23:10.307, 3, 0, 273
2026/08/28 13:23:10.807, 0, 0, 43495
2026/08/28 13:23:10.807, 1, 0, 273
2026/08/28 13:23:10.807, 2, 0, 273
2026/08/28 13:23:10.807, 3, 0, 273
2026/08/28 13:23:11.307, 0, 0, 43495
2026/08/28 13:23:11.307, 1, 0, 273
2026/08/28 13:23:11.307, 2, 0, 273
2026/08/28 13:23:11.307, 3, 0, 273
2026/08/28 13:23:11.807, 0, 0, 43495
2026/08/28 13:23:11.807, 1, 0, 273
2026/08/28 13:23:11.807, 2, 0, 273
2026/08/28 13:23:11.807, 3, 0, 273
2026/08/28 13:23:12.307, 0, 0, 43495
2026/08/28 13:23:12.307, 1, 0, 273
2026/08/28 13:23:12.307, 2, 0, 273
2026/08/28 13:23:12.307, 3, 0, 273
2026/08/28 13:23:12.808, 0, 0, 43495
2026/08/28 13:23:12.808, 1, 0, 273
2026/08/28 13:23:12.808, 2, 0, 273
2026/08/28 13:23:12.808, 3, 0, 273
2026/08/28 13:23:13.308, 0, 0, 43495
2026/08/28 13:23:13.308, 1, 0, 273
2026/08/28 13:23:13.308, 2, 0, 273
2026/08/28 13:23:13.308, 3, 0, 273
2026/08/28 13:23:13.808, 0, 0, 43495
2026/08/28 13:23:13.808, 1, 0, 273
2026/08/28 13:23:13.808, 2, 0, 273
2026/08/28 13:23:13.808, 3, 0, 273
2026/08/28 13:23:14.308, 0, 0, 43495
2026/08/28 13:23:14.308, 1, 0, 273
2026/08/28 13:23:14.308, 2, 0, 273
2026/08/28 13:23:14.308, 3, 0, 273
2026/08/28 13:23:14.808, 0, 0, 43495
2026/08/28 13:23:14.808, 1, 0, 273
2026/08/28 13:23:14.808, 2, 0, 273
2026/08/28 13:23:14.808, 3, 0, 273
2026/08/28 13:23:15.308, 0, 0, 43495
2026/08/28 13:23:15.308, 1, 0, 273
2026/08/28 13:23:15.308, 2, 0, 273
2026/08/28 13:23:15.308, 3, 0, 273
2026/08/28 13:23:15.808, 0, 0, 43495
2026/08/28 13:23:15.808, 1, 0, 273
2026/08/28 13:23:15.809, 2, 0, 273
2026/08/28 13:23:15.809, 3, 0, 273
2026/08/28 13:23:16.309, 0, 0, 43495
2026/08/28 13:23:16.309, 1, 0, 273
2026/08/28 13:23:16.309, 2, 0, 273
2026/08/28 13:23:16.309, 3, 0, 273
2026/08/28 13:23:16.809, 0, 0, 43495
2026/08/28 13:23:16.809, 1, 0, 273
2026/08/28 13:23:16.809, 2, 0, 273
2026/08/28 13:23:16.809, 3, 0, 273
2026/08/28 13:23:17.309, 0, 0, 43495
2026/08/28 13:23:17.309, 1, 0, 273
2026/08/28 13:23:17.309, 2, 0, 273
2026/08/28 13:23:17.309, 3, 0, 273
2026/08/28 13:23:17.809, 0, 0, 43495
2026/08/28 13:23:17.809, 1, 0, 273
2026/08/28 13:23:17.809, 2, 0, 273
2026/08/28 13:23:17.809, 3, 0, 273
2026/08/28 13:23:18.309, 0, 0, 43495
2026/08/28 13:23:18.309, 1, 0, 273
2026/08/28 13:23:18.309, 2, 0, 273
2026/08/28 13:23:18.309, 3, 0, 273
2026/08/28 13:23:18.809, 0, 0, 43495
2026/08/28 13:23:18.809, 1, 0, 273
2026/08/28 13:23:18.809, 2, 0, 273
2026/08/28 13:23:18.809, 3, 0, 273
2026/08/28 13:23:19.309, 0, 0, 43495
2026/08/28 13:23:19.309, 1, 0, 273
2026/08/28 13:23:19.309, 2, 0, 273
2026/08/28 13:23:19.309, 3, 0, 273
2026/08/28 13:23:19.809, 0, 0, 43495
2026/08/28 13:23:19.809, 1, 0, 273
2026/08/28 13:23:19.810, 2, 0, 273
2026/08/28 13:23:19.810, 3, 0, 273
2026/08/28 13:23:20.310, 0, 0, 43495
2026/08/28 13:23:20.310, 1, 0, 273
2026/08/28 13:23:20.310, 2, 0, 273
2026/08/28 13:23:20.310, 3, 0, 273
2026/08/28 13:23:20.810, 0, 0, 43495
2026/08/28 13:23:20.810, 1, 0, 273
2026/08/28 13:23:20.810, 2, 0, 273
2026/08/28 13:23:20.810, 3, 0, 273
2026/08/28 13:23:21.310, 0, 0, 43495
2026/08/28 13:23:21.310, 1, 0, 273
2026/08/28 13:23:21.310, 2, 0, 273
2026/08/28 13:23:21.310, 3, 0, 273
2026/08/28 13:23:21.810, 0, 0, 43495
2026/08/28 13:23:21.810, 1, 0, 273
2026/08/28 13:23:21.810, 2, 0, 273
2026/08/28 13:23:21.810, 3, 0, 273
2026/08/28 13:23:22.310, 0, 0, 43495
2026/08/28 13:23:22.310, 1, 0, 273
2026/08/28 13:23:22.310, 2, 0, 273
2026/08/28 13:23:22.310, 3, 0, 273
2026/08/28 13:23:22.810, 0, 0, 43495
2026/08/28 13:23:22.810, 1, 0, 273
2026/08/28 13:23:22.811, 2, 0, 273
2026/08/28 13:23:22.811, 3, 0, 273
2026/08/28 13:23:23.311, 0, 0, 43495
2026/08/28 13:23:23.311, 1, 0, 273
2026/08/28 13:23:23.311, 2, 0, 273
2026/08/28 13:23:23.311, 3, 0, 273
2026/08/28 13:23:23.811, 0, 0, 43495
2026/08/28 13:23:23.811, 1, 0, 273
2026/08/28 13:23:23.811, 2, 0, 273
2026/08/28 13:23:23.811, 3, 0, 273
2026/08/28 13:23:24.311, 0, 0, 43495
2026/08/28 13:23:24.311, 1, 0, 273
2026/08/28 13:23:24.311, 2, 0, 273
2026/08/28 13:23:24.311, 3, 0, 273
2026/08/28 13:23:24.811, 0, 0, 43495
2026/08/28 13:23:24.811, 1, 0, 273
2026/08/28 13:23:24.811, 2, 0, 273
2026/08/28 13:23:24.811, 3, 0, 273
2026/08/28 13:23:25.311, 0, 0, 43495
2026/08/28 13:23:25.311, 1, 0, 273
2026/08/28 13:23:25.311, 2, 0, 273
2026/08/28 13:23:25.311, 3, 0, 273
2026/08/28 13:23:25.812, 0, 0, 43495
2026/08/28 13:23:25.812, 1, 0, 273
2026/08/28 13:23:25.812, 2, 0, 273
2026/08/28 13:23:25.812, 3, 0, 273
2026/08/28 13:23:26.312, 0, 0, 43495
2026/08/28 13:23:26.312, 1, 0, 273
2026/08/28 13:23:26.312, 2, 0, 273
2026/08/28 13:23:26.312, 3, 0, 273
2026/08/28 13:23:26.812, 0, 0, 43495
2026/08/28 13:23:26.812, 1, 0, 273
2026/08/28 13:23:26.812, 2, 0, 273
2026/08/28 13:23:26.812, 3, 0, 273
2026/08/28 13:23:27.312, 0, 0, 43495
2026/08/28 13:23:27.312, 1, 0, 273
2026/08/28 13:23:27.312, 2, 0, 273
2026/08/28 13:23:27.312, 3, 0, 273
2026/08/28 13:23:27.812, 0, 4, 43495
2026/08/28 13:23:27.812, 1, 0, 43489
2026/08/28 13:23:27.812, 2, 2, 273
2026/08/28 13:23:27.812, 3, 0, 273
2026/08/28 13:23:28.312, 0, 0, 43495
2026/08/28 13:23:28.312, 1, 0, 43489
2026/08/28 13:23:28.312, 2, 0, 43489
2026/08/28 13:23:28.312, 3, 0, 273
2026/08/28 13:23:28.813, 0, 0, 43495
2026/08/28 13:23:28.813, 1, 0, 43489
2026/08/28 13:23:28.813, 2, 0, 43489
2026/08/28 13:23:28.813, 3, 0, 43489
2026/08/28 13:23:29.313, 0, 0, 43495
2026/08/28 13:23:29.313, 1, 0, 43489
2026/08/28 13:23:29.313, 2, 0, 43489
2026/08/28 13:23:29.313, 3, 0, 43489
2026/08/28 13:23:29.813, 0, 0, 43497
2026/08/28 13:23:29.813, 1, 0, 43493
2026/08/28 13:23:29.813, 2, 0, 43493
2026/08/28 13:23:29.813, 3, 0, 43493
2026/08/28 13:23:30.313, 0, 16, 43587
2026/08/28 13:23:30.313, 1, 0, 43583
2026/08/28 13:23:30.313, 2, 0, 43583
2026/08/28 13:23:30.313, 3, 7, 43583
2026/08/28 13:23:30.813, 0, 0, 43655
2026/08/28 13:23:30.813, 1, 0, 43651
2026/08/28 13:23:30.813, 2, 0, 43651
2026/08/28 13:23:30.813, 3, 0, 43651
2026/08/28 13:23:31.313, 0, 0, 43655
2026/08/28 13:23:31.313, 1, 0, 43651
2026/08/28 13:23:31.313, 2, 0, 43651
2026/08/28 13:23:31.313, 3, 0, 43651
2026/08/28 13:23:31.813, 0, 0, 43655
2026/08/28 13:23:31.814, 1, 0, 43651
2026/08/28 13:23:31.814, 2, 0, 43651
2026/08/28 13:23:31.814, 3, 0, 43651
2026/08/28 13:23:32.314, 0, 0, 43655
2026/08/28 13:23:32.314, 1, 0, 43651
2026/08/28 13:23:32.314, 2, 0, 43651
2026/08/28 13:23:32.314, 3, 0, 43651
2026/08/28 13:23:32.814, 0, 0, 43655
2026/08/28 13:23:32.814, 1, 0, 43651
2026/08/28 13:23:32.814, 2, 0, 43651
2026/08/28 13:23:32.814, 3, 0, 43651
2026/08/28 13:23:33.314, 0, 0, 43655
2026/08/28 13:23:33.314, 1, 0, 43651
2026/08/28 13:23:33.314, 2, 0, 43651
2026/08/28 13:23:33.314, 3, 0, 43651
2026/08/28 13:23:33.814, 0, 0, 43655
2026/08/28 13:23:33.814, 1, 0, 43651
2026/08/28 13:23:33.814, 2, 0, 43651
2026/08/28 13:23:33.814, 3, 0, 43651
2026/08/28 13:23:34.314, 0, 0, 43655
2026/08/28 13:23:34.314, 1, 0, 43651
2026/08/28 13:23:34.314, 2, 0, 43651
2026/08/28 13:23:34.314, 3, 0, 43651
2026/08/28 13:23:34.814, 0, 0, 43655
2026/08/28 13:23:34.814, 1, 0, 43651
2026/08/28 13:23:34.814, 2, 0, 43651
2026/08/28 13:23:34.814, 3, 0, 43651
2026/08/28 13:23:35.314, 0, 0, 43655
2026/08/28 13:23:35.314, 1, 0, 43651
2026/08/28 13:23:35.314, 2, 0, 43651
2026/08/28 13:23:35.314, 3, 0, 43651
2026/08/28 13:23:35.814, 0, 0, 43655
2026/08/28 13:23:35.814, 1, 0, 43651
2026/08/28 13:23:35.814, 2, 0, 43651
2026/08/28 13:23:35.814, 3, 0, 43651
2026/08/28 13:23:36.315, 0, 0, 43655
2026/08/28 13:23:36.315, 1, 0, 43651
2026/08/28 13:23:36.315, 2, 0, 43651
2026/08/28 13:23:36.315, 3, 0, 43651
2026/08/28 13:23:36.815, 0, 0, 43655
2026/08/28 13:23:36.815, 1, 0, 43651
2026/08/28 13:23:36.815, 2, 0, 43651
2026/08/28 13:23:36.815, 3, 0, 43651
2026/08/28 13:23:37.315, 0, 0, 43655
2026/08/28 13:23:37.315, 1, 0, 43651
2026/08/28 13:23:37.315, 2, 0, 43651
2026/08/28 13:23:37.315, 3, 0, 43651
2026/08/28 13:23:37.815, 0, 0, 43655
2026/08/28 13:23:37.815, 1, 0, 43651
2026/08/28 13:23:37.815, 2, 0, 43651
2026/08/28 13:23:37.815, 3, 0, 43651
2026/08/28 13:23:38.315, 0, 0, 43655
2026/08/28 13:23:38.315, 1, 0, 43651
2026/08/28 13:23:38.315, 2, 0, 43651
2026/08/28 13:23:38.315, 3, 0, 43651
2026/08/28 13:23:38.815, 0, 0, 43655
2026/08/28 13:23:38.815, 1, 0, 43651
2026/08/28 13:23:38.815, 2, 0, 43651
2026/08/28 13:23:38.815, 3, 0, 43651
2026/08/28 13:23:39.315, 0, 0, 43655
2026/08/28 13:23:39.315, 1, 0, 43651
2026/08/28 13:23:39.315, 2, 0, 43651
2026/08/28 13:23:39.315, 3, 0, 43651
2026/08/28 13:23:39.815, 0, 0, 43655
2026/08/28 13:23:39.816, 1, 0, 43651
2026/08/28 13:23:39.816, 2, 0, 43651
2026/08/28 13:23:39.816, 3, 0, 43651
2026/08/28 13:23:40.316, 0, 0, 43655
2026/08/28 13:23:40.316, 1, 0, 43651
2026/08/28 13:23:40.316, 2, 0, 43651
2026/08/28 13:23:40.316, 3, 0, 43651
2026/08/28 13:23:40.816, 0, 0, 43655
2026/08/28 13:23:40.816, 1, 0, 43651
2026/08/28 13:23:40.816, 2, 0, 43651
2026/08/28 13:23:40.816, 3, 0, 43651
2026/08/28 13:23:41.316, 0, 0, 43655
2026/08/28 13:23:41.316, 1, 0, 43651
2026/08/28 13:23:41.316, 2, 0, 43651
2026/08/28 13:23:41.316, 3, 0, 43651
2026/08/28 13:23:41.816, 0, 0, 43655
2026/08/28 13:23:41.816, 1, 0, 43651
2026/08/28 13:23:41.816, 2, 0, 43651
2026/08/28 13:23:41.816, 3, 0, 43651
2026/08/28 13:23:42.316, 0, 0, 43655
2026/08/28 13:23:42.316, 1, 0, 43651
2026/08/28 13:23:42.316, 2, 0, 43651
2026/08/28 13:23:42.316, 3, 0, 43651
2026/08/28 13:23:42.816, 0, 0, 43655
2026/08/28 13:23:42.816, 1, 0, 43651
2026/08/28 13:23:42.816, 2, 0, 43651
2026/08/28 13:23:42.816, 3, 0, 43651
2026/08/28 13:23:43.316, 0, 0, 43655
2026/08/28 13:23:43.316, 1, 0, 43651
2026/08/28 13:23:43.316, 2, 0, 43651
2026/08/28 13:23:43.316, 3, 0, 43651
2026/08/28 13:23:43.817, 0, 0, 43655
2026/08/28 13:23:43.817, 1, 0, 43651
2026/08/28 13:23:43.817, 2, 0, 43651
2026/08/28 13:23:43.817, 3, 0, 43651
2026/08/28 13:23:44.317, 0, 0, 43655
2026/08/28 13:23:44.317, 1, 0, 43651
2026/08/28 13:23:44.317, 2, 0, 43651
2026/08/28 13:23:44.317, 3, 0, 43651
2026/08/28 13:23:44.817, 0, 0, 43655
2026/08/28 13:23:44.817, 1, 0, 43651
2026/08/28 13:23:44.817, 2, 0, 43651
2026/08/28 13:23:44.817, 3, 0, 43651
2026/08/28 13:23:45.317, 0, 0, 43655
2026/08/28 13:23:45.317, 1, 0, 43651
2026/08/28 13:23:45.317, 2, 0, 43651
2026/08/28 13:23:45.317, 3, 0, 43651
2026/08/28 13:23:45.817, 0, 0, 43655
2026/08/28 13:23:45.817, 1, 0, 43651
2026/08/28 13:23:45.817, 2, 0, 43651
2026/08/28 13:23:45.817, 3, 0, 43651
2026/08/28 13:23:46.317, 0, 0, 43655
2026/08/28 13:23:46.318, 1, 0, 43651
2026/08/28 13:23:46.318, 2, 0, 43651
2026/08/28 13:23:46.318, 3, 0, 43651
2026/08/28 13:23:46.818, 0, 0, 43655
2026/08/28 13:23:46.818, 1, 0, 43651
2026/08/28 13:23:46.818, 2, 0, 43651
2026/08/28 13:23:46.818, 3, 0, 43651
2026/08/28 13:23:47.318, 0, 0, 43655
2026/08/28 13:23:47.318, 1, 0, 43651
2026/08/28 13:23:47.318, 2, 0, 43651
2026/08/28 13:23:47.318, 3, 0, 43651
2026/08/28 13:23:47.818, 0, 0, 43655
2026/08/28 13:23:47.818, 1, 0, 43651
2026/08/28 13:23:47.818, 2, 0, 43651
2026/08/28 13:23:47.818, 3, 0, 43651
2026/08/28 13:23:48.318, 0, 0, 43655
2026/08/28 13:23:48.318, 1, 0, 43651
2026/08/28 13:23:48.318, 2, 0, 43651
2026/08/28 13:23:48.318, 3, 0, 43651
2026/08/28 13:23:48.818, 0, 0, 43655
2026/08/28 13:23:48.818, 1, 0, 43651
2026/08/28 13:23:48.818, 2, 0, 43651
2026/08/28 13:23:48.818, 3, 0, 43651
2026/08/28 13:23:49.318, 0, 0, 43655
2026/08/28 13:23:49.318, 1, 0, 43651
2026/08/28 13:23:49.318, 2, 0, 43651
2026/08/28 13:23:49.318, 3, 0, 43651
2026/08/28 13:23:49.818, 0, 0, 43655
2026/08/28 13:23:49.818, 1, 0, 43651
2026/08/28 13:23:49.818, 2, 0, 43651
2026/08/28 13:23:49.818, 3, 0, 43651
2026/08/28 13:23:50.319, 0, 0, 43655
2026/08/28 13:23:50.319, 1, 0, 43651
2026/08/28 13:23:50.319, 2, 0, 43651
2026/08/28 13:23:50.319, 3, 0, 43651
2026/08/28 13:23:50.819, 0, 0, 43655
2026/08/28 13:23:50.819, 1, 0, 43651
2026/08/28 13:23:50.819, 2, 0, 43651
2026/08/28 13:23:50.819, 3, 0, 43651
2026/08/28 13:23:51.319, 0, 0, 43655
2026/08/28 13:23:51.319, 1, 0, 43651
2026/08/28 13:23:51.319, 2, 0, 43651
2026/08/28 13:23:51.319, 3, 0, 43651
2026/08/28 13:23:51.819, 0, 0, 43655
2026/08/28 13:23:51.819, 1, 0, 43651
2026/08/28 13:23:51.819, 2, 0, 43651
2026/08/28 13:23:51.819, 3, 0, 43651
2026/08/28 13:23:52.319, 0, 0, 43655
2026/08/28 13:23:52.319, 1, 43, 43651
2026/08/28 13:23:52.319, 2, 16, 43651
2026/08/28 13:23:52.319, 3, 0, 43651
2026/08/28 13:23:52.820, 0, 0, 43657
2026/08/28 13:23:52.820, 1, 0, 43653
2026/08/28 13:23:52.820, 2, 0, 43653
2026/08/28 13:23:52.820, 3, 0, 43653
2026/08/28 13:23:53.320, 0, 0, 43657
2026/08/28 13:23:53.320, 1, 0, 43653
2026/08/28 13:23:53.320, 2, 0, 43653
2026/08/28 13:23:53.320, 3, 0, 43653
2026/08/28 13:23:53.820, 0, 84, 43661
2026/08/28 13:23:53.820, 1, 45, 43657
2026/08/28 13:23:53.820, 2, 93, 43657
2026/08/28 13:23:53.820, 3, 0, 43657
2026/08/28 13:23:54.320, 0, 100, 43661
2026/08/28 13:23:54.320, 1, 96, 43657
2026/08/28 13:23:54.320, 2, 100, 43657
2026/08/28 13:23:54.320, 3, 57, 43657
2026/08/28 13:23:54.820, 0, 0, 43661
2026/08/28 13:23:54.820, 1, 0, 43657
2026/08/28 13:23:54.820, 2, 6, 43657
2026/08/28 13:23:54.820, 3, 38, 43657
2026/08/28 13:23:55.320, 0, 0, 43661
2026/08/28 13:23:55.320, 1, 0, 43657
2026/08/28 13:23:55.320, 2, 0, 43657
2026/08/28 13:23:55.320, 3, 0, 43657
2026/08/28 13:23:55.821, 0, 0, 43661
2026/08/28 13:23:55.821, 1, 0, 43657
2026/08/28 13:23:55.821, 2, 0, 43657
2026/08/28 13:23:55.821, 3, 0, 43657
2026/08/28 13:23:56.321, 0, 0, 43669
2026/08/28 13:23:56.321, 1, 0, 43665
2026/08/28 13:23:56.321, 2, 0, 43657
2026/08/28 13:23:56.321, 3, 48, 43665
2026/08/28 13:23:56.821, 0, 17, 43669
2026/08/28 13:23:56.821, 1, 17, 43665
2026/08/28 13:23:56.821, 2, 17, 43665
2026/08/28 13:23:56.821, 3, 17, 43665
2026/08/28 13:23:57.321, 0, 19, 43669
2026/08/28 13:23:57.321, 1, 20, 43665
2026/08/28 13:23:57.321, 2, 20, 43665
2026/08/28 13:23:57.321, 3, 22, 43665
2026/08/28 13:23:57.821, 0, 23, 43669
2026/08/28 13:23:57.822, 1, 23, 43665
2026/08/28 13:23:57.822, 2, 23, 43665
2026/08/28 13:23:57.822, 3, 23, 43665
2026/08/28 13:23:58.322, 0, 22, 43669
2026/08/28 13:23:58.322, 1, 23, 43665
2026/08/28 13:23:58.322, 2, 23, 43665
2026/08/28 13:23:58.322, 3, 23, 43665
2026/08/28 13:23:58.822, 0, 24, 43669
2026/08/28 13:23:58.822, 1, 24, 43665
2026/08/28 13:23:58.822, 2, 24, 43665
2026/08/28 13:23:58.822, 3, 24, 43665
2026/08/28 13:23:59.322, 0, 24, 43669
2026/08/28 13:23:59.322, 1, 24, 43665
2026/08/28 13:23:59.322, 2, 24, 43665
2026/08/28 13:23:59.322, 3, 26, 43665
2026/08/28 13:23:59.822, 0, 23, 43669
2026/08/28 13:23:59.822, 1, 23, 43665
2026/08/28 13:23:59.822, 2, 23, 43665
2026/08/28 13:23:59.822, 3, 24, 43665
2026/08/28 13:24:00.322, 0, 24, 43669
2026/08/28 13:24:00.322, 1, 24, 43665
2026/08/28 13:24:00.323, 2, 24, 43665
2026/08/28 13:24:00.323, 3, 24, 43665
2026/08/28 13:24:00.823, 0, 24, 43669
2026/08/28 13:24:00.823, 1, 24, 43665
2026/08/28 13:24:00.823, 2, 24, 43665
2026/08/28 13:24:00.823, 3, 24, 43665
2026/08/28 13:24:01.323, 0, 24, 43669
2026/08/28 13:24:01.323, 1, 26, 43665
2026/08/28 13:24:01.323, 2, 24, 43665
2026/08/28 13:24:01.323, 3, 24, 43665
2026/08/28 13:24:01.823, 0, 28, 43669
2026/08/28 13:24:01.823, 1, 28, 43665
2026/08/28 13:24:01.823, 2, 28, 43665
2026/08/28 13:24:01.823, 3, 27, 43665
2026/08/28 13:24:02.323, 0, 33, 43669
2026/08/28 13:24:02.323, 1, 33, 43665
2026/08/28 13:24:02.323, 2, 33, 43665
2026/08/28 13:24:02.323, 3, 30, 43665
2026/08/28 13:24:02.823, 0, 32, 43669
2026/08/28 13:24:02.823, 1, 33, 43665
2026/08/28 13:24:02.823, 2, 32, 43665
2026/08/28 13:24:02.823, 3, 32, 43665
2026/08/28 13:24:03.324, 0, 43, 43669
2026/08/28 13:24:03.324, 1, 44, 43665
2026/08/28 13:24:03.324, 2, 43, 43665
2026/08/28 13:24:03.324, 3, 45, 43665
2026/08/28 13:24:03.824, 0, 23, 43669
2026/08/28 13:24:03.824, 1, 24, 43665
2026/08/28 13:24:03.824, 2, 24, 43665
2026/08/28 13:24:03.824, 3, 24, 43665
2026/08/28 13:24:04.324, 0, 21, 43669
2026/08/28 13:24:04.324, 1, 20, 43665
2026/08/28 13:24:04.324, 2, 21, 43665
2026/08/28 13:24:04.324, 3, 23, 43665
2026/08/28 13:24:04.824, 0, 24, 43669
2026/08/28 13:24:04.824, 1, 24, 43665
2026/08/28 13:24:04.824, 2, 24, 43665
2026/08/28 13:24:04.824, 3, 24, 43665
2026/08/28 13:24:05.324, 0, 27, 43669
2026/08/28 13:24:05.324, 1, 18, 43665
2026/08/28 13:24:05.324, 2, 28, 43665
2026/08/28 13:24:05.324, 3, 19, 43665
2026/08/28 13:24:05.824, 0, 100, 43669
2026/08/28 13:24:05.824, 1, 100, 43665
2026/08/28 13:24:05.824, 2, 100, 43665
2026/08/28 13:24:05.825, 3, 85, 43665
2026/08/28 13:24:06.325, 0, 86, 43669
2026/08/28 13:24:06.325, 1, 87, 43665
2026/08/28 13:24:06.325, 2, 87, 43665
2026/08/28 13:24:06.325, 3, 33, 43665
2026/08/28 13:24:06.825, 0, 0, 43669
2026/08/28 13:24:06.825, 1, 0, 43665
2026/08/28 13:24:06.825, 2, 0, 43665
2026/08/28 13:24:06.825, 3, 0, 43665
2026/08/28 13:24:07.325, 0, 0, 43669
2026/08/28 13:24:07.325, 1, 0, 43665
2026/08/28 13:24:07.325, 2, 0, 43665
2026/08/28 13:24:07.325, 3, 0, 43665
2026/08/28 13:24:07.825, 0, 0, 43669
2026/08/28 13:24:07.825, 1, 0, 43665
2026/08/28 13:24:07.825, 2, 0, 43665
2026/08/28 13:24:07.825, 3, 0, 43665
2026/08/28 13:24:08.325, 0, 0, 43669
2026/08/28 13:24:08.325, 1, 0, 43665
2026/08/28 13:24:08.325, 2, 0, 43665
2026/08/28 13:24:08.325, 3, 0, 43665
2026/08/28 13:24:08.825, 0, 0, 43669
2026/08/28 13:24:08.825, 1, 0, 43665
2026/08/28 13:24:08.825, 2, 0, 43665
2026/08/28 13:24:08.825, 3, 0, 43665
2026/08/28 13:24:09.326, 0, 0, 43669
2026/08/28 13:24:09.326, 1, 0, 43665
2026/08/28 13:24:09.326, 2, 0, 43665
2026/08/28 13:24:09.326, 3, 0, 43665
2026/08/28 13:24:09.826, 0, 0, 43669
2026/08/28 13:24:09.826, 1, 0, 43665
2026/08/28 13:24:09.826, 2, 0, 43665
2026/08/28 13:24:09.826, 3, 0, 43665
2026/08/28 13:24:10.326, 0, 0, 43669
2026/08/28 13:24:10.326, 1, 0, 43665
2026/08/28 13:24:10.326, 2, 0, 43665
2026/08/28 13:24:10.326, 3, 0, 43665
2026/08/28 13:24:10.826, 0, 0, 43669
2026/08/28 13:24:10.826, 1, 0, 43665
2026/08/28 13:24:10.826, 2, 0, 43665
2026/08/28 13:24:10.826, 3, 0, 43665
2026/08/28 13:24:11.326, 0, 0, 43669
2026/08/28 13:24:11.326, 1, 0, 43665
2026/08/28 13:24:11.326, 2, 0, 43665
2026/08/28 13:24:11.326, 3, 0, 43665
2026/08/28 13:24:11.826, 0, 0, 43669
2026/08/28 13:24:11.826, 1, 0, 43665
2026/08/28 13:24:11.826, 2, 0, 43665
2026/08/28 13:24:11.826, 3, 0, 43665
2026/08/28 13:24:12.326, 0, 0, 43669
2026/08/28 13:24:12.326, 1, 0, 43665
2026/08/28 13:24:12.326, 2, 0, 43665
2026/08/28 13:24:12.326, 3, 0, 43665
2026/08/28 13:24:12.827, 0, 0, 43669
2026/08/28 13:24:12.827, 1, 0, 43665
2026/08/28 13:24:12.827, 2, 0, 43665
2026/08/28 13:24:12.827, 3, 0, 43665
2026/08/28 13:24:13.327, 0, 0, 43669
2026/08/28 13:24:13.327, 1, 0, 43665
2026/08/28 13:24:13.327, 2, 0, 43665
2026/08/28 13:24:13.327, 3, 0, 43665
2026/08/28 13:24:13.827, 0, 0, 43669
2026/08/28 13:24:13.827, 1, 0, 43665
2026/08/28 13:24:13.827, 2, 0, 43665
2026/08/28 13:24:13.827, 3, 0, 43665
2026/08/28 13:24:14.327, 0, 0, 43669
2026/08/28 13:24:14.327, 1, 0, 43665
2026/08/28 13:24:14.327, 2, 0, 43665
2026/08/28 13:24:14.327, 3, 0, 43665
2026/08/28 13:24:14.827, 0, 0, 43669
2026/08/28 13:24:14.827, 1, 0, 43665
2026/08/28 13:24:14.827, 2, 0, 43665
2026/08/28 13:24:14.827, 3, 0, 43665
2026/08/28 13:24:15.327, 0, 0, 43669
2026/08/28 13:24:15.327, 1, 0, 43665
2026/08/28 13:24:15.327, 2, 0, 43665
2026/08/28 13:24:15.327, 3, 0, 43665
2026/08/28 13:24:15.827, 0, 0, 43669
2026/08/28 13:24:15.827, 1, 0, 43665
2026/08/28 13:24:15.828, 2, 0, 43665
2026/08/28 13:24:15.828, 3, 0, 43665
2026/08/28 13:24:16.328, 0, 0, 43669
2026/08/28 13:24:16.328, 1, 0, 43665
2026/08/28 13:24:16.328, 2, 0, 43665
2026/08/28 13:24:16.328, 3, 0, 43665
2026/08/28 13:24:16.828, 0, 0, 43669
2026/08/28 13:24:16.828, 1, 0, 43665
2026/08/28 13:24:16.828, 2, 0, 43665
2026/08/28 13:24:16.828, 3, 0, 43665
2026/08/28 13:24:17.328, 0, 0, 43669
2026/08/28 13:24:17.328, 1, 0, 43665
2026/08/28 13:24:17.328, 2, 0, 43665
2026/08/28 13:24:17.328, 3, 0, 43665
2026/08/28 13:24:17.828, 0, 0, 43669
2026/08/28 13:24:17.828, 1, 0, 43665
2026/08/28 13:24:17.828, 2, 0, 43665
2026/08/28 13:24:17.828, 3, 0, 43665
2026/08/28 13:24:18.328, 0, 0, 43669
2026/08/28 13:24:18.328, 1, 0, 43665
2026/08/28 13:24:18.328, 2, 0, 43665
2026/08/28 13:24:18.328, 3, 0, 43665
2026/08/28 13:24:18.828, 0, 0, 43669
2026/08/28 13:24:18.828, 1, 0, 43665
2026/08/28 13:24:18.828, 2, 0, 43665
2026/08/28 13:24:18.828, 3, 0, 43665
2026/08/28 13:24:19.328, 0, 0, 43669
2026/08/28 13:24:19.328, 1, 0, 43665
2026/08/28 13:24:19.328, 2, 0, 43665
2026/08/28 13:24:19.328, 3, 0, 43665
2026/08/28 13:24:19.828, 0, 0, 43669
2026/08/28 13:24:19.829, 1, 0, 43665
2026/08/28 13:24:19.829, 2, 0, 43665
2026/08/28 13:24:19.829, 3, 0, 43665
2026/08/28 13:24:20.329, 0, 0, 43669
2026/08/28 13:24:20.329, 1, 0, 43665
2026/08/28 13:24:20.329, 2, 0, 43665
2026/08/28 13:24:20.329, 3, 0, 43665
2026/08/28 13:24:20.829, 0, 0, 43669
2026/08/28 13:24:20.829, 1, 0, 43665
2026/08/28 13:24:20.829, 2, 0, 43665
2026/08/28 13:24:20.829, 3, 0, 43665
2026/08/28 13:24:21.329, 0, 0, 43669
2026/08/28 13:24:21.329, 1, 0, 43665
2026/08/28 13:24:21.329, 2, 0, 43665
2026/08/28 13:24:21.329, 3, 0, 43665
2026/08/28 13:24:21.829, 0, 0, 43669
2026/08/28 13:24:21.829, 1, 0, 43665
2026/08/28 13:24:21.829, 2, 0, 43665
2026/08/28 13:24:21.829, 3, 0, 43665
2026/08/28 13:24:22.329, 0, 0, 43669
2026/08/28 13:24:22.329, 1, 0, 43665
2026/08/28 13:24:22.329, 2, 0, 43665
2026/08/28 13:24:22.329, 3, 0, 43665
2026/08/28 13:24:22.829, 0, 0, 43669
2026/08/28 13:24:22.829, 1, 0, 43665
2026/08/28 13:24:22.829, 2, 0, 43665
2026/08/28 13:24:22.829, 3, 0, 43665
2026/08/28 13:24:23.329, 0, 0, 43669
2026/08/28 13:24:23.329, 1, 0, 43665
2026/08/28 13:24:23.329, 2, 0, 43665
2026/08/28 13:24:23.329, 3, 0, 43665
2026/08/28 13:24:23.830, 0, 0, 43669
2026/08/28 13:24:23.830, 1, 0, 43665
2026/08/28 13:24:23.830, 2, 0, 43665
2026/08/28 13:24:23.830, 3, 0, 43665
2026/08/28 13:24:24.330, 0, 0, 43669
2026/08/28 13:24:24.330, 1, 0, 43665
2026/08/28 13:24:24.330, 2, 0, 43665
2026/08/28 13:24:24.330, 3, 0, 43665
2026/08/28 13:24:24.830, 0, 0, 43669
2026/08/28 13:24:24.830, 1, 0, 43665
2026/08/28 13:24:24.830, 2, 0, 43665
2026/08/28 13:24:24.830, 3, 0, 43665
2026/08/28 13:24:25.330, 0, 0, 43669
2026/08/28 13:24:25.330, 1, 0, 43665
2026/08/28 13:24:25.330, 2, 0, 43665
2026/08/28 13:24:25.330, 3, 0, 43665
2026/08/28 13:24:25.830, 0, 0, 43669
2026/08/28 13:24:25.830, 1, 0, 43665
2026/08/28 13:24:25.830, 2, 0, 43665
2026/08/28 13:24:25.830, 3, 0, 43665
2026/08/28 13:24:26.330, 0, 0, 43669
2026/08/28 13:24:26.330, 1, 0, 43665
2026/08/28 13:24:26.330, 2, 0, 43665
2026/08/28 13:24:26.330, 3, 0, 43665
2026/08/28 13:24:26.830, 0, 0, 43669
2026/08/28 13:24:26.831, 1, 0, 43665
2026/08/28 13:24:26.831, 2, 0, 43665
2026/08/28 13:24:26.831, 3, 0, 43665
2026/08/28 13:24:27.331, 0, 0, 43669
2026/08/28 13:24:27.331, 1, 0, 43665
2026/08/28 13:24:27.331, 2, 0, 43665
2026/08/28 13:24:27.331, 3, 0, 43665
2026/08/28 13:24:27.831, 0, 0, 43669
2026/08/28 13:24:27.831, 1, 0, 43665
2026/08/28 13:24:27.831, 2, 0, 43665
2026/08/28 13:24:27.831, 3, 0, 43665
2026/08/28 13:24:28.331, 0, 0, 43669
2026/08/28 13:24:28.331, 1, 0, 43665
2026/08/28 13:24:28.331, 2, 0, 43665
2026/08/28 13:24:28.331, 3, 0, 43665
2026/08/28 13:24:28.831, 0, 0, 43669
2026/08/28 13:24:28.831, 1, 0, 43665
2026/08/28 13:24:28.831, 2, 0, 43665
2026/08/28 13:24:28.831, 3, 0, 43665
2026/08/28 13:24:29.332, 0, 0, 43669
2026/08/28 13:24:29.332, 1, 0, 43665
2026/08/28 13:24:29.332, 2, 0, 43665
2026/08/28 13:24:29.332, 3, 0, 43665
2026/08/28 13:24:29.832, 0, 0, 43669
2026/08/28 13:24:29.832, 1, 0, 43665
2026/08/28 13:24:29.832, 2, 0, 43665
2026/08/28 13:24:29.832, 3, 0, 43665
2026/08/28 13:24:30.332, 0, 0, 43669
2026/08/28 13:24:30.332, 1, 0, 43665
2026/08/28 13:24:30.332, 2, 0, 43665
2026/08/28 13:24:30.332, 3, 0, 43665
2026/08/28 13:24:30.832, 0, 0, 43669
2026/08/28 13:24:30.832, 1, 0, 43665
2026/08/28 13:24:30.832, 2, 0, 43665
2026/08/28 13:24:30.832, 3, 0, 43665
2026/08/28 13:24:31.332, 0, 0, 43669
2026/08/28 13:24:31.332, 1, 0, 43665
2026/08/28 13:24:31.332, 2, 0, 43665
2026/08/28 13:24:31.333, 3, 0, 43665
2026/08/28 13:24:31.833, 0, 0, 43669
2026/08/28 13:24:31.833, 1, 0, 43665
2026/08/28 13:24:31.833, 2, 0, 43665
2026/08/28 13:24:31.833, 3, 0, 43665
2026/08/28 13:24:32.333, 0, 0, 43669
2026/08/28 13:24:32.333, 1, 0, 43665
2026/08/28 13:24:32.333, 2, 0, 43665
2026/08/28 13:24:32.333, 3, 0, 43665
2026/08/28 13:24:32.833, 0, 0, 43669
2026/08/28 13:24:32.833, 1, 0, 43665
2026/08/28 13:24:32.833, 2, 0, 43665
2026/08/28 13:24:32.833, 3, 0, 43665
2026/08/28 13:24:33.333, 0, 0, 43669
2026/08/28 13:24:33.333, 1, 0, 43665
2026/08/28 13:24:33.333, 2, 0, 43665
2026/08/28 13:24:33.333, 3, 0, 43665
2026/08/28 13:24:33.833, 0, 0, 43669
2026/08/28 13:24:33.833, 1, 0, 43665
2026/08/28 13:24:33.833, 2, 0, 43665
2026/08/28 13:24:33.834, 3, 0, 43665
2026/08/28 13:24:34.334, 0, 0, 43669
2026/08/28 13:24:34.334, 1, 0, 43665
2026/08/28 13:24:34.334, 2, 0, 43665
2026/08/28 13:24:34.334, 3, 0, 43665
2026/08/28 13:24:34.834, 0, 0, 43669
2026/08/28 13:24:34.834, 1, 0, 43665
2026/08/28 13:24:34.834, 2, 0, 43665
2026/08/28 13:24:34.834, 3, 0, 43665
2026/08/28 13:24:35.334, 0, 0, 43669
2026/08/28 13:24:35.334, 1, 0, 43665
2026/08/28 13:24:35.334, 2, 0, 43665
2026/08/28 13:24:35.334, 3, 0, 43665
2026/08/28 13:24:35.834, 0, 0, 43669
2026/08/28 13:24:35.834, 1, 0, 43665
2026/08/28 13:24:35.834, 2, 0, 43665
2026/08/28 13:24:35.834, 3, 0, 43665
2026/08/28 13:24:36.334, 0, 0, 43669
2026/08/28 13:24:36.334, 1, 0, 43665
2026/08/28 13:24:36.334, 2, 0, 43665
2026/08/28 13:24:36.335, 3, 0, 43665
2026/08/28 13:24:36.835, 0, 0, 43669
2026/08/28 13:24:36.835, 1, 0, 43665
2026/08/28 13:24:36.835, 2, 0, 43665
2026/08/28 13:24:36.835, 3, 0, 43665
2026/08/28 13:24:37.335, 0, 0, 43669
2026/08/28 13:24:37.335, 1, 0, 43665
2026/08/28 13:24:37.335, 2, 0, 43665
2026/08/28 13:24:37.335, 3, 0, 43665
2026/08/28 13:24:37.835, 0, 0, 43669
2026/08/28 13:24:37.835, 1, 0, 43665
2026/08/28 13:24:37.835, 2, 0, 43665
2026/08/28 13:24:37.835, 3, 0, 43665
2026/08/28 13:24:38.335, 0, 0, 43669
2026/08/28 13:24:38.335, 1, 0, 43665
2026/08/28 13:24:38.335, 2, 0, 43665
2026/08/28 13:24:38.335, 3, 0, 43665
2026/08/28 13:24:38.835, 0, 0, 43669
2026/08/28 13:24:38.835, 1, 0, 43665
2026/08/28 13:24:38.835, 2, 0, 43665
2026/08/28 13:24:38.836, 3, 0, 43665
2026/08/28 13:24:39.336, 0, 0, 43669
2026/08/28 13:24:39.336, 1, 0, 43665
2026/08/28 13:24:39.336, 2, 0, 43665
2026/08/28 13:24:39.336, 3, 0, 43665
2026/08/28 13:24:39.836, 0, 0, 43669
2026/08/28 13:24:39.836, 1, 0, 43665
2026/08/28 13:24:39.836, 2, 0, 43665
2026/08/28 13:24:39.836, 3, 0, 43665
2026/08/28 13:24:40.336, 0, 0, 43669
2026/08/28 13:24:40.336, 1, 0, 43665
2026/08/28 13:24:40.336, 2, 0, 43665
2026/08/28 13:24:40.336, 3, 0, 43665
2026/08/28 13:24:40.836, 0, 0, 43669
2026/08/28 13:24:40.836, 1, 0, 43665
2026/08/28 13:24:40.836, 2, 0, 43665
2026/08/28 13:24:40.836, 3, 0, 43665
2026/08/28 13:24:41.336, 0, 0, 43669
2026/08/28 13:24:41.336, 1, 0, 43665
2026/08/28 13:24:41.336, 2, 0, 43665
2026/08/28 13:24:41.337, 3, 0, 43665
2026/08/28 13:24:41.837, 0, 0, 43669
2026/08/28 13:24:41.837, 1, 0, 43665
2026/08/28 13:24:41.837, 2, 0, 43665
2026/08/28 13:24:41.837, 3, 0, 43665
2026/08/28 13:24:42.337, 0, 0, 43669
2026/08/28 13:24:42.337, 1, 0, 43665
2026/08/28 13:24:42.337, 2, 0, 43665
2026/08/28 13:24:42.337, 3, 0, 43665
2026/08/28 13:24:42.837, 0, 0, 43669
2026/08/28 13:24:42.837, 1, 0, 43665
2026/08/28 13:24:42.837, 2, 0, 43665
2026/08/28 13:24:42.837, 3, 0, 43665
2026/08/28 13:24:43.337, 0, 0, 43669
2026/08/28 13:24:43.337, 1, 0, 43665
2026/08/28 13:24:43.337, 2, 0, 43665
2026/08/28 13:24:43.337, 3, 0, 43665
2026/08/28 13:24:43.837, 0, 0, 43669
2026/08/28 13:24:43.837, 1, 0, 43665
2026/08/28 13:24:43.837, 2, 0, 43665
2026/08/28 13:24:43.838, 3, 0, 43665
2026/08/28 13:24:44.338, 0, 0, 43669
2026/08/28 13:24:44.338, 1, 0, 43665
2026/08/28 13:24:44.338, 2, 0, 43665
2026/08/28 13:24:44.338, 3, 0, 43665
2026/08/28 13:24:44.838, 0, 0, 43669
2026/08/28 13:24:44.838, 1, 0, 43665
2026/08/28 13:24:44.838, 2, 0, 43665
2026/08/28 13:24:44.838, 3, 0, 43665
2026/08/28 13:24:45.338, 0, 0, 43669
2026/08/28 13:24:45.338, 1, 0, 43665
2026/08/28 13:24:45.338, 2, 0, 43665
2026/08/28 13:24:45.338, 3, 0, 43665
2026/08/28 13:24:45.838, 0, 0, 43669
2026/08/28 13:24:45.838, 1, 0, 43665
2026/08/28 13:24:45.838, 2, 0, 43665
2026/08/28 13:24:45.838, 3, 0, 43665
2026/08/28 13:24:46.338, 0, 0, 43669
2026/08/28 13:24:46.338, 1, 0, 43665
2026/08/28 13:24:46.338, 2, 0, 43665
2026/08/28 13:24:46.339, 3, 0, 43665
2026/08/28 13:24:46.839, 0, 0, 43669
2026/08/28 13:24:46.839, 1, 0, 43665
2026/08/28 13:24:46.839, 2, 0, 43665
2026/08/28 13:24:46.839, 3, 0, 43665
2026/08/28 13:24:47.339, 0, 0, 43669
2026/08/28 13:24:47.339, 1, 0, 43665
2026/08/28 13:24:47.339, 2, 0, 43665
2026/08/28 13:24:47.339, 3, 0, 43665
2026/08/28 13:24:47.839, 0, 0, 43669
2026/08/28 13:24:47.839, 1, 0, 43665
2026/08/28 13:24:47.839, 2, 0, 43665
2026/08/28 13:24:47.839, 3, 0, 43665
2026/08/28 13:24:48.339, 0, 0, 43669
2026/08/28 13:24:48.339, 1, 0, 43665
2026/08/28 13:24:48.339, 2, 0, 43665
2026/08/28 13:24:48.339, 3, 0, 43665
2026/08/28 13:24:48.839, 0, 0, 43669
2026/08/28 13:24:48.839, 1, 0, 43665
2026/08/28 13:24:48.839, 2, 0, 43665
2026/08/28 13:24:48.840, 3, 0, 43665
2026/08/28 13:24:49.340, 0, 0, 43669
2026/08/28 13:24:49.340, 1, 0, 43665
2026/08/28 13:24:49.340, 2, 0, 43665
2026/08/28 13:24:49.340, 3, 0, 43665
2026/08/28 13:24:49.840, 0, 0, 43669
2026/08/28 13:24:49.840, 1, 0, 43665
2026/08/28 13:24:49.840, 2, 0, 43665
2026/08/28 13:24:49.840, 3, 0, 43665
2026/08/28 13:24:50.340, 0, 0, 43669
2026/08/28 13:24:50.340, 1, 0, 43665
2026/08/28 13:24:50.340, 2, 0, 43665
2026/08/28 13:24:50.340, 3, 0, 43665
2026/08/28 13:24:50.840, 0, 0, 43669
2026/08/28 13:24:50.840, 1, 0, 43665
2026/08/28 13:24:50.840, 2, 0, 43665
2026/08/28 13:24:50.840, 3, 0, 43665
2026/08/28 13:24:51.340, 0, 0, 43669
2026/08/28 13:24:51.340, 1, 0, 43665
2026/08/28 13:24:51.340, 2, 0, 43665
2026/08/28 13:24:51.341, 3, 0, 43665
2026/08/28 13:24:51.841, 0, 0, 43669
2026/08/28 13:24:51.841, 1, 0, 43665
2026/08/28 13:24:51.841, 2, 0, 43665
2026/08/28 13:24:51.841, 3, 0, 43665
2026/08/28 13:24:52.341, 0, 0, 43669
2026/08/28 13:24:52.341, 1, 0, 43665
2026/08/28 13:24:52.341, 2, 0, 43665
2026/08/28 13:24:52.341, 3, 0, 43665
2026/08/28 13:24:52.841, 0, 0, 43669
2026/08/28 13:24:52.841, 1, 0, 43665
2026/08/28 13:24:52.841, 2, 0, 43665
2026/08/28 13:24:52.841, 3, 0, 43665
2026/08/28 13:24:53.341, 0, 0, 43669
2026/08/28 13:24:53.341, 1, 0, 43665
2026/08/28 13:24:53.341, 2, 0, 43665
2026/08/28 13:24:53.341, 3, 0, 43665
2026/08/28 13:24:53.841, 0, 0, 43669
2026/08/28 13:24:53.841, 1, 0, 43665
2026/08/28 13:24:53.841, 2, 0, 43665
2026/08/28 13:24:53.842, 3, 0, 43665
2026/08/28 13:24:54.342, 0, 0, 43669
2026/08/28 13:24:54.342, 1, 0, 43665
2026/08/28 13:24:54.342, 2, 0, 43665
2026/08/28 13:24:54.342, 3, 0, 43665
2026/08/28 13:24:54.842, 0, 0, 43669
2026/08/28 13:24:54.842, 1, 0, 43665
2026/08/28 13:24:54.842, 2, 0, 43665
2026/08/28 13:24:54.842, 3, 0, 43665
2026/08/28 13:24:55.342, 0, 0, 43669
2026/08/28 13:24:55.342, 1, 0, 43665
2026/08/28 13:24:55.342, 2, 0, 43665
2026/08/28 13:24:55.342, 3, 0, 43665
2026/08/28 13:24:55.842, 0, 0, 43669
2026/08/28 13:24:55.842, 1, 0, 43665
2026/08/28 13:24:55.842, 2, 0, 43665
2026/08/28 13:24:55.842, 3, 0, 43665
2026/08/28 13:24:56.342, 0, 0, 43669
2026/08/28 13:24:56.342, 1, 0, 43665
2026/08/28 13:24:56.342, 2, 0, 43665
2026/08/28 13:24:56.343, 3, 0, 43665
2026/08/28 13:24:56.843, 0, 0, 43669
2026/08/28 13:24:56.843, 1, 0, 43665
2026/08/28 13:24:56.843, 2, 0, 43665
2026/08/28 13:24:56.843, 3, 0, 43665
2026/08/28 13:24:57.343, 0, 0, 43683
2026/08/28 13:24:57.343, 1, 0, 43665
2026/08/28 13:24:57.343, 2, 0, 43665
2026/08/28 13:24:57.343, 3, 0, 43667
2026/08/28 13:24:57.843, 0, 90, 43683
2026/08/28 13:24:57.843, 1, 0, 43665
2026/08/28 13:24:57.843, 2, 0, 43665
2026/08/28 13:24:57.843, 3, 0, 43667
2026/08/28 13:24:58.343, 0, 100, 43683
2026/08/28 13:24:58.343, 1, 0, 43665
2026/08/28 13:24:58.343, 2, 0, 43665
2026/08/28 13:24:58.343, 3, 0, 43667
2026/08/28 13:24:58.843, 0, 99, 43683
2026/08/28 13:24:58.843, 1, 0, 43665
2026/08/28 13:24:58.843, 2, 0, 43665
2026/08/28 13:24:58.843, 3, 0, 43667
2026/08/28 13:24:59.343, 0, 98, 43683
2026/08/28 13:24:59.343, 1, 0, 43665
2026/08/28 13:24:59.343, 2, 0, 43665
2026/08/28 13:24:59.343, 3, 0, 43667
2026/08/28 13:24:59.843, 0, 7, 43685
2026/08/28 13:24:59.844, 1, 3, 43665
2026/08/28 13:24:59.844, 2, 3, 43665
2026/08/28 13:24:59.844, 3, 0, 43667
2026/08/28 13:25:00.344, 0, 92, 43685
2026/08/28 13:25:00.344, 1, 0, 43665
2026/08/28 13:25:00.344, 2, 0, 43665
2026/08/28 13:25:00.344, 3, 0, 43667
2026/08/28 13:25:00.844, 0, 99, 43685
2026/08/28 13:25:00.844, 1, 0, 43665
2026/08/28 13:25:00.844, 2, 0, 43665
2026/08/28 13:25:00.844, 3, 0, 43667
2026/08/28 13:25:01.344, 0, 98, 43685
2026/08/28 13:25:01.344, 1, 0, 43665
2026/08/28 13:25:01.344, 2, 0, 43665
2026/08/28 13:25:01.344, 3, 0, 43667
2026/08/28 13:25:01.844, 0, 99, 43687
2026/08/28 13:25:01.844, 1, 0, 43665
2026/08/28 13:25:01.844, 2, 0, 43665
2026/08/28 13:25:01.844, 3, 0, 43667
2026/08/28 13:25:02.344, 0, 100, 43689
2026/08/28 13:25:02.344, 1, 0, 43667
2026/08/28 13:25:02.344, 2, 0, 43667
2026/08/28 13:25:02.344, 3, 0, 43667
2026/08/28 13:25:02.844, 0, 98, 43689
2026/08/28 13:25:02.844, 1, 0, 43667
2026/08/28 13:25:02.844, 2, 0, 43667
2026/08/28 13:25:02.844, 3, 0, 43667
2026/08/28 13:25:03.344, 0, 99, 43687
2026/08/28 13:25:03.344, 1, 0, 43665
2026/08/28 13:25:03.344, 2, 0, 43665
2026/08/28 13:25:03.344, 3, 0, 43667
2026/08/28 13:25:03.844, 0, 68, 43689
2026/08/28 13:25:03.844, 1, 2, 43665
2026/08/28 13:25:03.844, 2, 1, 43665
2026/08/28 13:25:03.844, 3, 0, 43667
2026/08/28 13:25:04.345, 0, 36, 43691
2026/08/28 13:25:04.345, 1, 4, 43665
2026/08/28 13:25:04.345, 2, 4, 43665
2026/08/28 13:25:04.345, 3, 1, 43667
2026/08/28 13:25:04.845, 0, 63, 43693
2026/08/28 13:25:04.845, 1, 2, 43665
2026/08/28 13:25:04.845, 2, 1, 43665
2026/08/28 13:25:04.845, 3, 0, 43667
2026/08/28 13:25:05.345, 0, 77, 43697
2026/08/28 13:25:05.345, 1, 0, 43667
2026/08/28 13:25:05.345, 2, 1, 43667
2026/08/28 13:25:05.345, 3, 0, 43667
2026/08/28 13:25:05.845, 0, 33, 43699
2026/08/28 13:25:05.845, 1, 3, 43667
2026/08/28 13:25:05.845, 2, 2, 43667
2026/08/28 13:25:05.845, 3, 1, 43667
2026/08/28 13:25:06.345, 0, 68, 43701
2026/08/28 13:25:06.345, 1, 1, 43667
2026/08/28 13:25:06.345, 2, 1, 43667
2026/08/28 13:25:06.345, 3, 0, 43667
2026/08/28 13:25:06.845, 0, 81, 43703
2026/08/28 13:25:06.845, 1, 1, 43665
2026/08/28 13:25:06.845, 2, 1, 43665
2026/08/28 13:25:06.845, 3, 0, 43667
2026/08/28 13:25:07.345, 0, 34, 43705
2026/08/28 13:25:07.345, 1, 4, 43665
2026/08/28 13:25:07.345, 2, 3, 43665
2026/08/28 13:25:07.345, 3, 0, 43667
2026/08/28 13:25:07.845, 0, 99, 43705
2026/08/28 13:25:07.845, 1, 0, 43665
2026/08/28 13:25:07.845, 2, 0, 43665
2026/08/28 13:25:07.845, 3, 0, 43667
2026/08/28 13:25:08.345, 0, 99, 43705
2026/08/28 13:25:08.346, 1, 0, 43665
2026/08/28 13:25:08.346, 2, 0, 43665
2026/08/28 13:25:08.346, 3, 0, 43667
2026/08/28 13:25:08.846, 0, 94, 43705
2026/08/28 13:25:08.846, 1, 0, 43665
2026/08/28 13:25:08.846, 2, 0, 43665
2026/08/28 13:25:08.846, 3, 0, 43667
2026/08/28 13:25:09.346, 0, 100, 43705
2026/08/28 13:25:09.346, 1, 0, 43667
2026/08/28 13:25:09.346, 2, 0, 43667
2026/08/28 13:25:09.346, 3, 0, 43667
2026/08/28 13:25:09.846, 0, 99, 43705
2026/08/28 13:25:09.846, 1, 0, 43665
2026/08/28 13:25:09.846, 2, 0, 43665
2026/08/28 13:25:09.846, 3, 0, 43667
2026/08/28 13:25:10.346, 0, 98, 43705
2026/08/28 13:25:10.346, 1, 0, 43667
2026/08/28 13:25:10.346, 2, 0, 43667
2026/08/28 13:25:10.346, 3, 0, 43667
2026/08/28 13:25:10.846, 0, 74, 43705
2026/08/28 13:25:10.846, 1, 0, 43667
2026/08/28 13:25:10.846, 2, 0, 43667
2026/08/28 13:25:10.846, 3, 0, 43667
2026/08/28 13:25:11.346, 0, 100, 43705
2026/08/28 13:25:11.346, 1, 0, 43667
2026/08/28 13:25:11.346, 2, 0, 43667
2026/08/28 13:25:11.346, 3, 0, 43667
2026/08/28 13:25:11.846, 0, 99, 43705
2026/08/28 13:25:11.846, 1, 0, 43665
2026/08/28 13:25:11.846, 2, 0, 43665
2026/08/28 13:25:11.846, 3, 0, 43667
2026/08/28 13:25:12.346, 0, 98, 43707
2026/08/28 13:25:12.346, 1, 0, 43665
2026/08/28 13:25:12.346, 2, 0, 43665
2026/08/28 13:25:12.346, 3, 0, 43667
2026/08/28 13:25:12.847, 0, 99, 43707
2026/08/28 13:25:12.847, 1, 0, 43665
2026/08/28 13:25:12.847, 2, 0, 43665
2026/08/28 13:25:12.847, 3, 0, 43667
2026/08/28 13:25:13.347, 0, 99, 43707
2026/08/28 13:25:13.347, 1, 0, 43665
2026/08/28 13:25:13.347, 2, 0, 43665
2026/08/28 13:25:13.347, 3, 0, 43667
2026/08/28 13:25:13.847, 0, 92, 43707
2026/08/28 13:25:13.847, 1, 0, 43665
2026/08/28 13:25:13.847, 2, 1, 43665
2026/08/28 13:25:13.847, 3, 0, 43667
2026/08/28 13:25:14.347, 0, 9, 43705
2026/08/28 13:25:14.347, 1, 0, 43665
2026/08/28 13:25:14.347, 2, 0, 43665
2026/08/28 13:25:14.347, 3, 0, 43667
2026/08/28 13:25:14.847, 0, 0, 43705
2026/08/28 13:25:14.847, 1, 0, 43665
2026/08/28 13:25:14.847, 2, 0, 43665
2026/08/28 13:25:14.847, 3, 0, 43667
2026/08/28 13:25:15.347, 0, 12, 43705
2026/08/28 13:25:15.347, 1, 0, 43665
2026/08/28 13:25:15.347, 2, 0, 43665
2026/08/28 13:25:15.347, 3, 0, 43667
2026/08/28 13:25:15.847, 0, 0, 43705
2026/08/28 13:25:15.847, 1, 0, 43665
2026/08/28 13:25:15.847, 2, 0, 43665
2026/08/28 13:25:15.847, 3, 0, 43667
2026/08/28 13:25:16.348, 0, 0, 43705
2026/08/28 13:25:16.348, 1, 0, 43665
2026/08/28 13:25:16.348, 2, 0, 43665
2026/08/28 13:25:16.348, 3, 0, 43667
2026/08/28 13:25:16.848, 0, 0, 43705
2026/08/28 13:25:16.848, 1, 0, 43665
2026/08/28 13:25:16.848, 2, 0, 43665
2026/08/28 13:25:16.848, 3, 0, 43667
2026/08/28 13:25:17.348, 0, 0, 43705
2026/08/28 13:25:17.348, 1, 0, 43665
2026/08/28 13:25:17.348, 2, 0, 43665
2026/08/28 13:25:17.348, 3, 0, 43667
2026/08/28 13:25:17.848, 0, 0, 43705
2026/08/28 13:25:17.848, 1, 0, 43665
2026/08/28 13:25:17.848, 2, 0, 43665
2026/08/28 13:25:17.848, 3, 0, 43667
2026/08/28 13:25:18.348, 0, 0, 43705
2026/08/28 13:25:18.348, 1, 0, 43665
2026/08/28 13:25:18.348, 2, 0, 43665
2026/08/28 13:25:18.348, 3, 0, 43667
2026/08/28 13:25:18.849, 0, 0, 43705
2026/08/28 13:25:18.849, 1, 0, 43665
2026/08/28 13:25:18.849, 2, 0, 43665
2026/08/28 13:25:18.849, 3, 0, 43667
2026/08/28 13:25:19.349, 0, 0, 43705
2026/08/28 13:25:19.349, 1, 0, 43665
2026/08/28 13:25:19.349, 2, 0, 43665
2026/08/28 13:25:19.349, 3, 0, 43667
2026/08/28 13:25:19.849, 0, 0, 43705
2026/08/28 13:25:19.849, 1, 0, 43665
2026/08/28 13:25:19.849, 2, 0, 43665
2026/08/28 13:25:19.849, 3, 0, 43667
2026/08/28 13:25:20.349, 0, 0, 43705
2026/08/28 13:25:20.349, 1, 0, 43665
2026/08/28 13:25:20.349, 2, 0, 43665
2026/08/28 13:25:20.349, 3, 0, 43667
2026/08/28 13:25:20.849, 0, 0, 43705
2026/08/28 13:25:20.849, 1, 0, 43665
2026/08/28 13:25:20.849, 2, 0, 43665
2026/08/28 13:25:20.849, 3, 0, 43667
2026/08/28 13:25:21.349, 0, 0, 43705
2026/08/28 13:25:21.349, 1, 0, 43665
2026/08/28 13:25:21.349, 2, 0, 43665
2026/08/28 13:25:21.349, 3, 0, 43667
2026/08/28 13:25:21.849, 0, 0, 43705
2026/08/28 13:25:21.849, 1, 0, 43665
2026/08/28 13:25:21.849, 2, 0, 43665
2026/08/28 13:25:21.849, 3, 0, 43667
2026/08/28 13:25:22.349, 0, 0, 43705
2026/08/28 13:25:22.350, 1, 0, 43665
2026/08/28 13:25:22.350, 2, 0, 43665
2026/08/28 13:25:22.350, 3, 0, 43667
2026/08/28 13:25:22.850, 0, 0, 43705
2026/08/28 13:25:22.850, 1, 0, 43665
2026/08/28 13:25:22.850, 2, 0, 43665
2026/08/28 13:25:22.850, 3, 0, 43667
2026/08/28 13:25:23.350, 0, 0, 43705
2026/08/28 13:25:23.350, 1, 0, 43665
2026/08/28 13:25:23.350, 2, 0, 43665
2026/08/28 13:25:23.350, 3, 0, 43667
2026/08/28 13:25:23.850, 0, 0, 43705
2026/08/28 13:25:23.850, 1, 0, 43665
2026/08/28 13:25:23.850, 2, 0, 43665
2026/08/28 13:25:23.850, 3, 0, 43667
2026/08/28 13:25:24.350, 0, 0, 43705
2026/08/28 13:25:24.350, 1, 0, 43665
2026/08/28 13:25:24.350, 2, 0, 43665
2026/08/28 13:25:24.350, 3, 0, 43667
2026/08/28 13:25:24.850, 0, 0, 43705
2026/08/28 13:25:24.851, 1, 0, 43665
2026/08/28 13:25:24.851, 2, 0, 43665
2026/08/28 13:25:24.851, 3, 0, 43667
2026/08/28 13:25:25.351, 0, 0, 43705
2026/08/28 13:25:25.351, 1, 0, 43665
2026/08/28 13:25:25.351, 2, 0, 43665
2026/08/28 13:25:25.351, 3, 0, 43667
2026/08/28 13:25:25.851, 0, 0, 43705
2026/08/28 13:25:25.851, 1, 0, 43665
2026/08/28 13:25:25.851, 2, 0, 43665
2026/08/28 13:25:25.851, 3, 0, 43667
2026/08/28 13:25:26.351, 0, 0, 43705
2026/08/28 13:25:26.351, 1, 0, 43665
2026/08/28 13:25:26.351, 2, 0, 43665
2026/08/28 13:25:26.351, 3, 0, 43667
2026/08/28 13:25:26.851, 0, 0, 43705
2026/08/28 13:25:26.851, 1, 0, 43665
2026/08/28 13:25:26.851, 2, 0, 43665
2026/08/28 13:25:26.851, 3, 0, 43667
2026/08/28 13:25:27.351, 0, 0, 43705
2026/08/28 13:25:27.351, 1, 0, 43665
2026/08/28 13:25:27.351, 2, 0, 43665
2026/08/28 13:25:27.352, 3, 0, 43667
2026/08/28 13:25:27.852, 0, 0, 43705
2026/08/28 13:25:27.852, 1, 0, 43665
2026/08/28 13:25:27.852, 2, 0, 43665
2026/08/28 13:25:27.852, 3, 0, 43667
2026/08/28 13:25:28.352, 0, 0, 43705
2026/08/28 13:25:28.352, 1, 0, 43665
2026/08/28 13:25:28.352, 2, 0, 43665
2026/08/28 13:25:28.352, 3, 0, 43667
2026/08/28 13:25:28.852, 0, 0, 43705
2026/08/28 13:25:28.852, 1, 0, 43665
2026/08/28 13:25:28.852, 2, 0, 43665
2026/08/28 13:25:28.852, 3, 0, 43667
2026/08/28 13:25:29.352, 0, 0, 43705
2026/08/28 13:25:29.352, 1, 0, 43665
2026/08/28 13:25:29.352, 2, 0, 43665
2026/08/28 13:25:29.352, 3, 0, 43667
2026/08/28 13:25:29.852, 0, 0, 43705
2026/08/28 13:25:29.852, 1, 0, 43665
2026/08/28 13:25:29.852, 2, 0, 43665
2026/08/28 13:25:29.853, 3, 0, 43667
2026/08/28 13:25:30.353, 0, 0, 43705
2026/08/28 13:25:30.353, 1, 0, 43665
2026/08/28 13:25:30.353, 2, 0, 43665
2026/08/28 13:25:30.353, 3, 0, 43667
2026/08/28 13:25:30.853, 0, 0, 43705
2026/08/28 13:25:30.853, 1, 0, 43665
2026/08/28 13:25:30.853, 2, 0, 43665
2026/08/28 13:25:30.853, 3, 0, 43667
2026/08/28 13:25:31.353, 0, 0, 43705
2026/08/28 13:25:31.353, 1, 0, 43665
2026/08/28 13:25:31.353, 2, 0, 43665
2026/08/28 13:25:31.353, 3, 0, 43667
2026/08/28 13:25:31.853, 0, 0, 43705
2026/08/28 13:25:31.853, 1, 0, 43665
2026/08/28 13:25:31.853, 2, 0, 43665
2026/08/28 13:25:31.853, 3, 0, 43667
2026/08/28 13:25:32.353, 0, 0, 43705
2026/08/28 13:25:32.353, 1, 0, 43665
2026/08/28 13:25:32.353, 2, 0, 43665
2026/08/28 13:25:32.353, 3, 0, 43667
2026/08/28 13:25:32.853, 0, 0, 43705
2026/08/28 13:25:32.853, 1, 0, 43665
2026/08/28 13:25:32.853, 2, 0, 43665
2026/08/28 13:25:32.853, 3, 0, 43667
2026/08/28 13:25:33.354, 0, 0, 43705
2026/08/28 13:25:33.354, 1, 0, 43665
2026/08/28 13:25:33.354, 2, 0, 43665
2026/08/28 13:25:33.354, 3, 0, 43667
2026/08/28 13:25:33.854, 0, 0, 43705
2026/08/28 13:25:33.854, 1, 0, 43665
2026/08/28 13:25:33.854, 2, 0, 43665
2026/08/28 13:25:33.854, 3, 0, 43667
2026/08/28 13:25:34.354, 0, 0, 43705
2026/08/28 13:25:34.354, 1, 0, 43665
2026/08/28 13:25:34.354, 2, 0, 43665
2026/08/28 13:25:34.354, 3, 0, 43667
2026/08/28 13:25:34.854, 0, 0, 43705
2026/08/28 13:25:34.854, 1, 0, 43665
2026/08/28 13:25:34.854, 2, 0, 43665
2026/08/28 13:25:34.854, 3, 0, 43667
2026/08/28 13:25:35.354, 0, 0, 43705
2026/08/28 13:25:35.354, 1, 0, 43665
2026/08/28 13:25:35.354, 2, 0, 43665
2026/08/28 13:25:35.354, 3, 0, 43667
2026/08/28 13:25:35.854, 0, 0, 43705
2026/08/28 13:25:35.854, 1, 0, 43665
2026/08/28 13:25:35.854, 2, 0, 43665
2026/08/28 13:25:35.854, 3, 0, 43667
2026/08/28 13:25:36.354, 0, 0, 43705
2026/08/28 13:25:36.354, 1, 0, 43665
2026/08/28 13:25:36.354, 2, 0, 43665
2026/08/28 13:25:36.354, 3, 0, 43667
2026/08/28 13:25:36.854, 0, 0, 43705
2026/08/28 13:25:36.854, 1, 0, 43665
2026/08/28 13:25:36.854, 2, 0, 43665
2026/08/28 13:25:36.854, 3, 0, 43667
2026/08/28 13:25:37.355, 0, 0, 43705
2026/08/28 13:25:37.355, 1, 0, 43665
2026/08/28 13:25:37.355, 2, 0, 43665
2026/08/28 13:25:37.355, 3, 0, 43667
2026/08/28 13:25:37.855, 0, 0, 43705
2026/08/28 13:25:37.855, 1, 0, 43665
2026/08/28 13:25:37.855, 2, 0, 43665
2026/08/28 13:25:37.855, 3, 0, 43667
2026/08/28 13:25:38.355, 0, 0, 43705
2026/08/28 13:25:38.355, 1, 0, 43665
2026/08/28 13:25:38.355, 2, 0, 43665
2026/08/28 13:25:38.355, 3, 0, 43667
2026/08/28 13:25:38.855, 0, 0, 43705
2026/08/28 13:25:38.855, 1, 0, 43665
2026/08/28 13:25:38.855, 2, 0, 43665
2026/08/28 13:25:38.855, 3, 0, 43667
2026/08/28 13:25:39.355, 0, 0, 43705
2026/08/28 13:25:39.355, 1, 0, 43665
2026/08/28 13:25:39.355, 2, 0, 43665
2026/08/28 13:25:39.355, 3, 0, 43667
2026/08/28 13:25:39.855, 0, 0, 43705
2026/08/28 13:25:39.855, 1, 0, 43665
2026/08/28 13:25:39.855, 2, 0, 43665
2026/08/28 13:25:39.855, 3, 0, 43667
2026/08/28 13:25:40.355, 0, 0, 43705
2026/08/28 13:25:40.355, 1, 0, 43665
2026/08/28 13:25:40.355, 2, 0, 43665
2026/08/28 13:25:40.355, 3, 0, 43667
2026/08/28 13:25:40.856, 0, 0, 43705
2026/08/28 13:25:40.856, 1, 0, 43665
2026/08/28 13:25:40.856, 2, 0, 43665
2026/08/28 13:25:40.856, 3, 0, 43667
2026/08/28 13:25:41.356, 0, 0, 43705
2026/08/28 13:25:41.356, 1, 0, 43665
2026/08/28 13:25:41.356, 2, 0, 43665
2026/08/28 13:25:41.356, 3, 0, 43667
2026/08/28 13:25:41.856, 0, 0, 43705
2026/08/28 13:25:41.856, 1, 0, 43665
2026/08/28 13:25:41.856, 2, 0, 43665
2026/08/28 13:25:41.856, 3, 0, 43667
2026/08/28 13:25:42.356, 0, 0, 43705
2026/08/28 13:25:42.356, 1, 0, 43665
2026/08/28 13:25:42.356, 2, 0, 43665
2026/08/28 13:25:42.356, 3, 0, 43667
2026/08/28 13:25:42.856, 0, 0, 43705
2026/08/28 13:25:42.856, 1, 0, 43665
2026/08/28 13:25:42.856, 2, 0, 43665
2026/08/28 13:25:42.856, 3, 0, 43667
2026/08/28 13:25:43.356, 0, 0, 43705
2026/08/28 13:25:43.356, 1, 0, 43665
2026/08/28 13:25:43.356, 2, 0, 43665
2026/08/28 13:25:43.356, 3, 0, 43667
2026/08/28 13:25:43.856, 0, 0, 43705
2026/08/28 13:25:43.856, 1, 0, 43665
2026/08/28 13:25:43.856, 2, 0, 43665
2026/08/28 13:25:43.856, 3, 0, 43667
2026/08/28 13:25:44.356, 0, 0, 43705
2026/08/28 13:25:44.357, 1, 0, 43665
2026/08/28 13:25:44.357, 2, 0, 43665
2026/08/28 13:25:44.357, 3, 0, 43667
2026/08/28 13:25:44.857, 0, 0, 43705
2026/08/28 13:25:44.857, 1, 0, 43665
2026/08/28 13:25:44.857, 2, 0, 43665
2026/08/28 13:25:44.857, 3, 0, 43667
2026/08/28 13:25:45.357, 0, 0, 43705
2026/08/28 13:25:45.357, 1, 0, 43665
2026/08/28 13:25:45.357, 2, 0, 43665
2026/08/28 13:25:45.357, 3, 0, 43667
2026/08/28 13:25:45.857, 0, 0, 43705
2026/08/28 13:25:45.857, 1, 0, 43665
2026/08/28 13:25:45.857, 2, 0, 43665
2026/08/28 13:25:45.857, 3, 0, 43667
2026/08/28 13:25:46.357, 0, 0, 43705
2026/08/28 13:25:46.357, 1, 0, 43665
2026/08/28 13:25:46.357, 2, 0, 43665
2026/08/28 13:25:46.357, 3, 0, 43667
2026/08/28 13:25:46.857, 0, 0, 43705
2026/08/28 13:25:46.857, 1, 0, 43665
2026/08/28 13:25:46.857, 2, 0, 43665
2026/08/28 13:25:46.857, 3, 0, 43667
2026/08/28 13:25:47.357, 0, 0, 43705
2026/08/28 13:25:47.357, 1, 0, 43665
2026/08/28 13:25:47.357, 2, 0, 43665
2026/08/28 13:25:47.357, 3, 0, 43667
2026/08/28 13:25:47.857, 0, 0, 43705
2026/08/28 13:25:47.857, 1, 0, 43665
2026/08/28 13:25:47.858, 2, 0, 43665
2026/08/28 13:25:47.858, 3, 0, 43667
2026/08/28 13:25:48.358, 0, 0, 43705
2026/08/28 13:25:48.358, 1, 0, 43665
2026/08/28 13:25:48.358, 2, 0, 43665
2026/08/28 13:25:48.358, 3, 0, 43667
2026/08/28 13:25:48.858, 0, 0, 43705
2026/08/28 13:25:48.858, 1, 0, 43665
2026/08/28 13:25:48.858, 2, 0, 43665
2026/08/28 13:25:48.858, 3, 0, 43667
2026/08/28 13:25:49.358, 0, 0, 43705
2026/08/28 13:25:49.358, 1, 0, 43665
2026/08/28 13:25:49.358, 2, 0, 43665
2026/08/28 13:25:49.358, 3, 0, 43667
2026/08/28 13:25:49.858, 0, 0, 43705
2026/08/28 13:25:49.858, 1, 0, 43665
2026/08/28 13:25:49.858, 2, 0, 43665
2026/08/28 13:25:49.858, 3, 0, 43667
2026/08/28 13:25:50.358, 0, 0, 43705
2026/08/28 13:25:50.358, 1, 0, 43665
2026/08/28 13:25:50.358, 2, 0, 43665
2026/08/28 13:25:50.358, 3, 0, 43667
2026/08/28 13:25:50.858, 0, 0, 43705
2026/08/28 13:25:50.858, 1, 0, 43665
2026/08/28 13:25:50.858, 2, 0, 43665
2026/08/28 13:25:50.858, 3, 0, 43667
2026/08/28 13:25:51.358, 0, 0, 43705
2026/08/28 13:25:51.358, 1, 0, 43665
2026/08/28 13:25:51.358, 2, 0, 43665
2026/08/28 13:25:51.358, 3, 0, 43667
2026/08/28 13:25:51.859, 0, 0, 43705
2026/08/28 13:25:51.859, 1, 0, 43665
2026/08/28 13:25:51.859, 2, 0, 43665
2026/08/28 13:25:51.859, 3, 0, 43667
2026/08/28 13:25:52.359, 0, 0, 43705
2026/08/28 13:25:52.359, 1, 0, 43665
2026/08/28 13:25:52.359, 2, 0, 43665
2026/08/28 13:25:52.359, 3, 0, 43667
2026/08/28 13:25:52.859, 0, 0, 43705
2026/08/28 13:25:52.859, 1, 0, 43665
2026/08/28 13:25:52.859, 2, 0, 43665
2026/08/28 13:25:52.859, 3, 0, 43667
2026/08/28 13:25:53.359, 0, 0, 43705
2026/08/28 13:25:53.359, 1, 0, 43665
2026/08/28 13:25:53.359, 2, 0, 43665
2026/08/28 13:25:53.359, 3, 0, 43667
2026/08/28 13:25:53.859, 0, 0, 43705
2026/08/28 13:25:53.859, 1, 0, 43665
2026/08/28 13:25:53.859, 2, 0, 43665
2026/08/28 13:25:53.859, 3, 0, 43667
2026/08/28 13:25:54.359, 0, 0, 43705
2026/08/28 13:25:54.359, 1, 0, 43665
2026/08/28 13:25:54.359, 2, 0, 43665
2026/08/28 13:25:54.359, 3, 0, 43667
2026/08/28 13:25:54.859, 0, 0, 43705
2026/08/28 13:25:54.859, 1, 0, 43665
2026/08/28 13:25:54.859, 2, 0, 43665
2026/08/28 13:25:54.859, 3, 0, 43667
2026/08/28 13:25:55.359, 0, 0, 43705
2026/08/28 13:25:55.359, 1, 0, 43665
2026/08/28 13:25:55.359, 2, 0, 43665
2026/08/28 13:25:55.359, 3, 0, 43667
2026/08/28 13:25:55.860, 0, 0, 43705
2026/08/28 13:25:55.860, 1, 0, 43665
2026/08/28 13:25:55.860, 2, 0, 43665
2026/08/28 13:25:55.860, 3, 0, 43667
2026/08/28 13:25:56.360, 0, 0, 43705
2026/08/28 13:25:56.360, 1, 0, 43665
2026/08/28 13:25:56.360, 2, 0, 43665
2026/08/28 13:25:56.360, 3, 0, 43667
2026/08/28 13:25:56.860, 0, 0, 43705
2026/08/28 13:25:56.860, 1, 0, 43665
2026/08/28 13:25:56.860, 2, 0, 43665
2026/08/28 13:25:56.860, 3, 0, 43667
2026/08/28 13:25:57.360, 0, 0, 43705
2026/08/28 13:25:57.360, 1, 0, 43665
2026/08/28 13:25:57.360, 2, 0, 43665
2026/08/28 13:25:57.360, 3, 0, 43667
2026/08/28 13:25:57.860, 0, 0, 43705
2026/08/28 13:25:57.860, 1, 0, 43665
2026/08/28 13:25:57.860, 2, 0, 43665
2026/08/28 13:25:57.860, 3, 0, 43667
2026/08/28 13:25:58.360, 0, 0, 43705
2026/08/28 13:25:58.360, 1, 0, 43665
2026/08/28 13:25:58.360, 2, 0, 43665
2026/08/28 13:25:58.360, 3, 0, 43667
2026/08/28 13:25:58.860, 0, 0, 43705
2026/08/28 13:25:58.860, 1, 0, 43665
2026/08/28 13:25:58.860, 2, 0, 43665
2026/08/28 13:25:58.860, 3, 0, 43667
2026/08/28 13:25:59.360, 0, 0, 43705
2026/08/28 13:25:59.361, 1, 0, 43665
2026/08/28 13:25:59.361, 2, 0, 43665
2026/08/28 13:25:59.361, 3, 0, 43667
2026/08/28 13:25:59.861, 0, 0, 43705
2026/08/28 13:25:59.861, 1, 0, 43665
2026/08/28 13:25:59.861, 2, 0, 43665
2026/08/28 13:25:59.861, 3, 0, 43667
2026/08/28 13:26:00.361, 0, 0, 43705
2026/08/28 13:26:00.361, 1, 0, 43665
2026/08/28 13:26:00.361, 2, 0, 43665
2026/08/28 13:26:00.361, 3, 0, 43667
2026/08/28 13:26:00.861, 0, 0, 43705
2026/08/28 13:26:00.861, 1, 0, 43665
2026/08/28 13:26:00.861, 2, 0, 43665
2026/08/28 13:26:00.861, 3, 0, 43667
2026/08/28 13:26:01.361, 0, 0, 43705
2026/08/28 13:26:01.361, 1, 0, 43665
2026/08/28 13:26:01.361, 2, 0, 43665
2026/08/28 13:26:01.361, 3, 0, 43667
2026/08/28 13:26:01.861, 0, 0, 43713
2026/08/28 13:26:01.861, 1, 0, 43683
2026/08/28 13:26:01.861, 2, 0, 43669
2026/08/28 13:26:01.861, 3, 0, 43679
2026/08/28 13:26:02.361, 0, 100, 43817
2026/08/28 13:26:02.361, 1, 100, 43801
2026/08/28 13:26:02.362, 2, 99, 43801
2026/08/28 13:26:02.362, 3, 89, 43801
2026/08/28 13:26:02.862, 0, 100, 43817
2026/08/28 13:26:02.862, 1, 100, 43801
2026/08/28 13:26:02.862, 2, 100, 43801
2026/08/28 13:26:02.862, 3, 100, 43801
2026/08/28 13:26:03.362, 0, 100, 43817
2026/08/28 13:26:03.362, 1, 100, 43801
2026/08/28 13:26:03.362, 2, 100, 43801
2026/08/28 13:26:03.362, 3, 100, 43801
2026/08/28 13:26:03.862, 0, 100, 43817
2026/08/28 13:26:03.862, 1, 100, 43801
2026/08/28 13:26:03.862, 2, 100, 43801
2026/08/28 13:26:03.862, 3, 100, 43801
2026/08/28 13:26:04.362, 0, 100, 43817
2026/08/28 13:26:04.362, 1, 100, 43801
2026/08/28 13:26:04.362, 2, 100, 43801
2026/08/28 13:26:04.362, 3, 100, 43801
2026/08/28 13:26:04.862, 0, 100, 43817
2026/08/28 13:26:04.862, 1, 100, 43801
2026/08/28 13:26:04.862, 2, 100, 43801
2026/08/28 13:26:04.862, 3, 100, 43801
2026/08/28 13:26:05.362, 0, 100, 43817
2026/08/28 13:26:05.362, 1, 100, 43801
2026/08/28 13:26:05.362, 2, 100, 43801
2026/08/28 13:26:05.362, 3, 100, 43801
2026/08/28 13:26:05.862, 0, 100, 43817
2026/08/28 13:26:05.862, 1, 100, 43801
2026/08/28 13:26:05.862, 2, 100, 43801
2026/08/28 13:26:05.862, 3, 100, 43801
2026/08/28 13:26:06.362, 0, 100, 43817
2026/08/28 13:26:06.362, 1, 100, 43801
2026/08/28 13:26:06.362, 2, 100, 43801
2026/08/28 13:26:06.362, 3, 100, 43801
2026/08/28 13:26:06.863, 0, 100, 43817
2026/08/28 13:26:06.863, 1, 100, 43801
2026/08/28 13:26:06.863, 2, 100, 43801
2026/08/28 13:26:06.863, 3, 17, 43801
2026/08/28 13:26:07.363, 0, 100, 43817
2026/08/28 13:26:07.363, 1, 100, 43801
2026/08/28 13:26:07.363, 2, 100, 43801
2026/08/28 13:26:07.363, 3, 100, 43801
2026/08/28 13:26:07.863, 0, 100, 43817
2026/08/28 13:26:07.863, 1, 100, 43801
2026/08/28 13:26:07.863, 2, 100, 43801
2026/08/28 13:26:07.863, 3, 100, 43801
2026/08/28 13:26:08.363, 0, 100, 43817
2026/08/28 13:26:08.363, 1, 100, 43801
2026/08/28 13:26:08.363, 2, 100, 43801
2026/08/28 13:26:08.363, 3, 100, 43801
2026/08/28 13:26:08.863, 0, 100, 43817
2026/08/28 13:26:08.863, 1, 100, 43801
2026/08/28 13:26:08.863, 2, 100, 43801
2026/08/28 13:26:08.863, 3, 100, 43801
2026/08/28 13:26:09.363, 0, 100, 43817
2026/08/28 13:26:09.363, 1, 100, 43801
2026/08/28 13:26:09.363, 2, 100, 43801
2026/08/28 13:26:09.363, 3, 100, 43801
2026/08/28 13:26:09.863, 0, 100, 43817
2026/08/28 13:26:09.863, 1, 100, 43801
2026/08/28 13:26:09.863, 2, 100, 43801
2026/08/28 13:26:09.863, 3, 100, 43801
2026/08/28 13:26:10.363, 0, 100, 43817
2026/08/28 13:26:10.364, 1, 100, 43801
2026/08/28 13:26:10.364, 2, 100, 43801
2026/08/28 13:26:10.364, 3, 100, 43801
2026/08/28 13:26:10.864, 0, 100, 43817
2026/08/28 13:26:10.864, 1, 100, 43801
2026/08/28 13:26:10.864, 2, 100, 43801
2026/08/28 13:26:10.864, 3, 100, 43801
2026/08/28 13:26:11.364, 0, 66, 43817
2026/08/28 13:26:11.364, 1, 97, 43801
2026/08/28 13:26:11.364, 2, 65, 43801
2026/08/28 13:26:11.364, 3, 48, 43801
2026/08/28 13:26:11.864, 0, 100, 43817
2026/08/28 13:26:11.864, 1, 100, 43801
2026/08/28 13:26:11.864, 2, 100, 43801
2026/08/28 13:26:11.864, 3, 100, 43801
2026/08/28 13:26:12.364, 0, 100, 43817
2026/08/28 13:26:12.364, 1, 100, 43801
2026/08/28 13:26:12.364, 2, 100, 43801
2026/08/28 13:26:12.364, 3, 100, 43801
2026/08/28 13:26:12.864, 0, 100, 43817
2026/08/28 13:26:12.864, 1, 100, 43801
2026/08/28 13:26:12.864, 2, 100, 43801
2026/08/28 13:26:12.864, 3, 100, 43801
2026/08/28 13:26:13.364, 0, 100, 43817
2026/08/28 13:26:13.364, 1, 100, 43801
2026/08/28 13:26:13.364, 2, 100, 43801
2026/08/28 13:26:13.364, 3, 100, 43801
2026/08/28 13:26:13.864, 0, 100, 43817
2026/08/28 13:26:13.864, 1, 100, 43801
2026/08/28 13:26:13.864, 2, 100, 43801
2026/08/28 13:26:13.864, 3, 100, 43801
2026/08/28 13:26:14.365, 0, 100, 43817
2026/08/28 13:26:14.365, 1, 100, 43801
2026/08/28 13:26:14.365, 2, 100, 43801
2026/08/28 13:26:14.365, 3, 100, 43801
2026/08/28 13:26:14.865, 0, 100, 43817
2026/08/28 13:26:14.865, 1, 100, 43801
2026/08/28 13:26:14.865, 2, 100, 43801
2026/08/28 13:26:14.865, 3, 100, 43801
2026/08/28 13:26:15.365, 0, 100, 43817
2026/08/28 13:26:15.365, 1, 100, 43801
2026/08/28 13:26:15.365, 2, 100, 43801
2026/08/28 13:26:15.365, 3, 100, 43801
2026/08/28 13:26:15.865, 0, 83, 43817
2026/08/28 13:26:15.865, 1, 100, 43801
2026/08/28 13:26:15.865, 2, 73, 43801
2026/08/28 13:26:15.865, 3, 100, 43801
2026/08/28 13:26:16.365, 0, 100, 43817
2026/08/28 13:26:16.365, 1, 100, 43801
2026/08/28 13:26:16.365, 2, 100, 43801
2026/08/28 13:26:16.365, 3, 100, 43801
2026/08/28 13:26:16.865, 0, 100, 43817
2026/08/28 13:26:16.865, 1, 100, 43801
2026/08/28 13:26:16.865, 2, 100, 43801
2026/08/28 13:26:16.865, 3, 100, 43801
2026/08/28 13:26:17.365, 0, 100, 43817
2026/08/28 13:26:17.365, 1, 100, 43801
2026/08/28 13:26:17.365, 2, 100, 43801
2026/08/28 13:26:17.365, 3, 100, 43801
2026/08/28 13:26:17.866, 0, 100, 43817
2026/08/28 13:26:17.866, 1, 100, 43801
2026/08/28 13:26:17.866, 2, 100, 43801
2026/08/28 13:26:17.866, 3, 100, 43801
2026/08/28 13:26:18.366, 0, 100, 43817
2026/08/28 13:26:18.366, 1, 100, 43801
2026/08/28 13:26:18.366, 2, 100, 43801
2026/08/28 13:26:18.366, 3, 100, 43801
2026/08/28 13:26:18.866, 0, 100, 43817
2026/08/28 13:26:18.866, 1, 100, 43801
2026/08/28 13:26:18.866, 2, 100, 43801
2026/08/28 13:26:18.866, 3, 100, 43801
2026/08/28 13:26:19.366, 0, 100, 43817
2026/08/28 13:26:19.366, 1, 100, 43801
2026/08/28 13:26:19.366, 2, 100, 43801
2026/08/28 13:26:19.366, 3, 100, 43801
2026/08/28 13:26:19.866, 0, 100, 43817
2026/08/28 13:26:19.866, 1, 100, 43801
2026/08/28 13:26:19.866, 2, 100, 43801
2026/08/28 13:26:19.866, 3, 100, 43801
2026/08/28 13:26:20.366, 0, 100, 43817
2026/08/28 13:26:20.366, 1, 100, 43801
2026/08/28 13:26:20.366, 2, 100, 43801
2026/08/28 13:26:20.366, 3, 100, 43801
2026/08/28 13:26:20.866, 0, 0, 43817
2026/08/28 13:26:20.866, 1, 0, 43801
2026/08/28 13:26:20.866, 2, 0, 43801
2026/08/28 13:26:20.866, 3, 0, 43801
2026/08/28 13:26:21.366, 0, 0, 43817
2026/08/28 13:26:21.366, 1, 0, 43801
2026/08/28 13:26:21.366, 2, 0, 43801
2026/08/28 13:26:21.366, 3, 0, 43801
2026/08/28 13:26:21.867, 0, 0, 43817
2026/08/28 13:26:21.867, 1, 0, 43801
2026/08/28 13:26:21.867, 2, 0, 43801
2026/08/28 13:26:21.867, 3, 0, 43801
2026/08/28 13:26:22.367, 0, 0, 43817
2026/08/28 13:26:22.367, 1, 0, 43801
2026/08/28 13:26:22.367, 2, 0, 43801
2026/08/28 13:26:22.367, 3, 0, 43801
2026/08/28 13:26:22.867, 0, 99, 43817
2026/08/28 13:26:22.867, 1, 99, 43801
2026/08/28 13:26:22.867, 2, 99, 43801
2026/08/28 13:26:22.867, 3, 100, 43801
2026/08/28 13:26:23.367, 0, 100, 43817
2026/08/28 13:26:23.367, 1, 100, 43801
2026/08/28 13:26:23.367, 2, 100, 43801
2026/08/28 13:26:23.367, 3, 100, 43801
2026/08/28 13:26:23.867, 0, 100, 43817
2026/08/28 13:26:23.867, 1, 100, 43801
2026/08/28 13:26:23.867, 2, 100, 43801
2026/08/28 13:26:23.867, 3, 100, 43801
2026/08/28 13:26:24.367, 0, 100, 43817
2026/08/28 13:26:24.367, 1, 100, 43801
2026/08/28 13:26:24.367, 2, 100, 43801
2026/08/28 13:26:24.367, 3, 100, 43801
2026/08/28 13:26:24.868, 0, 100, 43817
2026/08/28 13:26:24.868, 1, 100, 43801
2026/08/28 13:26:24.868, 2, 100, 43801
2026/08/28 13:26:24.868, 3, 100, 43801
2026/08/28 13:26:25.368, 0, 100, 43817
2026/08/28 13:26:25.368, 1, 100, 43801
2026/08/28 13:26:25.368, 2, 100, 43801
2026/08/28 13:26:25.368, 3, 100, 43801
2026/08/28 13:26:25.868, 0, 100, 43817
2026/08/28 13:26:25.868, 1, 100, 43801
2026/08/28 13:26:25.868, 2, 100, 43801
2026/08/28 13:26:25.868, 3, 100, 43801
2026/08/28 13:26:26.368, 0, 100, 43817
2026/08/28 13:26:26.368, 1, 100, 43801
2026/08/28 13:26:26.368, 2, 100, 43801
2026/08/28 13:26:26.368, 3, 100, 43801
2026/08/28 13:26:26.868, 0, 100, 43817
2026/08/28 13:26:26.868, 1, 100, 43801
2026/08/28 13:26:26.868, 2, 100, 43801
2026/08/28 13:26:26.868, 3, 100, 43801
2026/08/28 13:26:27.368, 0, 100, 43817
2026/08/28 13:26:27.368, 1, 83, 43801
2026/08/28 13:26:27.368, 2, 100, 43801
2026/08/28 13:26:27.368, 3, 99, 43801
2026/08/28 13:26:27.868, 0, 100, 43817
2026/08/28 13:26:27.868, 1, 100, 43801
2026/08/28 13:26:27.868, 2, 100, 43801
2026/08/28 13:26:27.868, 3, 100, 43801
2026/08/28 13:26:28.368, 0, 100, 43817
2026/08/28 13:26:28.368, 1, 100, 43801
2026/08/28 13:26:28.368, 2, 100, 43801
2026/08/28 13:26:28.368, 3, 100, 43801
2026/08/28 13:26:28.869, 0, 100, 43817
2026/08/28 13:26:28.869, 1, 100, 43801
2026/08/28 13:26:28.869, 2, 100, 43801
2026/08/28 13:26:28.869, 3, 100, 43801
2026/08/28 13:26:29.369, 0, 100, 43817
2026/08/28 13:26:29.369, 1, 100, 43801
2026/08/28 13:26:29.369, 2, 100, 43801
2026/08/28 13:26:29.369, 3, 100, 43801
2026/08/28 13:26:29.869, 0, 100, 43817
2026/08/28 13:26:29.869, 1, 100, 43801
2026/08/28 13:26:29.869, 2, 100, 43801
2026/08/28 13:26:29.869, 3, 100, 43801
2026/08/28 13:26:30.369, 0, 100, 43817
2026/08/28 13:26:30.369, 1, 100, 43801
2026/08/28 13:26:30.369, 2, 100, 43801
2026/08/28 13:26:30.369, 3, 100, 43801
2026/08/28 13:26:30.869, 0, 100, 43817
2026/08/28 13:26:30.869, 1, 100, 43801
2026/08/28 13:26:30.869, 2, 100, 43801
2026/08/28 13:26:30.869, 3, 100, 43801
2026/08/28 13:26:31.369, 0, 100, 43817
2026/08/28 13:26:31.369, 1, 100, 43801
2026/08/28 13:26:31.369, 2, 100, 43801
2026/08/28 13:26:31.369, 3, 100, 43801
2026/08/28 13:26:31.869, 0, 100, 43817
2026/08/28 13:26:31.869, 1, 100, 43801
2026/08/28 13:26:31.869, 2, 100, 43801
2026/08/28 13:26:31.869, 3, 97, 43801
2026/08/28 13:26:32.369, 0, 100, 43817
2026/08/28 13:26:32.370, 1, 100, 43801
2026/08/28 13:26:32.370, 2, 100, 43801
2026/08/28 13:26:32.370, 3, 100, 43801
2026/08/28 13:26:32.870, 0, 100, 43817
2026/08/28 13:26:32.870, 1, 100, 43801
2026/08/28 13:26:32.870, 2, 100, 43801
2026/08/28 13:26:32.870, 3, 100, 43801
2026/08/28 13:26:33.370, 0, 100, 43817
2026/08/28 13:26:33.370, 1, 100, 43801
2026/08/28 13:26:33.370, 2, 100, 43801
2026/08/28 13:26:33.370, 3, 100, 43801
2026/08/28 13:26:33.870, 0, 100, 43817
2026/08/28 13:26:33.870, 1, 100, 43801
2026/08/28 13:26:33.870, 2, 100, 43801
2026/08/28 13:26:33.870, 3, 100, 43801
2026/08/28 13:26:34.370, 0, 100, 43817
2026/08/28 13:26:34.370, 1, 100, 43801
2026/08/28 13:26:34.370, 2, 100, 43801
2026/08/28 13:26:34.370, 3, 100, 43801
2026/08/28 13:26:34.870, 0, 100, 43817
2026/08/28 13:26:34.870, 1, 100, 43801
2026/08/28 13:26:34.870, 2, 100, 43801
2026/08/28 13:26:34.870, 3, 100, 43801
2026/08/28 13:26:35.370, 0, 100, 43817
2026/08/28 13:26:35.370, 1, 100, 43801
2026/08/28 13:26:35.370, 2, 100, 43801
2026/08/28 13:26:35.370, 3, 100, 43801
2026/08/28 13:26:35.870, 0, 100, 43817
2026/08/28 13:26:35.870, 1, 100, 43801
2026/08/28 13:26:35.870, 2, 100, 43801
2026/08/28 13:26:35.870, 3, 100, 43801
2026/08/28 13:26:36.370, 0, 71, 43817
2026/08/28 13:26:36.371, 1, 94, 43801
2026/08/28 13:26:36.371, 2, 71, 43801
2026/08/28 13:26:36.371, 3, 100, 43801
2026/08/28 13:26:36.871, 0, 100, 43817
2026/08/28 13:26:36.871, 1, 100, 43801
2026/08/28 13:26:36.871, 2, 100, 43801
2026/08/28 13:26:36.871, 3, 100, 43801
2026/08/28 13:26:37.371, 0, 100, 43817
2026/08/28 13:26:37.371, 1, 100, 43801
2026/08/28 13:26:37.371, 2, 100, 43801
2026/08/28 13:26:37.371, 3, 100, 43801
2026/08/28 13:26:37.871, 0, 100, 43817
2026/08/28 13:26:37.871, 1, 100, 43801
2026/08/28 13:26:37.871, 2, 100, 43801
2026/08/28 13:26:37.871, 3, 100, 43801
2026/08/28 13:26:38.371, 0, 100, 43817
2026/08/28 13:26:38.371, 1, 100, 43801
2026/08/28 13:26:38.371, 2, 100, 43801
2026/08/28 13:26:38.371, 3, 100, 43801
2026/08/28 13:26:38.871, 0, 100, 43817
2026/08/28 13:26:38.871, 1, 100, 43801
2026/08/28 13:26:38.871, 2, 100, 43801
2026/08/28 13:26:38.871, 3, 100, 43801
2026/08/28 13:26:39.371, 0, 100, 43817
2026/08/28 13:26:39.371, 1, 100, 43801
2026/08/28 13:26:39.371, 2, 100, 43801
2026/08/28 13:26:39.371, 3, 100, 43801
2026/08/28 13:26:39.871, 0, 100, 43817
2026/08/28 13:26:39.871, 1, 100, 43801
2026/08/28 13:26:39.871, 2, 100, 43801
2026/08/28 13:26:39.871, 3, 100, 43801
2026/08/28 13:26:40.371, 0, 100, 43817
2026/08/28 13:26:40.371, 1, 100, 43801
2026/08/28 13:26:40.372, 2, 100, 43801
2026/08/28 13:26:40.372, 3, 100, 43801
2026/08/28 13:26:40.872, 0, 31, 43817
2026/08/28 13:26:40.872, 1, 61, 43801
2026/08/28 13:26:40.872, 2, 27, 43801
2026/08/28 13:26:40.872, 3, 100, 43801
2026/08/28 13:26:41.372, 0, 0, 43817
2026/08/28 13:26:41.372, 1, 0, 43801
2026/08/28 13:26:41.372, 2, 0, 43801
2026/08/28 13:26:41.372, 3, 0, 43801
2026/08/28 13:26:41.872, 0, 0, 43817
2026/08/28 13:26:41.872, 1, 0, 43801
2026/08/28 13:26:41.872, 2, 0, 43801
2026/08/28 13:26:41.872, 3, 0, 43801
2026/08/28 13:26:42.372, 0, 0, 43817
2026/08/28 13:26:42.372, 1, 0, 43801
2026/08/28 13:26:42.372, 2, 0, 43801
2026/08/28 13:26:42.372, 3, 0, 43801
2026/08/28 13:26:42.872, 0, 0, 43817
2026/08/28 13:26:42.872, 1, 0, 43801
2026/08/28 13:26:42.872, 2, 0, 43801
2026/08/28 13:26:42.872, 3, 0, 43801
2026/08/28 13:26:43.373, 0, 99, 43817
2026/08/28 13:26:43.373, 1, 99, 43801
2026/08/28 13:26:43.373, 2, 100, 43801
2026/08/28 13:26:43.373, 3, 100, 43801
2026/08/28 13:26:43.873, 0, 100, 43817
2026/08/28 13:26:43.873, 1, 100, 43801
2026/08/28 13:26:43.873, 2, 100, 43801
2026/08/28 13:26:43.873, 3, 100, 43801
2026/08/28 13:26:44.373, 0, 100, 43817
2026/08/28 13:26:44.373, 1, 100, 43801
2026/08/28 13:26:44.373, 2, 100, 43801
2026/08/28 13:26:44.373, 3, 100, 43801
2026/08/28 13:26:44.873, 0, 100, 43817
2026/08/28 13:26:44.873, 1, 100, 43801
2026/08/28 13:26:44.873, 2, 100, 43801
2026/08/28 13:26:44.873, 3, 100, 43801
2026/08/28 13:26:45.373, 0, 100, 43817
2026/08/28 13:26:45.373, 1, 100, 43801
2026/08/28 13:26:45.373, 2, 100, 43801
2026/08/28 13:26:45.373, 3, 100, 43801
2026/08/28 13:26:45.873, 0, 100, 43817
2026/08/28 13:26:45.873, 1, 100, 43801
2026/08/28 13:26:45.873, 2, 100, 43801
2026/08/28 13:26:45.873, 3, 100, 43801
2026/08/28 13:26:46.373, 0, 100, 43817
2026/08/28 13:26:46.373, 1, 100, 43801
2026/08/28 13:26:46.373, 2, 100, 43801
2026/08/28 13:26:46.373, 3, 100, 43801
2026/08/28 13:26:46.873, 0, 100, 43817
2026/08/28 13:26:46.874, 1, 100, 43801
2026/08/28 13:26:46.874, 2, 100, 43801
2026/08/28 13:26:46.874, 3, 100, 43801
2026/08/28 13:26:47.374, 0, 100, 43817
2026/08/28 13:26:47.374, 1, 100, 43801
2026/08/28 13:26:47.374, 2, 100, 43801
2026/08/28 13:26:47.374, 3, 100, 43801
2026/08/28 13:26:47.874, 0, 100, 43817
2026/08/28 13:26:47.874, 1, 100, 43801
2026/08/28 13:26:47.874, 2, 100, 43801
2026/08/28 13:26:47.874, 3, 100, 43801
2026/08/28 13:26:48.374, 0, 100, 43817
2026/08/28 13:26:48.374, 1, 100, 43801
2026/08/28 13:26:48.374, 2, 100, 43801
2026/08/28 13:26:48.374, 3, 100, 43801
2026/08/28 13:26:48.874, 0, 100, 43817
2026/08/28 13:26:48.874, 1, 100, 43801
2026/08/28 13:26:48.874, 2, 100, 43801
2026/08/28 13:26:48.874, 3, 100, 43801
2026/08/28 13:26:49.374, 0, 100, 43817
2026/08/28 13:26:49.374, 1, 100, 43801
2026/08/28 13:26:49.374, 2, 100, 43801
2026/08/28 13:26:49.374, 3, 100, 43801
2026/08/28 13:26:49.874, 0, 100, 43817
2026/08/28 13:26:49.874, 1, 100, 43801
2026/08/28 13:26:49.874, 2, 100, 43801
2026/08/28 13:26:49.874, 3, 100, 43801
2026/08/28 13:26:50.374, 0, 100, 43817
2026/08/28 13:26:50.374, 1, 100, 43801
2026/08/28 13:26:50.374, 2, 100, 43801
2026/08/28 13:26:50.374, 3, 100, 43801
2026/08/28 13:26:50.874, 0, 100, 43817
2026/08/28 13:26:50.875, 1, 100, 43801
2026/08/28 13:26:50.875, 2, 100, 43801
2026/08/28 13:26:50.875, 3, 100, 43801
2026/08/28 13:26:51.375, 0, 100, 43817
2026/08/28 13:26:51.375, 1, 100, 43801
2026/08/28 13:26:51.375, 2, 100, 43801
2026/08/28 13:26:51.375, 3, 100, 43801
2026/08/28 13:26:51.875, 0, 100, 43817
2026/08/28 13:26:51.875, 1, 100, 43801
2026/08/28 13:26:51.875, 2, 100, 43801
2026/08/28 13:26:51.875, 3, 100, 43801
2026/08/28 13:26:52.375, 0, 100, 43817
2026/08/28 13:26:52.375, 1, 100, 43801
2026/08/28 13:26:52.375, 2, 100, 43801
2026/08/28 13:26:52.375, 3, 99, 43801
2026/08/28 13:26:52.875, 0, 100, 43817
2026/08/28 13:26:52.875, 1, 100, 43801
2026/08/28 13:26:52.875, 2, 100, 43801
2026/08/28 13:26:52.875, 3, 100, 43801
2026/08/28 13:26:53.375, 0, 100, 43817
2026/08/28 13:26:53.375, 1, 100, 43801
2026/08/28 13:26:53.375, 2, 100, 43801
2026/08/28 13:26:53.375, 3, 100, 43801
2026/08/28 13:26:53.875, 0, 100, 43817
2026/08/28 13:26:53.875, 1, 100, 43801
2026/08/28 13:26:53.875, 2, 100, 43801
2026/08/28 13:26:53.875, 3, 100, 43801
2026/08/28 13:26:54.375, 0, 100, 43817
2026/08/28 13:26:54.375, 1, 100, 43801
2026/08/28 13:26:54.375, 2, 100, 43801
2026/08/28 13:26:54.375, 3, 100, 43801
2026/08/28 13:26:54.876, 0, 100, 43817
2026/08/28 13:26:54.876, 1, 100, 43801
2026/08/28 13:26:54.876, 2, 100, 43801
2026/08/28 13:26:54.876, 3, 100, 43801
2026/08/28 13:26:55.376, 0, 100, 43817
2026/08/28 13:26:55.376, 1, 100, 43801
2026/08/28 13:26:55.376, 2, 100, 43801
2026/08/28 13:26:55.376, 3, 100, 43801
2026/08/28 13:26:55.876, 0, 100, 43817
2026/08/28 13:26:55.876, 1, 100, 43801
2026/08/28 13:26:55.876, 2, 100, 43801
2026/08/28 13:26:55.876, 3, 100, 43801
2026/08/28 13:26:56.376, 0, 100, 43817
2026/08/28 13:26:56.376, 1, 100, 43801
2026/08/28 13:26:56.376, 2, 100, 43801
2026/08/28 13:26:56.376, 3, 100, 43801
2026/08/28 13:26:56.876, 0, 100, 43817
2026/08/28 13:26:56.876, 1, 81, 43801
2026/08/28 13:26:56.876, 2, 100, 43801
2026/08/28 13:26:56.876, 3, 43, 43801
2026/08/28 13:26:57.376, 0, 100, 43817
2026/08/28 13:26:57.376, 1, 100, 43801
2026/08/28 13:26:57.376, 2, 100, 43801
2026/08/28 13:26:57.376, 3, 100, 43801
2026/08/28 13:26:57.876, 0, 100, 43817
2026/08/28 13:26:57.876, 1, 100, 43801
2026/08/28 13:26:57.876, 2, 100, 43801
2026/08/28 13:26:57.876, 3, 100, 43801
2026/08/28 13:26:58.376, 0, 100, 43817
2026/08/28 13:26:58.376, 1, 100, 43801
2026/08/28 13:26:58.376, 2, 100, 43801
2026/08/28 13:26:58.377, 3, 100, 43801
2026/08/28 13:26:58.877, 0, 100, 43817
2026/08/28 13:26:58.877, 1, 100, 43801
2026/08/28 13:26:58.877, 2, 100, 43801
2026/08/28 13:26:58.877, 3, 100, 43801
2026/08/28 13:26:59.377, 0, 100, 43817
2026/08/28 13:26:59.377, 1, 100, 43801
2026/08/28 13:26:59.377, 2, 100, 43801
2026/08/28 13:26:59.377, 3, 100, 43801
2026/08/28 13:26:59.877, 0, 100, 43817
2026/08/28 13:26:59.877, 1, 100, 43801
2026/08/28 13:26:59.877, 2, 100, 43801
2026/08/28 13:26:59.877, 3, 100, 43801
2026/08/28 13:27:00.377, 0, 100, 43817
2026/08/28 13:27:00.377, 1, 100, 43801
2026/08/28 13:27:00.377, 2, 100, 43801
2026/08/28 13:27:00.377, 3, 100, 43801
2026/08/28 13:27:00.877, 0, 100, 43817
2026/08/28 13:27:00.877, 1, 100, 43801
2026/08/28 13:27:00.877, 2, 100, 43801
2026/08/28 13:27:00.877, 3, 100, 43801
2026/08/28 13:27:01.377, 0, 100, 43817
2026/08/28 13:27:01.377, 1, 100, 43801
2026/08/28 13:27:01.377, 2, 100, 43801
2026/08/28 13:27:01.377, 3, 0, 43801
2026/08/28 13:27:01.877, 0, 0, 43817
2026/08/28 13:27:01.877, 1, 0, 43801
2026/08/28 13:27:01.877, 2, 0, 43801
2026/08/28 13:27:01.877, 3, 0, 43801
2026/08/28 13:27:02.378, 0, 0, 43817
2026/08/28 13:27:02.378, 1, 0, 43801
2026/08/28 13:27:02.378, 2, 0, 43801
2026/08/28 13:27:02.378, 3, 0, 43801
2026/08/28 13:27:02.878, 0, 0, 43817
2026/08/28 13:27:02.878, 1, 0, 43801
2026/08/28 13:27:02.878, 2, 0, 43801
2026/08/28 13:27:02.878, 3, 0, 43801
2026/08/28 13:27:03.378, 0, 0, 43817
2026/08/28 13:27:03.378, 1, 0, 43801
2026/08/28 13:27:03.378, 2, 0, 43801
2026/08/28 13:27:03.378, 3, 0, 43801
2026/08/28 13:27:03.878, 0, 100, 43817
2026/08/28 13:27:03.878, 1, 100, 43801
2026/08/28 13:27:03.878, 2, 100, 43801
2026/08/28 13:27:03.878, 3, 99, 43801
2026/08/28 13:27:04.378, 0, 100, 43817
2026/08/28 13:27:04.378, 1, 100, 43801
2026/08/28 13:27:04.378, 2, 100, 43801
2026/08/28 13:27:04.378, 3, 100, 43801
2026/08/28 13:27:04.878, 0, 100, 43817
2026/08/28 13:27:04.878, 1, 100, 43801
2026/08/28 13:27:04.878, 2, 100, 43801
2026/08/28 13:27:04.878, 3, 100, 43801
2026/08/28 13:27:05.378, 0, 100, 43817
2026/08/28 13:27:05.378, 1, 100, 43801
2026/08/28 13:27:05.378, 2, 100, 43801
2026/08/28 13:27:05.378, 3, 100, 43801
2026/08/28 13:27:05.879, 0, 100, 43817
2026/08/28 13:27:05.879, 1, 100, 43801
2026/08/28 13:27:05.879, 2, 100, 43801
2026/08/28 13:27:05.879, 3, 100, 43801
2026/08/28 13:27:06.379, 0, 100, 43817
2026/08/28 13:27:06.379, 1, 100, 43801
2026/08/28 13:27:06.379, 2, 100, 43801
2026/08/28 13:27:06.379, 3, 100, 43801
2026/08/28 13:27:06.879, 0, 100, 43817
2026/08/28 13:27:06.879, 1, 100, 43801
2026/08/28 13:27:06.879, 2, 100, 43801
2026/08/28 13:27:06.879, 3, 100, 43801
2026/08/28 13:27:07.379, 0, 100, 43817
2026/08/28 13:27:07.379, 1, 100, 43801
2026/08/28 13:27:07.379, 2, 100, 43801
2026/08/28 13:27:07.379, 3, 100, 43801
2026/08/28 13:27:07.879, 0, 100, 43817
2026/08/28 13:27:07.879, 1, 100, 43801
2026/08/28 13:27:07.879, 2, 100, 43801
2026/08/28 13:27:07.879, 3, 100, 43801
2026/08/28 13:27:08.379, 0, 100, 43817
2026/08/28 13:27:08.379, 1, 100, 43801
2026/08/28 13:27:08.379, 2, 100, 43801
2026/08/28 13:27:08.379, 3, 99, 43801
2026/08/28 13:27:08.879, 0, 100, 43817
2026/08/28 13:27:08.879, 1, 100, 43801
2026/08/28 13:27:08.879, 2, 100, 43801
2026/08/28 13:27:08.879, 3, 100, 43801
2026/08/28 13:27:09.379, 0, 100, 43817
2026/08/28 13:27:09.379, 1, 100, 43801
2026/08/28 13:27:09.380, 2, 100, 43801
2026/08/28 13:27:09.380, 3, 100, 43801
2026/08/28 13:27:09.880, 0, 100, 43817
2026/08/28 13:27:09.880, 1, 100, 43801
2026/08/28 13:27:09.880, 2, 100, 43801
2026/08/28 13:27:09.880, 3, 100, 43801
2026/08/28 13:27:10.380, 0, 100, 43817
2026/08/28 13:27:10.380, 1, 100, 43801
2026/08/28 13:27:10.380, 2, 100, 43801
2026/08/28 13:27:10.380, 3, 100, 43801
2026/08/28 13:27:10.880, 0, 100, 43817
2026/08/28 13:27:10.880, 1, 100, 43801
2026/08/28 13:27:10.880, 2, 100, 43801
2026/08/28 13:27:10.880, 3, 100, 43801
2026/08/28 13:27:11.380, 0, 100, 43817
2026/08/28 13:27:11.380, 1, 100, 43801
2026/08/28 13:27:11.380, 2, 100, 43801
2026/08/28 13:27:11.380, 3, 100, 43801
2026/08/28 13:27:11.880, 0, 100, 43817
2026/08/28 13:27:11.880, 1, 100, 43801
2026/08/28 13:27:11.880, 2, 100, 43801
2026/08/28 13:27:11.880, 3, 100, 43801
2026/08/28 13:27:12.380, 0, 100, 43817
2026/08/28 13:27:12.380, 1, 100, 43801
2026/08/28 13:27:12.380, 2, 100, 43801
2026/08/28 13:27:12.380, 3, 100, 43801
2026/08/28 13:27:12.880, 0, 100, 43817
2026/08/28 13:27:12.880, 1, 100, 43801
2026/08/28 13:27:12.880, 2, 99, 43801
2026/08/28 13:27:12.880, 3, 100, 43801
2026/08/28 13:27:13.381, 0, 100, 43817
2026/08/28 13:27:13.381, 1, 100, 43801
2026/08/28 13:27:13.381, 2, 100, 43801
2026/08/28 13:27:13.381, 3, 100, 43801
2026/08/28 13:27:13.881, 0, 100, 43817
2026/08/28 13:27:13.881, 1, 100, 43801
2026/08/28 13:27:13.881, 2, 100, 43801
2026/08/28 13:27:13.881, 3, 100, 43801
2026/08/28 13:27:14.381, 0, 100, 43817
2026/08/28 13:27:14.381, 1, 100, 43801
2026/08/28 13:27:14.381, 2, 100, 43801
2026/08/28 13:27:14.381, 3, 100, 43801
2026/08/28 13:27:14.881, 0, 100, 43817
2026/08/28 13:27:14.881, 1, 100, 43801
2026/08/28 13:27:14.881, 2, 100, 43801
2026/08/28 13:27:14.881, 3, 100, 43801
2026/08/28 13:27:15.381, 0, 100, 43817
2026/08/28 13:27:15.381, 1, 100, 43801
2026/08/28 13:27:15.381, 2, 100, 43801
2026/08/28 13:27:15.381, 3, 100, 43801
2026/08/28 13:27:15.881, 0, 100, 43817
2026/08/28 13:27:15.881, 1, 100, 43801
2026/08/28 13:27:15.881, 2, 100, 43801
2026/08/28 13:27:15.882, 3, 100, 43801
2026/08/28 13:27:16.382, 0, 100, 43817
2026/08/28 13:27:16.382, 1, 100, 43801
2026/08/28 13:27:16.382, 2, 100, 43801
2026/08/28 13:27:16.382, 3, 100, 43801
2026/08/28 13:27:16.882, 0, 100, 43817
2026/08/28 13:27:16.882, 1, 100, 43801
2026/08/28 13:27:16.882, 2, 100, 43801
2026/08/28 13:27:16.882, 3, 100, 43801
2026/08/28 13:27:17.382, 0, 70, 43817
2026/08/28 13:27:17.382, 1, 100, 43801
2026/08/28 13:27:17.382, 2, 100, 43801
2026/08/28 13:27:17.382, 3, 100, 43801
2026/08/28 13:27:17.882, 0, 100, 43817
2026/08/28 13:27:17.882, 1, 100, 43801
2026/08/28 13:27:17.882, 2, 100, 43801
2026/08/28 13:27:17.882, 3, 100, 43801
2026/08/28 13:27:18.382, 0, 100, 43817
2026/08/28 13:27:18.382, 1, 100, 43801
2026/08/28 13:27:18.382, 2, 100, 43801
2026/08/28 13:27:18.382, 3, 100, 43801
2026/08/28 13:27:18.882, 0, 100, 43817
2026/08/28 13:27:18.882, 1, 100, 43801
2026/08/28 13:27:18.882, 2, 100, 43801
2026/08/28 13:27:18.882, 3, 100, 43801
2026/08/28 13:27:19.383, 0, 100, 43817
2026/08/28 13:27:19.383, 1, 100, 43801
2026/08/28 13:27:19.383, 2, 100, 43801
2026/08/28 13:27:19.383, 3, 100, 43801
2026/08/28 13:27:19.883, 0, 100, 43817
2026/08/28 13:27:19.883, 1, 100, 43801
2026/08/28 13:27:19.883, 2, 100, 43801
2026/08/28 13:27:19.883, 3, 100, 43801
2026/08/28 13:27:20.383, 0, 100, 43817
2026/08/28 13:27:20.383, 1, 100, 43801
2026/08/28 13:27:20.383, 2, 100, 43801
2026/08/28 13:27:20.383, 3, 100, 43801
2026/08/28 13:27:20.883, 0, 100, 43817
2026/08/28 13:27:20.883, 1, 100, 43801
2026/08/28 13:27:20.883, 2, 100, 43801
2026/08/28 13:27:20.883, 3, 100, 43801
2026/08/28 13:27:21.383, 0, 100, 43817
2026/08/28 13:27:21.383, 1, 100, 43801
2026/08/28 13:27:21.383, 2, 100, 43801
2026/08/28 13:27:21.383, 3, 100, 43801
2026/08/28 13:27:21.883, 0, 10, 43817
2026/08/28 13:27:21.883, 1, 0, 43801
2026/08/28 13:27:21.883, 2, 0, 43801
2026/08/28 13:27:21.883, 3, 80, 43801
2026/08/28 13:27:22.383, 0, 0, 43817
2026/08/28 13:27:22.383, 1, 0, 43801
2026/08/28 13:27:22.383, 2, 0, 43801
2026/08/28 13:27:22.383, 3, 0, 43801
2026/08/28 13:27:22.884, 0, 0, 43817
2026/08/28 13:27:22.884, 1, 0, 43801
2026/08/28 13:27:22.884, 2, 0, 43801
2026/08/28 13:27:22.884, 3, 0, 43801
2026/08/28 13:27:23.384, 0, 0, 43817
2026/08/28 13:27:23.384, 1, 0, 43801
2026/08/28 13:27:23.384, 2, 0, 43801
2026/08/28 13:27:23.384, 3, 0, 43801
2026/08/28 13:27:23.884, 0, 0, 43817
2026/08/28 13:27:23.884, 1, 87, 43801
2026/08/28 13:27:23.884, 2, 92, 43801
2026/08/28 13:27:23.884, 3, 0, 43801
2026/08/28 13:27:24.384, 0, 100, 43817
2026/08/28 13:27:24.384, 1, 100, 43801
2026/08/28 13:27:24.384, 2, 100, 43801
2026/08/28 13:27:24.384, 3, 100, 43801
2026/08/28 13:27:24.884, 0, 100, 43817
2026/08/28 13:27:24.884, 1, 100, 43801
2026/08/28 13:27:24.884, 2, 100, 43801
2026/08/28 13:27:24.884, 3, 100, 43801
2026/08/28 13:27:25.384, 0, 100, 43817
2026/08/28 13:27:25.384, 1, 100, 43801
2026/08/28 13:27:25.384, 2, 100, 43801
2026/08/28 13:27:25.384, 3, 100, 43801
2026/08/28 13:27:25.884, 0, 100, 43817
2026/08/28 13:27:25.884, 1, 100, 43801
2026/08/28 13:27:25.884, 2, 100, 43801
2026/08/28 13:27:25.884, 3, 100, 43801
2026/08/28 13:27:26.384, 0, 100, 43817
2026/08/28 13:27:26.384, 1, 100, 43801
2026/08/28 13:27:26.384, 2, 100, 43801
2026/08/28 13:27:26.384, 3, 100, 43801
2026/08/28 13:27:26.885, 0, 100, 43817
2026/08/28 13:27:26.885, 1, 100, 43801
2026/08/28 13:27:26.885, 2, 100, 43801
2026/08/28 13:27:26.885, 3, 100, 43801
2026/08/28 13:27:27.385, 0, 100, 43817
2026/08/28 13:27:27.385, 1, 100, 43801
2026/08/28 13:27:27.385, 2, 100, 43801
2026/08/28 13:27:27.385, 3, 100, 43801
2026/08/28 13:27:27.885, 0, 100, 43817
2026/08/28 13:27:27.885, 1, 100, 43801
2026/08/28 13:27:27.885, 2, 100, 43801
2026/08/28 13:27:27.885, 3, 100, 43801
2026/08/28 13:27:28.385, 0, 100, 43817
2026/08/28 13:27:28.385, 1, 100, 43801
2026/08/28 13:27:28.385, 2, 100, 43801
2026/08/28 13:27:28.385, 3, 100, 43801
2026/08/28 13:27:28.885, 0, 100, 43817
2026/08/28 13:27:28.885, 1, 100, 43801
2026/08/28 13:27:28.885, 2, 100, 43801
2026/08/28 13:27:28.885, 3, 100, 43801
2026/08/28 13:27:29.385, 0, 100, 43817
2026/08/28 13:27:29.385, 1, 100, 43801
2026/08/28 13:27:29.385, 2, 100, 43801
2026/08/28 13:27:29.385, 3, 100, 43801
2026/08/28 13:27:29.885, 0, 100, 43817
2026/08/28 13:27:29.885, 1, 100, 43801
2026/08/28 13:27:29.885, 2, 100, 43801
2026/08/28 13:27:29.885, 3, 100, 43801
2026/08/28 13:27:30.385, 0, 100, 43817
2026/08/28 13:27:30.386, 1, 100, 43801
2026/08/28 13:27:30.386, 2, 100, 43801
2026/08/28 13:27:30.386, 3, 100, 43801
2026/08/28 13:27:30.886, 0, 100, 43817
2026/08/28 13:27:30.886, 1, 100, 43801
2026/08/28 13:27:30.886, 2, 100, 43801
2026/08/28 13:27:30.886, 3, 100, 43801
2026/08/28 13:27:31.386, 0, 100, 43817
2026/08/28 13:27:31.386, 1, 100, 43801
2026/08/28 13:27:31.386, 2, 100, 43801
2026/08/28 13:27:31.386, 3, 100, 43801
2026/08/28 13:27:31.886, 0, 100, 43817
2026/08/28 13:27:31.886, 1, 100, 43801
2026/08/28 13:27:31.886, 2, 100, 43801
2026/08/28 13:27:31.886, 3, 100, 43801
2026/08/28 13:27:32.386, 0, 100, 43817
2026/08/28 13:27:32.386, 1, 100, 43801
2026/08/28 13:27:32.386, 2, 100, 43801
2026/08/28 13:27:32.386, 3, 100, 43801
2026/08/28 13:27:32.886, 0, 100, 43817
2026/08/28 13:27:32.886, 1, 100, 43801
2026/08/28 13:27:32.886, 2, 100, 43801
2026/08/28 13:27:32.886, 3, 100, 43801
2026/08/28 13:27:33.386, 0, 100, 43817
2026/08/28 13:27:33.386, 1, 100, 43801
2026/08/28 13:27:33.386, 2, 99, 43801
2026/08/28 13:27:33.386, 3, 99, 43801
2026/08/28 13:27:33.886, 0, 100, 43817
2026/08/28 13:27:33.886, 1, 100, 43801
2026/08/28 13:27:33.886, 2, 100, 43801
2026/08/28 13:27:33.886, 3, 100, 43801
2026/08/28 13:27:34.387, 0, 100, 43817
2026/08/28 13:27:34.387, 1, 100, 43801
2026/08/28 13:27:34.387, 2, 100, 43801
2026/08/28 13:27:34.387, 3, 100, 43801
2026/08/28 13:27:34.887, 0, 100, 43817
2026/08/28 13:27:34.887, 1, 100, 43801
2026/08/28 13:27:34.887, 2, 100, 43801
2026/08/28 13:27:34.887, 3, 100, 43801
2026/08/28 13:27:35.387, 0, 100, 43817
2026/08/28 13:27:35.387, 1, 100, 43801
2026/08/28 13:27:35.387, 2, 100, 43801
2026/08/28 13:27:35.387, 3, 100, 43801
2026/08/28 13:27:35.887, 0, 100, 43817
2026/08/28 13:27:35.887, 1, 100, 43801
2026/08/28 13:27:35.887, 2, 100, 43801
2026/08/28 13:27:35.887, 3, 100, 43801
2026/08/28 13:27:36.387, 0, 100, 43817
2026/08/28 13:27:36.387, 1, 100, 43801
2026/08/28 13:27:36.387, 2, 100, 43801
2026/08/28 13:27:36.387, 3, 100, 43801
2026/08/28 13:27:36.887, 0, 100, 43817
2026/08/28 13:27:36.887, 1, 100, 43801
2026/08/28 13:27:36.887, 2, 100, 43801
2026/08/28 13:27:36.887, 3, 100, 43801
2026/08/28 13:27:37.387, 0, 100, 43817
2026/08/28 13:27:37.387, 1, 100, 43801
2026/08/28 13:27:37.387, 2, 100, 43801
2026/08/28 13:27:37.387, 3, 100, 43801
2026/08/28 13:27:37.887, 0, 100, 43817
2026/08/28 13:27:37.888, 1, 99, 43801
2026/08/28 13:27:37.888, 2, 99, 43801
2026/08/28 13:27:37.888, 3, 100, 43801
2026/08/28 13:27:38.388, 0, 100, 43817
2026/08/28 13:27:38.388, 1, 100, 43801
2026/08/28 13:27:38.388, 2, 100, 43801
2026/08/28 13:27:38.388, 3, 100, 43801
2026/08/28 13:27:38.888, 0, 100, 43817
2026/08/28 13:27:38.888, 1, 100, 43801
2026/08/28 13:27:38.888, 2, 100, 43801
2026/08/28 13:27:38.888, 3, 100, 43801
2026/08/28 13:27:39.388, 0, 100, 43817
2026/08/28 13:27:39.388, 1, 100, 43801
2026/08/28 13:27:39.388, 2, 100, 43801
2026/08/28 13:27:39.388, 3, 100, 43801
2026/08/28 13:27:39.888, 0, 100, 43817
2026/08/28 13:27:39.888, 1, 100, 43801
2026/08/28 13:27:39.888, 2, 100, 43801
2026/08/28 13:27:39.888, 3, 100, 43801
2026/08/28 13:27:40.388, 0, 100, 43817
2026/08/28 13:27:40.388, 1, 100, 43801
2026/08/28 13:27:40.388, 2, 100, 43801
2026/08/28 13:27:40.388, 3, 100, 43801
2026/08/28 13:27:40.888, 0, 100, 43817
2026/08/28 13:27:40.888, 1, 100, 43801
2026/08/28 13:27:40.888, 2, 100, 43801
2026/08/28 13:27:40.888, 3, 100, 43801
2026/08/28 13:27:41.388, 0, 100, 43817
2026/08/28 13:27:41.388, 1, 100, 43801
2026/08/28 13:27:41.389, 2, 100, 43801
2026/08/28 13:27:41.389, 3, 100, 43801
2026/08/28 13:27:41.889, 0, 100, 43817
2026/08/28 13:27:41.889, 1, 100, 43801
2026/08/28 13:27:41.889, 2, 100, 43801
2026/08/28 13:27:41.889, 3, 100, 43801
2026/08/28 13:27:42.389, 0, 0, 43817
2026/08/28 13:27:42.389, 1, 0, 43801
2026/08/28 13:27:42.389, 2, 0, 43801
2026/08/28 13:27:42.389, 3, 0, 43801
2026/08/28 13:27:42.889, 0, 0, 43817
2026/08/28 13:27:42.889, 1, 0, 43801
2026/08/28 13:27:42.889, 2, 0, 43801
2026/08/28 13:27:42.889, 3, 0, 43801
2026/08/28 13:27:43.389, 0, 0, 43817
2026/08/28 13:27:43.389, 1, 0, 43801
2026/08/28 13:27:43.389, 2, 0, 43801
2026/08/28 13:27:43.389, 3, 0, 43801
2026/08/28 13:27:43.889, 0, 0, 43817
2026/08/28 13:27:43.889, 1, 0, 43801
2026/08/28 13:27:43.889, 2, 0, 43801
2026/08/28 13:27:43.889, 3, 0, 43801
2026/08/28 13:27:44.389, 0, 77, 43817
2026/08/28 13:27:44.390, 1, 0, 43801
2026/08/28 13:27:44.390, 2, 74, 43801
2026/08/28 13:27:44.390, 3, 86, 43801
2026/08/28 13:27:44.890, 0, 100, 43817
2026/08/28 13:27:44.890, 1, 100, 43801
2026/08/28 13:27:44.890, 2, 100, 43801
2026/08/28 13:27:44.890, 3, 100, 43801
2026/08/28 13:27:45.390, 0, 100, 43817
2026/08/28 13:27:45.390, 1, 100, 43801
2026/08/28 13:27:45.390, 2, 100, 43801
2026/08/28 13:27:45.390, 3, 100, 43801
2026/08/28 13:27:45.890, 0, 100, 43817
2026/08/28 13:27:45.890, 1, 100, 43801
2026/08/28 13:27:45.890, 2, 100, 43801
2026/08/28 13:27:45.890, 3, 100, 43801
2026/08/28 13:27:46.390, 0, 100, 43817
2026/08/28 13:27:46.390, 1, 100, 43801
2026/08/28 13:27:46.390, 2, 100, 43801
2026/08/28 13:27:46.390, 3, 100, 43801
2026/08/28 13:27:46.890, 0, 100, 43817
2026/08/28 13:27:46.890, 1, 100, 43801
2026/08/28 13:27:46.890, 2, 100, 43801
2026/08/28 13:27:46.890, 3, 100, 43801
2026/08/28 13:27:47.390, 0, 100, 43817
2026/08/28 13:27:47.390, 1, 100, 43801
2026/08/28 13:27:47.390, 2, 100, 43801
2026/08/28 13:27:47.390, 3, 100, 43801
2026/08/28 13:27:47.891, 0, 100, 43817
2026/08/28 13:27:47.891, 1, 100, 43801
2026/08/28 13:27:47.891, 2, 100, 43801
2026/08/28 13:27:47.891, 3, 100, 43801
2026/08/28 13:27:48.391, 0, 100, 43817
2026/08/28 13:27:48.391, 1, 100, 43801
2026/08/28 13:27:48.391, 2, 100, 43801
2026/08/28 13:27:48.391, 3, 100, 43801
2026/08/28 13:27:48.891, 0, 72, 43817
2026/08/28 13:27:48.891, 1, 74, 43801
2026/08/28 13:27:48.891, 2, 72, 43801
2026/08/28 13:27:48.891, 3, 100, 43801
2026/08/28 13:27:49.391, 0, 100, 43817
2026/08/28 13:27:49.391, 1, 100, 43801
2026/08/28 13:27:49.391, 2, 100, 43801
2026/08/28 13:27:49.391, 3, 100, 43801
2026/08/28 13:27:49.891, 0, 100, 43817
2026/08/28 13:27:49.891, 1, 100, 43801
2026/08/28 13:27:49.891, 2, 100, 43801
2026/08/28 13:27:49.891, 3, 100, 43801
2026/08/28 13:27:50.391, 0, 100, 43817
2026/08/28 13:27:50.391, 1, 100, 43801
2026/08/28 13:27:50.391, 2, 100, 43801
2026/08/28 13:27:50.391, 3, 100, 43801
2026/08/28 13:27:50.891, 0, 100, 43817
2026/08/28 13:27:50.891, 1, 100, 43801
2026/08/28 13:27:50.891, 2, 100, 43801
2026/08/28 13:27:50.891, 3, 100, 43801
2026/08/28 13:27:51.392, 0, 100, 43817
2026/08/28 13:27:51.392, 1, 100, 43801
2026/08/28 13:27:51.392, 2, 100, 43801
2026/08/28 13:27:51.392, 3, 100, 43801
2026/08/28 13:27:51.892, 0, 100, 43817
2026/08/28 13:27:51.892, 1, 100, 43801
2026/08/28 13:27:51.892, 2, 100, 43801
2026/08/28 13:27:51.892, 3, 100, 43801
2026/08/28 13:27:52.392, 0, 100, 43817
2026/08/28 13:27:52.392, 1, 100, 43801
2026/08/28 13:27:52.392, 2, 100, 43801
2026/08/28 13:27:52.392, 3, 100, 43801
2026/08/28 13:27:52.892, 0, 100, 43817
2026/08/28 13:27:52.892, 1, 100, 43801
2026/08/28 13:27:52.892, 2, 100, 43801
2026/08/28 13:27:52.892, 3, 100, 43801
2026/08/28 13:27:53.392, 0, 100, 43817
2026/08/28 13:27:53.392, 1, 100, 43801
2026/08/28 13:27:53.392, 2, 100, 43801
2026/08/28 13:27:53.392, 3, 100, 43801
2026/08/28 13:27:53.892, 0, 100, 43817
2026/08/28 13:27:53.892, 1, 100, 43801
2026/08/28 13:27:53.892, 2, 100, 43801
2026/08/28 13:27:53.892, 3, 99, 43801
2026/08/28 13:27:54.392, 0, 100, 43817
2026/08/28 13:27:54.392, 1, 100, 43801
2026/08/28 13:27:54.392, 2, 100, 43801
2026/08/28 13:27:54.392, 3, 100, 43801
2026/08/28 13:27:54.893, 0, 100, 43817
2026/08/28 13:27:54.893, 1, 100, 43801
2026/08/28 13:27:54.893, 2, 100, 43801
2026/08/28 13:27:54.893, 3, 100, 43801
2026/08/28 13:27:55.393, 0, 100, 43817
2026/08/28 13:27:55.393, 1, 100, 43801
2026/08/28 13:27:55.393, 2, 100, 43801
2026/08/28 13:27:55.393, 3, 100, 43801
2026/08/28 13:27:55.893, 0, 100, 43817
2026/08/28 13:27:55.893, 1, 100, 43801
2026/08/28 13:27:55.893, 2, 100, 43801
2026/08/28 13:27:55.893, 3, 100, 43801
2026/08/28 13:27:56.393, 0, 100, 43817
2026/08/28 13:27:56.393, 1, 100, 43801
2026/08/28 13:27:56.393, 2, 100, 43801
2026/08/28 13:27:56.393, 3, 100, 43801
2026/08/28 13:27:56.893, 0, 100, 43817
2026/08/28 13:27:56.893, 1, 100, 43801
2026/08/28 13:27:56.893, 2, 100, 43801
2026/08/28 13:27:56.893, 3, 100, 43801
2026/08/28 13:27:57.393, 0, 100, 43817
2026/08/28 13:27:57.393, 1, 100, 43801
2026/08/28 13:27:57.393, 2, 100, 43801
2026/08/28 13:27:57.393, 3, 100, 43801
2026/08/28 13:27:57.893, 0, 100, 43817
2026/08/28 13:27:57.893, 1, 100, 43801
2026/08/28 13:27:57.893, 2, 100, 43801
2026/08/28 13:27:57.893, 3, 100, 43801
2026/08/28 13:27:58.393, 0, 99, 43817
2026/08/28 13:27:58.393, 1, 100, 43801
2026/08/28 13:27:58.393, 2, 99, 43801
2026/08/28 13:27:58.394, 3, 100, 43801
2026/08/28 13:27:58.894, 0, 100, 43817
2026/08/28 13:27:58.894, 1, 100, 43801
2026/08/28 13:27:58.894, 2, 100, 43801
2026/08/28 13:27:58.894, 3, 100, 43801
2026/08/28 13:27:59.394, 0, 100, 43817
2026/08/28 13:27:59.394, 1, 100, 43801
2026/08/28 13:27:59.394, 2, 100, 43801
2026/08/28 13:27:59.394, 3, 100, 43801
2026/08/28 13:27:59.894, 0, 100, 43817
2026/08/28 13:27:59.894, 1, 100, 43801
2026/08/28 13:27:59.894, 2, 100, 43801
2026/08/28 13:27:59.894, 3, 100, 43801
2026/08/28 13:28:00.394, 0, 100, 43817
2026/08/28 13:28:00.394, 1, 100, 43801
2026/08/28 13:28:00.394, 2, 100, 43801
2026/08/28 13:28:00.394, 3, 100, 43801
2026/08/28 13:28:00.894, 0, 100, 43817
2026/08/28 13:28:00.894, 1, 100, 43801
2026/08/28 13:28:00.894, 2, 100, 43801
2026/08/28 13:28:00.894, 3, 100, 43801
2026/08/28 13:28:01.394, 0, 100, 43817
2026/08/28 13:28:01.394, 1, 100, 43801
2026/08/28 13:28:01.394, 2, 100, 43801
2026/08/28 13:28:01.394, 3, 100, 43801
2026/08/28 13:28:01.894, 0, 100, 43817
2026/08/28 13:28:01.894, 1, 100, 43801
2026/08/28 13:28:01.894, 2, 100, 43801
2026/08/28 13:28:01.894, 3, 100, 43801
2026/08/28 13:28:02.394, 0, 100, 43817
2026/08/28 13:28:02.394, 1, 100, 43801
2026/08/28 13:28:02.395, 2, 100, 43801
2026/08/28 13:28:02.395, 3, 100, 43801
2026/08/28 13:28:02.895, 0, 0, 43817
2026/08/28 13:28:02.895, 1, 0, 43801
2026/08/28 13:28:02.895, 2, 0, 43801
2026/08/28 13:28:02.895, 3, 0, 43801
2026/08/28 13:28:03.395, 0, 0, 43817
2026/08/28 13:28:03.395, 1, 0, 43801
2026/08/28 13:28:03.395, 2, 0, 43801
2026/08/28 13:28:03.395, 3, 0, 43801
2026/08/28 13:28:03.895, 0, 0, 43817
2026/08/28 13:28:03.895, 1, 0, 43801
2026/08/28 13:28:03.895, 2, 0, 43801
2026/08/28 13:28:03.895, 3, 0, 43801
2026/08/28 13:28:04.395, 0, 0, 43817
2026/08/28 13:28:04.395, 1, 0, 43801
2026/08/28 13:28:04.395, 2, 0, 43801
2026/08/28 13:28:04.395, 3, 0, 43801
2026/08/28 13:28:04.895, 0, 89, 43817
2026/08/28 13:28:04.895, 1, 86, 43801
2026/08/28 13:28:04.895, 2, 91, 43801
2026/08/28 13:28:04.895, 3, 0, 43801
2026/08/28 13:28:05.396, 0, 100, 43817
2026/08/28 13:28:05.396, 1, 100, 43801
2026/08/28 13:28:05.396, 2, 100, 43801
2026/08/28 13:28:05.396, 3, 100, 43801
2026/08/28 13:28:05.896, 0, 100, 43817
2026/08/28 13:28:05.896, 1, 100, 43801
2026/08/28 13:28:05.896, 2, 100, 43801
2026/08/28 13:28:05.896, 3, 100, 43801
2026/08/28 13:28:06.396, 0, 100, 43817
2026/08/28 13:28:06.396, 1, 100, 43801
2026/08/28 13:28:06.396, 2, 100, 43801
2026/08/28 13:28:06.396, 3, 100, 43801
2026/08/28 13:28:06.896, 0, 100, 43817
2026/08/28 13:28:06.896, 1, 100, 43801
2026/08/28 13:28:06.896, 2, 100, 43801
2026/08/28 13:28:06.896, 3, 100, 43801
2026/08/28 13:28:07.396, 0, 100, 43817
2026/08/28 13:28:07.396, 1, 100, 43801
2026/08/28 13:28:07.396, 2, 100, 43801
2026/08/28 13:28:07.396, 3, 100, 43801
2026/08/28 13:28:07.896, 0, 100, 43817
2026/08/28 13:28:07.896, 1, 100, 43801
2026/08/28 13:28:07.896, 2, 100, 43801
2026/08/28 13:28:07.896, 3, 100, 43801
2026/08/28 13:28:08.396, 0, 100, 43817
2026/08/28 13:28:08.396, 1, 100, 43801
2026/08/28 13:28:08.396, 2, 100, 43801
2026/08/28 13:28:08.396, 3, 100, 43801
2026/08/28 13:28:08.897, 0, 100, 43817
2026/08/28 13:28:08.897, 1, 100, 43801
2026/08/28 13:28:08.897, 2, 100, 43801
2026/08/28 13:28:08.897, 3, 100, 43801
2026/08/28 13:28:09.397, 0, 100, 43817
2026/08/28 13:28:09.397, 1, 100, 43801
2026/08/28 13:28:09.397, 2, 100, 43801
2026/08/28 13:28:09.397, 3, 100, 43801
2026/08/28 13:28:09.897, 0, 100, 43817
2026/08/28 13:28:09.897, 1, 100, 43801
2026/08/28 13:28:09.897, 2, 100, 43801
2026/08/28 13:28:09.897, 3, 100, 43801
2026/08/28 13:28:10.397, 0, 100, 43817
2026/08/28 13:28:10.397, 1, 100, 43801
2026/08/28 13:28:10.397, 2, 100, 43801
2026/08/28 13:28:10.397, 3, 100, 43801
2026/08/28 13:28:10.897, 0, 100, 43817
2026/08/28 13:28:10.897, 1, 100, 43801
2026/08/28 13:28:10.897, 2, 100, 43801
2026/08/28 13:28:10.897, 3, 100, 43801
2026/08/28 13:28:11.397, 0, 100, 43817
2026/08/28 13:28:11.397, 1, 100, 43801
2026/08/28 13:28:11.397, 2, 100, 43801
2026/08/28 13:28:11.397, 3, 100, 43801
2026/08/28 13:28:11.897, 0, 100, 43817
2026/08/28 13:28:11.897, 1, 100, 43801
2026/08/28 13:28:11.897, 2, 100, 43801
2026/08/28 13:28:11.897, 3, 100, 43801
2026/08/28 13:28:12.397, 0, 100, 43817
2026/08/28 13:28:12.397, 1, 100, 43801
2026/08/28 13:28:12.397, 2, 100, 43801
2026/08/28 13:28:12.397, 3, 100, 43801
2026/08/28 13:28:12.898, 0, 100, 43817
2026/08/28 13:28:12.898, 1, 100, 43801
2026/08/28 13:28:12.898, 2, 100, 43801
2026/08/28 13:28:12.898, 3, 100, 43801
2026/08/28 13:28:13.398, 0, 100, 43817
2026/08/28 13:28:13.398, 1, 100, 43801
2026/08/28 13:28:13.398, 2, 100, 43801
2026/08/28 13:28:13.398, 3, 100, 43801
2026/08/28 13:28:13.898, 0, 100, 43817
2026/08/28 13:28:13.898, 1, 100, 43801
2026/08/28 13:28:13.898, 2, 100, 43801
2026/08/28 13:28:13.898, 3, 100, 43801
2026/08/28 13:28:14.398, 0, 99, 43817
2026/08/28 13:28:14.398, 1, 100, 43801
2026/08/28 13:28:14.398, 2, 100, 43801
2026/08/28 13:28:14.398, 3, 100, 43801
2026/08/28 13:28:14.898, 0, 100, 43817
2026/08/28 13:28:14.898, 1, 100, 43801
2026/08/28 13:28:14.898, 2, 100, 43801
2026/08/28 13:28:14.898, 3, 100, 43801
2026/08/28 13:28:15.398, 0, 100, 43817
2026/08/28 13:28:15.398, 1, 100, 43801
2026/08/28 13:28:15.398, 2, 100, 43801
2026/08/28 13:28:15.398, 3, 100, 43801
2026/08/28 13:28:15.899, 0, 100, 43817
2026/08/28 13:28:15.899, 1, 100, 43801
2026/08/28 13:28:15.899, 2, 100, 43801
2026/08/28 13:28:15.899, 3, 100, 43801
2026/08/28 13:28:16.399, 0, 100, 43817
2026/08/28 13:28:16.399, 1, 100, 43801
2026/08/28 13:28:16.399, 2, 100, 43801
2026/08/28 13:28:16.399, 3, 100, 43801
2026/08/28 13:28:16.899, 0, 100, 43817
2026/08/28 13:28:16.899, 1, 100, 43801
2026/08/28 13:28:16.899, 2, 100, 43801
2026/08/28 13:28:16.899, 3, 100, 43801
2026/08/28 13:28:17.399, 0, 100, 43817
2026/08/28 13:28:17.399, 1, 100, 43801
2026/08/28 13:28:17.399, 2, 100, 43801
2026/08/28 13:28:17.399, 3, 100, 43801
2026/08/28 13:28:17.899, 0, 100, 43817
2026/08/28 13:28:17.899, 1, 100, 43801
2026/08/28 13:28:17.899, 2, 100, 43801
2026/08/28 13:28:17.899, 3, 100, 43801
2026/08/28 13:28:18.399, 0, 100, 43817
2026/08/28 13:28:18.399, 1, 100, 43801
2026/08/28 13:28:18.399, 2, 100, 43801
2026/08/28 13:28:18.399, 3, 100, 43801
2026/08/28 13:28:18.899, 0, 100, 43817
2026/08/28 13:28:18.899, 1, 100, 43801
2026/08/28 13:28:18.899, 2, 100, 43801
2026/08/28 13:28:18.899, 3, 100, 43801
2026/08/28 13:28:19.400, 0, 100, 43817
2026/08/28 13:28:19.400, 1, 100, 43801
2026/08/28 13:28:19.400, 2, 100, 43801
2026/08/28 13:28:19.400, 3, 100, 43801
2026/08/28 13:28:19.900, 0, 100, 43817
2026/08/28 13:28:19.900, 1, 100, 43801
2026/08/28 13:28:19.900, 2, 100, 43801
2026/08/28 13:28:19.900, 3, 100, 43801
2026/08/28 13:28:20.400, 0, 100, 43817
2026/08/28 13:28:20.400, 1, 100, 43801
2026/08/28 13:28:20.400, 2, 100, 43801
2026/08/28 13:28:20.400, 3, 100, 43801
2026/08/28 13:28:20.900, 0, 100, 43817
2026/08/28 13:28:20.900, 1, 100, 43801
2026/08/28 13:28:20.900, 2, 100, 43801
2026/08/28 13:28:20.900, 3, 100, 43801
2026/08/28 13:28:21.400, 0, 100, 43817
2026/08/28 13:28:21.400, 1, 100, 43801
2026/08/28 13:28:21.400, 2, 100, 43801
2026/08/28 13:28:21.400, 3, 100, 43801
2026/08/28 13:28:21.900, 0, 100, 43817
2026/08/28 13:28:21.900, 1, 100, 43801
2026/08/28 13:28:21.900, 2, 100, 43801
2026/08/28 13:28:21.900, 3, 100, 43801
2026/08/28 13:28:22.400, 0, 100, 43817
2026/08/28 13:28:22.400, 1, 100, 43801
2026/08/28 13:28:22.400, 2, 100, 43801
2026/08/28 13:28:22.400, 3, 100, 43801
2026/08/28 13:28:22.900, 0, 100, 43817
2026/08/28 13:28:22.900, 1, 100, 43801
2026/08/28 13:28:22.900, 2, 100, 43801
2026/08/28 13:28:22.900, 3, 100, 43801
2026/08/28 13:28:23.401, 0, 0, 43817
2026/08/28 13:28:23.401, 1, 0, 43801
2026/08/28 13:28:23.401, 2, 0, 43801
2026/08/28 13:28:23.401, 3, 0, 43801
2026/08/28 13:28:23.901, 0, 0, 43817
2026/08/28 13:28:23.901, 1, 0, 43801
2026/08/28 13:28:23.901, 2, 0, 43801
2026/08/28 13:28:23.901, 3, 0, 43801
2026/08/28 13:28:24.401, 0, 0, 43817
2026/08/28 13:28:24.401, 1, 0, 43801
2026/08/28 13:28:24.401, 2, 0, 43801
2026/08/28 13:28:24.401, 3, 0, 43801
2026/08/28 13:28:24.901, 0, 0, 43817
2026/08/28 13:28:24.901, 1, 0, 43801
2026/08/28 13:28:24.901, 2, 0, 43801
2026/08/28 13:28:24.901, 3, 0, 43801
2026/08/28 13:28:25.401, 0, 92, 43817
2026/08/28 13:28:25.401, 1, 89, 43801
2026/08/28 13:28:25.401, 2, 93, 43801
2026/08/28 13:28:25.401, 3, 100, 43801
2026/08/28 13:28:25.901, 0, 100, 43817
2026/08/28 13:28:25.901, 1, 100, 43801
2026/08/28 13:28:25.901, 2, 100, 43801
2026/08/28 13:28:25.901, 3, 100, 43801
2026/08/28 13:28:26.402, 0, 100, 43817
2026/08/28 13:28:26.402, 1, 100, 43801
2026/08/28 13:28:26.402, 2, 100, 43801
2026/08/28 13:28:26.402, 3, 100, 43801
2026/08/28 13:28:26.902, 0, 100, 43817
2026/08/28 13:28:26.902, 1, 100, 43801
2026/08/28 13:28:26.902, 2, 100, 43801
2026/08/28 13:28:26.902, 3, 100, 43801
2026/08/28 13:28:27.402, 0, 100, 43817
2026/08/28 13:28:27.402, 1, 100, 43801
2026/08/28 13:28:27.402, 2, 100, 43801
2026/08/28 13:28:27.402, 3, 100, 43801
2026/08/28 13:28:27.902, 0, 100, 43817
2026/08/28 13:28:27.902, 1, 100, 43801
2026/08/28 13:28:27.902, 2, 100, 43801
2026/08/28 13:28:27.902, 3, 100, 43801
2026/08/28 13:28:28.402, 0, 100, 43817
2026/08/28 13:28:28.402, 1, 100, 43801
2026/08/28 13:28:28.402, 2, 100, 43801
2026/08/28 13:28:28.402, 3, 100, 43801
2026/08/28 13:28:28.902, 0, 100, 43817
2026/08/28 13:28:28.902, 1, 100, 43801
2026/08/28 13:28:28.902, 2, 100, 43801
2026/08/28 13:28:28.902, 3, 100, 43801
2026/08/28 13:28:29.402, 0, 100, 43817
2026/08/28 13:28:29.402, 1, 100, 43801
2026/08/28 13:28:29.402, 2, 100, 43801
2026/08/28 13:28:29.402, 3, 100, 43801
2026/08/28 13:28:29.902, 0, 100, 43817
2026/08/28 13:28:29.902, 1, 79, 43801
2026/08/28 13:28:29.902, 2, 100, 43801
2026/08/28 13:28:29.902, 3, 100, 43801
2026/08/28 13:28:30.403, 0, 100, 43817
2026/08/28 13:28:30.403, 1, 100, 43801
2026/08/28 13:28:30.403, 2, 100, 43801
2026/08/28 13:28:30.403, 3, 100, 43801
2026/08/28 13:28:30.903, 0, 100, 43817
2026/08/28 13:28:30.903, 1, 100, 43801
2026/08/28 13:28:30.903, 2, 100, 43801
2026/08/28 13:28:30.903, 3, 100, 43801
2026/08/28 13:28:31.403, 0, 99, 43817
2026/08/28 13:28:31.403, 1, 100, 43801
2026/08/28 13:28:31.403, 2, 100, 43801
2026/08/28 13:28:31.403, 3, 100, 43801
2026/08/28 13:28:31.903, 0, 100, 43817
2026/08/28 13:28:31.903, 1, 100, 43801
2026/08/28 13:28:31.903, 2, 100, 43801
2026/08/28 13:28:31.903, 3, 100, 43801
2026/08/28 13:28:32.403, 0, 100, 43817
2026/08/28 13:28:32.403, 1, 100, 43801
2026/08/28 13:28:32.403, 2, 100, 43801
2026/08/28 13:28:32.403, 3, 100, 43801
2026/08/28 13:28:32.903, 0, 100, 43817
2026/08/28 13:28:32.903, 1, 100, 43801
2026/08/28 13:28:32.903, 2, 100, 43801
2026/08/28 13:28:32.903, 3, 100, 43801
2026/08/28 13:28:33.403, 0, 100, 43817
2026/08/28 13:28:33.403, 1, 100, 43801
2026/08/28 13:28:33.403, 2, 100, 43801
2026/08/28 13:28:33.403, 3, 100, 43801
2026/08/28 13:28:33.903, 0, 100, 43817
2026/08/28 13:28:33.903, 1, 100, 43801
2026/08/28 13:28:33.903, 2, 100, 43801
2026/08/28 13:28:33.904, 3, 100, 43801
2026/08/28 13:28:34.404, 0, 100, 43817
2026/08/28 13:28:34.404, 1, 100, 43801
2026/08/28 13:28:34.404, 2, 100, 43801
2026/08/28 13:28:34.404, 3, 100, 43801
2026/08/28 13:28:34.904, 0, 100, 43817
2026/08/28 13:28:34.904, 1, 100, 43801
2026/08/28 13:28:34.904, 2, 100, 43801
2026/08/28 13:28:34.904, 3, 100, 43801
2026/08/28 13:28:35.404, 0, 100, 43817
2026/08/28 13:28:35.404, 1, 100, 43801
2026/08/28 13:28:35.404, 2, 100, 43801
2026/08/28 13:28:35.404, 3, 100, 43801
2026/08/28 13:28:35.904, 0, 100, 43817
2026/08/28 13:28:35.904, 1, 100, 43801
2026/08/28 13:28:35.904, 2, 100, 43801
2026/08/28 13:28:35.904, 3, 100, 43801
2026/08/28 13:28:36.404, 0, 100, 43817
2026/08/28 13:28:36.404, 1, 100, 43801
2026/08/28 13:28:36.404, 2, 100, 43801
2026/08/28 13:28:36.404, 3, 100, 43801
2026/08/28 13:28:36.904, 0, 100, 43817
2026/08/28 13:28:36.904, 1, 100, 43801
2026/08/28 13:28:36.904, 2, 100, 43801
2026/08/28 13:28:36.904, 3, 100, 43801
2026/08/28 13:28:37.404, 0, 100, 43817
2026/08/28 13:28:37.405, 1, 100, 43801
2026/08/28 13:28:37.405, 2, 100, 43801
2026/08/28 13:28:37.405, 3, 100, 43801
2026/08/28 13:28:37.905, 0, 100, 43817
2026/08/28 13:28:37.905, 1, 100, 43801
2026/08/28 13:28:37.905, 2, 100, 43801
2026/08/28 13:28:37.905, 3, 100, 43801
2026/08/28 13:28:38.405, 0, 100, 43817
2026/08/28 13:28:38.405, 1, 100, 43801
2026/08/28 13:28:38.405, 2, 100, 43801
2026/08/28 13:28:38.405, 3, 100, 43801
2026/08/28 13:28:38.905, 0, 100, 43817
2026/08/28 13:28:38.905, 1, 100, 43801
2026/08/28 13:28:38.905, 2, 100, 43801
2026/08/28 13:28:38.905, 3, 100, 43801
2026/08/28 13:28:39.405, 0, 100, 43817
2026/08/28 13:28:39.405, 1, 100, 43801
2026/08/28 13:28:39.405, 2, 100, 43801
2026/08/28 13:28:39.405, 3, 100, 43801
2026/08/28 13:28:39.905, 0, 100, 43817
2026/08/28 13:28:39.905, 1, 100, 43801
2026/08/28 13:28:39.905, 2, 100, 43801
2026/08/28 13:28:39.905, 3, 100, 43801
2026/08/28 13:28:40.405, 0, 100, 43817
2026/08/28 13:28:40.405, 1, 100, 43801
2026/08/28 13:28:40.405, 2, 100, 43801
2026/08/28 13:28:40.405, 3, 100, 43801
2026/08/28 13:28:40.905, 0, 100, 43817
2026/08/28 13:28:40.905, 1, 100, 43801
2026/08/28 13:28:40.905, 2, 100, 43801
2026/08/28 13:28:40.905, 3, 100, 43801
2026/08/28 13:28:41.406, 0, 100, 43817
2026/08/28 13:28:41.406, 1, 100, 43801
2026/08/28 13:28:41.406, 2, 100, 43801
2026/08/28 13:28:41.406, 3, 100, 43801
2026/08/28 13:28:41.906, 0, 100, 43817
2026/08/28 13:28:41.906, 1, 100, 43801
2026/08/28 13:28:41.906, 2, 100, 43801
2026/08/28 13:28:41.906, 3, 100, 43801
2026/08/28 13:28:42.406, 0, 100, 43817
2026/08/28 13:28:42.406, 1, 100, 43801
2026/08/28 13:28:42.406, 2, 100, 43801
2026/08/28 13:28:42.406, 3, 100, 43801
2026/08/28 13:28:42.906, 0, 100, 43817
2026/08/28 13:28:42.906, 1, 100, 43801
2026/08/28 13:28:42.906, 2, 100, 43801
2026/08/28 13:28:42.906, 3, 100, 43801
2026/08/28 13:28:43.406, 0, 100, 43817
2026/08/28 13:28:43.406, 1, 100, 43801
2026/08/28 13:28:43.406, 2, 100, 43801
2026/08/28 13:28:43.406, 3, 100, 43801
2026/08/28 13:28:43.906, 0, 0, 43817
2026/08/28 13:28:43.906, 1, 0, 43801
2026/08/28 13:28:43.906, 2, 0, 43801
2026/08/28 13:28:43.906, 3, 0, 43801
2026/08/28 13:28:44.406, 0, 0, 43817
2026/08/28 13:28:44.406, 1, 0, 43801
2026/08/28 13:28:44.406, 2, 0, 43801
2026/08/28 13:28:44.406, 3, 0, 43801
2026/08/28 13:28:44.906, 0, 0, 43817
2026/08/28 13:28:44.906, 1, 0, 43801
2026/08/28 13:28:44.906, 2, 0, 43801
2026/08/28 13:28:44.907, 3, 0, 43801
2026/08/28 13:28:45.407, 0, 0, 43817
2026/08/28 13:28:45.407, 1, 0, 43801
2026/08/28 13:28:45.407, 2, 0, 43801
2026/08/28 13:28:45.407, 3, 0, 43801
2026/08/28 13:28:45.907, 0, 99, 43817
2026/08/28 13:28:45.907, 1, 100, 43801
2026/08/28 13:28:45.907, 2, 99, 43801
2026/08/28 13:28:45.907, 3, 100, 43801
2026/08/28 13:28:46.407, 0, 100, 43817
2026/08/28 13:28:46.407, 1, 100, 43801
2026/08/28 13:28:46.407, 2, 100, 43801
2026/08/28 13:28:46.407, 3, 100, 43801
2026/08/28 13:28:46.907, 0, 100, 43817
2026/08/28 13:28:46.907, 1, 100, 43801
2026/08/28 13:28:46.907, 2, 100, 43801
2026/08/28 13:28:46.907, 3, 100, 43801
2026/08/28 13:28:47.407, 0, 100, 43817
2026/08/28 13:28:47.407, 1, 100, 43801
2026/08/28 13:28:47.407, 2, 100, 43801
2026/08/28 13:28:47.407, 3, 100, 43801
2026/08/28 13:28:47.907, 0, 100, 43817
2026/08/28 13:28:47.907, 1, 100, 43801
2026/08/28 13:28:47.907, 2, 100, 43801
2026/08/28 13:28:47.907, 3, 100, 43801
2026/08/28 13:28:48.407, 0, 100, 43817
2026/08/28 13:28:48.408, 1, 100, 43801
2026/08/28 13:28:48.408, 2, 100, 43801
2026/08/28 13:28:48.408, 3, 100, 43801
2026/08/28 13:28:48.908, 0, 100, 43817
2026/08/28 13:28:48.908, 1, 100, 43801
2026/08/28 13:28:48.908, 2, 100, 43801
2026/08/28 13:28:48.908, 3, 100, 43801
2026/08/28 13:28:49.408, 0, 100, 43817
2026/08/28 13:28:49.408, 1, 100, 43801
2026/08/28 13:28:49.408, 2, 100, 43801
2026/08/28 13:28:49.408, 3, 100, 43801
2026/08/28 13:28:49.908, 0, 100, 43817
2026/08/28 13:28:49.908, 1, 100, 43801
2026/08/28 13:28:49.908, 2, 100, 43801
2026/08/28 13:28:49.908, 3, 100, 43801
2026/08/28 13:28:50.408, 0, 89, 43817
2026/08/28 13:28:50.408, 1, 78, 43801
2026/08/28 13:28:50.408, 2, 100, 43801
2026/08/28 13:28:50.408, 3, 100, 43801
2026/08/28 13:28:50.908, 0, 100, 43817
2026/08/28 13:28:50.908, 1, 100, 43801
2026/08/28 13:28:50.908, 2, 100, 43801
2026/08/28 13:28:50.908, 3, 100, 43801
2026/08/28 13:28:51.408, 0, 100, 43817
2026/08/28 13:28:51.408, 1, 100, 43801
2026/08/28 13:28:51.408, 2, 100, 43801
2026/08/28 13:28:51.408, 3, 100, 43801
2026/08/28 13:28:51.908, 0, 100, 43817
2026/08/28 13:28:51.908, 1, 100, 43801
2026/08/28 13:28:51.908, 2, 100, 43801
2026/08/28 13:28:51.908, 3, 100, 43801
2026/08/28 13:28:52.409, 0, 100, 43817
2026/08/28 13:28:52.409, 1, 100, 43801
2026/08/28 13:28:52.409, 2, 100, 43801
2026/08/28 13:28:52.409, 3, 100, 43801
2026/08/28 13:28:52.909, 0, 100, 43817
2026/08/28 13:28:52.909, 1, 100, 43801
2026/08/28 13:28:52.909, 2, 100, 43801
2026/08/28 13:28:52.909, 3, 100, 43801
2026/08/28 13:28:53.409, 0, 100, 43817
2026/08/28 13:28:53.409, 1, 100, 43801
2026/08/28 13:28:53.409, 2, 100, 43801
2026/08/28 13:28:53.409, 3, 100, 43801
2026/08/28 13:28:53.909, 0, 100, 43817
2026/08/28 13:28:53.909, 1, 100, 43801
2026/08/28 13:28:53.909, 2, 100, 43801
2026/08/28 13:28:53.909, 3, 100, 43801
2026/08/28 13:28:54.409, 0, 100, 43817
2026/08/28 13:28:54.409, 1, 100, 43801
2026/08/28 13:28:54.409, 2, 100, 43801
2026/08/28 13:28:54.409, 3, 100, 43801
2026/08/28 13:28:54.909, 0, 100, 43817
2026/08/28 13:28:54.909, 1, 81, 43801
2026/08/28 13:28:54.909, 2, 100, 43801
2026/08/28 13:28:54.909, 3, 77, 43801
2026/08/28 13:28:55.409, 0, 100, 43817
2026/08/28 13:28:55.409, 1, 100, 43801
2026/08/28 13:28:55.409, 2, 100, 43801
2026/08/28 13:28:55.409, 3, 100, 43801
2026/08/28 13:28:55.909, 0, 100, 43817
2026/08/28 13:28:55.909, 1, 100, 43801
2026/08/28 13:28:55.909, 2, 100, 43801
2026/08/28 13:28:55.910, 3, 100, 43801
2026/08/28 13:28:56.410, 0, 100, 43817
2026/08/28 13:28:56.410, 1, 100, 43801
2026/08/28 13:28:56.410, 2, 100, 43801
2026/08/28 13:28:56.410, 3, 100, 43801
2026/08/28 13:28:56.910, 0, 100, 43817
2026/08/28 13:28:56.910, 1, 100, 43801
2026/08/28 13:28:56.910, 2, 100, 43801
2026/08/28 13:28:56.910, 3, 100, 43801
2026/08/28 13:28:57.410, 0, 100, 43817
2026/08/28 13:28:57.410, 1, 100, 43801
2026/08/28 13:28:57.410, 2, 100, 43801
2026/08/28 13:28:57.410, 3, 100, 43801
2026/08/28 13:28:57.910, 0, 100, 43817
2026/08/28 13:28:57.910, 1, 100, 43801
2026/08/28 13:28:57.910, 2, 100, 43801
2026/08/28 13:28:57.910, 3, 100, 43801
2026/08/28 13:28:58.410, 0, 100, 43817
2026/08/28 13:28:58.410, 1, 100, 43801
2026/08/28 13:28:58.410, 2, 100, 43801
2026/08/28 13:28:58.410, 3, 100, 43801
2026/08/28 13:28:58.910, 0, 100, 43817
2026/08/28 13:28:58.910, 1, 100, 43801
2026/08/28 13:28:58.910, 2, 100, 43801
2026/08/28 13:28:58.910, 3, 100, 43801
2026/08/28 13:28:59.410, 0, 100, 43817
2026/08/28 13:28:59.410, 1, 100, 43801
2026/08/28 13:28:59.410, 2, 100, 43801
2026/08/28 13:28:59.410, 3, 77, 43801
2026/08/28 13:28:59.910, 0, 100, 43817
2026/08/28 13:28:59.910, 1, 100, 43801
2026/08/28 13:28:59.911, 2, 100, 43801
2026/08/28 13:28:59.911, 3, 100, 43801
2026/08/28 13:29:00.411, 0, 100, 43817
2026/08/28 13:29:00.411, 1, 100, 43801
2026/08/28 13:29:00.411, 2, 100, 43801
2026/08/28 13:29:00.411, 3, 100, 43801
2026/08/28 13:29:00.911, 0, 100, 43817
2026/08/28 13:29:00.911, 1, 100, 43801
2026/08/28 13:29:00.911, 2, 100, 43801
2026/08/28 13:29:00.912, 3, 100, 43801
2026/08/28 13:29:01.413, 0, 100, 43817
2026/08/28 13:29:01.413, 1, 100, 43801
2026/08/28 13:29:01.413, 2, 100, 43801
2026/08/28 13:29:01.413, 3, 100, 43801
2026/08/28 13:29:01.913, 0, 100, 43817
2026/08/28 13:29:01.913, 1, 100, 43801
2026/08/28 13:29:01.913, 2, 100, 43801
2026/08/28 13:29:01.913, 3, 100, 43801
2026/08/28 13:29:02.413, 0, 100, 43817
2026/08/28 13:29:02.413, 1, 100, 43801
2026/08/28 13:29:02.413, 2, 100, 43801
2026/08/28 13:29:02.413, 3, 100, 43801
2026/08/28 13:29:02.913, 0, 100, 43817
2026/08/28 13:29:02.913, 1, 100, 43801
2026/08/28 13:29:02.913, 2, 100, 43801
2026/08/28 13:29:02.913, 3, 100, 43801
2026/08/28 13:29:03.413, 0, 100, 43817
2026/08/28 13:29:03.413, 1, 100, 43801
2026/08/28 13:29:03.413, 2, 100, 43801
2026/08/28 13:29:03.413, 3, 100, 43801
2026/08/28 13:29:03.913, 0, 100, 43817
2026/08/28 13:29:03.913, 1, 100, 43801
2026/08/28 13:29:03.913, 2, 100, 43801
2026/08/28 13:29:03.913, 3, 100, 43801
2026/08/28 13:29:04.414, 0, 0, 43817
2026/08/28 13:29:04.414, 1, 0, 43801
2026/08/28 13:29:04.414, 2, 0, 43801
2026/08/28 13:29:04.414, 3, 0, 43801
2026/08/28 13:29:04.914, 0, 0, 43817
2026/08/28 13:29:04.914, 1, 0, 43801
2026/08/28 13:29:04.914, 2, 0, 43801
2026/08/28 13:29:04.914, 3, 0, 43801
2026/08/28 13:29:05.414, 0, 0, 43817
2026/08/28 13:29:05.414, 1, 0, 43801
2026/08/28 13:29:05.414, 2, 0, 43801
2026/08/28 13:29:05.414, 3, 0, 43801
2026/08/28 13:29:05.914, 0, 0, 43817
2026/08/28 13:29:05.914, 1, 0, 43801
2026/08/28 13:29:05.914, 2, 0, 43801
2026/08/28 13:29:05.914, 3, 0, 43801
2026/08/28 13:29:06.414, 0, 99, 43817
2026/08/28 13:29:06.414, 1, 99, 43801
2026/08/28 13:29:06.414, 2, 99, 43801
2026/08/28 13:29:06.414, 3, 100, 43801
2026/08/28 13:29:06.914, 0, 100, 43817
2026/08/28 13:29:06.914, 1, 100, 43801
2026/08/28 13:29:06.914, 2, 100, 43801
2026/08/28 13:29:06.914, 3, 100, 43801
2026/08/28 13:29:07.414, 0, 100, 43817
2026/08/28 13:29:07.414, 1, 100, 43801
2026/08/28 13:29:07.414, 2, 100, 43801
2026/08/28 13:29:07.415, 3, 100, 43801
2026/08/28 13:29:07.915, 0, 100, 43817
2026/08/28 13:29:07.915, 1, 100, 43801
2026/08/28 13:29:07.915, 2, 100, 43801
2026/08/28 13:29:07.915, 3, 100, 43801
2026/08/28 13:29:08.415, 0, 100, 43817
2026/08/28 13:29:08.415, 1, 100, 43801
2026/08/28 13:29:08.415, 2, 100, 43801
2026/08/28 13:29:08.415, 3, 100, 43801
2026/08/28 13:29:08.915, 0, 100, 43817
2026/08/28 13:29:08.915, 1, 100, 43801
2026/08/28 13:29:08.915, 2, 100, 43801
2026/08/28 13:29:08.915, 3, 100, 43801
2026/08/28 13:29:09.415, 0, 100, 43817
2026/08/28 13:29:09.415, 1, 100, 43801
2026/08/28 13:29:09.415, 2, 100, 43801
2026/08/28 13:29:09.415, 3, 100, 43801
2026/08/28 13:29:09.915, 0, 100, 43817
2026/08/28 13:29:09.915, 1, 100, 43801
2026/08/28 13:29:09.915, 2, 100, 43801
2026/08/28 13:29:09.915, 3, 100, 43801
2026/08/28 13:29:10.415, 0, 100, 43817
2026/08/28 13:29:10.415, 1, 100, 43801
2026/08/28 13:29:10.415, 2, 100, 43801
2026/08/28 13:29:10.415, 3, 100, 43801
2026/08/28 13:29:10.915, 0, 100, 43817
2026/08/28 13:29:10.915, 1, 100, 43801
2026/08/28 13:29:10.916, 2, 100, 43801
2026/08/28 13:29:10.916, 3, 100, 43801
2026/08/28 13:29:11.416, 0, 100, 43817
2026/08/28 13:29:11.416, 1, 100, 43801
2026/08/28 13:29:11.416, 2, 100, 43801
2026/08/28 13:29:11.416, 3, 100, 43801
2026/08/28 13:29:11.916, 0, 100, 43817
2026/08/28 13:29:11.916, 1, 100, 43801
2026/08/28 13:29:11.916, 2, 100, 43801
2026/08/28 13:29:11.916, 3, 100, 43801
2026/08/28 13:29:12.416, 0, 100, 43817
2026/08/28 13:29:12.416, 1, 100, 43801
2026/08/28 13:29:12.416, 2, 100, 43801
2026/08/28 13:29:12.416, 3, 100, 43801
2026/08/28 13:29:12.916, 0, 100, 43817
2026/08/28 13:29:12.916, 1, 100, 43801
2026/08/28 13:29:12.916, 2, 100, 43801
2026/08/28 13:29:12.916, 3, 100, 43801
2026/08/28 13:29:13.416, 0, 100, 43817
2026/08/28 13:29:13.416, 1, 100, 43801
2026/08/28 13:29:13.416, 2, 100, 43801
2026/08/28 13:29:13.416, 3, 100, 43801
2026/08/28 13:29:13.916, 0, 100, 43817
2026/08/28 13:29:13.916, 1, 100, 43801
2026/08/28 13:29:13.916, 2, 100, 43801
2026/08/28 13:29:13.916, 3, 100, 43801
2026/08/28 13:29:14.416, 0, 100, 43817
2026/08/28 13:29:14.416, 1, 100, 43801
2026/08/28 13:29:14.416, 2, 100, 43801
2026/08/28 13:29:14.416, 3, 100, 43801
2026/08/28 13:29:14.917, 0, 100, 43817
2026/08/28 13:29:14.917, 1, 100, 43801
2026/08/28 13:29:14.917, 2, 100, 43801
2026/08/28 13:29:14.917, 3, 100, 43801
2026/08/28 13:29:15.417, 0, 33, 43817
2026/08/28 13:29:15.417, 1, 49, 43801
2026/08/28 13:29:15.417, 2, 33, 43801
2026/08/28 13:29:15.417, 3, 100, 43801
2026/08/28 13:29:15.917, 0, 100, 43817
2026/08/28 13:29:15.917, 1, 100, 43801
2026/08/28 13:29:15.917, 2, 100, 43801
2026/08/28 13:29:15.917, 3, 100, 43801
2026/08/28 13:29:16.417, 0, 100, 43817
2026/08/28 13:29:16.417, 1, 100, 43801
2026/08/28 13:29:16.417, 2, 100, 43801
2026/08/28 13:29:16.417, 3, 100, 43801
2026/08/28 13:29:16.917, 0, 100, 43817
2026/08/28 13:29:16.917, 1, 100, 43801
2026/08/28 13:29:16.917, 2, 100, 43801
2026/08/28 13:29:16.917, 3, 100, 43801
2026/08/28 13:29:17.417, 0, 100, 43817
2026/08/28 13:29:17.417, 1, 100, 43801
2026/08/28 13:29:17.417, 2, 100, 43801
2026/08/28 13:29:17.417, 3, 100, 43801
2026/08/28 13:29:17.917, 0, 100, 43817
2026/08/28 13:29:17.918, 1, 100, 43801
2026/08/28 13:29:17.918, 2, 100, 43801
2026/08/28 13:29:17.918, 3, 100, 43801
2026/08/28 13:29:18.418, 0, 100, 43817
2026/08/28 13:29:18.418, 1, 100, 43801
2026/08/28 13:29:18.418, 2, 100, 43801
2026/08/28 13:29:18.418, 3, 100, 43801
2026/08/28 13:29:18.918, 0, 100, 43817
2026/08/28 13:29:18.918, 1, 100, 43801
2026/08/28 13:29:18.918, 2, 100, 43801
2026/08/28 13:29:18.918, 3, 100, 43801
2026/08/28 13:29:19.418, 0, 100, 43817
2026/08/28 13:29:19.418, 1, 100, 43801
2026/08/28 13:29:19.418, 2, 100, 43801
2026/08/28 13:29:19.418, 3, 100, 43801
2026/08/28 13:29:19.918, 0, 33, 43817
2026/08/28 13:29:19.918, 1, 62, 43801
2026/08/28 13:29:19.918, 2, 28, 43801
2026/08/28 13:29:19.918, 3, 97, 43801
2026/08/28 13:29:20.418, 0, 100, 43817
2026/08/28 13:29:20.418, 1, 100, 43801
2026/08/28 13:29:20.418, 2, 100, 43801
2026/08/28 13:29:20.418, 3, 100, 43801
2026/08/28 13:29:20.918, 0, 100, 43817
2026/08/28 13:29:20.918, 1, 100, 43801
2026/08/28 13:29:20.918, 2, 100, 43801
2026/08/28 13:29:20.918, 3, 100, 43801
2026/08/28 13:29:21.418, 0, 100, 43817
2026/08/28 13:29:21.418, 1, 100, 43801
2026/08/28 13:29:21.419, 2, 100, 43801
2026/08/28 13:29:21.419, 3, 100, 43801
2026/08/28 13:29:21.919, 0, 100, 43817
2026/08/28 13:29:21.919, 1, 100, 43801
2026/08/28 13:29:21.919, 2, 100, 43801
2026/08/28 13:29:21.919, 3, 100, 43801
2026/08/28 13:29:22.419, 0, 100, 43817
2026/08/28 13:29:22.419, 1, 100, 43801
2026/08/28 13:29:22.419, 2, 100, 43801
2026/08/28 13:29:22.419, 3, 100, 43801
2026/08/28 13:29:22.919, 0, 100, 43817
2026/08/28 13:29:22.919, 1, 100, 43801
2026/08/28 13:29:22.919, 2, 100, 43801
2026/08/28 13:29:22.919, 3, 100, 43801
2026/08/28 13:29:23.419, 0, 100, 43817
2026/08/28 13:29:23.419, 1, 100, 43801
2026/08/28 13:29:23.419, 2, 100, 43801
2026/08/28 13:29:23.419, 3, 100, 43801
2026/08/28 13:29:23.919, 0, 100, 43817
2026/08/28 13:29:23.919, 1, 100, 43801
2026/08/28 13:29:23.919, 2, 100, 43801
2026/08/28 13:29:23.919, 3, 100, 43801
2026/08/28 13:29:24.419, 0, 100, 43817
2026/08/28 13:29:24.419, 1, 100, 43801
2026/08/28 13:29:24.419, 2, 100, 43801
2026/08/28 13:29:24.419, 3, 100, 43801
2026/08/28 13:29:24.919, 0, 0, 43817
2026/08/28 13:29:24.919, 1, 0, 43801
2026/08/28 13:29:24.919, 2, 0, 43801
2026/08/28 13:29:24.919, 3, 0, 43801
2026/08/28 13:29:25.420, 0, 0, 43817
2026/08/28 13:29:25.420, 1, 0, 43801
2026/08/28 13:29:25.420, 2, 0, 43801
2026/08/28 13:29:25.420, 3, 0, 43801
2026/08/28 13:29:25.920, 0, 0, 43817
2026/08/28 13:29:25.920, 1, 0, 43801
2026/08/28 13:29:25.920, 2, 0, 43801
2026/08/28 13:29:25.920, 3, 0, 43801
2026/08/28 13:29:26.420, 0, 0, 43817
2026/08/28 13:29:26.420, 1, 0, 43801
2026/08/28 13:29:26.420, 2, 0, 43801
2026/08/28 13:29:26.420, 3, 0, 43801
2026/08/28 13:29:26.920, 0, 100, 43817
2026/08/28 13:29:26.920, 1, 100, 43801
2026/08/28 13:29:26.920, 2, 100, 43801
2026/08/28 13:29:26.920, 3, 98, 43801
2026/08/28 13:29:27.420, 0, 100, 43817
2026/08/28 13:29:27.420, 1, 100, 43801
2026/08/28 13:29:27.420, 2, 100, 43801
2026/08/28 13:29:27.420, 3, 100, 43801
2026/08/28 13:29:27.920, 0, 100, 43817
2026/08/28 13:29:27.920, 1, 100, 43801
2026/08/28 13:29:27.920, 2, 100, 43801
2026/08/28 13:29:27.920, 3, 100, 43801
2026/08/28 13:29:28.421, 0, 100, 43817
2026/08/28 13:29:28.421, 1, 100, 43801
2026/08/28 13:29:28.421, 2, 100, 43801
2026/08/28 13:29:28.421, 3, 100, 43801
2026/08/28 13:29:28.921, 0, 100, 43817
2026/08/28 13:29:28.921, 1, 100, 43801
2026/08/28 13:29:28.921, 2, 100, 43801
2026/08/28 13:29:28.921, 3, 100, 43801
2026/08/28 13:29:29.421, 0, 100, 43817
2026/08/28 13:29:29.421, 1, 100, 43801
2026/08/28 13:29:29.421, 2, 100, 43801
2026/08/28 13:29:29.421, 3, 100, 43801
2026/08/28 13:29:29.921, 0, 100, 43817
2026/08/28 13:29:29.921, 1, 100, 43801
2026/08/28 13:29:29.921, 2, 100, 43801
2026/08/28 13:29:29.921, 3, 100, 43801
2026/08/28 13:29:30.421, 0, 100, 43817
2026/08/28 13:29:30.421, 1, 100, 43801
2026/08/28 13:29:30.421, 2, 100, 43801
2026/08/28 13:29:30.421, 3, 100, 43801
2026/08/28 13:29:30.921, 0, 100, 43817
2026/08/28 13:29:30.921, 1, 100, 43801
2026/08/28 13:29:30.921, 2, 100, 43801
2026/08/28 13:29:30.921, 3, 100, 43801
2026/08/28 13:29:31.421, 0, 88, 43817
2026/08/28 13:29:31.422, 1, 100, 43801
2026/08/28 13:29:31.422, 2, 84, 43801
2026/08/28 13:29:31.422, 3, 100, 43801
2026/08/28 13:29:31.922, 0, 100, 43817
2026/08/28 13:29:31.922, 1, 100, 43801
2026/08/28 13:29:31.922, 2, 100, 43801
2026/08/28 13:29:31.922, 3, 100, 43801
2026/08/28 13:29:32.422, 0, 100, 43817
2026/08/28 13:29:32.422, 1, 100, 43801
2026/08/28 13:29:32.422, 2, 100, 43801
2026/08/28 13:29:32.422, 3, 100, 43801
2026/08/28 13:29:32.922, 0, 100, 43817
2026/08/28 13:29:32.922, 1, 100, 43801
2026/08/28 13:29:32.922, 2, 100, 43801
2026/08/28 13:29:32.922, 3, 100, 43801
2026/08/28 13:29:33.422, 0, 100, 43817
2026/08/28 13:29:33.422, 1, 100, 43801
2026/08/28 13:29:33.422, 2, 100, 43801
2026/08/28 13:29:33.422, 3, 100, 43801
2026/08/28 13:29:33.922, 0, 100, 43817
2026/08/28 13:29:33.923, 1, 100, 43801
2026/08/28 13:29:33.923, 2, 100, 43801
2026/08/28 13:29:33.923, 3, 100, 43801
2026/08/28 13:29:34.423, 0, 100, 43817
2026/08/28 13:29:34.423, 1, 100, 43801
2026/08/28 13:29:34.423, 2, 100, 43801
2026/08/28 13:29:34.423, 3, 100, 43801
2026/08/28 13:29:34.923, 0, 100, 43817
2026/08/28 13:29:34.924, 1, 100, 43801
2026/08/28 13:29:34.924, 2, 100, 43801
2026/08/28 13:29:34.924, 3, 100, 43801
2026/08/28 13:29:35.424, 0, 100, 43817
2026/08/28 13:29:35.424, 1, 100, 43801
2026/08/28 13:29:35.424, 2, 100, 43801
2026/08/28 13:29:35.424, 3, 100, 43801
2026/08/28 13:29:35.924, 0, 75, 43817
2026/08/28 13:29:35.924, 1, 96, 43801
2026/08/28 13:29:35.924, 2, 100, 43801
2026/08/28 13:29:35.924, 3, 100, 43801
2026/08/28 13:29:36.424, 0, 100, 43817
2026/08/28 13:29:36.424, 1, 100, 43801
2026/08/28 13:29:36.424, 2, 100, 43801
2026/08/28 13:29:36.424, 3, 100, 43801
2026/08/28 13:29:36.925, 0, 100, 43817
2026/08/28 13:29:36.925, 1, 100, 43801
2026/08/28 13:29:36.925, 2, 100, 43801
2026/08/28 13:29:36.925, 3, 100, 43801
2026/08/28 13:29:37.425, 0, 100, 43817
2026/08/28 13:29:37.425, 1, 100, 43801
2026/08/28 13:29:37.425, 2, 100, 43801
2026/08/28 13:29:37.425, 3, 100, 43801
2026/08/28 13:29:37.925, 0, 100, 43817
2026/08/28 13:29:37.925, 1, 100, 43801
2026/08/28 13:29:37.925, 2, 100, 43801
2026/08/28 13:29:37.925, 3, 100, 43801
2026/08/28 13:29:38.425, 0, 100, 43817
2026/08/28 13:29:38.425, 1, 100, 43801
2026/08/28 13:29:38.425, 2, 100, 43801
2026/08/28 13:29:38.425, 3, 100, 43801
2026/08/28 13:29:38.925, 0, 100, 43817
2026/08/28 13:29:38.925, 1, 100, 43801
2026/08/28 13:29:38.925, 2, 100, 43801
2026/08/28 13:29:38.925, 3, 100, 43801
2026/08/28 13:29:39.425, 0, 100, 43817
2026/08/28 13:29:39.425, 1, 100, 43801
2026/08/28 13:29:39.425, 2, 100, 43801
2026/08/28 13:29:39.425, 3, 100, 43801
2026/08/28 13:29:39.925, 0, 100, 43817
2026/08/28 13:29:39.925, 1, 100, 43801
2026/08/28 13:29:39.925, 2, 100, 43801
2026/08/28 13:29:39.925, 3, 100, 43801
2026/08/28 13:29:40.426, 0, 100, 43817
2026/08/28 13:29:40.426, 1, 100, 43801
2026/08/28 13:29:40.426, 2, 100, 43801
2026/08/28 13:29:40.426, 3, 100, 43801
2026/08/28 13:29:40.926, 0, 100, 43817
2026/08/28 13:29:40.926, 1, 100, 43801
2026/08/28 13:29:40.926, 2, 100, 43801
2026/08/28 13:29:40.926, 3, 99, 43801
2026/08/28 13:29:41.426, 0, 100, 43817
2026/08/28 13:29:41.426, 1, 100, 43801
2026/08/28 13:29:41.426, 2, 100, 43801
2026/08/28 13:29:41.426, 3, 100, 43801
2026/08/28 13:29:41.926, 0, 100, 43817
2026/08/28 13:29:41.926, 1, 100, 43801
2026/08/28 13:29:41.926, 2, 100, 43801
2026/08/28 13:29:41.926, 3, 100, 43801
2026/08/28 13:29:42.426, 0, 100, 43817
2026/08/28 13:29:42.426, 1, 100, 43801
2026/08/28 13:29:42.426, 2, 100, 43801
2026/08/28 13:29:42.426, 3, 100, 43801
2026/08/28 13:29:42.926, 0, 100, 43817
2026/08/28 13:29:42.926, 1, 100, 43801
2026/08/28 13:29:42.926, 2, 100, 43801
2026/08/28 13:29:42.926, 3, 100, 43801
2026/08/28 13:29:43.426, 0, 100, 43817
2026/08/28 13:29:43.426, 1, 100, 43801
2026/08/28 13:29:43.426, 2, 100, 43801
2026/08/28 13:29:43.426, 3, 100, 43801
2026/08/28 13:29:43.927, 0, 100, 43817
2026/08/28 13:29:43.927, 1, 100, 43801
2026/08/28 13:29:43.927, 2, 100, 43801
2026/08/28 13:29:43.927, 3, 100, 43801
2026/08/28 13:29:44.427, 0, 100, 43817
2026/08/28 13:29:44.427, 1, 100, 43801
2026/08/28 13:29:44.427, 2, 100, 43801
2026/08/28 13:29:44.427, 3, 100, 43801
2026/08/28 13:29:44.927, 0, 100, 43817
2026/08/28 13:29:44.927, 1, 100, 43801
2026/08/28 13:29:44.927, 2, 100, 43801
2026/08/28 13:29:44.927, 3, 100, 43801
2026/08/28 13:29:45.427, 0, 0, 43817
2026/08/28 13:29:45.427, 1, 0, 43801
2026/08/28 13:29:45.427, 2, 0, 43801
2026/08/28 13:29:45.427, 3, 0, 43801
2026/08/28 13:29:45.927, 0, 0, 43817
2026/08/28 13:29:45.927, 1, 0, 43801
2026/08/28 13:29:45.927, 2, 0, 43801
2026/08/28 13:29:45.927, 3, 0, 43801
2026/08/28 13:29:46.427, 0, 0, 43817
2026/08/28 13:29:46.427, 1, 0, 43801
2026/08/28 13:29:46.427, 2, 0, 43801
2026/08/28 13:29:46.428, 3, 0, 43801
2026/08/28 13:29:46.928, 0, 0, 43817
2026/08/28 13:29:46.928, 1, 0, 43801
2026/08/28 13:29:46.928, 2, 0, 43801
2026/08/28 13:29:46.928, 3, 0, 43801
2026/08/28 13:29:47.428, 0, 83, 43817
2026/08/28 13:29:47.428, 1, 100, 43801
2026/08/28 13:29:47.428, 2, 100, 43801
2026/08/28 13:29:47.428, 3, 100, 43801
2026/08/28 13:29:47.928, 0, 100, 43817
2026/08/28 13:29:47.928, 1, 100, 43801
2026/08/28 13:29:47.928, 2, 100, 43801
2026/08/28 13:29:47.928, 3, 100, 43801
2026/08/28 13:29:48.428, 0, 100, 43817
2026/08/28 13:29:48.428, 1, 100, 43801
2026/08/28 13:29:48.428, 2, 100, 43801
2026/08/28 13:29:48.428, 3, 100, 43801
2026/08/28 13:29:48.928, 0, 100, 43817
2026/08/28 13:29:48.928, 1, 100, 43801
2026/08/28 13:29:48.928, 2, 100, 43801
2026/08/28 13:29:48.928, 3, 100, 43801
2026/08/28 13:29:49.428, 0, 100, 43817
2026/08/28 13:29:49.428, 1, 100, 43801
2026/08/28 13:29:49.429, 2, 100, 43801
2026/08/28 13:29:49.429, 3, 100, 43801
2026/08/28 13:29:49.929, 0, 100, 43817
2026/08/28 13:29:49.929, 1, 100, 43801
2026/08/28 13:29:49.929, 2, 100, 43801
2026/08/28 13:29:49.929, 3, 100, 43801
2026/08/28 13:29:50.429, 0, 100, 43817
2026/08/28 13:29:50.429, 1, 100, 43801
2026/08/28 13:29:50.429, 2, 100, 43801
2026/08/28 13:29:50.429, 3, 100, 43801
2026/08/28 13:29:50.929, 0, 100, 43817
2026/08/28 13:29:50.929, 1, 100, 43801
2026/08/28 13:29:50.929, 2, 100, 43801
2026/08/28 13:29:50.929, 3, 100, 43801
2026/08/28 13:29:51.429, 0, 100, 43817
2026/08/28 13:29:51.429, 1, 100, 43801
2026/08/28 13:29:51.429, 2, 100, 43801
2026/08/28 13:29:51.429, 3, 100, 43801
2026/08/28 13:29:51.929, 0, 78, 43817
2026/08/28 13:29:51.929, 1, 100, 43801
2026/08/28 13:29:51.929, 2, 100, 43801
2026/08/28 13:29:51.929, 3, 93, 43801
2026/08/28 13:29:52.429, 0, 100, 43817
2026/08/28 13:29:52.429, 1, 100, 43801
2026/08/28 13:29:52.430, 2, 100, 43801
2026/08/28 13:29:52.430, 3, 100, 43801
2026/08/28 13:29:52.930, 0, 100, 43817
2026/08/28 13:29:52.930, 1, 100, 43801
2026/08/28 13:29:52.930, 2, 100, 43801
2026/08/28 13:29:52.930, 3, 100, 43801
2026/08/28 13:29:53.430, 0, 100, 43817
2026/08/28 13:29:53.430, 1, 100, 43801
2026/08/28 13:29:53.430, 2, 100, 43801
2026/08/28 13:29:53.430, 3, 100, 43801
2026/08/28 13:29:53.930, 0, 100, 43817
2026/08/28 13:29:53.930, 1, 100, 43801
2026/08/28 13:29:53.930, 2, 100, 43801
2026/08/28 13:29:53.930, 3, 100, 43801
2026/08/28 13:29:54.430, 0, 100, 43817
2026/08/28 13:29:54.430, 1, 100, 43801
2026/08/28 13:29:54.430, 2, 100, 43801
2026/08/28 13:29:54.430, 3, 100, 43801
2026/08/28 13:29:54.930, 0, 100, 43817
2026/08/28 13:29:54.930, 1, 100, 43801
2026/08/28 13:29:54.930, 2, 100, 43801
2026/08/28 13:29:54.930, 3, 100, 43801
2026/08/28 13:29:55.430, 0, 100, 43817
2026/08/28 13:29:55.430, 1, 100, 43801
2026/08/28 13:29:55.430, 2, 100, 43801
2026/08/28 13:29:55.430, 3, 100, 43801
2026/08/28 13:29:55.931, 0, 100, 43817
2026/08/28 13:29:55.931, 1, 100, 43801
2026/08/28 13:29:55.931, 2, 100, 43801
2026/08/28 13:29:55.931, 3, 100, 43801
2026/08/28 13:29:56.431, 0, 100, 43817
2026/08/28 13:29:56.431, 1, 100, 43801
2026/08/28 13:29:56.431, 2, 85, 43801
2026/08/28 13:29:56.431, 3, 79, 43801
2026/08/28 13:29:56.931, 0, 100, 43817
2026/08/28 13:29:56.931, 1, 100, 43801
2026/08/28 13:29:56.931, 2, 100, 43801
2026/08/28 13:29:56.931, 3, 100, 43801
2026/08/28 13:29:57.431, 0, 100, 43817
2026/08/28 13:29:57.431, 1, 100, 43801
2026/08/28 13:29:57.431, 2, 100, 43801
2026/08/28 13:29:57.431, 3, 100, 43801
2026/08/28 13:29:57.931, 0, 100, 43817
2026/08/28 13:29:57.931, 1, 100, 43801
2026/08/28 13:29:57.931, 2, 100, 43801
2026/08/28 13:29:57.931, 3, 100, 43801
2026/08/28 13:29:58.431, 0, 100, 43817
2026/08/28 13:29:58.431, 1, 100, 43801
2026/08/28 13:29:58.431, 2, 100, 43801
2026/08/28 13:29:58.431, 3, 100, 43801
2026/08/28 13:29:58.931, 0, 100, 43817
2026/08/28 13:29:58.932, 1, 100, 43801
2026/08/28 13:29:58.932, 2, 100, 43801
2026/08/28 13:29:58.932, 3, 100, 43801
2026/08/28 13:29:59.432, 0, 100, 43817
2026/08/28 13:29:59.432, 1, 100, 43801
2026/08/28 13:29:59.432, 2, 100, 43801
2026/08/28 13:29:59.432, 3, 100, 43801
2026/08/28 13:29:59.932, 0, 100, 43817
2026/08/28 13:29:59.932, 1, 100, 43801
2026/08/28 13:29:59.932, 2, 100, 43801
2026/08/28 13:29:59.932, 3, 100, 43801
2026/08/28 13:30:00.432, 0, 100, 43817
2026/08/28 13:30:00.432, 1, 100, 43801
2026/08/28 13:30:00.432, 2, 100, 43801
2026/08/28 13:30:00.432, 3, 100, 43801
2026/08/28 13:30:00.932, 0, 100, 43817
2026/08/28 13:30:00.932, 1, 100, 43801
2026/08/28 13:30:00.932, 2, 81, 43801
2026/08/28 13:30:00.932, 3, 100, 43801
2026/08/28 13:30:01.432, 0, 99, 43817
2026/08/28 13:30:01.432, 1, 100, 43801
2026/08/28 13:30:01.432, 2, 100, 43801
2026/08/28 13:30:01.432, 3, 100, 43801
2026/08/28 13:30:01.932, 0, 100, 43817
2026/08/28 13:30:01.933, 1, 100, 43801
2026/08/28 13:30:01.933, 2, 100, 43801
2026/08/28 13:30:01.933, 3, 100, 43801
2026/08/28 13:30:02.433, 0, 100, 43817
2026/08/28 13:30:02.433, 1, 100, 43801
2026/08/28 13:30:02.433, 2, 100, 43801
2026/08/28 13:30:02.433, 3, 100, 43801
2026/08/28 13:30:02.933, 0, 100, 43817
2026/08/28 13:30:02.933, 1, 100, 43801
2026/08/28 13:30:02.933, 2, 100, 43801
2026/08/28 13:30:02.933, 3, 100, 43801
2026/08/28 13:30:03.433, 0, 100, 43817
2026/08/28 13:30:03.433, 1, 100, 43801
2026/08/28 13:30:03.433, 2, 100, 43801
2026/08/28 13:30:03.433, 3, 100, 43801
2026/08/28 13:30:03.933, 0, 100, 43817
2026/08/28 13:30:03.933, 1, 100, 43801
2026/08/28 13:30:03.933, 2, 100, 43801
2026/08/28 13:30:03.933, 3, 100, 43801
2026/08/28 13:30:04.433, 0, 100, 43817
2026/08/28 13:30:04.433, 1, 100, 43801
2026/08/28 13:30:04.433, 2, 100, 43801
2026/08/28 13:30:04.433, 3, 100, 43801
2026/08/28 13:30:04.933, 0, 100, 43817
2026/08/28 13:30:04.933, 1, 100, 43801
2026/08/28 13:30:04.933, 2, 100, 43801
2026/08/28 13:30:04.933, 3, 100, 43801
2026/08/28 13:30:05.434, 0, 100, 43817
2026/08/28 13:30:05.434, 1, 100, 43801
2026/08/28 13:30:05.434, 2, 100, 43801
2026/08/28 13:30:05.434, 3, 100, 43801
2026/08/28 13:30:05.934, 0, 0, 43817
2026/08/28 13:30:05.934, 1, 0, 43801
2026/08/28 13:30:05.934, 2, 0, 43801
2026/08/28 13:30:05.934, 3, 0, 43801
2026/08/28 13:30:06.434, 0, 0, 43817
2026/08/28 13:30:06.434, 1, 0, 43801
2026/08/28 13:30:06.434, 2, 0, 43801
2026/08/28 13:30:06.434, 3, 0, 43801
2026/08/28 13:30:06.934, 0, 0, 43817
2026/08/28 13:30:06.934, 1, 0, 43801
2026/08/28 13:30:06.934, 2, 0, 43801
2026/08/28 13:30:06.934, 3, 0, 43801
2026/08/28 13:30:07.434, 0, 0, 43817
2026/08/28 13:30:07.434, 1, 0, 43801
2026/08/28 13:30:07.434, 2, 0, 43801
2026/08/28 13:30:07.434, 3, 0, 43801
2026/08/28 13:30:07.934, 0, 100, 43817
2026/08/28 13:30:07.934, 1, 99, 43801
2026/08/28 13:30:07.934, 2, 99, 43801
2026/08/28 13:30:07.934, 3, 100, 43801
2026/08/28 13:30:08.435, 0, 100, 43817
2026/08/28 13:30:08.435, 1, 100, 43801
2026/08/28 13:30:08.435, 2, 100, 43801
2026/08/28 13:30:08.435, 3, 100, 43801
2026/08/28 13:30:08.935, 0, 100, 43817
2026/08/28 13:30:08.935, 1, 100, 43801
2026/08/28 13:30:08.935, 2, 100, 43801
2026/08/28 13:30:08.935, 3, 100, 43801
2026/08/28 13:30:09.435, 0, 100, 43817
2026/08/28 13:30:09.435, 1, 100, 43801
2026/08/28 13:30:09.435, 2, 100, 43801
2026/08/28 13:30:09.435, 3, 100, 43801
2026/08/28 13:30:09.935, 0, 100, 43817
2026/08/28 13:30:09.935, 1, 100, 43801
2026/08/28 13:30:09.935, 2, 100, 43801
2026/08/28 13:30:09.935, 3, 100, 43801
2026/08/28 13:30:10.435, 0, 100, 43817
2026/08/28 13:30:10.435, 1, 100, 43801
2026/08/28 13:30:10.435, 2, 100, 43801
2026/08/28 13:30:10.435, 3, 100, 43801
2026/08/28 13:30:10.935, 0, 100, 43817
2026/08/28 13:30:10.935, 1, 100, 43801
2026/08/28 13:30:10.935, 2, 100, 43801
2026/08/28 13:30:10.935, 3, 100, 43801
2026/08/28 13:30:11.435, 0, 100, 43817
2026/08/28 13:30:11.436, 1, 100, 43801
2026/08/28 13:30:11.436, 2, 100, 43801
2026/08/28 13:30:11.436, 3, 100, 43801
2026/08/28 13:30:11.936, 0, 100, 43817
2026/08/28 13:30:11.936, 1, 100, 43801
2026/08/28 13:30:11.936, 2, 100, 43801
2026/08/28 13:30:11.936, 3, 100, 43801
2026/08/28 13:30:12.436, 0, 100, 43817
2026/08/28 13:30:12.436, 1, 87, 43801
2026/08/28 13:30:12.436, 2, 100, 43801
2026/08/28 13:30:12.436, 3, 100, 43801
2026/08/28 13:30:12.936, 0, 100, 43817
2026/08/28 13:30:12.936, 1, 100, 43801
2026/08/28 13:30:12.936, 2, 100, 43801
2026/08/28 13:30:12.936, 3, 100, 43801
2026/08/28 13:30:13.436, 0, 100, 43817
2026/08/28 13:30:13.436, 1, 100, 43801
2026/08/28 13:30:13.436, 2, 100, 43801
2026/08/28 13:30:13.436, 3, 100, 43801
2026/08/28 13:30:13.936, 0, 100, 43817
2026/08/28 13:30:13.936, 1, 100, 43801
2026/08/28 13:30:13.936, 2, 100, 43801
2026/08/28 13:30:13.936, 3, 100, 43801
2026/08/28 13:30:14.436, 0, 100, 43817
2026/08/28 13:30:14.437, 1, 100, 43801
2026/08/28 13:30:14.437, 2, 100, 43801
2026/08/28 13:30:14.437, 3, 100, 43801
2026/08/28 13:30:14.937, 0, 100, 43817
2026/08/28 13:30:14.937, 1, 100, 43801
2026/08/28 13:30:14.937, 2, 100, 43801
2026/08/28 13:30:14.937, 3, 100, 43801
2026/08/28 13:30:15.437, 0, 100, 43817
2026/08/28 13:30:15.437, 1, 100, 43801
2026/08/28 13:30:15.437, 2, 100, 43801
2026/08/28 13:30:15.437, 3, 100, 43801
2026/08/28 13:30:15.937, 0, 100, 43817
2026/08/28 13:30:15.937, 1, 100, 43801
2026/08/28 13:30:15.937, 2, 100, 43801
2026/08/28 13:30:15.937, 3, 100, 43801
2026/08/28 13:30:16.437, 0, 100, 43817
2026/08/28 13:30:16.437, 1, 100, 43801
2026/08/28 13:30:16.437, 2, 100, 43801
2026/08/28 13:30:16.437, 3, 100, 43801
2026/08/28 13:30:16.937, 0, 100, 43817
2026/08/28 13:30:16.937, 1, 100, 43801
2026/08/28 13:30:16.937, 2, 100, 43801
2026/08/28 13:30:16.937, 3, 100, 43801
2026/08/28 13:30:17.438, 0, 100, 43817
2026/08/28 13:30:17.438, 1, 100, 43801
2026/08/28 13:30:17.438, 2, 100, 43801
2026/08/28 13:30:17.438, 3, 100, 43801
2026/08/28 13:30:17.938, 0, 100, 43817
2026/08/28 13:30:17.938, 1, 100, 43801
2026/08/28 13:30:17.938, 2, 100, 43801
2026/08/28 13:30:17.938, 3, 100, 43801
2026/08/28 13:30:18.438, 0, 100, 43817
2026/08/28 13:30:18.438, 1, 100, 43801
2026/08/28 13:30:18.438, 2, 100, 43801
2026/08/28 13:30:18.438, 3, 100, 43801
2026/08/28 13:30:18.938, 0, 100, 43817
2026/08/28 13:30:18.938, 1, 100, 43801
2026/08/28 13:30:18.938, 2, 100, 43801
2026/08/28 13:30:18.938, 3, 100, 43801
2026/08/28 13:30:19.438, 0, 100, 43817
2026/08/28 13:30:19.438, 1, 100, 43801
2026/08/28 13:30:19.438, 2, 100, 43801
2026/08/28 13:30:19.438, 3, 100, 43801
2026/08/28 13:30:19.938, 0, 100, 43817
2026/08/28 13:30:19.938, 1, 100, 43801
2026/08/28 13:30:19.938, 2, 100, 43801
2026/08/28 13:30:19.938, 3, 100, 43801
2026/08/28 13:30:20.438, 0, 100, 43817
2026/08/28 13:30:20.439, 1, 100, 43801
2026/08/28 13:30:20.439, 2, 100, 43801
2026/08/28 13:30:20.439, 3, 100, 43801
2026/08/28 13:30:20.939, 0, 100, 43817
2026/08/28 13:30:20.939, 1, 100, 43801
2026/08/28 13:30:20.939, 2, 100, 43801
2026/08/28 13:30:20.939, 3, 100, 43801
2026/08/28 13:30:21.439, 0, 100, 43817
2026/08/28 13:30:21.439, 1, 100, 43801
2026/08/28 13:30:21.439, 2, 100, 43801
2026/08/28 13:30:21.439, 3, 100, 43801
2026/08/28 13:30:21.939, 0, 100, 43817
2026/08/28 13:30:21.939, 1, 100, 43801
2026/08/28 13:30:21.939, 2, 100, 43801
2026/08/28 13:30:21.939, 3, 100, 43801
2026/08/28 13:30:22.439, 0, 100, 43817
2026/08/28 13:30:22.439, 1, 100, 43801
2026/08/28 13:30:22.439, 2, 100, 43801
2026/08/28 13:30:22.439, 3, 100, 43801
2026/08/28 13:30:22.939, 0, 100, 43817
2026/08/28 13:30:22.939, 1, 100, 43801
2026/08/28 13:30:22.939, 2, 100, 43801
2026/08/28 13:30:22.939, 3, 100, 43801
2026/08/28 13:30:23.440, 0, 100, 43817
2026/08/28 13:30:23.440, 1, 100, 43801
2026/08/28 13:30:23.440, 2, 100, 43801
2026/08/28 13:30:23.440, 3, 100, 43801
2026/08/28 13:30:23.940, 0, 100, 43817
2026/08/28 13:30:23.940, 1, 100, 43801
2026/08/28 13:30:23.940, 2, 100, 43801
2026/08/28 13:30:23.940, 3, 100, 43801
2026/08/28 13:30:24.440, 0, 100, 43817
2026/08/28 13:30:24.440, 1, 100, 43801
2026/08/28 13:30:24.440, 2, 100, 43801
2026/08/28 13:30:24.440, 3, 100, 43801
2026/08/28 13:30:24.940, 0, 100, 43817
2026/08/28 13:30:24.940, 1, 100, 43801
2026/08/28 13:30:24.940, 2, 100, 43801
2026/08/28 13:30:24.940, 3, 100, 43801
2026/08/28 13:30:25.440, 0, 100, 43817
2026/08/28 13:30:25.440, 1, 100, 43801
2026/08/28 13:30:25.440, 2, 100, 43801
2026/08/28 13:30:25.440, 3, 100, 43801
2026/08/28 13:30:25.940, 0, 100, 43817
2026/08/28 13:30:25.940, 1, 100, 43801
2026/08/28 13:30:25.940, 2, 100, 43801
2026/08/28 13:30:25.940, 3, 100, 43801
2026/08/28 13:30:26.441, 0, 0, 43817
2026/08/28 13:30:26.441, 1, 0, 43801
2026/08/28 13:30:26.441, 2, 0, 43801
2026/08/28 13:30:26.441, 3, 0, 43801
2026/08/28 13:30:26.941, 0, 0, 43817
2026/08/28 13:30:26.941, 1, 0, 43801
2026/08/28 13:30:26.941, 2, 0, 43801
2026/08/28 13:30:26.941, 3, 0, 43801
2026/08/28 13:30:27.441, 0, 0, 43817
2026/08/28 13:30:27.441, 1, 0, 43801
2026/08/28 13:30:27.441, 2, 0, 43801
2026/08/28 13:30:27.441, 3, 0, 43801
2026/08/28 13:30:27.941, 0, 0, 43817
2026/08/28 13:30:27.941, 1, 0, 43801
2026/08/28 13:30:27.941, 2, 0, 43801
2026/08/28 13:30:27.941, 3, 0, 43801
2026/08/28 13:30:28.441, 0, 100, 43817
2026/08/28 13:30:28.441, 1, 100, 43801
2026/08/28 13:30:28.441, 2, 100, 43801
2026/08/28 13:30:28.441, 3, 100, 43801
2026/08/28 13:30:28.941, 0, 100, 43817
2026/08/28 13:30:28.942, 1, 100, 43801
2026/08/28 13:30:28.942, 2, 100, 43801
2026/08/28 13:30:28.942, 3, 100, 43801
2026/08/28 13:30:29.442, 0, 100, 43817
2026/08/28 13:30:29.442, 1, 100, 43801
2026/08/28 13:30:29.442, 2, 100, 43801
2026/08/28 13:30:29.442, 3, 100, 43801
2026/08/28 13:30:29.942, 0, 100, 43817
2026/08/28 13:30:29.942, 1, 100, 43801
2026/08/28 13:30:29.942, 2, 100, 43801
2026/08/28 13:30:29.942, 3, 100, 43801
2026/08/28 13:30:30.442, 0, 100, 43817
2026/08/28 13:30:30.442, 1, 100, 43801
2026/08/28 13:30:30.442, 2, 100, 43801
2026/08/28 13:30:30.442, 3, 100, 43801
2026/08/28 13:30:30.942, 0, 100, 43817
2026/08/28 13:30:30.942, 1, 100, 43801
2026/08/28 13:30:30.942, 2, 100, 43801
2026/08/28 13:30:30.942, 3, 100, 43801
2026/08/28 13:30:31.442, 0, 100, 43817
2026/08/28 13:30:31.442, 1, 100, 43801
2026/08/28 13:30:31.442, 2, 100, 43801
2026/08/28 13:30:31.442, 3, 100, 43801
2026/08/28 13:30:31.942, 0, 100, 43817
2026/08/28 13:30:31.942, 1, 100, 43801
2026/08/28 13:30:31.942, 2, 100, 43801
2026/08/28 13:30:31.943, 3, 100, 43801
2026/08/28 13:30:32.443, 0, 100, 43817
2026/08/28 13:30:32.443, 1, 100, 43801
2026/08/28 13:30:32.443, 2, 100, 43801
2026/08/28 13:30:32.443, 3, 100, 43801
2026/08/28 13:30:32.943, 0, 100, 43817
2026/08/28 13:30:32.943, 1, 100, 43801
2026/08/28 13:30:32.943, 2, 100, 43801
2026/08/28 13:30:32.943, 3, 73, 43801
2026/08/28 13:30:33.443, 0, 100, 43817
2026/08/28 13:30:33.443, 1, 100, 43801
2026/08/28 13:30:33.443, 2, 100, 43801
2026/08/28 13:30:33.443, 3, 100, 43801
2026/08/28 13:30:33.943, 0, 100, 43817
2026/08/28 13:30:33.943, 1, 100, 43801
2026/08/28 13:30:33.943, 2, 100, 43801
2026/08/28 13:30:33.943, 3, 100, 43801
2026/08/28 13:30:34.443, 0, 100, 43817
2026/08/28 13:30:34.443, 1, 100, 43801
2026/08/28 13:30:34.443, 2, 100, 43801
2026/08/28 13:30:34.443, 3, 100, 43801
2026/08/28 13:30:34.943, 0, 100, 43817
2026/08/28 13:30:34.943, 1, 100, 43801
2026/08/28 13:30:34.943, 2, 100, 43801
2026/08/28 13:30:34.943, 3, 100, 43801
2026/08/28 13:30:35.443, 0, 100, 43817
2026/08/28 13:30:35.443, 1, 100, 43801
2026/08/28 13:30:35.443, 2, 100, 43801
2026/08/28 13:30:35.443, 3, 100, 43801
2026/08/28 13:30:35.944, 0, 100, 43817
2026/08/28 13:30:35.944, 1, 100, 43801
2026/08/28 13:30:35.944, 2, 100, 43801
2026/08/28 13:30:35.944, 3, 100, 43801
2026/08/28 13:30:36.444, 0, 100, 43817
2026/08/28 13:30:36.444, 1, 100, 43801
2026/08/28 13:30:36.444, 2, 100, 43801
2026/08/28 13:30:36.444, 3, 100, 43801
2026/08/28 13:30:36.944, 0, 100, 43817
2026/08/28 13:30:36.944, 1, 100, 43801
2026/08/28 13:30:36.944, 2, 100, 43801
2026/08/28 13:30:36.944, 3, 100, 43801
2026/08/28 13:30:37.444, 0, 79, 43817
2026/08/28 13:30:37.444, 1, 83, 43801
2026/08/28 13:30:37.444, 2, 80, 43801
2026/08/28 13:30:37.444, 3, 78, 43801
2026/08/28 13:30:37.944, 0, 100, 43817
2026/08/28 13:30:37.944, 1, 100, 43801
2026/08/28 13:30:37.944, 2, 100, 43801
2026/08/28 13:30:37.944, 3, 100, 43801
2026/08/28 13:30:38.444, 0, 100, 43817
2026/08/28 13:30:38.444, 1, 100, 43801
2026/08/28 13:30:38.444, 2, 100, 43801
2026/08/28 13:30:38.444, 3, 100, 43801
2026/08/28 13:30:38.944, 0, 100, 43817
2026/08/28 13:30:38.944, 1, 100, 43801
2026/08/28 13:30:38.944, 2, 100, 43801
2026/08/28 13:30:38.944, 3, 100, 43801
2026/08/28 13:30:39.444, 0, 100, 43817
2026/08/28 13:30:39.445, 1, 100, 43801
2026/08/28 13:30:39.445, 2, 100, 43801
2026/08/28 13:30:39.445, 3, 100, 43801
2026/08/28 13:30:39.945, 0, 100, 43817
2026/08/28 13:30:39.945, 1, 100, 43801
2026/08/28 13:30:39.945, 2, 100, 43801
2026/08/28 13:30:39.945, 3, 100, 43801
2026/08/28 13:30:40.445, 0, 100, 43817
2026/08/28 13:30:40.445, 1, 100, 43801
2026/08/28 13:30:40.445, 2, 100, 43801
2026/08/28 13:30:40.445, 3, 100, 43801
2026/08/28 13:30:40.945, 0, 100, 43817
2026/08/28 13:30:40.945, 1, 100, 43801
2026/08/28 13:30:40.945, 2, 100, 43801
2026/08/28 13:30:40.945, 3, 100, 43801
2026/08/28 13:30:41.445, 0, 100, 43817
2026/08/28 13:30:41.445, 1, 100, 43801
2026/08/28 13:30:41.445, 2, 100, 43801
2026/08/28 13:30:41.445, 3, 100, 43801
2026/08/28 13:30:41.945, 0, 81, 43817
2026/08/28 13:30:41.945, 1, 79, 43801
2026/08/28 13:30:41.945, 2, 80, 43801
2026/08/28 13:30:41.945, 3, 100, 43801
2026/08/28 13:30:42.445, 0, 100, 43817
2026/08/28 13:30:42.445, 1, 100, 43801
2026/08/28 13:30:42.445, 2, 100, 43801
2026/08/28 13:30:42.445, 3, 100, 43801
2026/08/28 13:30:42.945, 0, 100, 43817
2026/08/28 13:30:42.945, 1, 100, 43801
2026/08/28 13:30:42.945, 2, 100, 43801
2026/08/28 13:30:42.945, 3, 100, 43801
2026/08/28 13:30:43.446, 0, 100, 43817
2026/08/28 13:30:43.446, 1, 100, 43801
2026/08/28 13:30:43.446, 2, 100, 43801
2026/08/28 13:30:43.446, 3, 100, 43801
2026/08/28 13:30:43.946, 0, 100, 43817
2026/08/28 13:30:43.946, 1, 100, 43801
2026/08/28 13:30:43.946, 2, 100, 43801
2026/08/28 13:30:43.946, 3, 100, 43801
2026/08/28 13:30:44.446, 0, 100, 43817
2026/08/28 13:30:44.446, 1, 100, 43801
2026/08/28 13:30:44.446, 2, 100, 43801
2026/08/28 13:30:44.446, 3, 100, 43801
2026/08/28 13:30:44.946, 0, 100, 43817
2026/08/28 13:30:44.946, 1, 100, 43801
2026/08/28 13:30:44.946, 2, 100, 43801
2026/08/28 13:30:44.946, 3, 100, 43801
2026/08/28 13:30:45.446, 0, 100, 43817
2026/08/28 13:30:45.446, 1, 100, 43801
2026/08/28 13:30:45.446, 2, 100, 43801
2026/08/28 13:30:45.446, 3, 100, 43801
2026/08/28 13:30:45.946, 0, 100, 43817
2026/08/28 13:30:45.946, 1, 100, 43801
2026/08/28 13:30:45.946, 2, 100, 43801
2026/08/28 13:30:45.946, 3, 100, 43801
2026/08/28 13:30:46.446, 0, 100, 43817
2026/08/28 13:30:46.446, 1, 100, 43801
2026/08/28 13:30:46.446, 2, 100, 43801
2026/08/28 13:30:46.446, 3, 100, 43801
2026/08/28 13:30:46.946, 0, 0, 43817
2026/08/28 13:30:46.947, 1, 0, 43801
2026/08/28 13:30:46.947, 2, 0, 43801
2026/08/28 13:30:46.947, 3, 0, 43801
2026/08/28 13:30:47.447, 0, 0, 43817
2026/08/28 13:30:47.447, 1, 0, 43801
2026/08/28 13:30:47.447, 2, 0, 43801
2026/08/28 13:30:47.447, 3, 0, 43801
2026/08/28 13:30:47.947, 0, 0, 43817
2026/08/28 13:30:47.947, 1, 0, 43801
2026/08/28 13:30:47.947, 2, 0, 43801
2026/08/28 13:30:47.947, 3, 0, 43801
2026/08/28 13:30:48.447, 0, 0, 43817
2026/08/28 13:30:48.447, 1, 0, 43801
2026/08/28 13:30:48.447, 2, 0, 43801
2026/08/28 13:30:48.447, 3, 0, 43801
2026/08/28 13:30:48.947, 0, 100, 43817
2026/08/28 13:30:48.947, 1, 100, 43801
2026/08/28 13:30:48.947, 2, 100, 43801
2026/08/28 13:30:48.947, 3, 100, 43801
2026/08/28 13:30:49.447, 0, 100, 43817
2026/08/28 13:30:49.447, 1, 100, 43801
2026/08/28 13:30:49.447, 2, 100, 43801
2026/08/28 13:30:49.447, 3, 100, 43801
2026/08/28 13:30:49.947, 0, 100, 43817
2026/08/28 13:30:49.948, 1, 100, 43801
2026/08/28 13:30:49.948, 2, 100, 43801
2026/08/28 13:30:49.948, 3, 100, 43801
2026/08/28 13:30:50.448, 0, 100, 43817
2026/08/28 13:30:50.448, 1, 100, 43801
2026/08/28 13:30:50.448, 2, 100, 43801
2026/08/28 13:30:50.448, 3, 100, 43801
2026/08/28 13:30:50.948, 0, 100, 43817
2026/08/28 13:30:50.948, 1, 100, 43801
2026/08/28 13:30:50.948, 2, 100, 43801
2026/08/28 13:30:50.948, 3, 100, 43801
2026/08/28 13:30:51.448, 0, 100, 43817
2026/08/28 13:30:51.448, 1, 100, 43801
2026/08/28 13:30:51.448, 2, 100, 43801
2026/08/28 13:30:51.448, 3, 100, 43801
2026/08/28 13:30:51.948, 0, 100, 43817
2026/08/28 13:30:51.948, 1, 100, 43801
2026/08/28 13:30:51.948, 2, 100, 43801
2026/08/28 13:30:51.948, 3, 100, 43801
2026/08/28 13:30:52.448, 0, 100, 43817
2026/08/28 13:30:52.448, 1, 100, 43801
2026/08/28 13:30:52.448, 2, 100, 43801
2026/08/28 13:30:52.448, 3, 100, 43801
2026/08/28 13:30:52.948, 0, 100, 43817
2026/08/28 13:30:52.948, 1, 100, 43801
2026/08/28 13:30:52.948, 2, 100, 43801
2026/08/28 13:30:52.948, 3, 100, 43801
2026/08/28 13:30:53.448, 0, 100, 43817
2026/08/28 13:30:53.448, 1, 100, 43801
2026/08/28 13:30:53.448, 2, 100, 43801
2026/08/28 13:30:53.448, 3, 100, 43801
2026/08/28 13:30:53.949, 0, 100, 43817
2026/08/28 13:30:53.949, 1, 100, 43801
2026/08/28 13:30:53.949, 2, 100, 43801
2026/08/28 13:30:53.949, 3, 100, 43801
2026/08/28 13:30:54.449, 0, 100, 43817
2026/08/28 13:30:54.449, 1, 100, 43801
2026/08/28 13:30:54.449, 2, 100, 43801
2026/08/28 13:30:54.449, 3, 100, 43801
2026/08/28 13:30:54.949, 0, 100, 43817
2026/08/28 13:30:54.949, 1, 100, 43801
2026/08/28 13:30:54.949, 2, 100, 43801
2026/08/28 13:30:54.949, 3, 100, 43801
2026/08/28 13:30:55.449, 0, 100, 43817
2026/08/28 13:30:55.449, 1, 100, 43801
2026/08/28 13:30:55.449, 2, 100, 43801
2026/08/28 13:30:55.449, 3, 100, 43801
2026/08/28 13:30:55.949, 0, 100, 43817
2026/08/28 13:30:55.949, 1, 100, 43801
2026/08/28 13:30:55.949, 2, 100, 43801
2026/08/28 13:30:55.949, 3, 100, 43801
2026/08/28 13:30:56.449, 0, 100, 43817
2026/08/28 13:30:56.449, 1, 100, 43801
2026/08/28 13:30:56.449, 2, 100, 43801
2026/08/28 13:30:56.449, 3, 100, 43801
2026/08/28 13:30:56.949, 0, 100, 43817
2026/08/28 13:30:56.949, 1, 100, 43801
2026/08/28 13:30:56.949, 2, 100, 43801
2026/08/28 13:30:56.949, 3, 100, 43801
2026/08/28 13:30:57.449, 0, 100, 43817
2026/08/28 13:30:57.449, 1, 100, 43801
2026/08/28 13:30:57.449, 2, 100, 43801
2026/08/28 13:30:57.449, 3, 100, 43801
2026/08/28 13:30:57.950, 0, 100, 43817
2026/08/28 13:30:57.950, 1, 100, 43801
2026/08/28 13:30:57.950, 2, 100, 43801
2026/08/28 13:30:57.950, 3, 72, 43801
2026/08/28 13:30:58.450, 0, 100, 43817
2026/08/28 13:30:58.450, 1, 100, 43801
2026/08/28 13:30:58.450, 2, 100, 43801
2026/08/28 13:30:58.450, 3, 100, 43801
2026/08/28 13:30:58.950, 0, 100, 43817
2026/08/28 13:30:58.950, 1, 100, 43801
2026/08/28 13:30:58.950, 2, 100, 43801
2026/08/28 13:30:58.950, 3, 100, 43801
2026/08/28 13:30:59.450, 0, 100, 43817
2026/08/28 13:30:59.450, 1, 100, 43801
2026/08/28 13:30:59.450, 2, 100, 43801
2026/08/28 13:30:59.450, 3, 100, 43801
2026/08/28 13:30:59.950, 0, 100, 43817
2026/08/28 13:30:59.950, 1, 100, 43801
2026/08/28 13:30:59.950, 2, 100, 43801
2026/08/28 13:30:59.950, 3, 100, 43801
2026/08/28 13:31:00.450, 0, 100, 43817
2026/08/28 13:31:00.450, 1, 100, 43801
2026/08/28 13:31:00.450, 2, 100, 43801
2026/08/28 13:31:00.450, 3, 100, 43801
2026/08/28 13:31:00.950, 0, 100, 43817
2026/08/28 13:31:00.950, 1, 100, 43801
2026/08/28 13:31:00.950, 2, 100, 43801
2026/08/28 13:31:00.950, 3, 100, 43801
2026/08/28 13:31:01.451, 0, 100, 43817
2026/08/28 13:31:01.451, 1, 100, 43801
2026/08/28 13:31:01.451, 2, 100, 43801
2026/08/28 13:31:01.451, 3, 100, 43801
2026/08/28 13:31:01.951, 0, 100, 43817
2026/08/28 13:31:01.951, 1, 100, 43801
2026/08/28 13:31:01.951, 2, 100, 43801
2026/08/28 13:31:01.951, 3, 100, 43801
2026/08/28 13:31:02.451, 0, 78, 43817
2026/08/28 13:31:02.451, 1, 90, 43801
2026/08/28 13:31:02.451, 2, 80, 43801
2026/08/28 13:31:02.451, 3, 77, 43801
2026/08/28 13:31:02.951, 0, 100, 43817
2026/08/28 13:31:02.951, 1, 100, 43801
2026/08/28 13:31:02.951, 2, 100, 43801
2026/08/28 13:31:02.951, 3, 100, 43801
2026/08/28 13:31:03.451, 0, 100, 43817
2026/08/28 13:31:03.451, 1, 100, 43801
2026/08/28 13:31:03.451, 2, 100, 43801
2026/08/28 13:31:03.451, 3, 100, 43801
2026/08/28 13:31:03.951, 0, 100, 43817
2026/08/28 13:31:03.951, 1, 100, 43801
2026/08/28 13:31:03.951, 2, 100, 43801
2026/08/28 13:31:03.951, 3, 100, 43801
2026/08/28 13:31:04.451, 0, 100, 43817
2026/08/28 13:31:04.451, 1, 100, 43801
2026/08/28 13:31:04.452, 2, 100, 43801
2026/08/28 13:31:04.452, 3, 100, 43801
2026/08/28 13:31:04.952, 0, 100, 43817
2026/08/28 13:31:04.952, 1, 100, 43801
2026/08/28 13:31:04.952, 2, 100, 43801
2026/08/28 13:31:04.952, 3, 100, 43801
2026/08/28 13:31:05.452, 0, 100, 43817
2026/08/28 13:31:05.452, 1, 100, 43801
2026/08/28 13:31:05.452, 2, 100, 43801
2026/08/28 13:31:05.452, 3, 100, 43801
2026/08/28 13:31:05.952, 0, 100, 43817
2026/08/28 13:31:05.952, 1, 100, 43801
2026/08/28 13:31:05.952, 2, 100, 43801
2026/08/28 13:31:05.952, 3, 100, 43801
2026/08/28 13:31:06.452, 0, 100, 43817
2026/08/28 13:31:06.452, 1, 100, 43801
2026/08/28 13:31:06.452, 2, 100, 43801
2026/08/28 13:31:06.452, 3, 100, 43801
2026/08/28 13:31:06.952, 0, 45, 43817
2026/08/28 13:31:06.952, 1, 75, 43801
2026/08/28 13:31:06.952, 2, 40, 43801
2026/08/28 13:31:06.952, 3, 100, 43801
2026/08/28 13:31:07.452, 0, 0, 43817
2026/08/28 13:31:07.452, 1, 0, 43801
2026/08/28 13:31:07.452, 2, 0, 43801
2026/08/28 13:31:07.452, 3, 0, 43801
2026/08/28 13:31:07.953, 0, 0, 43817
2026/08/28 13:31:07.953, 1, 0, 43801
2026/08/28 13:31:07.953, 2, 0, 43801
2026/08/28 13:31:07.953, 3, 0, 43801
2026/08/28 13:31:08.453, 0, 0, 43817
2026/08/28 13:31:08.453, 1, 0, 43801
2026/08/28 13:31:08.453, 2, 0, 43801
2026/08/28 13:31:08.453, 3, 0, 43801
2026/08/28 13:31:08.953, 0, 0, 43817
2026/08/28 13:31:08.953, 1, 0, 43801
2026/08/28 13:31:08.953, 2, 0, 43801
2026/08/28 13:31:08.953, 3, 0, 43801
2026/08/28 13:31:09.453, 0, 99, 43817
2026/08/28 13:31:09.453, 1, 99, 43801
2026/08/28 13:31:09.453, 2, 99, 43801
2026/08/28 13:31:09.453, 3, 99, 43801
2026/08/28 13:31:09.953, 0, 100, 43817
2026/08/28 13:31:09.953, 1, 100, 43801
2026/08/28 13:31:09.953, 2, 100, 43801
2026/08/28 13:31:09.953, 3, 100, 43801
2026/08/28 13:31:10.453, 0, 100, 43817
2026/08/28 13:31:10.453, 1, 100, 43801
2026/08/28 13:31:10.453, 2, 100, 43801
2026/08/28 13:31:10.453, 3, 100, 43801
2026/08/28 13:31:10.954, 0, 100, 43817
2026/08/28 13:31:10.954, 1, 100, 43801
2026/08/28 13:31:10.954, 2, 100, 43801
2026/08/28 13:31:10.954, 3, 100, 43801
2026/08/28 13:31:11.454, 0, 100, 43817
2026/08/28 13:31:11.454, 1, 100, 43801
2026/08/28 13:31:11.454, 2, 100, 43801
2026/08/28 13:31:11.454, 3, 100, 43801
2026/08/28 13:31:11.954, 0, 100, 43817
2026/08/28 13:31:11.954, 1, 100, 43801
2026/08/28 13:31:11.954, 2, 100, 43801
2026/08/28 13:31:11.954, 3, 100, 43801
2026/08/28 13:31:12.454, 0, 100, 43817
2026/08/28 13:31:12.454, 1, 100, 43801
2026/08/28 13:31:12.454, 2, 100, 43801
2026/08/28 13:31:12.454, 3, 100, 43801
2026/08/28 13:31:12.954, 0, 100, 43817
2026/08/28 13:31:12.954, 1, 100, 43801
2026/08/28 13:31:12.954, 2, 100, 43801
2026/08/28 13:31:12.954, 3, 100, 43801
2026/08/28 13:31:13.454, 0, 100, 43817
2026/08/28 13:31:13.454, 1, 100, 43801
2026/08/28 13:31:13.454, 2, 100, 43801
2026/08/28 13:31:13.454, 3, 100, 43801
2026/08/28 13:31:13.954, 0, 99, 43817
2026/08/28 13:31:13.954, 1, 99, 43801
2026/08/28 13:31:13.954, 2, 99, 43801
2026/08/28 13:31:13.954, 3, 100, 43801
2026/08/28 13:31:14.455, 0, 100, 43817
2026/08/28 13:31:14.455, 1, 100, 43801
2026/08/28 13:31:14.455, 2, 100, 43801
2026/08/28 13:31:14.455, 3, 100, 43801
2026/08/28 13:31:14.955, 0, 100, 43817
2026/08/28 13:31:14.955, 1, 100, 43801
2026/08/28 13:31:14.955, 2, 100, 43801
2026/08/28 13:31:14.955, 3, 100, 43801
2026/08/28 13:31:15.455, 0, 100, 43817
2026/08/28 13:31:15.455, 1, 100, 43801
2026/08/28 13:31:15.455, 2, 100, 43801
2026/08/28 13:31:15.455, 3, 100, 43801
2026/08/28 13:31:15.955, 0, 100, 43817
2026/08/28 13:31:15.955, 1, 100, 43801
2026/08/28 13:31:15.955, 2, 100, 43801
2026/08/28 13:31:15.955, 3, 100, 43801
2026/08/28 13:31:16.455, 0, 100, 43817
2026/08/28 13:31:16.455, 1, 100, 43801
2026/08/28 13:31:16.455, 2, 100, 43801
2026/08/28 13:31:16.455, 3, 100, 43801
2026/08/28 13:31:16.955, 0, 100, 43817
2026/08/28 13:31:16.955, 1, 100, 43801
2026/08/28 13:31:16.955, 2, 100, 43801
2026/08/28 13:31:16.955, 3, 100, 43801
2026/08/28 13:31:17.456, 0, 100, 43817
2026/08/28 13:31:17.456, 1, 100, 43801
2026/08/28 13:31:17.456, 2, 100, 43801
2026/08/28 13:31:17.456, 3, 100, 43801
2026/08/28 13:31:17.956, 0, 100, 43817
2026/08/28 13:31:17.956, 1, 100, 43801
2026/08/28 13:31:17.956, 2, 100, 43801
2026/08/28 13:31:17.956, 3, 100, 43801
2026/08/28 13:31:18.456, 0, 100, 43817
2026/08/28 13:31:18.456, 1, 100, 43801
2026/08/28 13:31:18.456, 2, 100, 43801
2026/08/28 13:31:18.456, 3, 99, 43801
2026/08/28 13:31:18.956, 0, 100, 43817
2026/08/28 13:31:18.956, 1, 100, 43801
2026/08/28 13:31:18.956, 2, 100, 43801
2026/08/28 13:31:18.956, 3, 100, 43801
2026/08/28 13:31:19.456, 0, 100, 43817
2026/08/28 13:31:19.456, 1, 100, 43801
2026/08/28 13:31:19.456, 2, 100, 43801
2026/08/28 13:31:19.456, 3, 100, 43801
2026/08/28 13:31:19.956, 0, 100, 43817
2026/08/28 13:31:19.956, 1, 100, 43801
2026/08/28 13:31:19.956, 2, 100, 43801
2026/08/28 13:31:19.956, 3, 100, 43801
2026/08/28 13:31:20.457, 0, 100, 43817
2026/08/28 13:31:20.457, 1, 100, 43801
2026/08/28 13:31:20.457, 2, 100, 43801
2026/08/28 13:31:20.457, 3, 100, 43801
2026/08/28 13:31:20.957, 0, 100, 43817
2026/08/28 13:31:20.957, 1, 100, 43801
2026/08/28 13:31:20.957, 2, 100, 43801
2026/08/28 13:31:20.957, 3, 100, 43801
2026/08/28 13:31:21.457, 0, 100, 43817
2026/08/28 13:31:21.457, 1, 100, 43801
2026/08/28 13:31:21.457, 2, 100, 43801
2026/08/28 13:31:21.457, 3, 100, 43801
2026/08/28 13:31:21.957, 0, 100, 43817
2026/08/28 13:31:21.957, 1, 100, 43801
2026/08/28 13:31:21.957, 2, 100, 43801
2026/08/28 13:31:21.957, 3, 100, 43801
2026/08/28 13:31:22.457, 0, 100, 43817
2026/08/28 13:31:22.457, 1, 100, 43801
2026/08/28 13:31:22.457, 2, 100, 43801
2026/08/28 13:31:22.457, 3, 100, 43801
2026/08/28 13:31:22.958, 0, 100, 43817
2026/08/28 13:31:22.958, 1, 100, 43801
2026/08/28 13:31:22.958, 2, 100, 43801
2026/08/28 13:31:22.958, 3, 91, 43801
2026/08/28 13:31:23.458, 0, 100, 43817
2026/08/28 13:31:23.458, 1, 100, 43801
2026/08/28 13:31:23.458, 2, 100, 43801
2026/08/28 13:31:23.458, 3, 100, 43801
2026/08/28 13:31:23.958, 0, 100, 43817
2026/08/28 13:31:23.958, 1, 100, 43801
2026/08/28 13:31:23.958, 2, 100, 43801
2026/08/28 13:31:23.958, 3, 100, 43801
2026/08/28 13:31:24.458, 0, 100, 43817
2026/08/28 13:31:24.458, 1, 100, 43801
2026/08/28 13:31:24.458, 2, 100, 43801
2026/08/28 13:31:24.458, 3, 100, 43801
2026/08/28 13:31:24.958, 0, 100, 43817
2026/08/28 13:31:24.958, 1, 100, 43801
2026/08/28 13:31:24.958, 2, 100, 43801
2026/08/28 13:31:24.958, 3, 100, 43801
2026/08/28 13:31:25.458, 0, 100, 43817
2026/08/28 13:31:25.459, 1, 100, 43801
2026/08/28 13:31:25.459, 2, 100, 43801
2026/08/28 13:31:25.459, 3, 100, 43801
2026/08/28 13:31:25.959, 0, 100, 43817
2026/08/28 13:31:25.959, 1, 100, 43801
2026/08/28 13:31:25.959, 2, 100, 43801
2026/08/28 13:31:25.959, 3, 100, 43801
2026/08/28 13:31:26.459, 0, 100, 43817
2026/08/28 13:31:26.459, 1, 100, 43801
2026/08/28 13:31:26.459, 2, 100, 43801
2026/08/28 13:31:26.459, 3, 100, 43801
2026/08/28 13:31:26.959, 0, 100, 43817
2026/08/28 13:31:26.959, 1, 100, 43801
2026/08/28 13:31:26.959, 2, 100, 43801
2026/08/28 13:31:26.959, 3, 100, 43801
2026/08/28 13:31:27.459, 0, 90, 43817
2026/08/28 13:31:27.459, 1, 100, 43801
2026/08/28 13:31:27.459, 2, 85, 43801
2026/08/28 13:31:27.459, 3, 0, 43801
2026/08/28 13:31:27.959, 0, 0, 43817
2026/08/28 13:31:27.959, 1, 0, 43801
2026/08/28 13:31:27.959, 2, 0, 43801
2026/08/28 13:31:27.960, 3, 0, 43801
2026/08/28 13:31:28.460, 0, 0, 43817
2026/08/28 13:31:28.460, 1, 0, 43801
2026/08/28 13:31:28.460, 2, 0, 43801
2026/08/28 13:31:28.460, 3, 0, 43801
2026/08/28 13:31:28.960, 0, 0, 43817
2026/08/28 13:31:28.960, 1, 0, 43801
2026/08/28 13:31:28.960, 2, 0, 43801
2026/08/28 13:31:28.960, 3, 0, 43801
2026/08/28 13:31:29.460, 0, 0, 43817
2026/08/28 13:31:29.460, 1, 0, 43801
2026/08/28 13:31:29.460, 2, 0, 43801
2026/08/28 13:31:29.460, 3, 0, 43801
2026/08/28 13:31:29.960, 0, 100, 43817
2026/08/28 13:31:29.960, 1, 100, 43801
2026/08/28 13:31:29.960, 2, 100, 43801
2026/08/28 13:31:29.960, 3, 99, 43801
2026/08/28 13:31:30.460, 0, 100, 43817
2026/08/28 13:31:30.460, 1, 100, 43801
2026/08/28 13:31:30.460, 2, 100, 43801
2026/08/28 13:31:30.461, 3, 100, 43801
2026/08/28 13:31:30.961, 0, 100, 43817
2026/08/28 13:31:30.961, 1, 100, 43801
2026/08/28 13:31:30.961, 2, 100, 43801
2026/08/28 13:31:30.961, 3, 100, 43801
2026/08/28 13:31:31.461, 0, 100, 43817
2026/08/28 13:31:31.461, 1, 100, 43801
2026/08/28 13:31:31.461, 2, 100, 43801
2026/08/28 13:31:31.461, 3, 100, 43801
2026/08/28 13:31:31.961, 0, 100, 43817
2026/08/28 13:31:31.961, 1, 100, 43801
2026/08/28 13:31:31.961, 2, 100, 43801
2026/08/28 13:31:31.961, 3, 100, 43801
2026/08/28 13:31:32.461, 0, 100, 43817
2026/08/28 13:31:32.461, 1, 100, 43801
2026/08/28 13:31:32.461, 2, 100, 43801
2026/08/28 13:31:32.461, 3, 100, 43801
2026/08/28 13:31:32.961, 0, 100, 43817
2026/08/28 13:31:32.961, 1, 100, 43801
2026/08/28 13:31:32.961, 2, 100, 43801
2026/08/28 13:31:32.961, 3, 100, 43801
2026/08/28 13:31:33.461, 0, 100, 43817
2026/08/28 13:31:33.461, 1, 100, 43801
2026/08/28 13:31:33.461, 2, 100, 43801
2026/08/28 13:31:33.461, 3, 100, 43801
2026/08/28 13:31:33.962, 0, 100, 43817
2026/08/28 13:31:33.962, 1, 100, 43801
2026/08/28 13:31:33.962, 2, 100, 43801
2026/08/28 13:31:33.962, 3, 100, 43801
2026/08/28 13:31:34.462, 0, 100, 43817
2026/08/28 13:31:34.462, 1, 100, 43801
2026/08/28 13:31:34.462, 2, 100, 43801
2026/08/28 13:31:34.462, 3, 100, 43801
2026/08/28 13:31:34.962, 0, 100, 43817
2026/08/28 13:31:34.962, 1, 100, 43801
2026/08/28 13:31:34.962, 2, 100, 43801
2026/08/28 13:31:34.962, 3, 100, 43801
2026/08/28 13:31:35.462, 0, 100, 43817
2026/08/28 13:31:35.462, 1, 100, 43801
2026/08/28 13:31:35.462, 2, 100, 43801
2026/08/28 13:31:35.462, 3, 100, 43801
2026/08/28 13:31:35.962, 0, 100, 43817
2026/08/28 13:31:35.962, 1, 100, 43801
2026/08/28 13:31:35.962, 2, 100, 43801
2026/08/28 13:31:35.962, 3, 100, 43801
2026/08/28 13:31:36.462, 0, 100, 43817
2026/08/28 13:31:36.462, 1, 100, 43801
2026/08/28 13:31:36.462, 2, 100, 43801
2026/08/28 13:31:36.462, 3, 100, 43801
2026/08/28 13:31:36.963, 0, 100, 43817
2026/08/28 13:31:36.963, 1, 100, 43801
2026/08/28 13:31:36.963, 2, 100, 43801
2026/08/28 13:31:36.963, 3, 100, 43801
2026/08/28 13:31:37.463, 0, 100, 43817
2026/08/28 13:31:37.463, 1, 100, 43801
2026/08/28 13:31:37.463, 2, 100, 43801
2026/08/28 13:31:37.463, 3, 100, 43801
2026/08/28 13:31:37.963, 0, 100, 43817
2026/08/28 13:31:37.963, 1, 100, 43801
2026/08/28 13:31:37.963, 2, 100, 43801
2026/08/28 13:31:37.963, 3, 100, 43801
2026/08/28 13:31:38.463, 0, 100, 43817
2026/08/28 13:31:38.463, 1, 100, 43801
2026/08/28 13:31:38.463, 2, 100, 43801
2026/08/28 13:31:38.463, 3, 100, 43801
2026/08/28 13:31:38.963, 0, 100, 43817
2026/08/28 13:31:38.963, 1, 100, 43801
2026/08/28 13:31:38.963, 2, 80, 43801
2026/08/28 13:31:38.963, 3, 100, 43801
2026/08/28 13:31:39.463, 0, 100, 43817
2026/08/28 13:31:39.463, 1, 100, 43801
2026/08/28 13:31:39.464, 2, 100, 43801
2026/08/28 13:31:39.464, 3, 100, 43801
2026/08/28 13:31:39.964, 0, 100, 43817
2026/08/28 13:31:39.964, 1, 100, 43801
2026/08/28 13:31:39.964, 2, 100, 43801
2026/08/28 13:31:39.964, 3, 100, 43801
2026/08/28 13:31:40.464, 0, 100, 43817
2026/08/28 13:31:40.464, 1, 100, 43801
2026/08/28 13:31:40.464, 2, 100, 43801
2026/08/28 13:31:40.464, 3, 100, 43801
2026/08/28 13:31:40.964, 0, 100, 43817
2026/08/28 13:31:40.964, 1, 100, 43801
2026/08/28 13:31:40.964, 2, 100, 43801
2026/08/28 13:31:40.964, 3, 100, 43801
2026/08/28 13:31:41.464, 0, 100, 43817
2026/08/28 13:31:41.464, 1, 100, 43801
2026/08/28 13:31:41.464, 2, 100, 43801
2026/08/28 13:31:41.464, 3, 100, 43801
2026/08/28 13:31:41.964, 0, 100, 43817
2026/08/28 13:31:41.964, 1, 100, 43801
2026/08/28 13:31:41.964, 2, 100, 43801
2026/08/28 13:31:41.964, 3, 100, 43801
2026/08/28 13:31:42.464, 0, 100, 43817
2026/08/28 13:31:42.464, 1, 100, 43801
2026/08/28 13:31:42.464, 2, 100, 43801
2026/08/28 13:31:42.464, 3, 100, 43801
2026/08/28 13:31:42.965, 0, 100, 43817
2026/08/28 13:31:42.965, 1, 100, 43801
2026/08/28 13:31:42.965, 2, 100, 43801
2026/08/28 13:31:42.965, 3, 100, 43801
2026/08/28 13:31:43.465, 0, 79, 43817
2026/08/28 13:31:43.465, 1, 76, 43801
2026/08/28 13:31:43.465, 2, 77, 43801
2026/08/28 13:31:43.465, 3, 100, 43801
2026/08/28 13:31:43.965, 0, 100, 43817
2026/08/28 13:31:43.965, 1, 100, 43801
2026/08/28 13:31:43.965, 2, 100, 43801
2026/08/28 13:31:43.965, 3, 100, 43801
2026/08/28 13:31:44.465, 0, 100, 43817
2026/08/28 13:31:44.465, 1, 100, 43801
2026/08/28 13:31:44.465, 2, 100, 43801
2026/08/28 13:31:44.465, 3, 100, 43801
2026/08/28 13:31:44.965, 0, 100, 43817
2026/08/28 13:31:44.965, 1, 100, 43801
2026/08/28 13:31:44.965, 2, 100, 43801
2026/08/28 13:31:44.965, 3, 100, 43801
2026/08/28 13:31:45.465, 0, 100, 43817
2026/08/28 13:31:45.466, 1, 100, 43801
2026/08/28 13:31:45.466, 2, 100, 43801
2026/08/28 13:31:45.466, 3, 100, 43801
2026/08/28 13:31:45.966, 0, 100, 43817
2026/08/28 13:31:45.966, 1, 100, 43801
2026/08/28 13:31:45.966, 2, 100, 43801
2026/08/28 13:31:45.966, 3, 100, 43801
2026/08/28 13:31:46.466, 0, 100, 43817
2026/08/28 13:31:46.466, 1, 100, 43801
2026/08/28 13:31:46.466, 2, 100, 43801
2026/08/28 13:31:46.466, 3, 100, 43801
2026/08/28 13:31:46.966, 0, 100, 43817
2026/08/28 13:31:46.966, 1, 100, 43801
2026/08/28 13:31:46.966, 2, 100, 43801
2026/08/28 13:31:46.966, 3, 100, 43801
2026/08/28 13:31:47.466, 0, 100, 43817
2026/08/28 13:31:47.466, 1, 100, 43801
2026/08/28 13:31:47.466, 2, 100, 43801
2026/08/28 13:31:47.466, 3, 100, 43801
2026/08/28 13:31:47.966, 0, 19, 43817
2026/08/28 13:31:47.966, 1, 48, 43801
2026/08/28 13:31:47.966, 2, 100, 43801
2026/08/28 13:31:47.966, 3, 90, 43801
2026/08/28 13:31:48.466, 0, 0, 43817
2026/08/28 13:31:48.467, 1, 0, 43801
2026/08/28 13:31:48.467, 2, 0, 43801
2026/08/28 13:31:48.467, 3, 0, 43801
2026/08/28 13:31:48.967, 0, 0, 43817
2026/08/28 13:31:48.967, 1, 0, 43801
2026/08/28 13:31:48.967, 2, 0, 43801
2026/08/28 13:31:48.967, 3, 0, 43801
2026/08/28 13:31:49.467, 0, 0, 43817
2026/08/28 13:31:49.467, 1, 0, 43801
2026/08/28 13:31:49.467, 2, 0, 43801
2026/08/28 13:31:49.467, 3, 0, 43801
2026/08/28 13:31:49.967, 0, 0, 43817
2026/08/28 13:31:49.967, 1, 0, 43801
2026/08/28 13:31:49.967, 2, 0, 43801
2026/08/28 13:31:49.967, 3, 0, 43801
2026/08/28 13:31:50.467, 0, 100, 43817
2026/08/28 13:31:50.467, 1, 98, 43801
2026/08/28 13:31:50.467, 2, 100, 43801
2026/08/28 13:31:50.467, 3, 100, 43801
2026/08/28 13:31:50.967, 0, 100, 43817
2026/08/28 13:31:50.967, 1, 100, 43801
2026/08/28 13:31:50.967, 2, 100, 43801
2026/08/28 13:31:50.967, 3, 100, 43801
2026/08/28 13:31:51.468, 0, 100, 43817
2026/08/28 13:31:51.468, 1, 100, 43801
2026/08/28 13:31:51.468, 2, 100, 43801
2026/08/28 13:31:51.468, 3, 100, 43801
2026/08/28 13:31:51.968, 0, 100, 43817
2026/08/28 13:31:51.968, 1, 100, 43801
2026/08/28 13:31:51.968, 2, 100, 43801
2026/08/28 13:31:51.968, 3, 100, 43801
2026/08/28 13:31:52.468, 0, 100, 43817
2026/08/28 13:31:52.468, 1, 100, 43801
2026/08/28 13:31:52.468, 2, 100, 43801
2026/08/28 13:31:52.468, 3, 100, 43801
2026/08/28 13:31:52.968, 0, 100, 43817
2026/08/28 13:31:52.968, 1, 100, 43801
2026/08/28 13:31:52.968, 2, 100, 43801
2026/08/28 13:31:52.968, 3, 100, 43801
2026/08/28 13:31:53.468, 0, 100, 43817
2026/08/28 13:31:53.468, 1, 100, 43801
2026/08/28 13:31:53.468, 2, 100, 43801
2026/08/28 13:31:53.468, 3, 100, 43801
2026/08/28 13:31:53.968, 0, 100, 43817
2026/08/28 13:31:53.969, 1, 100, 43801
2026/08/28 13:31:53.969, 2, 100, 43801
2026/08/28 13:31:53.969, 3, 100, 43801
2026/08/28 13:31:54.469, 0, 100, 43817
2026/08/28 13:31:54.469, 1, 100, 43801
2026/08/28 13:31:54.469, 2, 100, 43801
2026/08/28 13:31:54.469, 3, 100, 43801
2026/08/28 13:31:54.969, 0, 100, 43817
2026/08/28 13:31:54.969, 1, 100, 43801
2026/08/28 13:31:54.969, 2, 69, 43801
2026/08/28 13:31:54.969, 3, 71, 43801
2026/08/28 13:31:55.469, 0, 100, 43817
2026/08/28 13:31:55.469, 1, 100, 43801
2026/08/28 13:31:55.469, 2, 100, 43801
2026/08/28 13:31:55.469, 3, 100, 43801
2026/08/28 13:31:55.969, 0, 100, 43817
2026/08/28 13:31:55.969, 1, 100, 43801
2026/08/28 13:31:55.969, 2, 100, 43801
2026/08/28 13:31:55.969, 3, 100, 43801
2026/08/28 13:31:56.469, 0, 100, 43817
2026/08/28 13:31:56.469, 1, 100, 43801
2026/08/28 13:31:56.469, 2, 100, 43801
2026/08/28 13:31:56.469, 3, 100, 43801
2026/08/28 13:31:56.969, 0, 100, 43817
2026/08/28 13:31:56.970, 1, 100, 43801
2026/08/28 13:31:56.970, 2, 100, 43801
2026/08/28 13:31:56.970, 3, 100, 43801
2026/08/28 13:31:57.470, 0, 100, 43817
2026/08/28 13:31:57.470, 1, 100, 43801
2026/08/28 13:31:57.470, 2, 100, 43801
2026/08/28 13:31:57.470, 3, 100, 43801
2026/08/28 13:31:57.970, 0, 100, 43817
2026/08/28 13:31:57.970, 1, 100, 43801
2026/08/28 13:31:57.970, 2, 100, 43801
2026/08/28 13:31:57.970, 3, 100, 43801
2026/08/28 13:31:58.470, 0, 100, 43817
2026/08/28 13:31:58.470, 1, 100, 43801
2026/08/28 13:31:58.470, 2, 100, 43801
2026/08/28 13:31:58.470, 3, 100, 43801
2026/08/28 13:31:58.970, 0, 100, 43817
2026/08/28 13:31:58.970, 1, 100, 43801
2026/08/28 13:31:58.970, 2, 100, 43801
2026/08/28 13:31:58.970, 3, 100, 43801
2026/08/28 13:31:59.470, 0, 100, 43817
2026/08/28 13:31:59.470, 1, 100, 43801
2026/08/28 13:31:59.470, 2, 63, 43801
2026/08/28 13:31:59.471, 3, 76, 43801
2026/08/28 13:31:59.971, 0, 100, 43817
2026/08/28 13:31:59.971, 1, 100, 43801
2026/08/28 13:31:59.971, 2, 100, 43801
2026/08/28 13:31:59.971, 3, 100, 43801
2026/08/28 13:32:00.471, 0, 100, 43817
2026/08/28 13:32:00.471, 1, 100, 43801
2026/08/28 13:32:00.471, 2, 100, 43801
2026/08/28 13:32:00.471, 3, 100, 43801
2026/08/28 13:32:00.971, 0, 100, 43817
2026/08/28 13:32:00.971, 1, 100, 43801
2026/08/28 13:32:00.971, 2, 100, 43801
2026/08/28 13:32:00.971, 3, 100, 43801
2026/08/28 13:32:01.471, 0, 100, 43817
2026/08/28 13:32:01.471, 1, 100, 43801
2026/08/28 13:32:01.471, 2, 100, 43801
2026/08/28 13:32:01.471, 3, 100, 43801
2026/08/28 13:32:01.971, 0, 100, 43817
2026/08/28 13:32:01.971, 1, 100, 43801
2026/08/28 13:32:01.971, 2, 100, 43801
2026/08/28 13:32:01.971, 3, 100, 43801
2026/08/28 13:32:02.471, 0, 100, 43817
2026/08/28 13:32:02.472, 1, 100, 43801
2026/08/28 13:32:02.472, 2, 100, 43801
2026/08/28 13:32:02.472, 3, 100, 43801
2026/08/28 13:32:02.972, 0, 100, 43817
2026/08/28 13:32:02.972, 1, 100, 43801
2026/08/28 13:32:02.972, 2, 100, 43801
2026/08/28 13:32:02.972, 3, 100, 43801
2026/08/28 13:32:03.472, 0, 100, 43817
2026/08/28 13:32:03.472, 1, 100, 43801
2026/08/28 13:32:03.472, 2, 100, 43801
2026/08/28 13:32:03.472, 3, 100, 43801
2026/08/28 13:32:03.972, 0, 100, 43817
2026/08/28 13:32:03.972, 1, 61, 43801
2026/08/28 13:32:03.972, 2, 100, 43801
2026/08/28 13:32:03.972, 3, 100, 43801
2026/08/28 13:32:04.472, 0, 100, 43817
2026/08/28 13:32:04.472, 1, 100, 43801
2026/08/28 13:32:04.472, 2, 100, 43801
2026/08/28 13:32:04.472, 3, 100, 43801
2026/08/28 13:32:04.972, 0, 100, 43817
2026/08/28 13:32:04.972, 1, 100, 43801
2026/08/28 13:32:04.972, 2, 100, 43801
2026/08/28 13:32:04.972, 3, 100, 43801
2026/08/28 13:32:05.472, 0, 100, 43817
2026/08/28 13:32:05.472, 1, 100, 43801
2026/08/28 13:32:05.472, 2, 100, 43801
2026/08/28 13:32:05.472, 3, 100, 43801
2026/08/28 13:32:05.973, 0, 100, 43817
2026/08/28 13:32:05.973, 1, 100, 43801
2026/08/28 13:32:05.973, 2, 100, 43801
2026/08/28 13:32:05.973, 3, 100, 43801
2026/08/28 13:32:06.473, 0, 100, 43817
2026/08/28 13:32:06.473, 1, 100, 43801
2026/08/28 13:32:06.473, 2, 100, 43801
2026/08/28 13:32:06.473, 3, 100, 43801
2026/08/28 13:32:06.973, 0, 100, 43817
2026/08/28 13:32:06.973, 1, 100, 43801
2026/08/28 13:32:06.973, 2, 100, 43801
2026/08/28 13:32:06.973, 3, 100, 43801
2026/08/28 13:32:07.473, 0, 100, 43817
2026/08/28 13:32:07.473, 1, 100, 43801
2026/08/28 13:32:07.473, 2, 100, 43801
2026/08/28 13:32:07.473, 3, 100, 43801
2026/08/28 13:32:07.973, 0, 100, 43817
2026/08/28 13:32:07.973, 1, 100, 43801
2026/08/28 13:32:07.973, 2, 100, 43801
2026/08/28 13:32:07.973, 3, 100, 43801
2026/08/28 13:32:08.473, 0, 100, 43817
2026/08/28 13:32:08.474, 1, 100, 43801
2026/08/28 13:32:08.474, 2, 100, 43801
2026/08/28 13:32:08.474, 3, 100, 43801
2026/08/28 13:32:08.974, 0, 0, 43817
2026/08/28 13:32:08.974, 1, 0, 43801
2026/08/28 13:32:08.974, 2, 0, 43801
2026/08/28 13:32:08.974, 3, 0, 43801
2026/08/28 13:32:09.474, 0, 0, 43817
2026/08/28 13:32:09.474, 1, 0, 43801
2026/08/28 13:32:09.474, 2, 0, 43801
2026/08/28 13:32:09.474, 3, 0, 43801
2026/08/28 13:32:09.974, 0, 0, 43817
2026/08/28 13:32:09.974, 1, 0, 43801
2026/08/28 13:32:09.974, 2, 0, 43801
2026/08/28 13:32:09.974, 3, 0, 43801
2026/08/28 13:32:10.474, 0, 0, 43817
2026/08/28 13:32:10.474, 1, 0, 43801
2026/08/28 13:32:10.474, 2, 0, 43801
2026/08/28 13:32:10.474, 3, 0, 43801
2026/08/28 13:32:10.974, 0, 100, 43817
2026/08/28 13:32:10.975, 1, 100, 43801
2026/08/28 13:32:10.975, 2, 87, 43801
2026/08/28 13:32:10.975, 3, 95, 43801
2026/08/28 13:32:11.475, 0, 100, 43817
2026/08/28 13:32:11.475, 1, 100, 43801
2026/08/28 13:32:11.475, 2, 100, 43801
2026/08/28 13:32:11.475, 3, 100, 43801
2026/08/28 13:32:11.975, 0, 100, 43817
2026/08/28 13:32:11.975, 1, 100, 43801
2026/08/28 13:32:11.975, 2, 100, 43801
2026/08/28 13:32:11.975, 3, 100, 43801
2026/08/28 13:32:12.475, 0, 100, 43817
2026/08/28 13:32:12.475, 1, 100, 43801
2026/08/28 13:32:12.475, 2, 100, 43801
2026/08/28 13:32:12.475, 3, 100, 43801
2026/08/28 13:32:12.975, 0, 100, 43817
2026/08/28 13:32:12.975, 1, 100, 43801
2026/08/28 13:32:12.975, 2, 100, 43801
2026/08/28 13:32:12.975, 3, 100, 43801
2026/08/28 13:32:13.475, 0, 100, 43817
2026/08/28 13:32:13.475, 1, 100, 43801
2026/08/28 13:32:13.475, 2, 100, 43801
2026/08/28 13:32:13.475, 3, 100, 43801
2026/08/28 13:32:13.975, 0, 100, 43817
2026/08/28 13:32:13.975, 1, 100, 43801
2026/08/28 13:32:13.975, 2, 100, 43801
2026/08/28 13:32:13.975, 3, 100, 43801
2026/08/28 13:32:14.475, 0, 100, 43817
2026/08/28 13:32:14.476, 1, 100, 43801
2026/08/28 13:32:14.476, 2, 100, 43801
2026/08/28 13:32:14.476, 3, 100, 43801
2026/08/28 13:32:14.976, 0, 100, 43817
2026/08/28 13:32:14.976, 1, 100, 43801
2026/08/28 13:32:14.976, 2, 100, 43801
2026/08/28 13:32:14.976, 3, 100, 43801
2026/08/28 13:32:15.476, 0, 87, 43817
2026/08/28 13:32:15.476, 1, 46, 43801
2026/08/28 13:32:15.476, 2, 63, 43801
2026/08/28 13:32:15.476, 3, 71, 43801
2026/08/28 13:32:15.976, 0, 100, 43817
2026/08/28 13:32:15.976, 1, 100, 43801
2026/08/28 13:32:15.976, 2, 100, 43801
2026/08/28 13:32:15.976, 3, 100, 43801
2026/08/28 13:32:16.476, 0, 100, 43817
2026/08/28 13:32:16.476, 1, 100, 43801
2026/08/28 13:32:16.476, 2, 100, 43801
2026/08/28 13:32:16.476, 3, 100, 43801
2026/08/28 13:32:16.976, 0, 100, 43817
2026/08/28 13:32:16.976, 1, 100, 43801
2026/08/28 13:32:16.976, 2, 100, 43801
2026/08/28 13:32:16.976, 3, 100, 43801
2026/08/28 13:32:17.476, 0, 100, 43817
2026/08/28 13:32:17.477, 1, 100, 43801
2026/08/28 13:32:17.477, 2, 100, 43801
2026/08/28 13:32:17.477, 3, 100, 43801
2026/08/28 13:32:17.977, 0, 100, 43817
2026/08/28 13:32:17.977, 1, 100, 43801
2026/08/28 13:32:17.977, 2, 100, 43801
2026/08/28 13:32:17.977, 3, 100, 43801
2026/08/28 13:32:18.477, 0, 100, 43817
2026/08/28 13:32:18.477, 1, 100, 43801
2026/08/28 13:32:18.477, 2, 100, 43801
2026/08/28 13:32:18.477, 3, 100, 43801
2026/08/28 13:32:18.977, 0, 100, 43817
2026/08/28 13:32:18.977, 1, 100, 43801
2026/08/28 13:32:18.977, 2, 100, 43801
2026/08/28 13:32:18.977, 3, 100, 43801
2026/08/28 13:32:19.477, 0, 100, 43817
2026/08/28 13:32:19.477, 1, 100, 43801
2026/08/28 13:32:19.477, 2, 100, 43801
2026/08/28 13:32:19.477, 3, 100, 43801
2026/08/28 13:32:19.977, 0, 94, 43817
2026/08/28 13:32:19.977, 1, 78, 43801
2026/08/28 13:32:19.977, 2, 100, 43801
2026/08/28 13:32:19.977, 3, 100, 43801
2026/08/28 13:32:20.477, 0, 100, 43817
2026/08/28 13:32:20.477, 1, 100, 43801
2026/08/28 13:32:20.477, 2, 100, 43801
2026/08/28 13:32:20.477, 3, 100, 43801
2026/08/28 13:32:20.977, 0, 100, 43817
2026/08/28 13:32:20.977, 1, 100, 43801
2026/08/28 13:32:20.977, 2, 100, 43801
2026/08/28 13:32:20.977, 3, 100, 43801
2026/08/28 13:32:21.478, 0, 100, 43817
2026/08/28 13:32:21.478, 1, 100, 43801
2026/08/28 13:32:21.478, 2, 100, 43801
2026/08/28 13:32:21.478, 3, 100, 43801
2026/08/28 13:32:21.978, 0, 100, 43817
2026/08/28 13:32:21.978, 1, 100, 43801
2026/08/28 13:32:21.978, 2, 100, 43801
2026/08/28 13:32:21.978, 3, 100, 43801
2026/08/28 13:32:22.478, 0, 100, 43817
2026/08/28 13:32:22.478, 1, 100, 43801
2026/08/28 13:32:22.478, 2, 100, 43801
2026/08/28 13:32:22.478, 3, 100, 43801
2026/08/28 13:32:22.978, 0, 100, 43817
2026/08/28 13:32:22.978, 1, 100, 43801
2026/08/28 13:32:22.978, 2, 100, 43801
2026/08/28 13:32:22.978, 3, 100, 43801
2026/08/28 13:32:23.478, 0, 100, 43817
2026/08/28 13:32:23.478, 1, 100, 43801
2026/08/28 13:32:23.478, 2, 100, 43801
2026/08/28 13:32:23.478, 3, 100, 43801
2026/08/28 13:32:23.978, 0, 100, 43817
2026/08/28 13:32:23.978, 1, 100, 43801
2026/08/28 13:32:23.978, 2, 100, 43801
2026/08/28 13:32:23.978, 3, 100, 43801
2026/08/28 13:32:24.478, 0, 100, 43817
2026/08/28 13:32:24.478, 1, 100, 43801
2026/08/28 13:32:24.479, 2, 100, 43801
2026/08/28 13:32:24.479, 3, 100, 43801
2026/08/28 13:32:24.979, 0, 100, 43817
2026/08/28 13:32:24.979, 1, 100, 43801
2026/08/28 13:32:24.979, 2, 99, 43801
2026/08/28 13:32:24.979, 3, 99, 43801
2026/08/28 13:32:25.479, 0, 100, 43817
2026/08/28 13:32:25.479, 1, 100, 43801
2026/08/28 13:32:25.479, 2, 100, 43801
2026/08/28 13:32:25.479, 3, 100, 43801
2026/08/28 13:32:25.979, 0, 100, 43817
2026/08/28 13:32:25.979, 1, 100, 43801
2026/08/28 13:32:25.979, 2, 100, 43801
2026/08/28 13:32:25.979, 3, 100, 43801
2026/08/28 13:32:26.479, 0, 100, 43817
2026/08/28 13:32:26.479, 1, 100, 43801
2026/08/28 13:32:26.479, 2, 100, 43801
2026/08/28 13:32:26.479, 3, 100, 43801
2026/08/28 13:32:26.979, 0, 100, 43817
2026/08/28 13:32:26.979, 1, 100, 43801
2026/08/28 13:32:26.979, 2, 100, 43801
2026/08/28 13:32:26.979, 3, 100, 43801
2026/08/28 13:32:27.479, 0, 100, 43817
2026/08/28 13:32:27.479, 1, 100, 43801
2026/08/28 13:32:27.479, 2, 100, 43801
2026/08/28 13:32:27.479, 3, 100, 43801
2026/08/28 13:32:27.979, 0, 100, 43817
2026/08/28 13:32:27.979, 1, 100, 43801
2026/08/28 13:32:27.979, 2, 100, 43801
2026/08/28 13:32:27.979, 3, 100, 43801
2026/08/28 13:32:28.479, 0, 100, 43817
2026/08/28 13:32:28.479, 1, 100, 43801
2026/08/28 13:32:28.479, 2, 100, 43801
2026/08/28 13:32:28.479, 3, 100, 43801
2026/08/28 13:32:28.980, 0, 100, 43817
2026/08/28 13:32:28.980, 1, 100, 43801
2026/08/28 13:32:28.980, 2, 100, 43801
2026/08/28 13:32:28.980, 3, 100, 43801
2026/08/28 13:32:29.480, 0, 0, 43817
2026/08/28 13:32:29.480, 1, 0, 43801
2026/08/28 13:32:29.480, 2, 0, 43801
2026/08/28 13:32:29.480, 3, 0, 43801
2026/08/28 13:32:29.980, 0, 0, 43817
2026/08/28 13:32:29.980, 1, 0, 43801
2026/08/28 13:32:29.980, 2, 0, 43801
2026/08/28 13:32:29.980, 3, 0, 43801
2026/08/28 13:32:30.480, 0, 0, 43817
2026/08/28 13:32:30.480, 1, 0, 43801
2026/08/28 13:32:30.480, 2, 0, 43801
2026/08/28 13:32:30.480, 3, 0, 43801
2026/08/28 13:32:30.980, 0, 0, 43817
2026/08/28 13:32:30.980, 1, 0, 43801
2026/08/28 13:32:30.980, 2, 0, 43801
2026/08/28 13:32:30.980, 3, 0, 43801
2026/08/28 13:32:31.480, 0, 100, 43817
2026/08/28 13:32:31.480, 1, 100, 43801
2026/08/28 13:32:31.480, 2, 100, 43801
2026/08/28 13:32:31.480, 3, 100, 43801
2026/08/28 13:32:31.981, 0, 100, 43817
2026/08/28 13:32:31.981, 1, 100, 43801
2026/08/28 13:32:31.981, 2, 100, 43801
2026/08/28 13:32:31.981, 3, 100, 43801
2026/08/28 13:32:32.481, 0, 100, 43817
2026/08/28 13:32:32.481, 1, 100, 43801
2026/08/28 13:32:32.481, 2, 100, 43801
2026/08/28 13:32:32.481, 3, 100, 43801
2026/08/28 13:32:32.981, 0, 100, 43817
2026/08/28 13:32:32.981, 1, 100, 43801
2026/08/28 13:32:32.981, 2, 100, 43801
2026/08/28 13:32:32.981, 3, 100, 43801
2026/08/28 13:32:33.481, 0, 100, 43817
2026/08/28 13:32:33.481, 1, 100, 43801
2026/08/28 13:32:33.481, 2, 100, 43801
2026/08/28 13:32:33.481, 3, 100, 43801
2026/08/28 13:32:33.981, 0, 100, 43817
2026/08/28 13:32:33.981, 1, 100, 43801
2026/08/28 13:32:33.981, 2, 100, 43801
2026/08/28 13:32:33.981, 3, 100, 43801
2026/08/28 13:32:34.481, 0, 100, 43817
2026/08/28 13:32:34.481, 1, 100, 43801
2026/08/28 13:32:34.481, 2, 100, 43801
2026/08/28 13:32:34.481, 3, 100, 43801
2026/08/28 13:32:34.981, 0, 100, 43817
2026/08/28 13:32:34.981, 1, 100, 43801
2026/08/28 13:32:34.981, 2, 100, 43801
2026/08/28 13:32:34.981, 3, 100, 43801
2026/08/28 13:32:35.481, 0, 100, 43817
2026/08/28 13:32:35.482, 1, 100, 43801
2026/08/28 13:32:35.482, 2, 100, 43801
2026/08/28 13:32:35.482, 3, 100, 43801
2026/08/28 13:32:35.982, 0, 100, 43817
2026/08/28 13:32:35.982, 1, 100, 43801
2026/08/28 13:32:35.982, 2, 100, 43801
2026/08/28 13:32:35.982, 3, 93, 43801
2026/08/28 13:32:36.482, 0, 100, 43817
2026/08/28 13:32:36.482, 1, 100, 43801
2026/08/28 13:32:36.482, 2, 100, 43801
2026/08/28 13:32:36.482, 3, 100, 43801
2026/08/28 13:32:36.982, 0, 100, 43817
2026/08/28 13:32:36.982, 1, 100, 43801
2026/08/28 13:32:36.982, 2, 100, 43801
2026/08/28 13:32:36.982, 3, 100, 43801
2026/08/28 13:32:37.482, 0, 100, 43817
2026/08/28 13:32:37.482, 1, 100, 43801
2026/08/28 13:32:37.482, 2, 100, 43801
2026/08/28 13:32:37.482, 3, 100, 43801
2026/08/28 13:32:37.982, 0, 100, 43817
2026/08/28 13:32:37.982, 1, 100, 43801
2026/08/28 13:32:37.982, 2, 100, 43801
2026/08/28 13:32:37.982, 3, 100, 43801
2026/08/28 13:32:38.483, 0, 100, 43817
2026/08/28 13:32:38.483, 1, 100, 43801
2026/08/28 13:32:38.483, 2, 100, 43801
2026/08/28 13:32:38.483, 3, 100, 43801
2026/08/28 13:32:38.983, 0, 100, 43817
2026/08/28 13:32:38.983, 1, 100, 43801
2026/08/28 13:32:38.983, 2, 100, 43801
2026/08/28 13:32:38.983, 3, 100, 43801
2026/08/28 13:32:39.483, 0, 100, 43817
2026/08/28 13:32:39.483, 1, 100, 43801
2026/08/28 13:32:39.483, 2, 100, 43801
2026/08/28 13:32:39.483, 3, 100, 43801
2026/08/28 13:32:39.983, 0, 100, 43817
2026/08/28 13:32:39.983, 1, 100, 43801
2026/08/28 13:32:39.983, 2, 100, 43801
2026/08/28 13:32:39.983, 3, 100, 43801
2026/08/28 13:32:40.483, 0, 96, 43817
2026/08/28 13:32:40.483, 1, 100, 43801
2026/08/28 13:32:40.483, 2, 91, 43801
2026/08/28 13:32:40.483, 3, 78, 43801
2026/08/28 13:32:40.983, 0, 100, 43817
2026/08/28 13:32:40.983, 1, 100, 43801
2026/08/28 13:32:40.983, 2, 100, 43801
2026/08/28 13:32:40.983, 3, 100, 43801
2026/08/28 13:32:41.483, 0, 100, 43817
2026/08/28 13:32:41.483, 1, 100, 43801
2026/08/28 13:32:41.483, 2, 100, 43801
2026/08/28 13:32:41.483, 3, 100, 43801
2026/08/28 13:32:41.983, 0, 100, 43817
2026/08/28 13:32:41.983, 1, 100, 43801
2026/08/28 13:32:41.984, 2, 100, 43801
2026/08/28 13:32:41.984, 3, 100, 43801
2026/08/28 13:32:42.484, 0, 100, 43817
2026/08/28 13:32:42.484, 1, 100, 43801
2026/08/28 13:32:42.484, 2, 100, 43801
2026/08/28 13:32:42.484, 3, 100, 43801
2026/08/28 13:32:42.984, 0, 100, 43817
2026/08/28 13:32:42.984, 1, 100, 43801
2026/08/28 13:32:42.984, 2, 100, 43801
2026/08/28 13:32:42.984, 3, 100, 43801
2026/08/28 13:32:43.484, 0, 100, 43817
2026/08/28 13:32:43.484, 1, 100, 43801
2026/08/28 13:32:43.484, 2, 100, 43801
2026/08/28 13:32:43.484, 3, 100, 43801
2026/08/28 13:32:43.984, 0, 100, 43817
2026/08/28 13:32:43.984, 1, 100, 43801
2026/08/28 13:32:43.984, 2, 100, 43801
2026/08/28 13:32:43.984, 3, 100, 43801
2026/08/28 13:32:44.484, 0, 100, 43817
2026/08/28 13:32:44.484, 1, 100, 43801
2026/08/28 13:32:44.484, 2, 100, 43801
2026/08/28 13:32:44.484, 3, 100, 43801
2026/08/28 13:32:44.984, 0, 71, 43817
2026/08/28 13:32:44.984, 1, 98, 43801
2026/08/28 13:32:44.984, 2, 100, 43801
2026/08/28 13:32:44.984, 3, 100, 43801
2026/08/28 13:32:45.485, 0, 100, 43817
2026/08/28 13:32:45.485, 1, 100, 43801
2026/08/28 13:32:45.485, 2, 100, 43801
2026/08/28 13:32:45.485, 3, 100, 43801
2026/08/28 13:32:45.985, 0, 100, 43817
2026/08/28 13:32:45.985, 1, 100, 43801
2026/08/28 13:32:45.985, 2, 100, 43801
2026/08/28 13:32:45.985, 3, 100, 43801
2026/08/28 13:32:46.485, 0, 100, 43817
2026/08/28 13:32:46.485, 1, 100, 43801
2026/08/28 13:32:46.485, 2, 100, 43801
2026/08/28 13:32:46.485, 3, 100, 43801
2026/08/28 13:32:46.985, 0, 100, 43817
2026/08/28 13:32:46.986, 1, 100, 43801
2026/08/28 13:32:46.986, 2, 100, 43801
2026/08/28 13:32:46.986, 3, 100, 43801
2026/08/28 13:32:47.486, 0, 100, 43817
2026/08/28 13:32:47.486, 1, 100, 43801
2026/08/28 13:32:47.486, 2, 100, 43801
2026/08/28 13:32:47.486, 3, 100, 43801
2026/08/28 13:32:47.986, 0, 100, 43817
2026/08/28 13:32:47.986, 1, 100, 43801
2026/08/28 13:32:47.986, 2, 100, 43801
2026/08/28 13:32:47.986, 3, 100, 43801
2026/08/28 13:32:48.486, 0, 100, 43817
2026/08/28 13:32:48.487, 1, 100, 43801
2026/08/28 13:32:48.487, 2, 100, 43801
2026/08/28 13:32:48.487, 3, 100, 43801
2026/08/28 13:32:48.987, 0, 100, 43817
2026/08/28 13:32:48.987, 1, 100, 43801
2026/08/28 13:32:48.987, 2, 100, 43801
2026/08/28 13:32:48.987, 3, 100, 43801
2026/08/28 13:32:49.487, 0, 100, 43817
2026/08/28 13:32:49.487, 1, 100, 43801
2026/08/28 13:32:49.487, 2, 100, 43801
2026/08/28 13:32:49.487, 3, 100, 43801
2026/08/28 13:32:49.987, 0, 0, 43817
2026/08/28 13:32:49.987, 1, 0, 43801
2026/08/28 13:32:49.987, 2, 0, 43801
2026/08/28 13:32:49.987, 3, 0, 43801
2026/08/28 13:32:50.487, 0, 0, 43817
2026/08/28 13:32:50.487, 1, 0, 43801
2026/08/28 13:32:50.487, 2, 0, 43801
2026/08/28 13:32:50.487, 3, 0, 43801
2026/08/28 13:32:50.987, 0, 0, 43817
2026/08/28 13:32:50.987, 1, 0, 43801
2026/08/28 13:32:50.987, 2, 0, 43801
2026/08/28 13:32:50.987, 3, 0, 43801
2026/08/28 13:32:51.487, 0, 0, 43817
2026/08/28 13:32:51.487, 1, 0, 43801
2026/08/28 13:32:51.487, 2, 0, 43801
2026/08/28 13:32:51.487, 3, 0, 43801
2026/08/28 13:32:51.987, 0, 99, 43817
2026/08/28 13:32:51.988, 1, 99, 43801
2026/08/28 13:32:51.988, 2, 100, 43801
2026/08/28 13:32:51.988, 3, 100, 43801
2026/08/28 13:32:52.488, 0, 100, 43817
2026/08/28 13:32:52.488, 1, 100, 43801
2026/08/28 13:32:52.488, 2, 100, 43801
2026/08/28 13:32:52.488, 3, 100, 43801
2026/08/28 13:32:52.988, 0, 100, 43817
2026/08/28 13:32:52.988, 1, 100, 43801
2026/08/28 13:32:52.988, 2, 100, 43801
2026/08/28 13:32:52.988, 3, 100, 43801
2026/08/28 13:32:53.488, 0, 100, 43817
2026/08/28 13:32:53.488, 1, 100, 43801
2026/08/28 13:32:53.488, 2, 100, 43801
2026/08/28 13:32:53.488, 3, 100, 43801
2026/08/28 13:32:53.988, 0, 100, 43817
2026/08/28 13:32:53.988, 1, 100, 43801
2026/08/28 13:32:53.988, 2, 100, 43801
2026/08/28 13:32:53.988, 3, 100, 43801
2026/08/28 13:32:54.488, 0, 100, 43817
2026/08/28 13:32:54.488, 1, 100, 43801
2026/08/28 13:32:54.488, 2, 100, 43801
2026/08/28 13:32:54.488, 3, 100, 43801
2026/08/28 13:32:54.988, 0, 100, 43817
2026/08/28 13:32:54.988, 1, 100, 43801
2026/08/28 13:32:54.988, 2, 100, 43801
2026/08/28 13:32:54.988, 3, 100, 43801
2026/08/28 13:32:55.488, 0, 100, 43817
2026/08/28 13:32:55.488, 1, 100, 43801
2026/08/28 13:32:55.488, 2, 100, 43801
2026/08/28 13:32:55.488, 3, 100, 43801
2026/08/28 13:32:55.989, 0, 100, 43817
2026/08/28 13:32:55.989, 1, 100, 43801
2026/08/28 13:32:55.989, 2, 100, 43801
2026/08/28 13:32:55.989, 3, 100, 43801
2026/08/28 13:32:56.489, 0, 100, 43817
2026/08/28 13:32:56.489, 1, 100, 43801
2026/08/28 13:32:56.489, 2, 100, 43801
2026/08/28 13:32:56.489, 3, 100, 43801
2026/08/28 13:32:56.989, 0, 100, 43817
2026/08/28 13:32:56.989, 1, 100, 43801
2026/08/28 13:32:56.989, 2, 100, 43801
2026/08/28 13:32:56.989, 3, 100, 43801
2026/08/28 13:32:57.489, 0, 100, 43817
2026/08/28 13:32:57.489, 1, 100, 43801
2026/08/28 13:32:57.489, 2, 100, 43801
2026/08/28 13:32:57.489, 3, 100, 43801
2026/08/28 13:32:57.989, 0, 100, 43817
2026/08/28 13:32:57.989, 1, 100, 43801
2026/08/28 13:32:57.989, 2, 100, 43801
2026/08/28 13:32:57.989, 3, 100, 43801
2026/08/28 13:32:58.489, 0, 100, 43817
2026/08/28 13:32:58.489, 1, 100, 43801
2026/08/28 13:32:58.489, 2, 100, 43801
2026/08/28 13:32:58.489, 3, 100, 43801
2026/08/28 13:32:58.989, 0, 100, 43817
2026/08/28 13:32:58.989, 1, 100, 43801
2026/08/28 13:32:58.989, 2, 100, 43801
2026/08/28 13:32:58.989, 3, 100, 43801
2026/08/28 13:32:59.490, 0, 100, 43817
2026/08/28 13:32:59.490, 1, 100, 43801
2026/08/28 13:32:59.490, 2, 100, 43801
2026/08/28 13:32:59.490, 3, 100, 43801
2026/08/28 13:32:59.990, 0, 100, 43817
2026/08/28 13:32:59.990, 1, 100, 43801
2026/08/28 13:32:59.990, 2, 100, 43801
2026/08/28 13:32:59.990, 3, 100, 43801
2026/08/28 13:33:00.490, 0, 100, 43817
2026/08/28 13:33:00.490, 1, 100, 43801
2026/08/28 13:33:00.490, 2, 100, 43801
2026/08/28 13:33:00.490, 3, 100, 43801
2026/08/28 13:33:00.990, 0, 100, 43817
2026/08/28 13:33:00.990, 1, 100, 43801
2026/08/28 13:33:00.990, 2, 100, 43801
2026/08/28 13:33:00.990, 3, 82, 43801
2026/08/28 13:33:01.490, 0, 100, 43817
2026/08/28 13:33:01.490, 1, 100, 43801
2026/08/28 13:33:01.490, 2, 100, 43801
2026/08/28 13:33:01.490, 3, 100, 43801
2026/08/28 13:33:01.990, 0, 100, 43817
2026/08/28 13:33:01.990, 1, 100, 43801
2026/08/28 13:33:01.990, 2, 100, 43801
2026/08/28 13:33:01.990, 3, 100, 43801
2026/08/28 13:33:02.491, 0, 100, 43817
2026/08/28 13:33:02.491, 1, 100, 43801
2026/08/28 13:33:02.491, 2, 100, 43801
2026/08/28 13:33:02.491, 3, 100, 43801
2026/08/28 13:33:02.991, 0, 100, 43817
2026/08/28 13:33:02.991, 1, 100, 43801
2026/08/28 13:33:02.991, 2, 100, 43801
2026/08/28 13:33:02.991, 3, 100, 43801
2026/08/28 13:33:03.491, 0, 100, 43817
2026/08/28 13:33:03.491, 1, 100, 43801
2026/08/28 13:33:03.491, 2, 100, 43801
2026/08/28 13:33:03.491, 3, 100, 43801
2026/08/28 13:33:03.991, 0, 100, 43817
2026/08/28 13:33:03.991, 1, 100, 43801
2026/08/28 13:33:03.991, 2, 100, 43801
2026/08/28 13:33:03.991, 3, 100, 43801
2026/08/28 13:33:04.491, 0, 100, 43817
2026/08/28 13:33:04.491, 1, 100, 43801
2026/08/28 13:33:04.491, 2, 100, 43801
2026/08/28 13:33:04.491, 3, 100, 43801
2026/08/28 13:33:04.991, 0, 100, 43817
2026/08/28 13:33:04.991, 1, 100, 43801
2026/08/28 13:33:04.991, 2, 100, 43801
2026/08/28 13:33:04.991, 3, 100, 43801
2026/08/28 13:33:05.491, 0, 87, 43817
2026/08/28 13:33:05.491, 1, 100, 43801
2026/08/28 13:33:05.491, 2, 83, 43801
2026/08/28 13:33:05.491, 3, 80, 43801
2026/08/28 13:33:05.992, 0, 100, 43817
2026/08/28 13:33:05.992, 1, 100, 43801
2026/08/28 13:33:05.992, 2, 100, 43801
2026/08/28 13:33:05.992, 3, 100, 43801
2026/08/28 13:33:06.492, 0, 100, 43817
2026/08/28 13:33:06.492, 1, 100, 43801
2026/08/28 13:33:06.492, 2, 100, 43801
2026/08/28 13:33:06.492, 3, 100, 43801
2026/08/28 13:33:06.992, 0, 100, 43817
2026/08/28 13:33:06.992, 1, 100, 43801
2026/08/28 13:33:06.992, 2, 100, 43801
2026/08/28 13:33:06.992, 3, 100, 43801
2026/08/28 13:33:07.492, 0, 100, 43817
2026/08/28 13:33:07.492, 1, 100, 43801
2026/08/28 13:33:07.492, 2, 100, 43801
2026/08/28 13:33:07.492, 3, 100, 43801
2026/08/28 13:33:07.992, 0, 100, 43817
2026/08/28 13:33:07.992, 1, 100, 43801
2026/08/28 13:33:07.992, 2, 100, 43801
2026/08/28 13:33:07.992, 3, 100, 43801
2026/08/28 13:33:08.492, 0, 100, 43817
2026/08/28 13:33:08.492, 1, 100, 43801
2026/08/28 13:33:08.492, 2, 100, 43801
2026/08/28 13:33:08.492, 3, 100, 43801
2026/08/28 13:33:08.992, 0, 100, 43817
2026/08/28 13:33:08.992, 1, 100, 43801
2026/08/28 13:33:08.992, 2, 100, 43801
2026/08/28 13:33:08.992, 3, 100, 43801
2026/08/28 13:33:09.493, 0, 100, 43817
2026/08/28 13:33:09.493, 1, 100, 43801
2026/08/28 13:33:09.493, 2, 100, 43801
2026/08/28 13:33:09.493, 3, 100, 43801
2026/08/28 13:33:09.993, 0, 58, 43817
2026/08/28 13:33:09.993, 1, 87, 43801
2026/08/28 13:33:09.993, 2, 100, 43801
2026/08/28 13:33:09.993, 3, 100, 43801
2026/08/28 13:33:10.493, 0, 0, 43817
2026/08/28 13:33:10.493, 1, 0, 43801
2026/08/28 13:33:10.493, 2, 0, 43801
2026/08/28 13:33:10.493, 3, 0, 43801
2026/08/28 13:33:10.993, 0, 0, 43817
2026/08/28 13:33:10.993, 1, 0, 43801
2026/08/28 13:33:10.993, 2, 0, 43801
2026/08/28 13:33:10.993, 3, 0, 43801
2026/08/28 13:33:11.493, 0, 0, 43817
2026/08/28 13:33:11.493, 1, 0, 43801
2026/08/28 13:33:11.493, 2, 0, 43801
2026/08/28 13:33:11.493, 3, 0, 43801
2026/08/28 13:33:11.993, 0, 0, 43817
2026/08/28 13:33:11.993, 1, 0, 43801
2026/08/28 13:33:11.993, 2, 0, 43801
2026/08/28 13:33:11.993, 3, 0, 43801
2026/08/28 13:33:12.494, 0, 99, 43817
2026/08/28 13:33:12.494, 1, 99, 43801
2026/08/28 13:33:12.494, 2, 99, 43801
2026/08/28 13:33:12.494, 3, 99, 43801
2026/08/28 13:33:12.994, 0, 100, 43817
2026/08/28 13:33:12.994, 1, 100, 43801
2026/08/28 13:33:12.994, 2, 100, 43801
2026/08/28 13:33:12.994, 3, 100, 43801
2026/08/28 13:33:13.494, 0, 100, 43817
2026/08/28 13:33:13.494, 1, 100, 43801
2026/08/28 13:33:13.494, 2, 100, 43801
2026/08/28 13:33:13.494, 3, 100, 43801
2026/08/28 13:33:13.994, 0, 100, 43817
2026/08/28 13:33:13.994, 1, 100, 43801
2026/08/28 13:33:13.994, 2, 100, 43801
2026/08/28 13:33:13.994, 3, 100, 43801
2026/08/28 13:33:14.494, 0, 100, 43817
2026/08/28 13:33:14.494, 1, 100, 43801
2026/08/28 13:33:14.494, 2, 100, 43801
2026/08/28 13:33:14.494, 3, 100, 43801
2026/08/28 13:33:14.994, 0, 100, 43817
2026/08/28 13:33:14.994, 1, 100, 43801
2026/08/28 13:33:14.994, 2, 100, 43801
2026/08/28 13:33:14.994, 3, 100, 43801
2026/08/28 13:33:15.494, 0, 100, 43817
2026/08/28 13:33:15.495, 1, 100, 43801
2026/08/28 13:33:15.495, 2, 100, 43801
2026/08/28 13:33:15.495, 3, 100, 43801
2026/08/28 13:33:15.995, 0, 100, 43817
2026/08/28 13:33:15.995, 1, 100, 43801
2026/08/28 13:33:15.995, 2, 100, 43801
2026/08/28 13:33:15.995, 3, 100, 43801
2026/08/28 13:33:16.495, 0, 100, 43817
2026/08/28 13:33:16.495, 1, 100, 43801
2026/08/28 13:33:16.495, 2, 100, 43801
2026/08/28 13:33:16.495, 3, 100, 43801
2026/08/28 13:33:16.995, 0, 99, 43817
2026/08/28 13:33:16.995, 1, 100, 43801
2026/08/28 13:33:16.995, 2, 100, 43801
2026/08/28 13:33:16.995, 3, 100, 43801
2026/08/28 13:33:17.495, 0, 100, 43817
2026/08/28 13:33:17.495, 1, 100, 43801
2026/08/28 13:33:17.495, 2, 100, 43801
2026/08/28 13:33:17.495, 3, 100, 43801
2026/08/28 13:33:17.995, 0, 100, 43817
2026/08/28 13:33:17.995, 1, 100, 43801
2026/08/28 13:33:17.995, 2, 100, 43801
2026/08/28 13:33:17.995, 3, 100, 43801
2026/08/28 13:33:18.495, 0, 100, 43817
2026/08/28 13:33:18.495, 1, 100, 43801
2026/08/28 13:33:18.496, 2, 100, 43801
2026/08/28 13:33:18.496, 3, 100, 43801
2026/08/28 13:33:18.996, 0, 100, 43817
2026/08/28 13:33:18.996, 1, 100, 43801
2026/08/28 13:33:18.996, 2, 100, 43801
2026/08/28 13:33:18.996, 3, 100, 43801
2026/08/28 13:33:19.496, 0, 100, 43817
2026/08/28 13:33:19.496, 1, 100, 43801
2026/08/28 13:33:19.496, 2, 100, 43801
2026/08/28 13:33:19.496, 3, 100, 43801
2026/08/28 13:33:19.996, 0, 100, 43817
2026/08/28 13:33:19.996, 1, 100, 43801
2026/08/28 13:33:19.996, 2, 100, 43801
2026/08/28 13:33:19.996, 3, 100, 43801
2026/08/28 13:33:20.496, 0, 100, 43817
2026/08/28 13:33:20.496, 1, 100, 43801
2026/08/28 13:33:20.496, 2, 100, 43801
2026/08/28 13:33:20.496, 3, 100, 43801
2026/08/28 13:33:20.996, 0, 100, 43817
2026/08/28 13:33:20.996, 1, 100, 43801
2026/08/28 13:33:20.996, 2, 100, 43801
2026/08/28 13:33:20.996, 3, 100, 43801
2026/08/28 13:33:21.496, 0, 100, 43817
2026/08/28 13:33:21.496, 1, 99, 43801
2026/08/28 13:33:21.496, 2, 100, 43801
2026/08/28 13:33:21.496, 3, 100, 43801
2026/08/28 13:33:21.996, 0, 100, 43817
2026/08/28 13:33:21.996, 1, 100, 43801
2026/08/28 13:33:21.996, 2, 100, 43801
2026/08/28 13:33:21.996, 3, 100, 43801
2026/08/28 13:33:22.497, 0, 100, 43817
2026/08/28 13:33:22.497, 1, 100, 43801
2026/08/28 13:33:22.497, 2, 100, 43801
2026/08/28 13:33:22.497, 3, 100, 43801
2026/08/28 13:33:22.997, 0, 100, 43817
2026/08/28 13:33:22.997, 1, 100, 43801
2026/08/28 13:33:22.997, 2, 100, 43801
2026/08/28 13:33:22.997, 3, 100, 43801
2026/08/28 13:33:23.497, 0, 100, 43817
2026/08/28 13:33:23.497, 1, 100, 43801
2026/08/28 13:33:23.497, 2, 100, 43801
2026/08/28 13:33:23.497, 3, 100, 43801
2026/08/28 13:33:23.997, 0, 100, 43817
2026/08/28 13:33:23.997, 1, 100, 43801
2026/08/28 13:33:23.997, 2, 100, 43801
2026/08/28 13:33:23.997, 3, 100, 43801
2026/08/28 13:33:24.497, 0, 100, 43817
2026/08/28 13:33:24.497, 1, 100, 43801
2026/08/28 13:33:24.497, 2, 100, 43801
2026/08/28 13:33:24.497, 3, 100, 43801
2026/08/28 13:33:24.997, 0, 100, 43817
2026/08/28 13:33:24.997, 1, 100, 43801
2026/08/28 13:33:24.997, 2, 100, 43801
2026/08/28 13:33:24.997, 3, 100, 43801
2026/08/28 13:33:25.497, 0, 100, 43817
2026/08/28 13:33:25.497, 1, 100, 43801
2026/08/28 13:33:25.497, 2, 100, 43801
2026/08/28 13:33:25.497, 3, 100, 43801
2026/08/28 13:33:25.998, 0, 100, 43817
2026/08/28 13:33:25.998, 1, 100, 43801
2026/08/28 13:33:25.998, 2, 100, 43801
2026/08/28 13:33:25.998, 3, 96, 43801
2026/08/28 13:33:26.498, 0, 100, 43817
2026/08/28 13:33:26.498, 1, 100, 43801
2026/08/28 13:33:26.498, 2, 100, 43801
2026/08/28 13:33:26.498, 3, 100, 43801
2026/08/28 13:33:26.998, 0, 100, 43817
2026/08/28 13:33:26.998, 1, 100, 43801
2026/08/28 13:33:26.998, 2, 100, 43801
2026/08/28 13:33:26.998, 3, 100, 43801
2026/08/28 13:33:27.498, 0, 100, 43817
2026/08/28 13:33:27.498, 1, 100, 43801
2026/08/28 13:33:27.498, 2, 100, 43801
2026/08/28 13:33:27.498, 3, 100, 43801
2026/08/28 13:33:27.998, 0, 100, 43817
2026/08/28 13:33:27.998, 1, 100, 43801
2026/08/28 13:33:27.998, 2, 100, 43801
2026/08/28 13:33:27.998, 3, 100, 43801
2026/08/28 13:33:28.498, 0, 100, 43817
2026/08/28 13:33:28.498, 1, 100, 43801
2026/08/28 13:33:28.498, 2, 100, 43801
2026/08/28 13:33:28.498, 3, 100, 43801
2026/08/28 13:33:28.998, 0, 100, 43817
2026/08/28 13:33:28.998, 1, 100, 43801
2026/08/28 13:33:28.998, 2, 100, 43801
2026/08/28 13:33:28.998, 3, 100, 43801
2026/08/28 13:33:29.498, 0, 100, 43817
2026/08/28 13:33:29.498, 1, 100, 43801
2026/08/28 13:33:29.498, 2, 100, 43801
2026/08/28 13:33:29.499, 3, 100, 43801
2026/08/28 13:33:29.999, 0, 100, 43817
2026/08/28 13:33:29.999, 1, 100, 43801
2026/08/28 13:33:29.999, 2, 100, 43801
2026/08/28 13:33:29.999, 3, 100, 43801
2026/08/28 13:33:30.499, 0, 98, 43817
2026/08/28 13:33:30.499, 1, 100, 43801
2026/08/28 13:33:30.499, 2, 93, 43801
2026/08/28 13:33:30.499, 3, 68, 43801
2026/08/28 13:33:30.999, 0, 0, 43817
2026/08/28 13:33:30.999, 1, 0, 43801
2026/08/28 13:33:30.999, 2, 0, 43801
2026/08/28 13:33:30.999, 3, 0, 43801
2026/08/28 13:33:31.499, 0, 0, 43817
2026/08/28 13:33:31.499, 1, 0, 43801
2026/08/28 13:33:31.499, 2, 0, 43801
2026/08/28 13:33:31.499, 3, 0, 43801
2026/08/28 13:33:31.999, 0, 0, 43817
2026/08/28 13:33:31.999, 1, 0, 43801
2026/08/28 13:33:31.999, 2, 0, 43801
2026/08/28 13:33:31.999, 3, 0, 43801
2026/08/28 13:33:32.499, 0, 0, 43817
2026/08/28 13:33:32.499, 1, 0, 43801
2026/08/28 13:33:32.499, 2, 0, 43801
2026/08/28 13:33:32.499, 3, 0, 43801
2026/08/28 13:33:32.999, 0, 100, 43817
2026/08/28 13:33:33.000, 1, 100, 43801
2026/08/28 13:33:33.000, 2, 100, 43801
2026/08/28 13:33:33.000, 3, 100, 43801
2026/08/28 13:33:33.500, 0, 100, 43817
2026/08/28 13:33:33.500, 1, 100, 43801
2026/08/28 13:33:33.500, 2, 100, 43801
2026/08/28 13:33:33.500, 3, 100, 43801
2026/08/28 13:33:34.000, 0, 100, 43817
2026/08/28 13:33:34.000, 1, 100, 43801
2026/08/28 13:33:34.000, 2, 100, 43801
2026/08/28 13:33:34.000, 3, 100, 43801
2026/08/28 13:33:34.500, 0, 100, 43817
2026/08/28 13:33:34.500, 1, 100, 43801
2026/08/28 13:33:34.500, 2, 100, 43801
2026/08/28 13:33:34.500, 3, 100, 43801
2026/08/28 13:33:35.000, 0, 100, 43817
2026/08/28 13:33:35.000, 1, 100, 43801
2026/08/28 13:33:35.000, 2, 100, 43801
2026/08/28 13:33:35.000, 3, 100, 43801
2026/08/28 13:33:35.500, 0, 100, 43817
2026/08/28 13:33:35.500, 1, 100, 43801
2026/08/28 13:33:35.500, 2, 100, 43801
2026/08/28 13:33:35.500, 3, 100, 43801
2026/08/28 13:33:36.000, 0, 100, 43817
2026/08/28 13:33:36.000, 1, 100, 43801
2026/08/28 13:33:36.000, 2, 100, 43801
2026/08/28 13:33:36.000, 3, 100, 43801
2026/08/28 13:33:36.500, 0, 100, 43817
2026/08/28 13:33:36.500, 1, 100, 43801
2026/08/28 13:33:36.500, 2, 100, 43801
2026/08/28 13:33:36.500, 3, 100, 43801
2026/08/28 13:33:37.001, 0, 100, 43817
2026/08/28 13:33:37.001, 1, 100, 43801
2026/08/28 13:33:37.001, 2, 100, 43801
2026/08/28 13:33:37.001, 3, 100, 43801
2026/08/28 13:33:37.501, 0, 99, 43817
2026/08/28 13:33:37.501, 1, 99, 43801
2026/08/28 13:33:37.501, 2, 99, 43801
2026/08/28 13:33:37.501, 3, 99, 43801
2026/08/28 13:33:38.001, 0, 100, 43817
2026/08/28 13:33:38.001, 1, 100, 43801
2026/08/28 13:33:38.001, 2, 100, 43801
2026/08/28 13:33:38.001, 3, 100, 43801
2026/08/28 13:33:38.501, 0, 100, 43817
2026/08/28 13:33:38.501, 1, 100, 43801
2026/08/28 13:33:38.501, 2, 100, 43801
2026/08/28 13:33:38.501, 3, 100, 43801
2026/08/28 13:33:39.001, 0, 100, 43817
2026/08/28 13:33:39.001, 1, 100, 43801
2026/08/28 13:33:39.001, 2, 100, 43801
2026/08/28 13:33:39.001, 3, 100, 43801
2026/08/28 13:33:39.501, 0, 100, 43817
2026/08/28 13:33:39.501, 1, 100, 43801
2026/08/28 13:33:39.501, 2, 100, 43801
2026/08/28 13:33:39.501, 3, 100, 43801
2026/08/28 13:33:40.002, 0, 100, 43817
2026/08/28 13:33:40.002, 1, 100, 43801
2026/08/28 13:33:40.002, 2, 100, 43801
2026/08/28 13:33:40.002, 3, 100, 43801
2026/08/28 13:33:40.502, 0, 100, 43817
2026/08/28 13:33:40.502, 1, 100, 43801
2026/08/28 13:33:40.502, 2, 100, 43801
2026/08/28 13:33:40.502, 3, 100, 43801
2026/08/28 13:33:41.002, 0, 100, 43817
2026/08/28 13:33:41.002, 1, 100, 43801
2026/08/28 13:33:41.002, 2, 100, 43801
2026/08/28 13:33:41.002, 3, 100, 43801
2026/08/28 13:33:41.502, 0, 100, 43817
2026/08/28 13:33:41.502, 1, 100, 43801
2026/08/28 13:33:41.502, 2, 100, 43801
2026/08/28 13:33:41.502, 3, 100, 43801
2026/08/28 13:33:42.002, 0, 99, 43817
2026/08/28 13:33:42.002, 1, 99, 43801
2026/08/28 13:33:42.002, 2, 100, 43801
2026/08/28 13:33:42.002, 3, 99, 43801
2026/08/28 13:33:42.503, 0, 100, 43817
2026/08/28 13:33:42.503, 1, 100, 43801
2026/08/28 13:33:42.503, 2, 100, 43801
2026/08/28 13:33:42.503, 3, 100, 43801
2026/08/28 13:33:43.003, 0, 100, 43817
2026/08/28 13:33:43.003, 1, 100, 43801
2026/08/28 13:33:43.003, 2, 100, 43801
2026/08/28 13:33:43.003, 3, 100, 43801
2026/08/28 13:33:43.503, 0, 100, 43817
2026/08/28 13:33:43.503, 1, 100, 43801
2026/08/28 13:33:43.503, 2, 100, 43801
2026/08/28 13:33:43.503, 3, 100, 43801
2026/08/28 13:33:44.003, 0, 100, 43817
2026/08/28 13:33:44.006, 1, 100, 43801
2026/08/28 13:33:44.012, 2, 100, 43801
2026/08/28 13:33:44.012, 3, 100, 43801
2026/08/28 13:33:44.513, 0, 100, 43817
2026/08/28 13:33:44.513, 1, 100, 43801
2026/08/28 13:33:44.513, 2, 100, 43801
2026/08/28 13:33:44.513, 3, 100, 43801
2026/08/28 13:33:45.013, 0, 100, 43817
2026/08/28 13:33:45.013, 1, 100, 43801
2026/08/28 13:33:45.013, 2, 100, 43801
2026/08/28 13:33:45.013, 3, 100, 43801
2026/08/28 13:33:45.513, 0, 100, 43817
2026/08/28 13:33:45.513, 1, 100, 43801
2026/08/28 13:33:45.513, 2, 100, 43801
2026/08/28 13:33:45.513, 3, 100, 43801
2026/08/28 13:33:46.013, 0, 100, 43817
2026/08/28 13:33:46.013, 1, 100, 43801
2026/08/28 13:33:46.013, 2, 100, 43801
2026/08/28 13:33:46.013, 3, 100, 43801
2026/08/28 13:33:46.513, 0, 100, 43817
2026/08/28 13:33:46.513, 1, 100, 43801
2026/08/28 13:33:46.513, 2, 100, 43801
2026/08/28 13:33:46.513, 3, 99, 43801
2026/08/28 13:33:47.013, 0, 100, 43817
2026/08/28 13:33:47.013, 1, 100, 43801
2026/08/28 13:33:47.013, 2, 100, 43801
2026/08/28 13:33:47.013, 3, 100, 43801
2026/08/28 13:33:47.514, 0, 100, 43817
2026/08/28 13:33:47.514, 1, 100, 43801
2026/08/28 13:33:47.514, 2, 100, 43801
2026/08/28 13:33:47.514, 3, 100, 43801
2026/08/28 13:33:48.014, 0, 100, 43817
2026/08/28 13:33:48.014, 1, 100, 43801
2026/08/28 13:33:48.014, 2, 100, 43801
2026/08/28 13:33:48.014, 3, 100, 43801
2026/08/28 13:33:48.514, 0, 100, 43817
2026/08/28 13:33:48.514, 1, 100, 43801
2026/08/28 13:33:48.514, 2, 100, 43801
2026/08/28 13:33:48.514, 3, 100, 43801
2026/08/28 13:33:49.014, 0, 100, 43817
2026/08/28 13:33:49.016, 1, 100, 43801
2026/08/28 13:33:49.016, 2, 100, 43801
2026/08/28 13:33:49.016, 3, 100, 43801
2026/08/28 13:33:49.517, 0, 100, 43817
2026/08/28 13:33:49.517, 1, 100, 43801
2026/08/28 13:33:49.517, 2, 100, 43801
2026/08/28 13:33:49.517, 3, 100, 43801
2026/08/28 13:33:50.017, 0, 100, 43817
2026/08/28 13:33:50.017, 1, 100, 43801
2026/08/28 13:33:50.017, 2, 100, 43801
2026/08/28 13:33:50.017, 3, 100, 43801
2026/08/28 13:33:50.517, 0, 100, 43817
2026/08/28 13:33:50.518, 1, 100, 43801
2026/08/28 13:33:50.518, 2, 100, 43801
2026/08/28 13:33:50.518, 3, 100, 43801
2026/08/28 13:33:51.018, 0, 0, 43817
2026/08/28 13:33:51.018, 1, 0, 43801
2026/08/28 13:33:51.018, 2, 0, 43801
2026/08/28 13:33:51.018, 3, 0, 43801
2026/08/28 13:33:51.518, 0, 0, 43817
2026/08/28 13:33:51.518, 1, 0, 43801
2026/08/28 13:33:51.518, 2, 0, 43801
2026/08/28 13:33:51.518, 3, 0, 43801
2026/08/28 13:33:52.018, 0, 0, 43817
2026/08/28 13:33:52.018, 1, 0, 43801
2026/08/28 13:33:52.018, 2, 0, 43801
2026/08/28 13:33:52.018, 3, 0, 43801
2026/08/28 13:33:52.518, 0, 0, 43817
2026/08/28 13:33:52.518, 1, 0, 43801
2026/08/28 13:33:52.518, 2, 0, 43801
2026/08/28 13:33:52.518, 3, 0, 43801
2026/08/28 13:33:53.018, 0, 100, 43817
2026/08/28 13:33:53.018, 1, 93, 43801
2026/08/28 13:33:53.018, 2, 100, 43801
2026/08/28 13:33:53.018, 3, 85, 43801
2026/08/28 13:33:53.519, 0, 100, 43817
2026/08/28 13:33:53.519, 1, 100, 43801
2026/08/28 13:33:53.519, 2, 100, 43801
2026/08/28 13:33:53.519, 3, 100, 43801
2026/08/28 13:33:54.019, 0, 100, 43817
2026/08/28 13:33:54.019, 1, 100, 43801
2026/08/28 13:33:54.019, 2, 100, 43801
2026/08/28 13:33:54.019, 3, 100, 43801
2026/08/28 13:33:54.519, 0, 100, 43817
2026/08/28 13:33:54.519, 1, 100, 43801
2026/08/28 13:33:54.519, 2, 100, 43801
2026/08/28 13:33:54.519, 3, 100, 43801
2026/08/28 13:33:55.019, 0, 100, 43817
2026/08/28 13:33:55.019, 1, 100, 43801
2026/08/28 13:33:55.019, 2, 100, 43801
2026/08/28 13:33:55.019, 3, 100, 43801
2026/08/28 13:33:55.519, 0, 100, 43817
2026/08/28 13:33:55.519, 1, 100, 43801
2026/08/28 13:33:55.519, 2, 100, 43801
2026/08/28 13:33:55.519, 3, 100, 43801
2026/08/28 13:33:56.019, 0, 100, 43817
2026/08/28 13:33:56.019, 1, 100, 43801
2026/08/28 13:33:56.019, 2, 100, 43801
2026/08/28 13:33:56.019, 3, 100, 43801
2026/08/28 13:33:56.519, 0, 100, 43817
2026/08/28 13:33:56.520, 1, 100, 43801
2026/08/28 13:33:56.520, 2, 100, 43801
2026/08/28 13:33:56.520, 3, 100, 43801
2026/08/28 13:33:57.020, 0, 100, 43817
2026/08/28 13:33:57.020, 1, 100, 43801
2026/08/28 13:33:57.020, 2, 100, 43801
2026/08/28 13:33:57.020, 3, 100, 43801
2026/08/28 13:33:57.520, 0, 100, 43817
2026/08/28 13:33:57.520, 1, 100, 43801
2026/08/28 13:33:57.520, 2, 100, 43801
2026/08/28 13:33:57.520, 3, 78, 43801
2026/08/28 13:33:58.020, 0, 100, 43817
2026/08/28 13:33:58.020, 1, 100, 43801
2026/08/28 13:33:58.020, 2, 100, 43801
2026/08/28 13:33:58.020, 3, 100, 43801
2026/08/28 13:33:58.520, 0, 100, 43817
2026/08/28 13:33:58.520, 1, 100, 43801
2026/08/28 13:33:58.520, 2, 100, 43801
2026/08/28 13:33:58.520, 3, 100, 43801
2026/08/28 13:33:59.020, 0, 100, 43817
2026/08/28 13:33:59.020, 1, 100, 43801
2026/08/28 13:33:59.020, 2, 100, 43801
2026/08/28 13:33:59.020, 3, 100, 43801
2026/08/28 13:33:59.520, 0, 100, 43817
2026/08/28 13:33:59.520, 1, 100, 43801
2026/08/28 13:33:59.520, 2, 100, 43801
2026/08/28 13:33:59.520, 3, 100, 43801
2026/08/28 13:34:00.021, 0, 100, 43817
2026/08/28 13:34:00.021, 1, 100, 43801
2026/08/28 13:34:00.021, 2, 100, 43801
2026/08/28 13:34:00.021, 3, 100, 43801
2026/08/28 13:34:00.521, 0, 100, 43817
2026/08/28 13:34:00.521, 1, 100, 43801
2026/08/28 13:34:00.521, 2, 100, 43801
2026/08/28 13:34:00.521, 3, 100, 43801
2026/08/28 13:34:01.021, 0, 100, 43817
2026/08/28 13:34:01.021, 1, 100, 43801
2026/08/28 13:34:01.021, 2, 100, 43801
2026/08/28 13:34:01.021, 3, 100, 43801
2026/08/28 13:34:01.521, 0, 100, 43817
2026/08/28 13:34:01.521, 1, 100, 43801
2026/08/28 13:34:01.521, 2, 100, 43801
2026/08/28 13:34:01.521, 3, 100, 43801
2026/08/28 13:34:02.021, 0, 100, 43817
2026/08/28 13:34:02.021, 1, 100, 43801
2026/08/28 13:34:02.021, 2, 100, 43801
2026/08/28 13:34:02.021, 3, 100, 43801
2026/08/28 13:34:02.521, 0, 100, 43817
2026/08/28 13:34:02.521, 1, 99, 43801
2026/08/28 13:34:02.521, 2, 100, 43801
2026/08/28 13:34:02.521, 3, 100, 43801
2026/08/28 13:34:03.021, 0, 100, 43817
2026/08/28 13:34:03.022, 1, 100, 43801
2026/08/28 13:34:03.022, 2, 100, 43801
2026/08/28 13:34:03.022, 3, 100, 43801
2026/08/28 13:34:03.522, 0, 100, 43817
2026/08/28 13:34:03.522, 1, 100, 43801
2026/08/28 13:34:03.522, 2, 100, 43801
2026/08/28 13:34:03.522, 3, 100, 43801
2026/08/28 13:34:04.022, 0, 100, 43817
2026/08/28 13:34:04.022, 1, 100, 43801
2026/08/28 13:34:04.022, 2, 100, 43801
2026/08/28 13:34:04.022, 3, 100, 43801
2026/08/28 13:34:04.522, 0, 100, 43817
2026/08/28 13:34:04.522, 1, 100, 43801
2026/08/28 13:34:04.522, 2, 100, 43801
2026/08/28 13:34:04.522, 3, 100, 43801
2026/08/28 13:34:05.022, 0, 100, 43817
2026/08/28 13:34:05.022, 1, 100, 43801
2026/08/28 13:34:05.022, 2, 100, 43801
2026/08/28 13:34:05.022, 3, 100, 43801
2026/08/28 13:34:05.522, 0, 100, 43817
2026/08/28 13:34:05.522, 1, 100, 43801
2026/08/28 13:34:05.522, 2, 100, 43801
2026/08/28 13:34:05.522, 3, 100, 43801
2026/08/28 13:34:06.023, 0, 100, 43817
2026/08/28 13:34:06.023, 1, 100, 43801
2026/08/28 13:34:06.023, 2, 100, 43801
2026/08/28 13:34:06.023, 3, 100, 43801
2026/08/28 13:34:06.523, 0, 100, 43817
2026/08/28 13:34:06.523, 1, 100, 43801
2026/08/28 13:34:06.523, 2, 100, 43801
2026/08/28 13:34:06.523, 3, 100, 43801
2026/08/28 13:34:07.023, 0, 100, 43817
2026/08/28 13:34:07.023, 1, 100, 43801
2026/08/28 13:34:07.023, 2, 100, 43801
2026/08/28 13:34:07.023, 3, 99, 43801
2026/08/28 13:34:07.523, 0, 100, 43817
2026/08/28 13:34:07.523, 1, 100, 43801
2026/08/28 13:34:07.523, 2, 100, 43801
2026/08/28 13:34:07.523, 3, 100, 43801
2026/08/28 13:34:08.023, 0, 100, 43817
2026/08/28 13:34:08.023, 1, 100, 43801
2026/08/28 13:34:08.023, 2, 100, 43801
2026/08/28 13:34:08.023, 3, 100, 43801
2026/08/28 13:34:08.523, 0, 100, 43817
2026/08/28 13:34:08.523, 1, 100, 43801
2026/08/28 13:34:08.523, 2, 100, 43801
2026/08/28 13:34:08.523, 3, 100, 43801
2026/08/28 13:34:09.024, 0, 100, 43817
2026/08/28 13:34:09.024, 1, 100, 43801
2026/08/28 13:34:09.024, 2, 100, 43801
2026/08/28 13:34:09.024, 3, 100, 43801
2026/08/28 13:34:09.524, 0, 100, 43817
2026/08/28 13:34:09.524, 1, 100, 43801
2026/08/28 13:34:09.524, 2, 100, 43801
2026/08/28 13:34:09.524, 3, 100, 43801
2026/08/28 13:34:10.024, 0, 100, 43817
2026/08/28 13:34:10.024, 1, 100, 43801
2026/08/28 13:34:10.024, 2, 100, 43801
2026/08/28 13:34:10.024, 3, 100, 43801
2026/08/28 13:34:10.524, 0, 100, 43817
2026/08/28 13:34:10.524, 1, 100, 43801
2026/08/28 13:34:10.524, 2, 100, 43801
2026/08/28 13:34:10.524, 3, 100, 43801
2026/08/28 13:34:11.024, 0, 100, 43817
2026/08/28 13:34:11.024, 1, 100, 43801
2026/08/28 13:34:11.024, 2, 100, 43801
2026/08/28 13:34:11.024, 3, 100, 43801
2026/08/28 13:34:11.524, 0, 0, 43817
2026/08/28 13:34:11.525, 1, 0, 43801
2026/08/28 13:34:11.525, 2, 0, 43801
2026/08/28 13:34:11.525, 3, 0, 43801
2026/08/28 13:34:12.025, 0, 0, 43817
2026/08/28 13:34:12.025, 1, 0, 43801
2026/08/28 13:34:12.025, 2, 0, 43801
2026/08/28 13:34:12.025, 3, 0, 43801
2026/08/28 13:34:12.525, 0, 0, 43817
2026/08/28 13:34:12.525, 1, 0, 43801
2026/08/28 13:34:12.525, 2, 0, 43801
2026/08/28 13:34:12.525, 3, 0, 43801
2026/08/28 13:34:13.025, 0, 0, 43817
2026/08/28 13:34:13.025, 1, 0, 43801
2026/08/28 13:34:13.025, 2, 0, 43801
2026/08/28 13:34:13.025, 3, 0, 43801
2026/08/28 13:34:13.525, 0, 56, 43817
2026/08/28 13:34:13.525, 1, 0, 43801
2026/08/28 13:34:13.525, 2, 67, 43801
2026/08/28 13:34:13.525, 3, 100, 43801
2026/08/28 13:34:14.025, 0, 100, 43817
2026/08/28 13:34:14.025, 1, 100, 43801
2026/08/28 13:34:14.025, 2, 100, 43801
2026/08/28 13:34:14.025, 3, 100, 43801
2026/08/28 13:34:14.526, 0, 100, 43817
2026/08/28 13:34:14.526, 1, 100, 43801
2026/08/28 13:34:14.526, 2, 100, 43801
2026/08/28 13:34:14.526, 3, 100, 43801
2026/08/28 13:34:15.026, 0, 100, 43817
2026/08/28 13:34:15.026, 1, 100, 43801
2026/08/28 13:34:15.026, 2, 100, 43801
2026/08/28 13:34:15.026, 3, 100, 43801
2026/08/28 13:34:15.526, 0, 100, 43817
2026/08/28 13:34:15.526, 1, 100, 43801
2026/08/28 13:34:15.526, 2, 100, 43801
2026/08/28 13:34:15.526, 3, 100, 43801
2026/08/28 13:34:16.026, 0, 100, 43817
2026/08/28 13:34:16.026, 1, 100, 43801
2026/08/28 13:34:16.026, 2, 100, 43801
2026/08/28 13:34:16.026, 3, 100, 43801
2026/08/28 13:34:16.526, 0, 100, 43817
2026/08/28 13:34:16.526, 1, 100, 43801
2026/08/28 13:34:16.526, 2, 100, 43801
2026/08/28 13:34:16.526, 3, 100, 43801
2026/08/28 13:34:17.026, 0, 100, 43817
2026/08/28 13:34:17.026, 1, 100, 43801
2026/08/28 13:34:17.026, 2, 100, 43801
2026/08/28 13:34:17.026, 3, 100, 43801
2026/08/28 13:34:17.526, 0, 100, 43817
2026/08/28 13:34:17.526, 1, 100, 43801
2026/08/28 13:34:17.526, 2, 100, 43801
2026/08/28 13:34:17.526, 3, 100, 43801
2026/08/28 13:34:18.027, 0, 71, 43817
2026/08/28 13:34:18.027, 1, 72, 43801
2026/08/28 13:34:18.027, 2, 71, 43801
2026/08/28 13:34:18.027, 3, 100, 43801
2026/08/28 13:34:18.527, 0, 100, 43817
2026/08/28 13:34:18.527, 1, 100, 43801
2026/08/28 13:34:18.527, 2, 100, 43801
2026/08/28 13:34:18.527, 3, 100, 43801
2026/08/28 13:34:19.027, 0, 100, 43817
2026/08/28 13:34:19.027, 1, 100, 43801
2026/08/28 13:34:19.027, 2, 100, 43801
2026/08/28 13:34:19.027, 3, 100, 43801
2026/08/28 13:34:19.527, 0, 100, 43817
2026/08/28 13:34:19.527, 1, 100, 43801
2026/08/28 13:34:19.527, 2, 100, 43801
2026/08/28 13:34:19.527, 3, 100, 43801
2026/08/28 13:34:20.027, 0, 100, 43817
2026/08/28 13:34:20.027, 1, 100, 43801
2026/08/28 13:34:20.027, 2, 100, 43801
2026/08/28 13:34:20.027, 3, 100, 43801
2026/08/28 13:34:20.527, 0, 100, 43817
2026/08/28 13:34:20.527, 1, 100, 43801
2026/08/28 13:34:20.527, 2, 100, 43801
2026/08/28 13:34:20.527, 3, 100, 43801
2026/08/28 13:34:21.027, 0, 100, 43817
2026/08/28 13:34:21.027, 1, 100, 43801
2026/08/28 13:34:21.027, 2, 100, 43801
2026/08/28 13:34:21.027, 3, 100, 43801
2026/08/28 13:34:21.527, 0, 100, 43817
2026/08/28 13:34:21.528, 1, 100, 43801
2026/08/28 13:34:21.528, 2, 100, 43801
2026/08/28 13:34:21.528, 3, 100, 43801
2026/08/28 13:34:22.028, 0, 100, 43817
2026/08/28 13:34:22.028, 1, 100, 43801
2026/08/28 13:34:22.028, 2, 100, 43801
2026/08/28 13:34:22.028, 3, 100, 43801
2026/08/28 13:34:22.528, 0, 100, 43817
2026/08/28 13:34:22.528, 1, 100, 43801
2026/08/28 13:34:22.528, 2, 100, 43801
2026/08/28 13:34:22.528, 3, 94, 43801
2026/08/28 13:34:23.028, 0, 100, 43817
2026/08/28 13:34:23.028, 1, 100, 43801
2026/08/28 13:34:23.028, 2, 100, 43801
2026/08/28 13:34:23.028, 3, 100, 43801
2026/08/28 13:34:23.528, 0, 100, 43817
2026/08/28 13:34:23.528, 1, 100, 43801
2026/08/28 13:34:23.528, 2, 100, 43801
2026/08/28 13:34:23.528, 3, 100, 43801
2026/08/28 13:34:24.028, 0, 100, 43817
2026/08/28 13:34:24.028, 1, 100, 43801
2026/08/28 13:34:24.028, 2, 100, 43801
2026/08/28 13:34:24.028, 3, 100, 43801
2026/08/28 13:34:24.529, 0, 100, 43817
2026/08/28 13:34:24.529, 1, 100, 43801
2026/08/28 13:34:24.529, 2, 100, 43801
2026/08/28 13:34:24.529, 3, 100, 43801
2026/08/28 13:34:25.029, 0, 100, 43817
2026/08/28 13:34:25.029, 1, 100, 43801
2026/08/28 13:34:25.029, 2, 100, 43801
2026/08/28 13:34:25.029, 3, 100, 43801
2026/08/28 13:34:25.529, 0, 100, 43817
2026/08/28 13:34:25.529, 1, 100, 43801
2026/08/28 13:34:25.529, 2, 100, 43801
2026/08/28 13:34:25.529, 3, 100, 43801
2026/08/28 13:34:26.029, 0, 100, 43817
2026/08/28 13:34:26.029, 1, 100, 43801
2026/08/28 13:34:26.029, 2, 100, 43801
2026/08/28 13:34:26.029, 3, 100, 43801
2026/08/28 13:34:26.529, 0, 100, 43817
2026/08/28 13:34:26.529, 1, 100, 43801
2026/08/28 13:34:26.529, 2, 100, 43801
2026/08/28 13:34:26.529, 3, 100, 43801
2026/08/28 13:34:27.030, 0, 100, 43817
2026/08/28 13:34:27.030, 1, 100, 43801
2026/08/28 13:34:27.030, 2, 100, 43801
2026/08/28 13:34:27.030, 3, 100, 43801
2026/08/28 13:34:27.530, 0, 99, 43817
2026/08/28 13:34:27.530, 1, 99, 43801
2026/08/28 13:34:27.530, 2, 100, 43801
2026/08/28 13:34:27.530, 3, 100, 43801
2026/08/28 13:34:28.030, 0, 100, 43817
2026/08/28 13:34:28.030, 1, 100, 43801
2026/08/28 13:34:28.030, 2, 100, 43801
2026/08/28 13:34:28.030, 3, 100, 43801
2026/08/28 13:34:28.530, 0, 100, 43817
2026/08/28 13:34:28.530, 1, 100, 43801
2026/08/28 13:34:28.530, 2, 100, 43801
2026/08/28 13:34:28.530, 3, 100, 43801
2026/08/28 13:34:29.030, 0, 100, 43817
2026/08/28 13:34:29.030, 1, 100, 43801
2026/08/28 13:34:29.030, 2, 100, 43801
2026/08/28 13:34:29.030, 3, 100, 43801
2026/08/28 13:34:29.530, 0, 100, 43817
2026/08/28 13:34:29.531, 1, 100, 43801
2026/08/28 13:34:29.531, 2, 100, 43801
2026/08/28 13:34:29.531, 3, 100, 43801
2026/08/28 13:34:30.031, 0, 100, 43817
2026/08/28 13:34:30.031, 1, 100, 43801
2026/08/28 13:34:30.031, 2, 100, 43801
2026/08/28 13:34:30.031, 3, 100, 43801
2026/08/28 13:34:30.531, 0, 100, 43817
2026/08/28 13:34:30.531, 1, 100, 43801
2026/08/28 13:34:30.531, 2, 100, 43801
2026/08/28 13:34:30.531, 3, 100, 43801
2026/08/28 13:34:31.031, 0, 100, 43817
2026/08/28 13:34:31.031, 1, 100, 43801
2026/08/28 13:34:31.031, 2, 100, 43801
2026/08/28 13:34:31.031, 3, 100, 43801
2026/08/28 13:34:31.531, 0, 100, 43817
2026/08/28 13:34:31.531, 1, 100, 43801
2026/08/28 13:34:31.531, 2, 100, 43801
2026/08/28 13:34:31.531, 3, 100, 43801
2026/08/28 13:34:32.032, 0, 0, 43817
2026/08/28 13:34:32.032, 1, 0, 43801
2026/08/28 13:34:32.032, 2, 0, 43801
2026/08/28 13:34:32.032, 3, 0, 43801
2026/08/28 13:34:32.532, 0, 0, 43817
2026/08/28 13:34:32.532, 1, 0, 43801
2026/08/28 13:34:32.532, 2, 0, 43801
2026/08/28 13:34:32.532, 3, 0, 43801
2026/08/28 13:34:33.032, 0, 0, 43817
2026/08/28 13:34:33.032, 1, 0, 43801
2026/08/28 13:34:33.032, 2, 0, 43801
2026/08/28 13:34:33.032, 3, 0, 43801
2026/08/28 13:34:33.532, 0, 0, 43817
2026/08/28 13:34:33.532, 1, 0, 43801
2026/08/28 13:34:33.532, 2, 0, 43801
2026/08/28 13:34:33.532, 3, 0, 43801
2026/08/28 13:34:34.032, 0, 0, 43817
2026/08/28 13:34:34.032, 1, 78, 43801
2026/08/28 13:34:34.032, 2, 89, 43801
2026/08/28 13:34:34.032, 3, 0, 43801
2026/08/28 13:34:34.532, 0, 100, 43817
2026/08/28 13:34:34.533, 1, 100, 43801
2026/08/28 13:34:34.533, 2, 100, 43801
2026/08/28 13:34:34.533, 3, 100, 43801
2026/08/28 13:34:35.033, 0, 100, 43817
2026/08/28 13:34:35.033, 1, 100, 43801
2026/08/28 13:34:35.033, 2, 100, 43801
2026/08/28 13:34:35.033, 3, 100, 43801
2026/08/28 13:34:35.533, 0, 100, 43817
2026/08/28 13:34:35.533, 1, 100, 43801
2026/08/28 13:34:35.533, 2, 100, 43801
2026/08/28 13:34:35.533, 3, 100, 43801
2026/08/28 13:34:36.033, 0, 100, 43817
2026/08/28 13:34:36.033, 1, 100, 43801
2026/08/28 13:34:36.033, 2, 100, 43801
2026/08/28 13:34:36.033, 3, 100, 43801
2026/08/28 13:34:36.533, 0, 100, 43817
2026/08/28 13:34:36.533, 1, 100, 43801
2026/08/28 13:34:36.533, 2, 100, 43801
2026/08/28 13:34:36.533, 3, 100, 43801
2026/08/28 13:34:37.033, 0, 100, 43817
2026/08/28 13:34:37.033, 1, 100, 43801
2026/08/28 13:34:37.034, 2, 100, 43801
2026/08/28 13:34:37.034, 3, 100, 43801
2026/08/28 13:34:37.534, 0, 100, 43817
2026/08/28 13:34:37.534, 1, 100, 43801
2026/08/28 13:34:37.534, 2, 100, 43801
2026/08/28 13:34:37.534, 3, 100, 43801
2026/08/28 13:34:38.034, 0, 100, 43817
2026/08/28 13:34:38.034, 1, 100, 43801
2026/08/28 13:34:38.034, 2, 100, 43801
2026/08/28 13:34:38.034, 3, 100, 43801
2026/08/28 13:34:38.534, 0, 100, 43817
2026/08/28 13:34:38.534, 1, 100, 43801
2026/08/28 13:34:38.534, 2, 100, 43801
2026/08/28 13:34:38.534, 3, 100, 43801
2026/08/28 13:34:39.034, 0, 100, 43817
2026/08/28 13:34:39.034, 1, 100, 43801
2026/08/28 13:34:39.034, 2, 100, 43801
2026/08/28 13:34:39.034, 3, 99, 43801
2026/08/28 13:34:39.534, 0, 100, 43817
2026/08/28 13:34:39.535, 1, 100, 43801
2026/08/28 13:34:39.535, 2, 100, 43801
2026/08/28 13:34:39.535, 3, 100, 43801
2026/08/28 13:34:40.035, 0, 100, 43817
2026/08/28 13:34:40.035, 1, 100, 43801
2026/08/28 13:34:40.035, 2, 100, 43801
2026/08/28 13:34:40.035, 3, 100, 43801
2026/08/28 13:34:40.535, 0, 100, 43817
2026/08/28 13:34:40.535, 1, 100, 43801
2026/08/28 13:34:40.535, 2, 100, 43801
2026/08/28 13:34:40.535, 3, 100, 43801
2026/08/28 13:34:41.035, 0, 100, 43817
2026/08/28 13:34:41.035, 1, 100, 43801
2026/08/28 13:34:41.035, 2, 100, 43801
2026/08/28 13:34:41.035, 3, 100, 43801
2026/08/28 13:34:41.535, 0, 100, 43817
2026/08/28 13:34:41.535, 1, 100, 43801
2026/08/28 13:34:41.535, 2, 100, 43801
2026/08/28 13:34:41.535, 3, 100, 43801
2026/08/28 13:34:42.035, 0, 100, 43817
2026/08/28 13:34:42.035, 1, 100, 43801
2026/08/28 13:34:42.035, 2, 100, 43801
2026/08/28 13:34:42.035, 3, 100, 43801
2026/08/28 13:34:42.535, 0, 100, 43817
2026/08/28 13:34:42.535, 1, 100, 43801
2026/08/28 13:34:42.535, 2, 100, 43801
2026/08/28 13:34:42.535, 3, 100, 43801
2026/08/28 13:34:43.035, 0, 100, 43817
2026/08/28 13:34:43.035, 1, 100, 43801
2026/08/28 13:34:43.035, 2, 100, 43801
2026/08/28 13:34:43.035, 3, 100, 43801
2026/08/28 13:34:43.536, 0, 100, 43817
2026/08/28 13:34:43.536, 1, 99, 43801
2026/08/28 13:34:43.536, 2, 99, 43801
2026/08/28 13:34:43.536, 3, 99, 43801
2026/08/28 13:34:44.036, 0, 100, 43817
2026/08/28 13:34:44.036, 1, 100, 43801
2026/08/28 13:34:44.036, 2, 100, 43801
2026/08/28 13:34:44.036, 3, 100, 43801
2026/08/28 13:34:44.536, 0, 100, 43817
2026/08/28 13:34:44.536, 1, 100, 43801
2026/08/28 13:34:44.536, 2, 100, 43801
2026/08/28 13:34:44.536, 3, 100, 43801
2026/08/28 13:34:45.036, 0, 100, 43817
2026/08/28 13:34:45.036, 1, 100, 43801
2026/08/28 13:34:45.036, 2, 100, 43801
2026/08/28 13:34:45.036, 3, 100, 43801
2026/08/28 13:34:45.536, 0, 100, 43817
2026/08/28 13:34:45.536, 1, 100, 43801
2026/08/28 13:34:45.536, 2, 100, 43801
2026/08/28 13:34:45.536, 3, 100, 43801
2026/08/28 13:34:46.036, 0, 100, 43817
2026/08/28 13:34:46.037, 1, 100, 43801
2026/08/28 13:34:46.037, 2, 100, 43801
2026/08/28 13:34:46.037, 3, 100, 43801
2026/08/28 13:34:46.537, 0, 100, 43817
2026/08/28 13:34:46.537, 1, 100, 43801
2026/08/28 13:34:46.537, 2, 100, 43801
2026/08/28 13:34:46.537, 3, 100, 43801
2026/08/28 13:34:47.037, 0, 100, 43817
2026/08/28 13:34:47.037, 1, 100, 43801
2026/08/28 13:34:47.037, 2, 100, 43801
2026/08/28 13:34:47.037, 3, 100, 43801
2026/08/28 13:34:47.537, 0, 100, 43817
2026/08/28 13:34:47.537, 1, 100, 43801
2026/08/28 13:34:47.537, 2, 100, 43801
2026/08/28 13:34:47.537, 3, 100, 43801
2026/08/28 13:34:48.037, 0, 100, 43817
2026/08/28 13:34:48.037, 1, 99, 43801
2026/08/28 13:34:48.037, 2, 99, 43801
2026/08/28 13:34:48.037, 3, 100, 43801
2026/08/28 13:34:48.537, 0, 100, 43817
2026/08/28 13:34:48.537, 1, 100, 43801
2026/08/28 13:34:48.537, 2, 100, 43801
2026/08/28 13:34:48.538, 3, 100, 43801
2026/08/28 13:34:49.038, 0, 100, 43817
2026/08/28 13:34:49.038, 1, 100, 43801
2026/08/28 13:34:49.038, 2, 100, 43801
2026/08/28 13:34:49.038, 3, 100, 43801
2026/08/28 13:34:49.538, 0, 100, 43817
2026/08/28 13:34:49.538, 1, 100, 43801
2026/08/28 13:34:49.538, 2, 100, 43801
2026/08/28 13:34:49.538, 3, 100, 43801
2026/08/28 13:34:50.038, 0, 100, 43817
2026/08/28 13:34:50.038, 1, 100, 43801
2026/08/28 13:34:50.038, 2, 100, 43801
2026/08/28 13:34:50.038, 3, 100, 43801
2026/08/28 13:34:50.538, 0, 100, 43817
2026/08/28 13:34:50.538, 1, 100, 43801
2026/08/28 13:34:50.538, 2, 100, 43801
2026/08/28 13:34:50.538, 3, 100, 43801
2026/08/28 13:34:51.038, 0, 100, 43817
2026/08/28 13:34:51.038, 1, 100, 43801
2026/08/28 13:34:51.038, 2, 100, 43801
2026/08/28 13:34:51.038, 3, 100, 43801
2026/08/28 13:34:51.539, 0, 100, 43817
2026/08/28 13:34:51.541, 1, 99, 43801
2026/08/28 13:34:51.542, 2, 100, 43801
2026/08/28 13:34:51.543, 3, 100, 43801
2026/08/28 13:34:52.044, 0, 99, 43817
2026/08/28 13:34:52.046, 1, 100, 43801
2026/08/28 13:34:52.047, 2, 100, 43801
2026/08/28 13:34:52.048, 3, 100, 43801
2026/08/28 13:34:52.550, 0, 52, 43817
2026/08/28 13:34:52.553, 1, 0, 43801
2026/08/28 13:34:52.554, 2, 0, 43801
2026/08/28 13:34:52.555, 3, 0, 43801
2026/08/28 13:34:53.057, 0, 0, 43817
2026/08/28 13:34:53.060, 1, 0, 43801
2026/08/28 13:34:53.061, 2, 0, 43801
2026/08/28 13:34:53.062, 3, 0, 43801
2026/08/28 13:34:53.564, 0, 0, 43817
2026/08/28 13:34:53.566, 1, 0, 43801
2026/08/28 13:34:53.567, 2, 0, 43801
2026/08/28 13:34:53.569, 3, 0, 43801
2026/08/28 13:34:54.070, 0, 0, 43817
2026/08/28 13:34:54.073, 1, 0, 43801
2026/08/28 13:34:54.074, 2, 0, 43801
2026/08/28 13:34:54.076, 3, 0, 43801
2026/08/28 13:34:54.577, 0, 0, 43817
2026/08/28 13:34:54.579, 1, 0, 43801
2026/08/28 13:34:54.580, 2, 0, 43801
2026/08/28 13:34:54.581, 3, 0, 43801
2026/08/28 13:34:55.082, 0, 0, 43817
2026/08/28 13:34:55.084, 1, 0, 43801
2026/08/28 13:34:55.085, 2, 0, 43801
2026/08/28 13:34:55.086, 3, 0, 43801
2026/08/28 13:34:55.588, 0, 0, 43817
2026/08/28 13:34:55.590, 1, 0, 43801
2026/08/28 13:34:55.592, 2, 0, 43801
2026/08/28 13:34:55.593, 3, 0, 43801
2026/08/28 13:34:56.094, 0, 0, 43817
2026/08/28 13:34:56.097, 1, 0, 43801
2026/08/28 13:34:56.098, 2, 0, 43801
2026/08/28 13:34:56.099, 3, 0, 43801
2026/08/28 13:34:56.600, 0, 0, 43817
2026/08/28 13:34:56.602, 1, 0, 43801
2026/08/28 13:34:56.603, 2, 0, 43801
2026/08/28 13:34:56.605, 3, 0, 43801
2026/08/28 13:34:57.106, 0, 0, 43817
2026/08/28 13:34:57.109, 1, 0, 43801
2026/08/28 13:34:57.110, 2, 0, 43801
2026/08/28 13:34:57.111, 3, 0, 43801
2026/08/28 13:34:57.613, 0, 0, 43817
2026/08/28 13:34:57.614, 1, 0, 43801
2026/08/28 13:34:57.615, 2, 0, 43801
2026/08/28 13:34:57.616, 3, 0, 43801
2026/08/28 13:34:58.118, 0, 0, 43817
2026/08/28 13:34:58.120, 1, 0, 43801
2026/08/28 13:34:58.121, 2, 0, 43801
2026/08/28 13:34:58.123, 3, 0, 43801
2026/08/28 13:34:58.625, 0, 0, 43817
2026/08/28 13:34:58.626, 1, 0, 43801
2026/08/28 13:34:58.627, 2, 0, 43801
2026/08/28 13:34:58.628, 3, 0, 43801
2026/08/28 13:34:59.130, 0, 0, 43817
2026/08/28 13:34:59.132, 1, 0, 43801
2026/08/28 13:34:59.133, 2, 0, 43801
2026/08/28 13:34:59.134, 3, 0, 43801
2026/08/28 13:34:59.636, 0, 0, 43817
2026/08/28 13:34:59.637, 1, 0, 43801
2026/08/28 13:34:59.638, 2, 0, 43801
2026/08/28 13:34:59.639, 3, 0, 43801
2026/08/28 13:35:00.140, 0, 0, 43817
2026/08/28 13:35:00.142, 1, 0, 43801
2026/08/28 13:35:00.143, 2, 0, 43801
2026/08/28 13:35:00.144, 3, 0, 43801
2026/08/28 13:35:00.646, 0, 0, 43817
2026/08/28 13:35:00.647, 1, 0, 43801
2026/08/28 13:35:00.648, 2, 0, 43801
2026/08/28 13:35:00.649, 3, 0, 43801
2026/08/28 13:35:01.151, 0, 0, 43817
2026/08/28 13:35:01.153, 1, 0, 43801
2026/08/28 13:35:01.154, 2, 0, 43801
2026/08/28 13:35:01.155, 3, 0, 43801
2026/08/28 13:35:01.657, 0, 0, 43817
2026/08/28 13:35:01.660, 1, 0, 43801
2026/08/28 13:35:01.661, 2, 0, 43801
2026/08/28 13:35:01.662, 3, 0, 43801
2026/08/28 13:35:02.164, 0, 0, 43817
2026/08/28 13:35:02.167, 1, 0, 43801
2026/08/28 13:35:02.168, 2, 0, 43801
2026/08/28 13:35:02.169, 3, 0, 43801
2026/08/28 13:35:02.671, 0, 0, 43817
2026/08/28 13:35:02.673, 1, 0, 43801
2026/08/28 13:35:02.675, 2, 0, 43801
2026/08/28 13:35:02.676, 3, 0, 43801
2026/08/28 13:35:03.178, 0, 0, 43817
2026/08/28 13:35:03.182, 1, 0, 43801
2026/08/28 13:35:03.188, 2, 0, 43801
2026/08/28 13:35:03.191, 3, 0, 43801
2026/08/28 13:35:03.693, 0, 0, 43817
2026/08/28 13:35:03.696, 1, 0, 43801
2026/08/28 13:35:03.697, 2, 0, 43801
2026/08/28 13:35:03.698, 3, 0, 43801
2026/08/28 13:35:04.199, 0, 0, 43817
2026/08/28 13:35:04.202, 1, 0, 43801
2026/08/28 13:35:04.203, 2, 0, 43801
2026/08/28 13:35:04.204, 3, 0, 43801
2026/08/28 13:35:04.705, 0, 0, 43817
2026/08/28 13:35:04.707, 1, 0, 43801
2026/08/28 13:35:04.708, 2, 0, 43801
2026/08/28 13:35:04.709, 3, 0, 43801
2026/08/28 13:35:05.211, 0, 0, 43817
2026/08/28 13:35:05.213, 1, 0, 43801
2026/08/28 13:35:05.214, 2, 0, 43801
2026/08/28 13:35:05.215, 3, 0, 43801
2026/08/28 13:35:05.717, 0, 0, 43817
2026/08/28 13:35:05.718, 1, 0, 43801
2026/08/28 13:35:05.719, 2, 0, 43801
2026/08/28 13:35:05.720, 3, 0, 43801
2026/08/28 13:35:06.222, 0, 0, 43817
2026/08/28 13:35:06.224, 1, 0, 43801
2026/08/28 13:35:06.225, 2, 0, 43801
2026/08/28 13:35:06.226, 3, 0, 43801
2026/08/28 13:35:06.728, 0, 0, 43817
2026/08/28 13:35:06.730, 1, 0, 43801
2026/08/28 13:35:06.731, 2, 0, 43801
2026/08/28 13:35:06.732, 3, 0, 43801
2026/08/28 13:35:07.234, 0, 0, 43817
2026/08/28 13:35:07.236, 1, 0, 43801
2026/08/28 13:35:07.237, 2, 0, 43801
2026/08/28 13:35:07.238, 3, 0, 43801
2026/08/28 13:35:07.739, 0, 0, 43817
2026/08/28 13:35:07.741, 1, 0, 43801
2026/08/28 13:35:07.742, 2, 0, 43801
2026/08/28 13:35:07.744, 3, 0, 43801
2026/08/28 13:35:08.245, 0, 0, 43817
2026/08/28 13:35:08.248, 1, 0, 43801
2026/08/28 13:35:08.250, 2, 0, 43801
2026/08/28 13:35:08.251, 3, 0, 43801
2026/08/28 13:35:08.753, 0, 0, 43817
2026/08/28 13:35:08.754, 1, 0, 43801
2026/08/28 13:35:08.755, 2, 0, 43801
2026/08/28 13:35:08.757, 3, 0, 43801
2026/08/28 13:35:09.258, 0, 0, 43817
2026/08/28 13:35:09.259, 1, 0, 43801
2026/08/28 13:35:09.261, 2, 0, 43801
2026/08/28 13:35:09.262, 3, 0, 43801
2026/08/28 13:35:09.763, 0, 0, 43817
2026/08/28 13:35:09.765, 1, 0, 43801
2026/08/28 13:35:09.766, 2, 0, 43801
2026/08/28 13:35:09.767, 3, 0, 43801
2026/08/28 13:35:10.269, 0, 0, 43817
2026/08/28 13:35:10.271, 1, 0, 43801
2026/08/28 13:35:10.272, 2, 0, 43801
2026/08/28 13:35:10.273, 3, 0, 43801
2026/08/28 13:35:10.774, 0, 0, 43817
2026/08/28 13:35:10.777, 1, 0, 43801
2026/08/28 13:35:10.778, 2, 0, 43801
2026/08/28 13:35:10.780, 3, 0, 43801
2026/08/28 13:35:11.281, 0, 0, 43817
2026/08/28 13:35:11.282, 1, 0, 43801
2026/08/28 13:35:11.283, 2, 0, 43801
2026/08/28 13:35:11.284, 3, 0, 43801
2026/08/28 13:35:11.786, 0, 0, 43817
2026/08/28 13:35:11.788, 1, 0, 43801
2026/08/28 13:35:11.789, 2, 0, 43801
2026/08/28 13:35:11.790, 3, 0, 43801
2026/08/28 13:35:12.292, 0, 0, 43817
2026/08/28 13:35:12.294, 1, 0, 43801
2026/08/28 13:35:12.296, 2, 0, 43801
2026/08/28 13:35:12.297, 3, 0, 43801
2026/08/28 13:35:12.798, 0, 0, 43817
2026/08/28 13:35:12.800, 1, 0, 43801
2026/08/28 13:35:12.801, 2, 0, 43801
2026/08/28 13:35:12.802, 3, 0, 43801
2026/08/28 13:35:13.304, 0, 0, 43817
2026/08/28 13:35:13.307, 1, 0, 43801
2026/08/28 13:35:13.309, 2, 0, 43801
2026/08/28 13:35:13.310, 3, 0, 43801
2026/08/28 13:35:13.811, 0, 0, 43817
2026/08/28 13:35:13.813, 1, 0, 43801
2026/08/28 13:35:13.814, 2, 0, 43801
2026/08/28 13:35:13.816, 3, 0, 43801
2026/08/28 13:35:14.317, 0, 0, 43817
2026/08/28 13:35:14.320, 1, 0, 43801
2026/08/28 13:35:14.321, 2, 0, 43801
2026/08/28 13:35:14.322, 3, 0, 43801
2026/08/28 13:35:14.823, 0, 0, 43817
2026/08/28 13:35:14.825, 1, 0, 43801
2026/08/28 13:35:14.826, 2, 0, 43801
2026/08/28 13:35:14.827, 3, 0, 43801
2026/08/28 13:35:15.329, 0, 0, 43817
2026/08/28 13:35:15.331, 1, 0, 43801
2026/08/28 13:35:15.332, 2, 0, 43801
2026/08/28 13:35:15.333, 3, 0, 43801
2026/08/28 13:35:15.835, 0, 0, 43817
2026/08/28 13:35:15.837, 1, 0, 43801
2026/08/28 13:35:15.838, 2, 0, 43801
2026/08/28 13:35:15.839, 3, 0, 43801
2026/08/28 13:35:16.341, 0, 0, 43817
2026/08/28 13:35:16.344, 1, 0, 43801
2026/08/28 13:35:16.345, 2, 0, 43801
2026/08/28 13:35:16.346, 3, 0, 43801
2026/08/28 13:35:16.848, 0, 0, 43817
2026/08/28 13:35:16.850, 1, 0, 43801
2026/08/28 13:35:16.852, 2, 0, 43801
2026/08/28 13:35:16.853, 3, 0, 43801
2026/08/28 13:35:17.355, 0, 0, 43817
2026/08/28 13:35:17.358, 1, 0, 43801
2026/08/28 13:35:17.359, 2, 0, 43801
2026/08/28 13:35:17.360, 3, 0, 43801
2026/08/28 13:35:17.862, 0, 0, 43817
2026/08/28 13:35:17.864, 1, 0, 43801
2026/08/28 13:35:17.865, 2, 0, 43801
2026/08/28 13:35:17.867, 3, 0, 43801
2026/08/28 13:35:18.368, 0, 0, 43817
2026/08/28 13:35:18.371, 1, 0, 43801
2026/08/28 13:35:18.372, 2, 0, 43801
2026/08/28 13:35:18.373, 3, 0, 43801
2026/08/28 13:35:18.875, 0, 0, 43817
2026/08/28 13:35:18.877, 1, 0, 43801
2026/08/28 13:35:18.878, 2, 0, 43801
2026/08/28 13:35:18.879, 3, 0, 43801
2026/08/28 13:35:19.381, 0, 0, 43817
2026/08/28 13:35:19.384, 1, 0, 43801
2026/08/28 13:35:19.385, 2, 0, 43801
2026/08/28 13:35:19.386, 3, 0, 43801
2026/08/28 13:35:19.888, 0, 0, 43817
2026/08/28 13:35:19.890, 1, 0, 43801
2026/08/28 13:35:19.891, 2, 0, 43801
2026/08/28 13:35:19.892, 3, 0, 43801
2026/08/28 13:35:20.393, 0, 0, 43817
2026/08/28 13:35:20.396, 1, 0, 43801
2026/08/28 13:35:20.397, 2, 0, 43801
2026/08/28 13:35:20.398, 3, 0, 43801
2026/08/28 13:35:20.899, 0, 0, 43817
2026/08/28 13:35:20.901, 1, 0, 43801
2026/08/28 13:35:20.902, 2, 0, 43801
2026/08/28 13:35:20.903, 3, 0, 43801
2026/08/28 13:35:21.404, 0, 0, 43817
2026/08/28 13:35:21.406, 1, 0, 43801
2026/08/28 13:35:21.407, 2, 0, 43801
2026/08/28 13:35:21.408, 3, 0, 43801
2026/08/28 13:35:21.910, 0, 0, 43817
2026/08/28 13:35:21.911, 1, 0, 43801
2026/08/28 13:35:21.912, 2, 0, 43801
2026/08/28 13:35:21.913, 3, 0, 43801
2026/08/28 13:35:22.415, 0, 0, 43817
2026/08/28 13:35:22.417, 1, 0, 43801
2026/08/28 13:35:22.419, 2, 0, 43801
2026/08/28 13:35:22.420, 3, 0, 43801
2026/08/28 13:35:22.921, 0, 0, 43817
2026/08/28 13:35:22.923, 1, 0, 43801
2026/08/28 13:35:22.924, 2, 0, 43801
2026/08/28 13:35:22.925, 3, 0, 43801
2026/08/28 13:35:23.426, 0, 0, 43817
2026/08/28 13:35:23.429, 1, 0, 43801
2026/08/28 13:35:23.431, 2, 0, 43801
2026/08/28 13:35:23.432, 3, 0, 43801
2026/08/28 13:35:23.933, 0, 0, 43817
2026/08/28 13:35:23.933, 1, 0, 43801
2026/08/28 13:35:23.933, 2, 0, 43801
2026/08/28 13:35:23.933, 3, 0, 43801
2026/08/28 13:35:24.433, 0, 0, 43817
2026/08/28 13:35:24.433, 1, 0, 43801
2026/08/28 13:35:24.433, 2, 0, 43801
2026/08/28 13:35:24.433, 3, 0, 43801
2026/08/28 13:35:24.933, 0, 0, 43817
2026/08/28 13:35:24.933, 1, 0, 43801
2026/08/28 13:35:24.933, 2, 0, 43801
2026/08/28 13:35:24.933, 3, 0, 43801
2026/08/28 13:35:25.434, 0, 71, 43817
2026/08/28 13:35:25.434, 1, 84, 43801
2026/08/28 13:35:25.434, 2, 0, 43801
2026/08/28 13:35:25.434, 3, 0, 43801
2026/08/28 13:35:25.934, 0, 100, 43817
2026/08/28 13:35:25.934, 1, 100, 43801
2026/08/28 13:35:25.934, 2, 100, 43801
2026/08/28 13:35:25.934, 3, 100, 43801
2026/08/28 13:35:26.434, 0, 100, 43817
2026/08/28 13:35:26.434, 1, 100, 43801
2026/08/28 13:35:26.434, 2, 100, 43801
2026/08/28 13:35:26.434, 3, 100, 43801
2026/08/28 13:35:26.934, 0, 100, 43817
2026/08/28 13:35:26.934, 1, 100, 43801
2026/08/28 13:35:26.934, 2, 100, 43801
2026/08/28 13:35:26.934, 3, 100, 43801
2026/08/28 13:35:27.434, 0, 100, 43817
2026/08/28 13:35:27.434, 1, 100, 43801
2026/08/28 13:35:27.434, 2, 100, 43801
2026/08/28 13:35:27.434, 3, 100, 43801
2026/08/28 13:35:27.934, 0, 100, 43817
2026/08/28 13:35:27.935, 1, 100, 43801
2026/08/28 13:35:27.935, 2, 100, 43801
2026/08/28 13:35:27.935, 3, 100, 43801
2026/08/28 13:35:28.435, 0, 100, 43817
2026/08/28 13:35:28.435, 1, 100, 43801
2026/08/28 13:35:28.435, 2, 100, 43801
2026/08/28 13:35:28.435, 3, 100, 43801
2026/08/28 13:35:28.935, 0, 100, 43817
2026/08/28 13:35:28.936, 1, 100, 43801
2026/08/28 13:35:28.936, 2, 100, 43801
2026/08/28 13:35:28.936, 3, 100, 43801
2026/08/28 13:35:29.436, 0, 100, 43817
2026/08/28 13:35:29.436, 1, 100, 43801
2026/08/28 13:35:29.436, 2, 100, 43801
2026/08/28 13:35:29.436, 3, 100, 43801
2026/08/28 13:35:29.936, 0, 100, 43817
2026/08/28 13:35:29.936, 1, 100, 43801
2026/08/28 13:35:29.936, 2, 100, 43801
2026/08/28 13:35:29.936, 3, 100, 43801
2026/08/28 13:35:30.436, 0, 100, 43817
2026/08/28 13:35:30.436, 1, 100, 43801
2026/08/28 13:35:30.436, 2, 100, 43801
2026/08/28 13:35:30.436, 3, 99, 43801
2026/08/28 13:35:30.936, 0, 100, 43817
2026/08/28 13:35:30.936, 1, 100, 43801
2026/08/28 13:35:30.936, 2, 100, 43801
2026/08/28 13:35:30.936, 3, 100, 43801
2026/08/28 13:35:31.436, 0, 100, 43817
2026/08/28 13:35:31.436, 1, 100, 43801
2026/08/28 13:35:31.436, 2, 100, 43801
2026/08/28 13:35:31.436, 3, 100, 43801
2026/08/28 13:35:31.936, 0, 100, 43817
2026/08/28 13:35:31.937, 1, 100, 43801
2026/08/28 13:35:31.937, 2, 100, 43801
2026/08/28 13:35:31.937, 3, 100, 43801
2026/08/28 13:35:32.437, 0, 100, 43817
2026/08/28 13:35:32.437, 1, 100, 43801
2026/08/28 13:35:32.437, 2, 100, 43801
2026/08/28 13:35:32.437, 3, 100, 43801
2026/08/28 13:35:32.937, 0, 100, 43817
2026/08/28 13:35:32.937, 1, 100, 43801
2026/08/28 13:35:32.937, 2, 100, 43801
2026/08/28 13:35:32.937, 3, 100, 43801
2026/08/28 13:35:33.437, 0, 100, 43817
2026/08/28 13:35:33.437, 1, 100, 43801
2026/08/28 13:35:33.437, 2, 100, 43801
2026/08/28 13:35:33.437, 3, 100, 43801
2026/08/28 13:35:33.937, 0, 100, 43817
2026/08/28 13:35:33.937, 1, 100, 43801
2026/08/28 13:35:33.937, 2, 100, 43801
2026/08/28 13:35:33.937, 3, 100, 43801
2026/08/28 13:35:34.437, 0, 100, 43817
2026/08/28 13:35:34.437, 1, 100, 43801
2026/08/28 13:35:34.437, 2, 100, 43801
2026/08/28 13:35:34.437, 3, 100, 43801
2026/08/28 13:35:34.937, 0, 99, 43817
2026/08/28 13:35:34.937, 1, 100, 43801
2026/08/28 13:35:34.937, 2, 99, 43801
2026/08/28 13:35:34.937, 3, 99, 43801
2026/08/28 13:35:35.437, 0, 100, 43817
2026/08/28 13:35:35.438, 1, 100, 43801
2026/08/28 13:35:35.438, 2, 100, 43801
2026/08/28 13:35:35.438, 3, 100, 43801
2026/08/28 13:35:35.938, 0, 100, 43817
2026/08/28 13:35:35.938, 1, 100, 43801
2026/08/28 13:35:35.938, 2, 100, 43801
2026/08/28 13:35:35.938, 3, 100, 43801
2026/08/28 13:35:36.438, 0, 100, 43817
2026/08/28 13:35:36.438, 1, 100, 43801
2026/08/28 13:35:36.438, 2, 100, 43801
2026/08/28 13:35:36.438, 3, 100, 43801
2026/08/28 13:35:36.938, 0, 100, 43817
2026/08/28 13:35:36.938, 1, 100, 43801
2026/08/28 13:35:36.938, 2, 100, 43801
2026/08/28 13:35:36.938, 3, 100, 43801
2026/08/28 13:35:37.438, 0, 100, 43817
2026/08/28 13:35:37.438, 1, 100, 43801
2026/08/28 13:35:37.438, 2, 100, 43801
2026/08/28 13:35:37.438, 3, 100, 43801
2026/08/28 13:35:37.938, 0, 100, 43817
2026/08/28 13:35:37.938, 1, 100, 43801
2026/08/28 13:35:37.938, 2, 100, 43801
2026/08/28 13:35:37.938, 3, 100, 43801
2026/08/28 13:35:38.438, 0, 100, 43817
2026/08/28 13:35:38.438, 1, 100, 43801
2026/08/28 13:35:38.438, 2, 100, 43801
2026/08/28 13:35:38.438, 3, 100, 43801
2026/08/28 13:35:38.939, 0, 100, 43817
2026/08/28 13:35:38.939, 1, 100, 43801
2026/08/28 13:35:38.939, 2, 100, 43801
2026/08/28 13:35:38.939, 3, 100, 43801
2026/08/28 13:35:39.439, 0, 99, 43817
2026/08/28 13:35:39.439, 1, 99, 43801
2026/08/28 13:35:39.439, 2, 100, 43801
2026/08/28 13:35:39.439, 3, 100, 43801
2026/08/28 13:35:39.939, 0, 100, 43817
2026/08/28 13:35:39.939, 1, 100, 43801
2026/08/28 13:35:39.939, 2, 100, 43801
2026/08/28 13:35:39.939, 3, 100, 43801
2026/08/28 13:35:40.439, 0, 100, 43817
2026/08/28 13:35:40.439, 1, 100, 43801
2026/08/28 13:35:40.439, 2, 100, 43801
2026/08/28 13:35:40.439, 3, 100, 43801
2026/08/28 13:35:40.939, 0, 100, 43817
2026/08/28 13:35:40.939, 1, 100, 43801
2026/08/28 13:35:40.939, 2, 100, 43801
2026/08/28 13:35:40.939, 3, 100, 43801
2026/08/28 13:35:41.439, 0, 100, 43817
2026/08/28 13:35:41.439, 1, 100, 43801
2026/08/28 13:35:41.439, 2, 100, 43801
2026/08/28 13:35:41.439, 3, 100, 43801
2026/08/28 13:35:41.939, 0, 100, 43817
2026/08/28 13:35:41.940, 1, 100, 43801
2026/08/28 13:35:41.940, 2, 100, 43801
2026/08/28 13:35:41.940, 3, 100, 43801
2026/08/28 13:35:42.440, 0, 100, 43817
2026/08/28 13:35:42.440, 1, 100, 43801
2026/08/28 13:35:42.440, 2, 100, 43801
2026/08/28 13:35:42.440, 3, 100, 43801
2026/08/28 13:35:42.940, 0, 100, 43817
2026/08/28 13:35:42.940, 1, 100, 43801
2026/08/28 13:35:42.940, 2, 100, 43801
2026/08/28 13:35:42.940, 3, 100, 43801
2026/08/28 13:35:43.440, 0, 100, 43817
2026/08/28 13:35:43.440, 1, 100, 43801
2026/08/28 13:35:43.440, 2, 100, 43801
2026/08/28 13:35:43.440, 3, 100, 43801
2026/08/28 13:35:43.940, 0, 0, 43817
2026/08/28 13:35:43.940, 1, 0, 43801
2026/08/28 13:35:43.940, 2, 0, 43801
2026/08/28 13:35:43.940, 3, 0, 43801
2026/08/28 13:35:44.440, 0, 0, 43817
2026/08/28 13:35:44.440, 1, 0, 43801
2026/08/28 13:35:44.440, 2, 0, 43801
2026/08/28 13:35:44.440, 3, 0, 43801
2026/08/28 13:35:44.940, 0, 0, 43817
2026/08/28 13:35:44.940, 1, 0, 43801
2026/08/28 13:35:44.940, 2, 0, 43801
2026/08/28 13:35:44.940, 3, 0, 43801
2026/08/28 13:35:45.440, 0, 0, 43817
2026/08/28 13:35:45.441, 1, 0, 43801
2026/08/28 13:35:45.441, 2, 0, 43801
2026/08/28 13:35:45.441, 3, 0, 43801
2026/08/28 13:35:45.941, 0, 97, 43817
2026/08/28 13:35:45.941, 1, 93, 43801
2026/08/28 13:35:45.941, 2, 100, 43801
2026/08/28 13:35:45.941, 3, 100, 43801
2026/08/28 13:35:46.441, 0, 100, 43817
2026/08/28 13:35:46.441, 1, 100, 43801
2026/08/28 13:35:46.441, 2, 100, 43801
2026/08/28 13:35:46.441, 3, 100, 43801
2026/08/28 13:35:46.941, 0, 100, 43817
2026/08/28 13:35:46.941, 1, 100, 43801
2026/08/28 13:35:46.941, 2, 100, 43801
2026/08/28 13:35:46.941, 3, 100, 43801
2026/08/28 13:35:47.441, 0, 100, 43817
2026/08/28 13:35:47.441, 1, 100, 43801
2026/08/28 13:35:47.441, 2, 100, 43801
2026/08/28 13:35:47.441, 3, 100, 43801
2026/08/28 13:35:47.941, 0, 100, 43817
2026/08/28 13:35:47.941, 1, 100, 43801
2026/08/28 13:35:47.941, 2, 100, 43801
2026/08/28 13:35:47.941, 3, 100, 43801
2026/08/28 13:35:48.441, 0, 100, 43817
2026/08/28 13:35:48.441, 1, 100, 43801
2026/08/28 13:35:48.441, 2, 100, 43801
2026/08/28 13:35:48.441, 3, 100, 43801
2026/08/28 13:35:48.942, 0, 100, 43817
2026/08/28 13:35:48.942, 1, 100, 43801
2026/08/28 13:35:48.942, 2, 100, 43801
2026/08/28 13:35:48.942, 3, 100, 43801
2026/08/28 13:35:49.442, 0, 100, 43817
2026/08/28 13:35:49.442, 1, 100, 43801
2026/08/28 13:35:49.442, 2, 100, 43801
2026/08/28 13:35:49.442, 3, 100, 43801
2026/08/28 13:35:49.942, 0, 100, 43817
2026/08/28 13:35:49.942, 1, 100, 43801
2026/08/28 13:35:49.942, 2, 100, 43801
2026/08/28 13:35:49.942, 3, 100, 43801
2026/08/28 13:35:50.442, 0, 100, 43817
2026/08/28 13:35:50.442, 1, 100, 43801
2026/08/28 13:35:50.442, 2, 100, 43801
2026/08/28 13:35:50.442, 3, 100, 43801
2026/08/28 13:35:50.942, 0, 100, 43817
2026/08/28 13:35:50.942, 1, 100, 43801
2026/08/28 13:35:50.942, 2, 100, 43801
2026/08/28 13:35:50.942, 3, 100, 43801
2026/08/28 13:35:51.442, 0, 100, 43817
2026/08/28 13:35:51.442, 1, 100, 43801
2026/08/28 13:35:51.442, 2, 100, 43801
2026/08/28 13:35:51.442, 3, 100, 43801
2026/08/28 13:35:51.943, 0, 100, 43817
2026/08/28 13:35:51.943, 1, 100, 43801
2026/08/28 13:35:51.943, 2, 100, 43801
2026/08/28 13:35:51.943, 3, 100, 43801
2026/08/28 13:35:52.443, 0, 100, 43817
2026/08/28 13:35:52.443, 1, 100, 43801
2026/08/28 13:35:52.443, 2, 100, 43801
2026/08/28 13:35:52.443, 3, 100, 43801
2026/08/28 13:35:52.943, 0, 100, 43817
2026/08/28 13:35:52.943, 1, 100, 43801
2026/08/28 13:35:52.943, 2, 100, 43801
2026/08/28 13:35:52.943, 3, 100, 43801
2026/08/28 13:35:53.443, 0, 100, 43817
2026/08/28 13:35:53.443, 1, 100, 43801
2026/08/28 13:35:53.443, 2, 100, 43801
2026/08/28 13:35:53.443, 3, 100, 43801
2026/08/28 13:35:53.943, 0, 100, 43817
2026/08/28 13:35:53.943, 1, 100, 43801
2026/08/28 13:35:53.943, 2, 100, 43801
2026/08/28 13:35:53.943, 3, 100, 43801
2026/08/28 13:35:54.443, 0, 100, 43817
2026/08/28 13:35:54.443, 1, 100, 43801
2026/08/28 13:35:54.444, 2, 100, 43801
2026/08/28 13:35:54.444, 3, 100, 43801
2026/08/28 13:35:54.944, 0, 96, 43817
2026/08/28 13:35:54.944, 1, 100, 43801
2026/08/28 13:35:54.944, 2, 91, 43801
2026/08/28 13:35:54.944, 3, 77, 43801
2026/08/28 13:35:55.444, 0, 100, 43817
2026/08/28 13:35:55.444, 1, 100, 43801
2026/08/28 13:35:55.444, 2, 100, 43801
2026/08/28 13:35:55.444, 3, 100, 43801
2026/08/28 13:35:55.944, 0, 100, 43817
2026/08/28 13:35:55.944, 1, 100, 43801
2026/08/28 13:35:55.944, 2, 100, 43801
2026/08/28 13:35:55.944, 3, 100, 43801
2026/08/28 13:35:56.444, 0, 100, 43817
2026/08/28 13:35:56.444, 1, 100, 43801
2026/08/28 13:35:56.444, 2, 100, 43801
2026/08/28 13:35:56.444, 3, 100, 43801
2026/08/28 13:35:56.944, 0, 100, 43817
2026/08/28 13:35:56.944, 1, 100, 43801
2026/08/28 13:35:56.944, 2, 100, 43801
2026/08/28 13:35:56.944, 3, 100, 43801
2026/08/28 13:35:57.444, 0, 100, 43817
2026/08/28 13:35:57.444, 1, 100, 43801
2026/08/28 13:35:57.445, 2, 100, 43801
2026/08/28 13:35:57.445, 3, 100, 43801
2026/08/28 13:35:57.945, 0, 100, 43817
2026/08/28 13:35:57.945, 1, 100, 43801
2026/08/28 13:35:57.945, 2, 100, 43801
2026/08/28 13:35:57.945, 3, 100, 43801
2026/08/28 13:35:58.445, 0, 100, 43817
2026/08/28 13:35:58.445, 1, 100, 43801
2026/08/28 13:35:58.445, 2, 100, 43801
2026/08/28 13:35:58.445, 3, 100, 43801
2026/08/28 13:35:58.945, 0, 100, 43817
2026/08/28 13:35:58.945, 1, 100, 43801
2026/08/28 13:35:58.945, 2, 100, 43801
2026/08/28 13:35:58.945, 3, 100, 43801
2026/08/28 13:35:59.445, 0, 81, 43817
2026/08/28 13:35:59.445, 1, 100, 43801
2026/08/28 13:35:59.445, 2, 100, 43801
2026/08/28 13:35:59.445, 3, 100, 43801
2026/08/28 13:35:59.945, 0, 100, 43817
2026/08/28 13:35:59.945, 1, 100, 43801
2026/08/28 13:35:59.945, 2, 100, 43801
2026/08/28 13:35:59.945, 3, 100, 43801
2026/08/28 13:36:00.445, 0, 100, 43817
2026/08/28 13:36:00.445, 1, 100, 43801
2026/08/28 13:36:00.445, 2, 100, 43801
2026/08/28 13:36:00.445, 3, 100, 43801
2026/08/28 13:36:00.945, 0, 100, 43817
2026/08/28 13:36:00.945, 1, 100, 43801
2026/08/28 13:36:00.945, 2, 100, 43801
2026/08/28 13:36:00.945, 3, 100, 43801
2026/08/28 13:36:01.446, 0, 100, 43817
2026/08/28 13:36:01.446, 1, 100, 43801
2026/08/28 13:36:01.446, 2, 100, 43801
2026/08/28 13:36:01.446, 3, 100, 43801
2026/08/28 13:36:01.946, 0, 100, 43817
2026/08/28 13:36:01.946, 1, 100, 43801
2026/08/28 13:36:01.946, 2, 100, 43801
2026/08/28 13:36:01.946, 3, 100, 43801
2026/08/28 13:36:02.446, 0, 100, 43817
2026/08/28 13:36:02.446, 1, 100, 43801
2026/08/28 13:36:02.446, 2, 100, 43801
2026/08/28 13:36:02.446, 3, 100, 43801
2026/08/28 13:36:02.946, 0, 100, 43817
2026/08/28 13:36:02.946, 1, 100, 43801
2026/08/28 13:36:02.946, 2, 100, 43801
2026/08/28 13:36:02.946, 3, 100, 43801
2026/08/28 13:36:03.446, 0, 100, 43817
2026/08/28 13:36:03.446, 1, 100, 43801
2026/08/28 13:36:03.446, 2, 100, 43801
2026/08/28 13:36:03.446, 3, 100, 43801
2026/08/28 13:36:03.946, 0, 100, 43817
2026/08/28 13:36:03.946, 1, 100, 43801
2026/08/28 13:36:03.946, 2, 100, 43801
2026/08/28 13:36:03.946, 3, 100, 43801
2026/08/28 13:36:04.446, 0, 0, 43817
2026/08/28 13:36:04.446, 1, 0, 43801
2026/08/28 13:36:04.446, 2, 0, 43801
2026/08/28 13:36:04.446, 3, 0, 43801
2026/08/28 13:36:04.946, 0, 0, 43817
2026/08/28 13:36:04.946, 1, 0, 43801
2026/08/28 13:36:04.946, 2, 0, 43801
2026/08/28 13:36:04.946, 3, 0, 43801
2026/08/28 13:36:05.447, 0, 0, 43817
2026/08/28 13:36:05.447, 1, 0, 43801
2026/08/28 13:36:05.447, 2, 0, 43801
2026/08/28 13:36:05.447, 3, 0, 43801
2026/08/28 13:36:05.947, 0, 0, 43817
2026/08/28 13:36:05.947, 1, 0, 43801
2026/08/28 13:36:05.947, 2, 0, 43801
2026/08/28 13:36:05.947, 3, 0, 43801
2026/08/28 13:36:06.447, 0, 99, 43817
2026/08/28 13:36:06.447, 1, 99, 43801
2026/08/28 13:36:06.447, 2, 94, 43801
2026/08/28 13:36:06.447, 3, 100, 43801
2026/08/28 13:36:06.947, 0, 100, 43817
2026/08/28 13:36:06.947, 1, 100, 43801
2026/08/28 13:36:06.947, 2, 100, 43801
2026/08/28 13:36:06.947, 3, 100, 43801
2026/08/28 13:36:07.447, 0, 100, 43817
2026/08/28 13:36:07.447, 1, 100, 43801
2026/08/28 13:36:07.447, 2, 100, 43801
2026/08/28 13:36:07.447, 3, 100, 43801
2026/08/28 13:36:07.947, 0, 100, 43817
2026/08/28 13:36:07.947, 1, 100, 43801
2026/08/28 13:36:07.947, 2, 100, 43801
2026/08/28 13:36:07.947, 3, 100, 43801
2026/08/28 13:36:08.448, 0, 100, 43817
2026/08/28 13:36:08.448, 1, 100, 43801
2026/08/28 13:36:08.448, 2, 100, 43801
2026/08/28 13:36:08.448, 3, 100, 43801
2026/08/28 13:36:08.948, 0, 100, 43817
2026/08/28 13:36:08.948, 1, 100, 43801
2026/08/28 13:36:08.948, 2, 100, 43801
2026/08/28 13:36:08.948, 3, 100, 43801
2026/08/28 13:36:09.448, 0, 100, 43817
2026/08/28 13:36:09.448, 1, 100, 43801
2026/08/28 13:36:09.448, 2, 100, 43801
2026/08/28 13:36:09.448, 3, 100, 43801
2026/08/28 13:36:09.948, 0, 100, 43817
2026/08/28 13:36:09.948, 1, 100, 43801
2026/08/28 13:36:09.948, 2, 100, 43801
2026/08/28 13:36:09.948, 3, 100, 43801
2026/08/28 13:36:10.448, 0, 100, 43817
2026/08/28 13:36:10.448, 1, 100, 43801
2026/08/28 13:36:10.448, 2, 100, 43801
2026/08/28 13:36:10.448, 3, 100, 43801
2026/08/28 13:36:10.948, 0, 100, 43817
2026/08/28 13:36:10.948, 1, 85, 43801
2026/08/28 13:36:10.948, 2, 100, 43801
2026/08/28 13:36:10.948, 3, 100, 43801
2026/08/28 13:36:11.448, 0, 100, 43817
2026/08/28 13:36:11.448, 1, 100, 43801
2026/08/28 13:36:11.448, 2, 100, 43801
2026/08/28 13:36:11.448, 3, 100, 43801
2026/08/28 13:36:11.949, 0, 100, 43817
2026/08/28 13:36:11.949, 1, 100, 43801
2026/08/28 13:36:11.949, 2, 100, 43801
2026/08/28 13:36:11.949, 3, 100, 43801
2026/08/28 13:36:12.449, 0, 100, 43817
2026/08/28 13:36:12.449, 1, 100, 43801
2026/08/28 13:36:12.449, 2, 100, 43801
2026/08/28 13:36:12.449, 3, 100, 43801
2026/08/28 13:36:12.949, 0, 100, 43817
2026/08/28 13:36:12.949, 1, 100, 43801
2026/08/28 13:36:12.949, 2, 100, 43801
2026/08/28 13:36:12.949, 3, 100, 43801
2026/08/28 13:36:13.449, 0, 100, 43817
2026/08/28 13:36:13.449, 1, 100, 43801
2026/08/28 13:36:13.449, 2, 100, 43801
2026/08/28 13:36:13.449, 3, 100, 43801
2026/08/28 13:36:13.949, 0, 100, 43817
2026/08/28 13:36:13.949, 1, 100, 43801
2026/08/28 13:36:13.949, 2, 100, 43801
2026/08/28 13:36:13.949, 3, 100, 43801
2026/08/28 13:36:14.449, 0, 100, 43817
2026/08/28 13:36:14.449, 1, 100, 43801
2026/08/28 13:36:14.449, 2, 100, 43801
2026/08/28 13:36:14.449, 3, 100, 43801
2026/08/28 13:36:14.949, 0, 100, 43817
2026/08/28 13:36:14.949, 1, 100, 43801
2026/08/28 13:36:14.949, 2, 100, 43801
2026/08/28 13:36:14.949, 3, 100, 43801
2026/08/28 13:36:15.449, 0, 100, 43817
2026/08/28 13:36:15.449, 1, 100, 43801
2026/08/28 13:36:15.450, 2, 100, 43801
2026/08/28 13:36:15.450, 3, 100, 43801
2026/08/28 13:36:15.950, 0, 100, 43817
2026/08/28 13:36:15.950, 1, 100, 43801
2026/08/28 13:36:15.950, 2, 100, 43801
2026/08/28 13:36:15.950, 3, 100, 43801
2026/08/28 13:36:16.450, 0, 100, 43817
2026/08/28 13:36:16.450, 1, 100, 43801
2026/08/28 13:36:16.450, 2, 100, 43801
2026/08/28 13:36:16.450, 3, 100, 43801
2026/08/28 13:36:16.950, 0, 100, 43817
2026/08/28 13:36:16.950, 1, 100, 43801
2026/08/28 13:36:16.950, 2, 100, 43801
2026/08/28 13:36:16.950, 3, 100, 43801
2026/08/28 13:36:17.450, 0, 100, 43817
2026/08/28 13:36:17.450, 1, 100, 43801
2026/08/28 13:36:17.450, 2, 100, 43801
2026/08/28 13:36:17.450, 3, 100, 43801
2026/08/28 13:36:17.950, 0, 100, 43817
2026/08/28 13:36:17.950, 1, 100, 43801
2026/08/28 13:36:17.950, 2, 100, 43801
2026/08/28 13:36:17.950, 3, 100, 43801
2026/08/28 13:36:18.450, 0, 100, 43817
2026/08/28 13:36:18.450, 1, 100, 43801
2026/08/28 13:36:18.450, 2, 100, 43801
2026/08/28 13:36:18.450, 3, 100, 43801
2026/08/28 13:36:18.950, 0, 100, 43817
2026/08/28 13:36:18.950, 1, 100, 43801
2026/08/28 13:36:18.950, 2, 100, 43801
2026/08/28 13:36:18.950, 3, 100, 43801
2026/08/28 13:36:19.450, 0, 100, 43817
2026/08/28 13:36:19.451, 1, 100, 43801
2026/08/28 13:36:19.451, 2, 100, 43801
2026/08/28 13:36:19.451, 3, 100, 43801
2026/08/28 13:36:19.951, 0, 100, 43817
2026/08/28 13:36:19.951, 1, 100, 43801
2026/08/28 13:36:19.951, 2, 100, 43801
2026/08/28 13:36:19.951, 3, 94, 43801
2026/08/28 13:36:20.451, 0, 100, 43817
2026/08/28 13:36:20.451, 1, 100, 43801
2026/08/28 13:36:20.451, 2, 100, 43801
2026/08/28 13:36:20.451, 3, 100, 43801
2026/08/28 13:36:20.951, 0, 100, 43817
2026/08/28 13:36:20.951, 1, 100, 43801
2026/08/28 13:36:20.951, 2, 100, 43801
2026/08/28 13:36:20.951, 3, 100, 43801
2026/08/28 13:36:21.451, 0, 100, 43817
2026/08/28 13:36:21.451, 1, 100, 43801
2026/08/28 13:36:21.451, 2, 100, 43801
2026/08/28 13:36:21.451, 3, 100, 43801
2026/08/28 13:36:21.951, 0, 100, 43817
2026/08/28 13:36:21.951, 1, 100, 43801
2026/08/28 13:36:21.951, 2, 100, 43801
2026/08/28 13:36:21.951, 3, 100, 43801
2026/08/28 13:36:22.451, 0, 100, 43817
2026/08/28 13:36:22.451, 1, 100, 43801
2026/08/28 13:36:22.451, 2, 100, 43801
2026/08/28 13:36:22.451, 3, 100, 43801
2026/08/28 13:36:22.952, 0, 100, 43817
2026/08/28 13:36:22.952, 1, 100, 43801
2026/08/28 13:36:22.952, 2, 100, 43801
2026/08/28 13:36:22.952, 3, 100, 43801
2026/08/28 13:36:23.452, 0, 100, 43817
2026/08/28 13:36:23.452, 1, 100, 43801
2026/08/28 13:36:23.452, 2, 100, 43801
2026/08/28 13:36:23.452, 3, 100, 43801
2026/08/28 13:36:23.952, 0, 100, 43817
2026/08/28 13:36:23.952, 1, 100, 43801
2026/08/28 13:36:23.952, 2, 100, 43801
2026/08/28 13:36:23.952, 3, 100, 43801
2026/08/28 13:36:24.452, 0, 87, 43817
2026/08/28 13:36:24.452, 1, 100, 43801
2026/08/28 13:36:24.452, 2, 100, 43801
2026/08/28 13:36:24.452, 3, 100, 43801
2026/08/28 13:36:24.952, 0, 0, 43817
2026/08/28 13:36:24.952, 1, 0, 43801
2026/08/28 13:36:24.952, 2, 0, 43801
2026/08/28 13:36:24.952, 3, 0, 43801
2026/08/28 13:36:25.452, 0, 0, 43817
2026/08/28 13:36:25.452, 1, 0, 43801
2026/08/28 13:36:25.452, 2, 0, 43801
2026/08/28 13:36:25.452, 3, 0, 43801
2026/08/28 13:36:25.952, 0, 0, 43817
2026/08/28 13:36:25.952, 1, 0, 43801
2026/08/28 13:36:25.952, 2, 0, 43801
2026/08/28 13:36:25.952, 3, 0, 43801
2026/08/28 13:36:26.453, 0, 0, 43817
2026/08/28 13:36:26.453, 1, 0, 43801
2026/08/28 13:36:26.453, 2, 0, 43801
2026/08/28 13:36:26.453, 3, 0, 43801
2026/08/28 13:36:26.953, 0, 99, 43817
2026/08/28 13:36:26.953, 1, 100, 43801
2026/08/28 13:36:26.953, 2, 100, 43801
2026/08/28 13:36:26.953, 3, 100, 43801
2026/08/28 13:36:27.453, 0, 100, 43817
2026/08/28 13:36:27.453, 1, 100, 43801
2026/08/28 13:36:27.453, 2, 100, 43801
2026/08/28 13:36:27.453, 3, 100, 43801
2026/08/28 13:36:27.953, 0, 100, 43817
2026/08/28 13:36:27.953, 1, 100, 43801
2026/08/28 13:36:27.953, 2, 100, 43801
2026/08/28 13:36:27.953, 3, 100, 43801
2026/08/28 13:36:28.453, 0, 100, 43817
2026/08/28 13:36:28.453, 1, 100, 43801
2026/08/28 13:36:28.453, 2, 100, 43801
2026/08/28 13:36:28.453, 3, 100, 43801
2026/08/28 13:36:28.953, 0, 100, 43817
2026/08/28 13:36:28.953, 1, 100, 43801
2026/08/28 13:36:28.953, 2, 100, 43801
2026/08/28 13:36:28.953, 3, 100, 43801
2026/08/28 13:36:29.453, 0, 100, 43817
2026/08/28 13:36:29.453, 1, 100, 43801
2026/08/28 13:36:29.453, 2, 100, 43801
2026/08/28 13:36:29.453, 3, 100, 43801
2026/08/28 13:36:29.954, 0, 100, 43817
2026/08/28 13:36:29.954, 1, 100, 43801
2026/08/28 13:36:29.954, 2, 100, 43801
2026/08/28 13:36:29.954, 3, 100, 43801
2026/08/28 13:36:30.454, 0, 100, 43817
2026/08/28 13:36:30.454, 1, 100, 43801
2026/08/28 13:36:30.454, 2, 100, 43801
2026/08/28 13:36:30.454, 3, 100, 43801
2026/08/28 13:36:30.954, 0, 100, 43817
2026/08/28 13:36:30.954, 1, 100, 43801
2026/08/28 13:36:30.954, 2, 100, 43801
2026/08/28 13:36:30.954, 3, 100, 43801
2026/08/28 13:36:31.454, 0, 99, 43817
2026/08/28 13:36:31.454, 1, 100, 43801
2026/08/28 13:36:31.454, 2, 100, 43801
2026/08/28 13:36:31.454, 3, 100, 43801
2026/08/28 13:36:31.954, 0, 100, 43817
2026/08/28 13:36:31.954, 1, 100, 43801
2026/08/28 13:36:31.954, 2, 100, 43801
2026/08/28 13:36:31.954, 3, 100, 43801
2026/08/28 13:36:32.454, 0, 100, 43817
2026/08/28 13:36:32.454, 1, 100, 43801
2026/08/28 13:36:32.454, 2, 100, 43801
2026/08/28 13:36:32.454, 3, 100, 43801
2026/08/28 13:36:32.954, 0, 100, 43817
2026/08/28 13:36:32.954, 1, 100, 43801
2026/08/28 13:36:32.954, 2, 100, 43801
2026/08/28 13:36:32.954, 3, 100, 43801
2026/08/28 13:36:33.454, 0, 100, 43817
2026/08/28 13:36:33.454, 1, 100, 43801
2026/08/28 13:36:33.454, 2, 100, 43801
2026/08/28 13:36:33.454, 3, 100, 43801
2026/08/28 13:36:33.955, 0, 100, 43817
2026/08/28 13:36:33.955, 1, 100, 43801
2026/08/28 13:36:33.955, 2, 100, 43801
2026/08/28 13:36:33.955, 3, 100, 43801
2026/08/28 13:36:34.455, 0, 100, 43817
2026/08/28 13:36:34.455, 1, 100, 43801
2026/08/28 13:36:34.455, 2, 100, 43801
2026/08/28 13:36:34.455, 3, 100, 43801
2026/08/28 13:36:34.955, 0, 100, 43817
2026/08/28 13:36:34.955, 1, 100, 43801
2026/08/28 13:36:34.955, 2, 100, 43801
2026/08/28 13:36:34.955, 3, 100, 43801
2026/08/28 13:36:35.455, 0, 100, 43817
2026/08/28 13:36:35.455, 1, 100, 43801
2026/08/28 13:36:35.455, 2, 100, 43801
2026/08/28 13:36:35.455, 3, 100, 43801
2026/08/28 13:36:35.955, 0, 100, 43817
2026/08/28 13:36:35.955, 1, 100, 43801
2026/08/28 13:36:35.955, 2, 100, 43801
2026/08/28 13:36:35.955, 3, 99, 43801
2026/08/28 13:36:36.455, 0, 100, 43817
2026/08/28 13:36:36.455, 1, 100, 43801
2026/08/28 13:36:36.455, 2, 100, 43801
2026/08/28 13:36:36.455, 3, 100, 43801
2026/08/28 13:36:36.955, 0, 100, 43817
2026/08/28 13:36:36.955, 1, 100, 43801
2026/08/28 13:36:36.955, 2, 100, 43801
2026/08/28 13:36:36.955, 3, 100, 43801
2026/08/28 13:36:37.456, 0, 100, 43817
2026/08/28 13:36:37.456, 1, 100, 43801
2026/08/28 13:36:37.456, 2, 100, 43801
2026/08/28 13:36:37.456, 3, 100, 43801
2026/08/28 13:36:37.956, 0, 100, 43817
2026/08/28 13:36:37.956, 1, 100, 43801
2026/08/28 13:36:37.956, 2, 100, 43801
2026/08/28 13:36:37.956, 3, 100, 43801
2026/08/28 13:36:38.456, 0, 100, 43817
2026/08/28 13:36:38.456, 1, 100, 43801
2026/08/28 13:36:38.456, 2, 100, 43801
2026/08/28 13:36:38.456, 3, 100, 43801
2026/08/28 13:36:38.956, 0, 100, 43817
2026/08/28 13:36:38.956, 1, 100, 43801
2026/08/28 13:36:38.956, 2, 100, 43801
2026/08/28 13:36:38.956, 3, 100, 43801
2026/08/28 13:36:39.456, 0, 100, 43817
2026/08/28 13:36:39.456, 1, 100, 43801
2026/08/28 13:36:39.456, 2, 100, 43801
2026/08/28 13:36:39.456, 3, 100, 43801
2026/08/28 13:36:39.956, 0, 100, 43817
2026/08/28 13:36:39.956, 1, 100, 43801
2026/08/28 13:36:39.956, 2, 100, 43801
2026/08/28 13:36:39.956, 3, 100, 43801
2026/08/28 13:36:40.456, 0, 100, 43817
2026/08/28 13:36:40.456, 1, 100, 43801
2026/08/28 13:36:40.456, 2, 99, 43801
2026/08/28 13:36:40.456, 3, 97, 43801
2026/08/28 13:36:40.957, 0, 100, 43817
2026/08/28 13:36:40.957, 1, 100, 43801
2026/08/28 13:36:40.957, 2, 100, 43801
2026/08/28 13:36:40.957, 3, 100, 43801
2026/08/28 13:36:41.457, 0, 100, 43817
2026/08/28 13:36:41.457, 1, 100, 43801
2026/08/28 13:36:41.457, 2, 100, 43801
2026/08/28 13:36:41.457, 3, 100, 43801
2026/08/28 13:36:41.957, 0, 100, 43817
2026/08/28 13:36:41.957, 1, 100, 43801
2026/08/28 13:36:41.957, 2, 100, 43801
2026/08/28 13:36:41.957, 3, 100, 43801
2026/08/28 13:36:42.457, 0, 100, 43817
2026/08/28 13:36:42.457, 1, 100, 43801
2026/08/28 13:36:42.457, 2, 100, 43801
2026/08/28 13:36:42.457, 3, 100, 43801
2026/08/28 13:36:42.957, 0, 100, 43817
2026/08/28 13:36:42.957, 1, 100, 43801
2026/08/28 13:36:42.957, 2, 100, 43801
2026/08/28 13:36:42.957, 3, 100, 43801
2026/08/28 13:36:43.457, 0, 100, 43817
2026/08/28 13:36:43.457, 1, 100, 43801
2026/08/28 13:36:43.457, 2, 100, 43801
2026/08/28 13:36:43.457, 3, 100, 43801
2026/08/28 13:36:43.957, 0, 100, 43817
2026/08/28 13:36:43.957, 1, 100, 43801
2026/08/28 13:36:43.957, 2, 100, 43801
2026/08/28 13:36:43.957, 3, 100, 43801
2026/08/28 13:36:44.457, 0, 100, 43817
2026/08/28 13:36:44.457, 1, 100, 43801
2026/08/28 13:36:44.457, 2, 100, 43801
2026/08/28 13:36:44.457, 3, 100, 43801
2026/08/28 13:36:44.958, 0, 91, 43817
2026/08/28 13:36:44.958, 1, 100, 43801
2026/08/28 13:36:44.958, 2, 86, 43801
2026/08/28 13:36:44.958, 3, 0, 43801
2026/08/28 13:36:45.458, 0, 0, 43817
2026/08/28 13:36:45.458, 1, 0, 43801
2026/08/28 13:36:45.458, 2, 0, 43801
2026/08/28 13:36:45.458, 3, 0, 43801
2026/08/28 13:36:45.958, 0, 0, 43817
2026/08/28 13:36:45.958, 1, 0, 43801
2026/08/28 13:36:45.958, 2, 0, 43801
2026/08/28 13:36:45.958, 3, 0, 43801
2026/08/28 13:36:46.458, 0, 0, 43817
2026/08/28 13:36:46.458, 1, 0, 43801
2026/08/28 13:36:46.458, 2, 0, 43801
2026/08/28 13:36:46.458, 3, 0, 43801
2026/08/28 13:36:46.958, 0, 0, 43817
2026/08/28 13:36:46.958, 1, 0, 43801
2026/08/28 13:36:46.958, 2, 0, 43801
2026/08/28 13:36:46.958, 3, 0, 43801
2026/08/28 13:36:47.458, 0, 100, 43817
2026/08/28 13:36:47.458, 1, 100, 43801
2026/08/28 13:36:47.458, 2, 100, 43801
2026/08/28 13:36:47.458, 3, 100, 43801
2026/08/28 13:36:47.958, 0, 100, 43817
2026/08/28 13:36:47.958, 1, 100, 43801
2026/08/28 13:36:47.958, 2, 100, 43801
2026/08/28 13:36:47.958, 3, 100, 43801
2026/08/28 13:36:48.459, 0, 100, 43817
2026/08/28 13:36:48.459, 1, 100, 43801
2026/08/28 13:36:48.459, 2, 100, 43801
2026/08/28 13:36:48.459, 3, 100, 43801
2026/08/28 13:36:48.959, 0, 100, 43817
2026/08/28 13:36:48.959, 1, 100, 43801
2026/08/28 13:36:48.959, 2, 100, 43801
2026/08/28 13:36:48.959, 3, 100, 43801
2026/08/28 13:36:49.459, 0, 100, 43817
2026/08/28 13:36:49.459, 1, 100, 43801
2026/08/28 13:36:49.459, 2, 100, 43801
2026/08/28 13:36:49.459, 3, 100, 43801
2026/08/28 13:36:49.959, 0, 100, 43817
2026/08/28 13:36:49.959, 1, 100, 43801
2026/08/28 13:36:49.959, 2, 100, 43801
2026/08/28 13:36:49.959, 3, 100, 43801
2026/08/28 13:36:50.459, 0, 100, 43817
2026/08/28 13:36:50.459, 1, 100, 43801
2026/08/28 13:36:50.459, 2, 100, 43801
2026/08/28 13:36:50.459, 3, 100, 43801
2026/08/28 13:36:50.959, 0, 100, 43817
2026/08/28 13:36:50.959, 1, 100, 43801
2026/08/28 13:36:50.959, 2, 100, 43801
2026/08/28 13:36:50.959, 3, 100, 43801
2026/08/28 13:36:51.459, 0, 100, 43817
2026/08/28 13:36:51.459, 1, 100, 43801
2026/08/28 13:36:51.459, 2, 100, 43801
2026/08/28 13:36:51.459, 3, 100, 43801
2026/08/28 13:36:51.959, 0, 99, 43817
2026/08/28 13:36:51.959, 1, 100, 43801
2026/08/28 13:36:51.959, 2, 100, 43801
2026/08/28 13:36:51.959, 3, 100, 43801
2026/08/28 13:36:52.460, 0, 100, 43817
2026/08/28 13:36:52.460, 1, 100, 43801
2026/08/28 13:36:52.460, 2, 100, 43801
2026/08/28 13:36:52.460, 3, 100, 43801
2026/08/28 13:36:52.960, 0, 100, 43817
2026/08/28 13:36:52.960, 1, 100, 43801
2026/08/28 13:36:52.960, 2, 100, 43801
2026/08/28 13:36:52.960, 3, 100, 43801
2026/08/28 13:36:53.460, 0, 100, 43817
2026/08/28 13:36:53.460, 1, 100, 43801
2026/08/28 13:36:53.460, 2, 100, 43801
2026/08/28 13:36:53.460, 3, 100, 43801
2026/08/28 13:36:53.960, 0, 100, 43817
2026/08/28 13:36:53.960, 1, 100, 43801
2026/08/28 13:36:53.960, 2, 100, 43801
2026/08/28 13:36:53.960, 3, 100, 43801
2026/08/28 13:36:54.460, 0, 100, 43817
2026/08/28 13:36:54.460, 1, 100, 43801
2026/08/28 13:36:54.460, 2, 100, 43801
2026/08/28 13:36:54.460, 3, 100, 43801
2026/08/28 13:36:54.960, 0, 100, 43817
2026/08/28 13:36:54.960, 1, 100, 43801
2026/08/28 13:36:54.960, 2, 100, 43801
2026/08/28 13:36:54.960, 3, 100, 43801
2026/08/28 13:36:55.460, 0, 100, 43817
2026/08/28 13:36:55.460, 1, 100, 43801
2026/08/28 13:36:55.460, 2, 100, 43801
2026/08/28 13:36:55.460, 3, 100, 43801
2026/08/28 13:36:55.960, 0, 100, 43817
2026/08/28 13:36:55.960, 1, 100, 43801
2026/08/28 13:36:55.960, 2, 100, 43801
2026/08/28 13:36:55.960, 3, 100, 43801
2026/08/28 13:36:56.461, 0, 99, 43817
2026/08/28 13:36:56.461, 1, 100, 43801
2026/08/28 13:36:56.461, 2, 100, 43801
2026/08/28 13:36:56.461, 3, 100, 43801
2026/08/28 13:36:56.961, 0, 100, 43817
2026/08/28 13:36:56.961, 1, 100, 43801
2026/08/28 13:36:56.961, 2, 100, 43801
2026/08/28 13:36:56.961, 3, 100, 43801
2026/08/28 13:36:57.461, 0, 100, 43817
2026/08/28 13:36:57.461, 1, 100, 43801
2026/08/28 13:36:57.461, 2, 100, 43801
2026/08/28 13:36:57.461, 3, 100, 43801
2026/08/28 13:36:57.961, 0, 100, 43817
2026/08/28 13:36:57.961, 1, 100, 43801
2026/08/28 13:36:57.961, 2, 100, 43801
2026/08/28 13:36:57.961, 3, 100, 43801
2026/08/28 13:36:58.461, 0, 100, 43817
2026/08/28 13:36:58.461, 1, 100, 43801
2026/08/28 13:36:58.461, 2, 100, 43801
2026/08/28 13:36:58.461, 3, 100, 43801
2026/08/28 13:36:58.961, 0, 100, 43817
2026/08/28 13:36:58.961, 1, 100, 43801
2026/08/28 13:36:58.961, 2, 100, 43801
2026/08/28 13:36:58.961, 3, 100, 43801
2026/08/28 13:36:59.461, 0, 100, 43817
2026/08/28 13:36:59.461, 1, 100, 43801
2026/08/28 13:36:59.461, 2, 100, 43801
2026/08/28 13:36:59.461, 3, 100, 43801
2026/08/28 13:36:59.961, 0, 100, 43817
2026/08/28 13:36:59.962, 1, 100, 43801
2026/08/28 13:36:59.962, 2, 100, 43801
2026/08/28 13:36:59.962, 3, 100, 43801
2026/08/28 13:37:00.462, 0, 100, 43817
2026/08/28 13:37:00.462, 1, 100, 43801
2026/08/28 13:37:00.462, 2, 100, 43801
2026/08/28 13:37:00.462, 3, 100, 43801
2026/08/28 13:37:00.962, 0, 100, 43817
2026/08/28 13:37:00.962, 1, 100, 43801
2026/08/28 13:37:00.962, 2, 100, 43801
2026/08/28 13:37:00.962, 3, 100, 43801
2026/08/28 13:37:01.462, 0, 100, 43817
2026/08/28 13:37:01.462, 1, 100, 43801
2026/08/28 13:37:01.462, 2, 100, 43801
2026/08/28 13:37:01.462, 3, 100, 43801
2026/08/28 13:37:01.962, 0, 100, 43817
2026/08/28 13:37:01.962, 1, 100, 43801
2026/08/28 13:37:01.962, 2, 100, 43801
2026/08/28 13:37:01.962, 3, 100, 43801
2026/08/28 13:37:02.462, 0, 100, 43817
2026/08/28 13:37:02.462, 1, 100, 43801
2026/08/28 13:37:02.462, 2, 100, 43801
2026/08/28 13:37:02.462, 3, 100, 43801
2026/08/28 13:37:02.962, 0, 100, 43817
2026/08/28 13:37:02.962, 1, 100, 43801
2026/08/28 13:37:02.962, 2, 100, 43801
2026/08/28 13:37:02.962, 3, 100, 43801
2026/08/28 13:37:03.462, 0, 100, 43817
2026/08/28 13:37:03.462, 1, 100, 43801
2026/08/28 13:37:03.462, 2, 100, 43801
2026/08/28 13:37:03.462, 3, 100, 43801
2026/08/28 13:37:03.962, 0, 100, 43817
2026/08/28 13:37:03.963, 1, 100, 43801
2026/08/28 13:37:03.963, 2, 100, 43801
2026/08/28 13:37:03.963, 3, 100, 43801
2026/08/28 13:37:04.463, 0, 100, 43817
2026/08/28 13:37:04.463, 1, 100, 43801
2026/08/28 13:37:04.463, 2, 100, 43801
2026/08/28 13:37:04.463, 3, 100, 43801
2026/08/28 13:37:04.963, 0, 100, 43817
2026/08/28 13:37:04.963, 1, 100, 43801
2026/08/28 13:37:04.963, 2, 100, 43801
2026/08/28 13:37:04.963, 3, 100, 43801
2026/08/28 13:37:05.463, 0, 0, 43817
2026/08/28 13:37:05.463, 1, 0, 43801
2026/08/28 13:37:05.463, 2, 12, 43801
2026/08/28 13:37:05.463, 3, 0, 43801
2026/08/28 13:37:05.963, 0, 0, 43817
2026/08/28 13:37:05.963, 1, 0, 43801
2026/08/28 13:37:05.963, 2, 0, 43801
2026/08/28 13:37:05.963, 3, 0, 43801
2026/08/28 13:37:06.463, 0, 0, 43817
2026/08/28 13:37:06.463, 1, 0, 43801
2026/08/28 13:37:06.463, 2, 0, 43801
2026/08/28 13:37:06.463, 3, 0, 43801
2026/08/28 13:37:06.963, 0, 0, 43817
2026/08/28 13:37:06.963, 1, 0, 43801
2026/08/28 13:37:06.963, 2, 0, 43801
2026/08/28 13:37:06.964, 3, 0, 43801
2026/08/28 13:37:07.464, 0, 92, 43817
2026/08/28 13:37:07.464, 1, 100, 43801
2026/08/28 13:37:07.464, 2, 0, 43801
2026/08/28 13:37:07.464, 3, 24, 43801
2026/08/28 13:37:07.964, 0, 100, 43817
2026/08/28 13:37:07.964, 1, 100, 43801
2026/08/28 13:37:07.964, 2, 100, 43801
2026/08/28 13:37:07.964, 3, 100, 43801
2026/08/28 13:37:08.464, 0, 100, 43817
2026/08/28 13:37:08.464, 1, 100, 43801
2026/08/28 13:37:08.464, 2, 100, 43801
2026/08/28 13:37:08.464, 3, 100, 43801
2026/08/28 13:37:08.964, 0, 100, 43817
2026/08/28 13:37:08.964, 1, 100, 43801
2026/08/28 13:37:08.964, 2, 100, 43801
2026/08/28 13:37:08.964, 3, 100, 43801
2026/08/28 13:37:09.464, 0, 100, 43817
2026/08/28 13:37:09.464, 1, 100, 43801
2026/08/28 13:37:09.464, 2, 100, 43801
2026/08/28 13:37:09.464, 3, 100, 43801
2026/08/28 13:37:09.964, 0, 100, 43817
2026/08/28 13:37:09.964, 1, 100, 43801
2026/08/28 13:37:09.964, 2, 100, 43801
2026/08/28 13:37:09.964, 3, 100, 43801
2026/08/28 13:37:10.464, 0, 100, 43817
2026/08/28 13:37:10.464, 1, 100, 43801
2026/08/28 13:37:10.464, 2, 100, 43801
2026/08/28 13:37:10.464, 3, 100, 43801
2026/08/28 13:37:10.965, 0, 100, 43817
2026/08/28 13:37:10.965, 1, 100, 43801
2026/08/28 13:37:10.965, 2, 100, 43801
2026/08/28 13:37:10.965, 3, 100, 43801
2026/08/28 13:37:11.465, 0, 100, 43817
2026/08/28 13:37:11.465, 1, 100, 43801
2026/08/28 13:37:11.465, 2, 100, 43801
2026/08/28 13:37:11.465, 3, 100, 43801
2026/08/28 13:37:11.965, 0, 100, 43817
2026/08/28 13:37:11.965, 1, 100, 43801
2026/08/28 13:37:11.965, 2, 77, 43801
2026/08/28 13:37:11.965, 3, 79, 43801
2026/08/28 13:37:12.465, 0, 100, 43817
2026/08/28 13:37:12.465, 1, 100, 43801
2026/08/28 13:37:12.465, 2, 100, 43801
2026/08/28 13:37:12.465, 3, 100, 43801
2026/08/28 13:37:12.965, 0, 100, 43817
2026/08/28 13:37:12.965, 1, 100, 43801
2026/08/28 13:37:12.965, 2, 100, 43801
2026/08/28 13:37:12.965, 3, 100, 43801
2026/08/28 13:37:13.465, 0, 100, 43817
2026/08/28 13:37:13.465, 1, 100, 43801
2026/08/28 13:37:13.465, 2, 100, 43801
2026/08/28 13:37:13.465, 3, 100, 43801
2026/08/28 13:37:13.965, 0, 100, 43817
2026/08/28 13:37:13.965, 1, 100, 43801
2026/08/28 13:37:13.965, 2, 100, 43801
2026/08/28 13:37:13.965, 3, 100, 43801
2026/08/28 13:37:14.466, 0, 100, 43817
2026/08/28 13:37:14.466, 1, 100, 43801
2026/08/28 13:37:14.466, 2, 100, 43801
2026/08/28 13:37:14.466, 3, 100, 43801
2026/08/28 13:37:14.966, 0, 100, 43817
2026/08/28 13:37:14.966, 1, 100, 43801
2026/08/28 13:37:14.966, 2, 100, 43801
2026/08/28 13:37:14.966, 3, 100, 43801
2026/08/28 13:37:15.466, 0, 100, 43817
2026/08/28 13:37:15.466, 1, 100, 43801
2026/08/28 13:37:15.466, 2, 100, 43801
2026/08/28 13:37:15.466, 3, 100, 43801
2026/08/28 13:37:15.966, 0, 100, 43817
2026/08/28 13:37:15.966, 1, 100, 43801
2026/08/28 13:37:15.966, 2, 100, 43801
2026/08/28 13:37:15.966, 3, 100, 43801
2026/08/28 13:37:16.466, 0, 100, 43817
2026/08/28 13:37:16.466, 1, 84, 43801
2026/08/28 13:37:16.466, 2, 100, 43801
2026/08/28 13:37:16.466, 3, 100, 43801
2026/08/28 13:37:16.966, 0, 99, 43817
2026/08/28 13:37:16.966, 1, 100, 43801
2026/08/28 13:37:16.966, 2, 100, 43801
2026/08/28 13:37:16.966, 3, 100, 43801
2026/08/28 13:37:17.466, 0, 100, 43817
2026/08/28 13:37:17.466, 1, 100, 43801
2026/08/28 13:37:17.466, 2, 100, 43801
2026/08/28 13:37:17.466, 3, 100, 43801
2026/08/28 13:37:17.966, 0, 100, 43817
2026/08/28 13:37:17.967, 1, 100, 43801
2026/08/28 13:37:17.967, 2, 100, 43801
2026/08/28 13:37:17.967, 3, 100, 43801
2026/08/28 13:37:18.467, 0, 100, 43817
2026/08/28 13:37:18.467, 1, 100, 43801
2026/08/28 13:37:18.467, 2, 100, 43801
2026/08/28 13:37:18.467, 3, 100, 43801
2026/08/28 13:37:18.967, 0, 100, 43817
2026/08/28 13:37:18.967, 1, 100, 43801
2026/08/28 13:37:18.967, 2, 100, 43801
2026/08/28 13:37:18.967, 3, 100, 43801
2026/08/28 13:37:19.467, 0, 100, 43817
2026/08/28 13:37:19.467, 1, 100, 43801
2026/08/28 13:37:19.467, 2, 100, 43801
2026/08/28 13:37:19.467, 3, 100, 43801
2026/08/28 13:37:19.967, 0, 100, 43817
2026/08/28 13:37:19.967, 1, 100, 43801
2026/08/28 13:37:19.967, 2, 100, 43801
2026/08/28 13:37:19.967, 3, 100, 43801
2026/08/28 13:37:20.467, 0, 100, 43817
2026/08/28 13:37:20.467, 1, 100, 43801
2026/08/28 13:37:20.467, 2, 100, 43801
2026/08/28 13:37:20.467, 3, 100, 43801
2026/08/28 13:37:20.967, 0, 100, 43817
2026/08/28 13:37:20.967, 1, 100, 43801
2026/08/28 13:37:20.967, 2, 100, 43801
2026/08/28 13:37:20.967, 3, 100, 43801
2026/08/28 13:37:21.467, 0, 100, 43817
2026/08/28 13:37:21.467, 1, 100, 43801
2026/08/28 13:37:21.467, 2, 100, 43801
2026/08/28 13:37:21.468, 3, 100, 43801
2026/08/28 13:37:21.968, 0, 100, 43817
2026/08/28 13:37:21.968, 1, 100, 43801
2026/08/28 13:37:21.968, 2, 100, 43801
2026/08/28 13:37:21.968, 3, 100, 43801
2026/08/28 13:37:22.468, 0, 100, 43817
2026/08/28 13:37:22.468, 1, 100, 43801
2026/08/28 13:37:22.468, 2, 100, 43801
2026/08/28 13:37:22.468, 3, 100, 43801
2026/08/28 13:37:22.968, 0, 100, 43817
2026/08/28 13:37:22.968, 1, 100, 43801
2026/08/28 13:37:22.968, 2, 100, 43801
2026/08/28 13:37:22.968, 3, 100, 43801
2026/08/28 13:37:23.468, 0, 100, 43817
2026/08/28 13:37:23.468, 1, 100, 43801
2026/08/28 13:37:23.468, 2, 100, 43801
2026/08/28 13:37:23.468, 3, 100, 43801
2026/08/28 13:37:23.968, 0, 100, 43817
2026/08/28 13:37:23.968, 1, 100, 43801
2026/08/28 13:37:23.968, 2, 100, 43801
2026/08/28 13:37:23.968, 3, 100, 43801
2026/08/28 13:37:24.468, 0, 100, 43817
2026/08/28 13:37:24.468, 1, 100, 43801
2026/08/28 13:37:24.468, 2, 100, 43801
2026/08/28 13:37:24.468, 3, 100, 43801
2026/08/28 13:37:24.968, 0, 100, 43817
2026/08/28 13:37:24.968, 1, 100, 43801
2026/08/28 13:37:24.968, 2, 100, 43801
2026/08/28 13:37:24.968, 3, 100, 43801
2026/08/28 13:37:25.469, 0, 100, 43817
2026/08/28 13:37:25.469, 1, 100, 43801
2026/08/28 13:37:25.469, 2, 100, 43801
2026/08/28 13:37:25.469, 3, 100, 43801
2026/08/28 13:37:25.969, 0, 0, 43817
2026/08/28 13:37:25.969, 1, 0, 43801
2026/08/28 13:37:25.969, 2, 0, 43801
2026/08/28 13:37:25.969, 3, 0, 43801
2026/08/28 13:37:26.469, 0, 0, 43817
2026/08/28 13:37:26.469, 1, 0, 43801
2026/08/28 13:37:26.469, 2, 0, 43801
2026/08/28 13:37:26.469, 3, 0, 43801
2026/08/28 13:37:26.969, 0, 0, 43817
2026/08/28 13:37:26.969, 1, 0, 43801
2026/08/28 13:37:26.969, 2, 0, 43801
2026/08/28 13:37:26.969, 3, 0, 43801
2026/08/28 13:37:27.469, 0, 0, 43817
2026/08/28 13:37:27.469, 1, 0, 43801
2026/08/28 13:37:27.469, 2, 0, 43801
2026/08/28 13:37:27.469, 3, 0, 43801
2026/08/28 13:37:27.969, 0, 95, 43817
2026/08/28 13:37:27.969, 1, 86, 43801
2026/08/28 13:37:27.969, 2, 96, 43801
2026/08/28 13:37:27.969, 3, 100, 43801
2026/08/28 13:37:28.470, 0, 100, 43817
2026/08/28 13:37:28.470, 1, 100, 43801
2026/08/28 13:37:28.470, 2, 100, 43801
2026/08/28 13:37:28.470, 3, 100, 43801
2026/08/28 13:37:28.970, 0, 100, 43817
2026/08/28 13:37:28.970, 1, 100, 43801
2026/08/28 13:37:28.970, 2, 100, 43801
2026/08/28 13:37:28.970, 3, 100, 43801
2026/08/28 13:37:29.470, 0, 100, 43817
2026/08/28 13:37:29.470, 1, 100, 43801
2026/08/28 13:37:29.470, 2, 100, 43801
2026/08/28 13:37:29.470, 3, 100, 43801
2026/08/28 13:37:29.970, 0, 100, 43817
2026/08/28 13:37:29.970, 1, 100, 43801
2026/08/28 13:37:29.970, 2, 100, 43801
2026/08/28 13:37:29.970, 3, 100, 43801
2026/08/28 13:37:30.470, 0, 100, 43817
2026/08/28 13:37:30.470, 1, 100, 43801
2026/08/28 13:37:30.470, 2, 100, 43801
2026/08/28 13:37:30.470, 3, 100, 43801
2026/08/28 13:37:30.970, 0, 100, 43817
2026/08/28 13:37:30.970, 1, 100, 43801
2026/08/28 13:37:30.970, 2, 100, 43801
2026/08/28 13:37:30.970, 3, 100, 43801
2026/08/28 13:37:31.470, 0, 100, 43817
2026/08/28 13:37:31.470, 1, 100, 43801
2026/08/28 13:37:31.470, 2, 100, 43801
2026/08/28 13:37:31.470, 3, 100, 43801
2026/08/28 13:37:31.970, 0, 100, 43817
2026/08/28 13:37:31.971, 1, 100, 43801
2026/08/28 13:37:31.971, 2, 100, 43801
2026/08/28 13:37:31.971, 3, 100, 43801
2026/08/28 13:37:32.471, 0, 100, 43817
2026/08/28 13:37:32.471, 1, 87, 43801
2026/08/28 13:37:32.471, 2, 100, 43801
2026/08/28 13:37:32.471, 3, 100, 43801
2026/08/28 13:37:32.971, 0, 100, 43817
2026/08/28 13:37:32.971, 1, 100, 43801
2026/08/28 13:37:32.971, 2, 100, 43801
2026/08/28 13:37:32.971, 3, 100, 43801
2026/08/28 13:37:33.471, 0, 100, 43817
2026/08/28 13:37:33.471, 1, 100, 43801
2026/08/28 13:37:33.471, 2, 100, 43801
2026/08/28 13:37:33.471, 3, 100, 43801
2026/08/28 13:37:33.971, 0, 100, 43817
2026/08/28 13:37:33.971, 1, 100, 43801
2026/08/28 13:37:33.971, 2, 100, 43801
2026/08/28 13:37:33.971, 3, 100, 43801
2026/08/28 13:37:34.471, 0, 100, 43817
2026/08/28 13:37:34.471, 1, 100, 43801
2026/08/28 13:37:34.471, 2, 100, 43801
2026/08/28 13:37:34.471, 3, 100, 43801
2026/08/28 13:37:34.971, 0, 100, 43817
2026/08/28 13:37:34.972, 1, 100, 43801
2026/08/28 13:37:34.972, 2, 100, 43801
2026/08/28 13:37:34.972, 3, 100, 43801
2026/08/28 13:37:35.472, 0, 100, 43817
2026/08/28 13:37:35.472, 1, 100, 43801
2026/08/28 13:37:35.472, 2, 100, 43801
2026/08/28 13:37:35.472, 3, 100, 43801
2026/08/28 13:37:35.972, 0, 100, 43817
2026/08/28 13:37:35.972, 1, 100, 43801
2026/08/28 13:37:35.972, 2, 100, 43801
2026/08/28 13:37:35.972, 3, 100, 43801
2026/08/28 13:37:36.472, 0, 100, 43817
2026/08/28 13:37:36.472, 1, 100, 43801
2026/08/28 13:37:36.472, 2, 100, 43801
2026/08/28 13:37:36.472, 3, 100, 43801
2026/08/28 13:37:36.972, 0, 100, 43817
2026/08/28 13:37:36.972, 1, 100, 43801
2026/08/28 13:37:36.972, 2, 100, 43801
2026/08/28 13:37:36.972, 3, 100, 43801
2026/08/28 13:37:37.472, 0, 100, 43817
2026/08/28 13:37:37.472, 1, 100, 43801
2026/08/28 13:37:37.472, 2, 100, 43801
2026/08/28 13:37:37.472, 3, 100, 43801
2026/08/28 13:37:37.972, 0, 100, 43817
2026/08/28 13:37:37.972, 1, 100, 43801
2026/08/28 13:37:37.972, 2, 100, 43801
2026/08/28 13:37:37.972, 3, 100, 43801
2026/08/28 13:37:38.472, 0, 100, 43817
2026/08/28 13:37:38.472, 1, 100, 43801
2026/08/28 13:37:38.472, 2, 100, 43801
2026/08/28 13:37:38.472, 3, 100, 43801
2026/08/28 13:37:38.973, 0, 100, 43817
2026/08/28 13:37:38.973, 1, 100, 43801
2026/08/28 13:37:38.973, 2, 100, 43801
2026/08/28 13:37:38.973, 3, 100, 43801
2026/08/28 13:37:39.473, 0, 100, 43817
2026/08/28 13:37:39.473, 1, 100, 43801
2026/08/28 13:37:39.473, 2, 100, 43801
2026/08/28 13:37:39.473, 3, 100, 43801
2026/08/28 13:37:39.973, 0, 100, 43817
2026/08/28 13:37:39.973, 1, 100, 43801
2026/08/28 13:37:39.973, 2, 100, 43801
2026/08/28 13:37:39.973, 3, 100, 43801
2026/08/28 13:37:40.473, 0, 100, 43817
2026/08/28 13:37:40.473, 1, 100, 43801
2026/08/28 13:37:40.473, 2, 100, 43801
2026/08/28 13:37:40.473, 3, 100, 43801
2026/08/28 13:37:40.973, 0, 100, 43817
2026/08/28 13:37:40.973, 1, 100, 43801
2026/08/28 13:37:40.973, 2, 100, 43801
2026/08/28 13:37:40.973, 3, 100, 43801
2026/08/28 13:37:41.473, 0, 100, 43817
2026/08/28 13:37:41.473, 1, 100, 43801
2026/08/28 13:37:41.473, 2, 100, 43801
2026/08/28 13:37:41.473, 3, 100, 43801
2026/08/28 13:37:41.973, 0, 100, 43817
2026/08/28 13:37:41.974, 1, 99, 43801
2026/08/28 13:37:41.974, 2, 100, 43801
2026/08/28 13:37:41.974, 3, 100, 43801
2026/08/28 13:37:42.474, 0, 100, 43817
2026/08/28 13:37:42.474, 1, 100, 43801
2026/08/28 13:37:42.474, 2, 100, 43801
2026/08/28 13:37:42.474, 3, 100, 43801
2026/08/28 13:37:42.974, 0, 100, 43817
2026/08/28 13:37:42.974, 1, 100, 43801
2026/08/28 13:37:42.974, 2, 100, 43801
2026/08/28 13:37:42.974, 3, 100, 43801
2026/08/28 13:37:43.474, 0, 100, 43817
2026/08/28 13:37:43.474, 1, 100, 43801
2026/08/28 13:37:43.474, 2, 100, 43801
2026/08/28 13:37:43.474, 3, 100, 43801
2026/08/28 13:37:43.974, 0, 100, 43817
2026/08/28 13:37:43.974, 1, 100, 43801
2026/08/28 13:37:43.974, 2, 100, 43801
2026/08/28 13:37:43.974, 3, 100, 43801
2026/08/28 13:37:44.474, 0, 100, 43817
2026/08/28 13:37:44.474, 1, 100, 43801
2026/08/28 13:37:44.474, 2, 100, 43801
2026/08/28 13:37:44.474, 3, 100, 43801
2026/08/28 13:37:44.974, 0, 100, 43817
2026/08/28 13:37:44.974, 1, 100, 43801
2026/08/28 13:37:44.974, 2, 100, 43801
2026/08/28 13:37:44.974, 3, 100, 43801
2026/08/28 13:37:45.474, 0, 100, 43817
2026/08/28 13:37:45.476, 1, 100, 43801
2026/08/28 13:37:45.476, 2, 100, 43801
2026/08/28 13:37:45.476, 3, 100, 43801
2026/08/28 13:37:45.976, 0, 100, 43817
2026/08/28 13:37:45.976, 1, 100, 43801
2026/08/28 13:37:45.976, 2, 100, 43801
2026/08/28 13:37:45.976, 3, 100, 43801
2026/08/28 13:37:46.476, 0, 0, 43817
2026/08/28 13:37:46.476, 1, 0, 43801
2026/08/28 13:37:46.476, 2, 0, 43801
2026/08/28 13:37:46.477, 3, 0, 43801
2026/08/28 13:37:46.977, 0, 0, 43817
2026/08/28 13:37:46.977, 1, 0, 43801
2026/08/28 13:37:46.977, 2, 0, 43801
2026/08/28 13:37:46.977, 3, 0, 43801
2026/08/28 13:37:47.477, 0, 0, 43817
2026/08/28 13:37:47.477, 1, 0, 43801
2026/08/28 13:37:47.477, 2, 0, 43801
2026/08/28 13:37:47.477, 3, 0, 43801
2026/08/28 13:37:47.977, 0, 0, 43817
2026/08/28 13:37:47.977, 1, 0, 43801
2026/08/28 13:37:47.977, 2, 0, 43801
2026/08/28 13:37:47.977, 3, 0, 43801
2026/08/28 13:37:48.477, 0, 100, 43817
2026/08/28 13:37:48.477, 1, 99, 43801
2026/08/28 13:37:48.477, 2, 100, 43801
2026/08/28 13:37:48.477, 3, 100, 43801
2026/08/28 13:37:48.977, 0, 100, 43817
2026/08/28 13:37:48.977, 1, 100, 43801
2026/08/28 13:37:48.977, 2, 100, 43801
2026/08/28 13:37:48.977, 3, 100, 43801
2026/08/28 13:37:49.477, 0, 100, 43817
2026/08/28 13:37:49.477, 1, 100, 43801
2026/08/28 13:37:49.477, 2, 100, 43801
2026/08/28 13:37:49.477, 3, 100, 43801
2026/08/28 13:37:49.978, 0, 100, 43817
2026/08/28 13:37:49.978, 1, 100, 43801
2026/08/28 13:37:49.978, 2, 100, 43801
2026/08/28 13:37:49.978, 3, 100, 43801
2026/08/28 13:37:50.478, 0, 100, 43817
2026/08/28 13:37:50.478, 1, 100, 43801
2026/08/28 13:37:50.478, 2, 100, 43801
2026/08/28 13:37:50.478, 3, 100, 43801
2026/08/28 13:37:50.978, 0, 100, 43817
2026/08/28 13:37:50.978, 1, 100, 43801
2026/08/28 13:37:50.978, 2, 100, 43801
2026/08/28 13:37:50.978, 3, 100, 43801
2026/08/28 13:37:51.478, 0, 100, 43817
2026/08/28 13:37:51.478, 1, 100, 43801
2026/08/28 13:37:51.478, 2, 100, 43801
2026/08/28 13:37:51.478, 3, 100, 43801
2026/08/28 13:37:51.978, 0, 100, 43817
2026/08/28 13:37:51.978, 1, 100, 43801
2026/08/28 13:37:51.978, 2, 100, 43801
2026/08/28 13:37:51.978, 3, 100, 43801
2026/08/28 13:37:52.478, 0, 100, 43817
2026/08/28 13:37:52.478, 1, 100, 43801
2026/08/28 13:37:52.478, 2, 100, 43801
2026/08/28 13:37:52.478, 3, 100, 43801
2026/08/28 13:37:52.978, 0, 100, 43817
2026/08/28 13:37:52.979, 1, 100, 43801
2026/08/28 13:37:52.979, 2, 100, 43801
2026/08/28 13:37:52.979, 3, 100, 43801
2026/08/28 13:37:53.479, 0, 100, 43817
2026/08/28 13:37:53.479, 1, 100, 43801
2026/08/28 13:37:53.479, 2, 100, 43801
2026/08/28 13:37:53.479, 3, 100, 43801
2026/08/28 13:37:53.979, 0, 100, 43817
2026/08/28 13:37:53.979, 1, 100, 43801
2026/08/28 13:37:53.979, 2, 100, 43801
2026/08/28 13:37:53.979, 3, 100, 43801
2026/08/28 13:37:54.479, 0, 100, 43817
2026/08/28 13:37:54.479, 1, 100, 43801
2026/08/28 13:37:54.479, 2, 100, 43801
2026/08/28 13:37:54.479, 3, 100, 43801
2026/08/28 13:37:54.979, 0, 100, 43817
2026/08/28 13:37:54.979, 1, 100, 43801
2026/08/28 13:37:54.979, 2, 100, 43801
2026/08/28 13:37:54.979, 3, 100, 43801
2026/08/28 13:37:55.479, 0, 100, 43817
2026/08/28 13:37:55.479, 1, 100, 43801
2026/08/28 13:37:55.479, 2, 100, 43801
2026/08/28 13:37:55.479, 3, 100, 43801
2026/08/28 13:37:55.979, 0, 100, 43817
2026/08/28 13:37:55.979, 1, 100, 43801
2026/08/28 13:37:55.979, 2, 100, 43801
2026/08/28 13:37:55.979, 3, 100, 43801
2026/08/28 13:37:56.479, 0, 100, 43817
2026/08/28 13:37:56.479, 1, 100, 43801
2026/08/28 13:37:56.479, 2, 100, 43801
2026/08/28 13:37:56.479, 3, 100, 43801
2026/08/28 13:37:56.980, 0, 100, 43817
2026/08/28 13:37:56.980, 1, 100, 43801
2026/08/28 13:37:56.980, 2, 100, 43801
2026/08/28 13:37:56.980, 3, 100, 43801
2026/08/28 13:37:57.480, 0, 100, 43817
2026/08/28 13:37:57.480, 1, 100, 43801
2026/08/28 13:37:57.480, 2, 87, 43801
2026/08/28 13:37:57.480, 3, 78, 43801
2026/08/28 13:37:57.980, 0, 100, 43817
2026/08/28 13:37:57.980, 1, 100, 43801
2026/08/28 13:37:57.980, 2, 100, 43801
2026/08/28 13:37:57.980, 3, 100, 43801
2026/08/28 13:37:58.480, 0, 100, 43817
2026/08/28 13:37:58.480, 1, 100, 43801
2026/08/28 13:37:58.480, 2, 100, 43801
2026/08/28 13:37:58.480, 3, 100, 43801
2026/08/28 13:37:58.980, 0, 100, 43817
2026/08/28 13:37:58.980, 1, 100, 43801
2026/08/28 13:37:58.980, 2, 100, 43801
2026/08/28 13:37:58.980, 3, 100, 43801
2026/08/28 13:37:59.480, 0, 100, 43817
2026/08/28 13:37:59.480, 1, 100, 43801
2026/08/28 13:37:59.480, 2, 100, 43801
2026/08/28 13:37:59.480, 3, 100, 43801
2026/08/28 13:37:59.981, 0, 100, 43817
2026/08/28 13:37:59.981, 1, 100, 43801
2026/08/28 13:37:59.981, 2, 100, 43801
2026/08/28 13:37:59.981, 3, 100, 43801
2026/08/28 13:38:00.481, 0, 100, 43817
2026/08/28 13:38:00.481, 1, 100, 43801
2026/08/28 13:38:00.481, 2, 100, 43801
2026/08/28 13:38:00.481, 3, 100, 43801
2026/08/28 13:38:00.981, 0, 100, 43817
2026/08/28 13:38:00.981, 1, 100, 43801
2026/08/28 13:38:00.981, 2, 100, 43801
2026/08/28 13:38:00.981, 3, 100, 43801
2026/08/28 13:38:01.481, 0, 100, 43817
2026/08/28 13:38:01.481, 1, 100, 43801
2026/08/28 13:38:01.481, 2, 100, 43801
2026/08/28 13:38:01.481, 3, 100, 43801
2026/08/28 13:38:01.981, 0, 72, 43817
2026/08/28 13:38:01.981, 1, 97, 43801
2026/08/28 13:38:01.981, 2, 70, 43801
2026/08/28 13:38:01.981, 3, 69, 43801
2026/08/28 13:38:02.481, 0, 100, 43817
2026/08/28 13:38:02.481, 1, 100, 43801
2026/08/28 13:38:02.481, 2, 100, 43801
2026/08/28 13:38:02.481, 3, 100, 43801
2026/08/28 13:38:02.981, 0, 100, 43817
2026/08/28 13:38:02.982, 1, 100, 43801
2026/08/28 13:38:02.982, 2, 100, 43801
2026/08/28 13:38:02.982, 3, 100, 43801
2026/08/28 13:38:03.482, 0, 100, 43817
2026/08/28 13:38:03.482, 1, 100, 43801
2026/08/28 13:38:03.482, 2, 100, 43801
2026/08/28 13:38:03.482, 3, 100, 43801
2026/08/28 13:38:03.982, 0, 100, 43817
2026/08/28 13:38:03.982, 1, 100, 43801
2026/08/28 13:38:03.982, 2, 100, 43801
2026/08/28 13:38:03.982, 3, 100, 43801
2026/08/28 13:38:04.482, 0, 100, 43817
2026/08/28 13:38:04.482, 1, 100, 43801
2026/08/28 13:38:04.482, 2, 100, 43801
2026/08/28 13:38:04.482, 3, 100, 43801
2026/08/28 13:38:04.982, 0, 100, 43817
2026/08/28 13:38:04.982, 1, 100, 43801
2026/08/28 13:38:04.982, 2, 100, 43801
2026/08/28 13:38:04.982, 3, 100, 43801
2026/08/28 13:38:05.482, 0, 100, 43817
2026/08/28 13:38:05.482, 1, 100, 43801
2026/08/28 13:38:05.482, 2, 100, 43801
2026/08/28 13:38:05.482, 3, 100, 43801
2026/08/28 13:38:05.982, 0, 100, 43817
2026/08/28 13:38:05.983, 1, 100, 43801
2026/08/28 13:38:05.983, 2, 100, 43801
2026/08/28 13:38:05.983, 3, 100, 43801
2026/08/28 13:38:06.483, 0, 58, 43817
2026/08/28 13:38:06.483, 1, 86, 43801
2026/08/28 13:38:06.483, 2, 100, 43801
2026/08/28 13:38:06.483, 3, 100, 43801
2026/08/28 13:38:06.983, 0, 0, 43817
2026/08/28 13:38:06.983, 1, 0, 43801
2026/08/28 13:38:06.983, 2, 0, 43801
2026/08/28 13:38:06.983, 3, 0, 43801
2026/08/28 13:38:07.483, 0, 0, 43817
2026/08/28 13:38:07.483, 1, 0, 43801
2026/08/28 13:38:07.483, 2, 0, 43801
2026/08/28 13:38:07.483, 3, 0, 43801
2026/08/28 13:38:07.983, 0, 0, 43817
2026/08/28 13:38:07.983, 1, 0, 43801
2026/08/28 13:38:07.983, 2, 0, 43801
2026/08/28 13:38:07.983, 3, 0, 43801
2026/08/28 13:38:08.483, 0, 0, 43817
2026/08/28 13:38:08.483, 1, 0, 43801
2026/08/28 13:38:08.483, 2, 0, 43801
2026/08/28 13:38:08.483, 3, 0, 43801
2026/08/28 13:38:08.984, 0, 100, 43817
2026/08/28 13:38:08.984, 1, 100, 43801
2026/08/28 13:38:08.984, 2, 100, 43801
2026/08/28 13:38:08.984, 3, 100, 43801
2026/08/28 13:38:09.484, 0, 100, 43817
2026/08/28 13:38:09.484, 1, 100, 43801
2026/08/28 13:38:09.484, 2, 100, 43801
2026/08/28 13:38:09.484, 3, 100, 43801
2026/08/28 13:38:09.984, 0, 100, 43817
2026/08/28 13:38:09.984, 1, 100, 43801
2026/08/28 13:38:09.984, 2, 100, 43801
2026/08/28 13:38:09.984, 3, 100, 43801
2026/08/28 13:38:10.484, 0, 100, 43817
2026/08/28 13:38:10.484, 1, 100, 43801
2026/08/28 13:38:10.484, 2, 100, 43801
2026/08/28 13:38:10.484, 3, 100, 43801
2026/08/28 13:38:10.984, 0, 100, 43817
2026/08/28 13:38:10.984, 1, 100, 43801
2026/08/28 13:38:10.984, 2, 100, 43801
2026/08/28 13:38:10.984, 3, 100, 43801
2026/08/28 13:38:11.484, 0, 100, 43817
2026/08/28 13:38:11.484, 1, 100, 43801
2026/08/28 13:38:11.484, 2, 100, 43801
2026/08/28 13:38:11.484, 3, 100, 43801
2026/08/28 13:38:11.985, 0, 100, 43817
2026/08/28 13:38:11.985, 1, 100, 43801
2026/08/28 13:38:11.985, 2, 100, 43801
2026/08/28 13:38:11.985, 3, 100, 43801
2026/08/28 13:38:12.485, 0, 100, 43817
2026/08/28 13:38:12.485, 1, 100, 43801
2026/08/28 13:38:12.485, 2, 100, 43801
2026/08/28 13:38:12.485, 3, 100, 43801
2026/08/28 13:38:12.985, 0, 100, 43817
2026/08/28 13:38:12.985, 1, 100, 43801
2026/08/28 13:38:12.985, 2, 100, 43801
2026/08/28 13:38:12.985, 3, 100, 43801
2026/08/28 13:38:13.485, 0, 85, 43817
2026/08/28 13:38:13.487, 1, 100, 43801
2026/08/28 13:38:13.487, 2, 80, 43801
2026/08/28 13:38:13.487, 3, 71, 43801
2026/08/28 13:38:13.987, 0, 100, 43817
2026/08/28 13:38:13.987, 1, 100, 43801
2026/08/28 13:38:13.987, 2, 100, 43801
2026/08/28 13:38:13.987, 3, 100, 43801
2026/08/28 13:38:14.487, 0, 100, 43817
2026/08/28 13:38:14.487, 1, 100, 43801
2026/08/28 13:38:14.487, 2, 100, 43801
2026/08/28 13:38:14.487, 3, 100, 43801
2026/08/28 13:38:14.987, 0, 100, 43817
2026/08/28 13:38:14.987, 1, 100, 43801
2026/08/28 13:38:14.987, 2, 100, 43801
2026/08/28 13:38:14.987, 3, 100, 43801
2026/08/28 13:38:15.487, 0, 100, 43817
2026/08/28 13:38:15.487, 1, 100, 43801
2026/08/28 13:38:15.488, 2, 100, 43801
2026/08/28 13:38:15.488, 3, 100, 43801
2026/08/28 13:38:15.988, 0, 100, 43817
2026/08/28 13:38:15.988, 1, 100, 43801
2026/08/28 13:38:15.988, 2, 100, 43801
2026/08/28 13:38:15.988, 3, 100, 43801
2026/08/28 13:38:16.488, 0, 100, 43817
2026/08/28 13:38:16.488, 1, 100, 43801
2026/08/28 13:38:16.488, 2, 100, 43801
2026/08/28 13:38:16.488, 3, 100, 43801
2026/08/28 13:38:16.988, 0, 100, 43817
2026/08/28 13:38:16.988, 1, 100, 43801
2026/08/28 13:38:16.988, 2, 100, 43801
2026/08/28 13:38:16.988, 3, 100, 43801
2026/08/28 13:38:17.488, 0, 100, 43817
2026/08/28 13:38:17.488, 1, 100, 43801
2026/08/28 13:38:17.488, 2, 100, 43801
2026/08/28 13:38:17.488, 3, 100, 43801
2026/08/28 13:38:17.988, 0, 71, 43817
2026/08/28 13:38:17.988, 1, 97, 43801
2026/08/28 13:38:17.988, 2, 68, 43801
2026/08/28 13:38:17.988, 3, 69, 43801
2026/08/28 13:38:18.488, 0, 100, 43817
2026/08/28 13:38:18.489, 1, 100, 43801
2026/08/28 13:38:18.489, 2, 100, 43801
2026/08/28 13:38:18.489, 3, 100, 43801
2026/08/28 13:38:18.989, 0, 100, 43817
2026/08/28 13:38:18.989, 1, 100, 43801
2026/08/28 13:38:18.989, 2, 100, 43801
2026/08/28 13:38:18.989, 3, 100, 43801
2026/08/28 13:38:19.489, 0, 100, 43817
2026/08/28 13:38:19.489, 1, 100, 43801
2026/08/28 13:38:19.489, 2, 100, 43801
2026/08/28 13:38:19.489, 3, 100, 43801
2026/08/28 13:38:19.989, 0, 100, 43817
2026/08/28 13:38:19.989, 1, 100, 43801
2026/08/28 13:38:19.989, 2, 100, 43801
2026/08/28 13:38:19.989, 3, 100, 43801
2026/08/28 13:38:20.489, 0, 100, 43817
2026/08/28 13:38:20.489, 1, 100, 43801
2026/08/28 13:38:20.489, 2, 100, 43801
2026/08/28 13:38:20.489, 3, 100, 43801
2026/08/28 13:38:20.989, 0, 100, 43817
2026/08/28 13:38:20.989, 1, 100, 43801
2026/08/28 13:38:20.989, 2, 100, 43801
2026/08/28 13:38:20.989, 3, 100, 43801
2026/08/28 13:38:21.489, 0, 100, 43817
2026/08/28 13:38:21.490, 1, 100, 43801
2026/08/28 13:38:21.490, 2, 100, 43801
2026/08/28 13:38:21.490, 3, 100, 43801
2026/08/28 13:38:21.990, 0, 100, 43817
2026/08/28 13:38:21.990, 1, 100, 43801
2026/08/28 13:38:21.990, 2, 100, 43801
2026/08/28 13:38:21.990, 3, 100, 43801
2026/08/28 13:38:22.490, 0, 65, 43817
2026/08/28 13:38:22.490, 1, 85, 43801
2026/08/28 13:38:22.490, 2, 100, 43801
2026/08/28 13:38:22.490, 3, 100, 43801
2026/08/28 13:38:22.990, 0, 100, 43817
2026/08/28 13:38:22.990, 1, 100, 43801
2026/08/28 13:38:22.990, 2, 100, 43801
2026/08/28 13:38:22.990, 3, 100, 43801
2026/08/28 13:38:23.490, 0, 100, 43817
2026/08/28 13:38:23.490, 1, 100, 43801
2026/08/28 13:38:23.490, 2, 100, 43801
2026/08/28 13:38:23.490, 3, 100, 43801
2026/08/28 13:38:23.990, 0, 100, 43817
2026/08/28 13:38:23.990, 1, 100, 43801
2026/08/28 13:38:23.990, 2, 100, 43801
2026/08/28 13:38:23.990, 3, 100, 43801
2026/08/28 13:38:24.490, 0, 100, 43817
2026/08/28 13:38:24.491, 1, 100, 43801
2026/08/28 13:38:24.491, 2, 100, 43801
2026/08/28 13:38:24.491, 3, 100, 43801
2026/08/28 13:38:24.991, 0, 100, 43817
2026/08/28 13:38:24.991, 1, 100, 43801
2026/08/28 13:38:24.991, 2, 100, 43801
2026/08/28 13:38:24.991, 3, 100, 43801
2026/08/28 13:38:25.491, 0, 100, 43817
2026/08/28 13:38:25.491, 1, 100, 43801
2026/08/28 13:38:25.491, 2, 100, 43801
2026/08/28 13:38:25.491, 3, 100, 43801
2026/08/28 13:38:25.991, 0, 100, 43817
2026/08/28 13:38:25.991, 1, 100, 43801
2026/08/28 13:38:25.991, 2, 100, 43801
2026/08/28 13:38:25.991, 3, 100, 43801
2026/08/28 13:38:26.491, 0, 100, 43817
2026/08/28 13:38:26.491, 1, 100, 43801
2026/08/28 13:38:26.491, 2, 100, 43801
2026/08/28 13:38:26.491, 3, 100, 43801
2026/08/28 13:38:26.991, 0, 100, 43817
2026/08/28 13:38:26.991, 1, 100, 43801
2026/08/28 13:38:26.991, 2, 100, 43801
2026/08/28 13:38:26.991, 3, 100, 43801
2026/08/28 13:38:27.491, 0, 0, 43817
2026/08/28 13:38:27.492, 1, 0, 43801
2026/08/28 13:38:27.492, 2, 0, 43801
2026/08/28 13:38:27.492, 3, 0, 43801
2026/08/28 13:38:27.992, 0, 0, 43817
2026/08/28 13:38:27.992, 1, 0, 43801
2026/08/28 13:38:27.992, 2, 0, 43801
2026/08/28 13:38:27.992, 3, 0, 43801
2026/08/28 13:38:28.492, 0, 0, 43817
2026/08/28 13:38:28.492, 1, 0, 43801
2026/08/28 13:38:28.492, 2, 0, 43801
2026/08/28 13:38:28.492, 3, 0, 43801
2026/08/28 13:38:28.992, 0, 0, 43817
2026/08/28 13:38:28.992, 1, 0, 43801
2026/08/28 13:38:28.992, 2, 0, 43801
2026/08/28 13:38:28.992, 3, 0, 43801
2026/08/28 13:38:29.492, 0, 66, 43817
2026/08/28 13:38:29.494, 1, 100, 43801
2026/08/28 13:38:29.494, 2, 81, 43801
2026/08/28 13:38:29.494, 3, 87, 43801
2026/08/28 13:38:29.994, 0, 100, 43817
2026/08/28 13:38:29.994, 1, 100, 43801
2026/08/28 13:38:29.995, 2, 100, 43801
2026/08/28 13:38:29.995, 3, 100, 43801
2026/08/28 13:38:30.495, 0, 100, 43817
2026/08/28 13:38:30.495, 1, 100, 43801
2026/08/28 13:38:30.495, 2, 100, 43801
2026/08/28 13:38:30.495, 3, 100, 43801
2026/08/28 13:38:30.995, 0, 100, 43817
2026/08/28 13:38:30.995, 1, 100, 43801
2026/08/28 13:38:30.995, 2, 100, 43801
2026/08/28 13:38:30.995, 3, 100, 43801
2026/08/28 13:38:31.495, 0, 100, 43817
2026/08/28 13:38:31.495, 1, 100, 43801
2026/08/28 13:38:31.495, 2, 100, 43801
2026/08/28 13:38:31.495, 3, 100, 43801
2026/08/28 13:38:31.995, 0, 100, 43817
2026/08/28 13:38:31.995, 1, 100, 43801
2026/08/28 13:38:31.995, 2, 100, 43801
2026/08/28 13:38:31.995, 3, 100, 43801
2026/08/28 13:38:32.495, 0, 100, 43817
2026/08/28 13:38:32.495, 1, 100, 43801
2026/08/28 13:38:32.495, 2, 100, 43801
2026/08/28 13:38:32.495, 3, 100, 43801
2026/08/28 13:38:32.995, 0, 100, 43817
2026/08/28 13:38:32.995, 1, 100, 43801
2026/08/28 13:38:32.995, 2, 100, 43801
2026/08/28 13:38:32.995, 3, 100, 43801
2026/08/28 13:38:33.496, 0, 100, 43817
2026/08/28 13:38:33.496, 1, 100, 43801
2026/08/28 13:38:33.496, 2, 100, 43801
2026/08/28 13:38:33.496, 3, 100, 43801
2026/08/28 13:38:33.996, 0, 76, 43817
2026/08/28 13:38:33.996, 1, 77, 43801
2026/08/28 13:38:33.996, 2, 76, 43801
2026/08/28 13:38:33.996, 3, 86, 43801
2026/08/28 13:38:34.496, 0, 100, 43817
2026/08/28 13:38:34.496, 1, 100, 43801
2026/08/28 13:38:34.496, 2, 100, 43801
2026/08/28 13:38:34.496, 3, 100, 43801
2026/08/28 13:38:34.996, 0, 100, 43817
2026/08/28 13:38:34.996, 1, 100, 43801
2026/08/28 13:38:34.996, 2, 100, 43801
2026/08/28 13:38:34.996, 3, 100, 43801
2026/08/28 13:38:35.496, 0, 100, 43817
2026/08/28 13:38:35.496, 1, 100, 43801
2026/08/28 13:38:35.496, 2, 100, 43801
2026/08/28 13:38:35.496, 3, 100, 43801
2026/08/28 13:38:35.996, 0, 100, 43817
2026/08/28 13:38:35.996, 1, 100, 43801
2026/08/28 13:38:35.996, 2, 100, 43801
2026/08/28 13:38:35.996, 3, 100, 43801
2026/08/28 13:38:36.496, 0, 100, 43817
2026/08/28 13:38:36.496, 1, 100, 43801
2026/08/28 13:38:36.496, 2, 100, 43801
2026/08/28 13:38:36.497, 3, 100, 43801
2026/08/28 13:38:36.997, 0, 100, 43817
2026/08/28 13:38:36.997, 1, 100, 43801
2026/08/28 13:38:36.997, 2, 100, 43801
2026/08/28 13:38:36.997, 3, 100, 43801
2026/08/28 13:38:37.497, 0, 100, 43817
2026/08/28 13:38:37.497, 1, 100, 43801
2026/08/28 13:38:37.497, 2, 100, 43801
2026/08/28 13:38:37.497, 3, 100, 43801
2026/08/28 13:38:37.997, 0, 100, 43817
2026/08/28 13:38:37.997, 1, 100, 43801
2026/08/28 13:38:37.997, 2, 100, 43801
2026/08/28 13:38:37.997, 3, 100, 43801
2026/08/28 13:38:38.497, 0, 89, 43817
2026/08/28 13:38:38.497, 1, 79, 43801
2026/08/28 13:38:38.497, 2, 100, 43801
2026/08/28 13:38:38.497, 3, 100, 43801
2026/08/28 13:38:38.997, 0, 100, 43817
2026/08/28 13:38:38.997, 1, 100, 43801
2026/08/28 13:38:38.997, 2, 100, 43801
2026/08/28 13:38:38.997, 3, 100, 43801
2026/08/28 13:38:39.497, 0, 100, 43817
2026/08/28 13:38:39.497, 1, 100, 43801
2026/08/28 13:38:39.497, 2, 100, 43801
2026/08/28 13:38:39.497, 3, 100, 43801
2026/08/28 13:38:39.997, 0, 100, 43817
2026/08/28 13:38:39.997, 1, 100, 43801
2026/08/28 13:38:39.997, 2, 100, 43801
2026/08/28 13:38:39.997, 3, 100, 43801
2026/08/28 13:38:40.498, 0, 100, 43817
2026/08/28 13:38:40.498, 1, 100, 43801
2026/08/28 13:38:40.498, 2, 100, 43801
2026/08/28 13:38:40.498, 3, 100, 43801
2026/08/28 13:38:40.998, 0, 100, 43817
2026/08/28 13:38:40.998, 1, 100, 43801
2026/08/28 13:38:40.998, 2, 100, 43801
2026/08/28 13:38:40.998, 3, 100, 43801
2026/08/28 13:38:41.498, 0, 100, 43817
2026/08/28 13:38:41.498, 1, 100, 43801
2026/08/28 13:38:41.498, 2, 100, 43801
2026/08/28 13:38:41.498, 3, 100, 43801
2026/08/28 13:38:41.998, 0, 100, 43817
2026/08/28 13:38:41.998, 1, 100, 43801
2026/08/28 13:38:41.998, 2, 100, 43801
2026/08/28 13:38:41.998, 3, 100, 43801
2026/08/28 13:38:42.498, 0, 100, 43817
2026/08/28 13:38:42.498, 1, 100, 43801
2026/08/28 13:38:42.498, 2, 100, 43801
2026/08/28 13:38:42.498, 3, 100, 43801
2026/08/28 13:38:42.998, 0, 100, 43817
2026/08/28 13:38:42.998, 1, 100, 43801
2026/08/28 13:38:42.998, 2, 100, 43801
2026/08/28 13:38:42.998, 3, 100, 43801
2026/08/28 13:38:43.498, 0, 100, 43817
2026/08/28 13:38:43.498, 1, 100, 43801
2026/08/28 13:38:43.498, 2, 99, 43801
2026/08/28 13:38:43.498, 3, 99, 43801
2026/08/28 13:38:43.999, 0, 100, 43817
2026/08/28 13:38:43.999, 1, 100, 43801
2026/08/28 13:38:43.999, 2, 100, 43801
2026/08/28 13:38:43.999, 3, 100, 43801
2026/08/28 13:38:44.499, 0, 100, 43817
2026/08/28 13:38:44.499, 1, 100, 43801
2026/08/28 13:38:44.499, 2, 100, 43801
2026/08/28 13:38:44.499, 3, 100, 43801
2026/08/28 13:38:44.999, 0, 100, 43817
2026/08/28 13:38:44.999, 1, 100, 43801
2026/08/28 13:38:44.999, 2, 100, 43801
2026/08/28 13:38:44.999, 3, 100, 43801
2026/08/28 13:38:45.499, 0, 100, 43817
2026/08/28 13:38:45.499, 1, 100, 43801
2026/08/28 13:38:45.499, 2, 100, 43801
2026/08/28 13:38:45.499, 3, 100, 43801
2026/08/28 13:38:45.999, 0, 100, 43817
2026/08/28 13:38:45.999, 1, 100, 43801
2026/08/28 13:38:45.999, 2, 100, 43801
2026/08/28 13:38:45.999, 3, 100, 43801
2026/08/28 13:38:46.499, 0, 100, 43817
2026/08/28 13:38:46.499, 1, 100, 43801
2026/08/28 13:38:46.499, 2, 100, 43801
2026/08/28 13:38:46.499, 3, 100, 43801
2026/08/28 13:38:46.999, 0, 100, 43817
2026/08/28 13:38:46.999, 1, 100, 43801
2026/08/28 13:38:46.999, 2, 100, 43801
2026/08/28 13:38:46.999, 3, 100, 43801
2026/08/28 13:38:47.500, 0, 100, 43817
2026/08/28 13:38:47.500, 1, 100, 43801
2026/08/28 13:38:47.500, 2, 100, 43801
2026/08/28 13:38:47.500, 3, 100, 43801
2026/08/28 13:38:48.000, 0, 0, 43817
2026/08/28 13:38:48.000, 1, 0, 43801
2026/08/28 13:38:48.000, 2, 0, 43801
2026/08/28 13:38:48.000, 3, 0, 43801
2026/08/28 13:38:48.500, 0, 0, 43817
2026/08/28 13:38:48.500, 1, 0, 43801
2026/08/28 13:38:48.500, 2, 0, 43801
2026/08/28 13:38:48.500, 3, 0, 43801
2026/08/28 13:38:49.000, 0, 0, 43817
2026/08/28 13:38:49.000, 1, 0, 43801
2026/08/28 13:38:49.000, 2, 0, 43801
2026/08/28 13:38:49.000, 3, 0, 43801
2026/08/28 13:38:49.500, 0, 0, 43817
2026/08/28 13:38:49.500, 1, 0, 43801
2026/08/28 13:38:49.500, 2, 0, 43801
2026/08/28 13:38:49.500, 3, 0, 43801
2026/08/28 13:38:50.000, 0, 99, 43817
2026/08/28 13:38:50.000, 1, 99, 43801
2026/08/28 13:38:50.000, 2, 99, 43801
2026/08/28 13:38:50.000, 3, 100, 43801
2026/08/28 13:38:50.501, 0, 100, 43817
2026/08/28 13:38:50.501, 1, 100, 43801
2026/08/28 13:38:50.501, 2, 100, 43801
2026/08/28 13:38:50.501, 3, 100, 43801
2026/08/28 13:38:51.001, 0, 100, 43817
2026/08/28 13:38:51.001, 1, 100, 43801
2026/08/28 13:38:51.002, 2, 100, 43801
2026/08/28 13:38:51.003, 3, 100, 43801
2026/08/28 13:38:51.503, 0, 100, 43817
2026/08/28 13:38:51.504, 1, 100, 43801
2026/08/28 13:38:51.504, 2, 100, 43801
2026/08/28 13:38:51.504, 3, 100, 43801
2026/08/28 13:38:52.004, 0, 100, 43817
2026/08/28 13:38:52.004, 1, 100, 43801
2026/08/28 13:38:52.004, 2, 100, 43801
2026/08/28 13:38:52.004, 3, 100, 43801
2026/08/28 13:38:52.504, 0, 100, 43817
2026/08/28 13:38:52.504, 1, 100, 43801
2026/08/28 13:38:52.504, 2, 100, 43801
2026/08/28 13:38:52.504, 3, 100, 43801
2026/08/28 13:38:53.004, 0, 100, 43817
2026/08/28 13:38:53.004, 1, 100, 43801
2026/08/28 13:38:53.004, 2, 100, 43801
2026/08/28 13:38:53.004, 3, 100, 43801
2026/08/28 13:38:53.504, 0, 100, 43817
2026/08/28 13:38:53.504, 1, 100, 43801
2026/08/28 13:38:53.504, 2, 100, 43801
2026/08/28 13:38:53.504, 3, 100, 43801
2026/08/28 13:38:54.004, 0, 100, 43817
2026/08/28 13:38:54.004, 1, 100, 43801
2026/08/28 13:38:54.004, 2, 100, 43801
2026/08/28 13:38:54.004, 3, 100, 43801
2026/08/28 13:38:54.504, 0, 99, 43817
2026/08/28 13:38:54.504, 1, 99, 43801
2026/08/28 13:38:54.504, 2, 64, 43801
2026/08/28 13:38:54.504, 3, 100, 43801
2026/08/28 13:38:55.004, 0, 100, 43817
2026/08/28 13:38:55.004, 1, 100, 43801
2026/08/28 13:38:55.005, 2, 100, 43801
2026/08/28 13:38:55.005, 3, 100, 43801
2026/08/28 13:38:55.505, 0, 100, 43817
2026/08/28 13:38:55.505, 1, 100, 43801
2026/08/28 13:38:55.505, 2, 100, 43801
2026/08/28 13:38:55.505, 3, 100, 43801
2026/08/28 13:38:56.005, 0, 100, 43817
2026/08/28 13:38:56.005, 1, 100, 43801
2026/08/28 13:38:56.005, 2, 100, 43801
2026/08/28 13:38:56.005, 3, 100, 43801
2026/08/28 13:38:56.505, 0, 100, 43817
2026/08/28 13:38:56.505, 1, 100, 43801
2026/08/28 13:38:56.505, 2, 100, 43801
2026/08/28 13:38:56.505, 3, 100, 43801
2026/08/28 13:38:57.005, 0, 100, 43817
2026/08/28 13:38:57.005, 1, 100, 43801
2026/08/28 13:38:57.005, 2, 100, 43801
2026/08/28 13:38:57.005, 3, 100, 43801
2026/08/28 13:38:57.505, 0, 100, 43817
2026/08/28 13:38:57.505, 1, 100, 43801
2026/08/28 13:38:57.505, 2, 100, 43801
2026/08/28 13:38:57.505, 3, 100, 43801
2026/08/28 13:38:58.005, 0, 100, 43817
2026/08/28 13:38:58.005, 1, 100, 43801
2026/08/28 13:38:58.005, 2, 100, 43801
2026/08/28 13:38:58.005, 3, 100, 43801
2026/08/28 13:38:58.505, 0, 100, 43817
2026/08/28 13:38:58.505, 1, 100, 43801
2026/08/28 13:38:58.505, 2, 100, 43801
2026/08/28 13:38:58.505, 3, 100, 43801
2026/08/28 13:38:59.006, 0, 30, 43817
2026/08/28 13:38:59.006, 1, 24, 43801
2026/08/28 13:38:59.006, 2, 37, 43801
2026/08/28 13:38:59.006, 3, 100, 43801
2026/08/28 13:38:59.506, 0, 100, 43817
2026/08/28 13:38:59.506, 1, 100, 43801
2026/08/28 13:38:59.506, 2, 100, 43801
2026/08/28 13:38:59.506, 3, 100, 43801
2026/08/28 13:39:00.006, 0, 100, 43817
2026/08/28 13:39:00.006, 1, 100, 43801
2026/08/28 13:39:00.006, 2, 100, 43801
2026/08/28 13:39:00.006, 3, 100, 43801
2026/08/28 13:39:00.506, 0, 100, 43817
2026/08/28 13:39:00.506, 1, 100, 43801
2026/08/28 13:39:00.506, 2, 100, 43801
2026/08/28 13:39:00.506, 3, 100, 43801
2026/08/28 13:39:01.006, 0, 100, 43817
2026/08/28 13:39:01.006, 1, 100, 43801
2026/08/28 13:39:01.006, 2, 100, 43801
2026/08/28 13:39:01.006, 3, 100, 43801
2026/08/28 13:39:01.506, 0, 100, 43817
2026/08/28 13:39:01.506, 1, 100, 43801
2026/08/28 13:39:01.506, 2, 100, 43801
2026/08/28 13:39:01.506, 3, 100, 43801
2026/08/28 13:39:02.006, 0, 100, 43817
2026/08/28 13:39:02.006, 1, 100, 43801
2026/08/28 13:39:02.007, 2, 100, 43801
2026/08/28 13:39:02.007, 3, 100, 43801
2026/08/28 13:39:02.507, 0, 100, 43817
2026/08/28 13:39:02.507, 1, 100, 43801
2026/08/28 13:39:02.507, 2, 100, 43801
2026/08/28 13:39:02.507, 3, 100, 43801
2026/08/28 13:39:03.007, 0, 100, 43817
2026/08/28 13:39:03.007, 1, 100, 43801
2026/08/28 13:39:03.007, 2, 100, 43801
2026/08/28 13:39:03.007, 3, 100, 43801
2026/08/28 13:39:03.507, 0, 32, 43817
2026/08/28 13:39:03.507, 1, 61, 43801
2026/08/28 13:39:03.507, 2, 100, 43801
2026/08/28 13:39:03.507, 3, 95, 43801
2026/08/28 13:39:04.007, 0, 100, 43817
2026/08/28 13:39:04.007, 1, 100, 43801
2026/08/28 13:39:04.007, 2, 100, 43801
2026/08/28 13:39:04.007, 3, 100, 43801
2026/08/28 13:39:04.507, 0, 100, 43817
2026/08/28 13:39:04.507, 1, 100, 43801
2026/08/28 13:39:04.507, 2, 100, 43801
2026/08/28 13:39:04.507, 3, 100, 43801
2026/08/28 13:39:05.007, 0, 100, 43817
2026/08/28 13:39:05.007, 1, 100, 43801
2026/08/28 13:39:05.007, 2, 100, 43801
2026/08/28 13:39:05.007, 3, 100, 43801
2026/08/28 13:39:05.508, 0, 100, 43817
2026/08/28 13:39:05.508, 1, 100, 43801
2026/08/28 13:39:05.508, 2, 100, 43801
2026/08/28 13:39:05.508, 3, 100, 43801
2026/08/28 13:39:06.008, 0, 100, 43817
2026/08/28 13:39:06.008, 1, 100, 43801
2026/08/28 13:39:06.008, 2, 100, 43801
2026/08/28 13:39:06.008, 3, 100, 43801
2026/08/28 13:39:06.508, 0, 100, 43817
2026/08/28 13:39:06.508, 1, 100, 43801
2026/08/28 13:39:06.508, 2, 100, 43801
2026/08/28 13:39:06.508, 3, 100, 43801
2026/08/28 13:39:07.008, 0, 100, 43817
2026/08/28 13:39:07.008, 1, 100, 43801
2026/08/28 13:39:07.008, 2, 100, 43801
2026/08/28 13:39:07.008, 3, 100, 43801
2026/08/28 13:39:07.508, 0, 100, 43817
2026/08/28 13:39:07.508, 1, 100, 43801
2026/08/28 13:39:07.508, 2, 100, 43801
2026/08/28 13:39:07.508, 3, 100, 43801
2026/08/28 13:39:08.008, 0, 100, 43817
2026/08/28 13:39:08.008, 1, 100, 43801
2026/08/28 13:39:08.008, 2, 100, 43801
2026/08/28 13:39:08.008, 3, 100, 43801
2026/08/28 13:39:08.508, 0, 0, 43817
2026/08/28 13:39:08.508, 1, 0, 43801
2026/08/28 13:39:08.508, 2, 0, 43801
2026/08/28 13:39:08.508, 3, 0, 43801
2026/08/28 13:39:09.009, 0, 0, 43817
2026/08/28 13:39:09.009, 1, 0, 43801
2026/08/28 13:39:09.009, 2, 0, 43801
2026/08/28 13:39:09.009, 3, 0, 43801
2026/08/28 13:39:09.509, 0, 0, 43817
2026/08/28 13:39:09.509, 1, 0, 43801
2026/08/28 13:39:09.509, 2, 0, 43801
2026/08/28 13:39:09.509, 3, 0, 43801
2026/08/28 13:39:10.009, 0, 0, 43817
2026/08/28 13:39:10.009, 1, 0, 43801
2026/08/28 13:39:10.009, 2, 0, 43801
2026/08/28 13:39:10.009, 3, 0, 43801
2026/08/28 13:39:10.509, 0, 100, 43817
2026/08/28 13:39:10.509, 1, 99, 43801
2026/08/28 13:39:10.509, 2, 100, 43801
2026/08/28 13:39:10.509, 3, 100, 43801
2026/08/28 13:39:11.009, 0, 100, 43817
2026/08/28 13:39:11.009, 1, 100, 43801
2026/08/28 13:39:11.009, 2, 100, 43801
2026/08/28 13:39:11.009, 3, 100, 43801
2026/08/28 13:39:11.509, 0, 100, 43817
2026/08/28 13:39:11.509, 1, 100, 43801
2026/08/28 13:39:11.509, 2, 100, 43801
2026/08/28 13:39:11.509, 3, 100, 43801
2026/08/28 13:39:12.009, 0, 100, 43817
2026/08/28 13:39:12.009, 1, 100, 43801
2026/08/28 13:39:12.009, 2, 100, 43801
2026/08/28 13:39:12.009, 3, 100, 43801
2026/08/28 13:39:12.509, 0, 100, 43817
2026/08/28 13:39:12.509, 1, 100, 43801
2026/08/28 13:39:12.509, 2, 100, 43801
2026/08/28 13:39:12.509, 3, 100, 43801
2026/08/28 13:39:13.010, 0, 100, 43817
2026/08/28 13:39:13.010, 1, 100, 43801
2026/08/28 13:39:13.010, 2, 100, 43801
2026/08/28 13:39:13.010, 3, 100, 43801
2026/08/28 13:39:13.510, 0, 100, 43817
2026/08/28 13:39:13.510, 1, 100, 43801
2026/08/28 13:39:13.510, 2, 100, 43801
2026/08/28 13:39:13.510, 3, 100, 43801
2026/08/28 13:39:14.010, 0, 100, 43817
2026/08/28 13:39:14.010, 1, 100, 43801
2026/08/28 13:39:14.010, 2, 100, 43801
2026/08/28 13:39:14.010, 3, 100, 43801
2026/08/28 13:39:14.510, 0, 100, 43817
2026/08/28 13:39:14.510, 1, 100, 43801
2026/08/28 13:39:14.510, 2, 100, 43801
2026/08/28 13:39:14.510, 3, 100, 43801
2026/08/28 13:39:15.010, 0, 100, 43817
2026/08/28 13:39:15.010, 1, 100, 43801
2026/08/28 13:39:15.010, 2, 100, 43801
2026/08/28 13:39:15.010, 3, 99, 43801
2026/08/28 13:39:15.510, 0, 100, 43817
2026/08/28 13:39:15.510, 1, 100, 43801
2026/08/28 13:39:15.510, 2, 100, 43801
2026/08/28 13:39:15.510, 3, 100, 43801
2026/08/28 13:39:16.010, 0, 100, 43817
2026/08/28 13:39:16.010, 1, 100, 43801
2026/08/28 13:39:16.010, 2, 100, 43801
2026/08/28 13:39:16.011, 3, 100, 43801
2026/08/28 13:39:16.511, 0, 100, 43817
2026/08/28 13:39:16.511, 1, 100, 43801
2026/08/28 13:39:16.511, 2, 100, 43801
2026/08/28 13:39:16.511, 3, 100, 43801
2026/08/28 13:39:17.011, 0, 100, 43817
2026/08/28 13:39:17.011, 1, 100, 43801
2026/08/28 13:39:17.011, 2, 100, 43801
2026/08/28 13:39:17.011, 3, 100, 43801
2026/08/28 13:39:17.511, 0, 100, 43817
2026/08/28 13:39:17.511, 1, 100, 43801
2026/08/28 13:39:17.511, 2, 100, 43801
2026/08/28 13:39:17.511, 3, 100, 43801
2026/08/28 13:39:18.011, 0, 100, 43817
2026/08/28 13:39:18.011, 1, 100, 43801
2026/08/28 13:39:18.011, 2, 100, 43801
2026/08/28 13:39:18.011, 3, 100, 43801
2026/08/28 13:39:18.511, 0, 100, 43817
2026/08/28 13:39:18.511, 1, 100, 43801
2026/08/28 13:39:18.511, 2, 100, 43801
2026/08/28 13:39:18.511, 3, 100, 43801
2026/08/28 13:39:19.011, 0, 100, 43817
2026/08/28 13:39:19.011, 1, 100, 43801
2026/08/28 13:39:19.011, 2, 100, 43801
2026/08/28 13:39:19.011, 3, 100, 43801
2026/08/28 13:39:19.511, 0, 100, 43817
2026/08/28 13:39:19.511, 1, 100, 43801
2026/08/28 13:39:19.511, 2, 89, 43801
2026/08/28 13:39:19.512, 3, 100, 43801
2026/08/28 13:39:20.012, 0, 100, 43817
2026/08/28 13:39:20.012, 1, 100, 43801
2026/08/28 13:39:20.012, 2, 100, 43801
2026/08/28 13:39:20.012, 3, 100, 43801
2026/08/28 13:39:20.512, 0, 100, 43817
2026/08/28 13:39:20.512, 1, 100, 43801
2026/08/28 13:39:20.512, 2, 100, 43801
2026/08/28 13:39:20.512, 3, 100, 43801
2026/08/28 13:39:21.012, 0, 100, 43817
2026/08/28 13:39:21.012, 1, 100, 43801
2026/08/28 13:39:21.012, 2, 100, 43801
2026/08/28 13:39:21.012, 3, 100, 43801
2026/08/28 13:39:21.512, 0, 100, 43817
2026/08/28 13:39:21.512, 1, 100, 43801
2026/08/28 13:39:21.512, 2, 100, 43801
2026/08/28 13:39:21.512, 3, 100, 43801
2026/08/28 13:39:22.012, 0, 100, 43817
2026/08/28 13:39:22.012, 1, 100, 43801
2026/08/28 13:39:22.012, 2, 100, 43801
2026/08/28 13:39:22.012, 3, 100, 43801
2026/08/28 13:39:22.512, 0, 100, 43817
2026/08/28 13:39:22.512, 1, 100, 43801
2026/08/28 13:39:22.512, 2, 100, 43801
2026/08/28 13:39:22.512, 3, 100, 43801
2026/08/28 13:39:23.013, 0, 100, 43817
2026/08/28 13:39:23.013, 1, 100, 43801
2026/08/28 13:39:23.013, 2, 100, 43801
2026/08/28 13:39:23.013, 3, 100, 43801
2026/08/28 13:39:23.513, 0, 100, 43817
2026/08/28 13:39:23.513, 1, 100, 43801
2026/08/28 13:39:23.513, 2, 100, 43801
2026/08/28 13:39:23.513, 3, 100, 43801
2026/08/28 13:39:24.013, 0, 74, 43817
2026/08/28 13:39:24.013, 1, 74, 43801
2026/08/28 13:39:24.013, 2, 99, 43801
2026/08/28 13:39:24.013, 3, 100, 43801
2026/08/28 13:39:24.513, 0, 100, 43817
2026/08/28 13:39:24.513, 1, 100, 43801
2026/08/28 13:39:24.513, 2, 100, 43801
2026/08/28 13:39:24.513, 3, 100, 43801
2026/08/28 13:39:25.013, 0, 100, 43817
2026/08/28 13:39:25.013, 1, 100, 43801
2026/08/28 13:39:25.013, 2, 100, 43801
2026/08/28 13:39:25.013, 3, 100, 43801
2026/08/28 13:39:25.513, 0, 100, 43817
2026/08/28 13:39:25.513, 1, 100, 43801
2026/08/28 13:39:25.513, 2, 100, 43801
2026/08/28 13:39:25.513, 3, 100, 43801
2026/08/28 13:39:26.013, 0, 100, 43817
2026/08/28 13:39:26.013, 1, 100, 43801
2026/08/28 13:39:26.013, 2, 100, 43801
2026/08/28 13:39:26.013, 3, 100, 43801
2026/08/28 13:39:26.514, 0, 100, 43817
2026/08/28 13:39:26.514, 1, 100, 43801
2026/08/28 13:39:26.514, 2, 100, 43801
2026/08/28 13:39:26.514, 3, 100, 43801
2026/08/28 13:39:27.014, 0, 100, 43817
2026/08/28 13:39:27.014, 1, 100, 43801
2026/08/28 13:39:27.014, 2, 100, 43801
2026/08/28 13:39:27.014, 3, 100, 43801
2026/08/28 13:39:27.514, 0, 100, 43817
2026/08/28 13:39:27.514, 1, 100, 43801
2026/08/28 13:39:27.514, 2, 100, 43801
2026/08/28 13:39:27.514, 3, 100, 43801
2026/08/28 13:39:28.014, 0, 100, 43817
2026/08/28 13:39:28.014, 1, 100, 43801
2026/08/28 13:39:28.014, 2, 100, 43801
2026/08/28 13:39:28.014, 3, 100, 43801
2026/08/28 13:39:28.514, 0, 100, 43817
2026/08/28 13:39:28.514, 1, 0, 43801
2026/08/28 13:39:28.514, 2, 100, 43801
2026/08/28 13:39:28.514, 3, 100, 43801
2026/08/28 13:39:29.014, 0, 0, 43817
2026/08/28 13:39:29.014, 1, 0, 43801
2026/08/28 13:39:29.014, 2, 0, 43801
2026/08/28 13:39:29.014, 3, 0, 43801
2026/08/28 13:39:29.514, 0, 0, 43817
2026/08/28 13:39:29.514, 1, 0, 43801
2026/08/28 13:39:29.514, 2, 0, 43801
2026/08/28 13:39:29.514, 3, 0, 43801
2026/08/28 13:39:30.014, 0, 0, 43817
2026/08/28 13:39:30.014, 1, 0, 43801
2026/08/28 13:39:30.015, 2, 0, 43801
2026/08/28 13:39:30.015, 3, 0, 43801
2026/08/28 13:39:30.515, 0, 0, 43817
2026/08/28 13:39:30.515, 1, 0, 43801
2026/08/28 13:39:30.515, 2, 0, 43801
2026/08/28 13:39:30.515, 3, 0, 43801
2026/08/28 13:39:31.015, 0, 100, 43817
2026/08/28 13:39:31.015, 1, 100, 43801
2026/08/28 13:39:31.015, 2, 100, 43801
2026/08/28 13:39:31.015, 3, 100, 43801
2026/08/28 13:39:31.515, 0, 100, 43817
2026/08/28 13:39:31.515, 1, 100, 43801
2026/08/28 13:39:31.515, 2, 100, 43801
2026/08/28 13:39:31.515, 3, 100, 43801
2026/08/28 13:39:32.015, 0, 100, 43817
2026/08/28 13:39:32.015, 1, 100, 43801
2026/08/28 13:39:32.015, 2, 100, 43801
2026/08/28 13:39:32.015, 3, 100, 43801
2026/08/28 13:39:32.515, 0, 100, 43817
2026/08/28 13:39:32.515, 1, 100, 43801
2026/08/28 13:39:32.515, 2, 100, 43801
2026/08/28 13:39:32.515, 3, 100, 43801
2026/08/28 13:39:33.015, 0, 100, 43817
2026/08/28 13:39:33.015, 1, 100, 43801
2026/08/28 13:39:33.015, 2, 100, 43801
2026/08/28 13:39:33.015, 3, 100, 43801
2026/08/28 13:39:33.515, 0, 100, 43817
2026/08/28 13:39:33.515, 1, 100, 43801
2026/08/28 13:39:33.515, 2, 100, 43801
2026/08/28 13:39:33.515, 3, 100, 43801
2026/08/28 13:39:34.016, 0, 100, 43817
2026/08/28 13:39:34.016, 1, 100, 43801
2026/08/28 13:39:34.016, 2, 100, 43801
2026/08/28 13:39:34.016, 3, 100, 43801
2026/08/28 13:39:34.516, 0, 100, 43817
2026/08/28 13:39:34.516, 1, 100, 43801
2026/08/28 13:39:34.516, 2, 100, 43801
2026/08/28 13:39:34.516, 3, 100, 43801
2026/08/28 13:39:35.016, 0, 100, 43817
2026/08/28 13:39:35.016, 1, 100, 43801
2026/08/28 13:39:35.016, 2, 100, 43801
2026/08/28 13:39:35.016, 3, 100, 43801
2026/08/28 13:39:35.516, 0, 100, 43817
2026/08/28 13:39:35.516, 1, 100, 43801
2026/08/28 13:39:35.516, 2, 100, 43801
2026/08/28 13:39:35.516, 3, 100, 43801
2026/08/28 13:39:36.016, 0, 100, 43817
2026/08/28 13:39:36.016, 1, 100, 43801
2026/08/28 13:39:36.016, 2, 100, 43801
2026/08/28 13:39:36.016, 3, 100, 43801
2026/08/28 13:39:36.516, 0, 100, 43817
2026/08/28 13:39:36.516, 1, 100, 43801
2026/08/28 13:39:36.516, 2, 100, 43801
2026/08/28 13:39:36.516, 3, 100, 43801
2026/08/28 13:39:37.016, 0, 100, 43817
2026/08/28 13:39:37.017, 1, 100, 43801
2026/08/28 13:39:37.017, 2, 100, 43801
2026/08/28 13:39:37.017, 3, 100, 43801
2026/08/28 13:39:37.517, 0, 100, 43817
2026/08/28 13:39:37.517, 1, 100, 43801
2026/08/28 13:39:37.517, 2, 100, 43801
2026/08/28 13:39:37.517, 3, 100, 43801
2026/08/28 13:39:38.017, 0, 100, 43817
2026/08/28 13:39:38.017, 1, 100, 43801
2026/08/28 13:39:38.017, 2, 100, 43801
2026/08/28 13:39:38.017, 3, 100, 43801
2026/08/28 13:39:38.517, 0, 100, 43817
2026/08/28 13:39:38.517, 1, 100, 43801
2026/08/28 13:39:38.517, 2, 100, 43801
2026/08/28 13:39:38.517, 3, 100, 43801
2026/08/28 13:39:39.017, 0, 100, 43817
2026/08/28 13:39:39.017, 1, 100, 43801
2026/08/28 13:39:39.017, 2, 100, 43801
2026/08/28 13:39:39.017, 3, 100, 43801
2026/08/28 13:39:39.517, 0, 100, 43817
2026/08/28 13:39:39.517, 1, 100, 43801
2026/08/28 13:39:39.517, 2, 100, 43801
2026/08/28 13:39:39.517, 3, 100, 43801
2026/08/28 13:39:40.017, 0, 100, 43817
2026/08/28 13:39:40.017, 1, 100, 43801
2026/08/28 13:39:40.017, 2, 100, 43801
2026/08/28 13:39:40.017, 3, 100, 43801
2026/08/28 13:39:40.517, 0, 100, 43817
2026/08/28 13:39:40.517, 1, 100, 43801
2026/08/28 13:39:40.517, 2, 100, 43801
2026/08/28 13:39:40.517, 3, 100, 43801
2026/08/28 13:39:41.018, 0, 100, 43817
2026/08/28 13:39:41.018, 1, 100, 43801
2026/08/28 13:39:41.018, 2, 100, 43801
2026/08/28 13:39:41.018, 3, 100, 43801
2026/08/28 13:39:41.518, 0, 100, 43817
2026/08/28 13:39:41.518, 1, 100, 43801
2026/08/28 13:39:41.518, 2, 100, 43801
2026/08/28 13:39:41.518, 3, 100, 43801
2026/08/28 13:39:42.018, 0, 100, 43817
2026/08/28 13:39:42.018, 1, 100, 43801
2026/08/28 13:39:42.018, 2, 100, 43801
2026/08/28 13:39:42.018, 3, 100, 43801
2026/08/28 13:39:42.518, 0, 100, 43817
2026/08/28 13:39:42.518, 1, 100, 43801
2026/08/28 13:39:42.518, 2, 100, 43801
2026/08/28 13:39:42.518, 3, 100, 43801
2026/08/28 13:39:43.018, 0, 100, 43817
2026/08/28 13:39:43.018, 1, 100, 43801
2026/08/28 13:39:43.018, 2, 100, 43801
2026/08/28 13:39:43.018, 3, 100, 43801
2026/08/28 13:39:43.518, 0, 100, 43817
2026/08/28 13:39:43.518, 1, 100, 43801
2026/08/28 13:39:43.518, 2, 100, 43801
2026/08/28 13:39:43.518, 3, 100, 43801
2026/08/28 13:39:44.018, 0, 100, 43817
2026/08/28 13:39:44.018, 1, 100, 43801
2026/08/28 13:39:44.018, 2, 100, 43801
2026/08/28 13:39:44.018, 3, 100, 43801
2026/08/28 13:39:44.518, 0, 81, 43817
2026/08/28 13:39:44.518, 1, 100, 43801
2026/08/28 13:39:44.518, 2, 81, 43801
2026/08/28 13:39:44.518, 3, 80, 43801
2026/08/28 13:39:45.019, 0, 100, 43817
2026/08/28 13:39:45.019, 1, 100, 43801
2026/08/28 13:39:45.019, 2, 100, 43801
2026/08/28 13:39:45.019, 3, 100, 43801
2026/08/28 13:39:45.519, 0, 100, 43817
2026/08/28 13:39:45.519, 1, 100, 43801
2026/08/28 13:39:45.519, 2, 100, 43801
2026/08/28 13:39:45.519, 3, 100, 43801
2026/08/28 13:39:46.019, 0, 100, 43817
2026/08/28 13:39:46.019, 1, 100, 43801
2026/08/28 13:39:46.019, 2, 100, 43801
2026/08/28 13:39:46.019, 3, 100, 43801
2026/08/28 13:39:46.519, 0, 100, 43817
2026/08/28 13:39:46.519, 1, 100, 43801
2026/08/28 13:39:46.519, 2, 100, 43801
2026/08/28 13:39:46.519, 3, 100, 43801
2026/08/28 13:39:47.019, 0, 100, 43817
2026/08/28 13:39:47.019, 1, 100, 43801
2026/08/28 13:39:47.019, 2, 100, 43801
2026/08/28 13:39:47.019, 3, 100, 43801
2026/08/28 13:39:47.519, 0, 100, 43817
2026/08/28 13:39:47.519, 1, 100, 43801
2026/08/28 13:39:47.519, 2, 100, 43801
2026/08/28 13:39:47.519, 3, 100, 43801
2026/08/28 13:39:48.019, 0, 100, 43817
2026/08/28 13:39:48.019, 1, 100, 43801
2026/08/28 13:39:48.019, 2, 100, 43801
2026/08/28 13:39:48.019, 3, 100, 43801
2026/08/28 13:39:48.519, 0, 100, 43817
2026/08/28 13:39:48.519, 1, 100, 43801
2026/08/28 13:39:48.519, 2, 100, 43801
2026/08/28 13:39:48.519, 3, 100, 43801
2026/08/28 13:39:49.020, 0, 11, 43817
2026/08/28 13:39:49.020, 1, 37, 43801
2026/08/28 13:39:49.020, 2, 5, 43801
2026/08/28 13:39:49.020, 3, 0, 43801
2026/08/28 13:39:49.520, 0, 0, 43817
2026/08/28 13:39:49.520, 1, 0, 43801
2026/08/28 13:39:49.520, 2, 0, 43801
2026/08/28 13:39:49.520, 3, 0, 43801
2026/08/28 13:39:50.020, 0, 0, 43817
2026/08/28 13:39:50.020, 1, 0, 43801
2026/08/28 13:39:50.020, 2, 0, 43801
2026/08/28 13:39:50.020, 3, 0, 43801
2026/08/28 13:39:50.520, 0, 0, 43817
2026/08/28 13:39:50.520, 1, 0, 43801
2026/08/28 13:39:50.520, 2, 0, 43801
2026/08/28 13:39:50.520, 3, 0, 43801
2026/08/28 13:39:51.020, 0, 0, 43817
2026/08/28 13:39:51.020, 1, 0, 43801
2026/08/28 13:39:51.020, 2, 0, 43801
2026/08/28 13:39:51.020, 3, 51, 43801
2026/08/28 13:39:51.520, 0, 100, 43817
2026/08/28 13:39:51.521, 1, 100, 43801
2026/08/28 13:39:51.521, 2, 100, 43801
2026/08/28 13:39:51.521, 3, 100, 43801
2026/08/28 13:39:52.021, 0, 100, 43817
2026/08/28 13:39:52.021, 1, 100, 43801
2026/08/28 13:39:52.021, 2, 100, 43801
2026/08/28 13:39:52.021, 3, 100, 43801
2026/08/28 13:39:52.521, 0, 100, 43817
2026/08/28 13:39:52.521, 1, 100, 43801
2026/08/28 13:39:52.521, 2, 100, 43801
2026/08/28 13:39:52.521, 3, 100, 43801
2026/08/28 13:39:53.021, 0, 100, 43817
2026/08/28 13:39:53.021, 1, 100, 43801
2026/08/28 13:39:53.021, 2, 100, 43801
2026/08/28 13:39:53.021, 3, 100, 43801
2026/08/28 13:39:53.521, 0, 100, 43817
2026/08/28 13:39:53.521, 1, 100, 43801
2026/08/28 13:39:53.521, 2, 100, 43801
2026/08/28 13:39:53.521, 3, 100, 43801
2026/08/28 13:39:54.021, 0, 100, 43817
2026/08/28 13:39:54.021, 1, 100, 43801
2026/08/28 13:39:54.021, 2, 100, 43801
2026/08/28 13:39:54.021, 3, 100, 43801
2026/08/28 13:39:54.521, 0, 100, 43817
2026/08/28 13:39:54.521, 1, 100, 43801
2026/08/28 13:39:54.521, 2, 100, 43801
2026/08/28 13:39:54.521, 3, 100, 43801
2026/08/28 13:39:55.021, 0, 100, 43817
2026/08/28 13:39:55.021, 1, 100, 43801
2026/08/28 13:39:55.021, 2, 100, 43801
2026/08/28 13:39:55.021, 3, 100, 43801
2026/08/28 13:39:55.522, 0, 100, 43817
2026/08/28 13:39:55.522, 1, 100, 43801
2026/08/28 13:39:55.522, 2, 100, 43801
2026/08/28 13:39:55.522, 3, 100, 43801
2026/08/28 13:39:56.022, 0, 100, 43817
2026/08/28 13:39:56.022, 1, 100, 43801
2026/08/28 13:39:56.022, 2, 100, 43801
2026/08/28 13:39:56.022, 3, 100, 43801
2026/08/28 13:39:56.522, 0, 100, 43817
2026/08/28 13:39:56.522, 1, 100, 43801
2026/08/28 13:39:56.522, 2, 100, 43801
2026/08/28 13:39:56.522, 3, 100, 43801
2026/08/28 13:39:57.022, 0, 100, 43817
2026/08/28 13:39:57.022, 1, 100, 43801
2026/08/28 13:39:57.022, 2, 100, 43801
2026/08/28 13:39:57.022, 3, 100, 43801
2026/08/28 13:39:57.522, 0, 100, 43817
2026/08/28 13:39:57.522, 1, 100, 43801
2026/08/28 13:39:57.522, 2, 100, 43801
2026/08/28 13:39:57.522, 3, 100, 43801
2026/08/28 13:39:58.022, 0, 100, 43817
2026/08/28 13:39:58.022, 1, 100, 43801
2026/08/28 13:39:58.022, 2, 100, 43801
2026/08/28 13:39:58.022, 3, 100, 43801
2026/08/28 13:39:58.522, 0, 100, 43817
2026/08/28 13:39:58.522, 1, 100, 43801
2026/08/28 13:39:58.522, 2, 100, 43801
2026/08/28 13:39:58.522, 3, 100, 43801
2026/08/28 13:39:59.023, 0, 100, 43817
2026/08/28 13:39:59.023, 1, 100, 43801
2026/08/28 13:39:59.023, 2, 100, 43801
2026/08/28 13:39:59.023, 3, 100, 43801
2026/08/28 13:39:59.523, 0, 100, 43817
2026/08/28 13:39:59.523, 1, 100, 43801
2026/08/28 13:39:59.523, 2, 100, 43801
2026/08/28 13:39:59.523, 3, 100, 43801
2026/08/28 13:40:00.023, 0, 100, 43817
2026/08/28 13:40:00.023, 1, 100, 43801
2026/08/28 13:40:00.023, 2, 100, 43801
2026/08/28 13:40:00.023, 3, 100, 43801
2026/08/28 13:40:00.523, 0, 100, 43817
2026/08/28 13:40:00.523, 1, 100, 43801
2026/08/28 13:40:00.523, 2, 100, 43801
2026/08/28 13:40:00.523, 3, 100, 43801
2026/08/28 13:40:01.023, 0, 100, 43817
2026/08/28 13:40:01.023, 1, 100, 43801
2026/08/28 13:40:01.023, 2, 100, 43801
2026/08/28 13:40:01.023, 3, 100, 43801
2026/08/28 13:40:01.523, 0, 100, 43817
2026/08/28 13:40:01.523, 1, 100, 43801
2026/08/28 13:40:01.523, 2, 100, 43801
2026/08/28 13:40:01.523, 3, 100, 43801
2026/08/28 13:40:02.023, 0, 100, 43817
2026/08/28 13:40:02.023, 1, 100, 43801
2026/08/28 13:40:02.023, 2, 100, 43801
2026/08/28 13:40:02.023, 3, 100, 43801
2026/08/28 13:40:02.524, 0, 100, 43817
2026/08/28 13:40:02.524, 1, 100, 43801
2026/08/28 13:40:02.524, 2, 100, 43801
2026/08/28 13:40:02.524, 3, 100, 43801
2026/08/28 13:40:03.024, 0, 100, 43817
2026/08/28 13:40:03.024, 1, 100, 43801
2026/08/28 13:40:03.024, 2, 100, 43801
2026/08/28 13:40:03.024, 3, 100, 43801
2026/08/28 13:40:03.524, 0, 100, 43817
2026/08/28 13:40:03.524, 1, 100, 43801
2026/08/28 13:40:03.524, 2, 100, 43801
2026/08/28 13:40:03.524, 3, 100, 43801
2026/08/28 13:40:04.024, 0, 100, 43817
2026/08/28 13:40:04.024, 1, 100, 43801
2026/08/28 13:40:04.024, 2, 100, 43801
2026/08/28 13:40:04.024, 3, 100, 43801
2026/08/28 13:40:04.524, 0, 100, 43817
2026/08/28 13:40:04.524, 1, 100, 43801
2026/08/28 13:40:04.524, 2, 100, 43801
2026/08/28 13:40:04.524, 3, 100, 43801
2026/08/28 13:40:05.024, 0, 100, 43817
2026/08/28 13:40:05.024, 1, 100, 43801
2026/08/28 13:40:05.024, 2, 100, 43801
2026/08/28 13:40:05.024, 3, 100, 43801
2026/08/28 13:40:05.524, 0, 100, 43817
2026/08/28 13:40:05.524, 1, 100, 43801
2026/08/28 13:40:05.524, 2, 100, 43801
2026/08/28 13:40:05.524, 3, 100, 43801
2026/08/28 13:40:06.025, 0, 100, 43817
2026/08/28 13:40:06.025, 1, 100, 43801
2026/08/28 13:40:06.025, 2, 100, 43801
2026/08/28 13:40:06.025, 3, 100, 43801
2026/08/28 13:40:06.525, 0, 100, 43817
2026/08/28 13:40:06.525, 1, 100, 43801
2026/08/28 13:40:06.525, 2, 100, 43801
2026/08/28 13:40:06.525, 3, 100, 43801
2026/08/28 13:40:07.025, 0, 100, 43817
2026/08/28 13:40:07.025, 1, 100, 43801
2026/08/28 13:40:07.025, 2, 100, 43801
2026/08/28 13:40:07.025, 3, 100, 43801
2026/08/28 13:40:07.525, 0, 100, 43817
2026/08/28 13:40:07.525, 1, 100, 43801
2026/08/28 13:40:07.525, 2, 100, 43801
2026/08/28 13:40:07.525, 3, 100, 43801
2026/08/28 13:40:08.025, 0, 100, 43817
2026/08/28 13:40:08.025, 1, 100, 43801
2026/08/28 13:40:08.025, 2, 100, 43801
2026/08/28 13:40:08.025, 3, 100, 43801
2026/08/28 13:40:08.525, 0, 100, 43817
2026/08/28 13:40:08.525, 1, 100, 43801
2026/08/28 13:40:08.525, 2, 100, 43801
2026/08/28 13:40:08.525, 3, 100, 43801
2026/08/28 13:40:09.025, 0, 100, 43817
2026/08/28 13:40:09.025, 1, 100, 43801
2026/08/28 13:40:09.025, 2, 100, 43801
2026/08/28 13:40:09.025, 3, 100, 43801
2026/08/28 13:40:09.526, 0, 9, 43817
2026/08/28 13:40:09.526, 1, 0, 43801
2026/08/28 13:40:09.526, 2, 4, 43801
2026/08/28 13:40:09.526, 3, 0, 43801
2026/08/28 13:40:10.026, 0, 0, 43817
2026/08/28 13:40:10.026, 1, 0, 43801
2026/08/28 13:40:10.026, 2, 0, 43801
2026/08/28 13:40:10.026, 3, 0, 43801
2026/08/28 13:40:10.526, 0, 0, 43817
2026/08/28 13:40:10.526, 1, 0, 43801
2026/08/28 13:40:10.526, 2, 0, 43801
2026/08/28 13:40:10.526, 3, 0, 43801
2026/08/28 13:40:11.026, 0, 0, 43817
2026/08/28 13:40:11.026, 1, 0, 43801
2026/08/28 13:40:11.026, 2, 0, 43801
2026/08/28 13:40:11.026, 3, 0, 43801
2026/08/28 13:40:11.526, 0, 16, 43817
2026/08/28 13:40:11.526, 1, 100, 43801
2026/08/28 13:40:11.526, 2, 22, 43801
2026/08/28 13:40:11.526, 3, 86, 43801
2026/08/28 13:40:12.026, 0, 100, 43817
2026/08/28 13:40:12.026, 1, 100, 43801
2026/08/28 13:40:12.026, 2, 100, 43801
2026/08/28 13:40:12.026, 3, 100, 43801
2026/08/28 13:40:12.526, 0, 100, 43817
2026/08/28 13:40:12.526, 1, 100, 43801
2026/08/28 13:40:12.526, 2, 100, 43801
2026/08/28 13:40:12.526, 3, 100, 43801
2026/08/28 13:40:13.027, 0, 100, 43817
2026/08/28 13:40:13.027, 1, 100, 43801
2026/08/28 13:40:13.027, 2, 100, 43801
2026/08/28 13:40:13.027, 3, 100, 43801
2026/08/28 13:40:13.527, 0, 100, 43817
2026/08/28 13:40:13.527, 1, 100, 43801
2026/08/28 13:40:13.527, 2, 100, 43801
2026/08/28 13:40:13.527, 3, 100, 43801
2026/08/28 13:40:14.027, 0, 100, 43817
2026/08/28 13:40:14.027, 1, 100, 43801
2026/08/28 13:40:14.027, 2, 100, 43801
2026/08/28 13:40:14.027, 3, 100, 43801
2026/08/28 13:40:14.527, 0, 100, 43817
2026/08/28 13:40:14.527, 1, 100, 43801
2026/08/28 13:40:14.527, 2, 100, 43801
2026/08/28 13:40:14.527, 3, 100, 43801
2026/08/28 13:40:15.027, 0, 100, 43817
2026/08/28 13:40:15.027, 1, 100, 43801
2026/08/28 13:40:15.027, 2, 100, 43801
2026/08/28 13:40:15.027, 3, 100, 43801
2026/08/28 13:40:15.527, 0, 100, 43817
2026/08/28 13:40:15.527, 1, 100, 43801
2026/08/28 13:40:15.527, 2, 100, 43801
2026/08/28 13:40:15.527, 3, 100, 43801
2026/08/28 13:40:16.027, 0, 75, 43817
2026/08/28 13:40:16.027, 1, 74, 43801
2026/08/28 13:40:16.027, 2, 75, 43801
2026/08/28 13:40:16.027, 3, 74, 43801
2026/08/28 13:40:16.528, 0, 100, 43817
2026/08/28 13:40:16.528, 1, 100, 43801
2026/08/28 13:40:16.528, 2, 100, 43801
2026/08/28 13:40:16.528, 3, 100, 43801
2026/08/28 13:40:17.028, 0, 100, 43817
2026/08/28 13:40:17.028, 1, 100, 43801
2026/08/28 13:40:17.028, 2, 100, 43801
2026/08/28 13:40:17.028, 3, 100, 43801
2026/08/28 13:40:17.528, 0, 100, 43817
2026/08/28 13:40:17.528, 1, 100, 43801
2026/08/28 13:40:17.528, 2, 100, 43801
2026/08/28 13:40:17.528, 3, 100, 43801
2026/08/28 13:40:18.028, 0, 100, 43817
2026/08/28 13:40:18.028, 1, 100, 43801
2026/08/28 13:40:18.028, 2, 100, 43801
2026/08/28 13:40:18.028, 3, 100, 43801
2026/08/28 13:40:18.528, 0, 100, 43817
2026/08/28 13:40:18.528, 1, 100, 43801
2026/08/28 13:40:18.528, 2, 100, 43801
2026/08/28 13:40:18.528, 3, 100, 43801
2026/08/28 13:40:19.028, 0, 100, 43817
2026/08/28 13:40:19.028, 1, 100, 43801
2026/08/28 13:40:19.028, 2, 100, 43801
2026/08/28 13:40:19.028, 3, 100, 43801
2026/08/28 13:40:19.528, 0, 100, 43817
2026/08/28 13:40:19.528, 1, 100, 43801
2026/08/28 13:40:19.528, 2, 100, 43801
2026/08/28 13:40:19.528, 3, 100, 43801
2026/08/28 13:40:20.028, 0, 100, 43817
2026/08/28 13:40:20.028, 1, 100, 43801
2026/08/28 13:40:20.028, 2, 100, 43801
2026/08/28 13:40:20.028, 3, 100, 43801
2026/08/28 13:40:20.529, 0, 100, 43817
2026/08/28 13:40:20.529, 1, 79, 43801
2026/08/28 13:40:20.529, 2, 100, 43801
2026/08/28 13:40:20.529, 3, 100, 43801
2026/08/28 13:40:21.029, 0, 100, 43817
2026/08/28 13:40:21.029, 1, 100, 43801
2026/08/28 13:40:21.029, 2, 100, 43801
2026/08/28 13:40:21.029, 3, 100, 43801
2026/08/28 13:40:21.529, 0, 100, 43817
2026/08/28 13:40:21.529, 1, 100, 43801
2026/08/28 13:40:21.529, 2, 100, 43801
2026/08/28 13:40:21.529, 3, 100, 43801
2026/08/28 13:40:22.029, 0, 100, 43817
2026/08/28 13:40:22.029, 1, 100, 43801
2026/08/28 13:40:22.029, 2, 100, 43801
2026/08/28 13:40:22.029, 3, 100, 43801
2026/08/28 13:40:22.529, 0, 100, 43817
2026/08/28 13:40:22.529, 1, 100, 43801
2026/08/28 13:40:22.529, 2, 100, 43801
2026/08/28 13:40:22.529, 3, 100, 43801
2026/08/28 13:40:23.029, 0, 100, 43817
2026/08/28 13:40:23.030, 1, 100, 43801
2026/08/28 13:40:23.030, 2, 100, 43801
2026/08/28 13:40:23.030, 3, 100, 43801
2026/08/28 13:40:23.530, 0, 100, 43817
2026/08/28 13:40:23.530, 1, 100, 43801
2026/08/28 13:40:23.530, 2, 100, 43801
2026/08/28 13:40:23.530, 3, 100, 43801
2026/08/28 13:40:24.030, 0, 100, 43817
2026/08/28 13:40:24.030, 1, 100, 43801
2026/08/28 13:40:24.030, 2, 100, 43801
2026/08/28 13:40:24.030, 3, 100, 43801
2026/08/28 13:40:24.530, 0, 100, 43817
2026/08/28 13:40:24.530, 1, 100, 43801
2026/08/28 13:40:24.530, 2, 100, 43801
2026/08/28 13:40:24.530, 3, 100, 43801
2026/08/28 13:40:25.030, 0, 100, 43817
2026/08/28 13:40:25.030, 1, 100, 43801
2026/08/28 13:40:25.030, 2, 100, 43801
2026/08/28 13:40:25.030, 3, 100, 43801
2026/08/28 13:40:25.530, 0, 99, 43817
2026/08/28 13:40:25.530, 1, 100, 43801
2026/08/28 13:40:25.531, 2, 99, 43801
2026/08/28 13:40:25.531, 3, 99, 43801
2026/08/28 13:40:26.031, 0, 100, 43817
2026/08/28 13:40:26.031, 1, 100, 43801
2026/08/28 13:40:26.031, 2, 100, 43801
2026/08/28 13:40:26.031, 3, 100, 43801
2026/08/28 13:40:26.531, 0, 100, 43817
2026/08/28 13:40:26.531, 1, 100, 43801
2026/08/28 13:40:26.531, 2, 100, 43801
2026/08/28 13:40:26.531, 3, 100, 43801
2026/08/28 13:40:27.031, 0, 100, 43817
2026/08/28 13:40:27.031, 1, 100, 43801
2026/08/28 13:40:27.031, 2, 100, 43801
2026/08/28 13:40:27.031, 3, 100, 43801
2026/08/28 13:40:27.531, 0, 100, 43817
2026/08/28 13:40:27.531, 1, 100, 43801
2026/08/28 13:40:27.531, 2, 100, 43801
2026/08/28 13:40:27.531, 3, 100, 43801
2026/08/28 13:40:28.031, 0, 100, 43817
2026/08/28 13:40:28.031, 1, 100, 43801
2026/08/28 13:40:28.031, 2, 100, 43801
2026/08/28 13:40:28.031, 3, 100, 43801
2026/08/28 13:40:28.531, 0, 100, 43817
2026/08/28 13:40:28.531, 1, 100, 43801
2026/08/28 13:40:28.531, 2, 100, 43801
2026/08/28 13:40:28.531, 3, 100, 43801
2026/08/28 13:40:29.032, 0, 100, 43817
2026/08/28 13:40:29.032, 1, 100, 43801
2026/08/28 13:40:29.032, 2, 100, 43801
2026/08/28 13:40:29.032, 3, 100, 43801
2026/08/28 13:40:29.532, 0, 100, 43817
2026/08/28 13:40:29.532, 1, 100, 43801
2026/08/28 13:40:29.532, 2, 100, 43801
2026/08/28 13:40:29.532, 3, 100, 43801
2026/08/28 13:40:30.032, 0, 0, 43817
2026/08/28 13:40:30.032, 1, 0, 43801
2026/08/28 13:40:30.032, 2, 0, 43801
2026/08/28 13:40:30.032, 3, 0, 43801
2026/08/28 13:40:30.532, 0, 0, 43817
2026/08/28 13:40:30.532, 1, 0, 43801
2026/08/28 13:40:30.532, 2, 0, 43801
2026/08/28 13:40:30.532, 3, 0, 43801
2026/08/28 13:40:31.032, 0, 0, 43817
2026/08/28 13:40:31.032, 1, 0, 43801
2026/08/28 13:40:31.032, 2, 0, 43801
2026/08/28 13:40:31.032, 3, 0, 43801
2026/08/28 13:40:31.532, 0, 0, 43817
2026/08/28 13:40:31.532, 1, 0, 43801
2026/08/28 13:40:31.532, 2, 0, 43801
2026/08/28 13:40:31.532, 3, 0, 43801
2026/08/28 13:40:32.032, 0, 100, 43817
2026/08/28 13:40:32.032, 1, 100, 43801
2026/08/28 13:40:32.032, 2, 100, 43801
2026/08/28 13:40:32.033, 3, 100, 43801
2026/08/28 13:40:32.533, 0, 100, 43817
2026/08/28 13:40:32.533, 1, 100, 43801
2026/08/28 13:40:32.533, 2, 100, 43801
2026/08/28 13:40:32.533, 3, 100, 43801
2026/08/28 13:40:33.033, 0, 100, 43817
2026/08/28 13:40:33.033, 1, 100, 43801
2026/08/28 13:40:33.033, 2, 100, 43801
2026/08/28 13:40:33.033, 3, 100, 43801
2026/08/28 13:40:33.533, 0, 100, 43817
2026/08/28 13:40:33.533, 1, 100, 43801
2026/08/28 13:40:33.533, 2, 100, 43801
2026/08/28 13:40:33.533, 3, 100, 43801
2026/08/28 13:40:34.033, 0, 100, 43817
2026/08/28 13:40:34.033, 1, 100, 43801
2026/08/28 13:40:34.033, 2, 100, 43801
2026/08/28 13:40:34.033, 3, 100, 43801
2026/08/28 13:40:34.533, 0, 100, 43817
2026/08/28 13:40:34.533, 1, 100, 43801
2026/08/28 13:40:34.533, 2, 100, 43801
2026/08/28 13:40:34.533, 3, 100, 43801
2026/08/28 13:40:35.033, 0, 100, 43817
2026/08/28 13:40:35.033, 1, 100, 43801
2026/08/28 13:40:35.033, 2, 100, 43801
2026/08/28 13:40:35.033, 3, 100, 43801
2026/08/28 13:40:35.533, 0, 100, 43817
2026/08/28 13:40:35.533, 1, 100, 43801
2026/08/28 13:40:35.533, 2, 100, 43801
2026/08/28 13:40:35.533, 3, 100, 43801
2026/08/28 13:40:36.034, 0, 100, 43817
2026/08/28 13:40:36.034, 1, 100, 43801
2026/08/28 13:40:36.034, 2, 100, 43801
2026/08/28 13:40:36.034, 3, 100, 43801
2026/08/28 13:40:36.534, 0, 78, 43817
2026/08/28 13:40:36.534, 1, 100, 43801
2026/08/28 13:40:36.534, 2, 80, 43801
2026/08/28 13:40:36.534, 3, 92, 43801
2026/08/28 13:40:37.034, 0, 100, 43817
2026/08/28 13:40:37.034, 1, 100, 43801
2026/08/28 13:40:37.034, 2, 100, 43801
2026/08/28 13:40:37.034, 3, 100, 43801
2026/08/28 13:40:37.534, 0, 100, 43817
2026/08/28 13:40:37.534, 1, 100, 43801
2026/08/28 13:40:37.534, 2, 100, 43801
2026/08/28 13:40:37.534, 3, 100, 43801
2026/08/28 13:40:38.034, 0, 100, 43817
2026/08/28 13:40:38.034, 1, 100, 43801
2026/08/28 13:40:38.034, 2, 100, 43801
2026/08/28 13:40:38.034, 3, 100, 43801
2026/08/28 13:40:38.534, 0, 100, 43817
2026/08/28 13:40:38.534, 1, 100, 43801
2026/08/28 13:40:38.534, 2, 100, 43801
2026/08/28 13:40:38.534, 3, 100, 43801
2026/08/28 13:40:39.035, 0, 100, 43817
2026/08/28 13:40:39.035, 1, 100, 43801
2026/08/28 13:40:39.035, 2, 100, 43801
2026/08/28 13:40:39.035, 3, 100, 43801
2026/08/28 13:40:39.535, 0, 100, 43817
2026/08/28 13:40:39.535, 1, 100, 43801
2026/08/28 13:40:39.535, 2, 100, 43801
2026/08/28 13:40:39.535, 3, 100, 43801
2026/08/28 13:40:40.035, 0, 100, 43817
2026/08/28 13:40:40.035, 1, 100, 43801
2026/08/28 13:40:40.035, 2, 100, 43801
2026/08/28 13:40:40.035, 3, 100, 43801
2026/08/28 13:40:40.535, 0, 100, 43817
2026/08/28 13:40:40.535, 1, 100, 43801
2026/08/28 13:40:40.535, 2, 100, 43801
2026/08/28 13:40:40.535, 3, 100, 43801
2026/08/28 13:40:41.035, 0, 88, 43817
2026/08/28 13:40:41.035, 1, 80, 43801
2026/08/28 13:40:41.035, 2, 95, 43801
2026/08/28 13:40:41.035, 3, 100, 43801
2026/08/28 13:40:41.535, 0, 100, 43817
2026/08/28 13:40:41.535, 1, 100, 43801
2026/08/28 13:40:41.535, 2, 100, 43801
2026/08/28 13:40:41.535, 3, 100, 43801
2026/08/28 13:40:42.035, 0, 100, 43817
2026/08/28 13:40:42.035, 1, 100, 43801
2026/08/28 13:40:42.035, 2, 100, 43801
2026/08/28 13:40:42.035, 3, 100, 43801
2026/08/28 13:40:42.535, 0, 100, 43817
2026/08/28 13:40:42.535, 1, 100, 43801
2026/08/28 13:40:42.535, 2, 100, 43801
2026/08/28 13:40:42.535, 3, 100, 43801
2026/08/28 13:40:43.036, 0, 100, 43817
2026/08/28 13:40:43.036, 1, 100, 43801
2026/08/28 13:40:43.036, 2, 100, 43801
2026/08/28 13:40:43.036, 3, 100, 43801
2026/08/28 13:40:43.536, 0, 100, 43817
2026/08/28 13:40:43.536, 1, 100, 43801
2026/08/28 13:40:43.536, 2, 100, 43801
2026/08/28 13:40:43.536, 3, 100, 43801
2026/08/28 13:40:44.036, 0, 100, 43817
2026/08/28 13:40:44.036, 1, 100, 43801
2026/08/28 13:40:44.036, 2, 100, 43801
2026/08/28 13:40:44.036, 3, 100, 43801
2026/08/28 13:40:44.536, 0, 100, 43817
2026/08/28 13:40:44.536, 1, 100, 43801
2026/08/28 13:40:44.536, 2, 100, 43801
2026/08/28 13:40:44.536, 3, 100, 43801
2026/08/28 13:40:45.036, 0, 100, 43817
2026/08/28 13:40:45.036, 1, 100, 43801
2026/08/28 13:40:45.036, 2, 100, 43801
2026/08/28 13:40:45.036, 3, 100, 43801
2026/08/28 13:40:45.536, 0, 100, 43817
2026/08/28 13:40:45.536, 1, 95, 43801
2026/08/28 13:40:45.536, 2, 100, 43801
2026/08/28 13:40:45.536, 3, 100, 43801
2026/08/28 13:40:46.036, 0, 100, 43817
2026/08/28 13:40:46.036, 1, 100, 43801
2026/08/28 13:40:46.036, 2, 100, 43801
2026/08/28 13:40:46.036, 3, 100, 43801
2026/08/28 13:40:46.537, 0, 100, 43817
2026/08/28 13:40:46.537, 1, 100, 43801
2026/08/28 13:40:46.537, 2, 100, 43801
2026/08/28 13:40:46.537, 3, 100, 43801
2026/08/28 13:40:47.037, 0, 100, 43817
2026/08/28 13:40:47.037, 1, 100, 43801
2026/08/28 13:40:47.037, 2, 100, 43801
2026/08/28 13:40:47.037, 3, 100, 43801
2026/08/28 13:40:47.537, 0, 100, 43817
2026/08/28 13:40:47.537, 1, 100, 43801
2026/08/28 13:40:47.537, 2, 100, 43801
2026/08/28 13:40:47.537, 3, 100, 43801
2026/08/28 13:40:48.037, 0, 100, 43817
2026/08/28 13:40:48.037, 1, 100, 43801
2026/08/28 13:40:48.037, 2, 100, 43801
2026/08/28 13:40:48.037, 3, 100, 43801
2026/08/28 13:40:48.537, 0, 100, 43817
2026/08/28 13:40:48.537, 1, 100, 43801
2026/08/28 13:40:48.537, 2, 100, 43801
2026/08/28 13:40:48.537, 3, 100, 43801
2026/08/28 13:40:49.037, 0, 100, 43817
2026/08/28 13:40:49.037, 1, 100, 43801
2026/08/28 13:40:49.037, 2, 100, 43801
2026/08/28 13:40:49.037, 3, 100, 43801
2026/08/28 13:40:49.537, 0, 100, 43817
2026/08/28 13:40:49.537, 1, 100, 43801
2026/08/28 13:40:49.537, 2, 100, 43801
2026/08/28 13:40:49.537, 3, 100, 43801
2026/08/28 13:40:50.037, 0, 100, 43817
2026/08/28 13:40:50.037, 1, 100, 43801
2026/08/28 13:40:50.037, 2, 100, 43801
2026/08/28 13:40:50.037, 3, 100, 43801
2026/08/28 13:40:50.538, 0, 0, 43817
2026/08/28 13:40:50.538, 1, 0, 43801
2026/08/28 13:40:50.538, 2, 0, 43801
2026/08/28 13:40:50.538, 3, 0, 43801
2026/08/28 13:40:51.038, 0, 0, 43817
2026/08/28 13:40:51.038, 1, 0, 43801
2026/08/28 13:40:51.038, 2, 0, 43801
2026/08/28 13:40:51.038, 3, 0, 43801
2026/08/28 13:40:51.538, 0, 0, 43817
2026/08/28 13:40:51.538, 1, 0, 43801
2026/08/28 13:40:51.538, 2, 0, 43801
2026/08/28 13:40:51.538, 3, 0, 43801
2026/08/28 13:40:52.038, 0, 0, 43817
2026/08/28 13:40:52.038, 1, 0, 43801
2026/08/28 13:40:52.038, 2, 0, 43801
2026/08/28 13:40:52.038, 3, 0, 43801
2026/08/28 13:40:52.538, 0, 99, 43817
2026/08/28 13:40:52.538, 1, 100, 43801
2026/08/28 13:40:52.538, 2, 100, 43801
2026/08/28 13:40:52.538, 3, 100, 43801
2026/08/28 13:40:53.038, 0, 100, 43817
2026/08/28 13:40:53.038, 1, 100, 43801
2026/08/28 13:40:53.038, 2, 100, 43801
2026/08/28 13:40:53.038, 3, 100, 43801
2026/08/28 13:40:53.539, 0, 100, 43817
2026/08/28 13:40:53.539, 1, 100, 43801
2026/08/28 13:40:53.539, 2, 100, 43801
2026/08/28 13:40:53.539, 3, 100, 43801
2026/08/28 13:40:54.039, 0, 100, 43817
2026/08/28 13:40:54.039, 1, 100, 43801
2026/08/28 13:40:54.039, 2, 100, 43801
2026/08/28 13:40:54.039, 3, 100, 43801
2026/08/28 13:40:54.539, 0, 100, 43817
2026/08/28 13:40:54.539, 1, 100, 43801
2026/08/28 13:40:54.539, 2, 100, 43801
2026/08/28 13:40:54.539, 3, 100, 43801
2026/08/28 13:40:55.039, 0, 100, 43817
2026/08/28 13:40:55.039, 1, 100, 43801
2026/08/28 13:40:55.039, 2, 100, 43801
2026/08/28 13:40:55.039, 3, 100, 43801
2026/08/28 13:40:55.539, 0, 100, 43817
2026/08/28 13:40:55.539, 1, 100, 43801
2026/08/28 13:40:55.539, 2, 100, 43801
2026/08/28 13:40:55.539, 3, 100, 43801
2026/08/28 13:40:56.039, 0, 100, 43817
2026/08/28 13:40:56.039, 1, 100, 43801
2026/08/28 13:40:56.039, 2, 100, 43801
2026/08/28 13:40:56.039, 3, 100, 43801
2026/08/28 13:40:56.539, 0, 100, 43817
2026/08/28 13:40:56.539, 1, 100, 43801
2026/08/28 13:40:56.539, 2, 100, 43801
2026/08/28 13:40:56.539, 3, 100, 43801
2026/08/28 13:40:57.039, 0, 100, 43817
2026/08/28 13:40:57.040, 1, 99, 43801
2026/08/28 13:40:57.040, 2, 100, 43801
2026/08/28 13:40:57.040, 3, 100, 43801
2026/08/28 13:40:57.540, 0, 100, 43817
2026/08/28 13:40:57.540, 1, 100, 43801
2026/08/28 13:40:57.540, 2, 100, 43801
2026/08/28 13:40:57.540, 3, 100, 43801
2026/08/28 13:40:58.040, 0, 100, 43817
2026/08/28 13:40:58.040, 1, 100, 43801
2026/08/28 13:40:58.040, 2, 100, 43801
2026/08/28 13:40:58.040, 3, 100, 43801
2026/08/28 13:40:58.540, 0, 100, 43817
2026/08/28 13:40:58.540, 1, 100, 43801
2026/08/28 13:40:58.540, 2, 100, 43801
2026/08/28 13:40:58.540, 3, 100, 43801
2026/08/28 13:40:59.040, 0, 100, 43817
2026/08/28 13:40:59.040, 1, 100, 43801
2026/08/28 13:40:59.040, 2, 100, 43801
2026/08/28 13:40:59.040, 3, 100, 43801
2026/08/28 13:40:59.540, 0, 100, 43817
2026/08/28 13:40:59.540, 1, 100, 43801
2026/08/28 13:40:59.540, 2, 100, 43801
2026/08/28 13:40:59.540, 3, 100, 43801
2026/08/28 13:41:00.040, 0, 100, 43817
2026/08/28 13:41:00.040, 1, 100, 43801
2026/08/28 13:41:00.040, 2, 100, 43801
2026/08/28 13:41:00.040, 3, 100, 43801
2026/08/28 13:41:00.540, 0, 100, 43817
2026/08/28 13:41:00.540, 1, 100, 43801
2026/08/28 13:41:00.540, 2, 100, 43801
2026/08/28 13:41:00.540, 3, 100, 43801
2026/08/28 13:41:01.041, 0, 100, 43817
2026/08/28 13:41:01.041, 1, 100, 43801
2026/08/28 13:41:01.041, 2, 100, 43801
2026/08/28 13:41:01.041, 3, 100, 43801
2026/08/28 13:41:01.541, 0, 100, 43817
2026/08/28 13:41:01.541, 1, 100, 43801
2026/08/28 13:41:01.541, 2, 100, 43801
2026/08/28 13:41:01.541, 3, 100, 43801
2026/08/28 13:41:02.041, 0, 100, 43817
2026/08/28 13:41:02.041, 1, 100, 43801
2026/08/28 13:41:02.041, 2, 100, 43801
2026/08/28 13:41:02.041, 3, 100, 43801
2026/08/28 13:41:02.541, 0, 100, 43817
2026/08/28 13:41:02.541, 1, 100, 43801
2026/08/28 13:41:02.541, 2, 100, 43801
2026/08/28 13:41:02.541, 3, 100, 43801
2026/08/28 13:41:03.041, 0, 100, 43817
2026/08/28 13:41:03.041, 1, 100, 43801
2026/08/28 13:41:03.041, 2, 100, 43801
2026/08/28 13:41:03.041, 3, 100, 43801
2026/08/28 13:41:03.541, 0, 100, 43817
2026/08/28 13:41:03.541, 1, 100, 43801
2026/08/28 13:41:03.541, 2, 100, 43801
2026/08/28 13:41:03.541, 3, 100, 43801
2026/08/28 13:41:04.041, 0, 100, 43817
2026/08/28 13:41:04.041, 1, 100, 43801
2026/08/28 13:41:04.041, 2, 100, 43801
2026/08/28 13:41:04.041, 3, 100, 43801
2026/08/28 13:41:04.541, 0, 100, 43817
2026/08/28 13:41:04.541, 1, 100, 43801
2026/08/28 13:41:04.542, 2, 100, 43801
2026/08/28 13:41:04.542, 3, 100, 43801
2026/08/28 13:41:05.042, 0, 100, 43817
2026/08/28 13:41:05.042, 1, 100, 43801
2026/08/28 13:41:05.042, 2, 100, 43801
2026/08/28 13:41:05.042, 3, 100, 43801
2026/08/28 13:41:05.542, 0, 100, 43817
2026/08/28 13:41:05.542, 1, 100, 43801
2026/08/28 13:41:05.542, 2, 100, 43801
2026/08/28 13:41:05.542, 3, 100, 43801
2026/08/28 13:41:06.042, 0, 100, 43817
2026/08/28 13:41:06.042, 1, 100, 43801
2026/08/28 13:41:06.042, 2, 100, 43801
2026/08/28 13:41:06.042, 3, 100, 43801
2026/08/28 13:41:06.542, 0, 100, 43817
2026/08/28 13:41:06.542, 1, 100, 43801
2026/08/28 13:41:06.542, 2, 100, 43801
2026/08/28 13:41:06.542, 3, 100, 43801
2026/08/28 13:41:07.042, 0, 100, 43817
2026/08/28 13:41:07.042, 1, 100, 43801
2026/08/28 13:41:07.042, 2, 100, 43801
2026/08/28 13:41:07.042, 3, 100, 43801
2026/08/28 13:41:07.542, 0, 100, 43817
2026/08/28 13:41:07.542, 1, 100, 43801
2026/08/28 13:41:07.542, 2, 100, 43801
2026/08/28 13:41:07.542, 3, 100, 43801
2026/08/28 13:41:08.043, 0, 100, 43817
2026/08/28 13:41:08.043, 1, 100, 43801
2026/08/28 13:41:08.043, 2, 100, 43801
2026/08/28 13:41:08.043, 3, 100, 43801
2026/08/28 13:41:08.543, 0, 100, 43817
2026/08/28 13:41:08.543, 1, 100, 43801
2026/08/28 13:41:08.543, 2, 100, 43801
2026/08/28 13:41:08.543, 3, 100, 43801
2026/08/28 13:41:09.043, 0, 100, 43817
2026/08/28 13:41:09.043, 1, 100, 43801
2026/08/28 13:41:09.043, 2, 100, 43801
2026/08/28 13:41:09.043, 3, 100, 43801
2026/08/28 13:41:09.543, 0, 100, 43817
2026/08/28 13:41:09.543, 1, 100, 43801
2026/08/28 13:41:09.543, 2, 100, 43801
2026/08/28 13:41:09.543, 3, 100, 43801
2026/08/28 13:41:10.043, 0, 100, 43817
2026/08/28 13:41:10.043, 1, 100, 43801
2026/08/28 13:41:10.043, 2, 100, 43801
2026/08/28 13:41:10.043, 3, 100, 43801
2026/08/28 13:41:10.543, 0, 46, 43817
2026/08/28 13:41:10.543, 1, 0, 43801
2026/08/28 13:41:10.543, 2, 40, 43801
2026/08/28 13:41:10.543, 3, 17, 43801
2026/08/28 13:41:11.043, 0, 0, 43817
2026/08/28 13:41:11.043, 1, 0, 43801
2026/08/28 13:41:11.043, 2, 0, 43801
2026/08/28 13:41:11.043, 3, 0, 43801
2026/08/28 13:41:11.543, 0, 0, 43817
2026/08/28 13:41:11.544, 1, 0, 43801
2026/08/28 13:41:11.544, 2, 0, 43801
2026/08/28 13:41:11.544, 3, 0, 43801
2026/08/28 13:41:12.044, 0, 0, 43817
2026/08/28 13:41:12.044, 1, 0, 43801
2026/08/28 13:41:12.044, 2, 0, 43801
2026/08/28 13:41:12.044, 3, 0, 43801
2026/08/28 13:41:12.544, 0, 0, 43817
2026/08/28 13:41:12.544, 1, 87, 43801
2026/08/28 13:41:12.544, 2, 0, 43801
2026/08/28 13:41:12.544, 3, 68, 43801
2026/08/28 13:41:13.044, 0, 100, 43817
2026/08/28 13:41:13.044, 1, 100, 43801
2026/08/28 13:41:13.044, 2, 100, 43801
2026/08/28 13:41:13.044, 3, 100, 43801
2026/08/28 13:41:13.544, 0, 100, 43817
2026/08/28 13:41:13.544, 1, 100, 43801
2026/08/28 13:41:13.544, 2, 100, 43801
2026/08/28 13:41:13.544, 3, 100, 43801
2026/08/28 13:41:14.044, 0, 100, 43817
2026/08/28 13:41:14.044, 1, 100, 43801
2026/08/28 13:41:14.044, 2, 100, 43801
2026/08/28 13:41:14.044, 3, 100, 43801
2026/08/28 13:41:14.544, 0, 100, 43817
2026/08/28 13:41:14.544, 1, 100, 43801
2026/08/28 13:41:14.544, 2, 100, 43801
2026/08/28 13:41:14.544, 3, 100, 43801
2026/08/28 13:41:15.044, 0, 100, 43817
2026/08/28 13:41:15.044, 1, 100, 43801
2026/08/28 13:41:15.044, 2, 100, 43801
2026/08/28 13:41:15.045, 3, 100, 43801
2026/08/28 13:41:15.545, 0, 100, 43817
2026/08/28 13:41:15.545, 1, 100, 43801
2026/08/28 13:41:15.545, 2, 100, 43801
2026/08/28 13:41:15.545, 3, 100, 43801
2026/08/28 13:41:16.045, 0, 100, 43817
2026/08/28 13:41:16.045, 1, 100, 43801
2026/08/28 13:41:16.045, 2, 100, 43801
2026/08/28 13:41:16.045, 3, 100, 43801
2026/08/28 13:41:16.545, 0, 100, 43817
2026/08/28 13:41:16.545, 1, 100, 43801
2026/08/28 13:41:16.545, 2, 100, 43801
2026/08/28 13:41:16.545, 3, 100, 43801
2026/08/28 13:41:17.045, 0, 100, 43817
2026/08/28 13:41:17.045, 1, 100, 43801
2026/08/28 13:41:17.045, 2, 100, 43801
2026/08/28 13:41:17.045, 3, 77, 43801
2026/08/28 13:41:17.545, 0, 99, 43817
2026/08/28 13:41:17.545, 1, 100, 43801
2026/08/28 13:41:17.545, 2, 99, 43801
2026/08/28 13:41:17.545, 3, 100, 43801
2026/08/28 13:41:18.045, 0, 100, 43817
2026/08/28 13:41:18.045, 1, 100, 43801
2026/08/28 13:41:18.045, 2, 100, 43801
2026/08/28 13:41:18.045, 3, 100, 43801
2026/08/28 13:41:18.545, 0, 100, 43817
2026/08/28 13:41:18.545, 1, 100, 43801
2026/08/28 13:41:18.545, 2, 100, 43801
2026/08/28 13:41:18.545, 3, 100, 43801
2026/08/28 13:41:19.046, 0, 100, 43817
2026/08/28 13:41:19.046, 1, 100, 43801
2026/08/28 13:41:19.046, 2, 100, 43801
2026/08/28 13:41:19.046, 3, 100, 43801
2026/08/28 13:41:19.546, 0, 100, 43817
2026/08/28 13:41:19.546, 1, 100, 43801
2026/08/28 13:41:19.546, 2, 100, 43801
2026/08/28 13:41:19.546, 3, 100, 43801
2026/08/28 13:41:20.046, 0, 100, 43817
2026/08/28 13:41:20.046, 1, 100, 43801
2026/08/28 13:41:20.046, 2, 100, 43801
2026/08/28 13:41:20.046, 3, 100, 43801
2026/08/28 13:41:20.546, 0, 100, 43817
2026/08/28 13:41:20.546, 1, 100, 43801
2026/08/28 13:41:20.546, 2, 100, 43801
2026/08/28 13:41:20.546, 3, 100, 43801
2026/08/28 13:41:21.046, 0, 100, 43817
2026/08/28 13:41:21.046, 1, 100, 43801
2026/08/28 13:41:21.046, 2, 100, 43801
2026/08/28 13:41:21.046, 3, 100, 43801
2026/08/28 13:41:21.546, 0, 100, 43817
2026/08/28 13:41:21.546, 1, 100, 43801
2026/08/28 13:41:21.546, 2, 100, 43801
2026/08/28 13:41:21.546, 3, 100, 43801
2026/08/28 13:41:22.046, 0, 99, 43817
2026/08/28 13:41:22.046, 1, 99, 43801
2026/08/28 13:41:22.046, 2, 99, 43801
2026/08/28 13:41:22.046, 3, 100, 43801
2026/08/28 13:41:22.547, 0, 100, 43817
2026/08/28 13:41:22.547, 1, 100, 43801
2026/08/28 13:41:22.547, 2, 100, 43801
2026/08/28 13:41:22.547, 3, 100, 43801
2026/08/28 13:41:23.047, 0, 100, 43817
2026/08/28 13:41:23.047, 1, 100, 43801
2026/08/28 13:41:23.047, 2, 100, 43801
2026/08/28 13:41:23.047, 3, 100, 43801
2026/08/28 13:41:23.547, 0, 100, 43817
2026/08/28 13:41:23.547, 1, 100, 43801
2026/08/28 13:41:23.547, 2, 100, 43801
2026/08/28 13:41:23.547, 3, 100, 43801
2026/08/28 13:41:24.047, 0, 100, 43817
2026/08/28 13:41:24.047, 1, 100, 43801
2026/08/28 13:41:24.047, 2, 100, 43801
2026/08/28 13:41:24.047, 3, 100, 43801
2026/08/28 13:41:24.547, 0, 100, 43817
2026/08/28 13:41:24.547, 1, 100, 43801
2026/08/28 13:41:24.547, 2, 100, 43801
2026/08/28 13:41:24.547, 3, 100, 43801
2026/08/28 13:41:25.047, 0, 100, 43817
2026/08/28 13:41:25.047, 1, 100, 43801
2026/08/28 13:41:25.047, 2, 100, 43801
2026/08/28 13:41:25.047, 3, 100, 43801
2026/08/28 13:41:25.547, 0, 100, 43817
2026/08/28 13:41:25.547, 1, 100, 43801
2026/08/28 13:41:25.547, 2, 100, 43801
2026/08/28 13:41:25.548, 3, 100, 43801
2026/08/28 13:41:26.048, 0, 100, 43817
2026/08/28 13:41:26.048, 1, 100, 43801
2026/08/28 13:41:26.048, 2, 100, 43801
2026/08/28 13:41:26.048, 3, 100, 43801
2026/08/28 13:41:26.548, 0, 100, 43817
2026/08/28 13:41:26.548, 1, 100, 43801
2026/08/28 13:41:26.548, 2, 100, 43801
2026/08/28 13:41:26.548, 3, 100, 43801
2026/08/28 13:41:27.048, 0, 100, 43817
2026/08/28 13:41:27.048, 1, 100, 43801
2026/08/28 13:41:27.048, 2, 100, 43801
2026/08/28 13:41:27.048, 3, 100, 43801
2026/08/28 13:41:27.548, 0, 100, 43817
2026/08/28 13:41:27.548, 1, 100, 43801
2026/08/28 13:41:27.548, 2, 100, 43801
2026/08/28 13:41:27.548, 3, 100, 43801
2026/08/28 13:41:28.048, 0, 100, 43817
2026/08/28 13:41:28.048, 1, 100, 43801
2026/08/28 13:41:28.048, 2, 100, 43801
2026/08/28 13:41:28.048, 3, 100, 43801
2026/08/28 13:41:28.548, 0, 100, 43817
2026/08/28 13:41:28.548, 1, 100, 43801
2026/08/28 13:41:28.548, 2, 100, 43801
2026/08/28 13:41:28.548, 3, 100, 43801
2026/08/28 13:41:29.048, 0, 100, 43817
2026/08/28 13:41:29.049, 1, 100, 43801
2026/08/28 13:41:29.049, 2, 100, 43801
2026/08/28 13:41:29.049, 3, 100, 43801
2026/08/28 13:41:29.549, 0, 100, 43817
2026/08/28 13:41:29.549, 1, 100, 43801
2026/08/28 13:41:29.549, 2, 100, 43801
2026/08/28 13:41:29.549, 3, 100, 43801
2026/08/28 13:41:30.049, 0, 100, 43817
2026/08/28 13:41:30.049, 1, 100, 43801
2026/08/28 13:41:30.049, 2, 100, 43801
2026/08/28 13:41:30.049, 3, 100, 43801
2026/08/28 13:41:30.549, 0, 100, 43817
2026/08/28 13:41:30.549, 1, 100, 43801
2026/08/28 13:41:30.549, 2, 100, 43801
2026/08/28 13:41:30.549, 3, 100, 43801
2026/08/28 13:41:31.049, 0, 0, 43817
2026/08/28 13:41:31.049, 1, 0, 43801
2026/08/28 13:41:31.049, 2, 0, 43801
2026/08/28 13:41:31.049, 3, 0, 43801
2026/08/28 13:41:31.549, 0, 0, 43817
2026/08/28 13:41:31.549, 1, 0, 43801
2026/08/28 13:41:31.549, 2, 0, 43801
2026/08/28 13:41:31.549, 3, 0, 43801
2026/08/28 13:41:32.049, 0, 0, 43817
2026/08/28 13:41:32.049, 1, 0, 43801
2026/08/28 13:41:32.049, 2, 0, 43801
2026/08/28 13:41:32.049, 3, 0, 43801
2026/08/28 13:41:32.549, 0, 0, 43817
2026/08/28 13:41:32.549, 1, 0, 43801
2026/08/28 13:41:32.550, 2, 0, 43801
2026/08/28 13:41:32.550, 3, 0, 43801
2026/08/28 13:41:33.050, 0, 100, 43817
2026/08/28 13:41:33.050, 1, 100, 43801
2026/08/28 13:41:33.050, 2, 100, 43801
2026/08/28 13:41:33.050, 3, 100, 43801
2026/08/28 13:41:33.550, 0, 100, 43817
2026/08/28 13:41:33.550, 1, 100, 43801
2026/08/28 13:41:33.550, 2, 100, 43801
2026/08/28 13:41:33.550, 3, 100, 43801
2026/08/28 13:41:34.050, 0, 100, 43817
2026/08/28 13:41:34.050, 1, 100, 43801
2026/08/28 13:41:34.050, 2, 100, 43801
2026/08/28 13:41:34.050, 3, 100, 43801
2026/08/28 13:41:34.550, 0, 100, 43817
2026/08/28 13:41:34.550, 1, 100, 43801
2026/08/28 13:41:34.550, 2, 100, 43801
2026/08/28 13:41:34.550, 3, 100, 43801
2026/08/28 13:41:35.050, 0, 100, 43817
2026/08/28 13:41:35.050, 1, 100, 43801
2026/08/28 13:41:35.050, 2, 100, 43801
2026/08/28 13:41:35.050, 3, 100, 43801
2026/08/28 13:41:35.550, 0, 100, 43817
2026/08/28 13:41:35.550, 1, 100, 43801
2026/08/28 13:41:35.553, 2, 100, 43801
2026/08/28 13:41:35.553, 3, 100, 43801
2026/08/28 13:41:36.053, 0, 100, 43817
2026/08/28 13:41:36.053, 1, 100, 43801
2026/08/28 13:41:36.053, 2, 100, 43801
2026/08/28 13:41:36.053, 3, 100, 43801
2026/08/28 13:41:36.553, 0, 100, 43817
2026/08/28 13:41:36.553, 1, 100, 43801
2026/08/28 13:41:36.553, 2, 100, 43801
2026/08/28 13:41:36.553, 3, 100, 43801
2026/08/28 13:41:37.053, 0, 100, 43817
2026/08/28 13:41:37.053, 1, 100, 43801
2026/08/28 13:41:37.053, 2, 100, 43801
2026/08/28 13:41:37.053, 3, 100, 43801
2026/08/28 13:41:37.553, 0, 100, 43817
2026/08/28 13:41:37.553, 1, 100, 43801
2026/08/28 13:41:37.553, 2, 72, 43801
2026/08/28 13:41:37.553, 3, 83, 43801
2026/08/28 13:41:38.054, 0, 100, 43817
2026/08/28 13:41:38.054, 1, 100, 43801
2026/08/28 13:41:38.054, 2, 100, 43801
2026/08/28 13:41:38.054, 3, 100, 43801
2026/08/28 13:41:38.554, 0, 100, 43817
2026/08/28 13:41:38.554, 1, 100, 43801
2026/08/28 13:41:38.554, 2, 100, 43801
2026/08/28 13:41:38.554, 3, 100, 43801
2026/08/28 13:41:39.054, 0, 100, 43817
2026/08/28 13:41:39.054, 1, 100, 43801
2026/08/28 13:41:39.054, 2, 100, 43801
2026/08/28 13:41:39.054, 3, 100, 43801
2026/08/28 13:41:39.554, 0, 100, 43817
2026/08/28 13:41:39.554, 1, 100, 43801
2026/08/28 13:41:39.554, 2, 100, 43801
2026/08/28 13:41:39.554, 3, 100, 43801
2026/08/28 13:41:40.054, 0, 100, 43817
2026/08/28 13:41:40.054, 1, 100, 43801
2026/08/28 13:41:40.054, 2, 100, 43801
2026/08/28 13:41:40.054, 3, 100, 43801
2026/08/28 13:41:40.554, 0, 100, 43817
2026/08/28 13:41:40.554, 1, 100, 43801
2026/08/28 13:41:40.554, 2, 100, 43801
2026/08/28 13:41:40.554, 3, 100, 43801
2026/08/28 13:41:41.054, 0, 100, 43817
2026/08/28 13:41:41.054, 1, 100, 43801
2026/08/28 13:41:41.054, 2, 100, 43801
2026/08/28 13:41:41.054, 3, 100, 43801
2026/08/28 13:41:41.554, 0, 100, 43817
2026/08/28 13:41:41.555, 1, 100, 43801
2026/08/28 13:41:41.555, 2, 100, 43801
2026/08/28 13:41:41.555, 3, 100, 43801
2026/08/28 13:41:42.055, 0, 94, 43817
2026/08/28 13:41:42.055, 1, 100, 43801
2026/08/28 13:41:42.055, 2, 90, 43801
2026/08/28 13:41:42.055, 3, 100, 43801
2026/08/28 13:41:42.555, 0, 100, 43817
2026/08/28 13:41:42.555, 1, 100, 43801
2026/08/28 13:41:42.555, 2, 100, 43801
2026/08/28 13:41:42.555, 3, 100, 43801
2026/08/28 13:41:43.055, 0, 100, 43817
2026/08/28 13:41:43.055, 1, 100, 43801
2026/08/28 13:41:43.055, 2, 100, 43801
2026/08/28 13:41:43.055, 3, 100, 43801
2026/08/28 13:41:43.555, 0, 100, 43817
2026/08/28 13:41:43.555, 1, 100, 43801
2026/08/28 13:41:43.555, 2, 100, 43801
2026/08/28 13:41:43.555, 3, 100, 43801
2026/08/28 13:41:44.055, 0, 100, 43817
2026/08/28 13:41:44.055, 1, 100, 43801
2026/08/28 13:41:44.055, 2, 100, 43801
2026/08/28 13:41:44.055, 3, 100, 43801
2026/08/28 13:41:44.555, 0, 100, 43817
2026/08/28 13:41:44.555, 1, 100, 43801
2026/08/28 13:41:44.555, 2, 100, 43801
2026/08/28 13:41:44.555, 3, 100, 43801
2026/08/28 13:41:45.056, 0, 100, 43817
2026/08/28 13:41:45.056, 1, 100, 43801
2026/08/28 13:41:45.056, 2, 100, 43801
2026/08/28 13:41:45.056, 3, 100, 43801
2026/08/28 13:41:45.556, 0, 100, 43817
2026/08/28 13:41:45.556, 1, 100, 43801
2026/08/28 13:41:45.556, 2, 100, 43801
2026/08/28 13:41:45.556, 3, 100, 43801
2026/08/28 13:41:46.056, 0, 100, 43817
2026/08/28 13:41:46.056, 1, 100, 43801
2026/08/28 13:41:46.056, 2, 100, 43801
2026/08/28 13:41:46.056, 3, 100, 43801
2026/08/28 13:41:46.556, 0, 100, 43817
2026/08/28 13:41:46.556, 1, 78, 43801
2026/08/28 13:41:46.556, 2, 100, 43801
2026/08/28 13:41:46.556, 3, 100, 43801
2026/08/28 13:41:47.056, 0, 100, 43817
2026/08/28 13:41:47.056, 1, 100, 43801
2026/08/28 13:41:47.056, 2, 100, 43801
2026/08/28 13:41:47.056, 3, 100, 43801
2026/08/28 13:41:47.556, 0, 100, 43817
2026/08/28 13:41:47.556, 1, 100, 43801
2026/08/28 13:41:47.559, 2, 100, 43801
2026/08/28 13:41:47.559, 3, 100, 43801
2026/08/28 13:41:48.059, 0, 100, 43817
2026/08/28 13:41:48.059, 1, 100, 43801
2026/08/28 13:41:48.059, 2, 100, 43801
2026/08/28 13:41:48.059, 3, 100, 43801
2026/08/28 13:41:48.559, 0, 100, 43817
2026/08/28 13:41:48.559, 1, 100, 43801
2026/08/28 13:41:48.559, 2, 100, 43801
2026/08/28 13:41:48.559, 3, 100, 43801
2026/08/28 13:41:49.060, 0, 100, 43817
2026/08/28 13:41:49.060, 1, 100, 43801
2026/08/28 13:41:49.060, 2, 100, 43801
2026/08/28 13:41:49.060, 3, 100, 43801
2026/08/28 13:41:49.560, 0, 100, 43817
2026/08/28 13:41:49.560, 1, 100, 43801
2026/08/28 13:41:49.560, 2, 100, 43801
2026/08/28 13:41:49.560, 3, 100, 43801
2026/08/28 13:41:50.060, 0, 100, 43817
2026/08/28 13:41:50.060, 1, 100, 43801
2026/08/28 13:41:50.060, 2, 100, 43801
2026/08/28 13:41:50.060, 3, 100, 43801
2026/08/28 13:41:50.560, 0, 100, 43817
2026/08/28 13:41:50.560, 1, 100, 43801
2026/08/28 13:41:50.560, 2, 100, 43801
2026/08/28 13:41:50.560, 3, 100, 43801
2026/08/28 13:41:51.060, 0, 100, 43817
2026/08/28 13:41:51.060, 1, 100, 43801
2026/08/28 13:41:51.060, 2, 100, 43801
2026/08/28 13:41:51.060, 3, 100, 43801
2026/08/28 13:41:51.560, 0, 0, 43817
2026/08/28 13:41:51.560, 1, 0, 43801
2026/08/28 13:41:51.560, 2, 0, 43801
2026/08/28 13:41:51.560, 3, 0, 43801
2026/08/28 13:41:52.060, 0, 0, 43817
2026/08/28 13:41:52.060, 1, 0, 43801
2026/08/28 13:41:52.060, 2, 0, 43801
2026/08/28 13:41:52.061, 3, 0, 43801
2026/08/28 13:41:52.561, 0, 0, 43817
2026/08/28 13:41:52.561, 1, 0, 43801
2026/08/28 13:41:52.561, 2, 0, 43801
2026/08/28 13:41:52.561, 3, 0, 43801
2026/08/28 13:41:53.061, 0, 0, 43817
2026/08/28 13:41:53.061, 1, 0, 43801
2026/08/28 13:41:53.061, 2, 0, 43801
2026/08/28 13:41:53.061, 3, 0, 43801
2026/08/28 13:41:53.561, 0, 100, 43817
2026/08/28 13:41:53.561, 1, 100, 43801
2026/08/28 13:41:53.561, 2, 99, 43801
2026/08/28 13:41:53.561, 3, 100, 43801
2026/08/28 13:41:54.061, 0, 100, 43817
2026/08/28 13:41:54.061, 1, 100, 43801
2026/08/28 13:41:54.061, 2, 100, 43801
2026/08/28 13:41:54.061, 3, 100, 43801
2026/08/28 13:41:54.561, 0, 100, 43817
2026/08/28 13:41:54.561, 1, 100, 43801
2026/08/28 13:41:54.561, 2, 100, 43801
2026/08/28 13:41:54.561, 3, 100, 43801
2026/08/28 13:41:55.061, 0, 100, 43817
2026/08/28 13:41:55.061, 1, 100, 43801
2026/08/28 13:41:55.061, 2, 100, 43801
2026/08/28 13:41:55.061, 3, 100, 43801
2026/08/28 13:41:55.561, 0, 100, 43817
2026/08/28 13:41:55.561, 1, 100, 43801
2026/08/28 13:41:55.561, 2, 100, 43801
2026/08/28 13:41:55.561, 3, 100, 43801
2026/08/28 13:41:56.062, 0, 100, 43817
2026/08/28 13:41:56.062, 1, 100, 43801
2026/08/28 13:41:56.062, 2, 100, 43801
2026/08/28 13:41:56.062, 3, 100, 43801
2026/08/28 13:41:56.562, 0, 100, 43817
2026/08/28 13:41:56.562, 1, 100, 43801
2026/08/28 13:41:56.562, 2, 100, 43801
2026/08/28 13:41:56.562, 3, 100, 43801
2026/08/28 13:41:57.062, 0, 100, 43817
2026/08/28 13:41:57.062, 1, 100, 43801
2026/08/28 13:41:57.062, 2, 100, 43801
2026/08/28 13:41:57.062, 3, 100, 43801
2026/08/28 13:41:57.562, 0, 100, 43817
2026/08/28 13:41:57.562, 1, 100, 43801
2026/08/28 13:41:57.562, 2, 100, 43801
2026/08/28 13:41:57.562, 3, 100, 43801
2026/08/28 13:41:58.062, 0, 99, 43817
2026/08/28 13:41:58.062, 1, 99, 43801
2026/08/28 13:41:58.062, 2, 99, 43801
2026/08/28 13:41:58.062, 3, 99, 43801
2026/08/28 13:41:58.562, 0, 100, 43817
2026/08/28 13:41:58.562, 1, 100, 43801
2026/08/28 13:41:58.562, 2, 100, 43801
2026/08/28 13:41:58.562, 3, 100, 43801
2026/08/28 13:41:59.062, 0, 100, 43817
2026/08/28 13:41:59.062, 1, 100, 43801
2026/08/28 13:41:59.062, 2, 100, 43801
2026/08/28 13:41:59.062, 3, 100, 43801
2026/08/28 13:41:59.562, 0, 100, 43817
2026/08/28 13:41:59.563, 1, 100, 43801
2026/08/28 13:41:59.563, 2, 100, 43801
2026/08/28 13:41:59.563, 3, 100, 43801
2026/08/28 13:42:00.063, 0, 100, 43817
2026/08/28 13:42:00.063, 1, 100, 43801
2026/08/28 13:42:00.063, 2, 100, 43801
2026/08/28 13:42:00.063, 3, 100, 43801
2026/08/28 13:42:00.563, 0, 100, 43817
2026/08/28 13:42:00.563, 1, 100, 43801
2026/08/28 13:42:00.563, 2, 100, 43801
2026/08/28 13:42:00.563, 3, 100, 43801
2026/08/28 13:42:01.063, 0, 100, 43817
2026/08/28 13:42:01.063, 1, 100, 43801
2026/08/28 13:42:01.063, 2, 100, 43801
2026/08/28 13:42:01.063, 3, 100, 43801
2026/08/28 13:42:01.563, 0, 100, 43817
2026/08/28 13:42:01.563, 1, 100, 43801
2026/08/28 13:42:01.563, 2, 100, 43801
2026/08/28 13:42:01.563, 3, 100, 43801
2026/08/28 13:42:02.063, 0, 100, 43817
2026/08/28 13:42:02.063, 1, 100, 43801
2026/08/28 13:42:02.063, 2, 100, 43801
2026/08/28 13:42:02.063, 3, 100, 43801
2026/08/28 13:42:02.563, 0, 100, 43817
2026/08/28 13:42:02.563, 1, 100, 43801
2026/08/28 13:42:02.563, 2, 100, 43801
2026/08/28 13:42:02.563, 3, 100, 43801
2026/08/28 13:42:03.063, 0, 100, 43817
2026/08/28 13:42:03.063, 1, 100, 43801
2026/08/28 13:42:03.063, 2, 100, 43801
2026/08/28 13:42:03.063, 3, 100, 43801
2026/08/28 13:42:03.564, 0, 100, 43817
2026/08/28 13:42:03.564, 1, 100, 43801
2026/08/28 13:42:03.564, 2, 100, 43801
2026/08/28 13:42:03.564, 3, 100, 43801
2026/08/28 13:42:04.064, 0, 100, 43817
2026/08/28 13:42:04.064, 1, 100, 43801
2026/08/28 13:42:04.064, 2, 100, 43801
2026/08/28 13:42:04.064, 3, 100, 43801
2026/08/28 13:42:04.564, 0, 100, 43817
2026/08/28 13:42:04.564, 1, 100, 43801
2026/08/28 13:42:04.564, 2, 100, 43801
2026/08/28 13:42:04.564, 3, 100, 43801
2026/08/28 13:42:05.064, 0, 100, 43817
2026/08/28 13:42:05.064, 1, 100, 43801
2026/08/28 13:42:05.064, 2, 100, 43801
2026/08/28 13:42:05.064, 3, 100, 43801
2026/08/28 13:42:05.564, 0, 100, 43817
2026/08/28 13:42:05.564, 1, 100, 43801
2026/08/28 13:42:05.564, 2, 100, 43801
2026/08/28 13:42:05.564, 3, 100, 43801
2026/08/28 13:42:06.064, 0, 100, 43817
2026/08/28 13:42:06.064, 1, 100, 43801
2026/08/28 13:42:06.064, 2, 100, 43801
2026/08/28 13:42:06.064, 3, 100, 43801
2026/08/28 13:42:06.564, 0, 100, 43817
2026/08/28 13:42:06.564, 1, 100, 43801
2026/08/28 13:42:06.564, 2, 100, 43801
2026/08/28 13:42:06.564, 3, 100, 43801
2026/08/28 13:42:07.064, 0, 100, 43817
2026/08/28 13:42:07.064, 1, 100, 43801
2026/08/28 13:42:07.065, 2, 100, 43801
2026/08/28 13:42:07.065, 3, 100, 43801
2026/08/28 13:42:07.565, 0, 100, 43817
2026/08/28 13:42:07.565, 1, 100, 43801
2026/08/28 13:42:07.565, 2, 100, 43801
2026/08/28 13:42:07.565, 3, 100, 43801
2026/08/28 13:42:08.065, 0, 100, 43817
2026/08/28 13:42:08.065, 1, 100, 43801
2026/08/28 13:42:08.065, 2, 100, 43801
2026/08/28 13:42:08.065, 3, 100, 43801
2026/08/28 13:42:08.565, 0, 100, 43817
2026/08/28 13:42:08.565, 1, 100, 43801
2026/08/28 13:42:08.565, 2, 100, 43801
2026/08/28 13:42:08.565, 3, 100, 43801
2026/08/28 13:42:09.065, 0, 100, 43817
2026/08/28 13:42:09.065, 1, 100, 43801
2026/08/28 13:42:09.065, 2, 100, 43801
2026/08/28 13:42:09.065, 3, 100, 43801
2026/08/28 13:42:09.565, 0, 100, 43817
2026/08/28 13:42:09.565, 1, 100, 43801
2026/08/28 13:42:09.565, 2, 100, 43801
2026/08/28 13:42:09.565, 3, 100, 43801
2026/08/28 13:42:10.065, 0, 100, 43817
2026/08/28 13:42:10.065, 1, 100, 43801
2026/08/28 13:42:10.065, 2, 100, 43801
2026/08/28 13:42:10.065, 3, 100, 43801
2026/08/28 13:42:10.566, 0, 100, 43817
2026/08/28 13:42:10.566, 1, 100, 43801
2026/08/28 13:42:10.566, 2, 100, 43801
2026/08/28 13:42:10.566, 3, 100, 43801
2026/08/28 13:42:11.066, 0, 100, 43817
2026/08/28 13:42:11.066, 1, 100, 43801
2026/08/28 13:42:11.066, 2, 100, 43801
2026/08/28 13:42:11.066, 3, 100, 43801
2026/08/28 13:42:11.566, 0, 87, 43817
2026/08/28 13:42:11.566, 1, 0, 43801
2026/08/28 13:42:11.566, 2, 80, 43801
2026/08/28 13:42:11.566, 3, 56, 43801
2026/08/28 13:42:12.066, 0, 0, 43817
2026/08/28 13:42:12.066, 1, 0, 43801
2026/08/28 13:42:12.066, 2, 0, 43801
2026/08/28 13:42:12.066, 3, 0, 43801
2026/08/28 13:42:12.566, 0, 0, 43817
2026/08/28 13:42:12.566, 1, 0, 43801
2026/08/28 13:42:12.566, 2, 0, 43801
2026/08/28 13:42:12.566, 3, 0, 43801
2026/08/28 13:42:13.066, 0, 0, 43817
2026/08/28 13:42:13.066, 1, 0, 43801
2026/08/28 13:42:13.066, 2, 0, 43801
2026/08/28 13:42:13.066, 3, 0, 43801
2026/08/28 13:42:13.566, 0, 0, 43817
2026/08/28 13:42:13.566, 1, 94, 43801
2026/08/28 13:42:13.566, 2, 0, 43801
2026/08/28 13:42:13.567, 3, 0, 43801
2026/08/28 13:42:14.067, 0, 100, 43817
2026/08/28 13:42:14.067, 1, 100, 43801
2026/08/28 13:42:14.067, 2, 100, 43801
2026/08/28 13:42:14.067, 3, 100, 43801
2026/08/28 13:42:14.567, 0, 100, 43817
2026/08/28 13:42:14.567, 1, 100, 43801
2026/08/28 13:42:14.567, 2, 100, 43801
2026/08/28 13:42:14.567, 3, 100, 43801
2026/08/28 13:42:15.067, 0, 100, 43817
2026/08/28 13:42:15.067, 1, 100, 43801
2026/08/28 13:42:15.067, 2, 100, 43801
2026/08/28 13:42:15.067, 3, 100, 43801
2026/08/28 13:42:15.567, 0, 100, 43817
2026/08/28 13:42:15.567, 1, 100, 43801
2026/08/28 13:42:15.567, 2, 100, 43801
2026/08/28 13:42:15.567, 3, 100, 43801
2026/08/28 13:42:16.067, 0, 100, 43817
2026/08/28 13:42:16.067, 1, 100, 43801
2026/08/28 13:42:16.067, 2, 100, 43801
2026/08/28 13:42:16.067, 3, 100, 43801
2026/08/28 13:42:16.567, 0, 100, 43817
2026/08/28 13:42:16.567, 1, 100, 43801
2026/08/28 13:42:16.567, 2, 100, 43801
2026/08/28 13:42:16.567, 3, 100, 43801
2026/08/28 13:42:17.067, 0, 100, 43817
2026/08/28 13:42:17.067, 1, 100, 43801
2026/08/28 13:42:17.068, 2, 100, 43801
2026/08/28 13:42:17.068, 3, 100, 43801
2026/08/28 13:42:17.568, 0, 100, 43817
2026/08/28 13:42:17.568, 1, 100, 43801
2026/08/28 13:42:17.568, 2, 100, 43801
2026/08/28 13:42:17.568, 3, 100, 43801
2026/08/28 13:42:18.068, 0, 100, 43817
2026/08/28 13:42:18.068, 1, 100, 43801
2026/08/28 13:42:18.068, 2, 100, 43801
2026/08/28 13:42:18.068, 3, 99, 43801
2026/08/28 13:42:18.568, 0, 100, 43817
2026/08/28 13:42:18.568, 1, 100, 43801
2026/08/28 13:42:18.568, 2, 100, 43801
2026/08/28 13:42:18.568, 3, 100, 43801
2026/08/28 13:42:19.068, 0, 100, 43817
2026/08/28 13:42:19.068, 1, 100, 43801
2026/08/28 13:42:19.068, 2, 100, 43801
2026/08/28 13:42:19.068, 3, 100, 43801
2026/08/28 13:42:19.568, 0, 100, 43817
2026/08/28 13:42:19.568, 1, 100, 43801
2026/08/28 13:42:19.568, 2, 100, 43801
2026/08/28 13:42:19.568, 3, 100, 43801
2026/08/28 13:42:20.068, 0, 100, 43817
2026/08/28 13:42:20.068, 1, 100, 43801
2026/08/28 13:42:20.068, 2, 100, 43801
2026/08/28 13:42:20.068, 3, 100, 43801
2026/08/28 13:42:20.569, 0, 100, 43817
2026/08/28 13:42:20.569, 1, 100, 43801
2026/08/28 13:42:20.569, 2, 100, 43801
2026/08/28 13:42:20.569, 3, 100, 43801
2026/08/28 13:42:21.069, 0, 100, 43817
2026/08/28 13:42:21.069, 1, 100, 43801
2026/08/28 13:42:21.069, 2, 100, 43801
2026/08/28 13:42:21.069, 3, 100, 43801
2026/08/28 13:42:21.569, 0, 100, 43817
2026/08/28 13:42:21.569, 1, 100, 43801
2026/08/28 13:42:21.569, 2, 100, 43801
2026/08/28 13:42:21.569, 3, 100, 43801
2026/08/28 13:42:22.069, 0, 100, 43817
2026/08/28 13:42:22.069, 1, 100, 43801
2026/08/28 13:42:22.069, 2, 100, 43801
2026/08/28 13:42:22.069, 3, 100, 43801
2026/08/28 13:42:22.569, 0, 100, 43817
2026/08/28 13:42:22.569, 1, 100, 43801
2026/08/28 13:42:22.569, 2, 100, 43801
2026/08/28 13:42:22.569, 3, 100, 43801
2026/08/28 13:42:23.069, 0, 100, 43817
2026/08/28 13:42:23.069, 1, 100, 43801
2026/08/28 13:42:23.069, 2, 100, 43801
2026/08/28 13:42:23.069, 3, 100, 43801
2026/08/28 13:42:23.570, 0, 100, 43817
2026/08/28 13:42:23.570, 1, 100, 43801
2026/08/28 13:42:23.570, 2, 100, 43801
2026/08/28 13:42:23.570, 3, 100, 43801
2026/08/28 13:42:24.070, 0, 100, 43817
2026/08/28 13:42:24.070, 1, 100, 43801
2026/08/28 13:42:24.070, 2, 100, 43801
2026/08/28 13:42:24.070, 3, 100, 43801
2026/08/28 13:42:24.570, 0, 100, 43817
2026/08/28 13:42:24.570, 1, 100, 43801
2026/08/28 13:42:24.570, 2, 100, 43801
2026/08/28 13:42:24.570, 3, 100, 43801
2026/08/28 13:42:25.070, 0, 100, 43817
2026/08/28 13:42:25.070, 1, 100, 43801
2026/08/28 13:42:25.070, 2, 100, 43801
2026/08/28 13:42:25.070, 3, 100, 43801
2026/08/28 13:42:25.570, 0, 100, 43817
2026/08/28 13:42:25.570, 1, 100, 43801
2026/08/28 13:42:25.570, 2, 100, 43801
2026/08/28 13:42:25.570, 3, 100, 43801
2026/08/28 13:42:26.070, 0, 100, 43817
2026/08/28 13:42:26.070, 1, 100, 43801
2026/08/28 13:42:26.070, 2, 100, 43801
2026/08/28 13:42:26.070, 3, 100, 43801
2026/08/28 13:42:26.570, 0, 100, 43817
2026/08/28 13:42:26.570, 1, 100, 43801
2026/08/28 13:42:26.570, 2, 100, 43801
2026/08/28 13:42:26.570, 3, 100, 43801
2026/08/28 13:42:27.070, 0, 100, 43817
2026/08/28 13:42:27.070, 1, 100, 43801
2026/08/28 13:42:27.070, 2, 100, 43801
2026/08/28 13:42:27.070, 3, 100, 43801
2026/08/28 13:42:27.571, 0, 100, 43817
2026/08/28 13:42:27.571, 1, 100, 43801
2026/08/28 13:42:27.571, 2, 100, 43801
2026/08/28 13:42:27.571, 3, 100, 43801
2026/08/28 13:42:28.071, 0, 100, 43817
2026/08/28 13:42:28.071, 1, 100, 43801
2026/08/28 13:42:28.071, 2, 100, 43801
2026/08/28 13:42:28.071, 3, 100, 43801
2026/08/28 13:42:28.571, 0, 100, 43817
2026/08/28 13:42:28.571, 1, 100, 43801
2026/08/28 13:42:28.571, 2, 100, 43801
2026/08/28 13:42:28.571, 3, 100, 43801
2026/08/28 13:42:29.071, 0, 100, 43817
2026/08/28 13:42:29.071, 1, 100, 43801
2026/08/28 13:42:29.071, 2, 100, 43801
2026/08/28 13:42:29.071, 3, 100, 43801
2026/08/28 13:42:29.571, 0, 100, 43817
2026/08/28 13:42:29.571, 1, 100, 43801
2026/08/28 13:42:29.571, 2, 100, 43801
2026/08/28 13:42:29.571, 3, 100, 43801
2026/08/28 13:42:30.071, 0, 100, 43817
2026/08/28 13:42:30.071, 1, 100, 43801
2026/08/28 13:42:30.071, 2, 100, 43801
2026/08/28 13:42:30.071, 3, 100, 43801
2026/08/28 13:42:30.571, 0, 100, 43817
2026/08/28 13:42:30.571, 1, 100, 43801
2026/08/28 13:42:30.571, 2, 100, 43801
2026/08/28 13:42:30.571, 3, 100, 43801
2026/08/28 13:42:31.071, 0, 100, 43817
2026/08/28 13:42:31.072, 1, 100, 43801
2026/08/28 13:42:31.072, 2, 100, 43801
2026/08/28 13:42:31.072, 3, 100, 43801
2026/08/28 13:42:31.572, 0, 100, 43817
2026/08/28 13:42:31.572, 1, 100, 43801
2026/08/28 13:42:31.572, 2, 100, 43801
2026/08/28 13:42:31.572, 3, 100, 43801
2026/08/28 13:42:32.072, 0, 0, 43817
2026/08/28 13:42:32.072, 1, 0, 43801
2026/08/28 13:42:32.072, 2, 0, 43801
2026/08/28 13:42:32.072, 3, 0, 43801
2026/08/28 13:42:32.572, 0, 0, 43817
2026/08/28 13:42:32.572, 1, 0, 43801
2026/08/28 13:42:32.572, 2, 0, 43801
2026/08/28 13:42:32.572, 3, 0, 43801
2026/08/28 13:42:33.072, 0, 0, 43817
2026/08/28 13:42:33.072, 1, 0, 43801
2026/08/28 13:42:33.072, 2, 0, 43801
2026/08/28 13:42:33.072, 3, 0, 43801
2026/08/28 13:42:33.572, 0, 0, 43817
2026/08/28 13:42:33.572, 1, 0, 43801
2026/08/28 13:42:33.572, 2, 0, 43801
2026/08/28 13:42:33.572, 3, 0, 43801
2026/08/28 13:42:34.073, 0, 100, 43817
2026/08/28 13:42:34.073, 1, 100, 43801
2026/08/28 13:42:34.073, 2, 100, 43801
2026/08/28 13:42:34.073, 3, 100, 43801
2026/08/28 13:42:34.573, 0, 100, 43817
2026/08/28 13:42:34.573, 1, 100, 43801
2026/08/28 13:42:34.573, 2, 100, 43801
2026/08/28 13:42:34.573, 3, 100, 43801
2026/08/28 13:42:35.073, 0, 100, 43817
2026/08/28 13:42:35.073, 1, 100, 43801
2026/08/28 13:42:35.073, 2, 100, 43801
2026/08/28 13:42:35.073, 3, 100, 43801
2026/08/28 13:42:35.573, 0, 100, 43817
2026/08/28 13:42:35.573, 1, 100, 43801
2026/08/28 13:42:35.573, 2, 100, 43801
2026/08/28 13:42:35.573, 3, 100, 43801
2026/08/28 13:42:36.073, 0, 100, 43817
2026/08/28 13:42:36.073, 1, 100, 43801
2026/08/28 13:42:36.073, 2, 100, 43801
2026/08/28 13:42:36.073, 3, 100, 43801
2026/08/28 13:42:36.573, 0, 100, 43817
2026/08/28 13:42:36.573, 1, 100, 43801
2026/08/28 13:42:36.573, 2, 100, 43801
2026/08/28 13:42:36.573, 3, 100, 43801
2026/08/28 13:42:37.073, 0, 100, 43817
2026/08/28 13:42:37.074, 1, 100, 43801
2026/08/28 13:42:37.074, 2, 100, 43801
2026/08/28 13:42:37.074, 3, 100, 43801
2026/08/28 13:42:37.574, 0, 100, 43817
2026/08/28 13:42:37.574, 1, 100, 43801
2026/08/28 13:42:37.574, 2, 100, 43801
2026/08/28 13:42:37.574, 3, 100, 43801
2026/08/28 13:42:38.074, 0, 100, 43817
2026/08/28 13:42:38.074, 1, 100, 43801
2026/08/28 13:42:38.074, 2, 100, 43801
2026/08/28 13:42:38.074, 3, 100, 43801
2026/08/28 13:42:38.574, 0, 76, 43817
2026/08/28 13:42:38.574, 1, 77, 43801
2026/08/28 13:42:38.574, 2, 76, 43801
2026/08/28 13:42:38.574, 3, 78, 43801
2026/08/28 13:42:39.074, 0, 100, 43817
2026/08/28 13:42:39.074, 1, 100, 43801
2026/08/28 13:42:39.074, 2, 100, 43801
2026/08/28 13:42:39.074, 3, 100, 43801
2026/08/28 13:42:39.574, 0, 100, 43817
2026/08/28 13:42:39.574, 1, 100, 43801
2026/08/28 13:42:39.574, 2, 100, 43801
2026/08/28 13:42:39.574, 3, 100, 43801
2026/08/28 13:42:40.074, 0, 100, 43817
2026/08/28 13:42:40.074, 1, 100, 43801
2026/08/28 13:42:40.074, 2, 100, 43801
2026/08/28 13:42:40.074, 3, 100, 43801
2026/08/28 13:42:40.575, 0, 100, 43817
2026/08/28 13:42:40.575, 1, 100, 43801
2026/08/28 13:42:40.575, 2, 100, 43801
2026/08/28 13:42:40.575, 3, 100, 43801
2026/08/28 13:42:41.075, 0, 100, 43817
2026/08/28 13:42:41.075, 1, 100, 43801
2026/08/28 13:42:41.075, 2, 100, 43801
2026/08/28 13:42:41.075, 3, 100, 43801
2026/08/28 13:42:41.575, 0, 100, 43817
2026/08/28 13:42:41.575, 1, 100, 43801
2026/08/28 13:42:41.575, 2, 100, 43801
2026/08/28 13:42:41.575, 3, 100, 43801
2026/08/28 13:42:42.075, 0, 100, 43817
2026/08/28 13:42:42.075, 1, 100, 43801
2026/08/28 13:42:42.075, 2, 100, 43801
2026/08/28 13:42:42.075, 3, 100, 43801
2026/08/28 13:42:42.575, 0, 100, 43817
2026/08/28 13:42:42.575, 1, 100, 43801
2026/08/28 13:42:42.575, 2, 100, 43801
2026/08/28 13:42:42.575, 3, 100, 43801
2026/08/28 13:42:43.075, 0, 78, 43817
2026/08/28 13:42:43.075, 1, 79, 43801
2026/08/28 13:42:43.075, 2, 78, 43801
2026/08/28 13:42:43.075, 3, 94, 43801
2026/08/28 13:42:43.575, 0, 100, 43817
2026/08/28 13:42:43.575, 1, 100, 43801
2026/08/28 13:42:43.575, 2, 100, 43801
2026/08/28 13:42:43.575, 3, 100, 43801
2026/08/28 13:42:44.076, 0, 100, 43817
2026/08/28 13:42:44.076, 1, 100, 43801
2026/08/28 13:42:44.076, 2, 100, 43801
2026/08/28 13:42:44.076, 3, 100, 43801
2026/08/28 13:42:44.576, 0, 100, 43817
2026/08/28 13:42:44.576, 1, 100, 43801
2026/08/28 13:42:44.576, 2, 100, 43801
2026/08/28 13:42:44.576, 3, 100, 43801
2026/08/28 13:42:45.076, 0, 100, 43817
2026/08/28 13:42:45.076, 1, 100, 43801
2026/08/28 13:42:45.076, 2, 100, 43801
2026/08/28 13:42:45.076, 3, 100, 43801
2026/08/28 13:42:45.576, 0, 100, 43817
2026/08/28 13:42:45.576, 1, 100, 43801
2026/08/28 13:42:45.576, 2, 100, 43801
2026/08/28 13:42:45.576, 3, 100, 43801
2026/08/28 13:42:46.076, 0, 100, 43817
2026/08/28 13:42:46.076, 1, 100, 43801
2026/08/28 13:42:46.076, 2, 100, 43801
2026/08/28 13:42:46.076, 3, 100, 43801
2026/08/28 13:42:46.576, 0, 100, 43817
2026/08/28 13:42:46.576, 1, 100, 43801
2026/08/28 13:42:46.576, 2, 100, 43801
2026/08/28 13:42:46.576, 3, 100, 43801
2026/08/28 13:42:47.076, 0, 100, 43817
2026/08/28 13:42:47.077, 1, 100, 43801
2026/08/28 13:42:47.077, 2, 100, 43801
2026/08/28 13:42:47.077, 3, 100, 43801
2026/08/28 13:42:47.577, 0, 100, 43817
2026/08/28 13:42:47.577, 1, 100, 43801
2026/08/28 13:42:47.577, 2, 100, 43801
2026/08/28 13:42:47.577, 3, 100, 43801
2026/08/28 13:42:48.077, 0, 100, 43817
2026/08/28 13:42:48.077, 1, 100, 43801
2026/08/28 13:42:48.077, 2, 100, 43801
2026/08/28 13:42:48.077, 3, 100, 43801
2026/08/28 13:42:48.577, 0, 100, 43817
2026/08/28 13:42:48.577, 1, 100, 43801
2026/08/28 13:42:48.577, 2, 100, 43801
2026/08/28 13:42:48.577, 3, 100, 43801
2026/08/28 13:42:49.077, 0, 100, 43817
2026/08/28 13:42:49.077, 1, 100, 43801
2026/08/28 13:42:49.077, 2, 100, 43801
2026/08/28 13:42:49.077, 3, 100, 43801
2026/08/28 13:42:49.577, 0, 100, 43817
2026/08/28 13:42:49.577, 1, 100, 43801
2026/08/28 13:42:49.577, 2, 100, 43801
2026/08/28 13:42:49.577, 3, 100, 43801
2026/08/28 13:42:50.077, 0, 100, 43817
2026/08/28 13:42:50.077, 1, 100, 43801
2026/08/28 13:42:50.077, 2, 100, 43801
2026/08/28 13:42:50.077, 3, 100, 43801
2026/08/28 13:42:50.577, 0, 100, 43817
2026/08/28 13:42:50.577, 1, 100, 43801
2026/08/28 13:42:50.577, 2, 100, 43801
2026/08/28 13:42:50.577, 3, 100, 43801
2026/08/28 13:42:51.078, 0, 100, 43817
2026/08/28 13:42:51.078, 1, 100, 43801
2026/08/28 13:42:51.078, 2, 100, 43801
2026/08/28 13:42:51.078, 3, 100, 43801
2026/08/28 13:42:51.578, 0, 100, 43817
2026/08/28 13:42:51.578, 1, 100, 43801
2026/08/28 13:42:51.578, 2, 100, 43801
2026/08/28 13:42:51.578, 3, 100, 43801
2026/08/28 13:42:52.078, 0, 100, 43817
2026/08/28 13:42:52.078, 1, 100, 43801
2026/08/28 13:42:52.078, 2, 100, 43801
2026/08/28 13:42:52.078, 3, 100, 43801
2026/08/28 13:42:52.578, 0, 0, 43817
2026/08/28 13:42:52.578, 1, 0, 43801
2026/08/28 13:42:52.578, 2, 0, 43801
2026/08/28 13:42:52.578, 3, 0, 43801
2026/08/28 13:42:53.078, 0, 0, 43817
2026/08/28 13:42:53.078, 1, 0, 43801
2026/08/28 13:42:53.078, 2, 0, 43801
2026/08/28 13:42:53.078, 3, 0, 43801
2026/08/28 13:42:53.578, 0, 0, 43817
2026/08/28 13:42:53.578, 1, 0, 43801
2026/08/28 13:42:53.578, 2, 0, 43801
2026/08/28 13:42:53.578, 3, 0, 43801
2026/08/28 13:42:54.078, 0, 0, 43817
2026/08/28 13:42:54.079, 1, 0, 43801
2026/08/28 13:42:54.079, 2, 0, 43801
2026/08/28 13:42:54.079, 3, 0, 43801
2026/08/28 13:42:54.579, 0, 99, 43817
2026/08/28 13:42:54.579, 1, 100, 43801
2026/08/28 13:42:54.579, 2, 99, 43801
2026/08/28 13:42:54.579, 3, 100, 43801
2026/08/28 13:42:55.079, 0, 100, 43817
2026/08/28 13:42:55.079, 1, 100, 43801
2026/08/28 13:42:55.079, 2, 100, 43801
2026/08/28 13:42:55.079, 3, 100, 43801
2026/08/28 13:42:55.579, 0, 100, 43817
2026/08/28 13:42:55.579, 1, 100, 43801
2026/08/28 13:42:55.579, 2, 100, 43801
2026/08/28 13:42:55.579, 3, 100, 43801
2026/08/28 13:42:56.079, 0, 100, 43817
2026/08/28 13:42:56.079, 1, 100, 43801
2026/08/28 13:42:56.079, 2, 100, 43801
2026/08/28 13:42:56.079, 3, 100, 43801
2026/08/28 13:42:56.579, 0, 100, 43817
2026/08/28 13:42:56.579, 1, 100, 43801
2026/08/28 13:42:56.579, 2, 100, 43801
2026/08/28 13:42:56.579, 3, 100, 43801
2026/08/28 13:42:57.079, 0, 100, 43817
2026/08/28 13:42:57.079, 1, 100, 43801
2026/08/28 13:42:57.079, 2, 100, 43801
2026/08/28 13:42:57.079, 3, 100, 43801
2026/08/28 13:42:57.579, 0, 100, 43817
2026/08/28 13:42:57.579, 1, 100, 43801
2026/08/28 13:42:57.579, 2, 100, 43801
2026/08/28 13:42:57.579, 3, 100, 43801
2026/08/28 13:42:58.080, 0, 100, 43817
2026/08/28 13:42:58.080, 1, 100, 43801
2026/08/28 13:42:58.080, 2, 100, 43801
2026/08/28 13:42:58.080, 3, 100, 43801
2026/08/28 13:42:58.580, 0, 100, 43817
2026/08/28 13:42:58.580, 1, 100, 43801
2026/08/28 13:42:58.580, 2, 100, 43801
2026/08/28 13:42:58.580, 3, 100, 43801
2026/08/28 13:42:59.080, 0, 99, 43817
2026/08/28 13:42:59.080, 1, 99, 43801
2026/08/28 13:42:59.080, 2, 99, 43801
2026/08/28 13:42:59.080, 3, 100, 43801
2026/08/28 13:42:59.580, 0, 100, 43817
2026/08/28 13:42:59.580, 1, 100, 43801
2026/08/28 13:42:59.580, 2, 100, 43801
2026/08/28 13:42:59.580, 3, 100, 43801
2026/08/28 13:43:00.080, 0, 100, 43817
2026/08/28 13:43:00.080, 1, 100, 43801
2026/08/28 13:43:00.080, 2, 100, 43801
2026/08/28 13:43:00.080, 3, 100, 43801
2026/08/28 13:43:00.580, 0, 100, 43817
2026/08/28 13:43:00.580, 1, 100, 43801
2026/08/28 13:43:00.580, 2, 100, 43801
2026/08/28 13:43:00.580, 3, 100, 43801
2026/08/28 13:43:01.080, 0, 100, 43817
2026/08/28 13:43:01.080, 1, 100, 43801
2026/08/28 13:43:01.081, 2, 100, 43801
2026/08/28 13:43:01.081, 3, 100, 43801
2026/08/28 13:43:01.581, 0, 100, 43817
2026/08/28 13:43:01.581, 1, 100, 43801
2026/08/28 13:43:01.581, 2, 100, 43801
2026/08/28 13:43:01.581, 3, 100, 43801
2026/08/28 13:43:02.081, 0, 100, 43817
2026/08/28 13:43:02.081, 1, 100, 43801
2026/08/28 13:43:02.081, 2, 100, 43801
2026/08/28 13:43:02.081, 3, 100, 43801
2026/08/28 13:43:02.581, 0, 100, 43817
2026/08/28 13:43:02.581, 1, 100, 43801
2026/08/28 13:43:02.581, 2, 100, 43801
2026/08/28 13:43:02.581, 3, 100, 43801
2026/08/28 13:43:03.081, 0, 100, 43817
2026/08/28 13:43:03.081, 1, 100, 43801
2026/08/28 13:43:03.081, 2, 100, 43801
2026/08/28 13:43:03.081, 3, 100, 43801
2026/08/28 13:43:03.581, 0, 100, 43817
2026/08/28 13:43:03.581, 1, 100, 43801
2026/08/28 13:43:03.581, 2, 100, 43801
2026/08/28 13:43:03.581, 3, 100, 43801
2026/08/28 13:43:04.081, 0, 100, 43817
2026/08/28 13:43:04.081, 1, 100, 43801
2026/08/28 13:43:04.081, 2, 100, 43801
2026/08/28 13:43:04.081, 3, 100, 43801
2026/08/28 13:43:04.582, 0, 100, 43817
2026/08/28 13:43:04.582, 1, 100, 43801
2026/08/28 13:43:04.582, 2, 100, 43801
2026/08/28 13:43:04.582, 3, 100, 43801
2026/08/28 13:43:05.082, 0, 100, 43817
2026/08/28 13:43:05.082, 1, 100, 43801
2026/08/28 13:43:05.082, 2, 100, 43801
2026/08/28 13:43:05.082, 3, 100, 43801
2026/08/28 13:43:05.582, 0, 100, 43817
2026/08/28 13:43:05.582, 1, 100, 43801
2026/08/28 13:43:05.582, 2, 100, 43801
2026/08/28 13:43:05.582, 3, 100, 43801
2026/08/28 13:43:06.082, 0, 100, 43817
2026/08/28 13:43:06.082, 1, 100, 43801
2026/08/28 13:43:06.082, 2, 100, 43801
2026/08/28 13:43:06.082, 3, 100, 43801
2026/08/28 13:43:06.582, 0, 100, 43817
2026/08/28 13:43:06.582, 1, 100, 43801
2026/08/28 13:43:06.582, 2, 100, 43801
2026/08/28 13:43:06.582, 3, 100, 43801
2026/08/28 13:43:07.082, 0, 100, 43817
2026/08/28 13:43:07.082, 1, 100, 43801
2026/08/28 13:43:07.082, 2, 100, 43801
2026/08/28 13:43:07.082, 3, 100, 43801
2026/08/28 13:43:07.582, 0, 100, 43817
2026/08/28 13:43:07.582, 1, 100, 43801
2026/08/28 13:43:07.582, 2, 100, 43801
2026/08/28 13:43:07.582, 3, 100, 43801
2026/08/28 13:43:08.082, 0, 100, 43817
2026/08/28 13:43:08.082, 1, 86, 43801
2026/08/28 13:43:08.083, 2, 100, 43801
2026/08/28 13:43:08.083, 3, 100, 43801
2026/08/28 13:43:08.583, 0, 100, 43817
2026/08/28 13:43:08.583, 1, 100, 43801
2026/08/28 13:43:08.583, 2, 100, 43801
2026/08/28 13:43:08.583, 3, 100, 43801
2026/08/28 13:43:09.083, 0, 100, 43817
2026/08/28 13:43:09.083, 1, 100, 43801
2026/08/28 13:43:09.083, 2, 100, 43801
2026/08/28 13:43:09.083, 3, 100, 43801
2026/08/28 13:43:09.583, 0, 100, 43817
2026/08/28 13:43:09.583, 1, 100, 43801
2026/08/28 13:43:09.583, 2, 100, 43801
2026/08/28 13:43:09.583, 3, 100, 43801
2026/08/28 13:43:10.083, 0, 100, 43817
2026/08/28 13:43:10.083, 1, 100, 43801
2026/08/28 13:43:10.083, 2, 100, 43801
2026/08/28 13:43:10.083, 3, 100, 43801
2026/08/28 13:43:10.583, 0, 100, 43817
2026/08/28 13:43:10.583, 1, 100, 43801
2026/08/28 13:43:10.583, 2, 100, 43801
2026/08/28 13:43:10.583, 3, 100, 43801
2026/08/28 13:43:11.083, 0, 100, 43817
2026/08/28 13:43:11.083, 1, 100, 43801
2026/08/28 13:43:11.083, 2, 100, 43801
2026/08/28 13:43:11.083, 3, 100, 43801
2026/08/28 13:43:11.583, 0, 100, 43817
2026/08/28 13:43:11.583, 1, 100, 43801
2026/08/28 13:43:11.583, 2, 100, 43801
2026/08/28 13:43:11.583, 3, 100, 43801
2026/08/28 13:43:12.083, 0, 100, 43817
2026/08/28 13:43:12.083, 1, 100, 43801
2026/08/28 13:43:12.083, 2, 100, 43801
2026/08/28 13:43:12.083, 3, 100, 43801
2026/08/28 13:43:12.584, 0, 100, 43817
2026/08/28 13:43:12.584, 1, 100, 43801
2026/08/28 13:43:12.584, 2, 100, 43801
2026/08/28 13:43:12.584, 3, 95, 43801
2026/08/28 13:43:13.084, 0, 0, 43817
2026/08/28 13:43:13.084, 1, 0, 43801
2026/08/28 13:43:13.084, 2, 0, 43801
2026/08/28 13:43:13.084, 3, 0, 43801
2026/08/28 13:43:13.584, 0, 0, 43817
2026/08/28 13:43:13.584, 1, 0, 43801
2026/08/28 13:43:13.584, 2, 0, 43801
2026/08/28 13:43:13.584, 3, 0, 43801
2026/08/28 13:43:14.084, 0, 0, 43817
2026/08/28 13:43:14.084, 1, 0, 43801
2026/08/28 13:43:14.084, 2, 0, 43801
2026/08/28 13:43:14.084, 3, 0, 43801
2026/08/28 13:43:14.584, 0, 0, 43817
2026/08/28 13:43:14.584, 1, 0, 43801
2026/08/28 13:43:14.584, 2, 0, 43801
2026/08/28 13:43:14.584, 3, 0, 43801
2026/08/28 13:43:15.084, 0, 100, 43817
2026/08/28 13:43:15.084, 1, 100, 43801
2026/08/28 13:43:15.084, 2, 100, 43801
2026/08/28 13:43:15.084, 3, 100, 43801
2026/08/28 13:43:15.585, 0, 100, 43817
2026/08/28 13:43:15.585, 1, 100, 43801
2026/08/28 13:43:15.585, 2, 100, 43801
2026/08/28 13:43:15.585, 3, 100, 43801
2026/08/28 13:43:16.085, 0, 100, 43817
2026/08/28 13:43:16.085, 1, 100, 43801
2026/08/28 13:43:16.085, 2, 100, 43801
2026/08/28 13:43:16.085, 3, 100, 43801
2026/08/28 13:43:16.585, 0, 100, 43817
2026/08/28 13:43:16.585, 1, 100, 43801
2026/08/28 13:43:16.585, 2, 100, 43801
2026/08/28 13:43:16.585, 3, 100, 43801
2026/08/28 13:43:17.085, 0, 100, 43817
2026/08/28 13:43:17.085, 1, 100, 43801
2026/08/28 13:43:17.085, 2, 100, 43801
2026/08/28 13:43:17.085, 3, 100, 43801
2026/08/28 13:43:17.585, 0, 100, 43817
2026/08/28 13:43:17.585, 1, 100, 43801
2026/08/28 13:43:17.585, 2, 100, 43801
2026/08/28 13:43:17.585, 3, 100, 43801
2026/08/28 13:43:18.085, 0, 100, 43817
2026/08/28 13:43:18.085, 1, 100, 43801
2026/08/28 13:43:18.085, 2, 100, 43801
2026/08/28 13:43:18.085, 3, 100, 43801
2026/08/28 13:43:18.585, 0, 100, 43817
2026/08/28 13:43:18.585, 1, 100, 43801
2026/08/28 13:43:18.585, 2, 100, 43801
2026/08/28 13:43:18.585, 3, 100, 43801
2026/08/28 13:43:19.086, 0, 100, 43817
2026/08/28 13:43:19.086, 1, 100, 43801
2026/08/28 13:43:19.086, 2, 100, 43801
2026/08/28 13:43:19.086, 3, 100, 43801
2026/08/28 13:43:19.586, 0, 100, 43817
2026/08/28 13:43:19.586, 1, 100, 43801
2026/08/28 13:43:19.586, 2, 100, 43801
2026/08/28 13:43:19.586, 3, 100, 43801
2026/08/28 13:43:20.086, 0, 100, 43817
2026/08/28 13:43:20.086, 1, 100, 43801
2026/08/28 13:43:20.086, 2, 100, 43801
2026/08/28 13:43:20.086, 3, 100, 43801
2026/08/28 13:43:20.586, 0, 100, 43817
2026/08/28 13:43:20.586, 1, 100, 43801
2026/08/28 13:43:20.586, 2, 100, 43801
2026/08/28 13:43:20.586, 3, 100, 43801
2026/08/28 13:43:21.086, 0, 100, 43817
2026/08/28 13:43:21.086, 1, 100, 43801
2026/08/28 13:43:21.086, 2, 100, 43801
2026/08/28 13:43:21.086, 3, 100, 43801
2026/08/28 13:43:21.586, 0, 100, 43817
2026/08/28 13:43:21.586, 1, 100, 43801
2026/08/28 13:43:21.586, 2, 100, 43801
2026/08/28 13:43:21.586, 3, 100, 43801
2026/08/28 13:43:22.086, 0, 100, 43817
2026/08/28 13:43:22.086, 1, 100, 43801
2026/08/28 13:43:22.086, 2, 100, 43801
2026/08/28 13:43:22.086, 3, 100, 43801
2026/08/28 13:43:22.587, 0, 100, 43817
2026/08/28 13:43:22.587, 1, 100, 43801
2026/08/28 13:43:22.587, 2, 100, 43801
2026/08/28 13:43:22.587, 3, 100, 43801
2026/08/28 13:43:23.087, 0, 100, 43817
2026/08/28 13:43:23.087, 1, 100, 43801
2026/08/28 13:43:23.087, 2, 100, 43801
2026/08/28 13:43:23.087, 3, 100, 43801
2026/08/28 13:43:23.587, 0, 100, 43817
2026/08/28 13:43:23.587, 1, 100, 43801
2026/08/28 13:43:23.587, 2, 100, 43801
2026/08/28 13:43:23.587, 3, 100, 43801
2026/08/28 13:43:24.087, 0, 99, 43817
2026/08/28 13:43:24.087, 1, 99, 43801
2026/08/28 13:43:24.087, 2, 99, 43801
2026/08/28 13:43:24.087, 3, 99, 43801
2026/08/28 13:43:24.587, 0, 100, 43817
2026/08/28 13:43:24.587, 1, 100, 43801
2026/08/28 13:43:24.587, 2, 100, 43801
2026/08/28 13:43:24.587, 3, 100, 43801
2026/08/28 13:43:25.087, 0, 100, 43817
2026/08/28 13:43:25.087, 1, 100, 43801
2026/08/28 13:43:25.087, 2, 100, 43801
2026/08/28 13:43:25.087, 3, 100, 43801
2026/08/28 13:43:25.587, 0, 100, 43817
2026/08/28 13:43:25.587, 1, 100, 43801
2026/08/28 13:43:25.587, 2, 100, 43801
2026/08/28 13:43:25.587, 3, 100, 43801
2026/08/28 13:43:26.087, 0, 100, 43817
2026/08/28 13:43:26.088, 1, 100, 43801
2026/08/28 13:43:26.088, 2, 100, 43801
2026/08/28 13:43:26.088, 3, 100, 43801
2026/08/28 13:43:26.588, 0, 100, 43817
2026/08/28 13:43:26.588, 1, 100, 43801
2026/08/28 13:43:26.588, 2, 100, 43801
2026/08/28 13:43:26.588, 3, 100, 43801
2026/08/28 13:43:27.088, 0, 100, 43817
2026/08/28 13:43:27.088, 1, 100, 43801
2026/08/28 13:43:27.088, 2, 100, 43801
2026/08/28 13:43:27.088, 3, 100, 43801
2026/08/28 13:43:27.588, 0, 100, 43817
2026/08/28 13:43:27.588, 1, 100, 43801
2026/08/28 13:43:27.588, 2, 100, 43801
2026/08/28 13:43:27.588, 3, 100, 43801
2026/08/28 13:43:28.088, 0, 100, 43817
2026/08/28 13:43:28.088, 1, 100, 43801
2026/08/28 13:43:28.088, 2, 100, 43801
2026/08/28 13:43:28.088, 3, 100, 43801
2026/08/28 13:43:28.588, 0, 100, 43817
2026/08/28 13:43:28.588, 1, 82, 43801
2026/08/28 13:43:28.588, 2, 100, 43801
2026/08/28 13:43:28.588, 3, 100, 43801
2026/08/28 13:43:29.088, 0, 100, 43817
2026/08/28 13:43:29.088, 1, 100, 43801
2026/08/28 13:43:29.088, 2, 100, 43801
2026/08/28 13:43:29.088, 3, 100, 43801
2026/08/28 13:43:29.588, 0, 100, 43817
2026/08/28 13:43:29.588, 1, 100, 43801
2026/08/28 13:43:29.588, 2, 100, 43801
2026/08/28 13:43:29.588, 3, 100, 43801
2026/08/28 13:43:30.089, 0, 100, 43817
2026/08/28 13:43:30.089, 1, 100, 43801
2026/08/28 13:43:30.089, 2, 100, 43801
2026/08/28 13:43:30.089, 3, 100, 43801
2026/08/28 13:43:30.589, 0, 100, 43817
2026/08/28 13:43:30.589, 1, 100, 43801
2026/08/28 13:43:30.589, 2, 100, 43801
2026/08/28 13:43:30.589, 3, 100, 43801
2026/08/28 13:43:31.089, 0, 100, 43817
2026/08/28 13:43:31.089, 1, 100, 43801
2026/08/28 13:43:31.089, 2, 100, 43801
2026/08/28 13:43:31.089, 3, 100, 43801
2026/08/28 13:43:31.589, 0, 100, 43817
2026/08/28 13:43:31.589, 1, 100, 43801
2026/08/28 13:43:31.589, 2, 100, 43801
2026/08/28 13:43:31.589, 3, 100, 43801
2026/08/28 13:43:32.089, 0, 100, 43817
2026/08/28 13:43:32.089, 1, 100, 43801
2026/08/28 13:43:32.089, 2, 100, 43801
2026/08/28 13:43:32.089, 3, 100, 43801
2026/08/28 13:43:32.589, 0, 100, 43817
2026/08/28 13:43:32.589, 1, 100, 43801
2026/08/28 13:43:32.589, 2, 100, 43801
2026/08/28 13:43:32.589, 3, 100, 43801
2026/08/28 13:43:33.089, 0, 0, 43817
2026/08/28 13:43:33.089, 1, 0, 43801
2026/08/28 13:43:33.089, 2, 0, 43801
2026/08/28 13:43:33.089, 3, 0, 43801
2026/08/28 13:43:33.589, 0, 0, 43817
2026/08/28 13:43:33.590, 1, 0, 43801
2026/08/28 13:43:33.590, 2, 0, 43801
2026/08/28 13:43:33.590, 3, 0, 43801
2026/08/28 13:43:34.090, 0, 0, 43817
2026/08/28 13:43:34.090, 1, 0, 43801
2026/08/28 13:43:34.090, 2, 0, 43801
2026/08/28 13:43:34.090, 3, 0, 43801
2026/08/28 13:43:34.590, 0, 0, 43817
2026/08/28 13:43:34.590, 1, 0, 43801
2026/08/28 13:43:34.590, 2, 0, 43801
2026/08/28 13:43:34.590, 3, 0, 43801
2026/08/28 13:43:35.090, 0, 78, 43817
2026/08/28 13:43:35.090, 1, 78, 43801
2026/08/28 13:43:35.090, 2, 82, 43801
2026/08/28 13:43:35.090, 3, 88, 43801
2026/08/28 13:43:35.590, 0, 100, 43817
2026/08/28 13:43:35.590, 1, 100, 43801
2026/08/28 13:43:35.590, 2, 100, 43801
2026/08/28 13:43:35.590, 3, 100, 43801
2026/08/28 13:43:36.090, 0, 100, 43817
2026/08/28 13:43:36.090, 1, 100, 43801
2026/08/28 13:43:36.090, 2, 100, 43801
2026/08/28 13:43:36.090, 3, 100, 43801
2026/08/28 13:43:36.590, 0, 100, 43817
2026/08/28 13:43:36.590, 1, 100, 43801
2026/08/28 13:43:36.590, 2, 100, 43801
2026/08/28 13:43:36.590, 3, 100, 43801
2026/08/28 13:43:37.090, 0, 100, 43817
2026/08/28 13:43:37.091, 1, 100, 43801
2026/08/28 13:43:37.091, 2, 100, 43801
2026/08/28 13:43:37.091, 3, 100, 43801
2026/08/28 13:43:37.591, 0, 100, 43817
2026/08/28 13:43:37.591, 1, 100, 43801
2026/08/28 13:43:37.591, 2, 100, 43801
2026/08/28 13:43:37.591, 3, 100, 43801
2026/08/28 13:43:38.091, 0, 100, 43817
2026/08/28 13:43:38.091, 1, 100, 43801
2026/08/28 13:43:38.091, 2, 100, 43801
2026/08/28 13:43:38.091, 3, 100, 43801
2026/08/28 13:43:38.591, 0, 100, 43817
2026/08/28 13:43:38.591, 1, 100, 43801
2026/08/28 13:43:38.591, 2, 100, 43801
2026/08/28 13:43:38.591, 3, 100, 43801
2026/08/28 13:43:39.091, 0, 100, 43817
2026/08/28 13:43:39.091, 1, 100, 43801
2026/08/28 13:43:39.091, 2, 100, 43801
2026/08/28 13:43:39.091, 3, 100, 43801
2026/08/28 13:43:39.591, 0, 100, 43817
2026/08/28 13:43:39.591, 1, 100, 43801
2026/08/28 13:43:39.591, 2, 100, 43801
2026/08/28 13:43:39.591, 3, 81, 43801
2026/08/28 13:43:40.091, 0, 100, 43817
2026/08/28 13:43:40.091, 1, 100, 43801
2026/08/28 13:43:40.091, 2, 100, 43801
2026/08/28 13:43:40.092, 3, 100, 43801
2026/08/28 13:43:40.592, 0, 100, 43817
2026/08/28 13:43:40.592, 1, 100, 43801
2026/08/28 13:43:40.592, 2, 100, 43801
2026/08/28 13:43:40.592, 3, 100, 43801
2026/08/28 13:43:41.092, 0, 100, 43817
2026/08/28 13:43:41.092, 1, 100, 43801
2026/08/28 13:43:41.092, 2, 100, 43801
2026/08/28 13:43:41.092, 3, 100, 43801
2026/08/28 13:43:41.592, 0, 100, 43817
2026/08/28 13:43:41.592, 1, 100, 43801
2026/08/28 13:43:41.592, 2, 100, 43801
2026/08/28 13:43:41.592, 3, 100, 43801
2026/08/28 13:43:42.092, 0, 100, 43817
2026/08/28 13:43:42.092, 1, 100, 43801
2026/08/28 13:43:42.092, 2, 100, 43801
2026/08/28 13:43:42.092, 3, 100, 43801
2026/08/28 13:43:42.592, 0, 100, 43817
2026/08/28 13:43:42.592, 1, 100, 43801
2026/08/28 13:43:42.592, 2, 100, 43801
2026/08/28 13:43:42.592, 3, 100, 43801
2026/08/28 13:43:43.092, 0, 100, 43817
2026/08/28 13:43:43.092, 1, 100, 43801
2026/08/28 13:43:43.092, 2, 100, 43801
2026/08/28 13:43:43.092, 3, 100, 43801
2026/08/28 13:43:43.592, 0, 100, 43817
2026/08/28 13:43:43.592, 1, 100, 43801
2026/08/28 13:43:43.592, 2, 100, 43801
2026/08/28 13:43:43.592, 3, 100, 43801
2026/08/28 13:43:44.092, 0, 100, 43817
2026/08/28 13:43:44.093, 1, 100, 43801
2026/08/28 13:43:44.093, 2, 100, 43801
2026/08/28 13:43:44.093, 3, 77, 43801
2026/08/28 13:43:44.593, 0, 99, 43817
2026/08/28 13:43:44.593, 1, 100, 43801
2026/08/28 13:43:44.593, 2, 99, 43801
2026/08/28 13:43:44.593, 3, 100, 43801
2026/08/28 13:43:45.093, 0, 100, 43817
2026/08/28 13:43:45.093, 1, 100, 43801
2026/08/28 13:43:45.093, 2, 100, 43801
2026/08/28 13:43:45.093, 3, 100, 43801
2026/08/28 13:43:45.593, 0, 100, 43817
2026/08/28 13:43:45.593, 1, 100, 43801
2026/08/28 13:43:45.593, 2, 100, 43801
2026/08/28 13:43:45.593, 3, 100, 43801
2026/08/28 13:43:46.093, 0, 100, 43817
2026/08/28 13:43:46.093, 1, 100, 43801
2026/08/28 13:43:46.093, 2, 100, 43801
2026/08/28 13:43:46.093, 3, 100, 43801
2026/08/28 13:43:46.593, 0, 100, 43817
2026/08/28 13:43:46.593, 1, 100, 43801
2026/08/28 13:43:46.593, 2, 100, 43801
2026/08/28 13:43:46.593, 3, 100, 43801
2026/08/28 13:43:47.093, 0, 100, 43817
2026/08/28 13:43:47.093, 1, 100, 43801
2026/08/28 13:43:47.093, 2, 100, 43801
2026/08/28 13:43:47.093, 3, 100, 43801
2026/08/28 13:43:47.593, 0, 100, 43817
2026/08/28 13:43:47.593, 1, 100, 43801
2026/08/28 13:43:47.593, 2, 100, 43801
2026/08/28 13:43:47.594, 3, 100, 43801
2026/08/28 13:43:48.094, 0, 100, 43817
2026/08/28 13:43:48.094, 1, 100, 43801
2026/08/28 13:43:48.094, 2, 100, 43801
2026/08/28 13:43:48.094, 3, 100, 43801
2026/08/28 13:43:48.594, 0, 100, 43817
2026/08/28 13:43:48.594, 1, 100, 43801
2026/08/28 13:43:48.594, 2, 100, 43801
2026/08/28 13:43:48.594, 3, 100, 43801
2026/08/28 13:43:49.094, 0, 99, 43817
2026/08/28 13:43:49.094, 1, 99, 43801
2026/08/28 13:43:49.094, 2, 100, 43801
2026/08/28 13:43:49.094, 3, 100, 43801
2026/08/28 13:43:49.594, 0, 100, 43817
2026/08/28 13:43:49.594, 1, 100, 43801
2026/08/28 13:43:49.594, 2, 100, 43801
2026/08/28 13:43:49.594, 3, 100, 43801
2026/08/28 13:43:50.094, 0, 100, 43817
2026/08/28 13:43:50.094, 1, 100, 43801
2026/08/28 13:43:50.094, 2, 100, 43801
2026/08/28 13:43:50.094, 3, 100, 43801
2026/08/28 13:43:50.594, 0, 100, 43817
2026/08/28 13:43:50.594, 1, 100, 43801
2026/08/28 13:43:50.594, 2, 100, 43801
2026/08/28 13:43:50.594, 3, 100, 43801
2026/08/28 13:43:51.094, 0, 100, 43817
2026/08/28 13:43:51.094, 1, 100, 43801
2026/08/28 13:43:51.094, 2, 100, 43801
2026/08/28 13:43:51.094, 3, 100, 43801
2026/08/28 13:43:51.595, 0, 100, 43817
2026/08/28 13:43:51.595, 1, 100, 43801
2026/08/28 13:43:51.595, 2, 100, 43801
2026/08/28 13:43:51.595, 3, 100, 43801
2026/08/28 13:43:52.095, 0, 100, 43817
2026/08/28 13:43:52.095, 1, 100, 43801
2026/08/28 13:43:52.095, 2, 100, 43801
2026/08/28 13:43:52.095, 3, 100, 43801
2026/08/28 13:43:52.595, 0, 100, 43817
2026/08/28 13:43:52.595, 1, 100, 43801
2026/08/28 13:43:52.595, 2, 100, 43801
2026/08/28 13:43:52.595, 3, 100, 43801
2026/08/28 13:43:53.095, 0, 100, 43817
2026/08/28 13:43:53.095, 1, 100, 43801
2026/08/28 13:43:53.095, 2, 100, 43801
2026/08/28 13:43:53.095, 3, 100, 43801
2026/08/28 13:43:53.595, 0, 0, 43817
2026/08/28 13:43:53.595, 1, 0, 43801
2026/08/28 13:43:53.595, 2, 0, 43801
2026/08/28 13:43:53.595, 3, 0, 43801
2026/08/28 13:43:54.095, 0, 0, 43817
2026/08/28 13:43:54.095, 1, 0, 43801
2026/08/28 13:43:54.095, 2, 0, 43801
2026/08/28 13:43:54.095, 3, 0, 43801
2026/08/28 13:43:54.595, 0, 0, 43817
2026/08/28 13:43:54.595, 1, 0, 43801
2026/08/28 13:43:54.595, 2, 0, 43801
2026/08/28 13:43:54.596, 3, 0, 43801
2026/08/28 13:43:55.096, 0, 0, 43817
2026/08/28 13:43:55.096, 1, 0, 43801
2026/08/28 13:43:55.096, 2, 0, 43801
2026/08/28 13:43:55.096, 3, 0, 43801
2026/08/28 13:43:55.596, 0, 100, 43817
2026/08/28 13:43:55.596, 1, 96, 43801
2026/08/28 13:43:55.596, 2, 100, 43801
2026/08/28 13:43:55.596, 3, 100, 43801
2026/08/28 13:43:56.096, 0, 100, 43817
2026/08/28 13:43:56.096, 1, 100, 43801
2026/08/28 13:43:56.096, 2, 100, 43801
2026/08/28 13:43:56.096, 3, 100, 43801
2026/08/28 13:43:56.596, 0, 100, 43817
2026/08/28 13:43:56.596, 1, 100, 43801
2026/08/28 13:43:56.596, 2, 100, 43801
2026/08/28 13:43:56.596, 3, 100, 43801
2026/08/28 13:43:57.096, 0, 100, 43817
2026/08/28 13:43:57.096, 1, 100, 43801
2026/08/28 13:43:57.096, 2, 100, 43801
2026/08/28 13:43:57.096, 3, 100, 43801
2026/08/28 13:43:57.596, 0, 100, 43817
2026/08/28 13:43:57.596, 1, 100, 43801
2026/08/28 13:43:57.596, 2, 100, 43801
2026/08/28 13:43:57.596, 3, 100, 43801
2026/08/28 13:43:58.096, 0, 100, 43817
2026/08/28 13:43:58.096, 1, 100, 43801
2026/08/28 13:43:58.096, 2, 100, 43801
2026/08/28 13:43:58.096, 3, 100, 43801
2026/08/28 13:43:58.597, 0, 100, 43817
2026/08/28 13:43:58.597, 1, 100, 43801
2026/08/28 13:43:58.597, 2, 100, 43801
2026/08/28 13:43:58.597, 3, 100, 43801
2026/08/28 13:43:59.097, 0, 100, 43817
2026/08/28 13:43:59.097, 1, 100, 43801
2026/08/28 13:43:59.097, 2, 100, 43801
2026/08/28 13:43:59.097, 3, 100, 43801
2026/08/28 13:43:59.597, 0, 100, 43817
2026/08/28 13:43:59.597, 1, 100, 43801
2026/08/28 13:43:59.597, 2, 100, 43801
2026/08/28 13:43:59.597, 3, 100, 43801
2026/08/28 13:44:00.097, 0, 100, 43817
2026/08/28 13:44:00.097, 1, 100, 43801
2026/08/28 13:44:00.097, 2, 100, 43801
2026/08/28 13:44:00.097, 3, 100, 43801
2026/08/28 13:44:00.597, 0, 100, 43817
2026/08/28 13:44:00.597, 1, 100, 43801
2026/08/28 13:44:00.597, 2, 100, 43801
2026/08/28 13:44:00.597, 3, 100, 43801
2026/08/28 13:44:01.097, 0, 100, 43817
2026/08/28 13:44:01.097, 1, 100, 43801
2026/08/28 13:44:01.097, 2, 100, 43801
2026/08/28 13:44:01.097, 3, 100, 43801
2026/08/28 13:44:01.597, 0, 100, 43817
2026/08/28 13:44:01.597, 1, 100, 43801
2026/08/28 13:44:01.597, 2, 100, 43801
2026/08/28 13:44:01.597, 3, 100, 43801
2026/08/28 13:44:02.098, 0, 100, 43817
2026/08/28 13:44:02.098, 1, 100, 43801
2026/08/28 13:44:02.098, 2, 100, 43801
2026/08/28 13:44:02.098, 3, 100, 43801
2026/08/28 13:44:02.598, 0, 100, 43817
2026/08/28 13:44:02.598, 1, 100, 43801
2026/08/28 13:44:02.598, 2, 100, 43801
2026/08/28 13:44:02.598, 3, 100, 43801
2026/08/28 13:44:03.098, 0, 100, 43817
2026/08/28 13:44:03.098, 1, 100, 43801
2026/08/28 13:44:03.098, 2, 100, 43801
2026/08/28 13:44:03.098, 3, 100, 43801
2026/08/28 13:44:03.598, 0, 100, 43817
2026/08/28 13:44:03.598, 1, 100, 43801
2026/08/28 13:44:03.598, 2, 100, 43801
2026/08/28 13:44:03.598, 3, 100, 43801
2026/08/28 13:44:04.098, 0, 100, 43817
2026/08/28 13:44:04.098, 1, 100, 43801
2026/08/28 13:44:04.098, 2, 100, 43801
2026/08/28 13:44:04.098, 3, 100, 43801
2026/08/28 13:44:04.598, 0, 100, 43817
2026/08/28 13:44:04.598, 1, 100, 43801
2026/08/28 13:44:04.598, 2, 80, 43801
2026/08/28 13:44:04.598, 3, 97, 43801
2026/08/28 13:44:05.098, 0, 100, 43817
2026/08/28 13:44:05.098, 1, 100, 43801
2026/08/28 13:44:05.098, 2, 100, 43801
2026/08/28 13:44:05.098, 3, 100, 43801
2026/08/28 13:44:05.598, 0, 100, 43817
2026/08/28 13:44:05.599, 1, 100, 43801
2026/08/28 13:44:05.599, 2, 100, 43801
2026/08/28 13:44:05.599, 3, 100, 43801
2026/08/28 13:44:06.099, 0, 100, 43817
2026/08/28 13:44:06.099, 1, 100, 43801
2026/08/28 13:44:06.099, 2, 100, 43801
2026/08/28 13:44:06.099, 3, 100, 43801
2026/08/28 13:44:06.599, 0, 100, 43817
2026/08/28 13:44:06.599, 1, 100, 43801
2026/08/28 13:44:06.599, 2, 100, 43801
2026/08/28 13:44:06.599, 3, 100, 43801
2026/08/28 13:44:07.099, 0, 100, 43817
2026/08/28 13:44:07.099, 1, 100, 43801
2026/08/28 13:44:07.099, 2, 100, 43801
2026/08/28 13:44:07.099, 3, 100, 43801
2026/08/28 13:44:07.599, 0, 100, 43817
2026/08/28 13:44:07.599, 1, 100, 43801
2026/08/28 13:44:07.599, 2, 100, 43801
2026/08/28 13:44:07.599, 3, 100, 43801
2026/08/28 13:44:08.099, 0, 100, 43817
2026/08/28 13:44:08.099, 1, 100, 43801
2026/08/28 13:44:08.099, 2, 100, 43801
2026/08/28 13:44:08.099, 3, 100, 43801
2026/08/28 13:44:08.599, 0, 100, 43817
2026/08/28 13:44:08.599, 1, 100, 43801
2026/08/28 13:44:08.599, 2, 100, 43801
2026/08/28 13:44:08.599, 3, 100, 43801
2026/08/28 13:44:09.099, 0, 80, 43817
2026/08/28 13:44:09.100, 1, 80, 43801
2026/08/28 13:44:09.100, 2, 100, 43801
2026/08/28 13:44:09.100, 3, 100, 43801
2026/08/28 13:44:09.600, 0, 100, 43817
2026/08/28 13:44:09.600, 1, 100, 43801
2026/08/28 13:44:09.600, 2, 100, 43801
2026/08/28 13:44:09.600, 3, 100, 43801
2026/08/28 13:44:10.100, 0, 100, 43817
2026/08/28 13:44:10.100, 1, 100, 43801
2026/08/28 13:44:10.100, 2, 100, 43801
2026/08/28 13:44:10.100, 3, 100, 43801
2026/08/28 13:44:10.600, 0, 100, 43817
2026/08/28 13:44:10.600, 1, 100, 43801
2026/08/28 13:44:10.600, 2, 100, 43801
2026/08/28 13:44:10.600, 3, 100, 43801
2026/08/28 13:44:11.100, 0, 100, 43817
2026/08/28 13:44:11.100, 1, 100, 43801
2026/08/28 13:44:11.100, 2, 100, 43801
2026/08/28 13:44:11.100, 3, 100, 43801
2026/08/28 13:44:11.600, 0, 100, 43817
2026/08/28 13:44:11.600, 1, 100, 43801
2026/08/28 13:44:11.600, 2, 100, 43801
2026/08/28 13:44:11.600, 3, 100, 43801
2026/08/28 13:44:12.100, 0, 100, 43817
2026/08/28 13:44:12.100, 1, 100, 43801
2026/08/28 13:44:12.100, 2, 100, 43801
2026/08/28 13:44:12.100, 3, 100, 43801
2026/08/28 13:44:12.601, 0, 100, 43817
2026/08/28 13:44:12.601, 1, 100, 43801
2026/08/28 13:44:12.601, 2, 100, 43801
2026/08/28 13:44:12.601, 3, 100, 43801
2026/08/28 13:44:13.101, 0, 100, 43817
2026/08/28 13:44:13.101, 1, 100, 43801
2026/08/28 13:44:13.101, 2, 100, 43801
2026/08/28 13:44:13.101, 3, 100, 43801
2026/08/28 13:44:13.601, 0, 100, 43817
2026/08/28 13:44:13.601, 1, 100, 43801
2026/08/28 13:44:13.601, 2, 100, 43801
2026/08/28 13:44:13.601, 3, 100, 43801
2026/08/28 13:44:14.101, 0, 0, 43817
2026/08/28 13:44:14.101, 1, 0, 43801
2026/08/28 13:44:14.101, 2, 0, 43801
2026/08/28 13:44:14.101, 3, 0, 43801
2026/08/28 13:44:14.601, 0, 0, 43817
2026/08/28 13:44:14.601, 1, 0, 43801
2026/08/28 13:44:14.601, 2, 0, 43801
2026/08/28 13:44:14.601, 3, 0, 43801
2026/08/28 13:44:15.101, 0, 0, 43817
2026/08/28 13:44:15.101, 1, 0, 43801
2026/08/28 13:44:15.101, 2, 0, 43801
2026/08/28 13:44:15.101, 3, 0, 43801
2026/08/28 13:44:15.602, 0, 0, 43817
2026/08/28 13:44:15.602, 1, 0, 43801
2026/08/28 13:44:15.602, 2, 0, 43801
2026/08/28 13:44:15.602, 3, 0, 43801
2026/08/28 13:44:16.102, 0, 100, 43817
2026/08/28 13:44:16.102, 1, 100, 43801
2026/08/28 13:44:16.102, 2, 100, 43801
2026/08/28 13:44:16.102, 3, 100, 43801
2026/08/28 13:44:16.602, 0, 100, 43817
2026/08/28 13:44:16.602, 1, 100, 43801
2026/08/28 13:44:16.602, 2, 100, 43801
2026/08/28 13:44:16.602, 3, 100, 43801
2026/08/28 13:44:17.102, 0, 100, 43817
2026/08/28 13:44:17.102, 1, 100, 43801
2026/08/28 13:44:17.102, 2, 100, 43801
2026/08/28 13:44:17.102, 3, 100, 43801
2026/08/28 13:44:17.602, 0, 100, 43817
2026/08/28 13:44:17.602, 1, 100, 43801
2026/08/28 13:44:17.602, 2, 100, 43801
2026/08/28 13:44:17.602, 3, 100, 43801
2026/08/28 13:44:18.102, 0, 100, 43817
2026/08/28 13:44:18.102, 1, 100, 43801
2026/08/28 13:44:18.102, 2, 100, 43801
2026/08/28 13:44:18.102, 3, 100, 43801
2026/08/28 13:44:18.602, 0, 100, 43817
2026/08/28 13:44:18.603, 1, 100, 43801
2026/08/28 13:44:18.603, 2, 100, 43801
2026/08/28 13:44:18.603, 3, 100, 43801
2026/08/28 13:44:19.103, 0, 100, 43817
2026/08/28 13:44:19.103, 1, 100, 43801
2026/08/28 13:44:19.103, 2, 100, 43801
2026/08/28 13:44:19.103, 3, 100, 43801
2026/08/28 13:44:19.603, 0, 100, 43817
2026/08/28 13:44:19.603, 1, 100, 43801
2026/08/28 13:44:19.603, 2, 100, 43801
2026/08/28 13:44:19.603, 3, 100, 43801
2026/08/28 13:44:20.103, 0, 100, 43817
2026/08/28 13:44:20.103, 1, 100, 43801
2026/08/28 13:44:20.103, 2, 100, 43801
2026/08/28 13:44:20.103, 3, 100, 43801
2026/08/28 13:44:20.603, 0, 100, 43817
2026/08/28 13:44:20.603, 1, 100, 43801
2026/08/28 13:44:20.603, 2, 100, 43801
2026/08/28 13:44:20.603, 3, 99, 43801
2026/08/28 13:44:21.103, 0, 100, 43817
2026/08/28 13:44:21.103, 1, 100, 43801
2026/08/28 13:44:21.103, 2, 100, 43801
2026/08/28 13:44:21.103, 3, 100, 43801
2026/08/28 13:44:21.603, 0, 100, 43817
2026/08/28 13:44:21.603, 1, 100, 43801
2026/08/28 13:44:21.603, 2, 100, 43801
2026/08/28 13:44:21.603, 3, 100, 43801
2026/08/28 13:44:22.103, 0, 100, 43817
2026/08/28 13:44:22.103, 1, 100, 43801
2026/08/28 13:44:22.103, 2, 100, 43801
2026/08/28 13:44:22.104, 3, 100, 43801
2026/08/28 13:44:22.604, 0, 100, 43817
2026/08/28 13:44:22.604, 1, 100, 43801
2026/08/28 13:44:22.604, 2, 100, 43801
2026/08/28 13:44:22.604, 3, 100, 43801
2026/08/28 13:44:23.104, 0, 100, 43817
2026/08/28 13:44:23.104, 1, 100, 43801
2026/08/28 13:44:23.104, 2, 100, 43801
2026/08/28 13:44:23.104, 3, 100, 43801
2026/08/28 13:44:23.604, 0, 100, 43817
2026/08/28 13:44:23.604, 1, 100, 43801
2026/08/28 13:44:23.604, 2, 100, 43801
2026/08/28 13:44:23.604, 3, 100, 43801
2026/08/28 13:44:24.104, 0, 100, 43817
2026/08/28 13:44:24.104, 1, 100, 43801
2026/08/28 13:44:24.104, 2, 100, 43801
2026/08/28 13:44:24.104, 3, 100, 43801
2026/08/28 13:44:24.604, 0, 100, 43817
2026/08/28 13:44:24.604, 1, 100, 43801
2026/08/28 13:44:24.604, 2, 100, 43801
2026/08/28 13:44:24.604, 3, 100, 43801
2026/08/28 13:44:25.104, 0, 100, 43817
2026/08/28 13:44:25.104, 1, 100, 43801
2026/08/28 13:44:25.104, 2, 100, 43801
2026/08/28 13:44:25.104, 3, 99, 43801
2026/08/28 13:44:25.604, 0, 100, 43817
2026/08/28 13:44:25.604, 1, 100, 43801
2026/08/28 13:44:25.604, 2, 100, 43801
2026/08/28 13:44:25.604, 3, 100, 43801
2026/08/28 13:44:26.105, 0, 100, 43817
2026/08/28 13:44:26.105, 1, 100, 43801
2026/08/28 13:44:26.105, 2, 100, 43801
2026/08/28 13:44:26.105, 3, 100, 43801
2026/08/28 13:44:26.605, 0, 100, 43817
2026/08/28 13:44:26.605, 1, 100, 43801
2026/08/28 13:44:26.605, 2, 100, 43801
2026/08/28 13:44:26.605, 3, 100, 43801
2026/08/28 13:44:27.105, 0, 100, 43817
2026/08/28 13:44:27.105, 1, 100, 43801
2026/08/28 13:44:27.105, 2, 100, 43801
2026/08/28 13:44:27.105, 3, 100, 43801
2026/08/28 13:44:27.605, 0, 100, 43817
2026/08/28 13:44:27.605, 1, 100, 43801
2026/08/28 13:44:27.605, 2, 100, 43801
2026/08/28 13:44:27.605, 3, 100, 43801
2026/08/28 13:44:28.105, 0, 100, 43817
2026/08/28 13:44:28.105, 1, 100, 43801
2026/08/28 13:44:28.105, 2, 100, 43801
2026/08/28 13:44:28.105, 3, 100, 43801
2026/08/28 13:44:28.605, 0, 100, 43817
2026/08/28 13:44:28.605, 1, 100, 43801
2026/08/28 13:44:28.605, 2, 100, 43801
2026/08/28 13:44:28.605, 3, 100, 43801
2026/08/28 13:44:29.105, 0, 100, 43817
2026/08/28 13:44:29.105, 1, 100, 43801
2026/08/28 13:44:29.105, 2, 100, 43801
2026/08/28 13:44:29.105, 3, 100, 43801
2026/08/28 13:44:29.605, 0, 73, 43817
2026/08/28 13:44:29.605, 1, 72, 43801
2026/08/28 13:44:29.605, 2, 73, 43801
2026/08/28 13:44:29.605, 3, 74, 43801
2026/08/28 13:44:30.106, 0, 100, 43817
2026/08/28 13:44:30.106, 1, 100, 43801
2026/08/28 13:44:30.106, 2, 100, 43801
2026/08/28 13:44:30.106, 3, 100, 43801
2026/08/28 13:44:30.606, 0, 100, 43817
2026/08/28 13:44:30.606, 1, 100, 43801
2026/08/28 13:44:30.606, 2, 100, 43801
2026/08/28 13:44:30.606, 3, 100, 43801
2026/08/28 13:44:31.106, 0, 100, 43817
2026/08/28 13:44:31.106, 1, 100, 43801
2026/08/28 13:44:31.106, 2, 100, 43801
2026/08/28 13:44:31.106, 3, 100, 43801
2026/08/28 13:44:31.606, 0, 100, 43817
2026/08/28 13:44:31.606, 1, 100, 43801
2026/08/28 13:44:31.606, 2, 100, 43801
2026/08/28 13:44:31.606, 3, 100, 43801
2026/08/28 13:44:32.106, 0, 100, 43817
2026/08/28 13:44:32.106, 1, 100, 43801
2026/08/28 13:44:32.106, 2, 100, 43801
2026/08/28 13:44:32.106, 3, 100, 43801
2026/08/28 13:44:32.606, 0, 100, 43817
2026/08/28 13:44:32.606, 1, 100, 43801
2026/08/28 13:44:32.606, 2, 100, 43801
2026/08/28 13:44:32.606, 3, 100, 43801
2026/08/28 13:44:33.106, 0, 100, 43817
2026/08/28 13:44:33.106, 1, 100, 43801
2026/08/28 13:44:33.106, 2, 100, 43801
2026/08/28 13:44:33.106, 3, 100, 43801
2026/08/28 13:44:33.606, 0, 100, 43817
2026/08/28 13:44:33.606, 1, 100, 43801
2026/08/28 13:44:33.606, 2, 100, 43801
2026/08/28 13:44:33.606, 3, 100, 43801
2026/08/28 13:44:34.107, 0, 3, 43817
2026/08/28 13:44:34.107, 1, 28, 43801
2026/08/28 13:44:34.107, 2, 0, 43801
2026/08/28 13:44:34.107, 3, 0, 43801
2026/08/28 13:44:34.607, 0, 0, 43817
2026/08/28 13:44:34.607, 1, 0, 43801
2026/08/28 13:44:34.607, 2, 0, 43801
2026/08/28 13:44:34.607, 3, 0, 43801
2026/08/28 13:44:35.107, 0, 0, 43817
2026/08/28 13:44:35.107, 1, 0, 43801
2026/08/28 13:44:35.107, 2, 0, 43801
2026/08/28 13:44:35.107, 3, 0, 43801
2026/08/28 13:44:35.607, 0, 0, 43817
2026/08/28 13:44:35.607, 1, 0, 43801
2026/08/28 13:44:35.607, 2, 0, 43801
2026/08/28 13:44:35.607, 3, 0, 43801
2026/08/28 13:44:36.107, 0, 0, 43817
2026/08/28 13:44:36.107, 1, 0, 43801
2026/08/28 13:44:36.107, 2, 0, 43801
2026/08/28 13:44:36.107, 3, 36, 43801
2026/08/28 13:44:36.607, 0, 100, 43817
2026/08/28 13:44:36.608, 1, 100, 43801
2026/08/28 13:44:36.608, 2, 100, 43801
2026/08/28 13:44:36.608, 3, 100, 43801
2026/08/28 13:44:37.108, 0, 100, 43817
2026/08/28 13:44:37.108, 1, 100, 43801
2026/08/28 13:44:37.108, 2, 100, 43801
2026/08/28 13:44:37.108, 3, 100, 43801
2026/08/28 13:44:37.608, 0, 100, 43817
2026/08/28 13:44:37.608, 1, 100, 43801
2026/08/28 13:44:37.608, 2, 100, 43801
2026/08/28 13:44:37.608, 3, 100, 43801
2026/08/28 13:44:38.108, 0, 100, 43817
2026/08/28 13:44:38.108, 1, 100, 43801
2026/08/28 13:44:38.108, 2, 100, 43801
2026/08/28 13:44:38.108, 3, 100, 43801
2026/08/28 13:44:38.608, 0, 100, 43817
2026/08/28 13:44:38.608, 1, 100, 43801
2026/08/28 13:44:38.608, 2, 100, 43801
2026/08/28 13:44:38.608, 3, 100, 43801
2026/08/28 13:44:39.108, 0, 100, 43817
2026/08/28 13:44:39.108, 1, 100, 43801
2026/08/28 13:44:39.108, 2, 100, 43801
2026/08/28 13:44:39.108, 3, 100, 43801
2026/08/28 13:44:39.608, 0, 100, 43817
2026/08/28 13:44:39.608, 1, 100, 43801
2026/08/28 13:44:39.608, 2, 100, 43801
2026/08/28 13:44:39.608, 3, 100, 43801
2026/08/28 13:44:40.108, 0, 100, 43817
2026/08/28 13:44:40.109, 1, 100, 43801
2026/08/28 13:44:40.109, 2, 100, 43801
2026/08/28 13:44:40.109, 3, 100, 43801
2026/08/28 13:44:40.609, 0, 100, 43817
2026/08/28 13:44:40.609, 1, 100, 43801
2026/08/28 13:44:40.609, 2, 100, 43801
2026/08/28 13:44:40.609, 3, 100, 43801
2026/08/28 13:44:41.109, 0, 100, 43817
2026/08/28 13:44:41.109, 1, 100, 43801
2026/08/28 13:44:41.109, 2, 100, 43801
2026/08/28 13:44:41.109, 3, 100, 43801
2026/08/28 13:44:41.609, 0, 100, 43817
2026/08/28 13:44:41.609, 1, 100, 43801
2026/08/28 13:44:41.609, 2, 100, 43801
2026/08/28 13:44:41.609, 3, 100, 43801
2026/08/28 13:44:42.109, 0, 100, 43817
2026/08/28 13:44:42.109, 1, 100, 43801
2026/08/28 13:44:42.109, 2, 100, 43801
2026/08/28 13:44:42.109, 3, 100, 43801
2026/08/28 13:44:42.609, 0, 100, 43817
2026/08/28 13:44:42.609, 1, 100, 43801
2026/08/28 13:44:42.609, 2, 100, 43801
2026/08/28 13:44:42.609, 3, 100, 43801
2026/08/28 13:44:43.110, 0, 100, 43817
2026/08/28 13:44:43.110, 1, 100, 43801
2026/08/28 13:44:43.110, 2, 100, 43801
2026/08/28 13:44:43.110, 3, 100, 43801
2026/08/28 13:44:43.610, 0, 100, 43817
2026/08/28 13:44:43.610, 1, 100, 43801
2026/08/28 13:44:43.610, 2, 100, 43801
2026/08/28 13:44:43.610, 3, 100, 43801
2026/08/28 13:44:44.110, 0, 100, 43817
2026/08/28 13:44:44.110, 1, 100, 43801
2026/08/28 13:44:44.110, 2, 100, 43801
2026/08/28 13:44:44.110, 3, 100, 43801
2026/08/28 13:44:44.610, 0, 100, 43817
2026/08/28 13:44:44.610, 1, 100, 43801
2026/08/28 13:44:44.610, 2, 100, 43801
2026/08/28 13:44:44.610, 3, 100, 43801
2026/08/28 13:44:45.110, 0, 100, 43817
2026/08/28 13:44:45.110, 1, 100, 43801
2026/08/28 13:44:45.110, 2, 100, 43801
2026/08/28 13:44:45.110, 3, 100, 43801
2026/08/28 13:44:45.610, 0, 100, 43817
2026/08/28 13:44:45.610, 1, 100, 43801
2026/08/28 13:44:45.610, 2, 100, 43801
2026/08/28 13:44:45.610, 3, 100, 43801
2026/08/28 13:44:46.111, 0, 100, 43817
2026/08/28 13:44:46.111, 1, 100, 43801
2026/08/28 13:44:46.111, 2, 100, 43801
2026/08/28 13:44:46.111, 3, 100, 43801
2026/08/28 13:44:46.611, 0, 100, 43817
2026/08/28 13:44:46.611, 1, 100, 43801
2026/08/28 13:44:46.611, 2, 100, 43801
2026/08/28 13:44:46.611, 3, 100, 43801
2026/08/28 13:44:47.111, 0, 100, 43817
2026/08/28 13:44:47.111, 1, 100, 43801
2026/08/28 13:44:47.111, 2, 100, 43801
2026/08/28 13:44:47.111, 3, 100, 43801
2026/08/28 13:44:47.611, 0, 100, 43817
2026/08/28 13:44:47.611, 1, 100, 43801
2026/08/28 13:44:47.611, 2, 100, 43801
2026/08/28 13:44:47.611, 3, 100, 43801
2026/08/28 13:44:48.111, 0, 100, 43817
2026/08/28 13:44:48.111, 1, 100, 43801
2026/08/28 13:44:48.111, 2, 100, 43801
2026/08/28 13:44:48.111, 3, 100, 43801
2026/08/28 13:44:48.611, 0, 100, 43817
2026/08/28 13:44:48.611, 1, 100, 43801
2026/08/28 13:44:48.611, 2, 100, 43801
2026/08/28 13:44:48.611, 3, 100, 43801
2026/08/28 13:44:49.112, 0, 100, 43817
2026/08/28 13:44:49.112, 1, 100, 43801
2026/08/28 13:44:49.112, 2, 100, 43801
2026/08/28 13:44:49.112, 3, 100, 43801
2026/08/28 13:44:49.612, 0, 100, 43817
2026/08/28 13:44:49.612, 1, 100, 43801
2026/08/28 13:44:49.612, 2, 100, 43801
2026/08/28 13:44:49.612, 3, 100, 43801
2026/08/28 13:44:50.112, 0, 99, 43817
2026/08/28 13:44:50.112, 1, 100, 43801
2026/08/28 13:44:50.112, 2, 100, 43801
2026/08/28 13:44:50.112, 3, 99, 43801
2026/08/28 13:44:50.612, 0, 100, 43817
2026/08/28 13:44:50.612, 1, 100, 43801
2026/08/28 13:44:50.612, 2, 100, 43801
2026/08/28 13:44:50.612, 3, 100, 43801
2026/08/28 13:44:51.112, 0, 100, 43817
2026/08/28 13:44:51.112, 1, 100, 43801
2026/08/28 13:44:51.112, 2, 100, 43801
2026/08/28 13:44:51.112, 3, 100, 43801
2026/08/28 13:44:51.612, 0, 100, 43817
2026/08/28 13:44:51.612, 1, 100, 43801
2026/08/28 13:44:51.612, 2, 100, 43801
2026/08/28 13:44:51.612, 3, 100, 43801
2026/08/28 13:44:52.112, 0, 100, 43817
2026/08/28 13:44:52.113, 1, 100, 43801
2026/08/28 13:44:52.113, 2, 100, 43801
2026/08/28 13:44:52.113, 3, 100, 43801
2026/08/28 13:44:52.613, 0, 100, 43817
2026/08/28 13:44:52.613, 1, 100, 43801
2026/08/28 13:44:52.613, 2, 100, 43801
2026/08/28 13:44:52.613, 3, 100, 43801
2026/08/28 13:44:53.113, 0, 100, 43817
2026/08/28 13:44:53.113, 1, 100, 43801
2026/08/28 13:44:53.113, 2, 100, 43801
2026/08/28 13:44:53.113, 3, 100, 43801
2026/08/28 13:44:53.613, 0, 100, 43817
2026/08/28 13:44:53.613, 1, 100, 43801
2026/08/28 13:44:53.613, 2, 100, 43801
2026/08/28 13:44:53.613, 3, 100, 43801
2026/08/28 13:44:54.113, 0, 100, 43817
2026/08/28 13:44:54.113, 1, 100, 43801
2026/08/28 13:44:54.113, 2, 100, 43801
2026/08/28 13:44:54.113, 3, 100, 43801
2026/08/28 13:44:54.613, 0, 0, 43817
2026/08/28 13:44:54.613, 1, 14, 43801
2026/08/28 13:44:54.613, 2, 0, 43801
2026/08/28 13:44:54.613, 3, 0, 43801
2026/08/28 13:44:55.114, 0, 0, 43817
2026/08/28 13:44:55.114, 1, 0, 43801
2026/08/28 13:44:55.114, 2, 0, 43801
2026/08/28 13:44:55.114, 3, 0, 43801
2026/08/28 13:44:55.614, 0, 0, 43817
2026/08/28 13:44:55.614, 1, 0, 43801
2026/08/28 13:44:55.614, 2, 0, 43801
2026/08/28 13:44:55.614, 3, 0, 43801
2026/08/28 13:44:56.114, 0, 0, 43817
2026/08/28 13:44:56.114, 1, 0, 43801
2026/08/28 13:44:56.114, 2, 0, 43801
2026/08/28 13:44:56.114, 3, 0, 43801
2026/08/28 13:44:56.614, 0, 0, 43817
2026/08/28 13:44:56.614, 1, 0, 43801
2026/08/28 13:44:56.614, 2, 0, 43801
2026/08/28 13:44:56.614, 3, 0, 43801
2026/08/28 13:44:57.114, 0, 100, 43817
2026/08/28 13:44:57.114, 1, 100, 43801
2026/08/28 13:44:57.114, 2, 100, 43801
2026/08/28 13:44:57.114, 3, 100, 43801
2026/08/28 13:44:57.614, 0, 100, 43817
2026/08/28 13:44:57.614, 1, 100, 43801
2026/08/28 13:44:57.614, 2, 100, 43801
2026/08/28 13:44:57.614, 3, 100, 43801
2026/08/28 13:44:58.114, 0, 100, 43817
2026/08/28 13:44:58.115, 1, 100, 43801
2026/08/28 13:44:58.115, 2, 100, 43801
2026/08/28 13:44:58.115, 3, 100, 43801
2026/08/28 13:44:58.615, 0, 100, 43817
2026/08/28 13:44:58.615, 1, 100, 43801
2026/08/28 13:44:58.615, 2, 100, 43801
2026/08/28 13:44:58.615, 3, 100, 43801
2026/08/28 13:44:59.115, 0, 100, 43817
2026/08/28 13:44:59.115, 1, 100, 43801
2026/08/28 13:44:59.115, 2, 100, 43801
2026/08/28 13:44:59.115, 3, 100, 43801
2026/08/28 13:44:59.615, 0, 100, 43817
2026/08/28 13:44:59.615, 1, 100, 43801
2026/08/28 13:44:59.615, 2, 100, 43801
2026/08/28 13:44:59.615, 3, 100, 43801
2026/08/28 13:45:00.115, 0, 100, 43817
2026/08/28 13:45:00.115, 1, 100, 43801
2026/08/28 13:45:00.115, 2, 100, 43801
2026/08/28 13:45:00.115, 3, 100, 43801
2026/08/28 13:45:00.615, 0, 100, 43817
2026/08/28 13:45:00.615, 1, 100, 43801
2026/08/28 13:45:00.615, 2, 100, 43801
2026/08/28 13:45:00.615, 3, 100, 43801
2026/08/28 13:45:01.115, 0, 85, 43817
2026/08/28 13:45:01.115, 1, 100, 43801
2026/08/28 13:45:01.115, 2, 80, 43801
2026/08/28 13:45:01.115, 3, 77, 43801
2026/08/28 13:45:01.616, 0, 100, 43817
2026/08/28 13:45:01.616, 1, 100, 43801
2026/08/28 13:45:01.616, 2, 100, 43801
2026/08/28 13:45:01.616, 3, 100, 43801
2026/08/28 13:45:02.116, 0, 100, 43817
2026/08/28 13:45:02.116, 1, 100, 43801
2026/08/28 13:45:02.116, 2, 100, 43801
2026/08/28 13:45:02.116, 3, 100, 43801
2026/08/28 13:45:02.616, 0, 100, 43817
2026/08/28 13:45:02.616, 1, 100, 43801
2026/08/28 13:45:02.616, 2, 100, 43801
2026/08/28 13:45:02.616, 3, 100, 43801
2026/08/28 13:45:03.116, 0, 100, 43817
2026/08/28 13:45:03.116, 1, 100, 43801
2026/08/28 13:45:03.116, 2, 100, 43801
2026/08/28 13:45:03.116, 3, 100, 43801
2026/08/28 13:45:03.616, 0, 100, 43817
2026/08/28 13:45:03.616, 1, 100, 43801
2026/08/28 13:45:03.616, 2, 100, 43801
2026/08/28 13:45:03.616, 3, 100, 43801
2026/08/28 13:45:04.116, 0, 100, 43817
2026/08/28 13:45:04.116, 1, 100, 43801
2026/08/28 13:45:04.116, 2, 100, 43801
2026/08/28 13:45:04.116, 3, 100, 43801
2026/08/28 13:45:04.616, 0, 100, 43817
2026/08/28 13:45:04.616, 1, 100, 43801
2026/08/28 13:45:04.616, 2, 100, 43801
2026/08/28 13:45:04.617, 3, 100, 43801
2026/08/28 13:45:05.117, 0, 100, 43817
2026/08/28 13:45:05.117, 1, 100, 43801
2026/08/28 13:45:05.117, 2, 100, 43801
2026/08/28 13:45:05.117, 3, 100, 43801
2026/08/28 13:45:05.617, 0, 100, 43817
2026/08/28 13:45:05.617, 1, 100, 43801
2026/08/28 13:45:05.617, 2, 100, 43801
2026/08/28 13:45:05.617, 3, 100, 43801
2026/08/28 13:45:06.117, 0, 100, 43817
2026/08/28 13:45:06.117, 1, 100, 43801
2026/08/28 13:45:06.117, 2, 100, 43801
2026/08/28 13:45:06.117, 3, 100, 43801
2026/08/28 13:45:06.617, 0, 100, 43817
2026/08/28 13:45:06.617, 1, 100, 43801
2026/08/28 13:45:06.617, 2, 100, 43801
2026/08/28 13:45:06.617, 3, 100, 43801
2026/08/28 13:45:07.117, 0, 100, 43817
2026/08/28 13:45:07.117, 1, 100, 43801
2026/08/28 13:45:07.117, 2, 100, 43801
2026/08/28 13:45:07.117, 3, 100, 43801
2026/08/28 13:45:07.617, 0, 100, 43817
2026/08/28 13:45:07.617, 1, 100, 43801
2026/08/28 13:45:07.617, 2, 100, 43801
2026/08/28 13:45:07.617, 3, 100, 43801
2026/08/28 13:45:08.118, 0, 100, 43817
2026/08/28 13:45:08.118, 1, 100, 43801
2026/08/28 13:45:08.118, 2, 100, 43801
2026/08/28 13:45:08.118, 3, 100, 43801
2026/08/28 13:45:08.618, 0, 100, 43817
2026/08/28 13:45:08.618, 1, 100, 43801
2026/08/28 13:45:08.618, 2, 100, 43801
2026/08/28 13:45:08.618, 3, 100, 43801
2026/08/28 13:45:09.118, 0, 100, 43817
2026/08/28 13:45:09.118, 1, 100, 43801
2026/08/28 13:45:09.118, 2, 100, 43801
2026/08/28 13:45:09.118, 3, 100, 43801
2026/08/28 13:45:09.618, 0, 100, 43817
2026/08/28 13:45:09.618, 1, 100, 43801
2026/08/28 13:45:09.618, 2, 100, 43801
2026/08/28 13:45:09.618, 3, 100, 43801
2026/08/28 13:45:10.118, 0, 100, 43817
2026/08/28 13:45:10.118, 1, 100, 43801
2026/08/28 13:45:10.118, 2, 100, 43801
2026/08/28 13:45:10.118, 3, 100, 43801
2026/08/28 13:45:10.618, 0, 100, 43817
2026/08/28 13:45:10.618, 1, 100, 43801
2026/08/28 13:45:10.618, 2, 100, 43801
2026/08/28 13:45:10.618, 3, 100, 43801
2026/08/28 13:45:11.118, 0, 100, 43817
2026/08/28 13:45:11.119, 1, 100, 43801
2026/08/28 13:45:11.119, 2, 100, 43801
2026/08/28 13:45:11.119, 3, 100, 43801
2026/08/28 13:45:11.619, 0, 100, 43817
2026/08/28 13:45:11.619, 1, 100, 43801
2026/08/28 13:45:11.619, 2, 100, 43801
2026/08/28 13:45:11.619, 3, 100, 43801
2026/08/28 13:45:12.119, 0, 100, 43817
2026/08/28 13:45:12.119, 1, 100, 43801
2026/08/28 13:45:12.119, 2, 100, 43801
2026/08/28 13:45:12.119, 3, 100, 43801
2026/08/28 13:45:12.619, 0, 100, 43817
2026/08/28 13:45:12.619, 1, 100, 43801
2026/08/28 13:45:12.619, 2, 100, 43801
2026/08/28 13:45:12.619, 3, 100, 43801
2026/08/28 13:45:13.119, 0, 100, 43817
2026/08/28 13:45:13.119, 1, 100, 43801
2026/08/28 13:45:13.119, 2, 100, 43801
2026/08/28 13:45:13.119, 3, 100, 43801
2026/08/28 13:45:13.619, 0, 100, 43817
2026/08/28 13:45:13.619, 1, 100, 43801
2026/08/28 13:45:13.619, 2, 100, 43801
2026/08/28 13:45:13.619, 3, 100, 43801
2026/08/28 13:45:14.119, 0, 100, 43817
2026/08/28 13:45:14.119, 1, 100, 43801
2026/08/28 13:45:14.119, 2, 100, 43801
2026/08/28 13:45:14.119, 3, 100, 43801
2026/08/28 13:45:14.619, 0, 100, 43817
2026/08/28 13:45:14.619, 1, 100, 43801
2026/08/28 13:45:14.620, 2, 100, 43801
2026/08/28 13:45:14.620, 3, 100, 43801
2026/08/28 13:45:15.120, 0, 0, 43817
2026/08/28 13:45:15.120, 1, 0, 43801
2026/08/28 13:45:15.120, 2, 0, 43801
2026/08/28 13:45:15.120, 3, 0, 43801
2026/08/28 13:45:15.620, 0, 0, 43817
2026/08/28 13:45:15.620, 1, 0, 43801
2026/08/28 13:45:15.620, 2, 0, 43801
2026/08/28 13:45:15.620, 3, 0, 43801
2026/08/28 13:45:16.120, 0, 0, 43817
2026/08/28 13:45:16.120, 1, 0, 43801
2026/08/28 13:45:16.120, 2, 0, 43801
2026/08/28 13:45:16.120, 3, 0, 43801
2026/08/28 13:45:16.620, 0, 0, 43817
2026/08/28 13:45:16.620, 1, 0, 43801
2026/08/28 13:45:16.620, 2, 0, 43801
2026/08/28 13:45:16.620, 3, 0, 43801
2026/08/28 13:45:17.120, 0, 100, 43817
2026/08/28 13:45:17.120, 1, 100, 43801
2026/08/28 13:45:17.120, 2, 100, 43801
2026/08/28 13:45:17.120, 3, 100, 43801
2026/08/28 13:45:17.620, 0, 100, 43817
2026/08/28 13:45:17.621, 1, 100, 43801
2026/08/28 13:45:17.621, 2, 100, 43801
2026/08/28 13:45:17.621, 3, 100, 43801
2026/08/28 13:45:18.121, 0, 100, 43817
2026/08/28 13:45:18.121, 1, 100, 43801
2026/08/28 13:45:18.121, 2, 100, 43801
2026/08/28 13:45:18.121, 3, 100, 43801
2026/08/28 13:45:18.621, 0, 100, 43817
2026/08/28 13:45:18.621, 1, 100, 43801
2026/08/28 13:45:18.621, 2, 100, 43801
2026/08/28 13:45:18.621, 3, 100, 43801
2026/08/28 13:45:19.121, 0, 100, 43817
2026/08/28 13:45:19.121, 1, 100, 43801
2026/08/28 13:45:19.121, 2, 100, 43801
2026/08/28 13:45:19.121, 3, 100, 43801
2026/08/28 13:45:19.621, 0, 100, 43817
2026/08/28 13:45:19.621, 1, 100, 43801
2026/08/28 13:45:19.621, 2, 100, 43801
2026/08/28 13:45:19.621, 3, 100, 43801
2026/08/28 13:45:20.121, 0, 100, 43817
2026/08/28 13:45:20.121, 1, 100, 43801
2026/08/28 13:45:20.121, 2, 100, 43801
2026/08/28 13:45:20.121, 3, 100, 43801
2026/08/28 13:45:20.621, 0, 100, 43817
2026/08/28 13:45:20.621, 1, 100, 43801
2026/08/28 13:45:20.621, 2, 100, 43801
2026/08/28 13:45:20.621, 3, 100, 43801
2026/08/28 13:45:21.122, 0, 100, 43817
2026/08/28 13:45:21.122, 1, 100, 43801
2026/08/28 13:45:21.122, 2, 100, 43801
2026/08/28 13:45:21.122, 3, 100, 43801
2026/08/28 13:45:21.622, 0, 78, 43817
2026/08/28 13:45:21.622, 1, 77, 43801
2026/08/28 13:45:21.622, 2, 81, 43801
2026/08/28 13:45:21.622, 3, 100, 43801
2026/08/28 13:45:22.122, 0, 100, 43817
2026/08/28 13:45:22.122, 1, 100, 43801
2026/08/28 13:45:22.122, 2, 100, 43801
2026/08/28 13:45:22.122, 3, 100, 43801
2026/08/28 13:45:22.622, 0, 100, 43817
2026/08/28 13:45:22.622, 1, 100, 43801
2026/08/28 13:45:22.622, 2, 100, 43801
2026/08/28 13:45:22.622, 3, 100, 43801
2026/08/28 13:45:23.122, 0, 100, 43817
2026/08/28 13:45:23.122, 1, 100, 43801
2026/08/28 13:45:23.122, 2, 100, 43801
2026/08/28 13:45:23.122, 3, 100, 43801
2026/08/28 13:45:23.622, 0, 100, 43817
2026/08/28 13:45:23.623, 1, 100, 43801
2026/08/28 13:45:23.623, 2, 100, 43801
2026/08/28 13:45:23.623, 3, 100, 43801
2026/08/28 13:45:24.123, 0, 100, 43817
2026/08/28 13:45:24.123, 1, 100, 43801
2026/08/28 13:45:24.123, 2, 100, 43801
2026/08/28 13:45:24.123, 3, 100, 43801
2026/08/28 13:45:24.623, 0, 100, 43817
2026/08/28 13:45:24.623, 1, 100, 43801
2026/08/28 13:45:24.623, 2, 100, 43801
2026/08/28 13:45:24.623, 3, 100, 43801
2026/08/28 13:45:25.123, 0, 100, 43817
2026/08/28 13:45:25.123, 1, 100, 43801
2026/08/28 13:45:25.123, 2, 100, 43801
2026/08/28 13:45:25.123, 3, 100, 43801
2026/08/28 13:45:25.623, 0, 100, 43817
2026/08/28 13:45:25.623, 1, 100, 43801
2026/08/28 13:45:25.623, 2, 100, 43801
2026/08/28 13:45:25.623, 3, 100, 43801
2026/08/28 13:45:26.124, 0, 100, 43817
2026/08/28 13:45:26.124, 1, 82, 43801
2026/08/28 13:45:26.124, 2, 100, 43801
2026/08/28 13:45:26.124, 3, 100, 43801
2026/08/28 13:45:26.624, 0, 100, 43817
2026/08/28 13:45:26.624, 1, 100, 43801
2026/08/28 13:45:26.624, 2, 100, 43801
2026/08/28 13:45:26.624, 3, 100, 43801
2026/08/28 13:45:27.124, 0, 100, 43817
2026/08/28 13:45:27.124, 1, 100, 43801
2026/08/28 13:45:27.124, 2, 100, 43801
2026/08/28 13:45:27.124, 3, 100, 43801
2026/08/28 13:45:27.624, 0, 100, 43817
2026/08/28 13:45:27.624, 1, 100, 43801
2026/08/28 13:45:27.624, 2, 100, 43801
2026/08/28 13:45:27.624, 3, 100, 43801
2026/08/28 13:45:28.124, 0, 100, 43817
2026/08/28 13:45:28.124, 1, 100, 43801
2026/08/28 13:45:28.124, 2, 100, 43801
2026/08/28 13:45:28.124, 3, 100, 43801
2026/08/28 13:45:28.625, 0, 100, 43817
2026/08/28 13:45:28.625, 1, 100, 43801
2026/08/28 13:45:28.625, 2, 100, 43801
2026/08/28 13:45:28.625, 3, 100, 43801
2026/08/28 13:45:29.125, 0, 100, 43817
2026/08/28 13:45:29.125, 1, 100, 43801
2026/08/28 13:45:29.125, 2, 100, 43801
2026/08/28 13:45:29.125, 3, 100, 43801
2026/08/28 13:45:29.625, 0, 100, 43817
2026/08/28 13:45:29.625, 1, 100, 43801
2026/08/28 13:45:29.625, 2, 100, 43801
2026/08/28 13:45:29.625, 3, 100, 43801
2026/08/28 13:45:30.125, 0, 100, 43817
2026/08/28 13:45:30.125, 1, 100, 43801
2026/08/28 13:45:30.125, 2, 100, 43801
2026/08/28 13:45:30.125, 3, 100, 43801
2026/08/28 13:45:30.625, 0, 100, 43817
2026/08/28 13:45:30.625, 1, 100, 43801
2026/08/28 13:45:30.625, 2, 100, 43801
2026/08/28 13:45:30.625, 3, 100, 43801
2026/08/28 13:45:31.125, 0, 100, 43817
2026/08/28 13:45:31.125, 1, 100, 43801
2026/08/28 13:45:31.125, 2, 100, 43801
2026/08/28 13:45:31.125, 3, 100, 43801
2026/08/28 13:45:31.626, 0, 100, 43817
2026/08/28 13:45:31.626, 1, 100, 43801
2026/08/28 13:45:31.626, 2, 100, 43801
2026/08/28 13:45:31.626, 3, 100, 43801
2026/08/28 13:45:32.126, 0, 100, 43817
2026/08/28 13:45:32.126, 1, 100, 43801
2026/08/28 13:45:32.126, 2, 100, 43801
2026/08/28 13:45:32.126, 3, 100, 43801
2026/08/28 13:45:32.626, 0, 100, 43817
2026/08/28 13:45:32.626, 1, 100, 43801
2026/08/28 13:45:32.626, 2, 100, 43801
2026/08/28 13:45:32.626, 3, 100, 43801
2026/08/28 13:45:33.126, 0, 100, 43817
2026/08/28 13:45:33.126, 1, 100, 43801
2026/08/28 13:45:33.126, 2, 100, 43801
2026/08/28 13:45:33.126, 3, 100, 43801
2026/08/28 13:45:33.626, 0, 100, 43817
2026/08/28 13:45:33.626, 1, 100, 43801
2026/08/28 13:45:33.626, 2, 100, 43801
2026/08/28 13:45:33.626, 3, 100, 43801
2026/08/28 13:45:34.126, 0, 100, 43817
2026/08/28 13:45:34.126, 1, 100, 43801
2026/08/28 13:45:34.126, 2, 100, 43801
2026/08/28 13:45:34.126, 3, 100, 43801
2026/08/28 13:45:34.627, 0, 100, 43817
2026/08/28 13:45:34.627, 1, 100, 43801
2026/08/28 13:45:34.627, 2, 100, 43801
2026/08/28 13:45:34.627, 3, 100, 43801
2026/08/28 13:45:35.127, 0, 98, 43817
2026/08/28 13:45:35.127, 1, 100, 43801
2026/08/28 13:45:35.127, 2, 92, 43801
2026/08/28 13:45:35.127, 3, 72, 43801
2026/08/28 13:45:35.627, 0, 0, 43817
2026/08/28 13:45:35.627, 1, 0, 43801
2026/08/28 13:45:35.627, 2, 0, 43801
2026/08/28 13:45:35.627, 3, 0, 43801
2026/08/28 13:45:36.127, 0, 0, 43817
2026/08/28 13:45:36.127, 1, 0, 43801
2026/08/28 13:45:36.127, 2, 0, 43801
2026/08/28 13:45:36.127, 3, 0, 43801
2026/08/28 13:45:36.627, 0, 0, 43817
2026/08/28 13:45:36.627, 1, 0, 43801
2026/08/28 13:45:36.627, 2, 0, 43801
2026/08/28 13:45:36.627, 3, 0, 43801
2026/08/28 13:45:37.127, 0, 0, 43817
2026/08/28 13:45:37.127, 1, 0, 43801
2026/08/28 13:45:37.127, 2, 0, 43801
2026/08/28 13:45:37.127, 3, 0, 43801
2026/08/28 13:45:37.627, 0, 99, 43817
2026/08/28 13:45:37.627, 1, 99, 43801
2026/08/28 13:45:37.627, 2, 100, 43801
2026/08/28 13:45:37.628, 3, 100, 43801
2026/08/28 13:45:38.128, 0, 100, 43817
2026/08/28 13:45:38.128, 1, 100, 43801
2026/08/28 13:45:38.128, 2, 100, 43801
2026/08/28 13:45:38.128, 3, 100, 43801
2026/08/28 13:45:38.628, 0, 100, 43817
2026/08/28 13:45:38.628, 1, 100, 43801
2026/08/28 13:45:38.628, 2, 100, 43801
2026/08/28 13:45:38.628, 3, 100, 43801
2026/08/28 13:45:39.128, 0, 100, 43817
2026/08/28 13:45:39.128, 1, 100, 43801
2026/08/28 13:45:39.128, 2, 100, 43801
2026/08/28 13:45:39.128, 3, 100, 43801
2026/08/28 13:45:39.628, 0, 100, 43817
2026/08/28 13:45:39.628, 1, 100, 43801
2026/08/28 13:45:39.628, 2, 100, 43801
2026/08/28 13:45:39.628, 3, 100, 43801
2026/08/28 13:45:40.128, 0, 100, 43817
2026/08/28 13:45:40.128, 1, 100, 43801
2026/08/28 13:45:40.128, 2, 100, 43801
2026/08/28 13:45:40.128, 3, 100, 43801
2026/08/28 13:45:40.628, 0, 100, 43817
2026/08/28 13:45:40.628, 1, 100, 43801
2026/08/28 13:45:40.628, 2, 100, 43801
2026/08/28 13:45:40.628, 3, 100, 43801
2026/08/28 13:45:41.129, 0, 100, 43817
2026/08/28 13:45:41.129, 1, 100, 43801
2026/08/28 13:45:41.129, 2, 100, 43801
2026/08/28 13:45:41.129, 3, 100, 43801
2026/08/28 13:45:41.629, 0, 100, 43817
2026/08/28 13:45:41.629, 1, 100, 43801
2026/08/28 13:45:41.629, 2, 100, 43801
2026/08/28 13:45:41.629, 3, 100, 43801
2026/08/28 13:45:42.129, 0, 100, 43817
2026/08/28 13:45:42.129, 1, 99, 43801
2026/08/28 13:45:42.129, 2, 100, 43801
2026/08/28 13:45:42.129, 3, 100, 43801
2026/08/28 13:45:42.629, 0, 100, 43817
2026/08/28 13:45:42.629, 1, 100, 43801
2026/08/28 13:45:42.629, 2, 100, 43801
2026/08/28 13:45:42.629, 3, 100, 43801
2026/08/28 13:45:43.129, 0, 100, 43817
2026/08/28 13:45:43.129, 1, 100, 43801
2026/08/28 13:45:43.129, 2, 100, 43801
2026/08/28 13:45:43.129, 3, 100, 43801
2026/08/28 13:45:43.629, 0, 100, 43817
2026/08/28 13:45:43.629, 1, 100, 43801
2026/08/28 13:45:43.629, 2, 100, 43801
2026/08/28 13:45:43.629, 3, 100, 43801
2026/08/28 13:45:44.130, 0, 100, 43817
2026/08/28 13:45:44.130, 1, 100, 43801
2026/08/28 13:45:44.130, 2, 100, 43801
2026/08/28 13:45:44.130, 3, 100, 43801
2026/08/28 13:45:44.630, 0, 100, 43817
2026/08/28 13:45:44.630, 1, 100, 43801
2026/08/28 13:45:44.630, 2, 100, 43801
2026/08/28 13:45:44.630, 3, 100, 43801
2026/08/28 13:45:45.130, 0, 100, 43817
2026/08/28 13:45:45.130, 1, 100, 43801
2026/08/28 13:45:45.130, 2, 100, 43801
2026/08/28 13:45:45.130, 3, 100, 43801
2026/08/28 13:45:45.630, 0, 100, 43817
2026/08/28 13:45:45.630, 1, 100, 43801
2026/08/28 13:45:45.630, 2, 100, 43801
2026/08/28 13:45:45.630, 3, 100, 43801
2026/08/28 13:45:46.130, 0, 100, 43817
2026/08/28 13:45:46.130, 1, 100, 43801
2026/08/28 13:45:46.130, 2, 100, 43801
2026/08/28 13:45:46.130, 3, 100, 43801
2026/08/28 13:45:46.630, 0, 100, 43817
2026/08/28 13:45:46.630, 1, 100, 43801
2026/08/28 13:45:46.630, 2, 100, 43801
2026/08/28 13:45:46.630, 3, 100, 43801
2026/08/28 13:45:47.130, 0, 100, 43817
2026/08/28 13:45:47.130, 1, 100, 43801
2026/08/28 13:45:47.130, 2, 100, 43801
2026/08/28 13:45:47.131, 3, 100, 43801
2026/08/28 13:45:47.631, 0, 100, 43817
2026/08/28 13:45:47.631, 1, 100, 43801
2026/08/28 13:45:47.631, 2, 100, 43801
2026/08/28 13:45:47.631, 3, 100, 43801
2026/08/28 13:45:48.131, 0, 100, 43817
2026/08/28 13:45:48.131, 1, 100, 43801
2026/08/28 13:45:48.131, 2, 100, 43801
2026/08/28 13:45:48.131, 3, 100, 43801
2026/08/28 13:45:48.631, 0, 100, 43817
2026/08/28 13:45:48.631, 1, 100, 43801
2026/08/28 13:45:48.631, 2, 100, 43801
2026/08/28 13:45:48.631, 3, 100, 43801
2026/08/28 13:45:49.131, 0, 100, 43817
2026/08/28 13:45:49.131, 1, 100, 43801
2026/08/28 13:45:49.131, 2, 100, 43801
2026/08/28 13:45:49.131, 3, 100, 43801
2026/08/28 13:45:49.631, 0, 100, 43817
2026/08/28 13:45:49.631, 1, 100, 43801
2026/08/28 13:45:49.631, 2, 100, 43801
2026/08/28 13:45:49.631, 3, 100, 43801
2026/08/28 13:45:50.131, 0, 100, 43817
2026/08/28 13:45:50.131, 1, 100, 43801
2026/08/28 13:45:50.131, 2, 100, 43801
2026/08/28 13:45:50.131, 3, 100, 43801
2026/08/28 13:45:50.632, 0, 100, 43817
2026/08/28 13:45:50.632, 1, 100, 43801
2026/08/28 13:45:50.632, 2, 100, 43801
2026/08/28 13:45:50.632, 3, 100, 43801
2026/08/28 13:45:51.132, 0, 100, 43817
2026/08/28 13:45:51.132, 1, 100, 43801
2026/08/28 13:45:51.132, 2, 100, 43801
2026/08/28 13:45:51.132, 3, 100, 43801
2026/08/28 13:45:51.632, 0, 100, 43817
2026/08/28 13:45:51.632, 1, 100, 43801
2026/08/28 13:45:51.632, 2, 100, 43801
2026/08/28 13:45:51.632, 3, 100, 43801
2026/08/28 13:45:52.132, 0, 100, 43817
2026/08/28 13:45:52.132, 1, 100, 43801
2026/08/28 13:45:52.132, 2, 100, 43801
2026/08/28 13:45:52.132, 3, 100, 43801
2026/08/28 13:45:52.632, 0, 100, 43817
2026/08/28 13:45:52.632, 1, 100, 43801
2026/08/28 13:45:52.632, 2, 100, 43801
2026/08/28 13:45:52.632, 3, 100, 43801
2026/08/28 13:45:53.132, 0, 100, 43817
2026/08/28 13:45:53.133, 1, 100, 43801
2026/08/28 13:45:53.133, 2, 100, 43801
2026/08/28 13:45:53.133, 3, 100, 43801
2026/08/28 13:45:53.633, 0, 100, 43817
2026/08/28 13:45:53.633, 1, 100, 43801
2026/08/28 13:45:53.633, 2, 100, 43801
2026/08/28 13:45:53.633, 3, 100, 43801
2026/08/28 13:45:54.133, 0, 100, 43817
2026/08/28 13:45:54.133, 1, 100, 43801
2026/08/28 13:45:54.134, 2, 100, 43801
2026/08/28 13:45:54.134, 3, 100, 43801
2026/08/28 13:45:54.634, 0, 100, 43817
2026/08/28 13:45:54.634, 1, 100, 43801
2026/08/28 13:45:54.634, 2, 100, 43801
2026/08/28 13:45:54.634, 3, 100, 43801
2026/08/28 13:45:55.134, 0, 100, 43817
2026/08/28 13:45:55.134, 1, 100, 43801
2026/08/28 13:45:55.134, 2, 100, 43801
2026/08/28 13:45:55.134, 3, 100, 43801
2026/08/28 13:45:55.634, 0, 39, 43817
2026/08/28 13:45:55.634, 1, 65, 43801
2026/08/28 13:45:55.634, 2, 32, 43801
2026/08/28 13:45:55.634, 3, 9, 43801
2026/08/28 13:45:56.134, 0, 0, 43817
2026/08/28 13:45:56.134, 1, 0, 43801
2026/08/28 13:45:56.134, 2, 0, 43801
2026/08/28 13:45:56.134, 3, 0, 43801
2026/08/28 13:45:56.634, 0, 0, 43817
2026/08/28 13:45:56.634, 1, 0, 43801
2026/08/28 13:45:56.634, 2, 0, 43801
2026/08/28 13:45:56.634, 3, 0, 43801
2026/08/28 13:45:57.134, 0, 0, 43817
2026/08/28 13:45:57.134, 1, 0, 43801
2026/08/28 13:45:57.134, 2, 0, 43801
2026/08/28 13:45:57.134, 3, 0, 43801
2026/08/28 13:45:57.634, 0, 0, 43817
2026/08/28 13:45:57.635, 1, 0, 43801
2026/08/28 13:45:57.635, 2, 0, 43801
2026/08/28 13:45:57.635, 3, 0, 43801
2026/08/28 13:45:58.135, 0, 100, 43817
2026/08/28 13:45:58.135, 1, 100, 43801
2026/08/28 13:45:58.135, 2, 100, 43801
2026/08/28 13:45:58.135, 3, 100, 43801
2026/08/28 13:45:58.635, 0, 100, 43817
2026/08/28 13:45:58.635, 1, 100, 43801
2026/08/28 13:45:58.635, 2, 100, 43801
2026/08/28 13:45:58.635, 3, 100, 43801
2026/08/28 13:45:59.135, 0, 100, 43817
2026/08/28 13:45:59.135, 1, 100, 43801
2026/08/28 13:45:59.135, 2, 100, 43801
2026/08/28 13:45:59.135, 3, 100, 43801
2026/08/28 13:45:59.635, 0, 100, 43817
2026/08/28 13:45:59.635, 1, 100, 43801
2026/08/28 13:45:59.635, 2, 100, 43801
2026/08/28 13:45:59.635, 3, 100, 43801
2026/08/28 13:46:00.135, 0, 100, 43817
2026/08/28 13:46:00.135, 1, 100, 43801
2026/08/28 13:46:00.135, 2, 100, 43801
2026/08/28 13:46:00.135, 3, 100, 43801
2026/08/28 13:46:00.635, 0, 100, 43817
2026/08/28 13:46:00.635, 1, 100, 43801
2026/08/28 13:46:00.635, 2, 100, 43801
2026/08/28 13:46:00.635, 3, 100, 43801
2026/08/28 13:46:01.136, 0, 100, 43817
2026/08/28 13:46:01.136, 1, 100, 43801
2026/08/28 13:46:01.136, 2, 100, 43801
2026/08/28 13:46:01.136, 3, 100, 43801
2026/08/28 13:46:01.636, 0, 100, 43817
2026/08/28 13:46:01.636, 1, 100, 43801
2026/08/28 13:46:01.636, 2, 100, 43801
2026/08/28 13:46:01.636, 3, 100, 43801
2026/08/28 13:46:02.136, 0, 91, 43817
2026/08/28 13:46:02.136, 1, 100, 43801
2026/08/28 13:46:02.136, 2, 84, 43801
2026/08/28 13:46:02.136, 3, 79, 43801
2026/08/28 13:46:02.636, 0, 100, 43817
2026/08/28 13:46:02.636, 1, 100, 43801
2026/08/28 13:46:02.636, 2, 100, 43801
2026/08/28 13:46:02.636, 3, 100, 43801
2026/08/28 13:46:03.136, 0, 100, 43817
2026/08/28 13:46:03.136, 1, 100, 43801
2026/08/28 13:46:03.136, 2, 100, 43801
2026/08/28 13:46:03.136, 3, 100, 43801
2026/08/28 13:46:03.636, 0, 100, 43817
2026/08/28 13:46:03.636, 1, 100, 43801
2026/08/28 13:46:03.636, 2, 100, 43801
2026/08/28 13:46:03.636, 3, 100, 43801
2026/08/28 13:46:04.136, 0, 100, 43817
2026/08/28 13:46:04.137, 1, 100, 43801
2026/08/28 13:46:04.137, 2, 100, 43801
2026/08/28 13:46:04.137, 3, 100, 43801
2026/08/28 13:46:04.637, 0, 100, 43817
2026/08/28 13:46:04.637, 1, 100, 43801
2026/08/28 13:46:04.637, 2, 100, 43801
2026/08/28 13:46:04.637, 3, 100, 43801
2026/08/28 13:46:05.137, 0, 100, 43817
2026/08/28 13:46:05.137, 1, 100, 43801
2026/08/28 13:46:05.137, 2, 100, 43801
2026/08/28 13:46:05.137, 3, 100, 43801
2026/08/28 13:46:05.637, 0, 100, 43817
2026/08/28 13:46:05.637, 1, 100, 43801
2026/08/28 13:46:05.637, 2, 100, 43801
2026/08/28 13:46:05.637, 3, 100, 43801
2026/08/28 13:46:06.137, 0, 100, 43817
2026/08/28 13:46:06.137, 1, 100, 43801
2026/08/28 13:46:06.137, 2, 100, 43801
2026/08/28 13:46:06.137, 3, 100, 43801
2026/08/28 13:46:06.637, 0, 100, 43817
2026/08/28 13:46:06.637, 1, 100, 43801
2026/08/28 13:46:06.637, 2, 100, 43801
2026/08/28 13:46:06.637, 3, 100, 43801
2026/08/28 13:46:07.137, 0, 100, 43817
2026/08/28 13:46:07.137, 1, 100, 43801
2026/08/28 13:46:07.137, 2, 100, 43801
2026/08/28 13:46:07.137, 3, 100, 43801
2026/08/28 13:46:07.638, 0, 100, 43817
2026/08/28 13:46:07.638, 1, 100, 43801
2026/08/28 13:46:07.638, 2, 100, 43801
2026/08/28 13:46:07.638, 3, 100, 43801
2026/08/28 13:46:08.138, 0, 100, 43817
2026/08/28 13:46:08.138, 1, 100, 43801
2026/08/28 13:46:08.138, 2, 100, 43801
2026/08/28 13:46:08.138, 3, 100, 43801
2026/08/28 13:46:08.638, 0, 100, 43817
2026/08/28 13:46:08.638, 1, 100, 43801
2026/08/28 13:46:08.638, 2, 100, 43801
2026/08/28 13:46:08.638, 3, 100, 43801
2026/08/28 13:46:09.138, 0, 100, 43817
2026/08/28 13:46:09.138, 1, 100, 43801
2026/08/28 13:46:09.138, 2, 100, 43801
2026/08/28 13:46:09.138, 3, 100, 43801
2026/08/28 13:46:09.638, 0, 100, 43817
2026/08/28 13:46:09.638, 1, 100, 43801
2026/08/28 13:46:09.638, 2, 100, 43801
2026/08/28 13:46:09.638, 3, 100, 43801
2026/08/28 13:46:10.138, 0, 100, 43817
2026/08/28 13:46:10.138, 1, 100, 43801
2026/08/28 13:46:10.138, 2, 100, 43801
2026/08/28 13:46:10.138, 3, 100, 43801
2026/08/28 13:46:10.638, 0, 100, 43817
2026/08/28 13:46:10.639, 1, 100, 43801
2026/08/28 13:46:10.639, 2, 100, 43801
2026/08/28 13:46:10.639, 3, 100, 43801
2026/08/28 13:46:11.139, 0, 100, 43817
2026/08/28 13:46:11.139, 1, 100, 43801
2026/08/28 13:46:11.139, 2, 100, 43801
2026/08/28 13:46:11.139, 3, 99, 43801
2026/08/28 13:46:11.639, 0, 100, 43817
2026/08/28 13:46:11.639, 1, 100, 43801
2026/08/28 13:46:11.639, 2, 100, 43801
2026/08/28 13:46:11.639, 3, 100, 43801
2026/08/28 13:46:12.139, 0, 100, 43817
2026/08/28 13:46:12.139, 1, 100, 43801
2026/08/28 13:46:12.139, 2, 100, 43801
2026/08/28 13:46:12.139, 3, 100, 43801
2026/08/28 13:46:12.639, 0, 100, 43817
2026/08/28 13:46:12.639, 1, 100, 43801
2026/08/28 13:46:12.639, 2, 100, 43801
2026/08/28 13:46:12.639, 3, 100, 43801
2026/08/28 13:46:13.139, 0, 100, 43817
2026/08/28 13:46:13.139, 1, 100, 43801
2026/08/28 13:46:13.139, 2, 100, 43801
2026/08/28 13:46:13.139, 3, 100, 43801
2026/08/28 13:46:13.639, 0, 100, 43817
2026/08/28 13:46:13.639, 1, 100, 43801
2026/08/28 13:46:13.639, 2, 100, 43801
2026/08/28 13:46:13.639, 3, 100, 43801
2026/08/28 13:46:14.139, 0, 100, 43817
2026/08/28 13:46:14.139, 1, 100, 43801
2026/08/28 13:46:14.140, 2, 100, 43801
2026/08/28 13:46:14.140, 3, 100, 43801
2026/08/28 13:46:14.640, 0, 100, 43817
2026/08/28 13:46:14.640, 1, 100, 43801
2026/08/28 13:46:14.640, 2, 100, 43801
2026/08/28 13:46:14.640, 3, 100, 43801
2026/08/28 13:46:15.140, 0, 100, 43817
2026/08/28 13:46:15.140, 1, 100, 43801
2026/08/28 13:46:15.140, 2, 100, 43801
2026/08/28 13:46:15.140, 3, 100, 43801
2026/08/28 13:46:15.640, 0, 100, 43817
2026/08/28 13:46:15.640, 1, 100, 43801
2026/08/28 13:46:15.640, 2, 100, 43801
2026/08/28 13:46:15.640, 3, 100, 43801
2026/08/28 13:46:16.140, 0, 0, 43817
2026/08/28 13:46:16.140, 1, 0, 43801
2026/08/28 13:46:16.140, 2, 0, 43801
2026/08/28 13:46:16.140, 3, 0, 43801
2026/08/28 13:46:16.640, 0, 0, 43817
2026/08/28 13:46:16.640, 1, 0, 43801
2026/08/28 13:46:16.640, 2, 0, 43801
2026/08/28 13:46:16.640, 3, 0, 43801
2026/08/28 13:46:17.140, 0, 0, 43817
2026/08/28 13:46:17.140, 1, 0, 43801
2026/08/28 13:46:17.140, 2, 0, 43801
2026/08/28 13:46:17.140, 3, 0, 43801
2026/08/28 13:46:17.640, 0, 0, 43817
2026/08/28 13:46:17.640, 1, 0, 43801
2026/08/28 13:46:17.640, 2, 0, 43801
2026/08/28 13:46:17.640, 3, 0, 43801
2026/08/28 13:46:18.140, 0, 100, 43817
2026/08/28 13:46:18.141, 1, 100, 43801
2026/08/28 13:46:18.141, 2, 100, 43801
2026/08/28 13:46:18.141, 3, 100, 43801
2026/08/28 13:46:18.641, 0, 100, 43817
2026/08/28 13:46:18.641, 1, 100, 43801
2026/08/28 13:46:18.641, 2, 100, 43801
2026/08/28 13:46:18.641, 3, 100, 43801
2026/08/28 13:46:19.141, 0, 100, 43817
2026/08/28 13:46:19.141, 1, 100, 43801
2026/08/28 13:46:19.141, 2, 100, 43801
2026/08/28 13:46:19.141, 3, 100, 43801
2026/08/28 13:46:19.641, 0, 100, 43817
2026/08/28 13:46:19.641, 1, 100, 43801
2026/08/28 13:46:19.641, 2, 100, 43801
2026/08/28 13:46:19.641, 3, 100, 43801
2026/08/28 13:46:20.141, 0, 100, 43817
2026/08/28 13:46:20.141, 1, 100, 43801
2026/08/28 13:46:20.141, 2, 100, 43801
2026/08/28 13:46:20.141, 3, 100, 43801
2026/08/28 13:46:20.641, 0, 100, 43817
2026/08/28 13:46:20.641, 1, 100, 43801
2026/08/28 13:46:20.641, 2, 100, 43801
2026/08/28 13:46:20.641, 3, 100, 43801
2026/08/28 13:46:21.141, 0, 100, 43817
2026/08/28 13:46:21.141, 1, 100, 43801
2026/08/28 13:46:21.141, 2, 100, 43801
2026/08/28 13:46:21.141, 3, 100, 43801
2026/08/28 13:46:21.642, 0, 100, 43817
2026/08/28 13:46:21.642, 1, 100, 43801
2026/08/28 13:46:21.642, 2, 100, 43801
2026/08/28 13:46:21.642, 3, 100, 43801
2026/08/28 13:46:22.142, 0, 100, 43817
2026/08/28 13:46:22.142, 1, 100, 43801
2026/08/28 13:46:22.142, 2, 100, 43801
2026/08/28 13:46:22.142, 3, 100, 43801
2026/08/28 13:46:22.642, 0, 85, 43817
2026/08/28 13:46:22.642, 1, 79, 43801
2026/08/28 13:46:22.642, 2, 100, 43801
2026/08/28 13:46:22.642, 3, 100, 43801
2026/08/28 13:46:23.142, 0, 100, 43817
2026/08/28 13:46:23.142, 1, 100, 43801
2026/08/28 13:46:23.142, 2, 100, 43801
2026/08/28 13:46:23.142, 3, 100, 43801
2026/08/28 13:46:23.642, 0, 100, 43817
2026/08/28 13:46:23.642, 1, 100, 43801
2026/08/28 13:46:23.642, 2, 100, 43801
2026/08/28 13:46:23.642, 3, 100, 43801
2026/08/28 13:46:24.142, 0, 100, 43817
2026/08/28 13:46:24.142, 1, 100, 43801
2026/08/28 13:46:24.142, 2, 100, 43801
2026/08/28 13:46:24.142, 3, 100, 43801
2026/08/28 13:46:24.643, 0, 100, 43817
2026/08/28 13:46:24.643, 1, 100, 43801
2026/08/28 13:46:24.643, 2, 100, 43801
2026/08/28 13:46:24.643, 3, 100, 43801
2026/08/28 13:46:25.143, 0, 100, 43817
2026/08/28 13:46:25.143, 1, 100, 43801
2026/08/28 13:46:25.143, 2, 100, 43801
2026/08/28 13:46:25.143, 3, 100, 43801
2026/08/28 13:46:25.643, 0, 100, 43817
2026/08/28 13:46:25.643, 1, 100, 43801
2026/08/28 13:46:25.643, 2, 100, 43801
2026/08/28 13:46:25.643, 3, 100, 43801
2026/08/28 13:46:26.143, 0, 100, 43817
2026/08/28 13:46:26.143, 1, 100, 43801
2026/08/28 13:46:26.143, 2, 100, 43801
2026/08/28 13:46:26.143, 3, 100, 43801
2026/08/28 13:46:26.643, 0, 100, 43817
2026/08/28 13:46:26.643, 1, 100, 43801
2026/08/28 13:46:26.643, 2, 100, 43801
2026/08/28 13:46:26.643, 3, 100, 43801
2026/08/28 13:46:27.143, 0, 100, 43817
2026/08/28 13:46:27.143, 1, 93, 43801
2026/08/28 13:46:27.143, 2, 100, 43801
2026/08/28 13:46:27.143, 3, 100, 43801
2026/08/28 13:46:27.643, 0, 100, 43817
2026/08/28 13:46:27.643, 1, 100, 43801
2026/08/28 13:46:27.643, 2, 100, 43801
2026/08/28 13:46:27.644, 3, 100, 43801
2026/08/28 13:46:28.144, 0, 100, 43817
2026/08/28 13:46:28.144, 1, 100, 43801
2026/08/28 13:46:28.144, 2, 100, 43801
2026/08/28 13:46:28.144, 3, 100, 43801
2026/08/28 13:46:28.644, 0, 100, 43817
2026/08/28 13:46:28.644, 1, 100, 43801
2026/08/28 13:46:28.644, 2, 100, 43801
2026/08/28 13:46:28.644, 3, 100, 43801
2026/08/28 13:46:29.144, 0, 100, 43817
2026/08/28 13:46:29.144, 1, 100, 43801
2026/08/28 13:46:29.144, 2, 100, 43801
2026/08/28 13:46:29.144, 3, 100, 43801
2026/08/28 13:46:29.644, 0, 100, 43817
2026/08/28 13:46:29.644, 1, 100, 43801
2026/08/28 13:46:29.644, 2, 100, 43801
2026/08/28 13:46:29.644, 3, 100, 43801
2026/08/28 13:46:30.144, 0, 100, 43817
2026/08/28 13:46:30.144, 1, 100, 43801
2026/08/28 13:46:30.144, 2, 100, 43801
2026/08/28 13:46:30.144, 3, 100, 43801
2026/08/28 13:46:30.644, 0, 100, 43817
2026/08/28 13:46:30.644, 1, 100, 43801
2026/08/28 13:46:30.644, 2, 100, 43801
2026/08/28 13:46:30.644, 3, 100, 43801
2026/08/28 13:46:31.144, 0, 100, 43817
2026/08/28 13:46:31.144, 1, 100, 43801
2026/08/28 13:46:31.144, 2, 100, 43801
2026/08/28 13:46:31.144, 3, 100, 43801
2026/08/28 13:46:31.645, 0, 100, 43817
2026/08/28 13:46:31.645, 1, 100, 43801
2026/08/28 13:46:31.645, 2, 71, 43801
2026/08/28 13:46:31.645, 3, 74, 43801
2026/08/28 13:46:32.145, 0, 100, 43817
2026/08/28 13:46:32.145, 1, 100, 43801
2026/08/28 13:46:32.145, 2, 100, 43801
2026/08/28 13:46:32.145, 3, 100, 43801
2026/08/28 13:46:32.645, 0, 100, 43817
2026/08/28 13:46:32.645, 1, 100, 43801
2026/08/28 13:46:32.645, 2, 100, 43801
2026/08/28 13:46:32.645, 3, 100, 43801
2026/08/28 13:46:33.145, 0, 100, 43817
2026/08/28 13:46:33.145, 1, 100, 43801
2026/08/28 13:46:33.145, 2, 100, 43801
2026/08/28 13:46:33.145, 3, 100, 43801
2026/08/28 13:46:33.645, 0, 100, 43817
2026/08/28 13:46:33.645, 1, 100, 43801
2026/08/28 13:46:33.645, 2, 100, 43801
2026/08/28 13:46:33.645, 3, 100, 43801
2026/08/28 13:46:34.145, 0, 100, 43817
2026/08/28 13:46:34.145, 1, 100, 43801
2026/08/28 13:46:34.145, 2, 100, 43801
2026/08/28 13:46:34.145, 3, 100, 43801
2026/08/28 13:46:34.645, 0, 100, 43817
2026/08/28 13:46:34.645, 1, 100, 43801
2026/08/28 13:46:34.646, 2, 100, 43801
2026/08/28 13:46:34.646, 3, 100, 43801
2026/08/28 13:46:35.146, 0, 100, 43817
2026/08/28 13:46:35.146, 1, 100, 43801
2026/08/28 13:46:35.146, 2, 100, 43801
2026/08/28 13:46:35.146, 3, 100, 43801
2026/08/28 13:46:35.646, 0, 100, 43817
2026/08/28 13:46:35.646, 1, 100, 43801
2026/08/28 13:46:35.646, 2, 100, 43801
2026/08/28 13:46:35.646, 3, 100, 43801
2026/08/28 13:46:36.146, 0, 100, 43817
2026/08/28 13:46:36.146, 1, 28, 43801
2026/08/28 13:46:36.146, 2, 0, 43801
2026/08/28 13:46:36.146, 3, 0, 43801
2026/08/28 13:46:36.646, 0, 0, 43817
2026/08/28 13:46:36.646, 1, 0, 43801
2026/08/28 13:46:36.646, 2, 0, 43801
2026/08/28 13:46:36.646, 3, 0, 43801
2026/08/28 13:46:37.146, 0, 0, 43817
2026/08/28 13:46:37.146, 1, 0, 43801
2026/08/28 13:46:37.146, 2, 0, 43801
2026/08/28 13:46:37.146, 3, 0, 43801
2026/08/28 13:46:37.646, 0, 0, 43817
2026/08/28 13:46:37.646, 1, 0, 43801
2026/08/28 13:46:37.646, 2, 0, 43801
2026/08/28 13:46:37.646, 3, 0, 43801
2026/08/28 13:46:38.146, 0, 0, 43817
2026/08/28 13:46:38.147, 1, 0, 43801
2026/08/28 13:46:38.147, 2, 70, 43801
2026/08/28 13:46:38.147, 3, 46, 43801
2026/08/28 13:46:38.647, 0, 99, 43817
2026/08/28 13:46:38.647, 1, 100, 43801
2026/08/28 13:46:38.647, 2, 100, 43801
2026/08/28 13:46:38.647, 3, 100, 43801
2026/08/28 13:46:39.147, 0, 100, 43817
2026/08/28 13:46:39.147, 1, 100, 43801
2026/08/28 13:46:39.147, 2, 100, 43801
2026/08/28 13:46:39.147, 3, 100, 43801
2026/08/28 13:46:39.647, 0, 100, 43817
2026/08/28 13:46:39.647, 1, 100, 43801
2026/08/28 13:46:39.647, 2, 100, 43801
2026/08/28 13:46:39.647, 3, 100, 43801
2026/08/28 13:46:40.147, 0, 100, 43817
2026/08/28 13:46:40.147, 1, 100, 43801
2026/08/28 13:46:40.147, 2, 100, 43801
2026/08/28 13:46:40.147, 3, 100, 43801
2026/08/28 13:46:40.647, 0, 100, 43817
2026/08/28 13:46:40.647, 1, 100, 43801
2026/08/28 13:46:40.647, 2, 100, 43801
2026/08/28 13:46:40.647, 3, 100, 43801
2026/08/28 13:46:41.147, 0, 100, 43817
2026/08/28 13:46:41.148, 1, 100, 43801
2026/08/28 13:46:41.148, 2, 100, 43801
2026/08/28 13:46:41.148, 3, 100, 43801
2026/08/28 13:46:41.648, 0, 100, 43817
2026/08/28 13:46:41.648, 1, 100, 43801
2026/08/28 13:46:41.648, 2, 100, 43801
2026/08/28 13:46:41.648, 3, 100, 43801
2026/08/28 13:46:42.148, 0, 100, 43817
2026/08/28 13:46:42.148, 1, 100, 43801
2026/08/28 13:46:42.148, 2, 100, 43801
2026/08/28 13:46:42.148, 3, 100, 43801
2026/08/28 13:46:42.648, 0, 100, 43817
2026/08/28 13:46:42.648, 1, 100, 43801
2026/08/28 13:46:42.648, 2, 100, 43801
2026/08/28 13:46:42.648, 3, 100, 43801
2026/08/28 13:46:43.148, 0, 99, 43817
2026/08/28 13:46:43.148, 1, 100, 43801
2026/08/28 13:46:43.148, 2, 100, 43801
2026/08/28 13:46:43.148, 3, 100, 43801
2026/08/28 13:46:43.648, 0, 100, 43817
2026/08/28 13:46:43.648, 1, 100, 43801
2026/08/28 13:46:43.648, 2, 100, 43801
2026/08/28 13:46:43.648, 3, 100, 43801
2026/08/28 13:46:44.148, 0, 100, 43817
2026/08/28 13:46:44.149, 1, 100, 43801
2026/08/28 13:46:44.149, 2, 100, 43801
2026/08/28 13:46:44.149, 3, 100, 43801
2026/08/28 13:46:44.649, 0, 100, 43817
2026/08/28 13:46:44.649, 1, 100, 43801
2026/08/28 13:46:44.649, 2, 100, 43801
2026/08/28 13:46:44.649, 3, 100, 43801
2026/08/28 13:46:45.149, 0, 100, 43817
2026/08/28 13:46:45.149, 1, 100, 43801
2026/08/28 13:46:45.149, 2, 100, 43801
2026/08/28 13:46:45.149, 3, 100, 43801
2026/08/28 13:46:45.649, 0, 100, 43817
2026/08/28 13:46:45.649, 1, 100, 43801
2026/08/28 13:46:45.649, 2, 100, 43801
2026/08/28 13:46:45.649, 3, 100, 43801
2026/08/28 13:46:46.149, 0, 100, 43817
2026/08/28 13:46:46.149, 1, 100, 43801
2026/08/28 13:46:46.149, 2, 100, 43801
2026/08/28 13:46:46.149, 3, 100, 43801
2026/08/28 13:46:46.649, 0, 100, 43817
2026/08/28 13:46:46.649, 1, 100, 43801
2026/08/28 13:46:46.649, 2, 100, 43801
2026/08/28 13:46:46.649, 3, 100, 43801
2026/08/28 13:46:47.150, 0, 100, 43817
2026/08/28 13:46:47.150, 1, 100, 43801
2026/08/28 13:46:47.150, 2, 100, 43801
2026/08/28 13:46:47.150, 3, 100, 43801
2026/08/28 13:46:47.650, 0, 100, 43817
2026/08/28 13:46:47.650, 1, 100, 43801
2026/08/28 13:46:47.650, 2, 100, 43801
2026/08/28 13:46:47.650, 3, 99, 43801
2026/08/28 13:46:48.150, 0, 100, 43817
2026/08/28 13:46:48.150, 1, 100, 43801
2026/08/28 13:46:48.150, 2, 100, 43801
2026/08/28 13:46:48.150, 3, 100, 43801
2026/08/28 13:46:48.650, 0, 100, 43817
2026/08/28 13:46:48.650, 1, 100, 43801
2026/08/28 13:46:48.650, 2, 100, 43801
2026/08/28 13:46:48.650, 3, 100, 43801
2026/08/28 13:46:49.150, 0, 100, 43817
2026/08/28 13:46:49.150, 1, 100, 43801
2026/08/28 13:46:49.150, 2, 100, 43801
2026/08/28 13:46:49.150, 3, 100, 43801
2026/08/28 13:46:49.650, 0, 100, 43817
2026/08/28 13:46:49.651, 1, 100, 43801
2026/08/28 13:46:49.651, 2, 100, 43801
2026/08/28 13:46:49.651, 3, 100, 43801
2026/08/28 13:46:50.151, 0, 100, 43817
2026/08/28 13:46:50.151, 1, 100, 43801
2026/08/28 13:46:50.151, 2, 100, 43801
2026/08/28 13:46:50.151, 3, 100, 43801
2026/08/28 13:46:50.651, 0, 100, 43817
2026/08/28 13:46:50.651, 1, 100, 43801
2026/08/28 13:46:50.651, 2, 100, 43801
2026/08/28 13:46:50.651, 3, 100, 43801
2026/08/28 13:46:51.151, 0, 100, 43817
2026/08/28 13:46:51.151, 1, 100, 43801
2026/08/28 13:46:51.151, 2, 100, 43801
2026/08/28 13:46:51.151, 3, 100, 43801
2026/08/28 13:46:51.651, 0, 100, 43817
2026/08/28 13:46:51.651, 1, 100, 43801
2026/08/28 13:46:51.651, 2, 100, 43801
2026/08/28 13:46:51.651, 3, 100, 43801
2026/08/28 13:46:52.151, 0, 99, 43817
2026/08/28 13:46:52.151, 1, 100, 43801
2026/08/28 13:46:52.151, 2, 99, 43801
2026/08/28 13:46:52.151, 3, 99, 43801
2026/08/28 13:46:52.652, 0, 100, 43817
2026/08/28 13:46:52.652, 1, 100, 43801
2026/08/28 13:46:52.652, 2, 100, 43801
2026/08/28 13:46:52.652, 3, 100, 43801
2026/08/28 13:46:53.152, 0, 100, 43817
2026/08/28 13:46:53.152, 1, 100, 43801
2026/08/28 13:46:53.152, 2, 100, 43801
2026/08/28 13:46:53.152, 3, 100, 43801
2026/08/28 13:46:53.652, 0, 100, 43817
2026/08/28 13:46:53.652, 1, 100, 43801
2026/08/28 13:46:53.652, 2, 100, 43801
2026/08/28 13:46:53.652, 3, 100, 43801
2026/08/28 13:46:54.152, 0, 100, 43817
2026/08/28 13:46:54.152, 1, 100, 43801
2026/08/28 13:46:54.152, 2, 100, 43801
2026/08/28 13:46:54.152, 3, 100, 43801
2026/08/28 13:46:54.652, 0, 100, 43817
2026/08/28 13:46:54.652, 1, 100, 43801
2026/08/28 13:46:54.652, 2, 100, 43801
2026/08/28 13:46:54.652, 3, 100, 43801
2026/08/28 13:46:55.153, 0, 100, 43817
2026/08/28 13:46:55.153, 1, 100, 43801
2026/08/28 13:46:55.153, 2, 100, 43801
2026/08/28 13:46:55.153, 3, 100, 43801
2026/08/28 13:46:55.653, 0, 100, 43817
2026/08/28 13:46:55.653, 1, 100, 43801
2026/08/28 13:46:55.653, 2, 100, 43801
2026/08/28 13:46:55.653, 3, 100, 43801
2026/08/28 13:46:56.153, 0, 100, 43817
2026/08/28 13:46:56.153, 1, 100, 43801
2026/08/28 13:46:56.153, 2, 100, 43801
2026/08/28 13:46:56.153, 3, 100, 43801
2026/08/28 13:46:56.653, 0, 0, 43817
2026/08/28 13:46:56.653, 1, 13, 43801
2026/08/28 13:46:56.653, 2, 0, 43801
2026/08/28 13:46:56.653, 3, 0, 43801
2026/08/28 13:46:57.153, 0, 0, 43817
2026/08/28 13:46:57.153, 1, 0, 43801
2026/08/28 13:46:57.153, 2, 0, 43801
2026/08/28 13:46:57.153, 3, 0, 43801
2026/08/28 13:46:57.653, 0, 0, 43817
2026/08/28 13:46:57.653, 1, 0, 43801
2026/08/28 13:46:57.654, 2, 0, 43801
2026/08/28 13:46:57.654, 3, 0, 43801
2026/08/28 13:46:58.154, 0, 0, 43817
2026/08/28 13:46:58.154, 1, 0, 43801
2026/08/28 13:46:58.154, 2, 0, 43801
2026/08/28 13:46:58.154, 3, 0, 43801
2026/08/28 13:46:58.654, 0, 86, 43817
2026/08/28 13:46:58.654, 1, 16, 43801
2026/08/28 13:46:58.654, 2, 88, 43801
2026/08/28 13:46:58.654, 3, 92, 43801
2026/08/28 13:46:59.154, 0, 100, 43817
2026/08/28 13:46:59.154, 1, 100, 43801
2026/08/28 13:46:59.154, 2, 100, 43801
2026/08/28 13:46:59.154, 3, 100, 43801
2026/08/28 13:46:59.654, 0, 100, 43817
2026/08/28 13:46:59.654, 1, 100, 43801
2026/08/28 13:46:59.654, 2, 100, 43801
2026/08/28 13:46:59.654, 3, 100, 43801
2026/08/28 13:47:00.154, 0, 100, 43817
2026/08/28 13:47:00.154, 1, 100, 43801
2026/08/28 13:47:00.154, 2, 100, 43801
2026/08/28 13:47:00.154, 3, 100, 43801
2026/08/28 13:47:00.655, 0, 100, 43817
2026/08/28 13:47:00.655, 1, 100, 43801
2026/08/28 13:47:00.655, 2, 100, 43801
2026/08/28 13:47:00.655, 3, 100, 43801
2026/08/28 13:47:01.155, 0, 100, 43817
2026/08/28 13:47:01.155, 1, 100, 43801
2026/08/28 13:47:01.155, 2, 100, 43801
2026/08/28 13:47:01.155, 3, 100, 43801
2026/08/28 13:47:01.655, 0, 100, 43817
2026/08/28 13:47:01.655, 1, 100, 43801
2026/08/28 13:47:01.655, 2, 100, 43801
2026/08/28 13:47:01.655, 3, 100, 43801
2026/08/28 13:47:02.155, 0, 100, 43817
2026/08/28 13:47:02.155, 1, 100, 43801
2026/08/28 13:47:02.155, 2, 100, 43801
2026/08/28 13:47:02.155, 3, 100, 43801
2026/08/28 13:47:02.655, 0, 100, 43817
2026/08/28 13:47:02.655, 1, 100, 43801
2026/08/28 13:47:02.655, 2, 100, 43801
2026/08/28 13:47:02.655, 3, 100, 43801
2026/08/28 13:47:03.155, 0, 78, 43817
2026/08/28 13:47:03.155, 1, 77, 43801
2026/08/28 13:47:03.155, 2, 81, 43801
2026/08/28 13:47:03.155, 3, 100, 43801
2026/08/28 13:47:03.655, 0, 100, 43817
2026/08/28 13:47:03.655, 1, 100, 43801
2026/08/28 13:47:03.656, 2, 100, 43801
2026/08/28 13:47:03.656, 3, 100, 43801
2026/08/28 13:47:04.156, 0, 100, 43817
2026/08/28 13:47:04.156, 1, 100, 43801
2026/08/28 13:47:04.156, 2, 100, 43801
2026/08/28 13:47:04.156, 3, 100, 43801
2026/08/28 13:47:04.656, 0, 100, 43817
2026/08/28 13:47:04.656, 1, 100, 43801
2026/08/28 13:47:04.656, 2, 100, 43801
2026/08/28 13:47:04.656, 3, 100, 43801
2026/08/28 13:47:05.156, 0, 100, 43817
2026/08/28 13:47:05.156, 1, 100, 43801
2026/08/28 13:47:05.156, 2, 100, 43801
2026/08/28 13:47:05.156, 3, 100, 43801
2026/08/28 13:47:05.656, 0, 100, 43817
2026/08/28 13:47:05.656, 1, 100, 43801
2026/08/28 13:47:05.656, 2, 100, 43801
2026/08/28 13:47:05.656, 3, 100, 43801
2026/08/28 13:47:06.156, 0, 100, 43817
2026/08/28 13:47:06.156, 1, 100, 43801
2026/08/28 13:47:06.156, 2, 100, 43801
2026/08/28 13:47:06.156, 3, 100, 43801
2026/08/28 13:47:06.656, 0, 100, 43817
2026/08/28 13:47:06.656, 1, 100, 43801
2026/08/28 13:47:06.656, 2, 100, 43801
2026/08/28 13:47:06.656, 3, 100, 43801
2026/08/28 13:47:07.156, 0, 100, 43817
2026/08/28 13:47:07.157, 1, 100, 43801
2026/08/28 13:47:07.157, 2, 100, 43801
2026/08/28 13:47:07.157, 3, 100, 43801
2026/08/28 13:47:07.657, 0, 100, 43817
2026/08/28 13:47:07.657, 1, 100, 43801
2026/08/28 13:47:07.657, 2, 100, 43801
2026/08/28 13:47:07.657, 3, 100, 43801
2026/08/28 13:47:08.157, 0, 100, 43817
2026/08/28 13:47:08.157, 1, 100, 43801
2026/08/28 13:47:08.157, 2, 100, 43801
2026/08/28 13:47:08.157, 3, 100, 43801
2026/08/28 13:47:08.657, 0, 100, 43817
2026/08/28 13:47:08.657, 1, 100, 43801
2026/08/28 13:47:08.657, 2, 100, 43801
2026/08/28 13:47:08.657, 3, 100, 43801
2026/08/28 13:47:09.157, 0, 100, 43817
2026/08/28 13:47:09.157, 1, 100, 43801
2026/08/28 13:47:09.157, 2, 100, 43801
2026/08/28 13:47:09.157, 3, 100, 43801
2026/08/28 13:47:09.657, 0, 100, 43817
2026/08/28 13:47:09.657, 1, 100, 43801
2026/08/28 13:47:09.657, 2, 100, 43801
2026/08/28 13:47:09.657, 3, 100, 43801
2026/08/28 13:47:10.157, 0, 100, 43817
2026/08/28 13:47:10.158, 1, 100, 43801
2026/08/28 13:47:10.158, 2, 100, 43801
2026/08/28 13:47:10.158, 3, 100, 43801
2026/08/28 13:47:10.658, 0, 100, 43817
2026/08/28 13:47:10.658, 1, 100, 43801
2026/08/28 13:47:10.658, 2, 100, 43801
2026/08/28 13:47:10.658, 3, 100, 43801
2026/08/28 13:47:11.158, 0, 100, 43817
2026/08/28 13:47:11.158, 1, 100, 43801
2026/08/28 13:47:11.158, 2, 100, 43801
2026/08/28 13:47:11.158, 3, 100, 43801
2026/08/28 13:47:11.658, 0, 100, 43817
2026/08/28 13:47:11.658, 1, 100, 43801
2026/08/28 13:47:11.658, 2, 100, 43801
2026/08/28 13:47:11.658, 3, 100, 43801
2026/08/28 13:47:12.158, 0, 100, 43817
2026/08/28 13:47:12.158, 1, 100, 43801
2026/08/28 13:47:12.158, 2, 100, 43801
2026/08/28 13:47:12.158, 3, 96, 43801
2026/08/28 13:47:12.658, 0, 100, 43817
2026/08/28 13:47:12.658, 1, 99, 43801
2026/08/28 13:47:12.658, 2, 100, 43801
2026/08/28 13:47:12.658, 3, 100, 43801
2026/08/28 13:47:13.158, 0, 100, 43817
2026/08/28 13:47:13.158, 1, 100, 43801
2026/08/28 13:47:13.159, 2, 100, 43801
2026/08/28 13:47:13.159, 3, 100, 43801
2026/08/28 13:47:13.659, 0, 100, 43817
2026/08/28 13:47:13.659, 1, 100, 43801
2026/08/28 13:47:13.659, 2, 100, 43801
2026/08/28 13:47:13.659, 3, 100, 43801
2026/08/28 13:47:14.159, 0, 100, 43817
2026/08/28 13:47:14.159, 1, 100, 43801
2026/08/28 13:47:14.159, 2, 100, 43801
2026/08/28 13:47:14.159, 3, 100, 43801
2026/08/28 13:47:14.659, 0, 100, 43817
2026/08/28 13:47:14.659, 1, 100, 43801
2026/08/28 13:47:14.659, 2, 100, 43801
2026/08/28 13:47:14.659, 3, 100, 43801
2026/08/28 13:47:15.159, 0, 100, 43817
2026/08/28 13:47:15.159, 1, 100, 43801
2026/08/28 13:47:15.159, 2, 100, 43801
2026/08/28 13:47:15.159, 3, 100, 43801
2026/08/28 13:47:15.659, 0, 100, 43817
2026/08/28 13:47:15.659, 1, 100, 43801
2026/08/28 13:47:15.659, 2, 100, 43801
2026/08/28 13:47:15.659, 3, 100, 43801
2026/08/28 13:47:16.159, 0, 100, 43817
2026/08/28 13:47:16.160, 1, 100, 43801
2026/08/28 13:47:16.160, 2, 100, 43801
2026/08/28 13:47:16.160, 3, 100, 43801
2026/08/28 13:47:16.660, 0, 100, 43817
2026/08/28 13:47:16.660, 1, 100, 43801
2026/08/28 13:47:16.660, 2, 100, 43801
2026/08/28 13:47:16.660, 3, 100, 43801
2026/08/28 13:47:17.160, 0, 0, 43817
2026/08/28 13:47:17.160, 1, 0, 43801
2026/08/28 13:47:17.160, 2, 0, 43801
2026/08/28 13:47:17.160, 3, 0, 43801
2026/08/28 13:47:17.660, 0, 0, 43817
2026/08/28 13:47:17.660, 1, 0, 43801
2026/08/28 13:47:17.660, 2, 0, 43801
2026/08/28 13:47:17.660, 3, 0, 43801
2026/08/28 13:47:18.160, 0, 0, 43817
2026/08/28 13:47:18.160, 1, 0, 43801
2026/08/28 13:47:18.160, 2, 0, 43801
2026/08/28 13:47:18.160, 3, 0, 43801
2026/08/28 13:47:18.660, 0, 0, 43817
2026/08/28 13:47:18.660, 1, 0, 43801
2026/08/28 13:47:18.660, 2, 0, 43801
2026/08/28 13:47:18.660, 3, 0, 43801
2026/08/28 13:47:19.160, 0, 100, 43817
2026/08/28 13:47:19.160, 1, 100, 43801
2026/08/28 13:47:19.161, 2, 100, 43801
2026/08/28 13:47:19.161, 3, 100, 43801
2026/08/28 13:47:19.661, 0, 100, 43817
2026/08/28 13:47:19.661, 1, 100, 43801
2026/08/28 13:47:19.661, 2, 100, 43801
2026/08/28 13:47:19.661, 3, 100, 43801
2026/08/28 13:47:20.161, 0, 100, 43817
2026/08/28 13:47:20.161, 1, 100, 43801
2026/08/28 13:47:20.161, 2, 100, 43801
2026/08/28 13:47:20.161, 3, 100, 43801
2026/08/28 13:47:20.661, 0, 100, 43817
2026/08/28 13:47:20.661, 1, 100, 43801
2026/08/28 13:47:20.661, 2, 100, 43801
2026/08/28 13:47:20.661, 3, 100, 43801
2026/08/28 13:47:21.161, 0, 100, 43817
2026/08/28 13:47:21.161, 1, 100, 43801
2026/08/28 13:47:21.161, 2, 100, 43801
2026/08/28 13:47:21.161, 3, 100, 43801
2026/08/28 13:47:21.661, 0, 100, 43817
2026/08/28 13:47:21.661, 1, 100, 43801
2026/08/28 13:47:21.661, 2, 100, 43801
2026/08/28 13:47:21.661, 3, 100, 43801
2026/08/28 13:47:22.161, 0, 100, 43817
2026/08/28 13:47:22.162, 1, 100, 43801
2026/08/28 13:47:22.162, 2, 100, 43801
2026/08/28 13:47:22.162, 3, 100, 43801
2026/08/28 13:47:22.662, 0, 100, 43817
2026/08/28 13:47:22.662, 1, 100, 43801
2026/08/28 13:47:22.662, 2, 100, 43801
2026/08/28 13:47:22.662, 3, 100, 43801
2026/08/28 13:47:23.162, 0, 100, 43817
2026/08/28 13:47:23.162, 1, 100, 43801
2026/08/28 13:47:23.162, 2, 100, 43801
2026/08/28 13:47:23.162, 3, 100, 43801
2026/08/28 13:47:23.662, 0, 100, 43817
2026/08/28 13:47:23.662, 1, 100, 43801
2026/08/28 13:47:23.662, 2, 100, 43801
2026/08/28 13:47:23.662, 3, 100, 43801
2026/08/28 13:47:24.162, 0, 100, 43817
2026/08/28 13:47:24.162, 1, 100, 43801
2026/08/28 13:47:24.162, 2, 100, 43801
2026/08/28 13:47:24.162, 3, 100, 43801
2026/08/28 13:47:24.662, 0, 100, 43817
2026/08/28 13:47:24.662, 1, 100, 43801
2026/08/28 13:47:24.662, 2, 100, 43801
2026/08/28 13:47:24.662, 3, 100, 43801
2026/08/28 13:47:25.162, 0, 100, 43817
2026/08/28 13:47:25.163, 1, 100, 43801
2026/08/28 13:47:25.163, 2, 100, 43801
2026/08/28 13:47:25.163, 3, 100, 43801
2026/08/28 13:47:25.663, 0, 100, 43817
2026/08/28 13:47:25.663, 1, 100, 43801
2026/08/28 13:47:25.663, 2, 100, 43801
2026/08/28 13:47:25.663, 3, 100, 43801
2026/08/28 13:47:26.163, 0, 100, 43817
2026/08/28 13:47:26.163, 1, 100, 43801
2026/08/28 13:47:26.163, 2, 100, 43801
2026/08/28 13:47:26.163, 3, 100, 43801
2026/08/28 13:47:26.663, 0, 100, 43817
2026/08/28 13:47:26.663, 1, 100, 43801
2026/08/28 13:47:26.663, 2, 100, 43801
2026/08/28 13:47:26.663, 3, 100, 43801
2026/08/28 13:47:27.163, 0, 100, 43817
2026/08/28 13:47:27.163, 1, 100, 43801
2026/08/28 13:47:27.163, 2, 100, 43801
2026/08/28 13:47:27.163, 3, 100, 43801
2026/08/28 13:47:27.663, 0, 100, 43817
2026/08/28 13:47:27.663, 1, 100, 43801
2026/08/28 13:47:27.663, 2, 100, 43801
2026/08/28 13:47:27.663, 3, 100, 43801
2026/08/28 13:47:28.163, 0, 100, 43817
2026/08/28 13:47:28.164, 1, 100, 43801
2026/08/28 13:47:28.164, 2, 100, 43801
2026/08/28 13:47:28.164, 3, 100, 43801
2026/08/28 13:47:28.664, 0, 100, 43817
2026/08/28 13:47:28.664, 1, 100, 43801
2026/08/28 13:47:28.664, 2, 100, 43801
2026/08/28 13:47:28.664, 3, 100, 43801
2026/08/28 13:47:29.164, 0, 100, 43817
2026/08/28 13:47:29.164, 1, 100, 43801
2026/08/28 13:47:29.164, 2, 100, 43801
2026/08/28 13:47:29.164, 3, 100, 43801
2026/08/28 13:47:29.664, 0, 100, 43817
2026/08/28 13:47:29.664, 1, 100, 43801
2026/08/28 13:47:29.664, 2, 100, 43801
2026/08/28 13:47:29.664, 3, 100, 43801
2026/08/28 13:47:30.164, 0, 100, 43817
2026/08/28 13:47:30.164, 1, 100, 43801
2026/08/28 13:47:30.164, 2, 100, 43801
2026/08/28 13:47:30.164, 3, 100, 43801
2026/08/28 13:47:30.664, 0, 100, 43817
2026/08/28 13:47:30.664, 1, 100, 43801
2026/08/28 13:47:30.664, 2, 100, 43801
2026/08/28 13:47:30.664, 3, 100, 43801
2026/08/28 13:47:31.164, 0, 100, 43817
2026/08/28 13:47:31.165, 1, 100, 43801
2026/08/28 13:47:31.165, 2, 100, 43801
2026/08/28 13:47:31.165, 3, 100, 43801
2026/08/28 13:47:31.665, 0, 100, 43817
2026/08/28 13:47:31.665, 1, 100, 43801
2026/08/28 13:47:31.665, 2, 100, 43801
2026/08/28 13:47:31.665, 3, 100, 43801
2026/08/28 13:47:32.165, 0, 100, 43817
2026/08/28 13:47:32.165, 1, 100, 43801
2026/08/28 13:47:32.165, 2, 100, 43801
2026/08/28 13:47:32.165, 3, 100, 43801
2026/08/28 13:47:32.665, 0, 72, 43817
2026/08/28 13:47:32.665, 1, 85, 43801
2026/08/28 13:47:32.665, 2, 70, 43801
2026/08/28 13:47:32.665, 3, 71, 43801
2026/08/28 13:47:33.165, 0, 100, 43817
2026/08/28 13:47:33.165, 1, 100, 43801
2026/08/28 13:47:33.165, 2, 100, 43801
2026/08/28 13:47:33.165, 3, 100, 43801
2026/08/28 13:47:33.665, 0, 100, 43817
2026/08/28 13:47:33.665, 1, 100, 43801
2026/08/28 13:47:33.665, 2, 100, 43801
2026/08/28 13:47:33.665, 3, 100, 43801
2026/08/28 13:47:34.166, 0, 100, 43817
2026/08/28 13:47:34.166, 1, 100, 43801
2026/08/28 13:47:34.166, 2, 100, 43801
2026/08/28 13:47:34.166, 3, 100, 43801
2026/08/28 13:47:34.666, 0, 100, 43817
2026/08/28 13:47:34.666, 1, 100, 43801
2026/08/28 13:47:34.666, 2, 100, 43801
2026/08/28 13:47:34.666, 3, 100, 43801
2026/08/28 13:47:35.166, 0, 100, 43817
2026/08/28 13:47:35.166, 1, 100, 43801
2026/08/28 13:47:35.166, 2, 100, 43801
2026/08/28 13:47:35.166, 3, 100, 43801
2026/08/28 13:47:35.666, 0, 100, 43817
2026/08/28 13:47:35.666, 1, 100, 43801
2026/08/28 13:47:35.666, 2, 100, 43801
2026/08/28 13:47:35.666, 3, 100, 43801
2026/08/28 13:47:36.166, 0, 100, 43817
2026/08/28 13:47:36.166, 1, 100, 43801
2026/08/28 13:47:36.166, 2, 100, 43801
2026/08/28 13:47:36.166, 3, 100, 43801
2026/08/28 13:47:36.666, 0, 100, 43817
2026/08/28 13:47:36.666, 1, 100, 43801
2026/08/28 13:47:36.666, 2, 100, 43801
2026/08/28 13:47:36.666, 3, 100, 43801
2026/08/28 13:47:37.166, 0, 32, 43817
2026/08/28 13:47:37.167, 1, 59, 43801
2026/08/28 13:47:37.167, 2, 25, 43801
2026/08/28 13:47:37.167, 3, 4, 43801
2026/08/28 13:47:37.667, 0, 0, 43817
2026/08/28 13:47:37.667, 1, 0, 43801
2026/08/28 13:47:37.667, 2, 0, 43801
2026/08/28 13:47:37.667, 3, 0, 43801
2026/08/28 13:47:38.167, 0, 0, 43817
2026/08/28 13:47:38.167, 1, 0, 43801
2026/08/28 13:47:38.167, 2, 0, 43801
2026/08/28 13:47:38.167, 3, 0, 43801
2026/08/28 13:47:38.667, 0, 0, 43817
2026/08/28 13:47:38.667, 1, 0, 43801
2026/08/28 13:47:38.667, 2, 0, 43801
2026/08/28 13:47:38.667, 3, 0, 43801
2026/08/28 13:47:39.167, 0, 0, 43817
2026/08/28 13:47:39.167, 1, 0, 43801
2026/08/28 13:47:39.167, 2, 0, 43801
2026/08/28 13:47:39.167, 3, 0, 43801
2026/08/28 13:47:39.667, 0, 100, 43817
2026/08/28 13:47:39.667, 1, 100, 43801
2026/08/28 13:47:39.667, 2, 100, 43801
2026/08/28 13:47:39.667, 3, 100, 43801
2026/08/28 13:47:40.168, 0, 100, 43817
2026/08/28 13:47:40.168, 1, 100, 43801
2026/08/28 13:47:40.168, 2, 100, 43801
2026/08/28 13:47:40.168, 3, 100, 43801
2026/08/28 13:47:40.668, 0, 100, 43817
2026/08/28 13:47:40.668, 1, 100, 43801
2026/08/28 13:47:40.668, 2, 100, 43801
2026/08/28 13:47:40.668, 3, 100, 43801
2026/08/28 13:47:41.168, 0, 100, 43817
2026/08/28 13:47:41.168, 1, 100, 43801
2026/08/28 13:47:41.168, 2, 100, 43801
2026/08/28 13:47:41.168, 3, 100, 43801
2026/08/28 13:47:41.668, 0, 100, 43817
2026/08/28 13:47:41.668, 1, 100, 43801
2026/08/28 13:47:41.668, 2, 100, 43801
2026/08/28 13:47:41.668, 3, 100, 43801
2026/08/28 13:47:42.168, 0, 100, 43817
2026/08/28 13:47:42.168, 1, 100, 43801
2026/08/28 13:47:42.168, 2, 100, 43801
2026/08/28 13:47:42.168, 3, 100, 43801
2026/08/28 13:47:42.668, 0, 100, 43817
2026/08/28 13:47:42.668, 1, 100, 43801
2026/08/28 13:47:42.668, 2, 100, 43801
2026/08/28 13:47:42.668, 3, 100, 43801
2026/08/28 13:47:43.168, 0, 100, 43817
2026/08/28 13:47:43.169, 1, 100, 43801
2026/08/28 13:47:43.169, 2, 100, 43801
2026/08/28 13:47:43.169, 3, 100, 43801
2026/08/28 13:47:43.669, 0, 100, 43817
2026/08/28 13:47:43.669, 1, 100, 43801
2026/08/28 13:47:43.669, 2, 100, 43801
2026/08/28 13:47:43.669, 3, 100, 43801
2026/08/28 13:47:44.169, 0, 100, 43817
2026/08/28 13:47:44.169, 1, 100, 43801
2026/08/28 13:47:44.169, 2, 100, 43801
2026/08/28 13:47:44.169, 3, 100, 43801
2026/08/28 13:47:44.669, 0, 100, 43817
2026/08/28 13:47:44.669, 1, 100, 43801
2026/08/28 13:47:44.669, 2, 100, 43801
2026/08/28 13:47:44.669, 3, 100, 43801
2026/08/28 13:47:45.169, 0, 100, 43817
2026/08/28 13:47:45.169, 1, 100, 43801
2026/08/28 13:47:45.169, 2, 100, 43801
2026/08/28 13:47:45.169, 3, 100, 43801
2026/08/28 13:47:45.669, 0, 100, 43817
2026/08/28 13:47:45.670, 1, 100, 43801
2026/08/28 13:47:45.670, 2, 100, 43801
2026/08/28 13:47:45.670, 3, 100, 43801
2026/08/28 13:47:46.170, 0, 100, 43817
2026/08/28 13:47:46.170, 1, 100, 43801
2026/08/28 13:47:46.170, 2, 100, 43801
2026/08/28 13:47:46.170, 3, 100, 43801
2026/08/28 13:47:46.670, 0, 100, 43817
2026/08/28 13:47:46.670, 1, 100, 43801
2026/08/28 13:47:46.670, 2, 100, 43801
2026/08/28 13:47:46.670, 3, 100, 43801
2026/08/28 13:47:47.170, 0, 100, 43817
2026/08/28 13:47:47.170, 1, 100, 43801
2026/08/28 13:47:47.170, 2, 100, 43801
2026/08/28 13:47:47.170, 3, 100, 43801
2026/08/28 13:47:47.670, 0, 100, 43817
2026/08/28 13:47:47.670, 1, 100, 43801
2026/08/28 13:47:47.670, 2, 100, 43801
2026/08/28 13:47:47.670, 3, 100, 43801
2026/08/28 13:47:48.170, 0, 100, 43817
2026/08/28 13:47:48.170, 1, 100, 43801
2026/08/28 13:47:48.170, 2, 100, 43801
2026/08/28 13:47:48.170, 3, 100, 43801
2026/08/28 13:47:48.670, 0, 100, 43817
2026/08/28 13:47:48.670, 1, 100, 43801
2026/08/28 13:47:48.670, 2, 100, 43801
2026/08/28 13:47:48.670, 3, 100, 43801
2026/08/28 13:47:49.170, 0, 100, 43817
2026/08/28 13:47:49.170, 1, 100, 43801
2026/08/28 13:47:49.170, 2, 100, 43801
2026/08/28 13:47:49.170, 3, 100, 43801
2026/08/28 13:47:49.671, 0, 100, 43817
2026/08/28 13:47:49.671, 1, 100, 43801
2026/08/28 13:47:49.671, 2, 100, 43801
2026/08/28 13:47:49.671, 3, 100, 43801
2026/08/28 13:47:50.171, 0, 100, 43817
2026/08/28 13:47:50.171, 1, 100, 43801
2026/08/28 13:47:50.171, 2, 100, 43801
2026/08/28 13:47:50.171, 3, 100, 43801
2026/08/28 13:47:50.671, 0, 100, 43817
2026/08/28 13:47:50.671, 1, 100, 43801
2026/08/28 13:47:50.671, 2, 100, 43801
2026/08/28 13:47:50.671, 3, 100, 43801
2026/08/28 13:47:51.171, 0, 100, 43817
2026/08/28 13:47:51.171, 1, 100, 43801
2026/08/28 13:47:51.171, 2, 100, 43801
2026/08/28 13:47:51.171, 3, 100, 43801
2026/08/28 13:47:51.671, 0, 100, 43817
2026/08/28 13:47:51.671, 1, 100, 43801
2026/08/28 13:47:51.671, 2, 100, 43801
2026/08/28 13:47:51.671, 3, 100, 43801
2026/08/28 13:47:52.171, 0, 100, 43817
2026/08/28 13:47:52.171, 1, 100, 43801
2026/08/28 13:47:52.171, 2, 100, 43801
2026/08/28 13:47:52.171, 3, 100, 43801
2026/08/28 13:47:52.671, 0, 100, 43817
2026/08/28 13:47:52.672, 1, 100, 43801
2026/08/28 13:47:52.672, 2, 100, 43801
2026/08/28 13:47:52.672, 3, 100, 43801
2026/08/28 13:47:53.172, 0, 100, 43817
2026/08/28 13:47:53.172, 1, 100, 43801
2026/08/28 13:47:53.172, 2, 100, 43801
2026/08/28 13:47:53.172, 3, 100, 43801
2026/08/28 13:47:53.672, 0, 100, 43817
2026/08/28 13:47:53.672, 1, 100, 43801
2026/08/28 13:47:53.672, 2, 100, 43801
2026/08/28 13:47:53.672, 3, 100, 43801
2026/08/28 13:47:54.172, 0, 100, 43817
2026/08/28 13:47:54.172, 1, 100, 43801
2026/08/28 13:47:54.172, 2, 100, 43801
2026/08/28 13:47:54.172, 3, 100, 43801
2026/08/28 13:47:54.672, 0, 100, 43817
2026/08/28 13:47:54.672, 1, 100, 43801
2026/08/28 13:47:54.672, 2, 100, 43801
2026/08/28 13:47:54.672, 3, 100, 43801
2026/08/28 13:47:55.172, 0, 100, 43817
2026/08/28 13:47:55.172, 1, 100, 43801
2026/08/28 13:47:55.172, 2, 100, 43801
2026/08/28 13:47:55.172, 3, 100, 43801
2026/08/28 13:47:55.673, 0, 100, 43817
2026/08/28 13:47:55.673, 1, 100, 43801
2026/08/28 13:47:55.673, 2, 100, 43801
2026/08/28 13:47:55.673, 3, 100, 43801
2026/08/28 13:47:56.173, 0, 100, 43817
2026/08/28 13:47:56.173, 1, 100, 43801
2026/08/28 13:47:56.173, 2, 100, 43801
2026/08/28 13:47:56.173, 3, 100, 43801
2026/08/28 13:47:56.673, 0, 100, 43817
2026/08/28 13:47:56.673, 1, 100, 43801
2026/08/28 13:47:56.673, 2, 100, 43801
2026/08/28 13:47:56.673, 3, 100, 43801
2026/08/28 13:47:57.173, 0, 100, 43817
2026/08/28 13:47:57.173, 1, 100, 43801
2026/08/28 13:47:57.173, 2, 100, 43801
2026/08/28 13:47:57.173, 3, 100, 43801
2026/08/28 13:47:57.673, 0, 0, 43817
2026/08/28 13:47:57.673, 1, 13, 43801
2026/08/28 13:47:57.673, 2, 0, 43801
2026/08/28 13:47:57.673, 3, 0, 43801
2026/08/28 13:47:58.173, 0, 0, 43817
2026/08/28 13:47:58.173, 1, 0, 43801
2026/08/28 13:47:58.173, 2, 0, 43801
2026/08/28 13:47:58.173, 3, 0, 43801
2026/08/28 13:47:58.673, 0, 0, 43817
2026/08/28 13:47:58.673, 1, 0, 43801
2026/08/28 13:47:58.673, 2, 0, 43801
2026/08/28 13:47:58.673, 3, 0, 43801
2026/08/28 13:47:59.174, 0, 0, 43817
2026/08/28 13:47:59.174, 1, 0, 43801
2026/08/28 13:47:59.174, 2, 0, 43801
2026/08/28 13:47:59.174, 3, 0, 43801
2026/08/28 13:47:59.674, 0, 90, 43817
2026/08/28 13:47:59.674, 1, 43, 43801
2026/08/28 13:47:59.674, 2, 92, 43801
2026/08/28 13:47:59.674, 3, 97, 43801
2026/08/28 13:48:00.174, 0, 100, 43817
2026/08/28 13:48:00.174, 1, 100, 43801
2026/08/28 13:48:00.174, 2, 100, 43801
2026/08/28 13:48:00.174, 3, 100, 43801
2026/08/28 13:48:00.674, 0, 100, 43817
2026/08/28 13:48:00.674, 1, 100, 43801
2026/08/28 13:48:00.674, 2, 100, 43801
2026/08/28 13:48:00.674, 3, 100, 43801
2026/08/28 13:48:01.174, 0, 100, 43817
2026/08/28 13:48:01.174, 1, 100, 43801
2026/08/28 13:48:01.174, 2, 100, 43801
2026/08/28 13:48:01.174, 3, 100, 43801
2026/08/28 13:48:01.674, 0, 100, 43817
2026/08/28 13:48:01.674, 1, 100, 43801
2026/08/28 13:48:01.674, 2, 100, 43801
2026/08/28 13:48:01.674, 3, 100, 43801
2026/08/28 13:48:02.175, 0, 100, 43817
2026/08/28 13:48:02.175, 1, 100, 43801
2026/08/28 13:48:02.175, 2, 100, 43801
2026/08/28 13:48:02.175, 3, 100, 43801
2026/08/28 13:48:02.675, 0, 100, 43817
2026/08/28 13:48:02.675, 1, 100, 43801
2026/08/28 13:48:02.675, 2, 100, 43801
2026/08/28 13:48:02.675, 3, 100, 43801
2026/08/28 13:48:03.175, 0, 100, 43817
2026/08/28 13:48:03.175, 1, 100, 43801
2026/08/28 13:48:03.175, 2, 100, 43801
2026/08/28 13:48:03.175, 3, 100, 43801
2026/08/28 13:48:03.675, 0, 100, 43817
2026/08/28 13:48:03.675, 1, 100, 43801
2026/08/28 13:48:03.675, 2, 100, 43801
2026/08/28 13:48:03.675, 3, 100, 43801
2026/08/28 13:48:04.175, 0, 94, 43817
2026/08/28 13:48:04.175, 1, 78, 43801
2026/08/28 13:48:04.175, 2, 100, 43801
2026/08/28 13:48:04.175, 3, 100, 43801
2026/08/28 13:48:04.675, 0, 100, 43817
2026/08/28 13:48:04.676, 1, 100, 43801
2026/08/28 13:48:04.676, 2, 100, 43801
2026/08/28 13:48:04.676, 3, 100, 43801
2026/08/28 13:48:05.176, 0, 100, 43817
2026/08/28 13:48:05.176, 1, 100, 43801
2026/08/28 13:48:05.176, 2, 100, 43801
2026/08/28 13:48:05.176, 3, 100, 43801
2026/08/28 13:48:05.676, 0, 100, 43817
2026/08/28 13:48:05.676, 1, 100, 43801
2026/08/28 13:48:05.676, 2, 100, 43801
2026/08/28 13:48:05.676, 3, 100, 43801
2026/08/28 13:48:06.176, 0, 100, 43817
2026/08/28 13:48:06.176, 1, 100, 43801
2026/08/28 13:48:06.176, 2, 100, 43801
2026/08/28 13:48:06.176, 3, 100, 43801
2026/08/28 13:48:06.676, 0, 100, 43817
2026/08/28 13:48:06.676, 1, 100, 43801
2026/08/28 13:48:06.676, 2, 100, 43801
2026/08/28 13:48:06.676, 3, 100, 43801
2026/08/28 13:48:07.176, 0, 100, 43817
2026/08/28 13:48:07.176, 1, 100, 43801
2026/08/28 13:48:07.176, 2, 100, 43801
2026/08/28 13:48:07.176, 3, 100, 43801
2026/08/28 13:48:07.677, 0, 100, 43817
2026/08/28 13:48:07.677, 1, 100, 43801
2026/08/28 13:48:07.677, 2, 100, 43801
2026/08/28 13:48:07.677, 3, 100, 43801
2026/08/28 13:48:08.177, 0, 100, 43817
2026/08/28 13:48:08.177, 1, 100, 43801
2026/08/28 13:48:08.177, 2, 100, 43801
2026/08/28 13:48:08.177, 3, 100, 43801
2026/08/28 13:48:08.677, 0, 100, 43817
2026/08/28 13:48:08.677, 1, 100, 43801
2026/08/28 13:48:08.677, 2, 100, 43801
2026/08/28 13:48:08.677, 3, 100, 43801
2026/08/28 13:48:09.177, 0, 100, 43817
2026/08/28 13:48:09.177, 1, 100, 43801
2026/08/28 13:48:09.177, 2, 100, 43801
2026/08/28 13:48:09.177, 3, 100, 43801
2026/08/28 13:48:09.677, 0, 100, 43817
2026/08/28 13:48:09.677, 1, 100, 43801
2026/08/28 13:48:09.677, 2, 100, 43801
2026/08/28 13:48:09.677, 3, 100, 43801
2026/08/28 13:48:10.177, 0, 100, 43817
2026/08/28 13:48:10.178, 1, 100, 43801
2026/08/28 13:48:10.178, 2, 100, 43801
2026/08/28 13:48:10.178, 3, 100, 43801
2026/08/28 13:48:10.678, 0, 100, 43817
2026/08/28 13:48:10.678, 1, 100, 43801
2026/08/28 13:48:10.678, 2, 100, 43801
2026/08/28 13:48:10.678, 3, 100, 43801
2026/08/28 13:48:11.178, 0, 100, 43817
2026/08/28 13:48:11.178, 1, 100, 43801
2026/08/28 13:48:11.178, 2, 100, 43801
2026/08/28 13:48:11.178, 3, 100, 43801
2026/08/28 13:48:11.678, 0, 100, 43817
2026/08/28 13:48:11.678, 1, 100, 43801
2026/08/28 13:48:11.678, 2, 100, 43801
2026/08/28 13:48:11.678, 3, 100, 43801
2026/08/28 13:48:12.178, 0, 100, 43817
2026/08/28 13:48:12.178, 1, 100, 43801
2026/08/28 13:48:12.178, 2, 100, 43801
2026/08/28 13:48:12.178, 3, 100, 43801
2026/08/28 13:48:12.678, 0, 100, 43817
2026/08/28 13:48:12.678, 1, 100, 43801
2026/08/28 13:48:12.678, 2, 100, 43801
2026/08/28 13:48:12.678, 3, 100, 43801
2026/08/28 13:48:13.178, 0, 100, 43817
2026/08/28 13:48:13.178, 1, 100, 43801
2026/08/28 13:48:13.178, 2, 100, 43801
2026/08/28 13:48:13.178, 3, 97, 43801
2026/08/28 13:48:13.678, 0, 100, 43817
2026/08/28 13:48:13.679, 1, 99, 43801
2026/08/28 13:48:13.679, 2, 100, 43801
2026/08/28 13:48:13.679, 3, 100, 43801
2026/08/28 13:48:14.179, 0, 100, 43817
2026/08/28 13:48:14.179, 1, 100, 43801
2026/08/28 13:48:14.179, 2, 100, 43801
2026/08/28 13:48:14.179, 3, 100, 43801
2026/08/28 13:48:14.679, 0, 100, 43817
2026/08/28 13:48:14.679, 1, 100, 43801
2026/08/28 13:48:14.679, 2, 100, 43801
2026/08/28 13:48:14.679, 3, 100, 43801
2026/08/28 13:48:15.179, 0, 100, 43817
2026/08/28 13:48:15.179, 1, 100, 43801
2026/08/28 13:48:15.179, 2, 100, 43801
2026/08/28 13:48:15.179, 3, 100, 43801
2026/08/28 13:48:15.679, 0, 100, 43817
2026/08/28 13:48:15.679, 1, 100, 43801
2026/08/28 13:48:15.679, 2, 100, 43801
2026/08/28 13:48:15.679, 3, 100, 43801
2026/08/28 13:48:16.179, 0, 100, 43817
2026/08/28 13:48:16.179, 1, 100, 43801
2026/08/28 13:48:16.179, 2, 100, 43801
2026/08/28 13:48:16.179, 3, 100, 43801
2026/08/28 13:48:16.679, 0, 100, 43817
2026/08/28 13:48:16.680, 1, 100, 43801
2026/08/28 13:48:16.680, 2, 100, 43801
2026/08/28 13:48:16.680, 3, 100, 43801
2026/08/28 13:48:17.180, 0, 100, 43817
2026/08/28 13:48:17.180, 1, 100, 43801
2026/08/28 13:48:17.180, 2, 100, 43801
2026/08/28 13:48:17.180, 3, 100, 43801
2026/08/28 13:48:17.680, 0, 100, 43817
2026/08/28 13:48:17.680, 1, 100, 43801
2026/08/28 13:48:17.680, 2, 100, 43801
2026/08/28 13:48:17.680, 3, 100, 43801
2026/08/28 13:48:18.180, 0, 0, 43817
2026/08/28 13:48:18.180, 1, 0, 43801
2026/08/28 13:48:18.180, 2, 0, 43801
2026/08/28 13:48:18.180, 3, 0, 43801
2026/08/28 13:48:18.680, 0, 0, 43817
2026/08/28 13:48:18.680, 1, 0, 43801
2026/08/28 13:48:18.680, 2, 0, 43801
2026/08/28 13:48:18.680, 3, 0, 43801
2026/08/28 13:48:19.180, 0, 0, 43817
2026/08/28 13:48:19.180, 1, 0, 43801
2026/08/28 13:48:19.180, 2, 0, 43801
2026/08/28 13:48:19.180, 3, 0, 43801
2026/08/28 13:48:19.680, 0, 0, 43817
2026/08/28 13:48:19.680, 1, 0, 43801
2026/08/28 13:48:19.681, 2, 0, 43801
2026/08/28 13:48:19.681, 3, 0, 43801
2026/08/28 13:48:20.181, 0, 99, 43817
2026/08/28 13:48:20.181, 1, 100, 43801
2026/08/28 13:48:20.181, 2, 99, 43801
2026/08/28 13:48:20.181, 3, 100, 43801
2026/08/28 13:48:20.681, 0, 100, 43817
2026/08/28 13:48:20.681, 1, 100, 43801
2026/08/28 13:48:20.681, 2, 100, 43801
2026/08/28 13:48:20.681, 3, 100, 43801
2026/08/28 13:48:21.181, 0, 100, 43817
2026/08/28 13:48:21.181, 1, 100, 43801
2026/08/28 13:48:21.181, 2, 100, 43801
2026/08/28 13:48:21.181, 3, 100, 43801
2026/08/28 13:48:21.681, 0, 100, 43817
2026/08/28 13:48:21.681, 1, 100, 43801
2026/08/28 13:48:21.681, 2, 100, 43801
2026/08/28 13:48:21.681, 3, 100, 43801
2026/08/28 13:48:22.181, 0, 100, 43817
2026/08/28 13:48:22.181, 1, 100, 43801
2026/08/28 13:48:22.181, 2, 100, 43801
2026/08/28 13:48:22.181, 3, 100, 43801
2026/08/28 13:48:22.682, 0, 100, 43817
2026/08/28 13:48:22.682, 1, 100, 43801
2026/08/28 13:48:22.682, 2, 100, 43801
2026/08/28 13:48:22.682, 3, 100, 43801
2026/08/28 13:48:23.182, 0, 100, 43817
2026/08/28 13:48:23.182, 1, 100, 43801
2026/08/28 13:48:23.182, 2, 100, 43801
2026/08/28 13:48:23.182, 3, 100, 43801
2026/08/28 13:48:23.682, 0, 100, 43817
2026/08/28 13:48:23.682, 1, 100, 43801
2026/08/28 13:48:23.682, 2, 100, 43801
2026/08/28 13:48:23.682, 3, 100, 43801
2026/08/28 13:48:24.182, 0, 100, 43817
2026/08/28 13:48:24.182, 1, 100, 43801
2026/08/28 13:48:24.182, 2, 100, 43801
2026/08/28 13:48:24.182, 3, 100, 43801
2026/08/28 13:48:24.682, 0, 100, 43817
2026/08/28 13:48:24.682, 1, 100, 43801
2026/08/28 13:48:24.682, 2, 100, 43801
2026/08/28 13:48:24.682, 3, 100, 43801
2026/08/28 13:48:25.182, 0, 100, 43817
2026/08/28 13:48:25.182, 1, 100, 43801
2026/08/28 13:48:25.182, 2, 100, 43801
2026/08/28 13:48:25.183, 3, 100, 43801
2026/08/28 13:48:25.683, 0, 100, 43817
2026/08/28 13:48:25.683, 1, 100, 43801
2026/08/28 13:48:25.683, 2, 100, 43801
2026/08/28 13:48:25.683, 3, 100, 43801
2026/08/28 13:48:26.183, 0, 100, 43817
2026/08/28 13:48:26.183, 1, 100, 43801
2026/08/28 13:48:26.183, 2, 100, 43801
2026/08/28 13:48:26.183, 3, 100, 43801
2026/08/28 13:48:26.683, 0, 100, 43817
2026/08/28 13:48:26.683, 1, 100, 43801
2026/08/28 13:48:26.683, 2, 100, 43801
2026/08/28 13:48:26.683, 3, 100, 43801
2026/08/28 13:48:27.183, 0, 100, 43817
2026/08/28 13:48:27.183, 1, 100, 43801
2026/08/28 13:48:27.183, 2, 100, 43801
2026/08/28 13:48:27.183, 3, 100, 43801
2026/08/28 13:48:27.683, 0, 100, 43817
2026/08/28 13:48:27.683, 1, 100, 43801
2026/08/28 13:48:27.683, 2, 100, 43801
2026/08/28 13:48:27.683, 3, 100, 43801
2026/08/28 13:48:28.183, 0, 100, 43817
2026/08/28 13:48:28.183, 1, 100, 43801
2026/08/28 13:48:28.184, 2, 100, 43801
2026/08/28 13:48:28.184, 3, 100, 43801
2026/08/28 13:48:28.684, 0, 100, 43817
2026/08/28 13:48:28.684, 1, 100, 43801
2026/08/28 13:48:28.684, 2, 100, 43801
2026/08/28 13:48:28.684, 3, 100, 43801
2026/08/28 13:48:29.184, 0, 100, 43817
2026/08/28 13:48:29.184, 1, 100, 43801
2026/08/28 13:48:29.184, 2, 100, 43801
2026/08/28 13:48:29.184, 3, 100, 43801
2026/08/28 13:48:29.684, 0, 100, 43817
2026/08/28 13:48:29.684, 1, 100, 43801
2026/08/28 13:48:29.684, 2, 100, 43801
2026/08/28 13:48:29.684, 3, 100, 43801
2026/08/28 13:48:30.184, 0, 100, 43817
2026/08/28 13:48:30.184, 1, 100, 43801
2026/08/28 13:48:30.184, 2, 100, 43801
2026/08/28 13:48:30.184, 3, 100, 43801
2026/08/28 13:48:30.684, 0, 100, 43817
2026/08/28 13:48:30.684, 1, 100, 43801
2026/08/28 13:48:30.684, 2, 100, 43801
2026/08/28 13:48:30.684, 3, 100, 43801
2026/08/28 13:48:31.185, 0, 100, 43817
2026/08/28 13:48:31.185, 1, 100, 43801
2026/08/28 13:48:31.185, 2, 100, 43801
2026/08/28 13:48:31.185, 3, 100, 43801
2026/08/28 13:48:31.685, 0, 100, 43817
2026/08/28 13:48:31.685, 1, 100, 43801
2026/08/28 13:48:31.685, 2, 100, 43801
2026/08/28 13:48:31.685, 3, 100, 43801
2026/08/28 13:48:32.185, 0, 100, 43817
2026/08/28 13:48:32.185, 1, 100, 43801
2026/08/28 13:48:32.185, 2, 100, 43801
2026/08/28 13:48:32.185, 3, 100, 43801
2026/08/28 13:48:32.685, 0, 100, 43817
2026/08/28 13:48:32.685, 1, 100, 43801
2026/08/28 13:48:32.685, 2, 100, 43801
2026/08/28 13:48:32.685, 3, 100, 43801
2026/08/28 13:48:33.185, 0, 100, 43817
2026/08/28 13:48:33.185, 1, 100, 43801
2026/08/28 13:48:33.185, 2, 100, 43801
2026/08/28 13:48:33.185, 3, 100, 43801
2026/08/28 13:48:33.685, 0, 77, 43817
2026/08/28 13:48:33.685, 1, 100, 43801
2026/08/28 13:48:33.685, 2, 70, 43801
2026/08/28 13:48:33.685, 3, 72, 43801
2026/08/28 13:48:34.186, 0, 100, 43817
2026/08/28 13:48:34.186, 1, 100, 43801
2026/08/28 13:48:34.186, 2, 100, 43801
2026/08/28 13:48:34.186, 3, 100, 43801
2026/08/28 13:48:34.686, 0, 100, 43817
2026/08/28 13:48:34.686, 1, 100, 43801
2026/08/28 13:48:34.686, 2, 100, 43801
2026/08/28 13:48:34.686, 3, 100, 43801
2026/08/28 13:48:35.186, 0, 100, 43817
2026/08/28 13:48:35.186, 1, 100, 43801
2026/08/28 13:48:35.186, 2, 100, 43801
2026/08/28 13:48:35.186, 3, 100, 43801
2026/08/28 13:48:35.686, 0, 100, 43817
2026/08/28 13:48:35.686, 1, 100, 43801
2026/08/28 13:48:35.686, 2, 100, 43801
2026/08/28 13:48:35.686, 3, 100, 43801
2026/08/28 13:48:36.186, 0, 100, 43817
2026/08/28 13:48:36.186, 1, 100, 43801
2026/08/28 13:48:36.186, 2, 100, 43801
2026/08/28 13:48:36.186, 3, 100, 43801
2026/08/28 13:48:36.686, 0, 100, 43817
2026/08/28 13:48:36.686, 1, 100, 43801
2026/08/28 13:48:36.686, 2, 100, 43801
2026/08/28 13:48:36.686, 3, 100, 43801
2026/08/28 13:48:37.187, 0, 100, 43817
2026/08/28 13:48:37.187, 1, 100, 43801
2026/08/28 13:48:37.187, 2, 100, 43801
2026/08/28 13:48:37.187, 3, 100, 43801
2026/08/28 13:48:37.687, 0, 100, 43817
2026/08/28 13:48:37.687, 1, 100, 43801
2026/08/28 13:48:37.687, 2, 100, 43801
2026/08/28 13:48:37.687, 3, 100, 43801
2026/08/28 13:48:38.187, 0, 52, 43817
2026/08/28 13:48:38.187, 1, 77, 43801
2026/08/28 13:48:38.187, 2, 0, 43801
2026/08/28 13:48:38.187, 3, 0, 43801
2026/08/28 13:48:38.687, 0, 0, 43817
2026/08/28 13:48:38.687, 1, 0, 43801
2026/08/28 13:48:38.687, 2, 0, 43801
2026/08/28 13:48:38.687, 3, 0, 43801
2026/08/28 13:48:39.187, 0, 0, 43817
2026/08/28 13:48:39.187, 1, 0, 43801
2026/08/28 13:48:39.187, 2, 0, 43801
2026/08/28 13:48:39.187, 3, 0, 43801
2026/08/28 13:48:39.687, 0, 0, 43817
2026/08/28 13:48:39.688, 1, 0, 43801
2026/08/28 13:48:39.688, 2, 0, 43801
2026/08/28 13:48:39.688, 3, 0, 43801
2026/08/28 13:48:40.188, 0, 0, 43817
2026/08/28 13:48:40.188, 1, 0, 43801
2026/08/28 13:48:40.188, 2, 77, 43801
2026/08/28 13:48:40.188, 3, 82, 43801
2026/08/28 13:48:40.688, 0, 99, 43817
2026/08/28 13:48:40.688, 1, 99, 43801
2026/08/28 13:48:40.688, 2, 100, 43801
2026/08/28 13:48:40.688, 3, 100, 43801
2026/08/28 13:48:41.188, 0, 100, 43817
2026/08/28 13:48:41.188, 1, 100, 43801
2026/08/28 13:48:41.188, 2, 100, 43801
2026/08/28 13:48:41.188, 3, 100, 43801
2026/08/28 13:48:41.688, 0, 100, 43817
2026/08/28 13:48:41.688, 1, 100, 43801
2026/08/28 13:48:41.688, 2, 100, 43801
2026/08/28 13:48:41.688, 3, 100, 43801
2026/08/28 13:48:42.188, 0, 100, 43817
2026/08/28 13:48:42.188, 1, 100, 43801
2026/08/28 13:48:42.188, 2, 100, 43801
2026/08/28 13:48:42.188, 3, 100, 43801
2026/08/28 13:48:42.689, 0, 100, 43817
2026/08/28 13:48:42.689, 1, 100, 43801
2026/08/28 13:48:42.689, 2, 100, 43801
2026/08/28 13:48:42.689, 3, 100, 43801
2026/08/28 13:48:43.189, 0, 100, 43817
2026/08/28 13:48:43.189, 1, 100, 43801
2026/08/28 13:48:43.189, 2, 100, 43801
2026/08/28 13:48:43.189, 3, 100, 43801
2026/08/28 13:48:43.689, 0, 100, 43817
2026/08/28 13:48:43.689, 1, 100, 43801
2026/08/28 13:48:43.689, 2, 100, 43801
2026/08/28 13:48:43.689, 3, 100, 43801
2026/08/28 13:48:44.189, 0, 100, 43817
2026/08/28 13:48:44.189, 1, 100, 43801
2026/08/28 13:48:44.189, 2, 100, 43801
2026/08/28 13:48:44.189, 3, 100, 43801
2026/08/28 13:48:44.692, 0, 100, 43817
2026/08/28 13:48:44.692, 1, 100, 43801
2026/08/28 13:48:44.692, 2, 100, 43801
2026/08/28 13:48:44.692, 3, 100, 43801
2026/08/28 13:48:45.192, 0, 100, 43817
2026/08/28 13:48:45.192, 1, 99, 43801
2026/08/28 13:48:45.193, 2, 100, 43801
2026/08/28 13:48:45.193, 3, 100, 43801
2026/08/28 13:48:45.693, 0, 100, 43817
2026/08/28 13:48:45.693, 1, 100, 43801
2026/08/28 13:48:45.693, 2, 100, 43801
2026/08/28 13:48:45.693, 3, 100, 43801
2026/08/28 13:48:46.193, 0, 100, 43817
2026/08/28 13:48:46.193, 1, 100, 43801
2026/08/28 13:48:46.193, 2, 100, 43801
2026/08/28 13:48:46.193, 3, 100, 43801
2026/08/28 13:48:46.693, 0, 100, 43817
2026/08/28 13:48:46.693, 1, 100, 43801
2026/08/28 13:48:46.693, 2, 100, 43801
2026/08/28 13:48:46.693, 3, 100, 43801
2026/08/28 13:48:47.193, 0, 100, 43817
2026/08/28 13:48:47.193, 1, 100, 43801
2026/08/28 13:48:47.193, 2, 100, 43801
2026/08/28 13:48:47.193, 3, 100, 43801
2026/08/28 13:48:47.693, 0, 100, 43817
2026/08/28 13:48:47.693, 1, 100, 43801
2026/08/28 13:48:47.693, 2, 100, 43801
2026/08/28 13:48:47.693, 3, 100, 43801
2026/08/28 13:48:48.193, 0, 100, 43817
2026/08/28 13:48:48.193, 1, 100, 43801
2026/08/28 13:48:48.193, 2, 100, 43801
2026/08/28 13:48:48.193, 3, 100, 43801
2026/08/28 13:48:48.693, 0, 100, 43817
2026/08/28 13:48:48.694, 1, 100, 43801
2026/08/28 13:48:48.694, 2, 100, 43801
2026/08/28 13:48:48.694, 3, 100, 43801
2026/08/28 13:48:49.194, 0, 100, 43817
2026/08/28 13:48:49.194, 1, 100, 43801
2026/08/28 13:48:49.194, 2, 100, 43801
2026/08/28 13:48:49.194, 3, 100, 43801
2026/08/28 13:48:49.694, 0, 100, 43817
2026/08/28 13:48:49.694, 1, 100, 43801
2026/08/28 13:48:49.694, 2, 100, 43801
2026/08/28 13:48:49.694, 3, 100, 43801
2026/08/28 13:48:50.194, 0, 100, 43817
2026/08/28 13:48:50.194, 1, 100, 43801
2026/08/28 13:48:50.194, 2, 100, 43801
2026/08/28 13:48:50.194, 3, 100, 43801
2026/08/28 13:48:50.694, 0, 100, 43817
2026/08/28 13:48:50.694, 1, 100, 43801
2026/08/28 13:48:50.694, 2, 100, 43801
2026/08/28 13:48:50.694, 3, 100, 43801
2026/08/28 13:48:51.194, 0, 100, 43817
2026/08/28 13:48:51.194, 1, 100, 43801
2026/08/28 13:48:51.194, 2, 100, 43801
2026/08/28 13:48:51.194, 3, 100, 43801
2026/08/28 13:48:51.694, 0, 100, 43817
2026/08/28 13:48:51.694, 1, 100, 43801
2026/08/28 13:48:51.694, 2, 100, 43801
2026/08/28 13:48:51.694, 3, 100, 43801
2026/08/28 13:48:52.194, 0, 100, 43817
2026/08/28 13:48:52.195, 1, 100, 43801
2026/08/28 13:48:52.195, 2, 100, 43801
2026/08/28 13:48:52.195, 3, 100, 43801
2026/08/28 13:48:52.695, 0, 100, 43817
2026/08/28 13:48:52.695, 1, 100, 43801
2026/08/28 13:48:52.695, 2, 100, 43801
2026/08/28 13:48:52.695, 3, 100, 43801
2026/08/28 13:48:53.195, 0, 100, 43817
2026/08/28 13:48:53.195, 1, 100, 43801
2026/08/28 13:48:53.195, 2, 100, 43801
2026/08/28 13:48:53.195, 3, 100, 43801
2026/08/28 13:48:53.695, 0, 100, 43817
2026/08/28 13:48:53.695, 1, 100, 43801
2026/08/28 13:48:53.695, 2, 100, 43801
2026/08/28 13:48:53.695, 3, 100, 43801
2026/08/28 13:48:54.195, 0, 100, 43817
2026/08/28 13:48:54.195, 1, 100, 43801
2026/08/28 13:48:54.195, 2, 100, 43801
2026/08/28 13:48:54.195, 3, 100, 43801
2026/08/28 13:48:54.695, 0, 100, 43817
2026/08/28 13:48:54.695, 1, 100, 43801
2026/08/28 13:48:54.695, 2, 100, 43801
2026/08/28 13:48:54.695, 3, 100, 43801
2026/08/28 13:48:55.195, 0, 100, 43817
2026/08/28 13:48:55.195, 1, 100, 43801
2026/08/28 13:48:55.195, 2, 100, 43801
2026/08/28 13:48:55.195, 3, 100, 43801
2026/08/28 13:48:55.695, 0, 100, 43817
2026/08/28 13:48:55.696, 1, 100, 43801
2026/08/28 13:48:55.696, 2, 100, 43801
2026/08/28 13:48:55.696, 3, 100, 43801
2026/08/28 13:48:56.196, 0, 100, 43817
2026/08/28 13:48:56.196, 1, 100, 43801
2026/08/28 13:48:56.196, 2, 100, 43801
2026/08/28 13:48:56.196, 3, 100, 43801
2026/08/28 13:48:56.696, 0, 100, 43817
2026/08/28 13:48:56.696, 1, 100, 43801
2026/08/28 13:48:56.696, 2, 100, 43801
2026/08/28 13:48:56.696, 3, 100, 43801
2026/08/28 13:48:57.196, 0, 100, 43817
2026/08/28 13:48:57.196, 1, 100, 43801
2026/08/28 13:48:57.196, 2, 100, 43801
2026/08/28 13:48:57.196, 3, 100, 43801
2026/08/28 13:48:57.696, 0, 100, 43817
2026/08/28 13:48:57.696, 1, 100, 43801
2026/08/28 13:48:57.696, 2, 100, 43801
2026/08/28 13:48:57.696, 3, 100, 43801
2026/08/28 13:48:58.196, 0, 100, 43817
2026/08/28 13:48:58.196, 1, 100, 43801
2026/08/28 13:48:58.196, 2, 100, 43801
2026/08/28 13:48:58.196, 3, 100, 43801
2026/08/28 13:48:58.696, 0, 29, 43817
2026/08/28 13:48:58.696, 1, 0, 43801
2026/08/28 13:48:58.696, 2, 0, 43801
2026/08/28 13:48:58.696, 3, 0, 43801
2026/08/28 13:48:59.197, 0, 0, 43817
2026/08/28 13:48:59.197, 1, 0, 43801
2026/08/28 13:48:59.197, 2, 0, 43801
2026/08/28 13:48:59.197, 3, 0, 43801
2026/08/28 13:48:59.697, 0, 0, 43817
2026/08/28 13:48:59.697, 1, 0, 43801
2026/08/28 13:48:59.697, 2, 0, 43801
2026/08/28 13:48:59.697, 3, 0, 43801
2026/08/28 13:49:00.197, 0, 0, 43817
2026/08/28 13:49:00.197, 1, 0, 43801
2026/08/28 13:49:00.197, 2, 0, 43801
2026/08/28 13:49:00.197, 3, 0, 43801
2026/08/28 13:49:00.697, 0, 0, 43817
2026/08/28 13:49:00.697, 1, 55, 43801
2026/08/28 13:49:00.697, 2, 89, 43801
2026/08/28 13:49:00.697, 3, 91, 43801
2026/08/28 13:49:01.197, 0, 100, 43817
2026/08/28 13:49:01.197, 1, 100, 43801
2026/08/28 13:49:01.197, 2, 100, 43801
2026/08/28 13:49:01.197, 3, 100, 43801
2026/08/28 13:49:01.697, 0, 100, 43817
2026/08/28 13:49:01.697, 1, 100, 43801
2026/08/28 13:49:01.697, 2, 100, 43801
2026/08/28 13:49:01.697, 3, 100, 43801
2026/08/28 13:49:02.198, 0, 100, 43817
2026/08/28 13:49:02.198, 1, 100, 43801
2026/08/28 13:49:02.198, 2, 100, 43801
2026/08/28 13:49:02.198, 3, 100, 43801
2026/08/28 13:49:02.698, 0, 100, 43817
2026/08/28 13:49:02.698, 1, 100, 43801
2026/08/28 13:49:02.698, 2, 100, 43801
2026/08/28 13:49:02.698, 3, 100, 43801
2026/08/28 13:49:03.198, 0, 100, 43817
2026/08/28 13:49:03.198, 1, 100, 43801
2026/08/28 13:49:03.198, 2, 100, 43801
2026/08/28 13:49:03.198, 3, 100, 43801
2026/08/28 13:49:03.698, 0, 100, 43817
2026/08/28 13:49:03.698, 1, 100, 43801
2026/08/28 13:49:03.698, 2, 100, 43801
2026/08/28 13:49:03.698, 3, 100, 43801
2026/08/28 13:49:04.198, 0, 100, 43817
2026/08/28 13:49:04.198, 1, 100, 43801
2026/08/28 13:49:04.198, 2, 100, 43801
2026/08/28 13:49:04.198, 3, 100, 43801
2026/08/28 13:49:04.698, 0, 100, 43817
2026/08/28 13:49:04.698, 1, 100, 43801
2026/08/28 13:49:04.698, 2, 100, 43801
2026/08/28 13:49:04.698, 3, 100, 43801
2026/08/28 13:49:05.198, 0, 100, 43817
2026/08/28 13:49:05.198, 1, 78, 43801
2026/08/28 13:49:05.198, 2, 79, 43801
2026/08/28 13:49:05.198, 3, 97, 43801
2026/08/28 13:49:05.699, 0, 100, 43817
2026/08/28 13:49:05.699, 1, 100, 43801
2026/08/28 13:49:05.699, 2, 100, 43801
2026/08/28 13:49:05.699, 3, 100, 43801
2026/08/28 13:49:06.199, 0, 100, 43817
2026/08/28 13:49:06.199, 1, 100, 43801
2026/08/28 13:49:06.199, 2, 100, 43801
2026/08/28 13:49:06.199, 3, 100, 43801
2026/08/28 13:49:06.699, 0, 100, 43817
2026/08/28 13:49:06.699, 1, 100, 43801
2026/08/28 13:49:06.699, 2, 100, 43801
2026/08/28 13:49:06.699, 3, 100, 43801
2026/08/28 13:49:07.199, 0, 100, 43817
2026/08/28 13:49:07.199, 1, 100, 43801
2026/08/28 13:49:07.199, 2, 100, 43801
2026/08/28 13:49:07.199, 3, 100, 43801
2026/08/28 13:49:07.699, 0, 100, 43817
2026/08/28 13:49:07.699, 1, 100, 43801
2026/08/28 13:49:07.699, 2, 100, 43801
2026/08/28 13:49:07.699, 3, 100, 43801
2026/08/28 13:49:08.199, 0, 100, 43817
2026/08/28 13:49:08.199, 1, 100, 43801
2026/08/28 13:49:08.199, 2, 100, 43801
2026/08/28 13:49:08.199, 3, 100, 43801
2026/08/28 13:49:08.699, 0, 100, 43817
2026/08/28 13:49:08.699, 1, 100, 43801
2026/08/28 13:49:08.699, 2, 100, 43801
2026/08/28 13:49:08.699, 3, 100, 43801
2026/08/28 13:49:09.200, 0, 100, 43817
2026/08/28 13:49:09.200, 1, 100, 43801
2026/08/28 13:49:09.200, 2, 100, 43801
2026/08/28 13:49:09.200, 3, 100, 43801
2026/08/28 13:49:09.700, 0, 100, 43817
2026/08/28 13:49:09.700, 1, 100, 43801
2026/08/28 13:49:09.700, 2, 100, 43801
2026/08/28 13:49:09.700, 3, 100, 43801
2026/08/28 13:49:10.200, 0, 100, 43817
2026/08/28 13:49:10.200, 1, 100, 43801
2026/08/28 13:49:10.200, 2, 100, 43801
2026/08/28 13:49:10.200, 3, 100, 43801
2026/08/28 13:49:10.700, 0, 100, 43817
2026/08/28 13:49:10.700, 1, 100, 43801
2026/08/28 13:49:10.700, 2, 100, 43801
2026/08/28 13:49:10.700, 3, 100, 43801
2026/08/28 13:49:11.200, 0, 100, 43817
2026/08/28 13:49:11.200, 1, 100, 43801
2026/08/28 13:49:11.200, 2, 100, 43801
2026/08/28 13:49:11.200, 3, 100, 43801
2026/08/28 13:49:11.700, 0, 100, 43817
2026/08/28 13:49:11.700, 1, 100, 43801
2026/08/28 13:49:11.700, 2, 100, 43801
2026/08/28 13:49:11.700, 3, 100, 43801
2026/08/28 13:49:12.200, 0, 100, 43817
2026/08/28 13:49:12.200, 1, 100, 43801
2026/08/28 13:49:12.200, 2, 100, 43801
2026/08/28 13:49:12.200, 3, 100, 43801
2026/08/28 13:49:12.701, 0, 100, 43817
2026/08/28 13:49:12.701, 1, 100, 43801
2026/08/28 13:49:12.701, 2, 100, 43801
2026/08/28 13:49:12.701, 3, 100, 43801
2026/08/28 13:49:13.201, 0, 100, 43817
2026/08/28 13:49:13.201, 1, 100, 43801
2026/08/28 13:49:13.201, 2, 100, 43801
2026/08/28 13:49:13.201, 3, 100, 43801
2026/08/28 13:49:13.701, 0, 100, 43817
2026/08/28 13:49:13.701, 1, 100, 43801
2026/08/28 13:49:13.701, 2, 100, 43801
2026/08/28 13:49:13.701, 3, 100, 43801
2026/08/28 13:49:14.201, 0, 100, 43817
2026/08/28 13:49:14.201, 1, 100, 43801
2026/08/28 13:49:14.201, 2, 100, 43801
2026/08/28 13:49:14.201, 3, 100, 43801
2026/08/28 13:49:14.701, 0, 99, 43817
2026/08/28 13:49:14.701, 1, 100, 43801
2026/08/28 13:49:14.701, 2, 99, 43801
2026/08/28 13:49:14.701, 3, 100, 43801
2026/08/28 13:49:15.201, 0, 100, 43817
2026/08/28 13:49:15.201, 1, 100, 43801
2026/08/28 13:49:15.201, 2, 100, 43801
2026/08/28 13:49:15.201, 3, 100, 43801
2026/08/28 13:49:15.701, 0, 100, 43817
2026/08/28 13:49:15.702, 1, 100, 43801
2026/08/28 13:49:15.702, 2, 100, 43801
2026/08/28 13:49:15.702, 3, 100, 43801
2026/08/28 13:49:16.202, 0, 100, 43817
2026/08/28 13:49:16.202, 1, 100, 43801
2026/08/28 13:49:16.202, 2, 100, 43801
2026/08/28 13:49:16.202, 3, 100, 43801
2026/08/28 13:49:16.702, 0, 100, 43817
2026/08/28 13:49:16.702, 1, 100, 43801
2026/08/28 13:49:16.702, 2, 100, 43801
2026/08/28 13:49:16.702, 3, 100, 43801
2026/08/28 13:49:17.202, 0, 100, 43817
2026/08/28 13:49:17.202, 1, 100, 43801
2026/08/28 13:49:17.202, 2, 100, 43801
2026/08/28 13:49:17.202, 3, 100, 43801
2026/08/28 13:49:17.702, 0, 100, 43817
2026/08/28 13:49:17.702, 1, 100, 43801
2026/08/28 13:49:17.702, 2, 100, 43801
2026/08/28 13:49:17.702, 3, 100, 43801
2026/08/28 13:49:18.202, 0, 100, 43817
2026/08/28 13:49:18.202, 1, 100, 43801
2026/08/28 13:49:18.202, 2, 100, 43801
2026/08/28 13:49:18.202, 3, 100, 43801
2026/08/28 13:49:18.702, 0, 100, 43817
2026/08/28 13:49:18.702, 1, 100, 43801
2026/08/28 13:49:18.702, 2, 100, 43801
2026/08/28 13:49:18.702, 3, 100, 43801
2026/08/28 13:49:19.202, 0, 0, 43817
2026/08/28 13:49:19.202, 1, 0, 43801
2026/08/28 13:49:19.203, 2, 0, 43801
2026/08/28 13:49:19.203, 3, 0, 43801
2026/08/28 13:49:19.703, 0, 0, 43817
2026/08/28 13:49:19.703, 1, 0, 43801
2026/08/28 13:49:19.703, 2, 0, 43801
2026/08/28 13:49:19.703, 3, 0, 43801
2026/08/28 13:49:20.203, 0, 0, 43817
2026/08/28 13:49:20.203, 1, 0, 43801
2026/08/28 13:49:20.203, 2, 0, 43801
2026/08/28 13:49:20.203, 3, 0, 43801
2026/08/28 13:49:20.703, 0, 0, 43817
2026/08/28 13:49:20.703, 1, 0, 43801
2026/08/28 13:49:20.703, 2, 0, 43801
2026/08/28 13:49:20.703, 3, 0, 43801
2026/08/28 13:49:21.203, 0, 99, 43817
2026/08/28 13:49:21.203, 1, 99, 43801
2026/08/28 13:49:21.203, 2, 99, 43801
2026/08/28 13:49:21.203, 3, 100, 43801
2026/08/28 13:49:21.703, 0, 100, 43817
2026/08/28 13:49:21.703, 1, 100, 43801
2026/08/28 13:49:21.703, 2, 100, 43801
2026/08/28 13:49:21.703, 3, 100, 43801
2026/08/28 13:49:22.203, 0, 100, 43817
2026/08/28 13:49:22.204, 1, 100, 43801
2026/08/28 13:49:22.204, 2, 100, 43801
2026/08/28 13:49:22.204, 3, 100, 43801
2026/08/28 13:49:22.704, 0, 100, 43817
2026/08/28 13:49:22.704, 1, 100, 43801
2026/08/28 13:49:22.704, 2, 100, 43801
2026/08/28 13:49:22.704, 3, 100, 43801
2026/08/28 13:49:23.204, 0, 100, 43817
2026/08/28 13:49:23.204, 1, 100, 43801
2026/08/28 13:49:23.204, 2, 100, 43801
2026/08/28 13:49:23.204, 3, 100, 43801
2026/08/28 13:49:23.704, 0, 100, 43817
2026/08/28 13:49:23.704, 1, 100, 43801
2026/08/28 13:49:23.704, 2, 100, 43801
2026/08/28 13:49:23.704, 3, 100, 43801
2026/08/28 13:49:24.204, 0, 100, 43817
2026/08/28 13:49:24.204, 1, 100, 43801
2026/08/28 13:49:24.204, 2, 100, 43801
2026/08/28 13:49:24.204, 3, 100, 43801
2026/08/28 13:49:24.704, 0, 100, 43817
2026/08/28 13:49:24.704, 1, 100, 43801
2026/08/28 13:49:24.704, 2, 100, 43801
2026/08/28 13:49:24.704, 3, 100, 43801
2026/08/28 13:49:25.204, 0, 100, 43817
2026/08/28 13:49:25.204, 1, 100, 43801
2026/08/28 13:49:25.204, 2, 100, 43801
2026/08/28 13:49:25.204, 3, 100, 43801
2026/08/28 13:49:25.705, 0, 100, 43817
2026/08/28 13:49:25.705, 1, 100, 43801
2026/08/28 13:49:25.705, 2, 100, 43801
2026/08/28 13:49:25.705, 3, 100, 43801
2026/08/28 13:49:26.205, 0, 100, 43817
2026/08/28 13:49:26.205, 1, 100, 43801
2026/08/28 13:49:26.205, 2, 100, 43801
2026/08/28 13:49:26.205, 3, 100, 43801
2026/08/28 13:49:26.705, 0, 100, 43817
2026/08/28 13:49:26.705, 1, 100, 43801
2026/08/28 13:49:26.705, 2, 100, 43801
2026/08/28 13:49:26.705, 3, 100, 43801
2026/08/28 13:49:27.205, 0, 100, 43817
2026/08/28 13:49:27.205, 1, 100, 43801
2026/08/28 13:49:27.205, 2, 100, 43801
2026/08/28 13:49:27.205, 3, 100, 43801
2026/08/28 13:49:27.705, 0, 100, 43817
2026/08/28 13:49:27.705, 1, 100, 43801
2026/08/28 13:49:27.705, 2, 100, 43801
2026/08/28 13:49:27.705, 3, 100, 43801
2026/08/28 13:49:28.205, 0, 100, 43817
2026/08/28 13:49:28.205, 1, 100, 43801
2026/08/28 13:49:28.205, 2, 100, 43801
2026/08/28 13:49:28.205, 3, 100, 43801
2026/08/28 13:49:28.705, 0, 100, 43817
2026/08/28 13:49:28.705, 1, 100, 43801
2026/08/28 13:49:28.705, 2, 100, 43801
2026/08/28 13:49:28.705, 3, 100, 43801
2026/08/28 13:49:29.206, 0, 100, 43817
2026/08/28 13:49:29.206, 1, 100, 43801
2026/08/28 13:49:29.206, 2, 100, 43801
2026/08/28 13:49:29.206, 3, 100, 43801
2026/08/28 13:49:29.706, 0, 100, 43817
2026/08/28 13:49:29.706, 1, 100, 43801
2026/08/28 13:49:29.706, 2, 100, 43801
2026/08/28 13:49:29.706, 3, 100, 43801
2026/08/28 13:49:30.206, 0, 100, 43817
2026/08/28 13:49:30.206, 1, 100, 43801
2026/08/28 13:49:30.206, 2, 100, 43801
2026/08/28 13:49:30.206, 3, 100, 43801
2026/08/28 13:49:30.706, 0, 100, 43817
2026/08/28 13:49:30.706, 1, 100, 43801
2026/08/28 13:49:30.706, 2, 100, 43801
2026/08/28 13:49:30.706, 3, 100, 43801
2026/08/28 13:49:31.206, 0, 100, 43817
2026/08/28 13:49:31.206, 1, 100, 43801
2026/08/28 13:49:31.206, 2, 100, 43801
2026/08/28 13:49:31.206, 3, 100, 43801
2026/08/28 13:49:31.706, 0, 100, 43817
2026/08/28 13:49:31.706, 1, 100, 43801
2026/08/28 13:49:31.706, 2, 100, 43801
2026/08/28 13:49:31.706, 3, 100, 43801
2026/08/28 13:49:32.206, 0, 100, 43817
2026/08/28 13:49:32.206, 1, 100, 43801
2026/08/28 13:49:32.206, 2, 100, 43801
2026/08/28 13:49:32.206, 3, 100, 43801
2026/08/28 13:49:32.706, 0, 100, 43817
2026/08/28 13:49:32.707, 1, 100, 43801
2026/08/28 13:49:32.707, 2, 100, 43801
2026/08/28 13:49:32.707, 3, 100, 43801
2026/08/28 13:49:33.207, 0, 100, 43817
2026/08/28 13:49:33.207, 1, 100, 43801
2026/08/28 13:49:33.207, 2, 100, 43801
2026/08/28 13:49:33.207, 3, 100, 43801
2026/08/28 13:49:33.707, 0, 100, 43817
2026/08/28 13:49:33.707, 1, 100, 43801
2026/08/28 13:49:33.707, 2, 100, 43801
2026/08/28 13:49:33.707, 3, 100, 43801
2026/08/28 13:49:34.207, 0, 100, 43817
2026/08/28 13:49:34.207, 1, 100, 43801
2026/08/28 13:49:34.207, 2, 100, 43801
2026/08/28 13:49:34.207, 3, 100, 43801
2026/08/28 13:49:34.707, 0, 82, 43817
2026/08/28 13:49:34.707, 1, 93, 43801
2026/08/28 13:49:34.707, 2, 80, 43801
2026/08/28 13:49:34.707, 3, 82, 43801
2026/08/28 13:49:35.207, 0, 100, 43817
2026/08/28 13:49:35.207, 1, 100, 43801
2026/08/28 13:49:35.207, 2, 100, 43801
2026/08/28 13:49:35.207, 3, 100, 43801
2026/08/28 13:49:35.707, 0, 100, 43817
2026/08/28 13:49:35.707, 1, 100, 43801
2026/08/28 13:49:35.707, 2, 100, 43801
2026/08/28 13:49:35.707, 3, 100, 43801
2026/08/28 13:49:36.208, 0, 100, 43817
2026/08/28 13:49:36.208, 1, 100, 43801
2026/08/28 13:49:36.208, 2, 100, 43801
2026/08/28 13:49:36.208, 3, 100, 43801
2026/08/28 13:49:36.708, 0, 100, 43817
2026/08/28 13:49:36.708, 1, 100, 43801
2026/08/28 13:49:36.708, 2, 100, 43801
2026/08/28 13:49:36.708, 3, 100, 43801
2026/08/28 13:49:37.208, 0, 100, 43817
2026/08/28 13:49:37.208, 1, 100, 43801
2026/08/28 13:49:37.208, 2, 100, 43801
2026/08/28 13:49:37.208, 3, 100, 43801
2026/08/28 13:49:37.708, 0, 100, 43817
2026/08/28 13:49:37.708, 1, 100, 43801
2026/08/28 13:49:37.708, 2, 100, 43801
2026/08/28 13:49:37.708, 3, 100, 43801
2026/08/28 13:49:38.208, 0, 100, 43817
2026/08/28 13:49:38.208, 1, 100, 43801
2026/08/28 13:49:38.208, 2, 100, 43801
2026/08/28 13:49:38.208, 3, 100, 43801
2026/08/28 13:49:38.708, 0, 100, 43817
2026/08/28 13:49:38.708, 1, 100, 43801
2026/08/28 13:49:38.708, 2, 100, 43801
2026/08/28 13:49:38.708, 3, 100, 43801
2026/08/28 13:49:39.208, 0, 36, 43817
2026/08/28 13:49:39.208, 1, 61, 43801
2026/08/28 13:49:39.208, 2, 29, 43801
2026/08/28 13:49:39.208, 3, 6, 43801
2026/08/28 13:49:39.708, 0, 0, 43817
2026/08/28 13:49:39.709, 1, 0, 43801
2026/08/28 13:49:39.709, 2, 0, 43801
2026/08/28 13:49:39.709, 3, 0, 43801
2026/08/28 13:49:40.209, 0, 0, 43817
2026/08/28 13:49:40.209, 1, 0, 43801
2026/08/28 13:49:40.209, 2, 0, 43801
2026/08/28 13:49:40.209, 3, 0, 43801
2026/08/28 13:49:40.709, 0, 0, 43817
2026/08/28 13:49:40.709, 1, 0, 43801
2026/08/28 13:49:40.709, 2, 0, 43801
2026/08/28 13:49:40.709, 3, 0, 43801
2026/08/28 13:49:41.209, 0, 0, 43817
2026/08/28 13:49:41.209, 1, 0, 43801
2026/08/28 13:49:41.209, 2, 0, 43801
2026/08/28 13:49:41.209, 3, 0, 43801
2026/08/28 13:49:41.709, 0, 100, 43817
2026/08/28 13:49:41.709, 1, 100, 43801
2026/08/28 13:49:41.709, 2, 100, 43801
2026/08/28 13:49:41.709, 3, 100, 43801
2026/08/28 13:49:42.209, 0, 100, 43817
2026/08/28 13:49:42.209, 1, 100, 43801
2026/08/28 13:49:42.209, 2, 100, 43801
2026/08/28 13:49:42.209, 3, 100, 43801
2026/08/28 13:49:42.709, 0, 100, 43817
2026/08/28 13:49:42.709, 1, 100, 43801
2026/08/28 13:49:42.709, 2, 100, 43801
2026/08/28 13:49:42.709, 3, 100, 43801
2026/08/28 13:49:43.210, 0, 100, 43817
2026/08/28 13:49:43.210, 1, 100, 43801
2026/08/28 13:49:43.210, 2, 100, 43801
2026/08/28 13:49:43.210, 3, 100, 43801
2026/08/28 13:49:43.710, 0, 100, 43817
2026/08/28 13:49:43.710, 1, 100, 43801
2026/08/28 13:49:43.710, 2, 100, 43801
2026/08/28 13:49:43.710, 3, 100, 43801
2026/08/28 13:49:44.210, 0, 100, 43817
2026/08/28 13:49:44.210, 1, 100, 43801
2026/08/28 13:49:44.210, 2, 100, 43801
2026/08/28 13:49:44.210, 3, 100, 43801
2026/08/28 13:49:44.710, 0, 100, 43817
2026/08/28 13:49:44.710, 1, 100, 43801
2026/08/28 13:49:44.710, 2, 100, 43801
2026/08/28 13:49:44.710, 3, 100, 43801
2026/08/28 13:49:45.210, 0, 100, 43817
2026/08/28 13:49:45.210, 1, 100, 43801
2026/08/28 13:49:45.210, 2, 100, 43801
2026/08/28 13:49:45.210, 3, 100, 43801
2026/08/28 13:49:45.710, 0, 100, 43817
2026/08/28 13:49:45.710, 1, 100, 43801
2026/08/28 13:49:45.710, 2, 100, 43801
2026/08/28 13:49:45.710, 3, 100, 43801
2026/08/28 13:49:46.210, 0, 100, 43817
2026/08/28 13:49:46.210, 1, 100, 43801
2026/08/28 13:49:46.210, 2, 100, 43801
2026/08/28 13:49:46.210, 3, 100, 43801
2026/08/28 13:49:46.710, 0, 100, 43817
2026/08/28 13:49:46.711, 1, 100, 43801
2026/08/28 13:49:46.711, 2, 100, 43801
2026/08/28 13:49:46.711, 3, 100, 43801
2026/08/28 13:49:47.211, 0, 100, 43817
2026/08/28 13:49:47.211, 1, 100, 43801
2026/08/28 13:49:47.211, 2, 100, 43801
2026/08/28 13:49:47.211, 3, 100, 43801
2026/08/28 13:49:47.711, 0, 100, 43817
2026/08/28 13:49:47.711, 1, 100, 43801
2026/08/28 13:49:47.711, 2, 100, 43801
2026/08/28 13:49:47.711, 3, 100, 43801
2026/08/28 13:49:48.211, 0, 100, 43817
2026/08/28 13:49:48.211, 1, 100, 43801
2026/08/28 13:49:48.211, 2, 100, 43801
2026/08/28 13:49:48.211, 3, 100, 43801
2026/08/28 13:49:48.711, 0, 100, 43817
2026/08/28 13:49:48.711, 1, 100, 43801
2026/08/28 13:49:48.711, 2, 100, 43801
2026/08/28 13:49:48.711, 3, 100, 43801
2026/08/28 13:49:49.211, 0, 100, 43817
2026/08/28 13:49:49.211, 1, 100, 43801
2026/08/28 13:49:49.211, 2, 100, 43801
2026/08/28 13:49:49.211, 3, 100, 43801
2026/08/28 13:49:49.711, 0, 100, 43817
2026/08/28 13:49:49.711, 1, 100, 43801
2026/08/28 13:49:49.711, 2, 100, 43801
2026/08/28 13:49:49.711, 3, 100, 43801
2026/08/28 13:49:50.211, 0, 100, 43817
2026/08/28 13:49:50.212, 1, 100, 43801
2026/08/28 13:49:50.212, 2, 100, 43801
2026/08/28 13:49:50.212, 3, 100, 43801
2026/08/28 13:49:50.712, 0, 79, 43817
2026/08/28 13:49:50.712, 1, 78, 43801
2026/08/28 13:49:50.712, 2, 79, 43801
2026/08/28 13:49:50.712, 3, 78, 43801
2026/08/28 13:49:51.212, 0, 100, 43817
2026/08/28 13:49:51.212, 1, 100, 43801
2026/08/28 13:49:51.212, 2, 100, 43801
2026/08/28 13:49:51.212, 3, 100, 43801
2026/08/28 13:49:51.712, 0, 100, 43817
2026/08/28 13:49:51.712, 1, 100, 43801
2026/08/28 13:49:51.712, 2, 100, 43801
2026/08/28 13:49:51.712, 3, 100, 43801
2026/08/28 13:49:52.212, 0, 100, 43817
2026/08/28 13:49:52.212, 1, 100, 43801
2026/08/28 13:49:52.212, 2, 100, 43801
2026/08/28 13:49:52.212, 3, 100, 43801
2026/08/28 13:49:52.712, 0, 100, 43817
2026/08/28 13:49:52.712, 1, 100, 43801
2026/08/28 13:49:52.712, 2, 100, 43801
2026/08/28 13:49:52.712, 3, 100, 43801
2026/08/28 13:49:53.212, 0, 100, 43817
2026/08/28 13:49:53.212, 1, 100, 43801
2026/08/28 13:49:53.212, 2, 100, 43801
2026/08/28 13:49:53.212, 3, 100, 43801
2026/08/28 13:49:53.713, 0, 100, 43817
2026/08/28 13:49:53.713, 1, 100, 43801
2026/08/28 13:49:53.713, 2, 100, 43801
2026/08/28 13:49:53.713, 3, 100, 43801
2026/08/28 13:49:54.213, 0, 100, 43817
2026/08/28 13:49:54.213, 1, 100, 43801
2026/08/28 13:49:54.213, 2, 100, 43801
2026/08/28 13:49:54.213, 3, 100, 43801
2026/08/28 13:49:54.713, 0, 100, 43817
2026/08/28 13:49:54.713, 1, 100, 43801
2026/08/28 13:49:54.713, 2, 100, 43801
2026/08/28 13:49:54.713, 3, 100, 43801
2026/08/28 13:49:55.213, 0, 79, 43817
2026/08/28 13:49:55.213, 1, 78, 43801
2026/08/28 13:49:55.213, 2, 78, 43801
2026/08/28 13:49:55.213, 3, 80, 43801
2026/08/28 13:49:55.713, 0, 100, 43817
2026/08/28 13:49:55.713, 1, 100, 43801
2026/08/28 13:49:55.713, 2, 100, 43801
2026/08/28 13:49:55.713, 3, 100, 43801
2026/08/28 13:49:56.213, 0, 100, 43817
2026/08/28 13:49:56.213, 1, 100, 43801
2026/08/28 13:49:56.213, 2, 100, 43801
2026/08/28 13:49:56.213, 3, 100, 43801
2026/08/28 13:49:56.713, 0, 100, 43817
2026/08/28 13:49:56.713, 1, 100, 43801
2026/08/28 13:49:56.713, 2, 100, 43801
2026/08/28 13:49:56.714, 3, 100, 43801
2026/08/28 13:49:57.214, 0, 100, 43817
2026/08/28 13:49:57.214, 1, 100, 43801
2026/08/28 13:49:57.214, 2, 100, 43801
2026/08/28 13:49:57.214, 3, 100, 43801
2026/08/28 13:49:57.714, 0, 100, 43817
2026/08/28 13:49:57.714, 1, 100, 43801
2026/08/28 13:49:57.714, 2, 100, 43801
2026/08/28 13:49:57.714, 3, 100, 43801
2026/08/28 13:49:58.214, 0, 100, 43817
2026/08/28 13:49:58.214, 1, 100, 43801
2026/08/28 13:49:58.214, 2, 100, 43801
2026/08/28 13:49:58.214, 3, 100, 43801
2026/08/28 13:49:58.714, 0, 100, 43817
2026/08/28 13:49:58.714, 1, 100, 43801
2026/08/28 13:49:58.714, 2, 100, 43801
2026/08/28 13:49:58.714, 3, 100, 43801
2026/08/28 13:49:59.214, 0, 100, 43817
2026/08/28 13:49:59.214, 1, 100, 43801
2026/08/28 13:49:59.214, 2, 100, 43801
2026/08/28 13:49:59.214, 3, 100, 43801
2026/08/28 13:49:59.714, 0, 100, 43817
2026/08/28 13:49:59.714, 1, 100, 43801
2026/08/28 13:49:59.714, 2, 100, 43801
2026/08/28 13:49:59.714, 3, 100, 43801
2026/08/28 13:50:00.214, 0, 0, 43817
2026/08/28 13:50:00.214, 1, 0, 43801
2026/08/28 13:50:00.215, 2, 0, 43801
2026/08/28 13:50:00.215, 3, 0, 43801
2026/08/28 13:50:00.715, 0, 0, 43817
2026/08/28 13:50:00.715, 1, 0, 43801
2026/08/28 13:50:00.715, 2, 0, 43801
2026/08/28 13:50:00.715, 3, 0, 43801
2026/08/28 13:50:01.215, 0, 0, 43817
2026/08/28 13:50:01.215, 1, 0, 43801
2026/08/28 13:50:01.215, 2, 0, 43801
2026/08/28 13:50:01.215, 3, 0, 43801
2026/08/28 13:50:01.715, 0, 0, 43817
2026/08/28 13:50:01.715, 1, 0, 43801
2026/08/28 13:50:01.715, 2, 0, 43801
2026/08/28 13:50:01.715, 3, 0, 43801
2026/08/28 13:50:02.215, 0, 100, 43817
2026/08/28 13:50:02.215, 1, 100, 43801
2026/08/28 13:50:02.215, 2, 100, 43801
2026/08/28 13:50:02.215, 3, 100, 43801
2026/08/28 13:50:02.715, 0, 100, 43817
2026/08/28 13:50:02.715, 1, 100, 43801
2026/08/28 13:50:02.715, 2, 100, 43801
2026/08/28 13:50:02.715, 3, 100, 43801
2026/08/28 13:50:03.215, 0, 100, 43817
2026/08/28 13:50:03.215, 1, 100, 43801
2026/08/28 13:50:03.216, 2, 100, 43801
2026/08/28 13:50:03.216, 3, 100, 43801
2026/08/28 13:50:03.716, 0, 100, 43817
2026/08/28 13:50:03.716, 1, 100, 43801
2026/08/28 13:50:03.716, 2, 100, 43801
2026/08/28 13:50:03.716, 3, 100, 43801
2026/08/28 13:50:04.216, 0, 100, 43817
2026/08/28 13:50:04.216, 1, 100, 43801
2026/08/28 13:50:04.216, 2, 100, 43801
2026/08/28 13:50:04.216, 3, 100, 43801
2026/08/28 13:50:04.716, 0, 100, 43817
2026/08/28 13:50:04.716, 1, 100, 43801
2026/08/28 13:50:04.716, 2, 100, 43801
2026/08/28 13:50:04.716, 3, 100, 43801
2026/08/28 13:50:05.216, 0, 100, 43817
2026/08/28 13:50:05.216, 1, 100, 43801
2026/08/28 13:50:05.216, 2, 100, 43801
2026/08/28 13:50:05.216, 3, 100, 43801
2026/08/28 13:50:05.716, 0, 100, 43817
2026/08/28 13:50:05.716, 1, 100, 43801
2026/08/28 13:50:05.716, 2, 100, 43801
2026/08/28 13:50:05.716, 3, 100, 43801
2026/08/28 13:50:06.216, 0, 100, 43817
2026/08/28 13:50:06.216, 1, 100, 43801
2026/08/28 13:50:06.216, 2, 100, 43801
2026/08/28 13:50:06.216, 3, 100, 43801
2026/08/28 13:50:06.716, 0, 99, 43817
2026/08/28 13:50:06.716, 1, 100, 43801
2026/08/28 13:50:06.716, 2, 99, 43801
2026/08/28 13:50:06.716, 3, 99, 43801
2026/08/28 13:50:07.217, 0, 100, 43817
2026/08/28 13:50:07.217, 1, 100, 43801
2026/08/28 13:50:07.217, 2, 100, 43801
2026/08/28 13:50:07.217, 3, 100, 43801
2026/08/28 13:50:07.717, 0, 100, 43817
2026/08/28 13:50:07.717, 1, 100, 43801
2026/08/28 13:50:07.717, 2, 100, 43801
2026/08/28 13:50:07.717, 3, 100, 43801
2026/08/28 13:50:08.217, 0, 100, 43817
2026/08/28 13:50:08.217, 1, 100, 43801
2026/08/28 13:50:08.217, 2, 100, 43801
2026/08/28 13:50:08.217, 3, 100, 43801
2026/08/28 13:50:08.717, 0, 100, 43817
2026/08/28 13:50:08.717, 1, 100, 43801
2026/08/28 13:50:08.717, 2, 100, 43801
2026/08/28 13:50:08.717, 3, 100, 43801
2026/08/28 13:50:09.217, 0, 100, 43817
2026/08/28 13:50:09.217, 1, 100, 43801
2026/08/28 13:50:09.217, 2, 100, 43801
2026/08/28 13:50:09.217, 3, 100, 43801
2026/08/28 13:50:09.717, 0, 100, 43817
2026/08/28 13:50:09.717, 1, 100, 43801
2026/08/28 13:50:09.717, 2, 100, 43801
2026/08/28 13:50:09.717, 3, 100, 43801
2026/08/28 13:50:10.217, 0, 100, 43817
2026/08/28 13:50:10.217, 1, 100, 43801
2026/08/28 13:50:10.217, 2, 100, 43801
2026/08/28 13:50:10.217, 3, 100, 43801
2026/08/28 13:50:10.718, 0, 100, 43817
2026/08/28 13:50:10.718, 1, 100, 43801
2026/08/28 13:50:10.718, 2, 100, 43801
2026/08/28 13:50:10.718, 3, 100, 43801
2026/08/28 13:50:11.218, 0, 99, 43817
2026/08/28 13:50:11.218, 1, 99, 43801
2026/08/28 13:50:11.218, 2, 99, 43801
2026/08/28 13:50:11.218, 3, 99, 43801
2026/08/28 13:50:11.718, 0, 100, 43817
2026/08/28 13:50:11.718, 1, 100, 43801
2026/08/28 13:50:11.718, 2, 100, 43801
2026/08/28 13:50:11.718, 3, 100, 43801
2026/08/28 13:50:12.218, 0, 100, 43817
2026/08/28 13:50:12.218, 1, 100, 43801
2026/08/28 13:50:12.218, 2, 100, 43801
2026/08/28 13:50:12.218, 3, 100, 43801
2026/08/28 13:50:12.718, 0, 100, 43817
2026/08/28 13:50:12.718, 1, 100, 43801
2026/08/28 13:50:12.718, 2, 100, 43801
2026/08/28 13:50:12.718, 3, 100, 43801
2026/08/28 13:50:13.218, 0, 100, 43817
2026/08/28 13:50:13.218, 1, 100, 43801
2026/08/28 13:50:13.218, 2, 100, 43801
2026/08/28 13:50:13.218, 3, 100, 43801
2026/08/28 13:50:13.718, 0, 100, 43817
2026/08/28 13:50:13.718, 1, 100, 43801
2026/08/28 13:50:13.718, 2, 100, 43801
2026/08/28 13:50:13.718, 3, 100, 43801
2026/08/28 13:50:14.218, 0, 100, 43817
2026/08/28 13:50:14.218, 1, 100, 43801
2026/08/28 13:50:14.219, 2, 100, 43801
2026/08/28 13:50:14.219, 3, 100, 43801
2026/08/28 13:50:14.719, 0, 100, 43817
2026/08/28 13:50:14.719, 1, 100, 43801
2026/08/28 13:50:14.719, 2, 100, 43801
2026/08/28 13:50:14.719, 3, 100, 43801
2026/08/28 13:50:15.219, 0, 100, 43817
2026/08/28 13:50:15.219, 1, 100, 43801
2026/08/28 13:50:15.219, 2, 100, 43801
2026/08/28 13:50:15.219, 3, 100, 43801
2026/08/28 13:50:15.719, 0, 100, 43817
2026/08/28 13:50:15.719, 1, 100, 43801
2026/08/28 13:50:15.719, 2, 100, 43801
2026/08/28 13:50:15.719, 3, 100, 43801
2026/08/28 13:50:16.219, 0, 100, 43817
2026/08/28 13:50:16.219, 1, 100, 43801
2026/08/28 13:50:16.219, 2, 100, 43801
2026/08/28 13:50:16.219, 3, 100, 43801
2026/08/28 13:50:16.719, 0, 100, 43817
2026/08/28 13:50:16.719, 1, 100, 43801
2026/08/28 13:50:16.719, 2, 100, 43801
2026/08/28 13:50:16.719, 3, 100, 43801
2026/08/28 13:50:17.219, 0, 100, 43817
2026/08/28 13:50:17.219, 1, 100, 43801
2026/08/28 13:50:17.219, 2, 100, 43801
2026/08/28 13:50:17.219, 3, 100, 43801
2026/08/28 13:50:17.719, 0, 100, 43817
2026/08/28 13:50:17.719, 1, 100, 43801
2026/08/28 13:50:17.719, 2, 100, 43801
2026/08/28 13:50:17.719, 3, 100, 43801
2026/08/28 13:50:18.220, 0, 100, 43817
2026/08/28 13:50:18.220, 1, 100, 43801
2026/08/28 13:50:18.220, 2, 100, 43801
2026/08/28 13:50:18.220, 3, 100, 43801
2026/08/28 13:50:18.720, 0, 100, 43817
2026/08/28 13:50:18.720, 1, 100, 43801
2026/08/28 13:50:18.720, 2, 100, 43801
2026/08/28 13:50:18.720, 3, 100, 43801
2026/08/28 13:50:19.220, 0, 100, 43817
2026/08/28 13:50:19.220, 1, 100, 43801
2026/08/28 13:50:19.220, 2, 100, 43801
2026/08/28 13:50:19.220, 3, 100, 43801
2026/08/28 13:50:19.720, 0, 100, 43817
2026/08/28 13:50:19.720, 1, 100, 43801
2026/08/28 13:50:19.720, 2, 100, 43801
2026/08/28 13:50:19.720, 3, 100, 43801
2026/08/28 13:50:20.220, 0, 0, 43817
2026/08/28 13:50:20.220, 1, 0, 43801
2026/08/28 13:50:20.220, 2, 0, 43801
2026/08/28 13:50:20.220, 3, 0, 43801
2026/08/28 13:50:20.720, 0, 0, 43817
2026/08/28 13:50:20.720, 1, 0, 43801
2026/08/28 13:50:20.720, 2, 0, 43801
2026/08/28 13:50:20.720, 3, 0, 43801
2026/08/28 13:50:21.220, 0, 0, 43817
2026/08/28 13:50:21.220, 1, 0, 43801
2026/08/28 13:50:21.220, 2, 0, 43801
2026/08/28 13:50:21.220, 3, 0, 43801
2026/08/28 13:50:21.721, 0, 0, 43817
2026/08/28 13:50:21.721, 1, 0, 43801
2026/08/28 13:50:21.721, 2, 0, 43801
2026/08/28 13:50:21.721, 3, 0, 43801
2026/08/28 13:50:22.221, 0, 92, 43817
2026/08/28 13:50:22.221, 1, 85, 43801
2026/08/28 13:50:22.221, 2, 93, 43801
2026/08/28 13:50:22.221, 3, 94, 43801
2026/08/28 13:50:22.721, 0, 100, 43817
2026/08/28 13:50:22.721, 1, 100, 43801
2026/08/28 13:50:22.721, 2, 100, 43801
2026/08/28 13:50:22.721, 3, 100, 43801
2026/08/28 13:50:23.221, 0, 100, 43817
2026/08/28 13:50:23.221, 1, 100, 43801
2026/08/28 13:50:23.221, 2, 100, 43801
2026/08/28 13:50:23.221, 3, 100, 43801
2026/08/28 13:50:23.721, 0, 100, 43817
2026/08/28 13:50:23.721, 1, 100, 43801
2026/08/28 13:50:23.721, 2, 100, 43801
2026/08/28 13:50:23.721, 3, 100, 43801
2026/08/28 13:50:24.221, 0, 100, 43817
2026/08/28 13:50:24.221, 1, 100, 43801
2026/08/28 13:50:24.221, 2, 100, 43801
2026/08/28 13:50:24.222, 3, 100, 43801
2026/08/28 13:50:24.722, 0, 100, 43817
2026/08/28 13:50:24.722, 1, 100, 43801
2026/08/28 13:50:24.722, 2, 100, 43801
2026/08/28 13:50:24.722, 3, 100, 43801
2026/08/28 13:50:25.222, 0, 100, 43817
2026/08/28 13:50:25.222, 1, 100, 43801
2026/08/28 13:50:25.222, 2, 100, 43801
2026/08/28 13:50:25.222, 3, 100, 43801
2026/08/28 13:50:25.722, 0, 100, 43817
2026/08/28 13:50:25.724, 1, 100, 43801
2026/08/28 13:50:25.724, 2, 100, 43801
2026/08/28 13:50:25.724, 3, 100, 43801
2026/08/28 13:50:26.224, 0, 100, 43817
2026/08/28 13:50:26.224, 1, 100, 43801
2026/08/28 13:50:26.224, 2, 100, 43801
2026/08/28 13:50:26.224, 3, 100, 43801
2026/08/28 13:50:26.724, 0, 100, 43817
2026/08/28 13:50:26.724, 1, 100, 43801
2026/08/28 13:50:26.724, 2, 100, 43801
2026/08/28 13:50:26.724, 3, 100, 43801
2026/08/28 13:50:27.224, 0, 100, 43817
2026/08/28 13:50:27.224, 1, 100, 43801
2026/08/28 13:50:27.224, 2, 100, 43801
2026/08/28 13:50:27.224, 3, 100, 43801
2026/08/28 13:50:27.724, 0, 100, 43817
2026/08/28 13:50:27.724, 1, 100, 43801
2026/08/28 13:50:27.724, 2, 100, 43801
2026/08/28 13:50:27.724, 3, 100, 43801
2026/08/28 13:50:28.225, 0, 100, 43817
2026/08/28 13:50:28.225, 1, 100, 43801
2026/08/28 13:50:28.225, 2, 100, 43801
2026/08/28 13:50:28.225, 3, 100, 43801
2026/08/28 13:50:28.725, 0, 100, 43817
2026/08/28 13:50:28.725, 1, 100, 43801
2026/08/28 13:50:28.725, 2, 100, 43801
2026/08/28 13:50:28.725, 3, 100, 43801
2026/08/28 13:50:29.225, 0, 100, 43817
2026/08/28 13:50:29.225, 1, 100, 43801
2026/08/28 13:50:29.225, 2, 100, 43801
2026/08/28 13:50:29.225, 3, 100, 43801
2026/08/28 13:50:29.725, 0, 100, 43817
2026/08/28 13:50:29.725, 1, 100, 43801
2026/08/28 13:50:29.725, 2, 100, 43801
2026/08/28 13:50:29.725, 3, 100, 43801
2026/08/28 13:50:30.225, 0, 100, 43817
2026/08/28 13:50:30.225, 1, 100, 43801
2026/08/28 13:50:30.225, 2, 100, 43801
2026/08/28 13:50:30.225, 3, 100, 43801
2026/08/28 13:50:30.725, 0, 100, 43817
2026/08/28 13:50:30.725, 1, 100, 43801
2026/08/28 13:50:30.725, 2, 100, 43801
2026/08/28 13:50:30.725, 3, 100, 43801
2026/08/28 13:50:31.225, 0, 100, 43817
2026/08/28 13:50:31.225, 1, 100, 43801
2026/08/28 13:50:31.225, 2, 100, 43801
2026/08/28 13:50:31.225, 3, 100, 43801
2026/08/28 13:50:31.725, 0, 100, 43817
2026/08/28 13:50:31.725, 1, 99, 43801
2026/08/28 13:50:31.726, 2, 99, 43801
2026/08/28 13:50:31.726, 3, 100, 43801
2026/08/28 13:50:32.226, 0, 100, 43817
2026/08/28 13:50:32.226, 1, 100, 43801
2026/08/28 13:50:32.226, 2, 100, 43801
2026/08/28 13:50:32.226, 3, 100, 43801
2026/08/28 13:50:32.726, 0, 100, 43817
2026/08/28 13:50:32.726, 1, 100, 43801
2026/08/28 13:50:32.726, 2, 100, 43801
2026/08/28 13:50:32.726, 3, 100, 43801
2026/08/28 13:50:33.226, 0, 100, 43817
2026/08/28 13:50:33.226, 1, 100, 43801
2026/08/28 13:50:33.226, 2, 100, 43801
2026/08/28 13:50:33.226, 3, 100, 43801
2026/08/28 13:50:33.726, 0, 100, 43817
2026/08/28 13:50:33.726, 1, 100, 43801
2026/08/28 13:50:33.726, 2, 100, 43801
2026/08/28 13:50:33.726, 3, 100, 43801
2026/08/28 13:50:34.226, 0, 100, 43817
2026/08/28 13:50:34.226, 1, 100, 43801
2026/08/28 13:50:34.226, 2, 100, 43801
2026/08/28 13:50:34.226, 3, 100, 43801
2026/08/28 13:50:34.726, 0, 100, 43817
2026/08/28 13:50:34.726, 1, 100, 43801
2026/08/28 13:50:34.726, 2, 100, 43801
2026/08/28 13:50:34.726, 3, 100, 43801
2026/08/28 13:50:35.226, 0, 100, 43817
2026/08/28 13:50:35.226, 1, 100, 43801
2026/08/28 13:50:35.226, 2, 100, 43801
2026/08/28 13:50:35.226, 3, 100, 43801
2026/08/28 13:50:35.726, 0, 100, 43817
2026/08/28 13:50:35.726, 1, 100, 43801
2026/08/28 13:50:35.726, 2, 100, 43801
2026/08/28 13:50:35.727, 3, 100, 43801
2026/08/28 13:50:36.227, 0, 100, 43817
2026/08/28 13:50:36.227, 1, 100, 43801
2026/08/28 13:50:36.227, 2, 100, 43801
2026/08/28 13:50:36.227, 3, 100, 43801
2026/08/28 13:50:36.727, 0, 100, 43817
2026/08/28 13:50:36.727, 1, 100, 43801
2026/08/28 13:50:36.727, 2, 100, 43801
2026/08/28 13:50:36.727, 3, 100, 43801
2026/08/28 13:50:37.227, 0, 100, 43817
2026/08/28 13:50:37.227, 1, 100, 43801
2026/08/28 13:50:37.227, 2, 100, 43801
2026/08/28 13:50:37.227, 3, 100, 43801
2026/08/28 13:50:37.727, 0, 100, 43817
2026/08/28 13:50:37.727, 1, 100, 43801
2026/08/28 13:50:37.727, 2, 100, 43801
2026/08/28 13:50:37.727, 3, 100, 43801
2026/08/28 13:50:38.227, 0, 100, 43817
2026/08/28 13:50:38.227, 1, 100, 43801
2026/08/28 13:50:38.227, 2, 100, 43801
2026/08/28 13:50:38.227, 3, 100, 43801
2026/08/28 13:50:38.727, 0, 100, 43817
2026/08/28 13:50:38.727, 1, 100, 43801
2026/08/28 13:50:38.727, 2, 100, 43801
2026/08/28 13:50:38.727, 3, 100, 43801
2026/08/28 13:50:39.227, 0, 100, 43817
2026/08/28 13:50:39.227, 1, 100, 43801
2026/08/28 13:50:39.227, 2, 100, 43801
2026/08/28 13:50:39.227, 3, 100, 43801
2026/08/28 13:50:39.728, 0, 100, 43817
2026/08/28 13:50:39.728, 1, 100, 43801
2026/08/28 13:50:39.728, 2, 100, 43801
2026/08/28 13:50:39.728, 3, 100, 43801
2026/08/28 13:50:40.228, 0, 100, 43817
2026/08/28 13:50:40.228, 1, 100, 43801
2026/08/28 13:50:40.228, 2, 100, 43801
2026/08/28 13:50:40.228, 3, 100, 43801
2026/08/28 13:50:40.728, 0, 0, 43817
2026/08/28 13:50:40.728, 1, 0, 43801
2026/08/28 13:50:40.728, 2, 0, 43801
2026/08/28 13:50:40.728, 3, 0, 43801
2026/08/28 13:50:41.228, 0, 0, 43817
2026/08/28 13:50:41.228, 1, 0, 43801
2026/08/28 13:50:41.228, 2, 0, 43801
2026/08/28 13:50:41.228, 3, 0, 43801
2026/08/28 13:50:41.728, 0, 0, 43817
2026/08/28 13:50:41.728, 1, 0, 43801
2026/08/28 13:50:41.728, 2, 0, 43801
2026/08/28 13:50:41.728, 3, 0, 43801
2026/08/28 13:50:42.228, 0, 0, 43817
2026/08/28 13:50:42.228, 1, 0, 43801
2026/08/28 13:50:42.228, 2, 0, 43801
2026/08/28 13:50:42.228, 3, 0, 43801
2026/08/28 13:50:42.728, 0, 71, 43817
2026/08/28 13:50:42.728, 1, 0, 43801
2026/08/28 13:50:42.728, 2, 77, 43801
2026/08/28 13:50:42.728, 3, 83, 43801
2026/08/28 13:50:43.229, 0, 100, 43817
2026/08/28 13:50:43.229, 1, 100, 43801
2026/08/28 13:50:43.229, 2, 100, 43801
2026/08/28 13:50:43.229, 3, 100, 43801
2026/08/28 13:50:43.729, 0, 100, 43817
2026/08/28 13:50:43.729, 1, 100, 43801
2026/08/28 13:50:43.729, 2, 100, 43801
2026/08/28 13:50:43.729, 3, 100, 43801
2026/08/28 13:50:44.229, 0, 100, 43817
2026/08/28 13:50:44.229, 1, 100, 43801
2026/08/28 13:50:44.229, 2, 100, 43801
2026/08/28 13:50:44.229, 3, 100, 43801
2026/08/28 13:50:44.729, 0, 100, 43817
2026/08/28 13:50:44.729, 1, 100, 43801
2026/08/28 13:50:44.729, 2, 100, 43801
2026/08/28 13:50:44.729, 3, 100, 43801
2026/08/28 13:50:45.229, 0, 100, 43817
2026/08/28 13:50:45.229, 1, 100, 43801
2026/08/28 13:50:45.229, 2, 100, 43801
2026/08/28 13:50:45.229, 3, 100, 43801
2026/08/28 13:50:45.729, 0, 100, 43817
2026/08/28 13:50:45.729, 1, 100, 43801
2026/08/28 13:50:45.729, 2, 100, 43801
2026/08/28 13:50:45.729, 3, 100, 43801
2026/08/28 13:50:46.229, 0, 100, 43817
2026/08/28 13:50:46.229, 1, 100, 43801
2026/08/28 13:50:46.229, 2, 100, 43801
2026/08/28 13:50:46.229, 3, 100, 43801
2026/08/28 13:50:46.729, 0, 100, 43817
2026/08/28 13:50:46.729, 1, 100, 43801
2026/08/28 13:50:46.729, 2, 100, 43801
2026/08/28 13:50:46.730, 3, 100, 43801
2026/08/28 13:50:47.230, 0, 79, 43817
2026/08/28 13:50:47.230, 1, 77, 43801
2026/08/28 13:50:47.230, 2, 78, 43801
2026/08/28 13:50:47.230, 3, 78, 43801
2026/08/28 13:50:47.730, 0, 100, 43817
2026/08/28 13:50:47.730, 1, 100, 43801
2026/08/28 13:50:47.730, 2, 100, 43801
2026/08/28 13:50:47.730, 3, 100, 43801
2026/08/28 13:50:48.230, 0, 100, 43817
2026/08/28 13:50:48.230, 1, 100, 43801
2026/08/28 13:50:48.230, 2, 100, 43801
2026/08/28 13:50:48.230, 3, 100, 43801
2026/08/28 13:50:48.730, 0, 100, 43817
2026/08/28 13:50:48.730, 1, 100, 43801
2026/08/28 13:50:48.730, 2, 100, 43801
2026/08/28 13:50:48.730, 3, 100, 43801
2026/08/28 13:50:49.230, 0, 100, 43817
2026/08/28 13:50:49.230, 1, 100, 43801
2026/08/28 13:50:49.230, 2, 100, 43801
2026/08/28 13:50:49.230, 3, 100, 43801
2026/08/28 13:50:49.730, 0, 100, 43817
2026/08/28 13:50:49.730, 1, 100, 43801
2026/08/28 13:50:49.730, 2, 100, 43801
2026/08/28 13:50:49.730, 3, 100, 43801
2026/08/28 13:50:50.230, 0, 100, 43817
2026/08/28 13:50:50.230, 1, 100, 43801
2026/08/28 13:50:50.230, 2, 100, 43801
2026/08/28 13:50:50.231, 3, 100, 43801
2026/08/28 13:50:50.731, 0, 100, 43817
2026/08/28 13:50:50.731, 1, 100, 43801
2026/08/28 13:50:50.731, 2, 100, 43801
2026/08/28 13:50:50.731, 3, 100, 43801
2026/08/28 13:50:51.231, 0, 100, 43817
2026/08/28 13:50:51.231, 1, 100, 43801
2026/08/28 13:50:51.231, 2, 100, 43801
2026/08/28 13:50:51.231, 3, 100, 43801
2026/08/28 13:50:51.731, 0, 100, 43817
2026/08/28 13:50:51.731, 1, 100, 43801
2026/08/28 13:50:51.731, 2, 99, 43801
2026/08/28 13:50:51.731, 3, 100, 43801
2026/08/28 13:50:52.231, 0, 100, 43817
2026/08/28 13:50:52.231, 1, 100, 43801
2026/08/28 13:50:52.231, 2, 100, 43801
2026/08/28 13:50:52.231, 3, 100, 43801
2026/08/28 13:50:52.731, 0, 100, 43817
2026/08/28 13:50:52.731, 1, 100, 43801
2026/08/28 13:50:52.731, 2, 100, 43801
2026/08/28 13:50:52.731, 3, 100, 43801
2026/08/28 13:50:53.231, 0, 100, 43817
2026/08/28 13:50:53.231, 1, 100, 43801
2026/08/28 13:50:53.231, 2, 100, 43801
2026/08/28 13:50:53.231, 3, 100, 43801
2026/08/28 13:50:53.732, 0, 100, 43817
2026/08/28 13:50:53.732, 1, 100, 43801
2026/08/28 13:50:53.732, 2, 100, 43801
2026/08/28 13:50:53.732, 3, 100, 43801
2026/08/28 13:50:54.232, 0, 100, 43817
2026/08/28 13:50:54.232, 1, 100, 43801
2026/08/28 13:50:54.232, 2, 100, 43801
2026/08/28 13:50:54.232, 3, 100, 43801
2026/08/28 13:50:54.732, 0, 100, 43817
2026/08/28 13:50:54.732, 1, 100, 43801
2026/08/28 13:50:54.732, 2, 100, 43801
2026/08/28 13:50:54.732, 3, 100, 43801
2026/08/28 13:50:55.232, 0, 100, 43817
2026/08/28 13:50:55.232, 1, 100, 43801
2026/08/28 13:50:55.232, 2, 100, 43801
2026/08/28 13:50:55.232, 3, 100, 43801
2026/08/28 13:50:55.732, 0, 100, 43817
2026/08/28 13:50:55.732, 1, 100, 43801
2026/08/28 13:50:55.732, 2, 100, 43801
2026/08/28 13:50:55.732, 3, 100, 43801
2026/08/28 13:50:56.232, 0, 100, 43817
2026/08/28 13:50:56.232, 1, 100, 43801
2026/08/28 13:50:56.232, 2, 69, 43801
2026/08/28 13:50:56.232, 3, 100, 43801
2026/08/28 13:50:56.732, 0, 100, 43817
2026/08/28 13:50:56.732, 1, 100, 43801
2026/08/28 13:50:56.732, 2, 100, 43801
2026/08/28 13:50:56.732, 3, 100, 43801
2026/08/28 13:50:57.232, 0, 100, 43817
2026/08/28 13:50:57.233, 1, 100, 43801
2026/08/28 13:50:57.233, 2, 100, 43801
2026/08/28 13:50:57.233, 3, 100, 43801
2026/08/28 13:50:57.734, 0, 100, 43817
2026/08/28 13:50:57.734, 1, 100, 43801
2026/08/28 13:50:57.734, 2, 100, 43801
2026/08/28 13:50:57.734, 3, 100, 43801
2026/08/28 13:50:58.234, 0, 100, 43817
2026/08/28 13:50:58.234, 1, 100, 43801
2026/08/28 13:50:58.234, 2, 100, 43801
2026/08/28 13:50:58.234, 3, 100, 43801
2026/08/28 13:50:58.734, 0, 100, 43817
2026/08/28 13:50:58.734, 1, 100, 43801
2026/08/28 13:50:58.734, 2, 100, 43801
2026/08/28 13:50:58.734, 3, 100, 43801
2026/08/28 13:50:59.234, 0, 100, 43817
2026/08/28 13:50:59.234, 1, 100, 43801
2026/08/28 13:50:59.234, 2, 100, 43801
2026/08/28 13:50:59.234, 3, 100, 43801
2026/08/28 13:50:59.734, 0, 100, 43817
2026/08/28 13:50:59.734, 1, 100, 43801
2026/08/28 13:50:59.734, 2, 100, 43801
2026/08/28 13:50:59.734, 3, 100, 43801
2026/08/28 13:51:00.234, 0, 100, 43817
2026/08/28 13:51:00.234, 1, 100, 43801
2026/08/28 13:51:00.234, 2, 100, 43801
2026/08/28 13:51:00.234, 3, 100, 43801
2026/08/28 13:51:00.735, 0, 100, 43817
2026/08/28 13:51:00.735, 1, 100, 43801
2026/08/28 13:51:00.735, 2, 100, 43801
2026/08/28 13:51:00.735, 3, 100, 43801
2026/08/28 13:51:01.235, 0, 0, 43817
2026/08/28 13:51:01.235, 1, 0, 43801
2026/08/28 13:51:01.235, 2, 0, 43801
2026/08/28 13:51:01.235, 3, 0, 43801
2026/08/28 13:51:01.735, 0, 0, 43817
2026/08/28 13:51:01.735, 1, 0, 43801
2026/08/28 13:51:01.735, 2, 0, 43801
2026/08/28 13:51:01.735, 3, 0, 43801
2026/08/28 13:51:02.235, 0, 0, 43817
2026/08/28 13:51:02.235, 1, 0, 43801
2026/08/28 13:51:02.235, 2, 0, 43801
2026/08/28 13:51:02.235, 3, 0, 43801
2026/08/28 13:51:02.735, 0, 0, 43817
2026/08/28 13:51:02.735, 1, 0, 43801
2026/08/28 13:51:02.735, 2, 0, 43801
2026/08/28 13:51:02.735, 3, 0, 43801
2026/08/28 13:51:03.235, 0, 100, 43817
2026/08/28 13:51:03.235, 1, 100, 43801
2026/08/28 13:51:03.235, 2, 100, 43801
2026/08/28 13:51:03.235, 3, 100, 43801
2026/08/28 13:51:03.735, 0, 100, 43817
2026/08/28 13:51:03.735, 1, 100, 43801
2026/08/28 13:51:03.735, 2, 100, 43801
2026/08/28 13:51:03.736, 3, 100, 43801
2026/08/28 13:51:04.236, 0, 100, 43817
2026/08/28 13:51:04.236, 1, 100, 43801
2026/08/28 13:51:04.236, 2, 100, 43801
2026/08/28 13:51:04.236, 3, 100, 43801
2026/08/28 13:51:04.736, 0, 100, 43817
2026/08/28 13:51:04.736, 1, 100, 43801
2026/08/28 13:51:04.736, 2, 100, 43801
2026/08/28 13:51:04.736, 3, 100, 43801
2026/08/28 13:51:05.236, 0, 100, 43817
2026/08/28 13:51:05.236, 1, 100, 43801
2026/08/28 13:51:05.236, 2, 100, 43801
2026/08/28 13:51:05.236, 3, 100, 43801
2026/08/28 13:51:05.736, 0, 100, 43817
2026/08/28 13:51:05.736, 1, 100, 43801
2026/08/28 13:51:05.736, 2, 100, 43801
2026/08/28 13:51:05.736, 3, 100, 43801
2026/08/28 13:51:06.236, 0, 100, 43817
2026/08/28 13:51:06.236, 1, 100, 43801
2026/08/28 13:51:06.236, 2, 100, 43801
2026/08/28 13:51:06.236, 3, 100, 43801
2026/08/28 13:51:06.736, 0, 100, 43817
2026/08/28 13:51:06.736, 1, 100, 43801
2026/08/28 13:51:06.736, 2, 100, 43801
2026/08/28 13:51:06.736, 3, 100, 43801
2026/08/28 13:51:07.236, 0, 100, 43817
2026/08/28 13:51:07.236, 1, 100, 43801
2026/08/28 13:51:07.236, 2, 100, 43801
2026/08/28 13:51:07.236, 3, 100, 43801
2026/08/28 13:51:07.736, 0, 88, 43817
2026/08/28 13:51:07.737, 1, 100, 43801
2026/08/28 13:51:07.737, 2, 94, 43801
2026/08/28 13:51:07.737, 3, 100, 43801
2026/08/28 13:51:08.237, 0, 100, 43817
2026/08/28 13:51:08.237, 1, 100, 43801
2026/08/28 13:51:08.237, 2, 100, 43801
2026/08/28 13:51:08.237, 3, 100, 43801
2026/08/28 13:51:08.737, 0, 100, 43817
2026/08/28 13:51:08.737, 1, 100, 43801
2026/08/28 13:51:08.737, 2, 100, 43801
2026/08/28 13:51:08.737, 3, 100, 43801
2026/08/28 13:51:09.237, 0, 100, 43817
2026/08/28 13:51:09.237, 1, 100, 43801
2026/08/28 13:51:09.237, 2, 100, 43801
2026/08/28 13:51:09.237, 3, 100, 43801
2026/08/28 13:51:09.737, 0, 100, 43817
2026/08/28 13:51:09.737, 1, 100, 43801
2026/08/28 13:51:09.737, 2, 100, 43801
2026/08/28 13:51:09.737, 3, 100, 43801
2026/08/28 13:51:10.237, 0, 100, 43817
2026/08/28 13:51:10.237, 1, 100, 43801
2026/08/28 13:51:10.237, 2, 100, 43801
2026/08/28 13:51:10.237, 3, 100, 43801
2026/08/28 13:51:10.737, 0, 100, 43817
2026/08/28 13:51:10.737, 1, 100, 43801
2026/08/28 13:51:10.737, 2, 100, 43801
2026/08/28 13:51:10.737, 3, 100, 43801
2026/08/28 13:51:11.237, 0, 100, 43817
2026/08/28 13:51:11.238, 1, 100, 43801
2026/08/28 13:51:11.238, 2, 100, 43801
2026/08/28 13:51:11.238, 3, 100, 43801
2026/08/28 13:51:11.738, 0, 100, 43817
2026/08/28 13:51:11.738, 1, 100, 43801
2026/08/28 13:51:11.738, 2, 100, 43801
2026/08/28 13:51:11.738, 3, 100, 43801
2026/08/28 13:51:12.238, 0, 78, 43817
2026/08/28 13:51:12.238, 1, 80, 43801
2026/08/28 13:51:12.238, 2, 100, 43801
2026/08/28 13:51:12.238, 3, 100, 43801
2026/08/28 13:51:12.738, 0, 100, 43817
2026/08/28 13:51:12.738, 1, 100, 43801
2026/08/28 13:51:12.738, 2, 100, 43801
2026/08/28 13:51:12.738, 3, 100, 43801
2026/08/28 13:51:13.238, 0, 100, 43817
2026/08/28 13:51:13.238, 1, 100, 43801
2026/08/28 13:51:13.238, 2, 100, 43801
2026/08/28 13:51:13.238, 3, 100, 43801
2026/08/28 13:51:13.738, 0, 100, 43817
2026/08/28 13:51:13.738, 1, 100, 43801
2026/08/28 13:51:13.738, 2, 100, 43801
2026/08/28 13:51:13.738, 3, 100, 43801
2026/08/28 13:51:14.238, 0, 100, 43817
2026/08/28 13:51:14.238, 1, 100, 43801
2026/08/28 13:51:14.238, 2, 100, 43801
2026/08/28 13:51:14.238, 3, 100, 43801
2026/08/28 13:51:14.738, 0, 100, 43817
2026/08/28 13:51:14.739, 1, 100, 43801
2026/08/28 13:51:14.739, 2, 100, 43801
2026/08/28 13:51:14.739, 3, 100, 43801
2026/08/28 13:51:15.239, 0, 100, 43817
2026/08/28 13:51:15.239, 1, 100, 43801
2026/08/28 13:51:15.239, 2, 100, 43801
2026/08/28 13:51:15.239, 3, 100, 43801
2026/08/28 13:51:15.739, 0, 100, 43817
2026/08/28 13:51:15.739, 1, 100, 43801
2026/08/28 13:51:15.739, 2, 100, 43801
2026/08/28 13:51:15.739, 3, 100, 43801
2026/08/28 13:51:16.239, 0, 100, 43817
2026/08/28 13:51:16.239, 1, 100, 43801
2026/08/28 13:51:16.239, 2, 100, 43801
2026/08/28 13:51:16.239, 3, 100, 43801
2026/08/28 13:51:16.739, 0, 100, 43817
2026/08/28 13:51:16.739, 1, 100, 43801
2026/08/28 13:51:16.739, 2, 100, 43801
2026/08/28 13:51:16.739, 3, 89, 43801
2026/08/28 13:51:17.239, 0, 100, 43817
2026/08/28 13:51:17.239, 1, 100, 43801
2026/08/28 13:51:17.239, 2, 100, 43801
2026/08/28 13:51:17.239, 3, 100, 43801
2026/08/28 13:51:17.739, 0, 100, 43817
2026/08/28 13:51:17.739, 1, 100, 43801
2026/08/28 13:51:17.739, 2, 100, 43801
2026/08/28 13:51:17.739, 3, 100, 43801
2026/08/28 13:51:18.239, 0, 100, 43817
2026/08/28 13:51:18.239, 1, 100, 43801
2026/08/28 13:51:18.239, 2, 100, 43801
2026/08/28 13:51:18.239, 3, 100, 43801
2026/08/28 13:51:18.740, 0, 100, 43817
2026/08/28 13:51:18.740, 1, 100, 43801
2026/08/28 13:51:18.740, 2, 100, 43801
2026/08/28 13:51:18.740, 3, 100, 43801
2026/08/28 13:51:19.240, 0, 100, 43817
2026/08/28 13:51:19.240, 1, 100, 43801
2026/08/28 13:51:19.240, 2, 100, 43801
2026/08/28 13:51:19.240, 3, 100, 43801
2026/08/28 13:51:19.740, 0, 100, 43817
2026/08/28 13:51:19.740, 1, 100, 43801
2026/08/28 13:51:19.740, 2, 100, 43801
2026/08/28 13:51:19.740, 3, 100, 43801
2026/08/28 13:51:20.240, 0, 100, 43817
2026/08/28 13:51:20.240, 1, 100, 43801
2026/08/28 13:51:20.240, 2, 100, 43801
2026/08/28 13:51:20.240, 3, 100, 43801
2026/08/28 13:51:20.740, 0, 100, 43817
2026/08/28 13:51:20.740, 1, 100, 43801
2026/08/28 13:51:20.740, 2, 100, 43801
2026/08/28 13:51:20.740, 3, 100, 43801
2026/08/28 13:51:21.240, 0, 100, 43817
2026/08/28 13:51:21.240, 1, 100, 43801
2026/08/28 13:51:21.240, 2, 85, 43801
2026/08/28 13:51:21.240, 3, 100, 43801
2026/08/28 13:51:21.740, 0, 0, 43817
2026/08/28 13:51:21.740, 1, 0, 43801
2026/08/28 13:51:21.740, 2, 0, 43801
2026/08/28 13:51:21.740, 3, 0, 43801
2026/08/28 13:51:22.241, 0, 0, 43817
2026/08/28 13:51:22.241, 1, 0, 43801
2026/08/28 13:51:22.241, 2, 0, 43801
2026/08/28 13:51:22.241, 3, 0, 43801
2026/08/28 13:51:22.741, 0, 0, 43817
2026/08/28 13:51:22.741, 1, 0, 43801
2026/08/28 13:51:22.741, 2, 0, 43801
2026/08/28 13:51:22.741, 3, 0, 43801
2026/08/28 13:51:23.241, 0, 0, 43817
2026/08/28 13:51:23.241, 1, 0, 43801
2026/08/28 13:51:23.241, 2, 0, 43801
2026/08/28 13:51:23.241, 3, 0, 43801
2026/08/28 13:51:23.741, 0, 100, 43817
2026/08/28 13:51:23.741, 1, 100, 43801
2026/08/28 13:51:23.741, 2, 100, 43801
2026/08/28 13:51:23.741, 3, 100, 43801
2026/08/28 13:51:24.241, 0, 100, 43817
2026/08/28 13:51:24.241, 1, 100, 43801
2026/08/28 13:51:24.241, 2, 100, 43801
2026/08/28 13:51:24.241, 3, 100, 43801
2026/08/28 13:51:24.741, 0, 100, 43817
2026/08/28 13:51:24.742, 1, 100, 43801
2026/08/28 13:51:24.742, 2, 100, 43801
2026/08/28 13:51:24.743, 3, 100, 43801
2026/08/28 13:51:25.243, 0, 100, 43817
2026/08/28 13:51:25.243, 1, 100, 43801
2026/08/28 13:51:25.243, 2, 100, 43801
2026/08/28 13:51:25.243, 3, 100, 43801
2026/08/28 13:51:25.743, 0, 100, 43817
2026/08/28 13:51:25.743, 1, 100, 43801
2026/08/28 13:51:25.743, 2, 100, 43801
2026/08/28 13:51:25.743, 3, 100, 43801
2026/08/28 13:51:26.243, 0, 100, 43817
2026/08/28 13:51:26.243, 1, 100, 43801
2026/08/28 13:51:26.243, 2, 100, 43801
2026/08/28 13:51:26.243, 3, 100, 43801
2026/08/28 13:51:26.743, 0, 100, 43817
2026/08/28 13:51:26.743, 1, 100, 43801
2026/08/28 13:51:26.743, 2, 100, 43801
2026/08/28 13:51:26.743, 3, 100, 43801
2026/08/28 13:51:27.243, 0, 100, 43817
2026/08/28 13:51:27.243, 1, 100, 43801
2026/08/28 13:51:27.243, 2, 100, 43801
2026/08/28 13:51:27.243, 3, 100, 43801
2026/08/28 13:51:27.743, 0, 100, 43817
2026/08/28 13:51:27.743, 1, 100, 43801
2026/08/28 13:51:27.743, 2, 100, 43801
2026/08/28 13:51:27.743, 3, 100, 43801
2026/08/28 13:51:28.243, 0, 100, 43817
2026/08/28 13:51:28.243, 1, 100, 43801
2026/08/28 13:51:28.243, 2, 100, 43801
2026/08/28 13:51:28.243, 3, 77, 43801
2026/08/28 13:51:28.744, 0, 100, 43817
2026/08/28 13:51:28.744, 1, 100, 43801
2026/08/28 13:51:28.744, 2, 100, 43801
2026/08/28 13:51:28.744, 3, 100, 43801
2026/08/28 13:51:29.244, 0, 100, 43817
2026/08/28 13:51:29.244, 1, 100, 43801
2026/08/28 13:51:29.244, 2, 100, 43801
2026/08/28 13:51:29.244, 3, 100, 43801
2026/08/28 13:51:29.744, 0, 100, 43817
2026/08/28 13:51:29.744, 1, 100, 43801
2026/08/28 13:51:29.744, 2, 100, 43801
2026/08/28 13:51:29.744, 3, 100, 43801
2026/08/28 13:51:30.244, 0, 100, 43817
2026/08/28 13:51:30.244, 1, 100, 43801
2026/08/28 13:51:30.244, 2, 100, 43801
2026/08/28 13:51:30.244, 3, 100, 43801
2026/08/28 13:51:30.744, 0, 100, 43817
2026/08/28 13:51:30.744, 1, 100, 43801
2026/08/28 13:51:30.744, 2, 100, 43801
2026/08/28 13:51:30.744, 3, 100, 43801
2026/08/28 13:51:31.244, 0, 100, 43817
2026/08/28 13:51:31.244, 1, 100, 43801
2026/08/28 13:51:31.244, 2, 100, 43801
2026/08/28 13:51:31.244, 3, 100, 43801
2026/08/28 13:51:31.744, 0, 100, 43817
2026/08/28 13:51:31.744, 1, 100, 43801
2026/08/28 13:51:31.744, 2, 100, 43801
2026/08/28 13:51:31.744, 3, 100, 43801
2026/08/28 13:51:32.244, 0, 100, 43817
2026/08/28 13:51:32.244, 1, 100, 43801
2026/08/28 13:51:32.244, 2, 100, 43801
2026/08/28 13:51:32.244, 3, 100, 43801
2026/08/28 13:51:32.745, 0, 78, 43817
2026/08/28 13:51:32.745, 1, 78, 43801
2026/08/28 13:51:32.745, 2, 77, 43801
2026/08/28 13:51:32.745, 3, 95, 43801
2026/08/28 13:51:33.245, 0, 100, 43817
2026/08/28 13:51:33.245, 1, 100, 43801
2026/08/28 13:51:33.245, 2, 100, 43801
2026/08/28 13:51:33.245, 3, 100, 43801
2026/08/28 13:51:33.745, 0, 100, 43817
2026/08/28 13:51:33.745, 1, 100, 43801
2026/08/28 13:51:33.745, 2, 100, 43801
2026/08/28 13:51:33.745, 3, 100, 43801
2026/08/28 13:51:34.245, 0, 100, 43817
2026/08/28 13:51:34.245, 1, 100, 43801
2026/08/28 13:51:34.245, 2, 100, 43801
2026/08/28 13:51:34.245, 3, 100, 43801
2026/08/28 13:51:34.745, 0, 100, 43817
2026/08/28 13:51:34.745, 1, 100, 43801
2026/08/28 13:51:34.745, 2, 100, 43801
2026/08/28 13:51:34.745, 3, 100, 43801
2026/08/28 13:51:35.245, 0, 100, 43817
2026/08/28 13:51:35.245, 1, 100, 43801
2026/08/28 13:51:35.245, 2, 100, 43801
2026/08/28 13:51:35.245, 3, 100, 43801
2026/08/28 13:51:35.745, 0, 100, 43817
2026/08/28 13:51:35.745, 1, 100, 43801
2026/08/28 13:51:35.745, 2, 100, 43801
2026/08/28 13:51:35.745, 3, 100, 43801
2026/08/28 13:51:36.246, 0, 100, 43817
2026/08/28 13:51:36.246, 1, 100, 43801
2026/08/28 13:51:36.246, 2, 100, 43801
2026/08/28 13:51:36.246, 3, 100, 43801
2026/08/28 13:51:36.746, 0, 100, 43817
2026/08/28 13:51:36.746, 1, 100, 43801
2026/08/28 13:51:36.746, 2, 100, 43801
2026/08/28 13:51:36.746, 3, 100, 43801
2026/08/28 13:51:37.246, 0, 100, 43817
2026/08/28 13:51:37.246, 1, 79, 43801
2026/08/28 13:51:37.246, 2, 100, 43801
2026/08/28 13:51:37.246, 3, 100, 43801
2026/08/28 13:51:37.746, 0, 100, 43817
2026/08/28 13:51:37.746, 1, 100, 43801
2026/08/28 13:51:37.746, 2, 100, 43801
2026/08/28 13:51:37.746, 3, 100, 43801
2026/08/28 13:51:38.246, 0, 100, 43817
2026/08/28 13:51:38.246, 1, 100, 43801
2026/08/28 13:51:38.246, 2, 100, 43801
2026/08/28 13:51:38.246, 3, 100, 43801
2026/08/28 13:51:38.746, 0, 100, 43817
2026/08/28 13:51:38.746, 1, 100, 43801
2026/08/28 13:51:38.746, 2, 100, 43801
2026/08/28 13:51:38.746, 3, 100, 43801
2026/08/28 13:51:39.246, 0, 100, 43817
2026/08/28 13:51:39.246, 1, 100, 43801
2026/08/28 13:51:39.246, 2, 100, 43801
2026/08/28 13:51:39.246, 3, 100, 43801
2026/08/28 13:51:39.747, 0, 100, 43817
2026/08/28 13:51:39.747, 1, 100, 43801
2026/08/28 13:51:39.747, 2, 100, 43801
2026/08/28 13:51:39.747, 3, 100, 43801
2026/08/28 13:51:40.247, 0, 100, 43817
2026/08/28 13:51:40.247, 1, 100, 43801
2026/08/28 13:51:40.247, 2, 100, 43801
2026/08/28 13:51:40.247, 3, 100, 43801
2026/08/28 13:51:40.747, 0, 100, 43817
2026/08/28 13:51:40.747, 1, 100, 43801
2026/08/28 13:51:40.747, 2, 100, 43801
2026/08/28 13:51:40.747, 3, 100, 43801
2026/08/28 13:51:41.247, 0, 100, 43817
2026/08/28 13:51:41.247, 1, 100, 43801
2026/08/28 13:51:41.247, 2, 100, 43801
2026/08/28 13:51:41.247, 3, 100, 43801
2026/08/28 13:51:41.747, 0, 100, 43817
2026/08/28 13:51:41.747, 1, 100, 43801
2026/08/28 13:51:41.747, 2, 100, 43801
2026/08/28 13:51:41.747, 3, 100, 43801
2026/08/28 13:51:42.247, 0, 0, 43817
2026/08/28 13:51:42.247, 1, 0, 43801
2026/08/28 13:51:42.247, 2, 0, 43801
2026/08/28 13:51:42.247, 3, 0, 43801
2026/08/28 13:51:42.747, 0, 0, 43817
2026/08/28 13:51:42.748, 1, 0, 43801
2026/08/28 13:51:42.748, 2, 0, 43801
2026/08/28 13:51:42.748, 3, 0, 43801
2026/08/28 13:51:43.248, 0, 0, 43817
2026/08/28 13:51:43.248, 1, 0, 43801
2026/08/28 13:51:43.248, 2, 0, 43801
2026/08/28 13:51:43.248, 3, 0, 43801
2026/08/28 13:51:43.748, 0, 0, 43817
2026/08/28 13:51:43.748, 1, 0, 43801
2026/08/28 13:51:43.748, 2, 0, 43801
2026/08/28 13:51:43.748, 3, 0, 43801
2026/08/28 13:51:44.248, 0, 100, 43817
2026/08/28 13:51:44.248, 1, 100, 43801
2026/08/28 13:51:44.248, 2, 100, 43801
2026/08/28 13:51:44.248, 3, 100, 43801
2026/08/28 13:51:44.748, 0, 100, 43817
2026/08/28 13:51:44.748, 1, 100, 43801
2026/08/28 13:51:44.748, 2, 100, 43801
2026/08/28 13:51:44.748, 3, 100, 43801
2026/08/28 13:51:45.248, 0, 100, 43817
2026/08/28 13:51:45.248, 1, 100, 43801
2026/08/28 13:51:45.248, 2, 100, 43801
2026/08/28 13:51:45.248, 3, 100, 43801
2026/08/28 13:51:45.748, 0, 100, 43817
2026/08/28 13:51:45.748, 1, 100, 43801
2026/08/28 13:51:45.748, 2, 100, 43801
2026/08/28 13:51:45.749, 3, 100, 43801
2026/08/28 13:51:46.249, 0, 100, 43817
2026/08/28 13:51:46.249, 1, 100, 43801
2026/08/28 13:51:46.249, 2, 100, 43801
2026/08/28 13:51:46.249, 3, 100, 43801
2026/08/28 13:51:46.749, 0, 100, 43817
2026/08/28 13:51:46.749, 1, 100, 43801
2026/08/28 13:51:46.749, 2, 100, 43801
2026/08/28 13:51:46.749, 3, 100, 43801
2026/08/28 13:51:47.249, 0, 100, 43817
2026/08/28 13:51:47.249, 1, 100, 43801
2026/08/28 13:51:47.249, 2, 100, 43801
2026/08/28 13:51:47.249, 3, 100, 43801
2026/08/28 13:51:47.749, 0, 100, 43817
2026/08/28 13:51:47.749, 1, 100, 43801
2026/08/28 13:51:47.749, 2, 100, 43801
2026/08/28 13:51:47.749, 3, 100, 43801
2026/08/28 13:51:48.249, 0, 100, 43817
2026/08/28 13:51:48.249, 1, 100, 43801
2026/08/28 13:51:48.249, 2, 100, 43801
2026/08/28 13:51:48.249, 3, 100, 43801
2026/08/28 13:51:48.749, 0, 100, 43817
2026/08/28 13:51:48.749, 1, 100, 43801
2026/08/28 13:51:48.749, 2, 100, 43801
2026/08/28 13:51:48.749, 3, 100, 43801
2026/08/28 13:51:49.249, 0, 100, 43817
2026/08/28 13:51:49.249, 1, 100, 43801
2026/08/28 13:51:49.249, 2, 100, 43801
2026/08/28 13:51:49.249, 3, 100, 43801
2026/08/28 13:51:49.750, 0, 100, 43817
2026/08/28 13:51:49.750, 1, 100, 43801
2026/08/28 13:51:49.750, 2, 100, 43801
2026/08/28 13:51:49.750, 3, 100, 43801
2026/08/28 13:51:50.250, 0, 100, 43817
2026/08/28 13:51:50.250, 1, 100, 43801
2026/08/28 13:51:50.250, 2, 100, 43801
2026/08/28 13:51:50.250, 3, 100, 43801
2026/08/28 13:51:50.750, 0, 100, 43817
2026/08/28 13:51:50.750, 1, 100, 43801
2026/08/28 13:51:50.750, 2, 100, 43801
2026/08/28 13:51:50.750, 3, 100, 43801
2026/08/28 13:51:51.250, 0, 100, 43817
2026/08/28 13:51:51.250, 1, 100, 43801
2026/08/28 13:51:51.250, 2, 100, 43801
2026/08/28 13:51:51.250, 3, 100, 43801
2026/08/28 13:51:51.750, 0, 100, 43817
2026/08/28 13:51:51.750, 1, 100, 43801
2026/08/28 13:51:51.750, 2, 100, 43801
2026/08/28 13:51:51.750, 3, 100, 43801
2026/08/28 13:51:52.250, 0, 100, 43817
2026/08/28 13:51:52.250, 1, 100, 43801
2026/08/28 13:51:52.250, 2, 100, 43801
2026/08/28 13:51:52.250, 3, 100, 43801
2026/08/28 13:51:52.750, 0, 100, 43817
2026/08/28 13:51:52.750, 1, 100, 43801
2026/08/28 13:51:52.750, 2, 100, 43801
2026/08/28 13:51:52.750, 3, 100, 43801
2026/08/28 13:51:53.250, 0, 100, 43817
2026/08/28 13:51:53.251, 1, 100, 43801
2026/08/28 13:51:53.251, 2, 100, 43801
2026/08/28 13:51:53.251, 3, 71, 43801
2026/08/28 13:51:53.751, 0, 100, 43817
2026/08/28 13:51:53.751, 1, 100, 43801
2026/08/28 13:51:53.751, 2, 100, 43801
2026/08/28 13:51:53.751, 3, 100, 43801
2026/08/28 13:51:54.251, 0, 100, 43817
2026/08/28 13:51:54.251, 1, 100, 43801
2026/08/28 13:51:54.251, 2, 100, 43801
2026/08/28 13:51:54.251, 3, 100, 43801
2026/08/28 13:51:54.751, 0, 100, 43817
2026/08/28 13:51:54.751, 1, 100, 43801
2026/08/28 13:51:54.751, 2, 100, 43801
2026/08/28 13:51:54.751, 3, 100, 43801
2026/08/28 13:51:55.251, 0, 100, 43817
2026/08/28 13:51:55.251, 1, 100, 43801
2026/08/28 13:51:55.251, 2, 100, 43801
2026/08/28 13:51:55.251, 3, 100, 43801
2026/08/28 13:51:55.751, 0, 100, 43817
2026/08/28 13:51:55.751, 1, 100, 43801
2026/08/28 13:51:55.751, 2, 100, 43801
2026/08/28 13:51:55.751, 3, 100, 43801
2026/08/28 13:51:56.251, 0, 100, 43817
2026/08/28 13:51:56.251, 1, 100, 43801
2026/08/28 13:51:56.251, 2, 100, 43801
2026/08/28 13:51:56.251, 3, 100, 43801
2026/08/28 13:51:56.751, 0, 100, 43817
2026/08/28 13:51:56.752, 1, 100, 43801
2026/08/28 13:51:56.752, 2, 100, 43801
2026/08/28 13:51:56.752, 3, 100, 43801
2026/08/28 13:51:57.252, 0, 100, 43817
2026/08/28 13:51:57.252, 1, 100, 43801
2026/08/28 13:51:57.252, 2, 100, 43801
2026/08/28 13:51:57.252, 3, 100, 43801
2026/08/28 13:51:57.752, 0, 68, 43817
2026/08/28 13:51:57.752, 1, 71, 43801
2026/08/28 13:51:57.752, 2, 69, 43801
2026/08/28 13:51:57.752, 3, 70, 43801
2026/08/28 13:51:58.252, 0, 100, 43817
2026/08/28 13:51:58.252, 1, 100, 43801
2026/08/28 13:51:58.252, 2, 100, 43801
2026/08/28 13:51:58.252, 3, 100, 43801
2026/08/28 13:51:58.752, 0, 100, 43817
2026/08/28 13:51:58.752, 1, 100, 43801
2026/08/28 13:51:58.752, 2, 100, 43801
2026/08/28 13:51:58.752, 3, 100, 43801
2026/08/28 13:51:59.252, 0, 100, 43817
2026/08/28 13:51:59.252, 1, 100, 43801
2026/08/28 13:51:59.252, 2, 100, 43801
2026/08/28 13:51:59.252, 3, 100, 43801
2026/08/28 13:51:59.752, 0, 100, 43817
2026/08/28 13:51:59.752, 1, 100, 43801
2026/08/28 13:51:59.752, 2, 100, 43801
2026/08/28 13:51:59.752, 3, 100, 43801
2026/08/28 13:52:00.253, 0, 100, 43817
2026/08/28 13:52:00.253, 1, 100, 43801
2026/08/28 13:52:00.253, 2, 100, 43801
2026/08/28 13:52:00.253, 3, 100, 43801
2026/08/28 13:52:00.753, 0, 100, 43817
2026/08/28 13:52:00.753, 1, 100, 43801
2026/08/28 13:52:00.753, 2, 100, 43801
2026/08/28 13:52:00.753, 3, 100, 43801
2026/08/28 13:52:01.253, 0, 100, 43817
2026/08/28 13:52:01.253, 1, 100, 43801
2026/08/28 13:52:01.253, 2, 100, 43801
2026/08/28 13:52:01.253, 3, 100, 43801
2026/08/28 13:52:01.753, 0, 100, 43817
2026/08/28 13:52:01.753, 1, 100, 43801
2026/08/28 13:52:01.753, 2, 100, 43801
2026/08/28 13:52:01.753, 3, 100, 43801
2026/08/28 13:52:02.253, 0, 4, 43817
2026/08/28 13:52:02.253, 1, 32, 43801
2026/08/28 13:52:02.253, 2, 0, 43801
2026/08/28 13:52:02.253, 3, 100, 43801
2026/08/28 13:52:02.753, 0, 0, 43817
2026/08/28 13:52:02.753, 1, 0, 43801
2026/08/28 13:52:02.753, 2, 0, 43801
2026/08/28 13:52:02.753, 3, 0, 43801
2026/08/28 13:52:03.253, 0, 0, 43817
2026/08/28 13:52:03.253, 1, 0, 43801
2026/08/28 13:52:03.253, 2, 0, 43801
2026/08/28 13:52:03.253, 3, 0, 43801
2026/08/28 13:52:03.754, 0, 0, 43817
2026/08/28 13:52:03.754, 1, 0, 43801
2026/08/28 13:52:03.754, 2, 0, 43801
2026/08/28 13:52:03.754, 3, 0, 43801
2026/08/28 13:52:04.254, 0, 0, 43817
2026/08/28 13:52:04.254, 1, 0, 43801
2026/08/28 13:52:04.254, 2, 0, 43801
2026/08/28 13:52:04.254, 3, 0, 43801
2026/08/28 13:52:04.754, 0, 0, 43817
2026/08/28 13:52:04.754, 1, 0, 43801
2026/08/28 13:52:04.754, 2, 0, 43801
2026/08/28 13:52:04.754, 3, 0, 43801
2026/08/28 13:52:05.254, 0, 0, 43817
2026/08/28 13:52:05.254, 1, 0, 43801
2026/08/28 13:52:05.254, 2, 0, 43801
2026/08/28 13:52:05.254, 3, 0, 43801
2026/08/28 13:52:05.754, 0, 0, 43817
2026/08/28 13:52:05.754, 1, 0, 43801
2026/08/28 13:52:05.754, 2, 0, 43801
2026/08/28 13:52:05.754, 3, 0, 43801
2026/08/28 13:52:06.254, 0, 0, 43817
2026/08/28 13:52:06.254, 1, 0, 43801
2026/08/28 13:52:06.255, 2, 0, 43801
2026/08/28 13:52:06.255, 3, 0, 43801
2026/08/28 13:52:06.755, 0, 0, 43817
2026/08/28 13:52:06.755, 1, 0, 43801
2026/08/28 13:52:06.755, 2, 0, 43801
2026/08/28 13:52:06.755, 3, 0, 43801
2026/08/28 13:52:07.255, 0, 0, 43817
2026/08/28 13:52:07.255, 1, 0, 43801
2026/08/28 13:52:07.255, 2, 0, 43801
2026/08/28 13:52:07.255, 3, 0, 43801
2026/08/28 13:52:07.755, 0, 0, 43817
2026/08/28 13:52:07.755, 1, 0, 43801
2026/08/28 13:52:07.755, 2, 0, 43801
2026/08/28 13:52:07.755, 3, 0, 43801
2026/08/28 13:52:08.255, 0, 100, 601
2026/08/28 13:52:08.255, 1, 79, 585
2026/08/28 13:52:08.255, 2, 30, 585
2026/08/28 13:52:08.255, 3, 0, 585
2026/08/28 13:52:08.755, 0, 100, 591
2026/08/28 13:52:08.789, 1, 100, 573
2026/08/28 13:52:08.789, 2, 100, 573
2026/08/28 13:52:08.789, 3, 100, 573
2026/08/28 13:52:09.289, 0, 0, 589
2026/08/28 13:52:09.290, 1, 99, 571
2026/08/28 13:52:09.290, 2, 100, 571
2026/08/28 13:52:09.290, 3, 100, 571
2026/08/28 13:52:09.790, 0, 0, 589
2026/08/28 13:52:09.790, 1, 0, 571
2026/08/28 13:52:09.790, 2, 0, 571
2026/08/28 13:52:09.791, 3, 0, 571
2026/08/28 13:52:10.292, 0, 0, 0
2026/08/28 13:52:10.416, 1, 0, 0
2026/08/28 13:52:10.420, 2, 0, 0
2026/08/28 13:52:10.420, 3, 0, 0
