warning: The `tool.uv.dev-dependencies` field (used in `packages/openpi-client/pyproject.toml`) is deprecated and will be removed in a future release; use `dependency-groups.dev` instead
INFO:2026-09-14 13:37:39,280:jax._src.xla_bridge:925: Unable to initialize backend 'rocm': module 'jaxlib.xla_extension' has no attribute 'GpuAllocatorConfig'
INFO:jax._src.xla_bridge:Unable to initialize backend 'rocm': module 'jaxlib.xla_extension' has no attribute 'GpuAllocatorConfig'
INFO:2026-09-14 13:37:39,282:jax._src.xla_bridge:925: Unable to initialize backend 'tpu': INTERNAL: Failed to open libtpu.so: libtpu.so: cannot open shared object file: No such file or directory
INFO:jax._src.xla_bridge:Unable to initialize backend 'tpu': INTERNAL: Failed to open libtpu.so: libtpu.so: cannot open shared object file: No such file or directory
INFO:root:Checking history config
INFO:absl:orbax-checkpoint version: 0.11.13
INFO:absl:Created BasePyTreeCheckpointHandler: use_ocdbt=True, use_zarr3=False, pytree_metadata_options=PyTreeMetadataOptions(support_rich_types=False), array_metadata_store=<orbax.checkpoint._src.metadata.array_metadata_store.Store object at 0x7f604bb90c10>
INFO:absl:Restoring checkpoint from /scratch/hongze/robomme_policy_learning_MotionJEPA/v1-store/train-runs/t8-c8-b/mme_vla_suite/t8-c8-b/999/params.
INFO:absl:[thread=MainThread] Failed to get flag value for EXPERIMENTAL_ORBAX_USE_DISTRIBUTED_PROCESS_ID.
INFO:absl:[process=0] /jax/checkpoint/read/bytes_per_sec: 1.0 GiB/s (total bytes: 6.3 GiB) (time elapsed: 6 seconds) (per-host)
INFO:absl:Finished restoring checkpoint in 6.25 seconds from /scratch/hongze/robomme_policy_learning_MotionJEPA/v1-store/train-runs/t8-c8-b/mme_vla_suite/t8-c8-b/999/params.
INFO:root:Loading model...
max_token_len:  64
====== Using History, Representation Type: perceptual , Integration Type: context ======
Perceptual Memory using frame_sampling type

max_token_len: 64
INFO:root:Loaded norm stats from v1-store/train-assets/mme_vla_suite/robomme-400ep/robomme
INFO:root:Loaded norm stats from /scratch/hongze/robomme_policy_learning_MotionJEPA/v1-store/train-runs/t8-c8-b/mme_vla_suite/t8-c8-b/999/assets/robomme
Training config:  TrainConfig(name='mme_vla_suite_b128', project_name='robomme-framesamp', exp_name=<PropagatingMissingType id='140043616838096'>, model=HistoryPi0Config(action_dim=32, action_horizon=20, max_token_len=64, dtype='bfloat16', paligemma_variant='gemma_2b', action_expert_variant='gemma_300m', pi05=True, discrete_state_input=False, memory_expert_variant='gemma_150m', use_history=True, history_config={'budget': 512, 'num_views': 1, 'token_per_image': 64, 'streaming_obs_horizon': 16, 'pool_type': 'mean', 'use_pos_emb': True, 'use_state_emb': False, 'memory_feature': {'img': {'net': 'identity', 'input_dim': 2048}, 'pos': {'input_dim': 768, 'hidden_dim': 768}, 'state': {'input_dim': 8, 'hidden_dim': 512}}, 'integration_type': 'context', 'memory_token_dim': 2048, 'representation_type': 'perceptual', 'perceptual_memory': {'type': 'frame_sampling'}, 'motion': {'enabled': False, 'dim': 768, 'budget': 96, 'stride': 16, 'window_frames': 33, 'window_direction': 'forward', 'grid_origin': 'segment_start', 'store_path': 'v1-store/datasets/4task-motion-40ep/motion', 'source_run': 'wan-v8-filter10-72ep-a/checkpoint_epoch_72.pt#encoder', 'pos_dim': 256, 'frame_size': 256, 'online_gpu': 1}}), weight_loader=CheckpointWeightLoader(params_path='/scratch/hongze/robomme_policy_learning_MotionJEPA/v1-store/models/openpi-assets/checkpoints/pi05_base/params'), pytorch_weight_path=None, pytorch_training_precision='bfloat16', lr_schedule=CosineDecaySchedule(warmup_steps=5000, peak_lr=0.0001, decay_steps=50000, decay_lr=0.0001), optimizer=AdamW(b1=0.9, b2=0.95, eps=1e-08, weight_decay=1e-10, clip_gradient_norm=1.0), ema_decay=0.999, freeze_filter=PathRegex(pattern=re.compile('.*img.*'), sep='/'), data=RoboMMEDataConfig(repo_id='robomme', assets=AssetsConfig(assets_dir='v1-store/train-assets/mme_vla_suite/robomme-400ep', asset_id='robomme'), base_config=DataConfig(repo_id=None, asset_id=None, norm_stats=None, repack_transforms=Group(inputs=(), outputs=()), data_transforms=Group(inputs=(), outputs=()), model_transforms=Group(inputs=(), outputs=()), use_quantile_norm=False, action_sequence_keys=('actions',), prompt_from_task=True, rlds_data_dir=None, action_space=None, filter_dict_path=None)), assets_base_dir='runs/assets', checkpoint_base_dir='runs/ckpts', seed=42, batch_size=128, num_workers=8, num_train_steps=40000, log_interval=100, save_interval=5000, keep_period=5000, overwrite=False, resume=False, wandb_enabled=True, policy_metadata=None, fsdp_devices=4, resum_ckpt_id=None, dataset_path='data/robomme')
Data config:  DataConfig(repo_id='robomme', asset_id='robomme', norm_stats={'state': NormStats(mean=array([ 4.14213212e-03,  2.95316875e-01,  2.81171501e-03, -2.09527302e+00,
        5.09165053e-04,  2.39044905e+00,  7.91704059e-01,  2.64126267e-02]), std=array([0.10681286, 0.31786537, 0.07478532, 0.48271781, 0.04616816,
       0.34543198, 0.40309104, 0.01649354]), q01=array([-0.2115381 , -0.21799494, -0.15527991, -2.81375072, -0.13752411,
        1.57079637, -0.17353815,  0.        ]), q99=array([ 0.26063799,  1.015885  ,  0.16945301, -1.03784064,  0.12187375,
        3.03210984,  1.80900472,  0.039992  ])), 'actions': NormStats(mean=array([ 8.22788454e-04,  2.01418120e-02, -2.85705464e-05, -8.36590212e-03,
       -1.12210531e-04,  2.80541796e-02,  8.23505805e-04,  6.54151067e-02]), std=array([0.03591497, 0.13662103, 0.03267474, 0.15376154, 0.02708418,
       0.15998593, 0.09374132, 0.99785817]), q01=array([-0.13796722, -0.31632186, -0.12670147, -0.59128337, -0.10148964,
       -0.31253482, -0.34689998, -1.        ]), q99=array([0.12307586, 0.40273976, 0.0954464 , 0.52908852, 0.0959089 ,
       0.53904308, 0.34748609, 0.9996    ]))}, repack_transforms=Group(inputs=[RepackTransform(structure={'observation/image': 'image', 'observation/wrist_image': 'wrist_image', 'observation/state': 'state', 'actions': 'actions', 'prompt': 'prompt', 'static_image_emb': 'static_image_emb', 'static_pos_emb': 'static_pos_emb', 'static_state_emb': 'static_state_emb', 'static_mask': 'static_mask', 'motion_emb': 'motion_emb', 'motion_pos': 'motion_pos', 'motion_mask': 'motion_mask', 'mem_order': 'mem_order'})], outputs=()), data_transforms=Group(inputs=(RoboMMEInputs(model_type=<ModelType.PI05: 'pi05'>), DeltaActions(mask=(True, True, True, True, True, True, True, False))), outputs=(AbsoluteActions(mask=(True, True, True, True, True, True, True, False)), RoboMMEOutputs())), model_transforms=Group(inputs=[InjectDefaultPrompt(prompt=None), ResizeImages(height=224, width=224), TokenizePromptWithState(tokenizer=<mme_vla_suite.training.config.PaligemmaTokenizer object at 0x7f5e2016aad0>, discrete_state_input=False), PadStatesAndActions(model_action_dim=32)], outputs=()), use_quantile_norm=True, action_sequence_keys=('actions',), prompt_from_task=True, rlds_data_dir=None, action_space=None, filter_dict_path=None)
MV_SERVE_ENV cond=normal split=test seed=42 ckpt=/scratch/hongze/robomme_policy_learning_MotionJEPA/v1-store/train-runs/t8-c8-b/mme_vla_suite/t8-c8-b/999 HEAD=a0db6bf53fb5b46b0cb3f0dcbbbe53c670866496 sidecar=off motion_gpu=None motion=off token_per_image=64 bank_sha=none bank_source=none xla_flags='--xla_gpu_deterministic_ops=true --xla_gpu_autotune_level=0' backend=gpu tasks=ButtonUnmask,VideoUnmask,ButtonUnmaskSwap,VideoUnmaskSwap ep_start=0 ep_stride=4 ep_count=10 plan_len=12 sample_fn=f_sample_none gate=none num_steps=10 build_s=11.2
INFO:root:Creating motion-variance server (host: ip-10-242-11-177.us-west-2.compute.internal, ip: 10.242.11.177)
INFO:websockets.server:server listening on 0.0.0.0:9370
ERROR:websockets.server:opening handshake failed
Traceback (most recent call last):
  File "/scratch/hongze/robomme_policy_learning_MotionJEPA/.venv/lib/python3.11/site-packages/websockets/http11.py", line 138, in parse
    request_line = yield from parse_line(read_line)
                   ^^^^^^^^^^^^^^^^^^^^^^^^^^^^^^^^
  File "/scratch/hongze/robomme_policy_learning_MotionJEPA/.venv/lib/python3.11/site-packages/websockets/http11.py", line 309, in parse_line
    line = yield from read_line(MAX_LINE_LENGTH)
           ^^^^^^^^^^^^^^^^^^^^^^^^^^^^^^^^^^^^^
  File "/scratch/hongze/robomme_policy_learning_MotionJEPA/.venv/lib/python3.11/site-packages/websockets/streams.py", line 46, in read_line
    raise EOFError(f"stream ends after {p} bytes, before end of line")
EOFError: stream ends after 0 bytes, before end of line

The above exception was the direct cause of the following exception:

Traceback (most recent call last):
  File "/scratch/hongze/robomme_policy_learning_MotionJEPA/.venv/lib/python3.11/site-packages/websockets/server.py", line 545, in parse
    request = yield from Request.parse(
              ^^^^^^^^^^^^^^^^^^^^^^^^^
  File "/scratch/hongze/robomme_policy_learning_MotionJEPA/.venv/lib/python3.11/site-packages/websockets/http11.py", line 140, in parse
    raise EOFError("connection closed while reading HTTP request line") from exc
EOFError: connection closed while reading HTTP request line

The above exception was the direct cause of the following exception:

Traceback (most recent call last):
  File "/scratch/hongze/robomme_policy_learning_MotionJEPA/.venv/lib/python3.11/site-packages/websockets/asyncio/server.py", line 356, in conn_handler
    await connection.handshake(
  File "/scratch/hongze/robomme_policy_learning_MotionJEPA/.venv/lib/python3.11/site-packages/websockets/asyncio/server.py", line 207, in handshake
    raise self.protocol.handshake_exc
websockets.exceptions.InvalidMessage: did not receive a valid HTTP request
INFO:websockets.server:connection open
INFO:mme_vla_suite.serving.websocket_policy_server:Connection from ('127.0.0.1', 52318) opened
MV_EPISODE_BEGIN cond=normal split=test seed=42 ep_seq=1 expect=ButtonUnmask:0
INFO:mme_vla_suite.serving.websocket_policy_server:TIMING add_buffer_ms=971.0 frames=1 exec_start_idx=0
MV_INFER cond=normal split=test task=ButtonUnmask ep=0 ep_seq=1 infer_seq=1 t=0 es=0 k=0 motion_frames=- motion_emb_sha= motion_pos_sha= motion_mask= mem_order_sha= motion_cols_sha= donor=None cover=exact:0,fallback:0,cycle:0,cross_seg:0 gate=none num_steps=10 act_sha=bac57fb144e1ce3b infer_ms=9977.6
INFO:mme_vla_suite.serving.websocket_policy_server:TIMING infer_ms=9977.6
INFO:mme_vla_suite.serving.websocket_policy_server:TIMING add_buffer_ms=1002.0 frames=16 exec_start_idx=0
MV_INFER cond=normal split=test task=ButtonUnmask ep=0 ep_seq=1 infer_seq=2 t=16 es=0 k=0 motion_frames=- motion_emb_sha= motion_pos_sha= motion_mask= mem_order_sha= motion_cols_sha= donor=None cover=exact:0,fallback:0,cycle:0,cross_seg:0 gate=none num_steps=10 act_sha=d2cb021752885a42 infer_ms=108.1
INFO:mme_vla_suite.serving.websocket_policy_server:TIMING infer_ms=108.1
INFO:mme_vla_suite.serving.websocket_policy_server:TIMING add_buffer_ms=38.9 frames=16 exec_start_idx=0
MV_INFER cond=normal split=test task=ButtonUnmask ep=0 ep_seq=1 infer_seq=3 t=32 es=0 k=0 motion_frames=- motion_emb_sha= motion_pos_sha= motion_mask= mem_order_sha= motion_cols_sha= donor=None cover=exact:0,fallback:0,cycle:0,cross_seg:0 gate=none num_steps=10 act_sha=289451837c15909c infer_ms=67.1
INFO:mme_vla_suite.serving.websocket_policy_server:TIMING infer_ms=67.1
INFO:mme_vla_suite.serving.websocket_policy_server:TIMING add_buffer_ms=36.8 frames=16 exec_start_idx=0
MV_INFER cond=normal split=test task=ButtonUnmask ep=0 ep_seq=1 infer_seq=4 t=48 es=0 k=0 motion_frames=- motion_emb_sha= motion_pos_sha= motion_mask= mem_order_sha= motion_cols_sha= donor=None cover=exact:0,fallback:0,cycle:0,cross_seg:0 gate=none num_steps=10 act_sha=5a9f2ed67074e022 infer_ms=67.1
INFO:mme_vla_suite.serving.websocket_policy_server:TIMING infer_ms=67.1
INFO:mme_vla_suite.serving.websocket_policy_server:TIMING add_buffer_ms=37.0 frames=16 exec_start_idx=0
MV_INFER cond=normal split=test task=ButtonUnmask ep=0 ep_seq=1 infer_seq=5 t=64 es=0 k=0 motion_frames=- motion_emb_sha= motion_pos_sha= motion_mask= mem_order_sha= motion_cols_sha= donor=None cover=exact:0,fallback:0,cycle:0,cross_seg:0 gate=none num_steps=10 act_sha=5eae9b5e5d7587fb infer_ms=67.0
INFO:mme_vla_suite.serving.websocket_policy_server:TIMING infer_ms=67.0
INFO:mme_vla_suite.serving.websocket_policy_server:TIMING add_buffer_ms=37.1 frames=16 exec_start_idx=0
MV_INFER cond=normal split=test task=ButtonUnmask ep=0 ep_seq=1 infer_seq=6 t=80 es=0 k=0 motion_frames=- motion_emb_sha= motion_pos_sha= motion_mask= mem_order_sha= motion_cols_sha= donor=None cover=exact:0,fallback:0,cycle:0,cross_seg:0 gate=none num_steps=10 act_sha=8dc9cb472511b317 infer_ms=67.1
INFO:mme_vla_suite.serving.websocket_policy_server:TIMING infer_ms=67.1
INFO:mme_vla_suite.serving.websocket_policy_server:TIMING add_buffer_ms=37.8 frames=16 exec_start_idx=0
MV_INFER cond=normal split=test task=ButtonUnmask ep=0 ep_seq=1 infer_seq=7 t=96 es=0 k=0 motion_frames=- motion_emb_sha= motion_pos_sha= motion_mask= mem_order_sha= motion_cols_sha= donor=None cover=exact:0,fallback:0,cycle:0,cross_seg:0 gate=none num_steps=10 act_sha=31a2752a2329a990 infer_ms=67.5
INFO:mme_vla_suite.serving.websocket_policy_server:TIMING infer_ms=67.5
INFO:mme_vla_suite.serving.websocket_policy_server:TIMING add_buffer_ms=36.7 frames=16 exec_start_idx=0
MV_INFER cond=normal split=test task=ButtonUnmask ep=0 ep_seq=1 infer_seq=8 t=112 es=0 k=0 motion_frames=- motion_emb_sha= motion_pos_sha= motion_mask= mem_order_sha= motion_cols_sha= donor=None cover=exact:0,fallback:0,cycle:0,cross_seg:0 gate=none num_steps=10 act_sha=e19da7cd38db16cf infer_ms=67.2
INFO:mme_vla_suite.serving.websocket_policy_server:TIMING infer_ms=67.2
INFO:mme_vla_suite.serving.websocket_policy_server:TIMING add_buffer_ms=36.8 frames=16 exec_start_idx=0
MV_INFER cond=normal split=test task=ButtonUnmask ep=0 ep_seq=1 infer_seq=9 t=128 es=0 k=0 motion_frames=- motion_emb_sha= motion_pos_sha= motion_mask= mem_order_sha= motion_cols_sha= donor=None cover=exact:0,fallback:0,cycle:0,cross_seg:0 gate=none num_steps=10 act_sha=5b4782372b125ed1 infer_ms=67.0
INFO:mme_vla_suite.serving.websocket_policy_server:TIMING infer_ms=67.0
INFO:mme_vla_suite.serving.websocket_policy_server:TIMING add_buffer_ms=36.9 frames=16 exec_start_idx=0
MV_INFER cond=normal split=test task=ButtonUnmask ep=0 ep_seq=1 infer_seq=10 t=144 es=0 k=0 motion_frames=- motion_emb_sha= motion_pos_sha= motion_mask= mem_order_sha= motion_cols_sha= donor=None cover=exact:0,fallback:0,cycle:0,cross_seg:0 gate=none num_steps=10 act_sha=b1faa94e2602fc99 infer_ms=67.3
INFO:mme_vla_suite.serving.websocket_policy_server:TIMING infer_ms=67.3
INFO:mme_vla_suite.serving.websocket_policy_server:TIMING add_buffer_ms=36.6 frames=16 exec_start_idx=0
MV_INFER cond=normal split=test task=ButtonUnmask ep=0 ep_seq=1 infer_seq=11 t=160 es=0 k=0 motion_frames=- motion_emb_sha= motion_pos_sha= motion_mask= mem_order_sha= motion_cols_sha= donor=None cover=exact:0,fallback:0,cycle:0,cross_seg:0 gate=none num_steps=10 act_sha=7cb1540e575161cd infer_ms=67.2
INFO:mme_vla_suite.serving.websocket_policy_server:TIMING infer_ms=67.2
INFO:mme_vla_suite.serving.websocket_policy_server:TIMING add_buffer_ms=37.6 frames=16 exec_start_idx=0
MV_INFER cond=normal split=test task=ButtonUnmask ep=0 ep_seq=1 infer_seq=12 t=176 es=0 k=0 motion_frames=- motion_emb_sha= motion_pos_sha= motion_mask= mem_order_sha= motion_cols_sha= donor=None cover=exact:0,fallback:0,cycle:0,cross_seg:0 gate=none num_steps=10 act_sha=193cdb623fdcd168 infer_ms=67.2
INFO:mme_vla_suite.serving.websocket_policy_server:TIMING infer_ms=67.2
INFO:mme_vla_suite.serving.websocket_policy_server:TIMING add_buffer_ms=37.2 frames=16 exec_start_idx=0
MV_INFER cond=normal split=test task=ButtonUnmask ep=0 ep_seq=1 infer_seq=13 t=192 es=0 k=0 motion_frames=- motion_emb_sha= motion_pos_sha= motion_mask= mem_order_sha= motion_cols_sha= donor=None cover=exact:0,fallback:0,cycle:0,cross_seg:0 gate=none num_steps=10 act_sha=d68214c5e15571b6 infer_ms=67.1
INFO:mme_vla_suite.serving.websocket_policy_server:TIMING infer_ms=67.1
INFO:mme_vla_suite.serving.websocket_policy_server:TIMING add_buffer_ms=37.0 frames=16 exec_start_idx=0
MV_INFER cond=normal split=test task=ButtonUnmask ep=0 ep_seq=1 infer_seq=14 t=208 es=0 k=0 motion_frames=- motion_emb_sha= motion_pos_sha= motion_mask= mem_order_sha= motion_cols_sha= donor=None cover=exact:0,fallback:0,cycle:0,cross_seg:0 gate=none num_steps=10 act_sha=81bfeba0b2a61147 infer_ms=67.2
INFO:mme_vla_suite.serving.websocket_policy_server:TIMING infer_ms=67.2
INFO:mme_vla_suite.serving.websocket_policy_server:TIMING add_buffer_ms=37.5 frames=16 exec_start_idx=0
MV_INFER cond=normal split=test task=ButtonUnmask ep=0 ep_seq=1 infer_seq=15 t=224 es=0 k=0 motion_frames=- motion_emb_sha= motion_pos_sha= motion_mask= mem_order_sha= motion_cols_sha= donor=None cover=exact:0,fallback:0,cycle:0,cross_seg:0 gate=none num_steps=10 act_sha=cb81e25e0b0acee2 infer_ms=67.1
INFO:mme_vla_suite.serving.websocket_policy_server:TIMING infer_ms=67.1
INFO:mme_vla_suite.serving.websocket_policy_server:TIMING add_buffer_ms=37.3 frames=16 exec_start_idx=0
MV_INFER cond=normal split=test task=ButtonUnmask ep=0 ep_seq=1 infer_seq=16 t=240 es=0 k=0 motion_frames=- motion_emb_sha= motion_pos_sha= motion_mask= mem_order_sha= motion_cols_sha= donor=None cover=exact:0,fallback:0,cycle:0,cross_seg:0 gate=none num_steps=10 act_sha=9f3d30ff1fce6296 infer_ms=67.1
INFO:mme_vla_suite.serving.websocket_policy_server:TIMING infer_ms=67.1
INFO:mme_vla_suite.serving.websocket_policy_server:TIMING add_buffer_ms=38.3 frames=16 exec_start_idx=0
MV_INFER cond=normal split=test task=ButtonUnmask ep=0 ep_seq=1 infer_seq=17 t=256 es=0 k=0 motion_frames=- motion_emb_sha= motion_pos_sha= motion_mask= mem_order_sha= motion_cols_sha= donor=None cover=exact:0,fallback:0,cycle:0,cross_seg:0 gate=none num_steps=10 act_sha=fb3a434ea9ddf74e infer_ms=67.2
INFO:mme_vla_suite.serving.websocket_policy_server:TIMING infer_ms=67.2
INFO:mme_vla_suite.serving.websocket_policy_server:TIMING add_buffer_ms=36.9 frames=16 exec_start_idx=0
MV_INFER cond=normal split=test task=ButtonUnmask ep=0 ep_seq=1 infer_seq=18 t=272 es=0 k=0 motion_frames=- motion_emb_sha= motion_pos_sha= motion_mask= mem_order_sha= motion_cols_sha= donor=None cover=exact:0,fallback:0,cycle:0,cross_seg:0 gate=none num_steps=10 act_sha=870d11e90904b979 infer_ms=67.0
INFO:mme_vla_suite.serving.websocket_policy_server:TIMING infer_ms=67.0
INFO:mme_vla_suite.serving.websocket_policy_server:TIMING add_buffer_ms=37.2 frames=16 exec_start_idx=0
MV_INFER cond=normal split=test task=ButtonUnmask ep=0 ep_seq=1 infer_seq=19 t=288 es=0 k=0 motion_frames=- motion_emb_sha= motion_pos_sha= motion_mask= mem_order_sha= motion_cols_sha= donor=None cover=exact:0,fallback:0,cycle:0,cross_seg:0 gate=none num_steps=10 act_sha=9b1c1d5f0fdfa0d7 infer_ms=67.2
INFO:mme_vla_suite.serving.websocket_policy_server:TIMING infer_ms=67.2
INFO:mme_vla_suite.serving.websocket_policy_server:TIMING add_buffer_ms=36.9 frames=16 exec_start_idx=0
MV_INFER cond=normal split=test task=ButtonUnmask ep=0 ep_seq=1 infer_seq=20 t=304 es=0 k=0 motion_frames=- motion_emb_sha= motion_pos_sha= motion_mask= mem_order_sha= motion_cols_sha= donor=None cover=exact:0,fallback:0,cycle:0,cross_seg:0 gate=none num_steps=10 act_sha=18c1a84ac336cf2f infer_ms=67.0
INFO:mme_vla_suite.serving.websocket_policy_server:TIMING infer_ms=67.0
INFO:mme_vla_suite.serving.websocket_policy_server:TIMING add_buffer_ms=37.0 frames=16 exec_start_idx=0
MV_INFER cond=normal split=test task=ButtonUnmask ep=0 ep_seq=1 infer_seq=21 t=320 es=0 k=0 motion_frames=- motion_emb_sha= motion_pos_sha= motion_mask= mem_order_sha= motion_cols_sha= donor=None cover=exact:0,fallback:0,cycle:0,cross_seg:0 gate=none num_steps=10 act_sha=f88bf28132475f49 infer_ms=67.1
INFO:mme_vla_suite.serving.websocket_policy_server:TIMING infer_ms=67.1
INFO:mme_vla_suite.serving.websocket_policy_server:TIMING add_buffer_ms=36.9 frames=16 exec_start_idx=0
MV_INFER cond=normal split=test task=ButtonUnmask ep=0 ep_seq=1 infer_seq=22 t=336 es=0 k=0 motion_frames=- motion_emb_sha= motion_pos_sha= motion_mask= mem_order_sha= motion_cols_sha= donor=None cover=exact:0,fallback:0,cycle:0,cross_seg:0 gate=none num_steps=10 act_sha=e24a80ba59803680 infer_ms=67.1
INFO:mme_vla_suite.serving.websocket_policy_server:TIMING infer_ms=67.1
INFO:mme_vla_suite.serving.websocket_policy_server:TIMING add_buffer_ms=37.1 frames=16 exec_start_idx=0
MV_INFER cond=normal split=test task=ButtonUnmask ep=0 ep_seq=1 infer_seq=23 t=352 es=0 k=0 motion_frames=- motion_emb_sha= motion_pos_sha= motion_mask= mem_order_sha= motion_cols_sha= donor=None cover=exact:0,fallback:0,cycle:0,cross_seg:0 gate=none num_steps=10 act_sha=a9e2cf2192ae6e24 infer_ms=67.0
INFO:mme_vla_suite.serving.websocket_policy_server:TIMING infer_ms=67.0
INFO:mme_vla_suite.serving.websocket_policy_server:TIMING add_buffer_ms=37.3 frames=16 exec_start_idx=0
MV_INFER cond=normal split=test task=ButtonUnmask ep=0 ep_seq=1 infer_seq=24 t=368 es=0 k=0 motion_frames=- motion_emb_sha= motion_pos_sha= motion_mask= mem_order_sha= motion_cols_sha= donor=None cover=exact:0,fallback:0,cycle:0,cross_seg:0 gate=none num_steps=10 act_sha=9c2aa3eb1f9ac50d infer_ms=67.3
INFO:mme_vla_suite.serving.websocket_policy_server:TIMING infer_ms=67.3
INFO:mme_vla_suite.serving.websocket_policy_server:TIMING add_buffer_ms=37.2 frames=16 exec_start_idx=0
MV_INFER cond=normal split=test task=ButtonUnmask ep=0 ep_seq=1 infer_seq=25 t=384 es=0 k=0 motion_frames=- motion_emb_sha= motion_pos_sha= motion_mask= mem_order_sha= motion_cols_sha= donor=None cover=exact:0,fallback:0,cycle:0,cross_seg:0 gate=none num_steps=10 act_sha=d2be4bef829625e8 infer_ms=67.0
INFO:mme_vla_suite.serving.websocket_policy_server:TIMING infer_ms=67.0
INFO:mme_vla_suite.serving.websocket_policy_server:TIMING add_buffer_ms=37.0 frames=16 exec_start_idx=0
MV_INFER cond=normal split=test task=ButtonUnmask ep=0 ep_seq=1 infer_seq=26 t=400 es=0 k=0 motion_frames=- motion_emb_sha= motion_pos_sha= motion_mask= mem_order_sha= motion_cols_sha= donor=None cover=exact:0,fallback:0,cycle:0,cross_seg:0 gate=none num_steps=10 act_sha=15be6428476ebd20 infer_ms=67.3
INFO:mme_vla_suite.serving.websocket_policy_server:TIMING infer_ms=67.3
INFO:mme_vla_suite.serving.websocket_policy_server:TIMING add_buffer_ms=37.0 frames=16 exec_start_idx=0
MV_INFER cond=normal split=test task=ButtonUnmask ep=0 ep_seq=1 infer_seq=27 t=416 es=0 k=0 motion_frames=- motion_emb_sha= motion_pos_sha= motion_mask= mem_order_sha= motion_cols_sha= donor=None cover=exact:0,fallback:0,cycle:0,cross_seg:0 gate=none num_steps=10 act_sha=41ccb576a889086a infer_ms=67.1
INFO:mme_vla_suite.serving.websocket_policy_server:TIMING infer_ms=67.1
INFO:mme_vla_suite.serving.websocket_policy_server:TIMING add_buffer_ms=37.0 frames=16 exec_start_idx=0
MV_INFER cond=normal split=test task=ButtonUnmask ep=0 ep_seq=1 infer_seq=28 t=432 es=0 k=0 motion_frames=- motion_emb_sha= motion_pos_sha= motion_mask= mem_order_sha= motion_cols_sha= donor=None cover=exact:0,fallback:0,cycle:0,cross_seg:0 gate=none num_steps=10 act_sha=e1a343f92b2aedd4 infer_ms=67.0
INFO:mme_vla_suite.serving.websocket_policy_server:TIMING infer_ms=67.0
INFO:mme_vla_suite.serving.websocket_policy_server:TIMING add_buffer_ms=37.1 frames=16 exec_start_idx=0
MV_INFER cond=normal split=test task=ButtonUnmask ep=0 ep_seq=1 infer_seq=29 t=448 es=0 k=0 motion_frames=- motion_emb_sha= motion_pos_sha= motion_mask= mem_order_sha= motion_cols_sha= donor=None cover=exact:0,fallback:0,cycle:0,cross_seg:0 gate=none num_steps=10 act_sha=413dedb803e77554 infer_ms=66.9
INFO:mme_vla_suite.serving.websocket_policy_server:TIMING infer_ms=66.9
INFO:mme_vla_suite.serving.websocket_policy_server:TIMING add_buffer_ms=36.7 frames=16 exec_start_idx=0
MV_INFER cond=normal split=test task=ButtonUnmask ep=0 ep_seq=1 infer_seq=30 t=464 es=0 k=0 motion_frames=- motion_emb_sha= motion_pos_sha= motion_mask= mem_order_sha= motion_cols_sha= donor=None cover=exact:0,fallback:0,cycle:0,cross_seg:0 gate=none num_steps=10 act_sha=a5b3dedd49ee4c9e infer_ms=67.0
INFO:mme_vla_suite.serving.websocket_policy_server:TIMING infer_ms=67.0
INFO:mme_vla_suite.serving.websocket_policy_server:TIMING add_buffer_ms=37.4 frames=16 exec_start_idx=0
MV_INFER cond=normal split=test task=ButtonUnmask ep=0 ep_seq=1 infer_seq=31 t=480 es=0 k=0 motion_frames=- motion_emb_sha= motion_pos_sha= motion_mask= mem_order_sha= motion_cols_sha= donor=None cover=exact:0,fallback:0,cycle:0,cross_seg:0 gate=none num_steps=10 act_sha=b9d141521a75547b infer_ms=67.2
INFO:mme_vla_suite.serving.websocket_policy_server:TIMING infer_ms=67.2
INFO:mme_vla_suite.serving.websocket_policy_server:TIMING add_buffer_ms=37.1 frames=16 exec_start_idx=0
MV_INFER cond=normal split=test task=ButtonUnmask ep=0 ep_seq=1 infer_seq=32 t=496 es=0 k=0 motion_frames=- motion_emb_sha= motion_pos_sha= motion_mask= mem_order_sha= motion_cols_sha= donor=None cover=exact:0,fallback:0,cycle:0,cross_seg:0 gate=none num_steps=10 act_sha=9e671656a0a42219 infer_ms=67.7
INFO:mme_vla_suite.serving.websocket_policy_server:TIMING infer_ms=67.7
INFO:mme_vla_suite.serving.websocket_policy_server:TIMING add_buffer_ms=36.7 frames=16 exec_start_idx=0
MV_INFER cond=normal split=test task=ButtonUnmask ep=0 ep_seq=1 infer_seq=33 t=512 es=0 k=0 motion_frames=- motion_emb_sha= motion_pos_sha= motion_mask= mem_order_sha= motion_cols_sha= donor=None cover=exact:0,fallback:0,cycle:0,cross_seg:0 gate=none num_steps=10 act_sha=a1928c057a7bef22 infer_ms=67.1
INFO:mme_vla_suite.serving.websocket_policy_server:TIMING infer_ms=67.1
INFO:mme_vla_suite.serving.websocket_policy_server:TIMING add_buffer_ms=37.0 frames=16 exec_start_idx=0
MV_INFER cond=normal split=test task=ButtonUnmask ep=0 ep_seq=1 infer_seq=34 t=528 es=0 k=0 motion_frames=- motion_emb_sha= motion_pos_sha= motion_mask= mem_order_sha= motion_cols_sha= donor=None cover=exact:0,fallback:0,cycle:0,cross_seg:0 gate=none num_steps=10 act_sha=78a3a2d512164303 infer_ms=67.2
INFO:mme_vla_suite.serving.websocket_policy_server:TIMING infer_ms=67.2
INFO:mme_vla_suite.serving.websocket_policy_server:TIMING add_buffer_ms=37.3 frames=16 exec_start_idx=0
MV_INFER cond=normal split=test task=ButtonUnmask ep=0 ep_seq=1 infer_seq=35 t=544 es=0 k=0 motion_frames=- motion_emb_sha= motion_pos_sha= motion_mask= mem_order_sha= motion_cols_sha= donor=None cover=exact:0,fallback:0,cycle:0,cross_seg:0 gate=none num_steps=10 act_sha=58966d9ea710ac17 infer_ms=67.0
INFO:mme_vla_suite.serving.websocket_policy_server:TIMING infer_ms=67.0
INFO:mme_vla_suite.serving.websocket_policy_server:TIMING add_buffer_ms=36.9 frames=16 exec_start_idx=0
MV_INFER cond=normal split=test task=ButtonUnmask ep=0 ep_seq=1 infer_seq=36 t=560 es=0 k=0 motion_frames=- motion_emb_sha= motion_pos_sha= motion_mask= mem_order_sha= motion_cols_sha= donor=None cover=exact:0,fallback:0,cycle:0,cross_seg:0 gate=none num_steps=10 act_sha=3e0ba411d128b984 infer_ms=66.9
INFO:mme_vla_suite.serving.websocket_policy_server:TIMING infer_ms=66.9
INFO:mme_vla_suite.serving.websocket_policy_server:TIMING add_buffer_ms=38.1 frames=16 exec_start_idx=0
MV_INFER cond=normal split=test task=ButtonUnmask ep=0 ep_seq=1 infer_seq=37 t=576 es=0 k=0 motion_frames=- motion_emb_sha= motion_pos_sha= motion_mask= mem_order_sha= motion_cols_sha= donor=None cover=exact:0,fallback:0,cycle:0,cross_seg:0 gate=none num_steps=10 act_sha=b3109c9da2df4415 infer_ms=66.9
INFO:mme_vla_suite.serving.websocket_policy_server:TIMING infer_ms=66.9
INFO:mme_vla_suite.serving.websocket_policy_server:TIMING add_buffer_ms=37.1 frames=16 exec_start_idx=0
MV_INFER cond=normal split=test task=ButtonUnmask ep=0 ep_seq=1 infer_seq=38 t=592 es=0 k=0 motion_frames=- motion_emb_sha= motion_pos_sha= motion_mask= mem_order_sha= motion_cols_sha= donor=None cover=exact:0,fallback:0,cycle:0,cross_seg:0 gate=none num_steps=10 act_sha=4aea7a8fc09f6301 infer_ms=67.1
INFO:mme_vla_suite.serving.websocket_policy_server:TIMING infer_ms=67.1
INFO:mme_vla_suite.serving.websocket_policy_server:TIMING add_buffer_ms=37.9 frames=16 exec_start_idx=0
MV_INFER cond=normal split=test task=ButtonUnmask ep=0 ep_seq=1 infer_seq=39 t=608 es=0 k=0 motion_frames=- motion_emb_sha= motion_pos_sha= motion_mask= mem_order_sha= motion_cols_sha= donor=None cover=exact:0,fallback:0,cycle:0,cross_seg:0 gate=none num_steps=10 act_sha=0f2fca72a395bf47 infer_ms=67.0
INFO:mme_vla_suite.serving.websocket_policy_server:TIMING infer_ms=67.0
INFO:mme_vla_suite.serving.websocket_policy_server:TIMING add_buffer_ms=37.9 frames=16 exec_start_idx=0
MV_INFER cond=normal split=test task=ButtonUnmask ep=0 ep_seq=1 infer_seq=40 t=624 es=0 k=0 motion_frames=- motion_emb_sha= motion_pos_sha= motion_mask= mem_order_sha= motion_cols_sha= donor=None cover=exact:0,fallback:0,cycle:0,cross_seg:0 gate=none num_steps=10 act_sha=9a4db98ba8731256 infer_ms=66.9
INFO:mme_vla_suite.serving.websocket_policy_server:TIMING infer_ms=66.9
INFO:mme_vla_suite.serving.websocket_policy_server:TIMING add_buffer_ms=37.0 frames=16 exec_start_idx=0
MV_INFER cond=normal split=test task=ButtonUnmask ep=0 ep_seq=1 infer_seq=41 t=640 es=0 k=0 motion_frames=- motion_emb_sha= motion_pos_sha= motion_mask= mem_order_sha= motion_cols_sha= donor=None cover=exact:0,fallback:0,cycle:0,cross_seg:0 gate=none num_steps=10 act_sha=a2cc426ccdfb84e1 infer_ms=67.1
INFO:mme_vla_suite.serving.websocket_policy_server:TIMING infer_ms=67.1
INFO:mme_vla_suite.serving.websocket_policy_server:TIMING add_buffer_ms=37.0 frames=16 exec_start_idx=0
MV_INFER cond=normal split=test task=ButtonUnmask ep=0 ep_seq=1 infer_seq=42 t=656 es=0 k=0 motion_frames=- motion_emb_sha= motion_pos_sha= motion_mask= mem_order_sha= motion_cols_sha= donor=None cover=exact:0,fallback:0,cycle:0,cross_seg:0 gate=none num_steps=10 act_sha=fbd0c6b7dd8f4ea6 infer_ms=67.0
INFO:mme_vla_suite.serving.websocket_policy_server:TIMING infer_ms=67.0
INFO:mme_vla_suite.serving.websocket_policy_server:TIMING add_buffer_ms=38.0 frames=16 exec_start_idx=0
MV_INFER cond=normal split=test task=ButtonUnmask ep=0 ep_seq=1 infer_seq=43 t=672 es=0 k=0 motion_frames=- motion_emb_sha= motion_pos_sha= motion_mask= mem_order_sha= motion_cols_sha= donor=None cover=exact:0,fallback:0,cycle:0,cross_seg:0 gate=none num_steps=10 act_sha=d37bfa1359695d00 infer_ms=67.1
INFO:mme_vla_suite.serving.websocket_policy_server:TIMING infer_ms=67.1
INFO:mme_vla_suite.serving.websocket_policy_server:TIMING add_buffer_ms=37.1 frames=16 exec_start_idx=0
MV_INFER cond=normal split=test task=ButtonUnmask ep=0 ep_seq=1 infer_seq=44 t=688 es=0 k=0 motion_frames=- motion_emb_sha= motion_pos_sha= motion_mask= mem_order_sha= motion_cols_sha= donor=None cover=exact:0,fallback:0,cycle:0,cross_seg:0 gate=none num_steps=10 act_sha=9410eb6773379dcd infer_ms=67.3
INFO:mme_vla_suite.serving.websocket_policy_server:TIMING infer_ms=67.3
INFO:mme_vla_suite.serving.websocket_policy_server:TIMING add_buffer_ms=37.2 frames=16 exec_start_idx=0
MV_INFER cond=normal split=test task=ButtonUnmask ep=0 ep_seq=1 infer_seq=45 t=704 es=0 k=0 motion_frames=- motion_emb_sha= motion_pos_sha= motion_mask= mem_order_sha= motion_cols_sha= donor=None cover=exact:0,fallback:0,cycle:0,cross_seg:0 gate=none num_steps=10 act_sha=be3f031337e793a1 infer_ms=67.0
INFO:mme_vla_suite.serving.websocket_policy_server:TIMING infer_ms=67.0
INFO:mme_vla_suite.serving.websocket_policy_server:TIMING add_buffer_ms=37.2 frames=16 exec_start_idx=0
MV_INFER cond=normal split=test task=ButtonUnmask ep=0 ep_seq=1 infer_seq=46 t=720 es=0 k=0 motion_frames=- motion_emb_sha= motion_pos_sha= motion_mask= mem_order_sha= motion_cols_sha= donor=None cover=exact:0,fallback:0,cycle:0,cross_seg:0 gate=none num_steps=10 act_sha=c6a336b04adee05f infer_ms=67.0
INFO:mme_vla_suite.serving.websocket_policy_server:TIMING infer_ms=67.0
INFO:mme_vla_suite.serving.websocket_policy_server:TIMING add_buffer_ms=37.9 frames=16 exec_start_idx=0
MV_INFER cond=normal split=test task=ButtonUnmask ep=0 ep_seq=1 infer_seq=47 t=736 es=0 k=0 motion_frames=- motion_emb_sha= motion_pos_sha= motion_mask= mem_order_sha= motion_cols_sha= donor=None cover=exact:0,fallback:0,cycle:0,cross_seg:0 gate=none num_steps=10 act_sha=15348a7abdb573a5 infer_ms=67.1
INFO:mme_vla_suite.serving.websocket_policy_server:TIMING infer_ms=67.1
INFO:mme_vla_suite.serving.websocket_policy_server:TIMING add_buffer_ms=36.9 frames=16 exec_start_idx=0
MV_INFER cond=normal split=test task=ButtonUnmask ep=0 ep_seq=1 infer_seq=48 t=752 es=0 k=0 motion_frames=- motion_emb_sha= motion_pos_sha= motion_mask= mem_order_sha= motion_cols_sha= donor=None cover=exact:0,fallback:0,cycle:0,cross_seg:0 gate=none num_steps=10 act_sha=e6def5e53a635101 infer_ms=66.9
INFO:mme_vla_suite.serving.websocket_policy_server:TIMING infer_ms=66.9
INFO:mme_vla_suite.serving.websocket_policy_server:TIMING add_buffer_ms=37.0 frames=16 exec_start_idx=0
MV_INFER cond=normal split=test task=ButtonUnmask ep=0 ep_seq=1 infer_seq=49 t=768 es=0 k=0 motion_frames=- motion_emb_sha= motion_pos_sha= motion_mask= mem_order_sha= motion_cols_sha= donor=None cover=exact:0,fallback:0,cycle:0,cross_seg:0 gate=none num_steps=10 act_sha=a37327b655f87144 infer_ms=67.4
INFO:mme_vla_suite.serving.websocket_policy_server:TIMING infer_ms=67.4
INFO:mme_vla_suite.serving.websocket_policy_server:TIMING add_buffer_ms=36.8 frames=16 exec_start_idx=0
MV_INFER cond=normal split=test task=ButtonUnmask ep=0 ep_seq=1 infer_seq=50 t=784 es=0 k=0 motion_frames=- motion_emb_sha= motion_pos_sha= motion_mask= mem_order_sha= motion_cols_sha= donor=None cover=exact:0,fallback:0,cycle:0,cross_seg:0 gate=none num_steps=10 act_sha=8f4d37d31e146fb7 infer_ms=67.2
INFO:mme_vla_suite.serving.websocket_policy_server:TIMING infer_ms=67.2
INFO:mme_vla_suite.serving.websocket_policy_server:TIMING add_buffer_ms=37.1 frames=16 exec_start_idx=0
MV_INFER cond=normal split=test task=ButtonUnmask ep=0 ep_seq=1 infer_seq=51 t=800 es=0 k=0 motion_frames=- motion_emb_sha= motion_pos_sha= motion_mask= mem_order_sha= motion_cols_sha= donor=None cover=exact:0,fallback:0,cycle:0,cross_seg:0 gate=none num_steps=10 act_sha=db8a4cdccb22ed3a infer_ms=67.1
INFO:mme_vla_suite.serving.websocket_policy_server:TIMING infer_ms=67.1
INFO:mme_vla_suite.serving.websocket_policy_server:TIMING add_buffer_ms=36.7 frames=16 exec_start_idx=0
MV_INFER cond=normal split=test task=ButtonUnmask ep=0 ep_seq=1 infer_seq=52 t=816 es=0 k=0 motion_frames=- motion_emb_sha= motion_pos_sha= motion_mask= mem_order_sha= motion_cols_sha= donor=None cover=exact:0,fallback:0,cycle:0,cross_seg:0 gate=none num_steps=10 act_sha=8c8c6629ec009e0c infer_ms=67.0
INFO:mme_vla_suite.serving.websocket_policy_server:TIMING infer_ms=67.0
INFO:mme_vla_suite.serving.websocket_policy_server:TIMING add_buffer_ms=36.9 frames=16 exec_start_idx=0
MV_INFER cond=normal split=test task=ButtonUnmask ep=0 ep_seq=1 infer_seq=53 t=832 es=0 k=0 motion_frames=- motion_emb_sha= motion_pos_sha= motion_mask= mem_order_sha= motion_cols_sha= donor=None cover=exact:0,fallback:0,cycle:0,cross_seg:0 gate=none num_steps=10 act_sha=0147e95350278dea infer_ms=67.1
INFO:mme_vla_suite.serving.websocket_policy_server:TIMING infer_ms=67.1
INFO:mme_vla_suite.serving.websocket_policy_server:TIMING add_buffer_ms=37.7 frames=16 exec_start_idx=0
MV_INFER cond=normal split=test task=ButtonUnmask ep=0 ep_seq=1 infer_seq=54 t=848 es=0 k=0 motion_frames=- motion_emb_sha= motion_pos_sha= motion_mask= mem_order_sha= motion_cols_sha= donor=None cover=exact:0,fallback:0,cycle:0,cross_seg:0 gate=none num_steps=10 act_sha=c40fbc85aa3c8795 infer_ms=67.1
INFO:mme_vla_suite.serving.websocket_policy_server:TIMING infer_ms=67.1
INFO:mme_vla_suite.serving.websocket_policy_server:TIMING add_buffer_ms=36.6 frames=16 exec_start_idx=0
MV_INFER cond=normal split=test task=ButtonUnmask ep=0 ep_seq=1 infer_seq=55 t=864 es=0 k=0 motion_frames=- motion_emb_sha= motion_pos_sha= motion_mask= mem_order_sha= motion_cols_sha= donor=None cover=exact:0,fallback:0,cycle:0,cross_seg:0 gate=none num_steps=10 act_sha=9a66123cb1ba5e00 infer_ms=67.0
INFO:mme_vla_suite.serving.websocket_policy_server:TIMING infer_ms=67.0
INFO:mme_vla_suite.serving.websocket_policy_server:TIMING add_buffer_ms=36.5 frames=16 exec_start_idx=0
MV_INFER cond=normal split=test task=ButtonUnmask ep=0 ep_seq=1 infer_seq=56 t=880 es=0 k=0 motion_frames=- motion_emb_sha= motion_pos_sha= motion_mask= mem_order_sha= motion_cols_sha= donor=None cover=exact:0,fallback:0,cycle:0,cross_seg:0 gate=none num_steps=10 act_sha=0b4ae98e82461578 infer_ms=66.8
INFO:mme_vla_suite.serving.websocket_policy_server:TIMING infer_ms=66.8
INFO:mme_vla_suite.serving.websocket_policy_server:TIMING add_buffer_ms=37.2 frames=16 exec_start_idx=0
MV_INFER cond=normal split=test task=ButtonUnmask ep=0 ep_seq=1 infer_seq=57 t=896 es=0 k=0 motion_frames=- motion_emb_sha= motion_pos_sha= motion_mask= mem_order_sha= motion_cols_sha= donor=None cover=exact:0,fallback:0,cycle:0,cross_seg:0 gate=none num_steps=10 act_sha=9204be3646e616a9 infer_ms=66.8
INFO:mme_vla_suite.serving.websocket_policy_server:TIMING infer_ms=66.8
INFO:mme_vla_suite.serving.websocket_policy_server:TIMING add_buffer_ms=37.7 frames=16 exec_start_idx=0
MV_INFER cond=normal split=test task=ButtonUnmask ep=0 ep_seq=1 infer_seq=58 t=912 es=0 k=0 motion_frames=- motion_emb_sha= motion_pos_sha= motion_mask= mem_order_sha= motion_cols_sha= donor=None cover=exact:0,fallback:0,cycle:0,cross_seg:0 gate=none num_steps=10 act_sha=8fcb2f982112d9dc infer_ms=66.9
INFO:mme_vla_suite.serving.websocket_policy_server:TIMING infer_ms=66.9
INFO:mme_vla_suite.serving.websocket_policy_server:TIMING add_buffer_ms=38.5 frames=16 exec_start_idx=0
MV_INFER cond=normal split=test task=ButtonUnmask ep=0 ep_seq=1 infer_seq=59 t=928 es=0 k=0 motion_frames=- motion_emb_sha= motion_pos_sha= motion_mask= mem_order_sha= motion_cols_sha= donor=None cover=exact:0,fallback:0,cycle:0,cross_seg:0 gate=none num_steps=10 act_sha=4c6757827aa93a29 infer_ms=67.1
INFO:mme_vla_suite.serving.websocket_policy_server:TIMING infer_ms=67.1
INFO:mme_vla_suite.serving.websocket_policy_server:TIMING add_buffer_ms=37.2 frames=16 exec_start_idx=0
MV_INFER cond=normal split=test task=ButtonUnmask ep=0 ep_seq=1 infer_seq=60 t=944 es=0 k=0 motion_frames=- motion_emb_sha= motion_pos_sha= motion_mask= mem_order_sha= motion_cols_sha= donor=None cover=exact:0,fallback:0,cycle:0,cross_seg:0 gate=none num_steps=10 act_sha=3c18226aacee04bd infer_ms=66.9
INFO:mme_vla_suite.serving.websocket_policy_server:TIMING infer_ms=66.9
INFO:mme_vla_suite.serving.websocket_policy_server:TIMING add_buffer_ms=37.5 frames=16 exec_start_idx=0
MV_INFER cond=normal split=test task=ButtonUnmask ep=0 ep_seq=1 infer_seq=61 t=960 es=0 k=0 motion_frames=- motion_emb_sha= motion_pos_sha= motion_mask= mem_order_sha= motion_cols_sha= donor=None cover=exact:0,fallback:0,cycle:0,cross_seg:0 gate=none num_steps=10 act_sha=88ebc564eccaa217 infer_ms=67.0
INFO:mme_vla_suite.serving.websocket_policy_server:TIMING infer_ms=67.0
INFO:mme_vla_suite.serving.websocket_policy_server:TIMING add_buffer_ms=37.5 frames=16 exec_start_idx=0
MV_INFER cond=normal split=test task=ButtonUnmask ep=0 ep_seq=1 infer_seq=62 t=976 es=0 k=0 motion_frames=- motion_emb_sha= motion_pos_sha= motion_mask= mem_order_sha= motion_cols_sha= donor=None cover=exact:0,fallback:0,cycle:0,cross_seg:0 gate=none num_steps=10 act_sha=5c82c83d754c92f6 infer_ms=66.9
INFO:mme_vla_suite.serving.websocket_policy_server:TIMING infer_ms=66.9
INFO:mme_vla_suite.serving.websocket_policy_server:TIMING add_buffer_ms=37.7 frames=16 exec_start_idx=0
MV_INFER cond=normal split=test task=ButtonUnmask ep=0 ep_seq=1 infer_seq=63 t=992 es=0 k=0 motion_frames=- motion_emb_sha= motion_pos_sha= motion_mask= mem_order_sha= motion_cols_sha= donor=None cover=exact:0,fallback:0,cycle:0,cross_seg:0 gate=none num_steps=10 act_sha=9ac66a611ab7e98d infer_ms=67.0
INFO:mme_vla_suite.serving.websocket_policy_server:TIMING infer_ms=67.0
INFO:mme_vla_suite.serving.websocket_policy_server:TIMING add_buffer_ms=37.1 frames=16 exec_start_idx=0
MV_INFER cond=normal split=test task=ButtonUnmask ep=0 ep_seq=1 infer_seq=64 t=1008 es=0 k=0 motion_frames=- motion_emb_sha= motion_pos_sha= motion_mask= mem_order_sha= motion_cols_sha= donor=None cover=exact:0,fallback:0,cycle:0,cross_seg:0 gate=none num_steps=10 act_sha=07e2c5f62d534207 infer_ms=67.0
INFO:mme_vla_suite.serving.websocket_policy_server:TIMING infer_ms=67.0
INFO:mme_vla_suite.serving.websocket_policy_server:TIMING add_buffer_ms=37.2 frames=16 exec_start_idx=0
MV_INFER cond=normal split=test task=ButtonUnmask ep=0 ep_seq=1 infer_seq=65 t=1024 es=0 k=0 motion_frames=- motion_emb_sha= motion_pos_sha= motion_mask= mem_order_sha= motion_cols_sha= donor=None cover=exact:0,fallback:0,cycle:0,cross_seg:0 gate=none num_steps=10 act_sha=0d6755e08528dab0 infer_ms=67.0
INFO:mme_vla_suite.serving.websocket_policy_server:TIMING infer_ms=67.0
INFO:mme_vla_suite.serving.websocket_policy_server:TIMING add_buffer_ms=37.1 frames=16 exec_start_idx=0
MV_INFER cond=normal split=test task=ButtonUnmask ep=0 ep_seq=1 infer_seq=66 t=1040 es=0 k=0 motion_frames=- motion_emb_sha= motion_pos_sha= motion_mask= mem_order_sha= motion_cols_sha= donor=None cover=exact:0,fallback:0,cycle:0,cross_seg:0 gate=none num_steps=10 act_sha=dc7b1b766740f699 infer_ms=67.1
INFO:mme_vla_suite.serving.websocket_policy_server:TIMING infer_ms=67.1
INFO:mme_vla_suite.serving.websocket_policy_server:TIMING add_buffer_ms=37.1 frames=16 exec_start_idx=0
MV_INFER cond=normal split=test task=ButtonUnmask ep=0 ep_seq=1 infer_seq=67 t=1056 es=0 k=0 motion_frames=- motion_emb_sha= motion_pos_sha= motion_mask= mem_order_sha= motion_cols_sha= donor=None cover=exact:0,fallback:0,cycle:0,cross_seg:0 gate=none num_steps=10 act_sha=faf592be12491dd8 infer_ms=67.0
INFO:mme_vla_suite.serving.websocket_policy_server:TIMING infer_ms=67.0
INFO:mme_vla_suite.serving.websocket_policy_server:TIMING add_buffer_ms=36.8 frames=16 exec_start_idx=0
MV_INFER cond=normal split=test task=ButtonUnmask ep=0 ep_seq=1 infer_seq=68 t=1072 es=0 k=0 motion_frames=- motion_emb_sha= motion_pos_sha= motion_mask= mem_order_sha= motion_cols_sha= donor=None cover=exact:0,fallback:0,cycle:0,cross_seg:0 gate=none num_steps=10 act_sha=682b4cbbf9d3dbd2 infer_ms=67.0
INFO:mme_vla_suite.serving.websocket_policy_server:TIMING infer_ms=67.0
INFO:mme_vla_suite.serving.websocket_policy_server:TIMING add_buffer_ms=36.8 frames=16 exec_start_idx=0
MV_INFER cond=normal split=test task=ButtonUnmask ep=0 ep_seq=1 infer_seq=69 t=1088 es=0 k=0 motion_frames=- motion_emb_sha= motion_pos_sha= motion_mask= mem_order_sha= motion_cols_sha= donor=None cover=exact:0,fallback:0,cycle:0,cross_seg:0 gate=none num_steps=10 act_sha=d10e51aab901e2eb infer_ms=67.3
INFO:mme_vla_suite.serving.websocket_policy_server:TIMING infer_ms=67.3
INFO:mme_vla_suite.serving.websocket_policy_server:TIMING add_buffer_ms=37.5 frames=16 exec_start_idx=0
MV_INFER cond=normal split=test task=ButtonUnmask ep=0 ep_seq=1 infer_seq=70 t=1104 es=0 k=0 motion_frames=- motion_emb_sha= motion_pos_sha= motion_mask= mem_order_sha= motion_cols_sha= donor=None cover=exact:0,fallback:0,cycle:0,cross_seg:0 gate=none num_steps=10 act_sha=01311ec97200f25c infer_ms=67.1
INFO:mme_vla_suite.serving.websocket_policy_server:TIMING infer_ms=67.1
INFO:mme_vla_suite.serving.websocket_policy_server:TIMING add_buffer_ms=39.0 frames=16 exec_start_idx=0
MV_INFER cond=normal split=test task=ButtonUnmask ep=0 ep_seq=1 infer_seq=71 t=1120 es=0 k=0 motion_frames=- motion_emb_sha= motion_pos_sha= motion_mask= mem_order_sha= motion_cols_sha= donor=None cover=exact:0,fallback:0,cycle:0,cross_seg:0 gate=none num_steps=10 act_sha=44a047e9669b7cff infer_ms=67.6
INFO:mme_vla_suite.serving.websocket_policy_server:TIMING infer_ms=67.6
INFO:mme_vla_suite.serving.websocket_policy_server:TIMING add_buffer_ms=38.3 frames=16 exec_start_idx=0
MV_INFER cond=normal split=test task=ButtonUnmask ep=0 ep_seq=1 infer_seq=72 t=1136 es=0 k=0 motion_frames=- motion_emb_sha= motion_pos_sha= motion_mask= mem_order_sha= motion_cols_sha= donor=None cover=exact:0,fallback:0,cycle:0,cross_seg:0 gate=none num_steps=10 act_sha=8f383b91e46a7ff8 infer_ms=67.4
INFO:mme_vla_suite.serving.websocket_policy_server:TIMING infer_ms=67.4
INFO:mme_vla_suite.serving.websocket_policy_server:TIMING add_buffer_ms=37.5 frames=16 exec_start_idx=0
MV_INFER cond=normal split=test task=ButtonUnmask ep=0 ep_seq=1 infer_seq=73 t=1152 es=0 k=0 motion_frames=- motion_emb_sha= motion_pos_sha= motion_mask= mem_order_sha= motion_cols_sha= donor=None cover=exact:0,fallback:0,cycle:0,cross_seg:0 gate=none num_steps=10 act_sha=7c658c1c579cb486 infer_ms=67.2
INFO:mme_vla_suite.serving.websocket_policy_server:TIMING infer_ms=67.2
INFO:mme_vla_suite.serving.websocket_policy_server:TIMING add_buffer_ms=37.3 frames=16 exec_start_idx=0
MV_INFER cond=normal split=test task=ButtonUnmask ep=0 ep_seq=1 infer_seq=74 t=1168 es=0 k=0 motion_frames=- motion_emb_sha= motion_pos_sha= motion_mask= mem_order_sha= motion_cols_sha= donor=None cover=exact:0,fallback:0,cycle:0,cross_seg:0 gate=none num_steps=10 act_sha=83779f5133ac10fd infer_ms=67.1
INFO:mme_vla_suite.serving.websocket_policy_server:TIMING infer_ms=67.1
INFO:mme_vla_suite.serving.websocket_policy_server:TIMING add_buffer_ms=36.9 frames=16 exec_start_idx=0
MV_INFER cond=normal split=test task=ButtonUnmask ep=0 ep_seq=1 infer_seq=75 t=1184 es=0 k=0 motion_frames=- motion_emb_sha= motion_pos_sha= motion_mask= mem_order_sha= motion_cols_sha= donor=None cover=exact:0,fallback:0,cycle:0,cross_seg:0 gate=none num_steps=10 act_sha=f670f2f11a9b7a0d infer_ms=67.0
INFO:mme_vla_suite.serving.websocket_policy_server:TIMING infer_ms=67.0
INFO:mme_vla_suite.serving.websocket_policy_server:TIMING add_buffer_ms=37.1 frames=16 exec_start_idx=0
MV_INFER cond=normal split=test task=ButtonUnmask ep=0 ep_seq=1 infer_seq=76 t=1200 es=0 k=0 motion_frames=- motion_emb_sha= motion_pos_sha= motion_mask= mem_order_sha= motion_cols_sha= donor=None cover=exact:0,fallback:0,cycle:0,cross_seg:0 gate=none num_steps=10 act_sha=4c8821c1aa40210b infer_ms=67.1
INFO:mme_vla_suite.serving.websocket_policy_server:TIMING infer_ms=67.1
INFO:mme_vla_suite.serving.websocket_policy_server:TIMING add_buffer_ms=36.8 frames=16 exec_start_idx=0
MV_INFER cond=normal split=test task=ButtonUnmask ep=0 ep_seq=1 infer_seq=77 t=1216 es=0 k=0 motion_frames=- motion_emb_sha= motion_pos_sha= motion_mask= mem_order_sha= motion_cols_sha= donor=None cover=exact:0,fallback:0,cycle:0,cross_seg:0 gate=none num_steps=10 act_sha=768d5bd7a7f5067a infer_ms=66.9
INFO:mme_vla_suite.serving.websocket_policy_server:TIMING infer_ms=66.9
INFO:mme_vla_suite.serving.websocket_policy_server:TIMING add_buffer_ms=37.3 frames=16 exec_start_idx=0
MV_INFER cond=normal split=test task=ButtonUnmask ep=0 ep_seq=1 infer_seq=78 t=1232 es=0 k=0 motion_frames=- motion_emb_sha= motion_pos_sha= motion_mask= mem_order_sha= motion_cols_sha= donor=None cover=exact:0,fallback:0,cycle:0,cross_seg:0 gate=none num_steps=10 act_sha=2336a10da3aab13e infer_ms=67.1
INFO:mme_vla_suite.serving.websocket_policy_server:TIMING infer_ms=67.1
INFO:mme_vla_suite.serving.websocket_policy_server:TIMING add_buffer_ms=37.0 frames=16 exec_start_idx=0
MV_INFER cond=normal split=test task=ButtonUnmask ep=0 ep_seq=1 infer_seq=79 t=1248 es=0 k=0 motion_frames=- motion_emb_sha= motion_pos_sha= motion_mask= mem_order_sha= motion_cols_sha= donor=None cover=exact:0,fallback:0,cycle:0,cross_seg:0 gate=none num_steps=10 act_sha=5483ccdb43fbfae0 infer_ms=67.3
INFO:mme_vla_suite.serving.websocket_policy_server:TIMING infer_ms=67.3
INFO:mme_vla_suite.serving.websocket_policy_server:TIMING add_buffer_ms=36.6 frames=16 exec_start_idx=0
MV_INFER cond=normal split=test task=ButtonUnmask ep=0 ep_seq=1 infer_seq=80 t=1264 es=0 k=0 motion_frames=- motion_emb_sha= motion_pos_sha= motion_mask= mem_order_sha= motion_cols_sha= donor=None cover=exact:0,fallback:0,cycle:0,cross_seg:0 gate=none num_steps=10 act_sha=e73225cad2b062a7 infer_ms=66.9
INFO:mme_vla_suite.serving.websocket_policy_server:TIMING infer_ms=66.9
INFO:mme_vla_suite.serving.websocket_policy_server:TIMING add_buffer_ms=36.7 frames=16 exec_start_idx=0
MV_INFER cond=normal split=test task=ButtonUnmask ep=0 ep_seq=1 infer_seq=81 t=1280 es=0 k=0 motion_frames=- motion_emb_sha= motion_pos_sha= motion_mask= mem_order_sha= motion_cols_sha= donor=None cover=exact:0,fallback:0,cycle:0,cross_seg:0 gate=none num_steps=10 act_sha=e10166f4667f4cf2 infer_ms=66.9
INFO:mme_vla_suite.serving.websocket_policy_server:TIMING infer_ms=66.9
INFO:mme_vla_suite.serving.websocket_policy_server:TIMING add_buffer_ms=37.8 frames=16 exec_start_idx=0
MV_INFER cond=normal split=test task=ButtonUnmask ep=0 ep_seq=1 infer_seq=82 t=1296 es=0 k=0 motion_frames=- motion_emb_sha= motion_pos_sha= motion_mask= mem_order_sha= motion_cols_sha= donor=None cover=exact:0,fallback:0,cycle:0,cross_seg:0 gate=none num_steps=10 act_sha=11063c8d320c38d1 infer_ms=67.1
INFO:mme_vla_suite.serving.websocket_policy_server:TIMING infer_ms=67.1
INFO:websockets.server:connection open
INFO:mme_vla_suite.serving.websocket_policy_server:Connection from ('127.0.0.1', 41372) opened
MV_EPISODE_END ep_seq=1 infers=82 windows=0 wall_s=45.1
MV_EPISODE_BEGIN cond=normal split=test seed=42 ep_seq=2 expect=ButtonUnmask:4
INFO:mme_vla_suite.serving.websocket_policy_server:TIMING add_buffer_ms=7.7 frames=1 exec_start_idx=0
MV_INFER cond=normal split=test task=ButtonUnmask ep=4 ep_seq=2 infer_seq=1 t=0 es=0 k=0 motion_frames=- motion_emb_sha= motion_pos_sha= motion_mask= mem_order_sha= motion_cols_sha= donor=None cover=exact:0,fallback:0,cycle:0,cross_seg:0 gate=none num_steps=10 act_sha=4373f7fab1a8ea0f infer_ms=67.9
INFO:mme_vla_suite.serving.websocket_policy_server:TIMING infer_ms=67.9
INFO:mme_vla_suite.serving.websocket_policy_server:TIMING add_buffer_ms=41.2 frames=16 exec_start_idx=0
MV_INFER cond=normal split=test task=ButtonUnmask ep=4 ep_seq=2 infer_seq=2 t=16 es=0 k=0 motion_frames=- motion_emb_sha= motion_pos_sha= motion_mask= mem_order_sha= motion_cols_sha= donor=None cover=exact:0,fallback:0,cycle:0,cross_seg:0 gate=none num_steps=10 act_sha=9537470b80523c37 infer_ms=67.5
INFO:mme_vla_suite.serving.websocket_policy_server:TIMING infer_ms=67.5
INFO:mme_vla_suite.serving.websocket_policy_server:TIMING add_buffer_ms=36.9 frames=16 exec_start_idx=0
MV_INFER cond=normal split=test task=ButtonUnmask ep=4 ep_seq=2 infer_seq=3 t=32 es=0 k=0 motion_frames=- motion_emb_sha= motion_pos_sha= motion_mask= mem_order_sha= motion_cols_sha= donor=None cover=exact:0,fallback:0,cycle:0,cross_seg:0 gate=none num_steps=10 act_sha=6cbe841824283550 infer_ms=67.0
INFO:mme_vla_suite.serving.websocket_policy_server:TIMING infer_ms=67.0
INFO:mme_vla_suite.serving.websocket_policy_server:TIMING add_buffer_ms=37.1 frames=16 exec_start_idx=0
MV_INFER cond=normal split=test task=ButtonUnmask ep=4 ep_seq=2 infer_seq=4 t=48 es=0 k=0 motion_frames=- motion_emb_sha= motion_pos_sha= motion_mask= mem_order_sha= motion_cols_sha= donor=None cover=exact:0,fallback:0,cycle:0,cross_seg:0 gate=none num_steps=10 act_sha=519b159bdb07bb1a infer_ms=67.0
INFO:mme_vla_suite.serving.websocket_policy_server:TIMING infer_ms=67.0
INFO:mme_vla_suite.serving.websocket_policy_server:TIMING add_buffer_ms=36.5 frames=16 exec_start_idx=0
MV_INFER cond=normal split=test task=ButtonUnmask ep=4 ep_seq=2 infer_seq=5 t=64 es=0 k=0 motion_frames=- motion_emb_sha= motion_pos_sha= motion_mask= mem_order_sha= motion_cols_sha= donor=None cover=exact:0,fallback:0,cycle:0,cross_seg:0 gate=none num_steps=10 act_sha=a91fe7f19ddb65ba infer_ms=67.2
INFO:mme_vla_suite.serving.websocket_policy_server:TIMING infer_ms=67.2
INFO:mme_vla_suite.serving.websocket_policy_server:TIMING add_buffer_ms=37.4 frames=16 exec_start_idx=0
MV_INFER cond=normal split=test task=ButtonUnmask ep=4 ep_seq=2 infer_seq=6 t=80 es=0 k=0 motion_frames=- motion_emb_sha= motion_pos_sha= motion_mask= mem_order_sha= motion_cols_sha= donor=None cover=exact:0,fallback:0,cycle:0,cross_seg:0 gate=none num_steps=10 act_sha=677cbcc32f1b409d infer_ms=67.1
INFO:mme_vla_suite.serving.websocket_policy_server:TIMING infer_ms=67.1
INFO:mme_vla_suite.serving.websocket_policy_server:TIMING add_buffer_ms=37.3 frames=16 exec_start_idx=0
MV_INFER cond=normal split=test task=ButtonUnmask ep=4 ep_seq=2 infer_seq=7 t=96 es=0 k=0 motion_frames=- motion_emb_sha= motion_pos_sha= motion_mask= mem_order_sha= motion_cols_sha= donor=None cover=exact:0,fallback:0,cycle:0,cross_seg:0 gate=none num_steps=10 act_sha=fd5cca24165641ff infer_ms=66.9
INFO:mme_vla_suite.serving.websocket_policy_server:TIMING infer_ms=66.9
INFO:mme_vla_suite.serving.websocket_policy_server:TIMING add_buffer_ms=39.0 frames=16 exec_start_idx=0
MV_INFER cond=normal split=test task=ButtonUnmask ep=4 ep_seq=2 infer_seq=8 t=112 es=0 k=0 motion_frames=- motion_emb_sha= motion_pos_sha= motion_mask= mem_order_sha= motion_cols_sha= donor=None cover=exact:0,fallback:0,cycle:0,cross_seg:0 gate=none num_steps=10 act_sha=c13e5b2dee7e6a68 infer_ms=67.0
INFO:mme_vla_suite.serving.websocket_policy_server:TIMING infer_ms=67.0
INFO:mme_vla_suite.serving.websocket_policy_server:TIMING add_buffer_ms=37.4 frames=16 exec_start_idx=0
MV_INFER cond=normal split=test task=ButtonUnmask ep=4 ep_seq=2 infer_seq=9 t=128 es=0 k=0 motion_frames=- motion_emb_sha= motion_pos_sha= motion_mask= mem_order_sha= motion_cols_sha= donor=None cover=exact:0,fallback:0,cycle:0,cross_seg:0 gate=none num_steps=10 act_sha=ab15a88c818df79c infer_ms=67.1
INFO:mme_vla_suite.serving.websocket_policy_server:TIMING infer_ms=67.1
INFO:mme_vla_suite.serving.websocket_policy_server:TIMING add_buffer_ms=36.7 frames=16 exec_start_idx=0
MV_INFER cond=normal split=test task=ButtonUnmask ep=4 ep_seq=2 infer_seq=10 t=144 es=0 k=0 motion_frames=- motion_emb_sha= motion_pos_sha= motion_mask= mem_order_sha= motion_cols_sha= donor=None cover=exact:0,fallback:0,cycle:0,cross_seg:0 gate=none num_steps=10 act_sha=50c36d4518a41d30 infer_ms=67.1
INFO:mme_vla_suite.serving.websocket_policy_server:TIMING infer_ms=67.1
INFO:mme_vla_suite.serving.websocket_policy_server:TIMING add_buffer_ms=37.2 frames=16 exec_start_idx=0
MV_INFER cond=normal split=test task=ButtonUnmask ep=4 ep_seq=2 infer_seq=11 t=160 es=0 k=0 motion_frames=- motion_emb_sha= motion_pos_sha= motion_mask= mem_order_sha= motion_cols_sha= donor=None cover=exact:0,fallback:0,cycle:0,cross_seg:0 gate=none num_steps=10 act_sha=e6e1916ca41375e6 infer_ms=67.1
INFO:mme_vla_suite.serving.websocket_policy_server:TIMING infer_ms=67.1
INFO:mme_vla_suite.serving.websocket_policy_server:TIMING add_buffer_ms=36.6 frames=16 exec_start_idx=0
MV_INFER cond=normal split=test task=ButtonUnmask ep=4 ep_seq=2 infer_seq=12 t=176 es=0 k=0 motion_frames=- motion_emb_sha= motion_pos_sha= motion_mask= mem_order_sha= motion_cols_sha= donor=None cover=exact:0,fallback:0,cycle:0,cross_seg:0 gate=none num_steps=10 act_sha=34d01a85bd5f6ee4 infer_ms=66.9
INFO:mme_vla_suite.serving.websocket_policy_server:TIMING infer_ms=66.9
INFO:mme_vla_suite.serving.websocket_policy_server:TIMING add_buffer_ms=36.7 frames=16 exec_start_idx=0
MV_INFER cond=normal split=test task=ButtonUnmask ep=4 ep_seq=2 infer_seq=13 t=192 es=0 k=0 motion_frames=- motion_emb_sha= motion_pos_sha= motion_mask= mem_order_sha= motion_cols_sha= donor=None cover=exact:0,fallback:0,cycle:0,cross_seg:0 gate=none num_steps=10 act_sha=94f21b3dd973fff5 infer_ms=67.1
INFO:mme_vla_suite.serving.websocket_policy_server:TIMING infer_ms=67.1
INFO:mme_vla_suite.serving.websocket_policy_server:TIMING add_buffer_ms=36.8 frames=16 exec_start_idx=0
MV_INFER cond=normal split=test task=ButtonUnmask ep=4 ep_seq=2 infer_seq=14 t=208 es=0 k=0 motion_frames=- motion_emb_sha= motion_pos_sha= motion_mask= mem_order_sha= motion_cols_sha= donor=None cover=exact:0,fallback:0,cycle:0,cross_seg:0 gate=none num_steps=10 act_sha=fdb34d277f9f493d infer_ms=66.9
INFO:mme_vla_suite.serving.websocket_policy_server:TIMING infer_ms=66.9
INFO:mme_vla_suite.serving.websocket_policy_server:TIMING add_buffer_ms=37.3 frames=16 exec_start_idx=0
MV_INFER cond=normal split=test task=ButtonUnmask ep=4 ep_seq=2 infer_seq=15 t=224 es=0 k=0 motion_frames=- motion_emb_sha= motion_pos_sha= motion_mask= mem_order_sha= motion_cols_sha= donor=None cover=exact:0,fallback:0,cycle:0,cross_seg:0 gate=none num_steps=10 act_sha=4b6720f86e86af5f infer_ms=67.0
INFO:mme_vla_suite.serving.websocket_policy_server:TIMING infer_ms=67.0
INFO:mme_vla_suite.serving.websocket_policy_server:TIMING add_buffer_ms=37.2 frames=16 exec_start_idx=0
MV_INFER cond=normal split=test task=ButtonUnmask ep=4 ep_seq=2 infer_seq=16 t=240 es=0 k=0 motion_frames=- motion_emb_sha= motion_pos_sha= motion_mask= mem_order_sha= motion_cols_sha= donor=None cover=exact:0,fallback:0,cycle:0,cross_seg:0 gate=none num_steps=10 act_sha=60e11ad94e706047 infer_ms=66.9
INFO:mme_vla_suite.serving.websocket_policy_server:TIMING infer_ms=66.9
INFO:mme_vla_suite.serving.websocket_policy_server:TIMING add_buffer_ms=38.3 frames=16 exec_start_idx=0
MV_INFER cond=normal split=test task=ButtonUnmask ep=4 ep_seq=2 infer_seq=17 t=256 es=0 k=0 motion_frames=- motion_emb_sha= motion_pos_sha= motion_mask= mem_order_sha= motion_cols_sha= donor=None cover=exact:0,fallback:0,cycle:0,cross_seg:0 gate=none num_steps=10 act_sha=c596790bf15ad1b7 infer_ms=67.0
INFO:mme_vla_suite.serving.websocket_policy_server:TIMING infer_ms=67.0
INFO:mme_vla_suite.serving.websocket_policy_server:TIMING add_buffer_ms=37.7 frames=16 exec_start_idx=0
MV_INFER cond=normal split=test task=ButtonUnmask ep=4 ep_seq=2 infer_seq=18 t=272 es=0 k=0 motion_frames=- motion_emb_sha= motion_pos_sha= motion_mask= mem_order_sha= motion_cols_sha= donor=None cover=exact:0,fallback:0,cycle:0,cross_seg:0 gate=none num_steps=10 act_sha=eb51867497631c0a infer_ms=67.0
INFO:mme_vla_suite.serving.websocket_policy_server:TIMING infer_ms=67.0
INFO:mme_vla_suite.serving.websocket_policy_server:TIMING add_buffer_ms=37.3 frames=16 exec_start_idx=0
MV_INFER cond=normal split=test task=ButtonUnmask ep=4 ep_seq=2 infer_seq=19 t=288 es=0 k=0 motion_frames=- motion_emb_sha= motion_pos_sha= motion_mask= mem_order_sha= motion_cols_sha= donor=None cover=exact:0,fallback:0,cycle:0,cross_seg:0 gate=none num_steps=10 act_sha=5021422f5d9dfe4c infer_ms=66.9
INFO:mme_vla_suite.serving.websocket_policy_server:TIMING infer_ms=66.9
INFO:mme_vla_suite.serving.websocket_policy_server:TIMING add_buffer_ms=37.6 frames=16 exec_start_idx=0
MV_INFER cond=normal split=test task=ButtonUnmask ep=4 ep_seq=2 infer_seq=20 t=304 es=0 k=0 motion_frames=- motion_emb_sha= motion_pos_sha= motion_mask= mem_order_sha= motion_cols_sha= donor=None cover=exact:0,fallback:0,cycle:0,cross_seg:0 gate=none num_steps=10 act_sha=4c6e2fc2bddddcb5 infer_ms=67.4
INFO:mme_vla_suite.serving.websocket_policy_server:TIMING infer_ms=67.4
INFO:mme_vla_suite.serving.websocket_policy_server:TIMING add_buffer_ms=37.0 frames=16 exec_start_idx=0
MV_INFER cond=normal split=test task=ButtonUnmask ep=4 ep_seq=2 infer_seq=21 t=320 es=0 k=0 motion_frames=- motion_emb_sha= motion_pos_sha= motion_mask= mem_order_sha= motion_cols_sha= donor=None cover=exact:0,fallback:0,cycle:0,cross_seg:0 gate=none num_steps=10 act_sha=1453687f1b493cb9 infer_ms=67.0
INFO:mme_vla_suite.serving.websocket_policy_server:TIMING infer_ms=67.0
INFO:mme_vla_suite.serving.websocket_policy_server:TIMING add_buffer_ms=37.0 frames=16 exec_start_idx=0
MV_INFER cond=normal split=test task=ButtonUnmask ep=4 ep_seq=2 infer_seq=22 t=336 es=0 k=0 motion_frames=- motion_emb_sha= motion_pos_sha= motion_mask= mem_order_sha= motion_cols_sha= donor=None cover=exact:0,fallback:0,cycle:0,cross_seg:0 gate=none num_steps=10 act_sha=e2dcc3aae7a73a87 infer_ms=67.0
INFO:mme_vla_suite.serving.websocket_policy_server:TIMING infer_ms=67.0
INFO:mme_vla_suite.serving.websocket_policy_server:TIMING add_buffer_ms=37.2 frames=16 exec_start_idx=0
MV_INFER cond=normal split=test task=ButtonUnmask ep=4 ep_seq=2 infer_seq=23 t=352 es=0 k=0 motion_frames=- motion_emb_sha= motion_pos_sha= motion_mask= mem_order_sha= motion_cols_sha= donor=None cover=exact:0,fallback:0,cycle:0,cross_seg:0 gate=none num_steps=10 act_sha=c7af6d14040d665c infer_ms=67.1
INFO:mme_vla_suite.serving.websocket_policy_server:TIMING infer_ms=67.1
INFO:mme_vla_suite.serving.websocket_policy_server:TIMING add_buffer_ms=36.7 frames=16 exec_start_idx=0
MV_INFER cond=normal split=test task=ButtonUnmask ep=4 ep_seq=2 infer_seq=24 t=368 es=0 k=0 motion_frames=- motion_emb_sha= motion_pos_sha= motion_mask= mem_order_sha= motion_cols_sha= donor=None cover=exact:0,fallback:0,cycle:0,cross_seg:0 gate=none num_steps=10 act_sha=8da7dbd3ea069769 infer_ms=67.0
INFO:mme_vla_suite.serving.websocket_policy_server:TIMING infer_ms=67.0
INFO:mme_vla_suite.serving.websocket_policy_server:TIMING add_buffer_ms=37.0 frames=16 exec_start_idx=0
MV_INFER cond=normal split=test task=ButtonUnmask ep=4 ep_seq=2 infer_seq=25 t=384 es=0 k=0 motion_frames=- motion_emb_sha= motion_pos_sha= motion_mask= mem_order_sha= motion_cols_sha= donor=None cover=exact:0,fallback:0,cycle:0,cross_seg:0 gate=none num_steps=10 act_sha=089763bcb1c077e1 infer_ms=67.2
INFO:mme_vla_suite.serving.websocket_policy_server:TIMING infer_ms=67.2
INFO:mme_vla_suite.serving.websocket_policy_server:TIMING add_buffer_ms=37.1 frames=16 exec_start_idx=0
MV_INFER cond=normal split=test task=ButtonUnmask ep=4 ep_seq=2 infer_seq=26 t=400 es=0 k=0 motion_frames=- motion_emb_sha= motion_pos_sha= motion_mask= mem_order_sha= motion_cols_sha= donor=None cover=exact:0,fallback:0,cycle:0,cross_seg:0 gate=none num_steps=10 act_sha=4d443caa305c236a infer_ms=67.1
INFO:mme_vla_suite.serving.websocket_policy_server:TIMING infer_ms=67.1
INFO:mme_vla_suite.serving.websocket_policy_server:TIMING add_buffer_ms=36.7 frames=16 exec_start_idx=0
MV_INFER cond=normal split=test task=ButtonUnmask ep=4 ep_seq=2 infer_seq=27 t=416 es=0 k=0 motion_frames=- motion_emb_sha= motion_pos_sha= motion_mask= mem_order_sha= motion_cols_sha= donor=None cover=exact:0,fallback:0,cycle:0,cross_seg:0 gate=none num_steps=10 act_sha=d0f97f85feaa11a9 infer_ms=67.0
INFO:mme_vla_suite.serving.websocket_policy_server:TIMING infer_ms=67.0
INFO:mme_vla_suite.serving.websocket_policy_server:TIMING add_buffer_ms=37.1 frames=16 exec_start_idx=0
MV_INFER cond=normal split=test task=ButtonUnmask ep=4 ep_seq=2 infer_seq=28 t=432 es=0 k=0 motion_frames=- motion_emb_sha= motion_pos_sha= motion_mask= mem_order_sha= motion_cols_sha= donor=None cover=exact:0,fallback:0,cycle:0,cross_seg:0 gate=none num_steps=10 act_sha=2e9dc2d4dcbabf85 infer_ms=67.2
INFO:mme_vla_suite.serving.websocket_policy_server:TIMING infer_ms=67.2
INFO:mme_vla_suite.serving.websocket_policy_server:TIMING add_buffer_ms=37.7 frames=16 exec_start_idx=0
MV_INFER cond=normal split=test task=ButtonUnmask ep=4 ep_seq=2 infer_seq=29 t=448 es=0 k=0 motion_frames=- motion_emb_sha= motion_pos_sha= motion_mask= mem_order_sha= motion_cols_sha= donor=None cover=exact:0,fallback:0,cycle:0,cross_seg:0 gate=none num_steps=10 act_sha=ac8037a0ad62f2f3 infer_ms=67.2
INFO:mme_vla_suite.serving.websocket_policy_server:TIMING infer_ms=67.2
INFO:mme_vla_suite.serving.websocket_policy_server:TIMING add_buffer_ms=37.8 frames=16 exec_start_idx=0
MV_INFER cond=normal split=test task=ButtonUnmask ep=4 ep_seq=2 infer_seq=30 t=464 es=0 k=0 motion_frames=- motion_emb_sha= motion_pos_sha= motion_mask= mem_order_sha= motion_cols_sha= donor=None cover=exact:0,fallback:0,cycle:0,cross_seg:0 gate=none num_steps=10 act_sha=fff100d718d5e0b5 infer_ms=67.3
INFO:mme_vla_suite.serving.websocket_policy_server:TIMING infer_ms=67.3
INFO:mme_vla_suite.serving.websocket_policy_server:TIMING add_buffer_ms=37.1 frames=16 exec_start_idx=0
MV_INFER cond=normal split=test task=ButtonUnmask ep=4 ep_seq=2 infer_seq=31 t=480 es=0 k=0 motion_frames=- motion_emb_sha= motion_pos_sha= motion_mask= mem_order_sha= motion_cols_sha= donor=None cover=exact:0,fallback:0,cycle:0,cross_seg:0 gate=none num_steps=10 act_sha=caa6fce51b78982e infer_ms=67.0
INFO:mme_vla_suite.serving.websocket_policy_server:TIMING infer_ms=67.0
INFO:mme_vla_suite.serving.websocket_policy_server:TIMING add_buffer_ms=38.7 frames=16 exec_start_idx=0
MV_INFER cond=normal split=test task=ButtonUnmask ep=4 ep_seq=2 infer_seq=32 t=496 es=0 k=0 motion_frames=- motion_emb_sha= motion_pos_sha= motion_mask= mem_order_sha= motion_cols_sha= donor=None cover=exact:0,fallback:0,cycle:0,cross_seg:0 gate=none num_steps=10 act_sha=9ab12bbd0f8b55e8 infer_ms=67.1
INFO:mme_vla_suite.serving.websocket_policy_server:TIMING infer_ms=67.1
INFO:mme_vla_suite.serving.websocket_policy_server:TIMING add_buffer_ms=37.3 frames=16 exec_start_idx=0
MV_INFER cond=normal split=test task=ButtonUnmask ep=4 ep_seq=2 infer_seq=33 t=512 es=0 k=0 motion_frames=- motion_emb_sha= motion_pos_sha= motion_mask= mem_order_sha= motion_cols_sha= donor=None cover=exact:0,fallback:0,cycle:0,cross_seg:0 gate=none num_steps=10 act_sha=b73b2c66a1dfee0e infer_ms=67.0
INFO:mme_vla_suite.serving.websocket_policy_server:TIMING infer_ms=67.0
INFO:mme_vla_suite.serving.websocket_policy_server:TIMING add_buffer_ms=37.3 frames=16 exec_start_idx=0
MV_INFER cond=normal split=test task=ButtonUnmask ep=4 ep_seq=2 infer_seq=34 t=528 es=0 k=0 motion_frames=- motion_emb_sha= motion_pos_sha= motion_mask= mem_order_sha= motion_cols_sha= donor=None cover=exact:0,fallback:0,cycle:0,cross_seg:0 gate=none num_steps=10 act_sha=f3762beb434823f0 infer_ms=67.3
INFO:mme_vla_suite.serving.websocket_policy_server:TIMING infer_ms=67.3
INFO:mme_vla_suite.serving.websocket_policy_server:TIMING add_buffer_ms=37.8 frames=16 exec_start_idx=0
MV_INFER cond=normal split=test task=ButtonUnmask ep=4 ep_seq=2 infer_seq=35 t=544 es=0 k=0 motion_frames=- motion_emb_sha= motion_pos_sha= motion_mask= mem_order_sha= motion_cols_sha= donor=None cover=exact:0,fallback:0,cycle:0,cross_seg:0 gate=none num_steps=10 act_sha=109cdd7f40645d3a infer_ms=67.1
INFO:mme_vla_suite.serving.websocket_policy_server:TIMING infer_ms=67.1
INFO:mme_vla_suite.serving.websocket_policy_server:TIMING add_buffer_ms=37.5 frames=16 exec_start_idx=0
MV_INFER cond=normal split=test task=ButtonUnmask ep=4 ep_seq=2 infer_seq=36 t=560 es=0 k=0 motion_frames=- motion_emb_sha= motion_pos_sha= motion_mask= mem_order_sha= motion_cols_sha= donor=None cover=exact:0,fallback:0,cycle:0,cross_seg:0 gate=none num_steps=10 act_sha=be007408c51b3aa4 infer_ms=67.3
INFO:mme_vla_suite.serving.websocket_policy_server:TIMING infer_ms=67.3
INFO:mme_vla_suite.serving.websocket_policy_server:TIMING add_buffer_ms=38.0 frames=16 exec_start_idx=0
MV_INFER cond=normal split=test task=ButtonUnmask ep=4 ep_seq=2 infer_seq=37 t=576 es=0 k=0 motion_frames=- motion_emb_sha= motion_pos_sha= motion_mask= mem_order_sha= motion_cols_sha= donor=None cover=exact:0,fallback:0,cycle:0,cross_seg:0 gate=none num_steps=10 act_sha=3069bbc34253d605 infer_ms=67.1
INFO:mme_vla_suite.serving.websocket_policy_server:TIMING infer_ms=67.1
INFO:mme_vla_suite.serving.websocket_policy_server:TIMING add_buffer_ms=36.7 frames=16 exec_start_idx=0
MV_INFER cond=normal split=test task=ButtonUnmask ep=4 ep_seq=2 infer_seq=38 t=592 es=0 k=0 motion_frames=- motion_emb_sha= motion_pos_sha= motion_mask= mem_order_sha= motion_cols_sha= donor=None cover=exact:0,fallback:0,cycle:0,cross_seg:0 gate=none num_steps=10 act_sha=fb234b7d059079c3 infer_ms=67.1
INFO:mme_vla_suite.serving.websocket_policy_server:TIMING infer_ms=67.1
INFO:mme_vla_suite.serving.websocket_policy_server:TIMING add_buffer_ms=37.5 frames=16 exec_start_idx=0
MV_INFER cond=normal split=test task=ButtonUnmask ep=4 ep_seq=2 infer_seq=39 t=608 es=0 k=0 motion_frames=- motion_emb_sha= motion_pos_sha= motion_mask= mem_order_sha= motion_cols_sha= donor=None cover=exact:0,fallback:0,cycle:0,cross_seg:0 gate=none num_steps=10 act_sha=ae968c5010a27f32 infer_ms=67.2
INFO:mme_vla_suite.serving.websocket_policy_server:TIMING infer_ms=67.2
INFO:mme_vla_suite.serving.websocket_policy_server:TIMING add_buffer_ms=37.4 frames=16 exec_start_idx=0
MV_INFER cond=normal split=test task=ButtonUnmask ep=4 ep_seq=2 infer_seq=40 t=624 es=0 k=0 motion_frames=- motion_emb_sha= motion_pos_sha= motion_mask= mem_order_sha= motion_cols_sha= donor=None cover=exact:0,fallback:0,cycle:0,cross_seg:0 gate=none num_steps=10 act_sha=9390b6b07cb62275 infer_ms=66.9
INFO:mme_vla_suite.serving.websocket_policy_server:TIMING infer_ms=66.9
INFO:mme_vla_suite.serving.websocket_policy_server:TIMING add_buffer_ms=37.2 frames=16 exec_start_idx=0
MV_INFER cond=normal split=test task=ButtonUnmask ep=4 ep_seq=2 infer_seq=41 t=640 es=0 k=0 motion_frames=- motion_emb_sha= motion_pos_sha= motion_mask= mem_order_sha= motion_cols_sha= donor=None cover=exact:0,fallback:0,cycle:0,cross_seg:0 gate=none num_steps=10 act_sha=39101a3c318b820e infer_ms=67.1
INFO:mme_vla_suite.serving.websocket_policy_server:TIMING infer_ms=67.1
INFO:mme_vla_suite.serving.websocket_policy_server:TIMING add_buffer_ms=37.0 frames=16 exec_start_idx=0
MV_INFER cond=normal split=test task=ButtonUnmask ep=4 ep_seq=2 infer_seq=42 t=656 es=0 k=0 motion_frames=- motion_emb_sha= motion_pos_sha= motion_mask= mem_order_sha= motion_cols_sha= donor=None cover=exact:0,fallback:0,cycle:0,cross_seg:0 gate=none num_steps=10 act_sha=8cd89e993a5c2207 infer_ms=67.2
INFO:mme_vla_suite.serving.websocket_policy_server:TIMING infer_ms=67.2
INFO:mme_vla_suite.serving.websocket_policy_server:TIMING add_buffer_ms=36.9 frames=16 exec_start_idx=0
MV_INFER cond=normal split=test task=ButtonUnmask ep=4 ep_seq=2 infer_seq=43 t=672 es=0 k=0 motion_frames=- motion_emb_sha= motion_pos_sha= motion_mask= mem_order_sha= motion_cols_sha= donor=None cover=exact:0,fallback:0,cycle:0,cross_seg:0 gate=none num_steps=10 act_sha=678a0f8623c063fe infer_ms=66.8
INFO:mme_vla_suite.serving.websocket_policy_server:TIMING infer_ms=66.8
INFO:mme_vla_suite.serving.websocket_policy_server:TIMING add_buffer_ms=37.5 frames=16 exec_start_idx=0
MV_INFER cond=normal split=test task=ButtonUnmask ep=4 ep_seq=2 infer_seq=44 t=688 es=0 k=0 motion_frames=- motion_emb_sha= motion_pos_sha= motion_mask= mem_order_sha= motion_cols_sha= donor=None cover=exact:0,fallback:0,cycle:0,cross_seg:0 gate=none num_steps=10 act_sha=7566c5ad6acdc4cc infer_ms=67.0
INFO:mme_vla_suite.serving.websocket_policy_server:TIMING infer_ms=67.0
INFO:mme_vla_suite.serving.websocket_policy_server:TIMING add_buffer_ms=36.9 frames=16 exec_start_idx=0
MV_INFER cond=normal split=test task=ButtonUnmask ep=4 ep_seq=2 infer_seq=45 t=704 es=0 k=0 motion_frames=- motion_emb_sha= motion_pos_sha= motion_mask= mem_order_sha= motion_cols_sha= donor=None cover=exact:0,fallback:0,cycle:0,cross_seg:0 gate=none num_steps=10 act_sha=410c4cc5707a6b18 infer_ms=66.9
INFO:mme_vla_suite.serving.websocket_policy_server:TIMING infer_ms=66.9
INFO:mme_vla_suite.serving.websocket_policy_server:TIMING add_buffer_ms=36.6 frames=16 exec_start_idx=0
MV_INFER cond=normal split=test task=ButtonUnmask ep=4 ep_seq=2 infer_seq=46 t=720 es=0 k=0 motion_frames=- motion_emb_sha= motion_pos_sha= motion_mask= mem_order_sha= motion_cols_sha= donor=None cover=exact:0,fallback:0,cycle:0,cross_seg:0 gate=none num_steps=10 act_sha=fd82f97e8e8373b9 infer_ms=67.1
INFO:mme_vla_suite.serving.websocket_policy_server:TIMING infer_ms=67.1
INFO:mme_vla_suite.serving.websocket_policy_server:TIMING add_buffer_ms=36.9 frames=16 exec_start_idx=0
MV_INFER cond=normal split=test task=ButtonUnmask ep=4 ep_seq=2 infer_seq=47 t=736 es=0 k=0 motion_frames=- motion_emb_sha= motion_pos_sha= motion_mask= mem_order_sha= motion_cols_sha= donor=None cover=exact:0,fallback:0,cycle:0,cross_seg:0 gate=none num_steps=10 act_sha=233cefad08a1da3a infer_ms=67.0
INFO:mme_vla_suite.serving.websocket_policy_server:TIMING infer_ms=67.0
INFO:mme_vla_suite.serving.websocket_policy_server:TIMING add_buffer_ms=36.7 frames=16 exec_start_idx=0
MV_INFER cond=normal split=test task=ButtonUnmask ep=4 ep_seq=2 infer_seq=48 t=752 es=0 k=0 motion_frames=- motion_emb_sha= motion_pos_sha= motion_mask= mem_order_sha= motion_cols_sha= donor=None cover=exact:0,fallback:0,cycle:0,cross_seg:0 gate=none num_steps=10 act_sha=f16e339b3930ccda infer_ms=66.9
INFO:mme_vla_suite.serving.websocket_policy_server:TIMING infer_ms=66.9
INFO:mme_vla_suite.serving.websocket_policy_server:TIMING add_buffer_ms=38.1 frames=16 exec_start_idx=0
MV_INFER cond=normal split=test task=ButtonUnmask ep=4 ep_seq=2 infer_seq=49 t=768 es=0 k=0 motion_frames=- motion_emb_sha= motion_pos_sha= motion_mask= mem_order_sha= motion_cols_sha= donor=None cover=exact:0,fallback:0,cycle:0,cross_seg:0 gate=none num_steps=10 act_sha=68d5331f0f42c87d infer_ms=67.0
INFO:mme_vla_suite.serving.websocket_policy_server:TIMING infer_ms=67.0
INFO:mme_vla_suite.serving.websocket_policy_server:TIMING add_buffer_ms=37.8 frames=16 exec_start_idx=0
MV_INFER cond=normal split=test task=ButtonUnmask ep=4 ep_seq=2 infer_seq=50 t=784 es=0 k=0 motion_frames=- motion_emb_sha= motion_pos_sha= motion_mask= mem_order_sha= motion_cols_sha= donor=None cover=exact:0,fallback:0,cycle:0,cross_seg:0 gate=none num_steps=10 act_sha=764ff05778985459 infer_ms=67.0
INFO:mme_vla_suite.serving.websocket_policy_server:TIMING infer_ms=67.0
INFO:mme_vla_suite.serving.websocket_policy_server:TIMING add_buffer_ms=37.2 frames=16 exec_start_idx=0
MV_INFER cond=normal split=test task=ButtonUnmask ep=4 ep_seq=2 infer_seq=51 t=800 es=0 k=0 motion_frames=- motion_emb_sha= motion_pos_sha= motion_mask= mem_order_sha= motion_cols_sha= donor=None cover=exact:0,fallback:0,cycle:0,cross_seg:0 gate=none num_steps=10 act_sha=a03fd88c7fc29535 infer_ms=67.0
INFO:mme_vla_suite.serving.websocket_policy_server:TIMING infer_ms=67.0
INFO:mme_vla_suite.serving.websocket_policy_server:TIMING add_buffer_ms=37.0 frames=16 exec_start_idx=0
MV_INFER cond=normal split=test task=ButtonUnmask ep=4 ep_seq=2 infer_seq=52 t=816 es=0 k=0 motion_frames=- motion_emb_sha= motion_pos_sha= motion_mask= mem_order_sha= motion_cols_sha= donor=None cover=exact:0,fallback:0,cycle:0,cross_seg:0 gate=none num_steps=10 act_sha=d914d07936bd7143 infer_ms=66.9
INFO:mme_vla_suite.serving.websocket_policy_server:TIMING infer_ms=66.9
INFO:mme_vla_suite.serving.websocket_policy_server:TIMING add_buffer_ms=37.0 frames=16 exec_start_idx=0
MV_INFER cond=normal split=test task=ButtonUnmask ep=4 ep_seq=2 infer_seq=53 t=832 es=0 k=0 motion_frames=- motion_emb_sha= motion_pos_sha= motion_mask= mem_order_sha= motion_cols_sha= donor=None cover=exact:0,fallback:0,cycle:0,cross_seg:0 gate=none num_steps=10 act_sha=975b2aeafa27e114 infer_ms=67.1
INFO:mme_vla_suite.serving.websocket_policy_server:TIMING infer_ms=67.1
INFO:mme_vla_suite.serving.websocket_policy_server:TIMING add_buffer_ms=37.2 frames=16 exec_start_idx=0
MV_INFER cond=normal split=test task=ButtonUnmask ep=4 ep_seq=2 infer_seq=54 t=848 es=0 k=0 motion_frames=- motion_emb_sha= motion_pos_sha= motion_mask= mem_order_sha= motion_cols_sha= donor=None cover=exact:0,fallback:0,cycle:0,cross_seg:0 gate=none num_steps=10 act_sha=49bc82dd3b0abbce infer_ms=67.2
INFO:mme_vla_suite.serving.websocket_policy_server:TIMING infer_ms=67.2
INFO:mme_vla_suite.serving.websocket_policy_server:TIMING add_buffer_ms=37.1 frames=16 exec_start_idx=0
MV_INFER cond=normal split=test task=ButtonUnmask ep=4 ep_seq=2 infer_seq=55 t=864 es=0 k=0 motion_frames=- motion_emb_sha= motion_pos_sha= motion_mask= mem_order_sha= motion_cols_sha= donor=None cover=exact:0,fallback:0,cycle:0,cross_seg:0 gate=none num_steps=10 act_sha=c84de3552193dfca infer_ms=67.0
INFO:mme_vla_suite.serving.websocket_policy_server:TIMING infer_ms=67.0
INFO:mme_vla_suite.serving.websocket_policy_server:TIMING add_buffer_ms=36.9 frames=16 exec_start_idx=0
MV_INFER cond=normal split=test task=ButtonUnmask ep=4 ep_seq=2 infer_seq=56 t=880 es=0 k=0 motion_frames=- motion_emb_sha= motion_pos_sha= motion_mask= mem_order_sha= motion_cols_sha= donor=None cover=exact:0,fallback:0,cycle:0,cross_seg:0 gate=none num_steps=10 act_sha=ea3de8b085d316f1 infer_ms=67.0
INFO:mme_vla_suite.serving.websocket_policy_server:TIMING infer_ms=67.0
INFO:mme_vla_suite.serving.websocket_policy_server:TIMING add_buffer_ms=37.1 frames=16 exec_start_idx=0
MV_INFER cond=normal split=test task=ButtonUnmask ep=4 ep_seq=2 infer_seq=57 t=896 es=0 k=0 motion_frames=- motion_emb_sha= motion_pos_sha= motion_mask= mem_order_sha= motion_cols_sha= donor=None cover=exact:0,fallback:0,cycle:0,cross_seg:0 gate=none num_steps=10 act_sha=d8e8518befdd8834 infer_ms=66.9
INFO:mme_vla_suite.serving.websocket_policy_server:TIMING infer_ms=66.9
INFO:mme_vla_suite.serving.websocket_policy_server:TIMING add_buffer_ms=37.2 frames=16 exec_start_idx=0
MV_INFER cond=normal split=test task=ButtonUnmask ep=4 ep_seq=2 infer_seq=58 t=912 es=0 k=0 motion_frames=- motion_emb_sha= motion_pos_sha= motion_mask= mem_order_sha= motion_cols_sha= donor=None cover=exact:0,fallback:0,cycle:0,cross_seg:0 gate=none num_steps=10 act_sha=0191778537373460 infer_ms=66.9
INFO:mme_vla_suite.serving.websocket_policy_server:TIMING infer_ms=66.9
INFO:mme_vla_suite.serving.websocket_policy_server:TIMING add_buffer_ms=37.1 frames=16 exec_start_idx=0
MV_INFER cond=normal split=test task=ButtonUnmask ep=4 ep_seq=2 infer_seq=59 t=928 es=0 k=0 motion_frames=- motion_emb_sha= motion_pos_sha= motion_mask= mem_order_sha= motion_cols_sha= donor=None cover=exact:0,fallback:0,cycle:0,cross_seg:0 gate=none num_steps=10 act_sha=dcb6fe13b81ffad1 infer_ms=67.0
INFO:mme_vla_suite.serving.websocket_policy_server:TIMING infer_ms=67.0
INFO:mme_vla_suite.serving.websocket_policy_server:TIMING add_buffer_ms=37.1 frames=16 exec_start_idx=0
MV_INFER cond=normal split=test task=ButtonUnmask ep=4 ep_seq=2 infer_seq=60 t=944 es=0 k=0 motion_frames=- motion_emb_sha= motion_pos_sha= motion_mask= mem_order_sha= motion_cols_sha= donor=None cover=exact:0,fallback:0,cycle:0,cross_seg:0 gate=none num_steps=10 act_sha=2b65840069f8ef68 infer_ms=66.9
INFO:mme_vla_suite.serving.websocket_policy_server:TIMING infer_ms=66.9
INFO:mme_vla_suite.serving.websocket_policy_server:TIMING add_buffer_ms=43.4 frames=16 exec_start_idx=0
MV_INFER cond=normal split=test task=ButtonUnmask ep=4 ep_seq=2 infer_seq=61 t=960 es=0 k=0 motion_frames=- motion_emb_sha= motion_pos_sha= motion_mask= mem_order_sha= motion_cols_sha= donor=None cover=exact:0,fallback:0,cycle:0,cross_seg:0 gate=none num_steps=10 act_sha=acfa638ef5d4fd2a infer_ms=67.8
INFO:mme_vla_suite.serving.websocket_policy_server:TIMING infer_ms=67.8
INFO:mme_vla_suite.serving.websocket_policy_server:TIMING add_buffer_ms=37.1 frames=16 exec_start_idx=0
MV_INFER cond=normal split=test task=ButtonUnmask ep=4 ep_seq=2 infer_seq=62 t=976 es=0 k=0 motion_frames=- motion_emb_sha= motion_pos_sha= motion_mask= mem_order_sha= motion_cols_sha= donor=None cover=exact:0,fallback:0,cycle:0,cross_seg:0 gate=none num_steps=10 act_sha=b490d2d6c0aa93e9 infer_ms=67.4
INFO:mme_vla_suite.serving.websocket_policy_server:TIMING infer_ms=67.4
INFO:mme_vla_suite.serving.websocket_policy_server:TIMING add_buffer_ms=37.1 frames=16 exec_start_idx=0
MV_INFER cond=normal split=test task=ButtonUnmask ep=4 ep_seq=2 infer_seq=63 t=992 es=0 k=0 motion_frames=- motion_emb_sha= motion_pos_sha= motion_mask= mem_order_sha= motion_cols_sha= donor=None cover=exact:0,fallback:0,cycle:0,cross_seg:0 gate=none num_steps=10 act_sha=cddef3638b78e9fd infer_ms=66.9
INFO:mme_vla_suite.serving.websocket_policy_server:TIMING infer_ms=66.9
INFO:mme_vla_suite.serving.websocket_policy_server:TIMING add_buffer_ms=36.9 frames=16 exec_start_idx=0
MV_INFER cond=normal split=test task=ButtonUnmask ep=4 ep_seq=2 infer_seq=64 t=1008 es=0 k=0 motion_frames=- motion_emb_sha= motion_pos_sha= motion_mask= mem_order_sha= motion_cols_sha= donor=None cover=exact:0,fallback:0,cycle:0,cross_seg:0 gate=none num_steps=10 act_sha=dc86a36b6df2c2c0 infer_ms=67.2
INFO:mme_vla_suite.serving.websocket_policy_server:TIMING infer_ms=67.2
INFO:mme_vla_suite.serving.websocket_policy_server:TIMING add_buffer_ms=37.3 frames=16 exec_start_idx=0
MV_INFER cond=normal split=test task=ButtonUnmask ep=4 ep_seq=2 infer_seq=65 t=1024 es=0 k=0 motion_frames=- motion_emb_sha= motion_pos_sha= motion_mask= mem_order_sha= motion_cols_sha= donor=None cover=exact:0,fallback:0,cycle:0,cross_seg:0 gate=none num_steps=10 act_sha=99dff32d3f324266 infer_ms=67.0
INFO:mme_vla_suite.serving.websocket_policy_server:TIMING infer_ms=67.0
INFO:mme_vla_suite.serving.websocket_policy_server:TIMING add_buffer_ms=38.1 frames=16 exec_start_idx=0
MV_INFER cond=normal split=test task=ButtonUnmask ep=4 ep_seq=2 infer_seq=66 t=1040 es=0 k=0 motion_frames=- motion_emb_sha= motion_pos_sha= motion_mask= mem_order_sha= motion_cols_sha= donor=None cover=exact:0,fallback:0,cycle:0,cross_seg:0 gate=none num_steps=10 act_sha=471d465828e5411a infer_ms=67.1
INFO:mme_vla_suite.serving.websocket_policy_server:TIMING infer_ms=67.1
INFO:mme_vla_suite.serving.websocket_policy_server:TIMING add_buffer_ms=37.4 frames=16 exec_start_idx=0
MV_INFER cond=normal split=test task=ButtonUnmask ep=4 ep_seq=2 infer_seq=67 t=1056 es=0 k=0 motion_frames=- motion_emb_sha= motion_pos_sha= motion_mask= mem_order_sha= motion_cols_sha= donor=None cover=exact:0,fallback:0,cycle:0,cross_seg:0 gate=none num_steps=10 act_sha=5e55ec7474fe0a45 infer_ms=66.9
INFO:mme_vla_suite.serving.websocket_policy_server:TIMING infer_ms=66.9
INFO:mme_vla_suite.serving.websocket_policy_server:TIMING add_buffer_ms=37.2 frames=16 exec_start_idx=0
MV_INFER cond=normal split=test task=ButtonUnmask ep=4 ep_seq=2 infer_seq=68 t=1072 es=0 k=0 motion_frames=- motion_emb_sha= motion_pos_sha= motion_mask= mem_order_sha= motion_cols_sha= donor=None cover=exact:0,fallback:0,cycle:0,cross_seg:0 gate=none num_steps=10 act_sha=3f0508c9a9cb3343 infer_ms=67.1
INFO:mme_vla_suite.serving.websocket_policy_server:TIMING infer_ms=67.1
INFO:mme_vla_suite.serving.websocket_policy_server:TIMING add_buffer_ms=37.1 frames=16 exec_start_idx=0
MV_INFER cond=normal split=test task=ButtonUnmask ep=4 ep_seq=2 infer_seq=69 t=1088 es=0 k=0 motion_frames=- motion_emb_sha= motion_pos_sha= motion_mask= mem_order_sha= motion_cols_sha= donor=None cover=exact:0,fallback:0,cycle:0,cross_seg:0 gate=none num_steps=10 act_sha=a70198fdbd2b3f74 infer_ms=67.0
INFO:mme_vla_suite.serving.websocket_policy_server:TIMING infer_ms=67.0
INFO:mme_vla_suite.serving.websocket_policy_server:TIMING add_buffer_ms=37.3 frames=16 exec_start_idx=0
MV_INFER cond=normal split=test task=ButtonUnmask ep=4 ep_seq=2 infer_seq=70 t=1104 es=0 k=0 motion_frames=- motion_emb_sha= motion_pos_sha= motion_mask= mem_order_sha= motion_cols_sha= donor=None cover=exact:0,fallback:0,cycle:0,cross_seg:0 gate=none num_steps=10 act_sha=f8c01e5aefedec81 infer_ms=67.0
INFO:mme_vla_suite.serving.websocket_policy_server:TIMING infer_ms=67.0
INFO:mme_vla_suite.serving.websocket_policy_server:TIMING add_buffer_ms=40.4 frames=16 exec_start_idx=0
MV_INFER cond=normal split=test task=ButtonUnmask ep=4 ep_seq=2 infer_seq=71 t=1120 es=0 k=0 motion_frames=- motion_emb_sha= motion_pos_sha= motion_mask= mem_order_sha= motion_cols_sha= donor=None cover=exact:0,fallback:0,cycle:0,cross_seg:0 gate=none num_steps=10 act_sha=0733fbae88221155 infer_ms=66.9
INFO:mme_vla_suite.serving.websocket_policy_server:TIMING infer_ms=66.9
INFO:mme_vla_suite.serving.websocket_policy_server:TIMING add_buffer_ms=37.2 frames=16 exec_start_idx=0
MV_INFER cond=normal split=test task=ButtonUnmask ep=4 ep_seq=2 infer_seq=72 t=1136 es=0 k=0 motion_frames=- motion_emb_sha= motion_pos_sha= motion_mask= mem_order_sha= motion_cols_sha= donor=None cover=exact:0,fallback:0,cycle:0,cross_seg:0 gate=none num_steps=10 act_sha=7d1123a8fd5fdc98 infer_ms=67.2
INFO:mme_vla_suite.serving.websocket_policy_server:TIMING infer_ms=67.2
INFO:mme_vla_suite.serving.websocket_policy_server:TIMING add_buffer_ms=37.9 frames=16 exec_start_idx=0
MV_INFER cond=normal split=test task=ButtonUnmask ep=4 ep_seq=2 infer_seq=73 t=1152 es=0 k=0 motion_frames=- motion_emb_sha= motion_pos_sha= motion_mask= mem_order_sha= motion_cols_sha= donor=None cover=exact:0,fallback:0,cycle:0,cross_seg:0 gate=none num_steps=10 act_sha=27e5e8e8b4526e33 infer_ms=67.3
INFO:mme_vla_suite.serving.websocket_policy_server:TIMING infer_ms=67.3
INFO:mme_vla_suite.serving.websocket_policy_server:TIMING add_buffer_ms=37.7 frames=16 exec_start_idx=0
MV_INFER cond=normal split=test task=ButtonUnmask ep=4 ep_seq=2 infer_seq=74 t=1168 es=0 k=0 motion_frames=- motion_emb_sha= motion_pos_sha= motion_mask= mem_order_sha= motion_cols_sha= donor=None cover=exact:0,fallback:0,cycle:0,cross_seg:0 gate=none num_steps=10 act_sha=fe0803656c6ebf75 infer_ms=67.2
INFO:mme_vla_suite.serving.websocket_policy_server:TIMING infer_ms=67.2
INFO:mme_vla_suite.serving.websocket_policy_server:TIMING add_buffer_ms=37.7 frames=16 exec_start_idx=0
MV_INFER cond=normal split=test task=ButtonUnmask ep=4 ep_seq=2 infer_seq=75 t=1184 es=0 k=0 motion_frames=- motion_emb_sha= motion_pos_sha= motion_mask= mem_order_sha= motion_cols_sha= donor=None cover=exact:0,fallback:0,cycle:0,cross_seg:0 gate=none num_steps=10 act_sha=4af95d2f25145599 infer_ms=67.4
INFO:mme_vla_suite.serving.websocket_policy_server:TIMING infer_ms=67.4
INFO:mme_vla_suite.serving.websocket_policy_server:TIMING add_buffer_ms=40.1 frames=16 exec_start_idx=0
MV_INFER cond=normal split=test task=ButtonUnmask ep=4 ep_seq=2 infer_seq=76 t=1200 es=0 k=0 motion_frames=- motion_emb_sha= motion_pos_sha= motion_mask= mem_order_sha= motion_cols_sha= donor=None cover=exact:0,fallback:0,cycle:0,cross_seg:0 gate=none num_steps=10 act_sha=479a5b960741b5de infer_ms=67.1
INFO:mme_vla_suite.serving.websocket_policy_server:TIMING infer_ms=67.1
INFO:mme_vla_suite.serving.websocket_policy_server:TIMING add_buffer_ms=37.5 frames=16 exec_start_idx=0
MV_INFER cond=normal split=test task=ButtonUnmask ep=4 ep_seq=2 infer_seq=77 t=1216 es=0 k=0 motion_frames=- motion_emb_sha= motion_pos_sha= motion_mask= mem_order_sha= motion_cols_sha= donor=None cover=exact:0,fallback:0,cycle:0,cross_seg:0 gate=none num_steps=10 act_sha=15425b07bd2bea80 infer_ms=67.0
INFO:mme_vla_suite.serving.websocket_policy_server:TIMING infer_ms=67.0
INFO:mme_vla_suite.serving.websocket_policy_server:TIMING add_buffer_ms=37.5 frames=16 exec_start_idx=0
MV_INFER cond=normal split=test task=ButtonUnmask ep=4 ep_seq=2 infer_seq=78 t=1232 es=0 k=0 motion_frames=- motion_emb_sha= motion_pos_sha= motion_mask= mem_order_sha= motion_cols_sha= donor=None cover=exact:0,fallback:0,cycle:0,cross_seg:0 gate=none num_steps=10 act_sha=73634f625e827d7a infer_ms=67.1
INFO:mme_vla_suite.serving.websocket_policy_server:TIMING infer_ms=67.1
INFO:mme_vla_suite.serving.websocket_policy_server:TIMING add_buffer_ms=37.1 frames=16 exec_start_idx=0
MV_INFER cond=normal split=test task=ButtonUnmask ep=4 ep_seq=2 infer_seq=79 t=1248 es=0 k=0 motion_frames=- motion_emb_sha= motion_pos_sha= motion_mask= mem_order_sha= motion_cols_sha= donor=None cover=exact:0,fallback:0,cycle:0,cross_seg:0 gate=none num_steps=10 act_sha=fefeb1ce81933b02 infer_ms=67.0
INFO:mme_vla_suite.serving.websocket_policy_server:TIMING infer_ms=67.0
INFO:mme_vla_suite.serving.websocket_policy_server:TIMING add_buffer_ms=36.9 frames=16 exec_start_idx=0
MV_INFER cond=normal split=test task=ButtonUnmask ep=4 ep_seq=2 infer_seq=80 t=1264 es=0 k=0 motion_frames=- motion_emb_sha= motion_pos_sha= motion_mask= mem_order_sha= motion_cols_sha= donor=None cover=exact:0,fallback:0,cycle:0,cross_seg:0 gate=none num_steps=10 act_sha=c96d87c45f348534 infer_ms=67.3
INFO:mme_vla_suite.serving.websocket_policy_server:TIMING infer_ms=67.3
INFO:mme_vla_suite.serving.websocket_policy_server:TIMING add_buffer_ms=37.0 frames=16 exec_start_idx=0
MV_INFER cond=normal split=test task=ButtonUnmask ep=4 ep_seq=2 infer_seq=81 t=1280 es=0 k=0 motion_frames=- motion_emb_sha= motion_pos_sha= motion_mask= mem_order_sha= motion_cols_sha= donor=None cover=exact:0,fallback:0,cycle:0,cross_seg:0 gate=none num_steps=10 act_sha=263d9abaa59be060 infer_ms=67.0
INFO:mme_vla_suite.serving.websocket_policy_server:TIMING infer_ms=67.0
INFO:mme_vla_suite.serving.websocket_policy_server:TIMING add_buffer_ms=37.5 frames=16 exec_start_idx=0
MV_INFER cond=normal split=test task=ButtonUnmask ep=4 ep_seq=2 infer_seq=82 t=1296 es=0 k=0 motion_frames=- motion_emb_sha= motion_pos_sha= motion_mask= mem_order_sha= motion_cols_sha= donor=None cover=exact:0,fallback:0,cycle:0,cross_seg:0 gate=none num_steps=10 act_sha=a256ac9fb1677f8e infer_ms=67.6
INFO:mme_vla_suite.serving.websocket_policy_server:TIMING infer_ms=67.6
INFO:websockets.server:connection open
INFO:mme_vla_suite.serving.websocket_policy_server:Connection from ('127.0.0.1', 40844) opened
MV_EPISODE_END ep_seq=2 infers=82 windows=0 wall_s=32.2
MV_EPISODE_BEGIN cond=normal split=test seed=42 ep_seq=3 expect=ButtonUnmask:8
INFO:mme_vla_suite.serving.websocket_policy_server:TIMING add_buffer_ms=6.4 frames=1 exec_start_idx=0
MV_INFER cond=normal split=test task=ButtonUnmask ep=8 ep_seq=3 infer_seq=1 t=0 es=0 k=0 motion_frames=- motion_emb_sha= motion_pos_sha= motion_mask= mem_order_sha= motion_cols_sha= donor=None cover=exact:0,fallback:0,cycle:0,cross_seg:0 gate=none num_steps=10 act_sha=e557f986333f816e infer_ms=66.8
INFO:mme_vla_suite.serving.websocket_policy_server:TIMING infer_ms=66.8
INFO:mme_vla_suite.serving.websocket_policy_server:TIMING add_buffer_ms=38.4 frames=16 exec_start_idx=0
MV_INFER cond=normal split=test task=ButtonUnmask ep=8 ep_seq=3 infer_seq=2 t=16 es=0 k=0 motion_frames=- motion_emb_sha= motion_pos_sha= motion_mask= mem_order_sha= motion_cols_sha= donor=None cover=exact:0,fallback:0,cycle:0,cross_seg:0 gate=none num_steps=10 act_sha=d481ff3b2e83bb50 infer_ms=66.9
INFO:mme_vla_suite.serving.websocket_policy_server:TIMING infer_ms=66.9
INFO:mme_vla_suite.serving.websocket_policy_server:TIMING add_buffer_ms=37.0 frames=16 exec_start_idx=0
MV_INFER cond=normal split=test task=ButtonUnmask ep=8 ep_seq=3 infer_seq=3 t=32 es=0 k=0 motion_frames=- motion_emb_sha= motion_pos_sha= motion_mask= mem_order_sha= motion_cols_sha= donor=None cover=exact:0,fallback:0,cycle:0,cross_seg:0 gate=none num_steps=10 act_sha=030b1647c4bf291a infer_ms=72.0
INFO:mme_vla_suite.serving.websocket_policy_server:TIMING infer_ms=72.0
INFO:mme_vla_suite.serving.websocket_policy_server:TIMING add_buffer_ms=36.9 frames=16 exec_start_idx=0
MV_INFER cond=normal split=test task=ButtonUnmask ep=8 ep_seq=3 infer_seq=4 t=48 es=0 k=0 motion_frames=- motion_emb_sha= motion_pos_sha= motion_mask= mem_order_sha= motion_cols_sha= donor=None cover=exact:0,fallback:0,cycle:0,cross_seg:0 gate=none num_steps=10 act_sha=7020c11702437ef9 infer_ms=67.0
INFO:mme_vla_suite.serving.websocket_policy_server:TIMING infer_ms=67.0
INFO:mme_vla_suite.serving.websocket_policy_server:TIMING add_buffer_ms=36.9 frames=16 exec_start_idx=0
MV_INFER cond=normal split=test task=ButtonUnmask ep=8 ep_seq=3 infer_seq=5 t=64 es=0 k=0 motion_frames=- motion_emb_sha= motion_pos_sha= motion_mask= mem_order_sha= motion_cols_sha= donor=None cover=exact:0,fallback:0,cycle:0,cross_seg:0 gate=none num_steps=10 act_sha=da167c8a617b6ea1 infer_ms=67.2
INFO:mme_vla_suite.serving.websocket_policy_server:TIMING infer_ms=67.2
INFO:mme_vla_suite.serving.websocket_policy_server:TIMING add_buffer_ms=37.7 frames=16 exec_start_idx=0
MV_INFER cond=normal split=test task=ButtonUnmask ep=8 ep_seq=3 infer_seq=6 t=80 es=0 k=0 motion_frames=- motion_emb_sha= motion_pos_sha= motion_mask= mem_order_sha= motion_cols_sha= donor=None cover=exact:0,fallback:0,cycle:0,cross_seg:0 gate=none num_steps=10 act_sha=86635aa25afa0248 infer_ms=67.1
INFO:mme_vla_suite.serving.websocket_policy_server:TIMING infer_ms=67.1
INFO:mme_vla_suite.serving.websocket_policy_server:TIMING add_buffer_ms=37.3 frames=16 exec_start_idx=0
MV_INFER cond=normal split=test task=ButtonUnmask ep=8 ep_seq=3 infer_seq=7 t=96 es=0 k=0 motion_frames=- motion_emb_sha= motion_pos_sha= motion_mask= mem_order_sha= motion_cols_sha= donor=None cover=exact:0,fallback:0,cycle:0,cross_seg:0 gate=none num_steps=10 act_sha=7fdaac132670650d infer_ms=67.2
INFO:mme_vla_suite.serving.websocket_policy_server:TIMING infer_ms=67.2
INFO:mme_vla_suite.serving.websocket_policy_server:TIMING add_buffer_ms=36.9 frames=16 exec_start_idx=0
MV_INFER cond=normal split=test task=ButtonUnmask ep=8 ep_seq=3 infer_seq=8 t=112 es=0 k=0 motion_frames=- motion_emb_sha= motion_pos_sha= motion_mask= mem_order_sha= motion_cols_sha= donor=None cover=exact:0,fallback:0,cycle:0,cross_seg:0 gate=none num_steps=10 act_sha=0fcbab0070ce966f infer_ms=67.1
INFO:mme_vla_suite.serving.websocket_policy_server:TIMING infer_ms=67.1
INFO:mme_vla_suite.serving.websocket_policy_server:TIMING add_buffer_ms=36.9 frames=16 exec_start_idx=0
MV_INFER cond=normal split=test task=ButtonUnmask ep=8 ep_seq=3 infer_seq=9 t=128 es=0 k=0 motion_frames=- motion_emb_sha= motion_pos_sha= motion_mask= mem_order_sha= motion_cols_sha= donor=None cover=exact:0,fallback:0,cycle:0,cross_seg:0 gate=none num_steps=10 act_sha=ffeed172cb8b82d4 infer_ms=67.3
INFO:mme_vla_suite.serving.websocket_policy_server:TIMING infer_ms=67.3
INFO:mme_vla_suite.serving.websocket_policy_server:TIMING add_buffer_ms=36.7 frames=16 exec_start_idx=0
MV_INFER cond=normal split=test task=ButtonUnmask ep=8 ep_seq=3 infer_seq=10 t=144 es=0 k=0 motion_frames=- motion_emb_sha= motion_pos_sha= motion_mask= mem_order_sha= motion_cols_sha= donor=None cover=exact:0,fallback:0,cycle:0,cross_seg:0 gate=none num_steps=10 act_sha=224f953d482d74e9 infer_ms=66.9
INFO:mme_vla_suite.serving.websocket_policy_server:TIMING infer_ms=66.9
INFO:mme_vla_suite.serving.websocket_policy_server:TIMING add_buffer_ms=37.0 frames=16 exec_start_idx=0
MV_INFER cond=normal split=test task=ButtonUnmask ep=8 ep_seq=3 infer_seq=11 t=160 es=0 k=0 motion_frames=- motion_emb_sha= motion_pos_sha= motion_mask= mem_order_sha= motion_cols_sha= donor=None cover=exact:0,fallback:0,cycle:0,cross_seg:0 gate=none num_steps=10 act_sha=b5e09d6fcc5f5dc7 infer_ms=66.8
INFO:mme_vla_suite.serving.websocket_policy_server:TIMING infer_ms=66.8
INFO:mme_vla_suite.serving.websocket_policy_server:TIMING add_buffer_ms=36.9 frames=16 exec_start_idx=0
MV_INFER cond=normal split=test task=ButtonUnmask ep=8 ep_seq=3 infer_seq=12 t=176 es=0 k=0 motion_frames=- motion_emb_sha= motion_pos_sha= motion_mask= mem_order_sha= motion_cols_sha= donor=None cover=exact:0,fallback:0,cycle:0,cross_seg:0 gate=none num_steps=10 act_sha=13f49b7aad65e046 infer_ms=66.8
INFO:mme_vla_suite.serving.websocket_policy_server:TIMING infer_ms=66.8
INFO:mme_vla_suite.serving.websocket_policy_server:TIMING add_buffer_ms=38.4 frames=16 exec_start_idx=0
MV_INFER cond=normal split=test task=ButtonUnmask ep=8 ep_seq=3 infer_seq=13 t=192 es=0 k=0 motion_frames=- motion_emb_sha= motion_pos_sha= motion_mask= mem_order_sha= motion_cols_sha= donor=None cover=exact:0,fallback:0,cycle:0,cross_seg:0 gate=none num_steps=10 act_sha=c415578066b90e64 infer_ms=66.9
INFO:mme_vla_suite.serving.websocket_policy_server:TIMING infer_ms=66.9
INFO:mme_vla_suite.serving.websocket_policy_server:TIMING add_buffer_ms=38.6 frames=16 exec_start_idx=0
MV_INFER cond=normal split=test task=ButtonUnmask ep=8 ep_seq=3 infer_seq=14 t=208 es=0 k=0 motion_frames=- motion_emb_sha= motion_pos_sha= motion_mask= mem_order_sha= motion_cols_sha= donor=None cover=exact:0,fallback:0,cycle:0,cross_seg:0 gate=none num_steps=10 act_sha=f6f153edb14b68e7 infer_ms=66.9
INFO:mme_vla_suite.serving.websocket_policy_server:TIMING infer_ms=66.9
INFO:mme_vla_suite.serving.websocket_policy_server:TIMING add_buffer_ms=37.8 frames=16 exec_start_idx=0
MV_INFER cond=normal split=test task=ButtonUnmask ep=8 ep_seq=3 infer_seq=15 t=224 es=0 k=0 motion_frames=- motion_emb_sha= motion_pos_sha= motion_mask= mem_order_sha= motion_cols_sha= donor=None cover=exact:0,fallback:0,cycle:0,cross_seg:0 gate=none num_steps=10 act_sha=26b8c55d3bf3a677 infer_ms=67.0
INFO:mme_vla_suite.serving.websocket_policy_server:TIMING infer_ms=67.0
INFO:mme_vla_suite.serving.websocket_policy_server:TIMING add_buffer_ms=37.0 frames=16 exec_start_idx=0
MV_INFER cond=normal split=test task=ButtonUnmask ep=8 ep_seq=3 infer_seq=16 t=240 es=0 k=0 motion_frames=- motion_emb_sha= motion_pos_sha= motion_mask= mem_order_sha= motion_cols_sha= donor=None cover=exact:0,fallback:0,cycle:0,cross_seg:0 gate=none num_steps=10 act_sha=8e03e904cfa846f0 infer_ms=66.8
INFO:mme_vla_suite.serving.websocket_policy_server:TIMING infer_ms=66.8
INFO:mme_vla_suite.serving.websocket_policy_server:TIMING add_buffer_ms=36.9 frames=16 exec_start_idx=0
MV_INFER cond=normal split=test task=ButtonUnmask ep=8 ep_seq=3 infer_seq=17 t=256 es=0 k=0 motion_frames=- motion_emb_sha= motion_pos_sha= motion_mask= mem_order_sha= motion_cols_sha= donor=None cover=exact:0,fallback:0,cycle:0,cross_seg:0 gate=none num_steps=10 act_sha=f3613479bd887681 infer_ms=66.9
INFO:mme_vla_suite.serving.websocket_policy_server:TIMING infer_ms=66.9
INFO:mme_vla_suite.serving.websocket_policy_server:TIMING add_buffer_ms=37.1 frames=16 exec_start_idx=0
MV_INFER cond=normal split=test task=ButtonUnmask ep=8 ep_seq=3 infer_seq=18 t=272 es=0 k=0 motion_frames=- motion_emb_sha= motion_pos_sha= motion_mask= mem_order_sha= motion_cols_sha= donor=None cover=exact:0,fallback:0,cycle:0,cross_seg:0 gate=none num_steps=10 act_sha=7b7d7be00888d435 infer_ms=66.8
INFO:mme_vla_suite.serving.websocket_policy_server:TIMING infer_ms=66.8
INFO:mme_vla_suite.serving.websocket_policy_server:TIMING add_buffer_ms=36.7 frames=16 exec_start_idx=0
MV_INFER cond=normal split=test task=ButtonUnmask ep=8 ep_seq=3 infer_seq=19 t=288 es=0 k=0 motion_frames=- motion_emb_sha= motion_pos_sha= motion_mask= mem_order_sha= motion_cols_sha= donor=None cover=exact:0,fallback:0,cycle:0,cross_seg:0 gate=none num_steps=10 act_sha=3d57278d734c9e8d infer_ms=67.3
INFO:mme_vla_suite.serving.websocket_policy_server:TIMING infer_ms=67.3
INFO:mme_vla_suite.serving.websocket_policy_server:TIMING add_buffer_ms=36.7 frames=16 exec_start_idx=0
MV_INFER cond=normal split=test task=ButtonUnmask ep=8 ep_seq=3 infer_seq=20 t=304 es=0 k=0 motion_frames=- motion_emb_sha= motion_pos_sha= motion_mask= mem_order_sha= motion_cols_sha= donor=None cover=exact:0,fallback:0,cycle:0,cross_seg:0 gate=none num_steps=10 act_sha=238488434a3b835c infer_ms=66.9
INFO:mme_vla_suite.serving.websocket_policy_server:TIMING infer_ms=66.9
INFO:mme_vla_suite.serving.websocket_policy_server:TIMING add_buffer_ms=36.9 frames=16 exec_start_idx=0
MV_INFER cond=normal split=test task=ButtonUnmask ep=8 ep_seq=3 infer_seq=21 t=320 es=0 k=0 motion_frames=- motion_emb_sha= motion_pos_sha= motion_mask= mem_order_sha= motion_cols_sha= donor=None cover=exact:0,fallback:0,cycle:0,cross_seg:0 gate=none num_steps=10 act_sha=51189caea20a980b infer_ms=66.9
INFO:mme_vla_suite.serving.websocket_policy_server:TIMING infer_ms=66.9
INFO:mme_vla_suite.serving.websocket_policy_server:TIMING add_buffer_ms=36.8 frames=16 exec_start_idx=0
MV_INFER cond=normal split=test task=ButtonUnmask ep=8 ep_seq=3 infer_seq=22 t=336 es=0 k=0 motion_frames=- motion_emb_sha= motion_pos_sha= motion_mask= mem_order_sha= motion_cols_sha= donor=None cover=exact:0,fallback:0,cycle:0,cross_seg:0 gate=none num_steps=10 act_sha=664563d7fef7a2db infer_ms=67.0
INFO:mme_vla_suite.serving.websocket_policy_server:TIMING infer_ms=67.0
INFO:mme_vla_suite.serving.websocket_policy_server:TIMING add_buffer_ms=37.1 frames=16 exec_start_idx=0
MV_INFER cond=normal split=test task=ButtonUnmask ep=8 ep_seq=3 infer_seq=23 t=352 es=0 k=0 motion_frames=- motion_emb_sha= motion_pos_sha= motion_mask= mem_order_sha= motion_cols_sha= donor=None cover=exact:0,fallback:0,cycle:0,cross_seg:0 gate=none num_steps=10 act_sha=0f771db03f7515c5 infer_ms=67.2
INFO:mme_vla_suite.serving.websocket_policy_server:TIMING infer_ms=67.2
INFO:mme_vla_suite.serving.websocket_policy_server:TIMING add_buffer_ms=36.6 frames=16 exec_start_idx=0
MV_INFER cond=normal split=test task=ButtonUnmask ep=8 ep_seq=3 infer_seq=24 t=368 es=0 k=0 motion_frames=- motion_emb_sha= motion_pos_sha= motion_mask= mem_order_sha= motion_cols_sha= donor=None cover=exact:0,fallback:0,cycle:0,cross_seg:0 gate=none num_steps=10 act_sha=e5c9d1422ba1b8bf infer_ms=66.7
INFO:mme_vla_suite.serving.websocket_policy_server:TIMING infer_ms=66.7
INFO:mme_vla_suite.serving.websocket_policy_server:TIMING add_buffer_ms=37.2 frames=16 exec_start_idx=0
MV_INFER cond=normal split=test task=ButtonUnmask ep=8 ep_seq=3 infer_seq=25 t=384 es=0 k=0 motion_frames=- motion_emb_sha= motion_pos_sha= motion_mask= mem_order_sha= motion_cols_sha= donor=None cover=exact:0,fallback:0,cycle:0,cross_seg:0 gate=none num_steps=10 act_sha=11e38bac6fc0db97 infer_ms=67.0
INFO:mme_vla_suite.serving.websocket_policy_server:TIMING infer_ms=67.0
INFO:mme_vla_suite.serving.websocket_policy_server:TIMING add_buffer_ms=37.3 frames=16 exec_start_idx=0
MV_INFER cond=normal split=test task=ButtonUnmask ep=8 ep_seq=3 infer_seq=26 t=400 es=0 k=0 motion_frames=- motion_emb_sha= motion_pos_sha= motion_mask= mem_order_sha= motion_cols_sha= donor=None cover=exact:0,fallback:0,cycle:0,cross_seg:0 gate=none num_steps=10 act_sha=5af8b43ebbf17d62 infer_ms=67.1
INFO:mme_vla_suite.serving.websocket_policy_server:TIMING infer_ms=67.1
INFO:mme_vla_suite.serving.websocket_policy_server:TIMING add_buffer_ms=37.5 frames=16 exec_start_idx=0
MV_INFER cond=normal split=test task=ButtonUnmask ep=8 ep_seq=3 infer_seq=27 t=416 es=0 k=0 motion_frames=- motion_emb_sha= motion_pos_sha= motion_mask= mem_order_sha= motion_cols_sha= donor=None cover=exact:0,fallback:0,cycle:0,cross_seg:0 gate=none num_steps=10 act_sha=3135b66ee6660c1d infer_ms=67.0
INFO:mme_vla_suite.serving.websocket_policy_server:TIMING infer_ms=67.0
INFO:mme_vla_suite.serving.websocket_policy_server:TIMING add_buffer_ms=36.7 frames=16 exec_start_idx=0
MV_INFER cond=normal split=test task=ButtonUnmask ep=8 ep_seq=3 infer_seq=28 t=432 es=0 k=0 motion_frames=- motion_emb_sha= motion_pos_sha= motion_mask= mem_order_sha= motion_cols_sha= donor=None cover=exact:0,fallback:0,cycle:0,cross_seg:0 gate=none num_steps=10 act_sha=422e41188944b03f infer_ms=66.9
INFO:mme_vla_suite.serving.websocket_policy_server:TIMING infer_ms=66.9
INFO:mme_vla_suite.serving.websocket_policy_server:TIMING add_buffer_ms=37.3 frames=16 exec_start_idx=0
MV_INFER cond=normal split=test task=ButtonUnmask ep=8 ep_seq=3 infer_seq=29 t=448 es=0 k=0 motion_frames=- motion_emb_sha= motion_pos_sha= motion_mask= mem_order_sha= motion_cols_sha= donor=None cover=exact:0,fallback:0,cycle:0,cross_seg:0 gate=none num_steps=10 act_sha=fe88dcd28d0cf93e infer_ms=66.9
INFO:mme_vla_suite.serving.websocket_policy_server:TIMING infer_ms=66.9
INFO:mme_vla_suite.serving.websocket_policy_server:TIMING add_buffer_ms=36.8 frames=16 exec_start_idx=0
MV_INFER cond=normal split=test task=ButtonUnmask ep=8 ep_seq=3 infer_seq=30 t=464 es=0 k=0 motion_frames=- motion_emb_sha= motion_pos_sha= motion_mask= mem_order_sha= motion_cols_sha= donor=None cover=exact:0,fallback:0,cycle:0,cross_seg:0 gate=none num_steps=10 act_sha=11cbbfefcf203b5c infer_ms=66.9
INFO:mme_vla_suite.serving.websocket_policy_server:TIMING infer_ms=66.9
INFO:mme_vla_suite.serving.websocket_policy_server:TIMING add_buffer_ms=37.4 frames=16 exec_start_idx=0
MV_INFER cond=normal split=test task=ButtonUnmask ep=8 ep_seq=3 infer_seq=31 t=480 es=0 k=0 motion_frames=- motion_emb_sha= motion_pos_sha= motion_mask= mem_order_sha= motion_cols_sha= donor=None cover=exact:0,fallback:0,cycle:0,cross_seg:0 gate=none num_steps=10 act_sha=adfb6aeb9fc58271 infer_ms=67.1
INFO:mme_vla_suite.serving.websocket_policy_server:TIMING infer_ms=67.1
INFO:mme_vla_suite.serving.websocket_policy_server:TIMING add_buffer_ms=37.4 frames=16 exec_start_idx=0
MV_INFER cond=normal split=test task=ButtonUnmask ep=8 ep_seq=3 infer_seq=32 t=496 es=0 k=0 motion_frames=- motion_emb_sha= motion_pos_sha= motion_mask= mem_order_sha= motion_cols_sha= donor=None cover=exact:0,fallback:0,cycle:0,cross_seg:0 gate=none num_steps=10 act_sha=4c6efae1f415372a infer_ms=67.2
INFO:mme_vla_suite.serving.websocket_policy_server:TIMING infer_ms=67.2
INFO:mme_vla_suite.serving.websocket_policy_server:TIMING add_buffer_ms=36.9 frames=16 exec_start_idx=0
MV_INFER cond=normal split=test task=ButtonUnmask ep=8 ep_seq=3 infer_seq=33 t=512 es=0 k=0 motion_frames=- motion_emb_sha= motion_pos_sha= motion_mask= mem_order_sha= motion_cols_sha= donor=None cover=exact:0,fallback:0,cycle:0,cross_seg:0 gate=none num_steps=10 act_sha=69cfa6359bf66fff infer_ms=67.2
INFO:mme_vla_suite.serving.websocket_policy_server:TIMING infer_ms=67.2
INFO:mme_vla_suite.serving.websocket_policy_server:TIMING add_buffer_ms=36.7 frames=16 exec_start_idx=0
MV_INFER cond=normal split=test task=ButtonUnmask ep=8 ep_seq=3 infer_seq=34 t=528 es=0 k=0 motion_frames=- motion_emb_sha= motion_pos_sha= motion_mask= mem_order_sha= motion_cols_sha= donor=None cover=exact:0,fallback:0,cycle:0,cross_seg:0 gate=none num_steps=10 act_sha=83cfe17cccb830a7 infer_ms=67.1
INFO:mme_vla_suite.serving.websocket_policy_server:TIMING infer_ms=67.1
INFO:mme_vla_suite.serving.websocket_policy_server:TIMING add_buffer_ms=36.9 frames=16 exec_start_idx=0
MV_INFER cond=normal split=test task=ButtonUnmask ep=8 ep_seq=3 infer_seq=35 t=544 es=0 k=0 motion_frames=- motion_emb_sha= motion_pos_sha= motion_mask= mem_order_sha= motion_cols_sha= donor=None cover=exact:0,fallback:0,cycle:0,cross_seg:0 gate=none num_steps=10 act_sha=20db0601e00c3d19 infer_ms=67.0
INFO:mme_vla_suite.serving.websocket_policy_server:TIMING infer_ms=67.0
INFO:mme_vla_suite.serving.websocket_policy_server:TIMING add_buffer_ms=36.5 frames=16 exec_start_idx=0
MV_INFER cond=normal split=test task=ButtonUnmask ep=8 ep_seq=3 infer_seq=36 t=560 es=0 k=0 motion_frames=- motion_emb_sha= motion_pos_sha= motion_mask= mem_order_sha= motion_cols_sha= donor=None cover=exact:0,fallback:0,cycle:0,cross_seg:0 gate=none num_steps=10 act_sha=11e7a83f331e1d49 infer_ms=66.8
INFO:mme_vla_suite.serving.websocket_policy_server:TIMING infer_ms=66.8
INFO:mme_vla_suite.serving.websocket_policy_server:TIMING add_buffer_ms=37.1 frames=16 exec_start_idx=0
MV_INFER cond=normal split=test task=ButtonUnmask ep=8 ep_seq=3 infer_seq=37 t=576 es=0 k=0 motion_frames=- motion_emb_sha= motion_pos_sha= motion_mask= mem_order_sha= motion_cols_sha= donor=None cover=exact:0,fallback:0,cycle:0,cross_seg:0 gate=none num_steps=10 act_sha=65860e8b5f072f47 infer_ms=67.0
INFO:mme_vla_suite.serving.websocket_policy_server:TIMING infer_ms=67.0
INFO:mme_vla_suite.serving.websocket_policy_server:TIMING add_buffer_ms=36.5 frames=16 exec_start_idx=0
MV_INFER cond=normal split=test task=ButtonUnmask ep=8 ep_seq=3 infer_seq=38 t=592 es=0 k=0 motion_frames=- motion_emb_sha= motion_pos_sha= motion_mask= mem_order_sha= motion_cols_sha= donor=None cover=exact:0,fallback:0,cycle:0,cross_seg:0 gate=none num_steps=10 act_sha=e41abf0357aae08e infer_ms=67.1
INFO:mme_vla_suite.serving.websocket_policy_server:TIMING infer_ms=67.1
INFO:mme_vla_suite.serving.websocket_policy_server:TIMING add_buffer_ms=37.1 frames=16 exec_start_idx=0
MV_INFER cond=normal split=test task=ButtonUnmask ep=8 ep_seq=3 infer_seq=39 t=608 es=0 k=0 motion_frames=- motion_emb_sha= motion_pos_sha= motion_mask= mem_order_sha= motion_cols_sha= donor=None cover=exact:0,fallback:0,cycle:0,cross_seg:0 gate=none num_steps=10 act_sha=ed1a2080fa0066cc infer_ms=67.2
INFO:mme_vla_suite.serving.websocket_policy_server:TIMING infer_ms=67.2
INFO:mme_vla_suite.serving.websocket_policy_server:TIMING add_buffer_ms=36.9 frames=16 exec_start_idx=0
MV_INFER cond=normal split=test task=ButtonUnmask ep=8 ep_seq=3 infer_seq=40 t=624 es=0 k=0 motion_frames=- motion_emb_sha= motion_pos_sha= motion_mask= mem_order_sha= motion_cols_sha= donor=None cover=exact:0,fallback:0,cycle:0,cross_seg:0 gate=none num_steps=10 act_sha=cc85524eae9ac19e infer_ms=66.9
INFO:mme_vla_suite.serving.websocket_policy_server:TIMING infer_ms=66.9
INFO:mme_vla_suite.serving.websocket_policy_server:TIMING add_buffer_ms=37.1 frames=16 exec_start_idx=0
MV_INFER cond=normal split=test task=ButtonUnmask ep=8 ep_seq=3 infer_seq=41 t=640 es=0 k=0 motion_frames=- motion_emb_sha= motion_pos_sha= motion_mask= mem_order_sha= motion_cols_sha= donor=None cover=exact:0,fallback:0,cycle:0,cross_seg:0 gate=none num_steps=10 act_sha=11e24447002c75d1 infer_ms=66.9
INFO:mme_vla_suite.serving.websocket_policy_server:TIMING infer_ms=66.9
INFO:mme_vla_suite.serving.websocket_policy_server:TIMING add_buffer_ms=37.1 frames=16 exec_start_idx=0
MV_INFER cond=normal split=test task=ButtonUnmask ep=8 ep_seq=3 infer_seq=42 t=656 es=0 k=0 motion_frames=- motion_emb_sha= motion_pos_sha= motion_mask= mem_order_sha= motion_cols_sha= donor=None cover=exact:0,fallback:0,cycle:0,cross_seg:0 gate=none num_steps=10 act_sha=42a69b3e3d4e0533 infer_ms=67.0
INFO:mme_vla_suite.serving.websocket_policy_server:TIMING infer_ms=67.0
INFO:mme_vla_suite.serving.websocket_policy_server:TIMING add_buffer_ms=36.7 frames=16 exec_start_idx=0
MV_INFER cond=normal split=test task=ButtonUnmask ep=8 ep_seq=3 infer_seq=43 t=672 es=0 k=0 motion_frames=- motion_emb_sha= motion_pos_sha= motion_mask= mem_order_sha= motion_cols_sha= donor=None cover=exact:0,fallback:0,cycle:0,cross_seg:0 gate=none num_steps=10 act_sha=888ee58e9c73b343 infer_ms=67.3
INFO:mme_vla_suite.serving.websocket_policy_server:TIMING infer_ms=67.3
INFO:mme_vla_suite.serving.websocket_policy_server:TIMING add_buffer_ms=37.0 frames=16 exec_start_idx=0
MV_INFER cond=normal split=test task=ButtonUnmask ep=8 ep_seq=3 infer_seq=44 t=688 es=0 k=0 motion_frames=- motion_emb_sha= motion_pos_sha= motion_mask= mem_order_sha= motion_cols_sha= donor=None cover=exact:0,fallback:0,cycle:0,cross_seg:0 gate=none num_steps=10 act_sha=c91eee10a3b5e365 infer_ms=67.1
INFO:mme_vla_suite.serving.websocket_policy_server:TIMING infer_ms=67.1
INFO:mme_vla_suite.serving.websocket_policy_server:TIMING add_buffer_ms=36.9 frames=16 exec_start_idx=0
MV_INFER cond=normal split=test task=ButtonUnmask ep=8 ep_seq=3 infer_seq=45 t=704 es=0 k=0 motion_frames=- motion_emb_sha= motion_pos_sha= motion_mask= mem_order_sha= motion_cols_sha= donor=None cover=exact:0,fallback:0,cycle:0,cross_seg:0 gate=none num_steps=10 act_sha=5e5813b75d78f0a2 infer_ms=67.2
INFO:mme_vla_suite.serving.websocket_policy_server:TIMING infer_ms=67.2
INFO:mme_vla_suite.serving.websocket_policy_server:TIMING add_buffer_ms=37.2 frames=16 exec_start_idx=0
MV_INFER cond=normal split=test task=ButtonUnmask ep=8 ep_seq=3 infer_seq=46 t=720 es=0 k=0 motion_frames=- motion_emb_sha= motion_pos_sha= motion_mask= mem_order_sha= motion_cols_sha= donor=None cover=exact:0,fallback:0,cycle:0,cross_seg:0 gate=none num_steps=10 act_sha=be654a1d4b8dc243 infer_ms=66.9
INFO:mme_vla_suite.serving.websocket_policy_server:TIMING infer_ms=66.9
INFO:mme_vla_suite.serving.websocket_policy_server:TIMING add_buffer_ms=39.0 frames=16 exec_start_idx=0
MV_INFER cond=normal split=test task=ButtonUnmask ep=8 ep_seq=3 infer_seq=47 t=736 es=0 k=0 motion_frames=- motion_emb_sha= motion_pos_sha= motion_mask= mem_order_sha= motion_cols_sha= donor=None cover=exact:0,fallback:0,cycle:0,cross_seg:0 gate=none num_steps=10 act_sha=1dbcef1642a0ed83 infer_ms=67.2
INFO:mme_vla_suite.serving.websocket_policy_server:TIMING infer_ms=67.2
INFO:mme_vla_suite.serving.websocket_policy_server:TIMING add_buffer_ms=37.0 frames=16 exec_start_idx=0
MV_INFER cond=normal split=test task=ButtonUnmask ep=8 ep_seq=3 infer_seq=48 t=752 es=0 k=0 motion_frames=- motion_emb_sha= motion_pos_sha= motion_mask= mem_order_sha= motion_cols_sha= donor=None cover=exact:0,fallback:0,cycle:0,cross_seg:0 gate=none num_steps=10 act_sha=a2d0a91d98af84ef infer_ms=67.2
INFO:mme_vla_suite.serving.websocket_policy_server:TIMING infer_ms=67.2
INFO:mme_vla_suite.serving.websocket_policy_server:TIMING add_buffer_ms=38.9 frames=16 exec_start_idx=0
MV_INFER cond=normal split=test task=ButtonUnmask ep=8 ep_seq=3 infer_seq=49 t=768 es=0 k=0 motion_frames=- motion_emb_sha= motion_pos_sha= motion_mask= mem_order_sha= motion_cols_sha= donor=None cover=exact:0,fallback:0,cycle:0,cross_seg:0 gate=none num_steps=10 act_sha=b4404dd828d2c8e4 infer_ms=66.9
INFO:mme_vla_suite.serving.websocket_policy_server:TIMING infer_ms=66.9
INFO:mme_vla_suite.serving.websocket_policy_server:TIMING add_buffer_ms=40.7 frames=16 exec_start_idx=0
MV_INFER cond=normal split=test task=ButtonUnmask ep=8 ep_seq=3 infer_seq=50 t=784 es=0 k=0 motion_frames=- motion_emb_sha= motion_pos_sha= motion_mask= mem_order_sha= motion_cols_sha= donor=None cover=exact:0,fallback:0,cycle:0,cross_seg:0 gate=none num_steps=10 act_sha=d026a32d8d267430 infer_ms=67.2
INFO:mme_vla_suite.serving.websocket_policy_server:TIMING infer_ms=67.2
INFO:mme_vla_suite.serving.websocket_policy_server:TIMING add_buffer_ms=39.8 frames=16 exec_start_idx=0
MV_INFER cond=normal split=test task=ButtonUnmask ep=8 ep_seq=3 infer_seq=51 t=800 es=0 k=0 motion_frames=- motion_emb_sha= motion_pos_sha= motion_mask= mem_order_sha= motion_cols_sha= donor=None cover=exact:0,fallback:0,cycle:0,cross_seg:0 gate=none num_steps=10 act_sha=8147e9e0b56e770d infer_ms=67.0
INFO:mme_vla_suite.serving.websocket_policy_server:TIMING infer_ms=67.0
INFO:mme_vla_suite.serving.websocket_policy_server:TIMING add_buffer_ms=37.9 frames=16 exec_start_idx=0
MV_INFER cond=normal split=test task=ButtonUnmask ep=8 ep_seq=3 infer_seq=52 t=816 es=0 k=0 motion_frames=- motion_emb_sha= motion_pos_sha= motion_mask= mem_order_sha= motion_cols_sha= donor=None cover=exact:0,fallback:0,cycle:0,cross_seg:0 gate=none num_steps=10 act_sha=3b7cfdea6afbe9bc infer_ms=67.1
INFO:mme_vla_suite.serving.websocket_policy_server:TIMING infer_ms=67.1
INFO:mme_vla_suite.serving.websocket_policy_server:TIMING add_buffer_ms=37.0 frames=16 exec_start_idx=0
MV_INFER cond=normal split=test task=ButtonUnmask ep=8 ep_seq=3 infer_seq=53 t=832 es=0 k=0 motion_frames=- motion_emb_sha= motion_pos_sha= motion_mask= mem_order_sha= motion_cols_sha= donor=None cover=exact:0,fallback:0,cycle:0,cross_seg:0 gate=none num_steps=10 act_sha=9346c635e2481aac infer_ms=67.0
INFO:mme_vla_suite.serving.websocket_policy_server:TIMING infer_ms=67.0
INFO:mme_vla_suite.serving.websocket_policy_server:TIMING add_buffer_ms=37.1 frames=16 exec_start_idx=0
MV_INFER cond=normal split=test task=ButtonUnmask ep=8 ep_seq=3 infer_seq=54 t=848 es=0 k=0 motion_frames=- motion_emb_sha= motion_pos_sha= motion_mask= mem_order_sha= motion_cols_sha= donor=None cover=exact:0,fallback:0,cycle:0,cross_seg:0 gate=none num_steps=10 act_sha=45a57adcc8aa95b7 infer_ms=67.2
INFO:mme_vla_suite.serving.websocket_policy_server:TIMING infer_ms=67.2
INFO:mme_vla_suite.serving.websocket_policy_server:TIMING add_buffer_ms=37.4 frames=16 exec_start_idx=0
MV_INFER cond=normal split=test task=ButtonUnmask ep=8 ep_seq=3 infer_seq=55 t=864 es=0 k=0 motion_frames=- motion_emb_sha= motion_pos_sha= motion_mask= mem_order_sha= motion_cols_sha= donor=None cover=exact:0,fallback:0,cycle:0,cross_seg:0 gate=none num_steps=10 act_sha=b5477954a88482d2 infer_ms=67.2
INFO:mme_vla_suite.serving.websocket_policy_server:TIMING infer_ms=67.2
INFO:mme_vla_suite.serving.websocket_policy_server:TIMING add_buffer_ms=37.4 frames=16 exec_start_idx=0
MV_INFER cond=normal split=test task=ButtonUnmask ep=8 ep_seq=3 infer_seq=56 t=880 es=0 k=0 motion_frames=- motion_emb_sha= motion_pos_sha= motion_mask= mem_order_sha= motion_cols_sha= donor=None cover=exact:0,fallback:0,cycle:0,cross_seg:0 gate=none num_steps=10 act_sha=5ad410a7b3ec8e46 infer_ms=66.7
INFO:mme_vla_suite.serving.websocket_policy_server:TIMING infer_ms=66.7
INFO:mme_vla_suite.serving.websocket_policy_server:TIMING add_buffer_ms=37.5 frames=16 exec_start_idx=0
MV_INFER cond=normal split=test task=ButtonUnmask ep=8 ep_seq=3 infer_seq=57 t=896 es=0 k=0 motion_frames=- motion_emb_sha= motion_pos_sha= motion_mask= mem_order_sha= motion_cols_sha= donor=None cover=exact:0,fallback:0,cycle:0,cross_seg:0 gate=none num_steps=10 act_sha=0a3dfe415324ac03 infer_ms=67.1
INFO:mme_vla_suite.serving.websocket_policy_server:TIMING infer_ms=67.1
INFO:mme_vla_suite.serving.websocket_policy_server:TIMING add_buffer_ms=37.6 frames=16 exec_start_idx=0
MV_INFER cond=normal split=test task=ButtonUnmask ep=8 ep_seq=3 infer_seq=58 t=912 es=0 k=0 motion_frames=- motion_emb_sha= motion_pos_sha= motion_mask= mem_order_sha= motion_cols_sha= donor=None cover=exact:0,fallback:0,cycle:0,cross_seg:0 gate=none num_steps=10 act_sha=adf9d4b9ef35fd75 infer_ms=66.9
INFO:mme_vla_suite.serving.websocket_policy_server:TIMING infer_ms=66.9
INFO:mme_vla_suite.serving.websocket_policy_server:TIMING add_buffer_ms=37.6 frames=16 exec_start_idx=0
MV_INFER cond=normal split=test task=ButtonUnmask ep=8 ep_seq=3 infer_seq=59 t=928 es=0 k=0 motion_frames=- motion_emb_sha= motion_pos_sha= motion_mask= mem_order_sha= motion_cols_sha= donor=None cover=exact:0,fallback:0,cycle:0,cross_seg:0 gate=none num_steps=10 act_sha=11b324af622de317 infer_ms=67.1
INFO:mme_vla_suite.serving.websocket_policy_server:TIMING infer_ms=67.1
INFO:mme_vla_suite.serving.websocket_policy_server:TIMING add_buffer_ms=37.9 frames=16 exec_start_idx=0
MV_INFER cond=normal split=test task=ButtonUnmask ep=8 ep_seq=3 infer_seq=60 t=944 es=0 k=0 motion_frames=- motion_emb_sha= motion_pos_sha= motion_mask= mem_order_sha= motion_cols_sha= donor=None cover=exact:0,fallback:0,cycle:0,cross_seg:0 gate=none num_steps=10 act_sha=ddc4e8b60d70b5ef infer_ms=66.9
INFO:mme_vla_suite.serving.websocket_policy_server:TIMING infer_ms=66.9
INFO:mme_vla_suite.serving.websocket_policy_server:TIMING add_buffer_ms=37.2 frames=16 exec_start_idx=0
MV_INFER cond=normal split=test task=ButtonUnmask ep=8 ep_seq=3 infer_seq=61 t=960 es=0 k=0 motion_frames=- motion_emb_sha= motion_pos_sha= motion_mask= mem_order_sha= motion_cols_sha= donor=None cover=exact:0,fallback:0,cycle:0,cross_seg:0 gate=none num_steps=10 act_sha=1b816074fb54ca07 infer_ms=67.0
INFO:mme_vla_suite.serving.websocket_policy_server:TIMING infer_ms=67.0
INFO:mme_vla_suite.serving.websocket_policy_server:TIMING add_buffer_ms=36.9 frames=16 exec_start_idx=0
MV_INFER cond=normal split=test task=ButtonUnmask ep=8 ep_seq=3 infer_seq=62 t=976 es=0 k=0 motion_frames=- motion_emb_sha= motion_pos_sha= motion_mask= mem_order_sha= motion_cols_sha= donor=None cover=exact:0,fallback:0,cycle:0,cross_seg:0 gate=none num_steps=10 act_sha=7619afc147eab33e infer_ms=66.8
INFO:mme_vla_suite.serving.websocket_policy_server:TIMING infer_ms=66.8
INFO:mme_vla_suite.serving.websocket_policy_server:TIMING add_buffer_ms=36.8 frames=16 exec_start_idx=0
MV_INFER cond=normal split=test task=ButtonUnmask ep=8 ep_seq=3 infer_seq=63 t=992 es=0 k=0 motion_frames=- motion_emb_sha= motion_pos_sha= motion_mask= mem_order_sha= motion_cols_sha= donor=None cover=exact:0,fallback:0,cycle:0,cross_seg:0 gate=none num_steps=10 act_sha=81a88706da7b27b0 infer_ms=66.7
INFO:mme_vla_suite.serving.websocket_policy_server:TIMING infer_ms=66.7
INFO:mme_vla_suite.serving.websocket_policy_server:TIMING add_buffer_ms=37.4 frames=16 exec_start_idx=0
MV_INFER cond=normal split=test task=ButtonUnmask ep=8 ep_seq=3 infer_seq=64 t=1008 es=0 k=0 motion_frames=- motion_emb_sha= motion_pos_sha= motion_mask= mem_order_sha= motion_cols_sha= donor=None cover=exact:0,fallback:0,cycle:0,cross_seg:0 gate=none num_steps=10 act_sha=6f504527e0050832 infer_ms=67.0
INFO:mme_vla_suite.serving.websocket_policy_server:TIMING infer_ms=67.0
INFO:mme_vla_suite.serving.websocket_policy_server:TIMING add_buffer_ms=36.8 frames=16 exec_start_idx=0
MV_INFER cond=normal split=test task=ButtonUnmask ep=8 ep_seq=3 infer_seq=65 t=1024 es=0 k=0 motion_frames=- motion_emb_sha= motion_pos_sha= motion_mask= mem_order_sha= motion_cols_sha= donor=None cover=exact:0,fallback:0,cycle:0,cross_seg:0 gate=none num_steps=10 act_sha=9d4e579d22a17a85 infer_ms=66.9
INFO:mme_vla_suite.serving.websocket_policy_server:TIMING infer_ms=66.9
INFO:mme_vla_suite.serving.websocket_policy_server:TIMING add_buffer_ms=37.0 frames=16 exec_start_idx=0
MV_INFER cond=normal split=test task=ButtonUnmask ep=8 ep_seq=3 infer_seq=66 t=1040 es=0 k=0 motion_frames=- motion_emb_sha= motion_pos_sha= motion_mask= mem_order_sha= motion_cols_sha= donor=None cover=exact:0,fallback:0,cycle:0,cross_seg:0 gate=none num_steps=10 act_sha=fdbe3c86e5b8bf94 infer_ms=67.2
INFO:mme_vla_suite.serving.websocket_policy_server:TIMING infer_ms=67.2
INFO:mme_vla_suite.serving.websocket_policy_server:TIMING add_buffer_ms=36.8 frames=16 exec_start_idx=0
MV_INFER cond=normal split=test task=ButtonUnmask ep=8 ep_seq=3 infer_seq=67 t=1056 es=0 k=0 motion_frames=- motion_emb_sha= motion_pos_sha= motion_mask= mem_order_sha= motion_cols_sha= donor=None cover=exact:0,fallback:0,cycle:0,cross_seg:0 gate=none num_steps=10 act_sha=8ddde1c51a2709af infer_ms=66.9
INFO:mme_vla_suite.serving.websocket_policy_server:TIMING infer_ms=66.9
INFO:mme_vla_suite.serving.websocket_policy_server:TIMING add_buffer_ms=36.8 frames=16 exec_start_idx=0
MV_INFER cond=normal split=test task=ButtonUnmask ep=8 ep_seq=3 infer_seq=68 t=1072 es=0 k=0 motion_frames=- motion_emb_sha= motion_pos_sha= motion_mask= mem_order_sha= motion_cols_sha= donor=None cover=exact:0,fallback:0,cycle:0,cross_seg:0 gate=none num_steps=10 act_sha=27c2452a3fa49caa infer_ms=67.1
INFO:mme_vla_suite.serving.websocket_policy_server:TIMING infer_ms=67.1
INFO:mme_vla_suite.serving.websocket_policy_server:TIMING add_buffer_ms=37.0 frames=16 exec_start_idx=0
MV_INFER cond=normal split=test task=ButtonUnmask ep=8 ep_seq=3 infer_seq=69 t=1088 es=0 k=0 motion_frames=- motion_emb_sha= motion_pos_sha= motion_mask= mem_order_sha= motion_cols_sha= donor=None cover=exact:0,fallback:0,cycle:0,cross_seg:0 gate=none num_steps=10 act_sha=f07144ac80b9df22 infer_ms=67.3
INFO:mme_vla_suite.serving.websocket_policy_server:TIMING infer_ms=67.3
INFO:mme_vla_suite.serving.websocket_policy_server:TIMING add_buffer_ms=36.6 frames=16 exec_start_idx=0
MV_INFER cond=normal split=test task=ButtonUnmask ep=8 ep_seq=3 infer_seq=70 t=1104 es=0 k=0 motion_frames=- motion_emb_sha= motion_pos_sha= motion_mask= mem_order_sha= motion_cols_sha= donor=None cover=exact:0,fallback:0,cycle:0,cross_seg:0 gate=none num_steps=10 act_sha=a6c8fb10f487c598 infer_ms=66.9
INFO:mme_vla_suite.serving.websocket_policy_server:TIMING infer_ms=66.9
INFO:mme_vla_suite.serving.websocket_policy_server:TIMING add_buffer_ms=36.6 frames=16 exec_start_idx=0
MV_INFER cond=normal split=test task=ButtonUnmask ep=8 ep_seq=3 infer_seq=71 t=1120 es=0 k=0 motion_frames=- motion_emb_sha= motion_pos_sha= motion_mask= mem_order_sha= motion_cols_sha= donor=None cover=exact:0,fallback:0,cycle:0,cross_seg:0 gate=none num_steps=10 act_sha=bee0f831d1b3d1ac infer_ms=67.1
INFO:mme_vla_suite.serving.websocket_policy_server:TIMING infer_ms=67.1
INFO:mme_vla_suite.serving.websocket_policy_server:TIMING add_buffer_ms=36.7 frames=16 exec_start_idx=0
MV_INFER cond=normal split=test task=ButtonUnmask ep=8 ep_seq=3 infer_seq=72 t=1136 es=0 k=0 motion_frames=- motion_emb_sha= motion_pos_sha= motion_mask= mem_order_sha= motion_cols_sha= donor=None cover=exact:0,fallback:0,cycle:0,cross_seg:0 gate=none num_steps=10 act_sha=3726b2f4bfcac4dd infer_ms=67.1
INFO:mme_vla_suite.serving.websocket_policy_server:TIMING infer_ms=67.1
INFO:mme_vla_suite.serving.websocket_policy_server:TIMING add_buffer_ms=37.0 frames=16 exec_start_idx=0
MV_INFER cond=normal split=test task=ButtonUnmask ep=8 ep_seq=3 infer_seq=73 t=1152 es=0 k=0 motion_frames=- motion_emb_sha= motion_pos_sha= motion_mask= mem_order_sha= motion_cols_sha= donor=None cover=exact:0,fallback:0,cycle:0,cross_seg:0 gate=none num_steps=10 act_sha=aa9472d05315966b infer_ms=66.9
INFO:mme_vla_suite.serving.websocket_policy_server:TIMING infer_ms=66.9
INFO:mme_vla_suite.serving.websocket_policy_server:TIMING add_buffer_ms=39.2 frames=16 exec_start_idx=0
MV_INFER cond=normal split=test task=ButtonUnmask ep=8 ep_seq=3 infer_seq=74 t=1168 es=0 k=0 motion_frames=- motion_emb_sha= motion_pos_sha= motion_mask= mem_order_sha= motion_cols_sha= donor=None cover=exact:0,fallback:0,cycle:0,cross_seg:0 gate=none num_steps=10 act_sha=524999ed3f291203 infer_ms=67.9
INFO:mme_vla_suite.serving.websocket_policy_server:TIMING infer_ms=67.9
INFO:mme_vla_suite.serving.websocket_policy_server:TIMING add_buffer_ms=37.6 frames=16 exec_start_idx=0
MV_INFER cond=normal split=test task=ButtonUnmask ep=8 ep_seq=3 infer_seq=75 t=1184 es=0 k=0 motion_frames=- motion_emb_sha= motion_pos_sha= motion_mask= mem_order_sha= motion_cols_sha= donor=None cover=exact:0,fallback:0,cycle:0,cross_seg:0 gate=none num_steps=10 act_sha=f77b170eb044c154 infer_ms=67.5
INFO:mme_vla_suite.serving.websocket_policy_server:TIMING infer_ms=67.5
INFO:mme_vla_suite.serving.websocket_policy_server:TIMING add_buffer_ms=38.9 frames=16 exec_start_idx=0
MV_INFER cond=normal split=test task=ButtonUnmask ep=8 ep_seq=3 infer_seq=76 t=1200 es=0 k=0 motion_frames=- motion_emb_sha= motion_pos_sha= motion_mask= mem_order_sha= motion_cols_sha= donor=None cover=exact:0,fallback:0,cycle:0,cross_seg:0 gate=none num_steps=10 act_sha=3b8ebb47effa4041 infer_ms=67.8
INFO:mme_vla_suite.serving.websocket_policy_server:TIMING infer_ms=67.8
INFO:mme_vla_suite.serving.websocket_policy_server:TIMING add_buffer_ms=38.7 frames=16 exec_start_idx=0
MV_INFER cond=normal split=test task=ButtonUnmask ep=8 ep_seq=3 infer_seq=77 t=1216 es=0 k=0 motion_frames=- motion_emb_sha= motion_pos_sha= motion_mask= mem_order_sha= motion_cols_sha= donor=None cover=exact:0,fallback:0,cycle:0,cross_seg:0 gate=none num_steps=10 act_sha=077e2e2ffd4fe4a2 infer_ms=67.1
INFO:mme_vla_suite.serving.websocket_policy_server:TIMING infer_ms=67.1
INFO:mme_vla_suite.serving.websocket_policy_server:TIMING add_buffer_ms=37.0 frames=16 exec_start_idx=0
MV_INFER cond=normal split=test task=ButtonUnmask ep=8 ep_seq=3 infer_seq=78 t=1232 es=0 k=0 motion_frames=- motion_emb_sha= motion_pos_sha= motion_mask= mem_order_sha= motion_cols_sha= donor=None cover=exact:0,fallback:0,cycle:0,cross_seg:0 gate=none num_steps=10 act_sha=dff1be2cf3d286c1 infer_ms=67.0
INFO:mme_vla_suite.serving.websocket_policy_server:TIMING infer_ms=67.0
INFO:mme_vla_suite.serving.websocket_policy_server:TIMING add_buffer_ms=36.9 frames=16 exec_start_idx=0
MV_INFER cond=normal split=test task=ButtonUnmask ep=8 ep_seq=3 infer_seq=79 t=1248 es=0 k=0 motion_frames=- motion_emb_sha= motion_pos_sha= motion_mask= mem_order_sha= motion_cols_sha= donor=None cover=exact:0,fallback:0,cycle:0,cross_seg:0 gate=none num_steps=10 act_sha=c308cabc7cc1324b infer_ms=67.2
INFO:mme_vla_suite.serving.websocket_policy_server:TIMING infer_ms=67.2
INFO:mme_vla_suite.serving.websocket_policy_server:TIMING add_buffer_ms=37.2 frames=16 exec_start_idx=0
MV_INFER cond=normal split=test task=ButtonUnmask ep=8 ep_seq=3 infer_seq=80 t=1264 es=0 k=0 motion_frames=- motion_emb_sha= motion_pos_sha= motion_mask= mem_order_sha= motion_cols_sha= donor=None cover=exact:0,fallback:0,cycle:0,cross_seg:0 gate=none num_steps=10 act_sha=b894cd23fa48c4a9 infer_ms=67.2
INFO:mme_vla_suite.serving.websocket_policy_server:TIMING infer_ms=67.2
INFO:mme_vla_suite.serving.websocket_policy_server:TIMING add_buffer_ms=36.5 frames=16 exec_start_idx=0
MV_INFER cond=normal split=test task=ButtonUnmask ep=8 ep_seq=3 infer_seq=81 t=1280 es=0 k=0 motion_frames=- motion_emb_sha= motion_pos_sha= motion_mask= mem_order_sha= motion_cols_sha= donor=None cover=exact:0,fallback:0,cycle:0,cross_seg:0 gate=none num_steps=10 act_sha=5ec98b61fcf189f0 infer_ms=67.5
INFO:mme_vla_suite.serving.websocket_policy_server:TIMING infer_ms=67.5
INFO:mme_vla_suite.serving.websocket_policy_server:TIMING add_buffer_ms=36.9 frames=16 exec_start_idx=0
MV_INFER cond=normal split=test task=ButtonUnmask ep=8 ep_seq=3 infer_seq=82 t=1296 es=0 k=0 motion_frames=- motion_emb_sha= motion_pos_sha= motion_mask= mem_order_sha= motion_cols_sha= donor=None cover=exact:0,fallback:0,cycle:0,cross_seg:0 gate=none num_steps=10 act_sha=712b0b4326a29cc1 infer_ms=67.3
INFO:mme_vla_suite.serving.websocket_policy_server:TIMING infer_ms=67.3
INFO:websockets.server:connection open
INFO:mme_vla_suite.serving.websocket_policy_server:Connection from ('127.0.0.1', 47134) opened
MV_EPISODE_END ep_seq=3 infers=82 windows=0 wall_s=32.6
MV_EPISODE_BEGIN cond=normal split=test seed=42 ep_seq=4 expect=VideoUnmask:0
INFO:mme_vla_suite.serving.websocket_policy_server:TIMING add_buffer_ms=1119.7 frames=67 exec_start_idx=66
MV_INFER cond=normal split=test task=VideoUnmask ep=0 ep_seq=4 infer_seq=1 t=66 es=66 k=0 motion_frames=- motion_emb_sha= motion_pos_sha= motion_mask= mem_order_sha= motion_cols_sha= donor=None cover=exact:0,fallback:0,cycle:0,cross_seg:0 gate=none num_steps=10 act_sha=1733e3103906cfd1 infer_ms=67.7
INFO:mme_vla_suite.serving.websocket_policy_server:TIMING infer_ms=67.7
INFO:mme_vla_suite.serving.websocket_policy_server:TIMING add_buffer_ms=37.5 frames=16 exec_start_idx=0
MV_INFER cond=normal split=test task=VideoUnmask ep=0 ep_seq=4 infer_seq=2 t=82 es=66 k=0 motion_frames=- motion_emb_sha= motion_pos_sha= motion_mask= mem_order_sha= motion_cols_sha= donor=None cover=exact:0,fallback:0,cycle:0,cross_seg:0 gate=none num_steps=10 act_sha=b383121e4022626c infer_ms=67.2
INFO:mme_vla_suite.serving.websocket_policy_server:TIMING infer_ms=67.2
INFO:mme_vla_suite.serving.websocket_policy_server:TIMING add_buffer_ms=36.6 frames=16 exec_start_idx=0
MV_INFER cond=normal split=test task=VideoUnmask ep=0 ep_seq=4 infer_seq=3 t=98 es=66 k=0 motion_frames=- motion_emb_sha= motion_pos_sha= motion_mask= mem_order_sha= motion_cols_sha= donor=None cover=exact:0,fallback:0,cycle:0,cross_seg:0 gate=none num_steps=10 act_sha=3649c3c861aa4861 infer_ms=67.3
INFO:mme_vla_suite.serving.websocket_policy_server:TIMING infer_ms=67.3
INFO:mme_vla_suite.serving.websocket_policy_server:TIMING add_buffer_ms=37.8 frames=16 exec_start_idx=0
MV_INFER cond=normal split=test task=VideoUnmask ep=0 ep_seq=4 infer_seq=4 t=114 es=66 k=0 motion_frames=- motion_emb_sha= motion_pos_sha= motion_mask= mem_order_sha= motion_cols_sha= donor=None cover=exact:0,fallback:0,cycle:0,cross_seg:0 gate=none num_steps=10 act_sha=01a456c4820901d3 infer_ms=67.0
INFO:mme_vla_suite.serving.websocket_policy_server:TIMING infer_ms=67.0
INFO:mme_vla_suite.serving.websocket_policy_server:TIMING add_buffer_ms=36.4 frames=16 exec_start_idx=0
MV_INFER cond=normal split=test task=VideoUnmask ep=0 ep_seq=4 infer_seq=5 t=130 es=66 k=0 motion_frames=- motion_emb_sha= motion_pos_sha= motion_mask= mem_order_sha= motion_cols_sha= donor=None cover=exact:0,fallback:0,cycle:0,cross_seg:0 gate=none num_steps=10 act_sha=746f2c51aac728dc infer_ms=67.0
INFO:mme_vla_suite.serving.websocket_policy_server:TIMING infer_ms=67.0
INFO:mme_vla_suite.serving.websocket_policy_server:TIMING add_buffer_ms=35.7 frames=16 exec_start_idx=0
MV_INFER cond=normal split=test task=VideoUnmask ep=0 ep_seq=4 infer_seq=6 t=146 es=66 k=0 motion_frames=- motion_emb_sha= motion_pos_sha= motion_mask= mem_order_sha= motion_cols_sha= donor=None cover=exact:0,fallback:0,cycle:0,cross_seg:0 gate=none num_steps=10 act_sha=a7781826d2b4419e infer_ms=67.0
INFO:mme_vla_suite.serving.websocket_policy_server:TIMING infer_ms=67.0
INFO:mme_vla_suite.serving.websocket_policy_server:TIMING add_buffer_ms=36.8 frames=16 exec_start_idx=0
MV_INFER cond=normal split=test task=VideoUnmask ep=0 ep_seq=4 infer_seq=7 t=162 es=66 k=0 motion_frames=- motion_emb_sha= motion_pos_sha= motion_mask= mem_order_sha= motion_cols_sha= donor=None cover=exact:0,fallback:0,cycle:0,cross_seg:0 gate=none num_steps=10 act_sha=6789d35a19309dde infer_ms=67.0
INFO:mme_vla_suite.serving.websocket_policy_server:TIMING infer_ms=67.0
INFO:mme_vla_suite.serving.websocket_policy_server:TIMING add_buffer_ms=37.0 frames=16 exec_start_idx=0
MV_INFER cond=normal split=test task=VideoUnmask ep=0 ep_seq=4 infer_seq=8 t=178 es=66 k=0 motion_frames=- motion_emb_sha= motion_pos_sha= motion_mask= mem_order_sha= motion_cols_sha= donor=None cover=exact:0,fallback:0,cycle:0,cross_seg:0 gate=none num_steps=10 act_sha=1b82b58ae2cce418 infer_ms=66.9
INFO:mme_vla_suite.serving.websocket_policy_server:TIMING infer_ms=66.9
INFO:mme_vla_suite.serving.websocket_policy_server:TIMING add_buffer_ms=36.6 frames=16 exec_start_idx=0
MV_INFER cond=normal split=test task=VideoUnmask ep=0 ep_seq=4 infer_seq=9 t=194 es=66 k=0 motion_frames=- motion_emb_sha= motion_pos_sha= motion_mask= mem_order_sha= motion_cols_sha= donor=None cover=exact:0,fallback:0,cycle:0,cross_seg:0 gate=none num_steps=10 act_sha=1ce3c7bc63e8e654 infer_ms=67.2
INFO:mme_vla_suite.serving.websocket_policy_server:TIMING infer_ms=67.2
INFO:mme_vla_suite.serving.websocket_policy_server:TIMING add_buffer_ms=37.1 frames=16 exec_start_idx=0
MV_INFER cond=normal split=test task=VideoUnmask ep=0 ep_seq=4 infer_seq=10 t=210 es=66 k=0 motion_frames=- motion_emb_sha= motion_pos_sha= motion_mask= mem_order_sha= motion_cols_sha= donor=None cover=exact:0,fallback:0,cycle:0,cross_seg:0 gate=none num_steps=10 act_sha=1fe15b337624eb69 infer_ms=67.0
INFO:mme_vla_suite.serving.websocket_policy_server:TIMING infer_ms=67.0
INFO:mme_vla_suite.serving.websocket_policy_server:TIMING add_buffer_ms=37.2 frames=16 exec_start_idx=0
MV_INFER cond=normal split=test task=VideoUnmask ep=0 ep_seq=4 infer_seq=11 t=226 es=66 k=0 motion_frames=- motion_emb_sha= motion_pos_sha= motion_mask= mem_order_sha= motion_cols_sha= donor=None cover=exact:0,fallback:0,cycle:0,cross_seg:0 gate=none num_steps=10 act_sha=7602bda8407aa7ad infer_ms=67.1
INFO:mme_vla_suite.serving.websocket_policy_server:TIMING infer_ms=67.1
INFO:mme_vla_suite.serving.websocket_policy_server:TIMING add_buffer_ms=37.4 frames=16 exec_start_idx=0
MV_INFER cond=normal split=test task=VideoUnmask ep=0 ep_seq=4 infer_seq=12 t=242 es=66 k=0 motion_frames=- motion_emb_sha= motion_pos_sha= motion_mask= mem_order_sha= motion_cols_sha= donor=None cover=exact:0,fallback:0,cycle:0,cross_seg:0 gate=none num_steps=10 act_sha=a84116dfa7b56f2f infer_ms=67.1
INFO:mme_vla_suite.serving.websocket_policy_server:TIMING infer_ms=67.1
INFO:mme_vla_suite.serving.websocket_policy_server:TIMING add_buffer_ms=37.1 frames=16 exec_start_idx=0
MV_INFER cond=normal split=test task=VideoUnmask ep=0 ep_seq=4 infer_seq=13 t=258 es=66 k=0 motion_frames=- motion_emb_sha= motion_pos_sha= motion_mask= mem_order_sha= motion_cols_sha= donor=None cover=exact:0,fallback:0,cycle:0,cross_seg:0 gate=none num_steps=10 act_sha=f21f2c69b7ff0ba8 infer_ms=67.1
INFO:mme_vla_suite.serving.websocket_policy_server:TIMING infer_ms=67.1
INFO:mme_vla_suite.serving.websocket_policy_server:TIMING add_buffer_ms=36.7 frames=16 exec_start_idx=0
MV_INFER cond=normal split=test task=VideoUnmask ep=0 ep_seq=4 infer_seq=14 t=274 es=66 k=0 motion_frames=- motion_emb_sha= motion_pos_sha= motion_mask= mem_order_sha= motion_cols_sha= donor=None cover=exact:0,fallback:0,cycle:0,cross_seg:0 gate=none num_steps=10 act_sha=ecd17c1e1c777688 infer_ms=67.1
INFO:mme_vla_suite.serving.websocket_policy_server:TIMING infer_ms=67.1
INFO:mme_vla_suite.serving.websocket_policy_server:TIMING add_buffer_ms=37.1 frames=16 exec_start_idx=0
MV_INFER cond=normal split=test task=VideoUnmask ep=0 ep_seq=4 infer_seq=15 t=290 es=66 k=0 motion_frames=- motion_emb_sha= motion_pos_sha= motion_mask= mem_order_sha= motion_cols_sha= donor=None cover=exact:0,fallback:0,cycle:0,cross_seg:0 gate=none num_steps=10 act_sha=d756cc75a4b97018 infer_ms=66.9
INFO:mme_vla_suite.serving.websocket_policy_server:TIMING infer_ms=66.9
INFO:mme_vla_suite.serving.websocket_policy_server:TIMING add_buffer_ms=37.0 frames=16 exec_start_idx=0
MV_INFER cond=normal split=test task=VideoUnmask ep=0 ep_seq=4 infer_seq=16 t=306 es=66 k=0 motion_frames=- motion_emb_sha= motion_pos_sha= motion_mask= mem_order_sha= motion_cols_sha= donor=None cover=exact:0,fallback:0,cycle:0,cross_seg:0 gate=none num_steps=10 act_sha=75826183c44a121b infer_ms=67.0
INFO:mme_vla_suite.serving.websocket_policy_server:TIMING infer_ms=67.0
INFO:mme_vla_suite.serving.websocket_policy_server:TIMING add_buffer_ms=37.8 frames=16 exec_start_idx=0
MV_INFER cond=normal split=test task=VideoUnmask ep=0 ep_seq=4 infer_seq=17 t=322 es=66 k=0 motion_frames=- motion_emb_sha= motion_pos_sha= motion_mask= mem_order_sha= motion_cols_sha= donor=None cover=exact:0,fallback:0,cycle:0,cross_seg:0 gate=none num_steps=10 act_sha=85947cd5acb5b98b infer_ms=67.3
INFO:mme_vla_suite.serving.websocket_policy_server:TIMING infer_ms=67.3
INFO:mme_vla_suite.serving.websocket_policy_server:TIMING add_buffer_ms=37.4 frames=16 exec_start_idx=0
MV_INFER cond=normal split=test task=VideoUnmask ep=0 ep_seq=4 infer_seq=18 t=338 es=66 k=0 motion_frames=- motion_emb_sha= motion_pos_sha= motion_mask= mem_order_sha= motion_cols_sha= donor=None cover=exact:0,fallback:0,cycle:0,cross_seg:0 gate=none num_steps=10 act_sha=a3d291897c0ce0e3 infer_ms=66.9
INFO:mme_vla_suite.serving.websocket_policy_server:TIMING infer_ms=66.9
INFO:mme_vla_suite.serving.websocket_policy_server:TIMING add_buffer_ms=37.5 frames=16 exec_start_idx=0
MV_INFER cond=normal split=test task=VideoUnmask ep=0 ep_seq=4 infer_seq=19 t=354 es=66 k=0 motion_frames=- motion_emb_sha= motion_pos_sha= motion_mask= mem_order_sha= motion_cols_sha= donor=None cover=exact:0,fallback:0,cycle:0,cross_seg:0 gate=none num_steps=10 act_sha=c7d3da874ea705f2 infer_ms=67.7
INFO:mme_vla_suite.serving.websocket_policy_server:TIMING infer_ms=67.7
INFO:mme_vla_suite.serving.websocket_policy_server:TIMING add_buffer_ms=37.1 frames=16 exec_start_idx=0
MV_INFER cond=normal split=test task=VideoUnmask ep=0 ep_seq=4 infer_seq=20 t=370 es=66 k=0 motion_frames=- motion_emb_sha= motion_pos_sha= motion_mask= mem_order_sha= motion_cols_sha= donor=None cover=exact:0,fallback:0,cycle:0,cross_seg:0 gate=none num_steps=10 act_sha=ccb49cfe2cbce3a5 infer_ms=67.1
INFO:mme_vla_suite.serving.websocket_policy_server:TIMING infer_ms=67.1
INFO:mme_vla_suite.serving.websocket_policy_server:TIMING add_buffer_ms=36.7 frames=16 exec_start_idx=0
MV_INFER cond=normal split=test task=VideoUnmask ep=0 ep_seq=4 infer_seq=21 t=386 es=66 k=0 motion_frames=- motion_emb_sha= motion_pos_sha= motion_mask= mem_order_sha= motion_cols_sha= donor=None cover=exact:0,fallback:0,cycle:0,cross_seg:0 gate=none num_steps=10 act_sha=3886ca7e7ccd556e infer_ms=67.3
INFO:mme_vla_suite.serving.websocket_policy_server:TIMING infer_ms=67.3
INFO:mme_vla_suite.serving.websocket_policy_server:TIMING add_buffer_ms=37.0 frames=16 exec_start_idx=0
MV_INFER cond=normal split=test task=VideoUnmask ep=0 ep_seq=4 infer_seq=22 t=402 es=66 k=0 motion_frames=- motion_emb_sha= motion_pos_sha= motion_mask= mem_order_sha= motion_cols_sha= donor=None cover=exact:0,fallback:0,cycle:0,cross_seg:0 gate=none num_steps=10 act_sha=c6bb117f536a9218 infer_ms=67.0
INFO:mme_vla_suite.serving.websocket_policy_server:TIMING infer_ms=67.0
INFO:mme_vla_suite.serving.websocket_policy_server:TIMING add_buffer_ms=36.7 frames=16 exec_start_idx=0
MV_INFER cond=normal split=test task=VideoUnmask ep=0 ep_seq=4 infer_seq=23 t=418 es=66 k=0 motion_frames=- motion_emb_sha= motion_pos_sha= motion_mask= mem_order_sha= motion_cols_sha= donor=None cover=exact:0,fallback:0,cycle:0,cross_seg:0 gate=none num_steps=10 act_sha=7025e16ee841eb6b infer_ms=67.2
INFO:mme_vla_suite.serving.websocket_policy_server:TIMING infer_ms=67.2
INFO:mme_vla_suite.serving.websocket_policy_server:TIMING add_buffer_ms=36.8 frames=16 exec_start_idx=0
MV_INFER cond=normal split=test task=VideoUnmask ep=0 ep_seq=4 infer_seq=24 t=434 es=66 k=0 motion_frames=- motion_emb_sha= motion_pos_sha= motion_mask= mem_order_sha= motion_cols_sha= donor=None cover=exact:0,fallback:0,cycle:0,cross_seg:0 gate=none num_steps=10 act_sha=36d59d98acecfbf2 infer_ms=67.0
INFO:mme_vla_suite.serving.websocket_policy_server:TIMING infer_ms=67.0
INFO:mme_vla_suite.serving.websocket_policy_server:TIMING add_buffer_ms=37.4 frames=16 exec_start_idx=0
MV_INFER cond=normal split=test task=VideoUnmask ep=0 ep_seq=4 infer_seq=25 t=450 es=66 k=0 motion_frames=- motion_emb_sha= motion_pos_sha= motion_mask= mem_order_sha= motion_cols_sha= donor=None cover=exact:0,fallback:0,cycle:0,cross_seg:0 gate=none num_steps=10 act_sha=411a2aa696217e21 infer_ms=66.9
INFO:mme_vla_suite.serving.websocket_policy_server:TIMING infer_ms=66.9
INFO:mme_vla_suite.serving.websocket_policy_server:TIMING add_buffer_ms=36.8 frames=16 exec_start_idx=0
MV_INFER cond=normal split=test task=VideoUnmask ep=0 ep_seq=4 infer_seq=26 t=466 es=66 k=0 motion_frames=- motion_emb_sha= motion_pos_sha= motion_mask= mem_order_sha= motion_cols_sha= donor=None cover=exact:0,fallback:0,cycle:0,cross_seg:0 gate=none num_steps=10 act_sha=d40f7ba90ce89932 infer_ms=67.1
INFO:mme_vla_suite.serving.websocket_policy_server:TIMING infer_ms=67.1
INFO:mme_vla_suite.serving.websocket_policy_server:TIMING add_buffer_ms=37.6 frames=16 exec_start_idx=0
MV_INFER cond=normal split=test task=VideoUnmask ep=0 ep_seq=4 infer_seq=27 t=482 es=66 k=0 motion_frames=- motion_emb_sha= motion_pos_sha= motion_mask= mem_order_sha= motion_cols_sha= donor=None cover=exact:0,fallback:0,cycle:0,cross_seg:0 gate=none num_steps=10 act_sha=1056061336bad82c infer_ms=67.0
INFO:mme_vla_suite.serving.websocket_policy_server:TIMING infer_ms=67.0
INFO:mme_vla_suite.serving.websocket_policy_server:TIMING add_buffer_ms=37.1 frames=16 exec_start_idx=0
MV_INFER cond=normal split=test task=VideoUnmask ep=0 ep_seq=4 infer_seq=28 t=498 es=66 k=0 motion_frames=- motion_emb_sha= motion_pos_sha= motion_mask= mem_order_sha= motion_cols_sha= donor=None cover=exact:0,fallback:0,cycle:0,cross_seg:0 gate=none num_steps=10 act_sha=47054b0fef2f7c92 infer_ms=67.3
INFO:mme_vla_suite.serving.websocket_policy_server:TIMING infer_ms=67.3
INFO:mme_vla_suite.serving.websocket_policy_server:TIMING add_buffer_ms=37.8 frames=16 exec_start_idx=0
MV_INFER cond=normal split=test task=VideoUnmask ep=0 ep_seq=4 infer_seq=29 t=514 es=66 k=0 motion_frames=- motion_emb_sha= motion_pos_sha= motion_mask= mem_order_sha= motion_cols_sha= donor=None cover=exact:0,fallback:0,cycle:0,cross_seg:0 gate=none num_steps=10 act_sha=68847749fe3e5fd6 infer_ms=67.2
INFO:mme_vla_suite.serving.websocket_policy_server:TIMING infer_ms=67.2
INFO:mme_vla_suite.serving.websocket_policy_server:TIMING add_buffer_ms=37.1 frames=16 exec_start_idx=0
MV_INFER cond=normal split=test task=VideoUnmask ep=0 ep_seq=4 infer_seq=30 t=530 es=66 k=0 motion_frames=- motion_emb_sha= motion_pos_sha= motion_mask= mem_order_sha= motion_cols_sha= donor=None cover=exact:0,fallback:0,cycle:0,cross_seg:0 gate=none num_steps=10 act_sha=319a54cb859f3809 infer_ms=67.1
INFO:mme_vla_suite.serving.websocket_policy_server:TIMING infer_ms=67.1
INFO:mme_vla_suite.serving.websocket_policy_server:TIMING add_buffer_ms=37.7 frames=16 exec_start_idx=0
MV_INFER cond=normal split=test task=VideoUnmask ep=0 ep_seq=4 infer_seq=31 t=546 es=66 k=0 motion_frames=- motion_emb_sha= motion_pos_sha= motion_mask= mem_order_sha= motion_cols_sha= donor=None cover=exact:0,fallback:0,cycle:0,cross_seg:0 gate=none num_steps=10 act_sha=013a421d0dd444eb infer_ms=66.8
INFO:mme_vla_suite.serving.websocket_policy_server:TIMING infer_ms=66.8
INFO:mme_vla_suite.serving.websocket_policy_server:TIMING add_buffer_ms=37.4 frames=16 exec_start_idx=0
MV_INFER cond=normal split=test task=VideoUnmask ep=0 ep_seq=4 infer_seq=32 t=562 es=66 k=0 motion_frames=- motion_emb_sha= motion_pos_sha= motion_mask= mem_order_sha= motion_cols_sha= donor=None cover=exact:0,fallback:0,cycle:0,cross_seg:0 gate=none num_steps=10 act_sha=a11d75f1fb4d8923 infer_ms=67.0
INFO:mme_vla_suite.serving.websocket_policy_server:TIMING infer_ms=67.0
INFO:mme_vla_suite.serving.websocket_policy_server:TIMING add_buffer_ms=37.2 frames=16 exec_start_idx=0
MV_INFER cond=normal split=test task=VideoUnmask ep=0 ep_seq=4 infer_seq=33 t=578 es=66 k=0 motion_frames=- motion_emb_sha= motion_pos_sha= motion_mask= mem_order_sha= motion_cols_sha= donor=None cover=exact:0,fallback:0,cycle:0,cross_seg:0 gate=none num_steps=10 act_sha=ddd3351e59526eb5 infer_ms=67.3
INFO:mme_vla_suite.serving.websocket_policy_server:TIMING infer_ms=67.3
INFO:mme_vla_suite.serving.websocket_policy_server:TIMING add_buffer_ms=37.4 frames=16 exec_start_idx=0
MV_INFER cond=normal split=test task=VideoUnmask ep=0 ep_seq=4 infer_seq=34 t=594 es=66 k=0 motion_frames=- motion_emb_sha= motion_pos_sha= motion_mask= mem_order_sha= motion_cols_sha= donor=None cover=exact:0,fallback:0,cycle:0,cross_seg:0 gate=none num_steps=10 act_sha=35f1cf60a00fa0dd infer_ms=67.4
INFO:mme_vla_suite.serving.websocket_policy_server:TIMING infer_ms=67.4
INFO:mme_vla_suite.serving.websocket_policy_server:TIMING add_buffer_ms=37.1 frames=16 exec_start_idx=0
MV_INFER cond=normal split=test task=VideoUnmask ep=0 ep_seq=4 infer_seq=35 t=610 es=66 k=0 motion_frames=- motion_emb_sha= motion_pos_sha= motion_mask= mem_order_sha= motion_cols_sha= donor=None cover=exact:0,fallback:0,cycle:0,cross_seg:0 gate=none num_steps=10 act_sha=67ce4cc41a800a05 infer_ms=67.3
INFO:mme_vla_suite.serving.websocket_policy_server:TIMING infer_ms=67.3
INFO:mme_vla_suite.serving.websocket_policy_server:TIMING add_buffer_ms=37.1 frames=16 exec_start_idx=0
MV_INFER cond=normal split=test task=VideoUnmask ep=0 ep_seq=4 infer_seq=36 t=626 es=66 k=0 motion_frames=- motion_emb_sha= motion_pos_sha= motion_mask= mem_order_sha= motion_cols_sha= donor=None cover=exact:0,fallback:0,cycle:0,cross_seg:0 gate=none num_steps=10 act_sha=4f9e388d1f4be011 infer_ms=67.0
INFO:mme_vla_suite.serving.websocket_policy_server:TIMING infer_ms=67.0
INFO:mme_vla_suite.serving.websocket_policy_server:TIMING add_buffer_ms=37.4 frames=16 exec_start_idx=0
MV_INFER cond=normal split=test task=VideoUnmask ep=0 ep_seq=4 infer_seq=37 t=642 es=66 k=0 motion_frames=- motion_emb_sha= motion_pos_sha= motion_mask= mem_order_sha= motion_cols_sha= donor=None cover=exact:0,fallback:0,cycle:0,cross_seg:0 gate=none num_steps=10 act_sha=543b7f5a3de9d816 infer_ms=67.2
INFO:mme_vla_suite.serving.websocket_policy_server:TIMING infer_ms=67.2
INFO:mme_vla_suite.serving.websocket_policy_server:TIMING add_buffer_ms=37.3 frames=16 exec_start_idx=0
MV_INFER cond=normal split=test task=VideoUnmask ep=0 ep_seq=4 infer_seq=38 t=658 es=66 k=0 motion_frames=- motion_emb_sha= motion_pos_sha= motion_mask= mem_order_sha= motion_cols_sha= donor=None cover=exact:0,fallback:0,cycle:0,cross_seg:0 gate=none num_steps=10 act_sha=b4bf7398af655fce infer_ms=67.0
INFO:mme_vla_suite.serving.websocket_policy_server:TIMING infer_ms=67.0
INFO:mme_vla_suite.serving.websocket_policy_server:TIMING add_buffer_ms=38.6 frames=16 exec_start_idx=0
MV_INFER cond=normal split=test task=VideoUnmask ep=0 ep_seq=4 infer_seq=39 t=674 es=66 k=0 motion_frames=- motion_emb_sha= motion_pos_sha= motion_mask= mem_order_sha= motion_cols_sha= donor=None cover=exact:0,fallback:0,cycle:0,cross_seg:0 gate=none num_steps=10 act_sha=746bf69ab55c16b0 infer_ms=66.8
INFO:mme_vla_suite.serving.websocket_policy_server:TIMING infer_ms=66.8
INFO:mme_vla_suite.serving.websocket_policy_server:TIMING add_buffer_ms=36.9 frames=16 exec_start_idx=0
MV_INFER cond=normal split=test task=VideoUnmask ep=0 ep_seq=4 infer_seq=40 t=690 es=66 k=0 motion_frames=- motion_emb_sha= motion_pos_sha= motion_mask= mem_order_sha= motion_cols_sha= donor=None cover=exact:0,fallback:0,cycle:0,cross_seg:0 gate=none num_steps=10 act_sha=7aca946f1d63ca50 infer_ms=67.0
INFO:mme_vla_suite.serving.websocket_policy_server:TIMING infer_ms=67.0
INFO:mme_vla_suite.serving.websocket_policy_server:TIMING add_buffer_ms=39.0 frames=16 exec_start_idx=0
MV_INFER cond=normal split=test task=VideoUnmask ep=0 ep_seq=4 infer_seq=41 t=706 es=66 k=0 motion_frames=- motion_emb_sha= motion_pos_sha= motion_mask= mem_order_sha= motion_cols_sha= donor=None cover=exact:0,fallback:0,cycle:0,cross_seg:0 gate=none num_steps=10 act_sha=96d659134ec6603b infer_ms=66.9
INFO:mme_vla_suite.serving.websocket_policy_server:TIMING infer_ms=66.9
INFO:mme_vla_suite.serving.websocket_policy_server:TIMING add_buffer_ms=37.4 frames=16 exec_start_idx=0
MV_INFER cond=normal split=test task=VideoUnmask ep=0 ep_seq=4 infer_seq=42 t=722 es=66 k=0 motion_frames=- motion_emb_sha= motion_pos_sha= motion_mask= mem_order_sha= motion_cols_sha= donor=None cover=exact:0,fallback:0,cycle:0,cross_seg:0 gate=none num_steps=10 act_sha=e22cb848fa111e9f infer_ms=66.9
INFO:mme_vla_suite.serving.websocket_policy_server:TIMING infer_ms=66.9
INFO:mme_vla_suite.serving.websocket_policy_server:TIMING add_buffer_ms=37.4 frames=16 exec_start_idx=0
MV_INFER cond=normal split=test task=VideoUnmask ep=0 ep_seq=4 infer_seq=43 t=738 es=66 k=0 motion_frames=- motion_emb_sha= motion_pos_sha= motion_mask= mem_order_sha= motion_cols_sha= donor=None cover=exact:0,fallback:0,cycle:0,cross_seg:0 gate=none num_steps=10 act_sha=1a120cca706548e1 infer_ms=67.0
INFO:mme_vla_suite.serving.websocket_policy_server:TIMING infer_ms=67.0
INFO:mme_vla_suite.serving.websocket_policy_server:TIMING add_buffer_ms=36.9 frames=16 exec_start_idx=0
MV_INFER cond=normal split=test task=VideoUnmask ep=0 ep_seq=4 infer_seq=44 t=754 es=66 k=0 motion_frames=- motion_emb_sha= motion_pos_sha= motion_mask= mem_order_sha= motion_cols_sha= donor=None cover=exact:0,fallback:0,cycle:0,cross_seg:0 gate=none num_steps=10 act_sha=f94f834b9fcc1d04 infer_ms=67.0
INFO:mme_vla_suite.serving.websocket_policy_server:TIMING infer_ms=67.0
INFO:mme_vla_suite.serving.websocket_policy_server:TIMING add_buffer_ms=37.1 frames=16 exec_start_idx=0
MV_INFER cond=normal split=test task=VideoUnmask ep=0 ep_seq=4 infer_seq=45 t=770 es=66 k=0 motion_frames=- motion_emb_sha= motion_pos_sha= motion_mask= mem_order_sha= motion_cols_sha= donor=None cover=exact:0,fallback:0,cycle:0,cross_seg:0 gate=none num_steps=10 act_sha=d60bfa648659d21d infer_ms=67.2
INFO:mme_vla_suite.serving.websocket_policy_server:TIMING infer_ms=67.2
INFO:mme_vla_suite.serving.websocket_policy_server:TIMING add_buffer_ms=37.0 frames=16 exec_start_idx=0
MV_INFER cond=normal split=test task=VideoUnmask ep=0 ep_seq=4 infer_seq=46 t=786 es=66 k=0 motion_frames=- motion_emb_sha= motion_pos_sha= motion_mask= mem_order_sha= motion_cols_sha= donor=None cover=exact:0,fallback:0,cycle:0,cross_seg:0 gate=none num_steps=10 act_sha=a8f144126202c5d6 infer_ms=67.1
INFO:mme_vla_suite.serving.websocket_policy_server:TIMING infer_ms=67.1
INFO:mme_vla_suite.serving.websocket_policy_server:TIMING add_buffer_ms=37.0 frames=16 exec_start_idx=0
MV_INFER cond=normal split=test task=VideoUnmask ep=0 ep_seq=4 infer_seq=47 t=802 es=66 k=0 motion_frames=- motion_emb_sha= motion_pos_sha= motion_mask= mem_order_sha= motion_cols_sha= donor=None cover=exact:0,fallback:0,cycle:0,cross_seg:0 gate=none num_steps=10 act_sha=9029b67729727f93 infer_ms=66.9
INFO:mme_vla_suite.serving.websocket_policy_server:TIMING infer_ms=66.9
INFO:mme_vla_suite.serving.websocket_policy_server:TIMING add_buffer_ms=37.7 frames=16 exec_start_idx=0
MV_INFER cond=normal split=test task=VideoUnmask ep=0 ep_seq=4 infer_seq=48 t=818 es=66 k=0 motion_frames=- motion_emb_sha= motion_pos_sha= motion_mask= mem_order_sha= motion_cols_sha= donor=None cover=exact:0,fallback:0,cycle:0,cross_seg:0 gate=none num_steps=10 act_sha=a8322aa70fea864f infer_ms=66.8
INFO:mme_vla_suite.serving.websocket_policy_server:TIMING infer_ms=66.8
INFO:mme_vla_suite.serving.websocket_policy_server:TIMING add_buffer_ms=37.2 frames=16 exec_start_idx=0
MV_INFER cond=normal split=test task=VideoUnmask ep=0 ep_seq=4 infer_seq=49 t=834 es=66 k=0 motion_frames=- motion_emb_sha= motion_pos_sha= motion_mask= mem_order_sha= motion_cols_sha= donor=None cover=exact:0,fallback:0,cycle:0,cross_seg:0 gate=none num_steps=10 act_sha=5f2f0530e2efe1ab infer_ms=67.2
INFO:mme_vla_suite.serving.websocket_policy_server:TIMING infer_ms=67.2
INFO:mme_vla_suite.serving.websocket_policy_server:TIMING add_buffer_ms=37.3 frames=16 exec_start_idx=0
MV_INFER cond=normal split=test task=VideoUnmask ep=0 ep_seq=4 infer_seq=50 t=850 es=66 k=0 motion_frames=- motion_emb_sha= motion_pos_sha= motion_mask= mem_order_sha= motion_cols_sha= donor=None cover=exact:0,fallback:0,cycle:0,cross_seg:0 gate=none num_steps=10 act_sha=8197762103b4080a infer_ms=67.2
INFO:mme_vla_suite.serving.websocket_policy_server:TIMING infer_ms=67.2
INFO:mme_vla_suite.serving.websocket_policy_server:TIMING add_buffer_ms=36.9 frames=16 exec_start_idx=0
MV_INFER cond=normal split=test task=VideoUnmask ep=0 ep_seq=4 infer_seq=51 t=866 es=66 k=0 motion_frames=- motion_emb_sha= motion_pos_sha= motion_mask= mem_order_sha= motion_cols_sha= donor=None cover=exact:0,fallback:0,cycle:0,cross_seg:0 gate=none num_steps=10 act_sha=a3036c8b9ebb697e infer_ms=67.3
INFO:mme_vla_suite.serving.websocket_policy_server:TIMING infer_ms=67.3
INFO:mme_vla_suite.serving.websocket_policy_server:TIMING add_buffer_ms=37.1 frames=16 exec_start_idx=0
MV_INFER cond=normal split=test task=VideoUnmask ep=0 ep_seq=4 infer_seq=52 t=882 es=66 k=0 motion_frames=- motion_emb_sha= motion_pos_sha= motion_mask= mem_order_sha= motion_cols_sha= donor=None cover=exact:0,fallback:0,cycle:0,cross_seg:0 gate=none num_steps=10 act_sha=89c007d925dfdc8b infer_ms=66.9
INFO:mme_vla_suite.serving.websocket_policy_server:TIMING infer_ms=66.9
INFO:mme_vla_suite.serving.websocket_policy_server:TIMING add_buffer_ms=37.0 frames=16 exec_start_idx=0
MV_INFER cond=normal split=test task=VideoUnmask ep=0 ep_seq=4 infer_seq=53 t=898 es=66 k=0 motion_frames=- motion_emb_sha= motion_pos_sha= motion_mask= mem_order_sha= motion_cols_sha= donor=None cover=exact:0,fallback:0,cycle:0,cross_seg:0 gate=none num_steps=10 act_sha=61a34c015a4a8989 infer_ms=67.3
INFO:mme_vla_suite.serving.websocket_policy_server:TIMING infer_ms=67.3
INFO:mme_vla_suite.serving.websocket_policy_server:TIMING add_buffer_ms=37.9 frames=16 exec_start_idx=0
MV_INFER cond=normal split=test task=VideoUnmask ep=0 ep_seq=4 infer_seq=54 t=914 es=66 k=0 motion_frames=- motion_emb_sha= motion_pos_sha= motion_mask= mem_order_sha= motion_cols_sha= donor=None cover=exact:0,fallback:0,cycle:0,cross_seg:0 gate=none num_steps=10 act_sha=07f8d899914b1eb9 infer_ms=66.9
INFO:mme_vla_suite.serving.websocket_policy_server:TIMING infer_ms=66.9
INFO:mme_vla_suite.serving.websocket_policy_server:TIMING add_buffer_ms=37.6 frames=16 exec_start_idx=0
MV_INFER cond=normal split=test task=VideoUnmask ep=0 ep_seq=4 infer_seq=55 t=930 es=66 k=0 motion_frames=- motion_emb_sha= motion_pos_sha= motion_mask= mem_order_sha= motion_cols_sha= donor=None cover=exact:0,fallback:0,cycle:0,cross_seg:0 gate=none num_steps=10 act_sha=0677de12b2549f34 infer_ms=66.9
INFO:mme_vla_suite.serving.websocket_policy_server:TIMING infer_ms=66.9
INFO:mme_vla_suite.serving.websocket_policy_server:TIMING add_buffer_ms=36.9 frames=16 exec_start_idx=0
MV_INFER cond=normal split=test task=VideoUnmask ep=0 ep_seq=4 infer_seq=56 t=946 es=66 k=0 motion_frames=- motion_emb_sha= motion_pos_sha= motion_mask= mem_order_sha= motion_cols_sha= donor=None cover=exact:0,fallback:0,cycle:0,cross_seg:0 gate=none num_steps=10 act_sha=e5786ee9e525339f infer_ms=66.8
INFO:mme_vla_suite.serving.websocket_policy_server:TIMING infer_ms=66.8
INFO:mme_vla_suite.serving.websocket_policy_server:TIMING add_buffer_ms=36.9 frames=16 exec_start_idx=0
MV_INFER cond=normal split=test task=VideoUnmask ep=0 ep_seq=4 infer_seq=57 t=962 es=66 k=0 motion_frames=- motion_emb_sha= motion_pos_sha= motion_mask= mem_order_sha= motion_cols_sha= donor=None cover=exact:0,fallback:0,cycle:0,cross_seg:0 gate=none num_steps=10 act_sha=61fee9f04d0ec6e3 infer_ms=66.9
INFO:mme_vla_suite.serving.websocket_policy_server:TIMING infer_ms=66.9
INFO:mme_vla_suite.serving.websocket_policy_server:TIMING add_buffer_ms=37.0 frames=16 exec_start_idx=0
MV_INFER cond=normal split=test task=VideoUnmask ep=0 ep_seq=4 infer_seq=58 t=978 es=66 k=0 motion_frames=- motion_emb_sha= motion_pos_sha= motion_mask= mem_order_sha= motion_cols_sha= donor=None cover=exact:0,fallback:0,cycle:0,cross_seg:0 gate=none num_steps=10 act_sha=354d3102506ff101 infer_ms=67.0
INFO:mme_vla_suite.serving.websocket_policy_server:TIMING infer_ms=67.0
INFO:mme_vla_suite.serving.websocket_policy_server:TIMING add_buffer_ms=36.5 frames=16 exec_start_idx=0
MV_INFER cond=normal split=test task=VideoUnmask ep=0 ep_seq=4 infer_seq=59 t=994 es=66 k=0 motion_frames=- motion_emb_sha= motion_pos_sha= motion_mask= mem_order_sha= motion_cols_sha= donor=None cover=exact:0,fallback:0,cycle:0,cross_seg:0 gate=none num_steps=10 act_sha=afb7062137260d50 infer_ms=66.8
INFO:mme_vla_suite.serving.websocket_policy_server:TIMING infer_ms=66.8
INFO:mme_vla_suite.serving.websocket_policy_server:TIMING add_buffer_ms=36.6 frames=16 exec_start_idx=0
MV_INFER cond=normal split=test task=VideoUnmask ep=0 ep_seq=4 infer_seq=60 t=1010 es=66 k=0 motion_frames=- motion_emb_sha= motion_pos_sha= motion_mask= mem_order_sha= motion_cols_sha= donor=None cover=exact:0,fallback:0,cycle:0,cross_seg:0 gate=none num_steps=10 act_sha=76e2c81cfd496aa9 infer_ms=66.9
INFO:mme_vla_suite.serving.websocket_policy_server:TIMING infer_ms=66.9
INFO:mme_vla_suite.serving.websocket_policy_server:TIMING add_buffer_ms=36.5 frames=16 exec_start_idx=0
MV_INFER cond=normal split=test task=VideoUnmask ep=0 ep_seq=4 infer_seq=61 t=1026 es=66 k=0 motion_frames=- motion_emb_sha= motion_pos_sha= motion_mask= mem_order_sha= motion_cols_sha= donor=None cover=exact:0,fallback:0,cycle:0,cross_seg:0 gate=none num_steps=10 act_sha=c01dd6137fb24d9f infer_ms=67.2
INFO:mme_vla_suite.serving.websocket_policy_server:TIMING infer_ms=67.2
INFO:mme_vla_suite.serving.websocket_policy_server:TIMING add_buffer_ms=36.5 frames=16 exec_start_idx=0
MV_INFER cond=normal split=test task=VideoUnmask ep=0 ep_seq=4 infer_seq=62 t=1042 es=66 k=0 motion_frames=- motion_emb_sha= motion_pos_sha= motion_mask= mem_order_sha= motion_cols_sha= donor=None cover=exact:0,fallback:0,cycle:0,cross_seg:0 gate=none num_steps=10 act_sha=55db7ae2df2f355f infer_ms=66.9
INFO:mme_vla_suite.serving.websocket_policy_server:TIMING infer_ms=66.9
INFO:mme_vla_suite.serving.websocket_policy_server:TIMING add_buffer_ms=37.0 frames=16 exec_start_idx=0
MV_INFER cond=normal split=test task=VideoUnmask ep=0 ep_seq=4 infer_seq=63 t=1058 es=66 k=0 motion_frames=- motion_emb_sha= motion_pos_sha= motion_mask= mem_order_sha= motion_cols_sha= donor=None cover=exact:0,fallback:0,cycle:0,cross_seg:0 gate=none num_steps=10 act_sha=058b08a6711d2276 infer_ms=67.2
INFO:mme_vla_suite.serving.websocket_policy_server:TIMING infer_ms=67.2
INFO:mme_vla_suite.serving.websocket_policy_server:TIMING add_buffer_ms=36.7 frames=16 exec_start_idx=0
MV_INFER cond=normal split=test task=VideoUnmask ep=0 ep_seq=4 infer_seq=64 t=1074 es=66 k=0 motion_frames=- motion_emb_sha= motion_pos_sha= motion_mask= mem_order_sha= motion_cols_sha= donor=None cover=exact:0,fallback:0,cycle:0,cross_seg:0 gate=none num_steps=10 act_sha=b6721d8061e8d767 infer_ms=67.2
INFO:mme_vla_suite.serving.websocket_policy_server:TIMING infer_ms=67.2
INFO:mme_vla_suite.serving.websocket_policy_server:TIMING add_buffer_ms=36.8 frames=16 exec_start_idx=0
MV_INFER cond=normal split=test task=VideoUnmask ep=0 ep_seq=4 infer_seq=65 t=1090 es=66 k=0 motion_frames=- motion_emb_sha= motion_pos_sha= motion_mask= mem_order_sha= motion_cols_sha= donor=None cover=exact:0,fallback:0,cycle:0,cross_seg:0 gate=none num_steps=10 act_sha=577ce87ae2c6af2d infer_ms=67.1
INFO:mme_vla_suite.serving.websocket_policy_server:TIMING infer_ms=67.1
INFO:mme_vla_suite.serving.websocket_policy_server:TIMING add_buffer_ms=36.7 frames=16 exec_start_idx=0
MV_INFER cond=normal split=test task=VideoUnmask ep=0 ep_seq=4 infer_seq=66 t=1106 es=66 k=0 motion_frames=- motion_emb_sha= motion_pos_sha= motion_mask= mem_order_sha= motion_cols_sha= donor=None cover=exact:0,fallback:0,cycle:0,cross_seg:0 gate=none num_steps=10 act_sha=b299be86a6be7cef infer_ms=67.0
INFO:mme_vla_suite.serving.websocket_policy_server:TIMING infer_ms=67.0
INFO:mme_vla_suite.serving.websocket_policy_server:TIMING add_buffer_ms=36.6 frames=16 exec_start_idx=0
MV_INFER cond=normal split=test task=VideoUnmask ep=0 ep_seq=4 infer_seq=67 t=1122 es=66 k=0 motion_frames=- motion_emb_sha= motion_pos_sha= motion_mask= mem_order_sha= motion_cols_sha= donor=None cover=exact:0,fallback:0,cycle:0,cross_seg:0 gate=none num_steps=10 act_sha=b92f18bcf2048b5e infer_ms=67.2
INFO:mme_vla_suite.serving.websocket_policy_server:TIMING infer_ms=67.2
INFO:mme_vla_suite.serving.websocket_policy_server:TIMING add_buffer_ms=37.2 frames=16 exec_start_idx=0
MV_INFER cond=normal split=test task=VideoUnmask ep=0 ep_seq=4 infer_seq=68 t=1138 es=66 k=0 motion_frames=- motion_emb_sha= motion_pos_sha= motion_mask= mem_order_sha= motion_cols_sha= donor=None cover=exact:0,fallback:0,cycle:0,cross_seg:0 gate=none num_steps=10 act_sha=03a035f47db964e0 infer_ms=67.2
INFO:mme_vla_suite.serving.websocket_policy_server:TIMING infer_ms=67.2
INFO:mme_vla_suite.serving.websocket_policy_server:TIMING add_buffer_ms=36.7 frames=16 exec_start_idx=0
MV_INFER cond=normal split=test task=VideoUnmask ep=0 ep_seq=4 infer_seq=69 t=1154 es=66 k=0 motion_frames=- motion_emb_sha= motion_pos_sha= motion_mask= mem_order_sha= motion_cols_sha= donor=None cover=exact:0,fallback:0,cycle:0,cross_seg:0 gate=none num_steps=10 act_sha=18ee06d3195d1e00 infer_ms=66.8
INFO:mme_vla_suite.serving.websocket_policy_server:TIMING infer_ms=66.8
INFO:mme_vla_suite.serving.websocket_policy_server:TIMING add_buffer_ms=36.7 frames=16 exec_start_idx=0
MV_INFER cond=normal split=test task=VideoUnmask ep=0 ep_seq=4 infer_seq=70 t=1170 es=66 k=0 motion_frames=- motion_emb_sha= motion_pos_sha= motion_mask= mem_order_sha= motion_cols_sha= donor=None cover=exact:0,fallback:0,cycle:0,cross_seg:0 gate=none num_steps=10 act_sha=22d436f925814da3 infer_ms=68.8
INFO:mme_vla_suite.serving.websocket_policy_server:TIMING infer_ms=68.8
INFO:mme_vla_suite.serving.websocket_policy_server:TIMING add_buffer_ms=36.7 frames=16 exec_start_idx=0
MV_INFER cond=normal split=test task=VideoUnmask ep=0 ep_seq=4 infer_seq=71 t=1186 es=66 k=0 motion_frames=- motion_emb_sha= motion_pos_sha= motion_mask= mem_order_sha= motion_cols_sha= donor=None cover=exact:0,fallback:0,cycle:0,cross_seg:0 gate=none num_steps=10 act_sha=a75afd40fe2cbd62 infer_ms=67.0
INFO:mme_vla_suite.serving.websocket_policy_server:TIMING infer_ms=67.0
INFO:mme_vla_suite.serving.websocket_policy_server:TIMING add_buffer_ms=36.6 frames=16 exec_start_idx=0
MV_INFER cond=normal split=test task=VideoUnmask ep=0 ep_seq=4 infer_seq=72 t=1202 es=66 k=0 motion_frames=- motion_emb_sha= motion_pos_sha= motion_mask= mem_order_sha= motion_cols_sha= donor=None cover=exact:0,fallback:0,cycle:0,cross_seg:0 gate=none num_steps=10 act_sha=14cde926240f46e8 infer_ms=66.8
INFO:mme_vla_suite.serving.websocket_policy_server:TIMING infer_ms=66.8
INFO:mme_vla_suite.serving.websocket_policy_server:TIMING add_buffer_ms=37.0 frames=16 exec_start_idx=0
MV_INFER cond=normal split=test task=VideoUnmask ep=0 ep_seq=4 infer_seq=73 t=1218 es=66 k=0 motion_frames=- motion_emb_sha= motion_pos_sha= motion_mask= mem_order_sha= motion_cols_sha= donor=None cover=exact:0,fallback:0,cycle:0,cross_seg:0 gate=none num_steps=10 act_sha=5c33221b23cbe18b infer_ms=67.0
INFO:mme_vla_suite.serving.websocket_policy_server:TIMING infer_ms=67.0
INFO:mme_vla_suite.serving.websocket_policy_server:TIMING add_buffer_ms=37.1 frames=16 exec_start_idx=0
MV_INFER cond=normal split=test task=VideoUnmask ep=0 ep_seq=4 infer_seq=74 t=1234 es=66 k=0 motion_frames=- motion_emb_sha= motion_pos_sha= motion_mask= mem_order_sha= motion_cols_sha= donor=None cover=exact:0,fallback:0,cycle:0,cross_seg:0 gate=none num_steps=10 act_sha=af30e77c99f9ebc3 infer_ms=67.1
INFO:mme_vla_suite.serving.websocket_policy_server:TIMING infer_ms=67.1
INFO:mme_vla_suite.serving.websocket_policy_server:TIMING add_buffer_ms=36.9 frames=16 exec_start_idx=0
MV_INFER cond=normal split=test task=VideoUnmask ep=0 ep_seq=4 infer_seq=75 t=1250 es=66 k=0 motion_frames=- motion_emb_sha= motion_pos_sha= motion_mask= mem_order_sha= motion_cols_sha= donor=None cover=exact:0,fallback:0,cycle:0,cross_seg:0 gate=none num_steps=10 act_sha=a3442dc66a663c46 infer_ms=66.9
INFO:mme_vla_suite.serving.websocket_policy_server:TIMING infer_ms=66.9
INFO:mme_vla_suite.serving.websocket_policy_server:TIMING add_buffer_ms=36.7 frames=16 exec_start_idx=0
MV_INFER cond=normal split=test task=VideoUnmask ep=0 ep_seq=4 infer_seq=76 t=1266 es=66 k=0 motion_frames=- motion_emb_sha= motion_pos_sha= motion_mask= mem_order_sha= motion_cols_sha= donor=None cover=exact:0,fallback:0,cycle:0,cross_seg:0 gate=none num_steps=10 act_sha=bf8b6f5a0449abd9 infer_ms=66.9
INFO:mme_vla_suite.serving.websocket_policy_server:TIMING infer_ms=66.9
INFO:mme_vla_suite.serving.websocket_policy_server:TIMING add_buffer_ms=37.1 frames=16 exec_start_idx=0
MV_INFER cond=normal split=test task=VideoUnmask ep=0 ep_seq=4 infer_seq=77 t=1282 es=66 k=0 motion_frames=- motion_emb_sha= motion_pos_sha= motion_mask= mem_order_sha= motion_cols_sha= donor=None cover=exact:0,fallback:0,cycle:0,cross_seg:0 gate=none num_steps=10 act_sha=846ccd0603c6a909 infer_ms=67.1
INFO:mme_vla_suite.serving.websocket_policy_server:TIMING infer_ms=67.1
INFO:mme_vla_suite.serving.websocket_policy_server:TIMING add_buffer_ms=38.4 frames=16 exec_start_idx=0
MV_INFER cond=normal split=test task=VideoUnmask ep=0 ep_seq=4 infer_seq=78 t=1298 es=66 k=0 motion_frames=- motion_emb_sha= motion_pos_sha= motion_mask= mem_order_sha= motion_cols_sha= donor=None cover=exact:0,fallback:0,cycle:0,cross_seg:0 gate=none num_steps=10 act_sha=5449f8936877db02 infer_ms=67.4
INFO:mme_vla_suite.serving.websocket_policy_server:TIMING infer_ms=67.4
INFO:mme_vla_suite.serving.websocket_policy_server:TIMING add_buffer_ms=40.8 frames=16 exec_start_idx=0
MV_INFER cond=normal split=test task=VideoUnmask ep=0 ep_seq=4 infer_seq=79 t=1314 es=66 k=0 motion_frames=- motion_emb_sha= motion_pos_sha= motion_mask= mem_order_sha= motion_cols_sha= donor=None cover=exact:0,fallback:0,cycle:0,cross_seg:0 gate=none num_steps=10 act_sha=d6fa67bab0849470 infer_ms=67.8
INFO:mme_vla_suite.serving.websocket_policy_server:TIMING infer_ms=67.8
INFO:mme_vla_suite.serving.websocket_policy_server:TIMING add_buffer_ms=37.3 frames=16 exec_start_idx=0
MV_INFER cond=normal split=test task=VideoUnmask ep=0 ep_seq=4 infer_seq=80 t=1330 es=66 k=0 motion_frames=- motion_emb_sha= motion_pos_sha= motion_mask= mem_order_sha= motion_cols_sha= donor=None cover=exact:0,fallback:0,cycle:0,cross_seg:0 gate=none num_steps=10 act_sha=60b77df35127635e infer_ms=67.2
INFO:mme_vla_suite.serving.websocket_policy_server:TIMING infer_ms=67.2
INFO:mme_vla_suite.serving.websocket_policy_server:TIMING add_buffer_ms=38.1 frames=16 exec_start_idx=0
MV_INFER cond=normal split=test task=VideoUnmask ep=0 ep_seq=4 infer_seq=81 t=1346 es=66 k=0 motion_frames=- motion_emb_sha= motion_pos_sha= motion_mask= mem_order_sha= motion_cols_sha= donor=None cover=exact:0,fallback:0,cycle:0,cross_seg:0 gate=none num_steps=10 act_sha=a6231915c0305df9 infer_ms=67.1
INFO:mme_vla_suite.serving.websocket_policy_server:TIMING infer_ms=67.1
INFO:mme_vla_suite.serving.websocket_policy_server:TIMING add_buffer_ms=37.4 frames=16 exec_start_idx=0
MV_INFER cond=normal split=test task=VideoUnmask ep=0 ep_seq=4 infer_seq=82 t=1362 es=66 k=0 motion_frames=- motion_emb_sha= motion_pos_sha= motion_mask= mem_order_sha= motion_cols_sha= donor=None cover=exact:0,fallback:0,cycle:0,cross_seg:0 gate=none num_steps=10 act_sha=b1bcdb7a0fed40bc infer_ms=67.1
INFO:mme_vla_suite.serving.websocket_policy_server:TIMING infer_ms=67.1
INFO:websockets.server:connection open
INFO:mme_vla_suite.serving.websocket_policy_server:Connection from ('127.0.0.1', 45218) opened
MV_EPISODE_END ep_seq=4 infers=82 windows=0 wall_s=33.6
MV_EPISODE_BEGIN cond=normal split=test seed=42 ep_seq=5 expect=VideoUnmask:4
INFO:mme_vla_suite.serving.websocket_policy_server:TIMING add_buffer_ms=153.3 frames=67 exec_start_idx=66
MV_INFER cond=normal split=test task=VideoUnmask ep=4 ep_seq=5 infer_seq=1 t=66 es=66 k=0 motion_frames=- motion_emb_sha= motion_pos_sha= motion_mask= mem_order_sha= motion_cols_sha= donor=None cover=exact:0,fallback:0,cycle:0,cross_seg:0 gate=none num_steps=10 act_sha=e1774651cf9221a8 infer_ms=68.5
INFO:mme_vla_suite.serving.websocket_policy_server:TIMING infer_ms=68.5
INFO:mme_vla_suite.serving.websocket_policy_server:TIMING add_buffer_ms=38.1 frames=16 exec_start_idx=0
MV_INFER cond=normal split=test task=VideoUnmask ep=4 ep_seq=5 infer_seq=2 t=82 es=66 k=0 motion_frames=- motion_emb_sha= motion_pos_sha= motion_mask= mem_order_sha= motion_cols_sha= donor=None cover=exact:0,fallback:0,cycle:0,cross_seg:0 gate=none num_steps=10 act_sha=70e5e7171d59874a infer_ms=72.8
INFO:mme_vla_suite.serving.websocket_policy_server:TIMING infer_ms=72.8
INFO:mme_vla_suite.serving.websocket_policy_server:TIMING add_buffer_ms=35.9 frames=16 exec_start_idx=0
MV_INFER cond=normal split=test task=VideoUnmask ep=4 ep_seq=5 infer_seq=3 t=98 es=66 k=0 motion_frames=- motion_emb_sha= motion_pos_sha= motion_mask= mem_order_sha= motion_cols_sha= donor=None cover=exact:0,fallback:0,cycle:0,cross_seg:0 gate=none num_steps=10 act_sha=cf31c779008a450a infer_ms=66.9
INFO:mme_vla_suite.serving.websocket_policy_server:TIMING infer_ms=66.9
INFO:mme_vla_suite.serving.websocket_policy_server:TIMING add_buffer_ms=38.2 frames=16 exec_start_idx=0
MV_INFER cond=normal split=test task=VideoUnmask ep=4 ep_seq=5 infer_seq=4 t=114 es=66 k=0 motion_frames=- motion_emb_sha= motion_pos_sha= motion_mask= mem_order_sha= motion_cols_sha= donor=None cover=exact:0,fallback:0,cycle:0,cross_seg:0 gate=none num_steps=10 act_sha=b71072fb1ca4912f infer_ms=67.0
INFO:mme_vla_suite.serving.websocket_policy_server:TIMING infer_ms=67.0
INFO:mme_vla_suite.serving.websocket_policy_server:TIMING add_buffer_ms=35.9 frames=16 exec_start_idx=0
MV_INFER cond=normal split=test task=VideoUnmask ep=4 ep_seq=5 infer_seq=5 t=130 es=66 k=0 motion_frames=- motion_emb_sha= motion_pos_sha= motion_mask= mem_order_sha= motion_cols_sha= donor=None cover=exact:0,fallback:0,cycle:0,cross_seg:0 gate=none num_steps=10 act_sha=4647ad2290f84eeb infer_ms=66.9
INFO:mme_vla_suite.serving.websocket_policy_server:TIMING infer_ms=66.9
INFO:mme_vla_suite.serving.websocket_policy_server:TIMING add_buffer_ms=36.1 frames=16 exec_start_idx=0
MV_INFER cond=normal split=test task=VideoUnmask ep=4 ep_seq=5 infer_seq=6 t=146 es=66 k=0 motion_frames=- motion_emb_sha= motion_pos_sha= motion_mask= mem_order_sha= motion_cols_sha= donor=None cover=exact:0,fallback:0,cycle:0,cross_seg:0 gate=none num_steps=10 act_sha=5552abf21bf56b9d infer_ms=67.2
INFO:mme_vla_suite.serving.websocket_policy_server:TIMING infer_ms=67.2
INFO:mme_vla_suite.serving.websocket_policy_server:TIMING add_buffer_ms=38.3 frames=16 exec_start_idx=0
MV_INFER cond=normal split=test task=VideoUnmask ep=4 ep_seq=5 infer_seq=7 t=162 es=66 k=0 motion_frames=- motion_emb_sha= motion_pos_sha= motion_mask= mem_order_sha= motion_cols_sha= donor=None cover=exact:0,fallback:0,cycle:0,cross_seg:0 gate=none num_steps=10 act_sha=fcf8bad907c01867 infer_ms=67.1
INFO:mme_vla_suite.serving.websocket_policy_server:TIMING infer_ms=67.1
INFO:mme_vla_suite.serving.websocket_policy_server:TIMING add_buffer_ms=41.5 frames=16 exec_start_idx=0
MV_INFER cond=normal split=test task=VideoUnmask ep=4 ep_seq=5 infer_seq=8 t=178 es=66 k=0 motion_frames=- motion_emb_sha= motion_pos_sha= motion_mask= mem_order_sha= motion_cols_sha= donor=None cover=exact:0,fallback:0,cycle:0,cross_seg:0 gate=none num_steps=10 act_sha=81edbcfb095db6b3 infer_ms=67.0
INFO:mme_vla_suite.serving.websocket_policy_server:TIMING infer_ms=67.0
INFO:mme_vla_suite.serving.websocket_policy_server:TIMING add_buffer_ms=40.9 frames=16 exec_start_idx=0
MV_INFER cond=normal split=test task=VideoUnmask ep=4 ep_seq=5 infer_seq=9 t=194 es=66 k=0 motion_frames=- motion_emb_sha= motion_pos_sha= motion_mask= mem_order_sha= motion_cols_sha= donor=None cover=exact:0,fallback:0,cycle:0,cross_seg:0 gate=none num_steps=10 act_sha=3851d65b59d850e3 infer_ms=67.2
INFO:mme_vla_suite.serving.websocket_policy_server:TIMING infer_ms=67.2
INFO:mme_vla_suite.serving.websocket_policy_server:TIMING add_buffer_ms=36.2 frames=16 exec_start_idx=0
MV_INFER cond=normal split=test task=VideoUnmask ep=4 ep_seq=5 infer_seq=10 t=210 es=66 k=0 motion_frames=- motion_emb_sha= motion_pos_sha= motion_mask= mem_order_sha= motion_cols_sha= donor=None cover=exact:0,fallback:0,cycle:0,cross_seg:0 gate=none num_steps=10 act_sha=5e3a1d7f8d8036a8 infer_ms=67.0
INFO:mme_vla_suite.serving.websocket_policy_server:TIMING infer_ms=67.0
INFO:mme_vla_suite.serving.websocket_policy_server:TIMING add_buffer_ms=37.9 frames=16 exec_start_idx=0
MV_INFER cond=normal split=test task=VideoUnmask ep=4 ep_seq=5 infer_seq=11 t=226 es=66 k=0 motion_frames=- motion_emb_sha= motion_pos_sha= motion_mask= mem_order_sha= motion_cols_sha= donor=None cover=exact:0,fallback:0,cycle:0,cross_seg:0 gate=none num_steps=10 act_sha=ad1eaa6315d4e485 infer_ms=67.1
INFO:mme_vla_suite.serving.websocket_policy_server:TIMING infer_ms=67.1
INFO:mme_vla_suite.serving.websocket_policy_server:TIMING add_buffer_ms=36.9 frames=16 exec_start_idx=0
MV_INFER cond=normal split=test task=VideoUnmask ep=4 ep_seq=5 infer_seq=12 t=242 es=66 k=0 motion_frames=- motion_emb_sha= motion_pos_sha= motion_mask= mem_order_sha= motion_cols_sha= donor=None cover=exact:0,fallback:0,cycle:0,cross_seg:0 gate=none num_steps=10 act_sha=537640e144700cac infer_ms=67.2
INFO:mme_vla_suite.serving.websocket_policy_server:TIMING infer_ms=67.2
INFO:mme_vla_suite.serving.websocket_policy_server:TIMING add_buffer_ms=36.7 frames=16 exec_start_idx=0
MV_INFER cond=normal split=test task=VideoUnmask ep=4 ep_seq=5 infer_seq=13 t=258 es=66 k=0 motion_frames=- motion_emb_sha= motion_pos_sha= motion_mask= mem_order_sha= motion_cols_sha= donor=None cover=exact:0,fallback:0,cycle:0,cross_seg:0 gate=none num_steps=10 act_sha=7a3bb5ec40c29015 infer_ms=66.8
INFO:mme_vla_suite.serving.websocket_policy_server:TIMING infer_ms=66.8
INFO:mme_vla_suite.serving.websocket_policy_server:TIMING add_buffer_ms=36.6 frames=16 exec_start_idx=0
MV_INFER cond=normal split=test task=VideoUnmask ep=4 ep_seq=5 infer_seq=14 t=274 es=66 k=0 motion_frames=- motion_emb_sha= motion_pos_sha= motion_mask= mem_order_sha= motion_cols_sha= donor=None cover=exact:0,fallback:0,cycle:0,cross_seg:0 gate=none num_steps=10 act_sha=c4e76662f6e341d0 infer_ms=66.8
INFO:mme_vla_suite.serving.websocket_policy_server:TIMING infer_ms=66.8
INFO:mme_vla_suite.serving.websocket_policy_server:TIMING add_buffer_ms=36.6 frames=16 exec_start_idx=0
MV_INFER cond=normal split=test task=VideoUnmask ep=4 ep_seq=5 infer_seq=15 t=290 es=66 k=0 motion_frames=- motion_emb_sha= motion_pos_sha= motion_mask= mem_order_sha= motion_cols_sha= donor=None cover=exact:0,fallback:0,cycle:0,cross_seg:0 gate=none num_steps=10 act_sha=dff42226f6ff1e70 infer_ms=67.1
INFO:mme_vla_suite.serving.websocket_policy_server:TIMING infer_ms=67.1
INFO:mme_vla_suite.serving.websocket_policy_server:TIMING add_buffer_ms=37.0 frames=16 exec_start_idx=0
MV_INFER cond=normal split=test task=VideoUnmask ep=4 ep_seq=5 infer_seq=16 t=306 es=66 k=0 motion_frames=- motion_emb_sha= motion_pos_sha= motion_mask= mem_order_sha= motion_cols_sha= donor=None cover=exact:0,fallback:0,cycle:0,cross_seg:0 gate=none num_steps=10 act_sha=19c5200c81d67beb infer_ms=67.2
INFO:mme_vla_suite.serving.websocket_policy_server:TIMING infer_ms=67.2
INFO:mme_vla_suite.serving.websocket_policy_server:TIMING add_buffer_ms=37.3 frames=16 exec_start_idx=0
MV_INFER cond=normal split=test task=VideoUnmask ep=4 ep_seq=5 infer_seq=17 t=322 es=66 k=0 motion_frames=- motion_emb_sha= motion_pos_sha= motion_mask= mem_order_sha= motion_cols_sha= donor=None cover=exact:0,fallback:0,cycle:0,cross_seg:0 gate=none num_steps=10 act_sha=aa653c23a3caf022 infer_ms=67.1
INFO:mme_vla_suite.serving.websocket_policy_server:TIMING infer_ms=67.1
INFO:mme_vla_suite.serving.websocket_policy_server:TIMING add_buffer_ms=37.7 frames=16 exec_start_idx=0
MV_INFER cond=normal split=test task=VideoUnmask ep=4 ep_seq=5 infer_seq=18 t=338 es=66 k=0 motion_frames=- motion_emb_sha= motion_pos_sha= motion_mask= mem_order_sha= motion_cols_sha= donor=None cover=exact:0,fallback:0,cycle:0,cross_seg:0 gate=none num_steps=10 act_sha=2be99a49d366cbb7 infer_ms=67.4
INFO:mme_vla_suite.serving.websocket_policy_server:TIMING infer_ms=67.4
INFO:mme_vla_suite.serving.websocket_policy_server:TIMING add_buffer_ms=36.9 frames=16 exec_start_idx=0
MV_INFER cond=normal split=test task=VideoUnmask ep=4 ep_seq=5 infer_seq=19 t=354 es=66 k=0 motion_frames=- motion_emb_sha= motion_pos_sha= motion_mask= mem_order_sha= motion_cols_sha= donor=None cover=exact:0,fallback:0,cycle:0,cross_seg:0 gate=none num_steps=10 act_sha=f9c66559f6c7530b infer_ms=67.1
INFO:mme_vla_suite.serving.websocket_policy_server:TIMING infer_ms=67.1
INFO:mme_vla_suite.serving.websocket_policy_server:TIMING add_buffer_ms=36.7 frames=16 exec_start_idx=0
MV_INFER cond=normal split=test task=VideoUnmask ep=4 ep_seq=5 infer_seq=20 t=370 es=66 k=0 motion_frames=- motion_emb_sha= motion_pos_sha= motion_mask= mem_order_sha= motion_cols_sha= donor=None cover=exact:0,fallback:0,cycle:0,cross_seg:0 gate=none num_steps=10 act_sha=c98f116b1a5dffac infer_ms=67.0
INFO:mme_vla_suite.serving.websocket_policy_server:TIMING infer_ms=67.0
INFO:mme_vla_suite.serving.websocket_policy_server:TIMING add_buffer_ms=37.2 frames=16 exec_start_idx=0
MV_INFER cond=normal split=test task=VideoUnmask ep=4 ep_seq=5 infer_seq=21 t=386 es=66 k=0 motion_frames=- motion_emb_sha= motion_pos_sha= motion_mask= mem_order_sha= motion_cols_sha= donor=None cover=exact:0,fallback:0,cycle:0,cross_seg:0 gate=none num_steps=10 act_sha=b723c8063ef68000 infer_ms=67.0
INFO:mme_vla_suite.serving.websocket_policy_server:TIMING infer_ms=67.0
INFO:mme_vla_suite.serving.websocket_policy_server:TIMING add_buffer_ms=37.1 frames=16 exec_start_idx=0
MV_INFER cond=normal split=test task=VideoUnmask ep=4 ep_seq=5 infer_seq=22 t=402 es=66 k=0 motion_frames=- motion_emb_sha= motion_pos_sha= motion_mask= mem_order_sha= motion_cols_sha= donor=None cover=exact:0,fallback:0,cycle:0,cross_seg:0 gate=none num_steps=10 act_sha=1a0831f5f22ce37e infer_ms=67.0
INFO:mme_vla_suite.serving.websocket_policy_server:TIMING infer_ms=67.0
INFO:mme_vla_suite.serving.websocket_policy_server:TIMING add_buffer_ms=37.4 frames=16 exec_start_idx=0
MV_INFER cond=normal split=test task=VideoUnmask ep=4 ep_seq=5 infer_seq=23 t=418 es=66 k=0 motion_frames=- motion_emb_sha= motion_pos_sha= motion_mask= mem_order_sha= motion_cols_sha= donor=None cover=exact:0,fallback:0,cycle:0,cross_seg:0 gate=none num_steps=10 act_sha=6b7a57bd380414a9 infer_ms=67.4
INFO:mme_vla_suite.serving.websocket_policy_server:TIMING infer_ms=67.4
INFO:mme_vla_suite.serving.websocket_policy_server:TIMING add_buffer_ms=37.2 frames=16 exec_start_idx=0
MV_INFER cond=normal split=test task=VideoUnmask ep=4 ep_seq=5 infer_seq=24 t=434 es=66 k=0 motion_frames=- motion_emb_sha= motion_pos_sha= motion_mask= mem_order_sha= motion_cols_sha= donor=None cover=exact:0,fallback:0,cycle:0,cross_seg:0 gate=none num_steps=10 act_sha=82b7f25cad36d8b9 infer_ms=67.3
INFO:mme_vla_suite.serving.websocket_policy_server:TIMING infer_ms=67.3
INFO:mme_vla_suite.serving.websocket_policy_server:TIMING add_buffer_ms=37.0 frames=16 exec_start_idx=0
MV_INFER cond=normal split=test task=VideoUnmask ep=4 ep_seq=5 infer_seq=25 t=450 es=66 k=0 motion_frames=- motion_emb_sha= motion_pos_sha= motion_mask= mem_order_sha= motion_cols_sha= donor=None cover=exact:0,fallback:0,cycle:0,cross_seg:0 gate=none num_steps=10 act_sha=c94b8c30ddbf04e7 infer_ms=66.9
INFO:mme_vla_suite.serving.websocket_policy_server:TIMING infer_ms=66.9
INFO:mme_vla_suite.serving.websocket_policy_server:TIMING add_buffer_ms=37.9 frames=16 exec_start_idx=0
MV_INFER cond=normal split=test task=VideoUnmask ep=4 ep_seq=5 infer_seq=26 t=466 es=66 k=0 motion_frames=- motion_emb_sha= motion_pos_sha= motion_mask= mem_order_sha= motion_cols_sha= donor=None cover=exact:0,fallback:0,cycle:0,cross_seg:0 gate=none num_steps=10 act_sha=85268d99b02cefeb infer_ms=67.3
INFO:mme_vla_suite.serving.websocket_policy_server:TIMING infer_ms=67.3
INFO:mme_vla_suite.serving.websocket_policy_server:TIMING add_buffer_ms=37.2 frames=16 exec_start_idx=0
MV_INFER cond=normal split=test task=VideoUnmask ep=4 ep_seq=5 infer_seq=27 t=482 es=66 k=0 motion_frames=- motion_emb_sha= motion_pos_sha= motion_mask= mem_order_sha= motion_cols_sha= donor=None cover=exact:0,fallback:0,cycle:0,cross_seg:0 gate=none num_steps=10 act_sha=4adbdb00980ef5c7 infer_ms=67.0
INFO:mme_vla_suite.serving.websocket_policy_server:TIMING infer_ms=67.0
INFO:mme_vla_suite.serving.websocket_policy_server:TIMING add_buffer_ms=38.1 frames=16 exec_start_idx=0
MV_INFER cond=normal split=test task=VideoUnmask ep=4 ep_seq=5 infer_seq=28 t=498 es=66 k=0 motion_frames=- motion_emb_sha= motion_pos_sha= motion_mask= mem_order_sha= motion_cols_sha= donor=None cover=exact:0,fallback:0,cycle:0,cross_seg:0 gate=none num_steps=10 act_sha=02a67105737dc6f3 infer_ms=67.4
INFO:mme_vla_suite.serving.websocket_policy_server:TIMING infer_ms=67.4
INFO:mme_vla_suite.serving.websocket_policy_server:TIMING add_buffer_ms=37.7 frames=16 exec_start_idx=0
MV_INFER cond=normal split=test task=VideoUnmask ep=4 ep_seq=5 infer_seq=29 t=514 es=66 k=0 motion_frames=- motion_emb_sha= motion_pos_sha= motion_mask= mem_order_sha= motion_cols_sha= donor=None cover=exact:0,fallback:0,cycle:0,cross_seg:0 gate=none num_steps=10 act_sha=72f048b518651899 infer_ms=67.0
INFO:mme_vla_suite.serving.websocket_policy_server:TIMING infer_ms=67.0
INFO:mme_vla_suite.serving.websocket_policy_server:TIMING add_buffer_ms=37.6 frames=16 exec_start_idx=0
MV_INFER cond=normal split=test task=VideoUnmask ep=4 ep_seq=5 infer_seq=30 t=530 es=66 k=0 motion_frames=- motion_emb_sha= motion_pos_sha= motion_mask= mem_order_sha= motion_cols_sha= donor=None cover=exact:0,fallback:0,cycle:0,cross_seg:0 gate=none num_steps=10 act_sha=5f397689d3beff85 infer_ms=67.0
INFO:mme_vla_suite.serving.websocket_policy_server:TIMING infer_ms=67.0
INFO:mme_vla_suite.serving.websocket_policy_server:TIMING add_buffer_ms=37.9 frames=16 exec_start_idx=0
MV_INFER cond=normal split=test task=VideoUnmask ep=4 ep_seq=5 infer_seq=31 t=546 es=66 k=0 motion_frames=- motion_emb_sha= motion_pos_sha= motion_mask= mem_order_sha= motion_cols_sha= donor=None cover=exact:0,fallback:0,cycle:0,cross_seg:0 gate=none num_steps=10 act_sha=a4889bbd387df337 infer_ms=67.1
INFO:mme_vla_suite.serving.websocket_policy_server:TIMING infer_ms=67.1
INFO:mme_vla_suite.serving.websocket_policy_server:TIMING add_buffer_ms=37.6 frames=16 exec_start_idx=0
MV_INFER cond=normal split=test task=VideoUnmask ep=4 ep_seq=5 infer_seq=32 t=562 es=66 k=0 motion_frames=- motion_emb_sha= motion_pos_sha= motion_mask= mem_order_sha= motion_cols_sha= donor=None cover=exact:0,fallback:0,cycle:0,cross_seg:0 gate=none num_steps=10 act_sha=42e40386e19c7fba infer_ms=67.2
INFO:mme_vla_suite.serving.websocket_policy_server:TIMING infer_ms=67.2
INFO:mme_vla_suite.serving.websocket_policy_server:TIMING add_buffer_ms=37.6 frames=16 exec_start_idx=0
MV_INFER cond=normal split=test task=VideoUnmask ep=4 ep_seq=5 infer_seq=33 t=578 es=66 k=0 motion_frames=- motion_emb_sha= motion_pos_sha= motion_mask= mem_order_sha= motion_cols_sha= donor=None cover=exact:0,fallback:0,cycle:0,cross_seg:0 gate=none num_steps=10 act_sha=68010c41b89ddc00 infer_ms=67.2
INFO:mme_vla_suite.serving.websocket_policy_server:TIMING infer_ms=67.2
INFO:mme_vla_suite.serving.websocket_policy_server:TIMING add_buffer_ms=37.1 frames=16 exec_start_idx=0
MV_INFER cond=normal split=test task=VideoUnmask ep=4 ep_seq=5 infer_seq=34 t=594 es=66 k=0 motion_frames=- motion_emb_sha= motion_pos_sha= motion_mask= mem_order_sha= motion_cols_sha= donor=None cover=exact:0,fallback:0,cycle:0,cross_seg:0 gate=none num_steps=10 act_sha=c72c3bfdcb458e67 infer_ms=67.0
INFO:mme_vla_suite.serving.websocket_policy_server:TIMING infer_ms=67.0
INFO:mme_vla_suite.serving.websocket_policy_server:TIMING add_buffer_ms=37.6 frames=16 exec_start_idx=0
MV_INFER cond=normal split=test task=VideoUnmask ep=4 ep_seq=5 infer_seq=35 t=610 es=66 k=0 motion_frames=- motion_emb_sha= motion_pos_sha= motion_mask= mem_order_sha= motion_cols_sha= donor=None cover=exact:0,fallback:0,cycle:0,cross_seg:0 gate=none num_steps=10 act_sha=dc0141ab50533459 infer_ms=67.1
INFO:mme_vla_suite.serving.websocket_policy_server:TIMING infer_ms=67.1
INFO:mme_vla_suite.serving.websocket_policy_server:TIMING add_buffer_ms=37.2 frames=16 exec_start_idx=0
MV_INFER cond=normal split=test task=VideoUnmask ep=4 ep_seq=5 infer_seq=36 t=626 es=66 k=0 motion_frames=- motion_emb_sha= motion_pos_sha= motion_mask= mem_order_sha= motion_cols_sha= donor=None cover=exact:0,fallback:0,cycle:0,cross_seg:0 gate=none num_steps=10 act_sha=980fc53066cc1104 infer_ms=67.2
INFO:mme_vla_suite.serving.websocket_policy_server:TIMING infer_ms=67.2
INFO:mme_vla_suite.serving.websocket_policy_server:TIMING add_buffer_ms=37.2 frames=16 exec_start_idx=0
MV_INFER cond=normal split=test task=VideoUnmask ep=4 ep_seq=5 infer_seq=37 t=642 es=66 k=0 motion_frames=- motion_emb_sha= motion_pos_sha= motion_mask= mem_order_sha= motion_cols_sha= donor=None cover=exact:0,fallback:0,cycle:0,cross_seg:0 gate=none num_steps=10 act_sha=d5a970176bf51b22 infer_ms=67.4
INFO:mme_vla_suite.serving.websocket_policy_server:TIMING infer_ms=67.4
INFO:mme_vla_suite.serving.websocket_policy_server:TIMING add_buffer_ms=37.7 frames=16 exec_start_idx=0
MV_INFER cond=normal split=test task=VideoUnmask ep=4 ep_seq=5 infer_seq=38 t=658 es=66 k=0 motion_frames=- motion_emb_sha= motion_pos_sha= motion_mask= mem_order_sha= motion_cols_sha= donor=None cover=exact:0,fallback:0,cycle:0,cross_seg:0 gate=none num_steps=10 act_sha=fe5771e9467b92d9 infer_ms=67.3
INFO:mme_vla_suite.serving.websocket_policy_server:TIMING infer_ms=67.3
INFO:mme_vla_suite.serving.websocket_policy_server:TIMING add_buffer_ms=37.3 frames=16 exec_start_idx=0
MV_INFER cond=normal split=test task=VideoUnmask ep=4 ep_seq=5 infer_seq=39 t=674 es=66 k=0 motion_frames=- motion_emb_sha= motion_pos_sha= motion_mask= mem_order_sha= motion_cols_sha= donor=None cover=exact:0,fallback:0,cycle:0,cross_seg:0 gate=none num_steps=10 act_sha=d4e6840b1ae983dc infer_ms=67.4
INFO:mme_vla_suite.serving.websocket_policy_server:TIMING infer_ms=67.4
INFO:mme_vla_suite.serving.websocket_policy_server:TIMING add_buffer_ms=37.4 frames=16 exec_start_idx=0
MV_INFER cond=normal split=test task=VideoUnmask ep=4 ep_seq=5 infer_seq=40 t=690 es=66 k=0 motion_frames=- motion_emb_sha= motion_pos_sha= motion_mask= mem_order_sha= motion_cols_sha= donor=None cover=exact:0,fallback:0,cycle:0,cross_seg:0 gate=none num_steps=10 act_sha=392cdbdee49b7da6 infer_ms=67.3
INFO:mme_vla_suite.serving.websocket_policy_server:TIMING infer_ms=67.3
INFO:mme_vla_suite.serving.websocket_policy_server:TIMING add_buffer_ms=37.6 frames=16 exec_start_idx=0
MV_INFER cond=normal split=test task=VideoUnmask ep=4 ep_seq=5 infer_seq=41 t=706 es=66 k=0 motion_frames=- motion_emb_sha= motion_pos_sha= motion_mask= mem_order_sha= motion_cols_sha= donor=None cover=exact:0,fallback:0,cycle:0,cross_seg:0 gate=none num_steps=10 act_sha=b5276f57a3e6b3dd infer_ms=67.0
INFO:mme_vla_suite.serving.websocket_policy_server:TIMING infer_ms=67.0
INFO:mme_vla_suite.serving.websocket_policy_server:TIMING add_buffer_ms=37.1 frames=16 exec_start_idx=0
MV_INFER cond=normal split=test task=VideoUnmask ep=4 ep_seq=5 infer_seq=42 t=722 es=66 k=0 motion_frames=- motion_emb_sha= motion_pos_sha= motion_mask= mem_order_sha= motion_cols_sha= donor=None cover=exact:0,fallback:0,cycle:0,cross_seg:0 gate=none num_steps=10 act_sha=418479936f133f8b infer_ms=67.0
INFO:mme_vla_suite.serving.websocket_policy_server:TIMING infer_ms=67.0
INFO:mme_vla_suite.serving.websocket_policy_server:TIMING add_buffer_ms=37.5 frames=16 exec_start_idx=0
MV_INFER cond=normal split=test task=VideoUnmask ep=4 ep_seq=5 infer_seq=43 t=738 es=66 k=0 motion_frames=- motion_emb_sha= motion_pos_sha= motion_mask= mem_order_sha= motion_cols_sha= donor=None cover=exact:0,fallback:0,cycle:0,cross_seg:0 gate=none num_steps=10 act_sha=f209d400d900fd1c infer_ms=67.3
INFO:mme_vla_suite.serving.websocket_policy_server:TIMING infer_ms=67.3
INFO:mme_vla_suite.serving.websocket_policy_server:TIMING add_buffer_ms=36.7 frames=16 exec_start_idx=0
MV_INFER cond=normal split=test task=VideoUnmask ep=4 ep_seq=5 infer_seq=44 t=754 es=66 k=0 motion_frames=- motion_emb_sha= motion_pos_sha= motion_mask= mem_order_sha= motion_cols_sha= donor=None cover=exact:0,fallback:0,cycle:0,cross_seg:0 gate=none num_steps=10 act_sha=d3606463e88ce130 infer_ms=66.9
INFO:mme_vla_suite.serving.websocket_policy_server:TIMING infer_ms=66.9
INFO:mme_vla_suite.serving.websocket_policy_server:TIMING add_buffer_ms=37.3 frames=16 exec_start_idx=0
MV_INFER cond=normal split=test task=VideoUnmask ep=4 ep_seq=5 infer_seq=45 t=770 es=66 k=0 motion_frames=- motion_emb_sha= motion_pos_sha= motion_mask= mem_order_sha= motion_cols_sha= donor=None cover=exact:0,fallback:0,cycle:0,cross_seg:0 gate=none num_steps=10 act_sha=47acd48fc00fdfa3 infer_ms=67.0
INFO:mme_vla_suite.serving.websocket_policy_server:TIMING infer_ms=67.0
INFO:mme_vla_suite.serving.websocket_policy_server:TIMING add_buffer_ms=37.3 frames=16 exec_start_idx=0
MV_INFER cond=normal split=test task=VideoUnmask ep=4 ep_seq=5 infer_seq=46 t=786 es=66 k=0 motion_frames=- motion_emb_sha= motion_pos_sha= motion_mask= mem_order_sha= motion_cols_sha= donor=None cover=exact:0,fallback:0,cycle:0,cross_seg:0 gate=none num_steps=10 act_sha=37eb5c7f9bea7165 infer_ms=67.2
INFO:mme_vla_suite.serving.websocket_policy_server:TIMING infer_ms=67.2
INFO:mme_vla_suite.serving.websocket_policy_server:TIMING add_buffer_ms=37.0 frames=16 exec_start_idx=0
MV_INFER cond=normal split=test task=VideoUnmask ep=4 ep_seq=5 infer_seq=47 t=802 es=66 k=0 motion_frames=- motion_emb_sha= motion_pos_sha= motion_mask= mem_order_sha= motion_cols_sha= donor=None cover=exact:0,fallback:0,cycle:0,cross_seg:0 gate=none num_steps=10 act_sha=7870894b335391d3 infer_ms=67.0
INFO:mme_vla_suite.serving.websocket_policy_server:TIMING infer_ms=67.0
INFO:mme_vla_suite.serving.websocket_policy_server:TIMING add_buffer_ms=39.5 frames=16 exec_start_idx=0
MV_INFER cond=normal split=test task=VideoUnmask ep=4 ep_seq=5 infer_seq=48 t=818 es=66 k=0 motion_frames=- motion_emb_sha= motion_pos_sha= motion_mask= mem_order_sha= motion_cols_sha= donor=None cover=exact:0,fallback:0,cycle:0,cross_seg:0 gate=none num_steps=10 act_sha=c35382b6071e687e infer_ms=67.4
INFO:mme_vla_suite.serving.websocket_policy_server:TIMING infer_ms=67.4
INFO:mme_vla_suite.serving.websocket_policy_server:TIMING add_buffer_ms=39.6 frames=16 exec_start_idx=0
MV_INFER cond=normal split=test task=VideoUnmask ep=4 ep_seq=5 infer_seq=49 t=834 es=66 k=0 motion_frames=- motion_emb_sha= motion_pos_sha= motion_mask= mem_order_sha= motion_cols_sha= donor=None cover=exact:0,fallback:0,cycle:0,cross_seg:0 gate=none num_steps=10 act_sha=63028a8d608221e6 infer_ms=67.3
INFO:mme_vla_suite.serving.websocket_policy_server:TIMING infer_ms=67.3
INFO:mme_vla_suite.serving.websocket_policy_server:TIMING add_buffer_ms=38.4 frames=16 exec_start_idx=0
MV_INFER cond=normal split=test task=VideoUnmask ep=4 ep_seq=5 infer_seq=50 t=850 es=66 k=0 motion_frames=- motion_emb_sha= motion_pos_sha= motion_mask= mem_order_sha= motion_cols_sha= donor=None cover=exact:0,fallback:0,cycle:0,cross_seg:0 gate=none num_steps=10 act_sha=52cafdeaf1b71caf infer_ms=67.7
INFO:mme_vla_suite.serving.websocket_policy_server:TIMING infer_ms=67.7
INFO:mme_vla_suite.serving.websocket_policy_server:TIMING add_buffer_ms=38.0 frames=16 exec_start_idx=0
MV_INFER cond=normal split=test task=VideoUnmask ep=4 ep_seq=5 infer_seq=51 t=866 es=66 k=0 motion_frames=- motion_emb_sha= motion_pos_sha= motion_mask= mem_order_sha= motion_cols_sha= donor=None cover=exact:0,fallback:0,cycle:0,cross_seg:0 gate=none num_steps=10 act_sha=e2f2e99a1b5e9e65 infer_ms=67.2
INFO:mme_vla_suite.serving.websocket_policy_server:TIMING infer_ms=67.2
INFO:mme_vla_suite.serving.websocket_policy_server:TIMING add_buffer_ms=37.7 frames=16 exec_start_idx=0
MV_INFER cond=normal split=test task=VideoUnmask ep=4 ep_seq=5 infer_seq=52 t=882 es=66 k=0 motion_frames=- motion_emb_sha= motion_pos_sha= motion_mask= mem_order_sha= motion_cols_sha= donor=None cover=exact:0,fallback:0,cycle:0,cross_seg:0 gate=none num_steps=10 act_sha=a15b907469597a9f infer_ms=67.4
INFO:mme_vla_suite.serving.websocket_policy_server:TIMING infer_ms=67.4
INFO:mme_vla_suite.serving.websocket_policy_server:TIMING add_buffer_ms=37.6 frames=16 exec_start_idx=0
MV_INFER cond=normal split=test task=VideoUnmask ep=4 ep_seq=5 infer_seq=53 t=898 es=66 k=0 motion_frames=- motion_emb_sha= motion_pos_sha= motion_mask= mem_order_sha= motion_cols_sha= donor=None cover=exact:0,fallback:0,cycle:0,cross_seg:0 gate=none num_steps=10 act_sha=a45376bac1c6b51e infer_ms=67.3
INFO:mme_vla_suite.serving.websocket_policy_server:TIMING infer_ms=67.3
INFO:mme_vla_suite.serving.websocket_policy_server:TIMING add_buffer_ms=37.0 frames=16 exec_start_idx=0
MV_INFER cond=normal split=test task=VideoUnmask ep=4 ep_seq=5 infer_seq=54 t=914 es=66 k=0 motion_frames=- motion_emb_sha= motion_pos_sha= motion_mask= mem_order_sha= motion_cols_sha= donor=None cover=exact:0,fallback:0,cycle:0,cross_seg:0 gate=none num_steps=10 act_sha=4cb13a4eaf6ca337 infer_ms=67.0
INFO:mme_vla_suite.serving.websocket_policy_server:TIMING infer_ms=67.0
INFO:mme_vla_suite.serving.websocket_policy_server:TIMING add_buffer_ms=36.9 frames=16 exec_start_idx=0
MV_INFER cond=normal split=test task=VideoUnmask ep=4 ep_seq=5 infer_seq=55 t=930 es=66 k=0 motion_frames=- motion_emb_sha= motion_pos_sha= motion_mask= mem_order_sha= motion_cols_sha= donor=None cover=exact:0,fallback:0,cycle:0,cross_seg:0 gate=none num_steps=10 act_sha=bbb8d497ecaa46a9 infer_ms=67.1
INFO:mme_vla_suite.serving.websocket_policy_server:TIMING infer_ms=67.1
INFO:mme_vla_suite.serving.websocket_policy_server:TIMING add_buffer_ms=37.0 frames=16 exec_start_idx=0
MV_INFER cond=normal split=test task=VideoUnmask ep=4 ep_seq=5 infer_seq=56 t=946 es=66 k=0 motion_frames=- motion_emb_sha= motion_pos_sha= motion_mask= mem_order_sha= motion_cols_sha= donor=None cover=exact:0,fallback:0,cycle:0,cross_seg:0 gate=none num_steps=10 act_sha=e7743f2d31447a56 infer_ms=66.9
INFO:mme_vla_suite.serving.websocket_policy_server:TIMING infer_ms=66.9
INFO:mme_vla_suite.serving.websocket_policy_server:TIMING add_buffer_ms=37.0 frames=16 exec_start_idx=0
MV_INFER cond=normal split=test task=VideoUnmask ep=4 ep_seq=5 infer_seq=57 t=962 es=66 k=0 motion_frames=- motion_emb_sha= motion_pos_sha= motion_mask= mem_order_sha= motion_cols_sha= donor=None cover=exact:0,fallback:0,cycle:0,cross_seg:0 gate=none num_steps=10 act_sha=0d8b43fb54c7f4db infer_ms=67.3
INFO:mme_vla_suite.serving.websocket_policy_server:TIMING infer_ms=67.3
INFO:mme_vla_suite.serving.websocket_policy_server:TIMING add_buffer_ms=37.6 frames=16 exec_start_idx=0
MV_INFER cond=normal split=test task=VideoUnmask ep=4 ep_seq=5 infer_seq=58 t=978 es=66 k=0 motion_frames=- motion_emb_sha= motion_pos_sha= motion_mask= mem_order_sha= motion_cols_sha= donor=None cover=exact:0,fallback:0,cycle:0,cross_seg:0 gate=none num_steps=10 act_sha=9cf9bba8ee99d5f7 infer_ms=67.4
INFO:mme_vla_suite.serving.websocket_policy_server:TIMING infer_ms=67.4
INFO:mme_vla_suite.serving.websocket_policy_server:TIMING add_buffer_ms=37.1 frames=16 exec_start_idx=0
MV_INFER cond=normal split=test task=VideoUnmask ep=4 ep_seq=5 infer_seq=59 t=994 es=66 k=0 motion_frames=- motion_emb_sha= motion_pos_sha= motion_mask= mem_order_sha= motion_cols_sha= donor=None cover=exact:0,fallback:0,cycle:0,cross_seg:0 gate=none num_steps=10 act_sha=0c312f9da763fe79 infer_ms=67.2
INFO:mme_vla_suite.serving.websocket_policy_server:TIMING infer_ms=67.2
INFO:mme_vla_suite.serving.websocket_policy_server:TIMING add_buffer_ms=39.1 frames=16 exec_start_idx=0
MV_INFER cond=normal split=test task=VideoUnmask ep=4 ep_seq=5 infer_seq=60 t=1010 es=66 k=0 motion_frames=- motion_emb_sha= motion_pos_sha= motion_mask= mem_order_sha= motion_cols_sha= donor=None cover=exact:0,fallback:0,cycle:0,cross_seg:0 gate=none num_steps=10 act_sha=5542ab585a6edee1 infer_ms=67.1
INFO:mme_vla_suite.serving.websocket_policy_server:TIMING infer_ms=67.1
INFO:mme_vla_suite.serving.websocket_policy_server:TIMING add_buffer_ms=37.8 frames=16 exec_start_idx=0
MV_INFER cond=normal split=test task=VideoUnmask ep=4 ep_seq=5 infer_seq=61 t=1026 es=66 k=0 motion_frames=- motion_emb_sha= motion_pos_sha= motion_mask= mem_order_sha= motion_cols_sha= donor=None cover=exact:0,fallback:0,cycle:0,cross_seg:0 gate=none num_steps=10 act_sha=c03a47c2ee19ac95 infer_ms=67.2
INFO:mme_vla_suite.serving.websocket_policy_server:TIMING infer_ms=67.2
INFO:mme_vla_suite.serving.websocket_policy_server:TIMING add_buffer_ms=37.7 frames=16 exec_start_idx=0
MV_INFER cond=normal split=test task=VideoUnmask ep=4 ep_seq=5 infer_seq=62 t=1042 es=66 k=0 motion_frames=- motion_emb_sha= motion_pos_sha= motion_mask= mem_order_sha= motion_cols_sha= donor=None cover=exact:0,fallback:0,cycle:0,cross_seg:0 gate=none num_steps=10 act_sha=fc8673ba57415b96 infer_ms=67.1
INFO:mme_vla_suite.serving.websocket_policy_server:TIMING infer_ms=67.1
INFO:mme_vla_suite.serving.websocket_policy_server:TIMING add_buffer_ms=37.5 frames=16 exec_start_idx=0
MV_INFER cond=normal split=test task=VideoUnmask ep=4 ep_seq=5 infer_seq=63 t=1058 es=66 k=0 motion_frames=- motion_emb_sha= motion_pos_sha= motion_mask= mem_order_sha= motion_cols_sha= donor=None cover=exact:0,fallback:0,cycle:0,cross_seg:0 gate=none num_steps=10 act_sha=1be56fdb9ece1c5a infer_ms=67.2
INFO:mme_vla_suite.serving.websocket_policy_server:TIMING infer_ms=67.2
INFO:mme_vla_suite.serving.websocket_policy_server:TIMING add_buffer_ms=37.3 frames=16 exec_start_idx=0
MV_INFER cond=normal split=test task=VideoUnmask ep=4 ep_seq=5 infer_seq=64 t=1074 es=66 k=0 motion_frames=- motion_emb_sha= motion_pos_sha= motion_mask= mem_order_sha= motion_cols_sha= donor=None cover=exact:0,fallback:0,cycle:0,cross_seg:0 gate=none num_steps=10 act_sha=366f5997a0111a9a infer_ms=67.1
INFO:mme_vla_suite.serving.websocket_policy_server:TIMING infer_ms=67.1
INFO:mme_vla_suite.serving.websocket_policy_server:TIMING add_buffer_ms=38.2 frames=16 exec_start_idx=0
MV_INFER cond=normal split=test task=VideoUnmask ep=4 ep_seq=5 infer_seq=65 t=1090 es=66 k=0 motion_frames=- motion_emb_sha= motion_pos_sha= motion_mask= mem_order_sha= motion_cols_sha= donor=None cover=exact:0,fallback:0,cycle:0,cross_seg:0 gate=none num_steps=10 act_sha=12de97d8683046bd infer_ms=67.0
INFO:mme_vla_suite.serving.websocket_policy_server:TIMING infer_ms=67.0
INFO:mme_vla_suite.serving.websocket_policy_server:TIMING add_buffer_ms=37.3 frames=16 exec_start_idx=0
MV_INFER cond=normal split=test task=VideoUnmask ep=4 ep_seq=5 infer_seq=66 t=1106 es=66 k=0 motion_frames=- motion_emb_sha= motion_pos_sha= motion_mask= mem_order_sha= motion_cols_sha= donor=None cover=exact:0,fallback:0,cycle:0,cross_seg:0 gate=none num_steps=10 act_sha=acb77ac1397b0eec infer_ms=66.9
INFO:mme_vla_suite.serving.websocket_policy_server:TIMING infer_ms=66.9
INFO:mme_vla_suite.serving.websocket_policy_server:TIMING add_buffer_ms=38.0 frames=16 exec_start_idx=0
MV_INFER cond=normal split=test task=VideoUnmask ep=4 ep_seq=5 infer_seq=67 t=1122 es=66 k=0 motion_frames=- motion_emb_sha= motion_pos_sha= motion_mask= mem_order_sha= motion_cols_sha= donor=None cover=exact:0,fallback:0,cycle:0,cross_seg:0 gate=none num_steps=10 act_sha=7b2b2610a61a6a7e infer_ms=66.9
INFO:mme_vla_suite.serving.websocket_policy_server:TIMING infer_ms=66.9
INFO:mme_vla_suite.serving.websocket_policy_server:TIMING add_buffer_ms=38.1 frames=16 exec_start_idx=0
MV_INFER cond=normal split=test task=VideoUnmask ep=4 ep_seq=5 infer_seq=68 t=1138 es=66 k=0 motion_frames=- motion_emb_sha= motion_pos_sha= motion_mask= mem_order_sha= motion_cols_sha= donor=None cover=exact:0,fallback:0,cycle:0,cross_seg:0 gate=none num_steps=10 act_sha=e66850bf6356c6b2 infer_ms=67.0
INFO:mme_vla_suite.serving.websocket_policy_server:TIMING infer_ms=67.0
INFO:mme_vla_suite.serving.websocket_policy_server:TIMING add_buffer_ms=37.6 frames=16 exec_start_idx=0
MV_INFER cond=normal split=test task=VideoUnmask ep=4 ep_seq=5 infer_seq=69 t=1154 es=66 k=0 motion_frames=- motion_emb_sha= motion_pos_sha= motion_mask= mem_order_sha= motion_cols_sha= donor=None cover=exact:0,fallback:0,cycle:0,cross_seg:0 gate=none num_steps=10 act_sha=feb76a3f58cafd18 infer_ms=66.9
INFO:mme_vla_suite.serving.websocket_policy_server:TIMING infer_ms=66.9
INFO:mme_vla_suite.serving.websocket_policy_server:TIMING add_buffer_ms=38.4 frames=16 exec_start_idx=0
MV_INFER cond=normal split=test task=VideoUnmask ep=4 ep_seq=5 infer_seq=70 t=1170 es=66 k=0 motion_frames=- motion_emb_sha= motion_pos_sha= motion_mask= mem_order_sha= motion_cols_sha= donor=None cover=exact:0,fallback:0,cycle:0,cross_seg:0 gate=none num_steps=10 act_sha=11776795dab21b4b infer_ms=67.3
INFO:mme_vla_suite.serving.websocket_policy_server:TIMING infer_ms=67.3
INFO:mme_vla_suite.serving.websocket_policy_server:TIMING add_buffer_ms=37.3 frames=16 exec_start_idx=0
MV_INFER cond=normal split=test task=VideoUnmask ep=4 ep_seq=5 infer_seq=71 t=1186 es=66 k=0 motion_frames=- motion_emb_sha= motion_pos_sha= motion_mask= mem_order_sha= motion_cols_sha= donor=None cover=exact:0,fallback:0,cycle:0,cross_seg:0 gate=none num_steps=10 act_sha=2f215bf30c58fc53 infer_ms=67.2
INFO:mme_vla_suite.serving.websocket_policy_server:TIMING infer_ms=67.2
INFO:mme_vla_suite.serving.websocket_policy_server:TIMING add_buffer_ms=37.1 frames=16 exec_start_idx=0
MV_INFER cond=normal split=test task=VideoUnmask ep=4 ep_seq=5 infer_seq=72 t=1202 es=66 k=0 motion_frames=- motion_emb_sha= motion_pos_sha= motion_mask= mem_order_sha= motion_cols_sha= donor=None cover=exact:0,fallback:0,cycle:0,cross_seg:0 gate=none num_steps=10 act_sha=fc8c81cc997584f1 infer_ms=67.1
INFO:mme_vla_suite.serving.websocket_policy_server:TIMING infer_ms=67.1
INFO:mme_vla_suite.serving.websocket_policy_server:TIMING add_buffer_ms=38.0 frames=16 exec_start_idx=0
MV_INFER cond=normal split=test task=VideoUnmask ep=4 ep_seq=5 infer_seq=73 t=1218 es=66 k=0 motion_frames=- motion_emb_sha= motion_pos_sha= motion_mask= mem_order_sha= motion_cols_sha= donor=None cover=exact:0,fallback:0,cycle:0,cross_seg:0 gate=none num_steps=10 act_sha=57ff8e443dfc2cd0 infer_ms=67.1
INFO:mme_vla_suite.serving.websocket_policy_server:TIMING infer_ms=67.1
INFO:mme_vla_suite.serving.websocket_policy_server:TIMING add_buffer_ms=36.8 frames=16 exec_start_idx=0
MV_INFER cond=normal split=test task=VideoUnmask ep=4 ep_seq=5 infer_seq=74 t=1234 es=66 k=0 motion_frames=- motion_emb_sha= motion_pos_sha= motion_mask= mem_order_sha= motion_cols_sha= donor=None cover=exact:0,fallback:0,cycle:0,cross_seg:0 gate=none num_steps=10 act_sha=c501ba70fe3a9afd infer_ms=67.0
INFO:mme_vla_suite.serving.websocket_policy_server:TIMING infer_ms=67.0
INFO:mme_vla_suite.serving.websocket_policy_server:TIMING add_buffer_ms=37.1 frames=16 exec_start_idx=0
MV_INFER cond=normal split=test task=VideoUnmask ep=4 ep_seq=5 infer_seq=75 t=1250 es=66 k=0 motion_frames=- motion_emb_sha= motion_pos_sha= motion_mask= mem_order_sha= motion_cols_sha= donor=None cover=exact:0,fallback:0,cycle:0,cross_seg:0 gate=none num_steps=10 act_sha=cbcdfc4717a88090 infer_ms=67.4
INFO:mme_vla_suite.serving.websocket_policy_server:TIMING infer_ms=67.4
INFO:mme_vla_suite.serving.websocket_policy_server:TIMING add_buffer_ms=36.9 frames=16 exec_start_idx=0
MV_INFER cond=normal split=test task=VideoUnmask ep=4 ep_seq=5 infer_seq=76 t=1266 es=66 k=0 motion_frames=- motion_emb_sha= motion_pos_sha= motion_mask= mem_order_sha= motion_cols_sha= donor=None cover=exact:0,fallback:0,cycle:0,cross_seg:0 gate=none num_steps=10 act_sha=052f7ba0e373d0a2 infer_ms=67.1
INFO:mme_vla_suite.serving.websocket_policy_server:TIMING infer_ms=67.1
INFO:mme_vla_suite.serving.websocket_policy_server:TIMING add_buffer_ms=36.7 frames=16 exec_start_idx=0
MV_INFER cond=normal split=test task=VideoUnmask ep=4 ep_seq=5 infer_seq=77 t=1282 es=66 k=0 motion_frames=- motion_emb_sha= motion_pos_sha= motion_mask= mem_order_sha= motion_cols_sha= donor=None cover=exact:0,fallback:0,cycle:0,cross_seg:0 gate=none num_steps=10 act_sha=83c287ab31d2e3c0 infer_ms=67.2
INFO:mme_vla_suite.serving.websocket_policy_server:TIMING infer_ms=67.2
INFO:mme_vla_suite.serving.websocket_policy_server:TIMING add_buffer_ms=36.9 frames=16 exec_start_idx=0
MV_INFER cond=normal split=test task=VideoUnmask ep=4 ep_seq=5 infer_seq=78 t=1298 es=66 k=0 motion_frames=- motion_emb_sha= motion_pos_sha= motion_mask= mem_order_sha= motion_cols_sha= donor=None cover=exact:0,fallback:0,cycle:0,cross_seg:0 gate=none num_steps=10 act_sha=074f669399d8e28b infer_ms=67.1
INFO:mme_vla_suite.serving.websocket_policy_server:TIMING infer_ms=67.1
INFO:mme_vla_suite.serving.websocket_policy_server:TIMING add_buffer_ms=37.6 frames=16 exec_start_idx=0
MV_INFER cond=normal split=test task=VideoUnmask ep=4 ep_seq=5 infer_seq=79 t=1314 es=66 k=0 motion_frames=- motion_emb_sha= motion_pos_sha= motion_mask= mem_order_sha= motion_cols_sha= donor=None cover=exact:0,fallback:0,cycle:0,cross_seg:0 gate=none num_steps=10 act_sha=a682c1a2c51705cb infer_ms=67.4
INFO:mme_vla_suite.serving.websocket_policy_server:TIMING infer_ms=67.4
INFO:mme_vla_suite.serving.websocket_policy_server:TIMING add_buffer_ms=36.7 frames=16 exec_start_idx=0
MV_INFER cond=normal split=test task=VideoUnmask ep=4 ep_seq=5 infer_seq=80 t=1330 es=66 k=0 motion_frames=- motion_emb_sha= motion_pos_sha= motion_mask= mem_order_sha= motion_cols_sha= donor=None cover=exact:0,fallback:0,cycle:0,cross_seg:0 gate=none num_steps=10 act_sha=63de0fd78201b919 infer_ms=67.1
INFO:mme_vla_suite.serving.websocket_policy_server:TIMING infer_ms=67.1
INFO:mme_vla_suite.serving.websocket_policy_server:TIMING add_buffer_ms=37.8 frames=16 exec_start_idx=0
MV_INFER cond=normal split=test task=VideoUnmask ep=4 ep_seq=5 infer_seq=81 t=1346 es=66 k=0 motion_frames=- motion_emb_sha= motion_pos_sha= motion_mask= mem_order_sha= motion_cols_sha= donor=None cover=exact:0,fallback:0,cycle:0,cross_seg:0 gate=none num_steps=10 act_sha=147a864a637b8459 infer_ms=67.5
INFO:mme_vla_suite.serving.websocket_policy_server:TIMING infer_ms=67.5
INFO:mme_vla_suite.serving.websocket_policy_server:TIMING add_buffer_ms=38.4 frames=16 exec_start_idx=0
MV_INFER cond=normal split=test task=VideoUnmask ep=4 ep_seq=5 infer_seq=82 t=1362 es=66 k=0 motion_frames=- motion_emb_sha= motion_pos_sha= motion_mask= mem_order_sha= motion_cols_sha= donor=None cover=exact:0,fallback:0,cycle:0,cross_seg:0 gate=none num_steps=10 act_sha=50445bf77c95a2ca infer_ms=67.4
INFO:mme_vla_suite.serving.websocket_policy_server:TIMING infer_ms=67.4
INFO:websockets.server:connection open
INFO:mme_vla_suite.serving.websocket_policy_server:Connection from ('127.0.0.1', 55592) opened
MV_EPISODE_END ep_seq=5 infers=82 windows=0 wall_s=33.1
MV_EPISODE_BEGIN cond=normal split=test seed=42 ep_seq=6 expect=VideoUnmask:8
INFO:mme_vla_suite.serving.websocket_policy_server:TIMING add_buffer_ms=149.7 frames=67 exec_start_idx=66
MV_INFER cond=normal split=test task=VideoUnmask ep=8 ep_seq=6 infer_seq=1 t=66 es=66 k=0 motion_frames=- motion_emb_sha= motion_pos_sha= motion_mask= mem_order_sha= motion_cols_sha= donor=None cover=exact:0,fallback:0,cycle:0,cross_seg:0 gate=none num_steps=10 act_sha=39ac5ce38308d368 infer_ms=67.9
INFO:mme_vla_suite.serving.websocket_policy_server:TIMING infer_ms=67.9
INFO:mme_vla_suite.serving.websocket_policy_server:TIMING add_buffer_ms=37.7 frames=16 exec_start_idx=0
MV_INFER cond=normal split=test task=VideoUnmask ep=8 ep_seq=6 infer_seq=2 t=82 es=66 k=0 motion_frames=- motion_emb_sha= motion_pos_sha= motion_mask= mem_order_sha= motion_cols_sha= donor=None cover=exact:0,fallback:0,cycle:0,cross_seg:0 gate=none num_steps=10 act_sha=0d8615b4628e7b75 infer_ms=67.7
INFO:mme_vla_suite.serving.websocket_policy_server:TIMING infer_ms=67.7
INFO:mme_vla_suite.serving.websocket_policy_server:TIMING add_buffer_ms=36.7 frames=16 exec_start_idx=0
MV_INFER cond=normal split=test task=VideoUnmask ep=8 ep_seq=6 infer_seq=3 t=98 es=66 k=0 motion_frames=- motion_emb_sha= motion_pos_sha= motion_mask= mem_order_sha= motion_cols_sha= donor=None cover=exact:0,fallback:0,cycle:0,cross_seg:0 gate=none num_steps=10 act_sha=533f841aa9176047 infer_ms=67.6
INFO:mme_vla_suite.serving.websocket_policy_server:TIMING infer_ms=67.6
INFO:mme_vla_suite.serving.websocket_policy_server:TIMING add_buffer_ms=40.3 frames=16 exec_start_idx=0
MV_INFER cond=normal split=test task=VideoUnmask ep=8 ep_seq=6 infer_seq=4 t=114 es=66 k=0 motion_frames=- motion_emb_sha= motion_pos_sha= motion_mask= mem_order_sha= motion_cols_sha= donor=None cover=exact:0,fallback:0,cycle:0,cross_seg:0 gate=none num_steps=10 act_sha=4e181d98ec1d0e47 infer_ms=68.5
INFO:mme_vla_suite.serving.websocket_policy_server:TIMING infer_ms=68.5
INFO:mme_vla_suite.serving.websocket_policy_server:TIMING add_buffer_ms=40.8 frames=16 exec_start_idx=0
MV_INFER cond=normal split=test task=VideoUnmask ep=8 ep_seq=6 infer_seq=5 t=130 es=66 k=0 motion_frames=- motion_emb_sha= motion_pos_sha= motion_mask= mem_order_sha= motion_cols_sha= donor=None cover=exact:0,fallback:0,cycle:0,cross_seg:0 gate=none num_steps=10 act_sha=e1607e8f96f66d1a infer_ms=67.4
INFO:mme_vla_suite.serving.websocket_policy_server:TIMING infer_ms=67.4
INFO:mme_vla_suite.serving.websocket_policy_server:TIMING add_buffer_ms=39.0 frames=16 exec_start_idx=0
MV_INFER cond=normal split=test task=VideoUnmask ep=8 ep_seq=6 infer_seq=6 t=146 es=66 k=0 motion_frames=- motion_emb_sha= motion_pos_sha= motion_mask= mem_order_sha= motion_cols_sha= donor=None cover=exact:0,fallback:0,cycle:0,cross_seg:0 gate=none num_steps=10 act_sha=df24764162740b01 infer_ms=67.0
INFO:mme_vla_suite.serving.websocket_policy_server:TIMING infer_ms=67.0
INFO:mme_vla_suite.serving.websocket_policy_server:TIMING add_buffer_ms=38.8 frames=16 exec_start_idx=0
MV_INFER cond=normal split=test task=VideoUnmask ep=8 ep_seq=6 infer_seq=7 t=162 es=66 k=0 motion_frames=- motion_emb_sha= motion_pos_sha= motion_mask= mem_order_sha= motion_cols_sha= donor=None cover=exact:0,fallback:0,cycle:0,cross_seg:0 gate=none num_steps=10 act_sha=a3aad260ffa42b3d infer_ms=67.2
INFO:mme_vla_suite.serving.websocket_policy_server:TIMING infer_ms=67.2
INFO:mme_vla_suite.serving.websocket_policy_server:TIMING add_buffer_ms=37.8 frames=16 exec_start_idx=0
MV_INFER cond=normal split=test task=VideoUnmask ep=8 ep_seq=6 infer_seq=8 t=178 es=66 k=0 motion_frames=- motion_emb_sha= motion_pos_sha= motion_mask= mem_order_sha= motion_cols_sha= donor=None cover=exact:0,fallback:0,cycle:0,cross_seg:0 gate=none num_steps=10 act_sha=09b254b05d9ea8cb infer_ms=67.5
INFO:mme_vla_suite.serving.websocket_policy_server:TIMING infer_ms=67.5
INFO:mme_vla_suite.serving.websocket_policy_server:TIMING add_buffer_ms=40.2 frames=16 exec_start_idx=0
MV_INFER cond=normal split=test task=VideoUnmask ep=8 ep_seq=6 infer_seq=9 t=194 es=66 k=0 motion_frames=- motion_emb_sha= motion_pos_sha= motion_mask= mem_order_sha= motion_cols_sha= donor=None cover=exact:0,fallback:0,cycle:0,cross_seg:0 gate=none num_steps=10 act_sha=c69d4a458a1b89ad infer_ms=67.3
INFO:mme_vla_suite.serving.websocket_policy_server:TIMING infer_ms=67.3
INFO:mme_vla_suite.serving.websocket_policy_server:TIMING add_buffer_ms=38.3 frames=16 exec_start_idx=0
MV_INFER cond=normal split=test task=VideoUnmask ep=8 ep_seq=6 infer_seq=10 t=210 es=66 k=0 motion_frames=- motion_emb_sha= motion_pos_sha= motion_mask= mem_order_sha= motion_cols_sha= donor=None cover=exact:0,fallback:0,cycle:0,cross_seg:0 gate=none num_steps=10 act_sha=6adcd5e134937118 infer_ms=67.2
INFO:mme_vla_suite.serving.websocket_policy_server:TIMING infer_ms=67.2
INFO:mme_vla_suite.serving.websocket_policy_server:TIMING add_buffer_ms=39.9 frames=16 exec_start_idx=0
MV_INFER cond=normal split=test task=VideoUnmask ep=8 ep_seq=6 infer_seq=11 t=226 es=66 k=0 motion_frames=- motion_emb_sha= motion_pos_sha= motion_mask= mem_order_sha= motion_cols_sha= donor=None cover=exact:0,fallback:0,cycle:0,cross_seg:0 gate=none num_steps=10 act_sha=de71f0fc8e83e212 infer_ms=67.5
INFO:mme_vla_suite.serving.websocket_policy_server:TIMING infer_ms=67.5
INFO:mme_vla_suite.serving.websocket_policy_server:TIMING add_buffer_ms=39.8 frames=16 exec_start_idx=0
MV_INFER cond=normal split=test task=VideoUnmask ep=8 ep_seq=6 infer_seq=12 t=242 es=66 k=0 motion_frames=- motion_emb_sha= motion_pos_sha= motion_mask= mem_order_sha= motion_cols_sha= donor=None cover=exact:0,fallback:0,cycle:0,cross_seg:0 gate=none num_steps=10 act_sha=832382ef897b423f infer_ms=67.1
INFO:mme_vla_suite.serving.websocket_policy_server:TIMING infer_ms=67.1
INFO:mme_vla_suite.serving.websocket_policy_server:TIMING add_buffer_ms=39.9 frames=16 exec_start_idx=0
MV_INFER cond=normal split=test task=VideoUnmask ep=8 ep_seq=6 infer_seq=13 t=258 es=66 k=0 motion_frames=- motion_emb_sha= motion_pos_sha= motion_mask= mem_order_sha= motion_cols_sha= donor=None cover=exact:0,fallback:0,cycle:0,cross_seg:0 gate=none num_steps=10 act_sha=2f37d5b88b8aa719 infer_ms=67.3
INFO:mme_vla_suite.serving.websocket_policy_server:TIMING infer_ms=67.3
INFO:mme_vla_suite.serving.websocket_policy_server:TIMING add_buffer_ms=38.5 frames=16 exec_start_idx=0
MV_INFER cond=normal split=test task=VideoUnmask ep=8 ep_seq=6 infer_seq=14 t=274 es=66 k=0 motion_frames=- motion_emb_sha= motion_pos_sha= motion_mask= mem_order_sha= motion_cols_sha= donor=None cover=exact:0,fallback:0,cycle:0,cross_seg:0 gate=none num_steps=10 act_sha=93c229071ed0e3ce infer_ms=67.5
INFO:mme_vla_suite.serving.websocket_policy_server:TIMING infer_ms=67.5
INFO:mme_vla_suite.serving.websocket_policy_server:TIMING add_buffer_ms=38.0 frames=16 exec_start_idx=0
MV_INFER cond=normal split=test task=VideoUnmask ep=8 ep_seq=6 infer_seq=15 t=290 es=66 k=0 motion_frames=- motion_emb_sha= motion_pos_sha= motion_mask= mem_order_sha= motion_cols_sha= donor=None cover=exact:0,fallback:0,cycle:0,cross_seg:0 gate=none num_steps=10 act_sha=d3fef3c76ba89b1b infer_ms=67.2
INFO:mme_vla_suite.serving.websocket_policy_server:TIMING infer_ms=67.2
INFO:mme_vla_suite.serving.websocket_policy_server:TIMING add_buffer_ms=37.8 frames=16 exec_start_idx=0
MV_INFER cond=normal split=test task=VideoUnmask ep=8 ep_seq=6 infer_seq=16 t=306 es=66 k=0 motion_frames=- motion_emb_sha= motion_pos_sha= motion_mask= mem_order_sha= motion_cols_sha= donor=None cover=exact:0,fallback:0,cycle:0,cross_seg:0 gate=none num_steps=10 act_sha=12701abd7f5e4dfe infer_ms=67.0
INFO:mme_vla_suite.serving.websocket_policy_server:TIMING infer_ms=67.0
INFO:mme_vla_suite.serving.websocket_policy_server:TIMING add_buffer_ms=39.6 frames=16 exec_start_idx=0
MV_INFER cond=normal split=test task=VideoUnmask ep=8 ep_seq=6 infer_seq=17 t=322 es=66 k=0 motion_frames=- motion_emb_sha= motion_pos_sha= motion_mask= mem_order_sha= motion_cols_sha= donor=None cover=exact:0,fallback:0,cycle:0,cross_seg:0 gate=none num_steps=10 act_sha=219fa00acebcba9b infer_ms=67.6
INFO:mme_vla_suite.serving.websocket_policy_server:TIMING infer_ms=67.6
INFO:mme_vla_suite.serving.websocket_policy_server:TIMING add_buffer_ms=38.2 frames=16 exec_start_idx=0
MV_INFER cond=normal split=test task=VideoUnmask ep=8 ep_seq=6 infer_seq=18 t=338 es=66 k=0 motion_frames=- motion_emb_sha= motion_pos_sha= motion_mask= mem_order_sha= motion_cols_sha= donor=None cover=exact:0,fallback:0,cycle:0,cross_seg:0 gate=none num_steps=10 act_sha=b2be1ee149582e5f infer_ms=67.4
INFO:mme_vla_suite.serving.websocket_policy_server:TIMING infer_ms=67.4
INFO:mme_vla_suite.serving.websocket_policy_server:TIMING add_buffer_ms=37.8 frames=16 exec_start_idx=0
MV_INFER cond=normal split=test task=VideoUnmask ep=8 ep_seq=6 infer_seq=19 t=354 es=66 k=0 motion_frames=- motion_emb_sha= motion_pos_sha= motion_mask= mem_order_sha= motion_cols_sha= donor=None cover=exact:0,fallback:0,cycle:0,cross_seg:0 gate=none num_steps=10 act_sha=9b8ce2e0473da010 infer_ms=67.0
INFO:mme_vla_suite.serving.websocket_policy_server:TIMING infer_ms=67.0
INFO:mme_vla_suite.serving.websocket_policy_server:TIMING add_buffer_ms=37.9 frames=16 exec_start_idx=0
MV_INFER cond=normal split=test task=VideoUnmask ep=8 ep_seq=6 infer_seq=20 t=370 es=66 k=0 motion_frames=- motion_emb_sha= motion_pos_sha= motion_mask= mem_order_sha= motion_cols_sha= donor=None cover=exact:0,fallback:0,cycle:0,cross_seg:0 gate=none num_steps=10 act_sha=dbdc3051c4edbf21 infer_ms=67.3
INFO:mme_vla_suite.serving.websocket_policy_server:TIMING infer_ms=67.3
INFO:mme_vla_suite.serving.websocket_policy_server:TIMING add_buffer_ms=38.7 frames=16 exec_start_idx=0
MV_INFER cond=normal split=test task=VideoUnmask ep=8 ep_seq=6 infer_seq=21 t=386 es=66 k=0 motion_frames=- motion_emb_sha= motion_pos_sha= motion_mask= mem_order_sha= motion_cols_sha= donor=None cover=exact:0,fallback:0,cycle:0,cross_seg:0 gate=none num_steps=10 act_sha=cac2dc0192c40c7e infer_ms=67.0
INFO:mme_vla_suite.serving.websocket_policy_server:TIMING infer_ms=67.0
INFO:mme_vla_suite.serving.websocket_policy_server:TIMING add_buffer_ms=38.4 frames=16 exec_start_idx=0
MV_INFER cond=normal split=test task=VideoUnmask ep=8 ep_seq=6 infer_seq=22 t=402 es=66 k=0 motion_frames=- motion_emb_sha= motion_pos_sha= motion_mask= mem_order_sha= motion_cols_sha= donor=None cover=exact:0,fallback:0,cycle:0,cross_seg:0 gate=none num_steps=10 act_sha=eac096142431fda8 infer_ms=67.0
INFO:mme_vla_suite.serving.websocket_policy_server:TIMING infer_ms=67.0
INFO:mme_vla_suite.serving.websocket_policy_server:TIMING add_buffer_ms=37.9 frames=16 exec_start_idx=0
MV_INFER cond=normal split=test task=VideoUnmask ep=8 ep_seq=6 infer_seq=23 t=418 es=66 k=0 motion_frames=- motion_emb_sha= motion_pos_sha= motion_mask= mem_order_sha= motion_cols_sha= donor=None cover=exact:0,fallback:0,cycle:0,cross_seg:0 gate=none num_steps=10 act_sha=9faccd9fa5f734de infer_ms=67.1
INFO:mme_vla_suite.serving.websocket_policy_server:TIMING infer_ms=67.1
INFO:mme_vla_suite.serving.websocket_policy_server:TIMING add_buffer_ms=38.9 frames=16 exec_start_idx=0
MV_INFER cond=normal split=test task=VideoUnmask ep=8 ep_seq=6 infer_seq=24 t=434 es=66 k=0 motion_frames=- motion_emb_sha= motion_pos_sha= motion_mask= mem_order_sha= motion_cols_sha= donor=None cover=exact:0,fallback:0,cycle:0,cross_seg:0 gate=none num_steps=10 act_sha=0dfe768d2623049b infer_ms=67.2
INFO:mme_vla_suite.serving.websocket_policy_server:TIMING infer_ms=67.2
INFO:mme_vla_suite.serving.websocket_policy_server:TIMING add_buffer_ms=38.7 frames=16 exec_start_idx=0
MV_INFER cond=normal split=test task=VideoUnmask ep=8 ep_seq=6 infer_seq=25 t=450 es=66 k=0 motion_frames=- motion_emb_sha= motion_pos_sha= motion_mask= mem_order_sha= motion_cols_sha= donor=None cover=exact:0,fallback:0,cycle:0,cross_seg:0 gate=none num_steps=10 act_sha=286dbf717d99f1be infer_ms=67.1
INFO:mme_vla_suite.serving.websocket_policy_server:TIMING infer_ms=67.1
INFO:mme_vla_suite.serving.websocket_policy_server:TIMING add_buffer_ms=38.3 frames=16 exec_start_idx=0
MV_INFER cond=normal split=test task=VideoUnmask ep=8 ep_seq=6 infer_seq=26 t=466 es=66 k=0 motion_frames=- motion_emb_sha= motion_pos_sha= motion_mask= mem_order_sha= motion_cols_sha= donor=None cover=exact:0,fallback:0,cycle:0,cross_seg:0 gate=none num_steps=10 act_sha=0e0db6e6fa947082 infer_ms=66.9
INFO:mme_vla_suite.serving.websocket_policy_server:TIMING infer_ms=66.9
INFO:mme_vla_suite.serving.websocket_policy_server:TIMING add_buffer_ms=38.0 frames=16 exec_start_idx=0
MV_INFER cond=normal split=test task=VideoUnmask ep=8 ep_seq=6 infer_seq=27 t=482 es=66 k=0 motion_frames=- motion_emb_sha= motion_pos_sha= motion_mask= mem_order_sha= motion_cols_sha= donor=None cover=exact:0,fallback:0,cycle:0,cross_seg:0 gate=none num_steps=10 act_sha=f00f8c88151018b2 infer_ms=67.5
INFO:mme_vla_suite.serving.websocket_policy_server:TIMING infer_ms=67.5
INFO:mme_vla_suite.serving.websocket_policy_server:TIMING add_buffer_ms=37.8 frames=16 exec_start_idx=0
MV_INFER cond=normal split=test task=VideoUnmask ep=8 ep_seq=6 infer_seq=28 t=498 es=66 k=0 motion_frames=- motion_emb_sha= motion_pos_sha= motion_mask= mem_order_sha= motion_cols_sha= donor=None cover=exact:0,fallback:0,cycle:0,cross_seg:0 gate=none num_steps=10 act_sha=fe9e0fcb4d40a1a1 infer_ms=67.2
INFO:mme_vla_suite.serving.websocket_policy_server:TIMING infer_ms=67.2
INFO:mme_vla_suite.serving.websocket_policy_server:TIMING add_buffer_ms=38.0 frames=16 exec_start_idx=0
MV_INFER cond=normal split=test task=VideoUnmask ep=8 ep_seq=6 infer_seq=29 t=514 es=66 k=0 motion_frames=- motion_emb_sha= motion_pos_sha= motion_mask= mem_order_sha= motion_cols_sha= donor=None cover=exact:0,fallback:0,cycle:0,cross_seg:0 gate=none num_steps=10 act_sha=c88f8d632f058cd3 infer_ms=67.1
INFO:mme_vla_suite.serving.websocket_policy_server:TIMING infer_ms=67.1
INFO:mme_vla_suite.serving.websocket_policy_server:TIMING add_buffer_ms=38.2 frames=16 exec_start_idx=0
MV_INFER cond=normal split=test task=VideoUnmask ep=8 ep_seq=6 infer_seq=30 t=530 es=66 k=0 motion_frames=- motion_emb_sha= motion_pos_sha= motion_mask= mem_order_sha= motion_cols_sha= donor=None cover=exact:0,fallback:0,cycle:0,cross_seg:0 gate=none num_steps=10 act_sha=18f45f14c4ce824f infer_ms=67.1
INFO:mme_vla_suite.serving.websocket_policy_server:TIMING infer_ms=67.1
INFO:mme_vla_suite.serving.websocket_policy_server:TIMING add_buffer_ms=37.4 frames=16 exec_start_idx=0
MV_INFER cond=normal split=test task=VideoUnmask ep=8 ep_seq=6 infer_seq=31 t=546 es=66 k=0 motion_frames=- motion_emb_sha= motion_pos_sha= motion_mask= mem_order_sha= motion_cols_sha= donor=None cover=exact:0,fallback:0,cycle:0,cross_seg:0 gate=none num_steps=10 act_sha=78f8326d6586e66d infer_ms=67.3
INFO:mme_vla_suite.serving.websocket_policy_server:TIMING infer_ms=67.3
INFO:mme_vla_suite.serving.websocket_policy_server:TIMING add_buffer_ms=37.3 frames=16 exec_start_idx=0
MV_INFER cond=normal split=test task=VideoUnmask ep=8 ep_seq=6 infer_seq=32 t=562 es=66 k=0 motion_frames=- motion_emb_sha= motion_pos_sha= motion_mask= mem_order_sha= motion_cols_sha= donor=None cover=exact:0,fallback:0,cycle:0,cross_seg:0 gate=none num_steps=10 act_sha=b3be6da7599b43b9 infer_ms=67.4
INFO:mme_vla_suite.serving.websocket_policy_server:TIMING infer_ms=67.4
INFO:mme_vla_suite.serving.websocket_policy_server:TIMING add_buffer_ms=38.4 frames=16 exec_start_idx=0
MV_INFER cond=normal split=test task=VideoUnmask ep=8 ep_seq=6 infer_seq=33 t=578 es=66 k=0 motion_frames=- motion_emb_sha= motion_pos_sha= motion_mask= mem_order_sha= motion_cols_sha= donor=None cover=exact:0,fallback:0,cycle:0,cross_seg:0 gate=none num_steps=10 act_sha=86a8599f65c2cba7 infer_ms=67.1
INFO:mme_vla_suite.serving.websocket_policy_server:TIMING infer_ms=67.1
INFO:mme_vla_suite.serving.websocket_policy_server:TIMING add_buffer_ms=37.9 frames=16 exec_start_idx=0
MV_INFER cond=normal split=test task=VideoUnmask ep=8 ep_seq=6 infer_seq=34 t=594 es=66 k=0 motion_frames=- motion_emb_sha= motion_pos_sha= motion_mask= mem_order_sha= motion_cols_sha= donor=None cover=exact:0,fallback:0,cycle:0,cross_seg:0 gate=none num_steps=10 act_sha=540657bf790d5f12 infer_ms=67.0
INFO:mme_vla_suite.serving.websocket_policy_server:TIMING infer_ms=67.0
INFO:mme_vla_suite.serving.websocket_policy_server:TIMING add_buffer_ms=38.4 frames=16 exec_start_idx=0
MV_INFER cond=normal split=test task=VideoUnmask ep=8 ep_seq=6 infer_seq=35 t=610 es=66 k=0 motion_frames=- motion_emb_sha= motion_pos_sha= motion_mask= mem_order_sha= motion_cols_sha= donor=None cover=exact:0,fallback:0,cycle:0,cross_seg:0 gate=none num_steps=10 act_sha=34d19ab9bc1ff7f0 infer_ms=67.2
INFO:mme_vla_suite.serving.websocket_policy_server:TIMING infer_ms=67.2
INFO:mme_vla_suite.serving.websocket_policy_server:TIMING add_buffer_ms=38.6 frames=16 exec_start_idx=0
MV_INFER cond=normal split=test task=VideoUnmask ep=8 ep_seq=6 infer_seq=36 t=626 es=66 k=0 motion_frames=- motion_emb_sha= motion_pos_sha= motion_mask= mem_order_sha= motion_cols_sha= donor=None cover=exact:0,fallback:0,cycle:0,cross_seg:0 gate=none num_steps=10 act_sha=380744608e33bdbf infer_ms=67.0
INFO:mme_vla_suite.serving.websocket_policy_server:TIMING infer_ms=67.0
INFO:mme_vla_suite.serving.websocket_policy_server:TIMING add_buffer_ms=37.4 frames=16 exec_start_idx=0
MV_INFER cond=normal split=test task=VideoUnmask ep=8 ep_seq=6 infer_seq=37 t=642 es=66 k=0 motion_frames=- motion_emb_sha= motion_pos_sha= motion_mask= mem_order_sha= motion_cols_sha= donor=None cover=exact:0,fallback:0,cycle:0,cross_seg:0 gate=none num_steps=10 act_sha=56755d9ab46394d5 infer_ms=67.6
INFO:mme_vla_suite.serving.websocket_policy_server:TIMING infer_ms=67.6
INFO:mme_vla_suite.serving.websocket_policy_server:TIMING add_buffer_ms=37.3 frames=16 exec_start_idx=0
MV_INFER cond=normal split=test task=VideoUnmask ep=8 ep_seq=6 infer_seq=38 t=658 es=66 k=0 motion_frames=- motion_emb_sha= motion_pos_sha= motion_mask= mem_order_sha= motion_cols_sha= donor=None cover=exact:0,fallback:0,cycle:0,cross_seg:0 gate=none num_steps=10 act_sha=f41d86a27e0dc22e infer_ms=67.2
INFO:mme_vla_suite.serving.websocket_policy_server:TIMING infer_ms=67.2
INFO:mme_vla_suite.serving.websocket_policy_server:TIMING add_buffer_ms=37.1 frames=16 exec_start_idx=0
MV_INFER cond=normal split=test task=VideoUnmask ep=8 ep_seq=6 infer_seq=39 t=674 es=66 k=0 motion_frames=- motion_emb_sha= motion_pos_sha= motion_mask= mem_order_sha= motion_cols_sha= donor=None cover=exact:0,fallback:0,cycle:0,cross_seg:0 gate=none num_steps=10 act_sha=cffc367c3c19277e infer_ms=67.1
INFO:mme_vla_suite.serving.websocket_policy_server:TIMING infer_ms=67.1
INFO:mme_vla_suite.serving.websocket_policy_server:TIMING add_buffer_ms=38.5 frames=16 exec_start_idx=0
MV_INFER cond=normal split=test task=VideoUnmask ep=8 ep_seq=6 infer_seq=40 t=690 es=66 k=0 motion_frames=- motion_emb_sha= motion_pos_sha= motion_mask= mem_order_sha= motion_cols_sha= donor=None cover=exact:0,fallback:0,cycle:0,cross_seg:0 gate=none num_steps=10 act_sha=a9630932e8f16c55 infer_ms=67.1
INFO:mme_vla_suite.serving.websocket_policy_server:TIMING infer_ms=67.1
INFO:mme_vla_suite.serving.websocket_policy_server:TIMING add_buffer_ms=37.1 frames=16 exec_start_idx=0
MV_INFER cond=normal split=test task=VideoUnmask ep=8 ep_seq=6 infer_seq=41 t=706 es=66 k=0 motion_frames=- motion_emb_sha= motion_pos_sha= motion_mask= mem_order_sha= motion_cols_sha= donor=None cover=exact:0,fallback:0,cycle:0,cross_seg:0 gate=none num_steps=10 act_sha=da47cd3b0c87a914 infer_ms=67.0
INFO:mme_vla_suite.serving.websocket_policy_server:TIMING infer_ms=67.0
INFO:mme_vla_suite.serving.websocket_policy_server:TIMING add_buffer_ms=37.1 frames=16 exec_start_idx=0
MV_INFER cond=normal split=test task=VideoUnmask ep=8 ep_seq=6 infer_seq=42 t=722 es=66 k=0 motion_frames=- motion_emb_sha= motion_pos_sha= motion_mask= mem_order_sha= motion_cols_sha= donor=None cover=exact:0,fallback:0,cycle:0,cross_seg:0 gate=none num_steps=10 act_sha=69e1f5107f920e66 infer_ms=67.2
INFO:mme_vla_suite.serving.websocket_policy_server:TIMING infer_ms=67.2
INFO:mme_vla_suite.serving.websocket_policy_server:TIMING add_buffer_ms=37.6 frames=16 exec_start_idx=0
MV_INFER cond=normal split=test task=VideoUnmask ep=8 ep_seq=6 infer_seq=43 t=738 es=66 k=0 motion_frames=- motion_emb_sha= motion_pos_sha= motion_mask= mem_order_sha= motion_cols_sha= donor=None cover=exact:0,fallback:0,cycle:0,cross_seg:0 gate=none num_steps=10 act_sha=356e78189290f64a infer_ms=67.0
INFO:mme_vla_suite.serving.websocket_policy_server:TIMING infer_ms=67.0
INFO:mme_vla_suite.serving.websocket_policy_server:TIMING add_buffer_ms=37.5 frames=16 exec_start_idx=0
MV_INFER cond=normal split=test task=VideoUnmask ep=8 ep_seq=6 infer_seq=44 t=754 es=66 k=0 motion_frames=- motion_emb_sha= motion_pos_sha= motion_mask= mem_order_sha= motion_cols_sha= donor=None cover=exact:0,fallback:0,cycle:0,cross_seg:0 gate=none num_steps=10 act_sha=de268de491783c6c infer_ms=66.9
INFO:mme_vla_suite.serving.websocket_policy_server:TIMING infer_ms=66.9
INFO:mme_vla_suite.serving.websocket_policy_server:TIMING add_buffer_ms=38.1 frames=16 exec_start_idx=0
MV_INFER cond=normal split=test task=VideoUnmask ep=8 ep_seq=6 infer_seq=45 t=770 es=66 k=0 motion_frames=- motion_emb_sha= motion_pos_sha= motion_mask= mem_order_sha= motion_cols_sha= donor=None cover=exact:0,fallback:0,cycle:0,cross_seg:0 gate=none num_steps=10 act_sha=3012cb390a366264 infer_ms=67.1
INFO:mme_vla_suite.serving.websocket_policy_server:TIMING infer_ms=67.1
INFO:mme_vla_suite.serving.websocket_policy_server:TIMING add_buffer_ms=37.2 frames=16 exec_start_idx=0
MV_INFER cond=normal split=test task=VideoUnmask ep=8 ep_seq=6 infer_seq=46 t=786 es=66 k=0 motion_frames=- motion_emb_sha= motion_pos_sha= motion_mask= mem_order_sha= motion_cols_sha= donor=None cover=exact:0,fallback:0,cycle:0,cross_seg:0 gate=none num_steps=10 act_sha=746554010fdc1c43 infer_ms=66.9
INFO:mme_vla_suite.serving.websocket_policy_server:TIMING infer_ms=66.9
INFO:mme_vla_suite.serving.websocket_policy_server:TIMING add_buffer_ms=39.3 frames=16 exec_start_idx=0
MV_INFER cond=normal split=test task=VideoUnmask ep=8 ep_seq=6 infer_seq=47 t=802 es=66 k=0 motion_frames=- motion_emb_sha= motion_pos_sha= motion_mask= mem_order_sha= motion_cols_sha= donor=None cover=exact:0,fallback:0,cycle:0,cross_seg:0 gate=none num_steps=10 act_sha=5ddf2cd8b14d1c1e infer_ms=67.2
INFO:mme_vla_suite.serving.websocket_policy_server:TIMING infer_ms=67.2
INFO:mme_vla_suite.serving.websocket_policy_server:TIMING add_buffer_ms=38.0 frames=16 exec_start_idx=0
MV_INFER cond=normal split=test task=VideoUnmask ep=8 ep_seq=6 infer_seq=48 t=818 es=66 k=0 motion_frames=- motion_emb_sha= motion_pos_sha= motion_mask= mem_order_sha= motion_cols_sha= donor=None cover=exact:0,fallback:0,cycle:0,cross_seg:0 gate=none num_steps=10 act_sha=185b44e7290bc2cb infer_ms=67.0
INFO:mme_vla_suite.serving.websocket_policy_server:TIMING infer_ms=67.0
INFO:mme_vla_suite.serving.websocket_policy_server:TIMING add_buffer_ms=38.6 frames=16 exec_start_idx=0
MV_INFER cond=normal split=test task=VideoUnmask ep=8 ep_seq=6 infer_seq=49 t=834 es=66 k=0 motion_frames=- motion_emb_sha= motion_pos_sha= motion_mask= mem_order_sha= motion_cols_sha= donor=None cover=exact:0,fallback:0,cycle:0,cross_seg:0 gate=none num_steps=10 act_sha=a31139ec77bdab23 infer_ms=66.9
INFO:mme_vla_suite.serving.websocket_policy_server:TIMING infer_ms=66.9
INFO:mme_vla_suite.serving.websocket_policy_server:TIMING add_buffer_ms=38.3 frames=16 exec_start_idx=0
MV_INFER cond=normal split=test task=VideoUnmask ep=8 ep_seq=6 infer_seq=50 t=850 es=66 k=0 motion_frames=- motion_emb_sha= motion_pos_sha= motion_mask= mem_order_sha= motion_cols_sha= donor=None cover=exact:0,fallback:0,cycle:0,cross_seg:0 gate=none num_steps=10 act_sha=441c5b6ec8f40ef6 infer_ms=67.1
INFO:mme_vla_suite.serving.websocket_policy_server:TIMING infer_ms=67.1
INFO:mme_vla_suite.serving.websocket_policy_server:TIMING add_buffer_ms=37.6 frames=16 exec_start_idx=0
MV_INFER cond=normal split=test task=VideoUnmask ep=8 ep_seq=6 infer_seq=51 t=866 es=66 k=0 motion_frames=- motion_emb_sha= motion_pos_sha= motion_mask= mem_order_sha= motion_cols_sha= donor=None cover=exact:0,fallback:0,cycle:0,cross_seg:0 gate=none num_steps=10 act_sha=04a55f68b3783357 infer_ms=67.2
INFO:mme_vla_suite.serving.websocket_policy_server:TIMING infer_ms=67.2
INFO:mme_vla_suite.serving.websocket_policy_server:TIMING add_buffer_ms=37.6 frames=16 exec_start_idx=0
MV_INFER cond=normal split=test task=VideoUnmask ep=8 ep_seq=6 infer_seq=52 t=882 es=66 k=0 motion_frames=- motion_emb_sha= motion_pos_sha= motion_mask= mem_order_sha= motion_cols_sha= donor=None cover=exact:0,fallback:0,cycle:0,cross_seg:0 gate=none num_steps=10 act_sha=af93c3cb375c9ee4 infer_ms=67.2
INFO:mme_vla_suite.serving.websocket_policy_server:TIMING infer_ms=67.2
INFO:mme_vla_suite.serving.websocket_policy_server:TIMING add_buffer_ms=37.9 frames=16 exec_start_idx=0
MV_INFER cond=normal split=test task=VideoUnmask ep=8 ep_seq=6 infer_seq=53 t=898 es=66 k=0 motion_frames=- motion_emb_sha= motion_pos_sha= motion_mask= mem_order_sha= motion_cols_sha= donor=None cover=exact:0,fallback:0,cycle:0,cross_seg:0 gate=none num_steps=10 act_sha=1e6be9c344050469 infer_ms=67.2
INFO:mme_vla_suite.serving.websocket_policy_server:TIMING infer_ms=67.2
INFO:mme_vla_suite.serving.websocket_policy_server:TIMING add_buffer_ms=37.9 frames=16 exec_start_idx=0
MV_INFER cond=normal split=test task=VideoUnmask ep=8 ep_seq=6 infer_seq=54 t=914 es=66 k=0 motion_frames=- motion_emb_sha= motion_pos_sha= motion_mask= mem_order_sha= motion_cols_sha= donor=None cover=exact:0,fallback:0,cycle:0,cross_seg:0 gate=none num_steps=10 act_sha=6ff60f7e62192776 infer_ms=67.0
INFO:mme_vla_suite.serving.websocket_policy_server:TIMING infer_ms=67.0
INFO:mme_vla_suite.serving.websocket_policy_server:TIMING add_buffer_ms=37.8 frames=16 exec_start_idx=0
MV_INFER cond=normal split=test task=VideoUnmask ep=8 ep_seq=6 infer_seq=55 t=930 es=66 k=0 motion_frames=- motion_emb_sha= motion_pos_sha= motion_mask= mem_order_sha= motion_cols_sha= donor=None cover=exact:0,fallback:0,cycle:0,cross_seg:0 gate=none num_steps=10 act_sha=8c77b885813a19c9 infer_ms=67.1
INFO:mme_vla_suite.serving.websocket_policy_server:TIMING infer_ms=67.1
INFO:mme_vla_suite.serving.websocket_policy_server:TIMING add_buffer_ms=37.4 frames=16 exec_start_idx=0
MV_INFER cond=normal split=test task=VideoUnmask ep=8 ep_seq=6 infer_seq=56 t=946 es=66 k=0 motion_frames=- motion_emb_sha= motion_pos_sha= motion_mask= mem_order_sha= motion_cols_sha= donor=None cover=exact:0,fallback:0,cycle:0,cross_seg:0 gate=none num_steps=10 act_sha=db872b8e260b875b infer_ms=67.0
INFO:mme_vla_suite.serving.websocket_policy_server:TIMING infer_ms=67.0
INFO:mme_vla_suite.serving.websocket_policy_server:TIMING add_buffer_ms=37.1 frames=16 exec_start_idx=0
MV_INFER cond=normal split=test task=VideoUnmask ep=8 ep_seq=6 infer_seq=57 t=962 es=66 k=0 motion_frames=- motion_emb_sha= motion_pos_sha= motion_mask= mem_order_sha= motion_cols_sha= donor=None cover=exact:0,fallback:0,cycle:0,cross_seg:0 gate=none num_steps=10 act_sha=650bd46ab48162b0 infer_ms=67.2
INFO:mme_vla_suite.serving.websocket_policy_server:TIMING infer_ms=67.2
INFO:mme_vla_suite.serving.websocket_policy_server:TIMING add_buffer_ms=37.5 frames=16 exec_start_idx=0
MV_INFER cond=normal split=test task=VideoUnmask ep=8 ep_seq=6 infer_seq=58 t=978 es=66 k=0 motion_frames=- motion_emb_sha= motion_pos_sha= motion_mask= mem_order_sha= motion_cols_sha= donor=None cover=exact:0,fallback:0,cycle:0,cross_seg:0 gate=none num_steps=10 act_sha=1a0f49884393fdae infer_ms=67.1
INFO:mme_vla_suite.serving.websocket_policy_server:TIMING infer_ms=67.1
INFO:mme_vla_suite.serving.websocket_policy_server:TIMING add_buffer_ms=37.6 frames=16 exec_start_idx=0
MV_INFER cond=normal split=test task=VideoUnmask ep=8 ep_seq=6 infer_seq=59 t=994 es=66 k=0 motion_frames=- motion_emb_sha= motion_pos_sha= motion_mask= mem_order_sha= motion_cols_sha= donor=None cover=exact:0,fallback:0,cycle:0,cross_seg:0 gate=none num_steps=10 act_sha=ebb644b1126179e2 infer_ms=67.2
INFO:mme_vla_suite.serving.websocket_policy_server:TIMING infer_ms=67.2
INFO:mme_vla_suite.serving.websocket_policy_server:TIMING add_buffer_ms=37.9 frames=16 exec_start_idx=0
MV_INFER cond=normal split=test task=VideoUnmask ep=8 ep_seq=6 infer_seq=60 t=1010 es=66 k=0 motion_frames=- motion_emb_sha= motion_pos_sha= motion_mask= mem_order_sha= motion_cols_sha= donor=None cover=exact:0,fallback:0,cycle:0,cross_seg:0 gate=none num_steps=10 act_sha=0ec08970de7a1054 infer_ms=67.0
INFO:mme_vla_suite.serving.websocket_policy_server:TIMING infer_ms=67.0
INFO:mme_vla_suite.serving.websocket_policy_server:TIMING add_buffer_ms=37.7 frames=16 exec_start_idx=0
MV_INFER cond=normal split=test task=VideoUnmask ep=8 ep_seq=6 infer_seq=61 t=1026 es=66 k=0 motion_frames=- motion_emb_sha= motion_pos_sha= motion_mask= mem_order_sha= motion_cols_sha= donor=None cover=exact:0,fallback:0,cycle:0,cross_seg:0 gate=none num_steps=10 act_sha=0f02b29994521a90 infer_ms=67.1
INFO:mme_vla_suite.serving.websocket_policy_server:TIMING infer_ms=67.1
INFO:mme_vla_suite.serving.websocket_policy_server:TIMING add_buffer_ms=37.6 frames=16 exec_start_idx=0
MV_INFER cond=normal split=test task=VideoUnmask ep=8 ep_seq=6 infer_seq=62 t=1042 es=66 k=0 motion_frames=- motion_emb_sha= motion_pos_sha= motion_mask= mem_order_sha= motion_cols_sha= donor=None cover=exact:0,fallback:0,cycle:0,cross_seg:0 gate=none num_steps=10 act_sha=e881d9828f4cd496 infer_ms=67.1
INFO:mme_vla_suite.serving.websocket_policy_server:TIMING infer_ms=67.1
INFO:mme_vla_suite.serving.websocket_policy_server:TIMING add_buffer_ms=38.0 frames=16 exec_start_idx=0
MV_INFER cond=normal split=test task=VideoUnmask ep=8 ep_seq=6 infer_seq=63 t=1058 es=66 k=0 motion_frames=- motion_emb_sha= motion_pos_sha= motion_mask= mem_order_sha= motion_cols_sha= donor=None cover=exact:0,fallback:0,cycle:0,cross_seg:0 gate=none num_steps=10 act_sha=ba01d959b674838f infer_ms=66.9
INFO:mme_vla_suite.serving.websocket_policy_server:TIMING infer_ms=66.9
INFO:mme_vla_suite.serving.websocket_policy_server:TIMING add_buffer_ms=37.1 frames=16 exec_start_idx=0
MV_INFER cond=normal split=test task=VideoUnmask ep=8 ep_seq=6 infer_seq=64 t=1074 es=66 k=0 motion_frames=- motion_emb_sha= motion_pos_sha= motion_mask= mem_order_sha= motion_cols_sha= donor=None cover=exact:0,fallback:0,cycle:0,cross_seg:0 gate=none num_steps=10 act_sha=8bad3e6985a04298 infer_ms=66.9
INFO:mme_vla_suite.serving.websocket_policy_server:TIMING infer_ms=66.9
INFO:mme_vla_suite.serving.websocket_policy_server:TIMING add_buffer_ms=37.9 frames=16 exec_start_idx=0
MV_INFER cond=normal split=test task=VideoUnmask ep=8 ep_seq=6 infer_seq=65 t=1090 es=66 k=0 motion_frames=- motion_emb_sha= motion_pos_sha= motion_mask= mem_order_sha= motion_cols_sha= donor=None cover=exact:0,fallback:0,cycle:0,cross_seg:0 gate=none num_steps=10 act_sha=e72e40d55cbeadc0 infer_ms=67.2
INFO:mme_vla_suite.serving.websocket_policy_server:TIMING infer_ms=67.2
INFO:mme_vla_suite.serving.websocket_policy_server:TIMING add_buffer_ms=37.8 frames=16 exec_start_idx=0
MV_INFER cond=normal split=test task=VideoUnmask ep=8 ep_seq=6 infer_seq=66 t=1106 es=66 k=0 motion_frames=- motion_emb_sha= motion_pos_sha= motion_mask= mem_order_sha= motion_cols_sha= donor=None cover=exact:0,fallback:0,cycle:0,cross_seg:0 gate=none num_steps=10 act_sha=89a784dc84eda251 infer_ms=67.2
INFO:mme_vla_suite.serving.websocket_policy_server:TIMING infer_ms=67.2
INFO:mme_vla_suite.serving.websocket_policy_server:TIMING add_buffer_ms=38.3 frames=16 exec_start_idx=0
MV_INFER cond=normal split=test task=VideoUnmask ep=8 ep_seq=6 infer_seq=67 t=1122 es=66 k=0 motion_frames=- motion_emb_sha= motion_pos_sha= motion_mask= mem_order_sha= motion_cols_sha= donor=None cover=exact:0,fallback:0,cycle:0,cross_seg:0 gate=none num_steps=10 act_sha=ed1e6fa16cc20eac infer_ms=67.0
INFO:mme_vla_suite.serving.websocket_policy_server:TIMING infer_ms=67.0
INFO:mme_vla_suite.serving.websocket_policy_server:TIMING add_buffer_ms=37.7 frames=16 exec_start_idx=0
MV_INFER cond=normal split=test task=VideoUnmask ep=8 ep_seq=6 infer_seq=68 t=1138 es=66 k=0 motion_frames=- motion_emb_sha= motion_pos_sha= motion_mask= mem_order_sha= motion_cols_sha= donor=None cover=exact:0,fallback:0,cycle:0,cross_seg:0 gate=none num_steps=10 act_sha=52c267da458ebff9 infer_ms=67.1
INFO:mme_vla_suite.serving.websocket_policy_server:TIMING infer_ms=67.1
INFO:mme_vla_suite.serving.websocket_policy_server:TIMING add_buffer_ms=38.0 frames=16 exec_start_idx=0
MV_INFER cond=normal split=test task=VideoUnmask ep=8 ep_seq=6 infer_seq=69 t=1154 es=66 k=0 motion_frames=- motion_emb_sha= motion_pos_sha= motion_mask= mem_order_sha= motion_cols_sha= donor=None cover=exact:0,fallback:0,cycle:0,cross_seg:0 gate=none num_steps=10 act_sha=9edb0cbfc9f268c1 infer_ms=66.9
INFO:mme_vla_suite.serving.websocket_policy_server:TIMING infer_ms=66.9
INFO:mme_vla_suite.serving.websocket_policy_server:TIMING add_buffer_ms=38.1 frames=16 exec_start_idx=0
MV_INFER cond=normal split=test task=VideoUnmask ep=8 ep_seq=6 infer_seq=70 t=1170 es=66 k=0 motion_frames=- motion_emb_sha= motion_pos_sha= motion_mask= mem_order_sha= motion_cols_sha= donor=None cover=exact:0,fallback:0,cycle:0,cross_seg:0 gate=none num_steps=10 act_sha=2d2a1cdfe5f25a4b infer_ms=67.1
INFO:mme_vla_suite.serving.websocket_policy_server:TIMING infer_ms=67.1
INFO:mme_vla_suite.serving.websocket_policy_server:TIMING add_buffer_ms=37.5 frames=16 exec_start_idx=0
MV_INFER cond=normal split=test task=VideoUnmask ep=8 ep_seq=6 infer_seq=71 t=1186 es=66 k=0 motion_frames=- motion_emb_sha= motion_pos_sha= motion_mask= mem_order_sha= motion_cols_sha= donor=None cover=exact:0,fallback:0,cycle:0,cross_seg:0 gate=none num_steps=10 act_sha=60f966a5eb7d44e0 infer_ms=66.8
INFO:mme_vla_suite.serving.websocket_policy_server:TIMING infer_ms=66.8
INFO:mme_vla_suite.serving.websocket_policy_server:TIMING add_buffer_ms=37.4 frames=16 exec_start_idx=0
MV_INFER cond=normal split=test task=VideoUnmask ep=8 ep_seq=6 infer_seq=72 t=1202 es=66 k=0 motion_frames=- motion_emb_sha= motion_pos_sha= motion_mask= mem_order_sha= motion_cols_sha= donor=None cover=exact:0,fallback:0,cycle:0,cross_seg:0 gate=none num_steps=10 act_sha=109768a2a971bae9 infer_ms=67.5
INFO:mme_vla_suite.serving.websocket_policy_server:TIMING infer_ms=67.5
INFO:mme_vla_suite.serving.websocket_policy_server:TIMING add_buffer_ms=37.4 frames=16 exec_start_idx=0
MV_INFER cond=normal split=test task=VideoUnmask ep=8 ep_seq=6 infer_seq=73 t=1218 es=66 k=0 motion_frames=- motion_emb_sha= motion_pos_sha= motion_mask= mem_order_sha= motion_cols_sha= donor=None cover=exact:0,fallback:0,cycle:0,cross_seg:0 gate=none num_steps=10 act_sha=6bf236202f5b6910 infer_ms=67.0
INFO:mme_vla_suite.serving.websocket_policy_server:TIMING infer_ms=67.0
INFO:mme_vla_suite.serving.websocket_policy_server:TIMING add_buffer_ms=37.0 frames=16 exec_start_idx=0
MV_INFER cond=normal split=test task=VideoUnmask ep=8 ep_seq=6 infer_seq=74 t=1234 es=66 k=0 motion_frames=- motion_emb_sha= motion_pos_sha= motion_mask= mem_order_sha= motion_cols_sha= donor=None cover=exact:0,fallback:0,cycle:0,cross_seg:0 gate=none num_steps=10 act_sha=a2a56b4c30865079 infer_ms=66.9
INFO:mme_vla_suite.serving.websocket_policy_server:TIMING infer_ms=66.9
INFO:mme_vla_suite.serving.websocket_policy_server:TIMING add_buffer_ms=39.1 frames=16 exec_start_idx=0
MV_INFER cond=normal split=test task=VideoUnmask ep=8 ep_seq=6 infer_seq=75 t=1250 es=66 k=0 motion_frames=- motion_emb_sha= motion_pos_sha= motion_mask= mem_order_sha= motion_cols_sha= donor=None cover=exact:0,fallback:0,cycle:0,cross_seg:0 gate=none num_steps=10 act_sha=7f462abb1550f6b3 infer_ms=67.1
INFO:mme_vla_suite.serving.websocket_policy_server:TIMING infer_ms=67.1
INFO:mme_vla_suite.serving.websocket_policy_server:TIMING add_buffer_ms=37.2 frames=16 exec_start_idx=0
MV_INFER cond=normal split=test task=VideoUnmask ep=8 ep_seq=6 infer_seq=76 t=1266 es=66 k=0 motion_frames=- motion_emb_sha= motion_pos_sha= motion_mask= mem_order_sha= motion_cols_sha= donor=None cover=exact:0,fallback:0,cycle:0,cross_seg:0 gate=none num_steps=10 act_sha=f4a61df92936406f infer_ms=66.8
INFO:mme_vla_suite.serving.websocket_policy_server:TIMING infer_ms=66.8
INFO:mme_vla_suite.serving.websocket_policy_server:TIMING add_buffer_ms=37.5 frames=16 exec_start_idx=0
MV_INFER cond=normal split=test task=VideoUnmask ep=8 ep_seq=6 infer_seq=77 t=1282 es=66 k=0 motion_frames=- motion_emb_sha= motion_pos_sha= motion_mask= mem_order_sha= motion_cols_sha= donor=None cover=exact:0,fallback:0,cycle:0,cross_seg:0 gate=none num_steps=10 act_sha=a6703ae2e1896f34 infer_ms=67.0
INFO:mme_vla_suite.serving.websocket_policy_server:TIMING infer_ms=67.0
INFO:mme_vla_suite.serving.websocket_policy_server:TIMING add_buffer_ms=38.4 frames=16 exec_start_idx=0
MV_INFER cond=normal split=test task=VideoUnmask ep=8 ep_seq=6 infer_seq=78 t=1298 es=66 k=0 motion_frames=- motion_emb_sha= motion_pos_sha= motion_mask= mem_order_sha= motion_cols_sha= donor=None cover=exact:0,fallback:0,cycle:0,cross_seg:0 gate=none num_steps=10 act_sha=c9b1fdd2e536808e infer_ms=67.1
INFO:mme_vla_suite.serving.websocket_policy_server:TIMING infer_ms=67.1
INFO:mme_vla_suite.serving.websocket_policy_server:TIMING add_buffer_ms=37.5 frames=16 exec_start_idx=0
MV_INFER cond=normal split=test task=VideoUnmask ep=8 ep_seq=6 infer_seq=79 t=1314 es=66 k=0 motion_frames=- motion_emb_sha= motion_pos_sha= motion_mask= mem_order_sha= motion_cols_sha= donor=None cover=exact:0,fallback:0,cycle:0,cross_seg:0 gate=none num_steps=10 act_sha=dbbe8f8d7c790d58 infer_ms=67.1
INFO:mme_vla_suite.serving.websocket_policy_server:TIMING infer_ms=67.1
INFO:mme_vla_suite.serving.websocket_policy_server:TIMING add_buffer_ms=37.7 frames=16 exec_start_idx=0
MV_INFER cond=normal split=test task=VideoUnmask ep=8 ep_seq=6 infer_seq=80 t=1330 es=66 k=0 motion_frames=- motion_emb_sha= motion_pos_sha= motion_mask= mem_order_sha= motion_cols_sha= donor=None cover=exact:0,fallback:0,cycle:0,cross_seg:0 gate=none num_steps=10 act_sha=72b8dc49620c0860 infer_ms=67.1
INFO:mme_vla_suite.serving.websocket_policy_server:TIMING infer_ms=67.1
INFO:mme_vla_suite.serving.websocket_policy_server:TIMING add_buffer_ms=37.5 frames=16 exec_start_idx=0
MV_INFER cond=normal split=test task=VideoUnmask ep=8 ep_seq=6 infer_seq=81 t=1346 es=66 k=0 motion_frames=- motion_emb_sha= motion_pos_sha= motion_mask= mem_order_sha= motion_cols_sha= donor=None cover=exact:0,fallback:0,cycle:0,cross_seg:0 gate=none num_steps=10 act_sha=34fee1da020f4600 infer_ms=67.3
INFO:mme_vla_suite.serving.websocket_policy_server:TIMING infer_ms=67.3
INFO:mme_vla_suite.serving.websocket_policy_server:TIMING add_buffer_ms=37.5 frames=16 exec_start_idx=0
MV_INFER cond=normal split=test task=VideoUnmask ep=8 ep_seq=6 infer_seq=82 t=1362 es=66 k=0 motion_frames=- motion_emb_sha= motion_pos_sha= motion_mask= mem_order_sha= motion_cols_sha= donor=None cover=exact:0,fallback:0,cycle:0,cross_seg:0 gate=none num_steps=10 act_sha=81b306ab16e3352a infer_ms=67.5
INFO:mme_vla_suite.serving.websocket_policy_server:TIMING infer_ms=67.5
INFO:websockets.server:connection open
INFO:mme_vla_suite.serving.websocket_policy_server:Connection from ('127.0.0.1', 48566) opened
MV_EPISODE_END ep_seq=6 infers=82 windows=0 wall_s=34.6
MV_EPISODE_BEGIN cond=normal split=test seed=42 ep_seq=7 expect=ButtonUnmaskSwap:0
INFO:mme_vla_suite.serving.websocket_policy_server:TIMING add_buffer_ms=6.9 frames=1 exec_start_idx=0
MV_INFER cond=normal split=test task=ButtonUnmaskSwap ep=0 ep_seq=7 infer_seq=1 t=0 es=0 k=0 motion_frames=- motion_emb_sha= motion_pos_sha= motion_mask= mem_order_sha= motion_cols_sha= donor=None cover=exact:0,fallback:0,cycle:0,cross_seg:0 gate=none num_steps=10 act_sha=141b0d03872a00ee infer_ms=66.7
INFO:mme_vla_suite.serving.websocket_policy_server:TIMING infer_ms=66.7
INFO:mme_vla_suite.serving.websocket_policy_server:TIMING add_buffer_ms=39.6 frames=16 exec_start_idx=0
MV_INFER cond=normal split=test task=ButtonUnmaskSwap ep=0 ep_seq=7 infer_seq=2 t=16 es=0 k=0 motion_frames=- motion_emb_sha= motion_pos_sha= motion_mask= mem_order_sha= motion_cols_sha= donor=None cover=exact:0,fallback:0,cycle:0,cross_seg:0 gate=none num_steps=10 act_sha=5da71bd26f7af49f infer_ms=67.6
INFO:mme_vla_suite.serving.websocket_policy_server:TIMING infer_ms=67.6
INFO:mme_vla_suite.serving.websocket_policy_server:TIMING add_buffer_ms=36.7 frames=16 exec_start_idx=0
MV_INFER cond=normal split=test task=ButtonUnmaskSwap ep=0 ep_seq=7 infer_seq=3 t=32 es=0 k=0 motion_frames=- motion_emb_sha= motion_pos_sha= motion_mask= mem_order_sha= motion_cols_sha= donor=None cover=exact:0,fallback:0,cycle:0,cross_seg:0 gate=none num_steps=10 act_sha=61456fa730c91949 infer_ms=67.0
INFO:mme_vla_suite.serving.websocket_policy_server:TIMING infer_ms=67.0
INFO:mme_vla_suite.serving.websocket_policy_server:TIMING add_buffer_ms=38.3 frames=16 exec_start_idx=0
MV_INFER cond=normal split=test task=ButtonUnmaskSwap ep=0 ep_seq=7 infer_seq=4 t=48 es=0 k=0 motion_frames=- motion_emb_sha= motion_pos_sha= motion_mask= mem_order_sha= motion_cols_sha= donor=None cover=exact:0,fallback:0,cycle:0,cross_seg:0 gate=none num_steps=10 act_sha=bcb6f4f740b20a2b infer_ms=67.4
INFO:mme_vla_suite.serving.websocket_policy_server:TIMING infer_ms=67.4
INFO:mme_vla_suite.serving.websocket_policy_server:TIMING add_buffer_ms=36.1 frames=16 exec_start_idx=0
MV_INFER cond=normal split=test task=ButtonUnmaskSwap ep=0 ep_seq=7 infer_seq=5 t=64 es=0 k=0 motion_frames=- motion_emb_sha= motion_pos_sha= motion_mask= mem_order_sha= motion_cols_sha= donor=None cover=exact:0,fallback:0,cycle:0,cross_seg:0 gate=none num_steps=10 act_sha=53e80d13704c722f infer_ms=67.1
INFO:mme_vla_suite.serving.websocket_policy_server:TIMING infer_ms=67.1
INFO:mme_vla_suite.serving.websocket_policy_server:TIMING add_buffer_ms=36.9 frames=16 exec_start_idx=0
MV_INFER cond=normal split=test task=ButtonUnmaskSwap ep=0 ep_seq=7 infer_seq=6 t=80 es=0 k=0 motion_frames=- motion_emb_sha= motion_pos_sha= motion_mask= mem_order_sha= motion_cols_sha= donor=None cover=exact:0,fallback:0,cycle:0,cross_seg:0 gate=none num_steps=10 act_sha=79f9270a5a503765 infer_ms=67.0
INFO:mme_vla_suite.serving.websocket_policy_server:TIMING infer_ms=67.0
INFO:mme_vla_suite.serving.websocket_policy_server:TIMING add_buffer_ms=41.9 frames=16 exec_start_idx=0
MV_INFER cond=normal split=test task=ButtonUnmaskSwap ep=0 ep_seq=7 infer_seq=7 t=96 es=0 k=0 motion_frames=- motion_emb_sha= motion_pos_sha= motion_mask= mem_order_sha= motion_cols_sha= donor=None cover=exact:0,fallback:0,cycle:0,cross_seg:0 gate=none num_steps=10 act_sha=46ecd0527f628814 infer_ms=68.1
INFO:mme_vla_suite.serving.websocket_policy_server:TIMING infer_ms=68.1
INFO:mme_vla_suite.serving.websocket_policy_server:TIMING add_buffer_ms=40.0 frames=16 exec_start_idx=0
MV_INFER cond=normal split=test task=ButtonUnmaskSwap ep=0 ep_seq=7 infer_seq=8 t=112 es=0 k=0 motion_frames=- motion_emb_sha= motion_pos_sha= motion_mask= mem_order_sha= motion_cols_sha= donor=None cover=exact:0,fallback:0,cycle:0,cross_seg:0 gate=none num_steps=10 act_sha=ef76c47e32ff981a infer_ms=67.2
INFO:mme_vla_suite.serving.websocket_policy_server:TIMING infer_ms=67.2
INFO:mme_vla_suite.serving.websocket_policy_server:TIMING add_buffer_ms=38.6 frames=16 exec_start_idx=0
MV_INFER cond=normal split=test task=ButtonUnmaskSwap ep=0 ep_seq=7 infer_seq=9 t=128 es=0 k=0 motion_frames=- motion_emb_sha= motion_pos_sha= motion_mask= mem_order_sha= motion_cols_sha= donor=None cover=exact:0,fallback:0,cycle:0,cross_seg:0 gate=none num_steps=10 act_sha=a9485ed8dd736c75 infer_ms=67.2
INFO:mme_vla_suite.serving.websocket_policy_server:TIMING infer_ms=67.2
INFO:mme_vla_suite.serving.websocket_policy_server:TIMING add_buffer_ms=39.9 frames=16 exec_start_idx=0
MV_INFER cond=normal split=test task=ButtonUnmaskSwap ep=0 ep_seq=7 infer_seq=10 t=144 es=0 k=0 motion_frames=- motion_emb_sha= motion_pos_sha= motion_mask= mem_order_sha= motion_cols_sha= donor=None cover=exact:0,fallback:0,cycle:0,cross_seg:0 gate=none num_steps=10 act_sha=1872c4da8f79a74a infer_ms=67.6
INFO:mme_vla_suite.serving.websocket_policy_server:TIMING infer_ms=67.6
INFO:mme_vla_suite.serving.websocket_policy_server:TIMING add_buffer_ms=40.4 frames=16 exec_start_idx=0
MV_INFER cond=normal split=test task=ButtonUnmaskSwap ep=0 ep_seq=7 infer_seq=11 t=160 es=0 k=0 motion_frames=- motion_emb_sha= motion_pos_sha= motion_mask= mem_order_sha= motion_cols_sha= donor=None cover=exact:0,fallback:0,cycle:0,cross_seg:0 gate=none num_steps=10 act_sha=aea57489526db76c infer_ms=67.0
INFO:mme_vla_suite.serving.websocket_policy_server:TIMING infer_ms=67.0
INFO:mme_vla_suite.serving.websocket_policy_server:TIMING add_buffer_ms=37.0 frames=16 exec_start_idx=0
MV_INFER cond=normal split=test task=ButtonUnmaskSwap ep=0 ep_seq=7 infer_seq=12 t=176 es=0 k=0 motion_frames=- motion_emb_sha= motion_pos_sha= motion_mask= mem_order_sha= motion_cols_sha= donor=None cover=exact:0,fallback:0,cycle:0,cross_seg:0 gate=none num_steps=10 act_sha=49c4746d2b862b1e infer_ms=67.3
INFO:mme_vla_suite.serving.websocket_policy_server:TIMING infer_ms=67.3
INFO:mme_vla_suite.serving.websocket_policy_server:TIMING add_buffer_ms=37.2 frames=16 exec_start_idx=0
MV_INFER cond=normal split=test task=ButtonUnmaskSwap ep=0 ep_seq=7 infer_seq=13 t=192 es=0 k=0 motion_frames=- motion_emb_sha= motion_pos_sha= motion_mask= mem_order_sha= motion_cols_sha= donor=None cover=exact:0,fallback:0,cycle:0,cross_seg:0 gate=none num_steps=10 act_sha=cf56c794da75a486 infer_ms=67.2
INFO:mme_vla_suite.serving.websocket_policy_server:TIMING infer_ms=67.2
INFO:mme_vla_suite.serving.websocket_policy_server:TIMING add_buffer_ms=36.1 frames=16 exec_start_idx=0
MV_INFER cond=normal split=test task=ButtonUnmaskSwap ep=0 ep_seq=7 infer_seq=14 t=208 es=0 k=0 motion_frames=- motion_emb_sha= motion_pos_sha= motion_mask= mem_order_sha= motion_cols_sha= donor=None cover=exact:0,fallback:0,cycle:0,cross_seg:0 gate=none num_steps=10 act_sha=fe3ecdc785868331 infer_ms=67.0
INFO:mme_vla_suite.serving.websocket_policy_server:TIMING infer_ms=67.0
INFO:mme_vla_suite.serving.websocket_policy_server:TIMING add_buffer_ms=36.9 frames=16 exec_start_idx=0
MV_INFER cond=normal split=test task=ButtonUnmaskSwap ep=0 ep_seq=7 infer_seq=15 t=224 es=0 k=0 motion_frames=- motion_emb_sha= motion_pos_sha= motion_mask= mem_order_sha= motion_cols_sha= donor=None cover=exact:0,fallback:0,cycle:0,cross_seg:0 gate=none num_steps=10 act_sha=f73e7240b680b1d3 infer_ms=67.0
INFO:mme_vla_suite.serving.websocket_policy_server:TIMING infer_ms=67.0
INFO:mme_vla_suite.serving.websocket_policy_server:TIMING add_buffer_ms=37.6 frames=16 exec_start_idx=0
MV_INFER cond=normal split=test task=ButtonUnmaskSwap ep=0 ep_seq=7 infer_seq=16 t=240 es=0 k=0 motion_frames=- motion_emb_sha= motion_pos_sha= motion_mask= mem_order_sha= motion_cols_sha= donor=None cover=exact:0,fallback:0,cycle:0,cross_seg:0 gate=none num_steps=10 act_sha=13d5de0713b0e9c6 infer_ms=67.4
INFO:mme_vla_suite.serving.websocket_policy_server:TIMING infer_ms=67.4
INFO:mme_vla_suite.serving.websocket_policy_server:TIMING add_buffer_ms=36.7 frames=16 exec_start_idx=0
MV_INFER cond=normal split=test task=ButtonUnmaskSwap ep=0 ep_seq=7 infer_seq=17 t=256 es=0 k=0 motion_frames=- motion_emb_sha= motion_pos_sha= motion_mask= mem_order_sha= motion_cols_sha= donor=None cover=exact:0,fallback:0,cycle:0,cross_seg:0 gate=none num_steps=10 act_sha=1604290ebbc218cc infer_ms=67.0
INFO:mme_vla_suite.serving.websocket_policy_server:TIMING infer_ms=67.0
INFO:mme_vla_suite.serving.websocket_policy_server:TIMING add_buffer_ms=36.8 frames=16 exec_start_idx=0
MV_INFER cond=normal split=test task=ButtonUnmaskSwap ep=0 ep_seq=7 infer_seq=18 t=272 es=0 k=0 motion_frames=- motion_emb_sha= motion_pos_sha= motion_mask= mem_order_sha= motion_cols_sha= donor=None cover=exact:0,fallback:0,cycle:0,cross_seg:0 gate=none num_steps=10 act_sha=4134c3db3059d225 infer_ms=67.0
INFO:mme_vla_suite.serving.websocket_policy_server:TIMING infer_ms=67.0
INFO:mme_vla_suite.serving.websocket_policy_server:TIMING add_buffer_ms=36.7 frames=16 exec_start_idx=0
MV_INFER cond=normal split=test task=ButtonUnmaskSwap ep=0 ep_seq=7 infer_seq=19 t=288 es=0 k=0 motion_frames=- motion_emb_sha= motion_pos_sha= motion_mask= mem_order_sha= motion_cols_sha= donor=None cover=exact:0,fallback:0,cycle:0,cross_seg:0 gate=none num_steps=10 act_sha=09f97a61e4ba9c3b infer_ms=67.4
INFO:mme_vla_suite.serving.websocket_policy_server:TIMING infer_ms=67.4
INFO:mme_vla_suite.serving.websocket_policy_server:TIMING add_buffer_ms=37.7 frames=16 exec_start_idx=0
MV_INFER cond=normal split=test task=ButtonUnmaskSwap ep=0 ep_seq=7 infer_seq=20 t=304 es=0 k=0 motion_frames=- motion_emb_sha= motion_pos_sha= motion_mask= mem_order_sha= motion_cols_sha= donor=None cover=exact:0,fallback:0,cycle:0,cross_seg:0 gate=none num_steps=10 act_sha=e95870cd33a2b584 infer_ms=67.5
INFO:mme_vla_suite.serving.websocket_policy_server:TIMING infer_ms=67.5
INFO:mme_vla_suite.serving.websocket_policy_server:TIMING add_buffer_ms=36.7 frames=16 exec_start_idx=0
MV_INFER cond=normal split=test task=ButtonUnmaskSwap ep=0 ep_seq=7 infer_seq=21 t=320 es=0 k=0 motion_frames=- motion_emb_sha= motion_pos_sha= motion_mask= mem_order_sha= motion_cols_sha= donor=None cover=exact:0,fallback:0,cycle:0,cross_seg:0 gate=none num_steps=10 act_sha=0006edc14fed2fee infer_ms=67.1
INFO:mme_vla_suite.serving.websocket_policy_server:TIMING infer_ms=67.1
INFO:mme_vla_suite.serving.websocket_policy_server:TIMING add_buffer_ms=37.5 frames=16 exec_start_idx=0
MV_INFER cond=normal split=test task=ButtonUnmaskSwap ep=0 ep_seq=7 infer_seq=22 t=336 es=0 k=0 motion_frames=- motion_emb_sha= motion_pos_sha= motion_mask= mem_order_sha= motion_cols_sha= donor=None cover=exact:0,fallback:0,cycle:0,cross_seg:0 gate=none num_steps=10 act_sha=be986b087e1917a7 infer_ms=67.1
INFO:mme_vla_suite.serving.websocket_policy_server:TIMING infer_ms=67.1
INFO:mme_vla_suite.serving.websocket_policy_server:TIMING add_buffer_ms=37.0 frames=16 exec_start_idx=0
MV_INFER cond=normal split=test task=ButtonUnmaskSwap ep=0 ep_seq=7 infer_seq=23 t=352 es=0 k=0 motion_frames=- motion_emb_sha= motion_pos_sha= motion_mask= mem_order_sha= motion_cols_sha= donor=None cover=exact:0,fallback:0,cycle:0,cross_seg:0 gate=none num_steps=10 act_sha=00d953fbb25714cb infer_ms=66.9
INFO:mme_vla_suite.serving.websocket_policy_server:TIMING infer_ms=66.9
INFO:mme_vla_suite.serving.websocket_policy_server:TIMING add_buffer_ms=37.0 frames=16 exec_start_idx=0
MV_INFER cond=normal split=test task=ButtonUnmaskSwap ep=0 ep_seq=7 infer_seq=24 t=368 es=0 k=0 motion_frames=- motion_emb_sha= motion_pos_sha= motion_mask= mem_order_sha= motion_cols_sha= donor=None cover=exact:0,fallback:0,cycle:0,cross_seg:0 gate=none num_steps=10 act_sha=0745c1f8005d532a infer_ms=67.1
INFO:mme_vla_suite.serving.websocket_policy_server:TIMING infer_ms=67.1
INFO:mme_vla_suite.serving.websocket_policy_server:TIMING add_buffer_ms=36.7 frames=16 exec_start_idx=0
MV_INFER cond=normal split=test task=ButtonUnmaskSwap ep=0 ep_seq=7 infer_seq=25 t=384 es=0 k=0 motion_frames=- motion_emb_sha= motion_pos_sha= motion_mask= mem_order_sha= motion_cols_sha= donor=None cover=exact:0,fallback:0,cycle:0,cross_seg:0 gate=none num_steps=10 act_sha=f7b50fe821e94f8a infer_ms=66.9
INFO:mme_vla_suite.serving.websocket_policy_server:TIMING infer_ms=66.9
INFO:mme_vla_suite.serving.websocket_policy_server:TIMING add_buffer_ms=37.2 frames=16 exec_start_idx=0
MV_INFER cond=normal split=test task=ButtonUnmaskSwap ep=0 ep_seq=7 infer_seq=26 t=400 es=0 k=0 motion_frames=- motion_emb_sha= motion_pos_sha= motion_mask= mem_order_sha= motion_cols_sha= donor=None cover=exact:0,fallback:0,cycle:0,cross_seg:0 gate=none num_steps=10 act_sha=c662a9443a0c44f6 infer_ms=67.2
INFO:mme_vla_suite.serving.websocket_policy_server:TIMING infer_ms=67.2
INFO:mme_vla_suite.serving.websocket_policy_server:TIMING add_buffer_ms=36.9 frames=16 exec_start_idx=0
MV_INFER cond=normal split=test task=ButtonUnmaskSwap ep=0 ep_seq=7 infer_seq=27 t=416 es=0 k=0 motion_frames=- motion_emb_sha= motion_pos_sha= motion_mask= mem_order_sha= motion_cols_sha= donor=None cover=exact:0,fallback:0,cycle:0,cross_seg:0 gate=none num_steps=10 act_sha=06e93456cf1c68db infer_ms=66.9
INFO:mme_vla_suite.serving.websocket_policy_server:TIMING infer_ms=66.9
INFO:mme_vla_suite.serving.websocket_policy_server:TIMING add_buffer_ms=36.6 frames=16 exec_start_idx=0
MV_INFER cond=normal split=test task=ButtonUnmaskSwap ep=0 ep_seq=7 infer_seq=28 t=432 es=0 k=0 motion_frames=- motion_emb_sha= motion_pos_sha= motion_mask= mem_order_sha= motion_cols_sha= donor=None cover=exact:0,fallback:0,cycle:0,cross_seg:0 gate=none num_steps=10 act_sha=3d0537e108fd0453 infer_ms=66.9
INFO:mme_vla_suite.serving.websocket_policy_server:TIMING infer_ms=66.9
INFO:mme_vla_suite.serving.websocket_policy_server:TIMING add_buffer_ms=37.0 frames=16 exec_start_idx=0
MV_INFER cond=normal split=test task=ButtonUnmaskSwap ep=0 ep_seq=7 infer_seq=29 t=448 es=0 k=0 motion_frames=- motion_emb_sha= motion_pos_sha= motion_mask= mem_order_sha= motion_cols_sha= donor=None cover=exact:0,fallback:0,cycle:0,cross_seg:0 gate=none num_steps=10 act_sha=761993ecb35aaf41 infer_ms=67.1
INFO:mme_vla_suite.serving.websocket_policy_server:TIMING infer_ms=67.1
INFO:mme_vla_suite.serving.websocket_policy_server:TIMING add_buffer_ms=37.1 frames=16 exec_start_idx=0
MV_INFER cond=normal split=test task=ButtonUnmaskSwap ep=0 ep_seq=7 infer_seq=30 t=464 es=0 k=0 motion_frames=- motion_emb_sha= motion_pos_sha= motion_mask= mem_order_sha= motion_cols_sha= donor=None cover=exact:0,fallback:0,cycle:0,cross_seg:0 gate=none num_steps=10 act_sha=cd467492a37fddc3 infer_ms=66.9
INFO:mme_vla_suite.serving.websocket_policy_server:TIMING infer_ms=66.9
INFO:mme_vla_suite.serving.websocket_policy_server:TIMING add_buffer_ms=37.6 frames=16 exec_start_idx=0
MV_INFER cond=normal split=test task=ButtonUnmaskSwap ep=0 ep_seq=7 infer_seq=31 t=480 es=0 k=0 motion_frames=- motion_emb_sha= motion_pos_sha= motion_mask= mem_order_sha= motion_cols_sha= donor=None cover=exact:0,fallback:0,cycle:0,cross_seg:0 gate=none num_steps=10 act_sha=814697f5a86cddff infer_ms=66.9
INFO:mme_vla_suite.serving.websocket_policy_server:TIMING infer_ms=66.9
INFO:mme_vla_suite.serving.websocket_policy_server:TIMING add_buffer_ms=37.0 frames=16 exec_start_idx=0
MV_INFER cond=normal split=test task=ButtonUnmaskSwap ep=0 ep_seq=7 infer_seq=32 t=496 es=0 k=0 motion_frames=- motion_emb_sha= motion_pos_sha= motion_mask= mem_order_sha= motion_cols_sha= donor=None cover=exact:0,fallback:0,cycle:0,cross_seg:0 gate=none num_steps=10 act_sha=7ad29225fe7433bb infer_ms=66.9
INFO:mme_vla_suite.serving.websocket_policy_server:TIMING infer_ms=66.9
INFO:mme_vla_suite.serving.websocket_policy_server:TIMING add_buffer_ms=36.9 frames=16 exec_start_idx=0
MV_INFER cond=normal split=test task=ButtonUnmaskSwap ep=0 ep_seq=7 infer_seq=33 t=512 es=0 k=0 motion_frames=- motion_emb_sha= motion_pos_sha= motion_mask= mem_order_sha= motion_cols_sha= donor=None cover=exact:0,fallback:0,cycle:0,cross_seg:0 gate=none num_steps=10 act_sha=2767fd2f4945b6d3 infer_ms=67.1
INFO:mme_vla_suite.serving.websocket_policy_server:TIMING infer_ms=67.1
INFO:mme_vla_suite.serving.websocket_policy_server:TIMING add_buffer_ms=36.9 frames=16 exec_start_idx=0
MV_INFER cond=normal split=test task=ButtonUnmaskSwap ep=0 ep_seq=7 infer_seq=34 t=528 es=0 k=0 motion_frames=- motion_emb_sha= motion_pos_sha= motion_mask= mem_order_sha= motion_cols_sha= donor=None cover=exact:0,fallback:0,cycle:0,cross_seg:0 gate=none num_steps=10 act_sha=1d606ad07e5e1894 infer_ms=67.0
INFO:mme_vla_suite.serving.websocket_policy_server:TIMING infer_ms=67.0
INFO:mme_vla_suite.serving.websocket_policy_server:TIMING add_buffer_ms=36.6 frames=16 exec_start_idx=0
MV_INFER cond=normal split=test task=ButtonUnmaskSwap ep=0 ep_seq=7 infer_seq=35 t=544 es=0 k=0 motion_frames=- motion_emb_sha= motion_pos_sha= motion_mask= mem_order_sha= motion_cols_sha= donor=None cover=exact:0,fallback:0,cycle:0,cross_seg:0 gate=none num_steps=10 act_sha=54559e3ebf2cde0b infer_ms=67.2
INFO:mme_vla_suite.serving.websocket_policy_server:TIMING infer_ms=67.2
INFO:mme_vla_suite.serving.websocket_policy_server:TIMING add_buffer_ms=36.8 frames=16 exec_start_idx=0
MV_INFER cond=normal split=test task=ButtonUnmaskSwap ep=0 ep_seq=7 infer_seq=36 t=560 es=0 k=0 motion_frames=- motion_emb_sha= motion_pos_sha= motion_mask= mem_order_sha= motion_cols_sha= donor=None cover=exact:0,fallback:0,cycle:0,cross_seg:0 gate=none num_steps=10 act_sha=1be19961ee817e80 infer_ms=66.9
INFO:mme_vla_suite.serving.websocket_policy_server:TIMING infer_ms=66.9
INFO:mme_vla_suite.serving.websocket_policy_server:TIMING add_buffer_ms=37.1 frames=16 exec_start_idx=0
MV_INFER cond=normal split=test task=ButtonUnmaskSwap ep=0 ep_seq=7 infer_seq=37 t=576 es=0 k=0 motion_frames=- motion_emb_sha= motion_pos_sha= motion_mask= mem_order_sha= motion_cols_sha= donor=None cover=exact:0,fallback:0,cycle:0,cross_seg:0 gate=none num_steps=10 act_sha=41cf9a36df6e072d infer_ms=67.2
INFO:mme_vla_suite.serving.websocket_policy_server:TIMING infer_ms=67.2
INFO:mme_vla_suite.serving.websocket_policy_server:TIMING add_buffer_ms=37.4 frames=16 exec_start_idx=0
MV_INFER cond=normal split=test task=ButtonUnmaskSwap ep=0 ep_seq=7 infer_seq=38 t=592 es=0 k=0 motion_frames=- motion_emb_sha= motion_pos_sha= motion_mask= mem_order_sha= motion_cols_sha= donor=None cover=exact:0,fallback:0,cycle:0,cross_seg:0 gate=none num_steps=10 act_sha=b8bfebef0df66daf infer_ms=67.0
INFO:mme_vla_suite.serving.websocket_policy_server:TIMING infer_ms=67.0
INFO:mme_vla_suite.serving.websocket_policy_server:TIMING add_buffer_ms=36.5 frames=16 exec_start_idx=0
MV_INFER cond=normal split=test task=ButtonUnmaskSwap ep=0 ep_seq=7 infer_seq=39 t=608 es=0 k=0 motion_frames=- motion_emb_sha= motion_pos_sha= motion_mask= mem_order_sha= motion_cols_sha= donor=None cover=exact:0,fallback:0,cycle:0,cross_seg:0 gate=none num_steps=10 act_sha=4955fb4c32664b1d infer_ms=67.3
INFO:mme_vla_suite.serving.websocket_policy_server:TIMING infer_ms=67.3
INFO:mme_vla_suite.serving.websocket_policy_server:TIMING add_buffer_ms=36.5 frames=16 exec_start_idx=0
MV_INFER cond=normal split=test task=ButtonUnmaskSwap ep=0 ep_seq=7 infer_seq=40 t=624 es=0 k=0 motion_frames=- motion_emb_sha= motion_pos_sha= motion_mask= mem_order_sha= motion_cols_sha= donor=None cover=exact:0,fallback:0,cycle:0,cross_seg:0 gate=none num_steps=10 act_sha=9b4ac23a8256e1c9 infer_ms=67.0
INFO:mme_vla_suite.serving.websocket_policy_server:TIMING infer_ms=67.0
INFO:mme_vla_suite.serving.websocket_policy_server:TIMING add_buffer_ms=36.7 frames=16 exec_start_idx=0
MV_INFER cond=normal split=test task=ButtonUnmaskSwap ep=0 ep_seq=7 infer_seq=41 t=640 es=0 k=0 motion_frames=- motion_emb_sha= motion_pos_sha= motion_mask= mem_order_sha= motion_cols_sha= donor=None cover=exact:0,fallback:0,cycle:0,cross_seg:0 gate=none num_steps=10 act_sha=e1eba8061e0399a0 infer_ms=66.9
INFO:mme_vla_suite.serving.websocket_policy_server:TIMING infer_ms=66.9
INFO:mme_vla_suite.serving.websocket_policy_server:TIMING add_buffer_ms=37.4 frames=16 exec_start_idx=0
MV_INFER cond=normal split=test task=ButtonUnmaskSwap ep=0 ep_seq=7 infer_seq=42 t=656 es=0 k=0 motion_frames=- motion_emb_sha= motion_pos_sha= motion_mask= mem_order_sha= motion_cols_sha= donor=None cover=exact:0,fallback:0,cycle:0,cross_seg:0 gate=none num_steps=10 act_sha=829772f3c47940a1 infer_ms=67.0
INFO:mme_vla_suite.serving.websocket_policy_server:TIMING infer_ms=67.0
INFO:mme_vla_suite.serving.websocket_policy_server:TIMING add_buffer_ms=37.1 frames=16 exec_start_idx=0
MV_INFER cond=normal split=test task=ButtonUnmaskSwap ep=0 ep_seq=7 infer_seq=43 t=672 es=0 k=0 motion_frames=- motion_emb_sha= motion_pos_sha= motion_mask= mem_order_sha= motion_cols_sha= donor=None cover=exact:0,fallback:0,cycle:0,cross_seg:0 gate=none num_steps=10 act_sha=61ac21d7af33867b infer_ms=67.2
INFO:mme_vla_suite.serving.websocket_policy_server:TIMING infer_ms=67.2
INFO:mme_vla_suite.serving.websocket_policy_server:TIMING add_buffer_ms=38.6 frames=16 exec_start_idx=0
MV_INFER cond=normal split=test task=ButtonUnmaskSwap ep=0 ep_seq=7 infer_seq=44 t=688 es=0 k=0 motion_frames=- motion_emb_sha= motion_pos_sha= motion_mask= mem_order_sha= motion_cols_sha= donor=None cover=exact:0,fallback:0,cycle:0,cross_seg:0 gate=none num_steps=10 act_sha=9e136b7036af5638 infer_ms=66.9
INFO:mme_vla_suite.serving.websocket_policy_server:TIMING infer_ms=66.9
INFO:mme_vla_suite.serving.websocket_policy_server:TIMING add_buffer_ms=37.4 frames=16 exec_start_idx=0
MV_INFER cond=normal split=test task=ButtonUnmaskSwap ep=0 ep_seq=7 infer_seq=45 t=704 es=0 k=0 motion_frames=- motion_emb_sha= motion_pos_sha= motion_mask= mem_order_sha= motion_cols_sha= donor=None cover=exact:0,fallback:0,cycle:0,cross_seg:0 gate=none num_steps=10 act_sha=b0445cbc609bd4c8 infer_ms=67.0
INFO:mme_vla_suite.serving.websocket_policy_server:TIMING infer_ms=67.0
INFO:mme_vla_suite.serving.websocket_policy_server:TIMING add_buffer_ms=36.7 frames=16 exec_start_idx=0
MV_INFER cond=normal split=test task=ButtonUnmaskSwap ep=0 ep_seq=7 infer_seq=46 t=720 es=0 k=0 motion_frames=- motion_emb_sha= motion_pos_sha= motion_mask= mem_order_sha= motion_cols_sha= donor=None cover=exact:0,fallback:0,cycle:0,cross_seg:0 gate=none num_steps=10 act_sha=7ac44164f725862c infer_ms=67.0
INFO:mme_vla_suite.serving.websocket_policy_server:TIMING infer_ms=67.0
INFO:mme_vla_suite.serving.websocket_policy_server:TIMING add_buffer_ms=37.4 frames=16 exec_start_idx=0
MV_INFER cond=normal split=test task=ButtonUnmaskSwap ep=0 ep_seq=7 infer_seq=47 t=736 es=0 k=0 motion_frames=- motion_emb_sha= motion_pos_sha= motion_mask= mem_order_sha= motion_cols_sha= donor=None cover=exact:0,fallback:0,cycle:0,cross_seg:0 gate=none num_steps=10 act_sha=ff161460de66e67c infer_ms=67.2
INFO:mme_vla_suite.serving.websocket_policy_server:TIMING infer_ms=67.2
INFO:mme_vla_suite.serving.websocket_policy_server:TIMING add_buffer_ms=37.4 frames=16 exec_start_idx=0
MV_INFER cond=normal split=test task=ButtonUnmaskSwap ep=0 ep_seq=7 infer_seq=48 t=752 es=0 k=0 motion_frames=- motion_emb_sha= motion_pos_sha= motion_mask= mem_order_sha= motion_cols_sha= donor=None cover=exact:0,fallback:0,cycle:0,cross_seg:0 gate=none num_steps=10 act_sha=b6bd54e78c653275 infer_ms=66.9
INFO:mme_vla_suite.serving.websocket_policy_server:TIMING infer_ms=66.9
INFO:mme_vla_suite.serving.websocket_policy_server:TIMING add_buffer_ms=36.8 frames=16 exec_start_idx=0
MV_INFER cond=normal split=test task=ButtonUnmaskSwap ep=0 ep_seq=7 infer_seq=49 t=768 es=0 k=0 motion_frames=- motion_emb_sha= motion_pos_sha= motion_mask= mem_order_sha= motion_cols_sha= donor=None cover=exact:0,fallback:0,cycle:0,cross_seg:0 gate=none num_steps=10 act_sha=796e05cd6e6f35a8 infer_ms=67.2
INFO:mme_vla_suite.serving.websocket_policy_server:TIMING infer_ms=67.2
INFO:mme_vla_suite.serving.websocket_policy_server:TIMING add_buffer_ms=37.6 frames=16 exec_start_idx=0
MV_INFER cond=normal split=test task=ButtonUnmaskSwap ep=0 ep_seq=7 infer_seq=50 t=784 es=0 k=0 motion_frames=- motion_emb_sha= motion_pos_sha= motion_mask= mem_order_sha= motion_cols_sha= donor=None cover=exact:0,fallback:0,cycle:0,cross_seg:0 gate=none num_steps=10 act_sha=e676c0878d36fea7 infer_ms=67.1
INFO:mme_vla_suite.serving.websocket_policy_server:TIMING infer_ms=67.1
INFO:mme_vla_suite.serving.websocket_policy_server:TIMING add_buffer_ms=36.6 frames=16 exec_start_idx=0
MV_INFER cond=normal split=test task=ButtonUnmaskSwap ep=0 ep_seq=7 infer_seq=51 t=800 es=0 k=0 motion_frames=- motion_emb_sha= motion_pos_sha= motion_mask= mem_order_sha= motion_cols_sha= donor=None cover=exact:0,fallback:0,cycle:0,cross_seg:0 gate=none num_steps=10 act_sha=ba4530a172b01609 infer_ms=67.0
INFO:mme_vla_suite.serving.websocket_policy_server:TIMING infer_ms=67.0
INFO:mme_vla_suite.serving.websocket_policy_server:TIMING add_buffer_ms=37.0 frames=16 exec_start_idx=0
MV_INFER cond=normal split=test task=ButtonUnmaskSwap ep=0 ep_seq=7 infer_seq=52 t=816 es=0 k=0 motion_frames=- motion_emb_sha= motion_pos_sha= motion_mask= mem_order_sha= motion_cols_sha= donor=None cover=exact:0,fallback:0,cycle:0,cross_seg:0 gate=none num_steps=10 act_sha=a928aaedae80e137 infer_ms=66.9
INFO:mme_vla_suite.serving.websocket_policy_server:TIMING infer_ms=66.9
INFO:mme_vla_suite.serving.websocket_policy_server:TIMING add_buffer_ms=37.0 frames=16 exec_start_idx=0
MV_INFER cond=normal split=test task=ButtonUnmaskSwap ep=0 ep_seq=7 infer_seq=53 t=832 es=0 k=0 motion_frames=- motion_emb_sha= motion_pos_sha= motion_mask= mem_order_sha= motion_cols_sha= donor=None cover=exact:0,fallback:0,cycle:0,cross_seg:0 gate=none num_steps=10 act_sha=3f7dfa6d72b29930 infer_ms=67.0
INFO:mme_vla_suite.serving.websocket_policy_server:TIMING infer_ms=67.0
INFO:mme_vla_suite.serving.websocket_policy_server:TIMING add_buffer_ms=38.1 frames=16 exec_start_idx=0
MV_INFER cond=normal split=test task=ButtonUnmaskSwap ep=0 ep_seq=7 infer_seq=54 t=848 es=0 k=0 motion_frames=- motion_emb_sha= motion_pos_sha= motion_mask= mem_order_sha= motion_cols_sha= donor=None cover=exact:0,fallback:0,cycle:0,cross_seg:0 gate=none num_steps=10 act_sha=e6534f65ba022f9d infer_ms=67.4
INFO:mme_vla_suite.serving.websocket_policy_server:TIMING infer_ms=67.4
INFO:mme_vla_suite.serving.websocket_policy_server:TIMING add_buffer_ms=38.2 frames=16 exec_start_idx=0
MV_INFER cond=normal split=test task=ButtonUnmaskSwap ep=0 ep_seq=7 infer_seq=55 t=864 es=0 k=0 motion_frames=- motion_emb_sha= motion_pos_sha= motion_mask= mem_order_sha= motion_cols_sha= donor=None cover=exact:0,fallback:0,cycle:0,cross_seg:0 gate=none num_steps=10 act_sha=c4936d655987dee1 infer_ms=66.9
INFO:mme_vla_suite.serving.websocket_policy_server:TIMING infer_ms=66.9
INFO:mme_vla_suite.serving.websocket_policy_server:TIMING add_buffer_ms=37.4 frames=16 exec_start_idx=0
MV_INFER cond=normal split=test task=ButtonUnmaskSwap ep=0 ep_seq=7 infer_seq=56 t=880 es=0 k=0 motion_frames=- motion_emb_sha= motion_pos_sha= motion_mask= mem_order_sha= motion_cols_sha= donor=None cover=exact:0,fallback:0,cycle:0,cross_seg:0 gate=none num_steps=10 act_sha=a77e0d6dd098a44f infer_ms=66.9
INFO:mme_vla_suite.serving.websocket_policy_server:TIMING infer_ms=66.9
INFO:mme_vla_suite.serving.websocket_policy_server:TIMING add_buffer_ms=38.2 frames=16 exec_start_idx=0
MV_INFER cond=normal split=test task=ButtonUnmaskSwap ep=0 ep_seq=7 infer_seq=57 t=896 es=0 k=0 motion_frames=- motion_emb_sha= motion_pos_sha= motion_mask= mem_order_sha= motion_cols_sha= donor=None cover=exact:0,fallback:0,cycle:0,cross_seg:0 gate=none num_steps=10 act_sha=0ee85e2aee7e5e0e infer_ms=66.9
INFO:mme_vla_suite.serving.websocket_policy_server:TIMING infer_ms=66.9
INFO:mme_vla_suite.serving.websocket_policy_server:TIMING add_buffer_ms=37.4 frames=16 exec_start_idx=0
MV_INFER cond=normal split=test task=ButtonUnmaskSwap ep=0 ep_seq=7 infer_seq=58 t=912 es=0 k=0 motion_frames=- motion_emb_sha= motion_pos_sha= motion_mask= mem_order_sha= motion_cols_sha= donor=None cover=exact:0,fallback:0,cycle:0,cross_seg:0 gate=none num_steps=10 act_sha=132290d56d4601b2 infer_ms=67.2
INFO:mme_vla_suite.serving.websocket_policy_server:TIMING infer_ms=67.2
INFO:mme_vla_suite.serving.websocket_policy_server:TIMING add_buffer_ms=37.6 frames=16 exec_start_idx=0
MV_INFER cond=normal split=test task=ButtonUnmaskSwap ep=0 ep_seq=7 infer_seq=59 t=928 es=0 k=0 motion_frames=- motion_emb_sha= motion_pos_sha= motion_mask= mem_order_sha= motion_cols_sha= donor=None cover=exact:0,fallback:0,cycle:0,cross_seg:0 gate=none num_steps=10 act_sha=535f823b155cbd63 infer_ms=66.9
INFO:mme_vla_suite.serving.websocket_policy_server:TIMING infer_ms=66.9
INFO:mme_vla_suite.serving.websocket_policy_server:TIMING add_buffer_ms=37.2 frames=16 exec_start_idx=0
MV_INFER cond=normal split=test task=ButtonUnmaskSwap ep=0 ep_seq=7 infer_seq=60 t=944 es=0 k=0 motion_frames=- motion_emb_sha= motion_pos_sha= motion_mask= mem_order_sha= motion_cols_sha= donor=None cover=exact:0,fallback:0,cycle:0,cross_seg:0 gate=none num_steps=10 act_sha=b0e09d08dc6d2fb2 infer_ms=67.0
INFO:mme_vla_suite.serving.websocket_policy_server:TIMING infer_ms=67.0
INFO:mme_vla_suite.serving.websocket_policy_server:TIMING add_buffer_ms=37.0 frames=16 exec_start_idx=0
MV_INFER cond=normal split=test task=ButtonUnmaskSwap ep=0 ep_seq=7 infer_seq=61 t=960 es=0 k=0 motion_frames=- motion_emb_sha= motion_pos_sha= motion_mask= mem_order_sha= motion_cols_sha= donor=None cover=exact:0,fallback:0,cycle:0,cross_seg:0 gate=none num_steps=10 act_sha=8f3d50d61483937c infer_ms=67.2
INFO:mme_vla_suite.serving.websocket_policy_server:TIMING infer_ms=67.2
INFO:mme_vla_suite.serving.websocket_policy_server:TIMING add_buffer_ms=37.7 frames=16 exec_start_idx=0
MV_INFER cond=normal split=test task=ButtonUnmaskSwap ep=0 ep_seq=7 infer_seq=62 t=976 es=0 k=0 motion_frames=- motion_emb_sha= motion_pos_sha= motion_mask= mem_order_sha= motion_cols_sha= donor=None cover=exact:0,fallback:0,cycle:0,cross_seg:0 gate=none num_steps=10 act_sha=29d212e3aebdf4c2 infer_ms=67.1
INFO:mme_vla_suite.serving.websocket_policy_server:TIMING infer_ms=67.1
INFO:mme_vla_suite.serving.websocket_policy_server:TIMING add_buffer_ms=37.1 frames=16 exec_start_idx=0
MV_INFER cond=normal split=test task=ButtonUnmaskSwap ep=0 ep_seq=7 infer_seq=63 t=992 es=0 k=0 motion_frames=- motion_emb_sha= motion_pos_sha= motion_mask= mem_order_sha= motion_cols_sha= donor=None cover=exact:0,fallback:0,cycle:0,cross_seg:0 gate=none num_steps=10 act_sha=2b44d57785225b52 infer_ms=67.1
INFO:mme_vla_suite.serving.websocket_policy_server:TIMING infer_ms=67.1
INFO:mme_vla_suite.serving.websocket_policy_server:TIMING add_buffer_ms=36.7 frames=16 exec_start_idx=0
MV_INFER cond=normal split=test task=ButtonUnmaskSwap ep=0 ep_seq=7 infer_seq=64 t=1008 es=0 k=0 motion_frames=- motion_emb_sha= motion_pos_sha= motion_mask= mem_order_sha= motion_cols_sha= donor=None cover=exact:0,fallback:0,cycle:0,cross_seg:0 gate=none num_steps=10 act_sha=6513f531fdcb95d0 infer_ms=67.1
INFO:mme_vla_suite.serving.websocket_policy_server:TIMING infer_ms=67.1
INFO:mme_vla_suite.serving.websocket_policy_server:TIMING add_buffer_ms=36.5 frames=16 exec_start_idx=0
MV_INFER cond=normal split=test task=ButtonUnmaskSwap ep=0 ep_seq=7 infer_seq=65 t=1024 es=0 k=0 motion_frames=- motion_emb_sha= motion_pos_sha= motion_mask= mem_order_sha= motion_cols_sha= donor=None cover=exact:0,fallback:0,cycle:0,cross_seg:0 gate=none num_steps=10 act_sha=8b9a390cef9600de infer_ms=66.9
INFO:mme_vla_suite.serving.websocket_policy_server:TIMING infer_ms=66.9
INFO:mme_vla_suite.serving.websocket_policy_server:TIMING add_buffer_ms=36.4 frames=16 exec_start_idx=0
MV_INFER cond=normal split=test task=ButtonUnmaskSwap ep=0 ep_seq=7 infer_seq=66 t=1040 es=0 k=0 motion_frames=- motion_emb_sha= motion_pos_sha= motion_mask= mem_order_sha= motion_cols_sha= donor=None cover=exact:0,fallback:0,cycle:0,cross_seg:0 gate=none num_steps=10 act_sha=6d62178a6b098c29 infer_ms=67.2
INFO:mme_vla_suite.serving.websocket_policy_server:TIMING infer_ms=67.2
INFO:mme_vla_suite.serving.websocket_policy_server:TIMING add_buffer_ms=36.8 frames=16 exec_start_idx=0
MV_INFER cond=normal split=test task=ButtonUnmaskSwap ep=0 ep_seq=7 infer_seq=67 t=1056 es=0 k=0 motion_frames=- motion_emb_sha= motion_pos_sha= motion_mask= mem_order_sha= motion_cols_sha= donor=None cover=exact:0,fallback:0,cycle:0,cross_seg:0 gate=none num_steps=10 act_sha=eac72e6dd21039b7 infer_ms=67.3
INFO:mme_vla_suite.serving.websocket_policy_server:TIMING infer_ms=67.3
INFO:mme_vla_suite.serving.websocket_policy_server:TIMING add_buffer_ms=36.5 frames=16 exec_start_idx=0
MV_INFER cond=normal split=test task=ButtonUnmaskSwap ep=0 ep_seq=7 infer_seq=68 t=1072 es=0 k=0 motion_frames=- motion_emb_sha= motion_pos_sha= motion_mask= mem_order_sha= motion_cols_sha= donor=None cover=exact:0,fallback:0,cycle:0,cross_seg:0 gate=none num_steps=10 act_sha=bff8be886d2ceedd infer_ms=66.9
INFO:mme_vla_suite.serving.websocket_policy_server:TIMING infer_ms=66.9
INFO:mme_vla_suite.serving.websocket_policy_server:TIMING add_buffer_ms=36.5 frames=16 exec_start_idx=0
MV_INFER cond=normal split=test task=ButtonUnmaskSwap ep=0 ep_seq=7 infer_seq=69 t=1088 es=0 k=0 motion_frames=- motion_emb_sha= motion_pos_sha= motion_mask= mem_order_sha= motion_cols_sha= donor=None cover=exact:0,fallback:0,cycle:0,cross_seg:0 gate=none num_steps=10 act_sha=b6c5a5ab7170cc83 infer_ms=67.2
INFO:mme_vla_suite.serving.websocket_policy_server:TIMING infer_ms=67.2
INFO:mme_vla_suite.serving.websocket_policy_server:TIMING add_buffer_ms=36.8 frames=16 exec_start_idx=0
MV_INFER cond=normal split=test task=ButtonUnmaskSwap ep=0 ep_seq=7 infer_seq=70 t=1104 es=0 k=0 motion_frames=- motion_emb_sha= motion_pos_sha= motion_mask= mem_order_sha= motion_cols_sha= donor=None cover=exact:0,fallback:0,cycle:0,cross_seg:0 gate=none num_steps=10 act_sha=757c18fd084a27f9 infer_ms=67.0
INFO:mme_vla_suite.serving.websocket_policy_server:TIMING infer_ms=67.0
INFO:mme_vla_suite.serving.websocket_policy_server:TIMING add_buffer_ms=36.4 frames=16 exec_start_idx=0
MV_INFER cond=normal split=test task=ButtonUnmaskSwap ep=0 ep_seq=7 infer_seq=71 t=1120 es=0 k=0 motion_frames=- motion_emb_sha= motion_pos_sha= motion_mask= mem_order_sha= motion_cols_sha= donor=None cover=exact:0,fallback:0,cycle:0,cross_seg:0 gate=none num_steps=10 act_sha=930b9232a5a6a25b infer_ms=66.9
INFO:mme_vla_suite.serving.websocket_policy_server:TIMING infer_ms=66.9
INFO:mme_vla_suite.serving.websocket_policy_server:TIMING add_buffer_ms=36.9 frames=16 exec_start_idx=0
MV_INFER cond=normal split=test task=ButtonUnmaskSwap ep=0 ep_seq=7 infer_seq=72 t=1136 es=0 k=0 motion_frames=- motion_emb_sha= motion_pos_sha= motion_mask= mem_order_sha= motion_cols_sha= donor=None cover=exact:0,fallback:0,cycle:0,cross_seg:0 gate=none num_steps=10 act_sha=2f1fd058f109465d infer_ms=67.0
INFO:mme_vla_suite.serving.websocket_policy_server:TIMING infer_ms=67.0
INFO:mme_vla_suite.serving.websocket_policy_server:TIMING add_buffer_ms=36.6 frames=16 exec_start_idx=0
MV_INFER cond=normal split=test task=ButtonUnmaskSwap ep=0 ep_seq=7 infer_seq=73 t=1152 es=0 k=0 motion_frames=- motion_emb_sha= motion_pos_sha= motion_mask= mem_order_sha= motion_cols_sha= donor=None cover=exact:0,fallback:0,cycle:0,cross_seg:0 gate=none num_steps=10 act_sha=dfe90a67a892708a infer_ms=66.9
INFO:mme_vla_suite.serving.websocket_policy_server:TIMING infer_ms=66.9
INFO:mme_vla_suite.serving.websocket_policy_server:TIMING add_buffer_ms=37.0 frames=16 exec_start_idx=0
MV_INFER cond=normal split=test task=ButtonUnmaskSwap ep=0 ep_seq=7 infer_seq=74 t=1168 es=0 k=0 motion_frames=- motion_emb_sha= motion_pos_sha= motion_mask= mem_order_sha= motion_cols_sha= donor=None cover=exact:0,fallback:0,cycle:0,cross_seg:0 gate=none num_steps=10 act_sha=a424bf471b627bff infer_ms=67.3
INFO:mme_vla_suite.serving.websocket_policy_server:TIMING infer_ms=67.3
INFO:mme_vla_suite.serving.websocket_policy_server:TIMING add_buffer_ms=36.7 frames=16 exec_start_idx=0
MV_INFER cond=normal split=test task=ButtonUnmaskSwap ep=0 ep_seq=7 infer_seq=75 t=1184 es=0 k=0 motion_frames=- motion_emb_sha= motion_pos_sha= motion_mask= mem_order_sha= motion_cols_sha= donor=None cover=exact:0,fallback:0,cycle:0,cross_seg:0 gate=none num_steps=10 act_sha=81d5f3bde4581ff4 infer_ms=67.7
INFO:mme_vla_suite.serving.websocket_policy_server:TIMING infer_ms=67.7
INFO:mme_vla_suite.serving.websocket_policy_server:TIMING add_buffer_ms=37.6 frames=16 exec_start_idx=0
MV_INFER cond=normal split=test task=ButtonUnmaskSwap ep=0 ep_seq=7 infer_seq=76 t=1200 es=0 k=0 motion_frames=- motion_emb_sha= motion_pos_sha= motion_mask= mem_order_sha= motion_cols_sha= donor=None cover=exact:0,fallback:0,cycle:0,cross_seg:0 gate=none num_steps=10 act_sha=1616a96189a0ded7 infer_ms=67.4
INFO:mme_vla_suite.serving.websocket_policy_server:TIMING infer_ms=67.4
INFO:mme_vla_suite.serving.websocket_policy_server:TIMING add_buffer_ms=37.1 frames=16 exec_start_idx=0
MV_INFER cond=normal split=test task=ButtonUnmaskSwap ep=0 ep_seq=7 infer_seq=77 t=1216 es=0 k=0 motion_frames=- motion_emb_sha= motion_pos_sha= motion_mask= mem_order_sha= motion_cols_sha= donor=None cover=exact:0,fallback:0,cycle:0,cross_seg:0 gate=none num_steps=10 act_sha=8fcec8ffb5bc19a4 infer_ms=67.0
INFO:mme_vla_suite.serving.websocket_policy_server:TIMING infer_ms=67.0
INFO:mme_vla_suite.serving.websocket_policy_server:TIMING add_buffer_ms=37.6 frames=16 exec_start_idx=0
MV_INFER cond=normal split=test task=ButtonUnmaskSwap ep=0 ep_seq=7 infer_seq=78 t=1232 es=0 k=0 motion_frames=- motion_emb_sha= motion_pos_sha= motion_mask= mem_order_sha= motion_cols_sha= donor=None cover=exact:0,fallback:0,cycle:0,cross_seg:0 gate=none num_steps=10 act_sha=ffd1571bc62ea765 infer_ms=67.0
INFO:mme_vla_suite.serving.websocket_policy_server:TIMING infer_ms=67.0
INFO:mme_vla_suite.serving.websocket_policy_server:TIMING add_buffer_ms=38.1 frames=16 exec_start_idx=0
MV_INFER cond=normal split=test task=ButtonUnmaskSwap ep=0 ep_seq=7 infer_seq=79 t=1248 es=0 k=0 motion_frames=- motion_emb_sha= motion_pos_sha= motion_mask= mem_order_sha= motion_cols_sha= donor=None cover=exact:0,fallback:0,cycle:0,cross_seg:0 gate=none num_steps=10 act_sha=5c971ce530b65419 infer_ms=67.0
INFO:mme_vla_suite.serving.websocket_policy_server:TIMING infer_ms=67.0
INFO:mme_vla_suite.serving.websocket_policy_server:TIMING add_buffer_ms=38.5 frames=16 exec_start_idx=0
MV_INFER cond=normal split=test task=ButtonUnmaskSwap ep=0 ep_seq=7 infer_seq=80 t=1264 es=0 k=0 motion_frames=- motion_emb_sha= motion_pos_sha= motion_mask= mem_order_sha= motion_cols_sha= donor=None cover=exact:0,fallback:0,cycle:0,cross_seg:0 gate=none num_steps=10 act_sha=cb2de4a0a1bde69a infer_ms=67.1
INFO:mme_vla_suite.serving.websocket_policy_server:TIMING infer_ms=67.1
INFO:mme_vla_suite.serving.websocket_policy_server:TIMING add_buffer_ms=37.5 frames=16 exec_start_idx=0
MV_INFER cond=normal split=test task=ButtonUnmaskSwap ep=0 ep_seq=7 infer_seq=81 t=1280 es=0 k=0 motion_frames=- motion_emb_sha= motion_pos_sha= motion_mask= mem_order_sha= motion_cols_sha= donor=None cover=exact:0,fallback:0,cycle:0,cross_seg:0 gate=none num_steps=10 act_sha=ef8afe6fd3f246b5 infer_ms=67.0
INFO:mme_vla_suite.serving.websocket_policy_server:TIMING infer_ms=67.0
INFO:mme_vla_suite.serving.websocket_policy_server:TIMING add_buffer_ms=37.1 frames=16 exec_start_idx=0
MV_INFER cond=normal split=test task=ButtonUnmaskSwap ep=0 ep_seq=7 infer_seq=82 t=1296 es=0 k=0 motion_frames=- motion_emb_sha= motion_pos_sha= motion_mask= mem_order_sha= motion_cols_sha= donor=None cover=exact:0,fallback:0,cycle:0,cross_seg:0 gate=none num_steps=10 act_sha=fea689da9ce0f55d infer_ms=67.1
INFO:mme_vla_suite.serving.websocket_policy_server:TIMING infer_ms=67.1
INFO:websockets.server:connection open
INFO:mme_vla_suite.serving.websocket_policy_server:Connection from ('127.0.0.1', 48478) opened
MV_EPISODE_END ep_seq=7 infers=82 windows=0 wall_s=33.5
MV_EPISODE_BEGIN cond=normal split=test seed=42 ep_seq=8 expect=ButtonUnmaskSwap:4
INFO:mme_vla_suite.serving.websocket_policy_server:TIMING add_buffer_ms=6.7 frames=1 exec_start_idx=0
MV_INFER cond=normal split=test task=ButtonUnmaskSwap ep=4 ep_seq=8 infer_seq=1 t=0 es=0 k=0 motion_frames=- motion_emb_sha= motion_pos_sha= motion_mask= mem_order_sha= motion_cols_sha= donor=None cover=exact:0,fallback:0,cycle:0,cross_seg:0 gate=none num_steps=10 act_sha=f78e93afb253e9ee infer_ms=66.9
INFO:mme_vla_suite.serving.websocket_policy_server:TIMING infer_ms=66.9
INFO:mme_vla_suite.serving.websocket_policy_server:TIMING add_buffer_ms=36.5 frames=16 exec_start_idx=0
MV_INFER cond=normal split=test task=ButtonUnmaskSwap ep=4 ep_seq=8 infer_seq=2 t=16 es=0 k=0 motion_frames=- motion_emb_sha= motion_pos_sha= motion_mask= mem_order_sha= motion_cols_sha= donor=None cover=exact:0,fallback:0,cycle:0,cross_seg:0 gate=none num_steps=10 act_sha=7c3fd11cad74f475 infer_ms=67.1
INFO:mme_vla_suite.serving.websocket_policy_server:TIMING infer_ms=67.1
INFO:mme_vla_suite.serving.websocket_policy_server:TIMING add_buffer_ms=36.2 frames=16 exec_start_idx=0
MV_INFER cond=normal split=test task=ButtonUnmaskSwap ep=4 ep_seq=8 infer_seq=3 t=32 es=0 k=0 motion_frames=- motion_emb_sha= motion_pos_sha= motion_mask= mem_order_sha= motion_cols_sha= donor=None cover=exact:0,fallback:0,cycle:0,cross_seg:0 gate=none num_steps=10 act_sha=7c0df70d617093fc infer_ms=67.2
INFO:mme_vla_suite.serving.websocket_policy_server:TIMING infer_ms=67.2
INFO:mme_vla_suite.serving.websocket_policy_server:TIMING add_buffer_ms=38.1 frames=16 exec_start_idx=0
MV_INFER cond=normal split=test task=ButtonUnmaskSwap ep=4 ep_seq=8 infer_seq=4 t=48 es=0 k=0 motion_frames=- motion_emb_sha= motion_pos_sha= motion_mask= mem_order_sha= motion_cols_sha= donor=None cover=exact:0,fallback:0,cycle:0,cross_seg:0 gate=none num_steps=10 act_sha=429f2041ae9eb1b6 infer_ms=67.0
INFO:mme_vla_suite.serving.websocket_policy_server:TIMING infer_ms=67.0
INFO:mme_vla_suite.serving.websocket_policy_server:TIMING add_buffer_ms=36.1 frames=16 exec_start_idx=0
MV_INFER cond=normal split=test task=ButtonUnmaskSwap ep=4 ep_seq=8 infer_seq=5 t=64 es=0 k=0 motion_frames=- motion_emb_sha= motion_pos_sha= motion_mask= mem_order_sha= motion_cols_sha= donor=None cover=exact:0,fallback:0,cycle:0,cross_seg:0 gate=none num_steps=10 act_sha=1e80c50e379e7303 infer_ms=67.0
INFO:mme_vla_suite.serving.websocket_policy_server:TIMING infer_ms=67.0
INFO:mme_vla_suite.serving.websocket_policy_server:TIMING add_buffer_ms=36.7 frames=16 exec_start_idx=0
MV_INFER cond=normal split=test task=ButtonUnmaskSwap ep=4 ep_seq=8 infer_seq=6 t=80 es=0 k=0 motion_frames=- motion_emb_sha= motion_pos_sha= motion_mask= mem_order_sha= motion_cols_sha= donor=None cover=exact:0,fallback:0,cycle:0,cross_seg:0 gate=none num_steps=10 act_sha=ae013b9cd48a0f86 infer_ms=67.0
INFO:mme_vla_suite.serving.websocket_policy_server:TIMING infer_ms=67.0
INFO:mme_vla_suite.serving.websocket_policy_server:TIMING add_buffer_ms=37.4 frames=16 exec_start_idx=0
MV_INFER cond=normal split=test task=ButtonUnmaskSwap ep=4 ep_seq=8 infer_seq=7 t=96 es=0 k=0 motion_frames=- motion_emb_sha= motion_pos_sha= motion_mask= mem_order_sha= motion_cols_sha= donor=None cover=exact:0,fallback:0,cycle:0,cross_seg:0 gate=none num_steps=10 act_sha=afc981baa7cdd8e6 infer_ms=66.9
INFO:mme_vla_suite.serving.websocket_policy_server:TIMING infer_ms=66.9
INFO:mme_vla_suite.serving.websocket_policy_server:TIMING add_buffer_ms=37.4 frames=16 exec_start_idx=0
MV_INFER cond=normal split=test task=ButtonUnmaskSwap ep=4 ep_seq=8 infer_seq=8 t=112 es=0 k=0 motion_frames=- motion_emb_sha= motion_pos_sha= motion_mask= mem_order_sha= motion_cols_sha= donor=None cover=exact:0,fallback:0,cycle:0,cross_seg:0 gate=none num_steps=10 act_sha=4cfeeb0072ef3ccd infer_ms=67.0
INFO:mme_vla_suite.serving.websocket_policy_server:TIMING infer_ms=67.0
INFO:mme_vla_suite.serving.websocket_policy_server:TIMING add_buffer_ms=37.8 frames=16 exec_start_idx=0
MV_INFER cond=normal split=test task=ButtonUnmaskSwap ep=4 ep_seq=8 infer_seq=9 t=128 es=0 k=0 motion_frames=- motion_emb_sha= motion_pos_sha= motion_mask= mem_order_sha= motion_cols_sha= donor=None cover=exact:0,fallback:0,cycle:0,cross_seg:0 gate=none num_steps=10 act_sha=670ee0334ed4fa21 infer_ms=67.2
INFO:mme_vla_suite.serving.websocket_policy_server:TIMING infer_ms=67.2
INFO:mme_vla_suite.serving.websocket_policy_server:TIMING add_buffer_ms=37.2 frames=16 exec_start_idx=0
MV_INFER cond=normal split=test task=ButtonUnmaskSwap ep=4 ep_seq=8 infer_seq=10 t=144 es=0 k=0 motion_frames=- motion_emb_sha= motion_pos_sha= motion_mask= mem_order_sha= motion_cols_sha= donor=None cover=exact:0,fallback:0,cycle:0,cross_seg:0 gate=none num_steps=10 act_sha=effa5098d88af0d9 infer_ms=66.8
INFO:mme_vla_suite.serving.websocket_policy_server:TIMING infer_ms=66.8
INFO:mme_vla_suite.serving.websocket_policy_server:TIMING add_buffer_ms=37.3 frames=16 exec_start_idx=0
MV_INFER cond=normal split=test task=ButtonUnmaskSwap ep=4 ep_seq=8 infer_seq=11 t=160 es=0 k=0 motion_frames=- motion_emb_sha= motion_pos_sha= motion_mask= mem_order_sha= motion_cols_sha= donor=None cover=exact:0,fallback:0,cycle:0,cross_seg:0 gate=none num_steps=10 act_sha=b7db2810eceddf8a infer_ms=67.2
INFO:mme_vla_suite.serving.websocket_policy_server:TIMING infer_ms=67.2
INFO:mme_vla_suite.serving.websocket_policy_server:TIMING add_buffer_ms=37.4 frames=16 exec_start_idx=0
MV_INFER cond=normal split=test task=ButtonUnmaskSwap ep=4 ep_seq=8 infer_seq=12 t=176 es=0 k=0 motion_frames=- motion_emb_sha= motion_pos_sha= motion_mask= mem_order_sha= motion_cols_sha= donor=None cover=exact:0,fallback:0,cycle:0,cross_seg:0 gate=none num_steps=10 act_sha=9663d63c93c48145 infer_ms=67.3
INFO:mme_vla_suite.serving.websocket_policy_server:TIMING infer_ms=67.3
INFO:mme_vla_suite.serving.websocket_policy_server:TIMING add_buffer_ms=37.6 frames=16 exec_start_idx=0
MV_INFER cond=normal split=test task=ButtonUnmaskSwap ep=4 ep_seq=8 infer_seq=13 t=192 es=0 k=0 motion_frames=- motion_emb_sha= motion_pos_sha= motion_mask= mem_order_sha= motion_cols_sha= donor=None cover=exact:0,fallback:0,cycle:0,cross_seg:0 gate=none num_steps=10 act_sha=8f380ccaef43b44f infer_ms=67.1
INFO:mme_vla_suite.serving.websocket_policy_server:TIMING infer_ms=67.1
INFO:mme_vla_suite.serving.websocket_policy_server:TIMING add_buffer_ms=37.2 frames=16 exec_start_idx=0
MV_INFER cond=normal split=test task=ButtonUnmaskSwap ep=4 ep_seq=8 infer_seq=14 t=208 es=0 k=0 motion_frames=- motion_emb_sha= motion_pos_sha= motion_mask= mem_order_sha= motion_cols_sha= donor=None cover=exact:0,fallback:0,cycle:0,cross_seg:0 gate=none num_steps=10 act_sha=7bb6c24d9a2045df infer_ms=67.5
INFO:mme_vla_suite.serving.websocket_policy_server:TIMING infer_ms=67.5
INFO:mme_vla_suite.serving.websocket_policy_server:TIMING add_buffer_ms=37.0 frames=16 exec_start_idx=0
MV_INFER cond=normal split=test task=ButtonUnmaskSwap ep=4 ep_seq=8 infer_seq=15 t=224 es=0 k=0 motion_frames=- motion_emb_sha= motion_pos_sha= motion_mask= mem_order_sha= motion_cols_sha= donor=None cover=exact:0,fallback:0,cycle:0,cross_seg:0 gate=none num_steps=10 act_sha=c16b798da732677a infer_ms=67.2
INFO:mme_vla_suite.serving.websocket_policy_server:TIMING infer_ms=67.2
INFO:mme_vla_suite.serving.websocket_policy_server:TIMING add_buffer_ms=37.0 frames=16 exec_start_idx=0
MV_INFER cond=normal split=test task=ButtonUnmaskSwap ep=4 ep_seq=8 infer_seq=16 t=240 es=0 k=0 motion_frames=- motion_emb_sha= motion_pos_sha= motion_mask= mem_order_sha= motion_cols_sha= donor=None cover=exact:0,fallback:0,cycle:0,cross_seg:0 gate=none num_steps=10 act_sha=4fc5965b928d03ee infer_ms=66.9
INFO:mme_vla_suite.serving.websocket_policy_server:TIMING infer_ms=66.9
INFO:mme_vla_suite.serving.websocket_policy_server:TIMING add_buffer_ms=37.5 frames=16 exec_start_idx=0
MV_INFER cond=normal split=test task=ButtonUnmaskSwap ep=4 ep_seq=8 infer_seq=17 t=256 es=0 k=0 motion_frames=- motion_emb_sha= motion_pos_sha= motion_mask= mem_order_sha= motion_cols_sha= donor=None cover=exact:0,fallback:0,cycle:0,cross_seg:0 gate=none num_steps=10 act_sha=3f81314c1e0795e0 infer_ms=66.9
INFO:mme_vla_suite.serving.websocket_policy_server:TIMING infer_ms=66.9
INFO:mme_vla_suite.serving.websocket_policy_server:TIMING add_buffer_ms=39.3 frames=16 exec_start_idx=0
MV_INFER cond=normal split=test task=ButtonUnmaskSwap ep=4 ep_seq=8 infer_seq=18 t=272 es=0 k=0 motion_frames=- motion_emb_sha= motion_pos_sha= motion_mask= mem_order_sha= motion_cols_sha= donor=None cover=exact:0,fallback:0,cycle:0,cross_seg:0 gate=none num_steps=10 act_sha=f6f9ae35df1fc32c infer_ms=67.2
INFO:mme_vla_suite.serving.websocket_policy_server:TIMING infer_ms=67.2
INFO:mme_vla_suite.serving.websocket_policy_server:TIMING add_buffer_ms=37.0 frames=16 exec_start_idx=0
MV_INFER cond=normal split=test task=ButtonUnmaskSwap ep=4 ep_seq=8 infer_seq=19 t=288 es=0 k=0 motion_frames=- motion_emb_sha= motion_pos_sha= motion_mask= mem_order_sha= motion_cols_sha= donor=None cover=exact:0,fallback:0,cycle:0,cross_seg:0 gate=none num_steps=10 act_sha=f2ae3d126146ba8a infer_ms=67.2
INFO:mme_vla_suite.serving.websocket_policy_server:TIMING infer_ms=67.2
INFO:mme_vla_suite.serving.websocket_policy_server:TIMING add_buffer_ms=37.5 frames=16 exec_start_idx=0
MV_INFER cond=normal split=test task=ButtonUnmaskSwap ep=4 ep_seq=8 infer_seq=20 t=304 es=0 k=0 motion_frames=- motion_emb_sha= motion_pos_sha= motion_mask= mem_order_sha= motion_cols_sha= donor=None cover=exact:0,fallback:0,cycle:0,cross_seg:0 gate=none num_steps=10 act_sha=6e589d7bc5263666 infer_ms=67.3
INFO:mme_vla_suite.serving.websocket_policy_server:TIMING infer_ms=67.3
INFO:mme_vla_suite.serving.websocket_policy_server:TIMING add_buffer_ms=36.9 frames=16 exec_start_idx=0
MV_INFER cond=normal split=test task=ButtonUnmaskSwap ep=4 ep_seq=8 infer_seq=21 t=320 es=0 k=0 motion_frames=- motion_emb_sha= motion_pos_sha= motion_mask= mem_order_sha= motion_cols_sha= donor=None cover=exact:0,fallback:0,cycle:0,cross_seg:0 gate=none num_steps=10 act_sha=674481b3b2623185 infer_ms=66.9
INFO:mme_vla_suite.serving.websocket_policy_server:TIMING infer_ms=66.9
INFO:mme_vla_suite.serving.websocket_policy_server:TIMING add_buffer_ms=39.4 frames=16 exec_start_idx=0
MV_INFER cond=normal split=test task=ButtonUnmaskSwap ep=4 ep_seq=8 infer_seq=22 t=336 es=0 k=0 motion_frames=- motion_emb_sha= motion_pos_sha= motion_mask= mem_order_sha= motion_cols_sha= donor=None cover=exact:0,fallback:0,cycle:0,cross_seg:0 gate=none num_steps=10 act_sha=55ced253d4877827 infer_ms=67.6
INFO:mme_vla_suite.serving.websocket_policy_server:TIMING infer_ms=67.6
INFO:mme_vla_suite.serving.websocket_policy_server:TIMING add_buffer_ms=38.1 frames=16 exec_start_idx=0
MV_INFER cond=normal split=test task=ButtonUnmaskSwap ep=4 ep_seq=8 infer_seq=23 t=352 es=0 k=0 motion_frames=- motion_emb_sha= motion_pos_sha= motion_mask= mem_order_sha= motion_cols_sha= donor=None cover=exact:0,fallback:0,cycle:0,cross_seg:0 gate=none num_steps=10 act_sha=12dece68bce8d374 infer_ms=67.2
INFO:mme_vla_suite.serving.websocket_policy_server:TIMING infer_ms=67.2
INFO:mme_vla_suite.serving.websocket_policy_server:TIMING add_buffer_ms=40.3 frames=16 exec_start_idx=0
MV_INFER cond=normal split=test task=ButtonUnmaskSwap ep=4 ep_seq=8 infer_seq=24 t=368 es=0 k=0 motion_frames=- motion_emb_sha= motion_pos_sha= motion_mask= mem_order_sha= motion_cols_sha= donor=None cover=exact:0,fallback:0,cycle:0,cross_seg:0 gate=none num_steps=10 act_sha=18f45af94c60456d infer_ms=66.9
INFO:mme_vla_suite.serving.websocket_policy_server:TIMING infer_ms=66.9
INFO:mme_vla_suite.serving.websocket_policy_server:TIMING add_buffer_ms=40.2 frames=16 exec_start_idx=0
MV_INFER cond=normal split=test task=ButtonUnmaskSwap ep=4 ep_seq=8 infer_seq=25 t=384 es=0 k=0 motion_frames=- motion_emb_sha= motion_pos_sha= motion_mask= mem_order_sha= motion_cols_sha= donor=None cover=exact:0,fallback:0,cycle:0,cross_seg:0 gate=none num_steps=10 act_sha=3b1ce7c2c5254551 infer_ms=67.1
INFO:mme_vla_suite.serving.websocket_policy_server:TIMING infer_ms=67.1
INFO:mme_vla_suite.serving.websocket_policy_server:TIMING add_buffer_ms=37.8 frames=16 exec_start_idx=0
MV_INFER cond=normal split=test task=ButtonUnmaskSwap ep=4 ep_seq=8 infer_seq=26 t=400 es=0 k=0 motion_frames=- motion_emb_sha= motion_pos_sha= motion_mask= mem_order_sha= motion_cols_sha= donor=None cover=exact:0,fallback:0,cycle:0,cross_seg:0 gate=none num_steps=10 act_sha=feb92e93a0d10f9c infer_ms=66.8
INFO:mme_vla_suite.serving.websocket_policy_server:TIMING infer_ms=66.8
INFO:mme_vla_suite.serving.websocket_policy_server:TIMING add_buffer_ms=41.1 frames=16 exec_start_idx=0
MV_INFER cond=normal split=test task=ButtonUnmaskSwap ep=4 ep_seq=8 infer_seq=27 t=416 es=0 k=0 motion_frames=- motion_emb_sha= motion_pos_sha= motion_mask= mem_order_sha= motion_cols_sha= donor=None cover=exact:0,fallback:0,cycle:0,cross_seg:0 gate=none num_steps=10 act_sha=bb3bb24c1d1068d1 infer_ms=67.0
INFO:mme_vla_suite.serving.websocket_policy_server:TIMING infer_ms=67.0
INFO:mme_vla_suite.serving.websocket_policy_server:TIMING add_buffer_ms=40.7 frames=16 exec_start_idx=0
MV_INFER cond=normal split=test task=ButtonUnmaskSwap ep=4 ep_seq=8 infer_seq=28 t=432 es=0 k=0 motion_frames=- motion_emb_sha= motion_pos_sha= motion_mask= mem_order_sha= motion_cols_sha= donor=None cover=exact:0,fallback:0,cycle:0,cross_seg:0 gate=none num_steps=10 act_sha=8ef9e5413f297b8e infer_ms=66.8
INFO:mme_vla_suite.serving.websocket_policy_server:TIMING infer_ms=66.8
INFO:mme_vla_suite.serving.websocket_policy_server:TIMING add_buffer_ms=38.5 frames=16 exec_start_idx=0
MV_INFER cond=normal split=test task=ButtonUnmaskSwap ep=4 ep_seq=8 infer_seq=29 t=448 es=0 k=0 motion_frames=- motion_emb_sha= motion_pos_sha= motion_mask= mem_order_sha= motion_cols_sha= donor=None cover=exact:0,fallback:0,cycle:0,cross_seg:0 gate=none num_steps=10 act_sha=62a60f13209b9bee infer_ms=67.5
INFO:mme_vla_suite.serving.websocket_policy_server:TIMING infer_ms=67.5
INFO:mme_vla_suite.serving.websocket_policy_server:TIMING add_buffer_ms=38.2 frames=16 exec_start_idx=0
MV_INFER cond=normal split=test task=ButtonUnmaskSwap ep=4 ep_seq=8 infer_seq=30 t=464 es=0 k=0 motion_frames=- motion_emb_sha= motion_pos_sha= motion_mask= mem_order_sha= motion_cols_sha= donor=None cover=exact:0,fallback:0,cycle:0,cross_seg:0 gate=none num_steps=10 act_sha=286344ba2811f4ee infer_ms=67.2
INFO:mme_vla_suite.serving.websocket_policy_server:TIMING infer_ms=67.2
INFO:mme_vla_suite.serving.websocket_policy_server:TIMING add_buffer_ms=40.3 frames=16 exec_start_idx=0
MV_INFER cond=normal split=test task=ButtonUnmaskSwap ep=4 ep_seq=8 infer_seq=31 t=480 es=0 k=0 motion_frames=- motion_emb_sha= motion_pos_sha= motion_mask= mem_order_sha= motion_cols_sha= donor=None cover=exact:0,fallback:0,cycle:0,cross_seg:0 gate=none num_steps=10 act_sha=9d029ea0edb7e797 infer_ms=67.1
INFO:mme_vla_suite.serving.websocket_policy_server:TIMING infer_ms=67.1
INFO:mme_vla_suite.serving.websocket_policy_server:TIMING add_buffer_ms=38.6 frames=16 exec_start_idx=0
MV_INFER cond=normal split=test task=ButtonUnmaskSwap ep=4 ep_seq=8 infer_seq=32 t=496 es=0 k=0 motion_frames=- motion_emb_sha= motion_pos_sha= motion_mask= mem_order_sha= motion_cols_sha= donor=None cover=exact:0,fallback:0,cycle:0,cross_seg:0 gate=none num_steps=10 act_sha=d2f712bea6c4cc8a infer_ms=67.0
INFO:mme_vla_suite.serving.websocket_policy_server:TIMING infer_ms=67.0
INFO:mme_vla_suite.serving.websocket_policy_server:TIMING add_buffer_ms=39.8 frames=16 exec_start_idx=0
MV_INFER cond=normal split=test task=ButtonUnmaskSwap ep=4 ep_seq=8 infer_seq=33 t=512 es=0 k=0 motion_frames=- motion_emb_sha= motion_pos_sha= motion_mask= mem_order_sha= motion_cols_sha= donor=None cover=exact:0,fallback:0,cycle:0,cross_seg:0 gate=none num_steps=10 act_sha=cb832e86da2936a1 infer_ms=67.0
INFO:mme_vla_suite.serving.websocket_policy_server:TIMING infer_ms=67.0
INFO:mme_vla_suite.serving.websocket_policy_server:TIMING add_buffer_ms=37.9 frames=16 exec_start_idx=0
MV_INFER cond=normal split=test task=ButtonUnmaskSwap ep=4 ep_seq=8 infer_seq=34 t=528 es=0 k=0 motion_frames=- motion_emb_sha= motion_pos_sha= motion_mask= mem_order_sha= motion_cols_sha= donor=None cover=exact:0,fallback:0,cycle:0,cross_seg:0 gate=none num_steps=10 act_sha=5857452088cb6fe5 infer_ms=67.1
INFO:mme_vla_suite.serving.websocket_policy_server:TIMING infer_ms=67.1
INFO:mme_vla_suite.serving.websocket_policy_server:TIMING add_buffer_ms=39.5 frames=16 exec_start_idx=0
MV_INFER cond=normal split=test task=ButtonUnmaskSwap ep=4 ep_seq=8 infer_seq=35 t=544 es=0 k=0 motion_frames=- motion_emb_sha= motion_pos_sha= motion_mask= mem_order_sha= motion_cols_sha= donor=None cover=exact:0,fallback:0,cycle:0,cross_seg:0 gate=none num_steps=10 act_sha=8e810b2e11f58fe8 infer_ms=67.3
INFO:mme_vla_suite.serving.websocket_policy_server:TIMING infer_ms=67.3
INFO:mme_vla_suite.serving.websocket_policy_server:TIMING add_buffer_ms=39.9 frames=16 exec_start_idx=0
MV_INFER cond=normal split=test task=ButtonUnmaskSwap ep=4 ep_seq=8 infer_seq=36 t=560 es=0 k=0 motion_frames=- motion_emb_sha= motion_pos_sha= motion_mask= mem_order_sha= motion_cols_sha= donor=None cover=exact:0,fallback:0,cycle:0,cross_seg:0 gate=none num_steps=10 act_sha=d31f0fa2bc769545 infer_ms=66.9
INFO:mme_vla_suite.serving.websocket_policy_server:TIMING infer_ms=66.9
INFO:mme_vla_suite.serving.websocket_policy_server:TIMING add_buffer_ms=37.6 frames=16 exec_start_idx=0
MV_INFER cond=normal split=test task=ButtonUnmaskSwap ep=4 ep_seq=8 infer_seq=37 t=576 es=0 k=0 motion_frames=- motion_emb_sha= motion_pos_sha= motion_mask= mem_order_sha= motion_cols_sha= donor=None cover=exact:0,fallback:0,cycle:0,cross_seg:0 gate=none num_steps=10 act_sha=be3ee43f16da2c83 infer_ms=67.0
INFO:mme_vla_suite.serving.websocket_policy_server:TIMING infer_ms=67.0
INFO:mme_vla_suite.serving.websocket_policy_server:TIMING add_buffer_ms=37.3 frames=16 exec_start_idx=0
MV_INFER cond=normal split=test task=ButtonUnmaskSwap ep=4 ep_seq=8 infer_seq=38 t=592 es=0 k=0 motion_frames=- motion_emb_sha= motion_pos_sha= motion_mask= mem_order_sha= motion_cols_sha= donor=None cover=exact:0,fallback:0,cycle:0,cross_seg:0 gate=none num_steps=10 act_sha=6592802ec1e19e12 infer_ms=67.0
INFO:mme_vla_suite.serving.websocket_policy_server:TIMING infer_ms=67.0
INFO:mme_vla_suite.serving.websocket_policy_server:TIMING add_buffer_ms=37.7 frames=16 exec_start_idx=0
MV_INFER cond=normal split=test task=ButtonUnmaskSwap ep=4 ep_seq=8 infer_seq=39 t=608 es=0 k=0 motion_frames=- motion_emb_sha= motion_pos_sha= motion_mask= mem_order_sha= motion_cols_sha= donor=None cover=exact:0,fallback:0,cycle:0,cross_seg:0 gate=none num_steps=10 act_sha=d2dcc5f1198c7ee2 infer_ms=67.0
INFO:mme_vla_suite.serving.websocket_policy_server:TIMING infer_ms=67.0
INFO:mme_vla_suite.serving.websocket_policy_server:TIMING add_buffer_ms=37.4 frames=16 exec_start_idx=0
MV_INFER cond=normal split=test task=ButtonUnmaskSwap ep=4 ep_seq=8 infer_seq=40 t=624 es=0 k=0 motion_frames=- motion_emb_sha= motion_pos_sha= motion_mask= mem_order_sha= motion_cols_sha= donor=None cover=exact:0,fallback:0,cycle:0,cross_seg:0 gate=none num_steps=10 act_sha=2d5e97f1aecf4686 infer_ms=66.9
INFO:mme_vla_suite.serving.websocket_policy_server:TIMING infer_ms=66.9
INFO:mme_vla_suite.serving.websocket_policy_server:TIMING add_buffer_ms=37.6 frames=16 exec_start_idx=0
MV_INFER cond=normal split=test task=ButtonUnmaskSwap ep=4 ep_seq=8 infer_seq=41 t=640 es=0 k=0 motion_frames=- motion_emb_sha= motion_pos_sha= motion_mask= mem_order_sha= motion_cols_sha= donor=None cover=exact:0,fallback:0,cycle:0,cross_seg:0 gate=none num_steps=10 act_sha=1ac424c9600e1cbd infer_ms=66.8
INFO:mme_vla_suite.serving.websocket_policy_server:TIMING infer_ms=66.8
INFO:mme_vla_suite.serving.websocket_policy_server:TIMING add_buffer_ms=37.0 frames=16 exec_start_idx=0
MV_INFER cond=normal split=test task=ButtonUnmaskSwap ep=4 ep_seq=8 infer_seq=42 t=656 es=0 k=0 motion_frames=- motion_emb_sha= motion_pos_sha= motion_mask= mem_order_sha= motion_cols_sha= donor=None cover=exact:0,fallback:0,cycle:0,cross_seg:0 gate=none num_steps=10 act_sha=a611f61516bb2192 infer_ms=67.2
INFO:mme_vla_suite.serving.websocket_policy_server:TIMING infer_ms=67.2
INFO:mme_vla_suite.serving.websocket_policy_server:TIMING add_buffer_ms=37.5 frames=16 exec_start_idx=0
MV_INFER cond=normal split=test task=ButtonUnmaskSwap ep=4 ep_seq=8 infer_seq=43 t=672 es=0 k=0 motion_frames=- motion_emb_sha= motion_pos_sha= motion_mask= mem_order_sha= motion_cols_sha= donor=None cover=exact:0,fallback:0,cycle:0,cross_seg:0 gate=none num_steps=10 act_sha=49aefc581f5d70ac infer_ms=66.9
INFO:mme_vla_suite.serving.websocket_policy_server:TIMING infer_ms=66.9
INFO:mme_vla_suite.serving.websocket_policy_server:TIMING add_buffer_ms=37.6 frames=16 exec_start_idx=0
MV_INFER cond=normal split=test task=ButtonUnmaskSwap ep=4 ep_seq=8 infer_seq=44 t=688 es=0 k=0 motion_frames=- motion_emb_sha= motion_pos_sha= motion_mask= mem_order_sha= motion_cols_sha= donor=None cover=exact:0,fallback:0,cycle:0,cross_seg:0 gate=none num_steps=10 act_sha=6140f3da2c69a4c6 infer_ms=67.2
INFO:mme_vla_suite.serving.websocket_policy_server:TIMING infer_ms=67.2
INFO:mme_vla_suite.serving.websocket_policy_server:TIMING add_buffer_ms=36.8 frames=16 exec_start_idx=0
MV_INFER cond=normal split=test task=ButtonUnmaskSwap ep=4 ep_seq=8 infer_seq=45 t=704 es=0 k=0 motion_frames=- motion_emb_sha= motion_pos_sha= motion_mask= mem_order_sha= motion_cols_sha= donor=None cover=exact:0,fallback:0,cycle:0,cross_seg:0 gate=none num_steps=10 act_sha=e6d7f720a08c5b3c infer_ms=67.0
INFO:mme_vla_suite.serving.websocket_policy_server:TIMING infer_ms=67.0
INFO:mme_vla_suite.serving.websocket_policy_server:TIMING add_buffer_ms=37.1 frames=16 exec_start_idx=0
MV_INFER cond=normal split=test task=ButtonUnmaskSwap ep=4 ep_seq=8 infer_seq=46 t=720 es=0 k=0 motion_frames=- motion_emb_sha= motion_pos_sha= motion_mask= mem_order_sha= motion_cols_sha= donor=None cover=exact:0,fallback:0,cycle:0,cross_seg:0 gate=none num_steps=10 act_sha=c4ffad921131637e infer_ms=66.9
INFO:mme_vla_suite.serving.websocket_policy_server:TIMING infer_ms=66.9
INFO:mme_vla_suite.serving.websocket_policy_server:TIMING add_buffer_ms=36.7 frames=16 exec_start_idx=0
MV_INFER cond=normal split=test task=ButtonUnmaskSwap ep=4 ep_seq=8 infer_seq=47 t=736 es=0 k=0 motion_frames=- motion_emb_sha= motion_pos_sha= motion_mask= mem_order_sha= motion_cols_sha= donor=None cover=exact:0,fallback:0,cycle:0,cross_seg:0 gate=none num_steps=10 act_sha=790c0e9bc1b575de infer_ms=66.8
INFO:mme_vla_suite.serving.websocket_policy_server:TIMING infer_ms=66.8
INFO:mme_vla_suite.serving.websocket_policy_server:TIMING add_buffer_ms=36.6 frames=16 exec_start_idx=0
MV_INFER cond=normal split=test task=ButtonUnmaskSwap ep=4 ep_seq=8 infer_seq=48 t=752 es=0 k=0 motion_frames=- motion_emb_sha= motion_pos_sha= motion_mask= mem_order_sha= motion_cols_sha= donor=None cover=exact:0,fallback:0,cycle:0,cross_seg:0 gate=none num_steps=10 act_sha=2204403c9cbf4edb infer_ms=67.1
INFO:mme_vla_suite.serving.websocket_policy_server:TIMING infer_ms=67.1
INFO:mme_vla_suite.serving.websocket_policy_server:TIMING add_buffer_ms=37.0 frames=16 exec_start_idx=0
MV_INFER cond=normal split=test task=ButtonUnmaskSwap ep=4 ep_seq=8 infer_seq=49 t=768 es=0 k=0 motion_frames=- motion_emb_sha= motion_pos_sha= motion_mask= mem_order_sha= motion_cols_sha= donor=None cover=exact:0,fallback:0,cycle:0,cross_seg:0 gate=none num_steps=10 act_sha=f30b1914b0c49ac6 infer_ms=67.2
INFO:mme_vla_suite.serving.websocket_policy_server:TIMING infer_ms=67.2
INFO:mme_vla_suite.serving.websocket_policy_server:TIMING add_buffer_ms=37.5 frames=16 exec_start_idx=0
MV_INFER cond=normal split=test task=ButtonUnmaskSwap ep=4 ep_seq=8 infer_seq=50 t=784 es=0 k=0 motion_frames=- motion_emb_sha= motion_pos_sha= motion_mask= mem_order_sha= motion_cols_sha= donor=None cover=exact:0,fallback:0,cycle:0,cross_seg:0 gate=none num_steps=10 act_sha=5375652425605db6 infer_ms=67.2
INFO:mme_vla_suite.serving.websocket_policy_server:TIMING infer_ms=67.2
INFO:mme_vla_suite.serving.websocket_policy_server:TIMING add_buffer_ms=38.0 frames=16 exec_start_idx=0
MV_INFER cond=normal split=test task=ButtonUnmaskSwap ep=4 ep_seq=8 infer_seq=51 t=800 es=0 k=0 motion_frames=- motion_emb_sha= motion_pos_sha= motion_mask= mem_order_sha= motion_cols_sha= donor=None cover=exact:0,fallback:0,cycle:0,cross_seg:0 gate=none num_steps=10 act_sha=0c1ecd0550d4cd73 infer_ms=67.0
INFO:mme_vla_suite.serving.websocket_policy_server:TIMING infer_ms=67.0
INFO:mme_vla_suite.serving.websocket_policy_server:TIMING add_buffer_ms=37.3 frames=16 exec_start_idx=0
MV_INFER cond=normal split=test task=ButtonUnmaskSwap ep=4 ep_seq=8 infer_seq=52 t=816 es=0 k=0 motion_frames=- motion_emb_sha= motion_pos_sha= motion_mask= mem_order_sha= motion_cols_sha= donor=None cover=exact:0,fallback:0,cycle:0,cross_seg:0 gate=none num_steps=10 act_sha=349e52871a4399e7 infer_ms=67.1
INFO:mme_vla_suite.serving.websocket_policy_server:TIMING infer_ms=67.1
INFO:mme_vla_suite.serving.websocket_policy_server:TIMING add_buffer_ms=37.0 frames=16 exec_start_idx=0
MV_INFER cond=normal split=test task=ButtonUnmaskSwap ep=4 ep_seq=8 infer_seq=53 t=832 es=0 k=0 motion_frames=- motion_emb_sha= motion_pos_sha= motion_mask= mem_order_sha= motion_cols_sha= donor=None cover=exact:0,fallback:0,cycle:0,cross_seg:0 gate=none num_steps=10 act_sha=16aca103143965d1 infer_ms=67.2
INFO:mme_vla_suite.serving.websocket_policy_server:TIMING infer_ms=67.2
INFO:mme_vla_suite.serving.websocket_policy_server:TIMING add_buffer_ms=37.3 frames=16 exec_start_idx=0
MV_INFER cond=normal split=test task=ButtonUnmaskSwap ep=4 ep_seq=8 infer_seq=54 t=848 es=0 k=0 motion_frames=- motion_emb_sha= motion_pos_sha= motion_mask= mem_order_sha= motion_cols_sha= donor=None cover=exact:0,fallback:0,cycle:0,cross_seg:0 gate=none num_steps=10 act_sha=f28b2a67a2816890 infer_ms=66.9
INFO:mme_vla_suite.serving.websocket_policy_server:TIMING infer_ms=66.9
INFO:mme_vla_suite.serving.websocket_policy_server:TIMING add_buffer_ms=37.4 frames=16 exec_start_idx=0
MV_INFER cond=normal split=test task=ButtonUnmaskSwap ep=4 ep_seq=8 infer_seq=55 t=864 es=0 k=0 motion_frames=- motion_emb_sha= motion_pos_sha= motion_mask= mem_order_sha= motion_cols_sha= donor=None cover=exact:0,fallback:0,cycle:0,cross_seg:0 gate=none num_steps=10 act_sha=8dd426f2b40668cf infer_ms=67.0
INFO:mme_vla_suite.serving.websocket_policy_server:TIMING infer_ms=67.0
INFO:mme_vla_suite.serving.websocket_policy_server:TIMING add_buffer_ms=37.6 frames=16 exec_start_idx=0
MV_INFER cond=normal split=test task=ButtonUnmaskSwap ep=4 ep_seq=8 infer_seq=56 t=880 es=0 k=0 motion_frames=- motion_emb_sha= motion_pos_sha= motion_mask= mem_order_sha= motion_cols_sha= donor=None cover=exact:0,fallback:0,cycle:0,cross_seg:0 gate=none num_steps=10 act_sha=380da1e9288641d1 infer_ms=67.0
INFO:mme_vla_suite.serving.websocket_policy_server:TIMING infer_ms=67.0
INFO:mme_vla_suite.serving.websocket_policy_server:TIMING add_buffer_ms=37.6 frames=16 exec_start_idx=0
MV_INFER cond=normal split=test task=ButtonUnmaskSwap ep=4 ep_seq=8 infer_seq=57 t=896 es=0 k=0 motion_frames=- motion_emb_sha= motion_pos_sha= motion_mask= mem_order_sha= motion_cols_sha= donor=None cover=exact:0,fallback:0,cycle:0,cross_seg:0 gate=none num_steps=10 act_sha=fd89a519b403df59 infer_ms=67.1
INFO:mme_vla_suite.serving.websocket_policy_server:TIMING infer_ms=67.1
INFO:mme_vla_suite.serving.websocket_policy_server:TIMING add_buffer_ms=37.9 frames=16 exec_start_idx=0
MV_INFER cond=normal split=test task=ButtonUnmaskSwap ep=4 ep_seq=8 infer_seq=58 t=912 es=0 k=0 motion_frames=- motion_emb_sha= motion_pos_sha= motion_mask= mem_order_sha= motion_cols_sha= donor=None cover=exact:0,fallback:0,cycle:0,cross_seg:0 gate=none num_steps=10 act_sha=c0536204e5ddcb00 infer_ms=67.1
INFO:mme_vla_suite.serving.websocket_policy_server:TIMING infer_ms=67.1
INFO:mme_vla_suite.serving.websocket_policy_server:TIMING add_buffer_ms=37.3 frames=16 exec_start_idx=0
MV_INFER cond=normal split=test task=ButtonUnmaskSwap ep=4 ep_seq=8 infer_seq=59 t=928 es=0 k=0 motion_frames=- motion_emb_sha= motion_pos_sha= motion_mask= mem_order_sha= motion_cols_sha= donor=None cover=exact:0,fallback:0,cycle:0,cross_seg:0 gate=none num_steps=10 act_sha=bf42fab74e52f9c5 infer_ms=67.0
INFO:mme_vla_suite.serving.websocket_policy_server:TIMING infer_ms=67.0
INFO:mme_vla_suite.serving.websocket_policy_server:TIMING add_buffer_ms=37.3 frames=16 exec_start_idx=0
MV_INFER cond=normal split=test task=ButtonUnmaskSwap ep=4 ep_seq=8 infer_seq=60 t=944 es=0 k=0 motion_frames=- motion_emb_sha= motion_pos_sha= motion_mask= mem_order_sha= motion_cols_sha= donor=None cover=exact:0,fallback:0,cycle:0,cross_seg:0 gate=none num_steps=10 act_sha=db657308727062a7 infer_ms=67.3
INFO:mme_vla_suite.serving.websocket_policy_server:TIMING infer_ms=67.3
INFO:mme_vla_suite.serving.websocket_policy_server:TIMING add_buffer_ms=36.5 frames=16 exec_start_idx=0
MV_INFER cond=normal split=test task=ButtonUnmaskSwap ep=4 ep_seq=8 infer_seq=61 t=960 es=0 k=0 motion_frames=- motion_emb_sha= motion_pos_sha= motion_mask= mem_order_sha= motion_cols_sha= donor=None cover=exact:0,fallback:0,cycle:0,cross_seg:0 gate=none num_steps=10 act_sha=b23ba9a39d7f7265 infer_ms=67.3
INFO:mme_vla_suite.serving.websocket_policy_server:TIMING infer_ms=67.3
INFO:mme_vla_suite.serving.websocket_policy_server:TIMING add_buffer_ms=37.3 frames=16 exec_start_idx=0
MV_INFER cond=normal split=test task=ButtonUnmaskSwap ep=4 ep_seq=8 infer_seq=62 t=976 es=0 k=0 motion_frames=- motion_emb_sha= motion_pos_sha= motion_mask= mem_order_sha= motion_cols_sha= donor=None cover=exact:0,fallback:0,cycle:0,cross_seg:0 gate=none num_steps=10 act_sha=74329a31ae28f69d infer_ms=66.9
INFO:mme_vla_suite.serving.websocket_policy_server:TIMING infer_ms=66.9
INFO:mme_vla_suite.serving.websocket_policy_server:TIMING add_buffer_ms=37.9 frames=16 exec_start_idx=0
MV_INFER cond=normal split=test task=ButtonUnmaskSwap ep=4 ep_seq=8 infer_seq=63 t=992 es=0 k=0 motion_frames=- motion_emb_sha= motion_pos_sha= motion_mask= mem_order_sha= motion_cols_sha= donor=None cover=exact:0,fallback:0,cycle:0,cross_seg:0 gate=none num_steps=10 act_sha=a9103b9ebe53928a infer_ms=67.1
INFO:mme_vla_suite.serving.websocket_policy_server:TIMING infer_ms=67.1
INFO:mme_vla_suite.serving.websocket_policy_server:TIMING add_buffer_ms=37.3 frames=16 exec_start_idx=0
MV_INFER cond=normal split=test task=ButtonUnmaskSwap ep=4 ep_seq=8 infer_seq=64 t=1008 es=0 k=0 motion_frames=- motion_emb_sha= motion_pos_sha= motion_mask= mem_order_sha= motion_cols_sha= donor=None cover=exact:0,fallback:0,cycle:0,cross_seg:0 gate=none num_steps=10 act_sha=380c93e123d943f0 infer_ms=67.0
INFO:mme_vla_suite.serving.websocket_policy_server:TIMING infer_ms=67.0
INFO:mme_vla_suite.serving.websocket_policy_server:TIMING add_buffer_ms=37.3 frames=16 exec_start_idx=0
MV_INFER cond=normal split=test task=ButtonUnmaskSwap ep=4 ep_seq=8 infer_seq=65 t=1024 es=0 k=0 motion_frames=- motion_emb_sha= motion_pos_sha= motion_mask= mem_order_sha= motion_cols_sha= donor=None cover=exact:0,fallback:0,cycle:0,cross_seg:0 gate=none num_steps=10 act_sha=9dd1e4dbdc376863 infer_ms=66.9
INFO:mme_vla_suite.serving.websocket_policy_server:TIMING infer_ms=66.9
INFO:mme_vla_suite.serving.websocket_policy_server:TIMING add_buffer_ms=37.1 frames=16 exec_start_idx=0
MV_INFER cond=normal split=test task=ButtonUnmaskSwap ep=4 ep_seq=8 infer_seq=66 t=1040 es=0 k=0 motion_frames=- motion_emb_sha= motion_pos_sha= motion_mask= mem_order_sha= motion_cols_sha= donor=None cover=exact:0,fallback:0,cycle:0,cross_seg:0 gate=none num_steps=10 act_sha=e20223e30afc8dd4 infer_ms=66.9
INFO:mme_vla_suite.serving.websocket_policy_server:TIMING infer_ms=66.9
INFO:mme_vla_suite.serving.websocket_policy_server:TIMING add_buffer_ms=37.3 frames=16 exec_start_idx=0
MV_INFER cond=normal split=test task=ButtonUnmaskSwap ep=4 ep_seq=8 infer_seq=67 t=1056 es=0 k=0 motion_frames=- motion_emb_sha= motion_pos_sha= motion_mask= mem_order_sha= motion_cols_sha= donor=None cover=exact:0,fallback:0,cycle:0,cross_seg:0 gate=none num_steps=10 act_sha=ea3afe5800b60c83 infer_ms=67.2
INFO:mme_vla_suite.serving.websocket_policy_server:TIMING infer_ms=67.2
INFO:mme_vla_suite.serving.websocket_policy_server:TIMING add_buffer_ms=37.9 frames=16 exec_start_idx=0
MV_INFER cond=normal split=test task=ButtonUnmaskSwap ep=4 ep_seq=8 infer_seq=68 t=1072 es=0 k=0 motion_frames=- motion_emb_sha= motion_pos_sha= motion_mask= mem_order_sha= motion_cols_sha= donor=None cover=exact:0,fallback:0,cycle:0,cross_seg:0 gate=none num_steps=10 act_sha=fd1120c5fc43037d infer_ms=67.2
INFO:mme_vla_suite.serving.websocket_policy_server:TIMING infer_ms=67.2
INFO:mme_vla_suite.serving.websocket_policy_server:TIMING add_buffer_ms=36.8 frames=16 exec_start_idx=0
MV_INFER cond=normal split=test task=ButtonUnmaskSwap ep=4 ep_seq=8 infer_seq=69 t=1088 es=0 k=0 motion_frames=- motion_emb_sha= motion_pos_sha= motion_mask= mem_order_sha= motion_cols_sha= donor=None cover=exact:0,fallback:0,cycle:0,cross_seg:0 gate=none num_steps=10 act_sha=ad64089631091460 infer_ms=67.2
INFO:mme_vla_suite.serving.websocket_policy_server:TIMING infer_ms=67.2
INFO:mme_vla_suite.serving.websocket_policy_server:TIMING add_buffer_ms=38.2 frames=16 exec_start_idx=0
MV_INFER cond=normal split=test task=ButtonUnmaskSwap ep=4 ep_seq=8 infer_seq=70 t=1104 es=0 k=0 motion_frames=- motion_emb_sha= motion_pos_sha= motion_mask= mem_order_sha= motion_cols_sha= donor=None cover=exact:0,fallback:0,cycle:0,cross_seg:0 gate=none num_steps=10 act_sha=91e0a066b6a52422 infer_ms=67.3
INFO:mme_vla_suite.serving.websocket_policy_server:TIMING infer_ms=67.3
INFO:mme_vla_suite.serving.websocket_policy_server:TIMING add_buffer_ms=35.4 frames=16 exec_start_idx=0
MV_INFER cond=normal split=test task=ButtonUnmaskSwap ep=4 ep_seq=8 infer_seq=71 t=1120 es=0 k=0 motion_frames=- motion_emb_sha= motion_pos_sha= motion_mask= mem_order_sha= motion_cols_sha= donor=None cover=exact:0,fallback:0,cycle:0,cross_seg:0 gate=none num_steps=10 act_sha=d9c68f98879e7a9d infer_ms=67.3
INFO:mme_vla_suite.serving.websocket_policy_server:TIMING infer_ms=67.3
INFO:mme_vla_suite.serving.websocket_policy_server:TIMING add_buffer_ms=36.9 frames=16 exec_start_idx=0
MV_INFER cond=normal split=test task=ButtonUnmaskSwap ep=4 ep_seq=8 infer_seq=72 t=1136 es=0 k=0 motion_frames=- motion_emb_sha= motion_pos_sha= motion_mask= mem_order_sha= motion_cols_sha= donor=None cover=exact:0,fallback:0,cycle:0,cross_seg:0 gate=none num_steps=10 act_sha=e5389a53d7830571 infer_ms=66.9
INFO:mme_vla_suite.serving.websocket_policy_server:TIMING infer_ms=66.9
INFO:mme_vla_suite.serving.websocket_policy_server:TIMING add_buffer_ms=37.5 frames=16 exec_start_idx=0
MV_INFER cond=normal split=test task=ButtonUnmaskSwap ep=4 ep_seq=8 infer_seq=73 t=1152 es=0 k=0 motion_frames=- motion_emb_sha= motion_pos_sha= motion_mask= mem_order_sha= motion_cols_sha= donor=None cover=exact:0,fallback:0,cycle:0,cross_seg:0 gate=none num_steps=10 act_sha=55f6633f3898db38 infer_ms=67.2
INFO:mme_vla_suite.serving.websocket_policy_server:TIMING infer_ms=67.2
INFO:mme_vla_suite.serving.websocket_policy_server:TIMING add_buffer_ms=37.6 frames=16 exec_start_idx=0
MV_INFER cond=normal split=test task=ButtonUnmaskSwap ep=4 ep_seq=8 infer_seq=74 t=1168 es=0 k=0 motion_frames=- motion_emb_sha= motion_pos_sha= motion_mask= mem_order_sha= motion_cols_sha= donor=None cover=exact:0,fallback:0,cycle:0,cross_seg:0 gate=none num_steps=10 act_sha=3798229612fb6c3a infer_ms=66.9
INFO:mme_vla_suite.serving.websocket_policy_server:TIMING infer_ms=66.9
INFO:mme_vla_suite.serving.websocket_policy_server:TIMING add_buffer_ms=37.5 frames=16 exec_start_idx=0
MV_INFER cond=normal split=test task=ButtonUnmaskSwap ep=4 ep_seq=8 infer_seq=75 t=1184 es=0 k=0 motion_frames=- motion_emb_sha= motion_pos_sha= motion_mask= mem_order_sha= motion_cols_sha= donor=None cover=exact:0,fallback:0,cycle:0,cross_seg:0 gate=none num_steps=10 act_sha=04a5694f921c7758 infer_ms=67.1
INFO:mme_vla_suite.serving.websocket_policy_server:TIMING infer_ms=67.1
INFO:mme_vla_suite.serving.websocket_policy_server:TIMING add_buffer_ms=37.2 frames=16 exec_start_idx=0
MV_INFER cond=normal split=test task=ButtonUnmaskSwap ep=4 ep_seq=8 infer_seq=76 t=1200 es=0 k=0 motion_frames=- motion_emb_sha= motion_pos_sha= motion_mask= mem_order_sha= motion_cols_sha= donor=None cover=exact:0,fallback:0,cycle:0,cross_seg:0 gate=none num_steps=10 act_sha=5075579aaea55ff7 infer_ms=67.0
INFO:mme_vla_suite.serving.websocket_policy_server:TIMING infer_ms=67.0
INFO:mme_vla_suite.serving.websocket_policy_server:TIMING add_buffer_ms=37.3 frames=16 exec_start_idx=0
MV_INFER cond=normal split=test task=ButtonUnmaskSwap ep=4 ep_seq=8 infer_seq=77 t=1216 es=0 k=0 motion_frames=- motion_emb_sha= motion_pos_sha= motion_mask= mem_order_sha= motion_cols_sha= donor=None cover=exact:0,fallback:0,cycle:0,cross_seg:0 gate=none num_steps=10 act_sha=2b5540a26a6d533a infer_ms=67.0
INFO:mme_vla_suite.serving.websocket_policy_server:TIMING infer_ms=67.0
INFO:mme_vla_suite.serving.websocket_policy_server:TIMING add_buffer_ms=37.6 frames=16 exec_start_idx=0
MV_INFER cond=normal split=test task=ButtonUnmaskSwap ep=4 ep_seq=8 infer_seq=78 t=1232 es=0 k=0 motion_frames=- motion_emb_sha= motion_pos_sha= motion_mask= mem_order_sha= motion_cols_sha= donor=None cover=exact:0,fallback:0,cycle:0,cross_seg:0 gate=none num_steps=10 act_sha=02f64b686da11fbc infer_ms=67.0
INFO:mme_vla_suite.serving.websocket_policy_server:TIMING infer_ms=67.0
INFO:mme_vla_suite.serving.websocket_policy_server:TIMING add_buffer_ms=37.2 frames=16 exec_start_idx=0
MV_INFER cond=normal split=test task=ButtonUnmaskSwap ep=4 ep_seq=8 infer_seq=79 t=1248 es=0 k=0 motion_frames=- motion_emb_sha= motion_pos_sha= motion_mask= mem_order_sha= motion_cols_sha= donor=None cover=exact:0,fallback:0,cycle:0,cross_seg:0 gate=none num_steps=10 act_sha=a0f959e63885048b infer_ms=66.9
INFO:mme_vla_suite.serving.websocket_policy_server:TIMING infer_ms=66.9
INFO:mme_vla_suite.serving.websocket_policy_server:TIMING add_buffer_ms=37.1 frames=16 exec_start_idx=0
MV_INFER cond=normal split=test task=ButtonUnmaskSwap ep=4 ep_seq=8 infer_seq=80 t=1264 es=0 k=0 motion_frames=- motion_emb_sha= motion_pos_sha= motion_mask= mem_order_sha= motion_cols_sha= donor=None cover=exact:0,fallback:0,cycle:0,cross_seg:0 gate=none num_steps=10 act_sha=99f249c5508d0648 infer_ms=67.1
INFO:mme_vla_suite.serving.websocket_policy_server:TIMING infer_ms=67.1
INFO:mme_vla_suite.serving.websocket_policy_server:TIMING add_buffer_ms=37.2 frames=16 exec_start_idx=0
MV_INFER cond=normal split=test task=ButtonUnmaskSwap ep=4 ep_seq=8 infer_seq=81 t=1280 es=0 k=0 motion_frames=- motion_emb_sha= motion_pos_sha= motion_mask= mem_order_sha= motion_cols_sha= donor=None cover=exact:0,fallback:0,cycle:0,cross_seg:0 gate=none num_steps=10 act_sha=d990a25c10e8ef3e infer_ms=67.2
INFO:mme_vla_suite.serving.websocket_policy_server:TIMING infer_ms=67.2
INFO:mme_vla_suite.serving.websocket_policy_server:TIMING add_buffer_ms=36.8 frames=16 exec_start_idx=0
MV_INFER cond=normal split=test task=ButtonUnmaskSwap ep=4 ep_seq=8 infer_seq=82 t=1296 es=0 k=0 motion_frames=- motion_emb_sha= motion_pos_sha= motion_mask= mem_order_sha= motion_cols_sha= donor=None cover=exact:0,fallback:0,cycle:0,cross_seg:0 gate=none num_steps=10 act_sha=48504321a9a3642f infer_ms=67.1
INFO:mme_vla_suite.serving.websocket_policy_server:TIMING infer_ms=67.1
INFO:websockets.server:connection open
INFO:mme_vla_suite.serving.websocket_policy_server:Connection from ('127.0.0.1', 50022) opened
MV_EPISODE_END ep_seq=8 infers=82 windows=0 wall_s=32.7
MV_EPISODE_BEGIN cond=normal split=test seed=42 ep_seq=9 expect=ButtonUnmaskSwap:8
INFO:mme_vla_suite.serving.websocket_policy_server:TIMING add_buffer_ms=6.5 frames=1 exec_start_idx=0
MV_INFER cond=normal split=test task=ButtonUnmaskSwap ep=8 ep_seq=9 infer_seq=1 t=0 es=0 k=0 motion_frames=- motion_emb_sha= motion_pos_sha= motion_mask= mem_order_sha= motion_cols_sha= donor=None cover=exact:0,fallback:0,cycle:0,cross_seg:0 gate=none num_steps=10 act_sha=04027fd961703d29 infer_ms=67.2
INFO:mme_vla_suite.serving.websocket_policy_server:TIMING infer_ms=67.2
INFO:mme_vla_suite.serving.websocket_policy_server:TIMING add_buffer_ms=36.5 frames=16 exec_start_idx=0
MV_INFER cond=normal split=test task=ButtonUnmaskSwap ep=8 ep_seq=9 infer_seq=2 t=16 es=0 k=0 motion_frames=- motion_emb_sha= motion_pos_sha= motion_mask= mem_order_sha= motion_cols_sha= donor=None cover=exact:0,fallback:0,cycle:0,cross_seg:0 gate=none num_steps=10 act_sha=60da209bfb0b9ddf infer_ms=67.2
INFO:mme_vla_suite.serving.websocket_policy_server:TIMING infer_ms=67.2
INFO:mme_vla_suite.serving.websocket_policy_server:TIMING add_buffer_ms=36.8 frames=16 exec_start_idx=0
MV_INFER cond=normal split=test task=ButtonUnmaskSwap ep=8 ep_seq=9 infer_seq=3 t=32 es=0 k=0 motion_frames=- motion_emb_sha= motion_pos_sha= motion_mask= mem_order_sha= motion_cols_sha= donor=None cover=exact:0,fallback:0,cycle:0,cross_seg:0 gate=none num_steps=10 act_sha=d9d2f469d6bc9d4e infer_ms=67.4
INFO:mme_vla_suite.serving.websocket_policy_server:TIMING infer_ms=67.4
INFO:mme_vla_suite.serving.websocket_policy_server:TIMING add_buffer_ms=38.7 frames=16 exec_start_idx=0
MV_INFER cond=normal split=test task=ButtonUnmaskSwap ep=8 ep_seq=9 infer_seq=4 t=48 es=0 k=0 motion_frames=- motion_emb_sha= motion_pos_sha= motion_mask= mem_order_sha= motion_cols_sha= donor=None cover=exact:0,fallback:0,cycle:0,cross_seg:0 gate=none num_steps=10 act_sha=fad9146d995294f9 infer_ms=66.9
INFO:mme_vla_suite.serving.websocket_policy_server:TIMING infer_ms=66.9
INFO:mme_vla_suite.serving.websocket_policy_server:TIMING add_buffer_ms=36.4 frames=16 exec_start_idx=0
MV_INFER cond=normal split=test task=ButtonUnmaskSwap ep=8 ep_seq=9 infer_seq=5 t=64 es=0 k=0 motion_frames=- motion_emb_sha= motion_pos_sha= motion_mask= mem_order_sha= motion_cols_sha= donor=None cover=exact:0,fallback:0,cycle:0,cross_seg:0 gate=none num_steps=10 act_sha=47cd16ff190ba7e9 infer_ms=67.0
INFO:mme_vla_suite.serving.websocket_policy_server:TIMING infer_ms=67.0
INFO:mme_vla_suite.serving.websocket_policy_server:TIMING add_buffer_ms=36.1 frames=16 exec_start_idx=0
MV_INFER cond=normal split=test task=ButtonUnmaskSwap ep=8 ep_seq=9 infer_seq=6 t=80 es=0 k=0 motion_frames=- motion_emb_sha= motion_pos_sha= motion_mask= mem_order_sha= motion_cols_sha= donor=None cover=exact:0,fallback:0,cycle:0,cross_seg:0 gate=none num_steps=10 act_sha=b10d8f6ffe56b2f5 infer_ms=67.0
INFO:mme_vla_suite.serving.websocket_policy_server:TIMING infer_ms=67.0
INFO:mme_vla_suite.serving.websocket_policy_server:TIMING add_buffer_ms=37.2 frames=16 exec_start_idx=0
MV_INFER cond=normal split=test task=ButtonUnmaskSwap ep=8 ep_seq=9 infer_seq=7 t=96 es=0 k=0 motion_frames=- motion_emb_sha= motion_pos_sha= motion_mask= mem_order_sha= motion_cols_sha= donor=None cover=exact:0,fallback:0,cycle:0,cross_seg:0 gate=none num_steps=10 act_sha=2aad5d46f1b6962e infer_ms=67.1
INFO:mme_vla_suite.serving.websocket_policy_server:TIMING infer_ms=67.1
INFO:mme_vla_suite.serving.websocket_policy_server:TIMING add_buffer_ms=37.4 frames=16 exec_start_idx=0
MV_INFER cond=normal split=test task=ButtonUnmaskSwap ep=8 ep_seq=9 infer_seq=8 t=112 es=0 k=0 motion_frames=- motion_emb_sha= motion_pos_sha= motion_mask= mem_order_sha= motion_cols_sha= donor=None cover=exact:0,fallback:0,cycle:0,cross_seg:0 gate=none num_steps=10 act_sha=17ec24ac47ad5903 infer_ms=67.1
INFO:mme_vla_suite.serving.websocket_policy_server:TIMING infer_ms=67.1
INFO:mme_vla_suite.serving.websocket_policy_server:TIMING add_buffer_ms=36.8 frames=16 exec_start_idx=0
MV_INFER cond=normal split=test task=ButtonUnmaskSwap ep=8 ep_seq=9 infer_seq=9 t=128 es=0 k=0 motion_frames=- motion_emb_sha= motion_pos_sha= motion_mask= mem_order_sha= motion_cols_sha= donor=None cover=exact:0,fallback:0,cycle:0,cross_seg:0 gate=none num_steps=10 act_sha=600d65a3d31ca838 infer_ms=67.0
INFO:mme_vla_suite.serving.websocket_policy_server:TIMING infer_ms=67.0
INFO:mme_vla_suite.serving.websocket_policy_server:TIMING add_buffer_ms=37.2 frames=16 exec_start_idx=0
MV_INFER cond=normal split=test task=ButtonUnmaskSwap ep=8 ep_seq=9 infer_seq=10 t=144 es=0 k=0 motion_frames=- motion_emb_sha= motion_pos_sha= motion_mask= mem_order_sha= motion_cols_sha= donor=None cover=exact:0,fallback:0,cycle:0,cross_seg:0 gate=none num_steps=10 act_sha=8dc8e3b492ae3ec7 infer_ms=67.5
INFO:mme_vla_suite.serving.websocket_policy_server:TIMING infer_ms=67.5
INFO:mme_vla_suite.serving.websocket_policy_server:TIMING add_buffer_ms=37.1 frames=16 exec_start_idx=0
MV_INFER cond=normal split=test task=ButtonUnmaskSwap ep=8 ep_seq=9 infer_seq=11 t=160 es=0 k=0 motion_frames=- motion_emb_sha= motion_pos_sha= motion_mask= mem_order_sha= motion_cols_sha= donor=None cover=exact:0,fallback:0,cycle:0,cross_seg:0 gate=none num_steps=10 act_sha=601bc1b3fa425976 infer_ms=67.0
INFO:mme_vla_suite.serving.websocket_policy_server:TIMING infer_ms=67.0
INFO:mme_vla_suite.serving.websocket_policy_server:TIMING add_buffer_ms=37.6 frames=16 exec_start_idx=0
MV_INFER cond=normal split=test task=ButtonUnmaskSwap ep=8 ep_seq=9 infer_seq=12 t=176 es=0 k=0 motion_frames=- motion_emb_sha= motion_pos_sha= motion_mask= mem_order_sha= motion_cols_sha= donor=None cover=exact:0,fallback:0,cycle:0,cross_seg:0 gate=none num_steps=10 act_sha=3fb1ea2f8868f568 infer_ms=67.2
INFO:mme_vla_suite.serving.websocket_policy_server:TIMING infer_ms=67.2
INFO:mme_vla_suite.serving.websocket_policy_server:TIMING add_buffer_ms=37.7 frames=16 exec_start_idx=0
MV_INFER cond=normal split=test task=ButtonUnmaskSwap ep=8 ep_seq=9 infer_seq=13 t=192 es=0 k=0 motion_frames=- motion_emb_sha= motion_pos_sha= motion_mask= mem_order_sha= motion_cols_sha= donor=None cover=exact:0,fallback:0,cycle:0,cross_seg:0 gate=none num_steps=10 act_sha=2c29c8115e11eac4 infer_ms=67.0
INFO:mme_vla_suite.serving.websocket_policy_server:TIMING infer_ms=67.0
INFO:mme_vla_suite.serving.websocket_policy_server:TIMING add_buffer_ms=37.4 frames=16 exec_start_idx=0
MV_INFER cond=normal split=test task=ButtonUnmaskSwap ep=8 ep_seq=9 infer_seq=14 t=208 es=0 k=0 motion_frames=- motion_emb_sha= motion_pos_sha= motion_mask= mem_order_sha= motion_cols_sha= donor=None cover=exact:0,fallback:0,cycle:0,cross_seg:0 gate=none num_steps=10 act_sha=7b7ca1874adb3c0e infer_ms=67.2
INFO:mme_vla_suite.serving.websocket_policy_server:TIMING infer_ms=67.2
INFO:mme_vla_suite.serving.websocket_policy_server:TIMING add_buffer_ms=37.1 frames=16 exec_start_idx=0
MV_INFER cond=normal split=test task=ButtonUnmaskSwap ep=8 ep_seq=9 infer_seq=15 t=224 es=0 k=0 motion_frames=- motion_emb_sha= motion_pos_sha= motion_mask= mem_order_sha= motion_cols_sha= donor=None cover=exact:0,fallback:0,cycle:0,cross_seg:0 gate=none num_steps=10 act_sha=48a77e4ee1242543 infer_ms=67.4
INFO:mme_vla_suite.serving.websocket_policy_server:TIMING infer_ms=67.4
INFO:mme_vla_suite.serving.websocket_policy_server:TIMING add_buffer_ms=38.2 frames=16 exec_start_idx=0
MV_INFER cond=normal split=test task=ButtonUnmaskSwap ep=8 ep_seq=9 infer_seq=16 t=240 es=0 k=0 motion_frames=- motion_emb_sha= motion_pos_sha= motion_mask= mem_order_sha= motion_cols_sha= donor=None cover=exact:0,fallback:0,cycle:0,cross_seg:0 gate=none num_steps=10 act_sha=61b72427e7d53971 infer_ms=66.9
INFO:mme_vla_suite.serving.websocket_policy_server:TIMING infer_ms=66.9
INFO:mme_vla_suite.serving.websocket_policy_server:TIMING add_buffer_ms=37.6 frames=16 exec_start_idx=0
MV_INFER cond=normal split=test task=ButtonUnmaskSwap ep=8 ep_seq=9 infer_seq=17 t=256 es=0 k=0 motion_frames=- motion_emb_sha= motion_pos_sha= motion_mask= mem_order_sha= motion_cols_sha= donor=None cover=exact:0,fallback:0,cycle:0,cross_seg:0 gate=none num_steps=10 act_sha=2ec40778fd8b8c01 infer_ms=67.2
INFO:mme_vla_suite.serving.websocket_policy_server:TIMING infer_ms=67.2
INFO:mme_vla_suite.serving.websocket_policy_server:TIMING add_buffer_ms=37.2 frames=16 exec_start_idx=0
MV_INFER cond=normal split=test task=ButtonUnmaskSwap ep=8 ep_seq=9 infer_seq=18 t=272 es=0 k=0 motion_frames=- motion_emb_sha= motion_pos_sha= motion_mask= mem_order_sha= motion_cols_sha= donor=None cover=exact:0,fallback:0,cycle:0,cross_seg:0 gate=none num_steps=10 act_sha=3a46ea16d41909b0 infer_ms=67.1
INFO:mme_vla_suite.serving.websocket_policy_server:TIMING infer_ms=67.1
INFO:mme_vla_suite.serving.websocket_policy_server:TIMING add_buffer_ms=37.1 frames=16 exec_start_idx=0
MV_INFER cond=normal split=test task=ButtonUnmaskSwap ep=8 ep_seq=9 infer_seq=19 t=288 es=0 k=0 motion_frames=- motion_emb_sha= motion_pos_sha= motion_mask= mem_order_sha= motion_cols_sha= donor=None cover=exact:0,fallback:0,cycle:0,cross_seg:0 gate=none num_steps=10 act_sha=ebbb3c038ad2df2e infer_ms=67.0
INFO:mme_vla_suite.serving.websocket_policy_server:TIMING infer_ms=67.0
INFO:mme_vla_suite.serving.websocket_policy_server:TIMING add_buffer_ms=40.2 frames=16 exec_start_idx=0
MV_INFER cond=normal split=test task=ButtonUnmaskSwap ep=8 ep_seq=9 infer_seq=20 t=304 es=0 k=0 motion_frames=- motion_emb_sha= motion_pos_sha= motion_mask= mem_order_sha= motion_cols_sha= donor=None cover=exact:0,fallback:0,cycle:0,cross_seg:0 gate=none num_steps=10 act_sha=26888d769eada8bd infer_ms=67.4
INFO:mme_vla_suite.serving.websocket_policy_server:TIMING infer_ms=67.4
INFO:mme_vla_suite.serving.websocket_policy_server:TIMING add_buffer_ms=37.6 frames=16 exec_start_idx=0
MV_INFER cond=normal split=test task=ButtonUnmaskSwap ep=8 ep_seq=9 infer_seq=21 t=320 es=0 k=0 motion_frames=- motion_emb_sha= motion_pos_sha= motion_mask= mem_order_sha= motion_cols_sha= donor=None cover=exact:0,fallback:0,cycle:0,cross_seg:0 gate=none num_steps=10 act_sha=72a6ec864d473b41 infer_ms=67.5
INFO:mme_vla_suite.serving.websocket_policy_server:TIMING infer_ms=67.5
INFO:mme_vla_suite.serving.websocket_policy_server:TIMING add_buffer_ms=37.7 frames=16 exec_start_idx=0
MV_INFER cond=normal split=test task=ButtonUnmaskSwap ep=8 ep_seq=9 infer_seq=22 t=336 es=0 k=0 motion_frames=- motion_emb_sha= motion_pos_sha= motion_mask= mem_order_sha= motion_cols_sha= donor=None cover=exact:0,fallback:0,cycle:0,cross_seg:0 gate=none num_steps=10 act_sha=9d2a9033421a1971 infer_ms=66.9
INFO:mme_vla_suite.serving.websocket_policy_server:TIMING infer_ms=66.9
INFO:mme_vla_suite.serving.websocket_policy_server:TIMING add_buffer_ms=38.0 frames=16 exec_start_idx=0
MV_INFER cond=normal split=test task=ButtonUnmaskSwap ep=8 ep_seq=9 infer_seq=23 t=352 es=0 k=0 motion_frames=- motion_emb_sha= motion_pos_sha= motion_mask= mem_order_sha= motion_cols_sha= donor=None cover=exact:0,fallback:0,cycle:0,cross_seg:0 gate=none num_steps=10 act_sha=0b9bc12f587edb62 infer_ms=67.0
INFO:mme_vla_suite.serving.websocket_policy_server:TIMING infer_ms=67.0
INFO:mme_vla_suite.serving.websocket_policy_server:TIMING add_buffer_ms=38.1 frames=16 exec_start_idx=0
MV_INFER cond=normal split=test task=ButtonUnmaskSwap ep=8 ep_seq=9 infer_seq=24 t=368 es=0 k=0 motion_frames=- motion_emb_sha= motion_pos_sha= motion_mask= mem_order_sha= motion_cols_sha= donor=None cover=exact:0,fallback:0,cycle:0,cross_seg:0 gate=none num_steps=10 act_sha=5d81051e05bd9c90 infer_ms=67.0
INFO:mme_vla_suite.serving.websocket_policy_server:TIMING infer_ms=67.0
INFO:mme_vla_suite.serving.websocket_policy_server:TIMING add_buffer_ms=37.4 frames=16 exec_start_idx=0
MV_INFER cond=normal split=test task=ButtonUnmaskSwap ep=8 ep_seq=9 infer_seq=25 t=384 es=0 k=0 motion_frames=- motion_emb_sha= motion_pos_sha= motion_mask= mem_order_sha= motion_cols_sha= donor=None cover=exact:0,fallback:0,cycle:0,cross_seg:0 gate=none num_steps=10 act_sha=b1ccea0df34be4a1 infer_ms=66.8
INFO:mme_vla_suite.serving.websocket_policy_server:TIMING infer_ms=66.8
INFO:mme_vla_suite.serving.websocket_policy_server:TIMING add_buffer_ms=38.0 frames=16 exec_start_idx=0
MV_INFER cond=normal split=test task=ButtonUnmaskSwap ep=8 ep_seq=9 infer_seq=26 t=400 es=0 k=0 motion_frames=- motion_emb_sha= motion_pos_sha= motion_mask= mem_order_sha= motion_cols_sha= donor=None cover=exact:0,fallback:0,cycle:0,cross_seg:0 gate=none num_steps=10 act_sha=a6e3e08c2f77b3c5 infer_ms=67.2
INFO:mme_vla_suite.serving.websocket_policy_server:TIMING infer_ms=67.2
INFO:mme_vla_suite.serving.websocket_policy_server:TIMING add_buffer_ms=37.3 frames=16 exec_start_idx=0
MV_INFER cond=normal split=test task=ButtonUnmaskSwap ep=8 ep_seq=9 infer_seq=27 t=416 es=0 k=0 motion_frames=- motion_emb_sha= motion_pos_sha= motion_mask= mem_order_sha= motion_cols_sha= donor=None cover=exact:0,fallback:0,cycle:0,cross_seg:0 gate=none num_steps=10 act_sha=803d782a4820c595 infer_ms=67.3
INFO:mme_vla_suite.serving.websocket_policy_server:TIMING infer_ms=67.3
INFO:mme_vla_suite.serving.websocket_policy_server:TIMING add_buffer_ms=37.5 frames=16 exec_start_idx=0
MV_INFER cond=normal split=test task=ButtonUnmaskSwap ep=8 ep_seq=9 infer_seq=28 t=432 es=0 k=0 motion_frames=- motion_emb_sha= motion_pos_sha= motion_mask= mem_order_sha= motion_cols_sha= donor=None cover=exact:0,fallback:0,cycle:0,cross_seg:0 gate=none num_steps=10 act_sha=988f25a90505b1ff infer_ms=67.2
INFO:mme_vla_suite.serving.websocket_policy_server:TIMING infer_ms=67.2
INFO:mme_vla_suite.serving.websocket_policy_server:TIMING add_buffer_ms=37.1 frames=16 exec_start_idx=0
MV_INFER cond=normal split=test task=ButtonUnmaskSwap ep=8 ep_seq=9 infer_seq=29 t=448 es=0 k=0 motion_frames=- motion_emb_sha= motion_pos_sha= motion_mask= mem_order_sha= motion_cols_sha= donor=None cover=exact:0,fallback:0,cycle:0,cross_seg:0 gate=none num_steps=10 act_sha=a208bd26288d32e3 infer_ms=66.9
INFO:mme_vla_suite.serving.websocket_policy_server:TIMING infer_ms=66.9
INFO:mme_vla_suite.serving.websocket_policy_server:TIMING add_buffer_ms=37.2 frames=16 exec_start_idx=0
MV_INFER cond=normal split=test task=ButtonUnmaskSwap ep=8 ep_seq=9 infer_seq=30 t=464 es=0 k=0 motion_frames=- motion_emb_sha= motion_pos_sha= motion_mask= mem_order_sha= motion_cols_sha= donor=None cover=exact:0,fallback:0,cycle:0,cross_seg:0 gate=none num_steps=10 act_sha=4a72f80de62fec15 infer_ms=66.8
INFO:mme_vla_suite.serving.websocket_policy_server:TIMING infer_ms=66.8
INFO:mme_vla_suite.serving.websocket_policy_server:TIMING add_buffer_ms=37.4 frames=16 exec_start_idx=0
MV_INFER cond=normal split=test task=ButtonUnmaskSwap ep=8 ep_seq=9 infer_seq=31 t=480 es=0 k=0 motion_frames=- motion_emb_sha= motion_pos_sha= motion_mask= mem_order_sha= motion_cols_sha= donor=None cover=exact:0,fallback:0,cycle:0,cross_seg:0 gate=none num_steps=10 act_sha=86da6b02a229541c infer_ms=67.0
INFO:mme_vla_suite.serving.websocket_policy_server:TIMING infer_ms=67.0
INFO:mme_vla_suite.serving.websocket_policy_server:TIMING add_buffer_ms=36.7 frames=16 exec_start_idx=0
MV_INFER cond=normal split=test task=ButtonUnmaskSwap ep=8 ep_seq=9 infer_seq=32 t=496 es=0 k=0 motion_frames=- motion_emb_sha= motion_pos_sha= motion_mask= mem_order_sha= motion_cols_sha= donor=None cover=exact:0,fallback:0,cycle:0,cross_seg:0 gate=none num_steps=10 act_sha=ff333374cca2b5bd infer_ms=67.2
INFO:mme_vla_suite.serving.websocket_policy_server:TIMING infer_ms=67.2
INFO:mme_vla_suite.serving.websocket_policy_server:TIMING add_buffer_ms=36.6 frames=16 exec_start_idx=0
MV_INFER cond=normal split=test task=ButtonUnmaskSwap ep=8 ep_seq=9 infer_seq=33 t=512 es=0 k=0 motion_frames=- motion_emb_sha= motion_pos_sha= motion_mask= mem_order_sha= motion_cols_sha= donor=None cover=exact:0,fallback:0,cycle:0,cross_seg:0 gate=none num_steps=10 act_sha=835f76a26628bf13 infer_ms=67.1
INFO:mme_vla_suite.serving.websocket_policy_server:TIMING infer_ms=67.1
INFO:mme_vla_suite.serving.websocket_policy_server:TIMING add_buffer_ms=36.4 frames=16 exec_start_idx=0
MV_INFER cond=normal split=test task=ButtonUnmaskSwap ep=8 ep_seq=9 infer_seq=34 t=528 es=0 k=0 motion_frames=- motion_emb_sha= motion_pos_sha= motion_mask= mem_order_sha= motion_cols_sha= donor=None cover=exact:0,fallback:0,cycle:0,cross_seg:0 gate=none num_steps=10 act_sha=421d38ad36b9e230 infer_ms=67.0
INFO:mme_vla_suite.serving.websocket_policy_server:TIMING infer_ms=67.0
INFO:mme_vla_suite.serving.websocket_policy_server:TIMING add_buffer_ms=36.6 frames=16 exec_start_idx=0
MV_INFER cond=normal split=test task=ButtonUnmaskSwap ep=8 ep_seq=9 infer_seq=35 t=544 es=0 k=0 motion_frames=- motion_emb_sha= motion_pos_sha= motion_mask= mem_order_sha= motion_cols_sha= donor=None cover=exact:0,fallback:0,cycle:0,cross_seg:0 gate=none num_steps=10 act_sha=3a25917e84d9f4a9 infer_ms=67.0
INFO:mme_vla_suite.serving.websocket_policy_server:TIMING infer_ms=67.0
INFO:mme_vla_suite.serving.websocket_policy_server:TIMING add_buffer_ms=37.0 frames=16 exec_start_idx=0
MV_INFER cond=normal split=test task=ButtonUnmaskSwap ep=8 ep_seq=9 infer_seq=36 t=560 es=0 k=0 motion_frames=- motion_emb_sha= motion_pos_sha= motion_mask= mem_order_sha= motion_cols_sha= donor=None cover=exact:0,fallback:0,cycle:0,cross_seg:0 gate=none num_steps=10 act_sha=9d71df2d3dd09e96 infer_ms=67.0
INFO:mme_vla_suite.serving.websocket_policy_server:TIMING infer_ms=67.0
INFO:mme_vla_suite.serving.websocket_policy_server:TIMING add_buffer_ms=36.9 frames=16 exec_start_idx=0
MV_INFER cond=normal split=test task=ButtonUnmaskSwap ep=8 ep_seq=9 infer_seq=37 t=576 es=0 k=0 motion_frames=- motion_emb_sha= motion_pos_sha= motion_mask= mem_order_sha= motion_cols_sha= donor=None cover=exact:0,fallback:0,cycle:0,cross_seg:0 gate=none num_steps=10 act_sha=00de917839aac0c8 infer_ms=67.0
INFO:mme_vla_suite.serving.websocket_policy_server:TIMING infer_ms=67.0
INFO:mme_vla_suite.serving.websocket_policy_server:TIMING add_buffer_ms=37.0 frames=16 exec_start_idx=0
MV_INFER cond=normal split=test task=ButtonUnmaskSwap ep=8 ep_seq=9 infer_seq=38 t=592 es=0 k=0 motion_frames=- motion_emb_sha= motion_pos_sha= motion_mask= mem_order_sha= motion_cols_sha= donor=None cover=exact:0,fallback:0,cycle:0,cross_seg:0 gate=none num_steps=10 act_sha=b6e5e8c24b9f0f0f infer_ms=68.4
INFO:mme_vla_suite.serving.websocket_policy_server:TIMING infer_ms=68.4
INFO:mme_vla_suite.serving.websocket_policy_server:TIMING add_buffer_ms=37.7 frames=16 exec_start_idx=0
MV_INFER cond=normal split=test task=ButtonUnmaskSwap ep=8 ep_seq=9 infer_seq=39 t=608 es=0 k=0 motion_frames=- motion_emb_sha= motion_pos_sha= motion_mask= mem_order_sha= motion_cols_sha= donor=None cover=exact:0,fallback:0,cycle:0,cross_seg:0 gate=none num_steps=10 act_sha=703979a5dbfc702f infer_ms=67.0
INFO:mme_vla_suite.serving.websocket_policy_server:TIMING infer_ms=67.0
INFO:mme_vla_suite.serving.websocket_policy_server:TIMING add_buffer_ms=36.7 frames=16 exec_start_idx=0
MV_INFER cond=normal split=test task=ButtonUnmaskSwap ep=8 ep_seq=9 infer_seq=40 t=624 es=0 k=0 motion_frames=- motion_emb_sha= motion_pos_sha= motion_mask= mem_order_sha= motion_cols_sha= donor=None cover=exact:0,fallback:0,cycle:0,cross_seg:0 gate=none num_steps=10 act_sha=15523859413c9e69 infer_ms=67.2
INFO:mme_vla_suite.serving.websocket_policy_server:TIMING infer_ms=67.2
INFO:mme_vla_suite.serving.websocket_policy_server:TIMING add_buffer_ms=37.3 frames=16 exec_start_idx=0
MV_INFER cond=normal split=test task=ButtonUnmaskSwap ep=8 ep_seq=9 infer_seq=41 t=640 es=0 k=0 motion_frames=- motion_emb_sha= motion_pos_sha= motion_mask= mem_order_sha= motion_cols_sha= donor=None cover=exact:0,fallback:0,cycle:0,cross_seg:0 gate=none num_steps=10 act_sha=41652bc045ca3898 infer_ms=67.0
INFO:mme_vla_suite.serving.websocket_policy_server:TIMING infer_ms=67.0
INFO:mme_vla_suite.serving.websocket_policy_server:TIMING add_buffer_ms=36.6 frames=16 exec_start_idx=0
MV_INFER cond=normal split=test task=ButtonUnmaskSwap ep=8 ep_seq=9 infer_seq=42 t=656 es=0 k=0 motion_frames=- motion_emb_sha= motion_pos_sha= motion_mask= mem_order_sha= motion_cols_sha= donor=None cover=exact:0,fallback:0,cycle:0,cross_seg:0 gate=none num_steps=10 act_sha=4a591c68b771a390 infer_ms=67.0
INFO:mme_vla_suite.serving.websocket_policy_server:TIMING infer_ms=67.0
INFO:mme_vla_suite.serving.websocket_policy_server:TIMING add_buffer_ms=37.1 frames=16 exec_start_idx=0
MV_INFER cond=normal split=test task=ButtonUnmaskSwap ep=8 ep_seq=9 infer_seq=43 t=672 es=0 k=0 motion_frames=- motion_emb_sha= motion_pos_sha= motion_mask= mem_order_sha= motion_cols_sha= donor=None cover=exact:0,fallback:0,cycle:0,cross_seg:0 gate=none num_steps=10 act_sha=78b676f075af9f9a infer_ms=67.2
INFO:mme_vla_suite.serving.websocket_policy_server:TIMING infer_ms=67.2
INFO:mme_vla_suite.serving.websocket_policy_server:TIMING add_buffer_ms=36.8 frames=16 exec_start_idx=0
MV_INFER cond=normal split=test task=ButtonUnmaskSwap ep=8 ep_seq=9 infer_seq=44 t=688 es=0 k=0 motion_frames=- motion_emb_sha= motion_pos_sha= motion_mask= mem_order_sha= motion_cols_sha= donor=None cover=exact:0,fallback:0,cycle:0,cross_seg:0 gate=none num_steps=10 act_sha=ab6143026e79f1ae infer_ms=66.9
INFO:mme_vla_suite.serving.websocket_policy_server:TIMING infer_ms=66.9
INFO:mme_vla_suite.serving.websocket_policy_server:TIMING add_buffer_ms=37.3 frames=16 exec_start_idx=0
MV_INFER cond=normal split=test task=ButtonUnmaskSwap ep=8 ep_seq=9 infer_seq=45 t=704 es=0 k=0 motion_frames=- motion_emb_sha= motion_pos_sha= motion_mask= mem_order_sha= motion_cols_sha= donor=None cover=exact:0,fallback:0,cycle:0,cross_seg:0 gate=none num_steps=10 act_sha=3813e30fac3279f3 infer_ms=67.0
INFO:mme_vla_suite.serving.websocket_policy_server:TIMING infer_ms=67.0
INFO:mme_vla_suite.serving.websocket_policy_server:TIMING add_buffer_ms=37.2 frames=16 exec_start_idx=0
MV_INFER cond=normal split=test task=ButtonUnmaskSwap ep=8 ep_seq=9 infer_seq=46 t=720 es=0 k=0 motion_frames=- motion_emb_sha= motion_pos_sha= motion_mask= mem_order_sha= motion_cols_sha= donor=None cover=exact:0,fallback:0,cycle:0,cross_seg:0 gate=none num_steps=10 act_sha=91d7d64500f43479 infer_ms=67.6
INFO:mme_vla_suite.serving.websocket_policy_server:TIMING infer_ms=67.6
INFO:mme_vla_suite.serving.websocket_policy_server:TIMING add_buffer_ms=37.0 frames=16 exec_start_idx=0
MV_INFER cond=normal split=test task=ButtonUnmaskSwap ep=8 ep_seq=9 infer_seq=47 t=736 es=0 k=0 motion_frames=- motion_emb_sha= motion_pos_sha= motion_mask= mem_order_sha= motion_cols_sha= donor=None cover=exact:0,fallback:0,cycle:0,cross_seg:0 gate=none num_steps=10 act_sha=ce4239a9aabc3246 infer_ms=67.0
INFO:mme_vla_suite.serving.websocket_policy_server:TIMING infer_ms=67.0
INFO:mme_vla_suite.serving.websocket_policy_server:TIMING add_buffer_ms=40.0 frames=16 exec_start_idx=0
MV_INFER cond=normal split=test task=ButtonUnmaskSwap ep=8 ep_seq=9 infer_seq=48 t=752 es=0 k=0 motion_frames=- motion_emb_sha= motion_pos_sha= motion_mask= mem_order_sha= motion_cols_sha= donor=None cover=exact:0,fallback:0,cycle:0,cross_seg:0 gate=none num_steps=10 act_sha=4b66e679ea9b545c infer_ms=67.2
INFO:mme_vla_suite.serving.websocket_policy_server:TIMING infer_ms=67.2
INFO:mme_vla_suite.serving.websocket_policy_server:TIMING add_buffer_ms=36.6 frames=16 exec_start_idx=0
MV_INFER cond=normal split=test task=ButtonUnmaskSwap ep=8 ep_seq=9 infer_seq=49 t=768 es=0 k=0 motion_frames=- motion_emb_sha= motion_pos_sha= motion_mask= mem_order_sha= motion_cols_sha= donor=None cover=exact:0,fallback:0,cycle:0,cross_seg:0 gate=none num_steps=10 act_sha=bd609e3da6da69f4 infer_ms=67.1
INFO:mme_vla_suite.serving.websocket_policy_server:TIMING infer_ms=67.1
INFO:mme_vla_suite.serving.websocket_policy_server:TIMING add_buffer_ms=36.7 frames=16 exec_start_idx=0
MV_INFER cond=normal split=test task=ButtonUnmaskSwap ep=8 ep_seq=9 infer_seq=50 t=784 es=0 k=0 motion_frames=- motion_emb_sha= motion_pos_sha= motion_mask= mem_order_sha= motion_cols_sha= donor=None cover=exact:0,fallback:0,cycle:0,cross_seg:0 gate=none num_steps=10 act_sha=e854aee9246a7113 infer_ms=67.4
INFO:mme_vla_suite.serving.websocket_policy_server:TIMING infer_ms=67.4
INFO:mme_vla_suite.serving.websocket_policy_server:TIMING add_buffer_ms=37.1 frames=16 exec_start_idx=0
MV_INFER cond=normal split=test task=ButtonUnmaskSwap ep=8 ep_seq=9 infer_seq=51 t=800 es=0 k=0 motion_frames=- motion_emb_sha= motion_pos_sha= motion_mask= mem_order_sha= motion_cols_sha= donor=None cover=exact:0,fallback:0,cycle:0,cross_seg:0 gate=none num_steps=10 act_sha=eef53063c3ac250b infer_ms=67.0
INFO:mme_vla_suite.serving.websocket_policy_server:TIMING infer_ms=67.0
INFO:mme_vla_suite.serving.websocket_policy_server:TIMING add_buffer_ms=36.9 frames=16 exec_start_idx=0
MV_INFER cond=normal split=test task=ButtonUnmaskSwap ep=8 ep_seq=9 infer_seq=52 t=816 es=0 k=0 motion_frames=- motion_emb_sha= motion_pos_sha= motion_mask= mem_order_sha= motion_cols_sha= donor=None cover=exact:0,fallback:0,cycle:0,cross_seg:0 gate=none num_steps=10 act_sha=e05b57a3336bd893 infer_ms=67.1
INFO:mme_vla_suite.serving.websocket_policy_server:TIMING infer_ms=67.1
INFO:mme_vla_suite.serving.websocket_policy_server:TIMING add_buffer_ms=37.6 frames=16 exec_start_idx=0
MV_INFER cond=normal split=test task=ButtonUnmaskSwap ep=8 ep_seq=9 infer_seq=53 t=832 es=0 k=0 motion_frames=- motion_emb_sha= motion_pos_sha= motion_mask= mem_order_sha= motion_cols_sha= donor=None cover=exact:0,fallback:0,cycle:0,cross_seg:0 gate=none num_steps=10 act_sha=c3d3c18fa0c87455 infer_ms=67.3
INFO:mme_vla_suite.serving.websocket_policy_server:TIMING infer_ms=67.3
INFO:mme_vla_suite.serving.websocket_policy_server:TIMING add_buffer_ms=36.5 frames=16 exec_start_idx=0
MV_INFER cond=normal split=test task=ButtonUnmaskSwap ep=8 ep_seq=9 infer_seq=54 t=848 es=0 k=0 motion_frames=- motion_emb_sha= motion_pos_sha= motion_mask= mem_order_sha= motion_cols_sha= donor=None cover=exact:0,fallback:0,cycle:0,cross_seg:0 gate=none num_steps=10 act_sha=5900e2bc11677334 infer_ms=67.0
INFO:mme_vla_suite.serving.websocket_policy_server:TIMING infer_ms=67.0
INFO:mme_vla_suite.serving.websocket_policy_server:TIMING add_buffer_ms=36.5 frames=16 exec_start_idx=0
MV_INFER cond=normal split=test task=ButtonUnmaskSwap ep=8 ep_seq=9 infer_seq=55 t=864 es=0 k=0 motion_frames=- motion_emb_sha= motion_pos_sha= motion_mask= mem_order_sha= motion_cols_sha= donor=None cover=exact:0,fallback:0,cycle:0,cross_seg:0 gate=none num_steps=10 act_sha=dad6046c670292eb infer_ms=67.0
INFO:mme_vla_suite.serving.websocket_policy_server:TIMING infer_ms=67.0
INFO:mme_vla_suite.serving.websocket_policy_server:TIMING add_buffer_ms=36.6 frames=16 exec_start_idx=0
MV_INFER cond=normal split=test task=ButtonUnmaskSwap ep=8 ep_seq=9 infer_seq=56 t=880 es=0 k=0 motion_frames=- motion_emb_sha= motion_pos_sha= motion_mask= mem_order_sha= motion_cols_sha= donor=None cover=exact:0,fallback:0,cycle:0,cross_seg:0 gate=none num_steps=10 act_sha=6e3b3182c816fa23 infer_ms=66.9
INFO:mme_vla_suite.serving.websocket_policy_server:TIMING infer_ms=66.9
INFO:mme_vla_suite.serving.websocket_policy_server:TIMING add_buffer_ms=38.3 frames=16 exec_start_idx=0
MV_INFER cond=normal split=test task=ButtonUnmaskSwap ep=8 ep_seq=9 infer_seq=57 t=896 es=0 k=0 motion_frames=- motion_emb_sha= motion_pos_sha= motion_mask= mem_order_sha= motion_cols_sha= donor=None cover=exact:0,fallback:0,cycle:0,cross_seg:0 gate=none num_steps=10 act_sha=d87e8b5d24ed6744 infer_ms=67.2
INFO:mme_vla_suite.serving.websocket_policy_server:TIMING infer_ms=67.2
INFO:mme_vla_suite.serving.websocket_policy_server:TIMING add_buffer_ms=37.2 frames=16 exec_start_idx=0
MV_INFER cond=normal split=test task=ButtonUnmaskSwap ep=8 ep_seq=9 infer_seq=58 t=912 es=0 k=0 motion_frames=- motion_emb_sha= motion_pos_sha= motion_mask= mem_order_sha= motion_cols_sha= donor=None cover=exact:0,fallback:0,cycle:0,cross_seg:0 gate=none num_steps=10 act_sha=747bfa0f15717c4e infer_ms=67.2
INFO:mme_vla_suite.serving.websocket_policy_server:TIMING infer_ms=67.2
INFO:mme_vla_suite.serving.websocket_policy_server:TIMING add_buffer_ms=36.6 frames=16 exec_start_idx=0
MV_INFER cond=normal split=test task=ButtonUnmaskSwap ep=8 ep_seq=9 infer_seq=59 t=928 es=0 k=0 motion_frames=- motion_emb_sha= motion_pos_sha= motion_mask= mem_order_sha= motion_cols_sha= donor=None cover=exact:0,fallback:0,cycle:0,cross_seg:0 gate=none num_steps=10 act_sha=ab7f9893dec1e74f infer_ms=66.9
INFO:mme_vla_suite.serving.websocket_policy_server:TIMING infer_ms=66.9
INFO:mme_vla_suite.serving.websocket_policy_server:TIMING add_buffer_ms=37.3 frames=16 exec_start_idx=0
MV_INFER cond=normal split=test task=ButtonUnmaskSwap ep=8 ep_seq=9 infer_seq=60 t=944 es=0 k=0 motion_frames=- motion_emb_sha= motion_pos_sha= motion_mask= mem_order_sha= motion_cols_sha= donor=None cover=exact:0,fallback:0,cycle:0,cross_seg:0 gate=none num_steps=10 act_sha=360921b91a056bf9 infer_ms=67.3
INFO:mme_vla_suite.serving.websocket_policy_server:TIMING infer_ms=67.3
INFO:mme_vla_suite.serving.websocket_policy_server:TIMING add_buffer_ms=36.6 frames=16 exec_start_idx=0
MV_INFER cond=normal split=test task=ButtonUnmaskSwap ep=8 ep_seq=9 infer_seq=61 t=960 es=0 k=0 motion_frames=- motion_emb_sha= motion_pos_sha= motion_mask= mem_order_sha= motion_cols_sha= donor=None cover=exact:0,fallback:0,cycle:0,cross_seg:0 gate=none num_steps=10 act_sha=09422c2e82de5eae infer_ms=66.8
INFO:mme_vla_suite.serving.websocket_policy_server:TIMING infer_ms=66.8
INFO:mme_vla_suite.serving.websocket_policy_server:TIMING add_buffer_ms=36.7 frames=16 exec_start_idx=0
MV_INFER cond=normal split=test task=ButtonUnmaskSwap ep=8 ep_seq=9 infer_seq=62 t=976 es=0 k=0 motion_frames=- motion_emb_sha= motion_pos_sha= motion_mask= mem_order_sha= motion_cols_sha= donor=None cover=exact:0,fallback:0,cycle:0,cross_seg:0 gate=none num_steps=10 act_sha=d39b0a89db9f0f0d infer_ms=67.1
INFO:mme_vla_suite.serving.websocket_policy_server:TIMING infer_ms=67.1
INFO:mme_vla_suite.serving.websocket_policy_server:TIMING add_buffer_ms=37.4 frames=16 exec_start_idx=0
MV_INFER cond=normal split=test task=ButtonUnmaskSwap ep=8 ep_seq=9 infer_seq=63 t=992 es=0 k=0 motion_frames=- motion_emb_sha= motion_pos_sha= motion_mask= mem_order_sha= motion_cols_sha= donor=None cover=exact:0,fallback:0,cycle:0,cross_seg:0 gate=none num_steps=10 act_sha=77b19b261b322e08 infer_ms=67.3
INFO:mme_vla_suite.serving.websocket_policy_server:TIMING infer_ms=67.3
INFO:mme_vla_suite.serving.websocket_policy_server:TIMING add_buffer_ms=37.0 frames=16 exec_start_idx=0
MV_INFER cond=normal split=test task=ButtonUnmaskSwap ep=8 ep_seq=9 infer_seq=64 t=1008 es=0 k=0 motion_frames=- motion_emb_sha= motion_pos_sha= motion_mask= mem_order_sha= motion_cols_sha= donor=None cover=exact:0,fallback:0,cycle:0,cross_seg:0 gate=none num_steps=10 act_sha=a64c53aae71a7fdf infer_ms=67.1
INFO:mme_vla_suite.serving.websocket_policy_server:TIMING infer_ms=67.1
INFO:mme_vla_suite.serving.websocket_policy_server:TIMING add_buffer_ms=37.9 frames=16 exec_start_idx=0
MV_INFER cond=normal split=test task=ButtonUnmaskSwap ep=8 ep_seq=9 infer_seq=65 t=1024 es=0 k=0 motion_frames=- motion_emb_sha= motion_pos_sha= motion_mask= mem_order_sha= motion_cols_sha= donor=None cover=exact:0,fallback:0,cycle:0,cross_seg:0 gate=none num_steps=10 act_sha=557cc0a6573ca768 infer_ms=67.2
INFO:mme_vla_suite.serving.websocket_policy_server:TIMING infer_ms=67.2
INFO:mme_vla_suite.serving.websocket_policy_server:TIMING add_buffer_ms=37.5 frames=16 exec_start_idx=0
MV_INFER cond=normal split=test task=ButtonUnmaskSwap ep=8 ep_seq=9 infer_seq=66 t=1040 es=0 k=0 motion_frames=- motion_emb_sha= motion_pos_sha= motion_mask= mem_order_sha= motion_cols_sha= donor=None cover=exact:0,fallback:0,cycle:0,cross_seg:0 gate=none num_steps=10 act_sha=69988377383377ff infer_ms=67.2
INFO:mme_vla_suite.serving.websocket_policy_server:TIMING infer_ms=67.2
INFO:mme_vla_suite.serving.websocket_policy_server:TIMING add_buffer_ms=37.1 frames=16 exec_start_idx=0
MV_INFER cond=normal split=test task=ButtonUnmaskSwap ep=8 ep_seq=9 infer_seq=67 t=1056 es=0 k=0 motion_frames=- motion_emb_sha= motion_pos_sha= motion_mask= mem_order_sha= motion_cols_sha= donor=None cover=exact:0,fallback:0,cycle:0,cross_seg:0 gate=none num_steps=10 act_sha=8541cd6d28fd9dc5 infer_ms=66.8
INFO:mme_vla_suite.serving.websocket_policy_server:TIMING infer_ms=66.8
INFO:mme_vla_suite.serving.websocket_policy_server:TIMING add_buffer_ms=37.6 frames=16 exec_start_idx=0
MV_INFER cond=normal split=test task=ButtonUnmaskSwap ep=8 ep_seq=9 infer_seq=68 t=1072 es=0 k=0 motion_frames=- motion_emb_sha= motion_pos_sha= motion_mask= mem_order_sha= motion_cols_sha= donor=None cover=exact:0,fallback:0,cycle:0,cross_seg:0 gate=none num_steps=10 act_sha=bc2352825a8c7fe4 infer_ms=66.8
INFO:mme_vla_suite.serving.websocket_policy_server:TIMING infer_ms=66.8
INFO:mme_vla_suite.serving.websocket_policy_server:TIMING add_buffer_ms=37.1 frames=16 exec_start_idx=0
MV_INFER cond=normal split=test task=ButtonUnmaskSwap ep=8 ep_seq=9 infer_seq=69 t=1088 es=0 k=0 motion_frames=- motion_emb_sha= motion_pos_sha= motion_mask= mem_order_sha= motion_cols_sha= donor=None cover=exact:0,fallback:0,cycle:0,cross_seg:0 gate=none num_steps=10 act_sha=70c974d828d7d8f7 infer_ms=67.0
INFO:mme_vla_suite.serving.websocket_policy_server:TIMING infer_ms=67.0
INFO:mme_vla_suite.serving.websocket_policy_server:TIMING add_buffer_ms=37.0 frames=16 exec_start_idx=0
MV_INFER cond=normal split=test task=ButtonUnmaskSwap ep=8 ep_seq=9 infer_seq=70 t=1104 es=0 k=0 motion_frames=- motion_emb_sha= motion_pos_sha= motion_mask= mem_order_sha= motion_cols_sha= donor=None cover=exact:0,fallback:0,cycle:0,cross_seg:0 gate=none num_steps=10 act_sha=a2924e82f603c9cd infer_ms=67.0
INFO:mme_vla_suite.serving.websocket_policy_server:TIMING infer_ms=67.0
INFO:mme_vla_suite.serving.websocket_policy_server:TIMING add_buffer_ms=38.3 frames=16 exec_start_idx=0
MV_INFER cond=normal split=test task=ButtonUnmaskSwap ep=8 ep_seq=9 infer_seq=71 t=1120 es=0 k=0 motion_frames=- motion_emb_sha= motion_pos_sha= motion_mask= mem_order_sha= motion_cols_sha= donor=None cover=exact:0,fallback:0,cycle:0,cross_seg:0 gate=none num_steps=10 act_sha=e98fd8dde3299f33 infer_ms=67.1
INFO:mme_vla_suite.serving.websocket_policy_server:TIMING infer_ms=67.1
INFO:mme_vla_suite.serving.websocket_policy_server:TIMING add_buffer_ms=36.7 frames=16 exec_start_idx=0
MV_INFER cond=normal split=test task=ButtonUnmaskSwap ep=8 ep_seq=9 infer_seq=72 t=1136 es=0 k=0 motion_frames=- motion_emb_sha= motion_pos_sha= motion_mask= mem_order_sha= motion_cols_sha= donor=None cover=exact:0,fallback:0,cycle:0,cross_seg:0 gate=none num_steps=10 act_sha=4e2a422680cf7e75 infer_ms=66.8
INFO:mme_vla_suite.serving.websocket_policy_server:TIMING infer_ms=66.8
INFO:mme_vla_suite.serving.websocket_policy_server:TIMING add_buffer_ms=36.5 frames=16 exec_start_idx=0
MV_INFER cond=normal split=test task=ButtonUnmaskSwap ep=8 ep_seq=9 infer_seq=73 t=1152 es=0 k=0 motion_frames=- motion_emb_sha= motion_pos_sha= motion_mask= mem_order_sha= motion_cols_sha= donor=None cover=exact:0,fallback:0,cycle:0,cross_seg:0 gate=none num_steps=10 act_sha=7585019a3bde563d infer_ms=67.0
INFO:mme_vla_suite.serving.websocket_policy_server:TIMING infer_ms=67.0
INFO:mme_vla_suite.serving.websocket_policy_server:TIMING add_buffer_ms=36.7 frames=16 exec_start_idx=0
MV_INFER cond=normal split=test task=ButtonUnmaskSwap ep=8 ep_seq=9 infer_seq=74 t=1168 es=0 k=0 motion_frames=- motion_emb_sha= motion_pos_sha= motion_mask= mem_order_sha= motion_cols_sha= donor=None cover=exact:0,fallback:0,cycle:0,cross_seg:0 gate=none num_steps=10 act_sha=412f066bbc054ce6 infer_ms=66.9
INFO:mme_vla_suite.serving.websocket_policy_server:TIMING infer_ms=66.9
INFO:mme_vla_suite.serving.websocket_policy_server:TIMING add_buffer_ms=38.3 frames=16 exec_start_idx=0
MV_INFER cond=normal split=test task=ButtonUnmaskSwap ep=8 ep_seq=9 infer_seq=75 t=1184 es=0 k=0 motion_frames=- motion_emb_sha= motion_pos_sha= motion_mask= mem_order_sha= motion_cols_sha= donor=None cover=exact:0,fallback:0,cycle:0,cross_seg:0 gate=none num_steps=10 act_sha=fe422f45ae58db83 infer_ms=67.3
INFO:mme_vla_suite.serving.websocket_policy_server:TIMING infer_ms=67.3
INFO:mme_vla_suite.serving.websocket_policy_server:TIMING add_buffer_ms=36.8 frames=16 exec_start_idx=0
MV_INFER cond=normal split=test task=ButtonUnmaskSwap ep=8 ep_seq=9 infer_seq=76 t=1200 es=0 k=0 motion_frames=- motion_emb_sha= motion_pos_sha= motion_mask= mem_order_sha= motion_cols_sha= donor=None cover=exact:0,fallback:0,cycle:0,cross_seg:0 gate=none num_steps=10 act_sha=b4000b0775060f37 infer_ms=66.9
INFO:mme_vla_suite.serving.websocket_policy_server:TIMING infer_ms=66.9
INFO:mme_vla_suite.serving.websocket_policy_server:TIMING add_buffer_ms=37.3 frames=16 exec_start_idx=0
MV_INFER cond=normal split=test task=ButtonUnmaskSwap ep=8 ep_seq=9 infer_seq=77 t=1216 es=0 k=0 motion_frames=- motion_emb_sha= motion_pos_sha= motion_mask= mem_order_sha= motion_cols_sha= donor=None cover=exact:0,fallback:0,cycle:0,cross_seg:0 gate=none num_steps=10 act_sha=94fba636ac42c72c infer_ms=67.5
INFO:mme_vla_suite.serving.websocket_policy_server:TIMING infer_ms=67.5
INFO:mme_vla_suite.serving.websocket_policy_server:TIMING add_buffer_ms=36.7 frames=16 exec_start_idx=0
MV_INFER cond=normal split=test task=ButtonUnmaskSwap ep=8 ep_seq=9 infer_seq=78 t=1232 es=0 k=0 motion_frames=- motion_emb_sha= motion_pos_sha= motion_mask= mem_order_sha= motion_cols_sha= donor=None cover=exact:0,fallback:0,cycle:0,cross_seg:0 gate=none num_steps=10 act_sha=26425f8b70fc7507 infer_ms=67.2
INFO:mme_vla_suite.serving.websocket_policy_server:TIMING infer_ms=67.2
INFO:mme_vla_suite.serving.websocket_policy_server:TIMING add_buffer_ms=36.8 frames=16 exec_start_idx=0
MV_INFER cond=normal split=test task=ButtonUnmaskSwap ep=8 ep_seq=9 infer_seq=79 t=1248 es=0 k=0 motion_frames=- motion_emb_sha= motion_pos_sha= motion_mask= mem_order_sha= motion_cols_sha= donor=None cover=exact:0,fallback:0,cycle:0,cross_seg:0 gate=none num_steps=10 act_sha=d880dc30e277fd79 infer_ms=67.2
INFO:mme_vla_suite.serving.websocket_policy_server:TIMING infer_ms=67.2
INFO:mme_vla_suite.serving.websocket_policy_server:TIMING add_buffer_ms=36.8 frames=16 exec_start_idx=0
MV_INFER cond=normal split=test task=ButtonUnmaskSwap ep=8 ep_seq=9 infer_seq=80 t=1264 es=0 k=0 motion_frames=- motion_emb_sha= motion_pos_sha= motion_mask= mem_order_sha= motion_cols_sha= donor=None cover=exact:0,fallback:0,cycle:0,cross_seg:0 gate=none num_steps=10 act_sha=00f385c24d8a23e5 infer_ms=67.0
INFO:mme_vla_suite.serving.websocket_policy_server:TIMING infer_ms=67.0
INFO:mme_vla_suite.serving.websocket_policy_server:TIMING add_buffer_ms=37.5 frames=16 exec_start_idx=0
MV_INFER cond=normal split=test task=ButtonUnmaskSwap ep=8 ep_seq=9 infer_seq=81 t=1280 es=0 k=0 motion_frames=- motion_emb_sha= motion_pos_sha= motion_mask= mem_order_sha= motion_cols_sha= donor=None cover=exact:0,fallback:0,cycle:0,cross_seg:0 gate=none num_steps=10 act_sha=f38c166c6e75138e infer_ms=66.9
INFO:mme_vla_suite.serving.websocket_policy_server:TIMING infer_ms=66.9
INFO:mme_vla_suite.serving.websocket_policy_server:TIMING add_buffer_ms=37.8 frames=16 exec_start_idx=0
MV_INFER cond=normal split=test task=ButtonUnmaskSwap ep=8 ep_seq=9 infer_seq=82 t=1296 es=0 k=0 motion_frames=- motion_emb_sha= motion_pos_sha= motion_mask= mem_order_sha= motion_cols_sha= donor=None cover=exact:0,fallback:0,cycle:0,cross_seg:0 gate=none num_steps=10 act_sha=1fade9289a867ead infer_ms=67.1
INFO:mme_vla_suite.serving.websocket_policy_server:TIMING infer_ms=67.1
INFO:websockets.server:connection open
INFO:mme_vla_suite.serving.websocket_policy_server:Connection from ('127.0.0.1', 55978) opened
MV_EPISODE_END ep_seq=9 infers=82 windows=0 wall_s=33.5
MV_EPISODE_BEGIN cond=normal split=test seed=42 ep_seq=10 expect=VideoUnmaskSwap:0
INFO:mme_vla_suite.serving.websocket_policy_server:TIMING add_buffer_ms=1075.8 frames=115 exec_start_idx=114
MV_INFER cond=normal split=test task=VideoUnmaskSwap ep=0 ep_seq=10 infer_seq=1 t=114 es=114 k=0 motion_frames=- motion_emb_sha= motion_pos_sha= motion_mask= mem_order_sha= motion_cols_sha= donor=None cover=exact:0,fallback:0,cycle:0,cross_seg:0 gate=none num_steps=10 act_sha=3ceee71def3bf7a6 infer_ms=67.7
INFO:mme_vla_suite.serving.websocket_policy_server:TIMING infer_ms=67.7
INFO:mme_vla_suite.serving.websocket_policy_server:TIMING add_buffer_ms=36.7 frames=16 exec_start_idx=0
MV_INFER cond=normal split=test task=VideoUnmaskSwap ep=0 ep_seq=10 infer_seq=2 t=130 es=114 k=0 motion_frames=- motion_emb_sha= motion_pos_sha= motion_mask= mem_order_sha= motion_cols_sha= donor=None cover=exact:0,fallback:0,cycle:0,cross_seg:0 gate=none num_steps=10 act_sha=fcf2a9bed418d3ce infer_ms=66.9
INFO:mme_vla_suite.serving.websocket_policy_server:TIMING infer_ms=66.9
INFO:mme_vla_suite.serving.websocket_policy_server:TIMING add_buffer_ms=36.0 frames=16 exec_start_idx=0
MV_INFER cond=normal split=test task=VideoUnmaskSwap ep=0 ep_seq=10 infer_seq=3 t=146 es=114 k=0 motion_frames=- motion_emb_sha= motion_pos_sha= motion_mask= mem_order_sha= motion_cols_sha= donor=None cover=exact:0,fallback:0,cycle:0,cross_seg:0 gate=none num_steps=10 act_sha=bf95a032c2a56444 infer_ms=66.9
INFO:mme_vla_suite.serving.websocket_policy_server:TIMING infer_ms=66.9
INFO:mme_vla_suite.serving.websocket_policy_server:TIMING add_buffer_ms=36.2 frames=16 exec_start_idx=0
MV_INFER cond=normal split=test task=VideoUnmaskSwap ep=0 ep_seq=10 infer_seq=4 t=162 es=114 k=0 motion_frames=- motion_emb_sha= motion_pos_sha= motion_mask= mem_order_sha= motion_cols_sha= donor=None cover=exact:0,fallback:0,cycle:0,cross_seg:0 gate=none num_steps=10 act_sha=45772ae751e41cf1 infer_ms=67.4
INFO:mme_vla_suite.serving.websocket_policy_server:TIMING infer_ms=67.4
INFO:mme_vla_suite.serving.websocket_policy_server:TIMING add_buffer_ms=36.5 frames=16 exec_start_idx=0
MV_INFER cond=normal split=test task=VideoUnmaskSwap ep=0 ep_seq=10 infer_seq=5 t=178 es=114 k=0 motion_frames=- motion_emb_sha= motion_pos_sha= motion_mask= mem_order_sha= motion_cols_sha= donor=None cover=exact:0,fallback:0,cycle:0,cross_seg:0 gate=none num_steps=10 act_sha=da552d8275ad6276 infer_ms=67.1
INFO:mme_vla_suite.serving.websocket_policy_server:TIMING infer_ms=67.1
INFO:mme_vla_suite.serving.websocket_policy_server:TIMING add_buffer_ms=36.1 frames=16 exec_start_idx=0
MV_INFER cond=normal split=test task=VideoUnmaskSwap ep=0 ep_seq=10 infer_seq=6 t=194 es=114 k=0 motion_frames=- motion_emb_sha= motion_pos_sha= motion_mask= mem_order_sha= motion_cols_sha= donor=None cover=exact:0,fallback:0,cycle:0,cross_seg:0 gate=none num_steps=10 act_sha=854d7571e41e467c infer_ms=67.0
INFO:mme_vla_suite.serving.websocket_policy_server:TIMING infer_ms=67.0
INFO:mme_vla_suite.serving.websocket_policy_server:TIMING add_buffer_ms=36.6 frames=16 exec_start_idx=0
MV_INFER cond=normal split=test task=VideoUnmaskSwap ep=0 ep_seq=10 infer_seq=7 t=210 es=114 k=0 motion_frames=- motion_emb_sha= motion_pos_sha= motion_mask= mem_order_sha= motion_cols_sha= donor=None cover=exact:0,fallback:0,cycle:0,cross_seg:0 gate=none num_steps=10 act_sha=12e57531c8f1d4a0 infer_ms=67.1
INFO:mme_vla_suite.serving.websocket_policy_server:TIMING infer_ms=67.1
INFO:mme_vla_suite.serving.websocket_policy_server:TIMING add_buffer_ms=36.4 frames=16 exec_start_idx=0
MV_INFER cond=normal split=test task=VideoUnmaskSwap ep=0 ep_seq=10 infer_seq=8 t=226 es=114 k=0 motion_frames=- motion_emb_sha= motion_pos_sha= motion_mask= mem_order_sha= motion_cols_sha= donor=None cover=exact:0,fallback:0,cycle:0,cross_seg:0 gate=none num_steps=10 act_sha=2ce470d547e595de infer_ms=67.2
INFO:mme_vla_suite.serving.websocket_policy_server:TIMING infer_ms=67.2
INFO:mme_vla_suite.serving.websocket_policy_server:TIMING add_buffer_ms=36.5 frames=16 exec_start_idx=0
MV_INFER cond=normal split=test task=VideoUnmaskSwap ep=0 ep_seq=10 infer_seq=9 t=242 es=114 k=0 motion_frames=- motion_emb_sha= motion_pos_sha= motion_mask= mem_order_sha= motion_cols_sha= donor=None cover=exact:0,fallback:0,cycle:0,cross_seg:0 gate=none num_steps=10 act_sha=5585d8811a31d030 infer_ms=67.1
INFO:mme_vla_suite.serving.websocket_policy_server:TIMING infer_ms=67.1
INFO:mme_vla_suite.serving.websocket_policy_server:TIMING add_buffer_ms=36.2 frames=16 exec_start_idx=0
MV_INFER cond=normal split=test task=VideoUnmaskSwap ep=0 ep_seq=10 infer_seq=10 t=258 es=114 k=0 motion_frames=- motion_emb_sha= motion_pos_sha= motion_mask= mem_order_sha= motion_cols_sha= donor=None cover=exact:0,fallback:0,cycle:0,cross_seg:0 gate=none num_steps=10 act_sha=3ec7e3c67dca8a5f infer_ms=67.3
INFO:mme_vla_suite.serving.websocket_policy_server:TIMING infer_ms=67.3
INFO:mme_vla_suite.serving.websocket_policy_server:TIMING add_buffer_ms=37.4 frames=16 exec_start_idx=0
MV_INFER cond=normal split=test task=VideoUnmaskSwap ep=0 ep_seq=10 infer_seq=11 t=274 es=114 k=0 motion_frames=- motion_emb_sha= motion_pos_sha= motion_mask= mem_order_sha= motion_cols_sha= donor=None cover=exact:0,fallback:0,cycle:0,cross_seg:0 gate=none num_steps=10 act_sha=3298d71096bd2231 infer_ms=66.9
INFO:mme_vla_suite.serving.websocket_policy_server:TIMING infer_ms=66.9
INFO:mme_vla_suite.serving.websocket_policy_server:TIMING add_buffer_ms=37.8 frames=16 exec_start_idx=0
MV_INFER cond=normal split=test task=VideoUnmaskSwap ep=0 ep_seq=10 infer_seq=12 t=290 es=114 k=0 motion_frames=- motion_emb_sha= motion_pos_sha= motion_mask= mem_order_sha= motion_cols_sha= donor=None cover=exact:0,fallback:0,cycle:0,cross_seg:0 gate=none num_steps=10 act_sha=d1bbc4c45db77914 infer_ms=67.2
INFO:mme_vla_suite.serving.websocket_policy_server:TIMING infer_ms=67.2
INFO:mme_vla_suite.serving.websocket_policy_server:TIMING add_buffer_ms=37.0 frames=16 exec_start_idx=0
MV_INFER cond=normal split=test task=VideoUnmaskSwap ep=0 ep_seq=10 infer_seq=13 t=306 es=114 k=0 motion_frames=- motion_emb_sha= motion_pos_sha= motion_mask= mem_order_sha= motion_cols_sha= donor=None cover=exact:0,fallback:0,cycle:0,cross_seg:0 gate=none num_steps=10 act_sha=96d95a0973986201 infer_ms=67.0
INFO:mme_vla_suite.serving.websocket_policy_server:TIMING infer_ms=67.0
INFO:mme_vla_suite.serving.websocket_policy_server:TIMING add_buffer_ms=37.5 frames=16 exec_start_idx=0
MV_INFER cond=normal split=test task=VideoUnmaskSwap ep=0 ep_seq=10 infer_seq=14 t=322 es=114 k=0 motion_frames=- motion_emb_sha= motion_pos_sha= motion_mask= mem_order_sha= motion_cols_sha= donor=None cover=exact:0,fallback:0,cycle:0,cross_seg:0 gate=none num_steps=10 act_sha=51308a5c28d26910 infer_ms=67.0
INFO:mme_vla_suite.serving.websocket_policy_server:TIMING infer_ms=67.0
INFO:mme_vla_suite.serving.websocket_policy_server:TIMING add_buffer_ms=37.9 frames=16 exec_start_idx=0
MV_INFER cond=normal split=test task=VideoUnmaskSwap ep=0 ep_seq=10 infer_seq=15 t=338 es=114 k=0 motion_frames=- motion_emb_sha= motion_pos_sha= motion_mask= mem_order_sha= motion_cols_sha= donor=None cover=exact:0,fallback:0,cycle:0,cross_seg:0 gate=none num_steps=10 act_sha=a6c7e5cd01d338f0 infer_ms=67.1
INFO:mme_vla_suite.serving.websocket_policy_server:TIMING infer_ms=67.1
INFO:mme_vla_suite.serving.websocket_policy_server:TIMING add_buffer_ms=37.6 frames=16 exec_start_idx=0
MV_INFER cond=normal split=test task=VideoUnmaskSwap ep=0 ep_seq=10 infer_seq=16 t=354 es=114 k=0 motion_frames=- motion_emb_sha= motion_pos_sha= motion_mask= mem_order_sha= motion_cols_sha= donor=None cover=exact:0,fallback:0,cycle:0,cross_seg:0 gate=none num_steps=10 act_sha=6b8029200deeab75 infer_ms=67.0
INFO:mme_vla_suite.serving.websocket_policy_server:TIMING infer_ms=67.0
INFO:mme_vla_suite.serving.websocket_policy_server:TIMING add_buffer_ms=36.7 frames=16 exec_start_idx=0
MV_INFER cond=normal split=test task=VideoUnmaskSwap ep=0 ep_seq=10 infer_seq=17 t=370 es=114 k=0 motion_frames=- motion_emb_sha= motion_pos_sha= motion_mask= mem_order_sha= motion_cols_sha= donor=None cover=exact:0,fallback:0,cycle:0,cross_seg:0 gate=none num_steps=10 act_sha=603c554ae08063a3 infer_ms=66.9
INFO:mme_vla_suite.serving.websocket_policy_server:TIMING infer_ms=66.9
INFO:mme_vla_suite.serving.websocket_policy_server:TIMING add_buffer_ms=37.7 frames=16 exec_start_idx=0
MV_INFER cond=normal split=test task=VideoUnmaskSwap ep=0 ep_seq=10 infer_seq=18 t=386 es=114 k=0 motion_frames=- motion_emb_sha= motion_pos_sha= motion_mask= mem_order_sha= motion_cols_sha= donor=None cover=exact:0,fallback:0,cycle:0,cross_seg:0 gate=none num_steps=10 act_sha=5af23b9e689521c5 infer_ms=67.4
INFO:mme_vla_suite.serving.websocket_policy_server:TIMING infer_ms=67.4
INFO:mme_vla_suite.serving.websocket_policy_server:TIMING add_buffer_ms=37.5 frames=16 exec_start_idx=0
MV_INFER cond=normal split=test task=VideoUnmaskSwap ep=0 ep_seq=10 infer_seq=19 t=402 es=114 k=0 motion_frames=- motion_emb_sha= motion_pos_sha= motion_mask= mem_order_sha= motion_cols_sha= donor=None cover=exact:0,fallback:0,cycle:0,cross_seg:0 gate=none num_steps=10 act_sha=34caf35cb61d44c4 infer_ms=67.0
INFO:mme_vla_suite.serving.websocket_policy_server:TIMING infer_ms=67.0
INFO:mme_vla_suite.serving.websocket_policy_server:TIMING add_buffer_ms=39.8 frames=16 exec_start_idx=0
MV_INFER cond=normal split=test task=VideoUnmaskSwap ep=0 ep_seq=10 infer_seq=20 t=418 es=114 k=0 motion_frames=- motion_emb_sha= motion_pos_sha= motion_mask= mem_order_sha= motion_cols_sha= donor=None cover=exact:0,fallback:0,cycle:0,cross_seg:0 gate=none num_steps=10 act_sha=a88c0974b78a6b39 infer_ms=67.2
INFO:mme_vla_suite.serving.websocket_policy_server:TIMING infer_ms=67.2
INFO:mme_vla_suite.serving.websocket_policy_server:TIMING add_buffer_ms=37.9 frames=16 exec_start_idx=0
MV_INFER cond=normal split=test task=VideoUnmaskSwap ep=0 ep_seq=10 infer_seq=21 t=434 es=114 k=0 motion_frames=- motion_emb_sha= motion_pos_sha= motion_mask= mem_order_sha= motion_cols_sha= donor=None cover=exact:0,fallback:0,cycle:0,cross_seg:0 gate=none num_steps=10 act_sha=64088e6982aee978 infer_ms=67.0
INFO:mme_vla_suite.serving.websocket_policy_server:TIMING infer_ms=67.0
INFO:mme_vla_suite.serving.websocket_policy_server:TIMING add_buffer_ms=37.7 frames=16 exec_start_idx=0
MV_INFER cond=normal split=test task=VideoUnmaskSwap ep=0 ep_seq=10 infer_seq=22 t=450 es=114 k=0 motion_frames=- motion_emb_sha= motion_pos_sha= motion_mask= mem_order_sha= motion_cols_sha= donor=None cover=exact:0,fallback:0,cycle:0,cross_seg:0 gate=none num_steps=10 act_sha=926400f9596b4086 infer_ms=67.2
INFO:mme_vla_suite.serving.websocket_policy_server:TIMING infer_ms=67.2
INFO:mme_vla_suite.serving.websocket_policy_server:TIMING add_buffer_ms=37.0 frames=16 exec_start_idx=0
MV_INFER cond=normal split=test task=VideoUnmaskSwap ep=0 ep_seq=10 infer_seq=23 t=466 es=114 k=0 motion_frames=- motion_emb_sha= motion_pos_sha= motion_mask= mem_order_sha= motion_cols_sha= donor=None cover=exact:0,fallback:0,cycle:0,cross_seg:0 gate=none num_steps=10 act_sha=fce96ea141850252 infer_ms=66.9
INFO:mme_vla_suite.serving.websocket_policy_server:TIMING infer_ms=66.9
INFO:mme_vla_suite.serving.websocket_policy_server:TIMING add_buffer_ms=37.0 frames=16 exec_start_idx=0
MV_INFER cond=normal split=test task=VideoUnmaskSwap ep=0 ep_seq=10 infer_seq=24 t=482 es=114 k=0 motion_frames=- motion_emb_sha= motion_pos_sha= motion_mask= mem_order_sha= motion_cols_sha= donor=None cover=exact:0,fallback:0,cycle:0,cross_seg:0 gate=none num_steps=10 act_sha=964de37da1055175 infer_ms=66.9
INFO:mme_vla_suite.serving.websocket_policy_server:TIMING infer_ms=66.9
INFO:mme_vla_suite.serving.websocket_policy_server:TIMING add_buffer_ms=37.1 frames=16 exec_start_idx=0
MV_INFER cond=normal split=test task=VideoUnmaskSwap ep=0 ep_seq=10 infer_seq=25 t=498 es=114 k=0 motion_frames=- motion_emb_sha= motion_pos_sha= motion_mask= mem_order_sha= motion_cols_sha= donor=None cover=exact:0,fallback:0,cycle:0,cross_seg:0 gate=none num_steps=10 act_sha=9008b7743b95c2df infer_ms=66.9
INFO:mme_vla_suite.serving.websocket_policy_server:TIMING infer_ms=66.9
INFO:mme_vla_suite.serving.websocket_policy_server:TIMING add_buffer_ms=36.9 frames=16 exec_start_idx=0
MV_INFER cond=normal split=test task=VideoUnmaskSwap ep=0 ep_seq=10 infer_seq=26 t=514 es=114 k=0 motion_frames=- motion_emb_sha= motion_pos_sha= motion_mask= mem_order_sha= motion_cols_sha= donor=None cover=exact:0,fallback:0,cycle:0,cross_seg:0 gate=none num_steps=10 act_sha=aae1096d0d5e53d7 infer_ms=66.9
INFO:mme_vla_suite.serving.websocket_policy_server:TIMING infer_ms=66.9
INFO:mme_vla_suite.serving.websocket_policy_server:TIMING add_buffer_ms=37.1 frames=16 exec_start_idx=0
MV_INFER cond=normal split=test task=VideoUnmaskSwap ep=0 ep_seq=10 infer_seq=27 t=530 es=114 k=0 motion_frames=- motion_emb_sha= motion_pos_sha= motion_mask= mem_order_sha= motion_cols_sha= donor=None cover=exact:0,fallback:0,cycle:0,cross_seg:0 gate=none num_steps=10 act_sha=e6692c6e08f4f6d8 infer_ms=66.9
INFO:mme_vla_suite.serving.websocket_policy_server:TIMING infer_ms=66.9
INFO:mme_vla_suite.serving.websocket_policy_server:TIMING add_buffer_ms=37.0 frames=16 exec_start_idx=0
MV_INFER cond=normal split=test task=VideoUnmaskSwap ep=0 ep_seq=10 infer_seq=28 t=546 es=114 k=0 motion_frames=- motion_emb_sha= motion_pos_sha= motion_mask= mem_order_sha= motion_cols_sha= donor=None cover=exact:0,fallback:0,cycle:0,cross_seg:0 gate=none num_steps=10 act_sha=c9b4de7e493a2c7d infer_ms=66.9
INFO:mme_vla_suite.serving.websocket_policy_server:TIMING infer_ms=66.9
INFO:mme_vla_suite.serving.websocket_policy_server:TIMING add_buffer_ms=37.5 frames=16 exec_start_idx=0
MV_INFER cond=normal split=test task=VideoUnmaskSwap ep=0 ep_seq=10 infer_seq=29 t=562 es=114 k=0 motion_frames=- motion_emb_sha= motion_pos_sha= motion_mask= mem_order_sha= motion_cols_sha= donor=None cover=exact:0,fallback:0,cycle:0,cross_seg:0 gate=none num_steps=10 act_sha=b335b73ba341bfbe infer_ms=66.9
INFO:mme_vla_suite.serving.websocket_policy_server:TIMING infer_ms=66.9
INFO:mme_vla_suite.serving.websocket_policy_server:TIMING add_buffer_ms=37.1 frames=16 exec_start_idx=0
MV_INFER cond=normal split=test task=VideoUnmaskSwap ep=0 ep_seq=10 infer_seq=30 t=578 es=114 k=0 motion_frames=- motion_emb_sha= motion_pos_sha= motion_mask= mem_order_sha= motion_cols_sha= donor=None cover=exact:0,fallback:0,cycle:0,cross_seg:0 gate=none num_steps=10 act_sha=b8555605ce1fb3fa infer_ms=67.1
INFO:mme_vla_suite.serving.websocket_policy_server:TIMING infer_ms=67.1
INFO:mme_vla_suite.serving.websocket_policy_server:TIMING add_buffer_ms=38.5 frames=16 exec_start_idx=0
MV_INFER cond=normal split=test task=VideoUnmaskSwap ep=0 ep_seq=10 infer_seq=31 t=594 es=114 k=0 motion_frames=- motion_emb_sha= motion_pos_sha= motion_mask= mem_order_sha= motion_cols_sha= donor=None cover=exact:0,fallback:0,cycle:0,cross_seg:0 gate=none num_steps=10 act_sha=5245ba341fc51014 infer_ms=67.1
INFO:mme_vla_suite.serving.websocket_policy_server:TIMING infer_ms=67.1
INFO:mme_vla_suite.serving.websocket_policy_server:TIMING add_buffer_ms=36.9 frames=16 exec_start_idx=0
MV_INFER cond=normal split=test task=VideoUnmaskSwap ep=0 ep_seq=10 infer_seq=32 t=610 es=114 k=0 motion_frames=- motion_emb_sha= motion_pos_sha= motion_mask= mem_order_sha= motion_cols_sha= donor=None cover=exact:0,fallback:0,cycle:0,cross_seg:0 gate=none num_steps=10 act_sha=90ca244d089f03ae infer_ms=66.9
INFO:mme_vla_suite.serving.websocket_policy_server:TIMING infer_ms=66.9
INFO:mme_vla_suite.serving.websocket_policy_server:TIMING add_buffer_ms=36.8 frames=16 exec_start_idx=0
MV_INFER cond=normal split=test task=VideoUnmaskSwap ep=0 ep_seq=10 infer_seq=33 t=626 es=114 k=0 motion_frames=- motion_emb_sha= motion_pos_sha= motion_mask= mem_order_sha= motion_cols_sha= donor=None cover=exact:0,fallback:0,cycle:0,cross_seg:0 gate=none num_steps=10 act_sha=a8511edb9c233ed3 infer_ms=67.1
INFO:mme_vla_suite.serving.websocket_policy_server:TIMING infer_ms=67.1
INFO:mme_vla_suite.serving.websocket_policy_server:TIMING add_buffer_ms=37.9 frames=16 exec_start_idx=0
MV_INFER cond=normal split=test task=VideoUnmaskSwap ep=0 ep_seq=10 infer_seq=34 t=642 es=114 k=0 motion_frames=- motion_emb_sha= motion_pos_sha= motion_mask= mem_order_sha= motion_cols_sha= donor=None cover=exact:0,fallback:0,cycle:0,cross_seg:0 gate=none num_steps=10 act_sha=d770d7b9ba394ae0 infer_ms=67.2
INFO:mme_vla_suite.serving.websocket_policy_server:TIMING infer_ms=67.2
INFO:mme_vla_suite.serving.websocket_policy_server:TIMING add_buffer_ms=37.0 frames=16 exec_start_idx=0
MV_INFER cond=normal split=test task=VideoUnmaskSwap ep=0 ep_seq=10 infer_seq=35 t=658 es=114 k=0 motion_frames=- motion_emb_sha= motion_pos_sha= motion_mask= mem_order_sha= motion_cols_sha= donor=None cover=exact:0,fallback:0,cycle:0,cross_seg:0 gate=none num_steps=10 act_sha=075d7e8757d29ed8 infer_ms=67.1
INFO:mme_vla_suite.serving.websocket_policy_server:TIMING infer_ms=67.1
INFO:mme_vla_suite.serving.websocket_policy_server:TIMING add_buffer_ms=37.6 frames=16 exec_start_idx=0
MV_INFER cond=normal split=test task=VideoUnmaskSwap ep=0 ep_seq=10 infer_seq=36 t=674 es=114 k=0 motion_frames=- motion_emb_sha= motion_pos_sha= motion_mask= mem_order_sha= motion_cols_sha= donor=None cover=exact:0,fallback:0,cycle:0,cross_seg:0 gate=none num_steps=10 act_sha=4cc0af3ee76e9048 infer_ms=67.0
INFO:mme_vla_suite.serving.websocket_policy_server:TIMING infer_ms=67.0
INFO:mme_vla_suite.serving.websocket_policy_server:TIMING add_buffer_ms=37.3 frames=16 exec_start_idx=0
MV_INFER cond=normal split=test task=VideoUnmaskSwap ep=0 ep_seq=10 infer_seq=37 t=690 es=114 k=0 motion_frames=- motion_emb_sha= motion_pos_sha= motion_mask= mem_order_sha= motion_cols_sha= donor=None cover=exact:0,fallback:0,cycle:0,cross_seg:0 gate=none num_steps=10 act_sha=c649e81291098fa3 infer_ms=67.0
INFO:mme_vla_suite.serving.websocket_policy_server:TIMING infer_ms=67.0
INFO:mme_vla_suite.serving.websocket_policy_server:TIMING add_buffer_ms=36.6 frames=16 exec_start_idx=0
MV_INFER cond=normal split=test task=VideoUnmaskSwap ep=0 ep_seq=10 infer_seq=38 t=706 es=114 k=0 motion_frames=- motion_emb_sha= motion_pos_sha= motion_mask= mem_order_sha= motion_cols_sha= donor=None cover=exact:0,fallback:0,cycle:0,cross_seg:0 gate=none num_steps=10 act_sha=4ad89453a44e8e82 infer_ms=66.8
INFO:mme_vla_suite.serving.websocket_policy_server:TIMING infer_ms=66.8
INFO:mme_vla_suite.serving.websocket_policy_server:TIMING add_buffer_ms=37.5 frames=16 exec_start_idx=0
MV_INFER cond=normal split=test task=VideoUnmaskSwap ep=0 ep_seq=10 infer_seq=39 t=722 es=114 k=0 motion_frames=- motion_emb_sha= motion_pos_sha= motion_mask= mem_order_sha= motion_cols_sha= donor=None cover=exact:0,fallback:0,cycle:0,cross_seg:0 gate=none num_steps=10 act_sha=beb28ef63d5bde44 infer_ms=66.9
INFO:mme_vla_suite.serving.websocket_policy_server:TIMING infer_ms=66.9
INFO:mme_vla_suite.serving.websocket_policy_server:TIMING add_buffer_ms=37.4 frames=16 exec_start_idx=0
MV_INFER cond=normal split=test task=VideoUnmaskSwap ep=0 ep_seq=10 infer_seq=40 t=738 es=114 k=0 motion_frames=- motion_emb_sha= motion_pos_sha= motion_mask= mem_order_sha= motion_cols_sha= donor=None cover=exact:0,fallback:0,cycle:0,cross_seg:0 gate=none num_steps=10 act_sha=99a56b572113bd1d infer_ms=66.8
INFO:mme_vla_suite.serving.websocket_policy_server:TIMING infer_ms=66.8
INFO:mme_vla_suite.serving.websocket_policy_server:TIMING add_buffer_ms=37.2 frames=16 exec_start_idx=0
MV_INFER cond=normal split=test task=VideoUnmaskSwap ep=0 ep_seq=10 infer_seq=41 t=754 es=114 k=0 motion_frames=- motion_emb_sha= motion_pos_sha= motion_mask= mem_order_sha= motion_cols_sha= donor=None cover=exact:0,fallback:0,cycle:0,cross_seg:0 gate=none num_steps=10 act_sha=60c621552070bd02 infer_ms=68.1
INFO:mme_vla_suite.serving.websocket_policy_server:TIMING infer_ms=68.1
INFO:mme_vla_suite.serving.websocket_policy_server:TIMING add_buffer_ms=37.2 frames=16 exec_start_idx=0
MV_INFER cond=normal split=test task=VideoUnmaskSwap ep=0 ep_seq=10 infer_seq=42 t=770 es=114 k=0 motion_frames=- motion_emb_sha= motion_pos_sha= motion_mask= mem_order_sha= motion_cols_sha= donor=None cover=exact:0,fallback:0,cycle:0,cross_seg:0 gate=none num_steps=10 act_sha=61842ce1a51be68e infer_ms=67.0
INFO:mme_vla_suite.serving.websocket_policy_server:TIMING infer_ms=67.0
INFO:mme_vla_suite.serving.websocket_policy_server:TIMING add_buffer_ms=37.1 frames=16 exec_start_idx=0
MV_INFER cond=normal split=test task=VideoUnmaskSwap ep=0 ep_seq=10 infer_seq=43 t=786 es=114 k=0 motion_frames=- motion_emb_sha= motion_pos_sha= motion_mask= mem_order_sha= motion_cols_sha= donor=None cover=exact:0,fallback:0,cycle:0,cross_seg:0 gate=none num_steps=10 act_sha=d38c7d6a0e42ac4e infer_ms=67.2
INFO:mme_vla_suite.serving.websocket_policy_server:TIMING infer_ms=67.2
INFO:mme_vla_suite.serving.websocket_policy_server:TIMING add_buffer_ms=37.4 frames=16 exec_start_idx=0
MV_INFER cond=normal split=test task=VideoUnmaskSwap ep=0 ep_seq=10 infer_seq=44 t=802 es=114 k=0 motion_frames=- motion_emb_sha= motion_pos_sha= motion_mask= mem_order_sha= motion_cols_sha= donor=None cover=exact:0,fallback:0,cycle:0,cross_seg:0 gate=none num_steps=10 act_sha=2520ed62a5723976 infer_ms=67.0
INFO:mme_vla_suite.serving.websocket_policy_server:TIMING infer_ms=67.0
INFO:mme_vla_suite.serving.websocket_policy_server:TIMING add_buffer_ms=37.1 frames=16 exec_start_idx=0
MV_INFER cond=normal split=test task=VideoUnmaskSwap ep=0 ep_seq=10 infer_seq=45 t=818 es=114 k=0 motion_frames=- motion_emb_sha= motion_pos_sha= motion_mask= mem_order_sha= motion_cols_sha= donor=None cover=exact:0,fallback:0,cycle:0,cross_seg:0 gate=none num_steps=10 act_sha=83153dd27a33dade infer_ms=66.9
INFO:mme_vla_suite.serving.websocket_policy_server:TIMING infer_ms=66.9
INFO:mme_vla_suite.serving.websocket_policy_server:TIMING add_buffer_ms=37.5 frames=16 exec_start_idx=0
MV_INFER cond=normal split=test task=VideoUnmaskSwap ep=0 ep_seq=10 infer_seq=46 t=834 es=114 k=0 motion_frames=- motion_emb_sha= motion_pos_sha= motion_mask= mem_order_sha= motion_cols_sha= donor=None cover=exact:0,fallback:0,cycle:0,cross_seg:0 gate=none num_steps=10 act_sha=9962d4fda130d980 infer_ms=67.7
INFO:mme_vla_suite.serving.websocket_policy_server:TIMING infer_ms=67.7
INFO:mme_vla_suite.serving.websocket_policy_server:TIMING add_buffer_ms=37.4 frames=16 exec_start_idx=0
MV_INFER cond=normal split=test task=VideoUnmaskSwap ep=0 ep_seq=10 infer_seq=47 t=850 es=114 k=0 motion_frames=- motion_emb_sha= motion_pos_sha= motion_mask= mem_order_sha= motion_cols_sha= donor=None cover=exact:0,fallback:0,cycle:0,cross_seg:0 gate=none num_steps=10 act_sha=9b9bb6eaa05500ad infer_ms=67.0
INFO:mme_vla_suite.serving.websocket_policy_server:TIMING infer_ms=67.0
INFO:mme_vla_suite.serving.websocket_policy_server:TIMING add_buffer_ms=37.1 frames=16 exec_start_idx=0
MV_INFER cond=normal split=test task=VideoUnmaskSwap ep=0 ep_seq=10 infer_seq=48 t=866 es=114 k=0 motion_frames=- motion_emb_sha= motion_pos_sha= motion_mask= mem_order_sha= motion_cols_sha= donor=None cover=exact:0,fallback:0,cycle:0,cross_seg:0 gate=none num_steps=10 act_sha=23c7cbf1eb4693ec infer_ms=67.3
INFO:mme_vla_suite.serving.websocket_policy_server:TIMING infer_ms=67.3
INFO:mme_vla_suite.serving.websocket_policy_server:TIMING add_buffer_ms=37.1 frames=16 exec_start_idx=0
MV_INFER cond=normal split=test task=VideoUnmaskSwap ep=0 ep_seq=10 infer_seq=49 t=882 es=114 k=0 motion_frames=- motion_emb_sha= motion_pos_sha= motion_mask= mem_order_sha= motion_cols_sha= donor=None cover=exact:0,fallback:0,cycle:0,cross_seg:0 gate=none num_steps=10 act_sha=83df0b4e3e60473b infer_ms=67.1
INFO:mme_vla_suite.serving.websocket_policy_server:TIMING infer_ms=67.1
INFO:mme_vla_suite.serving.websocket_policy_server:TIMING add_buffer_ms=37.2 frames=16 exec_start_idx=0
MV_INFER cond=normal split=test task=VideoUnmaskSwap ep=0 ep_seq=10 infer_seq=50 t=898 es=114 k=0 motion_frames=- motion_emb_sha= motion_pos_sha= motion_mask= mem_order_sha= motion_cols_sha= donor=None cover=exact:0,fallback:0,cycle:0,cross_seg:0 gate=none num_steps=10 act_sha=d7b88873ca6f26d9 infer_ms=67.0
INFO:mme_vla_suite.serving.websocket_policy_server:TIMING infer_ms=67.0
INFO:mme_vla_suite.serving.websocket_policy_server:TIMING add_buffer_ms=37.3 frames=16 exec_start_idx=0
MV_INFER cond=normal split=test task=VideoUnmaskSwap ep=0 ep_seq=10 infer_seq=51 t=914 es=114 k=0 motion_frames=- motion_emb_sha= motion_pos_sha= motion_mask= mem_order_sha= motion_cols_sha= donor=None cover=exact:0,fallback:0,cycle:0,cross_seg:0 gate=none num_steps=10 act_sha=bac37c8ea18f7b32 infer_ms=67.1
INFO:mme_vla_suite.serving.websocket_policy_server:TIMING infer_ms=67.1
INFO:mme_vla_suite.serving.websocket_policy_server:TIMING add_buffer_ms=37.2 frames=16 exec_start_idx=0
MV_INFER cond=normal split=test task=VideoUnmaskSwap ep=0 ep_seq=10 infer_seq=52 t=930 es=114 k=0 motion_frames=- motion_emb_sha= motion_pos_sha= motion_mask= mem_order_sha= motion_cols_sha= donor=None cover=exact:0,fallback:0,cycle:0,cross_seg:0 gate=none num_steps=10 act_sha=597cf3f5cefecf05 infer_ms=67.0
INFO:mme_vla_suite.serving.websocket_policy_server:TIMING infer_ms=67.0
INFO:mme_vla_suite.serving.websocket_policy_server:TIMING add_buffer_ms=37.0 frames=16 exec_start_idx=0
MV_INFER cond=normal split=test task=VideoUnmaskSwap ep=0 ep_seq=10 infer_seq=53 t=946 es=114 k=0 motion_frames=- motion_emb_sha= motion_pos_sha= motion_mask= mem_order_sha= motion_cols_sha= donor=None cover=exact:0,fallback:0,cycle:0,cross_seg:0 gate=none num_steps=10 act_sha=5770a9893daf10b4 infer_ms=67.0
INFO:mme_vla_suite.serving.websocket_policy_server:TIMING infer_ms=67.0
INFO:mme_vla_suite.serving.websocket_policy_server:TIMING add_buffer_ms=37.9 frames=16 exec_start_idx=0
MV_INFER cond=normal split=test task=VideoUnmaskSwap ep=0 ep_seq=10 infer_seq=54 t=962 es=114 k=0 motion_frames=- motion_emb_sha= motion_pos_sha= motion_mask= mem_order_sha= motion_cols_sha= donor=None cover=exact:0,fallback:0,cycle:0,cross_seg:0 gate=none num_steps=10 act_sha=3c5ab9fe73620a78 infer_ms=67.0
INFO:mme_vla_suite.serving.websocket_policy_server:TIMING infer_ms=67.0
INFO:mme_vla_suite.serving.websocket_policy_server:TIMING add_buffer_ms=36.9 frames=16 exec_start_idx=0
MV_INFER cond=normal split=test task=VideoUnmaskSwap ep=0 ep_seq=10 infer_seq=55 t=978 es=114 k=0 motion_frames=- motion_emb_sha= motion_pos_sha= motion_mask= mem_order_sha= motion_cols_sha= donor=None cover=exact:0,fallback:0,cycle:0,cross_seg:0 gate=none num_steps=10 act_sha=9b0b43ede8801b03 infer_ms=66.9
INFO:mme_vla_suite.serving.websocket_policy_server:TIMING infer_ms=66.9
INFO:mme_vla_suite.serving.websocket_policy_server:TIMING add_buffer_ms=37.3 frames=16 exec_start_idx=0
MV_INFER cond=normal split=test task=VideoUnmaskSwap ep=0 ep_seq=10 infer_seq=56 t=994 es=114 k=0 motion_frames=- motion_emb_sha= motion_pos_sha= motion_mask= mem_order_sha= motion_cols_sha= donor=None cover=exact:0,fallback:0,cycle:0,cross_seg:0 gate=none num_steps=10 act_sha=499fb5417c471879 infer_ms=67.2
INFO:mme_vla_suite.serving.websocket_policy_server:TIMING infer_ms=67.2
INFO:mme_vla_suite.serving.websocket_policy_server:TIMING add_buffer_ms=37.5 frames=16 exec_start_idx=0
MV_INFER cond=normal split=test task=VideoUnmaskSwap ep=0 ep_seq=10 infer_seq=57 t=1010 es=114 k=0 motion_frames=- motion_emb_sha= motion_pos_sha= motion_mask= mem_order_sha= motion_cols_sha= donor=None cover=exact:0,fallback:0,cycle:0,cross_seg:0 gate=none num_steps=10 act_sha=71d2ecccb634e7cb infer_ms=66.9
INFO:mme_vla_suite.serving.websocket_policy_server:TIMING infer_ms=66.9
INFO:mme_vla_suite.serving.websocket_policy_server:TIMING add_buffer_ms=38.8 frames=16 exec_start_idx=0
MV_INFER cond=normal split=test task=VideoUnmaskSwap ep=0 ep_seq=10 infer_seq=58 t=1026 es=114 k=0 motion_frames=- motion_emb_sha= motion_pos_sha= motion_mask= mem_order_sha= motion_cols_sha= donor=None cover=exact:0,fallback:0,cycle:0,cross_seg:0 gate=none num_steps=10 act_sha=bdef543c04a306f7 infer_ms=67.2
INFO:mme_vla_suite.serving.websocket_policy_server:TIMING infer_ms=67.2
INFO:mme_vla_suite.serving.websocket_policy_server:TIMING add_buffer_ms=38.5 frames=16 exec_start_idx=0
MV_INFER cond=normal split=test task=VideoUnmaskSwap ep=0 ep_seq=10 infer_seq=59 t=1042 es=114 k=0 motion_frames=- motion_emb_sha= motion_pos_sha= motion_mask= mem_order_sha= motion_cols_sha= donor=None cover=exact:0,fallback:0,cycle:0,cross_seg:0 gate=none num_steps=10 act_sha=9e73d2f6004ccc3f infer_ms=66.9
INFO:mme_vla_suite.serving.websocket_policy_server:TIMING infer_ms=66.9
INFO:mme_vla_suite.serving.websocket_policy_server:TIMING add_buffer_ms=39.8 frames=16 exec_start_idx=0
MV_INFER cond=normal split=test task=VideoUnmaskSwap ep=0 ep_seq=10 infer_seq=60 t=1058 es=114 k=0 motion_frames=- motion_emb_sha= motion_pos_sha= motion_mask= mem_order_sha= motion_cols_sha= donor=None cover=exact:0,fallback:0,cycle:0,cross_seg:0 gate=none num_steps=10 act_sha=e8cc0e187e06f96d infer_ms=67.3
INFO:mme_vla_suite.serving.websocket_policy_server:TIMING infer_ms=67.3
INFO:mme_vla_suite.serving.websocket_policy_server:TIMING add_buffer_ms=38.0 frames=16 exec_start_idx=0
MV_INFER cond=normal split=test task=VideoUnmaskSwap ep=0 ep_seq=10 infer_seq=61 t=1074 es=114 k=0 motion_frames=- motion_emb_sha= motion_pos_sha= motion_mask= mem_order_sha= motion_cols_sha= donor=None cover=exact:0,fallback:0,cycle:0,cross_seg:0 gate=none num_steps=10 act_sha=396b863e973d4f96 infer_ms=67.2
INFO:mme_vla_suite.serving.websocket_policy_server:TIMING infer_ms=67.2
INFO:mme_vla_suite.serving.websocket_policy_server:TIMING add_buffer_ms=37.4 frames=16 exec_start_idx=0
MV_INFER cond=normal split=test task=VideoUnmaskSwap ep=0 ep_seq=10 infer_seq=62 t=1090 es=114 k=0 motion_frames=- motion_emb_sha= motion_pos_sha= motion_mask= mem_order_sha= motion_cols_sha= donor=None cover=exact:0,fallback:0,cycle:0,cross_seg:0 gate=none num_steps=10 act_sha=284dfeb9e287e5ac infer_ms=67.0
INFO:mme_vla_suite.serving.websocket_policy_server:TIMING infer_ms=67.0
INFO:mme_vla_suite.serving.websocket_policy_server:TIMING add_buffer_ms=37.3 frames=16 exec_start_idx=0
MV_INFER cond=normal split=test task=VideoUnmaskSwap ep=0 ep_seq=10 infer_seq=63 t=1106 es=114 k=0 motion_frames=- motion_emb_sha= motion_pos_sha= motion_mask= mem_order_sha= motion_cols_sha= donor=None cover=exact:0,fallback:0,cycle:0,cross_seg:0 gate=none num_steps=10 act_sha=3123bbb5ce06f0c1 infer_ms=67.1
INFO:mme_vla_suite.serving.websocket_policy_server:TIMING infer_ms=67.1
INFO:mme_vla_suite.serving.websocket_policy_server:TIMING add_buffer_ms=37.3 frames=16 exec_start_idx=0
MV_INFER cond=normal split=test task=VideoUnmaskSwap ep=0 ep_seq=10 infer_seq=64 t=1122 es=114 k=0 motion_frames=- motion_emb_sha= motion_pos_sha= motion_mask= mem_order_sha= motion_cols_sha= donor=None cover=exact:0,fallback:0,cycle:0,cross_seg:0 gate=none num_steps=10 act_sha=23922d318bd708f3 infer_ms=67.1
INFO:mme_vla_suite.serving.websocket_policy_server:TIMING infer_ms=67.1
INFO:mme_vla_suite.serving.websocket_policy_server:TIMING add_buffer_ms=37.6 frames=16 exec_start_idx=0
MV_INFER cond=normal split=test task=VideoUnmaskSwap ep=0 ep_seq=10 infer_seq=65 t=1138 es=114 k=0 motion_frames=- motion_emb_sha= motion_pos_sha= motion_mask= mem_order_sha= motion_cols_sha= donor=None cover=exact:0,fallback:0,cycle:0,cross_seg:0 gate=none num_steps=10 act_sha=9be3b147221a0621 infer_ms=67.0
INFO:mme_vla_suite.serving.websocket_policy_server:TIMING infer_ms=67.0
INFO:mme_vla_suite.serving.websocket_policy_server:TIMING add_buffer_ms=37.8 frames=16 exec_start_idx=0
MV_INFER cond=normal split=test task=VideoUnmaskSwap ep=0 ep_seq=10 infer_seq=66 t=1154 es=114 k=0 motion_frames=- motion_emb_sha= motion_pos_sha= motion_mask= mem_order_sha= motion_cols_sha= donor=None cover=exact:0,fallback:0,cycle:0,cross_seg:0 gate=none num_steps=10 act_sha=1169086f576ee59f infer_ms=67.2
INFO:mme_vla_suite.serving.websocket_policy_server:TIMING infer_ms=67.2
INFO:mme_vla_suite.serving.websocket_policy_server:TIMING add_buffer_ms=37.1 frames=16 exec_start_idx=0
MV_INFER cond=normal split=test task=VideoUnmaskSwap ep=0 ep_seq=10 infer_seq=67 t=1170 es=114 k=0 motion_frames=- motion_emb_sha= motion_pos_sha= motion_mask= mem_order_sha= motion_cols_sha= donor=None cover=exact:0,fallback:0,cycle:0,cross_seg:0 gate=none num_steps=10 act_sha=071236c5649f5dec infer_ms=67.1
INFO:mme_vla_suite.serving.websocket_policy_server:TIMING infer_ms=67.1
INFO:mme_vla_suite.serving.websocket_policy_server:TIMING add_buffer_ms=37.2 frames=16 exec_start_idx=0
MV_INFER cond=normal split=test task=VideoUnmaskSwap ep=0 ep_seq=10 infer_seq=68 t=1186 es=114 k=0 motion_frames=- motion_emb_sha= motion_pos_sha= motion_mask= mem_order_sha= motion_cols_sha= donor=None cover=exact:0,fallback:0,cycle:0,cross_seg:0 gate=none num_steps=10 act_sha=b0686666515fde1f infer_ms=67.1
INFO:mme_vla_suite.serving.websocket_policy_server:TIMING infer_ms=67.1
INFO:mme_vla_suite.serving.websocket_policy_server:TIMING add_buffer_ms=37.6 frames=16 exec_start_idx=0
MV_INFER cond=normal split=test task=VideoUnmaskSwap ep=0 ep_seq=10 infer_seq=69 t=1202 es=114 k=0 motion_frames=- motion_emb_sha= motion_pos_sha= motion_mask= mem_order_sha= motion_cols_sha= donor=None cover=exact:0,fallback:0,cycle:0,cross_seg:0 gate=none num_steps=10 act_sha=f389a3889763c916 infer_ms=67.3
INFO:mme_vla_suite.serving.websocket_policy_server:TIMING infer_ms=67.3
INFO:mme_vla_suite.serving.websocket_policy_server:TIMING add_buffer_ms=37.3 frames=16 exec_start_idx=0
MV_INFER cond=normal split=test task=VideoUnmaskSwap ep=0 ep_seq=10 infer_seq=70 t=1218 es=114 k=0 motion_frames=- motion_emb_sha= motion_pos_sha= motion_mask= mem_order_sha= motion_cols_sha= donor=None cover=exact:0,fallback:0,cycle:0,cross_seg:0 gate=none num_steps=10 act_sha=a9ceac08fa8bafcd infer_ms=67.0
INFO:mme_vla_suite.serving.websocket_policy_server:TIMING infer_ms=67.0
INFO:mme_vla_suite.serving.websocket_policy_server:TIMING add_buffer_ms=38.2 frames=16 exec_start_idx=0
MV_INFER cond=normal split=test task=VideoUnmaskSwap ep=0 ep_seq=10 infer_seq=71 t=1234 es=114 k=0 motion_frames=- motion_emb_sha= motion_pos_sha= motion_mask= mem_order_sha= motion_cols_sha= donor=None cover=exact:0,fallback:0,cycle:0,cross_seg:0 gate=none num_steps=10 act_sha=ffbe59dff5ce44a4 infer_ms=67.2
INFO:mme_vla_suite.serving.websocket_policy_server:TIMING infer_ms=67.2
INFO:mme_vla_suite.serving.websocket_policy_server:TIMING add_buffer_ms=37.1 frames=16 exec_start_idx=0
MV_INFER cond=normal split=test task=VideoUnmaskSwap ep=0 ep_seq=10 infer_seq=72 t=1250 es=114 k=0 motion_frames=- motion_emb_sha= motion_pos_sha= motion_mask= mem_order_sha= motion_cols_sha= donor=None cover=exact:0,fallback:0,cycle:0,cross_seg:0 gate=none num_steps=10 act_sha=1c5fa9cc9b2e97c1 infer_ms=67.0
INFO:mme_vla_suite.serving.websocket_policy_server:TIMING infer_ms=67.0
INFO:mme_vla_suite.serving.websocket_policy_server:TIMING add_buffer_ms=37.0 frames=16 exec_start_idx=0
MV_INFER cond=normal split=test task=VideoUnmaskSwap ep=0 ep_seq=10 infer_seq=73 t=1266 es=114 k=0 motion_frames=- motion_emb_sha= motion_pos_sha= motion_mask= mem_order_sha= motion_cols_sha= donor=None cover=exact:0,fallback:0,cycle:0,cross_seg:0 gate=none num_steps=10 act_sha=9860afaf6f5a537d infer_ms=67.2
INFO:mme_vla_suite.serving.websocket_policy_server:TIMING infer_ms=67.2
INFO:mme_vla_suite.serving.websocket_policy_server:TIMING add_buffer_ms=37.2 frames=16 exec_start_idx=0
MV_INFER cond=normal split=test task=VideoUnmaskSwap ep=0 ep_seq=10 infer_seq=74 t=1282 es=114 k=0 motion_frames=- motion_emb_sha= motion_pos_sha= motion_mask= mem_order_sha= motion_cols_sha= donor=None cover=exact:0,fallback:0,cycle:0,cross_seg:0 gate=none num_steps=10 act_sha=da0fc51801e8f2f2 infer_ms=67.0
INFO:mme_vla_suite.serving.websocket_policy_server:TIMING infer_ms=67.0
INFO:mme_vla_suite.serving.websocket_policy_server:TIMING add_buffer_ms=36.9 frames=16 exec_start_idx=0
MV_INFER cond=normal split=test task=VideoUnmaskSwap ep=0 ep_seq=10 infer_seq=75 t=1298 es=114 k=0 motion_frames=- motion_emb_sha= motion_pos_sha= motion_mask= mem_order_sha= motion_cols_sha= donor=None cover=exact:0,fallback:0,cycle:0,cross_seg:0 gate=none num_steps=10 act_sha=817579abdcca7f0b infer_ms=67.1
INFO:mme_vla_suite.serving.websocket_policy_server:TIMING infer_ms=67.1
INFO:mme_vla_suite.serving.websocket_policy_server:TIMING add_buffer_ms=37.4 frames=16 exec_start_idx=0
MV_INFER cond=normal split=test task=VideoUnmaskSwap ep=0 ep_seq=10 infer_seq=76 t=1314 es=114 k=0 motion_frames=- motion_emb_sha= motion_pos_sha= motion_mask= mem_order_sha= motion_cols_sha= donor=None cover=exact:0,fallback:0,cycle:0,cross_seg:0 gate=none num_steps=10 act_sha=79597d313e7fb06d infer_ms=67.2
INFO:mme_vla_suite.serving.websocket_policy_server:TIMING infer_ms=67.2
INFO:mme_vla_suite.serving.websocket_policy_server:TIMING add_buffer_ms=37.6 frames=16 exec_start_idx=0
MV_INFER cond=normal split=test task=VideoUnmaskSwap ep=0 ep_seq=10 infer_seq=77 t=1330 es=114 k=0 motion_frames=- motion_emb_sha= motion_pos_sha= motion_mask= mem_order_sha= motion_cols_sha= donor=None cover=exact:0,fallback:0,cycle:0,cross_seg:0 gate=none num_steps=10 act_sha=064f742a5438a054 infer_ms=67.0
INFO:mme_vla_suite.serving.websocket_policy_server:TIMING infer_ms=67.0
INFO:mme_vla_suite.serving.websocket_policy_server:TIMING add_buffer_ms=37.4 frames=16 exec_start_idx=0
MV_INFER cond=normal split=test task=VideoUnmaskSwap ep=0 ep_seq=10 infer_seq=78 t=1346 es=114 k=0 motion_frames=- motion_emb_sha= motion_pos_sha= motion_mask= mem_order_sha= motion_cols_sha= donor=None cover=exact:0,fallback:0,cycle:0,cross_seg:0 gate=none num_steps=10 act_sha=3824bff2846d6c3e infer_ms=67.1
INFO:mme_vla_suite.serving.websocket_policy_server:TIMING infer_ms=67.1
INFO:mme_vla_suite.serving.websocket_policy_server:TIMING add_buffer_ms=37.4 frames=16 exec_start_idx=0
MV_INFER cond=normal split=test task=VideoUnmaskSwap ep=0 ep_seq=10 infer_seq=79 t=1362 es=114 k=0 motion_frames=- motion_emb_sha= motion_pos_sha= motion_mask= mem_order_sha= motion_cols_sha= donor=None cover=exact:0,fallback:0,cycle:0,cross_seg:0 gate=none num_steps=10 act_sha=adedd3fac6c00880 infer_ms=67.4
INFO:mme_vla_suite.serving.websocket_policy_server:TIMING infer_ms=67.4
INFO:mme_vla_suite.serving.websocket_policy_server:TIMING add_buffer_ms=37.6 frames=16 exec_start_idx=0
MV_INFER cond=normal split=test task=VideoUnmaskSwap ep=0 ep_seq=10 infer_seq=80 t=1378 es=114 k=0 motion_frames=- motion_emb_sha= motion_pos_sha= motion_mask= mem_order_sha= motion_cols_sha= donor=None cover=exact:0,fallback:0,cycle:0,cross_seg:0 gate=none num_steps=10 act_sha=7669004a29b23de2 infer_ms=67.4
INFO:mme_vla_suite.serving.websocket_policy_server:TIMING infer_ms=67.4
INFO:mme_vla_suite.serving.websocket_policy_server:TIMING add_buffer_ms=37.0 frames=16 exec_start_idx=0
MV_INFER cond=normal split=test task=VideoUnmaskSwap ep=0 ep_seq=10 infer_seq=81 t=1394 es=114 k=0 motion_frames=- motion_emb_sha= motion_pos_sha= motion_mask= mem_order_sha= motion_cols_sha= donor=None cover=exact:0,fallback:0,cycle:0,cross_seg:0 gate=none num_steps=10 act_sha=40e2b04b9793d761 infer_ms=67.1
INFO:mme_vla_suite.serving.websocket_policy_server:TIMING infer_ms=67.1
INFO:mme_vla_suite.serving.websocket_policy_server:TIMING add_buffer_ms=37.7 frames=16 exec_start_idx=0
MV_INFER cond=normal split=test task=VideoUnmaskSwap ep=0 ep_seq=10 infer_seq=82 t=1410 es=114 k=0 motion_frames=- motion_emb_sha= motion_pos_sha= motion_mask= mem_order_sha= motion_cols_sha= donor=None cover=exact:0,fallback:0,cycle:0,cross_seg:0 gate=none num_steps=10 act_sha=014f243bdc83b9c1 infer_ms=67.1
INFO:mme_vla_suite.serving.websocket_policy_server:TIMING infer_ms=67.1
INFO:websockets.server:connection open
INFO:mme_vla_suite.serving.websocket_policy_server:Connection from ('127.0.0.1', 42632) opened
MV_EPISODE_END ep_seq=10 infers=82 windows=0 wall_s=35.5
MV_EPISODE_BEGIN cond=normal split=test seed=42 ep_seq=11 expect=VideoUnmaskSwap:4
INFO:mme_vla_suite.serving.websocket_policy_server:TIMING add_buffer_ms=258.1 frames=115 exec_start_idx=114
MV_INFER cond=normal split=test task=VideoUnmaskSwap ep=4 ep_seq=11 infer_seq=1 t=114 es=114 k=0 motion_frames=- motion_emb_sha= motion_pos_sha= motion_mask= mem_order_sha= motion_cols_sha= donor=None cover=exact:0,fallback:0,cycle:0,cross_seg:0 gate=none num_steps=10 act_sha=a3b21a3cace544f8 infer_ms=67.7
INFO:mme_vla_suite.serving.websocket_policy_server:TIMING infer_ms=67.7
INFO:mme_vla_suite.serving.websocket_policy_server:TIMING add_buffer_ms=36.1 frames=16 exec_start_idx=0
MV_INFER cond=normal split=test task=VideoUnmaskSwap ep=4 ep_seq=11 infer_seq=2 t=130 es=114 k=0 motion_frames=- motion_emb_sha= motion_pos_sha= motion_mask= mem_order_sha= motion_cols_sha= donor=None cover=exact:0,fallback:0,cycle:0,cross_seg:0 gate=none num_steps=10 act_sha=015debf7ed132c39 infer_ms=67.1
INFO:mme_vla_suite.serving.websocket_policy_server:TIMING infer_ms=67.1
INFO:mme_vla_suite.serving.websocket_policy_server:TIMING add_buffer_ms=35.8 frames=16 exec_start_idx=0
MV_INFER cond=normal split=test task=VideoUnmaskSwap ep=4 ep_seq=11 infer_seq=3 t=146 es=114 k=0 motion_frames=- motion_emb_sha= motion_pos_sha= motion_mask= mem_order_sha= motion_cols_sha= donor=None cover=exact:0,fallback:0,cycle:0,cross_seg:0 gate=none num_steps=10 act_sha=07f6b9d3390fd37b infer_ms=67.0
INFO:mme_vla_suite.serving.websocket_policy_server:TIMING infer_ms=67.0
INFO:mme_vla_suite.serving.websocket_policy_server:TIMING add_buffer_ms=36.1 frames=16 exec_start_idx=0
MV_INFER cond=normal split=test task=VideoUnmaskSwap ep=4 ep_seq=11 infer_seq=4 t=162 es=114 k=0 motion_frames=- motion_emb_sha= motion_pos_sha= motion_mask= mem_order_sha= motion_cols_sha= donor=None cover=exact:0,fallback:0,cycle:0,cross_seg:0 gate=none num_steps=10 act_sha=e9e952272df00a72 infer_ms=67.1
INFO:mme_vla_suite.serving.websocket_policy_server:TIMING infer_ms=67.1
INFO:mme_vla_suite.serving.websocket_policy_server:TIMING add_buffer_ms=36.1 frames=16 exec_start_idx=0
MV_INFER cond=normal split=test task=VideoUnmaskSwap ep=4 ep_seq=11 infer_seq=5 t=178 es=114 k=0 motion_frames=- motion_emb_sha= motion_pos_sha= motion_mask= mem_order_sha= motion_cols_sha= donor=None cover=exact:0,fallback:0,cycle:0,cross_seg:0 gate=none num_steps=10 act_sha=2287095b0cbf28a2 infer_ms=66.9
INFO:mme_vla_suite.serving.websocket_policy_server:TIMING infer_ms=66.9
INFO:mme_vla_suite.serving.websocket_policy_server:TIMING add_buffer_ms=35.6 frames=16 exec_start_idx=0
MV_INFER cond=normal split=test task=VideoUnmaskSwap ep=4 ep_seq=11 infer_seq=6 t=194 es=114 k=0 motion_frames=- motion_emb_sha= motion_pos_sha= motion_mask= mem_order_sha= motion_cols_sha= donor=None cover=exact:0,fallback:0,cycle:0,cross_seg:0 gate=none num_steps=10 act_sha=91cf4383b4d78cbd infer_ms=67.2
INFO:mme_vla_suite.serving.websocket_policy_server:TIMING infer_ms=67.2
INFO:mme_vla_suite.serving.websocket_policy_server:TIMING add_buffer_ms=35.8 frames=16 exec_start_idx=0
MV_INFER cond=normal split=test task=VideoUnmaskSwap ep=4 ep_seq=11 infer_seq=7 t=210 es=114 k=0 motion_frames=- motion_emb_sha= motion_pos_sha= motion_mask= mem_order_sha= motion_cols_sha= donor=None cover=exact:0,fallback:0,cycle:0,cross_seg:0 gate=none num_steps=10 act_sha=7f111a0c1e9e1335 infer_ms=67.0
INFO:mme_vla_suite.serving.websocket_policy_server:TIMING infer_ms=67.0
INFO:mme_vla_suite.serving.websocket_policy_server:TIMING add_buffer_ms=36.0 frames=16 exec_start_idx=0
MV_INFER cond=normal split=test task=VideoUnmaskSwap ep=4 ep_seq=11 infer_seq=8 t=226 es=114 k=0 motion_frames=- motion_emb_sha= motion_pos_sha= motion_mask= mem_order_sha= motion_cols_sha= donor=None cover=exact:0,fallback:0,cycle:0,cross_seg:0 gate=none num_steps=10 act_sha=2c87e5a7526839f1 infer_ms=66.9
INFO:mme_vla_suite.serving.websocket_policy_server:TIMING infer_ms=66.9
INFO:mme_vla_suite.serving.websocket_policy_server:TIMING add_buffer_ms=36.0 frames=16 exec_start_idx=0
MV_INFER cond=normal split=test task=VideoUnmaskSwap ep=4 ep_seq=11 infer_seq=9 t=242 es=114 k=0 motion_frames=- motion_emb_sha= motion_pos_sha= motion_mask= mem_order_sha= motion_cols_sha= donor=None cover=exact:0,fallback:0,cycle:0,cross_seg:0 gate=none num_steps=10 act_sha=08f525c774ae80d3 infer_ms=66.9
INFO:mme_vla_suite.serving.websocket_policy_server:TIMING infer_ms=66.9
INFO:mme_vla_suite.serving.websocket_policy_server:TIMING add_buffer_ms=38.2 frames=16 exec_start_idx=0
MV_INFER cond=normal split=test task=VideoUnmaskSwap ep=4 ep_seq=11 infer_seq=10 t=258 es=114 k=0 motion_frames=- motion_emb_sha= motion_pos_sha= motion_mask= mem_order_sha= motion_cols_sha= donor=None cover=exact:0,fallback:0,cycle:0,cross_seg:0 gate=none num_steps=10 act_sha=f9583e47730ee94d infer_ms=67.3
INFO:mme_vla_suite.serving.websocket_policy_server:TIMING infer_ms=67.3
INFO:mme_vla_suite.serving.websocket_policy_server:TIMING add_buffer_ms=36.7 frames=16 exec_start_idx=0
MV_INFER cond=normal split=test task=VideoUnmaskSwap ep=4 ep_seq=11 infer_seq=11 t=274 es=114 k=0 motion_frames=- motion_emb_sha= motion_pos_sha= motion_mask= mem_order_sha= motion_cols_sha= donor=None cover=exact:0,fallback:0,cycle:0,cross_seg:0 gate=none num_steps=10 act_sha=d3b7aa09f08952d4 infer_ms=67.0
INFO:mme_vla_suite.serving.websocket_policy_server:TIMING infer_ms=67.0
INFO:mme_vla_suite.serving.websocket_policy_server:TIMING add_buffer_ms=36.5 frames=16 exec_start_idx=0
MV_INFER cond=normal split=test task=VideoUnmaskSwap ep=4 ep_seq=11 infer_seq=12 t=290 es=114 k=0 motion_frames=- motion_emb_sha= motion_pos_sha= motion_mask= mem_order_sha= motion_cols_sha= donor=None cover=exact:0,fallback:0,cycle:0,cross_seg:0 gate=none num_steps=10 act_sha=ce117ec0c78fec62 infer_ms=67.2
INFO:mme_vla_suite.serving.websocket_policy_server:TIMING infer_ms=67.2
INFO:mme_vla_suite.serving.websocket_policy_server:TIMING add_buffer_ms=36.7 frames=16 exec_start_idx=0
MV_INFER cond=normal split=test task=VideoUnmaskSwap ep=4 ep_seq=11 infer_seq=13 t=306 es=114 k=0 motion_frames=- motion_emb_sha= motion_pos_sha= motion_mask= mem_order_sha= motion_cols_sha= donor=None cover=exact:0,fallback:0,cycle:0,cross_seg:0 gate=none num_steps=10 act_sha=30fdba490a91bfd3 infer_ms=67.3
INFO:mme_vla_suite.serving.websocket_policy_server:TIMING infer_ms=67.3
INFO:mme_vla_suite.serving.websocket_policy_server:TIMING add_buffer_ms=37.0 frames=16 exec_start_idx=0
MV_INFER cond=normal split=test task=VideoUnmaskSwap ep=4 ep_seq=11 infer_seq=14 t=322 es=114 k=0 motion_frames=- motion_emb_sha= motion_pos_sha= motion_mask= mem_order_sha= motion_cols_sha= donor=None cover=exact:0,fallback:0,cycle:0,cross_seg:0 gate=none num_steps=10 act_sha=c939d1567da5fd99 infer_ms=66.9
INFO:mme_vla_suite.serving.websocket_policy_server:TIMING infer_ms=66.9
INFO:mme_vla_suite.serving.websocket_policy_server:TIMING add_buffer_ms=37.3 frames=16 exec_start_idx=0
MV_INFER cond=normal split=test task=VideoUnmaskSwap ep=4 ep_seq=11 infer_seq=15 t=338 es=114 k=0 motion_frames=- motion_emb_sha= motion_pos_sha= motion_mask= mem_order_sha= motion_cols_sha= donor=None cover=exact:0,fallback:0,cycle:0,cross_seg:0 gate=none num_steps=10 act_sha=db4e74b982982999 infer_ms=67.4
INFO:mme_vla_suite.serving.websocket_policy_server:TIMING infer_ms=67.4
INFO:mme_vla_suite.serving.websocket_policy_server:TIMING add_buffer_ms=36.7 frames=16 exec_start_idx=0
MV_INFER cond=normal split=test task=VideoUnmaskSwap ep=4 ep_seq=11 infer_seq=16 t=354 es=114 k=0 motion_frames=- motion_emb_sha= motion_pos_sha= motion_mask= mem_order_sha= motion_cols_sha= donor=None cover=exact:0,fallback:0,cycle:0,cross_seg:0 gate=none num_steps=10 act_sha=48e6b7fc57a26574 infer_ms=67.0
INFO:mme_vla_suite.serving.websocket_policy_server:TIMING infer_ms=67.0
INFO:mme_vla_suite.serving.websocket_policy_server:TIMING add_buffer_ms=37.0 frames=16 exec_start_idx=0
MV_INFER cond=normal split=test task=VideoUnmaskSwap ep=4 ep_seq=11 infer_seq=17 t=370 es=114 k=0 motion_frames=- motion_emb_sha= motion_pos_sha= motion_mask= mem_order_sha= motion_cols_sha= donor=None cover=exact:0,fallback:0,cycle:0,cross_seg:0 gate=none num_steps=10 act_sha=b5ee4413fa4ab9e1 infer_ms=67.1
INFO:mme_vla_suite.serving.websocket_policy_server:TIMING infer_ms=67.1
INFO:mme_vla_suite.serving.websocket_policy_server:TIMING add_buffer_ms=36.5 frames=16 exec_start_idx=0
MV_INFER cond=normal split=test task=VideoUnmaskSwap ep=4 ep_seq=11 infer_seq=18 t=386 es=114 k=0 motion_frames=- motion_emb_sha= motion_pos_sha= motion_mask= mem_order_sha= motion_cols_sha= donor=None cover=exact:0,fallback:0,cycle:0,cross_seg:0 gate=none num_steps=10 act_sha=5367e57d061fa80a infer_ms=67.2
INFO:mme_vla_suite.serving.websocket_policy_server:TIMING infer_ms=67.2
INFO:mme_vla_suite.serving.websocket_policy_server:TIMING add_buffer_ms=37.9 frames=16 exec_start_idx=0
MV_INFER cond=normal split=test task=VideoUnmaskSwap ep=4 ep_seq=11 infer_seq=19 t=402 es=114 k=0 motion_frames=- motion_emb_sha= motion_pos_sha= motion_mask= mem_order_sha= motion_cols_sha= donor=None cover=exact:0,fallback:0,cycle:0,cross_seg:0 gate=none num_steps=10 act_sha=0ba33735552e0618 infer_ms=67.2
INFO:mme_vla_suite.serving.websocket_policy_server:TIMING infer_ms=67.2
INFO:mme_vla_suite.serving.websocket_policy_server:TIMING add_buffer_ms=37.7 frames=16 exec_start_idx=0
MV_INFER cond=normal split=test task=VideoUnmaskSwap ep=4 ep_seq=11 infer_seq=20 t=418 es=114 k=0 motion_frames=- motion_emb_sha= motion_pos_sha= motion_mask= mem_order_sha= motion_cols_sha= donor=None cover=exact:0,fallback:0,cycle:0,cross_seg:0 gate=none num_steps=10 act_sha=3eb215aaaa43c1c5 infer_ms=67.1
INFO:mme_vla_suite.serving.websocket_policy_server:TIMING infer_ms=67.1
INFO:mme_vla_suite.serving.websocket_policy_server:TIMING add_buffer_ms=37.2 frames=16 exec_start_idx=0
MV_INFER cond=normal split=test task=VideoUnmaskSwap ep=4 ep_seq=11 infer_seq=21 t=434 es=114 k=0 motion_frames=- motion_emb_sha= motion_pos_sha= motion_mask= mem_order_sha= motion_cols_sha= donor=None cover=exact:0,fallback:0,cycle:0,cross_seg:0 gate=none num_steps=10 act_sha=54c84031fd6bfc0c infer_ms=67.0
INFO:mme_vla_suite.serving.websocket_policy_server:TIMING infer_ms=67.0
INFO:mme_vla_suite.serving.websocket_policy_server:TIMING add_buffer_ms=38.5 frames=16 exec_start_idx=0
MV_INFER cond=normal split=test task=VideoUnmaskSwap ep=4 ep_seq=11 infer_seq=22 t=450 es=114 k=0 motion_frames=- motion_emb_sha= motion_pos_sha= motion_mask= mem_order_sha= motion_cols_sha= donor=None cover=exact:0,fallback:0,cycle:0,cross_seg:0 gate=none num_steps=10 act_sha=370adf093413d073 infer_ms=67.1
INFO:mme_vla_suite.serving.websocket_policy_server:TIMING infer_ms=67.1
INFO:mme_vla_suite.serving.websocket_policy_server:TIMING add_buffer_ms=37.1 frames=16 exec_start_idx=0
MV_INFER cond=normal split=test task=VideoUnmaskSwap ep=4 ep_seq=11 infer_seq=23 t=466 es=114 k=0 motion_frames=- motion_emb_sha= motion_pos_sha= motion_mask= mem_order_sha= motion_cols_sha= donor=None cover=exact:0,fallback:0,cycle:0,cross_seg:0 gate=none num_steps=10 act_sha=51e51c740a0f4028 infer_ms=67.4
INFO:mme_vla_suite.serving.websocket_policy_server:TIMING infer_ms=67.4
INFO:mme_vla_suite.serving.websocket_policy_server:TIMING add_buffer_ms=37.3 frames=16 exec_start_idx=0
MV_INFER cond=normal split=test task=VideoUnmaskSwap ep=4 ep_seq=11 infer_seq=24 t=482 es=114 k=0 motion_frames=- motion_emb_sha= motion_pos_sha= motion_mask= mem_order_sha= motion_cols_sha= donor=None cover=exact:0,fallback:0,cycle:0,cross_seg:0 gate=none num_steps=10 act_sha=fd0327550e966b05 infer_ms=67.0
INFO:mme_vla_suite.serving.websocket_policy_server:TIMING infer_ms=67.0
INFO:mme_vla_suite.serving.websocket_policy_server:TIMING add_buffer_ms=36.8 frames=16 exec_start_idx=0
MV_INFER cond=normal split=test task=VideoUnmaskSwap ep=4 ep_seq=11 infer_seq=25 t=498 es=114 k=0 motion_frames=- motion_emb_sha= motion_pos_sha= motion_mask= mem_order_sha= motion_cols_sha= donor=None cover=exact:0,fallback:0,cycle:0,cross_seg:0 gate=none num_steps=10 act_sha=39464899d4978cc5 infer_ms=67.0
INFO:mme_vla_suite.serving.websocket_policy_server:TIMING infer_ms=67.0
INFO:mme_vla_suite.serving.websocket_policy_server:TIMING add_buffer_ms=37.3 frames=16 exec_start_idx=0
MV_INFER cond=normal split=test task=VideoUnmaskSwap ep=4 ep_seq=11 infer_seq=26 t=514 es=114 k=0 motion_frames=- motion_emb_sha= motion_pos_sha= motion_mask= mem_order_sha= motion_cols_sha= donor=None cover=exact:0,fallback:0,cycle:0,cross_seg:0 gate=none num_steps=10 act_sha=006932e3af96bfbb infer_ms=67.3
INFO:mme_vla_suite.serving.websocket_policy_server:TIMING infer_ms=67.3
INFO:mme_vla_suite.serving.websocket_policy_server:TIMING add_buffer_ms=36.7 frames=16 exec_start_idx=0
MV_INFER cond=normal split=test task=VideoUnmaskSwap ep=4 ep_seq=11 infer_seq=27 t=530 es=114 k=0 motion_frames=- motion_emb_sha= motion_pos_sha= motion_mask= mem_order_sha= motion_cols_sha= donor=None cover=exact:0,fallback:0,cycle:0,cross_seg:0 gate=none num_steps=10 act_sha=4124dbcb4ba96120 infer_ms=66.8
INFO:mme_vla_suite.serving.websocket_policy_server:TIMING infer_ms=66.8
INFO:mme_vla_suite.serving.websocket_policy_server:TIMING add_buffer_ms=37.7 frames=16 exec_start_idx=0
MV_INFER cond=normal split=test task=VideoUnmaskSwap ep=4 ep_seq=11 infer_seq=28 t=546 es=114 k=0 motion_frames=- motion_emb_sha= motion_pos_sha= motion_mask= mem_order_sha= motion_cols_sha= donor=None cover=exact:0,fallback:0,cycle:0,cross_seg:0 gate=none num_steps=10 act_sha=d55ba7767c4267fa infer_ms=67.1
INFO:mme_vla_suite.serving.websocket_policy_server:TIMING infer_ms=67.1
INFO:mme_vla_suite.serving.websocket_policy_server:TIMING add_buffer_ms=37.8 frames=16 exec_start_idx=0
MV_INFER cond=normal split=test task=VideoUnmaskSwap ep=4 ep_seq=11 infer_seq=29 t=562 es=114 k=0 motion_frames=- motion_emb_sha= motion_pos_sha= motion_mask= mem_order_sha= motion_cols_sha= donor=None cover=exact:0,fallback:0,cycle:0,cross_seg:0 gate=none num_steps=10 act_sha=bfc5ebf0e38c592e infer_ms=67.1
INFO:mme_vla_suite.serving.websocket_policy_server:TIMING infer_ms=67.1
INFO:mme_vla_suite.serving.websocket_policy_server:TIMING add_buffer_ms=37.0 frames=16 exec_start_idx=0
MV_INFER cond=normal split=test task=VideoUnmaskSwap ep=4 ep_seq=11 infer_seq=30 t=578 es=114 k=0 motion_frames=- motion_emb_sha= motion_pos_sha= motion_mask= mem_order_sha= motion_cols_sha= donor=None cover=exact:0,fallback:0,cycle:0,cross_seg:0 gate=none num_steps=10 act_sha=5c4264c102eabd98 infer_ms=67.4
INFO:mme_vla_suite.serving.websocket_policy_server:TIMING infer_ms=67.4
INFO:mme_vla_suite.serving.websocket_policy_server:TIMING add_buffer_ms=37.2 frames=16 exec_start_idx=0
MV_INFER cond=normal split=test task=VideoUnmaskSwap ep=4 ep_seq=11 infer_seq=31 t=594 es=114 k=0 motion_frames=- motion_emb_sha= motion_pos_sha= motion_mask= mem_order_sha= motion_cols_sha= donor=None cover=exact:0,fallback:0,cycle:0,cross_seg:0 gate=none num_steps=10 act_sha=f7e0f191d9be9daf infer_ms=67.1
INFO:mme_vla_suite.serving.websocket_policy_server:TIMING infer_ms=67.1
INFO:mme_vla_suite.serving.websocket_policy_server:TIMING add_buffer_ms=37.5 frames=16 exec_start_idx=0
MV_INFER cond=normal split=test task=VideoUnmaskSwap ep=4 ep_seq=11 infer_seq=32 t=610 es=114 k=0 motion_frames=- motion_emb_sha= motion_pos_sha= motion_mask= mem_order_sha= motion_cols_sha= donor=None cover=exact:0,fallback:0,cycle:0,cross_seg:0 gate=none num_steps=10 act_sha=c941db2aab6fb73e infer_ms=67.1
INFO:mme_vla_suite.serving.websocket_policy_server:TIMING infer_ms=67.1
INFO:mme_vla_suite.serving.websocket_policy_server:TIMING add_buffer_ms=37.6 frames=16 exec_start_idx=0
MV_INFER cond=normal split=test task=VideoUnmaskSwap ep=4 ep_seq=11 infer_seq=33 t=626 es=114 k=0 motion_frames=- motion_emb_sha= motion_pos_sha= motion_mask= mem_order_sha= motion_cols_sha= donor=None cover=exact:0,fallback:0,cycle:0,cross_seg:0 gate=none num_steps=10 act_sha=db11a84030137271 infer_ms=67.3
INFO:mme_vla_suite.serving.websocket_policy_server:TIMING infer_ms=67.3
INFO:mme_vla_suite.serving.websocket_policy_server:TIMING add_buffer_ms=36.6 frames=16 exec_start_idx=0
MV_INFER cond=normal split=test task=VideoUnmaskSwap ep=4 ep_seq=11 infer_seq=34 t=642 es=114 k=0 motion_frames=- motion_emb_sha= motion_pos_sha= motion_mask= mem_order_sha= motion_cols_sha= donor=None cover=exact:0,fallback:0,cycle:0,cross_seg:0 gate=none num_steps=10 act_sha=e61455afc359e8ba infer_ms=67.0
INFO:mme_vla_suite.serving.websocket_policy_server:TIMING infer_ms=67.0
INFO:mme_vla_suite.serving.websocket_policy_server:TIMING add_buffer_ms=36.7 frames=16 exec_start_idx=0
MV_INFER cond=normal split=test task=VideoUnmaskSwap ep=4 ep_seq=11 infer_seq=35 t=658 es=114 k=0 motion_frames=- motion_emb_sha= motion_pos_sha= motion_mask= mem_order_sha= motion_cols_sha= donor=None cover=exact:0,fallback:0,cycle:0,cross_seg:0 gate=none num_steps=10 act_sha=f2c23cc50cb375bf infer_ms=67.1
INFO:mme_vla_suite.serving.websocket_policy_server:TIMING infer_ms=67.1
INFO:mme_vla_suite.serving.websocket_policy_server:TIMING add_buffer_ms=36.7 frames=16 exec_start_idx=0
MV_INFER cond=normal split=test task=VideoUnmaskSwap ep=4 ep_seq=11 infer_seq=36 t=674 es=114 k=0 motion_frames=- motion_emb_sha= motion_pos_sha= motion_mask= mem_order_sha= motion_cols_sha= donor=None cover=exact:0,fallback:0,cycle:0,cross_seg:0 gate=none num_steps=10 act_sha=280c9a891398e867 infer_ms=67.0
INFO:mme_vla_suite.serving.websocket_policy_server:TIMING infer_ms=67.0
INFO:mme_vla_suite.serving.websocket_policy_server:TIMING add_buffer_ms=36.5 frames=16 exec_start_idx=0
MV_INFER cond=normal split=test task=VideoUnmaskSwap ep=4 ep_seq=11 infer_seq=37 t=690 es=114 k=0 motion_frames=- motion_emb_sha= motion_pos_sha= motion_mask= mem_order_sha= motion_cols_sha= donor=None cover=exact:0,fallback:0,cycle:0,cross_seg:0 gate=none num_steps=10 act_sha=b1a511c0daa9d753 infer_ms=69.4
INFO:mme_vla_suite.serving.websocket_policy_server:TIMING infer_ms=69.4
INFO:mme_vla_suite.serving.websocket_policy_server:TIMING add_buffer_ms=37.6 frames=16 exec_start_idx=0
MV_INFER cond=normal split=test task=VideoUnmaskSwap ep=4 ep_seq=11 infer_seq=38 t=706 es=114 k=0 motion_frames=- motion_emb_sha= motion_pos_sha= motion_mask= mem_order_sha= motion_cols_sha= donor=None cover=exact:0,fallback:0,cycle:0,cross_seg:0 gate=none num_steps=10 act_sha=ab4e68844305a251 infer_ms=67.4
INFO:mme_vla_suite.serving.websocket_policy_server:TIMING infer_ms=67.4
INFO:mme_vla_suite.serving.websocket_policy_server:TIMING add_buffer_ms=37.2 frames=16 exec_start_idx=0
MV_INFER cond=normal split=test task=VideoUnmaskSwap ep=4 ep_seq=11 infer_seq=39 t=722 es=114 k=0 motion_frames=- motion_emb_sha= motion_pos_sha= motion_mask= mem_order_sha= motion_cols_sha= donor=None cover=exact:0,fallback:0,cycle:0,cross_seg:0 gate=none num_steps=10 act_sha=e6e162ec6d81e263 infer_ms=67.0
INFO:mme_vla_suite.serving.websocket_policy_server:TIMING infer_ms=67.0
INFO:mme_vla_suite.serving.websocket_policy_server:TIMING add_buffer_ms=36.6 frames=16 exec_start_idx=0
MV_INFER cond=normal split=test task=VideoUnmaskSwap ep=4 ep_seq=11 infer_seq=40 t=738 es=114 k=0 motion_frames=- motion_emb_sha= motion_pos_sha= motion_mask= mem_order_sha= motion_cols_sha= donor=None cover=exact:0,fallback:0,cycle:0,cross_seg:0 gate=none num_steps=10 act_sha=2fd8b458be30bbd1 infer_ms=67.3
INFO:mme_vla_suite.serving.websocket_policy_server:TIMING infer_ms=67.3
INFO:mme_vla_suite.serving.websocket_policy_server:TIMING add_buffer_ms=37.6 frames=16 exec_start_idx=0
MV_INFER cond=normal split=test task=VideoUnmaskSwap ep=4 ep_seq=11 infer_seq=41 t=754 es=114 k=0 motion_frames=- motion_emb_sha= motion_pos_sha= motion_mask= mem_order_sha= motion_cols_sha= donor=None cover=exact:0,fallback:0,cycle:0,cross_seg:0 gate=none num_steps=10 act_sha=a78fd65919b72cef infer_ms=67.2
INFO:mme_vla_suite.serving.websocket_policy_server:TIMING infer_ms=67.2
INFO:mme_vla_suite.serving.websocket_policy_server:TIMING add_buffer_ms=37.0 frames=16 exec_start_idx=0
MV_INFER cond=normal split=test task=VideoUnmaskSwap ep=4 ep_seq=11 infer_seq=42 t=770 es=114 k=0 motion_frames=- motion_emb_sha= motion_pos_sha= motion_mask= mem_order_sha= motion_cols_sha= donor=None cover=exact:0,fallback:0,cycle:0,cross_seg:0 gate=none num_steps=10 act_sha=06783bcb279546cc infer_ms=67.1
INFO:mme_vla_suite.serving.websocket_policy_server:TIMING infer_ms=67.1
INFO:mme_vla_suite.serving.websocket_policy_server:TIMING add_buffer_ms=36.9 frames=16 exec_start_idx=0
MV_INFER cond=normal split=test task=VideoUnmaskSwap ep=4 ep_seq=11 infer_seq=43 t=786 es=114 k=0 motion_frames=- motion_emb_sha= motion_pos_sha= motion_mask= mem_order_sha= motion_cols_sha= donor=None cover=exact:0,fallback:0,cycle:0,cross_seg:0 gate=none num_steps=10 act_sha=c494edc4311c052e infer_ms=67.2
INFO:mme_vla_suite.serving.websocket_policy_server:TIMING infer_ms=67.2
INFO:mme_vla_suite.serving.websocket_policy_server:TIMING add_buffer_ms=37.3 frames=16 exec_start_idx=0
MV_INFER cond=normal split=test task=VideoUnmaskSwap ep=4 ep_seq=11 infer_seq=44 t=802 es=114 k=0 motion_frames=- motion_emb_sha= motion_pos_sha= motion_mask= mem_order_sha= motion_cols_sha= donor=None cover=exact:0,fallback:0,cycle:0,cross_seg:0 gate=none num_steps=10 act_sha=fad1db9de2e7ce2d infer_ms=67.1
INFO:mme_vla_suite.serving.websocket_policy_server:TIMING infer_ms=67.1
INFO:mme_vla_suite.serving.websocket_policy_server:TIMING add_buffer_ms=37.5 frames=16 exec_start_idx=0
MV_INFER cond=normal split=test task=VideoUnmaskSwap ep=4 ep_seq=11 infer_seq=45 t=818 es=114 k=0 motion_frames=- motion_emb_sha= motion_pos_sha= motion_mask= mem_order_sha= motion_cols_sha= donor=None cover=exact:0,fallback:0,cycle:0,cross_seg:0 gate=none num_steps=10 act_sha=d1f7ead8a05802b1 infer_ms=66.9
INFO:mme_vla_suite.serving.websocket_policy_server:TIMING infer_ms=66.9
INFO:mme_vla_suite.serving.websocket_policy_server:TIMING add_buffer_ms=37.1 frames=16 exec_start_idx=0
MV_INFER cond=normal split=test task=VideoUnmaskSwap ep=4 ep_seq=11 infer_seq=46 t=834 es=114 k=0 motion_frames=- motion_emb_sha= motion_pos_sha= motion_mask= mem_order_sha= motion_cols_sha= donor=None cover=exact:0,fallback:0,cycle:0,cross_seg:0 gate=none num_steps=10 act_sha=dfdb89fa749d5b20 infer_ms=66.9
INFO:mme_vla_suite.serving.websocket_policy_server:TIMING infer_ms=66.9
INFO:mme_vla_suite.serving.websocket_policy_server:TIMING add_buffer_ms=37.3 frames=16 exec_start_idx=0
MV_INFER cond=normal split=test task=VideoUnmaskSwap ep=4 ep_seq=11 infer_seq=47 t=850 es=114 k=0 motion_frames=- motion_emb_sha= motion_pos_sha= motion_mask= mem_order_sha= motion_cols_sha= donor=None cover=exact:0,fallback:0,cycle:0,cross_seg:0 gate=none num_steps=10 act_sha=bbdaed634f6c089b infer_ms=66.9
INFO:mme_vla_suite.serving.websocket_policy_server:TIMING infer_ms=66.9
INFO:mme_vla_suite.serving.websocket_policy_server:TIMING add_buffer_ms=39.8 frames=16 exec_start_idx=0
MV_INFER cond=normal split=test task=VideoUnmaskSwap ep=4 ep_seq=11 infer_seq=48 t=866 es=114 k=0 motion_frames=- motion_emb_sha= motion_pos_sha= motion_mask= mem_order_sha= motion_cols_sha= donor=None cover=exact:0,fallback:0,cycle:0,cross_seg:0 gate=none num_steps=10 act_sha=3516ee42b2cd4f25 infer_ms=67.3
INFO:mme_vla_suite.serving.websocket_policy_server:TIMING infer_ms=67.3
INFO:mme_vla_suite.serving.websocket_policy_server:TIMING add_buffer_ms=37.2 frames=16 exec_start_idx=0
MV_INFER cond=normal split=test task=VideoUnmaskSwap ep=4 ep_seq=11 infer_seq=49 t=882 es=114 k=0 motion_frames=- motion_emb_sha= motion_pos_sha= motion_mask= mem_order_sha= motion_cols_sha= donor=None cover=exact:0,fallback:0,cycle:0,cross_seg:0 gate=none num_steps=10 act_sha=d7d95918b5684ff2 infer_ms=67.0
INFO:mme_vla_suite.serving.websocket_policy_server:TIMING infer_ms=67.0
INFO:mme_vla_suite.serving.websocket_policy_server:TIMING add_buffer_ms=37.3 frames=16 exec_start_idx=0
MV_INFER cond=normal split=test task=VideoUnmaskSwap ep=4 ep_seq=11 infer_seq=50 t=898 es=114 k=0 motion_frames=- motion_emb_sha= motion_pos_sha= motion_mask= mem_order_sha= motion_cols_sha= donor=None cover=exact:0,fallback:0,cycle:0,cross_seg:0 gate=none num_steps=10 act_sha=951fdc9a5d0e4281 infer_ms=67.0
INFO:mme_vla_suite.serving.websocket_policy_server:TIMING infer_ms=67.0
INFO:mme_vla_suite.serving.websocket_policy_server:TIMING add_buffer_ms=37.2 frames=16 exec_start_idx=0
MV_INFER cond=normal split=test task=VideoUnmaskSwap ep=4 ep_seq=11 infer_seq=51 t=914 es=114 k=0 motion_frames=- motion_emb_sha= motion_pos_sha= motion_mask= mem_order_sha= motion_cols_sha= donor=None cover=exact:0,fallback:0,cycle:0,cross_seg:0 gate=none num_steps=10 act_sha=e5965809af092617 infer_ms=67.1
INFO:mme_vla_suite.serving.websocket_policy_server:TIMING infer_ms=67.1
INFO:mme_vla_suite.serving.websocket_policy_server:TIMING add_buffer_ms=37.8 frames=16 exec_start_idx=0
MV_INFER cond=normal split=test task=VideoUnmaskSwap ep=4 ep_seq=11 infer_seq=52 t=930 es=114 k=0 motion_frames=- motion_emb_sha= motion_pos_sha= motion_mask= mem_order_sha= motion_cols_sha= donor=None cover=exact:0,fallback:0,cycle:0,cross_seg:0 gate=none num_steps=10 act_sha=b8907d612f0a5dcf infer_ms=67.0
INFO:mme_vla_suite.serving.websocket_policy_server:TIMING infer_ms=67.0
INFO:mme_vla_suite.serving.websocket_policy_server:TIMING add_buffer_ms=40.8 frames=16 exec_start_idx=0
MV_INFER cond=normal split=test task=VideoUnmaskSwap ep=4 ep_seq=11 infer_seq=53 t=946 es=114 k=0 motion_frames=- motion_emb_sha= motion_pos_sha= motion_mask= mem_order_sha= motion_cols_sha= donor=None cover=exact:0,fallback:0,cycle:0,cross_seg:0 gate=none num_steps=10 act_sha=0ea9590ec8a7a7bf infer_ms=67.2
INFO:mme_vla_suite.serving.websocket_policy_server:TIMING infer_ms=67.2
INFO:mme_vla_suite.serving.websocket_policy_server:TIMING add_buffer_ms=36.9 frames=16 exec_start_idx=0
MV_INFER cond=normal split=test task=VideoUnmaskSwap ep=4 ep_seq=11 infer_seq=54 t=962 es=114 k=0 motion_frames=- motion_emb_sha= motion_pos_sha= motion_mask= mem_order_sha= motion_cols_sha= donor=None cover=exact:0,fallback:0,cycle:0,cross_seg:0 gate=none num_steps=10 act_sha=9551cfbb67d0aa60 infer_ms=66.9
INFO:mme_vla_suite.serving.websocket_policy_server:TIMING infer_ms=66.9
INFO:mme_vla_suite.serving.websocket_policy_server:TIMING add_buffer_ms=37.5 frames=16 exec_start_idx=0
MV_INFER cond=normal split=test task=VideoUnmaskSwap ep=4 ep_seq=11 infer_seq=55 t=978 es=114 k=0 motion_frames=- motion_emb_sha= motion_pos_sha= motion_mask= mem_order_sha= motion_cols_sha= donor=None cover=exact:0,fallback:0,cycle:0,cross_seg:0 gate=none num_steps=10 act_sha=62f0a199753da919 infer_ms=67.1
INFO:mme_vla_suite.serving.websocket_policy_server:TIMING infer_ms=67.1
INFO:mme_vla_suite.serving.websocket_policy_server:TIMING add_buffer_ms=37.2 frames=16 exec_start_idx=0
MV_INFER cond=normal split=test task=VideoUnmaskSwap ep=4 ep_seq=11 infer_seq=56 t=994 es=114 k=0 motion_frames=- motion_emb_sha= motion_pos_sha= motion_mask= mem_order_sha= motion_cols_sha= donor=None cover=exact:0,fallback:0,cycle:0,cross_seg:0 gate=none num_steps=10 act_sha=997742e2573a6033 infer_ms=67.2
INFO:mme_vla_suite.serving.websocket_policy_server:TIMING infer_ms=67.2
INFO:mme_vla_suite.serving.websocket_policy_server:TIMING add_buffer_ms=37.2 frames=16 exec_start_idx=0
MV_INFER cond=normal split=test task=VideoUnmaskSwap ep=4 ep_seq=11 infer_seq=57 t=1010 es=114 k=0 motion_frames=- motion_emb_sha= motion_pos_sha= motion_mask= mem_order_sha= motion_cols_sha= donor=None cover=exact:0,fallback:0,cycle:0,cross_seg:0 gate=none num_steps=10 act_sha=32862c1b5fc6c6e3 infer_ms=67.1
INFO:mme_vla_suite.serving.websocket_policy_server:TIMING infer_ms=67.1
INFO:mme_vla_suite.serving.websocket_policy_server:TIMING add_buffer_ms=37.0 frames=16 exec_start_idx=0
MV_INFER cond=normal split=test task=VideoUnmaskSwap ep=4 ep_seq=11 infer_seq=58 t=1026 es=114 k=0 motion_frames=- motion_emb_sha= motion_pos_sha= motion_mask= mem_order_sha= motion_cols_sha= donor=None cover=exact:0,fallback:0,cycle:0,cross_seg:0 gate=none num_steps=10 act_sha=de5f0c876a22059e infer_ms=67.1
INFO:mme_vla_suite.serving.websocket_policy_server:TIMING infer_ms=67.1
INFO:mme_vla_suite.serving.websocket_policy_server:TIMING add_buffer_ms=36.8 frames=16 exec_start_idx=0
MV_INFER cond=normal split=test task=VideoUnmaskSwap ep=4 ep_seq=11 infer_seq=59 t=1042 es=114 k=0 motion_frames=- motion_emb_sha= motion_pos_sha= motion_mask= mem_order_sha= motion_cols_sha= donor=None cover=exact:0,fallback:0,cycle:0,cross_seg:0 gate=none num_steps=10 act_sha=14b0f9d58d71a00e infer_ms=67.0
INFO:mme_vla_suite.serving.websocket_policy_server:TIMING infer_ms=67.0
INFO:mme_vla_suite.serving.websocket_policy_server:TIMING add_buffer_ms=37.5 frames=16 exec_start_idx=0
MV_INFER cond=normal split=test task=VideoUnmaskSwap ep=4 ep_seq=11 infer_seq=60 t=1058 es=114 k=0 motion_frames=- motion_emb_sha= motion_pos_sha= motion_mask= mem_order_sha= motion_cols_sha= donor=None cover=exact:0,fallback:0,cycle:0,cross_seg:0 gate=none num_steps=10 act_sha=cf67bf9d3ac6dcbb infer_ms=67.0
INFO:mme_vla_suite.serving.websocket_policy_server:TIMING infer_ms=67.0
INFO:mme_vla_suite.serving.websocket_policy_server:TIMING add_buffer_ms=36.9 frames=16 exec_start_idx=0
MV_INFER cond=normal split=test task=VideoUnmaskSwap ep=4 ep_seq=11 infer_seq=61 t=1074 es=114 k=0 motion_frames=- motion_emb_sha= motion_pos_sha= motion_mask= mem_order_sha= motion_cols_sha= donor=None cover=exact:0,fallback:0,cycle:0,cross_seg:0 gate=none num_steps=10 act_sha=8d5963bd27dcbd1f infer_ms=66.9
INFO:mme_vla_suite.serving.websocket_policy_server:TIMING infer_ms=66.9
INFO:mme_vla_suite.serving.websocket_policy_server:TIMING add_buffer_ms=36.9 frames=16 exec_start_idx=0
MV_INFER cond=normal split=test task=VideoUnmaskSwap ep=4 ep_seq=11 infer_seq=62 t=1090 es=114 k=0 motion_frames=- motion_emb_sha= motion_pos_sha= motion_mask= mem_order_sha= motion_cols_sha= donor=None cover=exact:0,fallback:0,cycle:0,cross_seg:0 gate=none num_steps=10 act_sha=6bd704ed0095c276 infer_ms=67.2
INFO:mme_vla_suite.serving.websocket_policy_server:TIMING infer_ms=67.2
INFO:mme_vla_suite.serving.websocket_policy_server:TIMING add_buffer_ms=37.0 frames=16 exec_start_idx=0
MV_INFER cond=normal split=test task=VideoUnmaskSwap ep=4 ep_seq=11 infer_seq=63 t=1106 es=114 k=0 motion_frames=- motion_emb_sha= motion_pos_sha= motion_mask= mem_order_sha= motion_cols_sha= donor=None cover=exact:0,fallback:0,cycle:0,cross_seg:0 gate=none num_steps=10 act_sha=5dc47c437562105f infer_ms=66.9
INFO:mme_vla_suite.serving.websocket_policy_server:TIMING infer_ms=66.9
INFO:mme_vla_suite.serving.websocket_policy_server:TIMING add_buffer_ms=36.9 frames=16 exec_start_idx=0
MV_INFER cond=normal split=test task=VideoUnmaskSwap ep=4 ep_seq=11 infer_seq=64 t=1122 es=114 k=0 motion_frames=- motion_emb_sha= motion_pos_sha= motion_mask= mem_order_sha= motion_cols_sha= donor=None cover=exact:0,fallback:0,cycle:0,cross_seg:0 gate=none num_steps=10 act_sha=117a303d1ad66612 infer_ms=66.9
INFO:mme_vla_suite.serving.websocket_policy_server:TIMING infer_ms=66.9
INFO:mme_vla_suite.serving.websocket_policy_server:TIMING add_buffer_ms=38.3 frames=16 exec_start_idx=0
MV_INFER cond=normal split=test task=VideoUnmaskSwap ep=4 ep_seq=11 infer_seq=65 t=1138 es=114 k=0 motion_frames=- motion_emb_sha= motion_pos_sha= motion_mask= mem_order_sha= motion_cols_sha= donor=None cover=exact:0,fallback:0,cycle:0,cross_seg:0 gate=none num_steps=10 act_sha=c55f992a91fae44e infer_ms=67.0
INFO:mme_vla_suite.serving.websocket_policy_server:TIMING infer_ms=67.0
INFO:mme_vla_suite.serving.websocket_policy_server:TIMING add_buffer_ms=37.0 frames=16 exec_start_idx=0
MV_INFER cond=normal split=test task=VideoUnmaskSwap ep=4 ep_seq=11 infer_seq=66 t=1154 es=114 k=0 motion_frames=- motion_emb_sha= motion_pos_sha= motion_mask= mem_order_sha= motion_cols_sha= donor=None cover=exact:0,fallback:0,cycle:0,cross_seg:0 gate=none num_steps=10 act_sha=770510062cbb0069 infer_ms=67.3
INFO:mme_vla_suite.serving.websocket_policy_server:TIMING infer_ms=67.3
INFO:mme_vla_suite.serving.websocket_policy_server:TIMING add_buffer_ms=36.9 frames=16 exec_start_idx=0
MV_INFER cond=normal split=test task=VideoUnmaskSwap ep=4 ep_seq=11 infer_seq=67 t=1170 es=114 k=0 motion_frames=- motion_emb_sha= motion_pos_sha= motion_mask= mem_order_sha= motion_cols_sha= donor=None cover=exact:0,fallback:0,cycle:0,cross_seg:0 gate=none num_steps=10 act_sha=c70e17b5a936a1bf infer_ms=67.3
INFO:mme_vla_suite.serving.websocket_policy_server:TIMING infer_ms=67.3
INFO:mme_vla_suite.serving.websocket_policy_server:TIMING add_buffer_ms=36.9 frames=16 exec_start_idx=0
MV_INFER cond=normal split=test task=VideoUnmaskSwap ep=4 ep_seq=11 infer_seq=68 t=1186 es=114 k=0 motion_frames=- motion_emb_sha= motion_pos_sha= motion_mask= mem_order_sha= motion_cols_sha= donor=None cover=exact:0,fallback:0,cycle:0,cross_seg:0 gate=none num_steps=10 act_sha=46690181e2ef4839 infer_ms=67.1
INFO:mme_vla_suite.serving.websocket_policy_server:TIMING infer_ms=67.1
INFO:mme_vla_suite.serving.websocket_policy_server:TIMING add_buffer_ms=36.7 frames=16 exec_start_idx=0
MV_INFER cond=normal split=test task=VideoUnmaskSwap ep=4 ep_seq=11 infer_seq=69 t=1202 es=114 k=0 motion_frames=- motion_emb_sha= motion_pos_sha= motion_mask= mem_order_sha= motion_cols_sha= donor=None cover=exact:0,fallback:0,cycle:0,cross_seg:0 gate=none num_steps=10 act_sha=ddaebc7b915d8da6 infer_ms=67.2
INFO:mme_vla_suite.serving.websocket_policy_server:TIMING infer_ms=67.2
INFO:mme_vla_suite.serving.websocket_policy_server:TIMING add_buffer_ms=37.1 frames=16 exec_start_idx=0
MV_INFER cond=normal split=test task=VideoUnmaskSwap ep=4 ep_seq=11 infer_seq=70 t=1218 es=114 k=0 motion_frames=- motion_emb_sha= motion_pos_sha= motion_mask= mem_order_sha= motion_cols_sha= donor=None cover=exact:0,fallback:0,cycle:0,cross_seg:0 gate=none num_steps=10 act_sha=7eda46cc245d2b93 infer_ms=67.2
INFO:mme_vla_suite.serving.websocket_policy_server:TIMING infer_ms=67.2
INFO:mme_vla_suite.serving.websocket_policy_server:TIMING add_buffer_ms=36.7 frames=16 exec_start_idx=0
MV_INFER cond=normal split=test task=VideoUnmaskSwap ep=4 ep_seq=11 infer_seq=71 t=1234 es=114 k=0 motion_frames=- motion_emb_sha= motion_pos_sha= motion_mask= mem_order_sha= motion_cols_sha= donor=None cover=exact:0,fallback:0,cycle:0,cross_seg:0 gate=none num_steps=10 act_sha=045758ded459671f infer_ms=67.0
INFO:mme_vla_suite.serving.websocket_policy_server:TIMING infer_ms=67.0
INFO:mme_vla_suite.serving.websocket_policy_server:TIMING add_buffer_ms=36.7 frames=16 exec_start_idx=0
MV_INFER cond=normal split=test task=VideoUnmaskSwap ep=4 ep_seq=11 infer_seq=72 t=1250 es=114 k=0 motion_frames=- motion_emb_sha= motion_pos_sha= motion_mask= mem_order_sha= motion_cols_sha= donor=None cover=exact:0,fallback:0,cycle:0,cross_seg:0 gate=none num_steps=10 act_sha=3d86af3e8af79ab3 infer_ms=67.2
INFO:mme_vla_suite.serving.websocket_policy_server:TIMING infer_ms=67.2
INFO:mme_vla_suite.serving.websocket_policy_server:TIMING add_buffer_ms=36.7 frames=16 exec_start_idx=0
MV_INFER cond=normal split=test task=VideoUnmaskSwap ep=4 ep_seq=11 infer_seq=73 t=1266 es=114 k=0 motion_frames=- motion_emb_sha= motion_pos_sha= motion_mask= mem_order_sha= motion_cols_sha= donor=None cover=exact:0,fallback:0,cycle:0,cross_seg:0 gate=none num_steps=10 act_sha=7dbc399e42dabc3a infer_ms=67.0
INFO:mme_vla_suite.serving.websocket_policy_server:TIMING infer_ms=67.0
INFO:mme_vla_suite.serving.websocket_policy_server:TIMING add_buffer_ms=36.7 frames=16 exec_start_idx=0
MV_INFER cond=normal split=test task=VideoUnmaskSwap ep=4 ep_seq=11 infer_seq=74 t=1282 es=114 k=0 motion_frames=- motion_emb_sha= motion_pos_sha= motion_mask= mem_order_sha= motion_cols_sha= donor=None cover=exact:0,fallback:0,cycle:0,cross_seg:0 gate=none num_steps=10 act_sha=3bb4cfd8984d06e6 infer_ms=67.0
INFO:mme_vla_suite.serving.websocket_policy_server:TIMING infer_ms=67.0
INFO:mme_vla_suite.serving.websocket_policy_server:TIMING add_buffer_ms=37.0 frames=16 exec_start_idx=0
MV_INFER cond=normal split=test task=VideoUnmaskSwap ep=4 ep_seq=11 infer_seq=75 t=1298 es=114 k=0 motion_frames=- motion_emb_sha= motion_pos_sha= motion_mask= mem_order_sha= motion_cols_sha= donor=None cover=exact:0,fallback:0,cycle:0,cross_seg:0 gate=none num_steps=10 act_sha=dae14a8ca927d45b infer_ms=67.3
INFO:mme_vla_suite.serving.websocket_policy_server:TIMING infer_ms=67.3
INFO:mme_vla_suite.serving.websocket_policy_server:TIMING add_buffer_ms=36.9 frames=16 exec_start_idx=0
MV_INFER cond=normal split=test task=VideoUnmaskSwap ep=4 ep_seq=11 infer_seq=76 t=1314 es=114 k=0 motion_frames=- motion_emb_sha= motion_pos_sha= motion_mask= mem_order_sha= motion_cols_sha= donor=None cover=exact:0,fallback:0,cycle:0,cross_seg:0 gate=none num_steps=10 act_sha=546dd341e41be07c infer_ms=67.0
INFO:mme_vla_suite.serving.websocket_policy_server:TIMING infer_ms=67.0
INFO:mme_vla_suite.serving.websocket_policy_server:TIMING add_buffer_ms=36.5 frames=16 exec_start_idx=0
MV_INFER cond=normal split=test task=VideoUnmaskSwap ep=4 ep_seq=11 infer_seq=77 t=1330 es=114 k=0 motion_frames=- motion_emb_sha= motion_pos_sha= motion_mask= mem_order_sha= motion_cols_sha= donor=None cover=exact:0,fallback:0,cycle:0,cross_seg:0 gate=none num_steps=10 act_sha=2b47464bf4196a8a infer_ms=67.1
INFO:mme_vla_suite.serving.websocket_policy_server:TIMING infer_ms=67.1
INFO:mme_vla_suite.serving.websocket_policy_server:TIMING add_buffer_ms=36.7 frames=16 exec_start_idx=0
MV_INFER cond=normal split=test task=VideoUnmaskSwap ep=4 ep_seq=11 infer_seq=78 t=1346 es=114 k=0 motion_frames=- motion_emb_sha= motion_pos_sha= motion_mask= mem_order_sha= motion_cols_sha= donor=None cover=exact:0,fallback:0,cycle:0,cross_seg:0 gate=none num_steps=10 act_sha=1a55e7f5ec13aec7 infer_ms=66.9
INFO:mme_vla_suite.serving.websocket_policy_server:TIMING infer_ms=66.9
INFO:mme_vla_suite.serving.websocket_policy_server:TIMING add_buffer_ms=36.5 frames=16 exec_start_idx=0
MV_INFER cond=normal split=test task=VideoUnmaskSwap ep=4 ep_seq=11 infer_seq=79 t=1362 es=114 k=0 motion_frames=- motion_emb_sha= motion_pos_sha= motion_mask= mem_order_sha= motion_cols_sha= donor=None cover=exact:0,fallback:0,cycle:0,cross_seg:0 gate=none num_steps=10 act_sha=f2b757dd447d9056 infer_ms=67.2
INFO:mme_vla_suite.serving.websocket_policy_server:TIMING infer_ms=67.2
INFO:mme_vla_suite.serving.websocket_policy_server:TIMING add_buffer_ms=37.1 frames=16 exec_start_idx=0
MV_INFER cond=normal split=test task=VideoUnmaskSwap ep=4 ep_seq=11 infer_seq=80 t=1378 es=114 k=0 motion_frames=- motion_emb_sha= motion_pos_sha= motion_mask= mem_order_sha= motion_cols_sha= donor=None cover=exact:0,fallback:0,cycle:0,cross_seg:0 gate=none num_steps=10 act_sha=bf76ec66c4cac81b infer_ms=67.2
INFO:mme_vla_suite.serving.websocket_policy_server:TIMING infer_ms=67.2
INFO:mme_vla_suite.serving.websocket_policy_server:TIMING add_buffer_ms=36.6 frames=16 exec_start_idx=0
MV_INFER cond=normal split=test task=VideoUnmaskSwap ep=4 ep_seq=11 infer_seq=81 t=1394 es=114 k=0 motion_frames=- motion_emb_sha= motion_pos_sha= motion_mask= mem_order_sha= motion_cols_sha= donor=None cover=exact:0,fallback:0,cycle:0,cross_seg:0 gate=none num_steps=10 act_sha=cde8618109762523 infer_ms=67.0
INFO:mme_vla_suite.serving.websocket_policy_server:TIMING infer_ms=67.0
INFO:mme_vla_suite.serving.websocket_policy_server:TIMING add_buffer_ms=40.2 frames=16 exec_start_idx=0
MV_INFER cond=normal split=test task=VideoUnmaskSwap ep=4 ep_seq=11 infer_seq=82 t=1410 es=114 k=0 motion_frames=- motion_emb_sha= motion_pos_sha= motion_mask= mem_order_sha= motion_cols_sha= donor=None cover=exact:0,fallback:0,cycle:0,cross_seg:0 gate=none num_steps=10 act_sha=12bb23652db88098 infer_ms=67.8
INFO:mme_vla_suite.serving.websocket_policy_server:TIMING infer_ms=67.8
INFO:websockets.server:connection open
INFO:mme_vla_suite.serving.websocket_policy_server:Connection from ('127.0.0.1', 45718) opened
MV_EPISODE_END ep_seq=11 infers=82 windows=0 wall_s=34.8
MV_EPISODE_BEGIN cond=normal split=test seed=42 ep_seq=12 expect=VideoUnmaskSwap:8
INFO:mme_vla_suite.serving.websocket_policy_server:TIMING add_buffer_ms=1174.4 frames=169 exec_start_idx=168
MV_INFER cond=normal split=test task=VideoUnmaskSwap ep=8 ep_seq=12 infer_seq=1 t=168 es=168 k=0 motion_frames=- motion_emb_sha= motion_pos_sha= motion_mask= mem_order_sha= motion_cols_sha= donor=None cover=exact:0,fallback:0,cycle:0,cross_seg:0 gate=none num_steps=10 act_sha=e317d8dd099d1339 infer_ms=68.0
INFO:mme_vla_suite.serving.websocket_policy_server:TIMING infer_ms=68.0
INFO:mme_vla_suite.serving.websocket_policy_server:TIMING add_buffer_ms=36.3 frames=16 exec_start_idx=0
MV_INFER cond=normal split=test task=VideoUnmaskSwap ep=8 ep_seq=12 infer_seq=2 t=184 es=168 k=0 motion_frames=- motion_emb_sha= motion_pos_sha= motion_mask= mem_order_sha= motion_cols_sha= donor=None cover=exact:0,fallback:0,cycle:0,cross_seg:0 gate=none num_steps=10 act_sha=33aa31f0ee694fee infer_ms=67.4
INFO:mme_vla_suite.serving.websocket_policy_server:TIMING infer_ms=67.4
INFO:mme_vla_suite.serving.websocket_policy_server:TIMING add_buffer_ms=38.0 frames=16 exec_start_idx=0
MV_INFER cond=normal split=test task=VideoUnmaskSwap ep=8 ep_seq=12 infer_seq=3 t=200 es=168 k=0 motion_frames=- motion_emb_sha= motion_pos_sha= motion_mask= mem_order_sha= motion_cols_sha= donor=None cover=exact:0,fallback:0,cycle:0,cross_seg:0 gate=none num_steps=10 act_sha=560670b0f81dfb9e infer_ms=66.8
INFO:mme_vla_suite.serving.websocket_policy_server:TIMING infer_ms=66.8
INFO:mme_vla_suite.serving.websocket_policy_server:TIMING add_buffer_ms=36.5 frames=16 exec_start_idx=0
MV_INFER cond=normal split=test task=VideoUnmaskSwap ep=8 ep_seq=12 infer_seq=4 t=216 es=168 k=0 motion_frames=- motion_emb_sha= motion_pos_sha= motion_mask= mem_order_sha= motion_cols_sha= donor=None cover=exact:0,fallback:0,cycle:0,cross_seg:0 gate=none num_steps=10 act_sha=2d10d41fc93d1b52 infer_ms=67.1
INFO:mme_vla_suite.serving.websocket_policy_server:TIMING infer_ms=67.1
INFO:mme_vla_suite.serving.websocket_policy_server:TIMING add_buffer_ms=35.8 frames=16 exec_start_idx=0
MV_INFER cond=normal split=test task=VideoUnmaskSwap ep=8 ep_seq=12 infer_seq=5 t=232 es=168 k=0 motion_frames=- motion_emb_sha= motion_pos_sha= motion_mask= mem_order_sha= motion_cols_sha= donor=None cover=exact:0,fallback:0,cycle:0,cross_seg:0 gate=none num_steps=10 act_sha=fddba1b5b10dc877 infer_ms=66.9
INFO:mme_vla_suite.serving.websocket_policy_server:TIMING infer_ms=66.9
INFO:mme_vla_suite.serving.websocket_policy_server:TIMING add_buffer_ms=36.7 frames=16 exec_start_idx=0
MV_INFER cond=normal split=test task=VideoUnmaskSwap ep=8 ep_seq=12 infer_seq=6 t=248 es=168 k=0 motion_frames=- motion_emb_sha= motion_pos_sha= motion_mask= mem_order_sha= motion_cols_sha= donor=None cover=exact:0,fallback:0,cycle:0,cross_seg:0 gate=none num_steps=10 act_sha=c6a1fd60d2609681 infer_ms=67.4
INFO:mme_vla_suite.serving.websocket_policy_server:TIMING infer_ms=67.4
INFO:mme_vla_suite.serving.websocket_policy_server:TIMING add_buffer_ms=36.1 frames=16 exec_start_idx=0
MV_INFER cond=normal split=test task=VideoUnmaskSwap ep=8 ep_seq=12 infer_seq=7 t=264 es=168 k=0 motion_frames=- motion_emb_sha= motion_pos_sha= motion_mask= mem_order_sha= motion_cols_sha= donor=None cover=exact:0,fallback:0,cycle:0,cross_seg:0 gate=none num_steps=10 act_sha=3cae82ae617bbe9c infer_ms=67.0
INFO:mme_vla_suite.serving.websocket_policy_server:TIMING infer_ms=67.0
INFO:mme_vla_suite.serving.websocket_policy_server:TIMING add_buffer_ms=36.2 frames=16 exec_start_idx=0
MV_INFER cond=normal split=test task=VideoUnmaskSwap ep=8 ep_seq=12 infer_seq=8 t=280 es=168 k=0 motion_frames=- motion_emb_sha= motion_pos_sha= motion_mask= mem_order_sha= motion_cols_sha= donor=None cover=exact:0,fallback:0,cycle:0,cross_seg:0 gate=none num_steps=10 act_sha=6e4251186fcd7ce5 infer_ms=67.4
INFO:mme_vla_suite.serving.websocket_policy_server:TIMING infer_ms=67.4
INFO:mme_vla_suite.serving.websocket_policy_server:TIMING add_buffer_ms=35.8 frames=16 exec_start_idx=0
MV_INFER cond=normal split=test task=VideoUnmaskSwap ep=8 ep_seq=12 infer_seq=9 t=296 es=168 k=0 motion_frames=- motion_emb_sha= motion_pos_sha= motion_mask= mem_order_sha= motion_cols_sha= donor=None cover=exact:0,fallback:0,cycle:0,cross_seg:0 gate=none num_steps=10 act_sha=e9350c47c259967e infer_ms=67.3
INFO:mme_vla_suite.serving.websocket_policy_server:TIMING infer_ms=67.3
INFO:mme_vla_suite.serving.websocket_policy_server:TIMING add_buffer_ms=35.6 frames=16 exec_start_idx=0
MV_INFER cond=normal split=test task=VideoUnmaskSwap ep=8 ep_seq=12 infer_seq=10 t=312 es=168 k=0 motion_frames=- motion_emb_sha= motion_pos_sha= motion_mask= mem_order_sha= motion_cols_sha= donor=None cover=exact:0,fallback:0,cycle:0,cross_seg:0 gate=none num_steps=10 act_sha=27df9da6cc1a1c15 infer_ms=66.9
INFO:mme_vla_suite.serving.websocket_policy_server:TIMING infer_ms=66.9
INFO:mme_vla_suite.serving.websocket_policy_server:TIMING add_buffer_ms=36.0 frames=16 exec_start_idx=0
MV_INFER cond=normal split=test task=VideoUnmaskSwap ep=8 ep_seq=12 infer_seq=11 t=328 es=168 k=0 motion_frames=- motion_emb_sha= motion_pos_sha= motion_mask= mem_order_sha= motion_cols_sha= donor=None cover=exact:0,fallback:0,cycle:0,cross_seg:0 gate=none num_steps=10 act_sha=049a19b34d660a3c infer_ms=67.2
INFO:mme_vla_suite.serving.websocket_policy_server:TIMING infer_ms=67.2
INFO:mme_vla_suite.serving.websocket_policy_server:TIMING add_buffer_ms=36.4 frames=16 exec_start_idx=0
MV_INFER cond=normal split=test task=VideoUnmaskSwap ep=8 ep_seq=12 infer_seq=12 t=344 es=168 k=0 motion_frames=- motion_emb_sha= motion_pos_sha= motion_mask= mem_order_sha= motion_cols_sha= donor=None cover=exact:0,fallback:0,cycle:0,cross_seg:0 gate=none num_steps=10 act_sha=55b75665d1e3aec1 infer_ms=66.8
INFO:mme_vla_suite.serving.websocket_policy_server:TIMING infer_ms=66.8
INFO:mme_vla_suite.serving.websocket_policy_server:TIMING add_buffer_ms=36.4 frames=16 exec_start_idx=0
MV_INFER cond=normal split=test task=VideoUnmaskSwap ep=8 ep_seq=12 infer_seq=13 t=360 es=168 k=0 motion_frames=- motion_emb_sha= motion_pos_sha= motion_mask= mem_order_sha= motion_cols_sha= donor=None cover=exact:0,fallback:0,cycle:0,cross_seg:0 gate=none num_steps=10 act_sha=c00024da1933c518 infer_ms=67.0
INFO:mme_vla_suite.serving.websocket_policy_server:TIMING infer_ms=67.0
INFO:mme_vla_suite.serving.websocket_policy_server:TIMING add_buffer_ms=37.2 frames=16 exec_start_idx=0
MV_INFER cond=normal split=test task=VideoUnmaskSwap ep=8 ep_seq=12 infer_seq=14 t=376 es=168 k=0 motion_frames=- motion_emb_sha= motion_pos_sha= motion_mask= mem_order_sha= motion_cols_sha= donor=None cover=exact:0,fallback:0,cycle:0,cross_seg:0 gate=none num_steps=10 act_sha=2f32b80c10eca6e5 infer_ms=67.3
INFO:mme_vla_suite.serving.websocket_policy_server:TIMING infer_ms=67.3
INFO:mme_vla_suite.serving.websocket_policy_server:TIMING add_buffer_ms=37.0 frames=16 exec_start_idx=0
MV_INFER cond=normal split=test task=VideoUnmaskSwap ep=8 ep_seq=12 infer_seq=15 t=392 es=168 k=0 motion_frames=- motion_emb_sha= motion_pos_sha= motion_mask= mem_order_sha= motion_cols_sha= donor=None cover=exact:0,fallback:0,cycle:0,cross_seg:0 gate=none num_steps=10 act_sha=58b0cc3ecaacaf1c infer_ms=67.0
INFO:mme_vla_suite.serving.websocket_policy_server:TIMING infer_ms=67.0
INFO:mme_vla_suite.serving.websocket_policy_server:TIMING add_buffer_ms=37.7 frames=16 exec_start_idx=0
MV_INFER cond=normal split=test task=VideoUnmaskSwap ep=8 ep_seq=12 infer_seq=16 t=408 es=168 k=0 motion_frames=- motion_emb_sha= motion_pos_sha= motion_mask= mem_order_sha= motion_cols_sha= donor=None cover=exact:0,fallback:0,cycle:0,cross_seg:0 gate=none num_steps=10 act_sha=b1bb92cc72802334 infer_ms=67.4
INFO:mme_vla_suite.serving.websocket_policy_server:TIMING infer_ms=67.4
INFO:mme_vla_suite.serving.websocket_policy_server:TIMING add_buffer_ms=37.1 frames=16 exec_start_idx=0
MV_INFER cond=normal split=test task=VideoUnmaskSwap ep=8 ep_seq=12 infer_seq=17 t=424 es=168 k=0 motion_frames=- motion_emb_sha= motion_pos_sha= motion_mask= mem_order_sha= motion_cols_sha= donor=None cover=exact:0,fallback:0,cycle:0,cross_seg:0 gate=none num_steps=10 act_sha=258b484b8deda66c infer_ms=66.9
INFO:mme_vla_suite.serving.websocket_policy_server:TIMING infer_ms=66.9
INFO:mme_vla_suite.serving.websocket_policy_server:TIMING add_buffer_ms=36.9 frames=16 exec_start_idx=0
MV_INFER cond=normal split=test task=VideoUnmaskSwap ep=8 ep_seq=12 infer_seq=18 t=440 es=168 k=0 motion_frames=- motion_emb_sha= motion_pos_sha= motion_mask= mem_order_sha= motion_cols_sha= donor=None cover=exact:0,fallback:0,cycle:0,cross_seg:0 gate=none num_steps=10 act_sha=899284a16419922d infer_ms=67.2
INFO:mme_vla_suite.serving.websocket_policy_server:TIMING infer_ms=67.2
INFO:mme_vla_suite.serving.websocket_policy_server:TIMING add_buffer_ms=36.6 frames=16 exec_start_idx=0
MV_INFER cond=normal split=test task=VideoUnmaskSwap ep=8 ep_seq=12 infer_seq=19 t=456 es=168 k=0 motion_frames=- motion_emb_sha= motion_pos_sha= motion_mask= mem_order_sha= motion_cols_sha= donor=None cover=exact:0,fallback:0,cycle:0,cross_seg:0 gate=none num_steps=10 act_sha=3071dba912fad949 infer_ms=66.9
INFO:mme_vla_suite.serving.websocket_policy_server:TIMING infer_ms=66.9
INFO:mme_vla_suite.serving.websocket_policy_server:TIMING add_buffer_ms=36.5 frames=16 exec_start_idx=0
MV_INFER cond=normal split=test task=VideoUnmaskSwap ep=8 ep_seq=12 infer_seq=20 t=472 es=168 k=0 motion_frames=- motion_emb_sha= motion_pos_sha= motion_mask= mem_order_sha= motion_cols_sha= donor=None cover=exact:0,fallback:0,cycle:0,cross_seg:0 gate=none num_steps=10 act_sha=70842c69134c7859 infer_ms=67.2
INFO:mme_vla_suite.serving.websocket_policy_server:TIMING infer_ms=67.2
INFO:mme_vla_suite.serving.websocket_policy_server:TIMING add_buffer_ms=36.5 frames=16 exec_start_idx=0
MV_INFER cond=normal split=test task=VideoUnmaskSwap ep=8 ep_seq=12 infer_seq=21 t=488 es=168 k=0 motion_frames=- motion_emb_sha= motion_pos_sha= motion_mask= mem_order_sha= motion_cols_sha= donor=None cover=exact:0,fallback:0,cycle:0,cross_seg:0 gate=none num_steps=10 act_sha=acda4617d646a014 infer_ms=67.0
INFO:mme_vla_suite.serving.websocket_policy_server:TIMING infer_ms=67.0
INFO:mme_vla_suite.serving.websocket_policy_server:TIMING add_buffer_ms=36.7 frames=16 exec_start_idx=0
MV_INFER cond=normal split=test task=VideoUnmaskSwap ep=8 ep_seq=12 infer_seq=22 t=504 es=168 k=0 motion_frames=- motion_emb_sha= motion_pos_sha= motion_mask= mem_order_sha= motion_cols_sha= donor=None cover=exact:0,fallback:0,cycle:0,cross_seg:0 gate=none num_steps=10 act_sha=3696c505a2dc00b7 infer_ms=67.3
INFO:mme_vla_suite.serving.websocket_policy_server:TIMING infer_ms=67.3
INFO:mme_vla_suite.serving.websocket_policy_server:TIMING add_buffer_ms=36.9 frames=16 exec_start_idx=0
MV_INFER cond=normal split=test task=VideoUnmaskSwap ep=8 ep_seq=12 infer_seq=23 t=520 es=168 k=0 motion_frames=- motion_emb_sha= motion_pos_sha= motion_mask= mem_order_sha= motion_cols_sha= donor=None cover=exact:0,fallback:0,cycle:0,cross_seg:0 gate=none num_steps=10 act_sha=65b7a4f93d5def60 infer_ms=67.0
INFO:mme_vla_suite.serving.websocket_policy_server:TIMING infer_ms=67.0
INFO:mme_vla_suite.serving.websocket_policy_server:TIMING add_buffer_ms=37.1 frames=16 exec_start_idx=0
MV_INFER cond=normal split=test task=VideoUnmaskSwap ep=8 ep_seq=12 infer_seq=24 t=536 es=168 k=0 motion_frames=- motion_emb_sha= motion_pos_sha= motion_mask= mem_order_sha= motion_cols_sha= donor=None cover=exact:0,fallback:0,cycle:0,cross_seg:0 gate=none num_steps=10 act_sha=80055a26d33c4bc6 infer_ms=66.9
INFO:mme_vla_suite.serving.websocket_policy_server:TIMING infer_ms=66.9
INFO:mme_vla_suite.serving.websocket_policy_server:TIMING add_buffer_ms=37.3 frames=16 exec_start_idx=0
MV_INFER cond=normal split=test task=VideoUnmaskSwap ep=8 ep_seq=12 infer_seq=25 t=552 es=168 k=0 motion_frames=- motion_emb_sha= motion_pos_sha= motion_mask= mem_order_sha= motion_cols_sha= donor=None cover=exact:0,fallback:0,cycle:0,cross_seg:0 gate=none num_steps=10 act_sha=8d8cd50d44df48ed infer_ms=67.4
INFO:mme_vla_suite.serving.websocket_policy_server:TIMING infer_ms=67.4
INFO:mme_vla_suite.serving.websocket_policy_server:TIMING add_buffer_ms=36.4 frames=16 exec_start_idx=0
MV_INFER cond=normal split=test task=VideoUnmaskSwap ep=8 ep_seq=12 infer_seq=26 t=568 es=168 k=0 motion_frames=- motion_emb_sha= motion_pos_sha= motion_mask= mem_order_sha= motion_cols_sha= donor=None cover=exact:0,fallback:0,cycle:0,cross_seg:0 gate=none num_steps=10 act_sha=723d4d52037e93a5 infer_ms=66.8
INFO:mme_vla_suite.serving.websocket_policy_server:TIMING infer_ms=66.8
INFO:mme_vla_suite.serving.websocket_policy_server:TIMING add_buffer_ms=38.4 frames=16 exec_start_idx=0
MV_INFER cond=normal split=test task=VideoUnmaskSwap ep=8 ep_seq=12 infer_seq=27 t=584 es=168 k=0 motion_frames=- motion_emb_sha= motion_pos_sha= motion_mask= mem_order_sha= motion_cols_sha= donor=None cover=exact:0,fallback:0,cycle:0,cross_seg:0 gate=none num_steps=10 act_sha=a5d7f3b276914c55 infer_ms=67.1
INFO:mme_vla_suite.serving.websocket_policy_server:TIMING infer_ms=67.1
INFO:mme_vla_suite.serving.websocket_policy_server:TIMING add_buffer_ms=37.2 frames=16 exec_start_idx=0
MV_INFER cond=normal split=test task=VideoUnmaskSwap ep=8 ep_seq=12 infer_seq=28 t=600 es=168 k=0 motion_frames=- motion_emb_sha= motion_pos_sha= motion_mask= mem_order_sha= motion_cols_sha= donor=None cover=exact:0,fallback:0,cycle:0,cross_seg:0 gate=none num_steps=10 act_sha=f4296c98c861dd1e infer_ms=67.3
INFO:mme_vla_suite.serving.websocket_policy_server:TIMING infer_ms=67.3
INFO:mme_vla_suite.serving.websocket_policy_server:TIMING add_buffer_ms=37.8 frames=16 exec_start_idx=0
MV_INFER cond=normal split=test task=VideoUnmaskSwap ep=8 ep_seq=12 infer_seq=29 t=616 es=168 k=0 motion_frames=- motion_emb_sha= motion_pos_sha= motion_mask= mem_order_sha= motion_cols_sha= donor=None cover=exact:0,fallback:0,cycle:0,cross_seg:0 gate=none num_steps=10 act_sha=76e929a049a94107 infer_ms=67.4
INFO:mme_vla_suite.serving.websocket_policy_server:TIMING infer_ms=67.4
INFO:mme_vla_suite.serving.websocket_policy_server:TIMING add_buffer_ms=37.0 frames=16 exec_start_idx=0
MV_INFER cond=normal split=test task=VideoUnmaskSwap ep=8 ep_seq=12 infer_seq=30 t=632 es=168 k=0 motion_frames=- motion_emb_sha= motion_pos_sha= motion_mask= mem_order_sha= motion_cols_sha= donor=None cover=exact:0,fallback:0,cycle:0,cross_seg:0 gate=none num_steps=10 act_sha=240dc09f6f0f25ba infer_ms=67.0
INFO:mme_vla_suite.serving.websocket_policy_server:TIMING infer_ms=67.0
INFO:mme_vla_suite.serving.websocket_policy_server:TIMING add_buffer_ms=37.1 frames=16 exec_start_idx=0
MV_INFER cond=normal split=test task=VideoUnmaskSwap ep=8 ep_seq=12 infer_seq=31 t=648 es=168 k=0 motion_frames=- motion_emb_sha= motion_pos_sha= motion_mask= mem_order_sha= motion_cols_sha= donor=None cover=exact:0,fallback:0,cycle:0,cross_seg:0 gate=none num_steps=10 act_sha=9657455c31eead1c infer_ms=67.0
INFO:mme_vla_suite.serving.websocket_policy_server:TIMING infer_ms=67.0
INFO:mme_vla_suite.serving.websocket_policy_server:TIMING add_buffer_ms=36.5 frames=16 exec_start_idx=0
MV_INFER cond=normal split=test task=VideoUnmaskSwap ep=8 ep_seq=12 infer_seq=32 t=664 es=168 k=0 motion_frames=- motion_emb_sha= motion_pos_sha= motion_mask= mem_order_sha= motion_cols_sha= donor=None cover=exact:0,fallback:0,cycle:0,cross_seg:0 gate=none num_steps=10 act_sha=29c9efa2dfd9016a infer_ms=66.9
INFO:mme_vla_suite.serving.websocket_policy_server:TIMING infer_ms=66.9
INFO:mme_vla_suite.serving.websocket_policy_server:TIMING add_buffer_ms=36.9 frames=16 exec_start_idx=0
MV_INFER cond=normal split=test task=VideoUnmaskSwap ep=8 ep_seq=12 infer_seq=33 t=680 es=168 k=0 motion_frames=- motion_emb_sha= motion_pos_sha= motion_mask= mem_order_sha= motion_cols_sha= donor=None cover=exact:0,fallback:0,cycle:0,cross_seg:0 gate=none num_steps=10 act_sha=da46025b33dfdf5c infer_ms=67.1
INFO:mme_vla_suite.serving.websocket_policy_server:TIMING infer_ms=67.1
INFO:mme_vla_suite.serving.websocket_policy_server:TIMING add_buffer_ms=37.8 frames=16 exec_start_idx=0
MV_INFER cond=normal split=test task=VideoUnmaskSwap ep=8 ep_seq=12 infer_seq=34 t=696 es=168 k=0 motion_frames=- motion_emb_sha= motion_pos_sha= motion_mask= mem_order_sha= motion_cols_sha= donor=None cover=exact:0,fallback:0,cycle:0,cross_seg:0 gate=none num_steps=10 act_sha=a71d7f41697ebf63 infer_ms=68.3
INFO:mme_vla_suite.serving.websocket_policy_server:TIMING infer_ms=68.3
INFO:mme_vla_suite.serving.websocket_policy_server:TIMING add_buffer_ms=36.9 frames=16 exec_start_idx=0
MV_INFER cond=normal split=test task=VideoUnmaskSwap ep=8 ep_seq=12 infer_seq=35 t=712 es=168 k=0 motion_frames=- motion_emb_sha= motion_pos_sha= motion_mask= mem_order_sha= motion_cols_sha= donor=None cover=exact:0,fallback:0,cycle:0,cross_seg:0 gate=none num_steps=10 act_sha=b2dbe97c315cead3 infer_ms=67.0
INFO:mme_vla_suite.serving.websocket_policy_server:TIMING infer_ms=67.0
INFO:mme_vla_suite.serving.websocket_policy_server:TIMING add_buffer_ms=40.3 frames=16 exec_start_idx=0
MV_INFER cond=normal split=test task=VideoUnmaskSwap ep=8 ep_seq=12 infer_seq=36 t=728 es=168 k=0 motion_frames=- motion_emb_sha= motion_pos_sha= motion_mask= mem_order_sha= motion_cols_sha= donor=None cover=exact:0,fallback:0,cycle:0,cross_seg:0 gate=none num_steps=10 act_sha=832141848c143450 infer_ms=67.4
INFO:mme_vla_suite.serving.websocket_policy_server:TIMING infer_ms=67.4
INFO:mme_vla_suite.serving.websocket_policy_server:TIMING add_buffer_ms=37.0 frames=16 exec_start_idx=0
MV_INFER cond=normal split=test task=VideoUnmaskSwap ep=8 ep_seq=12 infer_seq=37 t=744 es=168 k=0 motion_frames=- motion_emb_sha= motion_pos_sha= motion_mask= mem_order_sha= motion_cols_sha= donor=None cover=exact:0,fallback:0,cycle:0,cross_seg:0 gate=none num_steps=10 act_sha=3869bf5dcb8a018f infer_ms=67.1
INFO:mme_vla_suite.serving.websocket_policy_server:TIMING infer_ms=67.1
INFO:mme_vla_suite.serving.websocket_policy_server:TIMING add_buffer_ms=36.5 frames=16 exec_start_idx=0
MV_INFER cond=normal split=test task=VideoUnmaskSwap ep=8 ep_seq=12 infer_seq=38 t=760 es=168 k=0 motion_frames=- motion_emb_sha= motion_pos_sha= motion_mask= mem_order_sha= motion_cols_sha= donor=None cover=exact:0,fallback:0,cycle:0,cross_seg:0 gate=none num_steps=10 act_sha=41366bc59e7615c6 infer_ms=67.1
INFO:mme_vla_suite.serving.websocket_policy_server:TIMING infer_ms=67.1
INFO:mme_vla_suite.serving.websocket_policy_server:TIMING add_buffer_ms=36.8 frames=16 exec_start_idx=0
MV_INFER cond=normal split=test task=VideoUnmaskSwap ep=8 ep_seq=12 infer_seq=39 t=776 es=168 k=0 motion_frames=- motion_emb_sha= motion_pos_sha= motion_mask= mem_order_sha= motion_cols_sha= donor=None cover=exact:0,fallback:0,cycle:0,cross_seg:0 gate=none num_steps=10 act_sha=2f6d42d97078f624 infer_ms=67.2
INFO:mme_vla_suite.serving.websocket_policy_server:TIMING infer_ms=67.2
INFO:mme_vla_suite.serving.websocket_policy_server:TIMING add_buffer_ms=36.6 frames=16 exec_start_idx=0
MV_INFER cond=normal split=test task=VideoUnmaskSwap ep=8 ep_seq=12 infer_seq=40 t=792 es=168 k=0 motion_frames=- motion_emb_sha= motion_pos_sha= motion_mask= mem_order_sha= motion_cols_sha= donor=None cover=exact:0,fallback:0,cycle:0,cross_seg:0 gate=none num_steps=10 act_sha=c06588e2ca0c98bb infer_ms=67.0
INFO:mme_vla_suite.serving.websocket_policy_server:TIMING infer_ms=67.0
INFO:mme_vla_suite.serving.websocket_policy_server:TIMING add_buffer_ms=36.8 frames=16 exec_start_idx=0
MV_INFER cond=normal split=test task=VideoUnmaskSwap ep=8 ep_seq=12 infer_seq=41 t=808 es=168 k=0 motion_frames=- motion_emb_sha= motion_pos_sha= motion_mask= mem_order_sha= motion_cols_sha= donor=None cover=exact:0,fallback:0,cycle:0,cross_seg:0 gate=none num_steps=10 act_sha=8f6f67a435850e75 infer_ms=66.8
INFO:mme_vla_suite.serving.websocket_policy_server:TIMING infer_ms=66.8
INFO:mme_vla_suite.serving.websocket_policy_server:TIMING add_buffer_ms=36.5 frames=16 exec_start_idx=0
MV_INFER cond=normal split=test task=VideoUnmaskSwap ep=8 ep_seq=12 infer_seq=42 t=824 es=168 k=0 motion_frames=- motion_emb_sha= motion_pos_sha= motion_mask= mem_order_sha= motion_cols_sha= donor=None cover=exact:0,fallback:0,cycle:0,cross_seg:0 gate=none num_steps=10 act_sha=5a2ad6e0493a3330 infer_ms=66.9
INFO:mme_vla_suite.serving.websocket_policy_server:TIMING infer_ms=66.9
INFO:mme_vla_suite.serving.websocket_policy_server:TIMING add_buffer_ms=36.6 frames=16 exec_start_idx=0
MV_INFER cond=normal split=test task=VideoUnmaskSwap ep=8 ep_seq=12 infer_seq=43 t=840 es=168 k=0 motion_frames=- motion_emb_sha= motion_pos_sha= motion_mask= mem_order_sha= motion_cols_sha= donor=None cover=exact:0,fallback:0,cycle:0,cross_seg:0 gate=none num_steps=10 act_sha=8402b1fed9ccee56 infer_ms=67.0
INFO:mme_vla_suite.serving.websocket_policy_server:TIMING infer_ms=67.0
INFO:mme_vla_suite.serving.websocket_policy_server:TIMING add_buffer_ms=36.6 frames=16 exec_start_idx=0
MV_INFER cond=normal split=test task=VideoUnmaskSwap ep=8 ep_seq=12 infer_seq=44 t=856 es=168 k=0 motion_frames=- motion_emb_sha= motion_pos_sha= motion_mask= mem_order_sha= motion_cols_sha= donor=None cover=exact:0,fallback:0,cycle:0,cross_seg:0 gate=none num_steps=10 act_sha=aebced4516889428 infer_ms=67.2
INFO:mme_vla_suite.serving.websocket_policy_server:TIMING infer_ms=67.2
INFO:mme_vla_suite.serving.websocket_policy_server:TIMING add_buffer_ms=36.7 frames=16 exec_start_idx=0
MV_INFER cond=normal split=test task=VideoUnmaskSwap ep=8 ep_seq=12 infer_seq=45 t=872 es=168 k=0 motion_frames=- motion_emb_sha= motion_pos_sha= motion_mask= mem_order_sha= motion_cols_sha= donor=None cover=exact:0,fallback:0,cycle:0,cross_seg:0 gate=none num_steps=10 act_sha=b401238f4ce54920 infer_ms=66.9
INFO:mme_vla_suite.serving.websocket_policy_server:TIMING infer_ms=66.9
INFO:mme_vla_suite.serving.websocket_policy_server:TIMING add_buffer_ms=36.6 frames=16 exec_start_idx=0
MV_INFER cond=normal split=test task=VideoUnmaskSwap ep=8 ep_seq=12 infer_seq=46 t=888 es=168 k=0 motion_frames=- motion_emb_sha= motion_pos_sha= motion_mask= mem_order_sha= motion_cols_sha= donor=None cover=exact:0,fallback:0,cycle:0,cross_seg:0 gate=none num_steps=10 act_sha=5e8f243e01281e06 infer_ms=67.1
INFO:mme_vla_suite.serving.websocket_policy_server:TIMING infer_ms=67.1
INFO:mme_vla_suite.serving.websocket_policy_server:TIMING add_buffer_ms=36.6 frames=16 exec_start_idx=0
MV_INFER cond=normal split=test task=VideoUnmaskSwap ep=8 ep_seq=12 infer_seq=47 t=904 es=168 k=0 motion_frames=- motion_emb_sha= motion_pos_sha= motion_mask= mem_order_sha= motion_cols_sha= donor=None cover=exact:0,fallback:0,cycle:0,cross_seg:0 gate=none num_steps=10 act_sha=25f1b93e4945817e infer_ms=66.9
INFO:mme_vla_suite.serving.websocket_policy_server:TIMING infer_ms=66.9
INFO:mme_vla_suite.serving.websocket_policy_server:TIMING add_buffer_ms=36.8 frames=16 exec_start_idx=0
MV_INFER cond=normal split=test task=VideoUnmaskSwap ep=8 ep_seq=12 infer_seq=48 t=920 es=168 k=0 motion_frames=- motion_emb_sha= motion_pos_sha= motion_mask= mem_order_sha= motion_cols_sha= donor=None cover=exact:0,fallback:0,cycle:0,cross_seg:0 gate=none num_steps=10 act_sha=58e6f2eca632cb09 infer_ms=67.2
INFO:mme_vla_suite.serving.websocket_policy_server:TIMING infer_ms=67.2
INFO:mme_vla_suite.serving.websocket_policy_server:TIMING add_buffer_ms=37.2 frames=16 exec_start_idx=0
MV_INFER cond=normal split=test task=VideoUnmaskSwap ep=8 ep_seq=12 infer_seq=49 t=936 es=168 k=0 motion_frames=- motion_emb_sha= motion_pos_sha= motion_mask= mem_order_sha= motion_cols_sha= donor=None cover=exact:0,fallback:0,cycle:0,cross_seg:0 gate=none num_steps=10 act_sha=d32f974a0adf2e97 infer_ms=67.3
INFO:mme_vla_suite.serving.websocket_policy_server:TIMING infer_ms=67.3
INFO:mme_vla_suite.serving.websocket_policy_server:TIMING add_buffer_ms=37.8 frames=16 exec_start_idx=0
MV_INFER cond=normal split=test task=VideoUnmaskSwap ep=8 ep_seq=12 infer_seq=50 t=952 es=168 k=0 motion_frames=- motion_emb_sha= motion_pos_sha= motion_mask= mem_order_sha= motion_cols_sha= donor=None cover=exact:0,fallback:0,cycle:0,cross_seg:0 gate=none num_steps=10 act_sha=d8072463a8a8acae infer_ms=67.2
INFO:mme_vla_suite.serving.websocket_policy_server:TIMING infer_ms=67.2
INFO:mme_vla_suite.serving.websocket_policy_server:TIMING add_buffer_ms=37.0 frames=16 exec_start_idx=0
MV_INFER cond=normal split=test task=VideoUnmaskSwap ep=8 ep_seq=12 infer_seq=51 t=968 es=168 k=0 motion_frames=- motion_emb_sha= motion_pos_sha= motion_mask= mem_order_sha= motion_cols_sha= donor=None cover=exact:0,fallback:0,cycle:0,cross_seg:0 gate=none num_steps=10 act_sha=6f7d02e00811d56c infer_ms=67.0
INFO:mme_vla_suite.serving.websocket_policy_server:TIMING infer_ms=67.0
INFO:mme_vla_suite.serving.websocket_policy_server:TIMING add_buffer_ms=36.7 frames=16 exec_start_idx=0
MV_INFER cond=normal split=test task=VideoUnmaskSwap ep=8 ep_seq=12 infer_seq=52 t=984 es=168 k=0 motion_frames=- motion_emb_sha= motion_pos_sha= motion_mask= mem_order_sha= motion_cols_sha= donor=None cover=exact:0,fallback:0,cycle:0,cross_seg:0 gate=none num_steps=10 act_sha=cd88dad8cedeaea5 infer_ms=66.8
INFO:mme_vla_suite.serving.websocket_policy_server:TIMING infer_ms=66.8
INFO:mme_vla_suite.serving.websocket_policy_server:TIMING add_buffer_ms=37.0 frames=16 exec_start_idx=0
MV_INFER cond=normal split=test task=VideoUnmaskSwap ep=8 ep_seq=12 infer_seq=53 t=1000 es=168 k=0 motion_frames=- motion_emb_sha= motion_pos_sha= motion_mask= mem_order_sha= motion_cols_sha= donor=None cover=exact:0,fallback:0,cycle:0,cross_seg:0 gate=none num_steps=10 act_sha=d3f6c34309769164 infer_ms=67.0
INFO:mme_vla_suite.serving.websocket_policy_server:TIMING infer_ms=67.0
INFO:mme_vla_suite.serving.websocket_policy_server:TIMING add_buffer_ms=38.2 frames=16 exec_start_idx=0
MV_INFER cond=normal split=test task=VideoUnmaskSwap ep=8 ep_seq=12 infer_seq=54 t=1016 es=168 k=0 motion_frames=- motion_emb_sha= motion_pos_sha= motion_mask= mem_order_sha= motion_cols_sha= donor=None cover=exact:0,fallback:0,cycle:0,cross_seg:0 gate=none num_steps=10 act_sha=ad4ac6ebc65ac7e7 infer_ms=67.0
INFO:mme_vla_suite.serving.websocket_policy_server:TIMING infer_ms=67.0
INFO:mme_vla_suite.serving.websocket_policy_server:TIMING add_buffer_ms=37.4 frames=16 exec_start_idx=0
MV_INFER cond=normal split=test task=VideoUnmaskSwap ep=8 ep_seq=12 infer_seq=55 t=1032 es=168 k=0 motion_frames=- motion_emb_sha= motion_pos_sha= motion_mask= mem_order_sha= motion_cols_sha= donor=None cover=exact:0,fallback:0,cycle:0,cross_seg:0 gate=none num_steps=10 act_sha=17988b3e9190821e infer_ms=66.9
INFO:mme_vla_suite.serving.websocket_policy_server:TIMING infer_ms=66.9
INFO:mme_vla_suite.serving.websocket_policy_server:TIMING add_buffer_ms=36.8 frames=16 exec_start_idx=0
MV_INFER cond=normal split=test task=VideoUnmaskSwap ep=8 ep_seq=12 infer_seq=56 t=1048 es=168 k=0 motion_frames=- motion_emb_sha= motion_pos_sha= motion_mask= mem_order_sha= motion_cols_sha= donor=None cover=exact:0,fallback:0,cycle:0,cross_seg:0 gate=none num_steps=10 act_sha=f51b13e01c41979a infer_ms=66.9
INFO:mme_vla_suite.serving.websocket_policy_server:TIMING infer_ms=66.9
INFO:mme_vla_suite.serving.websocket_policy_server:TIMING add_buffer_ms=36.9 frames=16 exec_start_idx=0
MV_INFER cond=normal split=test task=VideoUnmaskSwap ep=8 ep_seq=12 infer_seq=57 t=1064 es=168 k=0 motion_frames=- motion_emb_sha= motion_pos_sha= motion_mask= mem_order_sha= motion_cols_sha= donor=None cover=exact:0,fallback:0,cycle:0,cross_seg:0 gate=none num_steps=10 act_sha=addb9aa1253f122a infer_ms=67.4
INFO:mme_vla_suite.serving.websocket_policy_server:TIMING infer_ms=67.4
INFO:mme_vla_suite.serving.websocket_policy_server:TIMING add_buffer_ms=36.8 frames=16 exec_start_idx=0
MV_INFER cond=normal split=test task=VideoUnmaskSwap ep=8 ep_seq=12 infer_seq=58 t=1080 es=168 k=0 motion_frames=- motion_emb_sha= motion_pos_sha= motion_mask= mem_order_sha= motion_cols_sha= donor=None cover=exact:0,fallback:0,cycle:0,cross_seg:0 gate=none num_steps=10 act_sha=81f2bd8353dfbad8 infer_ms=67.1
INFO:mme_vla_suite.serving.websocket_policy_server:TIMING infer_ms=67.1
INFO:mme_vla_suite.serving.websocket_policy_server:TIMING add_buffer_ms=37.5 frames=16 exec_start_idx=0
MV_INFER cond=normal split=test task=VideoUnmaskSwap ep=8 ep_seq=12 infer_seq=59 t=1096 es=168 k=0 motion_frames=- motion_emb_sha= motion_pos_sha= motion_mask= mem_order_sha= motion_cols_sha= donor=None cover=exact:0,fallback:0,cycle:0,cross_seg:0 gate=none num_steps=10 act_sha=a4a1e6d19b976b4e infer_ms=67.2
INFO:mme_vla_suite.serving.websocket_policy_server:TIMING infer_ms=67.2
INFO:mme_vla_suite.serving.websocket_policy_server:TIMING add_buffer_ms=37.1 frames=16 exec_start_idx=0
MV_INFER cond=normal split=test task=VideoUnmaskSwap ep=8 ep_seq=12 infer_seq=60 t=1112 es=168 k=0 motion_frames=- motion_emb_sha= motion_pos_sha= motion_mask= mem_order_sha= motion_cols_sha= donor=None cover=exact:0,fallback:0,cycle:0,cross_seg:0 gate=none num_steps=10 act_sha=bebeb39066876747 infer_ms=67.1
INFO:mme_vla_suite.serving.websocket_policy_server:TIMING infer_ms=67.1
INFO:mme_vla_suite.serving.websocket_policy_server:TIMING add_buffer_ms=37.1 frames=16 exec_start_idx=0
MV_INFER cond=normal split=test task=VideoUnmaskSwap ep=8 ep_seq=12 infer_seq=61 t=1128 es=168 k=0 motion_frames=- motion_emb_sha= motion_pos_sha= motion_mask= mem_order_sha= motion_cols_sha= donor=None cover=exact:0,fallback:0,cycle:0,cross_seg:0 gate=none num_steps=10 act_sha=5f681c4fc024f2ff infer_ms=66.9
INFO:mme_vla_suite.serving.websocket_policy_server:TIMING infer_ms=66.9
INFO:mme_vla_suite.serving.websocket_policy_server:TIMING add_buffer_ms=36.9 frames=16 exec_start_idx=0
MV_INFER cond=normal split=test task=VideoUnmaskSwap ep=8 ep_seq=12 infer_seq=62 t=1144 es=168 k=0 motion_frames=- motion_emb_sha= motion_pos_sha= motion_mask= mem_order_sha= motion_cols_sha= donor=None cover=exact:0,fallback:0,cycle:0,cross_seg:0 gate=none num_steps=10 act_sha=47813bf79cdf34ff infer_ms=67.1
INFO:mme_vla_suite.serving.websocket_policy_server:TIMING infer_ms=67.1
INFO:mme_vla_suite.serving.websocket_policy_server:TIMING add_buffer_ms=37.0 frames=16 exec_start_idx=0
MV_INFER cond=normal split=test task=VideoUnmaskSwap ep=8 ep_seq=12 infer_seq=63 t=1160 es=168 k=0 motion_frames=- motion_emb_sha= motion_pos_sha= motion_mask= mem_order_sha= motion_cols_sha= donor=None cover=exact:0,fallback:0,cycle:0,cross_seg:0 gate=none num_steps=10 act_sha=2e86e22b6a903afb infer_ms=67.0
INFO:mme_vla_suite.serving.websocket_policy_server:TIMING infer_ms=67.0
INFO:mme_vla_suite.serving.websocket_policy_server:TIMING add_buffer_ms=38.2 frames=16 exec_start_idx=0
MV_INFER cond=normal split=test task=VideoUnmaskSwap ep=8 ep_seq=12 infer_seq=64 t=1176 es=168 k=0 motion_frames=- motion_emb_sha= motion_pos_sha= motion_mask= mem_order_sha= motion_cols_sha= donor=None cover=exact:0,fallback:0,cycle:0,cross_seg:0 gate=none num_steps=10 act_sha=24de48269426640a infer_ms=66.9
INFO:mme_vla_suite.serving.websocket_policy_server:TIMING infer_ms=66.9
INFO:mme_vla_suite.serving.websocket_policy_server:TIMING add_buffer_ms=39.5 frames=16 exec_start_idx=0
MV_INFER cond=normal split=test task=VideoUnmaskSwap ep=8 ep_seq=12 infer_seq=65 t=1192 es=168 k=0 motion_frames=- motion_emb_sha= motion_pos_sha= motion_mask= mem_order_sha= motion_cols_sha= donor=None cover=exact:0,fallback:0,cycle:0,cross_seg:0 gate=none num_steps=10 act_sha=c88a668d5154111a infer_ms=67.1
INFO:mme_vla_suite.serving.websocket_policy_server:TIMING infer_ms=67.1
INFO:mme_vla_suite.serving.websocket_policy_server:TIMING add_buffer_ms=36.9 frames=16 exec_start_idx=0
MV_INFER cond=normal split=test task=VideoUnmaskSwap ep=8 ep_seq=12 infer_seq=66 t=1208 es=168 k=0 motion_frames=- motion_emb_sha= motion_pos_sha= motion_mask= mem_order_sha= motion_cols_sha= donor=None cover=exact:0,fallback:0,cycle:0,cross_seg:0 gate=none num_steps=10 act_sha=e17f8d7c256de815 infer_ms=66.8
INFO:mme_vla_suite.serving.websocket_policy_server:TIMING infer_ms=66.8
INFO:mme_vla_suite.serving.websocket_policy_server:TIMING add_buffer_ms=37.2 frames=16 exec_start_idx=0
MV_INFER cond=normal split=test task=VideoUnmaskSwap ep=8 ep_seq=12 infer_seq=67 t=1224 es=168 k=0 motion_frames=- motion_emb_sha= motion_pos_sha= motion_mask= mem_order_sha= motion_cols_sha= donor=None cover=exact:0,fallback:0,cycle:0,cross_seg:0 gate=none num_steps=10 act_sha=d2c56015022e0be4 infer_ms=67.2
INFO:mme_vla_suite.serving.websocket_policy_server:TIMING infer_ms=67.2
INFO:mme_vla_suite.serving.websocket_policy_server:TIMING add_buffer_ms=37.1 frames=16 exec_start_idx=0
MV_INFER cond=normal split=test task=VideoUnmaskSwap ep=8 ep_seq=12 infer_seq=68 t=1240 es=168 k=0 motion_frames=- motion_emb_sha= motion_pos_sha= motion_mask= mem_order_sha= motion_cols_sha= donor=None cover=exact:0,fallback:0,cycle:0,cross_seg:0 gate=none num_steps=10 act_sha=0359ff9b4ab3b5e2 infer_ms=67.4
INFO:mme_vla_suite.serving.websocket_policy_server:TIMING infer_ms=67.4
INFO:mme_vla_suite.serving.websocket_policy_server:TIMING add_buffer_ms=37.0 frames=16 exec_start_idx=0
MV_INFER cond=normal split=test task=VideoUnmaskSwap ep=8 ep_seq=12 infer_seq=69 t=1256 es=168 k=0 motion_frames=- motion_emb_sha= motion_pos_sha= motion_mask= mem_order_sha= motion_cols_sha= donor=None cover=exact:0,fallback:0,cycle:0,cross_seg:0 gate=none num_steps=10 act_sha=53761ab40ae12682 infer_ms=66.9
INFO:mme_vla_suite.serving.websocket_policy_server:TIMING infer_ms=66.9
INFO:mme_vla_suite.serving.websocket_policy_server:TIMING add_buffer_ms=38.1 frames=16 exec_start_idx=0
MV_INFER cond=normal split=test task=VideoUnmaskSwap ep=8 ep_seq=12 infer_seq=70 t=1272 es=168 k=0 motion_frames=- motion_emb_sha= motion_pos_sha= motion_mask= mem_order_sha= motion_cols_sha= donor=None cover=exact:0,fallback:0,cycle:0,cross_seg:0 gate=none num_steps=10 act_sha=0399325c7a164d0f infer_ms=66.8
INFO:mme_vla_suite.serving.websocket_policy_server:TIMING infer_ms=66.8
INFO:mme_vla_suite.serving.websocket_policy_server:TIMING add_buffer_ms=36.7 frames=16 exec_start_idx=0
MV_INFER cond=normal split=test task=VideoUnmaskSwap ep=8 ep_seq=12 infer_seq=71 t=1288 es=168 k=0 motion_frames=- motion_emb_sha= motion_pos_sha= motion_mask= mem_order_sha= motion_cols_sha= donor=None cover=exact:0,fallback:0,cycle:0,cross_seg:0 gate=none num_steps=10 act_sha=8773a041b201dd23 infer_ms=66.9
INFO:mme_vla_suite.serving.websocket_policy_server:TIMING infer_ms=66.9
INFO:mme_vla_suite.serving.websocket_policy_server:TIMING add_buffer_ms=36.6 frames=16 exec_start_idx=0
MV_INFER cond=normal split=test task=VideoUnmaskSwap ep=8 ep_seq=12 infer_seq=72 t=1304 es=168 k=0 motion_frames=- motion_emb_sha= motion_pos_sha= motion_mask= mem_order_sha= motion_cols_sha= donor=None cover=exact:0,fallback:0,cycle:0,cross_seg:0 gate=none num_steps=10 act_sha=1a8801af596e3bde infer_ms=66.8
INFO:mme_vla_suite.serving.websocket_policy_server:TIMING infer_ms=66.8
INFO:mme_vla_suite.serving.websocket_policy_server:TIMING add_buffer_ms=37.4 frames=16 exec_start_idx=0
MV_INFER cond=normal split=test task=VideoUnmaskSwap ep=8 ep_seq=12 infer_seq=73 t=1320 es=168 k=0 motion_frames=- motion_emb_sha= motion_pos_sha= motion_mask= mem_order_sha= motion_cols_sha= donor=None cover=exact:0,fallback:0,cycle:0,cross_seg:0 gate=none num_steps=10 act_sha=36032869a8dfcc4e infer_ms=66.8
INFO:mme_vla_suite.serving.websocket_policy_server:TIMING infer_ms=66.8
INFO:mme_vla_suite.serving.websocket_policy_server:TIMING add_buffer_ms=37.4 frames=16 exec_start_idx=0
MV_INFER cond=normal split=test task=VideoUnmaskSwap ep=8 ep_seq=12 infer_seq=74 t=1336 es=168 k=0 motion_frames=- motion_emb_sha= motion_pos_sha= motion_mask= mem_order_sha= motion_cols_sha= donor=None cover=exact:0,fallback:0,cycle:0,cross_seg:0 gate=none num_steps=10 act_sha=c199aaaec370be31 infer_ms=66.8
INFO:mme_vla_suite.serving.websocket_policy_server:TIMING infer_ms=66.8
INFO:mme_vla_suite.serving.websocket_policy_server:TIMING add_buffer_ms=37.1 frames=16 exec_start_idx=0
MV_INFER cond=normal split=test task=VideoUnmaskSwap ep=8 ep_seq=12 infer_seq=75 t=1352 es=168 k=0 motion_frames=- motion_emb_sha= motion_pos_sha= motion_mask= mem_order_sha= motion_cols_sha= donor=None cover=exact:0,fallback:0,cycle:0,cross_seg:0 gate=none num_steps=10 act_sha=daba805745c1fe95 infer_ms=66.9
INFO:mme_vla_suite.serving.websocket_policy_server:TIMING infer_ms=66.9
INFO:mme_vla_suite.serving.websocket_policy_server:TIMING add_buffer_ms=37.2 frames=16 exec_start_idx=0
MV_INFER cond=normal split=test task=VideoUnmaskSwap ep=8 ep_seq=12 infer_seq=76 t=1368 es=168 k=0 motion_frames=- motion_emb_sha= motion_pos_sha= motion_mask= mem_order_sha= motion_cols_sha= donor=None cover=exact:0,fallback:0,cycle:0,cross_seg:0 gate=none num_steps=10 act_sha=5a31fc8c730d08a7 infer_ms=67.0
INFO:mme_vla_suite.serving.websocket_policy_server:TIMING infer_ms=67.0
INFO:mme_vla_suite.serving.websocket_policy_server:TIMING add_buffer_ms=37.0 frames=16 exec_start_idx=0
MV_INFER cond=normal split=test task=VideoUnmaskSwap ep=8 ep_seq=12 infer_seq=77 t=1384 es=168 k=0 motion_frames=- motion_emb_sha= motion_pos_sha= motion_mask= mem_order_sha= motion_cols_sha= donor=None cover=exact:0,fallback:0,cycle:0,cross_seg:0 gate=none num_steps=10 act_sha=c8208136853f2bdf infer_ms=66.9
INFO:mme_vla_suite.serving.websocket_policy_server:TIMING infer_ms=66.9
INFO:mme_vla_suite.serving.websocket_policy_server:TIMING add_buffer_ms=36.8 frames=16 exec_start_idx=0
MV_INFER cond=normal split=test task=VideoUnmaskSwap ep=8 ep_seq=12 infer_seq=78 t=1400 es=168 k=0 motion_frames=- motion_emb_sha= motion_pos_sha= motion_mask= mem_order_sha= motion_cols_sha= donor=None cover=exact:0,fallback:0,cycle:0,cross_seg:0 gate=none num_steps=10 act_sha=8e66f5a8a1e38538 infer_ms=66.9
INFO:mme_vla_suite.serving.websocket_policy_server:TIMING infer_ms=66.9
INFO:mme_vla_suite.serving.websocket_policy_server:TIMING add_buffer_ms=36.9 frames=16 exec_start_idx=0
MV_INFER cond=normal split=test task=VideoUnmaskSwap ep=8 ep_seq=12 infer_seq=79 t=1416 es=168 k=0 motion_frames=- motion_emb_sha= motion_pos_sha= motion_mask= mem_order_sha= motion_cols_sha= donor=None cover=exact:0,fallback:0,cycle:0,cross_seg:0 gate=none num_steps=10 act_sha=8b9c716112aba9f4 infer_ms=67.3
INFO:mme_vla_suite.serving.websocket_policy_server:TIMING infer_ms=67.3
INFO:mme_vla_suite.serving.websocket_policy_server:TIMING add_buffer_ms=37.0 frames=16 exec_start_idx=0
MV_INFER cond=normal split=test task=VideoUnmaskSwap ep=8 ep_seq=12 infer_seq=80 t=1432 es=168 k=0 motion_frames=- motion_emb_sha= motion_pos_sha= motion_mask= mem_order_sha= motion_cols_sha= donor=None cover=exact:0,fallback:0,cycle:0,cross_seg:0 gate=none num_steps=10 act_sha=ce10dec0d40d4506 infer_ms=66.9
INFO:mme_vla_suite.serving.websocket_policy_server:TIMING infer_ms=66.9
INFO:mme_vla_suite.serving.websocket_policy_server:TIMING add_buffer_ms=37.3 frames=16 exec_start_idx=0
MV_INFER cond=normal split=test task=VideoUnmaskSwap ep=8 ep_seq=12 infer_seq=81 t=1448 es=168 k=0 motion_frames=- motion_emb_sha= motion_pos_sha= motion_mask= mem_order_sha= motion_cols_sha= donor=None cover=exact:0,fallback:0,cycle:0,cross_seg:0 gate=none num_steps=10 act_sha=fdd6be8ed1d43c7c infer_ms=67.2
INFO:mme_vla_suite.serving.websocket_policy_server:TIMING infer_ms=67.2
INFO:mme_vla_suite.serving.websocket_policy_server:TIMING add_buffer_ms=36.8 frames=16 exec_start_idx=0
MV_INFER cond=normal split=test task=VideoUnmaskSwap ep=8 ep_seq=12 infer_seq=82 t=1464 es=168 k=0 motion_frames=- motion_emb_sha= motion_pos_sha= motion_mask= mem_order_sha= motion_cols_sha= donor=None cover=exact:0,fallback:0,cycle:0,cross_seg:0 gate=none num_steps=10 act_sha=c56d5407d651f38e infer_ms=67.2
INFO:mme_vla_suite.serving.websocket_policy_server:TIMING infer_ms=67.2
INFO:mme_vla_suite.serving.websocket_policy_server:Connection from ('127.0.0.1', 45718) closed
INFO:mme_vla_suite.serving.websocket_policy_server:Connection from ('127.0.0.1', 42632) closed
INFO:mme_vla_suite.serving.websocket_policy_server:Connection from ('127.0.0.1', 55978) closed
INFO:mme_vla_suite.serving.websocket_policy_server:Connection from ('127.0.0.1', 50022) closed
INFO:mme_vla_suite.serving.websocket_policy_server:Connection from ('127.0.0.1', 48478) closed
INFO:mme_vla_suite.serving.websocket_policy_server:Connection from ('127.0.0.1', 48566) closed
INFO:mme_vla_suite.serving.websocket_policy_server:Connection from ('127.0.0.1', 55592) closed
INFO:mme_vla_suite.serving.websocket_policy_server:Connection from ('127.0.0.1', 45218) closed
INFO:mme_vla_suite.serving.websocket_policy_server:Connection from ('127.0.0.1', 47134) closed
INFO:mme_vla_suite.serving.websocket_policy_server:Connection from ('127.0.0.1', 40844) closed
INFO:mme_vla_suite.serving.websocket_policy_server:Connection from ('127.0.0.1', 41372) closed
INFO:mme_vla_suite.serving.websocket_policy_server:Connection from ('127.0.0.1', 52318) closed
