warning: The `tool.uv.dev-dependencies` field (used in `packages/openpi-client/pyproject.toml`) is deprecated and will be removed in a future release; use `dependency-groups.dev` instead
INFO:2026-09-14 13:04:42,547:jax._src.xla_bridge:925: Unable to initialize backend 'rocm': module 'jaxlib.xla_extension' has no attribute 'GpuAllocatorConfig'
INFO:jax._src.xla_bridge:Unable to initialize backend 'rocm': module 'jaxlib.xla_extension' has no attribute 'GpuAllocatorConfig'
INFO:2026-09-14 13:04:42,548:jax._src.xla_bridge:925: Unable to initialize backend 'tpu': INTERNAL: Failed to open libtpu.so: libtpu.so: cannot open shared object file: No such file or directory
INFO:jax._src.xla_bridge:Unable to initialize backend 'tpu': INTERNAL: Failed to open libtpu.so: libtpu.so: cannot open shared object file: No such file or directory
INFO:root:Checking history config
INFO:absl:orbax-checkpoint version: 0.11.13
INFO:absl:Created BasePyTreeCheckpointHandler: use_ocdbt=True, use_zarr3=False, pytree_metadata_options=PyTreeMetadataOptions(support_rich_types=False), array_metadata_store=<orbax.checkpoint._src.metadata.array_metadata_store.Store object at 0x7f37f4b770d0>
INFO:absl:Restoring checkpoint from /scratch/hongze/robomme_policy_learning_MotionJEPA/v1-store/train-runs/t8-m8-b/mme_vla_suite/t8-m8-b/999/params.
INFO:absl:[thread=MainThread] Failed to get flag value for EXPERIMENTAL_ORBAX_USE_DISTRIBUTED_PROCESS_ID.
INFO:absl:[process=0] /jax/checkpoint/read/bytes_per_sec: 835.1 MiB/s (total bytes: 6.3 GiB) (time elapsed: 7 seconds) (per-host)
INFO:absl:Finished restoring checkpoint in 7.68 seconds from /scratch/hongze/robomme_policy_learning_MotionJEPA/v1-store/train-runs/t8-m8-b/mme_vla_suite/t8-m8-b/999/params.
INFO:root:Loading model...
max_token_len:  64
====== Using History, Representation Type: perceptual , Integration Type: context ======
Perceptual Memory using frame_sampling type

max_token_len: 64
INFO:root:Loaded norm stats from v1-store/train-assets/mme_vla_suite/robomme-400ep/robomme
INFO:root:Loaded norm stats from /scratch/hongze/robomme_policy_learning_MotionJEPA/v1-store/train-runs/t8-m8-b/mme_vla_suite/t8-m8-b/999/assets/robomme
Training config:  TrainConfig(name='mme_vla_suite_b128', project_name='robomme-framesamp', exp_name=<PropagatingMissingType id='139870271479504'>, model=HistoryPi0Config(action_dim=32, action_horizon=20, max_token_len=64, dtype='bfloat16', paligemma_variant='gemma_2b', action_expert_variant='gemma_300m', pi05=True, discrete_state_input=False, memory_expert_variant='gemma_150m', use_history=True, history_config={'budget': 512, 'num_views': 1, 'token_per_image': 64, 'streaming_obs_horizon': 16, 'pool_type': 'mean', 'use_pos_emb': True, 'use_state_emb': False, 'memory_feature': {'img': {'net': 'identity', 'input_dim': 2048}, 'pos': {'input_dim': 768, 'hidden_dim': 768}, 'state': {'input_dim': 8, 'hidden_dim': 512}}, 'integration_type': 'context', 'memory_token_dim': 2048, 'representation_type': 'perceptual', 'perceptual_memory': {'type': 'frame_sampling'}, 'motion': {'enabled': True, 'dim': 768, 'budget': 96, 'stride': 16, 'window_frames': 33, 'window_direction': 'forward', 'grid_origin': 'segment_start', 'store_path': 'v1-store/datasets/4task-motion-40ep/motion', 'source_run': 'wan-v8-filter10-72ep-a/checkpoint_epoch_72.pt#encoder', 'pos_dim': 256, 'frame_size': 256, 'online_gpu': 4}}), weight_loader=CheckpointWeightLoader(params_path='/scratch/hongze/robomme_policy_learning_MotionJEPA/v1-store/models/openpi-assets/checkpoints/pi05_base/params'), pytorch_weight_path=None, pytorch_training_precision='bfloat16', lr_schedule=CosineDecaySchedule(warmup_steps=5000, peak_lr=0.0001, decay_steps=50000, decay_lr=0.0001), optimizer=AdamW(b1=0.9, b2=0.95, eps=1e-08, weight_decay=1e-10, clip_gradient_norm=1.0), ema_decay=0.999, freeze_filter=PathRegex(pattern=re.compile('.*img.*'), sep='/'), data=RoboMMEDataConfig(repo_id='robomme', assets=AssetsConfig(assets_dir='v1-store/train-assets/mme_vla_suite/robomme-400ep', asset_id='robomme'), base_config=DataConfig(repo_id=None, asset_id=None, norm_stats=None, repack_transforms=Group(inputs=(), outputs=()), data_transforms=Group(inputs=(), outputs=()), model_transforms=Group(inputs=(), outputs=()), use_quantile_norm=False, action_sequence_keys=('actions',), prompt_from_task=True, rlds_data_dir=None, action_space=None, filter_dict_path=None)), assets_base_dir='runs/assets', checkpoint_base_dir='runs/ckpts', seed=42, batch_size=128, num_workers=8, num_train_steps=40000, log_interval=100, save_interval=5000, keep_period=5000, overwrite=False, resume=False, wandb_enabled=True, policy_metadata=None, fsdp_devices=4, resum_ckpt_id=None, dataset_path='data/robomme')
Data config:  DataConfig(repo_id='robomme', asset_id='robomme', norm_stats={'state': NormStats(mean=array([ 4.14213212e-03,  2.95316875e-01,  2.81171501e-03, -2.09527302e+00,
        5.09165053e-04,  2.39044905e+00,  7.91704059e-01,  2.64126267e-02]), std=array([0.10681286, 0.31786537, 0.07478532, 0.48271781, 0.04616816,
       0.34543198, 0.40309104, 0.01649354]), q01=array([-0.2115381 , -0.21799494, -0.15527991, -2.81375072, -0.13752411,
        1.57079637, -0.17353815,  0.        ]), q99=array([ 0.26063799,  1.015885  ,  0.16945301, -1.03784064,  0.12187375,
        3.03210984,  1.80900472,  0.039992  ])), 'actions': NormStats(mean=array([ 8.22788454e-04,  2.01418120e-02, -2.85705464e-05, -8.36590212e-03,
       -1.12210531e-04,  2.80541796e-02,  8.23505805e-04,  6.54151067e-02]), std=array([0.03591497, 0.13662103, 0.03267474, 0.15376154, 0.02708418,
       0.15998593, 0.09374132, 0.99785817]), q01=array([-0.13796722, -0.31632186, -0.12670147, -0.59128337, -0.10148964,
       -0.31253482, -0.34689998, -1.        ]), q99=array([0.12307586, 0.40273976, 0.0954464 , 0.52908852, 0.0959089 ,
       0.53904308, 0.34748609, 0.9996    ]))}, repack_transforms=Group(inputs=[RepackTransform(structure={'observation/image': 'image', 'observation/wrist_image': 'wrist_image', 'observation/state': 'state', 'actions': 'actions', 'prompt': 'prompt', 'static_image_emb': 'static_image_emb', 'static_pos_emb': 'static_pos_emb', 'static_state_emb': 'static_state_emb', 'static_mask': 'static_mask', 'motion_emb': 'motion_emb', 'motion_pos': 'motion_pos', 'motion_mask': 'motion_mask', 'mem_order': 'mem_order'})], outputs=()), data_transforms=Group(inputs=(RoboMMEInputs(model_type=<ModelType.PI05: 'pi05'>), DeltaActions(mask=(True, True, True, True, True, True, True, False))), outputs=(AbsoluteActions(mask=(True, True, True, True, True, True, True, False)), RoboMMEOutputs())), model_transforms=Group(inputs=[InjectDefaultPrompt(prompt=None), ResizeImages(height=224, width=224), TokenizePromptWithState(tokenizer=<mme_vla_suite.training.config.PaligemmaTokenizer object at 0x7f3615a91d90>, discrete_state_input=False), PadStatesAndActions(model_action_dim=32)], outputs=()), use_quantile_norm=True, action_sequence_keys=('actions',), prompt_from_task=True, rlds_data_dir=None, action_space=None, filter_dict_path=None)
warning: `VIRTUAL_ENV=.venv` does not match the project environment path `v1-store/venvs/wan` and will be ignored; use `--active` to target the active environment instead
Cannot initialize model with low cpu memory usage because `accelerate` was not found in the environment. Defaulting to `low_cpu_mem_usage=False`. It is strongly recommended to install `accelerate` for faster and less memory-intense model loading. You can do so with:
```
pip install accelerate
```
.
/scratch/hongze/robomme_policy_learning_MotionJEPA/v1-store/venvs/wan/lib/python3.11/site-packages/huggingface_hub/utils/_validators.py:205: UserWarning: The `local_dir_use_symlinks` argument is deprecated and ignored in `hf_hub_download`. Downloading to a local directory does not use symlinks anymore.
  warnings.warn(
[sidecar pid=833148] 模型就绪 warmup=1.82s vae=9980d252230c265c… ckpt=bae960373041629e…
MV_SERVE_ENV cond=normal split=test seed=42 ckpt=/scratch/hongze/robomme_policy_learning_MotionJEPA/v1-store/train-runs/t8-m8-b/mme_vla_suite/t8-m8-b/999 HEAD=a0db6bf53fb5b46b0cb3f0dcbbbe53c670866496 sidecar=on motion_gpu=7 motion=on token_per_image=64 bank_sha=none bank_source=none xla_flags='--xla_gpu_deterministic_ops=true --xla_gpu_autotune_level=0' backend=gpu tasks=ButtonUnmask,VideoUnmask,ButtonUnmaskSwap,VideoUnmaskSwap ep_start=3 ep_stride=4 ep_count=10 plan_len=12 sample_fn=f_sample_none gate=none num_steps=10 build_s=24.1
INFO:root:Creating motion-variance server (host: ip-10-242-11-177.us-west-2.compute.internal, ip: 10.242.11.177)
INFO:websockets.server:server listening on 0.0.0.0:9373
ERROR:websockets.server:opening handshake failed
Traceback (most recent call last):
  File "/scratch/hongze/robomme_policy_learning_MotionJEPA/.venv/lib/python3.11/site-packages/websockets/http11.py", line 138, in parse
    request_line = yield from parse_line(read_line)
                   ^^^^^^^^^^^^^^^^^^^^^^^^^^^^^^^^
  File "/scratch/hongze/robomme_policy_learning_MotionJEPA/.venv/lib/python3.11/site-packages/websockets/http11.py", line 309, in parse_line
    line = yield from read_line(MAX_LINE_LENGTH)
           ^^^^^^^^^^^^^^^^^^^^^^^^^^^^^^^^^^^^^
  File "/scratch/hongze/robomme_policy_learning_MotionJEPA/.venv/lib/python3.11/site-packages/websockets/streams.py", line 46, in read_line
    raise EOFError(f"stream ends after {p} bytes, before end of line")
EOFError: stream ends after 0 bytes, before end of line

The above exception was the direct cause of the following exception:

Traceback (most recent call last):
  File "/scratch/hongze/robomme_policy_learning_MotionJEPA/.venv/lib/python3.11/site-packages/websockets/server.py", line 545, in parse
    request = yield from Request.parse(
              ^^^^^^^^^^^^^^^^^^^^^^^^^
  File "/scratch/hongze/robomme_policy_learning_MotionJEPA/.venv/lib/python3.11/site-packages/websockets/http11.py", line 140, in parse
    raise EOFError("connection closed while reading HTTP request line") from exc
EOFError: connection closed while reading HTTP request line

The above exception was the direct cause of the following exception:

Traceback (most recent call last):
  File "/scratch/hongze/robomme_policy_learning_MotionJEPA/.venv/lib/python3.11/site-packages/websockets/asyncio/server.py", line 356, in conn_handler
    await connection.handshake(
  File "/scratch/hongze/robomme_policy_learning_MotionJEPA/.venv/lib/python3.11/site-packages/websockets/asyncio/server.py", line 207, in handshake
    raise self.protocol.handshake_exc
websockets.exceptions.InvalidMessage: did not receive a valid HTTP request
INFO:websockets.server:connection open
INFO:mme_vla_suite.serving.websocket_policy_server:Connection from ('127.0.0.1', 51610) opened
MV_EPISODE_BEGIN cond=normal split=test seed=42 ep_seq=1 expect=ButtonUnmask:3
INFO:mme_vla_suite.serving.websocket_policy_server:TIMING add_buffer_ms=1006.6 frames=1 exec_start_idx=0
MV_INFER cond=normal split=test task=ButtonUnmask ep=3 ep_seq=1 infer_seq=1 t=0 es=0 k=0 motion_frames=- motion_emb_sha=a3e8328721cbb943 motion_pos_sha=f5952cfc3406b7e9 motion_mask=000000000000000000000000000000000000000000000000000000000000000000000000000000000000000000000000 mem_order_sha=e3d555e881e5b964 motion_cols_sha=05f65c2b46f544eb donor=None cover=exact:0,fallback:0,cycle:0,cross_seg:0 gate=none num_steps=10 act_sha=c5f9c382c08ccda1 infer_ms=2668.6
INFO:mme_vla_suite.serving.websocket_policy_server:TIMING infer_ms=2668.6
INFO:mme_vla_suite.serving.websocket_policy_server:TIMING add_buffer_ms=936.8 frames=16 exec_start_idx=0
MV_INFER cond=normal split=test task=ButtonUnmask ep=3 ep_seq=1 infer_seq=2 t=16 es=0 k=0 motion_frames=- motion_emb_sha=a3e8328721cbb943 motion_pos_sha=f5952cfc3406b7e9 motion_mask=000000000000000000000000000000000000000000000000000000000000000000000000000000000000000000000000 mem_order_sha=e3d555e881e5b964 motion_cols_sha=05f65c2b46f544eb donor=None cover=exact:0,fallback:0,cycle:0,cross_seg:0 gate=none num_steps=10 act_sha=b70264034f690deb infer_ms=70.7
INFO:mme_vla_suite.serving.websocket_policy_server:TIMING infer_ms=70.7
/scratch/hongze/robomme_policy_learning_MotionJEPA/scripts/dataset/wan/wan_motion_infer.py:251: UserWarning: The given NumPy array is not writable, and PyTorch does not support non-writable tensors. This means writing to this tensor will result in undefined behavior. You may want to copy the array to protect its data or make it writable before converting it to a tensor. This type of warning will be suppressed for the rest of this program. (Triggered internally at /pytorch/torch/csrc/utils/tensor_numpy.cpp:206.)
  f = torch.from_numpy(frames_window).permute(0, 3, 1, 2).float().to(device)   # 🔒 (33,3,256,256) 0..255
[sidecar pid=833148] 窗 #1 起点 0 耗时 1420 ms（累计 21s）
INFO:mme_vla_suite.serving.websocket_policy_server:TIMING add_buffer_ms=1479.8 frames=16 exec_start_idx=0
MV_INFER cond=normal split=test task=ButtonUnmask ep=3 ep_seq=1 infer_seq=3 t=32 es=0 k=1 motion_frames=0 motion_emb_sha=75230b222ff1bf96 motion_pos_sha=5a53d7fa887419cf motion_mask=100000000000000000000000000000000000000000000000000000000000000000000000000000000000000000000000 mem_order_sha=1c4ecd136e06d2ca motion_cols_sha=34669806f215f6a3 donor=None cover=exact:0,fallback:0,cycle:0,cross_seg:0 gate=none num_steps=10 act_sha=93bbef2c5c66131d infer_ms=69.4
INFO:mme_vla_suite.serving.websocket_policy_server:TIMING infer_ms=69.4
INFO:mme_vla_suite.serving.websocket_policy_server:TIMING add_buffer_ms=1468.2 frames=16 exec_start_idx=0
MV_INFER cond=normal split=test task=ButtonUnmask ep=3 ep_seq=1 infer_seq=4 t=48 es=0 k=2 motion_frames=0,16 motion_emb_sha=da2e8b9bd864fde7 motion_pos_sha=e97dc0e05f375cbe motion_mask=110000000000000000000000000000000000000000000000000000000000000000000000000000000000000000000000 mem_order_sha=74ca653da96ef384 motion_cols_sha=fba18d536d075a6e donor=None cover=exact:0,fallback:0,cycle:0,cross_seg:0 gate=none num_steps=10 act_sha=8dc889ddae2d7ed7 infer_ms=69.5
INFO:mme_vla_suite.serving.websocket_policy_server:TIMING infer_ms=69.5
INFO:mme_vla_suite.serving.websocket_policy_server:TIMING add_buffer_ms=1474.4 frames=16 exec_start_idx=0
MV_INFER cond=normal split=test task=ButtonUnmask ep=3 ep_seq=1 infer_seq=5 t=64 es=0 k=3 motion_frames=0,16,32 motion_emb_sha=20135e491b4aba97 motion_pos_sha=358a8247438e4586 motion_mask=111000000000000000000000000000000000000000000000000000000000000000000000000000000000000000000000 mem_order_sha=4bdcb6154ce3db09 motion_cols_sha=ec75f2710ccf7d3e donor=None cover=exact:0,fallback:0,cycle:0,cross_seg:0 gate=none num_steps=10 act_sha=9046057eec6e4903 infer_ms=69.7
INFO:mme_vla_suite.serving.websocket_policy_server:TIMING infer_ms=69.7
INFO:mme_vla_suite.serving.websocket_policy_server:TIMING add_buffer_ms=1460.3 frames=16 exec_start_idx=0
MV_INFER cond=normal split=test task=ButtonUnmask ep=3 ep_seq=1 infer_seq=6 t=80 es=0 k=4 motion_frames=0,16,32,48 motion_emb_sha=5831dbb6eca69996 motion_pos_sha=88620c635e0b1611 motion_mask=111100000000000000000000000000000000000000000000000000000000000000000000000000000000000000000000 mem_order_sha=3f30de4433e4d89f motion_cols_sha=d94e9739c8cfc07e donor=None cover=exact:0,fallback:0,cycle:0,cross_seg:0 gate=none num_steps=10 act_sha=e9f6392c9c95660d infer_ms=69.6
INFO:mme_vla_suite.serving.websocket_policy_server:TIMING infer_ms=69.6
INFO:mme_vla_suite.serving.websocket_policy_server:TIMING add_buffer_ms=1461.3 frames=16 exec_start_idx=0
MV_INFER cond=normal split=test task=ButtonUnmask ep=3 ep_seq=1 infer_seq=7 t=96 es=0 k=5 motion_frames=0,16,32,48,64 motion_emb_sha=699d331d64c6945d motion_pos_sha=4d979259a4c37547 motion_mask=111110000000000000000000000000000000000000000000000000000000000000000000000000000000000000000000 mem_order_sha=1525b7045b2c259a motion_cols_sha=07c8247e6ab1f89c donor=None cover=exact:0,fallback:0,cycle:0,cross_seg:0 gate=none num_steps=10 act_sha=725a42a758abbded infer_ms=69.4
INFO:mme_vla_suite.serving.websocket_policy_server:TIMING infer_ms=69.4
INFO:mme_vla_suite.serving.websocket_policy_server:TIMING add_buffer_ms=1466.5 frames=16 exec_start_idx=0
MV_INFER cond=normal split=test task=ButtonUnmask ep=3 ep_seq=1 infer_seq=8 t=112 es=0 k=6 motion_frames=0,16,32,48,64,80 motion_emb_sha=046bcb4c5844853c motion_pos_sha=9c9d9e6cd7cfd81a motion_mask=111111000000000000000000000000000000000000000000000000000000000000000000000000000000000000000000 mem_order_sha=afd67825f39380f3 motion_cols_sha=5c7781d2e1462709 donor=None cover=exact:0,fallback:0,cycle:0,cross_seg:0 gate=none num_steps=10 act_sha=95de4407e088bdd2 infer_ms=69.4
INFO:mme_vla_suite.serving.websocket_policy_server:TIMING infer_ms=69.4
INFO:mme_vla_suite.serving.websocket_policy_server:TIMING add_buffer_ms=1469.7 frames=16 exec_start_idx=0
MV_INFER cond=normal split=test task=ButtonUnmask ep=3 ep_seq=1 infer_seq=9 t=128 es=0 k=7 motion_frames=0,16,32,48,64,80,96 motion_emb_sha=3990165f207f42e7 motion_pos_sha=eaa30818e1807d0a motion_mask=111111100000000000000000000000000000000000000000000000000000000000000000000000000000000000000000 mem_order_sha=53c51af96e80b36b motion_cols_sha=37fb24d50661d1a4 donor=None cover=exact:0,fallback:0,cycle:0,cross_seg:0 gate=none num_steps=10 act_sha=36644a4c1c706cc8 infer_ms=69.7
INFO:mme_vla_suite.serving.websocket_policy_server:TIMING infer_ms=69.7
INFO:mme_vla_suite.serving.websocket_policy_server:TIMING add_buffer_ms=1464.6 frames=16 exec_start_idx=0
MV_INFER cond=normal split=test task=ButtonUnmask ep=3 ep_seq=1 infer_seq=10 t=144 es=0 k=8 motion_frames=0,16,32,48,64,80,96,112 motion_emb_sha=d2014f093c0c4191 motion_pos_sha=19cfd5aa81fbc280 motion_mask=111111110000000000000000000000000000000000000000000000000000000000000000000000000000000000000000 mem_order_sha=8f7b8d26bf2ab128 motion_cols_sha=887c1c00aa54ee17 donor=None cover=exact:0,fallback:0,cycle:0,cross_seg:0 gate=none num_steps=10 act_sha=10bbf20972c12db9 infer_ms=69.7
INFO:mme_vla_suite.serving.websocket_policy_server:TIMING infer_ms=69.7
INFO:mme_vla_suite.serving.websocket_policy_server:TIMING add_buffer_ms=1463.9 frames=16 exec_start_idx=0
MV_INFER cond=normal split=test task=ButtonUnmask ep=3 ep_seq=1 infer_seq=11 t=160 es=0 k=9 motion_frames=0,16,32,48,64,80,96,112,128 motion_emb_sha=41d3e5aa6340a13f motion_pos_sha=36755060bcdb5f34 motion_mask=111111111000000000000000000000000000000000000000000000000000000000000000000000000000000000000000 mem_order_sha=b08d4d55ab2fad2d motion_cols_sha=104972a6841c0e38 donor=None cover=exact:0,fallback:0,cycle:0,cross_seg:0 gate=none num_steps=10 act_sha=a1fe1a2b6cb69ac5 infer_ms=69.5
INFO:mme_vla_suite.serving.websocket_policy_server:TIMING infer_ms=69.5
INFO:mme_vla_suite.serving.websocket_policy_server:TIMING add_buffer_ms=1462.5 frames=16 exec_start_idx=0
MV_INFER cond=normal split=test task=ButtonUnmask ep=3 ep_seq=1 infer_seq=12 t=176 es=0 k=10 motion_frames=0,16,32,48,64,80,96,112,128,144 motion_emb_sha=b2459ba6120b81a5 motion_pos_sha=386aa1c736701f60 motion_mask=111111111100000000000000000000000000000000000000000000000000000000000000000000000000000000000000 mem_order_sha=4ddf162636dd4c53 motion_cols_sha=fe64c98459b2eb86 donor=None cover=exact:0,fallback:0,cycle:0,cross_seg:0 gate=none num_steps=10 act_sha=34c4c9834878f421 infer_ms=69.4
INFO:mme_vla_suite.serving.websocket_policy_server:TIMING infer_ms=69.4
INFO:mme_vla_suite.serving.websocket_policy_server:TIMING add_buffer_ms=1466.6 frames=16 exec_start_idx=0
MV_INFER cond=normal split=test task=ButtonUnmask ep=3 ep_seq=1 infer_seq=13 t=192 es=0 k=11 motion_frames=0,16,32,48,64,80,96,112,128,144,160 motion_emb_sha=1eadf5e427ac97dc motion_pos_sha=097ffa0dc4e98049 motion_mask=111111111110000000000000000000000000000000000000000000000000000000000000000000000000000000000000 mem_order_sha=2fdbc05fbe4c5192 motion_cols_sha=ca0a097bc6347240 donor=None cover=exact:0,fallback:0,cycle:0,cross_seg:0 gate=none num_steps=10 act_sha=bfc8d634c4dd693a infer_ms=69.8
INFO:mme_vla_suite.serving.websocket_policy_server:TIMING infer_ms=69.8
INFO:mme_vla_suite.serving.websocket_policy_server:TIMING add_buffer_ms=1462.8 frames=16 exec_start_idx=0
MV_INFER cond=normal split=test task=ButtonUnmask ep=3 ep_seq=1 infer_seq=14 t=208 es=0 k=12 motion_frames=0,16,32,48,64,80,96,112,128,144,160,176 motion_emb_sha=be93eb5c42ccc823 motion_pos_sha=faf6de0b8c07a1d5 motion_mask=111111111111000000000000000000000000000000000000000000000000000000000000000000000000000000000000 mem_order_sha=e609c91b740de309 motion_cols_sha=08c16a7fb49e3eae donor=None cover=exact:0,fallback:0,cycle:0,cross_seg:0 gate=none num_steps=10 act_sha=c1cc6aac9d0920a1 infer_ms=70.4
INFO:mme_vla_suite.serving.websocket_policy_server:TIMING infer_ms=70.4
INFO:mme_vla_suite.serving.websocket_policy_server:TIMING add_buffer_ms=1460.6 frames=16 exec_start_idx=0
MV_INFER cond=normal split=test task=ButtonUnmask ep=3 ep_seq=1 infer_seq=15 t=224 es=0 k=13 motion_frames=0,16,32,48,64,80,96,112,128,144,160,176,192 motion_emb_sha=047e5e23aec44dba motion_pos_sha=cf92c2382e433b7f motion_mask=111111111111100000000000000000000000000000000000000000000000000000000000000000000000000000000000 mem_order_sha=e29d70b97917b96b motion_cols_sha=b802255c0a86c139 donor=None cover=exact:0,fallback:0,cycle:0,cross_seg:0 gate=none num_steps=10 act_sha=5451e90868335c1c infer_ms=69.9
INFO:mme_vla_suite.serving.websocket_policy_server:TIMING infer_ms=69.9
INFO:mme_vla_suite.serving.websocket_policy_server:TIMING add_buffer_ms=1465.0 frames=16 exec_start_idx=0
MV_INFER cond=normal split=test task=ButtonUnmask ep=3 ep_seq=1 infer_seq=16 t=240 es=0 k=14 motion_frames=0,16,32,48,64,80,96,112,128,144,160,176,192,208 motion_emb_sha=452b8ce84872d0be motion_pos_sha=d4be4f2b999b323a motion_mask=111111111111110000000000000000000000000000000000000000000000000000000000000000000000000000000000 mem_order_sha=a06ee3a41d7c396e motion_cols_sha=0f0b4abb0ce08604 donor=None cover=exact:0,fallback:0,cycle:0,cross_seg:0 gate=none num_steps=10 act_sha=ddd39d7ce6114c53 infer_ms=69.6
INFO:mme_vla_suite.serving.websocket_policy_server:TIMING infer_ms=69.6
INFO:mme_vla_suite.serving.websocket_policy_server:TIMING add_buffer_ms=1460.4 frames=16 exec_start_idx=0
MV_INFER cond=normal split=test task=ButtonUnmask ep=3 ep_seq=1 infer_seq=17 t=256 es=0 k=15 motion_frames=0,16,32,48,64,80,96,112,128,144,160,176,192,208,224 motion_emb_sha=c76f3f5908698407 motion_pos_sha=41ec3ade545a49c9 motion_mask=111111111111111000000000000000000000000000000000000000000000000000000000000000000000000000000000 mem_order_sha=d2c65ae0ef95982c motion_cols_sha=b6defef0c13ecc23 donor=None cover=exact:0,fallback:0,cycle:0,cross_seg:0 gate=none num_steps=10 act_sha=280fe859af874b7a infer_ms=69.6
INFO:mme_vla_suite.serving.websocket_policy_server:TIMING infer_ms=69.6
INFO:mme_vla_suite.serving.websocket_policy_server:TIMING add_buffer_ms=1460.4 frames=16 exec_start_idx=0
MV_INFER cond=normal split=test task=ButtonUnmask ep=3 ep_seq=1 infer_seq=18 t=272 es=0 k=16 motion_frames=0,16,32,48,64,80,96,112,128,144,160,176,192,208,224,240 motion_emb_sha=983c1b6b9489c1c6 motion_pos_sha=3e49496373152e70 motion_mask=111111111111111100000000000000000000000000000000000000000000000000000000000000000000000000000000 mem_order_sha=3896c62684021e06 motion_cols_sha=61fa1ff66e32da0b donor=None cover=exact:0,fallback:0,cycle:0,cross_seg:0 gate=none num_steps=10 act_sha=f44ded1ec8f9eb79 infer_ms=69.6
INFO:mme_vla_suite.serving.websocket_policy_server:TIMING infer_ms=69.6
INFO:mme_vla_suite.serving.websocket_policy_server:TIMING add_buffer_ms=1467.7 frames=16 exec_start_idx=0
MV_INFER cond=normal split=test task=ButtonUnmask ep=3 ep_seq=1 infer_seq=19 t=288 es=0 k=17 motion_frames=0,16,32,48,64,80,96,112,128,144,160,176,192,208,224,240,256 motion_emb_sha=100ca5c29279b423 motion_pos_sha=630eed5d2ad0fee5 motion_mask=111111111111111110000000000000000000000000000000000000000000000000000000000000000000000000000000 mem_order_sha=3fa901451944a6ae motion_cols_sha=11afac2e3a295654 donor=None cover=exact:0,fallback:0,cycle:0,cross_seg:0 gate=none num_steps=10 act_sha=d23620bf0fd7e893 infer_ms=69.6
INFO:mme_vla_suite.serving.websocket_policy_server:TIMING infer_ms=69.6
INFO:mme_vla_suite.serving.websocket_policy_server:TIMING add_buffer_ms=1466.9 frames=16 exec_start_idx=0
MV_INFER cond=normal split=test task=ButtonUnmask ep=3 ep_seq=1 infer_seq=20 t=304 es=0 k=18 motion_frames=0,16,32,48,64,80,96,112,128,144,160,176,192,208,224,240,256,272 motion_emb_sha=72c75f3d9479042c motion_pos_sha=7508bb7966bd8997 motion_mask=111111111111111111000000000000000000000000000000000000000000000000000000000000000000000000000000 mem_order_sha=7ec3836c904d86da motion_cols_sha=00e37dc990bcf6a9 donor=None cover=exact:0,fallback:0,cycle:0,cross_seg:0 gate=none num_steps=10 act_sha=6a61f8c393011219 infer_ms=70.1
INFO:mme_vla_suite.serving.websocket_policy_server:TIMING infer_ms=70.1
INFO:mme_vla_suite.serving.websocket_policy_server:TIMING add_buffer_ms=1472.8 frames=16 exec_start_idx=0
MV_INFER cond=normal split=test task=ButtonUnmask ep=3 ep_seq=1 infer_seq=21 t=320 es=0 k=19 motion_frames=0,16,32,48,64,80,96,112,128,144,160,176,192,208,224,240,256,272,288 motion_emb_sha=eff266947a4243f5 motion_pos_sha=27604282300f89dd motion_mask=111111111111111111100000000000000000000000000000000000000000000000000000000000000000000000000000 mem_order_sha=1bcee858ac8581ba motion_cols_sha=848fded77b707435 donor=None cover=exact:0,fallback:0,cycle:0,cross_seg:0 gate=none num_steps=10 act_sha=0ea2e13b1c32178d infer_ms=69.9
INFO:mme_vla_suite.serving.websocket_policy_server:TIMING infer_ms=69.9
INFO:mme_vla_suite.serving.websocket_policy_server:TIMING add_buffer_ms=1466.3 frames=16 exec_start_idx=0
MV_INFER cond=normal split=test task=ButtonUnmask ep=3 ep_seq=1 infer_seq=22 t=336 es=0 k=20 motion_frames=0,16,32,48,64,80,96,112,128,144,160,176,192,208,224,240,256,272,288,304 motion_emb_sha=11823d21fdcbddb0 motion_pos_sha=82d754eb6c9c7d28 motion_mask=111111111111111111110000000000000000000000000000000000000000000000000000000000000000000000000000 mem_order_sha=8e4f7352af852292 motion_cols_sha=0957e9030d15feb5 donor=None cover=exact:0,fallback:0,cycle:0,cross_seg:0 gate=none num_steps=10 act_sha=d4732462cd2b56db infer_ms=69.5
INFO:mme_vla_suite.serving.websocket_policy_server:TIMING infer_ms=69.5
INFO:mme_vla_suite.serving.websocket_policy_server:TIMING add_buffer_ms=1468.7 frames=16 exec_start_idx=0
MV_INFER cond=normal split=test task=ButtonUnmask ep=3 ep_seq=1 infer_seq=23 t=352 es=0 k=21 motion_frames=0,16,32,48,64,80,96,112,128,144,160,176,192,208,224,240,256,272,288,304,320 motion_emb_sha=1bdf77902656037f motion_pos_sha=b2ded91f4b1e3497 motion_mask=111111111111111111111000000000000000000000000000000000000000000000000000000000000000000000000000 mem_order_sha=e911ccd99a0e7698 motion_cols_sha=9639f994ec80e283 donor=None cover=exact:0,fallback:0,cycle:0,cross_seg:0 gate=none num_steps=10 act_sha=fe258eff5a60817d infer_ms=70.1
INFO:mme_vla_suite.serving.websocket_policy_server:TIMING infer_ms=70.1
INFO:mme_vla_suite.serving.websocket_policy_server:TIMING add_buffer_ms=1462.4 frames=16 exec_start_idx=0
MV_INFER cond=normal split=test task=ButtonUnmask ep=3 ep_seq=1 infer_seq=24 t=368 es=0 k=22 motion_frames=0,16,32,48,64,80,96,112,128,144,160,176,192,208,224,240,256,272,288,304,320,336 motion_emb_sha=5e0b4a0956807067 motion_pos_sha=02b5313d34dbb54d motion_mask=111111111111111111111100000000000000000000000000000000000000000000000000000000000000000000000000 mem_order_sha=a5e37ce80bde382c motion_cols_sha=4c78bbca76234a73 donor=None cover=exact:0,fallback:0,cycle:0,cross_seg:0 gate=none num_steps=10 act_sha=f8b961b530c1a067 infer_ms=70.2
INFO:mme_vla_suite.serving.websocket_policy_server:TIMING infer_ms=70.2
INFO:mme_vla_suite.serving.websocket_policy_server:TIMING add_buffer_ms=1460.3 frames=16 exec_start_idx=0
MV_INFER cond=normal split=test task=ButtonUnmask ep=3 ep_seq=1 infer_seq=25 t=384 es=0 k=23 motion_frames=0,16,32,48,64,80,96,112,128,144,160,176,192,208,224,240,256,272,288,304,320,336,352 motion_emb_sha=abaf630857bdaefb motion_pos_sha=394430f2fe2a111f motion_mask=111111111111111111111110000000000000000000000000000000000000000000000000000000000000000000000000 mem_order_sha=ef888998c2ee9177 motion_cols_sha=d31a91eabb80a17e donor=None cover=exact:0,fallback:0,cycle:0,cross_seg:0 gate=none num_steps=10 act_sha=04ce8060873ed02d infer_ms=69.6
INFO:mme_vla_suite.serving.websocket_policy_server:TIMING infer_ms=69.6
INFO:mme_vla_suite.serving.websocket_policy_server:TIMING add_buffer_ms=1465.4 frames=16 exec_start_idx=0
MV_INFER cond=normal split=test task=ButtonUnmask ep=3 ep_seq=1 infer_seq=26 t=400 es=0 k=24 motion_frames=0,16,32,48,64,80,96,112,128,144,160,176,192,208,224,240,256,272,288,304,320,336,352,368 motion_emb_sha=dbda12008ca96844 motion_pos_sha=5af02f3dfcb16729 motion_mask=111111111111111111111111000000000000000000000000000000000000000000000000000000000000000000000000 mem_order_sha=a4b34693220533ac motion_cols_sha=470d57efa976fc1f donor=None cover=exact:0,fallback:0,cycle:0,cross_seg:0 gate=none num_steps=10 act_sha=4009ae2dd7f68d15 infer_ms=69.5
INFO:mme_vla_suite.serving.websocket_policy_server:TIMING infer_ms=69.5
INFO:mme_vla_suite.serving.websocket_policy_server:TIMING add_buffer_ms=1461.1 frames=16 exec_start_idx=0
MV_INFER cond=normal split=test task=ButtonUnmask ep=3 ep_seq=1 infer_seq=27 t=416 es=0 k=25 motion_frames=0,16,32,48,64,80,96,112,128,144,160,176,192,208,224,240,256,272,288,304,320,336,352,368,384 motion_emb_sha=1c105ea8000d2893 motion_pos_sha=6687fe3ef7ab6c31 motion_mask=111111111111111111111111100000000000000000000000000000000000000000000000000000000000000000000000 mem_order_sha=2e8f0f44cf91994f motion_cols_sha=25511e64898b44f0 donor=None cover=exact:0,fallback:0,cycle:0,cross_seg:0 gate=none num_steps=10 act_sha=0b908eb003ed7ae7 infer_ms=69.5
INFO:mme_vla_suite.serving.websocket_policy_server:TIMING infer_ms=69.5
INFO:mme_vla_suite.serving.websocket_policy_server:TIMING add_buffer_ms=1457.5 frames=16 exec_start_idx=0
MV_INFER cond=normal split=test task=ButtonUnmask ep=3 ep_seq=1 infer_seq=28 t=432 es=0 k=26 motion_frames=0,16,32,48,64,80,96,112,128,144,160,176,192,208,224,240,256,272,288,304,320,336,352,368,384,400 motion_emb_sha=bd69828421460bed motion_pos_sha=628a1d586ea0ead0 motion_mask=111111111111111111111111110000000000000000000000000000000000000000000000000000000000000000000000 mem_order_sha=7f421c86fa09d6ff motion_cols_sha=2fc323dd0f89e21e donor=None cover=exact:0,fallback:0,cycle:0,cross_seg:0 gate=none num_steps=10 act_sha=fc357585f126d077 infer_ms=69.6
INFO:mme_vla_suite.serving.websocket_policy_server:TIMING infer_ms=69.6
INFO:mme_vla_suite.serving.websocket_policy_server:TIMING add_buffer_ms=1460.4 frames=16 exec_start_idx=0
MV_INFER cond=normal split=test task=ButtonUnmask ep=3 ep_seq=1 infer_seq=29 t=448 es=0 k=27 motion_frames=0,16,32,48,64,80,96,112,128,144,160,176,192,208,224,240,256,272,288,304,320,336,352,368,384,400,416 motion_emb_sha=b8ffa5547f83c1b1 motion_pos_sha=374d18e42d46d506 motion_mask=111111111111111111111111111000000000000000000000000000000000000000000000000000000000000000000000 mem_order_sha=a9601380358f26a3 motion_cols_sha=a013e7a2c5f47434 donor=None cover=exact:0,fallback:0,cycle:0,cross_seg:0 gate=none num_steps=10 act_sha=5d2a96a3a1d80387 infer_ms=70.0
INFO:mme_vla_suite.serving.websocket_policy_server:TIMING infer_ms=70.0
INFO:mme_vla_suite.serving.websocket_policy_server:TIMING add_buffer_ms=1462.2 frames=16 exec_start_idx=0
MV_INFER cond=normal split=test task=ButtonUnmask ep=3 ep_seq=1 infer_seq=30 t=464 es=0 k=28 motion_frames=0,16,32,48,64,80,96,112,128,144,160,176,192,208,224,240,256,272,288,304,320,336,352,368,384,400,416,432 motion_emb_sha=cf9f270625779fb1 motion_pos_sha=c6f42c99e8bb04fc motion_mask=111111111111111111111111111100000000000000000000000000000000000000000000000000000000000000000000 mem_order_sha=597e8d7ec05b4d7c motion_cols_sha=454ac679a2eee33a donor=None cover=exact:0,fallback:0,cycle:0,cross_seg:0 gate=none num_steps=10 act_sha=1dcd80e592771444 infer_ms=69.6
INFO:mme_vla_suite.serving.websocket_policy_server:TIMING infer_ms=69.6
INFO:mme_vla_suite.serving.websocket_policy_server:TIMING add_buffer_ms=1468.9 frames=16 exec_start_idx=0
MV_INFER cond=normal split=test task=ButtonUnmask ep=3 ep_seq=1 infer_seq=31 t=480 es=0 k=29 motion_frames=0,16,32,48,64,80,96,112,128,144,160,176,192,208,224,240,256,272,288,304,320,336,352,368,384,400,416,432,448 motion_emb_sha=0441c05864ef750d motion_pos_sha=5bec62c7b2782ab5 motion_mask=111111111111111111111111111110000000000000000000000000000000000000000000000000000000000000000000 mem_order_sha=969b025395b2669f motion_cols_sha=fa13d9c231b687f7 donor=None cover=exact:0,fallback:0,cycle:0,cross_seg:0 gate=none num_steps=10 act_sha=85fb654f9e2507c2 infer_ms=69.6
INFO:mme_vla_suite.serving.websocket_policy_server:TIMING infer_ms=69.6
INFO:mme_vla_suite.serving.websocket_policy_server:TIMING add_buffer_ms=1463.3 frames=16 exec_start_idx=0
MV_INFER cond=normal split=test task=ButtonUnmask ep=3 ep_seq=1 infer_seq=32 t=496 es=0 k=30 motion_frames=0,16,32,48,64,80,96,112,128,144,160,176,192,208,224,240,256,272,288,304,320,336,352,368,384,400,416,432,448,464 motion_emb_sha=7eb2cd234be13d5f motion_pos_sha=77bb4a49f5f204a6 motion_mask=111111111111111111111111111111000000000000000000000000000000000000000000000000000000000000000000 mem_order_sha=8b9c911903d52ada motion_cols_sha=cf531ae59de60a74 donor=None cover=exact:0,fallback:0,cycle:0,cross_seg:0 gate=none num_steps=10 act_sha=7a5ca3d76d186b3b infer_ms=69.5
INFO:mme_vla_suite.serving.websocket_policy_server:TIMING infer_ms=69.5
INFO:mme_vla_suite.serving.websocket_policy_server:TIMING add_buffer_ms=1462.0 frames=16 exec_start_idx=0
MV_INFER cond=normal split=test task=ButtonUnmask ep=3 ep_seq=1 infer_seq=33 t=512 es=0 k=31 motion_frames=0,16,32,48,64,80,96,112,128,144,160,176,192,208,224,240,256,272,288,304,320,336,352,368,384,400,416,432,448,464,480 motion_emb_sha=f69ebccb2c17136e motion_pos_sha=b5a830a451ce756a motion_mask=111111111111111111111111111111100000000000000000000000000000000000000000000000000000000000000000 mem_order_sha=3b34058d7f65364b motion_cols_sha=b3a6df354ab4d8c7 donor=None cover=exact:0,fallback:0,cycle:0,cross_seg:0 gate=none num_steps=10 act_sha=c73dbe62cc105ccf infer_ms=70.2
INFO:mme_vla_suite.serving.websocket_policy_server:TIMING infer_ms=70.2
INFO:mme_vla_suite.serving.websocket_policy_server:TIMING add_buffer_ms=1464.9 frames=16 exec_start_idx=0
MV_INFER cond=normal split=test task=ButtonUnmask ep=3 ep_seq=1 infer_seq=34 t=528 es=0 k=32 motion_frames=0,16,32,48,64,80,96,112,128,144,160,176,192,208,224,240,256,272,288,304,320,336,352,368,384,400,416,432,448,464,480,496 motion_emb_sha=b8609b43c071cbc1 motion_pos_sha=a31e40266e8ce975 motion_mask=111111111111111111111111111111110000000000000000000000000000000000000000000000000000000000000000 mem_order_sha=8810917fd8440e8c motion_cols_sha=1c1e3532088a7dfd donor=None cover=exact:0,fallback:0,cycle:0,cross_seg:0 gate=none num_steps=10 act_sha=c4590c8862f54013 infer_ms=70.0
INFO:mme_vla_suite.serving.websocket_policy_server:TIMING infer_ms=70.0
INFO:mme_vla_suite.serving.websocket_policy_server:TIMING add_buffer_ms=1461.1 frames=16 exec_start_idx=0
MV_INFER cond=normal split=test task=ButtonUnmask ep=3 ep_seq=1 infer_seq=35 t=544 es=0 k=33 motion_frames=0,16,32,48,64,80,96,112,128,144,160,176,192,208,224,240,256,272,288,304,320,336,352,368,384,400,416,432,448,464,480,496,512 motion_emb_sha=966673e05160d975 motion_pos_sha=eab0166000e0ada9 motion_mask=111111111111111111111111111111111000000000000000000000000000000000000000000000000000000000000000 mem_order_sha=84d9776f0a6388a9 motion_cols_sha=8e3bc15ec06039d9 donor=None cover=exact:0,fallback:0,cycle:0,cross_seg:0 gate=none num_steps=10 act_sha=0a36ce2267c5ce34 infer_ms=69.7
INFO:mme_vla_suite.serving.websocket_policy_server:TIMING infer_ms=69.7
INFO:mme_vla_suite.serving.websocket_policy_server:TIMING add_buffer_ms=1460.8 frames=16 exec_start_idx=0
MV_INFER cond=normal split=test task=ButtonUnmask ep=3 ep_seq=1 infer_seq=36 t=560 es=0 k=34 motion_frames=0,16,32,48,64,80,96,112,128,144,160,176,192,208,224,240,256,272,288,304,320,336,352,368,384,400,416,432,448,464,480,496,512,528 motion_emb_sha=f53d65a6482c9a99 motion_pos_sha=d43d8a704008daf6 motion_mask=111111111111111111111111111111111100000000000000000000000000000000000000000000000000000000000000 mem_order_sha=6eb9b3f8edf499e7 motion_cols_sha=ad5d71aad766a582 donor=None cover=exact:0,fallback:0,cycle:0,cross_seg:0 gate=none num_steps=10 act_sha=3b16343d74172ace infer_ms=69.6
INFO:mme_vla_suite.serving.websocket_policy_server:TIMING infer_ms=69.6
INFO:mme_vla_suite.serving.websocket_policy_server:TIMING add_buffer_ms=1468.3 frames=16 exec_start_idx=0
MV_INFER cond=normal split=test task=ButtonUnmask ep=3 ep_seq=1 infer_seq=37 t=576 es=0 k=35 motion_frames=0,16,32,48,64,80,96,112,128,144,160,176,192,208,224,240,256,272,288,304,320,336,352,368,384,400,416,432,448,464,480,496,512,528,544 motion_emb_sha=cf915c17a0864852 motion_pos_sha=de94b3ba18baa253 motion_mask=111111111111111111111111111111111110000000000000000000000000000000000000000000000000000000000000 mem_order_sha=c7e0193d5f8c94eb motion_cols_sha=3b7f200dcc4a154e donor=None cover=exact:0,fallback:0,cycle:0,cross_seg:0 gate=none num_steps=10 act_sha=53c49da3debf0ac9 infer_ms=70.3
INFO:mme_vla_suite.serving.websocket_policy_server:TIMING infer_ms=70.3
INFO:mme_vla_suite.serving.websocket_policy_server:TIMING add_buffer_ms=1463.6 frames=16 exec_start_idx=0
MV_INFER cond=normal split=test task=ButtonUnmask ep=3 ep_seq=1 infer_seq=38 t=592 es=0 k=36 motion_frames=0,16,32,48,64,80,96,112,128,144,160,176,192,208,224,240,256,272,288,304,320,336,352,368,384,400,416,432,448,464,480,496,512,528,544,560 motion_emb_sha=99ddaef1e8c4b862 motion_pos_sha=79d7ee4d77e92fb5 motion_mask=111111111111111111111111111111111111000000000000000000000000000000000000000000000000000000000000 mem_order_sha=d14c08e62b4e5277 motion_cols_sha=93f686b824d1c37a donor=None cover=exact:0,fallback:0,cycle:0,cross_seg:0 gate=none num_steps=10 act_sha=e16499997f485c02 infer_ms=70.0
INFO:mme_vla_suite.serving.websocket_policy_server:TIMING infer_ms=70.0
INFO:mme_vla_suite.serving.websocket_policy_server:TIMING add_buffer_ms=1464.3 frames=16 exec_start_idx=0
MV_INFER cond=normal split=test task=ButtonUnmask ep=3 ep_seq=1 infer_seq=39 t=608 es=0 k=37 motion_frames=0,16,32,48,64,80,96,112,128,144,160,176,192,208,224,240,256,272,288,304,320,336,352,368,384,400,416,432,448,464,480,496,512,528,544,560,576 motion_emb_sha=60f091b1fc246973 motion_pos_sha=ed409a2810446f17 motion_mask=111111111111111111111111111111111111100000000000000000000000000000000000000000000000000000000000 mem_order_sha=90d4662a192ae249 motion_cols_sha=3eadc43c4d943830 donor=None cover=exact:0,fallback:0,cycle:0,cross_seg:0 gate=none num_steps=10 act_sha=311f76480f1c82a4 infer_ms=70.2
INFO:mme_vla_suite.serving.websocket_policy_server:TIMING infer_ms=70.2
INFO:mme_vla_suite.serving.websocket_policy_server:TIMING add_buffer_ms=1466.6 frames=16 exec_start_idx=0
MV_INFER cond=normal split=test task=ButtonUnmask ep=3 ep_seq=1 infer_seq=40 t=624 es=0 k=38 motion_frames=0,16,32,48,64,80,96,112,128,144,160,176,192,208,224,240,256,272,288,304,320,336,352,368,384,400,416,432,448,464,480,496,512,528,544,560,576,592 motion_emb_sha=17b9db1dd483a0da motion_pos_sha=f11838ac6f537185 motion_mask=111111111111111111111111111111111111110000000000000000000000000000000000000000000000000000000000 mem_order_sha=0161c9793244f505 motion_cols_sha=6171a29cf75a582d donor=None cover=exact:0,fallback:0,cycle:0,cross_seg:0 gate=none num_steps=10 act_sha=d785eeea6adfb702 infer_ms=69.6
INFO:mme_vla_suite.serving.websocket_policy_server:TIMING infer_ms=69.6
INFO:mme_vla_suite.serving.websocket_policy_server:TIMING add_buffer_ms=1467.4 frames=16 exec_start_idx=0
MV_INFER cond=normal split=test task=ButtonUnmask ep=3 ep_seq=1 infer_seq=41 t=640 es=0 k=39 motion_frames=0,16,32,48,64,80,96,112,128,144,160,176,192,208,224,240,256,272,288,304,320,336,352,368,384,400,416,432,448,464,480,496,512,528,544,560,576,592,608 motion_emb_sha=64e991a52dc033c2 motion_pos_sha=bbe054d478576248 motion_mask=111111111111111111111111111111111111111000000000000000000000000000000000000000000000000000000000 mem_order_sha=3e28a574a561f529 motion_cols_sha=75706cddfb5a49b1 donor=None cover=exact:0,fallback:0,cycle:0,cross_seg:0 gate=none num_steps=10 act_sha=4f7c06331a6fbb7a infer_ms=69.9
INFO:mme_vla_suite.serving.websocket_policy_server:TIMING infer_ms=69.9
INFO:mme_vla_suite.serving.websocket_policy_server:TIMING add_buffer_ms=1466.6 frames=16 exec_start_idx=0
MV_INFER cond=normal split=test task=ButtonUnmask ep=3 ep_seq=1 infer_seq=42 t=656 es=0 k=40 motion_frames=0,16,32,48,64,80,96,112,128,144,160,176,192,208,224,240,256,272,288,304,320,336,352,368,384,400,416,432,448,464,480,496,512,528,544,560,576,592,608,624 motion_emb_sha=d0df33f384add1f3 motion_pos_sha=d87c3d15d15b51b8 motion_mask=111111111111111111111111111111111111111100000000000000000000000000000000000000000000000000000000 mem_order_sha=9a1d09ac748abb28 motion_cols_sha=fc48261a83a83b97 donor=None cover=exact:0,fallback:0,cycle:0,cross_seg:0 gate=none num_steps=10 act_sha=11a627b590796780 infer_ms=70.2
INFO:mme_vla_suite.serving.websocket_policy_server:TIMING infer_ms=70.2
INFO:mme_vla_suite.serving.websocket_policy_server:TIMING add_buffer_ms=1462.4 frames=16 exec_start_idx=0
MV_INFER cond=normal split=test task=ButtonUnmask ep=3 ep_seq=1 infer_seq=43 t=672 es=0 k=41 motion_frames=0,16,32,48,64,80,96,112,128,144,160,176,192,208,224,240,256,272,288,304,320,336,352,368,384,400,416,432,448,464,480,496,512,528,544,560,576,592,608,624,640 motion_emb_sha=baf9bf3d8e0800fa motion_pos_sha=305e09917e6fd5ac motion_mask=111111111111111111111111111111111111111110000000000000000000000000000000000000000000000000000000 mem_order_sha=1f18d2a138bd0bf9 motion_cols_sha=b7950317891542b4 donor=None cover=exact:0,fallback:0,cycle:0,cross_seg:0 gate=none num_steps=10 act_sha=1da94e15ca524a29 infer_ms=69.9
INFO:mme_vla_suite.serving.websocket_policy_server:TIMING infer_ms=69.9
INFO:mme_vla_suite.serving.websocket_policy_server:TIMING add_buffer_ms=1468.8 frames=16 exec_start_idx=0
MV_INFER cond=normal split=test task=ButtonUnmask ep=3 ep_seq=1 infer_seq=44 t=688 es=0 k=42 motion_frames=0,16,32,48,64,80,96,112,128,144,160,176,192,208,224,240,256,272,288,304,320,336,352,368,384,400,416,432,448,464,480,496,512,528,544,560,576,592,608,624,640,656 motion_emb_sha=1ff0cbfaef9b9b15 motion_pos_sha=d928bf4021ac4a4b motion_mask=111111111111111111111111111111111111111111000000000000000000000000000000000000000000000000000000 mem_order_sha=0e966687b726d076 motion_cols_sha=2ed9f2bde5da4470 donor=None cover=exact:0,fallback:0,cycle:0,cross_seg:0 gate=none num_steps=10 act_sha=9849b30c3b0cf28b infer_ms=69.8
INFO:mme_vla_suite.serving.websocket_policy_server:TIMING infer_ms=69.8
INFO:mme_vla_suite.serving.websocket_policy_server:TIMING add_buffer_ms=1464.3 frames=16 exec_start_idx=0
MV_INFER cond=normal split=test task=ButtonUnmask ep=3 ep_seq=1 infer_seq=45 t=704 es=0 k=43 motion_frames=0,16,32,48,64,80,96,112,128,144,160,176,192,208,224,240,256,272,288,304,320,336,352,368,384,400,416,432,448,464,480,496,512,528,544,560,576,592,608,624,640,656,672 motion_emb_sha=8147cb6c41490278 motion_pos_sha=df28f649d327f743 motion_mask=111111111111111111111111111111111111111111100000000000000000000000000000000000000000000000000000 mem_order_sha=64f5fc8956546c66 motion_cols_sha=9ac0355ab034292e donor=None cover=exact:0,fallback:0,cycle:0,cross_seg:0 gate=none num_steps=10 act_sha=b3311d876b5e3197 infer_ms=69.9
INFO:mme_vla_suite.serving.websocket_policy_server:TIMING infer_ms=69.9
INFO:mme_vla_suite.serving.websocket_policy_server:TIMING add_buffer_ms=1460.1 frames=16 exec_start_idx=0
MV_INFER cond=normal split=test task=ButtonUnmask ep=3 ep_seq=1 infer_seq=46 t=720 es=0 k=44 motion_frames=0,16,32,48,64,80,96,112,128,144,160,176,192,208,224,240,256,272,288,304,320,336,352,368,384,400,416,432,448,464,480,496,512,528,544,560,576,592,608,624,640,656,672,688 motion_emb_sha=0cdefc5e0473075b motion_pos_sha=16c7916c2054109b motion_mask=111111111111111111111111111111111111111111110000000000000000000000000000000000000000000000000000 mem_order_sha=108683ecd06aac22 motion_cols_sha=5d9657c560621273 donor=None cover=exact:0,fallback:0,cycle:0,cross_seg:0 gate=none num_steps=10 act_sha=6c1c58f11386fe88 infer_ms=70.3
INFO:mme_vla_suite.serving.websocket_policy_server:TIMING infer_ms=70.3
INFO:mme_vla_suite.serving.websocket_policy_server:TIMING add_buffer_ms=1467.6 frames=16 exec_start_idx=0
MV_INFER cond=normal split=test task=ButtonUnmask ep=3 ep_seq=1 infer_seq=47 t=736 es=0 k=45 motion_frames=0,16,32,48,64,80,96,112,128,144,160,176,192,208,224,240,256,272,288,304,320,336,352,368,384,400,416,432,448,464,480,496,512,528,544,560,576,592,608,624,640,656,672,688,704 motion_emb_sha=a2cec4143998281d motion_pos_sha=1a7312af6542d8c4 motion_mask=111111111111111111111111111111111111111111111000000000000000000000000000000000000000000000000000 mem_order_sha=334900ce00d4edee motion_cols_sha=6aa877e8836977cf donor=None cover=exact:0,fallback:0,cycle:0,cross_seg:0 gate=none num_steps=10 act_sha=1b3ea6f622a452c3 infer_ms=69.7
INFO:mme_vla_suite.serving.websocket_policy_server:TIMING infer_ms=69.7
INFO:mme_vla_suite.serving.websocket_policy_server:TIMING add_buffer_ms=1461.9 frames=16 exec_start_idx=0
MV_INFER cond=normal split=test task=ButtonUnmask ep=3 ep_seq=1 infer_seq=48 t=752 es=0 k=46 motion_frames=0,16,32,48,64,80,96,112,128,144,160,176,192,208,224,240,256,272,288,304,320,336,352,368,384,400,416,432,448,464,480,496,512,528,544,560,576,592,608,624,640,656,672,688,704,720 motion_emb_sha=ff1fb94aeb6e1600 motion_pos_sha=03f34ee9bd05979f motion_mask=111111111111111111111111111111111111111111111100000000000000000000000000000000000000000000000000 mem_order_sha=eb2eb2afcfeb1ad9 motion_cols_sha=5e7820a41ef36daa donor=None cover=exact:0,fallback:0,cycle:0,cross_seg:0 gate=none num_steps=10 act_sha=1ee00b18b74ef301 infer_ms=69.5
INFO:mme_vla_suite.serving.websocket_policy_server:TIMING infer_ms=69.5
INFO:mme_vla_suite.serving.websocket_policy_server:TIMING add_buffer_ms=1460.3 frames=16 exec_start_idx=0
MV_INFER cond=normal split=test task=ButtonUnmask ep=3 ep_seq=1 infer_seq=49 t=768 es=0 k=47 motion_frames=0,16,32,48,64,80,96,112,128,144,160,176,192,208,224,240,256,272,288,304,320,336,352,368,384,400,416,432,448,464,480,496,512,528,544,560,576,592,608,624,640,656,672,688,704,720,736 motion_emb_sha=c7daccbfc829af6e motion_pos_sha=692cb599ce1428a7 motion_mask=111111111111111111111111111111111111111111111110000000000000000000000000000000000000000000000000 mem_order_sha=6562fcffed534ed6 motion_cols_sha=1759c66f866642dc donor=None cover=exact:0,fallback:0,cycle:0,cross_seg:0 gate=none num_steps=10 act_sha=5bf426b3553b9357 infer_ms=70.4
INFO:mme_vla_suite.serving.websocket_policy_server:TIMING infer_ms=70.4
INFO:mme_vla_suite.serving.websocket_policy_server:TIMING add_buffer_ms=1461.4 frames=16 exec_start_idx=0
MV_INFER cond=normal split=test task=ButtonUnmask ep=3 ep_seq=1 infer_seq=50 t=784 es=0 k=48 motion_frames=0,16,32,48,64,80,96,112,128,144,160,176,192,208,224,240,256,272,288,304,320,336,352,368,384,400,416,432,448,464,480,496,512,528,544,560,576,592,608,624,640,656,672,688,704,720,736,752 motion_emb_sha=7f35c3c871225b71 motion_pos_sha=c3fe5e84b569016a motion_mask=111111111111111111111111111111111111111111111111000000000000000000000000000000000000000000000000 mem_order_sha=f1a8700e58c41cae motion_cols_sha=99e1f6e9f6bb9c4d donor=None cover=exact:0,fallback:0,cycle:0,cross_seg:0 gate=none num_steps=10 act_sha=f21fd4f302567cda infer_ms=69.7
INFO:mme_vla_suite.serving.websocket_policy_server:TIMING infer_ms=69.7
INFO:mme_vla_suite.serving.websocket_policy_server:TIMING add_buffer_ms=1467.2 frames=16 exec_start_idx=0
MV_INFER cond=normal split=test task=ButtonUnmask ep=3 ep_seq=1 infer_seq=51 t=800 es=0 k=49 motion_frames=0,16,32,48,64,80,96,112,128,144,160,176,192,208,224,240,256,272,288,304,320,336,352,368,384,400,416,432,448,464,480,496,512,528,544,560,576,592,608,624,640,656,672,688,704,720,736,752,768 motion_emb_sha=bdd3be8f6a871d33 motion_pos_sha=680f129246f7b6f4 motion_mask=111111111111111111111111111111111111111111111111100000000000000000000000000000000000000000000000 mem_order_sha=2b5cfd5fc3095878 motion_cols_sha=0fbe01f7b49896a1 donor=None cover=exact:0,fallback:0,cycle:0,cross_seg:0 gate=none num_steps=10 act_sha=da389095889b9e54 infer_ms=69.6
INFO:mme_vla_suite.serving.websocket_policy_server:TIMING infer_ms=69.6
INFO:mme_vla_suite.serving.websocket_policy_server:TIMING add_buffer_ms=1469.1 frames=16 exec_start_idx=0
MV_INFER cond=normal split=test task=ButtonUnmask ep=3 ep_seq=1 infer_seq=52 t=816 es=0 k=50 motion_frames=0,16,32,48,64,80,96,112,128,144,160,176,192,208,224,240,256,272,288,304,320,336,352,368,384,400,416,432,448,464,480,496,512,528,544,560,576,592,608,624,640,656,672,688,704,720,736,752,768,784 motion_emb_sha=878e359461170f34 motion_pos_sha=2310564d1b9957fd motion_mask=111111111111111111111111111111111111111111111111110000000000000000000000000000000000000000000000 mem_order_sha=0121728e581ca339 motion_cols_sha=3146bf3efe6b3a23 donor=None cover=exact:0,fallback:0,cycle:0,cross_seg:0 gate=none num_steps=10 act_sha=4150d0e80b7eeb50 infer_ms=69.5
INFO:mme_vla_suite.serving.websocket_policy_server:TIMING infer_ms=69.5
[sidecar pid=833148] 窗 #51 起点 800 耗时 1417 ms（累计 111s）
INFO:mme_vla_suite.serving.websocket_policy_server:TIMING add_buffer_ms=1463.1 frames=16 exec_start_idx=0
MV_INFER cond=normal split=test task=ButtonUnmask ep=3 ep_seq=1 infer_seq=53 t=832 es=0 k=51 motion_frames=0,16,32,48,64,80,96,112,128,144,160,176,192,208,224,240,256,272,288,304,320,336,352,368,384,400,416,432,448,464,480,496,512,528,544,560,576,592,608,624,640,656,672,688,704,720,736,752,768,784,800 motion_emb_sha=488b25dadb758e59 motion_pos_sha=600430e170ebc9a0 motion_mask=111111111111111111111111111111111111111111111111111000000000000000000000000000000000000000000000 mem_order_sha=875f38b8693b6012 motion_cols_sha=d23bb84a612c3654 donor=None cover=exact:0,fallback:0,cycle:0,cross_seg:0 gate=none num_steps=10 act_sha=8f0410c4272abc9f infer_ms=69.6
INFO:mme_vla_suite.serving.websocket_policy_server:TIMING infer_ms=69.6
INFO:mme_vla_suite.serving.websocket_policy_server:TIMING add_buffer_ms=1462.8 frames=16 exec_start_idx=0
MV_INFER cond=normal split=test task=ButtonUnmask ep=3 ep_seq=1 infer_seq=54 t=848 es=0 k=52 motion_frames=0,16,32,48,64,80,96,112,128,144,160,176,192,208,224,240,256,272,288,304,320,336,352,368,384,400,416,432,448,464,480,496,512,528,544,560,576,592,608,624,640,656,672,688,704,720,736,752,768,784,800,816 motion_emb_sha=524dea53697e8c2c motion_pos_sha=2d007f1393a57404 motion_mask=111111111111111111111111111111111111111111111111111100000000000000000000000000000000000000000000 mem_order_sha=8cda0cc9e165fc7b motion_cols_sha=6ea7276cd41fa784 donor=None cover=exact:0,fallback:0,cycle:0,cross_seg:0 gate=none num_steps=10 act_sha=068c12afcb8d18f6 infer_ms=69.6
INFO:mme_vla_suite.serving.websocket_policy_server:TIMING infer_ms=69.6
INFO:mme_vla_suite.serving.websocket_policy_server:TIMING add_buffer_ms=1469.1 frames=16 exec_start_idx=0
MV_INFER cond=normal split=test task=ButtonUnmask ep=3 ep_seq=1 infer_seq=55 t=864 es=0 k=53 motion_frames=0,16,32,48,64,80,96,112,128,144,160,176,192,208,224,240,256,272,288,304,320,336,352,368,384,400,416,432,448,464,480,496,512,528,544,560,576,592,608,624,640,656,672,688,704,720,736,752,768,784,800,816,832 motion_emb_sha=9f13750f773cfbed motion_pos_sha=f42da141b1d4c82c motion_mask=111111111111111111111111111111111111111111111111111110000000000000000000000000000000000000000000 mem_order_sha=0dabd1444bc80074 motion_cols_sha=89f30c99564ea731 donor=None cover=exact:0,fallback:0,cycle:0,cross_seg:0 gate=none num_steps=10 act_sha=a7cc30287614c975 infer_ms=69.8
INFO:mme_vla_suite.serving.websocket_policy_server:TIMING infer_ms=69.8
INFO:mme_vla_suite.serving.websocket_policy_server:TIMING add_buffer_ms=1461.3 frames=16 exec_start_idx=0
MV_INFER cond=normal split=test task=ButtonUnmask ep=3 ep_seq=1 infer_seq=56 t=880 es=0 k=54 motion_frames=0,16,32,48,64,80,96,112,128,144,160,176,192,208,224,240,256,272,288,304,320,336,352,368,384,400,416,432,448,464,480,496,512,528,544,560,576,592,608,624,640,656,672,688,704,720,736,752,768,784,800,816,832,848 motion_emb_sha=3b9348448c6aeb46 motion_pos_sha=01060eddb55ef662 motion_mask=111111111111111111111111111111111111111111111111111111000000000000000000000000000000000000000000 mem_order_sha=a4e3eafb5ffafe0b motion_cols_sha=e349514dca693b7f donor=None cover=exact:0,fallback:0,cycle:0,cross_seg:0 gate=none num_steps=10 act_sha=47fd1e0d143d9ac7 infer_ms=70.1
INFO:mme_vla_suite.serving.websocket_policy_server:TIMING infer_ms=70.1
INFO:mme_vla_suite.serving.websocket_policy_server:TIMING add_buffer_ms=1459.0 frames=16 exec_start_idx=0
MV_INFER cond=normal split=test task=ButtonUnmask ep=3 ep_seq=1 infer_seq=57 t=896 es=0 k=55 motion_frames=0,16,32,48,64,80,96,112,128,144,160,176,192,208,224,240,256,272,288,304,320,336,352,368,384,400,416,432,448,464,480,496,512,528,544,560,576,592,608,624,640,656,672,688,704,720,736,752,768,784,800,816,832,848,864 motion_emb_sha=2be1722875ef1699 motion_pos_sha=73234d7bb22f2334 motion_mask=111111111111111111111111111111111111111111111111111111100000000000000000000000000000000000000000 mem_order_sha=395346a4f540e9de motion_cols_sha=078b54ea6363443a donor=None cover=exact:0,fallback:0,cycle:0,cross_seg:0 gate=none num_steps=10 act_sha=aeb375868c912000 infer_ms=69.6
INFO:mme_vla_suite.serving.websocket_policy_server:TIMING infer_ms=69.6
INFO:mme_vla_suite.serving.websocket_policy_server:TIMING add_buffer_ms=1462.7 frames=16 exec_start_idx=0
MV_INFER cond=normal split=test task=ButtonUnmask ep=3 ep_seq=1 infer_seq=58 t=912 es=0 k=56 motion_frames=0,16,32,48,64,80,96,112,128,144,160,176,192,208,224,240,256,272,288,304,320,336,352,368,384,400,416,432,448,464,480,496,512,528,544,560,576,592,608,624,640,656,672,688,704,720,736,752,768,784,800,816,832,848,864,880 motion_emb_sha=0589c71c2b0419ee motion_pos_sha=e1476f70fa43befe motion_mask=111111111111111111111111111111111111111111111111111111110000000000000000000000000000000000000000 mem_order_sha=3476e1e03f0ca6e3 motion_cols_sha=a5aa69c91f1f7b29 donor=None cover=exact:0,fallback:0,cycle:0,cross_seg:0 gate=none num_steps=10 act_sha=0313ca6f8c835ae3 infer_ms=69.6
INFO:mme_vla_suite.serving.websocket_policy_server:TIMING infer_ms=69.6
INFO:mme_vla_suite.serving.websocket_policy_server:TIMING add_buffer_ms=1466.5 frames=16 exec_start_idx=0
MV_INFER cond=normal split=test task=ButtonUnmask ep=3 ep_seq=1 infer_seq=59 t=928 es=0 k=57 motion_frames=0,16,32,48,64,80,96,112,128,144,160,176,192,208,224,240,256,272,288,304,320,336,352,368,384,400,416,432,448,464,480,496,512,528,544,560,576,592,608,624,640,656,672,688,704,720,736,752,768,784,800,816,832,848,864,880,896 motion_emb_sha=d62e910bc361a1c7 motion_pos_sha=bca8ade9114e0e68 motion_mask=111111111111111111111111111111111111111111111111111111111000000000000000000000000000000000000000 mem_order_sha=a777cdac8f3e3557 motion_cols_sha=2da46f232ede0f69 donor=None cover=exact:0,fallback:0,cycle:0,cross_seg:0 gate=none num_steps=10 act_sha=d4858bc494679db0 infer_ms=69.7
INFO:mme_vla_suite.serving.websocket_policy_server:TIMING infer_ms=69.7
INFO:mme_vla_suite.serving.websocket_policy_server:TIMING add_buffer_ms=1463.8 frames=16 exec_start_idx=0
MV_INFER cond=normal split=test task=ButtonUnmask ep=3 ep_seq=1 infer_seq=60 t=944 es=0 k=58 motion_frames=0,16,32,48,64,80,96,112,128,144,160,176,192,208,224,240,256,272,288,304,320,336,352,368,384,400,416,432,448,464,480,496,512,528,544,560,576,592,608,624,640,656,672,688,704,720,736,752,768,784,800,816,832,848,864,880,896,912 motion_emb_sha=4be5e1ee59c9d501 motion_pos_sha=34b7233dd99a2db0 motion_mask=111111111111111111111111111111111111111111111111111111111100000000000000000000000000000000000000 mem_order_sha=6320e4ba2d244586 motion_cols_sha=3b208a16db9ab136 donor=None cover=exact:0,fallback:0,cycle:0,cross_seg:0 gate=none num_steps=10 act_sha=48127d7546a9b995 infer_ms=70.0
INFO:mme_vla_suite.serving.websocket_policy_server:TIMING infer_ms=70.0
INFO:mme_vla_suite.serving.websocket_policy_server:TIMING add_buffer_ms=1460.0 frames=16 exec_start_idx=0
MV_INFER cond=normal split=test task=ButtonUnmask ep=3 ep_seq=1 infer_seq=61 t=960 es=0 k=59 motion_frames=0,16,32,48,64,80,96,112,128,144,160,176,192,208,224,240,256,272,288,304,320,336,352,368,384,400,416,432,448,464,480,496,512,528,544,560,576,592,608,624,640,656,672,688,704,720,736,752,768,784,800,816,832,848,864,880,896,912,928 motion_emb_sha=dd593635ab793a56 motion_pos_sha=cb7f48c244f6b94b motion_mask=111111111111111111111111111111111111111111111111111111111110000000000000000000000000000000000000 mem_order_sha=39c29249fe13bc2b motion_cols_sha=3e0e13de4529aac8 donor=None cover=exact:0,fallback:0,cycle:0,cross_seg:0 gate=none num_steps=10 act_sha=0af8ecef85c7084f infer_ms=69.5
INFO:mme_vla_suite.serving.websocket_policy_server:TIMING infer_ms=69.5
INFO:mme_vla_suite.serving.websocket_policy_server:TIMING add_buffer_ms=1463.9 frames=16 exec_start_idx=0
MV_INFER cond=normal split=test task=ButtonUnmask ep=3 ep_seq=1 infer_seq=62 t=976 es=0 k=60 motion_frames=0,16,32,48,64,80,96,112,128,144,160,176,192,208,224,240,256,272,288,304,320,336,352,368,384,400,416,432,448,464,480,496,512,528,544,560,576,592,608,624,640,656,672,688,704,720,736,752,768,784,800,816,832,848,864,880,896,912,928,944 motion_emb_sha=3fbd0ebff31d8a60 motion_pos_sha=0c8df1a6e41b5e23 motion_mask=111111111111111111111111111111111111111111111111111111111111000000000000000000000000000000000000 mem_order_sha=20d30cf76b3da92d motion_cols_sha=d14deafb868159f6 donor=None cover=exact:0,fallback:0,cycle:0,cross_seg:0 gate=none num_steps=10 act_sha=84126f89fe128a2e infer_ms=69.5
INFO:mme_vla_suite.serving.websocket_policy_server:TIMING infer_ms=69.5
INFO:mme_vla_suite.serving.websocket_policy_server:TIMING add_buffer_ms=1461.1 frames=16 exec_start_idx=0
MV_INFER cond=normal split=test task=ButtonUnmask ep=3 ep_seq=1 infer_seq=63 t=992 es=0 k=61 motion_frames=0,16,32,48,64,80,96,112,128,144,160,176,192,208,224,240,256,272,288,304,320,336,352,368,384,400,416,432,448,464,480,496,512,528,544,560,576,592,608,624,640,656,672,688,704,720,736,752,768,784,800,816,832,848,864,880,896,912,928,944,960 motion_emb_sha=5b60c790766620b0 motion_pos_sha=6969e5ef8a2647ad motion_mask=111111111111111111111111111111111111111111111111111111111111100000000000000000000000000000000000 mem_order_sha=ea99f596f81da8fb motion_cols_sha=e49e1ad67faf939a donor=None cover=exact:0,fallback:0,cycle:0,cross_seg:0 gate=none num_steps=10 act_sha=38f5521ede271d92 infer_ms=69.5
INFO:mme_vla_suite.serving.websocket_policy_server:TIMING infer_ms=69.5
INFO:mme_vla_suite.serving.websocket_policy_server:TIMING add_buffer_ms=1463.0 frames=16 exec_start_idx=0
MV_INFER cond=normal split=test task=ButtonUnmask ep=3 ep_seq=1 infer_seq=64 t=1008 es=0 k=62 motion_frames=0,16,32,48,64,80,96,112,128,144,160,176,192,208,224,240,256,272,288,304,320,336,352,368,384,400,416,432,448,464,480,496,512,528,544,560,576,592,608,624,640,656,672,688,704,720,736,752,768,784,800,816,832,848,864,880,896,912,928,944,960,976 motion_emb_sha=cc86f1a403861373 motion_pos_sha=68a304bc0f81b2d1 motion_mask=111111111111111111111111111111111111111111111111111111111111110000000000000000000000000000000000 mem_order_sha=cb85039bc8deeee3 motion_cols_sha=9f68376775df092c donor=None cover=exact:0,fallback:0,cycle:0,cross_seg:0 gate=none num_steps=10 act_sha=2ddcb548a6bebc74 infer_ms=69.6
INFO:mme_vla_suite.serving.websocket_policy_server:TIMING infer_ms=69.6
INFO:mme_vla_suite.serving.websocket_policy_server:TIMING add_buffer_ms=1461.9 frames=16 exec_start_idx=0
MV_INFER cond=normal split=test task=ButtonUnmask ep=3 ep_seq=1 infer_seq=65 t=1024 es=0 k=63 motion_frames=0,16,32,48,64,80,96,112,128,144,160,176,192,208,224,240,256,272,288,304,320,336,352,368,384,400,416,432,448,464,480,496,512,528,544,560,576,592,608,624,640,656,672,688,704,720,736,752,768,784,800,816,832,848,864,880,896,912,928,944,960,976,992 motion_emb_sha=a4e400b694553f7d motion_pos_sha=3a3d8e518a7990d0 motion_mask=111111111111111111111111111111111111111111111111111111111111111000000000000000000000000000000000 mem_order_sha=11fb4b3c9a39ff46 motion_cols_sha=84d86e447056559d donor=None cover=exact:0,fallback:0,cycle:0,cross_seg:0 gate=none num_steps=10 act_sha=9fee85e95d9a696e infer_ms=70.1
INFO:mme_vla_suite.serving.websocket_policy_server:TIMING infer_ms=70.1
INFO:mme_vla_suite.serving.websocket_policy_server:TIMING add_buffer_ms=1461.1 frames=16 exec_start_idx=0
MV_INFER cond=normal split=test task=ButtonUnmask ep=3 ep_seq=1 infer_seq=66 t=1040 es=0 k=64 motion_frames=0,16,32,48,64,80,96,112,128,144,160,176,192,208,224,240,256,272,288,304,320,336,352,368,384,400,416,432,448,464,480,496,512,528,544,560,576,592,608,624,640,656,672,688,704,720,736,752,768,784,800,816,832,848,864,880,896,912,928,944,960,976,992,1008 motion_emb_sha=f9f410fc34ebed50 motion_pos_sha=53ffaa05042f1487 motion_mask=111111111111111111111111111111111111111111111111111111111111111100000000000000000000000000000000 mem_order_sha=173c4f5cff3909ff motion_cols_sha=6b874a13dc5773fe donor=None cover=exact:0,fallback:0,cycle:0,cross_seg:0 gate=none num_steps=10 act_sha=2607d49b4a368b3a infer_ms=69.7
INFO:mme_vla_suite.serving.websocket_policy_server:TIMING infer_ms=69.7
INFO:mme_vla_suite.serving.websocket_policy_server:TIMING add_buffer_ms=1461.0 frames=16 exec_start_idx=0
MV_INFER cond=normal split=test task=ButtonUnmask ep=3 ep_seq=1 infer_seq=67 t=1056 es=0 k=65 motion_frames=0,16,32,48,64,80,96,112,128,144,160,176,192,208,224,240,256,272,288,304,320,336,352,368,384,400,416,432,448,464,480,496,512,528,544,560,576,592,608,624,640,656,672,688,704,720,736,752,768,784,800,816,832,848,864,880,896,912,928,944,960,976,992,1008,1024 motion_emb_sha=83b19b29531ec098 motion_pos_sha=c418e4d946bed0c9 motion_mask=111111111111111111111111111111111111111111111111111111111111111110000000000000000000000000000000 mem_order_sha=92dea94c12a99a47 motion_cols_sha=52b8373c7987aeda donor=None cover=exact:0,fallback:0,cycle:0,cross_seg:0 gate=none num_steps=10 act_sha=04950c2e850c3190 infer_ms=69.6
INFO:mme_vla_suite.serving.websocket_policy_server:TIMING infer_ms=69.6
INFO:mme_vla_suite.serving.websocket_policy_server:TIMING add_buffer_ms=1459.3 frames=16 exec_start_idx=0
MV_INFER cond=normal split=test task=ButtonUnmask ep=3 ep_seq=1 infer_seq=68 t=1072 es=0 k=66 motion_frames=0,16,32,48,64,80,96,112,128,144,160,176,192,208,224,240,256,272,288,304,320,336,352,368,384,400,416,432,448,464,480,496,512,528,544,560,576,592,608,624,640,656,672,688,704,720,736,752,768,784,800,816,832,848,864,880,896,912,928,944,960,976,992,1008,1024,1040 motion_emb_sha=d00c5e5709b3060b motion_pos_sha=4be728651e8fa641 motion_mask=111111111111111111111111111111111111111111111111111111111111111111000000000000000000000000000000 mem_order_sha=5f81dcb5ffcc7505 motion_cols_sha=4e8d37dd9b433350 donor=None cover=exact:0,fallback:0,cycle:0,cross_seg:0 gate=none num_steps=10 act_sha=66e4fb6c0422ecd0 infer_ms=69.8
INFO:mme_vla_suite.serving.websocket_policy_server:TIMING infer_ms=69.8
INFO:mme_vla_suite.serving.websocket_policy_server:TIMING add_buffer_ms=1465.8 frames=16 exec_start_idx=0
MV_INFER cond=normal split=test task=ButtonUnmask ep=3 ep_seq=1 infer_seq=69 t=1088 es=0 k=67 motion_frames=0,16,32,48,64,80,96,112,128,144,160,176,192,208,224,240,256,272,288,304,320,336,352,368,384,400,416,432,448,464,480,496,512,528,544,560,576,592,608,624,640,656,672,688,704,720,736,752,768,784,800,816,832,848,864,880,896,912,928,944,960,976,992,1008,1024,1040,1056 motion_emb_sha=dc416019e3e906a2 motion_pos_sha=4be2cf300c672914 motion_mask=111111111111111111111111111111111111111111111111111111111111111111100000000000000000000000000000 mem_order_sha=ed1cfe5e10d900a5 motion_cols_sha=9f325d883e270012 donor=None cover=exact:0,fallback:0,cycle:0,cross_seg:0 gate=none num_steps=10 act_sha=c7b50add0dcf02ff infer_ms=69.8
INFO:mme_vla_suite.serving.websocket_policy_server:TIMING infer_ms=69.8
INFO:mme_vla_suite.serving.websocket_policy_server:TIMING add_buffer_ms=1461.4 frames=16 exec_start_idx=0
MV_INFER cond=normal split=test task=ButtonUnmask ep=3 ep_seq=1 infer_seq=70 t=1104 es=0 k=68 motion_frames=0,16,32,48,64,80,96,112,128,144,160,176,192,208,224,240,256,272,288,304,320,336,352,368,384,400,416,432,448,464,480,496,512,528,544,560,576,592,608,624,640,656,672,688,704,720,736,752,768,784,800,816,832,848,864,880,896,912,928,944,960,976,992,1008,1024,1040,1056,1072 motion_emb_sha=0c5e2ef94530238a motion_pos_sha=f1771cc9a7c1c81a motion_mask=111111111111111111111111111111111111111111111111111111111111111111110000000000000000000000000000 mem_order_sha=2b2ce7eded738651 motion_cols_sha=e1d7e941199ff79f donor=None cover=exact:0,fallback:0,cycle:0,cross_seg:0 gate=none num_steps=10 act_sha=286e9df707df7897 infer_ms=69.5
INFO:mme_vla_suite.serving.websocket_policy_server:TIMING infer_ms=69.5
INFO:mme_vla_suite.serving.websocket_policy_server:TIMING add_buffer_ms=1460.8 frames=16 exec_start_idx=0
MV_INFER cond=normal split=test task=ButtonUnmask ep=3 ep_seq=1 infer_seq=71 t=1120 es=0 k=69 motion_frames=0,16,32,48,64,80,96,112,128,144,160,176,192,208,224,240,256,272,288,304,320,336,352,368,384,400,416,432,448,464,480,496,512,528,544,560,576,592,608,624,640,656,672,688,704,720,736,752,768,784,800,816,832,848,864,880,896,912,928,944,960,976,992,1008,1024,1040,1056,1072,1088 motion_emb_sha=f1cc3d9ccd94f774 motion_pos_sha=64e385d9c7350895 motion_mask=111111111111111111111111111111111111111111111111111111111111111111111000000000000000000000000000 mem_order_sha=bd58339f940fb782 motion_cols_sha=e969946faa6cf423 donor=None cover=exact:0,fallback:0,cycle:0,cross_seg:0 gate=none num_steps=10 act_sha=ea1a3c7315ce86e4 infer_ms=69.7
INFO:mme_vla_suite.serving.websocket_policy_server:TIMING infer_ms=69.7
INFO:mme_vla_suite.serving.websocket_policy_server:TIMING add_buffer_ms=1459.3 frames=16 exec_start_idx=0
MV_INFER cond=normal split=test task=ButtonUnmask ep=3 ep_seq=1 infer_seq=72 t=1136 es=0 k=70 motion_frames=0,16,32,48,64,80,96,112,128,144,160,176,192,208,224,240,256,272,288,304,320,336,352,368,384,400,416,432,448,464,480,496,512,528,544,560,576,592,608,624,640,656,672,688,704,720,736,752,768,784,800,816,832,848,864,880,896,912,928,944,960,976,992,1008,1024,1040,1056,1072,1088,1104 motion_emb_sha=025eadf66b81c371 motion_pos_sha=02413430471dedfa motion_mask=111111111111111111111111111111111111111111111111111111111111111111111100000000000000000000000000 mem_order_sha=0b404dd327a8564d motion_cols_sha=87fa21f0aa357e1d donor=None cover=exact:0,fallback:0,cycle:0,cross_seg:0 gate=none num_steps=10 act_sha=0fa95519b2da4215 infer_ms=69.6
INFO:mme_vla_suite.serving.websocket_policy_server:TIMING infer_ms=69.6
INFO:mme_vla_suite.serving.websocket_policy_server:TIMING add_buffer_ms=1460.9 frames=16 exec_start_idx=0
MV_INFER cond=normal split=test task=ButtonUnmask ep=3 ep_seq=1 infer_seq=73 t=1152 es=0 k=71 motion_frames=0,16,32,48,64,80,96,112,128,144,160,176,192,208,224,240,256,272,288,304,320,336,352,368,384,400,416,432,448,464,480,496,512,528,544,560,576,592,608,624,640,656,672,688,704,720,736,752,768,784,800,816,832,848,864,880,896,912,928,944,960,976,992,1008,1024,1040,1056,1072,1088,1104,1120 motion_emb_sha=3aebb6c1cacd4719 motion_pos_sha=fab88c141df710d5 motion_mask=111111111111111111111111111111111111111111111111111111111111111111111110000000000000000000000000 mem_order_sha=a889ac580cefd71c motion_cols_sha=3c468ad914141d0d donor=None cover=exact:0,fallback:0,cycle:0,cross_seg:0 gate=none num_steps=10 act_sha=36b073747a19bfb8 infer_ms=69.7
INFO:mme_vla_suite.serving.websocket_policy_server:TIMING infer_ms=69.7
INFO:mme_vla_suite.serving.websocket_policy_server:TIMING add_buffer_ms=1467.2 frames=16 exec_start_idx=0
MV_INFER cond=normal split=test task=ButtonUnmask ep=3 ep_seq=1 infer_seq=74 t=1168 es=0 k=72 motion_frames=0,16,32,48,64,80,96,112,128,144,160,176,192,208,224,240,256,272,288,304,320,336,352,368,384,400,416,432,448,464,480,496,512,528,544,560,576,592,608,624,640,656,672,688,704,720,736,752,768,784,800,816,832,848,864,880,896,912,928,944,960,976,992,1008,1024,1040,1056,1072,1088,1104,1120,1136 motion_emb_sha=656f46c27148ea5e motion_pos_sha=d6a6837d103909b7 motion_mask=111111111111111111111111111111111111111111111111111111111111111111111111000000000000000000000000 mem_order_sha=d483b82ad6dc5168 motion_cols_sha=0c6c7ed6aacf4632 donor=None cover=exact:0,fallback:0,cycle:0,cross_seg:0 gate=none num_steps=10 act_sha=bf1cca80b7edfb35 infer_ms=69.7
INFO:mme_vla_suite.serving.websocket_policy_server:TIMING infer_ms=69.7
INFO:mme_vla_suite.serving.websocket_policy_server:TIMING add_buffer_ms=1465.4 frames=16 exec_start_idx=0
MV_INFER cond=normal split=test task=ButtonUnmask ep=3 ep_seq=1 infer_seq=75 t=1184 es=0 k=73 motion_frames=0,16,32,48,64,80,96,112,128,144,160,176,192,208,224,240,256,272,288,304,320,336,352,368,384,400,416,432,448,464,480,496,512,528,544,560,576,592,608,624,640,656,672,688,704,720,736,752,768,784,800,816,832,848,864,880,896,912,928,944,960,976,992,1008,1024,1040,1056,1072,1088,1104,1120,1136,1152 motion_emb_sha=012931d34b4a0e18 motion_pos_sha=b9f2cb6eb308ecb4 motion_mask=111111111111111111111111111111111111111111111111111111111111111111111111100000000000000000000000 mem_order_sha=d02d0aed837362f6 motion_cols_sha=2a3614e2ed121717 donor=None cover=exact:0,fallback:0,cycle:0,cross_seg:0 gate=none num_steps=10 act_sha=eb8b557821c63c98 infer_ms=69.8
INFO:mme_vla_suite.serving.websocket_policy_server:TIMING infer_ms=69.8
INFO:mme_vla_suite.serving.websocket_policy_server:TIMING add_buffer_ms=1460.7 frames=16 exec_start_idx=0
MV_INFER cond=normal split=test task=ButtonUnmask ep=3 ep_seq=1 infer_seq=76 t=1200 es=0 k=74 motion_frames=0,16,32,48,64,80,96,112,128,144,160,176,192,208,224,240,256,272,288,304,320,336,352,368,384,400,416,432,448,464,480,496,512,528,544,560,576,592,608,624,640,656,672,688,704,720,736,752,768,784,800,816,832,848,864,880,896,912,928,944,960,976,992,1008,1024,1040,1056,1072,1088,1104,1120,1136,1152,1168 motion_emb_sha=c72b0be5dbf8484c motion_pos_sha=c16da1b65c95ec2c motion_mask=111111111111111111111111111111111111111111111111111111111111111111111111110000000000000000000000 mem_order_sha=5e6b887dca10ded1 motion_cols_sha=0637e352fbbaefdf donor=None cover=exact:0,fallback:0,cycle:0,cross_seg:0 gate=none num_steps=10 act_sha=e41b073330ec98b6 infer_ms=69.7
INFO:mme_vla_suite.serving.websocket_policy_server:TIMING infer_ms=69.7
INFO:mme_vla_suite.serving.websocket_policy_server:TIMING add_buffer_ms=1460.0 frames=16 exec_start_idx=0
MV_INFER cond=normal split=test task=ButtonUnmask ep=3 ep_seq=1 infer_seq=77 t=1216 es=0 k=75 motion_frames=0,16,32,48,64,80,96,112,128,144,160,176,192,208,224,240,256,272,288,304,320,336,352,368,384,400,416,432,448,464,480,496,512,528,544,560,576,592,608,624,640,656,672,688,704,720,736,752,768,784,800,816,832,848,864,880,896,912,928,944,960,976,992,1008,1024,1040,1056,1072,1088,1104,1120,1136,1152,1168,1184 motion_emb_sha=75f03cc837a6cc0e motion_pos_sha=6aa36bab2e46f370 motion_mask=111111111111111111111111111111111111111111111111111111111111111111111111111000000000000000000000 mem_order_sha=d100c887873fb6e6 motion_cols_sha=846007b9906b64ef donor=None cover=exact:0,fallback:0,cycle:0,cross_seg:0 gate=none num_steps=10 act_sha=8729a6e4cab93d8d infer_ms=69.9
INFO:mme_vla_suite.serving.websocket_policy_server:TIMING infer_ms=69.9
INFO:mme_vla_suite.serving.websocket_policy_server:TIMING add_buffer_ms=1461.2 frames=16 exec_start_idx=0
MV_INFER cond=normal split=test task=ButtonUnmask ep=3 ep_seq=1 infer_seq=78 t=1232 es=0 k=76 motion_frames=0,16,32,48,64,80,96,112,128,144,160,176,192,208,224,240,256,272,288,304,320,336,352,368,384,400,416,432,448,464,480,496,512,528,544,560,576,592,608,624,640,656,672,688,704,720,736,752,768,784,800,816,832,848,864,880,896,912,928,944,960,976,992,1008,1024,1040,1056,1072,1088,1104,1120,1136,1152,1168,1184,1200 motion_emb_sha=8b9764c9f9261860 motion_pos_sha=39a2d766dea0ddac motion_mask=111111111111111111111111111111111111111111111111111111111111111111111111111100000000000000000000 mem_order_sha=601ccd8775c9d37f motion_cols_sha=fb27e958d1ca6acf donor=None cover=exact:0,fallback:0,cycle:0,cross_seg:0 gate=none num_steps=10 act_sha=3aefce9bd565b555 infer_ms=69.9
INFO:mme_vla_suite.serving.websocket_policy_server:TIMING infer_ms=69.9
INFO:mme_vla_suite.serving.websocket_policy_server:TIMING add_buffer_ms=1458.2 frames=16 exec_start_idx=0
MV_INFER cond=normal split=test task=ButtonUnmask ep=3 ep_seq=1 infer_seq=79 t=1248 es=0 k=77 motion_frames=0,16,32,48,64,80,96,112,128,144,160,176,192,208,224,240,256,272,288,304,320,336,352,368,384,400,416,432,448,464,480,496,512,528,544,560,576,592,608,624,640,656,672,688,704,720,736,752,768,784,800,816,832,848,864,880,896,912,928,944,960,976,992,1008,1024,1040,1056,1072,1088,1104,1120,1136,1152,1168,1184,1200,1216 motion_emb_sha=9a9e71ec78d0a292 motion_pos_sha=6ed6eeb0d66bd601 motion_mask=111111111111111111111111111111111111111111111111111111111111111111111111111110000000000000000000 mem_order_sha=ccc9899d21634b2a motion_cols_sha=d02ea63e106e047b donor=None cover=exact:0,fallback:0,cycle:0,cross_seg:0 gate=none num_steps=10 act_sha=7f3090836b080cfb infer_ms=69.6
INFO:mme_vla_suite.serving.websocket_policy_server:TIMING infer_ms=69.6
INFO:mme_vla_suite.serving.websocket_policy_server:TIMING add_buffer_ms=1467.8 frames=16 exec_start_idx=0
MV_INFER cond=normal split=test task=ButtonUnmask ep=3 ep_seq=1 infer_seq=80 t=1264 es=0 k=78 motion_frames=0,16,32,48,64,80,96,112,128,144,160,176,192,208,224,240,256,272,288,304,320,336,352,368,384,400,416,432,448,464,480,496,512,528,544,560,576,592,608,624,640,656,672,688,704,720,736,752,768,784,800,816,832,848,864,880,896,912,928,944,960,976,992,1008,1024,1040,1056,1072,1088,1104,1120,1136,1152,1168,1184,1200,1216,1232 motion_emb_sha=8e5e3c01530fffa7 motion_pos_sha=b56acc673c0e014a motion_mask=111111111111111111111111111111111111111111111111111111111111111111111111111111000000000000000000 mem_order_sha=2a2e1a3758e26885 motion_cols_sha=ae9de628d8823bf2 donor=None cover=exact:0,fallback:0,cycle:0,cross_seg:0 gate=none num_steps=10 act_sha=8e2b5f5eb8464bdb infer_ms=70.0
INFO:mme_vla_suite.serving.websocket_policy_server:TIMING infer_ms=70.0
INFO:mme_vla_suite.serving.websocket_policy_server:TIMING add_buffer_ms=1473.5 frames=16 exec_start_idx=0
MV_INFER cond=normal split=test task=ButtonUnmask ep=3 ep_seq=1 infer_seq=81 t=1280 es=0 k=79 motion_frames=0,16,32,48,64,80,96,112,128,144,160,176,192,208,224,240,256,272,288,304,320,336,352,368,384,400,416,432,448,464,480,496,512,528,544,560,576,592,608,624,640,656,672,688,704,720,736,752,768,784,800,816,832,848,864,880,896,912,928,944,960,976,992,1008,1024,1040,1056,1072,1088,1104,1120,1136,1152,1168,1184,1200,1216,1232,1248 motion_emb_sha=a9585dfaf42cc7ed motion_pos_sha=b50012ccc2a650c3 motion_mask=111111111111111111111111111111111111111111111111111111111111111111111111111111100000000000000000 mem_order_sha=1fed3421d7469d6a motion_cols_sha=b62f12e1cc2e6f4f donor=None cover=exact:0,fallback:0,cycle:0,cross_seg:0 gate=none num_steps=10 act_sha=ecd0300af179d056 infer_ms=70.4
INFO:mme_vla_suite.serving.websocket_policy_server:TIMING infer_ms=70.4
INFO:mme_vla_suite.serving.websocket_policy_server:TIMING add_buffer_ms=1474.5 frames=16 exec_start_idx=0
MV_INFER cond=normal split=test task=ButtonUnmask ep=3 ep_seq=1 infer_seq=82 t=1296 es=0 k=80 motion_frames=0,16,32,48,64,80,96,112,128,144,160,176,192,208,224,240,256,272,288,304,320,336,352,368,384,400,416,432,448,464,480,496,512,528,544,560,576,592,608,624,640,656,672,688,704,720,736,752,768,784,800,816,832,848,864,880,896,912,928,944,960,976,992,1008,1024,1040,1056,1072,1088,1104,1120,1136,1152,1168,1184,1200,1216,1232,1248,1264 motion_emb_sha=d3790c1568bb03f7 motion_pos_sha=d5131e7c6233e7d1 motion_mask=111111111111111111111111111111111111111111111111111111111111111111111111111111110000000000000000 mem_order_sha=a4387b88c08b7549 motion_cols_sha=81f2fc212bebb4ee donor=None cover=exact:0,fallback:0,cycle:0,cross_seg:0 gate=none num_steps=10 act_sha=616b96b2ef77e762 infer_ms=69.7
INFO:mme_vla_suite.serving.websocket_policy_server:TIMING infer_ms=69.7
INFO:websockets.server:connection open
INFO:mme_vla_suite.serving.websocket_policy_server:Connection from ('127.0.0.1', 41064) opened
MV_EPISODE_END ep_seq=1 infers=82 windows=80 wall_s=153.3
MV_EPISODE_BEGIN cond=normal split=test seed=42 ep_seq=2 expect=ButtonUnmask:7
INFO:mme_vla_suite.serving.websocket_policy_server:TIMING add_buffer_ms=7.3 frames=1 exec_start_idx=0
MV_INFER cond=normal split=test task=ButtonUnmask ep=7 ep_seq=2 infer_seq=1 t=0 es=0 k=0 motion_frames=- motion_emb_sha=a3e8328721cbb943 motion_pos_sha=f5952cfc3406b7e9 motion_mask=000000000000000000000000000000000000000000000000000000000000000000000000000000000000000000000000 mem_order_sha=e3d555e881e5b964 motion_cols_sha=05f65c2b46f544eb donor=None cover=exact:0,fallback:0,cycle:0,cross_seg:0 gate=none num_steps=10 act_sha=4027e78f88054aaf infer_ms=69.2
INFO:mme_vla_suite.serving.websocket_policy_server:TIMING infer_ms=69.2
INFO:mme_vla_suite.serving.websocket_policy_server:TIMING add_buffer_ms=37.4 frames=16 exec_start_idx=0
MV_INFER cond=normal split=test task=ButtonUnmask ep=7 ep_seq=2 infer_seq=2 t=16 es=0 k=0 motion_frames=- motion_emb_sha=a3e8328721cbb943 motion_pos_sha=f5952cfc3406b7e9 motion_mask=000000000000000000000000000000000000000000000000000000000000000000000000000000000000000000000000 mem_order_sha=e3d555e881e5b964 motion_cols_sha=05f65c2b46f544eb donor=None cover=exact:0,fallback:0,cycle:0,cross_seg:0 gate=none num_steps=10 act_sha=865c65058fc48bcc infer_ms=69.3
INFO:mme_vla_suite.serving.websocket_policy_server:TIMING infer_ms=69.3
INFO:mme_vla_suite.serving.websocket_policy_server:TIMING add_buffer_ms=1472.3 frames=16 exec_start_idx=0
MV_INFER cond=normal split=test task=ButtonUnmask ep=7 ep_seq=2 infer_seq=3 t=32 es=0 k=1 motion_frames=0 motion_emb_sha=f372fc0f24629ceb motion_pos_sha=5a53d7fa887419cf motion_mask=100000000000000000000000000000000000000000000000000000000000000000000000000000000000000000000000 mem_order_sha=1c4ecd136e06d2ca motion_cols_sha=34669806f215f6a3 donor=None cover=exact:0,fallback:0,cycle:0,cross_seg:0 gate=none num_steps=10 act_sha=164d8ee824383e37 infer_ms=69.5
INFO:mme_vla_suite.serving.websocket_policy_server:TIMING infer_ms=69.5
INFO:mme_vla_suite.serving.websocket_policy_server:TIMING add_buffer_ms=1463.8 frames=16 exec_start_idx=0
MV_INFER cond=normal split=test task=ButtonUnmask ep=7 ep_seq=2 infer_seq=4 t=48 es=0 k=2 motion_frames=0,16 motion_emb_sha=5b34cb745dc96a6b motion_pos_sha=e97dc0e05f375cbe motion_mask=110000000000000000000000000000000000000000000000000000000000000000000000000000000000000000000000 mem_order_sha=74ca653da96ef384 motion_cols_sha=fba18d536d075a6e donor=None cover=exact:0,fallback:0,cycle:0,cross_seg:0 gate=none num_steps=10 act_sha=d4aeb51602bd75c4 infer_ms=69.9
INFO:mme_vla_suite.serving.websocket_policy_server:TIMING infer_ms=69.9
INFO:mme_vla_suite.serving.websocket_policy_server:TIMING add_buffer_ms=1466.3 frames=16 exec_start_idx=0
MV_INFER cond=normal split=test task=ButtonUnmask ep=7 ep_seq=2 infer_seq=5 t=64 es=0 k=3 motion_frames=0,16,32 motion_emb_sha=37130471acac4d2d motion_pos_sha=358a8247438e4586 motion_mask=111000000000000000000000000000000000000000000000000000000000000000000000000000000000000000000000 mem_order_sha=4bdcb6154ce3db09 motion_cols_sha=ec75f2710ccf7d3e donor=None cover=exact:0,fallback:0,cycle:0,cross_seg:0 gate=none num_steps=10 act_sha=92f6e57289cb219f infer_ms=69.5
INFO:mme_vla_suite.serving.websocket_policy_server:TIMING infer_ms=69.5
INFO:mme_vla_suite.serving.websocket_policy_server:TIMING add_buffer_ms=1463.6 frames=16 exec_start_idx=0
MV_INFER cond=normal split=test task=ButtonUnmask ep=7 ep_seq=2 infer_seq=6 t=80 es=0 k=4 motion_frames=0,16,32,48 motion_emb_sha=df713f7f0c653cbb motion_pos_sha=88620c635e0b1611 motion_mask=111100000000000000000000000000000000000000000000000000000000000000000000000000000000000000000000 mem_order_sha=3f30de4433e4d89f motion_cols_sha=d94e9739c8cfc07e donor=None cover=exact:0,fallback:0,cycle:0,cross_seg:0 gate=none num_steps=10 act_sha=b2987722a4500705 infer_ms=69.4
INFO:mme_vla_suite.serving.websocket_policy_server:TIMING infer_ms=69.4
INFO:mme_vla_suite.serving.websocket_policy_server:TIMING add_buffer_ms=1476.5 frames=16 exec_start_idx=0
MV_INFER cond=normal split=test task=ButtonUnmask ep=7 ep_seq=2 infer_seq=7 t=96 es=0 k=5 motion_frames=0,16,32,48,64 motion_emb_sha=5434a8ec6d1a725d motion_pos_sha=4d979259a4c37547 motion_mask=111110000000000000000000000000000000000000000000000000000000000000000000000000000000000000000000 mem_order_sha=1525b7045b2c259a motion_cols_sha=07c8247e6ab1f89c donor=None cover=exact:0,fallback:0,cycle:0,cross_seg:0 gate=none num_steps=10 act_sha=9b06de6e1db795cd infer_ms=69.4
INFO:mme_vla_suite.serving.websocket_policy_server:TIMING infer_ms=69.4
INFO:mme_vla_suite.serving.websocket_policy_server:TIMING add_buffer_ms=1464.3 frames=16 exec_start_idx=0
MV_INFER cond=normal split=test task=ButtonUnmask ep=7 ep_seq=2 infer_seq=8 t=112 es=0 k=6 motion_frames=0,16,32,48,64,80 motion_emb_sha=f0cfcd2621e4ecbe motion_pos_sha=9c9d9e6cd7cfd81a motion_mask=111111000000000000000000000000000000000000000000000000000000000000000000000000000000000000000000 mem_order_sha=afd67825f39380f3 motion_cols_sha=5c7781d2e1462709 donor=None cover=exact:0,fallback:0,cycle:0,cross_seg:0 gate=none num_steps=10 act_sha=1212a06493bdb95c infer_ms=69.7
INFO:mme_vla_suite.serving.websocket_policy_server:TIMING infer_ms=69.7
INFO:mme_vla_suite.serving.websocket_policy_server:TIMING add_buffer_ms=1459.1 frames=16 exec_start_idx=0
MV_INFER cond=normal split=test task=ButtonUnmask ep=7 ep_seq=2 infer_seq=9 t=128 es=0 k=7 motion_frames=0,16,32,48,64,80,96 motion_emb_sha=79c6a0e84454a180 motion_pos_sha=eaa30818e1807d0a motion_mask=111111100000000000000000000000000000000000000000000000000000000000000000000000000000000000000000 mem_order_sha=53c51af96e80b36b motion_cols_sha=37fb24d50661d1a4 donor=None cover=exact:0,fallback:0,cycle:0,cross_seg:0 gate=none num_steps=10 act_sha=79a159515e4f55dd infer_ms=69.5
INFO:mme_vla_suite.serving.websocket_policy_server:TIMING infer_ms=69.5
INFO:mme_vla_suite.serving.websocket_policy_server:TIMING add_buffer_ms=1463.5 frames=16 exec_start_idx=0
MV_INFER cond=normal split=test task=ButtonUnmask ep=7 ep_seq=2 infer_seq=10 t=144 es=0 k=8 motion_frames=0,16,32,48,64,80,96,112 motion_emb_sha=f2d7977fad40241f motion_pos_sha=19cfd5aa81fbc280 motion_mask=111111110000000000000000000000000000000000000000000000000000000000000000000000000000000000000000 mem_order_sha=8f7b8d26bf2ab128 motion_cols_sha=887c1c00aa54ee17 donor=None cover=exact:0,fallback:0,cycle:0,cross_seg:0 gate=none num_steps=10 act_sha=7f4f0764ba3b7646 infer_ms=69.5
INFO:mme_vla_suite.serving.websocket_policy_server:TIMING infer_ms=69.5
INFO:mme_vla_suite.serving.websocket_policy_server:TIMING add_buffer_ms=1465.8 frames=16 exec_start_idx=0
MV_INFER cond=normal split=test task=ButtonUnmask ep=7 ep_seq=2 infer_seq=11 t=160 es=0 k=9 motion_frames=0,16,32,48,64,80,96,112,128 motion_emb_sha=b61a726dc03f7c77 motion_pos_sha=36755060bcdb5f34 motion_mask=111111111000000000000000000000000000000000000000000000000000000000000000000000000000000000000000 mem_order_sha=b08d4d55ab2fad2d motion_cols_sha=104972a6841c0e38 donor=None cover=exact:0,fallback:0,cycle:0,cross_seg:0 gate=none num_steps=10 act_sha=72def84846e95070 infer_ms=69.5
INFO:mme_vla_suite.serving.websocket_policy_server:TIMING infer_ms=69.5
INFO:mme_vla_suite.serving.websocket_policy_server:TIMING add_buffer_ms=1461.9 frames=16 exec_start_idx=0
MV_INFER cond=normal split=test task=ButtonUnmask ep=7 ep_seq=2 infer_seq=12 t=176 es=0 k=10 motion_frames=0,16,32,48,64,80,96,112,128,144 motion_emb_sha=547630e47e1ea5df motion_pos_sha=386aa1c736701f60 motion_mask=111111111100000000000000000000000000000000000000000000000000000000000000000000000000000000000000 mem_order_sha=4ddf162636dd4c53 motion_cols_sha=fe64c98459b2eb86 donor=None cover=exact:0,fallback:0,cycle:0,cross_seg:0 gate=none num_steps=10 act_sha=d1816370379a3b90 infer_ms=69.4
INFO:mme_vla_suite.serving.websocket_policy_server:TIMING infer_ms=69.4
INFO:mme_vla_suite.serving.websocket_policy_server:TIMING add_buffer_ms=1464.8 frames=16 exec_start_idx=0
MV_INFER cond=normal split=test task=ButtonUnmask ep=7 ep_seq=2 infer_seq=13 t=192 es=0 k=11 motion_frames=0,16,32,48,64,80,96,112,128,144,160 motion_emb_sha=29ca1dc64729aff6 motion_pos_sha=097ffa0dc4e98049 motion_mask=111111111110000000000000000000000000000000000000000000000000000000000000000000000000000000000000 mem_order_sha=2fdbc05fbe4c5192 motion_cols_sha=ca0a097bc6347240 donor=None cover=exact:0,fallback:0,cycle:0,cross_seg:0 gate=none num_steps=10 act_sha=d5c36cb0d4a0fbfe infer_ms=69.6
INFO:mme_vla_suite.serving.websocket_policy_server:TIMING infer_ms=69.6
INFO:mme_vla_suite.serving.websocket_policy_server:TIMING add_buffer_ms=1464.5 frames=16 exec_start_idx=0
MV_INFER cond=normal split=test task=ButtonUnmask ep=7 ep_seq=2 infer_seq=14 t=208 es=0 k=12 motion_frames=0,16,32,48,64,80,96,112,128,144,160,176 motion_emb_sha=6e17a2cfdea84ad3 motion_pos_sha=faf6de0b8c07a1d5 motion_mask=111111111111000000000000000000000000000000000000000000000000000000000000000000000000000000000000 mem_order_sha=e609c91b740de309 motion_cols_sha=08c16a7fb49e3eae donor=None cover=exact:0,fallback:0,cycle:0,cross_seg:0 gate=none num_steps=10 act_sha=672f7cb72be8b173 infer_ms=69.4
INFO:mme_vla_suite.serving.websocket_policy_server:TIMING infer_ms=69.4
INFO:mme_vla_suite.serving.websocket_policy_server:TIMING add_buffer_ms=1462.2 frames=16 exec_start_idx=0
MV_INFER cond=normal split=test task=ButtonUnmask ep=7 ep_seq=2 infer_seq=15 t=224 es=0 k=13 motion_frames=0,16,32,48,64,80,96,112,128,144,160,176,192 motion_emb_sha=d10e4187def20562 motion_pos_sha=cf92c2382e433b7f motion_mask=111111111111100000000000000000000000000000000000000000000000000000000000000000000000000000000000 mem_order_sha=e29d70b97917b96b motion_cols_sha=b802255c0a86c139 donor=None cover=exact:0,fallback:0,cycle:0,cross_seg:0 gate=none num_steps=10 act_sha=e2d19b22ca3a7283 infer_ms=69.5
INFO:mme_vla_suite.serving.websocket_policy_server:TIMING infer_ms=69.5
INFO:mme_vla_suite.serving.websocket_policy_server:TIMING add_buffer_ms=1468.2 frames=16 exec_start_idx=0
MV_INFER cond=normal split=test task=ButtonUnmask ep=7 ep_seq=2 infer_seq=16 t=240 es=0 k=14 motion_frames=0,16,32,48,64,80,96,112,128,144,160,176,192,208 motion_emb_sha=3e036a9fc782d65f motion_pos_sha=d4be4f2b999b323a motion_mask=111111111111110000000000000000000000000000000000000000000000000000000000000000000000000000000000 mem_order_sha=a06ee3a41d7c396e motion_cols_sha=0f0b4abb0ce08604 donor=None cover=exact:0,fallback:0,cycle:0,cross_seg:0 gate=none num_steps=10 act_sha=64cba4ec036ed0a2 infer_ms=69.5
INFO:mme_vla_suite.serving.websocket_policy_server:TIMING infer_ms=69.5
INFO:mme_vla_suite.serving.websocket_policy_server:TIMING add_buffer_ms=1469.4 frames=16 exec_start_idx=0
MV_INFER cond=normal split=test task=ButtonUnmask ep=7 ep_seq=2 infer_seq=17 t=256 es=0 k=15 motion_frames=0,16,32,48,64,80,96,112,128,144,160,176,192,208,224 motion_emb_sha=0b8ea8ee79cf010d motion_pos_sha=41ec3ade545a49c9 motion_mask=111111111111111000000000000000000000000000000000000000000000000000000000000000000000000000000000 mem_order_sha=d2c65ae0ef95982c motion_cols_sha=b6defef0c13ecc23 donor=None cover=exact:0,fallback:0,cycle:0,cross_seg:0 gate=none num_steps=10 act_sha=e671bd39a0f6fe74 infer_ms=69.6
INFO:mme_vla_suite.serving.websocket_policy_server:TIMING infer_ms=69.6
INFO:mme_vla_suite.serving.websocket_policy_server:TIMING add_buffer_ms=1461.2 frames=16 exec_start_idx=0
MV_INFER cond=normal split=test task=ButtonUnmask ep=7 ep_seq=2 infer_seq=18 t=272 es=0 k=16 motion_frames=0,16,32,48,64,80,96,112,128,144,160,176,192,208,224,240 motion_emb_sha=8e085a0679110d7a motion_pos_sha=3e49496373152e70 motion_mask=111111111111111100000000000000000000000000000000000000000000000000000000000000000000000000000000 mem_order_sha=3896c62684021e06 motion_cols_sha=61fa1ff66e32da0b donor=None cover=exact:0,fallback:0,cycle:0,cross_seg:0 gate=none num_steps=10 act_sha=150711c8a16d8abe infer_ms=69.6
INFO:mme_vla_suite.serving.websocket_policy_server:TIMING infer_ms=69.6
INFO:mme_vla_suite.serving.websocket_policy_server:TIMING add_buffer_ms=1461.1 frames=16 exec_start_idx=0
MV_INFER cond=normal split=test task=ButtonUnmask ep=7 ep_seq=2 infer_seq=19 t=288 es=0 k=17 motion_frames=0,16,32,48,64,80,96,112,128,144,160,176,192,208,224,240,256 motion_emb_sha=7fbdab2f27cccabe motion_pos_sha=630eed5d2ad0fee5 motion_mask=111111111111111110000000000000000000000000000000000000000000000000000000000000000000000000000000 mem_order_sha=3fa901451944a6ae motion_cols_sha=11afac2e3a295654 donor=None cover=exact:0,fallback:0,cycle:0,cross_seg:0 gate=none num_steps=10 act_sha=344b3b95b42cd54a infer_ms=69.5
INFO:mme_vla_suite.serving.websocket_policy_server:TIMING infer_ms=69.5
INFO:mme_vla_suite.serving.websocket_policy_server:TIMING add_buffer_ms=1460.1 frames=16 exec_start_idx=0
MV_INFER cond=normal split=test task=ButtonUnmask ep=7 ep_seq=2 infer_seq=20 t=304 es=0 k=18 motion_frames=0,16,32,48,64,80,96,112,128,144,160,176,192,208,224,240,256,272 motion_emb_sha=125d79deefaffd82 motion_pos_sha=7508bb7966bd8997 motion_mask=111111111111111111000000000000000000000000000000000000000000000000000000000000000000000000000000 mem_order_sha=7ec3836c904d86da motion_cols_sha=00e37dc990bcf6a9 donor=None cover=exact:0,fallback:0,cycle:0,cross_seg:0 gate=none num_steps=10 act_sha=3d7ed39e3cac7993 infer_ms=69.5
INFO:mme_vla_suite.serving.websocket_policy_server:TIMING infer_ms=69.5
INFO:mme_vla_suite.serving.websocket_policy_server:TIMING add_buffer_ms=1461.7 frames=16 exec_start_idx=0
MV_INFER cond=normal split=test task=ButtonUnmask ep=7 ep_seq=2 infer_seq=21 t=320 es=0 k=19 motion_frames=0,16,32,48,64,80,96,112,128,144,160,176,192,208,224,240,256,272,288 motion_emb_sha=1d2fd7e889bfbad6 motion_pos_sha=27604282300f89dd motion_mask=111111111111111111100000000000000000000000000000000000000000000000000000000000000000000000000000 mem_order_sha=1bcee858ac8581ba motion_cols_sha=848fded77b707435 donor=None cover=exact:0,fallback:0,cycle:0,cross_seg:0 gate=none num_steps=10 act_sha=0ae2c0d479dbbe2e infer_ms=69.7
INFO:mme_vla_suite.serving.websocket_policy_server:TIMING infer_ms=69.7
INFO:mme_vla_suite.serving.websocket_policy_server:TIMING add_buffer_ms=1462.5 frames=16 exec_start_idx=0
MV_INFER cond=normal split=test task=ButtonUnmask ep=7 ep_seq=2 infer_seq=22 t=336 es=0 k=20 motion_frames=0,16,32,48,64,80,96,112,128,144,160,176,192,208,224,240,256,272,288,304 motion_emb_sha=0396eac5c3adf0a7 motion_pos_sha=82d754eb6c9c7d28 motion_mask=111111111111111111110000000000000000000000000000000000000000000000000000000000000000000000000000 mem_order_sha=8e4f7352af852292 motion_cols_sha=0957e9030d15feb5 donor=None cover=exact:0,fallback:0,cycle:0,cross_seg:0 gate=none num_steps=10 act_sha=2d1be43625794ceb infer_ms=69.7
INFO:mme_vla_suite.serving.websocket_policy_server:TIMING infer_ms=69.7
[sidecar pid=833148] 窗 #101 起点 320 耗时 1417 ms（累计 206s）
INFO:mme_vla_suite.serving.websocket_policy_server:TIMING add_buffer_ms=1467.5 frames=16 exec_start_idx=0
MV_INFER cond=normal split=test task=ButtonUnmask ep=7 ep_seq=2 infer_seq=23 t=352 es=0 k=21 motion_frames=0,16,32,48,64,80,96,112,128,144,160,176,192,208,224,240,256,272,288,304,320 motion_emb_sha=ad02e65333b15889 motion_pos_sha=b2ded91f4b1e3497 motion_mask=111111111111111111111000000000000000000000000000000000000000000000000000000000000000000000000000 mem_order_sha=e911ccd99a0e7698 motion_cols_sha=9639f994ec80e283 donor=None cover=exact:0,fallback:0,cycle:0,cross_seg:0 gate=none num_steps=10 act_sha=047c4d2cff1afb46 infer_ms=69.8
INFO:mme_vla_suite.serving.websocket_policy_server:TIMING infer_ms=69.8
INFO:mme_vla_suite.serving.websocket_policy_server:TIMING add_buffer_ms=1467.5 frames=16 exec_start_idx=0
MV_INFER cond=normal split=test task=ButtonUnmask ep=7 ep_seq=2 infer_seq=24 t=368 es=0 k=22 motion_frames=0,16,32,48,64,80,96,112,128,144,160,176,192,208,224,240,256,272,288,304,320,336 motion_emb_sha=17f53a5367310b6b motion_pos_sha=02b5313d34dbb54d motion_mask=111111111111111111111100000000000000000000000000000000000000000000000000000000000000000000000000 mem_order_sha=a5e37ce80bde382c motion_cols_sha=4c78bbca76234a73 donor=None cover=exact:0,fallback:0,cycle:0,cross_seg:0 gate=none num_steps=10 act_sha=5bb73846fcfb4edb infer_ms=69.5
INFO:mme_vla_suite.serving.websocket_policy_server:TIMING infer_ms=69.5
INFO:mme_vla_suite.serving.websocket_policy_server:TIMING add_buffer_ms=1462.0 frames=16 exec_start_idx=0
MV_INFER cond=normal split=test task=ButtonUnmask ep=7 ep_seq=2 infer_seq=25 t=384 es=0 k=23 motion_frames=0,16,32,48,64,80,96,112,128,144,160,176,192,208,224,240,256,272,288,304,320,336,352 motion_emb_sha=c223bad97c65be7c motion_pos_sha=394430f2fe2a111f motion_mask=111111111111111111111110000000000000000000000000000000000000000000000000000000000000000000000000 mem_order_sha=ef888998c2ee9177 motion_cols_sha=d31a91eabb80a17e donor=None cover=exact:0,fallback:0,cycle:0,cross_seg:0 gate=none num_steps=10 act_sha=7f2d7daff1de33e2 infer_ms=69.5
INFO:mme_vla_suite.serving.websocket_policy_server:TIMING infer_ms=69.5
INFO:mme_vla_suite.serving.websocket_policy_server:TIMING add_buffer_ms=1461.4 frames=16 exec_start_idx=0
MV_INFER cond=normal split=test task=ButtonUnmask ep=7 ep_seq=2 infer_seq=26 t=400 es=0 k=24 motion_frames=0,16,32,48,64,80,96,112,128,144,160,176,192,208,224,240,256,272,288,304,320,336,352,368 motion_emb_sha=669ff2ab1eb25de0 motion_pos_sha=5af02f3dfcb16729 motion_mask=111111111111111111111111000000000000000000000000000000000000000000000000000000000000000000000000 mem_order_sha=a4b34693220533ac motion_cols_sha=470d57efa976fc1f donor=None cover=exact:0,fallback:0,cycle:0,cross_seg:0 gate=none num_steps=10 act_sha=d0bae010d1df41c8 infer_ms=69.5
INFO:mme_vla_suite.serving.websocket_policy_server:TIMING infer_ms=69.5
INFO:mme_vla_suite.serving.websocket_policy_server:TIMING add_buffer_ms=1462.7 frames=16 exec_start_idx=0
MV_INFER cond=normal split=test task=ButtonUnmask ep=7 ep_seq=2 infer_seq=27 t=416 es=0 k=25 motion_frames=0,16,32,48,64,80,96,112,128,144,160,176,192,208,224,240,256,272,288,304,320,336,352,368,384 motion_emb_sha=4c802f800572bc58 motion_pos_sha=6687fe3ef7ab6c31 motion_mask=111111111111111111111111100000000000000000000000000000000000000000000000000000000000000000000000 mem_order_sha=2e8f0f44cf91994f motion_cols_sha=25511e64898b44f0 donor=None cover=exact:0,fallback:0,cycle:0,cross_seg:0 gate=none num_steps=10 act_sha=bccbaf87e9429532 infer_ms=69.8
INFO:mme_vla_suite.serving.websocket_policy_server:TIMING infer_ms=69.8
INFO:mme_vla_suite.serving.websocket_policy_server:TIMING add_buffer_ms=1470.4 frames=16 exec_start_idx=0
MV_INFER cond=normal split=test task=ButtonUnmask ep=7 ep_seq=2 infer_seq=28 t=432 es=0 k=26 motion_frames=0,16,32,48,64,80,96,112,128,144,160,176,192,208,224,240,256,272,288,304,320,336,352,368,384,400 motion_emb_sha=de737598c4aee302 motion_pos_sha=628a1d586ea0ead0 motion_mask=111111111111111111111111110000000000000000000000000000000000000000000000000000000000000000000000 mem_order_sha=7f421c86fa09d6ff motion_cols_sha=2fc323dd0f89e21e donor=None cover=exact:0,fallback:0,cycle:0,cross_seg:0 gate=none num_steps=10 act_sha=33b6aa6f8bfd995b infer_ms=69.5
INFO:mme_vla_suite.serving.websocket_policy_server:TIMING infer_ms=69.5
INFO:mme_vla_suite.serving.websocket_policy_server:TIMING add_buffer_ms=1465.3 frames=16 exec_start_idx=0
MV_INFER cond=normal split=test task=ButtonUnmask ep=7 ep_seq=2 infer_seq=29 t=448 es=0 k=27 motion_frames=0,16,32,48,64,80,96,112,128,144,160,176,192,208,224,240,256,272,288,304,320,336,352,368,384,400,416 motion_emb_sha=6bc0eae1cb52ab6a motion_pos_sha=374d18e42d46d506 motion_mask=111111111111111111111111111000000000000000000000000000000000000000000000000000000000000000000000 mem_order_sha=a9601380358f26a3 motion_cols_sha=a013e7a2c5f47434 donor=None cover=exact:0,fallback:0,cycle:0,cross_seg:0 gate=none num_steps=10 act_sha=630195ebe6099a96 infer_ms=69.9
INFO:mme_vla_suite.serving.websocket_policy_server:TIMING infer_ms=69.9
INFO:mme_vla_suite.serving.websocket_policy_server:TIMING add_buffer_ms=1462.3 frames=16 exec_start_idx=0
MV_INFER cond=normal split=test task=ButtonUnmask ep=7 ep_seq=2 infer_seq=30 t=464 es=0 k=28 motion_frames=0,16,32,48,64,80,96,112,128,144,160,176,192,208,224,240,256,272,288,304,320,336,352,368,384,400,416,432 motion_emb_sha=f23fac179ddd0e54 motion_pos_sha=c6f42c99e8bb04fc motion_mask=111111111111111111111111111100000000000000000000000000000000000000000000000000000000000000000000 mem_order_sha=597e8d7ec05b4d7c motion_cols_sha=454ac679a2eee33a donor=None cover=exact:0,fallback:0,cycle:0,cross_seg:0 gate=none num_steps=10 act_sha=1112407ab8b67285 infer_ms=69.8
INFO:mme_vla_suite.serving.websocket_policy_server:TIMING infer_ms=69.8
INFO:mme_vla_suite.serving.websocket_policy_server:TIMING add_buffer_ms=1461.1 frames=16 exec_start_idx=0
MV_INFER cond=normal split=test task=ButtonUnmask ep=7 ep_seq=2 infer_seq=31 t=480 es=0 k=29 motion_frames=0,16,32,48,64,80,96,112,128,144,160,176,192,208,224,240,256,272,288,304,320,336,352,368,384,400,416,432,448 motion_emb_sha=e8f3711fc2f89e9d motion_pos_sha=5bec62c7b2782ab5 motion_mask=111111111111111111111111111110000000000000000000000000000000000000000000000000000000000000000000 mem_order_sha=969b025395b2669f motion_cols_sha=fa13d9c231b687f7 donor=None cover=exact:0,fallback:0,cycle:0,cross_seg:0 gate=none num_steps=10 act_sha=6a34df239fe302ba infer_ms=69.7
INFO:mme_vla_suite.serving.websocket_policy_server:TIMING infer_ms=69.7
INFO:mme_vla_suite.serving.websocket_policy_server:TIMING add_buffer_ms=1459.4 frames=16 exec_start_idx=0
MV_INFER cond=normal split=test task=ButtonUnmask ep=7 ep_seq=2 infer_seq=32 t=496 es=0 k=30 motion_frames=0,16,32,48,64,80,96,112,128,144,160,176,192,208,224,240,256,272,288,304,320,336,352,368,384,400,416,432,448,464 motion_emb_sha=2aea76d36fbd22bb motion_pos_sha=77bb4a49f5f204a6 motion_mask=111111111111111111111111111111000000000000000000000000000000000000000000000000000000000000000000 mem_order_sha=8b9c911903d52ada motion_cols_sha=cf531ae59de60a74 donor=None cover=exact:0,fallback:0,cycle:0,cross_seg:0 gate=none num_steps=10 act_sha=7d8ff6b45756d061 infer_ms=69.8
INFO:mme_vla_suite.serving.websocket_policy_server:TIMING infer_ms=69.8
INFO:mme_vla_suite.serving.websocket_policy_server:TIMING add_buffer_ms=1460.0 frames=16 exec_start_idx=0
MV_INFER cond=normal split=test task=ButtonUnmask ep=7 ep_seq=2 infer_seq=33 t=512 es=0 k=31 motion_frames=0,16,32,48,64,80,96,112,128,144,160,176,192,208,224,240,256,272,288,304,320,336,352,368,384,400,416,432,448,464,480 motion_emb_sha=4bae4ef9bc972577 motion_pos_sha=b5a830a451ce756a motion_mask=111111111111111111111111111111100000000000000000000000000000000000000000000000000000000000000000 mem_order_sha=3b34058d7f65364b motion_cols_sha=b3a6df354ab4d8c7 donor=None cover=exact:0,fallback:0,cycle:0,cross_seg:0 gate=none num_steps=10 act_sha=bf6232e458397ea3 infer_ms=69.8
INFO:mme_vla_suite.serving.websocket_policy_server:TIMING infer_ms=69.8
INFO:mme_vla_suite.serving.websocket_policy_server:TIMING add_buffer_ms=1458.2 frames=16 exec_start_idx=0
MV_INFER cond=normal split=test task=ButtonUnmask ep=7 ep_seq=2 infer_seq=34 t=528 es=0 k=32 motion_frames=0,16,32,48,64,80,96,112,128,144,160,176,192,208,224,240,256,272,288,304,320,336,352,368,384,400,416,432,448,464,480,496 motion_emb_sha=1e538e547c87d794 motion_pos_sha=a31e40266e8ce975 motion_mask=111111111111111111111111111111110000000000000000000000000000000000000000000000000000000000000000 mem_order_sha=8810917fd8440e8c motion_cols_sha=1c1e3532088a7dfd donor=None cover=exact:0,fallback:0,cycle:0,cross_seg:0 gate=none num_steps=10 act_sha=5658d1187e2705b3 infer_ms=69.7
INFO:mme_vla_suite.serving.websocket_policy_server:TIMING infer_ms=69.7
INFO:mme_vla_suite.serving.websocket_policy_server:TIMING add_buffer_ms=1460.1 frames=16 exec_start_idx=0
MV_INFER cond=normal split=test task=ButtonUnmask ep=7 ep_seq=2 infer_seq=35 t=544 es=0 k=33 motion_frames=0,16,32,48,64,80,96,112,128,144,160,176,192,208,224,240,256,272,288,304,320,336,352,368,384,400,416,432,448,464,480,496,512 motion_emb_sha=6ae464bfe8aca62c motion_pos_sha=eab0166000e0ada9 motion_mask=111111111111111111111111111111111000000000000000000000000000000000000000000000000000000000000000 mem_order_sha=84d9776f0a6388a9 motion_cols_sha=8e3bc15ec06039d9 donor=None cover=exact:0,fallback:0,cycle:0,cross_seg:0 gate=none num_steps=10 act_sha=fa62a3cb402f681b infer_ms=69.7
INFO:mme_vla_suite.serving.websocket_policy_server:TIMING infer_ms=69.7
INFO:mme_vla_suite.serving.websocket_policy_server:TIMING add_buffer_ms=1461.3 frames=16 exec_start_idx=0
MV_INFER cond=normal split=test task=ButtonUnmask ep=7 ep_seq=2 infer_seq=36 t=560 es=0 k=34 motion_frames=0,16,32,48,64,80,96,112,128,144,160,176,192,208,224,240,256,272,288,304,320,336,352,368,384,400,416,432,448,464,480,496,512,528 motion_emb_sha=22700282377958d7 motion_pos_sha=d43d8a704008daf6 motion_mask=111111111111111111111111111111111100000000000000000000000000000000000000000000000000000000000000 mem_order_sha=6eb9b3f8edf499e7 motion_cols_sha=ad5d71aad766a582 donor=None cover=exact:0,fallback:0,cycle:0,cross_seg:0 gate=none num_steps=10 act_sha=10165431e75509cc infer_ms=69.6
INFO:mme_vla_suite.serving.websocket_policy_server:TIMING infer_ms=69.6
INFO:mme_vla_suite.serving.websocket_policy_server:TIMING add_buffer_ms=1460.4 frames=16 exec_start_idx=0
MV_INFER cond=normal split=test task=ButtonUnmask ep=7 ep_seq=2 infer_seq=37 t=576 es=0 k=35 motion_frames=0,16,32,48,64,80,96,112,128,144,160,176,192,208,224,240,256,272,288,304,320,336,352,368,384,400,416,432,448,464,480,496,512,528,544 motion_emb_sha=a2d48953a6e84bec motion_pos_sha=de94b3ba18baa253 motion_mask=111111111111111111111111111111111110000000000000000000000000000000000000000000000000000000000000 mem_order_sha=c7e0193d5f8c94eb motion_cols_sha=3b7f200dcc4a154e donor=None cover=exact:0,fallback:0,cycle:0,cross_seg:0 gate=none num_steps=10 act_sha=29e6585a276c90a3 infer_ms=69.8
INFO:mme_vla_suite.serving.websocket_policy_server:TIMING infer_ms=69.8
INFO:mme_vla_suite.serving.websocket_policy_server:TIMING add_buffer_ms=1460.9 frames=16 exec_start_idx=0
MV_INFER cond=normal split=test task=ButtonUnmask ep=7 ep_seq=2 infer_seq=38 t=592 es=0 k=36 motion_frames=0,16,32,48,64,80,96,112,128,144,160,176,192,208,224,240,256,272,288,304,320,336,352,368,384,400,416,432,448,464,480,496,512,528,544,560 motion_emb_sha=bc7755a2a4b85a50 motion_pos_sha=79d7ee4d77e92fb5 motion_mask=111111111111111111111111111111111111000000000000000000000000000000000000000000000000000000000000 mem_order_sha=d14c08e62b4e5277 motion_cols_sha=93f686b824d1c37a donor=None cover=exact:0,fallback:0,cycle:0,cross_seg:0 gate=none num_steps=10 act_sha=c6040b8f423a0a07 infer_ms=70.1
INFO:mme_vla_suite.serving.websocket_policy_server:TIMING infer_ms=70.1
INFO:mme_vla_suite.serving.websocket_policy_server:TIMING add_buffer_ms=1461.1 frames=16 exec_start_idx=0
MV_INFER cond=normal split=test task=ButtonUnmask ep=7 ep_seq=2 infer_seq=39 t=608 es=0 k=37 motion_frames=0,16,32,48,64,80,96,112,128,144,160,176,192,208,224,240,256,272,288,304,320,336,352,368,384,400,416,432,448,464,480,496,512,528,544,560,576 motion_emb_sha=00f91dbf8845bb00 motion_pos_sha=ed409a2810446f17 motion_mask=111111111111111111111111111111111111100000000000000000000000000000000000000000000000000000000000 mem_order_sha=90d4662a192ae249 motion_cols_sha=3eadc43c4d943830 donor=None cover=exact:0,fallback:0,cycle:0,cross_seg:0 gate=none num_steps=10 act_sha=a02b8c70bac41325 infer_ms=69.6
INFO:mme_vla_suite.serving.websocket_policy_server:TIMING infer_ms=69.6
INFO:mme_vla_suite.serving.websocket_policy_server:TIMING add_buffer_ms=1461.6 frames=16 exec_start_idx=0
MV_INFER cond=normal split=test task=ButtonUnmask ep=7 ep_seq=2 infer_seq=40 t=624 es=0 k=38 motion_frames=0,16,32,48,64,80,96,112,128,144,160,176,192,208,224,240,256,272,288,304,320,336,352,368,384,400,416,432,448,464,480,496,512,528,544,560,576,592 motion_emb_sha=2aced9afaf69df35 motion_pos_sha=f11838ac6f537185 motion_mask=111111111111111111111111111111111111110000000000000000000000000000000000000000000000000000000000 mem_order_sha=0161c9793244f505 motion_cols_sha=6171a29cf75a582d donor=None cover=exact:0,fallback:0,cycle:0,cross_seg:0 gate=none num_steps=10 act_sha=ae53ec06a875f438 infer_ms=69.6
INFO:mme_vla_suite.serving.websocket_policy_server:TIMING infer_ms=69.6
INFO:mme_vla_suite.serving.websocket_policy_server:TIMING add_buffer_ms=1464.4 frames=16 exec_start_idx=0
MV_INFER cond=normal split=test task=ButtonUnmask ep=7 ep_seq=2 infer_seq=41 t=640 es=0 k=39 motion_frames=0,16,32,48,64,80,96,112,128,144,160,176,192,208,224,240,256,272,288,304,320,336,352,368,384,400,416,432,448,464,480,496,512,528,544,560,576,592,608 motion_emb_sha=6c281a3aef4bd8ff motion_pos_sha=bbe054d478576248 motion_mask=111111111111111111111111111111111111111000000000000000000000000000000000000000000000000000000000 mem_order_sha=3e28a574a561f529 motion_cols_sha=75706cddfb5a49b1 donor=None cover=exact:0,fallback:0,cycle:0,cross_seg:0 gate=none num_steps=10 act_sha=a35db75eceb342e8 infer_ms=69.5
INFO:mme_vla_suite.serving.websocket_policy_server:TIMING infer_ms=69.5
INFO:mme_vla_suite.serving.websocket_policy_server:TIMING add_buffer_ms=1460.1 frames=16 exec_start_idx=0
MV_INFER cond=normal split=test task=ButtonUnmask ep=7 ep_seq=2 infer_seq=42 t=656 es=0 k=40 motion_frames=0,16,32,48,64,80,96,112,128,144,160,176,192,208,224,240,256,272,288,304,320,336,352,368,384,400,416,432,448,464,480,496,512,528,544,560,576,592,608,624 motion_emb_sha=48843d7abd1ff0c5 motion_pos_sha=d87c3d15d15b51b8 motion_mask=111111111111111111111111111111111111111100000000000000000000000000000000000000000000000000000000 mem_order_sha=9a1d09ac748abb28 motion_cols_sha=fc48261a83a83b97 donor=None cover=exact:0,fallback:0,cycle:0,cross_seg:0 gate=none num_steps=10 act_sha=3efc3d16d5999fdf infer_ms=69.6
INFO:mme_vla_suite.serving.websocket_policy_server:TIMING infer_ms=69.6
INFO:mme_vla_suite.serving.websocket_policy_server:TIMING add_buffer_ms=1461.0 frames=16 exec_start_idx=0
MV_INFER cond=normal split=test task=ButtonUnmask ep=7 ep_seq=2 infer_seq=43 t=672 es=0 k=41 motion_frames=0,16,32,48,64,80,96,112,128,144,160,176,192,208,224,240,256,272,288,304,320,336,352,368,384,400,416,432,448,464,480,496,512,528,544,560,576,592,608,624,640 motion_emb_sha=dafe1e16b02da4d9 motion_pos_sha=305e09917e6fd5ac motion_mask=111111111111111111111111111111111111111110000000000000000000000000000000000000000000000000000000 mem_order_sha=1f18d2a138bd0bf9 motion_cols_sha=b7950317891542b4 donor=None cover=exact:0,fallback:0,cycle:0,cross_seg:0 gate=none num_steps=10 act_sha=254b0318702765db infer_ms=69.8
INFO:mme_vla_suite.serving.websocket_policy_server:TIMING infer_ms=69.8
INFO:mme_vla_suite.serving.websocket_policy_server:TIMING add_buffer_ms=1461.8 frames=16 exec_start_idx=0
MV_INFER cond=normal split=test task=ButtonUnmask ep=7 ep_seq=2 infer_seq=44 t=688 es=0 k=42 motion_frames=0,16,32,48,64,80,96,112,128,144,160,176,192,208,224,240,256,272,288,304,320,336,352,368,384,400,416,432,448,464,480,496,512,528,544,560,576,592,608,624,640,656 motion_emb_sha=284901dcb5e35423 motion_pos_sha=d928bf4021ac4a4b motion_mask=111111111111111111111111111111111111111111000000000000000000000000000000000000000000000000000000 mem_order_sha=0e966687b726d076 motion_cols_sha=2ed9f2bde5da4470 donor=None cover=exact:0,fallback:0,cycle:0,cross_seg:0 gate=none num_steps=10 act_sha=a0eb0f5324b54d1f infer_ms=69.7
INFO:mme_vla_suite.serving.websocket_policy_server:TIMING infer_ms=69.7
INFO:mme_vla_suite.serving.websocket_policy_server:TIMING add_buffer_ms=1465.6 frames=16 exec_start_idx=0
MV_INFER cond=normal split=test task=ButtonUnmask ep=7 ep_seq=2 infer_seq=45 t=704 es=0 k=43 motion_frames=0,16,32,48,64,80,96,112,128,144,160,176,192,208,224,240,256,272,288,304,320,336,352,368,384,400,416,432,448,464,480,496,512,528,544,560,576,592,608,624,640,656,672 motion_emb_sha=c1e24c1aae2460a0 motion_pos_sha=df28f649d327f743 motion_mask=111111111111111111111111111111111111111111100000000000000000000000000000000000000000000000000000 mem_order_sha=64f5fc8956546c66 motion_cols_sha=9ac0355ab034292e donor=None cover=exact:0,fallback:0,cycle:0,cross_seg:0 gate=none num_steps=10 act_sha=762d39f39af926e8 infer_ms=69.8
INFO:mme_vla_suite.serving.websocket_policy_server:TIMING infer_ms=69.8
INFO:mme_vla_suite.serving.websocket_policy_server:TIMING add_buffer_ms=1460.9 frames=16 exec_start_idx=0
MV_INFER cond=normal split=test task=ButtonUnmask ep=7 ep_seq=2 infer_seq=46 t=720 es=0 k=44 motion_frames=0,16,32,48,64,80,96,112,128,144,160,176,192,208,224,240,256,272,288,304,320,336,352,368,384,400,416,432,448,464,480,496,512,528,544,560,576,592,608,624,640,656,672,688 motion_emb_sha=ef06c1ff183ab4ea motion_pos_sha=16c7916c2054109b motion_mask=111111111111111111111111111111111111111111110000000000000000000000000000000000000000000000000000 mem_order_sha=108683ecd06aac22 motion_cols_sha=5d9657c560621273 donor=None cover=exact:0,fallback:0,cycle:0,cross_seg:0 gate=none num_steps=10 act_sha=7bc83d48730f390a infer_ms=69.7
INFO:mme_vla_suite.serving.websocket_policy_server:TIMING infer_ms=69.7
INFO:mme_vla_suite.serving.websocket_policy_server:TIMING add_buffer_ms=1458.7 frames=16 exec_start_idx=0
MV_INFER cond=normal split=test task=ButtonUnmask ep=7 ep_seq=2 infer_seq=47 t=736 es=0 k=45 motion_frames=0,16,32,48,64,80,96,112,128,144,160,176,192,208,224,240,256,272,288,304,320,336,352,368,384,400,416,432,448,464,480,496,512,528,544,560,576,592,608,624,640,656,672,688,704 motion_emb_sha=d3fb824fdc021beb motion_pos_sha=1a7312af6542d8c4 motion_mask=111111111111111111111111111111111111111111111000000000000000000000000000000000000000000000000000 mem_order_sha=334900ce00d4edee motion_cols_sha=6aa877e8836977cf donor=None cover=exact:0,fallback:0,cycle:0,cross_seg:0 gate=none num_steps=10 act_sha=0dfba6b35f896f8c infer_ms=69.9
INFO:mme_vla_suite.serving.websocket_policy_server:TIMING infer_ms=69.9
INFO:mme_vla_suite.serving.websocket_policy_server:TIMING add_buffer_ms=1460.0 frames=16 exec_start_idx=0
MV_INFER cond=normal split=test task=ButtonUnmask ep=7 ep_seq=2 infer_seq=48 t=752 es=0 k=46 motion_frames=0,16,32,48,64,80,96,112,128,144,160,176,192,208,224,240,256,272,288,304,320,336,352,368,384,400,416,432,448,464,480,496,512,528,544,560,576,592,608,624,640,656,672,688,704,720 motion_emb_sha=d4d3bea87caa94f0 motion_pos_sha=03f34ee9bd05979f motion_mask=111111111111111111111111111111111111111111111100000000000000000000000000000000000000000000000000 mem_order_sha=eb2eb2afcfeb1ad9 motion_cols_sha=5e7820a41ef36daa donor=None cover=exact:0,fallback:0,cycle:0,cross_seg:0 gate=none num_steps=10 act_sha=80cce214e5aa2829 infer_ms=69.5
INFO:mme_vla_suite.serving.websocket_policy_server:TIMING infer_ms=69.5
INFO:mme_vla_suite.serving.websocket_policy_server:TIMING add_buffer_ms=1454.8 frames=16 exec_start_idx=0
MV_INFER cond=normal split=test task=ButtonUnmask ep=7 ep_seq=2 infer_seq=49 t=768 es=0 k=47 motion_frames=0,16,32,48,64,80,96,112,128,144,160,176,192,208,224,240,256,272,288,304,320,336,352,368,384,400,416,432,448,464,480,496,512,528,544,560,576,592,608,624,640,656,672,688,704,720,736 motion_emb_sha=a1498d34a1996b25 motion_pos_sha=692cb599ce1428a7 motion_mask=111111111111111111111111111111111111111111111110000000000000000000000000000000000000000000000000 mem_order_sha=6562fcffed534ed6 motion_cols_sha=1759c66f866642dc donor=None cover=exact:0,fallback:0,cycle:0,cross_seg:0 gate=none num_steps=10 act_sha=ae0eadeafd1a4cc4 infer_ms=69.6
INFO:mme_vla_suite.serving.websocket_policy_server:TIMING infer_ms=69.6
INFO:mme_vla_suite.serving.websocket_policy_server:TIMING add_buffer_ms=1460.3 frames=16 exec_start_idx=0
MV_INFER cond=normal split=test task=ButtonUnmask ep=7 ep_seq=2 infer_seq=50 t=784 es=0 k=48 motion_frames=0,16,32,48,64,80,96,112,128,144,160,176,192,208,224,240,256,272,288,304,320,336,352,368,384,400,416,432,448,464,480,496,512,528,544,560,576,592,608,624,640,656,672,688,704,720,736,752 motion_emb_sha=28088ad68106acd8 motion_pos_sha=c3fe5e84b569016a motion_mask=111111111111111111111111111111111111111111111111000000000000000000000000000000000000000000000000 mem_order_sha=f1a8700e58c41cae motion_cols_sha=99e1f6e9f6bb9c4d donor=None cover=exact:0,fallback:0,cycle:0,cross_seg:0 gate=none num_steps=10 act_sha=e1dbfcd8bbe6f340 infer_ms=69.6
INFO:mme_vla_suite.serving.websocket_policy_server:TIMING infer_ms=69.6
INFO:mme_vla_suite.serving.websocket_policy_server:TIMING add_buffer_ms=1462.0 frames=16 exec_start_idx=0
MV_INFER cond=normal split=test task=ButtonUnmask ep=7 ep_seq=2 infer_seq=51 t=800 es=0 k=49 motion_frames=0,16,32,48,64,80,96,112,128,144,160,176,192,208,224,240,256,272,288,304,320,336,352,368,384,400,416,432,448,464,480,496,512,528,544,560,576,592,608,624,640,656,672,688,704,720,736,752,768 motion_emb_sha=6e68a3f41c492559 motion_pos_sha=680f129246f7b6f4 motion_mask=111111111111111111111111111111111111111111111111100000000000000000000000000000000000000000000000 mem_order_sha=2b5cfd5fc3095878 motion_cols_sha=0fbe01f7b49896a1 donor=None cover=exact:0,fallback:0,cycle:0,cross_seg:0 gate=none num_steps=10 act_sha=9598f1bf68bb563e infer_ms=70.2
INFO:mme_vla_suite.serving.websocket_policy_server:TIMING infer_ms=70.2
INFO:mme_vla_suite.serving.websocket_policy_server:TIMING add_buffer_ms=1459.9 frames=16 exec_start_idx=0
MV_INFER cond=normal split=test task=ButtonUnmask ep=7 ep_seq=2 infer_seq=52 t=816 es=0 k=50 motion_frames=0,16,32,48,64,80,96,112,128,144,160,176,192,208,224,240,256,272,288,304,320,336,352,368,384,400,416,432,448,464,480,496,512,528,544,560,576,592,608,624,640,656,672,688,704,720,736,752,768,784 motion_emb_sha=af614495ec736b3d motion_pos_sha=2310564d1b9957fd motion_mask=111111111111111111111111111111111111111111111111110000000000000000000000000000000000000000000000 mem_order_sha=0121728e581ca339 motion_cols_sha=3146bf3efe6b3a23 donor=None cover=exact:0,fallback:0,cycle:0,cross_seg:0 gate=none num_steps=10 act_sha=e2479f86318ae3b9 infer_ms=69.8
INFO:mme_vla_suite.serving.websocket_policy_server:TIMING infer_ms=69.8
INFO:mme_vla_suite.serving.websocket_policy_server:TIMING add_buffer_ms=1460.3 frames=16 exec_start_idx=0
MV_INFER cond=normal split=test task=ButtonUnmask ep=7 ep_seq=2 infer_seq=53 t=832 es=0 k=51 motion_frames=0,16,32,48,64,80,96,112,128,144,160,176,192,208,224,240,256,272,288,304,320,336,352,368,384,400,416,432,448,464,480,496,512,528,544,560,576,592,608,624,640,656,672,688,704,720,736,752,768,784,800 motion_emb_sha=4bf38b6317b06900 motion_pos_sha=600430e170ebc9a0 motion_mask=111111111111111111111111111111111111111111111111111000000000000000000000000000000000000000000000 mem_order_sha=875f38b8693b6012 motion_cols_sha=d23bb84a612c3654 donor=None cover=exact:0,fallback:0,cycle:0,cross_seg:0 gate=none num_steps=10 act_sha=c83687d583083e8d infer_ms=69.6
INFO:mme_vla_suite.serving.websocket_policy_server:TIMING infer_ms=69.6
INFO:mme_vla_suite.serving.websocket_policy_server:TIMING add_buffer_ms=1460.5 frames=16 exec_start_idx=0
MV_INFER cond=normal split=test task=ButtonUnmask ep=7 ep_seq=2 infer_seq=54 t=848 es=0 k=52 motion_frames=0,16,32,48,64,80,96,112,128,144,160,176,192,208,224,240,256,272,288,304,320,336,352,368,384,400,416,432,448,464,480,496,512,528,544,560,576,592,608,624,640,656,672,688,704,720,736,752,768,784,800,816 motion_emb_sha=166dfb3602265c75 motion_pos_sha=2d007f1393a57404 motion_mask=111111111111111111111111111111111111111111111111111100000000000000000000000000000000000000000000 mem_order_sha=8cda0cc9e165fc7b motion_cols_sha=6ea7276cd41fa784 donor=None cover=exact:0,fallback:0,cycle:0,cross_seg:0 gate=none num_steps=10 act_sha=d066c816827de5ae infer_ms=69.8
INFO:mme_vla_suite.serving.websocket_policy_server:TIMING infer_ms=69.8
INFO:mme_vla_suite.serving.websocket_policy_server:TIMING add_buffer_ms=1463.6 frames=16 exec_start_idx=0
MV_INFER cond=normal split=test task=ButtonUnmask ep=7 ep_seq=2 infer_seq=55 t=864 es=0 k=53 motion_frames=0,16,32,48,64,80,96,112,128,144,160,176,192,208,224,240,256,272,288,304,320,336,352,368,384,400,416,432,448,464,480,496,512,528,544,560,576,592,608,624,640,656,672,688,704,720,736,752,768,784,800,816,832 motion_emb_sha=27d78316394ee439 motion_pos_sha=f42da141b1d4c82c motion_mask=111111111111111111111111111111111111111111111111111110000000000000000000000000000000000000000000 mem_order_sha=0dabd1444bc80074 motion_cols_sha=89f30c99564ea731 donor=None cover=exact:0,fallback:0,cycle:0,cross_seg:0 gate=none num_steps=10 act_sha=7879b869d5fe5d8c infer_ms=70.1
INFO:mme_vla_suite.serving.websocket_policy_server:TIMING infer_ms=70.1
INFO:mme_vla_suite.serving.websocket_policy_server:TIMING add_buffer_ms=1462.0 frames=16 exec_start_idx=0
MV_INFER cond=normal split=test task=ButtonUnmask ep=7 ep_seq=2 infer_seq=56 t=880 es=0 k=54 motion_frames=0,16,32,48,64,80,96,112,128,144,160,176,192,208,224,240,256,272,288,304,320,336,352,368,384,400,416,432,448,464,480,496,512,528,544,560,576,592,608,624,640,656,672,688,704,720,736,752,768,784,800,816,832,848 motion_emb_sha=e4cd7f3e9f0d6971 motion_pos_sha=01060eddb55ef662 motion_mask=111111111111111111111111111111111111111111111111111111000000000000000000000000000000000000000000 mem_order_sha=a4e3eafb5ffafe0b motion_cols_sha=e349514dca693b7f donor=None cover=exact:0,fallback:0,cycle:0,cross_seg:0 gate=none num_steps=10 act_sha=f8c26734a459ada6 infer_ms=69.8
INFO:mme_vla_suite.serving.websocket_policy_server:TIMING infer_ms=69.8
INFO:mme_vla_suite.serving.websocket_policy_server:TIMING add_buffer_ms=1458.4 frames=16 exec_start_idx=0
MV_INFER cond=normal split=test task=ButtonUnmask ep=7 ep_seq=2 infer_seq=57 t=896 es=0 k=55 motion_frames=0,16,32,48,64,80,96,112,128,144,160,176,192,208,224,240,256,272,288,304,320,336,352,368,384,400,416,432,448,464,480,496,512,528,544,560,576,592,608,624,640,656,672,688,704,720,736,752,768,784,800,816,832,848,864 motion_emb_sha=80ec61df61b68de3 motion_pos_sha=73234d7bb22f2334 motion_mask=111111111111111111111111111111111111111111111111111111100000000000000000000000000000000000000000 mem_order_sha=395346a4f540e9de motion_cols_sha=078b54ea6363443a donor=None cover=exact:0,fallback:0,cycle:0,cross_seg:0 gate=none num_steps=10 act_sha=445f04b092a0f33b infer_ms=69.5
INFO:mme_vla_suite.serving.websocket_policy_server:TIMING infer_ms=69.5
INFO:mme_vla_suite.serving.websocket_policy_server:TIMING add_buffer_ms=1460.0 frames=16 exec_start_idx=0
MV_INFER cond=normal split=test task=ButtonUnmask ep=7 ep_seq=2 infer_seq=58 t=912 es=0 k=56 motion_frames=0,16,32,48,64,80,96,112,128,144,160,176,192,208,224,240,256,272,288,304,320,336,352,368,384,400,416,432,448,464,480,496,512,528,544,560,576,592,608,624,640,656,672,688,704,720,736,752,768,784,800,816,832,848,864,880 motion_emb_sha=c8dd46305a986a30 motion_pos_sha=e1476f70fa43befe motion_mask=111111111111111111111111111111111111111111111111111111110000000000000000000000000000000000000000 mem_order_sha=3476e1e03f0ca6e3 motion_cols_sha=a5aa69c91f1f7b29 donor=None cover=exact:0,fallback:0,cycle:0,cross_seg:0 gate=none num_steps=10 act_sha=14e84e00aa59be16 infer_ms=69.5
INFO:mme_vla_suite.serving.websocket_policy_server:TIMING infer_ms=69.5
INFO:mme_vla_suite.serving.websocket_policy_server:TIMING add_buffer_ms=1472.8 frames=16 exec_start_idx=0
MV_INFER cond=normal split=test task=ButtonUnmask ep=7 ep_seq=2 infer_seq=59 t=928 es=0 k=57 motion_frames=0,16,32,48,64,80,96,112,128,144,160,176,192,208,224,240,256,272,288,304,320,336,352,368,384,400,416,432,448,464,480,496,512,528,544,560,576,592,608,624,640,656,672,688,704,720,736,752,768,784,800,816,832,848,864,880,896 motion_emb_sha=1a6c52e4afa4e4b0 motion_pos_sha=bca8ade9114e0e68 motion_mask=111111111111111111111111111111111111111111111111111111111000000000000000000000000000000000000000 mem_order_sha=a777cdac8f3e3557 motion_cols_sha=2da46f232ede0f69 donor=None cover=exact:0,fallback:0,cycle:0,cross_seg:0 gate=none num_steps=10 act_sha=e88977ff1e948bd3 infer_ms=69.6
INFO:mme_vla_suite.serving.websocket_policy_server:TIMING infer_ms=69.6
INFO:mme_vla_suite.serving.websocket_policy_server:TIMING add_buffer_ms=1461.1 frames=16 exec_start_idx=0
MV_INFER cond=normal split=test task=ButtonUnmask ep=7 ep_seq=2 infer_seq=60 t=944 es=0 k=58 motion_frames=0,16,32,48,64,80,96,112,128,144,160,176,192,208,224,240,256,272,288,304,320,336,352,368,384,400,416,432,448,464,480,496,512,528,544,560,576,592,608,624,640,656,672,688,704,720,736,752,768,784,800,816,832,848,864,880,896,912 motion_emb_sha=a08d37afc8f1aaa0 motion_pos_sha=34b7233dd99a2db0 motion_mask=111111111111111111111111111111111111111111111111111111111100000000000000000000000000000000000000 mem_order_sha=6320e4ba2d244586 motion_cols_sha=3b208a16db9ab136 donor=None cover=exact:0,fallback:0,cycle:0,cross_seg:0 gate=none num_steps=10 act_sha=c5712e6ad6bf8f65 infer_ms=69.8
INFO:mme_vla_suite.serving.websocket_policy_server:TIMING infer_ms=69.8
INFO:mme_vla_suite.serving.websocket_policy_server:TIMING add_buffer_ms=1460.6 frames=16 exec_start_idx=0
MV_INFER cond=normal split=test task=ButtonUnmask ep=7 ep_seq=2 infer_seq=61 t=960 es=0 k=59 motion_frames=0,16,32,48,64,80,96,112,128,144,160,176,192,208,224,240,256,272,288,304,320,336,352,368,384,400,416,432,448,464,480,496,512,528,544,560,576,592,608,624,640,656,672,688,704,720,736,752,768,784,800,816,832,848,864,880,896,912,928 motion_emb_sha=635211fdd2849ae3 motion_pos_sha=cb7f48c244f6b94b motion_mask=111111111111111111111111111111111111111111111111111111111110000000000000000000000000000000000000 mem_order_sha=39c29249fe13bc2b motion_cols_sha=3e0e13de4529aac8 donor=None cover=exact:0,fallback:0,cycle:0,cross_seg:0 gate=none num_steps=10 act_sha=74d0de22811a13eb infer_ms=69.7
INFO:mme_vla_suite.serving.websocket_policy_server:TIMING infer_ms=69.7
INFO:mme_vla_suite.serving.websocket_policy_server:TIMING add_buffer_ms=1460.6 frames=16 exec_start_idx=0
MV_INFER cond=normal split=test task=ButtonUnmask ep=7 ep_seq=2 infer_seq=62 t=976 es=0 k=60 motion_frames=0,16,32,48,64,80,96,112,128,144,160,176,192,208,224,240,256,272,288,304,320,336,352,368,384,400,416,432,448,464,480,496,512,528,544,560,576,592,608,624,640,656,672,688,704,720,736,752,768,784,800,816,832,848,864,880,896,912,928,944 motion_emb_sha=dd9bff7a5c6f4783 motion_pos_sha=0c8df1a6e41b5e23 motion_mask=111111111111111111111111111111111111111111111111111111111111000000000000000000000000000000000000 mem_order_sha=20d30cf76b3da92d motion_cols_sha=d14deafb868159f6 donor=None cover=exact:0,fallback:0,cycle:0,cross_seg:0 gate=none num_steps=10 act_sha=c23f7b0371d6b72e infer_ms=69.5
INFO:mme_vla_suite.serving.websocket_policy_server:TIMING infer_ms=69.5
INFO:mme_vla_suite.serving.websocket_policy_server:TIMING add_buffer_ms=1460.6 frames=16 exec_start_idx=0
MV_INFER cond=normal split=test task=ButtonUnmask ep=7 ep_seq=2 infer_seq=63 t=992 es=0 k=61 motion_frames=0,16,32,48,64,80,96,112,128,144,160,176,192,208,224,240,256,272,288,304,320,336,352,368,384,400,416,432,448,464,480,496,512,528,544,560,576,592,608,624,640,656,672,688,704,720,736,752,768,784,800,816,832,848,864,880,896,912,928,944,960 motion_emb_sha=3e933d348253fa99 motion_pos_sha=6969e5ef8a2647ad motion_mask=111111111111111111111111111111111111111111111111111111111111100000000000000000000000000000000000 mem_order_sha=ea99f596f81da8fb motion_cols_sha=e49e1ad67faf939a donor=None cover=exact:0,fallback:0,cycle:0,cross_seg:0 gate=none num_steps=10 act_sha=07e0b9e0e4afc18e infer_ms=69.9
INFO:mme_vla_suite.serving.websocket_policy_server:TIMING infer_ms=69.9
INFO:mme_vla_suite.serving.websocket_policy_server:TIMING add_buffer_ms=1461.2 frames=16 exec_start_idx=0
MV_INFER cond=normal split=test task=ButtonUnmask ep=7 ep_seq=2 infer_seq=64 t=1008 es=0 k=62 motion_frames=0,16,32,48,64,80,96,112,128,144,160,176,192,208,224,240,256,272,288,304,320,336,352,368,384,400,416,432,448,464,480,496,512,528,544,560,576,592,608,624,640,656,672,688,704,720,736,752,768,784,800,816,832,848,864,880,896,912,928,944,960,976 motion_emb_sha=fdddfd8adcbee025 motion_pos_sha=68a304bc0f81b2d1 motion_mask=111111111111111111111111111111111111111111111111111111111111110000000000000000000000000000000000 mem_order_sha=cb85039bc8deeee3 motion_cols_sha=9f68376775df092c donor=None cover=exact:0,fallback:0,cycle:0,cross_seg:0 gate=none num_steps=10 act_sha=581c5b3592e648cb infer_ms=70.2
INFO:mme_vla_suite.serving.websocket_policy_server:TIMING infer_ms=70.2
INFO:mme_vla_suite.serving.websocket_policy_server:TIMING add_buffer_ms=1458.1 frames=16 exec_start_idx=0
MV_INFER cond=normal split=test task=ButtonUnmask ep=7 ep_seq=2 infer_seq=65 t=1024 es=0 k=63 motion_frames=0,16,32,48,64,80,96,112,128,144,160,176,192,208,224,240,256,272,288,304,320,336,352,368,384,400,416,432,448,464,480,496,512,528,544,560,576,592,608,624,640,656,672,688,704,720,736,752,768,784,800,816,832,848,864,880,896,912,928,944,960,976,992 motion_emb_sha=6b2021f03a4e3940 motion_pos_sha=3a3d8e518a7990d0 motion_mask=111111111111111111111111111111111111111111111111111111111111111000000000000000000000000000000000 mem_order_sha=11fb4b3c9a39ff46 motion_cols_sha=84d86e447056559d donor=None cover=exact:0,fallback:0,cycle:0,cross_seg:0 gate=none num_steps=10 act_sha=a0fee61606b9a783 infer_ms=69.6
INFO:mme_vla_suite.serving.websocket_policy_server:TIMING infer_ms=69.6
INFO:mme_vla_suite.serving.websocket_policy_server:TIMING add_buffer_ms=1461.6 frames=16 exec_start_idx=0
MV_INFER cond=normal split=test task=ButtonUnmask ep=7 ep_seq=2 infer_seq=66 t=1040 es=0 k=64 motion_frames=0,16,32,48,64,80,96,112,128,144,160,176,192,208,224,240,256,272,288,304,320,336,352,368,384,400,416,432,448,464,480,496,512,528,544,560,576,592,608,624,640,656,672,688,704,720,736,752,768,784,800,816,832,848,864,880,896,912,928,944,960,976,992,1008 motion_emb_sha=3e739881ab090803 motion_pos_sha=53ffaa05042f1487 motion_mask=111111111111111111111111111111111111111111111111111111111111111100000000000000000000000000000000 mem_order_sha=173c4f5cff3909ff motion_cols_sha=6b874a13dc5773fe donor=None cover=exact:0,fallback:0,cycle:0,cross_seg:0 gate=none num_steps=10 act_sha=e750d219d9cf7e3a infer_ms=69.6
INFO:mme_vla_suite.serving.websocket_policy_server:TIMING infer_ms=69.6
INFO:mme_vla_suite.serving.websocket_policy_server:TIMING add_buffer_ms=1459.4 frames=16 exec_start_idx=0
MV_INFER cond=normal split=test task=ButtonUnmask ep=7 ep_seq=2 infer_seq=67 t=1056 es=0 k=65 motion_frames=0,16,32,48,64,80,96,112,128,144,160,176,192,208,224,240,256,272,288,304,320,336,352,368,384,400,416,432,448,464,480,496,512,528,544,560,576,592,608,624,640,656,672,688,704,720,736,752,768,784,800,816,832,848,864,880,896,912,928,944,960,976,992,1008,1024 motion_emb_sha=119957aee599d787 motion_pos_sha=c418e4d946bed0c9 motion_mask=111111111111111111111111111111111111111111111111111111111111111110000000000000000000000000000000 mem_order_sha=92dea94c12a99a47 motion_cols_sha=52b8373c7987aeda donor=None cover=exact:0,fallback:0,cycle:0,cross_seg:0 gate=none num_steps=10 act_sha=1e1de0a753ceba99 infer_ms=69.6
INFO:mme_vla_suite.serving.websocket_policy_server:TIMING infer_ms=69.6
INFO:mme_vla_suite.serving.websocket_policy_server:TIMING add_buffer_ms=1465.5 frames=16 exec_start_idx=0
MV_INFER cond=normal split=test task=ButtonUnmask ep=7 ep_seq=2 infer_seq=68 t=1072 es=0 k=66 motion_frames=0,16,32,48,64,80,96,112,128,144,160,176,192,208,224,240,256,272,288,304,320,336,352,368,384,400,416,432,448,464,480,496,512,528,544,560,576,592,608,624,640,656,672,688,704,720,736,752,768,784,800,816,832,848,864,880,896,912,928,944,960,976,992,1008,1024,1040 motion_emb_sha=eb4bea4e34fdb252 motion_pos_sha=4be728651e8fa641 motion_mask=111111111111111111111111111111111111111111111111111111111111111111000000000000000000000000000000 mem_order_sha=5f81dcb5ffcc7505 motion_cols_sha=4e8d37dd9b433350 donor=None cover=exact:0,fallback:0,cycle:0,cross_seg:0 gate=none num_steps=10 act_sha=1c07b82cd3dd912f infer_ms=69.6
INFO:mme_vla_suite.serving.websocket_policy_server:TIMING infer_ms=69.6
INFO:mme_vla_suite.serving.websocket_policy_server:TIMING add_buffer_ms=1459.4 frames=16 exec_start_idx=0
MV_INFER cond=normal split=test task=ButtonUnmask ep=7 ep_seq=2 infer_seq=69 t=1088 es=0 k=67 motion_frames=0,16,32,48,64,80,96,112,128,144,160,176,192,208,224,240,256,272,288,304,320,336,352,368,384,400,416,432,448,464,480,496,512,528,544,560,576,592,608,624,640,656,672,688,704,720,736,752,768,784,800,816,832,848,864,880,896,912,928,944,960,976,992,1008,1024,1040,1056 motion_emb_sha=0ed6aff9fc91d946 motion_pos_sha=4be2cf300c672914 motion_mask=111111111111111111111111111111111111111111111111111111111111111111100000000000000000000000000000 mem_order_sha=ed1cfe5e10d900a5 motion_cols_sha=9f325d883e270012 donor=None cover=exact:0,fallback:0,cycle:0,cross_seg:0 gate=none num_steps=10 act_sha=a61966cc755cbcb9 infer_ms=70.2
INFO:mme_vla_suite.serving.websocket_policy_server:TIMING infer_ms=70.2
INFO:mme_vla_suite.serving.websocket_policy_server:TIMING add_buffer_ms=1460.4 frames=16 exec_start_idx=0
MV_INFER cond=normal split=test task=ButtonUnmask ep=7 ep_seq=2 infer_seq=70 t=1104 es=0 k=68 motion_frames=0,16,32,48,64,80,96,112,128,144,160,176,192,208,224,240,256,272,288,304,320,336,352,368,384,400,416,432,448,464,480,496,512,528,544,560,576,592,608,624,640,656,672,688,704,720,736,752,768,784,800,816,832,848,864,880,896,912,928,944,960,976,992,1008,1024,1040,1056,1072 motion_emb_sha=8dcf80e926022e65 motion_pos_sha=f1771cc9a7c1c81a motion_mask=111111111111111111111111111111111111111111111111111111111111111111110000000000000000000000000000 mem_order_sha=2b2ce7eded738651 motion_cols_sha=e1d7e941199ff79f donor=None cover=exact:0,fallback:0,cycle:0,cross_seg:0 gate=none num_steps=10 act_sha=64e244a4acb21c23 infer_ms=69.8
INFO:mme_vla_suite.serving.websocket_policy_server:TIMING infer_ms=69.8
INFO:mme_vla_suite.serving.websocket_policy_server:TIMING add_buffer_ms=1470.1 frames=16 exec_start_idx=0
MV_INFER cond=normal split=test task=ButtonUnmask ep=7 ep_seq=2 infer_seq=71 t=1120 es=0 k=69 motion_frames=0,16,32,48,64,80,96,112,128,144,160,176,192,208,224,240,256,272,288,304,320,336,352,368,384,400,416,432,448,464,480,496,512,528,544,560,576,592,608,624,640,656,672,688,704,720,736,752,768,784,800,816,832,848,864,880,896,912,928,944,960,976,992,1008,1024,1040,1056,1072,1088 motion_emb_sha=287b3e4bea07e3db motion_pos_sha=64e385d9c7350895 motion_mask=111111111111111111111111111111111111111111111111111111111111111111111000000000000000000000000000 mem_order_sha=bd58339f940fb782 motion_cols_sha=e969946faa6cf423 donor=None cover=exact:0,fallback:0,cycle:0,cross_seg:0 gate=none num_steps=10 act_sha=42330021c3b9f298 infer_ms=69.8
INFO:mme_vla_suite.serving.websocket_policy_server:TIMING infer_ms=69.8
INFO:mme_vla_suite.serving.websocket_policy_server:TIMING add_buffer_ms=1460.1 frames=16 exec_start_idx=0
MV_INFER cond=normal split=test task=ButtonUnmask ep=7 ep_seq=2 infer_seq=72 t=1136 es=0 k=70 motion_frames=0,16,32,48,64,80,96,112,128,144,160,176,192,208,224,240,256,272,288,304,320,336,352,368,384,400,416,432,448,464,480,496,512,528,544,560,576,592,608,624,640,656,672,688,704,720,736,752,768,784,800,816,832,848,864,880,896,912,928,944,960,976,992,1008,1024,1040,1056,1072,1088,1104 motion_emb_sha=f849ee0c0ea041f3 motion_pos_sha=02413430471dedfa motion_mask=111111111111111111111111111111111111111111111111111111111111111111111100000000000000000000000000 mem_order_sha=0b404dd327a8564d motion_cols_sha=87fa21f0aa357e1d donor=None cover=exact:0,fallback:0,cycle:0,cross_seg:0 gate=none num_steps=10 act_sha=ff6255eeea89ddf0 infer_ms=69.9
INFO:mme_vla_suite.serving.websocket_policy_server:TIMING infer_ms=69.9
[sidecar pid=833148] 窗 #151 起点 1120 耗时 1417 ms（累计 295s）
INFO:mme_vla_suite.serving.websocket_policy_server:TIMING add_buffer_ms=1462.6 frames=16 exec_start_idx=0
MV_INFER cond=normal split=test task=ButtonUnmask ep=7 ep_seq=2 infer_seq=73 t=1152 es=0 k=71 motion_frames=0,16,32,48,64,80,96,112,128,144,160,176,192,208,224,240,256,272,288,304,320,336,352,368,384,400,416,432,448,464,480,496,512,528,544,560,576,592,608,624,640,656,672,688,704,720,736,752,768,784,800,816,832,848,864,880,896,912,928,944,960,976,992,1008,1024,1040,1056,1072,1088,1104,1120 motion_emb_sha=2d3fd411db83c671 motion_pos_sha=fab88c141df710d5 motion_mask=111111111111111111111111111111111111111111111111111111111111111111111110000000000000000000000000 mem_order_sha=a889ac580cefd71c motion_cols_sha=3c468ad914141d0d donor=None cover=exact:0,fallback:0,cycle:0,cross_seg:0 gate=none num_steps=10 act_sha=fa4c9cc7c620d9e8 infer_ms=69.7
INFO:mme_vla_suite.serving.websocket_policy_server:TIMING infer_ms=69.7
INFO:mme_vla_suite.serving.websocket_policy_server:TIMING add_buffer_ms=1461.9 frames=16 exec_start_idx=0
MV_INFER cond=normal split=test task=ButtonUnmask ep=7 ep_seq=2 infer_seq=74 t=1168 es=0 k=72 motion_frames=0,16,32,48,64,80,96,112,128,144,160,176,192,208,224,240,256,272,288,304,320,336,352,368,384,400,416,432,448,464,480,496,512,528,544,560,576,592,608,624,640,656,672,688,704,720,736,752,768,784,800,816,832,848,864,880,896,912,928,944,960,976,992,1008,1024,1040,1056,1072,1088,1104,1120,1136 motion_emb_sha=aeb95a0a319c9753 motion_pos_sha=d6a6837d103909b7 motion_mask=111111111111111111111111111111111111111111111111111111111111111111111111000000000000000000000000 mem_order_sha=d483b82ad6dc5168 motion_cols_sha=0c6c7ed6aacf4632 donor=None cover=exact:0,fallback:0,cycle:0,cross_seg:0 gate=none num_steps=10 act_sha=f4036e86f08cf554 infer_ms=69.8
INFO:mme_vla_suite.serving.websocket_policy_server:TIMING infer_ms=69.8
INFO:mme_vla_suite.serving.websocket_policy_server:TIMING add_buffer_ms=1459.4 frames=16 exec_start_idx=0
MV_INFER cond=normal split=test task=ButtonUnmask ep=7 ep_seq=2 infer_seq=75 t=1184 es=0 k=73 motion_frames=0,16,32,48,64,80,96,112,128,144,160,176,192,208,224,240,256,272,288,304,320,336,352,368,384,400,416,432,448,464,480,496,512,528,544,560,576,592,608,624,640,656,672,688,704,720,736,752,768,784,800,816,832,848,864,880,896,912,928,944,960,976,992,1008,1024,1040,1056,1072,1088,1104,1120,1136,1152 motion_emb_sha=09adb06ddfe87c0c motion_pos_sha=b9f2cb6eb308ecb4 motion_mask=111111111111111111111111111111111111111111111111111111111111111111111111100000000000000000000000 mem_order_sha=d02d0aed837362f6 motion_cols_sha=2a3614e2ed121717 donor=None cover=exact:0,fallback:0,cycle:0,cross_seg:0 gate=none num_steps=10 act_sha=9ab0e544cd45c648 infer_ms=69.7
INFO:mme_vla_suite.serving.websocket_policy_server:TIMING infer_ms=69.7
INFO:mme_vla_suite.serving.websocket_policy_server:TIMING add_buffer_ms=1460.3 frames=16 exec_start_idx=0
MV_INFER cond=normal split=test task=ButtonUnmask ep=7 ep_seq=2 infer_seq=76 t=1200 es=0 k=74 motion_frames=0,16,32,48,64,80,96,112,128,144,160,176,192,208,224,240,256,272,288,304,320,336,352,368,384,400,416,432,448,464,480,496,512,528,544,560,576,592,608,624,640,656,672,688,704,720,736,752,768,784,800,816,832,848,864,880,896,912,928,944,960,976,992,1008,1024,1040,1056,1072,1088,1104,1120,1136,1152,1168 motion_emb_sha=61873ee80acb7657 motion_pos_sha=c16da1b65c95ec2c motion_mask=111111111111111111111111111111111111111111111111111111111111111111111111110000000000000000000000 mem_order_sha=5e6b887dca10ded1 motion_cols_sha=0637e352fbbaefdf donor=None cover=exact:0,fallback:0,cycle:0,cross_seg:0 gate=none num_steps=10 act_sha=443d55118cc4ab5d infer_ms=69.8
INFO:mme_vla_suite.serving.websocket_policy_server:TIMING infer_ms=69.8
INFO:mme_vla_suite.serving.websocket_policy_server:TIMING add_buffer_ms=1461.1 frames=16 exec_start_idx=0
MV_INFER cond=normal split=test task=ButtonUnmask ep=7 ep_seq=2 infer_seq=77 t=1216 es=0 k=75 motion_frames=0,16,32,48,64,80,96,112,128,144,160,176,192,208,224,240,256,272,288,304,320,336,352,368,384,400,416,432,448,464,480,496,512,528,544,560,576,592,608,624,640,656,672,688,704,720,736,752,768,784,800,816,832,848,864,880,896,912,928,944,960,976,992,1008,1024,1040,1056,1072,1088,1104,1120,1136,1152,1168,1184 motion_emb_sha=c21d407506114f44 motion_pos_sha=6aa36bab2e46f370 motion_mask=111111111111111111111111111111111111111111111111111111111111111111111111111000000000000000000000 mem_order_sha=d100c887873fb6e6 motion_cols_sha=846007b9906b64ef donor=None cover=exact:0,fallback:0,cycle:0,cross_seg:0 gate=none num_steps=10 act_sha=564d389497486dab infer_ms=69.7
INFO:mme_vla_suite.serving.websocket_policy_server:TIMING infer_ms=69.7
INFO:mme_vla_suite.serving.websocket_policy_server:TIMING add_buffer_ms=1459.6 frames=16 exec_start_idx=0
MV_INFER cond=normal split=test task=ButtonUnmask ep=7 ep_seq=2 infer_seq=78 t=1232 es=0 k=76 motion_frames=0,16,32,48,64,80,96,112,128,144,160,176,192,208,224,240,256,272,288,304,320,336,352,368,384,400,416,432,448,464,480,496,512,528,544,560,576,592,608,624,640,656,672,688,704,720,736,752,768,784,800,816,832,848,864,880,896,912,928,944,960,976,992,1008,1024,1040,1056,1072,1088,1104,1120,1136,1152,1168,1184,1200 motion_emb_sha=7d40fd53925dba47 motion_pos_sha=39a2d766dea0ddac motion_mask=111111111111111111111111111111111111111111111111111111111111111111111111111100000000000000000000 mem_order_sha=601ccd8775c9d37f motion_cols_sha=fb27e958d1ca6acf donor=None cover=exact:0,fallback:0,cycle:0,cross_seg:0 gate=none num_steps=10 act_sha=4a7f74fc8e9ddf5f infer_ms=69.9
INFO:mme_vla_suite.serving.websocket_policy_server:TIMING infer_ms=69.9
INFO:mme_vla_suite.serving.websocket_policy_server:TIMING add_buffer_ms=1463.3 frames=16 exec_start_idx=0
MV_INFER cond=normal split=test task=ButtonUnmask ep=7 ep_seq=2 infer_seq=79 t=1248 es=0 k=77 motion_frames=0,16,32,48,64,80,96,112,128,144,160,176,192,208,224,240,256,272,288,304,320,336,352,368,384,400,416,432,448,464,480,496,512,528,544,560,576,592,608,624,640,656,672,688,704,720,736,752,768,784,800,816,832,848,864,880,896,912,928,944,960,976,992,1008,1024,1040,1056,1072,1088,1104,1120,1136,1152,1168,1184,1200,1216 motion_emb_sha=7c8bbfd952ca51fa motion_pos_sha=6ed6eeb0d66bd601 motion_mask=111111111111111111111111111111111111111111111111111111111111111111111111111110000000000000000000 mem_order_sha=ccc9899d21634b2a motion_cols_sha=d02ea63e106e047b donor=None cover=exact:0,fallback:0,cycle:0,cross_seg:0 gate=none num_steps=10 act_sha=1d28bb6a9a56797f infer_ms=69.9
INFO:mme_vla_suite.serving.websocket_policy_server:TIMING infer_ms=69.9
INFO:mme_vla_suite.serving.websocket_policy_server:TIMING add_buffer_ms=1459.5 frames=16 exec_start_idx=0
MV_INFER cond=normal split=test task=ButtonUnmask ep=7 ep_seq=2 infer_seq=80 t=1264 es=0 k=78 motion_frames=0,16,32,48,64,80,96,112,128,144,160,176,192,208,224,240,256,272,288,304,320,336,352,368,384,400,416,432,448,464,480,496,512,528,544,560,576,592,608,624,640,656,672,688,704,720,736,752,768,784,800,816,832,848,864,880,896,912,928,944,960,976,992,1008,1024,1040,1056,1072,1088,1104,1120,1136,1152,1168,1184,1200,1216,1232 motion_emb_sha=0418fc512e703d79 motion_pos_sha=b56acc673c0e014a motion_mask=111111111111111111111111111111111111111111111111111111111111111111111111111111000000000000000000 mem_order_sha=2a2e1a3758e26885 motion_cols_sha=ae9de628d8823bf2 donor=None cover=exact:0,fallback:0,cycle:0,cross_seg:0 gate=none num_steps=10 act_sha=fb9e394b2906d1e4 infer_ms=69.9
INFO:mme_vla_suite.serving.websocket_policy_server:TIMING infer_ms=69.9
INFO:mme_vla_suite.serving.websocket_policy_server:TIMING add_buffer_ms=1469.0 frames=16 exec_start_idx=0
MV_INFER cond=normal split=test task=ButtonUnmask ep=7 ep_seq=2 infer_seq=81 t=1280 es=0 k=79 motion_frames=0,16,32,48,64,80,96,112,128,144,160,176,192,208,224,240,256,272,288,304,320,336,352,368,384,400,416,432,448,464,480,496,512,528,544,560,576,592,608,624,640,656,672,688,704,720,736,752,768,784,800,816,832,848,864,880,896,912,928,944,960,976,992,1008,1024,1040,1056,1072,1088,1104,1120,1136,1152,1168,1184,1200,1216,1232,1248 motion_emb_sha=2d1b4d356a39136c motion_pos_sha=b50012ccc2a650c3 motion_mask=111111111111111111111111111111111111111111111111111111111111111111111111111111100000000000000000 mem_order_sha=1fed3421d7469d6a motion_cols_sha=b62f12e1cc2e6f4f donor=None cover=exact:0,fallback:0,cycle:0,cross_seg:0 gate=none num_steps=10 act_sha=f5dc65e74801ad22 infer_ms=69.7
INFO:mme_vla_suite.serving.websocket_policy_server:TIMING infer_ms=69.7
INFO:mme_vla_suite.serving.websocket_policy_server:TIMING add_buffer_ms=1475.7 frames=16 exec_start_idx=0
MV_INFER cond=normal split=test task=ButtonUnmask ep=7 ep_seq=2 infer_seq=82 t=1296 es=0 k=80 motion_frames=0,16,32,48,64,80,96,112,128,144,160,176,192,208,224,240,256,272,288,304,320,336,352,368,384,400,416,432,448,464,480,496,512,528,544,560,576,592,608,624,640,656,672,688,704,720,736,752,768,784,800,816,832,848,864,880,896,912,928,944,960,976,992,1008,1024,1040,1056,1072,1088,1104,1120,1136,1152,1168,1184,1200,1216,1232,1248,1264 motion_emb_sha=8e2d656275de283c motion_pos_sha=d5131e7c6233e7d1 motion_mask=111111111111111111111111111111111111111111111111111111111111111111111111111111110000000000000000 mem_order_sha=a4387b88c08b7549 motion_cols_sha=81f2fc212bebb4ee donor=None cover=exact:0,fallback:0,cycle:0,cross_seg:0 gate=none num_steps=10 act_sha=9c6f3d0dfad8098c infer_ms=69.7
INFO:mme_vla_suite.serving.websocket_policy_server:TIMING infer_ms=69.7
INFO:websockets.server:connection open
INFO:mme_vla_suite.serving.websocket_policy_server:Connection from ('127.0.0.1', 59330) opened
MV_EPISODE_END ep_seq=2 infers=82 windows=80 wall_s=147.8
MV_EPISODE_BEGIN cond=normal split=test seed=42 ep_seq=3 expect=ButtonUnmask:11
INFO:mme_vla_suite.serving.websocket_policy_server:TIMING add_buffer_ms=6.8 frames=1 exec_start_idx=0
MV_INFER cond=normal split=test task=ButtonUnmask ep=11 ep_seq=3 infer_seq=1 t=0 es=0 k=0 motion_frames=- motion_emb_sha=a3e8328721cbb943 motion_pos_sha=f5952cfc3406b7e9 motion_mask=000000000000000000000000000000000000000000000000000000000000000000000000000000000000000000000000 mem_order_sha=e3d555e881e5b964 motion_cols_sha=05f65c2b46f544eb donor=None cover=exact:0,fallback:0,cycle:0,cross_seg:0 gate=none num_steps=10 act_sha=215174c56add1be3 infer_ms=69.3
INFO:mme_vla_suite.serving.websocket_policy_server:TIMING infer_ms=69.3
INFO:mme_vla_suite.serving.websocket_policy_server:TIMING add_buffer_ms=38.1 frames=16 exec_start_idx=0
MV_INFER cond=normal split=test task=ButtonUnmask ep=11 ep_seq=3 infer_seq=2 t=16 es=0 k=0 motion_frames=- motion_emb_sha=a3e8328721cbb943 motion_pos_sha=f5952cfc3406b7e9 motion_mask=000000000000000000000000000000000000000000000000000000000000000000000000000000000000000000000000 mem_order_sha=e3d555e881e5b964 motion_cols_sha=05f65c2b46f544eb donor=None cover=exact:0,fallback:0,cycle:0,cross_seg:0 gate=none num_steps=10 act_sha=68c084f808cb6437 infer_ms=69.4
INFO:mme_vla_suite.serving.websocket_policy_server:TIMING infer_ms=69.4
INFO:mme_vla_suite.serving.websocket_policy_server:TIMING add_buffer_ms=1462.8 frames=16 exec_start_idx=0
MV_INFER cond=normal split=test task=ButtonUnmask ep=11 ep_seq=3 infer_seq=3 t=32 es=0 k=1 motion_frames=0 motion_emb_sha=b0d78e2f1113545a motion_pos_sha=5a53d7fa887419cf motion_mask=100000000000000000000000000000000000000000000000000000000000000000000000000000000000000000000000 mem_order_sha=1c4ecd136e06d2ca motion_cols_sha=34669806f215f6a3 donor=None cover=exact:0,fallback:0,cycle:0,cross_seg:0 gate=none num_steps=10 act_sha=932c20fbd74433a4 infer_ms=69.6
INFO:mme_vla_suite.serving.websocket_policy_server:TIMING infer_ms=69.6
INFO:mme_vla_suite.serving.websocket_policy_server:TIMING add_buffer_ms=1457.8 frames=16 exec_start_idx=0
MV_INFER cond=normal split=test task=ButtonUnmask ep=11 ep_seq=3 infer_seq=4 t=48 es=0 k=2 motion_frames=0,16 motion_emb_sha=b066e154b77c8cb9 motion_pos_sha=e97dc0e05f375cbe motion_mask=110000000000000000000000000000000000000000000000000000000000000000000000000000000000000000000000 mem_order_sha=74ca653da96ef384 motion_cols_sha=fba18d536d075a6e donor=None cover=exact:0,fallback:0,cycle:0,cross_seg:0 gate=none num_steps=10 act_sha=aa0b2a4f5beae7d0 infer_ms=69.5
INFO:mme_vla_suite.serving.websocket_policy_server:TIMING infer_ms=69.5
INFO:mme_vla_suite.serving.websocket_policy_server:TIMING add_buffer_ms=1460.8 frames=16 exec_start_idx=0
MV_INFER cond=normal split=test task=ButtonUnmask ep=11 ep_seq=3 infer_seq=5 t=64 es=0 k=3 motion_frames=0,16,32 motion_emb_sha=a6567cf0b84ee15e motion_pos_sha=358a8247438e4586 motion_mask=111000000000000000000000000000000000000000000000000000000000000000000000000000000000000000000000 mem_order_sha=4bdcb6154ce3db09 motion_cols_sha=ec75f2710ccf7d3e donor=None cover=exact:0,fallback:0,cycle:0,cross_seg:0 gate=none num_steps=10 act_sha=c94bfaacfd119bea infer_ms=69.5
INFO:mme_vla_suite.serving.websocket_policy_server:TIMING infer_ms=69.5
INFO:mme_vla_suite.serving.websocket_policy_server:TIMING add_buffer_ms=1460.8 frames=16 exec_start_idx=0
MV_INFER cond=normal split=test task=ButtonUnmask ep=11 ep_seq=3 infer_seq=6 t=80 es=0 k=4 motion_frames=0,16,32,48 motion_emb_sha=04c4fd49df4bf83d motion_pos_sha=88620c635e0b1611 motion_mask=111100000000000000000000000000000000000000000000000000000000000000000000000000000000000000000000 mem_order_sha=3f30de4433e4d89f motion_cols_sha=d94e9739c8cfc07e donor=None cover=exact:0,fallback:0,cycle:0,cross_seg:0 gate=none num_steps=10 act_sha=672dcf2d343b2708 infer_ms=69.5
INFO:mme_vla_suite.serving.websocket_policy_server:TIMING infer_ms=69.5
INFO:mme_vla_suite.serving.websocket_policy_server:TIMING add_buffer_ms=1466.2 frames=16 exec_start_idx=0
MV_INFER cond=normal split=test task=ButtonUnmask ep=11 ep_seq=3 infer_seq=7 t=96 es=0 k=5 motion_frames=0,16,32,48,64 motion_emb_sha=da9382e8e5b96634 motion_pos_sha=4d979259a4c37547 motion_mask=111110000000000000000000000000000000000000000000000000000000000000000000000000000000000000000000 mem_order_sha=1525b7045b2c259a motion_cols_sha=07c8247e6ab1f89c donor=None cover=exact:0,fallback:0,cycle:0,cross_seg:0 gate=none num_steps=10 act_sha=304ff1a3cef26a1b infer_ms=69.5
INFO:mme_vla_suite.serving.websocket_policy_server:TIMING infer_ms=69.5
INFO:mme_vla_suite.serving.websocket_policy_server:TIMING add_buffer_ms=1459.5 frames=16 exec_start_idx=0
MV_INFER cond=normal split=test task=ButtonUnmask ep=11 ep_seq=3 infer_seq=8 t=112 es=0 k=6 motion_frames=0,16,32,48,64,80 motion_emb_sha=830850dcb833224f motion_pos_sha=9c9d9e6cd7cfd81a motion_mask=111111000000000000000000000000000000000000000000000000000000000000000000000000000000000000000000 mem_order_sha=afd67825f39380f3 motion_cols_sha=5c7781d2e1462709 donor=None cover=exact:0,fallback:0,cycle:0,cross_seg:0 gate=none num_steps=10 act_sha=dd1931be53fab90c infer_ms=69.7
INFO:mme_vla_suite.serving.websocket_policy_server:TIMING infer_ms=69.7
INFO:mme_vla_suite.serving.websocket_policy_server:TIMING add_buffer_ms=1462.9 frames=16 exec_start_idx=0
MV_INFER cond=normal split=test task=ButtonUnmask ep=11 ep_seq=3 infer_seq=9 t=128 es=0 k=7 motion_frames=0,16,32,48,64,80,96 motion_emb_sha=3be8a8816fe81b4e motion_pos_sha=eaa30818e1807d0a motion_mask=111111100000000000000000000000000000000000000000000000000000000000000000000000000000000000000000 mem_order_sha=53c51af96e80b36b motion_cols_sha=37fb24d50661d1a4 donor=None cover=exact:0,fallback:0,cycle:0,cross_seg:0 gate=none num_steps=10 act_sha=7bb5f0158ed08d83 infer_ms=69.6
INFO:mme_vla_suite.serving.websocket_policy_server:TIMING infer_ms=69.6
INFO:mme_vla_suite.serving.websocket_policy_server:TIMING add_buffer_ms=1460.0 frames=16 exec_start_idx=0
MV_INFER cond=normal split=test task=ButtonUnmask ep=11 ep_seq=3 infer_seq=10 t=144 es=0 k=8 motion_frames=0,16,32,48,64,80,96,112 motion_emb_sha=5e51798844744986 motion_pos_sha=19cfd5aa81fbc280 motion_mask=111111110000000000000000000000000000000000000000000000000000000000000000000000000000000000000000 mem_order_sha=8f7b8d26bf2ab128 motion_cols_sha=887c1c00aa54ee17 donor=None cover=exact:0,fallback:0,cycle:0,cross_seg:0 gate=none num_steps=10 act_sha=3315600679ebcf57 infer_ms=69.5
INFO:mme_vla_suite.serving.websocket_policy_server:TIMING infer_ms=69.5
INFO:mme_vla_suite.serving.websocket_policy_server:TIMING add_buffer_ms=1461.8 frames=16 exec_start_idx=0
MV_INFER cond=normal split=test task=ButtonUnmask ep=11 ep_seq=3 infer_seq=11 t=160 es=0 k=9 motion_frames=0,16,32,48,64,80,96,112,128 motion_emb_sha=96332baaaa57966f motion_pos_sha=36755060bcdb5f34 motion_mask=111111111000000000000000000000000000000000000000000000000000000000000000000000000000000000000000 mem_order_sha=b08d4d55ab2fad2d motion_cols_sha=104972a6841c0e38 donor=None cover=exact:0,fallback:0,cycle:0,cross_seg:0 gate=none num_steps=10 act_sha=f6f89cc1eacdcb0f infer_ms=69.5
INFO:mme_vla_suite.serving.websocket_policy_server:TIMING infer_ms=69.5
INFO:mme_vla_suite.serving.websocket_policy_server:TIMING add_buffer_ms=1460.3 frames=16 exec_start_idx=0
MV_INFER cond=normal split=test task=ButtonUnmask ep=11 ep_seq=3 infer_seq=12 t=176 es=0 k=10 motion_frames=0,16,32,48,64,80,96,112,128,144 motion_emb_sha=1399072670f36060 motion_pos_sha=386aa1c736701f60 motion_mask=111111111100000000000000000000000000000000000000000000000000000000000000000000000000000000000000 mem_order_sha=4ddf162636dd4c53 motion_cols_sha=fe64c98459b2eb86 donor=None cover=exact:0,fallback:0,cycle:0,cross_seg:0 gate=none num_steps=10 act_sha=7376c8eb266968ff infer_ms=70.0
INFO:mme_vla_suite.serving.websocket_policy_server:TIMING infer_ms=70.0
INFO:mme_vla_suite.serving.websocket_policy_server:TIMING add_buffer_ms=1469.5 frames=16 exec_start_idx=0
MV_INFER cond=normal split=test task=ButtonUnmask ep=11 ep_seq=3 infer_seq=13 t=192 es=0 k=11 motion_frames=0,16,32,48,64,80,96,112,128,144,160 motion_emb_sha=87627f5980b1a2e3 motion_pos_sha=097ffa0dc4e98049 motion_mask=111111111110000000000000000000000000000000000000000000000000000000000000000000000000000000000000 mem_order_sha=2fdbc05fbe4c5192 motion_cols_sha=ca0a097bc6347240 donor=None cover=exact:0,fallback:0,cycle:0,cross_seg:0 gate=none num_steps=10 act_sha=c6a01405e682603e infer_ms=69.7
INFO:mme_vla_suite.serving.websocket_policy_server:TIMING infer_ms=69.7
INFO:mme_vla_suite.serving.websocket_policy_server:TIMING add_buffer_ms=1462.4 frames=16 exec_start_idx=0
MV_INFER cond=normal split=test task=ButtonUnmask ep=11 ep_seq=3 infer_seq=14 t=208 es=0 k=12 motion_frames=0,16,32,48,64,80,96,112,128,144,160,176 motion_emb_sha=17b4555bf71c07cd motion_pos_sha=faf6de0b8c07a1d5 motion_mask=111111111111000000000000000000000000000000000000000000000000000000000000000000000000000000000000 mem_order_sha=e609c91b740de309 motion_cols_sha=08c16a7fb49e3eae donor=None cover=exact:0,fallback:0,cycle:0,cross_seg:0 gate=none num_steps=10 act_sha=2d4b26cd42564db9 infer_ms=69.5
INFO:mme_vla_suite.serving.websocket_policy_server:TIMING infer_ms=69.5
INFO:mme_vla_suite.serving.websocket_policy_server:TIMING add_buffer_ms=1460.2 frames=16 exec_start_idx=0
MV_INFER cond=normal split=test task=ButtonUnmask ep=11 ep_seq=3 infer_seq=15 t=224 es=0 k=13 motion_frames=0,16,32,48,64,80,96,112,128,144,160,176,192 motion_emb_sha=19006ff0263069bd motion_pos_sha=cf92c2382e433b7f motion_mask=111111111111100000000000000000000000000000000000000000000000000000000000000000000000000000000000 mem_order_sha=e29d70b97917b96b motion_cols_sha=b802255c0a86c139 donor=None cover=exact:0,fallback:0,cycle:0,cross_seg:0 gate=none num_steps=10 act_sha=19ed1ebeede2173c infer_ms=69.5
INFO:mme_vla_suite.serving.websocket_policy_server:TIMING infer_ms=69.5
INFO:mme_vla_suite.serving.websocket_policy_server:TIMING add_buffer_ms=1459.6 frames=16 exec_start_idx=0
MV_INFER cond=normal split=test task=ButtonUnmask ep=11 ep_seq=3 infer_seq=16 t=240 es=0 k=14 motion_frames=0,16,32,48,64,80,96,112,128,144,160,176,192,208 motion_emb_sha=9178c57404f03c37 motion_pos_sha=d4be4f2b999b323a motion_mask=111111111111110000000000000000000000000000000000000000000000000000000000000000000000000000000000 mem_order_sha=a06ee3a41d7c396e motion_cols_sha=0f0b4abb0ce08604 donor=None cover=exact:0,fallback:0,cycle:0,cross_seg:0 gate=none num_steps=10 act_sha=0a1600413a330adb infer_ms=70.2
INFO:mme_vla_suite.serving.websocket_policy_server:TIMING infer_ms=70.2
INFO:mme_vla_suite.serving.websocket_policy_server:TIMING add_buffer_ms=1466.5 frames=16 exec_start_idx=0
MV_INFER cond=normal split=test task=ButtonUnmask ep=11 ep_seq=3 infer_seq=17 t=256 es=0 k=15 motion_frames=0,16,32,48,64,80,96,112,128,144,160,176,192,208,224 motion_emb_sha=78cd9f3164f01c11 motion_pos_sha=41ec3ade545a49c9 motion_mask=111111111111111000000000000000000000000000000000000000000000000000000000000000000000000000000000 mem_order_sha=d2c65ae0ef95982c motion_cols_sha=b6defef0c13ecc23 donor=None cover=exact:0,fallback:0,cycle:0,cross_seg:0 gate=none num_steps=10 act_sha=d94e335541e132ed infer_ms=70.0
INFO:mme_vla_suite.serving.websocket_policy_server:TIMING infer_ms=70.0
INFO:mme_vla_suite.serving.websocket_policy_server:TIMING add_buffer_ms=1464.5 frames=16 exec_start_idx=0
MV_INFER cond=normal split=test task=ButtonUnmask ep=11 ep_seq=3 infer_seq=18 t=272 es=0 k=16 motion_frames=0,16,32,48,64,80,96,112,128,144,160,176,192,208,224,240 motion_emb_sha=d4ec7be9af7c26f2 motion_pos_sha=3e49496373152e70 motion_mask=111111111111111100000000000000000000000000000000000000000000000000000000000000000000000000000000 mem_order_sha=3896c62684021e06 motion_cols_sha=61fa1ff66e32da0b donor=None cover=exact:0,fallback:0,cycle:0,cross_seg:0 gate=none num_steps=10 act_sha=a3fce0c681cc7206 infer_ms=69.6
INFO:mme_vla_suite.serving.websocket_policy_server:TIMING infer_ms=69.6
INFO:mme_vla_suite.serving.websocket_policy_server:TIMING add_buffer_ms=1458.7 frames=16 exec_start_idx=0
MV_INFER cond=normal split=test task=ButtonUnmask ep=11 ep_seq=3 infer_seq=19 t=288 es=0 k=17 motion_frames=0,16,32,48,64,80,96,112,128,144,160,176,192,208,224,240,256 motion_emb_sha=705c6e2404855cf9 motion_pos_sha=630eed5d2ad0fee5 motion_mask=111111111111111110000000000000000000000000000000000000000000000000000000000000000000000000000000 mem_order_sha=3fa901451944a6ae motion_cols_sha=11afac2e3a295654 donor=None cover=exact:0,fallback:0,cycle:0,cross_seg:0 gate=none num_steps=10 act_sha=07b7667235242e49 infer_ms=69.5
INFO:mme_vla_suite.serving.websocket_policy_server:TIMING infer_ms=69.5
INFO:mme_vla_suite.serving.websocket_policy_server:TIMING add_buffer_ms=1460.5 frames=16 exec_start_idx=0
MV_INFER cond=normal split=test task=ButtonUnmask ep=11 ep_seq=3 infer_seq=20 t=304 es=0 k=18 motion_frames=0,16,32,48,64,80,96,112,128,144,160,176,192,208,224,240,256,272 motion_emb_sha=d20e8569dfffc7a3 motion_pos_sha=7508bb7966bd8997 motion_mask=111111111111111111000000000000000000000000000000000000000000000000000000000000000000000000000000 mem_order_sha=7ec3836c904d86da motion_cols_sha=00e37dc990bcf6a9 donor=None cover=exact:0,fallback:0,cycle:0,cross_seg:0 gate=none num_steps=10 act_sha=f927d48f3f27a6f5 infer_ms=69.4
INFO:mme_vla_suite.serving.websocket_policy_server:TIMING infer_ms=69.4
INFO:mme_vla_suite.serving.websocket_policy_server:TIMING add_buffer_ms=1465.5 frames=16 exec_start_idx=0
MV_INFER cond=normal split=test task=ButtonUnmask ep=11 ep_seq=3 infer_seq=21 t=320 es=0 k=19 motion_frames=0,16,32,48,64,80,96,112,128,144,160,176,192,208,224,240,256,272,288 motion_emb_sha=cf7ce3fd87c50366 motion_pos_sha=27604282300f89dd motion_mask=111111111111111111100000000000000000000000000000000000000000000000000000000000000000000000000000 mem_order_sha=1bcee858ac8581ba motion_cols_sha=848fded77b707435 donor=None cover=exact:0,fallback:0,cycle:0,cross_seg:0 gate=none num_steps=10 act_sha=a848844035c4dfa4 infer_ms=69.9
INFO:mme_vla_suite.serving.websocket_policy_server:TIMING infer_ms=69.9
INFO:mme_vla_suite.serving.websocket_policy_server:TIMING add_buffer_ms=1460.2 frames=16 exec_start_idx=0
MV_INFER cond=normal split=test task=ButtonUnmask ep=11 ep_seq=3 infer_seq=22 t=336 es=0 k=20 motion_frames=0,16,32,48,64,80,96,112,128,144,160,176,192,208,224,240,256,272,288,304 motion_emb_sha=23c896f1bbdc3c89 motion_pos_sha=82d754eb6c9c7d28 motion_mask=111111111111111111110000000000000000000000000000000000000000000000000000000000000000000000000000 mem_order_sha=8e4f7352af852292 motion_cols_sha=0957e9030d15feb5 donor=None cover=exact:0,fallback:0,cycle:0,cross_seg:0 gate=none num_steps=10 act_sha=1c5b6469522a47cc infer_ms=69.5
INFO:mme_vla_suite.serving.websocket_policy_server:TIMING infer_ms=69.5
INFO:mme_vla_suite.serving.websocket_policy_server:TIMING add_buffer_ms=1459.9 frames=16 exec_start_idx=0
MV_INFER cond=normal split=test task=ButtonUnmask ep=11 ep_seq=3 infer_seq=23 t=352 es=0 k=21 motion_frames=0,16,32,48,64,80,96,112,128,144,160,176,192,208,224,240,256,272,288,304,320 motion_emb_sha=c2a24908676eb8e8 motion_pos_sha=b2ded91f4b1e3497 motion_mask=111111111111111111111000000000000000000000000000000000000000000000000000000000000000000000000000 mem_order_sha=e911ccd99a0e7698 motion_cols_sha=9639f994ec80e283 donor=None cover=exact:0,fallback:0,cycle:0,cross_seg:0 gate=none num_steps=10 act_sha=9c3b21a6be04365d infer_ms=69.5
INFO:mme_vla_suite.serving.websocket_policy_server:TIMING infer_ms=69.5
INFO:mme_vla_suite.serving.websocket_policy_server:TIMING add_buffer_ms=1461.4 frames=16 exec_start_idx=0
MV_INFER cond=normal split=test task=ButtonUnmask ep=11 ep_seq=3 infer_seq=24 t=368 es=0 k=22 motion_frames=0,16,32,48,64,80,96,112,128,144,160,176,192,208,224,240,256,272,288,304,320,336 motion_emb_sha=749f1040fde0ddee motion_pos_sha=02b5313d34dbb54d motion_mask=111111111111111111111100000000000000000000000000000000000000000000000000000000000000000000000000 mem_order_sha=a5e37ce80bde382c motion_cols_sha=4c78bbca76234a73 donor=None cover=exact:0,fallback:0,cycle:0,cross_seg:0 gate=none num_steps=10 act_sha=1cec2047ce9bf129 infer_ms=69.7
INFO:mme_vla_suite.serving.websocket_policy_server:TIMING infer_ms=69.7
INFO:mme_vla_suite.serving.websocket_policy_server:TIMING add_buffer_ms=1458.4 frames=16 exec_start_idx=0
MV_INFER cond=normal split=test task=ButtonUnmask ep=11 ep_seq=3 infer_seq=25 t=384 es=0 k=23 motion_frames=0,16,32,48,64,80,96,112,128,144,160,176,192,208,224,240,256,272,288,304,320,336,352 motion_emb_sha=3f6a01ab481ffad9 motion_pos_sha=394430f2fe2a111f motion_mask=111111111111111111111110000000000000000000000000000000000000000000000000000000000000000000000000 mem_order_sha=ef888998c2ee9177 motion_cols_sha=d31a91eabb80a17e donor=None cover=exact:0,fallback:0,cycle:0,cross_seg:0 gate=none num_steps=10 act_sha=62168337100cd624 infer_ms=69.7
INFO:mme_vla_suite.serving.websocket_policy_server:TIMING infer_ms=69.7
INFO:mme_vla_suite.serving.websocket_policy_server:TIMING add_buffer_ms=1466.0 frames=16 exec_start_idx=0
MV_INFER cond=normal split=test task=ButtonUnmask ep=11 ep_seq=3 infer_seq=26 t=400 es=0 k=24 motion_frames=0,16,32,48,64,80,96,112,128,144,160,176,192,208,224,240,256,272,288,304,320,336,352,368 motion_emb_sha=c01189c3ed6e60a8 motion_pos_sha=5af02f3dfcb16729 motion_mask=111111111111111111111111000000000000000000000000000000000000000000000000000000000000000000000000 mem_order_sha=a4b34693220533ac motion_cols_sha=470d57efa976fc1f donor=None cover=exact:0,fallback:0,cycle:0,cross_seg:0 gate=none num_steps=10 act_sha=f200b10f63e7097b infer_ms=69.9
INFO:mme_vla_suite.serving.websocket_policy_server:TIMING infer_ms=69.9
INFO:mme_vla_suite.serving.websocket_policy_server:TIMING add_buffer_ms=1458.2 frames=16 exec_start_idx=0
MV_INFER cond=normal split=test task=ButtonUnmask ep=11 ep_seq=3 infer_seq=27 t=416 es=0 k=25 motion_frames=0,16,32,48,64,80,96,112,128,144,160,176,192,208,224,240,256,272,288,304,320,336,352,368,384 motion_emb_sha=4e7ff881fdb1a313 motion_pos_sha=6687fe3ef7ab6c31 motion_mask=111111111111111111111111100000000000000000000000000000000000000000000000000000000000000000000000 mem_order_sha=2e8f0f44cf91994f motion_cols_sha=25511e64898b44f0 donor=None cover=exact:0,fallback:0,cycle:0,cross_seg:0 gate=none num_steps=10 act_sha=5e8fa33d34822758 infer_ms=70.0
INFO:mme_vla_suite.serving.websocket_policy_server:TIMING infer_ms=70.0
INFO:mme_vla_suite.serving.websocket_policy_server:TIMING add_buffer_ms=1459.7 frames=16 exec_start_idx=0
MV_INFER cond=normal split=test task=ButtonUnmask ep=11 ep_seq=3 infer_seq=28 t=432 es=0 k=26 motion_frames=0,16,32,48,64,80,96,112,128,144,160,176,192,208,224,240,256,272,288,304,320,336,352,368,384,400 motion_emb_sha=67e030a1077cdf2e motion_pos_sha=628a1d586ea0ead0 motion_mask=111111111111111111111111110000000000000000000000000000000000000000000000000000000000000000000000 mem_order_sha=7f421c86fa09d6ff motion_cols_sha=2fc323dd0f89e21e donor=None cover=exact:0,fallback:0,cycle:0,cross_seg:0 gate=none num_steps=10 act_sha=07eb9eaee622ce87 infer_ms=69.6
INFO:mme_vla_suite.serving.websocket_policy_server:TIMING infer_ms=69.6
INFO:mme_vla_suite.serving.websocket_policy_server:TIMING add_buffer_ms=1461.3 frames=16 exec_start_idx=0
MV_INFER cond=normal split=test task=ButtonUnmask ep=11 ep_seq=3 infer_seq=29 t=448 es=0 k=27 motion_frames=0,16,32,48,64,80,96,112,128,144,160,176,192,208,224,240,256,272,288,304,320,336,352,368,384,400,416 motion_emb_sha=85b96f2f29f8400e motion_pos_sha=374d18e42d46d506 motion_mask=111111111111111111111111111000000000000000000000000000000000000000000000000000000000000000000000 mem_order_sha=a9601380358f26a3 motion_cols_sha=a013e7a2c5f47434 donor=None cover=exact:0,fallback:0,cycle:0,cross_seg:0 gate=none num_steps=10 act_sha=997ab1ba0315b156 infer_ms=69.8
INFO:mme_vla_suite.serving.websocket_policy_server:TIMING infer_ms=69.8
INFO:mme_vla_suite.serving.websocket_policy_server:TIMING add_buffer_ms=1467.5 frames=16 exec_start_idx=0
MV_INFER cond=normal split=test task=ButtonUnmask ep=11 ep_seq=3 infer_seq=30 t=464 es=0 k=28 motion_frames=0,16,32,48,64,80,96,112,128,144,160,176,192,208,224,240,256,272,288,304,320,336,352,368,384,400,416,432 motion_emb_sha=40fa1a06313222b0 motion_pos_sha=c6f42c99e8bb04fc motion_mask=111111111111111111111111111100000000000000000000000000000000000000000000000000000000000000000000 mem_order_sha=597e8d7ec05b4d7c motion_cols_sha=454ac679a2eee33a donor=None cover=exact:0,fallback:0,cycle:0,cross_seg:0 gate=none num_steps=10 act_sha=651c898afbf257cc infer_ms=69.5
INFO:mme_vla_suite.serving.websocket_policy_server:TIMING infer_ms=69.5
INFO:mme_vla_suite.serving.websocket_policy_server:TIMING add_buffer_ms=1462.6 frames=16 exec_start_idx=0
MV_INFER cond=normal split=test task=ButtonUnmask ep=11 ep_seq=3 infer_seq=31 t=480 es=0 k=29 motion_frames=0,16,32,48,64,80,96,112,128,144,160,176,192,208,224,240,256,272,288,304,320,336,352,368,384,400,416,432,448 motion_emb_sha=c47db54ad3c715f1 motion_pos_sha=5bec62c7b2782ab5 motion_mask=111111111111111111111111111110000000000000000000000000000000000000000000000000000000000000000000 mem_order_sha=969b025395b2669f motion_cols_sha=fa13d9c231b687f7 donor=None cover=exact:0,fallback:0,cycle:0,cross_seg:0 gate=none num_steps=10 act_sha=2836253f0acd5594 infer_ms=69.6
INFO:mme_vla_suite.serving.websocket_policy_server:TIMING infer_ms=69.6
INFO:mme_vla_suite.serving.websocket_policy_server:TIMING add_buffer_ms=1460.8 frames=16 exec_start_idx=0
MV_INFER cond=normal split=test task=ButtonUnmask ep=11 ep_seq=3 infer_seq=32 t=496 es=0 k=30 motion_frames=0,16,32,48,64,80,96,112,128,144,160,176,192,208,224,240,256,272,288,304,320,336,352,368,384,400,416,432,448,464 motion_emb_sha=ddcd70b52eb42ed1 motion_pos_sha=77bb4a49f5f204a6 motion_mask=111111111111111111111111111111000000000000000000000000000000000000000000000000000000000000000000 mem_order_sha=8b9c911903d52ada motion_cols_sha=cf531ae59de60a74 donor=None cover=exact:0,fallback:0,cycle:0,cross_seg:0 gate=none num_steps=10 act_sha=a57b3e058d4e7089 infer_ms=69.6
INFO:mme_vla_suite.serving.websocket_policy_server:TIMING infer_ms=69.6
INFO:mme_vla_suite.serving.websocket_policy_server:TIMING add_buffer_ms=1460.5 frames=16 exec_start_idx=0
MV_INFER cond=normal split=test task=ButtonUnmask ep=11 ep_seq=3 infer_seq=33 t=512 es=0 k=31 motion_frames=0,16,32,48,64,80,96,112,128,144,160,176,192,208,224,240,256,272,288,304,320,336,352,368,384,400,416,432,448,464,480 motion_emb_sha=a534378fcc5d2c69 motion_pos_sha=b5a830a451ce756a motion_mask=111111111111111111111111111111100000000000000000000000000000000000000000000000000000000000000000 mem_order_sha=3b34058d7f65364b motion_cols_sha=b3a6df354ab4d8c7 donor=None cover=exact:0,fallback:0,cycle:0,cross_seg:0 gate=none num_steps=10 act_sha=fa7e5c0cef47022e infer_ms=69.6
INFO:mme_vla_suite.serving.websocket_policy_server:TIMING infer_ms=69.6
INFO:mme_vla_suite.serving.websocket_policy_server:TIMING add_buffer_ms=1458.6 frames=16 exec_start_idx=0
MV_INFER cond=normal split=test task=ButtonUnmask ep=11 ep_seq=3 infer_seq=34 t=528 es=0 k=32 motion_frames=0,16,32,48,64,80,96,112,128,144,160,176,192,208,224,240,256,272,288,304,320,336,352,368,384,400,416,432,448,464,480,496 motion_emb_sha=d3ce326b24e21c48 motion_pos_sha=a31e40266e8ce975 motion_mask=111111111111111111111111111111110000000000000000000000000000000000000000000000000000000000000000 mem_order_sha=8810917fd8440e8c motion_cols_sha=1c1e3532088a7dfd donor=None cover=exact:0,fallback:0,cycle:0,cross_seg:0 gate=none num_steps=10 act_sha=6aacfec7371ad4b5 infer_ms=69.5
INFO:mme_vla_suite.serving.websocket_policy_server:TIMING infer_ms=69.5
INFO:mme_vla_suite.serving.websocket_policy_server:TIMING add_buffer_ms=1470.5 frames=16 exec_start_idx=0
MV_INFER cond=normal split=test task=ButtonUnmask ep=11 ep_seq=3 infer_seq=35 t=544 es=0 k=33 motion_frames=0,16,32,48,64,80,96,112,128,144,160,176,192,208,224,240,256,272,288,304,320,336,352,368,384,400,416,432,448,464,480,496,512 motion_emb_sha=a07ae7e298a7cd48 motion_pos_sha=eab0166000e0ada9 motion_mask=111111111111111111111111111111111000000000000000000000000000000000000000000000000000000000000000 mem_order_sha=84d9776f0a6388a9 motion_cols_sha=8e3bc15ec06039d9 donor=None cover=exact:0,fallback:0,cycle:0,cross_seg:0 gate=none num_steps=10 act_sha=34101061d34d2d78 infer_ms=69.8
INFO:mme_vla_suite.serving.websocket_policy_server:TIMING infer_ms=69.8
INFO:mme_vla_suite.serving.websocket_policy_server:TIMING add_buffer_ms=1462.0 frames=16 exec_start_idx=0
MV_INFER cond=normal split=test task=ButtonUnmask ep=11 ep_seq=3 infer_seq=36 t=560 es=0 k=34 motion_frames=0,16,32,48,64,80,96,112,128,144,160,176,192,208,224,240,256,272,288,304,320,336,352,368,384,400,416,432,448,464,480,496,512,528 motion_emb_sha=59eb67c818233a61 motion_pos_sha=d43d8a704008daf6 motion_mask=111111111111111111111111111111111100000000000000000000000000000000000000000000000000000000000000 mem_order_sha=6eb9b3f8edf499e7 motion_cols_sha=ad5d71aad766a582 donor=None cover=exact:0,fallback:0,cycle:0,cross_seg:0 gate=none num_steps=10 act_sha=bf82151ff1282f01 infer_ms=69.9
INFO:mme_vla_suite.serving.websocket_policy_server:TIMING infer_ms=69.9
INFO:mme_vla_suite.serving.websocket_policy_server:TIMING add_buffer_ms=1461.4 frames=16 exec_start_idx=0
MV_INFER cond=normal split=test task=ButtonUnmask ep=11 ep_seq=3 infer_seq=37 t=576 es=0 k=35 motion_frames=0,16,32,48,64,80,96,112,128,144,160,176,192,208,224,240,256,272,288,304,320,336,352,368,384,400,416,432,448,464,480,496,512,528,544 motion_emb_sha=6b95bfff45dfae3d motion_pos_sha=de94b3ba18baa253 motion_mask=111111111111111111111111111111111110000000000000000000000000000000000000000000000000000000000000 mem_order_sha=c7e0193d5f8c94eb motion_cols_sha=3b7f200dcc4a154e donor=None cover=exact:0,fallback:0,cycle:0,cross_seg:0 gate=none num_steps=10 act_sha=1d94e789f920336d infer_ms=69.6
INFO:mme_vla_suite.serving.websocket_policy_server:TIMING infer_ms=69.6
INFO:mme_vla_suite.serving.websocket_policy_server:TIMING add_buffer_ms=1471.1 frames=16 exec_start_idx=0
MV_INFER cond=normal split=test task=ButtonUnmask ep=11 ep_seq=3 infer_seq=38 t=592 es=0 k=36 motion_frames=0,16,32,48,64,80,96,112,128,144,160,176,192,208,224,240,256,272,288,304,320,336,352,368,384,400,416,432,448,464,480,496,512,528,544,560 motion_emb_sha=1f2409cc95a6463b motion_pos_sha=79d7ee4d77e92fb5 motion_mask=111111111111111111111111111111111111000000000000000000000000000000000000000000000000000000000000 mem_order_sha=d14c08e62b4e5277 motion_cols_sha=93f686b824d1c37a donor=None cover=exact:0,fallback:0,cycle:0,cross_seg:0 gate=none num_steps=10 act_sha=26de5d55b0679876 infer_ms=69.4
INFO:mme_vla_suite.serving.websocket_policy_server:TIMING infer_ms=69.4
INFO:mme_vla_suite.serving.websocket_policy_server:TIMING add_buffer_ms=1470.2 frames=16 exec_start_idx=0
MV_INFER cond=normal split=test task=ButtonUnmask ep=11 ep_seq=3 infer_seq=39 t=608 es=0 k=37 motion_frames=0,16,32,48,64,80,96,112,128,144,160,176,192,208,224,240,256,272,288,304,320,336,352,368,384,400,416,432,448,464,480,496,512,528,544,560,576 motion_emb_sha=e0f41e505ab63a36 motion_pos_sha=ed409a2810446f17 motion_mask=111111111111111111111111111111111111100000000000000000000000000000000000000000000000000000000000 mem_order_sha=90d4662a192ae249 motion_cols_sha=3eadc43c4d943830 donor=None cover=exact:0,fallback:0,cycle:0,cross_seg:0 gate=none num_steps=10 act_sha=2ff556c98f0744d8 infer_ms=70.0
INFO:mme_vla_suite.serving.websocket_policy_server:TIMING infer_ms=70.0
INFO:mme_vla_suite.serving.websocket_policy_server:TIMING add_buffer_ms=1459.4 frames=16 exec_start_idx=0
MV_INFER cond=normal split=test task=ButtonUnmask ep=11 ep_seq=3 infer_seq=40 t=624 es=0 k=38 motion_frames=0,16,32,48,64,80,96,112,128,144,160,176,192,208,224,240,256,272,288,304,320,336,352,368,384,400,416,432,448,464,480,496,512,528,544,560,576,592 motion_emb_sha=92fbd4fab5e61e19 motion_pos_sha=f11838ac6f537185 motion_mask=111111111111111111111111111111111111110000000000000000000000000000000000000000000000000000000000 mem_order_sha=0161c9793244f505 motion_cols_sha=6171a29cf75a582d donor=None cover=exact:0,fallback:0,cycle:0,cross_seg:0 gate=none num_steps=10 act_sha=0209b6f1f9680bed infer_ms=69.5
INFO:mme_vla_suite.serving.websocket_policy_server:TIMING infer_ms=69.5
INFO:mme_vla_suite.serving.websocket_policy_server:TIMING add_buffer_ms=1465.9 frames=16 exec_start_idx=0
MV_INFER cond=normal split=test task=ButtonUnmask ep=11 ep_seq=3 infer_seq=41 t=640 es=0 k=39 motion_frames=0,16,32,48,64,80,96,112,128,144,160,176,192,208,224,240,256,272,288,304,320,336,352,368,384,400,416,432,448,464,480,496,512,528,544,560,576,592,608 motion_emb_sha=9c3b5b6e1102ab35 motion_pos_sha=bbe054d478576248 motion_mask=111111111111111111111111111111111111111000000000000000000000000000000000000000000000000000000000 mem_order_sha=3e28a574a561f529 motion_cols_sha=75706cddfb5a49b1 donor=None cover=exact:0,fallback:0,cycle:0,cross_seg:0 gate=none num_steps=10 act_sha=631e646ad4581de0 infer_ms=69.6
INFO:mme_vla_suite.serving.websocket_policy_server:TIMING infer_ms=69.6
INFO:mme_vla_suite.serving.websocket_policy_server:TIMING add_buffer_ms=1459.6 frames=16 exec_start_idx=0
MV_INFER cond=normal split=test task=ButtonUnmask ep=11 ep_seq=3 infer_seq=42 t=656 es=0 k=40 motion_frames=0,16,32,48,64,80,96,112,128,144,160,176,192,208,224,240,256,272,288,304,320,336,352,368,384,400,416,432,448,464,480,496,512,528,544,560,576,592,608,624 motion_emb_sha=f0fc0a4588b1032f motion_pos_sha=d87c3d15d15b51b8 motion_mask=111111111111111111111111111111111111111100000000000000000000000000000000000000000000000000000000 mem_order_sha=9a1d09ac748abb28 motion_cols_sha=fc48261a83a83b97 donor=None cover=exact:0,fallback:0,cycle:0,cross_seg:0 gate=none num_steps=10 act_sha=fd955218974d76d6 infer_ms=69.8
INFO:mme_vla_suite.serving.websocket_policy_server:TIMING infer_ms=69.8
[sidecar pid=833148] 窗 #201 起点 640 耗时 1421 ms（累计 390s）
INFO:mme_vla_suite.serving.websocket_policy_server:TIMING add_buffer_ms=1462.9 frames=16 exec_start_idx=0
MV_INFER cond=normal split=test task=ButtonUnmask ep=11 ep_seq=3 infer_seq=43 t=672 es=0 k=41 motion_frames=0,16,32,48,64,80,96,112,128,144,160,176,192,208,224,240,256,272,288,304,320,336,352,368,384,400,416,432,448,464,480,496,512,528,544,560,576,592,608,624,640 motion_emb_sha=3e68b9926c9de873 motion_pos_sha=305e09917e6fd5ac motion_mask=111111111111111111111111111111111111111110000000000000000000000000000000000000000000000000000000 mem_order_sha=1f18d2a138bd0bf9 motion_cols_sha=b7950317891542b4 donor=None cover=exact:0,fallback:0,cycle:0,cross_seg:0 gate=none num_steps=10 act_sha=5002f04e93e7fd51 infer_ms=69.5
INFO:mme_vla_suite.serving.websocket_policy_server:TIMING infer_ms=69.5
INFO:mme_vla_suite.serving.websocket_policy_server:TIMING add_buffer_ms=1461.0 frames=16 exec_start_idx=0
MV_INFER cond=normal split=test task=ButtonUnmask ep=11 ep_seq=3 infer_seq=44 t=688 es=0 k=42 motion_frames=0,16,32,48,64,80,96,112,128,144,160,176,192,208,224,240,256,272,288,304,320,336,352,368,384,400,416,432,448,464,480,496,512,528,544,560,576,592,608,624,640,656 motion_emb_sha=9b985a682264f4ae motion_pos_sha=d928bf4021ac4a4b motion_mask=111111111111111111111111111111111111111111000000000000000000000000000000000000000000000000000000 mem_order_sha=0e966687b726d076 motion_cols_sha=2ed9f2bde5da4470 donor=None cover=exact:0,fallback:0,cycle:0,cross_seg:0 gate=none num_steps=10 act_sha=7d5c0893157090ec infer_ms=69.9
INFO:mme_vla_suite.serving.websocket_policy_server:TIMING infer_ms=69.9
INFO:mme_vla_suite.serving.websocket_policy_server:TIMING add_buffer_ms=1459.1 frames=16 exec_start_idx=0
MV_INFER cond=normal split=test task=ButtonUnmask ep=11 ep_seq=3 infer_seq=45 t=704 es=0 k=43 motion_frames=0,16,32,48,64,80,96,112,128,144,160,176,192,208,224,240,256,272,288,304,320,336,352,368,384,400,416,432,448,464,480,496,512,528,544,560,576,592,608,624,640,656,672 motion_emb_sha=6f9b0a419373ce76 motion_pos_sha=df28f649d327f743 motion_mask=111111111111111111111111111111111111111111100000000000000000000000000000000000000000000000000000 mem_order_sha=64f5fc8956546c66 motion_cols_sha=9ac0355ab034292e donor=None cover=exact:0,fallback:0,cycle:0,cross_seg:0 gate=none num_steps=10 act_sha=36a60916e5b1d3c2 infer_ms=69.7
INFO:mme_vla_suite.serving.websocket_policy_server:TIMING infer_ms=69.7
INFO:mme_vla_suite.serving.websocket_policy_server:TIMING add_buffer_ms=1461.2 frames=16 exec_start_idx=0
MV_INFER cond=normal split=test task=ButtonUnmask ep=11 ep_seq=3 infer_seq=46 t=720 es=0 k=44 motion_frames=0,16,32,48,64,80,96,112,128,144,160,176,192,208,224,240,256,272,288,304,320,336,352,368,384,400,416,432,448,464,480,496,512,528,544,560,576,592,608,624,640,656,672,688 motion_emb_sha=fa3cb3c7ba83efee motion_pos_sha=16c7916c2054109b motion_mask=111111111111111111111111111111111111111111110000000000000000000000000000000000000000000000000000 mem_order_sha=108683ecd06aac22 motion_cols_sha=5d9657c560621273 donor=None cover=exact:0,fallback:0,cycle:0,cross_seg:0 gate=none num_steps=10 act_sha=193089e7574b5deb infer_ms=69.6
INFO:mme_vla_suite.serving.websocket_policy_server:TIMING infer_ms=69.6
INFO:mme_vla_suite.serving.websocket_policy_server:TIMING add_buffer_ms=1462.1 frames=16 exec_start_idx=0
MV_INFER cond=normal split=test task=ButtonUnmask ep=11 ep_seq=3 infer_seq=47 t=736 es=0 k=45 motion_frames=0,16,32,48,64,80,96,112,128,144,160,176,192,208,224,240,256,272,288,304,320,336,352,368,384,400,416,432,448,464,480,496,512,528,544,560,576,592,608,624,640,656,672,688,704 motion_emb_sha=dd8c420cc9e5c3b2 motion_pos_sha=1a7312af6542d8c4 motion_mask=111111111111111111111111111111111111111111111000000000000000000000000000000000000000000000000000 mem_order_sha=334900ce00d4edee motion_cols_sha=6aa877e8836977cf donor=None cover=exact:0,fallback:0,cycle:0,cross_seg:0 gate=none num_steps=10 act_sha=107ebddba3786a03 infer_ms=69.6
INFO:mme_vla_suite.serving.websocket_policy_server:TIMING infer_ms=69.6
INFO:mme_vla_suite.serving.websocket_policy_server:TIMING add_buffer_ms=1459.8 frames=16 exec_start_idx=0
MV_INFER cond=normal split=test task=ButtonUnmask ep=11 ep_seq=3 infer_seq=48 t=752 es=0 k=46 motion_frames=0,16,32,48,64,80,96,112,128,144,160,176,192,208,224,240,256,272,288,304,320,336,352,368,384,400,416,432,448,464,480,496,512,528,544,560,576,592,608,624,640,656,672,688,704,720 motion_emb_sha=596763a035f9c536 motion_pos_sha=03f34ee9bd05979f motion_mask=111111111111111111111111111111111111111111111100000000000000000000000000000000000000000000000000 mem_order_sha=eb2eb2afcfeb1ad9 motion_cols_sha=5e7820a41ef36daa donor=None cover=exact:0,fallback:0,cycle:0,cross_seg:0 gate=none num_steps=10 act_sha=2919d9eb9012464d infer_ms=69.6
INFO:mme_vla_suite.serving.websocket_policy_server:TIMING infer_ms=69.6
INFO:mme_vla_suite.serving.websocket_policy_server:TIMING add_buffer_ms=1460.8 frames=16 exec_start_idx=0
MV_INFER cond=normal split=test task=ButtonUnmask ep=11 ep_seq=3 infer_seq=49 t=768 es=0 k=47 motion_frames=0,16,32,48,64,80,96,112,128,144,160,176,192,208,224,240,256,272,288,304,320,336,352,368,384,400,416,432,448,464,480,496,512,528,544,560,576,592,608,624,640,656,672,688,704,720,736 motion_emb_sha=79f382abd9530602 motion_pos_sha=692cb599ce1428a7 motion_mask=111111111111111111111111111111111111111111111110000000000000000000000000000000000000000000000000 mem_order_sha=6562fcffed534ed6 motion_cols_sha=1759c66f866642dc donor=None cover=exact:0,fallback:0,cycle:0,cross_seg:0 gate=none num_steps=10 act_sha=8206f26770189b05 infer_ms=69.9
INFO:mme_vla_suite.serving.websocket_policy_server:TIMING infer_ms=69.9
INFO:mme_vla_suite.serving.websocket_policy_server:TIMING add_buffer_ms=1462.1 frames=16 exec_start_idx=0
MV_INFER cond=normal split=test task=ButtonUnmask ep=11 ep_seq=3 infer_seq=50 t=784 es=0 k=48 motion_frames=0,16,32,48,64,80,96,112,128,144,160,176,192,208,224,240,256,272,288,304,320,336,352,368,384,400,416,432,448,464,480,496,512,528,544,560,576,592,608,624,640,656,672,688,704,720,736,752 motion_emb_sha=3d42e6f8f3361326 motion_pos_sha=c3fe5e84b569016a motion_mask=111111111111111111111111111111111111111111111111000000000000000000000000000000000000000000000000 mem_order_sha=f1a8700e58c41cae motion_cols_sha=99e1f6e9f6bb9c4d donor=None cover=exact:0,fallback:0,cycle:0,cross_seg:0 gate=none num_steps=10 act_sha=89e0bdbe5cb8d3e0 infer_ms=69.7
INFO:mme_vla_suite.serving.websocket_policy_server:TIMING infer_ms=69.7
INFO:mme_vla_suite.serving.websocket_policy_server:TIMING add_buffer_ms=1460.3 frames=16 exec_start_idx=0
MV_INFER cond=normal split=test task=ButtonUnmask ep=11 ep_seq=3 infer_seq=51 t=800 es=0 k=49 motion_frames=0,16,32,48,64,80,96,112,128,144,160,176,192,208,224,240,256,272,288,304,320,336,352,368,384,400,416,432,448,464,480,496,512,528,544,560,576,592,608,624,640,656,672,688,704,720,736,752,768 motion_emb_sha=bcc5282a5c7759ba motion_pos_sha=680f129246f7b6f4 motion_mask=111111111111111111111111111111111111111111111111100000000000000000000000000000000000000000000000 mem_order_sha=2b5cfd5fc3095878 motion_cols_sha=0fbe01f7b49896a1 donor=None cover=exact:0,fallback:0,cycle:0,cross_seg:0 gate=none num_steps=10 act_sha=15798475f4573713 infer_ms=69.9
INFO:mme_vla_suite.serving.websocket_policy_server:TIMING infer_ms=69.9
INFO:mme_vla_suite.serving.websocket_policy_server:TIMING add_buffer_ms=1460.9 frames=16 exec_start_idx=0
MV_INFER cond=normal split=test task=ButtonUnmask ep=11 ep_seq=3 infer_seq=52 t=816 es=0 k=50 motion_frames=0,16,32,48,64,80,96,112,128,144,160,176,192,208,224,240,256,272,288,304,320,336,352,368,384,400,416,432,448,464,480,496,512,528,544,560,576,592,608,624,640,656,672,688,704,720,736,752,768,784 motion_emb_sha=7e0cafb6380ce1c8 motion_pos_sha=2310564d1b9957fd motion_mask=111111111111111111111111111111111111111111111111110000000000000000000000000000000000000000000000 mem_order_sha=0121728e581ca339 motion_cols_sha=3146bf3efe6b3a23 donor=None cover=exact:0,fallback:0,cycle:0,cross_seg:0 gate=none num_steps=10 act_sha=92701f7a88d2f541 infer_ms=69.7
INFO:mme_vla_suite.serving.websocket_policy_server:TIMING infer_ms=69.7
INFO:mme_vla_suite.serving.websocket_policy_server:TIMING add_buffer_ms=1461.0 frames=16 exec_start_idx=0
MV_INFER cond=normal split=test task=ButtonUnmask ep=11 ep_seq=3 infer_seq=53 t=832 es=0 k=51 motion_frames=0,16,32,48,64,80,96,112,128,144,160,176,192,208,224,240,256,272,288,304,320,336,352,368,384,400,416,432,448,464,480,496,512,528,544,560,576,592,608,624,640,656,672,688,704,720,736,752,768,784,800 motion_emb_sha=ac1277476967fcf4 motion_pos_sha=600430e170ebc9a0 motion_mask=111111111111111111111111111111111111111111111111111000000000000000000000000000000000000000000000 mem_order_sha=875f38b8693b6012 motion_cols_sha=d23bb84a612c3654 donor=None cover=exact:0,fallback:0,cycle:0,cross_seg:0 gate=none num_steps=10 act_sha=0b92bb0584126a2b infer_ms=69.8
INFO:mme_vla_suite.serving.websocket_policy_server:TIMING infer_ms=69.8
INFO:mme_vla_suite.serving.websocket_policy_server:TIMING add_buffer_ms=1460.1 frames=16 exec_start_idx=0
MV_INFER cond=normal split=test task=ButtonUnmask ep=11 ep_seq=3 infer_seq=54 t=848 es=0 k=52 motion_frames=0,16,32,48,64,80,96,112,128,144,160,176,192,208,224,240,256,272,288,304,320,336,352,368,384,400,416,432,448,464,480,496,512,528,544,560,576,592,608,624,640,656,672,688,704,720,736,752,768,784,800,816 motion_emb_sha=254135c32452144e motion_pos_sha=2d007f1393a57404 motion_mask=111111111111111111111111111111111111111111111111111100000000000000000000000000000000000000000000 mem_order_sha=8cda0cc9e165fc7b motion_cols_sha=6ea7276cd41fa784 donor=None cover=exact:0,fallback:0,cycle:0,cross_seg:0 gate=none num_steps=10 act_sha=a8522cd67164d7d2 infer_ms=73.1
INFO:mme_vla_suite.serving.websocket_policy_server:TIMING infer_ms=73.1
INFO:mme_vla_suite.serving.websocket_policy_server:TIMING add_buffer_ms=1461.0 frames=16 exec_start_idx=0
MV_INFER cond=normal split=test task=ButtonUnmask ep=11 ep_seq=3 infer_seq=55 t=864 es=0 k=53 motion_frames=0,16,32,48,64,80,96,112,128,144,160,176,192,208,224,240,256,272,288,304,320,336,352,368,384,400,416,432,448,464,480,496,512,528,544,560,576,592,608,624,640,656,672,688,704,720,736,752,768,784,800,816,832 motion_emb_sha=f9d7e3e6530913f2 motion_pos_sha=f42da141b1d4c82c motion_mask=111111111111111111111111111111111111111111111111111110000000000000000000000000000000000000000000 mem_order_sha=0dabd1444bc80074 motion_cols_sha=89f30c99564ea731 donor=None cover=exact:0,fallback:0,cycle:0,cross_seg:0 gate=none num_steps=10 act_sha=a5ddd23e20349b5d infer_ms=69.7
INFO:mme_vla_suite.serving.websocket_policy_server:TIMING infer_ms=69.7
INFO:mme_vla_suite.serving.websocket_policy_server:TIMING add_buffer_ms=1458.8 frames=16 exec_start_idx=0
MV_INFER cond=normal split=test task=ButtonUnmask ep=11 ep_seq=3 infer_seq=56 t=880 es=0 k=54 motion_frames=0,16,32,48,64,80,96,112,128,144,160,176,192,208,224,240,256,272,288,304,320,336,352,368,384,400,416,432,448,464,480,496,512,528,544,560,576,592,608,624,640,656,672,688,704,720,736,752,768,784,800,816,832,848 motion_emb_sha=d3eafd40c6f0408a motion_pos_sha=01060eddb55ef662 motion_mask=111111111111111111111111111111111111111111111111111111000000000000000000000000000000000000000000 mem_order_sha=a4e3eafb5ffafe0b motion_cols_sha=e349514dca693b7f donor=None cover=exact:0,fallback:0,cycle:0,cross_seg:0 gate=none num_steps=10 act_sha=42ec0c796eb48972 infer_ms=69.7
INFO:mme_vla_suite.serving.websocket_policy_server:TIMING infer_ms=69.7
INFO:mme_vla_suite.serving.websocket_policy_server:TIMING add_buffer_ms=1461.8 frames=16 exec_start_idx=0
MV_INFER cond=normal split=test task=ButtonUnmask ep=11 ep_seq=3 infer_seq=57 t=896 es=0 k=55 motion_frames=0,16,32,48,64,80,96,112,128,144,160,176,192,208,224,240,256,272,288,304,320,336,352,368,384,400,416,432,448,464,480,496,512,528,544,560,576,592,608,624,640,656,672,688,704,720,736,752,768,784,800,816,832,848,864 motion_emb_sha=1405358eef3b57a1 motion_pos_sha=73234d7bb22f2334 motion_mask=111111111111111111111111111111111111111111111111111111100000000000000000000000000000000000000000 mem_order_sha=395346a4f540e9de motion_cols_sha=078b54ea6363443a donor=None cover=exact:0,fallback:0,cycle:0,cross_seg:0 gate=none num_steps=10 act_sha=6985659d31c22ed5 infer_ms=69.8
INFO:mme_vla_suite.serving.websocket_policy_server:TIMING infer_ms=69.8
INFO:mme_vla_suite.serving.websocket_policy_server:TIMING add_buffer_ms=1458.6 frames=16 exec_start_idx=0
MV_INFER cond=normal split=test task=ButtonUnmask ep=11 ep_seq=3 infer_seq=58 t=912 es=0 k=56 motion_frames=0,16,32,48,64,80,96,112,128,144,160,176,192,208,224,240,256,272,288,304,320,336,352,368,384,400,416,432,448,464,480,496,512,528,544,560,576,592,608,624,640,656,672,688,704,720,736,752,768,784,800,816,832,848,864,880 motion_emb_sha=5f2d5cb934beacad motion_pos_sha=e1476f70fa43befe motion_mask=111111111111111111111111111111111111111111111111111111110000000000000000000000000000000000000000 mem_order_sha=3476e1e03f0ca6e3 motion_cols_sha=a5aa69c91f1f7b29 donor=None cover=exact:0,fallback:0,cycle:0,cross_seg:0 gate=none num_steps=10 act_sha=64d16329827289ba infer_ms=69.6
INFO:mme_vla_suite.serving.websocket_policy_server:TIMING infer_ms=69.6
INFO:mme_vla_suite.serving.websocket_policy_server:TIMING add_buffer_ms=1458.8 frames=16 exec_start_idx=0
MV_INFER cond=normal split=test task=ButtonUnmask ep=11 ep_seq=3 infer_seq=59 t=928 es=0 k=57 motion_frames=0,16,32,48,64,80,96,112,128,144,160,176,192,208,224,240,256,272,288,304,320,336,352,368,384,400,416,432,448,464,480,496,512,528,544,560,576,592,608,624,640,656,672,688,704,720,736,752,768,784,800,816,832,848,864,880,896 motion_emb_sha=598039cf9fa8829b motion_pos_sha=bca8ade9114e0e68 motion_mask=111111111111111111111111111111111111111111111111111111111000000000000000000000000000000000000000 mem_order_sha=a777cdac8f3e3557 motion_cols_sha=2da46f232ede0f69 donor=None cover=exact:0,fallback:0,cycle:0,cross_seg:0 gate=none num_steps=10 act_sha=95f80618c6f14003 infer_ms=69.5
INFO:mme_vla_suite.serving.websocket_policy_server:TIMING infer_ms=69.5
INFO:mme_vla_suite.serving.websocket_policy_server:TIMING add_buffer_ms=1462.2 frames=16 exec_start_idx=0
MV_INFER cond=normal split=test task=ButtonUnmask ep=11 ep_seq=3 infer_seq=60 t=944 es=0 k=58 motion_frames=0,16,32,48,64,80,96,112,128,144,160,176,192,208,224,240,256,272,288,304,320,336,352,368,384,400,416,432,448,464,480,496,512,528,544,560,576,592,608,624,640,656,672,688,704,720,736,752,768,784,800,816,832,848,864,880,896,912 motion_emb_sha=57d789597e1c01d5 motion_pos_sha=34b7233dd99a2db0 motion_mask=111111111111111111111111111111111111111111111111111111111100000000000000000000000000000000000000 mem_order_sha=6320e4ba2d244586 motion_cols_sha=3b208a16db9ab136 donor=None cover=exact:0,fallback:0,cycle:0,cross_seg:0 gate=none num_steps=10 act_sha=513c68089311c382 infer_ms=69.9
INFO:mme_vla_suite.serving.websocket_policy_server:TIMING infer_ms=69.9
INFO:mme_vla_suite.serving.websocket_policy_server:TIMING add_buffer_ms=1468.8 frames=16 exec_start_idx=0
MV_INFER cond=normal split=test task=ButtonUnmask ep=11 ep_seq=3 infer_seq=61 t=960 es=0 k=59 motion_frames=0,16,32,48,64,80,96,112,128,144,160,176,192,208,224,240,256,272,288,304,320,336,352,368,384,400,416,432,448,464,480,496,512,528,544,560,576,592,608,624,640,656,672,688,704,720,736,752,768,784,800,816,832,848,864,880,896,912,928 motion_emb_sha=c421610e6b203477 motion_pos_sha=cb7f48c244f6b94b motion_mask=111111111111111111111111111111111111111111111111111111111110000000000000000000000000000000000000 mem_order_sha=39c29249fe13bc2b motion_cols_sha=3e0e13de4529aac8 donor=None cover=exact:0,fallback:0,cycle:0,cross_seg:0 gate=none num_steps=10 act_sha=9305d9c57b5a9b1d infer_ms=69.6
INFO:mme_vla_suite.serving.websocket_policy_server:TIMING infer_ms=69.6
INFO:mme_vla_suite.serving.websocket_policy_server:TIMING add_buffer_ms=1463.5 frames=16 exec_start_idx=0
MV_INFER cond=normal split=test task=ButtonUnmask ep=11 ep_seq=3 infer_seq=62 t=976 es=0 k=60 motion_frames=0,16,32,48,64,80,96,112,128,144,160,176,192,208,224,240,256,272,288,304,320,336,352,368,384,400,416,432,448,464,480,496,512,528,544,560,576,592,608,624,640,656,672,688,704,720,736,752,768,784,800,816,832,848,864,880,896,912,928,944 motion_emb_sha=9c8251567f42836e motion_pos_sha=0c8df1a6e41b5e23 motion_mask=111111111111111111111111111111111111111111111111111111111111000000000000000000000000000000000000 mem_order_sha=20d30cf76b3da92d motion_cols_sha=d14deafb868159f6 donor=None cover=exact:0,fallback:0,cycle:0,cross_seg:0 gate=none num_steps=10 act_sha=e91d45effa2df49c infer_ms=69.7
INFO:mme_vla_suite.serving.websocket_policy_server:TIMING infer_ms=69.7
INFO:mme_vla_suite.serving.websocket_policy_server:TIMING add_buffer_ms=1462.0 frames=16 exec_start_idx=0
MV_INFER cond=normal split=test task=ButtonUnmask ep=11 ep_seq=3 infer_seq=63 t=992 es=0 k=61 motion_frames=0,16,32,48,64,80,96,112,128,144,160,176,192,208,224,240,256,272,288,304,320,336,352,368,384,400,416,432,448,464,480,496,512,528,544,560,576,592,608,624,640,656,672,688,704,720,736,752,768,784,800,816,832,848,864,880,896,912,928,944,960 motion_emb_sha=90be9d641a64a05b motion_pos_sha=6969e5ef8a2647ad motion_mask=111111111111111111111111111111111111111111111111111111111111100000000000000000000000000000000000 mem_order_sha=ea99f596f81da8fb motion_cols_sha=e49e1ad67faf939a donor=None cover=exact:0,fallback:0,cycle:0,cross_seg:0 gate=none num_steps=10 act_sha=68f263e9f643e66e infer_ms=69.6
INFO:mme_vla_suite.serving.websocket_policy_server:TIMING infer_ms=69.6
INFO:mme_vla_suite.serving.websocket_policy_server:TIMING add_buffer_ms=1468.1 frames=16 exec_start_idx=0
MV_INFER cond=normal split=test task=ButtonUnmask ep=11 ep_seq=3 infer_seq=64 t=1008 es=0 k=62 motion_frames=0,16,32,48,64,80,96,112,128,144,160,176,192,208,224,240,256,272,288,304,320,336,352,368,384,400,416,432,448,464,480,496,512,528,544,560,576,592,608,624,640,656,672,688,704,720,736,752,768,784,800,816,832,848,864,880,896,912,928,944,960,976 motion_emb_sha=f526f350b45a7df7 motion_pos_sha=68a304bc0f81b2d1 motion_mask=111111111111111111111111111111111111111111111111111111111111110000000000000000000000000000000000 mem_order_sha=cb85039bc8deeee3 motion_cols_sha=9f68376775df092c donor=None cover=exact:0,fallback:0,cycle:0,cross_seg:0 gate=none num_steps=10 act_sha=6c56fb56eb1d6852 infer_ms=69.5
INFO:mme_vla_suite.serving.websocket_policy_server:TIMING infer_ms=69.5
INFO:mme_vla_suite.serving.websocket_policy_server:TIMING add_buffer_ms=1460.5 frames=16 exec_start_idx=0
MV_INFER cond=normal split=test task=ButtonUnmask ep=11 ep_seq=3 infer_seq=65 t=1024 es=0 k=63 motion_frames=0,16,32,48,64,80,96,112,128,144,160,176,192,208,224,240,256,272,288,304,320,336,352,368,384,400,416,432,448,464,480,496,512,528,544,560,576,592,608,624,640,656,672,688,704,720,736,752,768,784,800,816,832,848,864,880,896,912,928,944,960,976,992 motion_emb_sha=88fd3460a08eda8d motion_pos_sha=3a3d8e518a7990d0 motion_mask=111111111111111111111111111111111111111111111111111111111111111000000000000000000000000000000000 mem_order_sha=11fb4b3c9a39ff46 motion_cols_sha=84d86e447056559d donor=None cover=exact:0,fallback:0,cycle:0,cross_seg:0 gate=none num_steps=10 act_sha=a33dd2a412011ea8 infer_ms=69.5
INFO:mme_vla_suite.serving.websocket_policy_server:TIMING infer_ms=69.5
INFO:mme_vla_suite.serving.websocket_policy_server:TIMING add_buffer_ms=1464.5 frames=16 exec_start_idx=0
MV_INFER cond=normal split=test task=ButtonUnmask ep=11 ep_seq=3 infer_seq=66 t=1040 es=0 k=64 motion_frames=0,16,32,48,64,80,96,112,128,144,160,176,192,208,224,240,256,272,288,304,320,336,352,368,384,400,416,432,448,464,480,496,512,528,544,560,576,592,608,624,640,656,672,688,704,720,736,752,768,784,800,816,832,848,864,880,896,912,928,944,960,976,992,1008 motion_emb_sha=b9c68dcd5f7c324d motion_pos_sha=53ffaa05042f1487 motion_mask=111111111111111111111111111111111111111111111111111111111111111100000000000000000000000000000000 mem_order_sha=173c4f5cff3909ff motion_cols_sha=6b874a13dc5773fe donor=None cover=exact:0,fallback:0,cycle:0,cross_seg:0 gate=none num_steps=10 act_sha=a2f565bc41cc9468 infer_ms=69.9
INFO:mme_vla_suite.serving.websocket_policy_server:TIMING infer_ms=69.9
INFO:mme_vla_suite.serving.websocket_policy_server:TIMING add_buffer_ms=1459.7 frames=16 exec_start_idx=0
MV_INFER cond=normal split=test task=ButtonUnmask ep=11 ep_seq=3 infer_seq=67 t=1056 es=0 k=65 motion_frames=0,16,32,48,64,80,96,112,128,144,160,176,192,208,224,240,256,272,288,304,320,336,352,368,384,400,416,432,448,464,480,496,512,528,544,560,576,592,608,624,640,656,672,688,704,720,736,752,768,784,800,816,832,848,864,880,896,912,928,944,960,976,992,1008,1024 motion_emb_sha=b9e4328fc1b94263 motion_pos_sha=c418e4d946bed0c9 motion_mask=111111111111111111111111111111111111111111111111111111111111111110000000000000000000000000000000 mem_order_sha=92dea94c12a99a47 motion_cols_sha=52b8373c7987aeda donor=None cover=exact:0,fallback:0,cycle:0,cross_seg:0 gate=none num_steps=10 act_sha=4ef7178ec0fdce2d infer_ms=69.5
INFO:mme_vla_suite.serving.websocket_policy_server:TIMING infer_ms=69.5
INFO:mme_vla_suite.serving.websocket_policy_server:TIMING add_buffer_ms=1460.3 frames=16 exec_start_idx=0
MV_INFER cond=normal split=test task=ButtonUnmask ep=11 ep_seq=3 infer_seq=68 t=1072 es=0 k=66 motion_frames=0,16,32,48,64,80,96,112,128,144,160,176,192,208,224,240,256,272,288,304,320,336,352,368,384,400,416,432,448,464,480,496,512,528,544,560,576,592,608,624,640,656,672,688,704,720,736,752,768,784,800,816,832,848,864,880,896,912,928,944,960,976,992,1008,1024,1040 motion_emb_sha=111e8cde5f662f80 motion_pos_sha=4be728651e8fa641 motion_mask=111111111111111111111111111111111111111111111111111111111111111111000000000000000000000000000000 mem_order_sha=5f81dcb5ffcc7505 motion_cols_sha=4e8d37dd9b433350 donor=None cover=exact:0,fallback:0,cycle:0,cross_seg:0 gate=none num_steps=10 act_sha=bda9be1771c14dc5 infer_ms=69.6
INFO:mme_vla_suite.serving.websocket_policy_server:TIMING infer_ms=69.6
INFO:mme_vla_suite.serving.websocket_policy_server:TIMING add_buffer_ms=1459.8 frames=16 exec_start_idx=0
MV_INFER cond=normal split=test task=ButtonUnmask ep=11 ep_seq=3 infer_seq=69 t=1088 es=0 k=67 motion_frames=0,16,32,48,64,80,96,112,128,144,160,176,192,208,224,240,256,272,288,304,320,336,352,368,384,400,416,432,448,464,480,496,512,528,544,560,576,592,608,624,640,656,672,688,704,720,736,752,768,784,800,816,832,848,864,880,896,912,928,944,960,976,992,1008,1024,1040,1056 motion_emb_sha=32f495e53e1b021d motion_pos_sha=4be2cf300c672914 motion_mask=111111111111111111111111111111111111111111111111111111111111111111100000000000000000000000000000 mem_order_sha=ed1cfe5e10d900a5 motion_cols_sha=9f325d883e270012 donor=None cover=exact:0,fallback:0,cycle:0,cross_seg:0 gate=none num_steps=10 act_sha=2d85936750a4a98b infer_ms=69.6
INFO:mme_vla_suite.serving.websocket_policy_server:TIMING infer_ms=69.6
INFO:mme_vla_suite.serving.websocket_policy_server:TIMING add_buffer_ms=1460.6 frames=16 exec_start_idx=0
MV_INFER cond=normal split=test task=ButtonUnmask ep=11 ep_seq=3 infer_seq=70 t=1104 es=0 k=68 motion_frames=0,16,32,48,64,80,96,112,128,144,160,176,192,208,224,240,256,272,288,304,320,336,352,368,384,400,416,432,448,464,480,496,512,528,544,560,576,592,608,624,640,656,672,688,704,720,736,752,768,784,800,816,832,848,864,880,896,912,928,944,960,976,992,1008,1024,1040,1056,1072 motion_emb_sha=ab463e31a1a9f61e motion_pos_sha=f1771cc9a7c1c81a motion_mask=111111111111111111111111111111111111111111111111111111111111111111110000000000000000000000000000 mem_order_sha=2b2ce7eded738651 motion_cols_sha=e1d7e941199ff79f donor=None cover=exact:0,fallback:0,cycle:0,cross_seg:0 gate=none num_steps=10 act_sha=e954816a32864c5f infer_ms=69.7
INFO:mme_vla_suite.serving.websocket_policy_server:TIMING infer_ms=69.7
INFO:mme_vla_suite.serving.websocket_policy_server:TIMING add_buffer_ms=1462.2 frames=16 exec_start_idx=0
MV_INFER cond=normal split=test task=ButtonUnmask ep=11 ep_seq=3 infer_seq=71 t=1120 es=0 k=69 motion_frames=0,16,32,48,64,80,96,112,128,144,160,176,192,208,224,240,256,272,288,304,320,336,352,368,384,400,416,432,448,464,480,496,512,528,544,560,576,592,608,624,640,656,672,688,704,720,736,752,768,784,800,816,832,848,864,880,896,912,928,944,960,976,992,1008,1024,1040,1056,1072,1088 motion_emb_sha=337e6b9bd69c97a1 motion_pos_sha=64e385d9c7350895 motion_mask=111111111111111111111111111111111111111111111111111111111111111111111000000000000000000000000000 mem_order_sha=bd58339f940fb782 motion_cols_sha=e969946faa6cf423 donor=None cover=exact:0,fallback:0,cycle:0,cross_seg:0 gate=none num_steps=10 act_sha=dc796a1e638a79dc infer_ms=69.8
INFO:mme_vla_suite.serving.websocket_policy_server:TIMING infer_ms=69.8
INFO:mme_vla_suite.serving.websocket_policy_server:TIMING add_buffer_ms=1460.1 frames=16 exec_start_idx=0
MV_INFER cond=normal split=test task=ButtonUnmask ep=11 ep_seq=3 infer_seq=72 t=1136 es=0 k=70 motion_frames=0,16,32,48,64,80,96,112,128,144,160,176,192,208,224,240,256,272,288,304,320,336,352,368,384,400,416,432,448,464,480,496,512,528,544,560,576,592,608,624,640,656,672,688,704,720,736,752,768,784,800,816,832,848,864,880,896,912,928,944,960,976,992,1008,1024,1040,1056,1072,1088,1104 motion_emb_sha=9913304ed1c70a78 motion_pos_sha=02413430471dedfa motion_mask=111111111111111111111111111111111111111111111111111111111111111111111100000000000000000000000000 mem_order_sha=0b404dd327a8564d motion_cols_sha=87fa21f0aa357e1d donor=None cover=exact:0,fallback:0,cycle:0,cross_seg:0 gate=none num_steps=10 act_sha=fd0ae786828db3ad infer_ms=69.9
INFO:mme_vla_suite.serving.websocket_policy_server:TIMING infer_ms=69.9
INFO:mme_vla_suite.serving.websocket_policy_server:TIMING add_buffer_ms=1461.7 frames=16 exec_start_idx=0
MV_INFER cond=normal split=test task=ButtonUnmask ep=11 ep_seq=3 infer_seq=73 t=1152 es=0 k=71 motion_frames=0,16,32,48,64,80,96,112,128,144,160,176,192,208,224,240,256,272,288,304,320,336,352,368,384,400,416,432,448,464,480,496,512,528,544,560,576,592,608,624,640,656,672,688,704,720,736,752,768,784,800,816,832,848,864,880,896,912,928,944,960,976,992,1008,1024,1040,1056,1072,1088,1104,1120 motion_emb_sha=8799b36507412495 motion_pos_sha=fab88c141df710d5 motion_mask=111111111111111111111111111111111111111111111111111111111111111111111110000000000000000000000000 mem_order_sha=a889ac580cefd71c motion_cols_sha=3c468ad914141d0d donor=None cover=exact:0,fallback:0,cycle:0,cross_seg:0 gate=none num_steps=10 act_sha=15dfa477d1d4aa62 infer_ms=70.2
INFO:mme_vla_suite.serving.websocket_policy_server:TIMING infer_ms=70.2
INFO:mme_vla_suite.serving.websocket_policy_server:TIMING add_buffer_ms=1460.2 frames=16 exec_start_idx=0
MV_INFER cond=normal split=test task=ButtonUnmask ep=11 ep_seq=3 infer_seq=74 t=1168 es=0 k=72 motion_frames=0,16,32,48,64,80,96,112,128,144,160,176,192,208,224,240,256,272,288,304,320,336,352,368,384,400,416,432,448,464,480,496,512,528,544,560,576,592,608,624,640,656,672,688,704,720,736,752,768,784,800,816,832,848,864,880,896,912,928,944,960,976,992,1008,1024,1040,1056,1072,1088,1104,1120,1136 motion_emb_sha=ba5c6fb2ab27e7ce motion_pos_sha=d6a6837d103909b7 motion_mask=111111111111111111111111111111111111111111111111111111111111111111111111000000000000000000000000 mem_order_sha=d483b82ad6dc5168 motion_cols_sha=0c6c7ed6aacf4632 donor=None cover=exact:0,fallback:0,cycle:0,cross_seg:0 gate=none num_steps=10 act_sha=df127d0b9a0b5fc2 infer_ms=69.7
INFO:mme_vla_suite.serving.websocket_policy_server:TIMING infer_ms=69.7
INFO:mme_vla_suite.serving.websocket_policy_server:TIMING add_buffer_ms=1460.3 frames=16 exec_start_idx=0
MV_INFER cond=normal split=test task=ButtonUnmask ep=11 ep_seq=3 infer_seq=75 t=1184 es=0 k=73 motion_frames=0,16,32,48,64,80,96,112,128,144,160,176,192,208,224,240,256,272,288,304,320,336,352,368,384,400,416,432,448,464,480,496,512,528,544,560,576,592,608,624,640,656,672,688,704,720,736,752,768,784,800,816,832,848,864,880,896,912,928,944,960,976,992,1008,1024,1040,1056,1072,1088,1104,1120,1136,1152 motion_emb_sha=68b84509f054ff22 motion_pos_sha=b9f2cb6eb308ecb4 motion_mask=111111111111111111111111111111111111111111111111111111111111111111111111100000000000000000000000 mem_order_sha=d02d0aed837362f6 motion_cols_sha=2a3614e2ed121717 donor=None cover=exact:0,fallback:0,cycle:0,cross_seg:0 gate=none num_steps=10 act_sha=b361c733201d1abd infer_ms=69.6
INFO:mme_vla_suite.serving.websocket_policy_server:TIMING infer_ms=69.6
INFO:mme_vla_suite.serving.websocket_policy_server:TIMING add_buffer_ms=1460.8 frames=16 exec_start_idx=0
MV_INFER cond=normal split=test task=ButtonUnmask ep=11 ep_seq=3 infer_seq=76 t=1200 es=0 k=74 motion_frames=0,16,32,48,64,80,96,112,128,144,160,176,192,208,224,240,256,272,288,304,320,336,352,368,384,400,416,432,448,464,480,496,512,528,544,560,576,592,608,624,640,656,672,688,704,720,736,752,768,784,800,816,832,848,864,880,896,912,928,944,960,976,992,1008,1024,1040,1056,1072,1088,1104,1120,1136,1152,1168 motion_emb_sha=36c18744e81d599b motion_pos_sha=c16da1b65c95ec2c motion_mask=111111111111111111111111111111111111111111111111111111111111111111111111110000000000000000000000 mem_order_sha=5e6b887dca10ded1 motion_cols_sha=0637e352fbbaefdf donor=None cover=exact:0,fallback:0,cycle:0,cross_seg:0 gate=none num_steps=10 act_sha=13b861190fee9eb6 infer_ms=69.7
INFO:mme_vla_suite.serving.websocket_policy_server:TIMING infer_ms=69.7
INFO:mme_vla_suite.serving.websocket_policy_server:TIMING add_buffer_ms=1459.9 frames=16 exec_start_idx=0
MV_INFER cond=normal split=test task=ButtonUnmask ep=11 ep_seq=3 infer_seq=77 t=1216 es=0 k=75 motion_frames=0,16,32,48,64,80,96,112,128,144,160,176,192,208,224,240,256,272,288,304,320,336,352,368,384,400,416,432,448,464,480,496,512,528,544,560,576,592,608,624,640,656,672,688,704,720,736,752,768,784,800,816,832,848,864,880,896,912,928,944,960,976,992,1008,1024,1040,1056,1072,1088,1104,1120,1136,1152,1168,1184 motion_emb_sha=f07e49658ab2a279 motion_pos_sha=6aa36bab2e46f370 motion_mask=111111111111111111111111111111111111111111111111111111111111111111111111111000000000000000000000 mem_order_sha=d100c887873fb6e6 motion_cols_sha=846007b9906b64ef donor=None cover=exact:0,fallback:0,cycle:0,cross_seg:0 gate=none num_steps=10 act_sha=1178aeddb4d24a47 infer_ms=69.6
INFO:mme_vla_suite.serving.websocket_policy_server:TIMING infer_ms=69.6
INFO:mme_vla_suite.serving.websocket_policy_server:TIMING add_buffer_ms=1461.8 frames=16 exec_start_idx=0
MV_INFER cond=normal split=test task=ButtonUnmask ep=11 ep_seq=3 infer_seq=78 t=1232 es=0 k=76 motion_frames=0,16,32,48,64,80,96,112,128,144,160,176,192,208,224,240,256,272,288,304,320,336,352,368,384,400,416,432,448,464,480,496,512,528,544,560,576,592,608,624,640,656,672,688,704,720,736,752,768,784,800,816,832,848,864,880,896,912,928,944,960,976,992,1008,1024,1040,1056,1072,1088,1104,1120,1136,1152,1168,1184,1200 motion_emb_sha=b753d1d7249a0627 motion_pos_sha=39a2d766dea0ddac motion_mask=111111111111111111111111111111111111111111111111111111111111111111111111111100000000000000000000 mem_order_sha=601ccd8775c9d37f motion_cols_sha=fb27e958d1ca6acf donor=None cover=exact:0,fallback:0,cycle:0,cross_seg:0 gate=none num_steps=10 act_sha=e77035828e4a557c infer_ms=70.1
INFO:mme_vla_suite.serving.websocket_policy_server:TIMING infer_ms=70.1
INFO:mme_vla_suite.serving.websocket_policy_server:TIMING add_buffer_ms=1464.8 frames=16 exec_start_idx=0
MV_INFER cond=normal split=test task=ButtonUnmask ep=11 ep_seq=3 infer_seq=79 t=1248 es=0 k=77 motion_frames=0,16,32,48,64,80,96,112,128,144,160,176,192,208,224,240,256,272,288,304,320,336,352,368,384,400,416,432,448,464,480,496,512,528,544,560,576,592,608,624,640,656,672,688,704,720,736,752,768,784,800,816,832,848,864,880,896,912,928,944,960,976,992,1008,1024,1040,1056,1072,1088,1104,1120,1136,1152,1168,1184,1200,1216 motion_emb_sha=49860583cd34b759 motion_pos_sha=6ed6eeb0d66bd601 motion_mask=111111111111111111111111111111111111111111111111111111111111111111111111111110000000000000000000 mem_order_sha=ccc9899d21634b2a motion_cols_sha=d02ea63e106e047b donor=None cover=exact:0,fallback:0,cycle:0,cross_seg:0 gate=none num_steps=10 act_sha=77d5c13d8378f4e9 infer_ms=69.7
INFO:mme_vla_suite.serving.websocket_policy_server:TIMING infer_ms=69.7
INFO:mme_vla_suite.serving.websocket_policy_server:TIMING add_buffer_ms=1462.1 frames=16 exec_start_idx=0
MV_INFER cond=normal split=test task=ButtonUnmask ep=11 ep_seq=3 infer_seq=80 t=1264 es=0 k=78 motion_frames=0,16,32,48,64,80,96,112,128,144,160,176,192,208,224,240,256,272,288,304,320,336,352,368,384,400,416,432,448,464,480,496,512,528,544,560,576,592,608,624,640,656,672,688,704,720,736,752,768,784,800,816,832,848,864,880,896,912,928,944,960,976,992,1008,1024,1040,1056,1072,1088,1104,1120,1136,1152,1168,1184,1200,1216,1232 motion_emb_sha=94cd953f27958c0a motion_pos_sha=b56acc673c0e014a motion_mask=111111111111111111111111111111111111111111111111111111111111111111111111111111000000000000000000 mem_order_sha=2a2e1a3758e26885 motion_cols_sha=ae9de628d8823bf2 donor=None cover=exact:0,fallback:0,cycle:0,cross_seg:0 gate=none num_steps=10 act_sha=bdc816ac62a17e08 infer_ms=69.9
INFO:mme_vla_suite.serving.websocket_policy_server:TIMING infer_ms=69.9
INFO:mme_vla_suite.serving.websocket_policy_server:TIMING add_buffer_ms=1464.8 frames=16 exec_start_idx=0
MV_INFER cond=normal split=test task=ButtonUnmask ep=11 ep_seq=3 infer_seq=81 t=1280 es=0 k=79 motion_frames=0,16,32,48,64,80,96,112,128,144,160,176,192,208,224,240,256,272,288,304,320,336,352,368,384,400,416,432,448,464,480,496,512,528,544,560,576,592,608,624,640,656,672,688,704,720,736,752,768,784,800,816,832,848,864,880,896,912,928,944,960,976,992,1008,1024,1040,1056,1072,1088,1104,1120,1136,1152,1168,1184,1200,1216,1232,1248 motion_emb_sha=2f626c297b09bc5e motion_pos_sha=b50012ccc2a650c3 motion_mask=111111111111111111111111111111111111111111111111111111111111111111111111111111100000000000000000 mem_order_sha=1fed3421d7469d6a motion_cols_sha=b62f12e1cc2e6f4f donor=None cover=exact:0,fallback:0,cycle:0,cross_seg:0 gate=none num_steps=10 act_sha=11ba64412a498883 infer_ms=70.2
INFO:mme_vla_suite.serving.websocket_policy_server:TIMING infer_ms=70.2
INFO:mme_vla_suite.serving.websocket_policy_server:TIMING add_buffer_ms=1476.4 frames=16 exec_start_idx=0
MV_INFER cond=normal split=test task=ButtonUnmask ep=11 ep_seq=3 infer_seq=82 t=1296 es=0 k=80 motion_frames=0,16,32,48,64,80,96,112,128,144,160,176,192,208,224,240,256,272,288,304,320,336,352,368,384,400,416,432,448,464,480,496,512,528,544,560,576,592,608,624,640,656,672,688,704,720,736,752,768,784,800,816,832,848,864,880,896,912,928,944,960,976,992,1008,1024,1040,1056,1072,1088,1104,1120,1136,1152,1168,1184,1200,1216,1232,1248,1264 motion_emb_sha=96b770ae5a470e78 motion_pos_sha=d5131e7c6233e7d1 motion_mask=111111111111111111111111111111111111111111111111111111111111111111111111111111110000000000000000 mem_order_sha=a4387b88c08b7549 motion_cols_sha=81f2fc212bebb4ee donor=None cover=exact:0,fallback:0,cycle:0,cross_seg:0 gate=none num_steps=10 act_sha=55466ff7cf3ed581 infer_ms=69.9
INFO:mme_vla_suite.serving.websocket_policy_server:TIMING infer_ms=69.9
INFO:websockets.server:connection open
INFO:mme_vla_suite.serving.websocket_policy_server:Connection from ('127.0.0.1', 50752) opened
MV_EPISODE_END ep_seq=3 infers=82 windows=80 wall_s=149.5
MV_EPISODE_BEGIN cond=normal split=test seed=42 ep_seq=4 expect=VideoUnmask:3
INFO:mme_vla_suite.serving.websocket_policy_server:TIMING add_buffer_ms=5647.5 frames=67 exec_start_idx=66
MV_INFER cond=normal split=test task=VideoUnmask ep=3 ep_seq=4 infer_seq=1 t=66 es=66 k=3 motion_frames=0,16,32 motion_emb_sha=510415965313c7a5 motion_pos_sha=358a8247438e4586 motion_mask=111000000000000000000000000000000000000000000000000000000000000000000000000000000000000000000000 mem_order_sha=4bdcb6154ce3db09 motion_cols_sha=ec75f2710ccf7d3e donor=None cover=exact:0,fallback:0,cycle:0,cross_seg:0 gate=none num_steps=10 act_sha=39d7ed3f696cecf2 infer_ms=70.4
INFO:mme_vla_suite.serving.websocket_policy_server:TIMING infer_ms=70.4
INFO:mme_vla_suite.serving.websocket_policy_server:TIMING add_buffer_ms=36.5 frames=16 exec_start_idx=0
MV_INFER cond=normal split=test task=VideoUnmask ep=3 ep_seq=4 infer_seq=2 t=82 es=66 k=3 motion_frames=0,16,32 motion_emb_sha=510415965313c7a5 motion_pos_sha=358a8247438e4586 motion_mask=111000000000000000000000000000000000000000000000000000000000000000000000000000000000000000000000 mem_order_sha=cb2e554e8b3e1ad5 motion_cols_sha=17cf914c012c846f donor=None cover=exact:0,fallback:0,cycle:0,cross_seg:0 gate=none num_steps=10 act_sha=c9f45978fa1c1ed0 infer_ms=69.5
INFO:mme_vla_suite.serving.websocket_policy_server:TIMING infer_ms=69.5
INFO:mme_vla_suite.serving.websocket_policy_server:TIMING add_buffer_ms=1462.6 frames=16 exec_start_idx=0
MV_INFER cond=normal split=test task=VideoUnmask ep=3 ep_seq=4 infer_seq=3 t=98 es=66 k=4 motion_frames=0,16,32,66 motion_emb_sha=1a2a252d921544cb motion_pos_sha=b65ea106cebf51d2 motion_mask=111100000000000000000000000000000000000000000000000000000000000000000000000000000000000000000000 mem_order_sha=3f30de4433e4d89f motion_cols_sha=d94e9739c8cfc07e donor=None cover=exact:0,fallback:0,cycle:0,cross_seg:0 gate=none num_steps=10 act_sha=4a50230f03116156 infer_ms=69.4
INFO:mme_vla_suite.serving.websocket_policy_server:TIMING infer_ms=69.4
INFO:mme_vla_suite.serving.websocket_policy_server:TIMING add_buffer_ms=1458.2 frames=16 exec_start_idx=0
MV_INFER cond=normal split=test task=VideoUnmask ep=3 ep_seq=4 infer_seq=4 t=114 es=66 k=5 motion_frames=0,16,32,66,82 motion_emb_sha=5ac774a6085b327f motion_pos_sha=add152c97237af96 motion_mask=111110000000000000000000000000000000000000000000000000000000000000000000000000000000000000000000 mem_order_sha=0395a814320c5e29 motion_cols_sha=e02455314313c279 donor=None cover=exact:0,fallback:0,cycle:0,cross_seg:0 gate=none num_steps=10 act_sha=d93ea66fa25ff038 infer_ms=69.5
INFO:mme_vla_suite.serving.websocket_policy_server:TIMING infer_ms=69.5
INFO:mme_vla_suite.serving.websocket_policy_server:TIMING add_buffer_ms=1465.8 frames=16 exec_start_idx=0
MV_INFER cond=normal split=test task=VideoUnmask ep=3 ep_seq=4 infer_seq=5 t=130 es=66 k=6 motion_frames=0,16,32,66,82,98 motion_emb_sha=3ad5e4f3fdcd6f3c motion_pos_sha=0d2e058ea1123793 motion_mask=111111000000000000000000000000000000000000000000000000000000000000000000000000000000000000000000 mem_order_sha=bdffbd3f5c05d11e motion_cols_sha=8246cda0611e035c donor=None cover=exact:0,fallback:0,cycle:0,cross_seg:0 gate=none num_steps=10 act_sha=aa7fffac18ea68d2 infer_ms=69.5
INFO:mme_vla_suite.serving.websocket_policy_server:TIMING infer_ms=69.5
INFO:mme_vla_suite.serving.websocket_policy_server:TIMING add_buffer_ms=1463.3 frames=16 exec_start_idx=0
MV_INFER cond=normal split=test task=VideoUnmask ep=3 ep_seq=4 infer_seq=6 t=146 es=66 k=7 motion_frames=0,16,32,66,82,98,114 motion_emb_sha=539f85336f4ad1f5 motion_pos_sha=c0e16b25920c3887 motion_mask=111111100000000000000000000000000000000000000000000000000000000000000000000000000000000000000000 mem_order_sha=b3ce16357a031f75 motion_cols_sha=ba19810cd76cb779 donor=None cover=exact:0,fallback:0,cycle:0,cross_seg:0 gate=none num_steps=10 act_sha=fbb6153cbe0f17f5 infer_ms=69.7
INFO:mme_vla_suite.serving.websocket_policy_server:TIMING infer_ms=69.7
INFO:mme_vla_suite.serving.websocket_policy_server:TIMING add_buffer_ms=1459.6 frames=16 exec_start_idx=0
MV_INFER cond=normal split=test task=VideoUnmask ep=3 ep_seq=4 infer_seq=7 t=162 es=66 k=8 motion_frames=0,16,32,66,82,98,114,130 motion_emb_sha=6edba6391f37001e motion_pos_sha=a83e780e2fdd36f9 motion_mask=111111110000000000000000000000000000000000000000000000000000000000000000000000000000000000000000 mem_order_sha=92a4860fa2f2c179 motion_cols_sha=e4e2077ec5936a32 donor=None cover=exact:0,fallback:0,cycle:0,cross_seg:0 gate=none num_steps=10 act_sha=6154fea3f982d61b infer_ms=69.5
INFO:mme_vla_suite.serving.websocket_policy_server:TIMING infer_ms=69.5
INFO:mme_vla_suite.serving.websocket_policy_server:TIMING add_buffer_ms=1460.6 frames=16 exec_start_idx=0
MV_INFER cond=normal split=test task=VideoUnmask ep=3 ep_seq=4 infer_seq=8 t=178 es=66 k=9 motion_frames=0,16,32,66,82,98,114,130,146 motion_emb_sha=29d0c584257e2860 motion_pos_sha=78c0d0dbd6dd5525 motion_mask=111111111000000000000000000000000000000000000000000000000000000000000000000000000000000000000000 mem_order_sha=7514c7b72b300384 motion_cols_sha=d76e6aa6338d551f donor=None cover=exact:0,fallback:0,cycle:0,cross_seg:0 gate=none num_steps=10 act_sha=502956e33ab8c3fa infer_ms=69.4
INFO:mme_vla_suite.serving.websocket_policy_server:TIMING infer_ms=69.4
INFO:mme_vla_suite.serving.websocket_policy_server:TIMING add_buffer_ms=1463.0 frames=16 exec_start_idx=0
MV_INFER cond=normal split=test task=VideoUnmask ep=3 ep_seq=4 infer_seq=9 t=194 es=66 k=10 motion_frames=0,16,32,66,82,98,114,130,146,162 motion_emb_sha=22b58a5f2203dca8 motion_pos_sha=2c547cb66222b342 motion_mask=111111111100000000000000000000000000000000000000000000000000000000000000000000000000000000000000 mem_order_sha=2e57187a35efe371 motion_cols_sha=5b187f2a31a8c420 donor=None cover=exact:0,fallback:0,cycle:0,cross_seg:0 gate=none num_steps=10 act_sha=743d61989c947cdd infer_ms=69.6
INFO:mme_vla_suite.serving.websocket_policy_server:TIMING infer_ms=69.6
[sidecar pid=833148] 窗 #251 起点 178 耗时 1418 ms（累计 488s）
INFO:mme_vla_suite.serving.websocket_policy_server:TIMING add_buffer_ms=1463.7 frames=16 exec_start_idx=0
MV_INFER cond=normal split=test task=VideoUnmask ep=3 ep_seq=4 infer_seq=10 t=210 es=66 k=11 motion_frames=0,16,32,66,82,98,114,130,146,162,178 motion_emb_sha=d10f7e2315abbca2 motion_pos_sha=50322559221b1c36 motion_mask=111111111110000000000000000000000000000000000000000000000000000000000000000000000000000000000000 mem_order_sha=6bb4b1e7c6104037 motion_cols_sha=bf51e4eacf9ab111 donor=None cover=exact:0,fallback:0,cycle:0,cross_seg:0 gate=none num_steps=10 act_sha=f6e24e00a6625581 infer_ms=69.5
INFO:mme_vla_suite.serving.websocket_policy_server:TIMING infer_ms=69.5
INFO:mme_vla_suite.serving.websocket_policy_server:TIMING add_buffer_ms=1462.0 frames=16 exec_start_idx=0
MV_INFER cond=normal split=test task=VideoUnmask ep=3 ep_seq=4 infer_seq=11 t=226 es=66 k=12 motion_frames=0,16,32,66,82,98,114,130,146,162,178,194 motion_emb_sha=225d7ab9ff60979f motion_pos_sha=65731de854b22f59 motion_mask=111111111111000000000000000000000000000000000000000000000000000000000000000000000000000000000000 mem_order_sha=2bfbc309192a933b motion_cols_sha=6022067931b2c01f donor=None cover=exact:0,fallback:0,cycle:0,cross_seg:0 gate=none num_steps=10 act_sha=aedc82a275d51881 infer_ms=69.6
INFO:mme_vla_suite.serving.websocket_policy_server:TIMING infer_ms=69.6
INFO:mme_vla_suite.serving.websocket_policy_server:TIMING add_buffer_ms=1466.6 frames=16 exec_start_idx=0
MV_INFER cond=normal split=test task=VideoUnmask ep=3 ep_seq=4 infer_seq=12 t=242 es=66 k=13 motion_frames=0,16,32,66,82,98,114,130,146,162,178,194,210 motion_emb_sha=fa594eb7f5e1177a motion_pos_sha=32a383b63ab8a7ca motion_mask=111111111111100000000000000000000000000000000000000000000000000000000000000000000000000000000000 mem_order_sha=fe511a35f5935e41 motion_cols_sha=430f7d85b3677183 donor=None cover=exact:0,fallback:0,cycle:0,cross_seg:0 gate=none num_steps=10 act_sha=476c866ed1061bdb infer_ms=69.5
INFO:mme_vla_suite.serving.websocket_policy_server:TIMING infer_ms=69.5
INFO:mme_vla_suite.serving.websocket_policy_server:TIMING add_buffer_ms=1470.5 frames=16 exec_start_idx=0
MV_INFER cond=normal split=test task=VideoUnmask ep=3 ep_seq=4 infer_seq=13 t=258 es=66 k=14 motion_frames=0,16,32,66,82,98,114,130,146,162,178,194,210,226 motion_emb_sha=35476403042c1408 motion_pos_sha=e972e84520e36132 motion_mask=111111111111110000000000000000000000000000000000000000000000000000000000000000000000000000000000 mem_order_sha=08bd0dcd3e501aa0 motion_cols_sha=0597bfaaeb25ca88 donor=None cover=exact:0,fallback:0,cycle:0,cross_seg:0 gate=none num_steps=10 act_sha=cb171b218dc4a00a infer_ms=69.4
INFO:mme_vla_suite.serving.websocket_policy_server:TIMING infer_ms=69.4
INFO:mme_vla_suite.serving.websocket_policy_server:TIMING add_buffer_ms=1460.1 frames=16 exec_start_idx=0
MV_INFER cond=normal split=test task=VideoUnmask ep=3 ep_seq=4 infer_seq=14 t=274 es=66 k=15 motion_frames=0,16,32,66,82,98,114,130,146,162,178,194,210,226,242 motion_emb_sha=1d7b1bcd63f18b59 motion_pos_sha=d0ce634ad8aa40b1 motion_mask=111111111111111000000000000000000000000000000000000000000000000000000000000000000000000000000000 mem_order_sha=3eb35a102bfc619d motion_cols_sha=0c97639f987d24f1 donor=None cover=exact:0,fallback:0,cycle:0,cross_seg:0 gate=none num_steps=10 act_sha=8799d8df9ef790d1 infer_ms=69.6
INFO:mme_vla_suite.serving.websocket_policy_server:TIMING infer_ms=69.6
INFO:mme_vla_suite.serving.websocket_policy_server:TIMING add_buffer_ms=1475.5 frames=16 exec_start_idx=0
MV_INFER cond=normal split=test task=VideoUnmask ep=3 ep_seq=4 infer_seq=15 t=290 es=66 k=16 motion_frames=0,16,32,66,82,98,114,130,146,162,178,194,210,226,242,258 motion_emb_sha=11576375e5820e6c motion_pos_sha=141bc380de25ad0d motion_mask=111111111111111100000000000000000000000000000000000000000000000000000000000000000000000000000000 mem_order_sha=71ea69ecc16ba05a motion_cols_sha=72ba822d7d9a3e67 donor=None cover=exact:0,fallback:0,cycle:0,cross_seg:0 gate=none num_steps=10 act_sha=df4e9b24d0dc257a infer_ms=69.5
INFO:mme_vla_suite.serving.websocket_policy_server:TIMING infer_ms=69.5
INFO:mme_vla_suite.serving.websocket_policy_server:TIMING add_buffer_ms=1462.9 frames=16 exec_start_idx=0
MV_INFER cond=normal split=test task=VideoUnmask ep=3 ep_seq=4 infer_seq=16 t=306 es=66 k=17 motion_frames=0,16,32,66,82,98,114,130,146,162,178,194,210,226,242,258,274 motion_emb_sha=0e734e682d47f9dd motion_pos_sha=0dd8ab270aa43f1f motion_mask=111111111111111110000000000000000000000000000000000000000000000000000000000000000000000000000000 mem_order_sha=15ae6a5dc8fc66f9 motion_cols_sha=1eda5f2868fa919b donor=None cover=exact:0,fallback:0,cycle:0,cross_seg:0 gate=none num_steps=10 act_sha=6b64d5cef436dec2 infer_ms=69.5
INFO:mme_vla_suite.serving.websocket_policy_server:TIMING infer_ms=69.5
INFO:mme_vla_suite.serving.websocket_policy_server:TIMING add_buffer_ms=1462.1 frames=16 exec_start_idx=0
MV_INFER cond=normal split=test task=VideoUnmask ep=3 ep_seq=4 infer_seq=17 t=322 es=66 k=18 motion_frames=0,16,32,66,82,98,114,130,146,162,178,194,210,226,242,258,274,290 motion_emb_sha=44aba613399af266 motion_pos_sha=7a678319ae7439e3 motion_mask=111111111111111111000000000000000000000000000000000000000000000000000000000000000000000000000000 mem_order_sha=26902dff3f479897 motion_cols_sha=4542964937c1b122 donor=None cover=exact:0,fallback:0,cycle:0,cross_seg:0 gate=none num_steps=10 act_sha=88ee1371661a3ec1 infer_ms=69.6
INFO:mme_vla_suite.serving.websocket_policy_server:TIMING infer_ms=69.6
INFO:mme_vla_suite.serving.websocket_policy_server:TIMING add_buffer_ms=1463.5 frames=16 exec_start_idx=0
MV_INFER cond=normal split=test task=VideoUnmask ep=3 ep_seq=4 infer_seq=18 t=338 es=66 k=19 motion_frames=0,16,32,66,82,98,114,130,146,162,178,194,210,226,242,258,274,290,306 motion_emb_sha=746a3fd4688ba073 motion_pos_sha=73af9c29b26575b1 motion_mask=111111111111111111100000000000000000000000000000000000000000000000000000000000000000000000000000 mem_order_sha=d0c0c9939281ed90 motion_cols_sha=a25c61411fe2dfc1 donor=None cover=exact:0,fallback:0,cycle:0,cross_seg:0 gate=none num_steps=10 act_sha=82752aa5f79f4f25 infer_ms=69.7
INFO:mme_vla_suite.serving.websocket_policy_server:TIMING infer_ms=69.7
INFO:mme_vla_suite.serving.websocket_policy_server:TIMING add_buffer_ms=1461.2 frames=16 exec_start_idx=0
MV_INFER cond=normal split=test task=VideoUnmask ep=3 ep_seq=4 infer_seq=19 t=354 es=66 k=20 motion_frames=0,16,32,66,82,98,114,130,146,162,178,194,210,226,242,258,274,290,306,322 motion_emb_sha=228ff3065f4f19ca motion_pos_sha=669ef2d9880c1190 motion_mask=111111111111111111110000000000000000000000000000000000000000000000000000000000000000000000000000 mem_order_sha=8e4f7352af852292 motion_cols_sha=0957e9030d15feb5 donor=None cover=exact:0,fallback:0,cycle:0,cross_seg:0 gate=none num_steps=10 act_sha=355ef314f6d71ecc infer_ms=69.7
INFO:mme_vla_suite.serving.websocket_policy_server:TIMING infer_ms=69.7
INFO:mme_vla_suite.serving.websocket_policy_server:TIMING add_buffer_ms=1460.0 frames=16 exec_start_idx=0
MV_INFER cond=normal split=test task=VideoUnmask ep=3 ep_seq=4 infer_seq=20 t=370 es=66 k=21 motion_frames=0,16,32,66,82,98,114,130,146,162,178,194,210,226,242,258,274,290,306,322,338 motion_emb_sha=329e75a2553a6b46 motion_pos_sha=dcebec3755a3583c motion_mask=111111111111111111111000000000000000000000000000000000000000000000000000000000000000000000000000 mem_order_sha=99dc79ac66449f1d motion_cols_sha=54cf7b4af641d852 donor=None cover=exact:0,fallback:0,cycle:0,cross_seg:0 gate=none num_steps=10 act_sha=f488bc74c6971a27 infer_ms=69.6
INFO:mme_vla_suite.serving.websocket_policy_server:TIMING infer_ms=69.6
INFO:mme_vla_suite.serving.websocket_policy_server:TIMING add_buffer_ms=1463.3 frames=16 exec_start_idx=0
MV_INFER cond=normal split=test task=VideoUnmask ep=3 ep_seq=4 infer_seq=21 t=386 es=66 k=22 motion_frames=0,16,32,66,82,98,114,130,146,162,178,194,210,226,242,258,274,290,306,322,338,354 motion_emb_sha=286bfd03daa17473 motion_pos_sha=9034024cfb67f83a motion_mask=111111111111111111111100000000000000000000000000000000000000000000000000000000000000000000000000 mem_order_sha=cc3fa14323347267 motion_cols_sha=1ac9e61a62a79b5b donor=None cover=exact:0,fallback:0,cycle:0,cross_seg:0 gate=none num_steps=10 act_sha=1e2fc998f588ebf3 infer_ms=69.6
INFO:mme_vla_suite.serving.websocket_policy_server:TIMING infer_ms=69.6
INFO:mme_vla_suite.serving.websocket_policy_server:TIMING add_buffer_ms=1463.6 frames=16 exec_start_idx=0
MV_INFER cond=normal split=test task=VideoUnmask ep=3 ep_seq=4 infer_seq=22 t=402 es=66 k=23 motion_frames=0,16,32,66,82,98,114,130,146,162,178,194,210,226,242,258,274,290,306,322,338,354,370 motion_emb_sha=6e73708076353f46 motion_pos_sha=63c02e1ff22a93ae motion_mask=111111111111111111111110000000000000000000000000000000000000000000000000000000000000000000000000 mem_order_sha=43a6cf0eb5ea74c0 motion_cols_sha=c83d8f9ba73fba96 donor=None cover=exact:0,fallback:0,cycle:0,cross_seg:0 gate=none num_steps=10 act_sha=8d31bb4be565aca2 infer_ms=69.9
INFO:mme_vla_suite.serving.websocket_policy_server:TIMING infer_ms=69.9
INFO:mme_vla_suite.serving.websocket_policy_server:TIMING add_buffer_ms=1460.7 frames=16 exec_start_idx=0
MV_INFER cond=normal split=test task=VideoUnmask ep=3 ep_seq=4 infer_seq=23 t=418 es=66 k=24 motion_frames=0,16,32,66,82,98,114,130,146,162,178,194,210,226,242,258,274,290,306,322,338,354,370,386 motion_emb_sha=a00df94e95c8eeda motion_pos_sha=00b664fe366985cb motion_mask=111111111111111111111111000000000000000000000000000000000000000000000000000000000000000000000000 mem_order_sha=fda61dd5477102b3 motion_cols_sha=26b0fb74c18a3193 donor=None cover=exact:0,fallback:0,cycle:0,cross_seg:0 gate=none num_steps=10 act_sha=b24e3f5398472461 infer_ms=69.8
INFO:mme_vla_suite.serving.websocket_policy_server:TIMING infer_ms=69.8
INFO:mme_vla_suite.serving.websocket_policy_server:TIMING add_buffer_ms=1460.7 frames=16 exec_start_idx=0
MV_INFER cond=normal split=test task=VideoUnmask ep=3 ep_seq=4 infer_seq=24 t=434 es=66 k=25 motion_frames=0,16,32,66,82,98,114,130,146,162,178,194,210,226,242,258,274,290,306,322,338,354,370,386,402 motion_emb_sha=12f737d265c34246 motion_pos_sha=5587abb85fecc05c motion_mask=111111111111111111111111100000000000000000000000000000000000000000000000000000000000000000000000 mem_order_sha=fc5c2f6e55d70b55 motion_cols_sha=0c099d9bb117bb38 donor=None cover=exact:0,fallback:0,cycle:0,cross_seg:0 gate=none num_steps=10 act_sha=b4e465f1334486c6 infer_ms=69.6
INFO:mme_vla_suite.serving.websocket_policy_server:TIMING infer_ms=69.6
INFO:mme_vla_suite.serving.websocket_policy_server:TIMING add_buffer_ms=1465.5 frames=16 exec_start_idx=0
MV_INFER cond=normal split=test task=VideoUnmask ep=3 ep_seq=4 infer_seq=25 t=450 es=66 k=26 motion_frames=0,16,32,66,82,98,114,130,146,162,178,194,210,226,242,258,274,290,306,322,338,354,370,386,402,418 motion_emb_sha=2c41317123e0ef2b motion_pos_sha=44728e8df116867f motion_mask=111111111111111111111111110000000000000000000000000000000000000000000000000000000000000000000000 mem_order_sha=d922779444b06dd7 motion_cols_sha=2f76f0d95c32ed1b donor=None cover=exact:0,fallback:0,cycle:0,cross_seg:0 gate=none num_steps=10 act_sha=f4d6795d07c96f66 infer_ms=69.8
INFO:mme_vla_suite.serving.websocket_policy_server:TIMING infer_ms=69.8
INFO:mme_vla_suite.serving.websocket_policy_server:TIMING add_buffer_ms=1465.8 frames=16 exec_start_idx=0
MV_INFER cond=normal split=test task=VideoUnmask ep=3 ep_seq=4 infer_seq=26 t=466 es=66 k=27 motion_frames=0,16,32,66,82,98,114,130,146,162,178,194,210,226,242,258,274,290,306,322,338,354,370,386,402,418,434 motion_emb_sha=99280d0b83fc6cd1 motion_pos_sha=4a118105564579cb motion_mask=111111111111111111111111111000000000000000000000000000000000000000000000000000000000000000000000 mem_order_sha=a47e270b06c17a7b motion_cols_sha=72c4cd1472215651 donor=None cover=exact:0,fallback:0,cycle:0,cross_seg:0 gate=none num_steps=10 act_sha=b0ad54b54f461b78 infer_ms=69.7
INFO:mme_vla_suite.serving.websocket_policy_server:TIMING infer_ms=69.7
INFO:mme_vla_suite.serving.websocket_policy_server:TIMING add_buffer_ms=1463.5 frames=16 exec_start_idx=0
MV_INFER cond=normal split=test task=VideoUnmask ep=3 ep_seq=4 infer_seq=27 t=482 es=66 k=28 motion_frames=0,16,32,66,82,98,114,130,146,162,178,194,210,226,242,258,274,290,306,322,338,354,370,386,402,418,434,450 motion_emb_sha=8967a0f59d0f7451 motion_pos_sha=dfcb4f12037855b3 motion_mask=111111111111111111111111111100000000000000000000000000000000000000000000000000000000000000000000 mem_order_sha=3e2b699f0c74b9fa motion_cols_sha=e4f8cabfd901b3fd donor=None cover=exact:0,fallback:0,cycle:0,cross_seg:0 gate=none num_steps=10 act_sha=9d264f31002b0757 infer_ms=69.6
INFO:mme_vla_suite.serving.websocket_policy_server:TIMING infer_ms=69.6
INFO:mme_vla_suite.serving.websocket_policy_server:TIMING add_buffer_ms=1473.3 frames=16 exec_start_idx=0
MV_INFER cond=normal split=test task=VideoUnmask ep=3 ep_seq=4 infer_seq=28 t=498 es=66 k=29 motion_frames=0,16,32,66,82,98,114,130,146,162,178,194,210,226,242,258,274,290,306,322,338,354,370,386,402,418,434,450,466 motion_emb_sha=07563815527ed0df motion_pos_sha=475c87a53cdedb90 motion_mask=111111111111111111111111111110000000000000000000000000000000000000000000000000000000000000000000 mem_order_sha=53b20db53b984554 motion_cols_sha=887c03f98d31d3ac donor=None cover=exact:0,fallback:0,cycle:0,cross_seg:0 gate=none num_steps=10 act_sha=85b026865ba25538 infer_ms=69.7
INFO:mme_vla_suite.serving.websocket_policy_server:TIMING infer_ms=69.7
INFO:mme_vla_suite.serving.websocket_policy_server:TIMING add_buffer_ms=1459.2 frames=16 exec_start_idx=0
MV_INFER cond=normal split=test task=VideoUnmask ep=3 ep_seq=4 infer_seq=29 t=514 es=66 k=30 motion_frames=0,16,32,66,82,98,114,130,146,162,178,194,210,226,242,258,274,290,306,322,338,354,370,386,402,418,434,450,466,482 motion_emb_sha=d80ec760dc27eb70 motion_pos_sha=d7d92e5349f30f92 motion_mask=111111111111111111111111111111000000000000000000000000000000000000000000000000000000000000000000 mem_order_sha=d4a17ce9295f09eb motion_cols_sha=f1b5b9004c60659a donor=None cover=exact:0,fallback:0,cycle:0,cross_seg:0 gate=none num_steps=10 act_sha=49036f9a711e65b1 infer_ms=69.5
INFO:mme_vla_suite.serving.websocket_policy_server:TIMING infer_ms=69.5
INFO:mme_vla_suite.serving.websocket_policy_server:TIMING add_buffer_ms=1462.0 frames=16 exec_start_idx=0
MV_INFER cond=normal split=test task=VideoUnmask ep=3 ep_seq=4 infer_seq=30 t=530 es=66 k=31 motion_frames=0,16,32,66,82,98,114,130,146,162,178,194,210,226,242,258,274,290,306,322,338,354,370,386,402,418,434,450,466,482,498 motion_emb_sha=6f45f7223270ebe5 motion_pos_sha=0f8d9dcf0c9e6e2d motion_mask=111111111111111111111111111111100000000000000000000000000000000000000000000000000000000000000000 mem_order_sha=2029e913e51af11c motion_cols_sha=a70201a691f9bf1e donor=None cover=exact:0,fallback:0,cycle:0,cross_seg:0 gate=none num_steps=10 act_sha=9164bd08d0abc9ac infer_ms=70.0
INFO:mme_vla_suite.serving.websocket_policy_server:TIMING infer_ms=70.0
INFO:mme_vla_suite.serving.websocket_policy_server:TIMING add_buffer_ms=1462.2 frames=16 exec_start_idx=0
MV_INFER cond=normal split=test task=VideoUnmask ep=3 ep_seq=4 infer_seq=31 t=546 es=66 k=32 motion_frames=0,16,32,66,82,98,114,130,146,162,178,194,210,226,242,258,274,290,306,322,338,354,370,386,402,418,434,450,466,482,498,514 motion_emb_sha=87064f5302158abc motion_pos_sha=daef85cbf2c66840 motion_mask=111111111111111111111111111111110000000000000000000000000000000000000000000000000000000000000000 mem_order_sha=6129466cdb22978f motion_cols_sha=6055ceefc203f0f4 donor=None cover=exact:0,fallback:0,cycle:0,cross_seg:0 gate=none num_steps=10 act_sha=52e1da802f415087 infer_ms=69.9
INFO:mme_vla_suite.serving.websocket_policy_server:TIMING infer_ms=69.9
INFO:mme_vla_suite.serving.websocket_policy_server:TIMING add_buffer_ms=1461.9 frames=16 exec_start_idx=0
MV_INFER cond=normal split=test task=VideoUnmask ep=3 ep_seq=4 infer_seq=32 t=562 es=66 k=33 motion_frames=0,16,32,66,82,98,114,130,146,162,178,194,210,226,242,258,274,290,306,322,338,354,370,386,402,418,434,450,466,482,498,514,530 motion_emb_sha=7ba803484a0ba884 motion_pos_sha=5070379a0a40ce89 motion_mask=111111111111111111111111111111111000000000000000000000000000000000000000000000000000000000000000 mem_order_sha=7ca768a2f4fdc8aa motion_cols_sha=be64232c95fbce47 donor=None cover=exact:0,fallback:0,cycle:0,cross_seg:0 gate=none num_steps=10 act_sha=2e8f356d5c6742c3 infer_ms=69.6
INFO:mme_vla_suite.serving.websocket_policy_server:TIMING infer_ms=69.6
INFO:mme_vla_suite.serving.websocket_policy_server:TIMING add_buffer_ms=1461.0 frames=16 exec_start_idx=0
MV_INFER cond=normal split=test task=VideoUnmask ep=3 ep_seq=4 infer_seq=33 t=578 es=66 k=34 motion_frames=0,16,32,66,82,98,114,130,146,162,178,194,210,226,242,258,274,290,306,322,338,354,370,386,402,418,434,450,466,482,498,514,530,546 motion_emb_sha=26f797d4865cfc1c motion_pos_sha=f7012ff4cabb1507 motion_mask=111111111111111111111111111111111100000000000000000000000000000000000000000000000000000000000000 mem_order_sha=6bcf6ebb5b6d2890 motion_cols_sha=934096701ddf3f12 donor=None cover=exact:0,fallback:0,cycle:0,cross_seg:0 gate=none num_steps=10 act_sha=8c0a383a66e29125 infer_ms=69.9
INFO:mme_vla_suite.serving.websocket_policy_server:TIMING infer_ms=69.9
INFO:mme_vla_suite.serving.websocket_policy_server:TIMING add_buffer_ms=1462.3 frames=16 exec_start_idx=0
MV_INFER cond=normal split=test task=VideoUnmask ep=3 ep_seq=4 infer_seq=34 t=594 es=66 k=35 motion_frames=0,16,32,66,82,98,114,130,146,162,178,194,210,226,242,258,274,290,306,322,338,354,370,386,402,418,434,450,466,482,498,514,530,546,562 motion_emb_sha=0afd3cff6f29ae84 motion_pos_sha=6d05b975d6d1bcd6 motion_mask=111111111111111111111111111111111110000000000000000000000000000000000000000000000000000000000000 mem_order_sha=16590d4d73ae0e84 motion_cols_sha=5040b814fe13feef donor=None cover=exact:0,fallback:0,cycle:0,cross_seg:0 gate=none num_steps=10 act_sha=afefc89445756b0e infer_ms=70.0
INFO:mme_vla_suite.serving.websocket_policy_server:TIMING infer_ms=70.0
INFO:mme_vla_suite.serving.websocket_policy_server:TIMING add_buffer_ms=1461.8 frames=16 exec_start_idx=0
MV_INFER cond=normal split=test task=VideoUnmask ep=3 ep_seq=4 infer_seq=35 t=610 es=66 k=36 motion_frames=0,16,32,66,82,98,114,130,146,162,178,194,210,226,242,258,274,290,306,322,338,354,370,386,402,418,434,450,466,482,498,514,530,546,562,578 motion_emb_sha=17a026a5e60f0219 motion_pos_sha=0dadfc909d6708b4 motion_mask=111111111111111111111111111111111111000000000000000000000000000000000000000000000000000000000000 mem_order_sha=43ad8d10ecf3dd11 motion_cols_sha=aa122da8b650e77e donor=None cover=exact:0,fallback:0,cycle:0,cross_seg:0 gate=none num_steps=10 act_sha=aec059d479d5e0de infer_ms=69.7
INFO:mme_vla_suite.serving.websocket_policy_server:TIMING infer_ms=69.7
INFO:mme_vla_suite.serving.websocket_policy_server:TIMING add_buffer_ms=1460.5 frames=16 exec_start_idx=0
MV_INFER cond=normal split=test task=VideoUnmask ep=3 ep_seq=4 infer_seq=36 t=626 es=66 k=37 motion_frames=0,16,32,66,82,98,114,130,146,162,178,194,210,226,242,258,274,290,306,322,338,354,370,386,402,418,434,450,466,482,498,514,530,546,562,578,594 motion_emb_sha=e2c45c57a3b359ac motion_pos_sha=8183ecf00893acbf motion_mask=111111111111111111111111111111111111100000000000000000000000000000000000000000000000000000000000 mem_order_sha=fe0cbc0742b460ec motion_cols_sha=0c67f2f20096bd57 donor=None cover=exact:0,fallback:0,cycle:0,cross_seg:0 gate=none num_steps=10 act_sha=3837f44f9bd29317 infer_ms=69.5
INFO:mme_vla_suite.serving.websocket_policy_server:TIMING infer_ms=69.5
INFO:mme_vla_suite.serving.websocket_policy_server:TIMING add_buffer_ms=1463.8 frames=16 exec_start_idx=0
MV_INFER cond=normal split=test task=VideoUnmask ep=3 ep_seq=4 infer_seq=37 t=642 es=66 k=38 motion_frames=0,16,32,66,82,98,114,130,146,162,178,194,210,226,242,258,274,290,306,322,338,354,370,386,402,418,434,450,466,482,498,514,530,546,562,578,594,610 motion_emb_sha=1d995699d94554f9 motion_pos_sha=3c525b59051fa8dc motion_mask=111111111111111111111111111111111111110000000000000000000000000000000000000000000000000000000000 mem_order_sha=ace453b3c01b7133 motion_cols_sha=b4ea16ebee28540e donor=None cover=exact:0,fallback:0,cycle:0,cross_seg:0 gate=none num_steps=10 act_sha=2407c8803a661bee infer_ms=69.8
INFO:mme_vla_suite.serving.websocket_policy_server:TIMING infer_ms=69.8
INFO:mme_vla_suite.serving.websocket_policy_server:TIMING add_buffer_ms=1458.9 frames=16 exec_start_idx=0
MV_INFER cond=normal split=test task=VideoUnmask ep=3 ep_seq=4 infer_seq=38 t=658 es=66 k=39 motion_frames=0,16,32,66,82,98,114,130,146,162,178,194,210,226,242,258,274,290,306,322,338,354,370,386,402,418,434,450,466,482,498,514,530,546,562,578,594,610,626 motion_emb_sha=92ce610b01784aea motion_pos_sha=12e3f992ce31daed motion_mask=111111111111111111111111111111111111111000000000000000000000000000000000000000000000000000000000 mem_order_sha=61d03335afe043c9 motion_cols_sha=2181bccfaaacfb4c donor=None cover=exact:0,fallback:0,cycle:0,cross_seg:0 gate=none num_steps=10 act_sha=4264539226971c55 infer_ms=69.9
INFO:mme_vla_suite.serving.websocket_policy_server:TIMING infer_ms=69.9
INFO:mme_vla_suite.serving.websocket_policy_server:TIMING add_buffer_ms=1468.5 frames=16 exec_start_idx=0
MV_INFER cond=normal split=test task=VideoUnmask ep=3 ep_seq=4 infer_seq=39 t=674 es=66 k=40 motion_frames=0,16,32,66,82,98,114,130,146,162,178,194,210,226,242,258,274,290,306,322,338,354,370,386,402,418,434,450,466,482,498,514,530,546,562,578,594,610,626,642 motion_emb_sha=b4abbd98457061b1 motion_pos_sha=2f1a4535b5d9b52a motion_mask=111111111111111111111111111111111111111100000000000000000000000000000000000000000000000000000000 mem_order_sha=2524cb3ebfb9b556 motion_cols_sha=44968bdbfef24e29 donor=None cover=exact:0,fallback:0,cycle:0,cross_seg:0 gate=none num_steps=10 act_sha=fbf449e84908a402 infer_ms=70.2
INFO:mme_vla_suite.serving.websocket_policy_server:TIMING infer_ms=70.2
INFO:mme_vla_suite.serving.websocket_policy_server:TIMING add_buffer_ms=1465.6 frames=16 exec_start_idx=0
MV_INFER cond=normal split=test task=VideoUnmask ep=3 ep_seq=4 infer_seq=40 t=690 es=66 k=41 motion_frames=0,16,32,66,82,98,114,130,146,162,178,194,210,226,242,258,274,290,306,322,338,354,370,386,402,418,434,450,466,482,498,514,530,546,562,578,594,610,626,642,658 motion_emb_sha=1ef06d2aa967b09c motion_pos_sha=94615affc3ce48ee motion_mask=111111111111111111111111111111111111111110000000000000000000000000000000000000000000000000000000 mem_order_sha=9082cb7627011385 motion_cols_sha=0d46dee59346ada9 donor=None cover=exact:0,fallback:0,cycle:0,cross_seg:0 gate=none num_steps=10 act_sha=e13498f596a0f0dd infer_ms=69.9
INFO:mme_vla_suite.serving.websocket_policy_server:TIMING infer_ms=69.9
INFO:mme_vla_suite.serving.websocket_policy_server:TIMING add_buffer_ms=1460.7 frames=16 exec_start_idx=0
MV_INFER cond=normal split=test task=VideoUnmask ep=3 ep_seq=4 infer_seq=41 t=706 es=66 k=42 motion_frames=0,16,32,66,82,98,114,130,146,162,178,194,210,226,242,258,274,290,306,322,338,354,370,386,402,418,434,450,466,482,498,514,530,546,562,578,594,610,626,642,658,674 motion_emb_sha=4e20263e73532d48 motion_pos_sha=24317eca0b9abf85 motion_mask=111111111111111111111111111111111111111111000000000000000000000000000000000000000000000000000000 mem_order_sha=9662e474b623c915 motion_cols_sha=0faf1bc59289c62e donor=None cover=exact:0,fallback:0,cycle:0,cross_seg:0 gate=none num_steps=10 act_sha=0a65904ba944a661 infer_ms=69.9
INFO:mme_vla_suite.serving.websocket_policy_server:TIMING infer_ms=69.9
INFO:mme_vla_suite.serving.websocket_policy_server:TIMING add_buffer_ms=1462.3 frames=16 exec_start_idx=0
MV_INFER cond=normal split=test task=VideoUnmask ep=3 ep_seq=4 infer_seq=42 t=722 es=66 k=43 motion_frames=0,16,32,66,82,98,114,130,146,162,178,194,210,226,242,258,274,290,306,322,338,354,370,386,402,418,434,450,466,482,498,514,530,546,562,578,594,610,626,642,658,674,690 motion_emb_sha=86bd21a1a78e42cd motion_pos_sha=3c375b5b266182ec motion_mask=111111111111111111111111111111111111111111100000000000000000000000000000000000000000000000000000 mem_order_sha=779ddf72b580def5 motion_cols_sha=78b0865e1248c113 donor=None cover=exact:0,fallback:0,cycle:0,cross_seg:0 gate=none num_steps=10 act_sha=0f4e817b4bae4088 infer_ms=70.5
INFO:mme_vla_suite.serving.websocket_policy_server:TIMING infer_ms=70.5
INFO:mme_vla_suite.serving.websocket_policy_server:TIMING add_buffer_ms=1459.5 frames=16 exec_start_idx=0
MV_INFER cond=normal split=test task=VideoUnmask ep=3 ep_seq=4 infer_seq=43 t=738 es=66 k=44 motion_frames=0,16,32,66,82,98,114,130,146,162,178,194,210,226,242,258,274,290,306,322,338,354,370,386,402,418,434,450,466,482,498,514,530,546,562,578,594,610,626,642,658,674,690,706 motion_emb_sha=e2ed85c019f98c7a motion_pos_sha=9a98523100173224 motion_mask=111111111111111111111111111111111111111111110000000000000000000000000000000000000000000000000000 mem_order_sha=40166ba87744e340 motion_cols_sha=e738d8133285e097 donor=None cover=exact:0,fallback:0,cycle:0,cross_seg:0 gate=none num_steps=10 act_sha=09a8cd56f9005cff infer_ms=69.6
INFO:mme_vla_suite.serving.websocket_policy_server:TIMING infer_ms=69.6
INFO:mme_vla_suite.serving.websocket_policy_server:TIMING add_buffer_ms=1461.0 frames=16 exec_start_idx=0
MV_INFER cond=normal split=test task=VideoUnmask ep=3 ep_seq=4 infer_seq=44 t=754 es=66 k=45 motion_frames=0,16,32,66,82,98,114,130,146,162,178,194,210,226,242,258,274,290,306,322,338,354,370,386,402,418,434,450,466,482,498,514,530,546,562,578,594,610,626,642,658,674,690,706,722 motion_emb_sha=e10ac13b848f2bff motion_pos_sha=509f6d7dfd3b6b7d motion_mask=111111111111111111111111111111111111111111111000000000000000000000000000000000000000000000000000 mem_order_sha=ac51a1bd09d9b3dc motion_cols_sha=ee6546d364856f36 donor=None cover=exact:0,fallback:0,cycle:0,cross_seg:0 gate=none num_steps=10 act_sha=c812aa571408d10b infer_ms=69.9
INFO:mme_vla_suite.serving.websocket_policy_server:TIMING infer_ms=69.9
INFO:mme_vla_suite.serving.websocket_policy_server:TIMING add_buffer_ms=1461.6 frames=16 exec_start_idx=0
MV_INFER cond=normal split=test task=VideoUnmask ep=3 ep_seq=4 infer_seq=45 t=770 es=66 k=46 motion_frames=0,16,32,66,82,98,114,130,146,162,178,194,210,226,242,258,274,290,306,322,338,354,370,386,402,418,434,450,466,482,498,514,530,546,562,578,594,610,626,642,658,674,690,706,722,738 motion_emb_sha=85c3f22ed76bc012 motion_pos_sha=4883ad512b94ae90 motion_mask=111111111111111111111111111111111111111111111100000000000000000000000000000000000000000000000000 mem_order_sha=07b356a0b988bd26 motion_cols_sha=e4ca59fb8cf6b258 donor=None cover=exact:0,fallback:0,cycle:0,cross_seg:0 gate=none num_steps=10 act_sha=f4dd84fedb3169da infer_ms=70.1
INFO:mme_vla_suite.serving.websocket_policy_server:TIMING infer_ms=70.1
INFO:mme_vla_suite.serving.websocket_policy_server:TIMING add_buffer_ms=1460.8 frames=16 exec_start_idx=0
MV_INFER cond=normal split=test task=VideoUnmask ep=3 ep_seq=4 infer_seq=46 t=786 es=66 k=47 motion_frames=0,16,32,66,82,98,114,130,146,162,178,194,210,226,242,258,274,290,306,322,338,354,370,386,402,418,434,450,466,482,498,514,530,546,562,578,594,610,626,642,658,674,690,706,722,738,754 motion_emb_sha=cf670f916368b738 motion_pos_sha=6a9ee8166dc2e430 motion_mask=111111111111111111111111111111111111111111111110000000000000000000000000000000000000000000000000 mem_order_sha=56366bc252c0055a motion_cols_sha=6b2b7e9f2f7e8ece donor=None cover=exact:0,fallback:0,cycle:0,cross_seg:0 gate=none num_steps=10 act_sha=7212aadacc3fa3c6 infer_ms=69.6
INFO:mme_vla_suite.serving.websocket_policy_server:TIMING infer_ms=69.6
INFO:mme_vla_suite.serving.websocket_policy_server:TIMING add_buffer_ms=1459.8 frames=16 exec_start_idx=0
MV_INFER cond=normal split=test task=VideoUnmask ep=3 ep_seq=4 infer_seq=47 t=802 es=66 k=48 motion_frames=0,16,32,66,82,98,114,130,146,162,178,194,210,226,242,258,274,290,306,322,338,354,370,386,402,418,434,450,466,482,498,514,530,546,562,578,594,610,626,642,658,674,690,706,722,738,754,770 motion_emb_sha=b3bcdc7adeef269d motion_pos_sha=8b207287f3bb2ce8 motion_mask=111111111111111111111111111111111111111111111111000000000000000000000000000000000000000000000000 mem_order_sha=41f68824fa24eca0 motion_cols_sha=b4369eb188fc7e5f donor=None cover=exact:0,fallback:0,cycle:0,cross_seg:0 gate=none num_steps=10 act_sha=00e18a4ef778943a infer_ms=69.6
INFO:mme_vla_suite.serving.websocket_policy_server:TIMING infer_ms=69.6
INFO:mme_vla_suite.serving.websocket_policy_server:TIMING add_buffer_ms=1458.4 frames=16 exec_start_idx=0
MV_INFER cond=normal split=test task=VideoUnmask ep=3 ep_seq=4 infer_seq=48 t=818 es=66 k=49 motion_frames=0,16,32,66,82,98,114,130,146,162,178,194,210,226,242,258,274,290,306,322,338,354,370,386,402,418,434,450,466,482,498,514,530,546,562,578,594,610,626,642,658,674,690,706,722,738,754,770,786 motion_emb_sha=6545f07cdd07ab4c motion_pos_sha=ae2cf5887ec7ed11 motion_mask=111111111111111111111111111111111111111111111111100000000000000000000000000000000000000000000000 mem_order_sha=60c16c435f0ad8f0 motion_cols_sha=9daa2835b81b6f76 donor=None cover=exact:0,fallback:0,cycle:0,cross_seg:0 gate=none num_steps=10 act_sha=d5b68f0d09bbed63 infer_ms=70.0
INFO:mme_vla_suite.serving.websocket_policy_server:TIMING infer_ms=70.0
INFO:mme_vla_suite.serving.websocket_policy_server:TIMING add_buffer_ms=1459.9 frames=16 exec_start_idx=0
MV_INFER cond=normal split=test task=VideoUnmask ep=3 ep_seq=4 infer_seq=49 t=834 es=66 k=50 motion_frames=0,16,32,66,82,98,114,130,146,162,178,194,210,226,242,258,274,290,306,322,338,354,370,386,402,418,434,450,466,482,498,514,530,546,562,578,594,610,626,642,658,674,690,706,722,738,754,770,786,802 motion_emb_sha=4d5d9689c3ecc050 motion_pos_sha=9c11a0b2d55fc505 motion_mask=111111111111111111111111111111111111111111111111110000000000000000000000000000000000000000000000 mem_order_sha=a88b75a1e693ecdd motion_cols_sha=7484410ffc741e26 donor=None cover=exact:0,fallback:0,cycle:0,cross_seg:0 gate=none num_steps=10 act_sha=5bb80a58fbc1995b infer_ms=69.6
INFO:mme_vla_suite.serving.websocket_policy_server:TIMING infer_ms=69.6
INFO:mme_vla_suite.serving.websocket_policy_server:TIMING add_buffer_ms=1461.8 frames=16 exec_start_idx=0
MV_INFER cond=normal split=test task=VideoUnmask ep=3 ep_seq=4 infer_seq=50 t=850 es=66 k=51 motion_frames=0,16,32,66,82,98,114,130,146,162,178,194,210,226,242,258,274,290,306,322,338,354,370,386,402,418,434,450,466,482,498,514,530,546,562,578,594,610,626,642,658,674,690,706,722,738,754,770,786,802,818 motion_emb_sha=a4062258ce1a1efe motion_pos_sha=263dfd265e5e2d39 motion_mask=111111111111111111111111111111111111111111111111111000000000000000000000000000000000000000000000 mem_order_sha=c91702d0779b6d9a motion_cols_sha=3f670b6b83873138 donor=None cover=exact:0,fallback:0,cycle:0,cross_seg:0 gate=none num_steps=10 act_sha=3d5e1dc449d78b0d infer_ms=69.5
INFO:mme_vla_suite.serving.websocket_policy_server:TIMING infer_ms=69.5
INFO:mme_vla_suite.serving.websocket_policy_server:TIMING add_buffer_ms=1461.0 frames=16 exec_start_idx=0
MV_INFER cond=normal split=test task=VideoUnmask ep=3 ep_seq=4 infer_seq=51 t=866 es=66 k=52 motion_frames=0,16,32,66,82,98,114,130,146,162,178,194,210,226,242,258,274,290,306,322,338,354,370,386,402,418,434,450,466,482,498,514,530,546,562,578,594,610,626,642,658,674,690,706,722,738,754,770,786,802,818,834 motion_emb_sha=c9da26863c8a9e9e motion_pos_sha=b13198acaebe117b motion_mask=111111111111111111111111111111111111111111111111111100000000000000000000000000000000000000000000 mem_order_sha=98aad9918dbabe49 motion_cols_sha=8c111b464e2545b4 donor=None cover=exact:0,fallback:0,cycle:0,cross_seg:0 gate=none num_steps=10 act_sha=92b6370186fff416 infer_ms=70.6
INFO:mme_vla_suite.serving.websocket_policy_server:TIMING infer_ms=70.6
INFO:mme_vla_suite.serving.websocket_policy_server:TIMING add_buffer_ms=1459.2 frames=16 exec_start_idx=0
MV_INFER cond=normal split=test task=VideoUnmask ep=3 ep_seq=4 infer_seq=52 t=882 es=66 k=53 motion_frames=0,16,32,66,82,98,114,130,146,162,178,194,210,226,242,258,274,290,306,322,338,354,370,386,402,418,434,450,466,482,498,514,530,546,562,578,594,610,626,642,658,674,690,706,722,738,754,770,786,802,818,834,850 motion_emb_sha=94c3c8ca50e8cd80 motion_pos_sha=2a093ef2193348f4 motion_mask=111111111111111111111111111111111111111111111111111110000000000000000000000000000000000000000000 mem_order_sha=e5a38de8aead414f motion_cols_sha=2ef65e70a4ed9492 donor=None cover=exact:0,fallback:0,cycle:0,cross_seg:0 gate=none num_steps=10 act_sha=84a255a89df9c727 infer_ms=69.6
INFO:mme_vla_suite.serving.websocket_policy_server:TIMING infer_ms=69.6
INFO:mme_vla_suite.serving.websocket_policy_server:TIMING add_buffer_ms=1460.7 frames=16 exec_start_idx=0
MV_INFER cond=normal split=test task=VideoUnmask ep=3 ep_seq=4 infer_seq=53 t=898 es=66 k=54 motion_frames=0,16,32,66,82,98,114,130,146,162,178,194,210,226,242,258,274,290,306,322,338,354,370,386,402,418,434,450,466,482,498,514,530,546,562,578,594,610,626,642,658,674,690,706,722,738,754,770,786,802,818,834,850,866 motion_emb_sha=4f4bafd08d733602 motion_pos_sha=55de1f995c4ecf78 motion_mask=111111111111111111111111111111111111111111111111111111000000000000000000000000000000000000000000 mem_order_sha=f1b08357d67dad3a motion_cols_sha=2ee438815fa4742b donor=None cover=exact:0,fallback:0,cycle:0,cross_seg:0 gate=none num_steps=10 act_sha=edf80c40d31224fa infer_ms=69.9
INFO:mme_vla_suite.serving.websocket_policy_server:TIMING infer_ms=69.9
INFO:mme_vla_suite.serving.websocket_policy_server:TIMING add_buffer_ms=1462.6 frames=16 exec_start_idx=0
MV_INFER cond=normal split=test task=VideoUnmask ep=3 ep_seq=4 infer_seq=54 t=914 es=66 k=55 motion_frames=0,16,32,66,82,98,114,130,146,162,178,194,210,226,242,258,274,290,306,322,338,354,370,386,402,418,434,450,466,482,498,514,530,546,562,578,594,610,626,642,658,674,690,706,722,738,754,770,786,802,818,834,850,866,882 motion_emb_sha=d2810c40f3ad7e3a motion_pos_sha=b3139dd1f53b7b58 motion_mask=111111111111111111111111111111111111111111111111111111100000000000000000000000000000000000000000 mem_order_sha=8224669e500670e7 motion_cols_sha=718378567319b213 donor=None cover=exact:0,fallback:0,cycle:0,cross_seg:0 gate=none num_steps=10 act_sha=acc99dcd5b95bc1f infer_ms=69.6
INFO:mme_vla_suite.serving.websocket_policy_server:TIMING infer_ms=69.6
INFO:mme_vla_suite.serving.websocket_policy_server:TIMING add_buffer_ms=1462.5 frames=16 exec_start_idx=0
MV_INFER cond=normal split=test task=VideoUnmask ep=3 ep_seq=4 infer_seq=55 t=930 es=66 k=56 motion_frames=0,16,32,66,82,98,114,130,146,162,178,194,210,226,242,258,274,290,306,322,338,354,370,386,402,418,434,450,466,482,498,514,530,546,562,578,594,610,626,642,658,674,690,706,722,738,754,770,786,802,818,834,850,866,882,898 motion_emb_sha=1147fe2506d91118 motion_pos_sha=89906205e4aff050 motion_mask=111111111111111111111111111111111111111111111111111111110000000000000000000000000000000000000000 mem_order_sha=2b5aeeda86acbd4c motion_cols_sha=6b8d54a9b713b9bb donor=None cover=exact:0,fallback:0,cycle:0,cross_seg:0 gate=none num_steps=10 act_sha=d6bbe94a785412f6 infer_ms=69.8
INFO:mme_vla_suite.serving.websocket_policy_server:TIMING infer_ms=69.8
INFO:mme_vla_suite.serving.websocket_policy_server:TIMING add_buffer_ms=1460.9 frames=16 exec_start_idx=0
MV_INFER cond=normal split=test task=VideoUnmask ep=3 ep_seq=4 infer_seq=56 t=946 es=66 k=57 motion_frames=0,16,32,66,82,98,114,130,146,162,178,194,210,226,242,258,274,290,306,322,338,354,370,386,402,418,434,450,466,482,498,514,530,546,562,578,594,610,626,642,658,674,690,706,722,738,754,770,786,802,818,834,850,866,882,898,914 motion_emb_sha=7dbfb6103d80ade0 motion_pos_sha=1a047899f2f73e77 motion_mask=111111111111111111111111111111111111111111111111111111111000000000000000000000000000000000000000 mem_order_sha=f518d61aaeb7b9a4 motion_cols_sha=7e7294586c095a3b donor=None cover=exact:0,fallback:0,cycle:0,cross_seg:0 gate=none num_steps=10 act_sha=ef0b47d8f417dc0b infer_ms=69.7
INFO:mme_vla_suite.serving.websocket_policy_server:TIMING infer_ms=69.7
INFO:mme_vla_suite.serving.websocket_policy_server:TIMING add_buffer_ms=1462.3 frames=16 exec_start_idx=0
MV_INFER cond=normal split=test task=VideoUnmask ep=3 ep_seq=4 infer_seq=57 t=962 es=66 k=58 motion_frames=0,16,32,66,82,98,114,130,146,162,178,194,210,226,242,258,274,290,306,322,338,354,370,386,402,418,434,450,466,482,498,514,530,546,562,578,594,610,626,642,658,674,690,706,722,738,754,770,786,802,818,834,850,866,882,898,914,930 motion_emb_sha=e98f314721fa1beb motion_pos_sha=ea2f391a4a415ca2 motion_mask=111111111111111111111111111111111111111111111111111111111100000000000000000000000000000000000000 mem_order_sha=7393759e909a4426 motion_cols_sha=390f291c89898410 donor=None cover=exact:0,fallback:0,cycle:0,cross_seg:0 gate=none num_steps=10 act_sha=bcf37917aecf017b infer_ms=69.8
INFO:mme_vla_suite.serving.websocket_policy_server:TIMING infer_ms=69.8
INFO:mme_vla_suite.serving.websocket_policy_server:TIMING add_buffer_ms=1459.2 frames=16 exec_start_idx=0
MV_INFER cond=normal split=test task=VideoUnmask ep=3 ep_seq=4 infer_seq=58 t=978 es=66 k=59 motion_frames=0,16,32,66,82,98,114,130,146,162,178,194,210,226,242,258,274,290,306,322,338,354,370,386,402,418,434,450,466,482,498,514,530,546,562,578,594,610,626,642,658,674,690,706,722,738,754,770,786,802,818,834,850,866,882,898,914,930,946 motion_emb_sha=4f96a934a90d8b0e motion_pos_sha=d0a97db97da9ff63 motion_mask=111111111111111111111111111111111111111111111111111111111110000000000000000000000000000000000000 mem_order_sha=a6d737f7e8bf2dbf motion_cols_sha=084cb2637a565d19 donor=None cover=exact:0,fallback:0,cycle:0,cross_seg:0 gate=none num_steps=10 act_sha=5ed5466e37f5e57e infer_ms=69.8
INFO:mme_vla_suite.serving.websocket_policy_server:TIMING infer_ms=69.8
INFO:mme_vla_suite.serving.websocket_policy_server:TIMING add_buffer_ms=1463.4 frames=16 exec_start_idx=0
MV_INFER cond=normal split=test task=VideoUnmask ep=3 ep_seq=4 infer_seq=59 t=994 es=66 k=60 motion_frames=0,16,32,66,82,98,114,130,146,162,178,194,210,226,242,258,274,290,306,322,338,354,370,386,402,418,434,450,466,482,498,514,530,546,562,578,594,610,626,642,658,674,690,706,722,738,754,770,786,802,818,834,850,866,882,898,914,930,946,962 motion_emb_sha=2227441063379b67 motion_pos_sha=790d5be294652bd4 motion_mask=111111111111111111111111111111111111111111111111111111111111000000000000000000000000000000000000 mem_order_sha=c6351d37ee6f0a46 motion_cols_sha=c8e32b5c1df81659 donor=None cover=exact:0,fallback:0,cycle:0,cross_seg:0 gate=none num_steps=10 act_sha=e5a173794eeabfb5 infer_ms=70.0
INFO:mme_vla_suite.serving.websocket_policy_server:TIMING infer_ms=70.0
[sidecar pid=833148] 窗 #301 起点 978 耗时 1417 ms（累计 577s）
INFO:mme_vla_suite.serving.websocket_policy_server:TIMING add_buffer_ms=1461.2 frames=16 exec_start_idx=0
MV_INFER cond=normal split=test task=VideoUnmask ep=3 ep_seq=4 infer_seq=60 t=1010 es=66 k=61 motion_frames=0,16,32,66,82,98,114,130,146,162,178,194,210,226,242,258,274,290,306,322,338,354,370,386,402,418,434,450,466,482,498,514,530,546,562,578,594,610,626,642,658,674,690,706,722,738,754,770,786,802,818,834,850,866,882,898,914,930,946,962,978 motion_emb_sha=1e1f318a40a0f7e2 motion_pos_sha=2e34907a852f78de motion_mask=111111111111111111111111111111111111111111111111111111111111100000000000000000000000000000000000 mem_order_sha=c470f0270fec02a5 motion_cols_sha=a6adf83306a269f4 donor=None cover=exact:0,fallback:0,cycle:0,cross_seg:0 gate=none num_steps=10 act_sha=591b8839964f7b49 infer_ms=69.9
INFO:mme_vla_suite.serving.websocket_policy_server:TIMING infer_ms=69.9
INFO:mme_vla_suite.serving.websocket_policy_server:TIMING add_buffer_ms=1463.5 frames=16 exec_start_idx=0
MV_INFER cond=normal split=test task=VideoUnmask ep=3 ep_seq=4 infer_seq=61 t=1026 es=66 k=62 motion_frames=0,16,32,66,82,98,114,130,146,162,178,194,210,226,242,258,274,290,306,322,338,354,370,386,402,418,434,450,466,482,498,514,530,546,562,578,594,610,626,642,658,674,690,706,722,738,754,770,786,802,818,834,850,866,882,898,914,930,946,962,978,994 motion_emb_sha=d60d6723e7fa515d motion_pos_sha=109c4437d4230703 motion_mask=111111111111111111111111111111111111111111111111111111111111110000000000000000000000000000000000 mem_order_sha=5bb893874aabade9 motion_cols_sha=9e978042bcf2c4f2 donor=None cover=exact:0,fallback:0,cycle:0,cross_seg:0 gate=none num_steps=10 act_sha=98e912984ccfbd14 infer_ms=69.6
INFO:mme_vla_suite.serving.websocket_policy_server:TIMING infer_ms=69.6
INFO:mme_vla_suite.serving.websocket_policy_server:TIMING add_buffer_ms=1460.6 frames=16 exec_start_idx=0
MV_INFER cond=normal split=test task=VideoUnmask ep=3 ep_seq=4 infer_seq=62 t=1042 es=66 k=63 motion_frames=0,16,32,66,82,98,114,130,146,162,178,194,210,226,242,258,274,290,306,322,338,354,370,386,402,418,434,450,466,482,498,514,530,546,562,578,594,610,626,642,658,674,690,706,722,738,754,770,786,802,818,834,850,866,882,898,914,930,946,962,978,994,1010 motion_emb_sha=fc470e61f4ab7cb4 motion_pos_sha=d8b557634b115ecf motion_mask=111111111111111111111111111111111111111111111111111111111111111000000000000000000000000000000000 mem_order_sha=0e81302bddf075e0 motion_cols_sha=5406ce1fc92c45d8 donor=None cover=exact:0,fallback:0,cycle:0,cross_seg:0 gate=none num_steps=10 act_sha=31957486ed59825f infer_ms=69.7
INFO:mme_vla_suite.serving.websocket_policy_server:TIMING infer_ms=69.7
INFO:mme_vla_suite.serving.websocket_policy_server:TIMING add_buffer_ms=1463.7 frames=16 exec_start_idx=0
MV_INFER cond=normal split=test task=VideoUnmask ep=3 ep_seq=4 infer_seq=63 t=1058 es=66 k=64 motion_frames=0,16,32,66,82,98,114,130,146,162,178,194,210,226,242,258,274,290,306,322,338,354,370,386,402,418,434,450,466,482,498,514,530,546,562,578,594,610,626,642,658,674,690,706,722,738,754,770,786,802,818,834,850,866,882,898,914,930,946,962,978,994,1010,1026 motion_emb_sha=e6350a1f91dc45ef motion_pos_sha=271fda67f39530cb motion_mask=111111111111111111111111111111111111111111111111111111111111111100000000000000000000000000000000 mem_order_sha=7a19351f4376a305 motion_cols_sha=dc5bbe0df3d49ebb donor=None cover=exact:0,fallback:0,cycle:0,cross_seg:0 gate=none num_steps=10 act_sha=c35754918543d7e2 infer_ms=69.8
INFO:mme_vla_suite.serving.websocket_policy_server:TIMING infer_ms=69.8
INFO:mme_vla_suite.serving.websocket_policy_server:TIMING add_buffer_ms=1461.0 frames=16 exec_start_idx=0
MV_INFER cond=normal split=test task=VideoUnmask ep=3 ep_seq=4 infer_seq=64 t=1074 es=66 k=65 motion_frames=0,16,32,66,82,98,114,130,146,162,178,194,210,226,242,258,274,290,306,322,338,354,370,386,402,418,434,450,466,482,498,514,530,546,562,578,594,610,626,642,658,674,690,706,722,738,754,770,786,802,818,834,850,866,882,898,914,930,946,962,978,994,1010,1026,1042 motion_emb_sha=f3d8130805d5dbd9 motion_pos_sha=fa85e53a5775ecc0 motion_mask=111111111111111111111111111111111111111111111111111111111111111110000000000000000000000000000000 mem_order_sha=b601c04ef9e0dbc6 motion_cols_sha=890fca657d099dbf donor=None cover=exact:0,fallback:0,cycle:0,cross_seg:0 gate=none num_steps=10 act_sha=edf0f8e5368dd79a infer_ms=69.7
INFO:mme_vla_suite.serving.websocket_policy_server:TIMING infer_ms=69.7
INFO:mme_vla_suite.serving.websocket_policy_server:TIMING add_buffer_ms=1461.5 frames=16 exec_start_idx=0
MV_INFER cond=normal split=test task=VideoUnmask ep=3 ep_seq=4 infer_seq=65 t=1090 es=66 k=66 motion_frames=0,16,32,66,82,98,114,130,146,162,178,194,210,226,242,258,274,290,306,322,338,354,370,386,402,418,434,450,466,482,498,514,530,546,562,578,594,610,626,642,658,674,690,706,722,738,754,770,786,802,818,834,850,866,882,898,914,930,946,962,978,994,1010,1026,1042,1058 motion_emb_sha=088cf87d96c92fc6 motion_pos_sha=00b7f7a8c4373e0e motion_mask=111111111111111111111111111111111111111111111111111111111111111111000000000000000000000000000000 mem_order_sha=09d3f5b5dd76b6e9 motion_cols_sha=25c9a528ac0a9932 donor=None cover=exact:0,fallback:0,cycle:0,cross_seg:0 gate=none num_steps=10 act_sha=589d0b7d48dcaf5f infer_ms=69.6
INFO:mme_vla_suite.serving.websocket_policy_server:TIMING infer_ms=69.6
INFO:mme_vla_suite.serving.websocket_policy_server:TIMING add_buffer_ms=1462.7 frames=16 exec_start_idx=0
MV_INFER cond=normal split=test task=VideoUnmask ep=3 ep_seq=4 infer_seq=66 t=1106 es=66 k=67 motion_frames=0,16,32,66,82,98,114,130,146,162,178,194,210,226,242,258,274,290,306,322,338,354,370,386,402,418,434,450,466,482,498,514,530,546,562,578,594,610,626,642,658,674,690,706,722,738,754,770,786,802,818,834,850,866,882,898,914,930,946,962,978,994,1010,1026,1042,1058,1074 motion_emb_sha=0c96fc621a26d92f motion_pos_sha=20f512f1811b25ab motion_mask=111111111111111111111111111111111111111111111111111111111111111111100000000000000000000000000000 mem_order_sha=d286e2d851463be3 motion_cols_sha=c30c2969e0b64272 donor=None cover=exact:0,fallback:0,cycle:0,cross_seg:0 gate=none num_steps=10 act_sha=5e5d88b5b6a6ec64 infer_ms=69.9
INFO:mme_vla_suite.serving.websocket_policy_server:TIMING infer_ms=69.9
INFO:mme_vla_suite.serving.websocket_policy_server:TIMING add_buffer_ms=1461.7 frames=16 exec_start_idx=0
MV_INFER cond=normal split=test task=VideoUnmask ep=3 ep_seq=4 infer_seq=67 t=1122 es=66 k=68 motion_frames=0,16,32,66,82,98,114,130,146,162,178,194,210,226,242,258,274,290,306,322,338,354,370,386,402,418,434,450,466,482,498,514,530,546,562,578,594,610,626,642,658,674,690,706,722,738,754,770,786,802,818,834,850,866,882,898,914,930,946,962,978,994,1010,1026,1042,1058,1074,1090 motion_emb_sha=83813fc63e8baf8c motion_pos_sha=3aac68b3e79c33d3 motion_mask=111111111111111111111111111111111111111111111111111111111111111111110000000000000000000000000000 mem_order_sha=fcc8990fd6205a78 motion_cols_sha=bc81ec06115cc100 donor=None cover=exact:0,fallback:0,cycle:0,cross_seg:0 gate=none num_steps=10 act_sha=a3d346a8351da926 infer_ms=69.9
INFO:mme_vla_suite.serving.websocket_policy_server:TIMING infer_ms=69.9
INFO:mme_vla_suite.serving.websocket_policy_server:TIMING add_buffer_ms=1469.5 frames=16 exec_start_idx=0
MV_INFER cond=normal split=test task=VideoUnmask ep=3 ep_seq=4 infer_seq=68 t=1138 es=66 k=69 motion_frames=0,16,32,66,82,98,114,130,146,162,178,194,210,226,242,258,274,290,306,322,338,354,370,386,402,418,434,450,466,482,498,514,530,546,562,578,594,610,626,642,658,674,690,706,722,738,754,770,786,802,818,834,850,866,882,898,914,930,946,962,978,994,1010,1026,1042,1058,1074,1090,1106 motion_emb_sha=c08b04410f16de33 motion_pos_sha=ba7593f8721dd2c1 motion_mask=111111111111111111111111111111111111111111111111111111111111111111111000000000000000000000000000 mem_order_sha=b78b9750c97933d5 motion_cols_sha=5410c8f3de54e7b5 donor=None cover=exact:0,fallback:0,cycle:0,cross_seg:0 gate=none num_steps=10 act_sha=12ca9a54737602fd infer_ms=69.8
INFO:mme_vla_suite.serving.websocket_policy_server:TIMING infer_ms=69.8
INFO:mme_vla_suite.serving.websocket_policy_server:TIMING add_buffer_ms=1463.6 frames=16 exec_start_idx=0
MV_INFER cond=normal split=test task=VideoUnmask ep=3 ep_seq=4 infer_seq=69 t=1154 es=66 k=70 motion_frames=0,16,32,66,82,98,114,130,146,162,178,194,210,226,242,258,274,290,306,322,338,354,370,386,402,418,434,450,466,482,498,514,530,546,562,578,594,610,626,642,658,674,690,706,722,738,754,770,786,802,818,834,850,866,882,898,914,930,946,962,978,994,1010,1026,1042,1058,1074,1090,1106,1122 motion_emb_sha=00e7aac65b77773d motion_pos_sha=ae686e53aa95af62 motion_mask=111111111111111111111111111111111111111111111111111111111111111111111100000000000000000000000000 mem_order_sha=3d108d5ca0c70839 motion_cols_sha=5c32357c7498011b donor=None cover=exact:0,fallback:0,cycle:0,cross_seg:0 gate=none num_steps=10 act_sha=b26a97cde2e31fba infer_ms=69.8
INFO:mme_vla_suite.serving.websocket_policy_server:TIMING infer_ms=69.8
INFO:mme_vla_suite.serving.websocket_policy_server:TIMING add_buffer_ms=1467.8 frames=16 exec_start_idx=0
MV_INFER cond=normal split=test task=VideoUnmask ep=3 ep_seq=4 infer_seq=70 t=1170 es=66 k=71 motion_frames=0,16,32,66,82,98,114,130,146,162,178,194,210,226,242,258,274,290,306,322,338,354,370,386,402,418,434,450,466,482,498,514,530,546,562,578,594,610,626,642,658,674,690,706,722,738,754,770,786,802,818,834,850,866,882,898,914,930,946,962,978,994,1010,1026,1042,1058,1074,1090,1106,1122,1138 motion_emb_sha=3a50e95bcc504c18 motion_pos_sha=062968b206722b55 motion_mask=111111111111111111111111111111111111111111111111111111111111111111111110000000000000000000000000 mem_order_sha=d8911d4dcb9816ff motion_cols_sha=63019f0fb3a31085 donor=None cover=exact:0,fallback:0,cycle:0,cross_seg:0 gate=none num_steps=10 act_sha=3260b8b1307aa1f6 infer_ms=69.9
INFO:mme_vla_suite.serving.websocket_policy_server:TIMING infer_ms=69.9
INFO:mme_vla_suite.serving.websocket_policy_server:TIMING add_buffer_ms=1461.2 frames=16 exec_start_idx=0
MV_INFER cond=normal split=test task=VideoUnmask ep=3 ep_seq=4 infer_seq=71 t=1186 es=66 k=72 motion_frames=0,16,32,66,82,98,114,130,146,162,178,194,210,226,242,258,274,290,306,322,338,354,370,386,402,418,434,450,466,482,498,514,530,546,562,578,594,610,626,642,658,674,690,706,722,738,754,770,786,802,818,834,850,866,882,898,914,930,946,962,978,994,1010,1026,1042,1058,1074,1090,1106,1122,1138,1154 motion_emb_sha=f1578544e6cc6933 motion_pos_sha=87c2fee6322a2258 motion_mask=111111111111111111111111111111111111111111111111111111111111111111111111000000000000000000000000 mem_order_sha=5516fb617e9675da motion_cols_sha=e3ddf056c77d54cf donor=None cover=exact:0,fallback:0,cycle:0,cross_seg:0 gate=none num_steps=10 act_sha=fc10f0c8e3bb33c9 infer_ms=69.7
INFO:mme_vla_suite.serving.websocket_policy_server:TIMING infer_ms=69.7
INFO:mme_vla_suite.serving.websocket_policy_server:TIMING add_buffer_ms=1458.5 frames=16 exec_start_idx=0
MV_INFER cond=normal split=test task=VideoUnmask ep=3 ep_seq=4 infer_seq=72 t=1202 es=66 k=73 motion_frames=0,16,32,66,82,98,114,130,146,162,178,194,210,226,242,258,274,290,306,322,338,354,370,386,402,418,434,450,466,482,498,514,530,546,562,578,594,610,626,642,658,674,690,706,722,738,754,770,786,802,818,834,850,866,882,898,914,930,946,962,978,994,1010,1026,1042,1058,1074,1090,1106,1122,1138,1154,1170 motion_emb_sha=345d0f0346d59146 motion_pos_sha=44bd19a2e07844b0 motion_mask=111111111111111111111111111111111111111111111111111111111111111111111111100000000000000000000000 mem_order_sha=dd4fd2ca0f1412be motion_cols_sha=cb8841baebe24b96 donor=None cover=exact:0,fallback:0,cycle:0,cross_seg:0 gate=none num_steps=10 act_sha=6081664f524d8485 infer_ms=69.8
INFO:mme_vla_suite.serving.websocket_policy_server:TIMING infer_ms=69.8
INFO:mme_vla_suite.serving.websocket_policy_server:TIMING add_buffer_ms=1466.8 frames=16 exec_start_idx=0
MV_INFER cond=normal split=test task=VideoUnmask ep=3 ep_seq=4 infer_seq=73 t=1218 es=66 k=74 motion_frames=0,16,32,66,82,98,114,130,146,162,178,194,210,226,242,258,274,290,306,322,338,354,370,386,402,418,434,450,466,482,498,514,530,546,562,578,594,610,626,642,658,674,690,706,722,738,754,770,786,802,818,834,850,866,882,898,914,930,946,962,978,994,1010,1026,1042,1058,1074,1090,1106,1122,1138,1154,1170,1186 motion_emb_sha=534e65568dc9ae2a motion_pos_sha=98fddbe436ef58c7 motion_mask=111111111111111111111111111111111111111111111111111111111111111111111111110000000000000000000000 mem_order_sha=85778cc66634e0bb motion_cols_sha=7119c3770b6a85f1 donor=None cover=exact:0,fallback:0,cycle:0,cross_seg:0 gate=none num_steps=10 act_sha=dd5c32b0acf338f1 infer_ms=70.1
INFO:mme_vla_suite.serving.websocket_policy_server:TIMING infer_ms=70.1
INFO:mme_vla_suite.serving.websocket_policy_server:TIMING add_buffer_ms=1461.5 frames=16 exec_start_idx=0
MV_INFER cond=normal split=test task=VideoUnmask ep=3 ep_seq=4 infer_seq=74 t=1234 es=66 k=75 motion_frames=0,16,32,66,82,98,114,130,146,162,178,194,210,226,242,258,274,290,306,322,338,354,370,386,402,418,434,450,466,482,498,514,530,546,562,578,594,610,626,642,658,674,690,706,722,738,754,770,786,802,818,834,850,866,882,898,914,930,946,962,978,994,1010,1026,1042,1058,1074,1090,1106,1122,1138,1154,1170,1186,1202 motion_emb_sha=6e5344044d999fb3 motion_pos_sha=6d2c13cbe0fc7b5e motion_mask=111111111111111111111111111111111111111111111111111111111111111111111111111000000000000000000000 mem_order_sha=074c503607dc30bc motion_cols_sha=09951f3ca1b1da54 donor=None cover=exact:0,fallback:0,cycle:0,cross_seg:0 gate=none num_steps=10 act_sha=0dbfea36d938c03f infer_ms=69.7
INFO:mme_vla_suite.serving.websocket_policy_server:TIMING infer_ms=69.7
INFO:mme_vla_suite.serving.websocket_policy_server:TIMING add_buffer_ms=1460.6 frames=16 exec_start_idx=0
MV_INFER cond=normal split=test task=VideoUnmask ep=3 ep_seq=4 infer_seq=75 t=1250 es=66 k=76 motion_frames=0,16,32,66,82,98,114,130,146,162,178,194,210,226,242,258,274,290,306,322,338,354,370,386,402,418,434,450,466,482,498,514,530,546,562,578,594,610,626,642,658,674,690,706,722,738,754,770,786,802,818,834,850,866,882,898,914,930,946,962,978,994,1010,1026,1042,1058,1074,1090,1106,1122,1138,1154,1170,1186,1202,1218 motion_emb_sha=3d18f79a3f66ecf1 motion_pos_sha=1bf124b22ee6e2bc motion_mask=111111111111111111111111111111111111111111111111111111111111111111111111111100000000000000000000 mem_order_sha=8cd7aba439834e45 motion_cols_sha=a73d0a5557f7a72b donor=None cover=exact:0,fallback:0,cycle:0,cross_seg:0 gate=none num_steps=10 act_sha=2ee3fdd1e4346c5d infer_ms=69.9
INFO:mme_vla_suite.serving.websocket_policy_server:TIMING infer_ms=69.9
INFO:mme_vla_suite.serving.websocket_policy_server:TIMING add_buffer_ms=1460.6 frames=16 exec_start_idx=0
MV_INFER cond=normal split=test task=VideoUnmask ep=3 ep_seq=4 infer_seq=76 t=1266 es=66 k=77 motion_frames=0,16,32,66,82,98,114,130,146,162,178,194,210,226,242,258,274,290,306,322,338,354,370,386,402,418,434,450,466,482,498,514,530,546,562,578,594,610,626,642,658,674,690,706,722,738,754,770,786,802,818,834,850,866,882,898,914,930,946,962,978,994,1010,1026,1042,1058,1074,1090,1106,1122,1138,1154,1170,1186,1202,1218,1234 motion_emb_sha=0a8cac43ac198a15 motion_pos_sha=cd72716fad16ceb4 motion_mask=111111111111111111111111111111111111111111111111111111111111111111111111111110000000000000000000 mem_order_sha=6e0418ca080114fb motion_cols_sha=349f431b2ac05d1c donor=None cover=exact:0,fallback:0,cycle:0,cross_seg:0 gate=none num_steps=10 act_sha=29fef37fa6fb6ce2 infer_ms=69.7
INFO:mme_vla_suite.serving.websocket_policy_server:TIMING infer_ms=69.7
INFO:mme_vla_suite.serving.websocket_policy_server:TIMING add_buffer_ms=1460.9 frames=16 exec_start_idx=0
MV_INFER cond=normal split=test task=VideoUnmask ep=3 ep_seq=4 infer_seq=77 t=1282 es=66 k=78 motion_frames=0,16,32,66,82,98,114,130,146,162,178,194,210,226,242,258,274,290,306,322,338,354,370,386,402,418,434,450,466,482,498,514,530,546,562,578,594,610,626,642,658,674,690,706,722,738,754,770,786,802,818,834,850,866,882,898,914,930,946,962,978,994,1010,1026,1042,1058,1074,1090,1106,1122,1138,1154,1170,1186,1202,1218,1234,1250 motion_emb_sha=7140145b25b797e3 motion_pos_sha=7dc0e880fdfb0754 motion_mask=111111111111111111111111111111111111111111111111111111111111111111111111111111000000000000000000 mem_order_sha=b0143d1b23e234a9 motion_cols_sha=558cbd0ddb85b838 donor=None cover=exact:0,fallback:0,cycle:0,cross_seg:0 gate=none num_steps=10 act_sha=1800f5763d4db2cb infer_ms=69.6
INFO:mme_vla_suite.serving.websocket_policy_server:TIMING infer_ms=69.6
INFO:mme_vla_suite.serving.websocket_policy_server:TIMING add_buffer_ms=1461.0 frames=16 exec_start_idx=0
MV_INFER cond=normal split=test task=VideoUnmask ep=3 ep_seq=4 infer_seq=78 t=1298 es=66 k=79 motion_frames=0,16,32,66,82,98,114,130,146,162,178,194,210,226,242,258,274,290,306,322,338,354,370,386,402,418,434,450,466,482,498,514,530,546,562,578,594,610,626,642,658,674,690,706,722,738,754,770,786,802,818,834,850,866,882,898,914,930,946,962,978,994,1010,1026,1042,1058,1074,1090,1106,1122,1138,1154,1170,1186,1202,1218,1234,1250,1266 motion_emb_sha=5dca4a136ec7a649 motion_pos_sha=cb6937d39e499a7d motion_mask=111111111111111111111111111111111111111111111111111111111111111111111111111111100000000000000000 mem_order_sha=a013b0d82bc0d97a motion_cols_sha=547a1ac4654c286c donor=None cover=exact:0,fallback:0,cycle:0,cross_seg:0 gate=none num_steps=10 act_sha=cc5efd4a32509109 infer_ms=69.8
INFO:mme_vla_suite.serving.websocket_policy_server:TIMING infer_ms=69.8
INFO:mme_vla_suite.serving.websocket_policy_server:TIMING add_buffer_ms=1465.6 frames=16 exec_start_idx=0
MV_INFER cond=normal split=test task=VideoUnmask ep=3 ep_seq=4 infer_seq=79 t=1314 es=66 k=80 motion_frames=0,16,32,66,82,98,114,130,146,162,178,194,210,226,242,258,274,290,306,322,338,354,370,386,402,418,434,450,466,482,498,514,530,546,562,578,594,610,626,642,658,674,690,706,722,738,754,770,786,802,818,834,850,866,882,898,914,930,946,962,978,994,1010,1026,1042,1058,1074,1090,1106,1122,1138,1154,1170,1186,1202,1218,1234,1250,1266,1282 motion_emb_sha=4f99e386e524ae2d motion_pos_sha=a94dd9065918a4a1 motion_mask=111111111111111111111111111111111111111111111111111111111111111111111111111111110000000000000000 mem_order_sha=18eb7627810dd2df motion_cols_sha=04567d6627fae1ff donor=None cover=exact:0,fallback:0,cycle:0,cross_seg:0 gate=none num_steps=10 act_sha=eb60e9c3b70937b0 infer_ms=69.8
INFO:mme_vla_suite.serving.websocket_policy_server:TIMING infer_ms=69.8
INFO:mme_vla_suite.serving.websocket_policy_server:TIMING add_buffer_ms=1467.5 frames=16 exec_start_idx=0
MV_INFER cond=normal split=test task=VideoUnmask ep=3 ep_seq=4 infer_seq=80 t=1330 es=66 k=81 motion_frames=0,16,32,66,82,98,114,130,146,162,178,194,210,226,242,258,274,290,306,322,338,354,370,386,402,418,434,450,466,482,498,514,530,546,562,578,594,610,626,642,658,674,690,706,722,738,754,770,786,802,818,834,850,866,882,898,914,930,946,962,978,994,1010,1026,1042,1058,1074,1090,1106,1122,1138,1154,1170,1186,1202,1218,1234,1250,1266,1282,1298 motion_emb_sha=35acecd1b2c82aa4 motion_pos_sha=e503685848819587 motion_mask=111111111111111111111111111111111111111111111111111111111111111111111111111111111000000000000000 mem_order_sha=f0a301b992be137a motion_cols_sha=eea74de565fbc1e4 donor=None cover=exact:0,fallback:0,cycle:0,cross_seg:0 gate=none num_steps=10 act_sha=fbdac81ae4d3119f infer_ms=70.3
INFO:mme_vla_suite.serving.websocket_policy_server:TIMING infer_ms=70.3
INFO:mme_vla_suite.serving.websocket_policy_server:TIMING add_buffer_ms=1468.8 frames=16 exec_start_idx=0
MV_INFER cond=normal split=test task=VideoUnmask ep=3 ep_seq=4 infer_seq=81 t=1346 es=66 k=82 motion_frames=0,16,32,66,82,98,114,130,146,162,178,194,210,226,242,258,274,290,306,322,338,354,370,386,402,418,434,450,466,482,498,514,530,546,562,578,594,610,626,642,658,674,690,706,722,738,754,770,786,802,818,834,850,866,882,898,914,930,946,962,978,994,1010,1026,1042,1058,1074,1090,1106,1122,1138,1154,1170,1186,1202,1218,1234,1250,1266,1282,1298,1314 motion_emb_sha=cd771c9ea76ce051 motion_pos_sha=f0c7b492d7bca486 motion_mask=111111111111111111111111111111111111111111111111111111111111111111111111111111111100000000000000 mem_order_sha=c75f757d03a3b100 motion_cols_sha=1058626bcd238dcb donor=None cover=exact:0,fallback:0,cycle:0,cross_seg:0 gate=none num_steps=10 act_sha=2f4afbc4e940a5e5 infer_ms=70.4
INFO:mme_vla_suite.serving.websocket_policy_server:TIMING infer_ms=70.4
INFO:mme_vla_suite.serving.websocket_policy_server:TIMING add_buffer_ms=1467.7 frames=16 exec_start_idx=0
MV_INFER cond=normal split=test task=VideoUnmask ep=3 ep_seq=4 infer_seq=82 t=1362 es=66 k=83 motion_frames=0,16,32,66,82,98,114,130,146,162,178,194,210,226,242,258,274,290,306,322,338,354,370,386,402,418,434,450,466,482,498,514,530,546,562,578,594,610,626,642,658,674,690,706,722,738,754,770,786,802,818,834,850,866,882,898,914,930,946,962,978,994,1010,1026,1042,1058,1074,1090,1106,1122,1138,1154,1170,1186,1202,1218,1234,1250,1266,1282,1298,1314,1330 motion_emb_sha=79952efc6191ee68 motion_pos_sha=4aa9c8102c676587 motion_mask=111111111111111111111111111111111111111111111111111111111111111111111111111111111110000000000000 mem_order_sha=a253d88d1c76f054 motion_cols_sha=6186e96835cf6af8 donor=None cover=exact:0,fallback:0,cycle:0,cross_seg:0 gate=none num_steps=10 act_sha=6fe34b9207c049f9 infer_ms=69.8
INFO:mme_vla_suite.serving.websocket_policy_server:TIMING infer_ms=69.8
INFO:websockets.server:connection open
INFO:mme_vla_suite.serving.websocket_policy_server:Connection from ('127.0.0.1', 43492) opened
MV_EPISODE_END ep_seq=4 infers=82 windows=83 wall_s=154.6
MV_EPISODE_BEGIN cond=normal split=test seed=42 ep_seq=5 expect=VideoUnmask:7
INFO:mme_vla_suite.serving.websocket_policy_server:TIMING add_buffer_ms=4425.9 frames=67 exec_start_idx=66
MV_INFER cond=normal split=test task=VideoUnmask ep=7 ep_seq=5 infer_seq=1 t=66 es=66 k=3 motion_frames=0,16,32 motion_emb_sha=65c0ace34bacabbc motion_pos_sha=358a8247438e4586 motion_mask=111000000000000000000000000000000000000000000000000000000000000000000000000000000000000000000000 mem_order_sha=4bdcb6154ce3db09 motion_cols_sha=ec75f2710ccf7d3e donor=None cover=exact:0,fallback:0,cycle:0,cross_seg:0 gate=none num_steps=10 act_sha=bdbdd579786294fd infer_ms=69.7
INFO:mme_vla_suite.serving.websocket_policy_server:TIMING infer_ms=69.7
INFO:mme_vla_suite.serving.websocket_policy_server:TIMING add_buffer_ms=35.9 frames=16 exec_start_idx=0
MV_INFER cond=normal split=test task=VideoUnmask ep=7 ep_seq=5 infer_seq=2 t=82 es=66 k=3 motion_frames=0,16,32 motion_emb_sha=65c0ace34bacabbc motion_pos_sha=358a8247438e4586 motion_mask=111000000000000000000000000000000000000000000000000000000000000000000000000000000000000000000000 mem_order_sha=cb2e554e8b3e1ad5 motion_cols_sha=17cf914c012c846f donor=None cover=exact:0,fallback:0,cycle:0,cross_seg:0 gate=none num_steps=10 act_sha=5b9ea98d1a638862 infer_ms=69.5
INFO:mme_vla_suite.serving.websocket_policy_server:TIMING infer_ms=69.5
INFO:mme_vla_suite.serving.websocket_policy_server:TIMING add_buffer_ms=1461.7 frames=16 exec_start_idx=0
MV_INFER cond=normal split=test task=VideoUnmask ep=7 ep_seq=5 infer_seq=3 t=98 es=66 k=4 motion_frames=0,16,32,66 motion_emb_sha=2fe9677917649693 motion_pos_sha=b65ea106cebf51d2 motion_mask=111100000000000000000000000000000000000000000000000000000000000000000000000000000000000000000000 mem_order_sha=3f30de4433e4d89f motion_cols_sha=d94e9739c8cfc07e donor=None cover=exact:0,fallback:0,cycle:0,cross_seg:0 gate=none num_steps=10 act_sha=592c2eda69742b6f infer_ms=69.7
INFO:mme_vla_suite.serving.websocket_policy_server:TIMING infer_ms=69.7
INFO:mme_vla_suite.serving.websocket_policy_server:TIMING add_buffer_ms=1460.5 frames=16 exec_start_idx=0
MV_INFER cond=normal split=test task=VideoUnmask ep=7 ep_seq=5 infer_seq=4 t=114 es=66 k=5 motion_frames=0,16,32,66,82 motion_emb_sha=1cec6d3b6816767a motion_pos_sha=add152c97237af96 motion_mask=111110000000000000000000000000000000000000000000000000000000000000000000000000000000000000000000 mem_order_sha=0395a814320c5e29 motion_cols_sha=e02455314313c279 donor=None cover=exact:0,fallback:0,cycle:0,cross_seg:0 gate=none num_steps=10 act_sha=ac23932f8574e60e infer_ms=69.5
INFO:mme_vla_suite.serving.websocket_policy_server:TIMING infer_ms=69.5
INFO:mme_vla_suite.serving.websocket_policy_server:TIMING add_buffer_ms=1464.9 frames=16 exec_start_idx=0
MV_INFER cond=normal split=test task=VideoUnmask ep=7 ep_seq=5 infer_seq=5 t=130 es=66 k=6 motion_frames=0,16,32,66,82,98 motion_emb_sha=cb751f6250fa0738 motion_pos_sha=0d2e058ea1123793 motion_mask=111111000000000000000000000000000000000000000000000000000000000000000000000000000000000000000000 mem_order_sha=bdffbd3f5c05d11e motion_cols_sha=8246cda0611e035c donor=None cover=exact:0,fallback:0,cycle:0,cross_seg:0 gate=none num_steps=10 act_sha=ad22df04d51c3a33 infer_ms=70.3
INFO:mme_vla_suite.serving.websocket_policy_server:TIMING infer_ms=70.3
INFO:mme_vla_suite.serving.websocket_policy_server:TIMING add_buffer_ms=1464.1 frames=16 exec_start_idx=0
MV_INFER cond=normal split=test task=VideoUnmask ep=7 ep_seq=5 infer_seq=6 t=146 es=66 k=7 motion_frames=0,16,32,66,82,98,114 motion_emb_sha=60501f038da3a64a motion_pos_sha=c0e16b25920c3887 motion_mask=111111100000000000000000000000000000000000000000000000000000000000000000000000000000000000000000 mem_order_sha=b3ce16357a031f75 motion_cols_sha=ba19810cd76cb779 donor=None cover=exact:0,fallback:0,cycle:0,cross_seg:0 gate=none num_steps=10 act_sha=e201188c9a010b1d infer_ms=69.7
INFO:mme_vla_suite.serving.websocket_policy_server:TIMING infer_ms=69.7
INFO:mme_vla_suite.serving.websocket_policy_server:TIMING add_buffer_ms=1465.4 frames=16 exec_start_idx=0
MV_INFER cond=normal split=test task=VideoUnmask ep=7 ep_seq=5 infer_seq=7 t=162 es=66 k=8 motion_frames=0,16,32,66,82,98,114,130 motion_emb_sha=6fa3d4716fd96873 motion_pos_sha=a83e780e2fdd36f9 motion_mask=111111110000000000000000000000000000000000000000000000000000000000000000000000000000000000000000 mem_order_sha=92a4860fa2f2c179 motion_cols_sha=e4e2077ec5936a32 donor=None cover=exact:0,fallback:0,cycle:0,cross_seg:0 gate=none num_steps=10 act_sha=c88b1d6717e48c8c infer_ms=69.5
INFO:mme_vla_suite.serving.websocket_policy_server:TIMING infer_ms=69.5
INFO:mme_vla_suite.serving.websocket_policy_server:TIMING add_buffer_ms=1466.2 frames=16 exec_start_idx=0
MV_INFER cond=normal split=test task=VideoUnmask ep=7 ep_seq=5 infer_seq=8 t=178 es=66 k=9 motion_frames=0,16,32,66,82,98,114,130,146 motion_emb_sha=54cf22cb299d79ac motion_pos_sha=78c0d0dbd6dd5525 motion_mask=111111111000000000000000000000000000000000000000000000000000000000000000000000000000000000000000 mem_order_sha=7514c7b72b300384 motion_cols_sha=d76e6aa6338d551f donor=None cover=exact:0,fallback:0,cycle:0,cross_seg:0 gate=none num_steps=10 act_sha=077691526951b42f infer_ms=69.5
INFO:mme_vla_suite.serving.websocket_policy_server:TIMING infer_ms=69.5
INFO:mme_vla_suite.serving.websocket_policy_server:TIMING add_buffer_ms=1466.1 frames=16 exec_start_idx=0
MV_INFER cond=normal split=test task=VideoUnmask ep=7 ep_seq=5 infer_seq=9 t=194 es=66 k=10 motion_frames=0,16,32,66,82,98,114,130,146,162 motion_emb_sha=45bbd80fbd9ba6f5 motion_pos_sha=2c547cb66222b342 motion_mask=111111111100000000000000000000000000000000000000000000000000000000000000000000000000000000000000 mem_order_sha=2e57187a35efe371 motion_cols_sha=5b187f2a31a8c420 donor=None cover=exact:0,fallback:0,cycle:0,cross_seg:0 gate=none num_steps=10 act_sha=f80e856a1ddab8b8 infer_ms=69.7
INFO:mme_vla_suite.serving.websocket_policy_server:TIMING infer_ms=69.7
INFO:mme_vla_suite.serving.websocket_policy_server:TIMING add_buffer_ms=1460.0 frames=16 exec_start_idx=0
MV_INFER cond=normal split=test task=VideoUnmask ep=7 ep_seq=5 infer_seq=10 t=210 es=66 k=11 motion_frames=0,16,32,66,82,98,114,130,146,162,178 motion_emb_sha=2199efe03216fea2 motion_pos_sha=50322559221b1c36 motion_mask=111111111110000000000000000000000000000000000000000000000000000000000000000000000000000000000000 mem_order_sha=6bb4b1e7c6104037 motion_cols_sha=bf51e4eacf9ab111 donor=None cover=exact:0,fallback:0,cycle:0,cross_seg:0 gate=none num_steps=10 act_sha=aa8341cc1a467215 infer_ms=69.7
INFO:mme_vla_suite.serving.websocket_policy_server:TIMING infer_ms=69.7
INFO:mme_vla_suite.serving.websocket_policy_server:TIMING add_buffer_ms=1467.1 frames=16 exec_start_idx=0
MV_INFER cond=normal split=test task=VideoUnmask ep=7 ep_seq=5 infer_seq=11 t=226 es=66 k=12 motion_frames=0,16,32,66,82,98,114,130,146,162,178,194 motion_emb_sha=9e02b868cd32bd41 motion_pos_sha=65731de854b22f59 motion_mask=111111111111000000000000000000000000000000000000000000000000000000000000000000000000000000000000 mem_order_sha=2bfbc309192a933b motion_cols_sha=6022067931b2c01f donor=None cover=exact:0,fallback:0,cycle:0,cross_seg:0 gate=none num_steps=10 act_sha=3a0b1366ca462e93 infer_ms=69.7
INFO:mme_vla_suite.serving.websocket_policy_server:TIMING infer_ms=69.7
INFO:mme_vla_suite.serving.websocket_policy_server:TIMING add_buffer_ms=1461.2 frames=16 exec_start_idx=0
MV_INFER cond=normal split=test task=VideoUnmask ep=7 ep_seq=5 infer_seq=12 t=242 es=66 k=13 motion_frames=0,16,32,66,82,98,114,130,146,162,178,194,210 motion_emb_sha=a9615b81898b0f46 motion_pos_sha=32a383b63ab8a7ca motion_mask=111111111111100000000000000000000000000000000000000000000000000000000000000000000000000000000000 mem_order_sha=fe511a35f5935e41 motion_cols_sha=430f7d85b3677183 donor=None cover=exact:0,fallback:0,cycle:0,cross_seg:0 gate=none num_steps=10 act_sha=4b47e98246a6b1fc infer_ms=69.6
INFO:mme_vla_suite.serving.websocket_policy_server:TIMING infer_ms=69.6
INFO:mme_vla_suite.serving.websocket_policy_server:TIMING add_buffer_ms=1462.7 frames=16 exec_start_idx=0
MV_INFER cond=normal split=test task=VideoUnmask ep=7 ep_seq=5 infer_seq=13 t=258 es=66 k=14 motion_frames=0,16,32,66,82,98,114,130,146,162,178,194,210,226 motion_emb_sha=dd181a4cd33fe8e6 motion_pos_sha=e972e84520e36132 motion_mask=111111111111110000000000000000000000000000000000000000000000000000000000000000000000000000000000 mem_order_sha=08bd0dcd3e501aa0 motion_cols_sha=0597bfaaeb25ca88 donor=None cover=exact:0,fallback:0,cycle:0,cross_seg:0 gate=none num_steps=10 act_sha=81495ccf1176bdd8 infer_ms=69.6
INFO:mme_vla_suite.serving.websocket_policy_server:TIMING infer_ms=69.6
INFO:mme_vla_suite.serving.websocket_policy_server:TIMING add_buffer_ms=1468.0 frames=16 exec_start_idx=0
MV_INFER cond=normal split=test task=VideoUnmask ep=7 ep_seq=5 infer_seq=14 t=274 es=66 k=15 motion_frames=0,16,32,66,82,98,114,130,146,162,178,194,210,226,242 motion_emb_sha=16d127696a36ff39 motion_pos_sha=d0ce634ad8aa40b1 motion_mask=111111111111111000000000000000000000000000000000000000000000000000000000000000000000000000000000 mem_order_sha=3eb35a102bfc619d motion_cols_sha=0c97639f987d24f1 donor=None cover=exact:0,fallback:0,cycle:0,cross_seg:0 gate=none num_steps=10 act_sha=c2971987f48b4301 infer_ms=71.1
INFO:mme_vla_suite.serving.websocket_policy_server:TIMING infer_ms=71.1
INFO:mme_vla_suite.serving.websocket_policy_server:TIMING add_buffer_ms=1461.9 frames=16 exec_start_idx=0
MV_INFER cond=normal split=test task=VideoUnmask ep=7 ep_seq=5 infer_seq=15 t=290 es=66 k=16 motion_frames=0,16,32,66,82,98,114,130,146,162,178,194,210,226,242,258 motion_emb_sha=cfaff82c7a8e3ea1 motion_pos_sha=141bc380de25ad0d motion_mask=111111111111111100000000000000000000000000000000000000000000000000000000000000000000000000000000 mem_order_sha=71ea69ecc16ba05a motion_cols_sha=72ba822d7d9a3e67 donor=None cover=exact:0,fallback:0,cycle:0,cross_seg:0 gate=none num_steps=10 act_sha=b6cc011b43d61348 infer_ms=69.5
INFO:mme_vla_suite.serving.websocket_policy_server:TIMING infer_ms=69.5
INFO:mme_vla_suite.serving.websocket_policy_server:TIMING add_buffer_ms=1467.0 frames=16 exec_start_idx=0
MV_INFER cond=normal split=test task=VideoUnmask ep=7 ep_seq=5 infer_seq=16 t=306 es=66 k=17 motion_frames=0,16,32,66,82,98,114,130,146,162,178,194,210,226,242,258,274 motion_emb_sha=42c0ee973f0a01dd motion_pos_sha=0dd8ab270aa43f1f motion_mask=111111111111111110000000000000000000000000000000000000000000000000000000000000000000000000000000 mem_order_sha=15ae6a5dc8fc66f9 motion_cols_sha=1eda5f2868fa919b donor=None cover=exact:0,fallback:0,cycle:0,cross_seg:0 gate=none num_steps=10 act_sha=963a4265f8b159ba infer_ms=69.6
INFO:mme_vla_suite.serving.websocket_policy_server:TIMING infer_ms=69.6
INFO:mme_vla_suite.serving.websocket_policy_server:TIMING add_buffer_ms=1462.4 frames=16 exec_start_idx=0
MV_INFER cond=normal split=test task=VideoUnmask ep=7 ep_seq=5 infer_seq=17 t=322 es=66 k=18 motion_frames=0,16,32,66,82,98,114,130,146,162,178,194,210,226,242,258,274,290 motion_emb_sha=6aabafff20009838 motion_pos_sha=7a678319ae7439e3 motion_mask=111111111111111111000000000000000000000000000000000000000000000000000000000000000000000000000000 mem_order_sha=26902dff3f479897 motion_cols_sha=4542964937c1b122 donor=None cover=exact:0,fallback:0,cycle:0,cross_seg:0 gate=none num_steps=10 act_sha=1903c9fcd2b6c3a1 infer_ms=69.6
INFO:mme_vla_suite.serving.websocket_policy_server:TIMING infer_ms=69.6
INFO:mme_vla_suite.serving.websocket_policy_server:TIMING add_buffer_ms=1470.9 frames=16 exec_start_idx=0
MV_INFER cond=normal split=test task=VideoUnmask ep=7 ep_seq=5 infer_seq=18 t=338 es=66 k=19 motion_frames=0,16,32,66,82,98,114,130,146,162,178,194,210,226,242,258,274,290,306 motion_emb_sha=7cf60ec59394c2fe motion_pos_sha=73af9c29b26575b1 motion_mask=111111111111111111100000000000000000000000000000000000000000000000000000000000000000000000000000 mem_order_sha=d0c0c9939281ed90 motion_cols_sha=a25c61411fe2dfc1 donor=None cover=exact:0,fallback:0,cycle:0,cross_seg:0 gate=none num_steps=10 act_sha=69c02c7e6697cbe5 infer_ms=69.5
INFO:mme_vla_suite.serving.websocket_policy_server:TIMING infer_ms=69.5
INFO:mme_vla_suite.serving.websocket_policy_server:TIMING add_buffer_ms=1465.5 frames=16 exec_start_idx=0
MV_INFER cond=normal split=test task=VideoUnmask ep=7 ep_seq=5 infer_seq=19 t=354 es=66 k=20 motion_frames=0,16,32,66,82,98,114,130,146,162,178,194,210,226,242,258,274,290,306,322 motion_emb_sha=8044352e181f804f motion_pos_sha=669ef2d9880c1190 motion_mask=111111111111111111110000000000000000000000000000000000000000000000000000000000000000000000000000 mem_order_sha=8e4f7352af852292 motion_cols_sha=0957e9030d15feb5 donor=None cover=exact:0,fallback:0,cycle:0,cross_seg:0 gate=none num_steps=10 act_sha=8d7485ad94b13e68 infer_ms=69.9
INFO:mme_vla_suite.serving.websocket_policy_server:TIMING infer_ms=69.9
INFO:mme_vla_suite.serving.websocket_policy_server:TIMING add_buffer_ms=1462.8 frames=16 exec_start_idx=0
MV_INFER cond=normal split=test task=VideoUnmask ep=7 ep_seq=5 infer_seq=20 t=370 es=66 k=21 motion_frames=0,16,32,66,82,98,114,130,146,162,178,194,210,226,242,258,274,290,306,322,338 motion_emb_sha=4f4d23d6a063f2a1 motion_pos_sha=dcebec3755a3583c motion_mask=111111111111111111111000000000000000000000000000000000000000000000000000000000000000000000000000 mem_order_sha=99dc79ac66449f1d motion_cols_sha=54cf7b4af641d852 donor=None cover=exact:0,fallback:0,cycle:0,cross_seg:0 gate=none num_steps=10 act_sha=d1595bf1c0e8cf64 infer_ms=69.5
INFO:mme_vla_suite.serving.websocket_policy_server:TIMING infer_ms=69.5
INFO:mme_vla_suite.serving.websocket_policy_server:TIMING add_buffer_ms=1462.8 frames=16 exec_start_idx=0
MV_INFER cond=normal split=test task=VideoUnmask ep=7 ep_seq=5 infer_seq=21 t=386 es=66 k=22 motion_frames=0,16,32,66,82,98,114,130,146,162,178,194,210,226,242,258,274,290,306,322,338,354 motion_emb_sha=1285ba0b24d052dd motion_pos_sha=9034024cfb67f83a motion_mask=111111111111111111111100000000000000000000000000000000000000000000000000000000000000000000000000 mem_order_sha=cc3fa14323347267 motion_cols_sha=1ac9e61a62a79b5b donor=None cover=exact:0,fallback:0,cycle:0,cross_seg:0 gate=none num_steps=10 act_sha=b3d9ffe6fad93c99 infer_ms=69.8
INFO:mme_vla_suite.serving.websocket_policy_server:TIMING infer_ms=69.8
INFO:mme_vla_suite.serving.websocket_policy_server:TIMING add_buffer_ms=1473.3 frames=16 exec_start_idx=0
MV_INFER cond=normal split=test task=VideoUnmask ep=7 ep_seq=5 infer_seq=22 t=402 es=66 k=23 motion_frames=0,16,32,66,82,98,114,130,146,162,178,194,210,226,242,258,274,290,306,322,338,354,370 motion_emb_sha=dc9fade494f86795 motion_pos_sha=63c02e1ff22a93ae motion_mask=111111111111111111111110000000000000000000000000000000000000000000000000000000000000000000000000 mem_order_sha=43a6cf0eb5ea74c0 motion_cols_sha=c83d8f9ba73fba96 donor=None cover=exact:0,fallback:0,cycle:0,cross_seg:0 gate=none num_steps=10 act_sha=41a31349a1d0345b infer_ms=69.8
INFO:mme_vla_suite.serving.websocket_policy_server:TIMING infer_ms=69.8
INFO:mme_vla_suite.serving.websocket_policy_server:TIMING add_buffer_ms=1462.7 frames=16 exec_start_idx=0
MV_INFER cond=normal split=test task=VideoUnmask ep=7 ep_seq=5 infer_seq=23 t=418 es=66 k=24 motion_frames=0,16,32,66,82,98,114,130,146,162,178,194,210,226,242,258,274,290,306,322,338,354,370,386 motion_emb_sha=f72143198e800fb5 motion_pos_sha=00b664fe366985cb motion_mask=111111111111111111111111000000000000000000000000000000000000000000000000000000000000000000000000 mem_order_sha=fda61dd5477102b3 motion_cols_sha=26b0fb74c18a3193 donor=None cover=exact:0,fallback:0,cycle:0,cross_seg:0 gate=none num_steps=10 act_sha=6dc7624f74506d66 infer_ms=69.7
INFO:mme_vla_suite.serving.websocket_policy_server:TIMING infer_ms=69.7
INFO:mme_vla_suite.serving.websocket_policy_server:TIMING add_buffer_ms=1459.0 frames=16 exec_start_idx=0
MV_INFER cond=normal split=test task=VideoUnmask ep=7 ep_seq=5 infer_seq=24 t=434 es=66 k=25 motion_frames=0,16,32,66,82,98,114,130,146,162,178,194,210,226,242,258,274,290,306,322,338,354,370,386,402 motion_emb_sha=7b7b26cf6f759f52 motion_pos_sha=5587abb85fecc05c motion_mask=111111111111111111111111100000000000000000000000000000000000000000000000000000000000000000000000 mem_order_sha=fc5c2f6e55d70b55 motion_cols_sha=0c099d9bb117bb38 donor=None cover=exact:0,fallback:0,cycle:0,cross_seg:0 gate=none num_steps=10 act_sha=1009e7d96ac9c371 infer_ms=69.6
INFO:mme_vla_suite.serving.websocket_policy_server:TIMING infer_ms=69.6
INFO:mme_vla_suite.serving.websocket_policy_server:TIMING add_buffer_ms=1462.6 frames=16 exec_start_idx=0
MV_INFER cond=normal split=test task=VideoUnmask ep=7 ep_seq=5 infer_seq=25 t=450 es=66 k=26 motion_frames=0,16,32,66,82,98,114,130,146,162,178,194,210,226,242,258,274,290,306,322,338,354,370,386,402,418 motion_emb_sha=3b2d68b93ca40a49 motion_pos_sha=44728e8df116867f motion_mask=111111111111111111111111110000000000000000000000000000000000000000000000000000000000000000000000 mem_order_sha=d922779444b06dd7 motion_cols_sha=2f76f0d95c32ed1b donor=None cover=exact:0,fallback:0,cycle:0,cross_seg:0 gate=none num_steps=10 act_sha=3a92076014c469a1 infer_ms=69.5
INFO:mme_vla_suite.serving.websocket_policy_server:TIMING infer_ms=69.5
INFO:mme_vla_suite.serving.websocket_policy_server:TIMING add_buffer_ms=1464.0 frames=16 exec_start_idx=0
MV_INFER cond=normal split=test task=VideoUnmask ep=7 ep_seq=5 infer_seq=26 t=466 es=66 k=27 motion_frames=0,16,32,66,82,98,114,130,146,162,178,194,210,226,242,258,274,290,306,322,338,354,370,386,402,418,434 motion_emb_sha=5d043fa65daef8f9 motion_pos_sha=4a118105564579cb motion_mask=111111111111111111111111111000000000000000000000000000000000000000000000000000000000000000000000 mem_order_sha=a47e270b06c17a7b motion_cols_sha=72c4cd1472215651 donor=None cover=exact:0,fallback:0,cycle:0,cross_seg:0 gate=none num_steps=10 act_sha=1c2c9b6af0fd51bc infer_ms=69.5
INFO:mme_vla_suite.serving.websocket_policy_server:TIMING infer_ms=69.5
[sidecar pid=833148] 窗 #351 起点 450 耗时 1419 ms（累计 672s）
INFO:mme_vla_suite.serving.websocket_policy_server:TIMING add_buffer_ms=1465.3 frames=16 exec_start_idx=0
MV_INFER cond=normal split=test task=VideoUnmask ep=7 ep_seq=5 infer_seq=27 t=482 es=66 k=28 motion_frames=0,16,32,66,82,98,114,130,146,162,178,194,210,226,242,258,274,290,306,322,338,354,370,386,402,418,434,450 motion_emb_sha=0e299a300d3545ac motion_pos_sha=dfcb4f12037855b3 motion_mask=111111111111111111111111111100000000000000000000000000000000000000000000000000000000000000000000 mem_order_sha=3e2b699f0c74b9fa motion_cols_sha=e4f8cabfd901b3fd donor=None cover=exact:0,fallback:0,cycle:0,cross_seg:0 gate=none num_steps=10 act_sha=dd687396fabb816f infer_ms=69.8
INFO:mme_vla_suite.serving.websocket_policy_server:TIMING infer_ms=69.8
INFO:mme_vla_suite.serving.websocket_policy_server:TIMING add_buffer_ms=1465.0 frames=16 exec_start_idx=0
MV_INFER cond=normal split=test task=VideoUnmask ep=7 ep_seq=5 infer_seq=28 t=498 es=66 k=29 motion_frames=0,16,32,66,82,98,114,130,146,162,178,194,210,226,242,258,274,290,306,322,338,354,370,386,402,418,434,450,466 motion_emb_sha=c1ca9f691657e37b motion_pos_sha=475c87a53cdedb90 motion_mask=111111111111111111111111111110000000000000000000000000000000000000000000000000000000000000000000 mem_order_sha=53b20db53b984554 motion_cols_sha=887c03f98d31d3ac donor=None cover=exact:0,fallback:0,cycle:0,cross_seg:0 gate=none num_steps=10 act_sha=4d24f3ae311a5ba3 infer_ms=69.7
INFO:mme_vla_suite.serving.websocket_policy_server:TIMING infer_ms=69.7
INFO:mme_vla_suite.serving.websocket_policy_server:TIMING add_buffer_ms=1460.7 frames=16 exec_start_idx=0
MV_INFER cond=normal split=test task=VideoUnmask ep=7 ep_seq=5 infer_seq=29 t=514 es=66 k=30 motion_frames=0,16,32,66,82,98,114,130,146,162,178,194,210,226,242,258,274,290,306,322,338,354,370,386,402,418,434,450,466,482 motion_emb_sha=bcf43bd948899ccb motion_pos_sha=d7d92e5349f30f92 motion_mask=111111111111111111111111111111000000000000000000000000000000000000000000000000000000000000000000 mem_order_sha=d4a17ce9295f09eb motion_cols_sha=f1b5b9004c60659a donor=None cover=exact:0,fallback:0,cycle:0,cross_seg:0 gate=none num_steps=10 act_sha=b20e57a7f35be155 infer_ms=69.9
INFO:mme_vla_suite.serving.websocket_policy_server:TIMING infer_ms=69.9
INFO:mme_vla_suite.serving.websocket_policy_server:TIMING add_buffer_ms=1460.8 frames=16 exec_start_idx=0
MV_INFER cond=normal split=test task=VideoUnmask ep=7 ep_seq=5 infer_seq=30 t=530 es=66 k=31 motion_frames=0,16,32,66,82,98,114,130,146,162,178,194,210,226,242,258,274,290,306,322,338,354,370,386,402,418,434,450,466,482,498 motion_emb_sha=58ccfdadbd776b1d motion_pos_sha=0f8d9dcf0c9e6e2d motion_mask=111111111111111111111111111111100000000000000000000000000000000000000000000000000000000000000000 mem_order_sha=2029e913e51af11c motion_cols_sha=a70201a691f9bf1e donor=None cover=exact:0,fallback:0,cycle:0,cross_seg:0 gate=none num_steps=10 act_sha=c5fb7750450dd51e infer_ms=69.6
INFO:mme_vla_suite.serving.websocket_policy_server:TIMING infer_ms=69.6
INFO:mme_vla_suite.serving.websocket_policy_server:TIMING add_buffer_ms=1462.6 frames=16 exec_start_idx=0
MV_INFER cond=normal split=test task=VideoUnmask ep=7 ep_seq=5 infer_seq=31 t=546 es=66 k=32 motion_frames=0,16,32,66,82,98,114,130,146,162,178,194,210,226,242,258,274,290,306,322,338,354,370,386,402,418,434,450,466,482,498,514 motion_emb_sha=c82805e90eeea1be motion_pos_sha=daef85cbf2c66840 motion_mask=111111111111111111111111111111110000000000000000000000000000000000000000000000000000000000000000 mem_order_sha=6129466cdb22978f motion_cols_sha=6055ceefc203f0f4 donor=None cover=exact:0,fallback:0,cycle:0,cross_seg:0 gate=none num_steps=10 act_sha=9627e78a4ee31712 infer_ms=69.7
INFO:mme_vla_suite.serving.websocket_policy_server:TIMING infer_ms=69.7
INFO:mme_vla_suite.serving.websocket_policy_server:TIMING add_buffer_ms=1460.7 frames=16 exec_start_idx=0
MV_INFER cond=normal split=test task=VideoUnmask ep=7 ep_seq=5 infer_seq=32 t=562 es=66 k=33 motion_frames=0,16,32,66,82,98,114,130,146,162,178,194,210,226,242,258,274,290,306,322,338,354,370,386,402,418,434,450,466,482,498,514,530 motion_emb_sha=aca3ab488d5f2289 motion_pos_sha=5070379a0a40ce89 motion_mask=111111111111111111111111111111111000000000000000000000000000000000000000000000000000000000000000 mem_order_sha=7ca768a2f4fdc8aa motion_cols_sha=be64232c95fbce47 donor=None cover=exact:0,fallback:0,cycle:0,cross_seg:0 gate=none num_steps=10 act_sha=a3a8f3ee22af6e03 infer_ms=69.9
INFO:mme_vla_suite.serving.websocket_policy_server:TIMING infer_ms=69.9
INFO:mme_vla_suite.serving.websocket_policy_server:TIMING add_buffer_ms=1465.3 frames=16 exec_start_idx=0
MV_INFER cond=normal split=test task=VideoUnmask ep=7 ep_seq=5 infer_seq=33 t=578 es=66 k=34 motion_frames=0,16,32,66,82,98,114,130,146,162,178,194,210,226,242,258,274,290,306,322,338,354,370,386,402,418,434,450,466,482,498,514,530,546 motion_emb_sha=4971b3dc2ebcb4e8 motion_pos_sha=f7012ff4cabb1507 motion_mask=111111111111111111111111111111111100000000000000000000000000000000000000000000000000000000000000 mem_order_sha=6bcf6ebb5b6d2890 motion_cols_sha=934096701ddf3f12 donor=None cover=exact:0,fallback:0,cycle:0,cross_seg:0 gate=none num_steps=10 act_sha=48f4614dfc51ee97 infer_ms=69.7
INFO:mme_vla_suite.serving.websocket_policy_server:TIMING infer_ms=69.7
INFO:mme_vla_suite.serving.websocket_policy_server:TIMING add_buffer_ms=1471.4 frames=16 exec_start_idx=0
MV_INFER cond=normal split=test task=VideoUnmask ep=7 ep_seq=5 infer_seq=34 t=594 es=66 k=35 motion_frames=0,16,32,66,82,98,114,130,146,162,178,194,210,226,242,258,274,290,306,322,338,354,370,386,402,418,434,450,466,482,498,514,530,546,562 motion_emb_sha=6793f34b77e9e3c1 motion_pos_sha=6d05b975d6d1bcd6 motion_mask=111111111111111111111111111111111110000000000000000000000000000000000000000000000000000000000000 mem_order_sha=16590d4d73ae0e84 motion_cols_sha=5040b814fe13feef donor=None cover=exact:0,fallback:0,cycle:0,cross_seg:0 gate=none num_steps=10 act_sha=0931873b5fe320b9 infer_ms=69.6
INFO:mme_vla_suite.serving.websocket_policy_server:TIMING infer_ms=69.6
INFO:mme_vla_suite.serving.websocket_policy_server:TIMING add_buffer_ms=1464.3 frames=16 exec_start_idx=0
MV_INFER cond=normal split=test task=VideoUnmask ep=7 ep_seq=5 infer_seq=35 t=610 es=66 k=36 motion_frames=0,16,32,66,82,98,114,130,146,162,178,194,210,226,242,258,274,290,306,322,338,354,370,386,402,418,434,450,466,482,498,514,530,546,562,578 motion_emb_sha=689c27dcc48249fd motion_pos_sha=0dadfc909d6708b4 motion_mask=111111111111111111111111111111111111000000000000000000000000000000000000000000000000000000000000 mem_order_sha=43ad8d10ecf3dd11 motion_cols_sha=aa122da8b650e77e donor=None cover=exact:0,fallback:0,cycle:0,cross_seg:0 gate=none num_steps=10 act_sha=3e7a44faa7de73f5 infer_ms=69.6
INFO:mme_vla_suite.serving.websocket_policy_server:TIMING infer_ms=69.6
INFO:mme_vla_suite.serving.websocket_policy_server:TIMING add_buffer_ms=1464.9 frames=16 exec_start_idx=0
MV_INFER cond=normal split=test task=VideoUnmask ep=7 ep_seq=5 infer_seq=36 t=626 es=66 k=37 motion_frames=0,16,32,66,82,98,114,130,146,162,178,194,210,226,242,258,274,290,306,322,338,354,370,386,402,418,434,450,466,482,498,514,530,546,562,578,594 motion_emb_sha=f2d4a9d26c50c6e0 motion_pos_sha=8183ecf00893acbf motion_mask=111111111111111111111111111111111111100000000000000000000000000000000000000000000000000000000000 mem_order_sha=fe0cbc0742b460ec motion_cols_sha=0c67f2f20096bd57 donor=None cover=exact:0,fallback:0,cycle:0,cross_seg:0 gate=none num_steps=10 act_sha=f049b952fa17af02 infer_ms=69.6
INFO:mme_vla_suite.serving.websocket_policy_server:TIMING infer_ms=69.6
INFO:mme_vla_suite.serving.websocket_policy_server:TIMING add_buffer_ms=1461.3 frames=16 exec_start_idx=0
MV_INFER cond=normal split=test task=VideoUnmask ep=7 ep_seq=5 infer_seq=37 t=642 es=66 k=38 motion_frames=0,16,32,66,82,98,114,130,146,162,178,194,210,226,242,258,274,290,306,322,338,354,370,386,402,418,434,450,466,482,498,514,530,546,562,578,594,610 motion_emb_sha=f3627b64dd4df6e8 motion_pos_sha=3c525b59051fa8dc motion_mask=111111111111111111111111111111111111110000000000000000000000000000000000000000000000000000000000 mem_order_sha=ace453b3c01b7133 motion_cols_sha=b4ea16ebee28540e donor=None cover=exact:0,fallback:0,cycle:0,cross_seg:0 gate=none num_steps=10 act_sha=a16f7a427a2df4ea infer_ms=69.9
INFO:mme_vla_suite.serving.websocket_policy_server:TIMING infer_ms=69.9
INFO:mme_vla_suite.serving.websocket_policy_server:TIMING add_buffer_ms=1463.6 frames=16 exec_start_idx=0
MV_INFER cond=normal split=test task=VideoUnmask ep=7 ep_seq=5 infer_seq=38 t=658 es=66 k=39 motion_frames=0,16,32,66,82,98,114,130,146,162,178,194,210,226,242,258,274,290,306,322,338,354,370,386,402,418,434,450,466,482,498,514,530,546,562,578,594,610,626 motion_emb_sha=e9ba3e8c387069ee motion_pos_sha=12e3f992ce31daed motion_mask=111111111111111111111111111111111111111000000000000000000000000000000000000000000000000000000000 mem_order_sha=61d03335afe043c9 motion_cols_sha=2181bccfaaacfb4c donor=None cover=exact:0,fallback:0,cycle:0,cross_seg:0 gate=none num_steps=10 act_sha=e1c66ae77743d59f infer_ms=69.6
INFO:mme_vla_suite.serving.websocket_policy_server:TIMING infer_ms=69.6
INFO:mme_vla_suite.serving.websocket_policy_server:TIMING add_buffer_ms=1463.0 frames=16 exec_start_idx=0
MV_INFER cond=normal split=test task=VideoUnmask ep=7 ep_seq=5 infer_seq=39 t=674 es=66 k=40 motion_frames=0,16,32,66,82,98,114,130,146,162,178,194,210,226,242,258,274,290,306,322,338,354,370,386,402,418,434,450,466,482,498,514,530,546,562,578,594,610,626,642 motion_emb_sha=aff02d2b48300f9f motion_pos_sha=2f1a4535b5d9b52a motion_mask=111111111111111111111111111111111111111100000000000000000000000000000000000000000000000000000000 mem_order_sha=2524cb3ebfb9b556 motion_cols_sha=44968bdbfef24e29 donor=None cover=exact:0,fallback:0,cycle:0,cross_seg:0 gate=none num_steps=10 act_sha=70de9ae754411d86 infer_ms=69.7
INFO:mme_vla_suite.serving.websocket_policy_server:TIMING infer_ms=69.7
INFO:mme_vla_suite.serving.websocket_policy_server:TIMING add_buffer_ms=1462.1 frames=16 exec_start_idx=0
MV_INFER cond=normal split=test task=VideoUnmask ep=7 ep_seq=5 infer_seq=40 t=690 es=66 k=41 motion_frames=0,16,32,66,82,98,114,130,146,162,178,194,210,226,242,258,274,290,306,322,338,354,370,386,402,418,434,450,466,482,498,514,530,546,562,578,594,610,626,642,658 motion_emb_sha=647d71fac38133f8 motion_pos_sha=94615affc3ce48ee motion_mask=111111111111111111111111111111111111111110000000000000000000000000000000000000000000000000000000 mem_order_sha=9082cb7627011385 motion_cols_sha=0d46dee59346ada9 donor=None cover=exact:0,fallback:0,cycle:0,cross_seg:0 gate=none num_steps=10 act_sha=4b4105a7288f7506 infer_ms=69.9
INFO:mme_vla_suite.serving.websocket_policy_server:TIMING infer_ms=69.9
INFO:mme_vla_suite.serving.websocket_policy_server:TIMING add_buffer_ms=1467.4 frames=16 exec_start_idx=0
MV_INFER cond=normal split=test task=VideoUnmask ep=7 ep_seq=5 infer_seq=41 t=706 es=66 k=42 motion_frames=0,16,32,66,82,98,114,130,146,162,178,194,210,226,242,258,274,290,306,322,338,354,370,386,402,418,434,450,466,482,498,514,530,546,562,578,594,610,626,642,658,674 motion_emb_sha=1dfe303d32105f7e motion_pos_sha=24317eca0b9abf85 motion_mask=111111111111111111111111111111111111111111000000000000000000000000000000000000000000000000000000 mem_order_sha=9662e474b623c915 motion_cols_sha=0faf1bc59289c62e donor=None cover=exact:0,fallback:0,cycle:0,cross_seg:0 gate=none num_steps=10 act_sha=91e23099b48e87ce infer_ms=69.6
INFO:mme_vla_suite.serving.websocket_policy_server:TIMING infer_ms=69.6
INFO:mme_vla_suite.serving.websocket_policy_server:TIMING add_buffer_ms=1463.4 frames=16 exec_start_idx=0
MV_INFER cond=normal split=test task=VideoUnmask ep=7 ep_seq=5 infer_seq=42 t=722 es=66 k=43 motion_frames=0,16,32,66,82,98,114,130,146,162,178,194,210,226,242,258,274,290,306,322,338,354,370,386,402,418,434,450,466,482,498,514,530,546,562,578,594,610,626,642,658,674,690 motion_emb_sha=838a32b5e195afdb motion_pos_sha=3c375b5b266182ec motion_mask=111111111111111111111111111111111111111111100000000000000000000000000000000000000000000000000000 mem_order_sha=779ddf72b580def5 motion_cols_sha=78b0865e1248c113 donor=None cover=exact:0,fallback:0,cycle:0,cross_seg:0 gate=none num_steps=10 act_sha=8de44c15a405951b infer_ms=69.6
INFO:mme_vla_suite.serving.websocket_policy_server:TIMING infer_ms=69.6
INFO:mme_vla_suite.serving.websocket_policy_server:TIMING add_buffer_ms=1462.1 frames=16 exec_start_idx=0
MV_INFER cond=normal split=test task=VideoUnmask ep=7 ep_seq=5 infer_seq=43 t=738 es=66 k=44 motion_frames=0,16,32,66,82,98,114,130,146,162,178,194,210,226,242,258,274,290,306,322,338,354,370,386,402,418,434,450,466,482,498,514,530,546,562,578,594,610,626,642,658,674,690,706 motion_emb_sha=796b1440f923acc4 motion_pos_sha=9a98523100173224 motion_mask=111111111111111111111111111111111111111111110000000000000000000000000000000000000000000000000000 mem_order_sha=40166ba87744e340 motion_cols_sha=e738d8133285e097 donor=None cover=exact:0,fallback:0,cycle:0,cross_seg:0 gate=none num_steps=10 act_sha=3513f10b6d8140a2 infer_ms=69.5
INFO:mme_vla_suite.serving.websocket_policy_server:TIMING infer_ms=69.5
INFO:mme_vla_suite.serving.websocket_policy_server:TIMING add_buffer_ms=1460.0 frames=16 exec_start_idx=0
MV_INFER cond=normal split=test task=VideoUnmask ep=7 ep_seq=5 infer_seq=44 t=754 es=66 k=45 motion_frames=0,16,32,66,82,98,114,130,146,162,178,194,210,226,242,258,274,290,306,322,338,354,370,386,402,418,434,450,466,482,498,514,530,546,562,578,594,610,626,642,658,674,690,706,722 motion_emb_sha=c4ea06ec34910512 motion_pos_sha=509f6d7dfd3b6b7d motion_mask=111111111111111111111111111111111111111111111000000000000000000000000000000000000000000000000000 mem_order_sha=ac51a1bd09d9b3dc motion_cols_sha=ee6546d364856f36 donor=None cover=exact:0,fallback:0,cycle:0,cross_seg:0 gate=none num_steps=10 act_sha=a6d26a6c7dee26d1 infer_ms=69.6
INFO:mme_vla_suite.serving.websocket_policy_server:TIMING infer_ms=69.6
INFO:mme_vla_suite.serving.websocket_policy_server:TIMING add_buffer_ms=1466.8 frames=16 exec_start_idx=0
MV_INFER cond=normal split=test task=VideoUnmask ep=7 ep_seq=5 infer_seq=45 t=770 es=66 k=46 motion_frames=0,16,32,66,82,98,114,130,146,162,178,194,210,226,242,258,274,290,306,322,338,354,370,386,402,418,434,450,466,482,498,514,530,546,562,578,594,610,626,642,658,674,690,706,722,738 motion_emb_sha=7f5e98a20e70c232 motion_pos_sha=4883ad512b94ae90 motion_mask=111111111111111111111111111111111111111111111100000000000000000000000000000000000000000000000000 mem_order_sha=07b356a0b988bd26 motion_cols_sha=e4ca59fb8cf6b258 donor=None cover=exact:0,fallback:0,cycle:0,cross_seg:0 gate=none num_steps=10 act_sha=a53c5a719cf32632 infer_ms=70.4
INFO:mme_vla_suite.serving.websocket_policy_server:TIMING infer_ms=70.4
INFO:mme_vla_suite.serving.websocket_policy_server:TIMING add_buffer_ms=1468.5 frames=16 exec_start_idx=0
MV_INFER cond=normal split=test task=VideoUnmask ep=7 ep_seq=5 infer_seq=46 t=786 es=66 k=47 motion_frames=0,16,32,66,82,98,114,130,146,162,178,194,210,226,242,258,274,290,306,322,338,354,370,386,402,418,434,450,466,482,498,514,530,546,562,578,594,610,626,642,658,674,690,706,722,738,754 motion_emb_sha=0af3876d969d5652 motion_pos_sha=6a9ee8166dc2e430 motion_mask=111111111111111111111111111111111111111111111110000000000000000000000000000000000000000000000000 mem_order_sha=56366bc252c0055a motion_cols_sha=6b2b7e9f2f7e8ece donor=None cover=exact:0,fallback:0,cycle:0,cross_seg:0 gate=none num_steps=10 act_sha=9dffc189c9f91caa infer_ms=69.8
INFO:mme_vla_suite.serving.websocket_policy_server:TIMING infer_ms=69.8
INFO:mme_vla_suite.serving.websocket_policy_server:TIMING add_buffer_ms=1460.9 frames=16 exec_start_idx=0
MV_INFER cond=normal split=test task=VideoUnmask ep=7 ep_seq=5 infer_seq=47 t=802 es=66 k=48 motion_frames=0,16,32,66,82,98,114,130,146,162,178,194,210,226,242,258,274,290,306,322,338,354,370,386,402,418,434,450,466,482,498,514,530,546,562,578,594,610,626,642,658,674,690,706,722,738,754,770 motion_emb_sha=f4ace247525f63fd motion_pos_sha=8b207287f3bb2ce8 motion_mask=111111111111111111111111111111111111111111111111000000000000000000000000000000000000000000000000 mem_order_sha=41f68824fa24eca0 motion_cols_sha=b4369eb188fc7e5f donor=None cover=exact:0,fallback:0,cycle:0,cross_seg:0 gate=none num_steps=10 act_sha=a932c8561c2ef2b8 infer_ms=69.7
INFO:mme_vla_suite.serving.websocket_policy_server:TIMING infer_ms=69.7
INFO:mme_vla_suite.serving.websocket_policy_server:TIMING add_buffer_ms=1462.4 frames=16 exec_start_idx=0
MV_INFER cond=normal split=test task=VideoUnmask ep=7 ep_seq=5 infer_seq=48 t=818 es=66 k=49 motion_frames=0,16,32,66,82,98,114,130,146,162,178,194,210,226,242,258,274,290,306,322,338,354,370,386,402,418,434,450,466,482,498,514,530,546,562,578,594,610,626,642,658,674,690,706,722,738,754,770,786 motion_emb_sha=77941584651f3c49 motion_pos_sha=ae2cf5887ec7ed11 motion_mask=111111111111111111111111111111111111111111111111100000000000000000000000000000000000000000000000 mem_order_sha=60c16c435f0ad8f0 motion_cols_sha=9daa2835b81b6f76 donor=None cover=exact:0,fallback:0,cycle:0,cross_seg:0 gate=none num_steps=10 act_sha=2e899eb442b3b28e infer_ms=69.7
INFO:mme_vla_suite.serving.websocket_policy_server:TIMING infer_ms=69.7
INFO:mme_vla_suite.serving.websocket_policy_server:TIMING add_buffer_ms=1460.7 frames=16 exec_start_idx=0
MV_INFER cond=normal split=test task=VideoUnmask ep=7 ep_seq=5 infer_seq=49 t=834 es=66 k=50 motion_frames=0,16,32,66,82,98,114,130,146,162,178,194,210,226,242,258,274,290,306,322,338,354,370,386,402,418,434,450,466,482,498,514,530,546,562,578,594,610,626,642,658,674,690,706,722,738,754,770,786,802 motion_emb_sha=4113bde1f188a045 motion_pos_sha=9c11a0b2d55fc505 motion_mask=111111111111111111111111111111111111111111111111110000000000000000000000000000000000000000000000 mem_order_sha=a88b75a1e693ecdd motion_cols_sha=7484410ffc741e26 donor=None cover=exact:0,fallback:0,cycle:0,cross_seg:0 gate=none num_steps=10 act_sha=4dad7402b2b1636f infer_ms=70.1
INFO:mme_vla_suite.serving.websocket_policy_server:TIMING infer_ms=70.1
INFO:mme_vla_suite.serving.websocket_policy_server:TIMING add_buffer_ms=1464.8 frames=16 exec_start_idx=0
MV_INFER cond=normal split=test task=VideoUnmask ep=7 ep_seq=5 infer_seq=50 t=850 es=66 k=51 motion_frames=0,16,32,66,82,98,114,130,146,162,178,194,210,226,242,258,274,290,306,322,338,354,370,386,402,418,434,450,466,482,498,514,530,546,562,578,594,610,626,642,658,674,690,706,722,738,754,770,786,802,818 motion_emb_sha=d6923e89927662b9 motion_pos_sha=263dfd265e5e2d39 motion_mask=111111111111111111111111111111111111111111111111111000000000000000000000000000000000000000000000 mem_order_sha=c91702d0779b6d9a motion_cols_sha=3f670b6b83873138 donor=None cover=exact:0,fallback:0,cycle:0,cross_seg:0 gate=none num_steps=10 act_sha=2ae9a9f16204d63b infer_ms=69.8
INFO:mme_vla_suite.serving.websocket_policy_server:TIMING infer_ms=69.8
INFO:mme_vla_suite.serving.websocket_policy_server:TIMING add_buffer_ms=1463.1 frames=16 exec_start_idx=0
MV_INFER cond=normal split=test task=VideoUnmask ep=7 ep_seq=5 infer_seq=51 t=866 es=66 k=52 motion_frames=0,16,32,66,82,98,114,130,146,162,178,194,210,226,242,258,274,290,306,322,338,354,370,386,402,418,434,450,466,482,498,514,530,546,562,578,594,610,626,642,658,674,690,706,722,738,754,770,786,802,818,834 motion_emb_sha=dc906f4d0dc576d9 motion_pos_sha=b13198acaebe117b motion_mask=111111111111111111111111111111111111111111111111111100000000000000000000000000000000000000000000 mem_order_sha=98aad9918dbabe49 motion_cols_sha=8c111b464e2545b4 donor=None cover=exact:0,fallback:0,cycle:0,cross_seg:0 gate=none num_steps=10 act_sha=682dafc14151ee83 infer_ms=69.7
INFO:mme_vla_suite.serving.websocket_policy_server:TIMING infer_ms=69.7
INFO:mme_vla_suite.serving.websocket_policy_server:TIMING add_buffer_ms=1461.6 frames=16 exec_start_idx=0
MV_INFER cond=normal split=test task=VideoUnmask ep=7 ep_seq=5 infer_seq=52 t=882 es=66 k=53 motion_frames=0,16,32,66,82,98,114,130,146,162,178,194,210,226,242,258,274,290,306,322,338,354,370,386,402,418,434,450,466,482,498,514,530,546,562,578,594,610,626,642,658,674,690,706,722,738,754,770,786,802,818,834,850 motion_emb_sha=e40b4d77a8d2058d motion_pos_sha=2a093ef2193348f4 motion_mask=111111111111111111111111111111111111111111111111111110000000000000000000000000000000000000000000 mem_order_sha=e5a38de8aead414f motion_cols_sha=2ef65e70a4ed9492 donor=None cover=exact:0,fallback:0,cycle:0,cross_seg:0 gate=none num_steps=10 act_sha=2edc1e24b0ab7837 infer_ms=69.6
INFO:mme_vla_suite.serving.websocket_policy_server:TIMING infer_ms=69.6
INFO:mme_vla_suite.serving.websocket_policy_server:TIMING add_buffer_ms=1459.0 frames=16 exec_start_idx=0
MV_INFER cond=normal split=test task=VideoUnmask ep=7 ep_seq=5 infer_seq=53 t=898 es=66 k=54 motion_frames=0,16,32,66,82,98,114,130,146,162,178,194,210,226,242,258,274,290,306,322,338,354,370,386,402,418,434,450,466,482,498,514,530,546,562,578,594,610,626,642,658,674,690,706,722,738,754,770,786,802,818,834,850,866 motion_emb_sha=6a5a91789617c987 motion_pos_sha=55de1f995c4ecf78 motion_mask=111111111111111111111111111111111111111111111111111111000000000000000000000000000000000000000000 mem_order_sha=f1b08357d67dad3a motion_cols_sha=2ee438815fa4742b donor=None cover=exact:0,fallback:0,cycle:0,cross_seg:0 gate=none num_steps=10 act_sha=356b77f02155b665 infer_ms=69.9
INFO:mme_vla_suite.serving.websocket_policy_server:TIMING infer_ms=69.9
INFO:mme_vla_suite.serving.websocket_policy_server:TIMING add_buffer_ms=1464.3 frames=16 exec_start_idx=0
MV_INFER cond=normal split=test task=VideoUnmask ep=7 ep_seq=5 infer_seq=54 t=914 es=66 k=55 motion_frames=0,16,32,66,82,98,114,130,146,162,178,194,210,226,242,258,274,290,306,322,338,354,370,386,402,418,434,450,466,482,498,514,530,546,562,578,594,610,626,642,658,674,690,706,722,738,754,770,786,802,818,834,850,866,882 motion_emb_sha=053348c23a64b3cf motion_pos_sha=b3139dd1f53b7b58 motion_mask=111111111111111111111111111111111111111111111111111111100000000000000000000000000000000000000000 mem_order_sha=8224669e500670e7 motion_cols_sha=718378567319b213 donor=None cover=exact:0,fallback:0,cycle:0,cross_seg:0 gate=none num_steps=10 act_sha=d296c78a29c5c260 infer_ms=69.6
INFO:mme_vla_suite.serving.websocket_policy_server:TIMING infer_ms=69.6
INFO:mme_vla_suite.serving.websocket_policy_server:TIMING add_buffer_ms=1462.0 frames=16 exec_start_idx=0
MV_INFER cond=normal split=test task=VideoUnmask ep=7 ep_seq=5 infer_seq=55 t=930 es=66 k=56 motion_frames=0,16,32,66,82,98,114,130,146,162,178,194,210,226,242,258,274,290,306,322,338,354,370,386,402,418,434,450,466,482,498,514,530,546,562,578,594,610,626,642,658,674,690,706,722,738,754,770,786,802,818,834,850,866,882,898 motion_emb_sha=2178272cdf0f5c0d motion_pos_sha=89906205e4aff050 motion_mask=111111111111111111111111111111111111111111111111111111110000000000000000000000000000000000000000 mem_order_sha=2b5aeeda86acbd4c motion_cols_sha=6b8d54a9b713b9bb donor=None cover=exact:0,fallback:0,cycle:0,cross_seg:0 gate=none num_steps=10 act_sha=219d8b409c8b0bd3 infer_ms=70.0
INFO:mme_vla_suite.serving.websocket_policy_server:TIMING infer_ms=70.0
INFO:mme_vla_suite.serving.websocket_policy_server:TIMING add_buffer_ms=1464.5 frames=16 exec_start_idx=0
MV_INFER cond=normal split=test task=VideoUnmask ep=7 ep_seq=5 infer_seq=56 t=946 es=66 k=57 motion_frames=0,16,32,66,82,98,114,130,146,162,178,194,210,226,242,258,274,290,306,322,338,354,370,386,402,418,434,450,466,482,498,514,530,546,562,578,594,610,626,642,658,674,690,706,722,738,754,770,786,802,818,834,850,866,882,898,914 motion_emb_sha=ef5932867efcb4bf motion_pos_sha=1a047899f2f73e77 motion_mask=111111111111111111111111111111111111111111111111111111111000000000000000000000000000000000000000 mem_order_sha=f518d61aaeb7b9a4 motion_cols_sha=7e7294586c095a3b donor=None cover=exact:0,fallback:0,cycle:0,cross_seg:0 gate=none num_steps=10 act_sha=127d14bb340ee6c5 infer_ms=69.7
INFO:mme_vla_suite.serving.websocket_policy_server:TIMING infer_ms=69.7
INFO:mme_vla_suite.serving.websocket_policy_server:TIMING add_buffer_ms=1461.9 frames=16 exec_start_idx=0
MV_INFER cond=normal split=test task=VideoUnmask ep=7 ep_seq=5 infer_seq=57 t=962 es=66 k=58 motion_frames=0,16,32,66,82,98,114,130,146,162,178,194,210,226,242,258,274,290,306,322,338,354,370,386,402,418,434,450,466,482,498,514,530,546,562,578,594,610,626,642,658,674,690,706,722,738,754,770,786,802,818,834,850,866,882,898,914,930 motion_emb_sha=a3b501360c95b75e motion_pos_sha=ea2f391a4a415ca2 motion_mask=111111111111111111111111111111111111111111111111111111111100000000000000000000000000000000000000 mem_order_sha=7393759e909a4426 motion_cols_sha=390f291c89898410 donor=None cover=exact:0,fallback:0,cycle:0,cross_seg:0 gate=none num_steps=10 act_sha=eb7ad8af1994b812 infer_ms=69.7
INFO:mme_vla_suite.serving.websocket_policy_server:TIMING infer_ms=69.7
INFO:mme_vla_suite.serving.websocket_policy_server:TIMING add_buffer_ms=1462.3 frames=16 exec_start_idx=0
MV_INFER cond=normal split=test task=VideoUnmask ep=7 ep_seq=5 infer_seq=58 t=978 es=66 k=59 motion_frames=0,16,32,66,82,98,114,130,146,162,178,194,210,226,242,258,274,290,306,322,338,354,370,386,402,418,434,450,466,482,498,514,530,546,562,578,594,610,626,642,658,674,690,706,722,738,754,770,786,802,818,834,850,866,882,898,914,930,946 motion_emb_sha=79ab41b334c6ca0f motion_pos_sha=d0a97db97da9ff63 motion_mask=111111111111111111111111111111111111111111111111111111111110000000000000000000000000000000000000 mem_order_sha=a6d737f7e8bf2dbf motion_cols_sha=084cb2637a565d19 donor=None cover=exact:0,fallback:0,cycle:0,cross_seg:0 gate=none num_steps=10 act_sha=ae63846d65c09509 infer_ms=69.6
INFO:mme_vla_suite.serving.websocket_policy_server:TIMING infer_ms=69.6
INFO:mme_vla_suite.serving.websocket_policy_server:TIMING add_buffer_ms=1461.6 frames=16 exec_start_idx=0
MV_INFER cond=normal split=test task=VideoUnmask ep=7 ep_seq=5 infer_seq=59 t=994 es=66 k=60 motion_frames=0,16,32,66,82,98,114,130,146,162,178,194,210,226,242,258,274,290,306,322,338,354,370,386,402,418,434,450,466,482,498,514,530,546,562,578,594,610,626,642,658,674,690,706,722,738,754,770,786,802,818,834,850,866,882,898,914,930,946,962 motion_emb_sha=d7fbe8f6c1f4fcaf motion_pos_sha=790d5be294652bd4 motion_mask=111111111111111111111111111111111111111111111111111111111111000000000000000000000000000000000000 mem_order_sha=c6351d37ee6f0a46 motion_cols_sha=c8e32b5c1df81659 donor=None cover=exact:0,fallback:0,cycle:0,cross_seg:0 gate=none num_steps=10 act_sha=77886c8733b15343 infer_ms=69.7
INFO:mme_vla_suite.serving.websocket_policy_server:TIMING infer_ms=69.7
INFO:mme_vla_suite.serving.websocket_policy_server:TIMING add_buffer_ms=1460.6 frames=16 exec_start_idx=0
MV_INFER cond=normal split=test task=VideoUnmask ep=7 ep_seq=5 infer_seq=60 t=1010 es=66 k=61 motion_frames=0,16,32,66,82,98,114,130,146,162,178,194,210,226,242,258,274,290,306,322,338,354,370,386,402,418,434,450,466,482,498,514,530,546,562,578,594,610,626,642,658,674,690,706,722,738,754,770,786,802,818,834,850,866,882,898,914,930,946,962,978 motion_emb_sha=7014aaddc1f03bb2 motion_pos_sha=2e34907a852f78de motion_mask=111111111111111111111111111111111111111111111111111111111111100000000000000000000000000000000000 mem_order_sha=c470f0270fec02a5 motion_cols_sha=a6adf83306a269f4 donor=None cover=exact:0,fallback:0,cycle:0,cross_seg:0 gate=none num_steps=10 act_sha=8c477f79f40ee84f infer_ms=69.9
INFO:mme_vla_suite.serving.websocket_policy_server:TIMING infer_ms=69.9
INFO:mme_vla_suite.serving.websocket_policy_server:TIMING add_buffer_ms=1462.0 frames=16 exec_start_idx=0
MV_INFER cond=normal split=test task=VideoUnmask ep=7 ep_seq=5 infer_seq=61 t=1026 es=66 k=62 motion_frames=0,16,32,66,82,98,114,130,146,162,178,194,210,226,242,258,274,290,306,322,338,354,370,386,402,418,434,450,466,482,498,514,530,546,562,578,594,610,626,642,658,674,690,706,722,738,754,770,786,802,818,834,850,866,882,898,914,930,946,962,978,994 motion_emb_sha=5a7b825240651507 motion_pos_sha=109c4437d4230703 motion_mask=111111111111111111111111111111111111111111111111111111111111110000000000000000000000000000000000 mem_order_sha=5bb893874aabade9 motion_cols_sha=9e978042bcf2c4f2 donor=None cover=exact:0,fallback:0,cycle:0,cross_seg:0 gate=none num_steps=10 act_sha=3c8f9cfcefa21ac6 infer_ms=69.9
INFO:mme_vla_suite.serving.websocket_policy_server:TIMING infer_ms=69.9
INFO:mme_vla_suite.serving.websocket_policy_server:TIMING add_buffer_ms=1460.5 frames=16 exec_start_idx=0
MV_INFER cond=normal split=test task=VideoUnmask ep=7 ep_seq=5 infer_seq=62 t=1042 es=66 k=63 motion_frames=0,16,32,66,82,98,114,130,146,162,178,194,210,226,242,258,274,290,306,322,338,354,370,386,402,418,434,450,466,482,498,514,530,546,562,578,594,610,626,642,658,674,690,706,722,738,754,770,786,802,818,834,850,866,882,898,914,930,946,962,978,994,1010 motion_emb_sha=0967a72d79258230 motion_pos_sha=d8b557634b115ecf motion_mask=111111111111111111111111111111111111111111111111111111111111111000000000000000000000000000000000 mem_order_sha=0e81302bddf075e0 motion_cols_sha=5406ce1fc92c45d8 donor=None cover=exact:0,fallback:0,cycle:0,cross_seg:0 gate=none num_steps=10 act_sha=9eddc87115773446 infer_ms=70.1
INFO:mme_vla_suite.serving.websocket_policy_server:TIMING infer_ms=70.1
INFO:mme_vla_suite.serving.websocket_policy_server:TIMING add_buffer_ms=1466.9 frames=16 exec_start_idx=0
MV_INFER cond=normal split=test task=VideoUnmask ep=7 ep_seq=5 infer_seq=63 t=1058 es=66 k=64 motion_frames=0,16,32,66,82,98,114,130,146,162,178,194,210,226,242,258,274,290,306,322,338,354,370,386,402,418,434,450,466,482,498,514,530,546,562,578,594,610,626,642,658,674,690,706,722,738,754,770,786,802,818,834,850,866,882,898,914,930,946,962,978,994,1010,1026 motion_emb_sha=93fc350bd4c6c515 motion_pos_sha=271fda67f39530cb motion_mask=111111111111111111111111111111111111111111111111111111111111111100000000000000000000000000000000 mem_order_sha=7a19351f4376a305 motion_cols_sha=dc5bbe0df3d49ebb donor=None cover=exact:0,fallback:0,cycle:0,cross_seg:0 gate=none num_steps=10 act_sha=c1505ccdcedc8354 infer_ms=69.6
INFO:mme_vla_suite.serving.websocket_policy_server:TIMING infer_ms=69.6
INFO:mme_vla_suite.serving.websocket_policy_server:TIMING add_buffer_ms=1460.1 frames=16 exec_start_idx=0
MV_INFER cond=normal split=test task=VideoUnmask ep=7 ep_seq=5 infer_seq=64 t=1074 es=66 k=65 motion_frames=0,16,32,66,82,98,114,130,146,162,178,194,210,226,242,258,274,290,306,322,338,354,370,386,402,418,434,450,466,482,498,514,530,546,562,578,594,610,626,642,658,674,690,706,722,738,754,770,786,802,818,834,850,866,882,898,914,930,946,962,978,994,1010,1026,1042 motion_emb_sha=eefd975c1ccf6607 motion_pos_sha=fa85e53a5775ecc0 motion_mask=111111111111111111111111111111111111111111111111111111111111111110000000000000000000000000000000 mem_order_sha=b601c04ef9e0dbc6 motion_cols_sha=890fca657d099dbf donor=None cover=exact:0,fallback:0,cycle:0,cross_seg:0 gate=none num_steps=10 act_sha=4f1df0d8bf1e364b infer_ms=69.6
INFO:mme_vla_suite.serving.websocket_policy_server:TIMING infer_ms=69.6
INFO:mme_vla_suite.serving.websocket_policy_server:TIMING add_buffer_ms=1460.3 frames=16 exec_start_idx=0
MV_INFER cond=normal split=test task=VideoUnmask ep=7 ep_seq=5 infer_seq=65 t=1090 es=66 k=66 motion_frames=0,16,32,66,82,98,114,130,146,162,178,194,210,226,242,258,274,290,306,322,338,354,370,386,402,418,434,450,466,482,498,514,530,546,562,578,594,610,626,642,658,674,690,706,722,738,754,770,786,802,818,834,850,866,882,898,914,930,946,962,978,994,1010,1026,1042,1058 motion_emb_sha=aa848a9bee490980 motion_pos_sha=00b7f7a8c4373e0e motion_mask=111111111111111111111111111111111111111111111111111111111111111111000000000000000000000000000000 mem_order_sha=09d3f5b5dd76b6e9 motion_cols_sha=25c9a528ac0a9932 donor=None cover=exact:0,fallback:0,cycle:0,cross_seg:0 gate=none num_steps=10 act_sha=65a0ec9061fd51e2 infer_ms=69.7
INFO:mme_vla_suite.serving.websocket_policy_server:TIMING infer_ms=69.7
INFO:mme_vla_suite.serving.websocket_policy_server:TIMING add_buffer_ms=1465.8 frames=16 exec_start_idx=0
MV_INFER cond=normal split=test task=VideoUnmask ep=7 ep_seq=5 infer_seq=66 t=1106 es=66 k=67 motion_frames=0,16,32,66,82,98,114,130,146,162,178,194,210,226,242,258,274,290,306,322,338,354,370,386,402,418,434,450,466,482,498,514,530,546,562,578,594,610,626,642,658,674,690,706,722,738,754,770,786,802,818,834,850,866,882,898,914,930,946,962,978,994,1010,1026,1042,1058,1074 motion_emb_sha=088bfff02f29406f motion_pos_sha=20f512f1811b25ab motion_mask=111111111111111111111111111111111111111111111111111111111111111111100000000000000000000000000000 mem_order_sha=d286e2d851463be3 motion_cols_sha=c30c2969e0b64272 donor=None cover=exact:0,fallback:0,cycle:0,cross_seg:0 gate=none num_steps=10 act_sha=445db19a907982e9 infer_ms=69.7
INFO:mme_vla_suite.serving.websocket_policy_server:TIMING infer_ms=69.7
INFO:mme_vla_suite.serving.websocket_policy_server:TIMING add_buffer_ms=1459.2 frames=16 exec_start_idx=0
MV_INFER cond=normal split=test task=VideoUnmask ep=7 ep_seq=5 infer_seq=67 t=1122 es=66 k=68 motion_frames=0,16,32,66,82,98,114,130,146,162,178,194,210,226,242,258,274,290,306,322,338,354,370,386,402,418,434,450,466,482,498,514,530,546,562,578,594,610,626,642,658,674,690,706,722,738,754,770,786,802,818,834,850,866,882,898,914,930,946,962,978,994,1010,1026,1042,1058,1074,1090 motion_emb_sha=cb0c848655913645 motion_pos_sha=3aac68b3e79c33d3 motion_mask=111111111111111111111111111111111111111111111111111111111111111111110000000000000000000000000000 mem_order_sha=fcc8990fd6205a78 motion_cols_sha=bc81ec06115cc100 donor=None cover=exact:0,fallback:0,cycle:0,cross_seg:0 gate=none num_steps=10 act_sha=2e6289105cab0e74 infer_ms=69.8
INFO:mme_vla_suite.serving.websocket_policy_server:TIMING infer_ms=69.8
INFO:mme_vla_suite.serving.websocket_policy_server:TIMING add_buffer_ms=1460.5 frames=16 exec_start_idx=0
MV_INFER cond=normal split=test task=VideoUnmask ep=7 ep_seq=5 infer_seq=68 t=1138 es=66 k=69 motion_frames=0,16,32,66,82,98,114,130,146,162,178,194,210,226,242,258,274,290,306,322,338,354,370,386,402,418,434,450,466,482,498,514,530,546,562,578,594,610,626,642,658,674,690,706,722,738,754,770,786,802,818,834,850,866,882,898,914,930,946,962,978,994,1010,1026,1042,1058,1074,1090,1106 motion_emb_sha=7bc266af5648b3ff motion_pos_sha=ba7593f8721dd2c1 motion_mask=111111111111111111111111111111111111111111111111111111111111111111111000000000000000000000000000 mem_order_sha=b78b9750c97933d5 motion_cols_sha=5410c8f3de54e7b5 donor=None cover=exact:0,fallback:0,cycle:0,cross_seg:0 gate=none num_steps=10 act_sha=d4107dbc6d7c426a infer_ms=69.9
INFO:mme_vla_suite.serving.websocket_policy_server:TIMING infer_ms=69.9
INFO:mme_vla_suite.serving.websocket_policy_server:TIMING add_buffer_ms=1460.8 frames=16 exec_start_idx=0
MV_INFER cond=normal split=test task=VideoUnmask ep=7 ep_seq=5 infer_seq=69 t=1154 es=66 k=70 motion_frames=0,16,32,66,82,98,114,130,146,162,178,194,210,226,242,258,274,290,306,322,338,354,370,386,402,418,434,450,466,482,498,514,530,546,562,578,594,610,626,642,658,674,690,706,722,738,754,770,786,802,818,834,850,866,882,898,914,930,946,962,978,994,1010,1026,1042,1058,1074,1090,1106,1122 motion_emb_sha=52fd967f30d14379 motion_pos_sha=ae686e53aa95af62 motion_mask=111111111111111111111111111111111111111111111111111111111111111111111100000000000000000000000000 mem_order_sha=3d108d5ca0c70839 motion_cols_sha=5c32357c7498011b donor=None cover=exact:0,fallback:0,cycle:0,cross_seg:0 gate=none num_steps=10 act_sha=831bd05d4f7539be infer_ms=69.7
INFO:mme_vla_suite.serving.websocket_policy_server:TIMING infer_ms=69.7
INFO:mme_vla_suite.serving.websocket_policy_server:TIMING add_buffer_ms=1458.6 frames=16 exec_start_idx=0
MV_INFER cond=normal split=test task=VideoUnmask ep=7 ep_seq=5 infer_seq=70 t=1170 es=66 k=71 motion_frames=0,16,32,66,82,98,114,130,146,162,178,194,210,226,242,258,274,290,306,322,338,354,370,386,402,418,434,450,466,482,498,514,530,546,562,578,594,610,626,642,658,674,690,706,722,738,754,770,786,802,818,834,850,866,882,898,914,930,946,962,978,994,1010,1026,1042,1058,1074,1090,1106,1122,1138 motion_emb_sha=8a563ee7477a3f92 motion_pos_sha=062968b206722b55 motion_mask=111111111111111111111111111111111111111111111111111111111111111111111110000000000000000000000000 mem_order_sha=d8911d4dcb9816ff motion_cols_sha=63019f0fb3a31085 donor=None cover=exact:0,fallback:0,cycle:0,cross_seg:0 gate=none num_steps=10 act_sha=f826e7de4d5adc7f infer_ms=69.7
INFO:mme_vla_suite.serving.websocket_policy_server:TIMING infer_ms=69.7
INFO:mme_vla_suite.serving.websocket_policy_server:TIMING add_buffer_ms=1463.1 frames=16 exec_start_idx=0
MV_INFER cond=normal split=test task=VideoUnmask ep=7 ep_seq=5 infer_seq=71 t=1186 es=66 k=72 motion_frames=0,16,32,66,82,98,114,130,146,162,178,194,210,226,242,258,274,290,306,322,338,354,370,386,402,418,434,450,466,482,498,514,530,546,562,578,594,610,626,642,658,674,690,706,722,738,754,770,786,802,818,834,850,866,882,898,914,930,946,962,978,994,1010,1026,1042,1058,1074,1090,1106,1122,1138,1154 motion_emb_sha=606842d25b734fd6 motion_pos_sha=87c2fee6322a2258 motion_mask=111111111111111111111111111111111111111111111111111111111111111111111111000000000000000000000000 mem_order_sha=5516fb617e9675da motion_cols_sha=e3ddf056c77d54cf donor=None cover=exact:0,fallback:0,cycle:0,cross_seg:0 gate=none num_steps=10 act_sha=200ce64397148f2f infer_ms=69.7
INFO:mme_vla_suite.serving.websocket_policy_server:TIMING infer_ms=69.7
INFO:mme_vla_suite.serving.websocket_policy_server:TIMING add_buffer_ms=1462.9 frames=16 exec_start_idx=0
MV_INFER cond=normal split=test task=VideoUnmask ep=7 ep_seq=5 infer_seq=72 t=1202 es=66 k=73 motion_frames=0,16,32,66,82,98,114,130,146,162,178,194,210,226,242,258,274,290,306,322,338,354,370,386,402,418,434,450,466,482,498,514,530,546,562,578,594,610,626,642,658,674,690,706,722,738,754,770,786,802,818,834,850,866,882,898,914,930,946,962,978,994,1010,1026,1042,1058,1074,1090,1106,1122,1138,1154,1170 motion_emb_sha=7043b3c59fdccdf3 motion_pos_sha=44bd19a2e07844b0 motion_mask=111111111111111111111111111111111111111111111111111111111111111111111111100000000000000000000000 mem_order_sha=dd4fd2ca0f1412be motion_cols_sha=cb8841baebe24b96 donor=None cover=exact:0,fallback:0,cycle:0,cross_seg:0 gate=none num_steps=10 act_sha=5039d6e899da5fe3 infer_ms=70.0
INFO:mme_vla_suite.serving.websocket_policy_server:TIMING infer_ms=70.0
INFO:mme_vla_suite.serving.websocket_policy_server:TIMING add_buffer_ms=1466.6 frames=16 exec_start_idx=0
MV_INFER cond=normal split=test task=VideoUnmask ep=7 ep_seq=5 infer_seq=73 t=1218 es=66 k=74 motion_frames=0,16,32,66,82,98,114,130,146,162,178,194,210,226,242,258,274,290,306,322,338,354,370,386,402,418,434,450,466,482,498,514,530,546,562,578,594,610,626,642,658,674,690,706,722,738,754,770,786,802,818,834,850,866,882,898,914,930,946,962,978,994,1010,1026,1042,1058,1074,1090,1106,1122,1138,1154,1170,1186 motion_emb_sha=234ad22a8c55ccee motion_pos_sha=98fddbe436ef58c7 motion_mask=111111111111111111111111111111111111111111111111111111111111111111111111110000000000000000000000 mem_order_sha=85778cc66634e0bb motion_cols_sha=7119c3770b6a85f1 donor=None cover=exact:0,fallback:0,cycle:0,cross_seg:0 gate=none num_steps=10 act_sha=dcd6f77aaf9cfdce infer_ms=69.6
INFO:mme_vla_suite.serving.websocket_policy_server:TIMING infer_ms=69.6
INFO:mme_vla_suite.serving.websocket_policy_server:TIMING add_buffer_ms=1460.1 frames=16 exec_start_idx=0
MV_INFER cond=normal split=test task=VideoUnmask ep=7 ep_seq=5 infer_seq=74 t=1234 es=66 k=75 motion_frames=0,16,32,66,82,98,114,130,146,162,178,194,210,226,242,258,274,290,306,322,338,354,370,386,402,418,434,450,466,482,498,514,530,546,562,578,594,610,626,642,658,674,690,706,722,738,754,770,786,802,818,834,850,866,882,898,914,930,946,962,978,994,1010,1026,1042,1058,1074,1090,1106,1122,1138,1154,1170,1186,1202 motion_emb_sha=cd13ede9bd979727 motion_pos_sha=6d2c13cbe0fc7b5e motion_mask=111111111111111111111111111111111111111111111111111111111111111111111111111000000000000000000000 mem_order_sha=074c503607dc30bc motion_cols_sha=09951f3ca1b1da54 donor=None cover=exact:0,fallback:0,cycle:0,cross_seg:0 gate=none num_steps=10 act_sha=37013f8376e30da0 infer_ms=69.9
INFO:mme_vla_suite.serving.websocket_policy_server:TIMING infer_ms=69.9
INFO:mme_vla_suite.serving.websocket_policy_server:TIMING add_buffer_ms=1467.4 frames=16 exec_start_idx=0
MV_INFER cond=normal split=test task=VideoUnmask ep=7 ep_seq=5 infer_seq=75 t=1250 es=66 k=76 motion_frames=0,16,32,66,82,98,114,130,146,162,178,194,210,226,242,258,274,290,306,322,338,354,370,386,402,418,434,450,466,482,498,514,530,546,562,578,594,610,626,642,658,674,690,706,722,738,754,770,786,802,818,834,850,866,882,898,914,930,946,962,978,994,1010,1026,1042,1058,1074,1090,1106,1122,1138,1154,1170,1186,1202,1218 motion_emb_sha=9dc06a92cbf0c938 motion_pos_sha=1bf124b22ee6e2bc motion_mask=111111111111111111111111111111111111111111111111111111111111111111111111111100000000000000000000 mem_order_sha=8cd7aba439834e45 motion_cols_sha=a73d0a5557f7a72b donor=None cover=exact:0,fallback:0,cycle:0,cross_seg:0 gate=none num_steps=10 act_sha=97a8dc07ded64055 infer_ms=69.7
INFO:mme_vla_suite.serving.websocket_policy_server:TIMING infer_ms=69.7
INFO:mme_vla_suite.serving.websocket_policy_server:TIMING add_buffer_ms=1467.9 frames=16 exec_start_idx=0
MV_INFER cond=normal split=test task=VideoUnmask ep=7 ep_seq=5 infer_seq=76 t=1266 es=66 k=77 motion_frames=0,16,32,66,82,98,114,130,146,162,178,194,210,226,242,258,274,290,306,322,338,354,370,386,402,418,434,450,466,482,498,514,530,546,562,578,594,610,626,642,658,674,690,706,722,738,754,770,786,802,818,834,850,866,882,898,914,930,946,962,978,994,1010,1026,1042,1058,1074,1090,1106,1122,1138,1154,1170,1186,1202,1218,1234 motion_emb_sha=5178153b677f355a motion_pos_sha=cd72716fad16ceb4 motion_mask=111111111111111111111111111111111111111111111111111111111111111111111111111110000000000000000000 mem_order_sha=6e0418ca080114fb motion_cols_sha=349f431b2ac05d1c donor=None cover=exact:0,fallback:0,cycle:0,cross_seg:0 gate=none num_steps=10 act_sha=85ede6d2378f2957 infer_ms=69.7
INFO:mme_vla_suite.serving.websocket_policy_server:TIMING infer_ms=69.7
[sidecar pid=833148] 窗 #401 起点 1250 耗时 1419 ms（累计 762s）
INFO:mme_vla_suite.serving.websocket_policy_server:TIMING add_buffer_ms=1463.1 frames=16 exec_start_idx=0
MV_INFER cond=normal split=test task=VideoUnmask ep=7 ep_seq=5 infer_seq=77 t=1282 es=66 k=78 motion_frames=0,16,32,66,82,98,114,130,146,162,178,194,210,226,242,258,274,290,306,322,338,354,370,386,402,418,434,450,466,482,498,514,530,546,562,578,594,610,626,642,658,674,690,706,722,738,754,770,786,802,818,834,850,866,882,898,914,930,946,962,978,994,1010,1026,1042,1058,1074,1090,1106,1122,1138,1154,1170,1186,1202,1218,1234,1250 motion_emb_sha=cab9512ca25f0773 motion_pos_sha=7dc0e880fdfb0754 motion_mask=111111111111111111111111111111111111111111111111111111111111111111111111111111000000000000000000 mem_order_sha=b0143d1b23e234a9 motion_cols_sha=558cbd0ddb85b838 donor=None cover=exact:0,fallback:0,cycle:0,cross_seg:0 gate=none num_steps=10 act_sha=98c362eab50b4416 infer_ms=69.7
INFO:mme_vla_suite.serving.websocket_policy_server:TIMING infer_ms=69.7
INFO:mme_vla_suite.serving.websocket_policy_server:TIMING add_buffer_ms=1459.1 frames=16 exec_start_idx=0
MV_INFER cond=normal split=test task=VideoUnmask ep=7 ep_seq=5 infer_seq=78 t=1298 es=66 k=79 motion_frames=0,16,32,66,82,98,114,130,146,162,178,194,210,226,242,258,274,290,306,322,338,354,370,386,402,418,434,450,466,482,498,514,530,546,562,578,594,610,626,642,658,674,690,706,722,738,754,770,786,802,818,834,850,866,882,898,914,930,946,962,978,994,1010,1026,1042,1058,1074,1090,1106,1122,1138,1154,1170,1186,1202,1218,1234,1250,1266 motion_emb_sha=b750cd740a7debe1 motion_pos_sha=cb6937d39e499a7d motion_mask=111111111111111111111111111111111111111111111111111111111111111111111111111111100000000000000000 mem_order_sha=a013b0d82bc0d97a motion_cols_sha=547a1ac4654c286c donor=None cover=exact:0,fallback:0,cycle:0,cross_seg:0 gate=none num_steps=10 act_sha=02901ce0c0a2e006 infer_ms=69.7
INFO:mme_vla_suite.serving.websocket_policy_server:TIMING infer_ms=69.7
INFO:mme_vla_suite.serving.websocket_policy_server:TIMING add_buffer_ms=1459.7 frames=16 exec_start_idx=0
MV_INFER cond=normal split=test task=VideoUnmask ep=7 ep_seq=5 infer_seq=79 t=1314 es=66 k=80 motion_frames=0,16,32,66,82,98,114,130,146,162,178,194,210,226,242,258,274,290,306,322,338,354,370,386,402,418,434,450,466,482,498,514,530,546,562,578,594,610,626,642,658,674,690,706,722,738,754,770,786,802,818,834,850,866,882,898,914,930,946,962,978,994,1010,1026,1042,1058,1074,1090,1106,1122,1138,1154,1170,1186,1202,1218,1234,1250,1266,1282 motion_emb_sha=91bfff0fb4592e31 motion_pos_sha=a94dd9065918a4a1 motion_mask=111111111111111111111111111111111111111111111111111111111111111111111111111111110000000000000000 mem_order_sha=18eb7627810dd2df motion_cols_sha=04567d6627fae1ff donor=None cover=exact:0,fallback:0,cycle:0,cross_seg:0 gate=none num_steps=10 act_sha=125d8371a43aba7b infer_ms=70.2
INFO:mme_vla_suite.serving.websocket_policy_server:TIMING infer_ms=70.2
INFO:mme_vla_suite.serving.websocket_policy_server:TIMING add_buffer_ms=1471.1 frames=16 exec_start_idx=0
MV_INFER cond=normal split=test task=VideoUnmask ep=7 ep_seq=5 infer_seq=80 t=1330 es=66 k=81 motion_frames=0,16,32,66,82,98,114,130,146,162,178,194,210,226,242,258,274,290,306,322,338,354,370,386,402,418,434,450,466,482,498,514,530,546,562,578,594,610,626,642,658,674,690,706,722,738,754,770,786,802,818,834,850,866,882,898,914,930,946,962,978,994,1010,1026,1042,1058,1074,1090,1106,1122,1138,1154,1170,1186,1202,1218,1234,1250,1266,1282,1298 motion_emb_sha=1220b677c223e0d2 motion_pos_sha=e503685848819587 motion_mask=111111111111111111111111111111111111111111111111111111111111111111111111111111111000000000000000 mem_order_sha=f0a301b992be137a motion_cols_sha=eea74de565fbc1e4 donor=None cover=exact:0,fallback:0,cycle:0,cross_seg:0 gate=none num_steps=10 act_sha=0b2ee2dd942a858f infer_ms=69.9
INFO:mme_vla_suite.serving.websocket_policy_server:TIMING infer_ms=69.9
INFO:mme_vla_suite.serving.websocket_policy_server:TIMING add_buffer_ms=1472.3 frames=16 exec_start_idx=0
MV_INFER cond=normal split=test task=VideoUnmask ep=7 ep_seq=5 infer_seq=81 t=1346 es=66 k=82 motion_frames=0,16,32,66,82,98,114,130,146,162,178,194,210,226,242,258,274,290,306,322,338,354,370,386,402,418,434,450,466,482,498,514,530,546,562,578,594,610,626,642,658,674,690,706,722,738,754,770,786,802,818,834,850,866,882,898,914,930,946,962,978,994,1010,1026,1042,1058,1074,1090,1106,1122,1138,1154,1170,1186,1202,1218,1234,1250,1266,1282,1298,1314 motion_emb_sha=4ebd6131898519b8 motion_pos_sha=f0c7b492d7bca486 motion_mask=111111111111111111111111111111111111111111111111111111111111111111111111111111111100000000000000 mem_order_sha=c75f757d03a3b100 motion_cols_sha=1058626bcd238dcb donor=None cover=exact:0,fallback:0,cycle:0,cross_seg:0 gate=none num_steps=10 act_sha=efc131909d9e6df6 infer_ms=71.4
INFO:mme_vla_suite.serving.websocket_policy_server:TIMING infer_ms=71.4
INFO:mme_vla_suite.serving.websocket_policy_server:TIMING add_buffer_ms=1471.4 frames=16 exec_start_idx=0
MV_INFER cond=normal split=test task=VideoUnmask ep=7 ep_seq=5 infer_seq=82 t=1362 es=66 k=83 motion_frames=0,16,32,66,82,98,114,130,146,162,178,194,210,226,242,258,274,290,306,322,338,354,370,386,402,418,434,450,466,482,498,514,530,546,562,578,594,610,626,642,658,674,690,706,722,738,754,770,786,802,818,834,850,866,882,898,914,930,946,962,978,994,1010,1026,1042,1058,1074,1090,1106,1122,1138,1154,1170,1186,1202,1218,1234,1250,1266,1282,1298,1314,1330 motion_emb_sha=aea49ee4b24795c3 motion_pos_sha=4aa9c8102c676587 motion_mask=111111111111111111111111111111111111111111111111111111111111111111111111111111111110000000000000 mem_order_sha=a253d88d1c76f054 motion_cols_sha=6186e96835cf6af8 donor=None cover=exact:0,fallback:0,cycle:0,cross_seg:0 gate=none num_steps=10 act_sha=32b255050307ad90 infer_ms=70.3
INFO:mme_vla_suite.serving.websocket_policy_server:TIMING infer_ms=70.3
INFO:websockets.server:connection open
INFO:mme_vla_suite.serving.websocket_policy_server:Connection from ('127.0.0.1', 36494) opened
MV_EPISODE_END ep_seq=5 infers=82 windows=83 wall_s=153.9
MV_EPISODE_BEGIN cond=normal split=test seed=42 ep_seq=6 expect=VideoUnmask:11
INFO:mme_vla_suite.serving.websocket_policy_server:TIMING add_buffer_ms=4441.1 frames=67 exec_start_idx=66
MV_INFER cond=normal split=test task=VideoUnmask ep=11 ep_seq=6 infer_seq=1 t=66 es=66 k=3 motion_frames=0,16,32 motion_emb_sha=d320808ef53ad67b motion_pos_sha=358a8247438e4586 motion_mask=111000000000000000000000000000000000000000000000000000000000000000000000000000000000000000000000 mem_order_sha=4bdcb6154ce3db09 motion_cols_sha=ec75f2710ccf7d3e donor=None cover=exact:0,fallback:0,cycle:0,cross_seg:0 gate=none num_steps=10 act_sha=99ccbfaa6503b980 infer_ms=72.0
INFO:mme_vla_suite.serving.websocket_policy_server:TIMING infer_ms=72.0
INFO:mme_vla_suite.serving.websocket_policy_server:TIMING add_buffer_ms=38.4 frames=16 exec_start_idx=0
MV_INFER cond=normal split=test task=VideoUnmask ep=11 ep_seq=6 infer_seq=2 t=82 es=66 k=3 motion_frames=0,16,32 motion_emb_sha=d320808ef53ad67b motion_pos_sha=358a8247438e4586 motion_mask=111000000000000000000000000000000000000000000000000000000000000000000000000000000000000000000000 mem_order_sha=cb2e554e8b3e1ad5 motion_cols_sha=17cf914c012c846f donor=None cover=exact:0,fallback:0,cycle:0,cross_seg:0 gate=none num_steps=10 act_sha=85fcdca0dd83de77 infer_ms=70.2
INFO:mme_vla_suite.serving.websocket_policy_server:TIMING infer_ms=70.2
INFO:mme_vla_suite.serving.websocket_policy_server:TIMING add_buffer_ms=1466.5 frames=16 exec_start_idx=0
MV_INFER cond=normal split=test task=VideoUnmask ep=11 ep_seq=6 infer_seq=3 t=98 es=66 k=4 motion_frames=0,16,32,66 motion_emb_sha=7bd272798f2279ee motion_pos_sha=b65ea106cebf51d2 motion_mask=111100000000000000000000000000000000000000000000000000000000000000000000000000000000000000000000 mem_order_sha=3f30de4433e4d89f motion_cols_sha=d94e9739c8cfc07e donor=None cover=exact:0,fallback:0,cycle:0,cross_seg:0 gate=none num_steps=10 act_sha=534bb46a45cae01e infer_ms=69.8
INFO:mme_vla_suite.serving.websocket_policy_server:TIMING infer_ms=69.8
INFO:mme_vla_suite.serving.websocket_policy_server:TIMING add_buffer_ms=1460.2 frames=16 exec_start_idx=0
MV_INFER cond=normal split=test task=VideoUnmask ep=11 ep_seq=6 infer_seq=4 t=114 es=66 k=5 motion_frames=0,16,32,66,82 motion_emb_sha=60ae538921dc850d motion_pos_sha=add152c97237af96 motion_mask=111110000000000000000000000000000000000000000000000000000000000000000000000000000000000000000000 mem_order_sha=0395a814320c5e29 motion_cols_sha=e02455314313c279 donor=None cover=exact:0,fallback:0,cycle:0,cross_seg:0 gate=none num_steps=10 act_sha=09f146b85c52e1c6 infer_ms=69.9
INFO:mme_vla_suite.serving.websocket_policy_server:TIMING infer_ms=69.9
INFO:mme_vla_suite.serving.websocket_policy_server:TIMING add_buffer_ms=1459.9 frames=16 exec_start_idx=0
MV_INFER cond=normal split=test task=VideoUnmask ep=11 ep_seq=6 infer_seq=5 t=130 es=66 k=6 motion_frames=0,16,32,66,82,98 motion_emb_sha=f39ed83ce2b852f9 motion_pos_sha=0d2e058ea1123793 motion_mask=111111000000000000000000000000000000000000000000000000000000000000000000000000000000000000000000 mem_order_sha=bdffbd3f5c05d11e motion_cols_sha=8246cda0611e035c donor=None cover=exact:0,fallback:0,cycle:0,cross_seg:0 gate=none num_steps=10 act_sha=7a738bf85c29e07a infer_ms=69.5
INFO:mme_vla_suite.serving.websocket_policy_server:TIMING infer_ms=69.5
INFO:mme_vla_suite.serving.websocket_policy_server:TIMING add_buffer_ms=1457.8 frames=16 exec_start_idx=0
MV_INFER cond=normal split=test task=VideoUnmask ep=11 ep_seq=6 infer_seq=6 t=146 es=66 k=7 motion_frames=0,16,32,66,82,98,114 motion_emb_sha=b641ef7b79aca965 motion_pos_sha=c0e16b25920c3887 motion_mask=111111100000000000000000000000000000000000000000000000000000000000000000000000000000000000000000 mem_order_sha=b3ce16357a031f75 motion_cols_sha=ba19810cd76cb779 donor=None cover=exact:0,fallback:0,cycle:0,cross_seg:0 gate=none num_steps=10 act_sha=db7a451d95e36f76 infer_ms=69.5
INFO:mme_vla_suite.serving.websocket_policy_server:TIMING infer_ms=69.5
INFO:mme_vla_suite.serving.websocket_policy_server:TIMING add_buffer_ms=1459.2 frames=16 exec_start_idx=0
MV_INFER cond=normal split=test task=VideoUnmask ep=11 ep_seq=6 infer_seq=7 t=162 es=66 k=8 motion_frames=0,16,32,66,82,98,114,130 motion_emb_sha=3d8c9e0d4d24cc96 motion_pos_sha=a83e780e2fdd36f9 motion_mask=111111110000000000000000000000000000000000000000000000000000000000000000000000000000000000000000 mem_order_sha=92a4860fa2f2c179 motion_cols_sha=e4e2077ec5936a32 donor=None cover=exact:0,fallback:0,cycle:0,cross_seg:0 gate=none num_steps=10 act_sha=b540b1b32886d350 infer_ms=69.6
INFO:mme_vla_suite.serving.websocket_policy_server:TIMING infer_ms=69.6
INFO:mme_vla_suite.serving.websocket_policy_server:TIMING add_buffer_ms=1460.6 frames=16 exec_start_idx=0
MV_INFER cond=normal split=test task=VideoUnmask ep=11 ep_seq=6 infer_seq=8 t=178 es=66 k=9 motion_frames=0,16,32,66,82,98,114,130,146 motion_emb_sha=a092c8b014ccf105 motion_pos_sha=78c0d0dbd6dd5525 motion_mask=111111111000000000000000000000000000000000000000000000000000000000000000000000000000000000000000 mem_order_sha=7514c7b72b300384 motion_cols_sha=d76e6aa6338d551f donor=None cover=exact:0,fallback:0,cycle:0,cross_seg:0 gate=none num_steps=10 act_sha=89838c3da27cfde0 infer_ms=69.6
INFO:mme_vla_suite.serving.websocket_policy_server:TIMING infer_ms=69.6
INFO:mme_vla_suite.serving.websocket_policy_server:TIMING add_buffer_ms=1461.4 frames=16 exec_start_idx=0
MV_INFER cond=normal split=test task=VideoUnmask ep=11 ep_seq=6 infer_seq=9 t=194 es=66 k=10 motion_frames=0,16,32,66,82,98,114,130,146,162 motion_emb_sha=46c8200da9d677b4 motion_pos_sha=2c547cb66222b342 motion_mask=111111111100000000000000000000000000000000000000000000000000000000000000000000000000000000000000 mem_order_sha=2e57187a35efe371 motion_cols_sha=5b187f2a31a8c420 donor=None cover=exact:0,fallback:0,cycle:0,cross_seg:0 gate=none num_steps=10 act_sha=cc1afd2518f2bedd infer_ms=69.7
INFO:mme_vla_suite.serving.websocket_policy_server:TIMING infer_ms=69.7
INFO:mme_vla_suite.serving.websocket_policy_server:TIMING add_buffer_ms=1466.1 frames=16 exec_start_idx=0
MV_INFER cond=normal split=test task=VideoUnmask ep=11 ep_seq=6 infer_seq=10 t=210 es=66 k=11 motion_frames=0,16,32,66,82,98,114,130,146,162,178 motion_emb_sha=0145b64fc7847d47 motion_pos_sha=50322559221b1c36 motion_mask=111111111110000000000000000000000000000000000000000000000000000000000000000000000000000000000000 mem_order_sha=6bb4b1e7c6104037 motion_cols_sha=bf51e4eacf9ab111 donor=None cover=exact:0,fallback:0,cycle:0,cross_seg:0 gate=none num_steps=10 act_sha=b29894503d66870c infer_ms=69.6
INFO:mme_vla_suite.serving.websocket_policy_server:TIMING infer_ms=69.6
INFO:mme_vla_suite.serving.websocket_policy_server:TIMING add_buffer_ms=1460.2 frames=16 exec_start_idx=0
MV_INFER cond=normal split=test task=VideoUnmask ep=11 ep_seq=6 infer_seq=11 t=226 es=66 k=12 motion_frames=0,16,32,66,82,98,114,130,146,162,178,194 motion_emb_sha=2ce28b7ee9b2de58 motion_pos_sha=65731de854b22f59 motion_mask=111111111111000000000000000000000000000000000000000000000000000000000000000000000000000000000000 mem_order_sha=2bfbc309192a933b motion_cols_sha=6022067931b2c01f donor=None cover=exact:0,fallback:0,cycle:0,cross_seg:0 gate=none num_steps=10 act_sha=8e27376bf1e68fee infer_ms=69.8
INFO:mme_vla_suite.serving.websocket_policy_server:TIMING infer_ms=69.8
INFO:mme_vla_suite.serving.websocket_policy_server:TIMING add_buffer_ms=1462.3 frames=16 exec_start_idx=0
MV_INFER cond=normal split=test task=VideoUnmask ep=11 ep_seq=6 infer_seq=12 t=242 es=66 k=13 motion_frames=0,16,32,66,82,98,114,130,146,162,178,194,210 motion_emb_sha=a9cac0cc85be075b motion_pos_sha=32a383b63ab8a7ca motion_mask=111111111111100000000000000000000000000000000000000000000000000000000000000000000000000000000000 mem_order_sha=fe511a35f5935e41 motion_cols_sha=430f7d85b3677183 donor=None cover=exact:0,fallback:0,cycle:0,cross_seg:0 gate=none num_steps=10 act_sha=a5b536681c9329b1 infer_ms=69.6
INFO:mme_vla_suite.serving.websocket_policy_server:TIMING infer_ms=69.6
INFO:mme_vla_suite.serving.websocket_policy_server:TIMING add_buffer_ms=1459.9 frames=16 exec_start_idx=0
MV_INFER cond=normal split=test task=VideoUnmask ep=11 ep_seq=6 infer_seq=13 t=258 es=66 k=14 motion_frames=0,16,32,66,82,98,114,130,146,162,178,194,210,226 motion_emb_sha=751d1f6ddddecd22 motion_pos_sha=e972e84520e36132 motion_mask=111111111111110000000000000000000000000000000000000000000000000000000000000000000000000000000000 mem_order_sha=08bd0dcd3e501aa0 motion_cols_sha=0597bfaaeb25ca88 donor=None cover=exact:0,fallback:0,cycle:0,cross_seg:0 gate=none num_steps=10 act_sha=7ff9e212c2d385b9 infer_ms=69.5
INFO:mme_vla_suite.serving.websocket_policy_server:TIMING infer_ms=69.5
INFO:mme_vla_suite.serving.websocket_policy_server:TIMING add_buffer_ms=1461.0 frames=16 exec_start_idx=0
MV_INFER cond=normal split=test task=VideoUnmask ep=11 ep_seq=6 infer_seq=14 t=274 es=66 k=15 motion_frames=0,16,32,66,82,98,114,130,146,162,178,194,210,226,242 motion_emb_sha=023d6b9ddb4ad9b7 motion_pos_sha=d0ce634ad8aa40b1 motion_mask=111111111111111000000000000000000000000000000000000000000000000000000000000000000000000000000000 mem_order_sha=3eb35a102bfc619d motion_cols_sha=0c97639f987d24f1 donor=None cover=exact:0,fallback:0,cycle:0,cross_seg:0 gate=none num_steps=10 act_sha=050a44464a674582 infer_ms=69.6
INFO:mme_vla_suite.serving.websocket_policy_server:TIMING infer_ms=69.6
INFO:mme_vla_suite.serving.websocket_policy_server:TIMING add_buffer_ms=1462.9 frames=16 exec_start_idx=0
MV_INFER cond=normal split=test task=VideoUnmask ep=11 ep_seq=6 infer_seq=15 t=290 es=66 k=16 motion_frames=0,16,32,66,82,98,114,130,146,162,178,194,210,226,242,258 motion_emb_sha=fdd7c405bc1acb6b motion_pos_sha=141bc380de25ad0d motion_mask=111111111111111100000000000000000000000000000000000000000000000000000000000000000000000000000000 mem_order_sha=71ea69ecc16ba05a motion_cols_sha=72ba822d7d9a3e67 donor=None cover=exact:0,fallback:0,cycle:0,cross_seg:0 gate=none num_steps=10 act_sha=de42fd76a76bec86 infer_ms=69.8
INFO:mme_vla_suite.serving.websocket_policy_server:TIMING infer_ms=69.8
INFO:mme_vla_suite.serving.websocket_policy_server:TIMING add_buffer_ms=1458.3 frames=16 exec_start_idx=0
MV_INFER cond=normal split=test task=VideoUnmask ep=11 ep_seq=6 infer_seq=16 t=306 es=66 k=17 motion_frames=0,16,32,66,82,98,114,130,146,162,178,194,210,226,242,258,274 motion_emb_sha=6c7621e21166f11f motion_pos_sha=0dd8ab270aa43f1f motion_mask=111111111111111110000000000000000000000000000000000000000000000000000000000000000000000000000000 mem_order_sha=15ae6a5dc8fc66f9 motion_cols_sha=1eda5f2868fa919b donor=None cover=exact:0,fallback:0,cycle:0,cross_seg:0 gate=none num_steps=10 act_sha=e11234d9fb585f8d infer_ms=69.9
INFO:mme_vla_suite.serving.websocket_policy_server:TIMING infer_ms=69.9
INFO:mme_vla_suite.serving.websocket_policy_server:TIMING add_buffer_ms=1461.1 frames=16 exec_start_idx=0
MV_INFER cond=normal split=test task=VideoUnmask ep=11 ep_seq=6 infer_seq=17 t=322 es=66 k=18 motion_frames=0,16,32,66,82,98,114,130,146,162,178,194,210,226,242,258,274,290 motion_emb_sha=702e5922d18eba11 motion_pos_sha=7a678319ae7439e3 motion_mask=111111111111111111000000000000000000000000000000000000000000000000000000000000000000000000000000 mem_order_sha=26902dff3f479897 motion_cols_sha=4542964937c1b122 donor=None cover=exact:0,fallback:0,cycle:0,cross_seg:0 gate=none num_steps=10 act_sha=c6bf9d98c9c091bf infer_ms=69.7
INFO:mme_vla_suite.serving.websocket_policy_server:TIMING infer_ms=69.7
INFO:mme_vla_suite.serving.websocket_policy_server:TIMING add_buffer_ms=1463.7 frames=16 exec_start_idx=0
MV_INFER cond=normal split=test task=VideoUnmask ep=11 ep_seq=6 infer_seq=18 t=338 es=66 k=19 motion_frames=0,16,32,66,82,98,114,130,146,162,178,194,210,226,242,258,274,290,306 motion_emb_sha=39e0aba94946a0d9 motion_pos_sha=73af9c29b26575b1 motion_mask=111111111111111111100000000000000000000000000000000000000000000000000000000000000000000000000000 mem_order_sha=d0c0c9939281ed90 motion_cols_sha=a25c61411fe2dfc1 donor=None cover=exact:0,fallback:0,cycle:0,cross_seg:0 gate=none num_steps=10 act_sha=24f02fc4dfbeda6e infer_ms=69.8
INFO:mme_vla_suite.serving.websocket_policy_server:TIMING infer_ms=69.8
INFO:mme_vla_suite.serving.websocket_policy_server:TIMING add_buffer_ms=1463.3 frames=16 exec_start_idx=0
MV_INFER cond=normal split=test task=VideoUnmask ep=11 ep_seq=6 infer_seq=19 t=354 es=66 k=20 motion_frames=0,16,32,66,82,98,114,130,146,162,178,194,210,226,242,258,274,290,306,322 motion_emb_sha=e16d1415a75879b3 motion_pos_sha=669ef2d9880c1190 motion_mask=111111111111111111110000000000000000000000000000000000000000000000000000000000000000000000000000 mem_order_sha=8e4f7352af852292 motion_cols_sha=0957e9030d15feb5 donor=None cover=exact:0,fallback:0,cycle:0,cross_seg:0 gate=none num_steps=10 act_sha=0d5d0007aa212e35 infer_ms=69.6
INFO:mme_vla_suite.serving.websocket_policy_server:TIMING infer_ms=69.6
INFO:mme_vla_suite.serving.websocket_policy_server:TIMING add_buffer_ms=1466.4 frames=16 exec_start_idx=0
MV_INFER cond=normal split=test task=VideoUnmask ep=11 ep_seq=6 infer_seq=20 t=370 es=66 k=21 motion_frames=0,16,32,66,82,98,114,130,146,162,178,194,210,226,242,258,274,290,306,322,338 motion_emb_sha=59e5f66e2ceff9f4 motion_pos_sha=dcebec3755a3583c motion_mask=111111111111111111111000000000000000000000000000000000000000000000000000000000000000000000000000 mem_order_sha=99dc79ac66449f1d motion_cols_sha=54cf7b4af641d852 donor=None cover=exact:0,fallback:0,cycle:0,cross_seg:0 gate=none num_steps=10 act_sha=db2d0355e9688e00 infer_ms=69.6
INFO:mme_vla_suite.serving.websocket_policy_server:TIMING infer_ms=69.6
INFO:mme_vla_suite.serving.websocket_policy_server:TIMING add_buffer_ms=1461.2 frames=16 exec_start_idx=0
MV_INFER cond=normal split=test task=VideoUnmask ep=11 ep_seq=6 infer_seq=21 t=386 es=66 k=22 motion_frames=0,16,32,66,82,98,114,130,146,162,178,194,210,226,242,258,274,290,306,322,338,354 motion_emb_sha=69317f5e6955c303 motion_pos_sha=9034024cfb67f83a motion_mask=111111111111111111111100000000000000000000000000000000000000000000000000000000000000000000000000 mem_order_sha=cc3fa14323347267 motion_cols_sha=1ac9e61a62a79b5b donor=None cover=exact:0,fallback:0,cycle:0,cross_seg:0 gate=none num_steps=10 act_sha=4c57a76fcb6a1c3a infer_ms=69.8
INFO:mme_vla_suite.serving.websocket_policy_server:TIMING infer_ms=69.8
INFO:mme_vla_suite.serving.websocket_policy_server:TIMING add_buffer_ms=1461.5 frames=16 exec_start_idx=0
MV_INFER cond=normal split=test task=VideoUnmask ep=11 ep_seq=6 infer_seq=22 t=402 es=66 k=23 motion_frames=0,16,32,66,82,98,114,130,146,162,178,194,210,226,242,258,274,290,306,322,338,354,370 motion_emb_sha=94dbf8f3f774606c motion_pos_sha=63c02e1ff22a93ae motion_mask=111111111111111111111110000000000000000000000000000000000000000000000000000000000000000000000000 mem_order_sha=43a6cf0eb5ea74c0 motion_cols_sha=c83d8f9ba73fba96 donor=None cover=exact:0,fallback:0,cycle:0,cross_seg:0 gate=none num_steps=10 act_sha=b7756a93a84504ca infer_ms=69.6
INFO:mme_vla_suite.serving.websocket_policy_server:TIMING infer_ms=69.6
INFO:mme_vla_suite.serving.websocket_policy_server:TIMING add_buffer_ms=1464.3 frames=16 exec_start_idx=0
MV_INFER cond=normal split=test task=VideoUnmask ep=11 ep_seq=6 infer_seq=23 t=418 es=66 k=24 motion_frames=0,16,32,66,82,98,114,130,146,162,178,194,210,226,242,258,274,290,306,322,338,354,370,386 motion_emb_sha=8b0e05c1d51d7f4e motion_pos_sha=00b664fe366985cb motion_mask=111111111111111111111111000000000000000000000000000000000000000000000000000000000000000000000000 mem_order_sha=fda61dd5477102b3 motion_cols_sha=26b0fb74c18a3193 donor=None cover=exact:0,fallback:0,cycle:0,cross_seg:0 gate=none num_steps=10 act_sha=f333a8a0bed7647e infer_ms=69.6
INFO:mme_vla_suite.serving.websocket_policy_server:TIMING infer_ms=69.6
INFO:mme_vla_suite.serving.websocket_policy_server:TIMING add_buffer_ms=1467.2 frames=16 exec_start_idx=0
MV_INFER cond=normal split=test task=VideoUnmask ep=11 ep_seq=6 infer_seq=24 t=434 es=66 k=25 motion_frames=0,16,32,66,82,98,114,130,146,162,178,194,210,226,242,258,274,290,306,322,338,354,370,386,402 motion_emb_sha=fc661c98e64c6d38 motion_pos_sha=5587abb85fecc05c motion_mask=111111111111111111111111100000000000000000000000000000000000000000000000000000000000000000000000 mem_order_sha=fc5c2f6e55d70b55 motion_cols_sha=0c099d9bb117bb38 donor=None cover=exact:0,fallback:0,cycle:0,cross_seg:0 gate=none num_steps=10 act_sha=88fb90c193753602 infer_ms=69.9
INFO:mme_vla_suite.serving.websocket_policy_server:TIMING infer_ms=69.9
INFO:mme_vla_suite.serving.websocket_policy_server:TIMING add_buffer_ms=1468.8 frames=16 exec_start_idx=0
MV_INFER cond=normal split=test task=VideoUnmask ep=11 ep_seq=6 infer_seq=25 t=450 es=66 k=26 motion_frames=0,16,32,66,82,98,114,130,146,162,178,194,210,226,242,258,274,290,306,322,338,354,370,386,402,418 motion_emb_sha=2cf35618bb2bb76a motion_pos_sha=44728e8df116867f motion_mask=111111111111111111111111110000000000000000000000000000000000000000000000000000000000000000000000 mem_order_sha=d922779444b06dd7 motion_cols_sha=2f76f0d95c32ed1b donor=None cover=exact:0,fallback:0,cycle:0,cross_seg:0 gate=none num_steps=10 act_sha=192030d2efec6ed7 infer_ms=69.6
INFO:mme_vla_suite.serving.websocket_policy_server:TIMING infer_ms=69.6
INFO:mme_vla_suite.serving.websocket_policy_server:TIMING add_buffer_ms=1463.1 frames=16 exec_start_idx=0
MV_INFER cond=normal split=test task=VideoUnmask ep=11 ep_seq=6 infer_seq=26 t=466 es=66 k=27 motion_frames=0,16,32,66,82,98,114,130,146,162,178,194,210,226,242,258,274,290,306,322,338,354,370,386,402,418,434 motion_emb_sha=d3f4f0c46659196a motion_pos_sha=4a118105564579cb motion_mask=111111111111111111111111111000000000000000000000000000000000000000000000000000000000000000000000 mem_order_sha=a47e270b06c17a7b motion_cols_sha=72c4cd1472215651 donor=None cover=exact:0,fallback:0,cycle:0,cross_seg:0 gate=none num_steps=10 act_sha=a509219994a0c329 infer_ms=69.9
INFO:mme_vla_suite.serving.websocket_policy_server:TIMING infer_ms=69.9
INFO:mme_vla_suite.serving.websocket_policy_server:TIMING add_buffer_ms=1466.2 frames=16 exec_start_idx=0
MV_INFER cond=normal split=test task=VideoUnmask ep=11 ep_seq=6 infer_seq=27 t=482 es=66 k=28 motion_frames=0,16,32,66,82,98,114,130,146,162,178,194,210,226,242,258,274,290,306,322,338,354,370,386,402,418,434,450 motion_emb_sha=276d5afa77dd65e2 motion_pos_sha=dfcb4f12037855b3 motion_mask=111111111111111111111111111100000000000000000000000000000000000000000000000000000000000000000000 mem_order_sha=3e2b699f0c74b9fa motion_cols_sha=e4f8cabfd901b3fd donor=None cover=exact:0,fallback:0,cycle:0,cross_seg:0 gate=none num_steps=10 act_sha=a38fc98d43e35b91 infer_ms=69.6
INFO:mme_vla_suite.serving.websocket_policy_server:TIMING infer_ms=69.6
INFO:mme_vla_suite.serving.websocket_policy_server:TIMING add_buffer_ms=1460.5 frames=16 exec_start_idx=0
MV_INFER cond=normal split=test task=VideoUnmask ep=11 ep_seq=6 infer_seq=28 t=498 es=66 k=29 motion_frames=0,16,32,66,82,98,114,130,146,162,178,194,210,226,242,258,274,290,306,322,338,354,370,386,402,418,434,450,466 motion_emb_sha=f91099480b5288da motion_pos_sha=475c87a53cdedb90 motion_mask=111111111111111111111111111110000000000000000000000000000000000000000000000000000000000000000000 mem_order_sha=53b20db53b984554 motion_cols_sha=887c03f98d31d3ac donor=None cover=exact:0,fallback:0,cycle:0,cross_seg:0 gate=none num_steps=10 act_sha=baf81aee734cd1f7 infer_ms=69.6
INFO:mme_vla_suite.serving.websocket_policy_server:TIMING infer_ms=69.6
INFO:mme_vla_suite.serving.websocket_policy_server:TIMING add_buffer_ms=1460.3 frames=16 exec_start_idx=0
MV_INFER cond=normal split=test task=VideoUnmask ep=11 ep_seq=6 infer_seq=29 t=514 es=66 k=30 motion_frames=0,16,32,66,82,98,114,130,146,162,178,194,210,226,242,258,274,290,306,322,338,354,370,386,402,418,434,450,466,482 motion_emb_sha=b577a81c57b6d88f motion_pos_sha=d7d92e5349f30f92 motion_mask=111111111111111111111111111111000000000000000000000000000000000000000000000000000000000000000000 mem_order_sha=d4a17ce9295f09eb motion_cols_sha=f1b5b9004c60659a donor=None cover=exact:0,fallback:0,cycle:0,cross_seg:0 gate=none num_steps=10 act_sha=3b6b03d0cf1fa92a infer_ms=69.5
INFO:mme_vla_suite.serving.websocket_policy_server:TIMING infer_ms=69.5
INFO:mme_vla_suite.serving.websocket_policy_server:TIMING add_buffer_ms=1467.8 frames=16 exec_start_idx=0
MV_INFER cond=normal split=test task=VideoUnmask ep=11 ep_seq=6 infer_seq=30 t=530 es=66 k=31 motion_frames=0,16,32,66,82,98,114,130,146,162,178,194,210,226,242,258,274,290,306,322,338,354,370,386,402,418,434,450,466,482,498 motion_emb_sha=df125cdb90ec6bf7 motion_pos_sha=0f8d9dcf0c9e6e2d motion_mask=111111111111111111111111111111100000000000000000000000000000000000000000000000000000000000000000 mem_order_sha=2029e913e51af11c motion_cols_sha=a70201a691f9bf1e donor=None cover=exact:0,fallback:0,cycle:0,cross_seg:0 gate=none num_steps=10 act_sha=49336ff8f46c2562 infer_ms=69.6
INFO:mme_vla_suite.serving.websocket_policy_server:TIMING infer_ms=69.6
INFO:mme_vla_suite.serving.websocket_policy_server:TIMING add_buffer_ms=1463.1 frames=16 exec_start_idx=0
MV_INFER cond=normal split=test task=VideoUnmask ep=11 ep_seq=6 infer_seq=31 t=546 es=66 k=32 motion_frames=0,16,32,66,82,98,114,130,146,162,178,194,210,226,242,258,274,290,306,322,338,354,370,386,402,418,434,450,466,482,498,514 motion_emb_sha=8cfd0e4fcf50344d motion_pos_sha=daef85cbf2c66840 motion_mask=111111111111111111111111111111110000000000000000000000000000000000000000000000000000000000000000 mem_order_sha=6129466cdb22978f motion_cols_sha=6055ceefc203f0f4 donor=None cover=exact:0,fallback:0,cycle:0,cross_seg:0 gate=none num_steps=10 act_sha=39766971d5b2d6ad infer_ms=69.6
INFO:mme_vla_suite.serving.websocket_policy_server:TIMING infer_ms=69.6
INFO:mme_vla_suite.serving.websocket_policy_server:TIMING add_buffer_ms=1461.4 frames=16 exec_start_idx=0
MV_INFER cond=normal split=test task=VideoUnmask ep=11 ep_seq=6 infer_seq=32 t=562 es=66 k=33 motion_frames=0,16,32,66,82,98,114,130,146,162,178,194,210,226,242,258,274,290,306,322,338,354,370,386,402,418,434,450,466,482,498,514,530 motion_emb_sha=5be1ff617ad15525 motion_pos_sha=5070379a0a40ce89 motion_mask=111111111111111111111111111111111000000000000000000000000000000000000000000000000000000000000000 mem_order_sha=7ca768a2f4fdc8aa motion_cols_sha=be64232c95fbce47 donor=None cover=exact:0,fallback:0,cycle:0,cross_seg:0 gate=none num_steps=10 act_sha=57d9d1671ece29d9 infer_ms=69.5
INFO:mme_vla_suite.serving.websocket_policy_server:TIMING infer_ms=69.5
INFO:mme_vla_suite.serving.websocket_policy_server:TIMING add_buffer_ms=1460.9 frames=16 exec_start_idx=0
MV_INFER cond=normal split=test task=VideoUnmask ep=11 ep_seq=6 infer_seq=33 t=578 es=66 k=34 motion_frames=0,16,32,66,82,98,114,130,146,162,178,194,210,226,242,258,274,290,306,322,338,354,370,386,402,418,434,450,466,482,498,514,530,546 motion_emb_sha=67f6cd1d47275451 motion_pos_sha=f7012ff4cabb1507 motion_mask=111111111111111111111111111111111100000000000000000000000000000000000000000000000000000000000000 mem_order_sha=6bcf6ebb5b6d2890 motion_cols_sha=934096701ddf3f12 donor=None cover=exact:0,fallback:0,cycle:0,cross_seg:0 gate=none num_steps=10 act_sha=bb77b644c1676b6c infer_ms=69.7
INFO:mme_vla_suite.serving.websocket_policy_server:TIMING infer_ms=69.7
INFO:mme_vla_suite.serving.websocket_policy_server:TIMING add_buffer_ms=1461.2 frames=16 exec_start_idx=0
MV_INFER cond=normal split=test task=VideoUnmask ep=11 ep_seq=6 infer_seq=34 t=594 es=66 k=35 motion_frames=0,16,32,66,82,98,114,130,146,162,178,194,210,226,242,258,274,290,306,322,338,354,370,386,402,418,434,450,466,482,498,514,530,546,562 motion_emb_sha=7bcad2d0bc0910c6 motion_pos_sha=6d05b975d6d1bcd6 motion_mask=111111111111111111111111111111111110000000000000000000000000000000000000000000000000000000000000 mem_order_sha=16590d4d73ae0e84 motion_cols_sha=5040b814fe13feef donor=None cover=exact:0,fallback:0,cycle:0,cross_seg:0 gate=none num_steps=10 act_sha=f289f1b602146a7a infer_ms=69.6
INFO:mme_vla_suite.serving.websocket_policy_server:TIMING infer_ms=69.6
INFO:mme_vla_suite.serving.websocket_policy_server:TIMING add_buffer_ms=1461.5 frames=16 exec_start_idx=0
MV_INFER cond=normal split=test task=VideoUnmask ep=11 ep_seq=6 infer_seq=35 t=610 es=66 k=36 motion_frames=0,16,32,66,82,98,114,130,146,162,178,194,210,226,242,258,274,290,306,322,338,354,370,386,402,418,434,450,466,482,498,514,530,546,562,578 motion_emb_sha=a2db5929520b5cc9 motion_pos_sha=0dadfc909d6708b4 motion_mask=111111111111111111111111111111111111000000000000000000000000000000000000000000000000000000000000 mem_order_sha=43ad8d10ecf3dd11 motion_cols_sha=aa122da8b650e77e donor=None cover=exact:0,fallback:0,cycle:0,cross_seg:0 gate=none num_steps=10 act_sha=67154f5a11e7bf98 infer_ms=69.6
INFO:mme_vla_suite.serving.websocket_policy_server:TIMING infer_ms=69.6
INFO:mme_vla_suite.serving.websocket_policy_server:TIMING add_buffer_ms=1461.6 frames=16 exec_start_idx=0
MV_INFER cond=normal split=test task=VideoUnmask ep=11 ep_seq=6 infer_seq=36 t=626 es=66 k=37 motion_frames=0,16,32,66,82,98,114,130,146,162,178,194,210,226,242,258,274,290,306,322,338,354,370,386,402,418,434,450,466,482,498,514,530,546,562,578,594 motion_emb_sha=2863a6ca992b6ca5 motion_pos_sha=8183ecf00893acbf motion_mask=111111111111111111111111111111111111100000000000000000000000000000000000000000000000000000000000 mem_order_sha=fe0cbc0742b460ec motion_cols_sha=0c67f2f20096bd57 donor=None cover=exact:0,fallback:0,cycle:0,cross_seg:0 gate=none num_steps=10 act_sha=d585eee46bb66e75 infer_ms=69.5
INFO:mme_vla_suite.serving.websocket_policy_server:TIMING infer_ms=69.5
INFO:mme_vla_suite.serving.websocket_policy_server:TIMING add_buffer_ms=1465.4 frames=16 exec_start_idx=0
MV_INFER cond=normal split=test task=VideoUnmask ep=11 ep_seq=6 infer_seq=37 t=642 es=66 k=38 motion_frames=0,16,32,66,82,98,114,130,146,162,178,194,210,226,242,258,274,290,306,322,338,354,370,386,402,418,434,450,466,482,498,514,530,546,562,578,594,610 motion_emb_sha=e53a22b7d9fe2557 motion_pos_sha=3c525b59051fa8dc motion_mask=111111111111111111111111111111111111110000000000000000000000000000000000000000000000000000000000 mem_order_sha=ace453b3c01b7133 motion_cols_sha=b4ea16ebee28540e donor=None cover=exact:0,fallback:0,cycle:0,cross_seg:0 gate=none num_steps=10 act_sha=ee6e34f260d0ed45 infer_ms=69.8
INFO:mme_vla_suite.serving.websocket_policy_server:TIMING infer_ms=69.8
INFO:mme_vla_suite.serving.websocket_policy_server:TIMING add_buffer_ms=1463.6 frames=16 exec_start_idx=0
MV_INFER cond=normal split=test task=VideoUnmask ep=11 ep_seq=6 infer_seq=38 t=658 es=66 k=39 motion_frames=0,16,32,66,82,98,114,130,146,162,178,194,210,226,242,258,274,290,306,322,338,354,370,386,402,418,434,450,466,482,498,514,530,546,562,578,594,610,626 motion_emb_sha=7b31eaad16cd414c motion_pos_sha=12e3f992ce31daed motion_mask=111111111111111111111111111111111111111000000000000000000000000000000000000000000000000000000000 mem_order_sha=61d03335afe043c9 motion_cols_sha=2181bccfaaacfb4c donor=None cover=exact:0,fallback:0,cycle:0,cross_seg:0 gate=none num_steps=10 act_sha=16882bb589e8e59f infer_ms=69.7
INFO:mme_vla_suite.serving.websocket_policy_server:TIMING infer_ms=69.7
INFO:mme_vla_suite.serving.websocket_policy_server:TIMING add_buffer_ms=1466.2 frames=16 exec_start_idx=0
MV_INFER cond=normal split=test task=VideoUnmask ep=11 ep_seq=6 infer_seq=39 t=674 es=66 k=40 motion_frames=0,16,32,66,82,98,114,130,146,162,178,194,210,226,242,258,274,290,306,322,338,354,370,386,402,418,434,450,466,482,498,514,530,546,562,578,594,610,626,642 motion_emb_sha=c99e5730530d87f5 motion_pos_sha=2f1a4535b5d9b52a motion_mask=111111111111111111111111111111111111111100000000000000000000000000000000000000000000000000000000 mem_order_sha=2524cb3ebfb9b556 motion_cols_sha=44968bdbfef24e29 donor=None cover=exact:0,fallback:0,cycle:0,cross_seg:0 gate=none num_steps=10 act_sha=f4a15c9a9f4502f8 infer_ms=71.7
INFO:mme_vla_suite.serving.websocket_policy_server:TIMING infer_ms=71.7
INFO:mme_vla_suite.serving.websocket_policy_server:TIMING add_buffer_ms=1468.6 frames=16 exec_start_idx=0
MV_INFER cond=normal split=test task=VideoUnmask ep=11 ep_seq=6 infer_seq=40 t=690 es=66 k=41 motion_frames=0,16,32,66,82,98,114,130,146,162,178,194,210,226,242,258,274,290,306,322,338,354,370,386,402,418,434,450,466,482,498,514,530,546,562,578,594,610,626,642,658 motion_emb_sha=e542d344da7f03ba motion_pos_sha=94615affc3ce48ee motion_mask=111111111111111111111111111111111111111110000000000000000000000000000000000000000000000000000000 mem_order_sha=9082cb7627011385 motion_cols_sha=0d46dee59346ada9 donor=None cover=exact:0,fallback:0,cycle:0,cross_seg:0 gate=none num_steps=10 act_sha=ae4831941965db1a infer_ms=70.4
INFO:mme_vla_suite.serving.websocket_policy_server:TIMING infer_ms=70.4
INFO:mme_vla_suite.serving.websocket_policy_server:TIMING add_buffer_ms=1472.2 frames=16 exec_start_idx=0
MV_INFER cond=normal split=test task=VideoUnmask ep=11 ep_seq=6 infer_seq=41 t=706 es=66 k=42 motion_frames=0,16,32,66,82,98,114,130,146,162,178,194,210,226,242,258,274,290,306,322,338,354,370,386,402,418,434,450,466,482,498,514,530,546,562,578,594,610,626,642,658,674 motion_emb_sha=df652345358b2a42 motion_pos_sha=24317eca0b9abf85 motion_mask=111111111111111111111111111111111111111111000000000000000000000000000000000000000000000000000000 mem_order_sha=9662e474b623c915 motion_cols_sha=0faf1bc59289c62e donor=None cover=exact:0,fallback:0,cycle:0,cross_seg:0 gate=none num_steps=10 act_sha=5ca8356e70347c47 infer_ms=70.5
INFO:mme_vla_suite.serving.websocket_policy_server:TIMING infer_ms=70.5
INFO:mme_vla_suite.serving.websocket_policy_server:TIMING add_buffer_ms=1463.1 frames=16 exec_start_idx=0
MV_INFER cond=normal split=test task=VideoUnmask ep=11 ep_seq=6 infer_seq=42 t=722 es=66 k=43 motion_frames=0,16,32,66,82,98,114,130,146,162,178,194,210,226,242,258,274,290,306,322,338,354,370,386,402,418,434,450,466,482,498,514,530,546,562,578,594,610,626,642,658,674,690 motion_emb_sha=cfc8358b832abd9e motion_pos_sha=3c375b5b266182ec motion_mask=111111111111111111111111111111111111111111100000000000000000000000000000000000000000000000000000 mem_order_sha=779ddf72b580def5 motion_cols_sha=78b0865e1248c113 donor=None cover=exact:0,fallback:0,cycle:0,cross_seg:0 gate=none num_steps=10 act_sha=939012e570e274df infer_ms=70.0
INFO:mme_vla_suite.serving.websocket_policy_server:TIMING infer_ms=70.0
INFO:mme_vla_suite.serving.websocket_policy_server:TIMING add_buffer_ms=1463.1 frames=16 exec_start_idx=0
MV_INFER cond=normal split=test task=VideoUnmask ep=11 ep_seq=6 infer_seq=43 t=738 es=66 k=44 motion_frames=0,16,32,66,82,98,114,130,146,162,178,194,210,226,242,258,274,290,306,322,338,354,370,386,402,418,434,450,466,482,498,514,530,546,562,578,594,610,626,642,658,674,690,706 motion_emb_sha=fca53fe84d5329d5 motion_pos_sha=9a98523100173224 motion_mask=111111111111111111111111111111111111111111110000000000000000000000000000000000000000000000000000 mem_order_sha=40166ba87744e340 motion_cols_sha=e738d8133285e097 donor=None cover=exact:0,fallback:0,cycle:0,cross_seg:0 gate=none num_steps=10 act_sha=8fcd8df5d6d65fc7 infer_ms=70.0
INFO:mme_vla_suite.serving.websocket_policy_server:TIMING infer_ms=70.0
[sidecar pid=833148] 窗 #451 起点 722 耗时 1417 ms（累计 857s）
INFO:mme_vla_suite.serving.websocket_policy_server:TIMING add_buffer_ms=1466.3 frames=16 exec_start_idx=0
MV_INFER cond=normal split=test task=VideoUnmask ep=11 ep_seq=6 infer_seq=44 t=754 es=66 k=45 motion_frames=0,16,32,66,82,98,114,130,146,162,178,194,210,226,242,258,274,290,306,322,338,354,370,386,402,418,434,450,466,482,498,514,530,546,562,578,594,610,626,642,658,674,690,706,722 motion_emb_sha=d7fce03d8f96c563 motion_pos_sha=509f6d7dfd3b6b7d motion_mask=111111111111111111111111111111111111111111111000000000000000000000000000000000000000000000000000 mem_order_sha=ac51a1bd09d9b3dc motion_cols_sha=ee6546d364856f36 donor=None cover=exact:0,fallback:0,cycle:0,cross_seg:0 gate=none num_steps=10 act_sha=c1faf243d6685f3e infer_ms=69.7
INFO:mme_vla_suite.serving.websocket_policy_server:TIMING infer_ms=69.7
INFO:mme_vla_suite.serving.websocket_policy_server:TIMING add_buffer_ms=1467.1 frames=16 exec_start_idx=0
MV_INFER cond=normal split=test task=VideoUnmask ep=11 ep_seq=6 infer_seq=45 t=770 es=66 k=46 motion_frames=0,16,32,66,82,98,114,130,146,162,178,194,210,226,242,258,274,290,306,322,338,354,370,386,402,418,434,450,466,482,498,514,530,546,562,578,594,610,626,642,658,674,690,706,722,738 motion_emb_sha=a9c9c6f748009242 motion_pos_sha=4883ad512b94ae90 motion_mask=111111111111111111111111111111111111111111111100000000000000000000000000000000000000000000000000 mem_order_sha=07b356a0b988bd26 motion_cols_sha=e4ca59fb8cf6b258 donor=None cover=exact:0,fallback:0,cycle:0,cross_seg:0 gate=none num_steps=10 act_sha=fda40f35065122b5 infer_ms=69.7
INFO:mme_vla_suite.serving.websocket_policy_server:TIMING infer_ms=69.7
INFO:mme_vla_suite.serving.websocket_policy_server:TIMING add_buffer_ms=1466.8 frames=16 exec_start_idx=0
MV_INFER cond=normal split=test task=VideoUnmask ep=11 ep_seq=6 infer_seq=46 t=786 es=66 k=47 motion_frames=0,16,32,66,82,98,114,130,146,162,178,194,210,226,242,258,274,290,306,322,338,354,370,386,402,418,434,450,466,482,498,514,530,546,562,578,594,610,626,642,658,674,690,706,722,738,754 motion_emb_sha=2d1a6da6c60f4b2f motion_pos_sha=6a9ee8166dc2e430 motion_mask=111111111111111111111111111111111111111111111110000000000000000000000000000000000000000000000000 mem_order_sha=56366bc252c0055a motion_cols_sha=6b2b7e9f2f7e8ece donor=None cover=exact:0,fallback:0,cycle:0,cross_seg:0 gate=none num_steps=10 act_sha=3d808e5f936e2973 infer_ms=69.9
INFO:mme_vla_suite.serving.websocket_policy_server:TIMING infer_ms=69.9
INFO:mme_vla_suite.serving.websocket_policy_server:TIMING add_buffer_ms=1463.9 frames=16 exec_start_idx=0
MV_INFER cond=normal split=test task=VideoUnmask ep=11 ep_seq=6 infer_seq=47 t=802 es=66 k=48 motion_frames=0,16,32,66,82,98,114,130,146,162,178,194,210,226,242,258,274,290,306,322,338,354,370,386,402,418,434,450,466,482,498,514,530,546,562,578,594,610,626,642,658,674,690,706,722,738,754,770 motion_emb_sha=a91137bbd728ee50 motion_pos_sha=8b207287f3bb2ce8 motion_mask=111111111111111111111111111111111111111111111111000000000000000000000000000000000000000000000000 mem_order_sha=41f68824fa24eca0 motion_cols_sha=b4369eb188fc7e5f donor=None cover=exact:0,fallback:0,cycle:0,cross_seg:0 gate=none num_steps=10 act_sha=ea4a85988a40249d infer_ms=69.7
INFO:mme_vla_suite.serving.websocket_policy_server:TIMING infer_ms=69.7
INFO:mme_vla_suite.serving.websocket_policy_server:TIMING add_buffer_ms=1462.7 frames=16 exec_start_idx=0
MV_INFER cond=normal split=test task=VideoUnmask ep=11 ep_seq=6 infer_seq=48 t=818 es=66 k=49 motion_frames=0,16,32,66,82,98,114,130,146,162,178,194,210,226,242,258,274,290,306,322,338,354,370,386,402,418,434,450,466,482,498,514,530,546,562,578,594,610,626,642,658,674,690,706,722,738,754,770,786 motion_emb_sha=834aee9e0051a037 motion_pos_sha=ae2cf5887ec7ed11 motion_mask=111111111111111111111111111111111111111111111111100000000000000000000000000000000000000000000000 mem_order_sha=60c16c435f0ad8f0 motion_cols_sha=9daa2835b81b6f76 donor=None cover=exact:0,fallback:0,cycle:0,cross_seg:0 gate=none num_steps=10 act_sha=972d022416026b12 infer_ms=70.2
INFO:mme_vla_suite.serving.websocket_policy_server:TIMING infer_ms=70.2
INFO:mme_vla_suite.serving.websocket_policy_server:TIMING add_buffer_ms=1467.4 frames=16 exec_start_idx=0
MV_INFER cond=normal split=test task=VideoUnmask ep=11 ep_seq=6 infer_seq=49 t=834 es=66 k=50 motion_frames=0,16,32,66,82,98,114,130,146,162,178,194,210,226,242,258,274,290,306,322,338,354,370,386,402,418,434,450,466,482,498,514,530,546,562,578,594,610,626,642,658,674,690,706,722,738,754,770,786,802 motion_emb_sha=62c451721e1943f6 motion_pos_sha=9c11a0b2d55fc505 motion_mask=111111111111111111111111111111111111111111111111110000000000000000000000000000000000000000000000 mem_order_sha=a88b75a1e693ecdd motion_cols_sha=7484410ffc741e26 donor=None cover=exact:0,fallback:0,cycle:0,cross_seg:0 gate=none num_steps=10 act_sha=7769555b207be2f8 infer_ms=70.5
INFO:mme_vla_suite.serving.websocket_policy_server:TIMING infer_ms=70.5
INFO:mme_vla_suite.serving.websocket_policy_server:TIMING add_buffer_ms=1468.4 frames=16 exec_start_idx=0
MV_INFER cond=normal split=test task=VideoUnmask ep=11 ep_seq=6 infer_seq=50 t=850 es=66 k=51 motion_frames=0,16,32,66,82,98,114,130,146,162,178,194,210,226,242,258,274,290,306,322,338,354,370,386,402,418,434,450,466,482,498,514,530,546,562,578,594,610,626,642,658,674,690,706,722,738,754,770,786,802,818 motion_emb_sha=7658281a6384d49f motion_pos_sha=263dfd265e5e2d39 motion_mask=111111111111111111111111111111111111111111111111111000000000000000000000000000000000000000000000 mem_order_sha=c91702d0779b6d9a motion_cols_sha=3f670b6b83873138 donor=None cover=exact:0,fallback:0,cycle:0,cross_seg:0 gate=none num_steps=10 act_sha=200bbdb8c515ee33 infer_ms=70.3
INFO:mme_vla_suite.serving.websocket_policy_server:TIMING infer_ms=70.3
INFO:mme_vla_suite.serving.websocket_policy_server:TIMING add_buffer_ms=1469.2 frames=16 exec_start_idx=0
MV_INFER cond=normal split=test task=VideoUnmask ep=11 ep_seq=6 infer_seq=51 t=866 es=66 k=52 motion_frames=0,16,32,66,82,98,114,130,146,162,178,194,210,226,242,258,274,290,306,322,338,354,370,386,402,418,434,450,466,482,498,514,530,546,562,578,594,610,626,642,658,674,690,706,722,738,754,770,786,802,818,834 motion_emb_sha=1350a4133129df5c motion_pos_sha=b13198acaebe117b motion_mask=111111111111111111111111111111111111111111111111111100000000000000000000000000000000000000000000 mem_order_sha=98aad9918dbabe49 motion_cols_sha=8c111b464e2545b4 donor=None cover=exact:0,fallback:0,cycle:0,cross_seg:0 gate=none num_steps=10 act_sha=b9427c5277dc9d7a infer_ms=69.7
INFO:mme_vla_suite.serving.websocket_policy_server:TIMING infer_ms=69.7
INFO:mme_vla_suite.serving.websocket_policy_server:TIMING add_buffer_ms=1461.3 frames=16 exec_start_idx=0
MV_INFER cond=normal split=test task=VideoUnmask ep=11 ep_seq=6 infer_seq=52 t=882 es=66 k=53 motion_frames=0,16,32,66,82,98,114,130,146,162,178,194,210,226,242,258,274,290,306,322,338,354,370,386,402,418,434,450,466,482,498,514,530,546,562,578,594,610,626,642,658,674,690,706,722,738,754,770,786,802,818,834,850 motion_emb_sha=3d5ab0bae733c4fa motion_pos_sha=2a093ef2193348f4 motion_mask=111111111111111111111111111111111111111111111111111110000000000000000000000000000000000000000000 mem_order_sha=e5a38de8aead414f motion_cols_sha=2ef65e70a4ed9492 donor=None cover=exact:0,fallback:0,cycle:0,cross_seg:0 gate=none num_steps=10 act_sha=97ab58e6367c3d5f infer_ms=70.0
INFO:mme_vla_suite.serving.websocket_policy_server:TIMING infer_ms=70.0
INFO:mme_vla_suite.serving.websocket_policy_server:TIMING add_buffer_ms=1465.8 frames=16 exec_start_idx=0
MV_INFER cond=normal split=test task=VideoUnmask ep=11 ep_seq=6 infer_seq=53 t=898 es=66 k=54 motion_frames=0,16,32,66,82,98,114,130,146,162,178,194,210,226,242,258,274,290,306,322,338,354,370,386,402,418,434,450,466,482,498,514,530,546,562,578,594,610,626,642,658,674,690,706,722,738,754,770,786,802,818,834,850,866 motion_emb_sha=cfd7f9d1b631a4f6 motion_pos_sha=55de1f995c4ecf78 motion_mask=111111111111111111111111111111111111111111111111111111000000000000000000000000000000000000000000 mem_order_sha=f1b08357d67dad3a motion_cols_sha=2ee438815fa4742b donor=None cover=exact:0,fallback:0,cycle:0,cross_seg:0 gate=none num_steps=10 act_sha=ef9f42653b2b93c5 infer_ms=70.0
INFO:mme_vla_suite.serving.websocket_policy_server:TIMING infer_ms=70.0
INFO:mme_vla_suite.serving.websocket_policy_server:TIMING add_buffer_ms=1472.5 frames=16 exec_start_idx=0
MV_INFER cond=normal split=test task=VideoUnmask ep=11 ep_seq=6 infer_seq=54 t=914 es=66 k=55 motion_frames=0,16,32,66,82,98,114,130,146,162,178,194,210,226,242,258,274,290,306,322,338,354,370,386,402,418,434,450,466,482,498,514,530,546,562,578,594,610,626,642,658,674,690,706,722,738,754,770,786,802,818,834,850,866,882 motion_emb_sha=cb9cfd7eb52bde09 motion_pos_sha=b3139dd1f53b7b58 motion_mask=111111111111111111111111111111111111111111111111111111100000000000000000000000000000000000000000 mem_order_sha=8224669e500670e7 motion_cols_sha=718378567319b213 donor=None cover=exact:0,fallback:0,cycle:0,cross_seg:0 gate=none num_steps=10 act_sha=bacf4717ce34557e infer_ms=69.7
INFO:mme_vla_suite.serving.websocket_policy_server:TIMING infer_ms=69.7
INFO:mme_vla_suite.serving.websocket_policy_server:TIMING add_buffer_ms=1460.3 frames=16 exec_start_idx=0
MV_INFER cond=normal split=test task=VideoUnmask ep=11 ep_seq=6 infer_seq=55 t=930 es=66 k=56 motion_frames=0,16,32,66,82,98,114,130,146,162,178,194,210,226,242,258,274,290,306,322,338,354,370,386,402,418,434,450,466,482,498,514,530,546,562,578,594,610,626,642,658,674,690,706,722,738,754,770,786,802,818,834,850,866,882,898 motion_emb_sha=3e1730854faf9410 motion_pos_sha=89906205e4aff050 motion_mask=111111111111111111111111111111111111111111111111111111110000000000000000000000000000000000000000 mem_order_sha=2b5aeeda86acbd4c motion_cols_sha=6b8d54a9b713b9bb donor=None cover=exact:0,fallback:0,cycle:0,cross_seg:0 gate=none num_steps=10 act_sha=9eb1bf0cadc07761 infer_ms=70.4
INFO:mme_vla_suite.serving.websocket_policy_server:TIMING infer_ms=70.4
INFO:mme_vla_suite.serving.websocket_policy_server:TIMING add_buffer_ms=1460.3 frames=16 exec_start_idx=0
MV_INFER cond=normal split=test task=VideoUnmask ep=11 ep_seq=6 infer_seq=56 t=946 es=66 k=57 motion_frames=0,16,32,66,82,98,114,130,146,162,178,194,210,226,242,258,274,290,306,322,338,354,370,386,402,418,434,450,466,482,498,514,530,546,562,578,594,610,626,642,658,674,690,706,722,738,754,770,786,802,818,834,850,866,882,898,914 motion_emb_sha=f5a4c57081c97590 motion_pos_sha=1a047899f2f73e77 motion_mask=111111111111111111111111111111111111111111111111111111111000000000000000000000000000000000000000 mem_order_sha=f518d61aaeb7b9a4 motion_cols_sha=7e7294586c095a3b donor=None cover=exact:0,fallback:0,cycle:0,cross_seg:0 gate=none num_steps=10 act_sha=b994c60a2ed89b64 infer_ms=70.2
INFO:mme_vla_suite.serving.websocket_policy_server:TIMING infer_ms=70.2
INFO:mme_vla_suite.serving.websocket_policy_server:TIMING add_buffer_ms=1461.5 frames=16 exec_start_idx=0
MV_INFER cond=normal split=test task=VideoUnmask ep=11 ep_seq=6 infer_seq=57 t=962 es=66 k=58 motion_frames=0,16,32,66,82,98,114,130,146,162,178,194,210,226,242,258,274,290,306,322,338,354,370,386,402,418,434,450,466,482,498,514,530,546,562,578,594,610,626,642,658,674,690,706,722,738,754,770,786,802,818,834,850,866,882,898,914,930 motion_emb_sha=891ffbb61b0bb202 motion_pos_sha=ea2f391a4a415ca2 motion_mask=111111111111111111111111111111111111111111111111111111111100000000000000000000000000000000000000 mem_order_sha=7393759e909a4426 motion_cols_sha=390f291c89898410 donor=None cover=exact:0,fallback:0,cycle:0,cross_seg:0 gate=none num_steps=10 act_sha=4244bf3c6783034a infer_ms=69.7
INFO:mme_vla_suite.serving.websocket_policy_server:TIMING infer_ms=69.7
INFO:mme_vla_suite.serving.websocket_policy_server:TIMING add_buffer_ms=1460.8 frames=16 exec_start_idx=0
MV_INFER cond=normal split=test task=VideoUnmask ep=11 ep_seq=6 infer_seq=58 t=978 es=66 k=59 motion_frames=0,16,32,66,82,98,114,130,146,162,178,194,210,226,242,258,274,290,306,322,338,354,370,386,402,418,434,450,466,482,498,514,530,546,562,578,594,610,626,642,658,674,690,706,722,738,754,770,786,802,818,834,850,866,882,898,914,930,946 motion_emb_sha=f48a06d091529a18 motion_pos_sha=d0a97db97da9ff63 motion_mask=111111111111111111111111111111111111111111111111111111111110000000000000000000000000000000000000 mem_order_sha=a6d737f7e8bf2dbf motion_cols_sha=084cb2637a565d19 donor=None cover=exact:0,fallback:0,cycle:0,cross_seg:0 gate=none num_steps=10 act_sha=eef4c10c6942eb9c infer_ms=69.5
INFO:mme_vla_suite.serving.websocket_policy_server:TIMING infer_ms=69.5
INFO:mme_vla_suite.serving.websocket_policy_server:TIMING add_buffer_ms=1462.2 frames=16 exec_start_idx=0
MV_INFER cond=normal split=test task=VideoUnmask ep=11 ep_seq=6 infer_seq=59 t=994 es=66 k=60 motion_frames=0,16,32,66,82,98,114,130,146,162,178,194,210,226,242,258,274,290,306,322,338,354,370,386,402,418,434,450,466,482,498,514,530,546,562,578,594,610,626,642,658,674,690,706,722,738,754,770,786,802,818,834,850,866,882,898,914,930,946,962 motion_emb_sha=a5012170f57ec92e motion_pos_sha=790d5be294652bd4 motion_mask=111111111111111111111111111111111111111111111111111111111111000000000000000000000000000000000000 mem_order_sha=c6351d37ee6f0a46 motion_cols_sha=c8e32b5c1df81659 donor=None cover=exact:0,fallback:0,cycle:0,cross_seg:0 gate=none num_steps=10 act_sha=07a9dec532b180d6 infer_ms=69.9
INFO:mme_vla_suite.serving.websocket_policy_server:TIMING infer_ms=69.9
INFO:mme_vla_suite.serving.websocket_policy_server:TIMING add_buffer_ms=1460.3 frames=16 exec_start_idx=0
MV_INFER cond=normal split=test task=VideoUnmask ep=11 ep_seq=6 infer_seq=60 t=1010 es=66 k=61 motion_frames=0,16,32,66,82,98,114,130,146,162,178,194,210,226,242,258,274,290,306,322,338,354,370,386,402,418,434,450,466,482,498,514,530,546,562,578,594,610,626,642,658,674,690,706,722,738,754,770,786,802,818,834,850,866,882,898,914,930,946,962,978 motion_emb_sha=c3a10081d5d8a7d7 motion_pos_sha=2e34907a852f78de motion_mask=111111111111111111111111111111111111111111111111111111111111100000000000000000000000000000000000 mem_order_sha=c470f0270fec02a5 motion_cols_sha=a6adf83306a269f4 donor=None cover=exact:0,fallback:0,cycle:0,cross_seg:0 gate=none num_steps=10 act_sha=f997d373753db570 infer_ms=69.8
INFO:mme_vla_suite.serving.websocket_policy_server:TIMING infer_ms=69.8
INFO:mme_vla_suite.serving.websocket_policy_server:TIMING add_buffer_ms=1462.7 frames=16 exec_start_idx=0
MV_INFER cond=normal split=test task=VideoUnmask ep=11 ep_seq=6 infer_seq=61 t=1026 es=66 k=62 motion_frames=0,16,32,66,82,98,114,130,146,162,178,194,210,226,242,258,274,290,306,322,338,354,370,386,402,418,434,450,466,482,498,514,530,546,562,578,594,610,626,642,658,674,690,706,722,738,754,770,786,802,818,834,850,866,882,898,914,930,946,962,978,994 motion_emb_sha=f38c6f567be1c237 motion_pos_sha=109c4437d4230703 motion_mask=111111111111111111111111111111111111111111111111111111111111110000000000000000000000000000000000 mem_order_sha=5bb893874aabade9 motion_cols_sha=9e978042bcf2c4f2 donor=None cover=exact:0,fallback:0,cycle:0,cross_seg:0 gate=none num_steps=10 act_sha=e2a777786c7e63d2 infer_ms=69.7
INFO:mme_vla_suite.serving.websocket_policy_server:TIMING infer_ms=69.7
INFO:mme_vla_suite.serving.websocket_policy_server:TIMING add_buffer_ms=1465.1 frames=16 exec_start_idx=0
MV_INFER cond=normal split=test task=VideoUnmask ep=11 ep_seq=6 infer_seq=62 t=1042 es=66 k=63 motion_frames=0,16,32,66,82,98,114,130,146,162,178,194,210,226,242,258,274,290,306,322,338,354,370,386,402,418,434,450,466,482,498,514,530,546,562,578,594,610,626,642,658,674,690,706,722,738,754,770,786,802,818,834,850,866,882,898,914,930,946,962,978,994,1010 motion_emb_sha=48cf9d8e301aa9ef motion_pos_sha=d8b557634b115ecf motion_mask=111111111111111111111111111111111111111111111111111111111111111000000000000000000000000000000000 mem_order_sha=0e81302bddf075e0 motion_cols_sha=5406ce1fc92c45d8 donor=None cover=exact:0,fallback:0,cycle:0,cross_seg:0 gate=none num_steps=10 act_sha=79d271627e60cab5 infer_ms=69.6
INFO:mme_vla_suite.serving.websocket_policy_server:TIMING infer_ms=69.6
INFO:mme_vla_suite.serving.websocket_policy_server:TIMING add_buffer_ms=1462.7 frames=16 exec_start_idx=0
MV_INFER cond=normal split=test task=VideoUnmask ep=11 ep_seq=6 infer_seq=63 t=1058 es=66 k=64 motion_frames=0,16,32,66,82,98,114,130,146,162,178,194,210,226,242,258,274,290,306,322,338,354,370,386,402,418,434,450,466,482,498,514,530,546,562,578,594,610,626,642,658,674,690,706,722,738,754,770,786,802,818,834,850,866,882,898,914,930,946,962,978,994,1010,1026 motion_emb_sha=a47e988978ecef56 motion_pos_sha=271fda67f39530cb motion_mask=111111111111111111111111111111111111111111111111111111111111111100000000000000000000000000000000 mem_order_sha=7a19351f4376a305 motion_cols_sha=dc5bbe0df3d49ebb donor=None cover=exact:0,fallback:0,cycle:0,cross_seg:0 gate=none num_steps=10 act_sha=63cfe2cb4354b536 infer_ms=69.9
INFO:mme_vla_suite.serving.websocket_policy_server:TIMING infer_ms=69.9
INFO:mme_vla_suite.serving.websocket_policy_server:TIMING add_buffer_ms=1465.3 frames=16 exec_start_idx=0
MV_INFER cond=normal split=test task=VideoUnmask ep=11 ep_seq=6 infer_seq=64 t=1074 es=66 k=65 motion_frames=0,16,32,66,82,98,114,130,146,162,178,194,210,226,242,258,274,290,306,322,338,354,370,386,402,418,434,450,466,482,498,514,530,546,562,578,594,610,626,642,658,674,690,706,722,738,754,770,786,802,818,834,850,866,882,898,914,930,946,962,978,994,1010,1026,1042 motion_emb_sha=3a88fc2415ed136d motion_pos_sha=fa85e53a5775ecc0 motion_mask=111111111111111111111111111111111111111111111111111111111111111110000000000000000000000000000000 mem_order_sha=b601c04ef9e0dbc6 motion_cols_sha=890fca657d099dbf donor=None cover=exact:0,fallback:0,cycle:0,cross_seg:0 gate=none num_steps=10 act_sha=f5f5d0568226c157 infer_ms=69.8
INFO:mme_vla_suite.serving.websocket_policy_server:TIMING infer_ms=69.8
INFO:mme_vla_suite.serving.websocket_policy_server:TIMING add_buffer_ms=1465.6 frames=16 exec_start_idx=0
MV_INFER cond=normal split=test task=VideoUnmask ep=11 ep_seq=6 infer_seq=65 t=1090 es=66 k=66 motion_frames=0,16,32,66,82,98,114,130,146,162,178,194,210,226,242,258,274,290,306,322,338,354,370,386,402,418,434,450,466,482,498,514,530,546,562,578,594,610,626,642,658,674,690,706,722,738,754,770,786,802,818,834,850,866,882,898,914,930,946,962,978,994,1010,1026,1042,1058 motion_emb_sha=e40fd8f2810f556f motion_pos_sha=00b7f7a8c4373e0e motion_mask=111111111111111111111111111111111111111111111111111111111111111111000000000000000000000000000000 mem_order_sha=09d3f5b5dd76b6e9 motion_cols_sha=25c9a528ac0a9932 donor=None cover=exact:0,fallback:0,cycle:0,cross_seg:0 gate=none num_steps=10 act_sha=28e385cebc70f165 infer_ms=69.7
INFO:mme_vla_suite.serving.websocket_policy_server:TIMING infer_ms=69.7
INFO:mme_vla_suite.serving.websocket_policy_server:TIMING add_buffer_ms=1462.0 frames=16 exec_start_idx=0
MV_INFER cond=normal split=test task=VideoUnmask ep=11 ep_seq=6 infer_seq=66 t=1106 es=66 k=67 motion_frames=0,16,32,66,82,98,114,130,146,162,178,194,210,226,242,258,274,290,306,322,338,354,370,386,402,418,434,450,466,482,498,514,530,546,562,578,594,610,626,642,658,674,690,706,722,738,754,770,786,802,818,834,850,866,882,898,914,930,946,962,978,994,1010,1026,1042,1058,1074 motion_emb_sha=491aa10b5e6a10ce motion_pos_sha=20f512f1811b25ab motion_mask=111111111111111111111111111111111111111111111111111111111111111111100000000000000000000000000000 mem_order_sha=d286e2d851463be3 motion_cols_sha=c30c2969e0b64272 donor=None cover=exact:0,fallback:0,cycle:0,cross_seg:0 gate=none num_steps=10 act_sha=fb2ff0e0e69e8c79 infer_ms=69.5
INFO:mme_vla_suite.serving.websocket_policy_server:TIMING infer_ms=69.5
INFO:mme_vla_suite.serving.websocket_policy_server:TIMING add_buffer_ms=1461.4 frames=16 exec_start_idx=0
MV_INFER cond=normal split=test task=VideoUnmask ep=11 ep_seq=6 infer_seq=67 t=1122 es=66 k=68 motion_frames=0,16,32,66,82,98,114,130,146,162,178,194,210,226,242,258,274,290,306,322,338,354,370,386,402,418,434,450,466,482,498,514,530,546,562,578,594,610,626,642,658,674,690,706,722,738,754,770,786,802,818,834,850,866,882,898,914,930,946,962,978,994,1010,1026,1042,1058,1074,1090 motion_emb_sha=0c1292e574d150cd motion_pos_sha=3aac68b3e79c33d3 motion_mask=111111111111111111111111111111111111111111111111111111111111111111110000000000000000000000000000 mem_order_sha=fcc8990fd6205a78 motion_cols_sha=bc81ec06115cc100 donor=None cover=exact:0,fallback:0,cycle:0,cross_seg:0 gate=none num_steps=10 act_sha=218668da0de163ef infer_ms=69.9
INFO:mme_vla_suite.serving.websocket_policy_server:TIMING infer_ms=69.9
INFO:mme_vla_suite.serving.websocket_policy_server:TIMING add_buffer_ms=1467.6 frames=16 exec_start_idx=0
MV_INFER cond=normal split=test task=VideoUnmask ep=11 ep_seq=6 infer_seq=68 t=1138 es=66 k=69 motion_frames=0,16,32,66,82,98,114,130,146,162,178,194,210,226,242,258,274,290,306,322,338,354,370,386,402,418,434,450,466,482,498,514,530,546,562,578,594,610,626,642,658,674,690,706,722,738,754,770,786,802,818,834,850,866,882,898,914,930,946,962,978,994,1010,1026,1042,1058,1074,1090,1106 motion_emb_sha=72e13117178b8199 motion_pos_sha=ba7593f8721dd2c1 motion_mask=111111111111111111111111111111111111111111111111111111111111111111111000000000000000000000000000 mem_order_sha=b78b9750c97933d5 motion_cols_sha=5410c8f3de54e7b5 donor=None cover=exact:0,fallback:0,cycle:0,cross_seg:0 gate=none num_steps=10 act_sha=ebdf6bafd91ae896 infer_ms=69.9
INFO:mme_vla_suite.serving.websocket_policy_server:TIMING infer_ms=69.9
INFO:mme_vla_suite.serving.websocket_policy_server:TIMING add_buffer_ms=1464.5 frames=16 exec_start_idx=0
MV_INFER cond=normal split=test task=VideoUnmask ep=11 ep_seq=6 infer_seq=69 t=1154 es=66 k=70 motion_frames=0,16,32,66,82,98,114,130,146,162,178,194,210,226,242,258,274,290,306,322,338,354,370,386,402,418,434,450,466,482,498,514,530,546,562,578,594,610,626,642,658,674,690,706,722,738,754,770,786,802,818,834,850,866,882,898,914,930,946,962,978,994,1010,1026,1042,1058,1074,1090,1106,1122 motion_emb_sha=b554071eabc5f110 motion_pos_sha=ae686e53aa95af62 motion_mask=111111111111111111111111111111111111111111111111111111111111111111111100000000000000000000000000 mem_order_sha=3d108d5ca0c70839 motion_cols_sha=5c32357c7498011b donor=None cover=exact:0,fallback:0,cycle:0,cross_seg:0 gate=none num_steps=10 act_sha=97071f275d828c5a infer_ms=69.9
INFO:mme_vla_suite.serving.websocket_policy_server:TIMING infer_ms=69.9
INFO:mme_vla_suite.serving.websocket_policy_server:TIMING add_buffer_ms=1461.4 frames=16 exec_start_idx=0
MV_INFER cond=normal split=test task=VideoUnmask ep=11 ep_seq=6 infer_seq=70 t=1170 es=66 k=71 motion_frames=0,16,32,66,82,98,114,130,146,162,178,194,210,226,242,258,274,290,306,322,338,354,370,386,402,418,434,450,466,482,498,514,530,546,562,578,594,610,626,642,658,674,690,706,722,738,754,770,786,802,818,834,850,866,882,898,914,930,946,962,978,994,1010,1026,1042,1058,1074,1090,1106,1122,1138 motion_emb_sha=63259e7c68612fda motion_pos_sha=062968b206722b55 motion_mask=111111111111111111111111111111111111111111111111111111111111111111111110000000000000000000000000 mem_order_sha=d8911d4dcb9816ff motion_cols_sha=63019f0fb3a31085 donor=None cover=exact:0,fallback:0,cycle:0,cross_seg:0 gate=none num_steps=10 act_sha=b54f675da9c9d55a infer_ms=69.9
INFO:mme_vla_suite.serving.websocket_policy_server:TIMING infer_ms=69.9
INFO:mme_vla_suite.serving.websocket_policy_server:TIMING add_buffer_ms=1463.0 frames=16 exec_start_idx=0
MV_INFER cond=normal split=test task=VideoUnmask ep=11 ep_seq=6 infer_seq=71 t=1186 es=66 k=72 motion_frames=0,16,32,66,82,98,114,130,146,162,178,194,210,226,242,258,274,290,306,322,338,354,370,386,402,418,434,450,466,482,498,514,530,546,562,578,594,610,626,642,658,674,690,706,722,738,754,770,786,802,818,834,850,866,882,898,914,930,946,962,978,994,1010,1026,1042,1058,1074,1090,1106,1122,1138,1154 motion_emb_sha=90a4beed29520158 motion_pos_sha=87c2fee6322a2258 motion_mask=111111111111111111111111111111111111111111111111111111111111111111111111000000000000000000000000 mem_order_sha=5516fb617e9675da motion_cols_sha=e3ddf056c77d54cf donor=None cover=exact:0,fallback:0,cycle:0,cross_seg:0 gate=none num_steps=10 act_sha=23f65729eb2816d1 infer_ms=69.7
INFO:mme_vla_suite.serving.websocket_policy_server:TIMING infer_ms=69.7
INFO:mme_vla_suite.serving.websocket_policy_server:TIMING add_buffer_ms=1461.7 frames=16 exec_start_idx=0
MV_INFER cond=normal split=test task=VideoUnmask ep=11 ep_seq=6 infer_seq=72 t=1202 es=66 k=73 motion_frames=0,16,32,66,82,98,114,130,146,162,178,194,210,226,242,258,274,290,306,322,338,354,370,386,402,418,434,450,466,482,498,514,530,546,562,578,594,610,626,642,658,674,690,706,722,738,754,770,786,802,818,834,850,866,882,898,914,930,946,962,978,994,1010,1026,1042,1058,1074,1090,1106,1122,1138,1154,1170 motion_emb_sha=abbcc3a84cb8b541 motion_pos_sha=44bd19a2e07844b0 motion_mask=111111111111111111111111111111111111111111111111111111111111111111111111100000000000000000000000 mem_order_sha=dd4fd2ca0f1412be motion_cols_sha=cb8841baebe24b96 donor=None cover=exact:0,fallback:0,cycle:0,cross_seg:0 gate=none num_steps=10 act_sha=81e1ced7ec5a42e1 infer_ms=69.6
INFO:mme_vla_suite.serving.websocket_policy_server:TIMING infer_ms=69.6
INFO:mme_vla_suite.serving.websocket_policy_server:TIMING add_buffer_ms=1463.1 frames=16 exec_start_idx=0
MV_INFER cond=normal split=test task=VideoUnmask ep=11 ep_seq=6 infer_seq=73 t=1218 es=66 k=74 motion_frames=0,16,32,66,82,98,114,130,146,162,178,194,210,226,242,258,274,290,306,322,338,354,370,386,402,418,434,450,466,482,498,514,530,546,562,578,594,610,626,642,658,674,690,706,722,738,754,770,786,802,818,834,850,866,882,898,914,930,946,962,978,994,1010,1026,1042,1058,1074,1090,1106,1122,1138,1154,1170,1186 motion_emb_sha=21f2a2b3fbc3c1de motion_pos_sha=98fddbe436ef58c7 motion_mask=111111111111111111111111111111111111111111111111111111111111111111111111110000000000000000000000 mem_order_sha=85778cc66634e0bb motion_cols_sha=7119c3770b6a85f1 donor=None cover=exact:0,fallback:0,cycle:0,cross_seg:0 gate=none num_steps=10 act_sha=b2086a8d4affb800 infer_ms=69.9
INFO:mme_vla_suite.serving.websocket_policy_server:TIMING infer_ms=69.9
INFO:mme_vla_suite.serving.websocket_policy_server:TIMING add_buffer_ms=1465.1 frames=16 exec_start_idx=0
MV_INFER cond=normal split=test task=VideoUnmask ep=11 ep_seq=6 infer_seq=74 t=1234 es=66 k=75 motion_frames=0,16,32,66,82,98,114,130,146,162,178,194,210,226,242,258,274,290,306,322,338,354,370,386,402,418,434,450,466,482,498,514,530,546,562,578,594,610,626,642,658,674,690,706,722,738,754,770,786,802,818,834,850,866,882,898,914,930,946,962,978,994,1010,1026,1042,1058,1074,1090,1106,1122,1138,1154,1170,1186,1202 motion_emb_sha=098b37cba76a40ad motion_pos_sha=6d2c13cbe0fc7b5e motion_mask=111111111111111111111111111111111111111111111111111111111111111111111111111000000000000000000000 mem_order_sha=074c503607dc30bc motion_cols_sha=09951f3ca1b1da54 donor=None cover=exact:0,fallback:0,cycle:0,cross_seg:0 gate=none num_steps=10 act_sha=93816a3d1beff9d5 infer_ms=69.7
INFO:mme_vla_suite.serving.websocket_policy_server:TIMING infer_ms=69.7
INFO:mme_vla_suite.serving.websocket_policy_server:TIMING add_buffer_ms=1461.4 frames=16 exec_start_idx=0
MV_INFER cond=normal split=test task=VideoUnmask ep=11 ep_seq=6 infer_seq=75 t=1250 es=66 k=76 motion_frames=0,16,32,66,82,98,114,130,146,162,178,194,210,226,242,258,274,290,306,322,338,354,370,386,402,418,434,450,466,482,498,514,530,546,562,578,594,610,626,642,658,674,690,706,722,738,754,770,786,802,818,834,850,866,882,898,914,930,946,962,978,994,1010,1026,1042,1058,1074,1090,1106,1122,1138,1154,1170,1186,1202,1218 motion_emb_sha=c430774b3a41b97f motion_pos_sha=1bf124b22ee6e2bc motion_mask=111111111111111111111111111111111111111111111111111111111111111111111111111100000000000000000000 mem_order_sha=8cd7aba439834e45 motion_cols_sha=a73d0a5557f7a72b donor=None cover=exact:0,fallback:0,cycle:0,cross_seg:0 gate=none num_steps=10 act_sha=fa2a0378d9acfd6b infer_ms=69.7
INFO:mme_vla_suite.serving.websocket_policy_server:TIMING infer_ms=69.7
INFO:mme_vla_suite.serving.websocket_policy_server:TIMING add_buffer_ms=1462.1 frames=16 exec_start_idx=0
MV_INFER cond=normal split=test task=VideoUnmask ep=11 ep_seq=6 infer_seq=76 t=1266 es=66 k=77 motion_frames=0,16,32,66,82,98,114,130,146,162,178,194,210,226,242,258,274,290,306,322,338,354,370,386,402,418,434,450,466,482,498,514,530,546,562,578,594,610,626,642,658,674,690,706,722,738,754,770,786,802,818,834,850,866,882,898,914,930,946,962,978,994,1010,1026,1042,1058,1074,1090,1106,1122,1138,1154,1170,1186,1202,1218,1234 motion_emb_sha=8c6e095047a612c0 motion_pos_sha=cd72716fad16ceb4 motion_mask=111111111111111111111111111111111111111111111111111111111111111111111111111110000000000000000000 mem_order_sha=6e0418ca080114fb motion_cols_sha=349f431b2ac05d1c donor=None cover=exact:0,fallback:0,cycle:0,cross_seg:0 gate=none num_steps=10 act_sha=1901d697567543d6 infer_ms=69.7
INFO:mme_vla_suite.serving.websocket_policy_server:TIMING infer_ms=69.7
INFO:mme_vla_suite.serving.websocket_policy_server:TIMING add_buffer_ms=1464.3 frames=16 exec_start_idx=0
MV_INFER cond=normal split=test task=VideoUnmask ep=11 ep_seq=6 infer_seq=77 t=1282 es=66 k=78 motion_frames=0,16,32,66,82,98,114,130,146,162,178,194,210,226,242,258,274,290,306,322,338,354,370,386,402,418,434,450,466,482,498,514,530,546,562,578,594,610,626,642,658,674,690,706,722,738,754,770,786,802,818,834,850,866,882,898,914,930,946,962,978,994,1010,1026,1042,1058,1074,1090,1106,1122,1138,1154,1170,1186,1202,1218,1234,1250 motion_emb_sha=15ba26c978c4dd0b motion_pos_sha=7dc0e880fdfb0754 motion_mask=111111111111111111111111111111111111111111111111111111111111111111111111111111000000000000000000 mem_order_sha=b0143d1b23e234a9 motion_cols_sha=558cbd0ddb85b838 donor=None cover=exact:0,fallback:0,cycle:0,cross_seg:0 gate=none num_steps=10 act_sha=395b81a383c531bd infer_ms=69.7
INFO:mme_vla_suite.serving.websocket_policy_server:TIMING infer_ms=69.7
INFO:mme_vla_suite.serving.websocket_policy_server:TIMING add_buffer_ms=1466.4 frames=16 exec_start_idx=0
MV_INFER cond=normal split=test task=VideoUnmask ep=11 ep_seq=6 infer_seq=78 t=1298 es=66 k=79 motion_frames=0,16,32,66,82,98,114,130,146,162,178,194,210,226,242,258,274,290,306,322,338,354,370,386,402,418,434,450,466,482,498,514,530,546,562,578,594,610,626,642,658,674,690,706,722,738,754,770,786,802,818,834,850,866,882,898,914,930,946,962,978,994,1010,1026,1042,1058,1074,1090,1106,1122,1138,1154,1170,1186,1202,1218,1234,1250,1266 motion_emb_sha=ce07bb14ab5c5670 motion_pos_sha=cb6937d39e499a7d motion_mask=111111111111111111111111111111111111111111111111111111111111111111111111111111100000000000000000 mem_order_sha=a013b0d82bc0d97a motion_cols_sha=547a1ac4654c286c donor=None cover=exact:0,fallback:0,cycle:0,cross_seg:0 gate=none num_steps=10 act_sha=aad972300cf06cd5 infer_ms=70.8
INFO:mme_vla_suite.serving.websocket_policy_server:TIMING infer_ms=70.8
INFO:mme_vla_suite.serving.websocket_policy_server:TIMING add_buffer_ms=1476.0 frames=16 exec_start_idx=0
MV_INFER cond=normal split=test task=VideoUnmask ep=11 ep_seq=6 infer_seq=79 t=1314 es=66 k=80 motion_frames=0,16,32,66,82,98,114,130,146,162,178,194,210,226,242,258,274,290,306,322,338,354,370,386,402,418,434,450,466,482,498,514,530,546,562,578,594,610,626,642,658,674,690,706,722,738,754,770,786,802,818,834,850,866,882,898,914,930,946,962,978,994,1010,1026,1042,1058,1074,1090,1106,1122,1138,1154,1170,1186,1202,1218,1234,1250,1266,1282 motion_emb_sha=1e035b26ada7b78e motion_pos_sha=a94dd9065918a4a1 motion_mask=111111111111111111111111111111111111111111111111111111111111111111111111111111110000000000000000 mem_order_sha=18eb7627810dd2df motion_cols_sha=04567d6627fae1ff donor=None cover=exact:0,fallback:0,cycle:0,cross_seg:0 gate=none num_steps=10 act_sha=fde080d1ba68a428 infer_ms=70.0
INFO:mme_vla_suite.serving.websocket_policy_server:TIMING infer_ms=70.0
INFO:mme_vla_suite.serving.websocket_policy_server:TIMING add_buffer_ms=1460.0 frames=16 exec_start_idx=0
MV_INFER cond=normal split=test task=VideoUnmask ep=11 ep_seq=6 infer_seq=80 t=1330 es=66 k=81 motion_frames=0,16,32,66,82,98,114,130,146,162,178,194,210,226,242,258,274,290,306,322,338,354,370,386,402,418,434,450,466,482,498,514,530,546,562,578,594,610,626,642,658,674,690,706,722,738,754,770,786,802,818,834,850,866,882,898,914,930,946,962,978,994,1010,1026,1042,1058,1074,1090,1106,1122,1138,1154,1170,1186,1202,1218,1234,1250,1266,1282,1298 motion_emb_sha=969f24d5edd874b5 motion_pos_sha=e503685848819587 motion_mask=111111111111111111111111111111111111111111111111111111111111111111111111111111111000000000000000 mem_order_sha=f0a301b992be137a motion_cols_sha=eea74de565fbc1e4 donor=None cover=exact:0,fallback:0,cycle:0,cross_seg:0 gate=none num_steps=10 act_sha=9a2db174a6a6bf2c infer_ms=70.3
INFO:mme_vla_suite.serving.websocket_policy_server:TIMING infer_ms=70.3
INFO:mme_vla_suite.serving.websocket_policy_server:TIMING add_buffer_ms=1466.6 frames=16 exec_start_idx=0
MV_INFER cond=normal split=test task=VideoUnmask ep=11 ep_seq=6 infer_seq=81 t=1346 es=66 k=82 motion_frames=0,16,32,66,82,98,114,130,146,162,178,194,210,226,242,258,274,290,306,322,338,354,370,386,402,418,434,450,466,482,498,514,530,546,562,578,594,610,626,642,658,674,690,706,722,738,754,770,786,802,818,834,850,866,882,898,914,930,946,962,978,994,1010,1026,1042,1058,1074,1090,1106,1122,1138,1154,1170,1186,1202,1218,1234,1250,1266,1282,1298,1314 motion_emb_sha=b1c0b6c3fc68a1e9 motion_pos_sha=f0c7b492d7bca486 motion_mask=111111111111111111111111111111111111111111111111111111111111111111111111111111111100000000000000 mem_order_sha=c75f757d03a3b100 motion_cols_sha=1058626bcd238dcb donor=None cover=exact:0,fallback:0,cycle:0,cross_seg:0 gate=none num_steps=10 act_sha=ba1a011685e81a9c infer_ms=69.9
INFO:mme_vla_suite.serving.websocket_policy_server:TIMING infer_ms=69.9
INFO:mme_vla_suite.serving.websocket_policy_server:TIMING add_buffer_ms=1464.2 frames=16 exec_start_idx=0
MV_INFER cond=normal split=test task=VideoUnmask ep=11 ep_seq=6 infer_seq=82 t=1362 es=66 k=83 motion_frames=0,16,32,66,82,98,114,130,146,162,178,194,210,226,242,258,274,290,306,322,338,354,370,386,402,418,434,450,466,482,498,514,530,546,562,578,594,610,626,642,658,674,690,706,722,738,754,770,786,802,818,834,850,866,882,898,914,930,946,962,978,994,1010,1026,1042,1058,1074,1090,1106,1122,1138,1154,1170,1186,1202,1218,1234,1250,1266,1282,1298,1314,1330 motion_emb_sha=9c8a12fe1acdfcfc motion_pos_sha=4aa9c8102c676587 motion_mask=111111111111111111111111111111111111111111111111111111111111111111111111111111111110000000000000 mem_order_sha=a253d88d1c76f054 motion_cols_sha=6186e96835cf6af8 donor=None cover=exact:0,fallback:0,cycle:0,cross_seg:0 gate=none num_steps=10 act_sha=c0c23f9f53c22148 infer_ms=70.0
INFO:mme_vla_suite.serving.websocket_policy_server:TIMING infer_ms=70.0
INFO:websockets.server:connection open
INFO:mme_vla_suite.serving.websocket_policy_server:Connection from ('127.0.0.1', 56142) opened
MV_EPISODE_END ep_seq=6 infers=82 windows=83 wall_s=154.8
MV_EPISODE_BEGIN cond=normal split=test seed=42 ep_seq=7 expect=ButtonUnmaskSwap:3
INFO:mme_vla_suite.serving.websocket_policy_server:TIMING add_buffer_ms=7.4 frames=1 exec_start_idx=0
MV_INFER cond=normal split=test task=ButtonUnmaskSwap ep=3 ep_seq=7 infer_seq=1 t=0 es=0 k=0 motion_frames=- motion_emb_sha=a3e8328721cbb943 motion_pos_sha=f5952cfc3406b7e9 motion_mask=000000000000000000000000000000000000000000000000000000000000000000000000000000000000000000000000 mem_order_sha=e3d555e881e5b964 motion_cols_sha=05f65c2b46f544eb donor=None cover=exact:0,fallback:0,cycle:0,cross_seg:0 gate=none num_steps=10 act_sha=bc9d08071a53ed7e infer_ms=69.4
INFO:mme_vla_suite.serving.websocket_policy_server:TIMING infer_ms=69.4
INFO:mme_vla_suite.serving.websocket_policy_server:TIMING add_buffer_ms=36.6 frames=16 exec_start_idx=0
MV_INFER cond=normal split=test task=ButtonUnmaskSwap ep=3 ep_seq=7 infer_seq=2 t=16 es=0 k=0 motion_frames=- motion_emb_sha=a3e8328721cbb943 motion_pos_sha=f5952cfc3406b7e9 motion_mask=000000000000000000000000000000000000000000000000000000000000000000000000000000000000000000000000 mem_order_sha=e3d555e881e5b964 motion_cols_sha=05f65c2b46f544eb donor=None cover=exact:0,fallback:0,cycle:0,cross_seg:0 gate=none num_steps=10 act_sha=e4e488c599142947 infer_ms=69.4
INFO:mme_vla_suite.serving.websocket_policy_server:TIMING infer_ms=69.4
INFO:mme_vla_suite.serving.websocket_policy_server:TIMING add_buffer_ms=1464.2 frames=16 exec_start_idx=0
MV_INFER cond=normal split=test task=ButtonUnmaskSwap ep=3 ep_seq=7 infer_seq=3 t=32 es=0 k=1 motion_frames=0 motion_emb_sha=511d8278dac5656a motion_pos_sha=5a53d7fa887419cf motion_mask=100000000000000000000000000000000000000000000000000000000000000000000000000000000000000000000000 mem_order_sha=1c4ecd136e06d2ca motion_cols_sha=34669806f215f6a3 donor=None cover=exact:0,fallback:0,cycle:0,cross_seg:0 gate=none num_steps=10 act_sha=6338dee235979ffe infer_ms=69.5
INFO:mme_vla_suite.serving.websocket_policy_server:TIMING infer_ms=69.5
INFO:mme_vla_suite.serving.websocket_policy_server:TIMING add_buffer_ms=1459.2 frames=16 exec_start_idx=0
MV_INFER cond=normal split=test task=ButtonUnmaskSwap ep=3 ep_seq=7 infer_seq=4 t=48 es=0 k=2 motion_frames=0,16 motion_emb_sha=d1f1254d941efbed motion_pos_sha=e97dc0e05f375cbe motion_mask=110000000000000000000000000000000000000000000000000000000000000000000000000000000000000000000000 mem_order_sha=74ca653da96ef384 motion_cols_sha=fba18d536d075a6e donor=None cover=exact:0,fallback:0,cycle:0,cross_seg:0 gate=none num_steps=10 act_sha=624e392f12569480 infer_ms=69.5
INFO:mme_vla_suite.serving.websocket_policy_server:TIMING infer_ms=69.5
INFO:mme_vla_suite.serving.websocket_policy_server:TIMING add_buffer_ms=1462.6 frames=16 exec_start_idx=0
MV_INFER cond=normal split=test task=ButtonUnmaskSwap ep=3 ep_seq=7 infer_seq=5 t=64 es=0 k=3 motion_frames=0,16,32 motion_emb_sha=d9073d5229d39c43 motion_pos_sha=358a8247438e4586 motion_mask=111000000000000000000000000000000000000000000000000000000000000000000000000000000000000000000000 mem_order_sha=4bdcb6154ce3db09 motion_cols_sha=ec75f2710ccf7d3e donor=None cover=exact:0,fallback:0,cycle:0,cross_seg:0 gate=none num_steps=10 act_sha=155b5fd9faab4000 infer_ms=69.5
INFO:mme_vla_suite.serving.websocket_policy_server:TIMING infer_ms=69.5
INFO:mme_vla_suite.serving.websocket_policy_server:TIMING add_buffer_ms=1457.2 frames=16 exec_start_idx=0
MV_INFER cond=normal split=test task=ButtonUnmaskSwap ep=3 ep_seq=7 infer_seq=6 t=80 es=0 k=4 motion_frames=0,16,32,48 motion_emb_sha=a6ea04a76639f9ff motion_pos_sha=88620c635e0b1611 motion_mask=111100000000000000000000000000000000000000000000000000000000000000000000000000000000000000000000 mem_order_sha=3f30de4433e4d89f motion_cols_sha=d94e9739c8cfc07e donor=None cover=exact:0,fallback:0,cycle:0,cross_seg:0 gate=none num_steps=10 act_sha=d0adb1d7aadb7a51 infer_ms=70.3
INFO:mme_vla_suite.serving.websocket_policy_server:TIMING infer_ms=70.3
INFO:mme_vla_suite.serving.websocket_policy_server:TIMING add_buffer_ms=1464.4 frames=16 exec_start_idx=0
MV_INFER cond=normal split=test task=ButtonUnmaskSwap ep=3 ep_seq=7 infer_seq=7 t=96 es=0 k=5 motion_frames=0,16,32,48,64 motion_emb_sha=d233e0f685f4cefe motion_pos_sha=4d979259a4c37547 motion_mask=111110000000000000000000000000000000000000000000000000000000000000000000000000000000000000000000 mem_order_sha=1525b7045b2c259a motion_cols_sha=07c8247e6ab1f89c donor=None cover=exact:0,fallback:0,cycle:0,cross_seg:0 gate=none num_steps=10 act_sha=e06ca79e770ef277 infer_ms=70.5
INFO:mme_vla_suite.serving.websocket_policy_server:TIMING infer_ms=70.5
INFO:mme_vla_suite.serving.websocket_policy_server:TIMING add_buffer_ms=1463.3 frames=16 exec_start_idx=0
MV_INFER cond=normal split=test task=ButtonUnmaskSwap ep=3 ep_seq=7 infer_seq=8 t=112 es=0 k=6 motion_frames=0,16,32,48,64,80 motion_emb_sha=15c30263f2e77f0d motion_pos_sha=9c9d9e6cd7cfd81a motion_mask=111111000000000000000000000000000000000000000000000000000000000000000000000000000000000000000000 mem_order_sha=afd67825f39380f3 motion_cols_sha=5c7781d2e1462709 donor=None cover=exact:0,fallback:0,cycle:0,cross_seg:0 gate=none num_steps=10 act_sha=ee8ec067b5b01bae infer_ms=70.2
INFO:mme_vla_suite.serving.websocket_policy_server:TIMING infer_ms=70.2
INFO:mme_vla_suite.serving.websocket_policy_server:TIMING add_buffer_ms=1468.3 frames=16 exec_start_idx=0
MV_INFER cond=normal split=test task=ButtonUnmaskSwap ep=3 ep_seq=7 infer_seq=9 t=128 es=0 k=7 motion_frames=0,16,32,48,64,80,96 motion_emb_sha=58e8b8a324554860 motion_pos_sha=eaa30818e1807d0a motion_mask=111111100000000000000000000000000000000000000000000000000000000000000000000000000000000000000000 mem_order_sha=53c51af96e80b36b motion_cols_sha=37fb24d50661d1a4 donor=None cover=exact:0,fallback:0,cycle:0,cross_seg:0 gate=none num_steps=10 act_sha=cac015fb559ca661 infer_ms=70.3
INFO:mme_vla_suite.serving.websocket_policy_server:TIMING infer_ms=70.3
INFO:mme_vla_suite.serving.websocket_policy_server:TIMING add_buffer_ms=1463.7 frames=16 exec_start_idx=0
MV_INFER cond=normal split=test task=ButtonUnmaskSwap ep=3 ep_seq=7 infer_seq=10 t=144 es=0 k=8 motion_frames=0,16,32,48,64,80,96,112 motion_emb_sha=81f64ae8f95395fa motion_pos_sha=19cfd5aa81fbc280 motion_mask=111111110000000000000000000000000000000000000000000000000000000000000000000000000000000000000000 mem_order_sha=8f7b8d26bf2ab128 motion_cols_sha=887c1c00aa54ee17 donor=None cover=exact:0,fallback:0,cycle:0,cross_seg:0 gate=none num_steps=10 act_sha=f2441c3226051e10 infer_ms=69.8
INFO:mme_vla_suite.serving.websocket_policy_server:TIMING infer_ms=69.8
INFO:mme_vla_suite.serving.websocket_policy_server:TIMING add_buffer_ms=1461.8 frames=16 exec_start_idx=0
MV_INFER cond=normal split=test task=ButtonUnmaskSwap ep=3 ep_seq=7 infer_seq=11 t=160 es=0 k=9 motion_frames=0,16,32,48,64,80,96,112,128 motion_emb_sha=77c8f2221d261c6d motion_pos_sha=36755060bcdb5f34 motion_mask=111111111000000000000000000000000000000000000000000000000000000000000000000000000000000000000000 mem_order_sha=b08d4d55ab2fad2d motion_cols_sha=104972a6841c0e38 donor=None cover=exact:0,fallback:0,cycle:0,cross_seg:0 gate=none num_steps=10 act_sha=c29156598ec852cb infer_ms=69.6
INFO:mme_vla_suite.serving.websocket_policy_server:TIMING infer_ms=69.6
INFO:mme_vla_suite.serving.websocket_policy_server:TIMING add_buffer_ms=1460.5 frames=16 exec_start_idx=0
MV_INFER cond=normal split=test task=ButtonUnmaskSwap ep=3 ep_seq=7 infer_seq=12 t=176 es=0 k=10 motion_frames=0,16,32,48,64,80,96,112,128,144 motion_emb_sha=08dd6dbccd895be5 motion_pos_sha=386aa1c736701f60 motion_mask=111111111100000000000000000000000000000000000000000000000000000000000000000000000000000000000000 mem_order_sha=4ddf162636dd4c53 motion_cols_sha=fe64c98459b2eb86 donor=None cover=exact:0,fallback:0,cycle:0,cross_seg:0 gate=none num_steps=10 act_sha=47ac942178de7568 infer_ms=69.4
INFO:mme_vla_suite.serving.websocket_policy_server:TIMING infer_ms=69.4
INFO:mme_vla_suite.serving.websocket_policy_server:TIMING add_buffer_ms=1460.6 frames=16 exec_start_idx=0
MV_INFER cond=normal split=test task=ButtonUnmaskSwap ep=3 ep_seq=7 infer_seq=13 t=192 es=0 k=11 motion_frames=0,16,32,48,64,80,96,112,128,144,160 motion_emb_sha=43a60b21b7e08296 motion_pos_sha=097ffa0dc4e98049 motion_mask=111111111110000000000000000000000000000000000000000000000000000000000000000000000000000000000000 mem_order_sha=2fdbc05fbe4c5192 motion_cols_sha=ca0a097bc6347240 donor=None cover=exact:0,fallback:0,cycle:0,cross_seg:0 gate=none num_steps=10 act_sha=cc49228dfafe140f infer_ms=69.8
INFO:mme_vla_suite.serving.websocket_policy_server:TIMING infer_ms=69.8
[sidecar pid=833148] 窗 #501 起点 176 耗时 1420 ms（累计 954s）
INFO:mme_vla_suite.serving.websocket_policy_server:TIMING add_buffer_ms=1467.1 frames=16 exec_start_idx=0
MV_INFER cond=normal split=test task=ButtonUnmaskSwap ep=3 ep_seq=7 infer_seq=14 t=208 es=0 k=12 motion_frames=0,16,32,48,64,80,96,112,128,144,160,176 motion_emb_sha=db5a9a7b692f70cf motion_pos_sha=faf6de0b8c07a1d5 motion_mask=111111111111000000000000000000000000000000000000000000000000000000000000000000000000000000000000 mem_order_sha=e609c91b740de309 motion_cols_sha=08c16a7fb49e3eae donor=None cover=exact:0,fallback:0,cycle:0,cross_seg:0 gate=none num_steps=10 act_sha=d320941efc032509 infer_ms=69.5
INFO:mme_vla_suite.serving.websocket_policy_server:TIMING infer_ms=69.5
INFO:mme_vla_suite.serving.websocket_policy_server:TIMING add_buffer_ms=1463.7 frames=16 exec_start_idx=0
MV_INFER cond=normal split=test task=ButtonUnmaskSwap ep=3 ep_seq=7 infer_seq=15 t=224 es=0 k=13 motion_frames=0,16,32,48,64,80,96,112,128,144,160,176,192 motion_emb_sha=82494b2c1f56e96f motion_pos_sha=cf92c2382e433b7f motion_mask=111111111111100000000000000000000000000000000000000000000000000000000000000000000000000000000000 mem_order_sha=e29d70b97917b96b motion_cols_sha=b802255c0a86c139 donor=None cover=exact:0,fallback:0,cycle:0,cross_seg:0 gate=none num_steps=10 act_sha=c86e82441e61af2a infer_ms=69.7
INFO:mme_vla_suite.serving.websocket_policy_server:TIMING infer_ms=69.7
INFO:mme_vla_suite.serving.websocket_policy_server:TIMING add_buffer_ms=1459.7 frames=16 exec_start_idx=0
MV_INFER cond=normal split=test task=ButtonUnmaskSwap ep=3 ep_seq=7 infer_seq=16 t=240 es=0 k=14 motion_frames=0,16,32,48,64,80,96,112,128,144,160,176,192,208 motion_emb_sha=6d5767d53c598a85 motion_pos_sha=d4be4f2b999b323a motion_mask=111111111111110000000000000000000000000000000000000000000000000000000000000000000000000000000000 mem_order_sha=a06ee3a41d7c396e motion_cols_sha=0f0b4abb0ce08604 donor=None cover=exact:0,fallback:0,cycle:0,cross_seg:0 gate=none num_steps=10 act_sha=3016cdd118b9cdbc infer_ms=69.9
INFO:mme_vla_suite.serving.websocket_policy_server:TIMING infer_ms=69.9
INFO:mme_vla_suite.serving.websocket_policy_server:TIMING add_buffer_ms=1460.9 frames=16 exec_start_idx=0
MV_INFER cond=normal split=test task=ButtonUnmaskSwap ep=3 ep_seq=7 infer_seq=17 t=256 es=0 k=15 motion_frames=0,16,32,48,64,80,96,112,128,144,160,176,192,208,224 motion_emb_sha=bc51e0686d51b4d2 motion_pos_sha=41ec3ade545a49c9 motion_mask=111111111111111000000000000000000000000000000000000000000000000000000000000000000000000000000000 mem_order_sha=d2c65ae0ef95982c motion_cols_sha=b6defef0c13ecc23 donor=None cover=exact:0,fallback:0,cycle:0,cross_seg:0 gate=none num_steps=10 act_sha=64419f094544df00 infer_ms=69.5
INFO:mme_vla_suite.serving.websocket_policy_server:TIMING infer_ms=69.5
INFO:mme_vla_suite.serving.websocket_policy_server:TIMING add_buffer_ms=1460.6 frames=16 exec_start_idx=0
MV_INFER cond=normal split=test task=ButtonUnmaskSwap ep=3 ep_seq=7 infer_seq=18 t=272 es=0 k=16 motion_frames=0,16,32,48,64,80,96,112,128,144,160,176,192,208,224,240 motion_emb_sha=944d38c378a27d7c motion_pos_sha=3e49496373152e70 motion_mask=111111111111111100000000000000000000000000000000000000000000000000000000000000000000000000000000 mem_order_sha=3896c62684021e06 motion_cols_sha=61fa1ff66e32da0b donor=None cover=exact:0,fallback:0,cycle:0,cross_seg:0 gate=none num_steps=10 act_sha=77715136b73680a8 infer_ms=69.5
INFO:mme_vla_suite.serving.websocket_policy_server:TIMING infer_ms=69.5
INFO:mme_vla_suite.serving.websocket_policy_server:TIMING add_buffer_ms=1462.3 frames=16 exec_start_idx=0
MV_INFER cond=normal split=test task=ButtonUnmaskSwap ep=3 ep_seq=7 infer_seq=19 t=288 es=0 k=17 motion_frames=0,16,32,48,64,80,96,112,128,144,160,176,192,208,224,240,256 motion_emb_sha=25b4e9970bdfd5d1 motion_pos_sha=630eed5d2ad0fee5 motion_mask=111111111111111110000000000000000000000000000000000000000000000000000000000000000000000000000000 mem_order_sha=3fa901451944a6ae motion_cols_sha=11afac2e3a295654 donor=None cover=exact:0,fallback:0,cycle:0,cross_seg:0 gate=none num_steps=10 act_sha=b8f25bedde1626d4 infer_ms=69.5
INFO:mme_vla_suite.serving.websocket_policy_server:TIMING infer_ms=69.5
INFO:mme_vla_suite.serving.websocket_policy_server:TIMING add_buffer_ms=1461.9 frames=16 exec_start_idx=0
MV_INFER cond=normal split=test task=ButtonUnmaskSwap ep=3 ep_seq=7 infer_seq=20 t=304 es=0 k=18 motion_frames=0,16,32,48,64,80,96,112,128,144,160,176,192,208,224,240,256,272 motion_emb_sha=09252e4a6f58913e motion_pos_sha=7508bb7966bd8997 motion_mask=111111111111111111000000000000000000000000000000000000000000000000000000000000000000000000000000 mem_order_sha=7ec3836c904d86da motion_cols_sha=00e37dc990bcf6a9 donor=None cover=exact:0,fallback:0,cycle:0,cross_seg:0 gate=none num_steps=10 act_sha=ea8560ed50e8e7d7 infer_ms=69.8
INFO:mme_vla_suite.serving.websocket_policy_server:TIMING infer_ms=69.8
INFO:mme_vla_suite.serving.websocket_policy_server:TIMING add_buffer_ms=1463.7 frames=16 exec_start_idx=0
MV_INFER cond=normal split=test task=ButtonUnmaskSwap ep=3 ep_seq=7 infer_seq=21 t=320 es=0 k=19 motion_frames=0,16,32,48,64,80,96,112,128,144,160,176,192,208,224,240,256,272,288 motion_emb_sha=16c586941b7caa33 motion_pos_sha=27604282300f89dd motion_mask=111111111111111111100000000000000000000000000000000000000000000000000000000000000000000000000000 mem_order_sha=1bcee858ac8581ba motion_cols_sha=848fded77b707435 donor=None cover=exact:0,fallback:0,cycle:0,cross_seg:0 gate=none num_steps=10 act_sha=73c92df24c4a701b infer_ms=69.8
INFO:mme_vla_suite.serving.websocket_policy_server:TIMING infer_ms=69.8
INFO:mme_vla_suite.serving.websocket_policy_server:TIMING add_buffer_ms=1464.7 frames=16 exec_start_idx=0
MV_INFER cond=normal split=test task=ButtonUnmaskSwap ep=3 ep_seq=7 infer_seq=22 t=336 es=0 k=20 motion_frames=0,16,32,48,64,80,96,112,128,144,160,176,192,208,224,240,256,272,288,304 motion_emb_sha=ff0ab1ec7fea0981 motion_pos_sha=82d754eb6c9c7d28 motion_mask=111111111111111111110000000000000000000000000000000000000000000000000000000000000000000000000000 mem_order_sha=8e4f7352af852292 motion_cols_sha=0957e9030d15feb5 donor=None cover=exact:0,fallback:0,cycle:0,cross_seg:0 gate=none num_steps=10 act_sha=d3e37056243e0546 infer_ms=69.5
INFO:mme_vla_suite.serving.websocket_policy_server:TIMING infer_ms=69.5
INFO:mme_vla_suite.serving.websocket_policy_server:TIMING add_buffer_ms=1461.3 frames=16 exec_start_idx=0
MV_INFER cond=normal split=test task=ButtonUnmaskSwap ep=3 ep_seq=7 infer_seq=23 t=352 es=0 k=21 motion_frames=0,16,32,48,64,80,96,112,128,144,160,176,192,208,224,240,256,272,288,304,320 motion_emb_sha=583a204102fd7ee4 motion_pos_sha=b2ded91f4b1e3497 motion_mask=111111111111111111111000000000000000000000000000000000000000000000000000000000000000000000000000 mem_order_sha=e911ccd99a0e7698 motion_cols_sha=9639f994ec80e283 donor=None cover=exact:0,fallback:0,cycle:0,cross_seg:0 gate=none num_steps=10 act_sha=fcaa2748c44367ab infer_ms=69.5
INFO:mme_vla_suite.serving.websocket_policy_server:TIMING infer_ms=69.5
INFO:mme_vla_suite.serving.websocket_policy_server:TIMING add_buffer_ms=1458.8 frames=16 exec_start_idx=0
MV_INFER cond=normal split=test task=ButtonUnmaskSwap ep=3 ep_seq=7 infer_seq=24 t=368 es=0 k=22 motion_frames=0,16,32,48,64,80,96,112,128,144,160,176,192,208,224,240,256,272,288,304,320,336 motion_emb_sha=bb2745c3cffbbd26 motion_pos_sha=02b5313d34dbb54d motion_mask=111111111111111111111100000000000000000000000000000000000000000000000000000000000000000000000000 mem_order_sha=a5e37ce80bde382c motion_cols_sha=4c78bbca76234a73 donor=None cover=exact:0,fallback:0,cycle:0,cross_seg:0 gate=none num_steps=10 act_sha=492495f54bed0903 infer_ms=69.6
INFO:mme_vla_suite.serving.websocket_policy_server:TIMING infer_ms=69.6
INFO:mme_vla_suite.serving.websocket_policy_server:TIMING add_buffer_ms=1459.6 frames=16 exec_start_idx=0
MV_INFER cond=normal split=test task=ButtonUnmaskSwap ep=3 ep_seq=7 infer_seq=25 t=384 es=0 k=23 motion_frames=0,16,32,48,64,80,96,112,128,144,160,176,192,208,224,240,256,272,288,304,320,336,352 motion_emb_sha=26355921cf6e1f2c motion_pos_sha=394430f2fe2a111f motion_mask=111111111111111111111110000000000000000000000000000000000000000000000000000000000000000000000000 mem_order_sha=ef888998c2ee9177 motion_cols_sha=d31a91eabb80a17e donor=None cover=exact:0,fallback:0,cycle:0,cross_seg:0 gate=none num_steps=10 act_sha=b6ff9a4a3e3350c5 infer_ms=69.6
INFO:mme_vla_suite.serving.websocket_policy_server:TIMING infer_ms=69.6
INFO:mme_vla_suite.serving.websocket_policy_server:TIMING add_buffer_ms=1462.9 frames=16 exec_start_idx=0
MV_INFER cond=normal split=test task=ButtonUnmaskSwap ep=3 ep_seq=7 infer_seq=26 t=400 es=0 k=24 motion_frames=0,16,32,48,64,80,96,112,128,144,160,176,192,208,224,240,256,272,288,304,320,336,352,368 motion_emb_sha=bd2ac700082251d7 motion_pos_sha=5af02f3dfcb16729 motion_mask=111111111111111111111111000000000000000000000000000000000000000000000000000000000000000000000000 mem_order_sha=a4b34693220533ac motion_cols_sha=470d57efa976fc1f donor=None cover=exact:0,fallback:0,cycle:0,cross_seg:0 gate=none num_steps=10 act_sha=f7b4c781c7ed9ccc infer_ms=70.1
INFO:mme_vla_suite.serving.websocket_policy_server:TIMING infer_ms=70.1
INFO:mme_vla_suite.serving.websocket_policy_server:TIMING add_buffer_ms=1460.4 frames=16 exec_start_idx=0
MV_INFER cond=normal split=test task=ButtonUnmaskSwap ep=3 ep_seq=7 infer_seq=27 t=416 es=0 k=25 motion_frames=0,16,32,48,64,80,96,112,128,144,160,176,192,208,224,240,256,272,288,304,320,336,352,368,384 motion_emb_sha=6ddda68c20d535c9 motion_pos_sha=6687fe3ef7ab6c31 motion_mask=111111111111111111111111100000000000000000000000000000000000000000000000000000000000000000000000 mem_order_sha=2e8f0f44cf91994f motion_cols_sha=25511e64898b44f0 donor=None cover=exact:0,fallback:0,cycle:0,cross_seg:0 gate=none num_steps=10 act_sha=4a28c63b93cbccca infer_ms=69.8
INFO:mme_vla_suite.serving.websocket_policy_server:TIMING infer_ms=69.8
INFO:mme_vla_suite.serving.websocket_policy_server:TIMING add_buffer_ms=1459.2 frames=16 exec_start_idx=0
MV_INFER cond=normal split=test task=ButtonUnmaskSwap ep=3 ep_seq=7 infer_seq=28 t=432 es=0 k=26 motion_frames=0,16,32,48,64,80,96,112,128,144,160,176,192,208,224,240,256,272,288,304,320,336,352,368,384,400 motion_emb_sha=3c3735e1716c904d motion_pos_sha=628a1d586ea0ead0 motion_mask=111111111111111111111111110000000000000000000000000000000000000000000000000000000000000000000000 mem_order_sha=7f421c86fa09d6ff motion_cols_sha=2fc323dd0f89e21e donor=None cover=exact:0,fallback:0,cycle:0,cross_seg:0 gate=none num_steps=10 act_sha=d75d5cbdfc919809 infer_ms=69.6
INFO:mme_vla_suite.serving.websocket_policy_server:TIMING infer_ms=69.6
INFO:mme_vla_suite.serving.websocket_policy_server:TIMING add_buffer_ms=1459.2 frames=16 exec_start_idx=0
MV_INFER cond=normal split=test task=ButtonUnmaskSwap ep=3 ep_seq=7 infer_seq=29 t=448 es=0 k=27 motion_frames=0,16,32,48,64,80,96,112,128,144,160,176,192,208,224,240,256,272,288,304,320,336,352,368,384,400,416 motion_emb_sha=ad7073d131d91fd8 motion_pos_sha=374d18e42d46d506 motion_mask=111111111111111111111111111000000000000000000000000000000000000000000000000000000000000000000000 mem_order_sha=a9601380358f26a3 motion_cols_sha=a013e7a2c5f47434 donor=None cover=exact:0,fallback:0,cycle:0,cross_seg:0 gate=none num_steps=10 act_sha=73d491e92e9c827b infer_ms=69.7
INFO:mme_vla_suite.serving.websocket_policy_server:TIMING infer_ms=69.7
INFO:mme_vla_suite.serving.websocket_policy_server:TIMING add_buffer_ms=1470.5 frames=16 exec_start_idx=0
MV_INFER cond=normal split=test task=ButtonUnmaskSwap ep=3 ep_seq=7 infer_seq=30 t=464 es=0 k=28 motion_frames=0,16,32,48,64,80,96,112,128,144,160,176,192,208,224,240,256,272,288,304,320,336,352,368,384,400,416,432 motion_emb_sha=99f7bd69d3c4d15a motion_pos_sha=c6f42c99e8bb04fc motion_mask=111111111111111111111111111100000000000000000000000000000000000000000000000000000000000000000000 mem_order_sha=597e8d7ec05b4d7c motion_cols_sha=454ac679a2eee33a donor=None cover=exact:0,fallback:0,cycle:0,cross_seg:0 gate=none num_steps=10 act_sha=195634e996ca1603 infer_ms=69.5
INFO:mme_vla_suite.serving.websocket_policy_server:TIMING infer_ms=69.5
INFO:mme_vla_suite.serving.websocket_policy_server:TIMING add_buffer_ms=1459.6 frames=16 exec_start_idx=0
MV_INFER cond=normal split=test task=ButtonUnmaskSwap ep=3 ep_seq=7 infer_seq=31 t=480 es=0 k=29 motion_frames=0,16,32,48,64,80,96,112,128,144,160,176,192,208,224,240,256,272,288,304,320,336,352,368,384,400,416,432,448 motion_emb_sha=f72ef6befbdcbb73 motion_pos_sha=5bec62c7b2782ab5 motion_mask=111111111111111111111111111110000000000000000000000000000000000000000000000000000000000000000000 mem_order_sha=969b025395b2669f motion_cols_sha=fa13d9c231b687f7 donor=None cover=exact:0,fallback:0,cycle:0,cross_seg:0 gate=none num_steps=10 act_sha=ec3dec2b8e7d4943 infer_ms=69.8
INFO:mme_vla_suite.serving.websocket_policy_server:TIMING infer_ms=69.8
INFO:mme_vla_suite.serving.websocket_policy_server:TIMING add_buffer_ms=1462.1 frames=16 exec_start_idx=0
MV_INFER cond=normal split=test task=ButtonUnmaskSwap ep=3 ep_seq=7 infer_seq=32 t=496 es=0 k=30 motion_frames=0,16,32,48,64,80,96,112,128,144,160,176,192,208,224,240,256,272,288,304,320,336,352,368,384,400,416,432,448,464 motion_emb_sha=86cabb56a3012454 motion_pos_sha=77bb4a49f5f204a6 motion_mask=111111111111111111111111111111000000000000000000000000000000000000000000000000000000000000000000 mem_order_sha=8b9c911903d52ada motion_cols_sha=cf531ae59de60a74 donor=None cover=exact:0,fallback:0,cycle:0,cross_seg:0 gate=none num_steps=10 act_sha=82b6dc6c8ca54593 infer_ms=69.5
INFO:mme_vla_suite.serving.websocket_policy_server:TIMING infer_ms=69.5
INFO:mme_vla_suite.serving.websocket_policy_server:TIMING add_buffer_ms=1460.5 frames=16 exec_start_idx=0
MV_INFER cond=normal split=test task=ButtonUnmaskSwap ep=3 ep_seq=7 infer_seq=33 t=512 es=0 k=31 motion_frames=0,16,32,48,64,80,96,112,128,144,160,176,192,208,224,240,256,272,288,304,320,336,352,368,384,400,416,432,448,464,480 motion_emb_sha=6c15c02c92441aeb motion_pos_sha=b5a830a451ce756a motion_mask=111111111111111111111111111111100000000000000000000000000000000000000000000000000000000000000000 mem_order_sha=3b34058d7f65364b motion_cols_sha=b3a6df354ab4d8c7 donor=None cover=exact:0,fallback:0,cycle:0,cross_seg:0 gate=none num_steps=10 act_sha=5352b27fad7692b9 infer_ms=69.6
INFO:mme_vla_suite.serving.websocket_policy_server:TIMING infer_ms=69.6
INFO:mme_vla_suite.serving.websocket_policy_server:TIMING add_buffer_ms=1458.7 frames=16 exec_start_idx=0
MV_INFER cond=normal split=test task=ButtonUnmaskSwap ep=3 ep_seq=7 infer_seq=34 t=528 es=0 k=32 motion_frames=0,16,32,48,64,80,96,112,128,144,160,176,192,208,224,240,256,272,288,304,320,336,352,368,384,400,416,432,448,464,480,496 motion_emb_sha=a4cd881254f27ec0 motion_pos_sha=a31e40266e8ce975 motion_mask=111111111111111111111111111111110000000000000000000000000000000000000000000000000000000000000000 mem_order_sha=8810917fd8440e8c motion_cols_sha=1c1e3532088a7dfd donor=None cover=exact:0,fallback:0,cycle:0,cross_seg:0 gate=none num_steps=10 act_sha=026cd899a0cd2ff4 infer_ms=69.5
INFO:mme_vla_suite.serving.websocket_policy_server:TIMING infer_ms=69.5
INFO:mme_vla_suite.serving.websocket_policy_server:TIMING add_buffer_ms=1460.0 frames=16 exec_start_idx=0
MV_INFER cond=normal split=test task=ButtonUnmaskSwap ep=3 ep_seq=7 infer_seq=35 t=544 es=0 k=33 motion_frames=0,16,32,48,64,80,96,112,128,144,160,176,192,208,224,240,256,272,288,304,320,336,352,368,384,400,416,432,448,464,480,496,512 motion_emb_sha=ef79aa20dc6f20e9 motion_pos_sha=eab0166000e0ada9 motion_mask=111111111111111111111111111111111000000000000000000000000000000000000000000000000000000000000000 mem_order_sha=84d9776f0a6388a9 motion_cols_sha=8e3bc15ec06039d9 donor=None cover=exact:0,fallback:0,cycle:0,cross_seg:0 gate=none num_steps=10 act_sha=d879a681229a032c infer_ms=69.8
INFO:mme_vla_suite.serving.websocket_policy_server:TIMING infer_ms=69.8
INFO:mme_vla_suite.serving.websocket_policy_server:TIMING add_buffer_ms=1460.1 frames=16 exec_start_idx=0
MV_INFER cond=normal split=test task=ButtonUnmaskSwap ep=3 ep_seq=7 infer_seq=36 t=560 es=0 k=34 motion_frames=0,16,32,48,64,80,96,112,128,144,160,176,192,208,224,240,256,272,288,304,320,336,352,368,384,400,416,432,448,464,480,496,512,528 motion_emb_sha=ee2d19305566626c motion_pos_sha=d43d8a704008daf6 motion_mask=111111111111111111111111111111111100000000000000000000000000000000000000000000000000000000000000 mem_order_sha=6eb9b3f8edf499e7 motion_cols_sha=ad5d71aad766a582 donor=None cover=exact:0,fallback:0,cycle:0,cross_seg:0 gate=none num_steps=10 act_sha=9b04b8635ea4a844 infer_ms=69.6
INFO:mme_vla_suite.serving.websocket_policy_server:TIMING infer_ms=69.6
INFO:mme_vla_suite.serving.websocket_policy_server:TIMING add_buffer_ms=1459.7 frames=16 exec_start_idx=0
MV_INFER cond=normal split=test task=ButtonUnmaskSwap ep=3 ep_seq=7 infer_seq=37 t=576 es=0 k=35 motion_frames=0,16,32,48,64,80,96,112,128,144,160,176,192,208,224,240,256,272,288,304,320,336,352,368,384,400,416,432,448,464,480,496,512,528,544 motion_emb_sha=c9448b06e22f8c08 motion_pos_sha=de94b3ba18baa253 motion_mask=111111111111111111111111111111111110000000000000000000000000000000000000000000000000000000000000 mem_order_sha=c7e0193d5f8c94eb motion_cols_sha=3b7f200dcc4a154e donor=None cover=exact:0,fallback:0,cycle:0,cross_seg:0 gate=none num_steps=10 act_sha=5c7028b6c9720877 infer_ms=69.6
INFO:mme_vla_suite.serving.websocket_policy_server:TIMING infer_ms=69.6
INFO:mme_vla_suite.serving.websocket_policy_server:TIMING add_buffer_ms=1457.4 frames=16 exec_start_idx=0
MV_INFER cond=normal split=test task=ButtonUnmaskSwap ep=3 ep_seq=7 infer_seq=38 t=592 es=0 k=36 motion_frames=0,16,32,48,64,80,96,112,128,144,160,176,192,208,224,240,256,272,288,304,320,336,352,368,384,400,416,432,448,464,480,496,512,528,544,560 motion_emb_sha=aeee1a660c745acb motion_pos_sha=79d7ee4d77e92fb5 motion_mask=111111111111111111111111111111111111000000000000000000000000000000000000000000000000000000000000 mem_order_sha=d14c08e62b4e5277 motion_cols_sha=93f686b824d1c37a donor=None cover=exact:0,fallback:0,cycle:0,cross_seg:0 gate=none num_steps=10 act_sha=3b0440c3654d4483 infer_ms=69.6
INFO:mme_vla_suite.serving.websocket_policy_server:TIMING infer_ms=69.6
INFO:mme_vla_suite.serving.websocket_policy_server:TIMING add_buffer_ms=1457.4 frames=16 exec_start_idx=0
MV_INFER cond=normal split=test task=ButtonUnmaskSwap ep=3 ep_seq=7 infer_seq=39 t=608 es=0 k=37 motion_frames=0,16,32,48,64,80,96,112,128,144,160,176,192,208,224,240,256,272,288,304,320,336,352,368,384,400,416,432,448,464,480,496,512,528,544,560,576 motion_emb_sha=0e4f7b724f386740 motion_pos_sha=ed409a2810446f17 motion_mask=111111111111111111111111111111111111100000000000000000000000000000000000000000000000000000000000 mem_order_sha=90d4662a192ae249 motion_cols_sha=3eadc43c4d943830 donor=None cover=exact:0,fallback:0,cycle:0,cross_seg:0 gate=none num_steps=10 act_sha=021a0266587da2bc infer_ms=69.6
INFO:mme_vla_suite.serving.websocket_policy_server:TIMING infer_ms=69.6
INFO:mme_vla_suite.serving.websocket_policy_server:TIMING add_buffer_ms=1461.3 frames=16 exec_start_idx=0
MV_INFER cond=normal split=test task=ButtonUnmaskSwap ep=3 ep_seq=7 infer_seq=40 t=624 es=0 k=38 motion_frames=0,16,32,48,64,80,96,112,128,144,160,176,192,208,224,240,256,272,288,304,320,336,352,368,384,400,416,432,448,464,480,496,512,528,544,560,576,592 motion_emb_sha=155eb517450694a7 motion_pos_sha=f11838ac6f537185 motion_mask=111111111111111111111111111111111111110000000000000000000000000000000000000000000000000000000000 mem_order_sha=0161c9793244f505 motion_cols_sha=6171a29cf75a582d donor=None cover=exact:0,fallback:0,cycle:0,cross_seg:0 gate=none num_steps=10 act_sha=f11e30a172de43c4 infer_ms=69.7
INFO:mme_vla_suite.serving.websocket_policy_server:TIMING infer_ms=69.7
INFO:mme_vla_suite.serving.websocket_policy_server:TIMING add_buffer_ms=1460.6 frames=16 exec_start_idx=0
MV_INFER cond=normal split=test task=ButtonUnmaskSwap ep=3 ep_seq=7 infer_seq=41 t=640 es=0 k=39 motion_frames=0,16,32,48,64,80,96,112,128,144,160,176,192,208,224,240,256,272,288,304,320,336,352,368,384,400,416,432,448,464,480,496,512,528,544,560,576,592,608 motion_emb_sha=31c218904c9dbe6e motion_pos_sha=bbe054d478576248 motion_mask=111111111111111111111111111111111111111000000000000000000000000000000000000000000000000000000000 mem_order_sha=3e28a574a561f529 motion_cols_sha=75706cddfb5a49b1 donor=None cover=exact:0,fallback:0,cycle:0,cross_seg:0 gate=none num_steps=10 act_sha=65506b922d12b1ef infer_ms=69.7
INFO:mme_vla_suite.serving.websocket_policy_server:TIMING infer_ms=69.7
INFO:mme_vla_suite.serving.websocket_policy_server:TIMING add_buffer_ms=1461.0 frames=16 exec_start_idx=0
MV_INFER cond=normal split=test task=ButtonUnmaskSwap ep=3 ep_seq=7 infer_seq=42 t=656 es=0 k=40 motion_frames=0,16,32,48,64,80,96,112,128,144,160,176,192,208,224,240,256,272,288,304,320,336,352,368,384,400,416,432,448,464,480,496,512,528,544,560,576,592,608,624 motion_emb_sha=4243f0b476d46426 motion_pos_sha=d87c3d15d15b51b8 motion_mask=111111111111111111111111111111111111111100000000000000000000000000000000000000000000000000000000 mem_order_sha=9a1d09ac748abb28 motion_cols_sha=fc48261a83a83b97 donor=None cover=exact:0,fallback:0,cycle:0,cross_seg:0 gate=none num_steps=10 act_sha=59fc40201aa9da4b infer_ms=69.9
INFO:mme_vla_suite.serving.websocket_policy_server:TIMING infer_ms=69.9
INFO:mme_vla_suite.serving.websocket_policy_server:TIMING add_buffer_ms=1459.3 frames=16 exec_start_idx=0
MV_INFER cond=normal split=test task=ButtonUnmaskSwap ep=3 ep_seq=7 infer_seq=43 t=672 es=0 k=41 motion_frames=0,16,32,48,64,80,96,112,128,144,160,176,192,208,224,240,256,272,288,304,320,336,352,368,384,400,416,432,448,464,480,496,512,528,544,560,576,592,608,624,640 motion_emb_sha=f626eb630c81d4d0 motion_pos_sha=305e09917e6fd5ac motion_mask=111111111111111111111111111111111111111110000000000000000000000000000000000000000000000000000000 mem_order_sha=1f18d2a138bd0bf9 motion_cols_sha=b7950317891542b4 donor=None cover=exact:0,fallback:0,cycle:0,cross_seg:0 gate=none num_steps=10 act_sha=3009aad1df011fd1 infer_ms=69.8
INFO:mme_vla_suite.serving.websocket_policy_server:TIMING infer_ms=69.8
INFO:mme_vla_suite.serving.websocket_policy_server:TIMING add_buffer_ms=1464.1 frames=16 exec_start_idx=0
MV_INFER cond=normal split=test task=ButtonUnmaskSwap ep=3 ep_seq=7 infer_seq=44 t=688 es=0 k=42 motion_frames=0,16,32,48,64,80,96,112,128,144,160,176,192,208,224,240,256,272,288,304,320,336,352,368,384,400,416,432,448,464,480,496,512,528,544,560,576,592,608,624,640,656 motion_emb_sha=152b84d80c84a1b1 motion_pos_sha=d928bf4021ac4a4b motion_mask=111111111111111111111111111111111111111111000000000000000000000000000000000000000000000000000000 mem_order_sha=0e966687b726d076 motion_cols_sha=2ed9f2bde5da4470 donor=None cover=exact:0,fallback:0,cycle:0,cross_seg:0 gate=none num_steps=10 act_sha=ca85f963e99b3062 infer_ms=69.6
INFO:mme_vla_suite.serving.websocket_policy_server:TIMING infer_ms=69.6
INFO:mme_vla_suite.serving.websocket_policy_server:TIMING add_buffer_ms=1464.1 frames=16 exec_start_idx=0
MV_INFER cond=normal split=test task=ButtonUnmaskSwap ep=3 ep_seq=7 infer_seq=45 t=704 es=0 k=43 motion_frames=0,16,32,48,64,80,96,112,128,144,160,176,192,208,224,240,256,272,288,304,320,336,352,368,384,400,416,432,448,464,480,496,512,528,544,560,576,592,608,624,640,656,672 motion_emb_sha=6b00763f1d43544f motion_pos_sha=df28f649d327f743 motion_mask=111111111111111111111111111111111111111111100000000000000000000000000000000000000000000000000000 mem_order_sha=64f5fc8956546c66 motion_cols_sha=9ac0355ab034292e donor=None cover=exact:0,fallback:0,cycle:0,cross_seg:0 gate=none num_steps=10 act_sha=c5b878dfa4149ca8 infer_ms=70.0
INFO:mme_vla_suite.serving.websocket_policy_server:TIMING infer_ms=70.0
INFO:mme_vla_suite.serving.websocket_policy_server:TIMING add_buffer_ms=1459.8 frames=16 exec_start_idx=0
MV_INFER cond=normal split=test task=ButtonUnmaskSwap ep=3 ep_seq=7 infer_seq=46 t=720 es=0 k=44 motion_frames=0,16,32,48,64,80,96,112,128,144,160,176,192,208,224,240,256,272,288,304,320,336,352,368,384,400,416,432,448,464,480,496,512,528,544,560,576,592,608,624,640,656,672,688 motion_emb_sha=91827ed282377ea6 motion_pos_sha=16c7916c2054109b motion_mask=111111111111111111111111111111111111111111110000000000000000000000000000000000000000000000000000 mem_order_sha=108683ecd06aac22 motion_cols_sha=5d9657c560621273 donor=None cover=exact:0,fallback:0,cycle:0,cross_seg:0 gate=none num_steps=10 act_sha=beaa935417846e36 infer_ms=69.6
INFO:mme_vla_suite.serving.websocket_policy_server:TIMING infer_ms=69.6
INFO:mme_vla_suite.serving.websocket_policy_server:TIMING add_buffer_ms=1459.0 frames=16 exec_start_idx=0
MV_INFER cond=normal split=test task=ButtonUnmaskSwap ep=3 ep_seq=7 infer_seq=47 t=736 es=0 k=45 motion_frames=0,16,32,48,64,80,96,112,128,144,160,176,192,208,224,240,256,272,288,304,320,336,352,368,384,400,416,432,448,464,480,496,512,528,544,560,576,592,608,624,640,656,672,688,704 motion_emb_sha=1d7ee098cb94c5af motion_pos_sha=1a7312af6542d8c4 motion_mask=111111111111111111111111111111111111111111111000000000000000000000000000000000000000000000000000 mem_order_sha=334900ce00d4edee motion_cols_sha=6aa877e8836977cf donor=None cover=exact:0,fallback:0,cycle:0,cross_seg:0 gate=none num_steps=10 act_sha=2b661ba72657e61f infer_ms=69.9
INFO:mme_vla_suite.serving.websocket_policy_server:TIMING infer_ms=69.9
INFO:mme_vla_suite.serving.websocket_policy_server:TIMING add_buffer_ms=1461.8 frames=16 exec_start_idx=0
MV_INFER cond=normal split=test task=ButtonUnmaskSwap ep=3 ep_seq=7 infer_seq=48 t=752 es=0 k=46 motion_frames=0,16,32,48,64,80,96,112,128,144,160,176,192,208,224,240,256,272,288,304,320,336,352,368,384,400,416,432,448,464,480,496,512,528,544,560,576,592,608,624,640,656,672,688,704,720 motion_emb_sha=36fe1543d1844aef motion_pos_sha=03f34ee9bd05979f motion_mask=111111111111111111111111111111111111111111111100000000000000000000000000000000000000000000000000 mem_order_sha=eb2eb2afcfeb1ad9 motion_cols_sha=5e7820a41ef36daa donor=None cover=exact:0,fallback:0,cycle:0,cross_seg:0 gate=none num_steps=10 act_sha=62010dadf11cfcc5 infer_ms=69.6
INFO:mme_vla_suite.serving.websocket_policy_server:TIMING infer_ms=69.6
INFO:mme_vla_suite.serving.websocket_policy_server:TIMING add_buffer_ms=1466.7 frames=16 exec_start_idx=0
MV_INFER cond=normal split=test task=ButtonUnmaskSwap ep=3 ep_seq=7 infer_seq=49 t=768 es=0 k=47 motion_frames=0,16,32,48,64,80,96,112,128,144,160,176,192,208,224,240,256,272,288,304,320,336,352,368,384,400,416,432,448,464,480,496,512,528,544,560,576,592,608,624,640,656,672,688,704,720,736 motion_emb_sha=902f897941848f54 motion_pos_sha=692cb599ce1428a7 motion_mask=111111111111111111111111111111111111111111111110000000000000000000000000000000000000000000000000 mem_order_sha=6562fcffed534ed6 motion_cols_sha=1759c66f866642dc donor=None cover=exact:0,fallback:0,cycle:0,cross_seg:0 gate=none num_steps=10 act_sha=639fd38311fe16e1 infer_ms=69.8
INFO:mme_vla_suite.serving.websocket_policy_server:TIMING infer_ms=69.8
INFO:mme_vla_suite.serving.websocket_policy_server:TIMING add_buffer_ms=1465.5 frames=16 exec_start_idx=0
MV_INFER cond=normal split=test task=ButtonUnmaskSwap ep=3 ep_seq=7 infer_seq=50 t=784 es=0 k=48 motion_frames=0,16,32,48,64,80,96,112,128,144,160,176,192,208,224,240,256,272,288,304,320,336,352,368,384,400,416,432,448,464,480,496,512,528,544,560,576,592,608,624,640,656,672,688,704,720,736,752 motion_emb_sha=311463a908546673 motion_pos_sha=c3fe5e84b569016a motion_mask=111111111111111111111111111111111111111111111111000000000000000000000000000000000000000000000000 mem_order_sha=f1a8700e58c41cae motion_cols_sha=99e1f6e9f6bb9c4d donor=None cover=exact:0,fallback:0,cycle:0,cross_seg:0 gate=none num_steps=10 act_sha=f41569b17411a572 infer_ms=69.6
INFO:mme_vla_suite.serving.websocket_policy_server:TIMING infer_ms=69.6
INFO:mme_vla_suite.serving.websocket_policy_server:TIMING add_buffer_ms=1465.1 frames=16 exec_start_idx=0
MV_INFER cond=normal split=test task=ButtonUnmaskSwap ep=3 ep_seq=7 infer_seq=51 t=800 es=0 k=49 motion_frames=0,16,32,48,64,80,96,112,128,144,160,176,192,208,224,240,256,272,288,304,320,336,352,368,384,400,416,432,448,464,480,496,512,528,544,560,576,592,608,624,640,656,672,688,704,720,736,752,768 motion_emb_sha=6a204ccb9ff1c1f8 motion_pos_sha=680f129246f7b6f4 motion_mask=111111111111111111111111111111111111111111111111100000000000000000000000000000000000000000000000 mem_order_sha=2b5cfd5fc3095878 motion_cols_sha=0fbe01f7b49896a1 donor=None cover=exact:0,fallback:0,cycle:0,cross_seg:0 gate=none num_steps=10 act_sha=3855e45870b0c2f4 infer_ms=69.9
INFO:mme_vla_suite.serving.websocket_policy_server:TIMING infer_ms=69.9
INFO:mme_vla_suite.serving.websocket_policy_server:TIMING add_buffer_ms=1465.3 frames=16 exec_start_idx=0
MV_INFER cond=normal split=test task=ButtonUnmaskSwap ep=3 ep_seq=7 infer_seq=52 t=816 es=0 k=50 motion_frames=0,16,32,48,64,80,96,112,128,144,160,176,192,208,224,240,256,272,288,304,320,336,352,368,384,400,416,432,448,464,480,496,512,528,544,560,576,592,608,624,640,656,672,688,704,720,736,752,768,784 motion_emb_sha=367cb6d8576e622c motion_pos_sha=2310564d1b9957fd motion_mask=111111111111111111111111111111111111111111111111110000000000000000000000000000000000000000000000 mem_order_sha=0121728e581ca339 motion_cols_sha=3146bf3efe6b3a23 donor=None cover=exact:0,fallback:0,cycle:0,cross_seg:0 gate=none num_steps=10 act_sha=e69e863aa1c85f8c infer_ms=69.9
INFO:mme_vla_suite.serving.websocket_policy_server:TIMING infer_ms=69.9
INFO:mme_vla_suite.serving.websocket_policy_server:TIMING add_buffer_ms=1465.3 frames=16 exec_start_idx=0
MV_INFER cond=normal split=test task=ButtonUnmaskSwap ep=3 ep_seq=7 infer_seq=53 t=832 es=0 k=51 motion_frames=0,16,32,48,64,80,96,112,128,144,160,176,192,208,224,240,256,272,288,304,320,336,352,368,384,400,416,432,448,464,480,496,512,528,544,560,576,592,608,624,640,656,672,688,704,720,736,752,768,784,800 motion_emb_sha=43668b4820f89b59 motion_pos_sha=600430e170ebc9a0 motion_mask=111111111111111111111111111111111111111111111111111000000000000000000000000000000000000000000000 mem_order_sha=875f38b8693b6012 motion_cols_sha=d23bb84a612c3654 donor=None cover=exact:0,fallback:0,cycle:0,cross_seg:0 gate=none num_steps=10 act_sha=5edfd61996f53bf1 infer_ms=69.6
INFO:mme_vla_suite.serving.websocket_policy_server:TIMING infer_ms=69.6
INFO:mme_vla_suite.serving.websocket_policy_server:TIMING add_buffer_ms=1466.8 frames=16 exec_start_idx=0
MV_INFER cond=normal split=test task=ButtonUnmaskSwap ep=3 ep_seq=7 infer_seq=54 t=848 es=0 k=52 motion_frames=0,16,32,48,64,80,96,112,128,144,160,176,192,208,224,240,256,272,288,304,320,336,352,368,384,400,416,432,448,464,480,496,512,528,544,560,576,592,608,624,640,656,672,688,704,720,736,752,768,784,800,816 motion_emb_sha=91a220470553233a motion_pos_sha=2d007f1393a57404 motion_mask=111111111111111111111111111111111111111111111111111100000000000000000000000000000000000000000000 mem_order_sha=8cda0cc9e165fc7b motion_cols_sha=6ea7276cd41fa784 donor=None cover=exact:0,fallback:0,cycle:0,cross_seg:0 gate=none num_steps=10 act_sha=cf5901e34eaad7d1 infer_ms=69.9
INFO:mme_vla_suite.serving.websocket_policy_server:TIMING infer_ms=69.9
INFO:mme_vla_suite.serving.websocket_policy_server:TIMING add_buffer_ms=1460.7 frames=16 exec_start_idx=0
MV_INFER cond=normal split=test task=ButtonUnmaskSwap ep=3 ep_seq=7 infer_seq=55 t=864 es=0 k=53 motion_frames=0,16,32,48,64,80,96,112,128,144,160,176,192,208,224,240,256,272,288,304,320,336,352,368,384,400,416,432,448,464,480,496,512,528,544,560,576,592,608,624,640,656,672,688,704,720,736,752,768,784,800,816,832 motion_emb_sha=2e82f95455f773b8 motion_pos_sha=f42da141b1d4c82c motion_mask=111111111111111111111111111111111111111111111111111110000000000000000000000000000000000000000000 mem_order_sha=0dabd1444bc80074 motion_cols_sha=89f30c99564ea731 donor=None cover=exact:0,fallback:0,cycle:0,cross_seg:0 gate=none num_steps=10 act_sha=acfb79ebbcecafdf infer_ms=69.8
INFO:mme_vla_suite.serving.websocket_policy_server:TIMING infer_ms=69.8
INFO:mme_vla_suite.serving.websocket_policy_server:TIMING add_buffer_ms=1461.0 frames=16 exec_start_idx=0
MV_INFER cond=normal split=test task=ButtonUnmaskSwap ep=3 ep_seq=7 infer_seq=56 t=880 es=0 k=54 motion_frames=0,16,32,48,64,80,96,112,128,144,160,176,192,208,224,240,256,272,288,304,320,336,352,368,384,400,416,432,448,464,480,496,512,528,544,560,576,592,608,624,640,656,672,688,704,720,736,752,768,784,800,816,832,848 motion_emb_sha=ac3cff5847bdb50e motion_pos_sha=01060eddb55ef662 motion_mask=111111111111111111111111111111111111111111111111111111000000000000000000000000000000000000000000 mem_order_sha=a4e3eafb5ffafe0b motion_cols_sha=e349514dca693b7f donor=None cover=exact:0,fallback:0,cycle:0,cross_seg:0 gate=none num_steps=10 act_sha=cf51ff6f26381cc7 infer_ms=69.6
INFO:mme_vla_suite.serving.websocket_policy_server:TIMING infer_ms=69.6
INFO:mme_vla_suite.serving.websocket_policy_server:TIMING add_buffer_ms=1460.2 frames=16 exec_start_idx=0
MV_INFER cond=normal split=test task=ButtonUnmaskSwap ep=3 ep_seq=7 infer_seq=57 t=896 es=0 k=55 motion_frames=0,16,32,48,64,80,96,112,128,144,160,176,192,208,224,240,256,272,288,304,320,336,352,368,384,400,416,432,448,464,480,496,512,528,544,560,576,592,608,624,640,656,672,688,704,720,736,752,768,784,800,816,832,848,864 motion_emb_sha=e97ed12c88667de2 motion_pos_sha=73234d7bb22f2334 motion_mask=111111111111111111111111111111111111111111111111111111100000000000000000000000000000000000000000 mem_order_sha=395346a4f540e9de motion_cols_sha=078b54ea6363443a donor=None cover=exact:0,fallback:0,cycle:0,cross_seg:0 gate=none num_steps=10 act_sha=e0fe205fc2c525ad infer_ms=69.6
INFO:mme_vla_suite.serving.websocket_policy_server:TIMING infer_ms=69.6
INFO:mme_vla_suite.serving.websocket_policy_server:TIMING add_buffer_ms=1460.7 frames=16 exec_start_idx=0
MV_INFER cond=normal split=test task=ButtonUnmaskSwap ep=3 ep_seq=7 infer_seq=58 t=912 es=0 k=56 motion_frames=0,16,32,48,64,80,96,112,128,144,160,176,192,208,224,240,256,272,288,304,320,336,352,368,384,400,416,432,448,464,480,496,512,528,544,560,576,592,608,624,640,656,672,688,704,720,736,752,768,784,800,816,832,848,864,880 motion_emb_sha=d77aefda6ff6b061 motion_pos_sha=e1476f70fa43befe motion_mask=111111111111111111111111111111111111111111111111111111110000000000000000000000000000000000000000 mem_order_sha=3476e1e03f0ca6e3 motion_cols_sha=a5aa69c91f1f7b29 donor=None cover=exact:0,fallback:0,cycle:0,cross_seg:0 gate=none num_steps=10 act_sha=c12f7da454747410 infer_ms=69.6
INFO:mme_vla_suite.serving.websocket_policy_server:TIMING infer_ms=69.6
INFO:mme_vla_suite.serving.websocket_policy_server:TIMING add_buffer_ms=1464.4 frames=16 exec_start_idx=0
MV_INFER cond=normal split=test task=ButtonUnmaskSwap ep=3 ep_seq=7 infer_seq=59 t=928 es=0 k=57 motion_frames=0,16,32,48,64,80,96,112,128,144,160,176,192,208,224,240,256,272,288,304,320,336,352,368,384,400,416,432,448,464,480,496,512,528,544,560,576,592,608,624,640,656,672,688,704,720,736,752,768,784,800,816,832,848,864,880,896 motion_emb_sha=91ff2e72e9c3f515 motion_pos_sha=bca8ade9114e0e68 motion_mask=111111111111111111111111111111111111111111111111111111111000000000000000000000000000000000000000 mem_order_sha=a777cdac8f3e3557 motion_cols_sha=2da46f232ede0f69 donor=None cover=exact:0,fallback:0,cycle:0,cross_seg:0 gate=none num_steps=10 act_sha=40a357c5bce0d694 infer_ms=69.8
INFO:mme_vla_suite.serving.websocket_policy_server:TIMING infer_ms=69.8
INFO:mme_vla_suite.serving.websocket_policy_server:TIMING add_buffer_ms=1460.8 frames=16 exec_start_idx=0
MV_INFER cond=normal split=test task=ButtonUnmaskSwap ep=3 ep_seq=7 infer_seq=60 t=944 es=0 k=58 motion_frames=0,16,32,48,64,80,96,112,128,144,160,176,192,208,224,240,256,272,288,304,320,336,352,368,384,400,416,432,448,464,480,496,512,528,544,560,576,592,608,624,640,656,672,688,704,720,736,752,768,784,800,816,832,848,864,880,896,912 motion_emb_sha=fcf873c60a58b70f motion_pos_sha=34b7233dd99a2db0 motion_mask=111111111111111111111111111111111111111111111111111111111100000000000000000000000000000000000000 mem_order_sha=6320e4ba2d244586 motion_cols_sha=3b208a16db9ab136 donor=None cover=exact:0,fallback:0,cycle:0,cross_seg:0 gate=none num_steps=10 act_sha=002c56e1280f6ebd infer_ms=69.7
INFO:mme_vla_suite.serving.websocket_policy_server:TIMING infer_ms=69.7
INFO:mme_vla_suite.serving.websocket_policy_server:TIMING add_buffer_ms=1460.2 frames=16 exec_start_idx=0
MV_INFER cond=normal split=test task=ButtonUnmaskSwap ep=3 ep_seq=7 infer_seq=61 t=960 es=0 k=59 motion_frames=0,16,32,48,64,80,96,112,128,144,160,176,192,208,224,240,256,272,288,304,320,336,352,368,384,400,416,432,448,464,480,496,512,528,544,560,576,592,608,624,640,656,672,688,704,720,736,752,768,784,800,816,832,848,864,880,896,912,928 motion_emb_sha=660f004cec7424d2 motion_pos_sha=cb7f48c244f6b94b motion_mask=111111111111111111111111111111111111111111111111111111111110000000000000000000000000000000000000 mem_order_sha=39c29249fe13bc2b motion_cols_sha=3e0e13de4529aac8 donor=None cover=exact:0,fallback:0,cycle:0,cross_seg:0 gate=none num_steps=10 act_sha=645dd735958ec387 infer_ms=69.6
INFO:mme_vla_suite.serving.websocket_policy_server:TIMING infer_ms=69.6
INFO:mme_vla_suite.serving.websocket_policy_server:TIMING add_buffer_ms=1457.2 frames=16 exec_start_idx=0
MV_INFER cond=normal split=test task=ButtonUnmaskSwap ep=3 ep_seq=7 infer_seq=62 t=976 es=0 k=60 motion_frames=0,16,32,48,64,80,96,112,128,144,160,176,192,208,224,240,256,272,288,304,320,336,352,368,384,400,416,432,448,464,480,496,512,528,544,560,576,592,608,624,640,656,672,688,704,720,736,752,768,784,800,816,832,848,864,880,896,912,928,944 motion_emb_sha=c059c4a2b03fa078 motion_pos_sha=0c8df1a6e41b5e23 motion_mask=111111111111111111111111111111111111111111111111111111111111000000000000000000000000000000000000 mem_order_sha=20d30cf76b3da92d motion_cols_sha=d14deafb868159f6 donor=None cover=exact:0,fallback:0,cycle:0,cross_seg:0 gate=none num_steps=10 act_sha=2c3288a440139be5 infer_ms=69.6
INFO:mme_vla_suite.serving.websocket_policy_server:TIMING infer_ms=69.6
INFO:mme_vla_suite.serving.websocket_policy_server:TIMING add_buffer_ms=1462.7 frames=16 exec_start_idx=0
MV_INFER cond=normal split=test task=ButtonUnmaskSwap ep=3 ep_seq=7 infer_seq=63 t=992 es=0 k=61 motion_frames=0,16,32,48,64,80,96,112,128,144,160,176,192,208,224,240,256,272,288,304,320,336,352,368,384,400,416,432,448,464,480,496,512,528,544,560,576,592,608,624,640,656,672,688,704,720,736,752,768,784,800,816,832,848,864,880,896,912,928,944,960 motion_emb_sha=0fc6482b7d8ba307 motion_pos_sha=6969e5ef8a2647ad motion_mask=111111111111111111111111111111111111111111111111111111111111100000000000000000000000000000000000 mem_order_sha=ea99f596f81da8fb motion_cols_sha=e49e1ad67faf939a donor=None cover=exact:0,fallback:0,cycle:0,cross_seg:0 gate=none num_steps=10 act_sha=2a19bd1d4adf66a8 infer_ms=69.6
INFO:mme_vla_suite.serving.websocket_policy_server:TIMING infer_ms=69.6
[sidecar pid=833148] 窗 #551 起点 976 耗时 1423 ms（累计 1043s）
INFO:mme_vla_suite.serving.websocket_policy_server:TIMING add_buffer_ms=1468.0 frames=16 exec_start_idx=0
MV_INFER cond=normal split=test task=ButtonUnmaskSwap ep=3 ep_seq=7 infer_seq=64 t=1008 es=0 k=62 motion_frames=0,16,32,48,64,80,96,112,128,144,160,176,192,208,224,240,256,272,288,304,320,336,352,368,384,400,416,432,448,464,480,496,512,528,544,560,576,592,608,624,640,656,672,688,704,720,736,752,768,784,800,816,832,848,864,880,896,912,928,944,960,976 motion_emb_sha=aefa4167ff169761 motion_pos_sha=68a304bc0f81b2d1 motion_mask=111111111111111111111111111111111111111111111111111111111111110000000000000000000000000000000000 mem_order_sha=cb85039bc8deeee3 motion_cols_sha=9f68376775df092c donor=None cover=exact:0,fallback:0,cycle:0,cross_seg:0 gate=none num_steps=10 act_sha=5d0ca5404e96efaa infer_ms=69.9
INFO:mme_vla_suite.serving.websocket_policy_server:TIMING infer_ms=69.9
INFO:mme_vla_suite.serving.websocket_policy_server:TIMING add_buffer_ms=1464.5 frames=16 exec_start_idx=0
MV_INFER cond=normal split=test task=ButtonUnmaskSwap ep=3 ep_seq=7 infer_seq=65 t=1024 es=0 k=63 motion_frames=0,16,32,48,64,80,96,112,128,144,160,176,192,208,224,240,256,272,288,304,320,336,352,368,384,400,416,432,448,464,480,496,512,528,544,560,576,592,608,624,640,656,672,688,704,720,736,752,768,784,800,816,832,848,864,880,896,912,928,944,960,976,992 motion_emb_sha=d65bdd2664f8104f motion_pos_sha=3a3d8e518a7990d0 motion_mask=111111111111111111111111111111111111111111111111111111111111111000000000000000000000000000000000 mem_order_sha=11fb4b3c9a39ff46 motion_cols_sha=84d86e447056559d donor=None cover=exact:0,fallback:0,cycle:0,cross_seg:0 gate=none num_steps=10 act_sha=353c373781119796 infer_ms=69.7
INFO:mme_vla_suite.serving.websocket_policy_server:TIMING infer_ms=69.7
INFO:mme_vla_suite.serving.websocket_policy_server:TIMING add_buffer_ms=1461.2 frames=16 exec_start_idx=0
MV_INFER cond=normal split=test task=ButtonUnmaskSwap ep=3 ep_seq=7 infer_seq=66 t=1040 es=0 k=64 motion_frames=0,16,32,48,64,80,96,112,128,144,160,176,192,208,224,240,256,272,288,304,320,336,352,368,384,400,416,432,448,464,480,496,512,528,544,560,576,592,608,624,640,656,672,688,704,720,736,752,768,784,800,816,832,848,864,880,896,912,928,944,960,976,992,1008 motion_emb_sha=68a54a886c8ce12c motion_pos_sha=53ffaa05042f1487 motion_mask=111111111111111111111111111111111111111111111111111111111111111100000000000000000000000000000000 mem_order_sha=173c4f5cff3909ff motion_cols_sha=6b874a13dc5773fe donor=None cover=exact:0,fallback:0,cycle:0,cross_seg:0 gate=none num_steps=10 act_sha=0f7d9d0aad94f6b5 infer_ms=69.9
INFO:mme_vla_suite.serving.websocket_policy_server:TIMING infer_ms=69.9
INFO:mme_vla_suite.serving.websocket_policy_server:TIMING add_buffer_ms=1465.6 frames=16 exec_start_idx=0
MV_INFER cond=normal split=test task=ButtonUnmaskSwap ep=3 ep_seq=7 infer_seq=67 t=1056 es=0 k=65 motion_frames=0,16,32,48,64,80,96,112,128,144,160,176,192,208,224,240,256,272,288,304,320,336,352,368,384,400,416,432,448,464,480,496,512,528,544,560,576,592,608,624,640,656,672,688,704,720,736,752,768,784,800,816,832,848,864,880,896,912,928,944,960,976,992,1008,1024 motion_emb_sha=fbb8155adb1222b2 motion_pos_sha=c418e4d946bed0c9 motion_mask=111111111111111111111111111111111111111111111111111111111111111110000000000000000000000000000000 mem_order_sha=92dea94c12a99a47 motion_cols_sha=52b8373c7987aeda donor=None cover=exact:0,fallback:0,cycle:0,cross_seg:0 gate=none num_steps=10 act_sha=849863e5561fc4bc infer_ms=69.7
INFO:mme_vla_suite.serving.websocket_policy_server:TIMING infer_ms=69.7
INFO:mme_vla_suite.serving.websocket_policy_server:TIMING add_buffer_ms=1460.1 frames=16 exec_start_idx=0
MV_INFER cond=normal split=test task=ButtonUnmaskSwap ep=3 ep_seq=7 infer_seq=68 t=1072 es=0 k=66 motion_frames=0,16,32,48,64,80,96,112,128,144,160,176,192,208,224,240,256,272,288,304,320,336,352,368,384,400,416,432,448,464,480,496,512,528,544,560,576,592,608,624,640,656,672,688,704,720,736,752,768,784,800,816,832,848,864,880,896,912,928,944,960,976,992,1008,1024,1040 motion_emb_sha=23c793fe05f356fe motion_pos_sha=4be728651e8fa641 motion_mask=111111111111111111111111111111111111111111111111111111111111111111000000000000000000000000000000 mem_order_sha=5f81dcb5ffcc7505 motion_cols_sha=4e8d37dd9b433350 donor=None cover=exact:0,fallback:0,cycle:0,cross_seg:0 gate=none num_steps=10 act_sha=b71fa048a81e950a infer_ms=70.0
INFO:mme_vla_suite.serving.websocket_policy_server:TIMING infer_ms=70.0
INFO:mme_vla_suite.serving.websocket_policy_server:TIMING add_buffer_ms=1461.7 frames=16 exec_start_idx=0
MV_INFER cond=normal split=test task=ButtonUnmaskSwap ep=3 ep_seq=7 infer_seq=69 t=1088 es=0 k=67 motion_frames=0,16,32,48,64,80,96,112,128,144,160,176,192,208,224,240,256,272,288,304,320,336,352,368,384,400,416,432,448,464,480,496,512,528,544,560,576,592,608,624,640,656,672,688,704,720,736,752,768,784,800,816,832,848,864,880,896,912,928,944,960,976,992,1008,1024,1040,1056 motion_emb_sha=9999917644b044bc motion_pos_sha=4be2cf300c672914 motion_mask=111111111111111111111111111111111111111111111111111111111111111111100000000000000000000000000000 mem_order_sha=ed1cfe5e10d900a5 motion_cols_sha=9f325d883e270012 donor=None cover=exact:0,fallback:0,cycle:0,cross_seg:0 gate=none num_steps=10 act_sha=9c91b92de0bc461c infer_ms=70.2
INFO:mme_vla_suite.serving.websocket_policy_server:TIMING infer_ms=70.2
INFO:mme_vla_suite.serving.websocket_policy_server:TIMING add_buffer_ms=1460.5 frames=16 exec_start_idx=0
MV_INFER cond=normal split=test task=ButtonUnmaskSwap ep=3 ep_seq=7 infer_seq=70 t=1104 es=0 k=68 motion_frames=0,16,32,48,64,80,96,112,128,144,160,176,192,208,224,240,256,272,288,304,320,336,352,368,384,400,416,432,448,464,480,496,512,528,544,560,576,592,608,624,640,656,672,688,704,720,736,752,768,784,800,816,832,848,864,880,896,912,928,944,960,976,992,1008,1024,1040,1056,1072 motion_emb_sha=d84cd03eecfe6f4e motion_pos_sha=f1771cc9a7c1c81a motion_mask=111111111111111111111111111111111111111111111111111111111111111111110000000000000000000000000000 mem_order_sha=2b2ce7eded738651 motion_cols_sha=e1d7e941199ff79f donor=None cover=exact:0,fallback:0,cycle:0,cross_seg:0 gate=none num_steps=10 act_sha=29b7a533d619e003 infer_ms=69.7
INFO:mme_vla_suite.serving.websocket_policy_server:TIMING infer_ms=69.7
INFO:mme_vla_suite.serving.websocket_policy_server:TIMING add_buffer_ms=1460.3 frames=16 exec_start_idx=0
MV_INFER cond=normal split=test task=ButtonUnmaskSwap ep=3 ep_seq=7 infer_seq=71 t=1120 es=0 k=69 motion_frames=0,16,32,48,64,80,96,112,128,144,160,176,192,208,224,240,256,272,288,304,320,336,352,368,384,400,416,432,448,464,480,496,512,528,544,560,576,592,608,624,640,656,672,688,704,720,736,752,768,784,800,816,832,848,864,880,896,912,928,944,960,976,992,1008,1024,1040,1056,1072,1088 motion_emb_sha=f07d8448d83f628c motion_pos_sha=64e385d9c7350895 motion_mask=111111111111111111111111111111111111111111111111111111111111111111111000000000000000000000000000 mem_order_sha=bd58339f940fb782 motion_cols_sha=e969946faa6cf423 donor=None cover=exact:0,fallback:0,cycle:0,cross_seg:0 gate=none num_steps=10 act_sha=527bf7c35e00c053 infer_ms=69.9
INFO:mme_vla_suite.serving.websocket_policy_server:TIMING infer_ms=69.9
INFO:mme_vla_suite.serving.websocket_policy_server:TIMING add_buffer_ms=1465.5 frames=16 exec_start_idx=0
MV_INFER cond=normal split=test task=ButtonUnmaskSwap ep=3 ep_seq=7 infer_seq=72 t=1136 es=0 k=70 motion_frames=0,16,32,48,64,80,96,112,128,144,160,176,192,208,224,240,256,272,288,304,320,336,352,368,384,400,416,432,448,464,480,496,512,528,544,560,576,592,608,624,640,656,672,688,704,720,736,752,768,784,800,816,832,848,864,880,896,912,928,944,960,976,992,1008,1024,1040,1056,1072,1088,1104 motion_emb_sha=98d58bec2236d0bb motion_pos_sha=02413430471dedfa motion_mask=111111111111111111111111111111111111111111111111111111111111111111111100000000000000000000000000 mem_order_sha=0b404dd327a8564d motion_cols_sha=87fa21f0aa357e1d donor=None cover=exact:0,fallback:0,cycle:0,cross_seg:0 gate=none num_steps=10 act_sha=d7784bed95233f1d infer_ms=69.9
INFO:mme_vla_suite.serving.websocket_policy_server:TIMING infer_ms=69.9
INFO:mme_vla_suite.serving.websocket_policy_server:TIMING add_buffer_ms=1462.1 frames=16 exec_start_idx=0
MV_INFER cond=normal split=test task=ButtonUnmaskSwap ep=3 ep_seq=7 infer_seq=73 t=1152 es=0 k=71 motion_frames=0,16,32,48,64,80,96,112,128,144,160,176,192,208,224,240,256,272,288,304,320,336,352,368,384,400,416,432,448,464,480,496,512,528,544,560,576,592,608,624,640,656,672,688,704,720,736,752,768,784,800,816,832,848,864,880,896,912,928,944,960,976,992,1008,1024,1040,1056,1072,1088,1104,1120 motion_emb_sha=8043e5e83e20ffdf motion_pos_sha=fab88c141df710d5 motion_mask=111111111111111111111111111111111111111111111111111111111111111111111110000000000000000000000000 mem_order_sha=a889ac580cefd71c motion_cols_sha=3c468ad914141d0d donor=None cover=exact:0,fallback:0,cycle:0,cross_seg:0 gate=none num_steps=10 act_sha=6b54dfb91bc23da9 infer_ms=69.7
INFO:mme_vla_suite.serving.websocket_policy_server:TIMING infer_ms=69.7
INFO:mme_vla_suite.serving.websocket_policy_server:TIMING add_buffer_ms=1461.1 frames=16 exec_start_idx=0
MV_INFER cond=normal split=test task=ButtonUnmaskSwap ep=3 ep_seq=7 infer_seq=74 t=1168 es=0 k=72 motion_frames=0,16,32,48,64,80,96,112,128,144,160,176,192,208,224,240,256,272,288,304,320,336,352,368,384,400,416,432,448,464,480,496,512,528,544,560,576,592,608,624,640,656,672,688,704,720,736,752,768,784,800,816,832,848,864,880,896,912,928,944,960,976,992,1008,1024,1040,1056,1072,1088,1104,1120,1136 motion_emb_sha=4372213ca09dfc62 motion_pos_sha=d6a6837d103909b7 motion_mask=111111111111111111111111111111111111111111111111111111111111111111111111000000000000000000000000 mem_order_sha=d483b82ad6dc5168 motion_cols_sha=0c6c7ed6aacf4632 donor=None cover=exact:0,fallback:0,cycle:0,cross_seg:0 gate=none num_steps=10 act_sha=792b5aa2943f04e2 infer_ms=70.0
INFO:mme_vla_suite.serving.websocket_policy_server:TIMING infer_ms=70.0
INFO:mme_vla_suite.serving.websocket_policy_server:TIMING add_buffer_ms=1462.1 frames=16 exec_start_idx=0
MV_INFER cond=normal split=test task=ButtonUnmaskSwap ep=3 ep_seq=7 infer_seq=75 t=1184 es=0 k=73 motion_frames=0,16,32,48,64,80,96,112,128,144,160,176,192,208,224,240,256,272,288,304,320,336,352,368,384,400,416,432,448,464,480,496,512,528,544,560,576,592,608,624,640,656,672,688,704,720,736,752,768,784,800,816,832,848,864,880,896,912,928,944,960,976,992,1008,1024,1040,1056,1072,1088,1104,1120,1136,1152 motion_emb_sha=38d19b43e9946664 motion_pos_sha=b9f2cb6eb308ecb4 motion_mask=111111111111111111111111111111111111111111111111111111111111111111111111100000000000000000000000 mem_order_sha=d02d0aed837362f6 motion_cols_sha=2a3614e2ed121717 donor=None cover=exact:0,fallback:0,cycle:0,cross_seg:0 gate=none num_steps=10 act_sha=71461004336b2814 infer_ms=69.7
INFO:mme_vla_suite.serving.websocket_policy_server:TIMING infer_ms=69.7
INFO:mme_vla_suite.serving.websocket_policy_server:TIMING add_buffer_ms=1461.1 frames=16 exec_start_idx=0
MV_INFER cond=normal split=test task=ButtonUnmaskSwap ep=3 ep_seq=7 infer_seq=76 t=1200 es=0 k=74 motion_frames=0,16,32,48,64,80,96,112,128,144,160,176,192,208,224,240,256,272,288,304,320,336,352,368,384,400,416,432,448,464,480,496,512,528,544,560,576,592,608,624,640,656,672,688,704,720,736,752,768,784,800,816,832,848,864,880,896,912,928,944,960,976,992,1008,1024,1040,1056,1072,1088,1104,1120,1136,1152,1168 motion_emb_sha=51679a4845d5b485 motion_pos_sha=c16da1b65c95ec2c motion_mask=111111111111111111111111111111111111111111111111111111111111111111111111110000000000000000000000 mem_order_sha=5e6b887dca10ded1 motion_cols_sha=0637e352fbbaefdf donor=None cover=exact:0,fallback:0,cycle:0,cross_seg:0 gate=none num_steps=10 act_sha=b260e278149e1bf7 infer_ms=69.7
INFO:mme_vla_suite.serving.websocket_policy_server:TIMING infer_ms=69.7
INFO:mme_vla_suite.serving.websocket_policy_server:TIMING add_buffer_ms=1462.6 frames=16 exec_start_idx=0
MV_INFER cond=normal split=test task=ButtonUnmaskSwap ep=3 ep_seq=7 infer_seq=77 t=1216 es=0 k=75 motion_frames=0,16,32,48,64,80,96,112,128,144,160,176,192,208,224,240,256,272,288,304,320,336,352,368,384,400,416,432,448,464,480,496,512,528,544,560,576,592,608,624,640,656,672,688,704,720,736,752,768,784,800,816,832,848,864,880,896,912,928,944,960,976,992,1008,1024,1040,1056,1072,1088,1104,1120,1136,1152,1168,1184 motion_emb_sha=eb328c9ac9b5e061 motion_pos_sha=6aa36bab2e46f370 motion_mask=111111111111111111111111111111111111111111111111111111111111111111111111111000000000000000000000 mem_order_sha=d100c887873fb6e6 motion_cols_sha=846007b9906b64ef donor=None cover=exact:0,fallback:0,cycle:0,cross_seg:0 gate=none num_steps=10 act_sha=e3f27e3fd30827bf infer_ms=70.2
INFO:mme_vla_suite.serving.websocket_policy_server:TIMING infer_ms=70.2
INFO:mme_vla_suite.serving.websocket_policy_server:TIMING add_buffer_ms=1468.7 frames=16 exec_start_idx=0
MV_INFER cond=normal split=test task=ButtonUnmaskSwap ep=3 ep_seq=7 infer_seq=78 t=1232 es=0 k=76 motion_frames=0,16,32,48,64,80,96,112,128,144,160,176,192,208,224,240,256,272,288,304,320,336,352,368,384,400,416,432,448,464,480,496,512,528,544,560,576,592,608,624,640,656,672,688,704,720,736,752,768,784,800,816,832,848,864,880,896,912,928,944,960,976,992,1008,1024,1040,1056,1072,1088,1104,1120,1136,1152,1168,1184,1200 motion_emb_sha=a4257a16d77a8783 motion_pos_sha=39a2d766dea0ddac motion_mask=111111111111111111111111111111111111111111111111111111111111111111111111111100000000000000000000 mem_order_sha=601ccd8775c9d37f motion_cols_sha=fb27e958d1ca6acf donor=None cover=exact:0,fallback:0,cycle:0,cross_seg:0 gate=none num_steps=10 act_sha=8a0d8bb6a567eb3d infer_ms=72.7
INFO:mme_vla_suite.serving.websocket_policy_server:TIMING infer_ms=72.7
INFO:mme_vla_suite.serving.websocket_policy_server:TIMING add_buffer_ms=1480.9 frames=16 exec_start_idx=0
MV_INFER cond=normal split=test task=ButtonUnmaskSwap ep=3 ep_seq=7 infer_seq=79 t=1248 es=0 k=77 motion_frames=0,16,32,48,64,80,96,112,128,144,160,176,192,208,224,240,256,272,288,304,320,336,352,368,384,400,416,432,448,464,480,496,512,528,544,560,576,592,608,624,640,656,672,688,704,720,736,752,768,784,800,816,832,848,864,880,896,912,928,944,960,976,992,1008,1024,1040,1056,1072,1088,1104,1120,1136,1152,1168,1184,1200,1216 motion_emb_sha=53c25398e748c5f9 motion_pos_sha=6ed6eeb0d66bd601 motion_mask=111111111111111111111111111111111111111111111111111111111111111111111111111110000000000000000000 mem_order_sha=ccc9899d21634b2a motion_cols_sha=d02ea63e106e047b donor=None cover=exact:0,fallback:0,cycle:0,cross_seg:0 gate=none num_steps=10 act_sha=4ae85f729496b6aa infer_ms=70.0
INFO:mme_vla_suite.serving.websocket_policy_server:TIMING infer_ms=70.0
INFO:mme_vla_suite.serving.websocket_policy_server:TIMING add_buffer_ms=1472.6 frames=16 exec_start_idx=0
MV_INFER cond=normal split=test task=ButtonUnmaskSwap ep=3 ep_seq=7 infer_seq=80 t=1264 es=0 k=78 motion_frames=0,16,32,48,64,80,96,112,128,144,160,176,192,208,224,240,256,272,288,304,320,336,352,368,384,400,416,432,448,464,480,496,512,528,544,560,576,592,608,624,640,656,672,688,704,720,736,752,768,784,800,816,832,848,864,880,896,912,928,944,960,976,992,1008,1024,1040,1056,1072,1088,1104,1120,1136,1152,1168,1184,1200,1216,1232 motion_emb_sha=4a82c79ba8f2813d motion_pos_sha=b56acc673c0e014a motion_mask=111111111111111111111111111111111111111111111111111111111111111111111111111111000000000000000000 mem_order_sha=2a2e1a3758e26885 motion_cols_sha=ae9de628d8823bf2 donor=None cover=exact:0,fallback:0,cycle:0,cross_seg:0 gate=none num_steps=10 act_sha=59956383e114e18d infer_ms=70.4
INFO:mme_vla_suite.serving.websocket_policy_server:TIMING infer_ms=70.4
INFO:mme_vla_suite.serving.websocket_policy_server:TIMING add_buffer_ms=1471.1 frames=16 exec_start_idx=0
MV_INFER cond=normal split=test task=ButtonUnmaskSwap ep=3 ep_seq=7 infer_seq=81 t=1280 es=0 k=79 motion_frames=0,16,32,48,64,80,96,112,128,144,160,176,192,208,224,240,256,272,288,304,320,336,352,368,384,400,416,432,448,464,480,496,512,528,544,560,576,592,608,624,640,656,672,688,704,720,736,752,768,784,800,816,832,848,864,880,896,912,928,944,960,976,992,1008,1024,1040,1056,1072,1088,1104,1120,1136,1152,1168,1184,1200,1216,1232,1248 motion_emb_sha=e40694c37ed40644 motion_pos_sha=b50012ccc2a650c3 motion_mask=111111111111111111111111111111111111111111111111111111111111111111111111111111100000000000000000 mem_order_sha=1fed3421d7469d6a motion_cols_sha=b62f12e1cc2e6f4f donor=None cover=exact:0,fallback:0,cycle:0,cross_seg:0 gate=none num_steps=10 act_sha=7da44889651294f4 infer_ms=70.2
INFO:mme_vla_suite.serving.websocket_policy_server:TIMING infer_ms=70.2
INFO:mme_vla_suite.serving.websocket_policy_server:TIMING add_buffer_ms=1468.7 frames=16 exec_start_idx=0
MV_INFER cond=normal split=test task=ButtonUnmaskSwap ep=3 ep_seq=7 infer_seq=82 t=1296 es=0 k=80 motion_frames=0,16,32,48,64,80,96,112,128,144,160,176,192,208,224,240,256,272,288,304,320,336,352,368,384,400,416,432,448,464,480,496,512,528,544,560,576,592,608,624,640,656,672,688,704,720,736,752,768,784,800,816,832,848,864,880,896,912,928,944,960,976,992,1008,1024,1040,1056,1072,1088,1104,1120,1136,1152,1168,1184,1200,1216,1232,1248,1264 motion_emb_sha=d82980040c0f8059 motion_pos_sha=d5131e7c6233e7d1 motion_mask=111111111111111111111111111111111111111111111111111111111111111111111111111111110000000000000000 mem_order_sha=a4387b88c08b7549 motion_cols_sha=81f2fc212bebb4ee donor=None cover=exact:0,fallback:0,cycle:0,cross_seg:0 gate=none num_steps=10 act_sha=e30feb182c32688f infer_ms=70.3
INFO:mme_vla_suite.serving.websocket_policy_server:TIMING infer_ms=70.3
INFO:websockets.server:connection open
INFO:mme_vla_suite.serving.websocket_policy_server:Connection from ('127.0.0.1', 37960) opened
MV_EPISODE_END ep_seq=7 infers=82 windows=80 wall_s=147.6
MV_EPISODE_BEGIN cond=normal split=test seed=42 ep_seq=8 expect=ButtonUnmaskSwap:7
INFO:mme_vla_suite.serving.websocket_policy_server:TIMING add_buffer_ms=8.1 frames=1 exec_start_idx=0
MV_INFER cond=normal split=test task=ButtonUnmaskSwap ep=7 ep_seq=8 infer_seq=1 t=0 es=0 k=0 motion_frames=- motion_emb_sha=a3e8328721cbb943 motion_pos_sha=f5952cfc3406b7e9 motion_mask=000000000000000000000000000000000000000000000000000000000000000000000000000000000000000000000000 mem_order_sha=e3d555e881e5b964 motion_cols_sha=05f65c2b46f544eb donor=None cover=exact:0,fallback:0,cycle:0,cross_seg:0 gate=none num_steps=10 act_sha=f65db98eca4e2be8 infer_ms=70.5
INFO:mme_vla_suite.serving.websocket_policy_server:TIMING infer_ms=70.5
INFO:mme_vla_suite.serving.websocket_policy_server:TIMING add_buffer_ms=37.9 frames=16 exec_start_idx=0
MV_INFER cond=normal split=test task=ButtonUnmaskSwap ep=7 ep_seq=8 infer_seq=2 t=16 es=0 k=0 motion_frames=- motion_emb_sha=a3e8328721cbb943 motion_pos_sha=f5952cfc3406b7e9 motion_mask=000000000000000000000000000000000000000000000000000000000000000000000000000000000000000000000000 mem_order_sha=e3d555e881e5b964 motion_cols_sha=05f65c2b46f544eb donor=None cover=exact:0,fallback:0,cycle:0,cross_seg:0 gate=none num_steps=10 act_sha=9d82c39bac184505 infer_ms=69.5
INFO:mme_vla_suite.serving.websocket_policy_server:TIMING infer_ms=69.5
INFO:mme_vla_suite.serving.websocket_policy_server:TIMING add_buffer_ms=1465.3 frames=16 exec_start_idx=0
MV_INFER cond=normal split=test task=ButtonUnmaskSwap ep=7 ep_seq=8 infer_seq=3 t=32 es=0 k=1 motion_frames=0 motion_emb_sha=e9334ca571fe55be motion_pos_sha=5a53d7fa887419cf motion_mask=100000000000000000000000000000000000000000000000000000000000000000000000000000000000000000000000 mem_order_sha=1c4ecd136e06d2ca motion_cols_sha=34669806f215f6a3 donor=None cover=exact:0,fallback:0,cycle:0,cross_seg:0 gate=none num_steps=10 act_sha=aae3c85aed676bb3 infer_ms=69.8
INFO:mme_vla_suite.serving.websocket_policy_server:TIMING infer_ms=69.8
INFO:mme_vla_suite.serving.websocket_policy_server:TIMING add_buffer_ms=1458.6 frames=16 exec_start_idx=0
MV_INFER cond=normal split=test task=ButtonUnmaskSwap ep=7 ep_seq=8 infer_seq=4 t=48 es=0 k=2 motion_frames=0,16 motion_emb_sha=945db729e6f37901 motion_pos_sha=e97dc0e05f375cbe motion_mask=110000000000000000000000000000000000000000000000000000000000000000000000000000000000000000000000 mem_order_sha=74ca653da96ef384 motion_cols_sha=fba18d536d075a6e donor=None cover=exact:0,fallback:0,cycle:0,cross_seg:0 gate=none num_steps=10 act_sha=230cb98d54ebb8eb infer_ms=69.7
INFO:mme_vla_suite.serving.websocket_policy_server:TIMING infer_ms=69.7
INFO:mme_vla_suite.serving.websocket_policy_server:TIMING add_buffer_ms=1460.4 frames=16 exec_start_idx=0
MV_INFER cond=normal split=test task=ButtonUnmaskSwap ep=7 ep_seq=8 infer_seq=5 t=64 es=0 k=3 motion_frames=0,16,32 motion_emb_sha=f4baaceda06a044f motion_pos_sha=358a8247438e4586 motion_mask=111000000000000000000000000000000000000000000000000000000000000000000000000000000000000000000000 mem_order_sha=4bdcb6154ce3db09 motion_cols_sha=ec75f2710ccf7d3e donor=None cover=exact:0,fallback:0,cycle:0,cross_seg:0 gate=none num_steps=10 act_sha=46dcd0eb22d12120 infer_ms=69.5
INFO:mme_vla_suite.serving.websocket_policy_server:TIMING infer_ms=69.5
INFO:mme_vla_suite.serving.websocket_policy_server:TIMING add_buffer_ms=1462.0 frames=16 exec_start_idx=0
MV_INFER cond=normal split=test task=ButtonUnmaskSwap ep=7 ep_seq=8 infer_seq=6 t=80 es=0 k=4 motion_frames=0,16,32,48 motion_emb_sha=f216ae517d0eb9ba motion_pos_sha=88620c635e0b1611 motion_mask=111100000000000000000000000000000000000000000000000000000000000000000000000000000000000000000000 mem_order_sha=3f30de4433e4d89f motion_cols_sha=d94e9739c8cfc07e donor=None cover=exact:0,fallback:0,cycle:0,cross_seg:0 gate=none num_steps=10 act_sha=6245686ab2481018 infer_ms=69.6
INFO:mme_vla_suite.serving.websocket_policy_server:TIMING infer_ms=69.6
INFO:mme_vla_suite.serving.websocket_policy_server:TIMING add_buffer_ms=1460.1 frames=16 exec_start_idx=0
MV_INFER cond=normal split=test task=ButtonUnmaskSwap ep=7 ep_seq=8 infer_seq=7 t=96 es=0 k=5 motion_frames=0,16,32,48,64 motion_emb_sha=e706735b2b7d4b6a motion_pos_sha=4d979259a4c37547 motion_mask=111110000000000000000000000000000000000000000000000000000000000000000000000000000000000000000000 mem_order_sha=1525b7045b2c259a motion_cols_sha=07c8247e6ab1f89c donor=None cover=exact:0,fallback:0,cycle:0,cross_seg:0 gate=none num_steps=10 act_sha=b48dca4dd7a2d334 infer_ms=69.8
INFO:mme_vla_suite.serving.websocket_policy_server:TIMING infer_ms=69.8
INFO:mme_vla_suite.serving.websocket_policy_server:TIMING add_buffer_ms=1463.0 frames=16 exec_start_idx=0
MV_INFER cond=normal split=test task=ButtonUnmaskSwap ep=7 ep_seq=8 infer_seq=8 t=112 es=0 k=6 motion_frames=0,16,32,48,64,80 motion_emb_sha=aaaf6e7d8fba98e1 motion_pos_sha=9c9d9e6cd7cfd81a motion_mask=111111000000000000000000000000000000000000000000000000000000000000000000000000000000000000000000 mem_order_sha=afd67825f39380f3 motion_cols_sha=5c7781d2e1462709 donor=None cover=exact:0,fallback:0,cycle:0,cross_seg:0 gate=none num_steps=10 act_sha=45a4202b0b9e6198 infer_ms=69.5
INFO:mme_vla_suite.serving.websocket_policy_server:TIMING infer_ms=69.5
INFO:mme_vla_suite.serving.websocket_policy_server:TIMING add_buffer_ms=1466.7 frames=16 exec_start_idx=0
MV_INFER cond=normal split=test task=ButtonUnmaskSwap ep=7 ep_seq=8 infer_seq=9 t=128 es=0 k=7 motion_frames=0,16,32,48,64,80,96 motion_emb_sha=28fc1efd5b4e1635 motion_pos_sha=eaa30818e1807d0a motion_mask=111111100000000000000000000000000000000000000000000000000000000000000000000000000000000000000000 mem_order_sha=53c51af96e80b36b motion_cols_sha=37fb24d50661d1a4 donor=None cover=exact:0,fallback:0,cycle:0,cross_seg:0 gate=none num_steps=10 act_sha=26255fecf27e49b4 infer_ms=69.6
INFO:mme_vla_suite.serving.websocket_policy_server:TIMING infer_ms=69.6
INFO:mme_vla_suite.serving.websocket_policy_server:TIMING add_buffer_ms=1465.8 frames=16 exec_start_idx=0
MV_INFER cond=normal split=test task=ButtonUnmaskSwap ep=7 ep_seq=8 infer_seq=10 t=144 es=0 k=8 motion_frames=0,16,32,48,64,80,96,112 motion_emb_sha=eb3458dd59b6965e motion_pos_sha=19cfd5aa81fbc280 motion_mask=111111110000000000000000000000000000000000000000000000000000000000000000000000000000000000000000 mem_order_sha=8f7b8d26bf2ab128 motion_cols_sha=887c1c00aa54ee17 donor=None cover=exact:0,fallback:0,cycle:0,cross_seg:0 gate=none num_steps=10 act_sha=956a67f1b7d45092 infer_ms=69.6
INFO:mme_vla_suite.serving.websocket_policy_server:TIMING infer_ms=69.6
INFO:mme_vla_suite.serving.websocket_policy_server:TIMING add_buffer_ms=1461.2 frames=16 exec_start_idx=0
MV_INFER cond=normal split=test task=ButtonUnmaskSwap ep=7 ep_seq=8 infer_seq=11 t=160 es=0 k=9 motion_frames=0,16,32,48,64,80,96,112,128 motion_emb_sha=51da82bc4d8a7b56 motion_pos_sha=36755060bcdb5f34 motion_mask=111111111000000000000000000000000000000000000000000000000000000000000000000000000000000000000000 mem_order_sha=b08d4d55ab2fad2d motion_cols_sha=104972a6841c0e38 donor=None cover=exact:0,fallback:0,cycle:0,cross_seg:0 gate=none num_steps=10 act_sha=572f56f0a6eca5e3 infer_ms=69.5
INFO:mme_vla_suite.serving.websocket_policy_server:TIMING infer_ms=69.5
INFO:mme_vla_suite.serving.websocket_policy_server:TIMING add_buffer_ms=1461.3 frames=16 exec_start_idx=0
MV_INFER cond=normal split=test task=ButtonUnmaskSwap ep=7 ep_seq=8 infer_seq=12 t=176 es=0 k=10 motion_frames=0,16,32,48,64,80,96,112,128,144 motion_emb_sha=8362317fbcb5a3ac motion_pos_sha=386aa1c736701f60 motion_mask=111111111100000000000000000000000000000000000000000000000000000000000000000000000000000000000000 mem_order_sha=4ddf162636dd4c53 motion_cols_sha=fe64c98459b2eb86 donor=None cover=exact:0,fallback:0,cycle:0,cross_seg:0 gate=none num_steps=10 act_sha=4bc63106ad579892 infer_ms=69.7
INFO:mme_vla_suite.serving.websocket_policy_server:TIMING infer_ms=69.7
INFO:mme_vla_suite.serving.websocket_policy_server:TIMING add_buffer_ms=1464.2 frames=16 exec_start_idx=0
MV_INFER cond=normal split=test task=ButtonUnmaskSwap ep=7 ep_seq=8 infer_seq=13 t=192 es=0 k=11 motion_frames=0,16,32,48,64,80,96,112,128,144,160 motion_emb_sha=ac6c1fd1fe15f843 motion_pos_sha=097ffa0dc4e98049 motion_mask=111111111110000000000000000000000000000000000000000000000000000000000000000000000000000000000000 mem_order_sha=2fdbc05fbe4c5192 motion_cols_sha=ca0a097bc6347240 donor=None cover=exact:0,fallback:0,cycle:0,cross_seg:0 gate=none num_steps=10 act_sha=7ddbe7a3bb5355eb infer_ms=69.8
INFO:mme_vla_suite.serving.websocket_policy_server:TIMING infer_ms=69.8
INFO:mme_vla_suite.serving.websocket_policy_server:TIMING add_buffer_ms=1468.8 frames=16 exec_start_idx=0
MV_INFER cond=normal split=test task=ButtonUnmaskSwap ep=7 ep_seq=8 infer_seq=14 t=208 es=0 k=12 motion_frames=0,16,32,48,64,80,96,112,128,144,160,176 motion_emb_sha=1bcf1bb87ebf3a99 motion_pos_sha=faf6de0b8c07a1d5 motion_mask=111111111111000000000000000000000000000000000000000000000000000000000000000000000000000000000000 mem_order_sha=e609c91b740de309 motion_cols_sha=08c16a7fb49e3eae donor=None cover=exact:0,fallback:0,cycle:0,cross_seg:0 gate=none num_steps=10 act_sha=1a5021866fbe4f41 infer_ms=69.9
INFO:mme_vla_suite.serving.websocket_policy_server:TIMING infer_ms=69.9
INFO:mme_vla_suite.serving.websocket_policy_server:TIMING add_buffer_ms=1471.8 frames=16 exec_start_idx=0
MV_INFER cond=normal split=test task=ButtonUnmaskSwap ep=7 ep_seq=8 infer_seq=15 t=224 es=0 k=13 motion_frames=0,16,32,48,64,80,96,112,128,144,160,176,192 motion_emb_sha=0581cde286f05504 motion_pos_sha=cf92c2382e433b7f motion_mask=111111111111100000000000000000000000000000000000000000000000000000000000000000000000000000000000 mem_order_sha=e29d70b97917b96b motion_cols_sha=b802255c0a86c139 donor=None cover=exact:0,fallback:0,cycle:0,cross_seg:0 gate=none num_steps=10 act_sha=3c57f111cf79acdb infer_ms=69.6
INFO:mme_vla_suite.serving.websocket_policy_server:TIMING infer_ms=69.6
INFO:mme_vla_suite.serving.websocket_policy_server:TIMING add_buffer_ms=1464.8 frames=16 exec_start_idx=0
MV_INFER cond=normal split=test task=ButtonUnmaskSwap ep=7 ep_seq=8 infer_seq=16 t=240 es=0 k=14 motion_frames=0,16,32,48,64,80,96,112,128,144,160,176,192,208 motion_emb_sha=288b44dc62b0a4b3 motion_pos_sha=d4be4f2b999b323a motion_mask=111111111111110000000000000000000000000000000000000000000000000000000000000000000000000000000000 mem_order_sha=a06ee3a41d7c396e motion_cols_sha=0f0b4abb0ce08604 donor=None cover=exact:0,fallback:0,cycle:0,cross_seg:0 gate=none num_steps=10 act_sha=427321f3fa2322a7 infer_ms=69.6
INFO:mme_vla_suite.serving.websocket_policy_server:TIMING infer_ms=69.6
INFO:mme_vla_suite.serving.websocket_policy_server:TIMING add_buffer_ms=1466.5 frames=16 exec_start_idx=0
MV_INFER cond=normal split=test task=ButtonUnmaskSwap ep=7 ep_seq=8 infer_seq=17 t=256 es=0 k=15 motion_frames=0,16,32,48,64,80,96,112,128,144,160,176,192,208,224 motion_emb_sha=d2669baad87f845c motion_pos_sha=41ec3ade545a49c9 motion_mask=111111111111111000000000000000000000000000000000000000000000000000000000000000000000000000000000 mem_order_sha=d2c65ae0ef95982c motion_cols_sha=b6defef0c13ecc23 donor=None cover=exact:0,fallback:0,cycle:0,cross_seg:0 gate=none num_steps=10 act_sha=f2b89e60140ba03d infer_ms=69.6
INFO:mme_vla_suite.serving.websocket_policy_server:TIMING infer_ms=69.6
INFO:mme_vla_suite.serving.websocket_policy_server:TIMING add_buffer_ms=1459.8 frames=16 exec_start_idx=0
MV_INFER cond=normal split=test task=ButtonUnmaskSwap ep=7 ep_seq=8 infer_seq=18 t=272 es=0 k=16 motion_frames=0,16,32,48,64,80,96,112,128,144,160,176,192,208,224,240 motion_emb_sha=0484ab634423de3b motion_pos_sha=3e49496373152e70 motion_mask=111111111111111100000000000000000000000000000000000000000000000000000000000000000000000000000000 mem_order_sha=3896c62684021e06 motion_cols_sha=61fa1ff66e32da0b donor=None cover=exact:0,fallback:0,cycle:0,cross_seg:0 gate=none num_steps=10 act_sha=4f76905785a3c00c infer_ms=69.6
INFO:mme_vla_suite.serving.websocket_policy_server:TIMING infer_ms=69.6
INFO:mme_vla_suite.serving.websocket_policy_server:TIMING add_buffer_ms=1459.1 frames=16 exec_start_idx=0
MV_INFER cond=normal split=test task=ButtonUnmaskSwap ep=7 ep_seq=8 infer_seq=19 t=288 es=0 k=17 motion_frames=0,16,32,48,64,80,96,112,128,144,160,176,192,208,224,240,256 motion_emb_sha=fbe5b620fb99b7db motion_pos_sha=630eed5d2ad0fee5 motion_mask=111111111111111110000000000000000000000000000000000000000000000000000000000000000000000000000000 mem_order_sha=3fa901451944a6ae motion_cols_sha=11afac2e3a295654 donor=None cover=exact:0,fallback:0,cycle:0,cross_seg:0 gate=none num_steps=10 act_sha=f0795bc01ef0cfeb infer_ms=69.6
INFO:mme_vla_suite.serving.websocket_policy_server:TIMING infer_ms=69.6
INFO:mme_vla_suite.serving.websocket_policy_server:TIMING add_buffer_ms=1460.5 frames=16 exec_start_idx=0
MV_INFER cond=normal split=test task=ButtonUnmaskSwap ep=7 ep_seq=8 infer_seq=20 t=304 es=0 k=18 motion_frames=0,16,32,48,64,80,96,112,128,144,160,176,192,208,224,240,256,272 motion_emb_sha=662ea61ce1f2339e motion_pos_sha=7508bb7966bd8997 motion_mask=111111111111111111000000000000000000000000000000000000000000000000000000000000000000000000000000 mem_order_sha=7ec3836c904d86da motion_cols_sha=00e37dc990bcf6a9 donor=None cover=exact:0,fallback:0,cycle:0,cross_seg:0 gate=none num_steps=10 act_sha=742782b71cfe2786 infer_ms=69.5
INFO:mme_vla_suite.serving.websocket_policy_server:TIMING infer_ms=69.5
INFO:mme_vla_suite.serving.websocket_policy_server:TIMING add_buffer_ms=1467.3 frames=16 exec_start_idx=0
MV_INFER cond=normal split=test task=ButtonUnmaskSwap ep=7 ep_seq=8 infer_seq=21 t=320 es=0 k=19 motion_frames=0,16,32,48,64,80,96,112,128,144,160,176,192,208,224,240,256,272,288 motion_emb_sha=9db166deb1bae162 motion_pos_sha=27604282300f89dd motion_mask=111111111111111111100000000000000000000000000000000000000000000000000000000000000000000000000000 mem_order_sha=1bcee858ac8581ba motion_cols_sha=848fded77b707435 donor=None cover=exact:0,fallback:0,cycle:0,cross_seg:0 gate=none num_steps=10 act_sha=354d164ddb007dae infer_ms=69.6
INFO:mme_vla_suite.serving.websocket_policy_server:TIMING infer_ms=69.6
INFO:mme_vla_suite.serving.websocket_policy_server:TIMING add_buffer_ms=1459.8 frames=16 exec_start_idx=0
MV_INFER cond=normal split=test task=ButtonUnmaskSwap ep=7 ep_seq=8 infer_seq=22 t=336 es=0 k=20 motion_frames=0,16,32,48,64,80,96,112,128,144,160,176,192,208,224,240,256,272,288,304 motion_emb_sha=747b245843f26256 motion_pos_sha=82d754eb6c9c7d28 motion_mask=111111111111111111110000000000000000000000000000000000000000000000000000000000000000000000000000 mem_order_sha=8e4f7352af852292 motion_cols_sha=0957e9030d15feb5 donor=None cover=exact:0,fallback:0,cycle:0,cross_seg:0 gate=none num_steps=10 act_sha=3bf832324d2d577c infer_ms=69.6
INFO:mme_vla_suite.serving.websocket_policy_server:TIMING infer_ms=69.6
INFO:mme_vla_suite.serving.websocket_policy_server:TIMING add_buffer_ms=1465.6 frames=16 exec_start_idx=0
MV_INFER cond=normal split=test task=ButtonUnmaskSwap ep=7 ep_seq=8 infer_seq=23 t=352 es=0 k=21 motion_frames=0,16,32,48,64,80,96,112,128,144,160,176,192,208,224,240,256,272,288,304,320 motion_emb_sha=10e29b9e5178c22d motion_pos_sha=b2ded91f4b1e3497 motion_mask=111111111111111111111000000000000000000000000000000000000000000000000000000000000000000000000000 mem_order_sha=e911ccd99a0e7698 motion_cols_sha=9639f994ec80e283 donor=None cover=exact:0,fallback:0,cycle:0,cross_seg:0 gate=none num_steps=10 act_sha=a2e17e87b49b35d4 infer_ms=69.6
INFO:mme_vla_suite.serving.websocket_policy_server:TIMING infer_ms=69.6
INFO:mme_vla_suite.serving.websocket_policy_server:TIMING add_buffer_ms=1465.2 frames=16 exec_start_idx=0
MV_INFER cond=normal split=test task=ButtonUnmaskSwap ep=7 ep_seq=8 infer_seq=24 t=368 es=0 k=22 motion_frames=0,16,32,48,64,80,96,112,128,144,160,176,192,208,224,240,256,272,288,304,320,336 motion_emb_sha=bfae6ce52657391f motion_pos_sha=02b5313d34dbb54d motion_mask=111111111111111111111100000000000000000000000000000000000000000000000000000000000000000000000000 mem_order_sha=a5e37ce80bde382c motion_cols_sha=4c78bbca76234a73 donor=None cover=exact:0,fallback:0,cycle:0,cross_seg:0 gate=none num_steps=10 act_sha=e310eef40e769581 infer_ms=69.6
INFO:mme_vla_suite.serving.websocket_policy_server:TIMING infer_ms=69.6
INFO:mme_vla_suite.serving.websocket_policy_server:TIMING add_buffer_ms=1463.0 frames=16 exec_start_idx=0
MV_INFER cond=normal split=test task=ButtonUnmaskSwap ep=7 ep_seq=8 infer_seq=25 t=384 es=0 k=23 motion_frames=0,16,32,48,64,80,96,112,128,144,160,176,192,208,224,240,256,272,288,304,320,336,352 motion_emb_sha=a91e4678ac7c365e motion_pos_sha=394430f2fe2a111f motion_mask=111111111111111111111110000000000000000000000000000000000000000000000000000000000000000000000000 mem_order_sha=ef888998c2ee9177 motion_cols_sha=d31a91eabb80a17e donor=None cover=exact:0,fallback:0,cycle:0,cross_seg:0 gate=none num_steps=10 act_sha=0bba41914d42a9ab infer_ms=69.5
INFO:mme_vla_suite.serving.websocket_policy_server:TIMING infer_ms=69.5
INFO:mme_vla_suite.serving.websocket_policy_server:TIMING add_buffer_ms=1465.8 frames=16 exec_start_idx=0
MV_INFER cond=normal split=test task=ButtonUnmaskSwap ep=7 ep_seq=8 infer_seq=26 t=400 es=0 k=24 motion_frames=0,16,32,48,64,80,96,112,128,144,160,176,192,208,224,240,256,272,288,304,320,336,352,368 motion_emb_sha=38ce89c3493e4116 motion_pos_sha=5af02f3dfcb16729 motion_mask=111111111111111111111111000000000000000000000000000000000000000000000000000000000000000000000000 mem_order_sha=a4b34693220533ac motion_cols_sha=470d57efa976fc1f donor=None cover=exact:0,fallback:0,cycle:0,cross_seg:0 gate=none num_steps=10 act_sha=61bc373b982068e5 infer_ms=69.8
INFO:mme_vla_suite.serving.websocket_policy_server:TIMING infer_ms=69.8
INFO:mme_vla_suite.serving.websocket_policy_server:TIMING add_buffer_ms=1461.4 frames=16 exec_start_idx=0
MV_INFER cond=normal split=test task=ButtonUnmaskSwap ep=7 ep_seq=8 infer_seq=27 t=416 es=0 k=25 motion_frames=0,16,32,48,64,80,96,112,128,144,160,176,192,208,224,240,256,272,288,304,320,336,352,368,384 motion_emb_sha=b42f9bc85ebf833a motion_pos_sha=6687fe3ef7ab6c31 motion_mask=111111111111111111111111100000000000000000000000000000000000000000000000000000000000000000000000 mem_order_sha=2e8f0f44cf91994f motion_cols_sha=25511e64898b44f0 donor=None cover=exact:0,fallback:0,cycle:0,cross_seg:0 gate=none num_steps=10 act_sha=65f0ac283c507796 infer_ms=69.6
INFO:mme_vla_suite.serving.websocket_policy_server:TIMING infer_ms=69.6
INFO:mme_vla_suite.serving.websocket_policy_server:TIMING add_buffer_ms=1459.1 frames=16 exec_start_idx=0
MV_INFER cond=normal split=test task=ButtonUnmaskSwap ep=7 ep_seq=8 infer_seq=28 t=432 es=0 k=26 motion_frames=0,16,32,48,64,80,96,112,128,144,160,176,192,208,224,240,256,272,288,304,320,336,352,368,384,400 motion_emb_sha=47f8ca08ea3ef0d1 motion_pos_sha=628a1d586ea0ead0 motion_mask=111111111111111111111111110000000000000000000000000000000000000000000000000000000000000000000000 mem_order_sha=7f421c86fa09d6ff motion_cols_sha=2fc323dd0f89e21e donor=None cover=exact:0,fallback:0,cycle:0,cross_seg:0 gate=none num_steps=10 act_sha=9626c58d20fb8385 infer_ms=69.5
INFO:mme_vla_suite.serving.websocket_policy_server:TIMING infer_ms=69.5
INFO:mme_vla_suite.serving.websocket_policy_server:TIMING add_buffer_ms=1459.6 frames=16 exec_start_idx=0
MV_INFER cond=normal split=test task=ButtonUnmaskSwap ep=7 ep_seq=8 infer_seq=29 t=448 es=0 k=27 motion_frames=0,16,32,48,64,80,96,112,128,144,160,176,192,208,224,240,256,272,288,304,320,336,352,368,384,400,416 motion_emb_sha=e0d9523810ab5d69 motion_pos_sha=374d18e42d46d506 motion_mask=111111111111111111111111111000000000000000000000000000000000000000000000000000000000000000000000 mem_order_sha=a9601380358f26a3 motion_cols_sha=a013e7a2c5f47434 donor=None cover=exact:0,fallback:0,cycle:0,cross_seg:0 gate=none num_steps=10 act_sha=2ab029269aa868cb infer_ms=69.8
INFO:mme_vla_suite.serving.websocket_policy_server:TIMING infer_ms=69.8
INFO:mme_vla_suite.serving.websocket_policy_server:TIMING add_buffer_ms=1468.6 frames=16 exec_start_idx=0
MV_INFER cond=normal split=test task=ButtonUnmaskSwap ep=7 ep_seq=8 infer_seq=30 t=464 es=0 k=28 motion_frames=0,16,32,48,64,80,96,112,128,144,160,176,192,208,224,240,256,272,288,304,320,336,352,368,384,400,416,432 motion_emb_sha=6dbfae81d616f432 motion_pos_sha=c6f42c99e8bb04fc motion_mask=111111111111111111111111111100000000000000000000000000000000000000000000000000000000000000000000 mem_order_sha=597e8d7ec05b4d7c motion_cols_sha=454ac679a2eee33a donor=None cover=exact:0,fallback:0,cycle:0,cross_seg:0 gate=none num_steps=10 act_sha=5683be7a061d6c45 infer_ms=69.5
INFO:mme_vla_suite.serving.websocket_policy_server:TIMING infer_ms=69.5
INFO:mme_vla_suite.serving.websocket_policy_server:TIMING add_buffer_ms=1461.6 frames=16 exec_start_idx=0
MV_INFER cond=normal split=test task=ButtonUnmaskSwap ep=7 ep_seq=8 infer_seq=31 t=480 es=0 k=29 motion_frames=0,16,32,48,64,80,96,112,128,144,160,176,192,208,224,240,256,272,288,304,320,336,352,368,384,400,416,432,448 motion_emb_sha=0b3a16bd74c34608 motion_pos_sha=5bec62c7b2782ab5 motion_mask=111111111111111111111111111110000000000000000000000000000000000000000000000000000000000000000000 mem_order_sha=969b025395b2669f motion_cols_sha=fa13d9c231b687f7 donor=None cover=exact:0,fallback:0,cycle:0,cross_seg:0 gate=none num_steps=10 act_sha=ae6d13a7a641360b infer_ms=69.6
INFO:mme_vla_suite.serving.websocket_policy_server:TIMING infer_ms=69.6
INFO:mme_vla_suite.serving.websocket_policy_server:TIMING add_buffer_ms=1472.3 frames=16 exec_start_idx=0
MV_INFER cond=normal split=test task=ButtonUnmaskSwap ep=7 ep_seq=8 infer_seq=32 t=496 es=0 k=30 motion_frames=0,16,32,48,64,80,96,112,128,144,160,176,192,208,224,240,256,272,288,304,320,336,352,368,384,400,416,432,448,464 motion_emb_sha=153e8dccee5cdf1c motion_pos_sha=77bb4a49f5f204a6 motion_mask=111111111111111111111111111111000000000000000000000000000000000000000000000000000000000000000000 mem_order_sha=8b9c911903d52ada motion_cols_sha=cf531ae59de60a74 donor=None cover=exact:0,fallback:0,cycle:0,cross_seg:0 gate=none num_steps=10 act_sha=23d27826952d46b8 infer_ms=69.7
INFO:mme_vla_suite.serving.websocket_policy_server:TIMING infer_ms=69.7
INFO:mme_vla_suite.serving.websocket_policy_server:TIMING add_buffer_ms=1462.5 frames=16 exec_start_idx=0
MV_INFER cond=normal split=test task=ButtonUnmaskSwap ep=7 ep_seq=8 infer_seq=33 t=512 es=0 k=31 motion_frames=0,16,32,48,64,80,96,112,128,144,160,176,192,208,224,240,256,272,288,304,320,336,352,368,384,400,416,432,448,464,480 motion_emb_sha=c7ac1a0336ff2c89 motion_pos_sha=b5a830a451ce756a motion_mask=111111111111111111111111111111100000000000000000000000000000000000000000000000000000000000000000 mem_order_sha=3b34058d7f65364b motion_cols_sha=b3a6df354ab4d8c7 donor=None cover=exact:0,fallback:0,cycle:0,cross_seg:0 gate=none num_steps=10 act_sha=c876b16fb7b88a70 infer_ms=69.8
INFO:mme_vla_suite.serving.websocket_policy_server:TIMING infer_ms=69.8
[sidecar pid=833148] 窗 #601 起点 496 耗时 1417 ms（累计 1139s）
INFO:mme_vla_suite.serving.websocket_policy_server:TIMING add_buffer_ms=1460.8 frames=16 exec_start_idx=0
MV_INFER cond=normal split=test task=ButtonUnmaskSwap ep=7 ep_seq=8 infer_seq=34 t=528 es=0 k=32 motion_frames=0,16,32,48,64,80,96,112,128,144,160,176,192,208,224,240,256,272,288,304,320,336,352,368,384,400,416,432,448,464,480,496 motion_emb_sha=baa8d99028c0ac40 motion_pos_sha=a31e40266e8ce975 motion_mask=111111111111111111111111111111110000000000000000000000000000000000000000000000000000000000000000 mem_order_sha=8810917fd8440e8c motion_cols_sha=1c1e3532088a7dfd donor=None cover=exact:0,fallback:0,cycle:0,cross_seg:0 gate=none num_steps=10 act_sha=30a4181da8761028 infer_ms=69.6
INFO:mme_vla_suite.serving.websocket_policy_server:TIMING infer_ms=69.6
INFO:mme_vla_suite.serving.websocket_policy_server:TIMING add_buffer_ms=1461.8 frames=16 exec_start_idx=0
MV_INFER cond=normal split=test task=ButtonUnmaskSwap ep=7 ep_seq=8 infer_seq=35 t=544 es=0 k=33 motion_frames=0,16,32,48,64,80,96,112,128,144,160,176,192,208,224,240,256,272,288,304,320,336,352,368,384,400,416,432,448,464,480,496,512 motion_emb_sha=65f929ddcbb8d81f motion_pos_sha=eab0166000e0ada9 motion_mask=111111111111111111111111111111111000000000000000000000000000000000000000000000000000000000000000 mem_order_sha=84d9776f0a6388a9 motion_cols_sha=8e3bc15ec06039d9 donor=None cover=exact:0,fallback:0,cycle:0,cross_seg:0 gate=none num_steps=10 act_sha=a77a9d7496407e72 infer_ms=69.8
INFO:mme_vla_suite.serving.websocket_policy_server:TIMING infer_ms=69.8
INFO:mme_vla_suite.serving.websocket_policy_server:TIMING add_buffer_ms=1461.3 frames=16 exec_start_idx=0
MV_INFER cond=normal split=test task=ButtonUnmaskSwap ep=7 ep_seq=8 infer_seq=36 t=560 es=0 k=34 motion_frames=0,16,32,48,64,80,96,112,128,144,160,176,192,208,224,240,256,272,288,304,320,336,352,368,384,400,416,432,448,464,480,496,512,528 motion_emb_sha=c1f0440c20dc35e5 motion_pos_sha=d43d8a704008daf6 motion_mask=111111111111111111111111111111111100000000000000000000000000000000000000000000000000000000000000 mem_order_sha=6eb9b3f8edf499e7 motion_cols_sha=ad5d71aad766a582 donor=None cover=exact:0,fallback:0,cycle:0,cross_seg:0 gate=none num_steps=10 act_sha=dbd7e3eb3d2f4620 infer_ms=69.7
INFO:mme_vla_suite.serving.websocket_policy_server:TIMING infer_ms=69.7
INFO:mme_vla_suite.serving.websocket_policy_server:TIMING add_buffer_ms=1460.9 frames=16 exec_start_idx=0
MV_INFER cond=normal split=test task=ButtonUnmaskSwap ep=7 ep_seq=8 infer_seq=37 t=576 es=0 k=35 motion_frames=0,16,32,48,64,80,96,112,128,144,160,176,192,208,224,240,256,272,288,304,320,336,352,368,384,400,416,432,448,464,480,496,512,528,544 motion_emb_sha=472a54b006516017 motion_pos_sha=de94b3ba18baa253 motion_mask=111111111111111111111111111111111110000000000000000000000000000000000000000000000000000000000000 mem_order_sha=c7e0193d5f8c94eb motion_cols_sha=3b7f200dcc4a154e donor=None cover=exact:0,fallback:0,cycle:0,cross_seg:0 gate=none num_steps=10 act_sha=edce32ce4e7262a0 infer_ms=69.8
INFO:mme_vla_suite.serving.websocket_policy_server:TIMING infer_ms=69.8
INFO:mme_vla_suite.serving.websocket_policy_server:TIMING add_buffer_ms=1464.2 frames=16 exec_start_idx=0
MV_INFER cond=normal split=test task=ButtonUnmaskSwap ep=7 ep_seq=8 infer_seq=38 t=592 es=0 k=36 motion_frames=0,16,32,48,64,80,96,112,128,144,160,176,192,208,224,240,256,272,288,304,320,336,352,368,384,400,416,432,448,464,480,496,512,528,544,560 motion_emb_sha=d9a0bff4e121824d motion_pos_sha=79d7ee4d77e92fb5 motion_mask=111111111111111111111111111111111111000000000000000000000000000000000000000000000000000000000000 mem_order_sha=d14c08e62b4e5277 motion_cols_sha=93f686b824d1c37a donor=None cover=exact:0,fallback:0,cycle:0,cross_seg:0 gate=none num_steps=10 act_sha=e5561bd18c06ad5b infer_ms=69.5
INFO:mme_vla_suite.serving.websocket_policy_server:TIMING infer_ms=69.5
INFO:mme_vla_suite.serving.websocket_policy_server:TIMING add_buffer_ms=1465.7 frames=16 exec_start_idx=0
MV_INFER cond=normal split=test task=ButtonUnmaskSwap ep=7 ep_seq=8 infer_seq=39 t=608 es=0 k=37 motion_frames=0,16,32,48,64,80,96,112,128,144,160,176,192,208,224,240,256,272,288,304,320,336,352,368,384,400,416,432,448,464,480,496,512,528,544,560,576 motion_emb_sha=944f6c92966e6a8c motion_pos_sha=ed409a2810446f17 motion_mask=111111111111111111111111111111111111100000000000000000000000000000000000000000000000000000000000 mem_order_sha=90d4662a192ae249 motion_cols_sha=3eadc43c4d943830 donor=None cover=exact:0,fallback:0,cycle:0,cross_seg:0 gate=none num_steps=10 act_sha=0311d88d8a160f67 infer_ms=70.3
INFO:mme_vla_suite.serving.websocket_policy_server:TIMING infer_ms=70.3
INFO:mme_vla_suite.serving.websocket_policy_server:TIMING add_buffer_ms=1468.0 frames=16 exec_start_idx=0
MV_INFER cond=normal split=test task=ButtonUnmaskSwap ep=7 ep_seq=8 infer_seq=40 t=624 es=0 k=38 motion_frames=0,16,32,48,64,80,96,112,128,144,160,176,192,208,224,240,256,272,288,304,320,336,352,368,384,400,416,432,448,464,480,496,512,528,544,560,576,592 motion_emb_sha=61ba5abc08150c95 motion_pos_sha=f11838ac6f537185 motion_mask=111111111111111111111111111111111111110000000000000000000000000000000000000000000000000000000000 mem_order_sha=0161c9793244f505 motion_cols_sha=6171a29cf75a582d donor=None cover=exact:0,fallback:0,cycle:0,cross_seg:0 gate=none num_steps=10 act_sha=c640417dae9b82cd infer_ms=69.7
INFO:mme_vla_suite.serving.websocket_policy_server:TIMING infer_ms=69.7
INFO:mme_vla_suite.serving.websocket_policy_server:TIMING add_buffer_ms=1460.3 frames=16 exec_start_idx=0
MV_INFER cond=normal split=test task=ButtonUnmaskSwap ep=7 ep_seq=8 infer_seq=41 t=640 es=0 k=39 motion_frames=0,16,32,48,64,80,96,112,128,144,160,176,192,208,224,240,256,272,288,304,320,336,352,368,384,400,416,432,448,464,480,496,512,528,544,560,576,592,608 motion_emb_sha=b905b41bf4eb43e4 motion_pos_sha=bbe054d478576248 motion_mask=111111111111111111111111111111111111111000000000000000000000000000000000000000000000000000000000 mem_order_sha=3e28a574a561f529 motion_cols_sha=75706cddfb5a49b1 donor=None cover=exact:0,fallback:0,cycle:0,cross_seg:0 gate=none num_steps=10 act_sha=70595ef7a1ef93a1 infer_ms=70.0
INFO:mme_vla_suite.serving.websocket_policy_server:TIMING infer_ms=70.0
INFO:mme_vla_suite.serving.websocket_policy_server:TIMING add_buffer_ms=1462.1 frames=16 exec_start_idx=0
MV_INFER cond=normal split=test task=ButtonUnmaskSwap ep=7 ep_seq=8 infer_seq=42 t=656 es=0 k=40 motion_frames=0,16,32,48,64,80,96,112,128,144,160,176,192,208,224,240,256,272,288,304,320,336,352,368,384,400,416,432,448,464,480,496,512,528,544,560,576,592,608,624 motion_emb_sha=5f055a6b7d833b89 motion_pos_sha=d87c3d15d15b51b8 motion_mask=111111111111111111111111111111111111111100000000000000000000000000000000000000000000000000000000 mem_order_sha=9a1d09ac748abb28 motion_cols_sha=fc48261a83a83b97 donor=None cover=exact:0,fallback:0,cycle:0,cross_seg:0 gate=none num_steps=10 act_sha=22b15fd30d28a8f4 infer_ms=69.6
INFO:mme_vla_suite.serving.websocket_policy_server:TIMING infer_ms=69.6
INFO:mme_vla_suite.serving.websocket_policy_server:TIMING add_buffer_ms=1459.2 frames=16 exec_start_idx=0
MV_INFER cond=normal split=test task=ButtonUnmaskSwap ep=7 ep_seq=8 infer_seq=43 t=672 es=0 k=41 motion_frames=0,16,32,48,64,80,96,112,128,144,160,176,192,208,224,240,256,272,288,304,320,336,352,368,384,400,416,432,448,464,480,496,512,528,544,560,576,592,608,624,640 motion_emb_sha=0fdf0770eec60c22 motion_pos_sha=305e09917e6fd5ac motion_mask=111111111111111111111111111111111111111110000000000000000000000000000000000000000000000000000000 mem_order_sha=1f18d2a138bd0bf9 motion_cols_sha=b7950317891542b4 donor=None cover=exact:0,fallback:0,cycle:0,cross_seg:0 gate=none num_steps=10 act_sha=8b5d4024277c753e infer_ms=69.8
INFO:mme_vla_suite.serving.websocket_policy_server:TIMING infer_ms=69.8
INFO:mme_vla_suite.serving.websocket_policy_server:TIMING add_buffer_ms=1465.7 frames=16 exec_start_idx=0
MV_INFER cond=normal split=test task=ButtonUnmaskSwap ep=7 ep_seq=8 infer_seq=44 t=688 es=0 k=42 motion_frames=0,16,32,48,64,80,96,112,128,144,160,176,192,208,224,240,256,272,288,304,320,336,352,368,384,400,416,432,448,464,480,496,512,528,544,560,576,592,608,624,640,656 motion_emb_sha=a60686af12034133 motion_pos_sha=d928bf4021ac4a4b motion_mask=111111111111111111111111111111111111111111000000000000000000000000000000000000000000000000000000 mem_order_sha=0e966687b726d076 motion_cols_sha=2ed9f2bde5da4470 donor=None cover=exact:0,fallback:0,cycle:0,cross_seg:0 gate=none num_steps=10 act_sha=8825d163109e4173 infer_ms=70.0
INFO:mme_vla_suite.serving.websocket_policy_server:TIMING infer_ms=70.0
INFO:mme_vla_suite.serving.websocket_policy_server:TIMING add_buffer_ms=1460.0 frames=16 exec_start_idx=0
MV_INFER cond=normal split=test task=ButtonUnmaskSwap ep=7 ep_seq=8 infer_seq=45 t=704 es=0 k=43 motion_frames=0,16,32,48,64,80,96,112,128,144,160,176,192,208,224,240,256,272,288,304,320,336,352,368,384,400,416,432,448,464,480,496,512,528,544,560,576,592,608,624,640,656,672 motion_emb_sha=fb9f65c58e373d56 motion_pos_sha=df28f649d327f743 motion_mask=111111111111111111111111111111111111111111100000000000000000000000000000000000000000000000000000 mem_order_sha=64f5fc8956546c66 motion_cols_sha=9ac0355ab034292e donor=None cover=exact:0,fallback:0,cycle:0,cross_seg:0 gate=none num_steps=10 act_sha=386f686db886b17a infer_ms=70.3
INFO:mme_vla_suite.serving.websocket_policy_server:TIMING infer_ms=70.3
INFO:mme_vla_suite.serving.websocket_policy_server:TIMING add_buffer_ms=1459.6 frames=16 exec_start_idx=0
MV_INFER cond=normal split=test task=ButtonUnmaskSwap ep=7 ep_seq=8 infer_seq=46 t=720 es=0 k=44 motion_frames=0,16,32,48,64,80,96,112,128,144,160,176,192,208,224,240,256,272,288,304,320,336,352,368,384,400,416,432,448,464,480,496,512,528,544,560,576,592,608,624,640,656,672,688 motion_emb_sha=55340fe0a97312e3 motion_pos_sha=16c7916c2054109b motion_mask=111111111111111111111111111111111111111111110000000000000000000000000000000000000000000000000000 mem_order_sha=108683ecd06aac22 motion_cols_sha=5d9657c560621273 donor=None cover=exact:0,fallback:0,cycle:0,cross_seg:0 gate=none num_steps=10 act_sha=b1abea4761fb15de infer_ms=69.8
INFO:mme_vla_suite.serving.websocket_policy_server:TIMING infer_ms=69.8
INFO:mme_vla_suite.serving.websocket_policy_server:TIMING add_buffer_ms=1461.6 frames=16 exec_start_idx=0
MV_INFER cond=normal split=test task=ButtonUnmaskSwap ep=7 ep_seq=8 infer_seq=47 t=736 es=0 k=45 motion_frames=0,16,32,48,64,80,96,112,128,144,160,176,192,208,224,240,256,272,288,304,320,336,352,368,384,400,416,432,448,464,480,496,512,528,544,560,576,592,608,624,640,656,672,688,704 motion_emb_sha=222c763bc777c484 motion_pos_sha=1a7312af6542d8c4 motion_mask=111111111111111111111111111111111111111111111000000000000000000000000000000000000000000000000000 mem_order_sha=334900ce00d4edee motion_cols_sha=6aa877e8836977cf donor=None cover=exact:0,fallback:0,cycle:0,cross_seg:0 gate=none num_steps=10 act_sha=94bd5b37b354b2be infer_ms=70.2
INFO:mme_vla_suite.serving.websocket_policy_server:TIMING infer_ms=70.2
INFO:mme_vla_suite.serving.websocket_policy_server:TIMING add_buffer_ms=1460.4 frames=16 exec_start_idx=0
MV_INFER cond=normal split=test task=ButtonUnmaskSwap ep=7 ep_seq=8 infer_seq=48 t=752 es=0 k=46 motion_frames=0,16,32,48,64,80,96,112,128,144,160,176,192,208,224,240,256,272,288,304,320,336,352,368,384,400,416,432,448,464,480,496,512,528,544,560,576,592,608,624,640,656,672,688,704,720 motion_emb_sha=f1206a1700c13968 motion_pos_sha=03f34ee9bd05979f motion_mask=111111111111111111111111111111111111111111111100000000000000000000000000000000000000000000000000 mem_order_sha=eb2eb2afcfeb1ad9 motion_cols_sha=5e7820a41ef36daa donor=None cover=exact:0,fallback:0,cycle:0,cross_seg:0 gate=none num_steps=10 act_sha=f8f0818cdd632790 infer_ms=69.6
INFO:mme_vla_suite.serving.websocket_policy_server:TIMING infer_ms=69.6
INFO:mme_vla_suite.serving.websocket_policy_server:TIMING add_buffer_ms=1467.6 frames=16 exec_start_idx=0
MV_INFER cond=normal split=test task=ButtonUnmaskSwap ep=7 ep_seq=8 infer_seq=49 t=768 es=0 k=47 motion_frames=0,16,32,48,64,80,96,112,128,144,160,176,192,208,224,240,256,272,288,304,320,336,352,368,384,400,416,432,448,464,480,496,512,528,544,560,576,592,608,624,640,656,672,688,704,720,736 motion_emb_sha=1992ae26026bdad0 motion_pos_sha=692cb599ce1428a7 motion_mask=111111111111111111111111111111111111111111111110000000000000000000000000000000000000000000000000 mem_order_sha=6562fcffed534ed6 motion_cols_sha=1759c66f866642dc donor=None cover=exact:0,fallback:0,cycle:0,cross_seg:0 gate=none num_steps=10 act_sha=369f14c02aff9b77 infer_ms=70.3
INFO:mme_vla_suite.serving.websocket_policy_server:TIMING infer_ms=70.3
INFO:mme_vla_suite.serving.websocket_policy_server:TIMING add_buffer_ms=1460.4 frames=16 exec_start_idx=0
MV_INFER cond=normal split=test task=ButtonUnmaskSwap ep=7 ep_seq=8 infer_seq=50 t=784 es=0 k=48 motion_frames=0,16,32,48,64,80,96,112,128,144,160,176,192,208,224,240,256,272,288,304,320,336,352,368,384,400,416,432,448,464,480,496,512,528,544,560,576,592,608,624,640,656,672,688,704,720,736,752 motion_emb_sha=6c19835d245312a7 motion_pos_sha=c3fe5e84b569016a motion_mask=111111111111111111111111111111111111111111111111000000000000000000000000000000000000000000000000 mem_order_sha=f1a8700e58c41cae motion_cols_sha=99e1f6e9f6bb9c4d donor=None cover=exact:0,fallback:0,cycle:0,cross_seg:0 gate=none num_steps=10 act_sha=c357f31598daddae infer_ms=69.6
INFO:mme_vla_suite.serving.websocket_policy_server:TIMING infer_ms=69.6
INFO:mme_vla_suite.serving.websocket_policy_server:TIMING add_buffer_ms=1459.4 frames=16 exec_start_idx=0
MV_INFER cond=normal split=test task=ButtonUnmaskSwap ep=7 ep_seq=8 infer_seq=51 t=800 es=0 k=49 motion_frames=0,16,32,48,64,80,96,112,128,144,160,176,192,208,224,240,256,272,288,304,320,336,352,368,384,400,416,432,448,464,480,496,512,528,544,560,576,592,608,624,640,656,672,688,704,720,736,752,768 motion_emb_sha=26261cd03633f75a motion_pos_sha=680f129246f7b6f4 motion_mask=111111111111111111111111111111111111111111111111100000000000000000000000000000000000000000000000 mem_order_sha=2b5cfd5fc3095878 motion_cols_sha=0fbe01f7b49896a1 donor=None cover=exact:0,fallback:0,cycle:0,cross_seg:0 gate=none num_steps=10 act_sha=8023af6c3e065b9d infer_ms=70.1
INFO:mme_vla_suite.serving.websocket_policy_server:TIMING infer_ms=70.1
INFO:mme_vla_suite.serving.websocket_policy_server:TIMING add_buffer_ms=1461.5 frames=16 exec_start_idx=0
MV_INFER cond=normal split=test task=ButtonUnmaskSwap ep=7 ep_seq=8 infer_seq=52 t=816 es=0 k=50 motion_frames=0,16,32,48,64,80,96,112,128,144,160,176,192,208,224,240,256,272,288,304,320,336,352,368,384,400,416,432,448,464,480,496,512,528,544,560,576,592,608,624,640,656,672,688,704,720,736,752,768,784 motion_emb_sha=aaaafd86d382163d motion_pos_sha=2310564d1b9957fd motion_mask=111111111111111111111111111111111111111111111111110000000000000000000000000000000000000000000000 mem_order_sha=0121728e581ca339 motion_cols_sha=3146bf3efe6b3a23 donor=None cover=exact:0,fallback:0,cycle:0,cross_seg:0 gate=none num_steps=10 act_sha=92d45bb58afe3f56 infer_ms=69.9
INFO:mme_vla_suite.serving.websocket_policy_server:TIMING infer_ms=69.9
INFO:mme_vla_suite.serving.websocket_policy_server:TIMING add_buffer_ms=1461.4 frames=16 exec_start_idx=0
MV_INFER cond=normal split=test task=ButtonUnmaskSwap ep=7 ep_seq=8 infer_seq=53 t=832 es=0 k=51 motion_frames=0,16,32,48,64,80,96,112,128,144,160,176,192,208,224,240,256,272,288,304,320,336,352,368,384,400,416,432,448,464,480,496,512,528,544,560,576,592,608,624,640,656,672,688,704,720,736,752,768,784,800 motion_emb_sha=f5c23e18a42c2b66 motion_pos_sha=600430e170ebc9a0 motion_mask=111111111111111111111111111111111111111111111111111000000000000000000000000000000000000000000000 mem_order_sha=875f38b8693b6012 motion_cols_sha=d23bb84a612c3654 donor=None cover=exact:0,fallback:0,cycle:0,cross_seg:0 gate=none num_steps=10 act_sha=b53671ec5b186ff7 infer_ms=70.7
INFO:mme_vla_suite.serving.websocket_policy_server:TIMING infer_ms=70.7
INFO:mme_vla_suite.serving.websocket_policy_server:TIMING add_buffer_ms=1465.1 frames=16 exec_start_idx=0
MV_INFER cond=normal split=test task=ButtonUnmaskSwap ep=7 ep_seq=8 infer_seq=54 t=848 es=0 k=52 motion_frames=0,16,32,48,64,80,96,112,128,144,160,176,192,208,224,240,256,272,288,304,320,336,352,368,384,400,416,432,448,464,480,496,512,528,544,560,576,592,608,624,640,656,672,688,704,720,736,752,768,784,800,816 motion_emb_sha=3971061356ee3101 motion_pos_sha=2d007f1393a57404 motion_mask=111111111111111111111111111111111111111111111111111100000000000000000000000000000000000000000000 mem_order_sha=8cda0cc9e165fc7b motion_cols_sha=6ea7276cd41fa784 donor=None cover=exact:0,fallback:0,cycle:0,cross_seg:0 gate=none num_steps=10 act_sha=333203c5295c7ee0 infer_ms=69.8
INFO:mme_vla_suite.serving.websocket_policy_server:TIMING infer_ms=69.8
INFO:mme_vla_suite.serving.websocket_policy_server:TIMING add_buffer_ms=1462.6 frames=16 exec_start_idx=0
MV_INFER cond=normal split=test task=ButtonUnmaskSwap ep=7 ep_seq=8 infer_seq=55 t=864 es=0 k=53 motion_frames=0,16,32,48,64,80,96,112,128,144,160,176,192,208,224,240,256,272,288,304,320,336,352,368,384,400,416,432,448,464,480,496,512,528,544,560,576,592,608,624,640,656,672,688,704,720,736,752,768,784,800,816,832 motion_emb_sha=b2f52fce8d4cd068 motion_pos_sha=f42da141b1d4c82c motion_mask=111111111111111111111111111111111111111111111111111110000000000000000000000000000000000000000000 mem_order_sha=0dabd1444bc80074 motion_cols_sha=89f30c99564ea731 donor=None cover=exact:0,fallback:0,cycle:0,cross_seg:0 gate=none num_steps=10 act_sha=c2f3ee4e5a7bb520 infer_ms=69.7
INFO:mme_vla_suite.serving.websocket_policy_server:TIMING infer_ms=69.7
INFO:mme_vla_suite.serving.websocket_policy_server:TIMING add_buffer_ms=1462.3 frames=16 exec_start_idx=0
MV_INFER cond=normal split=test task=ButtonUnmaskSwap ep=7 ep_seq=8 infer_seq=56 t=880 es=0 k=54 motion_frames=0,16,32,48,64,80,96,112,128,144,160,176,192,208,224,240,256,272,288,304,320,336,352,368,384,400,416,432,448,464,480,496,512,528,544,560,576,592,608,624,640,656,672,688,704,720,736,752,768,784,800,816,832,848 motion_emb_sha=1dee2646636fe6a0 motion_pos_sha=01060eddb55ef662 motion_mask=111111111111111111111111111111111111111111111111111111000000000000000000000000000000000000000000 mem_order_sha=a4e3eafb5ffafe0b motion_cols_sha=e349514dca693b7f donor=None cover=exact:0,fallback:0,cycle:0,cross_seg:0 gate=none num_steps=10 act_sha=1466469b2718d9cf infer_ms=69.6
INFO:mme_vla_suite.serving.websocket_policy_server:TIMING infer_ms=69.6
INFO:mme_vla_suite.serving.websocket_policy_server:TIMING add_buffer_ms=1465.0 frames=16 exec_start_idx=0
MV_INFER cond=normal split=test task=ButtonUnmaskSwap ep=7 ep_seq=8 infer_seq=57 t=896 es=0 k=55 motion_frames=0,16,32,48,64,80,96,112,128,144,160,176,192,208,224,240,256,272,288,304,320,336,352,368,384,400,416,432,448,464,480,496,512,528,544,560,576,592,608,624,640,656,672,688,704,720,736,752,768,784,800,816,832,848,864 motion_emb_sha=69b3f9397f3ed9f1 motion_pos_sha=73234d7bb22f2334 motion_mask=111111111111111111111111111111111111111111111111111111100000000000000000000000000000000000000000 mem_order_sha=395346a4f540e9de motion_cols_sha=078b54ea6363443a donor=None cover=exact:0,fallback:0,cycle:0,cross_seg:0 gate=none num_steps=10 act_sha=0f755e06b9b94223 infer_ms=69.7
INFO:mme_vla_suite.serving.websocket_policy_server:TIMING infer_ms=69.7
INFO:mme_vla_suite.serving.websocket_policy_server:TIMING add_buffer_ms=1462.9 frames=16 exec_start_idx=0
MV_INFER cond=normal split=test task=ButtonUnmaskSwap ep=7 ep_seq=8 infer_seq=58 t=912 es=0 k=56 motion_frames=0,16,32,48,64,80,96,112,128,144,160,176,192,208,224,240,256,272,288,304,320,336,352,368,384,400,416,432,448,464,480,496,512,528,544,560,576,592,608,624,640,656,672,688,704,720,736,752,768,784,800,816,832,848,864,880 motion_emb_sha=902ffbedf2ec472a motion_pos_sha=e1476f70fa43befe motion_mask=111111111111111111111111111111111111111111111111111111110000000000000000000000000000000000000000 mem_order_sha=3476e1e03f0ca6e3 motion_cols_sha=a5aa69c91f1f7b29 donor=None cover=exact:0,fallback:0,cycle:0,cross_seg:0 gate=none num_steps=10 act_sha=4e255454210398e9 infer_ms=69.7
INFO:mme_vla_suite.serving.websocket_policy_server:TIMING infer_ms=69.7
INFO:mme_vla_suite.serving.websocket_policy_server:TIMING add_buffer_ms=1460.6 frames=16 exec_start_idx=0
MV_INFER cond=normal split=test task=ButtonUnmaskSwap ep=7 ep_seq=8 infer_seq=59 t=928 es=0 k=57 motion_frames=0,16,32,48,64,80,96,112,128,144,160,176,192,208,224,240,256,272,288,304,320,336,352,368,384,400,416,432,448,464,480,496,512,528,544,560,576,592,608,624,640,656,672,688,704,720,736,752,768,784,800,816,832,848,864,880,896 motion_emb_sha=ce4bccdd6321fd12 motion_pos_sha=bca8ade9114e0e68 motion_mask=111111111111111111111111111111111111111111111111111111111000000000000000000000000000000000000000 mem_order_sha=a777cdac8f3e3557 motion_cols_sha=2da46f232ede0f69 donor=None cover=exact:0,fallback:0,cycle:0,cross_seg:0 gate=none num_steps=10 act_sha=c91b422db34c4276 infer_ms=69.9
INFO:mme_vla_suite.serving.websocket_policy_server:TIMING infer_ms=69.9
INFO:mme_vla_suite.serving.websocket_policy_server:TIMING add_buffer_ms=1462.0 frames=16 exec_start_idx=0
MV_INFER cond=normal split=test task=ButtonUnmaskSwap ep=7 ep_seq=8 infer_seq=60 t=944 es=0 k=58 motion_frames=0,16,32,48,64,80,96,112,128,144,160,176,192,208,224,240,256,272,288,304,320,336,352,368,384,400,416,432,448,464,480,496,512,528,544,560,576,592,608,624,640,656,672,688,704,720,736,752,768,784,800,816,832,848,864,880,896,912 motion_emb_sha=83cd82efdf9a62d9 motion_pos_sha=34b7233dd99a2db0 motion_mask=111111111111111111111111111111111111111111111111111111111100000000000000000000000000000000000000 mem_order_sha=6320e4ba2d244586 motion_cols_sha=3b208a16db9ab136 donor=None cover=exact:0,fallback:0,cycle:0,cross_seg:0 gate=none num_steps=10 act_sha=235b26f77fcbe95b infer_ms=69.6
INFO:mme_vla_suite.serving.websocket_policy_server:TIMING infer_ms=69.6
INFO:mme_vla_suite.serving.websocket_policy_server:TIMING add_buffer_ms=1463.1 frames=16 exec_start_idx=0
MV_INFER cond=normal split=test task=ButtonUnmaskSwap ep=7 ep_seq=8 infer_seq=61 t=960 es=0 k=59 motion_frames=0,16,32,48,64,80,96,112,128,144,160,176,192,208,224,240,256,272,288,304,320,336,352,368,384,400,416,432,448,464,480,496,512,528,544,560,576,592,608,624,640,656,672,688,704,720,736,752,768,784,800,816,832,848,864,880,896,912,928 motion_emb_sha=c194378f7d292c08 motion_pos_sha=cb7f48c244f6b94b motion_mask=111111111111111111111111111111111111111111111111111111111110000000000000000000000000000000000000 mem_order_sha=39c29249fe13bc2b motion_cols_sha=3e0e13de4529aac8 donor=None cover=exact:0,fallback:0,cycle:0,cross_seg:0 gate=none num_steps=10 act_sha=60452c793129ceb6 infer_ms=69.9
INFO:mme_vla_suite.serving.websocket_policy_server:TIMING infer_ms=69.9
INFO:mme_vla_suite.serving.websocket_policy_server:TIMING add_buffer_ms=1461.5 frames=16 exec_start_idx=0
MV_INFER cond=normal split=test task=ButtonUnmaskSwap ep=7 ep_seq=8 infer_seq=62 t=976 es=0 k=60 motion_frames=0,16,32,48,64,80,96,112,128,144,160,176,192,208,224,240,256,272,288,304,320,336,352,368,384,400,416,432,448,464,480,496,512,528,544,560,576,592,608,624,640,656,672,688,704,720,736,752,768,784,800,816,832,848,864,880,896,912,928,944 motion_emb_sha=8c42b3d4cbbf2fee motion_pos_sha=0c8df1a6e41b5e23 motion_mask=111111111111111111111111111111111111111111111111111111111111000000000000000000000000000000000000 mem_order_sha=20d30cf76b3da92d motion_cols_sha=d14deafb868159f6 donor=None cover=exact:0,fallback:0,cycle:0,cross_seg:0 gate=none num_steps=10 act_sha=089d3b933fa0d038 infer_ms=69.7
INFO:mme_vla_suite.serving.websocket_policy_server:TIMING infer_ms=69.7
INFO:mme_vla_suite.serving.websocket_policy_server:TIMING add_buffer_ms=1462.2 frames=16 exec_start_idx=0
MV_INFER cond=normal split=test task=ButtonUnmaskSwap ep=7 ep_seq=8 infer_seq=63 t=992 es=0 k=61 motion_frames=0,16,32,48,64,80,96,112,128,144,160,176,192,208,224,240,256,272,288,304,320,336,352,368,384,400,416,432,448,464,480,496,512,528,544,560,576,592,608,624,640,656,672,688,704,720,736,752,768,784,800,816,832,848,864,880,896,912,928,944,960 motion_emb_sha=bb1d213a4caf000e motion_pos_sha=6969e5ef8a2647ad motion_mask=111111111111111111111111111111111111111111111111111111111111100000000000000000000000000000000000 mem_order_sha=ea99f596f81da8fb motion_cols_sha=e49e1ad67faf939a donor=None cover=exact:0,fallback:0,cycle:0,cross_seg:0 gate=none num_steps=10 act_sha=44b07fcbfd1b4903 infer_ms=69.9
INFO:mme_vla_suite.serving.websocket_policy_server:TIMING infer_ms=69.9
INFO:mme_vla_suite.serving.websocket_policy_server:TIMING add_buffer_ms=1463.0 frames=16 exec_start_idx=0
MV_INFER cond=normal split=test task=ButtonUnmaskSwap ep=7 ep_seq=8 infer_seq=64 t=1008 es=0 k=62 motion_frames=0,16,32,48,64,80,96,112,128,144,160,176,192,208,224,240,256,272,288,304,320,336,352,368,384,400,416,432,448,464,480,496,512,528,544,560,576,592,608,624,640,656,672,688,704,720,736,752,768,784,800,816,832,848,864,880,896,912,928,944,960,976 motion_emb_sha=bdcb0e8d2421b2ca motion_pos_sha=68a304bc0f81b2d1 motion_mask=111111111111111111111111111111111111111111111111111111111111110000000000000000000000000000000000 mem_order_sha=cb85039bc8deeee3 motion_cols_sha=9f68376775df092c donor=None cover=exact:0,fallback:0,cycle:0,cross_seg:0 gate=none num_steps=10 act_sha=1ae51172056a323b infer_ms=69.9
INFO:mme_vla_suite.serving.websocket_policy_server:TIMING infer_ms=69.9
INFO:mme_vla_suite.serving.websocket_policy_server:TIMING add_buffer_ms=1469.3 frames=16 exec_start_idx=0
MV_INFER cond=normal split=test task=ButtonUnmaskSwap ep=7 ep_seq=8 infer_seq=65 t=1024 es=0 k=63 motion_frames=0,16,32,48,64,80,96,112,128,144,160,176,192,208,224,240,256,272,288,304,320,336,352,368,384,400,416,432,448,464,480,496,512,528,544,560,576,592,608,624,640,656,672,688,704,720,736,752,768,784,800,816,832,848,864,880,896,912,928,944,960,976,992 motion_emb_sha=46a4c0ce934f15a4 motion_pos_sha=3a3d8e518a7990d0 motion_mask=111111111111111111111111111111111111111111111111111111111111111000000000000000000000000000000000 mem_order_sha=11fb4b3c9a39ff46 motion_cols_sha=84d86e447056559d donor=None cover=exact:0,fallback:0,cycle:0,cross_seg:0 gate=none num_steps=10 act_sha=bcf44125238d5be2 infer_ms=69.7
INFO:mme_vla_suite.serving.websocket_policy_server:TIMING infer_ms=69.7
INFO:mme_vla_suite.serving.websocket_policy_server:TIMING add_buffer_ms=1459.4 frames=16 exec_start_idx=0
MV_INFER cond=normal split=test task=ButtonUnmaskSwap ep=7 ep_seq=8 infer_seq=66 t=1040 es=0 k=64 motion_frames=0,16,32,48,64,80,96,112,128,144,160,176,192,208,224,240,256,272,288,304,320,336,352,368,384,400,416,432,448,464,480,496,512,528,544,560,576,592,608,624,640,656,672,688,704,720,736,752,768,784,800,816,832,848,864,880,896,912,928,944,960,976,992,1008 motion_emb_sha=ef7406de8a182299 motion_pos_sha=53ffaa05042f1487 motion_mask=111111111111111111111111111111111111111111111111111111111111111100000000000000000000000000000000 mem_order_sha=173c4f5cff3909ff motion_cols_sha=6b874a13dc5773fe donor=None cover=exact:0,fallback:0,cycle:0,cross_seg:0 gate=none num_steps=10 act_sha=5bcb38864845cf8f infer_ms=69.9
INFO:mme_vla_suite.serving.websocket_policy_server:TIMING infer_ms=69.9
INFO:mme_vla_suite.serving.websocket_policy_server:TIMING add_buffer_ms=1464.6 frames=16 exec_start_idx=0
MV_INFER cond=normal split=test task=ButtonUnmaskSwap ep=7 ep_seq=8 infer_seq=67 t=1056 es=0 k=65 motion_frames=0,16,32,48,64,80,96,112,128,144,160,176,192,208,224,240,256,272,288,304,320,336,352,368,384,400,416,432,448,464,480,496,512,528,544,560,576,592,608,624,640,656,672,688,704,720,736,752,768,784,800,816,832,848,864,880,896,912,928,944,960,976,992,1008,1024 motion_emb_sha=008c04ae9fb66a98 motion_pos_sha=c418e4d946bed0c9 motion_mask=111111111111111111111111111111111111111111111111111111111111111110000000000000000000000000000000 mem_order_sha=92dea94c12a99a47 motion_cols_sha=52b8373c7987aeda donor=None cover=exact:0,fallback:0,cycle:0,cross_seg:0 gate=none num_steps=10 act_sha=e2afd9dc548464dc infer_ms=69.6
INFO:mme_vla_suite.serving.websocket_policy_server:TIMING infer_ms=69.6
INFO:mme_vla_suite.serving.websocket_policy_server:TIMING add_buffer_ms=1467.1 frames=16 exec_start_idx=0
MV_INFER cond=normal split=test task=ButtonUnmaskSwap ep=7 ep_seq=8 infer_seq=68 t=1072 es=0 k=66 motion_frames=0,16,32,48,64,80,96,112,128,144,160,176,192,208,224,240,256,272,288,304,320,336,352,368,384,400,416,432,448,464,480,496,512,528,544,560,576,592,608,624,640,656,672,688,704,720,736,752,768,784,800,816,832,848,864,880,896,912,928,944,960,976,992,1008,1024,1040 motion_emb_sha=c924b84d846883e7 motion_pos_sha=4be728651e8fa641 motion_mask=111111111111111111111111111111111111111111111111111111111111111111000000000000000000000000000000 mem_order_sha=5f81dcb5ffcc7505 motion_cols_sha=4e8d37dd9b433350 donor=None cover=exact:0,fallback:0,cycle:0,cross_seg:0 gate=none num_steps=10 act_sha=56056d763750f2d0 infer_ms=69.8
INFO:mme_vla_suite.serving.websocket_policy_server:TIMING infer_ms=69.8
INFO:mme_vla_suite.serving.websocket_policy_server:TIMING add_buffer_ms=1460.8 frames=16 exec_start_idx=0
MV_INFER cond=normal split=test task=ButtonUnmaskSwap ep=7 ep_seq=8 infer_seq=69 t=1088 es=0 k=67 motion_frames=0,16,32,48,64,80,96,112,128,144,160,176,192,208,224,240,256,272,288,304,320,336,352,368,384,400,416,432,448,464,480,496,512,528,544,560,576,592,608,624,640,656,672,688,704,720,736,752,768,784,800,816,832,848,864,880,896,912,928,944,960,976,992,1008,1024,1040,1056 motion_emb_sha=ca5bb90f736748cc motion_pos_sha=4be2cf300c672914 motion_mask=111111111111111111111111111111111111111111111111111111111111111111100000000000000000000000000000 mem_order_sha=ed1cfe5e10d900a5 motion_cols_sha=9f325d883e270012 donor=None cover=exact:0,fallback:0,cycle:0,cross_seg:0 gate=none num_steps=10 act_sha=84e71558b4332050 infer_ms=70.6
INFO:mme_vla_suite.serving.websocket_policy_server:TIMING infer_ms=70.6
INFO:mme_vla_suite.serving.websocket_policy_server:TIMING add_buffer_ms=1463.7 frames=16 exec_start_idx=0
MV_INFER cond=normal split=test task=ButtonUnmaskSwap ep=7 ep_seq=8 infer_seq=70 t=1104 es=0 k=68 motion_frames=0,16,32,48,64,80,96,112,128,144,160,176,192,208,224,240,256,272,288,304,320,336,352,368,384,400,416,432,448,464,480,496,512,528,544,560,576,592,608,624,640,656,672,688,704,720,736,752,768,784,800,816,832,848,864,880,896,912,928,944,960,976,992,1008,1024,1040,1056,1072 motion_emb_sha=2e2da9223aa76516 motion_pos_sha=f1771cc9a7c1c81a motion_mask=111111111111111111111111111111111111111111111111111111111111111111110000000000000000000000000000 mem_order_sha=2b2ce7eded738651 motion_cols_sha=e1d7e941199ff79f donor=None cover=exact:0,fallback:0,cycle:0,cross_seg:0 gate=none num_steps=10 act_sha=e926d7205c818995 infer_ms=69.6
INFO:mme_vla_suite.serving.websocket_policy_server:TIMING infer_ms=69.6
INFO:mme_vla_suite.serving.websocket_policy_server:TIMING add_buffer_ms=1466.5 frames=16 exec_start_idx=0
MV_INFER cond=normal split=test task=ButtonUnmaskSwap ep=7 ep_seq=8 infer_seq=71 t=1120 es=0 k=69 motion_frames=0,16,32,48,64,80,96,112,128,144,160,176,192,208,224,240,256,272,288,304,320,336,352,368,384,400,416,432,448,464,480,496,512,528,544,560,576,592,608,624,640,656,672,688,704,720,736,752,768,784,800,816,832,848,864,880,896,912,928,944,960,976,992,1008,1024,1040,1056,1072,1088 motion_emb_sha=ff6fbbd0a0009b2b motion_pos_sha=64e385d9c7350895 motion_mask=111111111111111111111111111111111111111111111111111111111111111111111000000000000000000000000000 mem_order_sha=bd58339f940fb782 motion_cols_sha=e969946faa6cf423 donor=None cover=exact:0,fallback:0,cycle:0,cross_seg:0 gate=none num_steps=10 act_sha=fd994ecc6a3dd9b0 infer_ms=69.7
INFO:mme_vla_suite.serving.websocket_policy_server:TIMING infer_ms=69.7
INFO:mme_vla_suite.serving.websocket_policy_server:TIMING add_buffer_ms=1467.6 frames=16 exec_start_idx=0
MV_INFER cond=normal split=test task=ButtonUnmaskSwap ep=7 ep_seq=8 infer_seq=72 t=1136 es=0 k=70 motion_frames=0,16,32,48,64,80,96,112,128,144,160,176,192,208,224,240,256,272,288,304,320,336,352,368,384,400,416,432,448,464,480,496,512,528,544,560,576,592,608,624,640,656,672,688,704,720,736,752,768,784,800,816,832,848,864,880,896,912,928,944,960,976,992,1008,1024,1040,1056,1072,1088,1104 motion_emb_sha=49640de4a46cd6aa motion_pos_sha=02413430471dedfa motion_mask=111111111111111111111111111111111111111111111111111111111111111111111100000000000000000000000000 mem_order_sha=0b404dd327a8564d motion_cols_sha=87fa21f0aa357e1d donor=None cover=exact:0,fallback:0,cycle:0,cross_seg:0 gate=none num_steps=10 act_sha=a6a8d3506b53b419 infer_ms=69.8
INFO:mme_vla_suite.serving.websocket_policy_server:TIMING infer_ms=69.8
INFO:mme_vla_suite.serving.websocket_policy_server:TIMING add_buffer_ms=1467.5 frames=16 exec_start_idx=0
MV_INFER cond=normal split=test task=ButtonUnmaskSwap ep=7 ep_seq=8 infer_seq=73 t=1152 es=0 k=71 motion_frames=0,16,32,48,64,80,96,112,128,144,160,176,192,208,224,240,256,272,288,304,320,336,352,368,384,400,416,432,448,464,480,496,512,528,544,560,576,592,608,624,640,656,672,688,704,720,736,752,768,784,800,816,832,848,864,880,896,912,928,944,960,976,992,1008,1024,1040,1056,1072,1088,1104,1120 motion_emb_sha=e4816bbd7e8ab5a5 motion_pos_sha=fab88c141df710d5 motion_mask=111111111111111111111111111111111111111111111111111111111111111111111110000000000000000000000000 mem_order_sha=a889ac580cefd71c motion_cols_sha=3c468ad914141d0d donor=None cover=exact:0,fallback:0,cycle:0,cross_seg:0 gate=none num_steps=10 act_sha=c9c99575baa199e7 infer_ms=69.9
INFO:mme_vla_suite.serving.websocket_policy_server:TIMING infer_ms=69.9
INFO:mme_vla_suite.serving.websocket_policy_server:TIMING add_buffer_ms=1459.4 frames=16 exec_start_idx=0
MV_INFER cond=normal split=test task=ButtonUnmaskSwap ep=7 ep_seq=8 infer_seq=74 t=1168 es=0 k=72 motion_frames=0,16,32,48,64,80,96,112,128,144,160,176,192,208,224,240,256,272,288,304,320,336,352,368,384,400,416,432,448,464,480,496,512,528,544,560,576,592,608,624,640,656,672,688,704,720,736,752,768,784,800,816,832,848,864,880,896,912,928,944,960,976,992,1008,1024,1040,1056,1072,1088,1104,1120,1136 motion_emb_sha=cc45078b89901a88 motion_pos_sha=d6a6837d103909b7 motion_mask=111111111111111111111111111111111111111111111111111111111111111111111111000000000000000000000000 mem_order_sha=d483b82ad6dc5168 motion_cols_sha=0c6c7ed6aacf4632 donor=None cover=exact:0,fallback:0,cycle:0,cross_seg:0 gate=none num_steps=10 act_sha=dd146485be66dd3d infer_ms=70.0
INFO:mme_vla_suite.serving.websocket_policy_server:TIMING infer_ms=70.0
INFO:mme_vla_suite.serving.websocket_policy_server:TIMING add_buffer_ms=1465.8 frames=16 exec_start_idx=0
MV_INFER cond=normal split=test task=ButtonUnmaskSwap ep=7 ep_seq=8 infer_seq=75 t=1184 es=0 k=73 motion_frames=0,16,32,48,64,80,96,112,128,144,160,176,192,208,224,240,256,272,288,304,320,336,352,368,384,400,416,432,448,464,480,496,512,528,544,560,576,592,608,624,640,656,672,688,704,720,736,752,768,784,800,816,832,848,864,880,896,912,928,944,960,976,992,1008,1024,1040,1056,1072,1088,1104,1120,1136,1152 motion_emb_sha=f4c38466a46a4be0 motion_pos_sha=b9f2cb6eb308ecb4 motion_mask=111111111111111111111111111111111111111111111111111111111111111111111111100000000000000000000000 mem_order_sha=d02d0aed837362f6 motion_cols_sha=2a3614e2ed121717 donor=None cover=exact:0,fallback:0,cycle:0,cross_seg:0 gate=none num_steps=10 act_sha=872b881fb9483047 infer_ms=69.7
INFO:mme_vla_suite.serving.websocket_policy_server:TIMING infer_ms=69.7
INFO:mme_vla_suite.serving.websocket_policy_server:TIMING add_buffer_ms=1465.4 frames=16 exec_start_idx=0
MV_INFER cond=normal split=test task=ButtonUnmaskSwap ep=7 ep_seq=8 infer_seq=76 t=1200 es=0 k=74 motion_frames=0,16,32,48,64,80,96,112,128,144,160,176,192,208,224,240,256,272,288,304,320,336,352,368,384,400,416,432,448,464,480,496,512,528,544,560,576,592,608,624,640,656,672,688,704,720,736,752,768,784,800,816,832,848,864,880,896,912,928,944,960,976,992,1008,1024,1040,1056,1072,1088,1104,1120,1136,1152,1168 motion_emb_sha=c9cc1035a271b3f4 motion_pos_sha=c16da1b65c95ec2c motion_mask=111111111111111111111111111111111111111111111111111111111111111111111111110000000000000000000000 mem_order_sha=5e6b887dca10ded1 motion_cols_sha=0637e352fbbaefdf donor=None cover=exact:0,fallback:0,cycle:0,cross_seg:0 gate=none num_steps=10 act_sha=a695a608455c7424 infer_ms=69.9
INFO:mme_vla_suite.serving.websocket_policy_server:TIMING infer_ms=69.9
INFO:mme_vla_suite.serving.websocket_policy_server:TIMING add_buffer_ms=1462.5 frames=16 exec_start_idx=0
MV_INFER cond=normal split=test task=ButtonUnmaskSwap ep=7 ep_seq=8 infer_seq=77 t=1216 es=0 k=75 motion_frames=0,16,32,48,64,80,96,112,128,144,160,176,192,208,224,240,256,272,288,304,320,336,352,368,384,400,416,432,448,464,480,496,512,528,544,560,576,592,608,624,640,656,672,688,704,720,736,752,768,784,800,816,832,848,864,880,896,912,928,944,960,976,992,1008,1024,1040,1056,1072,1088,1104,1120,1136,1152,1168,1184 motion_emb_sha=7b3355ca31a73d74 motion_pos_sha=6aa36bab2e46f370 motion_mask=111111111111111111111111111111111111111111111111111111111111111111111111111000000000000000000000 mem_order_sha=d100c887873fb6e6 motion_cols_sha=846007b9906b64ef donor=None cover=exact:0,fallback:0,cycle:0,cross_seg:0 gate=none num_steps=10 act_sha=bd8c9041f91ff66b infer_ms=69.6
INFO:mme_vla_suite.serving.websocket_policy_server:TIMING infer_ms=69.6
INFO:mme_vla_suite.serving.websocket_policy_server:TIMING add_buffer_ms=1467.4 frames=16 exec_start_idx=0
MV_INFER cond=normal split=test task=ButtonUnmaskSwap ep=7 ep_seq=8 infer_seq=78 t=1232 es=0 k=76 motion_frames=0,16,32,48,64,80,96,112,128,144,160,176,192,208,224,240,256,272,288,304,320,336,352,368,384,400,416,432,448,464,480,496,512,528,544,560,576,592,608,624,640,656,672,688,704,720,736,752,768,784,800,816,832,848,864,880,896,912,928,944,960,976,992,1008,1024,1040,1056,1072,1088,1104,1120,1136,1152,1168,1184,1200 motion_emb_sha=5535b912e1d70662 motion_pos_sha=39a2d766dea0ddac motion_mask=111111111111111111111111111111111111111111111111111111111111111111111111111100000000000000000000 mem_order_sha=601ccd8775c9d37f motion_cols_sha=fb27e958d1ca6acf donor=None cover=exact:0,fallback:0,cycle:0,cross_seg:0 gate=none num_steps=10 act_sha=799217cf76dec33d infer_ms=70.1
INFO:mme_vla_suite.serving.websocket_policy_server:TIMING infer_ms=70.1
INFO:mme_vla_suite.serving.websocket_policy_server:TIMING add_buffer_ms=1469.8 frames=16 exec_start_idx=0
MV_INFER cond=normal split=test task=ButtonUnmaskSwap ep=7 ep_seq=8 infer_seq=79 t=1248 es=0 k=77 motion_frames=0,16,32,48,64,80,96,112,128,144,160,176,192,208,224,240,256,272,288,304,320,336,352,368,384,400,416,432,448,464,480,496,512,528,544,560,576,592,608,624,640,656,672,688,704,720,736,752,768,784,800,816,832,848,864,880,896,912,928,944,960,976,992,1008,1024,1040,1056,1072,1088,1104,1120,1136,1152,1168,1184,1200,1216 motion_emb_sha=441e53bd2f7dc7e7 motion_pos_sha=6ed6eeb0d66bd601 motion_mask=111111111111111111111111111111111111111111111111111111111111111111111111111110000000000000000000 mem_order_sha=ccc9899d21634b2a motion_cols_sha=d02ea63e106e047b donor=None cover=exact:0,fallback:0,cycle:0,cross_seg:0 gate=none num_steps=10 act_sha=5d8db988e08b3e93 infer_ms=69.9
INFO:mme_vla_suite.serving.websocket_policy_server:TIMING infer_ms=69.9
INFO:mme_vla_suite.serving.websocket_policy_server:TIMING add_buffer_ms=1465.6 frames=16 exec_start_idx=0
MV_INFER cond=normal split=test task=ButtonUnmaskSwap ep=7 ep_seq=8 infer_seq=80 t=1264 es=0 k=78 motion_frames=0,16,32,48,64,80,96,112,128,144,160,176,192,208,224,240,256,272,288,304,320,336,352,368,384,400,416,432,448,464,480,496,512,528,544,560,576,592,608,624,640,656,672,688,704,720,736,752,768,784,800,816,832,848,864,880,896,912,928,944,960,976,992,1008,1024,1040,1056,1072,1088,1104,1120,1136,1152,1168,1184,1200,1216,1232 motion_emb_sha=6030007d4fc8040d motion_pos_sha=b56acc673c0e014a motion_mask=111111111111111111111111111111111111111111111111111111111111111111111111111111000000000000000000 mem_order_sha=2a2e1a3758e26885 motion_cols_sha=ae9de628d8823bf2 donor=None cover=exact:0,fallback:0,cycle:0,cross_seg:0 gate=none num_steps=10 act_sha=6537310ad4b7d743 infer_ms=69.9
INFO:mme_vla_suite.serving.websocket_policy_server:TIMING infer_ms=69.9
INFO:mme_vla_suite.serving.websocket_policy_server:TIMING add_buffer_ms=1469.0 frames=16 exec_start_idx=0
MV_INFER cond=normal split=test task=ButtonUnmaskSwap ep=7 ep_seq=8 infer_seq=81 t=1280 es=0 k=79 motion_frames=0,16,32,48,64,80,96,112,128,144,160,176,192,208,224,240,256,272,288,304,320,336,352,368,384,400,416,432,448,464,480,496,512,528,544,560,576,592,608,624,640,656,672,688,704,720,736,752,768,784,800,816,832,848,864,880,896,912,928,944,960,976,992,1008,1024,1040,1056,1072,1088,1104,1120,1136,1152,1168,1184,1200,1216,1232,1248 motion_emb_sha=36b62c0fb892764f motion_pos_sha=b50012ccc2a650c3 motion_mask=111111111111111111111111111111111111111111111111111111111111111111111111111111100000000000000000 mem_order_sha=1fed3421d7469d6a motion_cols_sha=b62f12e1cc2e6f4f donor=None cover=exact:0,fallback:0,cycle:0,cross_seg:0 gate=none num_steps=10 act_sha=aa30673b1f0d238c infer_ms=69.8
INFO:mme_vla_suite.serving.websocket_policy_server:TIMING infer_ms=69.8
INFO:mme_vla_suite.serving.websocket_policy_server:TIMING add_buffer_ms=1473.2 frames=16 exec_start_idx=0
MV_INFER cond=normal split=test task=ButtonUnmaskSwap ep=7 ep_seq=8 infer_seq=82 t=1296 es=0 k=80 motion_frames=0,16,32,48,64,80,96,112,128,144,160,176,192,208,224,240,256,272,288,304,320,336,352,368,384,400,416,432,448,464,480,496,512,528,544,560,576,592,608,624,640,656,672,688,704,720,736,752,768,784,800,816,832,848,864,880,896,912,928,944,960,976,992,1008,1024,1040,1056,1072,1088,1104,1120,1136,1152,1168,1184,1200,1216,1232,1248,1264 motion_emb_sha=b8286a91b945c49a motion_pos_sha=d5131e7c6233e7d1 motion_mask=111111111111111111111111111111111111111111111111111111111111111111111111111111110000000000000000 mem_order_sha=a4387b88c08b7549 motion_cols_sha=81f2fc212bebb4ee donor=None cover=exact:0,fallback:0,cycle:0,cross_seg:0 gate=none num_steps=10 act_sha=c47ab5970e2341db infer_ms=69.8
INFO:mme_vla_suite.serving.websocket_policy_server:TIMING infer_ms=69.8
INFO:websockets.server:connection open
INFO:mme_vla_suite.serving.websocket_policy_server:Connection from ('127.0.0.1', 53576) opened
MV_EPISODE_END ep_seq=8 infers=82 windows=80 wall_s=149.7
MV_EPISODE_BEGIN cond=normal split=test seed=42 ep_seq=9 expect=ButtonUnmaskSwap:11
INFO:mme_vla_suite.serving.websocket_policy_server:TIMING add_buffer_ms=6.8 frames=1 exec_start_idx=0
MV_INFER cond=normal split=test task=ButtonUnmaskSwap ep=11 ep_seq=9 infer_seq=1 t=0 es=0 k=0 motion_frames=- motion_emb_sha=a3e8328721cbb943 motion_pos_sha=f5952cfc3406b7e9 motion_mask=000000000000000000000000000000000000000000000000000000000000000000000000000000000000000000000000 mem_order_sha=e3d555e881e5b964 motion_cols_sha=05f65c2b46f544eb donor=None cover=exact:0,fallback:0,cycle:0,cross_seg:0 gate=none num_steps=10 act_sha=c1194e735ee585c5 infer_ms=69.3
INFO:mme_vla_suite.serving.websocket_policy_server:TIMING infer_ms=69.3
INFO:mme_vla_suite.serving.websocket_policy_server:TIMING add_buffer_ms=37.7 frames=16 exec_start_idx=0
MV_INFER cond=normal split=test task=ButtonUnmaskSwap ep=11 ep_seq=9 infer_seq=2 t=16 es=0 k=0 motion_frames=- motion_emb_sha=a3e8328721cbb943 motion_pos_sha=f5952cfc3406b7e9 motion_mask=000000000000000000000000000000000000000000000000000000000000000000000000000000000000000000000000 mem_order_sha=e3d555e881e5b964 motion_cols_sha=05f65c2b46f544eb donor=None cover=exact:0,fallback:0,cycle:0,cross_seg:0 gate=none num_steps=10 act_sha=f8628cfb729db704 infer_ms=69.6
INFO:mme_vla_suite.serving.websocket_policy_server:TIMING infer_ms=69.6
INFO:mme_vla_suite.serving.websocket_policy_server:TIMING add_buffer_ms=1470.9 frames=16 exec_start_idx=0
MV_INFER cond=normal split=test task=ButtonUnmaskSwap ep=11 ep_seq=9 infer_seq=3 t=32 es=0 k=1 motion_frames=0 motion_emb_sha=b52a0917480d1531 motion_pos_sha=5a53d7fa887419cf motion_mask=100000000000000000000000000000000000000000000000000000000000000000000000000000000000000000000000 mem_order_sha=1c4ecd136e06d2ca motion_cols_sha=34669806f215f6a3 donor=None cover=exact:0,fallback:0,cycle:0,cross_seg:0 gate=none num_steps=10 act_sha=5233fd8a00421bf8 infer_ms=69.7
INFO:mme_vla_suite.serving.websocket_policy_server:TIMING infer_ms=69.7
[sidecar pid=833148] 窗 #651 起点 16 耗时 1420 ms（累计 1234s）
INFO:mme_vla_suite.serving.websocket_policy_server:TIMING add_buffer_ms=1464.6 frames=16 exec_start_idx=0
MV_INFER cond=normal split=test task=ButtonUnmaskSwap ep=11 ep_seq=9 infer_seq=4 t=48 es=0 k=2 motion_frames=0,16 motion_emb_sha=327b96511456443b motion_pos_sha=e97dc0e05f375cbe motion_mask=110000000000000000000000000000000000000000000000000000000000000000000000000000000000000000000000 mem_order_sha=74ca653da96ef384 motion_cols_sha=fba18d536d075a6e donor=None cover=exact:0,fallback:0,cycle:0,cross_seg:0 gate=none num_steps=10 act_sha=0b4f2496b78d4910 infer_ms=69.5
INFO:mme_vla_suite.serving.websocket_policy_server:TIMING infer_ms=69.5
INFO:mme_vla_suite.serving.websocket_policy_server:TIMING add_buffer_ms=1467.3 frames=16 exec_start_idx=0
MV_INFER cond=normal split=test task=ButtonUnmaskSwap ep=11 ep_seq=9 infer_seq=5 t=64 es=0 k=3 motion_frames=0,16,32 motion_emb_sha=3e2cc25247f1dc68 motion_pos_sha=358a8247438e4586 motion_mask=111000000000000000000000000000000000000000000000000000000000000000000000000000000000000000000000 mem_order_sha=4bdcb6154ce3db09 motion_cols_sha=ec75f2710ccf7d3e donor=None cover=exact:0,fallback:0,cycle:0,cross_seg:0 gate=none num_steps=10 act_sha=d429763ed387ee44 infer_ms=69.6
INFO:mme_vla_suite.serving.websocket_policy_server:TIMING infer_ms=69.6
INFO:mme_vla_suite.serving.websocket_policy_server:TIMING add_buffer_ms=1459.9 frames=16 exec_start_idx=0
MV_INFER cond=normal split=test task=ButtonUnmaskSwap ep=11 ep_seq=9 infer_seq=6 t=80 es=0 k=4 motion_frames=0,16,32,48 motion_emb_sha=ff7f0c4c2ce86603 motion_pos_sha=88620c635e0b1611 motion_mask=111100000000000000000000000000000000000000000000000000000000000000000000000000000000000000000000 mem_order_sha=3f30de4433e4d89f motion_cols_sha=d94e9739c8cfc07e donor=None cover=exact:0,fallback:0,cycle:0,cross_seg:0 gate=none num_steps=10 act_sha=85324819e50acb96 infer_ms=69.7
INFO:mme_vla_suite.serving.websocket_policy_server:TIMING infer_ms=69.7
INFO:mme_vla_suite.serving.websocket_policy_server:TIMING add_buffer_ms=1467.5 frames=16 exec_start_idx=0
MV_INFER cond=normal split=test task=ButtonUnmaskSwap ep=11 ep_seq=9 infer_seq=7 t=96 es=0 k=5 motion_frames=0,16,32,48,64 motion_emb_sha=482fa2bb07e5ac5a motion_pos_sha=4d979259a4c37547 motion_mask=111110000000000000000000000000000000000000000000000000000000000000000000000000000000000000000000 mem_order_sha=1525b7045b2c259a motion_cols_sha=07c8247e6ab1f89c donor=None cover=exact:0,fallback:0,cycle:0,cross_seg:0 gate=none num_steps=10 act_sha=56488762b97bab01 infer_ms=69.5
INFO:mme_vla_suite.serving.websocket_policy_server:TIMING infer_ms=69.5
INFO:mme_vla_suite.serving.websocket_policy_server:TIMING add_buffer_ms=1463.4 frames=16 exec_start_idx=0
MV_INFER cond=normal split=test task=ButtonUnmaskSwap ep=11 ep_seq=9 infer_seq=8 t=112 es=0 k=6 motion_frames=0,16,32,48,64,80 motion_emb_sha=476b950be2ecb8a3 motion_pos_sha=9c9d9e6cd7cfd81a motion_mask=111111000000000000000000000000000000000000000000000000000000000000000000000000000000000000000000 mem_order_sha=afd67825f39380f3 motion_cols_sha=5c7781d2e1462709 donor=None cover=exact:0,fallback:0,cycle:0,cross_seg:0 gate=none num_steps=10 act_sha=bb6dad74423aa625 infer_ms=69.5
INFO:mme_vla_suite.serving.websocket_policy_server:TIMING infer_ms=69.5
INFO:mme_vla_suite.serving.websocket_policy_server:TIMING add_buffer_ms=1462.7 frames=16 exec_start_idx=0
MV_INFER cond=normal split=test task=ButtonUnmaskSwap ep=11 ep_seq=9 infer_seq=9 t=128 es=0 k=7 motion_frames=0,16,32,48,64,80,96 motion_emb_sha=414671b81d413a91 motion_pos_sha=eaa30818e1807d0a motion_mask=111111100000000000000000000000000000000000000000000000000000000000000000000000000000000000000000 mem_order_sha=53c51af96e80b36b motion_cols_sha=37fb24d50661d1a4 donor=None cover=exact:0,fallback:0,cycle:0,cross_seg:0 gate=none num_steps=10 act_sha=9ba877852d6e1eec infer_ms=69.5
INFO:mme_vla_suite.serving.websocket_policy_server:TIMING infer_ms=69.5
INFO:mme_vla_suite.serving.websocket_policy_server:TIMING add_buffer_ms=1466.2 frames=16 exec_start_idx=0
MV_INFER cond=normal split=test task=ButtonUnmaskSwap ep=11 ep_seq=9 infer_seq=10 t=144 es=0 k=8 motion_frames=0,16,32,48,64,80,96,112 motion_emb_sha=af1a246ee4a79c38 motion_pos_sha=19cfd5aa81fbc280 motion_mask=111111110000000000000000000000000000000000000000000000000000000000000000000000000000000000000000 mem_order_sha=8f7b8d26bf2ab128 motion_cols_sha=887c1c00aa54ee17 donor=None cover=exact:0,fallback:0,cycle:0,cross_seg:0 gate=none num_steps=10 act_sha=0ef9d0034bce69ed infer_ms=69.7
INFO:mme_vla_suite.serving.websocket_policy_server:TIMING infer_ms=69.7
INFO:mme_vla_suite.serving.websocket_policy_server:TIMING add_buffer_ms=1467.3 frames=16 exec_start_idx=0
MV_INFER cond=normal split=test task=ButtonUnmaskSwap ep=11 ep_seq=9 infer_seq=11 t=160 es=0 k=9 motion_frames=0,16,32,48,64,80,96,112,128 motion_emb_sha=d1987c041a175670 motion_pos_sha=36755060bcdb5f34 motion_mask=111111111000000000000000000000000000000000000000000000000000000000000000000000000000000000000000 mem_order_sha=b08d4d55ab2fad2d motion_cols_sha=104972a6841c0e38 donor=None cover=exact:0,fallback:0,cycle:0,cross_seg:0 gate=none num_steps=10 act_sha=ed5661aa5dc33e91 infer_ms=69.5
INFO:mme_vla_suite.serving.websocket_policy_server:TIMING infer_ms=69.5
INFO:mme_vla_suite.serving.websocket_policy_server:TIMING add_buffer_ms=1470.2 frames=16 exec_start_idx=0
MV_INFER cond=normal split=test task=ButtonUnmaskSwap ep=11 ep_seq=9 infer_seq=12 t=176 es=0 k=10 motion_frames=0,16,32,48,64,80,96,112,128,144 motion_emb_sha=6d3f7026f7374168 motion_pos_sha=386aa1c736701f60 motion_mask=111111111100000000000000000000000000000000000000000000000000000000000000000000000000000000000000 mem_order_sha=4ddf162636dd4c53 motion_cols_sha=fe64c98459b2eb86 donor=None cover=exact:0,fallback:0,cycle:0,cross_seg:0 gate=none num_steps=10 act_sha=a07ba0ab9e1787fd infer_ms=69.5
INFO:mme_vla_suite.serving.websocket_policy_server:TIMING infer_ms=69.5
INFO:mme_vla_suite.serving.websocket_policy_server:TIMING add_buffer_ms=1465.0 frames=16 exec_start_idx=0
MV_INFER cond=normal split=test task=ButtonUnmaskSwap ep=11 ep_seq=9 infer_seq=13 t=192 es=0 k=11 motion_frames=0,16,32,48,64,80,96,112,128,144,160 motion_emb_sha=28073686f86e3c4a motion_pos_sha=097ffa0dc4e98049 motion_mask=111111111110000000000000000000000000000000000000000000000000000000000000000000000000000000000000 mem_order_sha=2fdbc05fbe4c5192 motion_cols_sha=ca0a097bc6347240 donor=None cover=exact:0,fallback:0,cycle:0,cross_seg:0 gate=none num_steps=10 act_sha=bdf4b6d12eec54fb infer_ms=69.5
INFO:mme_vla_suite.serving.websocket_policy_server:TIMING infer_ms=69.5
INFO:mme_vla_suite.serving.websocket_policy_server:TIMING add_buffer_ms=1465.8 frames=16 exec_start_idx=0
MV_INFER cond=normal split=test task=ButtonUnmaskSwap ep=11 ep_seq=9 infer_seq=14 t=208 es=0 k=12 motion_frames=0,16,32,48,64,80,96,112,128,144,160,176 motion_emb_sha=3423c9823967d9aa motion_pos_sha=faf6de0b8c07a1d5 motion_mask=111111111111000000000000000000000000000000000000000000000000000000000000000000000000000000000000 mem_order_sha=e609c91b740de309 motion_cols_sha=08c16a7fb49e3eae donor=None cover=exact:0,fallback:0,cycle:0,cross_seg:0 gate=none num_steps=10 act_sha=f0690de9280cc8e3 infer_ms=69.7
INFO:mme_vla_suite.serving.websocket_policy_server:TIMING infer_ms=69.7
INFO:mme_vla_suite.serving.websocket_policy_server:TIMING add_buffer_ms=1459.6 frames=16 exec_start_idx=0
MV_INFER cond=normal split=test task=ButtonUnmaskSwap ep=11 ep_seq=9 infer_seq=15 t=224 es=0 k=13 motion_frames=0,16,32,48,64,80,96,112,128,144,160,176,192 motion_emb_sha=3fb2491cef78c1ef motion_pos_sha=cf92c2382e433b7f motion_mask=111111111111100000000000000000000000000000000000000000000000000000000000000000000000000000000000 mem_order_sha=e29d70b97917b96b motion_cols_sha=b802255c0a86c139 donor=None cover=exact:0,fallback:0,cycle:0,cross_seg:0 gate=none num_steps=10 act_sha=3e7590bb5e5f1d81 infer_ms=69.5
INFO:mme_vla_suite.serving.websocket_policy_server:TIMING infer_ms=69.5
INFO:mme_vla_suite.serving.websocket_policy_server:TIMING add_buffer_ms=1459.8 frames=16 exec_start_idx=0
MV_INFER cond=normal split=test task=ButtonUnmaskSwap ep=11 ep_seq=9 infer_seq=16 t=240 es=0 k=14 motion_frames=0,16,32,48,64,80,96,112,128,144,160,176,192,208 motion_emb_sha=c7f61da8a4394276 motion_pos_sha=d4be4f2b999b323a motion_mask=111111111111110000000000000000000000000000000000000000000000000000000000000000000000000000000000 mem_order_sha=a06ee3a41d7c396e motion_cols_sha=0f0b4abb0ce08604 donor=None cover=exact:0,fallback:0,cycle:0,cross_seg:0 gate=none num_steps=10 act_sha=47c20917510c7659 infer_ms=69.7
INFO:mme_vla_suite.serving.websocket_policy_server:TIMING infer_ms=69.7
INFO:mme_vla_suite.serving.websocket_policy_server:TIMING add_buffer_ms=1463.8 frames=16 exec_start_idx=0
MV_INFER cond=normal split=test task=ButtonUnmaskSwap ep=11 ep_seq=9 infer_seq=17 t=256 es=0 k=15 motion_frames=0,16,32,48,64,80,96,112,128,144,160,176,192,208,224 motion_emb_sha=ce5884dc5ab20f73 motion_pos_sha=41ec3ade545a49c9 motion_mask=111111111111111000000000000000000000000000000000000000000000000000000000000000000000000000000000 mem_order_sha=d2c65ae0ef95982c motion_cols_sha=b6defef0c13ecc23 donor=None cover=exact:0,fallback:0,cycle:0,cross_seg:0 gate=none num_steps=10 act_sha=ae006256d9867423 infer_ms=69.6
INFO:mme_vla_suite.serving.websocket_policy_server:TIMING infer_ms=69.6
INFO:mme_vla_suite.serving.websocket_policy_server:TIMING add_buffer_ms=1474.0 frames=16 exec_start_idx=0
MV_INFER cond=normal split=test task=ButtonUnmaskSwap ep=11 ep_seq=9 infer_seq=18 t=272 es=0 k=16 motion_frames=0,16,32,48,64,80,96,112,128,144,160,176,192,208,224,240 motion_emb_sha=7f3ffab24e2c9957 motion_pos_sha=3e49496373152e70 motion_mask=111111111111111100000000000000000000000000000000000000000000000000000000000000000000000000000000 mem_order_sha=3896c62684021e06 motion_cols_sha=61fa1ff66e32da0b donor=None cover=exact:0,fallback:0,cycle:0,cross_seg:0 gate=none num_steps=10 act_sha=33d06472b15a2ed1 infer_ms=69.8
INFO:mme_vla_suite.serving.websocket_policy_server:TIMING infer_ms=69.8
INFO:mme_vla_suite.serving.websocket_policy_server:TIMING add_buffer_ms=1464.3 frames=16 exec_start_idx=0
MV_INFER cond=normal split=test task=ButtonUnmaskSwap ep=11 ep_seq=9 infer_seq=19 t=288 es=0 k=17 motion_frames=0,16,32,48,64,80,96,112,128,144,160,176,192,208,224,240,256 motion_emb_sha=341f05d4c0f862f9 motion_pos_sha=630eed5d2ad0fee5 motion_mask=111111111111111110000000000000000000000000000000000000000000000000000000000000000000000000000000 mem_order_sha=3fa901451944a6ae motion_cols_sha=11afac2e3a295654 donor=None cover=exact:0,fallback:0,cycle:0,cross_seg:0 gate=none num_steps=10 act_sha=98e9971062ceed4b infer_ms=69.9
INFO:mme_vla_suite.serving.websocket_policy_server:TIMING infer_ms=69.9
INFO:mme_vla_suite.serving.websocket_policy_server:TIMING add_buffer_ms=1462.6 frames=16 exec_start_idx=0
MV_INFER cond=normal split=test task=ButtonUnmaskSwap ep=11 ep_seq=9 infer_seq=20 t=304 es=0 k=18 motion_frames=0,16,32,48,64,80,96,112,128,144,160,176,192,208,224,240,256,272 motion_emb_sha=31f53f4486a2a5f0 motion_pos_sha=7508bb7966bd8997 motion_mask=111111111111111111000000000000000000000000000000000000000000000000000000000000000000000000000000 mem_order_sha=7ec3836c904d86da motion_cols_sha=00e37dc990bcf6a9 donor=None cover=exact:0,fallback:0,cycle:0,cross_seg:0 gate=none num_steps=10 act_sha=8f4c5500cf64db4e infer_ms=69.5
INFO:mme_vla_suite.serving.websocket_policy_server:TIMING infer_ms=69.5
INFO:mme_vla_suite.serving.websocket_policy_server:TIMING add_buffer_ms=1462.3 frames=16 exec_start_idx=0
MV_INFER cond=normal split=test task=ButtonUnmaskSwap ep=11 ep_seq=9 infer_seq=21 t=320 es=0 k=19 motion_frames=0,16,32,48,64,80,96,112,128,144,160,176,192,208,224,240,256,272,288 motion_emb_sha=f074e4bffc6fcc98 motion_pos_sha=27604282300f89dd motion_mask=111111111111111111100000000000000000000000000000000000000000000000000000000000000000000000000000 mem_order_sha=1bcee858ac8581ba motion_cols_sha=848fded77b707435 donor=None cover=exact:0,fallback:0,cycle:0,cross_seg:0 gate=none num_steps=10 act_sha=55b4e4fab96e8219 infer_ms=69.6
INFO:mme_vla_suite.serving.websocket_policy_server:TIMING infer_ms=69.6
INFO:mme_vla_suite.serving.websocket_policy_server:TIMING add_buffer_ms=1475.4 frames=16 exec_start_idx=0
MV_INFER cond=normal split=test task=ButtonUnmaskSwap ep=11 ep_seq=9 infer_seq=22 t=336 es=0 k=20 motion_frames=0,16,32,48,64,80,96,112,128,144,160,176,192,208,224,240,256,272,288,304 motion_emb_sha=83193270203ff124 motion_pos_sha=82d754eb6c9c7d28 motion_mask=111111111111111111110000000000000000000000000000000000000000000000000000000000000000000000000000 mem_order_sha=8e4f7352af852292 motion_cols_sha=0957e9030d15feb5 donor=None cover=exact:0,fallback:0,cycle:0,cross_seg:0 gate=none num_steps=10 act_sha=b35eed92398c248c infer_ms=70.4
INFO:mme_vla_suite.serving.websocket_policy_server:TIMING infer_ms=70.4
INFO:mme_vla_suite.serving.websocket_policy_server:TIMING add_buffer_ms=1463.1 frames=16 exec_start_idx=0
MV_INFER cond=normal split=test task=ButtonUnmaskSwap ep=11 ep_seq=9 infer_seq=23 t=352 es=0 k=21 motion_frames=0,16,32,48,64,80,96,112,128,144,160,176,192,208,224,240,256,272,288,304,320 motion_emb_sha=924f72c27ec0f66f motion_pos_sha=b2ded91f4b1e3497 motion_mask=111111111111111111111000000000000000000000000000000000000000000000000000000000000000000000000000 mem_order_sha=e911ccd99a0e7698 motion_cols_sha=9639f994ec80e283 donor=None cover=exact:0,fallback:0,cycle:0,cross_seg:0 gate=none num_steps=10 act_sha=ab3bcfd183b02f19 infer_ms=71.4
INFO:mme_vla_suite.serving.websocket_policy_server:TIMING infer_ms=71.4
INFO:mme_vla_suite.serving.websocket_policy_server:TIMING add_buffer_ms=1462.5 frames=16 exec_start_idx=0
MV_INFER cond=normal split=test task=ButtonUnmaskSwap ep=11 ep_seq=9 infer_seq=24 t=368 es=0 k=22 motion_frames=0,16,32,48,64,80,96,112,128,144,160,176,192,208,224,240,256,272,288,304,320,336 motion_emb_sha=bf67b2e78ba0067d motion_pos_sha=02b5313d34dbb54d motion_mask=111111111111111111111100000000000000000000000000000000000000000000000000000000000000000000000000 mem_order_sha=a5e37ce80bde382c motion_cols_sha=4c78bbca76234a73 donor=None cover=exact:0,fallback:0,cycle:0,cross_seg:0 gate=none num_steps=10 act_sha=d302dab47d2d2627 infer_ms=69.5
INFO:mme_vla_suite.serving.websocket_policy_server:TIMING infer_ms=69.5
INFO:mme_vla_suite.serving.websocket_policy_server:TIMING add_buffer_ms=1465.1 frames=16 exec_start_idx=0
MV_INFER cond=normal split=test task=ButtonUnmaskSwap ep=11 ep_seq=9 infer_seq=25 t=384 es=0 k=23 motion_frames=0,16,32,48,64,80,96,112,128,144,160,176,192,208,224,240,256,272,288,304,320,336,352 motion_emb_sha=1f4ca130b73cd7f9 motion_pos_sha=394430f2fe2a111f motion_mask=111111111111111111111110000000000000000000000000000000000000000000000000000000000000000000000000 mem_order_sha=ef888998c2ee9177 motion_cols_sha=d31a91eabb80a17e donor=None cover=exact:0,fallback:0,cycle:0,cross_seg:0 gate=none num_steps=10 act_sha=028f4ab8ccf71073 infer_ms=70.0
INFO:mme_vla_suite.serving.websocket_policy_server:TIMING infer_ms=70.0
INFO:mme_vla_suite.serving.websocket_policy_server:TIMING add_buffer_ms=1468.2 frames=16 exec_start_idx=0
MV_INFER cond=normal split=test task=ButtonUnmaskSwap ep=11 ep_seq=9 infer_seq=26 t=400 es=0 k=24 motion_frames=0,16,32,48,64,80,96,112,128,144,160,176,192,208,224,240,256,272,288,304,320,336,352,368 motion_emb_sha=5fb30b1eec6565d5 motion_pos_sha=5af02f3dfcb16729 motion_mask=111111111111111111111111000000000000000000000000000000000000000000000000000000000000000000000000 mem_order_sha=a4b34693220533ac motion_cols_sha=470d57efa976fc1f donor=None cover=exact:0,fallback:0,cycle:0,cross_seg:0 gate=none num_steps=10 act_sha=987e9b65809a2729 infer_ms=69.7
INFO:mme_vla_suite.serving.websocket_policy_server:TIMING infer_ms=69.7
INFO:mme_vla_suite.serving.websocket_policy_server:TIMING add_buffer_ms=1460.3 frames=16 exec_start_idx=0
MV_INFER cond=normal split=test task=ButtonUnmaskSwap ep=11 ep_seq=9 infer_seq=27 t=416 es=0 k=25 motion_frames=0,16,32,48,64,80,96,112,128,144,160,176,192,208,224,240,256,272,288,304,320,336,352,368,384 motion_emb_sha=3032b904ff208abb motion_pos_sha=6687fe3ef7ab6c31 motion_mask=111111111111111111111111100000000000000000000000000000000000000000000000000000000000000000000000 mem_order_sha=2e8f0f44cf91994f motion_cols_sha=25511e64898b44f0 donor=None cover=exact:0,fallback:0,cycle:0,cross_seg:0 gate=none num_steps=10 act_sha=44ead8f14702c667 infer_ms=69.9
INFO:mme_vla_suite.serving.websocket_policy_server:TIMING infer_ms=69.9
INFO:mme_vla_suite.serving.websocket_policy_server:TIMING add_buffer_ms=1459.7 frames=16 exec_start_idx=0
MV_INFER cond=normal split=test task=ButtonUnmaskSwap ep=11 ep_seq=9 infer_seq=28 t=432 es=0 k=26 motion_frames=0,16,32,48,64,80,96,112,128,144,160,176,192,208,224,240,256,272,288,304,320,336,352,368,384,400 motion_emb_sha=b0874ec0b74f1245 motion_pos_sha=628a1d586ea0ead0 motion_mask=111111111111111111111111110000000000000000000000000000000000000000000000000000000000000000000000 mem_order_sha=7f421c86fa09d6ff motion_cols_sha=2fc323dd0f89e21e donor=None cover=exact:0,fallback:0,cycle:0,cross_seg:0 gate=none num_steps=10 act_sha=b947d8d5e4ad8b4b infer_ms=69.5
INFO:mme_vla_suite.serving.websocket_policy_server:TIMING infer_ms=69.5
INFO:mme_vla_suite.serving.websocket_policy_server:TIMING add_buffer_ms=1459.3 frames=16 exec_start_idx=0
MV_INFER cond=normal split=test task=ButtonUnmaskSwap ep=11 ep_seq=9 infer_seq=29 t=448 es=0 k=27 motion_frames=0,16,32,48,64,80,96,112,128,144,160,176,192,208,224,240,256,272,288,304,320,336,352,368,384,400,416 motion_emb_sha=9be44599689877b9 motion_pos_sha=374d18e42d46d506 motion_mask=111111111111111111111111111000000000000000000000000000000000000000000000000000000000000000000000 mem_order_sha=a9601380358f26a3 motion_cols_sha=a013e7a2c5f47434 donor=None cover=exact:0,fallback:0,cycle:0,cross_seg:0 gate=none num_steps=10 act_sha=d7f831213a42e666 infer_ms=69.9
INFO:mme_vla_suite.serving.websocket_policy_server:TIMING infer_ms=69.9
INFO:mme_vla_suite.serving.websocket_policy_server:TIMING add_buffer_ms=1458.1 frames=16 exec_start_idx=0
MV_INFER cond=normal split=test task=ButtonUnmaskSwap ep=11 ep_seq=9 infer_seq=30 t=464 es=0 k=28 motion_frames=0,16,32,48,64,80,96,112,128,144,160,176,192,208,224,240,256,272,288,304,320,336,352,368,384,400,416,432 motion_emb_sha=033773132bdba6f7 motion_pos_sha=c6f42c99e8bb04fc motion_mask=111111111111111111111111111100000000000000000000000000000000000000000000000000000000000000000000 mem_order_sha=597e8d7ec05b4d7c motion_cols_sha=454ac679a2eee33a donor=None cover=exact:0,fallback:0,cycle:0,cross_seg:0 gate=none num_steps=10 act_sha=31c69b45e0831236 infer_ms=69.7
INFO:mme_vla_suite.serving.websocket_policy_server:TIMING infer_ms=69.7
INFO:mme_vla_suite.serving.websocket_policy_server:TIMING add_buffer_ms=1468.3 frames=16 exec_start_idx=0
MV_INFER cond=normal split=test task=ButtonUnmaskSwap ep=11 ep_seq=9 infer_seq=31 t=480 es=0 k=29 motion_frames=0,16,32,48,64,80,96,112,128,144,160,176,192,208,224,240,256,272,288,304,320,336,352,368,384,400,416,432,448 motion_emb_sha=4f851abefa281e31 motion_pos_sha=5bec62c7b2782ab5 motion_mask=111111111111111111111111111110000000000000000000000000000000000000000000000000000000000000000000 mem_order_sha=969b025395b2669f motion_cols_sha=fa13d9c231b687f7 donor=None cover=exact:0,fallback:0,cycle:0,cross_seg:0 gate=none num_steps=10 act_sha=d5be87c83101d153 infer_ms=69.9
INFO:mme_vla_suite.serving.websocket_policy_server:TIMING infer_ms=69.9
INFO:mme_vla_suite.serving.websocket_policy_server:TIMING add_buffer_ms=1462.1 frames=16 exec_start_idx=0
MV_INFER cond=normal split=test task=ButtonUnmaskSwap ep=11 ep_seq=9 infer_seq=32 t=496 es=0 k=30 motion_frames=0,16,32,48,64,80,96,112,128,144,160,176,192,208,224,240,256,272,288,304,320,336,352,368,384,400,416,432,448,464 motion_emb_sha=c6866c4829ce86ad motion_pos_sha=77bb4a49f5f204a6 motion_mask=111111111111111111111111111111000000000000000000000000000000000000000000000000000000000000000000 mem_order_sha=8b9c911903d52ada motion_cols_sha=cf531ae59de60a74 donor=None cover=exact:0,fallback:0,cycle:0,cross_seg:0 gate=none num_steps=10 act_sha=478b2dd6ddccab26 infer_ms=70.7
INFO:mme_vla_suite.serving.websocket_policy_server:TIMING infer_ms=70.7
INFO:mme_vla_suite.serving.websocket_policy_server:TIMING add_buffer_ms=1458.8 frames=16 exec_start_idx=0
MV_INFER cond=normal split=test task=ButtonUnmaskSwap ep=11 ep_seq=9 infer_seq=33 t=512 es=0 k=31 motion_frames=0,16,32,48,64,80,96,112,128,144,160,176,192,208,224,240,256,272,288,304,320,336,352,368,384,400,416,432,448,464,480 motion_emb_sha=fa2b5cdd8f38b2c2 motion_pos_sha=b5a830a451ce756a motion_mask=111111111111111111111111111111100000000000000000000000000000000000000000000000000000000000000000 mem_order_sha=3b34058d7f65364b motion_cols_sha=b3a6df354ab4d8c7 donor=None cover=exact:0,fallback:0,cycle:0,cross_seg:0 gate=none num_steps=10 act_sha=1adb41608f7d34b0 infer_ms=69.8
INFO:mme_vla_suite.serving.websocket_policy_server:TIMING infer_ms=69.8
INFO:mme_vla_suite.serving.websocket_policy_server:TIMING add_buffer_ms=1460.1 frames=16 exec_start_idx=0
MV_INFER cond=normal split=test task=ButtonUnmaskSwap ep=11 ep_seq=9 infer_seq=34 t=528 es=0 k=32 motion_frames=0,16,32,48,64,80,96,112,128,144,160,176,192,208,224,240,256,272,288,304,320,336,352,368,384,400,416,432,448,464,480,496 motion_emb_sha=21996aec99710381 motion_pos_sha=a31e40266e8ce975 motion_mask=111111111111111111111111111111110000000000000000000000000000000000000000000000000000000000000000 mem_order_sha=8810917fd8440e8c motion_cols_sha=1c1e3532088a7dfd donor=None cover=exact:0,fallback:0,cycle:0,cross_seg:0 gate=none num_steps=10 act_sha=83ce1354127a5ce3 infer_ms=70.1
INFO:mme_vla_suite.serving.websocket_policy_server:TIMING infer_ms=70.1
INFO:mme_vla_suite.serving.websocket_policy_server:TIMING add_buffer_ms=1460.1 frames=16 exec_start_idx=0
MV_INFER cond=normal split=test task=ButtonUnmaskSwap ep=11 ep_seq=9 infer_seq=35 t=544 es=0 k=33 motion_frames=0,16,32,48,64,80,96,112,128,144,160,176,192,208,224,240,256,272,288,304,320,336,352,368,384,400,416,432,448,464,480,496,512 motion_emb_sha=658b15ed5fa14f42 motion_pos_sha=eab0166000e0ada9 motion_mask=111111111111111111111111111111111000000000000000000000000000000000000000000000000000000000000000 mem_order_sha=84d9776f0a6388a9 motion_cols_sha=8e3bc15ec06039d9 donor=None cover=exact:0,fallback:0,cycle:0,cross_seg:0 gate=none num_steps=10 act_sha=57a619f4ecd99fd9 infer_ms=69.8
INFO:mme_vla_suite.serving.websocket_policy_server:TIMING infer_ms=69.8
INFO:mme_vla_suite.serving.websocket_policy_server:TIMING add_buffer_ms=1466.0 frames=16 exec_start_idx=0
MV_INFER cond=normal split=test task=ButtonUnmaskSwap ep=11 ep_seq=9 infer_seq=36 t=560 es=0 k=34 motion_frames=0,16,32,48,64,80,96,112,128,144,160,176,192,208,224,240,256,272,288,304,320,336,352,368,384,400,416,432,448,464,480,496,512,528 motion_emb_sha=3dcfee98f35bcb15 motion_pos_sha=d43d8a704008daf6 motion_mask=111111111111111111111111111111111100000000000000000000000000000000000000000000000000000000000000 mem_order_sha=6eb9b3f8edf499e7 motion_cols_sha=ad5d71aad766a582 donor=None cover=exact:0,fallback:0,cycle:0,cross_seg:0 gate=none num_steps=10 act_sha=2166511da974743b infer_ms=70.7
INFO:mme_vla_suite.serving.websocket_policy_server:TIMING infer_ms=70.7
INFO:mme_vla_suite.serving.websocket_policy_server:TIMING add_buffer_ms=1458.8 frames=16 exec_start_idx=0
MV_INFER cond=normal split=test task=ButtonUnmaskSwap ep=11 ep_seq=9 infer_seq=37 t=576 es=0 k=35 motion_frames=0,16,32,48,64,80,96,112,128,144,160,176,192,208,224,240,256,272,288,304,320,336,352,368,384,400,416,432,448,464,480,496,512,528,544 motion_emb_sha=fdd67ab120d7a954 motion_pos_sha=de94b3ba18baa253 motion_mask=111111111111111111111111111111111110000000000000000000000000000000000000000000000000000000000000 mem_order_sha=c7e0193d5f8c94eb motion_cols_sha=3b7f200dcc4a154e donor=None cover=exact:0,fallback:0,cycle:0,cross_seg:0 gate=none num_steps=10 act_sha=4273087ca411200d infer_ms=70.0
INFO:mme_vla_suite.serving.websocket_policy_server:TIMING infer_ms=70.0
INFO:mme_vla_suite.serving.websocket_policy_server:TIMING add_buffer_ms=1459.7 frames=16 exec_start_idx=0
MV_INFER cond=normal split=test task=ButtonUnmaskSwap ep=11 ep_seq=9 infer_seq=38 t=592 es=0 k=36 motion_frames=0,16,32,48,64,80,96,112,128,144,160,176,192,208,224,240,256,272,288,304,320,336,352,368,384,400,416,432,448,464,480,496,512,528,544,560 motion_emb_sha=13565254d8dfa480 motion_pos_sha=79d7ee4d77e92fb5 motion_mask=111111111111111111111111111111111111000000000000000000000000000000000000000000000000000000000000 mem_order_sha=d14c08e62b4e5277 motion_cols_sha=93f686b824d1c37a donor=None cover=exact:0,fallback:0,cycle:0,cross_seg:0 gate=none num_steps=10 act_sha=39cfaf6747a52514 infer_ms=69.6
INFO:mme_vla_suite.serving.websocket_policy_server:TIMING infer_ms=69.6
INFO:mme_vla_suite.serving.websocket_policy_server:TIMING add_buffer_ms=1464.4 frames=16 exec_start_idx=0
MV_INFER cond=normal split=test task=ButtonUnmaskSwap ep=11 ep_seq=9 infer_seq=39 t=608 es=0 k=37 motion_frames=0,16,32,48,64,80,96,112,128,144,160,176,192,208,224,240,256,272,288,304,320,336,352,368,384,400,416,432,448,464,480,496,512,528,544,560,576 motion_emb_sha=eeaf714ea47b4053 motion_pos_sha=ed409a2810446f17 motion_mask=111111111111111111111111111111111111100000000000000000000000000000000000000000000000000000000000 mem_order_sha=90d4662a192ae249 motion_cols_sha=3eadc43c4d943830 donor=None cover=exact:0,fallback:0,cycle:0,cross_seg:0 gate=none num_steps=10 act_sha=10c4ab09910fb2e5 infer_ms=69.6
INFO:mme_vla_suite.serving.websocket_policy_server:TIMING infer_ms=69.6
INFO:mme_vla_suite.serving.websocket_policy_server:TIMING add_buffer_ms=1463.7 frames=16 exec_start_idx=0
MV_INFER cond=normal split=test task=ButtonUnmaskSwap ep=11 ep_seq=9 infer_seq=40 t=624 es=0 k=38 motion_frames=0,16,32,48,64,80,96,112,128,144,160,176,192,208,224,240,256,272,288,304,320,336,352,368,384,400,416,432,448,464,480,496,512,528,544,560,576,592 motion_emb_sha=d4ecf78591cee0d9 motion_pos_sha=f11838ac6f537185 motion_mask=111111111111111111111111111111111111110000000000000000000000000000000000000000000000000000000000 mem_order_sha=0161c9793244f505 motion_cols_sha=6171a29cf75a582d donor=None cover=exact:0,fallback:0,cycle:0,cross_seg:0 gate=none num_steps=10 act_sha=c6cb4cfa46616dee infer_ms=69.7
INFO:mme_vla_suite.serving.websocket_policy_server:TIMING infer_ms=69.7
INFO:mme_vla_suite.serving.websocket_policy_server:TIMING add_buffer_ms=1467.8 frames=16 exec_start_idx=0
MV_INFER cond=normal split=test task=ButtonUnmaskSwap ep=11 ep_seq=9 infer_seq=41 t=640 es=0 k=39 motion_frames=0,16,32,48,64,80,96,112,128,144,160,176,192,208,224,240,256,272,288,304,320,336,352,368,384,400,416,432,448,464,480,496,512,528,544,560,576,592,608 motion_emb_sha=2806dc49f6059915 motion_pos_sha=bbe054d478576248 motion_mask=111111111111111111111111111111111111111000000000000000000000000000000000000000000000000000000000 mem_order_sha=3e28a574a561f529 motion_cols_sha=75706cddfb5a49b1 donor=None cover=exact:0,fallback:0,cycle:0,cross_seg:0 gate=none num_steps=10 act_sha=be9dbf4b8832ba6f infer_ms=69.9
INFO:mme_vla_suite.serving.websocket_policy_server:TIMING infer_ms=69.9
INFO:mme_vla_suite.serving.websocket_policy_server:TIMING add_buffer_ms=1460.9 frames=16 exec_start_idx=0
MV_INFER cond=normal split=test task=ButtonUnmaskSwap ep=11 ep_seq=9 infer_seq=42 t=656 es=0 k=40 motion_frames=0,16,32,48,64,80,96,112,128,144,160,176,192,208,224,240,256,272,288,304,320,336,352,368,384,400,416,432,448,464,480,496,512,528,544,560,576,592,608,624 motion_emb_sha=2f9c6448a513eb6d motion_pos_sha=d87c3d15d15b51b8 motion_mask=111111111111111111111111111111111111111100000000000000000000000000000000000000000000000000000000 mem_order_sha=9a1d09ac748abb28 motion_cols_sha=fc48261a83a83b97 donor=None cover=exact:0,fallback:0,cycle:0,cross_seg:0 gate=none num_steps=10 act_sha=7a3bff025f3b272a infer_ms=69.7
INFO:mme_vla_suite.serving.websocket_policy_server:TIMING infer_ms=69.7
INFO:mme_vla_suite.serving.websocket_policy_server:TIMING add_buffer_ms=1461.5 frames=16 exec_start_idx=0
MV_INFER cond=normal split=test task=ButtonUnmaskSwap ep=11 ep_seq=9 infer_seq=43 t=672 es=0 k=41 motion_frames=0,16,32,48,64,80,96,112,128,144,160,176,192,208,224,240,256,272,288,304,320,336,352,368,384,400,416,432,448,464,480,496,512,528,544,560,576,592,608,624,640 motion_emb_sha=da8733c7553a2709 motion_pos_sha=305e09917e6fd5ac motion_mask=111111111111111111111111111111111111111110000000000000000000000000000000000000000000000000000000 mem_order_sha=1f18d2a138bd0bf9 motion_cols_sha=b7950317891542b4 donor=None cover=exact:0,fallback:0,cycle:0,cross_seg:0 gate=none num_steps=10 act_sha=40ce1bbede05feca infer_ms=69.6
INFO:mme_vla_suite.serving.websocket_policy_server:TIMING infer_ms=69.6
INFO:mme_vla_suite.serving.websocket_policy_server:TIMING add_buffer_ms=1460.3 frames=16 exec_start_idx=0
MV_INFER cond=normal split=test task=ButtonUnmaskSwap ep=11 ep_seq=9 infer_seq=44 t=688 es=0 k=42 motion_frames=0,16,32,48,64,80,96,112,128,144,160,176,192,208,224,240,256,272,288,304,320,336,352,368,384,400,416,432,448,464,480,496,512,528,544,560,576,592,608,624,640,656 motion_emb_sha=3ce7ec0284bd6e62 motion_pos_sha=d928bf4021ac4a4b motion_mask=111111111111111111111111111111111111111111000000000000000000000000000000000000000000000000000000 mem_order_sha=0e966687b726d076 motion_cols_sha=2ed9f2bde5da4470 donor=None cover=exact:0,fallback:0,cycle:0,cross_seg:0 gate=none num_steps=10 act_sha=a41052eda63d125b infer_ms=69.5
INFO:mme_vla_suite.serving.websocket_policy_server:TIMING infer_ms=69.5
INFO:mme_vla_suite.serving.websocket_policy_server:TIMING add_buffer_ms=1465.4 frames=16 exec_start_idx=0
MV_INFER cond=normal split=test task=ButtonUnmaskSwap ep=11 ep_seq=9 infer_seq=45 t=704 es=0 k=43 motion_frames=0,16,32,48,64,80,96,112,128,144,160,176,192,208,224,240,256,272,288,304,320,336,352,368,384,400,416,432,448,464,480,496,512,528,544,560,576,592,608,624,640,656,672 motion_emb_sha=d505b9a7c648571d motion_pos_sha=df28f649d327f743 motion_mask=111111111111111111111111111111111111111111100000000000000000000000000000000000000000000000000000 mem_order_sha=64f5fc8956546c66 motion_cols_sha=9ac0355ab034292e donor=None cover=exact:0,fallback:0,cycle:0,cross_seg:0 gate=none num_steps=10 act_sha=e2aceaacf2094d22 infer_ms=69.8
INFO:mme_vla_suite.serving.websocket_policy_server:TIMING infer_ms=69.8
INFO:mme_vla_suite.serving.websocket_policy_server:TIMING add_buffer_ms=1461.7 frames=16 exec_start_idx=0
MV_INFER cond=normal split=test task=ButtonUnmaskSwap ep=11 ep_seq=9 infer_seq=46 t=720 es=0 k=44 motion_frames=0,16,32,48,64,80,96,112,128,144,160,176,192,208,224,240,256,272,288,304,320,336,352,368,384,400,416,432,448,464,480,496,512,528,544,560,576,592,608,624,640,656,672,688 motion_emb_sha=e20a1b4a46dd72c8 motion_pos_sha=16c7916c2054109b motion_mask=111111111111111111111111111111111111111111110000000000000000000000000000000000000000000000000000 mem_order_sha=108683ecd06aac22 motion_cols_sha=5d9657c560621273 donor=None cover=exact:0,fallback:0,cycle:0,cross_seg:0 gate=none num_steps=10 act_sha=6575b4afa52d38d1 infer_ms=69.9
INFO:mme_vla_suite.serving.websocket_policy_server:TIMING infer_ms=69.9
INFO:mme_vla_suite.serving.websocket_policy_server:TIMING add_buffer_ms=1460.8 frames=16 exec_start_idx=0
MV_INFER cond=normal split=test task=ButtonUnmaskSwap ep=11 ep_seq=9 infer_seq=47 t=736 es=0 k=45 motion_frames=0,16,32,48,64,80,96,112,128,144,160,176,192,208,224,240,256,272,288,304,320,336,352,368,384,400,416,432,448,464,480,496,512,528,544,560,576,592,608,624,640,656,672,688,704 motion_emb_sha=34cd4f2486b467c0 motion_pos_sha=1a7312af6542d8c4 motion_mask=111111111111111111111111111111111111111111111000000000000000000000000000000000000000000000000000 mem_order_sha=334900ce00d4edee motion_cols_sha=6aa877e8836977cf donor=None cover=exact:0,fallback:0,cycle:0,cross_seg:0 gate=none num_steps=10 act_sha=7420108f86300923 infer_ms=69.8
INFO:mme_vla_suite.serving.websocket_policy_server:TIMING infer_ms=69.8
INFO:mme_vla_suite.serving.websocket_policy_server:TIMING add_buffer_ms=1465.8 frames=16 exec_start_idx=0
MV_INFER cond=normal split=test task=ButtonUnmaskSwap ep=11 ep_seq=9 infer_seq=48 t=752 es=0 k=46 motion_frames=0,16,32,48,64,80,96,112,128,144,160,176,192,208,224,240,256,272,288,304,320,336,352,368,384,400,416,432,448,464,480,496,512,528,544,560,576,592,608,624,640,656,672,688,704,720 motion_emb_sha=6d4f6e0adac68c24 motion_pos_sha=03f34ee9bd05979f motion_mask=111111111111111111111111111111111111111111111100000000000000000000000000000000000000000000000000 mem_order_sha=eb2eb2afcfeb1ad9 motion_cols_sha=5e7820a41ef36daa donor=None cover=exact:0,fallback:0,cycle:0,cross_seg:0 gate=none num_steps=10 act_sha=268ba97cf4a30e9b infer_ms=69.7
INFO:mme_vla_suite.serving.websocket_policy_server:TIMING infer_ms=69.7
INFO:mme_vla_suite.serving.websocket_policy_server:TIMING add_buffer_ms=1460.2 frames=16 exec_start_idx=0
MV_INFER cond=normal split=test task=ButtonUnmaskSwap ep=11 ep_seq=9 infer_seq=49 t=768 es=0 k=47 motion_frames=0,16,32,48,64,80,96,112,128,144,160,176,192,208,224,240,256,272,288,304,320,336,352,368,384,400,416,432,448,464,480,496,512,528,544,560,576,592,608,624,640,656,672,688,704,720,736 motion_emb_sha=03497ea65a800065 motion_pos_sha=692cb599ce1428a7 motion_mask=111111111111111111111111111111111111111111111110000000000000000000000000000000000000000000000000 mem_order_sha=6562fcffed534ed6 motion_cols_sha=1759c66f866642dc donor=None cover=exact:0,fallback:0,cycle:0,cross_seg:0 gate=none num_steps=10 act_sha=dc8553b05577c2b9 infer_ms=69.6
INFO:mme_vla_suite.serving.websocket_policy_server:TIMING infer_ms=69.6
INFO:mme_vla_suite.serving.websocket_policy_server:TIMING add_buffer_ms=1469.0 frames=16 exec_start_idx=0
MV_INFER cond=normal split=test task=ButtonUnmaskSwap ep=11 ep_seq=9 infer_seq=50 t=784 es=0 k=48 motion_frames=0,16,32,48,64,80,96,112,128,144,160,176,192,208,224,240,256,272,288,304,320,336,352,368,384,400,416,432,448,464,480,496,512,528,544,560,576,592,608,624,640,656,672,688,704,720,736,752 motion_emb_sha=887ee174df8b3a0d motion_pos_sha=c3fe5e84b569016a motion_mask=111111111111111111111111111111111111111111111111000000000000000000000000000000000000000000000000 mem_order_sha=f1a8700e58c41cae motion_cols_sha=99e1f6e9f6bb9c4d donor=None cover=exact:0,fallback:0,cycle:0,cross_seg:0 gate=none num_steps=10 act_sha=a4c3edba1f74fd86 infer_ms=70.1
INFO:mme_vla_suite.serving.websocket_policy_server:TIMING infer_ms=70.1
INFO:mme_vla_suite.serving.websocket_policy_server:TIMING add_buffer_ms=1461.6 frames=16 exec_start_idx=0
MV_INFER cond=normal split=test task=ButtonUnmaskSwap ep=11 ep_seq=9 infer_seq=51 t=800 es=0 k=49 motion_frames=0,16,32,48,64,80,96,112,128,144,160,176,192,208,224,240,256,272,288,304,320,336,352,368,384,400,416,432,448,464,480,496,512,528,544,560,576,592,608,624,640,656,672,688,704,720,736,752,768 motion_emb_sha=b04f4442331e2cfc motion_pos_sha=680f129246f7b6f4 motion_mask=111111111111111111111111111111111111111111111111100000000000000000000000000000000000000000000000 mem_order_sha=2b5cfd5fc3095878 motion_cols_sha=0fbe01f7b49896a1 donor=None cover=exact:0,fallback:0,cycle:0,cross_seg:0 gate=none num_steps=10 act_sha=b87f18dea41d247a infer_ms=70.0
INFO:mme_vla_suite.serving.websocket_policy_server:TIMING infer_ms=70.0
INFO:mme_vla_suite.serving.websocket_policy_server:TIMING add_buffer_ms=1460.1 frames=16 exec_start_idx=0
MV_INFER cond=normal split=test task=ButtonUnmaskSwap ep=11 ep_seq=9 infer_seq=52 t=816 es=0 k=50 motion_frames=0,16,32,48,64,80,96,112,128,144,160,176,192,208,224,240,256,272,288,304,320,336,352,368,384,400,416,432,448,464,480,496,512,528,544,560,576,592,608,624,640,656,672,688,704,720,736,752,768,784 motion_emb_sha=2507fac6516c249f motion_pos_sha=2310564d1b9957fd motion_mask=111111111111111111111111111111111111111111111111110000000000000000000000000000000000000000000000 mem_order_sha=0121728e581ca339 motion_cols_sha=3146bf3efe6b3a23 donor=None cover=exact:0,fallback:0,cycle:0,cross_seg:0 gate=none num_steps=10 act_sha=5dc167ed7c25bfb8 infer_ms=69.6
INFO:mme_vla_suite.serving.websocket_policy_server:TIMING infer_ms=69.6
INFO:mme_vla_suite.serving.websocket_policy_server:TIMING add_buffer_ms=1466.7 frames=16 exec_start_idx=0
MV_INFER cond=normal split=test task=ButtonUnmaskSwap ep=11 ep_seq=9 infer_seq=53 t=832 es=0 k=51 motion_frames=0,16,32,48,64,80,96,112,128,144,160,176,192,208,224,240,256,272,288,304,320,336,352,368,384,400,416,432,448,464,480,496,512,528,544,560,576,592,608,624,640,656,672,688,704,720,736,752,768,784,800 motion_emb_sha=5ab256bbd5add54d motion_pos_sha=600430e170ebc9a0 motion_mask=111111111111111111111111111111111111111111111111111000000000000000000000000000000000000000000000 mem_order_sha=875f38b8693b6012 motion_cols_sha=d23bb84a612c3654 donor=None cover=exact:0,fallback:0,cycle:0,cross_seg:0 gate=none num_steps=10 act_sha=4de77356bf3d3cdb infer_ms=69.7
INFO:mme_vla_suite.serving.websocket_policy_server:TIMING infer_ms=69.7
[sidecar pid=833148] 窗 #701 起点 816 耗时 1417 ms（累计 1324s）
INFO:mme_vla_suite.serving.websocket_policy_server:TIMING add_buffer_ms=1464.3 frames=16 exec_start_idx=0
MV_INFER cond=normal split=test task=ButtonUnmaskSwap ep=11 ep_seq=9 infer_seq=54 t=848 es=0 k=52 motion_frames=0,16,32,48,64,80,96,112,128,144,160,176,192,208,224,240,256,272,288,304,320,336,352,368,384,400,416,432,448,464,480,496,512,528,544,560,576,592,608,624,640,656,672,688,704,720,736,752,768,784,800,816 motion_emb_sha=fa5a5ae570428a37 motion_pos_sha=2d007f1393a57404 motion_mask=111111111111111111111111111111111111111111111111111100000000000000000000000000000000000000000000 mem_order_sha=8cda0cc9e165fc7b motion_cols_sha=6ea7276cd41fa784 donor=None cover=exact:0,fallback:0,cycle:0,cross_seg:0 gate=none num_steps=10 act_sha=ec167aa3c3451522 infer_ms=69.7
INFO:mme_vla_suite.serving.websocket_policy_server:TIMING infer_ms=69.7
INFO:mme_vla_suite.serving.websocket_policy_server:TIMING add_buffer_ms=1465.1 frames=16 exec_start_idx=0
MV_INFER cond=normal split=test task=ButtonUnmaskSwap ep=11 ep_seq=9 infer_seq=55 t=864 es=0 k=53 motion_frames=0,16,32,48,64,80,96,112,128,144,160,176,192,208,224,240,256,272,288,304,320,336,352,368,384,400,416,432,448,464,480,496,512,528,544,560,576,592,608,624,640,656,672,688,704,720,736,752,768,784,800,816,832 motion_emb_sha=204957a65714c6eb motion_pos_sha=f42da141b1d4c82c motion_mask=111111111111111111111111111111111111111111111111111110000000000000000000000000000000000000000000 mem_order_sha=0dabd1444bc80074 motion_cols_sha=89f30c99564ea731 donor=None cover=exact:0,fallback:0,cycle:0,cross_seg:0 gate=none num_steps=10 act_sha=51bbb9e7b761c3ec infer_ms=69.6
INFO:mme_vla_suite.serving.websocket_policy_server:TIMING infer_ms=69.6
INFO:mme_vla_suite.serving.websocket_policy_server:TIMING add_buffer_ms=1460.3 frames=16 exec_start_idx=0
MV_INFER cond=normal split=test task=ButtonUnmaskSwap ep=11 ep_seq=9 infer_seq=56 t=880 es=0 k=54 motion_frames=0,16,32,48,64,80,96,112,128,144,160,176,192,208,224,240,256,272,288,304,320,336,352,368,384,400,416,432,448,464,480,496,512,528,544,560,576,592,608,624,640,656,672,688,704,720,736,752,768,784,800,816,832,848 motion_emb_sha=5e91cbc290f35a92 motion_pos_sha=01060eddb55ef662 motion_mask=111111111111111111111111111111111111111111111111111111000000000000000000000000000000000000000000 mem_order_sha=a4e3eafb5ffafe0b motion_cols_sha=e349514dca693b7f donor=None cover=exact:0,fallback:0,cycle:0,cross_seg:0 gate=none num_steps=10 act_sha=6b2b6423c6dc6d40 infer_ms=69.5
INFO:mme_vla_suite.serving.websocket_policy_server:TIMING infer_ms=69.5
INFO:mme_vla_suite.serving.websocket_policy_server:TIMING add_buffer_ms=1463.0 frames=16 exec_start_idx=0
MV_INFER cond=normal split=test task=ButtonUnmaskSwap ep=11 ep_seq=9 infer_seq=57 t=896 es=0 k=55 motion_frames=0,16,32,48,64,80,96,112,128,144,160,176,192,208,224,240,256,272,288,304,320,336,352,368,384,400,416,432,448,464,480,496,512,528,544,560,576,592,608,624,640,656,672,688,704,720,736,752,768,784,800,816,832,848,864 motion_emb_sha=bca1bd1c9c2c473b motion_pos_sha=73234d7bb22f2334 motion_mask=111111111111111111111111111111111111111111111111111111100000000000000000000000000000000000000000 mem_order_sha=395346a4f540e9de motion_cols_sha=078b54ea6363443a donor=None cover=exact:0,fallback:0,cycle:0,cross_seg:0 gate=none num_steps=10 act_sha=f38180c69907992b infer_ms=69.9
INFO:mme_vla_suite.serving.websocket_policy_server:TIMING infer_ms=69.9
INFO:mme_vla_suite.serving.websocket_policy_server:TIMING add_buffer_ms=1474.5 frames=16 exec_start_idx=0
MV_INFER cond=normal split=test task=ButtonUnmaskSwap ep=11 ep_seq=9 infer_seq=58 t=912 es=0 k=56 motion_frames=0,16,32,48,64,80,96,112,128,144,160,176,192,208,224,240,256,272,288,304,320,336,352,368,384,400,416,432,448,464,480,496,512,528,544,560,576,592,608,624,640,656,672,688,704,720,736,752,768,784,800,816,832,848,864,880 motion_emb_sha=2a685b90f73bd848 motion_pos_sha=e1476f70fa43befe motion_mask=111111111111111111111111111111111111111111111111111111110000000000000000000000000000000000000000 mem_order_sha=3476e1e03f0ca6e3 motion_cols_sha=a5aa69c91f1f7b29 donor=None cover=exact:0,fallback:0,cycle:0,cross_seg:0 gate=none num_steps=10 act_sha=7d671d24049475e9 infer_ms=69.6
INFO:mme_vla_suite.serving.websocket_policy_server:TIMING infer_ms=69.6
INFO:mme_vla_suite.serving.websocket_policy_server:TIMING add_buffer_ms=1464.2 frames=16 exec_start_idx=0
MV_INFER cond=normal split=test task=ButtonUnmaskSwap ep=11 ep_seq=9 infer_seq=59 t=928 es=0 k=57 motion_frames=0,16,32,48,64,80,96,112,128,144,160,176,192,208,224,240,256,272,288,304,320,336,352,368,384,400,416,432,448,464,480,496,512,528,544,560,576,592,608,624,640,656,672,688,704,720,736,752,768,784,800,816,832,848,864,880,896 motion_emb_sha=ee7aed51cf4ecbc0 motion_pos_sha=bca8ade9114e0e68 motion_mask=111111111111111111111111111111111111111111111111111111111000000000000000000000000000000000000000 mem_order_sha=a777cdac8f3e3557 motion_cols_sha=2da46f232ede0f69 donor=None cover=exact:0,fallback:0,cycle:0,cross_seg:0 gate=none num_steps=10 act_sha=5bcd5cafb47b6784 infer_ms=69.7
INFO:mme_vla_suite.serving.websocket_policy_server:TIMING infer_ms=69.7
INFO:mme_vla_suite.serving.websocket_policy_server:TIMING add_buffer_ms=1462.0 frames=16 exec_start_idx=0
MV_INFER cond=normal split=test task=ButtonUnmaskSwap ep=11 ep_seq=9 infer_seq=60 t=944 es=0 k=58 motion_frames=0,16,32,48,64,80,96,112,128,144,160,176,192,208,224,240,256,272,288,304,320,336,352,368,384,400,416,432,448,464,480,496,512,528,544,560,576,592,608,624,640,656,672,688,704,720,736,752,768,784,800,816,832,848,864,880,896,912 motion_emb_sha=888e840b0521705b motion_pos_sha=34b7233dd99a2db0 motion_mask=111111111111111111111111111111111111111111111111111111111100000000000000000000000000000000000000 mem_order_sha=6320e4ba2d244586 motion_cols_sha=3b208a16db9ab136 donor=None cover=exact:0,fallback:0,cycle:0,cross_seg:0 gate=none num_steps=10 act_sha=010c578f02ba2195 infer_ms=69.7
INFO:mme_vla_suite.serving.websocket_policy_server:TIMING infer_ms=69.7
INFO:mme_vla_suite.serving.websocket_policy_server:TIMING add_buffer_ms=1468.5 frames=16 exec_start_idx=0
MV_INFER cond=normal split=test task=ButtonUnmaskSwap ep=11 ep_seq=9 infer_seq=61 t=960 es=0 k=59 motion_frames=0,16,32,48,64,80,96,112,128,144,160,176,192,208,224,240,256,272,288,304,320,336,352,368,384,400,416,432,448,464,480,496,512,528,544,560,576,592,608,624,640,656,672,688,704,720,736,752,768,784,800,816,832,848,864,880,896,912,928 motion_emb_sha=57d9d090b5a84692 motion_pos_sha=cb7f48c244f6b94b motion_mask=111111111111111111111111111111111111111111111111111111111110000000000000000000000000000000000000 mem_order_sha=39c29249fe13bc2b motion_cols_sha=3e0e13de4529aac8 donor=None cover=exact:0,fallback:0,cycle:0,cross_seg:0 gate=none num_steps=10 act_sha=4ac9da3fb58d61ad infer_ms=69.9
INFO:mme_vla_suite.serving.websocket_policy_server:TIMING infer_ms=69.9
INFO:mme_vla_suite.serving.websocket_policy_server:TIMING add_buffer_ms=1459.0 frames=16 exec_start_idx=0
MV_INFER cond=normal split=test task=ButtonUnmaskSwap ep=11 ep_seq=9 infer_seq=62 t=976 es=0 k=60 motion_frames=0,16,32,48,64,80,96,112,128,144,160,176,192,208,224,240,256,272,288,304,320,336,352,368,384,400,416,432,448,464,480,496,512,528,544,560,576,592,608,624,640,656,672,688,704,720,736,752,768,784,800,816,832,848,864,880,896,912,928,944 motion_emb_sha=58527727af38edb9 motion_pos_sha=0c8df1a6e41b5e23 motion_mask=111111111111111111111111111111111111111111111111111111111111000000000000000000000000000000000000 mem_order_sha=20d30cf76b3da92d motion_cols_sha=d14deafb868159f6 donor=None cover=exact:0,fallback:0,cycle:0,cross_seg:0 gate=none num_steps=10 act_sha=3237cb6b4036a20c infer_ms=69.9
INFO:mme_vla_suite.serving.websocket_policy_server:TIMING infer_ms=69.9
INFO:mme_vla_suite.serving.websocket_policy_server:TIMING add_buffer_ms=1461.9 frames=16 exec_start_idx=0
MV_INFER cond=normal split=test task=ButtonUnmaskSwap ep=11 ep_seq=9 infer_seq=63 t=992 es=0 k=61 motion_frames=0,16,32,48,64,80,96,112,128,144,160,176,192,208,224,240,256,272,288,304,320,336,352,368,384,400,416,432,448,464,480,496,512,528,544,560,576,592,608,624,640,656,672,688,704,720,736,752,768,784,800,816,832,848,864,880,896,912,928,944,960 motion_emb_sha=8f4435539f41d602 motion_pos_sha=6969e5ef8a2647ad motion_mask=111111111111111111111111111111111111111111111111111111111111100000000000000000000000000000000000 mem_order_sha=ea99f596f81da8fb motion_cols_sha=e49e1ad67faf939a donor=None cover=exact:0,fallback:0,cycle:0,cross_seg:0 gate=none num_steps=10 act_sha=6f164cb0396eaf34 infer_ms=69.6
INFO:mme_vla_suite.serving.websocket_policy_server:TIMING infer_ms=69.6
INFO:mme_vla_suite.serving.websocket_policy_server:TIMING add_buffer_ms=1460.4 frames=16 exec_start_idx=0
MV_INFER cond=normal split=test task=ButtonUnmaskSwap ep=11 ep_seq=9 infer_seq=64 t=1008 es=0 k=62 motion_frames=0,16,32,48,64,80,96,112,128,144,160,176,192,208,224,240,256,272,288,304,320,336,352,368,384,400,416,432,448,464,480,496,512,528,544,560,576,592,608,624,640,656,672,688,704,720,736,752,768,784,800,816,832,848,864,880,896,912,928,944,960,976 motion_emb_sha=461b6b4a0e3bcbc8 motion_pos_sha=68a304bc0f81b2d1 motion_mask=111111111111111111111111111111111111111111111111111111111111110000000000000000000000000000000000 mem_order_sha=cb85039bc8deeee3 motion_cols_sha=9f68376775df092c donor=None cover=exact:0,fallback:0,cycle:0,cross_seg:0 gate=none num_steps=10 act_sha=9bebaff4c791b0ca infer_ms=69.6
INFO:mme_vla_suite.serving.websocket_policy_server:TIMING infer_ms=69.6
INFO:mme_vla_suite.serving.websocket_policy_server:TIMING add_buffer_ms=1467.0 frames=16 exec_start_idx=0
MV_INFER cond=normal split=test task=ButtonUnmaskSwap ep=11 ep_seq=9 infer_seq=65 t=1024 es=0 k=63 motion_frames=0,16,32,48,64,80,96,112,128,144,160,176,192,208,224,240,256,272,288,304,320,336,352,368,384,400,416,432,448,464,480,496,512,528,544,560,576,592,608,624,640,656,672,688,704,720,736,752,768,784,800,816,832,848,864,880,896,912,928,944,960,976,992 motion_emb_sha=27a1ea243194be30 motion_pos_sha=3a3d8e518a7990d0 motion_mask=111111111111111111111111111111111111111111111111111111111111111000000000000000000000000000000000 mem_order_sha=11fb4b3c9a39ff46 motion_cols_sha=84d86e447056559d donor=None cover=exact:0,fallback:0,cycle:0,cross_seg:0 gate=none num_steps=10 act_sha=3fb28ea9cb733b48 infer_ms=69.9
INFO:mme_vla_suite.serving.websocket_policy_server:TIMING infer_ms=69.9
INFO:mme_vla_suite.serving.websocket_policy_server:TIMING add_buffer_ms=1460.4 frames=16 exec_start_idx=0
MV_INFER cond=normal split=test task=ButtonUnmaskSwap ep=11 ep_seq=9 infer_seq=66 t=1040 es=0 k=64 motion_frames=0,16,32,48,64,80,96,112,128,144,160,176,192,208,224,240,256,272,288,304,320,336,352,368,384,400,416,432,448,464,480,496,512,528,544,560,576,592,608,624,640,656,672,688,704,720,736,752,768,784,800,816,832,848,864,880,896,912,928,944,960,976,992,1008 motion_emb_sha=9cabbcef58fa9f5b motion_pos_sha=53ffaa05042f1487 motion_mask=111111111111111111111111111111111111111111111111111111111111111100000000000000000000000000000000 mem_order_sha=173c4f5cff3909ff motion_cols_sha=6b874a13dc5773fe donor=None cover=exact:0,fallback:0,cycle:0,cross_seg:0 gate=none num_steps=10 act_sha=f71e9f901033503a infer_ms=70.6
INFO:mme_vla_suite.serving.websocket_policy_server:TIMING infer_ms=70.6
INFO:mme_vla_suite.serving.websocket_policy_server:TIMING add_buffer_ms=1468.1 frames=16 exec_start_idx=0
MV_INFER cond=normal split=test task=ButtonUnmaskSwap ep=11 ep_seq=9 infer_seq=67 t=1056 es=0 k=65 motion_frames=0,16,32,48,64,80,96,112,128,144,160,176,192,208,224,240,256,272,288,304,320,336,352,368,384,400,416,432,448,464,480,496,512,528,544,560,576,592,608,624,640,656,672,688,704,720,736,752,768,784,800,816,832,848,864,880,896,912,928,944,960,976,992,1008,1024 motion_emb_sha=689ca7141178b577 motion_pos_sha=c418e4d946bed0c9 motion_mask=111111111111111111111111111111111111111111111111111111111111111110000000000000000000000000000000 mem_order_sha=92dea94c12a99a47 motion_cols_sha=52b8373c7987aeda donor=None cover=exact:0,fallback:0,cycle:0,cross_seg:0 gate=none num_steps=10 act_sha=37974afd0b11c7a6 infer_ms=69.6
INFO:mme_vla_suite.serving.websocket_policy_server:TIMING infer_ms=69.6
INFO:mme_vla_suite.serving.websocket_policy_server:TIMING add_buffer_ms=1466.7 frames=16 exec_start_idx=0
MV_INFER cond=normal split=test task=ButtonUnmaskSwap ep=11 ep_seq=9 infer_seq=68 t=1072 es=0 k=66 motion_frames=0,16,32,48,64,80,96,112,128,144,160,176,192,208,224,240,256,272,288,304,320,336,352,368,384,400,416,432,448,464,480,496,512,528,544,560,576,592,608,624,640,656,672,688,704,720,736,752,768,784,800,816,832,848,864,880,896,912,928,944,960,976,992,1008,1024,1040 motion_emb_sha=fd911ea7bc21d956 motion_pos_sha=4be728651e8fa641 motion_mask=111111111111111111111111111111111111111111111111111111111111111111000000000000000000000000000000 mem_order_sha=5f81dcb5ffcc7505 motion_cols_sha=4e8d37dd9b433350 donor=None cover=exact:0,fallback:0,cycle:0,cross_seg:0 gate=none num_steps=10 act_sha=c20790edd23812e9 infer_ms=69.7
INFO:mme_vla_suite.serving.websocket_policy_server:TIMING infer_ms=69.7
INFO:mme_vla_suite.serving.websocket_policy_server:TIMING add_buffer_ms=1467.4 frames=16 exec_start_idx=0
MV_INFER cond=normal split=test task=ButtonUnmaskSwap ep=11 ep_seq=9 infer_seq=69 t=1088 es=0 k=67 motion_frames=0,16,32,48,64,80,96,112,128,144,160,176,192,208,224,240,256,272,288,304,320,336,352,368,384,400,416,432,448,464,480,496,512,528,544,560,576,592,608,624,640,656,672,688,704,720,736,752,768,784,800,816,832,848,864,880,896,912,928,944,960,976,992,1008,1024,1040,1056 motion_emb_sha=caa3b6b07660dfa9 motion_pos_sha=4be2cf300c672914 motion_mask=111111111111111111111111111111111111111111111111111111111111111111100000000000000000000000000000 mem_order_sha=ed1cfe5e10d900a5 motion_cols_sha=9f325d883e270012 donor=None cover=exact:0,fallback:0,cycle:0,cross_seg:0 gate=none num_steps=10 act_sha=6ce1e91683dcb5e9 infer_ms=70.1
INFO:mme_vla_suite.serving.websocket_policy_server:TIMING infer_ms=70.1
INFO:mme_vla_suite.serving.websocket_policy_server:TIMING add_buffer_ms=1463.6 frames=16 exec_start_idx=0
MV_INFER cond=normal split=test task=ButtonUnmaskSwap ep=11 ep_seq=9 infer_seq=70 t=1104 es=0 k=68 motion_frames=0,16,32,48,64,80,96,112,128,144,160,176,192,208,224,240,256,272,288,304,320,336,352,368,384,400,416,432,448,464,480,496,512,528,544,560,576,592,608,624,640,656,672,688,704,720,736,752,768,784,800,816,832,848,864,880,896,912,928,944,960,976,992,1008,1024,1040,1056,1072 motion_emb_sha=f536f325899e027a motion_pos_sha=f1771cc9a7c1c81a motion_mask=111111111111111111111111111111111111111111111111111111111111111111110000000000000000000000000000 mem_order_sha=2b2ce7eded738651 motion_cols_sha=e1d7e941199ff79f donor=None cover=exact:0,fallback:0,cycle:0,cross_seg:0 gate=none num_steps=10 act_sha=321c30ae279f8ed2 infer_ms=70.0
INFO:mme_vla_suite.serving.websocket_policy_server:TIMING infer_ms=70.0
INFO:mme_vla_suite.serving.websocket_policy_server:TIMING add_buffer_ms=1468.7 frames=16 exec_start_idx=0
MV_INFER cond=normal split=test task=ButtonUnmaskSwap ep=11 ep_seq=9 infer_seq=71 t=1120 es=0 k=69 motion_frames=0,16,32,48,64,80,96,112,128,144,160,176,192,208,224,240,256,272,288,304,320,336,352,368,384,400,416,432,448,464,480,496,512,528,544,560,576,592,608,624,640,656,672,688,704,720,736,752,768,784,800,816,832,848,864,880,896,912,928,944,960,976,992,1008,1024,1040,1056,1072,1088 motion_emb_sha=7bbcc9b88c7cc96e motion_pos_sha=64e385d9c7350895 motion_mask=111111111111111111111111111111111111111111111111111111111111111111111000000000000000000000000000 mem_order_sha=bd58339f940fb782 motion_cols_sha=e969946faa6cf423 donor=None cover=exact:0,fallback:0,cycle:0,cross_seg:0 gate=none num_steps=10 act_sha=10faf95a1ceff0b0 infer_ms=69.8
INFO:mme_vla_suite.serving.websocket_policy_server:TIMING infer_ms=69.8
INFO:mme_vla_suite.serving.websocket_policy_server:TIMING add_buffer_ms=1465.8 frames=16 exec_start_idx=0
MV_INFER cond=normal split=test task=ButtonUnmaskSwap ep=11 ep_seq=9 infer_seq=72 t=1136 es=0 k=70 motion_frames=0,16,32,48,64,80,96,112,128,144,160,176,192,208,224,240,256,272,288,304,320,336,352,368,384,400,416,432,448,464,480,496,512,528,544,560,576,592,608,624,640,656,672,688,704,720,736,752,768,784,800,816,832,848,864,880,896,912,928,944,960,976,992,1008,1024,1040,1056,1072,1088,1104 motion_emb_sha=94eb485f8934d884 motion_pos_sha=02413430471dedfa motion_mask=111111111111111111111111111111111111111111111111111111111111111111111100000000000000000000000000 mem_order_sha=0b404dd327a8564d motion_cols_sha=87fa21f0aa357e1d donor=None cover=exact:0,fallback:0,cycle:0,cross_seg:0 gate=none num_steps=10 act_sha=c74c448a53c46c68 infer_ms=70.2
INFO:mme_vla_suite.serving.websocket_policy_server:TIMING infer_ms=70.2
INFO:mme_vla_suite.serving.websocket_policy_server:TIMING add_buffer_ms=1465.2 frames=16 exec_start_idx=0
MV_INFER cond=normal split=test task=ButtonUnmaskSwap ep=11 ep_seq=9 infer_seq=73 t=1152 es=0 k=71 motion_frames=0,16,32,48,64,80,96,112,128,144,160,176,192,208,224,240,256,272,288,304,320,336,352,368,384,400,416,432,448,464,480,496,512,528,544,560,576,592,608,624,640,656,672,688,704,720,736,752,768,784,800,816,832,848,864,880,896,912,928,944,960,976,992,1008,1024,1040,1056,1072,1088,1104,1120 motion_emb_sha=edd867a06d336e42 motion_pos_sha=fab88c141df710d5 motion_mask=111111111111111111111111111111111111111111111111111111111111111111111110000000000000000000000000 mem_order_sha=a889ac580cefd71c motion_cols_sha=3c468ad914141d0d donor=None cover=exact:0,fallback:0,cycle:0,cross_seg:0 gate=none num_steps=10 act_sha=6461dd2500a2af96 infer_ms=69.6
INFO:mme_vla_suite.serving.websocket_policy_server:TIMING infer_ms=69.6
INFO:mme_vla_suite.serving.websocket_policy_server:TIMING add_buffer_ms=1476.2 frames=16 exec_start_idx=0
MV_INFER cond=normal split=test task=ButtonUnmaskSwap ep=11 ep_seq=9 infer_seq=74 t=1168 es=0 k=72 motion_frames=0,16,32,48,64,80,96,112,128,144,160,176,192,208,224,240,256,272,288,304,320,336,352,368,384,400,416,432,448,464,480,496,512,528,544,560,576,592,608,624,640,656,672,688,704,720,736,752,768,784,800,816,832,848,864,880,896,912,928,944,960,976,992,1008,1024,1040,1056,1072,1088,1104,1120,1136 motion_emb_sha=628891dd49a26d77 motion_pos_sha=d6a6837d103909b7 motion_mask=111111111111111111111111111111111111111111111111111111111111111111111111000000000000000000000000 mem_order_sha=d483b82ad6dc5168 motion_cols_sha=0c6c7ed6aacf4632 donor=None cover=exact:0,fallback:0,cycle:0,cross_seg:0 gate=none num_steps=10 act_sha=2700236e96dacb50 infer_ms=70.2
INFO:mme_vla_suite.serving.websocket_policy_server:TIMING infer_ms=70.2
INFO:mme_vla_suite.serving.websocket_policy_server:TIMING add_buffer_ms=1468.1 frames=16 exec_start_idx=0
MV_INFER cond=normal split=test task=ButtonUnmaskSwap ep=11 ep_seq=9 infer_seq=75 t=1184 es=0 k=73 motion_frames=0,16,32,48,64,80,96,112,128,144,160,176,192,208,224,240,256,272,288,304,320,336,352,368,384,400,416,432,448,464,480,496,512,528,544,560,576,592,608,624,640,656,672,688,704,720,736,752,768,784,800,816,832,848,864,880,896,912,928,944,960,976,992,1008,1024,1040,1056,1072,1088,1104,1120,1136,1152 motion_emb_sha=4b0b4c7cd0e004ac motion_pos_sha=b9f2cb6eb308ecb4 motion_mask=111111111111111111111111111111111111111111111111111111111111111111111111100000000000000000000000 mem_order_sha=d02d0aed837362f6 motion_cols_sha=2a3614e2ed121717 donor=None cover=exact:0,fallback:0,cycle:0,cross_seg:0 gate=none num_steps=10 act_sha=7b3ea1ee7c617824 infer_ms=70.2
INFO:mme_vla_suite.serving.websocket_policy_server:TIMING infer_ms=70.2
INFO:mme_vla_suite.serving.websocket_policy_server:TIMING add_buffer_ms=1468.1 frames=16 exec_start_idx=0
MV_INFER cond=normal split=test task=ButtonUnmaskSwap ep=11 ep_seq=9 infer_seq=76 t=1200 es=0 k=74 motion_frames=0,16,32,48,64,80,96,112,128,144,160,176,192,208,224,240,256,272,288,304,320,336,352,368,384,400,416,432,448,464,480,496,512,528,544,560,576,592,608,624,640,656,672,688,704,720,736,752,768,784,800,816,832,848,864,880,896,912,928,944,960,976,992,1008,1024,1040,1056,1072,1088,1104,1120,1136,1152,1168 motion_emb_sha=9cda60bbb9c12f1f motion_pos_sha=c16da1b65c95ec2c motion_mask=111111111111111111111111111111111111111111111111111111111111111111111111110000000000000000000000 mem_order_sha=5e6b887dca10ded1 motion_cols_sha=0637e352fbbaefdf donor=None cover=exact:0,fallback:0,cycle:0,cross_seg:0 gate=none num_steps=10 act_sha=ccb157ebdc6dbfa4 infer_ms=70.6
INFO:mme_vla_suite.serving.websocket_policy_server:TIMING infer_ms=70.6
INFO:mme_vla_suite.serving.websocket_policy_server:TIMING add_buffer_ms=1472.8 frames=16 exec_start_idx=0
MV_INFER cond=normal split=test task=ButtonUnmaskSwap ep=11 ep_seq=9 infer_seq=77 t=1216 es=0 k=75 motion_frames=0,16,32,48,64,80,96,112,128,144,160,176,192,208,224,240,256,272,288,304,320,336,352,368,384,400,416,432,448,464,480,496,512,528,544,560,576,592,608,624,640,656,672,688,704,720,736,752,768,784,800,816,832,848,864,880,896,912,928,944,960,976,992,1008,1024,1040,1056,1072,1088,1104,1120,1136,1152,1168,1184 motion_emb_sha=91e1b27b241f9659 motion_pos_sha=6aa36bab2e46f370 motion_mask=111111111111111111111111111111111111111111111111111111111111111111111111111000000000000000000000 mem_order_sha=d100c887873fb6e6 motion_cols_sha=846007b9906b64ef donor=None cover=exact:0,fallback:0,cycle:0,cross_seg:0 gate=none num_steps=10 act_sha=4036cf3b10b347dc infer_ms=71.2
INFO:mme_vla_suite.serving.websocket_policy_server:TIMING infer_ms=71.2
INFO:mme_vla_suite.serving.websocket_policy_server:TIMING add_buffer_ms=1486.7 frames=16 exec_start_idx=0
MV_INFER cond=normal split=test task=ButtonUnmaskSwap ep=11 ep_seq=9 infer_seq=78 t=1232 es=0 k=76 motion_frames=0,16,32,48,64,80,96,112,128,144,160,176,192,208,224,240,256,272,288,304,320,336,352,368,384,400,416,432,448,464,480,496,512,528,544,560,576,592,608,624,640,656,672,688,704,720,736,752,768,784,800,816,832,848,864,880,896,912,928,944,960,976,992,1008,1024,1040,1056,1072,1088,1104,1120,1136,1152,1168,1184,1200 motion_emb_sha=27dc4a74890007ea motion_pos_sha=39a2d766dea0ddac motion_mask=111111111111111111111111111111111111111111111111111111111111111111111111111100000000000000000000 mem_order_sha=601ccd8775c9d37f motion_cols_sha=fb27e958d1ca6acf donor=None cover=exact:0,fallback:0,cycle:0,cross_seg:0 gate=none num_steps=10 act_sha=85924ac7e55ff31a infer_ms=69.8
INFO:mme_vla_suite.serving.websocket_policy_server:TIMING infer_ms=69.8
INFO:mme_vla_suite.serving.websocket_policy_server:TIMING add_buffer_ms=1464.4 frames=16 exec_start_idx=0
MV_INFER cond=normal split=test task=ButtonUnmaskSwap ep=11 ep_seq=9 infer_seq=79 t=1248 es=0 k=77 motion_frames=0,16,32,48,64,80,96,112,128,144,160,176,192,208,224,240,256,272,288,304,320,336,352,368,384,400,416,432,448,464,480,496,512,528,544,560,576,592,608,624,640,656,672,688,704,720,736,752,768,784,800,816,832,848,864,880,896,912,928,944,960,976,992,1008,1024,1040,1056,1072,1088,1104,1120,1136,1152,1168,1184,1200,1216 motion_emb_sha=91a841de4b0b1b5a motion_pos_sha=6ed6eeb0d66bd601 motion_mask=111111111111111111111111111111111111111111111111111111111111111111111111111110000000000000000000 mem_order_sha=ccc9899d21634b2a motion_cols_sha=d02ea63e106e047b donor=None cover=exact:0,fallback:0,cycle:0,cross_seg:0 gate=none num_steps=10 act_sha=e2278d3dad5fc397 infer_ms=70.0
INFO:mme_vla_suite.serving.websocket_policy_server:TIMING infer_ms=70.0
INFO:mme_vla_suite.serving.websocket_policy_server:TIMING add_buffer_ms=1473.1 frames=16 exec_start_idx=0
MV_INFER cond=normal split=test task=ButtonUnmaskSwap ep=11 ep_seq=9 infer_seq=80 t=1264 es=0 k=78 motion_frames=0,16,32,48,64,80,96,112,128,144,160,176,192,208,224,240,256,272,288,304,320,336,352,368,384,400,416,432,448,464,480,496,512,528,544,560,576,592,608,624,640,656,672,688,704,720,736,752,768,784,800,816,832,848,864,880,896,912,928,944,960,976,992,1008,1024,1040,1056,1072,1088,1104,1120,1136,1152,1168,1184,1200,1216,1232 motion_emb_sha=df418e335508d827 motion_pos_sha=b56acc673c0e014a motion_mask=111111111111111111111111111111111111111111111111111111111111111111111111111111000000000000000000 mem_order_sha=2a2e1a3758e26885 motion_cols_sha=ae9de628d8823bf2 donor=None cover=exact:0,fallback:0,cycle:0,cross_seg:0 gate=none num_steps=10 act_sha=64cc93070b5d7e68 infer_ms=69.8
INFO:mme_vla_suite.serving.websocket_policy_server:TIMING infer_ms=69.8
INFO:mme_vla_suite.serving.websocket_policy_server:TIMING add_buffer_ms=1466.3 frames=16 exec_start_idx=0
MV_INFER cond=normal split=test task=ButtonUnmaskSwap ep=11 ep_seq=9 infer_seq=81 t=1280 es=0 k=79 motion_frames=0,16,32,48,64,80,96,112,128,144,160,176,192,208,224,240,256,272,288,304,320,336,352,368,384,400,416,432,448,464,480,496,512,528,544,560,576,592,608,624,640,656,672,688,704,720,736,752,768,784,800,816,832,848,864,880,896,912,928,944,960,976,992,1008,1024,1040,1056,1072,1088,1104,1120,1136,1152,1168,1184,1200,1216,1232,1248 motion_emb_sha=6d2fbfe95a54b4a8 motion_pos_sha=b50012ccc2a650c3 motion_mask=111111111111111111111111111111111111111111111111111111111111111111111111111111100000000000000000 mem_order_sha=1fed3421d7469d6a motion_cols_sha=b62f12e1cc2e6f4f donor=None cover=exact:0,fallback:0,cycle:0,cross_seg:0 gate=none num_steps=10 act_sha=91522dc6f55385d9 infer_ms=69.6
INFO:mme_vla_suite.serving.websocket_policy_server:TIMING infer_ms=69.6
INFO:mme_vla_suite.serving.websocket_policy_server:TIMING add_buffer_ms=1465.3 frames=16 exec_start_idx=0
MV_INFER cond=normal split=test task=ButtonUnmaskSwap ep=11 ep_seq=9 infer_seq=82 t=1296 es=0 k=80 motion_frames=0,16,32,48,64,80,96,112,128,144,160,176,192,208,224,240,256,272,288,304,320,336,352,368,384,400,416,432,448,464,480,496,512,528,544,560,576,592,608,624,640,656,672,688,704,720,736,752,768,784,800,816,832,848,864,880,896,912,928,944,960,976,992,1008,1024,1040,1056,1072,1088,1104,1120,1136,1152,1168,1184,1200,1216,1232,1248,1264 motion_emb_sha=0a356bfffd8c319c motion_pos_sha=d5131e7c6233e7d1 motion_mask=111111111111111111111111111111111111111111111111111111111111111111111111111111110000000000000000 mem_order_sha=a4387b88c08b7549 motion_cols_sha=81f2fc212bebb4ee donor=None cover=exact:0,fallback:0,cycle:0,cross_seg:0 gate=none num_steps=10 act_sha=1c6b8cc636e79a44 infer_ms=69.8
INFO:mme_vla_suite.serving.websocket_policy_server:TIMING infer_ms=69.8
INFO:websockets.server:connection open
INFO:mme_vla_suite.serving.websocket_policy_server:Connection from ('127.0.0.1', 41398) opened
MV_EPISODE_END ep_seq=9 infers=82 windows=80 wall_s=150.2
MV_EPISODE_BEGIN cond=normal split=test seed=42 ep_seq=10 expect=VideoUnmaskSwap:3
INFO:mme_vla_suite.serving.websocket_policy_server:TIMING add_buffer_ms=18432.8 frames=217 exec_start_idx=216
MV_INFER cond=normal split=test task=VideoUnmaskSwap ep=3 ep_seq=10 infer_seq=1 t=216 es=216 k=12 motion_frames=0,16,32,48,64,80,96,112,128,144,160,176 motion_emb_sha=ffd29c413e4c3c02 motion_pos_sha=faf6de0b8c07a1d5 motion_mask=111111111111000000000000000000000000000000000000000000000000000000000000000000000000000000000000 mem_order_sha=e609c91b740de309 motion_cols_sha=08c16a7fb49e3eae donor=None cover=exact:0,fallback:0,cycle:0,cross_seg:0 gate=none num_steps=10 act_sha=e5a2f6badb0e03ed infer_ms=70.6
INFO:mme_vla_suite.serving.websocket_policy_server:TIMING infer_ms=70.6
INFO:mme_vla_suite.serving.websocket_policy_server:TIMING add_buffer_ms=36.6 frames=16 exec_start_idx=0
MV_INFER cond=normal split=test task=VideoUnmaskSwap ep=3 ep_seq=10 infer_seq=2 t=232 es=216 k=12 motion_frames=0,16,32,48,64,80,96,112,128,144,160,176 motion_emb_sha=ffd29c413e4c3c02 motion_pos_sha=faf6de0b8c07a1d5 motion_mask=111111111111000000000000000000000000000000000000000000000000000000000000000000000000000000000000 mem_order_sha=e793924019a5a82c motion_cols_sha=3a0496c01a2fb3ad donor=None cover=exact:0,fallback:0,cycle:0,cross_seg:0 gate=none num_steps=10 act_sha=6f51368b1b4c7780 infer_ms=69.5
INFO:mme_vla_suite.serving.websocket_policy_server:TIMING infer_ms=69.5
INFO:mme_vla_suite.serving.websocket_policy_server:TIMING add_buffer_ms=1462.3 frames=16 exec_start_idx=0
MV_INFER cond=normal split=test task=VideoUnmaskSwap ep=3 ep_seq=10 infer_seq=3 t=248 es=216 k=13 motion_frames=0,16,32,48,64,80,96,112,128,144,160,176,216 motion_emb_sha=e49cb93cc2d73b39 motion_pos_sha=3f2d9f4da83327d3 motion_mask=111111111111100000000000000000000000000000000000000000000000000000000000000000000000000000000000 mem_order_sha=8a3b507c2f260164 motion_cols_sha=b798295059be96f9 donor=None cover=exact:0,fallback:0,cycle:0,cross_seg:0 gate=none num_steps=10 act_sha=894b0cdf46f1725c infer_ms=69.5
INFO:mme_vla_suite.serving.websocket_policy_server:TIMING infer_ms=69.5
INFO:mme_vla_suite.serving.websocket_policy_server:TIMING add_buffer_ms=1461.3 frames=16 exec_start_idx=0
MV_INFER cond=normal split=test task=VideoUnmaskSwap ep=3 ep_seq=10 infer_seq=4 t=264 es=216 k=14 motion_frames=0,16,32,48,64,80,96,112,128,144,160,176,216,232 motion_emb_sha=32abf1aa5e7438db motion_pos_sha=63b260a8e4b1154a motion_mask=111111111111110000000000000000000000000000000000000000000000000000000000000000000000000000000000 mem_order_sha=0fb777db37d65ee8 motion_cols_sha=1d17367f16e04ae7 donor=None cover=exact:0,fallback:0,cycle:0,cross_seg:0 gate=none num_steps=10 act_sha=61d266b88f0f652a infer_ms=69.7
INFO:mme_vla_suite.serving.websocket_policy_server:TIMING infer_ms=69.7
INFO:mme_vla_suite.serving.websocket_policy_server:TIMING add_buffer_ms=1461.0 frames=16 exec_start_idx=0
MV_INFER cond=normal split=test task=VideoUnmaskSwap ep=3 ep_seq=10 infer_seq=5 t=280 es=216 k=15 motion_frames=0,16,32,48,64,80,96,112,128,144,160,176,216,232,248 motion_emb_sha=5407485819ccf335 motion_pos_sha=9ebfd737e38159ac motion_mask=111111111111111000000000000000000000000000000000000000000000000000000000000000000000000000000000 mem_order_sha=6a27f5bddec53668 motion_cols_sha=fb9e90c79a75849b donor=None cover=exact:0,fallback:0,cycle:0,cross_seg:0 gate=none num_steps=10 act_sha=e22e0a9f4a2dced0 infer_ms=69.9
INFO:mme_vla_suite.serving.websocket_policy_server:TIMING infer_ms=69.9
INFO:mme_vla_suite.serving.websocket_policy_server:TIMING add_buffer_ms=1457.3 frames=16 exec_start_idx=0
MV_INFER cond=normal split=test task=VideoUnmaskSwap ep=3 ep_seq=10 infer_seq=6 t=296 es=216 k=16 motion_frames=0,16,32,48,64,80,96,112,128,144,160,176,216,232,248,264 motion_emb_sha=b8760569930ded20 motion_pos_sha=5c9984fb4307bfa1 motion_mask=111111111111111100000000000000000000000000000000000000000000000000000000000000000000000000000000 mem_order_sha=8c3dde137da669e6 motion_cols_sha=490fc5ec63d706ca donor=None cover=exact:0,fallback:0,cycle:0,cross_seg:0 gate=none num_steps=10 act_sha=59881489d8156a64 infer_ms=69.8
INFO:mme_vla_suite.serving.websocket_policy_server:TIMING infer_ms=69.8
INFO:mme_vla_suite.serving.websocket_policy_server:TIMING add_buffer_ms=1460.1 frames=16 exec_start_idx=0
MV_INFER cond=normal split=test task=VideoUnmaskSwap ep=3 ep_seq=10 infer_seq=7 t=312 es=216 k=17 motion_frames=0,16,32,48,64,80,96,112,128,144,160,176,216,232,248,264,280 motion_emb_sha=77f30b632a55b996 motion_pos_sha=2b3798b819bbf443 motion_mask=111111111111111110000000000000000000000000000000000000000000000000000000000000000000000000000000 mem_order_sha=43f7a4213550f498 motion_cols_sha=2e1642b847282e70 donor=None cover=exact:0,fallback:0,cycle:0,cross_seg:0 gate=none num_steps=10 act_sha=05edcbc1358e4763 infer_ms=69.7
INFO:mme_vla_suite.serving.websocket_policy_server:TIMING infer_ms=69.7
INFO:mme_vla_suite.serving.websocket_policy_server:TIMING add_buffer_ms=1458.8 frames=16 exec_start_idx=0
MV_INFER cond=normal split=test task=VideoUnmaskSwap ep=3 ep_seq=10 infer_seq=8 t=328 es=216 k=18 motion_frames=0,16,32,48,64,80,96,112,128,144,160,176,216,232,248,264,280,296 motion_emb_sha=daa22ea3bbe13256 motion_pos_sha=05adf0270b9cf5e6 motion_mask=111111111111111111000000000000000000000000000000000000000000000000000000000000000000000000000000 mem_order_sha=90ccecb3b7387902 motion_cols_sha=63e871dd0cdd200a donor=None cover=exact:0,fallback:0,cycle:0,cross_seg:0 gate=none num_steps=10 act_sha=69e440a028dceb03 infer_ms=69.9
INFO:mme_vla_suite.serving.websocket_policy_server:TIMING infer_ms=69.9
INFO:mme_vla_suite.serving.websocket_policy_server:TIMING add_buffer_ms=1464.4 frames=16 exec_start_idx=0
MV_INFER cond=normal split=test task=VideoUnmaskSwap ep=3 ep_seq=10 infer_seq=9 t=344 es=216 k=19 motion_frames=0,16,32,48,64,80,96,112,128,144,160,176,216,232,248,264,280,296,312 motion_emb_sha=b77fa9487c54c987 motion_pos_sha=a5c5b2858b3e9e97 motion_mask=111111111111111111100000000000000000000000000000000000000000000000000000000000000000000000000000 mem_order_sha=96428d0b42412c27 motion_cols_sha=4d4b72eaae314853 donor=None cover=exact:0,fallback:0,cycle:0,cross_seg:0 gate=none num_steps=10 act_sha=b4308421fc08b90c infer_ms=69.7
INFO:mme_vla_suite.serving.websocket_policy_server:TIMING infer_ms=69.7
INFO:mme_vla_suite.serving.websocket_policy_server:TIMING add_buffer_ms=1459.1 frames=16 exec_start_idx=0
MV_INFER cond=normal split=test task=VideoUnmaskSwap ep=3 ep_seq=10 infer_seq=10 t=360 es=216 k=20 motion_frames=0,16,32,48,64,80,96,112,128,144,160,176,216,232,248,264,280,296,312,328 motion_emb_sha=bba0903fd794ecd5 motion_pos_sha=5c4d8941f1b51d82 motion_mask=111111111111111111110000000000000000000000000000000000000000000000000000000000000000000000000000 mem_order_sha=49d0f347357b8bfe motion_cols_sha=3a0ce303b45132dc donor=None cover=exact:0,fallback:0,cycle:0,cross_seg:0 gate=none num_steps=10 act_sha=059bcad78e95c700 infer_ms=69.5
INFO:mme_vla_suite.serving.websocket_policy_server:TIMING infer_ms=69.5
INFO:mme_vla_suite.serving.websocket_policy_server:TIMING add_buffer_ms=1459.7 frames=16 exec_start_idx=0
MV_INFER cond=normal split=test task=VideoUnmaskSwap ep=3 ep_seq=10 infer_seq=11 t=376 es=216 k=21 motion_frames=0,16,32,48,64,80,96,112,128,144,160,176,216,232,248,264,280,296,312,328,344 motion_emb_sha=c381c7c3d2514929 motion_pos_sha=520915216a1153cc motion_mask=111111111111111111111000000000000000000000000000000000000000000000000000000000000000000000000000 mem_order_sha=3b717c22514e3888 motion_cols_sha=eb4364ce14021fd0 donor=None cover=exact:0,fallback:0,cycle:0,cross_seg:0 gate=none num_steps=10 act_sha=d68fe1689c9f7489 infer_ms=71.1
INFO:mme_vla_suite.serving.websocket_policy_server:TIMING infer_ms=71.1
[sidecar pid=833148] 窗 #751 起点 360 耗时 1417 ms（累计 1420s）
INFO:mme_vla_suite.serving.websocket_policy_server:TIMING add_buffer_ms=1460.3 frames=16 exec_start_idx=0
MV_INFER cond=normal split=test task=VideoUnmaskSwap ep=3 ep_seq=10 infer_seq=12 t=392 es=216 k=22 motion_frames=0,16,32,48,64,80,96,112,128,144,160,176,216,232,248,264,280,296,312,328,344,360 motion_emb_sha=c86f33b8b7a55753 motion_pos_sha=a8faab5bfd91ed3e motion_mask=111111111111111111111100000000000000000000000000000000000000000000000000000000000000000000000000 mem_order_sha=19cdae0e57a0aaf5 motion_cols_sha=6a7de3774cc245fd donor=None cover=exact:0,fallback:0,cycle:0,cross_seg:0 gate=none num_steps=10 act_sha=cde0139231f160c7 infer_ms=69.6
INFO:mme_vla_suite.serving.websocket_policy_server:TIMING infer_ms=69.6
INFO:mme_vla_suite.serving.websocket_policy_server:TIMING add_buffer_ms=1463.8 frames=16 exec_start_idx=0
MV_INFER cond=normal split=test task=VideoUnmaskSwap ep=3 ep_seq=10 infer_seq=13 t=408 es=216 k=23 motion_frames=0,16,32,48,64,80,96,112,128,144,160,176,216,232,248,264,280,296,312,328,344,360,376 motion_emb_sha=3295f40a3893c4ff motion_pos_sha=c90e270ef13b40bb motion_mask=111111111111111111111110000000000000000000000000000000000000000000000000000000000000000000000000 mem_order_sha=b65d9eeb77b807f5 motion_cols_sha=872ad1646b6deda2 donor=None cover=exact:0,fallback:0,cycle:0,cross_seg:0 gate=none num_steps=10 act_sha=bcfadf48ae25a517 infer_ms=69.7
INFO:mme_vla_suite.serving.websocket_policy_server:TIMING infer_ms=69.7
INFO:mme_vla_suite.serving.websocket_policy_server:TIMING add_buffer_ms=1461.8 frames=16 exec_start_idx=0
MV_INFER cond=normal split=test task=VideoUnmaskSwap ep=3 ep_seq=10 infer_seq=14 t=424 es=216 k=24 motion_frames=0,16,32,48,64,80,96,112,128,144,160,176,216,232,248,264,280,296,312,328,344,360,376,392 motion_emb_sha=7a3a2cde9b473457 motion_pos_sha=9ccf60f4aae233be motion_mask=111111111111111111111111000000000000000000000000000000000000000000000000000000000000000000000000 mem_order_sha=cc6da196adcf8622 motion_cols_sha=a81c9cdec5d4df3b donor=None cover=exact:0,fallback:0,cycle:0,cross_seg:0 gate=none num_steps=10 act_sha=f2fe4c5518f8fe4f infer_ms=69.9
INFO:mme_vla_suite.serving.websocket_policy_server:TIMING infer_ms=69.9
INFO:mme_vla_suite.serving.websocket_policy_server:TIMING add_buffer_ms=1461.9 frames=16 exec_start_idx=0
MV_INFER cond=normal split=test task=VideoUnmaskSwap ep=3 ep_seq=10 infer_seq=15 t=440 es=216 k=25 motion_frames=0,16,32,48,64,80,96,112,128,144,160,176,216,232,248,264,280,296,312,328,344,360,376,392,408 motion_emb_sha=56aae9807f26d4e9 motion_pos_sha=4f2883ced49fb4ef motion_mask=111111111111111111111111100000000000000000000000000000000000000000000000000000000000000000000000 mem_order_sha=2e8f0f44cf91994f motion_cols_sha=25511e64898b44f0 donor=None cover=exact:0,fallback:0,cycle:0,cross_seg:0 gate=none num_steps=10 act_sha=0a2c8ed12c4c0e98 infer_ms=69.7
INFO:mme_vla_suite.serving.websocket_policy_server:TIMING infer_ms=69.7
INFO:mme_vla_suite.serving.websocket_policy_server:TIMING add_buffer_ms=1459.3 frames=16 exec_start_idx=0
MV_INFER cond=normal split=test task=VideoUnmaskSwap ep=3 ep_seq=10 infer_seq=16 t=456 es=216 k=26 motion_frames=0,16,32,48,64,80,96,112,128,144,160,176,216,232,248,264,280,296,312,328,344,360,376,392,408,424 motion_emb_sha=7c8287bbd002a1c2 motion_pos_sha=d76dfa925a1aa9c0 motion_mask=111111111111111111111111110000000000000000000000000000000000000000000000000000000000000000000000 mem_order_sha=c2009f1c1d3a477d motion_cols_sha=8d00bcd568328c7d donor=None cover=exact:0,fallback:0,cycle:0,cross_seg:0 gate=none num_steps=10 act_sha=77430a0270ba3a49 infer_ms=69.7
INFO:mme_vla_suite.serving.websocket_policy_server:TIMING infer_ms=69.7
INFO:mme_vla_suite.serving.websocket_policy_server:TIMING add_buffer_ms=1461.0 frames=16 exec_start_idx=0
MV_INFER cond=normal split=test task=VideoUnmaskSwap ep=3 ep_seq=10 infer_seq=17 t=472 es=216 k=27 motion_frames=0,16,32,48,64,80,96,112,128,144,160,176,216,232,248,264,280,296,312,328,344,360,376,392,408,424,440 motion_emb_sha=03db6b46f9ef6bb4 motion_pos_sha=d4bd5b22b97c6fbd motion_mask=111111111111111111111111111000000000000000000000000000000000000000000000000000000000000000000000 mem_order_sha=30bec12fa06cea00 motion_cols_sha=5187c910894917d4 donor=None cover=exact:0,fallback:0,cycle:0,cross_seg:0 gate=none num_steps=10 act_sha=5d122281a4dbe577 infer_ms=71.1
INFO:mme_vla_suite.serving.websocket_policy_server:TIMING infer_ms=71.1
INFO:mme_vla_suite.serving.websocket_policy_server:TIMING add_buffer_ms=1467.9 frames=16 exec_start_idx=0
MV_INFER cond=normal split=test task=VideoUnmaskSwap ep=3 ep_seq=10 infer_seq=18 t=488 es=216 k=28 motion_frames=0,16,32,48,64,80,96,112,128,144,160,176,216,232,248,264,280,296,312,328,344,360,376,392,408,424,440,456 motion_emb_sha=c18d3f6464e0f3ef motion_pos_sha=732029ffbc803d2e motion_mask=111111111111111111111111111100000000000000000000000000000000000000000000000000000000000000000000 mem_order_sha=d2bfe0574fa3a88b motion_cols_sha=621699514fde4d85 donor=None cover=exact:0,fallback:0,cycle:0,cross_seg:0 gate=none num_steps=10 act_sha=f51dc38cd788ab9f infer_ms=70.0
INFO:mme_vla_suite.serving.websocket_policy_server:TIMING infer_ms=70.0
INFO:mme_vla_suite.serving.websocket_policy_server:TIMING add_buffer_ms=1461.4 frames=16 exec_start_idx=0
MV_INFER cond=normal split=test task=VideoUnmaskSwap ep=3 ep_seq=10 infer_seq=19 t=504 es=216 k=29 motion_frames=0,16,32,48,64,80,96,112,128,144,160,176,216,232,248,264,280,296,312,328,344,360,376,392,408,424,440,456,472 motion_emb_sha=8fb53ca23e7791d0 motion_pos_sha=8bcbaef49880117a motion_mask=111111111111111111111111111110000000000000000000000000000000000000000000000000000000000000000000 mem_order_sha=df0b1b4e604d5391 motion_cols_sha=82ec7b3d5202b8c0 donor=None cover=exact:0,fallback:0,cycle:0,cross_seg:0 gate=none num_steps=10 act_sha=74af19c00c54ef56 infer_ms=70.0
INFO:mme_vla_suite.serving.websocket_policy_server:TIMING infer_ms=70.0
INFO:mme_vla_suite.serving.websocket_policy_server:TIMING add_buffer_ms=1459.6 frames=16 exec_start_idx=0
MV_INFER cond=normal split=test task=VideoUnmaskSwap ep=3 ep_seq=10 infer_seq=20 t=520 es=216 k=30 motion_frames=0,16,32,48,64,80,96,112,128,144,160,176,216,232,248,264,280,296,312,328,344,360,376,392,408,424,440,456,472,488 motion_emb_sha=839e59d79801b88f motion_pos_sha=468bbd4dbc28dd2a motion_mask=111111111111111111111111111111000000000000000000000000000000000000000000000000000000000000000000 mem_order_sha=0798121ddd7f5021 motion_cols_sha=4c40fafa6ed0449b donor=None cover=exact:0,fallback:0,cycle:0,cross_seg:0 gate=none num_steps=10 act_sha=6793ae2238e9d325 infer_ms=69.8
INFO:mme_vla_suite.serving.websocket_policy_server:TIMING infer_ms=69.8
INFO:mme_vla_suite.serving.websocket_policy_server:TIMING add_buffer_ms=1460.2 frames=16 exec_start_idx=0
MV_INFER cond=normal split=test task=VideoUnmaskSwap ep=3 ep_seq=10 infer_seq=21 t=536 es=216 k=31 motion_frames=0,16,32,48,64,80,96,112,128,144,160,176,216,232,248,264,280,296,312,328,344,360,376,392,408,424,440,456,472,488,504 motion_emb_sha=e1e1d4da81526097 motion_pos_sha=d78ff63901dc1fbe motion_mask=111111111111111111111111111111100000000000000000000000000000000000000000000000000000000000000000 mem_order_sha=6e21fe925722745d motion_cols_sha=0a116cc872113e8e donor=None cover=exact:0,fallback:0,cycle:0,cross_seg:0 gate=none num_steps=10 act_sha=da027966f6042b24 infer_ms=69.7
INFO:mme_vla_suite.serving.websocket_policy_server:TIMING infer_ms=69.7
INFO:mme_vla_suite.serving.websocket_policy_server:TIMING add_buffer_ms=1458.5 frames=16 exec_start_idx=0
MV_INFER cond=normal split=test task=VideoUnmaskSwap ep=3 ep_seq=10 infer_seq=22 t=552 es=216 k=32 motion_frames=0,16,32,48,64,80,96,112,128,144,160,176,216,232,248,264,280,296,312,328,344,360,376,392,408,424,440,456,472,488,504,520 motion_emb_sha=5c1a1148e20ab680 motion_pos_sha=9964e14de30e69d6 motion_mask=111111111111111111111111111111110000000000000000000000000000000000000000000000000000000000000000 mem_order_sha=c7182c0a2a275dfe motion_cols_sha=3fa2e7f8df4bd5ab donor=None cover=exact:0,fallback:0,cycle:0,cross_seg:0 gate=none num_steps=10 act_sha=a6aa722ae942a5f4 infer_ms=69.5
INFO:mme_vla_suite.serving.websocket_policy_server:TIMING infer_ms=69.5
INFO:mme_vla_suite.serving.websocket_policy_server:TIMING add_buffer_ms=1460.6 frames=16 exec_start_idx=0
MV_INFER cond=normal split=test task=VideoUnmaskSwap ep=3 ep_seq=10 infer_seq=23 t=568 es=216 k=33 motion_frames=0,16,32,48,64,80,96,112,128,144,160,176,216,232,248,264,280,296,312,328,344,360,376,392,408,424,440,456,472,488,504,520,536 motion_emb_sha=cdbc847a29f72bee motion_pos_sha=7cb26567f20da38e motion_mask=111111111111111111111111111111111000000000000000000000000000000000000000000000000000000000000000 mem_order_sha=2c2da541512bb354 motion_cols_sha=3e7560c317f462eb donor=None cover=exact:0,fallback:0,cycle:0,cross_seg:0 gate=none num_steps=10 act_sha=f3f77b3326998e75 infer_ms=70.0
INFO:mme_vla_suite.serving.websocket_policy_server:TIMING infer_ms=70.0
INFO:mme_vla_suite.serving.websocket_policy_server:TIMING add_buffer_ms=1460.2 frames=16 exec_start_idx=0
MV_INFER cond=normal split=test task=VideoUnmaskSwap ep=3 ep_seq=10 infer_seq=24 t=584 es=216 k=34 motion_frames=0,16,32,48,64,80,96,112,128,144,160,176,216,232,248,264,280,296,312,328,344,360,376,392,408,424,440,456,472,488,504,520,536,552 motion_emb_sha=d0b6e5d499936965 motion_pos_sha=413a301ccaf95790 motion_mask=111111111111111111111111111111111100000000000000000000000000000000000000000000000000000000000000 mem_order_sha=c5ae8ef7fc999bad motion_cols_sha=878284b46d0d748f donor=None cover=exact:0,fallback:0,cycle:0,cross_seg:0 gate=none num_steps=10 act_sha=5b8453435134ffb3 infer_ms=69.8
INFO:mme_vla_suite.serving.websocket_policy_server:TIMING infer_ms=69.8
INFO:mme_vla_suite.serving.websocket_policy_server:TIMING add_buffer_ms=1460.5 frames=16 exec_start_idx=0
MV_INFER cond=normal split=test task=VideoUnmaskSwap ep=3 ep_seq=10 infer_seq=25 t=600 es=216 k=35 motion_frames=0,16,32,48,64,80,96,112,128,144,160,176,216,232,248,264,280,296,312,328,344,360,376,392,408,424,440,456,472,488,504,520,536,552,568 motion_emb_sha=609460d4a74a9a95 motion_pos_sha=1b8743dcd1018058 motion_mask=111111111111111111111111111111111110000000000000000000000000000000000000000000000000000000000000 mem_order_sha=a84b9a4e824f147c motion_cols_sha=954cb96ff8d896b3 donor=None cover=exact:0,fallback:0,cycle:0,cross_seg:0 gate=none num_steps=10 act_sha=20c387cecb6a3754 infer_ms=70.0
INFO:mme_vla_suite.serving.websocket_policy_server:TIMING infer_ms=70.0
INFO:mme_vla_suite.serving.websocket_policy_server:TIMING add_buffer_ms=1459.4 frames=16 exec_start_idx=0
MV_INFER cond=normal split=test task=VideoUnmaskSwap ep=3 ep_seq=10 infer_seq=26 t=616 es=216 k=36 motion_frames=0,16,32,48,64,80,96,112,128,144,160,176,216,232,248,264,280,296,312,328,344,360,376,392,408,424,440,456,472,488,504,520,536,552,568,584 motion_emb_sha=8c60f097ff84899d motion_pos_sha=86dabf7a3516115c motion_mask=111111111111111111111111111111111111000000000000000000000000000000000000000000000000000000000000 mem_order_sha=9bb7bdaac11439ce motion_cols_sha=bc633ef9c0fb2af2 donor=None cover=exact:0,fallback:0,cycle:0,cross_seg:0 gate=none num_steps=10 act_sha=a90bf4427971b23e infer_ms=70.4
INFO:mme_vla_suite.serving.websocket_policy_server:TIMING infer_ms=70.4
INFO:mme_vla_suite.serving.websocket_policy_server:TIMING add_buffer_ms=1459.8 frames=16 exec_start_idx=0
MV_INFER cond=normal split=test task=VideoUnmaskSwap ep=3 ep_seq=10 infer_seq=27 t=632 es=216 k=37 motion_frames=0,16,32,48,64,80,96,112,128,144,160,176,216,232,248,264,280,296,312,328,344,360,376,392,408,424,440,456,472,488,504,520,536,552,568,584,600 motion_emb_sha=a74d9482c01ddd51 motion_pos_sha=ebf1d84abee84433 motion_mask=111111111111111111111111111111111111100000000000000000000000000000000000000000000000000000000000 mem_order_sha=bb5215489dd9cf2d motion_cols_sha=0b1f6068655ce105 donor=None cover=exact:0,fallback:0,cycle:0,cross_seg:0 gate=none num_steps=10 act_sha=0560d0e8c6def753 infer_ms=70.2
INFO:mme_vla_suite.serving.websocket_policy_server:TIMING infer_ms=70.2
INFO:mme_vla_suite.serving.websocket_policy_server:TIMING add_buffer_ms=1468.5 frames=16 exec_start_idx=0
MV_INFER cond=normal split=test task=VideoUnmaskSwap ep=3 ep_seq=10 infer_seq=28 t=648 es=216 k=38 motion_frames=0,16,32,48,64,80,96,112,128,144,160,176,216,232,248,264,280,296,312,328,344,360,376,392,408,424,440,456,472,488,504,520,536,552,568,584,600,616 motion_emb_sha=cdd41620842085ae motion_pos_sha=84f645772bb1daf4 motion_mask=111111111111111111111111111111111111110000000000000000000000000000000000000000000000000000000000 mem_order_sha=8f945d85033e81bd motion_cols_sha=77990476390af325 donor=None cover=exact:0,fallback:0,cycle:0,cross_seg:0 gate=none num_steps=10 act_sha=448d5ea4576676c5 infer_ms=69.9
INFO:mme_vla_suite.serving.websocket_policy_server:TIMING infer_ms=69.9
INFO:mme_vla_suite.serving.websocket_policy_server:TIMING add_buffer_ms=1462.2 frames=16 exec_start_idx=0
MV_INFER cond=normal split=test task=VideoUnmaskSwap ep=3 ep_seq=10 infer_seq=29 t=664 es=216 k=39 motion_frames=0,16,32,48,64,80,96,112,128,144,160,176,216,232,248,264,280,296,312,328,344,360,376,392,408,424,440,456,472,488,504,520,536,552,568,584,600,616,632 motion_emb_sha=29f08a0df28dd990 motion_pos_sha=bac0aaaa17ac14e9 motion_mask=111111111111111111111111111111111111111000000000000000000000000000000000000000000000000000000000 mem_order_sha=d940758f31b05989 motion_cols_sha=446ef38f173e8e31 donor=None cover=exact:0,fallback:0,cycle:0,cross_seg:0 gate=none num_steps=10 act_sha=30296b8c7443a167 infer_ms=70.4
INFO:mme_vla_suite.serving.websocket_policy_server:TIMING infer_ms=70.4
INFO:mme_vla_suite.serving.websocket_policy_server:TIMING add_buffer_ms=1463.6 frames=16 exec_start_idx=0
MV_INFER cond=normal split=test task=VideoUnmaskSwap ep=3 ep_seq=10 infer_seq=30 t=680 es=216 k=40 motion_frames=0,16,32,48,64,80,96,112,128,144,160,176,216,232,248,264,280,296,312,328,344,360,376,392,408,424,440,456,472,488,504,520,536,552,568,584,600,616,632,648 motion_emb_sha=f6da35a50df8480c motion_pos_sha=0dfa581646a8ddc0 motion_mask=111111111111111111111111111111111111111100000000000000000000000000000000000000000000000000000000 mem_order_sha=d5d503504358d6c9 motion_cols_sha=3ea6ec14cb5c8fc3 donor=None cover=exact:0,fallback:0,cycle:0,cross_seg:0 gate=none num_steps=10 act_sha=86fd4f9a5dfa4118 infer_ms=69.6
INFO:mme_vla_suite.serving.websocket_policy_server:TIMING infer_ms=69.6
INFO:mme_vla_suite.serving.websocket_policy_server:TIMING add_buffer_ms=1461.3 frames=16 exec_start_idx=0
MV_INFER cond=normal split=test task=VideoUnmaskSwap ep=3 ep_seq=10 infer_seq=31 t=696 es=216 k=41 motion_frames=0,16,32,48,64,80,96,112,128,144,160,176,216,232,248,264,280,296,312,328,344,360,376,392,408,424,440,456,472,488,504,520,536,552,568,584,600,616,632,648,664 motion_emb_sha=7df9aec261258b1c motion_pos_sha=6b26f77d760aef64 motion_mask=111111111111111111111111111111111111111110000000000000000000000000000000000000000000000000000000 mem_order_sha=432efac88bcf9149 motion_cols_sha=eeca25e4f573f0af donor=None cover=exact:0,fallback:0,cycle:0,cross_seg:0 gate=none num_steps=10 act_sha=59076eaeba8d1543 infer_ms=70.2
INFO:mme_vla_suite.serving.websocket_policy_server:TIMING infer_ms=70.2
INFO:mme_vla_suite.serving.websocket_policy_server:TIMING add_buffer_ms=1462.1 frames=16 exec_start_idx=0
MV_INFER cond=normal split=test task=VideoUnmaskSwap ep=3 ep_seq=10 infer_seq=32 t=712 es=216 k=42 motion_frames=0,16,32,48,64,80,96,112,128,144,160,176,216,232,248,264,280,296,312,328,344,360,376,392,408,424,440,456,472,488,504,520,536,552,568,584,600,616,632,648,664,680 motion_emb_sha=ae300e7d27375f7f motion_pos_sha=0be8284179fd6ce6 motion_mask=111111111111111111111111111111111111111111000000000000000000000000000000000000000000000000000000 mem_order_sha=822bce4d93e2af0a motion_cols_sha=e882d528a29922ce donor=None cover=exact:0,fallback:0,cycle:0,cross_seg:0 gate=none num_steps=10 act_sha=e691672adb4587ec infer_ms=70.2
INFO:mme_vla_suite.serving.websocket_policy_server:TIMING infer_ms=70.2
INFO:mme_vla_suite.serving.websocket_policy_server:TIMING add_buffer_ms=1461.9 frames=16 exec_start_idx=0
MV_INFER cond=normal split=test task=VideoUnmaskSwap ep=3 ep_seq=10 infer_seq=33 t=728 es=216 k=43 motion_frames=0,16,32,48,64,80,96,112,128,144,160,176,216,232,248,264,280,296,312,328,344,360,376,392,408,424,440,456,472,488,504,520,536,552,568,584,600,616,632,648,664,680,696 motion_emb_sha=83fe12b045a1dc28 motion_pos_sha=68637cc50dd23ead motion_mask=111111111111111111111111111111111111111111100000000000000000000000000000000000000000000000000000 mem_order_sha=115ae4569d936e9b motion_cols_sha=b48107778cd510e5 donor=None cover=exact:0,fallback:0,cycle:0,cross_seg:0 gate=none num_steps=10 act_sha=e9cda8292988cad8 infer_ms=70.4
INFO:mme_vla_suite.serving.websocket_policy_server:TIMING infer_ms=70.4
INFO:mme_vla_suite.serving.websocket_policy_server:TIMING add_buffer_ms=1461.1 frames=16 exec_start_idx=0
MV_INFER cond=normal split=test task=VideoUnmaskSwap ep=3 ep_seq=10 infer_seq=34 t=744 es=216 k=44 motion_frames=0,16,32,48,64,80,96,112,128,144,160,176,216,232,248,264,280,296,312,328,344,360,376,392,408,424,440,456,472,488,504,520,536,552,568,584,600,616,632,648,664,680,696,712 motion_emb_sha=8d299144b2f44351 motion_pos_sha=d7bc07a6995898a4 motion_mask=111111111111111111111111111111111111111111110000000000000000000000000000000000000000000000000000 mem_order_sha=180cb185ee38e14c motion_cols_sha=d6cd6789afdeb393 donor=None cover=exact:0,fallback:0,cycle:0,cross_seg:0 gate=none num_steps=10 act_sha=562b59982e2987eb infer_ms=69.7
INFO:mme_vla_suite.serving.websocket_policy_server:TIMING infer_ms=69.7
INFO:mme_vla_suite.serving.websocket_policy_server:TIMING add_buffer_ms=1460.7 frames=16 exec_start_idx=0
MV_INFER cond=normal split=test task=VideoUnmaskSwap ep=3 ep_seq=10 infer_seq=35 t=760 es=216 k=45 motion_frames=0,16,32,48,64,80,96,112,128,144,160,176,216,232,248,264,280,296,312,328,344,360,376,392,408,424,440,456,472,488,504,520,536,552,568,584,600,616,632,648,664,680,696,712,728 motion_emb_sha=17d0facb9504b067 motion_pos_sha=c3b1873dcd917182 motion_mask=111111111111111111111111111111111111111111111000000000000000000000000000000000000000000000000000 mem_order_sha=ffbddc34a3078c08 motion_cols_sha=7005eb03aa62fd5c donor=None cover=exact:0,fallback:0,cycle:0,cross_seg:0 gate=none num_steps=10 act_sha=16252da6f00f7fde infer_ms=70.3
INFO:mme_vla_suite.serving.websocket_policy_server:TIMING infer_ms=70.3
INFO:mme_vla_suite.serving.websocket_policy_server:TIMING add_buffer_ms=1461.0 frames=16 exec_start_idx=0
MV_INFER cond=normal split=test task=VideoUnmaskSwap ep=3 ep_seq=10 infer_seq=36 t=776 es=216 k=46 motion_frames=0,16,32,48,64,80,96,112,128,144,160,176,216,232,248,264,280,296,312,328,344,360,376,392,408,424,440,456,472,488,504,520,536,552,568,584,600,616,632,648,664,680,696,712,728,744 motion_emb_sha=cb0b8772805902c1 motion_pos_sha=024afe13869729e0 motion_mask=111111111111111111111111111111111111111111111100000000000000000000000000000000000000000000000000 mem_order_sha=8f456730dc4dacc4 motion_cols_sha=aed28aa880af478e donor=None cover=exact:0,fallback:0,cycle:0,cross_seg:0 gate=none num_steps=10 act_sha=01beaae92a3a22e2 infer_ms=70.1
INFO:mme_vla_suite.serving.websocket_policy_server:TIMING infer_ms=70.1
INFO:mme_vla_suite.serving.websocket_policy_server:TIMING add_buffer_ms=1459.8 frames=16 exec_start_idx=0
MV_INFER cond=normal split=test task=VideoUnmaskSwap ep=3 ep_seq=10 infer_seq=37 t=792 es=216 k=47 motion_frames=0,16,32,48,64,80,96,112,128,144,160,176,216,232,248,264,280,296,312,328,344,360,376,392,408,424,440,456,472,488,504,520,536,552,568,584,600,616,632,648,664,680,696,712,728,744,760 motion_emb_sha=e87553d185b2830c motion_pos_sha=61601f289ac4e8e0 motion_mask=111111111111111111111111111111111111111111111110000000000000000000000000000000000000000000000000 mem_order_sha=5d33ce470cd9095f motion_cols_sha=b2b92b1e771b3784 donor=None cover=exact:0,fallback:0,cycle:0,cross_seg:0 gate=none num_steps=10 act_sha=4798e5958b0e3f5a infer_ms=70.5
INFO:mme_vla_suite.serving.websocket_policy_server:TIMING infer_ms=70.5
INFO:mme_vla_suite.serving.websocket_policy_server:TIMING add_buffer_ms=1457.5 frames=16 exec_start_idx=0
MV_INFER cond=normal split=test task=VideoUnmaskSwap ep=3 ep_seq=10 infer_seq=38 t=808 es=216 k=48 motion_frames=0,16,32,48,64,80,96,112,128,144,160,176,216,232,248,264,280,296,312,328,344,360,376,392,408,424,440,456,472,488,504,520,536,552,568,584,600,616,632,648,664,680,696,712,728,744,760,776 motion_emb_sha=23d514f331eb7412 motion_pos_sha=8e145ea202e08ec9 motion_mask=111111111111111111111111111111111111111111111111000000000000000000000000000000000000000000000000 mem_order_sha=59a64c945de80447 motion_cols_sha=f1800769d73c6e71 donor=None cover=exact:0,fallback:0,cycle:0,cross_seg:0 gate=none num_steps=10 act_sha=3c2f07177da546fb infer_ms=70.2
INFO:mme_vla_suite.serving.websocket_policy_server:TIMING infer_ms=70.2
INFO:mme_vla_suite.serving.websocket_policy_server:TIMING add_buffer_ms=1458.2 frames=16 exec_start_idx=0
MV_INFER cond=normal split=test task=VideoUnmaskSwap ep=3 ep_seq=10 infer_seq=39 t=824 es=216 k=49 motion_frames=0,16,32,48,64,80,96,112,128,144,160,176,216,232,248,264,280,296,312,328,344,360,376,392,408,424,440,456,472,488,504,520,536,552,568,584,600,616,632,648,664,680,696,712,728,744,760,776,792 motion_emb_sha=97c8d4a2e748004e motion_pos_sha=77f201e93ee83776 motion_mask=111111111111111111111111111111111111111111111111100000000000000000000000000000000000000000000000 mem_order_sha=274845ed39fe1f0c motion_cols_sha=ba78e03eb87d1992 donor=None cover=exact:0,fallback:0,cycle:0,cross_seg:0 gate=none num_steps=10 act_sha=e2bc62ffa646cf73 infer_ms=70.2
INFO:mme_vla_suite.serving.websocket_policy_server:TIMING infer_ms=70.2
INFO:mme_vla_suite.serving.websocket_policy_server:TIMING add_buffer_ms=1461.0 frames=16 exec_start_idx=0
MV_INFER cond=normal split=test task=VideoUnmaskSwap ep=3 ep_seq=10 infer_seq=40 t=840 es=216 k=50 motion_frames=0,16,32,48,64,80,96,112,128,144,160,176,216,232,248,264,280,296,312,328,344,360,376,392,408,424,440,456,472,488,504,520,536,552,568,584,600,616,632,648,664,680,696,712,728,744,760,776,792,808 motion_emb_sha=55c462198046b76a motion_pos_sha=a900c1ddf6314efb motion_mask=111111111111111111111111111111111111111111111111110000000000000000000000000000000000000000000000 mem_order_sha=8e21462ee4fbf7e4 motion_cols_sha=ad005375693a6c9b donor=None cover=exact:0,fallback:0,cycle:0,cross_seg:0 gate=none num_steps=10 act_sha=08397eeb4644ad70 infer_ms=70.0
INFO:mme_vla_suite.serving.websocket_policy_server:TIMING infer_ms=70.0
INFO:mme_vla_suite.serving.websocket_policy_server:TIMING add_buffer_ms=1462.1 frames=16 exec_start_idx=0
MV_INFER cond=normal split=test task=VideoUnmaskSwap ep=3 ep_seq=10 infer_seq=41 t=856 es=216 k=51 motion_frames=0,16,32,48,64,80,96,112,128,144,160,176,216,232,248,264,280,296,312,328,344,360,376,392,408,424,440,456,472,488,504,520,536,552,568,584,600,616,632,648,664,680,696,712,728,744,760,776,792,808,824 motion_emb_sha=0257241e877c6022 motion_pos_sha=d2a80434d97251af motion_mask=111111111111111111111111111111111111111111111111111000000000000000000000000000000000000000000000 mem_order_sha=fcfc31db105ff1dc motion_cols_sha=86d302a61b73738f donor=None cover=exact:0,fallback:0,cycle:0,cross_seg:0 gate=none num_steps=10 act_sha=333381d8406c9a39 infer_ms=70.5
INFO:mme_vla_suite.serving.websocket_policy_server:TIMING infer_ms=70.5
INFO:mme_vla_suite.serving.websocket_policy_server:TIMING add_buffer_ms=1459.7 frames=16 exec_start_idx=0
MV_INFER cond=normal split=test task=VideoUnmaskSwap ep=3 ep_seq=10 infer_seq=42 t=872 es=216 k=52 motion_frames=0,16,32,48,64,80,96,112,128,144,160,176,216,232,248,264,280,296,312,328,344,360,376,392,408,424,440,456,472,488,504,520,536,552,568,584,600,616,632,648,664,680,696,712,728,744,760,776,792,808,824,840 motion_emb_sha=fac14470fc74b959 motion_pos_sha=df450cb9b0ce9052 motion_mask=111111111111111111111111111111111111111111111111111100000000000000000000000000000000000000000000 mem_order_sha=c949fd3449a0d46a motion_cols_sha=19b0d3aa8a713f79 donor=None cover=exact:0,fallback:0,cycle:0,cross_seg:0 gate=none num_steps=10 act_sha=5856828c35e8d507 infer_ms=69.9
INFO:mme_vla_suite.serving.websocket_policy_server:TIMING infer_ms=69.9
INFO:mme_vla_suite.serving.websocket_policy_server:TIMING add_buffer_ms=1459.1 frames=16 exec_start_idx=0
MV_INFER cond=normal split=test task=VideoUnmaskSwap ep=3 ep_seq=10 infer_seq=43 t=888 es=216 k=53 motion_frames=0,16,32,48,64,80,96,112,128,144,160,176,216,232,248,264,280,296,312,328,344,360,376,392,408,424,440,456,472,488,504,520,536,552,568,584,600,616,632,648,664,680,696,712,728,744,760,776,792,808,824,840,856 motion_emb_sha=eb00f6d6152b4021 motion_pos_sha=e95fae9c2c055080 motion_mask=111111111111111111111111111111111111111111111111111110000000000000000000000000000000000000000000 mem_order_sha=ecb057c31b6394d5 motion_cols_sha=403d305af855d066 donor=None cover=exact:0,fallback:0,cycle:0,cross_seg:0 gate=none num_steps=10 act_sha=f6c17b205336911f infer_ms=69.9
INFO:mme_vla_suite.serving.websocket_policy_server:TIMING infer_ms=69.9
INFO:mme_vla_suite.serving.websocket_policy_server:TIMING add_buffer_ms=1461.4 frames=16 exec_start_idx=0
MV_INFER cond=normal split=test task=VideoUnmaskSwap ep=3 ep_seq=10 infer_seq=44 t=904 es=216 k=54 motion_frames=0,16,32,48,64,80,96,112,128,144,160,176,216,232,248,264,280,296,312,328,344,360,376,392,408,424,440,456,472,488,504,520,536,552,568,584,600,616,632,648,664,680,696,712,728,744,760,776,792,808,824,840,856,872 motion_emb_sha=56c7346fd6c6fb15 motion_pos_sha=1aa114d6e28ce3b5 motion_mask=111111111111111111111111111111111111111111111111111111000000000000000000000000000000000000000000 mem_order_sha=1b8216f13cbe1693 motion_cols_sha=4d0759622dd37036 donor=None cover=exact:0,fallback:0,cycle:0,cross_seg:0 gate=none num_steps=10 act_sha=da70413e4ad13cbf infer_ms=70.3
INFO:mme_vla_suite.serving.websocket_policy_server:TIMING infer_ms=70.3
INFO:mme_vla_suite.serving.websocket_policy_server:TIMING add_buffer_ms=1460.8 frames=16 exec_start_idx=0
MV_INFER cond=normal split=test task=VideoUnmaskSwap ep=3 ep_seq=10 infer_seq=45 t=920 es=216 k=55 motion_frames=0,16,32,48,64,80,96,112,128,144,160,176,216,232,248,264,280,296,312,328,344,360,376,392,408,424,440,456,472,488,504,520,536,552,568,584,600,616,632,648,664,680,696,712,728,744,760,776,792,808,824,840,856,872,888 motion_emb_sha=c5f326bbf52a0828 motion_pos_sha=03af4e217d335aa0 motion_mask=111111111111111111111111111111111111111111111111111111100000000000000000000000000000000000000000 mem_order_sha=3f861b78ab03d00f motion_cols_sha=2fe009d1e908dd50 donor=None cover=exact:0,fallback:0,cycle:0,cross_seg:0 gate=none num_steps=10 act_sha=73b31c0ee4dae273 infer_ms=69.7
INFO:mme_vla_suite.serving.websocket_policy_server:TIMING infer_ms=69.7
INFO:mme_vla_suite.serving.websocket_policy_server:TIMING add_buffer_ms=1460.2 frames=16 exec_start_idx=0
MV_INFER cond=normal split=test task=VideoUnmaskSwap ep=3 ep_seq=10 infer_seq=46 t=936 es=216 k=56 motion_frames=0,16,32,48,64,80,96,112,128,144,160,176,216,232,248,264,280,296,312,328,344,360,376,392,408,424,440,456,472,488,504,520,536,552,568,584,600,616,632,648,664,680,696,712,728,744,760,776,792,808,824,840,856,872,888,904 motion_emb_sha=a5ad5ed437fd8972 motion_pos_sha=384db4e1862ec952 motion_mask=111111111111111111111111111111111111111111111111111111110000000000000000000000000000000000000000 mem_order_sha=020ecf6cf24d29b8 motion_cols_sha=107e232b91a08e59 donor=None cover=exact:0,fallback:0,cycle:0,cross_seg:0 gate=none num_steps=10 act_sha=dea3d85d6798fe61 infer_ms=70.6
INFO:mme_vla_suite.serving.websocket_policy_server:TIMING infer_ms=70.6
INFO:mme_vla_suite.serving.websocket_policy_server:TIMING add_buffer_ms=1462.1 frames=16 exec_start_idx=0
MV_INFER cond=normal split=test task=VideoUnmaskSwap ep=3 ep_seq=10 infer_seq=47 t=952 es=216 k=57 motion_frames=0,16,32,48,64,80,96,112,128,144,160,176,216,232,248,264,280,296,312,328,344,360,376,392,408,424,440,456,472,488,504,520,536,552,568,584,600,616,632,648,664,680,696,712,728,744,760,776,792,808,824,840,856,872,888,904,920 motion_emb_sha=10609a0ecd551338 motion_pos_sha=d09cf0d6bfca18be motion_mask=111111111111111111111111111111111111111111111111111111111000000000000000000000000000000000000000 mem_order_sha=2b7bef2856429e0c motion_cols_sha=5c9fdde29bbbfcfe donor=None cover=exact:0,fallback:0,cycle:0,cross_seg:0 gate=none num_steps=10 act_sha=2d8ea424ccbc32e5 infer_ms=70.4
INFO:mme_vla_suite.serving.websocket_policy_server:TIMING infer_ms=70.4
INFO:mme_vla_suite.serving.websocket_policy_server:TIMING add_buffer_ms=1459.8 frames=16 exec_start_idx=0
MV_INFER cond=normal split=test task=VideoUnmaskSwap ep=3 ep_seq=10 infer_seq=48 t=968 es=216 k=58 motion_frames=0,16,32,48,64,80,96,112,128,144,160,176,216,232,248,264,280,296,312,328,344,360,376,392,408,424,440,456,472,488,504,520,536,552,568,584,600,616,632,648,664,680,696,712,728,744,760,776,792,808,824,840,856,872,888,904,920,936 motion_emb_sha=f5ca7b1e0e580373 motion_pos_sha=231d2052357dce4c motion_mask=111111111111111111111111111111111111111111111111111111111100000000000000000000000000000000000000 mem_order_sha=093074969d95dd1b motion_cols_sha=f33637faa30f4fd1 donor=None cover=exact:0,fallback:0,cycle:0,cross_seg:0 gate=none num_steps=10 act_sha=9a9935e95df91bd3 infer_ms=70.6
INFO:mme_vla_suite.serving.websocket_policy_server:TIMING infer_ms=70.6
INFO:mme_vla_suite.serving.websocket_policy_server:TIMING add_buffer_ms=1463.2 frames=16 exec_start_idx=0
MV_INFER cond=normal split=test task=VideoUnmaskSwap ep=3 ep_seq=10 infer_seq=49 t=984 es=216 k=59 motion_frames=0,16,32,48,64,80,96,112,128,144,160,176,216,232,248,264,280,296,312,328,344,360,376,392,408,424,440,456,472,488,504,520,536,552,568,584,600,616,632,648,664,680,696,712,728,744,760,776,792,808,824,840,856,872,888,904,920,936,952 motion_emb_sha=d3d3da9c1e7a0df4 motion_pos_sha=128461667c8b9865 motion_mask=111111111111111111111111111111111111111111111111111111111110000000000000000000000000000000000000 mem_order_sha=4a010e3c1da29b5c motion_cols_sha=3f199af0bb4c9512 donor=None cover=exact:0,fallback:0,cycle:0,cross_seg:0 gate=none num_steps=10 act_sha=8555fef4fa6005f2 infer_ms=70.2
INFO:mme_vla_suite.serving.websocket_policy_server:TIMING infer_ms=70.2
INFO:mme_vla_suite.serving.websocket_policy_server:TIMING add_buffer_ms=1462.4 frames=16 exec_start_idx=0
MV_INFER cond=normal split=test task=VideoUnmaskSwap ep=3 ep_seq=10 infer_seq=50 t=1000 es=216 k=60 motion_frames=0,16,32,48,64,80,96,112,128,144,160,176,216,232,248,264,280,296,312,328,344,360,376,392,408,424,440,456,472,488,504,520,536,552,568,584,600,616,632,648,664,680,696,712,728,744,760,776,792,808,824,840,856,872,888,904,920,936,952,968 motion_emb_sha=f282811d748462a6 motion_pos_sha=f36e13abca2ba7f2 motion_mask=111111111111111111111111111111111111111111111111111111111111000000000000000000000000000000000000 mem_order_sha=74cd6a9593564bf6 motion_cols_sha=ab85e5dbdbea6e5d donor=None cover=exact:0,fallback:0,cycle:0,cross_seg:0 gate=none num_steps=10 act_sha=84b6d20a9f30f8f3 infer_ms=70.0
INFO:mme_vla_suite.serving.websocket_policy_server:TIMING infer_ms=70.0
INFO:mme_vla_suite.serving.websocket_policy_server:TIMING add_buffer_ms=1460.8 frames=16 exec_start_idx=0
MV_INFER cond=normal split=test task=VideoUnmaskSwap ep=3 ep_seq=10 infer_seq=51 t=1016 es=216 k=61 motion_frames=0,16,32,48,64,80,96,112,128,144,160,176,216,232,248,264,280,296,312,328,344,360,376,392,408,424,440,456,472,488,504,520,536,552,568,584,600,616,632,648,664,680,696,712,728,744,760,776,792,808,824,840,856,872,888,904,920,936,952,968,984 motion_emb_sha=cd73b3492886f8f5 motion_pos_sha=c01b4b6e58ac7286 motion_mask=111111111111111111111111111111111111111111111111111111111111100000000000000000000000000000000000 mem_order_sha=adafe59b2f029bdd motion_cols_sha=25979e84bde36646 donor=None cover=exact:0,fallback:0,cycle:0,cross_seg:0 gate=none num_steps=10 act_sha=6c3dfc949800d5b3 infer_ms=71.0
INFO:mme_vla_suite.serving.websocket_policy_server:TIMING infer_ms=71.0
INFO:mme_vla_suite.serving.websocket_policy_server:TIMING add_buffer_ms=1461.2 frames=16 exec_start_idx=0
MV_INFER cond=normal split=test task=VideoUnmaskSwap ep=3 ep_seq=10 infer_seq=52 t=1032 es=216 k=62 motion_frames=0,16,32,48,64,80,96,112,128,144,160,176,216,232,248,264,280,296,312,328,344,360,376,392,408,424,440,456,472,488,504,520,536,552,568,584,600,616,632,648,664,680,696,712,728,744,760,776,792,808,824,840,856,872,888,904,920,936,952,968,984,1000 motion_emb_sha=63711a439c58f97c motion_pos_sha=27d8ce6094aaafbf motion_mask=111111111111111111111111111111111111111111111111111111111111110000000000000000000000000000000000 mem_order_sha=b245dcc71b25cc08 motion_cols_sha=eda29694365564a2 donor=None cover=exact:0,fallback:0,cycle:0,cross_seg:0 gate=none num_steps=10 act_sha=a18c5133126368fa infer_ms=69.7
INFO:mme_vla_suite.serving.websocket_policy_server:TIMING infer_ms=69.7
INFO:mme_vla_suite.serving.websocket_policy_server:TIMING add_buffer_ms=1468.5 frames=16 exec_start_idx=0
MV_INFER cond=normal split=test task=VideoUnmaskSwap ep=3 ep_seq=10 infer_seq=53 t=1048 es=216 k=63 motion_frames=0,16,32,48,64,80,96,112,128,144,160,176,216,232,248,264,280,296,312,328,344,360,376,392,408,424,440,456,472,488,504,520,536,552,568,584,600,616,632,648,664,680,696,712,728,744,760,776,792,808,824,840,856,872,888,904,920,936,952,968,984,1000,1016 motion_emb_sha=9042883cd63c1f70 motion_pos_sha=3a7fa759746aec1a motion_mask=111111111111111111111111111111111111111111111111111111111111111000000000000000000000000000000000 mem_order_sha=07aaede17f5ab63b motion_cols_sha=9c0a3e9fa4973175 donor=None cover=exact:0,fallback:0,cycle:0,cross_seg:0 gate=none num_steps=10 act_sha=cee1b586aa6d1cc6 infer_ms=69.8
INFO:mme_vla_suite.serving.websocket_policy_server:TIMING infer_ms=69.8
INFO:mme_vla_suite.serving.websocket_policy_server:TIMING add_buffer_ms=1465.6 frames=16 exec_start_idx=0
MV_INFER cond=normal split=test task=VideoUnmaskSwap ep=3 ep_seq=10 infer_seq=54 t=1064 es=216 k=64 motion_frames=0,16,32,48,64,80,96,112,128,144,160,176,216,232,248,264,280,296,312,328,344,360,376,392,408,424,440,456,472,488,504,520,536,552,568,584,600,616,632,648,664,680,696,712,728,744,760,776,792,808,824,840,856,872,888,904,920,936,952,968,984,1000,1016,1032 motion_emb_sha=5202fda61fe85a59 motion_pos_sha=95c0258fe1bee4b9 motion_mask=111111111111111111111111111111111111111111111111111111111111111100000000000000000000000000000000 mem_order_sha=46ca677ae32275bc motion_cols_sha=c722cc93e0dc09a5 donor=None cover=exact:0,fallback:0,cycle:0,cross_seg:0 gate=none num_steps=10 act_sha=802fcdf0cc89bd62 infer_ms=70.0
INFO:mme_vla_suite.serving.websocket_policy_server:TIMING infer_ms=70.0
INFO:mme_vla_suite.serving.websocket_policy_server:TIMING add_buffer_ms=1465.6 frames=16 exec_start_idx=0
MV_INFER cond=normal split=test task=VideoUnmaskSwap ep=3 ep_seq=10 infer_seq=55 t=1080 es=216 k=65 motion_frames=0,16,32,48,64,80,96,112,128,144,160,176,216,232,248,264,280,296,312,328,344,360,376,392,408,424,440,456,472,488,504,520,536,552,568,584,600,616,632,648,664,680,696,712,728,744,760,776,792,808,824,840,856,872,888,904,920,936,952,968,984,1000,1016,1032,1048 motion_emb_sha=de1d1340856ac9b4 motion_pos_sha=5b0e6770d46fb53a motion_mask=111111111111111111111111111111111111111111111111111111111111111110000000000000000000000000000000 mem_order_sha=6a7b9bbd0486df2c motion_cols_sha=e1bc3717bd4f8e29 donor=None cover=exact:0,fallback:0,cycle:0,cross_seg:0 gate=none num_steps=10 act_sha=fa81436f08bd112a infer_ms=69.8
INFO:mme_vla_suite.serving.websocket_policy_server:TIMING infer_ms=69.8
INFO:mme_vla_suite.serving.websocket_policy_server:TIMING add_buffer_ms=1460.6 frames=16 exec_start_idx=0
MV_INFER cond=normal split=test task=VideoUnmaskSwap ep=3 ep_seq=10 infer_seq=56 t=1096 es=216 k=66 motion_frames=0,16,32,48,64,80,96,112,128,144,160,176,216,232,248,264,280,296,312,328,344,360,376,392,408,424,440,456,472,488,504,520,536,552,568,584,600,616,632,648,664,680,696,712,728,744,760,776,792,808,824,840,856,872,888,904,920,936,952,968,984,1000,1016,1032,1048,1064 motion_emb_sha=e111c3dad1f74a48 motion_pos_sha=9cf22dfeba24334a motion_mask=111111111111111111111111111111111111111111111111111111111111111111000000000000000000000000000000 mem_order_sha=93b1ebd66c91a475 motion_cols_sha=cdf638f453953a54 donor=None cover=exact:0,fallback:0,cycle:0,cross_seg:0 gate=none num_steps=10 act_sha=85435318dde09c33 infer_ms=69.9
INFO:mme_vla_suite.serving.websocket_policy_server:TIMING infer_ms=69.9
INFO:mme_vla_suite.serving.websocket_policy_server:TIMING add_buffer_ms=1472.4 frames=16 exec_start_idx=0
MV_INFER cond=normal split=test task=VideoUnmaskSwap ep=3 ep_seq=10 infer_seq=57 t=1112 es=216 k=67 motion_frames=0,16,32,48,64,80,96,112,128,144,160,176,216,232,248,264,280,296,312,328,344,360,376,392,408,424,440,456,472,488,504,520,536,552,568,584,600,616,632,648,664,680,696,712,728,744,760,776,792,808,824,840,856,872,888,904,920,936,952,968,984,1000,1016,1032,1048,1064,1080 motion_emb_sha=e062d6dc8833e7aa motion_pos_sha=01dfad374cea157a motion_mask=111111111111111111111111111111111111111111111111111111111111111111100000000000000000000000000000 mem_order_sha=b70002df20b2f663 motion_cols_sha=df868e7c6512f554 donor=None cover=exact:0,fallback:0,cycle:0,cross_seg:0 gate=none num_steps=10 act_sha=09652fe819cf9a9f infer_ms=70.0
INFO:mme_vla_suite.serving.websocket_policy_server:TIMING infer_ms=70.0
INFO:mme_vla_suite.serving.websocket_policy_server:TIMING add_buffer_ms=1466.8 frames=16 exec_start_idx=0
MV_INFER cond=normal split=test task=VideoUnmaskSwap ep=3 ep_seq=10 infer_seq=58 t=1128 es=216 k=68 motion_frames=0,16,32,48,64,80,96,112,128,144,160,176,216,232,248,264,280,296,312,328,344,360,376,392,408,424,440,456,472,488,504,520,536,552,568,584,600,616,632,648,664,680,696,712,728,744,760,776,792,808,824,840,856,872,888,904,920,936,952,968,984,1000,1016,1032,1048,1064,1080,1096 motion_emb_sha=5f7c81a640cd359d motion_pos_sha=3c67ea32c0e70d7f motion_mask=111111111111111111111111111111111111111111111111111111111111111111110000000000000000000000000000 mem_order_sha=34df88f20cac2bec motion_cols_sha=f930b1193bdd8dc3 donor=None cover=exact:0,fallback:0,cycle:0,cross_seg:0 gate=none num_steps=10 act_sha=5d9c68b5dc62f596 infer_ms=69.7
INFO:mme_vla_suite.serving.websocket_policy_server:TIMING infer_ms=69.7
INFO:mme_vla_suite.serving.websocket_policy_server:TIMING add_buffer_ms=1462.0 frames=16 exec_start_idx=0
MV_INFER cond=normal split=test task=VideoUnmaskSwap ep=3 ep_seq=10 infer_seq=59 t=1144 es=216 k=69 motion_frames=0,16,32,48,64,80,96,112,128,144,160,176,216,232,248,264,280,296,312,328,344,360,376,392,408,424,440,456,472,488,504,520,536,552,568,584,600,616,632,648,664,680,696,712,728,744,760,776,792,808,824,840,856,872,888,904,920,936,952,968,984,1000,1016,1032,1048,1064,1080,1096,1112 motion_emb_sha=3244f4d1b6a1a060 motion_pos_sha=7516bf5eb11e9b62 motion_mask=111111111111111111111111111111111111111111111111111111111111111111111000000000000000000000000000 mem_order_sha=9d809f7e9f102226 motion_cols_sha=82303b7b197aa5b2 donor=None cover=exact:0,fallback:0,cycle:0,cross_seg:0 gate=none num_steps=10 act_sha=a5a035623fa68481 infer_ms=70.6
INFO:mme_vla_suite.serving.websocket_policy_server:TIMING infer_ms=70.6
INFO:mme_vla_suite.serving.websocket_policy_server:TIMING add_buffer_ms=1465.0 frames=16 exec_start_idx=0
MV_INFER cond=normal split=test task=VideoUnmaskSwap ep=3 ep_seq=10 infer_seq=60 t=1160 es=216 k=70 motion_frames=0,16,32,48,64,80,96,112,128,144,160,176,216,232,248,264,280,296,312,328,344,360,376,392,408,424,440,456,472,488,504,520,536,552,568,584,600,616,632,648,664,680,696,712,728,744,760,776,792,808,824,840,856,872,888,904,920,936,952,968,984,1000,1016,1032,1048,1064,1080,1096,1112,1128 motion_emb_sha=521137e03598ec32 motion_pos_sha=3af238aa8c1c6d42 motion_mask=111111111111111111111111111111111111111111111111111111111111111111111100000000000000000000000000 mem_order_sha=8f1f6458a8f9117a motion_cols_sha=9911b48b8f44f4db donor=None cover=exact:0,fallback:0,cycle:0,cross_seg:0 gate=none num_steps=10 act_sha=431ad5dab00760a7 infer_ms=69.9
INFO:mme_vla_suite.serving.websocket_policy_server:TIMING infer_ms=69.9
INFO:mme_vla_suite.serving.websocket_policy_server:TIMING add_buffer_ms=1458.6 frames=16 exec_start_idx=0
MV_INFER cond=normal split=test task=VideoUnmaskSwap ep=3 ep_seq=10 infer_seq=61 t=1176 es=216 k=71 motion_frames=0,16,32,48,64,80,96,112,128,144,160,176,216,232,248,264,280,296,312,328,344,360,376,392,408,424,440,456,472,488,504,520,536,552,568,584,600,616,632,648,664,680,696,712,728,744,760,776,792,808,824,840,856,872,888,904,920,936,952,968,984,1000,1016,1032,1048,1064,1080,1096,1112,1128,1144 motion_emb_sha=2ac82ddbe2de716b motion_pos_sha=55b8a57db312a60a motion_mask=111111111111111111111111111111111111111111111111111111111111111111111110000000000000000000000000 mem_order_sha=e49778697e1e797c motion_cols_sha=32a1e24dee2751ea donor=None cover=exact:0,fallback:0,cycle:0,cross_seg:0 gate=none num_steps=10 act_sha=720b77809db6ebdc infer_ms=69.8
INFO:mme_vla_suite.serving.websocket_policy_server:TIMING infer_ms=69.8
[sidecar pid=833148] 窗 #801 起点 1160 耗时 1425 ms（累计 1510s）
INFO:mme_vla_suite.serving.websocket_policy_server:TIMING add_buffer_ms=1469.8 frames=16 exec_start_idx=0
MV_INFER cond=normal split=test task=VideoUnmaskSwap ep=3 ep_seq=10 infer_seq=62 t=1192 es=216 k=72 motion_frames=0,16,32,48,64,80,96,112,128,144,160,176,216,232,248,264,280,296,312,328,344,360,376,392,408,424,440,456,472,488,504,520,536,552,568,584,600,616,632,648,664,680,696,712,728,744,760,776,792,808,824,840,856,872,888,904,920,936,952,968,984,1000,1016,1032,1048,1064,1080,1096,1112,1128,1144,1160 motion_emb_sha=f750615f20b68264 motion_pos_sha=c72bdda7eadbc210 motion_mask=111111111111111111111111111111111111111111111111111111111111111111111111000000000000000000000000 mem_order_sha=51feafd81d155659 motion_cols_sha=bf259aa63e2153b9 donor=None cover=exact:0,fallback:0,cycle:0,cross_seg:0 gate=none num_steps=10 act_sha=f16549d9c0f4794b infer_ms=69.5
INFO:mme_vla_suite.serving.websocket_policy_server:TIMING infer_ms=69.5
INFO:mme_vla_suite.serving.websocket_policy_server:TIMING add_buffer_ms=1459.7 frames=16 exec_start_idx=0
MV_INFER cond=normal split=test task=VideoUnmaskSwap ep=3 ep_seq=10 infer_seq=63 t=1208 es=216 k=73 motion_frames=0,16,32,48,64,80,96,112,128,144,160,176,216,232,248,264,280,296,312,328,344,360,376,392,408,424,440,456,472,488,504,520,536,552,568,584,600,616,632,648,664,680,696,712,728,744,760,776,792,808,824,840,856,872,888,904,920,936,952,968,984,1000,1016,1032,1048,1064,1080,1096,1112,1128,1144,1160,1176 motion_emb_sha=958e3351a5b2deb4 motion_pos_sha=2f8b24bf2553a4c1 motion_mask=111111111111111111111111111111111111111111111111111111111111111111111111100000000000000000000000 mem_order_sha=423abf335c36dc26 motion_cols_sha=1f4596ddccfe93fb donor=None cover=exact:0,fallback:0,cycle:0,cross_seg:0 gate=none num_steps=10 act_sha=e6530a5442be236f infer_ms=69.5
INFO:mme_vla_suite.serving.websocket_policy_server:TIMING infer_ms=69.5
INFO:mme_vla_suite.serving.websocket_policy_server:TIMING add_buffer_ms=1461.7 frames=16 exec_start_idx=0
MV_INFER cond=normal split=test task=VideoUnmaskSwap ep=3 ep_seq=10 infer_seq=64 t=1224 es=216 k=74 motion_frames=0,16,32,48,64,80,96,112,128,144,160,176,216,232,248,264,280,296,312,328,344,360,376,392,408,424,440,456,472,488,504,520,536,552,568,584,600,616,632,648,664,680,696,712,728,744,760,776,792,808,824,840,856,872,888,904,920,936,952,968,984,1000,1016,1032,1048,1064,1080,1096,1112,1128,1144,1160,1176,1192 motion_emb_sha=a5ec1a74bb9eb53f motion_pos_sha=ae1d0532477bb320 motion_mask=111111111111111111111111111111111111111111111111111111111111111111111111110000000000000000000000 mem_order_sha=71d9a7817a631cea motion_cols_sha=b11c0524e497206e donor=None cover=exact:0,fallback:0,cycle:0,cross_seg:0 gate=none num_steps=10 act_sha=35923b5abd9c41d9 infer_ms=69.5
INFO:mme_vla_suite.serving.websocket_policy_server:TIMING infer_ms=69.5
INFO:mme_vla_suite.serving.websocket_policy_server:TIMING add_buffer_ms=1458.9 frames=16 exec_start_idx=0
MV_INFER cond=normal split=test task=VideoUnmaskSwap ep=3 ep_seq=10 infer_seq=65 t=1240 es=216 k=75 motion_frames=0,16,32,48,64,80,96,112,128,144,160,176,216,232,248,264,280,296,312,328,344,360,376,392,408,424,440,456,472,488,504,520,536,552,568,584,600,616,632,648,664,680,696,712,728,744,760,776,792,808,824,840,856,872,888,904,920,936,952,968,984,1000,1016,1032,1048,1064,1080,1096,1112,1128,1144,1160,1176,1192,1208 motion_emb_sha=b9e29ee20180eaa7 motion_pos_sha=fcff25b0aa7c1988 motion_mask=111111111111111111111111111111111111111111111111111111111111111111111111111000000000000000000000 mem_order_sha=445947a49cba602c motion_cols_sha=eabdce6a3179a4e3 donor=None cover=exact:0,fallback:0,cycle:0,cross_seg:0 gate=none num_steps=10 act_sha=400bbc3e576226c0 infer_ms=69.8
INFO:mme_vla_suite.serving.websocket_policy_server:TIMING infer_ms=69.8
INFO:mme_vla_suite.serving.websocket_policy_server:TIMING add_buffer_ms=1459.2 frames=16 exec_start_idx=0
MV_INFER cond=normal split=test task=VideoUnmaskSwap ep=3 ep_seq=10 infer_seq=66 t=1256 es=216 k=76 motion_frames=0,16,32,48,64,80,96,112,128,144,160,176,216,232,248,264,280,296,312,328,344,360,376,392,408,424,440,456,472,488,504,520,536,552,568,584,600,616,632,648,664,680,696,712,728,744,760,776,792,808,824,840,856,872,888,904,920,936,952,968,984,1000,1016,1032,1048,1064,1080,1096,1112,1128,1144,1160,1176,1192,1208,1224 motion_emb_sha=21aeee7bdaa4d8ef motion_pos_sha=1dfceeaec906bd03 motion_mask=111111111111111111111111111111111111111111111111111111111111111111111111111100000000000000000000 mem_order_sha=faa5a3c1ced49923 motion_cols_sha=9c987a903b7e4347 donor=None cover=exact:0,fallback:0,cycle:0,cross_seg:0 gate=none num_steps=10 act_sha=beb889806035d6b3 infer_ms=69.5
INFO:mme_vla_suite.serving.websocket_policy_server:TIMING infer_ms=69.5
INFO:mme_vla_suite.serving.websocket_policy_server:TIMING add_buffer_ms=1468.4 frames=16 exec_start_idx=0
MV_INFER cond=normal split=test task=VideoUnmaskSwap ep=3 ep_seq=10 infer_seq=67 t=1272 es=216 k=77 motion_frames=0,16,32,48,64,80,96,112,128,144,160,176,216,232,248,264,280,296,312,328,344,360,376,392,408,424,440,456,472,488,504,520,536,552,568,584,600,616,632,648,664,680,696,712,728,744,760,776,792,808,824,840,856,872,888,904,920,936,952,968,984,1000,1016,1032,1048,1064,1080,1096,1112,1128,1144,1160,1176,1192,1208,1224,1240 motion_emb_sha=c125a86bb7d8e9c1 motion_pos_sha=61361f4159bbf1ee motion_mask=111111111111111111111111111111111111111111111111111111111111111111111111111110000000000000000000 mem_order_sha=73d0875ea22a6159 motion_cols_sha=b5484decec76ce26 donor=None cover=exact:0,fallback:0,cycle:0,cross_seg:0 gate=none num_steps=10 act_sha=a93dcd96c9b5694a infer_ms=70.0
INFO:mme_vla_suite.serving.websocket_policy_server:TIMING infer_ms=70.0
INFO:mme_vla_suite.serving.websocket_policy_server:TIMING add_buffer_ms=1465.7 frames=16 exec_start_idx=0
MV_INFER cond=normal split=test task=VideoUnmaskSwap ep=3 ep_seq=10 infer_seq=68 t=1288 es=216 k=78 motion_frames=0,16,32,48,64,80,96,112,128,144,160,176,216,232,248,264,280,296,312,328,344,360,376,392,408,424,440,456,472,488,504,520,536,552,568,584,600,616,632,648,664,680,696,712,728,744,760,776,792,808,824,840,856,872,888,904,920,936,952,968,984,1000,1016,1032,1048,1064,1080,1096,1112,1128,1144,1160,1176,1192,1208,1224,1240,1256 motion_emb_sha=215f5e1bf7cbb216 motion_pos_sha=89928e527012ebea motion_mask=111111111111111111111111111111111111111111111111111111111111111111111111111111000000000000000000 mem_order_sha=136d99a1b1db5e37 motion_cols_sha=997a4a2d6fb2b6fd donor=None cover=exact:0,fallback:0,cycle:0,cross_seg:0 gate=none num_steps=10 act_sha=7430f0c8963a94cb infer_ms=69.7
INFO:mme_vla_suite.serving.websocket_policy_server:TIMING infer_ms=69.7
INFO:mme_vla_suite.serving.websocket_policy_server:TIMING add_buffer_ms=1462.5 frames=16 exec_start_idx=0
MV_INFER cond=normal split=test task=VideoUnmaskSwap ep=3 ep_seq=10 infer_seq=69 t=1304 es=216 k=79 motion_frames=0,16,32,48,64,80,96,112,128,144,160,176,216,232,248,264,280,296,312,328,344,360,376,392,408,424,440,456,472,488,504,520,536,552,568,584,600,616,632,648,664,680,696,712,728,744,760,776,792,808,824,840,856,872,888,904,920,936,952,968,984,1000,1016,1032,1048,1064,1080,1096,1112,1128,1144,1160,1176,1192,1208,1224,1240,1256,1272 motion_emb_sha=af67c39180befbb2 motion_pos_sha=05517a7ad66fa867 motion_mask=111111111111111111111111111111111111111111111111111111111111111111111111111111100000000000000000 mem_order_sha=7eb4bd0a839925cc motion_cols_sha=8fcf94d4f5375e89 donor=None cover=exact:0,fallback:0,cycle:0,cross_seg:0 gate=none num_steps=10 act_sha=b3a8a8ca8d2ec70a infer_ms=69.6
INFO:mme_vla_suite.serving.websocket_policy_server:TIMING infer_ms=69.6
INFO:mme_vla_suite.serving.websocket_policy_server:TIMING add_buffer_ms=1459.6 frames=16 exec_start_idx=0
MV_INFER cond=normal split=test task=VideoUnmaskSwap ep=3 ep_seq=10 infer_seq=70 t=1320 es=216 k=80 motion_frames=0,16,32,48,64,80,96,112,128,144,160,176,216,232,248,264,280,296,312,328,344,360,376,392,408,424,440,456,472,488,504,520,536,552,568,584,600,616,632,648,664,680,696,712,728,744,760,776,792,808,824,840,856,872,888,904,920,936,952,968,984,1000,1016,1032,1048,1064,1080,1096,1112,1128,1144,1160,1176,1192,1208,1224,1240,1256,1272,1288 motion_emb_sha=3b19b14824fd2aba motion_pos_sha=aa4bdf55ff9209dc motion_mask=111111111111111111111111111111111111111111111111111111111111111111111111111111110000000000000000 mem_order_sha=ab08ef07dde1f6d2 motion_cols_sha=876ba5e145700604 donor=None cover=exact:0,fallback:0,cycle:0,cross_seg:0 gate=none num_steps=10 act_sha=3605a7c0b8377b38 infer_ms=69.8
INFO:mme_vla_suite.serving.websocket_policy_server:TIMING infer_ms=69.8
INFO:mme_vla_suite.serving.websocket_policy_server:TIMING add_buffer_ms=1460.7 frames=16 exec_start_idx=0
MV_INFER cond=normal split=test task=VideoUnmaskSwap ep=3 ep_seq=10 infer_seq=71 t=1336 es=216 k=81 motion_frames=0,16,32,48,64,80,96,112,128,144,160,176,216,232,248,264,280,296,312,328,344,360,376,392,408,424,440,456,472,488,504,520,536,552,568,584,600,616,632,648,664,680,696,712,728,744,760,776,792,808,824,840,856,872,888,904,920,936,952,968,984,1000,1016,1032,1048,1064,1080,1096,1112,1128,1144,1160,1176,1192,1208,1224,1240,1256,1272,1288,1304 motion_emb_sha=3b4412e5f4afe243 motion_pos_sha=9d6fe0c3cb0c0ce9 motion_mask=111111111111111111111111111111111111111111111111111111111111111111111111111111111000000000000000 mem_order_sha=109d2a5713ad9087 motion_cols_sha=9c9f51e20184949e donor=None cover=exact:0,fallback:0,cycle:0,cross_seg:0 gate=none num_steps=10 act_sha=f9a86b965ed712f5 infer_ms=69.8
INFO:mme_vla_suite.serving.websocket_policy_server:TIMING infer_ms=69.8
INFO:mme_vla_suite.serving.websocket_policy_server:TIMING add_buffer_ms=1473.2 frames=16 exec_start_idx=0
MV_INFER cond=normal split=test task=VideoUnmaskSwap ep=3 ep_seq=10 infer_seq=72 t=1352 es=216 k=82 motion_frames=0,16,32,48,64,80,96,112,128,144,160,176,216,232,248,264,280,296,312,328,344,360,376,392,408,424,440,456,472,488,504,520,536,552,568,584,600,616,632,648,664,680,696,712,728,744,760,776,792,808,824,840,856,872,888,904,920,936,952,968,984,1000,1016,1032,1048,1064,1080,1096,1112,1128,1144,1160,1176,1192,1208,1224,1240,1256,1272,1288,1304,1320 motion_emb_sha=4b768b5928264c99 motion_pos_sha=a9b5548245f04eb1 motion_mask=111111111111111111111111111111111111111111111111111111111111111111111111111111111100000000000000 mem_order_sha=54888f423d87dde7 motion_cols_sha=16f61fa926f44624 donor=None cover=exact:0,fallback:0,cycle:0,cross_seg:0 gate=none num_steps=10 act_sha=531d19148743e548 infer_ms=71.1
INFO:mme_vla_suite.serving.websocket_policy_server:TIMING infer_ms=71.1
INFO:mme_vla_suite.serving.websocket_policy_server:TIMING add_buffer_ms=1464.6 frames=16 exec_start_idx=0
MV_INFER cond=normal split=test task=VideoUnmaskSwap ep=3 ep_seq=10 infer_seq=73 t=1368 es=216 k=83 motion_frames=0,16,32,48,64,80,96,112,128,144,160,176,216,232,248,264,280,296,312,328,344,360,376,392,408,424,440,456,472,488,504,520,536,552,568,584,600,616,632,648,664,680,696,712,728,744,760,776,792,808,824,840,856,872,888,904,920,936,952,968,984,1000,1016,1032,1048,1064,1080,1096,1112,1128,1144,1160,1176,1192,1208,1224,1240,1256,1272,1288,1304,1320,1336 motion_emb_sha=fc90eadad2aea179 motion_pos_sha=80079b01abad5a81 motion_mask=111111111111111111111111111111111111111111111111111111111111111111111111111111111110000000000000 mem_order_sha=4dfe3a575778946c motion_cols_sha=a599404fc2b99395 donor=None cover=exact:0,fallback:0,cycle:0,cross_seg:0 gate=none num_steps=10 act_sha=f9c81bc5e6dfa2e6 infer_ms=69.7
INFO:mme_vla_suite.serving.websocket_policy_server:TIMING infer_ms=69.7
INFO:mme_vla_suite.serving.websocket_policy_server:TIMING add_buffer_ms=1464.6 frames=16 exec_start_idx=0
MV_INFER cond=normal split=test task=VideoUnmaskSwap ep=3 ep_seq=10 infer_seq=74 t=1384 es=216 k=84 motion_frames=0,16,32,48,64,80,96,112,128,144,160,176,216,232,248,264,280,296,312,328,344,360,376,392,408,424,440,456,472,488,504,520,536,552,568,584,600,616,632,648,664,680,696,712,728,744,760,776,792,808,824,840,856,872,888,904,920,936,952,968,984,1000,1016,1032,1048,1064,1080,1096,1112,1128,1144,1160,1176,1192,1208,1224,1240,1256,1272,1288,1304,1320,1336,1352 motion_emb_sha=fdc837fc52701dce motion_pos_sha=e3f1be24d2d41767 motion_mask=111111111111111111111111111111111111111111111111111111111111111111111111111111111111000000000000 mem_order_sha=c8071fd0b1a9a5c1 motion_cols_sha=e7f12ae646f5a956 donor=None cover=exact:0,fallback:0,cycle:0,cross_seg:0 gate=none num_steps=10 act_sha=2043f9b20881d909 infer_ms=69.8
INFO:mme_vla_suite.serving.websocket_policy_server:TIMING infer_ms=69.8
INFO:mme_vla_suite.serving.websocket_policy_server:TIMING add_buffer_ms=1466.7 frames=16 exec_start_idx=0
MV_INFER cond=normal split=test task=VideoUnmaskSwap ep=3 ep_seq=10 infer_seq=75 t=1400 es=216 k=85 motion_frames=0,16,32,48,64,80,96,112,128,144,160,176,216,232,248,264,280,296,312,328,344,360,376,392,408,424,440,456,472,488,504,520,536,552,568,584,600,616,632,648,664,680,696,712,728,744,760,776,792,808,824,840,856,872,888,904,920,936,952,968,984,1000,1016,1032,1048,1064,1080,1096,1112,1128,1144,1160,1176,1192,1208,1224,1240,1256,1272,1288,1304,1320,1336,1352,1368 motion_emb_sha=1a9f695703245d09 motion_pos_sha=54c8a352a75afc0c motion_mask=111111111111111111111111111111111111111111111111111111111111111111111111111111111111100000000000 mem_order_sha=291a3dacf7b2f018 motion_cols_sha=6e35ad7bb55085fd donor=None cover=exact:0,fallback:0,cycle:0,cross_seg:0 gate=none num_steps=10 act_sha=f81efb778d852386 infer_ms=69.9
INFO:mme_vla_suite.serving.websocket_policy_server:TIMING infer_ms=69.9
INFO:mme_vla_suite.serving.websocket_policy_server:TIMING add_buffer_ms=1469.3 frames=16 exec_start_idx=0
MV_INFER cond=normal split=test task=VideoUnmaskSwap ep=3 ep_seq=10 infer_seq=76 t=1416 es=216 k=86 motion_frames=0,16,32,48,64,80,96,112,128,144,160,176,216,232,248,264,280,296,312,328,344,360,376,392,408,424,440,456,472,488,504,520,536,552,568,584,600,616,632,648,664,680,696,712,728,744,760,776,792,808,824,840,856,872,888,904,920,936,952,968,984,1000,1016,1032,1048,1064,1080,1096,1112,1128,1144,1160,1176,1192,1208,1224,1240,1256,1272,1288,1304,1320,1336,1352,1368,1384 motion_emb_sha=3eb04e66c3973969 motion_pos_sha=2eed3dc31e2f49b5 motion_mask=111111111111111111111111111111111111111111111111111111111111111111111111111111111111110000000000 mem_order_sha=b7322e612b80f396 motion_cols_sha=db6c8e823496a7b5 donor=None cover=exact:0,fallback:0,cycle:0,cross_seg:0 gate=none num_steps=10 act_sha=a35f8e85bedac075 infer_ms=69.7
INFO:mme_vla_suite.serving.websocket_policy_server:TIMING infer_ms=69.7
INFO:mme_vla_suite.serving.websocket_policy_server:TIMING add_buffer_ms=1465.6 frames=16 exec_start_idx=0
MV_INFER cond=normal split=test task=VideoUnmaskSwap ep=3 ep_seq=10 infer_seq=77 t=1432 es=216 k=87 motion_frames=0,16,32,48,64,80,96,112,128,144,160,176,216,232,248,264,280,296,312,328,344,360,376,392,408,424,440,456,472,488,504,520,536,552,568,584,600,616,632,648,664,680,696,712,728,744,760,776,792,808,824,840,856,872,888,904,920,936,952,968,984,1000,1016,1032,1048,1064,1080,1096,1112,1128,1144,1160,1176,1192,1208,1224,1240,1256,1272,1288,1304,1320,1336,1352,1368,1384,1400 motion_emb_sha=a85be22ca54ca2e2 motion_pos_sha=88b85e892c26c6a5 motion_mask=111111111111111111111111111111111111111111111111111111111111111111111111111111111111111000000000 mem_order_sha=ccf790409814eead motion_cols_sha=e0c669e9e2bd89be donor=None cover=exact:0,fallback:0,cycle:0,cross_seg:0 gate=none num_steps=10 act_sha=6c9a6c4c3f9e8e5d infer_ms=70.0
INFO:mme_vla_suite.serving.websocket_policy_server:TIMING infer_ms=70.0
INFO:mme_vla_suite.serving.websocket_policy_server:TIMING add_buffer_ms=1460.3 frames=16 exec_start_idx=0
MV_INFER cond=normal split=test task=VideoUnmaskSwap ep=3 ep_seq=10 infer_seq=78 t=1448 es=216 k=88 motion_frames=0,16,32,48,64,80,96,112,128,144,160,176,216,232,248,264,280,296,312,328,344,360,376,392,408,424,440,456,472,488,504,520,536,552,568,584,600,616,632,648,664,680,696,712,728,744,760,776,792,808,824,840,856,872,888,904,920,936,952,968,984,1000,1016,1032,1048,1064,1080,1096,1112,1128,1144,1160,1176,1192,1208,1224,1240,1256,1272,1288,1304,1320,1336,1352,1368,1384,1400,1416 motion_emb_sha=d5e80deb96d790c8 motion_pos_sha=8c09ac3f795bb41c motion_mask=111111111111111111111111111111111111111111111111111111111111111111111111111111111111111100000000 mem_order_sha=15fad2ad48913920 motion_cols_sha=1b91c273c8fbeadc donor=None cover=exact:0,fallback:0,cycle:0,cross_seg:0 gate=none num_steps=10 act_sha=3d99007facb6b0b2 infer_ms=70.0
INFO:mme_vla_suite.serving.websocket_policy_server:TIMING infer_ms=70.0
INFO:mme_vla_suite.serving.websocket_policy_server:TIMING add_buffer_ms=1463.4 frames=16 exec_start_idx=0
MV_INFER cond=normal split=test task=VideoUnmaskSwap ep=3 ep_seq=10 infer_seq=79 t=1464 es=216 k=89 motion_frames=0,16,32,48,64,80,96,112,128,144,160,176,216,232,248,264,280,296,312,328,344,360,376,392,408,424,440,456,472,488,504,520,536,552,568,584,600,616,632,648,664,680,696,712,728,744,760,776,792,808,824,840,856,872,888,904,920,936,952,968,984,1000,1016,1032,1048,1064,1080,1096,1112,1128,1144,1160,1176,1192,1208,1224,1240,1256,1272,1288,1304,1320,1336,1352,1368,1384,1400,1416,1432 motion_emb_sha=c0104a3e993a38a4 motion_pos_sha=61106d8dc7b7780a motion_mask=111111111111111111111111111111111111111111111111111111111111111111111111111111111111111110000000 mem_order_sha=4b2a3a063b642203 motion_cols_sha=22e56efd29e4770c donor=None cover=exact:0,fallback:0,cycle:0,cross_seg:0 gate=none num_steps=10 act_sha=110425ad9811a404 infer_ms=69.6
INFO:mme_vla_suite.serving.websocket_policy_server:TIMING infer_ms=69.6
INFO:mme_vla_suite.serving.websocket_policy_server:TIMING add_buffer_ms=1459.8 frames=16 exec_start_idx=0
MV_INFER cond=normal split=test task=VideoUnmaskSwap ep=3 ep_seq=10 infer_seq=80 t=1480 es=216 k=90 motion_frames=0,16,32,48,64,80,96,112,128,144,160,176,216,232,248,264,280,296,312,328,344,360,376,392,408,424,440,456,472,488,504,520,536,552,568,584,600,616,632,648,664,680,696,712,728,744,760,776,792,808,824,840,856,872,888,904,920,936,952,968,984,1000,1016,1032,1048,1064,1080,1096,1112,1128,1144,1160,1176,1192,1208,1224,1240,1256,1272,1288,1304,1320,1336,1352,1368,1384,1400,1416,1432,1448 motion_emb_sha=85f0d57f82871b61 motion_pos_sha=843f66ef6236d387 motion_mask=111111111111111111111111111111111111111111111111111111111111111111111111111111111111111111000000 mem_order_sha=ddaa22f5948f9a20 motion_cols_sha=8a8e4ff540caacc6 donor=None cover=exact:0,fallback:0,cycle:0,cross_seg:0 gate=none num_steps=10 act_sha=570fe0c708d6901d infer_ms=69.7
INFO:mme_vla_suite.serving.websocket_policy_server:TIMING infer_ms=69.7
INFO:mme_vla_suite.serving.websocket_policy_server:TIMING add_buffer_ms=1459.4 frames=16 exec_start_idx=0
MV_INFER cond=normal split=test task=VideoUnmaskSwap ep=3 ep_seq=10 infer_seq=81 t=1496 es=216 k=91 motion_frames=0,16,32,48,64,80,96,112,128,144,160,176,216,232,248,264,280,296,312,328,344,360,376,392,408,424,440,456,472,488,504,520,536,552,568,584,600,616,632,648,664,680,696,712,728,744,760,776,792,808,824,840,856,872,888,904,920,936,952,968,984,1000,1016,1032,1048,1064,1080,1096,1112,1128,1144,1160,1176,1192,1208,1224,1240,1256,1272,1288,1304,1320,1336,1352,1368,1384,1400,1416,1432,1448,1464 motion_emb_sha=1cbd4586071fcbf0 motion_pos_sha=f80e1dbfd85bf0e4 motion_mask=111111111111111111111111111111111111111111111111111111111111111111111111111111111111111111100000 mem_order_sha=d77e2fd56bc5cef2 motion_cols_sha=138f109cc96ffe86 donor=None cover=exact:0,fallback:0,cycle:0,cross_seg:0 gate=none num_steps=10 act_sha=67c9b8b12ef26ee5 infer_ms=69.6
INFO:mme_vla_suite.serving.websocket_policy_server:TIMING infer_ms=69.6
INFO:mme_vla_suite.serving.websocket_policy_server:TIMING add_buffer_ms=1461.5 frames=16 exec_start_idx=0
MV_INFER cond=normal split=test task=VideoUnmaskSwap ep=3 ep_seq=10 infer_seq=82 t=1512 es=216 k=92 motion_frames=0,16,32,48,64,80,96,112,128,144,160,176,216,232,248,264,280,296,312,328,344,360,376,392,408,424,440,456,472,488,504,520,536,552,568,584,600,616,632,648,664,680,696,712,728,744,760,776,792,808,824,840,856,872,888,904,920,936,952,968,984,1000,1016,1032,1048,1064,1080,1096,1112,1128,1144,1160,1176,1192,1208,1224,1240,1256,1272,1288,1304,1320,1336,1352,1368,1384,1400,1416,1432,1448,1464,1480 motion_emb_sha=336e28a5a622df3c motion_pos_sha=89b9d6f61ba1c06d motion_mask=111111111111111111111111111111111111111111111111111111111111111111111111111111111111111111110000 mem_order_sha=90fccba7af4b716c motion_cols_sha=616b6226d61c5ca3 donor=None cover=exact:0,fallback:0,cycle:0,cross_seg:0 gate=none num_steps=10 act_sha=61cd6b1334263633 infer_ms=69.6
INFO:mme_vla_suite.serving.websocket_policy_server:TIMING infer_ms=69.6
INFO:websockets.server:connection open
INFO:mme_vla_suite.serving.websocket_policy_server:Connection from ('127.0.0.1', 50518) opened
MV_EPISODE_END ep_seq=10 infers=82 windows=92 wall_s=170.3
MV_EPISODE_BEGIN cond=normal split=test seed=42 ep_seq=11 expect=VideoUnmaskSwap:7
INFO:mme_vla_suite.serving.websocket_policy_server:TIMING add_buffer_ms=17597.6 frames=217 exec_start_idx=216
MV_INFER cond=normal split=test task=VideoUnmaskSwap ep=7 ep_seq=11 infer_seq=1 t=216 es=216 k=12 motion_frames=0,16,32,48,64,80,96,112,128,144,160,176 motion_emb_sha=2114d6065ad73481 motion_pos_sha=faf6de0b8c07a1d5 motion_mask=111111111111000000000000000000000000000000000000000000000000000000000000000000000000000000000000 mem_order_sha=e609c91b740de309 motion_cols_sha=08c16a7fb49e3eae donor=None cover=exact:0,fallback:0,cycle:0,cross_seg:0 gate=none num_steps=10 act_sha=0d1b12ddc7b6ed9e infer_ms=69.6
INFO:mme_vla_suite.serving.websocket_policy_server:TIMING infer_ms=69.6
INFO:mme_vla_suite.serving.websocket_policy_server:TIMING add_buffer_ms=36.5 frames=16 exec_start_idx=0
MV_INFER cond=normal split=test task=VideoUnmaskSwap ep=7 ep_seq=11 infer_seq=2 t=232 es=216 k=12 motion_frames=0,16,32,48,64,80,96,112,128,144,160,176 motion_emb_sha=2114d6065ad73481 motion_pos_sha=faf6de0b8c07a1d5 motion_mask=111111111111000000000000000000000000000000000000000000000000000000000000000000000000000000000000 mem_order_sha=e793924019a5a82c motion_cols_sha=3a0496c01a2fb3ad donor=None cover=exact:0,fallback:0,cycle:0,cross_seg:0 gate=none num_steps=10 act_sha=85cbfd38fd24cd80 infer_ms=69.7
INFO:mme_vla_suite.serving.websocket_policy_server:TIMING infer_ms=69.7
INFO:mme_vla_suite.serving.websocket_policy_server:TIMING add_buffer_ms=1461.2 frames=16 exec_start_idx=0
MV_INFER cond=normal split=test task=VideoUnmaskSwap ep=7 ep_seq=11 infer_seq=3 t=248 es=216 k=13 motion_frames=0,16,32,48,64,80,96,112,128,144,160,176,216 motion_emb_sha=1f729aee055ab925 motion_pos_sha=3f2d9f4da83327d3 motion_mask=111111111111100000000000000000000000000000000000000000000000000000000000000000000000000000000000 mem_order_sha=8a3b507c2f260164 motion_cols_sha=b798295059be96f9 donor=None cover=exact:0,fallback:0,cycle:0,cross_seg:0 gate=none num_steps=10 act_sha=de00f5ae7b98ad92 infer_ms=69.7
INFO:mme_vla_suite.serving.websocket_policy_server:TIMING infer_ms=69.7
INFO:mme_vla_suite.serving.websocket_policy_server:TIMING add_buffer_ms=1461.3 frames=16 exec_start_idx=0
MV_INFER cond=normal split=test task=VideoUnmaskSwap ep=7 ep_seq=11 infer_seq=4 t=264 es=216 k=14 motion_frames=0,16,32,48,64,80,96,112,128,144,160,176,216,232 motion_emb_sha=f37e3c9e3c93e018 motion_pos_sha=63b260a8e4b1154a motion_mask=111111111111110000000000000000000000000000000000000000000000000000000000000000000000000000000000 mem_order_sha=0fb777db37d65ee8 motion_cols_sha=1d17367f16e04ae7 donor=None cover=exact:0,fallback:0,cycle:0,cross_seg:0 gate=none num_steps=10 act_sha=dc63a5e4d8f12995 infer_ms=69.5
INFO:mme_vla_suite.serving.websocket_policy_server:TIMING infer_ms=69.5
INFO:mme_vla_suite.serving.websocket_policy_server:TIMING add_buffer_ms=1459.8 frames=16 exec_start_idx=0
MV_INFER cond=normal split=test task=VideoUnmaskSwap ep=7 ep_seq=11 infer_seq=5 t=280 es=216 k=15 motion_frames=0,16,32,48,64,80,96,112,128,144,160,176,216,232,248 motion_emb_sha=56e542efb4590ae1 motion_pos_sha=9ebfd737e38159ac motion_mask=111111111111111000000000000000000000000000000000000000000000000000000000000000000000000000000000 mem_order_sha=6a27f5bddec53668 motion_cols_sha=fb9e90c79a75849b donor=None cover=exact:0,fallback:0,cycle:0,cross_seg:0 gate=none num_steps=10 act_sha=16e4e4b3dea3cded infer_ms=69.6
INFO:mme_vla_suite.serving.websocket_policy_server:TIMING infer_ms=69.6
INFO:mme_vla_suite.serving.websocket_policy_server:TIMING add_buffer_ms=1466.6 frames=16 exec_start_idx=0
MV_INFER cond=normal split=test task=VideoUnmaskSwap ep=7 ep_seq=11 infer_seq=6 t=296 es=216 k=16 motion_frames=0,16,32,48,64,80,96,112,128,144,160,176,216,232,248,264 motion_emb_sha=b7814ac6e6324974 motion_pos_sha=5c9984fb4307bfa1 motion_mask=111111111111111100000000000000000000000000000000000000000000000000000000000000000000000000000000 mem_order_sha=8c3dde137da669e6 motion_cols_sha=490fc5ec63d706ca donor=None cover=exact:0,fallback:0,cycle:0,cross_seg:0 gate=none num_steps=10 act_sha=78eafa14cd528e7a infer_ms=69.5
INFO:mme_vla_suite.serving.websocket_policy_server:TIMING infer_ms=69.5
INFO:mme_vla_suite.serving.websocket_policy_server:TIMING add_buffer_ms=1461.0 frames=16 exec_start_idx=0
MV_INFER cond=normal split=test task=VideoUnmaskSwap ep=7 ep_seq=11 infer_seq=7 t=312 es=216 k=17 motion_frames=0,16,32,48,64,80,96,112,128,144,160,176,216,232,248,264,280 motion_emb_sha=4e6fe00fa5eeff44 motion_pos_sha=2b3798b819bbf443 motion_mask=111111111111111110000000000000000000000000000000000000000000000000000000000000000000000000000000 mem_order_sha=43f7a4213550f498 motion_cols_sha=2e1642b847282e70 donor=None cover=exact:0,fallback:0,cycle:0,cross_seg:0 gate=none num_steps=10 act_sha=6c45362a7f90fbb9 infer_ms=70.1
INFO:mme_vla_suite.serving.websocket_policy_server:TIMING infer_ms=70.1
INFO:mme_vla_suite.serving.websocket_policy_server:TIMING add_buffer_ms=1460.0 frames=16 exec_start_idx=0
MV_INFER cond=normal split=test task=VideoUnmaskSwap ep=7 ep_seq=11 infer_seq=8 t=328 es=216 k=18 motion_frames=0,16,32,48,64,80,96,112,128,144,160,176,216,232,248,264,280,296 motion_emb_sha=3b8fb564069dd412 motion_pos_sha=05adf0270b9cf5e6 motion_mask=111111111111111111000000000000000000000000000000000000000000000000000000000000000000000000000000 mem_order_sha=90ccecb3b7387902 motion_cols_sha=63e871dd0cdd200a donor=None cover=exact:0,fallback:0,cycle:0,cross_seg:0 gate=none num_steps=10 act_sha=e95f2caa47773038 infer_ms=69.6
INFO:mme_vla_suite.serving.websocket_policy_server:TIMING infer_ms=69.6
INFO:mme_vla_suite.serving.websocket_policy_server:TIMING add_buffer_ms=1461.2 frames=16 exec_start_idx=0
MV_INFER cond=normal split=test task=VideoUnmaskSwap ep=7 ep_seq=11 infer_seq=9 t=344 es=216 k=19 motion_frames=0,16,32,48,64,80,96,112,128,144,160,176,216,232,248,264,280,296,312 motion_emb_sha=79ade35338bb9094 motion_pos_sha=a5c5b2858b3e9e97 motion_mask=111111111111111111100000000000000000000000000000000000000000000000000000000000000000000000000000 mem_order_sha=96428d0b42412c27 motion_cols_sha=4d4b72eaae314853 donor=None cover=exact:0,fallback:0,cycle:0,cross_seg:0 gate=none num_steps=10 act_sha=2520473a98397701 infer_ms=69.7
INFO:mme_vla_suite.serving.websocket_policy_server:TIMING infer_ms=69.7
INFO:mme_vla_suite.serving.websocket_policy_server:TIMING add_buffer_ms=1468.2 frames=16 exec_start_idx=0
MV_INFER cond=normal split=test task=VideoUnmaskSwap ep=7 ep_seq=11 infer_seq=10 t=360 es=216 k=20 motion_frames=0,16,32,48,64,80,96,112,128,144,160,176,216,232,248,264,280,296,312,328 motion_emb_sha=c139f8d47a7c73ae motion_pos_sha=5c4d8941f1b51d82 motion_mask=111111111111111111110000000000000000000000000000000000000000000000000000000000000000000000000000 mem_order_sha=49d0f347357b8bfe motion_cols_sha=3a0ce303b45132dc donor=None cover=exact:0,fallback:0,cycle:0,cross_seg:0 gate=none num_steps=10 act_sha=b6fad8c59e6236b6 infer_ms=69.7
INFO:mme_vla_suite.serving.websocket_policy_server:TIMING infer_ms=69.7
INFO:mme_vla_suite.serving.websocket_policy_server:TIMING add_buffer_ms=1467.9 frames=16 exec_start_idx=0
MV_INFER cond=normal split=test task=VideoUnmaskSwap ep=7 ep_seq=11 infer_seq=11 t=376 es=216 k=21 motion_frames=0,16,32,48,64,80,96,112,128,144,160,176,216,232,248,264,280,296,312,328,344 motion_emb_sha=bf58f52f70f97c97 motion_pos_sha=520915216a1153cc motion_mask=111111111111111111111000000000000000000000000000000000000000000000000000000000000000000000000000 mem_order_sha=3b717c22514e3888 motion_cols_sha=eb4364ce14021fd0 donor=None cover=exact:0,fallback:0,cycle:0,cross_seg:0 gate=none num_steps=10 act_sha=f7597f8242503f9c infer_ms=70.3
INFO:mme_vla_suite.serving.websocket_policy_server:TIMING infer_ms=70.3
INFO:mme_vla_suite.serving.websocket_policy_server:TIMING add_buffer_ms=1466.7 frames=16 exec_start_idx=0
MV_INFER cond=normal split=test task=VideoUnmaskSwap ep=7 ep_seq=11 infer_seq=12 t=392 es=216 k=22 motion_frames=0,16,32,48,64,80,96,112,128,144,160,176,216,232,248,264,280,296,312,328,344,360 motion_emb_sha=4140a348112d45fe motion_pos_sha=a8faab5bfd91ed3e motion_mask=111111111111111111111100000000000000000000000000000000000000000000000000000000000000000000000000 mem_order_sha=19cdae0e57a0aaf5 motion_cols_sha=6a7de3774cc245fd donor=None cover=exact:0,fallback:0,cycle:0,cross_seg:0 gate=none num_steps=10 act_sha=97cf1f37c5937960 infer_ms=70.1
INFO:mme_vla_suite.serving.websocket_policy_server:TIMING infer_ms=70.1
INFO:mme_vla_suite.serving.websocket_policy_server:TIMING add_buffer_ms=1464.7 frames=16 exec_start_idx=0
MV_INFER cond=normal split=test task=VideoUnmaskSwap ep=7 ep_seq=11 infer_seq=13 t=408 es=216 k=23 motion_frames=0,16,32,48,64,80,96,112,128,144,160,176,216,232,248,264,280,296,312,328,344,360,376 motion_emb_sha=e8bdbf4a826ebd55 motion_pos_sha=c90e270ef13b40bb motion_mask=111111111111111111111110000000000000000000000000000000000000000000000000000000000000000000000000 mem_order_sha=b65d9eeb77b807f5 motion_cols_sha=872ad1646b6deda2 donor=None cover=exact:0,fallback:0,cycle:0,cross_seg:0 gate=none num_steps=10 act_sha=9f4c723ac9162e2c infer_ms=70.1
INFO:mme_vla_suite.serving.websocket_policy_server:TIMING infer_ms=70.1
INFO:mme_vla_suite.serving.websocket_policy_server:TIMING add_buffer_ms=1462.7 frames=16 exec_start_idx=0
MV_INFER cond=normal split=test task=VideoUnmaskSwap ep=7 ep_seq=11 infer_seq=14 t=424 es=216 k=24 motion_frames=0,16,32,48,64,80,96,112,128,144,160,176,216,232,248,264,280,296,312,328,344,360,376,392 motion_emb_sha=696cc64880f31bad motion_pos_sha=9ccf60f4aae233be motion_mask=111111111111111111111111000000000000000000000000000000000000000000000000000000000000000000000000 mem_order_sha=cc6da196adcf8622 motion_cols_sha=a81c9cdec5d4df3b donor=None cover=exact:0,fallback:0,cycle:0,cross_seg:0 gate=none num_steps=10 act_sha=dcdfdad742e49db0 infer_ms=70.5
INFO:mme_vla_suite.serving.websocket_policy_server:TIMING infer_ms=70.5
INFO:mme_vla_suite.serving.websocket_policy_server:TIMING add_buffer_ms=1465.7 frames=16 exec_start_idx=0
MV_INFER cond=normal split=test task=VideoUnmaskSwap ep=7 ep_seq=11 infer_seq=15 t=440 es=216 k=25 motion_frames=0,16,32,48,64,80,96,112,128,144,160,176,216,232,248,264,280,296,312,328,344,360,376,392,408 motion_emb_sha=15619db855ff8e40 motion_pos_sha=4f2883ced49fb4ef motion_mask=111111111111111111111111100000000000000000000000000000000000000000000000000000000000000000000000 mem_order_sha=2e8f0f44cf91994f motion_cols_sha=25511e64898b44f0 donor=None cover=exact:0,fallback:0,cycle:0,cross_seg:0 gate=none num_steps=10 act_sha=1bdbe8e14f37c457 infer_ms=70.0
INFO:mme_vla_suite.serving.websocket_policy_server:TIMING infer_ms=70.0
INFO:mme_vla_suite.serving.websocket_policy_server:TIMING add_buffer_ms=1471.3 frames=16 exec_start_idx=0
MV_INFER cond=normal split=test task=VideoUnmaskSwap ep=7 ep_seq=11 infer_seq=16 t=456 es=216 k=26 motion_frames=0,16,32,48,64,80,96,112,128,144,160,176,216,232,248,264,280,296,312,328,344,360,376,392,408,424 motion_emb_sha=d48732574533fc29 motion_pos_sha=d76dfa925a1aa9c0 motion_mask=111111111111111111111111110000000000000000000000000000000000000000000000000000000000000000000000 mem_order_sha=c2009f1c1d3a477d motion_cols_sha=8d00bcd568328c7d donor=None cover=exact:0,fallback:0,cycle:0,cross_seg:0 gate=none num_steps=10 act_sha=497daaea386ee8e0 infer_ms=70.2
INFO:mme_vla_suite.serving.websocket_policy_server:TIMING infer_ms=70.2
INFO:mme_vla_suite.serving.websocket_policy_server:TIMING add_buffer_ms=1467.8 frames=16 exec_start_idx=0
MV_INFER cond=normal split=test task=VideoUnmaskSwap ep=7 ep_seq=11 infer_seq=17 t=472 es=216 k=27 motion_frames=0,16,32,48,64,80,96,112,128,144,160,176,216,232,248,264,280,296,312,328,344,360,376,392,408,424,440 motion_emb_sha=79f3bf5f7d3c720c motion_pos_sha=d4bd5b22b97c6fbd motion_mask=111111111111111111111111111000000000000000000000000000000000000000000000000000000000000000000000 mem_order_sha=30bec12fa06cea00 motion_cols_sha=5187c910894917d4 donor=None cover=exact:0,fallback:0,cycle:0,cross_seg:0 gate=none num_steps=10 act_sha=0b6018e6f98a6b40 infer_ms=69.9
INFO:mme_vla_suite.serving.websocket_policy_server:TIMING infer_ms=69.9
INFO:mme_vla_suite.serving.websocket_policy_server:TIMING add_buffer_ms=1464.0 frames=16 exec_start_idx=0
MV_INFER cond=normal split=test task=VideoUnmaskSwap ep=7 ep_seq=11 infer_seq=18 t=488 es=216 k=28 motion_frames=0,16,32,48,64,80,96,112,128,144,160,176,216,232,248,264,280,296,312,328,344,360,376,392,408,424,440,456 motion_emb_sha=7cbc99f673eff117 motion_pos_sha=732029ffbc803d2e motion_mask=111111111111111111111111111100000000000000000000000000000000000000000000000000000000000000000000 mem_order_sha=d2bfe0574fa3a88b motion_cols_sha=621699514fde4d85 donor=None cover=exact:0,fallback:0,cycle:0,cross_seg:0 gate=none num_steps=10 act_sha=0894d0caa77bc24f infer_ms=69.6
INFO:mme_vla_suite.serving.websocket_policy_server:TIMING infer_ms=69.6
INFO:mme_vla_suite.serving.websocket_policy_server:TIMING add_buffer_ms=1465.5 frames=16 exec_start_idx=0
MV_INFER cond=normal split=test task=VideoUnmaskSwap ep=7 ep_seq=11 infer_seq=19 t=504 es=216 k=29 motion_frames=0,16,32,48,64,80,96,112,128,144,160,176,216,232,248,264,280,296,312,328,344,360,376,392,408,424,440,456,472 motion_emb_sha=60324428106bb7db motion_pos_sha=8bcbaef49880117a motion_mask=111111111111111111111111111110000000000000000000000000000000000000000000000000000000000000000000 mem_order_sha=df0b1b4e604d5391 motion_cols_sha=82ec7b3d5202b8c0 donor=None cover=exact:0,fallback:0,cycle:0,cross_seg:0 gate=none num_steps=10 act_sha=f4c15aa0ca9e7915 infer_ms=70.2
INFO:mme_vla_suite.serving.websocket_policy_server:TIMING infer_ms=70.2
[sidecar pid=833148] 窗 #851 起点 488 耗时 1414 ms（累计 1606s）
INFO:mme_vla_suite.serving.websocket_policy_server:TIMING add_buffer_ms=1462.6 frames=16 exec_start_idx=0
MV_INFER cond=normal split=test task=VideoUnmaskSwap ep=7 ep_seq=11 infer_seq=20 t=520 es=216 k=30 motion_frames=0,16,32,48,64,80,96,112,128,144,160,176,216,232,248,264,280,296,312,328,344,360,376,392,408,424,440,456,472,488 motion_emb_sha=4886b362855b3aa6 motion_pos_sha=468bbd4dbc28dd2a motion_mask=111111111111111111111111111111000000000000000000000000000000000000000000000000000000000000000000 mem_order_sha=0798121ddd7f5021 motion_cols_sha=4c40fafa6ed0449b donor=None cover=exact:0,fallback:0,cycle:0,cross_seg:0 gate=none num_steps=10 act_sha=ea756ab7ae0c45ce infer_ms=69.9
INFO:mme_vla_suite.serving.websocket_policy_server:TIMING infer_ms=69.9
INFO:mme_vla_suite.serving.websocket_policy_server:TIMING add_buffer_ms=1465.2 frames=16 exec_start_idx=0
MV_INFER cond=normal split=test task=VideoUnmaskSwap ep=7 ep_seq=11 infer_seq=21 t=536 es=216 k=31 motion_frames=0,16,32,48,64,80,96,112,128,144,160,176,216,232,248,264,280,296,312,328,344,360,376,392,408,424,440,456,472,488,504 motion_emb_sha=9fc96ccf93ac3821 motion_pos_sha=d78ff63901dc1fbe motion_mask=111111111111111111111111111111100000000000000000000000000000000000000000000000000000000000000000 mem_order_sha=6e21fe925722745d motion_cols_sha=0a116cc872113e8e donor=None cover=exact:0,fallback:0,cycle:0,cross_seg:0 gate=none num_steps=10 act_sha=a3eea25337d23e98 infer_ms=70.2
INFO:mme_vla_suite.serving.websocket_policy_server:TIMING infer_ms=70.2
INFO:mme_vla_suite.serving.websocket_policy_server:TIMING add_buffer_ms=1466.4 frames=16 exec_start_idx=0
MV_INFER cond=normal split=test task=VideoUnmaskSwap ep=7 ep_seq=11 infer_seq=22 t=552 es=216 k=32 motion_frames=0,16,32,48,64,80,96,112,128,144,160,176,216,232,248,264,280,296,312,328,344,360,376,392,408,424,440,456,472,488,504,520 motion_emb_sha=f26e6a59b46f2741 motion_pos_sha=9964e14de30e69d6 motion_mask=111111111111111111111111111111110000000000000000000000000000000000000000000000000000000000000000 mem_order_sha=c7182c0a2a275dfe motion_cols_sha=3fa2e7f8df4bd5ab donor=None cover=exact:0,fallback:0,cycle:0,cross_seg:0 gate=none num_steps=10 act_sha=0ea8171c596ea5b5 infer_ms=70.3
INFO:mme_vla_suite.serving.websocket_policy_server:TIMING infer_ms=70.3
INFO:mme_vla_suite.serving.websocket_policy_server:TIMING add_buffer_ms=1462.5 frames=16 exec_start_idx=0
MV_INFER cond=normal split=test task=VideoUnmaskSwap ep=7 ep_seq=11 infer_seq=23 t=568 es=216 k=33 motion_frames=0,16,32,48,64,80,96,112,128,144,160,176,216,232,248,264,280,296,312,328,344,360,376,392,408,424,440,456,472,488,504,520,536 motion_emb_sha=a9fb882f7a6e1a99 motion_pos_sha=7cb26567f20da38e motion_mask=111111111111111111111111111111111000000000000000000000000000000000000000000000000000000000000000 mem_order_sha=2c2da541512bb354 motion_cols_sha=3e7560c317f462eb donor=None cover=exact:0,fallback:0,cycle:0,cross_seg:0 gate=none num_steps=10 act_sha=1b559be19c7d7b20 infer_ms=70.1
INFO:mme_vla_suite.serving.websocket_policy_server:TIMING infer_ms=70.1
INFO:mme_vla_suite.serving.websocket_policy_server:TIMING add_buffer_ms=1465.8 frames=16 exec_start_idx=0
MV_INFER cond=normal split=test task=VideoUnmaskSwap ep=7 ep_seq=11 infer_seq=24 t=584 es=216 k=34 motion_frames=0,16,32,48,64,80,96,112,128,144,160,176,216,232,248,264,280,296,312,328,344,360,376,392,408,424,440,456,472,488,504,520,536,552 motion_emb_sha=80531c2e3300d02b motion_pos_sha=413a301ccaf95790 motion_mask=111111111111111111111111111111111100000000000000000000000000000000000000000000000000000000000000 mem_order_sha=c5ae8ef7fc999bad motion_cols_sha=878284b46d0d748f donor=None cover=exact:0,fallback:0,cycle:0,cross_seg:0 gate=none num_steps=10 act_sha=6b752812151611f1 infer_ms=69.9
INFO:mme_vla_suite.serving.websocket_policy_server:TIMING infer_ms=69.9
INFO:mme_vla_suite.serving.websocket_policy_server:TIMING add_buffer_ms=1466.0 frames=16 exec_start_idx=0
MV_INFER cond=normal split=test task=VideoUnmaskSwap ep=7 ep_seq=11 infer_seq=25 t=600 es=216 k=35 motion_frames=0,16,32,48,64,80,96,112,128,144,160,176,216,232,248,264,280,296,312,328,344,360,376,392,408,424,440,456,472,488,504,520,536,552,568 motion_emb_sha=d2b785b1b8c01f43 motion_pos_sha=1b8743dcd1018058 motion_mask=111111111111111111111111111111111110000000000000000000000000000000000000000000000000000000000000 mem_order_sha=a84b9a4e824f147c motion_cols_sha=954cb96ff8d896b3 donor=None cover=exact:0,fallback:0,cycle:0,cross_seg:0 gate=none num_steps=10 act_sha=4f759252b146436a infer_ms=70.2
INFO:mme_vla_suite.serving.websocket_policy_server:TIMING infer_ms=70.2
INFO:mme_vla_suite.serving.websocket_policy_server:TIMING add_buffer_ms=1462.9 frames=16 exec_start_idx=0
MV_INFER cond=normal split=test task=VideoUnmaskSwap ep=7 ep_seq=11 infer_seq=26 t=616 es=216 k=36 motion_frames=0,16,32,48,64,80,96,112,128,144,160,176,216,232,248,264,280,296,312,328,344,360,376,392,408,424,440,456,472,488,504,520,536,552,568,584 motion_emb_sha=82bc6f32efaf9408 motion_pos_sha=86dabf7a3516115c motion_mask=111111111111111111111111111111111111000000000000000000000000000000000000000000000000000000000000 mem_order_sha=9bb7bdaac11439ce motion_cols_sha=bc633ef9c0fb2af2 donor=None cover=exact:0,fallback:0,cycle:0,cross_seg:0 gate=none num_steps=10 act_sha=7615e0e6afd7e16d infer_ms=70.1
INFO:mme_vla_suite.serving.websocket_policy_server:TIMING infer_ms=70.1
INFO:mme_vla_suite.serving.websocket_policy_server:TIMING add_buffer_ms=1464.7 frames=16 exec_start_idx=0
MV_INFER cond=normal split=test task=VideoUnmaskSwap ep=7 ep_seq=11 infer_seq=27 t=632 es=216 k=37 motion_frames=0,16,32,48,64,80,96,112,128,144,160,176,216,232,248,264,280,296,312,328,344,360,376,392,408,424,440,456,472,488,504,520,536,552,568,584,600 motion_emb_sha=9112c0e60ab22417 motion_pos_sha=ebf1d84abee84433 motion_mask=111111111111111111111111111111111111100000000000000000000000000000000000000000000000000000000000 mem_order_sha=bb5215489dd9cf2d motion_cols_sha=0b1f6068655ce105 donor=None cover=exact:0,fallback:0,cycle:0,cross_seg:0 gate=none num_steps=10 act_sha=27c1f653e20f8f82 infer_ms=69.9
INFO:mme_vla_suite.serving.websocket_policy_server:TIMING infer_ms=69.9
INFO:mme_vla_suite.serving.websocket_policy_server:TIMING add_buffer_ms=1463.3 frames=16 exec_start_idx=0
MV_INFER cond=normal split=test task=VideoUnmaskSwap ep=7 ep_seq=11 infer_seq=28 t=648 es=216 k=38 motion_frames=0,16,32,48,64,80,96,112,128,144,160,176,216,232,248,264,280,296,312,328,344,360,376,392,408,424,440,456,472,488,504,520,536,552,568,584,600,616 motion_emb_sha=c5d32a33ecac748b motion_pos_sha=84f645772bb1daf4 motion_mask=111111111111111111111111111111111111110000000000000000000000000000000000000000000000000000000000 mem_order_sha=8f945d85033e81bd motion_cols_sha=77990476390af325 donor=None cover=exact:0,fallback:0,cycle:0,cross_seg:0 gate=none num_steps=10 act_sha=60e0550b0369b816 infer_ms=69.8
INFO:mme_vla_suite.serving.websocket_policy_server:TIMING infer_ms=69.8
INFO:mme_vla_suite.serving.websocket_policy_server:TIMING add_buffer_ms=1464.6 frames=16 exec_start_idx=0
MV_INFER cond=normal split=test task=VideoUnmaskSwap ep=7 ep_seq=11 infer_seq=29 t=664 es=216 k=39 motion_frames=0,16,32,48,64,80,96,112,128,144,160,176,216,232,248,264,280,296,312,328,344,360,376,392,408,424,440,456,472,488,504,520,536,552,568,584,600,616,632 motion_emb_sha=70460fdd407c0fe4 motion_pos_sha=bac0aaaa17ac14e9 motion_mask=111111111111111111111111111111111111111000000000000000000000000000000000000000000000000000000000 mem_order_sha=d940758f31b05989 motion_cols_sha=446ef38f173e8e31 donor=None cover=exact:0,fallback:0,cycle:0,cross_seg:0 gate=none num_steps=10 act_sha=b243be6f8bdadacc infer_ms=70.5
INFO:mme_vla_suite.serving.websocket_policy_server:TIMING infer_ms=70.5
INFO:mme_vla_suite.serving.websocket_policy_server:TIMING add_buffer_ms=1467.2 frames=16 exec_start_idx=0
MV_INFER cond=normal split=test task=VideoUnmaskSwap ep=7 ep_seq=11 infer_seq=30 t=680 es=216 k=40 motion_frames=0,16,32,48,64,80,96,112,128,144,160,176,216,232,248,264,280,296,312,328,344,360,376,392,408,424,440,456,472,488,504,520,536,552,568,584,600,616,632,648 motion_emb_sha=a60c9cf30ec72b78 motion_pos_sha=0dfa581646a8ddc0 motion_mask=111111111111111111111111111111111111111100000000000000000000000000000000000000000000000000000000 mem_order_sha=d5d503504358d6c9 motion_cols_sha=3ea6ec14cb5c8fc3 donor=None cover=exact:0,fallback:0,cycle:0,cross_seg:0 gate=none num_steps=10 act_sha=86c4e317ed964525 infer_ms=70.3
INFO:mme_vla_suite.serving.websocket_policy_server:TIMING infer_ms=70.3
INFO:mme_vla_suite.serving.websocket_policy_server:TIMING add_buffer_ms=1464.5 frames=16 exec_start_idx=0
MV_INFER cond=normal split=test task=VideoUnmaskSwap ep=7 ep_seq=11 infer_seq=31 t=696 es=216 k=41 motion_frames=0,16,32,48,64,80,96,112,128,144,160,176,216,232,248,264,280,296,312,328,344,360,376,392,408,424,440,456,472,488,504,520,536,552,568,584,600,616,632,648,664 motion_emb_sha=06cfd1f485a9b42c motion_pos_sha=6b26f77d760aef64 motion_mask=111111111111111111111111111111111111111110000000000000000000000000000000000000000000000000000000 mem_order_sha=432efac88bcf9149 motion_cols_sha=eeca25e4f573f0af donor=None cover=exact:0,fallback:0,cycle:0,cross_seg:0 gate=none num_steps=10 act_sha=56f1e63e2aa8c43f infer_ms=69.6
INFO:mme_vla_suite.serving.websocket_policy_server:TIMING infer_ms=69.6
INFO:mme_vla_suite.serving.websocket_policy_server:TIMING add_buffer_ms=1466.2 frames=16 exec_start_idx=0
MV_INFER cond=normal split=test task=VideoUnmaskSwap ep=7 ep_seq=11 infer_seq=32 t=712 es=216 k=42 motion_frames=0,16,32,48,64,80,96,112,128,144,160,176,216,232,248,264,280,296,312,328,344,360,376,392,408,424,440,456,472,488,504,520,536,552,568,584,600,616,632,648,664,680 motion_emb_sha=c96c9d7e41eb3088 motion_pos_sha=0be8284179fd6ce6 motion_mask=111111111111111111111111111111111111111111000000000000000000000000000000000000000000000000000000 mem_order_sha=822bce4d93e2af0a motion_cols_sha=e882d528a29922ce donor=None cover=exact:0,fallback:0,cycle:0,cross_seg:0 gate=none num_steps=10 act_sha=7c9247f6eab51153 infer_ms=69.9
INFO:mme_vla_suite.serving.websocket_policy_server:TIMING infer_ms=69.9
INFO:mme_vla_suite.serving.websocket_policy_server:TIMING add_buffer_ms=1459.8 frames=16 exec_start_idx=0
MV_INFER cond=normal split=test task=VideoUnmaskSwap ep=7 ep_seq=11 infer_seq=33 t=728 es=216 k=43 motion_frames=0,16,32,48,64,80,96,112,128,144,160,176,216,232,248,264,280,296,312,328,344,360,376,392,408,424,440,456,472,488,504,520,536,552,568,584,600,616,632,648,664,680,696 motion_emb_sha=c6b1f30997f0b5bc motion_pos_sha=68637cc50dd23ead motion_mask=111111111111111111111111111111111111111111100000000000000000000000000000000000000000000000000000 mem_order_sha=115ae4569d936e9b motion_cols_sha=b48107778cd510e5 donor=None cover=exact:0,fallback:0,cycle:0,cross_seg:0 gate=none num_steps=10 act_sha=e88a8ceeb2961ea3 infer_ms=69.9
INFO:mme_vla_suite.serving.websocket_policy_server:TIMING infer_ms=69.9
INFO:mme_vla_suite.serving.websocket_policy_server:TIMING add_buffer_ms=1461.9 frames=16 exec_start_idx=0
MV_INFER cond=normal split=test task=VideoUnmaskSwap ep=7 ep_seq=11 infer_seq=34 t=744 es=216 k=44 motion_frames=0,16,32,48,64,80,96,112,128,144,160,176,216,232,248,264,280,296,312,328,344,360,376,392,408,424,440,456,472,488,504,520,536,552,568,584,600,616,632,648,664,680,696,712 motion_emb_sha=df2aa67f5edef5f6 motion_pos_sha=d7bc07a6995898a4 motion_mask=111111111111111111111111111111111111111111110000000000000000000000000000000000000000000000000000 mem_order_sha=180cb185ee38e14c motion_cols_sha=d6cd6789afdeb393 donor=None cover=exact:0,fallback:0,cycle:0,cross_seg:0 gate=none num_steps=10 act_sha=69030fce09b777bb infer_ms=70.3
INFO:mme_vla_suite.serving.websocket_policy_server:TIMING infer_ms=70.3
INFO:mme_vla_suite.serving.websocket_policy_server:TIMING add_buffer_ms=1465.9 frames=16 exec_start_idx=0
MV_INFER cond=normal split=test task=VideoUnmaskSwap ep=7 ep_seq=11 infer_seq=35 t=760 es=216 k=45 motion_frames=0,16,32,48,64,80,96,112,128,144,160,176,216,232,248,264,280,296,312,328,344,360,376,392,408,424,440,456,472,488,504,520,536,552,568,584,600,616,632,648,664,680,696,712,728 motion_emb_sha=b288ee9aa6b6264f motion_pos_sha=c3b1873dcd917182 motion_mask=111111111111111111111111111111111111111111111000000000000000000000000000000000000000000000000000 mem_order_sha=ffbddc34a3078c08 motion_cols_sha=7005eb03aa62fd5c donor=None cover=exact:0,fallback:0,cycle:0,cross_seg:0 gate=none num_steps=10 act_sha=a2edd35b767804f9 infer_ms=69.9
INFO:mme_vla_suite.serving.websocket_policy_server:TIMING infer_ms=69.9
INFO:mme_vla_suite.serving.websocket_policy_server:TIMING add_buffer_ms=1464.6 frames=16 exec_start_idx=0
MV_INFER cond=normal split=test task=VideoUnmaskSwap ep=7 ep_seq=11 infer_seq=36 t=776 es=216 k=46 motion_frames=0,16,32,48,64,80,96,112,128,144,160,176,216,232,248,264,280,296,312,328,344,360,376,392,408,424,440,456,472,488,504,520,536,552,568,584,600,616,632,648,664,680,696,712,728,744 motion_emb_sha=5073f679ad66d454 motion_pos_sha=024afe13869729e0 motion_mask=111111111111111111111111111111111111111111111100000000000000000000000000000000000000000000000000 mem_order_sha=8f456730dc4dacc4 motion_cols_sha=aed28aa880af478e donor=None cover=exact:0,fallback:0,cycle:0,cross_seg:0 gate=none num_steps=10 act_sha=29275465947bf662 infer_ms=70.8
INFO:mme_vla_suite.serving.websocket_policy_server:TIMING infer_ms=70.8
INFO:mme_vla_suite.serving.websocket_policy_server:TIMING add_buffer_ms=1473.4 frames=16 exec_start_idx=0
MV_INFER cond=normal split=test task=VideoUnmaskSwap ep=7 ep_seq=11 infer_seq=37 t=792 es=216 k=47 motion_frames=0,16,32,48,64,80,96,112,128,144,160,176,216,232,248,264,280,296,312,328,344,360,376,392,408,424,440,456,472,488,504,520,536,552,568,584,600,616,632,648,664,680,696,712,728,744,760 motion_emb_sha=3ce0232f8b9cf1f5 motion_pos_sha=61601f289ac4e8e0 motion_mask=111111111111111111111111111111111111111111111110000000000000000000000000000000000000000000000000 mem_order_sha=5d33ce470cd9095f motion_cols_sha=b2b92b1e771b3784 donor=None cover=exact:0,fallback:0,cycle:0,cross_seg:0 gate=none num_steps=10 act_sha=9969fe2c23a30b06 infer_ms=70.0
INFO:mme_vla_suite.serving.websocket_policy_server:TIMING infer_ms=70.0
INFO:mme_vla_suite.serving.websocket_policy_server:TIMING add_buffer_ms=1467.8 frames=16 exec_start_idx=0
MV_INFER cond=normal split=test task=VideoUnmaskSwap ep=7 ep_seq=11 infer_seq=38 t=808 es=216 k=48 motion_frames=0,16,32,48,64,80,96,112,128,144,160,176,216,232,248,264,280,296,312,328,344,360,376,392,408,424,440,456,472,488,504,520,536,552,568,584,600,616,632,648,664,680,696,712,728,744,760,776 motion_emb_sha=99fa83fc1c72ea8f motion_pos_sha=8e145ea202e08ec9 motion_mask=111111111111111111111111111111111111111111111111000000000000000000000000000000000000000000000000 mem_order_sha=59a64c945de80447 motion_cols_sha=f1800769d73c6e71 donor=None cover=exact:0,fallback:0,cycle:0,cross_seg:0 gate=none num_steps=10 act_sha=93e59451a01c3439 infer_ms=70.8
INFO:mme_vla_suite.serving.websocket_policy_server:TIMING infer_ms=70.8
INFO:mme_vla_suite.serving.websocket_policy_server:TIMING add_buffer_ms=1462.5 frames=16 exec_start_idx=0
MV_INFER cond=normal split=test task=VideoUnmaskSwap ep=7 ep_seq=11 infer_seq=39 t=824 es=216 k=49 motion_frames=0,16,32,48,64,80,96,112,128,144,160,176,216,232,248,264,280,296,312,328,344,360,376,392,408,424,440,456,472,488,504,520,536,552,568,584,600,616,632,648,664,680,696,712,728,744,760,776,792 motion_emb_sha=e9c0d814cc42b6c3 motion_pos_sha=77f201e93ee83776 motion_mask=111111111111111111111111111111111111111111111111100000000000000000000000000000000000000000000000 mem_order_sha=274845ed39fe1f0c motion_cols_sha=ba78e03eb87d1992 donor=None cover=exact:0,fallback:0,cycle:0,cross_seg:0 gate=none num_steps=10 act_sha=688b4a04e7d972a2 infer_ms=69.9
INFO:mme_vla_suite.serving.websocket_policy_server:TIMING infer_ms=69.9
INFO:mme_vla_suite.serving.websocket_policy_server:TIMING add_buffer_ms=1463.9 frames=16 exec_start_idx=0
MV_INFER cond=normal split=test task=VideoUnmaskSwap ep=7 ep_seq=11 infer_seq=40 t=840 es=216 k=50 motion_frames=0,16,32,48,64,80,96,112,128,144,160,176,216,232,248,264,280,296,312,328,344,360,376,392,408,424,440,456,472,488,504,520,536,552,568,584,600,616,632,648,664,680,696,712,728,744,760,776,792,808 motion_emb_sha=7940fa1634d3c1a3 motion_pos_sha=a900c1ddf6314efb motion_mask=111111111111111111111111111111111111111111111111110000000000000000000000000000000000000000000000 mem_order_sha=8e21462ee4fbf7e4 motion_cols_sha=ad005375693a6c9b donor=None cover=exact:0,fallback:0,cycle:0,cross_seg:0 gate=none num_steps=10 act_sha=263c61be16054b8b infer_ms=69.9
INFO:mme_vla_suite.serving.websocket_policy_server:TIMING infer_ms=69.9
INFO:mme_vla_suite.serving.websocket_policy_server:TIMING add_buffer_ms=1462.6 frames=16 exec_start_idx=0
MV_INFER cond=normal split=test task=VideoUnmaskSwap ep=7 ep_seq=11 infer_seq=41 t=856 es=216 k=51 motion_frames=0,16,32,48,64,80,96,112,128,144,160,176,216,232,248,264,280,296,312,328,344,360,376,392,408,424,440,456,472,488,504,520,536,552,568,584,600,616,632,648,664,680,696,712,728,744,760,776,792,808,824 motion_emb_sha=5e16c29a7053896c motion_pos_sha=d2a80434d97251af motion_mask=111111111111111111111111111111111111111111111111111000000000000000000000000000000000000000000000 mem_order_sha=fcfc31db105ff1dc motion_cols_sha=86d302a61b73738f donor=None cover=exact:0,fallback:0,cycle:0,cross_seg:0 gate=none num_steps=10 act_sha=f509d1a97fa2d6e7 infer_ms=69.9
INFO:mme_vla_suite.serving.websocket_policy_server:TIMING infer_ms=69.9
INFO:mme_vla_suite.serving.websocket_policy_server:TIMING add_buffer_ms=1463.0 frames=16 exec_start_idx=0
MV_INFER cond=normal split=test task=VideoUnmaskSwap ep=7 ep_seq=11 infer_seq=42 t=872 es=216 k=52 motion_frames=0,16,32,48,64,80,96,112,128,144,160,176,216,232,248,264,280,296,312,328,344,360,376,392,408,424,440,456,472,488,504,520,536,552,568,584,600,616,632,648,664,680,696,712,728,744,760,776,792,808,824,840 motion_emb_sha=84b0b6c6f5633dcb motion_pos_sha=df450cb9b0ce9052 motion_mask=111111111111111111111111111111111111111111111111111100000000000000000000000000000000000000000000 mem_order_sha=c949fd3449a0d46a motion_cols_sha=19b0d3aa8a713f79 donor=None cover=exact:0,fallback:0,cycle:0,cross_seg:0 gate=none num_steps=10 act_sha=0c216964644127d3 infer_ms=70.3
INFO:mme_vla_suite.serving.websocket_policy_server:TIMING infer_ms=70.3
INFO:mme_vla_suite.serving.websocket_policy_server:TIMING add_buffer_ms=1466.0 frames=16 exec_start_idx=0
MV_INFER cond=normal split=test task=VideoUnmaskSwap ep=7 ep_seq=11 infer_seq=43 t=888 es=216 k=53 motion_frames=0,16,32,48,64,80,96,112,128,144,160,176,216,232,248,264,280,296,312,328,344,360,376,392,408,424,440,456,472,488,504,520,536,552,568,584,600,616,632,648,664,680,696,712,728,744,760,776,792,808,824,840,856 motion_emb_sha=38cf05dbe2837483 motion_pos_sha=e95fae9c2c055080 motion_mask=111111111111111111111111111111111111111111111111111110000000000000000000000000000000000000000000 mem_order_sha=ecb057c31b6394d5 motion_cols_sha=403d305af855d066 donor=None cover=exact:0,fallback:0,cycle:0,cross_seg:0 gate=none num_steps=10 act_sha=3999d3c9eabe44ae infer_ms=69.7
INFO:mme_vla_suite.serving.websocket_policy_server:TIMING infer_ms=69.7
INFO:mme_vla_suite.serving.websocket_policy_server:TIMING add_buffer_ms=1461.4 frames=16 exec_start_idx=0
MV_INFER cond=normal split=test task=VideoUnmaskSwap ep=7 ep_seq=11 infer_seq=44 t=904 es=216 k=54 motion_frames=0,16,32,48,64,80,96,112,128,144,160,176,216,232,248,264,280,296,312,328,344,360,376,392,408,424,440,456,472,488,504,520,536,552,568,584,600,616,632,648,664,680,696,712,728,744,760,776,792,808,824,840,856,872 motion_emb_sha=a5921391eac525a9 motion_pos_sha=1aa114d6e28ce3b5 motion_mask=111111111111111111111111111111111111111111111111111111000000000000000000000000000000000000000000 mem_order_sha=1b8216f13cbe1693 motion_cols_sha=4d0759622dd37036 donor=None cover=exact:0,fallback:0,cycle:0,cross_seg:0 gate=none num_steps=10 act_sha=69ac4dfe50fdc14d infer_ms=69.9
INFO:mme_vla_suite.serving.websocket_policy_server:TIMING infer_ms=69.9
INFO:mme_vla_suite.serving.websocket_policy_server:TIMING add_buffer_ms=1460.1 frames=16 exec_start_idx=0
MV_INFER cond=normal split=test task=VideoUnmaskSwap ep=7 ep_seq=11 infer_seq=45 t=920 es=216 k=55 motion_frames=0,16,32,48,64,80,96,112,128,144,160,176,216,232,248,264,280,296,312,328,344,360,376,392,408,424,440,456,472,488,504,520,536,552,568,584,600,616,632,648,664,680,696,712,728,744,760,776,792,808,824,840,856,872,888 motion_emb_sha=846ef35dd649c8eb motion_pos_sha=03af4e217d335aa0 motion_mask=111111111111111111111111111111111111111111111111111111100000000000000000000000000000000000000000 mem_order_sha=3f861b78ab03d00f motion_cols_sha=2fe009d1e908dd50 donor=None cover=exact:0,fallback:0,cycle:0,cross_seg:0 gate=none num_steps=10 act_sha=78e76529ba238837 infer_ms=69.8
INFO:mme_vla_suite.serving.websocket_policy_server:TIMING infer_ms=69.8
INFO:mme_vla_suite.serving.websocket_policy_server:TIMING add_buffer_ms=1460.3 frames=16 exec_start_idx=0
MV_INFER cond=normal split=test task=VideoUnmaskSwap ep=7 ep_seq=11 infer_seq=46 t=936 es=216 k=56 motion_frames=0,16,32,48,64,80,96,112,128,144,160,176,216,232,248,264,280,296,312,328,344,360,376,392,408,424,440,456,472,488,504,520,536,552,568,584,600,616,632,648,664,680,696,712,728,744,760,776,792,808,824,840,856,872,888,904 motion_emb_sha=ab47d3f2f911f48b motion_pos_sha=384db4e1862ec952 motion_mask=111111111111111111111111111111111111111111111111111111110000000000000000000000000000000000000000 mem_order_sha=020ecf6cf24d29b8 motion_cols_sha=107e232b91a08e59 donor=None cover=exact:0,fallback:0,cycle:0,cross_seg:0 gate=none num_steps=10 act_sha=779103c9e870b755 infer_ms=69.8
INFO:mme_vla_suite.serving.websocket_policy_server:TIMING infer_ms=69.8
INFO:mme_vla_suite.serving.websocket_policy_server:TIMING add_buffer_ms=1461.4 frames=16 exec_start_idx=0
MV_INFER cond=normal split=test task=VideoUnmaskSwap ep=7 ep_seq=11 infer_seq=47 t=952 es=216 k=57 motion_frames=0,16,32,48,64,80,96,112,128,144,160,176,216,232,248,264,280,296,312,328,344,360,376,392,408,424,440,456,472,488,504,520,536,552,568,584,600,616,632,648,664,680,696,712,728,744,760,776,792,808,824,840,856,872,888,904,920 motion_emb_sha=ddc7730088863e59 motion_pos_sha=d09cf0d6bfca18be motion_mask=111111111111111111111111111111111111111111111111111111111000000000000000000000000000000000000000 mem_order_sha=2b7bef2856429e0c motion_cols_sha=5c9fdde29bbbfcfe donor=None cover=exact:0,fallback:0,cycle:0,cross_seg:0 gate=none num_steps=10 act_sha=2748e2eedbcea886 infer_ms=70.2
INFO:mme_vla_suite.serving.websocket_policy_server:TIMING infer_ms=70.2
INFO:mme_vla_suite.serving.websocket_policy_server:TIMING add_buffer_ms=1461.3 frames=16 exec_start_idx=0
MV_INFER cond=normal split=test task=VideoUnmaskSwap ep=7 ep_seq=11 infer_seq=48 t=968 es=216 k=58 motion_frames=0,16,32,48,64,80,96,112,128,144,160,176,216,232,248,264,280,296,312,328,344,360,376,392,408,424,440,456,472,488,504,520,536,552,568,584,600,616,632,648,664,680,696,712,728,744,760,776,792,808,824,840,856,872,888,904,920,936 motion_emb_sha=3274487883c72392 motion_pos_sha=231d2052357dce4c motion_mask=111111111111111111111111111111111111111111111111111111111100000000000000000000000000000000000000 mem_order_sha=093074969d95dd1b motion_cols_sha=f33637faa30f4fd1 donor=None cover=exact:0,fallback:0,cycle:0,cross_seg:0 gate=none num_steps=10 act_sha=7cc0ffcf22267306 infer_ms=69.5
INFO:mme_vla_suite.serving.websocket_policy_server:TIMING infer_ms=69.5
INFO:mme_vla_suite.serving.websocket_policy_server:TIMING add_buffer_ms=1461.0 frames=16 exec_start_idx=0
MV_INFER cond=normal split=test task=VideoUnmaskSwap ep=7 ep_seq=11 infer_seq=49 t=984 es=216 k=59 motion_frames=0,16,32,48,64,80,96,112,128,144,160,176,216,232,248,264,280,296,312,328,344,360,376,392,408,424,440,456,472,488,504,520,536,552,568,584,600,616,632,648,664,680,696,712,728,744,760,776,792,808,824,840,856,872,888,904,920,936,952 motion_emb_sha=519ab84b089452bc motion_pos_sha=128461667c8b9865 motion_mask=111111111111111111111111111111111111111111111111111111111110000000000000000000000000000000000000 mem_order_sha=4a010e3c1da29b5c motion_cols_sha=3f199af0bb4c9512 donor=None cover=exact:0,fallback:0,cycle:0,cross_seg:0 gate=none num_steps=10 act_sha=e77ecbacf05df840 infer_ms=69.6
INFO:mme_vla_suite.serving.websocket_policy_server:TIMING infer_ms=69.6
INFO:mme_vla_suite.serving.websocket_policy_server:TIMING add_buffer_ms=1462.0 frames=16 exec_start_idx=0
MV_INFER cond=normal split=test task=VideoUnmaskSwap ep=7 ep_seq=11 infer_seq=50 t=1000 es=216 k=60 motion_frames=0,16,32,48,64,80,96,112,128,144,160,176,216,232,248,264,280,296,312,328,344,360,376,392,408,424,440,456,472,488,504,520,536,552,568,584,600,616,632,648,664,680,696,712,728,744,760,776,792,808,824,840,856,872,888,904,920,936,952,968 motion_emb_sha=0283cf7379d3d4c1 motion_pos_sha=f36e13abca2ba7f2 motion_mask=111111111111111111111111111111111111111111111111111111111111000000000000000000000000000000000000 mem_order_sha=74cd6a9593564bf6 motion_cols_sha=ab85e5dbdbea6e5d donor=None cover=exact:0,fallback:0,cycle:0,cross_seg:0 gate=none num_steps=10 act_sha=c20fe75dd1f6e1ce infer_ms=69.5
INFO:mme_vla_suite.serving.websocket_policy_server:TIMING infer_ms=69.5
INFO:mme_vla_suite.serving.websocket_policy_server:TIMING add_buffer_ms=1462.0 frames=16 exec_start_idx=0
MV_INFER cond=normal split=test task=VideoUnmaskSwap ep=7 ep_seq=11 infer_seq=51 t=1016 es=216 k=61 motion_frames=0,16,32,48,64,80,96,112,128,144,160,176,216,232,248,264,280,296,312,328,344,360,376,392,408,424,440,456,472,488,504,520,536,552,568,584,600,616,632,648,664,680,696,712,728,744,760,776,792,808,824,840,856,872,888,904,920,936,952,968,984 motion_emb_sha=bda7844943c040b1 motion_pos_sha=c01b4b6e58ac7286 motion_mask=111111111111111111111111111111111111111111111111111111111111100000000000000000000000000000000000 mem_order_sha=adafe59b2f029bdd motion_cols_sha=25979e84bde36646 donor=None cover=exact:0,fallback:0,cycle:0,cross_seg:0 gate=none num_steps=10 act_sha=9402de6d1daf059f infer_ms=70.1
INFO:mme_vla_suite.serving.websocket_policy_server:TIMING infer_ms=70.1
INFO:mme_vla_suite.serving.websocket_policy_server:TIMING add_buffer_ms=1466.8 frames=16 exec_start_idx=0
MV_INFER cond=normal split=test task=VideoUnmaskSwap ep=7 ep_seq=11 infer_seq=52 t=1032 es=216 k=62 motion_frames=0,16,32,48,64,80,96,112,128,144,160,176,216,232,248,264,280,296,312,328,344,360,376,392,408,424,440,456,472,488,504,520,536,552,568,584,600,616,632,648,664,680,696,712,728,744,760,776,792,808,824,840,856,872,888,904,920,936,952,968,984,1000 motion_emb_sha=6d2aecf670100a1d motion_pos_sha=27d8ce6094aaafbf motion_mask=111111111111111111111111111111111111111111111111111111111111110000000000000000000000000000000000 mem_order_sha=b245dcc71b25cc08 motion_cols_sha=eda29694365564a2 donor=None cover=exact:0,fallback:0,cycle:0,cross_seg:0 gate=none num_steps=10 act_sha=36927a25cd716fc8 infer_ms=69.5
INFO:mme_vla_suite.serving.websocket_policy_server:TIMING infer_ms=69.5
INFO:mme_vla_suite.serving.websocket_policy_server:TIMING add_buffer_ms=1460.8 frames=16 exec_start_idx=0
MV_INFER cond=normal split=test task=VideoUnmaskSwap ep=7 ep_seq=11 infer_seq=53 t=1048 es=216 k=63 motion_frames=0,16,32,48,64,80,96,112,128,144,160,176,216,232,248,264,280,296,312,328,344,360,376,392,408,424,440,456,472,488,504,520,536,552,568,584,600,616,632,648,664,680,696,712,728,744,760,776,792,808,824,840,856,872,888,904,920,936,952,968,984,1000,1016 motion_emb_sha=af97781dcc7f86b5 motion_pos_sha=3a7fa759746aec1a motion_mask=111111111111111111111111111111111111111111111111111111111111111000000000000000000000000000000000 mem_order_sha=07aaede17f5ab63b motion_cols_sha=9c0a3e9fa4973175 donor=None cover=exact:0,fallback:0,cycle:0,cross_seg:0 gate=none num_steps=10 act_sha=8e19a5c38ccbfa0e infer_ms=70.0
INFO:mme_vla_suite.serving.websocket_policy_server:TIMING infer_ms=70.0
INFO:mme_vla_suite.serving.websocket_policy_server:TIMING add_buffer_ms=1460.7 frames=16 exec_start_idx=0
MV_INFER cond=normal split=test task=VideoUnmaskSwap ep=7 ep_seq=11 infer_seq=54 t=1064 es=216 k=64 motion_frames=0,16,32,48,64,80,96,112,128,144,160,176,216,232,248,264,280,296,312,328,344,360,376,392,408,424,440,456,472,488,504,520,536,552,568,584,600,616,632,648,664,680,696,712,728,744,760,776,792,808,824,840,856,872,888,904,920,936,952,968,984,1000,1016,1032 motion_emb_sha=9ef8e785d21c8bb7 motion_pos_sha=95c0258fe1bee4b9 motion_mask=111111111111111111111111111111111111111111111111111111111111111100000000000000000000000000000000 mem_order_sha=46ca677ae32275bc motion_cols_sha=c722cc93e0dc09a5 donor=None cover=exact:0,fallback:0,cycle:0,cross_seg:0 gate=none num_steps=10 act_sha=3e228c294c1e5f4d infer_ms=69.7
INFO:mme_vla_suite.serving.websocket_policy_server:TIMING infer_ms=69.7
INFO:mme_vla_suite.serving.websocket_policy_server:TIMING add_buffer_ms=1460.3 frames=16 exec_start_idx=0
MV_INFER cond=normal split=test task=VideoUnmaskSwap ep=7 ep_seq=11 infer_seq=55 t=1080 es=216 k=65 motion_frames=0,16,32,48,64,80,96,112,128,144,160,176,216,232,248,264,280,296,312,328,344,360,376,392,408,424,440,456,472,488,504,520,536,552,568,584,600,616,632,648,664,680,696,712,728,744,760,776,792,808,824,840,856,872,888,904,920,936,952,968,984,1000,1016,1032,1048 motion_emb_sha=0169dff884359d3e motion_pos_sha=5b0e6770d46fb53a motion_mask=111111111111111111111111111111111111111111111111111111111111111110000000000000000000000000000000 mem_order_sha=6a7b9bbd0486df2c motion_cols_sha=e1bc3717bd4f8e29 donor=None cover=exact:0,fallback:0,cycle:0,cross_seg:0 gate=none num_steps=10 act_sha=9047e402206727aa infer_ms=69.8
INFO:mme_vla_suite.serving.websocket_policy_server:TIMING infer_ms=69.8
INFO:mme_vla_suite.serving.websocket_policy_server:TIMING add_buffer_ms=1460.5 frames=16 exec_start_idx=0
MV_INFER cond=normal split=test task=VideoUnmaskSwap ep=7 ep_seq=11 infer_seq=56 t=1096 es=216 k=66 motion_frames=0,16,32,48,64,80,96,112,128,144,160,176,216,232,248,264,280,296,312,328,344,360,376,392,408,424,440,456,472,488,504,520,536,552,568,584,600,616,632,648,664,680,696,712,728,744,760,776,792,808,824,840,856,872,888,904,920,936,952,968,984,1000,1016,1032,1048,1064 motion_emb_sha=e1a3d91f225ff69a motion_pos_sha=9cf22dfeba24334a motion_mask=111111111111111111111111111111111111111111111111111111111111111111000000000000000000000000000000 mem_order_sha=93b1ebd66c91a475 motion_cols_sha=cdf638f453953a54 donor=None cover=exact:0,fallback:0,cycle:0,cross_seg:0 gate=none num_steps=10 act_sha=b1b20f0dc07472d7 infer_ms=69.7
INFO:mme_vla_suite.serving.websocket_policy_server:TIMING infer_ms=69.7
INFO:mme_vla_suite.serving.websocket_policy_server:TIMING add_buffer_ms=1461.1 frames=16 exec_start_idx=0
MV_INFER cond=normal split=test task=VideoUnmaskSwap ep=7 ep_seq=11 infer_seq=57 t=1112 es=216 k=67 motion_frames=0,16,32,48,64,80,96,112,128,144,160,176,216,232,248,264,280,296,312,328,344,360,376,392,408,424,440,456,472,488,504,520,536,552,568,584,600,616,632,648,664,680,696,712,728,744,760,776,792,808,824,840,856,872,888,904,920,936,952,968,984,1000,1016,1032,1048,1064,1080 motion_emb_sha=f7a0ac95db700a07 motion_pos_sha=01dfad374cea157a motion_mask=111111111111111111111111111111111111111111111111111111111111111111100000000000000000000000000000 mem_order_sha=b70002df20b2f663 motion_cols_sha=df868e7c6512f554 donor=None cover=exact:0,fallback:0,cycle:0,cross_seg:0 gate=none num_steps=10 act_sha=4c42352bd2f2d63e infer_ms=69.7
INFO:mme_vla_suite.serving.websocket_policy_server:TIMING infer_ms=69.7
INFO:mme_vla_suite.serving.websocket_policy_server:TIMING add_buffer_ms=1464.1 frames=16 exec_start_idx=0
MV_INFER cond=normal split=test task=VideoUnmaskSwap ep=7 ep_seq=11 infer_seq=58 t=1128 es=216 k=68 motion_frames=0,16,32,48,64,80,96,112,128,144,160,176,216,232,248,264,280,296,312,328,344,360,376,392,408,424,440,456,472,488,504,520,536,552,568,584,600,616,632,648,664,680,696,712,728,744,760,776,792,808,824,840,856,872,888,904,920,936,952,968,984,1000,1016,1032,1048,1064,1080,1096 motion_emb_sha=a68f88b7975ec923 motion_pos_sha=3c67ea32c0e70d7f motion_mask=111111111111111111111111111111111111111111111111111111111111111111110000000000000000000000000000 mem_order_sha=34df88f20cac2bec motion_cols_sha=f930b1193bdd8dc3 donor=None cover=exact:0,fallback:0,cycle:0,cross_seg:0 gate=none num_steps=10 act_sha=d7bd8b4fb22c07c3 infer_ms=70.0
INFO:mme_vla_suite.serving.websocket_policy_server:TIMING infer_ms=70.0
INFO:mme_vla_suite.serving.websocket_policy_server:TIMING add_buffer_ms=1462.0 frames=16 exec_start_idx=0
MV_INFER cond=normal split=test task=VideoUnmaskSwap ep=7 ep_seq=11 infer_seq=59 t=1144 es=216 k=69 motion_frames=0,16,32,48,64,80,96,112,128,144,160,176,216,232,248,264,280,296,312,328,344,360,376,392,408,424,440,456,472,488,504,520,536,552,568,584,600,616,632,648,664,680,696,712,728,744,760,776,792,808,824,840,856,872,888,904,920,936,952,968,984,1000,1016,1032,1048,1064,1080,1096,1112 motion_emb_sha=8db22420c5f09a53 motion_pos_sha=7516bf5eb11e9b62 motion_mask=111111111111111111111111111111111111111111111111111111111111111111111000000000000000000000000000 mem_order_sha=9d809f7e9f102226 motion_cols_sha=82303b7b197aa5b2 donor=None cover=exact:0,fallback:0,cycle:0,cross_seg:0 gate=none num_steps=10 act_sha=abc28286327b18e9 infer_ms=69.7
INFO:mme_vla_suite.serving.websocket_policy_server:TIMING infer_ms=69.7
INFO:mme_vla_suite.serving.websocket_policy_server:TIMING add_buffer_ms=1469.9 frames=16 exec_start_idx=0
MV_INFER cond=normal split=test task=VideoUnmaskSwap ep=7 ep_seq=11 infer_seq=60 t=1160 es=216 k=70 motion_frames=0,16,32,48,64,80,96,112,128,144,160,176,216,232,248,264,280,296,312,328,344,360,376,392,408,424,440,456,472,488,504,520,536,552,568,584,600,616,632,648,664,680,696,712,728,744,760,776,792,808,824,840,856,872,888,904,920,936,952,968,984,1000,1016,1032,1048,1064,1080,1096,1112,1128 motion_emb_sha=0d29e2fdfed8a0d3 motion_pos_sha=3af238aa8c1c6d42 motion_mask=111111111111111111111111111111111111111111111111111111111111111111111100000000000000000000000000 mem_order_sha=8f1f6458a8f9117a motion_cols_sha=9911b48b8f44f4db donor=None cover=exact:0,fallback:0,cycle:0,cross_seg:0 gate=none num_steps=10 act_sha=1a4734d9054c5787 infer_ms=69.5
INFO:mme_vla_suite.serving.websocket_policy_server:TIMING infer_ms=69.5
INFO:mme_vla_suite.serving.websocket_policy_server:TIMING add_buffer_ms=1462.7 frames=16 exec_start_idx=0
MV_INFER cond=normal split=test task=VideoUnmaskSwap ep=7 ep_seq=11 infer_seq=61 t=1176 es=216 k=71 motion_frames=0,16,32,48,64,80,96,112,128,144,160,176,216,232,248,264,280,296,312,328,344,360,376,392,408,424,440,456,472,488,504,520,536,552,568,584,600,616,632,648,664,680,696,712,728,744,760,776,792,808,824,840,856,872,888,904,920,936,952,968,984,1000,1016,1032,1048,1064,1080,1096,1112,1128,1144 motion_emb_sha=47e2756144306fb8 motion_pos_sha=55b8a57db312a60a motion_mask=111111111111111111111111111111111111111111111111111111111111111111111110000000000000000000000000 mem_order_sha=e49778697e1e797c motion_cols_sha=32a1e24dee2751ea donor=None cover=exact:0,fallback:0,cycle:0,cross_seg:0 gate=none num_steps=10 act_sha=3da44419dcb3df3c infer_ms=69.5
INFO:mme_vla_suite.serving.websocket_policy_server:TIMING infer_ms=69.5
INFO:mme_vla_suite.serving.websocket_policy_server:TIMING add_buffer_ms=1463.4 frames=16 exec_start_idx=0
MV_INFER cond=normal split=test task=VideoUnmaskSwap ep=7 ep_seq=11 infer_seq=62 t=1192 es=216 k=72 motion_frames=0,16,32,48,64,80,96,112,128,144,160,176,216,232,248,264,280,296,312,328,344,360,376,392,408,424,440,456,472,488,504,520,536,552,568,584,600,616,632,648,664,680,696,712,728,744,760,776,792,808,824,840,856,872,888,904,920,936,952,968,984,1000,1016,1032,1048,1064,1080,1096,1112,1128,1144,1160 motion_emb_sha=50fc97e113c82c7a motion_pos_sha=c72bdda7eadbc210 motion_mask=111111111111111111111111111111111111111111111111111111111111111111111111000000000000000000000000 mem_order_sha=51feafd81d155659 motion_cols_sha=bf259aa63e2153b9 donor=None cover=exact:0,fallback:0,cycle:0,cross_seg:0 gate=none num_steps=10 act_sha=5732de5360e145de infer_ms=70.2
INFO:mme_vla_suite.serving.websocket_policy_server:TIMING infer_ms=70.2
INFO:mme_vla_suite.serving.websocket_policy_server:TIMING add_buffer_ms=1464.1 frames=16 exec_start_idx=0
MV_INFER cond=normal split=test task=VideoUnmaskSwap ep=7 ep_seq=11 infer_seq=63 t=1208 es=216 k=73 motion_frames=0,16,32,48,64,80,96,112,128,144,160,176,216,232,248,264,280,296,312,328,344,360,376,392,408,424,440,456,472,488,504,520,536,552,568,584,600,616,632,648,664,680,696,712,728,744,760,776,792,808,824,840,856,872,888,904,920,936,952,968,984,1000,1016,1032,1048,1064,1080,1096,1112,1128,1144,1160,1176 motion_emb_sha=0c6313917decee5c motion_pos_sha=2f8b24bf2553a4c1 motion_mask=111111111111111111111111111111111111111111111111111111111111111111111111100000000000000000000000 mem_order_sha=423abf335c36dc26 motion_cols_sha=1f4596ddccfe93fb donor=None cover=exact:0,fallback:0,cycle:0,cross_seg:0 gate=none num_steps=10 act_sha=6fec8b93782cfaec infer_ms=69.9
INFO:mme_vla_suite.serving.websocket_policy_server:TIMING infer_ms=69.9
INFO:mme_vla_suite.serving.websocket_policy_server:TIMING add_buffer_ms=1477.9 frames=16 exec_start_idx=0
MV_INFER cond=normal split=test task=VideoUnmaskSwap ep=7 ep_seq=11 infer_seq=64 t=1224 es=216 k=74 motion_frames=0,16,32,48,64,80,96,112,128,144,160,176,216,232,248,264,280,296,312,328,344,360,376,392,408,424,440,456,472,488,504,520,536,552,568,584,600,616,632,648,664,680,696,712,728,744,760,776,792,808,824,840,856,872,888,904,920,936,952,968,984,1000,1016,1032,1048,1064,1080,1096,1112,1128,1144,1160,1176,1192 motion_emb_sha=723a5c944cbace05 motion_pos_sha=ae1d0532477bb320 motion_mask=111111111111111111111111111111111111111111111111111111111111111111111111110000000000000000000000 mem_order_sha=71d9a7817a631cea motion_cols_sha=b11c0524e497206e donor=None cover=exact:0,fallback:0,cycle:0,cross_seg:0 gate=none num_steps=10 act_sha=bb7be3d058e52e69 infer_ms=69.8
INFO:mme_vla_suite.serving.websocket_policy_server:TIMING infer_ms=69.8
INFO:mme_vla_suite.serving.websocket_policy_server:TIMING add_buffer_ms=1465.7 frames=16 exec_start_idx=0
MV_INFER cond=normal split=test task=VideoUnmaskSwap ep=7 ep_seq=11 infer_seq=65 t=1240 es=216 k=75 motion_frames=0,16,32,48,64,80,96,112,128,144,160,176,216,232,248,264,280,296,312,328,344,360,376,392,408,424,440,456,472,488,504,520,536,552,568,584,600,616,632,648,664,680,696,712,728,744,760,776,792,808,824,840,856,872,888,904,920,936,952,968,984,1000,1016,1032,1048,1064,1080,1096,1112,1128,1144,1160,1176,1192,1208 motion_emb_sha=018188404a3bf549 motion_pos_sha=fcff25b0aa7c1988 motion_mask=111111111111111111111111111111111111111111111111111111111111111111111111111000000000000000000000 mem_order_sha=445947a49cba602c motion_cols_sha=eabdce6a3179a4e3 donor=None cover=exact:0,fallback:0,cycle:0,cross_seg:0 gate=none num_steps=10 act_sha=3106680eb3d3a4a1 infer_ms=69.7
INFO:mme_vla_suite.serving.websocket_policy_server:TIMING infer_ms=69.7
INFO:mme_vla_suite.serving.websocket_policy_server:TIMING add_buffer_ms=1461.7 frames=16 exec_start_idx=0
MV_INFER cond=normal split=test task=VideoUnmaskSwap ep=7 ep_seq=11 infer_seq=66 t=1256 es=216 k=76 motion_frames=0,16,32,48,64,80,96,112,128,144,160,176,216,232,248,264,280,296,312,328,344,360,376,392,408,424,440,456,472,488,504,520,536,552,568,584,600,616,632,648,664,680,696,712,728,744,760,776,792,808,824,840,856,872,888,904,920,936,952,968,984,1000,1016,1032,1048,1064,1080,1096,1112,1128,1144,1160,1176,1192,1208,1224 motion_emb_sha=f5e3f0b397c3f21a motion_pos_sha=1dfceeaec906bd03 motion_mask=111111111111111111111111111111111111111111111111111111111111111111111111111100000000000000000000 mem_order_sha=faa5a3c1ced49923 motion_cols_sha=9c987a903b7e4347 donor=None cover=exact:0,fallback:0,cycle:0,cross_seg:0 gate=none num_steps=10 act_sha=ff1531b3bbe218f2 infer_ms=70.3
INFO:mme_vla_suite.serving.websocket_policy_server:TIMING infer_ms=70.3
INFO:mme_vla_suite.serving.websocket_policy_server:TIMING add_buffer_ms=1470.0 frames=16 exec_start_idx=0
MV_INFER cond=normal split=test task=VideoUnmaskSwap ep=7 ep_seq=11 infer_seq=67 t=1272 es=216 k=77 motion_frames=0,16,32,48,64,80,96,112,128,144,160,176,216,232,248,264,280,296,312,328,344,360,376,392,408,424,440,456,472,488,504,520,536,552,568,584,600,616,632,648,664,680,696,712,728,744,760,776,792,808,824,840,856,872,888,904,920,936,952,968,984,1000,1016,1032,1048,1064,1080,1096,1112,1128,1144,1160,1176,1192,1208,1224,1240 motion_emb_sha=1101d306f88daf92 motion_pos_sha=61361f4159bbf1ee motion_mask=111111111111111111111111111111111111111111111111111111111111111111111111111110000000000000000000 mem_order_sha=73d0875ea22a6159 motion_cols_sha=b5484decec76ce26 donor=None cover=exact:0,fallback:0,cycle:0,cross_seg:0 gate=none num_steps=10 act_sha=94d1682184ea9f8f infer_ms=70.0
INFO:mme_vla_suite.serving.websocket_policy_server:TIMING infer_ms=70.0
INFO:mme_vla_suite.serving.websocket_policy_server:TIMING add_buffer_ms=1464.3 frames=16 exec_start_idx=0
MV_INFER cond=normal split=test task=VideoUnmaskSwap ep=7 ep_seq=11 infer_seq=68 t=1288 es=216 k=78 motion_frames=0,16,32,48,64,80,96,112,128,144,160,176,216,232,248,264,280,296,312,328,344,360,376,392,408,424,440,456,472,488,504,520,536,552,568,584,600,616,632,648,664,680,696,712,728,744,760,776,792,808,824,840,856,872,888,904,920,936,952,968,984,1000,1016,1032,1048,1064,1080,1096,1112,1128,1144,1160,1176,1192,1208,1224,1240,1256 motion_emb_sha=4faf1a40210d65ae motion_pos_sha=89928e527012ebea motion_mask=111111111111111111111111111111111111111111111111111111111111111111111111111111000000000000000000 mem_order_sha=136d99a1b1db5e37 motion_cols_sha=997a4a2d6fb2b6fd donor=None cover=exact:0,fallback:0,cycle:0,cross_seg:0 gate=none num_steps=10 act_sha=78161a5de205f2e7 infer_ms=70.1
INFO:mme_vla_suite.serving.websocket_policy_server:TIMING infer_ms=70.1
INFO:mme_vla_suite.serving.websocket_policy_server:TIMING add_buffer_ms=1473.2 frames=16 exec_start_idx=0
MV_INFER cond=normal split=test task=VideoUnmaskSwap ep=7 ep_seq=11 infer_seq=69 t=1304 es=216 k=79 motion_frames=0,16,32,48,64,80,96,112,128,144,160,176,216,232,248,264,280,296,312,328,344,360,376,392,408,424,440,456,472,488,504,520,536,552,568,584,600,616,632,648,664,680,696,712,728,744,760,776,792,808,824,840,856,872,888,904,920,936,952,968,984,1000,1016,1032,1048,1064,1080,1096,1112,1128,1144,1160,1176,1192,1208,1224,1240,1256,1272 motion_emb_sha=a79a110ccaa95a18 motion_pos_sha=05517a7ad66fa867 motion_mask=111111111111111111111111111111111111111111111111111111111111111111111111111111100000000000000000 mem_order_sha=7eb4bd0a839925cc motion_cols_sha=8fcf94d4f5375e89 donor=None cover=exact:0,fallback:0,cycle:0,cross_seg:0 gate=none num_steps=10 act_sha=b9651a74ff612034 infer_ms=69.6
INFO:mme_vla_suite.serving.websocket_policy_server:TIMING infer_ms=69.6
[sidecar pid=833148] 窗 #901 起点 1288 耗时 1415 ms（累计 1696s）
INFO:mme_vla_suite.serving.websocket_policy_server:TIMING add_buffer_ms=1465.8 frames=16 exec_start_idx=0
MV_INFER cond=normal split=test task=VideoUnmaskSwap ep=7 ep_seq=11 infer_seq=70 t=1320 es=216 k=80 motion_frames=0,16,32,48,64,80,96,112,128,144,160,176,216,232,248,264,280,296,312,328,344,360,376,392,408,424,440,456,472,488,504,520,536,552,568,584,600,616,632,648,664,680,696,712,728,744,760,776,792,808,824,840,856,872,888,904,920,936,952,968,984,1000,1016,1032,1048,1064,1080,1096,1112,1128,1144,1160,1176,1192,1208,1224,1240,1256,1272,1288 motion_emb_sha=0c8359995b2e6191 motion_pos_sha=aa4bdf55ff9209dc motion_mask=111111111111111111111111111111111111111111111111111111111111111111111111111111110000000000000000 mem_order_sha=ab08ef07dde1f6d2 motion_cols_sha=876ba5e145700604 donor=None cover=exact:0,fallback:0,cycle:0,cross_seg:0 gate=none num_steps=10 act_sha=d8ca08de4f984f23 infer_ms=69.9
INFO:mme_vla_suite.serving.websocket_policy_server:TIMING infer_ms=69.9
INFO:mme_vla_suite.serving.websocket_policy_server:TIMING add_buffer_ms=1459.9 frames=16 exec_start_idx=0
MV_INFER cond=normal split=test task=VideoUnmaskSwap ep=7 ep_seq=11 infer_seq=71 t=1336 es=216 k=81 motion_frames=0,16,32,48,64,80,96,112,128,144,160,176,216,232,248,264,280,296,312,328,344,360,376,392,408,424,440,456,472,488,504,520,536,552,568,584,600,616,632,648,664,680,696,712,728,744,760,776,792,808,824,840,856,872,888,904,920,936,952,968,984,1000,1016,1032,1048,1064,1080,1096,1112,1128,1144,1160,1176,1192,1208,1224,1240,1256,1272,1288,1304 motion_emb_sha=159456f455cf3f55 motion_pos_sha=9d6fe0c3cb0c0ce9 motion_mask=111111111111111111111111111111111111111111111111111111111111111111111111111111111000000000000000 mem_order_sha=109d2a5713ad9087 motion_cols_sha=9c9f51e20184949e donor=None cover=exact:0,fallback:0,cycle:0,cross_seg:0 gate=none num_steps=10 act_sha=bcf30ae30fb3775d infer_ms=70.0
INFO:mme_vla_suite.serving.websocket_policy_server:TIMING infer_ms=70.0
INFO:mme_vla_suite.serving.websocket_policy_server:TIMING add_buffer_ms=1460.6 frames=16 exec_start_idx=0
MV_INFER cond=normal split=test task=VideoUnmaskSwap ep=7 ep_seq=11 infer_seq=72 t=1352 es=216 k=82 motion_frames=0,16,32,48,64,80,96,112,128,144,160,176,216,232,248,264,280,296,312,328,344,360,376,392,408,424,440,456,472,488,504,520,536,552,568,584,600,616,632,648,664,680,696,712,728,744,760,776,792,808,824,840,856,872,888,904,920,936,952,968,984,1000,1016,1032,1048,1064,1080,1096,1112,1128,1144,1160,1176,1192,1208,1224,1240,1256,1272,1288,1304,1320 motion_emb_sha=92c47ae6f7b6a32e motion_pos_sha=a9b5548245f04eb1 motion_mask=111111111111111111111111111111111111111111111111111111111111111111111111111111111100000000000000 mem_order_sha=54888f423d87dde7 motion_cols_sha=16f61fa926f44624 donor=None cover=exact:0,fallback:0,cycle:0,cross_seg:0 gate=none num_steps=10 act_sha=652997dbbf86d783 infer_ms=70.0
INFO:mme_vla_suite.serving.websocket_policy_server:TIMING infer_ms=70.0
INFO:mme_vla_suite.serving.websocket_policy_server:TIMING add_buffer_ms=1461.1 frames=16 exec_start_idx=0
MV_INFER cond=normal split=test task=VideoUnmaskSwap ep=7 ep_seq=11 infer_seq=73 t=1368 es=216 k=83 motion_frames=0,16,32,48,64,80,96,112,128,144,160,176,216,232,248,264,280,296,312,328,344,360,376,392,408,424,440,456,472,488,504,520,536,552,568,584,600,616,632,648,664,680,696,712,728,744,760,776,792,808,824,840,856,872,888,904,920,936,952,968,984,1000,1016,1032,1048,1064,1080,1096,1112,1128,1144,1160,1176,1192,1208,1224,1240,1256,1272,1288,1304,1320,1336 motion_emb_sha=8e921ed54911d496 motion_pos_sha=80079b01abad5a81 motion_mask=111111111111111111111111111111111111111111111111111111111111111111111111111111111110000000000000 mem_order_sha=4dfe3a575778946c motion_cols_sha=a599404fc2b99395 donor=None cover=exact:0,fallback:0,cycle:0,cross_seg:0 gate=none num_steps=10 act_sha=14af5ca8bc32f7a9 infer_ms=69.7
INFO:mme_vla_suite.serving.websocket_policy_server:TIMING infer_ms=69.7
INFO:mme_vla_suite.serving.websocket_policy_server:TIMING add_buffer_ms=1458.8 frames=16 exec_start_idx=0
MV_INFER cond=normal split=test task=VideoUnmaskSwap ep=7 ep_seq=11 infer_seq=74 t=1384 es=216 k=84 motion_frames=0,16,32,48,64,80,96,112,128,144,160,176,216,232,248,264,280,296,312,328,344,360,376,392,408,424,440,456,472,488,504,520,536,552,568,584,600,616,632,648,664,680,696,712,728,744,760,776,792,808,824,840,856,872,888,904,920,936,952,968,984,1000,1016,1032,1048,1064,1080,1096,1112,1128,1144,1160,1176,1192,1208,1224,1240,1256,1272,1288,1304,1320,1336,1352 motion_emb_sha=76a19312960f65a7 motion_pos_sha=e3f1be24d2d41767 motion_mask=111111111111111111111111111111111111111111111111111111111111111111111111111111111111000000000000 mem_order_sha=c8071fd0b1a9a5c1 motion_cols_sha=e7f12ae646f5a956 donor=None cover=exact:0,fallback:0,cycle:0,cross_seg:0 gate=none num_steps=10 act_sha=8b46479c2c7e3a94 infer_ms=69.6
INFO:mme_vla_suite.serving.websocket_policy_server:TIMING infer_ms=69.6
INFO:mme_vla_suite.serving.websocket_policy_server:TIMING add_buffer_ms=1464.6 frames=16 exec_start_idx=0
MV_INFER cond=normal split=test task=VideoUnmaskSwap ep=7 ep_seq=11 infer_seq=75 t=1400 es=216 k=85 motion_frames=0,16,32,48,64,80,96,112,128,144,160,176,216,232,248,264,280,296,312,328,344,360,376,392,408,424,440,456,472,488,504,520,536,552,568,584,600,616,632,648,664,680,696,712,728,744,760,776,792,808,824,840,856,872,888,904,920,936,952,968,984,1000,1016,1032,1048,1064,1080,1096,1112,1128,1144,1160,1176,1192,1208,1224,1240,1256,1272,1288,1304,1320,1336,1352,1368 motion_emb_sha=54cb684cbfe80529 motion_pos_sha=54c8a352a75afc0c motion_mask=111111111111111111111111111111111111111111111111111111111111111111111111111111111111100000000000 mem_order_sha=291a3dacf7b2f018 motion_cols_sha=6e35ad7bb55085fd donor=None cover=exact:0,fallback:0,cycle:0,cross_seg:0 gate=none num_steps=10 act_sha=3e37b43c65f32ca5 infer_ms=69.5
INFO:mme_vla_suite.serving.websocket_policy_server:TIMING infer_ms=69.5
INFO:mme_vla_suite.serving.websocket_policy_server:TIMING add_buffer_ms=1463.5 frames=16 exec_start_idx=0
MV_INFER cond=normal split=test task=VideoUnmaskSwap ep=7 ep_seq=11 infer_seq=76 t=1416 es=216 k=86 motion_frames=0,16,32,48,64,80,96,112,128,144,160,176,216,232,248,264,280,296,312,328,344,360,376,392,408,424,440,456,472,488,504,520,536,552,568,584,600,616,632,648,664,680,696,712,728,744,760,776,792,808,824,840,856,872,888,904,920,936,952,968,984,1000,1016,1032,1048,1064,1080,1096,1112,1128,1144,1160,1176,1192,1208,1224,1240,1256,1272,1288,1304,1320,1336,1352,1368,1384 motion_emb_sha=00bcb4c02c561cca motion_pos_sha=2eed3dc31e2f49b5 motion_mask=111111111111111111111111111111111111111111111111111111111111111111111111111111111111110000000000 mem_order_sha=b7322e612b80f396 motion_cols_sha=db6c8e823496a7b5 donor=None cover=exact:0,fallback:0,cycle:0,cross_seg:0 gate=none num_steps=10 act_sha=a19f553cada9b504 infer_ms=69.8
INFO:mme_vla_suite.serving.websocket_policy_server:TIMING infer_ms=69.8
INFO:mme_vla_suite.serving.websocket_policy_server:TIMING add_buffer_ms=1461.2 frames=16 exec_start_idx=0
MV_INFER cond=normal split=test task=VideoUnmaskSwap ep=7 ep_seq=11 infer_seq=77 t=1432 es=216 k=87 motion_frames=0,16,32,48,64,80,96,112,128,144,160,176,216,232,248,264,280,296,312,328,344,360,376,392,408,424,440,456,472,488,504,520,536,552,568,584,600,616,632,648,664,680,696,712,728,744,760,776,792,808,824,840,856,872,888,904,920,936,952,968,984,1000,1016,1032,1048,1064,1080,1096,1112,1128,1144,1160,1176,1192,1208,1224,1240,1256,1272,1288,1304,1320,1336,1352,1368,1384,1400 motion_emb_sha=d08fc7c2ea417673 motion_pos_sha=88b85e892c26c6a5 motion_mask=111111111111111111111111111111111111111111111111111111111111111111111111111111111111111000000000 mem_order_sha=ccf790409814eead motion_cols_sha=e0c669e9e2bd89be donor=None cover=exact:0,fallback:0,cycle:0,cross_seg:0 gate=none num_steps=10 act_sha=5d6868e147e46133 infer_ms=70.0
INFO:mme_vla_suite.serving.websocket_policy_server:TIMING infer_ms=70.0
INFO:mme_vla_suite.serving.websocket_policy_server:TIMING add_buffer_ms=1460.4 frames=16 exec_start_idx=0
MV_INFER cond=normal split=test task=VideoUnmaskSwap ep=7 ep_seq=11 infer_seq=78 t=1448 es=216 k=88 motion_frames=0,16,32,48,64,80,96,112,128,144,160,176,216,232,248,264,280,296,312,328,344,360,376,392,408,424,440,456,472,488,504,520,536,552,568,584,600,616,632,648,664,680,696,712,728,744,760,776,792,808,824,840,856,872,888,904,920,936,952,968,984,1000,1016,1032,1048,1064,1080,1096,1112,1128,1144,1160,1176,1192,1208,1224,1240,1256,1272,1288,1304,1320,1336,1352,1368,1384,1400,1416 motion_emb_sha=a51a8dda89cfbbee motion_pos_sha=8c09ac3f795bb41c motion_mask=111111111111111111111111111111111111111111111111111111111111111111111111111111111111111100000000 mem_order_sha=15fad2ad48913920 motion_cols_sha=1b91c273c8fbeadc donor=None cover=exact:0,fallback:0,cycle:0,cross_seg:0 gate=none num_steps=10 act_sha=3cff68a823342fcb infer_ms=69.6
INFO:mme_vla_suite.serving.websocket_policy_server:TIMING infer_ms=69.6
INFO:mme_vla_suite.serving.websocket_policy_server:TIMING add_buffer_ms=1461.3 frames=16 exec_start_idx=0
MV_INFER cond=normal split=test task=VideoUnmaskSwap ep=7 ep_seq=11 infer_seq=79 t=1464 es=216 k=89 motion_frames=0,16,32,48,64,80,96,112,128,144,160,176,216,232,248,264,280,296,312,328,344,360,376,392,408,424,440,456,472,488,504,520,536,552,568,584,600,616,632,648,664,680,696,712,728,744,760,776,792,808,824,840,856,872,888,904,920,936,952,968,984,1000,1016,1032,1048,1064,1080,1096,1112,1128,1144,1160,1176,1192,1208,1224,1240,1256,1272,1288,1304,1320,1336,1352,1368,1384,1400,1416,1432 motion_emb_sha=948088be8189bb21 motion_pos_sha=61106d8dc7b7780a motion_mask=111111111111111111111111111111111111111111111111111111111111111111111111111111111111111110000000 mem_order_sha=4b2a3a063b642203 motion_cols_sha=22e56efd29e4770c donor=None cover=exact:0,fallback:0,cycle:0,cross_seg:0 gate=none num_steps=10 act_sha=631a342c1b19e896 infer_ms=69.7
INFO:mme_vla_suite.serving.websocket_policy_server:TIMING infer_ms=69.7
INFO:mme_vla_suite.serving.websocket_policy_server:TIMING add_buffer_ms=1463.0 frames=16 exec_start_idx=0
MV_INFER cond=normal split=test task=VideoUnmaskSwap ep=7 ep_seq=11 infer_seq=80 t=1480 es=216 k=90 motion_frames=0,16,32,48,64,80,96,112,128,144,160,176,216,232,248,264,280,296,312,328,344,360,376,392,408,424,440,456,472,488,504,520,536,552,568,584,600,616,632,648,664,680,696,712,728,744,760,776,792,808,824,840,856,872,888,904,920,936,952,968,984,1000,1016,1032,1048,1064,1080,1096,1112,1128,1144,1160,1176,1192,1208,1224,1240,1256,1272,1288,1304,1320,1336,1352,1368,1384,1400,1416,1432,1448 motion_emb_sha=7f510addb43e7f8a motion_pos_sha=843f66ef6236d387 motion_mask=111111111111111111111111111111111111111111111111111111111111111111111111111111111111111111000000 mem_order_sha=ddaa22f5948f9a20 motion_cols_sha=8a8e4ff540caacc6 donor=None cover=exact:0,fallback:0,cycle:0,cross_seg:0 gate=none num_steps=10 act_sha=3521836ef18d049f infer_ms=70.6
INFO:mme_vla_suite.serving.websocket_policy_server:TIMING infer_ms=70.6
INFO:mme_vla_suite.serving.websocket_policy_server:TIMING add_buffer_ms=1461.5 frames=16 exec_start_idx=0
MV_INFER cond=normal split=test task=VideoUnmaskSwap ep=7 ep_seq=11 infer_seq=81 t=1496 es=216 k=91 motion_frames=0,16,32,48,64,80,96,112,128,144,160,176,216,232,248,264,280,296,312,328,344,360,376,392,408,424,440,456,472,488,504,520,536,552,568,584,600,616,632,648,664,680,696,712,728,744,760,776,792,808,824,840,856,872,888,904,920,936,952,968,984,1000,1016,1032,1048,1064,1080,1096,1112,1128,1144,1160,1176,1192,1208,1224,1240,1256,1272,1288,1304,1320,1336,1352,1368,1384,1400,1416,1432,1448,1464 motion_emb_sha=93dc348e9d2e919c motion_pos_sha=f80e1dbfd85bf0e4 motion_mask=111111111111111111111111111111111111111111111111111111111111111111111111111111111111111111100000 mem_order_sha=d77e2fd56bc5cef2 motion_cols_sha=138f109cc96ffe86 donor=None cover=exact:0,fallback:0,cycle:0,cross_seg:0 gate=none num_steps=10 act_sha=9533006c6ed209ab infer_ms=75.7
INFO:mme_vla_suite.serving.websocket_policy_server:TIMING infer_ms=75.7
INFO:mme_vla_suite.serving.websocket_policy_server:TIMING add_buffer_ms=1461.9 frames=16 exec_start_idx=0
MV_INFER cond=normal split=test task=VideoUnmaskSwap ep=7 ep_seq=11 infer_seq=82 t=1512 es=216 k=92 motion_frames=0,16,32,48,64,80,96,112,128,144,160,176,216,232,248,264,280,296,312,328,344,360,376,392,408,424,440,456,472,488,504,520,536,552,568,584,600,616,632,648,664,680,696,712,728,744,760,776,792,808,824,840,856,872,888,904,920,936,952,968,984,1000,1016,1032,1048,1064,1080,1096,1112,1128,1144,1160,1176,1192,1208,1224,1240,1256,1272,1288,1304,1320,1336,1352,1368,1384,1400,1416,1432,1448,1464,1480 motion_emb_sha=40c8f97a2702d3e8 motion_pos_sha=89b9d6f61ba1c06d motion_mask=111111111111111111111111111111111111111111111111111111111111111111111111111111111111111111110000 mem_order_sha=90fccba7af4b716c motion_cols_sha=616b6226d61c5ca3 donor=None cover=exact:0,fallback:0,cycle:0,cross_seg:0 gate=none num_steps=10 act_sha=a7569c0c560932b4 infer_ms=69.8
INFO:mme_vla_suite.serving.websocket_policy_server:TIMING infer_ms=69.8
INFO:websockets.server:connection open
INFO:mme_vla_suite.serving.websocket_policy_server:Connection from ('127.0.0.1', 42760) opened
MV_EPISODE_END ep_seq=11 infers=82 windows=92 wall_s=169.8
MV_EPISODE_BEGIN cond=normal split=test seed=42 ep_seq=12 expect=VideoUnmaskSwap:11
INFO:mme_vla_suite.serving.websocket_policy_server:TIMING add_buffer_ms=17565.1 frames=217 exec_start_idx=216
MV_INFER cond=normal split=test task=VideoUnmaskSwap ep=11 ep_seq=12 infer_seq=1 t=216 es=216 k=12 motion_frames=0,16,32,48,64,80,96,112,128,144,160,176 motion_emb_sha=be72b0acf7479526 motion_pos_sha=faf6de0b8c07a1d5 motion_mask=111111111111000000000000000000000000000000000000000000000000000000000000000000000000000000000000 mem_order_sha=e609c91b740de309 motion_cols_sha=08c16a7fb49e3eae donor=None cover=exact:0,fallback:0,cycle:0,cross_seg:0 gate=none num_steps=10 act_sha=b85231014eef2f61 infer_ms=69.5
INFO:mme_vla_suite.serving.websocket_policy_server:TIMING infer_ms=69.5
INFO:mme_vla_suite.serving.websocket_policy_server:TIMING add_buffer_ms=36.2 frames=16 exec_start_idx=0
MV_INFER cond=normal split=test task=VideoUnmaskSwap ep=11 ep_seq=12 infer_seq=2 t=232 es=216 k=12 motion_frames=0,16,32,48,64,80,96,112,128,144,160,176 motion_emb_sha=be72b0acf7479526 motion_pos_sha=faf6de0b8c07a1d5 motion_mask=111111111111000000000000000000000000000000000000000000000000000000000000000000000000000000000000 mem_order_sha=e793924019a5a82c motion_cols_sha=3a0496c01a2fb3ad donor=None cover=exact:0,fallback:0,cycle:0,cross_seg:0 gate=none num_steps=10 act_sha=6205f43078f8f9d7 infer_ms=69.9
INFO:mme_vla_suite.serving.websocket_policy_server:TIMING infer_ms=69.9
INFO:mme_vla_suite.serving.websocket_policy_server:TIMING add_buffer_ms=1462.8 frames=16 exec_start_idx=0
MV_INFER cond=normal split=test task=VideoUnmaskSwap ep=11 ep_seq=12 infer_seq=3 t=248 es=216 k=13 motion_frames=0,16,32,48,64,80,96,112,128,144,160,176,216 motion_emb_sha=37a2d3253abb0da5 motion_pos_sha=3f2d9f4da83327d3 motion_mask=111111111111100000000000000000000000000000000000000000000000000000000000000000000000000000000000 mem_order_sha=8a3b507c2f260164 motion_cols_sha=b798295059be96f9 donor=None cover=exact:0,fallback:0,cycle:0,cross_seg:0 gate=none num_steps=10 act_sha=fe97d9961f349f90 infer_ms=69.9
INFO:mme_vla_suite.serving.websocket_policy_server:TIMING infer_ms=69.9
INFO:mme_vla_suite.serving.websocket_policy_server:TIMING add_buffer_ms=1457.0 frames=16 exec_start_idx=0
MV_INFER cond=normal split=test task=VideoUnmaskSwap ep=11 ep_seq=12 infer_seq=4 t=264 es=216 k=14 motion_frames=0,16,32,48,64,80,96,112,128,144,160,176,216,232 motion_emb_sha=d415425eb1a892b8 motion_pos_sha=63b260a8e4b1154a motion_mask=111111111111110000000000000000000000000000000000000000000000000000000000000000000000000000000000 mem_order_sha=0fb777db37d65ee8 motion_cols_sha=1d17367f16e04ae7 donor=None cover=exact:0,fallback:0,cycle:0,cross_seg:0 gate=none num_steps=10 act_sha=4cc8efd681f22bf2 infer_ms=69.6
INFO:mme_vla_suite.serving.websocket_policy_server:TIMING infer_ms=69.6
INFO:mme_vla_suite.serving.websocket_policy_server:TIMING add_buffer_ms=1461.0 frames=16 exec_start_idx=0
MV_INFER cond=normal split=test task=VideoUnmaskSwap ep=11 ep_seq=12 infer_seq=5 t=280 es=216 k=15 motion_frames=0,16,32,48,64,80,96,112,128,144,160,176,216,232,248 motion_emb_sha=04ac39a75df73776 motion_pos_sha=9ebfd737e38159ac motion_mask=111111111111111000000000000000000000000000000000000000000000000000000000000000000000000000000000 mem_order_sha=6a27f5bddec53668 motion_cols_sha=fb9e90c79a75849b donor=None cover=exact:0,fallback:0,cycle:0,cross_seg:0 gate=none num_steps=10 act_sha=5f3cd73365c77ff0 infer_ms=69.8
INFO:mme_vla_suite.serving.websocket_policy_server:TIMING infer_ms=69.8
INFO:mme_vla_suite.serving.websocket_policy_server:TIMING add_buffer_ms=1463.0 frames=16 exec_start_idx=0
MV_INFER cond=normal split=test task=VideoUnmaskSwap ep=11 ep_seq=12 infer_seq=6 t=296 es=216 k=16 motion_frames=0,16,32,48,64,80,96,112,128,144,160,176,216,232,248,264 motion_emb_sha=bf5da5c46b1c137c motion_pos_sha=5c9984fb4307bfa1 motion_mask=111111111111111100000000000000000000000000000000000000000000000000000000000000000000000000000000 mem_order_sha=8c3dde137da669e6 motion_cols_sha=490fc5ec63d706ca donor=None cover=exact:0,fallback:0,cycle:0,cross_seg:0 gate=none num_steps=10 act_sha=0e041f680e95a9ee infer_ms=69.6
INFO:mme_vla_suite.serving.websocket_policy_server:TIMING infer_ms=69.6
INFO:mme_vla_suite.serving.websocket_policy_server:TIMING add_buffer_ms=1458.6 frames=16 exec_start_idx=0
MV_INFER cond=normal split=test task=VideoUnmaskSwap ep=11 ep_seq=12 infer_seq=7 t=312 es=216 k=17 motion_frames=0,16,32,48,64,80,96,112,128,144,160,176,216,232,248,264,280 motion_emb_sha=82c888e98bf1ef31 motion_pos_sha=2b3798b819bbf443 motion_mask=111111111111111110000000000000000000000000000000000000000000000000000000000000000000000000000000 mem_order_sha=43f7a4213550f498 motion_cols_sha=2e1642b847282e70 donor=None cover=exact:0,fallback:0,cycle:0,cross_seg:0 gate=none num_steps=10 act_sha=d3f97f8d383f35e6 infer_ms=69.6
INFO:mme_vla_suite.serving.websocket_policy_server:TIMING infer_ms=69.6
INFO:mme_vla_suite.serving.websocket_policy_server:TIMING add_buffer_ms=1466.8 frames=16 exec_start_idx=0
MV_INFER cond=normal split=test task=VideoUnmaskSwap ep=11 ep_seq=12 infer_seq=8 t=328 es=216 k=18 motion_frames=0,16,32,48,64,80,96,112,128,144,160,176,216,232,248,264,280,296 motion_emb_sha=ac17c0c4c625dd06 motion_pos_sha=05adf0270b9cf5e6 motion_mask=111111111111111111000000000000000000000000000000000000000000000000000000000000000000000000000000 mem_order_sha=90ccecb3b7387902 motion_cols_sha=63e871dd0cdd200a donor=None cover=exact:0,fallback:0,cycle:0,cross_seg:0 gate=none num_steps=10 act_sha=f8753dd89f43e19c infer_ms=69.7
INFO:mme_vla_suite.serving.websocket_policy_server:TIMING infer_ms=69.7
INFO:mme_vla_suite.serving.websocket_policy_server:TIMING add_buffer_ms=1461.6 frames=16 exec_start_idx=0
MV_INFER cond=normal split=test task=VideoUnmaskSwap ep=11 ep_seq=12 infer_seq=9 t=344 es=216 k=19 motion_frames=0,16,32,48,64,80,96,112,128,144,160,176,216,232,248,264,280,296,312 motion_emb_sha=135ae9cf14331af5 motion_pos_sha=a5c5b2858b3e9e97 motion_mask=111111111111111111100000000000000000000000000000000000000000000000000000000000000000000000000000 mem_order_sha=96428d0b42412c27 motion_cols_sha=4d4b72eaae314853 donor=None cover=exact:0,fallback:0,cycle:0,cross_seg:0 gate=none num_steps=10 act_sha=4293efe3ffd4edfc infer_ms=69.5
INFO:mme_vla_suite.serving.websocket_policy_server:TIMING infer_ms=69.5
INFO:mme_vla_suite.serving.websocket_policy_server:TIMING add_buffer_ms=1459.3 frames=16 exec_start_idx=0
MV_INFER cond=normal split=test task=VideoUnmaskSwap ep=11 ep_seq=12 infer_seq=10 t=360 es=216 k=20 motion_frames=0,16,32,48,64,80,96,112,128,144,160,176,216,232,248,264,280,296,312,328 motion_emb_sha=976ec077fc2c6647 motion_pos_sha=5c4d8941f1b51d82 motion_mask=111111111111111111110000000000000000000000000000000000000000000000000000000000000000000000000000 mem_order_sha=49d0f347357b8bfe motion_cols_sha=3a0ce303b45132dc donor=None cover=exact:0,fallback:0,cycle:0,cross_seg:0 gate=none num_steps=10 act_sha=a8a63c88f367a5cc infer_ms=69.5
INFO:mme_vla_suite.serving.websocket_policy_server:TIMING infer_ms=69.5
INFO:mme_vla_suite.serving.websocket_policy_server:TIMING add_buffer_ms=1462.0 frames=16 exec_start_idx=0
MV_INFER cond=normal split=test task=VideoUnmaskSwap ep=11 ep_seq=12 infer_seq=11 t=376 es=216 k=21 motion_frames=0,16,32,48,64,80,96,112,128,144,160,176,216,232,248,264,280,296,312,328,344 motion_emb_sha=6db2aabfd7c81124 motion_pos_sha=520915216a1153cc motion_mask=111111111111111111111000000000000000000000000000000000000000000000000000000000000000000000000000 mem_order_sha=3b717c22514e3888 motion_cols_sha=eb4364ce14021fd0 donor=None cover=exact:0,fallback:0,cycle:0,cross_seg:0 gate=none num_steps=10 act_sha=60a0bc95639e15df infer_ms=69.5
INFO:mme_vla_suite.serving.websocket_policy_server:TIMING infer_ms=69.5
INFO:mme_vla_suite.serving.websocket_policy_server:TIMING add_buffer_ms=1462.0 frames=16 exec_start_idx=0
MV_INFER cond=normal split=test task=VideoUnmaskSwap ep=11 ep_seq=12 infer_seq=12 t=392 es=216 k=22 motion_frames=0,16,32,48,64,80,96,112,128,144,160,176,216,232,248,264,280,296,312,328,344,360 motion_emb_sha=7bb0e3e114484da2 motion_pos_sha=a8faab5bfd91ed3e motion_mask=111111111111111111111100000000000000000000000000000000000000000000000000000000000000000000000000 mem_order_sha=19cdae0e57a0aaf5 motion_cols_sha=6a7de3774cc245fd donor=None cover=exact:0,fallback:0,cycle:0,cross_seg:0 gate=none num_steps=10 act_sha=76dedeaf7c981f41 infer_ms=69.6
INFO:mme_vla_suite.serving.websocket_policy_server:TIMING infer_ms=69.6
INFO:mme_vla_suite.serving.websocket_policy_server:TIMING add_buffer_ms=1462.4 frames=16 exec_start_idx=0
MV_INFER cond=normal split=test task=VideoUnmaskSwap ep=11 ep_seq=12 infer_seq=13 t=408 es=216 k=23 motion_frames=0,16,32,48,64,80,96,112,128,144,160,176,216,232,248,264,280,296,312,328,344,360,376 motion_emb_sha=11a53ff8474f461c motion_pos_sha=c90e270ef13b40bb motion_mask=111111111111111111111110000000000000000000000000000000000000000000000000000000000000000000000000 mem_order_sha=b65d9eeb77b807f5 motion_cols_sha=872ad1646b6deda2 donor=None cover=exact:0,fallback:0,cycle:0,cross_seg:0 gate=none num_steps=10 act_sha=7402a3180736503a infer_ms=69.6
INFO:mme_vla_suite.serving.websocket_policy_server:TIMING infer_ms=69.6
INFO:mme_vla_suite.serving.websocket_policy_server:TIMING add_buffer_ms=1459.7 frames=16 exec_start_idx=0
MV_INFER cond=normal split=test task=VideoUnmaskSwap ep=11 ep_seq=12 infer_seq=14 t=424 es=216 k=24 motion_frames=0,16,32,48,64,80,96,112,128,144,160,176,216,232,248,264,280,296,312,328,344,360,376,392 motion_emb_sha=64e16ac47f3019de motion_pos_sha=9ccf60f4aae233be motion_mask=111111111111111111111111000000000000000000000000000000000000000000000000000000000000000000000000 mem_order_sha=cc6da196adcf8622 motion_cols_sha=a81c9cdec5d4df3b donor=None cover=exact:0,fallback:0,cycle:0,cross_seg:0 gate=none num_steps=10 act_sha=eab37311917205b2 infer_ms=69.6
INFO:mme_vla_suite.serving.websocket_policy_server:TIMING infer_ms=69.6
INFO:mme_vla_suite.serving.websocket_policy_server:TIMING add_buffer_ms=1462.1 frames=16 exec_start_idx=0
MV_INFER cond=normal split=test task=VideoUnmaskSwap ep=11 ep_seq=12 infer_seq=15 t=440 es=216 k=25 motion_frames=0,16,32,48,64,80,96,112,128,144,160,176,216,232,248,264,280,296,312,328,344,360,376,392,408 motion_emb_sha=8dcdd5d76f98c59c motion_pos_sha=4f2883ced49fb4ef motion_mask=111111111111111111111111100000000000000000000000000000000000000000000000000000000000000000000000 mem_order_sha=2e8f0f44cf91994f motion_cols_sha=25511e64898b44f0 donor=None cover=exact:0,fallback:0,cycle:0,cross_seg:0 gate=none num_steps=10 act_sha=2c181c76b5517130 infer_ms=69.6
INFO:mme_vla_suite.serving.websocket_policy_server:TIMING infer_ms=69.6
INFO:mme_vla_suite.serving.websocket_policy_server:TIMING add_buffer_ms=1462.2 frames=16 exec_start_idx=0
MV_INFER cond=normal split=test task=VideoUnmaskSwap ep=11 ep_seq=12 infer_seq=16 t=456 es=216 k=26 motion_frames=0,16,32,48,64,80,96,112,128,144,160,176,216,232,248,264,280,296,312,328,344,360,376,392,408,424 motion_emb_sha=38468f5b34ad57d9 motion_pos_sha=d76dfa925a1aa9c0 motion_mask=111111111111111111111111110000000000000000000000000000000000000000000000000000000000000000000000 mem_order_sha=c2009f1c1d3a477d motion_cols_sha=8d00bcd568328c7d donor=None cover=exact:0,fallback:0,cycle:0,cross_seg:0 gate=none num_steps=10 act_sha=441c77498acbf86b infer_ms=69.7
INFO:mme_vla_suite.serving.websocket_policy_server:TIMING infer_ms=69.7
INFO:mme_vla_suite.serving.websocket_policy_server:TIMING add_buffer_ms=1462.8 frames=16 exec_start_idx=0
MV_INFER cond=normal split=test task=VideoUnmaskSwap ep=11 ep_seq=12 infer_seq=17 t=472 es=216 k=27 motion_frames=0,16,32,48,64,80,96,112,128,144,160,176,216,232,248,264,280,296,312,328,344,360,376,392,408,424,440 motion_emb_sha=b235c1ffb87e2d66 motion_pos_sha=d4bd5b22b97c6fbd motion_mask=111111111111111111111111111000000000000000000000000000000000000000000000000000000000000000000000 mem_order_sha=30bec12fa06cea00 motion_cols_sha=5187c910894917d4 donor=None cover=exact:0,fallback:0,cycle:0,cross_seg:0 gate=none num_steps=10 act_sha=56fac4d62fa6d9db infer_ms=69.7
INFO:mme_vla_suite.serving.websocket_policy_server:TIMING infer_ms=69.7
INFO:mme_vla_suite.serving.websocket_policy_server:TIMING add_buffer_ms=1462.1 frames=16 exec_start_idx=0
MV_INFER cond=normal split=test task=VideoUnmaskSwap ep=11 ep_seq=12 infer_seq=18 t=488 es=216 k=28 motion_frames=0,16,32,48,64,80,96,112,128,144,160,176,216,232,248,264,280,296,312,328,344,360,376,392,408,424,440,456 motion_emb_sha=2a87b9d5c37c525b motion_pos_sha=732029ffbc803d2e motion_mask=111111111111111111111111111100000000000000000000000000000000000000000000000000000000000000000000 mem_order_sha=d2bfe0574fa3a88b motion_cols_sha=621699514fde4d85 donor=None cover=exact:0,fallback:0,cycle:0,cross_seg:0 gate=none num_steps=10 act_sha=04b9212cad30825b infer_ms=69.5
INFO:mme_vla_suite.serving.websocket_policy_server:TIMING infer_ms=69.5
INFO:mme_vla_suite.serving.websocket_policy_server:TIMING add_buffer_ms=1465.8 frames=16 exec_start_idx=0
MV_INFER cond=normal split=test task=VideoUnmaskSwap ep=11 ep_seq=12 infer_seq=19 t=504 es=216 k=29 motion_frames=0,16,32,48,64,80,96,112,128,144,160,176,216,232,248,264,280,296,312,328,344,360,376,392,408,424,440,456,472 motion_emb_sha=138968cd0741ac13 motion_pos_sha=8bcbaef49880117a motion_mask=111111111111111111111111111110000000000000000000000000000000000000000000000000000000000000000000 mem_order_sha=df0b1b4e604d5391 motion_cols_sha=82ec7b3d5202b8c0 donor=None cover=exact:0,fallback:0,cycle:0,cross_seg:0 gate=none num_steps=10 act_sha=e7e64b5dea5d295d infer_ms=69.6
INFO:mme_vla_suite.serving.websocket_policy_server:TIMING infer_ms=69.6
INFO:mme_vla_suite.serving.websocket_policy_server:TIMING add_buffer_ms=1465.0 frames=16 exec_start_idx=0
MV_INFER cond=normal split=test task=VideoUnmaskSwap ep=11 ep_seq=12 infer_seq=20 t=520 es=216 k=30 motion_frames=0,16,32,48,64,80,96,112,128,144,160,176,216,232,248,264,280,296,312,328,344,360,376,392,408,424,440,456,472,488 motion_emb_sha=bcaf5225027a820e motion_pos_sha=468bbd4dbc28dd2a motion_mask=111111111111111111111111111111000000000000000000000000000000000000000000000000000000000000000000 mem_order_sha=0798121ddd7f5021 motion_cols_sha=4c40fafa6ed0449b donor=None cover=exact:0,fallback:0,cycle:0,cross_seg:0 gate=none num_steps=10 act_sha=4db2969a1d4afefe infer_ms=69.6
INFO:mme_vla_suite.serving.websocket_policy_server:TIMING infer_ms=69.6
INFO:mme_vla_suite.serving.websocket_policy_server:TIMING add_buffer_ms=1465.3 frames=16 exec_start_idx=0
MV_INFER cond=normal split=test task=VideoUnmaskSwap ep=11 ep_seq=12 infer_seq=21 t=536 es=216 k=31 motion_frames=0,16,32,48,64,80,96,112,128,144,160,176,216,232,248,264,280,296,312,328,344,360,376,392,408,424,440,456,472,488,504 motion_emb_sha=0df77872a9c5861f motion_pos_sha=d78ff63901dc1fbe motion_mask=111111111111111111111111111111100000000000000000000000000000000000000000000000000000000000000000 mem_order_sha=6e21fe925722745d motion_cols_sha=0a116cc872113e8e donor=None cover=exact:0,fallback:0,cycle:0,cross_seg:0 gate=none num_steps=10 act_sha=f925c30aecc3f9cc infer_ms=69.6
INFO:mme_vla_suite.serving.websocket_policy_server:TIMING infer_ms=69.6
INFO:mme_vla_suite.serving.websocket_policy_server:TIMING add_buffer_ms=1463.3 frames=16 exec_start_idx=0
MV_INFER cond=normal split=test task=VideoUnmaskSwap ep=11 ep_seq=12 infer_seq=22 t=552 es=216 k=32 motion_frames=0,16,32,48,64,80,96,112,128,144,160,176,216,232,248,264,280,296,312,328,344,360,376,392,408,424,440,456,472,488,504,520 motion_emb_sha=4f95edcbb52b1542 motion_pos_sha=9964e14de30e69d6 motion_mask=111111111111111111111111111111110000000000000000000000000000000000000000000000000000000000000000 mem_order_sha=c7182c0a2a275dfe motion_cols_sha=3fa2e7f8df4bd5ab donor=None cover=exact:0,fallback:0,cycle:0,cross_seg:0 gate=none num_steps=10 act_sha=aee156257b2674f5 infer_ms=69.8
INFO:mme_vla_suite.serving.websocket_policy_server:TIMING infer_ms=69.8
INFO:mme_vla_suite.serving.websocket_policy_server:TIMING add_buffer_ms=1470.6 frames=16 exec_start_idx=0
MV_INFER cond=normal split=test task=VideoUnmaskSwap ep=11 ep_seq=12 infer_seq=23 t=568 es=216 k=33 motion_frames=0,16,32,48,64,80,96,112,128,144,160,176,216,232,248,264,280,296,312,328,344,360,376,392,408,424,440,456,472,488,504,520,536 motion_emb_sha=fc5c6c002edfd094 motion_pos_sha=7cb26567f20da38e motion_mask=111111111111111111111111111111111000000000000000000000000000000000000000000000000000000000000000 mem_order_sha=2c2da541512bb354 motion_cols_sha=3e7560c317f462eb donor=None cover=exact:0,fallback:0,cycle:0,cross_seg:0 gate=none num_steps=10 act_sha=916f042d238f83f4 infer_ms=69.6
INFO:mme_vla_suite.serving.websocket_policy_server:TIMING infer_ms=69.6
INFO:mme_vla_suite.serving.websocket_policy_server:TIMING add_buffer_ms=1468.1 frames=16 exec_start_idx=0
MV_INFER cond=normal split=test task=VideoUnmaskSwap ep=11 ep_seq=12 infer_seq=24 t=584 es=216 k=34 motion_frames=0,16,32,48,64,80,96,112,128,144,160,176,216,232,248,264,280,296,312,328,344,360,376,392,408,424,440,456,472,488,504,520,536,552 motion_emb_sha=c455c5ded0c96ce9 motion_pos_sha=413a301ccaf95790 motion_mask=111111111111111111111111111111111100000000000000000000000000000000000000000000000000000000000000 mem_order_sha=c5ae8ef7fc999bad motion_cols_sha=878284b46d0d748f donor=None cover=exact:0,fallback:0,cycle:0,cross_seg:0 gate=none num_steps=10 act_sha=76c618e69695b4b7 infer_ms=69.9
INFO:mme_vla_suite.serving.websocket_policy_server:TIMING infer_ms=69.9
INFO:mme_vla_suite.serving.websocket_policy_server:TIMING add_buffer_ms=1463.3 frames=16 exec_start_idx=0
MV_INFER cond=normal split=test task=VideoUnmaskSwap ep=11 ep_seq=12 infer_seq=25 t=600 es=216 k=35 motion_frames=0,16,32,48,64,80,96,112,128,144,160,176,216,232,248,264,280,296,312,328,344,360,376,392,408,424,440,456,472,488,504,520,536,552,568 motion_emb_sha=95cb69b33ff7eee6 motion_pos_sha=1b8743dcd1018058 motion_mask=111111111111111111111111111111111110000000000000000000000000000000000000000000000000000000000000 mem_order_sha=a84b9a4e824f147c motion_cols_sha=954cb96ff8d896b3 donor=None cover=exact:0,fallback:0,cycle:0,cross_seg:0 gate=none num_steps=10 act_sha=bd898176e562582a infer_ms=69.9
INFO:mme_vla_suite.serving.websocket_policy_server:TIMING infer_ms=69.9
INFO:mme_vla_suite.serving.websocket_policy_server:TIMING add_buffer_ms=1466.3 frames=16 exec_start_idx=0
MV_INFER cond=normal split=test task=VideoUnmaskSwap ep=11 ep_seq=12 infer_seq=26 t=616 es=216 k=36 motion_frames=0,16,32,48,64,80,96,112,128,144,160,176,216,232,248,264,280,296,312,328,344,360,376,392,408,424,440,456,472,488,504,520,536,552,568,584 motion_emb_sha=49dc6affe62442db motion_pos_sha=86dabf7a3516115c motion_mask=111111111111111111111111111111111111000000000000000000000000000000000000000000000000000000000000 mem_order_sha=9bb7bdaac11439ce motion_cols_sha=bc633ef9c0fb2af2 donor=None cover=exact:0,fallback:0,cycle:0,cross_seg:0 gate=none num_steps=10 act_sha=113c1d4bc7c75779 infer_ms=69.6
INFO:mme_vla_suite.serving.websocket_policy_server:TIMING infer_ms=69.6
INFO:mme_vla_suite.serving.websocket_policy_server:TIMING add_buffer_ms=1466.6 frames=16 exec_start_idx=0
MV_INFER cond=normal split=test task=VideoUnmaskSwap ep=11 ep_seq=12 infer_seq=27 t=632 es=216 k=37 motion_frames=0,16,32,48,64,80,96,112,128,144,160,176,216,232,248,264,280,296,312,328,344,360,376,392,408,424,440,456,472,488,504,520,536,552,568,584,600 motion_emb_sha=f5a06430c4eae566 motion_pos_sha=ebf1d84abee84433 motion_mask=111111111111111111111111111111111111100000000000000000000000000000000000000000000000000000000000 mem_order_sha=bb5215489dd9cf2d motion_cols_sha=0b1f6068655ce105 donor=None cover=exact:0,fallback:0,cycle:0,cross_seg:0 gate=none num_steps=10 act_sha=2fe42f2e7059a924 infer_ms=69.8
INFO:mme_vla_suite.serving.websocket_policy_server:TIMING infer_ms=69.8
[sidecar pid=833148] 窗 #951 起点 616 耗时 1422 ms（累计 1790s）
INFO:mme_vla_suite.serving.websocket_policy_server:TIMING add_buffer_ms=1467.2 frames=16 exec_start_idx=0
MV_INFER cond=normal split=test task=VideoUnmaskSwap ep=11 ep_seq=12 infer_seq=28 t=648 es=216 k=38 motion_frames=0,16,32,48,64,80,96,112,128,144,160,176,216,232,248,264,280,296,312,328,344,360,376,392,408,424,440,456,472,488,504,520,536,552,568,584,600,616 motion_emb_sha=7554768fac97bcdd motion_pos_sha=84f645772bb1daf4 motion_mask=111111111111111111111111111111111111110000000000000000000000000000000000000000000000000000000000 mem_order_sha=8f945d85033e81bd motion_cols_sha=77990476390af325 donor=None cover=exact:0,fallback:0,cycle:0,cross_seg:0 gate=none num_steps=10 act_sha=7cb5d3ce31f2ed9f infer_ms=69.6
INFO:mme_vla_suite.serving.websocket_policy_server:TIMING infer_ms=69.6
INFO:mme_vla_suite.serving.websocket_policy_server:TIMING add_buffer_ms=1464.7 frames=16 exec_start_idx=0
MV_INFER cond=normal split=test task=VideoUnmaskSwap ep=11 ep_seq=12 infer_seq=29 t=664 es=216 k=39 motion_frames=0,16,32,48,64,80,96,112,128,144,160,176,216,232,248,264,280,296,312,328,344,360,376,392,408,424,440,456,472,488,504,520,536,552,568,584,600,616,632 motion_emb_sha=bdba2e03ab66e78d motion_pos_sha=bac0aaaa17ac14e9 motion_mask=111111111111111111111111111111111111111000000000000000000000000000000000000000000000000000000000 mem_order_sha=d940758f31b05989 motion_cols_sha=446ef38f173e8e31 donor=None cover=exact:0,fallback:0,cycle:0,cross_seg:0 gate=none num_steps=10 act_sha=1a4edee5ec9760c6 infer_ms=69.8
INFO:mme_vla_suite.serving.websocket_policy_server:TIMING infer_ms=69.8
INFO:mme_vla_suite.serving.websocket_policy_server:TIMING add_buffer_ms=1463.9 frames=16 exec_start_idx=0
MV_INFER cond=normal split=test task=VideoUnmaskSwap ep=11 ep_seq=12 infer_seq=30 t=680 es=216 k=40 motion_frames=0,16,32,48,64,80,96,112,128,144,160,176,216,232,248,264,280,296,312,328,344,360,376,392,408,424,440,456,472,488,504,520,536,552,568,584,600,616,632,648 motion_emb_sha=b68741d4653bea2e motion_pos_sha=0dfa581646a8ddc0 motion_mask=111111111111111111111111111111111111111100000000000000000000000000000000000000000000000000000000 mem_order_sha=d5d503504358d6c9 motion_cols_sha=3ea6ec14cb5c8fc3 donor=None cover=exact:0,fallback:0,cycle:0,cross_seg:0 gate=none num_steps=10 act_sha=4bc2f15128f3ad0f infer_ms=69.5
INFO:mme_vla_suite.serving.websocket_policy_server:TIMING infer_ms=69.5
INFO:mme_vla_suite.serving.websocket_policy_server:TIMING add_buffer_ms=1462.4 frames=16 exec_start_idx=0
MV_INFER cond=normal split=test task=VideoUnmaskSwap ep=11 ep_seq=12 infer_seq=31 t=696 es=216 k=41 motion_frames=0,16,32,48,64,80,96,112,128,144,160,176,216,232,248,264,280,296,312,328,344,360,376,392,408,424,440,456,472,488,504,520,536,552,568,584,600,616,632,648,664 motion_emb_sha=b7a3a0688cd5ce96 motion_pos_sha=6b26f77d760aef64 motion_mask=111111111111111111111111111111111111111110000000000000000000000000000000000000000000000000000000 mem_order_sha=432efac88bcf9149 motion_cols_sha=eeca25e4f573f0af donor=None cover=exact:0,fallback:0,cycle:0,cross_seg:0 gate=none num_steps=10 act_sha=a85a87bfb613cb10 infer_ms=70.3
INFO:mme_vla_suite.serving.websocket_policy_server:TIMING infer_ms=70.3
INFO:mme_vla_suite.serving.websocket_policy_server:TIMING add_buffer_ms=1463.1 frames=16 exec_start_idx=0
MV_INFER cond=normal split=test task=VideoUnmaskSwap ep=11 ep_seq=12 infer_seq=32 t=712 es=216 k=42 motion_frames=0,16,32,48,64,80,96,112,128,144,160,176,216,232,248,264,280,296,312,328,344,360,376,392,408,424,440,456,472,488,504,520,536,552,568,584,600,616,632,648,664,680 motion_emb_sha=44ce8a71d5d0a0bf motion_pos_sha=0be8284179fd6ce6 motion_mask=111111111111111111111111111111111111111111000000000000000000000000000000000000000000000000000000 mem_order_sha=822bce4d93e2af0a motion_cols_sha=e882d528a29922ce donor=None cover=exact:0,fallback:0,cycle:0,cross_seg:0 gate=none num_steps=10 act_sha=745f9b76da7ae47b infer_ms=69.7
INFO:mme_vla_suite.serving.websocket_policy_server:TIMING infer_ms=69.7
INFO:mme_vla_suite.serving.websocket_policy_server:TIMING add_buffer_ms=1463.5 frames=16 exec_start_idx=0
MV_INFER cond=normal split=test task=VideoUnmaskSwap ep=11 ep_seq=12 infer_seq=33 t=728 es=216 k=43 motion_frames=0,16,32,48,64,80,96,112,128,144,160,176,216,232,248,264,280,296,312,328,344,360,376,392,408,424,440,456,472,488,504,520,536,552,568,584,600,616,632,648,664,680,696 motion_emb_sha=8b01712a0b75e2d7 motion_pos_sha=68637cc50dd23ead motion_mask=111111111111111111111111111111111111111111100000000000000000000000000000000000000000000000000000 mem_order_sha=115ae4569d936e9b motion_cols_sha=b48107778cd510e5 donor=None cover=exact:0,fallback:0,cycle:0,cross_seg:0 gate=none num_steps=10 act_sha=ecb6a9815d82fdb3 infer_ms=69.8
INFO:mme_vla_suite.serving.websocket_policy_server:TIMING infer_ms=69.8
INFO:mme_vla_suite.serving.websocket_policy_server:TIMING add_buffer_ms=1465.5 frames=16 exec_start_idx=0
MV_INFER cond=normal split=test task=VideoUnmaskSwap ep=11 ep_seq=12 infer_seq=34 t=744 es=216 k=44 motion_frames=0,16,32,48,64,80,96,112,128,144,160,176,216,232,248,264,280,296,312,328,344,360,376,392,408,424,440,456,472,488,504,520,536,552,568,584,600,616,632,648,664,680,696,712 motion_emb_sha=0adf681b4e15e450 motion_pos_sha=d7bc07a6995898a4 motion_mask=111111111111111111111111111111111111111111110000000000000000000000000000000000000000000000000000 mem_order_sha=180cb185ee38e14c motion_cols_sha=d6cd6789afdeb393 donor=None cover=exact:0,fallback:0,cycle:0,cross_seg:0 gate=none num_steps=10 act_sha=73d33aae7b268fdd infer_ms=69.6
INFO:mme_vla_suite.serving.websocket_policy_server:TIMING infer_ms=69.6
INFO:mme_vla_suite.serving.websocket_policy_server:TIMING add_buffer_ms=1460.2 frames=16 exec_start_idx=0
MV_INFER cond=normal split=test task=VideoUnmaskSwap ep=11 ep_seq=12 infer_seq=35 t=760 es=216 k=45 motion_frames=0,16,32,48,64,80,96,112,128,144,160,176,216,232,248,264,280,296,312,328,344,360,376,392,408,424,440,456,472,488,504,520,536,552,568,584,600,616,632,648,664,680,696,712,728 motion_emb_sha=76a0b218b1e7b6ab motion_pos_sha=c3b1873dcd917182 motion_mask=111111111111111111111111111111111111111111111000000000000000000000000000000000000000000000000000 mem_order_sha=ffbddc34a3078c08 motion_cols_sha=7005eb03aa62fd5c donor=None cover=exact:0,fallback:0,cycle:0,cross_seg:0 gate=none num_steps=10 act_sha=b8ae808eee37256b infer_ms=69.7
INFO:mme_vla_suite.serving.websocket_policy_server:TIMING infer_ms=69.7
INFO:mme_vla_suite.serving.websocket_policy_server:TIMING add_buffer_ms=1462.7 frames=16 exec_start_idx=0
MV_INFER cond=normal split=test task=VideoUnmaskSwap ep=11 ep_seq=12 infer_seq=36 t=776 es=216 k=46 motion_frames=0,16,32,48,64,80,96,112,128,144,160,176,216,232,248,264,280,296,312,328,344,360,376,392,408,424,440,456,472,488,504,520,536,552,568,584,600,616,632,648,664,680,696,712,728,744 motion_emb_sha=80c3dc34f4b76cc5 motion_pos_sha=024afe13869729e0 motion_mask=111111111111111111111111111111111111111111111100000000000000000000000000000000000000000000000000 mem_order_sha=8f456730dc4dacc4 motion_cols_sha=aed28aa880af478e donor=None cover=exact:0,fallback:0,cycle:0,cross_seg:0 gate=none num_steps=10 act_sha=78831ab34464fac6 infer_ms=69.6
INFO:mme_vla_suite.serving.websocket_policy_server:TIMING infer_ms=69.6
INFO:mme_vla_suite.serving.websocket_policy_server:TIMING add_buffer_ms=1460.2 frames=16 exec_start_idx=0
MV_INFER cond=normal split=test task=VideoUnmaskSwap ep=11 ep_seq=12 infer_seq=37 t=792 es=216 k=47 motion_frames=0,16,32,48,64,80,96,112,128,144,160,176,216,232,248,264,280,296,312,328,344,360,376,392,408,424,440,456,472,488,504,520,536,552,568,584,600,616,632,648,664,680,696,712,728,744,760 motion_emb_sha=fecae239fbe9cb5a motion_pos_sha=61601f289ac4e8e0 motion_mask=111111111111111111111111111111111111111111111110000000000000000000000000000000000000000000000000 mem_order_sha=5d33ce470cd9095f motion_cols_sha=b2b92b1e771b3784 donor=None cover=exact:0,fallback:0,cycle:0,cross_seg:0 gate=none num_steps=10 act_sha=bca3d086e0e1f12f infer_ms=69.9
INFO:mme_vla_suite.serving.websocket_policy_server:TIMING infer_ms=69.9
INFO:mme_vla_suite.serving.websocket_policy_server:TIMING add_buffer_ms=1462.6 frames=16 exec_start_idx=0
MV_INFER cond=normal split=test task=VideoUnmaskSwap ep=11 ep_seq=12 infer_seq=38 t=808 es=216 k=48 motion_frames=0,16,32,48,64,80,96,112,128,144,160,176,216,232,248,264,280,296,312,328,344,360,376,392,408,424,440,456,472,488,504,520,536,552,568,584,600,616,632,648,664,680,696,712,728,744,760,776 motion_emb_sha=cf0b4c92591e29e8 motion_pos_sha=8e145ea202e08ec9 motion_mask=111111111111111111111111111111111111111111111111000000000000000000000000000000000000000000000000 mem_order_sha=59a64c945de80447 motion_cols_sha=f1800769d73c6e71 donor=None cover=exact:0,fallback:0,cycle:0,cross_seg:0 gate=none num_steps=10 act_sha=583d877eb9202128 infer_ms=69.8
INFO:mme_vla_suite.serving.websocket_policy_server:TIMING infer_ms=69.8
INFO:mme_vla_suite.serving.websocket_policy_server:TIMING add_buffer_ms=1461.5 frames=16 exec_start_idx=0
MV_INFER cond=normal split=test task=VideoUnmaskSwap ep=11 ep_seq=12 infer_seq=39 t=824 es=216 k=49 motion_frames=0,16,32,48,64,80,96,112,128,144,160,176,216,232,248,264,280,296,312,328,344,360,376,392,408,424,440,456,472,488,504,520,536,552,568,584,600,616,632,648,664,680,696,712,728,744,760,776,792 motion_emb_sha=924564c98f08593d motion_pos_sha=77f201e93ee83776 motion_mask=111111111111111111111111111111111111111111111111100000000000000000000000000000000000000000000000 mem_order_sha=274845ed39fe1f0c motion_cols_sha=ba78e03eb87d1992 donor=None cover=exact:0,fallback:0,cycle:0,cross_seg:0 gate=none num_steps=10 act_sha=654298cdbc8f2998 infer_ms=70.3
INFO:mme_vla_suite.serving.websocket_policy_server:TIMING infer_ms=70.3
INFO:mme_vla_suite.serving.websocket_policy_server:TIMING add_buffer_ms=1460.1 frames=16 exec_start_idx=0
MV_INFER cond=normal split=test task=VideoUnmaskSwap ep=11 ep_seq=12 infer_seq=40 t=840 es=216 k=50 motion_frames=0,16,32,48,64,80,96,112,128,144,160,176,216,232,248,264,280,296,312,328,344,360,376,392,408,424,440,456,472,488,504,520,536,552,568,584,600,616,632,648,664,680,696,712,728,744,760,776,792,808 motion_emb_sha=f926449298ab6a0d motion_pos_sha=a900c1ddf6314efb motion_mask=111111111111111111111111111111111111111111111111110000000000000000000000000000000000000000000000 mem_order_sha=8e21462ee4fbf7e4 motion_cols_sha=ad005375693a6c9b donor=None cover=exact:0,fallback:0,cycle:0,cross_seg:0 gate=none num_steps=10 act_sha=65f96f7b258a7851 infer_ms=69.8
INFO:mme_vla_suite.serving.websocket_policy_server:TIMING infer_ms=69.8
INFO:mme_vla_suite.serving.websocket_policy_server:TIMING add_buffer_ms=1462.3 frames=16 exec_start_idx=0
MV_INFER cond=normal split=test task=VideoUnmaskSwap ep=11 ep_seq=12 infer_seq=41 t=856 es=216 k=51 motion_frames=0,16,32,48,64,80,96,112,128,144,160,176,216,232,248,264,280,296,312,328,344,360,376,392,408,424,440,456,472,488,504,520,536,552,568,584,600,616,632,648,664,680,696,712,728,744,760,776,792,808,824 motion_emb_sha=5c05b9bd314fc126 motion_pos_sha=d2a80434d97251af motion_mask=111111111111111111111111111111111111111111111111111000000000000000000000000000000000000000000000 mem_order_sha=fcfc31db105ff1dc motion_cols_sha=86d302a61b73738f donor=None cover=exact:0,fallback:0,cycle:0,cross_seg:0 gate=none num_steps=10 act_sha=fd48daf71f1cf711 infer_ms=69.7
INFO:mme_vla_suite.serving.websocket_policy_server:TIMING infer_ms=69.7
INFO:mme_vla_suite.serving.websocket_policy_server:TIMING add_buffer_ms=1467.1 frames=16 exec_start_idx=0
MV_INFER cond=normal split=test task=VideoUnmaskSwap ep=11 ep_seq=12 infer_seq=42 t=872 es=216 k=52 motion_frames=0,16,32,48,64,80,96,112,128,144,160,176,216,232,248,264,280,296,312,328,344,360,376,392,408,424,440,456,472,488,504,520,536,552,568,584,600,616,632,648,664,680,696,712,728,744,760,776,792,808,824,840 motion_emb_sha=f34150d7e723209a motion_pos_sha=df450cb9b0ce9052 motion_mask=111111111111111111111111111111111111111111111111111100000000000000000000000000000000000000000000 mem_order_sha=c949fd3449a0d46a motion_cols_sha=19b0d3aa8a713f79 donor=None cover=exact:0,fallback:0,cycle:0,cross_seg:0 gate=none num_steps=10 act_sha=cd1af7ac0aa838d0 infer_ms=69.7
INFO:mme_vla_suite.serving.websocket_policy_server:TIMING infer_ms=69.7
INFO:mme_vla_suite.serving.websocket_policy_server:TIMING add_buffer_ms=1460.2 frames=16 exec_start_idx=0
MV_INFER cond=normal split=test task=VideoUnmaskSwap ep=11 ep_seq=12 infer_seq=43 t=888 es=216 k=53 motion_frames=0,16,32,48,64,80,96,112,128,144,160,176,216,232,248,264,280,296,312,328,344,360,376,392,408,424,440,456,472,488,504,520,536,552,568,584,600,616,632,648,664,680,696,712,728,744,760,776,792,808,824,840,856 motion_emb_sha=8e0ac081a65a4e86 motion_pos_sha=e95fae9c2c055080 motion_mask=111111111111111111111111111111111111111111111111111110000000000000000000000000000000000000000000 mem_order_sha=ecb057c31b6394d5 motion_cols_sha=403d305af855d066 donor=None cover=exact:0,fallback:0,cycle:0,cross_seg:0 gate=none num_steps=10 act_sha=9ab9ca1f3457792b infer_ms=70.3
INFO:mme_vla_suite.serving.websocket_policy_server:TIMING infer_ms=70.3
INFO:mme_vla_suite.serving.websocket_policy_server:TIMING add_buffer_ms=1460.5 frames=16 exec_start_idx=0
MV_INFER cond=normal split=test task=VideoUnmaskSwap ep=11 ep_seq=12 infer_seq=44 t=904 es=216 k=54 motion_frames=0,16,32,48,64,80,96,112,128,144,160,176,216,232,248,264,280,296,312,328,344,360,376,392,408,424,440,456,472,488,504,520,536,552,568,584,600,616,632,648,664,680,696,712,728,744,760,776,792,808,824,840,856,872 motion_emb_sha=fe1efa362a68bb9e motion_pos_sha=1aa114d6e28ce3b5 motion_mask=111111111111111111111111111111111111111111111111111111000000000000000000000000000000000000000000 mem_order_sha=1b8216f13cbe1693 motion_cols_sha=4d0759622dd37036 donor=None cover=exact:0,fallback:0,cycle:0,cross_seg:0 gate=none num_steps=10 act_sha=5979242e032990ee infer_ms=69.7
INFO:mme_vla_suite.serving.websocket_policy_server:TIMING infer_ms=69.7
INFO:mme_vla_suite.serving.websocket_policy_server:TIMING add_buffer_ms=1465.1 frames=16 exec_start_idx=0
MV_INFER cond=normal split=test task=VideoUnmaskSwap ep=11 ep_seq=12 infer_seq=45 t=920 es=216 k=55 motion_frames=0,16,32,48,64,80,96,112,128,144,160,176,216,232,248,264,280,296,312,328,344,360,376,392,408,424,440,456,472,488,504,520,536,552,568,584,600,616,632,648,664,680,696,712,728,744,760,776,792,808,824,840,856,872,888 motion_emb_sha=d6fd839116230061 motion_pos_sha=03af4e217d335aa0 motion_mask=111111111111111111111111111111111111111111111111111111100000000000000000000000000000000000000000 mem_order_sha=3f861b78ab03d00f motion_cols_sha=2fe009d1e908dd50 donor=None cover=exact:0,fallback:0,cycle:0,cross_seg:0 gate=none num_steps=10 act_sha=a92cb8783e8d747b infer_ms=69.6
INFO:mme_vla_suite.serving.websocket_policy_server:TIMING infer_ms=69.6
INFO:mme_vla_suite.serving.websocket_policy_server:TIMING add_buffer_ms=1459.2 frames=16 exec_start_idx=0
MV_INFER cond=normal split=test task=VideoUnmaskSwap ep=11 ep_seq=12 infer_seq=46 t=936 es=216 k=56 motion_frames=0,16,32,48,64,80,96,112,128,144,160,176,216,232,248,264,280,296,312,328,344,360,376,392,408,424,440,456,472,488,504,520,536,552,568,584,600,616,632,648,664,680,696,712,728,744,760,776,792,808,824,840,856,872,888,904 motion_emb_sha=16ab522f0f74f1b6 motion_pos_sha=384db4e1862ec952 motion_mask=111111111111111111111111111111111111111111111111111111110000000000000000000000000000000000000000 mem_order_sha=020ecf6cf24d29b8 motion_cols_sha=107e232b91a08e59 donor=None cover=exact:0,fallback:0,cycle:0,cross_seg:0 gate=none num_steps=10 act_sha=d3aa9a06ae0d2cb2 infer_ms=69.6
INFO:mme_vla_suite.serving.websocket_policy_server:TIMING infer_ms=69.6
INFO:mme_vla_suite.serving.websocket_policy_server:TIMING add_buffer_ms=1467.9 frames=16 exec_start_idx=0
MV_INFER cond=normal split=test task=VideoUnmaskSwap ep=11 ep_seq=12 infer_seq=47 t=952 es=216 k=57 motion_frames=0,16,32,48,64,80,96,112,128,144,160,176,216,232,248,264,280,296,312,328,344,360,376,392,408,424,440,456,472,488,504,520,536,552,568,584,600,616,632,648,664,680,696,712,728,744,760,776,792,808,824,840,856,872,888,904,920 motion_emb_sha=769904baecf11f87 motion_pos_sha=d09cf0d6bfca18be motion_mask=111111111111111111111111111111111111111111111111111111111000000000000000000000000000000000000000 mem_order_sha=2b7bef2856429e0c motion_cols_sha=5c9fdde29bbbfcfe donor=None cover=exact:0,fallback:0,cycle:0,cross_seg:0 gate=none num_steps=10 act_sha=dff42996aed34293 infer_ms=70.0
INFO:mme_vla_suite.serving.websocket_policy_server:TIMING infer_ms=70.0
INFO:mme_vla_suite.serving.websocket_policy_server:TIMING add_buffer_ms=1470.9 frames=16 exec_start_idx=0
MV_INFER cond=normal split=test task=VideoUnmaskSwap ep=11 ep_seq=12 infer_seq=48 t=968 es=216 k=58 motion_frames=0,16,32,48,64,80,96,112,128,144,160,176,216,232,248,264,280,296,312,328,344,360,376,392,408,424,440,456,472,488,504,520,536,552,568,584,600,616,632,648,664,680,696,712,728,744,760,776,792,808,824,840,856,872,888,904,920,936 motion_emb_sha=43bf35527ba49927 motion_pos_sha=231d2052357dce4c motion_mask=111111111111111111111111111111111111111111111111111111111100000000000000000000000000000000000000 mem_order_sha=093074969d95dd1b motion_cols_sha=f33637faa30f4fd1 donor=None cover=exact:0,fallback:0,cycle:0,cross_seg:0 gate=none num_steps=10 act_sha=0452be11afb5ffb2 infer_ms=69.8
INFO:mme_vla_suite.serving.websocket_policy_server:TIMING infer_ms=69.8
INFO:mme_vla_suite.serving.websocket_policy_server:TIMING add_buffer_ms=1463.3 frames=16 exec_start_idx=0
MV_INFER cond=normal split=test task=VideoUnmaskSwap ep=11 ep_seq=12 infer_seq=49 t=984 es=216 k=59 motion_frames=0,16,32,48,64,80,96,112,128,144,160,176,216,232,248,264,280,296,312,328,344,360,376,392,408,424,440,456,472,488,504,520,536,552,568,584,600,616,632,648,664,680,696,712,728,744,760,776,792,808,824,840,856,872,888,904,920,936,952 motion_emb_sha=b5b4f255f977952a motion_pos_sha=128461667c8b9865 motion_mask=111111111111111111111111111111111111111111111111111111111110000000000000000000000000000000000000 mem_order_sha=4a010e3c1da29b5c motion_cols_sha=3f199af0bb4c9512 donor=None cover=exact:0,fallback:0,cycle:0,cross_seg:0 gate=none num_steps=10 act_sha=24d608618dbd5616 infer_ms=69.6
INFO:mme_vla_suite.serving.websocket_policy_server:TIMING infer_ms=69.6
INFO:mme_vla_suite.serving.websocket_policy_server:TIMING add_buffer_ms=1460.4 frames=16 exec_start_idx=0
MV_INFER cond=normal split=test task=VideoUnmaskSwap ep=11 ep_seq=12 infer_seq=50 t=1000 es=216 k=60 motion_frames=0,16,32,48,64,80,96,112,128,144,160,176,216,232,248,264,280,296,312,328,344,360,376,392,408,424,440,456,472,488,504,520,536,552,568,584,600,616,632,648,664,680,696,712,728,744,760,776,792,808,824,840,856,872,888,904,920,936,952,968 motion_emb_sha=a339b5bb65e056a5 motion_pos_sha=f36e13abca2ba7f2 motion_mask=111111111111111111111111111111111111111111111111111111111111000000000000000000000000000000000000 mem_order_sha=74cd6a9593564bf6 motion_cols_sha=ab85e5dbdbea6e5d donor=None cover=exact:0,fallback:0,cycle:0,cross_seg:0 gate=none num_steps=10 act_sha=9b8f7eba1da4c889 infer_ms=69.8
INFO:mme_vla_suite.serving.websocket_policy_server:TIMING infer_ms=69.8
INFO:mme_vla_suite.serving.websocket_policy_server:TIMING add_buffer_ms=1461.5 frames=16 exec_start_idx=0
MV_INFER cond=normal split=test task=VideoUnmaskSwap ep=11 ep_seq=12 infer_seq=51 t=1016 es=216 k=61 motion_frames=0,16,32,48,64,80,96,112,128,144,160,176,216,232,248,264,280,296,312,328,344,360,376,392,408,424,440,456,472,488,504,520,536,552,568,584,600,616,632,648,664,680,696,712,728,744,760,776,792,808,824,840,856,872,888,904,920,936,952,968,984 motion_emb_sha=d2a3e8883042cd14 motion_pos_sha=c01b4b6e58ac7286 motion_mask=111111111111111111111111111111111111111111111111111111111111100000000000000000000000000000000000 mem_order_sha=adafe59b2f029bdd motion_cols_sha=25979e84bde36646 donor=None cover=exact:0,fallback:0,cycle:0,cross_seg:0 gate=none num_steps=10 act_sha=b281a543c0eda704 infer_ms=69.7
INFO:mme_vla_suite.serving.websocket_policy_server:TIMING infer_ms=69.7
INFO:mme_vla_suite.serving.websocket_policy_server:TIMING add_buffer_ms=1459.7 frames=16 exec_start_idx=0
MV_INFER cond=normal split=test task=VideoUnmaskSwap ep=11 ep_seq=12 infer_seq=52 t=1032 es=216 k=62 motion_frames=0,16,32,48,64,80,96,112,128,144,160,176,216,232,248,264,280,296,312,328,344,360,376,392,408,424,440,456,472,488,504,520,536,552,568,584,600,616,632,648,664,680,696,712,728,744,760,776,792,808,824,840,856,872,888,904,920,936,952,968,984,1000 motion_emb_sha=78e0c3cbd71b1e09 motion_pos_sha=27d8ce6094aaafbf motion_mask=111111111111111111111111111111111111111111111111111111111111110000000000000000000000000000000000 mem_order_sha=b245dcc71b25cc08 motion_cols_sha=eda29694365564a2 donor=None cover=exact:0,fallback:0,cycle:0,cross_seg:0 gate=none num_steps=10 act_sha=5f8346c334ea5013 infer_ms=69.8
INFO:mme_vla_suite.serving.websocket_policy_server:TIMING infer_ms=69.8
INFO:mme_vla_suite.serving.websocket_policy_server:TIMING add_buffer_ms=1461.9 frames=16 exec_start_idx=0
MV_INFER cond=normal split=test task=VideoUnmaskSwap ep=11 ep_seq=12 infer_seq=53 t=1048 es=216 k=63 motion_frames=0,16,32,48,64,80,96,112,128,144,160,176,216,232,248,264,280,296,312,328,344,360,376,392,408,424,440,456,472,488,504,520,536,552,568,584,600,616,632,648,664,680,696,712,728,744,760,776,792,808,824,840,856,872,888,904,920,936,952,968,984,1000,1016 motion_emb_sha=7f5caeed338daaa3 motion_pos_sha=3a7fa759746aec1a motion_mask=111111111111111111111111111111111111111111111111111111111111111000000000000000000000000000000000 mem_order_sha=07aaede17f5ab63b motion_cols_sha=9c0a3e9fa4973175 donor=None cover=exact:0,fallback:0,cycle:0,cross_seg:0 gate=none num_steps=10 act_sha=b3a0e0808d690100 infer_ms=69.7
INFO:mme_vla_suite.serving.websocket_policy_server:TIMING infer_ms=69.7
INFO:mme_vla_suite.serving.websocket_policy_server:TIMING add_buffer_ms=1459.9 frames=16 exec_start_idx=0
MV_INFER cond=normal split=test task=VideoUnmaskSwap ep=11 ep_seq=12 infer_seq=54 t=1064 es=216 k=64 motion_frames=0,16,32,48,64,80,96,112,128,144,160,176,216,232,248,264,280,296,312,328,344,360,376,392,408,424,440,456,472,488,504,520,536,552,568,584,600,616,632,648,664,680,696,712,728,744,760,776,792,808,824,840,856,872,888,904,920,936,952,968,984,1000,1016,1032 motion_emb_sha=1c29d69c80b40c98 motion_pos_sha=95c0258fe1bee4b9 motion_mask=111111111111111111111111111111111111111111111111111111111111111100000000000000000000000000000000 mem_order_sha=46ca677ae32275bc motion_cols_sha=c722cc93e0dc09a5 donor=None cover=exact:0,fallback:0,cycle:0,cross_seg:0 gate=none num_steps=10 act_sha=1f5e5677ca678301 infer_ms=69.6
INFO:mme_vla_suite.serving.websocket_policy_server:TIMING infer_ms=69.6
INFO:mme_vla_suite.serving.websocket_policy_server:TIMING add_buffer_ms=1460.5 frames=16 exec_start_idx=0
MV_INFER cond=normal split=test task=VideoUnmaskSwap ep=11 ep_seq=12 infer_seq=55 t=1080 es=216 k=65 motion_frames=0,16,32,48,64,80,96,112,128,144,160,176,216,232,248,264,280,296,312,328,344,360,376,392,408,424,440,456,472,488,504,520,536,552,568,584,600,616,632,648,664,680,696,712,728,744,760,776,792,808,824,840,856,872,888,904,920,936,952,968,984,1000,1016,1032,1048 motion_emb_sha=ab511847ffdec735 motion_pos_sha=5b0e6770d46fb53a motion_mask=111111111111111111111111111111111111111111111111111111111111111110000000000000000000000000000000 mem_order_sha=6a7b9bbd0486df2c motion_cols_sha=e1bc3717bd4f8e29 donor=None cover=exact:0,fallback:0,cycle:0,cross_seg:0 gate=none num_steps=10 act_sha=3451c337324bae13 infer_ms=69.6
INFO:mme_vla_suite.serving.websocket_policy_server:TIMING infer_ms=69.6
INFO:mme_vla_suite.serving.websocket_policy_server:TIMING add_buffer_ms=1464.2 frames=16 exec_start_idx=0
MV_INFER cond=normal split=test task=VideoUnmaskSwap ep=11 ep_seq=12 infer_seq=56 t=1096 es=216 k=66 motion_frames=0,16,32,48,64,80,96,112,128,144,160,176,216,232,248,264,280,296,312,328,344,360,376,392,408,424,440,456,472,488,504,520,536,552,568,584,600,616,632,648,664,680,696,712,728,744,760,776,792,808,824,840,856,872,888,904,920,936,952,968,984,1000,1016,1032,1048,1064 motion_emb_sha=a85f5df4ec92ef5f motion_pos_sha=9cf22dfeba24334a motion_mask=111111111111111111111111111111111111111111111111111111111111111111000000000000000000000000000000 mem_order_sha=93b1ebd66c91a475 motion_cols_sha=cdf638f453953a54 donor=None cover=exact:0,fallback:0,cycle:0,cross_seg:0 gate=none num_steps=10 act_sha=57dc8d49e56d8bd4 infer_ms=69.6
INFO:mme_vla_suite.serving.websocket_policy_server:TIMING infer_ms=69.6
INFO:mme_vla_suite.serving.websocket_policy_server:TIMING add_buffer_ms=1462.5 frames=16 exec_start_idx=0
MV_INFER cond=normal split=test task=VideoUnmaskSwap ep=11 ep_seq=12 infer_seq=57 t=1112 es=216 k=67 motion_frames=0,16,32,48,64,80,96,112,128,144,160,176,216,232,248,264,280,296,312,328,344,360,376,392,408,424,440,456,472,488,504,520,536,552,568,584,600,616,632,648,664,680,696,712,728,744,760,776,792,808,824,840,856,872,888,904,920,936,952,968,984,1000,1016,1032,1048,1064,1080 motion_emb_sha=91022970ce31c26b motion_pos_sha=01dfad374cea157a motion_mask=111111111111111111111111111111111111111111111111111111111111111111100000000000000000000000000000 mem_order_sha=b70002df20b2f663 motion_cols_sha=df868e7c6512f554 donor=None cover=exact:0,fallback:0,cycle:0,cross_seg:0 gate=none num_steps=10 act_sha=dda55b65c79e15ff infer_ms=69.8
INFO:mme_vla_suite.serving.websocket_policy_server:TIMING infer_ms=69.8
INFO:mme_vla_suite.serving.websocket_policy_server:TIMING add_buffer_ms=1459.9 frames=16 exec_start_idx=0
MV_INFER cond=normal split=test task=VideoUnmaskSwap ep=11 ep_seq=12 infer_seq=58 t=1128 es=216 k=68 motion_frames=0,16,32,48,64,80,96,112,128,144,160,176,216,232,248,264,280,296,312,328,344,360,376,392,408,424,440,456,472,488,504,520,536,552,568,584,600,616,632,648,664,680,696,712,728,744,760,776,792,808,824,840,856,872,888,904,920,936,952,968,984,1000,1016,1032,1048,1064,1080,1096 motion_emb_sha=24fd0473bd8ab83e motion_pos_sha=3c67ea32c0e70d7f motion_mask=111111111111111111111111111111111111111111111111111111111111111111110000000000000000000000000000 mem_order_sha=34df88f20cac2bec motion_cols_sha=f930b1193bdd8dc3 donor=None cover=exact:0,fallback:0,cycle:0,cross_seg:0 gate=none num_steps=10 act_sha=4e75e97a086a5cd5 infer_ms=69.8
INFO:mme_vla_suite.serving.websocket_policy_server:TIMING infer_ms=69.8
INFO:mme_vla_suite.serving.websocket_policy_server:TIMING add_buffer_ms=1459.5 frames=16 exec_start_idx=0
MV_INFER cond=normal split=test task=VideoUnmaskSwap ep=11 ep_seq=12 infer_seq=59 t=1144 es=216 k=69 motion_frames=0,16,32,48,64,80,96,112,128,144,160,176,216,232,248,264,280,296,312,328,344,360,376,392,408,424,440,456,472,488,504,520,536,552,568,584,600,616,632,648,664,680,696,712,728,744,760,776,792,808,824,840,856,872,888,904,920,936,952,968,984,1000,1016,1032,1048,1064,1080,1096,1112 motion_emb_sha=396831086fed09f1 motion_pos_sha=7516bf5eb11e9b62 motion_mask=111111111111111111111111111111111111111111111111111111111111111111111000000000000000000000000000 mem_order_sha=9d809f7e9f102226 motion_cols_sha=82303b7b197aa5b2 donor=None cover=exact:0,fallback:0,cycle:0,cross_seg:0 gate=none num_steps=10 act_sha=ce18879c592b11b5 infer_ms=69.8
INFO:mme_vla_suite.serving.websocket_policy_server:TIMING infer_ms=69.8
INFO:mme_vla_suite.serving.websocket_policy_server:TIMING add_buffer_ms=1466.1 frames=16 exec_start_idx=0
MV_INFER cond=normal split=test task=VideoUnmaskSwap ep=11 ep_seq=12 infer_seq=60 t=1160 es=216 k=70 motion_frames=0,16,32,48,64,80,96,112,128,144,160,176,216,232,248,264,280,296,312,328,344,360,376,392,408,424,440,456,472,488,504,520,536,552,568,584,600,616,632,648,664,680,696,712,728,744,760,776,792,808,824,840,856,872,888,904,920,936,952,968,984,1000,1016,1032,1048,1064,1080,1096,1112,1128 motion_emb_sha=560c65edd30cf126 motion_pos_sha=3af238aa8c1c6d42 motion_mask=111111111111111111111111111111111111111111111111111111111111111111111100000000000000000000000000 mem_order_sha=8f1f6458a8f9117a motion_cols_sha=9911b48b8f44f4db donor=None cover=exact:0,fallback:0,cycle:0,cross_seg:0 gate=none num_steps=10 act_sha=e4aa1c06fc417924 infer_ms=70.4
INFO:mme_vla_suite.serving.websocket_policy_server:TIMING infer_ms=70.4
INFO:mme_vla_suite.serving.websocket_policy_server:TIMING add_buffer_ms=1471.2 frames=16 exec_start_idx=0
MV_INFER cond=normal split=test task=VideoUnmaskSwap ep=11 ep_seq=12 infer_seq=61 t=1176 es=216 k=71 motion_frames=0,16,32,48,64,80,96,112,128,144,160,176,216,232,248,264,280,296,312,328,344,360,376,392,408,424,440,456,472,488,504,520,536,552,568,584,600,616,632,648,664,680,696,712,728,744,760,776,792,808,824,840,856,872,888,904,920,936,952,968,984,1000,1016,1032,1048,1064,1080,1096,1112,1128,1144 motion_emb_sha=ea3963eeab9a7b19 motion_pos_sha=55b8a57db312a60a motion_mask=111111111111111111111111111111111111111111111111111111111111111111111110000000000000000000000000 mem_order_sha=e49778697e1e797c motion_cols_sha=32a1e24dee2751ea donor=None cover=exact:0,fallback:0,cycle:0,cross_seg:0 gate=none num_steps=10 act_sha=708f152fb0595c7e infer_ms=69.7
INFO:mme_vla_suite.serving.websocket_policy_server:TIMING infer_ms=69.7
INFO:mme_vla_suite.serving.websocket_policy_server:TIMING add_buffer_ms=1462.7 frames=16 exec_start_idx=0
MV_INFER cond=normal split=test task=VideoUnmaskSwap ep=11 ep_seq=12 infer_seq=62 t=1192 es=216 k=72 motion_frames=0,16,32,48,64,80,96,112,128,144,160,176,216,232,248,264,280,296,312,328,344,360,376,392,408,424,440,456,472,488,504,520,536,552,568,584,600,616,632,648,664,680,696,712,728,744,760,776,792,808,824,840,856,872,888,904,920,936,952,968,984,1000,1016,1032,1048,1064,1080,1096,1112,1128,1144,1160 motion_emb_sha=5e666d549e2a7e96 motion_pos_sha=c72bdda7eadbc210 motion_mask=111111111111111111111111111111111111111111111111111111111111111111111111000000000000000000000000 mem_order_sha=51feafd81d155659 motion_cols_sha=bf259aa63e2153b9 donor=None cover=exact:0,fallback:0,cycle:0,cross_seg:0 gate=none num_steps=10 act_sha=ea1c462b34e7430c infer_ms=70.0
INFO:mme_vla_suite.serving.websocket_policy_server:TIMING infer_ms=70.0
INFO:mme_vla_suite.serving.websocket_policy_server:TIMING add_buffer_ms=1463.3 frames=16 exec_start_idx=0
MV_INFER cond=normal split=test task=VideoUnmaskSwap ep=11 ep_seq=12 infer_seq=63 t=1208 es=216 k=73 motion_frames=0,16,32,48,64,80,96,112,128,144,160,176,216,232,248,264,280,296,312,328,344,360,376,392,408,424,440,456,472,488,504,520,536,552,568,584,600,616,632,648,664,680,696,712,728,744,760,776,792,808,824,840,856,872,888,904,920,936,952,968,984,1000,1016,1032,1048,1064,1080,1096,1112,1128,1144,1160,1176 motion_emb_sha=183569e5b26e4b0b motion_pos_sha=2f8b24bf2553a4c1 motion_mask=111111111111111111111111111111111111111111111111111111111111111111111111100000000000000000000000 mem_order_sha=423abf335c36dc26 motion_cols_sha=1f4596ddccfe93fb donor=None cover=exact:0,fallback:0,cycle:0,cross_seg:0 gate=none num_steps=10 act_sha=dbd89e7591abc01b infer_ms=69.6
INFO:mme_vla_suite.serving.websocket_policy_server:TIMING infer_ms=69.6
INFO:mme_vla_suite.serving.websocket_policy_server:TIMING add_buffer_ms=1461.0 frames=16 exec_start_idx=0
MV_INFER cond=normal split=test task=VideoUnmaskSwap ep=11 ep_seq=12 infer_seq=64 t=1224 es=216 k=74 motion_frames=0,16,32,48,64,80,96,112,128,144,160,176,216,232,248,264,280,296,312,328,344,360,376,392,408,424,440,456,472,488,504,520,536,552,568,584,600,616,632,648,664,680,696,712,728,744,760,776,792,808,824,840,856,872,888,904,920,936,952,968,984,1000,1016,1032,1048,1064,1080,1096,1112,1128,1144,1160,1176,1192 motion_emb_sha=d7998d6fe9b5075a motion_pos_sha=ae1d0532477bb320 motion_mask=111111111111111111111111111111111111111111111111111111111111111111111111110000000000000000000000 mem_order_sha=71d9a7817a631cea motion_cols_sha=b11c0524e497206e donor=None cover=exact:0,fallback:0,cycle:0,cross_seg:0 gate=none num_steps=10 act_sha=5abafe3e8e92bf58 infer_ms=69.7
INFO:mme_vla_suite.serving.websocket_policy_server:TIMING infer_ms=69.7
INFO:mme_vla_suite.serving.websocket_policy_server:TIMING add_buffer_ms=1461.7 frames=16 exec_start_idx=0
MV_INFER cond=normal split=test task=VideoUnmaskSwap ep=11 ep_seq=12 infer_seq=65 t=1240 es=216 k=75 motion_frames=0,16,32,48,64,80,96,112,128,144,160,176,216,232,248,264,280,296,312,328,344,360,376,392,408,424,440,456,472,488,504,520,536,552,568,584,600,616,632,648,664,680,696,712,728,744,760,776,792,808,824,840,856,872,888,904,920,936,952,968,984,1000,1016,1032,1048,1064,1080,1096,1112,1128,1144,1160,1176,1192,1208 motion_emb_sha=53394d878c354b71 motion_pos_sha=fcff25b0aa7c1988 motion_mask=111111111111111111111111111111111111111111111111111111111111111111111111111000000000000000000000 mem_order_sha=445947a49cba602c motion_cols_sha=eabdce6a3179a4e3 donor=None cover=exact:0,fallback:0,cycle:0,cross_seg:0 gate=none num_steps=10 act_sha=ea4190e5a4a4555e infer_ms=69.6
INFO:mme_vla_suite.serving.websocket_policy_server:TIMING infer_ms=69.6
INFO:mme_vla_suite.serving.websocket_policy_server:TIMING add_buffer_ms=1463.4 frames=16 exec_start_idx=0
MV_INFER cond=normal split=test task=VideoUnmaskSwap ep=11 ep_seq=12 infer_seq=66 t=1256 es=216 k=76 motion_frames=0,16,32,48,64,80,96,112,128,144,160,176,216,232,248,264,280,296,312,328,344,360,376,392,408,424,440,456,472,488,504,520,536,552,568,584,600,616,632,648,664,680,696,712,728,744,760,776,792,808,824,840,856,872,888,904,920,936,952,968,984,1000,1016,1032,1048,1064,1080,1096,1112,1128,1144,1160,1176,1192,1208,1224 motion_emb_sha=12bf0539e9d17d0f motion_pos_sha=1dfceeaec906bd03 motion_mask=111111111111111111111111111111111111111111111111111111111111111111111111111100000000000000000000 mem_order_sha=faa5a3c1ced49923 motion_cols_sha=9c987a903b7e4347 donor=None cover=exact:0,fallback:0,cycle:0,cross_seg:0 gate=none num_steps=10 act_sha=7e5d10773ca30068 infer_ms=70.4
INFO:mme_vla_suite.serving.websocket_policy_server:TIMING infer_ms=70.4
INFO:mme_vla_suite.serving.websocket_policy_server:TIMING add_buffer_ms=1472.3 frames=16 exec_start_idx=0
MV_INFER cond=normal split=test task=VideoUnmaskSwap ep=11 ep_seq=12 infer_seq=67 t=1272 es=216 k=77 motion_frames=0,16,32,48,64,80,96,112,128,144,160,176,216,232,248,264,280,296,312,328,344,360,376,392,408,424,440,456,472,488,504,520,536,552,568,584,600,616,632,648,664,680,696,712,728,744,760,776,792,808,824,840,856,872,888,904,920,936,952,968,984,1000,1016,1032,1048,1064,1080,1096,1112,1128,1144,1160,1176,1192,1208,1224,1240 motion_emb_sha=606789f4e2f0714c motion_pos_sha=61361f4159bbf1ee motion_mask=111111111111111111111111111111111111111111111111111111111111111111111111111110000000000000000000 mem_order_sha=73d0875ea22a6159 motion_cols_sha=b5484decec76ce26 donor=None cover=exact:0,fallback:0,cycle:0,cross_seg:0 gate=none num_steps=10 act_sha=4e351e0e42737f9e infer_ms=69.8
INFO:mme_vla_suite.serving.websocket_policy_server:TIMING infer_ms=69.8
INFO:mme_vla_suite.serving.websocket_policy_server:TIMING add_buffer_ms=1466.1 frames=16 exec_start_idx=0
MV_INFER cond=normal split=test task=VideoUnmaskSwap ep=11 ep_seq=12 infer_seq=68 t=1288 es=216 k=78 motion_frames=0,16,32,48,64,80,96,112,128,144,160,176,216,232,248,264,280,296,312,328,344,360,376,392,408,424,440,456,472,488,504,520,536,552,568,584,600,616,632,648,664,680,696,712,728,744,760,776,792,808,824,840,856,872,888,904,920,936,952,968,984,1000,1016,1032,1048,1064,1080,1096,1112,1128,1144,1160,1176,1192,1208,1224,1240,1256 motion_emb_sha=143e467cc037193b motion_pos_sha=89928e527012ebea motion_mask=111111111111111111111111111111111111111111111111111111111111111111111111111111000000000000000000 mem_order_sha=136d99a1b1db5e37 motion_cols_sha=997a4a2d6fb2b6fd donor=None cover=exact:0,fallback:0,cycle:0,cross_seg:0 gate=none num_steps=10 act_sha=f2129e82929636d2 infer_ms=69.6
INFO:mme_vla_suite.serving.websocket_policy_server:TIMING infer_ms=69.6
INFO:mme_vla_suite.serving.websocket_policy_server:TIMING add_buffer_ms=1459.5 frames=16 exec_start_idx=0
MV_INFER cond=normal split=test task=VideoUnmaskSwap ep=11 ep_seq=12 infer_seq=69 t=1304 es=216 k=79 motion_frames=0,16,32,48,64,80,96,112,128,144,160,176,216,232,248,264,280,296,312,328,344,360,376,392,408,424,440,456,472,488,504,520,536,552,568,584,600,616,632,648,664,680,696,712,728,744,760,776,792,808,824,840,856,872,888,904,920,936,952,968,984,1000,1016,1032,1048,1064,1080,1096,1112,1128,1144,1160,1176,1192,1208,1224,1240,1256,1272 motion_emb_sha=1160ca47c57f6c40 motion_pos_sha=05517a7ad66fa867 motion_mask=111111111111111111111111111111111111111111111111111111111111111111111111111111100000000000000000 mem_order_sha=7eb4bd0a839925cc motion_cols_sha=8fcf94d4f5375e89 donor=None cover=exact:0,fallback:0,cycle:0,cross_seg:0 gate=none num_steps=10 act_sha=79b1eac902e5e9cd infer_ms=69.8
INFO:mme_vla_suite.serving.websocket_policy_server:TIMING infer_ms=69.8
INFO:mme_vla_suite.serving.websocket_policy_server:TIMING add_buffer_ms=1463.5 frames=16 exec_start_idx=0
MV_INFER cond=normal split=test task=VideoUnmaskSwap ep=11 ep_seq=12 infer_seq=70 t=1320 es=216 k=80 motion_frames=0,16,32,48,64,80,96,112,128,144,160,176,216,232,248,264,280,296,312,328,344,360,376,392,408,424,440,456,472,488,504,520,536,552,568,584,600,616,632,648,664,680,696,712,728,744,760,776,792,808,824,840,856,872,888,904,920,936,952,968,984,1000,1016,1032,1048,1064,1080,1096,1112,1128,1144,1160,1176,1192,1208,1224,1240,1256,1272,1288 motion_emb_sha=9dd57d62bb4fa210 motion_pos_sha=aa4bdf55ff9209dc motion_mask=111111111111111111111111111111111111111111111111111111111111111111111111111111110000000000000000 mem_order_sha=ab08ef07dde1f6d2 motion_cols_sha=876ba5e145700604 donor=None cover=exact:0,fallback:0,cycle:0,cross_seg:0 gate=none num_steps=10 act_sha=e2c5b3384aa0d8da infer_ms=69.5
INFO:mme_vla_suite.serving.websocket_policy_server:TIMING infer_ms=69.5
INFO:mme_vla_suite.serving.websocket_policy_server:TIMING add_buffer_ms=1462.3 frames=16 exec_start_idx=0
MV_INFER cond=normal split=test task=VideoUnmaskSwap ep=11 ep_seq=12 infer_seq=71 t=1336 es=216 k=81 motion_frames=0,16,32,48,64,80,96,112,128,144,160,176,216,232,248,264,280,296,312,328,344,360,376,392,408,424,440,456,472,488,504,520,536,552,568,584,600,616,632,648,664,680,696,712,728,744,760,776,792,808,824,840,856,872,888,904,920,936,952,968,984,1000,1016,1032,1048,1064,1080,1096,1112,1128,1144,1160,1176,1192,1208,1224,1240,1256,1272,1288,1304 motion_emb_sha=34fc52ae1ebcf304 motion_pos_sha=9d6fe0c3cb0c0ce9 motion_mask=111111111111111111111111111111111111111111111111111111111111111111111111111111111000000000000000 mem_order_sha=109d2a5713ad9087 motion_cols_sha=9c9f51e20184949e donor=None cover=exact:0,fallback:0,cycle:0,cross_seg:0 gate=none num_steps=10 act_sha=2019fedbe6af4b48 infer_ms=69.7
INFO:mme_vla_suite.serving.websocket_policy_server:TIMING infer_ms=69.7
INFO:mme_vla_suite.serving.websocket_policy_server:TIMING add_buffer_ms=1460.9 frames=16 exec_start_idx=0
MV_INFER cond=normal split=test task=VideoUnmaskSwap ep=11 ep_seq=12 infer_seq=72 t=1352 es=216 k=82 motion_frames=0,16,32,48,64,80,96,112,128,144,160,176,216,232,248,264,280,296,312,328,344,360,376,392,408,424,440,456,472,488,504,520,536,552,568,584,600,616,632,648,664,680,696,712,728,744,760,776,792,808,824,840,856,872,888,904,920,936,952,968,984,1000,1016,1032,1048,1064,1080,1096,1112,1128,1144,1160,1176,1192,1208,1224,1240,1256,1272,1288,1304,1320 motion_emb_sha=122d9960d802f60a motion_pos_sha=a9b5548245f04eb1 motion_mask=111111111111111111111111111111111111111111111111111111111111111111111111111111111100000000000000 mem_order_sha=54888f423d87dde7 motion_cols_sha=16f61fa926f44624 donor=None cover=exact:0,fallback:0,cycle:0,cross_seg:0 gate=none num_steps=10 act_sha=117166fd52d106cd infer_ms=69.8
INFO:mme_vla_suite.serving.websocket_policy_server:TIMING infer_ms=69.8
INFO:mme_vla_suite.serving.websocket_policy_server:TIMING add_buffer_ms=1460.2 frames=16 exec_start_idx=0
MV_INFER cond=normal split=test task=VideoUnmaskSwap ep=11 ep_seq=12 infer_seq=73 t=1368 es=216 k=83 motion_frames=0,16,32,48,64,80,96,112,128,144,160,176,216,232,248,264,280,296,312,328,344,360,376,392,408,424,440,456,472,488,504,520,536,552,568,584,600,616,632,648,664,680,696,712,728,744,760,776,792,808,824,840,856,872,888,904,920,936,952,968,984,1000,1016,1032,1048,1064,1080,1096,1112,1128,1144,1160,1176,1192,1208,1224,1240,1256,1272,1288,1304,1320,1336 motion_emb_sha=e9761507f410f47c motion_pos_sha=80079b01abad5a81 motion_mask=111111111111111111111111111111111111111111111111111111111111111111111111111111111110000000000000 mem_order_sha=4dfe3a575778946c motion_cols_sha=a599404fc2b99395 donor=None cover=exact:0,fallback:0,cycle:0,cross_seg:0 gate=none num_steps=10 act_sha=0400aa727f6d903e infer_ms=69.9
INFO:mme_vla_suite.serving.websocket_policy_server:TIMING infer_ms=69.9
INFO:mme_vla_suite.serving.websocket_policy_server:TIMING add_buffer_ms=1460.1 frames=16 exec_start_idx=0
MV_INFER cond=normal split=test task=VideoUnmaskSwap ep=11 ep_seq=12 infer_seq=74 t=1384 es=216 k=84 motion_frames=0,16,32,48,64,80,96,112,128,144,160,176,216,232,248,264,280,296,312,328,344,360,376,392,408,424,440,456,472,488,504,520,536,552,568,584,600,616,632,648,664,680,696,712,728,744,760,776,792,808,824,840,856,872,888,904,920,936,952,968,984,1000,1016,1032,1048,1064,1080,1096,1112,1128,1144,1160,1176,1192,1208,1224,1240,1256,1272,1288,1304,1320,1336,1352 motion_emb_sha=d7a1a0cddbe6a280 motion_pos_sha=e3f1be24d2d41767 motion_mask=111111111111111111111111111111111111111111111111111111111111111111111111111111111111000000000000 mem_order_sha=c8071fd0b1a9a5c1 motion_cols_sha=e7f12ae646f5a956 donor=None cover=exact:0,fallback:0,cycle:0,cross_seg:0 gate=none num_steps=10 act_sha=b6ac7a5207b7b482 infer_ms=69.8
INFO:mme_vla_suite.serving.websocket_policy_server:TIMING infer_ms=69.8
INFO:mme_vla_suite.serving.websocket_policy_server:TIMING add_buffer_ms=1460.6 frames=16 exec_start_idx=0
MV_INFER cond=normal split=test task=VideoUnmaskSwap ep=11 ep_seq=12 infer_seq=75 t=1400 es=216 k=85 motion_frames=0,16,32,48,64,80,96,112,128,144,160,176,216,232,248,264,280,296,312,328,344,360,376,392,408,424,440,456,472,488,504,520,536,552,568,584,600,616,632,648,664,680,696,712,728,744,760,776,792,808,824,840,856,872,888,904,920,936,952,968,984,1000,1016,1032,1048,1064,1080,1096,1112,1128,1144,1160,1176,1192,1208,1224,1240,1256,1272,1288,1304,1320,1336,1352,1368 motion_emb_sha=0c81ec5e9c998272 motion_pos_sha=54c8a352a75afc0c motion_mask=111111111111111111111111111111111111111111111111111111111111111111111111111111111111100000000000 mem_order_sha=291a3dacf7b2f018 motion_cols_sha=6e35ad7bb55085fd donor=None cover=exact:0,fallback:0,cycle:0,cross_seg:0 gate=none num_steps=10 act_sha=11f7504e0d5531bf infer_ms=69.6
INFO:mme_vla_suite.serving.websocket_policy_server:TIMING infer_ms=69.6
INFO:mme_vla_suite.serving.websocket_policy_server:TIMING add_buffer_ms=1460.0 frames=16 exec_start_idx=0
MV_INFER cond=normal split=test task=VideoUnmaskSwap ep=11 ep_seq=12 infer_seq=76 t=1416 es=216 k=86 motion_frames=0,16,32,48,64,80,96,112,128,144,160,176,216,232,248,264,280,296,312,328,344,360,376,392,408,424,440,456,472,488,504,520,536,552,568,584,600,616,632,648,664,680,696,712,728,744,760,776,792,808,824,840,856,872,888,904,920,936,952,968,984,1000,1016,1032,1048,1064,1080,1096,1112,1128,1144,1160,1176,1192,1208,1224,1240,1256,1272,1288,1304,1320,1336,1352,1368,1384 motion_emb_sha=bbcfe8d1435b8899 motion_pos_sha=2eed3dc31e2f49b5 motion_mask=111111111111111111111111111111111111111111111111111111111111111111111111111111111111110000000000 mem_order_sha=b7322e612b80f396 motion_cols_sha=db6c8e823496a7b5 donor=None cover=exact:0,fallback:0,cycle:0,cross_seg:0 gate=none num_steps=10 act_sha=d85d54ecfcac4972 infer_ms=69.8
INFO:mme_vla_suite.serving.websocket_policy_server:TIMING infer_ms=69.8
INFO:mme_vla_suite.serving.websocket_policy_server:TIMING add_buffer_ms=1462.3 frames=16 exec_start_idx=0
MV_INFER cond=normal split=test task=VideoUnmaskSwap ep=11 ep_seq=12 infer_seq=77 t=1432 es=216 k=87 motion_frames=0,16,32,48,64,80,96,112,128,144,160,176,216,232,248,264,280,296,312,328,344,360,376,392,408,424,440,456,472,488,504,520,536,552,568,584,600,616,632,648,664,680,696,712,728,744,760,776,792,808,824,840,856,872,888,904,920,936,952,968,984,1000,1016,1032,1048,1064,1080,1096,1112,1128,1144,1160,1176,1192,1208,1224,1240,1256,1272,1288,1304,1320,1336,1352,1368,1384,1400 motion_emb_sha=95a15195493a7dba motion_pos_sha=88b85e892c26c6a5 motion_mask=111111111111111111111111111111111111111111111111111111111111111111111111111111111111111000000000 mem_order_sha=ccf790409814eead motion_cols_sha=e0c669e9e2bd89be donor=None cover=exact:0,fallback:0,cycle:0,cross_seg:0 gate=none num_steps=10 act_sha=9ffc81ea89fb8f8a infer_ms=69.6
INFO:mme_vla_suite.serving.websocket_policy_server:TIMING infer_ms=69.6
[sidecar pid=833148] 窗 #1001 起点 1416 耗时 1417 ms（累计 1882s）
INFO:mme_vla_suite.serving.websocket_policy_server:TIMING add_buffer_ms=1460.3 frames=16 exec_start_idx=0
MV_INFER cond=normal split=test task=VideoUnmaskSwap ep=11 ep_seq=12 infer_seq=78 t=1448 es=216 k=88 motion_frames=0,16,32,48,64,80,96,112,128,144,160,176,216,232,248,264,280,296,312,328,344,360,376,392,408,424,440,456,472,488,504,520,536,552,568,584,600,616,632,648,664,680,696,712,728,744,760,776,792,808,824,840,856,872,888,904,920,936,952,968,984,1000,1016,1032,1048,1064,1080,1096,1112,1128,1144,1160,1176,1192,1208,1224,1240,1256,1272,1288,1304,1320,1336,1352,1368,1384,1400,1416 motion_emb_sha=f6c2d083cc91cea2 motion_pos_sha=8c09ac3f795bb41c motion_mask=111111111111111111111111111111111111111111111111111111111111111111111111111111111111111100000000 mem_order_sha=15fad2ad48913920 motion_cols_sha=1b91c273c8fbeadc donor=None cover=exact:0,fallback:0,cycle:0,cross_seg:0 gate=none num_steps=10 act_sha=ff6b39c72ee1d35e infer_ms=69.5
INFO:mme_vla_suite.serving.websocket_policy_server:TIMING infer_ms=69.5
INFO:mme_vla_suite.serving.websocket_policy_server:TIMING add_buffer_ms=1459.7 frames=16 exec_start_idx=0
MV_INFER cond=normal split=test task=VideoUnmaskSwap ep=11 ep_seq=12 infer_seq=79 t=1464 es=216 k=89 motion_frames=0,16,32,48,64,80,96,112,128,144,160,176,216,232,248,264,280,296,312,328,344,360,376,392,408,424,440,456,472,488,504,520,536,552,568,584,600,616,632,648,664,680,696,712,728,744,760,776,792,808,824,840,856,872,888,904,920,936,952,968,984,1000,1016,1032,1048,1064,1080,1096,1112,1128,1144,1160,1176,1192,1208,1224,1240,1256,1272,1288,1304,1320,1336,1352,1368,1384,1400,1416,1432 motion_emb_sha=1b0072cf36c8b8fc motion_pos_sha=61106d8dc7b7780a motion_mask=111111111111111111111111111111111111111111111111111111111111111111111111111111111111111110000000 mem_order_sha=4b2a3a063b642203 motion_cols_sha=22e56efd29e4770c donor=None cover=exact:0,fallback:0,cycle:0,cross_seg:0 gate=none num_steps=10 act_sha=2ab7a22e82c245ad infer_ms=69.6
INFO:mme_vla_suite.serving.websocket_policy_server:TIMING infer_ms=69.6
INFO:mme_vla_suite.serving.websocket_policy_server:TIMING add_buffer_ms=1458.1 frames=16 exec_start_idx=0
MV_INFER cond=normal split=test task=VideoUnmaskSwap ep=11 ep_seq=12 infer_seq=80 t=1480 es=216 k=90 motion_frames=0,16,32,48,64,80,96,112,128,144,160,176,216,232,248,264,280,296,312,328,344,360,376,392,408,424,440,456,472,488,504,520,536,552,568,584,600,616,632,648,664,680,696,712,728,744,760,776,792,808,824,840,856,872,888,904,920,936,952,968,984,1000,1016,1032,1048,1064,1080,1096,1112,1128,1144,1160,1176,1192,1208,1224,1240,1256,1272,1288,1304,1320,1336,1352,1368,1384,1400,1416,1432,1448 motion_emb_sha=5096964c76bc8991 motion_pos_sha=843f66ef6236d387 motion_mask=111111111111111111111111111111111111111111111111111111111111111111111111111111111111111111000000 mem_order_sha=ddaa22f5948f9a20 motion_cols_sha=8a8e4ff540caacc6 donor=None cover=exact:0,fallback:0,cycle:0,cross_seg:0 gate=none num_steps=10 act_sha=435ac16d104833a6 infer_ms=69.6
INFO:mme_vla_suite.serving.websocket_policy_server:TIMING infer_ms=69.6
INFO:mme_vla_suite.serving.websocket_policy_server:TIMING add_buffer_ms=1460.0 frames=16 exec_start_idx=0
MV_INFER cond=normal split=test task=VideoUnmaskSwap ep=11 ep_seq=12 infer_seq=81 t=1496 es=216 k=91 motion_frames=0,16,32,48,64,80,96,112,128,144,160,176,216,232,248,264,280,296,312,328,344,360,376,392,408,424,440,456,472,488,504,520,536,552,568,584,600,616,632,648,664,680,696,712,728,744,760,776,792,808,824,840,856,872,888,904,920,936,952,968,984,1000,1016,1032,1048,1064,1080,1096,1112,1128,1144,1160,1176,1192,1208,1224,1240,1256,1272,1288,1304,1320,1336,1352,1368,1384,1400,1416,1432,1448,1464 motion_emb_sha=42a9bae662cf0539 motion_pos_sha=f80e1dbfd85bf0e4 motion_mask=111111111111111111111111111111111111111111111111111111111111111111111111111111111111111111100000 mem_order_sha=d77e2fd56bc5cef2 motion_cols_sha=138f109cc96ffe86 donor=None cover=exact:0,fallback:0,cycle:0,cross_seg:0 gate=none num_steps=10 act_sha=d8247fc809ccba19 infer_ms=70.6
INFO:mme_vla_suite.serving.websocket_policy_server:TIMING infer_ms=70.6
INFO:mme_vla_suite.serving.websocket_policy_server:TIMING add_buffer_ms=1461.6 frames=16 exec_start_idx=0
MV_INFER cond=normal split=test task=VideoUnmaskSwap ep=11 ep_seq=12 infer_seq=82 t=1512 es=216 k=92 motion_frames=0,16,32,48,64,80,96,112,128,144,160,176,216,232,248,264,280,296,312,328,344,360,376,392,408,424,440,456,472,488,504,520,536,552,568,584,600,616,632,648,664,680,696,712,728,744,760,776,792,808,824,840,856,872,888,904,920,936,952,968,984,1000,1016,1032,1048,1064,1080,1096,1112,1128,1144,1160,1176,1192,1208,1224,1240,1256,1272,1288,1304,1320,1336,1352,1368,1384,1400,1416,1432,1448,1464,1480 motion_emb_sha=cd85513becd55ce2 motion_pos_sha=89b9d6f61ba1c06d motion_mask=111111111111111111111111111111111111111111111111111111111111111111111111111111111111111111110000 mem_order_sha=90fccba7af4b716c motion_cols_sha=616b6226d61c5ca3 donor=None cover=exact:0,fallback:0,cycle:0,cross_seg:0 gate=none num_steps=10 act_sha=11588cc4a875b3c1 infer_ms=69.9
INFO:mme_vla_suite.serving.websocket_policy_server:TIMING infer_ms=69.9
INFO:mme_vla_suite.serving.websocket_policy_server:Connection from ('127.0.0.1', 42760) closed
INFO:mme_vla_suite.serving.websocket_policy_server:Connection from ('127.0.0.1', 50518) closed
INFO:mme_vla_suite.serving.websocket_policy_server:Connection from ('127.0.0.1', 41398) closed
INFO:mme_vla_suite.serving.websocket_policy_server:Connection from ('127.0.0.1', 53576) closed
INFO:mme_vla_suite.serving.websocket_policy_server:Connection from ('127.0.0.1', 37960) closed
INFO:mme_vla_suite.serving.websocket_policy_server:Connection from ('127.0.0.1', 56142) closed
INFO:mme_vla_suite.serving.websocket_policy_server:Connection from ('127.0.0.1', 36494) closed
INFO:mme_vla_suite.serving.websocket_policy_server:Connection from ('127.0.0.1', 43492) closed
INFO:mme_vla_suite.serving.websocket_policy_server:Connection from ('127.0.0.1', 50752) closed
INFO:mme_vla_suite.serving.websocket_policy_server:Connection from ('127.0.0.1', 59330) closed
INFO:mme_vla_suite.serving.websocket_policy_server:Connection from ('127.0.0.1', 41064) closed
INFO:mme_vla_suite.serving.websocket_policy_server:Connection from ('127.0.0.1', 51610) closed
[sidecar pid=833148] 请求接收失败，退出: 对端 EOF：已收 0/12 字节
