2026/09/14 05:53:25.393, 6, 0, 0
2026/09/14 05:53:25.395, 7, 0, 0
2026/09/14 05:53:25.896, 6, 0, 0
2026/09/14 05:53:25.896, 7, 0, 0
2026/09/14 05:53:26.565, 6, 0, 0
2026/09/14 05:53:26.565, 7, 0, 0
2026/09/14 05:53:27.257, 6, 0, 0
2026/09/14 05:53:27.257, 7, 0, 0
2026/09/14 05:53:27.955, 6, 0, 0
2026/09/14 05:53:27.955, 7, 0, 0
2026/09/14 05:53:28.647, 6, 0, 0
2026/09/14 05:53:28.647, 7, 0, 0
2026/09/14 05:53:29.348, 6, 0, 0
2026/09/14 05:53:29.348, 7, 0, 0
2026/09/14 05:53:30.046, 6, 0, 0
2026/09/14 05:53:30.051, 7, 0, 0
2026/09/14 05:53:30.551, 6, 0, 0
2026/09/14 05:53:30.745, 7, 0, 0
2026/09/14 05:53:31.245, 6, 0, 0
2026/09/14 05:53:31.441, 7, 0, 0
2026/09/14 05:53:31.941, 6, 0, 4
2026/09/14 05:53:31.960, 7, 0, 1
2026/09/14 05:53:32.462, 6, 0, 425
2026/09/14 05:53:32.462, 7, 0, 425
2026/09/14 05:53:32.962, 6, 0, 77527
2026/09/14 05:53:32.962, 7, 0, 427
2026/09/14 05:53:33.462, 6, 0, 77527
2026/09/14 05:53:33.463, 7, 0, 427
2026/09/14 05:53:33.963, 6, 0, 77529
2026/09/14 05:53:33.963, 7, 0, 427
2026/09/14 05:53:34.463, 6, 0, 77529
2026/09/14 05:53:34.463, 7, 0, 427
2026/09/14 05:53:34.963, 6, 0, 77529
2026/09/14 05:53:34.963, 7, 0, 427
2026/09/14 05:53:35.463, 6, 0, 77529
2026/09/14 05:53:35.463, 7, 0, 427
2026/09/14 05:53:35.963, 6, 0, 77529
2026/09/14 05:53:35.967, 7, 0, 427
2026/09/14 05:53:36.472, 6, 0, 77529
2026/09/14 05:53:36.472, 7, 0, 427
2026/09/14 05:53:36.972, 6, 0, 77529
2026/09/14 05:53:36.972, 7, 0, 427
2026/09/14 05:53:37.472, 6, 0, 77529
2026/09/14 05:53:37.472, 7, 0, 427
2026/09/14 05:53:37.972, 6, 0, 77529
2026/09/14 05:53:37.972, 7, 0, 427
2026/09/14 05:53:38.472, 6, 0, 77529
2026/09/14 05:53:38.472, 7, 0, 427
2026/09/14 05:53:38.972, 6, 0, 77529
2026/09/14 05:53:38.974, 7, 0, 427
2026/09/14 05:53:39.474, 6, 0, 77529
2026/09/14 05:53:39.475, 7, 0, 427
2026/09/14 05:53:39.975, 6, 0, 77529
2026/09/14 05:53:39.975, 7, 0, 427
2026/09/14 05:53:40.475, 6, 0, 77529
2026/09/14 05:53:40.475, 7, 0, 427
2026/09/14 05:53:40.975, 6, 0, 77529
2026/09/14 05:53:40.975, 7, 0, 427
2026/09/14 05:53:41.475, 6, 0, 77529
2026/09/14 05:53:41.475, 7, 0, 427
2026/09/14 05:53:41.976, 6, 0, 77529
2026/09/14 05:53:41.976, 7, 0, 427
2026/09/14 05:53:42.476, 6, 0, 77529
2026/09/14 05:53:42.476, 7, 0, 427
2026/09/14 05:53:42.976, 6, 0, 77529
2026/09/14 05:53:42.976, 7, 0, 427
2026/09/14 05:53:43.477, 6, 0, 77529
2026/09/14 05:53:43.477, 7, 0, 427
2026/09/14 05:53:43.977, 6, 0, 77529
2026/09/14 05:53:43.977, 7, 0, 427
2026/09/14 05:53:44.477, 6, 0, 77529
2026/09/14 05:53:44.477, 7, 0, 427
2026/09/14 05:53:44.977, 6, 0, 77529
2026/09/14 05:53:44.977, 7, 0, 427
2026/09/14 05:53:45.477, 6, 0, 77529
2026/09/14 05:53:45.477, 7, 0, 427
2026/09/14 05:53:45.978, 6, 0, 77529
2026/09/14 05:53:45.978, 7, 0, 427
2026/09/14 05:53:46.478, 6, 0, 77529
2026/09/14 05:53:46.478, 7, 0, 427
2026/09/14 05:53:46.978, 6, 0, 77529
2026/09/14 05:53:46.978, 7, 0, 427
2026/09/14 05:53:47.478, 6, 0, 77529
2026/09/14 05:53:47.479, 7, 0, 427
2026/09/14 05:53:47.979, 6, 0, 77529
2026/09/14 05:53:47.979, 7, 0, 427
2026/09/14 05:53:48.480, 6, 0, 77529
2026/09/14 05:53:48.480, 7, 0, 427
2026/09/14 05:53:48.980, 6, 0, 77529
2026/09/14 05:53:48.980, 7, 0, 427
2026/09/14 05:53:49.480, 6, 0, 77529
2026/09/14 05:53:49.480, 7, 0, 427
2026/09/14 05:53:49.980, 6, 0, 77529
2026/09/14 05:53:49.980, 7, 0, 427
2026/09/14 05:53:50.480, 6, 0, 77529
2026/09/14 05:53:50.481, 7, 0, 427
2026/09/14 05:53:50.981, 6, 0, 77529
2026/09/14 05:53:50.981, 7, 0, 427
2026/09/14 05:53:51.481, 6, 0, 77529
2026/09/14 05:53:51.481, 7, 0, 427
2026/09/14 05:53:51.981, 6, 0, 77529
2026/09/14 05:53:51.981, 7, 0, 427
2026/09/14 05:53:52.481, 6, 0, 77529
2026/09/14 05:53:52.481, 7, 0, 427
2026/09/14 05:53:52.982, 6, 0, 77529
2026/09/14 05:53:52.982, 7, 0, 427
2026/09/14 05:53:53.482, 6, 0, 77529
2026/09/14 05:53:53.482, 7, 0, 427
2026/09/14 05:53:53.982, 6, 0, 77529
2026/09/14 05:53:53.983, 7, 0, 427
2026/09/14 05:53:54.483, 6, 0, 77529
2026/09/14 05:53:54.483, 7, 0, 427
2026/09/14 05:53:54.983, 6, 0, 77529
2026/09/14 05:53:54.984, 7, 0, 427
2026/09/14 05:53:55.484, 6, 0, 77529
2026/09/14 05:53:55.484, 7, 0, 427
2026/09/14 05:53:55.985, 6, 0, 77529
2026/09/14 05:53:55.985, 7, 0, 427
2026/09/14 05:53:56.487, 6, 0, 77529
2026/09/14 05:53:56.487, 7, 0, 427
2026/09/14 05:53:56.987, 6, 0, 77529
2026/09/14 05:53:56.987, 7, 0, 427
2026/09/14 05:53:57.487, 6, 0, 77529
2026/09/14 05:53:57.487, 7, 0, 77523
2026/09/14 05:53:57.987, 6, 0, 77529
2026/09/14 05:53:57.988, 7, 0, 77523
2026/09/14 05:53:58.488, 6, 0, 77529
2026/09/14 05:53:58.488, 7, 0, 77523
2026/09/14 05:53:58.988, 6, 1, 77529
2026/09/14 05:53:58.988, 7, 1, 77525
2026/09/14 05:53:59.488, 6, 11, 77649
2026/09/14 05:53:59.488, 7, 0, 77645
2026/09/14 05:53:59.988, 6, 6, 78179
2026/09/14 05:53:59.988, 7, 0, 78175
2026/09/14 05:54:00.488, 6, 0, 78179
2026/09/14 05:54:00.489, 7, 0, 78175
2026/09/14 05:54:00.989, 6, 0, 78179
2026/09/14 05:54:00.989, 7, 0, 78175
2026/09/14 05:54:01.489, 6, 0, 78179
2026/09/14 05:54:01.489, 7, 0, 78175
2026/09/14 05:54:01.989, 6, 0, 78179
2026/09/14 05:54:01.989, 7, 0, 78175
2026/09/14 05:54:02.489, 6, 0, 78179
2026/09/14 05:54:02.489, 7, 0, 78175
2026/09/14 05:54:02.990, 6, 0, 78179
2026/09/14 05:54:02.990, 7, 0, 78175
2026/09/14 05:54:03.490, 6, 0, 78179
2026/09/14 05:54:03.490, 7, 0, 78175
2026/09/14 05:54:03.990, 6, 0, 78179
2026/09/14 05:54:03.990, 7, 0, 78175
2026/09/14 05:54:04.491, 6, 0, 78179
2026/09/14 05:54:04.491, 7, 0, 78175
2026/09/14 05:54:04.991, 6, 0, 78179
2026/09/14 05:54:04.991, 7, 0, 78175
2026/09/14 05:54:05.491, 6, 0, 78179
2026/09/14 05:54:05.492, 7, 0, 78175
2026/09/14 05:54:05.992, 6, 0, 78179
2026/09/14 05:54:05.992, 7, 0, 78175
2026/09/14 05:54:06.492, 6, 0, 78179
2026/09/14 05:54:06.492, 7, 0, 78175
2026/09/14 05:54:06.992, 6, 0, 78179
2026/09/14 05:54:06.992, 7, 0, 78175
2026/09/14 05:54:07.492, 6, 0, 78179
2026/09/14 05:54:07.492, 7, 0, 78175
2026/09/14 05:54:07.992, 6, 0, 78179
2026/09/14 05:54:07.993, 7, 0, 78175
2026/09/14 05:54:08.493, 6, 0, 78179
2026/09/14 05:54:08.493, 7, 0, 78175
2026/09/14 05:54:08.993, 6, 0, 78179
2026/09/14 05:54:08.993, 7, 0, 78175
2026/09/14 05:54:09.493, 6, 0, 78179
2026/09/14 05:54:09.493, 7, 0, 78175
2026/09/14 05:54:09.993, 6, 1, 78181
2026/09/14 05:54:09.993, 7, 0, 78177
2026/09/14 05:54:10.493, 6, 1, 78181
2026/09/14 05:54:10.494, 7, 12, 78177
2026/09/14 05:54:10.994, 6, 25, 78183
2026/09/14 05:54:10.994, 7, 0, 78179
2026/09/14 05:54:11.494, 6, 65, 78183
2026/09/14 05:54:11.494, 7, 66, 78179
2026/09/14 05:54:11.994, 6, 0, 78183
2026/09/14 05:54:11.995, 7, 0, 78179
2026/09/14 05:54:12.495, 6, 0, 78187
2026/09/14 05:54:12.495, 7, 0, 78183
2026/09/14 05:54:12.995, 6, 84, 78187
2026/09/14 05:54:12.995, 7, 84, 78183
2026/09/14 05:54:13.495, 6, 82, 78187
2026/09/14 05:54:13.495, 7, 81, 78183
2026/09/14 05:54:13.995, 6, 85, 78187
2026/09/14 05:54:13.995, 7, 85, 78183
2026/09/14 05:54:14.495, 6, 100, 78187
2026/09/14 05:54:14.496, 7, 95, 78183
2026/09/14 05:54:14.996, 6, 0, 78187
2026/09/14 05:54:14.996, 7, 0, 78183
2026/09/14 05:54:15.496, 6, 7, 78189
2026/09/14 05:54:15.496, 7, 5, 78185
2026/09/14 05:54:15.996, 6, 0, 78189
2026/09/14 05:54:15.996, 7, 0, 78185
2026/09/14 05:54:16.496, 6, 0, 78189
2026/09/14 05:54:16.496, 7, 0, 78185
2026/09/14 05:54:16.996, 6, 0, 78189
2026/09/14 05:54:16.997, 7, 0, 78185
2026/09/14 05:54:17.497, 6, 0, 78189
2026/09/14 05:54:17.497, 7, 0, 78185
2026/09/14 05:54:17.997, 6, 1, 78189
2026/09/14 05:54:17.997, 7, 3, 78185
2026/09/14 05:54:18.497, 6, 3, 78189
2026/09/14 05:54:18.497, 7, 3, 78185
2026/09/14 05:54:18.997, 6, 11, 78189
2026/09/14 05:54:18.998, 7, 21, 78185
2026/09/14 05:54:19.498, 6, 31, 78189
2026/09/14 05:54:19.498, 7, 28, 78185
2026/09/14 05:54:19.998, 6, 0, 78189
2026/09/14 05:54:19.998, 7, 0, 78185
2026/09/14 05:54:20.499, 6, 0, 78189
2026/09/14 05:54:20.499, 7, 0, 78185
2026/09/14 05:54:20.999, 6, 0, 78189
2026/09/14 05:54:20.999, 7, 0, 78185
2026/09/14 05:54:21.499, 6, 0, 78189
2026/09/14 05:54:21.499, 7, 0, 78185
2026/09/14 05:54:21.999, 6, 0, 78189
2026/09/14 05:54:21.999, 7, 0, 78185
2026/09/14 05:54:22.499, 6, 0, 78189
2026/09/14 05:54:22.499, 7, 0, 78185
2026/09/14 05:54:23.000, 6, 0, 78189
2026/09/14 05:54:23.000, 7, 0, 78185
2026/09/14 05:54:23.500, 6, 0, 78189
2026/09/14 05:54:23.500, 7, 0, 78185
2026/09/14 05:54:24.000, 6, 0, 78189
2026/09/14 05:54:24.000, 7, 0, 78185
2026/09/14 05:54:24.500, 6, 0, 78189
2026/09/14 05:54:24.500, 7, 0, 78185
2026/09/14 05:54:25.001, 6, 0, 78189
2026/09/14 05:54:25.001, 7, 0, 78185
2026/09/14 05:54:25.502, 6, 0, 78189
2026/09/14 05:54:25.502, 7, 0, 78185
2026/09/14 05:54:26.002, 6, 0, 78189
2026/09/14 05:54:26.002, 7, 0, 78185
2026/09/14 05:54:26.502, 6, 0, 78189
2026/09/14 05:54:26.502, 7, 0, 78185
2026/09/14 05:54:27.002, 6, 0, 78189
2026/09/14 05:54:27.002, 7, 0, 78185
2026/09/14 05:54:27.502, 6, 0, 78189
2026/09/14 05:54:27.503, 7, 0, 78185
2026/09/14 05:54:28.003, 6, 0, 78189
2026/09/14 05:54:28.003, 7, 0, 78185
2026/09/14 05:54:28.503, 6, 0, 78189
2026/09/14 05:54:28.503, 7, 2, 78185
2026/09/14 05:54:29.003, 6, 0, 78189
2026/09/14 05:54:29.003, 7, 0, 78185
2026/09/14 05:54:29.503, 6, 0, 78189
2026/09/14 05:54:29.504, 7, 0, 78185
2026/09/14 05:54:30.004, 6, 0, 78189
2026/09/14 05:54:30.005, 7, 0, 78185
2026/09/14 05:54:30.505, 6, 31, 78189
2026/09/14 05:54:30.505, 7, 31, 78185
2026/09/14 05:54:31.006, 6, 30, 78189
2026/09/14 05:54:31.006, 7, 30, 78185
2026/09/14 05:54:31.506, 6, 20, 78189
2026/09/14 05:54:31.506, 7, 10, 78185
2026/09/14 05:54:32.006, 6, 0, 78189
2026/09/14 05:54:32.006, 7, 0, 78185
2026/09/14 05:54:32.506, 6, 0, 78189
2026/09/14 05:54:32.506, 7, 0, 78185
2026/09/14 05:54:33.006, 6, 0, 78189
2026/09/14 05:54:33.006, 7, 0, 78185
2026/09/14 05:54:33.507, 6, 0, 78189
2026/09/14 05:54:33.507, 7, 0, 78185
2026/09/14 05:54:34.007, 6, 0, 78189
2026/09/14 05:54:34.007, 7, 0, 78185
2026/09/14 05:54:34.507, 6, 0, 78189
2026/09/14 05:54:34.507, 7, 0, 78185
2026/09/14 05:54:35.008, 6, 0, 78189
2026/09/14 05:54:35.008, 7, 0, 78185
2026/09/14 05:54:35.509, 6, 0, 78189
2026/09/14 05:54:35.509, 7, 0, 78185
2026/09/14 05:54:36.009, 6, 0, 78189
2026/09/14 05:54:36.009, 7, 0, 78185
2026/09/14 05:54:36.509, 6, 0, 78189
2026/09/14 05:54:36.510, 7, 0, 78185
2026/09/14 05:54:37.010, 6, 0, 78189
2026/09/14 05:54:37.010, 7, 0, 78185
2026/09/14 05:54:37.510, 6, 0, 78189
2026/09/14 05:54:37.510, 7, 0, 78185
2026/09/14 05:54:38.010, 6, 0, 78189
2026/09/14 05:54:38.010, 7, 0, 78185
2026/09/14 05:54:38.510, 6, 0, 78189
2026/09/14 05:54:38.510, 7, 0, 78185
2026/09/14 05:54:39.010, 6, 0, 78189
2026/09/14 05:54:39.011, 7, 0, 78185
2026/09/14 05:54:39.511, 6, 0, 78189
2026/09/14 05:54:39.511, 7, 0, 78185
2026/09/14 05:54:40.011, 6, 0, 78189
2026/09/14 05:54:40.011, 7, 0, 78185
2026/09/14 05:54:40.512, 6, 0, 78189
2026/09/14 05:54:40.512, 7, 0, 78185
2026/09/14 05:54:41.012, 6, 0, 78189
2026/09/14 05:54:41.012, 7, 0, 78185
2026/09/14 05:54:41.512, 6, 0, 78189
2026/09/14 05:54:41.512, 7, 0, 78185
2026/09/14 05:54:42.013, 6, 0, 78189
2026/09/14 05:54:42.013, 7, 0, 78185
2026/09/14 05:54:42.513, 6, 0, 78189
2026/09/14 05:54:42.513, 7, 0, 78185
2026/09/14 05:54:43.013, 6, 0, 78189
2026/09/14 05:54:43.013, 7, 0, 78185
2026/09/14 05:54:43.513, 6, 0, 78189
2026/09/14 05:54:43.513, 7, 0, 78185
2026/09/14 05:54:44.013, 6, 0, 78189
2026/09/14 05:54:44.013, 7, 0, 78185
2026/09/14 05:54:44.514, 6, 0, 78189
2026/09/14 05:54:44.514, 7, 0, 78185
2026/09/14 05:54:45.014, 6, 0, 78189
2026/09/14 05:54:45.014, 7, 0, 78185
2026/09/14 05:54:45.514, 6, 0, 78189
2026/09/14 05:54:45.514, 7, 0, 78185
2026/09/14 05:54:46.014, 6, 0, 78189
2026/09/14 05:54:46.014, 7, 0, 78185
2026/09/14 05:54:46.514, 6, 0, 78189
2026/09/14 05:54:46.514, 7, 0, 78185
2026/09/14 05:54:47.014, 6, 0, 78189
2026/09/14 05:54:47.015, 7, 0, 78185
2026/09/14 05:54:47.515, 6, 0, 78189
2026/09/14 05:54:47.515, 7, 0, 78185
2026/09/14 05:54:48.015, 6, 28, 78189
2026/09/14 05:54:48.015, 7, 30, 78185
2026/09/14 05:54:48.515, 6, 0, 78189
2026/09/14 05:54:48.515, 7, 0, 78185
2026/09/14 05:54:49.015, 6, 0, 78189
2026/09/14 05:54:49.016, 7, 0, 78185
2026/09/14 05:54:49.516, 6, 0, 78189
2026/09/14 05:54:49.516, 7, 0, 78185
2026/09/14 05:54:50.016, 6, 0, 78189
2026/09/14 05:54:50.016, 7, 0, 78185
2026/09/14 05:54:50.516, 6, 0, 78189
2026/09/14 05:54:50.517, 7, 0, 78185
2026/09/14 05:54:51.017, 6, 0, 78189
2026/09/14 05:54:51.017, 7, 0, 78185
2026/09/14 05:54:51.517, 6, 0, 78189
2026/09/14 05:54:51.517, 7, 0, 78185
2026/09/14 05:54:52.018, 6, 0, 78189
2026/09/14 05:54:52.018, 7, 0, 78185
2026/09/14 05:54:52.518, 6, 0, 78189
2026/09/14 05:54:52.518, 7, 0, 78185
2026/09/14 05:54:53.018, 6, 0, 78189
2026/09/14 05:54:53.018, 7, 0, 78185
2026/09/14 05:54:53.518, 6, 0, 78189
2026/09/14 05:54:53.518, 7, 0, 78185
2026/09/14 05:54:54.019, 6, 0, 78189
2026/09/14 05:54:54.019, 7, 0, 78185
2026/09/14 05:54:54.519, 6, 0, 78189
2026/09/14 05:54:54.519, 7, 0, 78185
2026/09/14 05:54:55.019, 6, 0, 78189
2026/09/14 05:54:55.019, 7, 0, 78185
2026/09/14 05:54:55.519, 6, 0, 78189
2026/09/14 05:54:55.519, 7, 0, 78185
2026/09/14 05:54:56.019, 6, 0, 78189
2026/09/14 05:54:56.020, 7, 0, 78185
2026/09/14 05:54:56.520, 6, 13, 78189
2026/09/14 05:54:56.520, 7, 21, 78185
2026/09/14 05:54:57.021, 6, 0, 78189
2026/09/14 05:54:57.021, 7, 0, 78185
2026/09/14 05:54:57.521, 6, 0, 78189
2026/09/14 05:54:57.521, 7, 0, 78185
2026/09/14 05:54:58.021, 6, 0, 78189
2026/09/14 05:54:58.021, 7, 0, 78185
2026/09/14 05:54:58.521, 6, 12, 78189
2026/09/14 05:54:58.521, 7, 0, 78185
2026/09/14 05:54:59.022, 6, 0, 78189
2026/09/14 05:54:59.022, 7, 0, 78185
2026/09/14 05:54:59.522, 6, 6, 78189
2026/09/14 05:54:59.522, 7, 0, 78185
2026/09/14 05:55:00.022, 6, 0, 78189
2026/09/14 05:55:00.023, 7, 0, 78185
2026/09/14 05:55:00.523, 6, 6, 78189
2026/09/14 05:55:00.523, 7, 9, 78185
2026/09/14 05:55:01.023, 6, 0, 78189
2026/09/14 05:55:01.023, 7, 0, 78185
2026/09/14 05:55:01.524, 6, 13, 78189
2026/09/14 05:55:01.524, 7, 20, 78185
2026/09/14 05:55:02.024, 6, 5, 78189
2026/09/14 05:55:02.024, 7, 0, 78185
2026/09/14 05:55:02.524, 6, 0, 78189
2026/09/14 05:55:02.524, 7, 0, 78185
2026/09/14 05:55:03.024, 6, 0, 78189
2026/09/14 05:55:03.024, 7, 0, 78185
2026/09/14 05:55:03.524, 6, 0, 78189
2026/09/14 05:55:03.524, 7, 0, 78185
2026/09/14 05:55:04.025, 6, 0, 78189
2026/09/14 05:55:04.025, 7, 0, 78185
2026/09/14 05:55:04.525, 6, 0, 78189
2026/09/14 05:55:04.525, 7, 0, 78185
2026/09/14 05:55:05.025, 6, 0, 78189
2026/09/14 05:55:05.025, 7, 0, 78185
2026/09/14 05:55:05.525, 6, 0, 78189
2026/09/14 05:55:05.525, 7, 0, 78185
2026/09/14 05:55:06.025, 6, 0, 78189
2026/09/14 05:55:06.026, 7, 0, 78185
2026/09/14 05:55:06.526, 6, 0, 78189
2026/09/14 05:55:06.526, 7, 0, 78185
2026/09/14 05:55:07.026, 6, 0, 78189
2026/09/14 05:55:07.026, 7, 0, 78185
2026/09/14 05:55:07.526, 6, 0, 78189
2026/09/14 05:55:07.526, 7, 0, 78185
2026/09/14 05:55:08.026, 6, 0, 78189
2026/09/14 05:55:08.026, 7, 0, 78185
2026/09/14 05:55:08.527, 6, 0, 78189
2026/09/14 05:55:08.527, 7, 0, 78185
2026/09/14 05:55:09.027, 6, 12, 78189
2026/09/14 05:55:09.027, 7, 12, 78185
2026/09/14 05:55:09.527, 6, 0, 78189
2026/09/14 05:55:09.527, 7, 0, 78185
2026/09/14 05:55:10.028, 6, 6, 78189
2026/09/14 05:55:10.028, 7, 6, 78185
2026/09/14 05:55:10.528, 6, 0, 78189
2026/09/14 05:55:10.528, 7, 0, 78185
2026/09/14 05:55:11.028, 6, 12, 78189
2026/09/14 05:55:11.029, 7, 12, 78185
2026/09/14 05:55:11.529, 6, 0, 78189
2026/09/14 05:55:11.529, 7, 0, 78185
2026/09/14 05:55:12.030, 6, 4, 78189
2026/09/14 05:55:12.030, 7, 6, 78185
2026/09/14 05:55:12.530, 6, 0, 78189
2026/09/14 05:55:12.530, 7, 0, 78185
2026/09/14 05:55:13.030, 6, 31, 78189
2026/09/14 05:55:13.030, 7, 30, 78185
2026/09/14 05:55:13.530, 6, 25, 78189
2026/09/14 05:55:13.530, 7, 17, 78185
2026/09/14 05:55:14.030, 6, 0, 78189
2026/09/14 05:55:14.031, 7, 0, 78185
2026/09/14 05:55:14.531, 6, 0, 78189
2026/09/14 05:55:14.531, 7, 0, 78185
2026/09/14 05:55:15.031, 6, 0, 78189
2026/09/14 05:55:15.031, 7, 0, 78185
2026/09/14 05:55:15.531, 6, 0, 78189
2026/09/14 05:55:15.531, 7, 0, 78185
2026/09/14 05:55:16.031, 6, 0, 78189
2026/09/14 05:55:16.031, 7, 0, 78185
2026/09/14 05:55:16.532, 6, 0, 78189
2026/09/14 05:55:16.532, 7, 0, 78185
2026/09/14 05:55:17.032, 6, 0, 78189
2026/09/14 05:55:17.032, 7, 0, 78185
2026/09/14 05:55:17.532, 6, 0, 78189
2026/09/14 05:55:17.532, 7, 0, 78185
2026/09/14 05:55:18.032, 6, 0, 78189
2026/09/14 05:55:18.032, 7, 0, 78185
2026/09/14 05:55:18.532, 6, 0, 78189
2026/09/14 05:55:18.532, 7, 0, 78185
2026/09/14 05:55:19.032, 6, 0, 78189
2026/09/14 05:55:19.033, 7, 0, 78185
2026/09/14 05:55:19.533, 6, 0, 78189
2026/09/14 05:55:19.533, 7, 0, 78185
2026/09/14 05:55:20.033, 6, 0, 78189
2026/09/14 05:55:20.034, 7, 0, 78185
2026/09/14 05:55:20.534, 6, 0, 78189
2026/09/14 05:55:20.534, 7, 0, 78185
2026/09/14 05:55:21.034, 6, 0, 78189
2026/09/14 05:55:21.034, 7, 0, 78185
2026/09/14 05:55:21.534, 6, 0, 78189
2026/09/14 05:55:21.541, 7, 0, 78185
2026/09/14 05:55:22.050, 6, 0, 78189
2026/09/14 05:55:22.050, 7, 0, 78185
2026/09/14 05:55:22.550, 6, 0, 78189
2026/09/14 05:55:22.550, 7, 0, 78185
2026/09/14 05:55:23.050, 6, 0, 78189
2026/09/14 05:55:23.051, 7, 0, 78185
2026/09/14 05:55:23.551, 6, 0, 78189
2026/09/14 05:55:23.558, 7, 0, 78185
2026/09/14 05:55:24.058, 6, 0, 78189
2026/09/14 05:55:24.059, 7, 0, 78185
2026/09/14 05:55:24.559, 6, 0, 78189
2026/09/14 05:55:24.559, 7, 0, 78185
2026/09/14 05:55:25.059, 6, 0, 78189
2026/09/14 05:55:25.060, 7, 0, 78185
2026/09/14 05:55:25.560, 6, 0, 78189
2026/09/14 05:55:25.560, 7, 0, 78185
2026/09/14 05:55:26.060, 6, 0, 78189
2026/09/14 05:55:26.060, 7, 0, 78185
2026/09/14 05:55:26.560, 6, 0, 78189
2026/09/14 05:55:26.560, 7, 0, 78185
2026/09/14 05:55:27.060, 6, 0, 78189
2026/09/14 05:55:27.060, 7, 0, 78185
2026/09/14 05:55:27.560, 6, 0, 78189
2026/09/14 05:55:27.561, 7, 0, 78185
2026/09/14 05:55:28.063, 6, 0, 78189
2026/09/14 05:55:28.063, 7, 0, 78185
2026/09/14 05:55:28.563, 6, 0, 78189
2026/09/14 05:55:28.563, 7, 0, 78185
2026/09/14 05:55:29.064, 6, 0, 78189
2026/09/14 05:55:29.064, 7, 0, 78185
2026/09/14 05:55:29.564, 6, 0, 78189
2026/09/14 05:55:29.564, 7, 0, 78185
2026/09/14 05:55:30.064, 6, 31, 78189
2026/09/14 05:55:30.064, 7, 30, 78185
2026/09/14 05:55:30.564, 6, 0, 78189
2026/09/14 05:55:30.564, 7, 29, 78185
2026/09/14 05:55:31.064, 6, 0, 78189
2026/09/14 05:55:31.065, 7, 0, 78185
2026/09/14 05:55:31.565, 6, 0, 78189
2026/09/14 05:55:31.565, 7, 0, 78185
2026/09/14 05:55:32.065, 6, 0, 78189
2026/09/14 05:55:32.065, 7, 0, 78185
2026/09/14 05:55:32.565, 6, 0, 78189
2026/09/14 05:55:32.565, 7, 0, 78185
2026/09/14 05:55:33.065, 6, 0, 78189
2026/09/14 05:55:33.066, 7, 0, 78185
2026/09/14 05:55:33.566, 6, 0, 78189
2026/09/14 05:55:33.566, 7, 0, 78185
2026/09/14 05:55:34.066, 6, 0, 78189
2026/09/14 05:55:34.066, 7, 0, 78185
2026/09/14 05:55:34.566, 6, 0, 78189
2026/09/14 05:55:34.567, 7, 0, 78185
2026/09/14 05:55:35.067, 6, 0, 78189
2026/09/14 05:55:35.067, 7, 0, 78185
2026/09/14 05:55:35.567, 6, 0, 78189
2026/09/14 05:55:35.567, 7, 0, 78185
2026/09/14 05:55:36.067, 6, 0, 78189
2026/09/14 05:55:36.068, 7, 0, 78185
2026/09/14 05:55:36.568, 6, 0, 78189
2026/09/14 05:55:36.568, 7, 0, 78185
2026/09/14 05:55:37.068, 6, 0, 78189
2026/09/14 05:55:37.068, 7, 0, 78185
2026/09/14 05:55:37.568, 6, 0, 78189
2026/09/14 05:55:37.569, 7, 0, 78185
2026/09/14 05:55:38.070, 6, 0, 78189
2026/09/14 05:55:38.070, 7, 0, 78185
2026/09/14 05:55:38.571, 6, 3, 78189
2026/09/14 05:55:38.571, 7, 24, 78185
2026/09/14 05:55:39.072, 6, 0, 78189
2026/09/14 05:55:39.072, 7, 0, 78185
2026/09/14 05:55:39.572, 6, 0, 78189
2026/09/14 05:55:39.572, 7, 0, 78185
2026/09/14 05:55:40.072, 6, 0, 78189
2026/09/14 05:55:40.072, 7, 0, 78185
2026/09/14 05:55:40.572, 6, 12, 78189
2026/09/14 05:55:40.572, 7, 11, 78185
2026/09/14 05:55:41.073, 6, 0, 78189
2026/09/14 05:55:41.073, 7, 0, 78185
2026/09/14 05:55:41.573, 6, 9, 78189
2026/09/14 05:55:41.573, 7, 0, 78185
2026/09/14 05:55:42.073, 6, 0, 78189
2026/09/14 05:55:42.073, 7, 0, 78185
2026/09/14 05:55:42.573, 6, 0, 78189
2026/09/14 05:55:42.573, 7, 9, 78185
2026/09/14 05:55:43.074, 6, 0, 78189
2026/09/14 05:55:43.075, 7, 0, 78185
2026/09/14 05:55:43.575, 6, 31, 78189
2026/09/14 05:55:43.576, 7, 31, 78185
2026/09/14 05:55:44.076, 6, 0, 78189
2026/09/14 05:55:44.076, 7, 19, 78185
2026/09/14 05:55:44.576, 6, 0, 78189
2026/09/14 05:55:44.577, 7, 0, 78185
2026/09/14 05:55:45.077, 6, 0, 78189
2026/09/14 05:55:45.077, 7, 0, 78185
2026/09/14 05:55:45.577, 6, 0, 78189
2026/09/14 05:55:45.578, 7, 0, 78185
2026/09/14 05:55:46.078, 6, 0, 78189
2026/09/14 05:55:46.078, 7, 0, 78185
2026/09/14 05:55:46.578, 6, 0, 78189
2026/09/14 05:55:46.578, 7, 0, 78185
2026/09/14 05:55:47.078, 6, 0, 78189
2026/09/14 05:55:47.078, 7, 0, 78185
2026/09/14 05:55:47.578, 6, 0, 78189
2026/09/14 05:55:47.578, 7, 0, 78185
2026/09/14 05:55:48.079, 6, 0, 78189
2026/09/14 05:55:48.079, 7, 0, 78185
2026/09/14 05:55:48.579, 6, 0, 78189
2026/09/14 05:55:48.579, 7, 0, 78185
2026/09/14 05:55:49.080, 6, 0, 78189
2026/09/14 05:55:49.080, 7, 0, 78185
2026/09/14 05:55:49.580, 6, 0, 78189
2026/09/14 05:55:49.580, 7, 0, 78185
2026/09/14 05:55:50.080, 6, 0, 78189
2026/09/14 05:55:50.080, 7, 0, 78185
2026/09/14 05:55:50.580, 6, 0, 78189
2026/09/14 05:55:50.580, 7, 0, 78185
2026/09/14 05:55:51.082, 6, 0, 78189
2026/09/14 05:55:51.082, 7, 5, 78185
2026/09/14 05:55:51.582, 6, 0, 78189
2026/09/14 05:55:51.582, 7, 0, 78185
2026/09/14 05:55:52.082, 6, 0, 78189
2026/09/14 05:55:52.082, 7, 0, 78185
2026/09/14 05:55:52.582, 6, 0, 78189
2026/09/14 05:55:52.583, 7, 0, 78185
2026/09/14 05:55:53.083, 6, 2, 78189
2026/09/14 05:55:53.083, 7, 3, 78185
2026/09/14 05:55:53.583, 6, 0, 78189
2026/09/14 05:55:53.583, 7, 0, 78185
2026/09/14 05:55:54.084, 6, 0, 78189
2026/09/14 05:55:54.084, 7, 0, 78185
2026/09/14 05:55:54.584, 6, 0, 78189
2026/09/14 05:55:54.584, 7, 2, 78185
2026/09/14 05:55:55.084, 6, 32, 78189
2026/09/14 05:55:55.084, 7, 31, 78185
2026/09/14 05:55:55.585, 6, 31, 78189
2026/09/14 05:55:55.585, 7, 31, 78185
2026/09/14 05:55:56.085, 6, 10, 78189
2026/09/14 05:55:56.085, 7, 0, 78185
2026/09/14 05:55:56.585, 6, 0, 78189
2026/09/14 05:55:56.585, 7, 0, 78185
2026/09/14 05:55:57.085, 6, 0, 78189
2026/09/14 05:55:57.089, 7, 0, 78185
2026/09/14 05:55:57.591, 6, 0, 78189
2026/09/14 05:55:57.592, 7, 0, 78185
2026/09/14 05:55:58.092, 6, 0, 78189
2026/09/14 05:55:58.093, 7, 0, 78185
2026/09/14 05:55:58.594, 6, 0, 78189
2026/09/14 05:55:58.594, 7, 0, 78185
2026/09/14 05:55:59.094, 6, 0, 78189
2026/09/14 05:55:59.094, 7, 0, 78185
2026/09/14 05:55:59.594, 6, 0, 78189
2026/09/14 05:55:59.595, 7, 0, 78185
2026/09/14 05:56:00.095, 6, 0, 78189
2026/09/14 05:56:00.095, 7, 0, 78185
2026/09/14 05:56:00.595, 6, 0, 78189
2026/09/14 05:56:00.595, 7, 0, 78185
2026/09/14 05:56:01.095, 6, 0, 78189
2026/09/14 05:56:01.095, 7, 0, 78185
2026/09/14 05:56:01.595, 6, 0, 78189
2026/09/14 05:56:01.596, 7, 0, 78185
2026/09/14 05:56:02.096, 6, 0, 78189
2026/09/14 05:56:02.096, 7, 0, 78185
2026/09/14 05:56:02.597, 6, 0, 78189
2026/09/14 05:56:02.597, 7, 0, 78185
2026/09/14 05:56:03.097, 6, 0, 78189
2026/09/14 05:56:03.097, 7, 0, 78185
2026/09/14 05:56:03.598, 6, 0, 78189
2026/09/14 05:56:03.598, 7, 0, 78185
2026/09/14 05:56:04.098, 6, 0, 78189
2026/09/14 05:56:04.098, 7, 0, 78185
2026/09/14 05:56:04.598, 6, 0, 78189
2026/09/14 05:56:04.598, 7, 0, 78185
2026/09/14 05:56:05.099, 6, 0, 78189
2026/09/14 05:56:05.099, 7, 0, 78185
2026/09/14 05:56:05.599, 6, 0, 78189
2026/09/14 05:56:05.599, 7, 0, 78185
2026/09/14 05:56:06.099, 6, 0, 78189
2026/09/14 05:56:06.099, 7, 0, 78185
2026/09/14 05:56:06.599, 6, 0, 78189
2026/09/14 05:56:06.600, 7, 0, 78185
2026/09/14 05:56:07.100, 6, 0, 78189
2026/09/14 05:56:07.100, 7, 0, 78185
2026/09/14 05:56:07.600, 6, 0, 78189
2026/09/14 05:56:07.600, 7, 0, 78185
2026/09/14 05:56:08.101, 6, 0, 78189
2026/09/14 05:56:08.101, 7, 0, 78185
2026/09/14 05:56:08.601, 6, 0, 78189
2026/09/14 05:56:08.601, 7, 0, 78185
2026/09/14 05:56:09.101, 6, 0, 78189
2026/09/14 05:56:09.101, 7, 0, 78185
2026/09/14 05:56:09.601, 6, 0, 78189
2026/09/14 05:56:09.602, 7, 0, 78185
2026/09/14 05:56:10.102, 6, 0, 78189
2026/09/14 05:56:10.102, 7, 0, 78185
2026/09/14 05:56:10.602, 6, 0, 78189
2026/09/14 05:56:10.602, 7, 0, 78185
2026/09/14 05:56:11.102, 6, 0, 78189
2026/09/14 05:56:11.102, 7, 0, 78185
2026/09/14 05:56:11.602, 6, 0, 78189
2026/09/14 05:56:11.602, 7, 0, 78185
2026/09/14 05:56:12.103, 6, 0, 78189
2026/09/14 05:56:12.103, 7, 0, 78185
2026/09/14 05:56:12.604, 6, 8, 78189
2026/09/14 05:56:12.604, 7, 21, 78185
2026/09/14 05:56:13.104, 6, 30, 78189
2026/09/14 05:56:13.104, 7, 29, 78185
2026/09/14 05:56:13.604, 6, 0, 78189
2026/09/14 05:56:13.604, 7, 0, 78185
2026/09/14 05:56:14.104, 6, 0, 78189
2026/09/14 05:56:14.104, 7, 0, 78185
2026/09/14 05:56:14.604, 6, 0, 78189
2026/09/14 05:56:14.604, 7, 0, 78185
2026/09/14 05:56:15.105, 6, 0, 78189
2026/09/14 05:56:15.105, 7, 0, 78185
2026/09/14 05:56:15.605, 6, 0, 78189
2026/09/14 05:56:15.605, 7, 0, 78185
2026/09/14 05:56:16.105, 6, 0, 78189
2026/09/14 05:56:16.106, 7, 0, 78185
2026/09/14 05:56:16.606, 6, 0, 78189
2026/09/14 05:56:16.606, 7, 0, 78185
2026/09/14 05:56:17.107, 6, 0, 78189
2026/09/14 05:56:17.107, 7, 0, 78185
2026/09/14 05:56:17.607, 6, 0, 78189
2026/09/14 05:56:17.607, 7, 0, 78185
2026/09/14 05:56:18.107, 6, 0, 78189
2026/09/14 05:56:18.107, 7, 0, 78185
2026/09/14 05:56:18.607, 6, 0, 78189
2026/09/14 05:56:18.607, 7, 0, 78185
2026/09/14 05:56:19.107, 6, 0, 78189
2026/09/14 05:56:19.107, 7, 0, 78185
2026/09/14 05:56:19.607, 6, 0, 78189
2026/09/14 05:56:19.607, 7, 0, 78185
2026/09/14 05:56:20.108, 6, 0, 78189
2026/09/14 05:56:20.108, 7, 0, 78185
2026/09/14 05:56:20.608, 6, 0, 78189
2026/09/14 05:56:20.608, 7, 0, 78185
2026/09/14 05:56:21.109, 6, 0, 78189
2026/09/14 05:56:21.110, 7, 0, 78185
2026/09/14 05:56:21.610, 6, 0, 78189
2026/09/14 05:56:21.610, 7, 13, 78185
2026/09/14 05:56:22.110, 6, 0, 78189
2026/09/14 05:56:22.110, 7, 0, 78185
2026/09/14 05:56:22.610, 6, 0, 78189
2026/09/14 05:56:22.610, 7, 0, 78185
2026/09/14 05:56:23.110, 6, 0, 78189
2026/09/14 05:56:23.110, 7, 0, 78185
2026/09/14 05:56:23.610, 6, 1, 78189
2026/09/14 05:56:23.611, 7, 12, 78185
2026/09/14 05:56:24.111, 6, 0, 78189
2026/09/14 05:56:24.111, 7, 0, 78185
2026/09/14 05:56:24.612, 6, 9, 78189
2026/09/14 05:56:24.612, 7, 9, 78185
2026/09/14 05:56:25.112, 6, 0, 78189
2026/09/14 05:56:25.112, 7, 0, 78185
2026/09/14 05:56:25.612, 6, 0, 78189
2026/09/14 05:56:25.612, 7, 4, 78185
2026/09/14 05:56:26.112, 6, 0, 78189
2026/09/14 05:56:26.112, 7, 0, 78185
2026/09/14 05:56:26.613, 6, 0, 78189
2026/09/14 05:56:26.613, 7, 0, 78185
2026/09/14 05:56:27.113, 6, 0, 78189
2026/09/14 05:56:27.113, 7, 0, 78185
2026/09/14 05:56:27.613, 6, 1, 78189
2026/09/14 05:56:27.613, 7, 11, 78185
2026/09/14 05:56:28.113, 6, 0, 78189
2026/09/14 05:56:28.113, 7, 0, 78185
2026/09/14 05:56:28.613, 6, 3, 78189
2026/09/14 05:56:28.614, 7, 0, 78185
2026/09/14 05:56:29.114, 6, 3, 78189
2026/09/14 05:56:29.114, 7, 3, 78185
2026/09/14 05:56:29.614, 6, 3, 78189
2026/09/14 05:56:29.614, 7, 3, 78185
2026/09/14 05:56:30.115, 6, 31, 78189
2026/09/14 05:56:30.115, 7, 21, 78185
2026/09/14 05:56:30.615, 6, 9, 78189
2026/09/14 05:56:30.615, 7, 0, 78185
2026/09/14 05:56:31.115, 6, 0, 78189
2026/09/14 05:56:31.115, 7, 0, 78185
2026/09/14 05:56:31.615, 6, 0, 78189
2026/09/14 05:56:31.615, 7, 0, 78185
2026/09/14 05:56:32.116, 6, 0, 78189
2026/09/14 05:56:32.116, 7, 0, 78185
2026/09/14 05:56:32.616, 6, 0, 78189
2026/09/14 05:56:32.617, 7, 0, 78185
2026/09/14 05:56:33.117, 6, 0, 78189
2026/09/14 05:56:33.117, 7, 0, 78185
2026/09/14 05:56:33.617, 6, 0, 78189
2026/09/14 05:56:33.618, 7, 0, 78185
2026/09/14 05:56:34.118, 6, 0, 78189
2026/09/14 05:56:34.118, 7, 0, 78185
2026/09/14 05:56:34.618, 6, 0, 78189
2026/09/14 05:56:34.618, 7, 0, 78185
2026/09/14 05:56:35.118, 6, 0, 78189
2026/09/14 05:56:35.118, 7, 0, 78185
2026/09/14 05:56:35.618, 6, 0, 78189
2026/09/14 05:56:35.618, 7, 0, 78185
2026/09/14 05:56:36.118, 6, 0, 78189
2026/09/14 05:56:36.119, 7, 0, 78185
2026/09/14 05:56:36.619, 6, 0, 78189
2026/09/14 05:56:36.619, 7, 0, 78185
2026/09/14 05:56:37.119, 6, 0, 78189
2026/09/14 05:56:37.119, 7, 0, 78185
2026/09/14 05:56:37.620, 6, 0, 78189
2026/09/14 05:56:37.620, 7, 0, 78185
2026/09/14 05:56:38.120, 6, 12, 78189
2026/09/14 05:56:38.120, 7, 12, 78185
2026/09/14 05:56:38.621, 6, 0, 78189
2026/09/14 05:56:38.621, 7, 0, 78185
2026/09/14 05:56:39.121, 6, 6, 78189
2026/09/14 05:56:39.121, 7, 6, 78185
2026/09/14 05:56:39.621, 6, 3, 78189
2026/09/14 05:56:39.621, 7, 3, 78185
2026/09/14 05:56:40.121, 6, 12, 78189
2026/09/14 05:56:40.121, 7, 12, 78185
2026/09/14 05:56:40.621, 6, 0, 78189
2026/09/14 05:56:40.622, 7, 0, 78185
2026/09/14 05:56:41.122, 6, 0, 78189
2026/09/14 05:56:41.122, 7, 6, 78185
2026/09/14 05:56:41.623, 6, 11, 78189
2026/09/14 05:56:41.623, 7, 21, 78185
2026/09/14 05:56:42.123, 6, 31, 78189
2026/09/14 05:56:42.123, 7, 30, 78185
2026/09/14 05:56:42.623, 6, 31, 78189
2026/09/14 05:56:42.623, 7, 30, 78185
2026/09/14 05:56:43.123, 6, 0, 78189
2026/09/14 05:56:43.123, 7, 0, 78185
2026/09/14 05:56:43.624, 6, 0, 78189
2026/09/14 05:56:43.624, 7, 0, 78185
2026/09/14 05:56:44.124, 6, 0, 78189
2026/09/14 05:56:44.124, 7, 0, 78185
2026/09/14 05:56:44.624, 6, 0, 78189
2026/09/14 05:56:44.624, 7, 0, 78185
2026/09/14 05:56:45.124, 6, 0, 78189
2026/09/14 05:56:45.126, 7, 0, 78185
2026/09/14 05:56:45.626, 6, 0, 78189
2026/09/14 05:56:45.626, 7, 0, 78185
2026/09/14 05:56:46.126, 6, 0, 78189
2026/09/14 05:56:46.127, 7, 0, 78185
2026/09/14 05:56:46.627, 6, 0, 78189
2026/09/14 05:56:46.627, 7, 0, 78185
2026/09/14 05:56:47.127, 6, 0, 78189
2026/09/14 05:56:47.127, 7, 0, 78185
2026/09/14 05:56:47.627, 6, 0, 78189
2026/09/14 05:56:47.627, 7, 0, 78185
2026/09/14 05:56:48.127, 6, 0, 78189
2026/09/14 05:56:48.127, 7, 0, 78185
2026/09/14 05:56:48.627, 6, 0, 78189
2026/09/14 05:56:48.627, 7, 0, 78185
2026/09/14 05:56:49.128, 6, 0, 78189
2026/09/14 05:56:49.128, 7, 0, 78185
2026/09/14 05:56:49.628, 6, 0, 78189
2026/09/14 05:56:49.628, 7, 0, 78185
2026/09/14 05:56:50.129, 6, 0, 78189
2026/09/14 05:56:50.129, 7, 0, 78185
2026/09/14 05:56:50.629, 6, 0, 78189
2026/09/14 05:56:50.629, 7, 0, 78185
2026/09/14 05:56:51.129, 6, 0, 78189
2026/09/14 05:56:51.129, 7, 0, 78185
2026/09/14 05:56:51.629, 6, 0, 78189
2026/09/14 05:56:51.629, 7, 0, 78185
2026/09/14 05:56:52.129, 6, 0, 78189
2026/09/14 05:56:52.130, 7, 0, 78185
2026/09/14 05:56:52.630, 6, 0, 78189
2026/09/14 05:56:52.630, 7, 0, 78185
2026/09/14 05:56:53.130, 6, 0, 78189
2026/09/14 05:56:53.130, 7, 0, 78185
2026/09/14 05:56:53.630, 6, 0, 78189
2026/09/14 05:56:53.630, 7, 0, 78185
2026/09/14 05:56:54.131, 6, 0, 78189
2026/09/14 05:56:54.131, 7, 0, 78185
2026/09/14 05:56:54.631, 6, 0, 78189
2026/09/14 05:56:54.631, 7, 0, 78185
2026/09/14 05:56:55.131, 6, 0, 78189
2026/09/14 05:56:55.131, 7, 0, 78185
2026/09/14 05:56:55.631, 6, 0, 78189
2026/09/14 05:56:55.631, 7, 0, 78185
2026/09/14 05:56:56.131, 6, 0, 78189
2026/09/14 05:56:56.131, 7, 0, 78185
2026/09/14 05:56:56.631, 6, 0, 78189
2026/09/14 05:56:56.632, 7, 0, 78185
2026/09/14 05:56:57.132, 6, 0, 78189
2026/09/14 05:56:57.132, 7, 0, 78185
2026/09/14 05:56:57.632, 6, 0, 78189
2026/09/14 05:56:57.632, 7, 0, 78185
2026/09/14 05:56:58.132, 6, 0, 78189
2026/09/14 05:56:58.132, 7, 0, 78185
2026/09/14 05:56:58.632, 6, 0, 78189
2026/09/14 05:56:58.632, 7, 0, 78185
2026/09/14 05:56:59.132, 6, 0, 78189
2026/09/14 05:56:59.132, 7, 0, 78185
2026/09/14 05:56:59.633, 6, 0, 78189
2026/09/14 05:56:59.633, 7, 0, 78185
2026/09/14 05:57:00.133, 6, 0, 78189
2026/09/14 05:57:00.133, 7, 0, 78185
2026/09/14 05:57:00.633, 6, 9, 78189
2026/09/14 05:57:00.634, 7, 5, 78185
2026/09/14 05:57:01.134, 6, 6, 78189
2026/09/14 05:57:01.134, 7, 5, 78185
2026/09/14 05:57:01.634, 6, 0, 78189
2026/09/14 05:57:01.634, 7, 0, 78185
2026/09/14 05:57:02.134, 6, 0, 78189
2026/09/14 05:57:02.135, 7, 0, 78185
2026/09/14 05:57:02.635, 6, 0, 78189
2026/09/14 05:57:02.635, 7, 0, 78185
2026/09/14 05:57:03.135, 6, 0, 78189
2026/09/14 05:57:03.135, 7, 0, 78185
2026/09/14 05:57:03.635, 6, 0, 78189
2026/09/14 05:57:03.635, 7, 0, 78185
2026/09/14 05:57:04.135, 6, 0, 78189
2026/09/14 05:57:04.136, 7, 0, 78185
2026/09/14 05:57:04.636, 6, 0, 78189
2026/09/14 05:57:04.636, 7, 0, 78185
2026/09/14 05:57:05.136, 6, 0, 78189
2026/09/14 05:57:05.136, 7, 0, 78185
2026/09/14 05:57:05.636, 6, 0, 78189
2026/09/14 05:57:05.637, 7, 0, 78185
2026/09/14 05:57:06.137, 6, 0, 78189
2026/09/14 05:57:06.137, 7, 0, 78185
2026/09/14 05:57:06.637, 6, 0, 78189
2026/09/14 05:57:06.637, 7, 0, 78185
2026/09/14 05:57:07.137, 6, 0, 78189
2026/09/14 05:57:07.137, 7, 0, 78185
2026/09/14 05:57:07.637, 6, 0, 78189
2026/09/14 05:57:07.637, 7, 0, 78185
2026/09/14 05:57:08.137, 6, 0, 78189
2026/09/14 05:57:08.138, 7, 0, 78185
2026/09/14 05:57:08.638, 6, 0, 78189
2026/09/14 05:57:08.638, 7, 0, 78185
2026/09/14 05:57:09.138, 6, 0, 78189
2026/09/14 05:57:09.138, 7, 0, 78185
2026/09/14 05:57:09.638, 6, 0, 78189
2026/09/14 05:57:09.638, 7, 0, 78185
2026/09/14 05:57:10.139, 6, 0, 78189
2026/09/14 05:57:10.139, 7, 0, 78185
2026/09/14 05:57:10.639, 6, 0, 78189
2026/09/14 05:57:10.639, 7, 0, 78185
2026/09/14 05:57:11.139, 6, 0, 78189
2026/09/14 05:57:11.139, 7, 0, 78185
2026/09/14 05:57:11.639, 6, 0, 78189
2026/09/14 05:57:11.640, 7, 0, 78185
2026/09/14 05:57:12.141, 6, 0, 78189
2026/09/14 05:57:12.141, 7, 0, 78185
2026/09/14 05:57:12.642, 6, 0, 78189
2026/09/14 05:57:12.642, 7, 0, 78185
2026/09/14 05:57:13.143, 6, 0, 78189
2026/09/14 05:57:13.143, 7, 0, 78185
2026/09/14 05:57:13.643, 6, 0, 78189
2026/09/14 05:57:13.643, 7, 0, 78185
2026/09/14 05:57:14.143, 6, 11, 78189
2026/09/14 05:57:14.143, 7, 11, 78185
2026/09/14 05:57:14.643, 6, 0, 78189
2026/09/14 05:57:14.644, 7, 0, 78185
2026/09/14 05:57:15.144, 6, 0, 78189
2026/09/14 05:57:15.144, 7, 0, 78185
2026/09/14 05:57:15.644, 6, 0, 78189
2026/09/14 05:57:15.644, 7, 0, 78185
2026/09/14 05:57:16.144, 6, 0, 78189
2026/09/14 05:57:16.144, 7, 0, 78185
2026/09/14 05:57:16.645, 6, 0, 78189
2026/09/14 05:57:16.645, 7, 0, 78185
2026/09/14 05:57:17.145, 6, 0, 78189
2026/09/14 05:57:17.145, 7, 0, 78185
2026/09/14 05:57:17.646, 6, 1, 78189
2026/09/14 05:57:17.646, 7, 1, 78185
2026/09/14 05:57:18.146, 6, 0, 78189
2026/09/14 05:57:18.146, 7, 0, 78185
2026/09/14 05:57:18.646, 6, 3, 78189
2026/09/14 05:57:18.646, 7, 9, 78185
2026/09/14 05:57:19.147, 6, 0, 78189
2026/09/14 05:57:19.147, 7, 0, 78185
2026/09/14 05:57:19.647, 6, 9, 78189
2026/09/14 05:57:19.647, 7, 9, 78185
2026/09/14 05:57:20.147, 6, 0, 78189
2026/09/14 05:57:20.147, 7, 0, 78185
2026/09/14 05:57:20.647, 6, 1, 78189
2026/09/14 05:57:20.648, 7, 1, 78185
2026/09/14 05:57:21.148, 6, 0, 78189
2026/09/14 05:57:21.148, 7, 0, 78185
2026/09/14 05:57:21.648, 6, 0, 78189
2026/09/14 05:57:21.648, 7, 0, 78185
2026/09/14 05:57:22.149, 6, 0, 78189
2026/09/14 05:57:22.149, 7, 0, 78185
2026/09/14 05:57:22.649, 6, 0, 78189
2026/09/14 05:57:22.649, 7, 0, 78185
2026/09/14 05:57:23.149, 6, 0, 78189
2026/09/14 05:57:23.149, 7, 0, 78185
2026/09/14 05:57:23.649, 6, 0, 78189
2026/09/14 05:57:23.649, 7, 0, 78185
2026/09/14 05:57:24.149, 6, 0, 78189
2026/09/14 05:57:24.149, 7, 0, 78185
2026/09/14 05:57:24.649, 6, 0, 78189
2026/09/14 05:57:24.650, 7, 0, 78185
2026/09/14 05:57:25.150, 6, 0, 78189
2026/09/14 05:57:25.151, 7, 0, 78185
2026/09/14 05:57:25.651, 6, 0, 78189
2026/09/14 05:57:25.651, 7, 0, 78185
2026/09/14 05:57:26.151, 6, 0, 78189
2026/09/14 05:57:26.151, 7, 0, 78185
2026/09/14 05:57:26.651, 6, 0, 78189
2026/09/14 05:57:26.651, 7, 0, 78185
2026/09/14 05:57:27.152, 6, 0, 78189
2026/09/14 05:57:27.152, 7, 0, 78185
2026/09/14 05:57:27.652, 6, 0, 78189
2026/09/14 05:57:27.652, 7, 0, 78185
2026/09/14 05:57:28.152, 6, 0, 78189
2026/09/14 05:57:28.152, 7, 0, 78185
2026/09/14 05:57:28.652, 6, 0, 78189
2026/09/14 05:57:28.652, 7, 0, 78185
2026/09/14 05:57:29.152, 6, 0, 78189
2026/09/14 05:57:29.152, 7, 0, 78185
2026/09/14 05:57:29.652, 6, 0, 78189
2026/09/14 05:57:29.652, 7, 0, 78185
2026/09/14 05:57:30.153, 6, 0, 78189
2026/09/14 05:57:30.153, 7, 0, 78185
2026/09/14 05:57:30.653, 6, 0, 78189
2026/09/14 05:57:30.653, 7, 0, 78185
2026/09/14 05:57:31.153, 6, 0, 78189
2026/09/14 05:57:31.153, 7, 0, 78185
2026/09/14 05:57:31.653, 6, 0, 78189
2026/09/14 05:57:31.653, 7, 0, 78185
2026/09/14 05:57:32.153, 6, 0, 78189
2026/09/14 05:57:32.153, 7, 0, 78185
2026/09/14 05:57:32.654, 6, 0, 78189
2026/09/14 05:57:32.654, 7, 0, 78185
2026/09/14 05:57:33.154, 6, 0, 78189
2026/09/14 05:57:33.154, 7, 0, 78185
2026/09/14 05:57:33.654, 6, 0, 78189
2026/09/14 05:57:33.654, 7, 0, 78185
2026/09/14 05:57:34.154, 6, 0, 78189
2026/09/14 05:57:34.154, 7, 0, 78185
2026/09/14 05:57:34.654, 6, 0, 78189
2026/09/14 05:57:34.654, 7, 0, 78185
2026/09/14 05:57:35.155, 6, 0, 78189
2026/09/14 05:57:35.155, 7, 0, 78185
2026/09/14 05:57:35.655, 6, 0, 78189
2026/09/14 05:57:35.655, 7, 0, 78185
2026/09/14 05:57:36.155, 6, 0, 78189
2026/09/14 05:57:36.156, 7, 0, 78185
2026/09/14 05:57:36.656, 6, 0, 78189
2026/09/14 05:57:36.656, 7, 0, 78185
2026/09/14 05:57:37.156, 6, 0, 78189
2026/09/14 05:57:37.156, 7, 0, 78185
2026/09/14 05:57:37.656, 6, 0, 78189
2026/09/14 05:57:37.656, 7, 0, 78185
2026/09/14 05:57:38.156, 6, 0, 78189
2026/09/14 05:57:38.156, 7, 0, 78185
2026/09/14 05:57:38.656, 6, 0, 78189
2026/09/14 05:57:38.657, 7, 0, 78185
2026/09/14 05:57:39.157, 6, 0, 78189
2026/09/14 05:57:39.157, 7, 0, 78185
2026/09/14 05:57:39.657, 6, 0, 78189
2026/09/14 05:57:39.657, 7, 0, 78185
2026/09/14 05:57:40.157, 6, 0, 78189
2026/09/14 05:57:40.157, 7, 0, 78185
2026/09/14 05:57:40.657, 6, 0, 78189
2026/09/14 05:57:40.658, 7, 0, 78185
2026/09/14 05:57:41.158, 6, 0, 78189
2026/09/14 05:57:41.158, 7, 0, 78185
2026/09/14 05:57:41.658, 6, 0, 78189
2026/09/14 05:57:41.659, 7, 0, 78185
2026/09/14 05:57:42.159, 6, 0, 78189
2026/09/14 05:57:42.159, 7, 0, 78185
2026/09/14 05:57:42.659, 6, 0, 78189
2026/09/14 05:57:42.659, 7, 0, 78185
2026/09/14 05:57:43.159, 6, 0, 78189
2026/09/14 05:57:43.159, 7, 0, 78185
2026/09/14 05:57:43.659, 6, 0, 78189
2026/09/14 05:57:43.659, 7, 0, 78185
2026/09/14 05:57:44.159, 6, 0, 78189
2026/09/14 05:57:44.160, 7, 0, 78185
2026/09/14 05:57:44.660, 6, 0, 78189
2026/09/14 05:57:44.660, 7, 0, 78185
2026/09/14 05:57:45.160, 6, 0, 78189
2026/09/14 05:57:45.160, 7, 0, 78185
2026/09/14 05:57:45.660, 6, 0, 78189
2026/09/14 05:57:45.660, 7, 0, 78185
2026/09/14 05:57:46.160, 6, 0, 78189
2026/09/14 05:57:46.161, 7, 0, 78185
2026/09/14 05:57:46.661, 6, 0, 78189
2026/09/14 05:57:46.661, 7, 0, 78185
2026/09/14 05:57:47.161, 6, 0, 78189
2026/09/14 05:57:47.161, 7, 0, 78185
2026/09/14 05:57:47.661, 6, 0, 78189
2026/09/14 05:57:47.661, 7, 0, 78185
2026/09/14 05:57:48.161, 6, 0, 78189
2026/09/14 05:57:48.161, 7, 0, 78185
2026/09/14 05:57:48.661, 6, 0, 78189
2026/09/14 05:57:48.661, 7, 0, 78185
2026/09/14 05:57:49.162, 6, 0, 78189
2026/09/14 05:57:49.162, 7, 0, 78185
2026/09/14 05:57:49.662, 6, 0, 78189
2026/09/14 05:57:49.662, 7, 0, 78185
2026/09/14 05:57:50.162, 6, 0, 78189
2026/09/14 05:57:50.163, 7, 0, 78185
2026/09/14 05:57:50.663, 6, 0, 78189
2026/09/14 05:57:50.663, 7, 0, 78185
2026/09/14 05:57:51.163, 6, 0, 78189
2026/09/14 05:57:51.163, 7, 0, 78185
2026/09/14 05:57:51.663, 6, 0, 78189
2026/09/14 05:57:51.663, 7, 0, 78185
2026/09/14 05:57:52.163, 6, 0, 78189
2026/09/14 05:57:52.163, 7, 0, 78185
2026/09/14 05:57:52.663, 6, 0, 78189
2026/09/14 05:57:52.663, 7, 0, 78185
2026/09/14 05:57:53.164, 6, 0, 78189
2026/09/14 05:57:53.164, 7, 0, 78185
2026/09/14 05:57:53.664, 6, 0, 78189
2026/09/14 05:57:53.664, 7, 0, 78185
2026/09/14 05:57:54.164, 6, 0, 78189
2026/09/14 05:57:54.164, 7, 0, 78185
2026/09/14 05:57:54.664, 6, 0, 78189
2026/09/14 05:57:54.664, 7, 0, 78185
2026/09/14 05:57:55.164, 6, 0, 78189
2026/09/14 05:57:55.165, 7, 0, 78185
2026/09/14 05:57:55.665, 6, 0, 78189
2026/09/14 05:57:55.665, 7, 0, 78185
2026/09/14 05:57:56.165, 6, 0, 78189
2026/09/14 05:57:56.165, 7, 0, 78185
2026/09/14 05:57:56.665, 6, 0, 78189
2026/09/14 05:57:56.665, 7, 0, 78185
2026/09/14 05:57:57.165, 6, 0, 78189
2026/09/14 05:57:57.165, 7, 0, 78185
2026/09/14 05:57:57.665, 6, 0, 78189
2026/09/14 05:57:57.666, 7, 0, 78185
2026/09/14 05:57:58.166, 6, 0, 78189
2026/09/14 05:57:58.166, 7, 0, 78185
2026/09/14 05:57:58.666, 6, 0, 78189
2026/09/14 05:57:58.666, 7, 0, 78185
2026/09/14 05:57:59.166, 6, 0, 78189
2026/09/14 05:57:59.167, 7, 0, 78185
2026/09/14 05:57:59.667, 6, 0, 78189
2026/09/14 05:57:59.667, 7, 0, 78185
2026/09/14 05:58:00.167, 6, 0, 78189
2026/09/14 05:58:00.167, 7, 0, 78185
2026/09/14 05:58:00.668, 6, 0, 78189
2026/09/14 05:58:00.668, 7, 0, 78185
2026/09/14 05:58:01.168, 6, 0, 78189
2026/09/14 05:58:01.168, 7, 0, 78185
2026/09/14 05:58:01.668, 6, 0, 78189
2026/09/14 05:58:01.670, 7, 0, 78185
2026/09/14 05:58:02.171, 6, 3, 78641
2026/09/14 05:58:02.171, 7, 19, 78641
2026/09/14 05:58:02.671, 6, 99, 78641
2026/09/14 05:58:02.671, 7, 100, 78641
2026/09/14 05:58:03.171, 6, 100, 78641
2026/09/14 05:58:03.171, 7, 100, 78641
2026/09/14 05:58:03.671, 6, 100, 78641
2026/09/14 05:58:03.672, 7, 100, 78641
2026/09/14 05:58:04.172, 6, 51, 78641
2026/09/14 05:58:04.172, 7, 0, 78641
2026/09/14 05:58:04.672, 6, 99, 78641
2026/09/14 05:58:04.672, 7, 100, 78641
2026/09/14 05:58:05.172, 6, 100, 78641
2026/09/14 05:58:05.173, 7, 100, 78641
2026/09/14 05:58:05.673, 6, 100, 78641
2026/09/14 05:58:05.673, 7, 100, 78641
2026/09/14 05:58:06.174, 6, 0, 78641
2026/09/14 05:58:06.174, 7, 12, 78641
2026/09/14 05:58:06.674, 6, 0, 78641
2026/09/14 05:58:06.674, 7, 0, 78641
2026/09/14 05:58:07.174, 6, 11, 78641
2026/09/14 05:58:07.174, 7, 0, 78641
2026/09/14 05:58:07.674, 6, 0, 78641
2026/09/14 05:58:07.675, 7, 0, 78641
2026/09/14 05:58:08.175, 6, 0, 78641
2026/09/14 05:58:08.175, 7, 0, 78641
2026/09/14 05:58:08.675, 6, 3, 78641
2026/09/14 05:58:08.676, 7, 3, 78641
2026/09/14 05:58:09.176, 6, 3, 78641
2026/09/14 05:58:09.176, 7, 0, 78641
2026/09/14 05:58:09.676, 6, 21, 78641
2026/09/14 05:58:09.676, 7, 32, 78641
2026/09/14 05:58:10.177, 6, 0, 78641
2026/09/14 05:58:10.177, 7, 19, 78641
2026/09/14 05:58:10.677, 6, 0, 78641
2026/09/14 05:58:10.677, 7, 0, 78641
2026/09/14 05:58:11.177, 6, 0, 78641
2026/09/14 05:58:11.178, 7, 0, 78641
2026/09/14 05:58:11.678, 6, 0, 78641
2026/09/14 05:58:11.678, 7, 0, 78641
2026/09/14 05:58:12.179, 6, 0, 78641
2026/09/14 05:58:12.179, 7, 0, 78641
2026/09/14 05:58:12.679, 6, 0, 78641
2026/09/14 05:58:12.679, 7, 0, 78641
2026/09/14 05:58:13.179, 6, 0, 78641
2026/09/14 05:58:13.179, 7, 0, 78641
2026/09/14 05:58:13.679, 6, 0, 78641
2026/09/14 05:58:13.679, 7, 0, 78641
2026/09/14 05:58:14.179, 6, 0, 78641
2026/09/14 05:58:14.179, 7, 0, 78641
2026/09/14 05:58:14.679, 6, 0, 78641
2026/09/14 05:58:14.680, 7, 0, 78641
2026/09/14 05:58:15.180, 6, 0, 78641
2026/09/14 05:58:15.180, 7, 0, 78641
2026/09/14 05:58:15.680, 6, 0, 78641
2026/09/14 05:58:15.680, 7, 0, 78641
2026/09/14 05:58:16.180, 6, 0, 78641
2026/09/14 05:58:16.180, 7, 0, 78641
2026/09/14 05:58:16.680, 6, 0, 78641
2026/09/14 05:58:16.680, 7, 0, 78641
2026/09/14 05:58:17.181, 6, 11, 78641
2026/09/14 05:58:17.181, 7, 0, 78641
2026/09/14 05:58:17.681, 6, 0, 78641
2026/09/14 05:58:17.681, 7, 0, 78641
2026/09/14 05:58:18.181, 6, 0, 78641
2026/09/14 05:58:18.181, 7, 0, 78641
2026/09/14 05:58:18.681, 6, 0, 78641
2026/09/14 05:58:18.681, 7, 0, 78641
2026/09/14 05:58:19.181, 6, 2, 78641
2026/09/14 05:58:19.182, 7, 0, 78641
2026/09/14 05:58:19.682, 6, 0, 78641
2026/09/14 05:58:19.682, 7, 0, 78641
2026/09/14 05:58:20.182, 6, 0, 78641
2026/09/14 05:58:20.183, 7, 0, 78641
2026/09/14 05:58:20.683, 6, 0, 78641
2026/09/14 05:58:20.683, 7, 0, 78641
2026/09/14 05:58:21.183, 6, 31, 78641
2026/09/14 05:58:21.183, 7, 31, 78641
2026/09/14 05:58:21.684, 6, 31, 78641
2026/09/14 05:58:21.684, 7, 31, 78641
2026/09/14 05:58:22.184, 6, 10, 78641
2026/09/14 05:58:22.185, 7, 30, 78641
2026/09/14 05:58:22.686, 6, 0, 78641
2026/09/14 05:58:22.686, 7, 0, 78641
2026/09/14 05:58:23.187, 6, 0, 78641
2026/09/14 05:58:23.187, 7, 0, 78641
2026/09/14 05:58:23.687, 6, 0, 78641
2026/09/14 05:58:23.687, 7, 0, 78641
2026/09/14 05:58:24.187, 6, 0, 78641
2026/09/14 05:58:24.187, 7, 0, 78641
2026/09/14 05:58:24.688, 6, 0, 78641
2026/09/14 05:58:24.688, 7, 0, 78641
2026/09/14 05:58:25.188, 6, 0, 78641
2026/09/14 05:58:25.188, 7, 0, 78641
2026/09/14 05:58:25.688, 6, 0, 78641
2026/09/14 05:58:25.688, 7, 0, 78641
2026/09/14 05:58:26.188, 6, 0, 78641
2026/09/14 05:58:26.188, 7, 0, 78641
2026/09/14 05:58:26.688, 6, 0, 78641
2026/09/14 05:58:26.689, 7, 0, 78641
2026/09/14 05:58:27.189, 6, 0, 78641
2026/09/14 05:58:27.189, 7, 0, 78641
2026/09/14 05:58:27.689, 6, 0, 78641
2026/09/14 05:58:27.689, 7, 0, 78641
2026/09/14 05:58:28.189, 6, 0, 78641
2026/09/14 05:58:28.189, 7, 0, 78641
2026/09/14 05:58:28.690, 6, 0, 78641
2026/09/14 05:58:28.690, 7, 0, 78641
2026/09/14 05:58:29.190, 6, 0, 78641
2026/09/14 05:58:29.190, 7, 0, 78641
2026/09/14 05:58:29.690, 6, 0, 78641
2026/09/14 05:58:29.690, 7, 0, 78641
2026/09/14 05:58:30.190, 6, 0, 78641
2026/09/14 05:58:30.190, 7, 0, 78641
2026/09/14 05:58:30.690, 6, 0, 78641
2026/09/14 05:58:30.691, 7, 0, 78641
2026/09/14 05:58:31.192, 6, 0, 78641
2026/09/14 05:58:31.192, 7, 0, 78641
2026/09/14 05:58:31.692, 6, 0, 78641
2026/09/14 05:58:31.692, 7, 0, 78641
2026/09/14 05:58:32.192, 6, 0, 78641
2026/09/14 05:58:32.192, 7, 0, 78641
2026/09/14 05:58:32.692, 6, 0, 78641
2026/09/14 05:58:32.692, 7, 0, 78641
2026/09/14 05:58:33.192, 6, 0, 78641
2026/09/14 05:58:33.192, 7, 0, 78641
2026/09/14 05:58:33.693, 6, 0, 78641
2026/09/14 05:58:33.693, 7, 0, 78641
2026/09/14 05:58:34.193, 6, 0, 78641
2026/09/14 05:58:34.193, 7, 0, 78641
2026/09/14 05:58:34.693, 6, 0, 78641
2026/09/14 05:58:34.694, 7, 0, 78641
2026/09/14 05:58:35.194, 6, 0, 78641
2026/09/14 05:58:35.194, 7, 0, 78641
2026/09/14 05:58:35.694, 6, 0, 78641
2026/09/14 05:58:35.694, 7, 0, 78641
2026/09/14 05:58:36.194, 6, 0, 78641
2026/09/14 05:58:36.194, 7, 0, 78641
2026/09/14 05:58:36.694, 6, 0, 78641
2026/09/14 05:58:36.695, 7, 0, 78641
2026/09/14 05:58:37.195, 6, 0, 78641
2026/09/14 05:58:37.195, 7, 0, 78641
2026/09/14 05:58:37.695, 6, 0, 78641
2026/09/14 05:58:37.695, 7, 0, 78641
2026/09/14 05:58:38.195, 6, 11, 78641
2026/09/14 05:58:38.195, 7, 0, 78641
2026/09/14 05:58:38.695, 6, 31, 78641
2026/09/14 05:58:38.695, 7, 31, 78641
2026/09/14 05:58:39.195, 6, 0, 78641
2026/09/14 05:58:39.196, 7, 0, 78641
2026/09/14 05:58:39.696, 6, 0, 78641
2026/09/14 05:58:39.696, 7, 0, 78641
2026/09/14 05:58:40.196, 6, 0, 78641
2026/09/14 05:58:40.196, 7, 0, 78641
2026/09/14 05:58:40.696, 6, 0, 78641
2026/09/14 05:58:40.696, 7, 0, 78641
2026/09/14 05:58:41.196, 6, 0, 78641
2026/09/14 05:58:41.201, 7, 0, 78641
2026/09/14 05:58:41.703, 6, 0, 78641
2026/09/14 05:58:41.703, 7, 0, 78641
2026/09/14 05:58:42.204, 6, 0, 78641
2026/09/14 05:58:42.204, 7, 0, 78641
2026/09/14 05:58:42.704, 6, 0, 78641
2026/09/14 05:58:42.704, 7, 0, 78641
2026/09/14 05:58:43.205, 6, 0, 78641
2026/09/14 05:58:43.205, 7, 0, 78641
2026/09/14 05:58:43.705, 6, 0, 78641
2026/09/14 05:58:43.705, 7, 0, 78641
2026/09/14 05:58:44.205, 6, 0, 78641
2026/09/14 05:58:44.205, 7, 0, 78641
2026/09/14 05:58:44.706, 6, 0, 78641
2026/09/14 05:58:44.707, 7, 0, 78641
2026/09/14 05:58:45.209, 6, 0, 78641
2026/09/14 05:58:45.209, 7, 0, 78641
2026/09/14 05:58:45.709, 6, 0, 78641
2026/09/14 05:58:45.710, 7, 0, 78641
2026/09/14 05:58:46.210, 6, 0, 78641
2026/09/14 05:58:46.210, 7, 0, 78641
2026/09/14 05:58:46.710, 6, 0, 78641
2026/09/14 05:58:46.710, 7, 0, 78641
2026/09/14 05:58:47.210, 6, 24, 78641
2026/09/14 05:58:47.211, 7, 24, 78641
2026/09/14 05:58:47.711, 6, 0, 78641
2026/09/14 05:58:47.711, 7, 0, 78641
2026/09/14 05:58:48.211, 6, 0, 78641
2026/09/14 05:58:48.211, 7, 0, 78641
2026/09/14 05:58:48.711, 6, 0, 78641
2026/09/14 05:58:48.711, 7, 0, 78641
2026/09/14 05:58:49.211, 6, 0, 78641
2026/09/14 05:58:49.211, 7, 11, 78641
2026/09/14 05:58:49.712, 6, 0, 78641
2026/09/14 05:58:49.712, 7, 0, 78641
2026/09/14 05:58:50.212, 6, 0, 78641
2026/09/14 05:58:50.212, 7, 0, 78641
2026/09/14 05:58:50.713, 6, 0, 78641
2026/09/14 05:58:50.713, 7, 0, 78641
2026/09/14 05:58:51.214, 6, 9, 78641
2026/09/14 05:58:51.214, 7, 9, 78641
2026/09/14 05:58:51.714, 6, 0, 78641
2026/09/14 05:58:51.715, 7, 0, 78641
2026/09/14 05:58:52.215, 6, 22, 78641
2026/09/14 05:58:52.215, 7, 22, 78641
2026/09/14 05:58:52.715, 6, 29, 78641
2026/09/14 05:58:52.716, 7, 28, 78641
2026/09/14 05:58:53.216, 6, 0, 78641
2026/09/14 05:58:53.216, 7, 0, 78641
2026/09/14 05:58:53.716, 6, 0, 78641
2026/09/14 05:58:53.716, 7, 0, 78641
2026/09/14 05:58:54.217, 6, 0, 78641
2026/09/14 05:58:54.217, 7, 0, 78641
2026/09/14 05:58:54.717, 6, 0, 78641
2026/09/14 05:58:54.718, 7, 0, 78641
2026/09/14 05:58:55.218, 6, 0, 78641
2026/09/14 05:58:55.218, 7, 0, 78641
2026/09/14 05:58:55.718, 6, 0, 78641
2026/09/14 05:58:55.718, 7, 0, 78641
2026/09/14 05:58:56.218, 6, 0, 78641
2026/09/14 05:58:56.218, 7, 0, 78641
2026/09/14 05:58:56.719, 6, 0, 78641
2026/09/14 05:58:56.719, 7, 0, 78641
2026/09/14 05:58:57.219, 6, 0, 78641
2026/09/14 05:58:57.219, 7, 0, 78641
2026/09/14 05:58:57.720, 6, 0, 78641
2026/09/14 05:58:57.720, 7, 0, 78641
2026/09/14 05:58:58.220, 6, 0, 78641
2026/09/14 05:58:58.220, 7, 0, 78641
2026/09/14 05:58:58.720, 6, 0, 78641
2026/09/14 05:58:58.720, 7, 0, 78641
2026/09/14 05:58:59.220, 6, 0, 78641
2026/09/14 05:58:59.220, 7, 0, 78641
2026/09/14 05:58:59.721, 6, 0, 78641
2026/09/14 05:58:59.721, 7, 0, 78641
2026/09/14 05:59:00.221, 6, 0, 78641
2026/09/14 05:59:00.221, 7, 0, 78641
2026/09/14 05:59:00.721, 6, 0, 78641
2026/09/14 05:59:00.721, 7, 0, 78641
2026/09/14 05:59:01.221, 6, 0, 78641
2026/09/14 05:59:01.221, 7, 0, 78641
2026/09/14 05:59:01.721, 6, 0, 78641
2026/09/14 05:59:01.722, 7, 0, 78641
2026/09/14 05:59:02.222, 6, 0, 78641
2026/09/14 05:59:02.222, 7, 0, 78641
2026/09/14 05:59:02.722, 6, 0, 78641
2026/09/14 05:59:02.722, 7, 0, 78641
2026/09/14 05:59:03.222, 6, 0, 78641
2026/09/14 05:59:03.223, 7, 0, 78641
2026/09/14 05:59:03.723, 6, 28, 78641
2026/09/14 05:59:03.723, 7, 25, 78641
2026/09/14 05:59:04.223, 6, 19, 78641
2026/09/14 05:59:04.223, 7, 15, 78641
2026/09/14 05:59:04.724, 6, 15, 78641
2026/09/14 05:59:04.724, 7, 1, 78641
2026/09/14 05:59:05.224, 6, 0, 78641
2026/09/14 05:59:05.224, 7, 0, 78641
2026/09/14 05:59:05.724, 6, 0, 78641
2026/09/14 05:59:05.724, 7, 0, 78641
2026/09/14 05:59:06.225, 6, 0, 78641
2026/09/14 05:59:06.225, 7, 0, 78641
2026/09/14 05:59:06.725, 6, 0, 78641
2026/09/14 05:59:06.725, 7, 0, 78641
2026/09/14 05:59:07.225, 6, 0, 78641
2026/09/14 05:59:07.228, 7, 0, 78641
2026/09/14 05:59:07.729, 6, 0, 78641
2026/09/14 05:59:07.729, 7, 0, 78641
2026/09/14 05:59:08.230, 6, 0, 78641
2026/09/14 05:59:08.230, 7, 0, 78641
2026/09/14 05:59:08.730, 6, 0, 78641
2026/09/14 05:59:08.730, 7, 0, 78641
2026/09/14 05:59:09.230, 6, 0, 78641
2026/09/14 05:59:09.235, 7, 0, 78641
2026/09/14 05:59:09.735, 6, 0, 78641
2026/09/14 05:59:09.735, 7, 0, 78641
2026/09/14 05:59:10.236, 6, 0, 78641
2026/09/14 05:59:10.236, 7, 0, 78641
2026/09/14 05:59:10.736, 6, 0, 78641
2026/09/14 05:59:10.736, 7, 0, 78641
2026/09/14 05:59:11.237, 6, 0, 78641
2026/09/14 05:59:11.237, 7, 0, 78641
2026/09/14 05:59:11.737, 6, 0, 78641
2026/09/14 05:59:11.737, 7, 0, 78641
2026/09/14 05:59:12.237, 6, 0, 78641
2026/09/14 05:59:12.237, 7, 0, 78641
2026/09/14 05:59:12.737, 6, 0, 78641
2026/09/14 05:59:12.737, 7, 0, 78641
2026/09/14 05:59:13.238, 6, 0, 78641
2026/09/14 05:59:13.238, 7, 0, 78641
2026/09/14 05:59:13.738, 6, 0, 78641
2026/09/14 05:59:13.738, 7, 0, 78641
2026/09/14 05:59:14.238, 6, 0, 78641
2026/09/14 05:59:14.238, 7, 0, 78641
2026/09/14 05:59:14.739, 6, 0, 78641
2026/09/14 05:59:14.739, 7, 0, 78641
2026/09/14 05:59:15.239, 6, 0, 78641
2026/09/14 05:59:15.240, 7, 0, 78641
2026/09/14 05:59:15.740, 6, 0, 78641
2026/09/14 05:59:15.740, 7, 0, 78641
2026/09/14 05:59:16.240, 6, 0, 78641
2026/09/14 05:59:16.240, 7, 0, 78641
2026/09/14 05:59:16.740, 6, 0, 78641
2026/09/14 05:59:16.740, 7, 0, 78641
2026/09/14 05:59:17.240, 6, 0, 78641
2026/09/14 05:59:17.240, 7, 0, 78641
2026/09/14 05:59:17.740, 6, 0, 78641
2026/09/14 05:59:17.741, 7, 0, 78641
2026/09/14 05:59:18.241, 6, 0, 78641
2026/09/14 05:59:18.241, 7, 0, 78641
2026/09/14 05:59:18.741, 6, 0, 78641
2026/09/14 05:59:18.741, 7, 0, 78641
2026/09/14 05:59:19.241, 6, 0, 78641
2026/09/14 05:59:19.241, 7, 0, 78641
2026/09/14 05:59:19.741, 6, 0, 78641
2026/09/14 05:59:19.742, 7, 0, 78641
2026/09/14 05:59:20.242, 6, 0, 78641
2026/09/14 05:59:20.242, 7, 0, 78641
2026/09/14 05:59:20.742, 6, 0, 78641
2026/09/14 05:59:20.742, 7, 0, 78641
2026/09/14 05:59:21.242, 6, 28, 78641
2026/09/14 05:59:21.243, 7, 29, 78641
2026/09/14 05:59:21.743, 6, 0, 78641
2026/09/14 05:59:21.743, 7, 3, 78641
2026/09/14 05:59:22.244, 6, 0, 78641
2026/09/14 05:59:22.245, 7, 0, 78641
2026/09/14 05:59:22.745, 6, 0, 78641
2026/09/14 05:59:22.745, 7, 0, 78641
2026/09/14 05:59:23.245, 6, 0, 78641
2026/09/14 05:59:23.245, 7, 0, 78641
2026/09/14 05:59:23.745, 6, 0, 78641
2026/09/14 05:59:23.745, 7, 0, 78641
2026/09/14 05:59:24.246, 6, 0, 78641
2026/09/14 05:59:24.246, 7, 0, 78641
2026/09/14 05:59:24.746, 6, 0, 78641
2026/09/14 05:59:24.746, 7, 0, 78641
2026/09/14 05:59:25.246, 6, 0, 78641
2026/09/14 05:59:25.246, 7, 0, 78641
2026/09/14 05:59:25.746, 6, 0, 78641
2026/09/14 05:59:25.746, 7, 0, 78641
2026/09/14 05:59:26.246, 6, 0, 78641
2026/09/14 05:59:26.246, 7, 0, 78641
2026/09/14 05:59:26.747, 6, 0, 78641
2026/09/14 05:59:26.747, 7, 0, 78641
2026/09/14 05:59:27.247, 6, 0, 78641
2026/09/14 05:59:27.247, 7, 0, 78641
2026/09/14 05:59:27.747, 6, 0, 78641
2026/09/14 05:59:27.747, 7, 0, 78641
2026/09/14 05:59:28.247, 6, 0, 78641
2026/09/14 05:59:28.247, 7, 0, 78641
2026/09/14 05:59:28.747, 6, 0, 78641
2026/09/14 05:59:28.747, 7, 0, 78641
2026/09/14 05:59:29.248, 6, 0, 78641
2026/09/14 05:59:29.248, 7, 0, 78641
2026/09/14 05:59:29.748, 6, 0, 78641
2026/09/14 05:59:29.748, 7, 6, 78641
2026/09/14 05:59:30.248, 6, 0, 78641
2026/09/14 05:59:30.248, 7, 0, 78641
2026/09/14 05:59:30.748, 6, 0, 78641
2026/09/14 05:59:30.748, 7, 0, 78641
2026/09/14 05:59:31.248, 6, 0, 78641
2026/09/14 05:59:31.248, 7, 0, 78641
2026/09/14 05:59:31.749, 6, 0, 78641
2026/09/14 05:59:31.749, 7, 0, 78641
2026/09/14 05:59:32.249, 6, 0, 78641
2026/09/14 05:59:32.249, 7, 0, 78641
2026/09/14 05:59:32.749, 6, 0, 78641
2026/09/14 05:59:32.749, 7, 0, 78641
2026/09/14 05:59:33.249, 6, 0, 78641
2026/09/14 05:59:33.250, 7, 0, 78641
2026/09/14 05:59:33.751, 6, 0, 78641
2026/09/14 05:59:33.751, 7, 0, 78641
2026/09/14 05:59:34.251, 6, 0, 78641
2026/09/14 05:59:34.251, 7, 0, 78641
2026/09/14 05:59:34.751, 6, 2, 78641
2026/09/14 05:59:34.751, 7, 2, 78641
2026/09/14 05:59:35.251, 6, 18, 78641
2026/09/14 05:59:35.251, 7, 17, 78641
2026/09/14 05:59:35.752, 6, 0, 78641
2026/09/14 05:59:35.752, 7, 0, 78641
2026/09/14 05:59:36.252, 6, 0, 78641
2026/09/14 05:59:36.252, 7, 0, 78641
2026/09/14 05:59:36.752, 6, 0, 78641
2026/09/14 05:59:36.752, 7, 0, 78641
2026/09/14 05:59:37.252, 6, 0, 78641
2026/09/14 05:59:37.252, 7, 0, 78641
2026/09/14 05:59:37.752, 6, 0, 78641
2026/09/14 05:59:37.752, 7, 0, 78641
2026/09/14 05:59:38.252, 6, 0, 78641
2026/09/14 05:59:38.253, 7, 0, 78641
2026/09/14 05:59:38.753, 6, 0, 78641
2026/09/14 05:59:38.753, 7, 0, 78641
2026/09/14 05:59:39.253, 6, 0, 78641
2026/09/14 05:59:39.253, 7, 0, 78641
2026/09/14 05:59:39.753, 6, 0, 78641
2026/09/14 05:59:39.753, 7, 0, 78641
2026/09/14 05:59:40.254, 6, 0, 78641
2026/09/14 05:59:40.254, 7, 0, 78641
2026/09/14 05:59:40.754, 6, 0, 78641
2026/09/14 05:59:40.754, 7, 0, 78641
2026/09/14 05:59:41.254, 6, 0, 78641
2026/09/14 05:59:41.255, 7, 0, 78641
2026/09/14 05:59:41.755, 6, 0, 78641
2026/09/14 05:59:41.755, 7, 0, 78641
2026/09/14 05:59:42.255, 6, 0, 78641
2026/09/14 05:59:42.255, 7, 0, 78641
2026/09/14 05:59:42.755, 6, 0, 78641
2026/09/14 05:59:42.755, 7, 0, 78641
2026/09/14 05:59:43.255, 6, 0, 78641
2026/09/14 05:59:43.256, 7, 0, 78641
2026/09/14 05:59:43.756, 6, 0, 78641
2026/09/14 05:59:43.756, 7, 0, 78641
2026/09/14 05:59:44.257, 6, 2, 78641
2026/09/14 05:59:44.257, 7, 2, 78641
2026/09/14 05:59:44.757, 6, 0, 78641
2026/09/14 05:59:44.757, 7, 0, 78641
2026/09/14 05:59:45.257, 6, 0, 78641
2026/09/14 05:59:45.257, 7, 0, 78641
2026/09/14 05:59:45.757, 6, 0, 78641
2026/09/14 05:59:45.758, 7, 0, 78641
2026/09/14 05:59:46.258, 6, 30, 78641
2026/09/14 05:59:46.258, 7, 30, 78641
2026/09/14 05:59:46.758, 6, 24, 78641
2026/09/14 05:59:46.758, 7, 27, 78641
2026/09/14 05:59:47.259, 6, 0, 78641
2026/09/14 05:59:47.259, 7, 0, 78641
2026/09/14 05:59:47.759, 6, 0, 78641
2026/09/14 05:59:47.759, 7, 0, 78641
2026/09/14 05:59:48.260, 6, 0, 78641
2026/09/14 05:59:48.260, 7, 0, 78641
2026/09/14 05:59:48.760, 6, 0, 78641
2026/09/14 05:59:48.760, 7, 0, 78641
2026/09/14 05:59:49.260, 6, 0, 78641
2026/09/14 05:59:49.260, 7, 0, 78641
2026/09/14 05:59:49.761, 6, 0, 78641
2026/09/14 05:59:49.761, 7, 0, 78641
2026/09/14 05:59:50.261, 6, 0, 78641
2026/09/14 05:59:50.261, 7, 0, 78641
2026/09/14 05:59:50.761, 6, 0, 78641
2026/09/14 05:59:50.761, 7, 0, 78641
2026/09/14 05:59:51.261, 6, 0, 78641
2026/09/14 05:59:51.261, 7, 0, 78641
2026/09/14 05:59:51.761, 6, 0, 78641
2026/09/14 05:59:51.762, 7, 0, 78641
2026/09/14 05:59:52.262, 6, 0, 78641
2026/09/14 05:59:52.262, 7, 0, 78641
2026/09/14 05:59:52.762, 6, 0, 78641
2026/09/14 05:59:52.762, 7, 0, 78641
2026/09/14 05:59:53.262, 6, 0, 78641
2026/09/14 05:59:53.262, 7, 0, 78641
2026/09/14 05:59:53.762, 6, 0, 78641
2026/09/14 05:59:53.762, 7, 0, 78641
2026/09/14 05:59:54.262, 6, 0, 78641
2026/09/14 05:59:54.263, 7, 0, 78641
2026/09/14 05:59:54.763, 6, 0, 78641
2026/09/14 05:59:54.763, 7, 0, 78641
2026/09/14 05:59:55.263, 6, 0, 78641
2026/09/14 05:59:55.263, 7, 0, 78641
2026/09/14 05:59:55.763, 6, 0, 78641
2026/09/14 05:59:55.763, 7, 0, 78641
2026/09/14 05:59:56.263, 6, 0, 78641
2026/09/14 05:59:56.263, 7, 0, 78641
2026/09/14 05:59:56.763, 6, 0, 78641
2026/09/14 05:59:56.763, 7, 0, 78641
2026/09/14 05:59:57.264, 6, 0, 78641
2026/09/14 05:59:57.264, 7, 0, 78641
2026/09/14 05:59:57.764, 6, 0, 78641
2026/09/14 05:59:57.764, 7, 0, 78641
2026/09/14 05:59:58.264, 6, 0, 78641
2026/09/14 05:59:58.264, 7, 0, 78641
2026/09/14 05:59:58.765, 6, 0, 78641
2026/09/14 05:59:58.765, 7, 0, 78641
2026/09/14 05:59:59.265, 6, 0, 78641
2026/09/14 05:59:59.265, 7, 0, 78641
2026/09/14 05:59:59.765, 6, 0, 78641
2026/09/14 05:59:59.765, 7, 0, 78641
2026/09/14 06:00:00.265, 6, 0, 78641
2026/09/14 06:00:00.265, 7, 0, 78641
2026/09/14 06:00:00.765, 6, 0, 78641
2026/09/14 06:00:00.766, 7, 0, 78641
2026/09/14 06:00:01.266, 6, 0, 78641
2026/09/14 06:00:01.266, 7, 0, 78641
2026/09/14 06:00:01.766, 6, 0, 78641
2026/09/14 06:00:01.766, 7, 0, 78641
2026/09/14 06:00:02.266, 6, 0, 78641
2026/09/14 06:00:02.266, 7, 0, 78641
2026/09/14 06:00:02.766, 6, 0, 78641
2026/09/14 06:00:02.766, 7, 0, 78641
2026/09/14 06:00:03.267, 6, 11, 78641
2026/09/14 06:00:03.267, 7, 21, 78641
2026/09/14 06:00:03.767, 6, 32, 78641
2026/09/14 06:00:03.767, 7, 29, 78641
2026/09/14 06:00:04.267, 6, 0, 78641
2026/09/14 06:00:04.267, 7, 0, 78641
2026/09/14 06:00:04.767, 6, 0, 78641
2026/09/14 06:00:04.767, 7, 0, 78641
2026/09/14 06:00:05.267, 6, 0, 78641
2026/09/14 06:00:05.267, 7, 0, 78641
2026/09/14 06:00:05.768, 6, 0, 78641
2026/09/14 06:00:05.768, 7, 0, 78641
2026/09/14 06:00:06.268, 6, 0, 78641
2026/09/14 06:00:06.268, 7, 0, 78641
2026/09/14 06:00:06.768, 6, 0, 78641
2026/09/14 06:00:06.768, 7, 0, 78641
2026/09/14 06:00:07.268, 6, 0, 78641
2026/09/14 06:00:07.268, 7, 0, 78641
2026/09/14 06:00:07.768, 6, 0, 78641
2026/09/14 06:00:07.769, 7, 0, 78641
2026/09/14 06:00:08.270, 6, 0, 78641
2026/09/14 06:00:08.270, 7, 0, 78641
2026/09/14 06:00:08.771, 6, 0, 78641
2026/09/14 06:00:08.771, 7, 0, 78641
2026/09/14 06:00:09.271, 6, 0, 78641
2026/09/14 06:00:09.271, 7, 0, 78641
2026/09/14 06:00:09.771, 6, 0, 78641
2026/09/14 06:00:09.771, 7, 0, 78641
2026/09/14 06:00:10.272, 6, 0, 78641
2026/09/14 06:00:10.272, 7, 0, 78641
2026/09/14 06:00:10.772, 6, 0, 78641
2026/09/14 06:00:10.772, 7, 0, 78641
2026/09/14 06:00:11.272, 6, 0, 78641
2026/09/14 06:00:11.272, 7, 0, 78641
2026/09/14 06:00:11.772, 6, 0, 78641
2026/09/14 06:00:11.774, 7, 0, 78641
2026/09/14 06:00:12.275, 6, 21, 78641
2026/09/14 06:00:12.275, 7, 21, 78641
2026/09/14 06:00:12.775, 6, 0, 78641
2026/09/14 06:00:12.775, 7, 0, 78641
2026/09/14 06:00:13.275, 6, 0, 78641
2026/09/14 06:00:13.276, 7, 0, 78641
2026/09/14 06:00:13.776, 6, 0, 78641
2026/09/14 06:00:13.776, 7, 0, 78641
2026/09/14 06:00:14.276, 6, 0, 78641
2026/09/14 06:00:14.276, 7, 0, 78641
2026/09/14 06:00:14.776, 6, 0, 78641
2026/09/14 06:00:14.776, 7, 0, 78641
2026/09/14 06:00:15.276, 6, 0, 78641
2026/09/14 06:00:15.276, 7, 0, 78641
2026/09/14 06:00:15.777, 6, 0, 78641
2026/09/14 06:00:15.777, 7, 0, 78641
2026/09/14 06:00:16.277, 6, 9, 78641
2026/09/14 06:00:16.278, 7, 9, 78641
2026/09/14 06:00:16.778, 6, 0, 78641
2026/09/14 06:00:16.778, 7, 0, 78641
2026/09/14 06:00:17.278, 6, 12, 78641
2026/09/14 06:00:17.278, 7, 11, 78641
2026/09/14 06:00:17.778, 6, 0, 78641
2026/09/14 06:00:17.778, 7, 0, 78641
2026/09/14 06:00:18.278, 6, 0, 78641
2026/09/14 06:00:18.278, 7, 0, 78641
2026/09/14 06:00:18.778, 6, 0, 78641
2026/09/14 06:00:18.778, 7, 0, 78641
2026/09/14 06:00:19.278, 6, 0, 78641
2026/09/14 06:00:19.279, 7, 0, 78641
2026/09/14 06:00:19.779, 6, 3, 78641
2026/09/14 06:00:19.779, 7, 0, 78641
2026/09/14 06:00:20.279, 6, 3, 78641
2026/09/14 06:00:20.279, 7, 1, 78641
2026/09/14 06:00:20.779, 6, 0, 78641
2026/09/14 06:00:20.780, 7, 0, 78641
2026/09/14 06:00:21.280, 6, 23, 78641
2026/09/14 06:00:21.280, 7, 13, 78641
2026/09/14 06:00:21.780, 6, 0, 78641
2026/09/14 06:00:21.780, 7, 0, 78641
2026/09/14 06:00:22.280, 6, 0, 78641
2026/09/14 06:00:22.280, 7, 0, 78641
2026/09/14 06:00:22.781, 6, 0, 78641
2026/09/14 06:00:22.781, 7, 0, 78641
2026/09/14 06:00:23.281, 6, 0, 78641
2026/09/14 06:00:23.281, 7, 0, 78641
2026/09/14 06:00:23.781, 6, 0, 78641
2026/09/14 06:00:23.781, 7, 0, 78641
2026/09/14 06:00:24.282, 6, 0, 78641
2026/09/14 06:00:24.282, 7, 0, 78641
2026/09/14 06:00:24.782, 6, 0, 78641
2026/09/14 06:00:24.782, 7, 0, 78641
2026/09/14 06:00:25.282, 6, 0, 78641
2026/09/14 06:00:25.282, 7, 0, 78641
2026/09/14 06:00:25.782, 6, 0, 78641
2026/09/14 06:00:25.782, 7, 0, 78641
2026/09/14 06:00:26.282, 6, 0, 78641
2026/09/14 06:00:26.282, 7, 0, 78641
2026/09/14 06:00:26.782, 6, 0, 78641
2026/09/14 06:00:26.783, 7, 0, 78641
2026/09/14 06:00:27.283, 6, 0, 78641
2026/09/14 06:00:27.284, 7, 0, 78641
2026/09/14 06:00:27.784, 6, 0, 78641
2026/09/14 06:00:27.784, 7, 0, 78641
2026/09/14 06:00:28.284, 6, 0, 78641
2026/09/14 06:00:28.284, 7, 0, 78641
2026/09/14 06:00:28.784, 6, 0, 78641
2026/09/14 06:00:28.784, 7, 0, 78641
2026/09/14 06:00:29.284, 6, 0, 78641
2026/09/14 06:00:29.285, 7, 0, 78641
2026/09/14 06:00:29.785, 6, 0, 78641
2026/09/14 06:00:29.786, 7, 0, 78641
2026/09/14 06:00:30.287, 6, 2, 78641
2026/09/14 06:00:30.287, 7, 2, 78641
2026/09/14 06:00:30.787, 6, 0, 78641
2026/09/14 06:00:30.788, 7, 0, 78641
2026/09/14 06:00:31.288, 6, 0, 78641
2026/09/14 06:00:31.288, 7, 0, 78641
2026/09/14 06:00:31.788, 6, 0, 78641
2026/09/14 06:00:31.788, 7, 0, 78641
2026/09/14 06:00:32.288, 6, 30, 78641
2026/09/14 06:00:32.288, 7, 29, 78641
2026/09/14 06:00:32.789, 6, 25, 78641
2026/09/14 06:00:32.789, 7, 18, 78641
2026/09/14 06:00:33.289, 6, 0, 78641
2026/09/14 06:00:33.289, 7, 0, 78641
2026/09/14 06:00:33.789, 6, 0, 78641
2026/09/14 06:00:33.789, 7, 0, 78641
2026/09/14 06:00:34.289, 6, 0, 78641
2026/09/14 06:00:34.290, 7, 0, 78641
2026/09/14 06:00:34.790, 6, 0, 78641
2026/09/14 06:00:34.790, 7, 0, 78641
2026/09/14 06:00:35.290, 6, 0, 78641
2026/09/14 06:00:35.290, 7, 0, 78641
2026/09/14 06:00:35.790, 6, 0, 78641
2026/09/14 06:00:35.790, 7, 0, 78641
2026/09/14 06:00:36.290, 6, 0, 78641
2026/09/14 06:00:36.292, 7, 0, 78641
2026/09/14 06:00:36.792, 6, 0, 78641
2026/09/14 06:00:36.792, 7, 0, 78641
2026/09/14 06:00:37.292, 6, 0, 78641
2026/09/14 06:00:37.292, 7, 0, 78641
2026/09/14 06:00:37.792, 6, 0, 78641
2026/09/14 06:00:37.792, 7, 0, 78641
2026/09/14 06:00:38.293, 6, 0, 78641
2026/09/14 06:00:38.293, 7, 0, 78641
2026/09/14 06:00:38.793, 6, 0, 78641
2026/09/14 06:00:38.793, 7, 0, 78641
2026/09/14 06:00:39.293, 6, 0, 78641
2026/09/14 06:00:39.293, 7, 0, 78641
2026/09/14 06:00:39.793, 6, 0, 78641
2026/09/14 06:00:39.793, 7, 0, 78641
2026/09/14 06:00:40.294, 6, 0, 78641
2026/09/14 06:00:40.295, 7, 0, 78641
2026/09/14 06:00:40.796, 6, 0, 78641
2026/09/14 06:00:40.796, 7, 0, 78641
2026/09/14 06:00:41.296, 6, 0, 78641
2026/09/14 06:00:41.296, 7, 0, 78641
2026/09/14 06:00:41.796, 6, 0, 78641
2026/09/14 06:00:41.796, 7, 0, 78641
2026/09/14 06:00:42.296, 6, 0, 78641
2026/09/14 06:00:42.297, 7, 0, 78641
2026/09/14 06:00:42.797, 6, 0, 78641
2026/09/14 06:00:42.799, 7, 0, 78641
2026/09/14 06:00:43.299, 6, 0, 78641
2026/09/14 06:00:43.299, 7, 0, 78641
2026/09/14 06:00:43.799, 6, 0, 78641
2026/09/14 06:00:43.799, 7, 0, 78641
2026/09/14 06:00:44.299, 6, 0, 78641
2026/09/14 06:00:44.299, 7, 0, 78641
2026/09/14 06:00:44.799, 6, 0, 78641
2026/09/14 06:00:44.799, 7, 0, 78641
2026/09/14 06:00:45.299, 6, 0, 78641
2026/09/14 06:00:45.300, 7, 0, 78641
2026/09/14 06:00:45.800, 6, 0, 78641
2026/09/14 06:00:45.800, 7, 0, 78641
2026/09/14 06:00:46.301, 6, 0, 78641
2026/09/14 06:00:46.301, 7, 0, 78641
2026/09/14 06:00:46.801, 6, 0, 78641
2026/09/14 06:00:46.801, 7, 0, 78641
2026/09/14 06:00:47.302, 6, 0, 78641
2026/09/14 06:00:47.302, 7, 0, 78641
2026/09/14 06:00:47.802, 6, 0, 78641
2026/09/14 06:00:47.802, 7, 0, 78641
2026/09/14 06:00:48.302, 6, 0, 78641
2026/09/14 06:00:48.302, 7, 0, 78641
2026/09/14 06:00:48.802, 6, 0, 78641
2026/09/14 06:00:48.802, 7, 0, 78641
2026/09/14 06:00:49.303, 6, 0, 78641
2026/09/14 06:00:49.303, 7, 0, 78641
2026/09/14 06:00:49.803, 6, 0, 78641
2026/09/14 06:00:49.803, 7, 0, 78641
2026/09/14 06:00:50.303, 6, 0, 78641
2026/09/14 06:00:50.303, 7, 0, 78641
2026/09/14 06:00:50.803, 6, 11, 78641
2026/09/14 06:00:50.803, 7, 11, 78641
2026/09/14 06:00:51.303, 6, 11, 78641
2026/09/14 06:00:51.303, 7, 11, 78641
2026/09/14 06:00:51.803, 6, 11, 78641
2026/09/14 06:00:51.804, 7, 11, 78641
2026/09/14 06:00:52.304, 6, 11, 78641
2026/09/14 06:00:52.304, 7, 11, 78641
2026/09/14 06:00:52.804, 6, 0, 78641
2026/09/14 06:00:52.804, 7, 0, 78641
2026/09/14 06:00:53.304, 6, 0, 78641
2026/09/14 06:00:53.305, 7, 0, 78641
2026/09/14 06:00:53.805, 6, 0, 78641
2026/09/14 06:00:53.805, 7, 0, 78641
2026/09/14 06:00:54.305, 6, 0, 78641
2026/09/14 06:00:54.305, 7, 0, 78641
2026/09/14 06:00:54.805, 6, 0, 78641
2026/09/14 06:00:54.805, 7, 0, 78641
2026/09/14 06:00:55.305, 6, 0, 78641
2026/09/14 06:00:55.306, 7, 0, 78641
2026/09/14 06:00:55.806, 6, 0, 78641
2026/09/14 06:00:55.806, 7, 0, 78641
2026/09/14 06:00:56.307, 6, 0, 78641
2026/09/14 06:00:56.307, 7, 0, 78641
2026/09/14 06:00:56.807, 6, 0, 78641
2026/09/14 06:00:56.807, 7, 0, 78641
2026/09/14 06:00:57.307, 6, 0, 78641
2026/09/14 06:00:57.307, 7, 0, 78641
2026/09/14 06:00:57.807, 6, 0, 78641
2026/09/14 06:00:57.808, 7, 0, 78641
2026/09/14 06:00:58.308, 6, 0, 78641
2026/09/14 06:00:58.308, 7, 0, 78641
2026/09/14 06:00:58.808, 6, 0, 78641
2026/09/14 06:00:58.808, 7, 0, 78641
2026/09/14 06:00:59.308, 6, 0, 78641
2026/09/14 06:00:59.308, 7, 0, 78641
2026/09/14 06:00:59.808, 6, 0, 78641
2026/09/14 06:00:59.808, 7, 0, 78641
2026/09/14 06:01:00.309, 6, 0, 78641
2026/09/14 06:01:00.309, 7, 0, 78641
2026/09/14 06:01:00.809, 6, 0, 78641
2026/09/14 06:01:00.809, 7, 0, 78641
2026/09/14 06:01:01.309, 6, 0, 78641
2026/09/14 06:01:01.309, 7, 0, 78641
2026/09/14 06:01:01.809, 6, 0, 78641
2026/09/14 06:01:01.809, 7, 0, 78641
2026/09/14 06:01:02.309, 6, 0, 78641
2026/09/14 06:01:02.309, 7, 0, 78641
2026/09/14 06:01:02.809, 6, 0, 78641
2026/09/14 06:01:02.810, 7, 0, 78641
2026/09/14 06:01:03.310, 6, 0, 78641
2026/09/14 06:01:03.310, 7, 0, 78641
2026/09/14 06:01:03.810, 6, 0, 78641
2026/09/14 06:01:03.810, 7, 0, 78641
2026/09/14 06:01:04.310, 6, 11, 78641
2026/09/14 06:01:04.311, 7, 11, 78641
2026/09/14 06:01:04.811, 6, 0, 78641
2026/09/14 06:01:04.811, 7, 0, 78641
2026/09/14 06:01:05.311, 6, 0, 78641
2026/09/14 06:01:05.311, 7, 0, 78641
2026/09/14 06:01:05.811, 6, 0, 78641
2026/09/14 06:01:05.811, 7, 0, 78641
2026/09/14 06:01:06.311, 6, 0, 78641
2026/09/14 06:01:06.311, 7, 0, 78641
2026/09/14 06:01:06.812, 6, 0, 78641
2026/09/14 06:01:06.812, 7, 0, 78641
2026/09/14 06:01:07.312, 6, 0, 78641
2026/09/14 06:01:07.312, 7, 0, 78641
2026/09/14 06:01:07.812, 6, 1, 78641
2026/09/14 06:01:07.812, 7, 1, 78641
2026/09/14 06:01:08.312, 6, 0, 78641
2026/09/14 06:01:08.312, 7, 0, 78641
2026/09/14 06:01:08.812, 6, 0, 78641
2026/09/14 06:01:08.813, 7, 0, 78641
2026/09/14 06:01:09.313, 6, 0, 78641
2026/09/14 06:01:09.313, 7, 0, 78641
2026/09/14 06:01:09.813, 6, 0, 78641
2026/09/14 06:01:09.813, 7, 0, 78641
2026/09/14 06:01:10.313, 6, 0, 78641
2026/09/14 06:01:10.313, 7, 0, 78641
2026/09/14 06:01:10.813, 6, 0, 78641
2026/09/14 06:01:10.813, 7, 1, 78641
2026/09/14 06:01:11.314, 6, 99, 78641
2026/09/14 06:01:11.347, 7, 99, 78641
2026/09/14 06:01:11.848, 6, 100, 78641
2026/09/14 06:01:11.848, 7, 100, 78641
2026/09/14 06:01:12.348, 6, 100, 78641
2026/09/14 06:01:12.348, 7, 100, 78641
2026/09/14 06:01:12.848, 6, 14, 78641
2026/09/14 06:01:12.848, 7, 12, 78641
2026/09/14 06:01:13.349, 6, 0, 78641
2026/09/14 06:01:13.349, 7, 0, 78641
2026/09/14 06:01:13.849, 6, 0, 78641
2026/09/14 06:01:13.849, 7, 0, 78641
2026/09/14 06:01:14.349, 6, 0, 78641
2026/09/14 06:01:14.349, 7, 0, 78641
2026/09/14 06:01:14.849, 6, 0, 78641
2026/09/14 06:01:14.849, 7, 0, 78641
2026/09/14 06:01:15.349, 6, 3, 78641
2026/09/14 06:01:15.350, 7, 3, 78641
2026/09/14 06:01:15.850, 6, 3, 78641
2026/09/14 06:01:15.850, 7, 3, 78641
2026/09/14 06:01:16.350, 6, 0, 78641
2026/09/14 06:01:16.350, 7, 0, 78641
2026/09/14 06:01:16.851, 6, 29, 78641
2026/09/14 06:01:16.851, 7, 30, 78641
2026/09/14 06:01:17.351, 6, 0, 78641
2026/09/14 06:01:17.351, 7, 0, 78641
2026/09/14 06:01:17.851, 6, 0, 78641
2026/09/14 06:01:17.851, 7, 0, 78641
2026/09/14 06:01:18.351, 6, 0, 78641
2026/09/14 06:01:18.351, 7, 0, 78641
2026/09/14 06:01:18.851, 6, 0, 78641
2026/09/14 06:01:18.852, 7, 0, 78641
2026/09/14 06:01:19.353, 6, 0, 78641
2026/09/14 06:01:19.353, 7, 0, 78641
2026/09/14 06:01:19.853, 6, 0, 78641
2026/09/14 06:01:19.853, 7, 0, 78641
2026/09/14 06:01:20.353, 6, 0, 78641
2026/09/14 06:01:20.353, 7, 0, 78641
2026/09/14 06:01:20.854, 6, 0, 78641
2026/09/14 06:01:20.854, 7, 0, 78641
2026/09/14 06:01:21.354, 6, 0, 78641
2026/09/14 06:01:21.354, 7, 0, 78641
2026/09/14 06:01:21.854, 6, 0, 78641
2026/09/14 06:01:21.854, 7, 0, 78641
2026/09/14 06:01:22.354, 6, 0, 78641
2026/09/14 06:01:22.354, 7, 0, 78641
2026/09/14 06:01:22.854, 6, 0, 78641
2026/09/14 06:01:22.854, 7, 0, 78641
2026/09/14 06:01:23.355, 6, 0, 78641
2026/09/14 06:01:23.355, 7, 0, 78641
2026/09/14 06:01:23.856, 6, 0, 78641
2026/09/14 06:01:23.856, 7, 0, 78641
2026/09/14 06:01:24.356, 6, 12, 78641
2026/09/14 06:01:24.356, 7, 10, 78641
2026/09/14 06:01:24.856, 6, 0, 78641
2026/09/14 06:01:24.857, 7, 0, 78641
2026/09/14 06:01:25.357, 6, 6, 78641
2026/09/14 06:01:25.358, 7, 6, 78641
2026/09/14 06:01:25.858, 6, 3, 78641
2026/09/14 06:01:25.858, 7, 3, 78641
2026/09/14 06:01:26.358, 6, 12, 78641
2026/09/14 06:01:26.358, 7, 12, 78641
2026/09/14 06:01:26.858, 6, 0, 78641
2026/09/14 06:01:26.858, 7, 0, 78641
2026/09/14 06:01:27.359, 6, 6, 78641
2026/09/14 06:01:27.360, 7, 6, 78641
2026/09/14 06:01:27.860, 6, 14, 78641
2026/09/14 06:01:27.861, 7, 21, 78641
2026/09/14 06:01:28.361, 6, 30, 78641
2026/09/14 06:01:28.361, 7, 30, 78641
2026/09/14 06:01:28.861, 6, 26, 78641
2026/09/14 06:01:28.861, 7, 18, 78641
2026/09/14 06:01:29.361, 6, 0, 78641
2026/09/14 06:01:29.361, 7, 0, 78641
2026/09/14 06:01:29.862, 6, 0, 78641
2026/09/14 06:01:29.862, 7, 0, 78641
2026/09/14 06:01:30.362, 6, 0, 78641
2026/09/14 06:01:30.362, 7, 0, 78641
2026/09/14 06:01:30.862, 6, 0, 78641
2026/09/14 06:01:30.862, 7, 0, 78641
2026/09/14 06:01:31.362, 6, 0, 78641
2026/09/14 06:01:31.363, 7, 0, 78641
2026/09/14 06:01:31.863, 6, 0, 78641
2026/09/14 06:01:31.864, 7, 0, 78641
2026/09/14 06:01:32.364, 6, 0, 78641
2026/09/14 06:01:32.364, 7, 0, 78641
2026/09/14 06:01:32.864, 6, 0, 78641
2026/09/14 06:01:32.864, 7, 0, 78641
2026/09/14 06:01:33.364, 6, 0, 78641
2026/09/14 06:01:33.364, 7, 0, 78641
2026/09/14 06:01:33.865, 6, 0, 78641
2026/09/14 06:01:33.865, 7, 0, 78641
2026/09/14 06:01:34.365, 6, 0, 78641
2026/09/14 06:01:34.365, 7, 0, 78641
2026/09/14 06:01:34.868, 6, 0, 78641
2026/09/14 06:01:34.868, 7, 0, 78641
2026/09/14 06:01:35.368, 6, 0, 78641
2026/09/14 06:01:35.368, 7, 0, 78641
2026/09/14 06:01:35.869, 6, 0, 78641
2026/09/14 06:01:35.869, 7, 0, 78641
2026/09/14 06:01:36.369, 6, 0, 78641
2026/09/14 06:01:36.369, 7, 0, 78641
2026/09/14 06:01:36.869, 6, 0, 78641
2026/09/14 06:01:36.869, 7, 0, 78641
2026/09/14 06:01:37.369, 6, 0, 78641
2026/09/14 06:01:37.369, 7, 0, 78641
2026/09/14 06:01:37.870, 6, 0, 78641
2026/09/14 06:01:37.870, 7, 0, 78641
2026/09/14 06:01:38.370, 6, 0, 78641
2026/09/14 06:01:38.370, 7, 0, 78641
2026/09/14 06:01:38.870, 6, 0, 78641
2026/09/14 06:01:38.870, 7, 0, 78641
2026/09/14 06:01:39.370, 6, 0, 78641
2026/09/14 06:01:39.371, 7, 0, 78641
2026/09/14 06:01:39.871, 6, 0, 78641
2026/09/14 06:01:39.871, 7, 0, 78641
2026/09/14 06:01:40.371, 6, 0, 78641
2026/09/14 06:01:40.371, 7, 0, 78641
2026/09/14 06:01:40.871, 6, 0, 78641
2026/09/14 06:01:40.871, 7, 0, 78641
2026/09/14 06:01:41.371, 6, 0, 78641
2026/09/14 06:01:41.371, 7, 0, 78641
2026/09/14 06:01:41.871, 6, 0, 78641
2026/09/14 06:01:41.872, 7, 0, 78641
2026/09/14 06:01:42.372, 6, 0, 78641
2026/09/14 06:01:42.372, 7, 0, 78641
2026/09/14 06:01:42.872, 6, 0, 78641
2026/09/14 06:01:42.872, 7, 0, 78641
2026/09/14 06:01:43.372, 6, 0, 78641
2026/09/14 06:01:43.373, 7, 0, 78641
2026/09/14 06:01:43.873, 6, 0, 78641
2026/09/14 06:01:43.873, 7, 0, 78641
2026/09/14 06:01:44.374, 6, 0, 78641
2026/09/14 06:01:44.374, 7, 0, 78641
2026/09/14 06:01:44.874, 6, 0, 78641
2026/09/14 06:01:44.874, 7, 0, 78641
2026/09/14 06:01:45.374, 6, 0, 78641
2026/09/14 06:01:45.375, 7, 0, 78641
2026/09/14 06:01:45.875, 6, 29, 78641
2026/09/14 06:01:45.875, 7, 29, 78641
2026/09/14 06:01:46.375, 6, 0, 78641
2026/09/14 06:01:46.376, 7, 0, 78641
2026/09/14 06:01:46.876, 6, 0, 78641
2026/09/14 06:01:46.876, 7, 0, 78641
2026/09/14 06:01:47.376, 6, 0, 78641
2026/09/14 06:01:47.376, 7, 0, 78641
2026/09/14 06:01:47.876, 6, 0, 78641
2026/09/14 06:01:47.877, 7, 0, 78641
2026/09/14 06:01:48.378, 6, 0, 78641
2026/09/14 06:01:48.378, 7, 0, 78641
2026/09/14 06:01:48.879, 6, 0, 78641
2026/09/14 06:01:48.879, 7, 0, 78641
2026/09/14 06:01:49.379, 6, 0, 78641
2026/09/14 06:01:49.379, 7, 0, 78641
2026/09/14 06:01:49.879, 6, 0, 78641
2026/09/14 06:01:49.879, 7, 0, 78641
2026/09/14 06:01:50.379, 6, 0, 78641
2026/09/14 06:01:50.379, 7, 0, 78641
2026/09/14 06:01:50.880, 6, 0, 78641
2026/09/14 06:01:50.880, 7, 0, 78641
2026/09/14 06:01:51.380, 6, 0, 78641
2026/09/14 06:01:51.380, 7, 0, 78641
2026/09/14 06:01:51.880, 6, 0, 78641
2026/09/14 06:01:51.880, 7, 0, 78641
2026/09/14 06:01:52.381, 6, 0, 78641
2026/09/14 06:01:52.381, 7, 0, 78641
2026/09/14 06:01:52.881, 6, 0, 78641
2026/09/14 06:01:52.881, 7, 0, 78641
2026/09/14 06:01:53.381, 6, 0, 78641
2026/09/14 06:01:53.381, 7, 0, 78641
2026/09/14 06:01:53.881, 6, 0, 78641
2026/09/14 06:01:53.881, 7, 0, 78641
2026/09/14 06:01:54.382, 6, 11, 78641
2026/09/14 06:01:54.382, 7, 11, 78641
2026/09/14 06:01:54.882, 6, 0, 78641
2026/09/14 06:01:54.882, 7, 0, 78641
2026/09/14 06:01:55.382, 6, 0, 78641
2026/09/14 06:01:55.382, 7, 0, 78641
2026/09/14 06:01:55.882, 6, 0, 78641
2026/09/14 06:01:55.882, 7, 0, 78641
2026/09/14 06:01:56.383, 6, 0, 78641
2026/09/14 06:01:56.383, 7, 0, 78641
2026/09/14 06:01:56.883, 6, 0, 78641
2026/09/14 06:01:56.883, 7, 0, 78641
2026/09/14 06:01:57.383, 6, 0, 78641
2026/09/14 06:01:57.383, 7, 0, 78641
2026/09/14 06:01:57.883, 6, 0, 78641
2026/09/14 06:01:57.883, 7, 0, 78641
2026/09/14 06:01:58.383, 6, 0, 78641
2026/09/14 06:01:58.383, 7, 0, 78641
2026/09/14 06:01:58.884, 6, 0, 78641
2026/09/14 06:01:58.884, 7, 0, 78641
2026/09/14 06:01:59.384, 6, 1, 78641
2026/09/14 06:01:59.384, 7, 1, 78641
2026/09/14 06:01:59.884, 6, 29, 78641
2026/09/14 06:01:59.884, 7, 28, 78641
2026/09/14 06:02:00.384, 6, 0, 78641
2026/09/14 06:02:00.384, 7, 0, 78641
2026/09/14 06:02:00.884, 6, 0, 78641
2026/09/14 06:02:00.885, 7, 0, 78641
2026/09/14 06:02:01.385, 6, 0, 78641
2026/09/14 06:02:01.385, 7, 0, 78641
2026/09/14 06:02:01.885, 6, 0, 78641
2026/09/14 06:02:01.885, 7, 0, 78641
2026/09/14 06:02:02.385, 6, 0, 78641
2026/09/14 06:02:02.385, 7, 0, 78641
2026/09/14 06:02:02.885, 6, 0, 78641
2026/09/14 06:02:02.885, 7, 0, 78641
2026/09/14 06:02:03.386, 6, 0, 78641
2026/09/14 06:02:03.386, 7, 0, 78641
2026/09/14 06:02:03.886, 6, 0, 78641
2026/09/14 06:02:03.886, 7, 0, 78641
2026/09/14 06:02:04.386, 6, 0, 78641
2026/09/14 06:02:04.386, 7, 0, 78641
2026/09/14 06:02:04.886, 6, 0, 78641
2026/09/14 06:02:04.886, 7, 0, 78641
2026/09/14 06:02:05.386, 6, 0, 78641
2026/09/14 06:02:05.386, 7, 0, 78641
2026/09/14 06:02:05.887, 6, 0, 78641
2026/09/14 06:02:05.887, 7, 0, 78641
2026/09/14 06:02:06.387, 6, 0, 78641
2026/09/14 06:02:06.387, 7, 0, 78641
2026/09/14 06:02:06.888, 6, 0, 78641
2026/09/14 06:02:06.889, 7, 0, 78641
2026/09/14 06:02:07.389, 6, 0, 78641
2026/09/14 06:02:07.390, 7, 0, 78641
2026/09/14 06:02:07.890, 6, 0, 78641
2026/09/14 06:02:07.890, 7, 0, 78641
2026/09/14 06:02:08.390, 6, 0, 78641
2026/09/14 06:02:08.390, 7, 0, 78641
2026/09/14 06:02:08.890, 6, 2, 78641
2026/09/14 06:02:08.890, 7, 2, 78641
2026/09/14 06:02:09.390, 6, 0, 78641
2026/09/14 06:02:09.390, 7, 0, 78641
2026/09/14 06:02:09.890, 6, 0, 78641
2026/09/14 06:02:09.892, 7, 0, 78641
2026/09/14 06:02:10.393, 6, 0, 78641
2026/09/14 06:02:10.393, 7, 0, 78641
2026/09/14 06:02:10.893, 6, 30, 78641
2026/09/14 06:02:10.893, 7, 30, 78641
2026/09/14 06:02:11.394, 6, 31, 78641
2026/09/14 06:02:11.394, 7, 27, 78641
2026/09/14 06:02:11.894, 6, 11, 78641
2026/09/14 06:02:11.894, 7, 9, 78641
2026/09/14 06:02:12.394, 6, 0, 78641
2026/09/14 06:02:12.395, 7, 0, 78641
2026/09/14 06:02:12.895, 6, 0, 78641
2026/09/14 06:02:12.895, 7, 0, 78641
2026/09/14 06:02:13.395, 6, 0, 78641
2026/09/14 06:02:13.395, 7, 0, 78641
2026/09/14 06:02:13.896, 6, 0, 78641
2026/09/14 06:02:13.896, 7, 0, 78641
2026/09/14 06:02:14.397, 6, 0, 78641
2026/09/14 06:02:14.397, 7, 0, 78641
2026/09/14 06:02:14.897, 6, 0, 78641
2026/09/14 06:02:14.897, 7, 0, 78641
2026/09/14 06:02:15.397, 6, 0, 78641
2026/09/14 06:02:15.397, 7, 0, 78641
2026/09/14 06:02:15.897, 6, 0, 78641
2026/09/14 06:02:15.897, 7, 0, 78641
2026/09/14 06:02:16.397, 6, 0, 78641
2026/09/14 06:02:16.397, 7, 0, 78641
2026/09/14 06:02:16.897, 6, 0, 78641
2026/09/14 06:02:16.898, 7, 0, 78641
2026/09/14 06:02:17.398, 6, 0, 78641
2026/09/14 06:02:17.398, 7, 0, 78641
2026/09/14 06:02:17.898, 6, 0, 78641
2026/09/14 06:02:17.898, 7, 0, 78641
2026/09/14 06:02:18.398, 6, 0, 78641
2026/09/14 06:02:18.398, 7, 0, 78641
2026/09/14 06:02:18.898, 6, 0, 78641
2026/09/14 06:02:18.898, 7, 0, 78641
2026/09/14 06:02:19.398, 6, 0, 78641
2026/09/14 06:02:19.398, 7, 0, 78641
2026/09/14 06:02:19.899, 6, 0, 78641
2026/09/14 06:02:19.899, 7, 0, 78641
2026/09/14 06:02:20.399, 6, 0, 78641
2026/09/14 06:02:20.399, 7, 0, 78641
2026/09/14 06:02:20.899, 6, 0, 78641
2026/09/14 06:02:20.899, 7, 0, 78641
2026/09/14 06:02:21.399, 6, 0, 78641
2026/09/14 06:02:21.399, 7, 0, 78641
2026/09/14 06:02:21.900, 6, 0, 78641
2026/09/14 06:02:21.900, 7, 0, 78641
2026/09/14 06:02:22.400, 6, 0, 78641
2026/09/14 06:02:22.400, 7, 0, 78641
2026/09/14 06:02:22.900, 6, 0, 78641
2026/09/14 06:02:22.900, 7, 0, 78641
2026/09/14 06:02:23.400, 6, 0, 78641
2026/09/14 06:02:23.401, 7, 0, 78641
2026/09/14 06:02:23.903, 6, 0, 78641
2026/09/14 06:02:23.903, 7, 0, 78641
2026/09/14 06:02:24.403, 6, 0, 78641
2026/09/14 06:02:24.403, 7, 0, 78641
2026/09/14 06:02:24.903, 6, 0, 78641
2026/09/14 06:02:24.903, 7, 0, 78641
2026/09/14 06:02:25.403, 6, 0, 78641
2026/09/14 06:02:25.403, 7, 0, 78641
2026/09/14 06:02:25.904, 6, 0, 78641
2026/09/14 06:02:25.904, 7, 0, 78641
2026/09/14 06:02:26.404, 6, 0, 78641
2026/09/14 06:02:26.404, 7, 0, 78641
2026/09/14 06:02:26.904, 6, 0, 78641
2026/09/14 06:02:26.904, 7, 0, 78641
2026/09/14 06:02:27.404, 6, 0, 78641
2026/09/14 06:02:27.404, 7, 0, 78641
2026/09/14 06:02:27.904, 6, 0, 78641
2026/09/14 06:02:27.905, 7, 0, 78641
2026/09/14 06:02:28.405, 6, 29, 78641
2026/09/14 06:02:28.405, 7, 32, 78641
2026/09/14 06:02:28.905, 6, 0, 78641
2026/09/14 06:02:28.905, 7, 0, 78641
2026/09/14 06:02:29.406, 6, 0, 78641
2026/09/14 06:02:29.406, 7, 0, 78641
2026/09/14 06:02:29.907, 6, 0, 78641
2026/09/14 06:02:29.907, 7, 0, 78641
2026/09/14 06:02:30.407, 6, 0, 78641
2026/09/14 06:02:30.407, 7, 0, 78641
2026/09/14 06:02:30.907, 6, 0, 78641
2026/09/14 06:02:30.908, 7, 0, 78641
2026/09/14 06:02:31.408, 6, 0, 78641
2026/09/14 06:02:31.408, 7, 0, 78641
2026/09/14 06:02:31.908, 6, 0, 78641
2026/09/14 06:02:31.908, 7, 0, 78641
2026/09/14 06:02:32.408, 6, 0, 78641
2026/09/14 06:02:32.408, 7, 0, 78641
2026/09/14 06:02:32.908, 6, 0, 78641
2026/09/14 06:02:32.908, 7, 0, 78641
2026/09/14 06:02:33.409, 6, 0, 78641
2026/09/14 06:02:33.409, 7, 0, 78641
2026/09/14 06:02:33.909, 6, 0, 78641
2026/09/14 06:02:33.909, 7, 0, 78641
2026/09/14 06:02:34.409, 6, 0, 78641
2026/09/14 06:02:34.409, 7, 0, 78641
2026/09/14 06:02:34.909, 6, 0, 78641
2026/09/14 06:02:34.909, 7, 0, 78641
2026/09/14 06:02:35.409, 6, 0, 78641
2026/09/14 06:02:35.409, 7, 0, 78641
2026/09/14 06:02:35.909, 6, 0, 78641
2026/09/14 06:02:35.910, 7, 0, 78641
2026/09/14 06:02:36.410, 6, 0, 78641
2026/09/14 06:02:36.410, 7, 0, 78641
2026/09/14 06:02:36.910, 6, 24, 78641
2026/09/14 06:02:36.910, 7, 24, 78641
2026/09/14 06:02:37.410, 6, 0, 78641
2026/09/14 06:02:37.411, 7, 0, 78641
2026/09/14 06:02:37.911, 6, 0, 78641
2026/09/14 06:02:37.911, 7, 0, 78641
2026/09/14 06:02:38.412, 6, 0, 78641
2026/09/14 06:02:38.412, 7, 0, 78641
2026/09/14 06:02:38.912, 6, 0, 78641
2026/09/14 06:02:38.912, 7, 11, 78641
2026/09/14 06:02:39.412, 6, 0, 78641
2026/09/14 06:02:39.413, 7, 0, 78641
2026/09/14 06:02:39.913, 6, 0, 78641
2026/09/14 06:02:39.913, 7, 0, 78641
2026/09/14 06:02:40.413, 6, 0, 78641
2026/09/14 06:02:40.413, 7, 0, 78641
2026/09/14 06:02:40.913, 6, 9, 78641
2026/09/14 06:02:40.913, 7, 9, 78641
2026/09/14 06:02:41.413, 6, 0, 78641
2026/09/14 06:02:41.415, 7, 0, 78641
2026/09/14 06:02:41.915, 6, 29, 78641
2026/09/14 06:02:41.915, 7, 31, 78641
2026/09/14 06:02:42.415, 6, 0, 78641
2026/09/14 06:02:42.416, 7, 0, 78641
2026/09/14 06:02:42.916, 6, 0, 78641
2026/09/14 06:02:42.916, 7, 0, 78641
2026/09/14 06:02:43.416, 6, 0, 78641
2026/09/14 06:02:43.416, 7, 0, 78641
2026/09/14 06:02:43.916, 6, 0, 78641
2026/09/14 06:02:43.917, 7, 0, 78641
2026/09/14 06:02:44.417, 6, 0, 78641
2026/09/14 06:02:44.417, 7, 0, 78641
2026/09/14 06:02:44.917, 6, 0, 78641
2026/09/14 06:02:44.918, 7, 0, 78641
2026/09/14 06:02:45.418, 6, 0, 78641
2026/09/14 06:02:45.418, 7, 0, 78641
2026/09/14 06:02:45.919, 6, 0, 78641
2026/09/14 06:02:45.919, 7, 0, 78641
2026/09/14 06:02:46.419, 6, 0, 78641
2026/09/14 06:02:46.419, 7, 0, 78641
2026/09/14 06:02:46.919, 6, 0, 78641
2026/09/14 06:02:46.919, 7, 0, 78641
2026/09/14 06:02:47.419, 6, 0, 78641
2026/09/14 06:02:47.419, 7, 0, 78641
2026/09/14 06:02:47.919, 6, 0, 78641
2026/09/14 06:02:47.920, 7, 0, 78641
2026/09/14 06:02:48.420, 6, 0, 78641
2026/09/14 06:02:48.420, 7, 0, 78641
2026/09/14 06:02:48.920, 6, 0, 78641
2026/09/14 06:02:48.920, 7, 0, 78641
2026/09/14 06:02:49.420, 6, 12, 78641
2026/09/14 06:02:49.420, 7, 12, 78641
2026/09/14 06:02:49.921, 6, 0, 78641
2026/09/14 06:02:49.921, 7, 0, 78641
2026/09/14 06:02:50.421, 6, 6, 78641
2026/09/14 06:02:50.421, 7, 6, 78641
2026/09/14 06:02:50.921, 6, 0, 78641
2026/09/14 06:02:50.921, 7, 0, 78641
2026/09/14 06:02:51.421, 6, 12, 78641
2026/09/14 06:02:51.421, 7, 12, 78641
2026/09/14 06:02:51.921, 6, 0, 78641
2026/09/14 06:02:51.922, 7, 0, 78641
2026/09/14 06:02:52.423, 6, 0, 78641
2026/09/14 06:02:52.423, 7, 6, 78641
2026/09/14 06:02:52.923, 6, 0, 78641
2026/09/14 06:02:52.923, 7, 0, 78641
2026/09/14 06:02:53.423, 6, 29, 78641
2026/09/14 06:02:53.423, 7, 30, 78641
2026/09/14 06:02:53.923, 6, 20, 78641
2026/09/14 06:02:53.923, 7, 15, 78641
2026/09/14 06:02:54.423, 6, 0, 78641
2026/09/14 06:02:54.424, 7, 0, 78641
2026/09/14 06:02:54.924, 6, 0, 78641
2026/09/14 06:02:54.924, 7, 0, 78641
2026/09/14 06:02:55.424, 6, 0, 78641
2026/09/14 06:02:55.424, 7, 0, 78641
2026/09/14 06:02:55.924, 6, 0, 78641
2026/09/14 06:02:55.924, 7, 0, 78641
2026/09/14 06:02:56.425, 6, 0, 78641
2026/09/14 06:02:56.425, 7, 0, 78641
2026/09/14 06:02:56.925, 6, 0, 78641
2026/09/14 06:02:56.925, 7, 0, 78641
2026/09/14 06:02:57.425, 6, 0, 78641
2026/09/14 06:02:57.425, 7, 0, 78641
2026/09/14 06:02:57.925, 6, 0, 78641
2026/09/14 06:02:57.925, 7, 0, 78641
2026/09/14 06:02:58.425, 6, 0, 78641
2026/09/14 06:02:58.425, 7, 0, 78641
2026/09/14 06:02:58.926, 6, 0, 78641
2026/09/14 06:02:58.926, 7, 0, 78641
2026/09/14 06:02:59.426, 6, 0, 78641
2026/09/14 06:02:59.426, 7, 0, 78641
2026/09/14 06:02:59.927, 6, 0, 78641
2026/09/14 06:02:59.927, 7, 0, 78641
2026/09/14 06:03:00.428, 6, 0, 78641
2026/09/14 06:03:00.428, 7, 0, 78641
2026/09/14 06:03:00.928, 6, 0, 78641
2026/09/14 06:03:00.928, 7, 0, 78641
2026/09/14 06:03:01.429, 6, 0, 78641
2026/09/14 06:03:01.429, 7, 0, 78641
2026/09/14 06:03:01.929, 6, 0, 78641
2026/09/14 06:03:01.929, 7, 0, 78641
2026/09/14 06:03:02.429, 6, 0, 78641
2026/09/14 06:03:02.429, 7, 0, 78641
2026/09/14 06:03:02.929, 6, 0, 78641
2026/09/14 06:03:02.930, 7, 0, 78641
2026/09/14 06:03:03.431, 6, 0, 78641
2026/09/14 06:03:03.431, 7, 0, 78641
2026/09/14 06:03:03.931, 6, 0, 78641
2026/09/14 06:03:03.932, 7, 0, 78641
2026/09/14 06:03:04.433, 6, 0, 78641
2026/09/14 06:03:04.433, 7, 0, 78641
2026/09/14 06:03:04.933, 6, 0, 78641
2026/09/14 06:03:04.933, 7, 0, 78641
2026/09/14 06:03:05.433, 6, 0, 78641
2026/09/14 06:03:05.433, 7, 0, 78641
2026/09/14 06:03:05.933, 6, 0, 78641
2026/09/14 06:03:05.933, 7, 0, 78641
2026/09/14 06:03:06.434, 6, 0, 78641
2026/09/14 06:03:06.434, 7, 0, 78641
2026/09/14 06:03:06.934, 6, 0, 78641
2026/09/14 06:03:06.934, 7, 0, 78641
2026/09/14 06:03:07.434, 6, 0, 78641
2026/09/14 06:03:07.434, 7, 0, 78641
2026/09/14 06:03:07.934, 6, 0, 78641
2026/09/14 06:03:07.934, 7, 0, 78641
2026/09/14 06:03:08.434, 6, 0, 78641
2026/09/14 06:03:08.434, 7, 0, 78641
2026/09/14 06:03:08.934, 6, 0, 78641
2026/09/14 06:03:08.935, 7, 0, 78641
2026/09/14 06:03:09.435, 6, 0, 78641
2026/09/14 06:03:09.435, 7, 0, 78641
2026/09/14 06:03:09.935, 6, 0, 78641
2026/09/14 06:03:09.935, 7, 0, 78641
2026/09/14 06:03:10.435, 6, 0, 78641
2026/09/14 06:03:10.435, 7, 0, 78641
2026/09/14 06:03:10.935, 6, 0, 78641
2026/09/14 06:03:10.935, 7, 0, 78641
2026/09/14 06:03:11.435, 6, 25, 78641
2026/09/14 06:03:11.435, 7, 21, 78641
2026/09/14 06:03:11.936, 6, 0, 78641
2026/09/14 06:03:11.936, 7, 0, 78641
2026/09/14 06:03:12.436, 6, 0, 78641
2026/09/14 06:03:12.436, 7, 0, 78641
2026/09/14 06:03:12.936, 6, 0, 78641
2026/09/14 06:03:12.936, 7, 0, 78641
2026/09/14 06:03:13.436, 6, 0, 78641
2026/09/14 06:03:13.437, 7, 0, 78641
2026/09/14 06:03:13.937, 6, 0, 78641
2026/09/14 06:03:13.937, 7, 0, 78641
2026/09/14 06:03:14.437, 6, 0, 78641
2026/09/14 06:03:14.438, 7, 0, 78641
2026/09/14 06:03:14.938, 6, 0, 78641
2026/09/14 06:03:14.938, 7, 0, 78641
2026/09/14 06:03:15.438, 6, 0, 78641
2026/09/14 06:03:15.438, 7, 0, 78641
2026/09/14 06:03:15.938, 6, 0, 78641
2026/09/14 06:03:15.938, 7, 0, 78641
2026/09/14 06:03:16.438, 6, 0, 78641
2026/09/14 06:03:16.438, 7, 0, 78641
2026/09/14 06:03:16.938, 6, 0, 78641
2026/09/14 06:03:16.939, 7, 0, 78641
2026/09/14 06:03:17.439, 6, 0, 78641
2026/09/14 06:03:17.439, 7, 0, 78641
2026/09/14 06:03:17.939, 6, 0, 78641
2026/09/14 06:03:17.939, 7, 0, 78641
2026/09/14 06:03:18.439, 6, 0, 78641
2026/09/14 06:03:18.440, 7, 0, 78641
2026/09/14 06:03:18.940, 6, 0, 78641
2026/09/14 06:03:18.940, 7, 0, 78641
2026/09/14 06:03:19.440, 6, 0, 78641
2026/09/14 06:03:19.440, 7, 0, 78641
2026/09/14 06:03:19.940, 6, 0, 78641
2026/09/14 06:03:19.940, 7, 0, 78641
2026/09/14 06:03:20.440, 6, 0, 78641
2026/09/14 06:03:20.441, 7, 0, 78641
2026/09/14 06:03:20.941, 6, 0, 78641
2026/09/14 06:03:20.941, 7, 0, 78641
2026/09/14 06:03:21.441, 6, 0, 78641
2026/09/14 06:03:21.441, 7, 0, 78641
2026/09/14 06:03:21.942, 6, 12, 78641
2026/09/14 06:03:21.942, 7, 1, 78641
2026/09/14 06:03:22.443, 6, 0, 78641
2026/09/14 06:03:22.443, 7, 0, 78641
2026/09/14 06:03:22.943, 6, 9, 78641
2026/09/14 06:03:22.943, 7, 9, 78641
2026/09/14 06:03:23.443, 6, 0, 78641
2026/09/14 06:03:23.443, 7, 0, 78641
2026/09/14 06:03:23.943, 6, 0, 78641
2026/09/14 06:03:23.944, 7, 0, 78641
2026/09/14 06:03:24.444, 6, 2, 78641
2026/09/14 06:03:24.444, 7, 2, 78641
2026/09/14 06:03:24.945, 6, 0, 78641
2026/09/14 06:03:24.945, 7, 0, 78641
2026/09/14 06:03:25.445, 6, 0, 78641
2026/09/14 06:03:25.445, 7, 0, 78641
2026/09/14 06:03:25.946, 6, 8, 78641
2026/09/14 06:03:25.946, 7, 0, 78641
2026/09/14 06:03:26.446, 6, 0, 78641
2026/09/14 06:03:26.446, 7, 0, 78641
2026/09/14 06:03:26.946, 6, 3, 78641
2026/09/14 06:03:26.946, 7, 3, 78641
2026/09/14 06:03:27.446, 6, 3, 78641
2026/09/14 06:03:27.446, 7, 3, 78641
2026/09/14 06:03:27.947, 6, 3, 78641
2026/09/14 06:03:27.947, 7, 0, 78641
2026/09/14 06:03:28.447, 6, 30, 78641
2026/09/14 06:03:28.447, 7, 30, 78641
2026/09/14 06:03:28.947, 6, 0, 78641
2026/09/14 06:03:28.948, 7, 0, 78641
2026/09/14 06:03:29.448, 6, 0, 78641
2026/09/14 06:03:29.448, 7, 0, 78641
2026/09/14 06:03:29.948, 6, 0, 78641
2026/09/14 06:03:29.948, 7, 0, 78641
2026/09/14 06:03:30.448, 6, 0, 78641
2026/09/14 06:03:30.449, 7, 0, 78641
2026/09/14 06:03:30.949, 6, 0, 78641
2026/09/14 06:03:30.949, 7, 0, 78641
2026/09/14 06:03:31.449, 6, 0, 78641
2026/09/14 06:03:31.449, 7, 0, 78641
2026/09/14 06:03:31.949, 6, 0, 78641
2026/09/14 06:03:31.949, 7, 0, 78641
2026/09/14 06:03:32.449, 6, 0, 78641
2026/09/14 06:03:32.450, 7, 0, 78641
2026/09/14 06:03:32.950, 6, 0, 78641
2026/09/14 06:03:32.950, 7, 0, 78641
2026/09/14 06:03:33.450, 6, 0, 78641
2026/09/14 06:03:33.450, 7, 0, 78641
2026/09/14 06:03:33.951, 6, 0, 78641
2026/09/14 06:03:33.951, 7, 0, 78641
2026/09/14 06:03:34.451, 6, 0, 78641
2026/09/14 06:03:34.451, 7, 0, 78641
2026/09/14 06:03:34.951, 6, 0, 78641
2026/09/14 06:03:34.951, 7, 0, 78641
2026/09/14 06:03:35.451, 6, 0, 78641
2026/09/14 06:03:35.451, 7, 0, 78641
2026/09/14 06:03:35.951, 6, 0, 78641
2026/09/14 06:03:35.951, 7, 0, 78641
2026/09/14 06:03:36.451, 6, 0, 78641
2026/09/14 06:03:36.452, 7, 0, 78641
2026/09/14 06:03:36.952, 6, 6, 78641
2026/09/14 06:03:36.952, 7, 0, 78641
2026/09/14 06:03:37.453, 6, 0, 78641
2026/09/14 06:03:37.453, 7, 0, 78641
2026/09/14 06:03:37.953, 6, 1, 78641
2026/09/14 06:03:37.953, 7, 1, 78641
2026/09/14 06:03:38.454, 6, 0, 78641
2026/09/14 06:03:38.454, 7, 0, 78641
2026/09/14 06:03:38.954, 6, 6, 78641
2026/09/14 06:03:38.954, 7, 6, 78641
2026/09/14 06:03:39.454, 6, 31, 78641
2026/09/14 06:03:39.454, 7, 30, 78641
2026/09/14 06:03:39.954, 6, 27, 78641
2026/09/14 06:03:39.954, 7, 21, 78641
2026/09/14 06:03:40.455, 6, 13, 78641
2026/09/14 06:03:40.456, 7, 5, 78641
2026/09/14 06:03:40.956, 6, 0, 78641
2026/09/14 06:03:40.956, 7, 0, 78641
2026/09/14 06:03:41.456, 6, 0, 78641
2026/09/14 06:03:41.456, 7, 0, 78641
2026/09/14 06:03:41.956, 6, 0, 78641
2026/09/14 06:03:41.956, 7, 0, 78641
2026/09/14 06:03:42.456, 6, 0, 78641
2026/09/14 06:03:42.456, 7, 0, 78641
2026/09/14 06:03:42.956, 6, 0, 78641
2026/09/14 06:03:42.956, 7, 0, 78641
2026/09/14 06:03:43.457, 6, 0, 78641
2026/09/14 06:03:43.457, 7, 0, 78641
2026/09/14 06:03:43.957, 6, 0, 78641
2026/09/14 06:03:43.957, 7, 0, 78641
2026/09/14 06:03:44.457, 6, 0, 78641
2026/09/14 06:03:44.457, 7, 0, 78641
2026/09/14 06:03:44.957, 6, 0, 78641
2026/09/14 06:03:44.957, 7, 0, 78641
2026/09/14 06:03:45.458, 6, 0, 78641
2026/09/14 06:03:45.458, 7, 0, 78641
2026/09/14 06:03:45.958, 6, 0, 78641
2026/09/14 06:03:45.958, 7, 0, 78641
2026/09/14 06:03:46.458, 6, 0, 78641
2026/09/14 06:03:46.458, 7, 0, 78641
2026/09/14 06:03:46.958, 6, 0, 78641
2026/09/14 06:03:46.958, 7, 0, 78641
2026/09/14 06:03:47.458, 6, 0, 78641
2026/09/14 06:03:47.458, 7, 0, 78641
2026/09/14 06:03:47.958, 6, 0, 78641
2026/09/14 06:03:47.960, 7, 0, 78641
2026/09/14 06:03:48.460, 6, 0, 78641
2026/09/14 06:03:48.461, 7, 0, 78641
2026/09/14 06:03:48.961, 6, 0, 78641
2026/09/14 06:03:48.961, 7, 0, 78641
2026/09/14 06:03:49.461, 6, 0, 78641
2026/09/14 06:03:49.461, 7, 0, 78641
2026/09/14 06:03:49.961, 6, 0, 78641
2026/09/14 06:03:49.961, 7, 0, 78641
2026/09/14 06:03:50.461, 6, 0, 78641
2026/09/14 06:03:50.461, 7, 0, 78641
2026/09/14 06:03:50.961, 6, 0, 78641
2026/09/14 06:03:50.962, 7, 0, 78641
2026/09/14 06:03:51.462, 6, 0, 78641
2026/09/14 06:03:51.462, 7, 0, 78641
2026/09/14 06:03:51.963, 6, 0, 78641
2026/09/14 06:03:51.963, 7, 0, 78641
2026/09/14 06:03:52.463, 6, 0, 78641
2026/09/14 06:03:52.463, 7, 0, 78641
2026/09/14 06:03:52.963, 6, 0, 78641
2026/09/14 06:03:52.965, 7, 0, 78641
2026/09/14 06:03:53.465, 6, 0, 78641
2026/09/14 06:03:53.465, 7, 0, 78641
2026/09/14 06:03:53.965, 6, 0, 78641
2026/09/14 06:03:53.965, 7, 0, 78641
2026/09/14 06:03:54.465, 6, 0, 78641
2026/09/14 06:03:54.465, 7, 0, 78641
2026/09/14 06:03:54.965, 6, 0, 78641
2026/09/14 06:03:54.966, 7, 0, 78641
2026/09/14 06:03:55.466, 6, 0, 78641
2026/09/14 06:03:55.466, 7, 0, 78641
2026/09/14 06:03:55.966, 6, 0, 78641
2026/09/14 06:03:55.970, 7, 0, 78641
2026/09/14 06:03:56.472, 6, 0, 78641
2026/09/14 06:03:56.472, 7, 0, 78641
2026/09/14 06:03:56.972, 6, 0, 78641
2026/09/14 06:03:56.972, 7, 0, 78641
2026/09/14 06:03:57.472, 6, 0, 78641
2026/09/14 06:03:57.473, 7, 0, 78641
2026/09/14 06:03:57.973, 6, 0, 78641
2026/09/14 06:03:57.973, 7, 0, 78641
2026/09/14 06:03:58.475, 6, 25, 78641
2026/09/14 06:03:58.475, 7, 24, 78641
2026/09/14 06:03:58.975, 6, 0, 78641
2026/09/14 06:03:58.975, 7, 0, 78641
2026/09/14 06:03:59.475, 6, 0, 78641
2026/09/14 06:03:59.475, 7, 0, 78641
2026/09/14 06:03:59.975, 6, 0, 78641
2026/09/14 06:03:59.976, 7, 0, 78641
2026/09/14 06:04:00.477, 6, 0, 78641
2026/09/14 06:04:00.477, 7, 0, 78641
2026/09/14 06:04:00.977, 6, 0, 78641
2026/09/14 06:04:00.977, 7, 0, 78641
2026/09/14 06:04:01.478, 6, 0, 78641
2026/09/14 06:04:01.478, 7, 0, 78641
2026/09/14 06:04:01.978, 6, 0, 78641
2026/09/14 06:04:01.979, 7, 0, 78641
2026/09/14 06:04:02.480, 6, 0, 78641
2026/09/14 06:04:02.480, 7, 0, 78641
2026/09/14 06:04:02.980, 6, 0, 78641
2026/09/14 06:04:02.980, 7, 0, 78641
2026/09/14 06:04:03.480, 6, 0, 78641
2026/09/14 06:04:03.480, 7, 0, 78641
2026/09/14 06:04:03.980, 6, 0, 78641
2026/09/14 06:04:03.980, 7, 0, 78641
2026/09/14 06:04:04.481, 6, 0, 78641
2026/09/14 06:04:04.481, 7, 0, 78641
2026/09/14 06:04:04.982, 6, 0, 78641
2026/09/14 06:04:04.982, 7, 0, 78641
2026/09/14 06:04:05.482, 6, 0, 78641
2026/09/14 06:04:05.482, 7, 0, 78641
2026/09/14 06:04:05.982, 6, 0, 78641
2026/09/14 06:04:05.983, 7, 0, 78641
2026/09/14 06:04:06.483, 6, 0, 78641
2026/09/14 06:04:06.483, 7, 0, 78641
2026/09/14 06:04:06.983, 6, 0, 78641
2026/09/14 06:04:06.983, 7, 0, 78641
2026/09/14 06:04:07.483, 6, 23, 78641
2026/09/14 06:04:07.483, 7, 14, 78641
2026/09/14 06:04:07.983, 6, 0, 78641
2026/09/14 06:04:07.983, 7, 0, 78641
2026/09/14 06:04:08.483, 6, 0, 78641
2026/09/14 06:04:08.484, 7, 0, 78641
2026/09/14 06:04:08.985, 6, 0, 78641
2026/09/14 06:04:08.985, 7, 0, 78641
2026/09/14 06:04:09.485, 6, 11, 78641
2026/09/14 06:04:09.485, 7, 11, 78641
2026/09/14 06:04:09.985, 6, 0, 78641
2026/09/14 06:04:09.985, 7, 0, 78641
2026/09/14 06:04:10.485, 6, 0, 78641
2026/09/14 06:04:10.485, 7, 0, 78641
2026/09/14 06:04:10.985, 6, 0, 78641
2026/09/14 06:04:10.986, 7, 0, 78641
2026/09/14 06:04:11.486, 6, 9, 78641
2026/09/14 06:04:11.486, 7, 9, 78641
2026/09/14 06:04:11.986, 6, 0, 78641
2026/09/14 06:04:11.986, 7, 0, 78641
2026/09/14 06:04:12.486, 6, 72, 78641
2026/09/14 06:04:12.486, 7, 90, 78641
2026/09/14 06:04:12.987, 6, 100, 78641
2026/09/14 06:04:12.987, 7, 100, 78641
2026/09/14 06:04:13.487, 6, 100, 78641
2026/09/14 06:04:13.487, 7, 100, 78641
2026/09/14 06:04:13.987, 6, 100, 78641
2026/09/14 06:04:13.988, 7, 100, 78641
2026/09/14 06:04:14.488, 6, 99, 78641
2026/09/14 06:04:14.488, 7, 100, 78641
2026/09/14 06:04:14.988, 6, 100, 78641
2026/09/14 06:04:14.988, 7, 100, 78641
2026/09/14 06:04:15.488, 6, 100, 78641
2026/09/14 06:04:15.489, 7, 100, 78641
2026/09/14 06:04:15.990, 6, 93, 78641
2026/09/14 06:04:15.990, 7, 99, 78641
2026/09/14 06:04:16.490, 6, 100, 78641
2026/09/14 06:04:16.490, 7, 100, 78641
2026/09/14 06:04:16.990, 6, 100, 78641
2026/09/14 06:04:16.991, 7, 100, 78641
2026/09/14 06:04:17.491, 6, 90, 78641
2026/09/14 06:04:17.491, 7, 94, 78641
2026/09/14 06:04:17.991, 6, 100, 78641
2026/09/14 06:04:17.991, 7, 100, 78641
2026/09/14 06:04:18.491, 6, 100, 78641
2026/09/14 06:04:18.491, 7, 100, 78641
2026/09/14 06:04:18.991, 6, 100, 78641
2026/09/14 06:04:18.992, 7, 100, 78641
2026/09/14 06:04:19.492, 6, 99, 78641
2026/09/14 06:04:19.492, 7, 100, 78641
2026/09/14 06:04:19.993, 6, 100, 78641
2026/09/14 06:04:19.993, 7, 100, 78641
2026/09/14 06:04:20.493, 6, 100, 78641
2026/09/14 06:04:20.493, 7, 100, 78641
2026/09/14 06:04:20.994, 6, 99, 78641
2026/09/14 06:04:20.994, 7, 99, 78641
2026/09/14 06:04:21.494, 6, 100, 78641
2026/09/14 06:04:21.494, 7, 100, 78641
2026/09/14 06:04:21.994, 6, 100, 78641
2026/09/14 06:04:21.994, 7, 100, 78641
2026/09/14 06:04:22.494, 6, 55, 78641
2026/09/14 06:04:22.494, 7, 74, 78641
2026/09/14 06:04:22.994, 6, 99, 78641
2026/09/14 06:04:22.995, 7, 100, 78641
2026/09/14 06:04:23.495, 6, 100, 78641
2026/09/14 06:04:23.496, 7, 100, 78641
2026/09/14 06:04:23.996, 6, 100, 78641
2026/09/14 06:04:23.996, 7, 100, 78641
2026/09/14 06:04:24.496, 6, 99, 78641
2026/09/14 06:04:24.496, 7, 100, 78641
2026/09/14 06:04:24.996, 6, 100, 78641
2026/09/14 06:04:24.997, 7, 100, 78641
2026/09/14 06:04:25.497, 6, 100, 78641
2026/09/14 06:04:25.497, 7, 100, 78641
2026/09/14 06:04:25.997, 6, 82, 78641
2026/09/14 06:04:25.998, 7, 99, 78641
2026/09/14 06:04:26.498, 6, 100, 78641
2026/09/14 06:04:26.498, 7, 100, 78641
2026/09/14 06:04:26.998, 6, 100, 78641
2026/09/14 06:04:26.999, 7, 100, 78641
2026/09/14 06:04:27.499, 6, 91, 78641
2026/09/14 06:04:27.499, 7, 99, 78641
2026/09/14 06:04:27.999, 6, 100, 78641
2026/09/14 06:04:27.999, 7, 100, 78641
2026/09/14 06:04:28.499, 6, 100, 78641
2026/09/14 06:04:28.500, 7, 100, 78641
2026/09/14 06:04:29.000, 6, 100, 78641
2026/09/14 06:04:29.000, 7, 100, 78641
2026/09/14 06:04:29.500, 6, 99, 78641
2026/09/14 06:04:29.500, 7, 99, 78641
2026/09/14 06:04:30.000, 6, 100, 78641
2026/09/14 06:04:30.001, 7, 100, 78641
2026/09/14 06:04:30.501, 6, 100, 78641
2026/09/14 06:04:30.501, 7, 100, 78641
2026/09/14 06:04:31.001, 6, 95, 78641
2026/09/14 06:04:31.001, 7, 90, 78641
2026/09/14 06:04:31.501, 6, 100, 78641
2026/09/14 06:04:31.501, 7, 100, 78641
2026/09/14 06:04:32.001, 6, 100, 78641
2026/09/14 06:04:32.001, 7, 100, 78641
2026/09/14 06:04:32.501, 6, 100, 78641
2026/09/14 06:04:32.502, 7, 86, 78641
2026/09/14 06:04:33.002, 6, 99, 78641
2026/09/14 06:04:33.002, 7, 99, 78641
2026/09/14 06:04:33.502, 6, 100, 78641
2026/09/14 06:04:33.502, 7, 100, 78641
2026/09/14 06:04:34.002, 6, 100, 78641
2026/09/14 06:04:34.003, 7, 100, 78641
2026/09/14 06:04:34.503, 6, 99, 78641
2026/09/14 06:04:34.503, 7, 100, 78641
2026/09/14 06:04:35.003, 6, 100, 78641
2026/09/14 06:04:35.003, 7, 100, 78641
2026/09/14 06:04:35.503, 6, 100, 78641
2026/09/14 06:04:35.503, 7, 100, 78641
2026/09/14 06:04:36.003, 6, 81, 78641
2026/09/14 06:04:36.003, 7, 60, 78641
2026/09/14 06:04:36.504, 6, 100, 78641
2026/09/14 06:04:36.504, 7, 100, 78641
2026/09/14 06:04:37.004, 6, 100, 78641
2026/09/14 06:04:37.006, 7, 100, 78641
2026/09/14 06:04:37.506, 6, 100, 78641
2026/09/14 06:04:37.506, 7, 100, 78641
2026/09/14 06:04:38.006, 6, 99, 78641
2026/09/14 06:04:38.006, 7, 100, 78641
2026/09/14 06:04:38.506, 6, 100, 78641
2026/09/14 06:04:38.506, 7, 100, 78641
2026/09/14 06:04:39.007, 6, 100, 78641
2026/09/14 06:04:39.007, 7, 100, 78641
2026/09/14 06:04:39.507, 6, 99, 78641
2026/09/14 06:04:39.507, 7, 99, 78641
2026/09/14 06:04:40.007, 6, 100, 78641
2026/09/14 06:04:40.007, 7, 100, 78641
2026/09/14 06:04:40.507, 6, 100, 78641
2026/09/14 06:04:40.507, 7, 100, 78641
2026/09/14 06:04:41.007, 6, 99, 78641
2026/09/14 06:04:41.007, 7, 91, 78641
2026/09/14 06:04:41.507, 6, 100, 78641
2026/09/14 06:04:41.508, 7, 100, 78641
2026/09/14 06:04:42.008, 6, 100, 78641
2026/09/14 06:04:42.008, 7, 100, 78641
2026/09/14 06:04:42.508, 6, 100, 78641
2026/09/14 06:04:42.509, 7, 90, 78641
2026/09/14 06:04:43.011, 6, 99, 78641
2026/09/14 06:04:43.011, 7, 99, 78641
2026/09/14 06:04:43.511, 6, 100, 78641
2026/09/14 06:04:43.511, 7, 100, 78641
2026/09/14 06:04:44.012, 6, 100, 78641
2026/09/14 06:04:44.012, 7, 100, 78641
2026/09/14 06:04:44.512, 6, 99, 78641
2026/09/14 06:04:44.512, 7, 100, 78641
2026/09/14 06:04:45.012, 6, 100, 78641
2026/09/14 06:04:45.012, 7, 100, 78641
2026/09/14 06:04:45.512, 6, 100, 78641
2026/09/14 06:04:45.512, 7, 100, 78641
2026/09/14 06:04:46.012, 6, 86, 78641
2026/09/14 06:04:46.013, 7, 61, 78641
2026/09/14 06:04:46.513, 6, 99, 78641
2026/09/14 06:04:46.513, 7, 100, 78641
2026/09/14 06:04:47.013, 6, 100, 78641
2026/09/14 06:04:47.013, 7, 100, 78641
2026/09/14 06:04:47.514, 6, 100, 78641
2026/09/14 06:04:47.514, 7, 100, 78641
2026/09/14 06:04:48.014, 6, 35, 78641
2026/09/14 06:04:48.014, 7, 62, 78641
2026/09/14 06:04:48.514, 6, 100, 78641
2026/09/14 06:04:48.514, 7, 100, 78641
2026/09/14 06:04:49.014, 6, 100, 78641
2026/09/14 06:04:49.014, 7, 100, 78641
2026/09/14 06:04:49.515, 6, 74, 78641
2026/09/14 06:04:49.515, 7, 53, 78641
2026/09/14 06:04:50.015, 6, 0, 78641
2026/09/14 06:04:50.015, 7, 0, 78641
2026/09/14 06:04:50.515, 6, 0, 78641
2026/09/14 06:04:50.515, 7, 0, 78641
2026/09/14 06:04:51.015, 6, 11, 78641
2026/09/14 06:04:51.015, 7, 0, 78641
2026/09/14 06:04:51.515, 6, 0, 78641
2026/09/14 06:04:51.515, 7, 0, 78641
2026/09/14 06:04:52.015, 6, 3, 78641
2026/09/14 06:04:52.016, 7, 3, 78641
2026/09/14 06:04:52.516, 6, 3, 78641
2026/09/14 06:04:52.516, 7, 3, 78641
2026/09/14 06:04:53.016, 6, 3, 78641
2026/09/14 06:04:53.016, 7, 3, 78641
2026/09/14 06:04:53.516, 6, 31, 78641
2026/09/14 06:04:53.516, 7, 30, 78641
2026/09/14 06:04:54.016, 6, 0, 78641
2026/09/14 06:04:54.016, 7, 0, 78641
2026/09/14 06:04:54.516, 6, 0, 78641
2026/09/14 06:04:54.516, 7, 0, 78641
2026/09/14 06:04:55.017, 6, 0, 78641
2026/09/14 06:04:55.017, 7, 0, 78641
2026/09/14 06:04:55.517, 6, 0, 78641
2026/09/14 06:04:55.517, 7, 0, 78641
2026/09/14 06:04:56.017, 6, 0, 78641
2026/09/14 06:04:56.017, 7, 0, 78641
2026/09/14 06:04:56.517, 6, 0, 78641
2026/09/14 06:04:56.518, 7, 0, 78641
2026/09/14 06:04:57.018, 6, 0, 78641
2026/09/14 06:04:57.018, 7, 0, 78641
2026/09/14 06:04:57.518, 6, 0, 78641
2026/09/14 06:04:57.518, 7, 0, 78641
2026/09/14 06:04:58.018, 6, 0, 78641
2026/09/14 06:04:58.018, 7, 0, 78641
2026/09/14 06:04:58.518, 6, 0, 78641
2026/09/14 06:04:58.518, 7, 0, 78641
2026/09/14 06:04:59.018, 6, 0, 78641
2026/09/14 06:04:59.018, 7, 0, 78641
2026/09/14 06:04:59.519, 6, 0, 78641
2026/09/14 06:04:59.519, 7, 0, 78641
2026/09/14 06:05:00.019, 6, 0, 78641
2026/09/14 06:05:00.019, 7, 0, 78641
2026/09/14 06:05:00.519, 6, 0, 78641
2026/09/14 06:05:00.519, 7, 0, 78641
2026/09/14 06:05:01.020, 6, 0, 78641
2026/09/14 06:05:01.020, 7, 1, 78641
2026/09/14 06:05:01.520, 6, 0, 78641
2026/09/14 06:05:01.521, 7, 0, 78641
2026/09/14 06:05:02.021, 6, 6, 78641
2026/09/14 06:05:02.021, 7, 6, 78641
2026/09/14 06:05:02.521, 6, 3, 78641
2026/09/14 06:05:02.521, 7, 0, 78641
2026/09/14 06:05:03.021, 6, 11, 78641
2026/09/14 06:05:03.021, 7, 10, 78641
2026/09/14 06:05:03.521, 6, 0, 78641
2026/09/14 06:05:03.521, 7, 0, 78641
2026/09/14 06:05:04.021, 6, 6, 78641
2026/09/14 06:05:04.021, 7, 0, 78641
2026/09/14 06:05:04.522, 6, 21, 78641
2026/09/14 06:05:04.522, 7, 0, 78641
2026/09/14 06:05:05.022, 6, 30, 78641
2026/09/14 06:05:05.022, 7, 30, 78641
2026/09/14 06:05:05.522, 6, 19, 78641
2026/09/14 06:05:05.522, 7, 19, 78641
2026/09/14 06:05:06.022, 6, 0, 78641
2026/09/14 06:05:06.022, 7, 0, 78641
2026/09/14 06:05:06.522, 6, 0, 78641
2026/09/14 06:05:06.522, 7, 0, 78641
2026/09/14 06:05:07.022, 6, 0, 78641
2026/09/14 06:05:07.023, 7, 0, 78641
2026/09/14 06:05:07.524, 6, 0, 78641
2026/09/14 06:05:07.524, 7, 0, 78641
2026/09/14 06:05:08.024, 6, 0, 78641
2026/09/14 06:05:08.025, 7, 0, 78641
2026/09/14 06:05:08.525, 6, 0, 78641
2026/09/14 06:05:08.525, 7, 0, 78641
2026/09/14 06:05:09.025, 6, 0, 78641
2026/09/14 06:05:09.025, 7, 0, 78641
2026/09/14 06:05:09.525, 6, 0, 78641
2026/09/14 06:05:09.525, 7, 0, 78641
2026/09/14 06:05:10.025, 6, 0, 78641
2026/09/14 06:05:10.025, 7, 0, 78641
2026/09/14 06:05:10.525, 6, 0, 78641
2026/09/14 06:05:10.526, 7, 0, 78641
2026/09/14 06:05:11.026, 6, 0, 78641
2026/09/14 06:05:11.026, 7, 0, 78641
2026/09/14 06:05:11.526, 6, 0, 78641
2026/09/14 06:05:11.526, 7, 0, 78641
2026/09/14 06:05:12.027, 6, 0, 78641
2026/09/14 06:05:12.028, 7, 0, 78641
2026/09/14 06:05:12.528, 6, 0, 78641
2026/09/14 06:05:12.528, 7, 0, 78641
2026/09/14 06:05:13.029, 6, 0, 78641
2026/09/14 06:05:13.029, 7, 0, 78641
2026/09/14 06:05:13.529, 6, 0, 78641
2026/09/14 06:05:13.529, 7, 0, 78641
2026/09/14 06:05:14.029, 6, 0, 78641
2026/09/14 06:05:14.029, 7, 0, 78641
2026/09/14 06:05:14.529, 6, 0, 78641
2026/09/14 06:05:14.529, 7, 0, 78641
2026/09/14 06:05:15.029, 6, 0, 78641
2026/09/14 06:05:15.029, 7, 0, 78641
2026/09/14 06:05:15.529, 6, 0, 78641
2026/09/14 06:05:15.530, 7, 0, 78641
2026/09/14 06:05:16.030, 6, 0, 78641
2026/09/14 06:05:16.031, 7, 0, 78641
2026/09/14 06:05:16.531, 6, 0, 78641
2026/09/14 06:05:16.531, 7, 0, 78641
2026/09/14 06:05:17.031, 6, 0, 78641
2026/09/14 06:05:17.031, 7, 0, 78641
2026/09/14 06:05:17.531, 6, 0, 78641
2026/09/14 06:05:17.531, 7, 0, 78641
2026/09/14 06:05:18.031, 6, 0, 78641
2026/09/14 06:05:18.031, 7, 0, 78641
2026/09/14 06:05:18.531, 6, 0, 78641
2026/09/14 06:05:18.531, 7, 0, 78641
2026/09/14 06:05:19.032, 6, 0, 78641
2026/09/14 06:05:19.032, 7, 0, 78641
2026/09/14 06:05:19.532, 6, 0, 78641
2026/09/14 06:05:19.532, 7, 0, 78641
2026/09/14 06:05:20.032, 6, 0, 78641
2026/09/14 06:05:20.032, 7, 0, 78641
2026/09/14 06:05:20.532, 6, 0, 78641
2026/09/14 06:05:20.532, 7, 0, 78641
2026/09/14 06:05:21.032, 6, 0, 78641
2026/09/14 06:05:21.032, 7, 0, 78641
2026/09/14 06:05:21.533, 6, 0, 78641
2026/09/14 06:05:21.533, 7, 0, 78641
2026/09/14 06:05:22.033, 6, 30, 78641
2026/09/14 06:05:22.033, 7, 21, 78641
2026/09/14 06:05:22.533, 6, 20, 78641
2026/09/14 06:05:22.533, 7, 10, 78641
2026/09/14 06:05:23.033, 6, 0, 78641
2026/09/14 06:05:23.033, 7, 0, 78641
2026/09/14 06:05:23.533, 6, 0, 78641
2026/09/14 06:05:23.533, 7, 0, 78641
2026/09/14 06:05:24.034, 6, 0, 78641
2026/09/14 06:05:24.034, 7, 0, 78641
2026/09/14 06:05:24.534, 6, 0, 78641
2026/09/14 06:05:24.540, 7, 0, 78641
2026/09/14 06:05:25.040, 6, 0, 78641
2026/09/14 06:05:25.040, 7, 0, 78641
2026/09/14 06:05:25.540, 6, 0, 78641
2026/09/14 06:05:25.541, 7, 0, 78641
2026/09/14 06:05:26.041, 6, 0, 78641
2026/09/14 06:05:26.041, 7, 0, 78641
2026/09/14 06:05:26.541, 6, 0, 78641
2026/09/14 06:05:26.541, 7, 0, 78641
2026/09/14 06:05:27.041, 6, 0, 78641
2026/09/14 06:05:27.041, 7, 0, 78641
2026/09/14 06:05:27.541, 6, 0, 78641
2026/09/14 06:05:27.541, 7, 0, 78641
2026/09/14 06:05:28.041, 6, 0, 78641
2026/09/14 06:05:28.041, 7, 0, 78641
2026/09/14 06:05:28.542, 6, 0, 78641
2026/09/14 06:05:28.542, 7, 0, 78641
2026/09/14 06:05:29.042, 6, 0, 78641
2026/09/14 06:05:29.042, 7, 0, 78641
2026/09/14 06:05:29.542, 6, 0, 78641
2026/09/14 06:05:29.542, 7, 0, 78641
2026/09/14 06:05:30.042, 6, 0, 78641
2026/09/14 06:05:30.042, 7, 0, 78641
2026/09/14 06:05:30.542, 6, 11, 78641
2026/09/14 06:05:30.542, 7, 21, 78641
2026/09/14 06:05:31.042, 6, 0, 78641
2026/09/14 06:05:31.043, 7, 0, 78641
2026/09/14 06:05:31.543, 6, 0, 78641
2026/09/14 06:05:31.543, 7, 0, 78641
2026/09/14 06:05:32.043, 6, 0, 78641
2026/09/14 06:05:32.045, 7, 0, 78641
2026/09/14 06:05:32.546, 6, 0, 78641
2026/09/14 06:05:32.546, 7, 0, 78641
2026/09/14 06:05:33.046, 6, 0, 78641
2026/09/14 06:05:33.046, 7, 0, 78641
2026/09/14 06:05:33.546, 6, 0, 78641
2026/09/14 06:05:33.547, 7, 0, 78641
2026/09/14 06:05:34.047, 6, 0, 78641
2026/09/14 06:05:34.047, 7, 0, 78641
2026/09/14 06:05:34.547, 6, 9, 78641
2026/09/14 06:05:34.547, 7, 9, 78641
2026/09/14 06:05:35.047, 6, 0, 78641
2026/09/14 06:05:35.047, 7, 0, 78641
2026/09/14 06:05:35.548, 6, 16, 78641
2026/09/14 06:05:35.548, 7, 21, 78641
2026/09/14 06:05:36.048, 6, 8, 78641
2026/09/14 06:05:36.048, 7, 0, 78641
2026/09/14 06:05:36.548, 6, 0, 78641
2026/09/14 06:05:36.549, 7, 0, 78641
2026/09/14 06:05:37.049, 6, 0, 78641
2026/09/14 06:05:37.049, 7, 0, 78641
2026/09/14 06:05:37.549, 6, 0, 78641
2026/09/14 06:05:37.549, 7, 0, 78641
2026/09/14 06:05:38.049, 6, 0, 78641
2026/09/14 06:05:38.049, 7, 0, 78641
2026/09/14 06:05:38.549, 6, 0, 78641
2026/09/14 06:05:38.550, 7, 0, 78641
2026/09/14 06:05:39.050, 6, 0, 78641
2026/09/14 06:05:39.050, 7, 0, 78641
2026/09/14 06:05:39.551, 6, 0, 78641
2026/09/14 06:05:39.551, 7, 0, 78641
2026/09/14 06:05:40.051, 6, 0, 78641
2026/09/14 06:05:40.051, 7, 0, 78641
2026/09/14 06:05:40.551, 6, 0, 78641
2026/09/14 06:05:40.551, 7, 0, 78641
2026/09/14 06:05:41.051, 6, 0, 78641
2026/09/14 06:05:41.052, 7, 0, 78641
2026/09/14 06:05:41.552, 6, 0, 78641
2026/09/14 06:05:41.552, 7, 0, 78641
2026/09/14 06:05:42.052, 6, 0, 78641
2026/09/14 06:05:42.052, 7, 0, 78641
2026/09/14 06:05:42.552, 6, 0, 78641
2026/09/14 06:05:42.552, 7, 0, 78641
2026/09/14 06:05:43.052, 6, 11, 78641
2026/09/14 06:05:43.053, 7, 12, 78641
2026/09/14 06:05:43.553, 6, 0, 78641
2026/09/14 06:05:43.553, 7, 0, 78641
2026/09/14 06:05:44.053, 6, 0, 78641
2026/09/14 06:05:44.053, 7, 6, 78641
2026/09/14 06:05:44.553, 6, 0, 78641
2026/09/14 06:05:44.554, 7, 0, 78641
2026/09/14 06:05:45.054, 6, 12, 78641
2026/09/14 06:05:45.054, 7, 12, 78641
2026/09/14 06:05:45.554, 6, 0, 78641
2026/09/14 06:05:45.554, 7, 0, 78641
2026/09/14 06:05:46.054, 6, 0, 78641
2026/09/14 06:05:46.054, 7, 2, 78641
2026/09/14 06:05:46.554, 6, 0, 78641
2026/09/14 06:05:46.554, 7, 4, 78641
2026/09/14 06:05:47.054, 6, 31, 78641
2026/09/14 06:05:47.054, 7, 31, 78641
2026/09/14 06:05:47.555, 6, 28, 78641
2026/09/14 06:05:47.555, 7, 29, 78641
2026/09/14 06:05:48.055, 6, 0, 78641
2026/09/14 06:05:48.055, 7, 5, 78641
2026/09/14 06:05:48.555, 6, 0, 78641
2026/09/14 06:05:48.555, 7, 0, 78641
2026/09/14 06:05:49.055, 6, 0, 78641
2026/09/14 06:05:49.055, 7, 0, 78641
2026/09/14 06:05:49.555, 6, 0, 78641
2026/09/14 06:05:49.556, 7, 0, 78641
2026/09/14 06:05:50.056, 6, 0, 78641
2026/09/14 06:05:50.056, 7, 0, 78641
2026/09/14 06:05:50.556, 6, 0, 78641
2026/09/14 06:05:50.556, 7, 0, 78641
2026/09/14 06:05:51.056, 6, 0, 78641
2026/09/14 06:05:51.056, 7, 0, 78641
2026/09/14 06:05:51.556, 6, 0, 78641
2026/09/14 06:05:51.556, 7, 0, 78641
2026/09/14 06:05:52.056, 6, 0, 78641
2026/09/14 06:05:52.056, 7, 0, 78641
2026/09/14 06:05:52.557, 6, 0, 78641
2026/09/14 06:05:52.557, 7, 0, 78641
2026/09/14 06:05:53.058, 6, 0, 78641
2026/09/14 06:05:53.058, 7, 0, 78641
2026/09/14 06:05:53.558, 6, 0, 78641
2026/09/14 06:05:53.558, 7, 0, 78641
2026/09/14 06:05:54.058, 6, 0, 78641
2026/09/14 06:05:54.059, 7, 0, 78641
2026/09/14 06:05:54.560, 6, 0, 78641
2026/09/14 06:05:54.560, 7, 0, 78641
2026/09/14 06:05:55.060, 6, 0, 78641
2026/09/14 06:05:55.060, 7, 0, 78641
2026/09/14 06:05:55.560, 6, 0, 78641
2026/09/14 06:05:55.560, 7, 0, 78641
2026/09/14 06:05:56.060, 6, 0, 78641
2026/09/14 06:05:56.060, 7, 0, 78641
2026/09/14 06:05:56.560, 6, 0, 78641
2026/09/14 06:05:56.560, 7, 0, 78641
2026/09/14 06:05:57.060, 6, 0, 78641
2026/09/14 06:05:57.061, 7, 0, 78641
2026/09/14 06:05:57.561, 6, 0, 78641
2026/09/14 06:05:57.561, 7, 0, 78641
2026/09/14 06:05:58.061, 6, 0, 78641
2026/09/14 06:05:58.063, 7, 0, 78641
2026/09/14 06:05:58.563, 6, 0, 78641
2026/09/14 06:05:58.563, 7, 0, 78641
2026/09/14 06:05:59.063, 6, 0, 78641
2026/09/14 06:05:59.063, 7, 0, 78641
2026/09/14 06:05:59.564, 6, 0, 78641
2026/09/14 06:05:59.564, 7, 0, 78641
2026/09/14 06:06:00.064, 6, 0, 78641
2026/09/14 06:06:00.064, 7, 0, 78641
2026/09/14 06:06:00.565, 6, 0, 78641
2026/09/14 06:06:00.565, 7, 0, 78641
2026/09/14 06:06:01.066, 6, 0, 78641
2026/09/14 06:06:01.067, 7, 0, 78641
2026/09/14 06:06:01.567, 6, 0, 78641
2026/09/14 06:06:01.567, 7, 0, 78641
2026/09/14 06:06:02.067, 6, 0, 78641
2026/09/14 06:06:02.067, 7, 0, 78641
2026/09/14 06:06:02.567, 6, 0, 78641
2026/09/14 06:06:02.567, 7, 0, 78641
2026/09/14 06:06:03.067, 6, 0, 78641
2026/09/14 06:06:03.075, 7, 0, 78641
2026/09/14 06:06:03.575, 6, 0, 78641
2026/09/14 06:06:03.575, 7, 0, 78641
2026/09/14 06:06:04.076, 6, 0, 78641
2026/09/14 06:06:04.076, 7, 0, 78641
2026/09/14 06:06:04.576, 6, 31, 78641
2026/09/14 06:06:04.577, 7, 31, 78641
2026/09/14 06:06:05.077, 6, 0, 78641
2026/09/14 06:06:05.077, 7, 0, 78641
2026/09/14 06:06:05.577, 6, 0, 78641
2026/09/14 06:06:05.577, 7, 0, 78641
2026/09/14 06:06:06.077, 6, 0, 78641
2026/09/14 06:06:06.077, 7, 0, 78641
2026/09/14 06:06:06.577, 6, 0, 78641
2026/09/14 06:06:06.577, 7, 0, 78641
2026/09/14 06:06:07.078, 6, 0, 78641
2026/09/14 06:06:07.078, 7, 0, 78641
2026/09/14 06:06:07.578, 6, 0, 78641
2026/09/14 06:06:07.578, 7, 0, 78641
2026/09/14 06:06:08.078, 6, 0, 78641
2026/09/14 06:06:08.078, 7, 0, 78641
2026/09/14 06:06:08.578, 6, 0, 78641
2026/09/14 06:06:08.578, 7, 0, 78641
2026/09/14 06:06:09.078, 6, 0, 78641
2026/09/14 06:06:09.079, 7, 0, 78641
2026/09/14 06:06:09.579, 6, 0, 78641
2026/09/14 06:06:09.579, 7, 0, 78641
2026/09/14 06:06:10.079, 6, 0, 78641
2026/09/14 06:06:10.079, 7, 0, 78641
2026/09/14 06:06:10.580, 6, 0, 78641
2026/09/14 06:06:10.580, 7, 0, 78641
2026/09/14 06:06:11.080, 6, 0, 78641
2026/09/14 06:06:11.080, 7, 0, 78641
2026/09/14 06:06:11.580, 6, 0, 78641
2026/09/14 06:06:11.580, 7, 0, 78641
2026/09/14 06:06:12.080, 6, 0, 78641
2026/09/14 06:06:12.082, 7, 0, 78641
2026/09/14 06:06:12.583, 6, 0, 78641
2026/09/14 06:06:12.583, 7, 0, 78641
2026/09/14 06:06:13.083, 6, 24, 78641
2026/09/14 06:06:13.083, 7, 19, 78641
2026/09/14 06:06:13.583, 6, 0, 78641
2026/09/14 06:06:13.583, 7, 0, 78641
2026/09/14 06:06:14.083, 6, 0, 78641
2026/09/14 06:06:14.083, 7, 0, 78641
2026/09/14 06:06:14.583, 6, 0, 78641
2026/09/14 06:06:14.583, 7, 0, 78641
2026/09/14 06:06:15.083, 6, 3, 78641
2026/09/14 06:06:15.084, 7, 11, 78641
2026/09/14 06:06:15.584, 6, 0, 78641
2026/09/14 06:06:15.585, 7, 0, 78641
2026/09/14 06:06:16.085, 6, 0, 78641
2026/09/14 06:06:16.086, 7, 0, 78641
2026/09/14 06:06:16.586, 6, 0, 78641
2026/09/14 06:06:16.587, 7, 0, 78641
2026/09/14 06:06:17.087, 6, 9, 78641
2026/09/14 06:06:17.087, 7, 9, 78641
2026/09/14 06:06:17.587, 6, 0, 78641
2026/09/14 06:06:17.587, 7, 0, 78641
2026/09/14 06:06:18.087, 6, 32, 78641
2026/09/14 06:06:18.088, 7, 29, 78641
2026/09/14 06:06:18.588, 6, 17, 78641
2026/09/14 06:06:18.588, 7, 15, 78641
2026/09/14 06:06:19.088, 6, 0, 78641
2026/09/14 06:06:19.088, 7, 0, 78641
2026/09/14 06:06:19.589, 6, 0, 78641
2026/09/14 06:06:19.589, 7, 0, 78641
2026/09/14 06:06:20.089, 6, 0, 78641
2026/09/14 06:06:20.089, 7, 0, 78641
2026/09/14 06:06:20.589, 6, 0, 78641
2026/09/14 06:06:20.589, 7, 0, 78641
2026/09/14 06:06:21.089, 6, 0, 78641
2026/09/14 06:06:21.090, 7, 0, 78641
2026/09/14 06:06:21.590, 6, 0, 78641
2026/09/14 06:06:21.591, 7, 0, 78641
2026/09/14 06:06:22.091, 6, 0, 78641
2026/09/14 06:06:22.091, 7, 0, 78641
2026/09/14 06:06:22.591, 6, 0, 78641
2026/09/14 06:06:22.591, 7, 0, 78641
2026/09/14 06:06:23.091, 6, 0, 78641
2026/09/14 06:06:23.091, 7, 0, 78641
2026/09/14 06:06:23.592, 6, 0, 78641
2026/09/14 06:06:23.592, 7, 0, 78641
2026/09/14 06:06:24.095, 6, 0, 78641
2026/09/14 06:06:24.095, 7, 0, 78641
2026/09/14 06:06:24.595, 6, 0, 78641
2026/09/14 06:06:24.596, 7, 0, 78641
2026/09/14 06:06:25.096, 6, 0, 78641
2026/09/14 06:06:25.096, 7, 0, 78641
2026/09/14 06:06:25.596, 6, 0, 78641
2026/09/14 06:06:25.596, 7, 1, 78641
2026/09/14 06:06:26.096, 6, 0, 78641
2026/09/14 06:06:26.096, 7, 0, 78641
2026/09/14 06:06:26.596, 6, 0, 78641
2026/09/14 06:06:26.596, 7, 0, 78641
2026/09/14 06:06:27.097, 6, 0, 78641
2026/09/14 06:06:27.097, 7, 0, 78641
2026/09/14 06:06:27.597, 6, 2, 78641
2026/09/14 06:06:27.597, 7, 2, 78641
2026/09/14 06:06:28.097, 6, 0, 78641
2026/09/14 06:06:28.097, 7, 0, 78641
2026/09/14 06:06:28.597, 6, 0, 78641
2026/09/14 06:06:28.598, 7, 0, 78641
2026/09/14 06:06:29.098, 6, 0, 78641
2026/09/14 06:06:29.098, 7, 0, 78641
2026/09/14 06:06:29.598, 6, 31, 78641
2026/09/14 06:06:29.598, 7, 30, 78641
2026/09/14 06:06:30.098, 6, 30, 78641
2026/09/14 06:06:30.100, 7, 32, 78641
2026/09/14 06:06:30.604, 6, 17, 78641
2026/09/14 06:06:30.604, 7, 11, 78641
2026/09/14 06:06:31.104, 6, 0, 78641
2026/09/14 06:06:31.104, 7, 0, 78641
2026/09/14 06:06:31.604, 6, 0, 78641
2026/09/14 06:06:31.604, 7, 0, 78641
2026/09/14 06:06:32.104, 6, 0, 78641
2026/09/14 06:06:32.104, 7, 0, 78641
2026/09/14 06:06:32.604, 6, 0, 78641
2026/09/14 06:06:32.604, 7, 0, 78641
2026/09/14 06:06:33.104, 6, 0, 78641
2026/09/14 06:06:33.106, 7, 0, 78641
2026/09/14 06:06:33.606, 6, 0, 78641
2026/09/14 06:06:33.607, 7, 0, 78641
2026/09/14 06:06:34.107, 6, 0, 78641
2026/09/14 06:06:34.108, 7, 0, 78641
2026/09/14 06:06:34.608, 6, 0, 78641
2026/09/14 06:06:34.608, 7, 0, 78641
2026/09/14 06:06:35.108, 6, 0, 78641
2026/09/14 06:06:35.108, 7, 0, 78641
2026/09/14 06:06:35.608, 6, 0, 78641
2026/09/14 06:06:35.608, 7, 0, 78641
2026/09/14 06:06:36.108, 6, 0, 78641
2026/09/14 06:06:36.109, 7, 0, 78641
2026/09/14 06:06:36.609, 6, 0, 78641
2026/09/14 06:06:36.609, 7, 0, 78641
2026/09/14 06:06:37.109, 6, 0, 78641
2026/09/14 06:06:37.109, 7, 0, 78641
2026/09/14 06:06:37.609, 6, 0, 78641
2026/09/14 06:06:37.609, 7, 0, 78641
2026/09/14 06:06:38.110, 6, 0, 78641
2026/09/14 06:06:38.110, 7, 0, 78641
2026/09/14 06:06:38.610, 6, 0, 78641
2026/09/14 06:06:38.610, 7, 0, 78641
2026/09/14 06:06:39.110, 6, 0, 78641
2026/09/14 06:06:39.110, 7, 0, 78641
2026/09/14 06:06:39.610, 6, 0, 78641
2026/09/14 06:06:39.610, 7, 0, 78641
2026/09/14 06:06:40.110, 6, 0, 78641
2026/09/14 06:06:40.110, 7, 0, 78641
2026/09/14 06:06:40.610, 6, 0, 78641
2026/09/14 06:06:40.611, 7, 0, 78641
2026/09/14 06:06:41.111, 6, 0, 78641
2026/09/14 06:06:41.111, 7, 0, 78641
2026/09/14 06:06:41.611, 6, 0, 78641
2026/09/14 06:06:41.611, 7, 0, 78641
2026/09/14 06:06:42.111, 6, 0, 78641
2026/09/14 06:06:42.111, 7, 0, 78641
2026/09/14 06:06:42.611, 6, 0, 78641
2026/09/14 06:06:42.611, 7, 0, 78641
2026/09/14 06:06:43.112, 6, 0, 78641
2026/09/14 06:06:43.112, 7, 0, 78641
2026/09/14 06:06:43.612, 6, 0, 78641
2026/09/14 06:06:43.612, 7, 0, 78641
2026/09/14 06:06:44.112, 6, 0, 78641
2026/09/14 06:06:44.112, 7, 0, 78641
2026/09/14 06:06:44.612, 6, 0, 78641
2026/09/14 06:06:44.612, 7, 0, 78641
2026/09/14 06:06:45.113, 6, 0, 78641
2026/09/14 06:06:45.113, 7, 0, 78641
2026/09/14 06:06:45.613, 6, 0, 78641
2026/09/14 06:06:45.613, 7, 0, 78641
2026/09/14 06:06:46.113, 6, 0, 78641
2026/09/14 06:06:46.113, 7, 0, 78641
2026/09/14 06:06:46.613, 6, 0, 78641
2026/09/14 06:06:46.613, 7, 0, 78641
2026/09/14 06:06:47.113, 6, 32, 78641
2026/09/14 06:06:47.114, 7, 32, 78641
2026/09/14 06:06:47.614, 6, 11, 78641
2026/09/14 06:06:47.614, 7, 2, 78641
2026/09/14 06:06:48.114, 6, 0, 78641
2026/09/14 06:06:48.114, 7, 0, 78641
2026/09/14 06:06:48.614, 6, 0, 78641
2026/09/14 06:06:48.614, 7, 0, 78641
2026/09/14 06:06:49.114, 6, 0, 78641
2026/09/14 06:06:49.115, 7, 0, 78641
2026/09/14 06:06:49.615, 6, 0, 78641
2026/09/14 06:06:49.615, 7, 0, 78641
2026/09/14 06:06:50.115, 6, 0, 78641
2026/09/14 06:06:50.115, 7, 0, 78641
2026/09/14 06:06:50.615, 6, 0, 78641
2026/09/14 06:06:50.616, 7, 0, 78641
2026/09/14 06:06:51.117, 6, 0, 78641
2026/09/14 06:06:51.117, 7, 0, 78641
2026/09/14 06:06:51.617, 6, 0, 78641
2026/09/14 06:06:51.617, 7, 0, 78641
2026/09/14 06:06:52.117, 6, 0, 78641
2026/09/14 06:06:52.118, 7, 0, 78641
2026/09/14 06:06:52.619, 6, 0, 78641
2026/09/14 06:06:52.619, 7, 0, 78641
2026/09/14 06:06:53.119, 6, 0, 78641
2026/09/14 06:06:53.119, 7, 0, 78641
2026/09/14 06:06:53.619, 6, 0, 78641
2026/09/14 06:06:53.619, 7, 0, 78641
2026/09/14 06:06:54.119, 6, 0, 78641
2026/09/14 06:06:54.119, 7, 0, 78641
2026/09/14 06:06:54.619, 6, 0, 78641
2026/09/14 06:06:54.619, 7, 0, 78641
2026/09/14 06:06:55.119, 6, 0, 78641
2026/09/14 06:06:55.120, 7, 0, 78641
2026/09/14 06:06:55.620, 6, 11, 78641
2026/09/14 06:06:55.620, 7, 21, 78641
2026/09/14 06:06:56.120, 6, 0, 78641
2026/09/14 06:06:56.120, 7, 0, 78641
2026/09/14 06:06:56.620, 6, 0, 78641
2026/09/14 06:06:56.620, 7, 0, 78641
2026/09/14 06:06:57.120, 6, 0, 78641
2026/09/14 06:06:57.120, 7, 0, 78641
2026/09/14 06:06:57.620, 6, 0, 78641
2026/09/14 06:06:57.620, 7, 0, 78641
2026/09/14 06:06:58.120, 6, 0, 78641
2026/09/14 06:06:58.121, 7, 0, 78641
2026/09/14 06:06:58.621, 6, 0, 78641
2026/09/14 06:06:58.622, 7, 0, 78641
2026/09/14 06:06:59.122, 6, 0, 78641
2026/09/14 06:06:59.122, 7, 0, 78641
2026/09/14 06:06:59.622, 6, 9, 78641
2026/09/14 06:06:59.622, 7, 9, 78641
2026/09/14 06:07:00.123, 6, 0, 78641
2026/09/14 06:07:00.123, 7, 0, 78641
2026/09/14 06:07:00.623, 6, 12, 78641
2026/09/14 06:07:00.623, 7, 11, 78641
2026/09/14 06:07:01.123, 6, 0, 78641
2026/09/14 06:07:01.123, 7, 0, 78641
2026/09/14 06:07:01.623, 6, 0, 78641
2026/09/14 06:07:01.623, 7, 0, 78641
2026/09/14 06:07:02.123, 6, 0, 78641
2026/09/14 06:07:02.123, 7, 0, 78641
2026/09/14 06:07:02.624, 6, 0, 78641
2026/09/14 06:07:02.624, 7, 0, 78641
2026/09/14 06:07:03.124, 6, 3, 78641
2026/09/14 06:07:03.124, 7, 3, 78641
2026/09/14 06:07:03.624, 6, 3, 78641
2026/09/14 06:07:03.624, 7, 0, 78641
2026/09/14 06:07:04.124, 6, 25, 78641
2026/09/14 06:07:04.124, 7, 31, 78641
2026/09/14 06:07:04.624, 6, 25, 78641
2026/09/14 06:07:04.625, 7, 19, 78641
2026/09/14 06:07:05.125, 6, 0, 78641
2026/09/14 06:07:05.125, 7, 0, 78641
2026/09/14 06:07:05.625, 6, 0, 78641
2026/09/14 06:07:05.625, 7, 0, 78641
2026/09/14 06:07:06.125, 6, 0, 78641
2026/09/14 06:07:06.125, 7, 0, 78641
2026/09/14 06:07:06.625, 6, 0, 78641
2026/09/14 06:07:06.625, 7, 0, 78641
2026/09/14 06:07:07.126, 6, 0, 78641
2026/09/14 06:07:07.126, 7, 0, 78641
2026/09/14 06:07:07.626, 6, 0, 78641
2026/09/14 06:07:07.626, 7, 0, 78641
2026/09/14 06:07:08.126, 6, 0, 78641
2026/09/14 06:07:08.126, 7, 0, 78641
2026/09/14 06:07:08.626, 6, 0, 78641
2026/09/14 06:07:08.626, 7, 0, 78641
2026/09/14 06:07:09.126, 6, 0, 78641
2026/09/14 06:07:09.127, 7, 0, 78641
2026/09/14 06:07:09.627, 6, 0, 78641
2026/09/14 06:07:09.627, 7, 0, 78641
2026/09/14 06:07:10.127, 6, 0, 78641
2026/09/14 06:07:10.127, 7, 0, 78641
2026/09/14 06:07:10.627, 6, 0, 78641
2026/09/14 06:07:10.628, 7, 0, 78641
2026/09/14 06:07:11.128, 6, 0, 78641
2026/09/14 06:07:11.128, 7, 0, 78641
2026/09/14 06:07:11.628, 6, 0, 78641
2026/09/14 06:07:11.628, 7, 0, 78641
2026/09/14 06:07:12.128, 6, 0, 78641
2026/09/14 06:07:12.128, 7, 0, 78641
2026/09/14 06:07:12.628, 6, 0, 78641
2026/09/14 06:07:12.629, 7, 0, 78641
2026/09/14 06:07:13.129, 6, 4, 78641
2026/09/14 06:07:13.129, 7, 0, 78641
2026/09/14 06:07:13.629, 6, 3, 78641
2026/09/14 06:07:13.629, 7, 3, 78641
2026/09/14 06:07:14.129, 6, 1, 78641
2026/09/14 06:07:14.129, 7, 0, 78641
2026/09/14 06:07:14.629, 6, 0, 78641
2026/09/14 06:07:14.630, 7, 0, 78641
2026/09/14 06:07:15.130, 6, 6, 78641
2026/09/14 06:07:15.131, 7, 1, 78641
2026/09/14 06:07:15.631, 6, 11, 78641
2026/09/14 06:07:15.631, 7, 11, 78641
2026/09/14 06:07:16.131, 6, 30, 78641
2026/09/14 06:07:16.131, 7, 31, 78641
2026/09/14 06:07:16.632, 6, 29, 78641
2026/09/14 06:07:16.632, 7, 30, 78641
2026/09/14 06:07:17.132, 6, 0, 78641
2026/09/14 06:07:17.132, 7, 0, 78641
2026/09/14 06:07:17.632, 6, 0, 78641
2026/09/14 06:07:17.632, 7, 0, 78641
2026/09/14 06:07:18.133, 6, 0, 78641
2026/09/14 06:07:18.133, 7, 0, 78641
2026/09/14 06:07:18.634, 6, 0, 78641
2026/09/14 06:07:18.634, 7, 0, 78641
2026/09/14 06:07:19.134, 6, 0, 78641
2026/09/14 06:07:19.134, 7, 0, 78641
2026/09/14 06:07:19.634, 6, 0, 78641
2026/09/14 06:07:19.635, 7, 0, 78641
2026/09/14 06:07:20.135, 6, 0, 78641
2026/09/14 06:07:20.135, 7, 0, 78641
2026/09/14 06:07:20.635, 6, 0, 78641
2026/09/14 06:07:20.635, 7, 0, 78641
2026/09/14 06:07:21.135, 6, 0, 78641
2026/09/14 06:07:21.135, 7, 0, 78641
2026/09/14 06:07:21.635, 6, 0, 78641
2026/09/14 06:07:21.635, 7, 0, 78641
2026/09/14 06:07:22.136, 6, 0, 78641
2026/09/14 06:07:22.136, 7, 0, 78641
2026/09/14 06:07:22.637, 6, 0, 78641
2026/09/14 06:07:22.638, 7, 0, 78641
2026/09/14 06:07:23.138, 6, 0, 78641
2026/09/14 06:07:23.138, 7, 0, 78641
2026/09/14 06:07:23.638, 6, 0, 78641
2026/09/14 06:07:23.638, 7, 0, 78641
2026/09/14 06:07:24.138, 6, 0, 78641
2026/09/14 06:07:24.138, 7, 0, 78641
2026/09/14 06:07:24.639, 6, 0, 78641
2026/09/14 06:07:24.639, 7, 0, 78641
2026/09/14 06:07:25.139, 6, 0, 78641
2026/09/14 06:07:25.139, 7, 0, 78641
2026/09/14 06:07:25.639, 6, 0, 78641
2026/09/14 06:07:25.640, 7, 0, 78641
2026/09/14 06:07:26.141, 6, 0, 78641
2026/09/14 06:07:26.141, 7, 0, 78641
2026/09/14 06:07:26.641, 6, 0, 78641
2026/09/14 06:07:26.641, 7, 0, 78641
2026/09/14 06:07:27.141, 6, 0, 78641
2026/09/14 06:07:27.141, 7, 0, 78641
2026/09/14 06:07:27.642, 6, 0, 78641
2026/09/14 06:07:27.642, 7, 0, 78641
2026/09/14 06:07:28.142, 6, 0, 78641
2026/09/14 06:07:28.142, 7, 0, 78641
2026/09/14 06:07:28.642, 6, 0, 78641
2026/09/14 06:07:28.643, 7, 0, 78641
2026/09/14 06:07:29.144, 6, 0, 78641
2026/09/14 06:07:29.144, 7, 0, 78641
2026/09/14 06:07:29.644, 6, 0, 78641
2026/09/14 06:07:29.645, 7, 0, 78641
2026/09/14 06:07:30.145, 6, 0, 78641
2026/09/14 06:07:30.145, 7, 0, 78641
2026/09/14 06:07:30.645, 6, 0, 78641
2026/09/14 06:07:30.646, 7, 0, 78641
2026/09/14 06:07:31.146, 6, 0, 78641
2026/09/14 06:07:31.146, 7, 0, 78641
2026/09/14 06:07:31.646, 6, 0, 78641
2026/09/14 06:07:31.646, 7, 0, 78641
2026/09/14 06:07:32.146, 6, 0, 78641
2026/09/14 06:07:32.146, 7, 0, 78641
2026/09/14 06:07:32.646, 6, 0, 78641
2026/09/14 06:07:32.646, 7, 0, 78641
2026/09/14 06:07:33.147, 6, 0, 78641
2026/09/14 06:07:33.147, 7, 0, 78641
2026/09/14 06:07:33.647, 6, 0, 78641
2026/09/14 06:07:33.647, 7, 0, 78641
2026/09/14 06:07:34.148, 6, 0, 78641
2026/09/14 06:07:34.148, 7, 0, 78641
2026/09/14 06:07:34.648, 6, 31, 78641
2026/09/14 06:07:34.648, 7, 30, 78641
2026/09/14 06:07:35.148, 6, 0, 78641
2026/09/14 06:07:35.148, 7, 0, 78641
2026/09/14 06:07:35.648, 6, 0, 78641
2026/09/14 06:07:35.648, 7, 0, 78641
2026/09/14 06:07:36.148, 6, 0, 78641
2026/09/14 06:07:36.149, 7, 0, 78641
2026/09/14 06:07:36.649, 6, 0, 78641
2026/09/14 06:07:36.649, 7, 0, 78641
2026/09/14 06:07:37.150, 6, 0, 78641
2026/09/14 06:07:37.150, 7, 0, 78641
2026/09/14 06:07:37.650, 6, 0, 78641
2026/09/14 06:07:37.650, 7, 0, 78641
2026/09/14 06:07:38.150, 6, 0, 78641
2026/09/14 06:07:38.151, 7, 0, 78641
2026/09/14 06:07:38.651, 6, 0, 78641
2026/09/14 06:07:38.651, 7, 0, 78641
2026/09/14 06:07:39.151, 6, 0, 78641
2026/09/14 06:07:39.151, 7, 0, 78641
2026/09/14 06:07:39.652, 6, 0, 78641
2026/09/14 06:07:39.652, 7, 0, 78641
2026/09/14 06:07:40.153, 6, 0, 78641
2026/09/14 06:07:40.153, 7, 0, 78641
2026/09/14 06:07:40.653, 6, 0, 78641
2026/09/14 06:07:40.653, 7, 0, 78641
2026/09/14 06:07:41.153, 6, 0, 78641
2026/09/14 06:07:41.154, 7, 0, 78641
2026/09/14 06:07:41.654, 6, 0, 78641
2026/09/14 06:07:41.654, 7, 0, 78641
2026/09/14 06:07:42.154, 6, 0, 78641
2026/09/14 06:07:42.155, 7, 0, 78641
2026/09/14 06:07:42.655, 6, 0, 78641
2026/09/14 06:07:42.655, 7, 0, 78641
2026/09/14 06:07:43.155, 6, 0, 78641
2026/09/14 06:07:43.155, 7, 0, 78641
2026/09/14 06:07:43.655, 6, 0, 78641
2026/09/14 06:07:43.655, 7, 0, 78641
2026/09/14 06:07:44.155, 6, 0, 78641
2026/09/14 06:07:44.156, 7, 0, 78641
2026/09/14 06:07:44.656, 6, 0, 78641
2026/09/14 06:07:44.656, 7, 0, 78641
2026/09/14 06:07:45.156, 6, 0, 78641
2026/09/14 06:07:45.156, 7, 0, 78641
2026/09/14 06:07:45.656, 6, 0, 78641
2026/09/14 06:07:45.656, 7, 0, 78641
2026/09/14 06:07:46.157, 6, 0, 78641
2026/09/14 06:07:46.157, 7, 0, 78641
2026/09/14 06:07:46.657, 6, 0, 78641
2026/09/14 06:07:46.657, 7, 0, 78641
2026/09/14 06:07:47.157, 6, 0, 78641
2026/09/14 06:07:47.157, 7, 0, 78641
2026/09/14 06:07:47.657, 6, 0, 78641
2026/09/14 06:07:47.657, 7, 0, 78641
2026/09/14 06:07:48.157, 6, 0, 78641
2026/09/14 06:07:48.158, 7, 0, 78641
2026/09/14 06:07:48.658, 6, 99, 78641
2026/09/14 06:07:48.658, 7, 99, 78641
2026/09/14 06:07:49.158, 6, 100, 78641
2026/09/14 06:07:49.158, 7, 100, 78641
2026/09/14 06:07:49.658, 6, 100, 78641
2026/09/14 06:07:49.658, 7, 100, 78641
2026/09/14 06:07:50.158, 6, 89, 78641
2026/09/14 06:07:50.159, 7, 93, 78641
2026/09/14 06:07:50.659, 6, 100, 78641
2026/09/14 06:07:50.659, 7, 100, 78641
2026/09/14 06:07:51.160, 6, 100, 78641
2026/09/14 06:07:51.160, 7, 100, 78641
2026/09/14 06:07:51.660, 6, 47, 78641
2026/09/14 06:07:51.660, 7, 47, 78641
2026/09/14 06:07:52.160, 6, 99, 78641
2026/09/14 06:07:52.160, 7, 100, 78641
2026/09/14 06:07:52.660, 6, 100, 78641
2026/09/14 06:07:52.660, 7, 100, 78641
2026/09/14 06:07:53.161, 6, 100, 78641
2026/09/14 06:07:53.161, 7, 100, 78641
2026/09/14 06:07:53.661, 6, 99, 78641
2026/09/14 06:07:53.661, 7, 100, 78641
2026/09/14 06:07:54.161, 6, 100, 78641
2026/09/14 06:07:54.161, 7, 100, 78641
2026/09/14 06:07:54.661, 6, 100, 78641
2026/09/14 06:07:54.661, 7, 100, 78641
2026/09/14 06:07:55.162, 6, 53, 78641
2026/09/14 06:07:55.162, 7, 60, 78641
2026/09/14 06:07:55.662, 6, 100, 78641
2026/09/14 06:07:55.662, 7, 100, 78641
2026/09/14 06:07:56.162, 6, 100, 78641
2026/09/14 06:07:56.162, 7, 100, 78641
2026/09/14 06:07:56.664, 6, 91, 78641
2026/09/14 06:07:56.664, 7, 91, 78641
2026/09/14 06:07:57.164, 6, 99, 78641
2026/09/14 06:07:57.165, 7, 100, 78641
2026/09/14 06:07:57.665, 6, 100, 78641
2026/09/14 06:07:57.665, 7, 100, 78641
2026/09/14 06:07:58.165, 6, 100, 78641
2026/09/14 06:07:58.165, 7, 100, 78641
2026/09/14 06:07:58.665, 6, 99, 78641
2026/09/14 06:07:58.665, 7, 90, 78641
2026/09/14 06:07:59.166, 6, 100, 78641
2026/09/14 06:07:59.166, 7, 100, 78641
2026/09/14 06:07:59.666, 6, 100, 78641
2026/09/14 06:07:59.666, 7, 100, 78641
2026/09/14 06:08:00.166, 6, 90, 78641
2026/09/14 06:08:00.166, 7, 90, 78641
2026/09/14 06:08:00.667, 6, 100, 78641
2026/09/14 06:08:00.667, 7, 100, 78641
2026/09/14 06:08:01.167, 6, 100, 78641
2026/09/14 06:08:01.167, 7, 100, 78641
2026/09/14 06:08:01.667, 6, 100, 78641
2026/09/14 06:08:01.668, 7, 46, 78641
2026/09/14 06:08:02.168, 6, 99, 78641
2026/09/14 06:08:02.168, 7, 99, 78641
2026/09/14 06:08:02.668, 6, 100, 78641
2026/09/14 06:08:02.669, 7, 100, 78641
2026/09/14 06:08:03.169, 6, 100, 78641
2026/09/14 06:08:03.169, 7, 100, 78641
2026/09/14 06:08:03.669, 6, 99, 78641
2026/09/14 06:08:03.670, 7, 97, 78641
2026/09/14 06:08:04.171, 6, 100, 78641
2026/09/14 06:08:04.171, 7, 100, 78641
2026/09/14 06:08:04.671, 6, 100, 78641
2026/09/14 06:08:04.671, 7, 100, 78641
2026/09/14 06:08:05.171, 6, 100, 78641
2026/09/14 06:08:05.171, 7, 100, 78641
2026/09/14 06:08:05.671, 6, 99, 78641
2026/09/14 06:08:05.672, 7, 100, 78641
2026/09/14 06:08:06.172, 6, 100, 78641
2026/09/14 06:08:06.172, 7, 100, 78641
2026/09/14 06:08:06.672, 6, 100, 78641
2026/09/14 06:08:06.672, 7, 100, 78641
2026/09/14 06:08:07.172, 6, 99, 78641
2026/09/14 06:08:07.172, 7, 100, 78641
2026/09/14 06:08:07.672, 6, 100, 78641
2026/09/14 06:08:07.672, 7, 100, 78641
2026/09/14 06:08:08.172, 6, 100, 78641
2026/09/14 06:08:08.173, 7, 100, 78641
2026/09/14 06:08:08.673, 6, 63, 78641
2026/09/14 06:08:08.673, 7, 76, 78641
2026/09/14 06:08:09.173, 6, 99, 78641
2026/09/14 06:08:09.173, 7, 100, 78641
2026/09/14 06:08:09.673, 6, 100, 78641
2026/09/14 06:08:09.673, 7, 100, 78641
2026/09/14 06:08:10.174, 6, 100, 78641
2026/09/14 06:08:10.174, 7, 100, 78641
2026/09/14 06:08:10.674, 6, 99, 78641
2026/09/14 06:08:10.674, 7, 100, 78641
2026/09/14 06:08:11.174, 6, 100, 78641
2026/09/14 06:08:11.174, 7, 100, 78641
2026/09/14 06:08:11.674, 6, 100, 78641
2026/09/14 06:08:11.674, 7, 100, 78641
2026/09/14 06:08:12.174, 6, 91, 78641
2026/09/14 06:08:12.175, 7, 99, 78641
2026/09/14 06:08:12.675, 6, 100, 78641
2026/09/14 06:08:12.675, 7, 100, 78641
2026/09/14 06:08:13.175, 6, 100, 78641
2026/09/14 06:08:13.175, 7, 100, 78641
2026/09/14 06:08:13.675, 6, 91, 78641
2026/09/14 06:08:13.676, 7, 92, 78641
2026/09/14 06:08:14.176, 6, 100, 78641
2026/09/14 06:08:14.176, 7, 100, 78641
2026/09/14 06:08:14.676, 6, 100, 78641
2026/09/14 06:08:14.676, 7, 100, 78641
2026/09/14 06:08:15.176, 6, 100, 78641
2026/09/14 06:08:15.177, 7, 100, 78641
2026/09/14 06:08:15.677, 6, 99, 78641
2026/09/14 06:08:15.677, 7, 99, 78641
2026/09/14 06:08:16.177, 6, 100, 78641
2026/09/14 06:08:16.177, 7, 100, 78641
2026/09/14 06:08:16.677, 6, 100, 78641
2026/09/14 06:08:16.677, 7, 100, 78641
2026/09/14 06:08:17.177, 6, 99, 78641
2026/09/14 06:08:17.177, 7, 99, 78641
2026/09/14 06:08:17.678, 6, 100, 78641
2026/09/14 06:08:17.678, 7, 100, 78641
2026/09/14 06:08:18.178, 6, 100, 78641
2026/09/14 06:08:18.178, 7, 100, 78641
2026/09/14 06:08:18.678, 6, 50, 78641
2026/09/14 06:08:18.678, 7, 66, 78641
2026/09/14 06:08:19.178, 6, 99, 78641
2026/09/14 06:08:19.178, 7, 100, 78641
2026/09/14 06:08:19.679, 6, 100, 78641
2026/09/14 06:08:19.679, 7, 100, 78641
2026/09/14 06:08:20.180, 6, 100, 78641
2026/09/14 06:08:20.180, 7, 100, 78641
2026/09/14 06:08:20.681, 6, 99, 78641
2026/09/14 06:08:20.681, 7, 100, 78641
2026/09/14 06:08:21.181, 6, 100, 78641
2026/09/14 06:08:21.181, 7, 100, 78641
2026/09/14 06:08:21.681, 6, 100, 78641
2026/09/14 06:08:21.681, 7, 100, 78641
2026/09/14 06:08:22.181, 6, 78, 78641
2026/09/14 06:08:22.181, 7, 94, 78641
2026/09/14 06:08:22.682, 6, 100, 78641
2026/09/14 06:08:22.682, 7, 100, 78641
2026/09/14 06:08:23.182, 6, 100, 78641
2026/09/14 06:08:23.182, 7, 100, 78641
2026/09/14 06:08:23.682, 6, 91, 78641
2026/09/14 06:08:23.682, 7, 91, 78641
2026/09/14 06:08:24.183, 6, 99, 78641
2026/09/14 06:08:24.183, 7, 100, 78641
2026/09/14 06:08:24.683, 6, 100, 78641
2026/09/14 06:08:24.683, 7, 100, 78641
2026/09/14 06:08:25.183, 6, 100, 78641
2026/09/14 06:08:25.183, 7, 100, 78641
2026/09/14 06:08:25.683, 6, 99, 78641
2026/09/14 06:08:25.683, 7, 99, 78641
2026/09/14 06:08:26.183, 6, 100, 78641
2026/09/14 06:08:26.183, 7, 100, 78641
2026/09/14 06:08:26.684, 6, 100, 78641
2026/09/14 06:08:26.684, 7, 100, 78641
2026/09/14 06:08:27.184, 6, 92, 78641
2026/09/14 06:08:27.184, 7, 99, 78641
2026/09/14 06:08:27.684, 6, 100, 78641
2026/09/14 06:08:27.684, 7, 100, 78641
2026/09/14 06:08:28.184, 6, 100, 78641
2026/09/14 06:08:28.184, 7, 100, 78641
2026/09/14 06:08:28.684, 6, 15, 78641
2026/09/14 06:08:28.684, 7, 0, 78641
2026/09/14 06:08:29.185, 6, 99, 78641
2026/09/14 06:08:29.185, 7, 99, 78641
2026/09/14 06:08:29.685, 6, 100, 78641
2026/09/14 06:08:29.685, 7, 100, 78641
2026/09/14 06:08:30.185, 6, 100, 78641
2026/09/14 06:08:30.185, 7, 100, 78641
2026/09/14 06:08:30.685, 6, 0, 78641
2026/09/14 06:08:30.695, 7, 66, 78641
2026/09/14 06:08:31.195, 6, 0, 78641
2026/09/14 06:08:31.196, 7, 0, 78641
2026/09/14 06:08:31.696, 6, 11, 78641
2026/09/14 06:08:31.696, 7, 11, 78641
2026/09/14 06:08:32.196, 6, 0, 78641
2026/09/14 06:08:32.196, 7, 0, 78641
2026/09/14 06:08:32.696, 6, 0, 78641
2026/09/14 06:08:32.696, 7, 3, 78641
2026/09/14 06:08:33.197, 6, 3, 78641
2026/09/14 06:08:33.197, 7, 3, 78641
2026/09/14 06:08:33.697, 6, 3, 78641
2026/09/14 06:08:33.697, 7, 3, 78641
2026/09/14 06:08:34.197, 6, 21, 78641
2026/09/14 06:08:34.197, 7, 32, 78641
2026/09/14 06:08:34.697, 6, 0, 78641
2026/09/14 06:08:34.698, 7, 0, 78641
2026/09/14 06:08:35.198, 6, 0, 78641
2026/09/14 06:08:35.198, 7, 0, 78641
2026/09/14 06:08:35.698, 6, 0, 78641
2026/09/14 06:08:35.698, 7, 0, 78641
2026/09/14 06:08:36.198, 6, 0, 78641
2026/09/14 06:08:36.198, 7, 0, 78641
2026/09/14 06:08:36.698, 6, 0, 78641
2026/09/14 06:08:36.699, 7, 0, 78641
2026/09/14 06:08:37.199, 6, 0, 78641
2026/09/14 06:08:37.199, 7, 0, 78641
2026/09/14 06:08:37.699, 6, 0, 78641
2026/09/14 06:08:37.699, 7, 0, 78641
2026/09/14 06:08:38.199, 6, 0, 78641
2026/09/14 06:08:38.199, 7, 0, 78641
2026/09/14 06:08:38.699, 6, 0, 78641
2026/09/14 06:08:38.700, 7, 0, 78641
2026/09/14 06:08:39.200, 6, 0, 78641
2026/09/14 06:08:39.200, 7, 0, 78641
2026/09/14 06:08:39.700, 6, 0, 78641
2026/09/14 06:08:39.700, 7, 0, 78641
2026/09/14 06:08:40.200, 6, 0, 78641
2026/09/14 06:08:40.200, 7, 0, 78641
2026/09/14 06:08:40.700, 6, 0, 78641
2026/09/14 06:08:40.700, 7, 0, 78641
2026/09/14 06:08:41.201, 6, 0, 78641
2026/09/14 06:08:41.201, 7, 0, 78641
2026/09/14 06:08:41.701, 6, 12, 78641
2026/09/14 06:08:41.701, 7, 1, 78641
2026/09/14 06:08:42.201, 6, 0, 78641
2026/09/14 06:08:42.201, 7, 0, 78641
2026/09/14 06:08:42.701, 6, 0, 78641
2026/09/14 06:08:42.701, 7, 0, 78641
2026/09/14 06:08:43.201, 6, 0, 78641
2026/09/14 06:08:43.201, 7, 0, 78641
2026/09/14 06:08:43.702, 6, 2, 78641
2026/09/14 06:08:43.702, 7, 2, 78641
2026/09/14 06:08:44.202, 6, 0, 78641
2026/09/14 06:08:44.202, 7, 0, 78641
2026/09/14 06:08:44.702, 6, 0, 78641
2026/09/14 06:08:44.703, 7, 0, 78641
2026/09/14 06:08:45.203, 6, 0, 78641
2026/09/14 06:08:45.204, 7, 0, 78641
2026/09/14 06:08:45.704, 6, 31, 78641
2026/09/14 06:08:45.705, 7, 30, 78641
2026/09/14 06:08:46.206, 6, 30, 78641
2026/09/14 06:08:46.206, 7, 29, 78641
2026/09/14 06:08:46.706, 6, 10, 78641
2026/09/14 06:08:46.706, 7, 6, 78641
2026/09/14 06:08:47.206, 6, 0, 78641
2026/09/14 06:08:47.206, 7, 0, 78641
2026/09/14 06:08:47.706, 6, 0, 78641
2026/09/14 06:08:47.706, 7, 0, 78641
2026/09/14 06:08:48.207, 6, 0, 78641
2026/09/14 06:08:48.207, 7, 0, 78641
2026/09/14 06:08:48.707, 6, 0, 78641
2026/09/14 06:08:48.707, 7, 0, 78641
2026/09/14 06:08:49.207, 6, 0, 78641
2026/09/14 06:08:49.207, 7, 0, 78641
2026/09/14 06:08:49.707, 6, 0, 78641
2026/09/14 06:08:49.707, 7, 0, 78641
2026/09/14 06:08:50.207, 6, 0, 78641
2026/09/14 06:08:50.207, 7, 0, 78641
2026/09/14 06:08:50.708, 6, 0, 78641
2026/09/14 06:08:50.708, 7, 0, 78641
2026/09/14 06:08:51.208, 6, 0, 78641
2026/09/14 06:08:51.208, 7, 0, 78641
2026/09/14 06:08:51.708, 6, 0, 78641
2026/09/14 06:08:51.708, 7, 0, 78641
2026/09/14 06:08:52.208, 6, 0, 78641
2026/09/14 06:08:52.208, 7, 0, 78641
2026/09/14 06:08:52.708, 6, 0, 78641
2026/09/14 06:08:52.708, 7, 0, 78641
2026/09/14 06:08:53.208, 6, 0, 78641
2026/09/14 06:08:53.209, 7, 0, 78641
2026/09/14 06:08:53.709, 6, 0, 78641
2026/09/14 06:08:53.709, 7, 0, 78641
2026/09/14 06:08:54.209, 6, 0, 78641
2026/09/14 06:08:54.210, 7, 0, 78641
2026/09/14 06:08:54.710, 6, 0, 78641
2026/09/14 06:08:54.710, 7, 0, 78641
2026/09/14 06:08:55.210, 6, 0, 78641
2026/09/14 06:08:55.210, 7, 0, 78641
2026/09/14 06:08:55.710, 6, 0, 78641
2026/09/14 06:08:55.710, 7, 0, 78641
2026/09/14 06:08:56.210, 6, 0, 78641
2026/09/14 06:08:56.210, 7, 0, 78641
2026/09/14 06:08:56.710, 6, 0, 78641
2026/09/14 06:08:56.711, 7, 0, 78641
2026/09/14 06:08:57.212, 6, 0, 78641
2026/09/14 06:08:57.212, 7, 0, 78641
2026/09/14 06:08:57.712, 6, 0, 78641
2026/09/14 06:08:57.712, 7, 0, 78641
2026/09/14 06:08:58.212, 6, 0, 78641
2026/09/14 06:08:58.213, 7, 0, 78641
2026/09/14 06:08:58.713, 6, 0, 78641
2026/09/14 06:08:58.713, 7, 0, 78641
2026/09/14 06:08:59.214, 6, 0, 78641
2026/09/14 06:08:59.214, 7, 0, 78641
2026/09/14 06:08:59.714, 6, 0, 78641
2026/09/14 06:08:59.714, 7, 0, 78641
2026/09/14 06:09:00.214, 6, 0, 78641
2026/09/14 06:09:00.214, 7, 0, 78641
2026/09/14 06:09:00.714, 6, 0, 78641
2026/09/14 06:09:00.714, 7, 0, 78641
2026/09/14 06:09:01.215, 6, 0, 78641
2026/09/14 06:09:01.215, 7, 0, 78641
2026/09/14 06:09:01.715, 6, 0, 78641
2026/09/14 06:09:01.715, 7, 0, 78641
2026/09/14 06:09:02.216, 6, 0, 78641
2026/09/14 06:09:02.216, 7, 0, 78641
2026/09/14 06:09:02.716, 6, 12, 78641
2026/09/14 06:09:02.717, 7, 21, 78641
2026/09/14 06:09:03.217, 6, 31, 78641
2026/09/14 06:09:03.217, 7, 30, 78641
2026/09/14 06:09:03.717, 6, 0, 78641
2026/09/14 06:09:03.717, 7, 0, 78641
2026/09/14 06:09:04.218, 6, 0, 78641
2026/09/14 06:09:04.218, 7, 0, 78641
2026/09/14 06:09:04.718, 6, 0, 78641
2026/09/14 06:09:04.718, 7, 0, 78641
2026/09/14 06:09:05.218, 6, 0, 78641
2026/09/14 06:09:05.218, 7, 0, 78641
2026/09/14 06:09:05.718, 6, 0, 78641
2026/09/14 06:09:05.718, 7, 0, 78641
2026/09/14 06:09:06.218, 6, 0, 78641
2026/09/14 06:09:06.218, 7, 0, 78641
2026/09/14 06:09:06.719, 6, 0, 78641
2026/09/14 06:09:06.719, 7, 0, 78641
2026/09/14 06:09:07.219, 6, 0, 78641
2026/09/14 06:09:07.219, 7, 0, 78641
2026/09/14 06:09:07.719, 6, 0, 78641
2026/09/14 06:09:07.719, 7, 0, 78641
2026/09/14 06:09:08.219, 6, 0, 78641
2026/09/14 06:09:08.219, 7, 0, 78641
2026/09/14 06:09:08.719, 6, 0, 78641
2026/09/14 06:09:08.719, 7, 0, 78641
2026/09/14 06:09:09.220, 6, 0, 78641
2026/09/14 06:09:09.220, 7, 0, 78641
2026/09/14 06:09:09.720, 6, 0, 78641
2026/09/14 06:09:09.720, 7, 0, 78641
2026/09/14 06:09:10.221, 6, 0, 78641
2026/09/14 06:09:10.221, 7, 0, 78641
2026/09/14 06:09:10.721, 6, 0, 78641
2026/09/14 06:09:10.723, 7, 0, 78641
2026/09/14 06:09:11.223, 6, 0, 78641
2026/09/14 06:09:11.223, 7, 0, 78641
2026/09/14 06:09:11.723, 6, 0, 78641
2026/09/14 06:09:11.723, 7, 0, 78641
2026/09/14 06:09:12.224, 6, 0, 78641
2026/09/14 06:09:12.224, 7, 0, 78641
2026/09/14 06:09:12.724, 6, 0, 78641
2026/09/14 06:09:12.724, 7, 0, 78641
2026/09/14 06:09:13.224, 6, 0, 78641
2026/09/14 06:09:13.224, 7, 0, 78641
2026/09/14 06:09:13.724, 6, 0, 78641
2026/09/14 06:09:13.724, 7, 0, 78641
2026/09/14 06:09:14.224, 6, 0, 78641
2026/09/14 06:09:14.225, 7, 0, 78641
2026/09/14 06:09:14.725, 6, 2, 78641
2026/09/14 06:09:14.725, 7, 0, 78641
2026/09/14 06:09:15.225, 6, 0, 78641
2026/09/14 06:09:15.225, 7, 0, 78641
2026/09/14 06:09:15.725, 6, 0, 78641
2026/09/14 06:09:15.726, 7, 0, 78641
2026/09/14 06:09:16.226, 6, 0, 78641
2026/09/14 06:09:16.226, 7, 1, 78641
2026/09/14 06:09:16.726, 6, 31, 78641
2026/09/14 06:09:16.726, 7, 30, 78641
2026/09/14 06:09:17.226, 6, 0, 78641
2026/09/14 06:09:17.226, 7, 0, 78641
2026/09/14 06:09:17.727, 6, 0, 78641
2026/09/14 06:09:17.727, 7, 0, 78641
2026/09/14 06:09:18.227, 6, 0, 78641
2026/09/14 06:09:18.227, 7, 0, 78641
2026/09/14 06:09:18.727, 6, 0, 78641
2026/09/14 06:09:18.728, 7, 0, 78641
2026/09/14 06:09:19.229, 6, 0, 78641
2026/09/14 06:09:19.230, 7, 0, 78641
2026/09/14 06:09:19.730, 6, 0, 78641
2026/09/14 06:09:19.730, 7, 0, 78641
2026/09/14 06:09:20.230, 6, 0, 78641
2026/09/14 06:09:20.230, 7, 0, 78641
2026/09/14 06:09:20.730, 6, 0, 78641
2026/09/14 06:09:20.730, 7, 0, 78641
2026/09/14 06:09:21.230, 6, 0, 78641
2026/09/14 06:09:21.231, 7, 0, 78641
2026/09/14 06:09:21.732, 6, 0, 78641
2026/09/14 06:09:21.732, 7, 0, 78641
2026/09/14 06:09:22.232, 6, 0, 78641
2026/09/14 06:09:22.234, 7, 0, 78641
2026/09/14 06:09:22.734, 6, 0, 78641
2026/09/14 06:09:22.734, 7, 0, 78641
2026/09/14 06:09:23.234, 6, 0, 78641
2026/09/14 06:09:23.234, 7, 0, 78641
2026/09/14 06:09:23.734, 6, 0, 78641
2026/09/14 06:09:23.734, 7, 0, 78641
2026/09/14 06:09:24.235, 6, 0, 78641
2026/09/14 06:09:24.235, 7, 12, 78641
2026/09/14 06:09:24.735, 6, 0, 78641
2026/09/14 06:09:24.735, 7, 0, 78641
2026/09/14 06:09:25.242, 6, 6, 78641
2026/09/14 06:09:25.242, 7, 6, 78641
2026/09/14 06:09:25.742, 6, 3, 78641
2026/09/14 06:09:25.742, 7, 3, 78641
2026/09/14 06:09:26.242, 6, 12, 78641
2026/09/14 06:09:26.243, 7, 12, 78641
2026/09/14 06:09:26.743, 6, 0, 78641
2026/09/14 06:09:26.743, 7, 0, 78641
2026/09/14 06:09:27.243, 6, 2, 78641
2026/09/14 06:09:27.243, 7, 6, 78641
2026/09/14 06:09:27.743, 6, 11, 78641
2026/09/14 06:09:27.765, 7, 21, 78641
2026/09/14 06:09:28.266, 6, 30, 78641
2026/09/14 06:09:28.267, 7, 29, 78641
2026/09/14 06:09:28.767, 6, 30, 78641
2026/09/14 06:09:28.767, 7, 30, 78641
2026/09/14 06:09:29.267, 6, 0, 78641
2026/09/14 06:09:29.267, 7, 0, 78641
2026/09/14 06:09:29.767, 6, 0, 78641
2026/09/14 06:09:29.767, 7, 0, 78641
2026/09/14 06:09:30.267, 6, 0, 78641
2026/09/14 06:09:30.267, 7, 0, 78641
2026/09/14 06:09:30.768, 6, 0, 78641
2026/09/14 06:09:30.768, 7, 0, 78641
2026/09/14 06:09:31.268, 6, 0, 78641
2026/09/14 06:09:31.269, 7, 0, 78641
2026/09/14 06:09:31.769, 6, 0, 78641
2026/09/14 06:09:31.769, 7, 0, 78641
2026/09/14 06:09:32.269, 6, 0, 78641
2026/09/14 06:09:32.269, 7, 0, 78641
2026/09/14 06:09:32.769, 6, 0, 78641
2026/09/14 06:09:32.769, 7, 0, 78641
2026/09/14 06:09:33.270, 6, 0, 78641
2026/09/14 06:09:33.270, 7, 0, 78641
2026/09/14 06:09:33.770, 6, 0, 78641
2026/09/14 06:09:33.770, 7, 0, 78641
2026/09/14 06:09:34.270, 6, 0, 78641
2026/09/14 06:09:34.270, 7, 0, 78641
2026/09/14 06:09:34.771, 6, 0, 78641
2026/09/14 06:09:34.771, 7, 0, 78641
2026/09/14 06:09:35.271, 6, 0, 78641
2026/09/14 06:09:35.271, 7, 0, 78641
2026/09/14 06:09:35.771, 6, 0, 78641
2026/09/14 06:09:35.771, 7, 0, 78641
2026/09/14 06:09:36.271, 6, 0, 78641
2026/09/14 06:09:36.271, 7, 0, 78641
2026/09/14 06:09:36.771, 6, 0, 78641
2026/09/14 06:09:36.772, 7, 0, 78641
2026/09/14 06:09:37.272, 6, 0, 78641
2026/09/14 06:09:37.272, 7, 0, 78641
2026/09/14 06:09:37.772, 6, 0, 78641
2026/09/14 06:09:37.772, 7, 0, 78641
2026/09/14 06:09:38.272, 6, 0, 78641
2026/09/14 06:09:38.273, 7, 0, 78641
2026/09/14 06:09:38.773, 6, 0, 78641
2026/09/14 06:09:38.773, 7, 0, 78641
2026/09/14 06:09:39.273, 6, 0, 78641
2026/09/14 06:09:39.273, 7, 0, 78641
2026/09/14 06:09:39.774, 6, 0, 78641
2026/09/14 06:09:39.774, 7, 0, 78641
2026/09/14 06:09:40.274, 6, 0, 78641
2026/09/14 06:09:40.274, 7, 0, 78641
2026/09/14 06:09:40.774, 6, 0, 78641
2026/09/14 06:09:40.774, 7, 0, 78641
2026/09/14 06:09:41.274, 6, 0, 78641
2026/09/14 06:09:41.274, 7, 0, 78641
2026/09/14 06:09:41.775, 6, 0, 78641
2026/09/14 06:09:41.775, 7, 0, 78641
2026/09/14 06:09:42.275, 6, 0, 78641
2026/09/14 06:09:42.275, 7, 0, 78641
2026/09/14 06:09:42.775, 6, 0, 78641
2026/09/14 06:09:42.775, 7, 0, 78641
2026/09/14 06:09:43.276, 6, 0, 78641
2026/09/14 06:09:43.276, 7, 0, 78641
2026/09/14 06:09:43.776, 6, 0, 78641
2026/09/14 06:09:43.776, 7, 0, 78641
2026/09/14 06:09:44.276, 6, 0, 78641
2026/09/14 06:09:44.278, 7, 0, 78641
2026/09/14 06:09:44.779, 6, 0, 78641
2026/09/14 06:09:44.780, 7, 0, 78641
2026/09/14 06:09:45.280, 6, 30, 78641
2026/09/14 06:09:45.280, 7, 30, 78641
2026/09/14 06:09:45.780, 6, 0, 78641
2026/09/14 06:09:45.780, 7, 0, 78641
2026/09/14 06:09:46.280, 6, 0, 78641
2026/09/14 06:09:46.280, 7, 0, 78641
2026/09/14 06:09:46.780, 6, 0, 78641
2026/09/14 06:09:46.781, 7, 0, 78641
2026/09/14 06:09:47.281, 6, 0, 78641
2026/09/14 06:09:47.281, 7, 0, 78641
2026/09/14 06:09:47.781, 6, 0, 78641
2026/09/14 06:09:47.781, 7, 0, 78641
2026/09/14 06:09:48.281, 6, 0, 78641
2026/09/14 06:09:48.281, 7, 0, 78641
2026/09/14 06:09:48.781, 6, 0, 78641
2026/09/14 06:09:48.782, 7, 0, 78641
2026/09/14 06:09:49.282, 6, 0, 78641
2026/09/14 06:09:49.282, 7, 0, 78641
2026/09/14 06:09:49.782, 6, 0, 78641
2026/09/14 06:09:49.782, 7, 0, 78641
2026/09/14 06:09:50.282, 6, 0, 78641
2026/09/14 06:09:50.282, 7, 0, 78641
2026/09/14 06:09:50.782, 6, 0, 78641
2026/09/14 06:09:50.782, 7, 0, 78641
2026/09/14 06:09:51.283, 6, 0, 78641
2026/09/14 06:09:51.283, 7, 0, 78641
2026/09/14 06:09:51.783, 6, 0, 78641
2026/09/14 06:09:51.783, 7, 0, 78641
2026/09/14 06:09:52.283, 6, 0, 78641
2026/09/14 06:09:52.283, 7, 0, 78641
2026/09/14 06:09:52.783, 6, 0, 78641
2026/09/14 06:09:52.783, 7, 0, 78641
2026/09/14 06:09:53.283, 6, 0, 78641
2026/09/14 06:09:53.283, 7, 0, 78641
2026/09/14 06:09:53.784, 6, 11, 78641
2026/09/14 06:09:53.784, 7, 19, 78641
2026/09/14 06:09:54.284, 6, 0, 78641
2026/09/14 06:09:54.284, 7, 0, 78641
2026/09/14 06:09:54.784, 6, 0, 78641
2026/09/14 06:09:54.784, 7, 0, 78641
2026/09/14 06:09:55.284, 6, 0, 78641
2026/09/14 06:09:55.285, 7, 0, 78641
2026/09/14 06:09:55.785, 6, 0, 78641
2026/09/14 06:09:55.785, 7, 0, 78641
2026/09/14 06:09:56.285, 6, 0, 78641
2026/09/14 06:09:56.285, 7, 0, 78641
2026/09/14 06:09:56.785, 6, 0, 78641
2026/09/14 06:09:56.785, 7, 0, 78641
2026/09/14 06:09:57.285, 6, 0, 78641
2026/09/14 06:09:57.285, 7, 0, 78641
2026/09/14 06:09:57.785, 6, 0, 78641
2026/09/14 06:09:57.786, 7, 9, 78641
2026/09/14 06:09:58.286, 6, 0, 78641
2026/09/14 06:09:58.286, 7, 0, 78641
2026/09/14 06:09:58.786, 6, 13, 78641
2026/09/14 06:09:58.786, 7, 11, 78641
2026/09/14 06:09:59.286, 6, 8, 78641
2026/09/14 06:09:59.286, 7, 8, 78641
2026/09/14 06:09:59.786, 6, 0, 78641
2026/09/14 06:09:59.786, 7, 0, 78641
2026/09/14 06:10:00.286, 6, 0, 78641
2026/09/14 06:10:00.287, 7, 0, 78641
2026/09/14 06:10:00.787, 6, 0, 78641
2026/09/14 06:10:00.787, 7, 0, 78641
2026/09/14 06:10:01.287, 6, 0, 78641
2026/09/14 06:10:01.287, 7, 0, 78641
2026/09/14 06:10:01.787, 6, 0, 78641
2026/09/14 06:10:01.787, 7, 0, 78641
2026/09/14 06:10:02.288, 6, 0, 78641
2026/09/14 06:10:02.288, 7, 0, 78641
2026/09/14 06:10:02.788, 6, 0, 78641
2026/09/14 06:10:02.788, 7, 0, 78641
2026/09/14 06:10:03.288, 6, 0, 78641
2026/09/14 06:10:03.288, 7, 0, 78641
2026/09/14 06:10:03.788, 6, 0, 78641
2026/09/14 06:10:03.788, 7, 0, 78641
2026/09/14 06:10:04.288, 6, 0, 78641
2026/09/14 06:10:04.288, 7, 0, 78641
2026/09/14 06:10:04.789, 6, 0, 78641
2026/09/14 06:10:04.789, 7, 0, 78641
2026/09/14 06:10:05.289, 6, 0, 78641
2026/09/14 06:10:05.289, 7, 0, 78641
2026/09/14 06:10:05.789, 6, 0, 78641
2026/09/14 06:10:05.789, 7, 0, 78641
2026/09/14 06:10:06.289, 6, 11, 78641
2026/09/14 06:10:06.290, 7, 0, 78641
2026/09/14 06:10:06.790, 6, 0, 78641
2026/09/14 06:10:06.790, 7, 0, 78641
2026/09/14 06:10:07.290, 6, 0, 78641
2026/09/14 06:10:07.290, 7, 0, 78641
2026/09/14 06:10:07.790, 6, 0, 78641
2026/09/14 06:10:07.790, 7, 6, 78641
2026/09/14 06:10:08.290, 6, 0, 78641
2026/09/14 06:10:08.290, 7, 0, 78641
2026/09/14 06:10:08.791, 6, 1, 78641
2026/09/14 06:10:08.791, 7, 1, 78641
2026/09/14 06:10:09.291, 6, 0, 78641
2026/09/14 06:10:09.291, 7, 0, 78641
2026/09/14 06:10:09.791, 6, 6, 78641
2026/09/14 06:10:09.791, 7, 6, 78641
2026/09/14 06:10:10.291, 6, 31, 78641
2026/09/14 06:10:10.291, 7, 31, 78641
2026/09/14 06:10:10.792, 6, 31, 78641
2026/09/14 06:10:10.792, 7, 30, 78641
2026/09/14 06:10:11.292, 6, 30, 78641
2026/09/14 06:10:11.292, 7, 20, 78641
2026/09/14 06:10:11.792, 6, 0, 78641
2026/09/14 06:10:11.792, 7, 0, 78641
2026/09/14 06:10:12.292, 6, 0, 78641
2026/09/14 06:10:12.292, 7, 0, 78641
2026/09/14 06:10:12.792, 6, 0, 78641
2026/09/14 06:10:12.793, 7, 0, 78641
2026/09/14 06:10:13.294, 6, 0, 78641
2026/09/14 06:10:13.294, 7, 0, 78641
2026/09/14 06:10:13.794, 6, 0, 78641
2026/09/14 06:10:13.795, 7, 0, 78641
2026/09/14 06:10:14.295, 6, 0, 78641
2026/09/14 06:10:14.295, 7, 0, 78641
2026/09/14 06:10:14.795, 6, 0, 78641
2026/09/14 06:10:14.795, 7, 0, 78641
2026/09/14 06:10:15.295, 6, 0, 78641
2026/09/14 06:10:15.295, 7, 0, 78641
2026/09/14 06:10:15.795, 6, 0, 78641
2026/09/14 06:10:15.795, 7, 0, 78641
2026/09/14 06:10:16.296, 6, 0, 78641
2026/09/14 06:10:16.296, 7, 0, 78641
2026/09/14 06:10:16.796, 6, 0, 78641
2026/09/14 06:10:16.796, 7, 0, 78641
2026/09/14 06:10:17.297, 6, 0, 78641
2026/09/14 06:10:17.297, 7, 0, 78641
2026/09/14 06:10:17.797, 6, 0, 78641
2026/09/14 06:10:17.797, 7, 0, 78641
2026/09/14 06:10:18.297, 6, 0, 78641
2026/09/14 06:10:18.299, 7, 0, 78641
2026/09/14 06:10:18.799, 6, 0, 78641
2026/09/14 06:10:18.799, 7, 0, 78641
2026/09/14 06:10:19.300, 6, 0, 78641
2026/09/14 06:10:19.300, 7, 0, 78641
2026/09/14 06:10:19.800, 6, 0, 78641
2026/09/14 06:10:19.800, 7, 0, 78641
2026/09/14 06:10:20.300, 6, 0, 78641
2026/09/14 06:10:20.300, 7, 0, 78641
2026/09/14 06:10:20.800, 6, 0, 78641
2026/09/14 06:10:20.801, 7, 0, 78641
2026/09/14 06:10:21.302, 6, 0, 78641
2026/09/14 06:10:21.302, 7, 0, 78641
2026/09/14 06:10:21.802, 6, 0, 78641
2026/09/14 06:10:21.802, 7, 0, 78641
2026/09/14 06:10:22.303, 6, 0, 78641
2026/09/14 06:10:22.303, 7, 0, 78641
2026/09/14 06:10:22.803, 6, 0, 78641
2026/09/14 06:10:22.803, 7, 0, 78641
2026/09/14 06:10:23.303, 6, 0, 78641
2026/09/14 06:10:23.303, 7, 0, 78641
2026/09/14 06:10:23.803, 6, 0, 78641
2026/09/14 06:10:23.803, 7, 0, 78641
2026/09/14 06:10:24.303, 6, 0, 78641
2026/09/14 06:10:24.304, 7, 0, 78641
2026/09/14 06:10:24.804, 6, 0, 78641
2026/09/14 06:10:24.804, 7, 0, 78641
2026/09/14 06:10:25.304, 6, 0, 78641
2026/09/14 06:10:25.304, 7, 0, 78641
2026/09/14 06:10:25.804, 6, 0, 78641
2026/09/14 06:10:25.804, 7, 0, 78641
2026/09/14 06:10:26.304, 6, 0, 78641
2026/09/14 06:10:26.304, 7, 0, 78641
2026/09/14 06:10:26.805, 6, 0, 78641
2026/09/14 06:10:26.807, 7, 0, 78641
2026/09/14 06:10:27.307, 6, 0, 78641
2026/09/14 06:10:27.307, 7, 0, 78641
2026/09/14 06:10:27.807, 6, 0, 78641
2026/09/14 06:10:27.808, 7, 0, 78641
2026/09/14 06:10:28.308, 6, 30, 78641
2026/09/14 06:10:28.309, 7, 30, 78641
2026/09/14 06:10:28.809, 6, 0, 78641
2026/09/14 06:10:28.809, 7, 0, 78641
2026/09/14 06:10:29.309, 6, 0, 78641
2026/09/14 06:10:29.309, 7, 0, 78641
2026/09/14 06:10:29.809, 6, 0, 78641
2026/09/14 06:10:29.809, 7, 0, 78641
2026/09/14 06:10:30.309, 6, 0, 78641
2026/09/14 06:10:30.309, 7, 0, 78641
2026/09/14 06:10:30.809, 6, 0, 78641
2026/09/14 06:10:30.810, 7, 0, 78641
2026/09/14 06:10:31.310, 6, 0, 78641
2026/09/14 06:10:31.310, 7, 0, 78641
2026/09/14 06:10:31.810, 6, 0, 78641
2026/09/14 06:10:31.811, 7, 0, 78641
2026/09/14 06:10:32.311, 6, 0, 78641
2026/09/14 06:10:32.311, 7, 0, 78641
2026/09/14 06:10:32.811, 6, 0, 78641
2026/09/14 06:10:32.812, 7, 0, 78641
2026/09/14 06:10:33.312, 6, 0, 78641
2026/09/14 06:10:33.312, 7, 0, 78641
2026/09/14 06:10:33.812, 6, 0, 78641
2026/09/14 06:10:33.812, 7, 0, 78641
2026/09/14 06:10:34.312, 6, 0, 78641
2026/09/14 06:10:34.312, 7, 0, 78641
2026/09/14 06:10:34.813, 6, 0, 78641
2026/09/14 06:10:34.813, 7, 0, 78641
2026/09/14 06:10:35.313, 6, 0, 78641
2026/09/14 06:10:35.313, 7, 0, 78641
2026/09/14 06:10:35.813, 6, 0, 78641
2026/09/14 06:10:35.813, 7, 0, 78641
2026/09/14 06:10:36.313, 6, 0, 78641
2026/09/14 06:10:36.314, 7, 0, 78641
2026/09/14 06:10:36.814, 6, 24, 78641
2026/09/14 06:10:36.815, 7, 23, 78641
2026/09/14 06:10:37.315, 6, 0, 78641
2026/09/14 06:10:37.315, 7, 0, 78641
2026/09/14 06:10:37.815, 6, 0, 78641
2026/09/14 06:10:37.815, 7, 0, 78641
2026/09/14 06:10:38.315, 6, 0, 78641
2026/09/14 06:10:38.315, 7, 0, 78641
2026/09/14 06:10:38.815, 6, 0, 78641
2026/09/14 06:10:38.816, 7, 10, 78641
2026/09/14 06:10:39.316, 6, 0, 78641
2026/09/14 06:10:39.316, 7, 0, 78641
2026/09/14 06:10:39.816, 6, 0, 78641
2026/09/14 06:10:39.817, 7, 0, 78641
2026/09/14 06:10:40.317, 6, 0, 78641
2026/09/14 06:10:40.317, 7, 0, 78641
2026/09/14 06:10:40.817, 6, 9, 78641
2026/09/14 06:10:40.817, 7, 9, 78641
2026/09/14 06:10:41.317, 6, 0, 78641
2026/09/14 06:10:41.318, 7, 0, 78641
2026/09/14 06:10:41.818, 6, 12, 78641
2026/09/14 06:10:41.818, 7, 11, 78641
2026/09/14 06:10:42.318, 6, 0, 78641
2026/09/14 06:10:42.318, 7, 0, 78641
2026/09/14 06:10:42.818, 6, 0, 78641
2026/09/14 06:10:42.818, 7, 2, 78641
2026/09/14 06:10:43.318, 6, 0, 78641
2026/09/14 06:10:43.324, 7, 0, 78641
2026/09/14 06:10:43.824, 6, 0, 78641
2026/09/14 06:10:43.824, 7, 0, 78641
2026/09/14 06:10:44.324, 6, 3, 78641
2026/09/14 06:10:44.325, 7, 3, 78641
2026/09/14 06:10:44.825, 6, 0, 78641
2026/09/14 06:10:44.825, 7, 0, 78641
2026/09/14 06:10:45.325, 6, 31, 78641
2026/09/14 06:10:45.325, 7, 29, 78641
2026/09/14 06:10:45.825, 6, 18, 78641
2026/09/14 06:10:45.825, 7, 14, 78641
2026/09/14 06:10:46.325, 6, 0, 78641
2026/09/14 06:10:46.325, 7, 0, 78641
2026/09/14 06:10:46.825, 6, 0, 78641
2026/09/14 06:10:46.826, 7, 0, 78641
2026/09/14 06:10:47.326, 6, 0, 78641
2026/09/14 06:10:47.326, 7, 0, 78641
2026/09/14 06:10:47.826, 6, 0, 78641
2026/09/14 06:10:47.826, 7, 0, 78641
2026/09/14 06:10:48.326, 6, 0, 78641
2026/09/14 06:10:48.327, 7, 0, 78641
2026/09/14 06:10:48.827, 6, 0, 78641
2026/09/14 06:10:48.827, 7, 0, 78641
2026/09/14 06:10:49.327, 6, 0, 78641
2026/09/14 06:10:49.327, 7, 0, 78641
2026/09/14 06:10:49.827, 6, 0, 78641
2026/09/14 06:10:49.827, 7, 0, 78641
2026/09/14 06:10:50.327, 6, 0, 78641
2026/09/14 06:10:50.328, 7, 0, 78641
2026/09/14 06:10:50.828, 6, 0, 78641
2026/09/14 06:10:50.828, 7, 0, 78641
2026/09/14 06:10:51.328, 6, 0, 78641
2026/09/14 06:10:51.328, 7, 0, 78641
2026/09/14 06:10:51.829, 6, 0, 78641
2026/09/14 06:10:51.829, 7, 0, 78641
2026/09/14 06:10:52.329, 6, 0, 78641
2026/09/14 06:10:52.329, 7, 0, 78641
2026/09/14 06:10:52.829, 6, 0, 78641
2026/09/14 06:10:52.829, 7, 0, 78641
2026/09/14 06:10:53.329, 6, 0, 78641
2026/09/14 06:10:53.329, 7, 0, 78641
2026/09/14 06:10:53.829, 6, 0, 78641
2026/09/14 06:10:53.830, 7, 0, 78641
2026/09/14 06:10:54.331, 6, 0, 78641
2026/09/14 06:10:54.331, 7, 0, 78641
2026/09/14 06:10:54.831, 6, 3, 78641
2026/09/14 06:10:54.831, 7, 3, 78641
2026/09/14 06:10:55.332, 6, 0, 78641
2026/09/14 06:10:55.332, 7, 0, 78641
2026/09/14 06:10:55.832, 6, 0, 78641
2026/09/14 06:10:55.832, 7, 0, 78641
2026/09/14 06:10:56.332, 6, 0, 78641
2026/09/14 06:10:56.332, 7, 0, 78641
2026/09/14 06:10:56.832, 6, 21, 78641
2026/09/14 06:10:56.832, 7, 28, 78641
2026/09/14 06:10:57.333, 6, 30, 78641
2026/09/14 06:10:57.333, 7, 30, 78641
2026/09/14 06:10:57.833, 6, 29, 78641
2026/09/14 06:10:57.833, 7, 28, 78641
2026/09/14 06:10:58.333, 6, 0, 78641
2026/09/14 06:10:58.333, 7, 0, 78641
2026/09/14 06:10:58.834, 6, 0, 78641
2026/09/14 06:10:58.834, 7, 0, 78641
2026/09/14 06:10:59.334, 6, 0, 78641
2026/09/14 06:10:59.334, 7, 0, 78641
2026/09/14 06:10:59.834, 6, 0, 78641
2026/09/14 06:10:59.835, 7, 0, 78641
2026/09/14 06:11:00.335, 6, 0, 78641
2026/09/14 06:11:00.335, 7, 0, 78641
2026/09/14 06:11:00.835, 6, 0, 78641
2026/09/14 06:11:00.835, 7, 0, 78641
2026/09/14 06:11:01.336, 6, 0, 78641
2026/09/14 06:11:01.336, 7, 0, 78641
2026/09/14 06:11:01.836, 6, 0, 78641
2026/09/14 06:11:01.836, 7, 0, 78641
2026/09/14 06:11:02.336, 6, 0, 78641
2026/09/14 06:11:02.336, 7, 0, 78641
2026/09/14 06:11:02.838, 6, 0, 78641
2026/09/14 06:11:02.838, 7, 0, 78641
2026/09/14 06:11:03.338, 6, 0, 78641
2026/09/14 06:11:03.339, 7, 0, 78641
2026/09/14 06:11:03.839, 6, 0, 78641
2026/09/14 06:11:03.839, 7, 0, 78641
2026/09/14 06:11:04.339, 6, 0, 78641
2026/09/14 06:11:04.339, 7, 0, 78641
2026/09/14 06:11:04.839, 6, 0, 78641
2026/09/14 06:11:04.839, 7, 0, 78641
2026/09/14 06:11:05.339, 6, 0, 78641
2026/09/14 06:11:05.340, 7, 0, 78641
2026/09/14 06:11:05.840, 6, 0, 78641
2026/09/14 06:11:05.840, 7, 0, 78641
2026/09/14 06:11:06.340, 6, 0, 78641
2026/09/14 06:11:06.340, 7, 0, 78641
2026/09/14 06:11:06.840, 6, 0, 78641
2026/09/14 06:11:06.841, 7, 0, 78641
2026/09/14 06:11:07.341, 6, 0, 78641
2026/09/14 06:11:07.341, 7, 0, 78641
2026/09/14 06:11:07.841, 6, 0, 78641
2026/09/14 06:11:07.841, 7, 0, 78641
2026/09/14 06:11:08.341, 6, 0, 78641
2026/09/14 06:11:08.341, 7, 0, 78641
2026/09/14 06:11:08.841, 6, 0, 78641
2026/09/14 06:11:08.841, 7, 0, 78641
2026/09/14 06:11:09.342, 6, 0, 78641
2026/09/14 06:11:09.342, 7, 0, 78641
2026/09/14 06:11:09.842, 6, 0, 78641
2026/09/14 06:11:09.842, 7, 0, 78641
2026/09/14 06:11:10.342, 6, 0, 78641
2026/09/14 06:11:10.343, 7, 0, 78641
2026/09/14 06:11:10.843, 6, 0, 78641
2026/09/14 06:11:10.843, 7, 0, 78641
2026/09/14 06:11:11.343, 6, 0, 78641
2026/09/14 06:11:11.343, 7, 0, 78641
2026/09/14 06:11:11.843, 6, 0, 78641
2026/09/14 06:11:11.844, 7, 0, 78641
2026/09/14 06:11:12.344, 6, 0, 78641
2026/09/14 06:11:12.344, 7, 0, 78641
2026/09/14 06:11:12.844, 6, 0, 78641
2026/09/14 06:11:12.844, 7, 0, 78641
2026/09/14 06:11:13.344, 6, 0, 78641
2026/09/14 06:11:13.344, 7, 0, 78641
2026/09/14 06:11:13.844, 6, 0, 78641
2026/09/14 06:11:13.844, 7, 0, 78641
2026/09/14 06:11:14.344, 6, 0, 78641
2026/09/14 06:11:14.345, 7, 0, 78641
2026/09/14 06:11:14.845, 6, 17, 78641
2026/09/14 06:11:14.845, 7, 21, 78641
2026/09/14 06:11:15.345, 6, 0, 78641
2026/09/14 06:11:15.345, 7, 0, 78641
2026/09/14 06:11:15.845, 6, 0, 78641
2026/09/14 06:11:15.846, 7, 0, 78641
2026/09/14 06:11:16.346, 6, 0, 78641
2026/09/14 06:11:16.346, 7, 0, 78641
2026/09/14 06:11:16.846, 6, 0, 78641
2026/09/14 06:11:16.846, 7, 0, 78641
2026/09/14 06:11:17.346, 6, 0, 78641
2026/09/14 06:11:17.346, 7, 0, 78641
2026/09/14 06:11:17.846, 6, 0, 78641
2026/09/14 06:11:17.846, 7, 0, 78641
2026/09/14 06:11:18.346, 6, 0, 78641
2026/09/14 06:11:18.347, 7, 0, 78641
2026/09/14 06:11:18.847, 6, 0, 78641
2026/09/14 06:11:18.847, 7, 0, 78641
2026/09/14 06:11:19.347, 6, 0, 78641
2026/09/14 06:11:19.347, 7, 0, 78641
2026/09/14 06:11:19.847, 6, 0, 78641
2026/09/14 06:11:19.847, 7, 0, 78641
2026/09/14 06:11:20.347, 6, 0, 78641
2026/09/14 06:11:20.347, 7, 0, 78641
2026/09/14 06:11:20.847, 6, 0, 78641
2026/09/14 06:11:20.848, 7, 0, 78641
2026/09/14 06:11:21.348, 6, 0, 78641
2026/09/14 06:11:21.349, 7, 0, 78641
2026/09/14 06:11:21.849, 6, 0, 78641
2026/09/14 06:11:21.849, 7, 0, 78641
2026/09/14 06:11:22.349, 6, 0, 78641
2026/09/14 06:11:22.349, 7, 0, 78641
2026/09/14 06:11:22.849, 6, 0, 78641
2026/09/14 06:11:22.849, 7, 0, 78641
2026/09/14 06:11:23.349, 6, 2, 78641
2026/09/14 06:11:23.349, 7, 11, 78641
2026/09/14 06:11:23.850, 6, 0, 78641
2026/09/14 06:11:23.850, 7, 0, 78641
2026/09/14 06:11:24.350, 6, 0, 78641
2026/09/14 06:11:24.350, 7, 0, 78641
2026/09/14 06:11:24.850, 6, 0, 78641
2026/09/14 06:11:24.850, 7, 0, 78641
2026/09/14 06:11:25.350, 6, 0, 78641
2026/09/14 06:11:25.350, 7, 0, 78641
2026/09/14 06:11:25.851, 6, 7, 78641
2026/09/14 06:11:25.851, 7, 1, 78641
2026/09/14 06:11:26.351, 6, 0, 78641
2026/09/14 06:11:26.351, 7, 0, 78641
2026/09/14 06:11:26.851, 6, 9, 78641
2026/09/14 06:11:26.851, 7, 9, 78641
2026/09/14 06:11:27.351, 6, 0, 78641
2026/09/14 06:11:27.351, 7, 0, 78641
2026/09/14 06:11:27.851, 6, 0, 78641
2026/09/14 06:11:27.851, 7, 0, 78641
2026/09/14 06:11:28.352, 6, 2, 78641
2026/09/14 06:11:28.352, 7, 2, 78641
2026/09/14 06:11:28.852, 6, 99, 78641
2026/09/14 06:11:28.852, 7, 100, 78641
2026/09/14 06:11:29.352, 6, 100, 78641
2026/09/14 06:11:29.352, 7, 100, 78641
2026/09/14 06:11:29.852, 6, 100, 78641
2026/09/14 06:11:29.852, 7, 100, 78641
2026/09/14 06:11:30.352, 6, 99, 78641
2026/09/14 06:11:30.352, 7, 99, 78641
2026/09/14 06:11:30.852, 6, 100, 78641
2026/09/14 06:11:30.853, 7, 100, 78641
2026/09/14 06:11:31.353, 6, 100, 78641
2026/09/14 06:11:31.353, 7, 100, 78641
2026/09/14 06:11:31.853, 6, 96, 78641
2026/09/14 06:11:31.853, 7, 91, 78641
2026/09/14 06:11:32.353, 6, 100, 78641
2026/09/14 06:11:32.353, 7, 100, 78641
2026/09/14 06:11:32.853, 6, 100, 78641
2026/09/14 06:11:32.855, 7, 100, 78641
2026/09/14 06:11:33.359, 6, 100, 78641
2026/09/14 06:11:33.359, 7, 100, 78641
2026/09/14 06:11:33.859, 6, 99, 78641
2026/09/14 06:11:33.859, 7, 51, 78641
2026/09/14 06:11:34.359, 6, 100, 78641
2026/09/14 06:11:34.359, 7, 100, 78641
2026/09/14 06:11:34.859, 6, 100, 78641
2026/09/14 06:11:34.859, 7, 100, 78641
2026/09/14 06:11:35.359, 6, 91, 78641
2026/09/14 06:11:35.360, 7, 91, 78641
2026/09/14 06:11:35.860, 6, 99, 78641
2026/09/14 06:11:35.860, 7, 100, 78641
2026/09/14 06:11:36.360, 6, 100, 78641
2026/09/14 06:11:36.360, 7, 100, 78641
2026/09/14 06:11:36.860, 6, 100, 78641
2026/09/14 06:11:36.860, 7, 100, 78641
2026/09/14 06:11:37.360, 6, 99, 78641
2026/09/14 06:11:37.362, 7, 100, 78641
2026/09/14 06:11:37.862, 6, 100, 78641
2026/09/14 06:11:37.862, 7, 100, 78641
2026/09/14 06:11:38.362, 6, 100, 78641
2026/09/14 06:11:38.362, 7, 100, 78641
2026/09/14 06:11:38.863, 6, 91, 78641
2026/09/14 06:11:38.863, 7, 91, 78641
2026/09/14 06:11:39.363, 6, 100, 78641
2026/09/14 06:11:39.364, 7, 100, 78641
2026/09/14 06:11:39.865, 6, 100, 78641
2026/09/14 06:11:39.865, 7, 100, 78641
2026/09/14 06:11:40.365, 6, 62, 78641
2026/09/14 06:11:40.365, 7, 50, 78641
2026/09/14 06:11:40.865, 6, 99, 78641
2026/09/14 06:11:40.865, 7, 100, 78641
2026/09/14 06:11:41.365, 6, 100, 78641
2026/09/14 06:11:41.367, 7, 100, 78641
2026/09/14 06:11:41.867, 6, 100, 78641
2026/09/14 06:11:41.867, 7, 100, 78641
2026/09/14 06:11:42.367, 6, 99, 78641
2026/09/14 06:11:42.367, 7, 100, 78641
2026/09/14 06:11:42.867, 6, 100, 78641
2026/09/14 06:11:42.867, 7, 100, 78641
2026/09/14 06:11:43.367, 6, 100, 78641
2026/09/14 06:11:43.367, 7, 100, 78641
2026/09/14 06:11:43.868, 6, 44, 78641
2026/09/14 06:11:43.869, 7, 43, 78641
2026/09/14 06:11:44.369, 6, 100, 78641
2026/09/14 06:11:44.370, 7, 100, 78641
2026/09/14 06:11:44.870, 6, 100, 78641
2026/09/14 06:11:44.871, 7, 100, 78641
2026/09/14 06:11:45.372, 6, 100, 78641
2026/09/14 06:11:45.372, 7, 92, 78641
2026/09/14 06:11:45.872, 6, 100, 78641
2026/09/14 06:11:45.872, 7, 100, 78641
2026/09/14 06:11:46.372, 6, 100, 78641
2026/09/14 06:11:46.372, 7, 100, 78641
2026/09/14 06:11:46.873, 6, 100, 78641
2026/09/14 06:11:46.875, 7, 100, 78641
2026/09/14 06:11:47.375, 6, 99, 78641
2026/09/14 06:11:47.375, 7, 99, 78641
2026/09/14 06:11:47.875, 6, 100, 78641
2026/09/14 06:11:47.875, 7, 100, 78641
2026/09/14 06:11:48.375, 6, 100, 78641
2026/09/14 06:11:48.375, 7, 100, 78641
2026/09/14 06:11:48.876, 6, 99, 78641
2026/09/14 06:11:48.876, 7, 89, 78641
2026/09/14 06:11:49.378, 6, 100, 78641
2026/09/14 06:11:49.378, 7, 100, 78641
2026/09/14 06:11:49.878, 6, 100, 78641
2026/09/14 06:11:49.878, 7, 100, 78641
2026/09/14 06:11:50.378, 6, 87, 78641
2026/09/14 06:11:50.379, 7, 72, 78641
2026/09/14 06:11:50.879, 6, 99, 78641
2026/09/14 06:11:50.879, 7, 99, 78641
2026/09/14 06:11:51.379, 6, 100, 78641
2026/09/14 06:11:51.379, 7, 100, 78641
2026/09/14 06:11:51.879, 6, 100, 78641
2026/09/14 06:11:51.879, 7, 100, 78641
2026/09/14 06:11:52.379, 6, 99, 78641
2026/09/14 06:11:52.379, 7, 100, 78641
2026/09/14 06:11:52.879, 6, 100, 78641
2026/09/14 06:11:52.880, 7, 100, 78641
2026/09/14 06:11:53.380, 6, 100, 78641
2026/09/14 06:11:53.430, 7, 100, 78641
2026/09/14 06:11:53.930, 6, 72, 78641
2026/09/14 06:11:53.930, 7, 87, 78641
2026/09/14 06:11:54.430, 6, 100, 78641
2026/09/14 06:11:54.431, 7, 100, 78641
2026/09/14 06:11:54.931, 6, 100, 78641
2026/09/14 06:11:54.931, 7, 100, 78641
2026/09/14 06:11:55.431, 6, 100, 78641
2026/09/14 06:11:55.431, 7, 100, 78641
2026/09/14 06:11:55.932, 6, 99, 78641
2026/09/14 06:11:55.932, 7, 100, 78641
2026/09/14 06:11:56.432, 6, 100, 78641
2026/09/14 06:11:56.432, 7, 100, 78641
2026/09/14 06:11:56.932, 6, 100, 78641
2026/09/14 06:11:56.932, 7, 100, 78641
2026/09/14 06:11:57.432, 6, 90, 78641
2026/09/14 06:11:57.434, 7, 99, 78641
2026/09/14 06:11:57.935, 6, 100, 78641
2026/09/14 06:11:57.935, 7, 100, 78641
2026/09/14 06:11:58.436, 6, 100, 78641
2026/09/14 06:11:58.436, 7, 100, 78641
2026/09/14 06:11:58.936, 6, 90, 78641
2026/09/14 06:11:58.936, 7, 90, 78641
2026/09/14 06:11:59.436, 6, 100, 78641
2026/09/14 06:11:59.436, 7, 100, 78641
2026/09/14 06:11:59.936, 6, 100, 78641
2026/09/14 06:11:59.936, 7, 100, 78641
2026/09/14 06:12:00.436, 6, 100, 78641
2026/09/14 06:12:00.437, 7, 100, 78641
2026/09/14 06:12:00.937, 6, 99, 78641
2026/09/14 06:12:00.937, 7, 99, 78641
2026/09/14 06:12:01.437, 6, 100, 78641
2026/09/14 06:12:01.437, 7, 100, 78641
2026/09/14 06:12:01.937, 6, 100, 78641
2026/09/14 06:12:01.937, 7, 100, 78641
2026/09/14 06:12:02.438, 6, 99, 78641
2026/09/14 06:12:02.438, 7, 99, 78641
2026/09/14 06:12:02.938, 6, 100, 78641
2026/09/14 06:12:02.938, 7, 100, 78641
2026/09/14 06:12:03.438, 6, 100, 78641
2026/09/14 06:12:03.438, 7, 100, 78641
2026/09/14 06:12:03.939, 6, 54, 78641
2026/09/14 06:12:03.939, 7, 64, 78641
2026/09/14 06:12:04.439, 6, 99, 78641
2026/09/14 06:12:04.439, 7, 100, 78641
2026/09/14 06:12:04.939, 6, 100, 78641
2026/09/14 06:12:04.939, 7, 100, 78641
2026/09/14 06:12:05.439, 6, 100, 78641
2026/09/14 06:12:05.439, 7, 100, 78641
2026/09/14 06:12:05.939, 6, 99, 78641
2026/09/14 06:12:05.940, 7, 100, 78641
2026/09/14 06:12:06.440, 6, 100, 78641
2026/09/14 06:12:06.440, 7, 100, 78641
2026/09/14 06:12:06.941, 6, 100, 78641
2026/09/14 06:12:06.941, 7, 100, 78641
2026/09/14 06:12:07.442, 6, 84, 78641
2026/09/14 06:12:07.442, 7, 94, 78641
2026/09/14 06:12:07.942, 6, 100, 78641
2026/09/14 06:12:07.942, 7, 100, 78641
2026/09/14 06:12:08.442, 6, 100, 78641
2026/09/14 06:12:08.442, 7, 100, 78641
2026/09/14 06:12:08.942, 6, 100, 78641
2026/09/14 06:12:08.942, 7, 90, 78641
2026/09/14 06:12:09.442, 6, 99, 78641
2026/09/14 06:12:09.442, 7, 100, 78641
2026/09/14 06:12:09.943, 6, 100, 78641
2026/09/14 06:12:09.943, 7, 100, 78641
2026/09/14 06:12:10.443, 6, 100, 78641
2026/09/14 06:12:10.443, 7, 100, 78641
2026/09/14 06:12:10.943, 6, 99, 78641
2026/09/14 06:12:10.943, 7, 99, 78641
2026/09/14 06:12:11.443, 6, 100, 78641
2026/09/14 06:12:11.443, 7, 100, 78641
2026/09/14 06:12:11.943, 6, 100, 78641
2026/09/14 06:12:11.944, 7, 100, 78641
2026/09/14 06:12:12.445, 6, 94, 78641
2026/09/14 06:12:12.445, 7, 91, 78641
2026/09/14 06:12:12.946, 6, 100, 78641
2026/09/14 06:12:12.946, 7, 100, 78641
2026/09/14 06:12:13.446, 6, 100, 78641
2026/09/14 06:12:13.446, 7, 100, 78641
2026/09/14 06:12:13.946, 6, 100, 78641
2026/09/14 06:12:13.946, 7, 100, 78641
2026/09/14 06:12:14.446, 6, 99, 78641
2026/09/14 06:12:14.447, 7, 99, 78641
2026/09/14 06:12:14.948, 6, 100, 78641
2026/09/14 06:12:14.948, 7, 100, 78641
2026/09/14 06:12:15.449, 6, 100, 78641
2026/09/14 06:12:15.449, 7, 100, 78641
2026/09/14 06:12:15.949, 6, 99, 78641
2026/09/14 06:12:15.949, 7, 100, 78641
2026/09/14 06:12:16.449, 6, 100, 78641
2026/09/14 06:12:16.449, 7, 100, 78641
2026/09/14 06:12:16.949, 6, 100, 78641
2026/09/14 06:12:16.949, 7, 100, 78641
2026/09/14 06:12:17.449, 6, 81, 78641
2026/09/14 06:12:17.450, 7, 72, 78641
2026/09/14 06:12:17.950, 6, 99, 78641
2026/09/14 06:12:17.950, 7, 100, 78641
2026/09/14 06:12:18.450, 6, 100, 78641
2026/09/14 06:12:18.451, 7, 100, 78641
2026/09/14 06:12:18.951, 6, 100, 78641
2026/09/14 06:12:18.951, 7, 100, 78641
2026/09/14 06:12:19.451, 6, 99, 78641
2026/09/14 06:12:19.451, 7, 100, 78641
2026/09/14 06:12:19.951, 6, 100, 78641
2026/09/14 06:12:19.951, 7, 100, 78641
2026/09/14 06:12:20.451, 6, 100, 78641
2026/09/14 06:12:20.452, 7, 100, 78641
2026/09/14 06:12:20.952, 6, 99, 78641
2026/09/14 06:12:20.952, 7, 99, 78641
2026/09/14 06:12:21.452, 6, 100, 78641
2026/09/14 06:12:21.452, 7, 100, 78641
2026/09/14 06:12:21.952, 6, 100, 78641
2026/09/14 06:12:21.952, 7, 100, 78641
2026/09/14 06:12:22.452, 6, 100, 78641
2026/09/14 06:12:22.453, 7, 92, 78641
2026/09/14 06:12:22.953, 6, 100, 78641
2026/09/14 06:12:22.953, 7, 100, 78641
2026/09/14 06:12:23.453, 6, 100, 78641
2026/09/14 06:12:23.453, 7, 100, 78641
2026/09/14 06:12:23.953, 6, 100, 78641
2026/09/14 06:12:23.953, 7, 100, 78641
2026/09/14 06:12:24.453, 6, 99, 78641
2026/09/14 06:12:24.453, 7, 100, 78641
2026/09/14 06:12:24.953, 6, 100, 78641
2026/09/14 06:12:24.953, 7, 100, 78641
2026/09/14 06:12:25.454, 6, 100, 78641
2026/09/14 06:12:25.454, 7, 100, 78641
2026/09/14 06:12:25.954, 6, 99, 78641
2026/09/14 06:12:25.954, 7, 100, 78641
2026/09/14 06:12:26.454, 6, 100, 78641
2026/09/14 06:12:26.455, 7, 100, 78641
2026/09/14 06:12:26.955, 6, 100, 78641
2026/09/14 06:12:26.955, 7, 100, 78641
2026/09/14 06:12:27.456, 6, 88, 78641
2026/09/14 06:12:27.456, 7, 76, 78641
2026/09/14 06:12:27.956, 6, 99, 78641
2026/09/14 06:12:27.956, 7, 100, 78641
2026/09/14 06:12:28.457, 6, 100, 78641
2026/09/14 06:12:28.457, 7, 100, 78641
2026/09/14 06:12:28.957, 6, 100, 78641
2026/09/14 06:12:28.957, 7, 100, 78641
2026/09/14 06:12:29.458, 6, 99, 78641
2026/09/14 06:12:29.458, 7, 100, 78641
2026/09/14 06:12:29.958, 6, 100, 78641
2026/09/14 06:12:29.958, 7, 100, 78641
2026/09/14 06:12:30.458, 6, 100, 78641
2026/09/14 06:12:30.458, 7, 100, 78641
2026/09/14 06:12:30.958, 6, 92, 78641
2026/09/14 06:12:30.958, 7, 99, 78641
2026/09/14 06:12:31.458, 6, 100, 78641
2026/09/14 06:12:31.458, 7, 100, 78641
2026/09/14 06:12:31.959, 6, 100, 78641
2026/09/14 06:12:31.959, 7, 100, 78641
2026/09/14 06:12:32.459, 6, 100, 78641
2026/09/14 06:12:32.459, 7, 100, 78641
2026/09/14 06:12:32.959, 6, 100, 78641
2026/09/14 06:12:32.959, 7, 100, 78641
2026/09/14 06:12:33.459, 6, 100, 78641
2026/09/14 06:12:33.459, 7, 100, 78641
2026/09/14 06:12:33.960, 6, 100, 78641
2026/09/14 06:12:33.960, 7, 100, 78641
2026/09/14 06:12:34.460, 6, 99, 78641
2026/09/14 06:12:34.460, 7, 100, 78641
2026/09/14 06:12:34.960, 6, 100, 78641
2026/09/14 06:12:34.961, 7, 100, 78641
2026/09/14 06:12:35.461, 6, 100, 78641
2026/09/14 06:12:35.462, 7, 100, 78641
2026/09/14 06:12:35.962, 6, 99, 78641
2026/09/14 06:12:35.962, 7, 99, 78641
2026/09/14 06:12:36.463, 6, 100, 78641
2026/09/14 06:12:36.463, 7, 100, 78641
2026/09/14 06:12:36.963, 6, 100, 78641
2026/09/14 06:12:36.963, 7, 100, 78641
2026/09/14 06:12:37.463, 6, 100, 78641
2026/09/14 06:12:37.463, 7, 93, 78641
2026/09/14 06:12:37.963, 6, 99, 78641
2026/09/14 06:12:37.963, 7, 100, 78641
2026/09/14 06:12:38.464, 6, 100, 78641
2026/09/14 06:12:38.464, 7, 100, 78641
2026/09/14 06:12:38.964, 6, 100, 78641
2026/09/14 06:12:38.965, 7, 100, 78641
2026/09/14 06:12:39.465, 6, 99, 78641
2026/09/14 06:12:39.465, 7, 100, 78641
2026/09/14 06:12:39.965, 6, 100, 78641
2026/09/14 06:12:39.965, 7, 100, 78641
2026/09/14 06:12:40.465, 6, 100, 78641
2026/09/14 06:12:40.465, 7, 100, 78641
2026/09/14 06:12:40.966, 6, 80, 78641
2026/09/14 06:12:40.966, 7, 90, 78641
2026/09/14 06:12:41.466, 6, 100, 78641
2026/09/14 06:12:41.466, 7, 100, 78641
2026/09/14 06:12:41.966, 6, 100, 78641
2026/09/14 06:12:41.966, 7, 100, 78641
2026/09/14 06:12:42.467, 6, 100, 78641
2026/09/14 06:12:42.467, 7, 100, 78641
2026/09/14 06:12:42.967, 6, 99, 78641
2026/09/14 06:12:42.967, 7, 100, 78641
2026/09/14 06:12:43.467, 6, 100, 78641
2026/09/14 06:12:43.467, 7, 100, 78641
2026/09/14 06:12:43.967, 6, 100, 78641
2026/09/14 06:12:43.967, 7, 100, 78641
2026/09/14 06:12:44.467, 6, 52, 78641
2026/09/14 06:12:44.468, 7, 99, 78641
2026/09/14 06:12:44.968, 6, 100, 78641
2026/09/14 06:12:44.968, 7, 100, 78641
2026/09/14 06:12:45.468, 6, 100, 78641
2026/09/14 06:12:45.468, 7, 100, 78641
2026/09/14 06:12:45.968, 6, 100, 78641
2026/09/14 06:12:45.969, 7, 97, 78641
2026/09/14 06:12:46.469, 6, 99, 78641
2026/09/14 06:12:46.469, 7, 100, 78641
2026/09/14 06:12:46.969, 6, 100, 78641
2026/09/14 06:12:46.969, 7, 100, 78641
2026/09/14 06:12:47.469, 6, 100, 78641
2026/09/14 06:12:47.469, 7, 100, 78641
2026/09/14 06:12:47.969, 6, 99, 78641
2026/09/14 06:12:47.969, 7, 99, 78641
2026/09/14 06:12:48.470, 6, 100, 78641
2026/09/14 06:12:48.470, 7, 100, 78641
2026/09/14 06:12:48.970, 6, 100, 78641
2026/09/14 06:12:48.970, 7, 100, 78641
2026/09/14 06:12:49.470, 6, 91, 78641
2026/09/14 06:12:49.470, 7, 90, 78641
2026/09/14 06:12:49.970, 6, 100, 78641
2026/09/14 06:12:49.970, 7, 100, 78641
2026/09/14 06:12:50.470, 6, 100, 78641
2026/09/14 06:12:50.471, 7, 100, 78641
2026/09/14 06:12:50.971, 6, 97, 78641
2026/09/14 06:12:50.971, 7, 89, 78641
2026/09/14 06:12:51.471, 6, 49, 78641
2026/09/14 06:12:51.471, 7, 57, 78641
2026/09/14 06:12:51.971, 6, 100, 78641
2026/09/14 06:12:51.971, 7, 100, 78641
2026/09/14 06:12:52.471, 6, 100, 78641
2026/09/14 06:12:52.471, 7, 100, 78641
2026/09/14 06:12:52.972, 6, 72, 78641
2026/09/14 06:12:52.972, 7, 65, 78641
2026/09/14 06:12:53.472, 6, 0, 78641
2026/09/14 06:12:53.472, 7, 0, 78641
2026/09/14 06:12:53.973, 6, 0, 78641
2026/09/14 06:12:53.973, 7, 0, 78641
2026/09/14 06:12:54.473, 6, 0, 78641
2026/09/14 06:12:54.474, 7, 0, 78641
2026/09/14 06:12:54.974, 6, 0, 78641
2026/09/14 06:12:54.974, 7, 0, 78641
2026/09/14 06:12:55.474, 6, 3, 78641
2026/09/14 06:12:55.474, 7, 3, 78641
2026/09/14 06:12:55.974, 6, 3, 78641
2026/09/14 06:12:55.974, 7, 3, 78641
2026/09/14 06:12:56.474, 6, 0, 78641
2026/09/14 06:12:56.474, 7, 0, 78641
2026/09/14 06:12:56.975, 6, 28, 78641
2026/09/14 06:12:56.976, 7, 27, 78641
2026/09/14 06:12:57.476, 6, 0, 78641
2026/09/14 06:12:57.476, 7, 0, 78641
2026/09/14 06:12:57.976, 6, 0, 78641
2026/09/14 06:12:57.977, 7, 0, 78641
2026/09/14 06:12:58.477, 6, 0, 78641
2026/09/14 06:12:58.477, 7, 0, 78641
2026/09/14 06:12:58.977, 6, 0, 78641
2026/09/14 06:12:58.977, 7, 0, 78641
2026/09/14 06:12:59.477, 6, 0, 78641
2026/09/14 06:12:59.477, 7, 0, 78641
2026/09/14 06:12:59.977, 6, 0, 78641
2026/09/14 06:12:59.978, 7, 0, 78641
2026/09/14 06:13:00.478, 6, 0, 78641
2026/09/14 06:13:00.478, 7, 0, 78641
2026/09/14 06:13:00.978, 6, 0, 78641
2026/09/14 06:13:00.978, 7, 0, 78641
2026/09/14 06:13:01.478, 6, 0, 78641
2026/09/14 06:13:01.478, 7, 0, 78641
2026/09/14 06:13:01.979, 6, 0, 78641
2026/09/14 06:13:01.979, 7, 0, 78641
2026/09/14 06:13:02.479, 6, 0, 78641
2026/09/14 06:13:02.479, 7, 0, 78641
2026/09/14 06:13:02.979, 6, 0, 78641
2026/09/14 06:13:02.979, 7, 0, 78641
2026/09/14 06:13:03.479, 6, 0, 78641
2026/09/14 06:13:03.479, 7, 0, 78641
2026/09/14 06:13:03.979, 6, 0, 78641
2026/09/14 06:13:03.980, 7, 0, 78641
2026/09/14 06:13:04.481, 6, 0, 78641
2026/09/14 06:13:04.484, 7, 1, 78641
2026/09/14 06:13:04.984, 6, 0, 78641
2026/09/14 06:13:04.984, 7, 0, 78641
2026/09/14 06:13:05.484, 6, 0, 78641
2026/09/14 06:13:05.484, 7, 6, 78641
2026/09/14 06:13:05.984, 6, 3, 78641
2026/09/14 06:13:05.984, 7, 3, 78641
2026/09/14 06:13:06.485, 6, 0, 78641
2026/09/14 06:13:06.485, 7, 12, 78641
2026/09/14 06:13:06.985, 6, 0, 78641
2026/09/14 06:13:06.985, 7, 0, 78641
2026/09/14 06:13:07.486, 6, 0, 78641
2026/09/14 06:13:07.486, 7, 6, 78641
2026/09/14 06:13:07.986, 6, 21, 78641
2026/09/14 06:13:07.987, 7, 21, 78641
2026/09/14 06:13:08.487, 6, 29, 78641
2026/09/14 06:13:08.487, 7, 31, 78641
2026/09/14 06:13:08.987, 6, 21, 78641
2026/09/14 06:13:08.987, 7, 18, 78641
2026/09/14 06:13:09.487, 6, 0, 78641
2026/09/14 06:13:09.487, 7, 0, 78641
2026/09/14 06:13:09.987, 6, 0, 78641
2026/09/14 06:13:09.987, 7, 0, 78641
2026/09/14 06:13:10.488, 6, 0, 78641
2026/09/14 06:13:10.489, 7, 0, 78641
2026/09/14 06:13:10.990, 6, 0, 78641
2026/09/14 06:13:10.991, 7, 0, 78641
2026/09/14 06:13:11.491, 6, 0, 78641
2026/09/14 06:13:11.491, 7, 0, 78641
2026/09/14 06:13:11.991, 6, 0, 78641
2026/09/14 06:13:11.991, 7, 0, 78641
2026/09/14 06:13:12.491, 6, 0, 78641
2026/09/14 06:13:12.491, 7, 0, 78641
2026/09/14 06:13:12.991, 6, 0, 78641
2026/09/14 06:13:12.991, 7, 0, 78641
2026/09/14 06:13:13.492, 6, 0, 78641
2026/09/14 06:13:13.492, 7, 0, 78641
2026/09/14 06:13:13.992, 6, 0, 78641
2026/09/14 06:13:13.992, 7, 0, 78641
2026/09/14 06:13:14.492, 6, 0, 78641
2026/09/14 06:13:14.492, 7, 0, 78641
2026/09/14 06:13:14.993, 6, 0, 78641
2026/09/14 06:13:14.993, 7, 0, 78641
2026/09/14 06:13:15.494, 6, 0, 78641
2026/09/14 06:13:15.494, 7, 0, 78641
2026/09/14 06:13:15.994, 6, 0, 78641
2026/09/14 06:13:15.994, 7, 0, 78641
2026/09/14 06:13:16.495, 6, 0, 78641
2026/09/14 06:13:16.495, 7, 0, 78641
2026/09/14 06:13:16.995, 6, 0, 78641
2026/09/14 06:13:16.995, 7, 0, 78641
2026/09/14 06:13:17.495, 6, 0, 78641
2026/09/14 06:13:17.495, 7, 0, 78641
2026/09/14 06:13:17.995, 6, 0, 78641
2026/09/14 06:13:17.999, 7, 0, 78641
2026/09/14 06:13:18.504, 6, 0, 78641
2026/09/14 06:13:18.504, 7, 0, 78641
2026/09/14 06:13:19.004, 6, 0, 78641
2026/09/14 06:13:19.005, 7, 0, 78641
2026/09/14 06:13:19.505, 6, 0, 78641
2026/09/14 06:13:19.505, 7, 0, 78641
2026/09/14 06:13:20.006, 6, 0, 78641
2026/09/14 06:13:20.006, 7, 0, 78641
2026/09/14 06:13:20.506, 6, 0, 78641
2026/09/14 06:13:20.506, 7, 0, 78641
2026/09/14 06:13:21.006, 6, 0, 78641
2026/09/14 06:13:21.006, 7, 0, 78641
2026/09/14 06:13:21.507, 6, 0, 78641
2026/09/14 06:13:21.507, 7, 0, 78641
2026/09/14 06:13:22.007, 6, 0, 78641
2026/09/14 06:13:22.007, 7, 0, 78641
2026/09/14 06:13:22.507, 6, 0, 78641
2026/09/14 06:13:22.507, 7, 0, 78641
2026/09/14 06:13:23.007, 6, 0, 78641
2026/09/14 06:13:23.007, 7, 0, 78641
2026/09/14 06:13:23.507, 6, 0, 78641
2026/09/14 06:13:23.508, 7, 0, 78641
2026/09/14 06:13:24.008, 6, 0, 78641
2026/09/14 06:13:24.008, 7, 0, 78641
2026/09/14 06:13:24.508, 6, 0, 78641
2026/09/14 06:13:24.508, 7, 0, 78641
2026/09/14 06:13:25.008, 6, 0, 78641
2026/09/14 06:13:25.008, 7, 0, 78641
2026/09/14 06:13:25.509, 6, 11, 78641
2026/09/14 06:13:25.509, 7, 11, 78641
2026/09/14 06:13:26.009, 6, 30, 78641
2026/09/14 06:13:26.009, 7, 19, 78641
2026/09/14 06:13:26.509, 6, 0, 78641
2026/09/14 06:13:26.510, 7, 0, 78641
2026/09/14 06:13:27.010, 6, 0, 78641
2026/09/14 06:13:27.010, 7, 0, 78641
2026/09/14 06:13:27.510, 6, 0, 78641
2026/09/14 06:13:27.510, 7, 0, 78641
2026/09/14 06:13:28.010, 6, 0, 78641
2026/09/14 06:13:28.010, 7, 0, 78641
2026/09/14 06:13:28.510, 6, 0, 78641
2026/09/14 06:13:28.511, 7, 0, 78641
2026/09/14 06:13:29.011, 6, 0, 78641
2026/09/14 06:13:29.011, 7, 0, 78641
2026/09/14 06:13:29.511, 6, 0, 78641
2026/09/14 06:13:29.511, 7, 0, 78641
2026/09/14 06:13:30.012, 6, 0, 78641
2026/09/14 06:13:30.012, 7, 0, 78641
2026/09/14 06:13:30.512, 6, 0, 78641
2026/09/14 06:13:30.512, 7, 0, 78641
2026/09/14 06:13:31.012, 6, 0, 78641
2026/09/14 06:13:31.013, 7, 0, 78641
2026/09/14 06:13:31.513, 6, 0, 78641
2026/09/14 06:13:31.513, 7, 0, 78641
2026/09/14 06:13:32.013, 6, 0, 78641
2026/09/14 06:13:32.013, 7, 0, 78641
2026/09/14 06:13:32.513, 6, 0, 78641
2026/09/14 06:13:32.513, 7, 0, 78641
2026/09/14 06:13:33.013, 6, 0, 78641
2026/09/14 06:13:33.013, 7, 0, 78641
2026/09/14 06:13:33.513, 6, 0, 78641
2026/09/14 06:13:33.514, 7, 0, 78641
2026/09/14 06:13:34.014, 6, 0, 78641
2026/09/14 06:13:34.015, 7, 0, 78641
2026/09/14 06:13:34.515, 6, 13, 78641
2026/09/14 06:13:34.515, 7, 12, 78641
2026/09/14 06:13:35.015, 6, 0, 78641
2026/09/14 06:13:35.015, 7, 0, 78641
2026/09/14 06:13:35.515, 6, 0, 78641
2026/09/14 06:13:35.516, 7, 0, 78641
2026/09/14 06:13:36.016, 6, 0, 78641
2026/09/14 06:13:36.016, 7, 0, 78641
2026/09/14 06:13:36.516, 6, 11, 78641
2026/09/14 06:13:36.516, 7, 0, 78641
2026/09/14 06:13:37.016, 6, 0, 78641
2026/09/14 06:13:37.017, 7, 0, 78641
2026/09/14 06:13:37.517, 6, 0, 78641
2026/09/14 06:13:37.517, 7, 0, 78641
2026/09/14 06:13:38.017, 6, 0, 78641
2026/09/14 06:13:38.017, 7, 0, 78641
2026/09/14 06:13:38.517, 6, 9, 78641
2026/09/14 06:13:38.518, 7, 0, 78641
2026/09/14 06:13:39.018, 6, 0, 78641
2026/09/14 06:13:39.018, 7, 0, 78641
2026/09/14 06:13:39.518, 6, 32, 78641
2026/09/14 06:13:39.518, 7, 5, 78641
2026/09/14 06:13:40.018, 6, 17, 78641
2026/09/14 06:13:40.018, 7, 13, 78641
2026/09/14 06:13:40.518, 6, 0, 78641
2026/09/14 06:13:40.518, 7, 0, 78641
2026/09/14 06:13:41.019, 6, 0, 78641
2026/09/14 06:13:41.019, 7, 0, 78641
2026/09/14 06:13:41.519, 6, 0, 78641
2026/09/14 06:13:41.519, 7, 0, 78641
2026/09/14 06:13:42.019, 6, 0, 78641
2026/09/14 06:13:42.019, 7, 0, 78641
2026/09/14 06:13:42.519, 6, 0, 78641
2026/09/14 06:13:42.520, 7, 0, 78641
2026/09/14 06:13:43.020, 6, 0, 78641
2026/09/14 06:13:43.020, 7, 0, 78641
2026/09/14 06:13:43.520, 6, 0, 78641
2026/09/14 06:13:43.520, 7, 0, 78641
2026/09/14 06:13:44.020, 6, 0, 78641
2026/09/14 06:13:44.020, 7, 0, 78641
2026/09/14 06:13:44.521, 6, 0, 78641
2026/09/14 06:13:44.521, 7, 0, 78641
2026/09/14 06:13:45.021, 6, 0, 78641
2026/09/14 06:13:45.021, 7, 0, 78641
2026/09/14 06:13:45.521, 6, 0, 78641
2026/09/14 06:13:45.522, 7, 0, 78641
2026/09/14 06:13:46.022, 6, 0, 78641
2026/09/14 06:13:46.022, 7, 0, 78641
2026/09/14 06:13:46.523, 6, 0, 78641
2026/09/14 06:13:46.523, 7, 0, 78641
2026/09/14 06:13:47.023, 6, 0, 78641
2026/09/14 06:13:47.023, 7, 0, 78641
2026/09/14 06:13:47.523, 6, 0, 78641
2026/09/14 06:13:47.524, 7, 0, 78641
2026/09/14 06:13:48.024, 6, 0, 78641
2026/09/14 06:13:48.024, 7, 0, 78641
2026/09/14 06:13:48.524, 6, 0, 78641
2026/09/14 06:13:48.524, 7, 0, 78641
2026/09/14 06:13:49.024, 6, 0, 78641
2026/09/14 06:13:49.024, 7, 2, 78641
2026/09/14 06:13:49.524, 6, 0, 78641
2026/09/14 06:13:49.524, 7, 0, 78641
2026/09/14 06:13:50.025, 6, 0, 78641
2026/09/14 06:13:50.025, 7, 0, 78641
2026/09/14 06:13:50.525, 6, 0, 78641
2026/09/14 06:13:50.525, 7, 0, 78641
2026/09/14 06:13:51.025, 6, 19, 78641
2026/09/14 06:13:51.026, 7, 15, 78641
2026/09/14 06:13:51.526, 6, 30, 78641
2026/09/14 06:13:51.527, 7, 31, 78641
2026/09/14 06:13:52.027, 6, 20, 78641
2026/09/14 06:13:52.027, 7, 10, 78641
2026/09/14 06:13:52.527, 6, 0, 78641
2026/09/14 06:13:52.527, 7, 0, 78641
2026/09/14 06:13:53.027, 6, 0, 78641
2026/09/14 06:13:53.027, 7, 0, 78641
2026/09/14 06:13:53.528, 6, 0, 78641
2026/09/14 06:13:53.528, 7, 0, 78641
2026/09/14 06:13:54.028, 6, 0, 78641
2026/09/14 06:13:54.028, 7, 0, 78641
2026/09/14 06:13:54.528, 6, 0, 78641
2026/09/14 06:13:54.528, 7, 0, 78641
2026/09/14 06:13:55.028, 6, 0, 78641
2026/09/14 06:13:55.029, 7, 0, 78641
2026/09/14 06:13:55.529, 6, 0, 78641
2026/09/14 06:13:55.529, 7, 0, 78641
2026/09/14 06:13:56.029, 6, 0, 78641
2026/09/14 06:13:56.029, 7, 0, 78641
2026/09/14 06:13:56.529, 6, 0, 78641
2026/09/14 06:13:56.529, 7, 0, 78641
2026/09/14 06:13:57.030, 6, 0, 78641
2026/09/14 06:13:57.030, 7, 0, 78641
2026/09/14 06:13:57.531, 6, 0, 78641
2026/09/14 06:13:57.533, 7, 0, 78641
2026/09/14 06:13:58.033, 6, 0, 78641
2026/09/14 06:13:58.033, 7, 0, 78641
2026/09/14 06:13:58.533, 6, 0, 78641
2026/09/14 06:13:58.533, 7, 0, 78641
2026/09/14 06:13:59.033, 6, 0, 78641
2026/09/14 06:13:59.033, 7, 0, 78641
2026/09/14 06:13:59.534, 6, 0, 78641
2026/09/14 06:13:59.535, 7, 0, 78641
2026/09/14 06:14:00.035, 6, 0, 78641
2026/09/14 06:14:00.036, 7, 0, 78641
2026/09/14 06:14:00.536, 6, 0, 78641
2026/09/14 06:14:00.536, 7, 0, 78641
2026/09/14 06:14:01.036, 6, 0, 78641
2026/09/14 06:14:01.036, 7, 0, 78641
2026/09/14 06:14:01.537, 6, 0, 78641
2026/09/14 06:14:01.537, 7, 0, 78641
2026/09/14 06:14:02.037, 6, 0, 78641
2026/09/14 06:14:02.037, 7, 0, 78641
2026/09/14 06:14:02.537, 6, 0, 78641
2026/09/14 06:14:02.537, 7, 0, 78641
2026/09/14 06:14:03.037, 6, 0, 78641
2026/09/14 06:14:03.038, 7, 0, 78641
2026/09/14 06:14:03.538, 6, 0, 78641
2026/09/14 06:14:03.538, 7, 0, 78641
2026/09/14 06:14:04.038, 6, 0, 78641
2026/09/14 06:14:04.038, 7, 0, 78641
2026/09/14 06:14:04.538, 6, 0, 78641
2026/09/14 06:14:04.538, 7, 0, 78641
2026/09/14 06:14:05.039, 6, 0, 78641
2026/09/14 06:14:05.039, 7, 0, 78641
2026/09/14 06:14:05.539, 6, 0, 78641
2026/09/14 06:14:05.539, 7, 0, 78641
2026/09/14 06:14:06.039, 6, 0, 78641
2026/09/14 06:14:06.039, 7, 0, 78641
2026/09/14 06:14:06.539, 6, 0, 78641
2026/09/14 06:14:06.540, 7, 0, 78641
2026/09/14 06:14:07.040, 6, 0, 78641
2026/09/14 06:14:07.040, 7, 0, 78641
2026/09/14 06:14:07.540, 6, 0, 78641
2026/09/14 06:14:07.540, 7, 0, 78641
2026/09/14 06:14:08.040, 6, 0, 78641
2026/09/14 06:14:08.040, 7, 0, 78641
2026/09/14 06:14:08.540, 6, 30, 78641
2026/09/14 06:14:08.541, 7, 26, 78641
2026/09/14 06:14:09.041, 6, 15, 78641
2026/09/14 06:14:09.041, 7, 13, 78641
2026/09/14 06:14:09.541, 6, 0, 78641
2026/09/14 06:14:09.541, 7, 0, 78641
2026/09/14 06:14:10.041, 6, 0, 78641
2026/09/14 06:14:10.042, 7, 0, 78641
2026/09/14 06:14:10.542, 6, 0, 78641
2026/09/14 06:14:10.542, 7, 0, 78641
2026/09/14 06:14:11.042, 6, 0, 78641
2026/09/14 06:14:11.042, 7, 0, 78641
2026/09/14 06:14:11.543, 6, 0, 78641
2026/09/14 06:14:11.543, 7, 0, 78641
2026/09/14 06:14:12.043, 6, 0, 78641
2026/09/14 06:14:12.044, 7, 0, 78641
2026/09/14 06:14:12.544, 6, 0, 78641
2026/09/14 06:14:12.544, 7, 0, 78641
2026/09/14 06:14:13.044, 6, 0, 78641
2026/09/14 06:14:13.044, 7, 0, 78641
2026/09/14 06:14:13.545, 6, 0, 78641
2026/09/14 06:14:13.545, 7, 0, 78641
2026/09/14 06:14:14.045, 6, 0, 78641
2026/09/14 06:14:14.045, 7, 0, 78641
2026/09/14 06:14:14.545, 6, 0, 78641
2026/09/14 06:14:14.545, 7, 0, 78641
2026/09/14 06:14:15.045, 6, 0, 78641
2026/09/14 06:14:15.045, 7, 0, 78641
2026/09/14 06:14:15.545, 6, 0, 78641
2026/09/14 06:14:15.545, 7, 0, 78641
2026/09/14 06:14:16.046, 6, 0, 78641
2026/09/14 06:14:16.046, 7, 0, 78641
2026/09/14 06:14:16.546, 6, 0, 78641
2026/09/14 06:14:16.546, 7, 0, 78641
2026/09/14 06:14:17.046, 6, 0, 78641
2026/09/14 06:14:17.046, 7, 0, 78641
2026/09/14 06:14:17.546, 6, 0, 78641
2026/09/14 06:14:17.547, 7, 0, 78641
2026/09/14 06:14:18.047, 6, 0, 78641
2026/09/14 06:14:18.047, 7, 0, 78641
2026/09/14 06:14:18.547, 6, 0, 78641
2026/09/14 06:14:18.547, 7, 0, 78641
2026/09/14 06:14:19.047, 6, 0, 78641
2026/09/14 06:14:19.047, 7, 0, 78641
2026/09/14 06:14:19.547, 6, 0, 78641
2026/09/14 06:14:19.547, 7, 0, 78641
2026/09/14 06:14:20.047, 6, 0, 78641
2026/09/14 06:14:20.048, 7, 0, 78641
2026/09/14 06:14:20.548, 6, 0, 78641
2026/09/14 06:14:20.548, 7, 0, 78641
2026/09/14 06:14:21.048, 6, 0, 78641
2026/09/14 06:14:21.049, 7, 0, 78641
2026/09/14 06:14:21.549, 6, 0, 78641
2026/09/14 06:14:21.549, 7, 0, 78641
2026/09/14 06:14:22.049, 6, 1, 78641
2026/09/14 06:14:22.049, 7, 1, 78641
2026/09/14 06:14:22.549, 6, 28, 78641
2026/09/14 06:14:22.550, 7, 27, 78641
2026/09/14 06:14:23.050, 6, 0, 78641
2026/09/14 06:14:23.050, 7, 0, 78641
2026/09/14 06:14:23.550, 6, 0, 78641
2026/09/14 06:14:23.550, 7, 0, 78641
2026/09/14 06:14:24.051, 6, 0, 78641
2026/09/14 06:14:24.051, 7, 0, 78641
2026/09/14 06:14:24.551, 6, 0, 78641
2026/09/14 06:14:24.552, 7, 0, 78641
2026/09/14 06:14:25.052, 6, 0, 78641
2026/09/14 06:14:25.052, 7, 0, 78641
2026/09/14 06:14:25.552, 6, 0, 78641
2026/09/14 06:14:25.552, 7, 0, 78641
2026/09/14 06:14:26.053, 6, 0, 78641
2026/09/14 06:14:26.053, 7, 0, 78641
2026/09/14 06:14:26.553, 6, 0, 78641
2026/09/14 06:14:26.553, 7, 0, 78641
2026/09/14 06:14:27.053, 6, 0, 78641
2026/09/14 06:14:27.053, 7, 0, 78641
2026/09/14 06:14:27.553, 6, 0, 78641
2026/09/14 06:14:27.553, 7, 0, 78641
2026/09/14 06:14:28.054, 6, 0, 78641
2026/09/14 06:14:28.054, 7, 0, 78641
2026/09/14 06:14:28.554, 6, 0, 78641
2026/09/14 06:14:28.554, 7, 0, 78641
2026/09/14 06:14:29.054, 6, 0, 78641
2026/09/14 06:14:29.054, 7, 0, 78641
2026/09/14 06:14:29.554, 6, 0, 78641
2026/09/14 06:14:29.554, 7, 0, 78641
2026/09/14 06:14:30.054, 6, 4, 78641
2026/09/14 06:14:30.054, 7, 1, 78641
2026/09/14 06:14:30.554, 6, 0, 78641
2026/09/14 06:14:30.555, 7, 0, 78641
2026/09/14 06:14:31.055, 6, 6, 78641
2026/09/14 06:14:31.055, 7, 6, 78641
2026/09/14 06:14:31.555, 6, 3, 78641
2026/09/14 06:14:31.555, 7, 0, 78641
2026/09/14 06:14:32.055, 6, 12, 78641
2026/09/14 06:14:32.055, 7, 4, 78641
2026/09/14 06:14:32.556, 6, 0, 78641
2026/09/14 06:14:32.556, 7, 0, 78641
2026/09/14 06:14:33.056, 6, 6, 78641
2026/09/14 06:14:33.056, 7, 6, 78641
2026/09/14 06:14:33.556, 6, 31, 78641
2026/09/14 06:14:33.556, 7, 31, 78641
2026/09/14 06:14:34.056, 6, 19, 78641
2026/09/14 06:14:34.057, 7, 16, 78641
2026/09/14 06:14:34.557, 6, 13, 78641
2026/09/14 06:14:34.557, 7, 6, 78641
2026/09/14 06:14:35.057, 6, 0, 78641
2026/09/14 06:14:35.057, 7, 0, 78641
2026/09/14 06:14:35.558, 6, 0, 78641
2026/09/14 06:14:35.558, 7, 0, 78641
2026/09/14 06:14:36.058, 6, 0, 78641
2026/09/14 06:14:36.058, 7, 0, 78641
2026/09/14 06:14:36.558, 6, 0, 78641
2026/09/14 06:14:36.558, 7, 0, 78641
2026/09/14 06:14:37.058, 6, 0, 78641
2026/09/14 06:14:37.059, 7, 0, 78641
2026/09/14 06:14:37.560, 6, 0, 78641
2026/09/14 06:14:37.560, 7, 0, 78641
2026/09/14 06:14:38.060, 6, 0, 78641
2026/09/14 06:14:38.060, 7, 0, 78641
2026/09/14 06:14:38.561, 6, 0, 78641
2026/09/14 06:14:38.561, 7, 0, 78641
2026/09/14 06:14:39.061, 6, 0, 78641
2026/09/14 06:14:39.061, 7, 0, 78641
2026/09/14 06:14:39.561, 6, 0, 78641
2026/09/14 06:14:39.562, 7, 0, 78641
2026/09/14 06:14:40.062, 6, 0, 78641
2026/09/14 06:14:40.062, 7, 0, 78641
2026/09/14 06:14:40.563, 6, 0, 78641
2026/09/14 06:14:40.563, 7, 0, 78641
2026/09/14 06:14:41.063, 6, 0, 78641
2026/09/14 06:14:41.063, 7, 0, 78641
2026/09/14 06:14:41.563, 6, 0, 78641
2026/09/14 06:14:41.564, 7, 0, 78641
2026/09/14 06:14:42.064, 6, 0, 78641
2026/09/14 06:14:42.064, 7, 0, 78641
2026/09/14 06:14:42.564, 6, 0, 78641
2026/09/14 06:14:42.564, 7, 0, 78641
2026/09/14 06:14:43.064, 6, 0, 78641
2026/09/14 06:14:43.064, 7, 0, 78641
2026/09/14 06:14:43.564, 6, 0, 78641
2026/09/14 06:14:43.565, 7, 0, 78641
2026/09/14 06:14:44.066, 6, 0, 78641
2026/09/14 06:14:44.066, 7, 0, 78641
2026/09/14 06:14:44.566, 6, 0, 78641
2026/09/14 06:14:44.567, 7, 0, 78641
2026/09/14 06:14:45.067, 6, 0, 78641
2026/09/14 06:14:45.067, 7, 0, 78641
2026/09/14 06:14:45.567, 6, 0, 78641
2026/09/14 06:14:45.567, 7, 0, 78641
2026/09/14 06:14:46.067, 6, 0, 78641
2026/09/14 06:14:46.067, 7, 0, 78641
2026/09/14 06:14:46.567, 6, 0, 78641
2026/09/14 06:14:46.567, 7, 0, 78641
2026/09/14 06:14:47.067, 6, 0, 78641
2026/09/14 06:14:47.068, 7, 0, 78641
2026/09/14 06:14:47.568, 6, 0, 78641
2026/09/14 06:14:47.568, 7, 0, 78641
2026/09/14 06:14:48.068, 6, 0, 78641
2026/09/14 06:14:48.068, 7, 0, 78641
2026/09/14 06:14:48.568, 6, 0, 78641
2026/09/14 06:14:48.568, 7, 0, 78641
2026/09/14 06:14:49.069, 6, 0, 78641
2026/09/14 06:14:49.069, 7, 0, 78641
2026/09/14 06:14:49.569, 6, 0, 78641
2026/09/14 06:14:49.569, 7, 0, 78641
2026/09/14 06:14:50.069, 6, 0, 78641
2026/09/14 06:14:50.069, 7, 0, 78641
2026/09/14 06:14:50.569, 6, 0, 78641
2026/09/14 06:14:50.569, 7, 0, 78641
2026/09/14 06:14:51.069, 6, 30, 78641
2026/09/14 06:14:51.069, 7, 30, 78641
2026/09/14 06:14:51.570, 6, 0, 78641
2026/09/14 06:14:51.570, 7, 0, 78641
2026/09/14 06:14:52.070, 6, 0, 78641
2026/09/14 06:14:52.070, 7, 0, 78641
2026/09/14 06:14:52.570, 6, 0, 78641
2026/09/14 06:14:52.570, 7, 0, 78641
2026/09/14 06:14:53.070, 6, 0, 78641
2026/09/14 06:14:53.070, 7, 0, 78641
2026/09/14 06:14:53.570, 6, 0, 78641
2026/09/14 06:14:53.570, 7, 0, 78641
2026/09/14 06:14:54.071, 6, 0, 78641
2026/09/14 06:14:54.071, 7, 0, 78641
2026/09/14 06:14:54.571, 6, 0, 78641
2026/09/14 06:14:54.571, 7, 0, 78641
2026/09/14 06:14:55.071, 6, 0, 78641
2026/09/14 06:14:55.071, 7, 0, 78641
2026/09/14 06:14:55.571, 6, 0, 78641
2026/09/14 06:14:55.571, 7, 0, 78641
2026/09/14 06:14:56.072, 6, 0, 78641
2026/09/14 06:14:56.072, 7, 0, 78641
2026/09/14 06:14:56.572, 6, 0, 78641
2026/09/14 06:14:56.573, 7, 0, 78641
2026/09/14 06:14:57.073, 6, 0, 78641
2026/09/14 06:14:57.073, 7, 0, 78641
2026/09/14 06:14:57.573, 6, 0, 78641
2026/09/14 06:14:57.573, 7, 0, 78641
2026/09/14 06:14:58.073, 6, 0, 78641
2026/09/14 06:14:58.073, 7, 0, 78641
2026/09/14 06:14:58.573, 6, 0, 78641
2026/09/14 06:14:58.574, 7, 0, 78641
2026/09/14 06:14:59.075, 6, 0, 78641
2026/09/14 06:14:59.075, 7, 0, 78641
2026/09/14 06:14:59.575, 6, 0, 78641
2026/09/14 06:14:59.575, 7, 0, 78641
2026/09/14 06:15:00.075, 6, 2, 78641
2026/09/14 06:15:00.075, 7, 0, 78641
2026/09/14 06:15:00.576, 6, 0, 78641
2026/09/14 06:15:00.576, 7, 0, 78641
2026/09/14 06:15:01.076, 6, 0, 78641
2026/09/14 06:15:01.076, 7, 0, 78641
2026/09/14 06:15:01.576, 6, 0, 78641
2026/09/14 06:15:01.576, 7, 0, 78641
2026/09/14 06:15:02.076, 6, 12, 78641
2026/09/14 06:15:02.076, 7, 7, 78641
2026/09/14 06:15:02.577, 6, 0, 78641
2026/09/14 06:15:02.577, 7, 0, 78641
2026/09/14 06:15:03.077, 6, 9, 78641
2026/09/14 06:15:03.077, 7, 9, 78641
2026/09/14 06:15:03.577, 6, 0, 78641
2026/09/14 06:15:03.577, 7, 0, 78641
2026/09/14 06:15:04.077, 6, 0, 78641
2026/09/14 06:15:04.077, 7, 0, 78641
2026/09/14 06:15:04.578, 6, 1, 78641
2026/09/14 06:15:04.578, 7, 1, 78641
2026/09/14 06:15:05.078, 6, 0, 78641
2026/09/14 06:15:05.078, 7, 0, 78641
2026/09/14 06:15:05.578, 6, 0, 78641
2026/09/14 06:15:05.578, 7, 0, 78641
2026/09/14 06:15:06.079, 6, 11, 78641
2026/09/14 06:15:06.079, 7, 9, 78641
2026/09/14 06:15:06.579, 6, 0, 78641
2026/09/14 06:15:06.579, 7, 0, 78641
2026/09/14 06:15:07.079, 6, 3, 78641
2026/09/14 06:15:07.079, 7, 3, 78641
2026/09/14 06:15:07.580, 6, 3, 78641
2026/09/14 06:15:07.580, 7, 3, 78641
2026/09/14 06:15:08.080, 6, 3, 78641
2026/09/14 06:15:08.080, 7, 3, 78641
2026/09/14 06:15:08.580, 6, 30, 78641
2026/09/14 06:15:08.580, 7, 30, 78641
2026/09/14 06:15:09.080, 6, 0, 78641
2026/09/14 06:15:09.080, 7, 0, 78641
2026/09/14 06:15:09.580, 6, 0, 78641
2026/09/14 06:15:09.581, 7, 0, 78641
2026/09/14 06:15:10.081, 6, 0, 78641
2026/09/14 06:15:10.081, 7, 0, 78641
2026/09/14 06:15:10.581, 6, 0, 78641
2026/09/14 06:15:10.581, 7, 0, 78641
2026/09/14 06:15:11.081, 6, 0, 78641
2026/09/14 06:15:11.081, 7, 0, 78641
2026/09/14 06:15:11.581, 6, 0, 78641
2026/09/14 06:15:11.582, 7, 0, 78641
2026/09/14 06:15:12.082, 6, 0, 78641
2026/09/14 06:15:12.082, 7, 0, 78641
2026/09/14 06:15:12.582, 6, 0, 78641
2026/09/14 06:15:12.582, 7, 0, 78641
2026/09/14 06:15:13.082, 6, 0, 78641
2026/09/14 06:15:13.082, 7, 0, 78641
2026/09/14 06:15:13.583, 6, 0, 78641
2026/09/14 06:15:13.583, 7, 0, 78641
2026/09/14 06:15:14.083, 6, 0, 78641
2026/09/14 06:15:14.083, 7, 0, 78641
2026/09/14 06:15:14.583, 6, 0, 78641
2026/09/14 06:15:14.583, 7, 0, 78641
2026/09/14 06:15:15.083, 6, 0, 78641
2026/09/14 06:15:15.083, 7, 0, 78641
2026/09/14 06:15:15.583, 6, 0, 78641
2026/09/14 06:15:15.584, 7, 0, 78641
2026/09/14 06:15:16.084, 6, 12, 78641
2026/09/14 06:15:16.084, 7, 12, 78641
2026/09/14 06:15:16.584, 6, 0, 78641
2026/09/14 06:15:16.584, 7, 0, 78641
2026/09/14 06:15:17.084, 6, 0, 78641
2026/09/14 06:15:17.085, 7, 0, 78641
2026/09/14 06:15:17.585, 6, 0, 78641
2026/09/14 06:15:17.585, 7, 3, 78641
2026/09/14 06:15:18.085, 6, 2, 78641
2026/09/14 06:15:18.085, 7, 12, 78641
2026/09/14 06:15:18.586, 6, 0, 78641
2026/09/14 06:15:18.586, 7, 0, 78641
2026/09/14 06:15:19.086, 6, 0, 78641
2026/09/14 06:15:19.086, 7, 0, 78641
2026/09/14 06:15:19.586, 6, 0, 78641
2026/09/14 06:15:19.586, 7, 5, 78641
2026/09/14 06:15:20.086, 6, 30, 78641
2026/09/14 06:15:20.086, 7, 30, 78641
2026/09/14 06:15:20.587, 6, 19, 78641
2026/09/14 06:15:20.587, 7, 21, 78641
2026/09/14 06:15:21.087, 6, 0, 78641
2026/09/14 06:15:21.087, 7, 0, 78641
2026/09/14 06:15:21.587, 6, 0, 78641
2026/09/14 06:15:21.587, 7, 0, 78641
2026/09/14 06:15:22.088, 6, 0, 78641
2026/09/14 06:15:22.088, 7, 0, 78641
2026/09/14 06:15:22.589, 6, 0, 78641
2026/09/14 06:15:22.590, 7, 0, 78641
2026/09/14 06:15:23.091, 6, 0, 78641
2026/09/14 06:15:23.091, 7, 0, 78641
2026/09/14 06:15:23.591, 6, 0, 78641
2026/09/14 06:15:23.591, 7, 0, 78641
2026/09/14 06:15:24.091, 6, 0, 78641
2026/09/14 06:15:24.091, 7, 0, 78641
2026/09/14 06:15:24.592, 6, 0, 78641
2026/09/14 06:15:24.592, 7, 0, 78641
2026/09/14 06:15:25.092, 6, 0, 78641
2026/09/14 06:15:25.092, 7, 0, 78641
2026/09/14 06:15:25.592, 6, 0, 78641
2026/09/14 06:15:25.592, 7, 0, 78641
2026/09/14 06:15:26.092, 6, 0, 78641
2026/09/14 06:15:26.093, 7, 0, 78641
2026/09/14 06:15:26.593, 6, 0, 78641
2026/09/14 06:15:26.593, 7, 0, 78641
2026/09/14 06:15:27.093, 6, 0, 78641
2026/09/14 06:15:27.093, 7, 0, 78641
2026/09/14 06:15:27.593, 6, 0, 78641
2026/09/14 06:15:27.593, 7, 0, 78641
2026/09/14 06:15:28.093, 6, 0, 78641
2026/09/14 06:15:28.093, 7, 0, 78641
2026/09/14 06:15:28.593, 6, 0, 78641
2026/09/14 06:15:28.594, 7, 0, 78641
2026/09/14 06:15:29.095, 6, 0, 78641
2026/09/14 06:15:29.095, 7, 0, 78641
2026/09/14 06:15:29.595, 6, 0, 78641
2026/09/14 06:15:29.595, 7, 0, 78641
2026/09/14 06:15:30.095, 6, 0, 78641
2026/09/14 06:15:30.096, 7, 0, 78641
2026/09/14 06:15:30.596, 6, 0, 78641
2026/09/14 06:15:30.596, 7, 0, 78641
2026/09/14 06:15:31.096, 6, 0, 78641
2026/09/14 06:15:31.096, 7, 0, 78641
2026/09/14 06:15:31.596, 6, 0, 78641
2026/09/14 06:15:31.596, 7, 0, 78641
2026/09/14 06:15:32.096, 6, 0, 78641
2026/09/14 06:15:32.097, 7, 0, 78641
2026/09/14 06:15:32.597, 6, 0, 78641
2026/09/14 06:15:32.597, 7, 0, 78641
2026/09/14 06:15:33.098, 6, 0, 78641
2026/09/14 06:15:33.113, 7, 0, 78641
2026/09/14 06:15:33.613, 6, 0, 78641
2026/09/14 06:15:33.613, 7, 0, 78641
2026/09/14 06:15:34.113, 6, 0, 78641
2026/09/14 06:15:34.113, 7, 0, 78641
2026/09/14 06:15:34.613, 6, 0, 78641
2026/09/14 06:15:34.613, 7, 0, 78641
2026/09/14 06:15:35.113, 6, 0, 78641
2026/09/14 06:15:35.113, 7, 0, 78641
2026/09/14 06:15:35.613, 6, 0, 78641
2026/09/14 06:15:35.614, 7, 0, 78641
2026/09/14 06:15:36.114, 6, 0, 78641
2026/09/14 06:15:36.114, 7, 0, 78641
2026/09/14 06:15:36.615, 6, 0, 78641
2026/09/14 06:15:36.615, 7, 0, 78641
2026/09/14 06:15:37.115, 6, 30, 78641
2026/09/14 06:15:37.115, 7, 0, 78641
2026/09/14 06:15:37.615, 6, 8, 78641
2026/09/14 06:15:37.615, 7, 25, 78641
2026/09/14 06:15:38.115, 6, 0, 78641
2026/09/14 06:15:38.115, 7, 0, 78641
2026/09/14 06:15:38.615, 6, 0, 78641
2026/09/14 06:15:38.616, 7, 0, 78641
2026/09/14 06:15:39.116, 6, 0, 78641
2026/09/14 06:15:39.116, 7, 0, 78641
2026/09/14 06:15:39.616, 6, 0, 78641
2026/09/14 06:15:39.616, 7, 0, 78641
2026/09/14 06:15:40.116, 6, 0, 78641
2026/09/14 06:15:40.116, 7, 0, 78641
2026/09/14 06:15:40.616, 6, 0, 78641
2026/09/14 06:15:40.616, 7, 0, 78641
2026/09/14 06:15:41.116, 6, 0, 78641
2026/09/14 06:15:41.117, 7, 0, 78641
2026/09/14 06:15:41.617, 6, 0, 78641
2026/09/14 06:15:41.617, 7, 0, 78641
2026/09/14 06:15:42.117, 6, 0, 78641
2026/09/14 06:15:42.117, 7, 0, 78641
2026/09/14 06:15:42.617, 6, 0, 78641
2026/09/14 06:15:42.617, 7, 0, 78641
2026/09/14 06:15:43.118, 6, 0, 78641
2026/09/14 06:15:43.118, 7, 0, 78641
2026/09/14 06:15:43.618, 6, 0, 78641
2026/09/14 06:15:43.618, 7, 0, 78641
2026/09/14 06:15:44.118, 6, 0, 78641
2026/09/14 06:15:44.118, 7, 0, 78641
2026/09/14 06:15:44.619, 6, 0, 78641
2026/09/14 06:15:44.619, 7, 0, 78641
2026/09/14 06:15:45.119, 6, 0, 78641
2026/09/14 06:15:45.119, 7, 0, 78641
2026/09/14 06:15:45.619, 6, 0, 78641
2026/09/14 06:15:45.620, 7, 0, 78641
2026/09/14 06:15:46.120, 6, 0, 78641
2026/09/14 06:15:46.121, 7, 0, 78641
2026/09/14 06:15:46.621, 6, 13, 78641
2026/09/14 06:15:46.621, 7, 6, 78641
2026/09/14 06:15:47.121, 6, 0, 78641
2026/09/14 06:15:47.121, 7, 0, 78641
2026/09/14 06:15:47.622, 6, 0, 78641
2026/09/14 06:15:47.622, 7, 0, 78641
2026/09/14 06:15:48.122, 6, 0, 78641
2026/09/14 06:15:48.122, 7, 0, 78641
2026/09/14 06:15:48.622, 6, 12, 78641
2026/09/14 06:15:48.622, 7, 12, 78641
2026/09/14 06:15:49.122, 6, 0, 78641
2026/09/14 06:15:49.123, 7, 0, 78641
2026/09/14 06:15:49.623, 6, 1, 78641
2026/09/14 06:15:49.623, 7, 9, 78641
2026/09/14 06:15:50.123, 6, 0, 78641
2026/09/14 06:15:50.123, 7, 0, 78641
2026/09/14 06:15:50.623, 6, 9, 78641
2026/09/14 06:15:50.624, 7, 0, 78641
2026/09/14 06:15:51.125, 6, 0, 78641
2026/09/14 06:15:51.125, 7, 0, 78641
2026/09/14 06:15:51.625, 6, 92, 78641
2026/09/14 06:15:51.625, 7, 99, 78641
2026/09/14 06:15:52.125, 6, 100, 78641
2026/09/14 06:15:52.125, 7, 100, 78641
2026/09/14 06:15:52.625, 6, 100, 78641
2026/09/14 06:15:52.626, 7, 100, 78641
2026/09/14 06:15:53.126, 6, 42, 78641
2026/09/14 06:15:53.126, 7, 86, 78641
2026/09/14 06:15:53.626, 6, 99, 78641
2026/09/14 06:15:53.626, 7, 100, 78641
2026/09/14 06:15:54.126, 6, 100, 78641
2026/09/14 06:15:54.127, 7, 100, 78641
2026/09/14 06:15:54.627, 6, 100, 78641
2026/09/14 06:15:54.627, 7, 100, 78641
2026/09/14 06:15:55.127, 6, 99, 78641
2026/09/14 06:15:55.127, 7, 100, 78641
2026/09/14 06:15:55.628, 6, 100, 78641
2026/09/14 06:15:55.628, 7, 100, 78641
2026/09/14 06:15:56.128, 6, 100, 78641
2026/09/14 06:15:56.128, 7, 100, 78641
2026/09/14 06:15:56.628, 6, 44, 78641
2026/09/14 06:15:56.628, 7, 72, 78641
2026/09/14 06:15:57.129, 6, 100, 78641
2026/09/14 06:15:57.129, 7, 100, 78641
2026/09/14 06:15:57.629, 6, 100, 78641
2026/09/14 06:15:57.631, 7, 100, 78641
2026/09/14 06:15:58.137, 6, 91, 78641
2026/09/14 06:15:58.137, 7, 91, 78641
2026/09/14 06:15:58.637, 6, 99, 78641
2026/09/14 06:15:58.638, 7, 100, 78641
2026/09/14 06:15:59.138, 6, 100, 78641
2026/09/14 06:15:59.138, 7, 100, 78641
2026/09/14 06:15:59.639, 6, 100, 78641
2026/09/14 06:15:59.639, 7, 100, 78641
2026/09/14 06:16:00.139, 6, 99, 78641
2026/09/14 06:16:00.139, 7, 99, 78641
2026/09/14 06:16:00.639, 6, 100, 78641
2026/09/14 06:16:00.639, 7, 100, 78641
2026/09/14 06:16:01.139, 6, 100, 78641
2026/09/14 06:16:01.139, 7, 100, 78641
2026/09/14 06:16:01.640, 6, 91, 78641
2026/09/14 06:16:01.640, 7, 91, 78641
2026/09/14 06:16:02.140, 6, 100, 78641
2026/09/14 06:16:02.140, 7, 100, 78641
2026/09/14 06:16:02.640, 6, 100, 78641
2026/09/14 06:16:02.641, 7, 100, 78641
2026/09/14 06:16:03.142, 6, 61, 78641
2026/09/14 06:16:03.142, 7, 56, 78641
2026/09/14 06:16:03.642, 6, 99, 78641
2026/09/14 06:16:03.642, 7, 99, 78641
2026/09/14 06:16:04.143, 6, 100, 78641
2026/09/14 06:16:04.143, 7, 100, 78641
2026/09/14 06:16:04.643, 6, 100, 78641
2026/09/14 06:16:04.643, 7, 100, 78641
2026/09/14 06:16:05.143, 6, 99, 78641
2026/09/14 06:16:05.144, 7, 100, 78641
2026/09/14 06:16:05.645, 6, 100, 78641
2026/09/14 06:16:05.645, 7, 100, 78641
2026/09/14 06:16:06.145, 6, 100, 78641
2026/09/14 06:16:06.145, 7, 100, 78641
2026/09/14 06:16:06.645, 6, 57, 78641
2026/09/14 06:16:06.645, 7, 57, 78641
2026/09/14 06:16:07.145, 6, 100, 78641
2026/09/14 06:16:07.145, 7, 100, 78641
2026/09/14 06:16:07.646, 6, 100, 78641
2026/09/14 06:16:07.647, 7, 100, 78641
2026/09/14 06:16:08.147, 6, 91, 78641
2026/09/14 06:16:08.147, 7, 90, 78641
2026/09/14 06:16:08.647, 6, 99, 78641
2026/09/14 06:16:08.647, 7, 100, 78641
2026/09/14 06:16:09.147, 6, 100, 78641
2026/09/14 06:16:09.148, 7, 100, 78641
2026/09/14 06:16:09.648, 6, 100, 78641
2026/09/14 06:16:09.648, 7, 100, 78641
2026/09/14 06:16:10.148, 6, 99, 78641
2026/09/14 06:16:10.148, 7, 99, 78641
2026/09/14 06:16:10.649, 6, 100, 78641
2026/09/14 06:16:10.649, 7, 100, 78641
2026/09/14 06:16:11.149, 6, 100, 78641
2026/09/14 06:16:11.149, 7, 100, 78641
2026/09/14 06:16:11.649, 6, 90, 78641
2026/09/14 06:16:11.649, 7, 90, 78641
2026/09/14 06:16:12.149, 6, 100, 78641
2026/09/14 06:16:12.150, 7, 100, 78641
2026/09/14 06:16:12.650, 6, 100, 78641
2026/09/14 06:16:12.650, 7, 100, 78641
2026/09/14 06:16:13.150, 6, 65, 78641
2026/09/14 06:16:13.150, 7, 57, 78641
2026/09/14 06:16:13.650, 6, 99, 78641
2026/09/14 06:16:13.650, 7, 100, 78641
2026/09/14 06:16:14.150, 6, 100, 78641
2026/09/14 06:16:14.150, 7, 100, 78641
2026/09/14 06:16:14.650, 6, 100, 78641
2026/09/14 06:16:14.651, 7, 100, 78641
2026/09/14 06:16:15.151, 6, 99, 78641
2026/09/14 06:16:15.151, 7, 99, 78641
2026/09/14 06:16:15.651, 6, 100, 78641
2026/09/14 06:16:15.651, 7, 100, 78641
2026/09/14 06:16:16.151, 6, 100, 78641
2026/09/14 06:16:16.151, 7, 100, 78641
2026/09/14 06:16:16.651, 6, 53, 78641
2026/09/14 06:16:16.651, 7, 100, 78641
2026/09/14 06:16:17.151, 6, 100, 78641
2026/09/14 06:16:17.152, 7, 99, 78641
2026/09/14 06:16:17.652, 6, 100, 78641
2026/09/14 06:16:17.652, 7, 100, 78641
2026/09/14 06:16:18.152, 6, 100, 78641
2026/09/14 06:16:18.152, 7, 100, 78641
2026/09/14 06:16:18.652, 6, 98, 78641
2026/09/14 06:16:18.652, 7, 100, 78641
2026/09/14 06:16:19.152, 6, 100, 78641
2026/09/14 06:16:19.152, 7, 100, 78641
2026/09/14 06:16:19.653, 6, 100, 78641
2026/09/14 06:16:19.653, 7, 100, 78641
2026/09/14 06:16:20.153, 6, 54, 78641
2026/09/14 06:16:20.153, 7, 76, 78641
2026/09/14 06:16:20.653, 6, 99, 78641
2026/09/14 06:16:20.653, 7, 100, 78641
2026/09/14 06:16:21.153, 6, 100, 78641
2026/09/14 06:16:21.153, 7, 100, 78641
2026/09/14 06:16:21.653, 6, 100, 78641
2026/09/14 06:16:21.653, 7, 100, 78641
2026/09/14 06:16:22.154, 6, 99, 78641
2026/09/14 06:16:22.154, 7, 100, 78641
2026/09/14 06:16:22.654, 6, 100, 78641
2026/09/14 06:16:22.654, 7, 100, 78641
2026/09/14 06:16:23.154, 6, 100, 78641
2026/09/14 06:16:23.154, 7, 100, 78641
2026/09/14 06:16:23.654, 6, 76, 78641
2026/09/14 06:16:23.655, 7, 99, 78641
2026/09/14 06:16:24.156, 6, 100, 78641
2026/09/14 06:16:24.156, 7, 100, 78641
2026/09/14 06:16:24.656, 6, 100, 78641
2026/09/14 06:16:24.656, 7, 100, 78641
2026/09/14 06:16:25.156, 6, 89, 78641
2026/09/14 06:16:25.156, 7, 90, 78641
2026/09/14 06:16:25.656, 6, 99, 78641
2026/09/14 06:16:25.657, 7, 100, 78641
2026/09/14 06:16:26.157, 6, 100, 78641
2026/09/14 06:16:26.157, 7, 100, 78641
2026/09/14 06:16:26.657, 6, 100, 78641
2026/09/14 06:16:26.657, 7, 100, 78641
2026/09/14 06:16:27.157, 6, 99, 78641
2026/09/14 06:16:27.157, 7, 99, 78641
2026/09/14 06:16:27.657, 6, 100, 78641
2026/09/14 06:16:27.657, 7, 100, 78641
2026/09/14 06:16:28.157, 6, 100, 78641
2026/09/14 06:16:28.157, 7, 100, 78641
2026/09/14 06:16:28.658, 6, 89, 78641
2026/09/14 06:16:28.658, 7, 99, 78641
2026/09/14 06:16:29.158, 6, 100, 78641
2026/09/14 06:16:29.158, 7, 100, 78641
2026/09/14 06:16:29.658, 6, 100, 78641
2026/09/14 06:16:29.658, 7, 100, 78641
2026/09/14 06:16:30.158, 6, 45, 78641
2026/09/14 06:16:30.159, 7, 57, 78641
2026/09/14 06:16:30.659, 6, 99, 78641
2026/09/14 06:16:30.659, 7, 99, 78641
2026/09/14 06:16:31.159, 6, 100, 78641
2026/09/14 06:16:31.159, 7, 100, 78641
2026/09/14 06:16:31.659, 6, 100, 78641
2026/09/14 06:16:31.659, 7, 100, 78641
2026/09/14 06:16:32.159, 6, 99, 78641
2026/09/14 06:16:32.159, 7, 100, 78641
2026/09/14 06:16:32.660, 6, 100, 78641
2026/09/14 06:16:32.660, 7, 100, 78641
2026/09/14 06:16:33.160, 6, 100, 78641
2026/09/14 06:16:33.160, 7, 100, 78641
2026/09/14 06:16:33.660, 6, 52, 78641
2026/09/14 06:16:33.660, 7, 83, 78641
2026/09/14 06:16:34.161, 6, 100, 78641
2026/09/14 06:16:34.161, 7, 100, 78641
2026/09/14 06:16:34.661, 6, 100, 78641
2026/09/14 06:16:34.661, 7, 100, 78641
2026/09/14 06:16:35.161, 6, 90, 78641
2026/09/14 06:16:35.161, 7, 90, 78641
2026/09/14 06:16:35.661, 6, 99, 78641
2026/09/14 06:16:35.661, 7, 100, 78641
2026/09/14 06:16:36.162, 6, 100, 78641
2026/09/14 06:16:36.162, 7, 100, 78641
2026/09/14 06:16:36.662, 6, 100, 78641
2026/09/14 06:16:36.662, 7, 100, 78641
2026/09/14 06:16:37.162, 6, 99, 78641
2026/09/14 06:16:37.162, 7, 99, 78641
2026/09/14 06:16:37.663, 6, 100, 78641
2026/09/14 06:16:37.663, 7, 100, 78641
2026/09/14 06:16:38.163, 6, 100, 78641
2026/09/14 06:16:38.163, 7, 100, 78641
2026/09/14 06:16:38.663, 6, 91, 78641
2026/09/14 06:16:38.663, 7, 95, 78641
2026/09/14 06:16:39.163, 6, 100, 78641
2026/09/14 06:16:39.163, 7, 100, 78641
2026/09/14 06:16:39.663, 6, 100, 78641
2026/09/14 06:16:39.664, 7, 100, 78641
2026/09/14 06:16:40.164, 6, 56, 78641
2026/09/14 06:16:40.164, 7, 55, 78641
2026/09/14 06:16:40.664, 6, 99, 78641
2026/09/14 06:16:40.664, 7, 100, 78641
2026/09/14 06:16:41.164, 6, 100, 78641
2026/09/14 06:16:41.164, 7, 100, 78641
2026/09/14 06:16:41.664, 6, 100, 78641
2026/09/14 06:16:41.664, 7, 100, 78641
2026/09/14 06:16:42.164, 6, 99, 78641
2026/09/14 06:16:42.165, 7, 100, 78641
2026/09/14 06:16:42.665, 6, 100, 78641
2026/09/14 06:16:42.665, 7, 100, 78641
2026/09/14 06:16:43.165, 6, 100, 78641
2026/09/14 06:16:43.165, 7, 100, 78641
2026/09/14 06:16:43.665, 6, 55, 78641
2026/09/14 06:16:43.666, 7, 74, 78641
2026/09/14 06:16:44.166, 6, 100, 78641
2026/09/14 06:16:44.166, 7, 100, 78641
2026/09/14 06:16:44.666, 6, 100, 78641
2026/09/14 06:16:44.666, 7, 100, 78641
2026/09/14 06:16:45.166, 6, 91, 78641
2026/09/14 06:16:45.166, 7, 91, 78641
2026/09/14 06:16:45.666, 6, 99, 78641
2026/09/14 06:16:45.666, 7, 100, 78641
2026/09/14 06:16:46.167, 6, 100, 78641
2026/09/14 06:16:46.167, 7, 100, 78641
2026/09/14 06:16:46.667, 6, 100, 78641
2026/09/14 06:16:46.667, 7, 100, 78641
2026/09/14 06:16:47.167, 6, 99, 78641
2026/09/14 06:16:47.167, 7, 99, 78641
2026/09/14 06:16:47.667, 6, 100, 78641
2026/09/14 06:16:47.668, 7, 100, 78641
2026/09/14 06:16:48.168, 6, 100, 78641
2026/09/14 06:16:48.168, 7, 100, 78641
2026/09/14 06:16:48.668, 6, 90, 78641
2026/09/14 06:16:48.668, 7, 90, 78641
2026/09/14 06:16:49.168, 6, 100, 78641
2026/09/14 06:16:49.169, 7, 100, 78641
2026/09/14 06:16:49.669, 6, 100, 78641
2026/09/14 06:16:49.669, 7, 100, 78641
2026/09/14 06:16:50.169, 6, 62, 78641
2026/09/14 06:16:50.169, 7, 100, 78641
2026/09/14 06:16:50.669, 6, 99, 78641
2026/09/14 06:16:50.669, 7, 99, 78641
2026/09/14 06:16:51.170, 6, 100, 78641
2026/09/14 06:16:51.170, 7, 100, 78641
2026/09/14 06:16:51.671, 6, 100, 78641
2026/09/14 06:16:51.671, 7, 100, 78641
2026/09/14 06:16:52.171, 6, 99, 78641
2026/09/14 06:16:52.171, 7, 99, 78641
2026/09/14 06:16:52.672, 6, 100, 78641
2026/09/14 06:16:52.672, 7, 100, 78641
2026/09/14 06:16:53.172, 6, 100, 78641
2026/09/14 06:16:53.172, 7, 100, 78641
2026/09/14 06:16:53.672, 6, 100, 78641
2026/09/14 06:16:53.672, 7, 100, 78641
2026/09/14 06:16:54.172, 6, 99, 78641
2026/09/14 06:16:54.173, 7, 100, 78641
2026/09/14 06:16:54.674, 6, 100, 78641
2026/09/14 06:16:54.674, 7, 100, 78641
2026/09/14 06:16:55.174, 6, 100, 78641
2026/09/14 06:16:55.174, 7, 100, 78641
2026/09/14 06:16:55.674, 6, 95, 78641
2026/09/14 06:16:55.674, 7, 99, 78641
2026/09/14 06:16:56.174, 6, 100, 78641
2026/09/14 06:16:56.175, 7, 100, 78641
2026/09/14 06:16:56.675, 6, 100, 78641
2026/09/14 06:16:56.675, 7, 100, 78641
2026/09/14 06:16:57.175, 6, 54, 78641
2026/09/14 06:16:57.175, 7, 66, 78641
2026/09/14 06:16:57.675, 6, 99, 78641
2026/09/14 06:16:57.675, 7, 100, 78641
2026/09/14 06:16:58.175, 6, 100, 78641
2026/09/14 06:16:58.176, 7, 100, 78641
2026/09/14 06:16:58.676, 6, 100, 78641
2026/09/14 06:16:58.676, 7, 100, 78641
2026/09/14 06:16:59.176, 6, 99, 78641
2026/09/14 06:16:59.176, 7, 100, 78641
2026/09/14 06:16:59.676, 6, 100, 78641
2026/09/14 06:16:59.677, 7, 100, 78641
2026/09/14 06:17:00.177, 6, 100, 78641
2026/09/14 06:17:00.177, 7, 100, 78641
2026/09/14 06:17:00.677, 6, 71, 78641
2026/09/14 06:17:00.677, 7, 93, 78641
2026/09/14 06:17:01.177, 6, 100, 78641
2026/09/14 06:17:01.178, 7, 100, 78641
2026/09/14 06:17:01.678, 6, 100, 78641
2026/09/14 06:17:01.678, 7, 100, 78641
2026/09/14 06:17:02.178, 6, 91, 78641
2026/09/14 06:17:02.178, 7, 91, 78641
2026/09/14 06:17:02.678, 6, 99, 78641
2026/09/14 06:17:02.678, 7, 100, 78641
2026/09/14 06:17:03.178, 6, 100, 78641
2026/09/14 06:17:03.179, 7, 100, 78641
2026/09/14 06:17:03.680, 6, 100, 78641
2026/09/14 06:17:03.680, 7, 100, 78641
2026/09/14 06:17:04.180, 6, 99, 78641
2026/09/14 06:17:04.180, 7, 99, 78641
2026/09/14 06:17:04.680, 6, 100, 78641
2026/09/14 06:17:04.680, 7, 100, 78641
2026/09/14 06:17:05.180, 6, 100, 78641
2026/09/14 06:17:05.180, 7, 100, 78641
2026/09/14 06:17:05.681, 6, 89, 78641
2026/09/14 06:17:05.681, 7, 93, 78641
2026/09/14 06:17:06.181, 6, 100, 78641
2026/09/14 06:17:06.181, 7, 100, 78641
2026/09/14 06:17:06.681, 6, 100, 78641
2026/09/14 06:17:06.682, 7, 100, 78641
2026/09/14 06:17:07.182, 6, 54, 78641
2026/09/14 06:17:07.182, 7, 53, 78641
2026/09/14 06:17:07.682, 6, 99, 78641
2026/09/14 06:17:07.682, 7, 99, 78641
2026/09/14 06:17:08.182, 6, 100, 78641
2026/09/14 06:17:08.182, 7, 100, 78641
2026/09/14 06:17:08.682, 6, 100, 78641
2026/09/14 06:17:08.683, 7, 100, 78641
2026/09/14 06:17:09.183, 6, 99, 78641
2026/09/14 06:17:09.183, 7, 100, 78641
2026/09/14 06:17:09.684, 6, 100, 78641
2026/09/14 06:17:09.684, 7, 100, 78641
2026/09/14 06:17:10.184, 6, 100, 78641
2026/09/14 06:17:10.184, 7, 100, 78641
2026/09/14 06:17:10.684, 6, 50, 78641
2026/09/14 06:17:10.684, 7, 51, 78641
2026/09/14 06:17:11.184, 6, 100, 78641
2026/09/14 06:17:11.185, 7, 100, 78641
2026/09/14 06:17:11.685, 6, 100, 78641
2026/09/14 06:17:11.685, 7, 100, 78641
2026/09/14 06:17:12.185, 6, 90, 78641
2026/09/14 06:17:12.185, 7, 90, 78641
2026/09/14 06:17:12.686, 6, 99, 78641
2026/09/14 06:17:12.687, 7, 100, 78641
2026/09/14 06:17:13.187, 6, 100, 78641
2026/09/14 06:17:13.188, 7, 100, 78641
2026/09/14 06:17:13.688, 6, 100, 78641
2026/09/14 06:17:13.688, 7, 100, 78641
2026/09/14 06:17:14.188, 6, 99, 78641
2026/09/14 06:17:14.188, 7, 99, 78641
2026/09/14 06:17:14.688, 6, 100, 78641
2026/09/14 06:17:14.688, 7, 100, 78641
2026/09/14 06:17:15.188, 6, 100, 78641
2026/09/14 06:17:15.189, 7, 100, 78641
2026/09/14 06:17:15.690, 6, 90, 78641
2026/09/14 06:17:15.690, 7, 90, 78641
2026/09/14 06:17:16.190, 6, 100, 78641
2026/09/14 06:17:16.190, 7, 100, 78641
2026/09/14 06:17:16.691, 6, 100, 78641
2026/09/14 06:17:16.691, 7, 100, 78641
2026/09/14 06:17:17.191, 6, 77, 78641
2026/09/14 06:17:17.191, 7, 64, 78641
2026/09/14 06:17:17.691, 6, 99, 78641
2026/09/14 06:17:17.691, 7, 99, 78641
2026/09/14 06:17:18.191, 6, 100, 78641
2026/09/14 06:17:18.192, 7, 100, 78641
2026/09/14 06:17:18.692, 6, 100, 78641
2026/09/14 06:17:18.692, 7, 100, 78641
2026/09/14 06:17:19.192, 6, 99, 78641
2026/09/14 06:17:19.192, 7, 100, 78641
2026/09/14 06:17:19.692, 6, 100, 78641
2026/09/14 06:17:19.692, 7, 100, 78641
2026/09/14 06:17:20.193, 6, 100, 78641
2026/09/14 06:17:20.193, 7, 100, 78641
2026/09/14 06:17:20.693, 6, 57, 78641
2026/09/14 06:17:20.694, 7, 57, 78641
2026/09/14 06:17:21.194, 6, 100, 78641
2026/09/14 06:17:21.194, 7, 100, 78641
2026/09/14 06:17:21.695, 6, 100, 78641
2026/09/14 06:17:21.695, 7, 100, 78641
2026/09/14 06:17:22.195, 6, 100, 78641
2026/09/14 06:17:22.195, 7, 98, 78641
2026/09/14 06:17:22.695, 6, 90, 78641
2026/09/14 06:17:22.695, 7, 100, 78641
2026/09/14 06:17:23.195, 6, 100, 78641
2026/09/14 06:17:23.195, 7, 100, 78641
2026/09/14 06:17:23.695, 6, 100, 78641
2026/09/14 06:17:23.695, 7, 100, 78641
2026/09/14 06:17:24.196, 6, 54, 78641
2026/09/14 06:17:24.196, 7, 100, 78641
2026/09/14 06:17:24.696, 6, 99, 78641
2026/09/14 06:17:24.696, 7, 100, 78641
2026/09/14 06:17:25.196, 6, 100, 78641
2026/09/14 06:17:25.196, 7, 100, 78641
2026/09/14 06:17:25.696, 6, 100, 78641
2026/09/14 06:17:25.696, 7, 90, 78641
2026/09/14 06:17:26.196, 6, 99, 78641
2026/09/14 06:17:26.196, 7, 100, 78641
2026/09/14 06:17:26.697, 6, 100, 78641
2026/09/14 06:17:26.697, 7, 100, 78641
2026/09/14 06:17:27.197, 6, 100, 78641
2026/09/14 06:17:27.197, 7, 100, 78641
2026/09/14 06:17:27.697, 6, 57, 78641
2026/09/14 06:17:27.697, 7, 57, 78641
2026/09/14 06:17:28.197, 6, 100, 78641
2026/09/14 06:17:28.197, 7, 100, 78641
2026/09/14 06:17:28.698, 6, 100, 78641
2026/09/14 06:17:28.698, 7, 100, 78641
2026/09/14 06:17:29.198, 6, 91, 78641
2026/09/14 06:17:29.198, 7, 91, 78641
2026/09/14 06:17:29.698, 6, 99, 78641
2026/09/14 06:17:29.698, 7, 100, 78641
2026/09/14 06:17:30.198, 6, 100, 78641
2026/09/14 06:17:30.199, 7, 100, 78641
2026/09/14 06:17:30.699, 6, 100, 78641
2026/09/14 06:17:30.699, 7, 100, 78641
2026/09/14 06:17:31.199, 6, 99, 78641
2026/09/14 06:17:31.199, 7, 99, 78641
2026/09/14 06:17:31.699, 6, 100, 78641
2026/09/14 06:17:31.699, 7, 100, 78641
2026/09/14 06:17:32.199, 6, 100, 78641
2026/09/14 06:17:32.199, 7, 100, 78641
2026/09/14 06:17:32.699, 6, 89, 78641
2026/09/14 06:17:32.700, 7, 89, 78641
2026/09/14 06:17:33.201, 6, 100, 78641
2026/09/14 06:17:33.201, 7, 100, 78641
2026/09/14 06:17:33.701, 6, 100, 78641
2026/09/14 06:17:33.701, 7, 100, 78641
2026/09/14 06:17:34.201, 6, 58, 78641
2026/09/14 06:17:34.202, 7, 57, 78641
2026/09/14 06:17:34.702, 6, 99, 78641
2026/09/14 06:17:34.702, 7, 99, 78641
2026/09/14 06:17:35.202, 6, 100, 78641
2026/09/14 06:17:35.202, 7, 100, 78641
2026/09/14 06:17:35.703, 6, 100, 78641
2026/09/14 06:17:35.703, 7, 100, 78641
2026/09/14 06:17:36.203, 6, 99, 78641
2026/09/14 06:17:36.204, 7, 100, 78641
2026/09/14 06:17:36.704, 6, 100, 78641
2026/09/14 06:17:36.704, 7, 100, 78641
2026/09/14 06:17:37.204, 6, 100, 78641
2026/09/14 06:17:37.204, 7, 100, 78641
2026/09/14 06:17:37.704, 6, 56, 78641
2026/09/14 06:17:37.705, 7, 56, 78641
2026/09/14 06:17:38.205, 6, 100, 78641
2026/09/14 06:17:38.205, 7, 100, 78641
2026/09/14 06:17:38.705, 6, 100, 78641
2026/09/14 06:17:38.705, 7, 100, 78641
2026/09/14 06:17:39.205, 6, 91, 78641
2026/09/14 06:17:39.205, 7, 91, 78641
2026/09/14 06:17:39.705, 6, 99, 78641
2026/09/14 06:17:39.705, 7, 100, 78641
2026/09/14 06:17:40.206, 6, 100, 78641
2026/09/14 06:17:40.206, 7, 100, 78641
2026/09/14 06:17:40.706, 6, 100, 78641
2026/09/14 06:17:40.706, 7, 100, 78641
2026/09/14 06:17:41.207, 6, 99, 78641
2026/09/14 06:17:41.208, 7, 99, 78641
2026/09/14 06:17:41.708, 6, 100, 78641
2026/09/14 06:17:41.708, 7, 100, 78641
2026/09/14 06:17:42.208, 6, 100, 78641
2026/09/14 06:17:42.208, 7, 100, 78641
2026/09/14 06:17:42.708, 6, 99, 78641
2026/09/14 06:17:42.708, 7, 91, 78641
2026/09/14 06:17:43.208, 6, 100, 78641
2026/09/14 06:17:43.208, 7, 100, 78641
2026/09/14 06:17:43.709, 6, 100, 78641
2026/09/14 06:17:43.709, 7, 100, 78641
2026/09/14 06:17:44.209, 6, 79, 78641
2026/09/14 06:17:44.209, 7, 84, 78641
2026/09/14 06:17:44.709, 6, 100, 78641
2026/09/14 06:17:44.710, 7, 99, 78641
2026/09/14 06:17:45.210, 6, 100, 78641
2026/09/14 06:17:45.210, 7, 100, 78641
2026/09/14 06:17:45.710, 6, 100, 78641
2026/09/14 06:17:45.710, 7, 100, 78641
2026/09/14 06:17:46.210, 6, 99, 78641
2026/09/14 06:17:46.210, 7, 100, 78641
2026/09/14 06:17:46.710, 6, 100, 78641
2026/09/14 06:17:46.710, 7, 100, 78641
2026/09/14 06:17:47.210, 6, 100, 78641
2026/09/14 06:17:47.211, 7, 100, 78641
2026/09/14 06:17:47.711, 6, 92, 78641
2026/09/14 06:17:47.711, 7, 63, 78641
2026/09/14 06:17:48.211, 6, 100, 78641
2026/09/14 06:17:48.211, 7, 100, 78641
2026/09/14 06:17:48.712, 6, 100, 78641
2026/09/14 06:17:48.712, 7, 100, 78641
2026/09/14 06:17:49.212, 6, 100, 78641
2026/09/14 06:17:49.212, 7, 100, 78641
2026/09/14 06:17:49.712, 6, 99, 78641
2026/09/14 06:17:49.712, 7, 100, 78641
2026/09/14 06:17:50.212, 6, 100, 78641
2026/09/14 06:17:50.213, 7, 100, 78641
2026/09/14 06:17:50.713, 6, 100, 78641
2026/09/14 06:17:50.713, 7, 100, 78641
2026/09/14 06:17:51.213, 6, 99, 78641
2026/09/14 06:17:51.213, 7, 99, 78641
2026/09/14 06:17:51.713, 6, 100, 78641
2026/09/14 06:17:51.713, 7, 100, 78641
2026/09/14 06:17:52.214, 6, 100, 78641
2026/09/14 06:17:52.214, 7, 100, 78641
2026/09/14 06:17:52.714, 6, 96, 78641
2026/09/14 06:17:52.714, 7, 100, 78641
2026/09/14 06:17:53.214, 6, 99, 78641
2026/09/14 06:17:53.214, 7, 100, 78641
2026/09/14 06:17:53.714, 6, 100, 78641
2026/09/14 06:17:53.715, 7, 100, 78641
2026/09/14 06:17:54.215, 6, 100, 78641
2026/09/14 06:17:54.215, 7, 100, 78641
2026/09/14 06:17:54.715, 6, 99, 78641
2026/09/14 06:17:54.715, 7, 99, 78641
2026/09/14 06:17:55.215, 6, 100, 78641
2026/09/14 06:17:55.215, 7, 100, 78641
2026/09/14 06:17:55.715, 6, 100, 78641
2026/09/14 06:17:55.715, 7, 100, 78641
2026/09/14 06:17:56.216, 6, 91, 78641
2026/09/14 06:17:56.216, 7, 99, 78641
2026/09/14 06:17:56.717, 6, 100, 78641
2026/09/14 06:17:56.717, 7, 100, 78641
2026/09/14 06:17:57.217, 6, 100, 78641
2026/09/14 06:17:57.217, 7, 100, 78641
2026/09/14 06:17:57.718, 6, 90, 78641
2026/09/14 06:17:57.718, 7, 100, 78641
2026/09/14 06:17:58.218, 6, 99, 78641
2026/09/14 06:17:58.218, 7, 99, 78641
2026/09/14 06:17:58.718, 6, 100, 78641
2026/09/14 06:17:58.719, 7, 100, 78641
2026/09/14 06:17:59.219, 6, 100, 78641
2026/09/14 06:17:59.219, 7, 100, 78641
2026/09/14 06:17:59.719, 6, 99, 78641
2026/09/14 06:17:59.720, 7, 99, 78641
2026/09/14 06:18:00.220, 6, 100, 78641
2026/09/14 06:18:00.220, 7, 100, 78641
2026/09/14 06:18:00.720, 6, 100, 78641
2026/09/14 06:18:00.720, 7, 100, 78641
2026/09/14 06:18:01.220, 6, 68, 78641
2026/09/14 06:18:01.220, 7, 70, 78641
2026/09/14 06:18:01.720, 6, 100, 78641
2026/09/14 06:18:01.721, 7, 100, 78641
2026/09/14 06:18:02.221, 6, 100, 78641
2026/09/14 06:18:02.221, 7, 100, 78641
2026/09/14 06:18:02.721, 6, 100, 78641
2026/09/14 06:18:02.721, 7, 100, 78641
2026/09/14 06:18:03.221, 6, 99, 78641
2026/09/14 06:18:03.222, 7, 100, 78641
2026/09/14 06:18:03.722, 6, 100, 78641
2026/09/14 06:18:03.722, 7, 100, 78641
2026/09/14 06:18:04.222, 6, 100, 78641
2026/09/14 06:18:04.222, 7, 100, 78641
2026/09/14 06:18:04.722, 6, 99, 78641
2026/09/14 06:18:04.722, 7, 94, 78641
2026/09/14 06:18:05.222, 6, 100, 78641
2026/09/14 06:18:05.223, 7, 100, 78641
2026/09/14 06:18:05.723, 6, 100, 78641
2026/09/14 06:18:05.723, 7, 100, 78641
2026/09/14 06:18:06.223, 6, 97, 78641
2026/09/14 06:18:06.223, 7, 100, 78641
2026/09/14 06:18:06.723, 6, 100, 78641
2026/09/14 06:18:06.723, 7, 100, 78641
2026/09/14 06:18:07.223, 6, 100, 78641
2026/09/14 06:18:07.223, 7, 100, 78641
2026/09/14 06:18:07.723, 6, 100, 78641
2026/09/14 06:18:07.724, 7, 100, 78641
2026/09/14 06:18:08.224, 6, 99, 78641
2026/09/14 06:18:08.224, 7, 99, 78641
2026/09/14 06:18:08.724, 6, 100, 78641
2026/09/14 06:18:08.724, 7, 100, 78641
2026/09/14 06:18:09.224, 6, 100, 78641
2026/09/14 06:18:09.224, 7, 100, 78641
2026/09/14 06:18:09.724, 6, 99, 78641
2026/09/14 06:18:09.724, 7, 97, 78641
2026/09/14 06:18:10.224, 6, 100, 78641
2026/09/14 06:18:10.225, 7, 100, 78641
2026/09/14 06:18:10.725, 6, 100, 78641
2026/09/14 06:18:10.725, 7, 100, 78641
2026/09/14 06:18:11.225, 6, 98, 78641
2026/09/14 06:18:11.225, 7, 100, 78641
2026/09/14 06:18:11.725, 6, 99, 78641
2026/09/14 06:18:11.726, 7, 100, 78641
2026/09/14 06:18:12.226, 6, 100, 78641
2026/09/14 06:18:12.226, 7, 100, 78641
2026/09/14 06:18:12.726, 6, 100, 78641
2026/09/14 06:18:12.726, 7, 100, 78641
2026/09/14 06:18:13.226, 6, 99, 78641
2026/09/14 06:18:13.226, 7, 99, 78641
2026/09/14 06:18:13.726, 6, 100, 78641
2026/09/14 06:18:13.726, 7, 100, 78641
2026/09/14 06:18:14.226, 6, 100, 78641
2026/09/14 06:18:14.227, 7, 100, 78641
2026/09/14 06:18:14.727, 6, 68, 78641
2026/09/14 06:18:14.727, 7, 100, 78641
2026/09/14 06:18:15.227, 6, 100, 78641
2026/09/14 06:18:15.227, 7, 99, 78641
2026/09/14 06:18:15.727, 6, 100, 78641
2026/09/14 06:18:15.727, 7, 100, 78641
2026/09/14 06:18:16.227, 6, 100, 78641
2026/09/14 06:18:16.227, 7, 100, 78641
2026/09/14 06:18:16.727, 6, 99, 78641
2026/09/14 06:18:16.728, 7, 99, 78641
2026/09/14 06:18:17.228, 6, 100, 78641
2026/09/14 06:18:17.228, 7, 100, 78641
2026/09/14 06:18:17.728, 6, 100, 78641
2026/09/14 06:18:17.728, 7, 100, 78641
2026/09/14 06:18:18.228, 6, 88, 78641
2026/09/14 06:18:18.228, 7, 69, 78641
2026/09/14 06:18:18.728, 6, 100, 78641
2026/09/14 06:18:18.728, 7, 100, 78641
2026/09/14 06:18:19.228, 6, 100, 78641
2026/09/14 06:18:19.229, 7, 100, 78641
2026/09/14 06:18:19.729, 6, 84, 78641
2026/09/14 06:18:19.729, 7, 100, 78641
2026/09/14 06:18:20.229, 6, 99, 78641
2026/09/14 06:18:20.230, 7, 100, 78641
2026/09/14 06:18:20.730, 6, 100, 78641
2026/09/14 06:18:20.730, 7, 100, 78641
2026/09/14 06:18:21.230, 6, 100, 78641
2026/09/14 06:18:21.230, 7, 100, 78641
2026/09/14 06:18:21.730, 6, 99, 78641
2026/09/14 06:18:21.730, 7, 87, 78641
2026/09/14 06:18:22.230, 6, 100, 78641
2026/09/14 06:18:22.231, 7, 100, 78641
2026/09/14 06:18:22.733, 6, 100, 78641
2026/09/14 06:18:22.733, 7, 100, 78641
2026/09/14 06:18:23.233, 6, 100, 78641
2026/09/14 06:18:23.233, 7, 91, 78641
2026/09/14 06:18:23.733, 6, 100, 78641
2026/09/14 06:18:23.733, 7, 100, 78641
2026/09/14 06:18:24.233, 6, 100, 78641
2026/09/14 06:18:24.233, 7, 100, 78641
2026/09/14 06:18:24.733, 6, 100, 78641
2026/09/14 06:18:24.733, 7, 100, 78641
2026/09/14 06:18:25.234, 6, 99, 78641
2026/09/14 06:18:25.234, 7, 99, 78641
2026/09/14 06:18:25.734, 6, 100, 78641
2026/09/14 06:18:25.734, 7, 100, 78641
2026/09/14 06:18:26.234, 6, 100, 78641
2026/09/14 06:18:26.234, 7, 100, 78641
2026/09/14 06:18:26.734, 6, 99, 78641
2026/09/14 06:18:26.734, 7, 87, 78641
2026/09/14 06:18:27.234, 6, 100, 78641
2026/09/14 06:18:27.234, 7, 100, 78641
2026/09/14 06:18:27.735, 6, 100, 78641
2026/09/14 06:18:27.735, 7, 100, 78641
2026/09/14 06:18:28.235, 6, 100, 78641
2026/09/14 06:18:28.236, 7, 51, 78641
2026/09/14 06:18:28.736, 6, 99, 78641
2026/09/14 06:18:28.736, 7, 99, 78641
2026/09/14 06:18:29.236, 6, 100, 78641
2026/09/14 06:18:29.236, 7, 100, 78641
2026/09/14 06:18:29.737, 6, 100, 78641
2026/09/14 06:18:29.737, 7, 100, 78641
2026/09/14 06:18:30.237, 6, 99, 78641
2026/09/14 06:18:30.237, 7, 100, 78641
2026/09/14 06:18:30.737, 6, 100, 78641
2026/09/14 06:18:30.737, 7, 100, 78641
2026/09/14 06:18:31.237, 6, 100, 78641
2026/09/14 06:18:31.237, 7, 100, 78641
2026/09/14 06:18:31.737, 6, 72, 78641
2026/09/14 06:18:31.737, 7, 53, 78641
2026/09/14 06:18:32.237, 6, 99, 78641
2026/09/14 06:18:32.238, 7, 100, 78641
2026/09/14 06:18:32.738, 6, 100, 78641
2026/09/14 06:18:32.738, 7, 100, 78641
2026/09/14 06:18:33.238, 6, 100, 78641
2026/09/14 06:18:33.238, 7, 84, 78641
2026/09/14 06:18:33.738, 6, 99, 78641
2026/09/14 06:18:33.738, 7, 100, 78641
2026/09/14 06:18:34.238, 6, 100, 78641
2026/09/14 06:18:34.238, 7, 100, 78641
2026/09/14 06:18:34.739, 6, 100, 78641
2026/09/14 06:18:34.739, 7, 100, 78641
2026/09/14 06:18:35.239, 6, 85, 78641
2026/09/14 06:18:35.239, 7, 99, 78641
2026/09/14 06:18:35.739, 6, 100, 78641
2026/09/14 06:18:35.739, 7, 100, 78641
2026/09/14 06:18:36.239, 6, 100, 78641
2026/09/14 06:18:36.239, 7, 100, 78641
2026/09/14 06:18:36.739, 6, 90, 78641
2026/09/14 06:18:36.739, 7, 90, 78641
2026/09/14 06:18:37.240, 6, 99, 78641
2026/09/14 06:18:37.240, 7, 100, 78641
2026/09/14 06:18:37.740, 6, 100, 78641
2026/09/14 06:18:37.740, 7, 100, 78641
2026/09/14 06:18:38.240, 6, 100, 78641
2026/09/14 06:18:38.265, 7, 71, 78641
2026/09/14 06:18:38.765, 6, 99, 78641
2026/09/14 06:18:38.765, 7, 77, 78641
2026/09/14 06:18:39.265, 6, 100, 78641
2026/09/14 06:18:39.265, 7, 100, 78641
2026/09/14 06:18:39.765, 6, 100, 78641
2026/09/14 06:18:39.765, 7, 100, 78641
2026/09/14 06:18:40.266, 6, 100, 78641
2026/09/14 06:18:40.266, 7, 100, 78641
2026/09/14 06:18:40.766, 6, 0, 78641
2026/09/14 06:18:40.766, 7, 0, 78641
2026/09/14 06:18:41.266, 6, 0, 78641
2026/09/14 06:18:41.266, 7, 0, 78641
2026/09/14 06:18:41.766, 6, 0, 78641
2026/09/14 06:18:41.767, 7, 0, 78641
2026/09/14 06:18:42.267, 6, 0, 78641
2026/09/14 06:18:42.267, 7, 0, 78641
2026/09/14 06:18:42.767, 6, 0, 78641
2026/09/14 06:18:42.767, 7, 0, 78641
2026/09/14 06:18:43.268, 6, 3, 78641
2026/09/14 06:18:43.268, 7, 3, 78641
2026/09/14 06:18:43.768, 6, 11, 78641
2026/09/14 06:18:43.768, 7, 0, 78641
2026/09/14 06:18:44.269, 6, 30, 78641
2026/09/14 06:18:44.269, 7, 30, 78641
2026/09/14 06:18:44.769, 6, 0, 78641
2026/09/14 06:18:44.769, 7, 0, 78641
2026/09/14 06:18:45.269, 6, 0, 78641
2026/09/14 06:18:45.269, 7, 0, 78641
2026/09/14 06:18:45.769, 6, 0, 78641
2026/09/14 06:18:45.769, 7, 0, 78641
2026/09/14 06:18:46.269, 6, 0, 78641
2026/09/14 06:18:46.270, 7, 0, 78641
2026/09/14 06:18:46.770, 6, 0, 78641
2026/09/14 06:18:46.770, 7, 0, 78641
2026/09/14 06:18:47.270, 6, 0, 78641
2026/09/14 06:18:47.270, 7, 0, 78641
2026/09/14 06:18:47.770, 6, 0, 78641
2026/09/14 06:18:47.770, 7, 0, 78641
2026/09/14 06:18:48.270, 6, 0, 78641
2026/09/14 06:18:48.270, 7, 0, 78641
2026/09/14 06:18:48.771, 6, 0, 78641
2026/09/14 06:18:48.772, 7, 0, 78641
2026/09/14 06:18:49.272, 6, 0, 78641
2026/09/14 06:18:49.273, 7, 0, 78641
2026/09/14 06:18:49.773, 6, 0, 78641
2026/09/14 06:18:49.773, 7, 0, 78641
2026/09/14 06:18:50.274, 6, 0, 78641
2026/09/14 06:18:50.274, 7, 0, 78641
2026/09/14 06:18:50.774, 6, 0, 78641
2026/09/14 06:18:50.774, 7, 0, 78641
2026/09/14 06:18:51.274, 6, 0, 78641
2026/09/14 06:18:51.274, 7, 0, 78641
2026/09/14 06:18:51.774, 6, 0, 78641
2026/09/14 06:18:51.775, 7, 0, 78641
2026/09/14 06:18:52.275, 6, 0, 78641
2026/09/14 06:18:52.275, 7, 0, 78641
2026/09/14 06:18:52.775, 6, 0, 78641
2026/09/14 06:18:52.775, 7, 0, 78641
2026/09/14 06:18:53.275, 6, 3, 78641
2026/09/14 06:18:53.275, 7, 3, 78641
2026/09/14 06:18:53.775, 6, 0, 78641
2026/09/14 06:18:53.775, 7, 0, 78641
2026/09/14 06:18:54.276, 6, 0, 78641
2026/09/14 06:18:54.276, 7, 0, 78641
2026/09/14 06:18:54.776, 6, 0, 78641
2026/09/14 06:18:54.776, 7, 0, 78641
2026/09/14 06:18:55.276, 6, 23, 78641
2026/09/14 06:18:55.276, 7, 20, 78641
2026/09/14 06:18:55.776, 6, 31, 78641
2026/09/14 06:18:55.776, 7, 30, 78641
2026/09/14 06:18:56.276, 6, 32, 78641
2026/09/14 06:18:56.276, 7, 30, 78641
2026/09/14 06:18:56.777, 6, 0, 78641
2026/09/14 06:18:56.777, 7, 0, 78641
2026/09/14 06:18:57.277, 6, 0, 78641
2026/09/14 06:18:57.278, 7, 0, 78641
2026/09/14 06:18:57.778, 6, 0, 78641
2026/09/14 06:18:57.778, 7, 0, 78641
2026/09/14 06:18:58.278, 6, 0, 78641
2026/09/14 06:18:58.278, 7, 0, 78641
2026/09/14 06:18:58.779, 6, 0, 78641
2026/09/14 06:18:58.779, 7, 0, 78641
2026/09/14 06:18:59.279, 6, 0, 78641
2026/09/14 06:18:59.279, 7, 0, 78641
2026/09/14 06:18:59.779, 6, 0, 78641
2026/09/14 06:18:59.779, 7, 0, 78641
2026/09/14 06:19:00.279, 6, 0, 78641
2026/09/14 06:19:00.280, 7, 0, 78641
2026/09/14 06:19:00.780, 6, 0, 78641
2026/09/14 06:19:00.780, 7, 0, 78641
2026/09/14 06:19:01.280, 6, 0, 78641
2026/09/14 06:19:01.280, 7, 0, 78641
2026/09/14 06:19:01.780, 6, 0, 78641
2026/09/14 06:19:01.780, 7, 0, 78641
2026/09/14 06:19:02.280, 6, 0, 78641
2026/09/14 06:19:02.280, 7, 0, 78641
2026/09/14 06:19:02.780, 6, 0, 78641
2026/09/14 06:19:02.781, 7, 0, 78641
2026/09/14 06:19:03.281, 6, 0, 78641
2026/09/14 06:19:03.281, 7, 0, 78641
2026/09/14 06:19:03.781, 6, 0, 78641
2026/09/14 06:19:03.781, 7, 0, 78641
2026/09/14 06:19:04.281, 6, 0, 78641
2026/09/14 06:19:04.281, 7, 0, 78641
2026/09/14 06:19:04.781, 6, 0, 78641
2026/09/14 06:19:04.781, 7, 0, 78641
2026/09/14 06:19:05.282, 6, 0, 78641
2026/09/14 06:19:05.282, 7, 0, 78641
2026/09/14 06:19:05.782, 6, 0, 78641
2026/09/14 06:19:05.782, 7, 0, 78641
2026/09/14 06:19:06.282, 6, 0, 78641
2026/09/14 06:19:06.282, 7, 0, 78641
2026/09/14 06:19:06.782, 6, 0, 78641
2026/09/14 06:19:06.782, 7, 0, 78641
2026/09/14 06:19:07.283, 6, 0, 78641
2026/09/14 06:19:07.284, 7, 0, 78641
2026/09/14 06:19:07.784, 6, 0, 78641
2026/09/14 06:19:07.784, 7, 0, 78641
2026/09/14 06:19:08.284, 6, 0, 78641
2026/09/14 06:19:08.284, 7, 0, 78641
2026/09/14 06:19:08.784, 6, 0, 78641
2026/09/14 06:19:08.785, 7, 0, 78641
2026/09/14 06:19:09.285, 6, 0, 78641
2026/09/14 06:19:09.285, 7, 0, 78641
2026/09/14 06:19:09.785, 6, 0, 78641
2026/09/14 06:19:09.785, 7, 0, 78641
2026/09/14 06:19:10.285, 6, 0, 78641
2026/09/14 06:19:10.285, 7, 0, 78641
2026/09/14 06:19:10.785, 6, 0, 78641
2026/09/14 06:19:10.785, 7, 0, 78641
2026/09/14 06:19:11.286, 6, 0, 78641
2026/09/14 06:19:11.286, 7, 0, 78641
2026/09/14 06:19:11.786, 6, 0, 78641
2026/09/14 06:19:11.786, 7, 0, 78641
2026/09/14 06:19:12.286, 6, 0, 78641
2026/09/14 06:19:12.287, 7, 0, 78641
2026/09/14 06:19:12.787, 6, 32, 78641
2026/09/14 06:19:12.787, 7, 32, 78641
2026/09/14 06:19:13.287, 6, 31, 78641
2026/09/14 06:19:13.288, 7, 10, 78641
2026/09/14 06:19:13.788, 6, 0, 78641
2026/09/14 06:19:13.788, 7, 0, 78641
2026/09/14 06:19:14.289, 6, 0, 78641
2026/09/14 06:19:14.289, 7, 0, 78641
2026/09/14 06:19:14.789, 6, 0, 78641
2026/09/14 06:19:14.791, 7, 0, 78641
2026/09/14 06:19:15.292, 6, 0, 78641
2026/09/14 06:19:15.292, 7, 0, 78641
2026/09/14 06:19:15.792, 6, 0, 78641
2026/09/14 06:19:15.792, 7, 0, 78641
2026/09/14 06:19:16.292, 6, 0, 78641
2026/09/14 06:19:16.292, 7, 0, 78641
2026/09/14 06:19:16.792, 6, 0, 78641
2026/09/14 06:19:16.792, 7, 0, 78641
2026/09/14 06:19:17.293, 6, 0, 78641
2026/09/14 06:19:17.293, 7, 0, 78641
2026/09/14 06:19:17.793, 6, 0, 78641
2026/09/14 06:19:17.793, 7, 0, 78641
2026/09/14 06:19:18.293, 6, 0, 78641
2026/09/14 06:19:18.293, 7, 0, 78641
2026/09/14 06:19:18.793, 6, 0, 78641
2026/09/14 06:19:18.793, 7, 0, 78641
2026/09/14 06:19:19.293, 6, 0, 78641
2026/09/14 06:19:19.294, 7, 0, 78641
2026/09/14 06:19:19.794, 6, 0, 78641
2026/09/14 06:19:19.794, 7, 0, 78641
2026/09/14 06:19:20.294, 6, 0, 78641
2026/09/14 06:19:20.294, 7, 0, 78641
2026/09/14 06:19:20.794, 6, 0, 78641
2026/09/14 06:19:20.794, 7, 0, 78641
2026/09/14 06:19:21.295, 6, 0, 78641
2026/09/14 06:19:21.295, 7, 0, 78641
2026/09/14 06:19:21.796, 6, 0, 78641
2026/09/14 06:19:21.796, 7, 0, 78641
2026/09/14 06:19:22.296, 6, 0, 78641
2026/09/14 06:19:22.296, 7, 0, 78641
2026/09/14 06:19:22.796, 6, 0, 78641
2026/09/14 06:19:22.796, 7, 0, 78641
2026/09/14 06:19:23.296, 6, 0, 78641
2026/09/14 06:19:23.296, 7, 0, 78641
2026/09/14 06:19:23.797, 6, 0, 78641
2026/09/14 06:19:23.797, 7, 5, 78641
2026/09/14 06:19:24.297, 6, 0, 78641
2026/09/14 06:19:24.297, 7, 0, 78641
2026/09/14 06:19:24.797, 6, 9, 78641
2026/09/14 06:19:24.797, 7, 9, 78641
2026/09/14 06:19:25.297, 6, 0, 78641
2026/09/14 06:19:25.298, 7, 0, 78641
2026/09/14 06:19:25.798, 6, 0, 78641
2026/09/14 06:19:25.798, 7, 0, 78641
2026/09/14 06:19:26.298, 6, 0, 78641
2026/09/14 06:19:26.298, 7, 0, 78641
2026/09/14 06:19:26.798, 6, 27, 78641
2026/09/14 06:19:26.798, 7, 30, 78641
2026/09/14 06:19:27.298, 6, 0, 78641
2026/09/14 06:19:27.298, 7, 0, 78641
2026/09/14 06:19:27.799, 6, 0, 78641
2026/09/14 06:19:27.799, 7, 0, 78641
2026/09/14 06:19:28.299, 6, 0, 78641
2026/09/14 06:19:28.299, 7, 0, 78641
2026/09/14 06:19:28.800, 6, 0, 78641
2026/09/14 06:19:28.800, 7, 0, 78641
2026/09/14 06:19:29.301, 6, 0, 78641
2026/09/14 06:19:29.301, 7, 0, 78641
2026/09/14 06:19:29.801, 6, 0, 78641
2026/09/14 06:19:29.802, 7, 0, 78641
2026/09/14 06:19:30.302, 6, 0, 78641
2026/09/14 06:19:30.302, 7, 0, 78641
2026/09/14 06:19:30.802, 6, 0, 78641
2026/09/14 06:19:30.802, 7, 0, 78641
2026/09/14 06:19:31.302, 6, 0, 78641
2026/09/14 06:19:31.302, 7, 0, 78641
2026/09/14 06:19:31.802, 6, 0, 78641
2026/09/14 06:19:31.802, 7, 0, 78641
2026/09/14 06:19:32.303, 6, 0, 78641
2026/09/14 06:19:32.303, 7, 0, 78641
2026/09/14 06:19:32.803, 6, 0, 78641
2026/09/14 06:19:32.803, 7, 0, 78641
2026/09/14 06:19:33.303, 6, 0, 78641
2026/09/14 06:19:33.303, 7, 0, 78641
2026/09/14 06:19:33.803, 6, 0, 78641
2026/09/14 06:19:33.803, 7, 0, 78641
2026/09/14 06:19:34.303, 6, 12, 78641
2026/09/14 06:19:34.303, 7, 12, 78641
2026/09/14 06:19:34.804, 6, 0, 78641
2026/09/14 06:19:34.804, 7, 0, 78641
2026/09/14 06:19:35.304, 6, 6, 78641
2026/09/14 06:19:35.304, 7, 0, 78641
2026/09/14 06:19:35.805, 6, 3, 78641
2026/09/14 06:19:35.805, 7, 3, 78641
2026/09/14 06:19:36.305, 6, 11, 78641
2026/09/14 06:19:36.305, 7, 12, 78641
2026/09/14 06:19:36.805, 6, 0, 78641
2026/09/14 06:19:36.805, 7, 0, 78641
2026/09/14 06:19:37.306, 6, 0, 78641
2026/09/14 06:19:37.308, 7, 0, 78641
2026/09/14 06:19:37.809, 6, 11, 78641
2026/09/14 06:19:37.809, 7, 0, 78641
2026/09/14 06:19:38.309, 6, 29, 78641
2026/09/14 06:19:38.309, 7, 30, 78641
2026/09/14 06:19:38.809, 6, 20, 78641
2026/09/14 06:19:38.810, 7, 21, 78641
2026/09/14 06:19:39.311, 6, 0, 78641
2026/09/14 06:19:39.311, 7, 0, 78641
2026/09/14 06:19:39.812, 6, 0, 78641
2026/09/14 06:19:39.812, 7, 0, 78641
2026/09/14 06:19:40.312, 6, 0, 78641
2026/09/14 06:19:40.312, 7, 0, 78641
2026/09/14 06:19:40.812, 6, 0, 78641
2026/09/14 06:19:40.812, 7, 0, 78641
2026/09/14 06:19:41.312, 6, 0, 78641
2026/09/14 06:19:41.312, 7, 0, 78641
2026/09/14 06:19:41.813, 6, 0, 78641
2026/09/14 06:19:41.813, 7, 0, 78641
2026/09/14 06:19:42.313, 6, 0, 78641
2026/09/14 06:19:42.313, 7, 0, 78641
2026/09/14 06:19:42.813, 6, 0, 78641
2026/09/14 06:19:42.813, 7, 0, 78641
2026/09/14 06:19:43.313, 6, 0, 78641
2026/09/14 06:19:43.313, 7, 0, 78641
2026/09/14 06:19:43.813, 6, 0, 78641
2026/09/14 06:19:43.814, 7, 0, 78641
2026/09/14 06:19:44.314, 6, 0, 78641
2026/09/14 06:19:44.314, 7, 0, 78641
2026/09/14 06:19:44.814, 6, 0, 78641
2026/09/14 06:19:44.814, 7, 0, 78641
2026/09/14 06:19:45.314, 6, 0, 78641
2026/09/14 06:19:45.314, 7, 0, 78641
2026/09/14 06:19:45.814, 6, 0, 78641
2026/09/14 06:19:45.814, 7, 0, 78641
2026/09/14 06:19:46.314, 6, 0, 78641
2026/09/14 06:19:46.315, 7, 0, 78641
2026/09/14 06:19:46.815, 6, 0, 78641
2026/09/14 06:19:46.815, 7, 0, 78641
2026/09/14 06:19:47.315, 6, 0, 78641
2026/09/14 06:19:47.315, 7, 0, 78641
2026/09/14 06:19:47.816, 6, 0, 78641
2026/09/14 06:19:47.816, 7, 0, 78641
2026/09/14 06:19:48.316, 6, 0, 78641
2026/09/14 06:19:48.316, 7, 0, 78641
2026/09/14 06:19:48.816, 6, 0, 78641
2026/09/14 06:19:48.816, 7, 0, 78641
2026/09/14 06:19:49.316, 6, 0, 78641
2026/09/14 06:19:49.316, 7, 0, 78641
2026/09/14 06:19:49.816, 6, 0, 78641
2026/09/14 06:19:49.817, 7, 0, 78641
2026/09/14 06:19:50.318, 6, 0, 78641
2026/09/14 06:19:50.318, 7, 0, 78641
2026/09/14 06:19:50.818, 6, 0, 78641
2026/09/14 06:19:50.818, 7, 0, 78641
2026/09/14 06:19:51.318, 6, 0, 78641
2026/09/14 06:19:51.318, 7, 0, 78641
2026/09/14 06:19:51.818, 6, 0, 78641
2026/09/14 06:19:51.819, 7, 0, 78641
2026/09/14 06:19:52.319, 6, 0, 78641
2026/09/14 06:19:52.319, 7, 0, 78641
2026/09/14 06:19:52.819, 6, 0, 78641
2026/09/14 06:19:52.819, 7, 0, 78641
2026/09/14 06:19:53.319, 6, 0, 78641
2026/09/14 06:19:53.320, 7, 0, 78641
2026/09/14 06:19:53.821, 6, 0, 78641
2026/09/14 06:19:53.822, 7, 0, 78641
2026/09/14 06:19:54.322, 6, 0, 78641
2026/09/14 06:19:54.322, 7, 0, 78641
2026/09/14 06:19:54.822, 6, 0, 78641
2026/09/14 06:19:54.822, 7, 0, 78641
2026/09/14 06:19:55.322, 6, 31, 78641
2026/09/14 06:19:55.322, 7, 21, 78641
2026/09/14 06:19:55.823, 6, 26, 78641
2026/09/14 06:19:55.823, 7, 8, 78641
2026/09/14 06:19:56.323, 6, 0, 78641
2026/09/14 06:19:56.323, 7, 0, 78641
2026/09/14 06:19:56.823, 6, 0, 78641
2026/09/14 06:19:56.823, 7, 0, 78641
2026/09/14 06:19:57.323, 6, 0, 78641
2026/09/14 06:19:57.323, 7, 0, 78641
2026/09/14 06:19:57.823, 6, 0, 78641
2026/09/14 06:19:57.823, 7, 0, 78641
2026/09/14 06:19:58.324, 6, 0, 78641
2026/09/14 06:19:58.324, 7, 0, 78641
2026/09/14 06:19:58.825, 6, 0, 78641
2026/09/14 06:19:58.825, 7, 0, 78641
2026/09/14 06:19:59.325, 6, 0, 78641
2026/09/14 06:19:59.326, 7, 0, 78641
2026/09/14 06:19:59.826, 6, 0, 78641
2026/09/14 06:19:59.826, 7, 0, 78641
2026/09/14 06:20:00.326, 6, 0, 78641
2026/09/14 06:20:00.326, 7, 0, 78641
2026/09/14 06:20:00.826, 6, 0, 78641
2026/09/14 06:20:00.826, 7, 0, 78641
2026/09/14 06:20:01.326, 6, 0, 78641
2026/09/14 06:20:01.326, 7, 0, 78641
2026/09/14 06:20:01.826, 6, 0, 78641
2026/09/14 06:20:01.827, 7, 0, 78641
2026/09/14 06:20:02.327, 6, 0, 78641
2026/09/14 06:20:02.327, 7, 0, 78641
2026/09/14 06:20:02.828, 6, 0, 78641
2026/09/14 06:20:02.828, 7, 0, 78641
2026/09/14 06:20:03.329, 6, 0, 78641
2026/09/14 06:20:03.329, 7, 0, 78641
2026/09/14 06:20:03.829, 6, 0, 78641
2026/09/14 06:20:03.830, 7, 1, 78641
2026/09/14 06:20:04.331, 6, 0, 78641
2026/09/14 06:20:04.331, 7, 0, 78641
2026/09/14 06:20:04.831, 6, 0, 78641
2026/09/14 06:20:04.832, 7, 0, 78641
2026/09/14 06:20:05.332, 6, 0, 78641
2026/09/14 06:20:05.332, 7, 0, 78641
2026/09/14 06:20:05.833, 6, 0, 78641
2026/09/14 06:20:05.833, 7, 0, 78641
2026/09/14 06:20:06.333, 6, 0, 78641
2026/09/14 06:20:06.333, 7, 1, 78641
2026/09/14 06:20:06.833, 6, 0, 78641
2026/09/14 06:20:06.833, 7, 0, 78641
2026/09/14 06:20:07.333, 6, 0, 78641
2026/09/14 06:20:07.333, 7, 0, 78641
2026/09/14 06:20:07.833, 6, 0, 78641
2026/09/14 06:20:07.834, 7, 0, 78641
2026/09/14 06:20:08.335, 6, 0, 78641
2026/09/14 06:20:08.335, 7, 9, 78641
2026/09/14 06:20:08.835, 6, 1, 78641
2026/09/14 06:20:08.835, 7, 0, 78641
2026/09/14 06:20:09.335, 6, 26, 78641
2026/09/14 06:20:09.335, 7, 31, 78641
2026/09/14 06:20:09.836, 6, 0, 78641
2026/09/14 06:20:09.836, 7, 0, 78641
2026/09/14 06:20:10.336, 6, 0, 78641
2026/09/14 06:20:10.336, 7, 0, 78641
2026/09/14 06:20:10.836, 6, 0, 78641
2026/09/14 06:20:10.836, 7, 0, 78641
2026/09/14 06:20:11.336, 6, 0, 78641
2026/09/14 06:20:11.336, 7, 0, 78641
2026/09/14 06:20:11.836, 6, 0, 78641
2026/09/14 06:20:11.837, 7, 0, 78641
2026/09/14 06:20:12.337, 6, 0, 78641
2026/09/14 06:20:12.337, 7, 0, 78641
2026/09/14 06:20:12.837, 6, 0, 78641
2026/09/14 06:20:12.837, 7, 0, 78641
2026/09/14 06:20:13.337, 6, 0, 78641
2026/09/14 06:20:13.337, 7, 0, 78641
2026/09/14 06:20:13.837, 6, 0, 78641
2026/09/14 06:20:13.838, 7, 0, 78641
2026/09/14 06:20:14.338, 6, 0, 78641
2026/09/14 06:20:14.338, 7, 0, 78641
2026/09/14 06:20:14.838, 6, 0, 78641
2026/09/14 06:20:14.839, 7, 0, 78641
2026/09/14 06:20:15.339, 6, 0, 78641
2026/09/14 06:20:15.340, 7, 0, 78641
2026/09/14 06:20:15.841, 6, 0, 78641
2026/09/14 06:20:15.842, 7, 0, 78641
2026/09/14 06:20:16.342, 6, 0, 78641
2026/09/14 06:20:16.342, 7, 0, 78641
2026/09/14 06:20:16.842, 6, 1, 78641
2026/09/14 06:20:16.842, 7, 12, 78641
2026/09/14 06:20:17.342, 6, 0, 78641
2026/09/14 06:20:17.342, 7, 0, 78641
2026/09/14 06:20:17.842, 6, 6, 78641
2026/09/14 06:20:17.843, 7, 6, 78641
2026/09/14 06:20:18.343, 6, 0, 78641
2026/09/14 06:20:18.343, 7, 0, 78641
2026/09/14 06:20:18.843, 6, 5, 78641
2026/09/14 06:20:18.843, 7, 12, 78641
2026/09/14 06:20:19.343, 6, 0, 78641
2026/09/14 06:20:19.343, 7, 0, 78641
2026/09/14 06:20:19.843, 6, 6, 78641
2026/09/14 06:20:19.843, 7, 6, 78641
2026/09/14 06:20:20.344, 6, 32, 78641
2026/09/14 06:20:20.344, 7, 0, 78641
2026/09/14 06:20:20.845, 6, 22, 78641
2026/09/14 06:20:20.845, 7, 16, 78641
2026/09/14 06:20:21.345, 6, 28, 78641
2026/09/14 06:20:21.345, 7, 31, 78641
2026/09/14 06:20:21.845, 6, 0, 78641
2026/09/14 06:20:21.846, 7, 0, 78641
2026/09/14 06:20:22.346, 6, 0, 78641
2026/09/14 06:20:22.346, 7, 0, 78641
2026/09/14 06:20:22.846, 6, 0, 78641
2026/09/14 06:20:22.846, 7, 0, 78641
2026/09/14 06:20:23.346, 6, 0, 78641
2026/09/14 06:20:23.346, 7, 0, 78641
2026/09/14 06:20:23.846, 6, 0, 78641
2026/09/14 06:20:23.848, 7, 0, 78641
2026/09/14 06:20:24.348, 6, 0, 78641
2026/09/14 06:20:24.349, 7, 0, 78641
2026/09/14 06:20:24.849, 6, 0, 78641
2026/09/14 06:20:24.849, 7, 0, 78641
2026/09/14 06:20:25.349, 6, 0, 78641
2026/09/14 06:20:25.349, 7, 0, 78641
2026/09/14 06:20:25.849, 6, 0, 78641
2026/09/14 06:20:25.849, 7, 0, 78641
2026/09/14 06:20:26.349, 6, 0, 78641
2026/09/14 06:20:26.349, 7, 0, 78641
2026/09/14 06:20:26.850, 6, 0, 78641
2026/09/14 06:20:26.850, 7, 0, 78641
2026/09/14 06:20:27.350, 6, 0, 78641
2026/09/14 06:20:27.350, 7, 0, 78641
2026/09/14 06:20:27.850, 6, 0, 78641
2026/09/14 06:20:27.850, 7, 0, 78641
2026/09/14 06:20:28.351, 6, 0, 78641
2026/09/14 06:20:28.351, 7, 0, 78641
2026/09/14 06:20:28.851, 6, 0, 78641
2026/09/14 06:20:28.851, 7, 0, 78641
2026/09/14 06:20:29.351, 6, 0, 78641
2026/09/14 06:20:29.351, 7, 0, 78641
2026/09/14 06:20:29.851, 6, 0, 78641
2026/09/14 06:20:29.852, 7, 0, 78641
2026/09/14 06:20:30.352, 6, 0, 78641
2026/09/14 06:20:30.353, 7, 0, 78641
2026/09/14 06:20:30.853, 6, 0, 78641
2026/09/14 06:20:30.853, 7, 0, 78641
2026/09/14 06:20:31.353, 6, 0, 78641
2026/09/14 06:20:31.353, 7, 0, 78641
2026/09/14 06:20:31.854, 6, 0, 78641
2026/09/14 06:20:31.854, 7, 0, 78641
2026/09/14 06:20:32.354, 6, 0, 78641
2026/09/14 06:20:32.354, 7, 0, 78641
2026/09/14 06:20:32.855, 6, 0, 78641
2026/09/14 06:20:32.855, 7, 0, 78641
2026/09/14 06:20:33.355, 6, 0, 78641
2026/09/14 06:20:33.355, 7, 0, 78641
2026/09/14 06:20:33.855, 6, 0, 78641
2026/09/14 06:20:33.855, 7, 0, 78641
2026/09/14 06:20:34.355, 6, 0, 78641
2026/09/14 06:20:34.355, 7, 0, 78641
2026/09/14 06:20:34.855, 6, 0, 78641
2026/09/14 06:20:34.855, 7, 0, 78641
2026/09/14 06:20:35.356, 6, 0, 78641
2026/09/14 06:20:35.356, 7, 0, 78641
2026/09/14 06:20:35.857, 6, 0, 78641
2026/09/14 06:20:35.857, 7, 0, 78641
2026/09/14 06:20:36.358, 6, 0, 78641
2026/09/14 06:20:36.358, 7, 0, 78641
2026/09/14 06:20:36.858, 6, 0, 78641
2026/09/14 06:20:36.858, 7, 0, 78641
2026/09/14 06:20:37.358, 6, 0, 78641
2026/09/14 06:20:37.358, 7, 0, 78641
2026/09/14 06:20:37.858, 6, 0, 78641
2026/09/14 06:20:37.858, 7, 20, 78641
2026/09/14 06:20:38.359, 6, 23, 78641
2026/09/14 06:20:38.359, 7, 23, 78641
2026/09/14 06:20:38.859, 6, 0, 78641
2026/09/14 06:20:38.859, 7, 0, 78641
2026/09/14 06:20:39.359, 6, 0, 78641
2026/09/14 06:20:39.359, 7, 0, 78641
2026/09/14 06:20:39.859, 6, 0, 78641
2026/09/14 06:20:39.859, 7, 0, 78641
2026/09/14 06:20:40.360, 6, 0, 78641
2026/09/14 06:20:40.360, 7, 0, 78641
2026/09/14 06:20:40.860, 6, 0, 78641
2026/09/14 06:20:40.860, 7, 0, 78641
2026/09/14 06:20:41.360, 6, 0, 78641
2026/09/14 06:20:41.360, 7, 0, 78641
2026/09/14 06:20:41.860, 6, 0, 78641
2026/09/14 06:20:41.860, 7, 0, 78641
2026/09/14 06:20:42.360, 6, 0, 78641
2026/09/14 06:20:42.360, 7, 0, 78641
2026/09/14 06:20:42.860, 6, 0, 78641
2026/09/14 06:20:42.861, 7, 0, 78641
2026/09/14 06:20:43.361, 6, 0, 78641
2026/09/14 06:20:43.361, 7, 0, 78641
2026/09/14 06:20:43.861, 6, 0, 78641
2026/09/14 06:20:43.862, 7, 0, 78641
2026/09/14 06:20:44.362, 6, 0, 78641
2026/09/14 06:20:44.362, 7, 0, 78641
2026/09/14 06:20:44.862, 6, 0, 78641
2026/09/14 06:20:44.863, 7, 0, 78641
2026/09/14 06:20:45.363, 6, 0, 78641
2026/09/14 06:20:45.363, 7, 0, 78641
2026/09/14 06:20:45.863, 6, 0, 78641
2026/09/14 06:20:45.863, 7, 0, 78641
2026/09/14 06:20:46.363, 6, 0, 78641
2026/09/14 06:20:46.363, 7, 0, 78641
2026/09/14 06:20:46.863, 6, 12, 78641
2026/09/14 06:20:46.864, 7, 0, 78641
2026/09/14 06:20:47.364, 6, 0, 78641
2026/09/14 06:20:47.364, 7, 0, 78641
2026/09/14 06:20:47.864, 6, 0, 78641
2026/09/14 06:20:47.864, 7, 0, 78641
2026/09/14 06:20:48.364, 6, 0, 78641
2026/09/14 06:20:48.364, 7, 0, 78641
2026/09/14 06:20:48.864, 6, 11, 78641
2026/09/14 06:20:48.864, 7, 1, 78641
2026/09/14 06:20:49.364, 6, 0, 78641
2026/09/14 06:20:49.364, 7, 0, 78641
2026/09/14 06:20:49.865, 6, 9, 78641
2026/09/14 06:20:49.865, 7, 9, 78641
2026/09/14 06:20:50.365, 6, 0, 78641
2026/09/14 06:20:50.365, 7, 0, 78641
2026/09/14 06:20:50.866, 6, 1, 78641
2026/09/14 06:20:50.866, 7, 0, 78641
2026/09/14 06:20:51.366, 6, 1, 78641
2026/09/14 06:20:51.366, 7, 0, 78641
2026/09/14 06:20:51.866, 6, 0, 78641
2026/09/14 06:20:51.866, 7, 0, 78641
2026/09/14 06:20:52.366, 6, 0, 78641
2026/09/14 06:20:52.366, 7, 0, 78641
2026/09/14 06:20:52.867, 6, 11, 78641
2026/09/14 06:20:52.867, 7, 11, 78641
2026/09/14 06:20:53.367, 6, 0, 78641
2026/09/14 06:20:53.395, 7, 0, 78641
2026/09/14 06:20:53.896, 6, 0, 78641
2026/09/14 06:20:53.896, 7, 0, 78641
2026/09/14 06:20:54.397, 6, 0, 78641
2026/09/14 06:20:54.397, 7, 3, 78641
2026/09/14 06:20:54.897, 6, 3, 78641
2026/09/14 06:20:54.897, 7, 0, 78641
2026/09/14 06:20:55.397, 6, 27, 78641
2026/09/14 06:20:55.397, 7, 28, 78641
2026/09/14 06:20:55.897, 6, 0, 78641
2026/09/14 06:20:55.897, 7, 4, 78641
2026/09/14 06:20:56.398, 6, 0, 78641
2026/09/14 06:20:56.398, 7, 0, 78641
2026/09/14 06:20:56.898, 6, 0, 78641
2026/09/14 06:20:56.898, 7, 0, 78641
2026/09/14 06:20:57.398, 6, 0, 78641
2026/09/14 06:20:57.399, 7, 0, 78641
2026/09/14 06:20:57.899, 6, 0, 78641
2026/09/14 06:20:57.899, 7, 0, 78641
2026/09/14 06:20:58.399, 6, 0, 78641
2026/09/14 06:20:58.399, 7, 0, 78641
2026/09/14 06:20:58.899, 6, 0, 78641
2026/09/14 06:20:58.899, 7, 0, 78641
2026/09/14 06:20:59.399, 6, 0, 78641
2026/09/14 06:20:59.399, 7, 0, 78641
2026/09/14 06:20:59.899, 6, 0, 78641
2026/09/14 06:20:59.899, 7, 0, 78641
2026/09/14 06:21:00.400, 6, 0, 78641
2026/09/14 06:21:00.400, 7, 0, 78641
2026/09/14 06:21:00.900, 6, 0, 78641
2026/09/14 06:21:00.900, 7, 0, 78641
2026/09/14 06:21:01.401, 6, 0, 78641
2026/09/14 06:21:01.401, 7, 0, 78641
2026/09/14 06:21:01.901, 6, 0, 78641
2026/09/14 06:21:01.901, 7, 0, 78641
2026/09/14 06:21:02.401, 6, 0, 78641
2026/09/14 06:21:02.401, 7, 0, 78641
2026/09/14 06:21:02.902, 6, 12, 78641
2026/09/14 06:21:02.902, 7, 11, 78641
2026/09/14 06:21:03.402, 6, 0, 78641
2026/09/14 06:21:03.403, 7, 0, 78641
2026/09/14 06:21:03.903, 6, 6, 78641
2026/09/14 06:21:03.903, 7, 0, 78641
2026/09/14 06:21:04.403, 6, 3, 78641
2026/09/14 06:21:04.403, 7, 3, 78641
2026/09/14 06:21:04.904, 6, 12, 78641
2026/09/14 06:21:04.904, 7, 7, 78641
2026/09/14 06:21:05.404, 6, 0, 78641
2026/09/14 06:21:05.404, 7, 0, 78641
2026/09/14 06:21:05.905, 6, 6, 78641
2026/09/14 06:21:05.905, 7, 0, 78641
2026/09/14 06:21:06.405, 6, 11, 78641
2026/09/14 06:21:06.405, 7, 0, 78641
2026/09/14 06:21:06.905, 6, 27, 78641
2026/09/14 06:21:06.905, 7, 25, 78641
2026/09/14 06:21:07.405, 6, 19, 78641
2026/09/14 06:21:07.405, 7, 21, 78641
2026/09/14 06:21:07.906, 6, 6, 78641
2026/09/14 06:21:07.906, 7, 0, 78641
2026/09/14 06:21:08.406, 6, 0, 78641
2026/09/14 06:21:08.406, 7, 0, 78641
2026/09/14 06:21:08.906, 6, 0, 78641
2026/09/14 06:21:08.906, 7, 0, 78641
2026/09/14 06:21:09.406, 6, 0, 78641
2026/09/14 06:21:09.407, 7, 0, 78641
2026/09/14 06:21:09.907, 6, 0, 78641
2026/09/14 06:21:09.907, 7, 0, 78641
2026/09/14 06:21:10.407, 6, 0, 78641
2026/09/14 06:21:10.407, 7, 0, 78641
2026/09/14 06:21:10.907, 6, 0, 78641
2026/09/14 06:21:10.907, 7, 0, 78641
2026/09/14 06:21:11.407, 6, 0, 78641
2026/09/14 06:21:11.407, 7, 0, 78641
2026/09/14 06:21:11.907, 6, 0, 78641
2026/09/14 06:21:11.908, 7, 0, 78641
2026/09/14 06:21:12.408, 6, 0, 78641
2026/09/14 06:21:12.408, 7, 0, 78641
2026/09/14 06:21:12.908, 6, 0, 78641
2026/09/14 06:21:12.908, 7, 0, 78641
2026/09/14 06:21:13.408, 6, 0, 78641
2026/09/14 06:21:13.408, 7, 0, 78641
2026/09/14 06:21:13.908, 6, 0, 78641
2026/09/14 06:21:13.908, 7, 0, 78641
2026/09/14 06:21:14.409, 6, 0, 78641
2026/09/14 06:21:14.409, 7, 0, 78641
2026/09/14 06:21:14.909, 6, 0, 78641
2026/09/14 06:21:14.909, 7, 0, 78641
2026/09/14 06:21:15.409, 6, 0, 78641
2026/09/14 06:21:15.409, 7, 0, 78641
2026/09/14 06:21:15.909, 6, 0, 78641
2026/09/14 06:21:15.910, 7, 0, 78641
2026/09/14 06:21:16.410, 6, 0, 78641
2026/09/14 06:21:16.410, 7, 0, 78641
2026/09/14 06:21:16.910, 6, 0, 78641
2026/09/14 06:21:16.910, 7, 0, 78641
2026/09/14 06:21:17.410, 6, 0, 78641
2026/09/14 06:21:17.410, 7, 0, 78641
2026/09/14 06:21:17.910, 6, 0, 78641
2026/09/14 06:21:17.910, 7, 0, 78641
2026/09/14 06:21:18.410, 6, 0, 78641
2026/09/14 06:21:18.410, 7, 0, 78641
2026/09/14 06:21:18.911, 6, 0, 78641
2026/09/14 06:21:18.911, 7, 0, 78641
2026/09/14 06:21:19.411, 6, 0, 78641
2026/09/14 06:21:19.412, 7, 0, 78641
2026/09/14 06:21:19.912, 6, 0, 78641
2026/09/14 06:21:19.912, 7, 0, 78641
2026/09/14 06:21:20.412, 6, 0, 78641
2026/09/14 06:21:20.412, 7, 0, 78641
2026/09/14 06:21:20.913, 6, 0, 78641
2026/09/14 06:21:20.913, 7, 0, 78641
2026/09/14 06:21:21.414, 6, 0, 78641
2026/09/14 06:21:21.414, 7, 0, 78641
2026/09/14 06:21:21.914, 6, 0, 78641
2026/09/14 06:21:21.914, 7, 0, 78641
2026/09/14 06:21:22.414, 6, 0, 78641
2026/09/14 06:21:22.414, 7, 0, 78641
2026/09/14 06:21:22.914, 6, 0, 78641
2026/09/14 06:21:22.914, 7, 0, 78641
2026/09/14 06:21:23.415, 6, 0, 78641
2026/09/14 06:21:23.415, 7, 0, 78641
2026/09/14 06:21:23.916, 6, 0, 78641
2026/09/14 06:21:23.916, 7, 0, 78641
2026/09/14 06:21:24.416, 6, 0, 78641
2026/09/14 06:21:24.416, 7, 0, 78641
2026/09/14 06:21:24.916, 6, 29, 78641
2026/09/14 06:21:24.917, 7, 26, 78641
2026/09/14 06:21:25.417, 6, 0, 78641
2026/09/14 06:21:25.418, 7, 0, 78641
2026/09/14 06:21:25.918, 6, 0, 78641
2026/09/14 06:21:25.918, 7, 0, 78641
2026/09/14 06:21:26.418, 6, 0, 78641
2026/09/14 06:21:26.418, 7, 0, 78641
2026/09/14 06:21:26.918, 6, 0, 78641
2026/09/14 06:21:26.919, 7, 0, 78641
2026/09/14 06:21:27.419, 6, 0, 78641
2026/09/14 06:21:27.419, 7, 0, 78641
2026/09/14 06:21:27.919, 6, 0, 78641
2026/09/14 06:21:27.919, 7, 0, 78641
2026/09/14 06:21:28.419, 6, 0, 78641
2026/09/14 06:21:28.419, 7, 0, 78641
2026/09/14 06:21:28.919, 6, 0, 78641
2026/09/14 06:21:28.919, 7, 0, 78641
2026/09/14 06:21:29.420, 6, 0, 78641
2026/09/14 06:21:29.420, 7, 0, 78641
2026/09/14 06:21:29.920, 6, 0, 78641
2026/09/14 06:21:29.920, 7, 0, 78641
2026/09/14 06:21:30.420, 6, 0, 78641
2026/09/14 06:21:30.420, 7, 0, 78641
2026/09/14 06:21:30.920, 6, 0, 78641
2026/09/14 06:21:30.920, 7, 0, 78641
2026/09/14 06:21:31.420, 6, 0, 78641
2026/09/14 06:21:31.420, 7, 0, 78641
2026/09/14 06:21:31.920, 6, 0, 78641
2026/09/14 06:21:31.921, 7, 0, 78641
2026/09/14 06:21:32.421, 6, 0, 78641
2026/09/14 06:21:32.421, 7, 0, 78641
2026/09/14 06:21:32.921, 6, 0, 78641
2026/09/14 06:21:32.921, 7, 0, 78641
2026/09/14 06:21:33.421, 6, 11, 78641
2026/09/14 06:21:33.421, 7, 23, 78641
2026/09/14 06:21:33.922, 6, 0, 78641
2026/09/14 06:21:33.922, 7, 0, 78641
2026/09/14 06:21:34.422, 6, 0, 78641
2026/09/14 06:21:34.422, 7, 0, 78641
2026/09/14 06:21:34.922, 6, 0, 78641
2026/09/14 06:21:34.922, 7, 0, 78641
2026/09/14 06:21:35.422, 6, 0, 78641
2026/09/14 06:21:35.423, 7, 0, 78641
2026/09/14 06:21:35.923, 6, 1, 78641
2026/09/14 06:21:35.923, 7, 0, 78641
2026/09/14 06:21:36.423, 6, 0, 78641
2026/09/14 06:21:36.423, 7, 0, 78641
2026/09/14 06:21:36.923, 6, 9, 78641
2026/09/14 06:21:36.923, 7, 0, 78641
2026/09/14 06:21:37.423, 6, 0, 78641
2026/09/14 06:21:37.423, 7, 0, 78641
2026/09/14 06:21:37.923, 6, 0, 78641
2026/09/14 06:21:37.924, 7, 0, 78641
2026/09/14 06:21:38.425, 6, 2, 78641
2026/09/14 06:21:38.425, 7, 1, 78641
2026/09/14 06:21:38.925, 6, 99, 78641
2026/09/14 06:21:38.925, 7, 100, 78641
2026/09/14 06:21:39.425, 6, 100, 78641
2026/09/14 06:21:39.425, 7, 100, 78641
2026/09/14 06:21:39.925, 6, 100, 78641
2026/09/14 06:21:39.926, 7, 100, 78641
2026/09/14 06:21:40.426, 6, 99, 78641
2026/09/14 06:21:40.426, 7, 78, 78641
2026/09/14 06:21:40.926, 6, 100, 78641
2026/09/14 06:21:40.926, 7, 100, 78641
2026/09/14 06:21:41.426, 6, 100, 78641
2026/09/14 06:21:41.426, 7, 100, 78641
2026/09/14 06:21:41.926, 6, 91, 78641
2026/09/14 06:21:41.927, 7, 100, 78641
2026/09/14 06:21:42.427, 6, 100, 78641
2026/09/14 06:21:42.427, 7, 100, 78641
2026/09/14 06:21:42.927, 6, 100, 78641
2026/09/14 06:21:42.927, 7, 100, 78641
2026/09/14 06:21:43.428, 6, 100, 78641
2026/09/14 06:21:43.428, 7, 100, 78641
2026/09/14 06:21:43.928, 6, 99, 78641
2026/09/14 06:21:43.928, 7, 99, 78641
2026/09/14 06:21:44.428, 6, 100, 78641
2026/09/14 06:21:44.428, 7, 100, 78641
2026/09/14 06:21:44.928, 6, 100, 78641
2026/09/14 06:21:44.928, 7, 100, 78641
2026/09/14 06:21:45.428, 6, 99, 78641
2026/09/14 06:21:45.428, 7, 90, 78641
2026/09/14 06:21:45.929, 6, 100, 78641
2026/09/14 06:21:45.929, 7, 100, 78641
2026/09/14 06:21:46.430, 6, 100, 78641
2026/09/14 06:21:46.430, 7, 100, 78641
2026/09/14 06:21:46.930, 6, 80, 78641
2026/09/14 06:21:46.931, 7, 100, 78641
2026/09/14 06:21:47.431, 6, 100, 78641
2026/09/14 06:21:47.432, 7, 99, 78641
2026/09/14 06:21:47.932, 6, 100, 78641
2026/09/14 06:21:47.932, 7, 100, 78641
2026/09/14 06:21:48.432, 6, 100, 78641
2026/09/14 06:21:48.432, 7, 100, 78641
2026/09/14 06:21:48.932, 6, 99, 78641
2026/09/14 06:21:48.932, 7, 99, 78641
2026/09/14 06:21:49.433, 6, 100, 78641
2026/09/14 06:21:49.433, 7, 100, 78641
2026/09/14 06:21:49.934, 6, 100, 78641
2026/09/14 06:21:49.934, 7, 100, 78641
2026/09/14 06:21:50.434, 6, 54, 78641
2026/09/14 06:21:50.434, 7, 65, 78641
2026/09/14 06:21:50.934, 6, 99, 78641
2026/09/14 06:21:50.934, 7, 100, 78641
2026/09/14 06:21:51.436, 6, 100, 78641
2026/09/14 06:21:51.436, 7, 100, 78641
2026/09/14 06:21:51.937, 6, 100, 78641
2026/09/14 06:21:51.937, 7, 100, 78641
2026/09/14 06:21:52.437, 6, 99, 78641
2026/09/14 06:21:52.438, 7, 100, 78641
2026/09/14 06:21:52.939, 6, 100, 78641
2026/09/14 06:21:52.939, 7, 100, 78641
2026/09/14 06:21:53.439, 6, 100, 78641
2026/09/14 06:21:53.439, 7, 100, 78641
2026/09/14 06:21:53.939, 6, 55, 78641
2026/09/14 06:21:53.940, 7, 96, 78641
2026/09/14 06:21:54.441, 6, 100, 78641
2026/09/14 06:21:54.441, 7, 100, 78641
2026/09/14 06:21:54.941, 6, 100, 78641
2026/09/14 06:21:54.941, 7, 100, 78641
2026/09/14 06:21:55.441, 6, 91, 78641
2026/09/14 06:21:55.441, 7, 90, 78641
2026/09/14 06:21:55.941, 6, 99, 78641
2026/09/14 06:21:55.941, 7, 100, 78641
2026/09/14 06:21:56.441, 6, 100, 78641
2026/09/14 06:21:56.442, 7, 100, 78641
2026/09/14 06:21:56.942, 6, 100, 78641
2026/09/14 06:21:56.942, 7, 100, 78641
2026/09/14 06:21:57.442, 6, 99, 78641
2026/09/14 06:21:57.442, 7, 99, 78641
2026/09/14 06:21:57.942, 6, 100, 78641
2026/09/14 06:21:57.943, 7, 100, 78641
2026/09/14 06:21:58.443, 6, 100, 78641
2026/09/14 06:21:58.443, 7, 100, 78641
2026/09/14 06:21:58.943, 6, 91, 78641
2026/09/14 06:21:58.944, 7, 99, 78641
2026/09/14 06:21:59.445, 6, 100, 78641
2026/09/14 06:21:59.445, 7, 100, 78641
2026/09/14 06:21:59.945, 6, 100, 78641
2026/09/14 06:21:59.945, 7, 100, 78641
2026/09/14 06:22:00.446, 6, 59, 78641
2026/09/14 06:22:00.446, 7, 54, 78641
2026/09/14 06:22:00.946, 6, 99, 78641
2026/09/14 06:22:00.946, 7, 99, 78641
2026/09/14 06:22:01.446, 6, 100, 78641
2026/09/14 06:22:01.446, 7, 100, 78641
2026/09/14 06:22:01.946, 6, 100, 78641
2026/09/14 06:22:01.946, 7, 100, 78641
2026/09/14 06:22:02.446, 6, 99, 78641
2026/09/14 06:22:02.446, 7, 100, 78641
2026/09/14 06:22:02.947, 6, 100, 78641
2026/09/14 06:22:02.947, 7, 100, 78641
2026/09/14 06:22:03.447, 6, 100, 78641
2026/09/14 06:22:03.447, 7, 100, 78641
2026/09/14 06:22:03.948, 6, 54, 78641
2026/09/14 06:22:03.949, 7, 84, 78641
2026/09/14 06:22:04.449, 6, 100, 78641
2026/09/14 06:22:04.449, 7, 100, 78641
2026/09/14 06:22:04.949, 6, 100, 78641
2026/09/14 06:22:04.949, 7, 100, 78641
2026/09/14 06:22:05.449, 6, 92, 78641
2026/09/14 06:22:05.449, 7, 91, 78641
2026/09/14 06:22:05.949, 6, 99, 78641
2026/09/14 06:22:05.950, 7, 100, 78641
2026/09/14 06:22:06.450, 6, 100, 78641
2026/09/14 06:22:06.451, 7, 100, 78641
2026/09/14 06:22:06.951, 6, 100, 78641
2026/09/14 06:22:06.951, 7, 100, 78641
2026/09/14 06:22:07.451, 6, 99, 78641
2026/09/14 06:22:07.452, 7, 100, 78641
2026/09/14 06:22:07.953, 6, 100, 78641
2026/09/14 06:22:07.953, 7, 100, 78641
2026/09/14 06:22:08.453, 6, 100, 78641
2026/09/14 06:22:08.453, 7, 100, 78641
2026/09/14 06:22:08.954, 6, 99, 78641
2026/09/14 06:22:08.955, 7, 91, 78641
2026/09/14 06:22:09.455, 6, 100, 78641
2026/09/14 06:22:09.455, 7, 100, 78641
2026/09/14 06:22:09.956, 6, 100, 78641
2026/09/14 06:22:09.956, 7, 100, 78641
2026/09/14 06:22:10.456, 6, 68, 78641
2026/09/14 06:22:10.456, 7, 100, 78641
2026/09/14 06:22:10.956, 6, 100, 78641
2026/09/14 06:22:10.956, 7, 99, 78641
2026/09/14 06:22:11.456, 6, 100, 78641
2026/09/14 06:22:11.456, 7, 100, 78641
2026/09/14 06:22:11.957, 6, 100, 78641
2026/09/14 06:22:11.957, 7, 100, 78641
2026/09/14 06:22:12.457, 6, 99, 78641
2026/09/14 06:22:12.457, 7, 100, 78641
2026/09/14 06:22:12.957, 6, 100, 78641
2026/09/14 06:22:12.957, 7, 100, 78641
2026/09/14 06:22:13.457, 6, 100, 78641
2026/09/14 06:22:13.457, 7, 100, 78641
2026/09/14 06:22:13.957, 6, 99, 78641
2026/09/14 06:22:13.957, 7, 74, 78641
2026/09/14 06:22:14.458, 6, 100, 78641
2026/09/14 06:22:14.458, 7, 100, 78641
2026/09/14 06:22:14.958, 6, 100, 78641
2026/09/14 06:22:14.958, 7, 100, 78641
2026/09/14 06:22:15.458, 6, 92, 78641
2026/09/14 06:22:15.458, 7, 100, 78641
2026/09/14 06:22:15.959, 6, 100, 78641
2026/09/14 06:22:15.959, 7, 100, 78641
2026/09/14 06:22:16.459, 6, 100, 78641
2026/09/14 06:22:16.459, 7, 100, 78641
2026/09/14 06:22:16.960, 6, 100, 78641
2026/09/14 06:22:16.960, 7, 100, 78641
2026/09/14 06:22:17.460, 6, 99, 78641
2026/09/14 06:22:17.460, 7, 99, 78641
2026/09/14 06:22:17.960, 6, 100, 78641
2026/09/14 06:22:17.960, 7, 100, 78641
2026/09/14 06:22:18.460, 6, 100, 78641
2026/09/14 06:22:18.460, 7, 100, 78641
2026/09/14 06:22:18.961, 6, 99, 78641
2026/09/14 06:22:18.963, 7, 96, 78641
2026/09/14 06:22:19.464, 6, 100, 78641
2026/09/14 06:22:19.464, 7, 100, 78641
2026/09/14 06:22:19.964, 6, 100, 78641
2026/09/14 06:22:19.964, 7, 100, 78641
2026/09/14 06:22:20.465, 6, 77, 78641
2026/09/14 06:22:20.465, 7, 100, 78641
2026/09/14 06:22:20.965, 6, 100, 78641
2026/09/14 06:22:20.965, 7, 99, 78641
2026/09/14 06:22:21.465, 6, 100, 78641
2026/09/14 06:22:21.465, 7, 100, 78641
2026/09/14 06:22:21.965, 6, 100, 78641
2026/09/14 06:22:21.965, 7, 100, 78641
2026/09/14 06:22:22.465, 6, 99, 78641
2026/09/14 06:22:22.466, 7, 99, 78641
2026/09/14 06:22:22.966, 6, 100, 78641
2026/09/14 06:22:22.966, 7, 100, 78641
2026/09/14 06:22:23.466, 6, 100, 78641
2026/09/14 06:22:23.466, 7, 100, 78641
2026/09/14 06:22:23.966, 6, 99, 78641
2026/09/14 06:22:23.967, 7, 86, 78641
2026/09/14 06:22:24.468, 6, 100, 78641
2026/09/14 06:22:24.468, 7, 100, 78641
2026/09/14 06:22:24.968, 6, 100, 78641
2026/09/14 06:22:24.969, 7, 100, 78641
2026/09/14 06:22:25.469, 6, 100, 78641
2026/09/14 06:22:25.469, 7, 100, 78641
2026/09/14 06:22:25.969, 6, 99, 78641
2026/09/14 06:22:25.969, 7, 100, 78641
2026/09/14 06:22:26.470, 6, 100, 78641
2026/09/14 06:22:26.470, 7, 100, 78641
2026/09/14 06:22:26.970, 6, 100, 78641
2026/09/14 06:22:26.971, 7, 100, 78641
2026/09/14 06:22:27.471, 6, 55, 78641
2026/09/14 06:22:27.471, 7, 95, 78641
2026/09/14 06:22:27.971, 6, 100, 78641
2026/09/14 06:22:27.971, 7, 100, 78641
2026/09/14 06:22:28.471, 6, 100, 78641
2026/09/14 06:22:28.471, 7, 100, 78641
2026/09/14 06:22:28.972, 6, 91, 78641
2026/09/14 06:22:28.972, 7, 100, 78641
2026/09/14 06:22:29.472, 6, 99, 78641
2026/09/14 06:22:29.472, 7, 100, 78641
2026/09/14 06:22:29.972, 6, 100, 78641
2026/09/14 06:22:29.972, 7, 100, 78641
2026/09/14 06:22:30.473, 6, 100, 78641
2026/09/14 06:22:30.473, 7, 100, 78641
2026/09/14 06:22:30.973, 6, 99, 78641
2026/09/14 06:22:30.973, 7, 99, 78641
2026/09/14 06:22:31.473, 6, 100, 78641
2026/09/14 06:22:31.474, 7, 100, 78641
2026/09/14 06:22:31.974, 6, 100, 78641
2026/09/14 06:22:31.976, 7, 100, 78641
2026/09/14 06:22:32.476, 6, 91, 78641
2026/09/14 06:22:32.476, 7, 99, 78641
2026/09/14 06:22:32.976, 6, 100, 78641
2026/09/14 06:22:32.977, 7, 100, 78641
2026/09/14 06:22:33.477, 6, 100, 78641
2026/09/14 06:22:33.477, 7, 100, 78641
2026/09/14 06:22:33.977, 6, 60, 78641
2026/09/14 06:22:33.977, 7, 96, 78641
2026/09/14 06:22:34.478, 6, 99, 78641
2026/09/14 06:22:34.478, 7, 99, 78641
2026/09/14 06:22:34.978, 6, 100, 78641
2026/09/14 06:22:34.978, 7, 100, 78641
2026/09/14 06:22:35.478, 6, 100, 78641
2026/09/14 06:22:35.478, 7, 100, 78641
2026/09/14 06:22:35.978, 6, 99, 78641
2026/09/14 06:22:35.979, 7, 100, 78641
2026/09/14 06:22:36.480, 6, 100, 78641
2026/09/14 06:22:36.481, 7, 100, 78641
2026/09/14 06:22:36.981, 6, 100, 78641
2026/09/14 06:22:36.981, 7, 100, 78641
2026/09/14 06:22:37.481, 6, 54, 78641
2026/09/14 06:22:37.481, 7, 83, 78641
2026/09/14 06:22:37.981, 6, 100, 78641
2026/09/14 06:22:37.981, 7, 100, 78641
2026/09/14 06:22:38.481, 6, 100, 78641
2026/09/14 06:22:38.492, 7, 100, 78641
2026/09/14 06:22:38.992, 6, 91, 78641
2026/09/14 06:22:38.992, 7, 100, 78641
2026/09/14 06:22:39.492, 6, 99, 78641
2026/09/14 06:22:39.492, 7, 100, 78641
2026/09/14 06:22:39.992, 6, 100, 78641
2026/09/14 06:22:39.992, 7, 100, 78641
2026/09/14 06:22:40.493, 6, 100, 78641
2026/09/14 06:22:40.493, 7, 100, 78641
2026/09/14 06:22:40.993, 6, 99, 78641
2026/09/14 06:22:40.993, 7, 99, 78641
2026/09/14 06:22:41.493, 6, 100, 78641
2026/09/14 06:22:41.493, 7, 100, 78641
2026/09/14 06:22:41.993, 6, 100, 78641
2026/09/14 06:22:41.994, 7, 100, 78641
2026/09/14 06:22:42.494, 6, 91, 78641
2026/09/14 06:22:42.494, 7, 91, 78641
2026/09/14 06:22:42.994, 6, 100, 78641
2026/09/14 06:22:42.994, 7, 100, 78641
2026/09/14 06:22:43.494, 6, 100, 78641
2026/09/14 06:22:43.494, 7, 100, 78641
2026/09/14 06:22:43.994, 6, 78, 78641
2026/09/14 06:22:43.994, 7, 54, 78641
2026/09/14 06:22:44.494, 6, 99, 78641
2026/09/14 06:22:44.496, 7, 99, 78641
2026/09/14 06:22:44.996, 6, 100, 78641
2026/09/14 06:22:44.996, 7, 100, 78641
2026/09/14 06:22:45.496, 6, 100, 78641
2026/09/14 06:22:45.497, 7, 100, 78641
2026/09/14 06:22:45.997, 6, 99, 78641
2026/09/14 06:22:45.997, 7, 99, 78641
2026/09/14 06:22:46.497, 6, 100, 78641
2026/09/14 06:22:46.497, 7, 100, 78641
2026/09/14 06:22:46.997, 6, 100, 78641
2026/09/14 06:22:46.998, 7, 100, 78641
2026/09/14 06:22:47.499, 6, 56, 78641
2026/09/14 06:22:47.499, 7, 93, 78641
2026/09/14 06:22:47.999, 6, 100, 78641
2026/09/14 06:22:47.999, 7, 99, 78641
2026/09/14 06:22:48.499, 6, 100, 78641
2026/09/14 06:22:48.500, 7, 100, 78641
2026/09/14 06:22:49.000, 6, 100, 78641
2026/09/14 06:22:49.000, 7, 100, 78641
2026/09/14 06:22:49.500, 6, 99, 78641
2026/09/14 06:22:49.501, 7, 100, 78641
2026/09/14 06:22:50.001, 6, 100, 78641
2026/09/14 06:22:50.001, 7, 100, 78641
2026/09/14 06:22:50.501, 6, 100, 78641
2026/09/14 06:22:50.505, 7, 100, 78641
2026/09/14 06:22:51.007, 6, 99, 78641
2026/09/14 06:22:51.007, 7, 81, 78641
2026/09/14 06:22:51.507, 6, 100, 78641
2026/09/14 06:22:51.509, 7, 100, 78641
2026/09/14 06:22:52.011, 6, 100, 78641
2026/09/14 06:22:52.011, 7, 100, 78641
2026/09/14 06:22:52.512, 6, 91, 78641
2026/09/14 06:22:52.512, 7, 100, 78641
2026/09/14 06:22:53.012, 6, 100, 78641
2026/09/14 06:22:53.012, 7, 100, 78641
2026/09/14 06:22:53.512, 6, 100, 78641
2026/09/14 06:22:53.513, 7, 100, 78641
2026/09/14 06:22:54.014, 6, 100, 78641
2026/09/14 06:22:54.015, 7, 100, 78641
2026/09/14 06:22:54.515, 6, 99, 78641
2026/09/14 06:22:54.515, 7, 99, 78641
2026/09/14 06:22:55.015, 6, 100, 78641
2026/09/14 06:22:55.016, 7, 100, 78641
2026/09/14 06:22:55.517, 6, 100, 78641
2026/09/14 06:22:55.517, 7, 100, 78641
2026/09/14 06:22:56.017, 6, 99, 78641
2026/09/14 06:22:56.017, 7, 91, 78641
2026/09/14 06:22:56.517, 6, 100, 78641
2026/09/14 06:22:56.518, 7, 100, 78641
2026/09/14 06:22:57.018, 6, 100, 78641
2026/09/14 06:22:57.019, 7, 100, 78641
2026/09/14 06:22:57.519, 6, 100, 78641
2026/09/14 06:22:57.519, 7, 100, 78641
2026/09/14 06:22:58.019, 6, 99, 78641
2026/09/14 06:22:58.020, 7, 99, 78641
2026/09/14 06:22:58.520, 6, 100, 78641
2026/09/14 06:22:58.520, 7, 100, 78641
2026/09/14 06:22:59.020, 6, 100, 78641
2026/09/14 06:22:59.021, 7, 100, 78641
2026/09/14 06:22:59.521, 6, 91, 78641
2026/09/14 06:22:59.522, 7, 99, 78641
2026/09/14 06:23:00.022, 6, 100, 78641
2026/09/14 06:23:00.022, 7, 100, 78641
2026/09/14 06:23:00.522, 6, 100, 78641
2026/09/14 06:23:00.523, 7, 100, 78641
2026/09/14 06:23:01.024, 6, 56, 78641
2026/09/14 06:23:01.024, 7, 54, 78641
2026/09/14 06:23:01.524, 6, 99, 78641
2026/09/14 06:23:01.524, 7, 99, 78641
2026/09/14 06:23:02.024, 6, 100, 78641
2026/09/14 06:23:02.025, 7, 100, 78641
2026/09/14 06:23:02.525, 6, 100, 78641
2026/09/14 06:23:02.525, 7, 100, 78641
2026/09/14 06:23:03.025, 6, 99, 78641
2026/09/14 06:23:03.025, 7, 100, 78641
2026/09/14 06:23:03.525, 6, 100, 78641
2026/09/14 06:23:03.526, 7, 100, 78641
2026/09/14 06:23:04.026, 6, 100, 78641
2026/09/14 06:23:04.026, 7, 100, 78641
2026/09/14 06:23:04.526, 6, 53, 78641
2026/09/14 06:23:04.526, 7, 64, 78641
2026/09/14 06:23:05.026, 6, 100, 78641
2026/09/14 06:23:05.026, 7, 100, 78641
2026/09/14 06:23:05.526, 6, 100, 78641
2026/09/14 06:23:05.526, 7, 100, 78641
2026/09/14 06:23:06.026, 6, 95, 78641
2026/09/14 06:23:06.026, 7, 91, 78641
2026/09/14 06:23:06.527, 6, 99, 78641
2026/09/14 06:23:06.527, 7, 100, 78641
2026/09/14 06:23:07.027, 6, 100, 78641
2026/09/14 06:23:07.027, 7, 100, 78641
2026/09/14 06:23:07.527, 6, 100, 78641
2026/09/14 06:23:07.527, 7, 100, 78641
2026/09/14 06:23:08.027, 6, 99, 78641
2026/09/14 06:23:08.028, 7, 99, 78641
2026/09/14 06:23:08.528, 6, 100, 78641
2026/09/14 06:23:08.528, 7, 100, 78641
2026/09/14 06:23:09.028, 6, 100, 78641
2026/09/14 06:23:09.028, 7, 100, 78641
2026/09/14 06:23:09.528, 6, 91, 78641
2026/09/14 06:23:09.529, 7, 91, 78641
2026/09/14 06:23:10.029, 6, 100, 78641
2026/09/14 06:23:10.029, 7, 100, 78641
2026/09/14 06:23:10.529, 6, 100, 78641
2026/09/14 06:23:10.529, 7, 100, 78641
2026/09/14 06:23:11.030, 6, 88, 78641
2026/09/14 06:23:11.030, 7, 56, 78641
2026/09/14 06:23:11.530, 6, 99, 78641
2026/09/14 06:23:11.530, 7, 99, 78641
2026/09/14 06:23:12.030, 6, 100, 78641
2026/09/14 06:23:12.031, 7, 100, 78641
2026/09/14 06:23:12.531, 6, 100, 78641
2026/09/14 06:23:12.531, 7, 100, 78641
2026/09/14 06:23:13.031, 6, 99, 78641
2026/09/14 06:23:13.031, 7, 100, 78641
2026/09/14 06:23:13.531, 6, 100, 78641
2026/09/14 06:23:13.531, 7, 100, 78641
2026/09/14 06:23:14.031, 6, 100, 78641
2026/09/14 06:23:14.031, 7, 100, 78641
2026/09/14 06:23:14.532, 6, 62, 78641
2026/09/14 06:23:14.532, 7, 55, 78641
2026/09/14 06:23:15.033, 6, 100, 78641
2026/09/14 06:23:15.033, 7, 100, 78641
2026/09/14 06:23:15.533, 6, 100, 78641
2026/09/14 06:23:15.533, 7, 100, 78641
2026/09/14 06:23:16.033, 6, 100, 78641
2026/09/14 06:23:16.033, 7, 91, 78641
2026/09/14 06:23:16.533, 6, 99, 78641
2026/09/14 06:23:16.533, 7, 100, 78641
2026/09/14 06:23:17.034, 6, 100, 78641
2026/09/14 06:23:17.034, 7, 100, 78641
2026/09/14 06:23:17.534, 6, 100, 78641
2026/09/14 06:23:17.534, 7, 100, 78641
2026/09/14 06:23:18.034, 6, 99, 78641
2026/09/14 06:23:18.034, 7, 99, 78641
2026/09/14 06:23:18.535, 6, 100, 78641
2026/09/14 06:23:18.535, 7, 100, 78641
2026/09/14 06:23:19.035, 6, 100, 78641
2026/09/14 06:23:19.035, 7, 100, 78641
2026/09/14 06:23:19.535, 6, 97, 78641
2026/09/14 06:23:19.535, 7, 90, 78641
2026/09/14 06:23:20.036, 6, 100, 78641
2026/09/14 06:23:20.036, 7, 100, 78641
2026/09/14 06:23:20.536, 6, 100, 78641
2026/09/14 06:23:20.536, 7, 100, 78641
2026/09/14 06:23:21.036, 6, 100, 78641
2026/09/14 06:23:21.036, 7, 77, 78641
2026/09/14 06:23:21.537, 6, 99, 78641
2026/09/14 06:23:21.537, 7, 99, 78641
2026/09/14 06:23:22.037, 6, 100, 78641
2026/09/14 06:23:22.037, 7, 100, 78641
2026/09/14 06:23:22.537, 6, 100, 78641
2026/09/14 06:23:22.537, 7, 100, 78641
2026/09/14 06:23:23.037, 6, 99, 78641
2026/09/14 06:23:23.038, 7, 100, 78641
2026/09/14 06:23:23.538, 6, 100, 78641
2026/09/14 06:23:23.538, 7, 100, 78641
2026/09/14 06:23:24.038, 6, 100, 78641
2026/09/14 06:23:24.038, 7, 100, 78641
2026/09/14 06:23:24.538, 6, 96, 78641
2026/09/14 06:23:24.538, 7, 100, 78641
2026/09/14 06:23:25.038, 6, 99, 78641
2026/09/14 06:23:25.038, 7, 100, 78641
2026/09/14 06:23:25.539, 6, 100, 78641
2026/09/14 06:23:25.539, 7, 100, 78641
2026/09/14 06:23:26.039, 6, 100, 78641
2026/09/14 06:23:26.040, 7, 100, 78641
2026/09/14 06:23:26.540, 6, 99, 78641
2026/09/14 06:23:26.540, 7, 91, 78641
2026/09/14 06:23:27.040, 6, 100, 78641
2026/09/14 06:23:27.040, 7, 100, 78641
2026/09/14 06:23:27.540, 6, 100, 78641
2026/09/14 06:23:27.540, 7, 100, 78641
2026/09/14 06:23:28.040, 6, 86, 78641
2026/09/14 06:23:28.041, 7, 57, 78641
2026/09/14 06:23:28.541, 6, 100, 78641
2026/09/14 06:23:28.541, 7, 99, 78641
2026/09/14 06:23:29.041, 6, 100, 78641
2026/09/14 06:23:29.042, 7, 100, 78641
2026/09/14 06:23:29.542, 6, 100, 78641
2026/09/14 06:23:29.542, 7, 100, 78641
2026/09/14 06:23:30.042, 6, 99, 78641
2026/09/14 06:23:30.043, 7, 100, 78641
2026/09/14 06:23:30.543, 6, 100, 78641
2026/09/14 06:23:30.544, 7, 100, 78641
2026/09/14 06:23:31.045, 6, 100, 78641
2026/09/14 06:23:31.045, 7, 100, 78641
2026/09/14 06:23:31.545, 6, 55, 78641
2026/09/14 06:23:31.545, 7, 54, 78641
2026/09/14 06:23:32.045, 6, 100, 78641
2026/09/14 06:23:32.045, 7, 100, 78641
2026/09/14 06:23:32.545, 6, 100, 78641
2026/09/14 06:23:32.545, 7, 100, 78641
2026/09/14 06:23:33.046, 6, 94, 78641
2026/09/14 06:23:33.046, 7, 91, 78641
2026/09/14 06:23:33.546, 6, 99, 78641
2026/09/14 06:23:33.546, 7, 100, 78641
2026/09/14 06:23:34.046, 6, 100, 78641
2026/09/14 06:23:34.046, 7, 100, 78641
2026/09/14 06:23:34.546, 6, 100, 78641
2026/09/14 06:23:34.546, 7, 100, 78641
2026/09/14 06:23:35.046, 6, 99, 78641
2026/09/14 06:23:35.047, 7, 100, 78641
2026/09/14 06:23:35.547, 6, 100, 78641
2026/09/14 06:23:35.547, 7, 100, 78641
2026/09/14 06:23:36.047, 6, 100, 78641
2026/09/14 06:23:36.047, 7, 100, 78641
2026/09/14 06:23:36.547, 6, 91, 78641
2026/09/14 06:23:36.547, 7, 91, 78641
2026/09/14 06:23:37.047, 6, 100, 78641
2026/09/14 06:23:37.047, 7, 100, 78641
2026/09/14 06:23:37.548, 6, 100, 78641
2026/09/14 06:23:37.548, 7, 100, 78641
2026/09/14 06:23:38.048, 6, 85, 78641
2026/09/14 06:23:38.048, 7, 58, 78641
2026/09/14 06:23:38.548, 6, 99, 78641
2026/09/14 06:23:38.549, 7, 100, 78641
2026/09/14 06:23:39.049, 6, 100, 78641
2026/09/14 06:23:39.049, 7, 100, 78641
2026/09/14 06:23:39.549, 6, 100, 78641
2026/09/14 06:23:39.549, 7, 100, 78641
2026/09/14 06:23:40.049, 6, 99, 78641
2026/09/14 06:23:40.049, 7, 100, 78641
2026/09/14 06:23:40.549, 6, 100, 78641
2026/09/14 06:23:40.550, 7, 100, 78641
2026/09/14 06:23:41.050, 6, 100, 78641
2026/09/14 06:23:41.050, 7, 100, 78641
2026/09/14 06:23:41.550, 6, 62, 78641
2026/09/14 06:23:41.550, 7, 55, 78641
2026/09/14 06:23:42.050, 6, 100, 78641
2026/09/14 06:23:42.050, 7, 100, 78641
2026/09/14 06:23:42.550, 6, 100, 78641
2026/09/14 06:23:42.550, 7, 100, 78641
2026/09/14 06:23:43.050, 6, 100, 78641
2026/09/14 06:23:43.050, 7, 92, 78641
2026/09/14 06:23:43.551, 6, 99, 78641
2026/09/14 06:23:43.551, 7, 100, 78641
2026/09/14 06:23:44.051, 6, 100, 78641
2026/09/14 06:23:44.051, 7, 100, 78641
2026/09/14 06:23:44.551, 6, 100, 78641
2026/09/14 06:23:44.552, 7, 100, 78641
2026/09/14 06:23:45.052, 6, 99, 78641
2026/09/14 06:23:45.052, 7, 99, 78641
2026/09/14 06:23:45.552, 6, 100, 78641
2026/09/14 06:23:45.552, 7, 100, 78641
2026/09/14 06:23:46.052, 6, 100, 78641
2026/09/14 06:23:46.052, 7, 100, 78641
2026/09/14 06:23:46.552, 6, 94, 78641
2026/09/14 06:23:46.553, 7, 91, 78641
2026/09/14 06:23:47.053, 6, 100, 78641
2026/09/14 06:23:47.053, 7, 100, 78641
2026/09/14 06:23:47.553, 6, 100, 78641
2026/09/14 06:23:47.553, 7, 100, 78641
2026/09/14 06:23:48.053, 6, 100, 78641
2026/09/14 06:23:48.053, 7, 88, 78641
2026/09/14 06:23:48.554, 6, 99, 78641
2026/09/14 06:23:48.554, 7, 99, 78641
2026/09/14 06:23:49.054, 6, 100, 78641
2026/09/14 06:23:49.057, 7, 100, 78641
2026/09/14 06:23:49.557, 6, 100, 78641
2026/09/14 06:23:49.557, 7, 100, 78641
2026/09/14 06:23:50.057, 6, 99, 78641
2026/09/14 06:23:50.057, 7, 100, 78641
2026/09/14 06:23:50.557, 6, 100, 78641
2026/09/14 06:23:50.557, 7, 100, 78641
2026/09/14 06:23:51.058, 6, 100, 78641
2026/09/14 06:23:51.059, 7, 100, 78641
2026/09/14 06:23:51.561, 6, 86, 78641
2026/09/14 06:23:51.562, 7, 63, 78641
2026/09/14 06:23:52.062, 6, 99, 78641
2026/09/14 06:23:52.062, 7, 100, 78641
2026/09/14 06:23:52.562, 6, 100, 78641
2026/09/14 06:23:52.562, 7, 100, 78641
2026/09/14 06:23:53.062, 6, 100, 78641
2026/09/14 06:23:53.062, 7, 100, 78641
2026/09/14 06:23:53.562, 6, 99, 78641
2026/09/14 06:23:53.563, 7, 100, 78641
2026/09/14 06:23:54.063, 6, 100, 78641
2026/09/14 06:23:54.063, 7, 100, 78641
2026/09/14 06:23:54.563, 6, 100, 78641
2026/09/14 06:23:54.564, 7, 100, 78641
2026/09/14 06:23:55.064, 6, 94, 78641
2026/09/14 06:23:55.064, 7, 99, 78641
2026/09/14 06:23:55.564, 6, 100, 78641
2026/09/14 06:23:55.564, 7, 100, 78641
2026/09/14 06:23:56.064, 6, 100, 78641
2026/09/14 06:23:56.064, 7, 100, 78641
2026/09/14 06:23:56.564, 6, 100, 78641
2026/09/14 06:23:56.565, 7, 96, 78641
2026/09/14 06:23:57.065, 6, 100, 78641
2026/09/14 06:23:57.065, 7, 100, 78641
2026/09/14 06:23:57.565, 6, 100, 78641
2026/09/14 06:23:57.565, 7, 100, 78641
2026/09/14 06:23:58.065, 6, 100, 78641
2026/09/14 06:23:58.065, 7, 100, 78641
2026/09/14 06:23:58.566, 6, 99, 78641
2026/09/14 06:23:58.632, 7, 99, 78641
2026/09/14 06:23:59.132, 6, 100, 78641
2026/09/14 06:23:59.133, 7, 100, 78641
2026/09/14 06:23:59.633, 6, 100, 78641
2026/09/14 06:23:59.633, 7, 100, 78641
2026/09/14 06:24:00.133, 6, 91, 78641
2026/09/14 06:24:00.133, 7, 99, 78641
2026/09/14 06:24:00.633, 6, 100, 78641
2026/09/14 06:24:00.633, 7, 100, 78641
2026/09/14 06:24:01.133, 6, 100, 78641
2026/09/14 06:24:01.133, 7, 100, 78641
2026/09/14 06:24:01.633, 6, 100, 78641
2026/09/14 06:24:01.634, 7, 57, 78641
2026/09/14 06:24:02.134, 6, 99, 78641
2026/09/14 06:24:02.134, 7, 99, 78641
2026/09/14 06:24:02.634, 6, 100, 78641
2026/09/14 06:24:02.634, 7, 100, 78641
2026/09/14 06:24:03.134, 6, 100, 78641
2026/09/14 06:24:03.134, 7, 100, 78641
2026/09/14 06:24:03.635, 6, 99, 78641
2026/09/14 06:24:03.636, 7, 100, 78641
2026/09/14 06:24:04.136, 6, 100, 78641
2026/09/14 06:24:04.136, 7, 100, 78641
2026/09/14 06:24:04.636, 6, 100, 78641
2026/09/14 06:24:04.636, 7, 100, 78641
2026/09/14 06:24:05.137, 6, 86, 78641
2026/09/14 06:24:05.137, 7, 74, 78641
2026/09/14 06:24:05.637, 6, 100, 78641
2026/09/14 06:24:05.637, 7, 100, 78641
2026/09/14 06:24:06.137, 6, 100, 78641
2026/09/14 06:24:06.137, 7, 100, 78641
2026/09/14 06:24:06.637, 6, 100, 78641
2026/09/14 06:24:06.638, 7, 100, 78641
2026/09/14 06:24:07.139, 6, 99, 78641
2026/09/14 06:24:07.139, 7, 100, 78641
2026/09/14 06:24:07.639, 6, 100, 78641
2026/09/14 06:24:07.639, 7, 100, 78641
2026/09/14 06:24:08.139, 6, 100, 78641
2026/09/14 06:24:08.139, 7, 100, 78641
2026/09/14 06:24:08.639, 6, 93, 78641
2026/09/14 06:24:08.639, 7, 99, 78641
2026/09/14 06:24:09.140, 6, 100, 78641
2026/09/14 06:24:09.140, 7, 100, 78641
2026/09/14 06:24:09.640, 6, 100, 78641
2026/09/14 06:24:09.640, 7, 100, 78641
2026/09/14 06:24:10.140, 6, 100, 78641
2026/09/14 06:24:10.140, 7, 100, 78641
2026/09/14 06:24:10.640, 6, 100, 78641
2026/09/14 06:24:10.640, 7, 100, 78641
2026/09/14 06:24:11.140, 6, 100, 78641
2026/09/14 06:24:11.141, 7, 100, 78641
2026/09/14 06:24:11.641, 6, 100, 78641
2026/09/14 06:24:11.641, 7, 100, 78641
2026/09/14 06:24:12.141, 6, 99, 78641
2026/09/14 06:24:12.141, 7, 99, 78641
2026/09/14 06:24:12.641, 6, 100, 78641
2026/09/14 06:24:12.641, 7, 100, 78641
2026/09/14 06:24:13.142, 6, 100, 78641
2026/09/14 06:24:13.143, 7, 100, 78641
2026/09/14 06:24:13.644, 6, 97, 78641
2026/09/14 06:24:13.644, 7, 99, 78641
2026/09/14 06:24:14.144, 6, 100, 78641
2026/09/14 06:24:14.145, 7, 100, 78641
2026/09/14 06:24:14.645, 6, 100, 78641
2026/09/14 06:24:14.645, 7, 100, 78641
2026/09/14 06:24:15.145, 6, 100, 78641
2026/09/14 06:24:15.145, 7, 100, 78641
2026/09/14 06:24:15.645, 6, 99, 78641
2026/09/14 06:24:15.645, 7, 100, 78641
2026/09/14 06:24:16.146, 6, 100, 78641
2026/09/14 06:24:16.146, 7, 100, 78641
2026/09/14 06:24:16.646, 6, 100, 78641
2026/09/14 06:24:16.646, 7, 100, 78641
2026/09/14 06:24:17.146, 6, 99, 78641
2026/09/14 06:24:17.147, 7, 99, 78641
2026/09/14 06:24:17.647, 6, 100, 78641
2026/09/14 06:24:17.647, 7, 100, 78641
2026/09/14 06:24:18.147, 6, 100, 78641
2026/09/14 06:24:18.147, 7, 100, 78641
2026/09/14 06:24:18.647, 6, 63, 78641
2026/09/14 06:24:18.647, 7, 67, 78641
2026/09/14 06:24:19.147, 6, 99, 78641
2026/09/14 06:24:19.147, 7, 100, 78641
2026/09/14 06:24:19.648, 6, 100, 78641
2026/09/14 06:24:19.648, 7, 100, 78641
2026/09/14 06:24:20.148, 6, 100, 78641
2026/09/14 06:24:20.149, 7, 100, 78641
2026/09/14 06:24:20.650, 6, 99, 78641
2026/09/14 06:24:20.650, 7, 100, 78641
2026/09/14 06:24:21.150, 6, 100, 78641
2026/09/14 06:24:21.150, 7, 100, 78641
2026/09/14 06:24:21.650, 6, 100, 78641
2026/09/14 06:24:21.650, 7, 100, 78641
2026/09/14 06:24:22.151, 6, 80, 78641
2026/09/14 06:24:22.151, 7, 84, 78641
2026/09/14 06:24:22.651, 6, 100, 78641
2026/09/14 06:24:22.652, 7, 100, 78641
2026/09/14 06:24:23.152, 6, 100, 78641
2026/09/14 06:24:23.152, 7, 100, 78641
2026/09/14 06:24:23.652, 6, 90, 78641
2026/09/14 06:24:23.652, 7, 90, 78641
2026/09/14 06:24:24.152, 6, 99, 78641
2026/09/14 06:24:24.152, 7, 100, 78641
2026/09/14 06:24:24.652, 6, 100, 78641
2026/09/14 06:24:24.652, 7, 100, 78641
2026/09/14 06:24:25.152, 6, 100, 78641
2026/09/14 06:24:25.153, 7, 100, 78641
2026/09/14 06:24:25.653, 6, 99, 78641
2026/09/14 06:24:25.653, 7, 99, 78641
2026/09/14 06:24:26.153, 6, 100, 78641
2026/09/14 06:24:26.153, 7, 100, 78641
2026/09/14 06:24:26.653, 6, 100, 78641
2026/09/14 06:24:26.654, 7, 100, 78641
2026/09/14 06:24:27.154, 6, 91, 78641
2026/09/14 06:24:27.154, 7, 91, 78641
2026/09/14 06:24:27.655, 6, 100, 78641
2026/09/14 06:24:27.656, 7, 100, 78641
2026/09/14 06:24:28.156, 6, 100, 78641
2026/09/14 06:24:28.156, 7, 100, 78641
2026/09/14 06:24:28.656, 6, 56, 78641
2026/09/14 06:24:28.656, 7, 56, 78641
2026/09/14 06:24:29.156, 6, 99, 78641
2026/09/14 06:24:29.156, 7, 99, 78641
2026/09/14 06:24:29.656, 6, 100, 78641
2026/09/14 06:24:29.656, 7, 100, 78641
2026/09/14 06:24:30.156, 6, 100, 78641
2026/09/14 06:24:30.156, 7, 100, 78641
2026/09/14 06:24:30.657, 6, 99, 78641
2026/09/14 06:24:30.657, 7, 100, 78641
2026/09/14 06:24:31.157, 6, 100, 78641
2026/09/14 06:24:31.157, 7, 100, 78641
2026/09/14 06:24:31.657, 6, 100, 78641
2026/09/14 06:24:31.657, 7, 100, 78641
2026/09/14 06:24:32.157, 6, 96, 78641
2026/09/14 06:24:32.157, 7, 55, 78641
2026/09/14 06:24:32.658, 6, 99, 78641
2026/09/14 06:24:32.658, 7, 100, 78641
2026/09/14 06:24:33.158, 6, 100, 78641
2026/09/14 06:24:33.158, 7, 100, 78641
2026/09/14 06:24:33.658, 6, 100, 78641
2026/09/14 06:24:33.658, 7, 90, 78641
2026/09/14 06:24:34.158, 6, 99, 78641
2026/09/14 06:24:34.158, 7, 100, 78641
2026/09/14 06:24:34.658, 6, 100, 78641
2026/09/14 06:24:34.658, 7, 100, 78641
2026/09/14 06:24:35.159, 6, 100, 78641
2026/09/14 06:24:35.159, 7, 100, 78641
2026/09/14 06:24:35.659, 6, 79, 78641
2026/09/14 06:24:35.660, 7, 99, 78641
2026/09/14 06:24:36.160, 6, 99, 78641
2026/09/14 06:24:36.160, 7, 100, 78641
2026/09/14 06:24:36.660, 6, 100, 78641
2026/09/14 06:24:36.660, 7, 100, 78641
2026/09/14 06:24:37.160, 6, 100, 78641
2026/09/14 06:24:37.160, 7, 90, 78641
2026/09/14 06:24:37.660, 6, 99, 78641
2026/09/14 06:24:37.660, 7, 100, 78641
2026/09/14 06:24:38.160, 6, 100, 78641
2026/09/14 06:24:38.161, 7, 100, 78641
2026/09/14 06:24:38.661, 6, 100, 78641
2026/09/14 06:24:38.661, 7, 100, 78641
2026/09/14 06:24:39.177, 6, 99, 78641
2026/09/14 06:24:39.178, 7, 99, 78641
2026/09/14 06:24:39.678, 6, 100, 78641
2026/09/14 06:24:39.678, 7, 100, 78641
2026/09/14 06:24:40.178, 6, 100, 78641
2026/09/14 06:24:40.178, 7, 100, 78641
2026/09/14 06:24:40.678, 6, 90, 78641
2026/09/14 06:24:40.678, 7, 90, 78641
2026/09/14 06:24:41.178, 6, 100, 78641
2026/09/14 06:24:41.179, 7, 100, 78641
2026/09/14 06:24:41.679, 6, 100, 78641
2026/09/14 06:24:41.679, 7, 100, 78641
2026/09/14 06:24:42.179, 6, 50, 78641
2026/09/14 06:24:42.179, 7, 100, 78641
2026/09/14 06:24:42.679, 6, 99, 78641
2026/09/14 06:24:42.680, 7, 99, 78641
2026/09/14 06:24:43.180, 6, 100, 78641
2026/09/14 06:24:43.180, 7, 100, 78641
2026/09/14 06:24:43.680, 6, 100, 78641
2026/09/14 06:24:43.680, 7, 100, 78641
2026/09/14 06:24:44.180, 6, 99, 78641
2026/09/14 06:24:44.180, 7, 95, 78641
2026/09/14 06:24:44.680, 6, 100, 78641
2026/09/14 06:24:44.681, 7, 100, 78641
2026/09/14 06:24:45.181, 6, 100, 78641
2026/09/14 06:24:45.181, 7, 100, 78641
2026/09/14 06:24:45.681, 6, 53, 78641
2026/09/14 06:24:45.681, 7, 54, 78641
2026/09/14 06:24:46.181, 6, 100, 78641
2026/09/14 06:24:46.181, 7, 99, 78641
2026/09/14 06:24:46.682, 6, 100, 78641
2026/09/14 06:24:46.682, 7, 100, 78641
2026/09/14 06:24:47.183, 6, 91, 78641
2026/09/14 06:24:47.183, 7, 100, 78641
2026/09/14 06:24:47.683, 6, 99, 78641
2026/09/14 06:24:47.683, 7, 100, 78641
2026/09/14 06:24:48.183, 6, 100, 78641
2026/09/14 06:24:48.183, 7, 100, 78641
2026/09/14 06:24:48.683, 6, 100, 78641
2026/09/14 06:24:48.684, 7, 100, 78641
2026/09/14 06:24:49.184, 6, 99, 78641
2026/09/14 06:24:49.184, 7, 76, 78641
2026/09/14 06:24:49.684, 6, 100, 78641
2026/09/14 06:24:49.684, 7, 100, 78641
2026/09/14 06:24:50.184, 6, 100, 78641
2026/09/14 06:24:50.184, 7, 100, 78641
2026/09/14 06:24:50.684, 6, 71, 78641
2026/09/14 06:24:50.685, 7, 71, 78641
2026/09/14 06:24:51.186, 6, 100, 78641
2026/09/14 06:24:51.186, 7, 100, 78641
2026/09/14 06:24:51.686, 6, 100, 78641
2026/09/14 06:24:51.687, 7, 100, 78641
2026/09/14 06:24:52.187, 6, 64, 78641
2026/09/14 06:24:52.187, 7, 100, 78641
2026/09/14 06:24:52.687, 6, 99, 78641
2026/09/14 06:24:52.687, 7, 99, 78641
2026/09/14 06:24:53.187, 6, 100, 78641
2026/09/14 06:24:53.187, 7, 100, 78641
2026/09/14 06:24:53.688, 6, 100, 78641
2026/09/14 06:24:53.688, 7, 100, 78641
2026/09/14 06:24:54.188, 6, 99, 78641
2026/09/14 06:24:54.188, 7, 91, 78641
2026/09/14 06:24:54.688, 6, 100, 78641
2026/09/14 06:24:54.688, 7, 100, 78641
2026/09/14 06:24:55.188, 6, 100, 78641
2026/09/14 06:24:55.189, 7, 100, 78641
2026/09/14 06:24:55.689, 6, 72, 78641
2026/09/14 06:24:55.689, 7, 73, 78641
2026/09/14 06:24:56.189, 6, 100, 78641
2026/09/14 06:24:56.189, 7, 100, 78641
2026/09/14 06:24:56.689, 6, 100, 78641
2026/09/14 06:24:56.690, 7, 100, 78641
2026/09/14 06:24:57.190, 6, 77, 78641
2026/09/14 06:24:57.191, 7, 100, 78641
2026/09/14 06:24:57.691, 6, 99, 78641
2026/09/14 06:24:57.691, 7, 100, 78641
2026/09/14 06:24:58.191, 6, 100, 78641
2026/09/14 06:24:58.191, 7, 100, 78641
2026/09/14 06:24:58.691, 6, 100, 78641
2026/09/14 06:24:58.692, 7, 100, 78641
2026/09/14 06:24:59.192, 6, 99, 78641
2026/09/14 06:24:59.192, 7, 54, 78641
2026/09/14 06:24:59.692, 6, 100, 78641
2026/09/14 06:24:59.692, 7, 100, 78641
2026/09/14 06:25:00.192, 6, 100, 78641
2026/09/14 06:25:00.192, 7, 100, 78641
2026/09/14 06:25:00.692, 6, 91, 78641
2026/09/14 06:25:00.692, 7, 94, 78641
2026/09/14 06:25:01.193, 6, 99, 78641
2026/09/14 06:25:01.193, 7, 100, 78641
2026/09/14 06:25:01.693, 6, 100, 78641
2026/09/14 06:25:01.693, 7, 100, 78641
2026/09/14 06:25:02.193, 6, 100, 78641
2026/09/14 06:25:02.193, 7, 100, 78641
2026/09/14 06:25:02.693, 6, 75, 78641
2026/09/14 06:25:02.693, 7, 100, 78641
2026/09/14 06:25:03.193, 6, 100, 78641
2026/09/14 06:25:03.194, 7, 100, 78641
2026/09/14 06:25:03.694, 6, 100, 78641
2026/09/14 06:25:03.694, 7, 100, 78641
2026/09/14 06:25:04.194, 6, 72, 78641
2026/09/14 06:25:04.195, 7, 72, 78641
2026/09/14 06:25:04.695, 6, 99, 78641
2026/09/14 06:25:04.695, 7, 100, 78641
2026/09/14 06:25:05.195, 6, 100, 78641
2026/09/14 06:25:05.195, 7, 100, 78641
2026/09/14 06:25:05.695, 6, 100, 78641
2026/09/14 06:25:05.695, 7, 90, 78641
2026/09/14 06:25:06.195, 6, 99, 78641
2026/09/14 06:25:06.196, 7, 99, 78641
2026/09/14 06:25:06.696, 6, 100, 78641
2026/09/14 06:25:06.697, 7, 100, 78641
2026/09/14 06:25:07.197, 6, 100, 78641
2026/09/14 06:25:07.197, 7, 100, 78641
2026/09/14 06:25:07.697, 6, 90, 78641
2026/09/14 06:25:07.697, 7, 100, 78641
2026/09/14 06:25:08.197, 6, 100, 78641
2026/09/14 06:25:08.197, 7, 100, 78641
2026/09/14 06:25:08.697, 6, 100, 78641
2026/09/14 06:25:08.698, 7, 100, 78641
2026/09/14 06:25:09.198, 6, 71, 78641
2026/09/14 06:25:09.198, 7, 72, 78641
2026/09/14 06:25:09.698, 6, 99, 78641
2026/09/14 06:25:09.698, 7, 100, 78641
2026/09/14 06:25:10.198, 6, 100, 78641
2026/09/14 06:25:10.199, 7, 100, 78641
2026/09/14 06:25:10.699, 6, 100, 78641
2026/09/14 06:25:10.699, 7, 100, 78641
2026/09/14 06:25:11.199, 6, 99, 78641
2026/09/14 06:25:11.199, 7, 100, 78641
2026/09/14 06:25:11.699, 6, 100, 78641
2026/09/14 06:25:11.701, 7, 100, 78641
2026/09/14 06:25:12.202, 6, 100, 78641
2026/09/14 06:25:12.202, 7, 100, 78641
2026/09/14 06:25:12.702, 6, 54, 78641
2026/09/14 06:25:12.702, 7, 99, 78641
2026/09/14 06:25:13.203, 6, 100, 78641
2026/09/14 06:25:13.203, 7, 100, 78641
2026/09/14 06:25:13.703, 6, 100, 78641
2026/09/14 06:25:13.703, 7, 100, 78641
2026/09/14 06:25:14.203, 6, 92, 78641
2026/09/14 06:25:14.203, 7, 100, 78641
2026/09/14 06:25:14.703, 6, 99, 78641
2026/09/14 06:25:14.703, 7, 100, 78641
2026/09/14 06:25:15.204, 6, 100, 78641
2026/09/14 06:25:15.204, 7, 100, 78641
2026/09/14 06:25:15.704, 6, 100, 78641
2026/09/14 06:25:15.706, 7, 100, 78641
2026/09/14 06:25:16.206, 6, 99, 78641
2026/09/14 06:25:16.207, 7, 73, 78641
2026/09/14 06:25:16.707, 6, 100, 78641
2026/09/14 06:25:16.707, 7, 100, 78641
2026/09/14 06:25:17.207, 6, 100, 78641
2026/09/14 06:25:17.207, 7, 100, 78641
2026/09/14 06:25:17.707, 6, 73, 78641
2026/09/14 06:25:17.707, 7, 73, 78641
2026/09/14 06:25:18.207, 6, 100, 78641
2026/09/14 06:25:18.208, 7, 100, 78641
2026/09/14 06:25:18.708, 6, 100, 78641
2026/09/14 06:25:18.708, 7, 100, 78641
2026/09/14 06:25:19.208, 6, 81, 78641
2026/09/14 06:25:19.208, 7, 100, 78641
2026/09/14 06:25:19.708, 6, 99, 78641
2026/09/14 06:25:19.708, 7, 99, 78641
2026/09/14 06:25:20.208, 6, 100, 78641
2026/09/14 06:25:20.208, 7, 100, 78641
2026/09/14 06:25:20.708, 6, 100, 78641
2026/09/14 06:25:20.708, 7, 100, 78641
2026/09/14 06:25:21.209, 6, 99, 78641
2026/09/14 06:25:21.209, 7, 91, 78641
2026/09/14 06:25:21.709, 6, 100, 78641
2026/09/14 06:25:21.709, 7, 100, 78641
2026/09/14 06:25:22.210, 6, 100, 78641
2026/09/14 06:25:22.210, 7, 100, 78641
2026/09/14 06:25:22.710, 6, 73, 78641
2026/09/14 06:25:22.710, 7, 76, 78641
2026/09/14 06:25:23.210, 6, 100, 78641
2026/09/14 06:25:23.210, 7, 99, 78641
2026/09/14 06:25:23.710, 6, 100, 78641
2026/09/14 06:25:23.710, 7, 100, 78641
2026/09/14 06:25:24.210, 6, 95, 78641
2026/09/14 06:25:24.210, 7, 100, 78641
2026/09/14 06:25:24.711, 6, 99, 78641
2026/09/14 06:25:24.711, 7, 100, 78641
2026/09/14 06:25:25.211, 6, 100, 78641
2026/09/14 06:25:25.211, 7, 100, 78641
2026/09/14 06:25:25.711, 6, 100, 78641
2026/09/14 06:25:25.711, 7, 100, 78641
2026/09/14 06:25:26.211, 6, 99, 78641
2026/09/14 06:25:26.212, 7, 57, 78641
2026/09/14 06:25:26.712, 6, 100, 78641
2026/09/14 06:25:26.712, 7, 100, 78641
2026/09/14 06:25:27.212, 6, 100, 78641
2026/09/14 06:25:27.212, 7, 100, 78641
2026/09/14 06:25:27.712, 6, 95, 78641
2026/09/14 06:25:27.713, 7, 100, 78641
2026/09/14 06:25:28.214, 6, 100, 78641
2026/09/14 06:25:28.214, 7, 100, 78641
2026/09/14 06:25:28.714, 6, 100, 78641
2026/09/14 06:25:28.714, 7, 100, 78641
2026/09/14 06:25:29.215, 6, 100, 78641
2026/09/14 06:25:29.215, 7, 100, 78641
2026/09/14 06:25:29.715, 6, 99, 78641
2026/09/14 06:25:29.715, 7, 99, 78641
2026/09/14 06:25:30.215, 6, 100, 78641
2026/09/14 06:25:30.215, 7, 100, 78641
2026/09/14 06:25:30.715, 6, 100, 78641
2026/09/14 06:25:30.715, 7, 100, 78641
2026/09/14 06:25:31.216, 6, 99, 78641
2026/09/14 06:25:31.216, 7, 74, 78641
2026/09/14 06:25:31.716, 6, 100, 78641
2026/09/14 06:25:31.716, 7, 100, 78641
2026/09/14 06:25:32.217, 6, 100, 78641
2026/09/14 06:25:32.217, 7, 100, 78641
2026/09/14 06:25:32.717, 6, 100, 78641
2026/09/14 06:25:32.718, 7, 100, 78641
2026/09/14 06:25:33.218, 6, 99, 78641
2026/09/14 06:25:33.218, 7, 99, 78641
2026/09/14 06:25:33.718, 6, 100, 78641
2026/09/14 06:25:33.718, 7, 100, 78641
2026/09/14 06:25:34.218, 6, 100, 78641
2026/09/14 06:25:34.218, 7, 100, 78641
2026/09/14 06:25:34.718, 6, 91, 78641
2026/09/14 06:25:34.718, 7, 99, 78641
2026/09/14 06:25:35.218, 6, 100, 78641
2026/09/14 06:25:35.218, 7, 100, 78641
2026/09/14 06:25:35.719, 6, 100, 78641
2026/09/14 06:25:35.719, 7, 100, 78641
2026/09/14 06:25:36.219, 6, 76, 78641
2026/09/14 06:25:36.219, 7, 93, 78641
2026/09/14 06:25:36.719, 6, 99, 78641
2026/09/14 06:25:36.719, 7, 100, 78641
2026/09/14 06:25:37.219, 6, 100, 78641
2026/09/14 06:25:37.219, 7, 100, 78641
2026/09/14 06:25:37.719, 6, 100, 78641
2026/09/14 06:25:37.719, 7, 100, 78641
2026/09/14 06:25:38.219, 6, 99, 78641
2026/09/14 06:25:38.220, 7, 100, 78641
2026/09/14 06:25:38.720, 6, 100, 78641
2026/09/14 06:25:38.720, 7, 100, 78641
2026/09/14 06:25:39.220, 6, 100, 78641
2026/09/14 06:25:39.220, 7, 100, 78641
2026/09/14 06:25:39.720, 6, 55, 78641
2026/09/14 06:25:39.721, 7, 85, 78641
2026/09/14 06:25:40.221, 6, 100, 78641
2026/09/14 06:25:40.221, 7, 100, 78641
2026/09/14 06:25:40.721, 6, 100, 78641
2026/09/14 06:25:40.721, 7, 100, 78641
2026/09/14 06:25:41.222, 6, 100, 78641
2026/09/14 06:25:41.222, 7, 100, 78641
2026/09/14 06:25:41.723, 6, 99, 78641
2026/09/14 06:25:41.723, 7, 100, 78641
2026/09/14 06:25:42.223, 6, 100, 78641
2026/09/14 06:25:42.223, 7, 100, 78641
2026/09/14 06:25:42.723, 6, 100, 78641
2026/09/14 06:25:42.723, 7, 100, 78641
2026/09/14 06:25:43.223, 6, 99, 78641
2026/09/14 06:25:43.223, 7, 99, 78641
2026/09/14 06:25:43.723, 6, 100, 78641
2026/09/14 06:25:43.724, 7, 100, 78641
2026/09/14 06:25:44.224, 6, 100, 78641
2026/09/14 06:25:44.224, 7, 100, 78641
2026/09/14 06:25:44.724, 6, 74, 78641
2026/09/14 06:25:44.724, 7, 91, 78641
2026/09/14 06:25:45.226, 6, 100, 78641
2026/09/14 06:25:45.227, 7, 100, 78641
2026/09/14 06:25:45.727, 6, 100, 78641
2026/09/14 06:25:45.727, 7, 100, 78641
2026/09/14 06:25:46.227, 6, 96, 78641
2026/09/14 06:25:46.227, 7, 100, 78641
2026/09/14 06:25:46.727, 6, 99, 78641
2026/09/14 06:25:46.727, 7, 100, 78641
2026/09/14 06:25:47.227, 6, 100, 78641
2026/09/14 06:25:47.227, 7, 100, 78641
2026/09/14 06:25:47.728, 6, 100, 78641
2026/09/14 06:25:47.728, 7, 100, 78641
2026/09/14 06:25:48.228, 6, 99, 78641
2026/09/14 06:25:48.229, 7, 99, 78641
2026/09/14 06:25:48.729, 6, 100, 78641
2026/09/14 06:25:48.729, 7, 100, 78641
2026/09/14 06:25:49.229, 6, 100, 78641
2026/09/14 06:25:49.230, 7, 100, 78641
2026/09/14 06:25:49.730, 6, 79, 78641
2026/09/14 06:25:49.730, 7, 100, 78641
2026/09/14 06:25:50.230, 6, 100, 78641
2026/09/14 06:25:50.230, 7, 100, 78641
2026/09/14 06:25:50.730, 6, 100, 78641
2026/09/14 06:25:50.730, 7, 100, 78641
2026/09/14 06:25:51.230, 6, 100, 78641
2026/09/14 06:25:51.231, 7, 100, 78641
2026/09/14 06:25:51.731, 6, 99, 78641
2026/09/14 06:25:51.731, 7, 100, 78641
2026/09/14 06:25:52.231, 6, 100, 78641
2026/09/14 06:25:52.231, 7, 100, 78641
2026/09/14 06:25:52.731, 6, 100, 78641
2026/09/14 06:25:52.732, 7, 100, 78641
2026/09/14 06:25:53.232, 6, 99, 78641
2026/09/14 06:25:53.232, 7, 77, 78641
2026/09/14 06:25:53.732, 6, 100, 78641
2026/09/14 06:25:53.733, 7, 100, 78641
2026/09/14 06:25:54.233, 6, 100, 78641
2026/09/14 06:25:54.233, 7, 100, 78641
2026/09/14 06:25:54.733, 6, 100, 78641
2026/09/14 06:25:54.733, 7, 100, 78641
2026/09/14 06:25:55.233, 6, 100, 78641
2026/09/14 06:25:55.234, 7, 100, 78641
2026/09/14 06:25:55.734, 6, 100, 78641
2026/09/14 06:25:55.734, 7, 100, 78641
2026/09/14 06:25:56.234, 6, 100, 78641
2026/09/14 06:25:56.234, 7, 100, 78641
2026/09/14 06:25:56.734, 6, 99, 78641
2026/09/14 06:25:56.734, 7, 99, 78641
2026/09/14 06:25:57.234, 6, 100, 78641
2026/09/14 06:25:57.234, 7, 100, 78641
2026/09/14 06:25:57.735, 6, 100, 78641
2026/09/14 06:25:57.735, 7, 100, 78641
2026/09/14 06:25:58.235, 6, 99, 78641
2026/09/14 06:25:58.235, 7, 78, 78641
2026/09/14 06:25:58.735, 6, 100, 78641
2026/09/14 06:25:58.736, 7, 100, 78641
2026/09/14 06:25:59.236, 6, 100, 78641
2026/09/14 06:25:59.237, 7, 100, 78641
2026/09/14 06:25:59.737, 6, 100, 78641
2026/09/14 06:25:59.737, 7, 100, 78641
2026/09/14 06:26:00.237, 6, 99, 78641
2026/09/14 06:26:00.237, 7, 100, 78641
2026/09/14 06:26:00.737, 6, 100, 78641
2026/09/14 06:26:00.737, 7, 100, 78641
2026/09/14 06:26:01.237, 6, 100, 78641
2026/09/14 06:26:01.237, 7, 100, 78641
2026/09/14 06:26:01.737, 6, 99, 78641
2026/09/14 06:26:01.738, 7, 98, 78641
2026/09/14 06:26:02.238, 6, 100, 78641
2026/09/14 06:26:02.238, 7, 100, 78641
2026/09/14 06:26:02.738, 6, 100, 78641
2026/09/14 06:26:02.738, 7, 100, 78641
2026/09/14 06:26:03.239, 6, 81, 78641
2026/09/14 06:26:03.239, 7, 72, 78641
2026/09/14 06:26:03.739, 6, 99, 78641
2026/09/14 06:26:03.740, 7, 100, 78641
2026/09/14 06:26:04.240, 6, 100, 78641
2026/09/14 06:26:04.240, 7, 100, 78641
2026/09/14 06:26:04.740, 6, 100, 78641
2026/09/14 06:26:04.740, 7, 100, 78641
2026/09/14 06:26:05.241, 6, 99, 78641
2026/09/14 06:26:05.242, 7, 100, 78641
2026/09/14 06:26:05.742, 6, 100, 78641
2026/09/14 06:26:05.742, 7, 100, 78641
2026/09/14 06:26:06.242, 6, 100, 78641
2026/09/14 06:26:06.242, 7, 100, 78641
2026/09/14 06:26:06.743, 6, 59, 78641
2026/09/14 06:26:06.743, 7, 64, 78641
2026/09/14 06:26:07.243, 6, 100, 78641
2026/09/14 06:26:07.243, 7, 100, 78641
2026/09/14 06:26:07.743, 6, 100, 78641
2026/09/14 06:26:07.744, 7, 100, 78641
2026/09/14 06:26:08.246, 6, 100, 78641
2026/09/14 06:26:08.246, 7, 91, 78641
2026/09/14 06:26:08.746, 6, 99, 78641
2026/09/14 06:26:08.746, 7, 100, 78641
2026/09/14 06:26:09.246, 6, 100, 78641
2026/09/14 06:26:09.247, 7, 100, 78641
2026/09/14 06:26:09.747, 6, 100, 78641
2026/09/14 06:26:09.747, 7, 100, 78641
2026/09/14 06:26:10.247, 6, 99, 78641
2026/09/14 06:26:10.247, 7, 99, 78641
2026/09/14 06:26:10.747, 6, 100, 78641
2026/09/14 06:26:10.747, 7, 100, 78641
2026/09/14 06:26:11.247, 6, 100, 78641
2026/09/14 06:26:11.248, 7, 100, 78641
2026/09/14 06:26:11.751, 6, 74, 78641
2026/09/14 06:26:11.752, 7, 73, 78641
2026/09/14 06:26:12.252, 6, 100, 78641
2026/09/14 06:26:12.253, 7, 100, 78641
2026/09/14 06:26:12.753, 6, 100, 78641
2026/09/14 06:26:12.753, 7, 100, 78641
2026/09/14 06:26:13.253, 6, 100, 78641
2026/09/14 06:26:13.253, 7, 100, 78641
2026/09/14 06:26:13.753, 6, 99, 78641
2026/09/14 06:26:13.753, 7, 99, 78641
2026/09/14 06:26:14.253, 6, 100, 78641
2026/09/14 06:26:14.253, 7, 100, 78641
2026/09/14 06:26:14.753, 6, 100, 78641
2026/09/14 06:26:14.753, 7, 100, 78641
2026/09/14 06:26:15.254, 6, 99, 78641
2026/09/14 06:26:15.254, 7, 100, 78641
2026/09/14 06:26:15.754, 6, 100, 78641
2026/09/14 06:26:15.755, 7, 100, 78641
2026/09/14 06:26:16.255, 6, 100, 78641
2026/09/14 06:26:16.255, 7, 100, 78641
2026/09/14 06:26:16.755, 6, 87, 78641
2026/09/14 06:26:16.756, 7, 72, 78641
2026/09/14 06:26:17.256, 6, 100, 78641
2026/09/14 06:26:17.256, 7, 100, 78641
2026/09/14 06:26:17.756, 6, 100, 78641
2026/09/14 06:26:17.756, 7, 100, 78641
2026/09/14 06:26:18.256, 6, 100, 78641
2026/09/14 06:26:18.256, 7, 74, 78641
2026/09/14 06:26:18.756, 6, 99, 78641
2026/09/14 06:26:18.757, 7, 100, 78641
2026/09/14 06:26:19.257, 6, 100, 78641
2026/09/14 06:26:19.257, 7, 100, 78641
2026/09/14 06:26:19.758, 6, 100, 78641
2026/09/14 06:26:19.758, 7, 100, 78641
2026/09/14 06:26:20.258, 6, 91, 78641
2026/09/14 06:26:20.258, 7, 99, 78641
2026/09/14 06:26:20.758, 6, 100, 78641
2026/09/14 06:26:20.758, 7, 100, 78641
2026/09/14 06:26:21.258, 6, 100, 78641
2026/09/14 06:26:21.258, 7, 100, 78641
2026/09/14 06:26:21.759, 6, 100, 78641
2026/09/14 06:26:21.759, 7, 100, 78641
2026/09/14 06:26:22.259, 6, 100, 78641
2026/09/14 06:26:22.259, 7, 100, 78641
2026/09/14 06:26:22.759, 6, 100, 78641
2026/09/14 06:26:22.759, 7, 100, 78641
2026/09/14 06:26:23.259, 6, 100, 78641
2026/09/14 06:26:23.260, 7, 100, 78641
2026/09/14 06:26:23.760, 6, 99, 78641
2026/09/14 06:26:23.760, 7, 99, 78641
2026/09/14 06:26:24.260, 6, 100, 78641
2026/09/14 06:26:24.260, 7, 100, 78641
2026/09/14 06:26:24.760, 6, 100, 78641
2026/09/14 06:26:24.761, 7, 100, 78641
2026/09/14 06:26:25.261, 6, 99, 78641
2026/09/14 06:26:25.261, 7, 73, 78641
2026/09/14 06:26:25.762, 6, 100, 78641
2026/09/14 06:26:25.762, 7, 100, 78641
2026/09/14 06:26:26.262, 6, 100, 78641
2026/09/14 06:26:26.262, 7, 100, 78641
2026/09/14 06:26:26.762, 6, 100, 78641
2026/09/14 06:26:26.762, 7, 100, 78641
2026/09/14 06:26:27.263, 6, 99, 78641
2026/09/14 06:26:27.263, 7, 100, 78641
2026/09/14 06:26:27.763, 6, 100, 78641
2026/09/14 06:26:27.763, 7, 100, 78641
2026/09/14 06:26:28.263, 6, 100, 78641
2026/09/14 06:26:28.263, 7, 100, 78641
2026/09/14 06:26:28.763, 6, 99, 78641
2026/09/14 06:26:28.763, 7, 91, 78641
2026/09/14 06:26:29.264, 6, 100, 78641
2026/09/14 06:26:29.264, 7, 100, 78641
2026/09/14 06:26:29.764, 6, 100, 78641
2026/09/14 06:26:29.764, 7, 100, 78641
2026/09/14 06:26:30.264, 6, 91, 78641
2026/09/14 06:26:30.264, 7, 73, 78641
2026/09/14 06:26:30.764, 6, 100, 78641
2026/09/14 06:26:30.765, 7, 99, 78641
2026/09/14 06:26:31.265, 6, 100, 78641
2026/09/14 06:26:31.265, 7, 100, 78641
2026/09/14 06:26:31.765, 6, 100, 78641
2026/09/14 06:26:31.766, 7, 100, 78641
2026/09/14 06:26:32.266, 6, 99, 78641
2026/09/14 06:26:32.266, 7, 100, 78641
2026/09/14 06:26:32.766, 6, 100, 78641
2026/09/14 06:26:32.766, 7, 100, 78641
2026/09/14 06:26:33.266, 6, 100, 78641
2026/09/14 06:26:33.267, 7, 100, 78641
2026/09/14 06:26:33.767, 6, 60, 78641
2026/09/14 06:26:33.767, 7, 56, 78641
2026/09/14 06:26:34.267, 6, 100, 78641
2026/09/14 06:26:34.267, 7, 100, 78641
2026/09/14 06:26:34.768, 6, 100, 78641
2026/09/14 06:26:34.768, 7, 100, 78641
2026/09/14 06:26:35.268, 6, 100, 78641
2026/09/14 06:26:35.269, 7, 91, 78641
2026/09/14 06:26:35.769, 6, 99, 78641
2026/09/14 06:26:35.769, 7, 100, 78641
2026/09/14 06:26:36.269, 6, 100, 78641
2026/09/14 06:26:36.270, 7, 100, 78641
2026/09/14 06:26:36.770, 6, 100, 78641
2026/09/14 06:26:36.793, 7, 100, 78641
2026/09/14 06:26:37.293, 6, 99, 78641
2026/09/14 06:26:37.294, 7, 99, 78641
2026/09/14 06:26:37.794, 6, 100, 78641
2026/09/14 06:26:37.794, 7, 100, 78641
2026/09/14 06:26:38.294, 6, 100, 78641
2026/09/14 06:26:38.294, 7, 100, 78641
2026/09/14 06:26:38.795, 6, 99, 78641
2026/09/14 06:26:38.795, 7, 74, 78641
2026/09/14 06:26:39.295, 6, 100, 78641
2026/09/14 06:26:39.295, 7, 100, 78641
2026/09/14 06:26:39.795, 6, 100, 78641
2026/09/14 06:26:39.796, 7, 100, 78641
2026/09/14 06:26:40.297, 6, 100, 78641
2026/09/14 06:26:40.297, 7, 56, 78641
2026/09/14 06:26:40.798, 6, 99, 78641
2026/09/14 06:26:40.798, 7, 99, 78641
2026/09/14 06:26:41.298, 6, 100, 78641
2026/09/14 06:26:41.298, 7, 100, 78641
2026/09/14 06:26:41.798, 6, 100, 78641
2026/09/14 06:26:41.799, 7, 100, 78641
2026/09/14 06:26:42.299, 6, 99, 78641
2026/09/14 06:26:42.300, 7, 100, 78641
2026/09/14 06:26:42.800, 6, 100, 78641
2026/09/14 06:26:42.800, 7, 100, 78641
2026/09/14 06:26:43.300, 6, 100, 78641
2026/09/14 06:26:43.300, 7, 100, 78641
2026/09/14 06:26:43.801, 6, 92, 78641
2026/09/14 06:26:43.801, 7, 74, 78641
2026/09/14 06:26:44.301, 6, 100, 78641
2026/09/14 06:26:44.301, 7, 100, 78641
2026/09/14 06:26:44.801, 6, 100, 78641
2026/09/14 06:26:44.801, 7, 100, 78641
2026/09/14 06:26:45.301, 6, 100, 78641
2026/09/14 06:26:45.301, 7, 75, 78641
2026/09/14 06:26:45.802, 6, 99, 78641
2026/09/14 06:26:45.802, 7, 100, 78641
2026/09/14 06:26:46.302, 6, 100, 78641
2026/09/14 06:26:46.302, 7, 100, 78641
2026/09/14 06:26:46.802, 6, 100, 78641
2026/09/14 06:26:46.803, 7, 100, 78641
2026/09/14 06:26:47.303, 6, 99, 78641
2026/09/14 06:26:47.303, 7, 100, 78641
2026/09/14 06:26:47.803, 6, 100, 78641
2026/09/14 06:26:47.803, 7, 100, 78641
2026/09/14 06:26:48.303, 6, 100, 78641
2026/09/14 06:26:48.304, 7, 100, 78641
2026/09/14 06:26:48.804, 6, 90, 78641
2026/09/14 06:26:48.804, 7, 90, 78641
2026/09/14 06:26:49.304, 6, 99, 78641
2026/09/14 06:26:49.304, 7, 100, 78641
2026/09/14 06:26:49.804, 6, 100, 78641
2026/09/14 06:26:49.804, 7, 100, 78641
2026/09/14 06:26:50.304, 6, 100, 78641
2026/09/14 06:26:50.304, 7, 72, 78641
2026/09/14 06:26:50.805, 6, 99, 78641
2026/09/14 06:26:50.805, 7, 99, 78641
2026/09/14 06:26:51.305, 6, 100, 78641
2026/09/14 06:26:51.305, 7, 100, 78641
2026/09/14 06:26:51.805, 6, 100, 78641
2026/09/14 06:26:51.805, 7, 100, 78641
2026/09/14 06:26:52.305, 6, 94, 78641
2026/09/14 06:26:52.306, 7, 100, 78641
2026/09/14 06:26:52.807, 6, 100, 78641
2026/09/14 06:26:52.807, 7, 100, 78641
2026/09/14 06:26:53.307, 6, 100, 78641
2026/09/14 06:26:53.307, 7, 100, 78641
2026/09/14 06:26:53.807, 6, 54, 78641
2026/09/14 06:26:53.807, 7, 60, 78641
2026/09/14 06:26:54.307, 6, 99, 78641
2026/09/14 06:26:54.307, 7, 100, 78641
2026/09/14 06:26:54.807, 6, 100, 78641
2026/09/14 06:26:54.808, 7, 100, 78641
2026/09/14 06:26:55.308, 6, 100, 78641
2026/09/14 06:26:55.308, 7, 100, 78641
2026/09/14 06:26:55.808, 6, 99, 78641
2026/09/14 06:26:55.808, 7, 86, 78641
2026/09/14 06:26:56.308, 6, 100, 78641
2026/09/14 06:26:56.308, 7, 100, 78641
2026/09/14 06:26:56.808, 6, 100, 78641
2026/09/14 06:26:56.808, 7, 100, 78641
2026/09/14 06:26:57.309, 6, 67, 78641
2026/09/14 06:26:57.309, 7, 63, 78641
2026/09/14 06:26:57.809, 6, 100, 78641
2026/09/14 06:26:57.809, 7, 99, 78641
2026/09/14 06:26:58.309, 6, 100, 78641
2026/09/14 06:26:58.309, 7, 100, 78641
2026/09/14 06:26:58.809, 6, 71, 78641
2026/09/14 06:26:58.809, 7, 100, 78641
2026/09/14 06:26:59.309, 6, 99, 78641
2026/09/14 06:26:59.309, 7, 100, 78641
2026/09/14 06:26:59.810, 6, 100, 78641
2026/09/14 06:26:59.810, 7, 100, 78641
2026/09/14 06:27:00.310, 6, 100, 78641
2026/09/14 06:27:00.310, 7, 100, 78641
2026/09/14 06:27:00.811, 6, 99, 78641
2026/09/14 06:27:00.811, 7, 52, 78641
2026/09/14 06:27:01.311, 6, 100, 78641
2026/09/14 06:27:01.311, 7, 100, 78641
2026/09/14 06:27:01.812, 6, 100, 78641
2026/09/14 06:27:01.812, 7, 100, 78641
2026/09/14 06:27:02.312, 6, 88, 78641
2026/09/14 06:27:02.312, 7, 91, 78641
2026/09/14 06:27:02.812, 6, 100, 78641
2026/09/14 06:27:02.812, 7, 100, 78641
2026/09/14 06:27:03.312, 6, 100, 78641
2026/09/14 06:27:03.312, 7, 100, 78641
2026/09/14 06:27:03.812, 6, 72, 78641
2026/09/14 06:27:03.813, 7, 100, 78641
2026/09/14 06:27:04.313, 6, 99, 78641
2026/09/14 06:27:04.313, 7, 99, 78641
2026/09/14 06:27:04.813, 6, 100, 78641
2026/09/14 06:27:04.813, 7, 100, 78641
2026/09/14 06:27:05.313, 6, 100, 78641
2026/09/14 06:27:05.313, 7, 100, 78641
2026/09/14 06:27:05.813, 6, 73, 78641
2026/09/14 06:27:05.813, 7, 73, 78641
2026/09/14 06:27:06.313, 6, 99, 78641
2026/09/14 06:27:06.314, 7, 100, 78641
2026/09/14 06:27:06.814, 6, 100, 78641
2026/09/14 06:27:06.814, 7, 100, 78641
2026/09/14 06:27:07.314, 6, 100, 78641
2026/09/14 06:27:07.314, 7, 94, 78641
2026/09/14 06:27:07.814, 6, 99, 78641
2026/09/14 06:27:07.814, 7, 100, 78641
2026/09/14 06:27:08.314, 6, 100, 78641
2026/09/14 06:27:08.315, 7, 100, 78641
2026/09/14 06:27:08.815, 6, 100, 78641
2026/09/14 06:27:08.815, 7, 100, 78641
2026/09/14 06:27:09.315, 6, 91, 78641
2026/09/14 06:27:09.315, 7, 100, 78641
2026/09/14 06:27:09.815, 6, 100, 78641
2026/09/14 06:27:09.815, 7, 100, 78641
2026/09/14 06:27:10.315, 6, 100, 78641
2026/09/14 06:27:10.315, 7, 100, 78641
2026/09/14 06:27:10.816, 6, 74, 78641
2026/09/14 06:27:10.816, 7, 75, 78641
2026/09/14 06:27:11.317, 6, 99, 78641
2026/09/14 06:27:11.317, 7, 100, 78641
2026/09/14 06:27:11.817, 6, 100, 78641
2026/09/14 06:27:11.817, 7, 100, 78641
2026/09/14 06:27:12.317, 6, 100, 78641
2026/09/14 06:27:12.317, 7, 100, 78641
2026/09/14 06:27:12.817, 6, 99, 78641
2026/09/14 06:27:12.817, 7, 100, 78641
2026/09/14 06:27:13.318, 6, 100, 78641
2026/09/14 06:27:13.318, 7, 100, 78641
2026/09/14 06:27:13.818, 6, 100, 78641
2026/09/14 06:27:13.818, 7, 100, 78641
2026/09/14 06:27:14.318, 6, 0, 78641
2026/09/14 06:27:14.318, 7, 5, 78641
2026/09/14 06:27:14.819, 6, 99, 78641
2026/09/14 06:27:14.819, 7, 100, 78641
2026/09/14 06:27:15.319, 6, 100, 78641
2026/09/14 06:27:15.319, 7, 100, 78641
2026/09/14 06:27:15.819, 6, 100, 78641
2026/09/14 06:27:15.819, 7, 100, 78641
2026/09/14 06:27:16.319, 6, 0, 78641
2026/09/14 06:27:16.319, 7, 0, 78641
2026/09/14 06:27:16.819, 6, 0, 78641
2026/09/14 06:27:16.820, 7, 0, 78641
2026/09/14 06:27:17.320, 6, 11, 78641
2026/09/14 06:27:17.320, 7, 0, 78641
2026/09/14 06:27:17.820, 6, 0, 78641
2026/09/14 06:27:17.820, 7, 0, 78641
2026/09/14 06:27:18.320, 6, 3, 78641
2026/09/14 06:27:18.320, 7, 3, 78641
2026/09/14 06:27:18.820, 6, 0, 78641
2026/09/14 06:27:18.821, 7, 3, 78641
2026/09/14 06:27:19.321, 6, 3, 78641
2026/09/14 06:27:19.321, 7, 3, 78641
2026/09/14 06:27:19.821, 6, 22, 78641
2026/09/14 06:27:19.822, 7, 21, 78641
2026/09/14 06:27:20.322, 6, 0, 78641
2026/09/14 06:27:20.322, 7, 0, 78641
2026/09/14 06:27:20.822, 6, 0, 78641
2026/09/14 06:27:20.822, 7, 0, 78641
2026/09/14 06:27:21.322, 6, 0, 78641
2026/09/14 06:27:21.322, 7, 0, 78641
2026/09/14 06:27:21.822, 6, 0, 78641
2026/09/14 06:27:21.822, 7, 0, 78641
2026/09/14 06:27:22.322, 6, 0, 78641
2026/09/14 06:27:22.323, 7, 0, 78641
2026/09/14 06:27:22.823, 6, 0, 78641
2026/09/14 06:27:22.837, 7, 0, 78641
2026/09/14 06:27:23.343, 6, 0, 78641
2026/09/14 06:27:23.343, 7, 0, 78641
2026/09/14 06:27:23.844, 6, 0, 78641
2026/09/14 06:27:23.844, 7, 0, 78641
2026/09/14 06:27:24.344, 6, 0, 78641
2026/09/14 06:27:24.344, 7, 0, 78641
2026/09/14 06:27:24.844, 6, 0, 78641
2026/09/14 06:27:24.844, 7, 0, 78641
2026/09/14 06:27:25.344, 6, 0, 78641
2026/09/14 06:27:25.344, 7, 0, 78641
2026/09/14 06:27:25.844, 6, 0, 78641
2026/09/14 06:27:25.845, 7, 0, 78641
2026/09/14 06:27:26.345, 6, 0, 78641
2026/09/14 06:27:26.345, 7, 0, 78641
2026/09/14 06:27:26.846, 6, 0, 78641
2026/09/14 06:27:26.846, 7, 0, 78641
2026/09/14 06:27:27.346, 6, 12, 78641
2026/09/14 06:27:27.346, 7, 1, 78641
2026/09/14 06:27:27.846, 6, 0, 78641
2026/09/14 06:27:27.846, 7, 0, 78641
2026/09/14 06:27:28.346, 6, 3, 78641
2026/09/14 06:27:28.346, 7, 6, 78641
2026/09/14 06:27:28.846, 6, 3, 78641
2026/09/14 06:27:28.847, 7, 3, 78641
2026/09/14 06:27:29.347, 6, 12, 78641
2026/09/14 06:27:29.347, 7, 11, 78641
2026/09/14 06:27:29.847, 6, 0, 78641
2026/09/14 06:27:29.847, 7, 0, 78641
2026/09/14 06:27:30.347, 6, 0, 78641
2026/09/14 06:27:30.347, 7, 6, 78641
2026/09/14 06:27:30.847, 6, 0, 78641
2026/09/14 06:27:30.847, 7, 21, 78641
2026/09/14 06:27:31.347, 6, 29, 78641
2026/09/14 06:27:31.348, 7, 27, 78641
2026/09/14 06:27:31.848, 6, 31, 78641
2026/09/14 06:27:31.848, 7, 27, 78641
2026/09/14 06:27:32.348, 6, 0, 78641
2026/09/14 06:27:32.348, 7, 9, 78641
2026/09/14 06:27:32.848, 6, 0, 78641
2026/09/14 06:27:32.849, 7, 0, 78641
2026/09/14 06:27:33.349, 6, 0, 78641
2026/09/14 06:27:33.349, 7, 0, 78641
2026/09/14 06:27:33.849, 6, 0, 78641
2026/09/14 06:27:33.849, 7, 0, 78641
2026/09/14 06:27:34.349, 6, 0, 78641
2026/09/14 06:27:34.349, 7, 0, 78641
2026/09/14 06:27:34.849, 6, 0, 78641
2026/09/14 06:27:34.849, 7, 0, 78641
2026/09/14 06:27:35.350, 6, 0, 78641
2026/09/14 06:27:35.350, 7, 0, 78641
2026/09/14 06:27:35.850, 6, 0, 78641
2026/09/14 06:27:35.850, 7, 0, 78641
2026/09/14 06:27:36.350, 6, 0, 78641
2026/09/14 06:27:36.350, 7, 0, 78641
2026/09/14 06:27:36.850, 6, 0, 78641
2026/09/14 06:27:36.850, 7, 0, 78641
2026/09/14 06:27:37.351, 6, 0, 78641
2026/09/14 06:27:37.351, 7, 0, 78641
2026/09/14 06:27:37.851, 6, 0, 78641
2026/09/14 06:27:37.851, 7, 0, 78641
2026/09/14 06:27:38.351, 6, 0, 78641
2026/09/14 06:27:38.351, 7, 0, 78641
2026/09/14 06:27:38.851, 6, 0, 78641
2026/09/14 06:27:38.851, 7, 0, 78641
2026/09/14 06:27:39.352, 6, 0, 78641
2026/09/14 06:27:39.352, 7, 0, 78641
2026/09/14 06:27:39.852, 6, 0, 78641
2026/09/14 06:27:39.852, 7, 0, 78641
2026/09/14 06:27:40.352, 6, 0, 78641
2026/09/14 06:27:40.352, 7, 0, 78641
2026/09/14 06:27:40.853, 6, 0, 78641
2026/09/14 06:27:40.853, 7, 0, 78641
2026/09/14 06:27:41.353, 6, 0, 78641
2026/09/14 06:27:41.353, 7, 0, 78641
2026/09/14 06:27:41.853, 6, 0, 78641
2026/09/14 06:27:41.854, 7, 0, 78641
2026/09/14 06:27:42.354, 6, 0, 78641
2026/09/14 06:27:42.354, 7, 0, 78641
2026/09/14 06:27:42.855, 6, 0, 78641
2026/09/14 06:27:42.855, 7, 0, 78641
2026/09/14 06:27:43.355, 6, 0, 78641
2026/09/14 06:27:43.355, 7, 0, 78641
2026/09/14 06:27:43.855, 6, 0, 78641
2026/09/14 06:27:43.855, 7, 0, 78641
2026/09/14 06:27:44.355, 6, 0, 78641
2026/09/14 06:27:44.356, 7, 0, 78641
2026/09/14 06:27:44.856, 6, 0, 78641
2026/09/14 06:27:44.856, 7, 0, 78641
2026/09/14 06:27:45.357, 6, 0, 78641
2026/09/14 06:27:45.357, 7, 0, 78641
2026/09/14 06:27:45.857, 6, 0, 78641
2026/09/14 06:27:45.857, 7, 0, 78641
2026/09/14 06:27:46.357, 6, 0, 78641
2026/09/14 06:27:46.357, 7, 0, 78641
2026/09/14 06:27:46.857, 6, 0, 78641
2026/09/14 06:27:46.858, 7, 0, 78641
2026/09/14 06:27:47.358, 6, 0, 78641
2026/09/14 06:27:47.358, 7, 0, 78641
2026/09/14 06:27:47.858, 6, 0, 78641
2026/09/14 06:27:47.858, 7, 0, 78641
2026/09/14 06:27:48.358, 6, 0, 78641
2026/09/14 06:27:48.358, 7, 0, 78641
2026/09/14 06:27:48.858, 6, 31, 78641
2026/09/14 06:27:48.858, 7, 26, 78641
2026/09/14 06:27:49.358, 6, 0, 78641
2026/09/14 06:27:49.359, 7, 0, 78641
2026/09/14 06:27:49.859, 6, 0, 78641
2026/09/14 06:27:49.859, 7, 0, 78641
2026/09/14 06:27:50.359, 6, 0, 78641
2026/09/14 06:27:50.359, 7, 0, 78641
2026/09/14 06:27:50.860, 6, 0, 78641
2026/09/14 06:27:50.861, 7, 0, 78641
2026/09/14 06:27:51.361, 6, 0, 78641
2026/09/14 06:27:51.362, 7, 0, 78641
2026/09/14 06:27:51.862, 6, 0, 78641
2026/09/14 06:27:51.862, 7, 0, 78641
2026/09/14 06:27:52.362, 6, 0, 78641
2026/09/14 06:27:52.362, 7, 0, 78641
2026/09/14 06:27:52.862, 6, 0, 78641
2026/09/14 06:27:52.862, 7, 0, 78641
2026/09/14 06:27:53.362, 6, 0, 78641
2026/09/14 06:27:53.362, 7, 0, 78641
2026/09/14 06:27:53.862, 6, 0, 78641
2026/09/14 06:27:53.868, 7, 0, 78641
2026/09/14 06:27:54.371, 6, 0, 78641
2026/09/14 06:27:54.371, 7, 0, 78641
2026/09/14 06:27:54.872, 6, 0, 78641
2026/09/14 06:27:54.872, 7, 0, 78641
2026/09/14 06:27:55.372, 6, 0, 78641
2026/09/14 06:27:55.372, 7, 0, 78641
2026/09/14 06:27:55.872, 6, 0, 78641
2026/09/14 06:27:55.872, 7, 0, 78641
2026/09/14 06:27:56.372, 6, 0, 78641
2026/09/14 06:27:56.372, 7, 0, 78641
2026/09/14 06:27:56.872, 6, 0, 78641
2026/09/14 06:27:56.873, 7, 0, 78641
2026/09/14 06:27:57.374, 6, 23, 78641
2026/09/14 06:27:57.374, 7, 3, 78641
2026/09/14 06:27:57.874, 6, 0, 78641
2026/09/14 06:27:57.874, 7, 0, 78641
2026/09/14 06:27:58.374, 6, 0, 78641
2026/09/14 06:27:58.374, 7, 0, 78641
2026/09/14 06:27:58.874, 6, 0, 78641
2026/09/14 06:27:58.875, 7, 0, 78641
2026/09/14 06:27:59.377, 6, 5, 78641
2026/09/14 06:27:59.377, 7, 12, 78641
2026/09/14 06:27:59.877, 6, 0, 78641
2026/09/14 06:27:59.877, 7, 0, 78641
2026/09/14 06:28:00.377, 6, 0, 78641
2026/09/14 06:28:00.377, 7, 9, 78641
2026/09/14 06:28:00.877, 6, 0, 78641
2026/09/14 06:28:00.877, 7, 0, 78641
2026/09/14 06:28:01.377, 6, 9, 78641
2026/09/14 06:28:01.377, 7, 5, 78641
2026/09/14 06:28:01.878, 6, 0, 78641
2026/09/14 06:28:01.878, 7, 0, 78641
2026/09/14 06:28:02.378, 6, 28, 78641
2026/09/14 06:28:02.378, 7, 29, 78641
2026/09/14 06:28:02.878, 6, 0, 78641
2026/09/14 06:28:02.878, 7, 0, 78641
2026/09/14 06:28:03.378, 6, 0, 78641
2026/09/14 06:28:03.378, 7, 0, 78641
2026/09/14 06:28:03.878, 6, 0, 78641
2026/09/14 06:28:03.878, 7, 0, 78641
2026/09/14 06:28:04.379, 6, 0, 78641
2026/09/14 06:28:04.379, 7, 0, 78641
2026/09/14 06:28:04.879, 6, 0, 78641
2026/09/14 06:28:04.879, 7, 0, 78641
2026/09/14 06:28:05.379, 6, 0, 78641
2026/09/14 06:28:05.381, 7, 0, 78641
2026/09/14 06:28:05.881, 6, 0, 78641
2026/09/14 06:28:05.882, 7, 0, 78641
2026/09/14 06:28:06.382, 6, 0, 78641
2026/09/14 06:28:06.382, 7, 0, 78641
2026/09/14 06:28:06.882, 6, 0, 78641
2026/09/14 06:28:06.882, 7, 0, 78641
2026/09/14 06:28:07.382, 6, 0, 78641
2026/09/14 06:28:07.382, 7, 0, 78641
2026/09/14 06:28:07.882, 6, 0, 78641
2026/09/14 06:28:07.882, 7, 0, 78641
2026/09/14 06:28:08.382, 6, 0, 78641
2026/09/14 06:28:08.383, 7, 0, 78641
2026/09/14 06:28:08.883, 6, 0, 78641
2026/09/14 06:28:08.883, 7, 0, 78641
2026/09/14 06:28:09.383, 6, 0, 78641
2026/09/14 06:28:09.383, 7, 0, 78641
2026/09/14 06:28:09.883, 6, 12, 78641
2026/09/14 06:28:09.883, 7, 2, 78641
2026/09/14 06:28:10.383, 6, 0, 78641
2026/09/14 06:28:10.383, 7, 0, 78641
2026/09/14 06:28:10.883, 6, 6, 78641
2026/09/14 06:28:10.884, 7, 6, 78641
2026/09/14 06:28:11.384, 6, 0, 78641
2026/09/14 06:28:11.384, 7, 0, 78641
2026/09/14 06:28:11.884, 6, 12, 78641
2026/09/14 06:28:11.884, 7, 12, 78641
2026/09/14 06:28:12.384, 6, 0, 78641
2026/09/14 06:28:12.384, 7, 0, 78641
2026/09/14 06:28:12.884, 6, 6, 78641
2026/09/14 06:28:12.884, 7, 6, 78641
2026/09/14 06:28:13.385, 6, 0, 78641
2026/09/14 06:28:13.385, 7, 0, 78641
2026/09/14 06:28:13.885, 6, 29, 78641
2026/09/14 06:28:13.885, 7, 27, 78641
2026/09/14 06:28:14.385, 6, 21, 78641
2026/09/14 06:28:14.385, 7, 17, 78641
2026/09/14 06:28:14.885, 6, 0, 78641
2026/09/14 06:28:14.885, 7, 0, 78641
2026/09/14 06:28:15.385, 6, 0, 78641
2026/09/14 06:28:15.386, 7, 0, 78641
2026/09/14 06:28:15.886, 6, 0, 78641
2026/09/14 06:28:15.886, 7, 0, 78641
2026/09/14 06:28:16.386, 6, 0, 78641
2026/09/14 06:28:16.386, 7, 0, 78641
2026/09/14 06:28:16.886, 6, 0, 78641
2026/09/14 06:28:16.886, 7, 0, 78641
2026/09/14 06:28:17.386, 6, 0, 78641
2026/09/14 06:28:17.386, 7, 0, 78641
2026/09/14 06:28:17.886, 6, 0, 78641
2026/09/14 06:28:17.887, 7, 0, 78641
2026/09/14 06:28:18.387, 6, 0, 78641
2026/09/14 06:28:18.387, 7, 0, 78641
2026/09/14 06:28:18.887, 6, 0, 78641
2026/09/14 06:28:18.887, 7, 0, 78641
2026/09/14 06:28:19.387, 6, 0, 78641
2026/09/14 06:28:19.388, 7, 0, 78641
2026/09/14 06:28:19.888, 6, 0, 78641
2026/09/14 06:28:19.888, 7, 0, 78641
2026/09/14 06:28:20.388, 6, 0, 78641
2026/09/14 06:28:20.388, 7, 0, 78641
2026/09/14 06:28:20.889, 6, 0, 78641
2026/09/14 06:28:20.889, 7, 0, 78641
2026/09/14 06:28:21.389, 6, 0, 78641
2026/09/14 06:28:21.389, 7, 0, 78641
2026/09/14 06:28:21.889, 6, 0, 78641
2026/09/14 06:28:21.889, 7, 0, 78641
2026/09/14 06:28:22.389, 6, 0, 78641
2026/09/14 06:28:22.389, 7, 0, 78641
2026/09/14 06:28:22.890, 6, 0, 78641
2026/09/14 06:28:22.890, 7, 0, 78641
2026/09/14 06:28:23.390, 6, 0, 78641
2026/09/14 06:28:23.390, 7, 0, 78641
2026/09/14 06:28:23.891, 6, 0, 78641
2026/09/14 06:28:23.891, 7, 0, 78641
2026/09/14 06:28:24.391, 6, 0, 78641
2026/09/14 06:28:24.391, 7, 0, 78641
2026/09/14 06:28:24.891, 6, 0, 78641
2026/09/14 06:28:24.891, 7, 0, 78641
2026/09/14 06:28:25.391, 6, 0, 78641
2026/09/14 06:28:25.391, 7, 0, 78641
2026/09/14 06:28:25.891, 6, 0, 78641
2026/09/14 06:28:25.892, 7, 0, 78641
2026/09/14 06:28:26.393, 6, 0, 78641
2026/09/14 06:28:26.393, 7, 0, 78641
2026/09/14 06:28:26.893, 6, 0, 78641
2026/09/14 06:28:26.894, 7, 0, 78641
2026/09/14 06:28:27.394, 6, 0, 78641
2026/09/14 06:28:27.394, 7, 0, 78641
2026/09/14 06:28:27.894, 6, 0, 78641
2026/09/14 06:28:27.894, 7, 0, 78641
2026/09/14 06:28:28.394, 6, 0, 78641
2026/09/14 06:28:28.395, 7, 0, 78641
2026/09/14 06:28:28.895, 6, 0, 78641
2026/09/14 06:28:28.895, 7, 0, 78641
2026/09/14 06:28:29.395, 6, 0, 78641
2026/09/14 06:28:29.395, 7, 0, 78641
2026/09/14 06:28:29.895, 6, 0, 78641
2026/09/14 06:28:29.895, 7, 0, 78641
2026/09/14 06:28:30.396, 6, 0, 78641
2026/09/14 06:28:30.396, 7, 0, 78641
2026/09/14 06:28:30.896, 6, 5, 78641
2026/09/14 06:28:30.896, 7, 21, 78641
2026/09/14 06:28:31.396, 6, 30, 78641
2026/09/14 06:28:31.399, 7, 31, 78641
2026/09/14 06:28:31.900, 6, 0, 78641
2026/09/14 06:28:31.900, 7, 0, 78641
2026/09/14 06:28:32.401, 6, 0, 78641
2026/09/14 06:28:32.401, 7, 0, 78641
2026/09/14 06:28:32.901, 6, 0, 78641
2026/09/14 06:28:32.901, 7, 0, 78641
2026/09/14 06:28:33.401, 6, 0, 78641
2026/09/14 06:28:33.401, 7, 0, 78641
2026/09/14 06:28:33.901, 6, 0, 78641
2026/09/14 06:28:33.902, 7, 0, 78641
2026/09/14 06:28:34.402, 6, 0, 78641
2026/09/14 06:28:34.402, 7, 0, 78641
2026/09/14 06:28:34.902, 6, 0, 78641
2026/09/14 06:28:34.902, 7, 0, 78641
2026/09/14 06:28:35.402, 6, 0, 78641
2026/09/14 06:28:35.402, 7, 0, 78641
2026/09/14 06:28:35.902, 6, 0, 78641
2026/09/14 06:28:35.902, 7, 0, 78641
2026/09/14 06:28:36.402, 6, 0, 78641
2026/09/14 06:28:36.402, 7, 0, 78641
2026/09/14 06:28:36.903, 6, 0, 78641
2026/09/14 06:28:36.903, 7, 0, 78641
2026/09/14 06:28:37.403, 6, 0, 78641
2026/09/14 06:28:37.403, 7, 0, 78641
2026/09/14 06:28:37.903, 6, 0, 78641
2026/09/14 06:28:37.903, 7, 0, 78641
2026/09/14 06:28:38.403, 6, 0, 78641
2026/09/14 06:28:38.403, 7, 0, 78641
2026/09/14 06:28:38.904, 6, 0, 78641
2026/09/14 06:28:38.904, 7, 0, 78641
2026/09/14 06:28:39.404, 6, 0, 78641
2026/09/14 06:28:39.404, 7, 0, 78641
2026/09/14 06:28:39.904, 6, 2, 78641
2026/09/14 06:28:39.904, 7, 0, 78641
2026/09/14 06:28:40.404, 6, 0, 78641
2026/09/14 06:28:40.404, 7, 0, 78641
2026/09/14 06:28:40.904, 6, 0, 78641
2026/09/14 06:28:40.907, 7, 0, 78641
2026/09/14 06:28:41.409, 6, 0, 78641
2026/09/14 06:28:41.409, 7, 0, 78641
2026/09/14 06:28:41.910, 6, 12, 78641
2026/09/14 06:28:41.910, 7, 1, 78641
2026/09/14 06:28:42.410, 6, 0, 78641
2026/09/14 06:28:42.410, 7, 0, 78641
2026/09/14 06:28:42.910, 6, 9, 78641
2026/09/14 06:28:42.910, 7, 9, 78641
2026/09/14 06:28:43.410, 6, 0, 78641
2026/09/14 06:28:43.410, 7, 0, 78641
2026/09/14 06:28:43.910, 6, 0, 78641
2026/09/14 06:28:43.911, 7, 0, 78641
2026/09/14 06:28:44.411, 6, 1, 78641
2026/09/14 06:28:44.412, 7, 0, 78641
2026/09/14 06:28:44.914, 6, 31, 78641
2026/09/14 06:28:44.914, 7, 31, 78641
2026/09/14 06:28:45.414, 6, 0, 78641
2026/09/14 06:28:45.414, 7, 0, 78641
2026/09/14 06:28:45.914, 6, 0, 78641
2026/09/14 06:28:45.914, 7, 0, 78641
2026/09/14 06:28:46.414, 6, 0, 78641
2026/09/14 06:28:46.415, 7, 0, 78641
2026/09/14 06:28:46.915, 6, 0, 78641
2026/09/14 06:28:46.915, 7, 0, 78641
2026/09/14 06:28:47.415, 6, 0, 78641
2026/09/14 06:28:47.415, 7, 0, 78641
2026/09/14 06:28:47.915, 6, 0, 78641
2026/09/14 06:28:47.915, 7, 0, 78641
2026/09/14 06:28:48.415, 6, 0, 78641
2026/09/14 06:28:48.415, 7, 0, 78641
2026/09/14 06:28:48.915, 6, 0, 78641
2026/09/14 06:28:48.916, 7, 0, 78641
2026/09/14 06:28:49.416, 6, 0, 78641
2026/09/14 06:28:49.416, 7, 0, 78641
2026/09/14 06:28:49.916, 6, 0, 78641
2026/09/14 06:28:49.917, 7, 0, 78641
2026/09/14 06:28:50.417, 6, 0, 78641
2026/09/14 06:28:50.417, 7, 0, 78641
2026/09/14 06:28:50.917, 6, 0, 78641
2026/09/14 06:28:50.918, 7, 0, 78641
2026/09/14 06:28:51.419, 6, 0, 78641
2026/09/14 06:28:51.419, 7, 0, 78641
2026/09/14 06:28:51.919, 6, 0, 78641
2026/09/14 06:28:51.919, 7, 0, 78641
2026/09/14 06:28:52.419, 6, 0, 78641
2026/09/14 06:28:52.419, 7, 12, 78641
2026/09/14 06:28:52.919, 6, 0, 78641
2026/09/14 06:28:52.919, 7, 0, 78641
2026/09/14 06:28:53.419, 6, 4, 78641
2026/09/14 06:28:53.419, 7, 6, 78641
2026/09/14 06:28:53.920, 6, 3, 78641
2026/09/14 06:28:53.920, 7, 3, 78641
2026/09/14 06:28:54.420, 6, 1, 78641
2026/09/14 06:28:54.420, 7, 12, 78641
2026/09/14 06:28:54.920, 6, 0, 78641
2026/09/14 06:28:54.920, 7, 0, 78641
2026/09/14 06:28:55.420, 6, 6, 78641
2026/09/14 06:28:55.420, 7, 6, 78641
2026/09/14 06:28:55.920, 6, 11, 78641
2026/09/14 06:28:55.921, 7, 21, 78641
2026/09/14 06:28:56.421, 6, 26, 78641
2026/09/14 06:28:56.421, 7, 31, 78641
2026/09/14 06:28:56.921, 6, 19, 78641
2026/09/14 06:28:56.922, 7, 15, 78641
2026/09/14 06:28:57.423, 6, 0, 78641
2026/09/14 06:28:57.423, 7, 0, 78641
2026/09/14 06:28:57.923, 6, 0, 78641
2026/09/14 06:28:57.923, 7, 0, 78641
2026/09/14 06:28:58.423, 6, 0, 78641
2026/09/14 06:28:58.423, 7, 0, 78641
2026/09/14 06:28:58.924, 6, 0, 78641
2026/09/14 06:28:58.924, 7, 0, 78641
2026/09/14 06:28:59.424, 6, 0, 78641
2026/09/14 06:28:59.424, 7, 0, 78641
2026/09/14 06:28:59.924, 6, 0, 78641
2026/09/14 06:28:59.924, 7, 0, 78641
2026/09/14 06:29:00.424, 6, 0, 78641
2026/09/14 06:29:00.424, 7, 0, 78641
2026/09/14 06:29:00.924, 6, 0, 78641
2026/09/14 06:29:00.925, 7, 0, 78641
2026/09/14 06:29:01.426, 6, 0, 78641
2026/09/14 06:29:01.426, 7, 0, 78641
2026/09/14 06:29:01.926, 6, 0, 78641
2026/09/14 06:29:01.926, 7, 0, 78641
2026/09/14 06:29:02.426, 6, 0, 78641
2026/09/14 06:29:02.426, 7, 0, 78641
2026/09/14 06:29:02.927, 6, 0, 78641
2026/09/14 06:29:02.927, 7, 0, 78641
2026/09/14 06:29:03.428, 6, 0, 78641
2026/09/14 06:29:03.428, 7, 0, 78641
2026/09/14 06:29:03.928, 6, 0, 78641
2026/09/14 06:29:03.928, 7, 0, 78641
2026/09/14 06:29:04.428, 6, 0, 78641
2026/09/14 06:29:04.428, 7, 0, 78641
2026/09/14 06:29:04.928, 6, 0, 78641
2026/09/14 06:29:04.929, 7, 0, 78641
2026/09/14 06:29:05.429, 6, 0, 78641
2026/09/14 06:29:05.429, 7, 0, 78641
2026/09/14 06:29:05.929, 6, 0, 78641
2026/09/14 06:29:05.929, 7, 0, 78641
2026/09/14 06:29:06.429, 6, 0, 78641
2026/09/14 06:29:06.430, 7, 0, 78641
2026/09/14 06:29:06.930, 6, 0, 78641
2026/09/14 06:29:06.930, 7, 0, 78641
2026/09/14 06:29:07.430, 6, 0, 78641
2026/09/14 06:29:07.430, 7, 0, 78641
2026/09/14 06:29:07.930, 6, 0, 78641
2026/09/14 06:29:07.930, 7, 0, 78641
2026/09/14 06:29:08.430, 6, 0, 78641
2026/09/14 06:29:08.430, 7, 0, 78641
2026/09/14 06:29:08.930, 6, 0, 78641
2026/09/14 06:29:08.930, 7, 0, 78641
2026/09/14 06:29:09.431, 6, 0, 78641
2026/09/14 06:29:09.431, 7, 0, 78641
2026/09/14 06:29:09.931, 6, 0, 78641
2026/09/14 06:29:09.931, 7, 0, 78641
2026/09/14 06:29:10.431, 6, 0, 78641
2026/09/14 06:29:10.431, 7, 0, 78641
2026/09/14 06:29:10.931, 6, 0, 78641
2026/09/14 06:29:10.932, 7, 0, 78641
2026/09/14 06:29:11.433, 6, 0, 78641
2026/09/14 06:29:11.433, 7, 0, 78641
2026/09/14 06:29:11.933, 6, 0, 78641
2026/09/14 06:29:11.935, 7, 0, 78641
2026/09/14 06:29:12.435, 6, 0, 78641
2026/09/14 06:29:12.435, 7, 0, 78641
2026/09/14 06:29:12.935, 6, 0, 78641
2026/09/14 06:29:12.935, 7, 0, 78641
2026/09/14 06:29:13.435, 6, 23, 78641
2026/09/14 06:29:13.435, 7, 4, 78641
2026/09/14 06:29:13.935, 6, 31, 78641
2026/09/14 06:29:13.936, 7, 26, 78641
2026/09/14 06:29:14.437, 6, 0, 78641
2026/09/14 06:29:14.437, 7, 0, 78641
2026/09/14 06:29:14.937, 6, 0, 78641
2026/09/14 06:29:14.937, 7, 0, 78641
2026/09/14 06:29:15.437, 6, 0, 78641
2026/09/14 06:29:15.437, 7, 0, 78641
2026/09/14 06:29:15.937, 6, 0, 78641
2026/09/14 06:29:15.938, 7, 0, 78641
2026/09/14 06:29:16.438, 6, 0, 78641
2026/09/14 06:29:16.438, 7, 0, 78641
2026/09/14 06:29:16.938, 6, 0, 78641
2026/09/14 06:29:16.938, 7, 0, 78641
2026/09/14 06:29:17.438, 6, 0, 78641
2026/09/14 06:29:17.438, 7, 0, 78641
2026/09/14 06:29:17.938, 6, 0, 78641
2026/09/14 06:29:17.938, 7, 0, 78641
2026/09/14 06:29:18.439, 6, 0, 78641
2026/09/14 06:29:18.439, 7, 0, 78641
2026/09/14 06:29:18.939, 6, 0, 78641
2026/09/14 06:29:18.939, 7, 0, 78641
2026/09/14 06:29:19.439, 6, 0, 78641
2026/09/14 06:29:19.439, 7, 0, 78641
2026/09/14 06:29:19.939, 6, 0, 78641
2026/09/14 06:29:19.940, 7, 0, 78641
2026/09/14 06:29:20.440, 6, 0, 78641
2026/09/14 06:29:20.440, 7, 0, 78641
2026/09/14 06:29:20.940, 6, 0, 78641
2026/09/14 06:29:20.940, 7, 0, 78641
2026/09/14 06:29:21.440, 6, 0, 78641
2026/09/14 06:29:21.441, 7, 0, 78641
2026/09/14 06:29:21.941, 6, 0, 78641
2026/09/14 06:29:21.941, 7, 0, 78641
2026/09/14 06:29:22.441, 6, 0, 78641
2026/09/14 06:29:22.442, 7, 3, 78641
2026/09/14 06:29:22.942, 6, 0, 78641
2026/09/14 06:29:22.942, 7, 0, 78641
2026/09/14 06:29:23.442, 6, 0, 78641
2026/09/14 06:29:23.442, 7, 0, 78641
2026/09/14 06:29:23.942, 6, 0, 78641
2026/09/14 06:29:23.942, 7, 0, 78641
2026/09/14 06:29:24.442, 6, 0, 78641
2026/09/14 06:29:24.442, 7, 12, 78641
2026/09/14 06:29:24.942, 6, 0, 78641
2026/09/14 06:29:24.942, 7, 0, 78641
2026/09/14 06:29:25.443, 6, 0, 78641
2026/09/14 06:29:25.443, 7, 9, 78641
2026/09/14 06:29:25.943, 6, 0, 78641
2026/09/14 06:29:25.943, 7, 0, 78641
2026/09/14 06:29:26.443, 6, 0, 78641
2026/09/14 06:29:26.443, 7, 0, 78641
2026/09/14 06:29:26.943, 6, 1, 78641
2026/09/14 06:29:26.943, 7, 1, 78641
2026/09/14 06:29:27.443, 6, 0, 78641
2026/09/14 06:29:27.444, 7, 0, 78641
2026/09/14 06:29:27.944, 6, 0, 78641
2026/09/14 06:29:27.944, 7, 0, 78641
2026/09/14 06:29:28.444, 6, 0, 78641
2026/09/14 06:29:28.445, 7, 11, 78641
2026/09/14 06:29:28.945, 6, 0, 78641
2026/09/14 06:29:28.946, 7, 0, 78641
2026/09/14 06:29:29.446, 6, 3, 78641
2026/09/14 06:29:29.446, 7, 3, 78641
2026/09/14 06:29:29.946, 6, 0, 78641
2026/09/14 06:29:29.946, 7, 3, 78641
2026/09/14 06:29:30.446, 6, 0, 78641
2026/09/14 06:29:30.446, 7, 3, 78641
2026/09/14 06:29:30.946, 6, 31, 78641
2026/09/14 06:29:30.946, 7, 30, 78641
2026/09/14 06:29:31.446, 6, 0, 78641
2026/09/14 06:29:31.447, 7, 0, 78641
2026/09/14 06:29:31.947, 6, 0, 78641
2026/09/14 06:29:31.947, 7, 0, 78641
2026/09/14 06:29:32.447, 6, 0, 78641
2026/09/14 06:29:32.447, 7, 0, 78641
2026/09/14 06:29:32.947, 6, 0, 78641
2026/09/14 06:29:32.947, 7, 0, 78641
2026/09/14 06:29:33.447, 6, 0, 78641
2026/09/14 06:29:33.447, 7, 0, 78641
2026/09/14 06:29:33.948, 6, 0, 78641
2026/09/14 06:29:33.948, 7, 0, 78641
2026/09/14 06:29:34.448, 6, 0, 78641
2026/09/14 06:29:34.448, 7, 0, 78641
2026/09/14 06:29:34.948, 6, 0, 78641
2026/09/14 06:29:34.948, 7, 0, 78641
2026/09/14 06:29:35.448, 6, 0, 78641
2026/09/14 06:29:35.449, 7, 0, 78641
2026/09/14 06:29:35.949, 6, 0, 78641
2026/09/14 06:29:35.949, 7, 0, 78641
2026/09/14 06:29:36.449, 6, 0, 78641
2026/09/14 06:29:36.449, 7, 0, 78641
2026/09/14 06:29:36.950, 6, 0, 78641
2026/09/14 06:29:36.950, 7, 0, 78641
2026/09/14 06:29:37.450, 6, 0, 78641
2026/09/14 06:29:37.450, 7, 0, 78641
2026/09/14 06:29:37.950, 6, 0, 78641
2026/09/14 06:29:37.950, 7, 0, 78641
2026/09/14 06:29:38.451, 6, 3, 78641
2026/09/14 06:29:38.451, 7, 12, 78641
2026/09/14 06:29:38.951, 6, 0, 78641
2026/09/14 06:29:38.951, 7, 0, 78641
2026/09/14 06:29:39.451, 6, 6, 78641
2026/09/14 06:29:39.451, 7, 0, 78641
2026/09/14 06:29:39.951, 6, 0, 78641
2026/09/14 06:29:39.951, 7, 3, 78641
2026/09/14 06:29:40.451, 6, 12, 78641
2026/09/14 06:29:40.451, 7, 12, 78641
2026/09/14 06:29:40.951, 6, 0, 78641
2026/09/14 06:29:40.952, 7, 0, 78641
2026/09/14 06:29:41.452, 6, 6, 78641
2026/09/14 06:29:41.452, 7, 0, 78641
2026/09/14 06:29:41.952, 6, 0, 78641
2026/09/14 06:29:41.952, 7, 0, 78641
2026/09/14 06:29:42.453, 6, 31, 78641
2026/09/14 06:29:42.453, 7, 31, 78641
2026/09/14 06:29:42.953, 6, 26, 78641
2026/09/14 06:29:42.953, 7, 17, 78641
2026/09/14 06:29:43.453, 6, 0, 78641
2026/09/14 06:29:43.453, 7, 0, 78641
2026/09/14 06:29:43.953, 6, 0, 78641
2026/09/14 06:29:43.953, 7, 0, 78641
2026/09/14 06:29:44.453, 6, 0, 78641
2026/09/14 06:29:44.454, 7, 0, 78641
2026/09/14 06:29:44.954, 6, 0, 78641
2026/09/14 06:29:44.954, 7, 0, 78641
2026/09/14 06:29:45.454, 6, 0, 78641
2026/09/14 06:29:45.454, 7, 0, 78641
2026/09/14 06:29:45.954, 6, 0, 78641
2026/09/14 06:29:45.955, 7, 0, 78641
2026/09/14 06:29:46.455, 6, 0, 78641
2026/09/14 06:29:46.456, 7, 0, 78641
2026/09/14 06:29:46.956, 6, 0, 78641
2026/09/14 06:29:46.956, 7, 0, 78641
2026/09/14 06:29:47.456, 6, 0, 78641
2026/09/14 06:29:47.456, 7, 0, 78641
2026/09/14 06:29:47.956, 6, 0, 78641
2026/09/14 06:29:47.956, 7, 0, 78641
2026/09/14 06:29:48.456, 6, 0, 78641
2026/09/14 06:29:48.456, 7, 0, 78641
2026/09/14 06:29:48.957, 6, 0, 78641
2026/09/14 06:29:48.957, 7, 0, 78641
2026/09/14 06:29:49.457, 6, 0, 78641
2026/09/14 06:29:49.457, 7, 0, 78641
2026/09/14 06:29:49.957, 6, 0, 78641
2026/09/14 06:29:49.957, 7, 0, 78641
2026/09/14 06:29:50.457, 6, 0, 78641
2026/09/14 06:29:50.458, 7, 0, 78641
2026/09/14 06:29:50.958, 6, 0, 78641
2026/09/14 06:29:50.958, 7, 0, 78641
2026/09/14 06:29:51.458, 6, 0, 78641
2026/09/14 06:29:51.458, 7, 0, 78641
2026/09/14 06:29:51.958, 6, 0, 78641
2026/09/14 06:29:51.958, 7, 0, 78641
2026/09/14 06:29:52.459, 6, 0, 78641
2026/09/14 06:29:52.459, 7, 0, 78641
2026/09/14 06:29:52.959, 6, 0, 78641
2026/09/14 06:29:52.959, 7, 0, 78641
2026/09/14 06:29:53.459, 6, 0, 78641
2026/09/14 06:29:53.459, 7, 0, 78641
2026/09/14 06:29:53.959, 6, 0, 78641
2026/09/14 06:29:53.959, 7, 0, 78641
2026/09/14 06:29:54.460, 6, 0, 78641
2026/09/14 06:29:54.460, 7, 0, 78641
2026/09/14 06:29:54.960, 6, 0, 78641
2026/09/14 06:29:54.960, 7, 0, 78641
2026/09/14 06:29:55.460, 6, 0, 78641
2026/09/14 06:29:55.460, 7, 0, 78641
2026/09/14 06:29:55.960, 6, 0, 78641
2026/09/14 06:29:55.960, 7, 0, 78641
2026/09/14 06:29:56.460, 6, 0, 78641
2026/09/14 06:29:56.461, 7, 0, 78641
2026/09/14 06:29:56.961, 6, 0, 78641
2026/09/14 06:29:56.962, 7, 0, 78641
2026/09/14 06:29:57.462, 6, 0, 78641
2026/09/14 06:29:57.463, 7, 0, 78641
2026/09/14 06:29:57.963, 6, 0, 78641
2026/09/14 06:29:57.963, 7, 0, 78641
2026/09/14 06:29:58.463, 6, 0, 78641
2026/09/14 06:29:58.463, 7, 0, 78641
2026/09/14 06:29:58.963, 6, 0, 78641
2026/09/14 06:29:58.963, 7, 0, 78641
2026/09/14 06:29:59.463, 6, 0, 78641
2026/09/14 06:29:59.463, 7, 0, 78641
2026/09/14 06:29:59.963, 6, 0, 78641
2026/09/14 06:29:59.964, 7, 0, 78641
2026/09/14 06:30:00.464, 6, 0, 78641
2026/09/14 06:30:00.464, 7, 0, 78641
2026/09/14 06:30:00.964, 6, 21, 78641
2026/09/14 06:30:00.964, 7, 31, 78641
2026/09/14 06:30:01.464, 6, 8, 78641
2026/09/14 06:30:01.464, 7, 0, 78641
2026/09/14 06:30:01.964, 6, 0, 78641
2026/09/14 06:30:01.965, 7, 0, 78641
2026/09/14 06:30:02.465, 6, 0, 78641
2026/09/14 06:30:02.465, 7, 0, 78641
2026/09/14 06:30:02.965, 6, 0, 78641
2026/09/14 06:30:02.965, 7, 0, 78641
2026/09/14 06:30:03.465, 6, 0, 78641
2026/09/14 06:30:03.465, 7, 0, 78641
2026/09/14 06:30:03.966, 6, 0, 78641
2026/09/14 06:30:03.966, 7, 0, 78641
2026/09/14 06:30:04.466, 6, 0, 78641
2026/09/14 06:30:04.466, 7, 0, 78641
2026/09/14 06:30:04.966, 6, 0, 78641
2026/09/14 06:30:04.966, 7, 0, 78641
2026/09/14 06:30:05.467, 6, 0, 78641
2026/09/14 06:30:05.468, 7, 0, 78641
2026/09/14 06:30:05.968, 6, 0, 78641
2026/09/14 06:30:05.970, 7, 0, 78641
2026/09/14 06:30:06.470, 6, 0, 78641
2026/09/14 06:30:06.470, 7, 0, 78641
2026/09/14 06:30:06.970, 6, 0, 78641
2026/09/14 06:30:06.970, 7, 0, 78641
2026/09/14 06:30:07.470, 6, 0, 78641
2026/09/14 06:30:07.470, 7, 0, 78641
2026/09/14 06:30:07.970, 6, 0, 78641
2026/09/14 06:30:07.971, 7, 0, 78641
2026/09/14 06:30:08.472, 6, 0, 78641
2026/09/14 06:30:08.473, 7, 0, 78641
2026/09/14 06:30:08.973, 6, 0, 78641
2026/09/14 06:30:08.973, 7, 0, 78641
2026/09/14 06:30:09.473, 6, 0, 78641
2026/09/14 06:30:09.473, 7, 0, 78641
2026/09/14 06:30:09.973, 6, 11, 78641
2026/09/14 06:30:09.973, 7, 19, 78641
2026/09/14 06:30:10.473, 6, 0, 78641
2026/09/14 06:30:10.474, 7, 0, 78641
2026/09/14 06:30:10.974, 6, 0, 78641
2026/09/14 06:30:10.974, 7, 0, 78641
2026/09/14 06:30:11.474, 6, 0, 78641
2026/09/14 06:30:11.474, 7, 0, 78641
2026/09/14 06:30:11.974, 6, 0, 78641
2026/09/14 06:30:11.974, 7, 0, 78641
2026/09/14 06:30:12.474, 6, 0, 78641
2026/09/14 06:30:12.475, 7, 0, 78641
2026/09/14 06:30:12.975, 6, 0, 78641
2026/09/14 06:30:12.975, 7, 0, 78641
2026/09/14 06:30:13.475, 6, 0, 78641
2026/09/14 06:30:13.475, 7, 0, 78641
2026/09/14 06:30:13.976, 6, 0, 78641
2026/09/14 06:30:13.976, 7, 9, 78641
2026/09/14 06:30:14.476, 6, 0, 78641
2026/09/14 06:30:14.476, 7, 0, 78641
2026/09/14 06:30:14.976, 6, 2, 78641
2026/09/14 06:30:14.977, 7, 26, 78641
2026/09/14 06:30:15.477, 6, 100, 78641
2026/09/14 06:30:15.477, 7, 100, 78641
2026/09/14 06:30:15.978, 6, 100, 78641
2026/09/14 06:30:15.978, 7, 100, 78641
2026/09/14 06:30:16.527, 6, 100, 78641
2026/09/14 06:30:16.527, 7, 80, 78641
2026/09/14 06:30:17.027, 6, 99, 78641
2026/09/14 06:30:17.027, 7, 99, 78641
2026/09/14 06:30:17.527, 6, 100, 78641
2026/09/14 06:30:17.527, 7, 100, 78641
2026/09/14 06:30:18.027, 6, 100, 78641
2026/09/14 06:30:18.028, 7, 100, 78641
2026/09/14 06:30:18.528, 6, 99, 78641
2026/09/14 06:30:18.528, 7, 100, 78641
2026/09/14 06:30:19.029, 6, 100, 78641
2026/09/14 06:30:19.029, 7, 100, 78641
2026/09/14 06:30:19.530, 6, 100, 78641
2026/09/14 06:30:19.530, 7, 100, 78641
2026/09/14 06:30:20.030, 6, 73, 78641
2026/09/14 06:30:20.030, 7, 54, 78641
2026/09/14 06:30:20.530, 6, 100, 78641
2026/09/14 06:30:20.530, 7, 100, 78641
2026/09/14 06:30:21.030, 6, 100, 78641
2026/09/14 06:30:21.030, 7, 100, 78641
2026/09/14 06:30:21.531, 6, 100, 78641
2026/09/14 06:30:21.531, 7, 100, 78641
2026/09/14 06:30:22.031, 6, 99, 78641
2026/09/14 06:30:22.031, 7, 100, 78641
2026/09/14 06:30:22.531, 6, 100, 78641
2026/09/14 06:30:22.531, 7, 100, 78641
2026/09/14 06:30:23.032, 6, 100, 78641
2026/09/14 06:30:23.032, 7, 100, 78641
2026/09/14 06:30:23.532, 6, 99, 78641
2026/09/14 06:30:23.532, 7, 99, 78641
2026/09/14 06:30:24.032, 6, 100, 78641
2026/09/14 06:30:24.032, 7, 100, 78641
2026/09/14 06:30:24.533, 6, 100, 78641
2026/09/14 06:30:24.533, 7, 100, 78641
2026/09/14 06:30:25.033, 6, 89, 78641
2026/09/14 06:30:25.033, 7, 75, 78641
2026/09/14 06:30:25.533, 6, 100, 78641
2026/09/14 06:30:25.533, 7, 100, 78641
2026/09/14 06:30:26.033, 6, 100, 78641
2026/09/14 06:30:26.034, 7, 100, 78641
2026/09/14 06:30:26.534, 6, 100, 78641
2026/09/14 06:30:26.534, 7, 91, 78641
2026/09/14 06:30:27.034, 6, 99, 78641
2026/09/14 06:30:27.034, 7, 99, 78641
2026/09/14 06:30:27.534, 6, 100, 78641
2026/09/14 06:30:27.534, 7, 100, 78641
2026/09/14 06:30:28.035, 6, 100, 78641
2026/09/14 06:30:28.035, 7, 100, 78641
2026/09/14 06:30:28.535, 6, 99, 78641
2026/09/14 06:30:28.535, 7, 100, 78641
2026/09/14 06:30:29.035, 6, 100, 78641
2026/09/14 06:30:29.035, 7, 100, 78641
2026/09/14 06:30:29.535, 6, 100, 78641
2026/09/14 06:30:29.535, 7, 100, 78641
2026/09/14 06:30:30.035, 6, 77, 78641
2026/09/14 06:30:30.036, 7, 69, 78641
2026/09/14 06:30:30.536, 6, 100, 78641
2026/09/14 06:30:30.536, 7, 100, 78641
2026/09/14 06:30:31.036, 6, 100, 78641
2026/09/14 06:30:31.036, 7, 100, 78641
2026/09/14 06:30:31.536, 6, 100, 78641
2026/09/14 06:30:31.537, 7, 100, 78641
2026/09/14 06:30:32.037, 6, 99, 78641
2026/09/14 06:30:32.037, 7, 100, 78641
2026/09/14 06:30:32.537, 6, 100, 78641
2026/09/14 06:30:32.537, 7, 100, 78641
2026/09/14 06:30:33.037, 6, 100, 78641
2026/09/14 06:30:33.037, 7, 100, 78641
2026/09/14 06:30:33.537, 6, 65, 78641
2026/09/14 06:30:33.537, 7, 54, 78641
2026/09/14 06:30:34.040, 6, 100, 78641
2026/09/14 06:30:34.040, 7, 100, 78641
2026/09/14 06:30:34.540, 6, 100, 78641
2026/09/14 06:30:34.540, 7, 100, 78641
2026/09/14 06:30:35.041, 6, 100, 78641
2026/09/14 06:30:35.041, 7, 100, 78641
2026/09/14 06:30:35.541, 6, 99, 78641
2026/09/14 06:30:35.541, 7, 100, 78641
2026/09/14 06:30:36.042, 6, 100, 78641
2026/09/14 06:30:36.042, 7, 100, 78641
2026/09/14 06:30:36.542, 6, 100, 78641
2026/09/14 06:30:36.542, 7, 100, 78641
2026/09/14 06:30:37.042, 6, 99, 78641
2026/09/14 06:30:37.043, 7, 71, 78641
2026/09/14 06:30:37.543, 6, 100, 78641
2026/09/14 06:30:37.543, 7, 100, 78641
2026/09/14 06:30:38.043, 6, 100, 78641
2026/09/14 06:30:38.043, 7, 100, 78641
2026/09/14 06:30:38.543, 6, 74, 78641
2026/09/14 06:30:38.543, 7, 68, 78641
2026/09/14 06:30:39.043, 6, 100, 78641
2026/09/14 06:30:39.044, 7, 100, 78641
2026/09/14 06:30:39.544, 6, 100, 78641
2026/09/14 06:30:39.544, 7, 100, 78641
2026/09/14 06:30:40.044, 6, 100, 78641
2026/09/14 06:30:40.044, 7, 100, 78641
2026/09/14 06:30:40.545, 6, 99, 78641
2026/09/14 06:30:40.545, 7, 99, 78641
2026/09/14 06:30:41.045, 6, 100, 78641
2026/09/14 06:30:41.045, 7, 100, 78641
2026/09/14 06:30:41.545, 6, 100, 78641
2026/09/14 06:30:41.545, 7, 100, 78641
2026/09/14 06:30:42.046, 6, 99, 78641
2026/09/14 06:30:42.046, 7, 87, 78641
2026/09/14 06:30:42.546, 6, 100, 78641
2026/09/14 06:30:42.546, 7, 100, 78641
2026/09/14 06:30:43.046, 6, 100, 78641
2026/09/14 06:30:43.046, 7, 100, 78641
2026/09/14 06:30:43.546, 6, 88, 78641
2026/09/14 06:30:43.546, 7, 74, 78641
2026/09/14 06:30:44.046, 6, 100, 78641
2026/09/14 06:30:44.046, 7, 99, 78641
2026/09/14 06:30:44.547, 6, 100, 78641
2026/09/14 06:30:44.547, 7, 100, 78641
2026/09/14 06:30:45.047, 6, 100, 78641
2026/09/14 06:30:45.047, 7, 100, 78641
2026/09/14 06:30:45.547, 6, 99, 78641
2026/09/14 06:30:45.548, 7, 100, 78641
2026/09/14 06:30:46.048, 6, 100, 78641
2026/09/14 06:30:46.048, 7, 100, 78641
2026/09/14 06:30:46.548, 6, 100, 78641
2026/09/14 06:30:46.548, 7, 100, 78641
2026/09/14 06:30:47.048, 6, 95, 78641
2026/09/14 06:30:47.048, 7, 54, 78641
2026/09/14 06:30:47.548, 6, 100, 78641
2026/09/14 06:30:47.548, 7, 100, 78641
2026/09/14 06:30:48.048, 6, 100, 78641
2026/09/14 06:30:48.049, 7, 100, 78641
2026/09/14 06:30:48.549, 6, 100, 78641
2026/09/14 06:30:48.549, 7, 91, 78641
2026/09/14 06:30:49.049, 6, 100, 78641
2026/09/14 06:30:49.049, 7, 100, 78641
2026/09/14 06:30:49.549, 6, 100, 78641
2026/09/14 06:30:49.549, 7, 100, 78641
2026/09/14 06:30:50.049, 6, 100, 78641
2026/09/14 06:30:50.049, 7, 100, 78641
2026/09/14 06:30:50.549, 6, 99, 78641
2026/09/14 06:30:50.550, 7, 99, 78641
2026/09/14 06:30:51.050, 6, 100, 78641
2026/09/14 06:30:51.050, 7, 100, 78641
2026/09/14 06:30:51.550, 6, 100, 78641
2026/09/14 06:30:51.550, 7, 100, 78641
2026/09/14 06:30:52.050, 6, 99, 78641
2026/09/14 06:30:52.050, 7, 73, 78641
2026/09/14 06:30:52.550, 6, 100, 78641
2026/09/14 06:30:52.550, 7, 100, 78641
2026/09/14 06:30:53.050, 6, 100, 78641
2026/09/14 06:30:53.051, 7, 100, 78641
2026/09/14 06:30:53.551, 6, 94, 78641
2026/09/14 06:30:53.551, 7, 63, 78641
2026/09/14 06:30:54.051, 6, 99, 78641
2026/09/14 06:30:54.052, 7, 99, 78641
2026/09/14 06:30:54.552, 6, 100, 78641
2026/09/14 06:30:54.552, 7, 100, 78641
2026/09/14 06:30:55.052, 6, 100, 78641
2026/09/14 06:30:55.052, 7, 100, 78641
2026/09/14 06:30:55.553, 6, 99, 78641
2026/09/14 06:30:55.553, 7, 100, 78641
2026/09/14 06:30:56.053, 6, 100, 78641
2026/09/14 06:30:56.053, 7, 100, 78641
2026/09/14 06:30:56.553, 6, 100, 78641
2026/09/14 06:30:56.553, 7, 100, 78641
2026/09/14 06:30:57.053, 6, 96, 78641
2026/09/14 06:30:57.054, 7, 68, 78641
2026/09/14 06:30:57.554, 6, 100, 78641
2026/09/14 06:30:57.554, 7, 100, 78641
2026/09/14 06:30:58.054, 6, 100, 78641
2026/09/14 06:30:58.054, 7, 100, 78641
2026/09/14 06:30:58.554, 6, 100, 78641
2026/09/14 06:30:58.554, 7, 79, 78641
2026/09/14 06:30:59.055, 6, 99, 78641
2026/09/14 06:30:59.055, 7, 100, 78641
2026/09/14 06:30:59.555, 6, 100, 78641
2026/09/14 06:30:59.555, 7, 100, 78641
2026/09/14 06:31:00.056, 6, 100, 78641
2026/09/14 06:31:00.056, 7, 100, 78641
2026/09/14 06:31:00.556, 6, 99, 78641
2026/09/14 06:31:00.556, 7, 100, 78641
2026/09/14 06:31:01.056, 6, 100, 78641
2026/09/14 06:31:01.056, 7, 100, 78641
2026/09/14 06:31:01.556, 6, 100, 78641
2026/09/14 06:31:01.557, 7, 100, 78641
2026/09/14 06:31:02.057, 6, 90, 78641
2026/09/14 06:31:02.057, 7, 91, 78641
2026/09/14 06:31:02.557, 6, 100, 78641
2026/09/14 06:31:02.557, 7, 100, 78641
2026/09/14 06:31:03.057, 6, 100, 78641
2026/09/14 06:31:03.057, 7, 100, 78641
2026/09/14 06:31:03.557, 6, 100, 78641
2026/09/14 06:31:03.558, 7, 88, 78641
2026/09/14 06:31:04.059, 6, 99, 78641
2026/09/14 06:31:04.059, 7, 100, 78641
2026/09/14 06:31:04.559, 6, 100, 78641
2026/09/14 06:31:04.559, 7, 100, 78641
2026/09/14 06:31:05.059, 6, 100, 78641
2026/09/14 06:31:05.059, 7, 100, 78641
2026/09/14 06:31:05.559, 6, 99, 78641
2026/09/14 06:31:05.560, 7, 100, 78641
2026/09/14 06:31:06.060, 6, 100, 78641
2026/09/14 06:31:06.060, 7, 100, 78641
2026/09/14 06:31:06.560, 6, 100, 78641
2026/09/14 06:31:06.560, 7, 100, 78641
2026/09/14 06:31:07.060, 6, 58, 78641
2026/09/14 06:31:07.060, 7, 62, 78641
2026/09/14 06:31:07.560, 6, 99, 78641
2026/09/14 06:31:07.561, 7, 100, 78641
2026/09/14 06:31:08.061, 6, 100, 78641
2026/09/14 06:31:08.061, 7, 100, 78641
2026/09/14 06:31:08.561, 6, 100, 78641
2026/09/14 06:31:08.561, 7, 100, 78641
2026/09/14 06:31:09.061, 6, 99, 78641
2026/09/14 06:31:09.061, 7, 100, 78641
2026/09/14 06:31:09.561, 6, 100, 78641
2026/09/14 06:31:09.562, 7, 100, 78641
2026/09/14 06:31:10.062, 6, 100, 78641
2026/09/14 06:31:10.062, 7, 100, 78641
2026/09/14 06:31:10.562, 6, 99, 78641
2026/09/14 06:31:10.563, 7, 72, 78641
2026/09/14 06:31:11.063, 6, 100, 78641
2026/09/14 06:31:11.063, 7, 99, 78641
2026/09/14 06:31:11.563, 6, 100, 78641
2026/09/14 06:31:11.563, 7, 100, 78641
2026/09/14 06:31:12.063, 6, 100, 78641
2026/09/14 06:31:12.063, 7, 100, 78641
2026/09/14 06:31:12.563, 6, 99, 78641
2026/09/14 06:31:12.563, 7, 100, 78641
2026/09/14 06:31:13.063, 6, 100, 78641
2026/09/14 06:31:13.064, 7, 100, 78641
2026/09/14 06:31:13.564, 6, 100, 78641
2026/09/14 06:31:13.564, 7, 100, 78641
2026/09/14 06:31:14.064, 6, 99, 78641
2026/09/14 06:31:14.064, 7, 54, 78641
2026/09/14 06:31:14.565, 6, 100, 78641
2026/09/14 06:31:14.565, 7, 100, 78641
2026/09/14 06:31:15.065, 6, 100, 78641
2026/09/14 06:31:15.065, 7, 100, 78641
2026/09/14 06:31:15.565, 6, 91, 78641
2026/09/14 06:31:15.565, 7, 91, 78641
2026/09/14 06:31:16.065, 6, 100, 78641
2026/09/14 06:31:16.065, 7, 100, 78641
2026/09/14 06:31:16.566, 6, 100, 78641
2026/09/14 06:31:16.566, 7, 100, 78641
2026/09/14 06:31:17.066, 6, 100, 78641
2026/09/14 06:31:17.066, 7, 100, 78641
2026/09/14 06:31:17.566, 6, 99, 78641
2026/09/14 06:31:17.566, 7, 99, 78641
2026/09/14 06:31:18.066, 6, 100, 78641
2026/09/14 06:31:18.066, 7, 100, 78641
2026/09/14 06:31:18.566, 6, 100, 78641
2026/09/14 06:31:18.566, 7, 100, 78641
2026/09/14 06:31:19.067, 6, 99, 78641
2026/09/14 06:31:19.067, 7, 73, 78641
2026/09/14 06:31:19.567, 6, 100, 78641
2026/09/14 06:31:19.567, 7, 100, 78641
2026/09/14 06:31:20.067, 6, 100, 78641
2026/09/14 06:31:20.067, 7, 100, 78641
2026/09/14 06:31:20.567, 6, 77, 78641
2026/09/14 06:31:20.567, 7, 55, 78641
2026/09/14 06:31:21.068, 6, 100, 78641
2026/09/14 06:31:21.068, 7, 99, 78641
2026/09/14 06:31:21.568, 6, 100, 78641
2026/09/14 06:31:21.568, 7, 100, 78641
2026/09/14 06:31:22.068, 6, 100, 78641
2026/09/14 06:31:22.068, 7, 100, 78641
2026/09/14 06:31:22.568, 6, 99, 78641
2026/09/14 06:31:22.568, 7, 100, 78641
2026/09/14 06:31:23.068, 6, 100, 78641
2026/09/14 06:31:23.069, 7, 100, 78641
2026/09/14 06:31:23.569, 6, 100, 78641
2026/09/14 06:31:23.569, 7, 100, 78641
2026/09/14 06:31:24.069, 6, 99, 78641
2026/09/14 06:31:24.069, 7, 73, 78641
2026/09/14 06:31:24.569, 6, 100, 78641
2026/09/14 06:31:24.569, 7, 100, 78641
2026/09/14 06:31:25.069, 6, 100, 78641
2026/09/14 06:31:25.070, 7, 100, 78641
2026/09/14 06:31:25.570, 6, 87, 78641
2026/09/14 06:31:25.570, 7, 73, 78641
2026/09/14 06:31:26.070, 6, 100, 78641
2026/09/14 06:31:26.070, 7, 100, 78641
2026/09/14 06:31:26.570, 6, 100, 78641
2026/09/14 06:31:26.570, 7, 100, 78641
2026/09/14 06:31:27.070, 6, 100, 78641
2026/09/14 06:31:27.070, 7, 100, 78641
2026/09/14 06:31:27.571, 6, 99, 78641
2026/09/14 06:31:27.571, 7, 99, 78641
2026/09/14 06:31:28.071, 6, 100, 78641
2026/09/14 06:31:28.071, 7, 100, 78641
2026/09/14 06:31:28.571, 6, 100, 78641
2026/09/14 06:31:28.571, 7, 100, 78641
2026/09/14 06:31:29.072, 6, 99, 78641
2026/09/14 06:31:29.072, 7, 91, 78641
2026/09/14 06:31:29.572, 6, 100, 78641
2026/09/14 06:31:29.572, 7, 100, 78641
2026/09/14 06:31:30.072, 6, 100, 78641
2026/09/14 06:31:30.073, 7, 100, 78641
2026/09/14 06:31:30.573, 6, 96, 78641
2026/09/14 06:31:30.573, 7, 77, 78641
2026/09/14 06:31:31.073, 6, 100, 78641
2026/09/14 06:31:31.073, 7, 100, 78641
2026/09/14 06:31:31.573, 6, 100, 78641
2026/09/14 06:31:31.573, 7, 100, 78641
2026/09/14 06:31:32.073, 6, 100, 78641
2026/09/14 06:31:32.073, 7, 100, 78641
2026/09/14 06:31:32.573, 6, 99, 78641
2026/09/14 06:31:32.573, 7, 100, 78641
2026/09/14 06:31:33.074, 6, 100, 78641
2026/09/14 06:31:33.074, 7, 100, 78641
2026/09/14 06:31:33.574, 6, 100, 78641
2026/09/14 06:31:33.574, 7, 100, 78641
2026/09/14 06:31:34.074, 6, 85, 78641
2026/09/14 06:31:34.074, 7, 56, 78641
2026/09/14 06:31:34.574, 6, 100, 78641
2026/09/14 06:31:34.574, 7, 100, 78641
2026/09/14 06:31:35.075, 6, 100, 78641
2026/09/14 06:31:35.075, 7, 100, 78641
2026/09/14 06:31:35.575, 6, 100, 78641
2026/09/14 06:31:35.577, 7, 100, 78641
2026/09/14 06:31:36.077, 6, 100, 78641
2026/09/14 06:31:36.077, 7, 100, 78641
2026/09/14 06:31:36.577, 6, 100, 78641
2026/09/14 06:31:36.578, 7, 100, 78641
2026/09/14 06:31:37.078, 6, 100, 78641
2026/09/14 06:31:37.078, 7, 100, 78641
2026/09/14 06:31:37.578, 6, 99, 78641
2026/09/14 06:31:37.578, 7, 100, 78641
2026/09/14 06:31:38.078, 6, 100, 78641
2026/09/14 06:31:38.078, 7, 100, 78641
2026/09/14 06:31:38.579, 6, 100, 78641
2026/09/14 06:31:38.579, 7, 100, 78641
2026/09/14 06:31:39.079, 6, 91, 78641
2026/09/14 06:31:39.079, 7, 73, 78641
2026/09/14 06:31:39.579, 6, 100, 78641
2026/09/14 06:31:39.579, 7, 100, 78641
2026/09/14 06:31:40.079, 6, 100, 78641
2026/09/14 06:31:40.080, 7, 100, 78641
2026/09/14 06:31:40.580, 6, 100, 78641
2026/09/14 06:31:40.580, 7, 100, 78641
2026/09/14 06:31:41.080, 6, 99, 78641
2026/09/14 06:31:41.080, 7, 99, 78641
2026/09/14 06:31:41.580, 6, 100, 78641
2026/09/14 06:31:41.580, 7, 100, 78641
2026/09/14 06:31:42.080, 6, 100, 78641
2026/09/14 06:31:42.081, 7, 100, 78641
2026/09/14 06:31:42.581, 6, 91, 78641
2026/09/14 06:31:42.581, 7, 100, 78641
2026/09/14 06:31:43.081, 6, 100, 78641
2026/09/14 06:31:43.081, 7, 100, 78641
2026/09/14 06:31:43.581, 6, 100, 78641
2026/09/14 06:31:43.581, 7, 100, 78641
2026/09/14 06:31:44.082, 6, 88, 78641
2026/09/14 06:31:44.082, 7, 77, 78641
2026/09/14 06:31:44.582, 6, 99, 78641
2026/09/14 06:31:44.582, 7, 99, 78641
2026/09/14 06:31:45.082, 6, 100, 78641
2026/09/14 06:31:45.083, 7, 100, 78641
2026/09/14 06:31:45.583, 6, 100, 78641
2026/09/14 06:31:45.583, 7, 100, 78641
2026/09/14 06:31:46.083, 6, 99, 78641
2026/09/14 06:31:46.083, 7, 100, 78641
2026/09/14 06:31:46.586, 6, 100, 78641
2026/09/14 06:31:46.586, 7, 100, 78641
2026/09/14 06:31:47.087, 6, 100, 78641
2026/09/14 06:31:47.087, 7, 100, 78641
2026/09/14 06:31:47.587, 6, 63, 78641
2026/09/14 06:31:47.587, 7, 57, 78641
2026/09/14 06:31:48.087, 6, 100, 78641
2026/09/14 06:31:48.087, 7, 100, 78641
2026/09/14 06:31:48.587, 6, 100, 78641
2026/09/14 06:31:48.587, 7, 100, 78641
2026/09/14 06:31:49.087, 6, 100, 78641
2026/09/14 06:31:49.088, 7, 100, 78641
2026/09/14 06:31:49.588, 6, 99, 78641
2026/09/14 06:31:49.588, 7, 100, 78641
2026/09/14 06:31:50.088, 6, 100, 78641
2026/09/14 06:31:50.088, 7, 100, 78641
2026/09/14 06:31:50.588, 6, 100, 78641
2026/09/14 06:31:50.588, 7, 100, 78641
2026/09/14 06:31:51.089, 6, 99, 78641
2026/09/14 06:31:51.089, 7, 100, 78641
2026/09/14 06:31:51.589, 6, 100, 78641
2026/09/14 06:31:51.589, 7, 100, 78641
2026/09/14 06:31:52.090, 6, 100, 78641
2026/09/14 06:31:52.090, 7, 100, 78641
2026/09/14 06:31:52.590, 6, 76, 78641
2026/09/14 06:31:52.590, 7, 73, 78641
2026/09/14 06:31:53.090, 6, 100, 78641
2026/09/14 06:31:53.090, 7, 100, 78641
2026/09/14 06:31:53.592, 6, 100, 78641
2026/09/14 06:31:53.592, 7, 100, 78641
2026/09/14 06:31:54.093, 6, 100, 78641
2026/09/14 06:31:54.093, 7, 100, 78641
2026/09/14 06:31:54.593, 6, 99, 78641
2026/09/14 06:31:54.593, 7, 99, 78641
2026/09/14 06:31:55.093, 6, 100, 78641
2026/09/14 06:31:55.093, 7, 100, 78641
2026/09/14 06:31:55.593, 6, 100, 78641
2026/09/14 06:31:55.602, 7, 100, 78641
2026/09/14 06:31:56.102, 6, 99, 78641
2026/09/14 06:31:56.103, 7, 100, 78641
2026/09/14 06:31:56.603, 6, 100, 78641
2026/09/14 06:31:56.603, 7, 100, 78641
2026/09/14 06:31:57.103, 6, 100, 78641
2026/09/14 06:31:57.103, 7, 100, 78641
2026/09/14 06:31:57.604, 6, 79, 78641
2026/09/14 06:31:57.604, 7, 80, 78641
2026/09/14 06:31:58.104, 6, 100, 78641
2026/09/14 06:31:58.104, 7, 100, 78641
2026/09/14 06:31:58.604, 6, 100, 78641
2026/09/14 06:31:58.604, 7, 100, 78641
2026/09/14 06:31:59.105, 6, 100, 78641
2026/09/14 06:31:59.105, 7, 100, 78641
2026/09/14 06:31:59.605, 6, 99, 78641
2026/09/14 06:31:59.605, 7, 100, 78641
2026/09/14 06:32:00.106, 6, 100, 78641
2026/09/14 06:32:00.106, 7, 100, 78641
2026/09/14 06:32:00.606, 6, 100, 78641
2026/09/14 06:32:00.606, 7, 100, 78641
2026/09/14 06:32:01.106, 6, 99, 78641
2026/09/14 06:32:01.106, 7, 96, 78641
2026/09/14 06:32:01.606, 6, 100, 78641
2026/09/14 06:32:01.606, 7, 100, 78641
2026/09/14 06:32:02.107, 6, 100, 78641
2026/09/14 06:32:02.107, 7, 100, 78641
2026/09/14 06:32:02.607, 6, 100, 78641
2026/09/14 06:32:02.608, 7, 100, 78641
2026/09/14 06:32:03.108, 6, 100, 78641
2026/09/14 06:32:03.108, 7, 100, 78641
2026/09/14 06:32:03.608, 6, 100, 78641
2026/09/14 06:32:03.608, 7, 100, 78641
2026/09/14 06:32:04.108, 6, 100, 78641
2026/09/14 06:32:04.108, 7, 100, 78641
2026/09/14 06:32:04.608, 6, 99, 78641
2026/09/14 06:32:04.609, 7, 99, 78641
2026/09/14 06:32:05.109, 6, 100, 78641
2026/09/14 06:32:05.109, 7, 100, 78641
2026/09/14 06:32:05.609, 6, 100, 78641
2026/09/14 06:32:05.610, 7, 100, 78641
2026/09/14 06:32:06.110, 6, 99, 78641
2026/09/14 06:32:06.110, 7, 99, 78641
2026/09/14 06:32:06.610, 6, 100, 78641
2026/09/14 06:32:06.610, 7, 100, 78641
2026/09/14 06:32:07.110, 6, 100, 78641
2026/09/14 06:32:07.110, 7, 100, 78641
2026/09/14 06:32:07.610, 6, 100, 78641
2026/09/14 06:32:07.610, 7, 100, 78641
2026/09/14 06:32:08.110, 6, 99, 78641
2026/09/14 06:32:08.110, 7, 100, 78641
2026/09/14 06:32:08.611, 6, 100, 78641
2026/09/14 06:32:08.611, 7, 100, 78641
2026/09/14 06:32:09.111, 6, 100, 78641
2026/09/14 06:32:09.113, 7, 100, 78641
2026/09/14 06:32:09.615, 6, 99, 78641
2026/09/14 06:32:09.615, 7, 99, 78641
2026/09/14 06:32:10.115, 6, 100, 78641
2026/09/14 06:32:10.116, 7, 100, 78641
2026/09/14 06:32:10.616, 6, 100, 78641
2026/09/14 06:32:10.616, 7, 100, 78641
2026/09/14 06:32:11.116, 6, 80, 78641
2026/09/14 06:32:11.118, 7, 85, 78641
2026/09/14 06:32:11.621, 6, 99, 78641
2026/09/14 06:32:11.621, 7, 100, 78641
2026/09/14 06:32:12.121, 6, 100, 78641
2026/09/14 06:32:12.121, 7, 100, 78641
2026/09/14 06:32:12.621, 6, 100, 78641
2026/09/14 06:32:12.621, 7, 100, 78641
2026/09/14 06:32:13.121, 6, 99, 78641
2026/09/14 06:32:13.121, 7, 100, 78641
2026/09/14 06:32:13.621, 6, 100, 78641
2026/09/14 06:32:13.622, 7, 100, 78641
2026/09/14 06:32:14.123, 6, 100, 78641
2026/09/14 06:32:14.123, 7, 100, 78641
2026/09/14 06:32:14.623, 6, 56, 78641
2026/09/14 06:32:14.623, 7, 91, 78641
2026/09/14 06:32:15.123, 6, 100, 78641
2026/09/14 06:32:15.123, 7, 100, 78641
2026/09/14 06:32:15.623, 6, 100, 78641
2026/09/14 06:32:15.623, 7, 100, 78641
2026/09/14 06:32:16.124, 6, 100, 78641
2026/09/14 06:32:16.124, 7, 90, 78641
2026/09/14 06:32:16.625, 6, 99, 78641
2026/09/14 06:32:16.625, 7, 100, 78641
2026/09/14 06:32:17.125, 6, 100, 78641
2026/09/14 06:32:17.125, 7, 100, 78641
2026/09/14 06:32:17.625, 6, 100, 78641
2026/09/14 06:32:17.625, 7, 100, 78641
2026/09/14 06:32:18.128, 6, 99, 78641
2026/09/14 06:32:18.128, 7, 99, 78641
2026/09/14 06:32:18.628, 6, 100, 78641
2026/09/14 06:32:18.628, 7, 100, 78641
2026/09/14 06:32:19.128, 6, 100, 78641
2026/09/14 06:32:19.128, 7, 100, 78641
2026/09/14 06:32:19.629, 6, 74, 78641
2026/09/14 06:32:19.629, 7, 89, 78641
2026/09/14 06:32:20.129, 6, 100, 78641
2026/09/14 06:32:20.129, 7, 100, 78641
2026/09/14 06:32:20.629, 6, 100, 78641
2026/09/14 06:32:20.629, 7, 100, 78641
2026/09/14 06:32:21.129, 6, 100, 78641
2026/09/14 06:32:21.129, 7, 100, 78641
2026/09/14 06:32:21.630, 6, 99, 78641
2026/09/14 06:32:21.630, 7, 100, 78641
2026/09/14 06:32:22.130, 6, 100, 78641
2026/09/14 06:32:22.130, 7, 100, 78641
2026/09/14 06:32:22.630, 6, 100, 78641
2026/09/14 06:32:22.630, 7, 100, 78641
2026/09/14 06:32:23.130, 6, 99, 78641
2026/09/14 06:32:23.130, 7, 99, 78641
2026/09/14 06:32:23.631, 6, 100, 78641
2026/09/14 06:32:23.631, 7, 100, 78641
2026/09/14 06:32:24.131, 6, 100, 78641
2026/09/14 06:32:24.131, 7, 100, 78641
2026/09/14 06:32:24.631, 6, 82, 78641
2026/09/14 06:32:24.631, 7, 100, 78641
2026/09/14 06:32:25.131, 6, 100, 78641
2026/09/14 06:32:25.131, 7, 100, 78641
2026/09/14 06:32:25.631, 6, 100, 78641
2026/09/14 06:32:25.632, 7, 100, 78641
2026/09/14 06:32:26.132, 6, 100, 78641
2026/09/14 06:32:26.135, 7, 100, 78641
2026/09/14 06:32:26.635, 6, 99, 78641
2026/09/14 06:32:26.635, 7, 100, 78641
2026/09/14 06:32:27.135, 6, 100, 78641
2026/09/14 06:32:27.136, 7, 100, 78641
2026/09/14 06:32:27.636, 6, 100, 78641
2026/09/14 06:32:27.636, 7, 100, 78641
2026/09/14 06:32:28.136, 6, 92, 78641
2026/09/14 06:32:28.136, 7, 73, 78641
2026/09/14 06:32:28.636, 6, 100, 78641
2026/09/14 06:32:28.637, 7, 100, 78641
2026/09/14 06:32:29.137, 6, 100, 78641
2026/09/14 06:32:29.137, 7, 100, 78641
2026/09/14 06:32:29.638, 6, 100, 78641
2026/09/14 06:32:29.638, 7, 100, 78641
2026/09/14 06:32:30.138, 6, 100, 78641
2026/09/14 06:32:30.138, 7, 100, 78641
2026/09/14 06:32:30.638, 6, 100, 78641
2026/09/14 06:32:30.638, 7, 100, 78641
2026/09/14 06:32:31.138, 6, 100, 78641
2026/09/14 06:32:31.139, 7, 100, 78641
2026/09/14 06:32:31.640, 6, 99, 78641
2026/09/14 06:32:31.641, 7, 99, 78641
2026/09/14 06:32:32.141, 6, 100, 78641
2026/09/14 06:32:32.141, 7, 100, 78641
2026/09/14 06:32:32.641, 6, 100, 78641
2026/09/14 06:32:32.641, 7, 100, 78641
2026/09/14 06:32:33.142, 6, 97, 78641
2026/09/14 06:32:33.142, 7, 75, 78641
2026/09/14 06:32:33.642, 6, 100, 78641
2026/09/14 06:32:33.642, 7, 100, 78641
2026/09/14 06:32:34.142, 6, 100, 78641
2026/09/14 06:32:34.142, 7, 100, 78641
2026/09/14 06:32:34.642, 6, 100, 78641
2026/09/14 06:32:34.642, 7, 100, 78641
2026/09/14 06:32:35.142, 6, 99, 78641
2026/09/14 06:32:35.142, 7, 99, 78641
2026/09/14 06:32:35.643, 6, 100, 78641
2026/09/14 06:32:35.643, 7, 100, 78641
2026/09/14 06:32:36.143, 6, 100, 78641
2026/09/14 06:32:36.143, 7, 100, 78641
2026/09/14 06:32:36.643, 6, 99, 78641
2026/09/14 06:32:36.643, 7, 97, 78641
2026/09/14 06:32:37.143, 6, 100, 78641
2026/09/14 06:32:37.144, 7, 100, 78641
2026/09/14 06:32:37.644, 6, 100, 78641
2026/09/14 06:32:37.644, 7, 100, 78641
2026/09/14 06:32:38.145, 6, 78, 78641
2026/09/14 06:32:38.145, 7, 72, 78641
2026/09/14 06:32:38.645, 6, 99, 78641
2026/09/14 06:32:38.645, 7, 99, 78641
2026/09/14 06:32:39.145, 6, 100, 78641
2026/09/14 06:32:39.146, 7, 100, 78641
2026/09/14 06:32:39.646, 6, 100, 78641
2026/09/14 06:32:39.646, 7, 100, 78641
2026/09/14 06:32:40.146, 6, 99, 78641
2026/09/14 06:32:40.146, 7, 100, 78641
2026/09/14 06:32:40.646, 6, 100, 78641
2026/09/14 06:32:40.646, 7, 100, 78641
2026/09/14 06:32:41.146, 6, 100, 78641
2026/09/14 06:32:41.146, 7, 100, 78641
2026/09/14 06:32:41.646, 6, 54, 78641
2026/09/14 06:32:41.646, 7, 65, 78641
2026/09/14 06:32:42.147, 6, 100, 78641
2026/09/14 06:32:42.147, 7, 100, 78641
2026/09/14 06:32:42.647, 6, 100, 78641
2026/09/14 06:32:42.647, 7, 100, 78641
2026/09/14 06:32:43.147, 6, 100, 78641
2026/09/14 06:32:43.148, 7, 90, 78641
2026/09/14 06:32:43.648, 6, 99, 78641
2026/09/14 06:32:43.648, 7, 100, 78641
2026/09/14 06:32:44.148, 6, 100, 78641
2026/09/14 06:32:44.148, 7, 100, 78641
2026/09/14 06:32:44.648, 6, 100, 78641
2026/09/14 06:32:44.648, 7, 100, 78641
2026/09/14 06:32:45.148, 6, 99, 78641
2026/09/14 06:32:45.148, 7, 100, 78641
2026/09/14 06:32:45.648, 6, 100, 78641
2026/09/14 06:32:45.648, 7, 100, 78641
2026/09/14 06:32:46.148, 6, 100, 78641
2026/09/14 06:32:46.148, 7, 100, 78641
2026/09/14 06:32:46.649, 6, 73, 78641
2026/09/14 06:32:46.649, 7, 73, 78641
2026/09/14 06:32:47.149, 6, 100, 78641
2026/09/14 06:32:47.149, 7, 100, 78641
2026/09/14 06:32:47.649, 6, 100, 78641
2026/09/14 06:32:47.649, 7, 100, 78641
2026/09/14 06:32:48.149, 6, 100, 78641
2026/09/14 06:32:48.149, 7, 56, 78641
2026/09/14 06:32:48.649, 6, 99, 78641
2026/09/14 06:32:48.649, 7, 99, 78641
2026/09/14 06:32:49.150, 6, 100, 78641
2026/09/14 06:32:49.150, 7, 100, 78641
2026/09/14 06:32:49.650, 6, 100, 78641
2026/09/14 06:32:49.651, 7, 100, 78641
2026/09/14 06:32:50.151, 6, 99, 78641
2026/09/14 06:32:50.152, 7, 100, 78641
2026/09/14 06:32:50.654, 6, 100, 78641
2026/09/14 06:32:50.654, 7, 100, 78641
2026/09/14 06:32:51.154, 6, 100, 78641
2026/09/14 06:32:51.154, 7, 100, 78641
2026/09/14 06:32:51.654, 6, 95, 78641
2026/09/14 06:32:51.654, 7, 72, 78641
2026/09/14 06:32:52.154, 6, 100, 78641
2026/09/14 06:32:52.154, 7, 100, 78641
2026/09/14 06:32:52.654, 6, 100, 78641
2026/09/14 06:32:52.654, 7, 100, 78641
2026/09/14 06:32:53.154, 6, 100, 78641
2026/09/14 06:32:53.154, 7, 74, 78641
2026/09/14 06:32:53.655, 6, 99, 78641
2026/09/14 06:32:53.655, 7, 100, 78641
2026/09/14 06:32:54.155, 6, 100, 78641
2026/09/14 06:32:54.155, 7, 100, 78641
2026/09/14 06:32:54.655, 6, 100, 78641
2026/09/14 06:32:54.656, 7, 100, 78641
2026/09/14 06:32:55.157, 6, 99, 78641
2026/09/14 06:32:55.157, 7, 99, 78641
2026/09/14 06:32:55.657, 6, 100, 78641
2026/09/14 06:32:55.657, 7, 100, 78641
2026/09/14 06:32:56.157, 6, 100, 78641
2026/09/14 06:32:56.158, 7, 100, 78641
2026/09/14 06:32:56.658, 6, 91, 78641
2026/09/14 06:32:56.658, 7, 91, 78641
2026/09/14 06:32:57.158, 6, 100, 78641
2026/09/14 06:32:57.159, 7, 100, 78641
2026/09/14 06:32:57.659, 6, 100, 78641
2026/09/14 06:32:57.660, 7, 100, 78641
2026/09/14 06:32:58.162, 6, 100, 78641
2026/09/14 06:32:58.163, 7, 100, 78641
2026/09/14 06:32:58.663, 6, 99, 78641
2026/09/14 06:32:58.663, 7, 99, 78641
2026/09/14 06:32:59.163, 6, 100, 78641
2026/09/14 06:32:59.163, 7, 100, 78641
2026/09/14 06:32:59.663, 6, 100, 78641
2026/09/14 06:32:59.663, 7, 100, 78641
2026/09/14 06:33:00.164, 6, 99, 78641
2026/09/14 06:33:00.164, 7, 72, 78641
2026/09/14 06:33:00.664, 6, 100, 78641
2026/09/14 06:33:00.664, 7, 100, 78641
2026/09/14 06:33:01.164, 6, 100, 78641
2026/09/14 06:33:01.164, 7, 100, 78641
2026/09/14 06:33:01.664, 6, 54, 78641
2026/09/14 06:33:01.664, 7, 100, 78641
2026/09/14 06:33:02.164, 6, 99, 78641
2026/09/14 06:33:02.165, 7, 99, 78641
2026/09/14 06:33:02.665, 6, 100, 78641
2026/09/14 06:33:02.665, 7, 100, 78641
2026/09/14 06:33:03.165, 6, 100, 78641
2026/09/14 06:33:03.165, 7, 100, 78641
2026/09/14 06:33:03.665, 6, 99, 78641
2026/09/14 06:33:03.665, 7, 91, 78641
2026/09/14 06:33:04.165, 6, 100, 78641
2026/09/14 06:33:04.165, 7, 100, 78641
2026/09/14 06:33:04.665, 6, 100, 78641
2026/09/14 06:33:04.666, 7, 100, 78641
2026/09/14 06:33:05.166, 6, 94, 78641
2026/09/14 06:33:05.166, 7, 73, 78641
2026/09/14 06:33:05.667, 6, 100, 78641
2026/09/14 06:33:05.667, 7, 100, 78641
2026/09/14 06:33:06.167, 6, 100, 78641
2026/09/14 06:33:06.167, 7, 100, 78641
2026/09/14 06:33:06.667, 6, 100, 78641
2026/09/14 06:33:06.667, 7, 100, 78641
2026/09/14 06:33:07.167, 6, 99, 78641
2026/09/14 06:33:07.167, 7, 100, 78641
2026/09/14 06:33:07.669, 6, 100, 78641
2026/09/14 06:33:07.669, 7, 100, 78641
2026/09/14 06:33:08.169, 6, 100, 78641
2026/09/14 06:33:08.169, 7, 100, 78641
2026/09/14 06:33:08.669, 6, 98, 78641
2026/09/14 06:33:08.670, 7, 54, 78641
2026/09/14 06:33:09.170, 6, 100, 78641
2026/09/14 06:33:09.170, 7, 100, 78641
2026/09/14 06:33:09.670, 6, 100, 78641
2026/09/14 06:33:09.670, 7, 100, 78641
2026/09/14 06:33:10.170, 6, 100, 78641
2026/09/14 06:33:10.170, 7, 91, 78641
2026/09/14 06:33:10.670, 6, 99, 78641
2026/09/14 06:33:10.670, 7, 100, 78641
2026/09/14 06:33:11.170, 6, 100, 78641
2026/09/14 06:33:11.171, 7, 100, 78641
2026/09/14 06:33:11.671, 6, 100, 78641
2026/09/14 06:33:11.671, 7, 100, 78641
2026/09/14 06:33:12.171, 6, 99, 78641
2026/09/14 06:33:12.171, 7, 99, 78641
2026/09/14 06:33:12.671, 6, 100, 78641
2026/09/14 06:33:12.671, 7, 100, 78641
2026/09/14 06:33:13.171, 6, 100, 78641
2026/09/14 06:33:13.171, 7, 100, 78641
2026/09/14 06:33:13.672, 6, 99, 78641
2026/09/14 06:33:13.672, 7, 73, 78641
2026/09/14 06:33:14.172, 6, 100, 78641
2026/09/14 06:33:14.172, 7, 100, 78641
2026/09/14 06:33:14.672, 6, 100, 78641
2026/09/14 06:33:14.672, 7, 100, 78641
2026/09/14 06:33:15.172, 6, 100, 78641
2026/09/14 06:33:15.172, 7, 61, 78641
2026/09/14 06:33:15.672, 6, 99, 78641
2026/09/14 06:33:15.672, 7, 100, 78641
2026/09/14 06:33:16.172, 6, 100, 78641
2026/09/14 06:33:16.172, 7, 100, 78641
2026/09/14 06:33:16.673, 6, 100, 78641
2026/09/14 06:33:16.673, 7, 100, 78641
2026/09/14 06:33:17.173, 6, 99, 78641
2026/09/14 06:33:17.173, 7, 100, 78641
2026/09/14 06:33:17.673, 6, 100, 78641
2026/09/14 06:33:17.674, 7, 100, 78641
2026/09/14 06:33:18.174, 6, 100, 78641
2026/09/14 06:33:18.174, 7, 100, 78641
2026/09/14 06:33:18.674, 6, 94, 78641
2026/09/14 06:33:18.674, 7, 72, 78641
2026/09/14 06:33:19.174, 6, 100, 78641
2026/09/14 06:33:19.174, 7, 100, 78641
2026/09/14 06:33:19.674, 6, 100, 78641
2026/09/14 06:33:19.674, 7, 100, 78641
2026/09/14 06:33:20.174, 6, 100, 78641
2026/09/14 06:33:20.175, 7, 76, 78641
2026/09/14 06:33:20.675, 6, 99, 78641
2026/09/14 06:33:20.675, 7, 100, 78641
2026/09/14 06:33:21.175, 6, 100, 78641
2026/09/14 06:33:21.175, 7, 100, 78641
2026/09/14 06:33:21.675, 6, 100, 78641
2026/09/14 06:33:21.675, 7, 100, 78641
2026/09/14 06:33:22.175, 6, 99, 78641
2026/09/14 06:33:22.175, 7, 99, 78641
2026/09/14 06:33:22.675, 6, 100, 78641
2026/09/14 06:33:22.675, 7, 100, 78641
2026/09/14 06:33:23.175, 6, 100, 78641
2026/09/14 06:33:23.175, 7, 100, 78641
2026/09/14 06:33:23.676, 6, 91, 78641
2026/09/14 06:33:23.676, 7, 91, 78641
2026/09/14 06:33:24.176, 6, 99, 78641
2026/09/14 06:33:24.176, 7, 100, 78641
2026/09/14 06:33:24.676, 6, 100, 78641
2026/09/14 06:33:24.676, 7, 100, 78641
2026/09/14 06:33:25.176, 6, 100, 78641
2026/09/14 06:33:25.176, 7, 89, 78641
2026/09/14 06:33:25.677, 6, 99, 78641
2026/09/14 06:33:25.677, 7, 99, 78641
2026/09/14 06:33:26.177, 6, 100, 78641
2026/09/14 06:33:26.177, 7, 100, 78641
2026/09/14 06:33:26.677, 6, 100, 78641
2026/09/14 06:33:26.677, 7, 100, 78641
2026/09/14 06:33:27.177, 6, 99, 78641
2026/09/14 06:33:27.177, 7, 100, 78641
2026/09/14 06:33:27.677, 6, 100, 78641
2026/09/14 06:33:27.677, 7, 100, 78641
2026/09/14 06:33:28.177, 6, 100, 78641
2026/09/14 06:33:28.178, 7, 100, 78641
2026/09/14 06:33:28.678, 6, 56, 78641
2026/09/14 06:33:28.678, 7, 68, 78641
2026/09/14 06:33:29.178, 6, 99, 78641
2026/09/14 06:33:29.178, 7, 100, 78641
2026/09/14 06:33:29.678, 6, 100, 78641
2026/09/14 06:33:29.678, 7, 100, 78641
2026/09/14 06:33:30.178, 6, 100, 78641
2026/09/14 06:33:30.178, 7, 100, 78641
2026/09/14 06:33:30.678, 6, 99, 78641
2026/09/14 06:33:30.679, 7, 100, 78641
2026/09/14 06:33:31.179, 6, 100, 78641
2026/09/14 06:33:31.179, 7, 100, 78641
2026/09/14 06:33:31.680, 6, 100, 78641
2026/09/14 06:33:31.680, 7, 100, 78641
2026/09/14 06:33:32.180, 6, 90, 78641
2026/09/14 06:33:32.180, 7, 99, 78641
2026/09/14 06:33:32.680, 6, 100, 78641
2026/09/14 06:33:32.680, 7, 100, 78641
2026/09/14 06:33:33.180, 6, 100, 78641
2026/09/14 06:33:33.180, 7, 100, 78641
2026/09/14 06:33:33.680, 6, 73, 78641
2026/09/14 06:33:33.680, 7, 100, 78641
2026/09/14 06:33:34.180, 6, 99, 78641
2026/09/14 06:33:34.181, 7, 100, 78641
2026/09/14 06:33:34.681, 6, 100, 78641
2026/09/14 06:33:34.681, 7, 100, 78641
2026/09/14 06:33:35.181, 6, 100, 78641
2026/09/14 06:33:35.181, 7, 100, 78641
2026/09/14 06:33:35.681, 6, 94, 78641
2026/09/14 06:33:35.681, 7, 53, 78641
2026/09/14 06:33:36.181, 6, 100, 78641
2026/09/14 06:33:36.181, 7, 100, 78641
2026/09/14 06:33:36.682, 6, 100, 78641
2026/09/14 06:33:36.682, 7, 100, 78641
2026/09/14 06:33:37.182, 6, 100, 78641
2026/09/14 06:33:37.183, 7, 91, 78641
2026/09/14 06:33:37.684, 6, 99, 78641
2026/09/14 06:33:37.684, 7, 100, 78641
2026/09/14 06:33:38.184, 6, 100, 78641
2026/09/14 06:33:38.184, 7, 100, 78641
2026/09/14 06:33:38.684, 6, 100, 78641
2026/09/14 06:33:38.684, 7, 100, 78641
2026/09/14 06:33:39.184, 6, 99, 78641
2026/09/14 06:33:39.184, 7, 99, 78641
2026/09/14 06:33:39.684, 6, 100, 78641
2026/09/14 06:33:39.684, 7, 100, 78641
2026/09/14 06:33:40.184, 6, 100, 78641
2026/09/14 06:33:40.184, 7, 100, 78641
2026/09/14 06:33:40.685, 6, 97, 78641
2026/09/14 06:33:40.685, 7, 73, 78641
2026/09/14 06:33:41.185, 6, 100, 78641
2026/09/14 06:33:41.185, 7, 100, 78641
2026/09/14 06:33:41.685, 6, 100, 78641
2026/09/14 06:33:41.686, 7, 100, 78641
2026/09/14 06:33:42.186, 6, 100, 78641
2026/09/14 06:33:42.186, 7, 85, 78641
2026/09/14 06:33:42.686, 6, 99, 78641
2026/09/14 06:33:42.686, 7, 99, 78641
2026/09/14 06:33:43.186, 6, 100, 78641
2026/09/14 06:33:43.186, 7, 100, 78641
2026/09/14 06:33:43.686, 6, 100, 78641
2026/09/14 06:33:43.686, 7, 100, 78641
2026/09/14 06:33:44.187, 6, 99, 78641
2026/09/14 06:33:44.187, 7, 100, 78641
2026/09/14 06:33:44.687, 6, 100, 78641
2026/09/14 06:33:44.687, 7, 100, 78641
2026/09/14 06:33:45.187, 6, 100, 78641
2026/09/14 06:33:45.187, 7, 100, 78641
2026/09/14 06:33:45.687, 6, 81, 78641
2026/09/14 06:33:45.687, 7, 74, 78641
2026/09/14 06:33:46.187, 6, 99, 78641
2026/09/14 06:33:46.187, 7, 100, 78641
2026/09/14 06:33:46.687, 6, 100, 78641
2026/09/14 06:33:46.688, 7, 100, 78641
2026/09/14 06:33:47.188, 6, 100, 78641
2026/09/14 06:33:47.188, 7, 100, 78641
2026/09/14 06:33:47.688, 6, 99, 78641
2026/09/14 06:33:47.688, 7, 100, 78641
2026/09/14 06:33:48.189, 6, 100, 78641
2026/09/14 06:33:48.189, 7, 100, 78641
2026/09/14 06:33:48.689, 6, 100, 78641
2026/09/14 06:33:48.689, 7, 100, 78641
2026/09/14 06:33:49.189, 6, 89, 78641
2026/09/14 06:33:49.213, 7, 99, 78641
2026/09/14 06:33:49.714, 6, 100, 78641
2026/09/14 06:33:49.714, 7, 100, 78641
2026/09/14 06:33:50.214, 6, 100, 78641
2026/09/14 06:33:50.214, 7, 100, 78641
2026/09/14 06:33:50.714, 6, 91, 78641
2026/09/14 06:33:50.715, 7, 92, 78641
2026/09/14 06:33:51.215, 6, 100, 78641
2026/09/14 06:33:51.215, 7, 100, 78641
2026/09/14 06:33:51.715, 6, 100, 78641
2026/09/14 06:33:51.716, 7, 100, 78641
2026/09/14 06:33:52.216, 6, 100, 78641
2026/09/14 06:33:52.216, 7, 100, 78641
2026/09/14 06:33:52.716, 6, 99, 78641
2026/09/14 06:33:52.716, 7, 99, 78641
2026/09/14 06:33:53.216, 6, 100, 78641
2026/09/14 06:33:53.216, 7, 100, 78641
2026/09/14 06:33:53.716, 6, 100, 78641
2026/09/14 06:33:53.716, 7, 100, 78641
2026/09/14 06:33:54.216, 6, 95, 78641
2026/09/14 06:33:54.216, 7, 99, 78641
2026/09/14 06:33:54.716, 6, 100, 78641
2026/09/14 06:33:54.717, 7, 100, 78641
2026/09/14 06:33:55.217, 6, 100, 78641
2026/09/14 06:33:55.217, 7, 100, 78641
2026/09/14 06:33:55.717, 6, 55, 78641
2026/09/14 06:33:55.717, 7, 60, 78641
2026/09/14 06:33:56.217, 6, 99, 78641
2026/09/14 06:33:56.217, 7, 99, 78641
2026/09/14 06:33:56.717, 6, 100, 78641
2026/09/14 06:33:56.717, 7, 100, 78641
2026/09/14 06:33:57.217, 6, 100, 78641
2026/09/14 06:33:57.217, 7, 100, 78641
2026/09/14 06:33:57.718, 6, 99, 78641
2026/09/14 06:33:57.719, 7, 100, 78641
2026/09/14 06:33:58.219, 6, 100, 78641
2026/09/14 06:33:58.220, 7, 100, 78641
2026/09/14 06:33:58.720, 6, 100, 78641
2026/09/14 06:33:58.720, 7, 100, 78641
2026/09/14 06:33:59.220, 6, 83, 78641
2026/09/14 06:33:59.220, 7, 98, 78641
2026/09/14 06:33:59.720, 6, 100, 78641
2026/09/14 06:33:59.720, 7, 100, 78641
2026/09/14 06:34:00.221, 6, 100, 78641
2026/09/14 06:34:00.221, 7, 100, 78641
2026/09/14 06:34:00.721, 6, 73, 78641
2026/09/14 06:34:00.721, 7, 73, 78641
2026/09/14 06:34:01.221, 6, 99, 78641
2026/09/14 06:34:01.221, 7, 100, 78641
2026/09/14 06:34:01.722, 6, 100, 78641
2026/09/14 06:34:01.722, 7, 100, 78641
2026/09/14 06:34:02.222, 6, 100, 78641
2026/09/14 06:34:02.222, 7, 100, 78641
2026/09/14 06:34:02.722, 6, 99, 78641
2026/09/14 06:34:02.722, 7, 99, 78641
2026/09/14 06:34:03.222, 6, 100, 78641
2026/09/14 06:34:03.222, 7, 100, 78641
2026/09/14 06:34:03.722, 6, 100, 78641
2026/09/14 06:34:03.722, 7, 100, 78641
2026/09/14 06:34:04.222, 6, 91, 78641
2026/09/14 06:34:04.222, 7, 91, 78641
2026/09/14 06:34:04.722, 6, 100, 78641
2026/09/14 06:34:04.722, 7, 100, 78641
2026/09/14 06:34:05.223, 6, 100, 78641
2026/09/14 06:34:05.223, 7, 100, 78641
2026/09/14 06:34:05.723, 6, 74, 78641
2026/09/14 06:34:05.723, 7, 74, 78641
2026/09/14 06:34:06.223, 6, 99, 78641
2026/09/14 06:34:06.223, 7, 100, 78641
2026/09/14 06:34:06.723, 6, 100, 78641
2026/09/14 06:34:06.724, 7, 100, 78641
2026/09/14 06:34:07.224, 6, 100, 78641
2026/09/14 06:34:07.224, 7, 100, 78641
2026/09/14 06:34:07.724, 6, 88, 78641
2026/09/14 06:34:07.725, 7, 100, 78641
2026/09/14 06:34:08.226, 6, 100, 78641
2026/09/14 06:34:08.226, 7, 100, 78641
2026/09/14 06:34:08.726, 6, 100, 78641
2026/09/14 06:34:08.726, 7, 100, 78641
2026/09/14 06:34:09.226, 6, 100, 78641
2026/09/14 06:34:09.226, 7, 100, 78641
2026/09/14 06:34:09.726, 6, 99, 78641
2026/09/14 06:34:09.726, 7, 99, 78641
2026/09/14 06:34:10.227, 6, 100, 78641
2026/09/14 06:34:10.227, 7, 100, 78641
2026/09/14 06:34:10.727, 6, 100, 78641
2026/09/14 06:34:10.727, 7, 100, 78641
2026/09/14 06:34:11.227, 6, 99, 78641
2026/09/14 06:34:11.227, 7, 99, 78641
2026/09/14 06:34:11.727, 6, 100, 78641
2026/09/14 06:34:11.727, 7, 100, 78641
2026/09/14 06:34:12.227, 6, 100, 78641
2026/09/14 06:34:12.227, 7, 100, 78641
2026/09/14 06:34:12.727, 6, 74, 78641
2026/09/14 06:34:12.728, 7, 87, 78641
2026/09/14 06:34:13.228, 6, 100, 78641
2026/09/14 06:34:13.228, 7, 100, 78641
2026/09/14 06:34:13.728, 6, 100, 78641
2026/09/14 06:34:13.728, 7, 100, 78641
2026/09/14 06:34:14.228, 6, 100, 78641
2026/09/14 06:34:14.228, 7, 100, 78641
2026/09/14 06:34:14.729, 6, 99, 78641
2026/09/14 06:34:14.729, 7, 100, 78641
2026/09/14 06:34:15.229, 6, 100, 78641
2026/09/14 06:34:15.229, 7, 100, 78641
2026/09/14 06:34:15.729, 6, 100, 78641
2026/09/14 06:34:15.729, 7, 100, 78641
2026/09/14 06:34:16.229, 6, 76, 78641
2026/09/14 06:34:16.229, 7, 88, 78641
2026/09/14 06:34:16.729, 6, 100, 78641
2026/09/14 06:34:16.730, 7, 100, 78641
2026/09/14 06:34:17.230, 6, 100, 78641
2026/09/14 06:34:17.230, 7, 100, 78641
2026/09/14 06:34:17.730, 6, 91, 78641
2026/09/14 06:34:17.731, 7, 91, 78641
2026/09/14 06:34:18.231, 6, 99, 78641
2026/09/14 06:34:18.231, 7, 100, 78641
2026/09/14 06:34:18.731, 6, 100, 78641
2026/09/14 06:34:18.731, 7, 100, 78641
2026/09/14 06:34:19.231, 6, 100, 78641
2026/09/14 06:34:19.231, 7, 100, 78641
2026/09/14 06:34:19.731, 6, 99, 78641
2026/09/14 06:34:19.731, 7, 100, 78641
2026/09/14 06:34:20.231, 6, 100, 78641
2026/09/14 06:34:20.231, 7, 100, 78641
2026/09/14 06:34:20.731, 6, 100, 78641
2026/09/14 06:34:20.731, 7, 100, 78641
2026/09/14 06:34:21.232, 6, 86, 78641
2026/09/14 06:34:21.232, 7, 94, 78641
2026/09/14 06:34:21.732, 6, 100, 78641
2026/09/14 06:34:21.732, 7, 100, 78641
2026/09/14 06:34:22.232, 6, 100, 78641
2026/09/14 06:34:22.232, 7, 100, 78641
2026/09/14 06:34:22.732, 6, 57, 78641
2026/09/14 06:34:22.732, 7, 57, 78641
2026/09/14 06:34:23.232, 6, 99, 78641
2026/09/14 06:34:23.232, 7, 100, 78641
2026/09/14 06:34:23.732, 6, 100, 78641
2026/09/14 06:34:23.733, 7, 100, 78641
2026/09/14 06:34:24.233, 6, 100, 78641
2026/09/14 06:34:24.233, 7, 100, 78641
2026/09/14 06:34:24.733, 6, 99, 78641
2026/09/14 06:34:24.733, 7, 100, 78641
2026/09/14 06:34:25.233, 6, 100, 78641
2026/09/14 06:34:25.233, 7, 100, 78641
2026/09/14 06:34:25.733, 6, 100, 78641
2026/09/14 06:34:25.733, 7, 100, 78641
2026/09/14 06:34:26.234, 6, 78, 78641
2026/09/14 06:34:26.234, 7, 84, 78641
2026/09/14 06:34:26.734, 6, 100, 78641
2026/09/14 06:34:26.734, 7, 100, 78641
2026/09/14 06:34:27.234, 6, 100, 78641
2026/09/14 06:34:27.234, 7, 100, 78641
2026/09/14 06:34:27.734, 6, 73, 78641
2026/09/14 06:34:27.734, 7, 73, 78641
2026/09/14 06:34:28.235, 6, 99, 78641
2026/09/14 06:34:28.235, 7, 100, 78641
2026/09/14 06:34:28.735, 6, 100, 78641
2026/09/14 06:34:28.735, 7, 100, 78641
2026/09/14 06:34:29.235, 6, 100, 78641
2026/09/14 06:34:29.236, 7, 100, 78641
2026/09/14 06:34:29.736, 6, 99, 78641
2026/09/14 06:34:29.736, 7, 99, 78641
2026/09/14 06:34:30.236, 6, 100, 78641
2026/09/14 06:34:30.236, 7, 100, 78641
2026/09/14 06:34:30.736, 6, 100, 78641
2026/09/14 06:34:30.737, 7, 100, 78641
2026/09/14 06:34:31.237, 6, 91, 78641
2026/09/14 06:34:31.237, 7, 91, 78641
2026/09/14 06:34:31.737, 6, 100, 78641
2026/09/14 06:34:31.737, 7, 100, 78641
2026/09/14 06:34:32.237, 6, 100, 78641
2026/09/14 06:34:32.237, 7, 100, 78641
2026/09/14 06:34:32.737, 6, 74, 78641
2026/09/14 06:34:32.737, 7, 73, 78641
2026/09/14 06:34:33.238, 6, 99, 78641
2026/09/14 06:34:33.238, 7, 100, 78641
2026/09/14 06:34:33.739, 6, 100, 78641
2026/09/14 06:34:33.739, 7, 100, 78641
2026/09/14 06:34:34.239, 6, 100, 78641
2026/09/14 06:34:34.239, 7, 100, 78641
2026/09/14 06:34:34.739, 6, 99, 78641
2026/09/14 06:34:34.741, 7, 100, 78641
2026/09/14 06:34:35.242, 6, 100, 78641
2026/09/14 06:34:35.242, 7, 100, 78641
2026/09/14 06:34:35.742, 6, 100, 78641
2026/09/14 06:34:35.742, 7, 100, 78641
2026/09/14 06:34:36.242, 6, 56, 78641
2026/09/14 06:34:36.242, 7, 56, 78641
2026/09/14 06:34:36.743, 6, 100, 78641
2026/09/14 06:34:36.745, 7, 100, 78641
2026/09/14 06:34:37.246, 6, 100, 78641
2026/09/14 06:34:37.247, 7, 100, 78641
2026/09/14 06:34:37.748, 6, 100, 78641
2026/09/14 06:34:37.748, 7, 92, 78641
2026/09/14 06:34:38.248, 6, 99, 78641
2026/09/14 06:34:38.248, 7, 100, 78641
2026/09/14 06:34:38.749, 6, 100, 78641
2026/09/14 06:34:38.749, 7, 100, 78641
2026/09/14 06:34:39.249, 6, 100, 78641
2026/09/14 06:34:39.249, 7, 100, 78641
2026/09/14 06:34:39.749, 6, 81, 78641
2026/09/14 06:34:39.749, 7, 99, 78641
2026/09/14 06:34:40.249, 6, 100, 78641
2026/09/14 06:34:40.250, 7, 100, 78641
2026/09/14 06:34:40.750, 6, 100, 78641
2026/09/14 06:34:40.750, 7, 100, 78641
2026/09/14 06:34:41.250, 6, 100, 78641
2026/09/14 06:34:41.250, 7, 74, 78641
2026/09/14 06:34:41.751, 6, 99, 78641
2026/09/14 06:34:41.751, 7, 100, 78641
2026/09/14 06:34:42.251, 6, 100, 78641
2026/09/14 06:34:42.251, 7, 100, 78641
2026/09/14 06:34:42.751, 6, 100, 78641
2026/09/14 06:34:42.751, 7, 100, 78641
2026/09/14 06:34:43.255, 6, 90, 78641
2026/09/14 06:34:43.255, 7, 99, 78641
2026/09/14 06:34:43.756, 6, 100, 78641
2026/09/14 06:34:43.756, 7, 100, 78641
2026/09/14 06:34:44.256, 6, 100, 78641
2026/09/14 06:34:44.258, 7, 100, 78641
2026/09/14 06:34:44.762, 6, 91, 78641
2026/09/14 06:34:44.762, 7, 91, 78641
2026/09/14 06:34:45.262, 6, 100, 78641
2026/09/14 06:34:45.262, 7, 100, 78641
2026/09/14 06:34:45.762, 6, 100, 78641
2026/09/14 06:34:45.762, 7, 100, 78641
2026/09/14 06:34:46.262, 6, 100, 78641
2026/09/14 06:34:46.262, 7, 100, 78641
2026/09/14 06:34:46.762, 6, 99, 78641
2026/09/14 06:34:46.763, 7, 100, 78641
2026/09/14 06:34:47.263, 6, 100, 78641
2026/09/14 06:34:47.264, 7, 100, 78641
2026/09/14 06:34:47.765, 6, 100, 78641
2026/09/14 06:34:47.765, 7, 100, 78641
2026/09/14 06:34:48.265, 6, 93, 78641
2026/09/14 06:34:48.265, 7, 89, 78641
2026/09/14 06:34:48.765, 6, 100, 78641
2026/09/14 06:34:48.765, 7, 100, 78641
2026/09/14 06:34:49.265, 6, 100, 78641
2026/09/14 06:34:49.265, 7, 100, 78641
2026/09/14 06:34:49.766, 6, 55, 78641
2026/09/14 06:34:49.766, 7, 55, 78641
2026/09/14 06:34:50.266, 6, 99, 78641
2026/09/14 06:34:50.266, 7, 99, 78641
2026/09/14 06:34:50.766, 6, 100, 78641
2026/09/14 06:34:50.766, 7, 100, 78641
2026/09/14 06:34:51.266, 6, 100, 78641
2026/09/14 06:34:51.266, 7, 100, 78641
2026/09/14 06:34:51.766, 6, 99, 78641
2026/09/14 06:34:51.766, 7, 100, 78641
2026/09/14 06:34:52.266, 6, 100, 78641
2026/09/14 06:34:52.266, 7, 100, 78641
2026/09/14 06:34:52.767, 6, 100, 78641
2026/09/14 06:34:52.767, 7, 100, 78641
2026/09/14 06:34:53.267, 6, 80, 78641
2026/09/14 06:34:53.267, 7, 74, 78641
2026/09/14 06:34:53.767, 6, 100, 78641
2026/09/14 06:34:53.767, 7, 100, 78641
2026/09/14 06:34:54.267, 6, 100, 78641
2026/09/14 06:34:54.271, 7, 100, 78641
2026/09/14 06:34:54.774, 6, 75, 78641
2026/09/14 06:34:54.774, 7, 75, 78641
2026/09/14 06:34:55.274, 6, 100, 78641
2026/09/14 06:34:55.276, 7, 100, 78641
2026/09/14 06:34:55.776, 6, 100, 78641
2026/09/14 06:34:55.776, 7, 100, 78641
2026/09/14 06:34:56.276, 6, 66, 78641
2026/09/14 06:34:56.276, 7, 100, 78641
2026/09/14 06:34:56.777, 6, 99, 78641
2026/09/14 06:34:56.777, 7, 99, 78641
2026/09/14 06:34:57.277, 6, 100, 78641
2026/09/14 06:34:57.277, 7, 100, 78641
2026/09/14 06:34:57.777, 6, 100, 78641
2026/09/14 06:34:57.777, 7, 100, 78641
2026/09/14 06:34:58.277, 6, 99, 78641
2026/09/14 06:34:58.278, 7, 90, 78641
2026/09/14 06:34:58.778, 6, 100, 78641
2026/09/14 06:34:58.778, 7, 100, 78641
2026/09/14 06:34:59.278, 6, 100, 78641
2026/09/14 06:34:59.278, 7, 100, 78641
2026/09/14 06:34:59.778, 6, 74, 78641
2026/09/14 06:34:59.779, 7, 74, 78641
2026/09/14 06:35:00.279, 6, 100, 78641
2026/09/14 06:35:00.279, 7, 99, 78641
2026/09/14 06:35:00.779, 6, 100, 78641
2026/09/14 06:35:00.779, 7, 100, 78641
2026/09/14 06:35:01.280, 6, 79, 78641
2026/09/14 06:35:01.280, 7, 100, 78641
2026/09/14 06:35:01.780, 6, 99, 78641
2026/09/14 06:35:01.780, 7, 100, 78641
2026/09/14 06:35:02.280, 6, 100, 78641
2026/09/14 06:35:02.281, 7, 100, 78641
2026/09/14 06:35:02.781, 6, 100, 78641
2026/09/14 06:35:02.781, 7, 100, 78641
2026/09/14 06:35:03.281, 6, 99, 78641
2026/09/14 06:35:03.281, 7, 54, 78641
2026/09/14 06:35:03.781, 6, 100, 78641
2026/09/14 06:35:03.781, 7, 100, 78641
2026/09/14 06:35:04.281, 6, 100, 78641
2026/09/14 06:35:04.282, 7, 100, 78641
2026/09/14 06:35:04.782, 6, 91, 78641
2026/09/14 06:35:04.782, 7, 91, 78641
2026/09/14 06:35:05.282, 6, 100, 78641
2026/09/14 06:35:05.282, 7, 100, 78641
2026/09/14 06:35:05.782, 6, 100, 78641
2026/09/14 06:35:05.782, 7, 100, 78641
2026/09/14 06:35:06.282, 6, 91, 78641
2026/09/14 06:35:06.282, 7, 100, 78641
2026/09/14 06:35:06.782, 6, 99, 78641
2026/09/14 06:35:06.783, 7, 99, 78641
2026/09/14 06:35:07.283, 6, 100, 78641
2026/09/14 06:35:07.284, 7, 100, 78641
2026/09/14 06:35:07.784, 6, 100, 78641
2026/09/14 06:35:07.784, 7, 100, 78641
2026/09/14 06:35:08.284, 6, 99, 78641
2026/09/14 06:35:08.284, 7, 75, 78641
2026/09/14 06:35:08.784, 6, 100, 78641
2026/09/14 06:35:08.784, 7, 100, 78641
2026/09/14 06:35:09.284, 6, 100, 78641
2026/09/14 06:35:09.284, 7, 100, 78641
2026/09/14 06:35:09.785, 6, 100, 78641
2026/09/14 06:35:09.785, 7, 87, 78641
2026/09/14 06:35:10.285, 6, 99, 78641
2026/09/14 06:35:10.285, 7, 99, 78641
2026/09/14 06:35:10.785, 6, 100, 78641
2026/09/14 06:35:10.785, 7, 100, 78641
2026/09/14 06:35:11.285, 6, 100, 78641
2026/09/14 06:35:11.285, 7, 100, 78641
2026/09/14 06:35:11.785, 6, 91, 78641
2026/09/14 06:35:11.786, 7, 100, 78641
2026/09/14 06:35:12.286, 6, 100, 78641
2026/09/14 06:35:12.286, 7, 100, 78641
2026/09/14 06:35:12.786, 6, 100, 78641
2026/09/14 06:35:12.786, 7, 100, 78641
2026/09/14 06:35:13.286, 6, 75, 78641
2026/09/14 06:35:13.286, 7, 75, 78641
2026/09/14 06:35:13.786, 6, 99, 78641
2026/09/14 06:35:13.787, 7, 100, 78641
2026/09/14 06:35:14.287, 6, 100, 78641
2026/09/14 06:35:14.287, 7, 100, 78641
2026/09/14 06:35:14.787, 6, 100, 78641
2026/09/14 06:35:14.788, 7, 100, 78641
2026/09/14 06:35:15.288, 6, 99, 78641
2026/09/14 06:35:15.288, 7, 100, 78641
2026/09/14 06:35:15.788, 6, 100, 78641
2026/09/14 06:35:15.788, 7, 100, 78641
2026/09/14 06:35:16.288, 6, 100, 78641
2026/09/14 06:35:16.288, 7, 100, 78641
2026/09/14 06:35:16.788, 6, 57, 78641
2026/09/14 06:35:16.788, 7, 99, 78641
2026/09/14 06:35:17.289, 6, 100, 78641
2026/09/14 06:35:17.289, 7, 100, 78641
2026/09/14 06:35:17.789, 6, 100, 78641
2026/09/14 06:35:17.789, 7, 100, 78641
2026/09/14 06:35:18.289, 6, 92, 78641
2026/09/14 06:35:18.289, 7, 97, 78641
2026/09/14 06:35:18.789, 6, 99, 78641
2026/09/14 06:35:18.789, 7, 100, 78641
2026/09/14 06:35:19.289, 6, 100, 78641
2026/09/14 06:35:19.290, 7, 100, 78641
2026/09/14 06:35:19.790, 6, 100, 78641
2026/09/14 06:35:19.790, 7, 100, 78641
2026/09/14 06:35:20.290, 6, 99, 78641
2026/09/14 06:35:20.290, 7, 99, 78641
2026/09/14 06:35:20.790, 6, 100, 78641
2026/09/14 06:35:20.790, 7, 100, 78641
2026/09/14 06:35:21.290, 6, 100, 78641
2026/09/14 06:35:21.291, 7, 100, 78641
2026/09/14 06:35:21.791, 6, 74, 78641
2026/09/14 06:35:21.791, 7, 74, 78641
2026/09/14 06:35:22.291, 6, 100, 78641
2026/09/14 06:35:22.291, 7, 100, 78641
2026/09/14 06:35:22.792, 6, 100, 78641
2026/09/14 06:35:22.792, 7, 100, 78641
2026/09/14 06:35:23.292, 6, 73, 78641
2026/09/14 06:35:23.292, 7, 100, 78641
2026/09/14 06:35:23.792, 6, 99, 78641
2026/09/14 06:35:23.792, 7, 99, 78641
2026/09/14 06:35:24.293, 6, 100, 78641
2026/09/14 06:35:24.293, 7, 100, 78641
2026/09/14 06:35:24.793, 6, 100, 78641
2026/09/14 06:35:24.793, 7, 100, 78641
2026/09/14 06:35:25.293, 6, 99, 78641
2026/09/14 06:35:25.293, 7, 91, 78641
2026/09/14 06:35:25.793, 6, 100, 78641
2026/09/14 06:35:25.794, 7, 100, 78641
2026/09/14 06:35:26.294, 6, 100, 78641
2026/09/14 06:35:26.294, 7, 100, 78641
2026/09/14 06:35:26.794, 6, 74, 78641
2026/09/14 06:35:26.794, 7, 75, 78641
2026/09/14 06:35:27.294, 6, 100, 78641
2026/09/14 06:35:27.294, 7, 99, 78641
2026/09/14 06:35:27.794, 6, 100, 78641
2026/09/14 06:35:27.794, 7, 100, 78641
2026/09/14 06:35:28.294, 6, 84, 78641
2026/09/14 06:35:28.295, 7, 100, 78641
2026/09/14 06:35:28.795, 6, 99, 78641
2026/09/14 06:35:28.795, 7, 100, 78641
2026/09/14 06:35:29.296, 6, 100, 78641
2026/09/14 06:35:29.296, 7, 100, 78641
2026/09/14 06:35:29.796, 6, 100, 78641
2026/09/14 06:35:29.797, 7, 100, 78641
2026/09/14 06:35:30.298, 6, 99, 78641
2026/09/14 06:35:30.298, 7, 56, 78641
2026/09/14 06:35:30.798, 6, 100, 78641
2026/09/14 06:35:30.798, 7, 100, 78641
2026/09/14 06:35:31.298, 6, 100, 78641
2026/09/14 06:35:31.298, 7, 100, 78641
2026/09/14 06:35:31.798, 6, 92, 78641
2026/09/14 06:35:31.798, 7, 95, 78641
2026/09/14 06:35:32.298, 6, 100, 78641
2026/09/14 06:35:32.298, 7, 100, 78641
2026/09/14 06:35:32.798, 6, 100, 78641
2026/09/14 06:35:32.798, 7, 100, 78641
2026/09/14 06:35:33.299, 6, 95, 78641
2026/09/14 06:35:33.299, 7, 100, 78641
2026/09/14 06:35:33.799, 6, 99, 78641
2026/09/14 06:35:33.799, 7, 99, 78641
2026/09/14 06:35:34.299, 6, 100, 78641
2026/09/14 06:35:34.299, 7, 100, 78641
2026/09/14 06:35:34.799, 6, 100, 78641
2026/09/14 06:35:34.799, 7, 100, 78641
2026/09/14 06:35:35.299, 6, 99, 78641
2026/09/14 06:35:35.300, 7, 73, 78641
2026/09/14 06:35:35.800, 6, 100, 78641
2026/09/14 06:35:35.800, 7, 100, 78641
2026/09/14 06:35:36.300, 6, 100, 78641
2026/09/14 06:35:36.301, 7, 100, 78641
2026/09/14 06:35:36.802, 6, 70, 78641
2026/09/14 06:35:36.802, 7, 89, 78641
2026/09/14 06:35:37.302, 6, 100, 78641
2026/09/14 06:35:37.303, 7, 99, 78641
2026/09/14 06:35:37.803, 6, 100, 78641
2026/09/14 06:35:37.804, 7, 100, 78641
2026/09/14 06:35:38.304, 6, 100, 78641
2026/09/14 06:35:38.304, 7, 100, 78641
2026/09/14 06:35:38.804, 6, 99, 78641
2026/09/14 06:35:38.804, 7, 100, 78641
2026/09/14 06:35:39.304, 6, 100, 78641
2026/09/14 06:35:39.305, 7, 100, 78641
2026/09/14 06:35:39.805, 6, 100, 78641
2026/09/14 06:35:39.805, 7, 100, 78641
2026/09/14 06:35:40.305, 6, 99, 78641
2026/09/14 06:35:40.306, 7, 73, 78641
2026/09/14 06:35:40.806, 6, 100, 78641
2026/09/14 06:35:40.807, 7, 100, 78641
2026/09/14 06:35:41.307, 6, 100, 78641
2026/09/14 06:35:41.307, 7, 100, 78641
2026/09/14 06:35:41.807, 6, 100, 78641
2026/09/14 06:35:41.807, 7, 100, 78641
2026/09/14 06:35:42.307, 6, 99, 78641
2026/09/14 06:35:42.307, 7, 100, 78641
2026/09/14 06:35:42.807, 6, 100, 78641
2026/09/14 06:35:42.807, 7, 100, 78641
2026/09/14 06:35:43.308, 6, 100, 78641
2026/09/14 06:35:43.308, 7, 100, 78641
2026/09/14 06:35:43.808, 6, 56, 78641
2026/09/14 06:35:43.808, 7, 99, 78641
2026/09/14 06:35:44.308, 6, 100, 78641
2026/09/14 06:35:44.308, 7, 100, 78641
2026/09/14 06:35:44.808, 6, 100, 78641
2026/09/14 06:35:44.809, 7, 100, 78641
2026/09/14 06:35:45.309, 6, 92, 78641
2026/09/14 06:35:45.310, 7, 97, 78641
2026/09/14 06:35:45.810, 6, 99, 78641
2026/09/14 06:35:45.810, 7, 100, 78641
2026/09/14 06:35:46.310, 6, 100, 78641
2026/09/14 06:35:46.311, 7, 100, 78641
2026/09/14 06:35:46.811, 6, 100, 78641
2026/09/14 06:35:46.811, 7, 100, 78641
2026/09/14 06:35:47.311, 6, 99, 78641
2026/09/14 06:35:47.311, 7, 99, 78641
2026/09/14 06:35:47.811, 6, 100, 78641
2026/09/14 06:35:47.811, 7, 100, 78641
2026/09/14 06:35:48.311, 6, 100, 78641
2026/09/14 06:35:48.312, 7, 100, 78641
2026/09/14 06:35:48.812, 6, 73, 78641
2026/09/14 06:35:48.812, 7, 99, 78641
2026/09/14 06:35:49.312, 6, 100, 78641
2026/09/14 06:35:49.312, 7, 100, 78641
2026/09/14 06:35:49.812, 6, 100, 78641
2026/09/14 06:35:49.812, 7, 100, 78641
2026/09/14 06:35:50.312, 6, 74, 78641
2026/09/14 06:35:50.312, 7, 95, 78641
2026/09/14 06:35:50.813, 6, 70, 78641
2026/09/14 06:35:50.813, 7, 100, 78641
2026/09/14 06:35:51.313, 6, 100, 78641
2026/09/14 06:35:51.313, 7, 100, 78641
2026/09/14 06:35:51.813, 6, 100, 78641
2026/09/14 06:35:51.813, 7, 100, 78641
2026/09/14 06:35:52.314, 6, 48, 78641
2026/09/14 06:35:52.314, 7, 70, 78641
2026/09/14 06:35:52.814, 6, 0, 78641
2026/09/14 06:35:52.814, 7, 0, 78641
2026/09/14 06:35:53.314, 6, 0, 78641
2026/09/14 06:35:53.314, 7, 0, 78641
2026/09/14 06:35:53.814, 6, 0, 78641
2026/09/14 06:35:53.815, 7, 0, 78641
2026/09/14 06:35:54.316, 6, 0, 78641
2026/09/14 06:35:54.316, 7, 0, 78641
2026/09/14 06:35:54.816, 6, 0, 78641
2026/09/14 06:35:54.816, 7, 3, 78641
2026/09/14 06:35:55.316, 6, 3, 78641
2026/09/14 06:35:55.316, 7, 0, 78641
2026/09/14 06:35:55.816, 6, 0, 78641
2026/09/14 06:35:55.816, 7, 0, 78641
2026/09/14 06:35:56.316, 6, 19, 78641
2026/09/14 06:35:56.317, 7, 30, 78641
2026/09/14 06:35:56.817, 6, 0, 78641
2026/09/14 06:35:56.817, 7, 0, 78641
2026/09/14 06:35:57.317, 6, 0, 78641
2026/09/14 06:35:57.317, 7, 0, 78641
2026/09/14 06:35:57.817, 6, 0, 78641
2026/09/14 06:35:57.817, 7, 0, 78641
2026/09/14 06:35:58.317, 6, 0, 78641
2026/09/14 06:35:58.318, 7, 0, 78641
2026/09/14 06:35:58.818, 6, 0, 78641
2026/09/14 06:35:58.818, 7, 0, 78641
2026/09/14 06:35:59.319, 6, 0, 78641
2026/09/14 06:35:59.319, 7, 0, 78641
2026/09/14 06:35:59.820, 6, 0, 78641
2026/09/14 06:35:59.820, 7, 0, 78641
2026/09/14 06:36:00.320, 6, 0, 78641
2026/09/14 06:36:00.320, 7, 0, 78641
2026/09/14 06:36:00.820, 6, 0, 78641
2026/09/14 06:36:00.821, 7, 0, 78641
2026/09/14 06:36:01.321, 6, 0, 78641
2026/09/14 06:36:01.321, 7, 0, 78641
2026/09/14 06:36:01.821, 6, 0, 78641
2026/09/14 06:36:01.821, 7, 0, 78641
2026/09/14 06:36:02.321, 6, 0, 78641
2026/09/14 06:36:02.322, 7, 0, 78641
2026/09/14 06:36:02.823, 6, 0, 78641
2026/09/14 06:36:02.823, 7, 0, 78641
2026/09/14 06:36:03.323, 6, 0, 78641
2026/09/14 06:36:03.323, 7, 0, 78641
2026/09/14 06:36:03.823, 6, 0, 78641
2026/09/14 06:36:03.823, 7, 0, 78641
2026/09/14 06:36:04.323, 6, 0, 78641
2026/09/14 06:36:04.323, 7, 1, 78641
2026/09/14 06:36:04.823, 6, 0, 78641
2026/09/14 06:36:04.823, 7, 0, 78641
2026/09/14 06:36:05.323, 6, 2, 78641
2026/09/14 06:36:05.324, 7, 6, 78641
2026/09/14 06:36:05.824, 6, 3, 78641
2026/09/14 06:36:05.824, 7, 3, 78641
2026/09/14 06:36:06.324, 6, 1, 78641
2026/09/14 06:36:06.324, 7, 1, 78641
2026/09/14 06:36:06.824, 6, 0, 78641
2026/09/14 06:36:06.824, 7, 0, 78641
2026/09/14 06:36:07.324, 6, 6, 78641
2026/09/14 06:36:07.324, 7, 6, 78641
2026/09/14 06:36:07.824, 6, 11, 78641
2026/09/14 06:36:07.824, 7, 8, 78641
2026/09/14 06:36:08.325, 6, 30, 78641
2026/09/14 06:36:08.325, 7, 29, 78641
2026/09/14 06:36:08.825, 6, 24, 78641
2026/09/14 06:36:08.825, 7, 25, 78641
2026/09/14 06:36:09.325, 6, 0, 78641
2026/09/14 06:36:09.326, 7, 0, 78641
2026/09/14 06:36:09.827, 6, 0, 78641
2026/09/14 06:36:09.827, 7, 0, 78641
2026/09/14 06:36:10.328, 6, 0, 78641
2026/09/14 06:36:10.328, 7, 0, 78641
2026/09/14 06:36:10.828, 6, 0, 78641
2026/09/14 06:36:10.828, 7, 0, 78641
2026/09/14 06:36:11.328, 6, 0, 78641
2026/09/14 06:36:11.328, 7, 0, 78641
2026/09/14 06:36:11.828, 6, 0, 78641
2026/09/14 06:36:11.828, 7, 0, 78641
2026/09/14 06:36:12.328, 6, 0, 78641
2026/09/14 06:36:12.329, 7, 0, 78641
2026/09/14 06:36:12.829, 6, 0, 78641
2026/09/14 06:36:12.829, 7, 0, 78641
2026/09/14 06:36:13.329, 6, 0, 78641
2026/09/14 06:36:13.329, 7, 0, 78641
2026/09/14 06:36:13.829, 6, 0, 78641
2026/09/14 06:36:13.829, 7, 0, 78641
2026/09/14 06:36:14.329, 6, 0, 78641
2026/09/14 06:36:14.329, 7, 0, 78641
2026/09/14 06:36:14.829, 6, 0, 78641
2026/09/14 06:36:14.829, 7, 0, 78641
2026/09/14 06:36:15.329, 6, 0, 78641
2026/09/14 06:36:15.330, 7, 0, 78641
2026/09/14 06:36:15.830, 6, 0, 78641
2026/09/14 06:36:15.830, 7, 0, 78641
2026/09/14 06:36:16.330, 6, 0, 78641
2026/09/14 06:36:16.330, 7, 0, 78641
2026/09/14 06:36:16.830, 6, 0, 78641
2026/09/14 06:36:16.830, 7, 0, 78641
2026/09/14 06:36:17.330, 6, 0, 78641
2026/09/14 06:36:17.330, 7, 0, 78641
2026/09/14 06:36:17.831, 6, 0, 78641
2026/09/14 06:36:17.831, 7, 0, 78641
2026/09/14 06:36:18.331, 6, 0, 78641
2026/09/14 06:36:18.331, 7, 0, 78641
2026/09/14 06:36:18.831, 6, 0, 78641
2026/09/14 06:36:18.831, 7, 0, 78641
2026/09/14 06:36:19.331, 6, 0, 78641
2026/09/14 06:36:19.331, 7, 0, 78641
2026/09/14 06:36:19.833, 6, 0, 78641
2026/09/14 06:36:19.833, 7, 0, 78641
2026/09/14 06:36:20.333, 6, 0, 78641
2026/09/14 06:36:20.333, 7, 0, 78641
2026/09/14 06:36:20.833, 6, 0, 78641
2026/09/14 06:36:20.833, 7, 0, 78641
2026/09/14 06:36:21.334, 6, 0, 78641
2026/09/14 06:36:21.334, 7, 0, 78641
2026/09/14 06:36:21.834, 6, 0, 78641
2026/09/14 06:36:21.834, 7, 0, 78641
2026/09/14 06:36:22.334, 6, 0, 78641
2026/09/14 06:36:22.334, 7, 0, 78641
2026/09/14 06:36:22.834, 6, 0, 78641
2026/09/14 06:36:22.834, 7, 0, 78641
2026/09/14 06:36:23.334, 6, 0, 78641
2026/09/14 06:36:23.334, 7, 0, 78641
2026/09/14 06:36:23.835, 6, 0, 78641
2026/09/14 06:36:23.835, 7, 0, 78641
2026/09/14 06:36:24.335, 6, 0, 78641
2026/09/14 06:36:24.335, 7, 0, 78641
2026/09/14 06:36:24.836, 6, 0, 78641
2026/09/14 06:36:24.836, 7, 0, 78641
2026/09/14 06:36:25.336, 6, 0, 78641
2026/09/14 06:36:25.336, 7, 0, 78641
2026/09/14 06:36:25.836, 6, 21, 78641
2026/09/14 06:36:25.836, 7, 31, 78641
2026/09/14 06:36:26.336, 6, 10, 78641
2026/09/14 06:36:26.337, 7, 0, 78641
2026/09/14 06:36:26.837, 6, 0, 78641
2026/09/14 06:36:26.837, 7, 0, 78641
2026/09/14 06:36:27.337, 6, 0, 78641
2026/09/14 06:36:27.337, 7, 0, 78641
2026/09/14 06:36:27.837, 6, 0, 78641
2026/09/14 06:36:27.837, 7, 0, 78641
2026/09/14 06:36:28.337, 6, 0, 78641
2026/09/14 06:36:28.338, 7, 0, 78641
2026/09/14 06:36:28.838, 6, 0, 78641
2026/09/14 06:36:28.838, 7, 0, 78641
2026/09/14 06:36:29.338, 6, 0, 78641
2026/09/14 06:36:29.338, 7, 0, 78641
2026/09/14 06:36:29.838, 6, 0, 78641
2026/09/14 06:36:29.838, 7, 0, 78641
2026/09/14 06:36:30.338, 6, 0, 78641
2026/09/14 06:36:30.338, 7, 0, 78641
2026/09/14 06:36:30.838, 6, 0, 78641
2026/09/14 06:36:30.839, 7, 0, 78641
2026/09/14 06:36:31.339, 6, 0, 78641
2026/09/14 06:36:31.339, 7, 0, 78641
2026/09/14 06:36:31.839, 6, 0, 78641
2026/09/14 06:36:31.839, 7, 0, 78641
2026/09/14 06:36:32.339, 6, 0, 78641
2026/09/14 06:36:32.339, 7, 0, 78641
2026/09/14 06:36:32.839, 6, 0, 78641
2026/09/14 06:36:32.839, 7, 0, 78641
2026/09/14 06:36:33.340, 6, 0, 78641
2026/09/14 06:36:33.341, 7, 0, 78641
2026/09/14 06:36:33.841, 6, 0, 78641
2026/09/14 06:36:33.841, 7, 0, 78641
2026/09/14 06:36:34.341, 6, 0, 78641
2026/09/14 06:36:34.341, 7, 24, 78641
2026/09/14 06:36:34.841, 6, 0, 78641
2026/09/14 06:36:34.841, 7, 0, 78641
2026/09/14 06:36:35.341, 6, 0, 78641
2026/09/14 06:36:35.341, 7, 0, 78641
2026/09/14 06:36:35.841, 6, 0, 78641
2026/09/14 06:36:35.842, 7, 0, 78641
2026/09/14 06:36:36.342, 6, 0, 78641
2026/09/14 06:36:36.342, 7, 0, 78641
2026/09/14 06:36:36.842, 6, 1, 78641
2026/09/14 06:36:36.843, 7, 3, 78641
2026/09/14 06:36:37.343, 6, 0, 78641
2026/09/14 06:36:37.343, 7, 0, 78641
2026/09/14 06:36:37.843, 6, 9, 78641
2026/09/14 06:36:37.843, 7, 9, 78641
2026/09/14 06:36:38.343, 6, 0, 78641
2026/09/14 06:36:38.343, 7, 0, 78641
2026/09/14 06:36:38.844, 6, 0, 78641
2026/09/14 06:36:38.844, 7, 0, 78641
2026/09/14 06:36:39.344, 6, 4, 78641
2026/09/14 06:36:39.345, 7, 1, 78641
2026/09/14 06:36:39.845, 6, 31, 78641
2026/09/14 06:36:39.845, 7, 31, 78641
2026/09/14 06:36:40.345, 6, 0, 78641
2026/09/14 06:36:40.345, 7, 0, 78641
2026/09/14 06:36:40.845, 6, 0, 78641
2026/09/14 06:36:40.846, 7, 0, 78641
2026/09/14 06:36:41.346, 6, 0, 78641
2026/09/14 06:36:41.346, 7, 0, 78641
2026/09/14 06:36:41.846, 6, 0, 78641
2026/09/14 06:36:41.846, 7, 0, 78641
2026/09/14 06:36:42.347, 6, 0, 78641
2026/09/14 06:36:42.347, 7, 0, 78641
2026/09/14 06:36:42.847, 6, 0, 78641
2026/09/14 06:36:42.847, 7, 0, 78641
2026/09/14 06:36:43.347, 6, 0, 78641
2026/09/14 06:36:43.347, 7, 0, 78641
2026/09/14 06:36:43.847, 6, 0, 78641
2026/09/14 06:36:43.847, 7, 0, 78641
2026/09/14 06:36:44.347, 6, 0, 78641
2026/09/14 06:36:44.347, 7, 0, 78641
2026/09/14 06:36:44.848, 6, 0, 78641
2026/09/14 06:36:44.848, 7, 0, 78641
2026/09/14 06:36:45.349, 6, 0, 78641
2026/09/14 06:36:45.349, 7, 0, 78641
2026/09/14 06:36:45.850, 6, 0, 78641
2026/09/14 06:36:45.850, 7, 0, 78641
2026/09/14 06:36:46.350, 6, 0, 78641
2026/09/14 06:36:46.350, 7, 0, 78641
2026/09/14 06:36:46.850, 6, 0, 78641
2026/09/14 06:36:46.850, 7, 0, 78641
2026/09/14 06:36:47.350, 6, 0, 78641
2026/09/14 06:36:47.351, 7, 0, 78641
2026/09/14 06:36:47.851, 6, 0, 78641
2026/09/14 06:36:47.851, 7, 0, 78641
2026/09/14 06:36:48.351, 6, 0, 78641
2026/09/14 06:36:48.351, 7, 0, 78641
2026/09/14 06:36:48.852, 6, 3, 78641
2026/09/14 06:36:48.852, 7, 3, 78641
2026/09/14 06:36:49.352, 6, 0, 78641
2026/09/14 06:36:49.352, 7, 0, 78641
2026/09/14 06:36:49.852, 6, 0, 78641
2026/09/14 06:36:49.852, 7, 0, 78641
2026/09/14 06:36:50.353, 6, 0, 78641
2026/09/14 06:36:50.353, 7, 0, 78641
2026/09/14 06:36:50.853, 6, 32, 78641
2026/09/14 06:36:50.853, 7, 27, 78641
2026/09/14 06:36:51.353, 6, 30, 78641
2026/09/14 06:36:51.353, 7, 30, 78641
2026/09/14 06:36:51.853, 6, 25, 78641
2026/09/14 06:36:51.854, 7, 30, 78641
2026/09/14 06:36:52.354, 6, 0, 78641
2026/09/14 06:36:52.354, 7, 0, 78641
2026/09/14 06:36:52.854, 6, 0, 78641
2026/09/14 06:36:52.854, 7, 0, 78641
2026/09/14 06:36:53.354, 6, 0, 78641
2026/09/14 06:36:53.355, 7, 0, 78641
2026/09/14 06:36:53.855, 6, 0, 78641
2026/09/14 06:36:53.855, 7, 0, 78641
2026/09/14 06:36:54.356, 6, 0, 78641
2026/09/14 06:36:54.357, 7, 0, 78641
2026/09/14 06:36:54.857, 6, 0, 78641
2026/09/14 06:36:54.857, 7, 0, 78641
2026/09/14 06:36:55.357, 6, 0, 78641
2026/09/14 06:36:55.357, 7, 0, 78641
2026/09/14 06:36:55.857, 6, 0, 78641
2026/09/14 06:36:55.857, 7, 0, 78641
2026/09/14 06:36:56.357, 6, 0, 78641
2026/09/14 06:36:56.357, 7, 0, 78641
2026/09/14 06:36:56.858, 6, 0, 78641
2026/09/14 06:36:56.858, 7, 0, 78641
2026/09/14 06:36:57.358, 6, 0, 78641
2026/09/14 06:36:57.358, 7, 0, 78641
2026/09/14 06:36:57.858, 6, 0, 78641
2026/09/14 06:36:57.858, 7, 0, 78641
2026/09/14 06:36:58.358, 6, 0, 78641
2026/09/14 06:36:58.358, 7, 0, 78641
2026/09/14 06:36:58.858, 6, 0, 78641
2026/09/14 06:36:58.859, 7, 0, 78641
2026/09/14 06:36:59.360, 6, 0, 78641
2026/09/14 06:36:59.360, 7, 0, 78641
2026/09/14 06:36:59.860, 6, 0, 78641
2026/09/14 06:36:59.861, 7, 0, 78641
2026/09/14 06:37:00.361, 6, 0, 78641
2026/09/14 06:37:00.361, 7, 0, 78641
2026/09/14 06:37:00.861, 6, 0, 78641
2026/09/14 06:37:00.861, 7, 0, 78641
2026/09/14 06:37:01.361, 6, 0, 78641
2026/09/14 06:37:01.361, 7, 0, 78641
2026/09/14 06:37:01.861, 6, 0, 78641
2026/09/14 06:37:01.862, 7, 0, 78641
2026/09/14 06:37:02.362, 6, 0, 78641
2026/09/14 06:37:02.363, 7, 0, 78641
2026/09/14 06:37:02.863, 6, 0, 78641
2026/09/14 06:37:02.863, 7, 0, 78641
2026/09/14 06:37:03.363, 6, 0, 78641
2026/09/14 06:37:03.363, 7, 0, 78641
2026/09/14 06:37:03.863, 6, 0, 78641
2026/09/14 06:37:03.863, 7, 0, 78641
2026/09/14 06:37:04.363, 6, 0, 78641
2026/09/14 06:37:04.363, 7, 0, 78641
2026/09/14 06:37:04.863, 6, 0, 78641
2026/09/14 06:37:04.863, 7, 0, 78641
2026/09/14 06:37:05.364, 6, 0, 78641
2026/09/14 06:37:05.364, 7, 0, 78641
2026/09/14 06:37:05.864, 6, 0, 78641
2026/09/14 06:37:05.864, 7, 0, 78641
2026/09/14 06:37:06.364, 6, 0, 78641
2026/09/14 06:37:06.364, 7, 0, 78641
2026/09/14 06:37:06.865, 6, 0, 78641
2026/09/14 06:37:06.865, 7, 0, 78641
2026/09/14 06:37:07.365, 6, 0, 78641
2026/09/14 06:37:07.365, 7, 0, 78641
2026/09/14 06:37:07.865, 6, 0, 78641
2026/09/14 06:37:07.865, 7, 0, 78641
2026/09/14 06:37:08.365, 6, 29, 78641
2026/09/14 06:37:08.366, 7, 30, 78641
2026/09/14 06:37:08.866, 6, 10, 78641
2026/09/14 06:37:08.866, 7, 0, 78641
2026/09/14 06:37:09.366, 6, 0, 78641
2026/09/14 06:37:09.366, 7, 0, 78641
2026/09/14 06:37:09.866, 6, 0, 78641
2026/09/14 06:37:09.873, 7, 0, 78641
2026/09/14 06:37:10.373, 6, 0, 78641
2026/09/14 06:37:10.373, 7, 0, 78641
2026/09/14 06:37:10.873, 6, 0, 78641
2026/09/14 06:37:10.873, 7, 0, 78641
2026/09/14 06:37:11.373, 6, 0, 78641
2026/09/14 06:37:11.373, 7, 0, 78641
2026/09/14 06:37:11.873, 6, 0, 78641
2026/09/14 06:37:11.873, 7, 0, 78641
2026/09/14 06:37:12.374, 6, 0, 78641
2026/09/14 06:37:12.374, 7, 0, 78641
2026/09/14 06:37:12.874, 6, 0, 78641
2026/09/14 06:37:12.874, 7, 0, 78641
2026/09/14 06:37:13.374, 6, 0, 78641
2026/09/14 06:37:13.374, 7, 0, 78641
2026/09/14 06:37:13.874, 6, 0, 78641
2026/09/14 06:37:13.874, 7, 0, 78641
2026/09/14 06:37:14.374, 6, 0, 78641
2026/09/14 06:37:14.374, 7, 0, 78641
2026/09/14 06:37:14.875, 6, 0, 78641
2026/09/14 06:37:14.875, 7, 0, 78641
2026/09/14 06:37:15.375, 6, 0, 78641
2026/09/14 06:37:15.375, 7, 0, 78641
2026/09/14 06:37:15.875, 6, 0, 78641
2026/09/14 06:37:15.875, 7, 0, 78641
2026/09/14 06:37:16.375, 6, 0, 78641
2026/09/14 06:37:16.375, 7, 0, 78641
2026/09/14 06:37:16.876, 6, 0, 78641
2026/09/14 06:37:16.876, 7, 23, 78641
2026/09/14 06:37:17.376, 6, 0, 78641
2026/09/14 06:37:17.376, 7, 0, 78641
2026/09/14 06:37:17.876, 6, 0, 78641
2026/09/14 06:37:17.876, 7, 0, 78641
2026/09/14 06:37:18.377, 6, 0, 78641
2026/09/14 06:37:18.377, 7, 0, 78641
2026/09/14 06:37:18.877, 6, 0, 78641
2026/09/14 06:37:18.877, 7, 0, 78641
2026/09/14 06:37:19.377, 6, 0, 78641
2026/09/14 06:37:19.377, 7, 0, 78641
2026/09/14 06:37:19.877, 6, 0, 78641
2026/09/14 06:37:19.877, 7, 0, 78641
2026/09/14 06:37:20.378, 6, 0, 78641
2026/09/14 06:37:20.378, 7, 0, 78641
2026/09/14 06:37:20.878, 6, 0, 78641
2026/09/14 06:37:20.878, 7, 0, 78641
2026/09/14 06:37:21.378, 6, 0, 78641
2026/09/14 06:37:21.379, 7, 0, 78641
2026/09/14 06:37:21.879, 6, 2, 78641
2026/09/14 06:37:21.879, 7, 1, 78641
2026/09/14 06:37:22.379, 6, 29, 78641
2026/09/14 06:37:22.379, 7, 29, 78641
2026/09/14 06:37:22.879, 6, 0, 78641
2026/09/14 06:37:22.879, 7, 0, 78641
2026/09/14 06:37:23.380, 6, 0, 78641
2026/09/14 06:37:23.380, 7, 0, 78641
2026/09/14 06:37:23.880, 6, 0, 78641
2026/09/14 06:37:23.880, 7, 0, 78641
2026/09/14 06:37:24.380, 6, 0, 78641
2026/09/14 06:37:24.380, 7, 0, 78641
2026/09/14 06:37:24.881, 6, 0, 78641
2026/09/14 06:37:24.881, 7, 0, 78641
2026/09/14 06:37:25.381, 6, 0, 78641
2026/09/14 06:37:25.381, 7, 0, 78641
2026/09/14 06:37:25.881, 6, 0, 78641
2026/09/14 06:37:25.881, 7, 0, 78641
2026/09/14 06:37:26.381, 6, 0, 78641
2026/09/14 06:37:26.382, 7, 0, 78641
2026/09/14 06:37:26.882, 6, 0, 78641
2026/09/14 06:37:26.882, 7, 0, 78641
2026/09/14 06:37:27.382, 6, 0, 78641
2026/09/14 06:37:27.382, 7, 0, 78641
2026/09/14 06:37:27.882, 6, 0, 78641
2026/09/14 06:37:27.882, 7, 0, 78641
2026/09/14 06:37:28.382, 6, 0, 78641
2026/09/14 06:37:28.382, 7, 0, 78641
2026/09/14 06:37:28.883, 6, 0, 78641
2026/09/14 06:37:28.883, 7, 0, 78641
2026/09/14 06:37:29.383, 6, 0, 78641
2026/09/14 06:37:29.383, 7, 0, 78641
2026/09/14 06:37:29.883, 6, 0, 78641
2026/09/14 06:37:29.883, 7, 0, 78641
2026/09/14 06:37:30.383, 6, 0, 78641
2026/09/14 06:37:30.383, 7, 0, 78641
2026/09/14 06:37:30.884, 6, 0, 78641
2026/09/14 06:37:30.885, 7, 4, 78641
2026/09/14 06:37:31.385, 6, 2, 78641
2026/09/14 06:37:31.385, 7, 0, 78641
2026/09/14 06:37:31.885, 6, 0, 78641
2026/09/14 06:37:31.885, 7, 1, 78641
2026/09/14 06:37:32.386, 6, 0, 78641
2026/09/14 06:37:32.386, 7, 0, 78641
2026/09/14 06:37:32.886, 6, 3, 78641
2026/09/14 06:37:32.886, 7, 6, 78641
2026/09/14 06:37:33.386, 6, 31, 78641
2026/09/14 06:37:33.386, 7, 31, 78641
2026/09/14 06:37:33.886, 6, 29, 78641
2026/09/14 06:37:33.887, 7, 29, 78641
2026/09/14 06:37:34.387, 6, 6, 78641
2026/09/14 06:37:34.389, 7, 5, 78641
2026/09/14 06:37:34.890, 6, 0, 78641
2026/09/14 06:37:34.890, 7, 0, 78641
2026/09/14 06:37:35.390, 6, 0, 78641
2026/09/14 06:37:35.391, 7, 0, 78641
2026/09/14 06:37:35.891, 6, 0, 78641
2026/09/14 06:37:35.891, 7, 0, 78641
2026/09/14 06:37:36.391, 6, 0, 78641
2026/09/14 06:37:36.391, 7, 0, 78641
2026/09/14 06:37:36.891, 6, 0, 78641
2026/09/14 06:37:36.891, 7, 0, 78641
2026/09/14 06:37:37.392, 6, 0, 78641
2026/09/14 06:37:37.392, 7, 0, 78641
2026/09/14 06:37:37.892, 6, 0, 78641
2026/09/14 06:37:37.892, 7, 0, 78641
2026/09/14 06:37:38.392, 6, 0, 78641
2026/09/14 06:37:38.392, 7, 0, 78641
2026/09/14 06:37:38.892, 6, 0, 78641
2026/09/14 06:37:38.892, 7, 0, 78641
2026/09/14 06:37:39.392, 6, 0, 78641
2026/09/14 06:37:39.393, 7, 0, 78641
2026/09/14 06:37:39.893, 6, 0, 78641
2026/09/14 06:37:39.893, 7, 0, 78641
2026/09/14 06:37:40.393, 6, 0, 78641
2026/09/14 06:37:40.393, 7, 0, 78641
2026/09/14 06:37:40.895, 6, 0, 78641
2026/09/14 06:37:40.895, 7, 0, 78641
2026/09/14 06:37:41.395, 6, 0, 78641
2026/09/14 06:37:41.395, 7, 0, 78641
2026/09/14 06:37:41.895, 6, 0, 78641
2026/09/14 06:37:41.895, 7, 0, 78641
2026/09/14 06:37:42.395, 6, 0, 78641
2026/09/14 06:37:42.397, 7, 0, 78641
2026/09/14 06:37:42.898, 6, 0, 78641
2026/09/14 06:37:42.898, 7, 0, 78641
2026/09/14 06:37:43.398, 6, 0, 78641
2026/09/14 06:37:43.400, 7, 0, 78641
2026/09/14 06:37:43.900, 6, 0, 78641
2026/09/14 06:37:43.900, 7, 0, 78641
2026/09/14 06:37:44.400, 6, 0, 78641
2026/09/14 06:37:44.400, 7, 0, 78641
2026/09/14 06:37:44.900, 6, 0, 78641
2026/09/14 06:37:44.900, 7, 0, 78641
2026/09/14 06:37:45.400, 6, 0, 78641
2026/09/14 06:37:45.400, 7, 0, 78641
2026/09/14 06:37:45.901, 6, 0, 78641
2026/09/14 06:37:45.901, 7, 0, 78641
2026/09/14 06:37:46.401, 6, 0, 78641
2026/09/14 06:37:46.401, 7, 0, 78641
2026/09/14 06:37:46.901, 6, 0, 78641
2026/09/14 06:37:46.901, 7, 0, 78641
2026/09/14 06:37:47.402, 6, 0, 78641
2026/09/14 06:37:47.402, 7, 0, 78641
2026/09/14 06:37:47.903, 6, 0, 78641
2026/09/14 06:37:47.903, 7, 0, 78641
2026/09/14 06:37:48.404, 6, 0, 78641
2026/09/14 06:37:48.404, 7, 0, 78641
2026/09/14 06:37:48.904, 6, 0, 78641
2026/09/14 06:37:48.904, 7, 0, 78641
2026/09/14 06:37:49.404, 6, 0, 78641
2026/09/14 06:37:49.404, 7, 0, 78641
2026/09/14 06:37:49.904, 6, 0, 78641
2026/09/14 06:37:49.904, 7, 0, 78641
2026/09/14 06:37:50.404, 6, 0, 78641
2026/09/14 06:37:50.404, 7, 0, 78641
2026/09/14 06:37:50.904, 6, 24, 78641
2026/09/14 06:37:50.905, 7, 21, 78641
2026/09/14 06:37:51.405, 6, 0, 78641
2026/09/14 06:37:51.405, 7, 0, 78641
2026/09/14 06:37:51.905, 6, 0, 78641
2026/09/14 06:37:51.905, 7, 0, 78641
2026/09/14 06:37:52.405, 6, 0, 78641
2026/09/14 06:37:52.405, 7, 0, 78641
2026/09/14 06:37:52.905, 6, 0, 78641
2026/09/14 06:37:52.906, 7, 0, 78641
2026/09/14 06:37:53.406, 6, 0, 78641
2026/09/14 06:37:53.406, 7, 0, 78641
2026/09/14 06:37:53.906, 6, 0, 78641
2026/09/14 06:37:53.906, 7, 0, 78641
2026/09/14 06:37:54.406, 6, 0, 78641
2026/09/14 06:37:54.407, 7, 0, 78641
2026/09/14 06:37:54.907, 6, 0, 78641
2026/09/14 06:37:54.908, 7, 0, 78641
2026/09/14 06:37:55.408, 6, 0, 78641
2026/09/14 06:37:55.408, 7, 0, 78641
2026/09/14 06:37:55.909, 6, 0, 78641
2026/09/14 06:37:55.909, 7, 0, 78641
2026/09/14 06:37:56.409, 6, 0, 78641
2026/09/14 06:37:56.409, 7, 0, 78641
2026/09/14 06:37:56.909, 6, 0, 78641
2026/09/14 06:37:56.909, 7, 0, 78641
2026/09/14 06:37:57.409, 6, 0, 78641
2026/09/14 06:37:57.409, 7, 0, 78641
2026/09/14 06:37:57.909, 6, 0, 78641
2026/09/14 06:37:57.910, 7, 0, 78641
2026/09/14 06:37:58.410, 6, 0, 78641
2026/09/14 06:37:58.410, 7, 0, 78641
2026/09/14 06:37:58.910, 6, 0, 78641
2026/09/14 06:37:58.910, 7, 0, 78641
2026/09/14 06:37:59.410, 6, 21, 78641
2026/09/14 06:37:59.411, 7, 3, 78641
2026/09/14 06:37:59.911, 6, 0, 78641
2026/09/14 06:37:59.911, 7, 0, 78641
2026/09/14 06:38:00.411, 6, 0, 78641
2026/09/14 06:38:00.411, 7, 0, 78641
2026/09/14 06:38:00.911, 6, 0, 78641
2026/09/14 06:38:00.911, 7, 0, 78641
2026/09/14 06:38:01.411, 6, 0, 78641
2026/09/14 06:38:01.411, 7, 12, 78641
2026/09/14 06:38:01.911, 6, 0, 78641
2026/09/14 06:38:01.912, 7, 0, 78641
2026/09/14 06:38:02.412, 6, 0, 78641
2026/09/14 06:38:02.413, 7, 0, 78641
2026/09/14 06:38:02.913, 6, 0, 78641
2026/09/14 06:38:02.913, 7, 0, 78641
2026/09/14 06:38:03.413, 6, 9, 78641
2026/09/14 06:38:03.413, 7, 9, 78641
2026/09/14 06:38:03.913, 6, 0, 78641
2026/09/14 06:38:03.914, 7, 0, 78641
2026/09/14 06:38:04.415, 6, 12, 78641
2026/09/14 06:38:04.415, 7, 11, 78641
2026/09/14 06:38:04.915, 6, 0, 78641
2026/09/14 06:38:04.916, 7, 0, 78641
2026/09/14 06:38:05.416, 6, 0, 78641
2026/09/14 06:38:05.416, 7, 0, 78641
2026/09/14 06:38:05.916, 6, 0, 78641
2026/09/14 06:38:05.916, 7, 0, 78641
2026/09/14 06:38:06.416, 6, 0, 78641
2026/09/14 06:38:06.416, 7, 0, 78641
2026/09/14 06:38:06.916, 6, 3, 78641
2026/09/14 06:38:06.916, 7, 3, 78641
2026/09/14 06:38:07.416, 6, 3, 78641
2026/09/14 06:38:07.417, 7, 3, 78641
2026/09/14 06:38:07.917, 6, 24, 78641
2026/09/14 06:38:07.917, 7, 0, 78641
2026/09/14 06:38:08.417, 6, 29, 78641
2026/09/14 06:38:08.418, 7, 30, 78641
2026/09/14 06:38:08.918, 6, 0, 78641
2026/09/14 06:38:08.918, 7, 0, 78641
2026/09/14 06:38:09.418, 6, 0, 78641
2026/09/14 06:38:09.418, 7, 0, 78641
2026/09/14 06:38:09.918, 6, 0, 78641
2026/09/14 06:38:09.918, 7, 0, 78641
2026/09/14 06:38:10.418, 6, 0, 78641
2026/09/14 06:38:10.418, 7, 0, 78641
2026/09/14 06:38:10.919, 6, 0, 78641
2026/09/14 06:38:10.919, 7, 0, 78641
2026/09/14 06:38:11.419, 6, 0, 78641
2026/09/14 06:38:11.419, 7, 0, 78641
2026/09/14 06:38:11.919, 6, 0, 78641
2026/09/14 06:38:11.919, 7, 0, 78641
2026/09/14 06:38:12.419, 6, 0, 78641
2026/09/14 06:38:12.420, 7, 0, 78641
2026/09/14 06:38:12.920, 6, 0, 78641
2026/09/14 06:38:12.920, 7, 0, 78641
2026/09/14 06:38:13.420, 6, 0, 78641
2026/09/14 06:38:13.420, 7, 0, 78641
2026/09/14 06:38:13.920, 6, 0, 78641
2026/09/14 06:38:13.920, 7, 0, 78641
2026/09/14 06:38:14.420, 6, 0, 78641
2026/09/14 06:38:14.421, 7, 0, 78641
2026/09/14 06:38:14.922, 6, 0, 78641
2026/09/14 06:38:14.922, 7, 0, 78641
2026/09/14 06:38:15.422, 6, 0, 78641
2026/09/14 06:38:15.422, 7, 0, 78641
2026/09/14 06:38:15.922, 6, 0, 78641
2026/09/14 06:38:15.922, 7, 0, 78641
2026/09/14 06:38:16.422, 6, 0, 78641
2026/09/14 06:38:16.424, 7, 0, 78641
2026/09/14 06:38:16.925, 6, 0, 78641
2026/09/14 06:38:16.926, 7, 0, 78641
2026/09/14 06:38:17.426, 6, 2, 78641
2026/09/14 06:38:17.426, 7, 2, 78641
2026/09/14 06:38:17.926, 6, 0, 78641
2026/09/14 06:38:17.926, 7, 0, 78641
2026/09/14 06:38:18.426, 6, 0, 78641
2026/09/14 06:38:18.426, 7, 0, 78641
2026/09/14 06:38:18.926, 6, 0, 78641
2026/09/14 06:38:18.926, 7, 0, 78641
2026/09/14 06:38:19.427, 6, 28, 78641
2026/09/14 06:38:19.427, 7, 28, 78641
2026/09/14 06:38:19.927, 6, 25, 78641
2026/09/14 06:38:19.927, 7, 19, 78641
2026/09/14 06:38:20.427, 6, 6, 78641
2026/09/14 06:38:20.427, 7, 0, 78641
2026/09/14 06:38:20.927, 6, 0, 78641
2026/09/14 06:38:20.927, 7, 0, 78641
2026/09/14 06:38:21.427, 6, 0, 78641
2026/09/14 06:38:21.427, 7, 0, 78641
2026/09/14 06:38:21.928, 6, 0, 78641
2026/09/14 06:38:21.928, 7, 0, 78641
2026/09/14 06:38:22.428, 6, 0, 78641
2026/09/14 06:38:22.429, 7, 0, 78641
2026/09/14 06:38:22.929, 6, 0, 78641
2026/09/14 06:38:22.929, 7, 0, 78641
2026/09/14 06:38:23.429, 6, 0, 78641
2026/09/14 06:38:23.429, 7, 0, 78641
2026/09/14 06:38:23.930, 6, 0, 78641
2026/09/14 06:38:23.930, 7, 0, 78641
2026/09/14 06:38:24.430, 6, 0, 78641
2026/09/14 06:38:24.430, 7, 0, 78641
2026/09/14 06:38:24.930, 6, 0, 78641
2026/09/14 06:38:24.930, 7, 0, 78641
2026/09/14 06:38:25.431, 6, 0, 78641
2026/09/14 06:38:25.431, 7, 0, 78641
2026/09/14 06:38:25.931, 6, 0, 78641
2026/09/14 06:38:25.931, 7, 0, 78641
2026/09/14 06:38:26.431, 6, 0, 78641
2026/09/14 06:38:26.431, 7, 0, 78641
2026/09/14 06:38:26.931, 6, 0, 78641
2026/09/14 06:38:26.931, 7, 0, 78641
2026/09/14 06:38:27.431, 6, 0, 78641
2026/09/14 06:38:27.431, 7, 0, 78641
2026/09/14 06:38:27.932, 6, 0, 78641
2026/09/14 06:38:27.932, 7, 0, 78641
2026/09/14 06:38:28.432, 6, 0, 78641
2026/09/14 06:38:28.432, 7, 0, 78641
2026/09/14 06:38:28.932, 6, 0, 78641
2026/09/14 06:38:28.932, 7, 0, 78641
2026/09/14 06:38:29.432, 6, 0, 78641
2026/09/14 06:38:29.433, 7, 0, 78641
2026/09/14 06:38:29.934, 6, 0, 78641
2026/09/14 06:38:29.934, 7, 0, 78641
2026/09/14 06:38:30.435, 6, 0, 78641
2026/09/14 06:38:30.435, 7, 0, 78641
2026/09/14 06:38:30.936, 6, 0, 78641
2026/09/14 06:38:30.936, 7, 0, 78641
2026/09/14 06:38:31.436, 6, 0, 78641
2026/09/14 06:38:31.436, 7, 0, 78641
2026/09/14 06:38:31.936, 6, 0, 78641
2026/09/14 06:38:31.936, 7, 0, 78641
2026/09/14 06:38:32.436, 6, 0, 78641
2026/09/14 06:38:32.436, 7, 0, 78641
2026/09/14 06:38:32.936, 6, 0, 78641
2026/09/14 06:38:32.937, 7, 0, 78641
2026/09/14 06:38:33.437, 6, 0, 78641
2026/09/14 06:38:33.437, 7, 0, 78641
2026/09/14 06:38:33.937, 6, 0, 78641
2026/09/14 06:38:33.937, 7, 0, 78641
2026/09/14 06:38:34.437, 6, 0, 78641
2026/09/14 06:38:34.437, 7, 0, 78641
2026/09/14 06:38:34.937, 6, 0, 78641
2026/09/14 06:38:34.937, 7, 0, 78641
2026/09/14 06:38:35.438, 6, 0, 78641
2026/09/14 06:38:35.438, 7, 0, 78641
2026/09/14 06:38:35.938, 6, 0, 78641
2026/09/14 06:38:35.939, 7, 0, 78641
2026/09/14 06:38:36.441, 6, 0, 78641
2026/09/14 06:38:36.441, 7, 11, 78641
2026/09/14 06:38:36.941, 6, 29, 78641
2026/09/14 06:38:36.941, 7, 16, 78641
2026/09/14 06:38:37.441, 6, 0, 78641
2026/09/14 06:38:37.441, 7, 0, 78641
2026/09/14 06:38:37.942, 6, 0, 78641
2026/09/14 06:38:37.942, 7, 0, 78641
2026/09/14 06:38:38.443, 6, 0, 78641
2026/09/14 06:38:38.443, 7, 0, 78641
2026/09/14 06:38:38.943, 6, 0, 78641
2026/09/14 06:38:38.943, 7, 0, 78641
2026/09/14 06:38:39.443, 6, 0, 78641
2026/09/14 06:38:39.443, 7, 0, 78641
2026/09/14 06:38:39.943, 6, 0, 78641
2026/09/14 06:38:39.943, 7, 0, 78641
2026/09/14 06:38:40.443, 6, 0, 78641
2026/09/14 06:38:40.444, 7, 0, 78641
2026/09/14 06:38:40.944, 6, 0, 78641
2026/09/14 06:38:40.944, 7, 0, 78641
2026/09/14 06:38:41.444, 6, 0, 78641
2026/09/14 06:38:41.444, 7, 0, 78641
2026/09/14 06:38:41.944, 6, 0, 78641
2026/09/14 06:38:41.944, 7, 0, 78641
2026/09/14 06:38:42.444, 6, 0, 78641
2026/09/14 06:38:42.444, 7, 0, 78641
2026/09/14 06:38:42.944, 6, 0, 78641
2026/09/14 06:38:42.945, 7, 0, 78641
2026/09/14 06:38:43.445, 6, 0, 78641
2026/09/14 06:38:43.445, 7, 0, 78641
2026/09/14 06:38:43.945, 6, 0, 78641
2026/09/14 06:38:43.945, 7, 0, 78641
2026/09/14 06:38:44.445, 6, 0, 78641
2026/09/14 06:38:44.445, 7, 0, 78641
2026/09/14 06:38:44.945, 6, 0, 78641
2026/09/14 06:38:44.946, 7, 0, 78641
2026/09/14 06:38:45.447, 6, 21, 78641
2026/09/14 06:38:45.447, 7, 2, 78641
2026/09/14 06:38:45.947, 6, 0, 78641
2026/09/14 06:38:45.947, 7, 0, 78641
2026/09/14 06:38:46.447, 6, 0, 78641
2026/09/14 06:38:46.447, 7, 0, 78641
2026/09/14 06:38:46.947, 6, 0, 78641
2026/09/14 06:38:46.947, 7, 0, 78641
2026/09/14 06:38:47.448, 6, 0, 78641
2026/09/14 06:38:47.448, 7, 0, 78641
2026/09/14 06:38:47.948, 6, 0, 78641
2026/09/14 06:38:47.948, 7, 0, 78641
2026/09/14 06:38:48.448, 6, 0, 78641
2026/09/14 06:38:48.448, 7, 0, 78641
2026/09/14 06:38:48.948, 6, 0, 78641
2026/09/14 06:38:48.948, 7, 0, 78641
2026/09/14 06:38:49.448, 6, 9, 78641
2026/09/14 06:38:49.448, 7, 9, 78641
2026/09/14 06:38:49.949, 6, 0, 78641
2026/09/14 06:38:49.949, 7, 0, 78641
2026/09/14 06:38:50.449, 6, 30, 78641
2026/09/14 06:38:50.449, 7, 26, 78641
2026/09/14 06:38:50.949, 6, 100, 78641
2026/09/14 06:38:50.949, 7, 100, 78641
2026/09/14 06:38:51.449, 6, 100, 78641
2026/09/14 06:38:51.449, 7, 100, 78641
2026/09/14 06:38:51.949, 6, 75, 78641
2026/09/14 06:38:51.949, 7, 78, 78641
2026/09/14 06:38:52.449, 6, 99, 78641
2026/09/14 06:38:52.450, 7, 99, 78641
2026/09/14 06:38:52.950, 6, 100, 78641
2026/09/14 06:38:52.950, 7, 100, 78641
2026/09/14 06:38:53.450, 6, 100, 78641
2026/09/14 06:38:53.450, 7, 100, 78641
2026/09/14 06:38:53.950, 6, 99, 78641
2026/09/14 06:38:53.950, 7, 100, 78641
2026/09/14 06:38:54.450, 6, 100, 78641
2026/09/14 06:38:54.451, 7, 100, 78641
2026/09/14 06:38:54.951, 6, 100, 78641
2026/09/14 06:38:54.951, 7, 100, 78641
2026/09/14 06:38:55.452, 6, 56, 78641
2026/09/14 06:38:55.452, 7, 56, 78641
2026/09/14 06:38:55.952, 6, 100, 78641
2026/09/14 06:38:55.953, 7, 100, 78641
2026/09/14 06:38:56.454, 6, 100, 78641
2026/09/14 06:38:56.454, 7, 100, 78641
2026/09/14 06:38:56.954, 6, 98, 78641
2026/09/14 06:38:56.954, 7, 100, 78641
2026/09/14 06:38:57.454, 6, 99, 78641
2026/09/14 06:38:57.454, 7, 100, 78641
2026/09/14 06:38:57.955, 6, 100, 78641
2026/09/14 06:38:57.955, 7, 100, 78641
2026/09/14 06:38:58.455, 6, 100, 78641
2026/09/14 06:38:58.455, 7, 100, 78641
2026/09/14 06:38:58.955, 6, 99, 78641
2026/09/14 06:38:58.955, 7, 99, 78641
2026/09/14 06:38:59.455, 6, 100, 78641
2026/09/14 06:38:59.455, 7, 100, 78641
2026/09/14 06:38:59.955, 6, 100, 78641
2026/09/14 06:38:59.955, 7, 100, 78641
2026/09/14 06:39:00.456, 6, 72, 78641
2026/09/14 06:39:00.456, 7, 72, 78641
2026/09/14 06:39:00.956, 6, 100, 78641
2026/09/14 06:39:00.956, 7, 100, 78641
2026/09/14 06:39:01.456, 6, 100, 78641
2026/09/14 06:39:01.456, 7, 100, 78641
2026/09/14 06:39:01.956, 6, 89, 78641
2026/09/14 06:39:01.956, 7, 91, 78641
2026/09/14 06:39:02.457, 6, 99, 78641
2026/09/14 06:39:02.457, 7, 99, 78641
2026/09/14 06:39:02.957, 6, 100, 78641
2026/09/14 06:39:02.957, 7, 100, 78641
2026/09/14 06:39:03.457, 6, 100, 78641
2026/09/14 06:39:03.457, 7, 100, 78641
2026/09/14 06:39:03.957, 6, 99, 78641
2026/09/14 06:39:03.957, 7, 100, 78641
2026/09/14 06:39:04.458, 6, 100, 78641
2026/09/14 06:39:04.458, 7, 100, 78641
2026/09/14 06:39:04.958, 6, 100, 78641
2026/09/14 06:39:04.958, 7, 100, 78641
2026/09/14 06:39:05.458, 6, 73, 78641
2026/09/14 06:39:05.459, 7, 73, 78641
2026/09/14 06:39:05.959, 6, 100, 78641
2026/09/14 06:39:05.959, 7, 100, 78641
2026/09/14 06:39:06.459, 6, 100, 78641
2026/09/14 06:39:06.459, 7, 100, 78641
2026/09/14 06:39:06.959, 6, 90, 78641
2026/09/14 06:39:06.959, 7, 93, 78641
2026/09/14 06:39:07.459, 6, 99, 78641
2026/09/14 06:39:07.459, 7, 100, 78641
2026/09/14 06:39:07.959, 6, 100, 78641
2026/09/14 06:39:07.959, 7, 100, 78641
2026/09/14 06:39:08.459, 6, 100, 78641
2026/09/14 06:39:08.460, 7, 100, 78641
2026/09/14 06:39:08.960, 6, 99, 78641
2026/09/14 06:39:08.960, 7, 99, 78641
2026/09/14 06:39:09.460, 6, 100, 78641
2026/09/14 06:39:09.460, 7, 100, 78641
2026/09/14 06:39:09.960, 6, 100, 78641
2026/09/14 06:39:09.961, 7, 100, 78641
2026/09/14 06:39:10.461, 6, 91, 78641
2026/09/14 06:39:10.461, 7, 91, 78641
2026/09/14 06:39:10.961, 6, 100, 78641
2026/09/14 06:39:10.961, 7, 100, 78641
2026/09/14 06:39:11.461, 6, 100, 78641
2026/09/14 06:39:11.462, 7, 100, 78641
2026/09/14 06:39:11.962, 6, 100, 78641
2026/09/14 06:39:11.962, 7, 97, 78641
2026/09/14 06:39:12.462, 6, 82, 78641
2026/09/14 06:39:12.462, 7, 99, 78641
2026/09/14 06:39:12.962, 6, 100, 78641
2026/09/14 06:39:12.962, 7, 100, 78641
2026/09/14 06:39:13.462, 6, 100, 78641
2026/09/14 06:39:13.462, 7, 100, 78641
2026/09/14 06:39:13.962, 6, 73, 78641
2026/09/14 06:39:13.963, 7, 100, 78641
2026/09/14 06:39:14.463, 6, 99, 78641
2026/09/14 06:39:14.463, 7, 100, 78641
2026/09/14 06:39:14.963, 6, 100, 78641
2026/09/14 06:39:14.963, 7, 100, 78641
2026/09/14 06:39:15.463, 6, 100, 78641
2026/09/14 06:39:15.463, 7, 63, 78641
2026/09/14 06:39:15.963, 6, 99, 78641
2026/09/14 06:39:15.964, 7, 100, 78641
2026/09/14 06:39:16.465, 6, 100, 78641
2026/09/14 06:39:16.466, 7, 100, 78641
2026/09/14 06:39:16.966, 6, 100, 78641
2026/09/14 06:39:16.966, 7, 100, 78641
2026/09/14 06:39:17.466, 6, 91, 78641
2026/09/14 06:39:17.466, 7, 100, 78641
2026/09/14 06:39:17.966, 6, 100, 78641
2026/09/14 06:39:17.966, 7, 100, 78641
2026/09/14 06:39:18.466, 6, 100, 78641
2026/09/14 06:39:18.467, 7, 100, 78641
2026/09/14 06:39:18.967, 6, 73, 78641
2026/09/14 06:39:18.967, 7, 99, 78641
2026/09/14 06:39:19.467, 6, 99, 78641
2026/09/14 06:39:19.467, 7, 100, 78641
2026/09/14 06:39:19.967, 6, 100, 78641
2026/09/14 06:39:19.968, 7, 100, 78641
2026/09/14 06:39:20.468, 6, 100, 78641
2026/09/14 06:39:20.468, 7, 73, 78641
2026/09/14 06:39:20.968, 6, 99, 78641
2026/09/14 06:39:20.968, 7, 100, 78641
2026/09/14 06:39:21.468, 6, 100, 78641
2026/09/14 06:39:21.468, 7, 100, 78641
2026/09/14 06:39:21.968, 6, 100, 78641
2026/09/14 06:39:21.968, 7, 100, 78641
2026/09/14 06:39:22.468, 6, 61, 78641
2026/09/14 06:39:22.469, 7, 58, 78641
2026/09/14 06:39:22.969, 6, 100, 78641
2026/09/14 06:39:22.969, 7, 100, 78641
2026/09/14 06:39:23.470, 6, 100, 78641
2026/09/14 06:39:23.470, 7, 100, 78641
2026/09/14 06:39:23.970, 6, 91, 78641
2026/09/14 06:39:23.970, 7, 91, 78641
2026/09/14 06:39:24.470, 6, 99, 78641
2026/09/14 06:39:24.470, 7, 100, 78641
2026/09/14 06:39:24.970, 6, 100, 78641
2026/09/14 06:39:24.970, 7, 100, 78641
2026/09/14 06:39:25.471, 6, 100, 78641
2026/09/14 06:39:25.471, 7, 100, 78641
2026/09/14 06:39:25.971, 6, 99, 78641
2026/09/14 06:39:25.971, 7, 99, 78641
2026/09/14 06:39:26.471, 6, 100, 78641
2026/09/14 06:39:26.471, 7, 100, 78641
2026/09/14 06:39:26.971, 6, 100, 78641
2026/09/14 06:39:26.971, 7, 100, 78641
2026/09/14 06:39:27.471, 6, 73, 78641
2026/09/14 06:39:27.471, 7, 71, 78641
2026/09/14 06:39:27.972, 6, 100, 78641
2026/09/14 06:39:27.972, 7, 100, 78641
2026/09/14 06:39:28.472, 6, 100, 78641
2026/09/14 06:39:28.472, 7, 100, 78641
2026/09/14 06:39:28.972, 6, 54, 78641
2026/09/14 06:39:28.972, 7, 54, 78641
2026/09/14 06:39:29.472, 6, 99, 78641
2026/09/14 06:39:29.472, 7, 100, 78641
2026/09/14 06:39:29.972, 6, 100, 78641
2026/09/14 06:39:29.973, 7, 100, 78641
2026/09/14 06:39:30.473, 6, 100, 78641
2026/09/14 06:39:30.473, 7, 100, 78641
2026/09/14 06:39:30.973, 6, 99, 78641
2026/09/14 06:39:30.973, 7, 100, 78641
2026/09/14 06:39:31.473, 6, 100, 78641
2026/09/14 06:39:31.473, 7, 100, 78641
2026/09/14 06:39:31.973, 6, 100, 78641
2026/09/14 06:39:31.974, 7, 100, 78641
2026/09/14 06:39:32.474, 6, 72, 78641
2026/09/14 06:39:32.476, 7, 72, 78641
2026/09/14 06:39:32.976, 6, 100, 78641
2026/09/14 06:39:32.976, 7, 100, 78641
2026/09/14 06:39:33.476, 6, 100, 78641
2026/09/14 06:39:33.476, 7, 100, 78641
2026/09/14 06:39:33.976, 6, 73, 78641
2026/09/14 06:39:33.976, 7, 73, 78641
2026/09/14 06:39:34.476, 6, 99, 78641
2026/09/14 06:39:34.477, 7, 100, 78641
2026/09/14 06:39:34.977, 6, 100, 78641
2026/09/14 06:39:34.977, 7, 100, 78641
2026/09/14 06:39:35.477, 6, 100, 78641
2026/09/14 06:39:35.478, 7, 100, 78641
2026/09/14 06:39:35.978, 6, 99, 78641
2026/09/14 06:39:35.978, 7, 99, 78641
2026/09/14 06:39:36.478, 6, 100, 78641
2026/09/14 06:39:36.478, 7, 100, 78641
2026/09/14 06:39:36.978, 6, 100, 78641
2026/09/14 06:39:36.978, 7, 100, 78641
2026/09/14 06:39:37.478, 6, 90, 78641
2026/09/14 06:39:37.479, 7, 91, 78641
2026/09/14 06:39:37.979, 6, 100, 78641
2026/09/14 06:39:37.979, 7, 100, 78641
2026/09/14 06:39:38.479, 6, 100, 78641
2026/09/14 06:39:38.479, 7, 100, 78641
2026/09/14 06:39:38.979, 6, 73, 78641
2026/09/14 06:39:38.979, 7, 73, 78641
2026/09/14 06:39:39.479, 6, 99, 78641
2026/09/14 06:39:39.479, 7, 99, 78641
2026/09/14 06:39:39.980, 6, 100, 78641
2026/09/14 06:39:39.980, 7, 100, 78641
2026/09/14 06:39:40.480, 6, 100, 78641
2026/09/14 06:39:40.480, 7, 100, 78641
2026/09/14 06:39:40.980, 6, 99, 78641
2026/09/14 06:39:40.981, 7, 100, 78641
2026/09/14 06:39:41.481, 6, 100, 78641
2026/09/14 06:39:41.481, 7, 100, 78641
2026/09/14 06:39:41.981, 6, 100, 78641
2026/09/14 06:39:41.981, 7, 100, 78641
2026/09/14 06:39:42.481, 6, 54, 78641
2026/09/14 06:39:42.481, 7, 54, 78641
2026/09/14 06:39:42.981, 6, 100, 78641
2026/09/14 06:39:42.981, 7, 100, 78641
2026/09/14 06:39:43.481, 6, 100, 78641
2026/09/14 06:39:43.481, 7, 100, 78641
2026/09/14 06:39:43.982, 6, 84, 78641
2026/09/14 06:39:43.982, 7, 84, 78641
2026/09/14 06:39:44.482, 6, 99, 78641
2026/09/14 06:39:44.482, 7, 100, 78641
2026/09/14 06:39:44.982, 6, 100, 78641
2026/09/14 06:39:44.983, 7, 100, 78641
2026/09/14 06:39:45.483, 6, 100, 78641
2026/09/14 06:39:45.483, 7, 100, 78641
2026/09/14 06:39:45.983, 6, 99, 78641
2026/09/14 06:39:45.983, 7, 99, 78641
2026/09/14 06:39:46.483, 6, 100, 78641
2026/09/14 06:39:46.483, 7, 100, 78641
2026/09/14 06:39:46.983, 6, 100, 78641
2026/09/14 06:39:46.983, 7, 100, 78641
2026/09/14 06:39:47.483, 6, 72, 78641
2026/09/14 06:39:47.484, 7, 72, 78641
2026/09/14 06:39:47.985, 6, 100, 78641
2026/09/14 06:39:47.985, 7, 100, 78641
2026/09/14 06:39:48.485, 6, 100, 78641
2026/09/14 06:39:48.486, 7, 100, 78641
2026/09/14 06:39:48.986, 6, 59, 78641
2026/09/14 06:39:48.986, 7, 61, 78641
2026/09/14 06:39:49.486, 6, 96, 78641
2026/09/14 06:39:49.486, 7, 99, 78641
2026/09/14 06:39:49.987, 6, 100, 78641
2026/09/14 06:39:49.987, 7, 100, 78641
2026/09/14 06:39:50.488, 6, 100, 78641
2026/09/14 06:39:50.488, 7, 100, 78641
2026/09/14 06:39:50.988, 6, 91, 78641
2026/09/14 06:39:50.988, 7, 100, 78641
2026/09/14 06:39:51.488, 6, 100, 78641
2026/09/14 06:39:51.488, 7, 100, 78641
2026/09/14 06:39:51.989, 6, 100, 78641
2026/09/14 06:39:51.989, 7, 100, 78641
2026/09/14 06:39:52.489, 6, 100, 78641
2026/09/14 06:39:52.490, 7, 73, 78641
2026/09/14 06:39:52.990, 6, 99, 78641
2026/09/14 06:39:52.990, 7, 100, 78641
2026/09/14 06:39:53.490, 6, 100, 78641
2026/09/14 06:39:53.491, 7, 100, 78641
2026/09/14 06:39:53.991, 6, 100, 78641
2026/09/14 06:39:53.991, 7, 76, 78641
2026/09/14 06:39:54.491, 6, 99, 78641
2026/09/14 06:39:54.491, 7, 100, 78641
2026/09/14 06:39:54.991, 6, 100, 78641
2026/09/14 06:39:54.991, 7, 100, 78641
2026/09/14 06:39:55.491, 6, 100, 78641
2026/09/14 06:39:55.492, 7, 100, 78641
2026/09/14 06:39:55.992, 6, 55, 78641
2026/09/14 06:39:55.992, 7, 99, 78641
2026/09/14 06:39:56.492, 6, 99, 78641
2026/09/14 06:39:56.492, 7, 99, 78641
2026/09/14 06:39:56.992, 6, 100, 78641
2026/09/14 06:39:56.992, 7, 100, 78641
2026/09/14 06:39:57.492, 6, 100, 78641
2026/09/14 06:39:57.492, 7, 100, 78641
2026/09/14 06:39:57.992, 6, 99, 78641
2026/09/14 06:39:57.993, 7, 100, 78641
2026/09/14 06:39:58.493, 6, 100, 78641
2026/09/14 06:39:58.493, 7, 100, 78641
2026/09/14 06:39:58.993, 6, 100, 78641
2026/09/14 06:39:58.993, 7, 100, 78641
2026/09/14 06:39:59.493, 6, 97, 78641
2026/09/14 06:39:59.493, 7, 91, 78641
2026/09/14 06:39:59.993, 6, 100, 78641
2026/09/14 06:39:59.993, 7, 100, 78641
2026/09/14 06:40:00.493, 6, 100, 78641
2026/09/14 06:40:00.494, 7, 100, 78641
2026/09/14 06:40:00.994, 6, 72, 78641
2026/09/14 06:40:00.994, 7, 72, 78641
2026/09/14 06:40:01.494, 6, 99, 78641
2026/09/14 06:40:01.494, 7, 100, 78641
2026/09/14 06:40:01.994, 6, 100, 78641
2026/09/14 06:40:01.994, 7, 100, 78641
2026/09/14 06:40:02.494, 6, 100, 78641
2026/09/14 06:40:02.494, 7, 100, 78641
2026/09/14 06:40:02.994, 6, 99, 78641
2026/09/14 06:40:02.995, 7, 99, 78641
2026/09/14 06:40:03.495, 6, 100, 78641
2026/09/14 06:40:03.495, 7, 100, 78641
2026/09/14 06:40:03.995, 6, 100, 78641
2026/09/14 06:40:03.995, 7, 100, 78641
2026/09/14 06:40:04.495, 6, 91, 78641
2026/09/14 06:40:04.495, 7, 91, 78641
2026/09/14 06:40:04.996, 6, 100, 78641
2026/09/14 06:40:04.996, 7, 100, 78641
2026/09/14 06:40:05.496, 6, 100, 78641
2026/09/14 06:40:05.496, 7, 100, 78641
2026/09/14 06:40:05.997, 6, 71, 78641
2026/09/14 06:40:05.997, 7, 71, 78641
2026/09/14 06:40:06.497, 6, 99, 78641
2026/09/14 06:40:06.497, 7, 99, 78641
2026/09/14 06:40:06.997, 6, 100, 78641
2026/09/14 06:40:06.997, 7, 100, 78641
2026/09/14 06:40:07.497, 6, 100, 78641
2026/09/14 06:40:07.498, 7, 100, 78641
2026/09/14 06:40:07.998, 6, 99, 78641
2026/09/14 06:40:07.998, 7, 100, 78641
2026/09/14 06:40:08.499, 6, 100, 78641
2026/09/14 06:40:08.499, 7, 100, 78641
2026/09/14 06:40:08.999, 6, 100, 78641
2026/09/14 06:40:08.999, 7, 100, 78641
2026/09/14 06:40:09.499, 6, 58, 78641
2026/09/14 06:40:09.499, 7, 54, 78641
2026/09/14 06:40:09.999, 6, 100, 78641
2026/09/14 06:40:09.999, 7, 100, 78641
2026/09/14 06:40:10.499, 6, 100, 78641
2026/09/14 06:40:10.500, 7, 100, 78641
2026/09/14 06:40:11.000, 6, 90, 78641
2026/09/14 06:40:11.000, 7, 91, 78641
2026/09/14 06:40:11.500, 6, 99, 78641
2026/09/14 06:40:11.500, 7, 100, 78641
2026/09/14 06:40:12.000, 6, 100, 78641
2026/09/14 06:40:12.000, 7, 100, 78641
2026/09/14 06:40:12.500, 6, 100, 78641
2026/09/14 06:40:12.500, 7, 100, 78641
2026/09/14 06:40:13.000, 6, 99, 78641
2026/09/14 06:40:13.001, 7, 99, 78641
2026/09/14 06:40:13.501, 6, 100, 78641
2026/09/14 06:40:13.501, 7, 100, 78641
2026/09/14 06:40:14.001, 6, 100, 78641
2026/09/14 06:40:14.001, 7, 100, 78641
2026/09/14 06:40:14.502, 6, 72, 78641
2026/09/14 06:40:14.502, 7, 73, 78641
2026/09/14 06:40:15.002, 6, 100, 78641
2026/09/14 06:40:15.002, 7, 100, 78641
2026/09/14 06:40:15.502, 6, 100, 78641
2026/09/14 06:40:15.503, 7, 100, 78641
2026/09/14 06:40:16.003, 6, 55, 78641
2026/09/14 06:40:16.003, 7, 62, 78641
2026/09/14 06:40:16.504, 6, 99, 78641
2026/09/14 06:40:16.504, 7, 100, 78641
2026/09/14 06:40:17.004, 6, 100, 78641
2026/09/14 06:40:17.004, 7, 100, 78641
2026/09/14 06:40:17.504, 6, 100, 78641
2026/09/14 06:40:17.504, 7, 100, 78641
2026/09/14 06:40:18.004, 6, 99, 78641
2026/09/14 06:40:18.004, 7, 100, 78641
2026/09/14 06:40:18.504, 6, 100, 78641
2026/09/14 06:40:18.504, 7, 100, 78641
2026/09/14 06:40:19.004, 6, 100, 78641
2026/09/14 06:40:19.005, 7, 100, 78641
2026/09/14 06:40:19.505, 6, 100, 78641
2026/09/14 06:40:19.505, 7, 73, 78641
2026/09/14 06:40:20.005, 6, 99, 78641
2026/09/14 06:40:20.005, 7, 100, 78641
2026/09/14 06:40:20.505, 6, 100, 78641
2026/09/14 06:40:20.505, 7, 100, 78641
2026/09/14 06:40:21.005, 6, 100, 78641
2026/09/14 06:40:21.005, 7, 73, 78641
2026/09/14 06:40:21.506, 6, 99, 78641
2026/09/14 06:40:21.506, 7, 100, 78641
2026/09/14 06:40:22.006, 6, 100, 78641
2026/09/14 06:40:22.006, 7, 100, 78641
2026/09/14 06:40:22.506, 6, 100, 78641
2026/09/14 06:40:22.506, 7, 100, 78641
2026/09/14 06:40:23.006, 6, 69, 78641
2026/09/14 06:40:23.006, 7, 100, 78641
2026/09/14 06:40:23.506, 6, 100, 78641
2026/09/14 06:40:23.506, 7, 100, 78641
2026/09/14 06:40:24.007, 6, 100, 78641
2026/09/14 06:40:24.007, 7, 100, 78641
2026/09/14 06:40:24.507, 6, 100, 78641
2026/09/14 06:40:24.508, 7, 91, 78641
2026/09/14 06:40:25.008, 6, 99, 78641
2026/09/14 06:40:25.008, 7, 100, 78641
2026/09/14 06:40:25.508, 6, 100, 78641
2026/09/14 06:40:25.508, 7, 100, 78641
2026/09/14 06:40:26.008, 6, 100, 78641
2026/09/14 06:40:26.008, 7, 82, 78641
2026/09/14 06:40:26.513, 6, 99, 78641
2026/09/14 06:40:26.513, 7, 99, 78641
2026/09/14 06:40:27.013, 6, 100, 78641
2026/09/14 06:40:27.013, 7, 100, 78641
2026/09/14 06:40:27.513, 6, 100, 78641
2026/09/14 06:40:27.514, 7, 100, 78641
2026/09/14 06:40:28.014, 6, 77, 78641
2026/09/14 06:40:28.014, 7, 100, 78641
2026/09/14 06:40:28.514, 6, 100, 78641
2026/09/14 06:40:28.514, 7, 100, 78641
2026/09/14 06:40:29.014, 6, 100, 78641
2026/09/14 06:40:29.014, 7, 100, 78641
2026/09/14 06:40:29.515, 6, 100, 78641
2026/09/14 06:40:29.515, 7, 57, 78641
2026/09/14 06:40:30.015, 6, 99, 78641
2026/09/14 06:40:30.015, 7, 100, 78641
2026/09/14 06:40:30.515, 6, 100, 78641
2026/09/14 06:40:30.515, 7, 100, 78641
2026/09/14 06:40:31.015, 6, 100, 78641
2026/09/14 06:40:31.015, 7, 100, 78641
2026/09/14 06:40:31.516, 6, 99, 78641
2026/09/14 06:40:31.516, 7, 100, 78641
2026/09/14 06:40:32.016, 6, 100, 78641
2026/09/14 06:40:32.016, 7, 100, 78641
2026/09/14 06:40:32.516, 6, 100, 78641
2026/09/14 06:40:32.516, 7, 100, 78641
2026/09/14 06:40:33.016, 6, 73, 78641
2026/09/14 06:40:33.017, 7, 73, 78641
2026/09/14 06:40:33.517, 6, 100, 78641
2026/09/14 06:40:33.517, 7, 99, 78641
2026/09/14 06:40:34.017, 6, 100, 78641
2026/09/14 06:40:34.017, 7, 100, 78641
2026/09/14 06:40:34.518, 6, 74, 78641
2026/09/14 06:40:34.518, 7, 100, 78641
2026/09/14 06:40:35.018, 6, 99, 78641
2026/09/14 06:40:35.018, 7, 100, 78641
2026/09/14 06:40:35.518, 6, 100, 78641
2026/09/14 06:40:35.518, 7, 100, 78641
2026/09/14 06:40:36.018, 6, 100, 78641
2026/09/14 06:40:36.018, 7, 100, 78641
2026/09/14 06:40:36.518, 6, 99, 78641
2026/09/14 06:40:36.519, 7, 58, 78641
2026/09/14 06:40:37.020, 6, 100, 78641
2026/09/14 06:40:37.020, 7, 100, 78641
2026/09/14 06:40:37.520, 6, 100, 78641
2026/09/14 06:40:37.520, 7, 100, 78641
2026/09/14 06:40:38.020, 6, 91, 78641
2026/09/14 06:40:38.020, 7, 91, 78641
2026/09/14 06:40:38.520, 6, 100, 78641
2026/09/14 06:40:38.521, 7, 100, 78641
2026/09/14 06:40:39.021, 6, 100, 78641
2026/09/14 06:40:39.023, 7, 100, 78641
2026/09/14 06:40:39.525, 6, 73, 78641
2026/09/14 06:40:39.525, 7, 100, 78641
2026/09/14 06:40:40.025, 6, 99, 78641
2026/09/14 06:40:40.025, 7, 99, 78641
2026/09/14 06:40:40.525, 6, 100, 78641
2026/09/14 06:40:40.527, 7, 100, 78641
2026/09/14 06:40:41.028, 6, 100, 78641
2026/09/14 06:40:41.028, 7, 100, 78641
2026/09/14 06:40:41.528, 6, 99, 78641
2026/09/14 06:40:41.528, 7, 73, 78641
2026/09/14 06:40:42.028, 6, 100, 78641
2026/09/14 06:40:42.029, 7, 100, 78641
2026/09/14 06:40:42.529, 6, 100, 78641
2026/09/14 06:40:42.529, 7, 100, 78641
2026/09/14 06:40:43.029, 6, 56, 78641
2026/09/14 06:40:43.030, 7, 56, 78641
2026/09/14 06:40:43.530, 6, 100, 78641
2026/09/14 06:40:43.530, 7, 99, 78641
2026/09/14 06:40:44.030, 6, 100, 78641
2026/09/14 06:40:44.030, 7, 100, 78641
2026/09/14 06:40:44.531, 6, 91, 78641
2026/09/14 06:40:44.531, 7, 100, 78641
2026/09/14 06:40:45.031, 6, 99, 78641
2026/09/14 06:40:45.032, 7, 100, 78641
2026/09/14 06:40:45.532, 6, 100, 78641
2026/09/14 06:40:45.532, 7, 100, 78641
2026/09/14 06:40:46.032, 6, 100, 78641
2026/09/14 06:40:46.032, 7, 100, 78641
2026/09/14 06:40:46.532, 6, 99, 78641
2026/09/14 06:40:46.532, 7, 73, 78641
2026/09/14 06:40:47.034, 6, 100, 78641
2026/09/14 06:40:47.034, 7, 100, 78641
2026/09/14 06:40:47.534, 6, 100, 78641
2026/09/14 06:40:47.534, 7, 100, 78641
2026/09/14 06:40:48.034, 6, 73, 78641
2026/09/14 06:40:48.034, 7, 73, 78641
2026/09/14 06:40:48.534, 6, 100, 78641
2026/09/14 06:40:48.535, 7, 100, 78641
2026/09/14 06:40:49.035, 6, 100, 78641
2026/09/14 06:40:49.035, 7, 100, 78641
2026/09/14 06:40:49.535, 6, 66, 78641
2026/09/14 06:40:49.535, 7, 100, 78641
2026/09/14 06:40:50.036, 6, 99, 78641
2026/09/14 06:40:50.036, 7, 100, 78641
2026/09/14 06:40:50.536, 6, 100, 78641
2026/09/14 06:40:50.537, 7, 100, 78641
2026/09/14 06:40:51.037, 6, 100, 78641
2026/09/14 06:40:51.037, 7, 100, 78641
2026/09/14 06:40:51.537, 6, 91, 78641
2026/09/14 06:40:51.537, 7, 91, 78641
2026/09/14 06:40:52.037, 6, 100, 78641
2026/09/14 06:40:52.037, 7, 100, 78641
2026/09/14 06:40:52.537, 6, 100, 78641
2026/09/14 06:40:52.537, 7, 100, 78641
2026/09/14 06:40:53.038, 6, 100, 78641
2026/09/14 06:40:53.038, 7, 75, 78641
2026/09/14 06:40:53.538, 6, 99, 78641
2026/09/14 06:40:53.539, 7, 99, 78641
2026/09/14 06:40:54.039, 6, 100, 78641
2026/09/14 06:40:54.039, 7, 100, 78641
2026/09/14 06:40:54.539, 6, 100, 78641
2026/09/14 06:40:54.540, 7, 100, 78641
2026/09/14 06:40:55.040, 6, 93, 78641
2026/09/14 06:40:55.040, 7, 100, 78641
2026/09/14 06:40:55.541, 6, 100, 78641
2026/09/14 06:40:55.541, 7, 100, 78641
2026/09/14 06:40:56.041, 6, 100, 78641
2026/09/14 06:40:56.042, 7, 100, 78641
2026/09/14 06:40:56.542, 6, 53, 78641
2026/09/14 06:40:56.542, 7, 54, 78641
2026/09/14 06:40:57.042, 6, 99, 78641
2026/09/14 06:40:57.042, 7, 100, 78641
2026/09/14 06:40:57.542, 6, 100, 78641
2026/09/14 06:40:57.542, 7, 100, 78641
2026/09/14 06:40:58.042, 6, 100, 78641
2026/09/14 06:40:58.042, 7, 100, 78641
2026/09/14 06:40:58.542, 6, 99, 78641
2026/09/14 06:40:58.543, 7, 100, 78641
2026/09/14 06:40:59.044, 6, 100, 78641
2026/09/14 06:40:59.044, 7, 100, 78641
2026/09/14 06:40:59.544, 6, 100, 78641
2026/09/14 06:40:59.544, 7, 100, 78641
2026/09/14 06:41:00.044, 6, 72, 78641
2026/09/14 06:41:00.044, 7, 100, 78641
2026/09/14 06:41:00.544, 6, 100, 78641
2026/09/14 06:41:00.544, 7, 100, 78641
2026/09/14 06:41:01.045, 6, 100, 78641
2026/09/14 06:41:01.045, 7, 100, 78641
2026/09/14 06:41:01.545, 6, 74, 78641
2026/09/14 06:41:01.545, 7, 74, 78641
2026/09/14 06:41:02.045, 6, 99, 78641
2026/09/14 06:41:02.046, 7, 100, 78641
2026/09/14 06:41:02.546, 6, 100, 78641
2026/09/14 06:41:02.546, 7, 100, 78641
2026/09/14 06:41:03.046, 6, 100, 78641
2026/09/14 06:41:03.063, 7, 100, 78641
2026/09/14 06:41:03.563, 6, 99, 78641
2026/09/14 06:41:03.563, 7, 100, 78641
2026/09/14 06:41:04.063, 6, 100, 78641
2026/09/14 06:41:04.064, 7, 100, 78641
2026/09/14 06:41:04.564, 6, 100, 78641
2026/09/14 06:41:04.564, 7, 100, 78641
2026/09/14 06:41:05.064, 6, 90, 78641
2026/09/14 06:41:05.064, 7, 99, 78641
2026/09/14 06:41:05.564, 6, 100, 78641
2026/09/14 06:41:05.564, 7, 100, 78641
2026/09/14 06:41:06.065, 6, 100, 78641
2026/09/14 06:41:06.065, 7, 100, 78641
2026/09/14 06:41:06.565, 6, 73, 78641
2026/09/14 06:41:06.565, 7, 82, 78641
2026/09/14 06:41:07.065, 6, 99, 78641
2026/09/14 06:41:07.065, 7, 100, 78641
2026/09/14 06:41:07.566, 6, 100, 78641
2026/09/14 06:41:07.566, 7, 100, 78641
2026/09/14 06:41:08.066, 6, 100, 78641
2026/09/14 06:41:08.067, 7, 100, 78641
2026/09/14 06:41:08.567, 6, 99, 78641
2026/09/14 06:41:08.567, 7, 100, 78641
2026/09/14 06:41:09.067, 6, 100, 78641
2026/09/14 06:41:09.067, 7, 100, 78641
2026/09/14 06:41:09.567, 6, 100, 78641
2026/09/14 06:41:09.567, 7, 100, 78641
2026/09/14 06:41:10.067, 6, 56, 78641
2026/09/14 06:41:10.067, 7, 68, 78641
2026/09/14 06:41:10.567, 6, 100, 78641
2026/09/14 06:41:10.568, 7, 100, 78641
2026/09/14 06:41:11.068, 6, 100, 78641
2026/09/14 06:41:11.068, 7, 100, 78641
2026/09/14 06:41:11.568, 6, 90, 78641
2026/09/14 06:41:11.569, 7, 100, 78641
2026/09/14 06:41:12.069, 6, 99, 78641
2026/09/14 06:41:12.069, 7, 100, 78641
2026/09/14 06:41:12.569, 6, 100, 78641
2026/09/14 06:41:12.569, 7, 100, 78641
2026/09/14 06:41:13.069, 6, 100, 78641
2026/09/14 06:41:13.070, 7, 100, 78641
2026/09/14 06:41:13.570, 6, 99, 78641
2026/09/14 06:41:13.570, 7, 99, 78641
2026/09/14 06:41:14.070, 6, 100, 78641
2026/09/14 06:41:14.070, 7, 100, 78641
2026/09/14 06:41:14.570, 6, 100, 78641
2026/09/14 06:41:14.570, 7, 100, 78641
2026/09/14 06:41:15.070, 6, 73, 78641
2026/09/14 06:41:15.070, 7, 83, 78641
2026/09/14 06:41:15.571, 6, 100, 78641
2026/09/14 06:41:15.571, 7, 100, 78641
2026/09/14 06:41:16.071, 6, 100, 78641
2026/09/14 06:41:16.071, 7, 100, 78641
2026/09/14 06:41:16.571, 6, 76, 78641
2026/09/14 06:41:16.572, 7, 100, 78641
2026/09/14 06:41:17.072, 6, 99, 78641
2026/09/14 06:41:17.072, 7, 100, 78641
2026/09/14 06:41:17.572, 6, 100, 78641
2026/09/14 06:41:17.572, 7, 100, 78641
2026/09/14 06:41:18.072, 6, 100, 78641
2026/09/14 06:41:18.072, 7, 100, 78641
2026/09/14 06:41:18.573, 6, 99, 78641
2026/09/14 06:41:18.573, 7, 99, 78641
2026/09/14 06:41:19.073, 6, 100, 78641
2026/09/14 06:41:19.073, 7, 100, 78641
2026/09/14 06:41:19.573, 6, 100, 78641
2026/09/14 06:41:19.573, 7, 100, 78641
2026/09/14 06:41:20.073, 6, 72, 78641
2026/09/14 06:41:20.073, 7, 100, 78641
2026/09/14 06:41:20.574, 6, 100, 78641
2026/09/14 06:41:20.574, 7, 100, 78641
2026/09/14 06:41:21.074, 6, 100, 78641
2026/09/14 06:41:21.074, 7, 100, 78641
2026/09/14 06:41:21.574, 6, 92, 78641
2026/09/14 06:41:21.575, 7, 100, 78641
2026/09/14 06:41:22.075, 6, 81, 78641
2026/09/14 06:41:22.075, 7, 100, 78641
2026/09/14 06:41:22.575, 6, 100, 78641
2026/09/14 06:41:22.575, 7, 100, 78641
2026/09/14 06:41:23.075, 6, 100, 78641
2026/09/14 06:41:23.075, 7, 100, 78641
2026/09/14 06:41:23.576, 6, 57, 78641
2026/09/14 06:41:23.577, 7, 79, 78641
2026/09/14 06:41:24.077, 6, 99, 78641
2026/09/14 06:41:24.078, 7, 100, 78641
2026/09/14 06:41:24.578, 6, 100, 78641
2026/09/14 06:41:24.578, 7, 100, 78641
2026/09/14 06:41:25.078, 6, 100, 78641
2026/09/14 06:41:25.078, 7, 100, 78641
2026/09/14 06:41:25.578, 6, 99, 78641
2026/09/14 06:41:25.578, 7, 100, 78641
2026/09/14 06:41:26.078, 6, 100, 78641
2026/09/14 06:41:26.078, 7, 100, 78641
2026/09/14 06:41:26.579, 6, 100, 78641
2026/09/14 06:41:26.579, 7, 100, 78641
2026/09/14 06:41:27.079, 6, 71, 78641
2026/09/14 06:41:27.080, 7, 99, 78641
2026/09/14 06:41:27.580, 6, 100, 78641
2026/09/14 06:41:27.580, 7, 100, 78641
2026/09/14 06:41:28.080, 6, 100, 78641
2026/09/14 06:41:28.080, 7, 100, 78641
2026/09/14 06:41:28.580, 6, 74, 78641
2026/09/14 06:41:28.580, 7, 76, 78641
2026/09/14 06:41:29.080, 6, 99, 78641
2026/09/14 06:41:29.080, 7, 100, 78641
2026/09/14 06:41:29.581, 6, 100, 78641
2026/09/14 06:41:29.581, 7, 100, 78641
2026/09/14 06:41:30.081, 6, 100, 78641
2026/09/14 06:41:30.082, 7, 100, 78641
2026/09/14 06:41:30.582, 6, 99, 78641
2026/09/14 06:41:30.582, 7, 99, 78641
2026/09/14 06:41:31.082, 6, 100, 78641
2026/09/14 06:41:31.082, 7, 100, 78641
2026/09/14 06:41:31.582, 6, 100, 78641
2026/09/14 06:41:31.582, 7, 100, 78641
2026/09/14 06:41:32.082, 6, 90, 78641
2026/09/14 06:41:32.083, 7, 94, 78641
2026/09/14 06:41:32.583, 6, 100, 78641
2026/09/14 06:41:32.583, 7, 100, 78641
2026/09/14 06:41:33.083, 6, 100, 78641
2026/09/14 06:41:33.083, 7, 100, 78641
2026/09/14 06:41:33.583, 6, 74, 78641
2026/09/14 06:41:33.583, 7, 73, 78641
2026/09/14 06:41:34.084, 6, 99, 78641
2026/09/14 06:41:34.084, 7, 99, 78641
2026/09/14 06:41:34.584, 6, 100, 78641
2026/09/14 06:41:34.584, 7, 100, 78641
2026/09/14 06:41:35.084, 6, 100, 78641
2026/09/14 06:41:35.084, 7, 100, 78641
2026/09/14 06:41:35.584, 6, 99, 78641
2026/09/14 06:41:35.584, 7, 100, 78641
2026/09/14 06:41:36.084, 6, 100, 78641
2026/09/14 06:41:36.085, 7, 100, 78641
2026/09/14 06:41:36.585, 6, 100, 78641
2026/09/14 06:41:36.585, 7, 100, 78641
2026/09/14 06:41:37.086, 6, 54, 78641
2026/09/14 06:41:37.086, 7, 60, 78641
2026/09/14 06:41:37.586, 6, 100, 78641
2026/09/14 06:41:37.586, 7, 100, 78641
2026/09/14 06:41:38.086, 6, 100, 78641
2026/09/14 06:41:38.087, 7, 100, 78641
2026/09/14 06:41:38.587, 6, 95, 78641
2026/09/14 06:41:38.587, 7, 91, 78641
2026/09/14 06:41:39.087, 6, 99, 78641
2026/09/14 06:41:39.087, 7, 100, 78641
2026/09/14 06:41:39.587, 6, 100, 78641
2026/09/14 06:41:39.587, 7, 100, 78641
2026/09/14 06:41:40.087, 6, 100, 78641
2026/09/14 06:41:40.087, 7, 100, 78641
2026/09/14 06:41:40.588, 6, 99, 78641
2026/09/14 06:41:40.588, 7, 100, 78641
2026/09/14 06:41:41.088, 6, 100, 78641
2026/09/14 06:41:41.088, 7, 100, 78641
2026/09/14 06:41:41.588, 6, 100, 78641
2026/09/14 06:41:41.588, 7, 100, 78641
2026/09/14 06:41:42.088, 6, 73, 78641
2026/09/14 06:41:42.088, 7, 73, 78641
2026/09/14 06:41:42.589, 6, 100, 78641
2026/09/14 06:41:42.589, 7, 100, 78641
2026/09/14 06:41:43.090, 6, 100, 78641
2026/09/14 06:41:43.092, 7, 100, 78641
2026/09/14 06:41:43.592, 6, 91, 78641
2026/09/14 06:41:43.592, 7, 100, 78641
2026/09/14 06:41:44.092, 6, 99, 78641
2026/09/14 06:41:44.092, 7, 99, 78641
2026/09/14 06:41:44.592, 6, 100, 78641
2026/09/14 06:41:44.593, 7, 100, 78641
2026/09/14 06:41:45.093, 6, 100, 78641
2026/09/14 06:41:45.093, 7, 100, 78641
2026/09/14 06:41:45.593, 6, 99, 78641
2026/09/14 06:41:45.593, 7, 100, 78641
2026/09/14 06:41:46.093, 6, 100, 78641
2026/09/14 06:41:46.093, 7, 100, 78641
2026/09/14 06:41:46.593, 6, 100, 78641
2026/09/14 06:41:46.594, 7, 100, 78641
2026/09/14 06:41:47.094, 6, 74, 78641
2026/09/14 06:41:47.094, 7, 100, 78641
2026/09/14 06:41:47.594, 6, 100, 78641
2026/09/14 06:41:47.594, 7, 100, 78641
2026/09/14 06:41:48.095, 6, 100, 78641
2026/09/14 06:41:48.095, 7, 100, 78641
2026/09/14 06:41:48.595, 6, 100, 78641
2026/09/14 06:41:48.595, 7, 100, 78641
2026/09/14 06:41:49.095, 6, 99, 78641
2026/09/14 06:41:49.095, 7, 99, 78641
2026/09/14 06:41:49.596, 6, 100, 78641
2026/09/14 06:41:49.596, 7, 100, 78641
2026/09/14 06:41:50.096, 6, 100, 78641
2026/09/14 06:41:50.096, 7, 100, 78641
2026/09/14 06:41:50.596, 6, 99, 78641
2026/09/14 06:41:50.596, 7, 54, 78641
2026/09/14 06:41:51.096, 6, 100, 78641
2026/09/14 06:41:51.096, 7, 99, 78641
2026/09/14 06:41:51.596, 6, 100, 78641
2026/09/14 06:41:51.596, 7, 100, 78641
2026/09/14 06:41:52.097, 6, 100, 78641
2026/09/14 06:41:52.097, 7, 100, 78641
2026/09/14 06:41:52.597, 6, 100, 78641
2026/09/14 06:41:52.597, 7, 100, 78641
2026/09/14 06:41:53.097, 6, 100, 78641
2026/09/14 06:41:53.097, 7, 100, 78641
2026/09/14 06:41:53.597, 6, 100, 78641
2026/09/14 06:41:53.597, 7, 100, 78641
2026/09/14 06:41:54.098, 6, 73, 78641
2026/09/14 06:41:54.098, 7, 87, 78641
2026/09/14 06:41:54.598, 6, 100, 78641
2026/09/14 06:41:54.598, 7, 100, 78641
2026/09/14 06:41:55.098, 6, 100, 78641
2026/09/14 06:41:55.099, 7, 100, 78641
2026/09/14 06:41:55.599, 6, 74, 78641
2026/09/14 06:41:55.599, 7, 74, 78641
2026/09/14 06:41:56.099, 6, 99, 78641
2026/09/14 06:41:56.100, 7, 100, 78641
2026/09/14 06:41:56.600, 6, 100, 78641
2026/09/14 06:41:56.600, 7, 100, 78641
2026/09/14 06:41:57.100, 6, 100, 78641
2026/09/14 06:41:57.101, 7, 100, 78641
2026/09/14 06:41:57.601, 6, 99, 78641
2026/09/14 06:41:57.602, 7, 100, 78641
2026/09/14 06:41:58.102, 6, 100, 78641
2026/09/14 06:41:58.102, 7, 100, 78641
2026/09/14 06:41:58.602, 6, 100, 78641
2026/09/14 06:41:58.602, 7, 100, 78641
2026/09/14 06:41:59.102, 6, 91, 78641
2026/09/14 06:41:59.102, 7, 91, 78641
2026/09/14 06:41:59.602, 6, 100, 78641
2026/09/14 06:41:59.603, 7, 100, 78641
2026/09/14 06:42:00.103, 6, 100, 78641
2026/09/14 06:42:00.103, 7, 100, 78641
2026/09/14 06:42:00.603, 6, 74, 78641
2026/09/14 06:42:00.603, 7, 73, 78641
2026/09/14 06:42:01.103, 6, 99, 78641
2026/09/14 06:42:01.103, 7, 99, 78641
2026/09/14 06:42:01.603, 6, 100, 78641
2026/09/14 06:42:01.603, 7, 100, 78641
2026/09/14 06:42:02.104, 6, 100, 78641
2026/09/14 06:42:02.104, 7, 100, 78641
2026/09/14 06:42:02.605, 6, 99, 78641
2026/09/14 06:42:02.605, 7, 100, 78641
2026/09/14 06:42:03.105, 6, 100, 78641
2026/09/14 06:42:03.105, 7, 100, 78641
2026/09/14 06:42:03.606, 6, 100, 78641
2026/09/14 06:42:03.606, 7, 100, 78641
2026/09/14 06:42:04.106, 6, 55, 78641
2026/09/14 06:42:04.107, 7, 55, 78641
2026/09/14 06:42:04.607, 6, 100, 78641
2026/09/14 06:42:04.607, 7, 100, 78641
2026/09/14 06:42:05.107, 6, 100, 78641
2026/09/14 06:42:05.107, 7, 100, 78641
2026/09/14 06:42:05.607, 6, 100, 78641
2026/09/14 06:42:05.607, 7, 91, 78641
2026/09/14 06:42:06.108, 6, 99, 78641
2026/09/14 06:42:06.108, 7, 100, 78641
2026/09/14 06:42:06.608, 6, 100, 78641
2026/09/14 06:42:06.608, 7, 100, 78641
2026/09/14 06:42:07.108, 6, 100, 78641
2026/09/14 06:42:07.108, 7, 100, 78641
2026/09/14 06:42:07.608, 6, 99, 78641
2026/09/14 06:42:07.608, 7, 99, 78641
2026/09/14 06:42:08.109, 6, 100, 78641
2026/09/14 06:42:08.109, 7, 100, 78641
2026/09/14 06:42:08.609, 6, 100, 78641
2026/09/14 06:42:08.609, 7, 100, 78641
2026/09/14 06:42:09.109, 6, 73, 78641
2026/09/14 06:42:09.109, 7, 72, 78641
2026/09/14 06:42:09.609, 6, 100, 78641
2026/09/14 06:42:09.610, 7, 100, 78641
2026/09/14 06:42:10.110, 6, 100, 78641
2026/09/14 06:42:10.110, 7, 100, 78641
2026/09/14 06:42:10.610, 6, 100, 78641
2026/09/14 06:42:10.610, 7, 76, 78641
2026/09/14 06:42:11.111, 6, 99, 78641
2026/09/14 06:42:11.111, 7, 99, 78641
2026/09/14 06:42:11.611, 6, 100, 78641
2026/09/14 06:42:11.611, 7, 100, 78641
2026/09/14 06:42:12.111, 6, 100, 78641
2026/09/14 06:42:12.112, 7, 100, 78641
2026/09/14 06:42:12.612, 6, 99, 78641
2026/09/14 06:42:12.612, 7, 100, 78641
2026/09/14 06:42:13.113, 6, 100, 78641
2026/09/14 06:42:13.113, 7, 100, 78641
2026/09/14 06:42:13.613, 6, 100, 78641
2026/09/14 06:42:13.613, 7, 100, 78641
2026/09/14 06:42:14.113, 6, 79, 78641
2026/09/14 06:42:14.113, 7, 74, 78641
2026/09/14 06:42:14.613, 6, 100, 78641
2026/09/14 06:42:14.613, 7, 100, 78641
2026/09/14 06:42:15.113, 6, 100, 78641
2026/09/14 06:42:15.113, 7, 100, 78641
2026/09/14 06:42:15.614, 6, 100, 78641
2026/09/14 06:42:15.614, 7, 89, 78641
2026/09/14 06:42:16.115, 6, 99, 78641
2026/09/14 06:42:16.115, 7, 100, 78641
2026/09/14 06:42:16.615, 6, 100, 78641
2026/09/14 06:42:16.615, 7, 100, 78641
2026/09/14 06:42:17.116, 6, 100, 78641
2026/09/14 06:42:17.116, 7, 100, 78641
2026/09/14 06:42:17.616, 6, 99, 78641
2026/09/14 06:42:17.616, 7, 99, 78641
2026/09/14 06:42:18.116, 6, 100, 78641
2026/09/14 06:42:18.116, 7, 100, 78641
2026/09/14 06:42:18.616, 6, 100, 78641
2026/09/14 06:42:18.616, 7, 100, 78641
2026/09/14 06:42:19.116, 6, 100, 78641
2026/09/14 06:42:19.116, 7, 91, 78641
2026/09/14 06:42:19.617, 6, 99, 78641
2026/09/14 06:42:19.617, 7, 100, 78641
2026/09/14 06:42:20.117, 6, 100, 78641
2026/09/14 06:42:20.117, 7, 100, 78641
2026/09/14 06:42:20.617, 6, 100, 78641
2026/09/14 06:42:20.617, 7, 100, 78641
2026/09/14 06:42:21.117, 6, 99, 78641
2026/09/14 06:42:21.117, 7, 99, 78641
2026/09/14 06:42:21.617, 6, 100, 78641
2026/09/14 06:42:21.617, 7, 100, 78641
2026/09/14 06:42:22.118, 6, 100, 78641
2026/09/14 06:42:22.118, 7, 100, 78641
2026/09/14 06:42:22.619, 6, 99, 78641
2026/09/14 06:42:22.619, 7, 73, 78641
2026/09/14 06:42:23.119, 6, 100, 78641
2026/09/14 06:42:23.119, 7, 100, 78641
2026/09/14 06:42:23.619, 6, 100, 78641
2026/09/14 06:42:23.619, 7, 100, 78641
2026/09/14 06:42:24.120, 6, 100, 78641
2026/09/14 06:42:24.120, 7, 100, 78641
2026/09/14 06:42:24.620, 6, 99, 78641
2026/09/14 06:42:24.620, 7, 99, 78641
2026/09/14 06:42:25.121, 6, 100, 78641
2026/09/14 06:42:25.121, 7, 100, 78641
2026/09/14 06:42:25.621, 6, 100, 78641
2026/09/14 06:42:25.621, 7, 100, 78641
2026/09/14 06:42:26.121, 6, 91, 78641
2026/09/14 06:42:26.121, 7, 91, 78641
2026/09/14 06:42:26.622, 6, 100, 78641
2026/09/14 06:42:26.622, 7, 100, 78641
2026/09/14 06:42:27.122, 6, 100, 78641
2026/09/14 06:42:27.122, 7, 100, 78641
2026/09/14 06:42:27.622, 6, 79, 78641
2026/09/14 06:42:27.623, 7, 73, 78641
2026/09/14 06:42:28.123, 6, 99, 78641
2026/09/14 06:42:28.123, 7, 99, 78641
2026/09/14 06:42:28.623, 6, 100, 78641
2026/09/14 06:42:28.624, 7, 100, 78641
2026/09/14 06:42:29.124, 6, 100, 78641
2026/09/14 06:42:29.124, 7, 100, 78641
2026/09/14 06:42:29.624, 6, 99, 78641
2026/09/14 06:42:29.624, 7, 100, 78641
2026/09/14 06:42:30.124, 6, 100, 78641
2026/09/14 06:42:30.124, 7, 100, 78641
2026/09/14 06:42:30.624, 6, 100, 78641
2026/09/14 06:42:30.625, 7, 100, 78641
2026/09/14 06:42:31.125, 6, 58, 78641
2026/09/14 06:42:31.125, 7, 56, 78641
2026/09/14 06:42:31.625, 6, 100, 78641
2026/09/14 06:42:31.625, 7, 100, 78641
2026/09/14 06:42:32.125, 6, 100, 78641
2026/09/14 06:42:32.126, 7, 100, 78641
2026/09/14 06:42:32.626, 6, 100, 78641
2026/09/14 06:42:32.626, 7, 97, 78641
2026/09/14 06:42:33.127, 6, 99, 78641
2026/09/14 06:42:33.127, 7, 100, 78641
2026/09/14 06:42:33.627, 6, 100, 78641
2026/09/14 06:42:33.627, 7, 100, 78641
2026/09/14 06:42:34.127, 6, 100, 78641
2026/09/14 06:42:34.127, 7, 100, 78641
2026/09/14 06:42:34.627, 6, 99, 78641
2026/09/14 06:42:34.628, 7, 100, 78641
2026/09/14 06:42:35.129, 6, 100, 78641
2026/09/14 06:42:35.129, 7, 100, 78641
2026/09/14 06:42:35.629, 6, 100, 78641
2026/09/14 06:42:35.629, 7, 100, 78641
2026/09/14 06:42:36.130, 6, 74, 78641
2026/09/14 06:42:36.130, 7, 74, 78641
2026/09/14 06:42:36.630, 6, 100, 78641
2026/09/14 06:42:36.630, 7, 100, 78641
2026/09/14 06:42:37.130, 6, 100, 78641
2026/09/14 06:42:37.130, 7, 100, 78641
2026/09/14 06:42:37.630, 6, 99, 78641
2026/09/14 06:42:37.630, 7, 91, 78641
2026/09/14 06:42:38.130, 6, 99, 78641
2026/09/14 06:42:38.130, 7, 99, 78641
2026/09/14 06:42:38.631, 6, 100, 78641
2026/09/14 06:42:38.631, 7, 100, 78641
2026/09/14 06:42:39.131, 6, 100, 78641
2026/09/14 06:42:39.131, 7, 100, 78641
2026/09/14 06:42:39.631, 6, 99, 78641
2026/09/14 06:42:39.631, 7, 100, 78641
2026/09/14 06:42:40.132, 6, 100, 78641
2026/09/14 06:42:40.132, 7, 100, 78641
2026/09/14 06:42:40.632, 6, 100, 78641
2026/09/14 06:42:40.632, 7, 100, 78641
2026/09/14 06:42:41.132, 6, 98, 78641
2026/09/14 06:42:41.132, 7, 73, 78641
2026/09/14 06:42:41.632, 6, 100, 78641
2026/09/14 06:42:41.632, 7, 100, 78641
2026/09/14 06:42:42.132, 6, 100, 78641
2026/09/14 06:42:42.133, 7, 100, 78641
2026/09/14 06:42:42.633, 6, 100, 78641
2026/09/14 06:42:42.633, 7, 100, 78641
2026/09/14 06:42:43.133, 6, 99, 78641
2026/09/14 06:42:43.133, 7, 100, 78641
2026/09/14 06:42:43.633, 6, 100, 78641
2026/09/14 06:42:43.633, 7, 100, 78641
2026/09/14 06:42:44.133, 6, 100, 78641
2026/09/14 06:42:44.133, 7, 100, 78641
2026/09/14 06:42:44.633, 6, 99, 78641
2026/09/14 06:42:44.634, 7, 99, 78641
2026/09/14 06:42:45.134, 6, 100, 78641
2026/09/14 06:42:45.134, 7, 100, 78641
2026/09/14 06:42:45.634, 6, 100, 78641
2026/09/14 06:42:45.634, 7, 100, 78641
2026/09/14 06:42:46.134, 6, 100, 78641
2026/09/14 06:42:46.134, 7, 95, 78641
2026/09/14 06:42:46.634, 6, 99, 78641
2026/09/14 06:42:46.634, 7, 100, 78641
2026/09/14 06:42:47.135, 6, 100, 78641
2026/09/14 06:42:47.135, 7, 100, 78641
2026/09/14 06:42:47.635, 6, 100, 78641
2026/09/14 06:42:47.635, 7, 100, 78641
2026/09/14 06:42:48.135, 6, 99, 78641
2026/09/14 06:42:48.135, 7, 99, 78641
2026/09/14 06:42:48.635, 6, 100, 78641
2026/09/14 06:42:48.636, 7, 100, 78641
2026/09/14 06:42:49.136, 6, 100, 78641
2026/09/14 06:42:49.136, 7, 100, 78641
2026/09/14 06:42:49.636, 6, 99, 78641
2026/09/14 06:42:49.636, 7, 99, 78641
2026/09/14 06:42:50.136, 6, 100, 78641
2026/09/14 06:42:50.136, 7, 100, 78641
2026/09/14 06:42:50.637, 6, 100, 78641
2026/09/14 06:42:50.637, 7, 100, 78641
2026/09/14 06:42:51.137, 6, 99, 78641
2026/09/14 06:42:51.137, 7, 95, 78641
2026/09/14 06:42:51.637, 6, 99, 78641
2026/09/14 06:42:51.637, 7, 99, 78641
2026/09/14 06:42:52.137, 6, 100, 78641
2026/09/14 06:42:52.138, 7, 100, 78641
2026/09/14 06:42:52.638, 6, 100, 78641
2026/09/14 06:42:52.638, 7, 100, 78641
2026/09/14 06:42:53.138, 6, 99, 78641
2026/09/14 06:42:53.138, 7, 100, 78641
2026/09/14 06:42:53.638, 6, 100, 78641
2026/09/14 06:42:53.638, 7, 100, 78641
2026/09/14 06:42:54.138, 6, 100, 78641
2026/09/14 06:42:54.138, 7, 100, 78641
2026/09/14 06:42:54.638, 6, 74, 78641
2026/09/14 06:42:54.639, 7, 99, 78641
2026/09/14 06:42:55.139, 6, 99, 78641
2026/09/14 06:42:55.139, 7, 100, 78641
2026/09/14 06:42:55.639, 6, 100, 78641
2026/09/14 06:42:55.639, 7, 100, 78641
2026/09/14 06:42:56.139, 6, 100, 78641
2026/09/14 06:42:56.139, 7, 100, 78641
2026/09/14 06:42:56.639, 6, 99, 78641
2026/09/14 06:42:56.639, 7, 100, 78641
2026/09/14 06:42:57.139, 6, 100, 78641
2026/09/14 06:42:57.140, 7, 100, 78641
2026/09/14 06:42:57.640, 6, 100, 78641
2026/09/14 06:42:57.640, 7, 100, 78641
2026/09/14 06:42:58.140, 6, 57, 78641
2026/09/14 06:42:58.140, 7, 99, 78641
2026/09/14 06:42:58.640, 6, 100, 78641
2026/09/14 06:42:58.640, 7, 100, 78641
2026/09/14 06:42:59.140, 6, 100, 78641
2026/09/14 06:42:59.141, 7, 100, 78641
2026/09/14 06:42:59.641, 6, 100, 78641
2026/09/14 06:42:59.641, 7, 100, 78641
2026/09/14 06:43:00.141, 6, 99, 78641
2026/09/14 06:43:00.141, 7, 100, 78641
2026/09/14 06:43:00.641, 6, 100, 78641
2026/09/14 06:43:00.642, 7, 100, 78641
2026/09/14 06:43:01.142, 6, 100, 78641
2026/09/14 06:43:01.143, 7, 100, 78641
2026/09/14 06:43:01.643, 6, 99, 78641
2026/09/14 06:43:01.643, 7, 100, 78641
2026/09/14 06:43:02.143, 6, 100, 78641
2026/09/14 06:43:02.143, 7, 100, 78641
2026/09/14 06:43:02.643, 6, 100, 78641
2026/09/14 06:43:02.643, 7, 100, 78641
2026/09/14 06:43:03.143, 6, 99, 78641
2026/09/14 06:43:03.143, 7, 74, 78641
2026/09/14 06:43:03.643, 6, 100, 78641
2026/09/14 06:43:03.644, 7, 100, 78641
2026/09/14 06:43:04.144, 6, 100, 78641
2026/09/14 06:43:04.144, 7, 100, 78641
2026/09/14 06:43:04.644, 6, 99, 78641
2026/09/14 06:43:04.644, 7, 100, 78641
2026/09/14 06:43:05.144, 6, 99, 78641
2026/09/14 06:43:05.144, 7, 99, 78641
2026/09/14 06:43:05.644, 6, 100, 78641
2026/09/14 06:43:05.644, 7, 100, 78641
2026/09/14 06:43:06.144, 6, 100, 78641
2026/09/14 06:43:06.145, 7, 100, 78641
2026/09/14 06:43:06.645, 6, 99, 78641
2026/09/14 06:43:06.645, 7, 100, 78641
2026/09/14 06:43:07.145, 6, 100, 78641
2026/09/14 06:43:07.145, 7, 100, 78641
2026/09/14 06:43:07.645, 6, 100, 78641
2026/09/14 06:43:07.645, 7, 100, 78641
2026/09/14 06:43:08.146, 6, 99, 78641
2026/09/14 06:43:08.146, 7, 76, 78641
2026/09/14 06:43:08.646, 6, 100, 78641
2026/09/14 06:43:08.646, 7, 100, 78641
2026/09/14 06:43:09.146, 6, 100, 78641
2026/09/14 06:43:09.146, 7, 100, 78641
2026/09/14 06:43:09.646, 6, 100, 78641
2026/09/14 06:43:09.646, 7, 100, 78641
2026/09/14 06:43:10.146, 6, 99, 78641
2026/09/14 06:43:10.147, 7, 100, 78641
2026/09/14 06:43:10.647, 6, 100, 78641
2026/09/14 06:43:10.647, 7, 100, 78641
2026/09/14 06:43:11.147, 6, 100, 78641
2026/09/14 06:43:11.147, 7, 100, 78641
2026/09/14 06:43:11.647, 6, 99, 78641
2026/09/14 06:43:11.648, 7, 99, 78641
2026/09/14 06:43:12.148, 6, 100, 78641
2026/09/14 06:43:12.148, 7, 100, 78641
2026/09/14 06:43:12.649, 6, 100, 78641
2026/09/14 06:43:12.649, 7, 100, 78641
2026/09/14 06:43:13.149, 6, 91, 78641
2026/09/14 06:43:13.149, 7, 100, 78641
2026/09/14 06:43:13.649, 6, 100, 78641
2026/09/14 06:43:13.649, 7, 100, 78641
2026/09/14 06:43:14.149, 6, 100, 78641
2026/09/14 06:43:14.149, 7, 100, 78641
2026/09/14 06:43:14.650, 6, 100, 78641
2026/09/14 06:43:14.650, 7, 100, 78641
2026/09/14 06:43:15.150, 6, 99, 78641
2026/09/14 06:43:15.150, 7, 99, 78641
2026/09/14 06:43:15.650, 6, 100, 78641
2026/09/14 06:43:15.650, 7, 100, 78641
2026/09/14 06:43:16.151, 6, 100, 78641
2026/09/14 06:43:16.151, 7, 100, 78641
2026/09/14 06:43:16.651, 6, 99, 78641
2026/09/14 06:43:16.651, 7, 99, 78641
2026/09/14 06:43:17.152, 6, 100, 78641
2026/09/14 06:43:17.152, 7, 100, 78641
2026/09/14 06:43:17.652, 6, 100, 78641
2026/09/14 06:43:17.652, 7, 100, 78641
2026/09/14 06:43:18.152, 6, 97, 78641
2026/09/14 06:43:18.152, 7, 100, 78641
2026/09/14 06:43:18.652, 6, 99, 78641
2026/09/14 06:43:18.652, 7, 99, 78641
2026/09/14 06:43:19.152, 6, 100, 78641
2026/09/14 06:43:19.152, 7, 100, 78641
2026/09/14 06:43:19.653, 6, 100, 78641
2026/09/14 06:43:19.653, 7, 100, 78641
2026/09/14 06:43:20.153, 6, 99, 78641
2026/09/14 06:43:20.154, 7, 100, 78641
2026/09/14 06:43:20.654, 6, 100, 78641
2026/09/14 06:43:20.654, 7, 100, 78641
2026/09/14 06:43:21.154, 6, 100, 78641
2026/09/14 06:43:21.154, 7, 100, 78641
2026/09/14 06:43:21.655, 6, 98, 78641
2026/09/14 06:43:21.655, 7, 91, 78641
2026/09/14 06:43:22.155, 6, 100, 78641
2026/09/14 06:43:22.155, 7, 100, 78641
2026/09/14 06:43:22.655, 6, 100, 78641
2026/09/14 06:43:22.658, 7, 100, 78641
2026/09/14 06:43:23.159, 6, 73, 78641
2026/09/14 06:43:23.159, 7, 100, 78641
2026/09/14 06:43:23.659, 6, 99, 78641
2026/09/14 06:43:23.659, 7, 100, 78641
2026/09/14 06:43:24.159, 6, 100, 78641
2026/09/14 06:43:24.159, 7, 100, 78641
2026/09/14 06:43:24.660, 6, 100, 78641
2026/09/14 06:43:24.660, 7, 100, 78641
2026/09/14 06:43:25.160, 6, 99, 78641
2026/09/14 06:43:25.218, 7, 99, 78641
2026/09/14 06:43:25.721, 6, 100, 78641
2026/09/14 06:43:25.721, 7, 100, 78641
2026/09/14 06:43:26.221, 6, 100, 78641
2026/09/14 06:43:26.222, 7, 100, 78641
2026/09/14 06:43:26.722, 6, 97, 78641
2026/09/14 06:43:26.722, 7, 91, 78641
2026/09/14 06:43:27.222, 6, 100, 78641
2026/09/14 06:43:27.222, 7, 100, 78641
2026/09/14 06:43:27.722, 6, 100, 78641
2026/09/14 06:43:27.722, 7, 100, 78641
2026/09/14 06:43:28.222, 6, 100, 78641
2026/09/14 06:43:28.222, 7, 73, 78641
2026/09/14 06:43:28.722, 6, 99, 78641
2026/09/14 06:43:28.723, 7, 99, 78641
2026/09/14 06:43:29.225, 6, 100, 78641
2026/09/14 06:43:29.226, 7, 100, 78641
2026/09/14 06:43:29.726, 6, 100, 78641
2026/09/14 06:43:29.726, 7, 100, 78641
2026/09/14 06:43:30.226, 6, 99, 78641
2026/09/14 06:43:30.226, 7, 100, 78641
2026/09/14 06:43:30.726, 6, 100, 78641
2026/09/14 06:43:30.726, 7, 100, 78641
2026/09/14 06:43:31.226, 6, 100, 78641
2026/09/14 06:43:31.227, 7, 100, 78641
2026/09/14 06:43:31.727, 6, 86, 78641
2026/09/14 06:43:31.727, 7, 57, 78641
2026/09/14 06:43:32.227, 6, 99, 78641
2026/09/14 06:43:32.227, 7, 99, 78641
2026/09/14 06:43:32.727, 6, 100, 78641
2026/09/14 06:43:32.727, 7, 100, 78641
2026/09/14 06:43:33.227, 6, 100, 78641
2026/09/14 06:43:33.227, 7, 100, 78641
2026/09/14 06:43:33.727, 6, 99, 78641
2026/09/14 06:43:33.728, 7, 100, 78641
2026/09/14 06:43:34.228, 6, 100, 78641
2026/09/14 06:43:34.228, 7, 100, 78641
2026/09/14 06:43:34.728, 6, 100, 78641
2026/09/14 06:43:34.728, 7, 100, 78641
2026/09/14 06:43:35.228, 6, 99, 78641
2026/09/14 06:43:35.229, 7, 96, 78641
2026/09/14 06:43:35.730, 6, 100, 78641
2026/09/14 06:43:35.730, 7, 100, 78641
2026/09/14 06:43:36.231, 6, 100, 78641
2026/09/14 06:43:36.231, 7, 100, 78641
2026/09/14 06:43:36.731, 6, 98, 78641
2026/09/14 06:43:36.732, 7, 100, 78641
2026/09/14 06:43:37.232, 6, 100, 78641
2026/09/14 06:43:37.232, 7, 100, 78641
2026/09/14 06:43:37.732, 6, 100, 78641
2026/09/14 06:43:37.733, 7, 100, 78641
2026/09/14 06:43:38.233, 6, 100, 78641
2026/09/14 06:43:38.233, 7, 100, 78641
2026/09/14 06:43:38.734, 6, 99, 78641
2026/09/14 06:43:38.734, 7, 99, 78641
2026/09/14 06:43:39.234, 6, 100, 78641
2026/09/14 06:43:39.234, 7, 100, 78641
2026/09/14 06:43:39.734, 6, 100, 78641
2026/09/14 06:43:39.734, 7, 100, 78641
2026/09/14 06:43:40.234, 6, 99, 78641
2026/09/14 06:43:40.235, 7, 91, 78641
2026/09/14 06:43:40.735, 6, 100, 78641
2026/09/14 06:43:40.735, 7, 100, 78641
2026/09/14 06:43:41.235, 6, 100, 78641
2026/09/14 06:43:41.235, 7, 100, 78641
2026/09/14 06:43:41.735, 6, 100, 78641
2026/09/14 06:43:41.735, 7, 100, 78641
2026/09/14 06:43:42.235, 6, 100, 78641
2026/09/14 06:43:42.236, 7, 99, 78641
2026/09/14 06:43:42.736, 6, 100, 78641
2026/09/14 06:43:42.736, 7, 100, 78641
2026/09/14 06:43:43.236, 6, 100, 78641
2026/09/14 06:43:43.236, 7, 100, 78641
2026/09/14 06:43:43.736, 6, 99, 78641
2026/09/14 06:43:43.736, 7, 99, 78641
2026/09/14 06:43:44.236, 6, 100, 78641
2026/09/14 06:43:44.236, 7, 100, 78641
2026/09/14 06:43:44.736, 6, 100, 78641
2026/09/14 06:43:44.738, 7, 100, 78641
2026/09/14 06:43:45.238, 6, 79, 78641
2026/09/14 06:43:45.238, 7, 56, 78641
2026/09/14 06:43:45.738, 6, 100, 78641
2026/09/14 06:43:45.739, 7, 99, 78641
2026/09/14 06:43:46.239, 6, 100, 78641
2026/09/14 06:43:46.239, 7, 100, 78641
2026/09/14 06:43:46.739, 6, 100, 78641
2026/09/14 06:43:46.740, 7, 100, 78641
2026/09/14 06:43:47.245, 6, 99, 78641
2026/09/14 06:43:47.245, 7, 100, 78641
2026/09/14 06:43:47.745, 6, 100, 78641
2026/09/14 06:43:47.745, 7, 100, 78641
2026/09/14 06:43:48.246, 6, 100, 78641
2026/09/14 06:43:48.246, 7, 100, 78641
2026/09/14 06:43:48.746, 6, 99, 78641
2026/09/14 06:43:48.746, 7, 97, 78641
2026/09/14 06:43:49.246, 6, 100, 78641
2026/09/14 06:43:49.246, 7, 100, 78641
2026/09/14 06:43:49.746, 6, 100, 78641
2026/09/14 06:43:49.747, 7, 100, 78641
2026/09/14 06:43:50.247, 6, 87, 78641
2026/09/14 06:43:50.247, 7, 71, 78641
2026/09/14 06:43:50.747, 6, 100, 78641
2026/09/14 06:43:50.747, 7, 100, 78641
2026/09/14 06:43:51.247, 6, 100, 78641
2026/09/14 06:43:51.248, 7, 100, 78641
2026/09/14 06:43:51.748, 6, 100, 78641
2026/09/14 06:43:51.749, 7, 100, 78641
2026/09/14 06:43:52.252, 6, 99, 78641
2026/09/14 06:43:52.252, 7, 99, 78641
2026/09/14 06:43:52.752, 6, 100, 78641
2026/09/14 06:43:52.752, 7, 100, 78641
2026/09/14 06:43:53.252, 6, 100, 78641
2026/09/14 06:43:53.252, 7, 100, 78641
2026/09/14 06:43:53.752, 6, 99, 78641
2026/09/14 06:43:53.752, 7, 91, 78641
2026/09/14 06:43:54.253, 6, 100, 78641
2026/09/14 06:43:54.253, 7, 100, 78641
2026/09/14 06:43:54.753, 6, 100, 78641
2026/09/14 06:43:54.753, 7, 100, 78641
2026/09/14 06:43:55.253, 6, 94, 78641
2026/09/14 06:43:55.253, 7, 72, 78641
2026/09/14 06:43:55.754, 6, 99, 78641
2026/09/14 06:43:55.754, 7, 99, 78641
2026/09/14 06:43:56.254, 6, 100, 78641
2026/09/14 06:43:56.254, 7, 100, 78641
2026/09/14 06:43:56.754, 6, 100, 78641
2026/09/14 06:43:56.754, 7, 100, 78641
2026/09/14 06:43:57.254, 6, 99, 78641
2026/09/14 06:43:57.254, 7, 100, 78641
2026/09/14 06:43:57.754, 6, 100, 78641
2026/09/14 06:43:57.754, 7, 100, 78641
2026/09/14 06:43:58.255, 6, 100, 78641
2026/09/14 06:43:58.255, 7, 100, 78641
2026/09/14 06:43:58.755, 6, 71, 78641
2026/09/14 06:43:58.755, 7, 54, 78641
2026/09/14 06:43:59.255, 6, 99, 78641
2026/09/14 06:43:59.259, 7, 100, 78641
2026/09/14 06:43:59.767, 6, 100, 78641
2026/09/14 06:43:59.767, 7, 100, 78641
2026/09/14 06:44:00.268, 6, 100, 78641
2026/09/14 06:44:00.268, 7, 91, 78641
2026/09/14 06:44:00.768, 6, 100, 78641
2026/09/14 06:44:00.768, 7, 100, 78641
2026/09/14 06:44:01.268, 6, 100, 78641
2026/09/14 06:44:01.268, 7, 100, 78641
2026/09/14 06:44:01.768, 6, 100, 78641
2026/09/14 06:44:01.768, 7, 100, 78641
2026/09/14 06:44:02.268, 6, 99, 78641
2026/09/14 06:44:02.272, 7, 99, 78641
2026/09/14 06:44:02.772, 6, 100, 78641
2026/09/14 06:44:02.772, 7, 100, 78641
2026/09/14 06:44:03.272, 6, 100, 78641
2026/09/14 06:44:03.273, 7, 100, 78641
2026/09/14 06:44:03.773, 6, 89, 78641
2026/09/14 06:44:03.773, 7, 72, 78641
2026/09/14 06:44:04.273, 6, 100, 78641
2026/09/14 06:44:04.273, 7, 100, 78641
2026/09/14 06:44:04.773, 6, 100, 78641
2026/09/14 06:44:04.773, 7, 100, 78641
2026/09/14 06:44:05.273, 6, 100, 78641
2026/09/14 06:44:05.273, 7, 59, 78641
2026/09/14 06:44:05.774, 6, 99, 78641
2026/09/14 06:44:05.774, 7, 99, 78641
2026/09/14 06:44:06.274, 6, 100, 78641
2026/09/14 06:44:06.274, 7, 100, 78641
2026/09/14 06:44:06.774, 6, 100, 78641
2026/09/14 06:44:06.774, 7, 100, 78641
2026/09/14 06:44:07.274, 6, 99, 78641
2026/09/14 06:44:07.274, 7, 100, 78641
2026/09/14 06:44:07.774, 6, 100, 78641
2026/09/14 06:44:07.775, 7, 100, 78641
2026/09/14 06:44:08.275, 6, 100, 78641
2026/09/14 06:44:08.275, 7, 100, 78641
2026/09/14 06:44:08.776, 6, 72, 78641
2026/09/14 06:44:08.777, 7, 72, 78641
2026/09/14 06:44:09.277, 6, 100, 78641
2026/09/14 06:44:09.277, 7, 100, 78641
2026/09/14 06:44:09.777, 6, 100, 78641
2026/09/14 06:44:09.777, 7, 100, 78641
2026/09/14 06:44:10.277, 6, 100, 78641
2026/09/14 06:44:10.277, 7, 100, 78641
2026/09/14 06:44:10.777, 6, 99, 78641
2026/09/14 06:44:10.777, 7, 92, 78641
2026/09/14 06:44:11.277, 6, 100, 78641
2026/09/14 06:44:11.278, 7, 100, 78641
2026/09/14 06:44:11.778, 6, 100, 78641
2026/09/14 06:44:11.779, 7, 100, 78641
2026/09/14 06:44:12.279, 6, 73, 78641
2026/09/14 06:44:12.281, 7, 55, 78641
2026/09/14 06:44:12.781, 6, 100, 78641
2026/09/14 06:44:12.781, 7, 100, 78641
2026/09/14 06:44:13.281, 6, 100, 78641
2026/09/14 06:44:13.282, 7, 100, 78641
2026/09/14 06:44:13.782, 6, 85, 78641
2026/09/14 06:44:13.782, 7, 100, 78641
2026/09/14 06:44:14.282, 6, 99, 78641
2026/09/14 06:44:14.282, 7, 100, 78641
2026/09/14 06:44:14.782, 6, 100, 78641
2026/09/14 06:44:14.783, 7, 100, 78641
2026/09/14 06:44:15.283, 6, 100, 78641
2026/09/14 06:44:15.283, 7, 100, 78641
2026/09/14 06:44:15.783, 6, 99, 78641
2026/09/14 06:44:15.783, 7, 73, 78641
2026/09/14 06:44:16.283, 6, 100, 78641
2026/09/14 06:44:16.284, 7, 100, 78641
2026/09/14 06:44:16.785, 6, 100, 78641
2026/09/14 06:44:16.786, 7, 100, 78641
2026/09/14 06:44:17.287, 6, 74, 78641
2026/09/14 06:44:17.287, 7, 72, 78641
2026/09/14 06:44:17.787, 6, 100, 78641
2026/09/14 06:44:17.787, 7, 100, 78641
2026/09/14 06:44:18.287, 6, 100, 78641
2026/09/14 06:44:18.287, 7, 100, 78641
2026/09/14 06:44:18.787, 6, 100, 78641
2026/09/14 06:44:18.789, 7, 86, 78641
2026/09/14 06:44:19.290, 6, 99, 78641
2026/09/14 06:44:19.290, 7, 99, 78641
2026/09/14 06:44:19.790, 6, 100, 78641
2026/09/14 06:44:19.790, 7, 100, 78641
2026/09/14 06:44:20.290, 6, 100, 78641
2026/09/14 06:44:20.290, 7, 100, 78641
2026/09/14 06:44:20.790, 6, 99, 78641
2026/09/14 06:44:20.791, 7, 100, 78641
2026/09/14 06:44:21.292, 6, 100, 78641
2026/09/14 06:44:21.292, 7, 100, 78641
2026/09/14 06:44:21.792, 6, 100, 78641
2026/09/14 06:44:21.792, 7, 100, 78641
2026/09/14 06:44:22.292, 6, 73, 78641
2026/09/14 06:44:22.292, 7, 73, 78641
2026/09/14 06:44:22.792, 6, 100, 78641
2026/09/14 06:44:22.792, 7, 100, 78641
2026/09/14 06:44:23.292, 6, 100, 78641
2026/09/14 06:44:23.292, 7, 100, 78641
2026/09/14 06:44:23.793, 6, 73, 78641
2026/09/14 06:44:23.793, 7, 100, 78641
2026/09/14 06:44:24.293, 6, 99, 78641
2026/09/14 06:44:24.293, 7, 100, 78641
2026/09/14 06:44:24.793, 6, 100, 78641
2026/09/14 06:44:24.793, 7, 100, 78641
2026/09/14 06:44:25.293, 6, 100, 78641
2026/09/14 06:44:25.294, 7, 100, 78641
2026/09/14 06:44:25.794, 6, 0, 78641
2026/09/14 06:44:25.794, 7, 2, 78641
2026/09/14 06:44:26.294, 6, 99, 78641
2026/09/14 06:44:26.307, 7, 99, 78641
2026/09/14 06:44:26.808, 6, 100, 78641
2026/09/14 06:44:26.808, 7, 100, 78641
2026/09/14 06:44:27.308, 6, 100, 78641
2026/09/14 06:44:27.309, 7, 100, 78641
2026/09/14 06:44:27.809, 6, 0, 78641
2026/09/14 06:44:27.809, 7, 0, 78641
2026/09/14 06:44:28.309, 6, 0, 78641
2026/09/14 06:44:28.309, 7, 0, 78641
2026/09/14 06:44:28.809, 6, 11, 78641
2026/09/14 06:44:28.810, 7, 1, 78641
2026/09/14 06:44:29.310, 6, 0, 78641
2026/09/14 06:44:29.310, 7, 0, 78641
2026/09/14 06:44:29.810, 6, 0, 78641
2026/09/14 06:44:29.810, 7, 3, 78641
2026/09/14 06:44:30.311, 6, 3, 78641
2026/09/14 06:44:30.311, 7, 3, 78641
2026/09/14 06:44:30.811, 6, 3, 78641
2026/09/14 06:44:30.811, 7, 3, 78641
2026/09/14 06:44:31.311, 6, 11, 78641
2026/09/14 06:44:31.311, 7, 28, 78641
2026/09/14 06:44:31.812, 6, 9, 78641
2026/09/14 06:44:31.812, 7, 0, 78641
2026/09/14 06:44:32.312, 6, 0, 78641
2026/09/14 06:44:32.312, 7, 0, 78641
2026/09/14 06:44:32.812, 6, 0, 78641
2026/09/14 06:44:32.812, 7, 0, 78641
2026/09/14 06:44:33.313, 6, 0, 78641
2026/09/14 06:44:33.313, 7, 0, 78641
2026/09/14 06:44:33.813, 6, 0, 78641
2026/09/14 06:44:33.813, 7, 0, 78641
2026/09/14 06:44:34.313, 6, 0, 78641
2026/09/14 06:44:34.313, 7, 0, 78641
2026/09/14 06:44:34.813, 6, 0, 78641
2026/09/14 06:44:34.813, 7, 0, 78641
2026/09/14 06:44:35.314, 6, 0, 78641
2026/09/14 06:44:35.314, 7, 0, 78641
2026/09/14 06:44:35.814, 6, 0, 78641
2026/09/14 06:44:35.814, 7, 0, 78641
2026/09/14 06:44:36.314, 6, 0, 78641
2026/09/14 06:44:36.314, 7, 0, 78641
2026/09/14 06:44:36.814, 6, 0, 78641
2026/09/14 06:44:36.815, 7, 0, 78641
2026/09/14 06:44:37.315, 6, 0, 78641
2026/09/14 06:44:37.315, 7, 0, 78641
2026/09/14 06:44:37.815, 6, 0, 78641
2026/09/14 06:44:37.815, 7, 0, 78641
2026/09/14 06:44:38.316, 6, 0, 78641
2026/09/14 06:44:38.316, 7, 0, 78641
2026/09/14 06:44:38.816, 6, 0, 78641
2026/09/14 06:44:38.816, 7, 0, 78641
2026/09/14 06:44:39.316, 6, 0, 78641
2026/09/14 06:44:39.316, 7, 0, 78641
2026/09/14 06:44:39.817, 6, 0, 78641
2026/09/14 06:44:39.817, 7, 0, 78641
2026/09/14 06:44:40.317, 6, 0, 78641
2026/09/14 06:44:40.318, 7, 0, 78641
2026/09/14 06:44:40.818, 6, 1, 78641
2026/09/14 06:44:40.818, 7, 0, 78641
2026/09/14 06:44:41.318, 6, 3, 78641
2026/09/14 06:44:41.318, 7, 3, 78641
2026/09/14 06:44:41.819, 6, 1, 78641
2026/09/14 06:44:41.819, 7, 0, 78641
2026/09/14 06:44:42.319, 6, 0, 78641
2026/09/14 06:44:42.319, 7, 0, 78641
2026/09/14 06:44:42.819, 6, 6, 78641
2026/09/14 06:44:42.819, 7, 0, 78641
2026/09/14 06:44:43.320, 6, 4, 78641
2026/09/14 06:44:43.320, 7, 16, 78641
2026/09/14 06:44:43.821, 6, 24, 78641
2026/09/14 06:44:43.821, 7, 28, 78641
2026/09/14 06:44:44.321, 6, 28, 78641
2026/09/14 06:44:44.321, 7, 28, 78641
2026/09/14 06:44:44.822, 6, 0, 78641
2026/09/14 06:44:44.822, 7, 0, 78641
2026/09/14 06:44:45.322, 6, 0, 78641
2026/09/14 06:44:45.322, 7, 0, 78641
2026/09/14 06:44:45.822, 6, 0, 78641
2026/09/14 06:44:45.822, 7, 0, 78641
2026/09/14 06:44:46.322, 6, 0, 78641
2026/09/14 06:44:46.322, 7, 0, 78641
2026/09/14 06:44:46.822, 6, 0, 78641
2026/09/14 06:44:46.822, 7, 0, 78641
2026/09/14 06:44:47.323, 6, 0, 78641
2026/09/14 06:44:47.323, 7, 0, 78641
2026/09/14 06:44:47.823, 6, 0, 78641
2026/09/14 06:44:47.823, 7, 0, 78641
2026/09/14 06:44:48.323, 6, 0, 78641
2026/09/14 06:44:48.323, 7, 0, 78641
2026/09/14 06:44:48.823, 6, 0, 78641
2026/09/14 06:44:48.823, 7, 0, 78641
2026/09/14 06:44:49.323, 6, 0, 78641
2026/09/14 06:44:49.323, 7, 0, 78641
2026/09/14 06:44:49.824, 6, 0, 78641
2026/09/14 06:44:49.825, 7, 0, 78641
2026/09/14 06:44:50.325, 6, 0, 78641
2026/09/14 06:44:50.325, 7, 0, 78641
2026/09/14 06:44:50.825, 6, 0, 78641
2026/09/14 06:44:50.825, 7, 0, 78641
2026/09/14 06:44:51.325, 6, 0, 78641
2026/09/14 06:44:51.325, 7, 0, 78641
2026/09/14 06:44:51.825, 6, 0, 78641
2026/09/14 06:44:51.826, 7, 0, 78641
2026/09/14 06:44:52.326, 6, 0, 78641
2026/09/14 06:44:52.326, 7, 0, 78641
2026/09/14 06:44:52.826, 6, 0, 78641
2026/09/14 06:44:52.826, 7, 0, 78641
2026/09/14 06:44:53.326, 6, 0, 78641
2026/09/14 06:44:53.326, 7, 0, 78641
2026/09/14 06:44:53.827, 6, 0, 78641
2026/09/14 06:44:53.827, 7, 0, 78641
2026/09/14 06:44:54.327, 6, 0, 78641
2026/09/14 06:44:54.327, 7, 0, 78641
2026/09/14 06:44:54.827, 6, 0, 78641
2026/09/14 06:44:54.827, 7, 0, 78641
2026/09/14 06:44:55.327, 6, 0, 78641
2026/09/14 06:44:55.327, 7, 0, 78641
2026/09/14 06:44:55.828, 6, 0, 78641
2026/09/14 06:44:55.828, 7, 0, 78641
2026/09/14 06:44:56.328, 6, 0, 78641
2026/09/14 06:44:56.328, 7, 0, 78641
2026/09/14 06:44:56.828, 6, 0, 78641
2026/09/14 06:44:56.828, 7, 0, 78641
2026/09/14 06:44:57.328, 6, 0, 78641
2026/09/14 06:44:57.328, 7, 0, 78641
2026/09/14 06:44:57.828, 6, 0, 78641
2026/09/14 06:44:57.829, 7, 0, 78641
2026/09/14 06:44:58.329, 6, 0, 78641
2026/09/14 06:44:58.329, 7, 0, 78641
2026/09/14 06:44:58.829, 6, 0, 78641
2026/09/14 06:44:58.829, 7, 0, 78641
2026/09/14 06:44:59.329, 6, 0, 78641
2026/09/14 06:44:59.329, 7, 0, 78641
2026/09/14 06:44:59.829, 6, 0, 78641
2026/09/14 06:44:59.829, 7, 0, 78641
2026/09/14 06:45:00.329, 6, 0, 78641
2026/09/14 06:45:00.330, 7, 0, 78641
2026/09/14 06:45:00.830, 6, 31, 78641
2026/09/14 06:45:00.830, 7, 25, 78641
2026/09/14 06:45:01.330, 6, 18, 78641
2026/09/14 06:45:01.330, 7, 28, 78641
2026/09/14 06:45:01.830, 6, 0, 78641
2026/09/14 06:45:01.830, 7, 0, 78641
2026/09/14 06:45:02.330, 6, 0, 78641
2026/09/14 06:45:02.330, 7, 0, 78641
2026/09/14 06:45:02.830, 6, 0, 78641
2026/09/14 06:45:02.831, 7, 0, 78641
2026/09/14 06:45:03.331, 6, 0, 78641
2026/09/14 06:45:03.331, 7, 0, 78641
2026/09/14 06:45:03.832, 6, 0, 78641
2026/09/14 06:45:03.832, 7, 0, 78641
2026/09/14 06:45:04.332, 6, 0, 78641
2026/09/14 06:45:04.333, 7, 0, 78641
2026/09/14 06:45:04.833, 6, 0, 78641
2026/09/14 06:45:04.833, 7, 0, 78641
2026/09/14 06:45:05.333, 6, 0, 78641
2026/09/14 06:45:05.333, 7, 0, 78641
2026/09/14 06:45:05.834, 6, 0, 78641
2026/09/14 06:45:05.834, 7, 0, 78641
2026/09/14 06:45:06.334, 6, 0, 78641
2026/09/14 06:45:06.334, 7, 0, 78641
2026/09/14 06:45:06.834, 6, 0, 78641
2026/09/14 06:45:06.834, 7, 0, 78641
2026/09/14 06:45:07.335, 6, 0, 78641
2026/09/14 06:45:07.335, 7, 0, 78641
2026/09/14 06:45:07.835, 6, 0, 78641
2026/09/14 06:45:07.835, 7, 0, 78641
2026/09/14 06:45:08.335, 6, 0, 78641
2026/09/14 06:45:08.335, 7, 0, 78641
2026/09/14 06:45:08.835, 6, 0, 78641
2026/09/14 06:45:08.835, 7, 0, 78641
2026/09/14 06:45:09.335, 6, 0, 78641
2026/09/14 06:45:09.336, 7, 0, 78641
2026/09/14 06:45:09.836, 6, 2, 78641
2026/09/14 06:45:09.836, 7, 0, 78641
2026/09/14 06:45:10.336, 6, 0, 78641
2026/09/14 06:45:10.336, 7, 0, 78641
2026/09/14 06:45:10.836, 6, 0, 78641
2026/09/14 06:45:10.836, 7, 0, 78641
2026/09/14 06:45:11.336, 6, 0, 78641
2026/09/14 06:45:11.337, 7, 0, 78641
2026/09/14 06:45:11.837, 6, 12, 78641
2026/09/14 06:45:11.837, 7, 0, 78641
2026/09/14 06:45:12.337, 6, 0, 78641
2026/09/14 06:45:12.338, 7, 0, 78641
2026/09/14 06:45:12.838, 6, 9, 78641
2026/09/14 06:45:12.838, 7, 0, 78641
2026/09/14 06:45:13.338, 6, 0, 78641
2026/09/14 06:45:13.339, 7, 0, 78641
2026/09/14 06:45:13.839, 6, 0, 78641
2026/09/14 06:45:13.839, 7, 0, 78641
2026/09/14 06:45:14.339, 6, 0, 78641
2026/09/14 06:45:14.339, 7, 1, 78641
2026/09/14 06:45:14.839, 6, 29, 78641
2026/09/14 06:45:14.839, 7, 28, 78641
2026/09/14 06:45:15.340, 6, 0, 78641
2026/09/14 06:45:15.340, 7, 0, 78641
2026/09/14 06:45:15.841, 6, 0, 78641
2026/09/14 06:45:15.841, 7, 0, 78641
2026/09/14 06:45:16.342, 6, 0, 78641
2026/09/14 06:45:16.343, 7, 0, 78641
2026/09/14 06:45:16.843, 6, 0, 78641
2026/09/14 06:45:16.843, 7, 0, 78641
2026/09/14 06:45:17.343, 6, 0, 78641
2026/09/14 06:45:17.343, 7, 0, 78641
2026/09/14 06:45:17.843, 6, 0, 78641
2026/09/14 06:45:17.843, 7, 0, 78641
2026/09/14 06:45:18.343, 6, 0, 78641
2026/09/14 06:45:18.344, 7, 0, 78641
2026/09/14 06:45:18.844, 6, 0, 78641
2026/09/14 06:45:18.844, 7, 0, 78641
2026/09/14 06:45:19.344, 6, 0, 78641
2026/09/14 06:45:19.344, 7, 0, 78641
2026/09/14 06:45:19.844, 6, 0, 78641
2026/09/14 06:45:19.845, 7, 0, 78641
2026/09/14 06:45:20.345, 6, 0, 78641
2026/09/14 06:45:20.345, 7, 0, 78641
2026/09/14 06:45:20.845, 6, 0, 78641
2026/09/14 06:45:20.845, 7, 0, 78641
2026/09/14 06:45:21.345, 6, 0, 78641
2026/09/14 06:45:21.345, 7, 0, 78641
2026/09/14 06:45:21.845, 6, 0, 78641
2026/09/14 06:45:21.846, 7, 0, 78641
2026/09/14 06:45:22.346, 6, 12, 78641
2026/09/14 06:45:22.346, 7, 12, 78641
2026/09/14 06:45:22.846, 6, 0, 78641
2026/09/14 06:45:22.846, 7, 0, 78641
2026/09/14 06:45:23.346, 6, 6, 78641
2026/09/14 06:45:23.347, 7, 6, 78641
2026/09/14 06:45:23.847, 6, 3, 78641
2026/09/14 06:45:23.847, 7, 3, 78641
2026/09/14 06:45:24.348, 6, 12, 78641
2026/09/14 06:45:24.348, 7, 12, 78641
2026/09/14 06:45:24.848, 6, 0, 78641
2026/09/14 06:45:24.848, 7, 0, 78641
2026/09/14 06:45:25.348, 6, 0, 78641
2026/09/14 06:45:25.348, 7, 6, 78641
2026/09/14 06:45:25.849, 6, 11, 78641
2026/09/14 06:45:25.849, 7, 25, 78641
2026/09/14 06:45:26.349, 6, 20, 78641
2026/09/14 06:45:26.350, 7, 15, 78641
2026/09/14 06:45:26.850, 6, 19, 78641
2026/09/14 06:45:26.850, 7, 10, 78641
2026/09/14 06:45:27.350, 6, 0, 78641
2026/09/14 06:45:27.350, 7, 0, 78641
2026/09/14 06:45:27.850, 6, 0, 78641
2026/09/14 06:45:27.850, 7, 0, 78641
2026/09/14 06:45:28.350, 6, 0, 78641
2026/09/14 06:45:28.350, 7, 0, 78641
2026/09/14 06:45:28.851, 6, 0, 78641
2026/09/14 06:45:28.851, 7, 0, 78641
2026/09/14 06:45:29.351, 6, 0, 78641
2026/09/14 06:45:29.351, 7, 0, 78641
2026/09/14 06:45:29.851, 6, 0, 78641
2026/09/14 06:45:29.852, 7, 0, 78641
2026/09/14 06:45:30.352, 6, 0, 78641
2026/09/14 06:45:30.352, 7, 0, 78641
2026/09/14 06:45:30.852, 6, 0, 78641
2026/09/14 06:45:30.852, 7, 0, 78641
2026/09/14 06:45:31.352, 6, 0, 78641
2026/09/14 06:45:31.353, 7, 0, 78641
2026/09/14 06:45:31.854, 6, 0, 78641
2026/09/14 06:45:31.854, 7, 0, 78641
2026/09/14 06:45:32.354, 6, 0, 78641
2026/09/14 06:45:32.354, 7, 0, 78641
2026/09/14 06:45:32.855, 6, 0, 78641
2026/09/14 06:45:32.855, 7, 0, 78641
2026/09/14 06:45:33.355, 6, 0, 78641
2026/09/14 06:45:33.355, 7, 0, 78641
2026/09/14 06:45:33.856, 6, 0, 78641
2026/09/14 06:45:33.856, 7, 0, 78641
2026/09/14 06:45:34.356, 6, 0, 78641
2026/09/14 06:45:34.356, 7, 0, 78641
2026/09/14 06:45:34.856, 6, 0, 78641
2026/09/14 06:45:34.859, 7, 0, 78641
2026/09/14 06:45:35.360, 6, 0, 78641
2026/09/14 06:45:35.361, 7, 0, 78641
2026/09/14 06:45:35.861, 6, 0, 78641
2026/09/14 06:45:35.861, 7, 0, 78641
2026/09/14 06:45:36.361, 6, 0, 78641
2026/09/14 06:45:36.361, 7, 0, 78641
2026/09/14 06:45:36.861, 6, 0, 78641
2026/09/14 06:45:36.861, 7, 0, 78641
2026/09/14 06:45:37.362, 6, 0, 78641
2026/09/14 06:45:37.362, 7, 0, 78641
2026/09/14 06:45:37.862, 6, 0, 78641
2026/09/14 06:45:37.862, 7, 0, 78641
2026/09/14 06:45:38.362, 6, 0, 78641
2026/09/14 06:45:38.362, 7, 0, 78641
2026/09/14 06:45:38.862, 6, 0, 78641
2026/09/14 06:45:38.863, 7, 0, 78641
2026/09/14 06:45:39.363, 6, 0, 78641
2026/09/14 06:45:39.364, 7, 0, 78641
2026/09/14 06:45:39.864, 6, 0, 78641
2026/09/14 06:45:39.864, 7, 0, 78641
2026/09/14 06:45:40.364, 6, 0, 78641
2026/09/14 06:45:40.364, 7, 0, 78641
2026/09/14 06:45:40.864, 6, 0, 78641
2026/09/14 06:45:40.864, 7, 0, 78641
2026/09/14 06:45:41.364, 6, 0, 78641
2026/09/14 06:45:41.364, 7, 0, 78641
2026/09/14 06:45:41.864, 6, 0, 78641
2026/09/14 06:45:41.865, 7, 0, 78641
2026/09/14 06:45:42.365, 6, 0, 78641
2026/09/14 06:45:42.365, 7, 0, 78641
2026/09/14 06:45:42.865, 6, 0, 78641
2026/09/14 06:45:42.865, 7, 0, 78641
2026/09/14 06:45:43.365, 6, 31, 78641
2026/09/14 06:45:43.365, 7, 16, 78641
2026/09/14 06:45:43.865, 6, 0, 78641
2026/09/14 06:45:43.865, 7, 9, 78641
2026/09/14 06:45:44.366, 6, 0, 78641
2026/09/14 06:45:44.366, 7, 0, 78641
2026/09/14 06:45:44.866, 6, 0, 78641
2026/09/14 06:45:44.866, 7, 0, 78641
2026/09/14 06:45:45.366, 6, 0, 78641
2026/09/14 06:45:45.367, 7, 0, 78641
2026/09/14 06:45:45.867, 6, 0, 78641
2026/09/14 06:45:45.867, 7, 0, 78641
2026/09/14 06:45:46.367, 6, 0, 78641
2026/09/14 06:45:46.367, 7, 0, 78641
2026/09/14 06:45:46.867, 6, 0, 78641
2026/09/14 06:45:46.867, 7, 0, 78641
2026/09/14 06:45:47.367, 6, 0, 78641
2026/09/14 06:45:47.367, 7, 0, 78641
2026/09/14 06:45:47.867, 6, 0, 78641
2026/09/14 06:45:47.867, 7, 0, 78641
2026/09/14 06:45:48.368, 6, 0, 78641
2026/09/14 06:45:48.368, 7, 0, 78641
2026/09/14 06:45:48.868, 6, 0, 78641
2026/09/14 06:45:48.868, 7, 0, 78641
2026/09/14 06:45:49.368, 6, 0, 78641
2026/09/14 06:45:49.368, 7, 0, 78641
2026/09/14 06:45:49.868, 6, 0, 78641
2026/09/14 06:45:49.868, 7, 0, 78641
2026/09/14 06:45:50.368, 6, 0, 78641
2026/09/14 06:45:50.369, 7, 0, 78641
2026/09/14 06:45:50.869, 6, 0, 78641
2026/09/14 06:45:50.869, 7, 0, 78641
2026/09/14 06:45:51.369, 6, 0, 78641
2026/09/14 06:45:51.369, 7, 0, 78641
2026/09/14 06:45:51.869, 6, 0, 78641
2026/09/14 06:45:51.869, 7, 0, 78641
2026/09/14 06:45:52.370, 6, 3, 78641
2026/09/14 06:45:52.370, 7, 0, 78641
2026/09/14 06:45:52.870, 6, 0, 78641
2026/09/14 06:45:52.870, 7, 0, 78641
2026/09/14 06:45:53.370, 6, 0, 78641
2026/09/14 06:45:53.370, 7, 0, 78641
2026/09/14 06:45:53.871, 6, 0, 78641
2026/09/14 06:45:53.871, 7, 0, 78641
2026/09/14 06:45:54.371, 6, 12, 78641
2026/09/14 06:45:54.371, 7, 1, 78641
2026/09/14 06:45:54.871, 6, 0, 78641
2026/09/14 06:45:54.871, 7, 0, 78641
2026/09/14 06:45:55.371, 6, 9, 78641
2026/09/14 06:45:55.371, 7, 9, 78641
2026/09/14 06:45:55.872, 6, 0, 78641
2026/09/14 06:45:55.872, 7, 0, 78641
2026/09/14 06:45:56.372, 6, 0, 78641
2026/09/14 06:45:56.372, 7, 0, 78641
2026/09/14 06:45:56.872, 6, 1, 78641
2026/09/14 06:45:56.872, 7, 2, 78641
2026/09/14 06:45:57.372, 6, 29, 78641
2026/09/14 06:45:57.372, 7, 26, 78641
2026/09/14 06:45:57.872, 6, 0, 78641
2026/09/14 06:45:57.873, 7, 0, 78641
2026/09/14 06:45:58.373, 6, 0, 78641
2026/09/14 06:45:58.373, 7, 0, 78641
2026/09/14 06:45:58.873, 6, 0, 78641
2026/09/14 06:45:58.873, 7, 0, 78641
2026/09/14 06:45:59.374, 6, 0, 78641
2026/09/14 06:45:59.374, 7, 0, 78641
2026/09/14 06:45:59.874, 6, 0, 78641
2026/09/14 06:45:59.874, 7, 0, 78641
2026/09/14 06:46:00.375, 6, 0, 78641
2026/09/14 06:46:00.375, 7, 0, 78641
2026/09/14 06:46:00.875, 6, 0, 78641
2026/09/14 06:46:00.875, 7, 0, 78641
2026/09/14 06:46:01.375, 6, 0, 78641
2026/09/14 06:46:01.375, 7, 0, 78641
2026/09/14 06:46:01.875, 6, 0, 78641
2026/09/14 06:46:01.875, 7, 0, 78641
2026/09/14 06:46:02.375, 6, 0, 78641
2026/09/14 06:46:02.375, 7, 0, 78641
2026/09/14 06:46:02.876, 6, 0, 78641
2026/09/14 06:46:02.876, 7, 0, 78641
2026/09/14 06:46:03.376, 6, 0, 78641
2026/09/14 06:46:03.376, 7, 0, 78641
2026/09/14 06:46:03.876, 6, 0, 78641
2026/09/14 06:46:03.876, 7, 0, 78641
2026/09/14 06:46:04.376, 6, 0, 78641
2026/09/14 06:46:04.376, 7, 0, 78641
2026/09/14 06:46:04.877, 6, 1, 78641
2026/09/14 06:46:04.877, 7, 0, 78641
2026/09/14 06:46:05.377, 6, 0, 78641
2026/09/14 06:46:05.377, 7, 0, 78641
2026/09/14 06:46:05.878, 6, 6, 78641
2026/09/14 06:46:05.878, 7, 0, 78641
2026/09/14 06:46:06.378, 6, 3, 78641
2026/09/14 06:46:06.378, 7, 3, 78641
2026/09/14 06:46:06.880, 6, 6, 78641
2026/09/14 06:46:06.880, 7, 0, 78641
2026/09/14 06:46:07.380, 6, 0, 78641
2026/09/14 06:46:07.380, 7, 0, 78641
2026/09/14 06:46:07.880, 6, 6, 78641
2026/09/14 06:46:07.880, 7, 0, 78641
2026/09/14 06:46:08.380, 6, 0, 78641
2026/09/14 06:46:08.380, 7, 17, 78641
2026/09/14 06:46:08.881, 6, 22, 78641
2026/09/14 06:46:08.881, 7, 15, 78641
2026/09/14 06:46:09.381, 6, 26, 78641
2026/09/14 06:46:09.381, 7, 12, 78641
2026/09/14 06:46:09.881, 6, 0, 78641
2026/09/14 06:46:09.881, 7, 0, 78641
2026/09/14 06:46:10.381, 6, 0, 78641
2026/09/14 06:46:10.381, 7, 0, 78641
2026/09/14 06:46:10.881, 6, 0, 78641
2026/09/14 06:46:10.882, 7, 0, 78641
2026/09/14 06:46:11.382, 6, 0, 78641
2026/09/14 06:46:11.382, 7, 0, 78641
2026/09/14 06:46:11.882, 6, 0, 78641
2026/09/14 06:46:11.882, 7, 0, 78641
2026/09/14 06:46:12.382, 6, 0, 78641
2026/09/14 06:46:12.383, 7, 0, 78641
2026/09/14 06:46:12.883, 6, 0, 78641
2026/09/14 06:46:12.883, 7, 0, 78641
2026/09/14 06:46:13.383, 6, 0, 78641
2026/09/14 06:46:13.383, 7, 0, 78641
2026/09/14 06:46:13.883, 6, 0, 78641
2026/09/14 06:46:13.883, 7, 0, 78641
2026/09/14 06:46:14.383, 6, 0, 78641
2026/09/14 06:46:14.383, 7, 0, 78641
2026/09/14 06:46:14.884, 6, 0, 78641
2026/09/14 06:46:14.884, 7, 0, 78641
2026/09/14 06:46:15.384, 6, 0, 78641
2026/09/14 06:46:15.385, 7, 0, 78641
2026/09/14 06:46:15.885, 6, 0, 78641
2026/09/14 06:46:15.885, 7, 0, 78641
2026/09/14 06:46:16.386, 6, 0, 78641
2026/09/14 06:46:16.386, 7, 0, 78641
2026/09/14 06:46:16.886, 6, 0, 78641
2026/09/14 06:46:16.891, 7, 0, 78641
2026/09/14 06:46:17.398, 6, 0, 78641
2026/09/14 06:46:17.399, 7, 0, 78641
2026/09/14 06:46:17.899, 6, 0, 78641
2026/09/14 06:46:17.899, 7, 0, 78641
2026/09/14 06:46:18.399, 6, 0, 78641
2026/09/14 06:46:18.399, 7, 0, 78641
2026/09/14 06:46:18.899, 6, 0, 78641
2026/09/14 06:46:18.899, 7, 0, 78641
2026/09/14 06:46:19.399, 6, 0, 78641
2026/09/14 06:46:19.399, 7, 0, 78641
2026/09/14 06:46:19.900, 6, 0, 78641
2026/09/14 06:46:19.900, 7, 0, 78641
2026/09/14 06:46:20.400, 6, 0, 78641
2026/09/14 06:46:20.402, 7, 0, 78641
2026/09/14 06:46:20.902, 6, 0, 78641
2026/09/14 06:46:20.902, 7, 0, 78641
2026/09/14 06:46:21.402, 6, 0, 78641
2026/09/14 06:46:21.403, 7, 0, 78641
2026/09/14 06:46:21.903, 6, 0, 78641
2026/09/14 06:46:21.903, 7, 0, 78641
2026/09/14 06:46:22.403, 6, 0, 78641
2026/09/14 06:46:22.403, 7, 0, 78641
2026/09/14 06:46:22.903, 6, 0, 78641
2026/09/14 06:46:22.904, 7, 0, 78641
2026/09/14 06:46:23.404, 6, 0, 78641
2026/09/14 06:46:23.404, 7, 0, 78641
2026/09/14 06:46:23.904, 6, 0, 78641
2026/09/14 06:46:23.905, 7, 0, 78641
2026/09/14 06:46:24.406, 6, 0, 78641
2026/09/14 06:46:24.406, 7, 0, 78641
2026/09/14 06:46:24.906, 6, 0, 78641
2026/09/14 06:46:24.906, 7, 0, 78641
2026/09/14 06:46:25.406, 6, 0, 78641
2026/09/14 06:46:25.406, 7, 0, 78641
2026/09/14 06:46:25.906, 6, 30, 78641
2026/09/14 06:46:25.906, 7, 21, 78641
2026/09/14 06:46:26.407, 6, 0, 78641
2026/09/14 06:46:26.407, 7, 8, 78641
2026/09/14 06:46:26.907, 6, 0, 78641
2026/09/14 06:46:26.907, 7, 0, 78641
2026/09/14 06:46:27.407, 6, 0, 78641
2026/09/14 06:46:27.407, 7, 0, 78641
2026/09/14 06:46:27.907, 6, 0, 78641
2026/09/14 06:46:27.907, 7, 0, 78641
2026/09/14 06:46:28.408, 6, 0, 78641
2026/09/14 06:46:28.408, 7, 0, 78641
2026/09/14 06:46:28.908, 6, 0, 78641
2026/09/14 06:46:28.908, 7, 0, 78641
2026/09/14 06:46:29.408, 6, 0, 78641
2026/09/14 06:46:29.408, 7, 0, 78641
2026/09/14 06:46:29.908, 6, 0, 78641
2026/09/14 06:46:29.908, 7, 0, 78641
2026/09/14 06:46:30.408, 6, 0, 78641
2026/09/14 06:46:30.408, 7, 0, 78641
2026/09/14 06:46:30.909, 6, 0, 78641
2026/09/14 06:46:30.909, 7, 0, 78641
2026/09/14 06:46:31.409, 6, 0, 78641
2026/09/14 06:46:31.409, 7, 0, 78641
2026/09/14 06:46:31.909, 6, 0, 78641
2026/09/14 06:46:31.910, 7, 0, 78641
2026/09/14 06:46:32.410, 6, 0, 78641
2026/09/14 06:46:32.410, 7, 0, 78641
2026/09/14 06:46:32.910, 6, 0, 78641
2026/09/14 06:46:32.910, 7, 0, 78641
2026/09/14 06:46:33.411, 6, 0, 78641
2026/09/14 06:46:33.411, 7, 0, 78641
2026/09/14 06:46:33.912, 6, 0, 78641
2026/09/14 06:46:33.912, 7, 0, 78641
2026/09/14 06:46:34.412, 6, 21, 78641
2026/09/14 06:46:34.412, 7, 4, 78641
2026/09/14 06:46:34.912, 6, 0, 78641
2026/09/14 06:46:34.912, 7, 0, 78641
2026/09/14 06:46:35.412, 6, 0, 78641
2026/09/14 06:46:35.412, 7, 0, 78641
2026/09/14 06:46:35.912, 6, 0, 78641
2026/09/14 06:46:35.913, 7, 0, 78641
2026/09/14 06:46:36.413, 6, 0, 78641
2026/09/14 06:46:36.413, 7, 0, 78641
2026/09/14 06:46:36.913, 6, 12, 78641
2026/09/14 06:46:36.913, 7, 1, 78641
2026/09/14 06:46:37.414, 6, 0, 78641
2026/09/14 06:46:37.414, 7, 0, 78641
2026/09/14 06:46:37.914, 6, 9, 78641
2026/09/14 06:46:37.914, 7, 9, 78641
2026/09/14 06:46:38.415, 6, 0, 78641
2026/09/14 06:46:38.415, 7, 0, 78641
2026/09/14 06:46:38.915, 6, 0, 78641
2026/09/14 06:46:38.915, 7, 0, 78641
2026/09/14 06:46:39.415, 6, 1, 78641
2026/09/14 06:46:39.416, 7, 1, 78641
2026/09/14 06:46:39.916, 6, 0, 78641
2026/09/14 06:46:39.916, 7, 0, 78641
2026/09/14 06:46:40.416, 6, 0, 78641
2026/09/14 06:46:40.417, 7, 0, 78641
2026/09/14 06:46:40.917, 6, 11, 78641
2026/09/14 06:46:40.917, 7, 6, 78641
2026/09/14 06:46:41.417, 6, 0, 78641
2026/09/14 06:46:41.417, 7, 0, 78641
2026/09/14 06:46:41.918, 6, 0, 78641
2026/09/14 06:46:41.918, 7, 3, 78641
2026/09/14 06:46:42.418, 6, 0, 78641
2026/09/14 06:46:42.418, 7, 3, 78641
2026/09/14 06:46:42.918, 6, 3, 78641
2026/09/14 06:46:42.918, 7, 3, 78641
2026/09/14 06:46:43.418, 6, 29, 78641
2026/09/14 06:46:43.418, 7, 29, 78641
2026/09/14 06:46:43.918, 6, 0, 78641
2026/09/14 06:46:43.919, 7, 0, 78641
2026/09/14 06:46:44.419, 6, 0, 78641
2026/09/14 06:46:44.419, 7, 0, 78641
2026/09/14 06:46:44.919, 6, 0, 78641
2026/09/14 06:46:44.919, 7, 0, 78641
2026/09/14 06:46:45.419, 6, 0, 78641
2026/09/14 06:46:45.419, 7, 0, 78641
2026/09/14 06:46:45.920, 6, 0, 78641
2026/09/14 06:46:45.920, 7, 0, 78641
2026/09/14 06:46:46.420, 6, 0, 78641
2026/09/14 06:46:46.420, 7, 0, 78641
2026/09/14 06:46:46.920, 6, 0, 78641
2026/09/14 06:46:46.941, 7, 0, 78641
2026/09/14 06:46:47.442, 6, 0, 78641
2026/09/14 06:46:47.442, 7, 0, 78641
2026/09/14 06:46:47.942, 6, 0, 78641
2026/09/14 06:46:47.942, 7, 0, 78641
2026/09/14 06:46:48.442, 6, 0, 78641
2026/09/14 06:46:48.442, 7, 0, 78641
2026/09/14 06:46:48.943, 6, 0, 78641
2026/09/14 06:46:48.943, 7, 0, 78641
2026/09/14 06:46:49.443, 6, 0, 78641
2026/09/14 06:46:49.443, 7, 0, 78641
2026/09/14 06:46:49.943, 6, 0, 78641
2026/09/14 06:46:49.944, 7, 0, 78641
2026/09/14 06:46:50.444, 6, 0, 78641
2026/09/14 06:46:50.444, 7, 0, 78641
2026/09/14 06:46:50.944, 6, 11, 78641
2026/09/14 06:46:50.944, 7, 12, 78641
2026/09/14 06:46:51.444, 6, 0, 78641
2026/09/14 06:46:51.444, 7, 0, 78641
2026/09/14 06:46:51.944, 6, 0, 78641
2026/09/14 06:46:51.945, 7, 6, 78641
2026/09/14 06:46:52.445, 6, 3, 78641
2026/09/14 06:46:52.445, 7, 3, 78641
2026/09/14 06:46:52.945, 6, 12, 78641
2026/09/14 06:46:52.945, 7, 12, 78641
2026/09/14 06:46:53.445, 6, 0, 78641
2026/09/14 06:46:53.445, 7, 0, 78641
2026/09/14 06:46:53.946, 6, 0, 78641
2026/09/14 06:46:53.946, 7, 6, 78641
2026/09/14 06:46:54.446, 6, 11, 78641
2026/09/14 06:46:54.446, 7, 22, 78641
2026/09/14 06:46:54.946, 6, 29, 78641
2026/09/14 06:46:54.946, 7, 29, 78641
2026/09/14 06:46:55.446, 6, 30, 78641
2026/09/14 06:46:55.446, 7, 28, 78641
2026/09/14 06:46:55.947, 6, 0, 78641
2026/09/14 06:46:55.947, 7, 0, 78641
2026/09/14 06:46:56.447, 6, 0, 78641
2026/09/14 06:46:56.447, 7, 0, 78641
2026/09/14 06:46:56.947, 6, 0, 78641
2026/09/14 06:46:56.947, 7, 0, 78641
2026/09/14 06:46:57.447, 6, 0, 78641
2026/09/14 06:46:57.447, 7, 0, 78641
2026/09/14 06:46:57.947, 6, 0, 78641
2026/09/14 06:46:57.948, 7, 0, 78641
2026/09/14 06:46:58.448, 6, 0, 78641
2026/09/14 06:46:58.448, 7, 0, 78641
2026/09/14 06:46:58.948, 6, 0, 78641
2026/09/14 06:46:58.948, 7, 0, 78641
2026/09/14 06:46:59.448, 6, 0, 78641
2026/09/14 06:46:59.448, 7, 0, 78641
2026/09/14 06:46:59.948, 6, 0, 78641
2026/09/14 06:46:59.949, 7, 0, 78641
2026/09/14 06:47:00.449, 6, 0, 78641
2026/09/14 06:47:00.449, 7, 0, 78641
2026/09/14 06:47:00.949, 6, 0, 78641
2026/09/14 06:47:00.949, 7, 0, 78641
2026/09/14 06:47:01.449, 6, 0, 78641
2026/09/14 06:47:01.449, 7, 0, 78641
2026/09/14 06:47:01.949, 6, 0, 78641
2026/09/14 06:47:01.949, 7, 0, 78641
2026/09/14 06:47:02.449, 6, 0, 78641
2026/09/14 06:47:02.450, 7, 0, 78641
2026/09/14 06:47:02.950, 6, 0, 78641
2026/09/14 06:47:02.950, 7, 0, 78641
2026/09/14 06:47:03.450, 6, 0, 78641
2026/09/14 06:47:03.450, 7, 0, 78641
2026/09/14 06:47:03.950, 6, 0, 78641
2026/09/14 06:47:03.950, 7, 0, 78641
2026/09/14 06:47:04.451, 6, 0, 78641
2026/09/14 06:47:04.452, 7, 0, 78641
2026/09/14 06:47:04.952, 6, 0, 78641
2026/09/14 06:47:04.953, 7, 0, 78641
2026/09/14 06:47:05.453, 6, 0, 78641
2026/09/14 06:47:05.453, 7, 0, 78641
2026/09/14 06:47:05.953, 6, 0, 78641
2026/09/14 06:47:05.953, 7, 0, 78641
2026/09/14 06:47:06.453, 6, 0, 78641
2026/09/14 06:47:06.454, 7, 0, 78641
2026/09/14 06:47:06.954, 6, 0, 78641
2026/09/14 06:47:06.954, 7, 0, 78641
2026/09/14 06:47:07.454, 6, 0, 78641
2026/09/14 06:47:07.454, 7, 0, 78641
2026/09/14 06:47:07.955, 6, 0, 78641
2026/09/14 06:47:07.955, 7, 0, 78641
2026/09/14 06:47:08.455, 6, 0, 78641
2026/09/14 06:47:08.455, 7, 0, 78641
2026/09/14 06:47:08.956, 6, 0, 78641
2026/09/14 06:47:08.956, 7, 0, 78641
2026/09/14 06:47:09.456, 6, 0, 78641
2026/09/14 06:47:09.456, 7, 0, 78641
2026/09/14 06:47:09.956, 6, 0, 78641
2026/09/14 06:47:09.956, 7, 0, 78641
2026/09/14 06:47:10.456, 6, 0, 78641
2026/09/14 06:47:10.456, 7, 0, 78641
2026/09/14 06:47:10.956, 6, 0, 78641
2026/09/14 06:47:10.957, 7, 0, 78641
2026/09/14 06:47:11.457, 6, 0, 78641
2026/09/14 06:47:11.457, 7, 0, 78641
2026/09/14 06:47:11.957, 6, 0, 78641
2026/09/14 06:47:11.957, 7, 0, 78641
2026/09/14 06:47:12.457, 6, 0, 78641
2026/09/14 06:47:12.457, 7, 0, 78641
2026/09/14 06:47:12.957, 6, 0, 78641
2026/09/14 06:47:12.958, 7, 0, 78641
2026/09/14 06:47:13.458, 6, 29, 78641
2026/09/14 06:47:13.458, 7, 29, 78641
2026/09/14 06:47:13.958, 6, 0, 78641
2026/09/14 06:47:13.958, 7, 9, 78641
2026/09/14 06:47:14.459, 6, 0, 78641
2026/09/14 06:47:14.459, 7, 0, 78641
2026/09/14 06:47:14.959, 6, 0, 78641
2026/09/14 06:47:14.959, 7, 0, 78641
2026/09/14 06:47:15.459, 6, 0, 78641
2026/09/14 06:47:15.459, 7, 0, 78641
2026/09/14 06:47:15.959, 6, 0, 78641
2026/09/14 06:47:15.959, 7, 0, 78641
2026/09/14 06:47:16.459, 6, 0, 78641
2026/09/14 06:47:16.459, 7, 0, 78641
2026/09/14 06:47:16.960, 6, 0, 78641
2026/09/14 06:47:16.960, 7, 0, 78641
2026/09/14 06:47:17.460, 6, 0, 78641
2026/09/14 06:47:17.460, 7, 0, 78641
2026/09/14 06:47:17.960, 6, 0, 78641
2026/09/14 06:47:17.960, 7, 0, 78641
2026/09/14 06:47:18.460, 6, 0, 78641
2026/09/14 06:47:18.460, 7, 0, 78641
2026/09/14 06:47:18.960, 6, 0, 78641
2026/09/14 06:47:18.960, 7, 0, 78641
2026/09/14 06:47:19.461, 6, 0, 78641
2026/09/14 06:47:19.461, 7, 0, 78641
2026/09/14 06:47:19.961, 6, 0, 78641
2026/09/14 06:47:19.961, 7, 0, 78641
2026/09/14 06:47:20.461, 6, 0, 78641
2026/09/14 06:47:20.461, 7, 0, 78641
2026/09/14 06:47:20.961, 6, 0, 78641
2026/09/14 06:47:20.961, 7, 0, 78641
2026/09/14 06:47:21.462, 6, 0, 78641
2026/09/14 06:47:21.462, 7, 0, 78641
2026/09/14 06:47:21.962, 6, 0, 78641
2026/09/14 06:47:21.963, 7, 0, 78641
2026/09/14 06:47:22.463, 6, 9, 78641
2026/09/14 06:47:22.463, 7, 23, 78641
2026/09/14 06:47:22.963, 6, 0, 78641
2026/09/14 06:47:22.963, 7, 0, 78641
2026/09/14 06:47:23.463, 6, 0, 78641
2026/09/14 06:47:23.463, 7, 0, 78641
2026/09/14 06:47:23.963, 6, 0, 78641
2026/09/14 06:47:23.964, 7, 0, 78641
2026/09/14 06:47:24.464, 6, 0, 78641
2026/09/14 06:47:24.465, 7, 11, 78641
2026/09/14 06:47:24.965, 6, 0, 78641
2026/09/14 06:47:24.965, 7, 0, 78641
2026/09/14 06:47:25.465, 6, 0, 78641
2026/09/14 06:47:25.465, 7, 0, 78641
2026/09/14 06:47:25.965, 6, 0, 78641
2026/09/14 06:47:25.966, 7, 0, 78641
2026/09/14 06:47:26.467, 6, 9, 78641
2026/09/14 06:47:26.467, 7, 9, 78641
2026/09/14 06:47:26.967, 6, 0, 78641
2026/09/14 06:47:26.967, 7, 0, 78641
2026/09/14 06:47:27.467, 6, 35, 78641
2026/09/14 06:47:27.468, 7, 97, 78641
2026/09/14 06:47:27.968, 6, 99, 78641
2026/09/14 06:47:27.968, 7, 100, 78641
2026/09/14 06:47:28.468, 6, 100, 78641
2026/09/14 06:47:28.468, 7, 100, 78641
2026/09/14 06:47:28.968, 6, 100, 78641
2026/09/14 06:47:28.969, 7, 100, 78641
2026/09/14 06:47:29.469, 6, 99, 78641
2026/09/14 06:47:29.469, 7, 100, 78641
2026/09/14 06:47:29.969, 6, 100, 78641
2026/09/14 06:47:29.969, 7, 100, 78641
2026/09/14 06:47:30.469, 6, 100, 78641
2026/09/14 06:47:30.469, 7, 100, 78641
2026/09/14 06:47:30.969, 6, 69, 78641
2026/09/14 06:47:30.970, 7, 99, 78641
2026/09/14 06:47:31.471, 6, 100, 78641
2026/09/14 06:47:31.471, 7, 100, 78641
2026/09/14 06:47:31.971, 6, 100, 78641
2026/09/14 06:47:31.971, 7, 100, 78641
2026/09/14 06:47:32.472, 6, 51, 78641
2026/09/14 06:47:32.472, 7, 67, 78641
2026/09/14 06:47:32.972, 6, 99, 78641
2026/09/14 06:47:32.972, 7, 100, 78641
2026/09/14 06:47:33.472, 6, 100, 78641
2026/09/14 06:47:33.472, 7, 100, 78641
2026/09/14 06:47:33.972, 6, 100, 78641
2026/09/14 06:47:33.972, 7, 100, 78641
2026/09/14 06:47:34.472, 6, 99, 78641
2026/09/14 06:47:34.473, 7, 100, 78641
2026/09/14 06:47:34.973, 6, 100, 78641
2026/09/14 06:47:34.973, 7, 100, 78641
2026/09/14 06:47:35.473, 6, 100, 78641
2026/09/14 06:47:35.473, 7, 100, 78641
2026/09/14 06:47:35.973, 6, 71, 78641
2026/09/14 06:47:35.974, 7, 99, 78641
2026/09/14 06:47:36.475, 6, 100, 78641
2026/09/14 06:47:36.475, 7, 100, 78641
2026/09/14 06:47:36.975, 6, 100, 78641
2026/09/14 06:47:36.976, 7, 100, 78641
2026/09/14 06:47:37.476, 6, 73, 78641
2026/09/14 06:47:37.476, 7, 91, 78641
2026/09/14 06:47:37.976, 6, 99, 78641
2026/09/14 06:47:37.976, 7, 100, 78641
2026/09/14 06:47:38.476, 6, 100, 78641
2026/09/14 06:47:38.476, 7, 100, 78641
2026/09/14 06:47:38.976, 6, 100, 78641
2026/09/14 06:47:38.977, 7, 100, 78641
2026/09/14 06:47:39.477, 6, 99, 78641
2026/09/14 06:47:39.478, 7, 99, 78641
2026/09/14 06:47:39.978, 6, 100, 78641
2026/09/14 06:47:39.978, 7, 100, 78641
2026/09/14 06:47:40.478, 6, 100, 78641
2026/09/14 06:47:40.478, 7, 100, 78641
2026/09/14 06:47:40.978, 6, 91, 78641
2026/09/14 06:47:40.979, 7, 92, 78641
2026/09/14 06:47:41.479, 6, 100, 78641
2026/09/14 06:47:41.479, 7, 100, 78641
2026/09/14 06:47:41.979, 6, 100, 78641
2026/09/14 06:47:41.980, 7, 100, 78641
2026/09/14 06:47:42.481, 6, 74, 78641
2026/09/14 06:47:42.481, 7, 97, 78641
2026/09/14 06:47:42.982, 6, 99, 78641
2026/09/14 06:47:42.982, 7, 99, 78641
2026/09/14 06:47:43.482, 6, 100, 78641
2026/09/14 06:47:43.482, 7, 100, 78641
2026/09/14 06:47:43.982, 6, 100, 78641
2026/09/14 06:47:43.982, 7, 100, 78641
2026/09/14 06:47:44.483, 6, 99, 78641
2026/09/14 06:47:44.483, 7, 100, 78641
2026/09/14 06:47:44.983, 6, 100, 78641
2026/09/14 06:47:44.984, 7, 100, 78641
2026/09/14 06:47:45.484, 6, 100, 78641
2026/09/14 06:47:45.484, 7, 100, 78641
2026/09/14 06:47:45.984, 6, 44, 78641
2026/09/14 06:47:45.984, 7, 65, 78641
2026/09/14 06:47:46.484, 6, 100, 78641
2026/09/14 06:47:46.484, 7, 100, 78641
2026/09/14 06:47:46.985, 6, 100, 78641
2026/09/14 06:47:46.985, 7, 100, 78641
2026/09/14 06:47:47.485, 6, 98, 78641
2026/09/14 06:47:47.485, 7, 100, 78641
2026/09/14 06:47:47.985, 6, 99, 78641
2026/09/14 06:47:47.985, 7, 100, 78641
2026/09/14 06:47:48.485, 6, 100, 78641
2026/09/14 06:47:48.485, 7, 100, 78641
2026/09/14 06:47:48.985, 6, 100, 78641
2026/09/14 06:47:48.985, 7, 100, 78641
2026/09/14 06:47:49.486, 6, 99, 78641
2026/09/14 06:47:49.486, 7, 100, 78641
2026/09/14 06:47:49.987, 6, 100, 78641
2026/09/14 06:47:49.987, 7, 100, 78641
2026/09/14 06:47:50.488, 6, 100, 78641
2026/09/14 06:47:50.488, 7, 100, 78641
2026/09/14 06:47:50.988, 6, 73, 78641
2026/09/14 06:47:50.989, 7, 78, 78641
2026/09/14 06:47:51.489, 6, 100, 78641
2026/09/14 06:47:51.489, 7, 100, 78641
2026/09/14 06:47:51.989, 6, 100, 78641
2026/09/14 06:47:51.989, 7, 100, 78641
2026/09/14 06:47:52.489, 6, 79, 78641
2026/09/14 06:47:52.489, 7, 100, 78641
2026/09/14 06:47:52.989, 6, 99, 78641
2026/09/14 06:47:52.989, 7, 100, 78641
2026/09/14 06:47:53.490, 6, 100, 78641
2026/09/14 06:47:53.490, 7, 100, 78641
2026/09/14 06:47:53.990, 6, 100, 78641
2026/09/14 06:47:53.990, 7, 100, 78641
2026/09/14 06:47:54.490, 6, 99, 78641
2026/09/14 06:47:54.490, 7, 99, 78641
2026/09/14 06:47:54.990, 6, 100, 78641
2026/09/14 06:47:54.990, 7, 100, 78641
2026/09/14 06:47:55.490, 6, 100, 78641
2026/09/14 06:47:55.491, 7, 100, 78641
2026/09/14 06:47:55.991, 6, 69, 78641
2026/09/14 06:47:55.991, 7, 89, 78641
2026/09/14 06:47:56.491, 6, 100, 78641
2026/09/14 06:47:56.491, 7, 100, 78641
2026/09/14 06:47:56.991, 6, 100, 78641
2026/09/14 06:47:56.991, 7, 100, 78641
2026/09/14 06:47:57.491, 6, 100, 78641
2026/09/14 06:47:57.491, 7, 100, 78641
2026/09/14 06:47:57.992, 6, 99, 78641
2026/09/14 06:47:57.992, 7, 100, 78641
2026/09/14 06:47:58.492, 6, 100, 78641
2026/09/14 06:47:58.492, 7, 100, 78641
2026/09/14 06:47:58.992, 6, 100, 78641
2026/09/14 06:47:58.992, 7, 100, 78641
2026/09/14 06:47:59.492, 6, 99, 78641
2026/09/14 06:47:59.493, 7, 92, 78641
2026/09/14 06:47:59.993, 6, 100, 78641
2026/09/14 06:47:59.994, 7, 100, 78641
2026/09/14 06:48:00.494, 6, 100, 78641
2026/09/14 06:48:00.495, 7, 100, 78641
2026/09/14 06:48:00.997, 6, 92, 78641
2026/09/14 06:48:00.997, 7, 100, 78641
2026/09/14 06:48:01.497, 6, 99, 78641
2026/09/14 06:48:01.500, 7, 100, 78641
2026/09/14 06:48:02.000, 6, 100, 78641
2026/09/14 06:48:02.000, 7, 100, 78641
2026/09/14 06:48:02.500, 6, 100, 78641
2026/09/14 06:48:02.500, 7, 100, 78641
2026/09/14 06:48:03.000, 6, 69, 78641
2026/09/14 06:48:03.000, 7, 100, 78641
2026/09/14 06:48:03.500, 6, 100, 78641
2026/09/14 06:48:03.500, 7, 100, 78641
2026/09/14 06:48:04.001, 6, 100, 78641
2026/09/14 06:48:04.001, 7, 100, 78641
2026/09/14 06:48:04.501, 6, 72, 78641
2026/09/14 06:48:04.501, 7, 98, 78641
2026/09/14 06:48:05.001, 6, 99, 78641
2026/09/14 06:48:05.001, 7, 100, 78641
2026/09/14 06:48:05.501, 6, 100, 78641
2026/09/14 06:48:05.504, 7, 100, 78641
2026/09/14 06:48:06.007, 6, 77, 78641
2026/09/14 06:48:06.007, 7, 100, 78641
2026/09/14 06:48:06.507, 6, 99, 78641
2026/09/14 06:48:06.507, 7, 99, 78641
2026/09/14 06:48:07.007, 6, 100, 78641
2026/09/14 06:48:07.007, 7, 100, 78641
2026/09/14 06:48:07.507, 6, 100, 78641
2026/09/14 06:48:07.508, 7, 100, 78641
2026/09/14 06:48:08.008, 6, 99, 78641
2026/09/14 06:48:08.008, 7, 100, 78641
2026/09/14 06:48:08.508, 6, 100, 78641
2026/09/14 06:48:08.508, 7, 100, 78641
2026/09/14 06:48:09.009, 6, 100, 78641
2026/09/14 06:48:09.009, 7, 100, 78641
2026/09/14 06:48:09.510, 6, 74, 78641
2026/09/14 06:48:09.511, 7, 96, 78641
2026/09/14 06:48:10.014, 6, 100, 78641
2026/09/14 06:48:10.014, 7, 100, 78641
2026/09/14 06:48:10.514, 6, 100, 78641
2026/09/14 06:48:10.515, 7, 100, 78641
2026/09/14 06:48:11.015, 6, 79, 78641
2026/09/14 06:48:11.016, 7, 72, 78641
2026/09/14 06:48:11.518, 6, 99, 78641
2026/09/14 06:48:11.518, 7, 100, 78641
2026/09/14 06:48:12.018, 6, 100, 78641
2026/09/14 06:48:12.018, 7, 100, 78641
2026/09/14 06:48:12.518, 6, 100, 78641
2026/09/14 06:48:12.518, 7, 100, 78641
2026/09/14 06:48:13.018, 6, 99, 78641
2026/09/14 06:48:13.018, 7, 99, 78641
2026/09/14 06:48:13.519, 6, 100, 78641
2026/09/14 06:48:13.519, 7, 100, 78641
2026/09/14 06:48:14.019, 6, 100, 78641
2026/09/14 06:48:14.019, 7, 100, 78641
2026/09/14 06:48:14.519, 6, 90, 78641
2026/09/14 06:48:14.519, 7, 96, 78641
2026/09/14 06:48:15.020, 6, 100, 78641
2026/09/14 06:48:15.020, 7, 100, 78641
2026/09/14 06:48:15.520, 6, 100, 78641
2026/09/14 06:48:15.527, 7, 100, 78641
2026/09/14 06:48:16.028, 6, 81, 78641
2026/09/14 06:48:16.028, 7, 100, 78641
2026/09/14 06:48:16.528, 6, 99, 78641
2026/09/14 06:48:16.528, 7, 99, 78641
2026/09/14 06:48:17.028, 6, 100, 78641
2026/09/14 06:48:17.029, 7, 100, 78641
2026/09/14 06:48:17.529, 6, 100, 78641
2026/09/14 06:48:17.529, 7, 100, 78641
2026/09/14 06:48:18.029, 6, 99, 78641
2026/09/14 06:48:18.029, 7, 99, 78641
2026/09/14 06:48:18.529, 6, 100, 78641
2026/09/14 06:48:18.529, 7, 100, 78641
2026/09/14 06:48:19.029, 6, 100, 78641
2026/09/14 06:48:19.029, 7, 100, 78641
2026/09/14 06:48:19.530, 6, 53, 78641
2026/09/14 06:48:19.530, 7, 81, 78641
2026/09/14 06:48:20.030, 6, 100, 78641
2026/09/14 06:48:20.030, 7, 100, 78641
2026/09/14 06:48:20.531, 6, 100, 78641
2026/09/14 06:48:20.531, 7, 100, 78641
2026/09/14 06:48:21.031, 6, 100, 78641
2026/09/14 06:48:21.031, 7, 100, 78641
2026/09/14 06:48:21.531, 6, 99, 78641
2026/09/14 06:48:21.531, 7, 100, 78641
2026/09/14 06:48:22.031, 6, 100, 78641
2026/09/14 06:48:22.031, 7, 100, 78641
2026/09/14 06:48:22.531, 6, 100, 78641
2026/09/14 06:48:22.531, 7, 100, 78641
2026/09/14 06:48:23.032, 6, 99, 78641
2026/09/14 06:48:23.032, 7, 99, 78641
2026/09/14 06:48:23.532, 6, 100, 78641
2026/09/14 06:48:23.532, 7, 100, 78641
2026/09/14 06:48:24.032, 6, 100, 78641
2026/09/14 06:48:24.032, 7, 100, 78641
2026/09/14 06:48:24.532, 6, 73, 78641
2026/09/14 06:48:24.533, 7, 94, 78641
2026/09/14 06:48:25.033, 6, 100, 78641
2026/09/14 06:48:25.033, 7, 100, 78641
2026/09/14 06:48:25.533, 6, 100, 78641
2026/09/14 06:48:25.533, 7, 100, 78641
2026/09/14 06:48:26.033, 6, 100, 78641
2026/09/14 06:48:26.033, 7, 100, 78641
2026/09/14 06:48:26.534, 6, 99, 78641
2026/09/14 06:48:26.534, 7, 99, 78641
2026/09/14 06:48:27.035, 6, 100, 78641
2026/09/14 06:48:27.035, 7, 100, 78641
2026/09/14 06:48:27.535, 6, 100, 78641
2026/09/14 06:48:27.535, 7, 100, 78641
2026/09/14 06:48:28.035, 6, 99, 78641
2026/09/14 06:48:28.035, 7, 99, 78641
2026/09/14 06:48:28.535, 6, 100, 78641
2026/09/14 06:48:28.535, 7, 100, 78641
2026/09/14 06:48:29.036, 6, 100, 78641
2026/09/14 06:48:29.036, 7, 100, 78641
2026/09/14 06:48:29.536, 6, 77, 78641
2026/09/14 06:48:29.536, 7, 100, 78641
2026/09/14 06:48:30.036, 6, 100, 78641
2026/09/14 06:48:30.036, 7, 100, 78641
2026/09/14 06:48:30.536, 6, 100, 78641
2026/09/14 06:48:30.536, 7, 100, 78641
2026/09/14 06:48:31.036, 6, 100, 78641
2026/09/14 06:48:31.037, 7, 100, 78641
2026/09/14 06:48:31.537, 6, 99, 78641
2026/09/14 06:48:31.537, 7, 100, 78641
2026/09/14 06:48:32.037, 6, 100, 78641
2026/09/14 06:48:32.037, 7, 100, 78641
2026/09/14 06:48:32.537, 6, 100, 78641
2026/09/14 06:48:32.537, 7, 100, 78641
2026/09/14 06:48:33.038, 6, 57, 78641
2026/09/14 06:48:33.038, 7, 83, 78641
2026/09/14 06:48:33.538, 6, 100, 78641
2026/09/14 06:48:33.538, 7, 100, 78641
2026/09/14 06:48:34.038, 6, 100, 78641
2026/09/14 06:48:34.038, 7, 100, 78641
2026/09/14 06:48:34.539, 6, 100, 78641
2026/09/14 06:48:34.539, 7, 100, 78641
2026/09/14 06:48:35.040, 6, 99, 78641
2026/09/14 06:48:35.040, 7, 100, 78641
2026/09/14 06:48:35.540, 6, 100, 78641
2026/09/14 06:48:35.540, 7, 100, 78641
2026/09/14 06:48:36.040, 6, 100, 78641
2026/09/14 06:48:36.040, 7, 100, 78641
2026/09/14 06:48:36.540, 6, 72, 78641
2026/09/14 06:48:36.540, 7, 99, 78641
2026/09/14 06:48:37.040, 6, 100, 78641
2026/09/14 06:48:37.040, 7, 100, 78641
2026/09/14 06:48:37.541, 6, 100, 78641
2026/09/14 06:48:37.541, 7, 100, 78641
2026/09/14 06:48:38.041, 6, 73, 78641
2026/09/14 06:48:38.041, 7, 85, 78641
2026/09/14 06:48:38.541, 6, 99, 78641
2026/09/14 06:48:38.541, 7, 100, 78641
2026/09/14 06:48:39.041, 6, 100, 78641
2026/09/14 06:48:39.041, 7, 100, 78641
2026/09/14 06:48:39.541, 6, 100, 78641
2026/09/14 06:48:39.541, 7, 100, 78641
2026/09/14 06:48:40.042, 6, 99, 78641
2026/09/14 06:48:40.042, 7, 100, 78641
2026/09/14 06:48:40.542, 6, 100, 78641
2026/09/14 06:48:40.542, 7, 100, 78641
2026/09/14 06:48:41.043, 6, 100, 78641
2026/09/14 06:48:41.043, 7, 100, 78641
2026/09/14 06:48:41.543, 6, 90, 78641
2026/09/14 06:48:41.543, 7, 99, 78641
2026/09/14 06:48:42.043, 6, 100, 78641
2026/09/14 06:48:42.043, 7, 100, 78641
2026/09/14 06:48:42.543, 6, 100, 78641
2026/09/14 06:48:42.543, 7, 100, 78641
2026/09/14 06:48:43.043, 6, 71, 78641
2026/09/14 06:48:43.043, 7, 71, 78641
2026/09/14 06:48:43.543, 6, 99, 78641
2026/09/14 06:48:43.544, 7, 100, 78641
2026/09/14 06:48:44.044, 6, 100, 78641
2026/09/14 06:48:44.044, 7, 100, 78641
2026/09/14 06:48:44.544, 6, 100, 78641
2026/09/14 06:48:44.544, 7, 100, 78641
2026/09/14 06:48:45.044, 6, 99, 78641
2026/09/14 06:48:45.044, 7, 100, 78641
2026/09/14 06:48:45.544, 6, 100, 78641
2026/09/14 06:48:45.545, 7, 100, 78641
2026/09/14 06:48:46.045, 6, 100, 78641
2026/09/14 06:48:46.045, 7, 100, 78641
2026/09/14 06:48:46.545, 6, 57, 78641
2026/09/14 06:48:46.546, 7, 79, 78641
2026/09/14 06:48:47.046, 6, 100, 78641
2026/09/14 06:48:47.046, 7, 100, 78641
2026/09/14 06:48:47.546, 6, 100, 78641
2026/09/14 06:48:47.546, 7, 100, 78641
2026/09/14 06:48:48.046, 6, 92, 78641
2026/09/14 06:48:48.046, 7, 100, 78641
2026/09/14 06:48:48.546, 6, 99, 78641
2026/09/14 06:48:48.546, 7, 100, 78641
2026/09/14 06:48:49.046, 6, 100, 78641
2026/09/14 06:48:49.047, 7, 100, 78641
2026/09/14 06:48:49.547, 6, 100, 78641
2026/09/14 06:48:49.547, 7, 100, 78641
2026/09/14 06:48:50.047, 6, 99, 78641
2026/09/14 06:48:50.047, 7, 99, 78641
2026/09/14 06:48:50.547, 6, 100, 78641
2026/09/14 06:48:50.547, 7, 100, 78641
2026/09/14 06:48:51.047, 6, 100, 78641
2026/09/14 06:48:51.048, 7, 100, 78641
2026/09/14 06:48:51.548, 6, 72, 78641
2026/09/14 06:48:51.548, 7, 89, 78641
2026/09/14 06:48:52.048, 6, 100, 78641
2026/09/14 06:48:52.048, 7, 100, 78641
2026/09/14 06:48:52.548, 6, 100, 78641
2026/09/14 06:48:52.548, 7, 100, 78641
2026/09/14 06:48:53.048, 6, 84, 78641
2026/09/14 06:48:53.048, 7, 100, 78641
2026/09/14 06:48:53.548, 6, 99, 78641
2026/09/14 06:48:53.549, 7, 99, 78641
2026/09/14 06:48:54.049, 6, 100, 78641
2026/09/14 06:48:54.049, 7, 100, 78641
2026/09/14 06:48:54.549, 6, 100, 78641
2026/09/14 06:48:54.549, 7, 100, 78641
2026/09/14 06:48:55.049, 6, 99, 78641
2026/09/14 06:48:55.049, 7, 99, 78641
2026/09/14 06:48:55.549, 6, 100, 78641
2026/09/14 06:48:55.549, 7, 100, 78641
2026/09/14 06:48:56.050, 6, 100, 78641
2026/09/14 06:48:56.050, 7, 100, 78641
2026/09/14 06:48:56.550, 6, 71, 78641
2026/09/14 06:48:56.550, 7, 100, 78641
2026/09/14 06:48:57.051, 6, 100, 78641
2026/09/14 06:48:57.051, 7, 100, 78641
2026/09/14 06:48:57.552, 6, 100, 78641
2026/09/14 06:48:57.552, 7, 100, 78641
2026/09/14 06:48:58.052, 6, 95, 78641
2026/09/14 06:48:58.052, 7, 100, 78641
2026/09/14 06:48:58.552, 6, 99, 78641
2026/09/14 06:48:58.554, 7, 100, 78641
2026/09/14 06:48:59.055, 6, 100, 78641
2026/09/14 06:48:59.055, 7, 100, 78641
2026/09/14 06:48:59.555, 6, 100, 78641
2026/09/14 06:48:59.556, 7, 100, 78641
2026/09/14 06:49:00.056, 6, 99, 78641
2026/09/14 06:49:00.056, 7, 76, 78641
2026/09/14 06:49:00.556, 6, 100, 78641
2026/09/14 06:49:00.556, 7, 100, 78641
2026/09/14 06:49:01.056, 6, 100, 78641
2026/09/14 06:49:01.056, 7, 100, 78641
2026/09/14 06:49:01.556, 6, 91, 78641
2026/09/14 06:49:01.556, 7, 100, 78641
2026/09/14 06:49:02.057, 6, 100, 78641
2026/09/14 06:49:02.057, 7, 100, 78641
2026/09/14 06:49:02.558, 6, 100, 78641
2026/09/14 06:49:02.558, 7, 100, 78641
2026/09/14 06:49:03.058, 6, 100, 78641
2026/09/14 06:49:03.059, 7, 100, 78641
2026/09/14 06:49:03.559, 6, 99, 78641
2026/09/14 06:49:03.559, 7, 99, 78641
2026/09/14 06:49:04.059, 6, 100, 78641
2026/09/14 06:49:04.059, 7, 100, 78641
2026/09/14 06:49:04.559, 6, 100, 78641
2026/09/14 06:49:04.559, 7, 100, 78641
2026/09/14 06:49:05.060, 6, 72, 78641
2026/09/14 06:49:05.060, 7, 85, 78641
2026/09/14 06:49:05.560, 6, 99, 78641
2026/09/14 06:49:05.560, 7, 100, 78641
2026/09/14 06:49:06.060, 6, 100, 78641
2026/09/14 06:49:06.061, 7, 100, 78641
2026/09/14 06:49:06.561, 6, 100, 78641
2026/09/14 06:49:06.561, 7, 100, 78641
2026/09/14 06:49:07.061, 6, 99, 78641
2026/09/14 06:49:07.061, 7, 99, 78641
2026/09/14 06:49:07.561, 6, 100, 78641
2026/09/14 06:49:07.561, 7, 100, 78641
2026/09/14 06:49:08.062, 6, 100, 78641
2026/09/14 06:49:08.062, 7, 100, 78641
2026/09/14 06:49:08.563, 6, 91, 78641
2026/09/14 06:49:08.563, 7, 99, 78641
2026/09/14 06:49:09.064, 6, 100, 78641
2026/09/14 06:49:09.064, 7, 100, 78641
2026/09/14 06:49:09.564, 6, 100, 78641
2026/09/14 06:49:09.564, 7, 100, 78641
2026/09/14 06:49:10.064, 6, 73, 78641
2026/09/14 06:49:10.064, 7, 75, 78641
2026/09/14 06:49:10.564, 6, 99, 78641
2026/09/14 06:49:10.564, 7, 100, 78641
2026/09/14 06:49:11.064, 6, 100, 78641
2026/09/14 06:49:11.064, 7, 100, 78641
2026/09/14 06:49:11.564, 6, 100, 78641
2026/09/14 06:49:11.565, 7, 100, 78641
2026/09/14 06:49:12.065, 6, 99, 78641
2026/09/14 06:49:12.066, 7, 100, 78641
2026/09/14 06:49:12.566, 6, 100, 78641
2026/09/14 06:49:12.566, 7, 100, 78641
2026/09/14 06:49:13.066, 6, 100, 78641
2026/09/14 06:49:13.066, 7, 100, 78641
2026/09/14 06:49:13.566, 6, 52, 78641
2026/09/14 06:49:13.567, 7, 82, 78641
2026/09/14 06:49:14.067, 6, 100, 78641
2026/09/14 06:49:14.067, 7, 100, 78641
2026/09/14 06:49:14.567, 6, 100, 78641
2026/09/14 06:49:14.567, 7, 100, 78641
2026/09/14 06:49:15.067, 6, 92, 78641
2026/09/14 06:49:15.067, 7, 91, 78641
2026/09/14 06:49:15.568, 6, 99, 78641
2026/09/14 06:49:15.568, 7, 100, 78641
2026/09/14 06:49:16.068, 6, 100, 78641
2026/09/14 06:49:16.068, 7, 100, 78641
2026/09/14 06:49:16.569, 6, 100, 78641
2026/09/14 06:49:16.569, 7, 100, 78641
2026/09/14 06:49:17.069, 6, 99, 78641
2026/09/14 06:49:17.069, 7, 99, 78641
2026/09/14 06:49:17.569, 6, 100, 78641
2026/09/14 06:49:17.569, 7, 100, 78641
2026/09/14 06:49:18.069, 6, 100, 78641
2026/09/14 06:49:18.069, 7, 100, 78641
2026/09/14 06:49:18.569, 6, 71, 78641
2026/09/14 06:49:18.569, 7, 90, 78641
2026/09/14 06:49:19.070, 6, 100, 78641
2026/09/14 06:49:19.070, 7, 100, 78641
2026/09/14 06:49:19.570, 6, 100, 78641
2026/09/14 06:49:19.570, 7, 100, 78641
2026/09/14 06:49:20.070, 6, 67, 78641
2026/09/14 06:49:20.070, 7, 50, 78641
2026/09/14 06:49:20.570, 6, 99, 78641
2026/09/14 06:49:20.571, 7, 100, 78641
2026/09/14 06:49:21.071, 6, 100, 78641
2026/09/14 06:49:21.071, 7, 100, 78641
2026/09/14 06:49:21.571, 6, 100, 78641
2026/09/14 06:49:21.571, 7, 100, 78641
2026/09/14 06:49:22.072, 6, 99, 78641
2026/09/14 06:49:22.072, 7, 100, 78641
2026/09/14 06:49:22.572, 6, 100, 78641
2026/09/14 06:49:22.572, 7, 100, 78641
2026/09/14 06:49:23.072, 6, 100, 78641
2026/09/14 06:49:23.072, 7, 100, 78641
2026/09/14 06:49:23.572, 6, 70, 78641
2026/09/14 06:49:23.572, 7, 75, 78641
2026/09/14 06:49:24.072, 6, 100, 78641
2026/09/14 06:49:24.072, 7, 100, 78641
2026/09/14 06:49:24.573, 6, 100, 78641
2026/09/14 06:49:24.573, 7, 100, 78641
2026/09/14 06:49:25.073, 6, 79, 78641
2026/09/14 06:49:25.073, 7, 100, 78641
2026/09/14 06:49:25.573, 6, 99, 78641
2026/09/14 06:49:25.573, 7, 100, 78641
2026/09/14 06:49:26.073, 6, 100, 78641
2026/09/14 06:49:26.073, 7, 100, 78641
2026/09/14 06:49:26.573, 6, 100, 78641
2026/09/14 06:49:26.573, 7, 100, 78641
2026/09/14 06:49:27.074, 6, 99, 78641
2026/09/14 06:49:27.074, 7, 85, 78641
2026/09/14 06:49:27.574, 6, 100, 78641
2026/09/14 06:49:27.574, 7, 100, 78641
2026/09/14 06:49:28.074, 6, 100, 78641
2026/09/14 06:49:28.074, 7, 100, 78641
2026/09/14 06:49:28.574, 6, 90, 78641
2026/09/14 06:49:28.574, 7, 100, 78641
2026/09/14 06:49:29.075, 6, 100, 78641
2026/09/14 06:49:29.075, 7, 100, 78641
2026/09/14 06:49:29.576, 6, 100, 78641
2026/09/14 06:49:29.576, 7, 100, 78641
2026/09/14 06:49:30.076, 6, 89, 78641
2026/09/14 06:49:30.076, 7, 100, 78641
2026/09/14 06:49:30.576, 6, 99, 78641
2026/09/14 06:49:30.576, 7, 100, 78641
2026/09/14 06:49:31.076, 6, 100, 78641
2026/09/14 06:49:31.076, 7, 100, 78641
2026/09/14 06:49:31.576, 6, 100, 78641
2026/09/14 06:49:31.576, 7, 100, 78641
2026/09/14 06:49:32.077, 6, 99, 78641
2026/09/14 06:49:32.077, 7, 93, 78641
2026/09/14 06:49:32.577, 6, 100, 78641
2026/09/14 06:49:32.577, 7, 100, 78641
2026/09/14 06:49:33.077, 6, 100, 78641
2026/09/14 06:49:33.077, 7, 100, 78641
2026/09/14 06:49:33.577, 6, 60, 78641
2026/09/14 06:49:33.577, 7, 100, 78641
2026/09/14 06:49:34.077, 6, 100, 78641
2026/09/14 06:49:34.077, 7, 99, 78641
2026/09/14 06:49:34.577, 6, 100, 78641
2026/09/14 06:49:34.578, 7, 100, 78641
2026/09/14 06:49:35.078, 6, 100, 78641
2026/09/14 06:49:35.078, 7, 100, 78641
2026/09/14 06:49:35.578, 6, 99, 78641
2026/09/14 06:49:35.578, 7, 99, 78641
2026/09/14 06:49:36.078, 6, 100, 78641
2026/09/14 06:49:36.078, 7, 100, 78641
2026/09/14 06:49:36.578, 6, 100, 78641
2026/09/14 06:49:36.578, 7, 100, 78641
2026/09/14 06:49:37.078, 6, 99, 78641
2026/09/14 06:49:37.078, 7, 76, 78641
2026/09/14 06:49:37.579, 6, 100, 78641
2026/09/14 06:49:37.579, 7, 100, 78641
2026/09/14 06:49:38.079, 6, 100, 78641
2026/09/14 06:49:38.079, 7, 100, 78641
2026/09/14 06:49:38.579, 6, 100, 78641
2026/09/14 06:49:38.579, 7, 100, 78641
2026/09/14 06:49:39.079, 6, 99, 78641
2026/09/14 06:49:39.079, 7, 100, 78641
2026/09/14 06:49:39.579, 6, 100, 78641
2026/09/14 06:49:39.580, 7, 100, 78641
2026/09/14 06:49:40.081, 6, 100, 78641
2026/09/14 06:49:40.081, 7, 100, 78641
2026/09/14 06:49:40.581, 6, 38, 78641
2026/09/14 06:49:40.581, 7, 68, 78641
2026/09/14 06:49:41.081, 6, 100, 78641
2026/09/14 06:49:41.081, 7, 100, 78641
2026/09/14 06:49:41.581, 6, 100, 78641
2026/09/14 06:49:41.581, 7, 100, 78641
2026/09/14 06:49:42.081, 6, 91, 78641
2026/09/14 06:49:42.081, 7, 91, 78641
2026/09/14 06:49:42.582, 6, 99, 78641
2026/09/14 06:49:42.582, 7, 100, 78641
2026/09/14 06:49:43.082, 6, 100, 78641
2026/09/14 06:49:43.082, 7, 100, 78641
2026/09/14 06:49:43.582, 6, 100, 78641
2026/09/14 06:49:43.582, 7, 100, 78641
2026/09/14 06:49:44.082, 6, 99, 78641
2026/09/14 06:49:44.082, 7, 99, 78641
2026/09/14 06:49:44.582, 6, 100, 78641
2026/09/14 06:49:44.583, 7, 100, 78641
2026/09/14 06:49:45.083, 6, 100, 78641
2026/09/14 06:49:45.083, 7, 100, 78641
2026/09/14 06:49:45.583, 6, 72, 78641
2026/09/14 06:49:45.583, 7, 75, 78641
2026/09/14 06:49:46.083, 6, 100, 78641
2026/09/14 06:49:46.083, 7, 100, 78641
2026/09/14 06:49:46.584, 6, 100, 78641
2026/09/14 06:49:46.584, 7, 100, 78641
2026/09/14 06:49:47.084, 6, 75, 78641
2026/09/14 06:49:47.084, 7, 55, 78641
2026/09/14 06:49:47.584, 6, 99, 78641
2026/09/14 06:49:47.584, 7, 100, 78641
2026/09/14 06:49:48.084, 6, 100, 78641
2026/09/14 06:49:48.085, 7, 100, 78641
2026/09/14 06:49:48.585, 6, 100, 78641
2026/09/14 06:49:48.585, 7, 100, 78641
2026/09/14 06:49:49.085, 6, 99, 78641
2026/09/14 06:49:49.085, 7, 100, 78641
2026/09/14 06:49:49.586, 6, 100, 78641
2026/09/14 06:49:49.586, 7, 100, 78641
2026/09/14 06:49:50.086, 6, 100, 78641
2026/09/14 06:49:50.086, 7, 100, 78641
2026/09/14 06:49:50.586, 6, 73, 78641
2026/09/14 06:49:50.587, 7, 72, 78641
2026/09/14 06:49:51.087, 6, 100, 78641
2026/09/14 06:49:51.087, 7, 100, 78641
2026/09/14 06:49:51.587, 6, 100, 78641
2026/09/14 06:49:51.587, 7, 100, 78641
2026/09/14 06:49:52.088, 6, 89, 78641
2026/09/14 06:49:52.088, 7, 73, 78641
2026/09/14 06:49:52.588, 6, 99, 78641
2026/09/14 06:49:52.588, 7, 100, 78641
2026/09/14 06:49:53.088, 6, 100, 78641
2026/09/14 06:49:53.088, 7, 100, 78641
2026/09/14 06:49:53.588, 6, 100, 78641
2026/09/14 06:49:53.589, 7, 100, 78641
2026/09/14 06:49:54.089, 6, 99, 78641
2026/09/14 06:49:54.089, 7, 99, 78641
2026/09/14 06:49:54.589, 6, 100, 78641
2026/09/14 06:49:54.589, 7, 100, 78641
2026/09/14 06:49:55.090, 6, 100, 78641
2026/09/14 06:49:55.092, 7, 100, 78641
2026/09/14 06:49:55.592, 6, 92, 78641
2026/09/14 06:49:55.592, 7, 91, 78641
2026/09/14 06:49:56.092, 6, 100, 78641
2026/09/14 06:49:56.092, 7, 100, 78641
2026/09/14 06:49:56.593, 6, 100, 78641
2026/09/14 06:49:56.593, 7, 100, 78641
2026/09/14 06:49:57.093, 6, 99, 78641
2026/09/14 06:49:57.093, 7, 73, 78641
2026/09/14 06:49:57.593, 6, 99, 78641
2026/09/14 06:49:57.593, 7, 100, 78641
2026/09/14 06:49:58.093, 6, 100, 78641
2026/09/14 06:49:58.094, 7, 100, 78641
2026/09/14 06:49:58.595, 6, 100, 78641
2026/09/14 06:49:58.596, 7, 100, 78641
2026/09/14 06:49:59.096, 6, 99, 78641
2026/09/14 06:49:59.096, 7, 100, 78641
2026/09/14 06:49:59.596, 6, 100, 78641
2026/09/14 06:49:59.596, 7, 100, 78641
2026/09/14 06:50:00.097, 6, 100, 78641
2026/09/14 06:50:00.097, 7, 100, 78641
2026/09/14 06:50:00.597, 6, 76, 78641
2026/09/14 06:50:00.597, 7, 54, 78641
2026/09/14 06:50:01.097, 6, 99, 78641
2026/09/14 06:50:01.097, 7, 100, 78641
2026/09/14 06:50:01.597, 6, 100, 78641
2026/09/14 06:50:01.597, 7, 100, 78641
2026/09/14 06:50:02.099, 6, 100, 78641
2026/09/14 06:50:02.100, 7, 100, 78641
2026/09/14 06:50:02.600, 6, 99, 78641
2026/09/14 06:50:02.600, 7, 90, 78641
2026/09/14 06:50:03.100, 6, 100, 78641
2026/09/14 06:50:03.100, 7, 100, 78641
2026/09/14 06:50:03.601, 6, 100, 78641
2026/09/14 06:50:03.601, 7, 100, 78641
2026/09/14 06:50:04.101, 6, 99, 78641
2026/09/14 06:50:04.101, 7, 72, 78641
2026/09/14 06:50:04.601, 6, 100, 78641
2026/09/14 06:50:04.601, 7, 99, 78641
2026/09/14 06:50:05.102, 6, 100, 78641
2026/09/14 06:50:05.102, 7, 100, 78641
2026/09/14 06:50:05.602, 6, 88, 78641
2026/09/14 06:50:05.603, 7, 100, 78641
2026/09/14 06:50:06.103, 6, 99, 78641
2026/09/14 06:50:06.103, 7, 100, 78641
2026/09/14 06:50:06.603, 6, 100, 78641
2026/09/14 06:50:06.603, 7, 100, 78641
2026/09/14 06:50:07.103, 6, 100, 78641
2026/09/14 06:50:07.103, 7, 100, 78641
2026/09/14 06:50:07.603, 6, 99, 78641
2026/09/14 06:50:07.603, 7, 57, 78641
2026/09/14 06:50:08.103, 6, 100, 78641
2026/09/14 06:50:08.104, 7, 100, 78641
2026/09/14 06:50:08.604, 6, 100, 78641
2026/09/14 06:50:08.604, 7, 100, 78641
2026/09/14 06:50:09.105, 6, 99, 78641
2026/09/14 06:50:09.105, 7, 90, 78641
2026/09/14 06:50:09.605, 6, 100, 78641
2026/09/14 06:50:09.605, 7, 100, 78641
2026/09/14 06:50:10.105, 6, 100, 78641
2026/09/14 06:50:10.105, 7, 100, 78641
2026/09/14 06:50:10.605, 6, 100, 78641
2026/09/14 06:50:10.605, 7, 100, 78641
2026/09/14 06:50:11.105, 6, 99, 78641
2026/09/14 06:50:11.106, 7, 99, 78641
2026/09/14 06:50:11.606, 6, 100, 78641
2026/09/14 06:50:11.606, 7, 100, 78641
2026/09/14 06:50:12.106, 6, 100, 78641
2026/09/14 06:50:12.107, 7, 100, 78641
2026/09/14 06:50:12.607, 6, 72, 78641
2026/09/14 06:50:12.607, 7, 72, 78641
2026/09/14 06:50:13.107, 6, 100, 78641
2026/09/14 06:50:13.107, 7, 100, 78641
2026/09/14 06:50:13.607, 6, 100, 78641
2026/09/14 06:50:13.607, 7, 100, 78641
2026/09/14 06:50:14.107, 6, 79, 78641
2026/09/14 06:50:14.107, 7, 55, 78641
2026/09/14 06:50:14.607, 6, 99, 78641
2026/09/14 06:50:14.608, 7, 100, 78641
2026/09/14 06:50:15.110, 6, 100, 78641
2026/09/14 06:50:15.110, 7, 100, 78641
2026/09/14 06:50:15.611, 6, 100, 78641
2026/09/14 06:50:15.611, 7, 100, 78641
2026/09/14 06:50:16.111, 6, 99, 78641
2026/09/14 06:50:16.111, 7, 100, 78641
2026/09/14 06:50:16.611, 6, 100, 78641
2026/09/14 06:50:16.611, 7, 100, 78641
2026/09/14 06:50:17.111, 6, 100, 78641
2026/09/14 06:50:17.111, 7, 100, 78641
2026/09/14 06:50:17.611, 6, 73, 78641
2026/09/14 06:50:17.612, 7, 72, 78641
2026/09/14 06:50:18.112, 6, 100, 78641
2026/09/14 06:50:18.112, 7, 100, 78641
2026/09/14 06:50:18.612, 6, 100, 78641
2026/09/14 06:50:18.612, 7, 100, 78641
2026/09/14 06:50:19.112, 6, 91, 78641
2026/09/14 06:50:19.113, 7, 74, 78641
2026/09/14 06:50:19.613, 6, 99, 78641
2026/09/14 06:50:19.613, 7, 100, 78641
2026/09/14 06:50:20.113, 6, 100, 78641
2026/09/14 06:50:20.113, 7, 100, 78641
2026/09/14 06:50:20.613, 6, 100, 78641
2026/09/14 06:50:20.613, 7, 100, 78641
2026/09/14 06:50:21.113, 6, 99, 78641
2026/09/14 06:50:21.113, 7, 99, 78641
2026/09/14 06:50:21.614, 6, 100, 78641
2026/09/14 06:50:21.614, 7, 100, 78641
2026/09/14 06:50:22.114, 6, 100, 78641
2026/09/14 06:50:22.114, 7, 100, 78641
2026/09/14 06:50:22.614, 6, 92, 78641
2026/09/14 06:50:22.614, 7, 91, 78641
2026/09/14 06:50:23.114, 6, 100, 78641
2026/09/14 06:50:23.115, 7, 100, 78641
2026/09/14 06:50:23.615, 6, 100, 78641
2026/09/14 06:50:23.615, 7, 100, 78641
2026/09/14 06:50:24.115, 6, 100, 78641
2026/09/14 06:50:24.115, 7, 85, 78641
2026/09/14 06:50:24.615, 6, 99, 78641
2026/09/14 06:50:24.616, 7, 99, 78641
2026/09/14 06:50:25.116, 6, 100, 78641
2026/09/14 06:50:25.117, 7, 100, 78641
2026/09/14 06:50:25.617, 6, 100, 78641
2026/09/14 06:50:25.617, 7, 100, 78641
2026/09/14 06:50:26.117, 6, 99, 78641
2026/09/14 06:50:26.118, 7, 100, 78641
2026/09/14 06:50:26.618, 6, 100, 78641
2026/09/14 06:50:26.618, 7, 100, 78641
2026/09/14 06:50:27.118, 6, 100, 78641
2026/09/14 06:50:27.118, 7, 100, 78641
2026/09/14 06:50:27.618, 6, 79, 78641
2026/09/14 06:50:27.618, 7, 60, 78641
2026/09/14 06:50:28.118, 6, 100, 78641
2026/09/14 06:50:28.118, 7, 100, 78641
2026/09/14 06:50:28.619, 6, 100, 78641
2026/09/14 06:50:28.622, 7, 100, 78641
2026/09/14 06:50:29.122, 6, 100, 78641
2026/09/14 06:50:29.123, 7, 100, 78641
2026/09/14 06:50:29.623, 6, 99, 78641
2026/09/14 06:50:29.623, 7, 100, 78641
2026/09/14 06:50:30.123, 6, 100, 78641
2026/09/14 06:50:30.123, 7, 100, 78641
2026/09/14 06:50:30.623, 6, 100, 78641
2026/09/14 06:50:30.623, 7, 100, 78641
2026/09/14 06:50:31.123, 6, 99, 78641
2026/09/14 06:50:31.124, 7, 100, 78641
2026/09/14 06:50:31.624, 6, 100, 78641
2026/09/14 06:50:31.624, 7, 100, 78641
2026/09/14 06:50:32.124, 6, 100, 78641
2026/09/14 06:50:32.124, 7, 100, 78641
2026/09/14 06:50:32.625, 6, 92, 78641
2026/09/14 06:50:32.626, 7, 79, 78641
2026/09/14 06:50:33.126, 6, 99, 78641
2026/09/14 06:50:33.126, 7, 100, 78641
2026/09/14 06:50:33.626, 6, 100, 78641
2026/09/14 06:50:33.626, 7, 100, 78641
2026/09/14 06:50:34.126, 6, 100, 78641
2026/09/14 06:50:34.126, 7, 100, 78641
2026/09/14 06:50:34.626, 6, 99, 78641
2026/09/14 06:50:34.626, 7, 100, 78641
2026/09/14 06:50:35.127, 6, 100, 78641
2026/09/14 06:50:35.127, 7, 100, 78641
2026/09/14 06:50:35.628, 6, 100, 78641
2026/09/14 06:50:35.629, 7, 100, 78641
2026/09/14 06:50:36.129, 6, 99, 78641
2026/09/14 06:50:36.129, 7, 99, 78641
2026/09/14 06:50:36.629, 6, 100, 78641
2026/09/14 06:50:36.629, 7, 100, 78641
2026/09/14 06:50:37.129, 6, 100, 78641
2026/09/14 06:50:37.130, 7, 100, 78641
2026/09/14 06:50:37.630, 6, 74, 78641
2026/09/14 06:50:37.630, 7, 95, 78641
2026/09/14 06:50:38.130, 6, 100, 78641
2026/09/14 06:50:38.130, 7, 99, 78641
2026/09/14 06:50:38.630, 6, 100, 78641
2026/09/14 06:50:38.631, 7, 100, 78641
2026/09/14 06:50:39.131, 6, 100, 78641
2026/09/14 06:50:39.131, 7, 100, 78641
2026/09/14 06:50:39.631, 6, 99, 78641
2026/09/14 06:50:39.632, 7, 73, 78641
2026/09/14 06:50:40.132, 6, 100, 78641
2026/09/14 06:50:40.132, 7, 100, 78641
2026/09/14 06:50:40.632, 6, 100, 78641
2026/09/14 06:50:40.632, 7, 100, 78641
2026/09/14 06:50:41.132, 6, 79, 78641
2026/09/14 06:50:41.132, 7, 72, 78641
2026/09/14 06:50:41.633, 6, 100, 78641
2026/09/14 06:50:41.633, 7, 100, 78641
2026/09/14 06:50:42.133, 6, 100, 78641
2026/09/14 06:50:42.133, 7, 100, 78641
2026/09/14 06:50:42.634, 6, 100, 78641
2026/09/14 06:50:42.634, 7, 100, 78641
2026/09/14 06:50:43.135, 6, 99, 78641
2026/09/14 06:50:43.135, 7, 100, 78641
2026/09/14 06:50:43.635, 6, 100, 78641
2026/09/14 06:50:43.635, 7, 100, 78641
2026/09/14 06:50:44.135, 6, 100, 78641
2026/09/14 06:50:44.135, 7, 100, 78641
2026/09/14 06:50:44.635, 6, 99, 78641
2026/09/14 06:50:44.635, 7, 99, 78641
2026/09/14 06:50:45.136, 6, 100, 78641
2026/09/14 06:50:45.136, 7, 100, 78641
2026/09/14 06:50:45.636, 6, 100, 78641
2026/09/14 06:50:45.636, 7, 100, 78641
2026/09/14 06:50:46.145, 6, 93, 78641
2026/09/14 06:50:46.146, 7, 88, 78641
2026/09/14 06:50:46.647, 6, 100, 78641
2026/09/14 06:50:46.647, 7, 100, 78641
2026/09/14 06:50:47.147, 6, 100, 78641
2026/09/14 06:50:47.147, 7, 100, 78641
2026/09/14 06:50:47.647, 6, 100, 78641
2026/09/14 06:50:47.647, 7, 100, 78641
2026/09/14 06:50:48.147, 6, 99, 78641
2026/09/14 06:50:48.148, 7, 99, 78641
2026/09/14 06:50:48.648, 6, 100, 78641
2026/09/14 06:50:48.648, 7, 100, 78641
2026/09/14 06:50:49.148, 6, 100, 78641
2026/09/14 06:50:49.148, 7, 100, 78641
2026/09/14 06:50:49.648, 6, 96, 78641
2026/09/14 06:50:49.648, 7, 98, 78641
2026/09/14 06:50:50.148, 6, 100, 78641
2026/09/14 06:50:50.148, 7, 100, 78641
2026/09/14 06:50:50.648, 6, 100, 78641
2026/09/14 06:50:50.648, 7, 100, 78641
2026/09/14 06:50:51.149, 6, 100, 78641
2026/09/14 06:50:51.149, 7, 100, 78641
2026/09/14 06:50:51.649, 6, 99, 78641
2026/09/14 06:50:51.650, 7, 99, 78641
2026/09/14 06:50:52.150, 6, 100, 78641
2026/09/14 06:50:52.150, 7, 100, 78641
2026/09/14 06:50:52.650, 6, 100, 78641
2026/09/14 06:50:52.650, 7, 100, 78641
2026/09/14 06:50:53.150, 6, 99, 78641
2026/09/14 06:50:53.151, 7, 99, 78641
2026/09/14 06:50:53.651, 6, 100, 78641
2026/09/14 06:50:53.651, 7, 100, 78641
2026/09/14 06:50:54.151, 6, 100, 78641
2026/09/14 06:50:54.151, 7, 100, 78641
2026/09/14 06:50:54.651, 6, 56, 78641
2026/09/14 06:50:54.651, 7, 55, 78641
2026/09/14 06:50:55.151, 6, 99, 78641
2026/09/14 06:50:55.151, 7, 99, 78641
2026/09/14 06:50:55.652, 6, 100, 78641
2026/09/14 06:50:55.652, 7, 100, 78641
2026/09/14 06:50:56.152, 6, 100, 78641
2026/09/14 06:50:56.152, 7, 100, 78641
2026/09/14 06:50:56.653, 6, 99, 78641
2026/09/14 06:50:56.653, 7, 100, 78641
2026/09/14 06:50:57.153, 6, 100, 78641
2026/09/14 06:50:57.153, 7, 100, 78641
2026/09/14 06:50:57.653, 6, 100, 78641
2026/09/14 06:50:57.654, 7, 100, 78641
2026/09/14 06:50:58.154, 6, 96, 78641
2026/09/14 06:50:58.154, 7, 94, 78641
2026/09/14 06:50:58.654, 6, 100, 78641
2026/09/14 06:50:58.654, 7, 100, 78641
2026/09/14 06:50:59.154, 6, 100, 78641
2026/09/14 06:50:59.154, 7, 100, 78641
2026/09/14 06:50:59.654, 6, 74, 78641
2026/09/14 06:50:59.655, 7, 74, 78641
2026/09/14 06:51:00.155, 6, 99, 78641
2026/09/14 06:51:00.155, 7, 100, 78641
2026/09/14 06:51:00.655, 6, 100, 78641
2026/09/14 06:51:00.655, 7, 100, 78641
2026/09/14 06:51:01.155, 6, 100, 78641
2026/09/14 06:51:01.155, 7, 100, 78641
2026/09/14 06:51:01.655, 6, 99, 78641
2026/09/14 06:51:01.655, 7, 99, 78641
2026/09/14 06:51:02.155, 6, 100, 78641
2026/09/14 06:51:02.156, 7, 100, 78641
2026/09/14 06:51:02.656, 6, 100, 78641
2026/09/14 06:51:02.656, 7, 100, 78641
2026/09/14 06:51:03.156, 6, 91, 78641
2026/09/14 06:51:03.156, 7, 91, 78641
2026/09/14 06:51:03.656, 6, 100, 78641
2026/09/14 06:51:03.656, 7, 100, 78641
2026/09/14 06:51:04.157, 6, 100, 78641
2026/09/14 06:51:04.157, 7, 100, 78641
2026/09/14 06:51:04.657, 6, 75, 78641
2026/09/14 06:51:04.657, 7, 75, 78641
2026/09/14 06:51:05.157, 6, 99, 78641
2026/09/14 06:51:05.157, 7, 100, 78641
2026/09/14 06:51:05.657, 6, 100, 78641
2026/09/14 06:51:05.657, 7, 100, 78641
2026/09/14 06:51:06.157, 6, 100, 78641
2026/09/14 06:51:06.157, 7, 100, 78641
2026/09/14 06:51:06.658, 6, 99, 78641
2026/09/14 06:51:06.663, 7, 100, 78641
2026/09/14 06:51:07.163, 6, 100, 78641
2026/09/14 06:51:07.163, 7, 100, 78641
2026/09/14 06:51:07.663, 6, 100, 78641
2026/09/14 06:51:07.664, 7, 100, 78641
2026/09/14 06:51:08.164, 6, 55, 78641
2026/09/14 06:51:08.164, 7, 55, 78641
2026/09/14 06:51:08.664, 6, 100, 78641
2026/09/14 06:51:08.664, 7, 100, 78641
2026/09/14 06:51:09.165, 6, 100, 78641
2026/09/14 06:51:09.165, 7, 100, 78641
2026/09/14 06:51:09.665, 6, 91, 78641
2026/09/14 06:51:09.665, 7, 91, 78641
2026/09/14 06:51:10.165, 6, 99, 78641
2026/09/14 06:51:10.165, 7, 100, 78641
2026/09/14 06:51:10.665, 6, 100, 78641
2026/09/14 06:51:10.665, 7, 100, 78641
2026/09/14 06:51:11.166, 6, 100, 78641
2026/09/14 06:51:11.166, 7, 100, 78641
2026/09/14 06:51:11.666, 6, 94, 78641
2026/09/14 06:51:11.666, 7, 100, 78641
2026/09/14 06:51:12.167, 6, 100, 78641
2026/09/14 06:51:12.167, 7, 100, 78641
2026/09/14 06:51:12.667, 6, 100, 78641
2026/09/14 06:51:12.668, 7, 100, 78641
2026/09/14 06:51:13.168, 6, 100, 78641
2026/09/14 06:51:13.168, 7, 74, 78641
2026/09/14 06:51:13.669, 6, 99, 78641
2026/09/14 06:51:13.669, 7, 100, 78641
2026/09/14 06:51:14.169, 6, 100, 78641
2026/09/14 06:51:14.169, 7, 100, 78641
2026/09/14 06:51:14.670, 6, 100, 78641
2026/09/14 06:51:14.670, 7, 100, 78641
2026/09/14 06:51:15.170, 6, 98, 78641
2026/09/14 06:51:15.170, 7, 89, 78641
2026/09/14 06:51:15.670, 6, 100, 78641
2026/09/14 06:51:15.670, 7, 100, 78641
2026/09/14 06:51:16.170, 6, 100, 78641
2026/09/14 06:51:16.170, 7, 100, 78641
2026/09/14 06:51:16.670, 6, 91, 78641
2026/09/14 06:51:16.670, 7, 91, 78641
2026/09/14 06:51:17.171, 6, 99, 78641
2026/09/14 06:51:17.171, 7, 100, 78641
2026/09/14 06:51:17.671, 6, 100, 78641
2026/09/14 06:51:17.671, 7, 100, 78641
2026/09/14 06:51:18.171, 6, 100, 78641
2026/09/14 06:51:18.171, 7, 100, 78641
2026/09/14 06:51:18.671, 6, 99, 78641
2026/09/14 06:51:18.671, 7, 99, 78641
2026/09/14 06:51:19.171, 6, 100, 78641
2026/09/14 06:51:19.171, 7, 100, 78641
2026/09/14 06:51:19.672, 6, 100, 78641
2026/09/14 06:51:19.672, 7, 100, 78641
2026/09/14 06:51:20.172, 6, 90, 78641
2026/09/14 06:51:20.172, 7, 76, 78641
2026/09/14 06:51:20.672, 6, 100, 78641
2026/09/14 06:51:20.672, 7, 100, 78641
2026/09/14 06:51:21.172, 6, 100, 78641
2026/09/14 06:51:21.172, 7, 100, 78641
2026/09/14 06:51:21.672, 6, 40, 78641
2026/09/14 06:51:21.673, 7, 40, 78641
2026/09/14 06:51:22.173, 6, 99, 78641
2026/09/14 06:51:22.173, 7, 99, 78641
2026/09/14 06:51:22.673, 6, 100, 78641
2026/09/14 06:51:22.673, 7, 100, 78641
2026/09/14 06:51:23.173, 6, 100, 78641
2026/09/14 06:51:23.173, 7, 100, 78641
2026/09/14 06:51:23.673, 6, 99, 78641
2026/09/14 06:51:23.673, 7, 100, 78641
2026/09/14 06:51:24.174, 6, 100, 78641
2026/09/14 06:51:24.174, 7, 100, 78641
2026/09/14 06:51:24.674, 6, 100, 78641
2026/09/14 06:51:24.674, 7, 100, 78641
2026/09/14 06:51:25.174, 6, 47, 78641
2026/09/14 06:51:25.175, 7, 48, 78641
2026/09/14 06:51:25.675, 6, 100, 78641
2026/09/14 06:51:25.675, 7, 100, 78641
2026/09/14 06:51:26.176, 6, 100, 78641
2026/09/14 06:51:26.176, 7, 100, 78641
2026/09/14 06:51:26.676, 6, 76, 78641
2026/09/14 06:51:26.676, 7, 93, 78641
2026/09/14 06:51:27.176, 6, 99, 78641
2026/09/14 06:51:27.177, 7, 100, 78641
2026/09/14 06:51:27.677, 6, 100, 78641
2026/09/14 06:51:27.677, 7, 100, 78641
2026/09/14 06:51:28.177, 6, 100, 78641
2026/09/14 06:51:28.178, 7, 100, 78641
2026/09/14 06:51:28.678, 6, 99, 78641
2026/09/14 06:51:28.678, 7, 99, 78641
2026/09/14 06:51:29.178, 6, 100, 78641
2026/09/14 06:51:29.178, 7, 100, 78641
2026/09/14 06:51:29.678, 6, 100, 78641
2026/09/14 06:51:29.678, 7, 100, 78641
2026/09/14 06:51:30.178, 6, 96, 78641
2026/09/14 06:51:30.178, 7, 100, 78641
2026/09/14 06:51:30.679, 6, 100, 78641
2026/09/14 06:51:30.679, 7, 100, 78641
2026/09/14 06:51:31.179, 6, 100, 78641
2026/09/14 06:51:31.179, 7, 100, 78641
2026/09/14 06:51:31.679, 6, 100, 78641
2026/09/14 06:51:31.679, 7, 100, 78641
2026/09/14 06:51:32.179, 6, 99, 78641
2026/09/14 06:51:32.180, 7, 100, 78641
2026/09/14 06:51:32.680, 6, 100, 78641
2026/09/14 06:51:32.680, 7, 100, 78641
2026/09/14 06:51:33.181, 6, 100, 78641
2026/09/14 06:51:33.181, 7, 100, 78641
2026/09/14 06:51:33.681, 6, 99, 78641
2026/09/14 06:51:33.681, 7, 84, 78641
2026/09/14 06:51:34.181, 6, 100, 78641
2026/09/14 06:51:34.181, 7, 100, 78641
2026/09/14 06:51:34.681, 6, 100, 78641
2026/09/14 06:51:34.681, 7, 100, 78641
2026/09/14 06:51:35.181, 6, 100, 78641
2026/09/14 06:51:35.182, 7, 100, 78641
2026/09/14 06:51:35.682, 6, 99, 78641
2026/09/14 06:51:35.682, 7, 99, 78641
2026/09/14 06:51:36.182, 6, 100, 78641
2026/09/14 06:51:36.182, 7, 100, 78641
2026/09/14 06:51:36.682, 6, 100, 78641
2026/09/14 06:51:36.682, 7, 100, 78641
2026/09/14 06:51:37.183, 6, 99, 78641
2026/09/14 06:51:37.183, 7, 93, 78641
2026/09/14 06:51:37.684, 6, 100, 78641
2026/09/14 06:51:37.684, 7, 100, 78641
2026/09/14 06:51:38.184, 6, 100, 78641
2026/09/14 06:51:38.184, 7, 100, 78641
2026/09/14 06:51:38.684, 6, 64, 78641
2026/09/14 06:51:38.684, 7, 64, 78641
2026/09/14 06:51:39.184, 6, 99, 78641
2026/09/14 06:51:39.185, 7, 100, 78641
2026/09/14 06:51:39.686, 6, 100, 78641
2026/09/14 06:51:39.686, 7, 100, 78641
2026/09/14 06:51:40.186, 6, 100, 78641
2026/09/14 06:51:40.186, 7, 100, 78641
2026/09/14 06:51:40.686, 6, 99, 78641
2026/09/14 06:51:40.686, 7, 100, 78641
2026/09/14 06:51:41.187, 6, 100, 78641
2026/09/14 06:51:41.187, 7, 100, 78641
2026/09/14 06:51:41.687, 6, 100, 78641
2026/09/14 06:51:41.687, 7, 100, 78641
2026/09/14 06:51:42.187, 6, 49, 78641
2026/09/14 06:51:42.187, 7, 39, 78641
2026/09/14 06:51:42.687, 6, 100, 78641
2026/09/14 06:51:42.687, 7, 100, 78641
2026/09/14 06:51:43.187, 6, 100, 78641
2026/09/14 06:51:43.187, 7, 100, 78641
2026/09/14 06:51:43.688, 6, 90, 78641
2026/09/14 06:51:43.688, 7, 91, 78641
2026/09/14 06:51:44.188, 6, 99, 78641
2026/09/14 06:51:44.188, 7, 100, 78641
2026/09/14 06:51:44.688, 6, 100, 78641
2026/09/14 06:51:44.688, 7, 100, 78641
2026/09/14 06:51:45.188, 6, 100, 78641
2026/09/14 06:51:45.189, 7, 100, 78641
2026/09/14 06:51:45.690, 6, 84, 78641
2026/09/14 06:51:45.690, 7, 100, 78641
2026/09/14 06:51:46.190, 6, 99, 78641
2026/09/14 06:51:46.190, 7, 100, 78641
2026/09/14 06:51:46.691, 6, 100, 78641
2026/09/14 06:51:46.691, 7, 100, 78641
2026/09/14 06:51:47.191, 6, 100, 78641
2026/09/14 06:51:47.191, 7, 65, 78641
2026/09/14 06:51:47.691, 6, 99, 78641
2026/09/14 06:51:47.691, 7, 100, 78641
2026/09/14 06:51:48.191, 6, 100, 78641
2026/09/14 06:51:48.192, 7, 100, 78641
2026/09/14 06:51:48.692, 6, 100, 78641
2026/09/14 06:51:48.692, 7, 98, 78641
2026/09/14 06:51:49.192, 6, 73, 78641
2026/09/14 06:51:49.192, 7, 100, 78641
2026/09/14 06:51:49.692, 6, 100, 78641
2026/09/14 06:51:49.693, 7, 100, 78641
2026/09/14 06:51:50.193, 6, 100, 78641
2026/09/14 06:51:50.193, 7, 100, 78641
2026/09/14 06:51:50.693, 6, 91, 78641
2026/09/14 06:51:50.693, 7, 99, 78641
2026/09/14 06:51:51.193, 6, 99, 78641
2026/09/14 06:51:51.193, 7, 100, 78641
2026/09/14 06:51:51.694, 6, 100, 78641
2026/09/14 06:51:51.694, 7, 100, 78641
2026/09/14 06:51:52.194, 6, 100, 78641
2026/09/14 06:51:52.229, 7, 100, 78641
2026/09/14 06:51:52.729, 6, 99, 78641
2026/09/14 06:51:52.729, 7, 99, 78641
2026/09/14 06:51:53.229, 6, 100, 78641
2026/09/14 06:51:53.229, 7, 100, 78641
2026/09/14 06:51:53.730, 6, 100, 78641
2026/09/14 06:51:53.730, 7, 100, 78641
2026/09/14 06:51:54.230, 6, 76, 78641
2026/09/14 06:51:54.230, 7, 72, 78641
2026/09/14 06:51:54.730, 6, 100, 78641
2026/09/14 06:51:54.730, 7, 100, 78641
2026/09/14 06:51:55.230, 6, 100, 78641
2026/09/14 06:51:55.230, 7, 100, 78641
2026/09/14 06:51:55.730, 6, 53, 78641
2026/09/14 06:51:55.730, 7, 62, 78641
2026/09/14 06:51:56.230, 6, 99, 78641
2026/09/14 06:51:56.231, 7, 99, 78641
2026/09/14 06:51:56.731, 6, 100, 78641
2026/09/14 06:51:56.731, 7, 100, 78641
2026/09/14 06:51:57.231, 6, 100, 78641
2026/09/14 06:51:57.231, 7, 100, 78641
2026/09/14 06:51:57.731, 6, 99, 78641
2026/09/14 06:51:57.739, 7, 100, 78641
2026/09/14 06:51:58.240, 6, 100, 78641
2026/09/14 06:51:58.241, 7, 100, 78641
2026/09/14 06:51:58.741, 6, 100, 78641
2026/09/14 06:51:58.741, 7, 100, 78641
2026/09/14 06:51:59.241, 6, 72, 78641
2026/09/14 06:51:59.241, 7, 100, 78641
2026/09/14 06:51:59.741, 6, 100, 78641
2026/09/14 06:51:59.741, 7, 100, 78641
2026/09/14 06:52:00.241, 6, 100, 78641
2026/09/14 06:52:00.241, 7, 100, 78641
2026/09/14 06:52:00.742, 6, 72, 78641
2026/09/14 06:52:00.742, 7, 81, 78641
2026/09/14 06:52:01.242, 6, 99, 78641
2026/09/14 06:52:01.245, 7, 100, 78641
2026/09/14 06:52:01.745, 6, 100, 78641
2026/09/14 06:52:01.746, 7, 100, 78641
2026/09/14 06:52:02.246, 6, 100, 78641
2026/09/14 06:52:02.246, 7, 100, 78641
2026/09/14 06:52:02.746, 6, 99, 78641
2026/09/14 06:52:02.746, 7, 100, 78641
2026/09/14 06:52:03.246, 6, 100, 78641
2026/09/14 06:52:03.361, 7, 100, 78641
2026/09/14 06:52:03.862, 6, 100, 78641
2026/09/14 06:52:03.862, 7, 100, 78641
2026/09/14 06:52:04.362, 6, 99, 78641
2026/09/14 06:52:04.362, 7, 99, 78641
2026/09/14 06:52:04.862, 6, 100, 78641
2026/09/14 06:52:04.862, 7, 100, 78641
2026/09/14 06:52:05.362, 6, 100, 78641
2026/09/14 06:52:05.362, 7, 100, 78641
2026/09/14 06:52:05.862, 6, 99, 78641
2026/09/14 06:52:05.863, 7, 75, 78641
2026/09/14 06:52:06.363, 6, 100, 78641
2026/09/14 06:52:06.363, 7, 100, 78641
2026/09/14 06:52:06.863, 6, 100, 78641
2026/09/14 06:52:06.864, 7, 100, 78641
2026/09/14 06:52:07.364, 6, 100, 78641
2026/09/14 06:52:07.365, 7, 100, 78641
2026/09/14 06:52:07.865, 6, 100, 78641
2026/09/14 06:52:07.865, 7, 100, 78641
2026/09/14 06:52:08.365, 6, 100, 78641
2026/09/14 06:52:08.365, 7, 100, 78641
2026/09/14 06:52:08.865, 6, 100, 78641
2026/09/14 06:52:08.865, 7, 100, 78641
2026/09/14 06:52:09.365, 6, 99, 78641
2026/09/14 06:52:09.365, 7, 77, 78641
2026/09/14 06:52:09.865, 6, 100, 78641
2026/09/14 06:52:09.865, 7, 100, 78641
2026/09/14 06:52:10.366, 6, 100, 78641
2026/09/14 06:52:10.366, 7, 100, 78641
2026/09/14 06:52:10.867, 6, 90, 78641
2026/09/14 06:52:10.867, 7, 91, 78641
2026/09/14 06:52:11.367, 6, 100, 78641
2026/09/14 06:52:11.367, 7, 100, 78641
2026/09/14 06:52:11.867, 6, 100, 78641
2026/09/14 06:52:11.868, 7, 100, 78641
2026/09/14 06:52:12.368, 6, 100, 78641
2026/09/14 06:52:12.368, 7, 100, 78641
2026/09/14 06:52:12.868, 6, 99, 78641
2026/09/14 06:52:12.868, 7, 99, 78641
2026/09/14 06:52:13.368, 6, 100, 78641
2026/09/14 06:52:13.368, 7, 100, 78641
2026/09/14 06:52:13.868, 6, 100, 78641
2026/09/14 06:52:13.869, 7, 100, 78641
2026/09/14 06:52:14.369, 6, 99, 78641
2026/09/14 06:52:14.369, 7, 74, 78641
2026/09/14 06:52:14.869, 6, 100, 78641
2026/09/14 06:52:14.870, 7, 100, 78641
2026/09/14 06:52:15.370, 6, 100, 78641
2026/09/14 06:52:15.370, 7, 100, 78641
2026/09/14 06:52:15.870, 6, 55, 78641
2026/09/14 06:52:15.870, 7, 55, 78641
2026/09/14 06:52:16.370, 6, 99, 78641
2026/09/14 06:52:16.370, 7, 99, 78641
2026/09/14 06:52:16.870, 6, 100, 78641
2026/09/14 06:52:16.870, 7, 100, 78641
2026/09/14 06:52:17.370, 6, 100, 78641
2026/09/14 06:52:17.371, 7, 100, 78641
2026/09/14 06:52:17.873, 6, 99, 78641
2026/09/14 06:52:17.873, 7, 100, 78641
2026/09/14 06:52:18.373, 6, 100, 78641
2026/09/14 06:52:18.373, 7, 100, 78641
2026/09/14 06:52:18.873, 6, 100, 78641
2026/09/14 06:52:18.873, 7, 100, 78641
2026/09/14 06:52:19.373, 6, 77, 78641
2026/09/14 06:52:19.478, 7, 99, 78641
2026/09/14 06:52:19.979, 6, 100, 78641
2026/09/14 06:52:19.979, 7, 100, 78641
2026/09/14 06:52:20.479, 6, 100, 78641
2026/09/14 06:52:20.479, 7, 100, 78641
2026/09/14 06:52:20.979, 6, 100, 78641
2026/09/14 06:52:20.979, 7, 74, 78641
2026/09/14 06:52:21.479, 6, 99, 78641
2026/09/14 06:52:21.479, 7, 100, 78641
2026/09/14 06:52:21.979, 6, 100, 78641
2026/09/14 06:52:21.979, 7, 100, 78641
2026/09/14 06:52:22.480, 6, 100, 78641
2026/09/14 06:52:22.480, 7, 96, 78641
2026/09/14 06:52:22.980, 6, 97, 78641
2026/09/14 06:52:22.980, 7, 99, 78641
2026/09/14 06:52:23.480, 6, 100, 78641
2026/09/14 06:52:23.480, 7, 100, 78641
2026/09/14 06:52:23.980, 6, 100, 78641
2026/09/14 06:52:23.980, 7, 100, 78641
2026/09/14 06:52:24.480, 6, 91, 78641
2026/09/14 06:52:24.481, 7, 100, 78641
2026/09/14 06:52:24.981, 6, 100, 78641
2026/09/14 06:52:24.981, 7, 100, 78641
2026/09/14 06:52:25.481, 6, 100, 78641
2026/09/14 06:52:25.481, 7, 100, 78641
2026/09/14 06:52:25.981, 6, 100, 78641
2026/09/14 06:52:25.981, 7, 75, 78641
2026/09/14 06:52:26.482, 6, 99, 78641
2026/09/14 06:52:26.482, 7, 100, 78641
2026/09/14 06:52:26.982, 6, 100, 78641
2026/09/14 06:52:26.982, 7, 100, 78641
2026/09/14 06:52:27.482, 6, 100, 78641
2026/09/14 06:52:27.482, 7, 100, 78641
2026/09/14 06:52:27.982, 6, 99, 78641
2026/09/14 06:52:27.982, 7, 100, 78641
2026/09/14 06:52:28.482, 6, 100, 78641
2026/09/14 06:52:28.482, 7, 100, 78641
2026/09/14 06:52:28.982, 6, 100, 78641
2026/09/14 06:52:28.983, 7, 100, 78641
2026/09/14 06:52:29.483, 6, 53, 78641
2026/09/14 06:52:29.483, 7, 56, 78641
2026/09/14 06:52:29.983, 6, 99, 78641
2026/09/14 06:52:29.983, 7, 99, 78641
2026/09/14 06:52:30.483, 6, 100, 78641
2026/09/14 06:52:30.483, 7, 100, 78641
2026/09/14 06:52:30.983, 6, 100, 78641
2026/09/14 06:52:30.984, 7, 100, 78641
2026/09/14 06:52:31.484, 6, 99, 78641
2026/09/14 06:52:31.484, 7, 100, 78641
2026/09/14 06:52:31.984, 6, 100, 78641
2026/09/14 06:52:31.984, 7, 100, 78641
2026/09/14 06:52:32.484, 6, 100, 78641
2026/09/14 06:52:32.484, 7, 100, 78641
2026/09/14 06:52:32.984, 6, 84, 78641
2026/09/14 06:52:32.984, 7, 72, 78641
2026/09/14 06:52:33.484, 6, 100, 78641
2026/09/14 06:52:33.485, 7, 100, 78641
2026/09/14 06:52:33.985, 6, 100, 78641
2026/09/14 06:52:33.985, 7, 100, 78641
2026/09/14 06:52:34.485, 6, 73, 78641
2026/09/14 06:52:34.485, 7, 74, 78641
2026/09/14 06:52:34.985, 6, 99, 78641
2026/09/14 06:52:34.985, 7, 100, 78641
2026/09/14 06:52:35.485, 6, 100, 78641
2026/09/14 06:52:35.662, 7, 100, 78641
2026/09/14 06:52:36.163, 6, 65, 78641
2026/09/14 06:52:36.163, 7, 100, 78641
2026/09/14 06:52:36.663, 6, 99, 78641
2026/09/14 06:52:36.663, 7, 100, 78641
2026/09/14 06:52:37.163, 6, 100, 78641
2026/09/14 06:52:37.163, 7, 100, 78641
2026/09/14 06:52:37.663, 6, 100, 78641
2026/09/14 06:52:37.663, 7, 100, 78641
2026/09/14 06:52:38.163, 6, 99, 78641
2026/09/14 06:52:38.163, 7, 99, 78641
2026/09/14 06:52:38.664, 6, 100, 78641
2026/09/14 06:52:38.664, 7, 100, 78641
2026/09/14 06:52:39.164, 6, 100, 78641
2026/09/14 06:52:39.165, 7, 100, 78641
2026/09/14 06:52:39.666, 6, 99, 78641
2026/09/14 06:52:39.666, 7, 85, 78641
2026/09/14 06:52:40.166, 6, 100, 78641
2026/09/14 06:52:40.166, 7, 100, 78641
2026/09/14 06:52:40.666, 6, 100, 78641
2026/09/14 06:52:40.667, 7, 100, 78641
2026/09/14 06:52:41.167, 6, 79, 78641
2026/09/14 06:52:41.167, 7, 100, 78641
2026/09/14 06:52:41.667, 6, 100, 78641
2026/09/14 06:52:41.667, 7, 100, 78641
2026/09/14 06:52:42.167, 6, 100, 78641
2026/09/14 06:52:42.167, 7, 100, 78641
2026/09/14 06:52:42.667, 6, 100, 78641
2026/09/14 06:52:42.669, 7, 100, 78641
2026/09/14 06:52:43.170, 6, 99, 78641
2026/09/14 06:52:43.170, 7, 87, 78641
2026/09/14 06:52:43.670, 6, 100, 78641
2026/09/14 06:52:43.671, 7, 100, 78641
2026/09/14 06:52:44.171, 6, 100, 78641
2026/09/14 06:52:44.171, 7, 100, 78641
2026/09/14 06:52:44.671, 6, 99, 78641
2026/09/14 06:52:44.671, 7, 90, 78641
2026/09/14 06:52:45.171, 6, 100, 78641
2026/09/14 06:52:45.171, 7, 100, 78641
2026/09/14 06:52:45.671, 6, 100, 78641
2026/09/14 06:52:45.672, 7, 100, 78641
2026/09/14 06:52:46.172, 6, 95, 78641
2026/09/14 06:52:46.172, 7, 100, 78641
2026/09/14 06:52:46.673, 6, 100, 78641
2026/09/14 06:52:46.673, 7, 99, 78641
2026/09/14 06:52:47.173, 6, 100, 78641
2026/09/14 06:52:47.173, 7, 100, 78641
2026/09/14 06:52:47.674, 6, 100, 78641
2026/09/14 06:52:47.674, 7, 100, 78641
2026/09/14 06:52:48.174, 6, 99, 78641
2026/09/14 06:52:48.174, 7, 89, 78641
2026/09/14 06:52:48.674, 6, 100, 78641
2026/09/14 06:52:48.728, 7, 100, 78641
2026/09/14 06:52:49.229, 6, 100, 78641
2026/09/14 06:52:49.229, 7, 100, 78641
2026/09/14 06:52:49.729, 6, 71, 78641
2026/09/14 06:52:49.729, 7, 49, 78641
2026/09/14 06:52:50.229, 6, 99, 78641
2026/09/14 06:52:50.229, 7, 99, 78641
2026/09/14 06:52:50.729, 6, 100, 78641
2026/09/14 06:52:50.729, 7, 100, 78641
2026/09/14 06:52:51.229, 6, 100, 78641
2026/09/14 06:52:51.230, 7, 100, 78641
2026/09/14 06:52:51.730, 6, 99, 78641
2026/09/14 06:52:51.773, 7, 100, 78641
2026/09/14 06:52:52.273, 6, 100, 78641
2026/09/14 06:52:52.274, 7, 100, 78641
2026/09/14 06:52:52.774, 6, 100, 78641
2026/09/14 06:52:52.774, 7, 100, 78641
2026/09/14 06:52:53.274, 6, 99, 78641
2026/09/14 06:52:53.274, 7, 99, 78641
2026/09/14 06:52:53.774, 6, 100, 78641
2026/09/14 06:52:53.774, 7, 100, 78641
2026/09/14 06:52:54.274, 6, 100, 78641
2026/09/14 06:52:54.274, 7, 100, 78641
2026/09/14 06:52:54.774, 6, 95, 78641
2026/09/14 06:52:54.775, 7, 73, 78641
2026/09/14 06:52:55.275, 6, 100, 78641
2026/09/14 06:52:55.276, 7, 100, 78641
2026/09/14 06:52:55.776, 6, 100, 78641
2026/09/14 06:52:55.776, 7, 100, 78641
2026/09/14 06:52:56.276, 6, 100, 78641
2026/09/14 06:52:56.276, 7, 87, 78641
2026/09/14 06:52:56.776, 6, 99, 78641
2026/09/14 06:52:56.776, 7, 99, 78641
2026/09/14 06:52:57.276, 6, 100, 78641
2026/09/14 06:52:57.276, 7, 100, 78641
2026/09/14 06:52:57.776, 6, 100, 78641
2026/09/14 06:52:57.776, 7, 100, 78641
2026/09/14 06:52:58.277, 6, 99, 78641
2026/09/14 06:52:58.277, 7, 100, 78641
2026/09/14 06:52:58.777, 6, 100, 78641
2026/09/14 06:52:58.777, 7, 100, 78641
2026/09/14 06:52:59.277, 6, 100, 78641
2026/09/14 06:52:59.277, 7, 100, 78641
2026/09/14 06:52:59.777, 6, 100, 78641
2026/09/14 06:52:59.778, 7, 72, 78641
2026/09/14 06:53:00.278, 6, 99, 78641
2026/09/14 06:53:00.278, 7, 100, 78641
2026/09/14 06:53:00.778, 6, 100, 78641
2026/09/14 06:53:00.778, 7, 100, 78641
2026/09/14 06:53:01.278, 6, 100, 78641
2026/09/14 06:53:01.279, 7, 100, 78641
2026/09/14 06:53:01.779, 6, 99, 78641
2026/09/14 06:53:01.779, 7, 100, 78641
2026/09/14 06:53:02.279, 6, 100, 78641
2026/09/14 06:53:02.279, 7, 100, 78641
2026/09/14 06:53:02.779, 6, 100, 78641
2026/09/14 06:53:02.779, 7, 100, 78641
2026/09/14 06:53:03.279, 6, 0, 78641
2026/09/14 06:53:03.307, 7, 40, 78641
2026/09/14 06:53:03.808, 6, 99, 78641
2026/09/14 06:53:03.818, 7, 99, 78641
2026/09/14 06:53:04.318, 6, 100, 78641
2026/09/14 06:53:04.319, 7, 100, 78641
2026/09/14 06:53:04.819, 6, 100, 78641
2026/09/14 06:53:04.819, 7, 100, 78641
2026/09/14 06:53:05.319, 6, 0, 78641
2026/09/14 06:53:05.319, 7, 17, 78641
2026/09/14 06:53:05.819, 6, 0, 78641
2026/09/14 06:53:05.819, 7, 0, 78641
2026/09/14 06:53:06.319, 6, 11, 78641
2026/09/14 06:53:06.319, 7, 6, 78641
2026/09/14 06:53:06.819, 6, 0, 78641
2026/09/14 06:53:06.820, 7, 0, 78641
2026/09/14 06:53:07.320, 6, 0, 78641
2026/09/14 06:53:07.320, 7, 0, 78641
2026/09/14 06:53:07.821, 6, 3, 78641
2026/09/14 06:53:07.821, 7, 0, 78641
2026/09/14 06:53:08.321, 6, 3, 78641
2026/09/14 06:53:08.321, 7, 0, 78641
2026/09/14 06:53:08.821, 6, 20, 78641
2026/09/14 06:53:08.821, 7, 0, 78641
2026/09/14 06:53:09.321, 6, 0, 78641
2026/09/14 06:53:09.322, 7, 4, 78641
2026/09/14 06:53:09.822, 6, 0, 78641
2026/09/14 06:53:09.822, 7, 0, 78641
2026/09/14 06:53:10.322, 6, 0, 78641
2026/09/14 06:53:10.322, 7, 0, 78641
2026/09/14 06:53:10.823, 6, 0, 78641
2026/09/14 06:53:10.823, 7, 0, 78641
2026/09/14 06:53:11.323, 6, 0, 78641
2026/09/14 06:53:11.323, 7, 0, 78641
2026/09/14 06:53:11.823, 6, 0, 78641
2026/09/14 06:53:11.823, 7, 0, 78641
2026/09/14 06:53:12.323, 6, 0, 78641
2026/09/14 06:53:12.323, 7, 0, 78641
2026/09/14 06:53:12.823, 6, 0, 78641
2026/09/14 06:53:12.845, 7, 0, 78641
2026/09/14 06:53:13.345, 6, 0, 78641
2026/09/14 06:53:13.345, 7, 0, 78641
2026/09/14 06:53:13.845, 6, 0, 78641
2026/09/14 06:53:13.845, 7, 0, 78641
2026/09/14 06:53:14.345, 6, 0, 78641
2026/09/14 06:53:14.346, 7, 0, 78641
2026/09/14 06:53:14.846, 6, 0, 78641
2026/09/14 06:53:14.846, 7, 0, 78641
2026/09/14 06:53:15.346, 6, 0, 78641
2026/09/14 06:53:15.346, 7, 0, 78641
2026/09/14 06:53:15.846, 6, 0, 78641
2026/09/14 06:53:15.848, 7, 0, 78641
2026/09/14 06:53:16.350, 6, 1, 78641
2026/09/14 06:53:16.353, 7, 0, 78641
2026/09/14 06:53:16.855, 6, 0, 78641
2026/09/14 06:53:16.855, 7, 0, 78641
2026/09/14 06:53:17.355, 6, 0, 78641
2026/09/14 06:53:17.355, 7, 0, 78641
2026/09/14 06:53:17.855, 6, 0, 78641
2026/09/14 06:53:17.855, 7, 6, 78641
2026/09/14 06:53:18.355, 6, 2, 78641
2026/09/14 06:53:18.355, 7, 0, 78641
2026/09/14 06:53:18.855, 6, 0, 78641
2026/09/14 06:53:18.855, 7, 2, 78641
2026/09/14 06:53:19.356, 6, 0, 78641
2026/09/14 06:53:19.357, 7, 0, 78641
2026/09/14 06:53:19.857, 6, 6, 78641
2026/09/14 06:53:19.857, 7, 0, 78641
2026/09/14 06:53:20.358, 6, 29, 78641
2026/09/14 06:53:20.358, 7, 28, 78641
2026/09/14 06:53:20.858, 6, 25, 78641
2026/09/14 06:53:20.858, 7, 21, 78641
2026/09/14 06:53:21.358, 6, 6, 78641
2026/09/14 06:53:21.358, 7, 10, 78641
2026/09/14 06:53:21.858, 6, 0, 78641
2026/09/14 06:53:21.858, 7, 0, 78641
2026/09/14 06:53:22.358, 6, 0, 78641
2026/09/14 06:53:22.358, 7, 0, 78641
2026/09/14 06:53:22.859, 6, 0, 78641
2026/09/14 06:53:22.859, 7, 0, 78641
2026/09/14 06:53:23.359, 6, 0, 78641
2026/09/14 06:53:23.360, 7, 0, 78641
2026/09/14 06:53:23.861, 6, 0, 78641
2026/09/14 06:53:23.861, 7, 0, 78641
2026/09/14 06:53:24.361, 6, 0, 78641
2026/09/14 06:53:24.361, 7, 0, 78641
2026/09/14 06:53:24.861, 6, 0, 78641
2026/09/14 06:53:24.861, 7, 0, 78641
2026/09/14 06:53:25.361, 6, 0, 78641
2026/09/14 06:53:25.361, 7, 0, 78641
2026/09/14 06:53:25.861, 6, 0, 78641
2026/09/14 06:53:25.861, 7, 0, 78641
2026/09/14 06:53:26.362, 6, 0, 78641
2026/09/14 06:53:26.362, 7, 0, 78641
2026/09/14 06:53:26.862, 6, 0, 78641
2026/09/14 06:53:26.862, 7, 0, 78641
2026/09/14 06:53:27.363, 6, 0, 78641
2026/09/14 06:53:27.363, 7, 0, 78641
2026/09/14 06:53:27.863, 6, 0, 78641
2026/09/14 06:53:27.863, 7, 0, 78641
2026/09/14 06:53:28.363, 6, 0, 78641
2026/09/14 06:53:28.363, 7, 0, 78641
2026/09/14 06:53:28.863, 6, 0, 78641
2026/09/14 06:53:28.951, 7, 0, 78641
2026/09/14 06:53:29.452, 6, 0, 78641
2026/09/14 06:53:29.452, 7, 0, 78641
2026/09/14 06:53:29.952, 6, 0, 78641
2026/09/14 06:53:29.953, 7, 0, 78641
2026/09/14 06:53:30.453, 6, 0, 78641
2026/09/14 06:53:30.453, 7, 0, 78641
2026/09/14 06:53:30.953, 6, 0, 78641
2026/09/14 06:53:30.953, 7, 0, 78641
2026/09/14 06:53:31.453, 6, 0, 78641
2026/09/14 06:53:31.453, 7, 0, 78641
2026/09/14 06:53:31.953, 6, 0, 78641
2026/09/14 06:53:31.953, 7, 0, 78641
2026/09/14 06:53:32.453, 6, 0, 78641
2026/09/14 06:53:32.458, 7, 0, 78641
2026/09/14 06:53:32.960, 6, 0, 78641
2026/09/14 06:53:32.960, 7, 0, 78641
2026/09/14 06:53:33.460, 6, 0, 78641
2026/09/14 06:53:33.460, 7, 0, 78641
2026/09/14 06:53:33.961, 6, 0, 78641
2026/09/14 06:53:33.961, 7, 0, 78641
2026/09/14 06:53:34.461, 6, 0, 78641
2026/09/14 06:53:34.461, 7, 0, 78641
2026/09/14 06:53:34.961, 6, 0, 78641
2026/09/14 06:53:34.961, 7, 0, 78641
2026/09/14 06:53:35.461, 6, 0, 78641
2026/09/14 06:53:35.461, 7, 0, 78641
2026/09/14 06:53:35.961, 6, 0, 78641
2026/09/14 06:53:35.962, 7, 0, 78641
2026/09/14 06:53:36.463, 6, 0, 78641
2026/09/14 06:53:36.463, 7, 0, 78641
2026/09/14 06:53:36.963, 6, 0, 78641
2026/09/14 06:53:36.963, 7, 0, 78641
2026/09/14 06:53:37.463, 6, 0, 78641
2026/09/14 06:53:37.463, 7, 16, 78641
2026/09/14 06:53:37.963, 6, 26, 78641
2026/09/14 06:53:37.963, 7, 20, 78641
2026/09/14 06:53:38.463, 6, 0, 78641
2026/09/14 06:53:38.464, 7, 0, 78641
2026/09/14 06:53:38.964, 6, 0, 78641
2026/09/14 06:53:38.964, 7, 0, 78641
2026/09/14 06:53:39.465, 6, 0, 78641
2026/09/14 06:53:39.465, 7, 0, 78641
2026/09/14 06:53:39.966, 6, 0, 78641
2026/09/14 06:53:39.966, 7, 0, 78641
2026/09/14 06:53:40.466, 6, 0, 78641
2026/09/14 06:53:40.466, 7, 0, 78641
2026/09/14 06:53:40.966, 6, 0, 78641
2026/09/14 06:53:40.966, 7, 0, 78641
2026/09/14 06:53:41.466, 6, 0, 78641
2026/09/14 06:53:41.466, 7, 0, 78641
2026/09/14 06:53:41.966, 6, 0, 78641
2026/09/14 06:53:41.966, 7, 0, 78641
2026/09/14 06:53:42.467, 6, 0, 78641
2026/09/14 06:53:42.467, 7, 0, 78641
2026/09/14 06:53:42.967, 6, 0, 78641
2026/09/14 06:53:42.973, 7, 0, 78641
2026/09/14 06:53:43.476, 6, 0, 78641
2026/09/14 06:53:43.476, 7, 0, 78641
2026/09/14 06:53:43.976, 6, 0, 78641
2026/09/14 06:53:43.976, 7, 0, 78641
2026/09/14 06:53:44.476, 6, 0, 78641
2026/09/14 06:53:44.476, 7, 0, 78641
2026/09/14 06:53:44.976, 6, 0, 78641
2026/09/14 06:53:44.976, 7, 0, 78641
2026/09/14 06:53:45.477, 6, 0, 78641
2026/09/14 06:53:45.477, 7, 0, 78641
2026/09/14 06:53:45.977, 6, 0, 78641
2026/09/14 06:53:45.977, 7, 0, 78641
2026/09/14 06:53:46.478, 6, 6, 78641
2026/09/14 06:53:46.478, 7, 20, 78641
2026/09/14 06:53:46.978, 6, 0, 78641
2026/09/14 06:53:46.978, 7, 0, 78641
2026/09/14 06:53:47.478, 6, 0, 78641
2026/09/14 06:53:47.478, 7, 0, 78641
2026/09/14 06:53:47.979, 6, 0, 78641
2026/09/14 06:53:47.979, 7, 0, 78641
2026/09/14 06:53:48.479, 6, 11, 78641
2026/09/14 06:53:48.479, 7, 0, 78641
2026/09/14 06:53:48.979, 6, 0, 78641
2026/09/14 06:53:48.979, 7, 0, 78641
2026/09/14 06:53:49.479, 6, 6, 78641
2026/09/14 06:53:49.479, 7, 0, 78641
2026/09/14 06:53:49.979, 6, 0, 78641
2026/09/14 06:53:49.979, 7, 0, 78641
2026/09/14 06:53:50.480, 6, 9, 78641
2026/09/14 06:53:50.480, 7, 9, 78641
2026/09/14 06:53:50.980, 6, 0, 78641
2026/09/14 06:53:50.980, 7, 0, 78641
2026/09/14 06:53:51.480, 6, 29, 78641
2026/09/14 06:53:51.480, 7, 22, 78641
2026/09/14 06:53:51.981, 6, 11, 78641
2026/09/14 06:53:51.981, 7, 22, 78641
2026/09/14 06:53:52.482, 6, 0, 78641
2026/09/14 06:53:52.482, 7, 0, 78641
2026/09/14 06:53:52.982, 6, 0, 78641
2026/09/14 06:53:52.982, 7, 0, 78641
2026/09/14 06:53:53.482, 6, 0, 78641
2026/09/14 06:53:53.482, 7, 0, 78641
2026/09/14 06:53:53.982, 6, 0, 78641
2026/09/14 06:53:53.982, 7, 0, 78641
2026/09/14 06:53:54.482, 6, 0, 78641
2026/09/14 06:53:54.482, 7, 0, 78641
2026/09/14 06:53:54.983, 6, 0, 78641
2026/09/14 06:53:54.983, 7, 0, 78641
2026/09/14 06:53:55.483, 6, 0, 78641
2026/09/14 06:53:55.483, 7, 0, 78641
2026/09/14 06:53:55.983, 6, 0, 78641
2026/09/14 06:53:55.983, 7, 0, 78641
2026/09/14 06:53:56.483, 6, 0, 78641
2026/09/14 06:53:56.483, 7, 0, 78641
2026/09/14 06:53:56.983, 6, 0, 78641
2026/09/14 06:53:56.983, 7, 0, 78641
2026/09/14 06:53:57.484, 6, 0, 78641
2026/09/14 06:53:57.484, 7, 0, 78641
2026/09/14 06:53:57.984, 6, 0, 78641
2026/09/14 06:53:57.984, 7, 0, 78641
2026/09/14 06:53:58.484, 6, 0, 78641
2026/09/14 06:53:58.484, 7, 0, 78641
2026/09/14 06:53:58.984, 6, 0, 78641
2026/09/14 06:53:58.984, 7, 0, 78641
2026/09/14 06:53:59.484, 6, 0, 78641
2026/09/14 06:53:59.484, 7, 0, 78641
2026/09/14 06:53:59.984, 6, 0, 78641
2026/09/14 06:53:59.985, 7, 0, 78641
2026/09/14 06:54:00.485, 6, 0, 78641
2026/09/14 06:54:00.485, 7, 0, 78641
2026/09/14 06:54:00.985, 6, 2, 78641
2026/09/14 06:54:00.985, 7, 3, 78641
2026/09/14 06:54:01.553, 6, 0, 78641
2026/09/14 06:54:01.553, 7, 0, 78641
2026/09/14 06:54:02.053, 6, 0, 78641
2026/09/14 06:54:02.053, 7, 0, 78641
2026/09/14 06:54:02.553, 6, 0, 78641
2026/09/14 06:54:02.553, 7, 0, 78641
2026/09/14 06:54:03.053, 6, 30, 78641
2026/09/14 06:54:03.053, 7, 21, 78641
2026/09/14 06:54:03.554, 6, 22, 78641
2026/09/14 06:54:03.554, 7, 19, 78641
2026/09/14 06:54:04.054, 6, 6, 78641
2026/09/14 06:54:04.054, 7, 13, 78641
2026/09/14 06:54:04.554, 6, 0, 78641
2026/09/14 06:54:04.554, 7, 0, 78641
2026/09/14 06:54:05.054, 6, 0, 78641
2026/09/14 06:54:05.054, 7, 0, 78641
2026/09/14 06:54:05.555, 6, 0, 78641
2026/09/14 06:54:05.555, 7, 0, 78641
2026/09/14 06:54:06.055, 6, 0, 78641
2026/09/14 06:54:06.055, 7, 0, 78641
2026/09/14 06:54:06.555, 6, 0, 78641
2026/09/14 06:54:06.555, 7, 0, 78641
2026/09/14 06:54:07.055, 6, 0, 78641
2026/09/14 06:54:07.055, 7, 0, 78641
2026/09/14 06:54:07.555, 6, 0, 78641
2026/09/14 06:54:07.556, 7, 0, 78641
2026/09/14 06:54:08.056, 6, 0, 78641
2026/09/14 06:54:08.056, 7, 0, 78641
2026/09/14 06:54:08.556, 6, 0, 78641
2026/09/14 06:54:08.556, 7, 0, 78641
2026/09/14 06:54:09.056, 6, 0, 78641
2026/09/14 06:54:09.056, 7, 0, 78641
2026/09/14 06:54:09.556, 6, 0, 78641
2026/09/14 06:54:09.556, 7, 0, 78641
2026/09/14 06:54:10.056, 6, 0, 78641
2026/09/14 06:54:10.056, 7, 0, 78641
2026/09/14 06:54:10.557, 6, 0, 78641
2026/09/14 06:54:10.557, 7, 0, 78641
2026/09/14 06:54:11.057, 6, 0, 78641
2026/09/14 06:54:11.057, 7, 0, 78641
2026/09/14 06:54:11.557, 6, 0, 78641
2026/09/14 06:54:11.760, 7, 0, 78641
2026/09/14 06:54:12.261, 6, 0, 78641
2026/09/14 06:54:12.261, 7, 0, 78641
2026/09/14 06:54:12.761, 6, 0, 78641
2026/09/14 06:54:12.761, 7, 0, 78641
2026/09/14 06:54:13.262, 6, 0, 78641
2026/09/14 06:54:13.262, 7, 0, 78641
2026/09/14 06:54:13.762, 6, 0, 78641
2026/09/14 06:54:13.762, 7, 0, 78641
2026/09/14 06:54:14.262, 6, 0, 78641
2026/09/14 06:54:14.262, 7, 0, 78641
2026/09/14 06:54:14.762, 6, 0, 78641
2026/09/14 06:54:14.762, 7, 0, 78641
2026/09/14 06:54:15.262, 6, 0, 78641
2026/09/14 06:54:15.262, 7, 0, 78641
2026/09/14 06:54:15.762, 6, 0, 78641
2026/09/14 06:54:15.763, 7, 0, 78641
2026/09/14 06:54:16.263, 6, 0, 78641
2026/09/14 06:54:16.263, 7, 0, 78641
2026/09/14 06:54:16.763, 6, 0, 78641
2026/09/14 06:54:16.763, 7, 0, 78641
2026/09/14 06:54:17.263, 6, 0, 78641
2026/09/14 06:54:17.263, 7, 0, 78641
2026/09/14 06:54:17.763, 6, 0, 78641
2026/09/14 06:54:17.763, 7, 0, 78641
2026/09/14 06:54:18.263, 6, 0, 78641
2026/09/14 06:54:18.264, 7, 0, 78641
2026/09/14 06:54:18.764, 6, 0, 78641
2026/09/14 06:54:18.770, 7, 0, 78641
2026/09/14 06:54:19.270, 6, 0, 78641
2026/09/14 06:54:19.270, 7, 0, 78641
2026/09/14 06:54:19.770, 6, 0, 78641
2026/09/14 06:54:19.770, 7, 0, 78641
2026/09/14 06:54:20.270, 6, 0, 78641
2026/09/14 06:54:20.271, 7, 31, 78641
2026/09/14 06:54:20.771, 6, 29, 78641
2026/09/14 06:54:20.771, 7, 17, 78641
2026/09/14 06:54:21.271, 6, 0, 78641
2026/09/14 06:54:21.271, 7, 0, 78641
2026/09/14 06:54:21.771, 6, 0, 78641
2026/09/14 06:54:21.771, 7, 0, 78641
2026/09/14 06:54:22.271, 6, 0, 78641
2026/09/14 06:54:22.271, 7, 0, 78641
2026/09/14 06:54:22.772, 6, 0, 78641
2026/09/14 06:54:22.772, 7, 0, 78641
2026/09/14 06:54:23.272, 6, 0, 78641
2026/09/14 06:54:23.272, 7, 0, 78641
2026/09/14 06:54:23.772, 6, 0, 78641
2026/09/14 06:54:23.773, 7, 0, 78641
2026/09/14 06:54:24.273, 6, 0, 78641
2026/09/14 06:54:24.273, 7, 0, 78641
2026/09/14 06:54:24.773, 6, 0, 78641
2026/09/14 06:54:24.773, 7, 0, 78641
2026/09/14 06:54:25.273, 6, 0, 78641
2026/09/14 06:54:25.274, 7, 0, 78641
2026/09/14 06:54:25.774, 6, 0, 78641
2026/09/14 06:54:25.778, 7, 0, 78641
2026/09/14 06:54:26.280, 6, 0, 78641
2026/09/14 06:54:26.281, 7, 0, 78641
2026/09/14 06:54:26.781, 6, 0, 78641
2026/09/14 06:54:26.781, 7, 0, 78641
2026/09/14 06:54:27.281, 6, 0, 78641
2026/09/14 06:54:27.281, 7, 0, 78641
2026/09/14 06:54:27.781, 6, 0, 78641
2026/09/14 06:54:27.869, 7, 0, 78641
2026/09/14 06:54:28.370, 6, 0, 78641
2026/09/14 06:54:28.370, 7, 0, 78641
2026/09/14 06:54:28.870, 6, 0, 78641
2026/09/14 06:54:28.870, 7, 13, 78641
2026/09/14 06:54:29.370, 6, 0, 78641
2026/09/14 06:54:29.370, 7, 0, 78641
2026/09/14 06:54:29.870, 6, 0, 78641
2026/09/14 06:54:29.870, 7, 0, 78641
2026/09/14 06:54:30.370, 6, 0, 78641
2026/09/14 06:54:30.370, 7, 0, 78641
2026/09/14 06:54:30.870, 6, 0, 78641
2026/09/14 06:54:30.871, 7, 0, 78641
2026/09/14 06:54:31.371, 6, 5, 78641
2026/09/14 06:54:31.371, 7, 12, 78641
2026/09/14 06:54:31.872, 6, 0, 78641
2026/09/14 06:54:31.872, 7, 0, 78641
2026/09/14 06:54:32.372, 6, 9, 78641
2026/09/14 06:54:32.372, 7, 9, 78641
2026/09/14 06:54:32.872, 6, 0, 78641
2026/09/14 06:54:32.872, 7, 0, 78641
2026/09/14 06:54:33.373, 6, 0, 78641
2026/09/14 06:54:33.490, 7, 0, 78641
2026/09/14 06:54:33.992, 6, 2, 78641
2026/09/14 06:54:33.992, 7, 0, 78641
2026/09/14 06:54:34.492, 6, 20, 78641
2026/09/14 06:54:34.492, 7, 31, 78641
2026/09/14 06:54:34.992, 6, 0, 78641
2026/09/14 06:54:34.992, 7, 0, 78641
2026/09/14 06:54:35.492, 6, 0, 78641
2026/09/14 06:54:35.492, 7, 0, 78641
2026/09/14 06:54:35.993, 6, 0, 78641
2026/09/14 06:54:35.993, 7, 0, 78641
2026/09/14 06:54:36.493, 6, 0, 78641
2026/09/14 06:54:36.494, 7, 0, 78641
2026/09/14 06:54:36.994, 6, 0, 78641
2026/09/14 06:54:36.994, 7, 0, 78641
2026/09/14 06:54:37.494, 6, 0, 78641
2026/09/14 06:54:37.494, 7, 0, 78641
2026/09/14 06:54:37.994, 6, 0, 78641
2026/09/14 06:54:37.994, 7, 0, 78641
2026/09/14 06:54:38.494, 6, 0, 78641
2026/09/14 06:54:38.495, 7, 0, 78641
2026/09/14 06:54:38.995, 6, 0, 78641
2026/09/14 06:54:38.995, 7, 0, 78641
2026/09/14 06:54:39.495, 6, 0, 78641
2026/09/14 06:54:39.495, 7, 0, 78641
2026/09/14 06:54:39.995, 6, 0, 78641
2026/09/14 06:54:39.995, 7, 0, 78641
2026/09/14 06:54:40.496, 6, 0, 78641
2026/09/14 06:54:40.496, 7, 0, 78641
2026/09/14 06:54:40.996, 6, 0, 78641
2026/09/14 06:54:40.996, 7, 0, 78641
2026/09/14 06:54:41.496, 6, 0, 78641
2026/09/14 06:54:41.496, 7, 0, 78641
2026/09/14 06:54:41.996, 6, 1, 78641
2026/09/14 06:54:41.996, 7, 12, 78641
2026/09/14 06:54:42.496, 6, 0, 78641
2026/09/14 06:54:42.496, 7, 0, 78641
2026/09/14 06:54:42.997, 6, 6, 78641
2026/09/14 06:54:42.997, 7, 6, 78641
2026/09/14 06:54:43.497, 6, 0, 78641
2026/09/14 06:54:43.497, 7, 3, 78641
2026/09/14 06:54:43.997, 6, 1, 78641
2026/09/14 06:54:43.999, 7, 12, 78641
2026/09/14 06:54:44.500, 6, 0, 78641
2026/09/14 06:54:44.500, 7, 0, 78641
2026/09/14 06:54:45.000, 6, 6, 78641
2026/09/14 06:54:45.000, 7, 6, 78641
2026/09/14 06:54:45.500, 6, 31, 78641
2026/09/14 06:54:45.500, 7, 11, 78641
2026/09/14 06:54:46.000, 6, 25, 78641
2026/09/14 06:54:46.000, 7, 27, 78641
2026/09/14 06:54:46.501, 6, 13, 78641
2026/09/14 06:54:46.501, 7, 21, 78641
2026/09/14 06:54:47.001, 6, 0, 78641
2026/09/14 06:54:47.001, 7, 0, 78641
2026/09/14 06:54:47.501, 6, 0, 78641
2026/09/14 06:54:47.501, 7, 0, 78641
2026/09/14 06:54:48.001, 6, 0, 78641
2026/09/14 06:54:48.001, 7, 0, 78641
2026/09/14 06:54:48.501, 6, 0, 78641
2026/09/14 06:54:48.501, 7, 0, 78641
2026/09/14 06:54:49.002, 6, 0, 78641
2026/09/14 06:54:49.002, 7, 0, 78641
2026/09/14 06:54:49.502, 6, 0, 78641
2026/09/14 06:54:49.502, 7, 0, 78641
2026/09/14 06:54:50.002, 6, 0, 78641
2026/09/14 06:54:50.002, 7, 0, 78641
2026/09/14 06:54:50.502, 6, 0, 78641
2026/09/14 06:54:50.502, 7, 0, 78641
2026/09/14 06:54:51.002, 6, 0, 78641
2026/09/14 06:54:51.002, 7, 0, 78641
2026/09/14 06:54:51.503, 6, 0, 78641
2026/09/14 06:54:51.503, 7, 0, 78641
2026/09/14 06:54:52.003, 6, 0, 78641
2026/09/14 06:54:52.003, 7, 0, 78641
2026/09/14 06:54:52.503, 6, 0, 78641
2026/09/14 06:54:52.503, 7, 0, 78641
2026/09/14 06:54:53.003, 6, 0, 78641
2026/09/14 06:54:53.004, 7, 0, 78641
2026/09/14 06:54:53.504, 6, 0, 78641
2026/09/14 06:54:53.504, 7, 0, 78641
2026/09/14 06:54:54.004, 6, 0, 78641
2026/09/14 06:54:54.004, 7, 0, 78641
2026/09/14 06:54:54.504, 6, 0, 78641
2026/09/14 06:54:54.504, 7, 0, 78641
2026/09/14 06:54:55.005, 6, 0, 78641
2026/09/14 06:54:55.005, 7, 0, 78641
2026/09/14 06:54:55.505, 6, 0, 78641
2026/09/14 06:54:55.505, 7, 0, 78641
2026/09/14 06:54:56.005, 6, 0, 78641
2026/09/14 06:54:56.005, 7, 0, 78641
2026/09/14 06:54:56.505, 6, 0, 78641
2026/09/14 06:54:56.505, 7, 0, 78641
2026/09/14 06:54:57.005, 6, 0, 78641
2026/09/14 06:54:57.005, 7, 0, 78641
2026/09/14 06:54:57.506, 6, 0, 78641
2026/09/14 06:54:57.506, 7, 0, 78641
2026/09/14 06:54:58.006, 6, 0, 78641
2026/09/14 06:54:58.006, 7, 0, 78641
2026/09/14 06:54:58.506, 6, 0, 78641
2026/09/14 06:54:58.506, 7, 0, 78641
2026/09/14 06:54:59.006, 6, 0, 78641
2026/09/14 06:54:59.006, 7, 0, 78641
2026/09/14 06:54:59.507, 6, 0, 78641
2026/09/14 06:54:59.507, 7, 0, 78641
2026/09/14 06:55:00.007, 6, 0, 78641
2026/09/14 06:55:00.007, 7, 0, 78641
2026/09/14 06:55:00.507, 6, 0, 78641
2026/09/14 06:55:00.507, 7, 0, 78641
2026/09/14 06:55:01.007, 6, 0, 78641
2026/09/14 06:55:01.007, 7, 0, 78641
2026/09/14 06:55:01.508, 6, 0, 78641
2026/09/14 06:55:01.508, 7, 0, 78641
2026/09/14 06:55:02.008, 6, 0, 78641
2026/09/14 06:55:02.008, 7, 0, 78641
2026/09/14 06:55:02.508, 6, 0, 78641
2026/09/14 06:55:02.508, 7, 0, 78641
2026/09/14 06:55:03.008, 6, 0, 78641
2026/09/14 06:55:03.009, 7, 11, 78641
2026/09/14 06:55:03.509, 6, 30, 78641
2026/09/14 06:55:03.509, 7, 19, 78641
2026/09/14 06:55:04.009, 6, 0, 78641
2026/09/14 06:55:04.009, 7, 0, 78641
2026/09/14 06:55:04.509, 6, 0, 78641
2026/09/14 06:55:04.510, 7, 0, 78641
2026/09/14 06:55:05.010, 6, 0, 78641
2026/09/14 06:55:05.010, 7, 0, 78641
2026/09/14 06:55:05.510, 6, 0, 78641
2026/09/14 06:55:05.510, 7, 0, 78641
2026/09/14 06:55:06.010, 6, 0, 78641
2026/09/14 06:55:06.010, 7, 0, 78641
2026/09/14 06:55:06.510, 6, 0, 78641
2026/09/14 06:55:06.511, 7, 0, 78641
2026/09/14 06:55:07.011, 6, 0, 78641
2026/09/14 06:55:07.011, 7, 0, 78641
2026/09/14 06:55:07.511, 6, 0, 78641
2026/09/14 06:55:07.511, 7, 0, 78641
2026/09/14 06:55:08.011, 6, 0, 78641
2026/09/14 06:55:08.011, 7, 0, 78641
2026/09/14 06:55:08.511, 6, 0, 78641
2026/09/14 06:55:08.511, 7, 0, 78641
2026/09/14 06:55:09.011, 6, 0, 78641
2026/09/14 06:55:09.012, 7, 0, 78641
2026/09/14 06:55:09.512, 6, 0, 78641
2026/09/14 06:55:09.512, 7, 0, 78641
2026/09/14 06:55:10.012, 6, 0, 78641
2026/09/14 06:55:10.012, 7, 0, 78641
2026/09/14 06:55:10.512, 6, 0, 78641
2026/09/14 06:55:10.512, 7, 0, 78641
2026/09/14 06:55:11.012, 6, 0, 78641
2026/09/14 06:55:11.012, 7, 0, 78641
2026/09/14 06:55:11.513, 6, 0, 78641
2026/09/14 06:55:11.513, 7, 0, 78641
2026/09/14 06:55:12.013, 6, 21, 78641
2026/09/14 06:55:12.013, 7, 23, 78641
2026/09/14 06:55:12.513, 6, 0, 78641
2026/09/14 06:55:12.513, 7, 0, 78641
2026/09/14 06:55:13.013, 6, 0, 78641
2026/09/14 06:55:13.013, 7, 0, 78641
2026/09/14 06:55:13.513, 6, 0, 78641
2026/09/14 06:55:13.513, 7, 0, 78641
2026/09/14 06:55:14.013, 6, 0, 78641
2026/09/14 06:55:14.014, 7, 0, 78641
2026/09/14 06:55:14.514, 6, 0, 78641
2026/09/14 06:55:14.514, 7, 0, 78641
2026/09/14 06:55:15.014, 6, 0, 78641
2026/09/14 06:55:15.014, 7, 0, 78641
2026/09/14 06:55:15.514, 6, 0, 78641
2026/09/14 06:55:15.514, 7, 0, 78641
2026/09/14 06:55:16.014, 6, 0, 78641
2026/09/14 06:55:16.170, 7, 1, 78641
2026/09/14 06:55:16.671, 6, 0, 78641
2026/09/14 06:55:16.671, 7, 0, 78641
2026/09/14 06:55:17.171, 6, 11, 78641
2026/09/14 06:55:17.171, 7, 5, 78641
2026/09/14 06:55:17.671, 6, 0, 78641
2026/09/14 06:55:17.671, 7, 0, 78641
2026/09/14 06:55:18.171, 6, 0, 78641
2026/09/14 06:55:18.171, 7, 0, 78641
2026/09/14 06:55:18.671, 6, 0, 78641
2026/09/14 06:55:18.745, 7, 0, 78641
2026/09/14 06:55:19.245, 6, 0, 78641
2026/09/14 06:55:19.245, 7, 0, 78641
2026/09/14 06:55:19.746, 6, 3, 78641
2026/09/14 06:55:19.746, 7, 3, 78641
2026/09/14 06:55:20.246, 6, 0, 78641
2026/09/14 06:55:20.246, 7, 3, 78641
2026/09/14 06:55:20.746, 6, 31, 78641
2026/09/14 06:55:20.746, 7, 11, 78641
2026/09/14 06:55:21.246, 6, 13, 78641
2026/09/14 06:55:21.246, 7, 24, 78641
2026/09/14 06:55:21.746, 6, 0, 78641
2026/09/14 06:55:21.788, 7, 0, 78641
2026/09/14 06:55:22.288, 6, 0, 78641
2026/09/14 06:55:22.289, 7, 0, 78641
2026/09/14 06:55:22.789, 6, 0, 78641
2026/09/14 06:55:22.789, 7, 0, 78641
2026/09/14 06:55:23.289, 6, 0, 78641
2026/09/14 06:55:23.289, 7, 0, 78641
2026/09/14 06:55:23.789, 6, 0, 78641
2026/09/14 06:55:23.789, 7, 0, 78641
2026/09/14 06:55:24.289, 6, 0, 78641
2026/09/14 06:55:24.289, 7, 0, 78641
2026/09/14 06:55:24.789, 6, 0, 78641
2026/09/14 06:55:24.790, 7, 0, 78641
2026/09/14 06:55:25.290, 6, 0, 78641
2026/09/14 06:55:25.290, 7, 0, 78641
2026/09/14 06:55:25.790, 6, 0, 78641
2026/09/14 06:55:25.790, 7, 0, 78641
2026/09/14 06:55:26.290, 6, 0, 78641
2026/09/14 06:55:26.290, 7, 0, 78641
2026/09/14 06:55:26.790, 6, 0, 78641
2026/09/14 06:55:26.790, 7, 0, 78641
2026/09/14 06:55:27.290, 6, 0, 78641
2026/09/14 06:55:27.290, 7, 0, 78641
2026/09/14 06:55:27.791, 6, 0, 78641
2026/09/14 06:55:27.791, 7, 0, 78641
2026/09/14 06:55:28.291, 6, 0, 78641
2026/09/14 06:55:28.291, 7, 8, 78641
2026/09/14 06:55:28.791, 6, 0, 78641
2026/09/14 06:55:28.791, 7, 0, 78641
2026/09/14 06:55:29.291, 6, 0, 78641
2026/09/14 06:55:29.291, 7, 0, 78641
2026/09/14 06:55:29.791, 6, 0, 78641
2026/09/14 06:55:29.792, 7, 0, 78641
2026/09/14 06:55:30.292, 6, 2, 78641
2026/09/14 06:55:30.292, 7, 2, 78641
2026/09/14 06:55:30.792, 6, 0, 78641
2026/09/14 06:55:30.792, 7, 0, 78641
2026/09/14 06:55:31.292, 6, 0, 78641
2026/09/14 06:55:31.292, 7, 0, 78641
2026/09/14 06:55:31.792, 6, 0, 78641
2026/09/14 06:55:31.792, 7, 0, 78641
2026/09/14 06:55:32.292, 6, 31, 78641
2026/09/14 06:55:32.293, 7, 30, 78641
2026/09/14 06:55:32.794, 6, 25, 78641
2026/09/14 06:55:32.794, 7, 22, 78641
2026/09/14 06:55:33.294, 6, 6, 78641
2026/09/14 06:55:33.294, 7, 0, 78641
2026/09/14 06:55:33.794, 6, 0, 78641
2026/09/14 06:55:33.795, 7, 0, 78641
2026/09/14 06:55:34.295, 6, 0, 78641
2026/09/14 06:55:34.295, 7, 0, 78641
2026/09/14 06:55:34.795, 6, 0, 78641
2026/09/14 06:55:34.795, 7, 0, 78641
2026/09/14 06:55:35.295, 6, 0, 78641
2026/09/14 06:55:35.295, 7, 0, 78641
2026/09/14 06:55:35.795, 6, 0, 78641
2026/09/14 06:55:35.796, 7, 0, 78641
2026/09/14 06:55:36.296, 6, 0, 78641
2026/09/14 06:55:36.296, 7, 0, 78641
2026/09/14 06:55:36.796, 6, 0, 78641
2026/09/14 06:55:36.797, 7, 0, 78641
2026/09/14 06:55:37.297, 6, 0, 78641
2026/09/14 06:55:37.297, 7, 0, 78641
2026/09/14 06:55:37.797, 6, 0, 78641
2026/09/14 06:55:37.893, 7, 0, 78641
2026/09/14 06:55:38.393, 6, 0, 78641
2026/09/14 06:55:38.394, 7, 0, 78641
2026/09/14 06:55:38.894, 6, 0, 78641
2026/09/14 06:55:38.894, 7, 0, 78641
2026/09/14 06:55:39.394, 6, 0, 78641
2026/09/14 06:55:39.394, 7, 0, 78641
2026/09/14 06:55:39.894, 6, 0, 78641
2026/09/14 06:55:39.894, 7, 0, 78641
2026/09/14 06:55:40.394, 6, 0, 78641
2026/09/14 06:55:40.394, 7, 0, 78641
2026/09/14 06:55:40.894, 6, 0, 78641
2026/09/14 06:55:40.895, 7, 0, 78641
2026/09/14 06:55:41.395, 6, 0, 78641
2026/09/14 06:55:41.395, 7, 0, 78641
2026/09/14 06:55:41.895, 6, 0, 78641
2026/09/14 06:55:41.895, 7, 0, 78641
2026/09/14 06:55:42.395, 6, 0, 78641
2026/09/14 06:55:42.395, 7, 0, 78641
2026/09/14 06:55:42.895, 6, 0, 78641
2026/09/14 06:55:42.895, 7, 0, 78641
2026/09/14 06:55:43.396, 6, 0, 78641
2026/09/14 06:55:43.396, 7, 0, 78641
2026/09/14 06:55:43.896, 6, 0, 78641
2026/09/14 06:55:43.896, 7, 0, 78641
2026/09/14 06:55:44.396, 6, 0, 78641
2026/09/14 06:55:44.396, 7, 0, 78641
2026/09/14 06:55:44.896, 6, 0, 78641
2026/09/14 06:55:44.896, 7, 0, 78641
2026/09/14 06:55:45.396, 6, 0, 78641
2026/09/14 06:55:45.397, 7, 0, 78641
2026/09/14 06:55:45.897, 6, 0, 78641
2026/09/14 06:55:45.897, 7, 0, 78641
2026/09/14 06:55:46.397, 6, 0, 78641
2026/09/14 06:55:46.397, 7, 0, 78641
2026/09/14 06:55:46.897, 6, 0, 78641
2026/09/14 06:55:46.897, 7, 0, 78641
2026/09/14 06:55:47.397, 6, 0, 78641
2026/09/14 06:55:47.397, 7, 0, 78641
2026/09/14 06:55:47.897, 6, 0, 78641
2026/09/14 06:55:47.898, 7, 0, 78641
2026/09/14 06:55:48.398, 6, 0, 78641
2026/09/14 06:55:48.398, 7, 0, 78641
2026/09/14 06:55:48.898, 6, 0, 78641
2026/09/14 06:55:48.898, 7, 0, 78641
2026/09/14 06:55:49.398, 6, 0, 78641
2026/09/14 06:55:49.398, 7, 0, 78641
2026/09/14 06:55:49.898, 6, 21, 78641
2026/09/14 06:55:49.898, 7, 32, 78641
2026/09/14 06:55:50.399, 6, 32, 78641
2026/09/14 06:55:50.399, 7, 32, 78641
2026/09/14 06:55:50.899, 6, 0, 78641
2026/09/14 06:55:50.899, 7, 0, 78641
2026/09/14 06:55:51.399, 6, 0, 78641
2026/09/14 06:55:51.399, 7, 0, 78641
2026/09/14 06:55:51.899, 6, 0, 78641
2026/09/14 06:55:51.900, 7, 0, 78641
2026/09/14 06:55:52.400, 6, 0, 78641
2026/09/14 06:55:52.400, 7, 0, 78641
2026/09/14 06:55:52.900, 6, 0, 78641
2026/09/14 06:55:52.900, 7, 0, 78641
2026/09/14 06:55:53.400, 6, 0, 78641
2026/09/14 06:55:53.400, 7, 0, 78641
2026/09/14 06:55:53.900, 6, 0, 78641
2026/09/14 06:55:53.901, 7, 0, 78641
2026/09/14 06:55:54.401, 6, 0, 78641
2026/09/14 06:55:54.401, 7, 0, 78641
2026/09/14 06:55:54.901, 6, 0, 78641
2026/09/14 06:55:54.903, 7, 0, 78641
2026/09/14 06:55:55.405, 6, 0, 78641
2026/09/14 06:55:55.405, 7, 0, 78641
2026/09/14 06:55:55.906, 6, 0, 78641
2026/09/14 06:55:55.906, 7, 0, 78641
2026/09/14 06:55:56.406, 6, 0, 78641
2026/09/14 06:55:56.406, 7, 0, 78641
2026/09/14 06:55:56.906, 6, 0, 78641
2026/09/14 06:55:56.906, 7, 0, 78641
2026/09/14 06:55:57.406, 6, 0, 78641
2026/09/14 06:55:57.406, 7, 0, 78641
2026/09/14 06:55:57.906, 6, 0, 78641
2026/09/14 06:55:57.967, 7, 0, 78641
2026/09/14 06:55:58.467, 6, 0, 78641
2026/09/14 06:55:58.467, 7, 0, 78641
2026/09/14 06:55:58.967, 6, 11, 78641
2026/09/14 06:55:58.967, 7, 22, 78641
2026/09/14 06:55:59.467, 6, 0, 78641
2026/09/14 06:55:59.468, 7, 0, 78641
2026/09/14 06:55:59.968, 6, 0, 78641
2026/09/14 06:55:59.968, 7, 0, 78641
2026/09/14 06:56:00.468, 6, 0, 78641
2026/09/14 06:56:00.468, 7, 0, 78641
2026/09/14 06:56:00.968, 6, 0, 78641
2026/09/14 06:56:00.968, 7, 0, 78641
2026/09/14 06:56:01.468, 6, 0, 78641
2026/09/14 06:56:01.468, 7, 11, 78641
2026/09/14 06:56:01.969, 6, 0, 78641
2026/09/14 06:56:01.969, 7, 0, 78641
2026/09/14 06:56:02.469, 6, 0, 78641
2026/09/14 06:56:02.469, 7, 9, 78641
2026/09/14 06:56:02.969, 6, 8, 78641
2026/09/14 06:56:02.969, 7, 0, 78641
2026/09/14 06:56:03.469, 6, 0, 78641
2026/09/14 06:56:03.469, 7, 0, 78641
2026/09/14 06:56:03.969, 6, 1, 78641
2026/09/14 06:56:03.970, 7, 1, 78641
2026/09/14 06:56:04.470, 6, 0, 78641
2026/09/14 06:56:04.502, 7, 0, 78641
2026/09/14 06:56:05.002, 6, 0, 78641
2026/09/14 06:56:05.002, 7, 0, 78641
2026/09/14 06:56:05.502, 6, 0, 78641
2026/09/14 06:56:05.503, 7, 0, 78641
2026/09/14 06:56:06.003, 6, 0, 78639
2026/09/14 06:56:06.003, 7, 0, 78639
2026/09/14 06:56:06.503, 6, 0, 78639
2026/09/14 06:56:06.503, 7, 0, 78639
2026/09/14 06:56:07.003, 6, 0, 78639
2026/09/14 06:56:07.062, 7, 0, 78639
2026/09/14 06:56:07.562, 6, 54, 1543
2026/09/14 06:56:07.562, 7, 0, 1543
2026/09/14 06:56:08.062, 6, 100, 1541
2026/09/14 06:56:08.065, 7, 74, 1541
2026/09/14 06:56:08.566, 6, 100, 1539
2026/09/14 06:56:08.566, 7, 100, 1539
2026/09/14 06:56:09.068, 6, 100, 1535
2026/09/14 06:56:09.074, 7, 100, 1535
