step	loss.hex	grad_norm.hex	llm_grad_norm.hex	mem_enc_norm.hex	param_norm.hex
0	0x1.4c51e60000000p-1	0x1.455ff00000000p+7	0x1.fb2e160000000p+6	0x1.976d840000000p+6	0x1.c2c5e20000000p+10
1	0x1.489ad60000000p-1	0x1.a5d5200000000p+7	0x1.4484000000000p+7	0x1.0d64340000000p+7	0x1.c2c5e20000000p+10
2	0x1.3d44660000000p-1	0x1.7f88cc0000000p+5	0x1.2d07a20000000p+5	0x1.d87f5a0000000p+4	0x1.c2c5e20000000p+10
3	0x1.0e7a900000000p-1	0x1.cbf5900000000p+5	0x1.5d56fe0000000p+5	0x1.27c65a0000000p+5	0x1.c2c5e20000000p+10
4	0x1.43f6460000000p-1	0x1.51d1780000000p+6	0x1.ff41e80000000p+5	0x1.b77d860000000p+5	0x1.c2c5e20000000p+10
5	0x1.1c8fc20000000p-1	0x1.e19a840000000p+4	0x1.8ddb240000000p+4	0x1.04e2c80000000p+4	0x1.c2c5e20000000p+10
6	0x1.0d40fe0000000p-1	0x1.6f8d960000000p+6	0x1.0fcffc0000000p+6	0x1.eda39a0000000p+5	0x1.c2c5e20000000p+10
7	0x1.f656b40000000p-2	0x1.7192ea0000000p+6	0x1.1949d00000000p+6	0x1.dd6aba0000000p+5	0x1.c2c5e20000000p+10
8	0x1.645eee0000000p-1	0x1.1cebb80000000p+7	0x1.c0d9880000000p+6	0x1.5eb9f40000000p+6	0x1.c2c5e20000000p+10
9	0x1.3f6a740000000p-1	0x1.50cfea0000000p+5	0x1.fbb8540000000p+4	0x1.b28c3c0000000p+4	0x1.c2c5e20000000p+10
10	0x1.2957e00000000p-1	0x1.2c8ca80000000p+6	0x1.bcd4b60000000p+5	0x1.9294340000000p+5	0x1.c2c5e20000000p+10
11	0x1.2ccb5c0000000p-1	0x1.59d57a0000000p+5	0x1.1439600000000p+5	0x1.99caa20000000p+4	0x1.c2c5e20000000p+10
12	0x1.377dc00000000p-1	0x1.b490240000000p+5	0x1.551bf40000000p+5	0x1.0c87c20000000p+5	0x1.c2c5e20000000p+10
13	0x1.3ccfb20000000p-1	0x1.a49f4a0000000p+6	0x1.3cfdc40000000p+6	0x1.12b8ba0000000p+6	0x1.c2c5e20000000p+10
14	0x1.4e41660000000p-1	0x1.28dae00000000p+6	0x1.d6c6400000000p+5	0x1.6846aa0000000p+5	0x1.c2c5e20000000p+10
15	0x1.0017500000000p-1	0x1.0186b80000000p+5	0x1.85d62a0000000p+4	0x1.4972580000000p+4	0x1.c2c5e20000000p+10
16	0x1.4b55da0000000p-1	0x1.6384340000000p+6	0x1.06ab0a0000000p+6	0x1.ddf0f40000000p+5	0x1.c2c5e20000000p+10
17	0x1.e3cc540000000p-2	0x1.28e30a0000000p+6	0x1.bc95ba0000000p+5	0x1.8802cc0000000p+5	0x1.c2c5e20000000p+10
18	0x1.e2fe5e0000000p-2	0x1.074e300000000p+6	0x1.a2c87c0000000p+5	0x1.3e451a0000000p+5	0x1.c2c5e20000000p+10
19	0x1.0b5e5e0000000p-1	0x1.3e3d6e0000000p+7	0x1.e796880000000p+6	0x1.98d59a0000000p+6	0x1.c2c5e20000000p+10
20	0x1.840cf40000000p-1	0x1.09f2be0000000p+8	0x1.87dbe60000000p+7	0x1.6775400000000p+7	0x1.c2c5e20000000p+10
21	0x1.82fac00000000p-2	0x1.c86cc00000000p+6	0x1.5549660000000p+6	0x1.2e93a20000000p+6	0x1.c2c5e20000000p+10
22	0x1.1d250e0000000p-1	0x1.5d5a4e0000000p+6	0x1.07fe6e0000000p+6	0x1.c881360000000p+5	0x1.c2c5e20000000p+10
23	0x1.4c0f440000000p-1	0x1.f7aa8c0000000p+5	0x1.9280b00000000p+5	0x1.2d78de0000000p+5	0x1.c2c5e20000000p+10
24	0x1.1724ce0000000p-1	0x1.245d4a0000000p+7	0x1.b790ee0000000p+6	0x1.8131400000000p+6	0x1.c2c5e20000000p+10
25	0x1.140bde0000000p-1	0x1.33919a0000000p+7	0x1.cd53160000000p+6	0x1.96a1960000000p+6	0x1.c2c5e20000000p+10
26	0x1.5204d60000000p-1	0x1.5f2b080000000p+5	0x1.0aeb860000000p+5	0x1.c4eba40000000p+4	0x1.c2c5e20000000p+10
27	0x1.b0e8340000000p-2	0x1.36157c0000000p+7	0x1.d227fa0000000p+6	0x1.989c0c0000000p+6	0x1.c2c5e20000000p+10
28	0x1.31fdfe0000000p-1	0x1.c5558a0000000p+4	0x1.6c93480000000p+4	0x1.066e8c0000000p+4	0x1.c2c5e20000000p+10
29	0x1.08ee440000000p-1	0x1.0a787a0000000p+5	0x1.a65be80000000p+4	0x1.41c91e0000000p+4	0x1.c2c5e20000000p+10
30	0x1.8d3bea0000000p-2	0x1.50511c0000000p+6	0x1.01cd9e0000000p+6	0x1.af515c0000000p+5	0x1.c2c5e20000000p+10
31	0x1.22d3b00000000p-2	0x1.7d99360000000p+4	0x1.28515e0000000p+4	0x1.dba4f40000000p+3	0x1.c2c5e20000000p+10
32	0x1.8155200000000p-2	0x1.1086b00000000p+7	0x1.9662c20000000p+6	0x1.6aecb00000000p+6	0x1.c2c5e20000000p+10
33	0x1.8811e60000000p-2	0x1.390a720000000p+5	0x1.caacac0000000p+4	0x1.a7e34c0000000p+4	0x1.c2c5e20000000p+10
34	0x1.7019160000000p-2	0x1.51b5420000000p+4	0x1.fff0de0000000p+3	0x1.b17d320000000p+3	0x1.c2c5e20000000p+10
35	0x1.b9223a0000000p-2	0x1.819bc40000000p+6	0x1.2123020000000p+6	0x1.fd5c9e0000000p+5	0x1.c2c5e20000000p+10
36	0x1.bf33960000000p-2	0x1.9d4f9a0000000p+4	0x1.3cf72c0000000p+4	0x1.05caf60000000p+4	0x1.c2c5e20000000p+10
37	0x1.34a0960000000p-2	0x1.e793ae0000000p+5	0x1.6766520000000p+5	0x1.48eb860000000p+5	0x1.c2c5e20000000p+10
38	0x1.3763220000000p-2	0x1.1c9afe0000000p+7	0x1.a926240000000p+6	0x1.7a40220000000p+6	0x1.c2c5e20000000p+10
39	0x1.256df60000000p-2	0x1.4b3ae00000000p+4	0x1.f01b1c0000000p+3	0x1.b11af80000000p+3	0x1.c2c5e20000000p+10
40	0x1.a5db540000000p-2	0x1.f6b02c0000000p+5	0x1.87bec60000000p+5	0x1.38911c0000000p+5	0x1.c2c5e20000000p+10
41	0x1.7cea500000000p-2	0x1.7a72a40000000p+4	0x1.1c970c0000000p+4	0x1.e75af40000000p+3	0x1.c2c5e20000000p+10
42	0x1.3fbd100000000p-2	0x1.67bfbe0000000p+3	0x1.2150200000000p+3	0x1.8fd36a0000000p+2	0x1.c2c5e20000000p+10
43	0x1.1ee0280000000p-2	0x1.ed5c820000000p+3	0x1.7206880000000p+3	0x1.41784a0000000p+3	0x1.c2c5e20000000p+10
44	0x1.b66ada0000000p-3	0x1.be29ec0000000p+3	0x1.4e48120000000p+3	0x1.23b9d00000000p+3	0x1.c2c5e20000000p+10
45	0x1.0e90c40000000p-2	0x1.192e140000000p+4	0x1.a691fc0000000p+3	0x1.6dd3200000000p+3	0x1.c2c5e20000000p+10
46	0x1.a7c16e0000000p-3	0x1.66310c0000000p+3	0x1.0eb7d20000000p+3	0x1.cab7520000000p+2	0x1.c2c5e20000000p+10
47	0x1.cc61f00000000p-2	0x1.d978a60000000p+3	0x1.961c480000000p+3	0x1.366e800000000p+2	0x1.c2c5e20000000p+10
48	0x1.8c57320000000p-3	0x1.8a92240000000p+2	0x1.454c460000000p+2	0x1.9eeafe0000000p+1	0x1.c2c5e20000000p+10
49	0x1.aa1b1a0000000p-3	0x1.d030600000000p+3	0x1.75db1e0000000p+3	0x1.0c972a0000000p+3	0x1.c2c5e20000000p+10
50	0x1.4b24c00000000p-2	0x1.6afef00000000p+3	0x1.2f82ce0000000p+3	0x1.54319c0000000p+2	0x1.c2c5e20000000p+10
51	0x1.ae7cc40000000p-3	0x1.02c3b00000000p+6	0x1.7cae700000000p+5	0x1.5e680c0000000p+5	0x1.c2c5e20000000p+10
52	0x1.09d3940000000p-2	0x1.3519b80000000p+3	0x1.f2295e0000000p+2	0x1.5d42e60000000p+2	0x1.c2c5e20000000p+10
53	0x1.78942a0000000p-3	0x1.fb8cac0000000p+1	0x1.98ced00000000p+1	0x1.040b740000000p+1	0x1.c2c5e20000000p+10
54	0x1.8c43540000000p-3	0x1.8c48fa0000000p+2	0x1.457a300000000p+2	0x1.9a3bae0000000p+1	0x1.c2c5e20000000p+10
55	0x1.cec3660000000p-3	0x1.7655440000000p+3	0x1.25b4d20000000p+3	0x1.c73dba0000000p+2	0x1.c2c5e20000000p+10
56	0x1.a0f3740000000p-3	0x1.7c58200000000p+3	0x1.21b34e0000000p+3	0x1.e356f60000000p+2	0x1.c2c5e20000000p+10
57	0x1.afb5d40000000p-3	0x1.7fb3620000000p+2	0x1.4ab2d40000000p+2	0x1.3ec8300000000p+1	0x1.c2c5e20000000p+10
58	0x1.bd25000000000p-3	0x1.58a8200000000p+3	0x1.0761900000000p+3	0x1.add7080000000p+2	0x1.c2c5e20000000p+10
59	0x1.7145020000000p-3	0x1.0cc1880000000p+3	0x1.95a4520000000p+2	0x1.5bab0c0000000p+2	0x1.c2c5e20000000p+10
60	0x1.2fa7100000000p-3	0x1.2f030c0000000p+3	0x1.cfbff20000000p+2	0x1.81f4dc0000000p+2	0x1.c2c5e20000000p+10
61	0x1.1c756a0000000p-3	0x1.535eba0000000p+2	0x1.02eef40000000p+2	0x1.a7c69e0000000p+1	0x1.c2c5e20000000p+10
62	0x1.46f52e0000000p-3	0x1.ca57d80000000p+2	0x1.5c69500000000p+2	0x1.24ad2a0000000p+2	0x1.c2c5e20000000p+10
63	0x1.d394a00000000p-3	0x1.ceb53c0000000p+2	0x1.7896320000000p+2	0x1.fcae300000000p+1	0x1.c2c5e20000000p+10
64	0x1.1be8760000000p-3	0x1.3bca200000000p+2	0x1.e9122c0000000p+1	0x1.8235d20000000p+1	0x1.c2c5e20000000p+10
65	0x1.ca8a360000000p-3	0x1.2d75c40000000p+2	0x1.e244040000000p+1	0x1.305afc0000000p+1	0x1.c2c5e40000000p+10
66	0x1.8ec9000000000p-3	0x1.1309de0000000p+4	0x1.8fc4c60000000p+3	0x1.77a80c0000000p+3	0x1.c2c5e20000000p+10
67	0x1.d25f240000000p-3	0x1.ed33820000000p+7	0x1.7680500000000p+7	0x1.40e5ce0000000p+7	0x1.c2c5e20000000p+10
68	0x1.8b3a620000000p-3	0x1.9b492e0000000p+2	0x1.3e22160000000p+2	0x1.f6e3de0000000p+1	0x1.c2c5e20000000p+10
69	0x1.d87e640000000p-3	0x1.45c0820000000p+7	0x1.f22f0c0000000p+6	0x1.a3cad20000000p+6	0x1.c2c5e20000000p+10
70	0x1.1c51f20000000p-2	0x1.04a4be0000000p+7	0x1.8e211a0000000p+6	0x1.5067880000000p+6	0x1.c2c5e20000000p+10
71	0x1.12fb8e0000000p-3	0x1.258c360000000p+3	0x1.bce11c0000000p+2	0x1.7c34600000000p+2	0x1.c2c5e20000000p+10
72	0x1.114eda0000000p-3	0x1.0b7c500000000p+3	0x1.90a3be0000000p+2	0x1.5f454e0000000p+2	0x1.c2c5e20000000p+10
73	0x1.db9d0a0000000p-4	0x1.9cbecc0000000p+1	0x1.53c90c0000000p+1	0x1.b8b3aa0000000p+0	0x1.c2c5e20000000p+10
74	0x1.2b02140000000p-2	0x1.ad37ba0000000p+4	0x1.5fa3e80000000p+4	0x1.e705160000000p+3	0x1.c2c5e20000000p+10
75	0x1.c2c90e0000000p-3	0x1.12bf900000000p+4	0x1.99d1c60000000p+3	0x1.6b81640000000p+3	0x1.c2c5e20000000p+10
76	0x1.87d6040000000p-3	0x1.42409a0000000p+2	0x1.f158580000000p+1	0x1.5f0e620000000p+1	0x1.c2c5e20000000p+10
77	0x1.a775900000000p-3	0x1.47cf080000000p+5	0x1.0d7c3e0000000p+5	0x1.6724740000000p+4	0x1.c2c5e40000000p+10
78	0x1.ce5b6a0000000p-4	0x1.2bdfc00000000p+1	0x1.daaf560000000p+0	0x1.47d6940000000p+0	0x1.c2c5e60000000p+10
79	0x1.02e7be0000000p-3	0x1.238dfa0000000p+2	0x1.bf09d80000000p+1	0x1.6aa3c00000000p+1	0x1.c2c5e60000000p+10
80	0x1.3768b00000000p-3	0x1.25951e0000000p+3	0x1.c19e160000000p+2	0x1.70c7ce0000000p+2	0x1.c2c5e60000000p+10
81	0x1.0091c60000000p-3	0x1.2e58980000000p+2	0x1.c65dee0000000p+1	0x1.8704520000000p+1	0x1.c2c5e60000000p+10
82	0x1.e26aa00000000p-4	0x1.68c6dc0000000p+2	0x1.1ab1a60000000p+2	0x1.b9b0340000000p+1	0x1.c2c5e60000000p+10
83	0x1.4b2cb40000000p-3	0x1.0bcc160000000p+5	0x1.8879780000000p+4	0x1.6c3ce80000000p+4	0x1.c2c5e40000000p+10
84	0x1.b51b800000000p-4	0x1.44c4da0000000p+1	0x1.047fc80000000p+1	0x1.513c780000000p+0	0x1.c2c5e60000000p+10
85	0x1.f22b1a0000000p-4	0x1.5500820000000p+2	0x1.fcdf660000000p+1	0x1.c00f640000000p+1	0x1.c2c5e60000000p+10
86	0x1.3c51fe0000000p-3	0x1.066bb80000000p+2	0x1.ac38180000000p+1	0x1.1787220000000p+1	0x1.c2c5e60000000p+10
87	0x1.05b6700000000p-3	0x1.44d3b00000000p+1	0x1.08b8e60000000p+1	0x1.58817a0000000p+0	0x1.c2c5e60000000p+10
88	0x1.0f1e960000000p-3	0x1.7178e40000000p+1	0x1.3024be0000000p+1	0x1.8794940000000p+0	0x1.c2c5e60000000p+10
89	0x1.bb36aa0000000p-4	0x1.bbc1fc0000000p+2	0x1.507c120000000p+2	0x1.1f2acc0000000p+2	0x1.c2c5e60000000p+10
90	0x1.1330ce0000000p-3	0x1.1a20920000000p+1	0x1.cac9a80000000p+0	0x1.31ed7c0000000p+0	0x1.c2c5e60000000p+10
91	0x1.b839600000000p-4	0x1.3cf5760000000p+1	0x1.f426240000000p+0	0x1.744fa00000000p+0	0x1.c2c5e60000000p+10
92	0x1.e3630e0000000p-4	0x1.43fb1c0000000p+3	0x1.efce560000000p+2	0x1.9dca300000000p+2	0x1.c2c5e60000000p+10
93	0x1.1b12080000000p-3	0x1.27b0780000000p+1	0x1.d01d200000000p+0	0x1.269bb20000000p+0	0x1.c2c5e60000000p+10
94	0x1.56e9a40000000p-3	0x1.8f24640000000p+2	0x1.3c2dca0000000p+2	0x1.c0c60c0000000p+1	0x1.c2c5e60000000p+10
95	0x1.ef030e0000000p-4	0x1.2ea8120000000p+2	0x1.d3d5380000000p+1	0x1.7ac8820000000p+1	0x1.c2c5e60000000p+10
96	0x1.7ff5100000000p-4	0x1.3dd73a0000000p+1	0x1.ebc6340000000p+0	0x1.7b7e540000000p+0	0x1.c2c5e60000000p+10
97	0x1.653c0e0000000p-4	0x1.0071020000000p+2	0x1.9dba040000000p+1	0x1.2951440000000p+1	0x1.c2c5e60000000p+10
98	0x1.e5cff40000000p-4	0x1.7fae700000000p+1	0x1.3029a40000000p+1	0x1.c2168e0000000p+0	0x1.c2c5e60000000p+10
99	0x1.0449d40000000p-3	0x1.e541380000000p+2	0x1.75e2440000000p+2	0x1.2eae020000000p+2	0x1.c2c5e60000000p+10
100	0x1.556f780000000p-3	0x1.b6598e0000000p+2	0x1.6dbdb80000000p+2	0x1.cee3540000000p+1	0x1.c2c5e60000000p+10
101	0x1.cbd9540000000p-4	0x1.ff03b00000000p+1	0x1.8f36940000000p+1	0x1.2be0b60000000p+1	0x1.c2c5e60000000p+10
102	0x1.739faa0000000p-4	0x1.0e38440000000p+2	0x1.a1c4be0000000p+1	0x1.52f4260000000p+1	0x1.c2c5e60000000p+10
103	0x1.92bc9a0000000p-4	0x1.be29980000000p+0	0x1.73a8140000000p+0	0x1.c93d0c0000000p-1	0x1.c2c5e60000000p+10
104	0x1.d7a8240000000p-4	0x1.4007660000000p+1	0x1.02a61c0000000p+1	0x1.42df880000000p+0	0x1.c2c5e60000000p+10
105	0x1.f2fcfa0000000p-4	0x1.56f8580000000p+3	0x1.f325ce0000000p+2	0x1.d57e980000000p+2	0x1.c2c5e60000000p+10
106	0x1.50e3d40000000p-3	0x1.0dec360000000p+5	0x1.9161b80000000p+4	0x1.6853640000000p+4	0x1.c2c5e40000000p+10
107	0x1.b215c60000000p-3	0x1.bed9860000000p+2	0x1.6f9dda0000000p+2	0x1.d533da0000000p+1	0x1.c2c5e60000000p+10
108	0x1.c8cf800000000p-4	0x1.03606a0000000p+2	0x1.946efe0000000p+1	0x1.3febde0000000p+1	0x1.c2c5e60000000p+10
109	0x1.93a4fe0000000p-4	0x1.bb0f9c0000000p+0	0x1.6b86060000000p+0	0x1.d30d000000000p-1	0x1.c2c5e60000000p+10
110	0x1.6a4c600000000p-4	0x1.a960e00000000p+1	0x1.57bb3c0000000p+1	0x1.db13fc0000000p+0	0x1.c2c5e60000000p+10
111	0x1.14089c0000000p-3	0x1.4da5020000000p+2	0x1.1841980000000p+2	0x1.46c06c0000000p+1	0x1.c2c5e60000000p+10
112	0x1.2b41900000000p-4	0x1.a807780000000p+0	0x1.516a140000000p+0	0x1.e1f0f20000000p-1	0x1.c2c5e60000000p+10
113	0x1.bc84ee0000000p-3	0x1.38d9c60000000p+4	0x1.d9a4f80000000p+3	0x1.90b2ce0000000p+3	0x1.c2c5e60000000p+10
114	0x1.e21df00000000p-4	0x1.dacfe80000000p+3	0x1.6be4400000000p+3	0x1.2f288a0000000p+3	0x1.c2c5e60000000p+10
115	0x1.81ccea0000000p-4	0x1.accd360000000p+2	0x1.4758aa0000000p+2	0x1.13a9cc0000000p+2	0x1.c2c5e60000000p+10
116	0x1.8602340000000p-4	0x1.21a5480000000p+2	0x1.b56c4e0000000p+1	0x1.76ac180000000p+1	0x1.c2c5e60000000p+10
117	0x1.b635060000000p-4	0x1.02ba380000000p+1	0x1.afe9fc0000000p+0	0x1.f5f12c0000000p-1	0x1.c2c5e60000000p+10
118	0x1.7b5b4e0000000p-4	0x1.1f9fec0000000p+2	0x1.a555720000000p+1	0x1.82a0bc0000000p+1	0x1.c2c5e60000000p+10
119	0x1.3113a00000000p-4	0x1.1f2d800000000p+2	0x1.bb91320000000p+1	0x1.689a620000000p+1	0x1.c2c5e60000000p+10
120	0x1.7453ce0000000p-4	0x1.2ec33c0000000p+1	0x1.d8d8b00000000p+0	0x1.66c7b40000000p+0	0x1.c2c5e60000000p+10
121	0x1.c605940000000p-4	0x1.756ac80000000p+1	0x1.22d6440000000p+1	0x1.64b9380000000p+0	0x1.c2c5e60000000p+10
122	0x1.a26e2e0000000p-4	0x1.01fd380000000p+2	0x1.9d32bc0000000p+1	0x1.30ddbc0000000p+1	0x1.c2c5e60000000p+10
123	0x1.55e5360000000p-4	0x1.95bb700000000p+2	0x1.4b8b080000000p+2	0x1.ca7d860000000p+1	0x1.c2c5e80000000p+10
124	0x1.8b47360000000p-4	0x1.0db3400000000p+2	0x1.aa5f0a0000000p+1	0x1.46f98e0000000p+1	0x1.c2c5e80000000p+10
125	0x1.03985c0000000p-3	0x1.322ece0000000p+3	0x1.d549bc0000000p+2	0x1.878eea0000000p+2	0x1.c2c5e80000000p+10
126	0x1.7ddb5a0000000p-4	0x1.7021680000000p+1	0x1.21594c0000000p+1	0x1.ba7df20000000p+0	0x1.c2c5e80000000p+10
127	0x1.f2fdce0000000p-5	0x1.67a71c0000000p+1	0x1.22918c0000000p+1	0x1.9b6be00000000p+0	0x1.c2c5e80000000p+10
128	0x1.a4c3b60000000p-4	0x1.df51a80000000p+1	0x1.7badb40000000p+1	0x1.1a468c0000000p+1	0x1.c2c5e80000000p+10
129	0x1.58b4100000000p-4	0x1.347fa20000000p+2	0x1.c92ecc0000000p+1	0x1.9b74080000000p+1	0x1.c2c5e80000000p+10
130	0x1.832b300000000p-4	0x1.d307f80000000p+2	0x1.5627ce0000000p+2	0x1.3be77a0000000p+2	0x1.c2c5e80000000p+10
131	0x1.36cf300000000p-4	0x1.6e81c80000000p+1	0x1.332fd80000000p+1	0x1.7522660000000p+0	0x1.c2c5e80000000p+10
132	0x1.0dc2c80000000p-4	0x1.29b2b20000000p+2	0x1.cf66b80000000p+1	0x1.73ba180000000p+1	0x1.c2c5e80000000p+10
133	0x1.7946cc0000000p-4	0x1.9da4b80000000p+1	0x1.44a6360000000p+1	0x1.f414360000000p+0	0x1.c2c5e80000000p+10
134	0x1.3ba3820000000p-4	0x1.2491b40000000p+1	0x1.eabe920000000p+0	0x1.26c0240000000p+0	0x1.c2c5e80000000p+10
135	0x1.11042a0000000p-4	0x1.176ea80000000p+2	0x1.c4adfe0000000p+1	0x1.44eb380000000p+1	0x1.c2c5e80000000p+10
136	0x1.fbf0860000000p-4	0x1.1c1f380000000p+4	0x1.af047e0000000p+3	0x1.7186ee0000000p+3	0x1.c2c5e80000000p+10
137	0x1.3da75e0000000p-4	0x1.5ee6f60000000p+3	0x1.0910cc0000000p+3	0x1.ca82020000000p+2	0x1.c2c5e80000000p+10
138	0x1.6c4df20000000p-4	0x1.0a088c0000000p+3	0x1.9d2b8c0000000p+2	0x1.4c576a0000000p+2	0x1.c2c5e80000000p+10
139	0x1.4b249c0000000p-4	0x1.98bce00000000p+4	0x1.2d83e40000000p+4	0x1.12f5600000000p+4	0x1.c2c5e80000000p+10
140	0x1.517a2e0000000p-4	0x1.26f5e40000000p+2	0x1.bf5fc00000000p+1	0x1.7dbee60000000p+1	0x1.c2c5e80000000p+10
141	0x1.4196060000000p-4	0x1.0a3e9a0000000p+3	0x1.a4467e0000000p+2	0x1.45b3820000000p+2	0x1.c2c5e80000000p+10
142	0x1.a71ee60000000p-4	0x1.1531e60000000p+2	0x1.b283a20000000p+1	0x1.543b220000000p+1	0x1.c2c5e80000000p+10
143	0x1.053f300000000p-4	0x1.7a51f60000000p+1	0x1.32665e0000000p+1	0x1.b230100000000p+0	0x1.c2c5e80000000p+10
144	0x1.7e664c0000000p-4	0x1.c2a8940000000p+2	0x1.5568d40000000p+2	0x1.2541140000000p+2	0x1.c2c5e80000000p+10
145	0x1.dae3140000000p-5	0x1.7924000000000p+1	0x1.202daa0000000p+1	0x1.e1085e0000000p+0	0x1.c2c5e80000000p+10
146	0x1.cc71660000000p-5	0x1.abd9e80000000p+1	0x1.4d3a620000000p+1	0x1.0924d60000000p+1	0x1.c2c5e80000000p+10
147	0x1.4e4d960000000p-4	0x1.6fad8c0000000p+2	0x1.29cf4a0000000p+2	0x1.a6f8fc0000000p+1	0x1.c2c5e80000000p+10
148	0x1.58579c0000000p-4	0x1.126f460000000p+2	0x1.b236160000000p+1	0x1.4842da0000000p+1	0x1.c2c5e80000000p+10
149	0x1.6d01b20000000p-4	0x1.e769420000000p+0	0x1.a2aa320000000p+0	0x1.d2f27e0000000p-1	0x1.c2c5e80000000p+10
150	0x1.b59a440000000p-4	0x1.32f40a0000000p+4	0x1.cde5f40000000p+3	0x1.932d540000000p+3	0x1.c2c5e80000000p+10
151	0x1.c866e00000000p-5	0x1.7bec0e0000000p+0	0x1.42e9e60000000p+0	0x1.6e500c0000000p-1	0x1.c2c5e80000000p+10
152	0x1.00a8c80000000p-4	0x1.5f14200000000p+1	0x1.11740c0000000p+1	0x1.b21ca40000000p+0	0x1.c2c5e80000000p+10
153	0x1.fe51200000000p-5	0x1.4eedc00000000p+2	0x1.fdfe3a0000000p+1	0x1.b082060000000p+1	0x1.c2c5e80000000p+10
154	0x1.1eed300000000p-4	0x1.a70dd60000000p+1	0x1.478ddc0000000p+1	0x1.0884660000000p+1	0x1.c2c5e80000000p+10
155	0x1.1ba40e0000000p-4	0x1.cefc080000000p+1	0x1.7394b00000000p+1	0x1.0f38240000000p+1	0x1.c2c5e80000000p+10
156	0x1.3f30740000000p-4	0x1.a5eba60000000p+2	0x1.436c0c0000000p+2	0x1.0e02bc0000000p+2	0x1.c2c5e80000000p+10
157	0x1.0b3b6a0000000p-2	0x1.61b70e0000000p+8	0x1.0d58e80000000p+8	0x1.ca7d240000000p+7	0x1.c2c5e80000000p+10
158	0x1.58ded60000000p-4	0x1.23fe300000000p+4	0x1.c1f3280000000p+3	0x1.73fb2a0000000p+3	0x1.c2c5e80000000p+10
159	0x1.2547aa0000000p-4	0x1.9eb04c0000000p+4	0x1.4486e40000000p+4	0x1.01f1e00000000p+4	0x1.c2c5e80000000p+10
160	0x1.21bdb00000000p-4	0x1.b050060000000p+4	0x1.5348d20000000p+4	0x1.0ba3e40000000p+4	0x1.c2c5e80000000p+10
161	0x1.21f7840000000p-4	0x1.24d2f40000000p+2	0x1.d113ea0000000p+1	0x1.60e6800000000p+1	0x1.c2c5e80000000p+10
162	0x1.fe914e0000000p-4	0x1.427ae80000000p+6	0x1.fac6060000000p+5	0x1.8eb4240000000p+5	0x1.c2c5e80000000p+10
163	0x1.de59f00000000p-5	0x1.6d79960000000p+1	0x1.1edc880000000p+1	0x1.bc28e40000000p+0	0x1.c2c5e80000000p+10
164	0x1.1930f00000000p-4	0x1.aed0360000000p+1	0x1.5b6ea80000000p+1	0x1.f5a8000000000p+0	0x1.c2c5e80000000p+10
165	0x1.d0c4d60000000p-5	0x1.5157aa0000000p+2	0x1.0e5e320000000p+2	0x1.9117920000000p+1	0x1.c2c5e80000000p+10
166	0x1.8c0a900000000p-5	0x1.b5e09e0000000p+2	0x1.53b6860000000p+2	0x1.13399e0000000p+2	0x1.c2c5e80000000p+10
167	0x1.37f8d60000000p-4	0x1.4634320000000p+2	0x1.0484bc0000000p+2	0x1.85696a0000000p+1	0x1.c2c5e80000000p+10
168	0x1.2f702e0000000p-4	0x1.090eaa0000000p+2	0x1.a5df600000000p+1	0x1.3e7bec0000000p+1	0x1.c2c5e80000000p+10
169	0x1.6edbf60000000p-4	0x1.653d5e0000000p+3	0x1.2433d20000000p+3	0x1.94ff0c0000000p+2	0x1.c2c5e80000000p+10
170	0x1.bb89de0000000p-5	0x1.98ec7e0000000p+1	0x1.3ea03e0000000p+1	0x1.fb0cb80000000p+0	0x1.c2c5e80000000p+10
171	0x1.0443ca0000000p-4	0x1.07146e0000000p+2	0x1.ab90d80000000p+1	0x1.2f5fc40000000p+1	0x1.c2c5e80000000p+10
172	0x1.8a68a20000000p-4	0x1.70e2860000000p+6	0x1.1f3ff60000000p+6	0x1.cea3f00000000p+5	0x1.c2c5e80000000p+10
173	0x1.2da3b60000000p-4	0x1.69af600000000p+3	0x1.1d67900000000p+3	0x1.bb487c0000000p+2	0x1.c2c5e80000000p+10
174	0x1.7125b80000000p-4	0x1.9e52ce0000000p+4	0x1.4458a20000000p+4	0x1.016c580000000p+4	0x1.c2c5e80000000p+10
175	0x1.f9dece0000000p-5	0x1.6283600000000p+4	0x1.1678bc0000000p+4	0x1.b623fa0000000p+3	0x1.c2c5e80000000p+10
176	0x1.da71840000000p-5	0x1.1cae720000000p+3	0x1.ac70cc0000000p+2	0x1.758cd80000000p+2	0x1.c2c5ea0000000p+10
177	0x1.c6de2a0000000p-5	0x1.1089040000000p+2	0x1.b035a00000000p+1	0x1.4a73880000000p+1	0x1.c2c5e80000000p+10
178	0x1.22fa860000000p-4	0x1.11c0de0000000p+2	0x1.addcc20000000p+1	0x1.508c2a0000000p+1	0x1.c2c5e80000000p+10
179	0x1.433abe0000000p-4	0x1.e6f69e0000000p+0	0x1.8a1f400000000p+0	0x1.07ba060000000p+0	0x1.c2c5e80000000p+10
180	0x1.43baea0000000p-4	0x1.0899040000000p+1	0x1.a5fc400000000p+0	0x1.308b340000000p+0	0x1.c2c5e80000000p+10
181	0x1.c951840000000p-5	0x1.f73f240000000p+1	0x1.929bb20000000p+1	0x1.2b65d80000000p+1	0x1.c2c5e80000000p+10
182	0x1.acf1ee0000000p-5	0x1.256f440000000p+2	0x1.dab3d20000000p+1	0x1.573f660000000p+1	0x1.c2c5ea0000000p+10
183	0x1.d7d1da0000000p-5	0x1.e0bb320000000p+1	0x1.79c5fe0000000p+1	0x1.26251c0000000p+1	0x1.c2c5ea0000000p+10
184	0x1.88102e0000000p-4	0x1.895a8c0000000p+1	0x1.43b76a0000000p+1	0x1.916e1a0000000p+0	0x1.c2c5ea0000000p+10
185	0x1.13f3ba0000000p-4	0x1.faf7980000000p+1	0x1.9454240000000p+1	0x1.2fe2a00000000p+1	0x1.c2c5ea0000000p+10
186	0x1.a92f400000000p-5	0x1.12d4080000000p+3	0x1.96906e0000000p+2	0x1.7143b20000000p+2	0x1.c2c5ea0000000p+10
187	0x1.fab46e0000000p-5	0x1.3327980000000p+1	0x1.fbd1200000000p+0	0x1.45e4b60000000p+0	0x1.c2c5ea0000000p+10
188	0x1.875b060000000p-5	0x1.a8b4a40000000p+1	0x1.4b622c0000000p+1	0x1.0512b80000000p+1	0x1.c2c5ea0000000p+10
189	0x1.8170340000000p-5	0x1.5df0ac0000000p+3	0x1.0e4c600000000p+3	0x1.bb90140000000p+2	0x1.c2c5ea0000000p+10
190	0x1.61e41e0000000p-4	0x1.bc76a80000000p+1	0x1.6a4aea0000000p+1	0x1.e919b20000000p+0	0x1.c2c5ea0000000p+10
191	0x1.630a5a0000000p-3	0x1.0ae0580000000p+7	0x1.908a6c0000000p+6	0x1.60c0ac0000000p+6	0x1.c2c5ea0000000p+10
192	0x1.a461da0000000p-5	0x1.40aa0c0000000p+0	0x1.0e11880000000p+0	0x1.3ab4ca0000000p-1	0x1.c2c5ea0000000p+10
193	0x1.03f3c40000000p-4	0x1.10ce2e0000000p+2	0x1.c031d40000000p+1	0x1.33394a0000000p+1	0x1.c2c5ea0000000p+10
194	0x1.cf41a40000000p-5	0x1.148c920000000p+2	0x1.bd9aca0000000p+1	0x1.4542b00000000p+1	0x1.c2c5ea0000000p+10
195	0x1.b70dce0000000p-5	0x1.5b45200000000p+2	0x1.05bb6a0000000p+2	0x1.c6d2980000000p+1	0x1.c2c5ea0000000p+10
196	0x1.35b7400000000p-4	0x1.97e7ee0000000p+1	0x1.4703580000000p+1	0x1.e1076a0000000p+0	0x1.c2c5ea0000000p+10
197	0x1.47d6960000000p-4	0x1.43cf1c0000000p+1	0x1.15c4b00000000p+1	0x1.3b816c0000000p+0	0x1.c2c5ec0000000p+10
198	0x1.58e78e0000000p-5	0x1.0813180000000p+1	0x1.a0c0940000000p+0	0x1.3e42fc0000000p+0	0x1.c2c5ec0000000p+10
199	0x1.f9be5a0000000p-5	0x1.ac9a040000000p+1	0x1.61b3d20000000p+1	0x1.dde5f80000000p+0	0x1.c2c5ea0000000p+10
200	0x1.e664040000000p-5	0x1.3092120000000p+1	0x1.f088c20000000p+0	0x1.573bfa0000000p+0	0x1.c2c5ea0000000p+10
201	0x1.b641360000000p-5	0x1.100e380000000p+4	0x1.9425440000000p+3	0x1.6bfd4e0000000p+3	0x1.c2c5ea0000000p+10
202	0x1.bd65660000000p-5	0x1.f75d0c0000000p+2	0x1.9172920000000p+2	0x1.2f0ef80000000p+2	0x1.c2c5ec0000000p+10
203	0x1.03584c0000000p-4	0x1.c0e5fe0000000p+4	0x1.5fc3100000000p+4	0x1.16a87a0000000p+4	0x1.c2c5ec0000000p+10
204	0x1.131d880000000p-4	0x1.5532800000000p+3	0x1.0cc7000000000p+3	0x1.a33f160000000p+2	0x1.c2c5ea0000000p+10
205	0x1.6da1b60000000p-5	0x1.8d57a20000000p+0	0x1.566eb40000000p+0	0x1.7047340000000p-1	0x1.c2c5ea0000000p+10
206	0x1.4bc76e0000000p-4	0x1.9ada7e0000000p+0	0x1.5e11240000000p+0	0x1.7fc5060000000p-1	0x1.c2c5ec0000000p+10
207	0x1.175c0e0000000p-4	0x1.8d062a0000000p+0	0x1.5ba7ea0000000p+0	0x1.4f53920000000p-1	0x1.c2c5ea0000000p+10
208	0x1.32927e0000000p-5	0x1.e0a4400000000p+1	0x1.79c0440000000p+1	0x1.26d1b80000000p+1	0x1.c2c5ea0000000p+10
209	0x1.d575140000000p-5	0x1.4373520000000p+1	0x1.0312e00000000p+1	0x1.778c160000000p+0	0x1.c2c5ea0000000p+10
210	0x1.d6cdee0000000p-5	0x1.7604340000000p+1	0x1.1d8c3e0000000p+1	0x1.df29f20000000p+0	0x1.c2c5ea0000000p+10
211	0x1.19213a0000000p-4	0x1.916e420000000p+0	0x1.515d240000000p+0	0x1.99f6080000000p-1	0x1.c2c5ea0000000p+10
212	0x1.1491c00000000p-3	0x1.23df660000000p+6	0x1.c469e00000000p+5	0x1.70b3700000000p+5	0x1.c2c5ea0000000p+10
213	0x1.00826a0000000p-4	0x1.d5f4d60000000p+0	0x1.8f87e80000000p+0	0x1.c690580000000p-1	0x1.c2c5ea0000000p+10
214	0x1.9d31860000000p-5	0x1.c7da1a0000000p+0	0x1.7d6ec40000000p+0	0x1.e0901c0000000p-1	0x1.c2c5ea0000000p+10
215	0x1.feb4800000000p-6	0x1.0fd73e0000000p+1	0x1.ca89640000000p+0	0x1.1c0afc0000000p+0	0x1.c2c5ea0000000p+10
216	0x1.01ab440000000p-4	0x1.3bb9c00000000p+1	0x1.f166000000000p+0	0x1.7c22ca0000000p+0	0x1.c2c5ec0000000p+10
217	0x1.de914e0000000p-5	0x1.85ddee0000000p+1	0x1.3510520000000p+1	0x1.d6416c0000000p+0	0x1.c2c5ea0000000p+10
218	0x1.220e460000000p-5	0x1.6434a40000000p+1	0x1.2524260000000p+1	0x1.8ea69c0000000p+0	0x1.c2c5ec0000000p+10
219	0x1.fd1a140000000p-6	0x1.5db2420000000p+1	0x1.195f8a0000000p+1	0x1.9aa5540000000p+0	0x1.c2c5ec0000000p+10
220	0x1.31365a0000000p-4	0x1.34d64c0000000p+2	0x1.ff51d00000000p+1	0x1.588ada0000000p+1	0x1.c2c5ec0000000p+10
221	0x1.befcb40000000p-5	0x1.11bf120000000p+1	0x1.cb1bc40000000p+0	0x1.2085de0000000p+0	0x1.c2c5ec0000000p+10
222	0x1.d71e960000000p-5	0x1.f28e4c0000000p+1	0x1.8463d60000000p+1	0x1.37333a0000000p+1	0x1.c2c5ec0000000p+10
223	0x1.fc021e0000000p-5	0x1.63781c0000000p+2	0x1.13002a0000000p+2	0x1.bfc6cc0000000p+1	0x1.c2c5ec0000000p+10
224	0x1.d471d40000000p-5	0x1.2cb75c0000000p+0	0x1.f9cd540000000p-1	0x1.15989c0000000p-1	0x1.c2c5ec0000000p+10
225	0x1.455f0e0000000p-4	0x1.93b04a0000000p+2	0x1.416e5a0000000p+2	0x1.e4039c0000000p+1	0x1.c2c5ec0000000p+10
226	0x1.0f5d5a0000000p-4	0x1.0ee0ac0000000p+4	0x1.a649e80000000p+3	0x1.52835e0000000p+3	0x1.c2c5ec0000000p+10
227	0x1.4059ee0000000p-5	0x1.8fe0540000000p+0	0x1.53771a0000000p+0	0x1.9818d60000000p-1	0x1.c2c5ea0000000p+10
228	0x1.1ad1260000000p-4	0x1.3685a40000000p+1	0x1.1088aa0000000p+1	0x1.1b79c60000000p+0	0x1.c2c5ec0000000p+10
229	0x1.3c61e40000000p-4	0x1.0787460000000p+4	0x1.7c15160000000p+3	0x1.6c8f3a0000000p+3	0x1.c2c5ec0000000p+10
230	0x1.bc3bba0000000p-5	0x1.4894720000000p+2	0x1.0578440000000p+2	0x1.8b44680000000p+1	0x1.c2c5ec0000000p+10
231	0x1.1d774a0000000p-5	0x1.a81c760000000p+2	0x1.46fef80000000p+2	0x1.0da2500000000p+2	0x1.c2c5ec0000000p+10
232	0x1.40b1fa0000000p-5	0x1.1326b00000000p+2	0x1.b747220000000p+1	0x1.49eb500000000p+1	0x1.c2c5ea0000000p+10
233	0x1.6bd4340000000p-4	0x1.a28c880000000p+1	0x1.510d9c0000000p+1	0x1.e085920000000p+0	0x1.c2c5ec0000000p+10
234	0x1.f191a40000000p-5	0x1.d6f1240000000p+0	0x1.8965400000000p+0	0x1.defb560000000p-1	0x1.c2c5ec0000000p+10
235	0x1.e034e60000000p-4	0x1.2232480000000p+2	0x1.eae3140000000p+1	0x1.1e34ee0000000p+1	0x1.c2c5ec0000000p+10
236	0x1.e769f40000000p-5	0x1.045ce20000000p+2	0x1.a697320000000p+1	0x1.2d419e0000000p+1	0x1.c2c5ec0000000p+10
237	0x1.91108c0000000p-5	0x1.89a8da0000000p+4	0x1.3662180000000p+4	0x1.e3d6500000000p+3	0x1.c2c5ec0000000p+10
238	0x1.ddec960000000p-5	0x1.5200c20000000p+3	0x1.0b3afe0000000p+3	0x1.9d1ec80000000p+2	0x1.c2c5ec0000000p+10
239	0x1.37dad40000000p-4	0x1.7992ce0000000p+3	0x1.2dfc6e0000000p+3	0x1.c43db00000000p+2	0x1.c2c5ec0000000p+10
240	0x1.f27eaa0000000p-5	0x1.71b2b80000000p+2	0x1.17e4440000000p+2	0x1.e0bb840000000p+1	0x1.c2c5ec0000000p+10
241	0x1.ec7afe0000000p-5	0x1.bf3b9a0000000p+0	0x1.6e68080000000p+0	0x1.db068e0000000p-1	0x1.c2c5ec0000000p+10
242	0x1.5b404c0000000p-5	0x1.b585220000000p+1	0x1.5ca9dc0000000p+1	0x1.06e1440000000p+1	0x1.c2c5ec0000000p+10
243	0x1.e5ae700000000p-5	0x1.ea56d00000000p+1	0x1.8463b60000000p+1	0x1.284a800000000p+1	0x1.c2c5ee0000000p+10
244	0x1.4ed3ba0000000p-5	0x1.a3691e0000000p+0	0x1.5408980000000p+0	0x1.dbdce40000000p-1	0x1.c2c5ee0000000p+10
245	0x1.024fae0000000p-4	0x1.4877c00000000p+1	0x1.0e596c0000000p+1	0x1.6905e60000000p+0	0x1.c2c5ee0000000p+10
246	0x1.4f16ba0000000p-5	0x1.1132620000000p+1	0x1.bf629a0000000p+0	0x1.3477e20000000p+0	0x1.c2c5ee0000000p+10
247	0x1.b27ae60000000p-5	0x1.05425a0000000p+1	0x1.aee50c0000000p+0	0x1.1b536c0000000p+0	0x1.c2c5ee0000000p+10
248	0x1.7b9a040000000p-5	0x1.5c7c120000000p+1	0x1.193f800000000p+1	0x1.93d0d00000000p+0	0x1.c2c5ee0000000p+10
249	0x1.b7e67e0000000p-5	0x1.82b5140000000p+1	0x1.37c66c0000000p+1	0x1.c2283a0000000p+0	0x1.c2c5ee0000000p+10
250	0x1.17e9d60000000p-5	0x1.88ab7e0000000p+0	0x1.40ebe60000000p+0	0x1.b5647c0000000p-1	0x1.c2c5ee0000000p+10
251	0x1.ee30be0000000p-5	0x1.80aaf20000000p+0	0x1.43b4100000000p+0	0x1.8566340000000p-1	0x1.c2c5ee0000000p+10
252	0x1.3518c00000000p-4	0x1.94144c0000000p+1	0x1.4d90740000000p+1	0x1.bbcbba0000000p+0	0x1.c2c5ee0000000p+10
253	0x1.6806360000000p-5	0x1.91418c0000000p+0	0x1.3346a00000000p+0	0x1.f5ca840000000p-1	0x1.c2c5ee0000000p+10
254	0x1.bd46f40000000p-5	0x1.fbb99c0000000p+0	0x1.9144300000000p+0	0x1.2a7cc20000000p+0	0x1.c2c5ee0000000p+10
255	0x1.448e3e0000000p-5	0x1.32655c0000000p+0	0x1.0b33420000000p+0	0x1.0b522e0000000p-1	0x1.c2c5ee0000000p+10
256	0x1.0374f80000000p-4	0x1.cc12b20000000p+1	0x1.602d440000000p+1	0x1.249c8c0000000p+1	0x1.c2c5ee0000000p+10
257	0x1.064e960000000p-4	0x1.2693a60000000p+2	0x1.bbe5960000000p+1	0x1.7fab880000000p+1	0x1.c2c5ee0000000p+10
258	0x1.b404e00000000p-5	0x1.18953a0000000p+2	0x1.a6ce020000000p+1	0x1.6eedfc0000000p+1	0x1.c2c5ee0000000p+10
259	0x1.18f5860000000p-4	0x1.2b434c0000000p+1	0x1.fffc5c0000000p+0	0x1.2e869c0000000p+0	0x1.c2c5ee0000000p+10
260	0x1.5d5b800000000p-5	0x1.74c0740000000p+1	0x1.334b280000000p+1	0x1.9db52c0000000p+0	0x1.c2c5ee0000000p+10
261	0x1.b130540000000p-5	0x1.33fa620000000p+1	0x1.e831b40000000p+0	0x1.6ee1240000000p+0	0x1.c2c5ee0000000p+10
262	0x1.f44ce40000000p-5	0x1.56c4ee0000000p+2	0x1.0112700000000p+2	0x1.c339fc0000000p+1	0x1.c2c5ee0000000p+10
263	0x1.0f93e20000000p-4	0x1.8ac9600000000p+2	0x1.32807a0000000p+2	0x1.eec3760000000p+1	0x1.c2c5ee0000000p+10
264	0x1.3db6740000000p-5	0x1.69b62c0000000p+0	0x1.36e0880000000p+0	0x1.53b62c0000000p-1	0x1.c2c5ee0000000p+10
265	0x1.2a12240000000p-4	0x1.74e4420000000p+1	0x1.4917460000000p+1	0x1.4975300000000p+0	0x1.c2c5ec0000000p+10
266	0x1.e81dee0000000p-6	0x1.0cca0e0000000p+1	0x1.b8a5160000000p+0	0x1.2c9d3a0000000p+0	0x1.c2c5ec0000000p+10
267	0x1.6382560000000p-5	0x1.1a80980000000p+2	0x1.c69f640000000p+1	0x1.4dff6a0000000p+1	0x1.c2c5ee0000000p+10
268	0x1.975e4a0000000p-5	0x1.9b8d340000000p+2	0x1.48904c0000000p+2	0x1.edf2e80000000p+1	0x1.c2c5ee0000000p+10
269	0x1.5756bc0000000p-5	0x1.13b2820000000p+2	0x1.bd0a3c0000000p+1	0x1.43f2160000000p+1	0x1.c2c5ee0000000p+10
270	0x1.8ac47e0000000p-5	0x1.3b0c6e0000000p+0	0x1.00828e0000000p+0	0x1.5608ae0000000p-1	0x1.c2c5ee0000000p+10
271	0x1.0a6c5a0000000p-4	0x1.89ece40000000p+0	0x1.45dd8e0000000p+0	0x1.a4cbe40000000p-1	0x1.c2c5ee0000000p+10
272	0x1.9bd4860000000p-5	0x1.2c38f00000000p+1	0x1.c9e6920000000p+0	0x1.7d2bf00000000p+0	0x1.c2c5ee0000000p+10
273	0x1.c7acee0000000p-5	0x1.f76be00000000p+0	0x1.9f361a0000000p+0	0x1.130f0a0000000p+0	0x1.c2c5ee0000000p+10
274	0x1.3e76300000000p-5	0x1.864d260000000p+1	0x1.35e37a0000000p+1	0x1.d89dfe0000000p+0	0x1.c2c5ee0000000p+10
275	0x1.d75bf40000000p-6	0x1.b065de0000000p+0	0x1.59b3e20000000p+0	0x1.ff09e40000000p-1	0x1.c2c5ee0000000p+10
276	0x1.8803ee0000000p-5	0x1.0c06460000000p+1	0x1.cbb3000000000p+0	0x1.0af6c20000000p+0	0x1.c2c5ee0000000p+10
277	0x1.3eeafa0000000p-4	0x1.87b41e0000000p+2	0x1.3e4d220000000p+2	0x1.c56bd60000000p+1	0x1.c2c5ee0000000p+10
278	0x1.04f6820000000p-4	0x1.3960120000000p+1	0x1.feb3920000000p+0	0x1.5f81340000000p+0	0x1.c2c5ee0000000p+10
279	0x1.8d8dbe0000000p-5	0x1.7d46ac0000000p+1	0x1.41e76e0000000p+1	0x1.90040c0000000p+0	0x1.c2c5ee0000000p+10
280	0x1.24dc480000000p-5	0x1.474e660000000p+1	0x1.1368b00000000p+1	0x1.5babb40000000p+0	0x1.c2c5ee0000000p+10
281	0x1.602bee0000000p-5	0x1.97707c0000000p+0	0x1.5858980000000p+0	0x1.a301920000000p-1	0x1.c2c5ee0000000p+10
282	0x1.1396fe0000000p-4	0x1.54caba0000000p+1	0x1.1d867a0000000p+1	0x1.672c340000000p+0	0x1.c2c5ee0000000p+10
283	0x1.16401e0000000p-4	0x1.a933220000000p+0	0x1.50ee2a0000000p+0	0x1.e7abde0000000p-1	0x1.c2c5ee0000000p+10
284	0x1.e313860000000p-5	0x1.219f1c0000000p+2	0x1.eced220000000p+1	0x1.2d8d200000000p+1	0x1.c2c5ee0000000p+10
285	0x1.6c25760000000p-5	0x1.7e0c540000000p+1	0x1.4742160000000p+1	0x1.84aeb60000000p+0	0x1.c2c5ee0000000p+10
286	0x1.0a198c0000000p-5	0x1.5280760000000p+0	0x1.1ebc1c0000000p+0	0x1.5c2ca80000000p-1	0x1.c2c5ee0000000p+10
287	0x1.851c5a0000000p-4	0x1.6011200000000p+1	0x1.166ae60000000p+1	0x1.25c6e20000000p+0	0x1.c2c5f00000000p+10
288	0x1.2478360000000p-4	0x1.be69260000000p+0	0x1.7b3a2c0000000p+0	0x1.ad3a5e0000000p-1	0x1.c2c5f00000000p+10
289	0x1.1441600000000p-5	0x1.01e9820000000p+4	0x1.9ee49a0000000p+3	0x1.3232260000000p+3	0x1.c2c5f00000000p+10
290	0x1.1b4b1e0000000p-5	0x1.16d62e0000000p+1	0x1.b8fb400000000p+0	0x1.4e558e0000000p+0	0x1.c2c5f00000000p+10
291	0x1.5856900000000p-5	0x1.3cec3a0000000p+2	0x1.02ac100000000p+2	0x1.6c7bb00000000p+1	0x1.c2c5ee0000000p+10
292	0x1.3721120000000p-5	0x1.32a2fc0000000p+1	0x1.ecd8d00000000p+0	0x1.691f6c0000000p+0	0x1.c2c5ee0000000p+10
293	0x1.22df2e0000000p-4	0x1.066d180000000p+2	0x1.99bebe0000000p+1	0x1.407d640000000p+1	0x1.c2c5f00000000p+10
294	0x1.11cfee0000000p-5	0x1.88e8be0000000p+0	0x1.3d87960000000p+0	0x1.bb54360000000p-1	0x1.c2c5f00000000p+10
295	0x1.0844420000000p-5	0x1.2a47320000000p+1	0x1.db54ec0000000p+0	0x1.6507f00000000p+0	0x1.c2c5f00000000p+10
296	0x1.5dd6440000000p-5	0x1.1560800000000p+2	0x1.bb667c0000000p+1	0x1.4b8cb20000000p+1	0x1.c2c5f00000000p+10
297	0x1.500fdc0000000p-5	0x1.3e98fe0000000p+1	0x1.fea2c80000000p+0	0x1.78d8900000000p+0	0x1.c2c5ee0000000p+10
298	0x1.ce3f6a0000000p-5	0x1.deab860000000p+0	0x1.99f4280000000p+0	0x1.d96d420000000p-1	0x1.c2c5ee0000000p+10
299	0x1.c8a2760000000p-5	0x1.3e3c440000000p+1	0x1.084d2a0000000p+1	0x1.5c8bdc0000000p+0	0x1.c2c5ee0000000p+10
300	0x1.36dcca0000000p-5	0x1.1cf3920000000p+1	0x1.ccbfce0000000p+0	0x1.4757620000000p+0	0x1.c2c5ee0000000p+10
301	0x1.0d04ea0000000p-4	0x1.8a21200000000p+0	0x1.573ef00000000p+0	0x1.5aebb20000000p-1	0x1.c2c5ee0000000p+10
302	0x1.315d9c0000000p-5	0x1.9a97540000000p+1	0x1.3f96e80000000p+1	0x1.ff6ca20000000p+0	0x1.c2c5ee0000000p+10
303	0x1.b3cca00000000p-5	0x1.7a6dd80000000p+2	0x1.2e64680000000p+2	0x1.c4a9520000000p+1	0x1.c2c5ee0000000p+10
304	0x1.6499de0000000p-5	0x1.c641580000000p+1	0x1.4d34bc0000000p+1	0x1.3343240000000p+1	0x1.c2c5f00000000p+10
305	0x1.724bbe0000000p-5	0x1.8098d60000000p+0	0x1.44dcfc0000000p+0	0x1.87c5d60000000p-1	0x1.c2c5f00000000p+10
306	0x1.e221ca0000000p-6	0x1.cb0d960000000p+0	0x1.83c28e0000000p+0	0x1.d9e7d80000000p-1	0x1.c2c5f00000000p+10
307	0x1.e027560000000p-6	0x1.77aeaa0000000p+1	0x1.27fd840000000p+1	0x1.c9a8420000000p+0	0x1.c2c5f00000000p+10
308	0x1.a3dab40000000p-5	0x1.d160c00000000p+0	0x1.8b74d00000000p+0	0x1.d2aa8e0000000p-1	0x1.c2c5f00000000p+10
309	0x1.e23c240000000p-5	0x1.158bda0000000p+1	0x1.c384880000000p+0	0x1.22f4380000000p+0	0x1.c2c5f00000000p+10
310	0x1.4ef6a40000000p-4	0x1.76d2320000000p+3	0x1.1acc5a0000000p+3	0x1.eb3cf20000000p+2	0x1.c2c5f00000000p+10
311	0x1.87682e0000000p-6	0x1.cad2840000000p+0	0x1.7d62380000000p+0	0x1.ef22b80000000p-1	0x1.c2c5f00000000p+10
312	0x1.5541340000000p-5	0x1.b8dfea0000000p+0	0x1.7f61200000000p+0	0x1.9914780000000p-1	0x1.c2c5f00000000p+10
313	0x1.839b760000000p-5	0x1.678c380000000p+1	0x1.35bc640000000p+1	0x1.657b4e0000000p+0	0x1.c2c5f00000000p+10
314	0x1.64de2e0000000p-5	0x1.1ac5780000000p+1	0x1.d81fee0000000p+0	0x1.2f3c300000000p+0	0x1.c2c5f00000000p+10
315	0x1.2ee5260000000p-5	0x1.6450060000000p+0	0x1.3294f80000000p+0	0x1.5300580000000p-1	0x1.c2c5f20000000p+10
316	0x1.66afae0000000p-5	0x1.7596840000000p+1	0x1.336c9e0000000p+1	0x1.a472720000000p+0	0x1.c2c5f00000000p+10
317	0x1.7fe37a0000000p-5	0x1.846a400000000p+0	0x1.463d400000000p+0	0x1.9629580000000p-1	0x1.c2c5f00000000p+10
318	0x1.16dcc00000000p-5	0x1.8d2bc40000000p+0	0x1.39864a0000000p+0	0x1.d9e8380000000p-1	0x1.c2c5f00000000p+10
319	0x1.bb11b40000000p-6	0x1.01d7ec0000000p+1	0x1.af48ae0000000p+0	0x1.16826c0000000p+0	0x1.c2c5f00000000p+10
320	0x1.55d7f20000000p-5	0x1.49b00e0000000p+0	0x1.1480aa0000000p+0	0x1.4a89680000000p-1	0x1.c2c5f20000000p+10
321	0x1.2165560000000p-5	0x1.35996a0000000p+0	0x1.0724760000000p+0	0x1.366c520000000p-1	0x1.c2c5f20000000p+10
322	0x1.7dbf580000000p-5	0x1.f088f80000000p+0	0x1.ac55960000000p+0	0x1.de1fa00000000p-1	0x1.c2c5f20000000p+10
323	0x1.a5faaa0000000p-6	0x1.97f55e0000000p-1	0x1.5c842c0000000p-1	0x1.7b54160000000p-2	0x1.c2c5f20000000p+10
324	0x1.2369b20000000p-5	0x1.8bcabc0000000p+0	0x1.44d5240000000p+0	0x1.b88fd40000000p-1	0x1.c2c5f20000000p+10
325	0x1.8c29740000000p-5	0x1.5126000000000p+0	0x1.1c7ef20000000p+0	0x1.50c2f80000000p-1	0x1.c2c5f20000000p+10
326	0x1.3ab2b00000000p-5	0x1.2df40a0000000p+2	0x1.e14e300000000p+1	0x1.6a85cc0000000p+1	0x1.c2c5f20000000p+10
327	0x1.ec974a0000000p-5	0x1.12f09e0000000p+2	0x1.c6c55a0000000p+1	0x1.32bf700000000p+1	0x1.c2c5f20000000p+10
328	0x1.4ee5360000000p-5	0x1.2a943c0000000p+2	0x1.e44d540000000p+1	0x1.5b86880000000p+1	0x1.c2c5f20000000p+10
329	0x1.4187be0000000p-5	0x1.21fc220000000p+3	0x1.a5b9d80000000p+2	0x1.8dbf9a0000000p+2	0x1.c2c5f00000000p+10
330	0x1.46cde80000000p-5	0x1.7e48560000000p+0	0x1.31c76e0000000p+0	0x1.badbc40000000p-1	0x1.c2c5f00000000p+10
331	0x1.23754a0000000p-5	0x1.6712fa0000000p+2	0x1.0b4a620000000p+2	0x1.de36de0000000p+1	0x1.c2c5f20000000p+10
332	0x1.c079040000000p-5	0x1.8ab0ae0000000p+2	0x1.21c4ea0000000p+2	0x1.0b652e0000000p+2	0x1.c2c5f20000000p+10
333	0x1.a1ee360000000p-5	0x1.d7279a0000000p+1	0x1.6008dc0000000p+1	0x1.35f22e0000000p+1	0x1.c2c5f00000000p+10
334	0x1.c6d42e0000000p-6	0x1.b9db940000000p-1	0x1.70b1da0000000p-1	0x1.9d17d20000000p-2	0x1.c2c5f20000000p+10
335	0x1.b69f900000000p-5	0x1.0c1d840000000p+3	0x1.9195f80000000p+2	0x1.62a0de0000000p+2	0x1.c2c5f20000000p+10
336	0x1.d310360000000p-5	0x1.e2843a0000000p+1	0x1.99d4640000000p+1	0x1.f7f4c80000000p+0	0x1.c2c5f20000000p+10
337	0x1.84797a0000000p-5	0x1.81b5380000000p+2	0x1.45d1720000000p+2	0x1.9b09980000000p+1	0x1.c2c5f20000000p+10
338	0x1.4630a00000000p-5	0x1.96f9260000000p+0	0x1.4cd7c20000000p+0	0x1.c146d00000000p-1	0x1.c2c5f20000000p+10
339	0x1.3f60200000000p-5	0x1.3f8b340000000p+0	0x1.15cf520000000p+0	0x1.16a96a0000000p-1	0x1.c2c5f20000000p+10
340	0x1.e3044a0000000p-5	0x1.fa62520000000p+0	0x1.ae342e0000000p+0	0x1.02b01e0000000p+0	0x1.c2c5f20000000p+10
341	0x1.92d8be0000000p-5	0x1.29ec700000000p+1	0x1.c5ed360000000p+0	0x1.798fe80000000p+0	0x1.c2c5f20000000p+10
342	0x1.1237fe0000000p-5	0x1.5212560000000p+0	0x1.15a66e0000000p+0	0x1.7439c60000000p-1	0x1.c2c5f00000000p+10
343	0x1.ab09fa0000000p-5	0x1.478fc00000000p+1	0x1.ef87680000000p+0	0x1.a591a40000000p+0	0x1.c2c5f00000000p+10
344	0x1.11b02e0000000p-5	0x1.3a61e80000000p+0	0x1.0022f00000000p+0	0x1.5899800000000p-1	0x1.c2c5f00000000p+10
345	0x1.d13c340000000p-6	0x1.5e5f020000000p+0	0x1.29b0020000000p+0	0x1.64b3f80000000p-1	0x1.c2c5f00000000p+10
346	0x1.7cb3be0000000p-5	0x1.68a5960000000p+1	0x1.379afc0000000p+1	0x1.618fd40000000p+0	0x1.c2c5f00000000p+10
347	0x1.22e9560000000p-4	0x1.62a07a0000000p+1	0x1.2d40260000000p+1	0x1.695a9e0000000p+0	0x1.c2c5f00000000p+10
348	0x1.31ffce0000000p-5	0x1.8f9db20000000p+0	0x1.59b4b60000000p+0	0x1.7ed88a0000000p-1	0x1.c2c5f20000000p+10
349	0x1.95443a0000000p-5	0x1.7b10580000000p+1	0x1.3debe40000000p+1	0x1.9209000000000p+0	0x1.c2c5f00000000p+10
350	0x1.4dfb420000000p-5	0x1.eb572e0000000p+0	0x1.8fcebc0000000p+0	0x1.d5a8fe0000000p-1	0x1.c2c5f00000000p+10
351	0x1.df36c40000000p-6	0x1.fc4aaa0000000p+1	0x1.a9a54c0000000p+1	0x1.13bdb00000000p+1	0x1.c2c5f20000000p+10
352	0x1.8592e00000000p-6	0x1.70bcb00000000p-1	0x1.437be00000000p-1	0x1.32c3a40000000p-2	0x1.c2c5f20000000p+10
353	0x1.ac2ef60000000p-6	0x1.6596940000000p+0	0x1.20dac80000000p+0	0x1.9ad9d20000000p-1	0x1.c2c5f20000000p+10
354	0x1.34c3de0000000p-5	0x1.27eece0000000p+1	0x1.ed92940000000p+0	0x1.39482a0000000p+0	0x1.c2c5f20000000p+10
355	0x1.9bfcfa0000000p-5	0x1.8357b20000000p+0	0x1.4990ae0000000p+0	0x1.71f2220000000p-1	0x1.c2c5f20000000p+10
356	0x1.efe1e00000000p-6	0x1.0bd8480000000p+1	0x1.c419960000000p+0	0x1.1626f80000000p+0	0x1.c2c5f20000000p+10
357	0x1.a9f56e0000000p-6	0x1.5203500000000p+0	0x1.1d82e20000000p+0	0x1.59f1080000000p-1	0x1.c2c5f20000000p+10
358	0x1.ad46ba0000000p-5	0x1.0ec8740000000p+2	0x1.c0edf00000000p+1	0x1.2ad2e20000000p+1	0x1.c2c5f20000000p+10
359	0x1.0b33500000000p-5	0x1.fa17be0000000p+0	0x1.9e4e580000000p+0	0x1.1e09e00000000p+0	0x1.c2c5f20000000p+10
360	0x1.5b61340000000p-6	0x1.bdb4cc0000000p-1	0x1.861f2a0000000p-1	0x1.92b15a0000000p-2	0x1.c2c5f20000000p+10
361	0x1.b71c460000000p-5	0x1.a4389c0000000p+1	0x1.5d4c1a0000000p+1	0x1.ce0e9e0000000p+0	0x1.c2c5f20000000p+10
362	0x1.be433a0000000p-5	0x1.42c4f00000000p+1	0x1.1111480000000p+1	0x1.5022f80000000p+0	0x1.c2c5f20000000p+10
363	0x1.3c62940000000p-5	0x1.7939ac0000000p+1	0x1.3e678e0000000p+1	0x1.8e5cfe0000000p+0	0x1.c2c5f20000000p+10
364	0x1.724a340000000p-5	0x1.59ee5e0000000p+1	0x1.1ef0a40000000p+1	0x1.765c180000000p+0	0x1.c2c5f20000000p+10
365	0x1.1f56a40000000p-4	0x1.88936e0000000p+1	0x1.5297480000000p+1	0x1.6e729c0000000p+0	0x1.c2c5f20000000p+10
366	0x1.f8421a0000000p-6	0x1.04d2bc0000000p+0	0x1.b119f80000000p-1	0x1.0105980000000p-1	0x1.c2c5f20000000p+10
367	0x1.8266f80000000p-5	0x1.229dcc0000000p+1	0x1.d2cadc0000000p+0	0x1.581c7c0000000p+0	0x1.c2c5f20000000p+10
368	0x1.6372a80000000p-5	0x1.5ccf120000000p+0	0x1.2ec33c0000000p+0	0x1.29bf5a0000000p-1	0x1.c2c5f20000000p+10
369	0x1.b99d8e0000000p-5	0x1.1172dc0000000p+1	0x1.db64220000000p+0	0x1.fd2bce0000000p-1	0x1.c2c5f20000000p+10
370	0x1.db90200000000p-6	0x1.42bab80000000p+0	0x1.1510ee0000000p+0	0x1.3672900000000p-1	0x1.c2c5f20000000p+10
371	0x1.5947260000000p-5	0x1.65ef740000000p+0	0x1.3f74620000000p+0	0x1.285ef80000000p-1	0x1.c2c5f20000000p+10
372	0x1.51433c0000000p-5	0x1.a425c60000000p+0	0x1.6b29e80000000p+0	0x1.9035360000000p-1	0x1.c2c5f20000000p+10
373	0x1.8ed2640000000p-5	0x1.71e7240000000p+1	0x1.302cde0000000p+1	0x1.a100cc0000000p+0	0x1.c2c5f20000000p+10
374	0x1.1977160000000p-5	0x1.53e4220000000p+0	0x1.276a780000000p+0	0x1.328f540000000p-1	0x1.c2c5f20000000p+10
375	0x1.2356f60000000p-5	0x1.cce31c0000000p+1	0x1.6b6fe40000000p+1	0x1.18d53a0000000p+1	0x1.c2c5f20000000p+10
376	0x1.edf1600000000p-6	0x1.39f4600000000p+0	0x1.046a9c0000000p+0	0x1.4c63fe0000000p-1	0x1.c2c5f20000000p+10
377	0x1.65f3e40000000p-5	0x1.5505c00000000p+0	0x1.2993f20000000p+0	0x1.22d2860000000p-1	0x1.c2c5f20000000p+10
378	0x1.ab42d40000000p-6	0x1.c11e5c0000000p+0	0x1.8043d20000000p+0	0x1.cac83e0000000p-1	0x1.c2c5f20000000p+10
379	0x1.f083960000000p-5	0x1.df31ce0000000p+1	0x1.936d600000000p+1	0x1.fe326e0000000p+0	0x1.c2c5f20000000p+10
380	0x1.43299a0000000p-5	0x1.49af120000000p+1	0x1.1e899c0000000p+1	0x1.3bc5840000000p+0	0x1.c2c5f20000000p+10
381	0x1.446a580000000p-5	0x1.0a95460000000p+0	0x1.d385f00000000p-1	0x1.bcc1980000000p-2	0x1.c2c5f40000000p+10
382	0x1.19e7f80000000p-5	0x1.a32cc00000000p+0	0x1.54696e0000000p+0	0x1.da6a820000000p-1	0x1.c2c5f40000000p+10
383	0x1.e86c200000000p-6	0x1.6373d20000000p+0	0x1.1268080000000p+0	0x1.ba40520000000p-1	0x1.c2c5f40000000p+10
384	0x1.b98fce0000000p-5	0x1.73dc120000000p+2	0x1.0e66340000000p+2	0x1.fcb78e0000000p+1	0x1.c2c5f40000000p+10
385	0x1.f1d66e0000000p-6	0x1.6697700000000p-1	0x1.3931500000000p-1	0x1.02b90c0000000p-2	0x1.c2c5f40000000p+10
386	0x1.80eb0a0000000p-5	0x1.3749e60000000p+0	0x1.f4d7b60000000p-1	0x1.55b71e0000000p-1	0x1.c2c5f40000000p+10
387	0x1.91c4660000000p-5	0x1.477e4e0000000p+1	0x1.285e940000000p+1	0x1.0751080000000p+0	0x1.c2c5f40000000p+10
388	0x1.75a7d40000000p-6	0x1.4247620000000p+0	0x1.13c09e0000000p+0	0x1.3da74a0000000p-1	0x1.c2c5f40000000p+10
389	0x1.5626040000000p-6	0x1.bcc4e80000000p-1	0x1.7eb91c0000000p-1	0x1.a99d540000000p-2	0x1.c2c5f40000000p+10
390	0x1.7e3cd40000000p-6	0x1.3feeac0000000p-1	0x1.0f65e60000000p-1	0x1.24e8e60000000p-2	0x1.c2c5f40000000p+10
391	0x1.97e0ca0000000p-5	0x1.d7a7b40000000p+0	0x1.80f5240000000p+0	0x1.096fc60000000p+0	0x1.c2c5f40000000p+10
392	0x1.4d47740000000p-5	0x1.42f0840000000p+1	0x1.13d7220000000p+1	0x1.4765fa0000000p+0	0x1.c2c5f40000000p+10
393	0x1.b34a1e0000000p-6	0x1.08f43e0000000p+0	0x1.c89d320000000p-1	0x1.e66a1c0000000p-2	0x1.c2c5f40000000p+10
394	0x1.922b780000000p-5	0x1.a15b3c0000000p+1	0x1.4d79360000000p+1	0x1.eef6ee0000000p+0	0x1.c2c5f40000000p+10
395	0x1.c639a00000000p-6	0x1.eb49560000000p+0	0x1.b8628a0000000p+0	0x1.9d389c0000000p-1	0x1.c2c5f40000000p+10
396	0x1.f4e9e60000000p-6	0x1.265b180000000p+1	0x1.f3d8500000000p+0	0x1.2ee87e0000000p+0	0x1.c2c5f40000000p+10
397	0x1.536d700000000p-5	0x1.df86740000000p+0	0x1.8e48bc0000000p+0	0x1.fc89720000000p-1	0x1.c2c5f40000000p+10
398	0x1.0ad04e0000000p-5	0x1.f83cf60000000p+0	0x1.9e1dd80000000p+0	0x1.1949bc0000000p+0	0x1.c2c5f40000000p+10
399	0x1.0174900000000p-5	0x1.b5923e0000000p+0	0x1.75757c0000000p+0	0x1.bad1360000000p-1	0x1.c2c5f40000000p+10
400	0x1.1e10880000000p-5	0x1.13f2f40000000p+0	0x1.ba93ec0000000p-1	0x1.3819320000000p-1	0x1.c2c5f40000000p+10
401	0x1.7efd1c0000000p-5	0x1.08368a0000000p+3	0x1.cea5fc0000000p+2	0x1.fbe2020000000p+1	0x1.c2c5f40000000p+10
402	0x1.b4141a0000000p-5	0x1.8ed8b00000000p+1	0x1.572f400000000p+1	0x1.89a4e00000000p+0	0x1.c2c5f60000000p+10
403	0x1.cb5d4e0000000p-5	0x1.e946900000000p+0	0x1.a8b35a0000000p+0	0x1.cbdd640000000p-1	0x1.c2c5f60000000p+10
404	0x1.0099d60000000p-4	0x1.1b73640000000p+1	0x1.d645b80000000p+0	0x1.330abe0000000p+0	0x1.c2c5f40000000p+10
405	0x1.e8e0f00000000p-5	0x1.7d2c1c0000000p+1	0x1.412f620000000p+1	0x1.742df00000000p+0	0x1.c2c5f60000000p+10
406	0x1.80ff860000000p-5	0x1.65bb360000000p+0	0x1.3800e20000000p+0	0x1.43aa6c0000000p-1	0x1.c2c5f40000000p+10
407	0x1.56ce0e0000000p-5	0x1.4834600000000p+0	0x1.14d0540000000p+0	0x1.427cfe0000000p-1	0x1.c2c5f40000000p+10
408	0x1.f2d2da0000000p-6	0x1.25dd8e0000000p+0	0x1.f7c31a0000000p-1	0x1.1836fe0000000p-1	0x1.c2c5f60000000p+10
409	0x1.09846e0000000p-4	0x1.d50ca60000000p+0	0x1.9e6f060000000p+0	0x1.5c78400000000p-1	0x1.c2c5f40000000p+10
410	0x1.24b1ca0000000p-5	0x1.0bff740000000p+0	0x1.c8123e0000000p-1	0x1.e565380000000p-2	0x1.c2c5f60000000p+10
411	0x1.1e91060000000p-5	0x1.212d4a0000000p+0	0x1.e5703e0000000p-1	0x1.1ba8ec0000000p-1	0x1.c2c5f40000000p+10
412	0x1.b196d40000000p-5	0x1.453b800000000p+1	0x1.0fa6d00000000p+1	0x1.4a07100000000p+0	0x1.c2c5f60000000p+10
413	0x1.9535700000000p-6	0x1.cc42b80000000p-1	0x1.93b79a0000000p-1	0x1.922fb00000000p-2	0x1.c2c5f40000000p+10
414	0x1.5677540000000p-5	0x1.e7e1380000000p+0	0x1.9a7c560000000p+0	0x1.0117940000000p+0	0x1.c2c5f60000000p+10
415	0x1.8c9ca40000000p-6	0x1.f1b1e20000000p+0	0x1.a9a1740000000p+0	0x1.f87e6c0000000p-1	0x1.c2c5f60000000p+10
416	0x1.d859860000000p-5	0x1.2884120000000p+1	0x1.f478400000000p+0	0x1.0cf1b60000000p+0	0x1.c2c5f40000000p+10
417	0x1.0c1d440000000p-5	0x1.1bf7660000000p+1	0x1.dd01a40000000p+0	0x1.24f8a40000000p+0	0x1.c2c5f60000000p+10
418	0x1.6f58ca0000000p-5	0x1.48329c0000000p+0	0x1.1d1cd40000000p+0	0x1.28cc240000000p-1	0x1.c2c5f40000000p+10
419	0x1.23aa940000000p-5	0x1.7691000000000p+0	0x1.4503f20000000p+0	0x1.60c2860000000p-1	0x1.c2c5f60000000p+10
420	0x1.2a78fe0000000p-5	0x1.284b3a0000000p+0	0x1.03e0b80000000p+0	0x1.d51fda0000000p-2	0x1.c2c5f60000000p+10
421	0x1.2549e60000000p-5	0x1.477d280000000p+0	0x1.0991600000000p+0	0x1.6dcd240000000p-1	0x1.c2c5f60000000p+10
422	0x1.5d5e8e0000000p-5	0x1.8497f20000000p+0	0x1.4e62560000000p+0	0x1.563fe00000000p-1	0x1.c2c5f60000000p+10
423	0x1.4250360000000p-5	0x1.dbf0740000000p+0	0x1.860f540000000p+0	0x1.0adcaa0000000p+0	0x1.c2c5f80000000p+10
424	0x1.3b7a6e0000000p-5	0x1.45a11c0000000p+1	0x1.0295ec0000000p+1	0x1.87a5f60000000p+0	0x1.c2c5f80000000p+10
425	0x1.a1642e0000000p-5	0x1.34ac300000000p+2	0x1.0909760000000p+2	0x1.3836940000000p+1	0x1.c2c5f80000000p+10
426	0x1.5157900000000p-5	0x1.8753c80000000p+1	0x1.4b39940000000p+1	0x1.9436e00000000p+0	0x1.c2c5f80000000p+10
427	0x1.090b940000000p-5	0x1.4e13be0000000p+0	0x1.0bce360000000p+0	0x1.6f68e00000000p-1	0x1.c2c5f80000000p+10
428	0x1.df37ea0000000p-5	0x1.96a5e60000000p+0	0x1.642e920000000p+0	0x1.6b4b8c0000000p-1	0x1.c2c5f80000000p+10
429	0x1.cf60c60000000p-6	0x1.244da00000000p+1	0x1.f4597a0000000p+0	0x1.28a52c0000000p+0	0x1.c2c5f80000000p+10
430	0x1.a870860000000p-5	0x1.b17a620000000p+1	0x1.75505c0000000p+1	0x1.af31220000000p+0	0x1.c2c5f80000000p+10
431	0x1.17c1f60000000p-4	0x1.a3c6ee0000000p+0	0x1.6486aa0000000p+0	0x1.7364c00000000p-1	0x1.c2c5f80000000p+10
432	0x1.8828100000000p-5	0x1.7ba8020000000p+0	0x1.42400e0000000p+0	0x1.73013e0000000p-1	0x1.c2c5f60000000p+10
433	0x1.4cc4ce0000000p-6	0x1.c1f6460000000p-1	0x1.85eebc0000000p-1	0x1.a472580000000p-2	0x1.c2c5f80000000p+10
434	0x1.f9b2660000000p-6	0x1.d178540000000p+0	0x1.8e1dfa0000000p+0	0x1.d6e95c0000000p-1	0x1.c2c5f80000000p+10
435	0x1.738ce40000000p-5	0x1.badcd40000000p+1	0x1.74eda60000000p+1	0x1.da1a8a0000000p+0	0x1.c2c5f60000000p+10
436	0x1.90de460000000p-5	0x1.605dc20000000p+1	0x1.2ce1740000000p+1	0x1.6307320000000p+0	0x1.c2c5f80000000p+10
437	0x1.9430a60000000p-5	0x1.c4e57a0000000p+0	0x1.80ec660000000p+0	0x1.af82280000000p-1	0x1.c2c5f60000000p+10
438	0x1.bc23960000000p-5	0x1.4c36c00000000p+0	0x1.19a7ac0000000p+0	0x1.31b3060000000p-1	0x1.c2c5f80000000p+10
439	0x1.c36d640000000p-5	0x1.d368680000000p+0	0x1.8056120000000p+0	0x1.fe0b480000000p-1	0x1.c2c5f80000000p+10
440	0x1.741d5e0000000p-5	0x1.2ba8e60000000p+0	0x1.fff5d00000000p-1	0x1.2a39020000000p-1	0x1.c2c5f80000000p+10
441	0x1.24c01a0000000p-5	0x1.0e53ee0000000p+1	0x1.d5489c0000000p+0	0x1.048c440000000p+0	0x1.c2c5f80000000p+10
442	0x1.1df25a0000000p-5	0x1.52f6360000000p+0	0x1.19e1160000000p+0	0x1.5a45e00000000p-1	0x1.c2c5f80000000p+10
443	0x1.bc786e0000000p-4	0x1.37117e0000000p+2	0x1.10a37e0000000p+2	0x1.14acee0000000p+1	0x1.c2c5f80000000p+10
444	0x1.b32d660000000p-6	0x1.1351cc0000000p+1	0x1.d184620000000p+0	0x1.1cb1ea0000000p+0	0x1.c2c5f80000000p+10
445	0x1.e4f2be0000000p-6	0x1.11a3700000000p+1	0x1.d177b60000000p+0	0x1.1a08240000000p+0	0x1.c2c5f80000000p+10
446	0x1.0f572e0000000p-5	0x1.f17b620000000p+0	0x1.a591d80000000p+0	0x1.f86d880000000p-1	0x1.c2c5f80000000p+10
447	0x1.e5ad240000000p-6	0x1.eca9900000000p-1	0x1.aeacc00000000p-1	0x1.94faa40000000p-2	0x1.c2c5f80000000p+10
448	0x1.d487be0000000p-5	0x1.555db20000000p+1	0x1.147bee0000000p+1	0x1.86121e0000000p+0	0x1.c2c5f80000000p+10
449	0x1.a7d4ca0000000p-5	0x1.f2b1e20000000p+0	0x1.ab4ae60000000p+0	0x1.d22a120000000p-1	0x1.c2c5f80000000p+10
450	0x1.6f56d60000000p-5	0x1.564a000000000p+0	0x1.29d8a20000000p+0	0x1.33621a0000000p-1	0x1.c2c5f80000000p+10
451	0x1.0ba3e80000000p-5	0x1.160bb40000000p+0	0x1.ea7f420000000p-1	0x1.c7d2f00000000p-2	0x1.c2c5f80000000p+10
452	0x1.b9abc60000000p-6	0x1.3876c20000000p+0	0x1.0c164e0000000p+0	0x1.288e540000000p-1	0x1.c2c5f80000000p+10
453	0x1.83028a0000000p-5	0x1.0404080000000p+0	0x1.cae9980000000p-1	0x1.a378a80000000p-2	0x1.c2c5f80000000p+10
454	0x1.6b00b80000000p-5	0x1.4c61a20000000p+1	0x1.1c6f400000000p+1	0x1.4ff5340000000p+0	0x1.c2c5f80000000p+10
455	0x1.7639d80000000p-5	0x1.dbee760000000p+1	0x1.9055740000000p+1	0x1.f8e15c0000000p+0	0x1.c2c5f80000000p+10
456	0x1.5e82260000000p-5	0x1.194d620000000p+1	0x1.e21bc20000000p+0	0x1.197c860000000p+0	0x1.c2c5f60000000p+10
457	0x1.a1c0da0000000p-6	0x1.ce964a0000000p-1	0x1.86c49c0000000p-1	0x1.cb63340000000p-2	0x1.c2c5f60000000p+10
458	0x1.0540540000000p-4	0x1.36d1620000000p+0	0x1.0dd0440000000p+0	0x1.1412c20000000p-1	0x1.c2c5f60000000p+10
459	0x1.90edde0000000p-5	0x1.d0703e0000000p+0	0x1.889efe0000000p+0	0x1.d697d40000000p-1	0x1.c2c5f60000000p+10
460	0x1.2755940000000p-5	0x1.51911c0000000p+0	0x1.20a95c0000000p+0	0x1.4c9b420000000p-1	0x1.c2c5f60000000p+10
461	0x1.e00d400000000p-6	0x1.bad1160000000p+0	0x1.70881a0000000p+0	0x1.dc7a4e0000000p-1	0x1.c2c5f60000000p+10
462	0x1.06ce6c0000000p-5	0x1.d4031c0000000p-1	0x1.8f7a820000000p-1	0x1.aed5640000000p-2	0x1.c2c5f60000000p+10
463	0x1.0d86960000000p-5	0x1.14c1880000000p+0	0x1.dc0b160000000p-1	0x1.f2481a0000000p-2	0x1.c2c5f60000000p+10
464	0x1.98d11e0000000p-5	0x1.ca51800000000p+0	0x1.870f0e0000000p+0	0x1.c6b6ce0000000p-1	0x1.c2c5f80000000p+10
465	0x1.195eaa0000000p-5	0x1.f7f5740000000p+0	0x1.ba8f8e0000000p+0	0x1.c9e4e80000000p-1	0x1.c2c5f80000000p+10
466	0x1.d020600000000p-6	0x1.8fe2c00000000p+0	0x1.55753e0000000p+0	0x1.842a7e0000000p-1	0x1.c2c5f80000000p+10
467	0x1.ec6ac60000000p-6	0x1.336c6a0000000p+0	0x1.0e8ab40000000p+0	0x1.0334d20000000p-1	0x1.c2c5f80000000p+10
468	0x1.58997a0000000p-5	0x1.9df6000000000p+0	0x1.594b0c0000000p+0	0x1.ba50da0000000p-1	0x1.c2c5f80000000p+10
469	0x1.7098dc0000000p-5	0x1.ab52f40000000p+0	0x1.64998c0000000p+0	0x1.b46c9e0000000p-1	0x1.c2c5f80000000p+10
470	0x1.8d2ea00000000p-5	0x1.f783a60000000p+0	0x1.acb20e0000000p+0	0x1.f7d3360000000p-1	0x1.c2c5f80000000p+10
471	0x1.7a996a0000000p-5	0x1.32e9240000000p+0	0x1.0b16f00000000p+0	0x1.0869d40000000p-1	0x1.c2c5f80000000p+10
472	0x1.f35f800000000p-5	0x1.37a1da0000000p+1	0x1.041d780000000p+1	0x1.405fbc0000000p+0	0x1.c2c5f80000000p+10
473	0x1.9519f60000000p-6	0x1.0c177c0000000p+0	0x1.aaf9440000000p-1	0x1.2ecc680000000p-1	0x1.c2c5f80000000p+10
474	0x1.c1e9a40000000p-6	0x1.10cc680000000p+1	0x1.c8f4940000000p+0	0x1.166f6c0000000p+0	0x1.c2c5f80000000p+10
475	0x1.6c24d40000000p-6	0x1.479d560000000p+0	0x1.1cc86c0000000p+0	0x1.2e1e260000000p-1	0x1.c2c5f80000000p+10
476	0x1.16c6100000000p-5	0x1.5120680000000p+1	0x1.1b59260000000p+1	0x1.60110e0000000p+0	0x1.c2c5f80000000p+10
477	0x1.6b99780000000p-6	0x1.e482c60000000p+0	0x1.a124760000000p+0	0x1.d33f2e0000000p-1	0x1.c2c5f80000000p+10
478	0x1.cbc1f40000000p-5	0x1.15e87c0000000p+1	0x1.e351b40000000p+0	0x1.0190180000000p+0	0x1.c2c5f80000000p+10
479	0x1.4301ca0000000p-5	0x1.53dc7c0000000p+0	0x1.2893f60000000p+0	0x1.3316980000000p-1	0x1.c2c5f80000000p+10
480	0x1.2eb7a60000000p-5	0x1.0aa9100000000p+1	0x1.b27e0c0000000p+0	0x1.2dae620000000p+0	0x1.c2c5f80000000p+10
481	0x1.4a5e940000000p-5	0x1.aa67ee0000000p+0	0x1.68c32c0000000p+0	0x1.ada3f60000000p-1	0x1.c2c5fa0000000p+10
482	0x1.04d4b20000000p-5	0x1.361cc00000000p+0	0x1.08ba7a0000000p+0	0x1.1f02ec0000000p-1	0x1.c2c5f80000000p+10
483	0x1.0519ca0000000p-5	0x1.e6b7b20000000p+0	0x1.adac6a0000000p+0	0x1.b008500000000p-1	0x1.c2c5f80000000p+10
484	0x1.ec02da0000000p-5	0x1.e1b21e0000000p+1	0x1.9fa6640000000p+1	0x1.de40a60000000p+0	0x1.c2c5f80000000p+10
485	0x1.b091140000000p-6	0x1.9dda260000000p-1	0x1.5a40320000000p-1	0x1.8599840000000p-2	0x1.c2c5f80000000p+10
486	0x1.380e960000000p-5	0x1.511e500000000p+1	0x1.1f1e480000000p+1	0x1.58cf3e0000000p+0	0x1.c2c5f80000000p+10
487	0x1.9f00ea0000000p-6	0x1.707fd80000000p+0	0x1.4300300000000p+0	0x1.4c8bb60000000p-1	0x1.c2c5fa0000000p+10
488	0x1.c5b2600000000p-5	0x1.8bcc920000000p+0	0x1.5379320000000p+0	0x1.15edba0000000p-1	0x1.c2c5fa0000000p+10
489	0x1.4d8b9a0000000p-6	0x1.61038a0000000p+0	0x1.3a76ca0000000p+0	0x1.2ffc980000000p-1	0x1.c2c5fa0000000p+10
490	0x1.4801a60000000p-5	0x1.9f1a660000000p-1	0x1.6965f60000000p-1	0x1.4a58300000000p-2	0x1.c2c5fa0000000p+10
491	0x1.d313740000000p-6	0x1.6c071a0000000p+0	0x1.331a880000000p+0	0x1.6fe3660000000p-1	0x1.c2c5fa0000000p+10
492	0x1.0ec5980000000p-5	0x1.c2d77a0000000p+0	0x1.7a71e60000000p+0	0x1.d403420000000p-1	0x1.c2c5fa0000000p+10
493	0x1.75994a0000000p-6	0x1.1bef6e0000000p+0	0x1.fa14ce0000000p-1	0x1.c31e720000000p-2	0x1.c2c5fa0000000p+10
494	0x1.9ae1600000000p-6	0x1.7683400000000p-1	0x1.3ab3aa0000000p-1	0x1.7247660000000p-2	0x1.c2c5fa0000000p+10
495	0x1.6469300000000p-6	0x1.77daee0000000p-1	0x1.34a5be0000000p-1	0x1.87afd40000000p-2	0x1.c2c5f80000000p+10
496	0x1.7fb1b80000000p-5	0x1.3e012e0000000p+1	0x1.1579bc0000000p+1	0x1.2dc9cc0000000p+0	0x1.c2c5f80000000p+10
497	0x1.83bd1e0000000p-7	0x1.00b33e0000000p+0	0x1.bfe38a0000000p-1	0x1.dfed5a0000000p-2	0x1.c2c5f80000000p+10
498	0x1.404e380000000p-5	0x1.5ad6360000000p+0	0x1.29aed80000000p+0	0x1.4419620000000p-1	0x1.c2c5f80000000p+10
499	0x1.7759300000000p-6	0x1.6fbb5a0000000p+0	0x1.359f1e0000000p+0	0x1.8092820000000p-1	0x1.c2c5f80000000p+10
500	0x1.7903b40000000p-5	0x1.472ac40000000p+0	0x1.1c5ca60000000p+0	0x1.0806ec0000000p-1	0x1.c2c5f60000000p+10
501	0x1.54244e0000000p-5	0x1.8d44700000000p+0	0x1.4b10ee0000000p+0	0x1.5d9fd40000000p-1	0x1.c2c5f60000000p+10
502	0x1.3cdfe00000000p-5	0x1.27fdb00000000p+1	0x1.ff80ac0000000p+0	0x1.192fea0000000p+0	0x1.c2c5f60000000p+10
503	0x1.3a83f00000000p-6	0x1.c0a49a0000000p-1	0x1.85b4a20000000p-1	0x1.969f3e0000000p-2	0x1.c2c5f60000000p+10
504	0x1.00a28e0000000p-5	0x1.5879920000000p+0	0x1.1f89360000000p+0	0x1.54c4f40000000p-1	0x1.c2c5f60000000p+10
505	0x1.04f5f60000000p-4	0x1.20ed360000000p+2	0x1.0006a80000000p+2	0x1.0372740000000p+1	0x1.c2c5fa0000000p+10
506	0x1.9b85800000000p-5	0x1.0cf4d80000000p+1	0x1.c4c1340000000p+0	0x1.1861740000000p+0	0x1.c2c5f80000000p+10
507	0x1.2d87600000000p-5	0x1.2aaaa00000000p+1	0x1.0262060000000p+1	0x1.238d4c0000000p+0	0x1.c2c5f80000000p+10
508	0x1.4fee860000000p-6	0x1.255a5e0000000p+0	0x1.ef033a0000000p-1	0x1.242b320000000p-1	0x1.c2c5f80000000p+10
509	0x1.e930540000000p-6	0x1.4695620000000p+1	0x1.e52f7a0000000p+0	0x1.b1d3040000000p+0	0x1.c2c5f80000000p+10
510	0x1.a9408e0000000p-5	0x1.5aac940000000p+0	0x1.27fc7e0000000p+0	0x1.4edd760000000p-1	0x1.c2c5fa0000000p+10
511	0x1.9106940000000p-5	0x1.bbeff00000000p+0	0x1.8130740000000p+0	0x1.aa7d3c0000000p-1	0x1.c2c5fa0000000p+10
512	0x1.1db86a0000000p-5	0x1.15da680000000p+0	0x1.c6de400000000p-1	0x1.26b7320000000p-1	0x1.c2c5fa0000000p+10
513	0x1.1e7ad40000000p-5	0x1.1a2be20000000p+0	0x1.dbd07e0000000p-1	0x1.1864ac0000000p-1	0x1.c2c5fa0000000p+10
514	0x1.9f9a5e0000000p-5	0x1.654ac00000000p+0	0x1.3453fa0000000p+0	0x1.1f66120000000p-1	0x1.c2c5fa0000000p+10
515	0x1.0b12980000000p-5	0x1.2ec29e0000000p+0	0x1.0c1d100000000p+0	0x1.e109dc0000000p-2	0x1.c2c5fa0000000p+10
516	0x1.3870ca0000000p-5	0x1.50d2700000000p+0	0x1.2a2cb20000000p+0	0x1.19d8760000000p-1	0x1.c2c5fa0000000p+10
517	0x1.d0fd200000000p-6	0x1.cd420e0000000p-1	0x1.91aa020000000p-1	0x1.a413de0000000p-2	0x1.c2c5fa0000000p+10
518	0x1.1760120000000p-5	0x1.147b120000000p+0	0x1.d43cf40000000p-1	0x1.0078a20000000p-1	0x1.c2c5fa0000000p+10
519	0x1.72598a0000000p-6	0x1.feda3a0000000p-1	0x1.a8cec40000000p-1	0x1.0fa5a60000000p-1	0x1.c2c5fa0000000p+10
520	0x1.61452a0000000p-6	0x1.b6da4e0000000p-1	0x1.6941a80000000p-1	0x1.cc55a00000000p-2	0x1.c2c5fa0000000p+10
521	0x1.7d767e0000000p-6	0x1.9e40fa0000000p-1	0x1.58ae900000000p-1	0x1.a0eff00000000p-2	0x1.c2c5fc0000000p+10
522	0x1.21d9ba0000000p-4	0x1.2ef55a0000000p+0	0x1.fdd7960000000p-1	0x1.17e3b40000000p-1	0x1.c2c5fc0000000p+10
523	0x1.1e189a0000000p-5	0x1.1682d80000000p+1	0x1.c90c800000000p+0	0x1.39e9b80000000p+0	0x1.c2c5fc0000000p+10
524	0x1.0d7a880000000p-5	0x1.e351200000000p-1	0x1.a72b360000000p-1	0x1.b5553e0000000p-2	0x1.c2c5fc0000000p+10
525	0x1.4daa9e0000000p-6	0x1.f9a28c0000000p-1	0x1.b48b420000000p-1	0x1.e171780000000p-2	0x1.c2c5fc0000000p+10
526	0x1.7a0d780000000p-5	0x1.500f320000000p+1	0x1.20453a0000000p+1	0x1.5597820000000p+0	0x1.c2c5fc0000000p+10
527	0x1.fd93b40000000p-6	0x1.47f2780000000p+1	0x1.f316480000000p+0	0x1.a6af800000000p+0	0x1.c2c5fc0000000p+10
528	0x1.c7c2f40000000p-6	0x1.bd2e740000000p+2	0x1.50453c0000000p+2	0x1.238c520000000p+2	0x1.c2c5fc0000000p+10
529	0x1.4b04140000000p-5	0x1.4fb2900000000p+1	0x1.0da0be0000000p+1	0x1.82bdae0000000p+0	0x1.c2c5fc0000000p+10
530	0x1.0c7ff60000000p-4	0x1.36c8d40000000p+1	0x1.06016c0000000p+1	0x1.40eb2c0000000p+0	0x1.c2c5fc0000000p+10
531	0x1.64b9060000000p-5	0x1.40345c0000000p+1	0x1.0a37920000000p+1	0x1.5ac2be0000000p+0	0x1.c2c5fc0000000p+10
532	0x1.dc38660000000p-6	0x1.70b1d00000000p+0	0x1.36e12a0000000p+0	0x1.78fbdc0000000p-1	0x1.c2c5fc0000000p+10
533	0x1.343d980000000p-5	0x1.f0f5b80000000p+0	0x1.8e46120000000p+0	0x1.21335e0000000p+0	0x1.c2c5fc0000000p+10
534	0x1.bbfeda0000000p-6	0x1.8ad5fe0000000p+0	0x1.5d802c0000000p+0	0x1.6255780000000p-1	0x1.c2c5fc0000000p+10
535	0x1.5017ac0000000p-5	0x1.2103260000000p+1	0x1.eb3b920000000p+0	0x1.2543700000000p+0	0x1.c2c5fc0000000p+10
536	0x1.56ced40000000p-5	0x1.6361100000000p+1	0x1.1dbec80000000p+1	0x1.9d23f20000000p+0	0x1.c2c5fc0000000p+10
537	0x1.d6aec40000000p-6	0x1.b773ac0000000p+0	0x1.700cee0000000p+0	0x1.d6f1360000000p-1	0x1.c2c5fc0000000p+10
538	0x1.ea1eda0000000p-6	0x1.4a4b440000000p+1	0x1.05d3360000000p+1	0x1.8fc6060000000p+0	0x1.c2c5fe0000000p+10
539	0x1.71c46e0000000p-5	0x1.da7ef80000000p-1	0x1.9ae4640000000p-1	0x1.8aeab80000000p-2	0x1.c2c5fe0000000p+10
540	0x1.2c54de0000000p-5	0x1.974b660000000p+0	0x1.4c08980000000p+0	0x1.c500220000000p-1	0x1.c2c5fe0000000p+10
541	0x1.06265e0000000p-5	0x1.2c75600000000p+0	0x1.eece540000000p-1	0x1.44f9c00000000p-1	0x1.c2c5fe0000000p+10
542	0x1.623bfa0000000p-5	0x1.cd9b7c0000000p+0	0x1.8994c60000000p+0	0x1.c43c8c0000000p-1	0x1.c2c5fe0000000p+10
543	0x1.bdd5ea0000000p-6	0x1.4223ca0000000p+0	0x1.0b7b820000000p+0	0x1.557e900000000p-1	0x1.c2c5fe0000000p+10
544	0x1.acb4ba0000000p-6	0x1.df14180000000p-1	0x1.88f09a0000000p-1	0x1.f37de60000000p-2	0x1.c2c6000000000p+10
545	0x1.ece6b00000000p-6	0x1.a873280000000p+0	0x1.44e3000000000p+0	0x1.0d2f7c0000000p+0	0x1.c2c5fe0000000p+10
546	0x1.2c49c00000000p-5	0x1.4ea3380000000p+1	0x1.09641e0000000p+1	0x1.91e48c0000000p+0	0x1.c2c5fe0000000p+10
547	0x1.c24a460000000p-5	0x1.acf5380000000p+0	0x1.6948520000000p+0	0x1.ab705c0000000p-1	0x1.c2c5fe0000000p+10
548	0x1.790b320000000p-6	0x1.9bb9800000000p-1	0x1.64e3d20000000p-1	0x1.677cfe0000000p-2	0x1.c2c5fe0000000p+10
549	0x1.d1b4c60000000p-6	0x1.5588e80000000p+0	0x1.234df40000000p+0	0x1.4069a00000000p-1	0x1.c2c5fe0000000p+10
550	0x1.2b81140000000p-5	0x1.6782e20000000p+0	0x1.3987ea0000000p+0	0x1.33b9d80000000p-1	0x1.c2c5fe0000000p+10
551	0x1.bf193a0000000p-6	0x1.412bf00000000p+1	0x1.c621fe0000000p+0	0x1.bfd17c0000000p+0	0x1.c2c5fe0000000p+10
552	0x1.48e2b20000000p-5	0x1.c5ef200000000p+0	0x1.68b38e0000000p+0	0x1.0c4aae0000000p+0	0x1.c2c5fe0000000p+10
553	0x1.ca57860000000p-6	0x1.d7fbea0000000p+1	0x1.8f99780000000p+1	0x1.ee91500000000p+0	0x1.c2c5fe0000000p+10
554	0x1.23c3880000000p-6	0x1.0dbcf00000000p+1	0x1.c4202a0000000p+0	0x1.214d5c0000000p+0	0x1.c2c5fe0000000p+10
555	0x1.13ef0a0000000p-5	0x1.2682820000000p+1	0x1.aba0700000000p+0	0x1.9140a40000000p+0	0x1.c2c5fe0000000p+10
556	0x1.c254200000000p-6	0x1.008ab00000000p+1	0x1.8646bc0000000p+0	0x1.4760960000000p+0	0x1.c2c5fe0000000p+10
557	0x1.49dd260000000p-5	0x1.99255c0000000p+0	0x1.50953a0000000p+0	0x1.a4c76e0000000p-1	0x1.c2c5fe0000000p+10
558	0x1.8738f60000000p-5	0x1.4851900000000p+0	0x1.1aeff60000000p+0	0x1.10f6a80000000p-1	0x1.c2c5fe0000000p+10
559	0x1.b2c09a0000000p-5	0x1.332caa0000000p+1	0x1.00354e0000000p+1	0x1.488c040000000p+0	0x1.c2c5fe0000000p+10
560	0x1.cab8e00000000p-5	0x1.f338860000000p+2	0x1.54662e0000000p+2	0x1.6cc3b60000000p+2	0x1.c2c5fe0000000p+10
561	0x1.6e5eb40000000p-5	0x1.f317060000000p+1	0x1.6a64620000000p+1	0x1.557a600000000p+1	0x1.c2c5fe0000000p+10
562	0x1.1a7d2e0000000p-5	0x1.f9dbcc0000000p+1	0x1.646dd60000000p+1	0x1.65f1c40000000p+1	0x1.c2c5fe0000000p+10
563	0x1.3082b60000000p-5	0x1.29a4300000000p+1	0x1.0012480000000p+1	0x1.2959a00000000p+0	0x1.c2c5fe0000000p+10
564	0x1.ae4cee0000000p-6	0x1.2e642c0000000p+0	0x1.035ee40000000p+0	0x1.2443ea0000000p-1	0x1.c2c5fe0000000p+10
565	0x1.ffd5440000000p-6	0x1.260e580000000p+0	0x1.d7f9120000000p-1	0x1.49ea160000000p-1	0x1.c2c5fe0000000p+10
566	0x1.214e640000000p-4	0x1.8f4cbc0000000p+1	0x1.471d9c0000000p+1	0x1.30bb340000000p+0	0x1.c2c5fe0000000p+10
567	0x1.eac44e0000000p-6	0x1.916bf40000000p+0	0x1.5c94840000000p+0	0x1.784fe20000000p-1	0x1.c2c5fe0000000p+10
568	0x1.78bebe0000000p-6	0x1.0c90b60000000p+1	0x1.bd85240000000p+0	0x1.2790da0000000p+0	0x1.c2c5fe0000000p+10
569	0x1.2a624a0000000p-5	0x1.3654dc0000000p+1	0x1.d62f000000000p+0	0x1.8ebf6a0000000p+0	0x1.c2c5fe0000000p+10
570	0x1.aed1e60000000p-6	0x1.b233de0000000p-1	0x1.7b8cdc0000000p-1	0x1.6d34a60000000p-2	0x1.c2c5fe0000000p+10
571	0x1.8bf8fa0000000p-5	0x1.1ce5de0000000p+0	0x1.d3d4f80000000p-1	0x1.2da6be0000000p-1	0x1.c2c5fe0000000p+10
572	0x1.badcb00000000p-5	0x1.6c773c0000000p+1	0x1.3e2a4a0000000p+1	0x1.5c12360000000p+0	0x1.c2c5fe0000000p+10
573	0x1.cf54a60000000p-5	0x1.6a82f00000000p+1	0x1.3cb7d00000000p+1	0x1.5592ae0000000p+0	0x1.c2c5fe0000000p+10
574	0x1.dcc7ea0000000p-6	0x1.b6162e0000000p-1	0x1.72d2b60000000p-1	0x1.9fab800000000p-2	0x1.c2c5fe0000000p+10
575	0x1.0e14680000000p-5	0x1.6607940000000p+1	0x1.06afd80000000p+1	0x1.e1365c0000000p+0	0x1.c2c6000000000p+10
576	0x1.6162060000000p-6	0x1.ac0ae80000000p-1	0x1.741a900000000p-1	0x1.78b5f00000000p-2	0x1.c2c6000000000p+10
577	0x1.4500be0000000p-5	0x1.a366940000000p+2	0x1.16c6720000000p+2	0x1.38b1f80000000p+2	0x1.c2c6000000000p+10
578	0x1.786d560000000p-5	0x1.1fccee0000000p+0	0x1.f75d940000000p-1	0x1.d29f9e0000000p-2	0x1.c2c6000000000p+10
579	0x1.6bca240000000p-5	0x1.d287da0000000p+0	0x1.75a1860000000p+0	0x1.0fd5a20000000p+0	0x1.c2c6000000000p+10
580	0x1.5231180000000p-5	0x1.8fce4e0000000p+0	0x1.625c540000000p+0	0x1.5e0f7e0000000p-1	0x1.c2c6000000000p+10
581	0x1.27088a0000000p-5	0x1.b8a43a0000000p+0	0x1.719ca00000000p+0	0x1.cee0700000000p-1	0x1.c2c6000000000p+10
582	0x1.00bc680000000p-5	0x1.1406b60000000p+1	0x1.b529800000000p+0	0x1.4c71be0000000p+0	0x1.c2c6000000000p+10
583	0x1.1e11320000000p-5	0x1.4e357e0000000p+0	0x1.2181f00000000p+0	0x1.32b5b40000000p-1	0x1.c2c6000000000p+10
584	0x1.a03bf40000000p-6	0x1.c884f40000000p+0	0x1.73633c0000000p+0	0x1.05d0320000000p+0	0x1.c2c6020000000p+10
585	0x1.6ea7700000000p-6	0x1.cf3f960000000p-1	0x1.97fa6a0000000p-1	0x1.92f6ca0000000p-2	0x1.c2c6020000000p+10
586	0x1.91c65e0000000p-6	0x1.1765f60000000p+0	0x1.c04fe40000000p-1	0x1.3b84fe0000000p-1	0x1.c2c6020000000p+10
587	0x1.6435800000000p-5	0x1.91f6dc0000000p+0	0x1.6190f80000000p+0	0x1.6c4c380000000p-1	0x1.c2c6020000000p+10
588	0x1.0e97400000000p-5	0x1.0ce8ec0000000p+0	0x1.d0ba360000000p-1	0x1.cacaee0000000p-2	0x1.c2c6020000000p+10
589	0x1.35cd2c0000000p-6	0x1.36ee9a0000000p+1	0x1.0ff9880000000p+1	0x1.2801500000000p+0	0x1.c2c6020000000p+10
590	0x1.18c4ae0000000p-4	0x1.75fa3e0000000p+2	0x1.46c7ce0000000p+2	0x1.6792ac0000000p+1	0x1.c2c6020000000p+10
591	0x1.e844f00000000p-5	0x1.4d58b00000000p+0	0x1.209d320000000p+0	0x1.26877c0000000p-1	0x1.c2c6020000000p+10
592	0x1.eb7fe60000000p-5	0x1.575b9a0000000p+0	0x1.1f232e0000000p+0	0x1.558ff80000000p-1	0x1.c2c6020000000p+10
593	0x1.17b6300000000p-5	0x1.4956cc0000000p+0	0x1.1817860000000p+0	0x1.46621c0000000p-1	0x1.c2c6020000000p+10
594	0x1.ecf9400000000p-6	0x1.8924a60000000p-1	0x1.50e9f80000000p-1	0x1.6678080000000p-2	0x1.c2c6020000000p+10
595	0x1.04a6960000000p-5	0x1.c977be0000000p-1	0x1.8a7cfc0000000p-1	0x1.ac33620000000p-2	0x1.c2c6020000000p+10
596	0x1.2a76480000000p-5	0x1.6c6fc60000000p+0	0x1.2f6ff20000000p+0	0x1.8018580000000p-1	0x1.c2c6020000000p+10
597	0x1.0784300000000p-5	0x1.22e7900000000p+1	0x1.cfe5920000000p+0	0x1.57683e0000000p+0	0x1.c2c6020000000p+10
598	0x1.94099e0000000p-5	0x1.82788e0000000p+0	0x1.41bfe60000000p+0	0x1.7f8ca40000000p-1	0x1.c2c6020000000p+10
599	0x1.f2e2ba0000000p-5	0x1.7058420000000p+2	0x1.2cc7100000000p+2	0x1.a72fd20000000p+1	0x1.c2c6020000000p+10
600	0x1.732f0e0000000p-5	0x1.fcdbe80000000p+0	0x1.9ddb4c0000000p+0	0x1.1ae9c20000000p+0	0x1.c2c6020000000p+10
601	0x1.5fe2740000000p-5	0x1.25830a0000000p+0	0x1.f74d460000000p-1	0x1.08b0ca0000000p-1	0x1.c2c6020000000p+10
602	0x1.0fb8200000000p-5	0x1.ab99f20000000p-1	0x1.70c73e0000000p-1	0x1.6c24580000000p-2	0x1.c2c6020000000p+10
603	0x1.51dfd40000000p-5	0x1.559e360000000p+1	0x1.321fb60000000p+1	0x1.2082f40000000p+0	0x1.c2c6020000000p+10
604	0x1.082c3c0000000p-5	0x1.5f74320000000p+0	0x1.1bd77a0000000p+0	0x1.89d07e0000000p-1	0x1.c2c6020000000p+10
605	0x1.4666840000000p-5	0x1.4228ca0000000p+0	0x1.1396ce0000000p+0	0x1.2274e80000000p-1	0x1.c2c6020000000p+10
606	0x1.a818740000000p-5	0x1.7451c00000000p+0	0x1.38330a0000000p+0	0x1.813f260000000p-1	0x1.c2c6020000000p+10
607	0x1.9fbe600000000p-6	0x1.e2480e0000000p-1	0x1.90eabe0000000p-1	0x1.f232b00000000p-2	0x1.c2c6020000000p+10
608	0x1.cfea340000000p-6	0x1.3dc82e0000000p+0	0x1.10ed700000000p+0	0x1.31d8e80000000p-1	0x1.c2c6020000000p+10
609	0x1.5dacd60000000p-6	0x1.8c49880000000p-1	0x1.4d06280000000p-1	0x1.8271360000000p-2	0x1.c2c6020000000p+10
610	0x1.d04a860000000p-6	0x1.ed0e340000000p-1	0x1.a7aebe0000000p-1	0x1.72d1c60000000p-2	0x1.c2c6020000000p+10
611	0x1.329fee0000000p-5	0x1.13d2880000000p+1	0x1.e0a2480000000p+0	0x1.fc73a80000000p-1	0x1.c2c6020000000p+10
612	0x1.c405d40000000p-5	0x1.e8ac760000000p+1	0x1.74d9c00000000p+1	0x1.369a7e0000000p+1	0x1.c2c6020000000p+10
613	0x1.7a72460000000p-6	0x1.63eadc0000000p+1	0x1.34377a0000000p+1	0x1.5d1b160000000p+0	0x1.c2c6020000000p+10
614	0x1.58fe340000000p-5	0x1.80b7780000000p+0	0x1.46d9380000000p+0	0x1.6ab3760000000p-1	0x1.c2c6020000000p+10
615	0x1.5c538e0000000p-5	0x1.6b4dc20000000p+0	0x1.3180f00000000p+0	0x1.708f6a0000000p-1	0x1.c2c6020000000p+10
616	0x1.5a95e00000000p-5	0x1.a66af00000000p+0	0x1.6d4af40000000p+0	0x1.8a55240000000p-1	0x1.c2c6020000000p+10
617	0x1.2723d40000000p-5	0x1.5aa15c0000000p+0	0x1.22e7720000000p+0	0x1.61ed360000000p-1	0x1.c2c6020000000p+10
618	0x1.25a2560000000p-5	0x1.de92ea0000000p+0	0x1.a0c22c0000000p+0	0x1.9e64fa0000000p-1	0x1.c2c6020000000p+10
619	0x1.1bf3840000000p-5	0x1.bfe4b80000000p-1	0x1.8188300000000p-1	0x1.5a3c880000000p-2	0x1.c2c6020000000p+10
620	0x1.11604a0000000p-5	0x1.f3eb400000000p-1	0x1.b194ea0000000p-1	0x1.a3940e0000000p-2	0x1.c2c6020000000p+10
621	0x1.fefb6a0000000p-7	0x1.292ce00000000p+0	0x1.001b6a0000000p+0	0x1.26f72e0000000p-1	0x1.c2c6020000000p+10
622	0x1.d8cf600000000p-6	0x1.f8ccdc0000000p-1	0x1.a562060000000p-1	0x1.9f7bf80000000p-2	0x1.c2c6020000000p+10
623	0x1.7ebd300000000p-6	0x1.de0aea0000000p-1	0x1.ad52e60000000p-1	0x1.82a7920000000p-2	0x1.c2c6020000000p+10
624	0x1.e34cf40000000p-6	0x1.6386ae0000000p+1	0x1.02bcd20000000p+1	0x1.e3d28c0000000p+0	0x1.c2c6040000000p+10
625	0x1.1daa4e0000000p-5	0x1.5ef8360000000p+1	0x1.0133660000000p+1	0x1.da5d5e0000000p+0	0x1.c2c6040000000p+10
626	0x1.dd2a4e0000000p-5	0x1.9f25b60000000p+2	0x1.10f3820000000p+2	0x1.38556a0000000p+2	0x1.c2c6040000000p+10
627	0x1.b165ba0000000p-6	0x1.9d1f120000000p+0	0x1.69275e0000000p+0	0x1.6950ac0000000p-1	0x1.c2c6040000000p+10
628	0x1.6e23fa0000000p-5	0x1.a2642e0000000p+2	0x1.2090500000000p+2	0x1.2e40260000000p+2	0x1.c2c6040000000p+10
629	0x1.3539400000000p-5	0x1.b6f0a80000000p+0	0x1.81d33c0000000p+0	0x1.7d39940000000p-1	0x1.c2c6040000000p+10
630	0x1.1027e60000000p-5	0x1.e218ca0000000p+1	0x1.648d1c0000000p+1	0x1.427aa20000000p+1	0x1.c2c6040000000p+10
631	0x1.68760c0000000p-5	0x1.090fca0000000p+1	0x1.ce7b400000000p+0	0x1.fc84680000000p-1	0x1.c2c6040000000p+10
632	0x1.cd1b660000000p-6	0x1.41ed920000000p+2	0x1.c654d20000000p+1	0x1.c742480000000p+1	0x1.c2c6040000000p+10
633	0x1.db33da0000000p-5	0x1.3f50de0000000p+1	0x1.16fda80000000p+1	0x1.2a115a0000000p+0	0x1.c2c6040000000p+10
634	0x1.88286a0000000p-6	0x1.7bdd620000000p-1	0x1.410b420000000p-1	0x1.4800380000000p-2	0x1.c2c6040000000p+10
635	0x1.cc28540000000p-6	0x1.c313f20000000p-1	0x1.806be60000000p-1	0x1.aec5ee0000000p-2	0x1.c2c6040000000p+10
636	0x1.c5cbfa0000000p-6	0x1.46fd820000000p+0	0x1.1608540000000p+0	0x1.46ccbc0000000p-1	0x1.c2c6040000000p+10
637	0x1.79cb0a0000000p-5	0x1.1b97040000000p+0	0x1.e747ea0000000p-1	0x1.0de67a0000000p-1	0x1.c2c6040000000p+10
638	0x1.1709f20000000p-5	0x1.7ce95e0000000p+0	0x1.4294ca0000000p+0	0x1.6671440000000p-1	0x1.c2c6040000000p+10
639	0x1.eb12b40000000p-6	0x1.a78c480000000p-1	0x1.69785c0000000p-1	0x1.9124340000000p-2	0x1.c2c6040000000p+10
640	0x1.f7b82a0000000p-6	0x1.e356920000000p-1	0x1.a2cf260000000p-1	0x1.b577940000000p-2	0x1.c2c6040000000p+10
641	0x1.8c77a80000000p-5	0x1.e79b500000000p+0	0x1.9ebfec0000000p+0	0x1.f128ca0000000p-1	0x1.c2c6060000000p+10
642	0x1.ac8f8e0000000p-7	0x1.87d4520000000p-1	0x1.46a7ae0000000p-1	0x1.88cb360000000p-2	0x1.c2c6040000000p+10
643	0x1.0e05820000000p-5	0x1.4fd1d60000000p+0	0x1.04f60c0000000p+0	0x1.9d5cd00000000p-1	0x1.c2c6040000000p+10
644	0x1.ccd2d60000000p-6	0x1.2b9a2a0000000p+0	0x1.0228340000000p+0	0x1.1ddbf40000000p-1	0x1.c2c6060000000p+10
645	0x1.b2ea440000000p-6	0x1.096ad00000000p+0	0x1.c24f4c0000000p-1	0x1.0a32da0000000p-1	0x1.c2c6060000000p+10
646	0x1.ccf26a0000000p-5	0x1.ccb0de0000000p+1	0x1.9809e80000000p+1	0x1.8f0ee00000000p+0	0x1.c2c6060000000p+10
647	0x1.35527c0000000p-5	0x1.7a20660000000p+1	0x1.476d2c0000000p+1	0x1.74bf0e0000000p+0	0x1.c2c6080000000p+10
648	0x1.db8a7a0000000p-6	0x1.2db0de0000000p+1	0x1.0377a40000000p+1	0x1.2f1df60000000p+0	0x1.c2c6060000000p+10
649	0x1.48ef840000000p-6	0x1.8ca1640000000p-1	0x1.4391580000000p-1	0x1.a4a8fe0000000p-2	0x1.c2c6060000000p+10
650	0x1.ec31f60000000p-6	0x1.fb37ba0000000p-1	0x1.b26f460000000p-1	0x1.d782520000000p-2	0x1.c2c6060000000p+10
651	0x1.3726600000000p-5	0x1.c1f8400000000p+0	0x1.706d940000000p+0	0x1.ede4340000000p-1	0x1.c2c6060000000p+10
652	0x1.14b4f60000000p-6	0x1.05f4900000000p-1	0x1.d0950a0000000p-2	0x1.9706040000000p-3	0x1.c2c6060000000p+10
653	0x1.7fed7a0000000p-5	0x1.d15c400000000p-1	0x1.96e1ce0000000p-1	0x1.7901b20000000p-2	0x1.c2c6060000000p+10
654	0x1.593b580000000p-5	0x1.c4db940000000p+0	0x1.8613280000000p+0	0x1.7d114e0000000p-1	0x1.c2c6060000000p+10
655	0x1.2ce8560000000p-5	0x1.d6b3c80000000p-1	0x1.8905020000000p-1	0x1.e5e4f60000000p-2	0x1.c2c6060000000p+10
656	0x1.8857180000000p-5	0x1.18137a0000000p+1	0x1.d58d840000000p+0	0x1.27f4dc0000000p+0	0x1.c2c6060000000p+10
657	0x1.cbd5f00000000p-6	0x1.7af47e0000000p+0	0x1.3bd1020000000p+0	0x1.8ace6a0000000p-1	0x1.c2c6060000000p+10
658	0x1.ef6bc60000000p-6	0x1.5e41e20000000p+0	0x1.1ac7d40000000p+0	0x1.7b23bc0000000p-1	0x1.c2c6060000000p+10
659	0x1.4388b00000000p-5	0x1.2224260000000p+1	0x1.a139ce0000000p+0	0x1.8a229e0000000p+0	0x1.c2c6060000000p+10
660	0x1.c5632a0000000p-6	0x1.3f91cc0000000p+1	0x1.d0da4a0000000p+0	0x1.b28bda0000000p+0	0x1.c2c6060000000p+10
661	0x1.bff94e0000000p-5	0x1.1a5c6a0000000p+2	0x1.8f16160000000p+1	0x1.8cb8e00000000p+1	0x1.c2c6060000000p+10
662	0x1.48ecb60000000p-5	0x1.134f940000000p+0	0x1.da1aee0000000p-1	0x1.d1658c0000000p-2	0x1.c2c6060000000p+10
663	0x1.ceec7e0000000p-6	0x1.dcca940000000p-1	0x1.98b5040000000p-1	0x1.b533d20000000p-2	0x1.c2c6060000000p+10
664	0x1.c595ca0000000p-6	0x1.5594640000000p+1	0x1.2c7c4e0000000p+1	0x1.3ea4000000000p+0	0x1.c2c6060000000p+10
665	0x1.b60b600000000p-6	0x1.56e0640000000p+0	0x1.2eb6940000000p+0	0x1.2d9cb40000000p-1	0x1.c2c6060000000p+10
666	0x1.1c66660000000p-6	0x1.f704a60000000p-1	0x1.bc30980000000p-1	0x1.a2b5880000000p-2	0x1.c2c6080000000p+10
667	0x1.e8210e0000000p-6	0x1.1b01fe0000000p+0	0x1.fc25180000000p-1	0x1.ac3faa0000000p-2	0x1.c2c6080000000p+10
668	0x1.345e500000000p-5	0x1.035fb60000000p+0	0x1.c90f940000000p-1	0x1.abd9080000000p-2	0x1.c2c6080000000p+10
669	0x1.ea66d40000000p-6	0x1.a48ef80000000p-1	0x1.7841f40000000p-1	0x1.5251240000000p-2	0x1.c2c6080000000p+10
670	0x1.9f8d040000000p-6	0x1.e9c6440000000p-1	0x1.aec8f40000000p-1	0x1.9ab57e0000000p-2	0x1.c2c6080000000p+10
671	0x1.03e1920000000p-5	0x1.6e4cd20000000p+0	0x1.37def20000000p+0	0x1.67f6d20000000p-1	0x1.c2c6080000000p+10
672	0x1.21c2920000000p-5	0x1.67c1840000000p-1	0x1.3a6a480000000p-1	0x1.f0899e0000000p-3	0x1.c2c6080000000p+10
673	0x1.4d01600000000p-5	0x1.d440660000000p+0	0x1.a3efaa0000000p+0	0x1.8486700000000p-1	0x1.c2c6080000000p+10
674	0x1.05ff040000000p-5	0x1.79470a0000000p-1	0x1.515a960000000p-1	0x1.065bce0000000p-2	0x1.c2c6080000000p+10
675	0x1.2b59c60000000p-5	0x1.4d81160000000p+0	0x1.144c460000000p+0	0x1.654aa20000000p-1	0x1.c2c6080000000p+10
676	0x1.66d3940000000p-5	0x1.d3a9540000000p-1	0x1.92e3940000000p-1	0x1.71e9fe0000000p-2	0x1.c2c6080000000p+10
677	0x1.3f26260000000p-5	0x1.7ab0620000000p+0	0x1.3a17940000000p+0	0x1.8aff3a0000000p-1	0x1.c2c6080000000p+10
678	0x1.1a76380000000p-5	0x1.c21d6e0000000p-1	0x1.8dc64c0000000p-1	0x1.731d600000000p-2	0x1.c2c6080000000p+10
679	0x1.0860760000000p-5	0x1.d7c6760000000p-1	0x1.99e6080000000p-1	0x1.9797b20000000p-2	0x1.c2c6080000000p+10
680	0x1.65cbf00000000p-6	0x1.a803aa0000000p-1	0x1.78c15a0000000p-1	0x1.5482420000000p-2	0x1.c2c6080000000p+10
681	0x1.01fbac0000000p-4	0x1.c37c840000000p+1	0x1.894b0e0000000p+1	0x1.8c932a0000000p+0	0x1.c2c6080000000p+10
682	0x1.a551fa0000000p-6	0x1.b6673c0000000p+0	0x1.5067f60000000p+0	0x1.145ce60000000p+0	0x1.c2c6080000000p+10
683	0x1.1efb500000000p-6	0x1.bf00980000000p+0	0x1.75aa440000000p+0	0x1.dcf80e0000000p-1	0x1.c2c6080000000p+10
684	0x1.5a3e6c0000000p-5	0x1.ab43780000000p+0	0x1.6aea7c0000000p+0	0x1.b13a960000000p-1	0x1.c2c6080000000p+10
685	0x1.19cda40000000p-5	0x1.7befe00000000p+1	0x1.1b02160000000p+1	0x1.f7e7fc0000000p+0	0x1.c2c6080000000p+10
686	0x1.b3e0800000000p-6	0x1.0aaf8e0000000p+0	0x1.d2e6780000000p-1	0x1.d646060000000p-2	0x1.c2c6080000000p+10
687	0x1.a3dca60000000p-6	0x1.65b3d40000000p-1	0x1.3791c80000000p-1	0x1.2d0c140000000p-2	0x1.c2c6080000000p+10
688	0x1.87bd860000000p-6	0x1.76c1860000000p-1	0x1.3fe2d80000000p-1	0x1.2d81420000000p-2	0x1.c2c6080000000p+10
689	0x1.0d8c9c0000000p-6	0x1.2744a20000000p-1	0x1.06d9f00000000p-1	0x1.d9a5ea0000000p-3	0x1.c2c6080000000p+10
690	0x1.0659b00000000p-5	0x1.ad51380000000p-1	0x1.65831e0000000p-1	0x1.ad0ca40000000p-2	0x1.c2c6080000000p+10
691	0x1.03005e0000000p-5	0x1.7ea3900000000p+0	0x1.4be2f60000000p+0	0x1.6bb0940000000p-1	0x1.c2c6080000000p+10
692	0x1.3147e40000000p-5	0x1.e647d20000000p-1	0x1.b009da0000000p-1	0x1.918fa00000000p-2	0x1.c2c6080000000p+10
693	0x1.d380ea0000000p-6	0x1.2d9fac0000000p+0	0x1.024e4a0000000p+0	0x1.28418a0000000p-1	0x1.c2c6080000000p+10
694	0x1.7b5d4a0000000p-6	0x1.5379d60000000p-1	0x1.2588d40000000p-1	0x1.31a9bc0000000p-2	0x1.c2c6080000000p+10
695	0x1.21d5640000000p-5	0x1.1dd35c0000000p+0	0x1.e0f9ca0000000p-1	0x1.1f28e40000000p-1	0x1.c2c60a0000000p+10
696	0x1.7f363e0000000p-6	0x1.d5236a0000000p-1	0x1.99fcc20000000p-1	0x1.873f320000000p-2	0x1.c2c60a0000000p+10
697	0x1.ee00da0000000p-6	0x1.8422400000000p-1	0x1.3f6fc20000000p-1	0x1.81e95c0000000p-2	0x1.c2c60a0000000p+10
698	0x1.5149ea0000000p-6	0x1.df8d7a0000000p-1	0x1.99811a0000000p-1	0x1.c1814c0000000p-2	0x1.c2c60a0000000p+10
699	0x1.dfb7740000000p-6	0x1.7398900000000p+0	0x1.4336900000000p+0	0x1.5d68600000000p-1	0x1.c2c60a0000000p+10
700	0x1.5cbb7a0000000p-5	0x1.35b7ec0000000p+0	0x1.fea5e20000000p-1	0x1.1d36f00000000p-1	0x1.c2c60a0000000p+10
701	0x1.d5645a0000000p-6	0x1.0b50320000000p+1	0x1.9c63c40000000p+0	0x1.4cb8760000000p+0	0x1.c2c60a0000000p+10
702	0x1.944cf20000000p-6	0x1.12dad60000000p+0	0x1.ca478a0000000p-1	0x1.08eeca0000000p-1	0x1.c2c60a0000000p+10
703	0x1.3a32b80000000p-5	0x1.465f2c0000000p+1	0x1.f5b7a00000000p+0	0x1.9862460000000p+0	0x1.c2c60a0000000p+10
704	0x1.3d420a0000000p-6	0x1.11360c0000000p+0	0x1.bd9dea0000000p-1	0x1.26d6460000000p-1	0x1.c2c60a0000000p+10
705	0x1.e4fb200000000p-6	0x1.ce68e60000000p-1	0x1.7ce0b80000000p-1	0x1.d99c680000000p-2	0x1.c2c60a0000000p+10
706	0x1.a4de4e0000000p-5	0x1.ebbe660000000p+1	0x1.8211400000000p+1	0x1.29b6a00000000p+1	0x1.c2c60c0000000p+10
707	0x1.d4483a0000000p-6	0x1.2d08800000000p-1	0x1.076db40000000p-1	0x1.de159e0000000p-3	0x1.c2c60c0000000p+10
708	0x1.ad66ee0000000p-6	0x1.90a5de0000000p-1	0x1.41b6720000000p-1	0x1.a859740000000p-2	0x1.c2c60c0000000p+10
709	0x1.96b20e0000000p-6	0x1.5030b20000000p-1	0x1.15f6a20000000p-1	0x1.491aaa0000000p-2	0x1.c2c60c0000000p+10
710	0x1.08dd280000000p-5	0x1.e5e7740000000p-1	0x1.af3a480000000p-1	0x1.7a5cc00000000p-2	0x1.c2c60c0000000p+10
711	0x1.fa02ee0000000p-6	0x1.145a720000000p+0	0x1.db49440000000p-1	0x1.fe46f40000000p-2	0x1.c2c60c0000000p+10
712	0x1.00b98e0000000p-5	0x1.e6738e0000000p-1	0x1.9356d80000000p-1	0x1.ef90ca0000000p-2	0x1.c2c60c0000000p+10
713	0x1.ed1d260000000p-6	0x1.c5e5b80000000p+0	0x1.521bd80000000p+0	0x1.2b90a20000000p+0	0x1.c2c60c0000000p+10
714	0x1.bfecde0000000p-6	0x1.07d68a0000000p+0	0x1.c208480000000p-1	0x1.fb18ee0000000p-2	0x1.c2c60c0000000p+10
715	0x1.47dec60000000p-5	0x1.94dbec0000000p+0	0x1.64d8880000000p+0	0x1.69284e0000000p-1	0x1.c2c60c0000000p+10
716	0x1.d1d62e0000000p-7	0x1.0257040000000p+0	0x1.c80bf40000000p-1	0x1.c233420000000p-2	0x1.c2c60c0000000p+10
717	0x1.3929c00000000p-6	0x1.b333840000000p+0	0x1.7f65a00000000p+0	0x1.8f5f0e0000000p-1	0x1.c2c60c0000000p+10
718	0x1.1003ce0000000p-6	0x1.0550140000000p+1	0x1.c333d60000000p+0	0x1.0384ae0000000p+0	0x1.c2c60c0000000p+10
719	0x1.99a3540000000p-6	0x1.3b1ede0000000p+0	0x1.0cbf560000000p+0	0x1.36257e0000000p-1	0x1.c2c60c0000000p+10
720	0x1.01ccee0000000p-5	0x1.b475d40000000p+0	0x1.527d500000000p+0	0x1.0e62aa0000000p+0	0x1.c2c60c0000000p+10
721	0x1.370f7a0000000p-5	0x1.50070a0000000p+0	0x1.29b17c0000000p+0	0x1.09278e0000000p-1	0x1.c2c60c0000000p+10
722	0x1.0a3d420000000p-4	0x1.d4b5360000000p+0	0x1.a227540000000p+0	0x1.6e21440000000p-1	0x1.c2c60c0000000p+10
723	0x1.f53a0e0000000p-6	0x1.fb281e0000000p-1	0x1.bd56020000000p-1	0x1.b6957e0000000p-2	0x1.c2c60c0000000p+10
724	0x1.be85960000000p-5	0x1.5967120000000p+0	0x1.2c570a0000000p+0	0x1.2b6c4c0000000p-1	0x1.c2c60c0000000p+10
725	0x1.d679540000000p-6	0x1.580d7a0000000p+0	0x1.2185600000000p+0	0x1.5d796c0000000p-1	0x1.c2c60c0000000p+10
726	0x1.bcc7800000000p-6	0x1.880d9a0000000p-1	0x1.56b5580000000p-1	0x1.3074800000000p-2	0x1.c2c60c0000000p+10
727	0x1.089ce20000000p-5	0x1.3296c40000000p+0	0x1.08d6760000000p+0	0x1.2168920000000p-1	0x1.c2c60e0000000p+10
728	0x1.9cc9e60000000p-6	0x1.7052e20000000p-1	0x1.29858a0000000p-1	0x1.7535dc0000000p-2	0x1.c2c60e0000000p+10
729	0x1.0345a60000000p-5	0x1.9e0c620000000p-1	0x1.5b123c0000000p-1	0x1.68ccbe0000000p-2	0x1.c2c60e0000000p+10
730	0x1.15d7d60000000p-5	0x1.597b820000000p+0	0x1.307eea0000000p+0	0x1.322d880000000p-1	0x1.c2c60e0000000p+10
731	0x1.ffebaa0000000p-6	0x1.5db1100000000p+0	0x1.1ff0ca0000000p+0	0x1.18ef7a0000000p-1	0x1.c2c60e0000000p+10
732	0x1.995aba0000000p-6	0x1.8638680000000p-1	0x1.572c480000000p-1	0x1.47250a0000000p-2	0x1.c2c60e0000000p+10
733	0x1.fea6940000000p-6	0x1.8212660000000p-1	0x1.4fef980000000p-1	0x1.12dcf40000000p-2	0x1.c2c60e0000000p+10
734	0x1.1066800000000p-5	0x1.3370d20000000p+0	0x1.0927300000000p+0	0x1.0928b00000000p-1	0x1.c2c60e0000000p+10
735	0x1.e563840000000p-6	0x1.1e6c7e0000000p-1	0x1.faeee40000000p-2	0x1.9055f40000000p-3	0x1.c2c60e0000000p+10
736	0x1.67394e0000000p-7	0x1.1648d20000000p-1	0x1.de3bc60000000p-2	0x1.002a620000000p-2	0x1.c2c60e0000000p+10
737	0x1.6119ac0000000p-6	0x1.3263a80000000p-1	0x1.10eafc0000000p-1	0x1.bf25240000000p-3	0x1.c2c60e0000000p+10
738	0x1.aa84860000000p-6	0x1.561c0e0000000p+0	0x1.276fd80000000p+0	0x1.4ac4fa0000000p-1	0x1.c2c60c0000000p+10
739	0x1.7c48660000000p-5	0x1.d46dee0000000p-1	0x1.7dc9440000000p-1	0x1.d19c520000000p-2	0x1.c2c60c0000000p+10
740	0x1.4aee4e0000000p-5	0x1.fca4600000000p-1	0x1.bc5dc80000000p-1	0x1.9d01c00000000p-2	0x1.c2c60c0000000p+10
741	0x1.acfda60000000p-6	0x1.0dc8440000000p+0	0x1.d02c9a0000000p-1	0x1.e3718c0000000p-2	0x1.c2c60c0000000p+10
742	0x1.86eb860000000p-5	0x1.9190f00000000p-1	0x1.6152ac0000000p-1	0x1.3e55840000000p-2	0x1.c2c60c0000000p+10
743	0x1.2d0ee40000000p-5	0x1.c1b9620000000p-1	0x1.80b2580000000p-1	0x1.8d5a220000000p-2	0x1.c2c60c0000000p+10
744	0x1.eb1e1a0000000p-7	0x1.11e32e0000000p-1	0x1.d8e63e0000000p-2	0x1.b35e460000000p-3	0x1.c2c60e0000000p+10
745	0x1.bd8a460000000p-6	0x1.0fd4780000000p+0	0x1.e268bc0000000p-1	0x1.c847b60000000p-2	0x1.c2c6100000000p+10
746	0x1.0da7980000000p-5	0x1.170f540000000p+0	0x1.e1f05c0000000p-1	0x1.fd842a0000000p-2	0x1.c2c6100000000p+10
747	0x1.5c7aae0000000p-5	0x1.5618e00000000p+0	0x1.1da0d60000000p+0	0x1.6075fe0000000p-1	0x1.c2c60e0000000p+10
748	0x1.33d3360000000p-6	0x1.3e76e60000000p-1	0x1.197a880000000p-1	0x1.01bcee0000000p-2	0x1.c2c6100000000p+10
749	0x1.f80bda0000000p-6	0x1.5aab280000000p+0	0x1.31f8400000000p+0	0x1.225ef60000000p-1	0x1.c2c6100000000p+10
750	0x1.0c12ec0000000p-5	0x1.b8cec60000000p-1	0x1.828ecc0000000p-1	0x1.4731260000000p-2	0x1.c2c6100000000p+10
751	0x1.425e8e0000000p-6	0x1.0df74a0000000p+0	0x1.d2ec920000000p-1	0x1.ebf6fe0000000p-2	0x1.c2c6100000000p+10
752	0x1.b804060000000p-5	0x1.1ce5f20000000p+1	0x1.f3f9040000000p+0	0x1.b9b6b80000000p-1	0x1.c2c6100000000p+10
753	0x1.07f0a60000000p-5	0x1.db14460000000p-1	0x1.9e23aa0000000p-1	0x1.6ea3040000000p-2	0x1.c2c6100000000p+10
754	0x1.ad750e0000000p-5	0x1.43c8f60000000p+0	0x1.00851a0000000p+0	0x1.62d6a40000000p-1	0x1.c2c6100000000p+10
755	0x1.606d8a0000000p-5	0x1.7af4140000000p+0	0x1.4609320000000p+0	0x1.460e300000000p-1	0x1.c2c6100000000p+10
756	0x1.6564c60000000p-6	0x1.f593680000000p-1	0x1.ba64740000000p-1	0x1.92f4ba0000000p-2	0x1.c2c6120000000p+10
757	0x1.06ba860000000p-5	0x1.d8d4600000000p-1	0x1.8077a40000000p-1	0x1.f8f8540000000p-2	0x1.c2c6120000000p+10
758	0x1.c3e2c60000000p-6	0x1.a4f4b40000000p-1	0x1.6416f20000000p-1	0x1.7a8b540000000p-2	0x1.c2c6120000000p+10
759	0x1.db50ee0000000p-6	0x1.f34b7e0000000p-1	0x1.a45c380000000p-1	0x1.dc38180000000p-2	0x1.c2c6120000000p+10
760	0x1.38d7780000000p-5	0x1.31aae00000000p+0	0x1.0f65f00000000p+0	0x1.eedfc40000000p-2	0x1.c2c6120000000p+10
761	0x1.2853340000000p-5	0x1.7938d80000000p+0	0x1.486da00000000p+0	0x1.51fa2e0000000p-1	0x1.c2c6120000000p+10
762	0x1.5d4c260000000p-5	0x1.a1727c0000000p+0	0x1.5fe2f60000000p+0	0x1.a5ffb20000000p-1	0x1.c2c6120000000p+10
763	0x1.a38f160000000p-6	0x1.d9cc360000000p-1	0x1.a86b020000000p-1	0x1.7ae58a0000000p-2	0x1.c2c6120000000p+10
764	0x1.24a8700000000p-5	0x1.766aac0000000p+0	0x1.3a80620000000p+0	0x1.7ab5a20000000p-1	0x1.c2c6120000000p+10
765	0x1.50d3780000000p-5	0x1.3f83040000000p+0	0x1.0e742c0000000p+0	0x1.3613c60000000p-1	0x1.c2c6120000000p+10
766	0x1.5bdba60000000p-6	0x1.72460c0000000p-1	0x1.3ceabc0000000p-1	0x1.5783a60000000p-2	0x1.c2c6120000000p+10
767	0x1.73debe0000000p-6	0x1.211f880000000p-1	0x1.00d3e60000000p-1	0x1.95bfb40000000p-3	0x1.c2c6120000000p+10
768	0x1.b0f8f60000000p-6	0x1.ab1ffe0000000p-1	0x1.6d26240000000p-1	0x1.8c0cf00000000p-2	0x1.c2c6120000000p+10
769	0x1.360fea0000000p-5	0x1.65e5520000000p+0	0x1.3435b20000000p+0	0x1.2a66e00000000p-1	0x1.c2c6140000000p+10
770	0x1.f657700000000p-7	0x1.72fe920000000p-1	0x1.2bfaa40000000p-1	0x1.8004940000000p-2	0x1.c2c6140000000p+10
771	0x1.0cf60a0000000p-5	0x1.63084e0000000p+0	0x1.360bd00000000p+0	0x1.497c8c0000000p-1	0x1.c2c6140000000p+10
772	0x1.4e70ac0000000p-5	0x1.2c9b000000000p+0	0x1.07c9800000000p+0	0x1.06fef60000000p-1	0x1.c2c6140000000p+10
773	0x1.9a57200000000p-6	0x1.8b08f60000000p-1	0x1.5f01d60000000p-1	0x1.266b440000000p-2	0x1.c2c6140000000p+10
774	0x1.b246260000000p-6	0x1.e57d660000000p-1	0x1.a1f4ae0000000p-1	0x1.da603e0000000p-2	0x1.c2c6140000000p+10
775	0x1.3a65400000000p-5	0x1.52cab60000000p+0	0x1.2f247c0000000p+0	0x1.229d900000000p-1	0x1.c2c6140000000p+10
776	0x1.f37aa60000000p-6	0x1.c5c0fa0000000p-1	0x1.8e00f80000000p-1	0x1.7beb980000000p-2	0x1.c2c6140000000p+10
777	0x1.99d9660000000p-6	0x1.700dac0000000p-1	0x1.3b5d960000000p-1	0x1.3e67d60000000p-2	0x1.c2c6140000000p+10
778	0x1.7ad66e0000000p-6	0x1.6855da0000000p-1	0x1.3f31040000000p-1	0x1.07bd680000000p-2	0x1.c2c6140000000p+10
779	0x1.9337760000000p-6	0x1.57a9320000000p+0	0x1.0e93980000000p+0	0x1.9a69c60000000p-1	0x1.c2c6140000000p+10
780	0x1.0699340000000p-6	0x1.7e00ba0000000p-1	0x1.5df1c60000000p-1	0x1.147efc0000000p-2	0x1.c2c6140000000p+10
781	0x1.e57db40000000p-6	0x1.cf52f40000000p-1	0x1.8f19d60000000p-1	0x1.9b67ac0000000p-2	0x1.c2c6140000000p+10
782	0x1.c2207a0000000p-7	0x1.ce32ea0000000p-2	0x1.9627e60000000p-2	0x1.743b020000000p-3	0x1.c2c6140000000p+10
783	0x1.92f2380000000p-5	0x1.985b000000000p+0	0x1.4717ae0000000p+0	0x1.df86a00000000p-1	0x1.c2c6140000000p+10
784	0x1.d998d00000000p-7	0x1.2f17d80000000p-1	0x1.078bc80000000p-1	0x1.e955a40000000p-3	0x1.c2c6140000000p+10
785	0x1.f48c740000000p-6	0x1.5ee0e80000000p+2	0x1.1118560000000p+2	0x1.b80b8a0000000p+1	0x1.c2c6140000000p+10
786	0x1.34bafc0000000p-5	0x1.7956a40000000p+0	0x1.4bbcda0000000p+0	0x1.525f720000000p-1	0x1.c2c6140000000p+10
787	0x1.68e56e0000000p-5	0x1.04fdb40000000p+1	0x1.a538880000000p+0	0x1.2c98720000000p+0	0x1.c2c6140000000p+10
788	0x1.3bbdd00000000p-5	0x1.9de5da0000000p+2	0x1.4237a40000000p+2	0x1.0359880000000p+2	0x1.c2c6160000000p+10
789	0x1.32547e0000000p-5	0x1.6baa1c0000000p+2	0x1.1ad2800000000p+2	0x1.c87ffa0000000p+1	0x1.c2c6160000000p+10
790	0x1.98892e0000000p-6	0x1.9571ea0000000p-1	0x1.57eca00000000p-1	0x1.6c75c40000000p-2	0x1.c2c6160000000p+10
791	0x1.43269a0000000p-5	0x1.8eb87e0000000p+0	0x1.4671ee0000000p+0	0x1.bb9cc60000000p-1	0x1.c2c6160000000p+10
792	0x1.3e4ab60000000p-6	0x1.bf2c440000000p-1	0x1.8295a80000000p-1	0x1.9471180000000p-2	0x1.c2c6160000000p+10
793	0x1.4de1e80000000p-6	0x1.40417e0000000p-1	0x1.0627f40000000p-1	0x1.49a5220000000p-2	0x1.c2c6160000000p+10
794	0x1.3d3aba0000000p-6	0x1.0eb69a0000000p+0	0x1.c7cd560000000p-1	0x1.0f6e980000000p-1	0x1.c2c6160000000p+10
795	0x1.c9a17a0000000p-6	0x1.0d904a0000000p+0	0x1.a9bf1a0000000p-1	0x1.2f89b20000000p-1	0x1.c2c6160000000p+10
796	0x1.7248980000000p-6	0x1.3bedba0000000p+0	0x1.1706f00000000p+0	0x1.ef8bc80000000p-2	0x1.c2c6160000000p+10
797	0x1.de8f1a0000000p-5	0x1.efc9300000000p+5	0x1.673f5c0000000p+5	0x1.55953a0000000p+5	0x1.c2c6160000000p+10
798	0x1.847aa00000000p-6	0x1.95b9200000000p-1	0x1.40f9040000000p-1	0x1.55d7580000000p-2	0x1.c2c6160000000p+10
799	0x1.0483ea0000000p-5	0x1.2ed4d00000000p+1	0x1.f868a20000000p+0	0x1.4bd8e00000000p+0	0x1.c2c6160000000p+10
800	0x1.d315160000000p-6	0x1.1ae0ce0000000p+0	0x1.eb52680000000p-1	0x1.0231dc0000000p-1	0x1.c2c6160000000p+10
801	0x1.aa4f260000000p-6	0x1.1a28c40000000p+0	0x1.e6e8c60000000p-1	0x1.015de00000000p-1	0x1.c2c6160000000p+10
802	0x1.e6988e0000000p-7	0x1.0337c80000000p+0	0x1.c9532e0000000p-1	0x1.b92c4a0000000p-2	0x1.c2c6160000000p+10
803	0x1.8bb97c0000000p-5	0x1.a3c0ee0000000p+0	0x1.5b71c00000000p+0	0x1.b325de0000000p-1	0x1.c2c6160000000p+10
804	0x1.504be40000000p-6	0x1.9c06440000000p-1	0x1.60a7140000000p-1	0x1.810fa20000000p-2	0x1.c2c6160000000p+10
805	0x1.8dc3040000000p-6	0x1.6c576e0000000p-1	0x1.29b05e0000000p-1	0x1.7a97f60000000p-2	0x1.c2c6160000000p+10
806	0x1.de82fa0000000p-6	0x1.7730f60000000p+0	0x1.593efe0000000p+0	0x1.abf0d00000000p-2	0x1.c2c6160000000p+10
807	0x1.0c03cc0000000p-5	0x1.0851200000000p+1	0x1.cb67480000000p+0	0x1.f0857a0000000p-1	0x1.c2c6160000000p+10
808	0x1.72cd600000000p-6	0x1.5158c40000000p-1	0x1.1fecb20000000p-1	0x1.cae7300000000p-3	0x1.c2c6160000000p+10
809	0x1.97814e0000000p-6	0x1.7104ce0000000p+0	0x1.474d1a0000000p+0	0x1.4590ea0000000p-1	0x1.c2c6160000000p+10
810	0x1.53ce940000000p-6	0x1.96b3680000000p-1	0x1.641c480000000p-1	0x1.3e89480000000p-2	0x1.c2c6160000000p+10
811	0x1.17311e0000000p-5	0x1.ad9ca80000000p-1	0x1.5862ca0000000p-1	0x1.e270680000000p-2	0x1.c2c6160000000p+10
812	0x1.a5c17e0000000p-6	0x1.3331320000000p+0	0x1.07a5b80000000p+0	0x1.30bb420000000p-1	0x1.c2c6160000000p+10
813	0x1.7be9060000000p-6	0x1.71b60a0000000p-1	0x1.4332f00000000p-1	0x1.2ce20a0000000p-2	0x1.c2c6160000000p+10
814	0x1.551b9a0000000p-5	0x1.dff20a0000000p+0	0x1.a5201e0000000p+0	0x1.b496e20000000p-1	0x1.c2c6180000000p+10
815	0x1.fee70e0000000p-6	0x1.60d3680000000p+0	0x1.3755b20000000p+0	0x1.1dcd060000000p-1	0x1.c2c6180000000p+10
816	0x1.5590160000000p-6	0x1.6ef3320000000p-1	0x1.2f071e0000000p-1	0x1.4776a00000000p-2	0x1.c2c6180000000p+10
817	0x1.73818a0000000p-6	0x1.439a840000000p+0	0x1.22b4b40000000p+0	0x1.f48d600000000p-2	0x1.c2c6180000000p+10
818	0x1.54fe060000000p-5	0x1.27dd120000000p+0	0x1.0098ac0000000p+0	0x1.0b9e1e0000000p-1	0x1.c2c61a0000000p+10
819	0x1.09531c0000000p-6	0x1.2a857c0000000p-1	0x1.0209d60000000p-1	0x1.fe02000000000p-3	0x1.c2c6160000000p+10
820	0x1.21678e0000000p-5	0x1.dc3f740000000p-1	0x1.ad4de60000000p-1	0x1.5600c60000000p-2	0x1.c2c6180000000p+10
821	0x1.d1476a0000000p-6	0x1.8af9cc0000000p-1	0x1.55bb1e0000000p-1	0x1.4ab7c80000000p-2	0x1.c2c6180000000p+10
822	0x1.0e64500000000p-5	0x1.694d800000000p+0	0x1.268fb40000000p+0	0x1.9447e00000000p-1	0x1.c2c61a0000000p+10
823	0x1.16ce360000000p-4	0x1.9500ec0000000p+2	0x1.47a4aa0000000p+2	0x1.d9377c0000000p+1	0x1.c2c61a0000000p+10
824	0x1.ccd7140000000p-6	0x1.d9ae300000000p+0	0x1.a3eb080000000p+0	0x1.8e780e0000000p-1	0x1.c2c6180000000p+10
825	0x1.a6cae00000000p-6	0x1.31b94e0000000p+0	0x1.f521220000000p-1	0x1.4b252e0000000p-1	0x1.c2c6180000000p+10
826	0x1.8bc2f20000000p-5	0x1.46e9e80000000p+1	0x1.0c53fc0000000p+1	0x1.6720d80000000p+0	0x1.c2c6180000000p+10
827	0x1.db2c5a0000000p-7	0x1.f193be0000000p-1	0x1.9dc54e0000000p-1	0x1.04bbe40000000p-1	0x1.c2c61a0000000p+10
828	0x1.10719a0000000p-5	0x1.0043b80000000p+0	0x1.a533c40000000p-1	0x1.0b54c80000000p-1	0x1.c2c61a0000000p+10
829	0x1.5b4b0e0000000p-6	0x1.18823e0000000p+0	0x1.e4c2f60000000p-1	0x1.04d4460000000p-1	0x1.c2c61a0000000p+10
830	0x1.4e71560000000p-5	0x1.049de80000000p+0	0x1.c41fc60000000p-1	0x1.eb00de0000000p-2	0x1.c2c61a0000000p+10
831	0x1.24baf00000000p-5	0x1.fb55f20000000p+0	0x1.c083d60000000p+0	0x1.a3439e0000000p-1	0x1.c2c61a0000000p+10
832	0x1.f732d40000000p-6	0x1.b69f180000000p-1	0x1.8400d60000000p-1	0x1.32d6860000000p-2	0x1.c2c61a0000000p+10
833	0x1.36d5d00000000p-5	0x1.cb086c0000000p-1	0x1.7b6b6a0000000p-1	0x1.bc6c3a0000000p-2	0x1.c2c61a0000000p+10
834	0x1.baa4000000000p-6	0x1.a8155a0000000p-1	0x1.63a8320000000p-1	0x1.889f080000000p-2	0x1.c2c61a0000000p+10
835	0x1.8b67220000000p-5	0x1.ef56a40000000p-1	0x1.bcc60e0000000p-1	0x1.6378bc0000000p-2	0x1.c2c61a0000000p+10
836	0x1.1b9e1e0000000p-5	0x1.3035540000000p+0	0x1.1064380000000p+0	0x1.01e5d00000000p-1	0x1.c2c61a0000000p+10
837	0x1.df40500000000p-6	0x1.6a9af80000000p+1	0x1.2cbf920000000p+1	0x1.8d53ee0000000p+0	0x1.c2c61a0000000p+10
838	0x1.5021f80000000p-6	0x1.ec1a020000000p-1	0x1.b4c3380000000p-1	0x1.97f2840000000p-2	0x1.c2c61a0000000p+10
839	0x1.06b3e80000000p-6	0x1.6cdf900000000p-1	0x1.39f09a0000000p-1	0x1.2e6c400000000p-2	0x1.c2c61a0000000p+10
840	0x1.0bd0a60000000p-5	0x1.d827a80000000p-1	0x1.9276de0000000p-1	0x1.9483fe0000000p-2	0x1.c2c61a0000000p+10
841	0x1.8a22820000000p-5	0x1.3f68080000000p+0	0x1.0e7dc00000000p+0	0x1.172c500000000p-1	0x1.c2c61a0000000p+10
842	0x1.e9ae9a0000000p-6	0x1.70c6400000000p+0	0x1.456ef40000000p+0	0x1.41e3cc0000000p-1	0x1.c2c61a0000000p+10
843	0x1.16db940000000p-5	0x1.b6a8080000000p+0	0x1.87d1b00000000p+0	0x1.7426a20000000p-1	0x1.c2c61a0000000p+10
844	0x1.bb33d60000000p-5	0x1.31ada40000000p+0	0x1.08fa900000000p+0	0x1.0537b00000000p-1	0x1.c2c61a0000000p+10
845	0x1.4065b00000000p-5	0x1.0076ba0000000p+0	0x1.b87cd60000000p-1	0x1.ea3f1a0000000p-2	0x1.c2c61a0000000p+10
846	0x1.870ab40000000p-6	0x1.4d7d9e0000000p-1	0x1.194c080000000p-1	0x1.28cd4c0000000p-2	0x1.c2c61a0000000p+10
847	0x1.05d9980000000p-5	0x1.248c400000000p+0	0x1.0382700000000p+0	0x1.e9f5be0000000p-2	0x1.c2c61a0000000p+10
848	0x1.c904340000000p-6	0x1.a65cf00000000p-1	0x1.72a4b00000000p-1	0x1.59a4440000000p-2	0x1.c2c61a0000000p+10
849	0x1.8e635a0000000p-6	0x1.2970900000000p+0	0x1.ef1d8a0000000p-1	0x1.2da3a60000000p-1	0x1.c2c61c0000000p+10
850	0x1.e703e00000000p-6	0x1.e81cee0000000p-1	0x1.99d9d20000000p-1	0x1.cc09da0000000p-2	0x1.c2c61c0000000p+10
851	0x1.b2bdba0000000p-6	0x1.8b545a0000000p-1	0x1.6094140000000p-1	0x1.322ccc0000000p-2	0x1.c2c61c0000000p+10
852	0x1.77c2300000000p-5	0x1.f1ac880000000p+0	0x1.c3e6560000000p+0	0x1.1ea1c40000000p-1	0x1.c2c61c0000000p+10
853	0x1.95533c0000000p-6	0x1.1725aa0000000p+0	0x1.df1b980000000p-1	0x1.105f5e0000000p-1	0x1.c2c61c0000000p+10
854	0x1.b3283a0000000p-5	0x1.9870ba0000000p+0	0x1.64cc420000000p+0	0x1.6a05bc0000000p-1	0x1.c2c61a0000000p+10
855	0x1.4b13700000000p-5	0x1.1c7bd20000000p+0	0x1.010e4e0000000p+0	0x1.85afb60000000p-2	0x1.c2c61a0000000p+10
856	0x1.0b1d200000000p-5	0x1.4f31da0000000p+0	0x1.1ee71c0000000p+0	0x1.49e0940000000p-1	0x1.c2c61a0000000p+10
857	0x1.daf3200000000p-6	0x1.a043ba0000000p-1	0x1.6b75c60000000p-1	0x1.54c9aa0000000p-2	0x1.c2c61c0000000p+10
858	0x1.207bf00000000p-5	0x1.ecc3d40000000p-1	0x1.b30e760000000p-1	0x1.510a5e0000000p-2	0x1.c2c61c0000000p+10
859	0x1.c8a37a0000000p-6	0x1.09ab7c0000000p+0	0x1.c6b5080000000p-1	0x1.ea08ca0000000p-2	0x1.c2c61c0000000p+10
860	0x1.7bd45e0000000p-5	0x1.d0a9180000000p-1	0x1.8d92360000000p-1	0x1.a2d6c20000000p-2	0x1.c2c61c0000000p+10
861	0x1.244c860000000p-5	0x1.6a70c80000000p+0	0x1.3e72320000000p+0	0x1.1788820000000p-1	0x1.c2c61a0000000p+10
862	0x1.2cb5540000000p-5	0x1.a964e60000000p+0	0x1.74332c0000000p+0	0x1.8abda40000000p-1	0x1.c2c61c0000000p+10
863	0x1.5e1a600000000p-6	0x1.cd8a2c0000000p-1	0x1.5e48dc0000000p-1	0x1.21a0c20000000p-1	0x1.c2c61c0000000p+10
864	0x1.db0cf60000000p-6	0x1.b2f9280000000p-1	0x1.84ee6a0000000p-1	0x1.4d47f40000000p-2	0x1.c2c61c0000000p+10
865	0x1.142fc60000000p-5	0x1.85018a0000000p+0	0x1.5c22a40000000p+0	0x1.236e160000000p-1	0x1.c2c61c0000000p+10
866	0x1.d26faa0000000p-6	0x1.0f65240000000p+0	0x1.cfeda00000000p-1	0x1.0fa4b60000000p-1	0x1.c2c61c0000000p+10
867	0x1.310df60000000p-5	0x1.b4aa900000000p-1	0x1.7e63f00000000p-1	0x1.2d94640000000p-2	0x1.c2c61c0000000p+10
868	0x1.3f7e260000000p-5	0x1.61dc480000000p+0	0x1.2c71ec0000000p+0	0x1.1a80e00000000p-1	0x1.c2c61c0000000p+10
869	0x1.5783b00000000p-5	0x1.4891d40000000p+0	0x1.2227ba0000000p+0	0x1.1862600000000p-1	0x1.c2c61c0000000p+10
870	0x1.0768c20000000p-5	0x1.8baba60000000p-1	0x1.41a4200000000p-1	0x1.8f4ca00000000p-2	0x1.c2c61c0000000p+10
871	0x1.01c2dc0000000p-6	0x1.eccf080000000p-2	0x1.b1c2d20000000p-2	0x1.4539ae0000000p-3	0x1.c2c61c0000000p+10
872	0x1.b3759a0000000p-6	0x1.43df400000000p-1	0x1.26d9b80000000p-1	0x1.c290000000000p-3	0x1.c2c61e0000000p+10
873	0x1.0625be0000000p-5	0x1.b294f60000000p-1	0x1.871ea20000000p-1	0x1.18f35e0000000p-2	0x1.c2c61e0000000p+10
874	0x1.8154160000000p-6	0x1.d533d80000000p-1	0x1.976e2a0000000p-1	0x1.a594960000000p-2	0x1.c2c61e0000000p+10
875	0x1.0daa520000000p-5	0x1.3da5ce0000000p+0	0x1.1420d20000000p+0	0x1.1c64dc0000000p-1	0x1.c2c61e0000000p+10
876	0x1.1c46d40000000p-6	0x1.148d4a0000000p+0	0x1.f352100000000p-1	0x1.8fcae40000000p-2	0x1.c2c61e0000000p+10
877	0x1.972fc40000000p-5	0x1.a1335a0000000p+0	0x1.7a51f20000000p+0	0x1.3535dc0000000p-1	0x1.c2c61e0000000p+10
878	0x1.edd6060000000p-7	0x1.e728ba0000000p-2	0x1.9754660000000p-2	0x1.9ee7a60000000p-3	0x1.c2c61e0000000p+10
879	0x1.c867f00000000p-6	0x1.d28aee0000000p-1	0x1.9d11380000000p-1	0x1.710c3a0000000p-2	0x1.c2c61e0000000p+10
880	0x1.622b440000000p-6	0x1.fd57980000000p-1	0x1.b996360000000p-1	0x1.726e6e0000000p-2	0x1.c2c61e0000000p+10
881	0x1.0cbdea0000000p-5	0x1.d4f8c20000000p-1	0x1.a308ca0000000p-1	0x1.61352c0000000p-2	0x1.c2c61e0000000p+10
882	0x1.67570a0000000p-5	0x1.bc76920000000p+0	0x1.7abb9a0000000p+0	0x1.bbc59e0000000p-1	0x1.c2c61e0000000p+10
883	0x1.645f4e0000000p-6	0x1.b5c9dc0000000p-1	0x1.791f980000000p-1	0x1.888a500000000p-2	0x1.c2c6200000000p+10
884	0x1.31245e0000000p-5	0x1.9aec6a0000000p-1	0x1.76ea1c0000000p-1	0x1.212eb00000000p-2	0x1.c2c6200000000p+10
885	0x1.e06aa00000000p-6	0x1.f45eae0000000p-1	0x1.b673aa0000000p-1	0x1.bad7a80000000p-2	0x1.c2c6200000000p+10
886	0x1.d3ce460000000p-6	0x1.1f9e2c0000000p-1	0x1.f149120000000p-2	0x1.d28e7c0000000p-3	0x1.c2c6200000000p+10
887	0x1.18288c0000000p-6	0x1.9c33f60000000p-1	0x1.631bd80000000p-1	0x1.8279ae0000000p-2	0x1.c2c6200000000p+10
888	0x1.7222060000000p-5	0x1.6f8c740000000p+1	0x1.3b28320000000p+1	0x1.7360fe0000000p+0	0x1.c2c61e0000000p+10
889	0x1.7291760000000p-5	0x1.9d05880000000p+0	0x1.4c491c0000000p+0	0x1.d295f80000000p-1	0x1.c2c61e0000000p+10
890	0x1.828b960000000p-8	0x1.061c500000000p-2	0x1.c09cfc0000000p-3	0x1.a7f8720000000p-4	0x1.c2c61e0000000p+10
891	0x1.0ed97e0000000p-5	0x1.ea1b7e0000000p-1	0x1.97e60c0000000p-1	0x1.cbe4f20000000p-2	0x1.c2c6220000000p+10
892	0x1.02964c0000000p-5	0x1.ee95b60000000p-1	0x1.b5dd080000000p-1	0x1.ad6e4c0000000p-2	0x1.c2c6220000000p+10
893	0x1.6a2e200000000p-5	0x1.0f2f640000000p+0	0x1.e37c460000000p-1	0x1.a6fbfe0000000p-2	0x1.c2c6200000000p+10
894	0x1.2e94940000000p-5	0x1.eb5ae40000000p-1	0x1.912bb80000000p-1	0x1.e86f900000000p-2	0x1.c2c6220000000p+10
895	0x1.30e4f00000000p-6	0x1.0ed1180000000p-1	0x1.c8a2fc0000000p-2	0x1.b66c5e0000000p-3	0x1.c2c6200000000p+10
896	0x1.6a2e1c0000000p-5	0x1.c0f8f40000000p+0	0x1.64d6080000000p+0	0x1.ed80ca0000000p-1	0x1.c2c6200000000p+10
897	0x1.69da900000000p-6	0x1.2482940000000p-1	0x1.057e280000000p-1	0x1.9a8df80000000p-3	0x1.c2c6200000000p+10
898	0x1.61bc920000000p-6	0x1.42da6c0000000p-1	0x1.1a2d4c0000000p-1	0x1.10b9140000000p-2	0x1.c2c6200000000p+10
899	0x1.92d74c0000000p-5	0x1.da9bce0000000p-1	0x1.9d506a0000000p-1	0x1.4d898c0000000p-2	0x1.c2c6200000000p+10
900	0x1.44edbe0000000p-5	0x1.946b360000000p+0	0x1.3c8bc40000000p+0	0x1.ea60040000000p-1	0x1.c2c6200000000p+10
901	0x1.5d0afe0000000p-5	0x1.4080a60000000p+0	0x1.ee82500000000p-1	0x1.75e9680000000p-1	0x1.c2c6220000000p+10
902	0x1.3e5f8e0000000p-6	0x1.8959720000000p-1	0x1.5d45340000000p-1	0x1.45f8ce0000000p-2	0x1.c2c6220000000p+10
903	0x1.d467e40000000p-6	0x1.1cc8fe0000000p+0	0x1.feedc60000000p-1	0x1.8a2b400000000p-2	0x1.c2c6220000000p+10
904	0x1.43d8780000000p-7	0x1.5beafa0000000p-2	0x1.266c400000000p-2	0x1.0392660000000p-3	0x1.c2c6220000000p+10
905	0x1.0139560000000p-4	0x1.bd5caa0000000p+0	0x1.898ebe0000000p+0	0x1.87a1900000000p-1	0x1.c2c6220000000p+10
906	0x1.6df6680000000p-5	0x1.8a88b40000000p-1	0x1.5a9a9a0000000p-1	0x1.f926ca0000000p-3	0x1.c2c6240000000p+10
907	0x1.aff9000000000p-6	0x1.33d33c0000000p-1	0x1.f3b51c0000000p-2	0x1.3842da0000000p-2	0x1.c2c6240000000p+10
908	0x1.c4b8940000000p-6	0x1.1723860000000p+0	0x1.f0f8ea0000000p-1	0x1.89ff820000000p-2	0x1.c2c6240000000p+10
909	0x1.65a9ba0000000p-5	0x1.04de7a0000000p+1	0x1.8c4e2a0000000p+0	0x1.4bd1400000000p+0	0x1.c2c6240000000p+10
910	0x1.0d69c60000000p-5	0x1.0c06680000000p+4	0x1.9257260000000p+3	0x1.61ff6e0000000p+3	0x1.c2c6240000000p+10
911	0x1.6d94da0000000p-6	0x1.2d16740000000p-1	0x1.0499f40000000p-1	0x1.b7b07e0000000p-3	0x1.c2c6240000000p+10
912	0x1.f8600a0000000p-6	0x1.b170f40000000p-1	0x1.7deebe0000000p-1	0x1.5e08520000000p-2	0x1.c2c6240000000p+10
913	0x1.4e062e0000000p-6	0x1.42e1640000000p-1	0x1.1884aa0000000p-1	0x1.ef641a0000000p-3	0x1.c2c6240000000p+10
914	0x1.00857a0000000p-6	0x1.5d2ec00000000p-1	0x1.3011fc0000000p-1	0x1.3a2ec80000000p-2	0x1.c2c6240000000p+10
915	0x1.a7a36a0000000p-6	0x1.386d080000000p-1	0x1.02579c0000000p-1	0x1.351b3a0000000p-2	0x1.c2c6240000000p+10
916	0x1.9b3eaa0000000p-6	0x1.665c280000000p-1	0x1.3a37f00000000p-1	0x1.ce051c0000000p-3	0x1.c2c6240000000p+10
917	0x1.b6a76e0000000p-6	0x1.6efbc20000000p-1	0x1.3a72380000000p-1	0x1.2eda2e0000000p-2	0x1.c2c6240000000p+10
918	0x1.28effe0000000p-5	0x1.44f1680000000p+0	0x1.2495160000000p+0	0x1.d58bfc0000000p-2	0x1.c2c6240000000p+10
919	0x1.4bb40a0000000p-5	0x1.78628c0000000p+0	0x1.4dbb880000000p+0	0x1.381d600000000p-1	0x1.c2c6240000000p+10
920	0x1.cb64a40000000p-6	0x1.0b95520000000p+0	0x1.d383860000000p-1	0x1.9e3cbc0000000p-2	0x1.c2c6240000000p+10
921	0x1.6078ee0000000p-6	0x1.724ae60000000p-1	0x1.3a04aa0000000p-1	0x1.5ed8360000000p-2	0x1.c2c6260000000p+10
922	0x1.a412000000000p-7	0x1.211cc20000000p-1	0x1.fcb5f20000000p-2	0x1.cbe6660000000p-3	0x1.c2c6260000000p+10
923	0x1.fc963a0000000p-6	0x1.6483a40000000p+0	0x1.3e126a0000000p+0	0x1.3327d60000000p-1	0x1.c2c6260000000p+10
924	0x1.b9d5360000000p-6	0x1.af86ee0000000p-2	0x1.73b90c0000000p-2	0x1.1501800000000p-3	0x1.c2c6260000000p+10
925	0x1.2150e40000000p-5	0x1.9d08fc0000000p-1	0x1.67d7560000000p-1	0x1.7005d20000000p-2	0x1.c2c6280000000p+10
926	0x1.3180200000000p-5	0x1.04fa0a0000000p+0	0x1.c8fb4c0000000p-1	0x1.c8ae860000000p-2	0x1.c2c6260000000p+10
927	0x1.c7b2ae0000000p-7	0x1.d3cdc20000000p-2	0x1.962a660000000p-2	0x1.7839940000000p-3	0x1.c2c6260000000p+10
928	0x1.b072d60000000p-6	0x1.cd5b420000000p-2	0x1.8f517e0000000p-2	0x1.2ad2d80000000p-3	0x1.c2c6260000000p+10
929	0x1.20cf860000000p-6	0x1.236f800000000p-1	0x1.ee2c740000000p-2	0x1.fe0f0a0000000p-3	0x1.c2c6260000000p+10
930	0x1.8096ca0000000p-5	0x1.0af4000000000p+0	0x1.cc0c520000000p-1	0x1.7f93e20000000p-2	0x1.c2c6260000000p+10
931	0x1.d6497e0000000p-6	0x1.cfaaa80000000p-1	0x1.9dffb60000000p-1	0x1.25a9280000000p-2	0x1.c2c6260000000p+10
932	0x1.1490d60000000p-5	0x1.0de9280000000p+0	0x1.d654e60000000p-1	0x1.9396900000000p-2	0x1.c2c6260000000p+10
933	0x1.3b4fd20000000p-5	0x1.4d040c0000000p-1	0x1.22886c0000000p-1	0x1.d605d20000000p-3	0x1.c2c6260000000p+10
934	0x1.105eae0000000p-6	0x1.e0fc320000000p-2	0x1.9bb25e0000000p-2	0x1.71173e0000000p-3	0x1.c2c6260000000p+10
935	0x1.4a42de0000000p-5	0x1.3c7c8a0000000p+0	0x1.18f0920000000p+0	0x1.01b9120000000p-1	0x1.c2c6260000000p+10
936	0x1.970c360000000p-6	0x1.164e1a0000000p-1	0x1.e345960000000p-2	0x1.6945c80000000p-3	0x1.c2c6260000000p+10
937	0x1.bdff200000000p-7	0x1.e047420000000p-2	0x1.a254a80000000p-2	0x1.8f35b60000000p-3	0x1.c2c6260000000p+10
938	0x1.58de5a0000000p-6	0x1.0bff180000000p-1	0x1.cbf84a0000000p-2	0x1.a36c120000000p-3	0x1.c2c6260000000p+10
939	0x1.af40740000000p-5	0x1.048bae0000000p+0	0x1.ba89720000000p-1	0x1.a3788a0000000p-2	0x1.c2c6260000000p+10
940	0x1.02762a0000000p-6	0x1.3c3a220000000p-1	0x1.16322c0000000p-1	0x1.0c46200000000p-2	0x1.c2c62a0000000p+10
941	0x1.a57d600000000p-6	0x1.9a61200000000p-1	0x1.63cc740000000p-1	0x1.5a700e0000000p-2	0x1.c2c62a0000000p+10
942	0x1.c9596e0000000p-6	0x1.dc1aba0000000p-1	0x1.9053300000000p-1	0x1.c31bc60000000p-2	0x1.c2c62a0000000p+10
943	0x1.e846900000000p-7	0x1.bb3aaa0000000p-2	0x1.82d0ae0000000p-2	0x1.2757ea0000000p-3	0x1.c2c62a0000000p+10
944	0x1.7c29a40000000p-6	0x1.f418f60000000p-2	0x1.a62ef00000000p-2	0x1.58ab540000000p-3	0x1.c2c62a0000000p+10
945	0x1.3865460000000p-6	0x1.a66cc00000000p-2	0x1.5e15180000000p-2	0x1.2952460000000p-3	0x1.c2c62a0000000p+10
946	0x1.8b8d600000000p-5	0x1.8df19e0000000p+0	0x1.50dfb00000000p+0	0x1.22dbce0000000p-1	0x1.c2c62a0000000p+10
947	0x1.669d940000000p-5	0x1.92ad2e0000000p-1	0x1.5c631c0000000p-1	0x1.2f92ca0000000p-2	0x1.c2c62a0000000p+10
948	0x1.bd0d700000000p-6	0x1.42bd660000000p-1	0x1.1b77b00000000p-1	0x1.9ba18c0000000p-3	0x1.c2c62a0000000p+10
949	0x1.58b2ee0000000p-6	0x1.c0e9cc0000000p-1	0x1.9edd100000000p-1	0x1.fe660a0000000p-3	0x1.c2c62a0000000p+10
950	0x1.aaf6e60000000p-6	0x1.aecc020000000p-1	0x1.6ca5fc0000000p-1	0x1.6985ac0000000p-2	0x1.c2c62a0000000p+10
951	0x1.0a75a00000000p-4	0x1.0764b80000000p+0	0x1.d1fce20000000p-1	0x1.92febe0000000p-2	0x1.c2c62a0000000p+10
952	0x1.abc3860000000p-6	0x1.0a29640000000p-1	0x1.c25a520000000p-2	0x1.ba95000000000p-3	0x1.c2c62a0000000p+10
953	0x1.1de67e0000000p-5	0x1.e0e4400000000p-1	0x1.ab737c0000000p-1	0x1.5fb7560000000p-2	0x1.c2c62c0000000p+10
954	0x1.1837aa0000000p-6	0x1.b8e27c0000000p-2	0x1.7c2aba0000000p-2	0x1.05373e0000000p-3	0x1.c2c62c0000000p+10
955	0x1.4d36e00000000p-5	0x1.5094320000000p-1	0x1.10935a0000000p-1	0x1.adff2c0000000p-3	0x1.c2c62c0000000p+10
956	0x1.81df320000000p-5	0x1.ade5d60000000p+0	0x1.83aa6e0000000p+0	0x1.3e7ee00000000p-1	0x1.c2c62a0000000p+10
957	0x1.c45a260000000p-5	0x1.6a7eac0000000p+0	0x1.4b1d9c0000000p+0	0x1.fe466e0000000p-2	0x1.c2c62a0000000p+10
958	0x1.69c4760000000p-6	0x1.e982ac0000000p-1	0x1.b5d1fa0000000p-1	0x1.6793f20000000p-2	0x1.c2c62a0000000p+10
959	0x1.e1c0900000000p-6	0x1.935ebe0000000p-1	0x1.5889b00000000p-1	0x1.6d9aae0000000p-2	0x1.c2c62a0000000p+10
960	0x1.19c8240000000p-5	0x1.d1102c0000000p+1	0x1.a54bbe0000000p+1	0x1.7ff7c80000000p+0	0x1.c2c62a0000000p+10
961	0x1.60a1b40000000p-5	0x1.7b36b00000000p+2	0x1.5513ae0000000p+2	0x1.4737d20000000p+1	0x1.c2c62a0000000p+10
962	0x1.c1f74a0000000p-6	0x1.12e1140000000p+0	0x1.f5448c0000000p-1	0x1.495c9a0000000p-2	0x1.c2c62a0000000p+10
963	0x1.cc9e600000000p-6	0x1.0ac8220000000p+0	0x1.c1504a0000000p-1	0x1.03efba0000000p-1	0x1.c2c62a0000000p+10
964	0x1.563bf60000000p-5	0x1.bcf1b40000000p-1	0x1.7b05620000000p-1	0x1.78a1aa0000000p-2	0x1.c2c62a0000000p+10
965	0x1.3de2ae0000000p-6	0x1.2f2b220000000p-1	0x1.071da40000000p-1	0x1.ad062a0000000p-3	0x1.c2c62c0000000p+10
966	0x1.e402b40000000p-6	0x1.5661f40000000p+0	0x1.2c3cf00000000p+0	0x1.5ff5d00000000p-2	0x1.c2c62c0000000p+10
967	0x1.1fc69a0000000p-6	0x1.eb7fa60000000p-1	0x1.b293360000000p-1	0x1.a146900000000p-2	0x1.c2c62c0000000p+10
968	0x1.24155a0000000p-6	0x1.361b140000000p-1	0x1.0c05da0000000p-1	0x1.6edf080000000p-3	0x1.c2c62c0000000p+10
969	0x1.b8f4900000000p-6	0x1.0108e00000000p-1	0x1.a75f3e0000000p-2	0x1.68245a0000000p-3	0x1.c2c62e0000000p+10
970	0x1.b439c60000000p-5	0x1.f4828e0000000p-1	0x1.bb67320000000p-1	0x1.4c813c0000000p-2	0x1.c2c62e0000000p+10
971	0x1.0d4e6a0000000p-6	0x1.a216e20000000p-1	0x1.7028c60000000p-1	0x1.5e2dca0000000p-2	0x1.c2c62e0000000p+10
972	0x1.98feca0000000p-6	0x1.07b4de0000000p-1	0x1.d0e5400000000p-2	0x1.56c6ce0000000p-3	0x1.c2c62e0000000p+10
973	0x1.bc78660000000p-6	0x1.3280f80000000p-1	0x1.113d7a0000000p-1	0x1.84b9ba0000000p-3	0x1.c2c62e0000000p+10
974	0x1.ae12000000000p-6	0x1.d629620000000p-1	0x1.9d99a00000000p-1	0x1.1252960000000p-2	0x1.c2c62e0000000p+10
975	0x1.38757e0000000p-5	0x1.df8dfc0000000p-1	0x1.a2a4360000000p-1	0x1.8c0a8a0000000p-2	0x1.c2c62e0000000p+10
976	0x1.4854aa0000000p-6	0x1.3324ee0000000p-1	0x1.101ac80000000p-1	0x1.9130760000000p-3	0x1.c2c62e0000000p+10
977	0x1.2eaada0000000p-5	0x1.b2133a0000000p-1	0x1.7b2dc80000000p-1	0x1.54bd1e0000000p-2	0x1.c2c62e0000000p+10
978	0x1.809e400000000p-6	0x1.fb82f60000000p-2	0x1.c1cc960000000p-2	0x1.2d94240000000p-3	0x1.c2c62e0000000p+10
979	0x1.cbea540000000p-6	0x1.3f6d920000000p-1	0x1.09ded00000000p-1	0x1.d7daa60000000p-3	0x1.c2c62e0000000p+10
980	0x1.4146180000000p-7	0x1.8fa6fe0000000p-2	0x1.57912c0000000p-2	0x1.279eba0000000p-3	0x1.c2c62e0000000p+10
981	0x1.c765c00000000p-7	0x1.54b6440000000p-1	0x1.2b91640000000p-1	0x1.12ef4a0000000p-2	0x1.c2c62e0000000p+10
982	0x1.07b0060000000p-5	0x1.50358c0000000p+0	0x1.397c420000000p+0	0x1.96488a0000000p-2	0x1.c2c62e0000000p+10
983	0x1.56cc360000000p-5	0x1.e5ec940000000p+0	0x1.aee3d20000000p+0	0x1.cc277c0000000p-2	0x1.c2c62e0000000p+10
984	0x1.5942420000000p-6	0x1.52b44a0000000p-1	0x1.29e92a0000000p-1	0x1.e138380000000p-3	0x1.c2c62e0000000p+10
985	0x1.e76eae0000000p-6	0x1.8b39d00000000p+0	0x1.61a8a60000000p+0	0x1.35428a0000000p-1	0x1.c2c6300000000p+10
986	0x1.3606940000000p-5	0x1.5cfb140000000p-1	0x1.2cc7280000000p-1	0x1.0026a80000000p-2	0x1.c2c6300000000p+10
987	0x1.eee31a0000000p-6	0x1.5da61e0000000p-1	0x1.2b780c0000000p-1	0x1.f7efae0000000p-3	0x1.c2c6300000000p+10
988	0x1.0e64b40000000p-5	0x1.cd31f00000000p-1	0x1.8e0c140000000p-1	0x1.5bb6c20000000p-2	0x1.c2c6300000000p+10
989	0x1.c72fb00000000p-6	0x1.be399e0000000p-1	0x1.948f7c0000000p-1	0x1.0c1f520000000p-2	0x1.c2c6300000000p+10
990	0x1.54261e0000000p-6	0x1.15bcec0000000p-1	0x1.de7dc20000000p-2	0x1.ce3c180000000p-3	0x1.c2c6300000000p+10
991	0x1.54d6ae0000000p-5	0x1.2680b00000000p+0	0x1.fec6d00000000p-1	0x1.fa77000000000p-2	0x1.c2c6320000000p+10
992	0x1.1fd82a0000000p-5	0x1.2395200000000p+0	0x1.f6d99e0000000p-1	0x1.0702a00000000p-1	0x1.c2c62e0000000p+10
993	0x1.09c0be0000000p-6	0x1.3b3d020000000p-1	0x1.181df60000000p-1	0x1.d9963a0000000p-3	0x1.c2c62e0000000p+10
994	0x1.2343460000000p-5	0x1.fdd2880000000p-1	0x1.c1f0c00000000p-1	0x1.5e314e0000000p-2	0x1.c2c6300000000p+10
995	0x1.1df52a0000000p-5	0x1.f4adf20000000p-1	0x1.c02e7e0000000p-1	0x1.783da00000000p-2	0x1.c2c62e0000000p+10
996	0x1.3c76240000000p-6	0x1.1260900000000p+0	0x1.e81e980000000p-1	0x1.b7fc1c0000000p-2	0x1.c2c6300000000p+10
997	0x1.70b1c60000000p-6	0x1.4d27ea0000000p-1	0x1.269b880000000p-1	0x1.06f0300000000p-2	0x1.c2c6300000000p+10
998	0x1.24e0fe0000000p-5	0x1.b728f20000000p+0	0x1.875a080000000p+0	0x1.7e0d240000000p-1	0x1.c2c6300000000p+10
999	0x1.d274860000000p-6	0x1.5870700000000p-1	0x1.31e68e0000000p-1	0x1.bf0d0e0000000p-3	0x1.c2c6300000000p+10
