2026/09/14 06:56:00.331, 4, 0, 0
2026/09/14 06:56:00.332, 5, 0, 0
2026/09/14 06:56:00.833, 4, 0, 0
2026/09/14 06:56:00.833, 5, 0, 0
2026/09/14 06:56:01.493, 4, 0, 0
2026/09/14 06:56:01.493, 5, 0, 0
2026/09/14 06:56:02.184, 4, 0, 0
2026/09/14 06:56:02.184, 5, 0, 0
2026/09/14 06:56:02.883, 4, 0, 0
2026/09/14 06:56:02.883, 5, 0, 0
2026/09/14 06:56:03.578, 4, 0, 0
2026/09/14 06:56:03.780, 5, 0, 0
2026/09/14 06:56:04.280, 4, 0, 0
2026/09/14 06:56:04.282, 5, 0, 0
2026/09/14 06:56:04.782, 4, 0, 0
2026/09/14 06:56:04.980, 5, 0, 0
2026/09/14 06:56:05.480, 4, 0, 0
2026/09/14 06:56:05.667, 5, 0, 0
2026/09/14 06:56:06.167, 4, 0, 0
2026/09/14 06:56:06.369, 5, 0, 0
2026/09/14 06:56:06.869, 4, 0, 0
2026/09/14 06:56:07.062, 5, 0, 0
2026/09/14 06:56:07.562, 4, 0, 1
2026/09/14 06:56:07.562, 5, 0, 1
2026/09/14 06:56:08.062, 4, 0, 20
2026/09/14 06:56:08.065, 5, 0, 20
2026/09/14 06:56:08.566, 4, 0, 21
2026/09/14 06:56:08.566, 5, 0, 21
2026/09/14 06:56:09.068, 4, 2, 77527
2026/09/14 06:56:09.074, 5, 3, 427
2026/09/14 06:56:09.574, 4, 0, 77527
2026/09/14 06:56:09.574, 5, 0, 427
2026/09/14 06:56:10.074, 4, 0, 77527
2026/09/14 06:56:10.077, 5, 0, 427
2026/09/14 06:56:10.579, 4, 0, 77529
2026/09/14 06:56:10.579, 5, 0, 427
2026/09/14 06:56:11.079, 4, 0, 77529
2026/09/14 06:56:11.079, 5, 0, 427
2026/09/14 06:56:11.579, 4, 0, 77529
2026/09/14 06:56:11.579, 5, 0, 427
2026/09/14 06:56:12.079, 4, 0, 77529
2026/09/14 06:56:12.080, 5, 0, 427
2026/09/14 06:56:12.580, 4, 0, 77529
2026/09/14 06:56:12.580, 5, 0, 427
2026/09/14 06:56:13.080, 4, 0, 77529
2026/09/14 06:56:13.080, 5, 0, 427
2026/09/14 06:56:13.580, 4, 0, 77529
2026/09/14 06:56:13.580, 5, 0, 427
2026/09/14 06:56:14.081, 4, 0, 77529
2026/09/14 06:56:14.081, 5, 0, 427
2026/09/14 06:56:14.581, 4, 0, 77529
2026/09/14 06:56:14.581, 5, 0, 427
2026/09/14 06:56:15.081, 4, 0, 77529
2026/09/14 06:56:15.081, 5, 0, 427
2026/09/14 06:56:15.581, 4, 0, 77529
2026/09/14 06:56:15.581, 5, 0, 427
2026/09/14 06:56:16.097, 4, 0, 77529
2026/09/14 06:56:16.097, 5, 0, 427
2026/09/14 06:56:16.597, 4, 0, 77529
2026/09/14 06:56:16.597, 5, 0, 427
2026/09/14 06:56:17.097, 4, 0, 77529
2026/09/14 06:56:17.097, 5, 0, 427
2026/09/14 06:56:17.598, 4, 0, 77529
2026/09/14 06:56:17.598, 5, 0, 427
2026/09/14 06:56:18.098, 4, 0, 77529
2026/09/14 06:56:18.098, 5, 0, 427
2026/09/14 06:56:18.598, 4, 0, 77529
2026/09/14 06:56:18.598, 5, 0, 427
2026/09/14 06:56:19.098, 4, 0, 77529
2026/09/14 06:56:19.098, 5, 0, 427
2026/09/14 06:56:19.598, 4, 0, 77529
2026/09/14 06:56:19.598, 5, 0, 427
2026/09/14 06:56:20.098, 4, 0, 77529
2026/09/14 06:56:20.098, 5, 0, 427
2026/09/14 06:56:20.599, 4, 0, 77529
2026/09/14 06:56:20.599, 5, 0, 427
2026/09/14 06:56:21.102, 4, 0, 77529
2026/09/14 06:56:21.153, 5, 0, 427
2026/09/14 06:56:21.653, 4, 0, 77529
2026/09/14 06:56:21.653, 5, 0, 427
2026/09/14 06:56:22.154, 4, 0, 77529
2026/09/14 06:56:22.154, 5, 0, 427
2026/09/14 06:56:22.654, 4, 0, 77529
2026/09/14 06:56:22.654, 5, 0, 427
2026/09/14 06:56:23.154, 4, 0, 77529
2026/09/14 06:56:23.154, 5, 0, 427
2026/09/14 06:56:23.654, 4, 0, 77529
2026/09/14 06:56:23.654, 5, 0, 427
2026/09/14 06:56:24.154, 4, 0, 77529
2026/09/14 06:56:24.154, 5, 0, 427
2026/09/14 06:56:24.654, 4, 0, 77529
2026/09/14 06:56:24.654, 5, 0, 427
2026/09/14 06:56:25.155, 4, 0, 77529
2026/09/14 06:56:25.155, 5, 0, 427
2026/09/14 06:56:25.655, 4, 0, 77529
2026/09/14 06:56:25.655, 5, 0, 427
2026/09/14 06:56:26.155, 4, 0, 77529
2026/09/14 06:56:26.155, 5, 0, 427
2026/09/14 06:56:26.655, 4, 0, 77529
2026/09/14 06:56:26.700, 5, 0, 427
2026/09/14 06:56:27.202, 4, 0, 77529
2026/09/14 06:56:27.202, 5, 0, 427
2026/09/14 06:56:27.702, 4, 0, 77529
2026/09/14 06:56:27.702, 5, 0, 427
2026/09/14 06:56:28.203, 4, 0, 77529
2026/09/14 06:56:28.203, 5, 0, 427
2026/09/14 06:56:28.703, 4, 0, 77529
2026/09/14 06:56:28.703, 5, 0, 427
2026/09/14 06:56:29.203, 4, 0, 77529
2026/09/14 06:56:29.203, 5, 0, 427
2026/09/14 06:56:29.703, 4, 0, 77529
2026/09/14 06:56:29.703, 5, 0, 427
2026/09/14 06:56:30.203, 4, 0, 77529
2026/09/14 06:56:30.203, 5, 0, 427
2026/09/14 06:56:30.703, 4, 0, 77529
2026/09/14 06:56:30.703, 5, 0, 427
2026/09/14 06:56:31.204, 4, 0, 77529
2026/09/14 06:56:31.204, 5, 0, 427
2026/09/14 06:56:31.704, 4, 0, 77529
2026/09/14 06:56:31.704, 5, 0, 427
2026/09/14 06:56:32.204, 4, 0, 77529
2026/09/14 06:56:32.204, 5, 0, 427
2026/09/14 06:56:32.704, 4, 0, 77529
2026/09/14 06:56:32.704, 5, 0, 427
2026/09/14 06:56:33.204, 4, 0, 77529
2026/09/14 06:56:33.204, 5, 0, 427
2026/09/14 06:56:33.704, 4, 0, 77529
2026/09/14 06:56:33.705, 5, 0, 77523
2026/09/14 06:56:34.205, 4, 0, 77529
2026/09/14 06:56:34.205, 5, 0, 77523
2026/09/14 06:56:34.705, 4, 0, 77529
2026/09/14 06:56:34.705, 5, 0, 77523
2026/09/14 06:56:35.205, 4, 0, 77529
2026/09/14 06:56:35.205, 5, 0, 77525
2026/09/14 06:56:35.705, 4, 0, 77531
2026/09/14 06:56:35.763, 5, 0, 77525
2026/09/14 06:56:36.265, 4, 11, 77649
2026/09/14 06:56:36.268, 5, 0, 77645
2026/09/14 06:56:36.769, 4, 0, 77713
2026/09/14 06:56:36.973, 5, 0, 77705
2026/09/14 06:56:37.473, 4, 0, 78179
2026/09/14 06:56:37.474, 5, 6, 78175
2026/09/14 06:56:37.974, 4, 0, 78179
2026/09/14 06:56:37.974, 5, 0, 78175
2026/09/14 06:56:38.474, 4, 0, 78179
2026/09/14 06:56:38.474, 5, 0, 78175
2026/09/14 06:56:38.974, 4, 0, 78179
2026/09/14 06:56:38.974, 5, 0, 78175
2026/09/14 06:56:39.474, 4, 0, 78179
2026/09/14 06:56:39.474, 5, 0, 78175
2026/09/14 06:56:39.974, 4, 0, 78179
2026/09/14 06:56:39.974, 5, 0, 78175
2026/09/14 06:56:40.475, 4, 0, 78179
2026/09/14 06:56:40.475, 5, 0, 78175
2026/09/14 06:56:40.975, 4, 0, 78179
2026/09/14 06:56:40.975, 5, 0, 78175
2026/09/14 06:56:41.475, 4, 0, 78179
2026/09/14 06:56:41.475, 5, 0, 78175
2026/09/14 06:56:41.975, 4, 0, 78179
2026/09/14 06:56:41.975, 5, 0, 78175
2026/09/14 06:56:42.475, 4, 0, 78179
2026/09/14 06:56:42.475, 5, 0, 78175
2026/09/14 06:56:42.975, 4, 0, 78179
2026/09/14 06:56:42.976, 5, 0, 78175
2026/09/14 06:56:43.476, 4, 0, 78179
2026/09/14 06:56:43.476, 5, 0, 78175
2026/09/14 06:56:43.976, 4, 0, 78179
2026/09/14 06:56:43.976, 5, 0, 78175
2026/09/14 06:56:44.476, 4, 0, 78179
2026/09/14 06:56:44.476, 5, 0, 78175
2026/09/14 06:56:44.976, 4, 0, 78179
2026/09/14 06:56:44.976, 5, 0, 78175
2026/09/14 06:56:45.476, 4, 0, 78179
2026/09/14 06:56:45.476, 5, 0, 78175
2026/09/14 06:56:45.977, 4, 0, 78179
2026/09/14 06:56:45.977, 5, 0, 78175
2026/09/14 06:56:46.477, 4, 0, 78179
2026/09/14 06:56:46.477, 5, 0, 78175
2026/09/14 06:56:46.977, 4, 0, 78181
2026/09/14 06:56:46.977, 5, 0, 78175
2026/09/14 06:56:47.683, 4, 13, 78181
2026/09/14 06:56:47.684, 5, 13, 78177
2026/09/14 06:56:48.184, 4, 1, 78181
2026/09/14 06:56:48.184, 5, 0, 78177
2026/09/14 06:56:48.684, 4, 0, 78183
2026/09/14 06:56:48.684, 5, 0, 78179
2026/09/14 06:56:49.185, 4, 58, 78183
2026/09/14 06:56:49.185, 5, 49, 78179
2026/09/14 06:56:49.685, 4, 41, 78183
2026/09/14 06:56:49.685, 5, 7, 78179
2026/09/14 06:56:50.185, 4, 0, 78187
2026/09/14 06:56:50.185, 5, 0, 78183
2026/09/14 06:56:50.685, 4, 60, 78187
2026/09/14 06:56:50.685, 5, 68, 78183
2026/09/14 06:56:51.185, 4, 62, 78187
2026/09/14 06:56:51.185, 5, 65, 78183
2026/09/14 06:56:51.685, 4, 60, 78187
2026/09/14 06:56:51.686, 5, 61, 78183
2026/09/14 06:56:52.186, 4, 99, 78187
2026/09/14 06:56:52.186, 5, 100, 78183
2026/09/14 06:56:52.686, 4, 0, 78187
2026/09/14 06:56:52.686, 5, 0, 78183
2026/09/14 06:56:53.186, 4, 0, 78189
2026/09/14 06:56:53.186, 5, 6, 78185
2026/09/14 06:56:53.686, 4, 0, 78189
2026/09/14 06:56:53.686, 5, 0, 78185
2026/09/14 06:56:54.186, 4, 10, 78189
2026/09/14 06:56:54.186, 5, 0, 78185
2026/09/14 06:56:54.686, 4, 0, 78189
2026/09/14 06:56:54.687, 5, 0, 78185
2026/09/14 06:56:55.187, 4, 0, 78189
2026/09/14 06:56:55.187, 5, 0, 78185
2026/09/14 06:56:55.687, 4, 3, 78189
2026/09/14 06:56:55.687, 5, 3, 78185
2026/09/14 06:56:56.187, 4, 3, 78189
2026/09/14 06:56:56.187, 5, 3, 78185
2026/09/14 06:56:56.687, 4, 11, 78189
2026/09/14 06:56:56.687, 5, 21, 78185
2026/09/14 06:56:57.187, 4, 0, 78189
2026/09/14 06:56:57.187, 5, 10, 78185
2026/09/14 06:56:57.688, 4, 0, 78189
2026/09/14 06:56:57.688, 5, 0, 78185
2026/09/14 06:56:58.188, 4, 0, 78189
2026/09/14 06:56:58.188, 5, 0, 78185
2026/09/14 06:56:58.895, 4, 0, 78189
2026/09/14 06:56:58.895, 5, 0, 78185
2026/09/14 06:56:59.395, 4, 0, 78189
2026/09/14 06:56:59.395, 5, 0, 78185
2026/09/14 06:56:59.895, 4, 0, 78189
2026/09/14 06:56:59.895, 5, 0, 78185
2026/09/14 06:57:00.395, 4, 0, 78189
2026/09/14 06:57:00.395, 5, 0, 78185
2026/09/14 06:57:00.895, 4, 0, 78189
2026/09/14 06:57:00.896, 5, 0, 78185
2026/09/14 06:57:01.396, 4, 0, 78189
2026/09/14 06:57:01.396, 5, 0, 78185
2026/09/14 06:57:01.896, 4, 0, 78189
2026/09/14 06:57:01.897, 5, 0, 78185
2026/09/14 06:57:02.399, 4, 0, 78189
2026/09/14 06:57:02.399, 5, 0, 78185
2026/09/14 06:57:02.899, 4, 0, 78189
2026/09/14 06:57:02.899, 5, 0, 78185
2026/09/14 06:57:03.399, 4, 0, 78189
2026/09/14 06:57:03.399, 5, 0, 78185
2026/09/14 06:57:03.900, 4, 0, 78189
2026/09/14 06:57:03.998, 5, 0, 78185
2026/09/14 06:57:04.502, 4, 0, 78189
2026/09/14 06:57:04.502, 5, 0, 78185
2026/09/14 06:57:05.002, 4, 0, 78189
2026/09/14 06:57:05.002, 5, 0, 78185
2026/09/14 06:57:05.502, 4, 0, 78189
2026/09/14 06:57:05.502, 5, 0, 78185
2026/09/14 06:57:06.002, 4, 0, 78189
2026/09/14 06:57:06.002, 5, 3, 78185
2026/09/14 06:57:06.502, 4, 0, 78189
2026/09/14 06:57:06.503, 5, 0, 78185
2026/09/14 06:57:07.003, 4, 0, 78189
2026/09/14 06:57:07.003, 5, 0, 78185
2026/09/14 06:57:07.503, 4, 0, 78189
2026/09/14 06:57:07.503, 5, 0, 78185
2026/09/14 06:57:08.004, 4, 28, 78189
2026/09/14 06:57:08.004, 5, 20, 78185
2026/09/14 06:57:08.505, 4, 31, 78189
2026/09/14 06:57:08.505, 5, 28, 78185
2026/09/14 06:57:09.005, 4, 7, 78189
2026/09/14 06:57:09.005, 5, 19, 78185
2026/09/14 06:57:09.505, 4, 0, 78189
2026/09/14 06:57:09.505, 5, 0, 78185
2026/09/14 06:57:10.005, 4, 0, 78189
2026/09/14 06:57:10.005, 5, 0, 78185
2026/09/14 06:57:10.505, 4, 0, 78189
2026/09/14 06:57:10.505, 5, 0, 78185
2026/09/14 06:57:11.005, 4, 0, 78189
2026/09/14 06:57:11.006, 5, 0, 78185
2026/09/14 06:57:11.507, 4, 0, 78189
2026/09/14 06:57:11.507, 5, 0, 78185
2026/09/14 06:57:12.007, 4, 0, 78189
2026/09/14 06:57:12.007, 5, 0, 78185
2026/09/14 06:57:12.507, 4, 0, 78189
2026/09/14 06:57:12.507, 5, 0, 78185
2026/09/14 06:57:13.007, 4, 0, 78189
2026/09/14 06:57:13.007, 5, 0, 78185
2026/09/14 06:57:13.508, 4, 0, 78189
2026/09/14 06:57:13.508, 5, 0, 78185
2026/09/14 06:57:14.008, 4, 0, 78189
2026/09/14 06:57:14.008, 5, 0, 78185
2026/09/14 06:57:14.508, 4, 0, 78189
2026/09/14 06:57:14.512, 5, 0, 78185
2026/09/14 06:57:15.016, 4, 0, 78189
2026/09/14 06:57:15.016, 5, 0, 78185
2026/09/14 06:57:15.516, 4, 0, 78189
2026/09/14 06:57:15.516, 5, 0, 78185
2026/09/14 06:57:16.016, 4, 0, 78189
2026/09/14 06:57:16.016, 5, 0, 78185
2026/09/14 06:57:16.516, 4, 0, 78189
2026/09/14 06:57:16.516, 5, 0, 78185
2026/09/14 06:57:17.016, 4, 0, 78189
2026/09/14 06:57:17.016, 5, 0, 78185
2026/09/14 06:57:17.516, 4, 0, 78189
2026/09/14 06:57:17.517, 5, 0, 78185
2026/09/14 06:57:18.017, 4, 0, 78189
2026/09/14 06:57:18.017, 5, 0, 78185
2026/09/14 06:57:18.517, 4, 0, 78189
2026/09/14 06:57:18.517, 5, 0, 78185
2026/09/14 06:57:19.017, 4, 0, 78189
2026/09/14 06:57:19.017, 5, 0, 78185
2026/09/14 06:57:19.517, 4, 0, 78189
2026/09/14 06:57:19.517, 5, 0, 78185
2026/09/14 06:57:20.017, 4, 0, 78189
2026/09/14 06:57:20.017, 5, 0, 78185
2026/09/14 06:57:20.613, 4, 0, 78189
2026/09/14 06:57:20.614, 5, 0, 78185
2026/09/14 06:57:21.114, 4, 0, 78189
2026/09/14 06:57:21.114, 5, 0, 78185
2026/09/14 06:57:21.614, 4, 0, 78189
2026/09/14 06:57:21.614, 5, 0, 78185
2026/09/14 06:57:22.114, 4, 0, 78189
2026/09/14 06:57:22.114, 5, 0, 78185
2026/09/14 06:57:22.614, 4, 0, 78189
2026/09/14 06:57:22.614, 5, 0, 78185
2026/09/14 06:57:23.114, 4, 0, 78189
2026/09/14 06:57:23.114, 5, 0, 78185
2026/09/14 06:57:23.614, 4, 0, 78189
2026/09/14 06:57:23.615, 5, 0, 78185
2026/09/14 06:57:24.116, 4, 0, 78189
2026/09/14 06:57:24.116, 5, 0, 78185
2026/09/14 06:57:24.616, 4, 0, 78189
2026/09/14 06:57:24.616, 5, 0, 78185
2026/09/14 06:57:25.117, 4, 0, 78189
2026/09/14 06:57:25.117, 5, 0, 78185
2026/09/14 06:57:25.617, 4, 0, 78189
2026/09/14 06:57:25.617, 5, 0, 78185
2026/09/14 06:57:26.117, 4, 29, 78189
2026/09/14 06:57:26.117, 5, 20, 78185
2026/09/14 06:57:26.617, 4, 0, 78189
2026/09/14 06:57:26.617, 5, 11, 78185
2026/09/14 06:57:27.117, 4, 0, 78189
2026/09/14 06:57:27.118, 5, 0, 78185
2026/09/14 06:57:27.618, 4, 0, 78189
2026/09/14 06:57:27.618, 5, 0, 78185
2026/09/14 06:57:28.118, 4, 0, 78189
2026/09/14 06:57:28.118, 5, 0, 78185
2026/09/14 06:57:28.618, 4, 0, 78189
2026/09/14 06:57:28.618, 5, 0, 78185
2026/09/14 06:57:29.118, 4, 0, 78189
2026/09/14 06:57:29.118, 5, 0, 78185
2026/09/14 06:57:29.618, 4, 0, 78189
2026/09/14 06:57:29.619, 5, 0, 78185
2026/09/14 06:57:30.119, 4, 0, 78189
2026/09/14 06:57:30.119, 5, 0, 78185
2026/09/14 06:57:30.619, 4, 0, 78189
2026/09/14 06:57:30.619, 5, 0, 78185
2026/09/14 06:57:31.119, 4, 0, 78189
2026/09/14 06:57:31.119, 5, 0, 78185
2026/09/14 06:57:31.619, 4, 0, 78189
2026/09/14 06:57:31.619, 5, 0, 78185
2026/09/14 06:57:32.119, 4, 0, 78189
2026/09/14 06:57:32.120, 5, 0, 78185
2026/09/14 06:57:32.620, 4, 0, 78189
2026/09/14 06:57:32.620, 5, 0, 78185
2026/09/14 06:57:33.120, 4, 0, 78189
2026/09/14 06:57:33.120, 5, 0, 78185
2026/09/14 06:57:33.620, 4, 0, 78189
2026/09/14 06:57:33.620, 5, 0, 78185
2026/09/14 06:57:34.120, 4, 0, 78189
2026/09/14 06:57:34.120, 5, 0, 78185
2026/09/14 06:57:34.622, 4, 21, 78189
2026/09/14 06:57:34.622, 5, 12, 78185
2026/09/14 06:57:35.122, 4, 0, 78189
2026/09/14 06:57:35.122, 5, 0, 78185
2026/09/14 06:57:35.622, 4, 0, 78189
2026/09/14 06:57:35.623, 5, 0, 78185
2026/09/14 06:57:36.123, 4, 0, 78189
2026/09/14 06:57:36.123, 5, 0, 78185
2026/09/14 06:57:36.623, 4, 0, 78189
2026/09/14 06:57:36.623, 5, 10, 78185
2026/09/14 06:57:37.123, 4, 0, 78189
2026/09/14 06:57:37.123, 5, 0, 78185
2026/09/14 06:57:37.623, 4, 0, 78189
2026/09/14 06:57:37.624, 5, 0, 78185
2026/09/14 06:57:38.124, 4, 0, 78189
2026/09/14 06:57:38.125, 5, 0, 78185
2026/09/14 06:57:38.625, 4, 9, 78189
2026/09/14 06:57:38.625, 5, 9, 78185
2026/09/14 06:57:39.125, 4, 0, 78189
2026/09/14 06:57:39.125, 5, 0, 78185
2026/09/14 06:57:39.625, 4, 29, 78189
2026/09/14 06:57:39.625, 5, 26, 78185
2026/09/14 06:57:40.125, 4, 0, 78189
2026/09/14 06:57:40.125, 5, 0, 78185
2026/09/14 06:57:40.625, 4, 0, 78189
2026/09/14 06:57:40.625, 5, 0, 78185
2026/09/14 06:57:41.125, 4, 0, 78189
2026/09/14 06:57:41.126, 5, 0, 78185
2026/09/14 06:57:41.626, 4, 0, 78189
2026/09/14 06:57:41.626, 5, 0, 78185
2026/09/14 06:57:42.126, 4, 0, 78189
2026/09/14 06:57:42.126, 5, 0, 78185
2026/09/14 06:57:42.626, 4, 0, 78189
2026/09/14 06:57:42.626, 5, 0, 78185
2026/09/14 06:57:43.126, 4, 0, 78189
2026/09/14 06:57:43.126, 5, 0, 78185
2026/09/14 06:57:43.626, 4, 0, 78189
2026/09/14 06:57:43.627, 5, 0, 78185
2026/09/14 06:57:44.127, 4, 0, 78189
2026/09/14 06:57:44.127, 5, 0, 78185
2026/09/14 06:57:44.627, 4, 0, 78189
2026/09/14 06:57:44.627, 5, 0, 78185
2026/09/14 06:57:45.127, 4, 0, 78189
2026/09/14 06:57:45.127, 5, 0, 78185
2026/09/14 06:57:45.627, 4, 0, 78189
2026/09/14 06:57:45.628, 5, 0, 78185
2026/09/14 06:57:46.128, 4, 0, 78189
2026/09/14 06:57:46.128, 5, 0, 78185
2026/09/14 06:57:46.628, 4, 0, 78189
2026/09/14 06:57:46.628, 5, 0, 78185
2026/09/14 06:57:47.206, 4, 1, 78189
2026/09/14 06:57:47.206, 5, 12, 78185
2026/09/14 06:57:47.706, 4, 0, 78189
2026/09/14 06:57:47.706, 5, 0, 78185
2026/09/14 06:57:48.206, 4, 6, 78189
2026/09/14 06:57:48.206, 5, 6, 78185
2026/09/14 06:57:48.706, 4, 0, 78189
2026/09/14 06:57:48.805, 5, 3, 78185
2026/09/14 06:57:49.311, 4, 0, 78189
2026/09/14 06:57:49.311, 5, 0, 78185
2026/09/14 06:57:49.811, 4, 0, 78189
2026/09/14 06:57:49.811, 5, 0, 78185
2026/09/14 06:57:50.311, 4, 0, 78189
2026/09/14 06:57:50.311, 5, 0, 78185
2026/09/14 06:57:50.812, 4, 25, 78189
2026/09/14 06:57:50.812, 5, 19, 78185
2026/09/14 06:57:51.312, 4, 18, 78189
2026/09/14 06:57:51.312, 5, 16, 78185
2026/09/14 06:57:51.812, 4, 6, 78189
2026/09/14 06:57:51.812, 5, 11, 78185
2026/09/14 06:57:52.312, 4, 0, 78189
2026/09/14 06:57:52.312, 5, 0, 78185
2026/09/14 06:57:52.812, 4, 0, 78189
2026/09/14 06:57:52.813, 5, 0, 78185
2026/09/14 06:57:53.313, 4, 0, 78189
2026/09/14 06:57:53.313, 5, 0, 78185
2026/09/14 06:57:53.813, 4, 0, 78189
2026/09/14 06:57:53.813, 5, 0, 78185
2026/09/14 06:57:54.313, 4, 0, 78189
2026/09/14 06:57:54.313, 5, 0, 78185
2026/09/14 06:57:54.813, 4, 0, 78189
2026/09/14 06:57:54.813, 5, 0, 78185
2026/09/14 06:57:55.313, 4, 0, 78189
2026/09/14 06:57:55.313, 5, 0, 78185
2026/09/14 06:57:55.813, 4, 0, 78189
2026/09/14 06:57:55.815, 5, 0, 78185
2026/09/14 06:57:56.318, 4, 0, 78189
2026/09/14 06:57:56.318, 5, 0, 78185
2026/09/14 06:57:56.818, 4, 0, 78189
2026/09/14 06:57:56.818, 5, 0, 78185
2026/09/14 06:57:57.318, 4, 0, 78189
2026/09/14 06:57:57.318, 5, 0, 78185
2026/09/14 06:57:57.819, 4, 0, 78189
2026/09/14 06:57:57.819, 5, 0, 78185
2026/09/14 06:57:58.319, 4, 0, 78189
2026/09/14 06:57:58.319, 5, 0, 78185
2026/09/14 06:57:58.819, 4, 0, 78189
2026/09/14 06:57:58.819, 5, 0, 78185
2026/09/14 06:57:59.319, 4, 0, 78189
2026/09/14 06:57:59.319, 5, 0, 78185
2026/09/14 06:57:59.819, 4, 0, 78189
2026/09/14 06:57:59.819, 5, 0, 78185
2026/09/14 06:58:00.320, 4, 0, 78189
2026/09/14 06:58:00.320, 5, 0, 78185
2026/09/14 06:58:00.820, 4, 0, 78189
2026/09/14 06:58:00.820, 5, 0, 78185
2026/09/14 06:58:01.320, 4, 0, 78189
2026/09/14 06:58:01.320, 5, 0, 78185
2026/09/14 06:58:01.820, 4, 0, 78189
2026/09/14 06:58:01.885, 5, 0, 78185
2026/09/14 06:58:02.386, 4, 0, 78189
2026/09/14 06:58:02.386, 5, 0, 78185
2026/09/14 06:58:02.886, 4, 0, 78189
2026/09/14 06:58:02.886, 5, 0, 78185
2026/09/14 06:58:03.386, 4, 0, 78189
2026/09/14 06:58:03.386, 5, 0, 78185
2026/09/14 06:58:03.886, 4, 0, 78189
2026/09/14 06:58:03.886, 5, 0, 78185
2026/09/14 06:58:04.386, 4, 0, 78189
2026/09/14 06:58:04.386, 5, 0, 78185
2026/09/14 06:58:04.886, 4, 0, 78189
2026/09/14 06:58:04.886, 5, 0, 78185
2026/09/14 06:58:05.387, 4, 0, 78189
2026/09/14 06:58:05.387, 5, 0, 78185
2026/09/14 06:58:05.887, 4, 0, 78189
2026/09/14 06:58:05.887, 5, 0, 78185
2026/09/14 06:58:06.387, 4, 0, 78189
2026/09/14 06:58:06.387, 5, 0, 78185
2026/09/14 06:58:06.887, 4, 0, 78189
2026/09/14 06:58:06.887, 5, 0, 78185
2026/09/14 06:58:07.387, 4, 0, 78189
2026/09/14 06:58:07.387, 5, 0, 78185
2026/09/14 06:58:07.888, 4, 0, 78189
2026/09/14 06:58:07.888, 5, 0, 78185
2026/09/14 06:58:08.388, 4, 0, 78189
2026/09/14 06:58:08.389, 5, 0, 78185
2026/09/14 06:58:08.889, 4, 0, 78189
2026/09/14 06:58:08.889, 5, 0, 78185
2026/09/14 06:58:09.389, 4, 0, 78189
2026/09/14 06:58:09.389, 5, 0, 78185
2026/09/14 06:58:09.889, 4, 0, 78189
2026/09/14 06:58:09.889, 5, 0, 78185
2026/09/14 06:58:10.390, 4, 0, 78189
2026/09/14 06:58:10.390, 5, 0, 78185
2026/09/14 06:58:10.890, 4, 0, 78189
2026/09/14 06:58:11.008, 5, 0, 78185
2026/09/14 06:58:11.508, 4, 0, 78189
2026/09/14 06:58:11.511, 5, 0, 78185
2026/09/14 06:58:12.013, 4, 0, 78189
2026/09/14 06:58:12.013, 5, 0, 78185
2026/09/14 06:58:12.513, 4, 0, 78189
2026/09/14 06:58:12.513, 5, 0, 78185
2026/09/14 06:58:13.013, 4, 0, 78189
2026/09/14 06:58:13.015, 5, 0, 78185
2026/09/14 06:58:13.518, 4, 0, 78189
2026/09/14 06:58:13.518, 5, 0, 78185
2026/09/14 06:58:14.018, 4, 0, 78189
2026/09/14 06:58:14.018, 5, 0, 78185
2026/09/14 06:58:14.518, 4, 0, 78189
2026/09/14 06:58:14.518, 5, 0, 78185
2026/09/14 06:58:15.018, 4, 0, 78189
2026/09/14 06:58:15.020, 5, 0, 78185
2026/09/14 06:58:15.522, 4, 6, 78189
2026/09/14 06:58:15.522, 5, 16, 78185
2026/09/14 06:58:16.022, 4, 1, 78189
2026/09/14 06:58:16.023, 5, 0, 78185
2026/09/14 06:58:16.523, 4, 6, 78189
2026/09/14 06:58:16.523, 5, 0, 78185
2026/09/14 06:58:17.023, 4, 0, 78189
2026/09/14 06:58:17.024, 5, 0, 78185
2026/09/14 06:58:17.524, 4, 0, 78189
2026/09/14 06:58:17.525, 5, 0, 78185
2026/09/14 06:58:18.027, 4, 0, 78189
2026/09/14 06:58:18.027, 5, 0, 78185
2026/09/14 06:58:18.527, 4, 0, 78189
2026/09/14 06:58:18.527, 5, 0, 78185
2026/09/14 06:58:19.027, 4, 0, 78189
2026/09/14 06:58:19.027, 5, 0, 78185
2026/09/14 06:58:19.527, 4, 0, 78189
2026/09/14 06:58:19.528, 5, 0, 78185
2026/09/14 06:58:20.029, 4, 0, 78189
2026/09/14 06:58:20.029, 5, 0, 78185
2026/09/14 06:58:20.529, 4, 0, 78189
2026/09/14 06:58:20.529, 5, 0, 78185
2026/09/14 06:58:21.029, 4, 0, 78189
2026/09/14 06:58:21.029, 5, 0, 78185
2026/09/14 06:58:21.530, 4, 0, 78189
2026/09/14 06:58:21.530, 5, 0, 78185
2026/09/14 06:58:22.030, 4, 0, 78189
2026/09/14 06:58:22.030, 5, 0, 78185
2026/09/14 06:58:22.530, 4, 0, 78189
2026/09/14 06:58:22.531, 5, 0, 78185
2026/09/14 06:58:23.031, 4, 0, 78189
2026/09/14 06:58:23.031, 5, 0, 78185
2026/09/14 06:58:23.531, 4, 0, 78189
2026/09/14 06:58:23.531, 5, 0, 78185
2026/09/14 06:58:24.031, 4, 0, 78189
2026/09/14 06:58:24.031, 5, 0, 78185
2026/09/14 06:58:24.531, 4, 0, 78189
2026/09/14 06:58:24.531, 5, 0, 78185
2026/09/14 06:58:25.032, 4, 0, 78189
2026/09/14 06:58:25.032, 5, 0, 78185
2026/09/14 06:58:25.532, 4, 0, 78189
2026/09/14 06:58:25.532, 5, 0, 78185
2026/09/14 06:58:26.032, 4, 0, 78189
2026/09/14 06:58:26.032, 5, 0, 78185
2026/09/14 06:58:26.533, 4, 0, 78189
2026/09/14 06:58:26.533, 5, 0, 78185
2026/09/14 06:58:27.033, 4, 0, 78189
2026/09/14 06:58:27.033, 5, 0, 78185
2026/09/14 06:58:27.533, 4, 0, 78189
2026/09/14 06:58:27.533, 5, 0, 78185
2026/09/14 06:58:28.033, 4, 0, 78189
2026/09/14 06:58:28.033, 5, 0, 78185
2026/09/14 06:58:28.533, 4, 13, 78189
2026/09/14 06:58:28.533, 5, 0, 78185
2026/09/14 06:58:29.033, 4, 2, 78189
2026/09/14 06:58:29.033, 5, 0, 78185
2026/09/14 06:58:29.534, 4, 0, 78189
2026/09/14 06:58:29.534, 5, 0, 78185
2026/09/14 06:58:30.034, 4, 0, 78189
2026/09/14 06:58:30.035, 5, 0, 78185
2026/09/14 06:58:30.535, 4, 0, 78189
2026/09/14 06:58:30.535, 5, 0, 78185
2026/09/14 06:58:31.035, 4, 10, 78189
2026/09/14 06:58:31.035, 5, 11, 78185
2026/09/14 06:58:31.535, 4, 0, 78189
2026/09/14 06:58:31.536, 5, 0, 78185
2026/09/14 06:58:32.036, 4, 0, 78189
2026/09/14 06:58:32.036, 5, 0, 78185
2026/09/14 06:58:32.536, 4, 0, 78189
2026/09/14 06:58:32.536, 5, 0, 78185
2026/09/14 06:58:33.036, 4, 0, 78189
2026/09/14 06:58:33.036, 5, 9, 78185
2026/09/14 06:58:33.536, 4, 0, 78189
2026/09/14 06:58:33.537, 5, 0, 78185
2026/09/14 06:58:34.037, 4, 0, 78189
2026/09/14 06:58:34.037, 5, 1, 78185
2026/09/14 06:58:34.538, 4, 6, 78189
2026/09/14 06:58:34.538, 5, 21, 78185
2026/09/14 06:58:35.039, 4, 6, 78189
2026/09/14 06:58:35.039, 5, 0, 78185
2026/09/14 06:58:35.539, 4, 6, 78189
2026/09/14 06:58:35.539, 5, 0, 78185
2026/09/14 06:58:36.039, 4, 0, 78189
2026/09/14 06:58:36.039, 5, 0, 78185
2026/09/14 06:58:36.539, 4, 0, 78189
2026/09/14 06:58:36.539, 5, 0, 78185
2026/09/14 06:58:37.039, 4, 0, 78189
2026/09/14 06:58:37.039, 5, 0, 78185
2026/09/14 06:58:37.539, 4, 0, 78189
2026/09/14 06:58:37.540, 5, 0, 78185
2026/09/14 06:58:38.040, 4, 0, 78189
2026/09/14 06:58:38.040, 5, 0, 78185
2026/09/14 06:58:38.540, 4, 0, 78189
2026/09/14 06:58:38.540, 5, 0, 78185
2026/09/14 06:58:39.040, 4, 0, 78189
2026/09/14 06:58:39.040, 5, 0, 78185
2026/09/14 06:58:39.540, 4, 0, 78189
2026/09/14 06:58:39.540, 5, 0, 78185
2026/09/14 06:58:40.041, 4, 0, 78189
2026/09/14 06:58:40.041, 5, 0, 78185
2026/09/14 06:58:40.541, 4, 0, 78189
2026/09/14 06:58:40.541, 5, 0, 78185
2026/09/14 06:58:41.041, 4, 0, 78189
2026/09/14 06:58:41.042, 5, 0, 78185
2026/09/14 06:58:41.542, 4, 0, 78189
2026/09/14 06:58:41.542, 5, 0, 78185
2026/09/14 06:58:42.042, 4, 0, 78189
2026/09/14 06:58:42.042, 5, 0, 78185
2026/09/14 06:58:42.542, 4, 0, 78189
2026/09/14 06:58:42.542, 5, 0, 78185
2026/09/14 06:58:43.042, 4, 0, 78189
2026/09/14 06:58:43.042, 5, 0, 78185
2026/09/14 06:58:43.542, 4, 0, 78189
2026/09/14 06:58:43.543, 5, 0, 78185
2026/09/14 06:58:44.043, 4, 11, 78189
2026/09/14 06:58:44.043, 5, 1, 78185
2026/09/14 06:58:44.544, 4, 0, 78189
2026/09/14 06:58:44.544, 5, 0, 78185
2026/09/14 06:58:45.044, 4, 0, 78189
2026/09/14 06:58:45.044, 5, 0, 78185
2026/09/14 06:58:45.544, 4, 2, 78189
2026/09/14 06:58:45.544, 5, 6, 78185
2026/09/14 06:58:46.044, 4, 0, 78189
2026/09/14 06:58:46.044, 5, 3, 78185
2026/09/14 06:58:46.544, 4, 7, 78189
2026/09/14 06:58:46.544, 5, 2, 78185
2026/09/14 06:58:47.044, 4, 0, 78189
2026/09/14 06:58:47.044, 5, 0, 78185
2026/09/14 06:58:47.545, 4, 0, 78189
2026/09/14 06:58:47.545, 5, 0, 78185
2026/09/14 06:58:48.045, 4, 0, 78189
2026/09/14 06:58:48.045, 5, 0, 78185
2026/09/14 06:58:48.545, 4, 0, 78189
2026/09/14 06:58:48.545, 5, 6, 78185
2026/09/14 06:58:49.045, 4, 0, 78189
2026/09/14 06:58:49.045, 5, 0, 78185
2026/09/14 06:58:49.546, 4, 12, 78189
2026/09/14 06:58:49.546, 5, 18, 78185
2026/09/14 06:58:50.046, 4, 14, 78189
2026/09/14 06:58:50.046, 5, 17, 78185
2026/09/14 06:58:50.546, 4, 23, 78189
2026/09/14 06:58:50.546, 5, 0, 78185
2026/09/14 06:58:51.046, 4, 0, 78189
2026/09/14 06:58:51.046, 5, 0, 78185
2026/09/14 06:58:51.546, 4, 0, 78189
2026/09/14 06:58:51.548, 5, 0, 78185
2026/09/14 06:58:52.048, 4, 0, 78189
2026/09/14 06:58:52.050, 5, 0, 78185
2026/09/14 06:58:52.550, 4, 0, 78189
2026/09/14 06:58:52.550, 5, 0, 78185
2026/09/14 06:58:53.050, 4, 0, 78189
2026/09/14 06:58:53.050, 5, 0, 78185
2026/09/14 06:58:53.550, 4, 0, 78189
2026/09/14 06:58:53.550, 5, 0, 78185
2026/09/14 06:58:54.051, 4, 0, 78189
2026/09/14 06:58:54.051, 5, 0, 78185
2026/09/14 06:58:54.552, 4, 0, 78189
2026/09/14 06:58:54.552, 5, 0, 78185
2026/09/14 06:58:55.052, 4, 0, 78189
2026/09/14 06:58:55.052, 5, 0, 78185
2026/09/14 06:58:55.552, 4, 0, 78189
2026/09/14 06:58:55.552, 5, 0, 78185
2026/09/14 06:58:56.052, 4, 0, 78189
2026/09/14 06:58:56.052, 5, 0, 78185
2026/09/14 06:58:56.552, 4, 0, 78189
2026/09/14 06:58:56.553, 5, 0, 78185
2026/09/14 06:58:57.054, 4, 0, 78189
2026/09/14 06:58:57.054, 5, 0, 78185
2026/09/14 06:58:57.554, 4, 0, 78189
2026/09/14 06:58:57.554, 5, 0, 78185
2026/09/14 06:58:58.054, 4, 0, 78189
2026/09/14 06:58:58.054, 5, 0, 78185
2026/09/14 06:58:58.555, 4, 0, 78189
2026/09/14 06:58:58.555, 5, 0, 78185
2026/09/14 06:58:59.055, 4, 0, 78189
2026/09/14 06:58:59.055, 5, 0, 78185
2026/09/14 06:58:59.555, 4, 0, 78189
2026/09/14 06:58:59.555, 5, 0, 78185
2026/09/14 06:59:00.055, 4, 0, 78189
2026/09/14 06:59:00.055, 5, 0, 78185
2026/09/14 06:59:00.555, 4, 0, 78189
2026/09/14 06:59:00.555, 5, 0, 78185
2026/09/14 06:59:01.055, 4, 0, 78189
2026/09/14 06:59:01.056, 5, 0, 78185
2026/09/14 06:59:01.557, 4, 0, 78189
2026/09/14 06:59:01.557, 5, 0, 78185
2026/09/14 06:59:02.057, 4, 0, 78189
2026/09/14 06:59:02.057, 5, 0, 78185
2026/09/14 06:59:02.558, 4, 0, 78189
2026/09/14 06:59:02.558, 5, 0, 78185
2026/09/14 06:59:03.058, 4, 0, 78189
2026/09/14 06:59:03.058, 5, 0, 78185
2026/09/14 06:59:03.558, 4, 0, 78189
2026/09/14 06:59:03.558, 5, 0, 78185
2026/09/14 06:59:04.058, 4, 0, 78189
2026/09/14 06:59:04.058, 5, 0, 78185
2026/09/14 06:59:04.558, 4, 0, 78189
2026/09/14 06:59:04.558, 5, 0, 78185
2026/09/14 06:59:05.059, 4, 0, 78189
2026/09/14 06:59:05.059, 5, 0, 78185
2026/09/14 06:59:05.559, 4, 0, 78189
2026/09/14 06:59:05.559, 5, 0, 78185
2026/09/14 06:59:06.059, 4, 0, 78189
2026/09/14 06:59:06.060, 5, 0, 78185
2026/09/14 06:59:06.560, 4, 0, 78189
2026/09/14 06:59:06.561, 5, 0, 78185
2026/09/14 06:59:07.061, 4, 0, 78189
2026/09/14 06:59:07.061, 5, 0, 78185
2026/09/14 06:59:07.562, 4, 0, 78189
2026/09/14 06:59:07.562, 5, 0, 78185
2026/09/14 06:59:08.062, 4, 0, 78189
2026/09/14 06:59:08.062, 5, 0, 78185
2026/09/14 06:59:08.562, 4, 0, 78189
2026/09/14 06:59:08.562, 5, 0, 78185
2026/09/14 06:59:09.062, 4, 0, 78189
2026/09/14 06:59:09.062, 5, 0, 78185
2026/09/14 06:59:09.562, 4, 0, 78189
2026/09/14 06:59:09.562, 5, 0, 78185
2026/09/14 06:59:10.063, 4, 0, 78189
2026/09/14 06:59:10.063, 5, 0, 78185
2026/09/14 06:59:10.563, 4, 10, 78189
2026/09/14 06:59:10.563, 5, 0, 78185
2026/09/14 06:59:11.064, 4, 1, 78189
2026/09/14 06:59:11.064, 5, 12, 78185
2026/09/14 06:59:11.564, 4, 6, 78189
2026/09/14 06:59:11.564, 5, 0, 78185
2026/09/14 06:59:12.064, 4, 6, 78189
2026/09/14 06:59:12.064, 5, 0, 78185
2026/09/14 06:59:12.565, 4, 6, 78189
2026/09/14 06:59:12.565, 5, 0, 78185
2026/09/14 06:59:13.065, 4, 0, 78189
2026/09/14 06:59:13.065, 5, 0, 78185
2026/09/14 06:59:13.565, 4, 0, 78189
2026/09/14 06:59:13.565, 5, 0, 78185
2026/09/14 06:59:14.065, 4, 0, 78189
2026/09/14 06:59:14.065, 5, 0, 78185
2026/09/14 06:59:14.566, 4, 0, 78189
2026/09/14 06:59:14.566, 5, 0, 78185
2026/09/14 06:59:15.066, 4, 0, 78189
2026/09/14 06:59:15.066, 5, 0, 78185
2026/09/14 06:59:15.566, 4, 0, 78189
2026/09/14 06:59:15.566, 5, 0, 78185
2026/09/14 06:59:16.067, 4, 0, 78189
2026/09/14 06:59:16.067, 5, 0, 78185
2026/09/14 06:59:16.567, 4, 0, 78189
2026/09/14 06:59:16.567, 5, 0, 78185
2026/09/14 06:59:17.067, 4, 0, 78189
2026/09/14 06:59:17.067, 5, 0, 78185
2026/09/14 06:59:17.567, 4, 0, 78189
2026/09/14 06:59:17.567, 5, 0, 78185
2026/09/14 06:59:18.067, 4, 0, 78189
2026/09/14 06:59:18.067, 5, 0, 78185
2026/09/14 06:59:18.567, 4, 0, 78189
2026/09/14 06:59:18.568, 5, 0, 78185
2026/09/14 06:59:19.069, 4, 0, 78189
2026/09/14 06:59:19.069, 5, 0, 78185
2026/09/14 06:59:19.569, 4, 0, 78189
2026/09/14 06:59:19.570, 5, 0, 78185
2026/09/14 06:59:20.071, 4, 0, 78189
2026/09/14 06:59:20.071, 5, 0, 78185
2026/09/14 06:59:20.571, 4, 0, 78189
2026/09/14 06:59:20.571, 5, 0, 78185
2026/09/14 06:59:21.072, 4, 0, 78189
2026/09/14 06:59:21.072, 5, 0, 78185
2026/09/14 06:59:21.572, 4, 0, 78189
2026/09/14 06:59:21.572, 5, 0, 78185
2026/09/14 06:59:22.072, 4, 0, 78189
2026/09/14 06:59:22.072, 5, 0, 78185
2026/09/14 06:59:22.572, 4, 0, 78189
2026/09/14 06:59:22.573, 5, 0, 78185
2026/09/14 06:59:23.073, 4, 0, 78189
2026/09/14 06:59:23.073, 5, 0, 78185
2026/09/14 06:59:23.573, 4, 0, 78189
2026/09/14 06:59:23.573, 5, 0, 78185
2026/09/14 06:59:24.073, 4, 0, 78189
2026/09/14 06:59:24.073, 5, 0, 78185
2026/09/14 06:59:24.573, 4, 0, 78189
2026/09/14 06:59:24.573, 5, 0, 78185
2026/09/14 06:59:25.073, 4, 0, 78189
2026/09/14 06:59:25.074, 5, 0, 78185
2026/09/14 06:59:25.574, 4, 10, 78189
2026/09/14 06:59:25.574, 5, 10, 78185
2026/09/14 06:59:26.074, 4, 0, 78189
2026/09/14 06:59:26.074, 5, 0, 78185
2026/09/14 06:59:26.574, 4, 0, 78189
2026/09/14 06:59:26.574, 5, 0, 78185
2026/09/14 06:59:27.074, 4, 0, 78189
2026/09/14 06:59:27.074, 5, 0, 78185
2026/09/14 06:59:27.574, 4, 0, 78189
2026/09/14 06:59:27.574, 5, 0, 78185
2026/09/14 06:59:28.075, 4, 0, 78189
2026/09/14 06:59:28.075, 5, 0, 78185
2026/09/14 06:59:28.576, 4, 0, 78189
2026/09/14 06:59:28.576, 5, 0, 78185
2026/09/14 06:59:29.076, 4, 0, 78189
2026/09/14 06:59:29.076, 5, 0, 78185
2026/09/14 06:59:29.577, 4, 0, 78189
2026/09/14 06:59:29.577, 5, 0, 78185
2026/09/14 06:59:30.078, 4, 0, 78189
2026/09/14 06:59:30.078, 5, 0, 78185
2026/09/14 06:59:30.578, 4, 0, 78189
2026/09/14 06:59:30.579, 5, 0, 78185
2026/09/14 06:59:31.079, 4, 9, 78189
2026/09/14 06:59:31.079, 5, 9, 78185
2026/09/14 06:59:31.579, 4, 0, 78189
2026/09/14 06:59:31.579, 5, 0, 78185
2026/09/14 06:59:32.079, 4, 0, 78189
2026/09/14 06:59:32.080, 5, 0, 78185
2026/09/14 06:59:32.580, 4, 0, 78189
2026/09/14 06:59:32.580, 5, 0, 78185
2026/09/14 06:59:33.081, 4, 0, 78189
2026/09/14 06:59:33.081, 5, 0, 78185
2026/09/14 06:59:33.581, 4, 1, 78189
2026/09/14 06:59:33.581, 5, 1, 78185
2026/09/14 06:59:34.081, 4, 0, 78189
2026/09/14 06:59:34.081, 5, 0, 78185
2026/09/14 06:59:34.581, 4, 0, 78189
2026/09/14 06:59:34.581, 5, 0, 78185
2026/09/14 06:59:35.081, 4, 0, 78189
2026/09/14 06:59:35.081, 5, 0, 78185
2026/09/14 06:59:35.581, 4, 0, 78189
2026/09/14 06:59:35.581, 5, 10, 78185
2026/09/14 06:59:36.082, 4, 0, 78189
2026/09/14 06:59:36.082, 5, 0, 78185
2026/09/14 06:59:36.582, 4, 0, 78189
2026/09/14 06:59:36.582, 5, 0, 78185
2026/09/14 06:59:37.082, 4, 0, 78189
2026/09/14 06:59:37.083, 5, 3, 78185
2026/09/14 06:59:37.584, 4, 3, 78189
2026/09/14 06:59:37.584, 5, 0, 78185
2026/09/14 06:59:38.084, 4, 0, 78189
2026/09/14 06:59:38.084, 5, 3, 78185
2026/09/14 06:59:38.584, 4, 3, 78189
2026/09/14 06:59:38.584, 5, 3, 78185
2026/09/14 06:59:39.084, 4, 11, 78189
2026/09/14 06:59:39.085, 5, 21, 78185
2026/09/14 06:59:39.585, 4, 6, 78189
2026/09/14 06:59:39.585, 5, 8, 78185
2026/09/14 06:59:40.085, 4, 6, 78189
2026/09/14 06:59:40.085, 5, 0, 78185
2026/09/14 06:59:40.585, 4, 6, 78189
2026/09/14 06:59:40.585, 5, 0, 78185
2026/09/14 06:59:41.085, 4, 5, 78189
2026/09/14 06:59:41.086, 5, 0, 78185
2026/09/14 06:59:41.586, 4, 0, 78189
2026/09/14 06:59:41.586, 5, 0, 78185
2026/09/14 06:59:42.087, 4, 0, 78189
2026/09/14 06:59:42.087, 5, 0, 78185
2026/09/14 06:59:42.587, 4, 0, 78189
2026/09/14 06:59:42.587, 5, 0, 78185
2026/09/14 06:59:43.088, 4, 0, 78189
2026/09/14 06:59:43.088, 5, 0, 78185
2026/09/14 06:59:43.588, 4, 0, 78189
2026/09/14 06:59:43.588, 5, 0, 78185
2026/09/14 06:59:44.088, 4, 0, 78189
2026/09/14 06:59:44.088, 5, 0, 78185
2026/09/14 06:59:44.589, 4, 0, 78189
2026/09/14 06:59:44.589, 5, 0, 78185
2026/09/14 06:59:45.089, 4, 0, 78189
2026/09/14 06:59:45.089, 5, 0, 78185
2026/09/14 06:59:45.589, 4, 0, 78189
2026/09/14 06:59:45.589, 5, 0, 78185
2026/09/14 06:59:46.089, 4, 0, 78189
2026/09/14 06:59:46.089, 5, 0, 78185
2026/09/14 06:59:46.590, 4, 0, 78189
2026/09/14 06:59:46.590, 5, 0, 78185
2026/09/14 06:59:47.090, 4, 0, 78189
2026/09/14 06:59:47.090, 5, 0, 78185
2026/09/14 06:59:47.590, 4, 0, 78189
2026/09/14 06:59:47.591, 5, 0, 78185
2026/09/14 06:59:48.091, 4, 0, 78189
2026/09/14 06:59:48.091, 5, 0, 78185
2026/09/14 06:59:48.591, 4, 0, 78189
2026/09/14 06:59:48.591, 5, 0, 78185
2026/09/14 06:59:49.091, 4, 0, 78189
2026/09/14 06:59:49.091, 5, 0, 78185
2026/09/14 06:59:49.592, 4, 0, 78189
2026/09/14 06:59:49.592, 5, 0, 78185
2026/09/14 06:59:50.092, 4, 0, 78189
2026/09/14 06:59:50.093, 5, 0, 78185
2026/09/14 06:59:50.593, 4, 0, 78189
2026/09/14 06:59:50.593, 5, 0, 78185
2026/09/14 06:59:51.093, 4, 0, 78189
2026/09/14 06:59:51.093, 5, 0, 78185
2026/09/14 06:59:51.593, 4, 0, 78189
2026/09/14 06:59:51.593, 5, 12, 78185
2026/09/14 06:59:52.093, 4, 0, 78189
2026/09/14 06:59:52.093, 5, 0, 78185
2026/09/14 06:59:52.593, 4, 0, 78189
2026/09/14 06:59:52.593, 5, 0, 78185
2026/09/14 06:59:53.094, 4, 0, 78189
2026/09/14 06:59:53.094, 5, 0, 78185
2026/09/14 06:59:53.594, 4, 0, 78189
2026/09/14 06:59:53.594, 5, 1, 78185
2026/09/14 06:59:54.094, 4, 0, 78189
2026/09/14 06:59:54.094, 5, 0, 78185
2026/09/14 06:59:54.594, 4, 0, 78189
2026/09/14 06:59:54.595, 5, 0, 78185
2026/09/14 06:59:55.095, 4, 0, 78189
2026/09/14 06:59:55.095, 5, 6, 78185
2026/09/14 06:59:55.595, 4, 0, 78189
2026/09/14 06:59:55.595, 5, 0, 78185
2026/09/14 06:59:56.095, 4, 28, 78189
2026/09/14 06:59:56.095, 5, 28, 78185
2026/09/14 06:59:56.595, 4, 17, 78189
2026/09/14 06:59:56.595, 5, 18, 78185
2026/09/14 06:59:57.096, 4, 3, 78189
2026/09/14 06:59:57.096, 5, 0, 78185
2026/09/14 06:59:57.596, 4, 0, 78189
2026/09/14 06:59:57.596, 5, 0, 78185
2026/09/14 06:59:58.096, 4, 0, 78189
2026/09/14 06:59:58.097, 5, 0, 78185
2026/09/14 06:59:58.597, 4, 0, 78189
2026/09/14 06:59:58.597, 5, 0, 78185
2026/09/14 06:59:59.097, 4, 0, 78189
2026/09/14 06:59:59.097, 5, 0, 78185
2026/09/14 06:59:59.597, 4, 0, 78189
2026/09/14 06:59:59.597, 5, 0, 78185
2026/09/14 07:00:00.097, 4, 0, 78189
2026/09/14 07:00:00.098, 5, 0, 78185
2026/09/14 07:00:00.599, 4, 0, 78189
2026/09/14 07:00:00.599, 5, 0, 78185
2026/09/14 07:00:01.099, 4, 0, 78189
2026/09/14 07:00:01.099, 5, 0, 78185
2026/09/14 07:00:01.599, 4, 0, 78189
2026/09/14 07:00:01.599, 5, 0, 78185
2026/09/14 07:00:02.099, 4, 0, 78189
2026/09/14 07:00:02.099, 5, 0, 78185
2026/09/14 07:00:02.600, 4, 0, 78189
2026/09/14 07:00:02.600, 5, 0, 78185
2026/09/14 07:00:03.100, 4, 0, 78189
2026/09/14 07:00:03.100, 5, 0, 78185
2026/09/14 07:00:03.600, 4, 0, 78189
2026/09/14 07:00:03.600, 5, 0, 78185
2026/09/14 07:00:04.100, 4, 0, 78189
2026/09/14 07:00:04.100, 5, 0, 78185
2026/09/14 07:00:04.600, 4, 0, 78189
2026/09/14 07:00:04.601, 5, 0, 78185
2026/09/14 07:00:05.101, 4, 0, 78189
2026/09/14 07:00:05.101, 5, 0, 78185
2026/09/14 07:00:05.602, 4, 0, 78189
2026/09/14 07:00:05.602, 5, 0, 78185
2026/09/14 07:00:06.102, 4, 0, 78189
2026/09/14 07:00:06.102, 5, 0, 78185
2026/09/14 07:00:06.602, 4, 0, 78189
2026/09/14 07:00:06.602, 5, 0, 78185
2026/09/14 07:00:07.102, 4, 0, 78189
2026/09/14 07:00:07.102, 5, 0, 78185
2026/09/14 07:00:07.602, 4, 0, 78189
2026/09/14 07:00:07.602, 5, 0, 78185
2026/09/14 07:00:08.103, 4, 0, 78189
2026/09/14 07:00:08.103, 5, 0, 78185
2026/09/14 07:00:08.603, 4, 0, 78189
2026/09/14 07:00:08.603, 5, 0, 78185
2026/09/14 07:00:09.103, 4, 0, 78189
2026/09/14 07:00:09.104, 5, 0, 78185
2026/09/14 07:00:09.604, 4, 0, 78189
2026/09/14 07:00:09.604, 5, 0, 78185
2026/09/14 07:00:10.105, 4, 0, 78189
2026/09/14 07:00:10.105, 5, 0, 78185
2026/09/14 07:00:10.605, 4, 0, 78189
2026/09/14 07:00:10.605, 5, 0, 78185
2026/09/14 07:00:11.105, 4, 0, 78189
2026/09/14 07:00:11.106, 5, 0, 78185
2026/09/14 07:00:11.606, 4, 0, 78189
2026/09/14 07:00:11.606, 5, 0, 78185
2026/09/14 07:00:12.106, 4, 0, 78189
2026/09/14 07:00:12.106, 5, 0, 78185
2026/09/14 07:00:12.606, 4, 0, 78189
2026/09/14 07:00:12.606, 5, 0, 78185
2026/09/14 07:00:13.106, 4, 0, 78189
2026/09/14 07:00:13.106, 5, 10, 78185
2026/09/14 07:00:13.607, 4, 29, 78189
2026/09/14 07:00:13.607, 5, 29, 78185
2026/09/14 07:00:14.107, 4, 0, 78189
2026/09/14 07:00:14.107, 5, 0, 78185
2026/09/14 07:00:14.607, 4, 0, 78189
2026/09/14 07:00:14.607, 5, 0, 78185
2026/09/14 07:00:15.107, 4, 0, 78189
2026/09/14 07:00:15.107, 5, 0, 78185
2026/09/14 07:00:15.608, 4, 0, 78189
2026/09/14 07:00:15.608, 5, 0, 78185
2026/09/14 07:00:16.108, 4, 0, 78189
2026/09/14 07:00:16.108, 5, 0, 78185
2026/09/14 07:00:16.608, 4, 0, 78189
2026/09/14 07:00:16.609, 5, 0, 78185
2026/09/14 07:00:17.109, 4, 0, 78189
2026/09/14 07:00:17.109, 5, 0, 78185
2026/09/14 07:00:17.609, 4, 0, 78189
2026/09/14 07:00:17.609, 5, 0, 78185
2026/09/14 07:00:18.109, 4, 0, 78189
2026/09/14 07:00:18.109, 5, 0, 78185
2026/09/14 07:00:18.609, 4, 0, 78189
2026/09/14 07:00:18.609, 5, 0, 78185
2026/09/14 07:00:19.110, 4, 0, 78189
2026/09/14 07:00:19.110, 5, 0, 78185
2026/09/14 07:00:19.610, 4, 0, 78189
2026/09/14 07:00:19.610, 5, 0, 78185
2026/09/14 07:00:20.110, 4, 0, 78189
2026/09/14 07:00:20.110, 5, 0, 78185
2026/09/14 07:00:20.610, 4, 0, 78189
2026/09/14 07:00:20.610, 5, 0, 78185
2026/09/14 07:00:21.110, 4, 0, 78189
2026/09/14 07:00:21.110, 5, 0, 78185
2026/09/14 07:00:21.611, 4, 0, 78189
2026/09/14 07:00:21.611, 5, 0, 78185
2026/09/14 07:00:22.111, 4, 21, 78189
2026/09/14 07:00:22.111, 5, 12, 78185
2026/09/14 07:00:22.611, 4, 0, 78189
2026/09/14 07:00:22.611, 5, 0, 78185
2026/09/14 07:00:23.111, 4, 0, 78189
2026/09/14 07:00:23.111, 5, 0, 78185
2026/09/14 07:00:23.612, 4, 0, 78189
2026/09/14 07:00:23.612, 5, 0, 78185
2026/09/14 07:00:24.112, 4, 0, 78189
2026/09/14 07:00:24.112, 5, 10, 78185
2026/09/14 07:00:24.612, 4, 0, 78189
2026/09/14 07:00:24.612, 5, 1, 78185
2026/09/14 07:00:25.112, 4, 9, 78189
2026/09/14 07:00:25.113, 5, 0, 78185
2026/09/14 07:00:25.613, 4, 0, 78189
2026/09/14 07:00:25.613, 5, 9, 78185
2026/09/14 07:00:26.113, 4, 0, 78189
2026/09/14 07:00:26.113, 5, 0, 78185
2026/09/14 07:00:26.613, 4, 0, 78189
2026/09/14 07:00:26.614, 5, 0, 78185
2026/09/14 07:00:27.114, 4, 0, 78189
2026/09/14 07:00:27.115, 5, 1, 78185
2026/09/14 07:00:27.615, 4, 0, 78189
2026/09/14 07:00:27.616, 5, 0, 78185
2026/09/14 07:00:28.116, 4, 0, 78189
2026/09/14 07:00:28.116, 5, 0, 78185
2026/09/14 07:00:28.616, 4, 0, 78189
2026/09/14 07:00:28.616, 5, 0, 78185
2026/09/14 07:00:29.116, 4, 0, 78189
2026/09/14 07:00:29.116, 5, 0, 78185
2026/09/14 07:00:29.617, 4, 0, 78189
2026/09/14 07:00:29.617, 5, 0, 78185
2026/09/14 07:00:30.117, 4, 0, 78189
2026/09/14 07:00:30.117, 5, 0, 78185
2026/09/14 07:00:30.617, 4, 0, 78189
2026/09/14 07:00:30.617, 5, 0, 78185
2026/09/14 07:00:31.118, 4, 0, 78189
2026/09/14 07:00:31.118, 5, 0, 78185
2026/09/14 07:00:31.619, 4, 0, 78189
2026/09/14 07:00:31.619, 5, 0, 78185
2026/09/14 07:00:32.119, 4, 0, 78189
2026/09/14 07:00:32.119, 5, 0, 78185
2026/09/14 07:00:32.619, 4, 0, 78189
2026/09/14 07:00:32.619, 5, 0, 78185
2026/09/14 07:00:33.119, 4, 0, 78189
2026/09/14 07:00:33.119, 5, 0, 78185
2026/09/14 07:00:33.619, 4, 0, 78189
2026/09/14 07:00:33.619, 5, 0, 78185
2026/09/14 07:00:34.120, 4, 0, 78189
2026/09/14 07:00:34.120, 5, 0, 78185
2026/09/14 07:00:34.620, 4, 0, 78189
2026/09/14 07:00:34.620, 5, 0, 78185
2026/09/14 07:00:35.121, 4, 0, 78189
2026/09/14 07:00:35.121, 5, 0, 78185
2026/09/14 07:00:35.621, 4, 0, 78189
2026/09/14 07:00:35.621, 5, 0, 78185
2026/09/14 07:00:36.121, 4, 0, 78189
2026/09/14 07:00:36.122, 5, 0, 78185
2026/09/14 07:00:36.622, 4, 0, 78189
2026/09/14 07:00:36.622, 5, 0, 78185
2026/09/14 07:00:37.122, 4, 0, 78189
2026/09/14 07:00:37.122, 5, 0, 78185
2026/09/14 07:00:37.622, 4, 0, 78189
2026/09/14 07:00:37.622, 5, 0, 78185
2026/09/14 07:00:38.122, 4, 0, 78189
2026/09/14 07:00:38.123, 5, 0, 78185
2026/09/14 07:00:38.623, 4, 0, 78189
2026/09/14 07:00:38.624, 5, 0, 78185
2026/09/14 07:00:39.124, 4, 0, 78189
2026/09/14 07:00:39.124, 5, 0, 78185
2026/09/14 07:00:39.624, 4, 0, 78189
2026/09/14 07:00:39.624, 5, 0, 78185
2026/09/14 07:00:40.125, 4, 0, 78189
2026/09/14 07:00:40.125, 5, 0, 78185
2026/09/14 07:00:40.625, 4, 0, 78189
2026/09/14 07:00:40.627, 5, 0, 78185
2026/09/14 07:00:41.128, 4, 0, 78189
2026/09/14 07:00:41.128, 5, 0, 78185
2026/09/14 07:00:41.628, 4, 0, 78189
2026/09/14 07:00:41.628, 5, 0, 78185
2026/09/14 07:00:42.128, 4, 0, 78189
2026/09/14 07:00:42.129, 5, 0, 78185
2026/09/14 07:00:42.629, 4, 0, 78189
2026/09/14 07:00:42.629, 5, 0, 78185
2026/09/14 07:00:43.129, 4, 0, 78189
2026/09/14 07:00:43.129, 5, 0, 78185
2026/09/14 07:00:43.629, 4, 0, 78189
2026/09/14 07:00:43.630, 5, 0, 78185
2026/09/14 07:00:44.131, 4, 0, 78189
2026/09/14 07:00:44.131, 5, 0, 78185
2026/09/14 07:00:44.631, 4, 0, 78189
2026/09/14 07:00:44.633, 5, 0, 78185
2026/09/14 07:00:45.133, 4, 0, 78189
2026/09/14 07:00:45.133, 5, 0, 78185
2026/09/14 07:00:45.633, 4, 0, 78189
2026/09/14 07:00:45.634, 5, 0, 78185
2026/09/14 07:00:46.134, 4, 0, 78189
2026/09/14 07:00:46.134, 5, 0, 78185
2026/09/14 07:00:46.634, 4, 0, 78189
2026/09/14 07:00:46.634, 5, 0, 78185
2026/09/14 07:00:47.134, 4, 0, 78189
2026/09/14 07:00:47.134, 5, 0, 78185
2026/09/14 07:00:47.634, 4, 0, 78189
2026/09/14 07:00:47.634, 5, 0, 78185
2026/09/14 07:00:48.135, 4, 0, 78189
2026/09/14 07:00:48.135, 5, 0, 78185
2026/09/14 07:00:48.636, 4, 0, 78189
2026/09/14 07:00:48.636, 5, 0, 78185
2026/09/14 07:00:49.136, 4, 0, 78189
2026/09/14 07:00:49.136, 5, 0, 78185
2026/09/14 07:00:49.637, 4, 0, 78189
2026/09/14 07:00:49.637, 5, 0, 78185
2026/09/14 07:00:50.137, 4, 0, 78189
2026/09/14 07:00:50.137, 5, 0, 78185
2026/09/14 07:00:50.637, 4, 0, 78189
2026/09/14 07:00:50.637, 5, 0, 78185
2026/09/14 07:00:51.137, 4, 0, 78189
2026/09/14 07:00:51.137, 5, 0, 78185
2026/09/14 07:00:51.637, 4, 0, 78189
2026/09/14 07:00:51.638, 5, 0, 78185
2026/09/14 07:00:52.138, 4, 0, 78189
2026/09/14 07:00:52.138, 5, 0, 78185
2026/09/14 07:00:52.638, 4, 0, 78189
2026/09/14 07:00:52.638, 5, 0, 78185
2026/09/14 07:00:53.138, 4, 0, 78189
2026/09/14 07:00:53.138, 5, 0, 78185
2026/09/14 07:00:53.638, 4, 0, 78189
2026/09/14 07:00:53.638, 5, 0, 78185
2026/09/14 07:00:54.138, 4, 0, 78189
2026/09/14 07:00:54.138, 5, 0, 78185
2026/09/14 07:00:54.639, 4, 0, 78189
2026/09/14 07:00:54.639, 5, 0, 78185
2026/09/14 07:00:55.139, 4, 0, 78189
2026/09/14 07:00:55.139, 5, 0, 78185
2026/09/14 07:00:55.639, 4, 0, 78189
2026/09/14 07:00:55.639, 5, 0, 78185
2026/09/14 07:00:56.139, 4, 0, 78189
2026/09/14 07:00:56.139, 5, 0, 78185
2026/09/14 07:00:56.639, 4, 0, 78189
2026/09/14 07:00:56.640, 5, 0, 78185
2026/09/14 07:00:57.141, 4, 0, 78189
2026/09/14 07:00:57.141, 5, 0, 78185
2026/09/14 07:00:57.642, 4, 0, 78189
2026/09/14 07:00:57.642, 5, 0, 78185
2026/09/14 07:00:58.142, 4, 0, 78189
2026/09/14 07:00:58.142, 5, 0, 78185
2026/09/14 07:00:58.642, 4, 0, 78189
2026/09/14 07:00:58.642, 5, 0, 78185
2026/09/14 07:00:59.142, 4, 0, 78189
2026/09/14 07:00:59.142, 5, 0, 78185
2026/09/14 07:00:59.642, 4, 0, 78189
2026/09/14 07:00:59.643, 5, 0, 78185
2026/09/14 07:01:00.143, 4, 0, 78189
2026/09/14 07:01:00.143, 5, 0, 78185
2026/09/14 07:01:00.643, 4, 0, 78189
2026/09/14 07:01:00.643, 5, 0, 78185
2026/09/14 07:01:01.143, 4, 0, 78189
2026/09/14 07:01:01.143, 5, 0, 78185
2026/09/14 07:01:01.643, 4, 0, 78189
2026/09/14 07:01:01.643, 5, 0, 78185
2026/09/14 07:01:02.143, 4, 0, 78189
2026/09/14 07:01:02.144, 5, 0, 78185
2026/09/14 07:01:02.644, 4, 0, 78189
2026/09/14 07:01:02.644, 5, 0, 78185
2026/09/14 07:01:03.144, 4, 0, 78189
2026/09/14 07:01:03.144, 5, 0, 78185
2026/09/14 07:01:03.644, 4, 0, 78189
2026/09/14 07:01:03.644, 5, 0, 78185
2026/09/14 07:01:04.144, 4, 0, 78189
2026/09/14 07:01:04.145, 5, 0, 78185
2026/09/14 07:01:04.646, 4, 0, 78189
2026/09/14 07:01:04.646, 5, 0, 78185
2026/09/14 07:01:05.146, 4, 1, 78201
2026/09/14 07:01:05.146, 5, 0, 78201
2026/09/14 07:01:05.647, 4, 99, 78639
2026/09/14 07:01:05.647, 5, 99, 78639
2026/09/14 07:01:06.147, 4, 100, 78639
2026/09/14 07:01:06.147, 5, 100, 78639
2026/09/14 07:01:06.647, 4, 100, 78639
2026/09/14 07:01:06.647, 5, 100, 78639
2026/09/14 07:01:07.147, 4, 33, 78639
2026/09/14 07:01:07.147, 5, 4, 78639
2026/09/14 07:01:07.647, 4, 99, 78639
2026/09/14 07:01:07.647, 5, 99, 78639
2026/09/14 07:01:08.148, 4, 100, 78639
2026/09/14 07:01:08.148, 5, 100, 78639
2026/09/14 07:01:08.648, 4, 100, 78639
2026/09/14 07:01:08.648, 5, 100, 78639
2026/09/14 07:01:09.148, 4, 0, 78639
2026/09/14 07:01:09.148, 5, 12, 78639
2026/09/14 07:01:09.648, 4, 0, 78639
2026/09/14 07:01:09.648, 5, 0, 78639
2026/09/14 07:01:10.149, 4, 10, 78639
2026/09/14 07:01:10.149, 5, 0, 78639
2026/09/14 07:01:10.649, 4, 0, 78639
2026/09/14 07:01:10.649, 5, 0, 78639
2026/09/14 07:01:11.149, 4, 0, 78639
2026/09/14 07:01:11.149, 5, 0, 78639
2026/09/14 07:01:11.649, 4, 0, 78639
2026/09/14 07:01:11.649, 5, 3, 78639
2026/09/14 07:01:12.150, 4, 0, 78639
2026/09/14 07:01:12.150, 5, 3, 78639
2026/09/14 07:01:12.650, 4, 0, 78639
2026/09/14 07:01:12.650, 5, 19, 78639
2026/09/14 07:01:13.150, 4, 11, 78639
2026/09/14 07:01:13.150, 5, 17, 78639
2026/09/14 07:01:13.650, 4, 0, 78639
2026/09/14 07:01:13.650, 5, 0, 78639
2026/09/14 07:01:14.150, 4, 0, 78639
2026/09/14 07:01:14.150, 5, 0, 78639
2026/09/14 07:01:14.651, 4, 0, 78639
2026/09/14 07:01:14.651, 5, 0, 78639
2026/09/14 07:01:15.151, 4, 0, 78639
2026/09/14 07:01:15.151, 5, 0, 78639
2026/09/14 07:01:15.651, 4, 0, 78639
2026/09/14 07:01:15.651, 5, 0, 78639
2026/09/14 07:01:16.152, 4, 0, 78639
2026/09/14 07:01:16.152, 5, 0, 78639
2026/09/14 07:01:16.652, 4, 0, 78639
2026/09/14 07:01:16.652, 5, 0, 78639
2026/09/14 07:01:17.152, 4, 0, 78639
2026/09/14 07:01:17.152, 5, 0, 78639
2026/09/14 07:01:17.652, 4, 0, 78639
2026/09/14 07:01:17.652, 5, 0, 78639
2026/09/14 07:01:18.152, 4, 0, 78639
2026/09/14 07:01:18.153, 5, 0, 78639
2026/09/14 07:01:18.653, 4, 0, 78639
2026/09/14 07:01:18.653, 5, 0, 78639
2026/09/14 07:01:19.153, 4, 0, 78639
2026/09/14 07:01:19.153, 5, 0, 78639
2026/09/14 07:01:19.653, 4, 0, 78639
2026/09/14 07:01:19.653, 5, 0, 78639
2026/09/14 07:01:20.153, 4, 0, 78639
2026/09/14 07:01:20.153, 5, 0, 78639
2026/09/14 07:01:20.653, 4, 0, 78639
2026/09/14 07:01:20.654, 5, 0, 78639
2026/09/14 07:01:21.154, 4, 0, 78639
2026/09/14 07:01:21.154, 5, 0, 78639
2026/09/14 07:01:21.654, 4, 0, 78639
2026/09/14 07:01:21.654, 5, 0, 78639
2026/09/14 07:01:22.154, 4, 2, 78639
2026/09/14 07:01:22.156, 5, 0, 78639
2026/09/14 07:01:22.656, 4, 1, 78639
2026/09/14 07:01:22.656, 5, 0, 78639
2026/09/14 07:01:23.156, 4, 0, 78639
2026/09/14 07:01:23.157, 5, 0, 78639
2026/09/14 07:01:23.657, 4, 6, 78639
2026/09/14 07:01:23.657, 5, 0, 78639
2026/09/14 07:01:24.157, 4, 31, 78639
2026/09/14 07:01:24.157, 5, 31, 78639
2026/09/14 07:01:24.657, 4, 27, 78639
2026/09/14 07:01:24.657, 5, 30, 78639
2026/09/14 07:01:25.158, 4, 31, 78639
2026/09/14 07:01:25.158, 5, 28, 78639
2026/09/14 07:01:25.658, 4, 0, 78639
2026/09/14 07:01:25.658, 5, 0, 78639
2026/09/14 07:01:26.158, 4, 0, 78639
2026/09/14 07:01:26.158, 5, 0, 78639
2026/09/14 07:01:26.658, 4, 0, 78639
2026/09/14 07:01:26.658, 5, 0, 78639
2026/09/14 07:01:27.159, 4, 0, 78639
2026/09/14 07:01:27.159, 5, 0, 78639
2026/09/14 07:01:27.659, 4, 0, 78639
2026/09/14 07:01:27.659, 5, 0, 78639
2026/09/14 07:01:28.159, 4, 0, 78639
2026/09/14 07:01:28.159, 5, 0, 78639
2026/09/14 07:01:28.659, 4, 0, 78639
2026/09/14 07:01:28.659, 5, 0, 78639
2026/09/14 07:01:29.160, 4, 0, 78639
2026/09/14 07:01:29.160, 5, 0, 78639
2026/09/14 07:01:29.660, 4, 0, 78639
2026/09/14 07:01:29.660, 5, 0, 78639
2026/09/14 07:01:30.160, 4, 0, 78639
2026/09/14 07:01:30.160, 5, 0, 78639
2026/09/14 07:01:30.660, 4, 0, 78639
2026/09/14 07:01:30.660, 5, 0, 78639
2026/09/14 07:01:31.160, 4, 0, 78639
2026/09/14 07:01:31.160, 5, 0, 78639
2026/09/14 07:01:31.661, 4, 0, 78639
2026/09/14 07:01:31.661, 5, 0, 78639
2026/09/14 07:01:32.161, 4, 0, 78639
2026/09/14 07:01:32.162, 5, 0, 78639
2026/09/14 07:01:32.662, 4, 0, 78639
2026/09/14 07:01:32.662, 5, 0, 78639
2026/09/14 07:01:33.162, 4, 0, 78639
2026/09/14 07:01:33.164, 5, 0, 78639
2026/09/14 07:01:33.665, 4, 0, 78639
2026/09/14 07:01:33.665, 5, 0, 78639
2026/09/14 07:01:34.166, 4, 0, 78639
2026/09/14 07:01:34.166, 5, 0, 78639
2026/09/14 07:01:34.666, 4, 0, 78639
2026/09/14 07:01:34.666, 5, 0, 78639
2026/09/14 07:01:35.166, 4, 0, 78639
2026/09/14 07:01:35.166, 5, 0, 78639
2026/09/14 07:01:35.666, 4, 0, 78639
2026/09/14 07:01:35.666, 5, 0, 78639
2026/09/14 07:01:36.166, 4, 0, 78639
2026/09/14 07:01:36.167, 5, 0, 78639
2026/09/14 07:01:36.667, 4, 0, 78639
2026/09/14 07:01:36.667, 5, 0, 78639
2026/09/14 07:01:37.167, 4, 0, 78639
2026/09/14 07:01:37.167, 5, 0, 78639
2026/09/14 07:01:37.667, 4, 0, 78639
2026/09/14 07:01:37.667, 5, 0, 78639
2026/09/14 07:01:38.168, 4, 0, 78639
2026/09/14 07:01:38.169, 5, 0, 78639
2026/09/14 07:01:38.669, 4, 0, 78639
2026/09/14 07:01:38.670, 5, 0, 78639
2026/09/14 07:01:39.170, 4, 0, 78639
2026/09/14 07:01:39.170, 5, 0, 78639
2026/09/14 07:01:39.670, 4, 0, 78639
2026/09/14 07:01:39.670, 5, 0, 78639
2026/09/14 07:01:40.170, 4, 0, 78639
2026/09/14 07:01:40.170, 5, 0, 78639
2026/09/14 07:01:40.670, 4, 0, 78639
2026/09/14 07:01:40.670, 5, 0, 78639
2026/09/14 07:01:41.171, 4, 0, 78639
2026/09/14 07:01:41.171, 5, 0, 78639
2026/09/14 07:01:41.671, 4, 29, 78639
2026/09/14 07:01:41.671, 5, 29, 78639
2026/09/14 07:01:42.171, 4, 0, 78639
2026/09/14 07:01:42.172, 5, 0, 78639
2026/09/14 07:01:42.672, 4, 0, 78639
2026/09/14 07:01:42.673, 5, 0, 78639
2026/09/14 07:01:43.173, 4, 0, 78639
2026/09/14 07:01:43.174, 5, 0, 78639
2026/09/14 07:01:43.674, 4, 0, 78639
2026/09/14 07:01:43.674, 5, 0, 78639
2026/09/14 07:01:44.174, 4, 0, 78639
2026/09/14 07:01:44.174, 5, 0, 78639
2026/09/14 07:01:44.675, 4, 0, 78639
2026/09/14 07:01:44.675, 5, 0, 78639
2026/09/14 07:01:45.175, 4, 0, 78639
2026/09/14 07:01:45.175, 5, 0, 78639
2026/09/14 07:01:45.676, 4, 0, 78639
2026/09/14 07:01:45.676, 5, 0, 78639
2026/09/14 07:01:46.176, 4, 0, 78639
2026/09/14 07:01:46.176, 5, 0, 78639
2026/09/14 07:01:46.676, 4, 0, 78639
2026/09/14 07:01:46.676, 5, 0, 78639
2026/09/14 07:01:47.176, 4, 0, 78639
2026/09/14 07:01:47.176, 5, 0, 78639
2026/09/14 07:01:47.676, 4, 0, 78639
2026/09/14 07:01:47.678, 5, 0, 78639
2026/09/14 07:01:48.178, 4, 0, 78639
2026/09/14 07:01:48.178, 5, 0, 78639
2026/09/14 07:01:48.679, 4, 0, 78639
2026/09/14 07:01:48.679, 5, 0, 78639
2026/09/14 07:01:49.179, 4, 0, 78639
2026/09/14 07:01:49.179, 5, 0, 78639
2026/09/14 07:01:49.679, 4, 0, 78639
2026/09/14 07:01:49.679, 5, 0, 78639
2026/09/14 07:01:50.180, 4, 9, 78639
2026/09/14 07:01:50.180, 5, 10, 78639
2026/09/14 07:01:50.680, 4, 0, 78639
2026/09/14 07:01:50.680, 5, 0, 78639
2026/09/14 07:01:51.180, 4, 0, 78639
2026/09/14 07:01:51.180, 5, 0, 78639
2026/09/14 07:01:51.680, 4, 0, 78639
2026/09/14 07:01:51.680, 5, 0, 78639
2026/09/14 07:01:52.180, 4, 12, 78639
2026/09/14 07:01:52.180, 5, 0, 78639
2026/09/14 07:01:52.681, 4, 0, 78639
2026/09/14 07:01:52.681, 5, 0, 78639
2026/09/14 07:01:53.182, 4, 9, 78639
2026/09/14 07:01:53.182, 5, 0, 78639
2026/09/14 07:01:53.682, 4, 0, 78639
2026/09/14 07:01:53.682, 5, 0, 78639
2026/09/14 07:01:54.182, 4, 0, 78639
2026/09/14 07:01:54.182, 5, 0, 78639
2026/09/14 07:01:54.682, 4, 0, 78639
2026/09/14 07:01:54.682, 5, 0, 78639
2026/09/14 07:01:55.183, 4, 21, 78639
2026/09/14 07:01:55.183, 5, 12, 78639
2026/09/14 07:01:55.683, 4, 29, 78639
2026/09/14 07:01:55.683, 5, 9, 78639
2026/09/14 07:01:56.183, 4, 0, 78639
2026/09/14 07:01:56.183, 5, 0, 78639
2026/09/14 07:01:56.683, 4, 0, 78639
2026/09/14 07:01:56.683, 5, 0, 78639
2026/09/14 07:01:57.183, 4, 0, 78639
2026/09/14 07:01:57.183, 5, 0, 78639
2026/09/14 07:01:57.684, 4, 0, 78639
2026/09/14 07:01:57.684, 5, 0, 78639
2026/09/14 07:01:58.184, 4, 0, 78639
2026/09/14 07:01:58.184, 5, 0, 78639
2026/09/14 07:01:58.684, 4, 0, 78639
2026/09/14 07:01:58.684, 5, 0, 78639
2026/09/14 07:01:59.185, 4, 0, 78639
2026/09/14 07:01:59.185, 5, 0, 78639
2026/09/14 07:01:59.685, 4, 0, 78639
2026/09/14 07:01:59.685, 5, 0, 78639
2026/09/14 07:02:00.185, 4, 0, 78639
2026/09/14 07:02:00.185, 5, 0, 78639
2026/09/14 07:02:00.685, 4, 0, 78639
2026/09/14 07:02:00.685, 5, 0, 78639
2026/09/14 07:02:01.186, 4, 0, 78639
2026/09/14 07:02:01.186, 5, 0, 78639
2026/09/14 07:02:01.686, 4, 0, 78639
2026/09/14 07:02:01.686, 5, 0, 78639
2026/09/14 07:02:02.187, 4, 0, 78639
2026/09/14 07:02:02.187, 5, 0, 78639
2026/09/14 07:02:02.687, 4, 0, 78639
2026/09/14 07:02:02.687, 5, 0, 78639
2026/09/14 07:02:03.187, 4, 0, 78639
2026/09/14 07:02:03.187, 5, 0, 78639
2026/09/14 07:02:03.687, 4, 0, 78639
2026/09/14 07:02:03.687, 5, 0, 78639
2026/09/14 07:02:04.187, 4, 0, 78639
2026/09/14 07:02:04.187, 5, 0, 78639
2026/09/14 07:02:04.688, 4, 3, 78639
2026/09/14 07:02:04.688, 5, 2, 78639
2026/09/14 07:02:05.188, 4, 0, 78639
2026/09/14 07:02:05.188, 5, 0, 78639
2026/09/14 07:02:05.689, 4, 0, 78639
2026/09/14 07:02:05.689, 5, 0, 78639
2026/09/14 07:02:06.189, 4, 0, 78639
2026/09/14 07:02:06.190, 5, 0, 78639
2026/09/14 07:02:06.690, 4, 28, 78639
2026/09/14 07:02:06.690, 5, 29, 78639
2026/09/14 07:02:07.190, 4, 30, 78639
2026/09/14 07:02:07.190, 5, 29, 78639
2026/09/14 07:02:07.691, 4, 30, 78639
2026/09/14 07:02:07.691, 5, 10, 78639
2026/09/14 07:02:08.191, 4, 0, 78639
2026/09/14 07:02:08.191, 5, 0, 78639
2026/09/14 07:02:08.692, 4, 0, 78639
2026/09/14 07:02:08.692, 5, 0, 78639
2026/09/14 07:02:09.192, 4, 0, 78639
2026/09/14 07:02:09.193, 5, 0, 78639
2026/09/14 07:02:09.693, 4, 0, 78639
2026/09/14 07:02:09.693, 5, 0, 78639
2026/09/14 07:02:10.194, 4, 0, 78639
2026/09/14 07:02:10.194, 5, 0, 78639
2026/09/14 07:02:10.694, 4, 0, 78639
2026/09/14 07:02:10.694, 5, 0, 78639
2026/09/14 07:02:11.194, 4, 0, 78639
2026/09/14 07:02:11.194, 5, 0, 78639
2026/09/14 07:02:11.694, 4, 0, 78639
2026/09/14 07:02:11.694, 5, 0, 78639
2026/09/14 07:02:12.194, 4, 0, 78639
2026/09/14 07:02:12.194, 5, 0, 78639
2026/09/14 07:02:12.694, 4, 0, 78639
2026/09/14 07:02:12.695, 5, 0, 78639
2026/09/14 07:02:13.196, 4, 0, 78639
2026/09/14 07:02:13.196, 5, 0, 78639
2026/09/14 07:02:13.696, 4, 0, 78639
2026/09/14 07:02:13.697, 5, 0, 78639
2026/09/14 07:02:14.197, 4, 0, 78639
2026/09/14 07:02:14.197, 5, 0, 78639
2026/09/14 07:02:14.697, 4, 0, 78639
2026/09/14 07:02:14.698, 5, 0, 78639
2026/09/14 07:02:15.198, 4, 0, 78639
2026/09/14 07:02:15.198, 5, 0, 78639
2026/09/14 07:02:15.698, 4, 0, 78639
2026/09/14 07:02:15.698, 5, 0, 78639
2026/09/14 07:02:16.198, 4, 0, 78639
2026/09/14 07:02:16.198, 5, 0, 78639
2026/09/14 07:02:16.698, 4, 0, 78639
2026/09/14 07:02:16.698, 5, 0, 78639
2026/09/14 07:02:17.198, 4, 0, 78639
2026/09/14 07:02:17.198, 5, 0, 78639
2026/09/14 07:02:17.699, 4, 0, 78639
2026/09/14 07:02:17.699, 5, 0, 78639
2026/09/14 07:02:18.199, 4, 0, 78639
2026/09/14 07:02:18.199, 5, 0, 78639
2026/09/14 07:02:18.699, 4, 0, 78639
2026/09/14 07:02:18.699, 5, 0, 78639
2026/09/14 07:02:19.199, 4, 0, 78639
2026/09/14 07:02:19.199, 5, 0, 78639
2026/09/14 07:02:19.700, 4, 0, 78639
2026/09/14 07:02:19.700, 5, 0, 78639
2026/09/14 07:02:20.200, 4, 0, 78639
2026/09/14 07:02:20.200, 5, 0, 78639
2026/09/14 07:02:20.700, 4, 0, 78639
2026/09/14 07:02:20.700, 5, 0, 78639
2026/09/14 07:02:21.200, 4, 0, 78639
2026/09/14 07:02:21.200, 5, 0, 78639
2026/09/14 07:02:21.700, 4, 0, 78639
2026/09/14 07:02:21.700, 5, 0, 78639
2026/09/14 07:02:22.200, 4, 0, 78639
2026/09/14 07:02:22.201, 5, 0, 78639
2026/09/14 07:02:22.701, 4, 0, 78639
2026/09/14 07:02:22.701, 5, 0, 78639
2026/09/14 07:02:23.201, 4, 0, 78639
2026/09/14 07:02:23.201, 5, 0, 78639
2026/09/14 07:02:23.701, 4, 0, 78639
2026/09/14 07:02:23.701, 5, 10, 78639
2026/09/14 07:02:24.201, 4, 30, 78639
2026/09/14 07:02:24.201, 5, 31, 78639
2026/09/14 07:02:24.702, 4, 0, 78639
2026/09/14 07:02:24.702, 5, 0, 78639
2026/09/14 07:02:25.202, 4, 0, 78639
2026/09/14 07:02:25.202, 5, 0, 78639
2026/09/14 07:02:25.702, 4, 0, 78639
2026/09/14 07:02:25.702, 5, 0, 78639
2026/09/14 07:02:26.203, 4, 0, 78639
2026/09/14 07:02:26.203, 5, 0, 78639
2026/09/14 07:02:26.703, 4, 0, 78639
2026/09/14 07:02:26.703, 5, 0, 78639
2026/09/14 07:02:27.203, 4, 0, 78639
2026/09/14 07:02:27.203, 5, 0, 78639
2026/09/14 07:02:27.703, 4, 0, 78639
2026/09/14 07:02:27.703, 5, 0, 78639
2026/09/14 07:02:28.203, 4, 0, 78639
2026/09/14 07:02:28.204, 5, 0, 78639
2026/09/14 07:02:28.704, 4, 0, 78639
2026/09/14 07:02:28.704, 5, 0, 78639
2026/09/14 07:02:29.204, 4, 0, 78639
2026/09/14 07:02:29.204, 5, 0, 78639
2026/09/14 07:02:29.704, 4, 0, 78639
2026/09/14 07:02:29.704, 5, 0, 78639
2026/09/14 07:02:30.205, 4, 0, 78639
2026/09/14 07:02:30.205, 5, 0, 78639
2026/09/14 07:02:30.706, 4, 0, 78639
2026/09/14 07:02:30.706, 5, 0, 78639
2026/09/14 07:02:31.206, 4, 0, 78639
2026/09/14 07:02:31.206, 5, 0, 78639
2026/09/14 07:02:31.706, 4, 0, 78639
2026/09/14 07:02:31.706, 5, 0, 78639
2026/09/14 07:02:32.206, 4, 0, 78639
2026/09/14 07:02:32.206, 5, 0, 78639
2026/09/14 07:02:32.706, 4, 16, 78639
2026/09/14 07:02:32.707, 5, 0, 78639
2026/09/14 07:02:33.207, 4, 0, 78639
2026/09/14 07:02:33.207, 5, 0, 78639
2026/09/14 07:02:33.707, 4, 0, 78639
2026/09/14 07:02:33.707, 5, 0, 78639
2026/09/14 07:02:34.207, 4, 0, 78639
2026/09/14 07:02:34.207, 5, 0, 78639
2026/09/14 07:02:34.707, 4, 10, 78639
2026/09/14 07:02:34.707, 5, 9, 78639
2026/09/14 07:02:35.208, 4, 0, 78639
2026/09/14 07:02:35.208, 5, 0, 78639
2026/09/14 07:02:35.708, 4, 0, 78639
2026/09/14 07:02:35.709, 5, 9, 78639
2026/09/14 07:02:36.209, 4, 0, 78639
2026/09/14 07:02:36.209, 5, 0, 78639
2026/09/14 07:02:36.709, 4, 9, 78639
2026/09/14 07:02:36.709, 5, 9, 78639
2026/09/14 07:02:37.209, 4, 0, 78639
2026/09/14 07:02:37.209, 5, 0, 78639
2026/09/14 07:02:37.709, 4, 22, 78639
2026/09/14 07:02:37.709, 5, 26, 78639
2026/09/14 07:02:38.209, 4, 5, 78639
2026/09/14 07:02:38.210, 5, 5, 78639
2026/09/14 07:02:38.710, 4, 0, 78639
2026/09/14 07:02:38.710, 5, 0, 78639
2026/09/14 07:02:39.210, 4, 0, 78639
2026/09/14 07:02:39.210, 5, 0, 78639
2026/09/14 07:02:39.711, 4, 0, 78639
2026/09/14 07:02:39.711, 5, 0, 78639
2026/09/14 07:02:40.211, 4, 0, 78639
2026/09/14 07:02:40.211, 5, 0, 78639
2026/09/14 07:02:40.711, 4, 0, 78639
2026/09/14 07:02:40.711, 5, 0, 78639
2026/09/14 07:02:41.211, 4, 0, 78639
2026/09/14 07:02:41.211, 5, 0, 78639
2026/09/14 07:02:41.711, 4, 0, 78639
2026/09/14 07:02:41.712, 5, 0, 78639
2026/09/14 07:02:42.212, 4, 0, 78639
2026/09/14 07:02:42.212, 5, 0, 78639
2026/09/14 07:02:42.712, 4, 0, 78639
2026/09/14 07:02:42.712, 5, 0, 78639
2026/09/14 07:02:43.212, 4, 0, 78639
2026/09/14 07:02:43.212, 5, 0, 78639
2026/09/14 07:02:43.712, 4, 0, 78639
2026/09/14 07:02:43.712, 5, 0, 78639
2026/09/14 07:02:44.212, 4, 0, 78639
2026/09/14 07:02:44.212, 5, 0, 78639
2026/09/14 07:02:44.712, 4, 0, 78639
2026/09/14 07:02:44.713, 5, 0, 78639
2026/09/14 07:02:45.213, 4, 0, 78639
2026/09/14 07:02:45.214, 5, 0, 78639
2026/09/14 07:02:45.714, 4, 0, 78639
2026/09/14 07:02:45.714, 5, 0, 78639
2026/09/14 07:02:46.214, 4, 0, 78639
2026/09/14 07:02:46.214, 5, 0, 78639
2026/09/14 07:02:46.714, 4, 0, 78639
2026/09/14 07:02:46.714, 5, 0, 78639
2026/09/14 07:02:47.214, 4, 0, 78639
2026/09/14 07:02:47.214, 5, 0, 78639
2026/09/14 07:02:47.714, 4, 0, 78639
2026/09/14 07:02:47.714, 5, 0, 78639
2026/09/14 07:02:48.215, 4, 0, 78639
2026/09/14 07:02:48.215, 5, 0, 78639
2026/09/14 07:02:48.715, 4, 0, 78639
2026/09/14 07:02:48.715, 5, 0, 78639
2026/09/14 07:02:49.215, 4, 0, 78639
2026/09/14 07:02:49.216, 5, 1, 78639
2026/09/14 07:02:49.716, 4, 0, 78639
2026/09/14 07:02:49.716, 5, 0, 78639
2026/09/14 07:02:50.216, 4, 0, 78639
2026/09/14 07:02:50.216, 5, 6, 78639
2026/09/14 07:02:50.716, 4, 3, 78639
2026/09/14 07:02:50.716, 5, 0, 78639
2026/09/14 07:02:51.216, 4, 0, 78639
2026/09/14 07:02:51.216, 5, 6, 78639
2026/09/14 07:02:51.716, 4, 0, 78639
2026/09/14 07:02:51.716, 5, 0, 78639
2026/09/14 07:02:52.217, 4, 6, 78639
2026/09/14 07:02:52.217, 5, 6, 78639
2026/09/14 07:02:52.717, 4, 10, 78639
2026/09/14 07:02:52.717, 5, 31, 78639
2026/09/14 07:02:53.217, 4, 29, 78639
2026/09/14 07:02:53.217, 5, 31, 78639
2026/09/14 07:02:53.717, 4, 22, 78639
2026/09/14 07:02:53.718, 5, 11, 78639
2026/09/14 07:02:54.218, 4, 0, 78639
2026/09/14 07:02:54.218, 5, 0, 78639
2026/09/14 07:02:54.719, 4, 0, 78639
2026/09/14 07:02:54.719, 5, 0, 78639
2026/09/14 07:02:55.219, 4, 0, 78639
2026/09/14 07:02:55.219, 5, 0, 78639
2026/09/14 07:02:55.719, 4, 0, 78639
2026/09/14 07:02:55.719, 5, 0, 78639
2026/09/14 07:02:56.219, 4, 0, 78639
2026/09/14 07:02:56.220, 5, 0, 78639
2026/09/14 07:02:56.720, 4, 0, 78639
2026/09/14 07:02:56.720, 5, 0, 78639
2026/09/14 07:02:57.220, 4, 0, 78639
2026/09/14 07:02:57.220, 5, 0, 78639
2026/09/14 07:02:57.720, 4, 0, 78639
2026/09/14 07:02:57.720, 5, 0, 78639
2026/09/14 07:02:58.220, 4, 0, 78639
2026/09/14 07:02:58.220, 5, 0, 78639
2026/09/14 07:02:58.720, 4, 0, 78639
2026/09/14 07:02:58.720, 5, 0, 78639
2026/09/14 07:02:59.221, 4, 0, 78639
2026/09/14 07:02:59.221, 5, 0, 78639
2026/09/14 07:02:59.721, 4, 0, 78639
2026/09/14 07:02:59.721, 5, 0, 78639
2026/09/14 07:03:00.221, 4, 0, 78639
2026/09/14 07:03:00.221, 5, 0, 78639
2026/09/14 07:03:00.721, 4, 0, 78639
2026/09/14 07:03:00.721, 5, 0, 78639
2026/09/14 07:03:01.221, 4, 0, 78639
2026/09/14 07:03:01.221, 5, 0, 78639
2026/09/14 07:03:01.721, 4, 0, 78639
2026/09/14 07:03:01.721, 5, 0, 78639
2026/09/14 07:03:02.222, 4, 0, 78639
2026/09/14 07:03:02.222, 5, 0, 78639
2026/09/14 07:03:02.722, 4, 0, 78639
2026/09/14 07:03:02.722, 5, 0, 78639
2026/09/14 07:03:03.222, 4, 0, 78639
2026/09/14 07:03:03.222, 5, 0, 78639
2026/09/14 07:03:03.722, 4, 0, 78639
2026/09/14 07:03:03.722, 5, 0, 78639
2026/09/14 07:03:04.222, 4, 0, 78639
2026/09/14 07:03:04.222, 5, 0, 78639
2026/09/14 07:03:04.722, 4, 0, 78639
2026/09/14 07:03:04.723, 5, 0, 78639
2026/09/14 07:03:05.223, 4, 0, 78639
2026/09/14 07:03:05.223, 5, 0, 78639
2026/09/14 07:03:05.723, 4, 0, 78639
2026/09/14 07:03:05.723, 5, 0, 78639
2026/09/14 07:03:06.223, 4, 0, 78639
2026/09/14 07:03:06.223, 5, 0, 78639
2026/09/14 07:03:06.723, 4, 0, 78639
2026/09/14 07:03:06.723, 5, 0, 78639
2026/09/14 07:03:07.224, 4, 0, 78639
2026/09/14 07:03:07.224, 5, 0, 78639
2026/09/14 07:03:07.724, 4, 0, 78639
2026/09/14 07:03:07.724, 5, 0, 78639
2026/09/14 07:03:08.224, 4, 0, 78639
2026/09/14 07:03:08.224, 5, 0, 78639
2026/09/14 07:03:08.724, 4, 0, 78639
2026/09/14 07:03:08.725, 5, 0, 78639
2026/09/14 07:03:09.225, 4, 0, 78639
2026/09/14 07:03:09.225, 5, 0, 78639
2026/09/14 07:03:09.725, 4, 0, 78639
2026/09/14 07:03:09.726, 5, 0, 78639
2026/09/14 07:03:10.227, 4, 0, 78639
2026/09/14 07:03:10.227, 5, 0, 78639
2026/09/14 07:03:10.727, 4, 0, 78639
2026/09/14 07:03:10.727, 5, 0, 78639
2026/09/14 07:03:11.227, 4, 25, 78639
2026/09/14 07:03:11.227, 5, 18, 78639
2026/09/14 07:03:11.727, 4, 0, 78639
2026/09/14 07:03:11.727, 5, 0, 78639
2026/09/14 07:03:12.228, 4, 0, 78639
2026/09/14 07:03:12.228, 5, 0, 78639
2026/09/14 07:03:12.729, 4, 0, 78639
2026/09/14 07:03:12.729, 5, 0, 78639
2026/09/14 07:03:13.229, 4, 0, 78639
2026/09/14 07:03:13.229, 5, 0, 78639
2026/09/14 07:03:13.729, 4, 0, 78639
2026/09/14 07:03:13.729, 5, 0, 78639
2026/09/14 07:03:14.229, 4, 0, 78639
2026/09/14 07:03:14.229, 5, 0, 78639
2026/09/14 07:03:14.729, 4, 0, 78639
2026/09/14 07:03:14.729, 5, 0, 78639
2026/09/14 07:03:15.229, 4, 0, 78639
2026/09/14 07:03:15.230, 5, 0, 78639
2026/09/14 07:03:15.730, 4, 0, 78639
2026/09/14 07:03:15.730, 5, 0, 78639
2026/09/14 07:03:16.230, 4, 0, 78639
2026/09/14 07:03:16.230, 5, 0, 78639
2026/09/14 07:03:16.730, 4, 0, 78639
2026/09/14 07:03:16.730, 5, 0, 78639
2026/09/14 07:03:17.231, 4, 0, 78639
2026/09/14 07:03:17.231, 5, 0, 78639
2026/09/14 07:03:17.731, 4, 0, 78639
2026/09/14 07:03:17.731, 5, 0, 78639
2026/09/14 07:03:18.232, 4, 0, 78639
2026/09/14 07:03:18.232, 5, 0, 78639
2026/09/14 07:03:18.732, 4, 0, 78639
2026/09/14 07:03:18.732, 5, 0, 78639
2026/09/14 07:03:19.232, 4, 0, 78639
2026/09/14 07:03:19.232, 5, 0, 78639
2026/09/14 07:03:19.732, 4, 0, 78639
2026/09/14 07:03:19.733, 5, 2, 78639
2026/09/14 07:03:20.233, 4, 0, 78639
2026/09/14 07:03:20.233, 5, 0, 78639
2026/09/14 07:03:20.733, 4, 0, 78639
2026/09/14 07:03:20.733, 5, 0, 78639
2026/09/14 07:03:21.233, 4, 0, 78639
2026/09/14 07:03:21.233, 5, 0, 78639
2026/09/14 07:03:21.733, 4, 1, 78639
2026/09/14 07:03:21.733, 5, 12, 78639
2026/09/14 07:03:22.233, 4, 0, 78639
2026/09/14 07:03:22.234, 5, 0, 78639
2026/09/14 07:03:22.734, 4, 9, 78639
2026/09/14 07:03:22.734, 5, 9, 78639
2026/09/14 07:03:23.234, 4, 0, 78639
2026/09/14 07:03:23.234, 5, 0, 78639
2026/09/14 07:03:23.734, 4, 0, 78639
2026/09/14 07:03:23.734, 5, 9, 78639
2026/09/14 07:03:24.234, 4, 0, 78639
2026/09/14 07:03:24.235, 5, 0, 78639
2026/09/14 07:03:24.735, 4, 0, 78639
2026/09/14 07:03:24.735, 5, 11, 78639
2026/09/14 07:03:25.235, 4, 0, 78639
2026/09/14 07:03:25.235, 5, 0, 78639
2026/09/14 07:03:25.735, 4, 10, 78639
2026/09/14 07:03:25.735, 5, 0, 78639
2026/09/14 07:03:26.236, 4, 0, 78639
2026/09/14 07:03:26.236, 5, 0, 78639
2026/09/14 07:03:26.736, 4, 0, 78639
2026/09/14 07:03:26.736, 5, 0, 78639
2026/09/14 07:03:27.236, 4, 3, 78639
2026/09/14 07:03:27.236, 5, 0, 78639
2026/09/14 07:03:27.736, 4, 0, 78639
2026/09/14 07:03:27.737, 5, 0, 78639
2026/09/14 07:03:28.237, 4, 11, 78639
2026/09/14 07:03:28.237, 5, 0, 78639
2026/09/14 07:03:28.737, 4, 8, 78639
2026/09/14 07:03:28.737, 5, 18, 78639
2026/09/14 07:03:29.237, 4, 0, 78639
2026/09/14 07:03:29.237, 5, 0, 78639
2026/09/14 07:03:29.737, 4, 0, 78639
2026/09/14 07:03:29.738, 5, 0, 78639
2026/09/14 07:03:30.239, 4, 0, 78639
2026/09/14 07:03:30.239, 5, 0, 78639
2026/09/14 07:03:30.739, 4, 0, 78639
2026/09/14 07:03:30.739, 5, 0, 78639
2026/09/14 07:03:31.239, 4, 0, 78639
2026/09/14 07:03:31.240, 5, 0, 78639
2026/09/14 07:03:31.740, 4, 0, 78639
2026/09/14 07:03:31.740, 5, 0, 78639
2026/09/14 07:03:32.240, 4, 0, 78639
2026/09/14 07:03:32.240, 5, 0, 78639
2026/09/14 07:03:32.741, 4, 0, 78639
2026/09/14 07:03:32.741, 5, 0, 78639
2026/09/14 07:03:33.241, 4, 0, 78639
2026/09/14 07:03:33.241, 5, 0, 78639
2026/09/14 07:03:33.741, 4, 0, 78639
2026/09/14 07:03:33.741, 5, 0, 78639
2026/09/14 07:03:34.241, 4, 0, 78639
2026/09/14 07:03:34.242, 5, 0, 78639
2026/09/14 07:03:34.742, 4, 0, 78639
2026/09/14 07:03:34.743, 5, 0, 78639
2026/09/14 07:03:35.243, 4, 0, 78639
2026/09/14 07:03:35.245, 5, 0, 78639
2026/09/14 07:03:35.745, 4, 0, 78639
2026/09/14 07:03:35.745, 5, 0, 78639
2026/09/14 07:03:36.245, 4, 2, 78639
2026/09/14 07:03:36.245, 5, 0, 78639
2026/09/14 07:03:36.746, 4, 0, 78639
2026/09/14 07:03:36.746, 5, 0, 78639
2026/09/14 07:03:37.246, 4, 0, 78639
2026/09/14 07:03:37.246, 5, 0, 78639
2026/09/14 07:03:37.746, 4, 0, 78639
2026/09/14 07:03:37.746, 5, 0, 78639
2026/09/14 07:03:38.246, 4, 2, 78639
2026/09/14 07:03:38.247, 5, 2, 78639
2026/09/14 07:03:38.747, 4, 0, 78639
2026/09/14 07:03:38.747, 5, 0, 78639
2026/09/14 07:03:39.247, 4, 0, 78639
2026/09/14 07:03:39.247, 5, 0, 78639
2026/09/14 07:03:39.747, 4, 0, 78639
2026/09/14 07:03:39.747, 5, 0, 78639
2026/09/14 07:03:40.248, 4, 30, 78639
2026/09/14 07:03:40.248, 5, 30, 78639
2026/09/14 07:03:40.748, 4, 30, 78639
2026/09/14 07:03:40.750, 5, 30, 78639
2026/09/14 07:03:41.252, 4, 5, 78639
2026/09/14 07:03:41.252, 5, 16, 78639
2026/09/14 07:03:41.752, 4, 0, 78639
2026/09/14 07:03:41.753, 5, 0, 78639
2026/09/14 07:03:42.253, 4, 0, 78639
2026/09/14 07:03:42.253, 5, 0, 78639
2026/09/14 07:03:42.753, 4, 0, 78639
2026/09/14 07:03:42.753, 5, 0, 78639
2026/09/14 07:03:43.253, 4, 0, 78639
2026/09/14 07:03:43.254, 5, 0, 78639
2026/09/14 07:03:43.754, 4, 0, 78639
2026/09/14 07:03:43.754, 5, 0, 78639
2026/09/14 07:03:44.254, 4, 0, 78639
2026/09/14 07:03:44.255, 5, 0, 78639
2026/09/14 07:03:44.756, 4, 0, 78639
2026/09/14 07:03:44.756, 5, 0, 78639
2026/09/14 07:03:45.256, 4, 0, 78639
2026/09/14 07:03:45.256, 5, 0, 78639
2026/09/14 07:03:45.756, 4, 0, 78639
2026/09/14 07:03:45.756, 5, 0, 78639
2026/09/14 07:03:46.256, 4, 0, 78639
2026/09/14 07:03:46.256, 5, 0, 78639
2026/09/14 07:03:46.756, 4, 0, 78639
2026/09/14 07:03:46.756, 5, 0, 78639
2026/09/14 07:03:47.257, 4, 0, 78639
2026/09/14 07:03:47.257, 5, 0, 78639
2026/09/14 07:03:47.757, 4, 0, 78639
2026/09/14 07:03:47.757, 5, 0, 78639
2026/09/14 07:03:48.257, 4, 0, 78639
2026/09/14 07:03:48.257, 5, 0, 78639
2026/09/14 07:03:48.757, 4, 0, 78639
2026/09/14 07:03:48.758, 5, 0, 78639
2026/09/14 07:03:49.258, 4, 0, 78639
2026/09/14 07:03:49.258, 5, 0, 78639
2026/09/14 07:03:49.758, 4, 0, 78639
2026/09/14 07:03:49.758, 5, 0, 78639
2026/09/14 07:03:50.258, 4, 0, 78639
2026/09/14 07:03:50.259, 5, 0, 78639
2026/09/14 07:03:50.759, 4, 0, 78639
2026/09/14 07:03:50.759, 5, 0, 78639
2026/09/14 07:03:51.259, 4, 0, 78639
2026/09/14 07:03:51.259, 5, 0, 78639
2026/09/14 07:03:51.759, 4, 0, 78639
2026/09/14 07:03:51.759, 5, 0, 78639
2026/09/14 07:03:52.259, 4, 0, 78639
2026/09/14 07:03:52.259, 5, 0, 78639
2026/09/14 07:03:52.759, 4, 0, 78639
2026/09/14 07:03:52.760, 5, 0, 78639
2026/09/14 07:03:53.260, 4, 0, 78639
2026/09/14 07:03:53.260, 5, 0, 78639
2026/09/14 07:03:53.760, 4, 0, 78639
2026/09/14 07:03:53.760, 5, 0, 78639
2026/09/14 07:03:54.260, 4, 0, 78639
2026/09/14 07:03:54.260, 5, 0, 78639
2026/09/14 07:03:54.760, 4, 0, 78639
2026/09/14 07:03:54.760, 5, 0, 78639
2026/09/14 07:03:55.261, 4, 0, 78639
2026/09/14 07:03:55.261, 5, 0, 78639
2026/09/14 07:03:55.761, 4, 0, 78639
2026/09/14 07:03:55.761, 5, 0, 78639
2026/09/14 07:03:56.261, 4, 0, 78639
2026/09/14 07:03:56.261, 5, 0, 78639
2026/09/14 07:03:56.761, 4, 0, 78639
2026/09/14 07:03:56.761, 5, 0, 78639
2026/09/14 07:03:57.261, 4, 0, 78639
2026/09/14 07:03:57.261, 5, 0, 78639
2026/09/14 07:03:57.762, 4, 10, 78639
2026/09/14 07:03:57.762, 5, 0, 78639
2026/09/14 07:03:58.262, 4, 29, 78639
2026/09/14 07:03:58.262, 5, 29, 78639
2026/09/14 07:03:58.762, 4, 0, 78639
2026/09/14 07:03:58.762, 5, 0, 78639
2026/09/14 07:03:59.262, 4, 0, 78639
2026/09/14 07:03:59.262, 5, 0, 78639
2026/09/14 07:03:59.762, 4, 0, 78639
2026/09/14 07:03:59.762, 5, 0, 78639
2026/09/14 07:04:00.262, 4, 0, 78639
2026/09/14 07:04:00.263, 5, 0, 78639
2026/09/14 07:04:00.763, 4, 0, 78639
2026/09/14 07:04:00.763, 5, 0, 78639
2026/09/14 07:04:01.263, 4, 0, 78639
2026/09/14 07:04:01.264, 5, 0, 78639
2026/09/14 07:04:01.764, 4, 0, 78639
2026/09/14 07:04:01.764, 5, 0, 78639
2026/09/14 07:04:02.264, 4, 0, 78639
2026/09/14 07:04:02.264, 5, 0, 78639
2026/09/14 07:04:02.764, 4, 0, 78639
2026/09/14 07:04:02.764, 5, 0, 78639
2026/09/14 07:04:03.264, 4, 0, 78639
2026/09/14 07:04:03.264, 5, 0, 78639
2026/09/14 07:04:03.764, 4, 0, 78639
2026/09/14 07:04:03.764, 5, 0, 78639
2026/09/14 07:04:04.264, 4, 0, 78639
2026/09/14 07:04:04.264, 5, 0, 78639
2026/09/14 07:04:04.765, 4, 0, 78639
2026/09/14 07:04:04.765, 5, 0, 78639
2026/09/14 07:04:05.265, 4, 0, 78639
2026/09/14 07:04:05.265, 5, 0, 78639
2026/09/14 07:04:05.765, 4, 0, 78639
2026/09/14 07:04:05.765, 5, 0, 78639
2026/09/14 07:04:06.265, 4, 0, 78639
2026/09/14 07:04:06.265, 5, 0, 78639
2026/09/14 07:04:06.765, 4, 21, 78639
2026/09/14 07:04:06.765, 5, 10, 78639
2026/09/14 07:04:07.265, 4, 0, 78639
2026/09/14 07:04:07.266, 5, 0, 78639
2026/09/14 07:04:07.766, 4, 0, 78639
2026/09/14 07:04:07.766, 5, 0, 78639
2026/09/14 07:04:08.266, 4, 0, 78639
2026/09/14 07:04:08.266, 5, 0, 78639
2026/09/14 07:04:08.766, 4, 0, 78639
2026/09/14 07:04:08.766, 5, 0, 78639
2026/09/14 07:04:09.266, 4, 0, 78639
2026/09/14 07:04:09.266, 5, 0, 78639
2026/09/14 07:04:09.766, 4, 0, 78639
2026/09/14 07:04:09.767, 5, 0, 78639
2026/09/14 07:04:10.267, 4, 9, 78639
2026/09/14 07:04:10.267, 5, 0, 78639
2026/09/14 07:04:10.767, 4, 0, 78639
2026/09/14 07:04:10.767, 5, 0, 78639
2026/09/14 07:04:11.268, 4, 0, 78639
2026/09/14 07:04:11.268, 5, 0, 78639
2026/09/14 07:04:11.768, 4, 1, 78639
2026/09/14 07:04:11.768, 5, 28, 78639
2026/09/14 07:04:12.268, 4, 99, 78639
2026/09/14 07:04:12.268, 5, 99, 78639
2026/09/14 07:04:12.768, 4, 100, 78639
2026/09/14 07:04:12.768, 5, 100, 78639
2026/09/14 07:04:13.268, 4, 100, 78639
2026/09/14 07:04:13.268, 5, 100, 78639
2026/09/14 07:04:13.769, 4, 0, 78639
2026/09/14 07:04:13.769, 5, 0, 78639
2026/09/14 07:04:14.269, 4, 0, 78639
2026/09/14 07:04:14.269, 5, 0, 78639
2026/09/14 07:04:14.770, 4, 9, 78639
2026/09/14 07:04:14.770, 5, 10, 78639
2026/09/14 07:04:15.270, 4, 0, 78639
2026/09/14 07:04:15.270, 5, 0, 78639
2026/09/14 07:04:15.771, 4, 3, 78639
2026/09/14 07:04:15.771, 5, 3, 78639
2026/09/14 07:04:16.271, 4, 3, 78639
2026/09/14 07:04:16.271, 5, 0, 78639
2026/09/14 07:04:16.771, 4, 3, 78639
2026/09/14 07:04:16.771, 5, 3, 78639
2026/09/14 07:04:17.271, 4, 30, 78639
2026/09/14 07:04:17.271, 5, 26, 78639
2026/09/14 07:04:17.771, 4, 0, 78639
2026/09/14 07:04:17.771, 5, 0, 78639
2026/09/14 07:04:18.272, 4, 0, 78639
2026/09/14 07:04:18.272, 5, 0, 78639
2026/09/14 07:04:18.772, 4, 0, 78639
2026/09/14 07:04:18.772, 5, 0, 78639
2026/09/14 07:04:19.272, 4, 0, 78639
2026/09/14 07:04:19.272, 5, 0, 78639
2026/09/14 07:04:19.772, 4, 0, 78639
2026/09/14 07:04:19.773, 5, 0, 78639
2026/09/14 07:04:20.273, 4, 0, 78639
2026/09/14 07:04:20.273, 5, 0, 78639
2026/09/14 07:04:20.773, 4, 0, 78639
2026/09/14 07:04:20.773, 5, 0, 78639
2026/09/14 07:04:21.273, 4, 0, 78639
2026/09/14 07:04:21.273, 5, 0, 78639
2026/09/14 07:04:21.773, 4, 0, 78639
2026/09/14 07:04:21.773, 5, 0, 78639
2026/09/14 07:04:22.273, 4, 0, 78639
2026/09/14 07:04:22.273, 5, 0, 78639
2026/09/14 07:04:22.774, 4, 0, 78639
2026/09/14 07:04:22.774, 5, 0, 78639
2026/09/14 07:04:23.274, 4, 0, 78639
2026/09/14 07:04:23.274, 5, 0, 78639
2026/09/14 07:04:23.774, 4, 0, 78639
2026/09/14 07:04:23.774, 5, 0, 78639
2026/09/14 07:04:24.274, 4, 0, 78639
2026/09/14 07:04:24.274, 5, 0, 78639
2026/09/14 07:04:24.774, 4, 7, 78639
2026/09/14 07:04:24.774, 5, 12, 78639
2026/09/14 07:04:25.275, 4, 0, 78639
2026/09/14 07:04:25.275, 5, 0, 78639
2026/09/14 07:04:25.776, 4, 6, 78639
2026/09/14 07:04:25.776, 5, 6, 78639
2026/09/14 07:04:26.276, 4, 0, 78639
2026/09/14 07:04:26.276, 5, 3, 78639
2026/09/14 07:04:26.776, 4, 11, 78639
2026/09/14 07:04:26.776, 5, 11, 78639
2026/09/14 07:04:27.276, 4, 0, 78639
2026/09/14 07:04:27.276, 5, 0, 78639
2026/09/14 07:04:27.776, 4, 6, 78639
2026/09/14 07:04:27.776, 5, 6, 78639
2026/09/14 07:04:28.276, 4, 0, 78639
2026/09/14 07:04:28.277, 5, 20, 78639
2026/09/14 07:04:28.777, 4, 24, 78639
2026/09/14 07:04:28.777, 5, 25, 78639
2026/09/14 07:04:29.278, 4, 23, 78639
2026/09/14 07:04:29.278, 5, 16, 78639
2026/09/14 07:04:29.778, 4, 0, 78639
2026/09/14 07:04:29.778, 5, 0, 78639
2026/09/14 07:04:30.278, 4, 0, 78639
2026/09/14 07:04:30.278, 5, 0, 78639
2026/09/14 07:04:30.778, 4, 0, 78639
2026/09/14 07:04:30.778, 5, 0, 78639
2026/09/14 07:04:31.279, 4, 0, 78639
2026/09/14 07:04:31.279, 5, 0, 78639
2026/09/14 07:04:31.779, 4, 0, 78639
2026/09/14 07:04:31.779, 5, 0, 78639
2026/09/14 07:04:32.279, 4, 0, 78639
2026/09/14 07:04:32.279, 5, 0, 78639
2026/09/14 07:04:32.779, 4, 0, 78639
2026/09/14 07:04:32.779, 5, 0, 78639
2026/09/14 07:04:33.279, 4, 0, 78639
2026/09/14 07:04:33.279, 5, 0, 78639
2026/09/14 07:04:33.779, 4, 0, 78639
2026/09/14 07:04:33.779, 5, 0, 78639
2026/09/14 07:04:34.279, 4, 0, 78639
2026/09/14 07:04:34.280, 5, 0, 78639
2026/09/14 07:04:34.781, 4, 0, 78639
2026/09/14 07:04:34.781, 5, 0, 78639
2026/09/14 07:04:35.282, 4, 0, 78639
2026/09/14 07:04:35.282, 5, 0, 78639
2026/09/14 07:04:35.782, 4, 0, 78639
2026/09/14 07:04:35.782, 5, 0, 78639
2026/09/14 07:04:36.282, 4, 0, 78639
2026/09/14 07:04:36.283, 5, 0, 78639
2026/09/14 07:04:36.785, 4, 0, 78639
2026/09/14 07:04:36.785, 5, 0, 78639
2026/09/14 07:04:37.285, 4, 0, 78639
2026/09/14 07:04:37.285, 5, 0, 78639
2026/09/14 07:04:37.785, 4, 0, 78639
2026/09/14 07:04:37.785, 5, 0, 78639
2026/09/14 07:04:38.285, 4, 0, 78639
2026/09/14 07:04:38.286, 5, 0, 78639
2026/09/14 07:04:38.786, 4, 0, 78639
2026/09/14 07:04:38.786, 5, 0, 78639
2026/09/14 07:04:39.287, 4, 0, 78639
2026/09/14 07:04:39.287, 5, 0, 78639
2026/09/14 07:04:39.787, 4, 0, 78639
2026/09/14 07:04:39.787, 5, 0, 78639
2026/09/14 07:04:40.287, 4, 0, 78639
2026/09/14 07:04:40.287, 5, 0, 78639
2026/09/14 07:04:40.787, 4, 0, 78639
2026/09/14 07:04:40.787, 5, 0, 78639
2026/09/14 07:04:41.287, 4, 0, 78639
2026/09/14 07:04:41.288, 5, 0, 78639
2026/09/14 07:04:41.788, 4, 0, 78639
2026/09/14 07:04:41.788, 5, 0, 78639
2026/09/14 07:04:42.288, 4, 0, 78639
2026/09/14 07:04:42.288, 5, 0, 78639
2026/09/14 07:04:42.788, 4, 0, 78639
2026/09/14 07:04:42.788, 5, 0, 78639
2026/09/14 07:04:43.288, 4, 0, 78639
2026/09/14 07:04:43.289, 5, 0, 78639
2026/09/14 07:04:43.790, 4, 0, 78639
2026/09/14 07:04:43.790, 5, 0, 78639
2026/09/14 07:04:44.290, 4, 0, 78639
2026/09/14 07:04:44.290, 5, 0, 78639
2026/09/14 07:04:44.790, 4, 0, 78639
2026/09/14 07:04:44.790, 5, 0, 78639
2026/09/14 07:04:45.291, 4, 0, 78639
2026/09/14 07:04:45.291, 5, 0, 78639
2026/09/14 07:04:45.791, 4, 29, 78639
2026/09/14 07:04:45.791, 5, 30, 78639
2026/09/14 07:04:46.291, 4, 15, 78639
2026/09/14 07:04:46.292, 5, 0, 78639
2026/09/14 07:04:46.792, 4, 0, 78639
2026/09/14 07:04:46.792, 5, 0, 78639
2026/09/14 07:04:47.292, 4, 0, 78639
2026/09/14 07:04:47.292, 5, 0, 78639
2026/09/14 07:04:47.793, 4, 0, 78639
2026/09/14 07:04:47.793, 5, 0, 78639
2026/09/14 07:04:48.293, 4, 0, 78639
2026/09/14 07:04:48.293, 5, 0, 78639
2026/09/14 07:04:48.793, 4, 0, 78639
2026/09/14 07:04:48.793, 5, 0, 78639
2026/09/14 07:04:49.293, 4, 0, 78639
2026/09/14 07:04:49.294, 5, 0, 78639
2026/09/14 07:04:49.794, 4, 0, 78639
2026/09/14 07:04:49.794, 5, 0, 78639
2026/09/14 07:04:50.294, 4, 0, 78639
2026/09/14 07:04:50.295, 5, 0, 78639
2026/09/14 07:04:50.795, 4, 0, 78639
2026/09/14 07:04:50.795, 5, 0, 78639
2026/09/14 07:04:51.295, 4, 0, 78639
2026/09/14 07:04:51.295, 5, 0, 78639
2026/09/14 07:04:51.795, 4, 0, 78639
2026/09/14 07:04:51.796, 5, 0, 78639
2026/09/14 07:04:52.296, 4, 0, 78639
2026/09/14 07:04:52.296, 5, 0, 78639
2026/09/14 07:04:52.796, 4, 0, 78639
2026/09/14 07:04:52.797, 5, 0, 78639
2026/09/14 07:04:53.298, 4, 0, 78639
2026/09/14 07:04:53.298, 5, 0, 78639
2026/09/14 07:04:53.798, 4, 0, 78639
2026/09/14 07:04:53.798, 5, 0, 78639
2026/09/14 07:04:54.298, 4, 0, 78639
2026/09/14 07:04:54.298, 5, 0, 78639
2026/09/14 07:04:54.798, 4, 0, 78639
2026/09/14 07:04:54.799, 5, 2, 78639
2026/09/14 07:04:55.299, 4, 0, 78639
2026/09/14 07:04:55.299, 5, 0, 78639
2026/09/14 07:04:55.799, 4, 0, 78639
2026/09/14 07:04:55.799, 5, 0, 78639
2026/09/14 07:04:56.299, 4, 0, 78639
2026/09/14 07:04:56.300, 5, 0, 78639
2026/09/14 07:04:56.800, 4, 1, 78639
2026/09/14 07:04:56.800, 5, 12, 78639
2026/09/14 07:04:57.300, 4, 0, 78639
2026/09/14 07:04:57.300, 5, 0, 78639
2026/09/14 07:04:57.800, 4, 9, 78639
2026/09/14 07:04:57.800, 5, 9, 78639
2026/09/14 07:04:58.300, 4, 0, 78639
2026/09/14 07:04:58.300, 5, 0, 78639
2026/09/14 07:04:58.800, 4, 0, 78639
2026/09/14 07:04:58.800, 5, 0, 78639
2026/09/14 07:04:59.301, 4, 0, 78639
2026/09/14 07:04:59.301, 5, 1, 78639
2026/09/14 07:04:59.801, 4, 28, 78639
2026/09/14 07:04:59.802, 5, 29, 78639
2026/09/14 07:05:00.306, 4, 0, 78639
2026/09/14 07:05:00.306, 5, 0, 78639
2026/09/14 07:05:00.806, 4, 0, 78639
2026/09/14 07:05:00.806, 5, 0, 78639
2026/09/14 07:05:01.306, 4, 0, 78639
2026/09/14 07:05:01.306, 5, 0, 78639
2026/09/14 07:05:01.806, 4, 0, 78639
2026/09/14 07:05:01.808, 5, 0, 78639
2026/09/14 07:05:02.309, 4, 0, 78639
2026/09/14 07:05:02.309, 5, 0, 78639
2026/09/14 07:05:02.809, 4, 0, 78639
2026/09/14 07:05:02.809, 5, 0, 78639
2026/09/14 07:05:03.310, 4, 0, 78639
2026/09/14 07:05:03.310, 5, 0, 78639
2026/09/14 07:05:03.810, 4, 0, 78639
2026/09/14 07:05:03.810, 5, 0, 78639
2026/09/14 07:05:04.310, 4, 0, 78639
2026/09/14 07:05:04.310, 5, 0, 78639
2026/09/14 07:05:04.810, 4, 0, 78639
2026/09/14 07:05:04.810, 5, 0, 78639
2026/09/14 07:05:05.310, 4, 0, 78639
2026/09/14 07:05:05.310, 5, 0, 78639
2026/09/14 07:05:05.811, 4, 0, 78639
2026/09/14 07:05:05.811, 5, 0, 78639
2026/09/14 07:05:06.311, 4, 0, 78639
2026/09/14 07:05:06.311, 5, 0, 78639
2026/09/14 07:05:06.812, 4, 0, 78639
2026/09/14 07:05:06.812, 5, 0, 78639
2026/09/14 07:05:07.312, 4, 12, 78639
2026/09/14 07:05:07.313, 5, 0, 78639
2026/09/14 07:05:07.814, 4, 0, 78639
2026/09/14 07:05:07.814, 5, 0, 78639
2026/09/14 07:05:08.314, 4, 6, 78639
2026/09/14 07:05:08.314, 5, 0, 78639
2026/09/14 07:05:08.814, 4, 3, 78639
2026/09/14 07:05:08.815, 5, 3, 78639
2026/09/14 07:05:09.315, 4, 12, 78639
2026/09/14 07:05:09.315, 5, 0, 78639
2026/09/14 07:05:09.815, 4, 0, 78639
2026/09/14 07:05:09.816, 5, 0, 78639
2026/09/14 07:05:10.317, 4, 6, 78639
2026/09/14 07:05:10.317, 5, 3, 78639
2026/09/14 07:05:10.817, 4, 28, 78639
2026/09/14 07:05:10.817, 5, 12, 78639
2026/09/14 07:05:11.317, 4, 26, 78639
2026/09/14 07:05:11.318, 5, 26, 78639
2026/09/14 07:05:11.818, 4, 17, 78639
2026/09/14 07:05:11.818, 5, 21, 78639
2026/09/14 07:05:12.318, 4, 0, 78639
2026/09/14 07:05:12.318, 5, 0, 78639
2026/09/14 07:05:12.818, 4, 0, 78639
2026/09/14 07:05:12.818, 5, 0, 78639
2026/09/14 07:05:13.318, 4, 0, 78639
2026/09/14 07:05:13.318, 5, 0, 78639
2026/09/14 07:05:13.818, 4, 0, 78639
2026/09/14 07:05:13.819, 5, 0, 78639
2026/09/14 07:05:14.319, 4, 0, 78639
2026/09/14 07:05:14.319, 5, 0, 78639
2026/09/14 07:05:14.819, 4, 0, 78639
2026/09/14 07:05:14.819, 5, 0, 78639
2026/09/14 07:05:15.319, 4, 0, 78639
2026/09/14 07:05:15.319, 5, 0, 78639
2026/09/14 07:05:15.819, 4, 0, 78639
2026/09/14 07:05:15.819, 5, 0, 78639
2026/09/14 07:05:16.319, 4, 0, 78639
2026/09/14 07:05:16.319, 5, 0, 78639
2026/09/14 07:05:16.820, 4, 0, 78639
2026/09/14 07:05:16.820, 5, 0, 78639
2026/09/14 07:05:17.320, 4, 0, 78639
2026/09/14 07:05:17.320, 5, 0, 78639
2026/09/14 07:05:17.822, 4, 0, 78639
2026/09/14 07:05:17.822, 5, 0, 78639
2026/09/14 07:05:18.322, 4, 0, 78639
2026/09/14 07:05:18.322, 5, 0, 78639
2026/09/14 07:05:18.822, 4, 0, 78639
2026/09/14 07:05:18.822, 5, 0, 78639
2026/09/14 07:05:19.323, 4, 0, 78639
2026/09/14 07:05:19.323, 5, 0, 78639
2026/09/14 07:05:19.823, 4, 0, 78639
2026/09/14 07:05:19.823, 5, 0, 78639
2026/09/14 07:05:20.323, 4, 0, 78639
2026/09/14 07:05:20.323, 5, 0, 78639
2026/09/14 07:05:20.823, 4, 0, 78639
2026/09/14 07:05:20.824, 5, 0, 78639
2026/09/14 07:05:21.324, 4, 0, 78639
2026/09/14 07:05:21.324, 5, 0, 78639
2026/09/14 07:05:21.824, 4, 0, 78639
2026/09/14 07:05:21.824, 5, 0, 78639
2026/09/14 07:05:22.324, 4, 0, 78639
2026/09/14 07:05:22.325, 5, 0, 78639
2026/09/14 07:05:22.825, 4, 0, 78639
2026/09/14 07:05:22.825, 5, 0, 78639
2026/09/14 07:05:23.325, 4, 0, 78639
2026/09/14 07:05:23.325, 5, 0, 78639
2026/09/14 07:05:23.825, 4, 0, 78639
2026/09/14 07:05:23.825, 5, 0, 78639
2026/09/14 07:05:24.325, 4, 0, 78639
2026/09/14 07:05:24.326, 5, 0, 78639
2026/09/14 07:05:24.826, 4, 0, 78639
2026/09/14 07:05:24.826, 5, 0, 78639
2026/09/14 07:05:25.326, 4, 0, 78639
2026/09/14 07:05:25.326, 5, 0, 78639
2026/09/14 07:05:25.826, 4, 0, 78639
2026/09/14 07:05:25.827, 5, 0, 78639
2026/09/14 07:05:26.327, 4, 0, 78639
2026/09/14 07:05:26.327, 5, 0, 78639
2026/09/14 07:05:26.827, 4, 0, 78639
2026/09/14 07:05:26.828, 5, 0, 78639
2026/09/14 07:05:27.328, 4, 0, 78639
2026/09/14 07:05:27.329, 5, 0, 78639
2026/09/14 07:05:27.830, 4, 0, 78639
2026/09/14 07:05:27.830, 5, 0, 78639
2026/09/14 07:05:28.330, 4, 29, 78639
2026/09/14 07:05:28.330, 5, 30, 78639
2026/09/14 07:05:28.830, 4, 0, 78639
2026/09/14 07:05:28.831, 5, 0, 78639
2026/09/14 07:05:29.331, 4, 0, 78639
2026/09/14 07:05:29.331, 5, 0, 78639
2026/09/14 07:05:29.831, 4, 0, 78639
2026/09/14 07:05:29.832, 5, 0, 78639
2026/09/14 07:05:30.332, 4, 0, 78639
2026/09/14 07:05:30.332, 5, 0, 78639
2026/09/14 07:05:30.832, 4, 0, 78639
2026/09/14 07:05:30.832, 5, 0, 78639
2026/09/14 07:05:31.332, 4, 0, 78639
2026/09/14 07:05:31.332, 5, 0, 78639
2026/09/14 07:05:31.832, 4, 0, 78639
2026/09/14 07:05:31.833, 5, 0, 78639
2026/09/14 07:05:32.333, 4, 0, 78639
2026/09/14 07:05:32.333, 5, 0, 78639
2026/09/14 07:05:32.833, 4, 0, 78639
2026/09/14 07:05:32.833, 5, 0, 78639
2026/09/14 07:05:33.333, 4, 0, 78639
2026/09/14 07:05:33.333, 5, 0, 78639
2026/09/14 07:05:33.833, 4, 0, 78639
2026/09/14 07:05:33.833, 5, 0, 78639
2026/09/14 07:05:34.333, 4, 0, 78639
2026/09/14 07:05:34.334, 5, 0, 78639
2026/09/14 07:05:34.834, 4, 0, 78639
2026/09/14 07:05:34.834, 5, 0, 78639
2026/09/14 07:05:35.334, 4, 0, 78639
2026/09/14 07:05:35.334, 5, 0, 78639
2026/09/14 07:05:35.834, 4, 0, 78639
2026/09/14 07:05:35.834, 5, 0, 78639
2026/09/14 07:05:36.334, 4, 0, 78639
2026/09/14 07:05:36.335, 5, 0, 78639
2026/09/14 07:05:36.836, 4, 13, 78639
2026/09/14 07:05:36.836, 5, 23, 78639
2026/09/14 07:05:37.336, 4, 0, 78639
2026/09/14 07:05:37.336, 5, 0, 78639
2026/09/14 07:05:37.836, 4, 0, 78639
2026/09/14 07:05:37.836, 5, 0, 78639
2026/09/14 07:05:38.336, 4, 0, 78639
2026/09/14 07:05:38.337, 5, 0, 78639
2026/09/14 07:05:38.837, 4, 0, 78639
2026/09/14 07:05:38.837, 5, 4, 78639
2026/09/14 07:05:39.337, 4, 0, 78639
2026/09/14 07:05:39.337, 5, 0, 78639
2026/09/14 07:05:39.837, 4, 0, 78639
2026/09/14 07:05:39.837, 5, 0, 78639
2026/09/14 07:05:40.337, 4, 0, 78639
2026/09/14 07:05:40.337, 5, 0, 78639
2026/09/14 07:05:40.837, 4, 7, 78639
2026/09/14 07:05:40.839, 5, 0, 78639
2026/09/14 07:05:41.339, 4, 0, 78639
2026/09/14 07:05:41.340, 5, 0, 78639
2026/09/14 07:05:41.840, 4, 21, 78639
2026/09/14 07:05:41.840, 5, 6, 78639
2026/09/14 07:05:42.340, 4, 29, 78639
2026/09/14 07:05:42.340, 5, 14, 78639
2026/09/14 07:05:42.840, 4, 0, 78639
2026/09/14 07:05:42.840, 5, 0, 78639
2026/09/14 07:05:43.340, 4, 0, 78639
2026/09/14 07:05:43.340, 5, 0, 78639
2026/09/14 07:05:43.840, 4, 0, 78639
2026/09/14 07:05:43.841, 5, 0, 78639
2026/09/14 07:05:44.341, 4, 0, 78639
2026/09/14 07:05:44.342, 5, 0, 78639
2026/09/14 07:05:44.842, 4, 0, 78639
2026/09/14 07:05:44.842, 5, 0, 78639
2026/09/14 07:05:45.342, 4, 0, 78639
2026/09/14 07:05:45.342, 5, 0, 78639
2026/09/14 07:05:45.842, 4, 0, 78639
2026/09/14 07:05:45.843, 5, 0, 78639
2026/09/14 07:05:46.343, 4, 0, 78639
2026/09/14 07:05:46.343, 5, 0, 78639
2026/09/14 07:05:46.843, 4, 0, 78639
2026/09/14 07:05:46.843, 5, 0, 78639
2026/09/14 07:05:47.343, 4, 0, 78639
2026/09/14 07:05:47.343, 5, 0, 78639
2026/09/14 07:05:47.844, 4, 0, 78639
2026/09/14 07:05:47.844, 5, 0, 78639
2026/09/14 07:05:48.345, 4, 0, 78639
2026/09/14 07:05:48.345, 5, 0, 78639
2026/09/14 07:05:48.845, 4, 0, 78639
2026/09/14 07:05:48.845, 5, 0, 78639
2026/09/14 07:05:49.346, 4, 0, 78639
2026/09/14 07:05:49.346, 5, 0, 78639
2026/09/14 07:05:49.846, 4, 0, 78639
2026/09/14 07:05:49.846, 5, 0, 78639
2026/09/14 07:05:50.346, 4, 0, 78639
2026/09/14 07:05:50.346, 5, 0, 78639
2026/09/14 07:05:50.846, 4, 0, 78639
2026/09/14 07:05:50.846, 5, 0, 78639
2026/09/14 07:05:51.347, 4, 0, 78639
2026/09/14 07:05:51.347, 5, 0, 78639
2026/09/14 07:05:51.848, 4, 0, 78639
2026/09/14 07:05:51.848, 5, 3, 78639
2026/09/14 07:05:52.348, 4, 0, 78639
2026/09/14 07:05:52.348, 5, 0, 78639
2026/09/14 07:05:52.848, 4, 0, 78639
2026/09/14 07:05:52.848, 5, 0, 78639
2026/09/14 07:05:53.348, 4, 0, 78639
2026/09/14 07:05:53.348, 5, 0, 78639
2026/09/14 07:05:53.848, 4, 27, 78639
2026/09/14 07:05:53.848, 5, 30, 78639
2026/09/14 07:05:54.348, 4, 17, 78639
2026/09/14 07:05:54.349, 5, 16, 78639
2026/09/14 07:05:54.849, 4, 6, 78639
2026/09/14 07:05:54.849, 5, 6, 78639
2026/09/14 07:05:55.349, 4, 0, 78639
2026/09/14 07:05:55.349, 5, 0, 78639
2026/09/14 07:05:55.849, 4, 0, 78639
2026/09/14 07:05:55.850, 5, 0, 78639
2026/09/14 07:05:56.350, 4, 0, 78639
2026/09/14 07:05:56.350, 5, 0, 78639
2026/09/14 07:05:56.850, 4, 0, 78639
2026/09/14 07:05:56.850, 5, 0, 78639
2026/09/14 07:05:57.350, 4, 0, 78639
2026/09/14 07:05:57.350, 5, 0, 78639
2026/09/14 07:05:57.850, 4, 0, 78639
2026/09/14 07:05:57.850, 5, 0, 78639
2026/09/14 07:05:58.350, 4, 0, 78639
2026/09/14 07:05:58.350, 5, 0, 78639
2026/09/14 07:05:58.851, 4, 0, 78639
2026/09/14 07:05:58.851, 5, 0, 78639
2026/09/14 07:05:59.351, 4, 0, 78639
2026/09/14 07:05:59.351, 5, 0, 78639
2026/09/14 07:05:59.851, 4, 0, 78639
2026/09/14 07:05:59.852, 5, 0, 78639
2026/09/14 07:06:00.352, 4, 0, 78639
2026/09/14 07:06:00.352, 5, 0, 78639
2026/09/14 07:06:00.852, 4, 0, 78639
2026/09/14 07:06:00.852, 5, 0, 78639
2026/09/14 07:06:01.352, 4, 0, 78639
2026/09/14 07:06:01.352, 5, 0, 78639
2026/09/14 07:06:01.852, 4, 0, 78639
2026/09/14 07:06:01.852, 5, 0, 78639
2026/09/14 07:06:02.352, 4, 0, 78639
2026/09/14 07:06:02.353, 5, 0, 78639
2026/09/14 07:06:02.853, 4, 0, 78639
2026/09/14 07:06:02.853, 5, 0, 78639
2026/09/14 07:06:03.353, 4, 0, 78639
2026/09/14 07:06:03.353, 5, 0, 78639
2026/09/14 07:06:03.854, 4, 0, 78639
2026/09/14 07:06:03.854, 5, 0, 78639
2026/09/14 07:06:04.354, 4, 0, 78639
2026/09/14 07:06:04.354, 5, 0, 78639
2026/09/14 07:06:04.854, 4, 0, 78639
2026/09/14 07:06:04.854, 5, 0, 78639
2026/09/14 07:06:05.354, 4, 0, 78639
2026/09/14 07:06:05.354, 5, 0, 78639
2026/09/14 07:06:05.855, 4, 0, 78639
2026/09/14 07:06:05.855, 5, 0, 78639
2026/09/14 07:06:06.355, 4, 0, 78639
2026/09/14 07:06:06.356, 5, 0, 78639
2026/09/14 07:06:06.857, 4, 0, 78639
2026/09/14 07:06:06.857, 5, 0, 78639
2026/09/14 07:06:07.357, 4, 0, 78639
2026/09/14 07:06:07.357, 5, 0, 78639
2026/09/14 07:06:07.857, 4, 0, 78639
2026/09/14 07:06:07.858, 5, 0, 78639
2026/09/14 07:06:08.358, 4, 0, 78639
2026/09/14 07:06:08.358, 5, 0, 78639
2026/09/14 07:06:08.858, 4, 0, 78639
2026/09/14 07:06:08.858, 5, 0, 78639
2026/09/14 07:06:09.358, 4, 0, 78639
2026/09/14 07:06:09.358, 5, 0, 78639
2026/09/14 07:06:09.858, 4, 0, 78639
2026/09/14 07:06:09.859, 5, 0, 78639
2026/09/14 07:06:10.359, 4, 0, 78639
2026/09/14 07:06:10.359, 5, 0, 78639
2026/09/14 07:06:10.860, 4, 0, 78639
2026/09/14 07:06:10.860, 5, 0, 78639
2026/09/14 07:06:11.360, 4, 29, 78639
2026/09/14 07:06:11.360, 5, 31, 78639
2026/09/14 07:06:11.860, 4, 6, 78639
2026/09/14 07:06:11.860, 5, 11, 78639
2026/09/14 07:06:12.360, 4, 0, 78639
2026/09/14 07:06:12.360, 5, 0, 78639
2026/09/14 07:06:12.860, 4, 0, 78639
2026/09/14 07:06:12.860, 5, 0, 78639
2026/09/14 07:06:13.361, 4, 0, 78639
2026/09/14 07:06:13.361, 5, 0, 78639
2026/09/14 07:06:13.861, 4, 0, 78639
2026/09/14 07:06:13.862, 5, 0, 78639
2026/09/14 07:06:14.362, 4, 0, 78639
2026/09/14 07:06:14.364, 5, 0, 78639
2026/09/14 07:06:14.864, 4, 0, 78639
2026/09/14 07:06:14.865, 5, 0, 78639
2026/09/14 07:06:15.365, 4, 0, 78639
2026/09/14 07:06:15.366, 5, 0, 78639
2026/09/14 07:06:15.866, 4, 0, 78639
2026/09/14 07:06:15.866, 5, 0, 78639
2026/09/14 07:06:16.366, 4, 0, 78639
2026/09/14 07:06:16.367, 5, 0, 78639
2026/09/14 07:06:16.867, 4, 0, 78639
2026/09/14 07:06:16.867, 5, 0, 78639
2026/09/14 07:06:17.367, 4, 0, 78639
2026/09/14 07:06:17.367, 5, 0, 78639
2026/09/14 07:06:17.867, 4, 0, 78639
2026/09/14 07:06:17.867, 5, 0, 78639
2026/09/14 07:06:18.367, 4, 0, 78639
2026/09/14 07:06:18.367, 5, 0, 78639
2026/09/14 07:06:18.867, 4, 0, 78639
2026/09/14 07:06:18.867, 5, 0, 78639
2026/09/14 07:06:19.368, 4, 0, 78639
2026/09/14 07:06:19.368, 5, 0, 78639
2026/09/14 07:06:19.868, 4, 10, 78639
2026/09/14 07:06:19.868, 5, 5, 78639
2026/09/14 07:06:20.368, 4, 0, 78639
2026/09/14 07:06:20.368, 5, 0, 78639
2026/09/14 07:06:20.868, 4, 0, 78639
2026/09/14 07:06:20.868, 5, 0, 78639
2026/09/14 07:06:21.368, 4, 0, 78639
2026/09/14 07:06:21.370, 5, 0, 78639
2026/09/14 07:06:21.871, 4, 0, 78639
2026/09/14 07:06:21.871, 5, 10, 78639
2026/09/14 07:06:22.371, 4, 0, 78639
2026/09/14 07:06:22.372, 5, 0, 78639
2026/09/14 07:06:22.872, 4, 0, 78639
2026/09/14 07:06:22.872, 5, 0, 78639
2026/09/14 07:06:23.372, 4, 0, 78639
2026/09/14 07:06:23.372, 5, 0, 78639
2026/09/14 07:06:23.872, 4, 9, 78639
2026/09/14 07:06:23.872, 5, 9, 78639
2026/09/14 07:06:24.373, 4, 0, 78639
2026/09/14 07:06:24.373, 5, 0, 78639
2026/09/14 07:06:24.873, 4, 1, 78639
2026/09/14 07:06:24.873, 5, 12, 78639
2026/09/14 07:06:25.373, 4, 0, 78639
2026/09/14 07:06:25.373, 5, 0, 78639
2026/09/14 07:06:25.873, 4, 0, 78639
2026/09/14 07:06:25.873, 5, 0, 78639
2026/09/14 07:06:26.373, 4, 0, 78639
2026/09/14 07:06:26.373, 5, 0, 78639
2026/09/14 07:06:26.874, 4, 0, 78639
2026/09/14 07:06:26.876, 5, 0, 78639
2026/09/14 07:06:27.376, 4, 0, 78639
2026/09/14 07:06:27.376, 5, 3, 78639
2026/09/14 07:06:27.876, 4, 3, 78639
2026/09/14 07:06:27.877, 5, 3, 78639
2026/09/14 07:06:28.377, 4, 0, 78639
2026/09/14 07:06:28.377, 5, 0, 78639
2026/09/14 07:06:28.877, 4, 27, 78639
2026/09/14 07:06:28.877, 5, 21, 78639
2026/09/14 07:06:29.377, 4, 0, 78639
2026/09/14 07:06:29.377, 5, 0, 78639
2026/09/14 07:06:29.877, 4, 0, 78639
2026/09/14 07:06:29.878, 5, 0, 78639
2026/09/14 07:06:30.378, 4, 0, 78639
2026/09/14 07:06:30.378, 5, 0, 78639
2026/09/14 07:06:30.878, 4, 0, 78639
2026/09/14 07:06:30.878, 5, 0, 78639
2026/09/14 07:06:31.379, 4, 0, 78639
2026/09/14 07:06:31.379, 5, 0, 78639
2026/09/14 07:06:31.879, 4, 0, 78639
2026/09/14 07:06:31.879, 5, 0, 78639
2026/09/14 07:06:32.379, 4, 0, 78639
2026/09/14 07:06:32.379, 5, 0, 78639
2026/09/14 07:06:32.880, 4, 0, 78639
2026/09/14 07:06:32.880, 5, 0, 78639
2026/09/14 07:06:33.380, 4, 0, 78639
2026/09/14 07:06:33.380, 5, 0, 78639
2026/09/14 07:06:33.880, 4, 0, 78639
2026/09/14 07:06:33.880, 5, 0, 78639
2026/09/14 07:06:34.380, 4, 0, 78639
2026/09/14 07:06:34.381, 5, 0, 78639
2026/09/14 07:06:34.881, 4, 0, 78639
2026/09/14 07:06:34.881, 5, 0, 78639
2026/09/14 07:06:35.381, 4, 0, 78639
2026/09/14 07:06:35.381, 5, 0, 78639
2026/09/14 07:06:35.881, 4, 0, 78639
2026/09/14 07:06:35.882, 5, 0, 78639
2026/09/14 07:06:36.382, 4, 0, 78639
2026/09/14 07:06:36.382, 5, 0, 78639
2026/09/14 07:06:36.882, 4, 0, 78639
2026/09/14 07:06:36.883, 5, 0, 78639
2026/09/14 07:06:37.383, 4, 0, 78639
2026/09/14 07:06:37.383, 5, 0, 78639
2026/09/14 07:06:37.883, 4, 3, 78639
2026/09/14 07:06:37.883, 5, 2, 78639
2026/09/14 07:06:38.383, 4, 0, 78639
2026/09/14 07:06:38.384, 5, 0, 78639
2026/09/14 07:06:38.884, 4, 0, 78639
2026/09/14 07:06:38.884, 5, 0, 78639
2026/09/14 07:06:39.384, 4, 0, 78639
2026/09/14 07:06:39.384, 5, 0, 78639
2026/09/14 07:06:39.884, 4, 31, 78639
2026/09/14 07:06:39.884, 5, 31, 78639
2026/09/14 07:06:40.384, 4, 23, 78639
2026/09/14 07:06:40.384, 5, 24, 78639
2026/09/14 07:06:40.885, 4, 13, 78639
2026/09/14 07:06:40.885, 5, 0, 78639
2026/09/14 07:06:41.386, 4, 0, 78639
2026/09/14 07:06:41.386, 5, 0, 78639
2026/09/14 07:06:41.886, 4, 0, 78639
2026/09/14 07:06:41.886, 5, 0, 78639
2026/09/14 07:06:42.386, 4, 0, 78639
2026/09/14 07:06:42.387, 5, 0, 78639
2026/09/14 07:06:42.887, 4, 0, 78639
2026/09/14 07:06:42.888, 5, 0, 78639
2026/09/14 07:06:43.388, 4, 0, 78639
2026/09/14 07:06:43.388, 5, 0, 78639
2026/09/14 07:06:43.888, 4, 0, 78639
2026/09/14 07:06:43.888, 5, 0, 78639
2026/09/14 07:06:44.388, 4, 0, 78639
2026/09/14 07:06:44.388, 5, 0, 78639
2026/09/14 07:06:44.889, 4, 0, 78639
2026/09/14 07:06:44.889, 5, 0, 78639
2026/09/14 07:06:45.389, 4, 0, 78639
2026/09/14 07:06:45.389, 5, 0, 78639
2026/09/14 07:06:45.889, 4, 0, 78639
2026/09/14 07:06:45.889, 5, 0, 78639
2026/09/14 07:06:46.389, 4, 0, 78639
2026/09/14 07:06:46.390, 5, 0, 78639
2026/09/14 07:06:46.890, 4, 0, 78639
2026/09/14 07:06:46.891, 5, 0, 78639
2026/09/14 07:06:47.391, 4, 0, 78639
2026/09/14 07:06:47.391, 5, 0, 78639
2026/09/14 07:06:47.891, 4, 0, 78639
2026/09/14 07:06:47.891, 5, 0, 78639
2026/09/14 07:06:48.392, 4, 0, 78639
2026/09/14 07:06:48.392, 5, 0, 78639
2026/09/14 07:06:48.892, 4, 0, 78639
2026/09/14 07:06:48.892, 5, 0, 78639
2026/09/14 07:06:49.392, 4, 0, 78639
2026/09/14 07:06:49.392, 5, 0, 78639
2026/09/14 07:06:49.892, 4, 0, 78639
2026/09/14 07:06:49.892, 5, 0, 78639
2026/09/14 07:06:50.392, 4, 0, 78639
2026/09/14 07:06:50.393, 5, 0, 78639
2026/09/14 07:06:50.894, 4, 0, 78639
2026/09/14 07:06:50.894, 5, 0, 78639
2026/09/14 07:06:51.394, 4, 0, 78639
2026/09/14 07:06:51.394, 5, 0, 78639
2026/09/14 07:06:51.894, 4, 0, 78639
2026/09/14 07:06:51.894, 5, 0, 78639
2026/09/14 07:06:52.394, 4, 0, 78639
2026/09/14 07:06:52.394, 5, 0, 78639
2026/09/14 07:06:52.894, 4, 0, 78639
2026/09/14 07:06:52.895, 5, 0, 78639
2026/09/14 07:06:53.395, 4, 0, 78639
2026/09/14 07:06:53.395, 5, 0, 78639
2026/09/14 07:06:53.895, 4, 0, 78639
2026/09/14 07:06:53.895, 5, 0, 78639
2026/09/14 07:06:54.395, 4, 0, 78639
2026/09/14 07:06:54.396, 5, 0, 78639
2026/09/14 07:06:54.896, 4, 0, 78639
2026/09/14 07:06:54.896, 5, 0, 78639
2026/09/14 07:06:55.396, 4, 0, 78639
2026/09/14 07:06:55.397, 5, 0, 78639
2026/09/14 07:06:55.897, 4, 0, 78639
2026/09/14 07:06:55.897, 5, 0, 78639
2026/09/14 07:06:56.397, 4, 0, 78639
2026/09/14 07:06:56.397, 5, 0, 78639
2026/09/14 07:06:56.897, 4, 0, 78639
2026/09/14 07:06:56.897, 5, 0, 78639
2026/09/14 07:06:57.397, 4, 0, 78639
2026/09/14 07:06:57.398, 5, 0, 78639
2026/09/14 07:06:57.898, 4, 0, 78639
2026/09/14 07:06:57.898, 5, 0, 78639
2026/09/14 07:06:58.398, 4, 31, 78639
2026/09/14 07:06:58.398, 5, 21, 78639
2026/09/14 07:06:58.898, 4, 31, 78639
2026/09/14 07:06:58.898, 5, 10, 78639
2026/09/14 07:06:59.398, 4, 0, 78639
2026/09/14 07:06:59.398, 5, 0, 78639
2026/09/14 07:06:59.898, 4, 0, 78639
2026/09/14 07:06:59.899, 5, 0, 78639
2026/09/14 07:07:00.399, 4, 0, 78639
2026/09/14 07:07:00.399, 5, 0, 78639
2026/09/14 07:07:00.899, 4, 0, 78639
2026/09/14 07:07:00.899, 5, 0, 78639
2026/09/14 07:07:01.399, 4, 0, 78639
2026/09/14 07:07:01.399, 5, 0, 78639
2026/09/14 07:07:01.899, 4, 0, 78639
2026/09/14 07:07:01.899, 5, 0, 78639
2026/09/14 07:07:02.399, 4, 0, 78639
2026/09/14 07:07:02.399, 5, 0, 78639
2026/09/14 07:07:02.900, 4, 0, 78639
2026/09/14 07:07:02.900, 5, 0, 78639
2026/09/14 07:07:03.400, 4, 0, 78639
2026/09/14 07:07:03.400, 5, 0, 78639
2026/09/14 07:07:03.900, 4, 0, 78639
2026/09/14 07:07:03.900, 5, 0, 78639
2026/09/14 07:07:04.400, 4, 0, 78639
2026/09/14 07:07:04.400, 5, 0, 78639
2026/09/14 07:07:04.900, 4, 0, 78639
2026/09/14 07:07:04.900, 5, 0, 78639
2026/09/14 07:07:05.400, 4, 0, 78639
2026/09/14 07:07:05.401, 5, 0, 78639
2026/09/14 07:07:05.901, 4, 0, 78639
2026/09/14 07:07:05.901, 5, 0, 78639
2026/09/14 07:07:06.401, 4, 0, 78639
2026/09/14 07:07:06.401, 5, 0, 78639
2026/09/14 07:07:06.901, 4, 0, 78639
2026/09/14 07:07:06.901, 5, 0, 78639
2026/09/14 07:07:07.401, 4, 2, 78639
2026/09/14 07:07:07.401, 5, 11, 78639
2026/09/14 07:07:07.902, 4, 0, 78639
2026/09/14 07:07:07.902, 5, 0, 78639
2026/09/14 07:07:08.402, 4, 0, 78639
2026/09/14 07:07:08.402, 5, 0, 78639
2026/09/14 07:07:08.902, 4, 0, 78639
2026/09/14 07:07:08.902, 5, 0, 78639
2026/09/14 07:07:09.402, 4, 0, 78639
2026/09/14 07:07:09.403, 5, 11, 78639
2026/09/14 07:07:09.904, 4, 0, 78639
2026/09/14 07:07:09.904, 5, 0, 78639
2026/09/14 07:07:10.404, 4, 0, 78639
2026/09/14 07:07:10.405, 5, 0, 78639
2026/09/14 07:07:10.905, 4, 0, 78639
2026/09/14 07:07:10.905, 5, 0, 78639
2026/09/14 07:07:11.405, 4, 9, 78639
2026/09/14 07:07:11.406, 5, 4, 78639
2026/09/14 07:07:11.906, 4, 0, 78639
2026/09/14 07:07:11.906, 5, 0, 78639
2026/09/14 07:07:12.406, 4, 65, 78639
2026/09/14 07:07:12.406, 5, 29, 78639
2026/09/14 07:07:12.906, 4, 100, 78639
2026/09/14 07:07:12.906, 5, 100, 78639
2026/09/14 07:07:13.406, 4, 100, 78639
2026/09/14 07:07:13.406, 5, 100, 78639
2026/09/14 07:07:13.907, 4, 74, 78639
2026/09/14 07:07:13.907, 5, 41, 78639
2026/09/14 07:07:14.408, 4, 100, 78639
2026/09/14 07:07:14.408, 5, 99, 78639
2026/09/14 07:07:14.908, 4, 100, 78639
2026/09/14 07:07:14.908, 5, 100, 78639
2026/09/14 07:07:15.408, 4, 91, 78639
2026/09/14 07:07:15.408, 5, 100, 78639
2026/09/14 07:07:15.908, 4, 99, 78639
2026/09/14 07:07:15.908, 5, 100, 78639
2026/09/14 07:07:16.408, 4, 100, 78639
2026/09/14 07:07:16.409, 5, 100, 78639
2026/09/14 07:07:16.910, 4, 100, 78639
2026/09/14 07:07:16.910, 5, 90, 78639
2026/09/14 07:07:17.410, 4, 100, 78639
2026/09/14 07:07:17.410, 5, 99, 78639
2026/09/14 07:07:17.910, 4, 100, 78639
2026/09/14 07:07:17.910, 5, 100, 78639
2026/09/14 07:07:18.410, 4, 74, 78639
2026/09/14 07:07:18.411, 5, 100, 78639
2026/09/14 07:07:18.911, 4, 99, 78639
2026/09/14 07:07:18.911, 5, 99, 78639
2026/09/14 07:07:19.411, 4, 100, 78639
2026/09/14 07:07:19.412, 5, 100, 78639
2026/09/14 07:07:19.912, 4, 100, 78639
2026/09/14 07:07:19.912, 5, 98, 78639
2026/09/14 07:07:20.412, 4, 99, 78639
2026/09/14 07:07:20.412, 5, 99, 78639
2026/09/14 07:07:20.913, 4, 100, 78639
2026/09/14 07:07:20.913, 5, 100, 78639
2026/09/14 07:07:21.413, 4, 100, 78639
2026/09/14 07:07:21.413, 5, 100, 78639
2026/09/14 07:07:21.913, 4, 99, 78639
2026/09/14 07:07:21.913, 5, 99, 78639
2026/09/14 07:07:22.413, 4, 100, 78639
2026/09/14 07:07:22.413, 5, 100, 78639
2026/09/14 07:07:22.913, 4, 100, 78639
2026/09/14 07:07:22.913, 5, 100, 78639
2026/09/14 07:07:23.413, 4, 99, 78639
2026/09/14 07:07:23.414, 5, 99, 78639
2026/09/14 07:07:23.914, 4, 100, 78639
2026/09/14 07:07:23.914, 5, 100, 78639
2026/09/14 07:07:24.414, 4, 100, 78639
2026/09/14 07:07:24.414, 5, 100, 78639
2026/09/14 07:07:24.914, 4, 96, 78639
2026/09/14 07:07:24.914, 5, 99, 78639
2026/09/14 07:07:25.415, 4, 100, 78639
2026/09/14 07:07:25.416, 5, 100, 78639
2026/09/14 07:07:25.916, 4, 100, 78639
2026/09/14 07:07:25.916, 5, 100, 78639
2026/09/14 07:07:26.416, 4, 99, 78639
2026/09/14 07:07:26.416, 5, 76, 78639
2026/09/14 07:07:26.916, 4, 100, 78639
2026/09/14 07:07:26.916, 5, 100, 78639
2026/09/14 07:07:27.416, 4, 100, 78639
2026/09/14 07:07:27.416, 5, 100, 78639
2026/09/14 07:07:27.917, 4, 91, 78639
2026/09/14 07:07:27.918, 5, 99, 78639
2026/09/14 07:07:28.419, 4, 100, 78639
2026/09/14 07:07:28.419, 5, 100, 78639
2026/09/14 07:07:28.919, 4, 100, 78639
2026/09/14 07:07:28.919, 5, 100, 78639
2026/09/14 07:07:29.419, 4, 99, 78639
2026/09/14 07:07:29.419, 5, 90, 78639
2026/09/14 07:07:29.919, 4, 100, 78639
2026/09/14 07:07:29.919, 5, 100, 78639
2026/09/14 07:07:30.419, 4, 100, 78639
2026/09/14 07:07:30.420, 5, 100, 78639
2026/09/14 07:07:30.921, 4, 56, 78639
2026/09/14 07:07:30.921, 5, 92, 78639
2026/09/14 07:07:31.421, 4, 100, 78639
2026/09/14 07:07:31.421, 5, 100, 78639
2026/09/14 07:07:31.921, 4, 100, 78639
2026/09/14 07:07:31.921, 5, 100, 78639
2026/09/14 07:07:32.421, 4, 47, 78639
2026/09/14 07:07:32.422, 5, 50, 78639
2026/09/14 07:07:32.922, 4, 99, 78639
2026/09/14 07:07:32.922, 5, 100, 78639
2026/09/14 07:07:33.422, 4, 100, 78639
2026/09/14 07:07:33.422, 5, 100, 78639
2026/09/14 07:07:33.922, 4, 100, 78639
2026/09/14 07:07:33.924, 5, 91, 78639
2026/09/14 07:07:34.424, 4, 100, 78639
2026/09/14 07:07:34.424, 5, 100, 78639
2026/09/14 07:07:34.924, 4, 100, 78639
2026/09/14 07:07:34.924, 5, 100, 78639
2026/09/14 07:07:35.424, 4, 91, 78639
2026/09/14 07:07:35.424, 5, 93, 78639
2026/09/14 07:07:35.925, 4, 99, 78639
2026/09/14 07:07:35.925, 5, 100, 78639
2026/09/14 07:07:36.425, 4, 100, 78639
2026/09/14 07:07:36.425, 5, 100, 78639
2026/09/14 07:07:36.926, 4, 100, 78639
2026/09/14 07:07:36.926, 5, 57, 78639
2026/09/14 07:07:37.426, 4, 99, 78639
2026/09/14 07:07:37.426, 5, 99, 78639
2026/09/14 07:07:37.926, 4, 100, 78639
2026/09/14 07:07:37.926, 5, 100, 78639
2026/09/14 07:07:38.426, 4, 90, 78639
2026/09/14 07:07:38.426, 5, 100, 78639
2026/09/14 07:07:38.926, 4, 99, 78639
2026/09/14 07:07:38.926, 5, 99, 78639
2026/09/14 07:07:39.426, 4, 100, 78639
2026/09/14 07:07:39.427, 5, 100, 78639
2026/09/14 07:07:39.927, 4, 100, 78639
2026/09/14 07:07:39.927, 5, 100, 78639
2026/09/14 07:07:40.427, 4, 99, 78639
2026/09/14 07:07:40.427, 5, 99, 78639
2026/09/14 07:07:40.927, 4, 100, 78639
2026/09/14 07:07:40.927, 5, 100, 78639
2026/09/14 07:07:41.427, 4, 100, 78639
2026/09/14 07:07:41.427, 5, 100, 78639
2026/09/14 07:07:41.928, 4, 99, 78639
2026/09/14 07:07:41.928, 5, 99, 78639
2026/09/14 07:07:42.428, 4, 100, 78639
2026/09/14 07:07:42.428, 5, 100, 78639
2026/09/14 07:07:42.928, 4, 100, 78639
2026/09/14 07:07:42.928, 5, 100, 78639
2026/09/14 07:07:43.428, 4, 99, 78639
2026/09/14 07:07:43.428, 5, 99, 78639
2026/09/14 07:07:43.928, 4, 100, 78639
2026/09/14 07:07:43.928, 5, 100, 78639
2026/09/14 07:07:44.428, 4, 100, 78639
2026/09/14 07:07:44.428, 5, 100, 78639
2026/09/14 07:07:44.929, 4, 1, 78639
2026/09/14 07:07:44.938, 5, 0, 78639
2026/09/14 07:07:45.438, 4, 99, 78639
2026/09/14 07:07:45.439, 5, 99, 78639
2026/09/14 07:07:45.940, 4, 100, 78639
2026/09/14 07:07:45.940, 5, 100, 78639
2026/09/14 07:07:46.440, 4, 100, 78639
2026/09/14 07:07:46.441, 5, 100, 78639
2026/09/14 07:07:46.941, 4, 0, 78639
2026/09/14 07:07:46.941, 5, 0, 78639
2026/09/14 07:07:47.441, 4, 0, 78639
2026/09/14 07:07:47.441, 5, 0, 78639
2026/09/14 07:07:47.941, 4, 10, 78639
2026/09/14 07:07:47.941, 5, 0, 78639
2026/09/14 07:07:48.441, 4, 0, 78639
2026/09/14 07:07:48.441, 5, 0, 78639
2026/09/14 07:07:48.941, 4, 0, 78639
2026/09/14 07:07:48.942, 5, 3, 78639
2026/09/14 07:07:49.442, 4, 0, 78639
2026/09/14 07:07:49.442, 5, 0, 78639
2026/09/14 07:07:49.942, 4, 3, 78639
2026/09/14 07:07:49.942, 5, 0, 78639
2026/09/14 07:07:50.442, 4, 29, 78639
2026/09/14 07:07:50.443, 5, 30, 78639
2026/09/14 07:07:50.944, 4, 0, 78639
2026/09/14 07:07:50.944, 5, 0, 78639
2026/09/14 07:07:51.444, 4, 0, 78639
2026/09/14 07:07:51.444, 5, 0, 78639
2026/09/14 07:07:51.944, 4, 0, 78639
2026/09/14 07:07:51.944, 5, 0, 78639
2026/09/14 07:07:52.445, 4, 0, 78639
2026/09/14 07:07:52.445, 5, 0, 78639
2026/09/14 07:07:52.945, 4, 0, 78639
2026/09/14 07:07:52.945, 5, 0, 78639
2026/09/14 07:07:53.445, 4, 0, 78639
2026/09/14 07:07:53.445, 5, 0, 78639
2026/09/14 07:07:53.945, 4, 0, 78639
2026/09/14 07:07:53.945, 5, 0, 78639
2026/09/14 07:07:54.445, 4, 0, 78639
2026/09/14 07:07:54.445, 5, 0, 78639
2026/09/14 07:07:54.946, 4, 0, 78639
2026/09/14 07:07:54.946, 5, 0, 78639
2026/09/14 07:07:55.447, 4, 0, 78639
2026/09/14 07:07:55.447, 5, 0, 78639
2026/09/14 07:07:55.947, 4, 0, 78639
2026/09/14 07:07:55.947, 5, 0, 78639
2026/09/14 07:07:56.447, 4, 0, 78639
2026/09/14 07:07:56.447, 5, 0, 78639
2026/09/14 07:07:56.947, 4, 0, 78639
2026/09/14 07:07:56.947, 5, 0, 78639
2026/09/14 07:07:57.448, 4, 0, 78639
2026/09/14 07:07:57.448, 5, 0, 78639
2026/09/14 07:07:57.948, 4, 12, 78639
2026/09/14 07:07:57.948, 5, 1, 78639
2026/09/14 07:07:58.448, 4, 0, 78639
2026/09/14 07:07:58.448, 5, 0, 78639
2026/09/14 07:07:58.948, 4, 0, 78639
2026/09/14 07:07:58.949, 5, 6, 78639
2026/09/14 07:07:59.449, 4, 3, 78639
2026/09/14 07:07:59.449, 5, 0, 78639
2026/09/14 07:07:59.949, 4, 12, 78639
2026/09/14 07:07:59.949, 5, 11, 78639
2026/09/14 07:08:00.449, 4, 0, 78639
2026/09/14 07:08:00.449, 5, 0, 78639
2026/09/14 07:08:00.949, 4, 0, 78639
2026/09/14 07:08:00.950, 5, 6, 78639
2026/09/14 07:08:01.451, 4, 7, 78639
2026/09/14 07:08:01.452, 5, 0, 78639
2026/09/14 07:08:01.954, 4, 28, 78639
2026/09/14 07:08:01.954, 5, 24, 78639
2026/09/14 07:08:02.454, 4, 25, 78639
2026/09/14 07:08:02.454, 5, 26, 78639
2026/09/14 07:08:02.954, 4, 0, 78639
2026/09/14 07:08:02.954, 5, 0, 78639
2026/09/14 07:08:03.454, 4, 0, 78639
2026/09/14 07:08:03.454, 5, 0, 78639
2026/09/14 07:08:03.955, 4, 0, 78639
2026/09/14 07:08:03.955, 5, 0, 78639
2026/09/14 07:08:04.455, 4, 0, 78639
2026/09/14 07:08:04.455, 5, 0, 78639
2026/09/14 07:08:04.955, 4, 0, 78639
2026/09/14 07:08:04.955, 5, 0, 78639
2026/09/14 07:08:05.455, 4, 0, 78639
2026/09/14 07:08:05.455, 5, 0, 78639
2026/09/14 07:08:05.955, 4, 0, 78639
2026/09/14 07:08:05.956, 5, 0, 78639
2026/09/14 07:08:06.456, 4, 0, 78639
2026/09/14 07:08:06.456, 5, 0, 78639
2026/09/14 07:08:06.956, 4, 0, 78639
2026/09/14 07:08:06.956, 5, 0, 78639
2026/09/14 07:08:07.456, 4, 0, 78639
2026/09/14 07:08:07.456, 5, 0, 78639
2026/09/14 07:08:07.956, 4, 0, 78639
2026/09/14 07:08:07.957, 5, 0, 78639
2026/09/14 07:08:08.457, 4, 0, 78639
2026/09/14 07:08:08.457, 5, 0, 78639
2026/09/14 07:08:08.957, 4, 0, 78639
2026/09/14 07:08:08.957, 5, 0, 78639
2026/09/14 07:08:09.457, 4, 0, 78639
2026/09/14 07:08:09.457, 5, 0, 78639
2026/09/14 07:08:09.957, 4, 0, 78639
2026/09/14 07:08:09.957, 5, 0, 78639
2026/09/14 07:08:10.457, 4, 0, 78639
2026/09/14 07:08:10.458, 5, 0, 78639
2026/09/14 07:08:10.958, 4, 0, 78639
2026/09/14 07:08:10.958, 5, 0, 78639
2026/09/14 07:08:11.458, 4, 0, 78639
2026/09/14 07:08:11.458, 5, 0, 78639
2026/09/14 07:08:11.959, 4, 0, 78639
2026/09/14 07:08:11.959, 5, 0, 78639
2026/09/14 07:08:12.459, 4, 0, 78639
2026/09/14 07:08:12.459, 5, 0, 78639
2026/09/14 07:08:12.959, 4, 0, 78639
2026/09/14 07:08:12.960, 5, 0, 78639
2026/09/14 07:08:13.460, 4, 0, 78639
2026/09/14 07:08:13.460, 5, 0, 78639
2026/09/14 07:08:13.960, 4, 0, 78639
2026/09/14 07:08:13.960, 5, 0, 78639
2026/09/14 07:08:14.460, 4, 0, 78639
2026/09/14 07:08:14.460, 5, 0, 78639
2026/09/14 07:08:14.960, 4, 0, 78639
2026/09/14 07:08:14.960, 5, 0, 78639
2026/09/14 07:08:15.460, 4, 0, 78639
2026/09/14 07:08:15.461, 5, 0, 78639
2026/09/14 07:08:15.961, 4, 0, 78639
2026/09/14 07:08:15.962, 5, 0, 78639
2026/09/14 07:08:16.462, 4, 0, 78639
2026/09/14 07:08:16.463, 5, 0, 78639
2026/09/14 07:08:16.963, 4, 0, 78639
2026/09/14 07:08:16.963, 5, 0, 78639
2026/09/14 07:08:17.464, 4, 0, 78639
2026/09/14 07:08:17.464, 5, 0, 78639
2026/09/14 07:08:17.964, 4, 0, 78639
2026/09/14 07:08:17.964, 5, 0, 78639
2026/09/14 07:08:18.464, 4, 0, 78639
2026/09/14 07:08:18.464, 5, 0, 78639
2026/09/14 07:08:18.964, 4, 28, 78639
2026/09/14 07:08:18.964, 5, 29, 78639
2026/09/14 07:08:19.465, 4, 4, 78639
2026/09/14 07:08:19.466, 5, 14, 78639
2026/09/14 07:08:19.966, 4, 0, 78639
2026/09/14 07:08:19.966, 5, 0, 78639
2026/09/14 07:08:20.466, 4, 0, 78639
2026/09/14 07:08:20.466, 5, 0, 78639
2026/09/14 07:08:20.966, 4, 0, 78639
2026/09/14 07:08:20.966, 5, 0, 78639
2026/09/14 07:08:21.467, 4, 0, 78639
2026/09/14 07:08:21.467, 5, 0, 78639
2026/09/14 07:08:21.967, 4, 0, 78639
2026/09/14 07:08:21.967, 5, 0, 78639
2026/09/14 07:08:22.467, 4, 0, 78639
2026/09/14 07:08:22.467, 5, 0, 78639
2026/09/14 07:08:22.968, 4, 0, 78639
2026/09/14 07:08:22.968, 5, 0, 78639
2026/09/14 07:08:23.468, 4, 0, 78639
2026/09/14 07:08:23.469, 5, 0, 78639
2026/09/14 07:08:23.969, 4, 0, 78639
2026/09/14 07:08:23.969, 5, 0, 78639
2026/09/14 07:08:24.470, 4, 0, 78639
2026/09/14 07:08:24.470, 5, 0, 78639
2026/09/14 07:08:24.970, 4, 0, 78639
2026/09/14 07:08:24.970, 5, 0, 78639
2026/09/14 07:08:25.470, 4, 0, 78639
2026/09/14 07:08:25.470, 5, 0, 78639
2026/09/14 07:08:25.971, 4, 0, 78639
2026/09/14 07:08:25.971, 5, 0, 78639
2026/09/14 07:08:26.471, 4, 0, 78639
2026/09/14 07:08:26.471, 5, 0, 78639
2026/09/14 07:08:26.971, 4, 0, 78639
2026/09/14 07:08:26.971, 5, 0, 78639
2026/09/14 07:08:27.471, 4, 0, 78639
2026/09/14 07:08:27.471, 5, 0, 78639
2026/09/14 07:08:27.971, 4, 0, 78639
2026/09/14 07:08:27.972, 5, 0, 78639
2026/09/14 07:08:28.472, 4, 0, 78639
2026/09/14 07:08:28.472, 5, 0, 78639
2026/09/14 07:08:28.972, 4, 0, 78639
2026/09/14 07:08:28.972, 5, 0, 78639
2026/09/14 07:08:29.472, 4, 0, 78639
2026/09/14 07:08:29.472, 5, 0, 78639
2026/09/14 07:08:29.973, 4, 0, 78639
2026/09/14 07:08:29.973, 5, 0, 78639
2026/09/14 07:08:30.473, 4, 0, 78639
2026/09/14 07:08:30.473, 5, 0, 78639
2026/09/14 07:08:30.973, 4, 0, 78639
2026/09/14 07:08:30.974, 5, 4, 78639
2026/09/14 07:08:31.475, 4, 0, 78639
2026/09/14 07:08:31.475, 5, 0, 78639
2026/09/14 07:08:31.975, 4, 0, 78639
2026/09/14 07:08:31.976, 5, 0, 78639
2026/09/14 07:08:32.476, 4, 1, 78639
2026/09/14 07:08:32.476, 5, 1, 78639
2026/09/14 07:08:32.976, 4, 12, 78639
2026/09/14 07:08:32.976, 5, 18, 78639
2026/09/14 07:08:33.476, 4, 0, 78639
2026/09/14 07:08:33.476, 5, 0, 78639
2026/09/14 07:08:33.976, 4, 0, 78639
2026/09/14 07:08:33.976, 5, 0, 78639
2026/09/14 07:08:34.477, 4, 0, 78639
2026/09/14 07:08:34.477, 5, 0, 78639
2026/09/14 07:08:34.977, 4, 0, 78639
2026/09/14 07:08:34.977, 5, 0, 78639
2026/09/14 07:08:35.477, 4, 0, 78639
2026/09/14 07:08:35.477, 5, 0, 78639
2026/09/14 07:08:35.977, 4, 0, 78639
2026/09/14 07:08:35.977, 5, 0, 78639
2026/09/14 07:08:36.477, 4, 0, 78639
2026/09/14 07:08:36.477, 5, 0, 78639
2026/09/14 07:08:36.977, 4, 0, 78639
2026/09/14 07:08:36.978, 5, 0, 78639
2026/09/14 07:08:37.478, 4, 0, 78639
2026/09/14 07:08:37.478, 5, 0, 78639
2026/09/14 07:08:37.978, 4, 0, 78639
2026/09/14 07:08:37.978, 5, 0, 78639
2026/09/14 07:08:38.478, 4, 0, 78639
2026/09/14 07:08:38.478, 5, 0, 78639
2026/09/14 07:08:38.978, 4, 0, 78639
2026/09/14 07:08:38.978, 5, 0, 78639
2026/09/14 07:08:39.479, 4, 0, 78639
2026/09/14 07:08:39.480, 5, 0, 78639
2026/09/14 07:08:39.980, 4, 1, 78639
2026/09/14 07:08:39.980, 5, 0, 78639
2026/09/14 07:08:40.480, 4, 0, 78639
2026/09/14 07:08:40.480, 5, 0, 78639
2026/09/14 07:08:40.980, 4, 0, 78639
2026/09/14 07:08:40.980, 5, 0, 78639
2026/09/14 07:08:41.480, 4, 0, 78639
2026/09/14 07:08:41.480, 5, 0, 78639
2026/09/14 07:08:41.980, 4, 2, 78639
2026/09/14 07:08:41.981, 5, 2, 78639
2026/09/14 07:08:42.481, 4, 0, 78639
2026/09/14 07:08:42.481, 5, 0, 78639
2026/09/14 07:08:42.981, 4, 0, 78639
2026/09/14 07:08:42.981, 5, 0, 78639
2026/09/14 07:08:43.481, 4, 0, 78639
2026/09/14 07:08:43.481, 5, 6, 78639
2026/09/14 07:08:43.982, 4, 28, 78639
2026/09/14 07:08:43.982, 5, 28, 78639
2026/09/14 07:08:44.482, 4, 17, 78639
2026/09/14 07:08:44.482, 5, 17, 78639
2026/09/14 07:08:44.982, 4, 0, 78639
2026/09/14 07:08:44.982, 5, 0, 78639
2026/09/14 07:08:45.483, 4, 0, 78639
2026/09/14 07:08:45.483, 5, 0, 78639
2026/09/14 07:08:45.983, 4, 0, 78639
2026/09/14 07:08:45.983, 5, 0, 78639
2026/09/14 07:08:46.483, 4, 0, 78639
2026/09/14 07:08:46.483, 5, 0, 78639
2026/09/14 07:08:46.983, 4, 0, 78639
2026/09/14 07:08:46.984, 5, 0, 78639
2026/09/14 07:08:47.484, 4, 0, 78639
2026/09/14 07:08:47.484, 5, 0, 78639
2026/09/14 07:08:47.984, 4, 0, 78639
2026/09/14 07:08:47.984, 5, 0, 78639
2026/09/14 07:08:48.484, 4, 0, 78639
2026/09/14 07:08:48.485, 5, 0, 78639
2026/09/14 07:08:48.985, 4, 0, 78639
2026/09/14 07:08:48.985, 5, 0, 78639
2026/09/14 07:08:49.485, 4, 0, 78639
2026/09/14 07:08:49.485, 5, 0, 78639
2026/09/14 07:08:49.986, 4, 0, 78639
2026/09/14 07:08:49.986, 5, 0, 78639
2026/09/14 07:08:50.486, 4, 0, 78639
2026/09/14 07:08:50.486, 5, 0, 78639
2026/09/14 07:08:50.986, 4, 0, 78639
2026/09/14 07:08:50.987, 5, 0, 78639
2026/09/14 07:08:51.487, 4, 0, 78639
2026/09/14 07:08:51.487, 5, 0, 78639
2026/09/14 07:08:51.987, 4, 0, 78639
2026/09/14 07:08:51.987, 5, 0, 78639
2026/09/14 07:08:52.487, 4, 0, 78639
2026/09/14 07:08:52.487, 5, 0, 78639
2026/09/14 07:08:52.988, 4, 0, 78639
2026/09/14 07:08:52.988, 5, 0, 78639
2026/09/14 07:08:53.488, 4, 0, 78639
2026/09/14 07:08:53.488, 5, 0, 78639
2026/09/14 07:08:53.988, 4, 0, 78639
2026/09/14 07:08:53.989, 5, 0, 78639
2026/09/14 07:08:54.490, 4, 0, 78639
2026/09/14 07:08:54.490, 5, 0, 78639
2026/09/14 07:08:54.990, 4, 0, 78639
2026/09/14 07:08:54.990, 5, 0, 78639
2026/09/14 07:08:55.490, 4, 0, 78639
2026/09/14 07:08:55.490, 5, 0, 78639
2026/09/14 07:08:55.990, 4, 0, 78639
2026/09/14 07:08:55.990, 5, 0, 78639
2026/09/14 07:08:56.491, 4, 0, 78639
2026/09/14 07:08:56.491, 5, 0, 78639
2026/09/14 07:08:56.991, 4, 0, 78639
2026/09/14 07:08:56.991, 5, 0, 78639
2026/09/14 07:08:57.491, 4, 0, 78639
2026/09/14 07:08:57.492, 5, 0, 78639
2026/09/14 07:08:57.992, 4, 0, 78639
2026/09/14 07:08:57.992, 5, 0, 78639
2026/09/14 07:08:58.492, 4, 0, 78639
2026/09/14 07:08:58.492, 5, 0, 78639
2026/09/14 07:08:58.992, 4, 0, 78639
2026/09/14 07:08:58.992, 5, 0, 78639
2026/09/14 07:08:59.492, 4, 0, 78639
2026/09/14 07:08:59.492, 5, 0, 78639
2026/09/14 07:08:59.992, 4, 0, 78639
2026/09/14 07:08:59.993, 5, 0, 78639
2026/09/14 07:09:00.493, 4, 0, 78639
2026/09/14 07:09:00.493, 5, 0, 78639
2026/09/14 07:09:00.993, 4, 19, 78639
2026/09/14 07:09:00.993, 5, 8, 78639
2026/09/14 07:09:01.493, 4, 23, 78639
2026/09/14 07:09:01.494, 5, 12, 78639
2026/09/14 07:09:01.994, 4, 0, 78639
2026/09/14 07:09:01.994, 5, 0, 78639
2026/09/14 07:09:02.494, 4, 0, 78639
2026/09/14 07:09:02.494, 5, 0, 78639
2026/09/14 07:09:02.994, 4, 0, 78639
2026/09/14 07:09:02.994, 5, 0, 78639
2026/09/14 07:09:03.494, 4, 0, 78639
2026/09/14 07:09:03.494, 5, 0, 78639
2026/09/14 07:09:03.994, 4, 0, 78639
2026/09/14 07:09:03.995, 5, 0, 78639
2026/09/14 07:09:04.495, 4, 0, 78639
2026/09/14 07:09:04.495, 5, 0, 78639
2026/09/14 07:09:04.995, 4, 0, 78639
2026/09/14 07:09:04.995, 5, 0, 78639
2026/09/14 07:09:05.496, 4, 0, 78639
2026/09/14 07:09:05.496, 5, 0, 78639
2026/09/14 07:09:05.996, 4, 0, 78639
2026/09/14 07:09:05.996, 5, 0, 78639
2026/09/14 07:09:06.496, 4, 0, 78639
2026/09/14 07:09:06.496, 5, 0, 78639
2026/09/14 07:09:06.996, 4, 0, 78639
2026/09/14 07:09:06.997, 5, 0, 78639
2026/09/14 07:09:07.497, 4, 0, 78639
2026/09/14 07:09:07.497, 5, 0, 78639
2026/09/14 07:09:07.997, 4, 0, 78639
2026/09/14 07:09:07.997, 5, 0, 78639
2026/09/14 07:09:08.497, 4, 0, 78639
2026/09/14 07:09:08.497, 5, 0, 78639
2026/09/14 07:09:08.998, 4, 0, 78639
2026/09/14 07:09:08.998, 5, 0, 78639
2026/09/14 07:09:09.498, 4, 0, 78639
2026/09/14 07:09:09.498, 5, 0, 78639
2026/09/14 07:09:09.998, 4, 0, 78639
2026/09/14 07:09:09.998, 5, 23, 78639
2026/09/14 07:09:10.498, 4, 0, 78639
2026/09/14 07:09:10.498, 5, 0, 78639
2026/09/14 07:09:10.999, 4, 0, 78639
2026/09/14 07:09:10.999, 5, 0, 78639
2026/09/14 07:09:11.499, 4, 0, 78639
2026/09/14 07:09:11.499, 5, 0, 78639
2026/09/14 07:09:11.999, 4, 0, 78639
2026/09/14 07:09:11.999, 5, 10, 78639
2026/09/14 07:09:12.499, 4, 0, 78639
2026/09/14 07:09:12.499, 5, 0, 78639
2026/09/14 07:09:12.999, 4, 7, 78639
2026/09/14 07:09:13.000, 5, 0, 78639
2026/09/14 07:09:13.500, 4, 0, 78639
2026/09/14 07:09:13.500, 5, 0, 78639
2026/09/14 07:09:14.000, 4, 9, 78639
2026/09/14 07:09:14.000, 5, 9, 78639
2026/09/14 07:09:14.500, 4, 0, 78639
2026/09/14 07:09:14.500, 5, 0, 78639
2026/09/14 07:09:15.000, 4, 29, 78639
2026/09/14 07:09:15.000, 5, 30, 78639
2026/09/14 07:09:15.501, 4, 0, 78639
2026/09/14 07:09:15.501, 5, 0, 78639
2026/09/14 07:09:16.001, 4, 0, 78639
2026/09/14 07:09:16.001, 5, 0, 78639
2026/09/14 07:09:16.501, 4, 0, 78639
2026/09/14 07:09:16.501, 5, 0, 78639
2026/09/14 07:09:17.001, 4, 0, 78639
2026/09/14 07:09:17.001, 5, 0, 78639
2026/09/14 07:09:17.501, 4, 0, 78639
2026/09/14 07:09:17.501, 5, 0, 78639
2026/09/14 07:09:18.002, 4, 0, 78639
2026/09/14 07:09:18.002, 5, 0, 78639
2026/09/14 07:09:18.502, 4, 0, 78639
2026/09/14 07:09:18.502, 5, 0, 78639
2026/09/14 07:09:19.002, 4, 0, 78639
2026/09/14 07:09:19.002, 5, 0, 78639
2026/09/14 07:09:19.502, 4, 0, 78639
2026/09/14 07:09:19.503, 5, 0, 78639
2026/09/14 07:09:20.003, 4, 0, 78639
2026/09/14 07:09:20.003, 5, 0, 78639
2026/09/14 07:09:20.503, 4, 0, 78639
2026/09/14 07:09:20.503, 5, 0, 78639
2026/09/14 07:09:21.003, 4, 0, 78639
2026/09/14 07:09:21.003, 5, 0, 78639
2026/09/14 07:09:21.503, 4, 0, 78639
2026/09/14 07:09:21.503, 5, 0, 78639
2026/09/14 07:09:22.003, 4, 0, 78639
2026/09/14 07:09:22.003, 5, 0, 78639
2026/09/14 07:09:22.503, 4, 11, 78639
2026/09/14 07:09:22.504, 5, 11, 78639
2026/09/14 07:09:23.004, 4, 0, 78639
2026/09/14 07:09:23.004, 5, 0, 78639
2026/09/14 07:09:23.504, 4, 0, 78639
2026/09/14 07:09:23.504, 5, 6, 78639
2026/09/14 07:09:24.004, 4, 0, 78639
2026/09/14 07:09:24.004, 5, 0, 78639
2026/09/14 07:09:24.505, 4, 2, 78639
2026/09/14 07:09:24.505, 5, 11, 78639
2026/09/14 07:09:25.005, 4, 0, 78639
2026/09/14 07:09:25.005, 5, 0, 78639
2026/09/14 07:09:25.505, 4, 0, 78639
2026/09/14 07:09:25.505, 5, 6, 78639
2026/09/14 07:09:26.005, 4, 0, 78639
2026/09/14 07:09:26.005, 5, 0, 78639
2026/09/14 07:09:26.505, 4, 27, 78639
2026/09/14 07:09:26.505, 5, 23, 78639
2026/09/14 07:09:27.005, 4, 28, 78639
2026/09/14 07:09:27.006, 5, 24, 78639
2026/09/14 07:09:27.506, 4, 0, 78639
2026/09/14 07:09:27.506, 5, 0, 78639
2026/09/14 07:09:28.006, 4, 0, 78639
2026/09/14 07:09:28.006, 5, 0, 78639
2026/09/14 07:09:28.506, 4, 0, 78639
2026/09/14 07:09:28.507, 5, 0, 78639
2026/09/14 07:09:29.007, 4, 0, 78639
2026/09/14 07:09:29.007, 5, 0, 78639
2026/09/14 07:09:29.507, 4, 0, 78639
2026/09/14 07:09:29.507, 5, 0, 78639
2026/09/14 07:09:30.007, 4, 0, 78639
2026/09/14 07:09:30.007, 5, 0, 78639
2026/09/14 07:09:30.507, 4, 0, 78639
2026/09/14 07:09:30.507, 5, 0, 78639
2026/09/14 07:09:31.007, 4, 0, 78639
2026/09/14 07:09:31.008, 5, 0, 78639
2026/09/14 07:09:31.508, 4, 0, 78639
2026/09/14 07:09:31.508, 5, 0, 78639
2026/09/14 07:09:32.008, 4, 0, 78639
2026/09/14 07:09:32.008, 5, 0, 78639
2026/09/14 07:09:32.508, 4, 0, 78639
2026/09/14 07:09:32.509, 5, 0, 78639
2026/09/14 07:09:33.009, 4, 0, 78639
2026/09/14 07:09:33.009, 5, 0, 78639
2026/09/14 07:09:33.509, 4, 0, 78639
2026/09/14 07:09:33.510, 5, 0, 78639
2026/09/14 07:09:34.010, 4, 0, 78639
2026/09/14 07:09:34.010, 5, 0, 78639
2026/09/14 07:09:34.510, 4, 0, 78639
2026/09/14 07:09:34.510, 5, 0, 78639
2026/09/14 07:09:35.010, 4, 0, 78639
2026/09/14 07:09:35.010, 5, 0, 78639
2026/09/14 07:09:35.510, 4, 0, 78639
2026/09/14 07:09:35.510, 5, 0, 78639
2026/09/14 07:09:36.010, 4, 0, 78639
2026/09/14 07:09:36.011, 5, 0, 78639
2026/09/14 07:09:36.511, 4, 0, 78639
2026/09/14 07:09:36.511, 5, 0, 78639
2026/09/14 07:09:37.011, 4, 0, 78639
2026/09/14 07:09:37.011, 5, 0, 78639
2026/09/14 07:09:37.511, 4, 0, 78639
2026/09/14 07:09:37.511, 5, 0, 78639
2026/09/14 07:09:38.011, 4, 0, 78639
2026/09/14 07:09:38.011, 5, 0, 78639
2026/09/14 07:09:38.512, 4, 0, 78639
2026/09/14 07:09:38.512, 5, 0, 78639
2026/09/14 07:09:39.012, 4, 0, 78639
2026/09/14 07:09:39.012, 5, 0, 78639
2026/09/14 07:09:39.512, 4, 0, 78639
2026/09/14 07:09:39.512, 5, 0, 78639
2026/09/14 07:09:40.012, 4, 0, 78639
2026/09/14 07:09:40.012, 5, 0, 78639
2026/09/14 07:09:40.513, 4, 0, 78639
2026/09/14 07:09:40.513, 5, 0, 78639
2026/09/14 07:09:41.013, 4, 0, 78639
2026/09/14 07:09:41.013, 5, 0, 78639
2026/09/14 07:09:41.513, 4, 0, 78639
2026/09/14 07:09:41.513, 5, 0, 78639
2026/09/14 07:09:42.013, 4, 0, 78639
2026/09/14 07:09:42.013, 5, 0, 78639
2026/09/14 07:09:42.513, 4, 0, 78639
2026/09/14 07:09:42.513, 5, 0, 78639
2026/09/14 07:09:43.014, 4, 0, 78639
2026/09/14 07:09:43.014, 5, 0, 78639
2026/09/14 07:09:43.514, 4, 10, 78639
2026/09/14 07:09:43.514, 5, 29, 78639
2026/09/14 07:09:44.014, 4, 13, 78639
2026/09/14 07:09:44.014, 5, 13, 78639
2026/09/14 07:09:44.514, 4, 0, 78639
2026/09/14 07:09:44.515, 5, 0, 78639
2026/09/14 07:09:45.015, 4, 0, 78639
2026/09/14 07:09:45.015, 5, 0, 78639
2026/09/14 07:09:45.516, 4, 0, 78639
2026/09/14 07:09:45.516, 5, 0, 78639
2026/09/14 07:09:46.016, 4, 0, 78639
2026/09/14 07:09:46.016, 5, 0, 78639
2026/09/14 07:09:46.516, 4, 0, 78639
2026/09/14 07:09:46.516, 5, 0, 78639
2026/09/14 07:09:47.016, 4, 0, 78639
2026/09/14 07:09:47.016, 5, 0, 78639
2026/09/14 07:09:47.516, 4, 0, 78639
2026/09/14 07:09:47.517, 5, 0, 78639
2026/09/14 07:09:48.017, 4, 0, 78639
2026/09/14 07:09:48.017, 5, 0, 78639
2026/09/14 07:09:48.517, 4, 0, 78639
2026/09/14 07:09:48.517, 5, 0, 78639
2026/09/14 07:09:49.018, 4, 0, 78639
2026/09/14 07:09:49.018, 5, 0, 78639
2026/09/14 07:09:49.519, 4, 0, 78639
2026/09/14 07:09:49.519, 5, 0, 78639
2026/09/14 07:09:50.019, 4, 0, 78639
2026/09/14 07:09:50.019, 5, 0, 78639
2026/09/14 07:09:50.519, 4, 0, 78639
2026/09/14 07:09:50.519, 5, 0, 78639
2026/09/14 07:09:51.019, 4, 0, 78639
2026/09/14 07:09:51.020, 5, 0, 78639
2026/09/14 07:09:51.520, 4, 0, 78639
2026/09/14 07:09:51.520, 5, 0, 78639
2026/09/14 07:09:52.020, 4, 4, 78639
2026/09/14 07:09:52.021, 5, 0, 78639
2026/09/14 07:09:52.521, 4, 0, 78639
2026/09/14 07:09:52.521, 5, 0, 78639
2026/09/14 07:09:53.021, 4, 0, 78639
2026/09/14 07:09:53.021, 5, 0, 78639
2026/09/14 07:09:53.521, 4, 0, 78639
2026/09/14 07:09:53.521, 5, 0, 78639
2026/09/14 07:09:54.021, 4, 0, 78639
2026/09/14 07:09:54.022, 5, 0, 78639
2026/09/14 07:09:54.522, 4, 1, 78639
2026/09/14 07:09:54.522, 5, 1, 78639
2026/09/14 07:09:55.022, 4, 0, 78639
2026/09/14 07:09:55.022, 5, 0, 78639
2026/09/14 07:09:55.523, 4, 6, 78639
2026/09/14 07:09:55.523, 5, 9, 78639
2026/09/14 07:09:56.023, 4, 0, 78639
2026/09/14 07:09:56.023, 5, 0, 78639
2026/09/14 07:09:56.523, 4, 0, 78639
2026/09/14 07:09:56.523, 5, 0, 78639
2026/09/14 07:09:57.023, 4, 12, 78639
2026/09/14 07:09:57.023, 5, 0, 78639
2026/09/14 07:09:57.523, 4, 0, 78639
2026/09/14 07:09:57.524, 5, 0, 78639
2026/09/14 07:09:58.024, 4, 0, 78639
2026/09/14 07:09:58.024, 5, 0, 78639
2026/09/14 07:09:58.524, 4, 0, 78639
2026/09/14 07:09:58.524, 5, 0, 78639
2026/09/14 07:09:59.024, 4, 0, 78639
2026/09/14 07:09:59.025, 5, 0, 78639
2026/09/14 07:09:59.525, 4, 3, 78639
2026/09/14 07:09:59.525, 5, 3, 78639
2026/09/14 07:10:00.025, 4, 3, 78639
2026/09/14 07:10:00.025, 5, 0, 78639
2026/09/14 07:10:00.525, 4, 0, 78639
2026/09/14 07:10:00.525, 5, 0, 78639
2026/09/14 07:10:01.026, 4, 27, 78639
2026/09/14 07:10:01.026, 5, 31, 78639
2026/09/14 07:10:01.527, 4, 0, 78639
2026/09/14 07:10:01.527, 5, 0, 78639
2026/09/14 07:10:02.027, 4, 0, 78639
2026/09/14 07:10:02.027, 5, 0, 78639
2026/09/14 07:10:02.527, 4, 0, 78639
2026/09/14 07:10:02.529, 5, 0, 78639
2026/09/14 07:10:03.029, 4, 0, 78639
2026/09/14 07:10:03.029, 5, 0, 78639
2026/09/14 07:10:03.529, 4, 0, 78639
2026/09/14 07:10:03.529, 5, 0, 78639
2026/09/14 07:10:04.029, 4, 0, 78639
2026/09/14 07:10:04.029, 5, 0, 78639
2026/09/14 07:10:04.530, 4, 0, 78639
2026/09/14 07:10:04.530, 5, 0, 78639
2026/09/14 07:10:05.031, 4, 0, 78639
2026/09/14 07:10:05.031, 5, 0, 78639
2026/09/14 07:10:05.531, 4, 0, 78639
2026/09/14 07:10:05.531, 5, 0, 78639
2026/09/14 07:10:06.031, 4, 0, 78639
2026/09/14 07:10:06.031, 5, 0, 78639
2026/09/14 07:10:06.532, 4, 0, 78639
2026/09/14 07:10:06.532, 5, 0, 78639
2026/09/14 07:10:07.032, 4, 0, 78639
2026/09/14 07:10:07.032, 5, 0, 78639
2026/09/14 07:10:07.532, 4, 0, 78639
2026/09/14 07:10:07.532, 5, 0, 78639
2026/09/14 07:10:08.032, 4, 0, 78639
2026/09/14 07:10:08.032, 5, 0, 78639
2026/09/14 07:10:08.532, 4, 11, 78639
2026/09/14 07:10:08.533, 5, 0, 78639
2026/09/14 07:10:09.033, 4, 0, 78639
2026/09/14 07:10:09.033, 5, 0, 78639
2026/09/14 07:10:09.533, 4, 6, 78639
2026/09/14 07:10:09.533, 5, 0, 78639
2026/09/14 07:10:10.034, 4, 3, 78639
2026/09/14 07:10:10.034, 5, 3, 78639
2026/09/14 07:10:10.534, 4, 12, 78639
2026/09/14 07:10:10.534, 5, 0, 78639
2026/09/14 07:10:11.034, 4, 0, 78639
2026/09/14 07:10:11.034, 5, 0, 78639
2026/09/14 07:10:11.534, 4, 6, 78639
2026/09/14 07:10:11.535, 5, 0, 78639
2026/09/14 07:10:12.035, 4, 16, 78639
2026/09/14 07:10:12.035, 5, 16, 78639
2026/09/14 07:10:12.535, 4, 26, 78639
2026/09/14 07:10:12.536, 5, 26, 78639
2026/09/14 07:10:13.036, 4, 30, 78639
2026/09/14 07:10:13.036, 5, 30, 78639
2026/09/14 07:10:13.536, 4, 0, 78639
2026/09/14 07:10:13.536, 5, 0, 78639
2026/09/14 07:10:14.036, 4, 0, 78639
2026/09/14 07:10:14.036, 5, 0, 78639
2026/09/14 07:10:14.536, 4, 0, 78639
2026/09/14 07:10:14.537, 5, 0, 78639
2026/09/14 07:10:15.037, 4, 0, 78639
2026/09/14 07:10:15.038, 5, 0, 78639
2026/09/14 07:10:15.538, 4, 0, 78639
2026/09/14 07:10:15.538, 5, 0, 78639
2026/09/14 07:10:16.039, 4, 0, 78639
2026/09/14 07:10:16.039, 5, 0, 78639
2026/09/14 07:10:16.539, 4, 0, 78639
2026/09/14 07:10:16.539, 5, 0, 78639
2026/09/14 07:10:17.039, 4, 0, 78639
2026/09/14 07:10:17.039, 5, 0, 78639
2026/09/14 07:10:17.539, 4, 0, 78639
2026/09/14 07:10:17.540, 5, 0, 78639
2026/09/14 07:10:18.040, 4, 0, 78639
2026/09/14 07:10:18.040, 5, 0, 78639
2026/09/14 07:10:18.540, 4, 0, 78639
2026/09/14 07:10:18.540, 5, 0, 78639
2026/09/14 07:10:19.040, 4, 0, 78639
2026/09/14 07:10:19.040, 5, 0, 78639
2026/09/14 07:10:19.540, 4, 0, 78639
2026/09/14 07:10:19.541, 5, 0, 78639
2026/09/14 07:10:20.041, 4, 0, 78639
2026/09/14 07:10:20.041, 5, 0, 78639
2026/09/14 07:10:20.541, 4, 0, 78639
2026/09/14 07:10:20.541, 5, 0, 78639
2026/09/14 07:10:21.041, 4, 0, 78639
2026/09/14 07:10:21.041, 5, 0, 78639
2026/09/14 07:10:21.541, 4, 0, 78639
2026/09/14 07:10:21.541, 5, 0, 78639
2026/09/14 07:10:22.042, 4, 0, 78639
2026/09/14 07:10:22.042, 5, 0, 78639
2026/09/14 07:10:22.542, 4, 0, 78639
2026/09/14 07:10:22.542, 5, 0, 78639
2026/09/14 07:10:23.042, 4, 0, 78639
2026/09/14 07:10:23.042, 5, 0, 78639
2026/09/14 07:10:23.542, 4, 0, 78639
2026/09/14 07:10:23.542, 5, 0, 78639
2026/09/14 07:10:24.042, 4, 0, 78639
2026/09/14 07:10:24.042, 5, 0, 78639
2026/09/14 07:10:24.543, 4, 0, 78639
2026/09/14 07:10:24.543, 5, 0, 78639
2026/09/14 07:10:25.043, 4, 0, 78639
2026/09/14 07:10:25.043, 5, 0, 78639
2026/09/14 07:10:25.543, 4, 0, 78639
2026/09/14 07:10:25.543, 5, 0, 78639
2026/09/14 07:10:26.043, 4, 0, 78639
2026/09/14 07:10:26.043, 5, 0, 78639
2026/09/14 07:10:26.543, 4, 0, 78639
2026/09/14 07:10:26.544, 5, 0, 78639
2026/09/14 07:10:27.044, 4, 0, 78639
2026/09/14 07:10:27.044, 5, 0, 78639
2026/09/14 07:10:27.544, 4, 0, 78639
2026/09/14 07:10:27.544, 5, 0, 78639
2026/09/14 07:10:28.044, 4, 0, 78639
2026/09/14 07:10:28.044, 5, 0, 78639
2026/09/14 07:10:28.544, 4, 0, 78639
2026/09/14 07:10:28.544, 5, 0, 78639
2026/09/14 07:10:29.045, 4, 0, 78639
2026/09/14 07:10:29.045, 5, 0, 78639
2026/09/14 07:10:29.545, 4, 28, 78639
2026/09/14 07:10:29.545, 5, 30, 78639
2026/09/14 07:10:30.045, 4, 0, 78639
2026/09/14 07:10:30.045, 5, 0, 78639
2026/09/14 07:10:30.545, 4, 0, 78639
2026/09/14 07:10:30.545, 5, 0, 78639
2026/09/14 07:10:31.046, 4, 0, 78639
2026/09/14 07:10:31.046, 5, 0, 78639
2026/09/14 07:10:31.546, 4, 0, 78639
2026/09/14 07:10:31.546, 5, 0, 78639
2026/09/14 07:10:32.046, 4, 0, 78639
2026/09/14 07:10:32.046, 5, 0, 78639
2026/09/14 07:10:32.546, 4, 0, 78639
2026/09/14 07:10:32.546, 5, 0, 78639
2026/09/14 07:10:33.047, 4, 0, 78639
2026/09/14 07:10:33.047, 5, 0, 78639
2026/09/14 07:10:33.547, 4, 0, 78639
2026/09/14 07:10:33.547, 5, 0, 78639
2026/09/14 07:10:34.047, 4, 0, 78639
2026/09/14 07:10:34.047, 5, 0, 78639
2026/09/14 07:10:34.547, 4, 0, 78639
2026/09/14 07:10:34.547, 5, 0, 78639
2026/09/14 07:10:35.048, 4, 0, 78639
2026/09/14 07:10:35.048, 5, 0, 78639
2026/09/14 07:10:35.548, 4, 0, 78639
2026/09/14 07:10:35.549, 5, 0, 78639
2026/09/14 07:10:36.051, 4, 0, 78639
2026/09/14 07:10:36.052, 5, 0, 78639
2026/09/14 07:10:36.552, 4, 0, 78639
2026/09/14 07:10:36.552, 5, 0, 78639
2026/09/14 07:10:37.052, 4, 0, 78639
2026/09/14 07:10:37.052, 5, 0, 78639
2026/09/14 07:10:37.552, 4, 0, 78639
2026/09/14 07:10:37.553, 5, 0, 78639
2026/09/14 07:10:38.053, 4, 22, 78639
2026/09/14 07:10:38.053, 5, 22, 78639
2026/09/14 07:10:38.553, 4, 0, 78639
2026/09/14 07:10:38.553, 5, 0, 78639
2026/09/14 07:10:39.053, 4, 0, 78639
2026/09/14 07:10:39.053, 5, 0, 78639
2026/09/14 07:10:39.553, 4, 0, 78639
2026/09/14 07:10:39.553, 5, 0, 78639
2026/09/14 07:10:40.053, 4, 8, 78639
2026/09/14 07:10:40.056, 5, 0, 78639
2026/09/14 07:10:40.557, 4, 0, 78639
2026/09/14 07:10:40.557, 5, 0, 78639
2026/09/14 07:10:41.057, 4, 0, 78639
2026/09/14 07:10:41.057, 5, 0, 78639
2026/09/14 07:10:41.558, 4, 0, 78639
2026/09/14 07:10:41.558, 5, 0, 78639
2026/09/14 07:10:42.058, 4, 9, 78639
2026/09/14 07:10:42.058, 5, 0, 78639
2026/09/14 07:10:42.558, 4, 0, 78639
2026/09/14 07:10:42.558, 5, 0, 78639
2026/09/14 07:10:43.058, 4, 81, 78639
2026/09/14 07:10:43.058, 5, 1, 78639
2026/09/14 07:10:43.558, 4, 100, 78639
2026/09/14 07:10:43.559, 5, 100, 78639
2026/09/14 07:10:44.059, 4, 100, 78639
2026/09/14 07:10:44.059, 5, 100, 78639
2026/09/14 07:10:44.559, 4, 89, 78639
2026/09/14 07:10:44.559, 5, 89, 78639
2026/09/14 07:10:45.059, 4, 100, 78639
2026/09/14 07:10:45.059, 5, 99, 78639
2026/09/14 07:10:45.560, 4, 100, 78639
2026/09/14 07:10:45.560, 5, 100, 78639
2026/09/14 07:10:46.060, 4, 50, 78639
2026/09/14 07:10:46.060, 5, 100, 78639
2026/09/14 07:10:46.560, 4, 99, 78639
2026/09/14 07:10:46.561, 5, 99, 78639
2026/09/14 07:10:47.061, 4, 100, 78639
2026/09/14 07:10:47.061, 5, 100, 78639
2026/09/14 07:10:47.562, 4, 100, 78639
2026/09/14 07:10:47.562, 5, 100, 78639
2026/09/14 07:10:48.062, 4, 99, 78639
2026/09/14 07:10:48.062, 5, 99, 78639
2026/09/14 07:10:48.562, 4, 100, 78639
2026/09/14 07:10:48.562, 5, 100, 78639
2026/09/14 07:10:49.063, 4, 100, 78639
2026/09/14 07:10:49.063, 5, 100, 78639
2026/09/14 07:10:49.563, 4, 99, 78639
2026/09/14 07:10:49.565, 5, 99, 78639
2026/09/14 07:10:50.066, 4, 100, 78639
2026/09/14 07:10:50.066, 5, 100, 78639
2026/09/14 07:10:50.567, 4, 100, 78639
2026/09/14 07:10:50.567, 5, 100, 78639
2026/09/14 07:10:51.067, 4, 99, 78639
2026/09/14 07:10:51.067, 5, 99, 78639
2026/09/14 07:10:51.568, 4, 100, 78639
2026/09/14 07:10:51.568, 5, 100, 78639
2026/09/14 07:10:52.068, 4, 100, 78639
2026/09/14 07:10:52.068, 5, 100, 78639
2026/09/14 07:10:52.568, 4, 69, 78639
2026/09/14 07:10:52.568, 5, 99, 78639
2026/09/14 07:10:53.068, 4, 100, 78639
2026/09/14 07:10:53.068, 5, 100, 78639
2026/09/14 07:10:53.569, 4, 100, 78639
2026/09/14 07:10:53.569, 5, 100, 78639
2026/09/14 07:10:54.070, 4, 82, 78639
2026/09/14 07:10:54.070, 5, 68, 78639
2026/09/14 07:10:54.570, 4, 100, 78639
2026/09/14 07:10:54.570, 5, 100, 78639
2026/09/14 07:10:55.072, 4, 100, 78639
2026/09/14 07:10:55.072, 5, 100, 78639
2026/09/14 07:10:55.572, 4, 99, 78639
2026/09/14 07:10:55.573, 5, 99, 78639
2026/09/14 07:10:56.073, 4, 100, 78639
2026/09/14 07:10:56.074, 5, 100, 78639
2026/09/14 07:10:56.577, 4, 100, 78639
2026/09/14 07:10:56.577, 5, 100, 78639
2026/09/14 07:10:57.077, 4, 91, 78639
2026/09/14 07:10:57.078, 5, 91, 78639
2026/09/14 07:10:57.578, 4, 100, 78639
2026/09/14 07:10:57.578, 5, 100, 78639
2026/09/14 07:10:58.078, 4, 100, 78639
2026/09/14 07:10:58.079, 5, 100, 78639
2026/09/14 07:10:58.579, 4, 93, 78639
2026/09/14 07:10:58.579, 5, 81, 78639
2026/09/14 07:10:59.079, 4, 100, 78639
2026/09/14 07:10:59.079, 5, 100, 78639
2026/09/14 07:10:59.579, 4, 100, 78639
2026/09/14 07:10:59.580, 5, 100, 78639
2026/09/14 07:11:00.080, 4, 52, 78639
2026/09/14 07:11:00.080, 5, 60, 78639
2026/09/14 07:11:00.580, 4, 100, 78639
2026/09/14 07:11:00.580, 5, 100, 78639
2026/09/14 07:11:01.080, 4, 100, 78639
2026/09/14 07:11:01.081, 5, 100, 78639
2026/09/14 07:11:01.582, 4, 90, 78639
2026/09/14 07:11:01.582, 5, 91, 78639
2026/09/14 07:11:02.082, 4, 99, 78639
2026/09/14 07:11:02.082, 5, 99, 78639
2026/09/14 07:11:02.582, 4, 100, 78639
2026/09/14 07:11:02.582, 5, 100, 78639
2026/09/14 07:11:03.082, 4, 91, 78639
2026/09/14 07:11:03.083, 5, 100, 78639
2026/09/14 07:11:03.583, 4, 100, 78639
2026/09/14 07:11:03.583, 5, 100, 78639
2026/09/14 07:11:04.083, 4, 100, 78639
2026/09/14 07:11:04.083, 5, 100, 78639
2026/09/14 07:11:04.583, 4, 58, 78639
2026/09/14 07:11:04.583, 5, 58, 78639
2026/09/14 07:11:05.083, 4, 99, 78639
2026/09/14 07:11:05.083, 5, 99, 78639
2026/09/14 07:11:05.583, 4, 100, 78639
2026/09/14 07:11:05.584, 5, 100, 78639
2026/09/14 07:11:06.084, 4, 100, 78639
2026/09/14 07:11:06.084, 5, 100, 78639
2026/09/14 07:11:06.584, 4, 99, 78639
2026/09/14 07:11:06.585, 5, 99, 78639
2026/09/14 07:11:07.085, 4, 100, 78639
2026/09/14 07:11:07.085, 5, 100, 78639
2026/09/14 07:11:07.585, 4, 100, 78639
2026/09/14 07:11:07.585, 5, 100, 78639
2026/09/14 07:11:08.085, 4, 99, 78639
2026/09/14 07:11:08.085, 5, 99, 78639
2026/09/14 07:11:08.585, 4, 100, 78639
2026/09/14 07:11:08.586, 5, 100, 78639
2026/09/14 07:11:09.087, 4, 100, 78639
2026/09/14 07:11:09.087, 5, 100, 78639
2026/09/14 07:11:09.588, 4, 99, 78639
2026/09/14 07:11:09.588, 5, 99, 78639
2026/09/14 07:11:10.088, 4, 100, 78639
2026/09/14 07:11:10.088, 5, 100, 78639
2026/09/14 07:11:10.588, 4, 100, 78639
2026/09/14 07:11:10.589, 5, 100, 78639
2026/09/14 07:11:11.089, 4, 99, 78639
2026/09/14 07:11:11.089, 5, 99, 78639
2026/09/14 07:11:11.589, 4, 100, 78639
2026/09/14 07:11:11.589, 5, 100, 78639
2026/09/14 07:11:12.089, 4, 100, 78639
2026/09/14 07:11:12.089, 5, 100, 78639
2026/09/14 07:11:12.589, 4, 99, 78639
2026/09/14 07:11:12.589, 5, 99, 78639
2026/09/14 07:11:13.089, 4, 100, 78639
2026/09/14 07:11:13.090, 5, 100, 78639
2026/09/14 07:11:13.590, 4, 100, 78639
2026/09/14 07:11:13.590, 5, 100, 78639
2026/09/14 07:11:14.090, 4, 92, 78639
2026/09/14 07:11:14.090, 5, 100, 78639
2026/09/14 07:11:14.590, 4, 100, 78639
2026/09/14 07:11:14.590, 5, 100, 78639
2026/09/14 07:11:15.090, 4, 100, 78639
2026/09/14 07:11:15.090, 5, 100, 78639
2026/09/14 07:11:15.591, 4, 99, 78639
2026/09/14 07:11:15.591, 5, 91, 78639
2026/09/14 07:11:16.091, 4, 100, 78639
2026/09/14 07:11:16.091, 5, 99, 78639
2026/09/14 07:11:16.591, 4, 100, 78639
2026/09/14 07:11:16.592, 5, 100, 78639
2026/09/14 07:11:17.092, 4, 51, 78639
2026/09/14 07:11:17.092, 5, 100, 78639
2026/09/14 07:11:17.592, 4, 100, 78639
2026/09/14 07:11:17.592, 5, 99, 78639
2026/09/14 07:11:18.092, 4, 100, 78639
2026/09/14 07:11:18.093, 5, 100, 78639
2026/09/14 07:11:18.593, 4, 54, 78639
2026/09/14 07:11:18.593, 5, 100, 78639
2026/09/14 07:11:19.093, 4, 99, 78639
2026/09/14 07:11:19.094, 5, 99, 78639
2026/09/14 07:11:19.594, 4, 100, 78639
2026/09/14 07:11:19.594, 5, 100, 78639
2026/09/14 07:11:20.094, 4, 89, 78639
2026/09/14 07:11:20.094, 5, 100, 78639
2026/09/14 07:11:20.594, 4, 99, 78639
2026/09/14 07:11:20.594, 5, 95, 78639
2026/09/14 07:11:21.094, 4, 100, 78639
2026/09/14 07:11:21.094, 5, 100, 78639
2026/09/14 07:11:21.595, 4, 100, 78639
2026/09/14 07:11:21.595, 5, 100, 78639
2026/09/14 07:11:22.095, 4, 0, 78639
2026/09/14 07:11:22.095, 5, 57, 78639
2026/09/14 07:11:22.595, 4, 0, 78639
2026/09/14 07:11:22.595, 5, 0, 78639
2026/09/14 07:11:23.095, 4, 0, 78639
2026/09/14 07:11:23.095, 5, 0, 78639
2026/09/14 07:11:23.595, 4, 0, 78639
2026/09/14 07:11:23.595, 5, 0, 78639
2026/09/14 07:11:24.096, 4, 0, 78639
2026/09/14 07:11:24.096, 5, 0, 78639
2026/09/14 07:11:24.597, 4, 3, 78639
2026/09/14 07:11:24.597, 5, 3, 78639
2026/09/14 07:11:25.097, 4, 0, 78639
2026/09/14 07:11:25.097, 5, 0, 78639
2026/09/14 07:11:25.597, 4, 31, 78639
2026/09/14 07:11:25.597, 5, 31, 78639
2026/09/14 07:11:26.097, 4, 19, 78639
2026/09/14 07:11:26.097, 5, 19, 78639
2026/09/14 07:11:26.597, 4, 0, 78639
2026/09/14 07:11:26.598, 5, 0, 78639
2026/09/14 07:11:27.098, 4, 0, 78639
2026/09/14 07:11:27.098, 5, 0, 78639
2026/09/14 07:11:27.598, 4, 0, 78639
2026/09/14 07:11:27.599, 5, 0, 78639
2026/09/14 07:11:28.099, 4, 0, 78639
2026/09/14 07:11:28.099, 5, 0, 78639
2026/09/14 07:11:28.599, 4, 0, 78639
2026/09/14 07:11:28.599, 5, 0, 78639
2026/09/14 07:11:29.099, 4, 0, 78639
2026/09/14 07:11:29.099, 5, 0, 78639
2026/09/14 07:11:29.599, 4, 0, 78639
2026/09/14 07:11:29.599, 5, 0, 78639
2026/09/14 07:11:30.099, 4, 0, 78639
2026/09/14 07:11:30.099, 5, 0, 78639
2026/09/14 07:11:30.600, 4, 0, 78639
2026/09/14 07:11:30.600, 5, 0, 78639
2026/09/14 07:11:31.100, 4, 0, 78639
2026/09/14 07:11:31.100, 5, 0, 78639
2026/09/14 07:11:31.600, 4, 0, 78639
2026/09/14 07:11:31.600, 5, 0, 78639
2026/09/14 07:11:32.100, 4, 0, 78639
2026/09/14 07:11:32.100, 5, 0, 78639
2026/09/14 07:11:32.600, 4, 0, 78639
2026/09/14 07:11:32.600, 5, 0, 78639
2026/09/14 07:11:33.100, 4, 1, 78639
2026/09/14 07:11:33.101, 5, 1, 78639
2026/09/14 07:11:33.601, 4, 0, 78639
2026/09/14 07:11:33.601, 5, 0, 78639
2026/09/14 07:11:34.101, 4, 0, 78639
2026/09/14 07:11:34.101, 5, 0, 78639
2026/09/14 07:11:34.602, 4, 0, 78639
2026/09/14 07:11:34.602, 5, 0, 78639
2026/09/14 07:11:35.102, 4, 2, 78639
2026/09/14 07:11:35.102, 5, 2, 78639
2026/09/14 07:11:35.602, 4, 0, 78639
2026/09/14 07:11:35.602, 5, 0, 78639
2026/09/14 07:11:36.102, 4, 0, 78639
2026/09/14 07:11:36.102, 5, 0, 78639
2026/09/14 07:11:36.602, 4, 0, 78639
2026/09/14 07:11:36.603, 5, 0, 78639
2026/09/14 07:11:37.103, 4, 29, 78639
2026/09/14 07:11:37.103, 5, 31, 78639
2026/09/14 07:11:37.603, 4, 30, 78639
2026/09/14 07:11:37.604, 5, 31, 78639
2026/09/14 07:11:38.104, 4, 21, 78639
2026/09/14 07:11:38.104, 5, 0, 78639
2026/09/14 07:11:38.605, 4, 0, 78639
2026/09/14 07:11:38.605, 5, 0, 78639
2026/09/14 07:11:39.105, 4, 0, 78639
2026/09/14 07:11:39.105, 5, 0, 78639
2026/09/14 07:11:39.605, 4, 0, 78639
2026/09/14 07:11:39.605, 5, 0, 78639
2026/09/14 07:11:40.105, 4, 0, 78639
2026/09/14 07:11:40.105, 5, 0, 78639
2026/09/14 07:11:40.605, 4, 0, 78639
2026/09/14 07:11:40.606, 5, 0, 78639
2026/09/14 07:11:41.106, 4, 0, 78639
2026/09/14 07:11:41.106, 5, 0, 78639
2026/09/14 07:11:41.606, 4, 0, 78639
2026/09/14 07:11:41.606, 5, 0, 78639
2026/09/14 07:11:42.106, 4, 0, 78639
2026/09/14 07:11:42.107, 5, 0, 78639
2026/09/14 07:11:42.607, 4, 0, 78639
2026/09/14 07:11:42.607, 5, 0, 78639
2026/09/14 07:11:43.107, 4, 0, 78639
2026/09/14 07:11:43.107, 5, 0, 78639
2026/09/14 07:11:43.607, 4, 0, 78639
2026/09/14 07:11:43.607, 5, 0, 78639
2026/09/14 07:11:44.107, 4, 0, 78639
2026/09/14 07:11:44.108, 5, 0, 78639
2026/09/14 07:11:44.608, 4, 0, 78639
2026/09/14 07:11:44.608, 5, 0, 78639
2026/09/14 07:11:45.108, 4, 0, 78639
2026/09/14 07:11:45.109, 5, 0, 78639
2026/09/14 07:11:45.609, 4, 0, 78639
2026/09/14 07:11:45.609, 5, 0, 78639
2026/09/14 07:11:46.109, 4, 0, 78639
2026/09/14 07:11:46.109, 5, 0, 78639
2026/09/14 07:11:46.609, 4, 0, 78639
2026/09/14 07:11:46.609, 5, 0, 78639
2026/09/14 07:11:47.109, 4, 0, 78639
2026/09/14 07:11:47.109, 5, 0, 78639
2026/09/14 07:11:47.609, 4, 0, 78639
2026/09/14 07:11:47.609, 5, 0, 78639
2026/09/14 07:11:48.110, 4, 0, 78639
2026/09/14 07:11:48.110, 5, 0, 78639
2026/09/14 07:11:48.610, 4, 0, 78639
2026/09/14 07:11:48.610, 5, 0, 78639
2026/09/14 07:11:49.110, 4, 0, 78639
2026/09/14 07:11:49.110, 5, 0, 78639
2026/09/14 07:11:49.610, 4, 0, 78639
2026/09/14 07:11:49.610, 5, 0, 78639
2026/09/14 07:11:50.110, 4, 0, 78639
2026/09/14 07:11:50.111, 5, 0, 78639
2026/09/14 07:11:50.611, 4, 0, 78639
2026/09/14 07:11:50.611, 5, 0, 78639
2026/09/14 07:11:51.111, 4, 0, 78639
2026/09/14 07:11:51.111, 5, 0, 78639
2026/09/14 07:11:51.611, 4, 0, 78639
2026/09/14 07:11:51.611, 5, 0, 78639
2026/09/14 07:11:52.111, 4, 0, 78639
2026/09/14 07:11:52.112, 5, 0, 78639
2026/09/14 07:11:52.612, 4, 0, 78639
2026/09/14 07:11:52.612, 5, 0, 78639
2026/09/14 07:11:53.112, 4, 0, 78639
2026/09/14 07:11:53.112, 5, 0, 78639
2026/09/14 07:11:53.612, 4, 0, 78639
2026/09/14 07:11:53.613, 5, 0, 78639
2026/09/14 07:11:54.113, 4, 0, 78639
2026/09/14 07:11:54.113, 5, 0, 78639
2026/09/14 07:11:54.613, 4, 30, 78639
2026/09/14 07:11:54.613, 5, 30, 78639
2026/09/14 07:11:55.113, 4, 0, 78639
2026/09/14 07:11:55.113, 5, 0, 78639
2026/09/14 07:11:55.613, 4, 0, 78639
2026/09/14 07:11:55.615, 5, 0, 78639
2026/09/14 07:11:56.116, 4, 0, 78639
2026/09/14 07:11:56.116, 5, 0, 78639
2026/09/14 07:11:56.617, 4, 0, 78639
2026/09/14 07:11:56.617, 5, 0, 78639
2026/09/14 07:11:57.117, 4, 0, 78639
2026/09/14 07:11:57.117, 5, 0, 78639
2026/09/14 07:11:57.618, 4, 0, 78639
2026/09/14 07:11:57.618, 5, 0, 78639
2026/09/14 07:11:58.118, 4, 0, 78639
2026/09/14 07:11:58.118, 5, 0, 78639
2026/09/14 07:11:58.618, 4, 0, 78639
2026/09/14 07:11:58.618, 5, 0, 78639
2026/09/14 07:11:59.118, 4, 0, 78639
2026/09/14 07:11:59.118, 5, 0, 78639
2026/09/14 07:11:59.619, 4, 0, 78639
2026/09/14 07:11:59.619, 5, 0, 78639
2026/09/14 07:12:00.119, 4, 0, 78639
2026/09/14 07:12:00.120, 5, 0, 78639
2026/09/14 07:12:00.620, 4, 0, 78639
2026/09/14 07:12:00.620, 5, 0, 78639
2026/09/14 07:12:01.121, 4, 0, 78639
2026/09/14 07:12:01.121, 5, 0, 78639
2026/09/14 07:12:01.621, 4, 0, 78639
2026/09/14 07:12:01.621, 5, 0, 78639
2026/09/14 07:12:02.121, 4, 0, 78639
2026/09/14 07:12:02.121, 5, 0, 78639
2026/09/14 07:12:02.622, 4, 0, 78639
2026/09/14 07:12:02.622, 5, 0, 78639
2026/09/14 07:12:03.122, 4, 21, 78639
2026/09/14 07:12:03.123, 5, 21, 78639
2026/09/14 07:12:03.623, 4, 0, 78639
2026/09/14 07:12:03.623, 5, 0, 78639
2026/09/14 07:12:04.123, 4, 0, 78639
2026/09/14 07:12:04.123, 5, 0, 78639
2026/09/14 07:12:04.624, 4, 0, 78639
2026/09/14 07:12:04.624, 5, 0, 78639
2026/09/14 07:12:05.124, 4, 0, 78639
2026/09/14 07:12:05.124, 5, 0, 78639
2026/09/14 07:12:05.625, 4, 0, 78639
2026/09/14 07:12:05.625, 5, 0, 78639
2026/09/14 07:12:06.125, 4, 0, 78639
2026/09/14 07:12:06.125, 5, 0, 78639
2026/09/14 07:12:06.625, 4, 0, 78639
2026/09/14 07:12:06.625, 5, 0, 78639
2026/09/14 07:12:07.125, 4, 0, 78639
2026/09/14 07:12:07.125, 5, 9, 78639
2026/09/14 07:12:07.625, 4, 0, 78639
2026/09/14 07:12:07.626, 5, 0, 78639
2026/09/14 07:12:08.126, 4, 1, 78639
2026/09/14 07:12:08.126, 5, 29, 78639
2026/09/14 07:12:08.626, 4, 13, 78639
2026/09/14 07:12:08.626, 5, 13, 78639
2026/09/14 07:12:09.126, 4, 0, 78639
2026/09/14 07:12:09.126, 5, 0, 78639
2026/09/14 07:12:09.626, 4, 0, 78639
2026/09/14 07:12:09.626, 5, 0, 78639
2026/09/14 07:12:10.126, 4, 0, 78639
2026/09/14 07:12:10.126, 5, 0, 78639
2026/09/14 07:12:10.627, 4, 0, 78639
2026/09/14 07:12:10.627, 5, 0, 78639
2026/09/14 07:12:11.127, 4, 0, 78639
2026/09/14 07:12:11.127, 5, 0, 78639
2026/09/14 07:12:11.627, 4, 0, 78639
2026/09/14 07:12:11.628, 5, 0, 78639
2026/09/14 07:12:12.128, 4, 0, 78639
2026/09/14 07:12:12.128, 5, 0, 78639
2026/09/14 07:12:12.628, 4, 0, 78639
2026/09/14 07:12:12.628, 5, 0, 78639
2026/09/14 07:12:13.128, 4, 0, 78639
2026/09/14 07:12:13.128, 5, 0, 78639
2026/09/14 07:12:13.628, 4, 0, 78639
2026/09/14 07:12:13.628, 5, 0, 78639
2026/09/14 07:12:14.129, 4, 0, 78639
2026/09/14 07:12:14.129, 5, 0, 78639
2026/09/14 07:12:14.629, 4, 0, 78639
2026/09/14 07:12:14.629, 5, 0, 78639
2026/09/14 07:12:15.129, 4, 0, 78639
2026/09/14 07:12:15.129, 5, 0, 78639
2026/09/14 07:12:15.629, 4, 0, 78639
2026/09/14 07:12:15.629, 5, 0, 78639
2026/09/14 07:12:16.130, 4, 0, 78639
2026/09/14 07:12:16.130, 5, 0, 78639
2026/09/14 07:12:16.630, 4, 0, 78639
2026/09/14 07:12:16.630, 5, 0, 78639
2026/09/14 07:12:17.131, 4, 0, 78639
2026/09/14 07:12:17.131, 5, 0, 78639
2026/09/14 07:12:17.631, 4, 2, 78639
2026/09/14 07:12:17.631, 5, 2, 78639
2026/09/14 07:12:18.131, 4, 0, 78639
2026/09/14 07:12:18.131, 5, 0, 78639
2026/09/14 07:12:18.631, 4, 0, 78639
2026/09/14 07:12:18.631, 5, 0, 78639
2026/09/14 07:12:19.131, 4, 0, 78639
2026/09/14 07:12:19.132, 5, 0, 78639
2026/09/14 07:12:19.632, 4, 30, 78639
2026/09/14 07:12:19.632, 5, 30, 78639
2026/09/14 07:12:20.132, 4, 30, 78639
2026/09/14 07:12:20.132, 5, 29, 78639
2026/09/14 07:12:20.633, 4, 10, 78639
2026/09/14 07:12:20.633, 5, 10, 78639
2026/09/14 07:12:21.133, 4, 0, 78639
2026/09/14 07:12:21.133, 5, 0, 78639
2026/09/14 07:12:21.633, 4, 0, 78639
2026/09/14 07:12:21.633, 5, 0, 78639
2026/09/14 07:12:22.133, 4, 0, 78639
2026/09/14 07:12:22.133, 5, 0, 78639
2026/09/14 07:12:22.633, 4, 0, 78639
2026/09/14 07:12:22.634, 5, 0, 78639
2026/09/14 07:12:23.134, 4, 0, 78639
2026/09/14 07:12:23.134, 5, 0, 78639
2026/09/14 07:12:23.634, 4, 0, 78639
2026/09/14 07:12:23.634, 5, 0, 78639
2026/09/14 07:12:24.134, 4, 0, 78639
2026/09/14 07:12:24.135, 5, 0, 78639
2026/09/14 07:12:24.635, 4, 0, 78639
2026/09/14 07:12:24.635, 5, 0, 78639
2026/09/14 07:12:25.135, 4, 0, 78639
2026/09/14 07:12:25.135, 5, 0, 78639
2026/09/14 07:12:25.635, 4, 0, 78639
2026/09/14 07:12:25.635, 5, 0, 78639
2026/09/14 07:12:26.136, 4, 0, 78639
2026/09/14 07:12:26.136, 5, 0, 78639
2026/09/14 07:12:26.636, 4, 0, 78639
2026/09/14 07:12:26.636, 5, 0, 78639
2026/09/14 07:12:27.136, 4, 0, 78639
2026/09/14 07:12:27.136, 5, 0, 78639
2026/09/14 07:12:27.637, 4, 0, 78639
2026/09/14 07:12:27.637, 5, 0, 78639
2026/09/14 07:12:28.137, 4, 0, 78639
2026/09/14 07:12:28.137, 5, 0, 78639
2026/09/14 07:12:28.637, 4, 0, 78639
2026/09/14 07:12:28.637, 5, 0, 78639
2026/09/14 07:12:29.137, 4, 0, 78639
2026/09/14 07:12:29.137, 5, 0, 78639
2026/09/14 07:12:29.637, 4, 0, 78639
2026/09/14 07:12:29.637, 5, 0, 78639
2026/09/14 07:12:30.137, 4, 0, 78639
2026/09/14 07:12:30.138, 5, 0, 78639
2026/09/14 07:12:30.638, 4, 0, 78639
2026/09/14 07:12:30.638, 5, 0, 78639
2026/09/14 07:12:31.138, 4, 0, 78639
2026/09/14 07:12:31.138, 5, 0, 78639
2026/09/14 07:12:31.638, 4, 0, 78639
2026/09/14 07:12:31.638, 5, 0, 78639
2026/09/14 07:12:32.138, 4, 0, 78639
2026/09/14 07:12:32.139, 5, 0, 78639
2026/09/14 07:12:32.641, 4, 0, 78639
2026/09/14 07:12:32.641, 5, 0, 78639
2026/09/14 07:12:33.142, 4, 0, 78639
2026/09/14 07:12:33.142, 5, 0, 78639
2026/09/14 07:12:33.642, 4, 0, 78639
2026/09/14 07:12:33.642, 5, 0, 78639
2026/09/14 07:12:34.142, 4, 0, 78639
2026/09/14 07:12:34.142, 5, 0, 78639
2026/09/14 07:12:34.642, 4, 0, 78639
2026/09/14 07:12:34.642, 5, 0, 78639
2026/09/14 07:12:35.142, 4, 0, 78639
2026/09/14 07:12:35.143, 5, 0, 78639
2026/09/14 07:12:35.643, 4, 0, 78639
2026/09/14 07:12:35.643, 5, 0, 78639
2026/09/14 07:12:36.143, 4, 0, 78639
2026/09/14 07:12:36.143, 5, 0, 78639
2026/09/14 07:12:36.643, 4, 0, 78639
2026/09/14 07:12:36.643, 5, 0, 78639
2026/09/14 07:12:37.143, 4, 28, 78639
2026/09/14 07:12:37.143, 5, 29, 78639
2026/09/14 07:12:37.644, 4, 0, 78639
2026/09/14 07:12:37.644, 5, 8, 78639
2026/09/14 07:12:38.144, 4, 0, 78639
2026/09/14 07:12:38.144, 5, 0, 78639
2026/09/14 07:12:38.644, 4, 0, 78639
2026/09/14 07:12:38.644, 5, 0, 78639
2026/09/14 07:12:39.144, 4, 0, 78639
2026/09/14 07:12:39.145, 5, 0, 78639
2026/09/14 07:12:39.645, 4, 0, 78639
2026/09/14 07:12:39.645, 5, 0, 78639
2026/09/14 07:12:40.145, 4, 0, 78639
2026/09/14 07:12:40.145, 5, 0, 78639
2026/09/14 07:12:40.646, 4, 0, 78639
2026/09/14 07:12:40.646, 5, 0, 78639
2026/09/14 07:12:41.146, 4, 0, 78639
2026/09/14 07:12:41.146, 5, 0, 78639
2026/09/14 07:12:41.646, 4, 0, 78639
2026/09/14 07:12:41.646, 5, 0, 78639
2026/09/14 07:12:42.146, 4, 0, 78639
2026/09/14 07:12:42.147, 5, 0, 78639
2026/09/14 07:12:42.647, 4, 0, 78639
2026/09/14 07:12:42.647, 5, 0, 78639
2026/09/14 07:12:43.147, 4, 0, 78639
2026/09/14 07:12:43.147, 5, 0, 78639
2026/09/14 07:12:43.648, 4, 0, 78639
2026/09/14 07:12:43.648, 5, 0, 78639
2026/09/14 07:12:44.148, 4, 0, 78639
2026/09/14 07:12:44.148, 5, 0, 78639
2026/09/14 07:12:44.648, 4, 0, 78639
2026/09/14 07:12:44.648, 5, 0, 78639
2026/09/14 07:12:45.149, 4, 0, 78639
2026/09/14 07:12:45.149, 5, 0, 78639
2026/09/14 07:12:45.649, 4, 12, 78639
2026/09/14 07:12:45.649, 5, 10, 78639
2026/09/14 07:12:46.149, 4, 0, 78639
2026/09/14 07:12:46.149, 5, 0, 78639
2026/09/14 07:12:46.649, 4, 0, 78639
2026/09/14 07:12:46.649, 5, 0, 78639
2026/09/14 07:12:47.150, 4, 0, 78639
2026/09/14 07:12:47.150, 5, 0, 78639
2026/09/14 07:12:47.651, 4, 10, 78639
2026/09/14 07:12:47.651, 5, 0, 78639
2026/09/14 07:12:48.151, 4, 0, 78639
2026/09/14 07:12:48.151, 5, 0, 78639
2026/09/14 07:12:48.651, 4, 0, 78639
2026/09/14 07:12:48.651, 5, 0, 78639
2026/09/14 07:12:49.151, 4, 0, 78639
2026/09/14 07:12:49.151, 5, 0, 78639
2026/09/14 07:12:49.651, 4, 9, 78639
2026/09/14 07:12:49.652, 5, 0, 78639
2026/09/14 07:12:50.152, 4, 0, 78639
2026/09/14 07:12:50.152, 5, 0, 78639
2026/09/14 07:12:50.652, 4, 29, 78639
2026/09/14 07:12:50.653, 5, 12, 78639
2026/09/14 07:12:51.154, 4, 6, 78639
2026/09/14 07:12:51.154, 5, 3, 78639
2026/09/14 07:12:51.654, 4, 0, 78639
2026/09/14 07:12:51.654, 5, 0, 78639
2026/09/14 07:12:52.155, 4, 0, 78639
2026/09/14 07:12:52.155, 5, 0, 78639
2026/09/14 07:12:52.655, 4, 0, 78639
2026/09/14 07:12:52.656, 5, 0, 78639
2026/09/14 07:12:53.156, 4, 0, 78639
2026/09/14 07:12:53.156, 5, 0, 78639
2026/09/14 07:12:53.657, 4, 0, 78639
2026/09/14 07:12:53.657, 5, 0, 78639
2026/09/14 07:12:54.157, 4, 0, 78639
2026/09/14 07:12:54.157, 5, 0, 78639
2026/09/14 07:12:54.657, 4, 0, 78639
2026/09/14 07:12:54.657, 5, 0, 78639
2026/09/14 07:12:55.157, 4, 0, 78639
2026/09/14 07:12:55.157, 5, 0, 78639
2026/09/14 07:12:55.658, 4, 0, 78639
2026/09/14 07:12:55.658, 5, 0, 78639
2026/09/14 07:12:56.158, 4, 0, 78639
2026/09/14 07:12:56.158, 5, 0, 78639
2026/09/14 07:12:56.658, 4, 0, 78639
2026/09/14 07:12:56.658, 5, 0, 78639
2026/09/14 07:12:57.158, 4, 0, 78639
2026/09/14 07:12:57.158, 5, 0, 78639
2026/09/14 07:12:57.658, 4, 0, 78639
2026/09/14 07:12:57.658, 5, 0, 78639
2026/09/14 07:12:58.159, 4, 0, 78639
2026/09/14 07:12:58.159, 5, 11, 78639
2026/09/14 07:12:58.659, 4, 0, 78639
2026/09/14 07:12:58.659, 5, 0, 78639
2026/09/14 07:12:59.159, 4, 0, 78639
2026/09/14 07:12:59.159, 5, 0, 78639
2026/09/14 07:12:59.659, 4, 0, 78639
2026/09/14 07:12:59.659, 5, 0, 78639
2026/09/14 07:13:00.160, 4, 0, 78639
2026/09/14 07:13:00.160, 5, 9, 78639
2026/09/14 07:13:00.661, 4, 0, 78639
2026/09/14 07:13:00.661, 5, 0, 78639
2026/09/14 07:13:01.161, 4, 0, 78639
2026/09/14 07:13:01.162, 5, 0, 78639
2026/09/14 07:13:01.662, 4, 0, 78639
2026/09/14 07:13:01.662, 5, 0, 78639
2026/09/14 07:13:02.162, 4, 30, 78639
2026/09/14 07:13:02.163, 5, 28, 78639
2026/09/14 07:13:02.663, 4, 26, 78639
2026/09/14 07:13:02.663, 5, 26, 78639
2026/09/14 07:13:03.163, 4, 12, 78639
2026/09/14 07:13:03.163, 5, 0, 78639
2026/09/14 07:13:03.663, 4, 0, 78639
2026/09/14 07:13:03.664, 5, 0, 78639
2026/09/14 07:13:04.164, 4, 0, 78639
2026/09/14 07:13:04.164, 5, 0, 78639
2026/09/14 07:13:04.664, 4, 0, 78639
2026/09/14 07:13:04.664, 5, 0, 78639
2026/09/14 07:13:05.164, 4, 0, 78639
2026/09/14 07:13:05.164, 5, 0, 78639
2026/09/14 07:13:05.664, 4, 0, 78639
2026/09/14 07:13:05.664, 5, 0, 78639
2026/09/14 07:13:06.164, 4, 0, 78639
2026/09/14 07:13:06.164, 5, 0, 78639
2026/09/14 07:13:06.665, 4, 0, 78639
2026/09/14 07:13:06.665, 5, 0, 78639
2026/09/14 07:13:07.165, 4, 0, 78639
2026/09/14 07:13:07.165, 5, 0, 78639
2026/09/14 07:13:07.665, 4, 0, 78639
2026/09/14 07:13:07.665, 5, 0, 78639
2026/09/14 07:13:08.166, 4, 0, 78639
2026/09/14 07:13:08.166, 5, 0, 78639
2026/09/14 07:13:08.666, 4, 0, 78639
2026/09/14 07:13:08.666, 5, 0, 78639
2026/09/14 07:13:09.166, 4, 0, 78639
2026/09/14 07:13:09.166, 5, 0, 78639
2026/09/14 07:13:09.666, 4, 0, 78639
2026/09/14 07:13:09.666, 5, 0, 78639
2026/09/14 07:13:10.167, 4, 0, 78639
2026/09/14 07:13:10.167, 5, 0, 78639
2026/09/14 07:13:10.667, 4, 0, 78639
2026/09/14 07:13:10.667, 5, 0, 78639
2026/09/14 07:13:11.167, 4, 0, 78639
2026/09/14 07:13:11.167, 5, 0, 78639
2026/09/14 07:13:11.668, 4, 0, 78639
2026/09/14 07:13:11.668, 5, 0, 78639
2026/09/14 07:13:12.168, 4, 0, 78639
2026/09/14 07:13:12.168, 5, 0, 78639
2026/09/14 07:13:12.668, 4, 0, 78639
2026/09/14 07:13:12.668, 5, 0, 78639
2026/09/14 07:13:13.168, 4, 0, 78639
2026/09/14 07:13:13.168, 5, 0, 78639
2026/09/14 07:13:13.668, 4, 0, 78639
2026/09/14 07:13:13.668, 5, 0, 78639
2026/09/14 07:13:14.168, 4, 0, 78639
2026/09/14 07:13:14.169, 5, 0, 78639
2026/09/14 07:13:14.669, 4, 0, 78639
2026/09/14 07:13:14.669, 5, 0, 78639
2026/09/14 07:13:15.169, 4, 0, 78639
2026/09/14 07:13:15.169, 5, 0, 78639
2026/09/14 07:13:15.669, 4, 0, 78639
2026/09/14 07:13:15.670, 5, 0, 78639
2026/09/14 07:13:16.170, 4, 0, 78639
2026/09/14 07:13:16.170, 5, 0, 78639
2026/09/14 07:13:16.670, 4, 0, 78639
2026/09/14 07:13:16.670, 5, 0, 78639
2026/09/14 07:13:17.170, 4, 0, 78639
2026/09/14 07:13:17.170, 5, 0, 78639
2026/09/14 07:13:17.670, 4, 0, 78639
2026/09/14 07:13:17.670, 5, 0, 78639
2026/09/14 07:13:18.171, 4, 0, 78639
2026/09/14 07:13:18.171, 5, 0, 78639
2026/09/14 07:13:18.671, 4, 0, 78639
2026/09/14 07:13:18.672, 5, 0, 78639
2026/09/14 07:13:19.172, 4, 0, 78639
2026/09/14 07:13:19.172, 5, 21, 78639
2026/09/14 07:13:19.672, 4, 28, 78639
2026/09/14 07:13:19.672, 5, 28, 78639
2026/09/14 07:13:20.172, 4, 0, 78639
2026/09/14 07:13:20.172, 5, 0, 78639
2026/09/14 07:13:20.672, 4, 0, 78639
2026/09/14 07:13:20.672, 5, 0, 78639
2026/09/14 07:13:21.173, 4, 0, 78639
2026/09/14 07:13:21.173, 5, 0, 78639
2026/09/14 07:13:21.673, 4, 0, 78639
2026/09/14 07:13:21.673, 5, 0, 78639
2026/09/14 07:13:22.173, 4, 0, 78639
2026/09/14 07:13:22.174, 5, 0, 78639
2026/09/14 07:13:22.674, 4, 0, 78639
2026/09/14 07:13:22.674, 5, 0, 78639
2026/09/14 07:13:23.174, 4, 0, 78639
2026/09/14 07:13:23.174, 5, 0, 78639
2026/09/14 07:13:23.674, 4, 0, 78639
2026/09/14 07:13:23.675, 5, 0, 78639
2026/09/14 07:13:24.175, 4, 0, 78639
2026/09/14 07:13:24.175, 5, 0, 78639
2026/09/14 07:13:24.675, 4, 0, 78639
2026/09/14 07:13:24.675, 5, 0, 78639
2026/09/14 07:13:25.176, 4, 0, 78639
2026/09/14 07:13:25.176, 5, 0, 78639
2026/09/14 07:13:25.676, 4, 0, 78639
2026/09/14 07:13:25.676, 5, 0, 78639
2026/09/14 07:13:26.176, 4, 0, 78639
2026/09/14 07:13:26.176, 5, 0, 78639
2026/09/14 07:13:26.676, 4, 0, 78639
2026/09/14 07:13:26.676, 5, 0, 78639
2026/09/14 07:13:27.176, 4, 0, 78639
2026/09/14 07:13:27.176, 5, 0, 78639
2026/09/14 07:13:27.676, 4, 0, 78639
2026/09/14 07:13:27.677, 5, 0, 78639
2026/09/14 07:13:28.177, 4, 23, 78639
2026/09/14 07:13:28.177, 5, 23, 78639
2026/09/14 07:13:28.677, 4, 0, 78639
2026/09/14 07:13:28.677, 5, 0, 78639
2026/09/14 07:13:29.177, 4, 0, 78639
2026/09/14 07:13:29.177, 5, 0, 78639
2026/09/14 07:13:29.677, 4, 0, 78639
2026/09/14 07:13:29.677, 5, 0, 78639
2026/09/14 07:13:30.177, 4, 10, 78639
2026/09/14 07:13:30.178, 5, 10, 78639
2026/09/14 07:13:30.678, 4, 0, 78639
2026/09/14 07:13:30.678, 5, 0, 78639
2026/09/14 07:13:31.178, 4, 0, 78639
2026/09/14 07:13:31.178, 5, 0, 78639
2026/09/14 07:13:31.678, 4, 0, 78639
2026/09/14 07:13:31.678, 5, 0, 78639
2026/09/14 07:13:32.179, 4, 9, 78639
2026/09/14 07:13:32.179, 5, 9, 78639
2026/09/14 07:13:32.679, 4, 0, 78639
2026/09/14 07:13:32.679, 5, 0, 78639
2026/09/14 07:13:33.179, 4, 5, 78639
2026/09/14 07:13:33.179, 5, 1, 78639
2026/09/14 07:13:33.679, 4, 0, 78639
2026/09/14 07:13:33.679, 5, 0, 78639
2026/09/14 07:13:34.179, 4, 10, 78639
2026/09/14 07:13:34.180, 5, 10, 78639
2026/09/14 07:13:34.680, 4, 0, 78639
2026/09/14 07:13:34.680, 5, 0, 78639
2026/09/14 07:13:35.180, 4, 0, 78639
2026/09/14 07:13:35.181, 5, 0, 78639
2026/09/14 07:13:35.681, 4, 3, 78639
2026/09/14 07:13:35.681, 5, 1, 78639
2026/09/14 07:13:36.182, 4, 0, 78639
2026/09/14 07:13:36.183, 5, 0, 78639
2026/09/14 07:13:36.683, 4, 31, 78639
2026/09/14 07:13:36.683, 5, 11, 78639
2026/09/14 07:13:37.183, 4, 9, 78639
2026/09/14 07:13:37.183, 5, 9, 78639
2026/09/14 07:13:37.683, 4, 0, 78639
2026/09/14 07:13:37.683, 5, 0, 78639
2026/09/14 07:13:38.183, 4, 0, 78639
2026/09/14 07:13:38.183, 5, 0, 78639
2026/09/14 07:13:38.684, 4, 0, 78639
2026/09/14 07:13:38.684, 5, 0, 78639
2026/09/14 07:13:39.184, 4, 0, 78639
2026/09/14 07:13:39.184, 5, 0, 78639
2026/09/14 07:13:39.684, 4, 0, 78639
2026/09/14 07:13:39.684, 5, 0, 78639
2026/09/14 07:13:40.184, 4, 0, 78639
2026/09/14 07:13:40.184, 5, 0, 78639
2026/09/14 07:13:40.684, 4, 0, 78639
2026/09/14 07:13:40.684, 5, 0, 78639
2026/09/14 07:13:41.189, 4, 0, 78639
2026/09/14 07:13:41.189, 5, 0, 78639
2026/09/14 07:13:41.689, 4, 0, 78639
2026/09/14 07:13:41.689, 5, 0, 78639
2026/09/14 07:13:42.189, 4, 0, 78639
2026/09/14 07:13:42.189, 5, 0, 78639
2026/09/14 07:13:42.690, 4, 0, 78639
2026/09/14 07:13:42.691, 5, 0, 78639
2026/09/14 07:13:43.191, 4, 0, 78639
2026/09/14 07:13:43.192, 5, 0, 78639
2026/09/14 07:13:43.692, 4, 0, 78639
2026/09/14 07:13:43.692, 5, 0, 78639
2026/09/14 07:13:44.192, 4, 6, 78639
2026/09/14 07:13:44.193, 5, 11, 78639
2026/09/14 07:13:44.695, 4, 0, 78639
2026/09/14 07:13:44.695, 5, 0, 78639
2026/09/14 07:13:45.195, 4, 0, 78639
2026/09/14 07:13:45.195, 5, 0, 78639
2026/09/14 07:13:45.698, 4, 0, 78639
2026/09/14 07:13:45.698, 5, 0, 78639
2026/09/14 07:13:46.198, 4, 2, 78639
2026/09/14 07:13:46.198, 5, 2, 78639
2026/09/14 07:13:46.698, 4, 0, 78639
2026/09/14 07:13:46.698, 5, 0, 78639
2026/09/14 07:13:47.199, 4, 0, 78639
2026/09/14 07:13:47.199, 5, 0, 78639
2026/09/14 07:13:47.699, 4, 0, 78639
2026/09/14 07:13:47.699, 5, 0, 78639
2026/09/14 07:13:48.199, 4, 31, 78639
2026/09/14 07:13:48.199, 5, 31, 78639
2026/09/14 07:13:48.699, 4, 31, 78639
2026/09/14 07:13:48.699, 5, 31, 78639
2026/09/14 07:13:49.200, 4, 10, 78639
2026/09/14 07:13:49.200, 5, 10, 78639
2026/09/14 07:13:49.700, 4, 0, 78639
2026/09/14 07:13:49.700, 5, 0, 78639
2026/09/14 07:13:50.200, 4, 0, 78639
2026/09/14 07:13:50.202, 5, 0, 78639
2026/09/14 07:13:50.704, 4, 0, 78639
2026/09/14 07:13:50.704, 5, 0, 78639
2026/09/14 07:13:51.204, 4, 0, 78639
2026/09/14 07:13:51.204, 5, 0, 78639
2026/09/14 07:13:51.704, 4, 0, 78639
2026/09/14 07:13:51.704, 5, 0, 78639
2026/09/14 07:13:52.204, 4, 0, 78639
2026/09/14 07:13:52.204, 5, 0, 78639
2026/09/14 07:13:52.704, 4, 0, 78639
2026/09/14 07:13:52.705, 5, 0, 78639
2026/09/14 07:13:53.205, 4, 0, 78639
2026/09/14 07:13:53.205, 5, 0, 78639
2026/09/14 07:13:53.705, 4, 0, 78639
2026/09/14 07:13:53.705, 5, 0, 78639
2026/09/14 07:13:54.206, 4, 0, 78639
2026/09/14 07:13:54.207, 5, 0, 78639
2026/09/14 07:13:54.707, 4, 0, 78639
2026/09/14 07:13:54.707, 5, 0, 78639
2026/09/14 07:13:55.208, 4, 0, 78639
2026/09/14 07:13:55.208, 5, 0, 78639
2026/09/14 07:13:55.708, 4, 0, 78639
2026/09/14 07:13:55.708, 5, 0, 78639
2026/09/14 07:13:56.208, 4, 0, 78639
2026/09/14 07:13:56.208, 5, 0, 78639
2026/09/14 07:13:56.708, 4, 0, 78639
2026/09/14 07:13:56.708, 5, 0, 78639
2026/09/14 07:13:57.208, 4, 0, 78639
2026/09/14 07:13:57.208, 5, 0, 78639
2026/09/14 07:13:57.708, 4, 0, 78639
2026/09/14 07:13:57.708, 5, 0, 78639
2026/09/14 07:13:58.209, 4, 0, 78639
2026/09/14 07:13:58.209, 5, 0, 78639
2026/09/14 07:13:58.709, 4, 0, 78639
2026/09/14 07:13:58.709, 5, 0, 78639
2026/09/14 07:13:59.209, 4, 0, 78639
2026/09/14 07:13:59.209, 5, 0, 78639
2026/09/14 07:13:59.709, 4, 0, 78639
2026/09/14 07:13:59.709, 5, 0, 78639
2026/09/14 07:14:00.209, 4, 0, 78639
2026/09/14 07:14:00.210, 5, 0, 78639
2026/09/14 07:14:00.713, 4, 0, 78639
2026/09/14 07:14:00.713, 5, 0, 78639
2026/09/14 07:14:01.214, 4, 0, 78639
2026/09/14 07:14:01.214, 5, 0, 78639
2026/09/14 07:14:01.714, 4, 0, 78639
2026/09/14 07:14:01.714, 5, 0, 78639
2026/09/14 07:14:02.214, 4, 0, 78639
2026/09/14 07:14:02.220, 5, 0, 78639
2026/09/14 07:14:02.721, 4, 0, 78639
2026/09/14 07:14:02.722, 5, 0, 78639
2026/09/14 07:14:03.222, 4, 0, 78639
2026/09/14 07:14:03.222, 5, 0, 78639
2026/09/14 07:14:03.722, 4, 0, 78639
2026/09/14 07:14:03.722, 5, 0, 78639
2026/09/14 07:14:04.223, 4, 0, 78639
2026/09/14 07:14:04.223, 5, 0, 78639
2026/09/14 07:14:04.723, 4, 0, 78639
2026/09/14 07:14:04.723, 5, 0, 78639
2026/09/14 07:14:05.223, 4, 0, 78639
2026/09/14 07:14:05.223, 5, 0, 78639
2026/09/14 07:14:05.723, 4, 31, 78639
2026/09/14 07:14:05.723, 5, 31, 78639
2026/09/14 07:14:06.224, 4, 0, 78639
2026/09/14 07:14:06.224, 5, 0, 78639
2026/09/14 07:14:06.724, 4, 0, 78639
2026/09/14 07:14:06.724, 5, 0, 78639
2026/09/14 07:14:07.224, 4, 0, 78639
2026/09/14 07:14:07.224, 5, 0, 78639
2026/09/14 07:14:07.724, 4, 0, 78639
2026/09/14 07:14:07.726, 5, 0, 78639
2026/09/14 07:14:08.226, 4, 0, 78639
2026/09/14 07:14:08.226, 5, 0, 78639
2026/09/14 07:14:08.726, 4, 0, 78639
2026/09/14 07:14:08.726, 5, 0, 78639
2026/09/14 07:14:09.226, 4, 0, 78639
2026/09/14 07:14:09.226, 5, 0, 78639
2026/09/14 07:14:09.726, 4, 0, 78639
2026/09/14 07:14:09.726, 5, 0, 78639
2026/09/14 07:14:10.227, 4, 0, 78639
2026/09/14 07:14:10.227, 5, 0, 78639
2026/09/14 07:14:10.727, 4, 0, 78639
2026/09/14 07:14:10.727, 5, 0, 78639
2026/09/14 07:14:11.227, 4, 0, 78639
2026/09/14 07:14:11.227, 5, 0, 78639
2026/09/14 07:14:11.727, 4, 0, 78639
2026/09/14 07:14:11.728, 5, 0, 78639
2026/09/14 07:14:12.228, 4, 0, 78639
2026/09/14 07:14:12.229, 5, 0, 78639
2026/09/14 07:14:12.729, 4, 0, 78639
2026/09/14 07:14:12.729, 5, 0, 78639
2026/09/14 07:14:13.229, 4, 0, 78639
2026/09/14 07:14:13.230, 5, 0, 78639
2026/09/14 07:14:13.730, 4, 0, 78639
2026/09/14 07:14:13.730, 5, 0, 78639
2026/09/14 07:14:14.230, 4, 3, 78639
2026/09/14 07:14:14.230, 5, 21, 78639
2026/09/14 07:14:14.730, 4, 0, 78639
2026/09/14 07:14:14.730, 5, 0, 78639
2026/09/14 07:14:15.230, 4, 0, 78639
2026/09/14 07:14:15.230, 5, 0, 78639
2026/09/14 07:14:15.730, 4, 0, 78639
2026/09/14 07:14:15.731, 5, 0, 78639
2026/09/14 07:14:16.231, 4, 11, 78639
2026/09/14 07:14:16.231, 5, 0, 78639
2026/09/14 07:14:16.731, 4, 0, 78639
2026/09/14 07:14:16.731, 5, 0, 78639
2026/09/14 07:14:17.231, 4, 9, 78639
2026/09/14 07:14:17.231, 5, 0, 78639
2026/09/14 07:14:17.731, 4, 0, 78639
2026/09/14 07:14:17.731, 5, 0, 78639
2026/09/14 07:14:18.232, 4, 0, 78639
2026/09/14 07:14:18.232, 5, 9, 78639
2026/09/14 07:14:18.732, 4, 0, 78639
2026/09/14 07:14:18.732, 5, 0, 78639
2026/09/14 07:14:19.232, 4, 59, 78639
2026/09/14 07:14:19.233, 5, 64, 78639
2026/09/14 07:14:19.733, 4, 100, 78639
2026/09/14 07:14:19.733, 5, 100, 78639
2026/09/14 07:14:20.233, 4, 100, 78639
2026/09/14 07:14:20.238, 5, 100, 78639
2026/09/14 07:14:20.739, 4, 67, 78639
2026/09/14 07:14:20.739, 5, 72, 78639
2026/09/14 07:14:21.239, 4, 100, 78639
2026/09/14 07:14:21.239, 5, 100, 78639
2026/09/14 07:14:21.740, 4, 100, 78639
2026/09/14 07:14:21.740, 5, 100, 78639
2026/09/14 07:14:22.240, 4, 75, 78639
2026/09/14 07:14:22.240, 5, 68, 78639
2026/09/14 07:14:22.763, 4, 99, 78639
2026/09/14 07:14:22.763, 5, 100, 78639
2026/09/14 07:14:23.264, 4, 100, 78639
2026/09/14 07:14:23.264, 5, 100, 78639
2026/09/14 07:14:23.764, 4, 100, 78639
2026/09/14 07:14:23.764, 5, 91, 78639
2026/09/14 07:14:24.264, 4, 99, 78639
2026/09/14 07:14:24.265, 5, 99, 78639
2026/09/14 07:14:24.765, 4, 100, 78639
2026/09/14 07:14:24.765, 5, 100, 78639
2026/09/14 07:14:25.265, 4, 100, 78639
2026/09/14 07:14:25.265, 5, 100, 78639
2026/09/14 07:14:25.765, 4, 99, 78639
2026/09/14 07:14:25.765, 5, 100, 78639
2026/09/14 07:14:26.265, 4, 100, 78639
2026/09/14 07:14:26.265, 5, 100, 78639
2026/09/14 07:14:26.766, 4, 100, 78639
2026/09/14 07:14:26.766, 5, 59, 78639
2026/09/14 07:14:27.266, 4, 99, 78639
2026/09/14 07:14:27.266, 5, 99, 78639
2026/09/14 07:14:27.766, 4, 100, 78639
2026/09/14 07:14:27.766, 5, 100, 78639
2026/09/14 07:14:28.267, 4, 100, 78639
2026/09/14 07:14:28.267, 5, 100, 78639
2026/09/14 07:14:28.767, 4, 99, 78639
2026/09/14 07:14:28.767, 5, 99, 78639
2026/09/14 07:14:29.268, 4, 100, 78639
2026/09/14 07:14:29.268, 5, 100, 78639
2026/09/14 07:14:29.768, 4, 100, 78639
2026/09/14 07:14:29.768, 5, 100, 78639
2026/09/14 07:14:30.268, 4, 99, 78639
2026/09/14 07:14:30.268, 5, 99, 78639
2026/09/14 07:14:30.768, 4, 100, 78639
2026/09/14 07:14:30.768, 5, 100, 78639
2026/09/14 07:14:31.268, 4, 100, 78639
2026/09/14 07:14:31.268, 5, 100, 78639
2026/09/14 07:14:31.768, 4, 99, 78639
2026/09/14 07:14:31.769, 5, 99, 78639
2026/09/14 07:14:32.269, 4, 100, 78639
2026/09/14 07:14:32.269, 5, 100, 78639
2026/09/14 07:14:32.769, 4, 100, 78639
2026/09/14 07:14:32.769, 5, 100, 78639
2026/09/14 07:14:33.269, 4, 99, 78639
2026/09/14 07:14:33.269, 5, 99, 78639
2026/09/14 07:14:33.769, 4, 100, 78639
2026/09/14 07:14:33.769, 5, 100, 78639
2026/09/14 07:14:34.270, 4, 100, 78639
2026/09/14 07:14:34.270, 5, 100, 78639
2026/09/14 07:14:34.770, 4, 55, 78639
2026/09/14 07:14:34.770, 5, 99, 78639
2026/09/14 07:14:35.270, 4, 100, 78639
2026/09/14 07:14:35.270, 5, 100, 78639
2026/09/14 07:14:35.770, 4, 100, 78639
2026/09/14 07:14:35.771, 5, 100, 78639
2026/09/14 07:14:36.271, 4, 91, 78639
2026/09/14 07:14:36.271, 5, 91, 78639
2026/09/14 07:14:36.771, 4, 100, 78639
2026/09/14 07:14:36.771, 5, 100, 78639
2026/09/14 07:14:37.272, 4, 100, 78639
2026/09/14 07:14:37.272, 5, 100, 78639
2026/09/14 07:14:37.772, 4, 92, 78639
2026/09/14 07:14:37.772, 5, 99, 78639
2026/09/14 07:14:38.272, 4, 100, 78639
2026/09/14 07:14:38.272, 5, 100, 78639
2026/09/14 07:14:38.773, 4, 100, 78639
2026/09/14 07:14:38.773, 5, 100, 78639
2026/09/14 07:14:39.274, 4, 58, 78639
2026/09/14 07:14:39.274, 5, 58, 78639
2026/09/14 07:14:39.774, 4, 99, 78639
2026/09/14 07:14:39.774, 5, 100, 78639
2026/09/14 07:14:40.274, 4, 100, 78639
2026/09/14 07:14:40.274, 5, 100, 78639
2026/09/14 07:14:40.775, 4, 99, 78639
2026/09/14 07:14:40.775, 5, 60, 78639
2026/09/14 07:14:41.275, 4, 99, 78639
2026/09/14 07:14:41.275, 5, 100, 78639
2026/09/14 07:14:41.775, 4, 100, 78639
2026/09/14 07:14:41.775, 5, 100, 78639
2026/09/14 07:14:42.275, 4, 91, 78639
2026/09/14 07:14:42.276, 5, 91, 78639
2026/09/14 07:14:42.776, 4, 99, 78639
2026/09/14 07:14:42.776, 5, 100, 78639
2026/09/14 07:14:43.276, 4, 100, 78639
2026/09/14 07:14:43.276, 5, 100, 78639
2026/09/14 07:14:43.776, 4, 100, 78639
2026/09/14 07:14:43.776, 5, 100, 78639
2026/09/14 07:14:44.276, 4, 99, 78639
2026/09/14 07:14:44.276, 5, 99, 78639
2026/09/14 07:14:44.776, 4, 100, 78639
2026/09/14 07:14:44.777, 5, 100, 78639
2026/09/14 07:14:45.277, 4, 86, 78639
2026/09/14 07:14:45.277, 5, 100, 78639
2026/09/14 07:14:45.777, 4, 99, 78639
2026/09/14 07:14:45.777, 5, 99, 78639
2026/09/14 07:14:46.278, 4, 100, 78639
2026/09/14 07:14:46.278, 5, 100, 78639
2026/09/14 07:14:46.778, 4, 100, 78639
2026/09/14 07:14:46.778, 5, 100, 78639
2026/09/14 07:14:47.278, 4, 99, 78639
2026/09/14 07:14:47.279, 5, 86, 78639
2026/09/14 07:14:47.780, 4, 100, 78639
2026/09/14 07:14:47.780, 5, 100, 78639
2026/09/14 07:14:48.280, 4, 100, 78639
2026/09/14 07:14:48.280, 5, 100, 78639
2026/09/14 07:14:48.780, 4, 99, 78639
2026/09/14 07:14:48.780, 5, 99, 78639
2026/09/14 07:14:49.280, 4, 100, 78639
2026/09/14 07:14:49.280, 5, 100, 78639
2026/09/14 07:14:49.780, 4, 100, 78639
2026/09/14 07:14:49.780, 5, 100, 78639
2026/09/14 07:14:50.281, 4, 99, 78639
2026/09/14 07:14:50.281, 5, 91, 78639
2026/09/14 07:14:50.781, 4, 100, 78639
2026/09/14 07:14:50.781, 5, 100, 78639
2026/09/14 07:14:51.281, 4, 100, 78639
2026/09/14 07:14:51.281, 5, 100, 78639
2026/09/14 07:14:51.781, 4, 93, 78639
2026/09/14 07:14:51.782, 5, 99, 78639
2026/09/14 07:14:52.282, 4, 100, 78639
2026/09/14 07:14:52.282, 5, 100, 78639
2026/09/14 07:14:52.782, 4, 100, 78639
2026/09/14 07:14:52.782, 5, 100, 78639
2026/09/14 07:14:53.282, 4, 99, 78639
2026/09/14 07:14:53.282, 5, 55, 78639
2026/09/14 07:14:53.782, 4, 100, 78639
2026/09/14 07:14:53.783, 5, 100, 78639
2026/09/14 07:14:54.283, 4, 100, 78639
2026/09/14 07:14:54.283, 5, 100, 78639
2026/09/14 07:14:54.783, 4, 91, 78639
2026/09/14 07:14:54.783, 5, 91, 78639
2026/09/14 07:14:55.283, 4, 100, 78639
2026/09/14 07:14:55.283, 5, 100, 78639
2026/09/14 07:14:55.783, 4, 100, 78639
2026/09/14 07:14:55.783, 5, 100, 78639
2026/09/14 07:14:56.284, 4, 99, 78639
2026/09/14 07:14:56.284, 5, 91, 78639
2026/09/14 07:14:56.784, 4, 100, 78639
2026/09/14 07:14:56.784, 5, 100, 78639
2026/09/14 07:14:57.284, 4, 100, 78639
2026/09/14 07:14:57.284, 5, 100, 78639
2026/09/14 07:14:57.784, 4, 57, 78639
2026/09/14 07:14:57.784, 5, 57, 78639
2026/09/14 07:14:58.285, 4, 99, 78639
2026/09/14 07:14:58.285, 5, 99, 78639
2026/09/14 07:14:58.785, 4, 100, 78639
2026/09/14 07:14:58.785, 5, 100, 78639
2026/09/14 07:14:59.285, 4, 100, 78639
2026/09/14 07:14:59.285, 5, 100, 78639
2026/09/14 07:14:59.786, 4, 99, 78639
2026/09/14 07:14:59.786, 5, 100, 78639
2026/09/14 07:15:00.286, 4, 100, 78639
2026/09/14 07:15:00.286, 5, 100, 78639
2026/09/14 07:15:00.786, 4, 100, 78639
2026/09/14 07:15:00.786, 5, 91, 78639
2026/09/14 07:15:01.286, 4, 99, 78639
2026/09/14 07:15:01.287, 5, 99, 78639
2026/09/14 07:15:01.787, 4, 100, 78639
2026/09/14 07:15:01.787, 5, 100, 78639
2026/09/14 07:15:02.287, 4, 100, 78639
2026/09/14 07:15:02.287, 5, 100, 78639
2026/09/14 07:15:02.788, 4, 99, 78639
2026/09/14 07:15:02.788, 5, 100, 78639
2026/09/14 07:15:03.288, 4, 100, 78639
2026/09/14 07:15:03.288, 5, 100, 78639
2026/09/14 07:15:03.788, 4, 100, 78639
2026/09/14 07:15:03.788, 5, 89, 78639
2026/09/14 07:15:04.288, 4, 99, 78639
2026/09/14 07:15:04.288, 5, 99, 78639
2026/09/14 07:15:04.788, 4, 100, 78639
2026/09/14 07:15:04.789, 5, 100, 78639
2026/09/14 07:15:05.289, 4, 100, 78639
2026/09/14 07:15:05.291, 5, 100, 78639
2026/09/14 07:15:05.792, 4, 63, 78639
2026/09/14 07:15:05.792, 5, 99, 78639
2026/09/14 07:15:06.292, 4, 100, 78639
2026/09/14 07:15:06.292, 5, 100, 78639
2026/09/14 07:15:06.792, 4, 100, 78639
2026/09/14 07:15:06.792, 5, 100, 78639
2026/09/14 07:15:07.292, 4, 99, 78639
2026/09/14 07:15:07.292, 5, 99, 78639
2026/09/14 07:15:07.792, 4, 100, 78639
2026/09/14 07:15:07.792, 5, 100, 78639
2026/09/14 07:15:08.293, 4, 100, 78639
2026/09/14 07:15:08.293, 5, 100, 78639
2026/09/14 07:15:08.793, 4, 91, 78639
2026/09/14 07:15:08.793, 5, 99, 78639
2026/09/14 07:15:09.293, 4, 100, 78639
2026/09/14 07:15:09.293, 5, 100, 78639
2026/09/14 07:15:09.793, 4, 100, 78639
2026/09/14 07:15:09.795, 5, 100, 78639
2026/09/14 07:15:10.297, 4, 64, 78639
2026/09/14 07:15:10.297, 5, 71, 78639
2026/09/14 07:15:10.797, 4, 100, 78639
2026/09/14 07:15:10.797, 5, 100, 78639
2026/09/14 07:15:11.299, 4, 100, 78639
2026/09/14 07:15:11.299, 5, 100, 78639
2026/09/14 07:15:11.799, 4, 74, 78639
2026/09/14 07:15:11.799, 5, 81, 78639
2026/09/14 07:15:12.299, 4, 100, 78639
2026/09/14 07:15:12.300, 5, 100, 78639
2026/09/14 07:15:12.800, 4, 100, 78639
2026/09/14 07:15:12.800, 5, 100, 78639
2026/09/14 07:15:13.300, 4, 91, 78639
2026/09/14 07:15:13.300, 5, 91, 78639
2026/09/14 07:15:13.800, 4, 100, 78639
2026/09/14 07:15:13.800, 5, 100, 78639
2026/09/14 07:15:14.301, 4, 100, 78639
2026/09/14 07:15:14.301, 5, 100, 78639
2026/09/14 07:15:14.801, 4, 91, 78639
2026/09/14 07:15:14.801, 5, 91, 78639
2026/09/14 07:15:15.301, 4, 100, 78639
2026/09/14 07:15:15.301, 5, 100, 78639
2026/09/14 07:15:15.801, 4, 100, 78639
2026/09/14 07:15:15.801, 5, 100, 78639
2026/09/14 07:15:16.301, 4, 79, 78639
2026/09/14 07:15:16.302, 5, 74, 78639
2026/09/14 07:15:16.802, 4, 100, 78639
2026/09/14 07:15:16.802, 5, 100, 78639
2026/09/14 07:15:17.303, 4, 100, 78639
2026/09/14 07:15:17.303, 5, 100, 78639
2026/09/14 07:15:17.803, 4, 67, 78639
2026/09/14 07:15:17.806, 5, 64, 78639
2026/09/14 07:15:18.308, 4, 99, 78639
2026/09/14 07:15:18.308, 5, 92, 78639
2026/09/14 07:15:18.809, 4, 100, 78639
2026/09/14 07:15:18.809, 5, 100, 78639
2026/09/14 07:15:19.309, 4, 100, 78639
2026/09/14 07:15:19.309, 5, 100, 78639
2026/09/14 07:15:19.809, 4, 99, 78639
2026/09/14 07:15:19.809, 5, 99, 78639
2026/09/14 07:15:20.309, 4, 100, 78639
2026/09/14 07:15:20.309, 5, 100, 78639
2026/09/14 07:15:20.809, 4, 100, 78639
2026/09/14 07:15:20.809, 5, 100, 78639
2026/09/14 07:15:21.309, 4, 99, 78639
2026/09/14 07:15:21.309, 5, 91, 78639
2026/09/14 07:15:21.810, 4, 100, 78639
2026/09/14 07:15:21.810, 5, 100, 78639
2026/09/14 07:15:22.310, 4, 100, 78639
2026/09/14 07:15:22.310, 5, 100, 78639
2026/09/14 07:15:22.810, 4, 89, 78639
2026/09/14 07:15:22.810, 5, 91, 78639
2026/09/14 07:15:23.310, 4, 100, 78639
2026/09/14 07:15:23.310, 5, 100, 78639
2026/09/14 07:15:23.810, 4, 100, 78639
2026/09/14 07:15:23.811, 5, 100, 78639
2026/09/14 07:15:24.311, 4, 99, 78639
2026/09/14 07:15:24.311, 5, 57, 78639
2026/09/14 07:15:24.811, 4, 100, 78639
2026/09/14 07:15:24.811, 5, 100, 78639
2026/09/14 07:15:25.311, 4, 100, 78639
2026/09/14 07:15:25.312, 5, 100, 78639
2026/09/14 07:15:25.813, 4, 99, 78639
2026/09/14 07:15:25.813, 5, 91, 78639
2026/09/14 07:15:26.313, 4, 100, 78639
2026/09/14 07:15:26.313, 5, 99, 78639
2026/09/14 07:15:26.813, 4, 100, 78639
2026/09/14 07:15:26.813, 5, 100, 78639
2026/09/14 07:15:27.313, 4, 91, 78639
2026/09/14 07:15:27.313, 5, 100, 78639
2026/09/14 07:15:27.813, 4, 100, 78639
2026/09/14 07:15:27.813, 5, 100, 78639
2026/09/14 07:15:28.314, 4, 100, 78639
2026/09/14 07:15:28.314, 5, 100, 78639
2026/09/14 07:15:28.814, 4, 56, 78639
2026/09/14 07:15:28.814, 5, 56, 78639
2026/09/14 07:15:29.314, 4, 99, 78639
2026/09/14 07:15:29.314, 5, 99, 78639
2026/09/14 07:15:29.814, 4, 100, 78639
2026/09/14 07:15:29.816, 5, 100, 78639
2026/09/14 07:15:30.320, 4, 100, 78639
2026/09/14 07:15:30.320, 5, 100, 78639
2026/09/14 07:15:30.820, 4, 99, 78639
2026/09/14 07:15:30.821, 5, 99, 78639
2026/09/14 07:15:31.321, 4, 100, 78639
2026/09/14 07:15:31.321, 5, 100, 78639
2026/09/14 07:15:31.821, 4, 100, 78639
2026/09/14 07:15:31.821, 5, 100, 78639
2026/09/14 07:15:32.321, 4, 99, 78639
2026/09/14 07:15:32.321, 5, 99, 78639
2026/09/14 07:15:32.821, 4, 100, 78639
2026/09/14 07:15:32.823, 5, 100, 78639
2026/09/14 07:15:33.323, 4, 100, 78639
2026/09/14 07:15:33.323, 5, 100, 78639
2026/09/14 07:15:33.823, 4, 99, 78639
2026/09/14 07:15:33.823, 5, 99, 78639
2026/09/14 07:15:34.323, 4, 100, 78639
2026/09/14 07:15:34.323, 5, 100, 78639
2026/09/14 07:15:34.823, 4, 100, 78639
2026/09/14 07:15:34.823, 5, 100, 78639
2026/09/14 07:15:35.324, 4, 9, 78639
2026/09/14 07:15:35.324, 5, 5, 78639
2026/09/14 07:15:35.824, 4, 100, 78639
2026/09/14 07:15:35.825, 5, 100, 78639
2026/09/14 07:15:36.326, 4, 100, 78639
2026/09/14 07:15:36.326, 5, 100, 78639
2026/09/14 07:15:36.826, 4, 47, 78639
2026/09/14 07:15:36.827, 5, 52, 78639
2026/09/14 07:15:37.327, 4, 0, 78639
2026/09/14 07:15:37.327, 5, 0, 78639
2026/09/14 07:15:37.827, 4, 0, 78639
2026/09/14 07:15:37.828, 5, 0, 78639
2026/09/14 07:15:38.329, 4, 0, 78639
2026/09/14 07:15:38.329, 5, 0, 78639
2026/09/14 07:15:38.829, 4, 0, 78639
2026/09/14 07:15:38.829, 5, 0, 78639
2026/09/14 07:15:39.329, 4, 1, 78639
2026/09/14 07:15:39.329, 5, 3, 78639
2026/09/14 07:15:39.829, 4, 3, 78639
2026/09/14 07:15:39.829, 5, 3, 78639
2026/09/14 07:15:40.329, 4, 0, 78639
2026/09/14 07:15:40.330, 5, 0, 78639
2026/09/14 07:15:40.830, 4, 17, 78639
2026/09/14 07:15:40.830, 5, 18, 78639
2026/09/14 07:15:41.330, 4, 0, 78639
2026/09/14 07:15:41.330, 5, 0, 78639
2026/09/14 07:15:41.830, 4, 0, 78639
2026/09/14 07:15:41.830, 5, 0, 78639
2026/09/14 07:15:42.330, 4, 0, 78639
2026/09/14 07:15:42.330, 5, 0, 78639
2026/09/14 07:15:42.831, 4, 0, 78639
2026/09/14 07:15:42.831, 5, 0, 78639
2026/09/14 07:15:43.331, 4, 0, 78639
2026/09/14 07:15:43.331, 5, 0, 78639
2026/09/14 07:15:43.831, 4, 0, 78639
2026/09/14 07:15:43.831, 5, 0, 78639
2026/09/14 07:15:44.331, 4, 0, 78639
2026/09/14 07:15:44.331, 5, 0, 78639
2026/09/14 07:15:44.831, 4, 0, 78639
2026/09/14 07:15:44.831, 5, 0, 78639
2026/09/14 07:15:45.331, 4, 0, 78639
2026/09/14 07:15:45.331, 5, 0, 78639
2026/09/14 07:15:45.832, 4, 0, 78639
2026/09/14 07:15:45.832, 5, 0, 78639
2026/09/14 07:15:46.332, 4, 0, 78639
2026/09/14 07:15:46.332, 5, 0, 78639
2026/09/14 07:15:46.832, 4, 0, 78639
2026/09/14 07:15:46.832, 5, 0, 78639
2026/09/14 07:15:47.332, 4, 0, 78639
2026/09/14 07:15:47.332, 5, 0, 78639
2026/09/14 07:15:47.832, 4, 0, 78639
2026/09/14 07:15:47.833, 5, 0, 78639
2026/09/14 07:15:48.333, 4, 0, 78639
2026/09/14 07:15:48.333, 5, 0, 78639
2026/09/14 07:15:48.833, 4, 0, 78639
2026/09/14 07:15:48.833, 5, 0, 78639
2026/09/14 07:15:49.333, 4, 0, 78639
2026/09/14 07:15:49.333, 5, 0, 78639
2026/09/14 07:15:49.833, 4, 2, 78639
2026/09/14 07:15:49.836, 5, 2, 78639
2026/09/14 07:15:50.340, 4, 0, 78639
2026/09/14 07:15:50.340, 5, 0, 78639
2026/09/14 07:15:50.840, 4, 0, 78639
2026/09/14 07:15:50.841, 5, 0, 78639
2026/09/14 07:15:51.341, 4, 0, 78639
2026/09/14 07:15:51.341, 5, 0, 78639
2026/09/14 07:15:51.842, 4, 30, 78639
2026/09/14 07:15:51.842, 5, 31, 78639
2026/09/14 07:15:52.342, 4, 30, 78639
2026/09/14 07:15:52.343, 5, 30, 78639
2026/09/14 07:15:52.843, 4, 0, 78639
2026/09/14 07:15:52.843, 5, 1, 78639
2026/09/14 07:15:53.344, 4, 0, 78639
2026/09/14 07:15:53.344, 5, 0, 78639
2026/09/14 07:15:53.844, 4, 0, 78639
2026/09/14 07:15:53.844, 5, 0, 78639
2026/09/14 07:15:54.344, 4, 0, 78639
2026/09/14 07:15:54.344, 5, 0, 78639
2026/09/14 07:15:54.844, 4, 0, 78639
2026/09/14 07:15:54.844, 5, 0, 78639
2026/09/14 07:15:55.344, 4, 0, 78639
2026/09/14 07:15:55.344, 5, 0, 78639
2026/09/14 07:15:55.845, 4, 0, 78639
2026/09/14 07:15:55.845, 5, 0, 78639
2026/09/14 07:15:56.345, 4, 0, 78639
2026/09/14 07:15:56.345, 5, 0, 78639
2026/09/14 07:15:56.845, 4, 0, 78639
2026/09/14 07:15:56.845, 5, 0, 78639
2026/09/14 07:15:57.345, 4, 0, 78639
2026/09/14 07:15:57.345, 5, 0, 78639
2026/09/14 07:15:57.845, 4, 0, 78639
2026/09/14 07:15:57.845, 5, 0, 78639
2026/09/14 07:15:58.346, 4, 0, 78639
2026/09/14 07:15:58.346, 5, 0, 78639
2026/09/14 07:15:58.846, 4, 0, 78639
2026/09/14 07:15:58.846, 5, 0, 78639
2026/09/14 07:15:59.346, 4, 0, 78639
2026/09/14 07:15:59.346, 5, 0, 78639
2026/09/14 07:15:59.846, 4, 0, 78639
2026/09/14 07:15:59.846, 5, 0, 78639
2026/09/14 07:16:00.346, 4, 0, 78639
2026/09/14 07:16:00.346, 5, 0, 78639
2026/09/14 07:16:00.846, 4, 0, 78639
2026/09/14 07:16:00.846, 5, 0, 78639
2026/09/14 07:16:01.347, 4, 0, 78639
2026/09/14 07:16:01.347, 5, 0, 78639
2026/09/14 07:16:01.847, 4, 0, 78639
2026/09/14 07:16:01.847, 5, 0, 78639
2026/09/14 07:16:02.347, 4, 0, 78639
2026/09/14 07:16:02.348, 5, 0, 78639
2026/09/14 07:16:02.848, 4, 0, 78639
2026/09/14 07:16:02.848, 5, 0, 78639
2026/09/14 07:16:03.348, 4, 0, 78639
2026/09/14 07:16:03.348, 5, 0, 78639
2026/09/14 07:16:03.848, 4, 0, 78639
2026/09/14 07:16:03.850, 5, 0, 78639
2026/09/14 07:16:04.350, 4, 0, 78639
2026/09/14 07:16:04.351, 5, 0, 78639
2026/09/14 07:16:04.851, 4, 0, 78639
2026/09/14 07:16:04.851, 5, 0, 78639
2026/09/14 07:16:05.351, 4, 0, 78639
2026/09/14 07:16:05.351, 5, 0, 78639
2026/09/14 07:16:05.851, 4, 0, 78639
2026/09/14 07:16:05.851, 5, 0, 78639
2026/09/14 07:16:06.351, 4, 0, 78639
2026/09/14 07:16:06.352, 5, 0, 78639
2026/09/14 07:16:06.852, 4, 0, 78639
2026/09/14 07:16:06.852, 5, 0, 78639
2026/09/14 07:16:07.352, 4, 0, 78639
2026/09/14 07:16:07.353, 5, 0, 78639
2026/09/14 07:16:07.853, 4, 0, 78639
2026/09/14 07:16:07.853, 5, 0, 78639
2026/09/14 07:16:08.354, 4, 0, 78639
2026/09/14 07:16:08.354, 5, 0, 78639
2026/09/14 07:16:08.854, 4, 0, 78639
2026/09/14 07:16:08.854, 5, 0, 78639
2026/09/14 07:16:09.354, 4, 31, 78639
2026/09/14 07:16:09.354, 5, 31, 78639
2026/09/14 07:16:09.855, 4, 0, 78639
2026/09/14 07:16:09.855, 5, 0, 78639
2026/09/14 07:16:10.355, 4, 0, 78639
2026/09/14 07:16:10.357, 5, 0, 78639
2026/09/14 07:16:10.857, 4, 0, 78639
2026/09/14 07:16:10.857, 5, 0, 78639
2026/09/14 07:16:11.357, 4, 0, 78639
2026/09/14 07:16:11.357, 5, 0, 78639
2026/09/14 07:16:11.857, 4, 0, 78639
2026/09/14 07:16:11.857, 5, 0, 78639
2026/09/14 07:16:12.357, 4, 0, 78639
2026/09/14 07:16:12.357, 5, 0, 78639
2026/09/14 07:16:12.858, 4, 0, 78639
2026/09/14 07:16:12.858, 5, 0, 78639
2026/09/14 07:16:13.358, 4, 0, 78639
2026/09/14 07:16:13.358, 5, 0, 78639
2026/09/14 07:16:13.859, 4, 0, 78639
2026/09/14 07:16:13.859, 5, 0, 78639
2026/09/14 07:16:14.359, 4, 0, 78639
2026/09/14 07:16:14.359, 5, 0, 78639
2026/09/14 07:16:14.859, 4, 0, 78639
2026/09/14 07:16:14.859, 5, 0, 78639
2026/09/14 07:16:15.359, 4, 0, 78639
2026/09/14 07:16:15.359, 5, 0, 78639
2026/09/14 07:16:15.860, 4, 0, 78639
2026/09/14 07:16:15.860, 5, 0, 78639
2026/09/14 07:16:16.360, 4, 0, 78639
2026/09/14 07:16:16.360, 5, 0, 78639
2026/09/14 07:16:16.860, 4, 0, 78639
2026/09/14 07:16:16.860, 5, 0, 78639
2026/09/14 07:16:17.360, 4, 0, 78639
2026/09/14 07:16:17.360, 5, 0, 78639
2026/09/14 07:16:17.860, 4, 23, 78639
2026/09/14 07:16:17.860, 5, 23, 78639
2026/09/14 07:16:18.361, 4, 0, 78639
2026/09/14 07:16:18.361, 5, 0, 78639
2026/09/14 07:16:18.861, 4, 0, 78639
2026/09/14 07:16:18.861, 5, 0, 78639
2026/09/14 07:16:19.361, 4, 0, 78639
2026/09/14 07:16:19.361, 5, 0, 78639
2026/09/14 07:16:19.861, 4, 10, 78639
2026/09/14 07:16:19.861, 5, 8, 78639
2026/09/14 07:16:20.361, 4, 0, 78639
2026/09/14 07:16:20.361, 5, 0, 78639
2026/09/14 07:16:20.861, 4, 0, 78639
2026/09/14 07:16:20.861, 5, 0, 78639
2026/09/14 07:16:21.362, 4, 0, 78639
2026/09/14 07:16:21.362, 5, 0, 78639
2026/09/14 07:16:21.862, 4, 9, 78639
2026/09/14 07:16:21.862, 5, 9, 78639
2026/09/14 07:16:22.362, 4, 0, 78639
2026/09/14 07:16:22.363, 5, 0, 78639
2026/09/14 07:16:22.863, 4, 30, 78639
2026/09/14 07:16:22.863, 5, 29, 78639
2026/09/14 07:16:23.363, 4, 9, 78639
2026/09/14 07:16:23.363, 5, 0, 78639
2026/09/14 07:16:23.863, 4, 0, 78639
2026/09/14 07:16:23.863, 5, 0, 78639
2026/09/14 07:16:24.363, 4, 0, 78639
2026/09/14 07:16:24.364, 5, 0, 78639
2026/09/14 07:16:24.864, 4, 0, 78639
2026/09/14 07:16:24.864, 5, 0, 78639
2026/09/14 07:16:25.364, 4, 0, 78639
2026/09/14 07:16:25.364, 5, 0, 78639
2026/09/14 07:16:25.864, 4, 0, 78639
2026/09/14 07:16:25.864, 5, 0, 78639
2026/09/14 07:16:26.364, 4, 0, 78639
2026/09/14 07:16:26.364, 5, 0, 78639
2026/09/14 07:16:26.865, 4, 0, 78639
2026/09/14 07:16:26.865, 5, 0, 78639
2026/09/14 07:16:27.365, 4, 0, 78639
2026/09/14 07:16:27.365, 5, 0, 78639
2026/09/14 07:16:27.865, 4, 0, 78639
2026/09/14 07:16:27.865, 5, 0, 78639
2026/09/14 07:16:28.365, 4, 0, 78639
2026/09/14 07:16:28.365, 5, 0, 78639
2026/09/14 07:16:28.865, 4, 0, 78639
2026/09/14 07:16:28.869, 5, 0, 78639
2026/09/14 07:16:29.369, 4, 0, 78639
2026/09/14 07:16:29.369, 5, 0, 78639
2026/09/14 07:16:29.869, 4, 0, 78639
2026/09/14 07:16:29.869, 5, 0, 78639
2026/09/14 07:16:30.369, 4, 0, 78639
2026/09/14 07:16:30.369, 5, 12, 78639
2026/09/14 07:16:30.869, 4, 0, 78639
2026/09/14 07:16:30.869, 5, 0, 78639
2026/09/14 07:16:31.369, 4, 0, 78639
2026/09/14 07:16:31.370, 5, 6, 78639
2026/09/14 07:16:31.870, 4, 0, 78639
2026/09/14 07:16:31.870, 5, 0, 78639
2026/09/14 07:16:32.370, 4, 2, 78639
2026/09/14 07:16:32.370, 5, 12, 78639
2026/09/14 07:16:32.871, 4, 0, 78639
2026/09/14 07:16:32.893, 5, 0, 78639
2026/09/14 07:16:33.398, 4, 0, 78639
2026/09/14 07:16:33.398, 5, 6, 78639
2026/09/14 07:16:33.898, 4, 0, 78639
2026/09/14 07:16:33.898, 5, 0, 78639
2026/09/14 07:16:34.398, 4, 30, 78639
2026/09/14 07:16:34.398, 5, 30, 78639
2026/09/14 07:16:34.899, 4, 18, 78639
2026/09/14 07:16:34.899, 5, 21, 78639
2026/09/14 07:16:35.399, 4, 0, 78639
2026/09/14 07:16:35.399, 5, 0, 78639
2026/09/14 07:16:35.899, 4, 0, 78639
2026/09/14 07:16:35.899, 5, 0, 78639
2026/09/14 07:16:36.399, 4, 0, 78639
2026/09/14 07:16:36.399, 5, 0, 78639
2026/09/14 07:16:36.899, 4, 0, 78639
2026/09/14 07:16:36.900, 5, 0, 78639
2026/09/14 07:16:37.400, 4, 0, 78639
2026/09/14 07:16:37.400, 5, 0, 78639
2026/09/14 07:16:37.900, 4, 0, 78639
2026/09/14 07:16:37.900, 5, 0, 78639
2026/09/14 07:16:38.400, 4, 0, 78639
2026/09/14 07:16:38.400, 5, 0, 78639
2026/09/14 07:16:38.900, 4, 0, 78639
2026/09/14 07:16:38.901, 5, 0, 78639
2026/09/14 07:16:39.401, 4, 0, 78639
2026/09/14 07:16:39.401, 5, 0, 78639
2026/09/14 07:16:39.901, 4, 0, 78639
2026/09/14 07:16:39.901, 5, 0, 78639
2026/09/14 07:16:40.401, 4, 0, 78639
2026/09/14 07:16:40.401, 5, 0, 78639
2026/09/14 07:16:40.901, 4, 0, 78639
2026/09/14 07:16:40.901, 5, 0, 78639
2026/09/14 07:16:41.402, 4, 0, 78639
2026/09/14 07:16:41.402, 5, 0, 78639
2026/09/14 07:16:41.902, 4, 0, 78639
2026/09/14 07:16:41.902, 5, 0, 78639
2026/09/14 07:16:42.402, 4, 0, 78639
2026/09/14 07:16:42.403, 5, 0, 78639
2026/09/14 07:16:42.904, 4, 0, 78639
2026/09/14 07:16:42.904, 5, 0, 78639
2026/09/14 07:16:43.404, 4, 0, 78639
2026/09/14 07:16:43.404, 5, 0, 78639
2026/09/14 07:16:43.904, 4, 0, 78639
2026/09/14 07:16:43.905, 5, 0, 78639
2026/09/14 07:16:44.405, 4, 0, 78639
2026/09/14 07:16:44.405, 5, 0, 78639
2026/09/14 07:16:44.905, 4, 0, 78639
2026/09/14 07:16:44.905, 5, 0, 78639
2026/09/14 07:16:45.406, 4, 0, 78639
2026/09/14 07:16:45.406, 5, 0, 78639
2026/09/14 07:16:45.906, 4, 0, 78639
2026/09/14 07:16:45.906, 5, 0, 78639
2026/09/14 07:16:46.406, 4, 0, 78639
2026/09/14 07:16:46.406, 5, 0, 78639
2026/09/14 07:16:46.906, 4, 0, 78639
2026/09/14 07:16:46.907, 5, 0, 78639
2026/09/14 07:16:47.407, 4, 0, 78639
2026/09/14 07:16:47.407, 5, 0, 78639
2026/09/14 07:16:47.908, 4, 0, 78639
2026/09/14 07:16:47.908, 5, 0, 78639
2026/09/14 07:16:48.409, 4, 0, 78639
2026/09/14 07:16:48.409, 5, 0, 78639
2026/09/14 07:16:48.909, 4, 0, 78639
2026/09/14 07:16:48.909, 5, 0, 78639
2026/09/14 07:16:49.409, 4, 0, 78639
2026/09/14 07:16:49.409, 5, 0, 78639
2026/09/14 07:16:49.909, 4, 0, 78639
2026/09/14 07:16:49.910, 5, 0, 78639
2026/09/14 07:16:50.410, 4, 0, 78639
2026/09/14 07:16:50.410, 5, 0, 78639
2026/09/14 07:16:50.910, 4, 0, 78639
2026/09/14 07:16:50.910, 5, 0, 78639
2026/09/14 07:16:51.410, 4, 10, 78639
2026/09/14 07:16:51.411, 5, 9, 78639
2026/09/14 07:16:51.911, 4, 24, 78639
2026/09/14 07:16:51.911, 5, 16, 78639
2026/09/14 07:16:52.411, 4, 0, 78639
2026/09/14 07:16:52.411, 5, 0, 78639
2026/09/14 07:16:52.912, 4, 0, 78639
2026/09/14 07:16:52.912, 5, 0, 78639
2026/09/14 07:16:53.412, 4, 0, 78639
2026/09/14 07:16:53.413, 5, 0, 78639
2026/09/14 07:16:53.913, 4, 0, 78639
2026/09/14 07:16:53.913, 5, 0, 78639
2026/09/14 07:16:54.413, 4, 0, 78639
2026/09/14 07:16:54.413, 5, 0, 78639
2026/09/14 07:16:54.913, 4, 0, 78639
2026/09/14 07:16:54.913, 5, 0, 78639
2026/09/14 07:16:55.413, 4, 0, 78639
2026/09/14 07:16:55.413, 5, 0, 78639
2026/09/14 07:16:55.914, 4, 0, 78639
2026/09/14 07:16:55.914, 5, 0, 78639
2026/09/14 07:16:56.415, 4, 0, 78639
2026/09/14 07:16:56.415, 5, 0, 78639
2026/09/14 07:16:56.916, 4, 0, 78639
2026/09/14 07:16:56.916, 5, 0, 78639
2026/09/14 07:16:57.416, 4, 0, 78639
2026/09/14 07:16:57.416, 5, 0, 78639
2026/09/14 07:16:57.916, 4, 0, 78639
2026/09/14 07:16:57.916, 5, 0, 78639
2026/09/14 07:16:58.417, 4, 0, 78639
2026/09/14 07:16:58.417, 5, 0, 78639
2026/09/14 07:16:58.917, 4, 0, 78639
2026/09/14 07:16:58.917, 5, 0, 78639
2026/09/14 07:16:59.417, 4, 0, 78639
2026/09/14 07:16:59.418, 5, 0, 78639
2026/09/14 07:16:59.918, 4, 0, 78639
2026/09/14 07:16:59.918, 5, 0, 78639
2026/09/14 07:17:00.418, 4, 0, 78639
2026/09/14 07:17:00.418, 5, 0, 78639
2026/09/14 07:17:00.918, 4, 0, 78639
2026/09/14 07:17:00.918, 5, 0, 78639
2026/09/14 07:17:01.418, 4, 0, 78639
2026/09/14 07:17:01.419, 5, 0, 78639
2026/09/14 07:17:01.919, 4, 0, 78639
2026/09/14 07:17:01.919, 5, 0, 78639
2026/09/14 07:17:02.420, 4, 12, 78639
2026/09/14 07:17:02.420, 5, 12, 78639
2026/09/14 07:17:02.920, 4, 0, 78639
2026/09/14 07:17:02.920, 5, 0, 78639
2026/09/14 07:17:03.420, 4, 9, 78639
2026/09/14 07:17:03.420, 5, 9, 78639
2026/09/14 07:17:03.920, 4, 0, 78639
2026/09/14 07:17:03.920, 5, 0, 78639
2026/09/14 07:17:04.420, 4, 0, 78639
2026/09/14 07:17:04.421, 5, 0, 78639
2026/09/14 07:17:04.921, 4, 0, 78639
2026/09/14 07:17:04.921, 5, 0, 78639
2026/09/14 07:17:05.422, 4, 30, 78639
2026/09/14 07:17:05.422, 5, 30, 78639
2026/09/14 07:17:05.922, 4, 0, 78639
2026/09/14 07:17:05.922, 5, 0, 78639
2026/09/14 07:17:06.422, 4, 0, 78639
2026/09/14 07:17:06.422, 5, 0, 78639
2026/09/14 07:17:06.923, 4, 0, 78639
2026/09/14 07:17:06.923, 5, 0, 78639
2026/09/14 07:17:07.423, 4, 0, 78639
2026/09/14 07:17:07.423, 5, 0, 78639
2026/09/14 07:17:07.923, 4, 0, 78639
2026/09/14 07:17:07.923, 5, 0, 78639
2026/09/14 07:17:08.424, 4, 0, 78639
2026/09/14 07:17:08.424, 5, 0, 78639
2026/09/14 07:17:08.924, 4, 0, 78639
2026/09/14 07:17:08.924, 5, 0, 78639
2026/09/14 07:17:09.424, 4, 0, 78639
2026/09/14 07:17:09.424, 5, 0, 78639
2026/09/14 07:17:09.924, 4, 0, 78639
2026/09/14 07:17:09.924, 5, 0, 78639
2026/09/14 07:17:10.424, 4, 0, 78639
2026/09/14 07:17:10.424, 5, 0, 78639
2026/09/14 07:17:10.924, 4, 0, 78639
2026/09/14 07:17:10.925, 5, 0, 78639
2026/09/14 07:17:11.426, 4, 0, 78639
2026/09/14 07:17:11.426, 5, 0, 78639
2026/09/14 07:17:11.927, 4, 0, 78639
2026/09/14 07:17:11.927, 5, 0, 78639
2026/09/14 07:17:12.427, 4, 0, 78639
2026/09/14 07:17:12.427, 5, 0, 78639
2026/09/14 07:17:12.927, 4, 12, 78639
2026/09/14 07:17:12.927, 5, 12, 78639
2026/09/14 07:17:13.427, 4, 0, 78639
2026/09/14 07:17:13.427, 5, 0, 78639
2026/09/14 07:17:13.927, 4, 6, 78639
2026/09/14 07:17:13.927, 5, 6, 78639
2026/09/14 07:17:14.428, 4, 3, 78639
2026/09/14 07:17:14.428, 5, 3, 78639
2026/09/14 07:17:14.928, 4, 11, 78639
2026/09/14 07:17:14.928, 5, 11, 78639
2026/09/14 07:17:15.428, 4, 0, 78639
2026/09/14 07:17:15.428, 5, 0, 78639
2026/09/14 07:17:15.928, 4, 6, 78639
2026/09/14 07:17:15.928, 5, 6, 78639
2026/09/14 07:17:16.428, 4, 21, 78639
2026/09/14 07:17:16.429, 5, 16, 78639
2026/09/14 07:17:16.929, 4, 18, 78639
2026/09/14 07:17:16.929, 5, 16, 78639
2026/09/14 07:17:17.430, 4, 18, 78639
2026/09/14 07:17:17.430, 5, 16, 78639
2026/09/14 07:17:17.930, 4, 0, 78639
2026/09/14 07:17:17.930, 5, 0, 78639
2026/09/14 07:17:18.430, 4, 0, 78639
2026/09/14 07:17:18.430, 5, 0, 78639
2026/09/14 07:17:18.930, 4, 0, 78639
2026/09/14 07:17:18.930, 5, 0, 78639
2026/09/14 07:17:19.431, 4, 0, 78639
2026/09/14 07:17:19.431, 5, 0, 78639
2026/09/14 07:17:19.931, 4, 0, 78639
2026/09/14 07:17:19.931, 5, 0, 78639
2026/09/14 07:17:20.432, 4, 0, 78639
2026/09/14 07:17:20.432, 5, 0, 78639
2026/09/14 07:17:20.932, 4, 0, 78639
2026/09/14 07:17:20.932, 5, 0, 78639
2026/09/14 07:17:21.432, 4, 0, 78639
2026/09/14 07:17:21.432, 5, 0, 78639
2026/09/14 07:17:21.932, 4, 0, 78639
2026/09/14 07:17:21.933, 5, 0, 78639
2026/09/14 07:17:22.433, 4, 0, 78639
2026/09/14 07:17:22.433, 5, 0, 78639
2026/09/14 07:17:22.933, 4, 0, 78639
2026/09/14 07:17:22.933, 5, 0, 78639
2026/09/14 07:17:23.433, 4, 0, 78639
2026/09/14 07:17:23.433, 5, 0, 78639
2026/09/14 07:17:23.933, 4, 0, 78639
2026/09/14 07:17:23.933, 5, 0, 78639
2026/09/14 07:17:24.433, 4, 0, 78639
2026/09/14 07:17:24.433, 5, 0, 78639
2026/09/14 07:17:24.934, 4, 0, 78639
2026/09/14 07:17:24.934, 5, 0, 78639
2026/09/14 07:17:25.434, 4, 0, 78639
2026/09/14 07:17:25.434, 5, 0, 78639
2026/09/14 07:17:25.934, 4, 0, 78639
2026/09/14 07:17:25.934, 5, 0, 78639
2026/09/14 07:17:26.434, 4, 0, 78639
2026/09/14 07:17:26.434, 5, 0, 78639
2026/09/14 07:17:26.934, 4, 0, 78639
2026/09/14 07:17:26.934, 5, 0, 78639
2026/09/14 07:17:27.434, 4, 0, 78639
2026/09/14 07:17:27.434, 5, 0, 78639
2026/09/14 07:17:27.935, 4, 0, 78639
2026/09/14 07:17:27.935, 5, 0, 78639
2026/09/14 07:17:28.435, 4, 0, 78639
2026/09/14 07:17:28.435, 5, 0, 78639
2026/09/14 07:17:28.935, 4, 0, 78639
2026/09/14 07:17:28.935, 5, 0, 78639
2026/09/14 07:17:29.435, 4, 0, 78639
2026/09/14 07:17:29.435, 5, 0, 78639
2026/09/14 07:17:29.935, 4, 0, 78639
2026/09/14 07:17:29.935, 5, 0, 78639
2026/09/14 07:17:30.435, 4, 0, 78639
2026/09/14 07:17:30.436, 5, 0, 78639
2026/09/14 07:17:30.936, 4, 0, 78639
2026/09/14 07:17:30.936, 5, 0, 78639
2026/09/14 07:17:31.436, 4, 0, 78639
2026/09/14 07:17:31.436, 5, 0, 78639
2026/09/14 07:17:31.936, 4, 0, 78639
2026/09/14 07:17:31.939, 5, 0, 78639
2026/09/14 07:17:32.440, 4, 0, 78639
2026/09/14 07:17:32.441, 5, 0, 78639
2026/09/14 07:17:32.941, 4, 0, 78639
2026/09/14 07:17:32.941, 5, 0, 78639
2026/09/14 07:17:33.442, 4, 0, 78639
2026/09/14 07:17:33.442, 5, 0, 78639
2026/09/14 07:17:33.942, 4, 30, 78639
2026/09/14 07:17:33.942, 5, 10, 78639
2026/09/14 07:17:34.442, 4, 0, 78639
2026/09/14 07:17:34.442, 5, 18, 78639
2026/09/14 07:17:34.942, 4, 0, 78639
2026/09/14 07:17:34.943, 5, 0, 78639
2026/09/14 07:17:35.445, 4, 0, 78639
2026/09/14 07:17:35.446, 5, 0, 78639
2026/09/14 07:17:35.946, 4, 0, 78639
2026/09/14 07:17:35.947, 5, 0, 78639
2026/09/14 07:17:36.447, 4, 0, 78639
2026/09/14 07:17:36.447, 5, 0, 78639
2026/09/14 07:17:36.947, 4, 0, 78639
2026/09/14 07:17:36.947, 5, 0, 78639
2026/09/14 07:17:37.447, 4, 0, 78639
2026/09/14 07:17:37.448, 5, 0, 78639
2026/09/14 07:17:37.948, 4, 0, 78639
2026/09/14 07:17:37.948, 5, 0, 78639
2026/09/14 07:17:38.448, 4, 0, 78639
2026/09/14 07:17:38.448, 5, 0, 78639
2026/09/14 07:17:38.948, 4, 0, 78639
2026/09/14 07:17:38.948, 5, 0, 78639
2026/09/14 07:17:39.448, 4, 0, 78639
2026/09/14 07:17:39.448, 5, 0, 78639
2026/09/14 07:17:39.949, 4, 0, 78639
2026/09/14 07:17:39.949, 5, 0, 78639
2026/09/14 07:17:40.449, 4, 0, 78639
2026/09/14 07:17:40.449, 5, 0, 78639
2026/09/14 07:17:40.949, 4, 0, 78639
2026/09/14 07:17:40.949, 5, 0, 78639
2026/09/14 07:17:41.450, 4, 0, 78639
2026/09/14 07:17:41.450, 5, 0, 78639
2026/09/14 07:17:41.950, 4, 0, 78639
2026/09/14 07:17:41.950, 5, 0, 78639
2026/09/14 07:17:42.451, 4, 0, 78639
2026/09/14 07:17:42.452, 5, 0, 78639
2026/09/14 07:17:42.952, 4, 0, 78639
2026/09/14 07:17:42.952, 5, 0, 78639
2026/09/14 07:17:43.452, 4, 0, 78639
2026/09/14 07:17:43.453, 5, 0, 78639
2026/09/14 07:17:43.953, 4, 0, 78639
2026/09/14 07:17:43.953, 5, 0, 78639
2026/09/14 07:17:44.454, 4, 0, 78639
2026/09/14 07:17:44.454, 5, 0, 78639
2026/09/14 07:17:44.954, 4, 3, 78639
2026/09/14 07:17:44.954, 5, 11, 78639
2026/09/14 07:17:45.454, 4, 0, 78639
2026/09/14 07:17:45.454, 5, 0, 78639
2026/09/14 07:17:45.954, 4, 9, 78639
2026/09/14 07:17:45.954, 5, 9, 78639
2026/09/14 07:17:46.455, 4, 0, 78639
2026/09/14 07:17:46.455, 5, 0, 78639
2026/09/14 07:17:46.956, 4, 0, 78639
2026/09/14 07:17:46.956, 5, 0, 78639
2026/09/14 07:17:47.456, 4, 1, 78639
2026/09/14 07:17:47.456, 5, 1, 78639
2026/09/14 07:17:47.956, 4, 0, 78639
2026/09/14 07:17:47.956, 5, 0, 78639
2026/09/14 07:17:48.456, 4, 0, 78639
2026/09/14 07:17:48.456, 5, 0, 78639
2026/09/14 07:17:48.957, 4, 0, 78639
2026/09/14 07:17:48.957, 5, 0, 78639
2026/09/14 07:17:49.465, 4, 0, 78639
2026/09/14 07:17:49.465, 5, 0, 78639
2026/09/14 07:17:49.965, 4, 3, 78639
2026/09/14 07:17:49.966, 5, 0, 78639
2026/09/14 07:17:50.467, 4, 3, 78639
2026/09/14 07:17:50.467, 5, 3, 78639
2026/09/14 07:17:50.967, 4, 3, 78639
2026/09/14 07:17:50.967, 5, 11, 78639
2026/09/14 07:17:51.467, 4, 28, 78639
2026/09/14 07:17:51.467, 5, 29, 78639
2026/09/14 07:17:51.968, 4, 0, 78639
2026/09/14 07:17:51.968, 5, 0, 78639
2026/09/14 07:17:52.468, 4, 0, 78639
2026/09/14 07:17:52.468, 5, 0, 78639
2026/09/14 07:17:52.968, 4, 0, 78639
2026/09/14 07:17:52.968, 5, 0, 78639
2026/09/14 07:17:53.468, 4, 0, 78639
2026/09/14 07:17:53.468, 5, 0, 78639
2026/09/14 07:17:53.968, 4, 0, 78639
2026/09/14 07:17:53.969, 5, 0, 78639
2026/09/14 07:17:54.469, 4, 0, 78639
2026/09/14 07:17:54.469, 5, 0, 78639
2026/09/14 07:17:54.969, 4, 0, 78639
2026/09/14 07:17:54.969, 5, 0, 78639
2026/09/14 07:17:55.469, 4, 0, 78639
2026/09/14 07:17:55.469, 5, 0, 78639
2026/09/14 07:17:55.969, 4, 0, 78639
2026/09/14 07:17:55.969, 5, 0, 78639
2026/09/14 07:17:56.470, 4, 0, 78639
2026/09/14 07:17:56.470, 5, 0, 78639
2026/09/14 07:17:56.970, 4, 0, 78639
2026/09/14 07:17:56.970, 5, 0, 78639
2026/09/14 07:17:57.470, 4, 0, 78639
2026/09/14 07:17:57.470, 5, 0, 78639
2026/09/14 07:17:57.970, 4, 0, 78639
2026/09/14 07:17:57.970, 5, 0, 78639
2026/09/14 07:17:58.470, 4, 0, 78639
2026/09/14 07:17:58.470, 5, 0, 78639
2026/09/14 07:17:58.970, 4, 0, 78639
2026/09/14 07:17:58.971, 5, 0, 78639
2026/09/14 07:17:59.471, 4, 0, 78639
2026/09/14 07:17:59.471, 5, 0, 78639
2026/09/14 07:17:59.971, 4, 0, 78639
2026/09/14 07:17:59.971, 5, 0, 78639
2026/09/14 07:18:00.471, 4, 0, 78639
2026/09/14 07:18:00.472, 5, 0, 78639
2026/09/14 07:18:00.973, 4, 1, 78639
2026/09/14 07:18:00.973, 5, 0, 78639
2026/09/14 07:18:01.473, 4, 0, 78639
2026/09/14 07:18:01.475, 5, 0, 78639
2026/09/14 07:18:01.975, 4, 6, 78639
2026/09/14 07:18:01.975, 5, 0, 78639
2026/09/14 07:18:02.475, 4, 30, 78639
2026/09/14 07:18:02.475, 5, 30, 78639
2026/09/14 07:18:02.975, 4, 27, 78639
2026/09/14 07:18:02.975, 5, 25, 78639
2026/09/14 07:18:03.475, 4, 7, 78639
2026/09/14 07:18:03.476, 5, 8, 78639
2026/09/14 07:18:03.976, 4, 0, 78639
2026/09/14 07:18:03.976, 5, 0, 78639
2026/09/14 07:18:04.476, 4, 0, 78639
2026/09/14 07:18:04.476, 5, 0, 78639
2026/09/14 07:18:04.976, 4, 0, 78639
2026/09/14 07:18:04.976, 5, 0, 78639
2026/09/14 07:18:05.476, 4, 0, 78639
2026/09/14 07:18:05.476, 5, 0, 78639
2026/09/14 07:18:05.976, 4, 0, 78639
2026/09/14 07:18:05.977, 5, 0, 78639
2026/09/14 07:18:06.477, 4, 0, 78639
2026/09/14 07:18:06.477, 5, 0, 78639
2026/09/14 07:18:06.977, 4, 0, 78639
2026/09/14 07:18:06.978, 5, 0, 78639
2026/09/14 07:18:07.478, 4, 0, 78639
2026/09/14 07:18:07.478, 5, 0, 78639
2026/09/14 07:18:07.978, 4, 0, 78639
2026/09/14 07:18:07.978, 5, 0, 78639
2026/09/14 07:18:08.478, 4, 0, 78639
2026/09/14 07:18:08.478, 5, 0, 78639
2026/09/14 07:18:08.978, 4, 0, 78639
2026/09/14 07:18:08.978, 5, 0, 78639
2026/09/14 07:18:09.478, 4, 0, 78639
2026/09/14 07:18:09.479, 5, 0, 78639
2026/09/14 07:18:09.979, 4, 0, 78639
2026/09/14 07:18:09.979, 5, 0, 78639
2026/09/14 07:18:10.479, 4, 0, 78639
2026/09/14 07:18:10.479, 5, 0, 78639
2026/09/14 07:18:10.979, 4, 0, 78639
2026/09/14 07:18:10.979, 5, 0, 78639
2026/09/14 07:18:11.479, 4, 0, 78639
2026/09/14 07:18:11.479, 5, 0, 78639
2026/09/14 07:18:11.979, 4, 0, 78639
2026/09/14 07:18:11.979, 5, 0, 78639
2026/09/14 07:18:12.480, 4, 0, 78639
2026/09/14 07:18:12.480, 5, 0, 78639
2026/09/14 07:18:12.981, 4, 0, 78639
2026/09/14 07:18:12.981, 5, 0, 78639
2026/09/14 07:18:13.481, 4, 0, 78639
2026/09/14 07:18:13.481, 5, 0, 78639
2026/09/14 07:18:13.981, 4, 0, 78639
2026/09/14 07:18:13.981, 5, 0, 78639
2026/09/14 07:18:14.481, 4, 0, 78639
2026/09/14 07:18:14.481, 5, 0, 78639
2026/09/14 07:18:14.981, 4, 0, 78639
2026/09/14 07:18:14.981, 5, 0, 78639
2026/09/14 07:18:15.481, 4, 0, 78639
2026/09/14 07:18:15.482, 5, 0, 78639
2026/09/14 07:18:15.982, 4, 0, 78639
2026/09/14 07:18:15.982, 5, 0, 78639
2026/09/14 07:18:16.482, 4, 0, 78639
2026/09/14 07:18:16.482, 5, 0, 78639
2026/09/14 07:18:16.982, 4, 0, 78639
2026/09/14 07:18:16.983, 5, 0, 78639
2026/09/14 07:18:17.483, 4, 0, 78639
2026/09/14 07:18:17.484, 5, 0, 78639
2026/09/14 07:18:17.984, 4, 0, 78639
2026/09/14 07:18:17.984, 5, 0, 78639
2026/09/14 07:18:18.484, 4, 0, 78639
2026/09/14 07:18:18.484, 5, 0, 78639
2026/09/14 07:18:18.984, 4, 0, 78639
2026/09/14 07:18:18.984, 5, 0, 78639
2026/09/14 07:18:19.485, 4, 10, 78639
2026/09/14 07:18:19.485, 5, 0, 78639
2026/09/14 07:18:19.985, 4, 30, 78639
2026/09/14 07:18:19.985, 5, 31, 78639
2026/09/14 07:18:20.485, 4, 0, 78639
2026/09/14 07:18:20.485, 5, 0, 78639
2026/09/14 07:18:20.985, 4, 0, 78639
2026/09/14 07:18:20.986, 5, 0, 78639
2026/09/14 07:18:21.486, 4, 0, 78639
2026/09/14 07:18:21.486, 5, 0, 78639
2026/09/14 07:18:21.986, 4, 0, 78639
2026/09/14 07:18:21.987, 5, 0, 78639
2026/09/14 07:18:22.487, 4, 0, 78639
2026/09/14 07:18:22.487, 5, 0, 78639
2026/09/14 07:18:22.987, 4, 0, 78639
2026/09/14 07:18:22.987, 5, 0, 78639
2026/09/14 07:18:23.488, 4, 0, 78639
2026/09/14 07:18:23.488, 5, 0, 78639
2026/09/14 07:18:23.988, 4, 0, 78639
2026/09/14 07:18:23.988, 5, 0, 78639
2026/09/14 07:18:24.488, 4, 0, 78639
2026/09/14 07:18:24.488, 5, 0, 78639
2026/09/14 07:18:24.988, 4, 0, 78639
2026/09/14 07:18:24.988, 5, 0, 78639
2026/09/14 07:18:25.488, 4, 0, 78639
2026/09/14 07:18:25.488, 5, 0, 78639
2026/09/14 07:18:25.988, 4, 0, 78639
2026/09/14 07:18:25.989, 5, 0, 78639
2026/09/14 07:18:26.489, 4, 0, 78639
2026/09/14 07:18:26.489, 5, 0, 78639
2026/09/14 07:18:26.989, 4, 0, 78639
2026/09/14 07:18:26.989, 5, 0, 78639
2026/09/14 07:18:27.489, 4, 0, 78639
2026/09/14 07:18:27.489, 5, 0, 78639
2026/09/14 07:18:27.989, 4, 0, 78639
2026/09/14 07:18:27.989, 5, 0, 78639
2026/09/14 07:18:28.490, 4, 21, 78639
2026/09/14 07:18:28.490, 5, 21, 78639
2026/09/14 07:18:28.991, 4, 0, 78639
2026/09/14 07:18:28.991, 5, 0, 78639
2026/09/14 07:18:29.491, 4, 0, 78639
2026/09/14 07:18:29.491, 5, 0, 78639
2026/09/14 07:18:29.991, 4, 0, 78639
2026/09/14 07:18:29.992, 5, 0, 78639
2026/09/14 07:18:30.492, 4, 0, 78639
2026/09/14 07:18:30.492, 5, 0, 78639
2026/09/14 07:18:30.992, 4, 0, 78639
2026/09/14 07:18:30.992, 5, 0, 78639
2026/09/14 07:18:31.492, 4, 0, 78639
2026/09/14 07:18:31.492, 5, 0, 78639
2026/09/14 07:18:31.992, 4, 0, 78639
2026/09/14 07:18:31.992, 5, 0, 78639
2026/09/14 07:18:32.492, 4, 9, 78639
2026/09/14 07:18:32.494, 5, 9, 78639
2026/09/14 07:18:32.994, 4, 0, 78639
2026/09/14 07:18:32.994, 5, 0, 78639
2026/09/14 07:18:33.494, 4, 66, 78639
2026/09/14 07:18:33.494, 5, 59, 78639
2026/09/14 07:18:33.994, 4, 100, 78639
2026/09/14 07:18:33.994, 5, 100, 78639
2026/09/14 07:18:34.494, 4, 100, 78639
2026/09/14 07:18:34.494, 5, 100, 78639
2026/09/14 07:18:34.995, 4, 90, 78639
2026/09/14 07:18:34.995, 5, 99, 78639
2026/09/14 07:18:35.495, 4, 100, 78639
2026/09/14 07:18:35.495, 5, 100, 78639
2026/09/14 07:18:35.995, 4, 100, 78639
2026/09/14 07:18:35.995, 5, 100, 78639
2026/09/14 07:18:36.496, 4, 91, 78639
2026/09/14 07:18:36.496, 5, 91, 78639
2026/09/14 07:18:36.996, 4, 100, 78639
2026/09/14 07:18:36.996, 5, 100, 78639
2026/09/14 07:18:37.496, 4, 100, 78639
2026/09/14 07:18:37.496, 5, 100, 78639
2026/09/14 07:18:37.997, 4, 71, 78639
2026/09/14 07:18:37.997, 5, 70, 78639
2026/09/14 07:18:38.498, 4, 100, 78639
2026/09/14 07:18:38.498, 5, 100, 78639
2026/09/14 07:18:38.998, 4, 100, 78639
2026/09/14 07:18:38.998, 5, 100, 78639
2026/09/14 07:18:39.498, 4, 60, 78639
2026/09/14 07:18:39.498, 5, 70, 78639
2026/09/14 07:18:39.998, 4, 99, 78639
2026/09/14 07:18:39.998, 5, 100, 78639
2026/09/14 07:18:40.499, 4, 100, 78639
2026/09/14 07:18:40.499, 5, 100, 78639
2026/09/14 07:18:40.999, 4, 100, 78639
2026/09/14 07:18:40.999, 5, 91, 78639
2026/09/14 07:18:41.499, 4, 99, 78639
2026/09/14 07:18:41.500, 5, 99, 78639
2026/09/14 07:18:42.000, 4, 100, 78639
2026/09/14 07:18:42.000, 5, 100, 78639
2026/09/14 07:18:42.500, 4, 99, 78639
2026/09/14 07:18:42.500, 5, 100, 78639
2026/09/14 07:18:43.000, 4, 99, 78639
2026/09/14 07:18:43.001, 5, 100, 78639
2026/09/14 07:18:43.502, 4, 100, 78639
2026/09/14 07:18:43.502, 5, 100, 78639
2026/09/14 07:18:44.002, 4, 100, 78639
2026/09/14 07:18:44.002, 5, 61, 78639
2026/09/14 07:18:44.502, 4, 99, 78639
2026/09/14 07:18:44.502, 5, 99, 78639
2026/09/14 07:18:45.002, 4, 100, 78639
2026/09/14 07:18:45.003, 5, 100, 78639
2026/09/14 07:18:45.503, 4, 100, 78639
2026/09/14 07:18:45.503, 5, 100, 78639
2026/09/14 07:18:46.003, 4, 99, 78639
2026/09/14 07:18:46.003, 5, 99, 78639
2026/09/14 07:18:46.504, 4, 100, 78639
2026/09/14 07:18:46.504, 5, 100, 78639
2026/09/14 07:18:47.004, 4, 100, 78639
2026/09/14 07:18:47.005, 5, 100, 78639
2026/09/14 07:18:47.505, 4, 99, 78639
2026/09/14 07:18:47.505, 5, 99, 78639
2026/09/14 07:18:48.005, 4, 100, 78639
2026/09/14 07:18:48.005, 5, 100, 78639
2026/09/14 07:18:48.506, 4, 100, 78639
2026/09/14 07:18:48.506, 5, 100, 78639
2026/09/14 07:18:49.006, 4, 99, 78639
2026/09/14 07:18:49.006, 5, 99, 78639
2026/09/14 07:18:49.506, 4, 100, 78639
2026/09/14 07:18:49.506, 5, 100, 78639
2026/09/14 07:18:50.006, 4, 100, 78639
2026/09/14 07:18:50.006, 5, 100, 78639
2026/09/14 07:18:50.507, 4, 99, 78639
2026/09/14 07:18:50.507, 5, 99, 78639
2026/09/14 07:18:51.007, 4, 100, 78639
2026/09/14 07:18:51.007, 5, 100, 78639
2026/09/14 07:18:51.507, 4, 100, 78639
2026/09/14 07:18:51.507, 5, 100, 78639
2026/09/14 07:18:52.007, 4, 49, 78639
2026/09/14 07:18:52.007, 5, 49, 78639
2026/09/14 07:18:52.508, 4, 100, 78639
2026/09/14 07:18:52.508, 5, 99, 78639
2026/09/14 07:18:53.008, 4, 100, 78639
2026/09/14 07:18:53.008, 5, 100, 78639
2026/09/14 07:18:53.509, 4, 94, 78639
2026/09/14 07:18:53.509, 5, 100, 78639
2026/09/14 07:18:54.009, 4, 100, 78639
2026/09/14 07:18:54.009, 5, 100, 78639
2026/09/14 07:18:54.509, 4, 100, 78639
2026/09/14 07:18:54.509, 5, 100, 78639
2026/09/14 07:18:55.009, 4, 91, 78639
2026/09/14 07:18:55.010, 5, 91, 78639
2026/09/14 07:18:55.510, 4, 100, 78639
2026/09/14 07:18:55.510, 5, 99, 78639
2026/09/14 07:18:56.010, 4, 100, 78639
2026/09/14 07:18:56.010, 5, 100, 78639
2026/09/14 07:18:56.510, 4, 96, 78639
2026/09/14 07:18:56.510, 5, 100, 78639
2026/09/14 07:18:57.010, 4, 99, 78639
2026/09/14 07:18:57.010, 5, 100, 78639
2026/09/14 07:18:57.511, 4, 100, 78639
2026/09/14 07:18:57.511, 5, 100, 78639
2026/09/14 07:18:58.011, 4, 100, 78639
2026/09/14 07:18:58.011, 5, 92, 78639
2026/09/14 07:18:58.511, 4, 99, 78639
2026/09/14 07:18:58.511, 5, 99, 78639
2026/09/14 07:18:59.011, 4, 100, 78639
2026/09/14 07:18:59.011, 5, 100, 78639
2026/09/14 07:18:59.511, 4, 100, 78639
2026/09/14 07:18:59.512, 5, 100, 78639
2026/09/14 07:19:00.012, 4, 99, 78639
2026/09/14 07:19:00.012, 5, 99, 78639
2026/09/14 07:19:00.512, 4, 100, 78639
2026/09/14 07:19:00.512, 5, 100, 78639
2026/09/14 07:19:01.012, 4, 100, 78639
2026/09/14 07:19:01.012, 5, 100, 78639
2026/09/14 07:19:01.512, 4, 99, 78639
2026/09/14 07:19:01.512, 5, 99, 78639
2026/09/14 07:19:02.012, 4, 100, 78639
2026/09/14 07:19:02.012, 5, 100, 78639
2026/09/14 07:19:02.512, 4, 100, 78639
2026/09/14 07:19:02.513, 5, 100, 78639
2026/09/14 07:19:03.013, 4, 84, 78639
2026/09/14 07:19:03.013, 5, 99, 78639
2026/09/14 07:19:03.513, 4, 100, 78639
2026/09/14 07:19:03.513, 5, 100, 78639
2026/09/14 07:19:04.013, 4, 100, 78639
2026/09/14 07:19:04.014, 5, 100, 78639
2026/09/14 07:19:04.514, 4, 96, 78639
2026/09/14 07:19:04.514, 5, 84, 78639
2026/09/14 07:19:05.015, 4, 100, 78639
2026/09/14 07:19:05.015, 5, 100, 78639
2026/09/14 07:19:05.515, 4, 100, 78639
2026/09/14 07:19:05.515, 5, 100, 78639
2026/09/14 07:19:06.015, 4, 91, 78639
2026/09/14 07:19:06.015, 5, 99, 78639
2026/09/14 07:19:06.516, 4, 100, 78639
2026/09/14 07:19:06.516, 5, 100, 78639
2026/09/14 07:19:07.016, 4, 100, 78639
2026/09/14 07:19:07.016, 5, 100, 78639
2026/09/14 07:19:07.516, 4, 93, 78639
2026/09/14 07:19:07.517, 5, 91, 78639
2026/09/14 07:19:08.017, 4, 100, 78639
2026/09/14 07:19:08.017, 5, 100, 78639
2026/09/14 07:19:08.517, 4, 100, 78639
2026/09/14 07:19:08.517, 5, 100, 78639
2026/09/14 07:19:09.017, 4, 56, 78639
2026/09/14 07:19:09.017, 5, 91, 78639
2026/09/14 07:19:09.518, 4, 100, 78639
2026/09/14 07:19:09.518, 5, 100, 78639
2026/09/14 07:19:10.018, 4, 100, 78639
2026/09/14 07:19:10.018, 5, 100, 78639
2026/09/14 07:19:10.518, 4, 52, 78639
2026/09/14 07:19:10.534, 5, 52, 78639
2026/09/14 07:19:11.038, 4, 100, 78639
2026/09/14 07:19:11.039, 5, 100, 78639
2026/09/14 07:19:11.539, 4, 100, 78639
2026/09/14 07:19:11.539, 5, 100, 78639
2026/09/14 07:19:12.039, 4, 91, 78639
2026/09/14 07:19:12.039, 5, 91, 78639
2026/09/14 07:19:12.539, 4, 100, 78639
2026/09/14 07:19:12.539, 5, 100, 78639
2026/09/14 07:19:13.039, 4, 100, 78639
2026/09/14 07:19:13.040, 5, 100, 78639
2026/09/14 07:19:13.540, 4, 91, 78639
2026/09/14 07:19:13.540, 5, 91, 78639
2026/09/14 07:19:14.040, 4, 100, 78639
2026/09/14 07:19:14.040, 5, 100, 78639
2026/09/14 07:19:14.541, 4, 100, 78639
2026/09/14 07:19:14.541, 5, 100, 78639
2026/09/14 07:19:15.041, 4, 54, 78639
2026/09/14 07:19:15.041, 5, 55, 78639
2026/09/14 07:19:15.541, 4, 99, 78639
2026/09/14 07:19:15.541, 5, 99, 78639
2026/09/14 07:19:16.041, 4, 100, 78639
2026/09/14 07:19:16.041, 5, 100, 78639
2026/09/14 07:19:16.542, 4, 100, 78639
2026/09/14 07:19:16.542, 5, 100, 78639
2026/09/14 07:19:17.042, 4, 99, 78639
2026/09/14 07:19:17.042, 5, 99, 78639
2026/09/14 07:19:17.542, 4, 100, 78639
2026/09/14 07:19:17.542, 5, 100, 78639
2026/09/14 07:19:18.042, 4, 100, 78639
2026/09/14 07:19:18.043, 5, 100, 78639
2026/09/14 07:19:18.544, 4, 99, 78639
2026/09/14 07:19:18.544, 5, 99, 78639
2026/09/14 07:19:19.045, 4, 100, 78639
2026/09/14 07:19:19.045, 5, 100, 78639
2026/09/14 07:19:19.545, 4, 100, 78639
2026/09/14 07:19:19.545, 5, 100, 78639
2026/09/14 07:19:20.046, 4, 99, 78639
2026/09/14 07:19:20.046, 5, 99, 78639
2026/09/14 07:19:20.546, 4, 100, 78639
2026/09/14 07:19:20.546, 5, 100, 78639
2026/09/14 07:19:21.046, 4, 100, 78639
2026/09/14 07:19:21.046, 5, 100, 78639
2026/09/14 07:19:21.546, 4, 99, 78639
2026/09/14 07:19:21.547, 5, 99, 78639
2026/09/14 07:19:22.048, 4, 100, 78639
2026/09/14 07:19:22.048, 5, 100, 78639
2026/09/14 07:19:22.548, 4, 100, 78639
2026/09/14 07:19:22.548, 5, 100, 78639
2026/09/14 07:19:23.048, 4, 99, 78639
2026/09/14 07:19:23.049, 5, 99, 78639
2026/09/14 07:19:23.549, 4, 100, 78639
2026/09/14 07:19:23.549, 5, 100, 78639
2026/09/14 07:19:24.049, 4, 100, 78639
2026/09/14 07:19:24.049, 5, 100, 78639
2026/09/14 07:19:24.549, 4, 99, 78639
2026/09/14 07:19:24.549, 5, 96, 78639
2026/09/14 07:19:25.049, 4, 100, 78639
2026/09/14 07:19:25.049, 5, 100, 78639
2026/09/14 07:19:25.549, 4, 100, 78639
2026/09/14 07:19:25.549, 5, 100, 78639
2026/09/14 07:19:26.050, 4, 99, 78639
2026/09/14 07:19:26.050, 5, 99, 78639
2026/09/14 07:19:26.550, 4, 100, 78639
2026/09/14 07:19:26.550, 5, 100, 78639
2026/09/14 07:19:27.050, 4, 100, 78639
2026/09/14 07:19:27.050, 5, 100, 78639
2026/09/14 07:19:27.550, 4, 67, 78639
2026/09/14 07:19:27.550, 5, 100, 78639
2026/09/14 07:19:28.050, 4, 100, 78639
2026/09/14 07:19:28.050, 5, 99, 78639
2026/09/14 07:19:28.551, 4, 100, 78639
2026/09/14 07:19:28.551, 5, 100, 78639
2026/09/14 07:19:29.051, 4, 75, 78639
2026/09/14 07:19:29.051, 5, 93, 78639
2026/09/14 07:19:29.551, 4, 100, 78639
2026/09/14 07:19:29.551, 5, 99, 78639
2026/09/14 07:19:30.051, 4, 100, 78639
2026/09/14 07:19:30.051, 5, 100, 78639
2026/09/14 07:19:30.551, 4, 100, 78639
2026/09/14 07:19:30.552, 5, 100, 78639
2026/09/14 07:19:31.053, 4, 99, 78639
2026/09/14 07:19:31.053, 5, 99, 78639
2026/09/14 07:19:31.553, 4, 100, 78639
2026/09/14 07:19:31.553, 5, 100, 78639
2026/09/14 07:19:32.053, 4, 100, 78639
2026/09/14 07:19:32.053, 5, 100, 78639
2026/09/14 07:19:32.553, 4, 99, 78639
2026/09/14 07:19:32.554, 5, 99, 78639
2026/09/14 07:19:33.054, 4, 100, 78639
2026/09/14 07:19:33.054, 5, 100, 78639
2026/09/14 07:19:33.554, 4, 100, 78639
2026/09/14 07:19:33.554, 5, 100, 78639
2026/09/14 07:19:34.054, 4, 99, 78639
2026/09/14 07:19:34.054, 5, 99, 78639
2026/09/14 07:19:34.554, 4, 100, 78639
2026/09/14 07:19:34.554, 5, 100, 78639
2026/09/14 07:19:35.054, 4, 100, 78639
2026/09/14 07:19:35.055, 5, 100, 78639
2026/09/14 07:19:35.555, 4, 89, 78639
2026/09/14 07:19:35.555, 5, 73, 78639
2026/09/14 07:19:36.055, 4, 100, 78639
2026/09/14 07:19:36.055, 5, 100, 78639
2026/09/14 07:19:36.556, 4, 100, 78639
2026/09/14 07:19:36.556, 5, 100, 78639
2026/09/14 07:19:37.056, 4, 99, 78639
2026/09/14 07:19:37.056, 5, 99, 78639
2026/09/14 07:19:37.557, 4, 100, 78639
2026/09/14 07:19:37.557, 5, 100, 78639
2026/09/14 07:19:38.057, 4, 100, 78639
2026/09/14 07:19:38.057, 5, 100, 78639
2026/09/14 07:19:38.557, 4, 91, 78639
2026/09/14 07:19:38.557, 5, 91, 78639
2026/09/14 07:19:39.057, 4, 100, 78639
2026/09/14 07:19:39.057, 5, 100, 78639
2026/09/14 07:19:39.557, 4, 100, 78639
2026/09/14 07:19:39.557, 5, 100, 78639
2026/09/14 07:19:40.057, 4, 94, 78639
2026/09/14 07:19:40.057, 5, 75, 78639
2026/09/14 07:19:40.558, 4, 100, 78639
2026/09/14 07:19:40.558, 5, 100, 78639
2026/09/14 07:19:41.058, 4, 100, 78639
2026/09/14 07:19:41.058, 5, 100, 78639
2026/09/14 07:19:41.558, 4, 54, 78639
2026/09/14 07:19:41.558, 5, 69, 78639
2026/09/14 07:19:42.058, 4, 100, 78639
2026/09/14 07:19:42.059, 5, 100, 78639
2026/09/14 07:19:42.559, 4, 100, 78639
2026/09/14 07:19:42.559, 5, 100, 78639
2026/09/14 07:19:43.059, 4, 91, 78639
2026/09/14 07:19:43.059, 5, 91, 78639
2026/09/14 07:19:43.559, 4, 99, 78639
2026/09/14 07:19:43.559, 5, 99, 78639
2026/09/14 07:19:44.059, 4, 100, 78639
2026/09/14 07:19:44.060, 5, 100, 78639
2026/09/14 07:19:44.560, 4, 97, 78639
2026/09/14 07:19:44.560, 5, 100, 78639
2026/09/14 07:19:45.060, 4, 100, 78639
2026/09/14 07:19:45.060, 5, 100, 78639
2026/09/14 07:19:45.560, 4, 100, 78639
2026/09/14 07:19:45.560, 5, 100, 78639
2026/09/14 07:19:46.060, 4, 58, 78639
2026/09/14 07:19:46.060, 5, 72, 78639
2026/09/14 07:19:46.561, 4, 99, 78639
2026/09/14 07:19:46.561, 5, 99, 78639
2026/09/14 07:19:47.061, 4, 100, 78639
2026/09/14 07:19:47.061, 5, 100, 78639
2026/09/14 07:19:47.561, 4, 100, 78639
2026/09/14 07:19:47.561, 5, 100, 78639
2026/09/14 07:19:48.061, 4, 99, 78639
2026/09/14 07:19:48.061, 5, 99, 78639
2026/09/14 07:19:48.561, 4, 100, 78639
2026/09/14 07:19:48.562, 5, 100, 78639
2026/09/14 07:19:49.062, 4, 100, 78639
2026/09/14 07:19:49.062, 5, 100, 78639
2026/09/14 07:19:49.562, 4, 99, 78639
2026/09/14 07:19:49.562, 5, 99, 78639
2026/09/14 07:19:50.062, 4, 100, 78639
2026/09/14 07:19:50.062, 5, 100, 78639
2026/09/14 07:19:50.562, 4, 100, 78639
2026/09/14 07:19:50.562, 5, 100, 78639
2026/09/14 07:19:51.062, 4, 99, 78639
2026/09/14 07:19:51.062, 5, 99, 78639
2026/09/14 07:19:51.563, 4, 100, 78639
2026/09/14 07:19:51.563, 5, 100, 78639
2026/09/14 07:19:52.063, 4, 100, 78639
2026/09/14 07:19:52.063, 5, 100, 78639
2026/09/14 07:19:52.563, 4, 99, 78639
2026/09/14 07:19:52.563, 5, 95, 78639
2026/09/14 07:19:53.063, 4, 100, 78639
2026/09/14 07:19:53.063, 5, 100, 78639
2026/09/14 07:19:53.563, 4, 100, 78639
2026/09/14 07:19:53.563, 5, 100, 78639
2026/09/14 07:19:54.063, 4, 99, 78639
2026/09/14 07:19:54.064, 5, 99, 78639
2026/09/14 07:19:54.564, 4, 100, 78639
2026/09/14 07:19:54.564, 5, 100, 78639
2026/09/14 07:19:55.064, 4, 100, 78639
2026/09/14 07:19:55.064, 5, 100, 78639
2026/09/14 07:19:55.564, 4, 91, 78639
2026/09/14 07:19:55.564, 5, 91, 78639
2026/09/14 07:19:56.064, 4, 100, 78639
2026/09/14 07:19:56.064, 5, 100, 78639
2026/09/14 07:19:56.564, 4, 100, 78639
2026/09/14 07:19:56.565, 5, 100, 78639
2026/09/14 07:19:57.065, 4, 99, 78639
2026/09/14 07:19:57.065, 5, 90, 78639
2026/09/14 07:19:57.565, 4, 100, 78639
2026/09/14 07:19:57.565, 5, 100, 78639
2026/09/14 07:19:58.065, 4, 100, 78639
2026/09/14 07:19:58.065, 5, 100, 78639
2026/09/14 07:19:58.565, 4, 56, 78639
2026/09/14 07:19:58.565, 5, 57, 78639
2026/09/14 07:19:59.065, 4, 100, 78639
2026/09/14 07:19:59.066, 5, 100, 78639
2026/09/14 07:19:59.566, 4, 100, 78639
2026/09/14 07:19:59.566, 5, 100, 78639
2026/09/14 07:20:00.066, 4, 53, 78639
2026/09/14 07:20:00.066, 5, 53, 78639
2026/09/14 07:20:00.566, 4, 99, 78639
2026/09/14 07:20:00.566, 5, 99, 78639
2026/09/14 07:20:01.066, 4, 100, 78639
2026/09/14 07:20:01.066, 5, 100, 78639
2026/09/14 07:20:01.566, 4, 100, 78639
2026/09/14 07:20:01.567, 5, 100, 78639
2026/09/14 07:20:02.067, 4, 100, 78639
2026/09/14 07:20:02.067, 5, 100, 78639
2026/09/14 07:20:02.567, 4, 100, 78639
2026/09/14 07:20:02.567, 5, 100, 78639
2026/09/14 07:20:03.067, 4, 100, 78639
2026/09/14 07:20:03.067, 5, 100, 78639
2026/09/14 07:20:03.567, 4, 99, 78639
2026/09/14 07:20:03.567, 5, 98, 78639
2026/09/14 07:20:04.067, 4, 100, 78639
2026/09/14 07:20:04.068, 5, 100, 78639
2026/09/14 07:20:04.568, 4, 100, 78639
2026/09/14 07:20:04.568, 5, 100, 78639
2026/09/14 07:20:05.068, 4, 99, 78639
2026/09/14 07:20:05.068, 5, 99, 78639
2026/09/14 07:20:05.568, 4, 100, 78639
2026/09/14 07:20:05.568, 5, 100, 78639
2026/09/14 07:20:06.068, 4, 100, 78639
2026/09/14 07:20:06.068, 5, 100, 78639
2026/09/14 07:20:06.568, 4, 53, 78639
2026/09/14 07:20:06.568, 5, 54, 78639
2026/09/14 07:20:07.068, 4, 100, 78639
2026/09/14 07:20:07.069, 5, 100, 78639
2026/09/14 07:20:07.569, 4, 100, 78639
2026/09/14 07:20:07.569, 5, 100, 78639
2026/09/14 07:20:08.069, 4, 91, 78639
2026/09/14 07:20:08.069, 5, 91, 78639
2026/09/14 07:20:08.569, 4, 100, 78639
2026/09/14 07:20:08.569, 5, 99, 78639
2026/09/14 07:20:09.069, 4, 100, 78639
2026/09/14 07:20:09.069, 5, 100, 78639
2026/09/14 07:20:09.569, 4, 91, 78639
2026/09/14 07:20:09.570, 5, 91, 78639
2026/09/14 07:20:10.070, 4, 100, 78639
2026/09/14 07:20:10.070, 5, 100, 78639
2026/09/14 07:20:10.570, 4, 100, 78639
2026/09/14 07:20:10.570, 5, 100, 78639
2026/09/14 07:20:11.070, 4, 56, 78639
2026/09/14 07:20:11.070, 5, 56, 78639
2026/09/14 07:20:11.570, 4, 99, 78639
2026/09/14 07:20:11.570, 5, 99, 78639
2026/09/14 07:20:12.070, 4, 100, 78639
2026/09/14 07:20:12.070, 5, 100, 78639
2026/09/14 07:20:12.571, 4, 100, 78639
2026/09/14 07:20:12.571, 5, 100, 78639
2026/09/14 07:20:13.071, 4, 99, 78639
2026/09/14 07:20:13.071, 5, 99, 78639
2026/09/14 07:20:13.571, 4, 100, 78639
2026/09/14 07:20:13.579, 5, 100, 78639
2026/09/14 07:20:14.080, 4, 100, 78639
2026/09/14 07:20:14.080, 5, 100, 78639
2026/09/14 07:20:14.580, 4, 99, 78639
2026/09/14 07:20:14.580, 5, 99, 78639
2026/09/14 07:20:15.080, 4, 100, 78639
2026/09/14 07:20:15.080, 5, 100, 78639
2026/09/14 07:20:15.581, 4, 100, 78639
2026/09/14 07:20:15.582, 5, 91, 78639
2026/09/14 07:20:16.083, 4, 99, 78639
2026/09/14 07:20:16.083, 5, 99, 78639
2026/09/14 07:20:16.583, 4, 100, 78639
2026/09/14 07:20:16.583, 5, 100, 78639
2026/09/14 07:20:17.084, 4, 100, 78639
2026/09/14 07:20:17.089, 5, 100, 78639
2026/09/14 07:20:17.589, 4, 99, 78639
2026/09/14 07:20:17.589, 5, 99, 78639
2026/09/14 07:20:18.089, 4, 100, 78639
2026/09/14 07:20:18.089, 5, 100, 78639
2026/09/14 07:20:18.589, 4, 100, 78639
2026/09/14 07:20:18.590, 5, 100, 78639
2026/09/14 07:20:19.090, 4, 99, 78639
2026/09/14 07:20:19.090, 5, 99, 78639
2026/09/14 07:20:19.590, 4, 100, 78639
2026/09/14 07:20:19.591, 5, 100, 78639
2026/09/14 07:20:20.091, 4, 100, 78639
2026/09/14 07:20:20.091, 5, 100, 78639
2026/09/14 07:20:20.591, 4, 93, 78639
2026/09/14 07:20:20.591, 5, 99, 78639
2026/09/14 07:20:21.091, 4, 100, 78639
2026/09/14 07:20:21.092, 5, 100, 78639
2026/09/14 07:20:21.592, 4, 100, 78639
2026/09/14 07:20:21.592, 5, 100, 78639
2026/09/14 07:20:22.092, 4, 99, 78639
2026/09/14 07:20:22.092, 5, 99, 78639
2026/09/14 07:20:22.592, 4, 100, 78639
2026/09/14 07:20:22.592, 5, 100, 78639
2026/09/14 07:20:23.093, 4, 100, 78639
2026/09/14 07:20:23.093, 5, 100, 78639
2026/09/14 07:20:23.593, 4, 57, 78639
2026/09/14 07:20:23.593, 5, 99, 78639
2026/09/14 07:20:24.093, 4, 100, 78639
2026/09/14 07:20:24.093, 5, 100, 78639
2026/09/14 07:20:24.593, 4, 100, 78639
2026/09/14 07:20:24.593, 5, 100, 78639
2026/09/14 07:20:25.094, 4, 45, 78639
2026/09/14 07:20:25.094, 5, 41, 78639
2026/09/14 07:20:25.594, 4, 99, 78639
2026/09/14 07:20:25.594, 5, 100, 78639
2026/09/14 07:20:26.094, 4, 100, 78639
2026/09/14 07:20:26.094, 5, 100, 78639
2026/09/14 07:20:26.594, 4, 100, 78639
2026/09/14 07:20:26.594, 5, 91, 78639
2026/09/14 07:20:27.094, 4, 100, 78639
2026/09/14 07:20:27.095, 5, 99, 78639
2026/09/14 07:20:27.595, 4, 100, 78639
2026/09/14 07:20:27.595, 5, 100, 78639
2026/09/14 07:20:28.095, 4, 91, 78639
2026/09/14 07:20:28.095, 5, 92, 78639
2026/09/14 07:20:28.596, 4, 99, 78639
2026/09/14 07:20:28.596, 5, 100, 78639
2026/09/14 07:20:29.096, 4, 100, 78639
2026/09/14 07:20:29.096, 5, 100, 78639
2026/09/14 07:20:29.596, 4, 100, 78639
2026/09/14 07:20:29.596, 5, 100, 78639
2026/09/14 07:20:30.102, 4, 99, 78639
2026/09/14 07:20:30.102, 5, 99, 78639
2026/09/14 07:20:30.602, 4, 100, 78639
2026/09/14 07:20:30.602, 5, 100, 78639
2026/09/14 07:20:31.102, 4, 100, 78639
2026/09/14 07:20:31.102, 5, 100, 78639
2026/09/14 07:20:31.602, 4, 99, 78639
2026/09/14 07:20:31.602, 5, 99, 78639
2026/09/14 07:20:32.103, 4, 100, 78639
2026/09/14 07:20:32.103, 5, 100, 78639
2026/09/14 07:20:32.603, 4, 100, 78639
2026/09/14 07:20:32.604, 5, 100, 78639
2026/09/14 07:20:33.105, 4, 99, 78639
2026/09/14 07:20:33.105, 5, 99, 78639
2026/09/14 07:20:33.605, 4, 100, 78639
2026/09/14 07:20:33.605, 5, 100, 78639
2026/09/14 07:20:34.105, 4, 100, 78639
2026/09/14 07:20:34.105, 5, 100, 78639
2026/09/14 07:20:34.605, 4, 91, 78639
2026/09/14 07:20:34.606, 5, 94, 78639
2026/09/14 07:20:35.106, 4, 100, 78639
2026/09/14 07:20:35.106, 5, 100, 78639
2026/09/14 07:20:35.606, 4, 100, 78639
2026/09/14 07:20:35.606, 5, 100, 78639
2026/09/14 07:20:36.106, 4, 57, 78639
2026/09/14 07:20:36.107, 5, 58, 78639
2026/09/14 07:20:36.607, 4, 99, 78639
2026/09/14 07:20:36.608, 5, 100, 78639
2026/09/14 07:20:37.109, 4, 100, 78639
2026/09/14 07:20:37.109, 5, 100, 78639
2026/09/14 07:20:37.609, 4, 100, 78639
2026/09/14 07:20:37.610, 5, 52, 78639
2026/09/14 07:20:38.110, 4, 99, 78639
2026/09/14 07:20:38.111, 5, 99, 78639
2026/09/14 07:20:38.611, 4, 100, 78639
2026/09/14 07:20:38.612, 5, 100, 78639
2026/09/14 07:20:39.112, 4, 100, 78639
2026/09/14 07:20:39.112, 5, 100, 78639
2026/09/14 07:20:39.612, 4, 99, 78639
2026/09/14 07:20:39.612, 5, 99, 78639
2026/09/14 07:20:40.112, 4, 100, 78639
2026/09/14 07:20:40.112, 5, 100, 78639
2026/09/14 07:20:40.613, 4, 100, 78639
2026/09/14 07:20:40.613, 5, 92, 78639
2026/09/14 07:20:41.113, 4, 99, 78639
2026/09/14 07:20:41.113, 5, 99, 78639
2026/09/14 07:20:41.613, 4, 100, 78639
2026/09/14 07:20:41.613, 5, 100, 78639
2026/09/14 07:20:42.113, 4, 100, 78639
2026/09/14 07:20:42.113, 5, 100, 78639
2026/09/14 07:20:42.613, 4, 99, 78639
2026/09/14 07:20:42.614, 5, 99, 78639
2026/09/14 07:20:43.115, 4, 100, 78639
2026/09/14 07:20:43.115, 5, 100, 78639
2026/09/14 07:20:43.615, 4, 100, 78639
2026/09/14 07:20:43.615, 5, 100, 78639
2026/09/14 07:20:44.115, 4, 99, 78639
2026/09/14 07:20:44.115, 5, 99, 78639
2026/09/14 07:20:44.615, 4, 100, 78639
2026/09/14 07:20:44.616, 5, 100, 78639
2026/09/14 07:20:45.116, 4, 100, 78639
2026/09/14 07:20:45.116, 5, 100, 78639
2026/09/14 07:20:45.616, 4, 91, 78639
2026/09/14 07:20:45.616, 5, 99, 78639
2026/09/14 07:20:46.116, 4, 100, 78639
2026/09/14 07:20:46.116, 5, 100, 78639
2026/09/14 07:20:46.616, 4, 100, 78639
2026/09/14 07:20:46.616, 5, 100, 78639
2026/09/14 07:20:47.117, 4, 99, 78639
2026/09/14 07:20:47.117, 5, 99, 78639
2026/09/14 07:20:47.617, 4, 100, 78639
2026/09/14 07:20:47.617, 5, 100, 78639
2026/09/14 07:20:48.118, 4, 100, 78639
2026/09/14 07:20:48.118, 5, 100, 78639
2026/09/14 07:20:48.618, 4, 56, 78639
2026/09/14 07:20:48.618, 5, 99, 78639
2026/09/14 07:20:49.118, 4, 100, 78639
2026/09/14 07:20:49.118, 5, 100, 78639
2026/09/14 07:20:49.618, 4, 100, 78639
2026/09/14 07:20:49.618, 5, 100, 78639
2026/09/14 07:20:50.118, 4, 52, 78639
2026/09/14 07:20:50.139, 5, 53, 78639
2026/09/14 07:20:50.639, 4, 100, 78639
2026/09/14 07:20:50.639, 5, 100, 78639
2026/09/14 07:20:51.139, 4, 100, 78639
2026/09/14 07:20:51.140, 5, 100, 78639
2026/09/14 07:20:51.640, 4, 90, 78639
2026/09/14 07:20:51.640, 5, 90, 78639
2026/09/14 07:20:52.140, 4, 100, 78639
2026/09/14 07:20:52.140, 5, 99, 78639
2026/09/14 07:20:52.640, 4, 100, 78639
2026/09/14 07:20:52.640, 5, 100, 78639
2026/09/14 07:20:53.140, 4, 91, 78639
2026/09/14 07:20:53.140, 5, 92, 78639
2026/09/14 07:20:53.641, 4, 100, 78639
2026/09/14 07:20:53.641, 5, 100, 78639
2026/09/14 07:20:54.141, 4, 100, 78639
2026/09/14 07:20:54.141, 5, 100, 78639
2026/09/14 07:20:54.641, 4, 57, 78639
2026/09/14 07:20:54.641, 5, 57, 78639
2026/09/14 07:20:55.142, 4, 99, 78639
2026/09/14 07:20:55.142, 5, 99, 78639
2026/09/14 07:20:55.642, 4, 100, 78639
2026/09/14 07:20:55.642, 5, 100, 78639
2026/09/14 07:20:56.142, 4, 100, 78639
2026/09/14 07:20:56.142, 5, 100, 78639
2026/09/14 07:20:56.642, 4, 99, 78639
2026/09/14 07:20:56.643, 5, 99, 78639
2026/09/14 07:20:57.143, 4, 100, 78639
2026/09/14 07:20:57.143, 5, 100, 78639
2026/09/14 07:20:57.643, 4, 100, 78639
2026/09/14 07:20:57.644, 5, 100, 78639
2026/09/14 07:20:58.144, 4, 99, 78639
2026/09/14 07:20:58.144, 5, 99, 78639
2026/09/14 07:20:58.644, 4, 100, 78639
2026/09/14 07:20:58.645, 5, 100, 78639
2026/09/14 07:20:59.145, 4, 100, 78639
2026/09/14 07:20:59.145, 5, 100, 78639
2026/09/14 07:20:59.645, 4, 99, 78639
2026/09/14 07:20:59.645, 5, 99, 78639
2026/09/14 07:21:00.145, 4, 100, 78639
2026/09/14 07:21:00.145, 5, 100, 78639
2026/09/14 07:21:00.645, 4, 100, 78639
2026/09/14 07:21:00.646, 5, 100, 78639
2026/09/14 07:21:01.146, 4, 99, 78639
2026/09/14 07:21:01.146, 5, 99, 78639
2026/09/14 07:21:01.646, 4, 100, 78639
2026/09/14 07:21:01.646, 5, 100, 78639
2026/09/14 07:21:02.146, 4, 100, 78639
2026/09/14 07:21:02.146, 5, 100, 78639
2026/09/14 07:21:02.646, 4, 99, 78639
2026/09/14 07:21:02.646, 5, 99, 78639
2026/09/14 07:21:03.146, 4, 100, 78639
2026/09/14 07:21:03.146, 5, 100, 78639
2026/09/14 07:21:03.646, 4, 100, 78639
2026/09/14 07:21:03.647, 5, 100, 78639
2026/09/14 07:21:04.147, 4, 91, 78639
2026/09/14 07:21:04.147, 5, 91, 78639
2026/09/14 07:21:04.647, 4, 100, 78639
2026/09/14 07:21:04.647, 5, 100, 78639
2026/09/14 07:21:05.147, 4, 100, 78639
2026/09/14 07:21:05.147, 5, 100, 78639
2026/09/14 07:21:05.647, 4, 99, 78639
2026/09/14 07:21:05.647, 5, 99, 78639
2026/09/14 07:21:06.147, 4, 99, 78639
2026/09/14 07:21:06.147, 5, 100, 78639
2026/09/14 07:21:06.647, 4, 100, 78639
2026/09/14 07:21:06.648, 5, 100, 78639
2026/09/14 07:21:07.148, 4, 100, 78639
2026/09/14 07:21:07.149, 5, 42, 78639
2026/09/14 07:21:07.649, 4, 99, 78639
2026/09/14 07:21:07.649, 5, 99, 78639
2026/09/14 07:21:08.150, 4, 100, 78639
2026/09/14 07:21:08.150, 5, 100, 78639
2026/09/14 07:21:08.650, 4, 100, 78639
2026/09/14 07:21:08.650, 5, 100, 78639
2026/09/14 07:21:09.150, 4, 16, 78639
2026/09/14 07:21:09.150, 5, 44, 78639
2026/09/14 07:21:09.650, 4, 0, 78639
2026/09/14 07:21:09.650, 5, 0, 78639
2026/09/14 07:21:10.150, 4, 0, 78639
2026/09/14 07:21:10.150, 5, 0, 78639
2026/09/14 07:21:10.650, 4, 0, 78639
2026/09/14 07:21:10.650, 5, 0, 78639
2026/09/14 07:21:11.151, 4, 0, 78639
2026/09/14 07:21:11.151, 5, 0, 78639
2026/09/14 07:21:11.652, 4, 3, 78639
2026/09/14 07:21:11.652, 5, 3, 78639
2026/09/14 07:21:12.152, 4, 0, 78639
2026/09/14 07:21:12.152, 5, 3, 78639
2026/09/14 07:21:12.653, 4, 31, 78639
2026/09/14 07:21:12.653, 5, 21, 78639
2026/09/14 07:21:13.153, 4, 12, 78639
2026/09/14 07:21:13.153, 5, 21, 78639
2026/09/14 07:21:13.653, 4, 0, 78639
2026/09/14 07:21:13.653, 5, 0, 78639
2026/09/14 07:21:14.153, 4, 0, 78639
2026/09/14 07:21:14.153, 5, 0, 78639
2026/09/14 07:21:14.654, 4, 0, 78639
2026/09/14 07:21:14.654, 5, 0, 78639
2026/09/14 07:21:15.154, 4, 0, 78639
2026/09/14 07:21:15.154, 5, 0, 78639
2026/09/14 07:21:15.654, 4, 0, 78639
2026/09/14 07:21:15.654, 5, 0, 78639
2026/09/14 07:21:16.154, 4, 0, 78639
2026/09/14 07:21:16.154, 5, 0, 78639
2026/09/14 07:21:16.654, 4, 0, 78639
2026/09/14 07:21:16.654, 5, 0, 78639
2026/09/14 07:21:17.155, 4, 0, 78639
2026/09/14 07:21:17.155, 5, 0, 78639
2026/09/14 07:21:17.655, 4, 0, 78639
2026/09/14 07:21:17.655, 5, 0, 78639
2026/09/14 07:21:18.155, 4, 0, 78639
2026/09/14 07:21:18.155, 5, 0, 78639
2026/09/14 07:21:18.655, 4, 0, 78639
2026/09/14 07:21:18.655, 5, 0, 78639
2026/09/14 07:21:19.156, 4, 0, 78639
2026/09/14 07:21:19.156, 5, 0, 78639
2026/09/14 07:21:19.656, 4, 0, 78639
2026/09/14 07:21:19.656, 5, 0, 78639
2026/09/14 07:21:20.156, 4, 0, 78639
2026/09/14 07:21:20.156, 5, 0, 78639
2026/09/14 07:21:20.656, 4, 0, 78639
2026/09/14 07:21:20.656, 5, 0, 78639
2026/09/14 07:21:21.157, 4, 0, 78639
2026/09/14 07:21:21.157, 5, 0, 78639
2026/09/14 07:21:21.657, 4, 0, 78639
2026/09/14 07:21:21.657, 5, 0, 78639
2026/09/14 07:21:22.157, 4, 2, 78639
2026/09/14 07:21:22.157, 5, 0, 78639
2026/09/14 07:21:22.657, 4, 0, 78639
2026/09/14 07:21:22.658, 5, 0, 78639
2026/09/14 07:21:23.158, 4, 0, 78639
2026/09/14 07:21:23.158, 5, 0, 78639
2026/09/14 07:21:23.658, 4, 0, 78639
2026/09/14 07:21:23.658, 5, 0, 78639
2026/09/14 07:21:24.158, 4, 28, 78639
2026/09/14 07:21:24.158, 5, 30, 78639
2026/09/14 07:21:24.658, 4, 20, 78639
2026/09/14 07:21:24.659, 5, 18, 78639
2026/09/14 07:21:25.160, 4, 6, 78639
2026/09/14 07:21:25.160, 5, 5, 78639
2026/09/14 07:21:25.660, 4, 0, 78639
2026/09/14 07:21:25.660, 5, 0, 78639
2026/09/14 07:21:26.160, 4, 0, 78639
2026/09/14 07:21:26.160, 5, 0, 78639
2026/09/14 07:21:26.660, 4, 0, 78639
2026/09/14 07:21:26.661, 5, 0, 78639
2026/09/14 07:21:27.162, 4, 0, 78639
2026/09/14 07:21:27.162, 5, 0, 78639
2026/09/14 07:21:27.662, 4, 0, 78639
2026/09/14 07:21:27.662, 5, 0, 78639
2026/09/14 07:21:28.162, 4, 0, 78639
2026/09/14 07:21:28.162, 5, 0, 78639
2026/09/14 07:21:28.663, 4, 0, 78639
2026/09/14 07:21:28.663, 5, 0, 78639
2026/09/14 07:21:29.163, 4, 0, 78639
2026/09/14 07:21:29.163, 5, 0, 78639
2026/09/14 07:21:29.664, 4, 0, 78639
2026/09/14 07:21:29.664, 5, 0, 78639
2026/09/14 07:21:30.164, 4, 0, 78639
2026/09/14 07:21:30.164, 5, 0, 78639
2026/09/14 07:21:30.664, 4, 0, 78639
2026/09/14 07:21:30.664, 5, 0, 78639
2026/09/14 07:21:31.165, 4, 0, 78639
2026/09/14 07:21:31.165, 5, 0, 78639
2026/09/14 07:21:31.665, 4, 0, 78639
2026/09/14 07:21:31.665, 5, 0, 78639
2026/09/14 07:21:32.165, 4, 0, 78639
2026/09/14 07:21:32.165, 5, 0, 78639
2026/09/14 07:21:32.665, 4, 0, 78639
2026/09/14 07:21:32.665, 5, 0, 78639
2026/09/14 07:21:33.165, 4, 0, 78639
2026/09/14 07:21:33.166, 5, 0, 78639
2026/09/14 07:21:33.667, 4, 0, 78639
2026/09/14 07:21:33.667, 5, 0, 78639
2026/09/14 07:21:34.167, 4, 0, 78639
2026/09/14 07:21:34.167, 5, 0, 78639
2026/09/14 07:21:34.667, 4, 0, 78639
2026/09/14 07:21:34.667, 5, 0, 78639
2026/09/14 07:21:35.167, 4, 0, 78639
2026/09/14 07:21:35.168, 5, 0, 78639
2026/09/14 07:21:35.668, 4, 0, 78639
2026/09/14 07:21:35.668, 5, 0, 78639
2026/09/14 07:21:36.168, 4, 0, 78639
2026/09/14 07:21:36.168, 5, 0, 78639
2026/09/14 07:21:36.668, 4, 0, 78639
2026/09/14 07:21:36.668, 5, 0, 78639
2026/09/14 07:21:37.171, 4, 0, 78639
2026/09/14 07:21:37.171, 5, 0, 78639
2026/09/14 07:21:37.671, 4, 0, 78639
2026/09/14 07:21:37.671, 5, 0, 78639
2026/09/14 07:21:38.171, 4, 0, 78639
2026/09/14 07:21:38.172, 5, 0, 78639
2026/09/14 07:21:38.672, 4, 0, 78639
2026/09/14 07:21:38.672, 5, 0, 78639
2026/09/14 07:21:39.172, 4, 0, 78639
2026/09/14 07:21:39.172, 5, 0, 78639
2026/09/14 07:21:39.672, 4, 0, 78639
2026/09/14 07:21:39.672, 5, 0, 78639
2026/09/14 07:21:40.172, 4, 0, 78639
2026/09/14 07:21:40.172, 5, 0, 78639
2026/09/14 07:21:40.672, 4, 0, 78639
2026/09/14 07:21:40.672, 5, 0, 78639
2026/09/14 07:21:41.173, 4, 0, 78639
2026/09/14 07:21:41.173, 5, 0, 78639
2026/09/14 07:21:41.674, 4, 23, 78639
2026/09/14 07:21:41.674, 5, 23, 78639
2026/09/14 07:21:42.174, 4, 0, 78639
2026/09/14 07:21:42.174, 5, 0, 78639
2026/09/14 07:21:42.675, 4, 0, 78639
2026/09/14 07:21:42.675, 5, 0, 78639
2026/09/14 07:21:43.175, 4, 0, 78639
2026/09/14 07:21:43.175, 5, 0, 78639
2026/09/14 07:21:43.675, 4, 0, 78639
2026/09/14 07:21:43.676, 5, 0, 78639
2026/09/14 07:21:44.176, 4, 0, 78639
2026/09/14 07:21:44.176, 5, 0, 78639
2026/09/14 07:21:44.676, 4, 0, 78639
2026/09/14 07:21:44.676, 5, 0, 78639
2026/09/14 07:21:45.176, 4, 0, 78639
2026/09/14 07:21:45.177, 5, 0, 78639
2026/09/14 07:21:45.677, 4, 0, 78639
2026/09/14 07:21:45.677, 5, 0, 78639
2026/09/14 07:21:46.177, 4, 0, 78639
2026/09/14 07:21:46.177, 5, 0, 78639
2026/09/14 07:21:46.677, 4, 0, 78639
2026/09/14 07:21:46.678, 5, 0, 78639
2026/09/14 07:21:47.179, 4, 0, 78639
2026/09/14 07:21:47.179, 5, 0, 78639
2026/09/14 07:21:47.679, 4, 0, 78639
2026/09/14 07:21:47.679, 5, 0, 78639
2026/09/14 07:21:48.179, 4, 0, 78639
2026/09/14 07:21:48.179, 5, 0, 78639
2026/09/14 07:21:48.680, 4, 0, 78639
2026/09/14 07:21:48.680, 5, 0, 78639
2026/09/14 07:21:49.180, 4, 0, 78639
2026/09/14 07:21:49.180, 5, 0, 78639
2026/09/14 07:21:49.680, 4, 0, 78639
2026/09/14 07:21:49.680, 5, 0, 78639
2026/09/14 07:21:50.180, 4, 10, 78639
2026/09/14 07:21:50.180, 5, 10, 78639
2026/09/14 07:21:50.681, 4, 0, 78639
2026/09/14 07:21:50.682, 5, 0, 78639
2026/09/14 07:21:51.182, 4, 0, 78639
2026/09/14 07:21:51.182, 5, 0, 78639
2026/09/14 07:21:51.682, 4, 0, 78639
2026/09/14 07:21:51.682, 5, 0, 78639
2026/09/14 07:21:52.183, 4, 0, 78639
2026/09/14 07:21:52.183, 5, 0, 78639
2026/09/14 07:21:52.683, 4, 0, 78639
2026/09/14 07:21:52.683, 5, 0, 78639
2026/09/14 07:21:53.183, 4, 0, 78639
2026/09/14 07:21:53.183, 5, 0, 78639
2026/09/14 07:21:53.683, 4, 0, 78639
2026/09/14 07:21:53.683, 5, 0, 78639
2026/09/14 07:21:54.183, 4, 0, 78639
2026/09/14 07:21:54.183, 5, 0, 78639
2026/09/14 07:21:54.683, 4, 0, 78639
2026/09/14 07:21:54.684, 5, 0, 78639
2026/09/14 07:21:55.184, 4, 12, 78639
2026/09/14 07:21:55.184, 5, 9, 78639
2026/09/14 07:21:55.684, 4, 9, 78639
2026/09/14 07:21:55.684, 5, 16, 78639
2026/09/14 07:21:56.184, 4, 0, 78639
2026/09/14 07:21:56.184, 5, 0, 78639
2026/09/14 07:21:56.684, 4, 0, 78639
2026/09/14 07:21:56.684, 5, 0, 78639
2026/09/14 07:21:57.184, 4, 0, 78639
2026/09/14 07:21:57.185, 5, 0, 78639
2026/09/14 07:21:57.685, 4, 0, 78639
2026/09/14 07:21:57.685, 5, 0, 78639
2026/09/14 07:21:58.186, 4, 0, 78639
2026/09/14 07:21:58.186, 5, 0, 78639
2026/09/14 07:21:58.686, 4, 0, 78639
2026/09/14 07:21:58.686, 5, 0, 78639
2026/09/14 07:21:59.186, 4, 0, 78639
2026/09/14 07:21:59.186, 5, 0, 78639
2026/09/14 07:21:59.686, 4, 0, 78639
2026/09/14 07:21:59.686, 5, 0, 78639
2026/09/14 07:22:00.186, 4, 0, 78639
2026/09/14 07:22:00.186, 5, 0, 78639
2026/09/14 07:22:00.687, 4, 0, 78639
2026/09/14 07:22:00.687, 5, 0, 78639
2026/09/14 07:22:01.187, 4, 0, 78639
2026/09/14 07:22:01.187, 5, 0, 78639
2026/09/14 07:22:01.687, 4, 0, 78639
2026/09/14 07:22:01.687, 5, 0, 78639
2026/09/14 07:22:02.187, 4, 0, 78639
2026/09/14 07:22:02.187, 5, 0, 78639
2026/09/14 07:22:02.687, 4, 10, 78639
2026/09/14 07:22:02.687, 5, 1, 78639
2026/09/14 07:22:03.187, 4, 0, 78639
2026/09/14 07:22:03.189, 5, 0, 78639
2026/09/14 07:22:03.689, 4, 0, 78639
2026/09/14 07:22:03.689, 5, 0, 78639
2026/09/14 07:22:04.190, 4, 0, 78639
2026/09/14 07:22:04.190, 5, 0, 78639
2026/09/14 07:22:04.690, 4, 2, 78639
2026/09/14 07:22:04.690, 5, 2, 78639
2026/09/14 07:22:05.190, 4, 0, 78639
2026/09/14 07:22:05.190, 5, 0, 78639
2026/09/14 07:22:05.690, 4, 0, 78639
2026/09/14 07:22:05.690, 5, 0, 78639
2026/09/14 07:22:06.190, 4, 0, 78639
2026/09/14 07:22:06.191, 5, 0, 78639
2026/09/14 07:22:06.691, 4, 31, 78639
2026/09/14 07:22:06.691, 5, 31, 78639
2026/09/14 07:22:07.191, 4, 31, 78639
2026/09/14 07:22:07.191, 5, 31, 78639
2026/09/14 07:22:07.691, 4, 1, 78639
2026/09/14 07:22:07.691, 5, 10, 78639
2026/09/14 07:22:08.191, 4, 0, 78639
2026/09/14 07:22:08.191, 5, 0, 78639
2026/09/14 07:22:08.691, 4, 0, 78639
2026/09/14 07:22:08.692, 5, 0, 78639
2026/09/14 07:22:09.192, 4, 0, 78639
2026/09/14 07:22:09.192, 5, 0, 78639
2026/09/14 07:22:09.692, 4, 0, 78639
2026/09/14 07:22:09.692, 5, 0, 78639
2026/09/14 07:22:10.192, 4, 0, 78639
2026/09/14 07:22:10.193, 5, 0, 78639
2026/09/14 07:22:10.693, 4, 0, 78639
2026/09/14 07:22:10.693, 5, 0, 78639
2026/09/14 07:22:11.193, 4, 0, 78639
2026/09/14 07:22:11.193, 5, 0, 78639
2026/09/14 07:22:11.693, 4, 0, 78639
2026/09/14 07:22:11.693, 5, 0, 78639
2026/09/14 07:22:12.193, 4, 0, 78639
2026/09/14 07:22:12.194, 5, 0, 78639
2026/09/14 07:22:12.694, 4, 0, 78639
2026/09/14 07:22:12.694, 5, 0, 78639
2026/09/14 07:22:13.194, 4, 0, 78639
2026/09/14 07:22:13.194, 5, 0, 78639
2026/09/14 07:22:13.694, 4, 0, 78639
2026/09/14 07:22:13.694, 5, 0, 78639
2026/09/14 07:22:14.194, 4, 0, 78639
2026/09/14 07:22:14.194, 5, 0, 78639
2026/09/14 07:22:14.694, 4, 0, 78639
2026/09/14 07:22:14.695, 5, 0, 78639
2026/09/14 07:22:15.195, 4, 0, 78639
2026/09/14 07:22:15.195, 5, 0, 78639
2026/09/14 07:22:15.695, 4, 0, 78639
2026/09/14 07:22:15.695, 5, 0, 78639
2026/09/14 07:22:16.195, 4, 0, 78639
2026/09/14 07:22:16.195, 5, 0, 78639
2026/09/14 07:22:16.695, 4, 0, 78639
2026/09/14 07:22:16.695, 5, 0, 78639
2026/09/14 07:22:17.195, 4, 0, 78639
2026/09/14 07:22:17.196, 5, 0, 78639
2026/09/14 07:22:17.696, 4, 0, 78639
2026/09/14 07:22:17.696, 5, 0, 78639
2026/09/14 07:22:18.196, 4, 0, 78639
2026/09/14 07:22:18.198, 5, 0, 78639
2026/09/14 07:22:18.698, 4, 0, 78639
2026/09/14 07:22:18.698, 5, 0, 78639
2026/09/14 07:22:19.198, 4, 0, 78639
2026/09/14 07:22:19.198, 5, 0, 78639
2026/09/14 07:22:19.699, 4, 0, 78639
2026/09/14 07:22:19.699, 5, 0, 78639
2026/09/14 07:22:20.199, 4, 0, 78639
2026/09/14 07:22:20.199, 5, 0, 78639
2026/09/14 07:22:20.699, 4, 0, 78639
2026/09/14 07:22:20.699, 5, 0, 78639
2026/09/14 07:22:21.199, 4, 0, 78639
2026/09/14 07:22:21.199, 5, 0, 78639
2026/09/14 07:22:21.699, 4, 0, 78639
2026/09/14 07:22:21.699, 5, 0, 78639
2026/09/14 07:22:22.200, 4, 0, 78639
2026/09/14 07:22:22.201, 5, 0, 78639
2026/09/14 07:22:22.701, 4, 0, 78639
2026/09/14 07:22:22.701, 5, 0, 78639
2026/09/14 07:22:23.201, 4, 0, 78639
2026/09/14 07:22:23.201, 5, 0, 78639
2026/09/14 07:22:23.701, 4, 8, 78639
2026/09/14 07:22:23.701, 5, 0, 78639
2026/09/14 07:22:24.202, 4, 18, 78639
2026/09/14 07:22:24.202, 5, 16, 78639
2026/09/14 07:22:24.702, 4, 0, 78639
2026/09/14 07:22:24.702, 5, 0, 78639
2026/09/14 07:22:25.202, 4, 0, 78639
2026/09/14 07:22:25.202, 5, 0, 78639
2026/09/14 07:22:25.702, 4, 0, 78639
2026/09/14 07:22:25.702, 5, 0, 78639
2026/09/14 07:22:26.202, 4, 0, 78639
2026/09/14 07:22:26.202, 5, 0, 78639
2026/09/14 07:22:26.703, 4, 0, 78639
2026/09/14 07:22:26.704, 5, 0, 78639
2026/09/14 07:22:27.205, 4, 0, 78639
2026/09/14 07:22:27.206, 5, 0, 78639
2026/09/14 07:22:27.706, 4, 0, 78639
2026/09/14 07:22:27.707, 5, 0, 78639
2026/09/14 07:22:28.207, 4, 0, 78639
2026/09/14 07:22:28.207, 5, 0, 78639
2026/09/14 07:22:28.707, 4, 0, 78639
2026/09/14 07:22:28.707, 5, 0, 78639
2026/09/14 07:22:29.207, 4, 0, 78639
2026/09/14 07:22:29.207, 5, 0, 78639
2026/09/14 07:22:29.707, 4, 0, 78639
2026/09/14 07:22:29.707, 5, 0, 78639
2026/09/14 07:22:30.207, 4, 0, 78639
2026/09/14 07:22:30.208, 5, 0, 78639
2026/09/14 07:22:30.712, 4, 0, 78639
2026/09/14 07:22:30.712, 5, 0, 78639
2026/09/14 07:22:31.212, 4, 0, 78639
2026/09/14 07:22:31.213, 5, 0, 78639
2026/09/14 07:22:31.713, 4, 0, 78639
2026/09/14 07:22:31.713, 5, 0, 78639
2026/09/14 07:22:32.213, 4, 0, 78639
2026/09/14 07:22:32.213, 5, 0, 78639
2026/09/14 07:22:32.713, 4, 0, 78639
2026/09/14 07:22:32.713, 5, 21, 78639
2026/09/14 07:22:33.213, 4, 0, 78639
2026/09/14 07:22:33.213, 5, 0, 78639
2026/09/14 07:22:33.713, 4, 0, 78639
2026/09/14 07:22:33.713, 5, 0, 78639
2026/09/14 07:22:34.214, 4, 0, 78639
2026/09/14 07:22:34.214, 5, 0, 78639
2026/09/14 07:22:34.714, 4, 0, 78639
2026/09/14 07:22:34.714, 5, 0, 78639
2026/09/14 07:22:35.214, 4, 0, 78639
2026/09/14 07:22:35.214, 5, 0, 78639
2026/09/14 07:22:35.714, 4, 0, 78639
2026/09/14 07:22:35.714, 5, 0, 78639
2026/09/14 07:22:36.214, 4, 0, 78639
2026/09/14 07:22:36.216, 5, 0, 78639
2026/09/14 07:22:36.717, 4, 9, 78639
2026/09/14 07:22:36.717, 5, 9, 78639
2026/09/14 07:22:37.217, 4, 0, 78639
2026/09/14 07:22:37.218, 5, 0, 78639
2026/09/14 07:22:37.718, 4, 31, 78639
2026/09/14 07:22:37.719, 5, 29, 78639
2026/09/14 07:22:38.219, 4, 16, 78639
2026/09/14 07:22:38.219, 5, 0, 78639
2026/09/14 07:22:38.719, 4, 0, 78639
2026/09/14 07:22:38.719, 5, 0, 78639
2026/09/14 07:22:39.219, 4, 0, 78639
2026/09/14 07:22:39.220, 5, 0, 78639
2026/09/14 07:22:39.720, 4, 0, 78639
2026/09/14 07:22:39.720, 5, 0, 78639
2026/09/14 07:22:40.220, 4, 0, 78639
2026/09/14 07:22:40.220, 5, 0, 78639
2026/09/14 07:22:40.720, 4, 0, 78639
2026/09/14 07:22:40.720, 5, 0, 78639
2026/09/14 07:22:41.220, 4, 0, 78639
2026/09/14 07:22:41.220, 5, 0, 78639
2026/09/14 07:22:41.720, 4, 0, 78639
2026/09/14 07:22:41.721, 5, 0, 78639
2026/09/14 07:22:42.221, 4, 0, 78639
2026/09/14 07:22:42.221, 5, 0, 78639
2026/09/14 07:22:42.721, 4, 0, 78639
2026/09/14 07:22:42.721, 5, 0, 78639
2026/09/14 07:22:43.221, 4, 0, 78639
2026/09/14 07:22:43.221, 5, 0, 78639
2026/09/14 07:22:43.721, 4, 0, 78639
2026/09/14 07:22:43.721, 5, 0, 78639
2026/09/14 07:22:44.222, 4, 0, 78639
2026/09/14 07:22:44.223, 5, 0, 78639
2026/09/14 07:22:44.723, 4, 0, 78639
2026/09/14 07:22:44.723, 5, 0, 78639
2026/09/14 07:22:45.223, 4, 0, 78639
2026/09/14 07:22:45.223, 5, 12, 78639
2026/09/14 07:22:45.723, 4, 0, 78639
2026/09/14 07:22:45.723, 5, 0, 78639
2026/09/14 07:22:46.223, 4, 0, 78639
2026/09/14 07:22:46.224, 5, 6, 78639
2026/09/14 07:22:46.724, 4, 0, 78639
2026/09/14 07:22:46.724, 5, 0, 78639
2026/09/14 07:22:47.225, 4, 2, 78639
2026/09/14 07:22:47.225, 5, 12, 78639
2026/09/14 07:22:47.725, 4, 0, 78639
2026/09/14 07:22:47.725, 5, 0, 78639
2026/09/14 07:22:48.226, 4, 0, 78639
2026/09/14 07:22:48.226, 5, 0, 78639
2026/09/14 07:22:48.726, 4, 0, 78639
2026/09/14 07:22:48.726, 5, 0, 78639
2026/09/14 07:22:49.226, 4, 30, 78639
2026/09/14 07:22:49.226, 5, 30, 78639
2026/09/14 07:22:49.726, 4, 30, 78639
2026/09/14 07:22:49.726, 5, 27, 78639
2026/09/14 07:22:50.227, 4, 7, 78639
2026/09/14 07:22:50.227, 5, 0, 78639
2026/09/14 07:22:50.727, 4, 0, 78639
2026/09/14 07:22:50.727, 5, 0, 78639
2026/09/14 07:22:51.227, 4, 0, 78639
2026/09/14 07:22:51.227, 5, 0, 78639
2026/09/14 07:22:51.727, 4, 0, 78639
2026/09/14 07:22:51.727, 5, 0, 78639
2026/09/14 07:22:52.227, 4, 0, 78639
2026/09/14 07:22:52.228, 5, 0, 78639
2026/09/14 07:22:52.728, 4, 0, 78639
2026/09/14 07:22:52.728, 5, 0, 78639
2026/09/14 07:22:53.228, 4, 0, 78639
2026/09/14 07:22:53.228, 5, 0, 78639
2026/09/14 07:22:53.728, 4, 0, 78639
2026/09/14 07:22:53.728, 5, 0, 78639
2026/09/14 07:22:54.228, 4, 0, 78639
2026/09/14 07:22:54.228, 5, 0, 78639
2026/09/14 07:22:54.728, 4, 0, 78639
2026/09/14 07:22:54.728, 5, 0, 78639
2026/09/14 07:22:55.228, 4, 0, 78639
2026/09/14 07:22:55.229, 5, 0, 78639
2026/09/14 07:22:55.729, 4, 0, 78639
2026/09/14 07:22:55.729, 5, 0, 78639
2026/09/14 07:22:56.229, 4, 0, 78639
2026/09/14 07:22:56.229, 5, 0, 78639
2026/09/14 07:22:56.729, 4, 0, 78639
2026/09/14 07:22:56.730, 5, 0, 78639
2026/09/14 07:22:57.230, 4, 0, 78639
2026/09/14 07:22:57.230, 5, 0, 78639
2026/09/14 07:22:57.730, 4, 0, 78639
2026/09/14 07:22:57.730, 5, 0, 78639
2026/09/14 07:22:58.230, 4, 0, 78639
2026/09/14 07:22:58.230, 5, 0, 78639
2026/09/14 07:22:58.730, 4, 0, 78639
2026/09/14 07:22:58.730, 5, 0, 78639
2026/09/14 07:22:59.231, 4, 0, 78639
2026/09/14 07:22:59.231, 5, 0, 78639
2026/09/14 07:22:59.731, 4, 0, 78639
2026/09/14 07:22:59.731, 5, 0, 78639
2026/09/14 07:23:00.231, 4, 0, 78639
2026/09/14 07:23:00.231, 5, 0, 78639
2026/09/14 07:23:00.731, 4, 0, 78639
2026/09/14 07:23:00.731, 5, 0, 78639
2026/09/14 07:23:01.231, 4, 0, 78639
2026/09/14 07:23:01.231, 5, 0, 78639
2026/09/14 07:23:01.732, 4, 0, 78639
2026/09/14 07:23:01.732, 5, 0, 78639
2026/09/14 07:23:02.232, 4, 0, 78639
2026/09/14 07:23:02.232, 5, 0, 78639
2026/09/14 07:23:02.732, 4, 0, 78639
2026/09/14 07:23:02.733, 5, 0, 78639
2026/09/14 07:23:03.233, 4, 0, 78639
2026/09/14 07:23:03.233, 5, 0, 78639
2026/09/14 07:23:03.733, 4, 0, 78639
2026/09/14 07:23:03.733, 5, 0, 78639
2026/09/14 07:23:04.233, 4, 0, 78639
2026/09/14 07:23:04.233, 5, 0, 78639
2026/09/14 07:23:04.733, 4, 0, 78639
2026/09/14 07:23:04.733, 5, 0, 78639
2026/09/14 07:23:05.233, 4, 0, 78639
2026/09/14 07:23:05.233, 5, 0, 78639
2026/09/14 07:23:05.733, 4, 0, 78639
2026/09/14 07:23:05.734, 5, 0, 78639
2026/09/14 07:23:06.234, 4, 0, 78639
2026/09/14 07:23:06.234, 5, 0, 78639
2026/09/14 07:23:06.734, 4, 28, 78639
2026/09/14 07:23:06.735, 5, 29, 78639
2026/09/14 07:23:07.236, 4, 0, 78639
2026/09/14 07:23:07.236, 5, 0, 78639
2026/09/14 07:23:07.736, 4, 0, 78639
2026/09/14 07:23:07.737, 5, 0, 78639
2026/09/14 07:23:08.237, 4, 0, 78639
2026/09/14 07:23:08.237, 5, 0, 78639
2026/09/14 07:23:08.737, 4, 0, 78639
2026/09/14 07:23:08.737, 5, 0, 78639
2026/09/14 07:23:09.237, 4, 0, 78639
2026/09/14 07:23:09.237, 5, 0, 78639
2026/09/14 07:23:09.737, 4, 0, 78639
2026/09/14 07:23:09.737, 5, 0, 78639
2026/09/14 07:23:10.237, 4, 0, 78639
2026/09/14 07:23:10.238, 5, 0, 78639
2026/09/14 07:23:10.738, 4, 0, 78639
2026/09/14 07:23:10.738, 5, 0, 78639
2026/09/14 07:23:11.238, 4, 0, 78639
2026/09/14 07:23:11.239, 5, 0, 78639
2026/09/14 07:23:11.739, 4, 0, 78639
2026/09/14 07:23:11.739, 5, 0, 78639
2026/09/14 07:23:12.239, 4, 0, 78639
2026/09/14 07:23:12.239, 5, 0, 78639
2026/09/14 07:23:12.739, 4, 0, 78639
2026/09/14 07:23:12.740, 5, 0, 78639
2026/09/14 07:23:13.240, 4, 0, 78639
2026/09/14 07:23:13.240, 5, 0, 78639
2026/09/14 07:23:13.740, 4, 0, 78639
2026/09/14 07:23:13.740, 5, 0, 78639
2026/09/14 07:23:14.240, 4, 0, 78639
2026/09/14 07:23:14.240, 5, 0, 78639
2026/09/14 07:23:14.740, 4, 0, 78639
2026/09/14 07:23:14.741, 5, 0, 78639
2026/09/14 07:23:15.242, 4, 13, 78639
2026/09/14 07:23:15.242, 5, 12, 78639
2026/09/14 07:23:15.742, 4, 0, 78639
2026/09/14 07:23:15.742, 5, 0, 78639
2026/09/14 07:23:16.242, 4, 0, 78639
2026/09/14 07:23:16.242, 5, 0, 78639
2026/09/14 07:23:16.742, 4, 0, 78639
2026/09/14 07:23:16.742, 5, 0, 78639
2026/09/14 07:23:17.242, 4, 0, 78639
2026/09/14 07:23:17.243, 5, 0, 78639
2026/09/14 07:23:17.743, 4, 0, 78639
2026/09/14 07:23:17.743, 5, 0, 78639
2026/09/14 07:23:18.243, 4, 0, 78639
2026/09/14 07:23:18.246, 5, 0, 78639
2026/09/14 07:23:18.747, 4, 0, 78639
2026/09/14 07:23:18.747, 5, 0, 78639
2026/09/14 07:23:19.247, 4, 0, 78639
2026/09/14 07:23:19.247, 5, 7, 78639
2026/09/14 07:23:19.748, 4, 0, 78639
2026/09/14 07:23:19.748, 5, 0, 78639
2026/09/14 07:23:20.248, 4, 0, 78639
2026/09/14 07:23:20.248, 5, 12, 78639
2026/09/14 07:23:20.748, 4, 0, 78639
2026/09/14 07:23:20.749, 5, 0, 78639
2026/09/14 07:23:21.249, 4, 0, 78639
2026/09/14 07:23:21.249, 5, 0, 78639
2026/09/14 07:23:21.749, 4, 0, 78639
2026/09/14 07:23:21.749, 5, 0, 78639
2026/09/14 07:23:22.249, 4, 0, 78639
2026/09/14 07:23:22.249, 5, 0, 78639
2026/09/14 07:23:22.749, 4, 1, 78639
2026/09/14 07:23:22.749, 5, 3, 78639
2026/09/14 07:23:23.249, 4, 3, 78639
2026/09/14 07:23:23.250, 5, 3, 78639
2026/09/14 07:23:23.750, 4, 0, 78639
2026/09/14 07:23:23.750, 5, 0, 78639
2026/09/14 07:23:24.250, 4, 14, 78639
2026/09/14 07:23:24.250, 5, 13, 78639
2026/09/14 07:23:24.750, 4, 0, 78639
2026/09/14 07:23:24.750, 5, 0, 78639
2026/09/14 07:23:25.250, 4, 0, 78639
2026/09/14 07:23:25.251, 5, 0, 78639
2026/09/14 07:23:25.751, 4, 0, 78639
2026/09/14 07:23:25.751, 5, 0, 78639
2026/09/14 07:23:26.251, 4, 0, 78639
2026/09/14 07:23:26.251, 5, 0, 78639
2026/09/14 07:23:26.751, 4, 0, 78639
2026/09/14 07:23:26.751, 5, 0, 78639
2026/09/14 07:23:27.251, 4, 0, 78639
2026/09/14 07:23:27.252, 5, 0, 78639
2026/09/14 07:23:27.753, 4, 0, 78639
2026/09/14 07:23:27.753, 5, 0, 78639
2026/09/14 07:23:28.253, 4, 0, 78639
2026/09/14 07:23:28.253, 5, 0, 78639
2026/09/14 07:23:28.753, 4, 0, 78639
2026/09/14 07:23:28.753, 5, 0, 78639
2026/09/14 07:23:29.253, 4, 0, 78639
2026/09/14 07:23:29.254, 5, 0, 78639
2026/09/14 07:23:29.754, 4, 0, 78639
2026/09/14 07:23:29.754, 5, 0, 78639
2026/09/14 07:23:30.254, 4, 0, 78639
2026/09/14 07:23:30.254, 5, 0, 78639
2026/09/14 07:23:30.754, 4, 0, 78639
2026/09/14 07:23:30.754, 5, 0, 78639
2026/09/14 07:23:31.255, 4, 0, 78639
2026/09/14 07:23:31.255, 5, 0, 78639
2026/09/14 07:23:31.755, 4, 0, 78639
2026/09/14 07:23:31.755, 5, 0, 78639
2026/09/14 07:23:32.255, 4, 0, 78639
2026/09/14 07:23:32.255, 5, 0, 78639
2026/09/14 07:23:32.755, 4, 0, 78639
2026/09/14 07:23:32.755, 5, 0, 78639
2026/09/14 07:23:33.255, 4, 2, 78639
2026/09/14 07:23:33.256, 5, 2, 78639
2026/09/14 07:23:33.756, 4, 0, 78639
2026/09/14 07:23:33.756, 5, 0, 78639
2026/09/14 07:23:34.256, 4, 0, 78639
2026/09/14 07:23:34.256, 5, 0, 78639
2026/09/14 07:23:34.756, 4, 6, 78639
2026/09/14 07:23:34.756, 5, 6, 78639
2026/09/14 07:23:35.256, 4, 31, 78639
2026/09/14 07:23:35.256, 5, 31, 78639
2026/09/14 07:23:35.756, 4, 29, 78639
2026/09/14 07:23:35.756, 5, 21, 78639
2026/09/14 07:23:36.257, 4, 11, 78639
2026/09/14 07:23:36.257, 5, 16, 78639
2026/09/14 07:23:36.757, 4, 0, 78639
2026/09/14 07:23:36.757, 5, 0, 78639
2026/09/14 07:23:37.258, 4, 0, 78639
2026/09/14 07:23:37.258, 5, 0, 78639
2026/09/14 07:23:37.758, 4, 0, 78639
2026/09/14 07:23:37.758, 5, 0, 78639
2026/09/14 07:23:38.258, 4, 0, 78639
2026/09/14 07:23:38.258, 5, 0, 78639
2026/09/14 07:23:38.759, 4, 0, 78639
2026/09/14 07:23:38.759, 5, 0, 78639
2026/09/14 07:23:39.259, 4, 0, 78639
2026/09/14 07:23:39.259, 5, 0, 78639
2026/09/14 07:23:39.759, 4, 0, 78639
2026/09/14 07:23:39.759, 5, 0, 78639
2026/09/14 07:23:40.260, 4, 0, 78639
2026/09/14 07:23:40.260, 5, 0, 78639
2026/09/14 07:23:40.760, 4, 0, 78639
2026/09/14 07:23:40.760, 5, 0, 78639
2026/09/14 07:23:41.260, 4, 0, 78639
2026/09/14 07:23:41.260, 5, 0, 78639
2026/09/14 07:23:41.760, 4, 0, 78639
2026/09/14 07:23:41.760, 5, 0, 78639
2026/09/14 07:23:42.261, 4, 0, 78639
2026/09/14 07:23:42.262, 5, 0, 78639
2026/09/14 07:23:42.762, 4, 0, 78639
2026/09/14 07:23:42.762, 5, 0, 78639
2026/09/14 07:23:43.262, 4, 0, 78639
2026/09/14 07:23:43.263, 5, 0, 78639
2026/09/14 07:23:43.763, 4, 0, 78639
2026/09/14 07:23:43.763, 5, 0, 78639
2026/09/14 07:23:44.263, 4, 0, 78639
2026/09/14 07:23:44.263, 5, 0, 78639
2026/09/14 07:23:44.763, 4, 0, 78639
2026/09/14 07:23:44.764, 5, 0, 78639
2026/09/14 07:23:45.264, 4, 0, 78639
2026/09/14 07:23:45.264, 5, 0, 78639
2026/09/14 07:23:45.764, 4, 0, 78639
2026/09/14 07:23:45.764, 5, 0, 78639
2026/09/14 07:23:46.264, 4, 0, 78639
2026/09/14 07:23:46.264, 5, 0, 78639
2026/09/14 07:23:46.764, 4, 0, 78639
2026/09/14 07:23:46.764, 5, 0, 78639
2026/09/14 07:23:47.264, 4, 0, 78639
2026/09/14 07:23:47.265, 5, 0, 78639
2026/09/14 07:23:47.766, 4, 0, 78639
2026/09/14 07:23:47.766, 5, 0, 78639
2026/09/14 07:23:48.267, 4, 0, 78639
2026/09/14 07:23:48.267, 5, 0, 78639
2026/09/14 07:23:48.767, 4, 0, 78639
2026/09/14 07:23:48.767, 5, 0, 78639
2026/09/14 07:23:49.267, 4, 0, 78639
2026/09/14 07:23:49.267, 5, 0, 78639
2026/09/14 07:23:49.767, 4, 0, 78639
2026/09/14 07:23:49.767, 5, 0, 78639
2026/09/14 07:23:50.267, 4, 0, 78639
2026/09/14 07:23:50.267, 5, 0, 78639
2026/09/14 07:23:50.768, 4, 0, 78639
2026/09/14 07:23:50.768, 5, 0, 78639
2026/09/14 07:23:51.268, 4, 0, 78639
2026/09/14 07:23:51.268, 5, 0, 78639
2026/09/14 07:23:51.768, 4, 0, 78639
2026/09/14 07:23:51.768, 5, 0, 78639
2026/09/14 07:23:52.268, 4, 0, 78639
2026/09/14 07:23:52.268, 5, 0, 78639
2026/09/14 07:23:52.768, 4, 27, 78639
2026/09/14 07:23:52.768, 5, 28, 78639
2026/09/14 07:23:53.268, 4, 0, 78639
2026/09/14 07:23:53.269, 5, 0, 78639
2026/09/14 07:23:53.769, 4, 0, 78639
2026/09/14 07:23:53.769, 5, 0, 78639
2026/09/14 07:23:54.269, 4, 0, 78639
2026/09/14 07:23:54.269, 5, 0, 78639
2026/09/14 07:23:54.769, 4, 0, 78639
2026/09/14 07:23:54.769, 5, 0, 78639
2026/09/14 07:23:55.269, 4, 0, 78639
2026/09/14 07:23:55.269, 5, 0, 78639
2026/09/14 07:23:55.769, 4, 0, 78639
2026/09/14 07:23:55.769, 5, 0, 78639
2026/09/14 07:23:56.270, 4, 0, 78639
2026/09/14 07:23:56.270, 5, 0, 78639
2026/09/14 07:23:56.770, 4, 0, 78639
2026/09/14 07:23:56.771, 5, 0, 78639
2026/09/14 07:23:57.271, 4, 0, 78639
2026/09/14 07:23:57.271, 5, 0, 78639
2026/09/14 07:23:57.771, 4, 0, 78639
2026/09/14 07:23:57.771, 5, 0, 78639
2026/09/14 07:23:58.272, 4, 0, 78639
2026/09/14 07:23:58.272, 5, 0, 78639
2026/09/14 07:23:58.772, 4, 0, 78639
2026/09/14 07:23:58.772, 5, 0, 78639
2026/09/14 07:23:59.272, 4, 0, 78639
2026/09/14 07:23:59.272, 5, 0, 78639
2026/09/14 07:23:59.772, 4, 0, 78639
2026/09/14 07:23:59.772, 5, 0, 78639
2026/09/14 07:24:00.272, 4, 0, 78639
2026/09/14 07:24:00.272, 5, 0, 78639
2026/09/14 07:24:00.772, 4, 0, 78639
2026/09/14 07:24:00.772, 5, 0, 78639
2026/09/14 07:24:01.273, 4, 2, 78639
2026/09/14 07:24:01.273, 5, 18, 78639
2026/09/14 07:24:01.773, 4, 0, 78639
2026/09/14 07:24:01.773, 5, 0, 78639
2026/09/14 07:24:02.273, 4, 0, 78639
2026/09/14 07:24:02.273, 5, 0, 78639
2026/09/14 07:24:02.773, 4, 0, 78639
2026/09/14 07:24:02.773, 5, 0, 78639
2026/09/14 07:24:03.273, 4, 12, 78639
2026/09/14 07:24:03.273, 5, 0, 78639
2026/09/14 07:24:03.774, 4, 0, 78639
2026/09/14 07:24:03.774, 5, 0, 78639
2026/09/14 07:24:04.274, 4, 9, 78639
2026/09/14 07:24:04.274, 5, 0, 78639
2026/09/14 07:24:04.774, 4, 0, 78639
2026/09/14 07:24:04.774, 5, 0, 78639
2026/09/14 07:24:05.274, 4, 0, 78639
2026/09/14 07:24:05.274, 5, 9, 78639
2026/09/14 07:24:05.774, 4, 0, 78639
2026/09/14 07:24:05.775, 5, 0, 78639
2026/09/14 07:24:06.275, 4, 49, 78639
2026/09/14 07:24:06.275, 5, 47, 78639
2026/09/14 07:24:06.775, 4, 100, 78639
2026/09/14 07:24:06.775, 5, 100, 78639
2026/09/14 07:24:07.275, 4, 100, 78639
2026/09/14 07:24:07.313, 5, 100, 78639
2026/09/14 07:24:07.814, 4, 90, 78639
2026/09/14 07:24:07.814, 5, 95, 78639
2026/09/14 07:24:08.315, 4, 100, 78639
2026/09/14 07:24:08.316, 5, 100, 78639
2026/09/14 07:24:08.817, 4, 100, 78639
2026/09/14 07:24:08.817, 5, 100, 78639
2026/09/14 07:24:09.317, 4, 90, 78639
2026/09/14 07:24:09.317, 5, 90, 78639
2026/09/14 07:24:09.817, 4, 99, 78639
2026/09/14 07:24:09.817, 5, 100, 78639
2026/09/14 07:24:10.317, 4, 100, 78639
2026/09/14 07:24:10.317, 5, 100, 78639
2026/09/14 07:24:10.818, 4, 89, 78639
2026/09/14 07:24:10.818, 5, 58, 78639
2026/09/14 07:24:11.318, 4, 99, 78639
2026/09/14 07:24:11.318, 5, 99, 78639
2026/09/14 07:24:11.818, 4, 100, 78639
2026/09/14 07:24:11.818, 5, 100, 78639
2026/09/14 07:24:12.318, 4, 78, 78639
2026/09/14 07:24:12.318, 5, 82, 78639
2026/09/14 07:24:12.818, 4, 99, 78639
2026/09/14 07:24:12.820, 5, 100, 78639
2026/09/14 07:24:13.320, 4, 100, 78639
2026/09/14 07:24:13.321, 5, 100, 78639
2026/09/14 07:24:13.821, 4, 100, 78639
2026/09/14 07:24:13.821, 5, 91, 78639
2026/09/14 07:24:14.321, 4, 99, 78639
2026/09/14 07:24:14.321, 5, 99, 78639
2026/09/14 07:24:14.821, 4, 100, 78639
2026/09/14 07:24:14.821, 5, 100, 78639
2026/09/14 07:24:15.321, 4, 100, 78639
2026/09/14 07:24:15.321, 5, 100, 78639
2026/09/14 07:24:15.822, 4, 99, 78639
2026/09/14 07:24:15.823, 5, 100, 78639
2026/09/14 07:24:16.324, 4, 100, 78639
2026/09/14 07:24:16.324, 5, 100, 78639
2026/09/14 07:24:16.825, 4, 100, 78639
2026/09/14 07:24:16.825, 5, 72, 78639
2026/09/14 07:24:17.325, 4, 99, 78639
2026/09/14 07:24:17.325, 5, 99, 78639
2026/09/14 07:24:17.826, 4, 100, 78639
2026/09/14 07:24:17.826, 5, 100, 78639
2026/09/14 07:24:18.326, 4, 100, 78639
2026/09/14 07:24:18.326, 5, 100, 78639
2026/09/14 07:24:18.826, 4, 93, 78639
2026/09/14 07:24:18.826, 5, 99, 78639
2026/09/14 07:24:19.327, 4, 100, 78639
2026/09/14 07:24:19.327, 5, 100, 78639
2026/09/14 07:24:19.827, 4, 100, 78639
2026/09/14 07:24:19.827, 5, 100, 78639
2026/09/14 07:24:20.327, 4, 99, 78639
2026/09/14 07:24:20.327, 5, 99, 78639
2026/09/14 07:24:20.827, 4, 100, 78639
2026/09/14 07:24:20.827, 5, 100, 78639
2026/09/14 07:24:21.327, 4, 100, 78639
2026/09/14 07:24:21.328, 5, 100, 78639
2026/09/14 07:24:21.828, 4, 93, 78639
2026/09/14 07:24:21.828, 5, 99, 78639
2026/09/14 07:24:22.328, 4, 100, 78639
2026/09/14 07:24:22.328, 5, 100, 78639
2026/09/14 07:24:22.828, 4, 100, 78639
2026/09/14 07:24:22.828, 5, 100, 78639
2026/09/14 07:24:23.328, 4, 99, 78639
2026/09/14 07:24:23.329, 5, 99, 78639
2026/09/14 07:24:23.830, 4, 100, 78639
2026/09/14 07:24:23.830, 5, 100, 78639
2026/09/14 07:24:24.331, 4, 100, 78639
2026/09/14 07:24:24.331, 5, 100, 78639
2026/09/14 07:24:24.831, 4, 50, 78639
2026/09/14 07:24:24.831, 5, 99, 78639
2026/09/14 07:24:25.331, 4, 100, 78639
2026/09/14 07:24:25.331, 5, 100, 78639
2026/09/14 07:24:25.832, 4, 100, 78639
2026/09/14 07:24:25.832, 5, 100, 78639
2026/09/14 07:24:26.332, 4, 91, 78639
2026/09/14 07:24:26.332, 5, 91, 78639
2026/09/14 07:24:26.832, 4, 100, 78639
2026/09/14 07:24:26.833, 5, 100, 78639
2026/09/14 07:24:27.333, 4, 100, 78639
2026/09/14 07:24:27.335, 5, 100, 78639
2026/09/14 07:24:27.835, 4, 91, 78639
2026/09/14 07:24:27.836, 5, 99, 78639
2026/09/14 07:24:28.336, 4, 100, 78639
2026/09/14 07:24:28.336, 5, 100, 78639
2026/09/14 07:24:28.837, 4, 100, 78639
2026/09/14 07:24:28.837, 5, 100, 78639
2026/09/14 07:24:29.337, 4, 57, 78639
2026/09/14 07:24:29.337, 5, 57, 78639
2026/09/14 07:24:29.837, 4, 99, 78639
2026/09/14 07:24:29.837, 5, 100, 78639
2026/09/14 07:24:30.337, 4, 100, 78639
2026/09/14 07:24:30.337, 5, 100, 78639
2026/09/14 07:24:30.839, 4, 100, 78639
2026/09/14 07:24:30.839, 5, 54, 78639
2026/09/14 07:24:31.339, 4, 99, 78639
2026/09/14 07:24:31.339, 5, 100, 78639
2026/09/14 07:24:31.840, 4, 100, 78639
2026/09/14 07:24:31.840, 5, 100, 78639
2026/09/14 07:24:32.341, 4, 95, 78639
2026/09/14 07:24:32.341, 5, 97, 78639
2026/09/14 07:24:32.841, 4, 99, 78639
2026/09/14 07:24:32.841, 5, 100, 78639
2026/09/14 07:24:33.341, 4, 100, 78639
2026/09/14 07:24:33.341, 5, 100, 78639
2026/09/14 07:24:33.841, 4, 100, 78639
2026/09/14 07:24:33.841, 5, 91, 78639
2026/09/14 07:24:34.341, 4, 99, 78639
2026/09/14 07:24:34.343, 5, 100, 78639
2026/09/14 07:24:34.843, 4, 100, 78639
2026/09/14 07:24:34.844, 5, 100, 78639
2026/09/14 07:24:35.345, 4, 93, 78639
2026/09/14 07:24:35.345, 5, 95, 78639
2026/09/14 07:24:35.845, 4, 99, 78639
2026/09/14 07:24:35.845, 5, 99, 78639
2026/09/14 07:24:36.345, 4, 100, 78639
2026/09/14 07:24:36.345, 5, 100, 78639
2026/09/14 07:24:36.845, 4, 100, 78639
2026/09/14 07:24:36.847, 5, 85, 78639
2026/09/14 07:24:37.347, 4, 99, 78639
2026/09/14 07:24:37.348, 5, 71, 78639
2026/09/14 07:24:37.848, 4, 100, 78639
2026/09/14 07:24:37.848, 5, 100, 78639
2026/09/14 07:24:38.348, 4, 100, 78639
2026/09/14 07:24:38.348, 5, 100, 78639
2026/09/14 07:24:38.848, 4, 99, 78639
2026/09/14 07:24:38.849, 5, 99, 78639
2026/09/14 07:24:39.349, 4, 100, 78639
2026/09/14 07:24:39.349, 5, 100, 78639
2026/09/14 07:24:39.849, 4, 100, 78639
2026/09/14 07:24:39.849, 5, 100, 78639
2026/09/14 07:24:40.349, 4, 99, 78639
2026/09/14 07:24:40.350, 5, 91, 78639
2026/09/14 07:24:40.850, 4, 100, 78639
2026/09/14 07:24:40.850, 5, 100, 78639
2026/09/14 07:24:41.350, 4, 100, 78639
2026/09/14 07:24:41.350, 5, 100, 78639
2026/09/14 07:24:41.850, 4, 76, 78639
2026/09/14 07:24:41.850, 5, 75, 78639
2026/09/14 07:24:42.350, 4, 100, 78639
2026/09/14 07:24:42.350, 5, 100, 78639
2026/09/14 07:24:42.850, 4, 100, 78639
2026/09/14 07:24:42.850, 5, 100, 78639
2026/09/14 07:24:43.351, 4, 89, 78639
2026/09/14 07:24:43.351, 5, 65, 78639
2026/09/14 07:24:43.851, 4, 99, 78639
2026/09/14 07:24:43.851, 5, 100, 78639
2026/09/14 07:24:44.351, 4, 100, 78639
2026/09/14 07:24:44.351, 5, 100, 78639
2026/09/14 07:24:44.852, 4, 100, 78639
2026/09/14 07:24:44.852, 5, 90, 78639
2026/09/14 07:24:45.352, 4, 99, 78639
2026/09/14 07:24:45.352, 5, 99, 78639
2026/09/14 07:24:45.852, 4, 100, 78639
2026/09/14 07:24:45.852, 5, 100, 78639
2026/09/14 07:24:46.352, 4, 100, 78639
2026/09/14 07:24:46.352, 5, 100, 78639
2026/09/14 07:24:46.852, 4, 99, 78639
2026/09/14 07:24:46.853, 5, 100, 78639
2026/09/14 07:24:47.354, 4, 100, 78639
2026/09/14 07:24:47.354, 5, 100, 78639
2026/09/14 07:24:47.854, 4, 100, 78639
2026/09/14 07:24:47.854, 5, 58, 78639
2026/09/14 07:24:48.354, 4, 99, 78639
2026/09/14 07:24:48.354, 5, 99, 78639
2026/09/14 07:24:48.854, 4, 100, 78639
2026/09/14 07:24:48.854, 5, 100, 78639
2026/09/14 07:24:49.354, 4, 100, 78639
2026/09/14 07:24:49.354, 5, 100, 78639
2026/09/14 07:24:49.855, 4, 99, 78639
2026/09/14 07:24:49.855, 5, 99, 78639
2026/09/14 07:24:50.355, 4, 100, 78639
2026/09/14 07:24:50.355, 5, 100, 78639
2026/09/14 07:24:50.855, 4, 100, 78639
2026/09/14 07:24:50.855, 5, 100, 78639
2026/09/14 07:24:51.356, 4, 99, 78639
2026/09/14 07:24:51.356, 5, 99, 78639
2026/09/14 07:24:51.856, 4, 100, 78639
2026/09/14 07:24:51.856, 5, 100, 78639
2026/09/14 07:24:52.356, 4, 100, 78639
2026/09/14 07:24:52.356, 5, 100, 78639
2026/09/14 07:24:52.856, 4, 99, 78639
2026/09/14 07:24:52.856, 5, 99, 78639
2026/09/14 07:24:53.356, 4, 100, 78639
2026/09/14 07:24:53.356, 5, 100, 78639
2026/09/14 07:24:53.857, 4, 100, 78639
2026/09/14 07:24:53.857, 5, 100, 78639
2026/09/14 07:24:54.357, 4, 99, 78639
2026/09/14 07:24:54.381, 5, 99, 78639
2026/09/14 07:24:54.881, 4, 100, 78639
2026/09/14 07:24:54.881, 5, 100, 78639
2026/09/14 07:24:55.381, 4, 100, 78639
2026/09/14 07:24:55.382, 5, 100, 78639
2026/09/14 07:24:55.882, 4, 99, 78639
2026/09/14 07:24:55.882, 5, 99, 78639
2026/09/14 07:24:56.383, 4, 100, 78639
2026/09/14 07:24:56.383, 5, 100, 78639
2026/09/14 07:24:56.883, 4, 100, 78639
2026/09/14 07:24:56.883, 5, 100, 78639
2026/09/14 07:24:57.383, 4, 91, 78639
2026/09/14 07:24:57.383, 5, 91, 78639
2026/09/14 07:24:57.883, 4, 100, 78639
2026/09/14 07:24:57.883, 5, 100, 78639
2026/09/14 07:24:58.383, 4, 100, 78639
2026/09/14 07:24:58.384, 5, 100, 78639
2026/09/14 07:24:58.884, 4, 99, 78639
2026/09/14 07:24:58.884, 5, 99, 78639
2026/09/14 07:24:59.384, 4, 100, 78639
2026/09/14 07:24:59.384, 5, 100, 78639
2026/09/14 07:24:59.885, 4, 100, 78639
2026/09/14 07:24:59.885, 5, 100, 78639
2026/09/14 07:25:00.385, 4, 45, 78639
2026/09/14 07:25:00.385, 5, 45, 78639
2026/09/14 07:25:00.885, 4, 100, 78639
2026/09/14 07:25:00.885, 5, 100, 78639
2026/09/14 07:25:01.385, 4, 100, 78639
2026/09/14 07:25:01.386, 5, 100, 78639
2026/09/14 07:25:01.886, 4, 46, 78639
2026/09/14 07:25:01.886, 5, 44, 78639
2026/09/14 07:25:02.386, 4, 99, 78639
2026/09/14 07:25:02.386, 5, 100, 78639
2026/09/14 07:25:02.886, 4, 100, 78639
2026/09/14 07:25:02.886, 5, 100, 78639
2026/09/14 07:25:03.386, 4, 97, 78639
2026/09/14 07:25:03.386, 5, 99, 78639
2026/09/14 07:25:03.886, 4, 100, 78639
2026/09/14 07:25:03.887, 5, 100, 78639
2026/09/14 07:25:04.387, 4, 100, 78639
2026/09/14 07:25:04.387, 5, 100, 78639
2026/09/14 07:25:04.888, 4, 91, 78639
2026/09/14 07:25:04.888, 5, 91, 78639
2026/09/14 07:25:05.388, 4, 99, 78639
2026/09/14 07:25:05.388, 5, 99, 78639
2026/09/14 07:25:05.888, 4, 100, 78639
2026/09/14 07:25:05.888, 5, 100, 78639
2026/09/14 07:25:06.388, 4, 100, 78639
2026/09/14 07:25:06.388, 5, 100, 78639
2026/09/14 07:25:06.888, 4, 99, 78639
2026/09/14 07:25:06.888, 5, 100, 78639
2026/09/14 07:25:07.389, 4, 100, 78639
2026/09/14 07:25:07.389, 5, 100, 78639
2026/09/14 07:25:07.889, 4, 90, 78639
2026/09/14 07:25:07.889, 5, 94, 78639
2026/09/14 07:25:08.389, 4, 99, 78639
2026/09/14 07:25:08.389, 5, 99, 78639
2026/09/14 07:25:08.890, 4, 100, 78639
2026/09/14 07:25:08.890, 5, 100, 78639
2026/09/14 07:25:09.390, 4, 100, 78639
2026/09/14 07:25:09.390, 5, 100, 78639
2026/09/14 07:25:09.890, 4, 99, 78639
2026/09/14 07:25:09.890, 5, 99, 78639
2026/09/14 07:25:10.390, 4, 100, 78639
2026/09/14 07:25:10.390, 5, 100, 78639
2026/09/14 07:25:10.890, 4, 100, 78639
2026/09/14 07:25:10.890, 5, 100, 78639
2026/09/14 07:25:11.391, 4, 99, 78639
2026/09/14 07:25:11.391, 5, 99, 78639
2026/09/14 07:25:11.891, 4, 100, 78639
2026/09/14 07:25:11.891, 5, 100, 78639
2026/09/14 07:25:12.391, 4, 100, 78639
2026/09/14 07:25:12.391, 5, 100, 78639
2026/09/14 07:25:12.891, 4, 99, 78639
2026/09/14 07:25:12.891, 5, 99, 78639
2026/09/14 07:25:13.391, 4, 100, 78639
2026/09/14 07:25:13.393, 5, 100, 78639
2026/09/14 07:25:13.894, 4, 100, 78639
2026/09/14 07:25:13.894, 5, 100, 78639
2026/09/14 07:25:14.394, 4, 63, 78639
2026/09/14 07:25:14.394, 5, 82, 78639
2026/09/14 07:25:14.894, 4, 100, 78639
2026/09/14 07:25:14.895, 5, 100, 78639
2026/09/14 07:25:15.395, 4, 100, 78639
2026/09/14 07:25:15.395, 5, 100, 78639
2026/09/14 07:25:15.895, 4, 99, 78639
2026/09/14 07:25:15.895, 5, 90, 78639
2026/09/14 07:25:16.396, 4, 100, 78639
2026/09/14 07:25:16.396, 5, 99, 78639
2026/09/14 07:25:16.896, 4, 100, 78639
2026/09/14 07:25:16.896, 5, 100, 78639
2026/09/14 07:25:17.396, 4, 100, 78639
2026/09/14 07:25:17.396, 5, 100, 78639
2026/09/14 07:25:17.896, 4, 99, 78639
2026/09/14 07:25:17.896, 5, 100, 78639
2026/09/14 07:25:18.396, 4, 100, 78639
2026/09/14 07:25:18.397, 5, 100, 78639
2026/09/14 07:25:18.897, 4, 91, 78639
2026/09/14 07:25:18.897, 5, 100, 78639
2026/09/14 07:25:19.397, 4, 99, 78639
2026/09/14 07:25:19.397, 5, 99, 78639
2026/09/14 07:25:19.897, 4, 100, 78639
2026/09/14 07:25:19.897, 5, 100, 78639
2026/09/14 07:25:20.397, 4, 100, 78639
2026/09/14 07:25:20.397, 5, 100, 78639
2026/09/14 07:25:20.898, 4, 99, 78639
2026/09/14 07:25:20.898, 5, 99, 78639
2026/09/14 07:25:21.398, 4, 100, 78639
2026/09/14 07:25:21.398, 5, 100, 78639
2026/09/14 07:25:21.898, 4, 100, 78639
2026/09/14 07:25:21.898, 5, 100, 78639
2026/09/14 07:25:22.398, 4, 99, 78639
2026/09/14 07:25:22.398, 5, 97, 78639
2026/09/14 07:25:22.898, 4, 100, 78639
2026/09/14 07:25:22.898, 5, 100, 78639
2026/09/14 07:25:23.399, 4, 100, 78639
2026/09/14 07:25:23.399, 5, 100, 78639
2026/09/14 07:25:23.899, 4, 99, 78639
2026/09/14 07:25:23.899, 5, 99, 78639
2026/09/14 07:25:24.399, 4, 100, 78639
2026/09/14 07:25:24.400, 5, 100, 78639
2026/09/14 07:25:24.900, 4, 100, 78639
2026/09/14 07:25:24.900, 5, 100, 78639
2026/09/14 07:25:25.401, 4, 64, 78639
2026/09/14 07:25:25.401, 5, 56, 78639
2026/09/14 07:25:25.901, 4, 100, 78639
2026/09/14 07:25:25.901, 5, 100, 78639
2026/09/14 07:25:26.401, 4, 100, 78639
2026/09/14 07:25:26.401, 5, 100, 78639
2026/09/14 07:25:26.901, 4, 71, 78639
2026/09/14 07:25:26.901, 5, 57, 78639
2026/09/14 07:25:27.402, 4, 100, 78639
2026/09/14 07:25:27.402, 5, 100, 78639
2026/09/14 07:25:27.902, 4, 100, 78639
2026/09/14 07:25:27.902, 5, 100, 78639
2026/09/14 07:25:28.402, 4, 92, 78639
2026/09/14 07:25:28.402, 5, 92, 78639
2026/09/14 07:25:28.902, 4, 100, 78639
2026/09/14 07:25:28.902, 5, 100, 78639
2026/09/14 07:25:29.403, 4, 100, 78639
2026/09/14 07:25:29.403, 5, 100, 78639
2026/09/14 07:25:29.903, 4, 91, 78639
2026/09/14 07:25:29.903, 5, 91, 78639
2026/09/14 07:25:30.403, 4, 99, 78639
2026/09/14 07:25:30.403, 5, 100, 78639
2026/09/14 07:25:30.903, 4, 100, 78639
2026/09/14 07:25:30.904, 5, 100, 78639
2026/09/14 07:25:31.404, 4, 87, 78639
2026/09/14 07:25:31.405, 5, 100, 78639
2026/09/14 07:25:31.905, 4, 99, 78639
2026/09/14 07:25:31.905, 5, 100, 78639
2026/09/14 07:25:32.405, 4, 100, 78639
2026/09/14 07:25:32.405, 5, 100, 78639
2026/09/14 07:25:32.905, 4, 78, 78639
2026/09/14 07:25:32.906, 5, 96, 78639
2026/09/14 07:25:33.406, 4, 99, 78639
2026/09/14 07:25:33.406, 5, 99, 78639
2026/09/14 07:25:33.906, 4, 100, 78639
2026/09/14 07:25:33.907, 5, 100, 78639
2026/09/14 07:25:34.407, 4, 100, 78639
2026/09/14 07:25:34.407, 5, 100, 78639
2026/09/14 07:25:34.907, 4, 99, 78639
2026/09/14 07:25:34.907, 5, 99, 78639
2026/09/14 07:25:35.407, 4, 100, 78639
2026/09/14 07:25:35.407, 5, 100, 78639
2026/09/14 07:25:35.908, 4, 100, 78639
2026/09/14 07:25:35.908, 5, 100, 78639
2026/09/14 07:25:36.408, 4, 99, 78639
2026/09/14 07:25:36.408, 5, 99, 78639
2026/09/14 07:25:36.908, 4, 100, 78639
2026/09/14 07:25:36.908, 5, 100, 78639
2026/09/14 07:25:37.408, 4, 100, 78639
2026/09/14 07:25:37.409, 5, 100, 78639
2026/09/14 07:25:37.909, 4, 99, 78639
2026/09/14 07:25:37.909, 5, 99, 78639
2026/09/14 07:25:38.409, 4, 100, 78639
2026/09/14 07:25:38.409, 5, 100, 78639
2026/09/14 07:25:38.909, 4, 100, 78639
2026/09/14 07:25:38.909, 5, 100, 78639
2026/09/14 07:25:39.410, 4, 88, 78639
2026/09/14 07:25:39.410, 5, 61, 78639
2026/09/14 07:25:39.910, 4, 100, 78639
2026/09/14 07:25:39.910, 5, 100, 78639
2026/09/14 07:25:40.410, 4, 100, 78639
2026/09/14 07:25:40.410, 5, 100, 78639
2026/09/14 07:25:40.910, 4, 99, 78639
2026/09/14 07:25:40.910, 5, 99, 78639
2026/09/14 07:25:41.410, 4, 100, 78639
2026/09/14 07:25:41.410, 5, 100, 78639
2026/09/14 07:25:41.911, 4, 100, 78639
2026/09/14 07:25:41.911, 5, 100, 78639
2026/09/14 07:25:42.411, 4, 91, 78639
2026/09/14 07:25:42.411, 5, 91, 78639
2026/09/14 07:25:42.911, 4, 100, 78639
2026/09/14 07:25:42.911, 5, 100, 78639
2026/09/14 07:25:43.411, 4, 100, 78639
2026/09/14 07:25:43.411, 5, 100, 78639
2026/09/14 07:25:43.911, 4, 84, 78639
2026/09/14 07:25:43.912, 5, 55, 78639
2026/09/14 07:25:44.412, 4, 100, 78639
2026/09/14 07:25:44.412, 5, 99, 78639
2026/09/14 07:25:44.912, 4, 100, 78639
2026/09/14 07:25:44.912, 5, 100, 78639
2026/09/14 07:25:45.412, 4, 59, 78639
2026/09/14 07:25:45.412, 5, 92, 78639
2026/09/14 07:25:45.913, 4, 100, 78639
2026/09/14 07:25:45.913, 5, 100, 78639
2026/09/14 07:25:46.413, 4, 100, 78639
2026/09/14 07:25:46.413, 5, 100, 78639
2026/09/14 07:25:46.913, 4, 91, 78639
2026/09/14 07:25:46.913, 5, 92, 78639
2026/09/14 07:25:47.413, 4, 99, 78639
2026/09/14 07:25:47.413, 5, 99, 78639
2026/09/14 07:25:47.914, 4, 100, 78639
2026/09/14 07:25:47.915, 5, 100, 78639
2026/09/14 07:25:48.415, 4, 100, 78639
2026/09/14 07:25:48.415, 5, 100, 78639
2026/09/14 07:25:48.915, 4, 99, 78639
2026/09/14 07:25:48.916, 5, 100, 78639
2026/09/14 07:25:49.416, 4, 100, 78639
2026/09/14 07:25:49.416, 5, 100, 78639
2026/09/14 07:25:49.916, 4, 100, 78639
2026/09/14 07:25:49.916, 5, 100, 78639
2026/09/14 07:25:50.416, 4, 92, 78639
2026/09/14 07:25:50.417, 5, 99, 78639
2026/09/14 07:25:50.917, 4, 100, 78639
2026/09/14 07:25:50.917, 5, 100, 78639
2026/09/14 07:25:51.417, 4, 100, 78639
2026/09/14 07:25:51.417, 5, 100, 78639
2026/09/14 07:25:51.917, 4, 98, 78639
2026/09/14 07:25:51.918, 5, 99, 78639
2026/09/14 07:25:52.419, 4, 100, 78639
2026/09/14 07:25:52.419, 5, 100, 78639
2026/09/14 07:25:52.919, 4, 100, 78639
2026/09/14 07:25:52.919, 5, 100, 78639
2026/09/14 07:25:53.419, 4, 91, 78639
2026/09/14 07:25:53.419, 5, 91, 78639
2026/09/14 07:25:53.919, 4, 100, 78639
2026/09/14 07:25:53.919, 5, 100, 78639
2026/09/14 07:25:54.420, 4, 100, 78639
2026/09/14 07:25:54.420, 5, 100, 78639
2026/09/14 07:25:54.920, 4, 90, 78639
2026/09/14 07:25:54.921, 5, 91, 78639
2026/09/14 07:25:55.421, 4, 100, 78639
2026/09/14 07:25:55.421, 5, 100, 78639
2026/09/14 07:25:55.921, 4, 100, 78639
2026/09/14 07:25:55.921, 5, 100, 78639
2026/09/14 07:25:56.421, 4, 62, 78639
2026/09/14 07:25:56.421, 5, 100, 78639
2026/09/14 07:25:56.922, 4, 100, 78639
2026/09/14 07:25:56.922, 5, 100, 78639
2026/09/14 07:25:57.422, 4, 100, 78639
2026/09/14 07:25:57.422, 5, 100, 78639
2026/09/14 07:25:57.923, 4, 56, 78639
2026/09/14 07:25:57.923, 5, 94, 78639
2026/09/14 07:25:58.423, 4, 99, 78639
2026/09/14 07:25:58.423, 5, 99, 78639
2026/09/14 07:25:58.923, 4, 100, 78639
2026/09/14 07:25:58.923, 5, 100, 78639
2026/09/14 07:25:59.423, 4, 100, 78639
2026/09/14 07:25:59.424, 5, 100, 78639
2026/09/14 07:25:59.924, 4, 99, 78639
2026/09/14 07:25:59.924, 5, 99, 78639
2026/09/14 07:26:00.425, 4, 100, 78639
2026/09/14 07:26:00.425, 5, 100, 78639
2026/09/14 07:26:00.925, 4, 97, 78639
2026/09/14 07:26:00.925, 5, 100, 78639
2026/09/14 07:26:01.425, 4, 99, 78639
2026/09/14 07:26:01.425, 5, 99, 78639
2026/09/14 07:26:01.925, 4, 100, 78639
2026/09/14 07:26:01.926, 5, 100, 78639
2026/09/14 07:26:02.426, 4, 100, 78639
2026/09/14 07:26:02.437, 5, 99, 78639
2026/09/14 07:26:02.938, 4, 99, 78639
2026/09/14 07:26:02.938, 5, 99, 78639
2026/09/14 07:26:03.438, 4, 100, 78639
2026/09/14 07:26:03.441, 5, 100, 78639
2026/09/14 07:26:03.942, 4, 100, 78639
2026/09/14 07:26:03.942, 5, 100, 78639
2026/09/14 07:26:04.442, 4, 99, 78639
2026/09/14 07:26:04.443, 5, 99, 78639
2026/09/14 07:26:04.943, 4, 100, 78639
2026/09/14 07:26:04.943, 5, 100, 78639
2026/09/14 07:26:05.444, 4, 100, 78639
2026/09/14 07:26:05.444, 5, 100, 78639
2026/09/14 07:26:05.944, 4, 99, 78639
2026/09/14 07:26:05.944, 5, 99, 78639
2026/09/14 07:26:06.444, 4, 100, 78639
2026/09/14 07:26:06.444, 5, 100, 78639
2026/09/14 07:26:06.944, 4, 100, 78639
2026/09/14 07:26:06.945, 5, 100, 78639
2026/09/14 07:26:07.446, 4, 99, 78639
2026/09/14 07:26:07.446, 5, 99, 78639
2026/09/14 07:26:07.946, 4, 100, 78639
2026/09/14 07:26:07.946, 5, 100, 78639
2026/09/14 07:26:08.447, 4, 100, 78639
2026/09/14 07:26:08.447, 5, 100, 78639
2026/09/14 07:26:08.947, 4, 99, 78639
2026/09/14 07:26:08.947, 5, 61, 78639
2026/09/14 07:26:09.447, 4, 100, 78639
2026/09/14 07:26:09.447, 5, 100, 78639
2026/09/14 07:26:09.947, 4, 100, 78639
2026/09/14 07:26:09.947, 5, 100, 78639
2026/09/14 07:26:10.447, 4, 53, 78639
2026/09/14 07:26:10.447, 5, 61, 78639
2026/09/14 07:26:10.948, 4, 100, 78639
2026/09/14 07:26:10.948, 5, 100, 78639
2026/09/14 07:26:11.448, 4, 100, 78639
2026/09/14 07:26:11.448, 5, 100, 78639
2026/09/14 07:26:11.948, 4, 91, 78639
2026/09/14 07:26:11.948, 5, 92, 78639
2026/09/14 07:26:12.448, 4, 99, 78639
2026/09/14 07:26:12.449, 5, 100, 78639
2026/09/14 07:26:12.949, 4, 100, 78639
2026/09/14 07:26:12.949, 5, 100, 78639
2026/09/14 07:26:13.449, 4, 92, 78639
2026/09/14 07:26:13.449, 5, 91, 78639
2026/09/14 07:26:13.949, 4, 100, 78639
2026/09/14 07:26:13.949, 5, 100, 78639
2026/09/14 07:26:14.449, 4, 100, 78639
2026/09/14 07:26:14.449, 5, 100, 78639
2026/09/14 07:26:14.950, 4, 59, 78639
2026/09/14 07:26:14.950, 5, 99, 78639
2026/09/14 07:26:15.450, 4, 99, 78639
2026/09/14 07:26:15.450, 5, 99, 78639
2026/09/14 07:26:15.950, 4, 100, 78639
2026/09/14 07:26:15.950, 5, 100, 78639
2026/09/14 07:26:16.451, 4, 100, 78639
2026/09/14 07:26:16.451, 5, 89, 78639
2026/09/14 07:26:16.951, 4, 99, 78639
2026/09/14 07:26:16.951, 5, 99, 78639
2026/09/14 07:26:17.451, 4, 100, 78639
2026/09/14 07:26:17.451, 5, 100, 78639
2026/09/14 07:26:17.951, 4, 100, 78639
2026/09/14 07:26:17.951, 5, 100, 78639
2026/09/14 07:26:18.451, 4, 91, 78639
2026/09/14 07:26:18.451, 5, 99, 78639
2026/09/14 07:26:18.951, 4, 100, 78639
2026/09/14 07:26:18.952, 5, 100, 78639
2026/09/14 07:26:19.453, 4, 100, 78639
2026/09/14 07:26:19.453, 5, 100, 78639
2026/09/14 07:26:19.954, 4, 99, 78639
2026/09/14 07:26:19.956, 5, 99, 78639
2026/09/14 07:26:20.457, 4, 100, 78639
2026/09/14 07:26:20.457, 5, 100, 78639
2026/09/14 07:26:20.957, 4, 100, 78639
2026/09/14 07:26:20.957, 5, 100, 78639
2026/09/14 07:26:21.457, 4, 56, 78639
2026/09/14 07:26:21.457, 5, 99, 78639
2026/09/14 07:26:21.957, 4, 100, 78639
2026/09/14 07:26:21.957, 5, 100, 78639
2026/09/14 07:26:22.458, 4, 100, 78639
2026/09/14 07:26:22.458, 5, 100, 78639
2026/09/14 07:26:22.958, 4, 54, 78639
2026/09/14 07:26:22.958, 5, 66, 78639
2026/09/14 07:26:23.460, 4, 99, 78639
2026/09/14 07:26:23.460, 5, 100, 78639
2026/09/14 07:26:23.960, 4, 100, 78639
2026/09/14 07:26:23.960, 5, 100, 78639
2026/09/14 07:26:24.461, 4, 100, 78639
2026/09/14 07:26:24.461, 5, 99, 78639
2026/09/14 07:26:24.961, 4, 100, 78639
2026/09/14 07:26:24.961, 5, 100, 78639
2026/09/14 07:26:25.461, 4, 100, 78639
2026/09/14 07:26:25.461, 5, 100, 78639
2026/09/14 07:26:25.961, 4, 92, 78639
2026/09/14 07:26:25.961, 5, 91, 78639
2026/09/14 07:26:26.461, 4, 99, 78639
2026/09/14 07:26:26.461, 5, 100, 78639
2026/09/14 07:26:26.961, 4, 100, 78639
2026/09/14 07:26:26.962, 5, 100, 78639
2026/09/14 07:26:27.462, 4, 100, 78639
2026/09/14 07:26:27.462, 5, 57, 78639
2026/09/14 07:26:27.962, 4, 99, 78639
2026/09/14 07:26:27.962, 5, 99, 78639
2026/09/14 07:26:28.462, 4, 100, 78639
2026/09/14 07:26:28.462, 5, 100, 78639
2026/09/14 07:26:28.963, 4, 100, 78639
2026/09/14 07:26:28.963, 5, 91, 78639
2026/09/14 07:26:29.463, 4, 99, 78639
2026/09/14 07:26:29.463, 5, 100, 78639
2026/09/14 07:26:29.963, 4, 100, 78639
2026/09/14 07:26:29.963, 5, 100, 78639
2026/09/14 07:26:30.463, 4, 100, 78639
2026/09/14 07:26:30.463, 5, 93, 78639
2026/09/14 07:26:30.964, 4, 99, 78639
2026/09/14 07:26:30.964, 5, 97, 78639
2026/09/14 07:26:31.464, 4, 100, 78639
2026/09/14 07:26:31.464, 5, 100, 78639
2026/09/14 07:26:31.965, 4, 100, 78639
2026/09/14 07:26:31.965, 5, 100, 78639
2026/09/14 07:26:32.465, 4, 99, 78639
2026/09/14 07:26:32.465, 5, 99, 78639
2026/09/14 07:26:32.965, 4, 100, 78639
2026/09/14 07:26:32.965, 5, 100, 78639
2026/09/14 07:26:33.465, 4, 100, 78639
2026/09/14 07:26:33.466, 5, 100, 78639
2026/09/14 07:26:33.967, 4, 99, 78639
2026/09/14 07:26:33.967, 5, 50, 78639
2026/09/14 07:26:34.467, 4, 100, 78639
2026/09/14 07:26:34.467, 5, 100, 78639
2026/09/14 07:26:34.968, 4, 100, 78639
2026/09/14 07:26:34.968, 5, 100, 78639
2026/09/14 07:26:35.468, 4, 51, 78639
2026/09/14 07:26:35.468, 5, 50, 78639
2026/09/14 07:26:35.968, 4, 100, 78639
2026/09/14 07:26:35.968, 5, 100, 78639
2026/09/14 07:26:36.468, 4, 100, 78639
2026/09/14 07:26:36.469, 5, 100, 78639
2026/09/14 07:26:36.969, 4, 91, 78639
2026/09/14 07:26:36.969, 5, 100, 78639
2026/09/14 07:26:37.469, 4, 100, 78639
2026/09/14 07:26:37.469, 5, 100, 78639
2026/09/14 07:26:37.969, 4, 100, 78639
2026/09/14 07:26:37.969, 5, 100, 78639
2026/09/14 07:26:38.470, 4, 89, 78639
2026/09/14 07:26:38.470, 5, 89, 78639
2026/09/14 07:26:38.970, 4, 100, 78639
2026/09/14 07:26:38.970, 5, 99, 78639
2026/09/14 07:26:39.470, 4, 100, 78639
2026/09/14 07:26:39.470, 5, 100, 78639
2026/09/14 07:26:39.970, 4, 55, 78639
2026/09/14 07:26:39.970, 5, 100, 78639
2026/09/14 07:26:40.470, 4, 99, 78639
2026/09/14 07:26:40.471, 5, 99, 78639
2026/09/14 07:26:40.971, 4, 100, 78639
2026/09/14 07:26:40.972, 5, 100, 78639
2026/09/14 07:26:41.472, 4, 100, 78639
2026/09/14 07:26:41.472, 5, 100, 78639
2026/09/14 07:26:41.972, 4, 99, 78639
2026/09/14 07:26:41.972, 5, 99, 78639
2026/09/14 07:26:42.472, 4, 100, 78639
2026/09/14 07:26:42.472, 5, 100, 78639
2026/09/14 07:26:42.972, 4, 100, 78639
2026/09/14 07:26:42.972, 5, 100, 78639
2026/09/14 07:26:43.472, 4, 99, 78639
2026/09/14 07:26:43.473, 5, 99, 78639
2026/09/14 07:26:43.973, 4, 100, 78639
2026/09/14 07:26:43.973, 5, 100, 78639
2026/09/14 07:26:44.473, 4, 100, 78639
2026/09/14 07:26:44.474, 5, 100, 78639
2026/09/14 07:26:44.974, 4, 99, 78639
2026/09/14 07:26:44.974, 5, 99, 78639
2026/09/14 07:26:45.474, 4, 100, 78639
2026/09/14 07:26:45.474, 5, 100, 78639
2026/09/14 07:26:45.974, 4, 100, 78639
2026/09/14 07:26:45.975, 5, 100, 78639
2026/09/14 07:26:46.475, 4, 56, 78639
2026/09/14 07:26:46.475, 5, 99, 78639
2026/09/14 07:26:46.975, 4, 100, 78639
2026/09/14 07:26:46.976, 5, 100, 78639
2026/09/14 07:26:47.476, 4, 100, 78639
2026/09/14 07:26:47.476, 5, 100, 78639
2026/09/14 07:26:47.976, 4, 54, 78639
2026/09/14 07:26:47.976, 5, 54, 78639
2026/09/14 07:26:48.476, 4, 99, 78639
2026/09/14 07:26:48.476, 5, 100, 78639
2026/09/14 07:26:48.977, 4, 100, 78639
2026/09/14 07:26:48.977, 5, 100, 78639
2026/09/14 07:26:49.477, 4, 100, 78639
2026/09/14 07:26:49.477, 5, 91, 78639
2026/09/14 07:26:49.977, 4, 100, 78639
2026/09/14 07:26:49.977, 5, 100, 78639
2026/09/14 07:26:50.477, 4, 100, 78639
2026/09/14 07:26:50.477, 5, 100, 78639
2026/09/14 07:26:50.977, 4, 91, 78639
2026/09/14 07:26:50.978, 5, 91, 78639
2026/09/14 07:26:51.478, 4, 99, 78639
2026/09/14 07:26:51.478, 5, 100, 78639
2026/09/14 07:26:51.978, 4, 100, 78639
2026/09/14 07:26:51.979, 5, 100, 78639
2026/09/14 07:26:52.479, 4, 100, 78639
2026/09/14 07:26:52.479, 5, 51, 78639
2026/09/14 07:26:52.979, 4, 99, 78639
2026/09/14 07:26:52.979, 5, 99, 78639
2026/09/14 07:26:53.480, 4, 100, 78639
2026/09/14 07:26:53.480, 5, 100, 78639
2026/09/14 07:26:53.980, 4, 100, 78639
2026/09/14 07:26:53.980, 5, 100, 78639
2026/09/14 07:26:54.480, 4, 99, 78639
2026/09/14 07:26:54.480, 5, 99, 78639
2026/09/14 07:26:54.980, 4, 100, 78639
2026/09/14 07:26:54.981, 5, 100, 78639
2026/09/14 07:26:55.481, 4, 100, 78639
2026/09/14 07:26:55.482, 5, 100, 78639
2026/09/14 07:26:55.982, 4, 99, 78639
2026/09/14 07:26:55.982, 5, 99, 78639
2026/09/14 07:26:56.482, 4, 100, 78639
2026/09/14 07:26:56.482, 5, 100, 78639
2026/09/14 07:26:56.982, 4, 100, 78639
2026/09/14 07:26:56.982, 5, 100, 78639
2026/09/14 07:26:57.482, 4, 99, 78639
2026/09/14 07:26:57.482, 5, 99, 78639
2026/09/14 07:26:57.983, 4, 100, 78639
2026/09/14 07:26:57.983, 5, 100, 78639
2026/09/14 07:26:58.483, 4, 100, 78639
2026/09/14 07:26:58.483, 5, 100, 78639
2026/09/14 07:26:58.983, 4, 99, 78639
2026/09/14 07:26:58.983, 5, 99, 78639
2026/09/14 07:26:59.484, 4, 100, 78639
2026/09/14 07:26:59.484, 5, 100, 78639
2026/09/14 07:26:59.984, 4, 100, 78639
2026/09/14 07:26:59.984, 5, 100, 78639
2026/09/14 07:27:00.484, 4, 99, 78639
2026/09/14 07:27:00.484, 5, 99, 78639
2026/09/14 07:27:00.984, 4, 100, 78639
2026/09/14 07:27:00.984, 5, 100, 78639
2026/09/14 07:27:01.484, 4, 100, 78639
2026/09/14 07:27:01.485, 5, 100, 78639
2026/09/14 07:27:01.985, 4, 91, 78639
2026/09/14 07:27:01.985, 5, 91, 78639
2026/09/14 07:27:02.485, 4, 100, 78639
2026/09/14 07:27:02.485, 5, 100, 78639
2026/09/14 07:27:02.985, 4, 100, 78639
2026/09/14 07:27:02.986, 5, 100, 78639
2026/09/14 07:27:03.486, 4, 99, 78639
2026/09/14 07:27:03.486, 5, 99, 78639
2026/09/14 07:27:03.986, 4, 100, 78639
2026/09/14 07:27:03.986, 5, 100, 78639
2026/09/14 07:27:04.486, 4, 100, 78639
2026/09/14 07:27:04.486, 5, 100, 78639
2026/09/14 07:27:04.986, 4, 57, 78639
2026/09/14 07:27:04.987, 5, 56, 78639
2026/09/14 07:27:05.488, 4, 100, 78639
2026/09/14 07:27:05.488, 5, 100, 78639
2026/09/14 07:27:05.989, 4, 100, 78639
2026/09/14 07:27:05.989, 5, 100, 78639
2026/09/14 07:27:06.489, 4, 54, 78639
2026/09/14 07:27:06.489, 5, 54, 78639
2026/09/14 07:27:06.989, 4, 99, 78639
2026/09/14 07:27:06.989, 5, 99, 78639
2026/09/14 07:27:07.489, 4, 100, 78639
2026/09/14 07:27:07.489, 5, 100, 78639
2026/09/14 07:27:07.989, 4, 100, 78639
2026/09/14 07:27:07.989, 5, 100, 78639
2026/09/14 07:27:08.490, 4, 100, 78639
2026/09/14 07:27:08.490, 5, 100, 78639
2026/09/14 07:27:08.990, 4, 100, 78639
2026/09/14 07:27:08.990, 5, 100, 78639
2026/09/14 07:27:09.490, 4, 92, 78639
2026/09/14 07:27:09.490, 5, 92, 78639
2026/09/14 07:27:09.990, 4, 99, 78639
2026/09/14 07:27:09.990, 5, 99, 78639
2026/09/14 07:27:10.490, 4, 100, 78639
2026/09/14 07:27:10.491, 5, 100, 78639
2026/09/14 07:27:10.992, 4, 100, 78639
2026/09/14 07:27:10.992, 5, 100, 78639
2026/09/14 07:27:11.492, 4, 99, 78639
2026/09/14 07:27:11.493, 5, 99, 78639
2026/09/14 07:27:11.993, 4, 100, 78639
2026/09/14 07:27:11.993, 5, 100, 78639
2026/09/14 07:27:12.493, 4, 100, 78639
2026/09/14 07:27:12.493, 5, 100, 78639
2026/09/14 07:27:12.994, 4, 99, 78639
2026/09/14 07:27:12.994, 5, 50, 78639
2026/09/14 07:27:13.494, 4, 100, 78639
2026/09/14 07:27:13.495, 5, 100, 78639
2026/09/14 07:27:13.995, 4, 100, 78639
2026/09/14 07:27:13.995, 5, 100, 78639
2026/09/14 07:27:14.496, 4, 91, 78639
2026/09/14 07:27:14.496, 5, 91, 78639
2026/09/14 07:27:14.996, 4, 100, 78639
2026/09/14 07:27:14.996, 5, 100, 78639
2026/09/14 07:27:15.496, 4, 100, 78639
2026/09/14 07:27:15.496, 5, 100, 78639
2026/09/14 07:27:15.996, 4, 91, 78639
2026/09/14 07:27:15.996, 5, 92, 78639
2026/09/14 07:27:16.497, 4, 100, 78639
2026/09/14 07:27:16.497, 5, 100, 78639
2026/09/14 07:27:16.997, 4, 100, 78639
2026/09/14 07:27:16.997, 5, 100, 78639
2026/09/14 07:27:17.497, 4, 56, 78639
2026/09/14 07:27:17.497, 5, 57, 78639
2026/09/14 07:27:17.998, 4, 99, 78639
2026/09/14 07:27:17.998, 5, 99, 78639
2026/09/14 07:27:18.498, 4, 100, 78639
2026/09/14 07:27:18.498, 5, 100, 78639
2026/09/14 07:27:18.998, 4, 100, 78639
2026/09/14 07:27:18.998, 5, 100, 78639
2026/09/14 07:27:19.498, 4, 99, 78639
2026/09/14 07:27:19.499, 5, 99, 78639
2026/09/14 07:27:19.999, 4, 100, 78639
2026/09/14 07:27:19.999, 5, 100, 78639
2026/09/14 07:27:20.499, 4, 100, 78639
2026/09/14 07:27:20.499, 5, 100, 78639
2026/09/14 07:27:20.999, 4, 99, 78639
2026/09/14 07:27:20.999, 5, 99, 78639
2026/09/14 07:27:21.499, 4, 100, 78639
2026/09/14 07:27:21.499, 5, 100, 78639
2026/09/14 07:27:22.000, 4, 100, 78639
2026/09/14 07:27:22.000, 5, 100, 78639
2026/09/14 07:27:22.501, 4, 99, 78639
2026/09/14 07:27:22.502, 5, 99, 78639
2026/09/14 07:27:23.002, 4, 100, 78639
2026/09/14 07:27:23.002, 5, 100, 78639
2026/09/14 07:27:23.503, 4, 100, 78639
2026/09/14 07:27:23.503, 5, 100, 78639
2026/09/14 07:27:24.003, 4, 99, 78639
2026/09/14 07:27:24.003, 5, 99, 78639
2026/09/14 07:27:24.503, 4, 100, 78639
2026/09/14 07:27:24.503, 5, 100, 78639
2026/09/14 07:27:25.004, 4, 100, 78639
2026/09/14 07:27:25.004, 5, 100, 78639
2026/09/14 07:27:25.505, 4, 99, 78639
2026/09/14 07:27:25.505, 5, 99, 78639
2026/09/14 07:27:26.005, 4, 100, 78639
2026/09/14 07:27:26.005, 5, 100, 78639
2026/09/14 07:27:26.505, 4, 100, 78639
2026/09/14 07:27:26.505, 5, 100, 78639
2026/09/14 07:27:27.006, 4, 91, 78639
2026/09/14 07:27:27.006, 5, 91, 78639
2026/09/14 07:27:27.506, 4, 100, 78639
2026/09/14 07:27:27.506, 5, 100, 78639
2026/09/14 07:27:28.006, 4, 100, 78639
2026/09/14 07:27:28.006, 5, 100, 78639
2026/09/14 07:27:28.506, 4, 99, 78639
2026/09/14 07:27:28.506, 5, 99, 78639
2026/09/14 07:27:29.006, 4, 100, 78639
2026/09/14 07:27:29.006, 5, 100, 78639
2026/09/14 07:27:29.507, 4, 100, 78639
2026/09/14 07:27:29.507, 5, 100, 78639
2026/09/14 07:27:30.007, 4, 57, 78639
2026/09/14 07:27:30.007, 5, 57, 78639
2026/09/14 07:27:30.507, 4, 100, 78639
2026/09/14 07:27:30.507, 5, 100, 78639
2026/09/14 07:27:31.007, 4, 100, 78639
2026/09/14 07:27:31.007, 5, 100, 78639
2026/09/14 07:27:31.508, 4, 54, 78639
2026/09/14 07:27:31.508, 5, 54, 78639
2026/09/14 07:27:32.008, 4, 99, 78639
2026/09/14 07:27:32.008, 5, 99, 78639
2026/09/14 07:27:32.508, 4, 100, 78639
2026/09/14 07:27:32.508, 5, 100, 78639
2026/09/14 07:27:33.008, 4, 99, 78639
2026/09/14 07:27:33.008, 5, 100, 78639
2026/09/14 07:27:33.508, 4, 100, 78639
2026/09/14 07:27:33.508, 5, 100, 78639
2026/09/14 07:27:34.008, 4, 100, 78639
2026/09/14 07:27:34.009, 5, 100, 78639
2026/09/14 07:27:34.509, 4, 91, 78639
2026/09/14 07:27:34.509, 5, 91, 78639
2026/09/14 07:27:35.009, 4, 99, 78639
2026/09/14 07:27:35.009, 5, 99, 78639
2026/09/14 07:27:35.509, 4, 100, 78639
2026/09/14 07:27:35.509, 5, 100, 78639
2026/09/14 07:27:36.009, 4, 100, 78639
2026/09/14 07:27:36.010, 5, 100, 78639
2026/09/14 07:27:36.510, 4, 99, 78639
2026/09/14 07:27:36.510, 5, 99, 78639
2026/09/14 07:27:37.010, 4, 100, 78639
2026/09/14 07:27:37.010, 5, 100, 78639
2026/09/14 07:27:37.510, 4, 100, 78639
2026/09/14 07:27:37.511, 5, 100, 78639
2026/09/14 07:27:38.011, 4, 99, 78639
2026/09/14 07:27:38.011, 5, 99, 78639
2026/09/14 07:27:38.511, 4, 100, 78639
2026/09/14 07:27:38.511, 5, 100, 78639
2026/09/14 07:27:39.012, 4, 100, 78639
2026/09/14 07:27:39.012, 5, 100, 78639
2026/09/14 07:27:39.512, 4, 99, 78639
2026/09/14 07:27:39.512, 5, 99, 78639
2026/09/14 07:27:40.013, 4, 100, 78639
2026/09/14 07:27:40.013, 5, 100, 78639
2026/09/14 07:27:40.513, 4, 100, 78639
2026/09/14 07:27:40.513, 5, 100, 78639
2026/09/14 07:27:41.013, 4, 99, 78639
2026/09/14 07:27:41.013, 5, 99, 78639
2026/09/14 07:27:41.513, 4, 100, 78639
2026/09/14 07:27:41.513, 5, 100, 78639
2026/09/14 07:27:42.014, 4, 100, 78639
2026/09/14 07:27:42.014, 5, 100, 78639
2026/09/14 07:27:42.514, 4, 99, 78639
2026/09/14 07:27:42.515, 5, 99, 78639
2026/09/14 07:27:43.015, 4, 100, 78639
2026/09/14 07:27:43.015, 5, 100, 78639
2026/09/14 07:27:43.515, 4, 100, 78639
2026/09/14 07:27:43.515, 5, 100, 78639
2026/09/14 07:27:44.015, 4, 58, 78639
2026/09/14 07:27:44.015, 5, 55, 78639
2026/09/14 07:27:44.515, 4, 100, 78639
2026/09/14 07:27:44.515, 5, 100, 78639
2026/09/14 07:27:45.015, 4, 100, 78639
2026/09/14 07:27:45.015, 5, 100, 78639
2026/09/14 07:27:45.515, 4, 92, 78639
2026/09/14 07:27:45.516, 5, 91, 78639
2026/09/14 07:27:46.016, 4, 99, 78639
2026/09/14 07:27:46.016, 5, 100, 78639
2026/09/14 07:27:46.516, 4, 100, 78639
2026/09/14 07:27:46.516, 5, 100, 78639
2026/09/14 07:27:47.016, 4, 100, 78639
2026/09/14 07:27:47.016, 5, 92, 78639
2026/09/14 07:27:47.516, 4, 99, 78639
2026/09/14 07:27:47.516, 5, 100, 78639
2026/09/14 07:27:48.016, 4, 100, 78639
2026/09/14 07:27:48.016, 5, 100, 78639
2026/09/14 07:27:48.517, 4, 99, 78639
2026/09/14 07:27:48.517, 5, 58, 78639
2026/09/14 07:27:49.017, 4, 99, 78639
2026/09/14 07:27:49.017, 5, 99, 78639
2026/09/14 07:27:49.518, 4, 100, 78639
2026/09/14 07:27:49.518, 5, 100, 78639
2026/09/14 07:27:50.018, 4, 100, 78639
2026/09/14 07:27:50.018, 5, 100, 78639
2026/09/14 07:27:50.519, 4, 99, 78639
2026/09/14 07:27:50.519, 5, 99, 78639
2026/09/14 07:27:51.019, 4, 100, 78639
2026/09/14 07:27:51.019, 5, 100, 78639
2026/09/14 07:27:51.519, 4, 100, 78639
2026/09/14 07:27:51.520, 5, 100, 78639
2026/09/14 07:27:52.020, 4, 99, 78639
2026/09/14 07:27:52.020, 5, 91, 78639
2026/09/14 07:27:52.520, 4, 100, 78639
2026/09/14 07:27:52.520, 5, 100, 78639
2026/09/14 07:27:53.020, 4, 100, 78639
2026/09/14 07:27:53.020, 5, 100, 78639
2026/09/14 07:27:53.520, 4, 99, 78639
2026/09/14 07:27:53.520, 5, 99, 78639
2026/09/14 07:27:54.021, 4, 100, 78639
2026/09/14 07:27:54.021, 5, 100, 78639
2026/09/14 07:27:54.521, 4, 100, 78639
2026/09/14 07:27:54.521, 5, 100, 78639
2026/09/14 07:27:55.022, 4, 60, 78639
2026/09/14 07:27:55.022, 5, 55, 78639
2026/09/14 07:27:55.522, 4, 100, 78639
2026/09/14 07:27:55.522, 5, 100, 78639
2026/09/14 07:27:56.022, 4, 100, 78639
2026/09/14 07:27:56.022, 5, 100, 78639
2026/09/14 07:27:56.522, 4, 67, 78639
2026/09/14 07:27:56.523, 5, 55, 78639
2026/09/14 07:27:57.023, 4, 100, 78639
2026/09/14 07:27:57.023, 5, 99, 78639
2026/09/14 07:27:57.523, 4, 100, 78639
2026/09/14 07:27:57.523, 5, 100, 78639
2026/09/14 07:27:58.023, 4, 92, 78639
2026/09/14 07:27:58.023, 5, 100, 78639
2026/09/14 07:27:58.523, 4, 100, 78639
2026/09/14 07:27:58.523, 5, 100, 78639
2026/09/14 07:27:59.023, 4, 100, 78639
2026/09/14 07:27:59.023, 5, 100, 78639
2026/09/14 07:27:59.524, 4, 91, 78639
2026/09/14 07:27:59.524, 5, 92, 78639
2026/09/14 07:28:00.024, 4, 99, 78639
2026/09/14 07:28:00.024, 5, 99, 78639
2026/09/14 07:28:00.524, 4, 100, 78639
2026/09/14 07:28:00.524, 5, 100, 78639
2026/09/14 07:28:01.024, 4, 86, 78639
2026/09/14 07:28:01.024, 5, 100, 78639
2026/09/14 07:28:01.525, 4, 100, 78639
2026/09/14 07:28:01.525, 5, 99, 78639
2026/09/14 07:28:02.025, 4, 100, 78639
2026/09/14 07:28:02.025, 5, 100, 78639
2026/09/14 07:28:02.526, 4, 78, 78639
2026/09/14 07:28:02.526, 5, 100, 78639
2026/09/14 07:28:03.026, 4, 99, 78639
2026/09/14 07:28:03.026, 5, 99, 78639
2026/09/14 07:28:03.526, 4, 100, 78639
2026/09/14 07:28:03.526, 5, 100, 78639
2026/09/14 07:28:04.026, 4, 100, 78639
2026/09/14 07:28:04.026, 5, 100, 78639
2026/09/14 07:28:04.526, 4, 99, 78639
2026/09/14 07:28:04.526, 5, 99, 78639
2026/09/14 07:28:05.026, 4, 100, 78639
2026/09/14 07:28:05.026, 5, 100, 78639
2026/09/14 07:28:05.527, 4, 100, 78639
2026/09/14 07:28:05.527, 5, 100, 78639
2026/09/14 07:28:06.027, 4, 99, 78639
2026/09/14 07:28:06.028, 5, 99, 78639
2026/09/14 07:28:06.528, 4, 100, 78639
2026/09/14 07:28:06.528, 5, 100, 78639
2026/09/14 07:28:07.028, 4, 100, 78639
2026/09/14 07:28:07.028, 5, 100, 78639
2026/09/14 07:28:07.529, 4, 99, 78639
2026/09/14 07:28:07.529, 5, 99, 78639
2026/09/14 07:28:08.029, 4, 100, 78639
2026/09/14 07:28:08.029, 5, 100, 78639
2026/09/14 07:28:08.529, 4, 100, 78639
2026/09/14 07:28:08.529, 5, 100, 78639
2026/09/14 07:28:09.030, 4, 78, 78639
2026/09/14 07:28:09.031, 5, 54, 78639
2026/09/14 07:28:09.531, 4, 100, 78639
2026/09/14 07:28:09.531, 5, 100, 78639
2026/09/14 07:28:10.031, 4, 100, 78639
2026/09/14 07:28:10.031, 5, 100, 78639
2026/09/14 07:28:10.531, 4, 99, 78639
2026/09/14 07:28:10.532, 5, 91, 78639
2026/09/14 07:28:11.032, 4, 100, 78639
2026/09/14 07:28:11.098, 5, 100, 78639
2026/09/14 07:28:11.598, 4, 100, 78639
2026/09/14 07:28:11.599, 5, 100, 78639
2026/09/14 07:28:12.099, 4, 99, 78639
2026/09/14 07:28:12.099, 5, 99, 78639
2026/09/14 07:28:12.599, 4, 100, 78639
2026/09/14 07:28:12.600, 5, 100, 78639
2026/09/14 07:28:13.100, 4, 100, 78639
2026/09/14 07:28:13.100, 5, 100, 78639
2026/09/14 07:28:13.600, 4, 78, 78639
2026/09/14 07:28:13.600, 5, 56, 78639
2026/09/14 07:28:14.100, 4, 100, 78639
2026/09/14 07:28:14.100, 5, 100, 78639
2026/09/14 07:28:14.601, 4, 100, 78639
2026/09/14 07:28:14.601, 5, 100, 78639
2026/09/14 07:28:15.101, 4, 84, 78639
2026/09/14 07:28:15.101, 5, 53, 78639
2026/09/14 07:28:15.601, 4, 99, 78639
2026/09/14 07:28:15.601, 5, 99, 78639
2026/09/14 07:28:16.101, 4, 100, 78639
2026/09/14 07:28:16.101, 5, 100, 78639
2026/09/14 07:28:16.601, 4, 100, 78639
2026/09/14 07:28:16.601, 5, 100, 78639
2026/09/14 07:28:17.101, 4, 99, 78639
2026/09/14 07:28:17.102, 5, 100, 78639
2026/09/14 07:28:17.602, 4, 100, 78639
2026/09/14 07:28:17.602, 5, 100, 78639
2026/09/14 07:28:18.103, 4, 100, 78639
2026/09/14 07:28:18.103, 5, 92, 78639
2026/09/14 07:28:18.603, 4, 99, 78639
2026/09/14 07:28:18.603, 5, 99, 78639
2026/09/14 07:28:19.103, 4, 100, 78639
2026/09/14 07:28:19.103, 5, 100, 78639
2026/09/14 07:28:19.603, 4, 100, 78639
2026/09/14 07:28:19.603, 5, 100, 78639
2026/09/14 07:28:20.103, 4, 99, 78639
2026/09/14 07:28:20.103, 5, 99, 78639
2026/09/14 07:28:20.603, 4, 100, 78639
2026/09/14 07:28:20.604, 5, 100, 78639
2026/09/14 07:28:21.104, 4, 100, 78639
2026/09/14 07:28:21.104, 5, 100, 78639
2026/09/14 07:28:21.604, 4, 98, 78639
2026/09/14 07:28:21.604, 5, 99, 78639
2026/09/14 07:28:22.104, 4, 100, 78639
2026/09/14 07:28:22.104, 5, 100, 78639
2026/09/14 07:28:22.604, 4, 100, 78639
2026/09/14 07:28:22.604, 5, 100, 78639
2026/09/14 07:28:23.104, 4, 99, 78639
2026/09/14 07:28:23.105, 5, 99, 78639
2026/09/14 07:28:23.605, 4, 100, 78639
2026/09/14 07:28:23.605, 5, 100, 78639
2026/09/14 07:28:24.105, 4, 100, 78639
2026/09/14 07:28:24.105, 5, 100, 78639
2026/09/14 07:28:24.605, 4, 74, 78639
2026/09/14 07:28:24.605, 5, 99, 78639
2026/09/14 07:28:25.105, 4, 100, 78639
2026/09/14 07:28:25.105, 5, 100, 78639
2026/09/14 07:28:25.605, 4, 100, 78639
2026/09/14 07:28:25.605, 5, 100, 78639
2026/09/14 07:28:26.106, 4, 70, 78639
2026/09/14 07:28:26.106, 5, 99, 78639
2026/09/14 07:28:26.606, 4, 100, 78639
2026/09/14 07:28:26.606, 5, 100, 78639
2026/09/14 07:28:27.106, 4, 100, 78639
2026/09/14 07:28:27.107, 5, 100, 78639
2026/09/14 07:28:27.607, 4, 78, 78639
2026/09/14 07:28:27.607, 5, 70, 78639
2026/09/14 07:28:28.107, 4, 100, 78639
2026/09/14 07:28:28.107, 5, 100, 78639
2026/09/14 07:28:28.607, 4, 100, 78639
2026/09/14 07:28:28.607, 5, 100, 78639
2026/09/14 07:28:29.107, 4, 90, 78639
2026/09/14 07:28:29.108, 5, 100, 78639
2026/09/14 07:28:29.608, 4, 99, 78639
2026/09/14 07:28:29.608, 5, 99, 78639
2026/09/14 07:28:30.108, 4, 100, 78639
2026/09/14 07:28:30.108, 5, 100, 78639
2026/09/14 07:28:30.608, 4, 100, 78639
2026/09/14 07:28:30.608, 5, 100, 78639
2026/09/14 07:28:31.108, 4, 99, 78639
2026/09/14 07:28:31.108, 5, 99, 78639
2026/09/14 07:28:31.609, 4, 100, 78639
2026/09/14 07:28:31.609, 5, 100, 78639
2026/09/14 07:28:32.109, 4, 82, 78639
2026/09/14 07:28:32.109, 5, 100, 78639
2026/09/14 07:28:32.609, 4, 99, 78639
2026/09/14 07:28:32.609, 5, 99, 78639
2026/09/14 07:28:33.109, 4, 100, 78639
2026/09/14 07:28:33.109, 5, 100, 78639
2026/09/14 07:28:33.609, 4, 100, 78639
2026/09/14 07:28:33.609, 5, 100, 78639
2026/09/14 07:28:34.110, 4, 99, 78639
2026/09/14 07:28:34.110, 5, 99, 78639
2026/09/14 07:28:34.610, 4, 100, 78639
2026/09/14 07:28:34.610, 5, 100, 78639
2026/09/14 07:28:35.110, 4, 100, 78639
2026/09/14 07:28:35.110, 5, 100, 78639
2026/09/14 07:28:35.610, 4, 99, 78639
2026/09/14 07:28:35.610, 5, 91, 78639
2026/09/14 07:28:36.110, 4, 100, 78639
2026/09/14 07:28:36.111, 5, 100, 78639
2026/09/14 07:28:36.612, 4, 100, 78639
2026/09/14 07:28:36.612, 5, 100, 78639
2026/09/14 07:28:37.112, 4, 99, 78639
2026/09/14 07:28:37.112, 5, 99, 78639
2026/09/14 07:28:37.612, 4, 100, 78639
2026/09/14 07:28:37.612, 5, 100, 78639
2026/09/14 07:28:38.112, 4, 100, 78639
2026/09/14 07:28:38.112, 5, 100, 78639
2026/09/14 07:28:38.612, 4, 76, 78639
2026/09/14 07:28:38.613, 5, 57, 78639
2026/09/14 07:28:39.113, 4, 100, 78639
2026/09/14 07:28:39.113, 5, 100, 78639
2026/09/14 07:28:39.613, 4, 100, 78639
2026/09/14 07:28:39.613, 5, 100, 78639
2026/09/14 07:28:40.113, 4, 98, 78639
2026/09/14 07:28:40.113, 5, 71, 78639
2026/09/14 07:28:40.614, 4, 100, 78639
2026/09/14 07:28:40.614, 5, 99, 78639
2026/09/14 07:28:41.114, 4, 100, 78639
2026/09/14 07:28:41.114, 5, 100, 78639
2026/09/14 07:28:41.614, 4, 91, 78639
2026/09/14 07:28:41.616, 5, 100, 78639
2026/09/14 07:28:42.116, 4, 100, 78639
2026/09/14 07:28:42.116, 5, 100, 78639
2026/09/14 07:28:42.616, 4, 100, 78639
2026/09/14 07:28:42.616, 5, 100, 78639
2026/09/14 07:28:43.116, 4, 74, 78639
2026/09/14 07:28:43.116, 5, 75, 78639
2026/09/14 07:28:43.617, 4, 100, 78639
2026/09/14 07:28:43.617, 5, 99, 78639
2026/09/14 07:28:44.117, 4, 100, 78639
2026/09/14 07:28:44.117, 5, 100, 78639
2026/09/14 07:28:44.617, 4, 76, 78639
2026/09/14 07:28:44.617, 5, 100, 78639
2026/09/14 07:28:45.118, 4, 100, 78639
2026/09/14 07:28:45.118, 5, 99, 78639
2026/09/14 07:28:45.618, 4, 100, 78639
2026/09/14 07:28:45.618, 5, 100, 78639
2026/09/14 07:28:46.118, 4, 100, 78639
2026/09/14 07:28:46.118, 5, 100, 78639
2026/09/14 07:28:46.618, 4, 99, 78639
2026/09/14 07:28:46.618, 5, 99, 78639
2026/09/14 07:28:47.118, 4, 100, 78639
2026/09/14 07:28:47.119, 5, 100, 78639
2026/09/14 07:28:47.619, 4, 100, 78639
2026/09/14 07:28:47.619, 5, 100, 78639
2026/09/14 07:28:48.119, 4, 99, 78639
2026/09/14 07:28:48.119, 5, 99, 78639
2026/09/14 07:28:48.619, 4, 100, 78639
2026/09/14 07:28:48.619, 5, 100, 78639
2026/09/14 07:28:49.119, 4, 100, 78639
2026/09/14 07:28:49.120, 5, 100, 78639
2026/09/14 07:28:49.620, 4, 78, 78639
2026/09/14 07:28:49.621, 5, 99, 78639
2026/09/14 07:28:50.121, 4, 100, 78639
2026/09/14 07:28:50.121, 5, 100, 78639
2026/09/14 07:28:50.621, 4, 100, 78639
2026/09/14 07:28:50.622, 5, 100, 78639
2026/09/14 07:28:51.123, 4, 87, 78639
2026/09/14 07:28:51.123, 5, 99, 78639
2026/09/14 07:28:51.623, 4, 100, 78639
2026/09/14 07:28:51.623, 5, 100, 78639
2026/09/14 07:28:52.123, 4, 100, 78639
2026/09/14 07:28:52.123, 5, 100, 78639
2026/09/14 07:28:52.623, 4, 71, 78639
2026/09/14 07:28:52.624, 5, 70, 78639
2026/09/14 07:28:53.124, 4, 100, 78639
2026/09/14 07:28:53.124, 5, 100, 78639
2026/09/14 07:28:53.624, 4, 100, 78639
2026/09/14 07:28:53.625, 5, 100, 78639
2026/09/14 07:28:54.125, 4, 91, 78639
2026/09/14 07:28:54.125, 5, 91, 78639
2026/09/14 07:28:54.625, 4, 99, 78639
2026/09/14 07:28:54.625, 5, 100, 78639
2026/09/14 07:28:55.125, 4, 100, 78639
2026/09/14 07:28:55.125, 5, 100, 78639
2026/09/14 07:28:55.625, 4, 89, 78639
2026/09/14 07:28:55.625, 5, 75, 78639
2026/09/14 07:28:56.126, 4, 100, 78639
2026/09/14 07:28:56.126, 5, 100, 78639
2026/09/14 07:28:56.626, 4, 100, 78639
2026/09/14 07:28:56.626, 5, 100, 78639
2026/09/14 07:28:57.127, 4, 61, 78639
2026/09/14 07:28:57.127, 5, 59, 78639
2026/09/14 07:28:57.627, 4, 99, 78639
2026/09/14 07:28:57.627, 5, 99, 78639
2026/09/14 07:28:58.127, 4, 100, 78639
2026/09/14 07:28:58.127, 5, 100, 78639
2026/09/14 07:28:58.627, 4, 100, 78639
2026/09/14 07:28:58.627, 5, 100, 78639
2026/09/14 07:28:59.127, 4, 99, 78639
2026/09/14 07:28:59.127, 5, 100, 78639
2026/09/14 07:28:59.628, 4, 100, 78639
2026/09/14 07:28:59.628, 5, 100, 78639
2026/09/14 07:29:00.128, 4, 100, 78639
2026/09/14 07:29:00.128, 5, 98, 78639
2026/09/14 07:29:00.628, 4, 99, 78639
2026/09/14 07:29:00.628, 5, 99, 78639
2026/09/14 07:29:01.129, 4, 100, 78639
2026/09/14 07:29:01.129, 5, 100, 78639
2026/09/14 07:29:01.629, 4, 100, 78639
2026/09/14 07:29:01.629, 5, 100, 78639
2026/09/14 07:29:02.129, 4, 99, 78639
2026/09/14 07:29:02.130, 5, 99, 78639
2026/09/14 07:29:02.630, 4, 100, 78639
2026/09/14 07:29:02.631, 5, 100, 78639
2026/09/14 07:29:03.131, 4, 100, 78639
2026/09/14 07:29:03.131, 5, 100, 78639
2026/09/14 07:29:03.631, 4, 99, 78639
2026/09/14 07:29:03.632, 5, 99, 78639
2026/09/14 07:29:04.132, 4, 100, 78639
2026/09/14 07:29:04.132, 5, 100, 78639
2026/09/14 07:29:04.632, 4, 100, 78639
2026/09/14 07:29:04.632, 5, 100, 78639
2026/09/14 07:29:05.132, 4, 99, 78639
2026/09/14 07:29:05.133, 5, 72, 78639
2026/09/14 07:29:05.633, 4, 100, 78639
2026/09/14 07:29:05.633, 5, 100, 78639
2026/09/14 07:29:06.133, 4, 100, 78639
2026/09/14 07:29:06.133, 5, 100, 78639
2026/09/14 07:29:06.633, 4, 91, 78639
2026/09/14 07:29:06.633, 5, 94, 78639
2026/09/14 07:29:07.134, 4, 100, 78639
2026/09/14 07:29:07.134, 5, 100, 78639
2026/09/14 07:29:07.634, 4, 100, 78639
2026/09/14 07:29:07.634, 5, 100, 78639
2026/09/14 07:29:08.134, 4, 99, 78639
2026/09/14 07:29:08.135, 5, 76, 78639
2026/09/14 07:29:08.635, 4, 100, 78639
2026/09/14 07:29:08.635, 5, 99, 78639
2026/09/14 07:29:09.135, 4, 100, 78639
2026/09/14 07:29:09.135, 5, 100, 78639
2026/09/14 07:29:09.636, 4, 58, 78639
2026/09/14 07:29:09.636, 5, 100, 78639
2026/09/14 07:29:10.136, 4, 100, 78639
2026/09/14 07:29:10.136, 5, 99, 78639
2026/09/14 07:29:10.636, 4, 100, 78639
2026/09/14 07:29:10.636, 5, 100, 78639
2026/09/14 07:29:11.137, 4, 72, 78639
2026/09/14 07:29:11.137, 5, 100, 78639
2026/09/14 07:29:11.637, 4, 99, 78639
2026/09/14 07:29:11.637, 5, 99, 78639
2026/09/14 07:29:12.137, 4, 100, 78639
2026/09/14 07:29:12.137, 5, 100, 78639
2026/09/14 07:29:12.637, 4, 98, 78639
2026/09/14 07:29:12.637, 5, 100, 78639
2026/09/14 07:29:13.137, 4, 100, 78639
2026/09/14 07:29:13.137, 5, 99, 78639
2026/09/14 07:29:13.637, 4, 100, 78639
2026/09/14 07:29:13.638, 5, 100, 78639
2026/09/14 07:29:14.138, 4, 73, 78639
2026/09/14 07:29:14.138, 5, 100, 78639
2026/09/14 07:29:14.638, 4, 99, 78639
2026/09/14 07:29:14.639, 5, 99, 78639
2026/09/14 07:29:15.139, 4, 100, 78639
2026/09/14 07:29:15.139, 5, 100, 78639
2026/09/14 07:29:15.640, 4, 100, 78639
2026/09/14 07:29:15.640, 5, 100, 78639
2026/09/14 07:29:16.140, 4, 27, 78639
2026/09/14 07:29:16.167, 5, 42, 78639
2026/09/14 07:29:16.667, 4, 99, 78639
2026/09/14 07:29:16.667, 5, 100, 78639
2026/09/14 07:29:17.168, 4, 100, 78639
2026/09/14 07:29:17.168, 5, 100, 78639
2026/09/14 07:29:17.668, 4, 100, 78639
2026/09/14 07:29:17.668, 5, 16, 78639
2026/09/14 07:29:18.169, 4, 0, 78639
2026/09/14 07:29:18.169, 5, 0, 78639
2026/09/14 07:29:18.669, 4, 0, 78639
2026/09/14 07:29:18.669, 5, 4, 78639
2026/09/14 07:29:19.169, 4, 0, 78639
2026/09/14 07:29:19.169, 5, 0, 78639
2026/09/14 07:29:19.669, 4, 0, 78639
2026/09/14 07:29:19.670, 5, 0, 78639
2026/09/14 07:29:20.170, 4, 0, 78639
2026/09/14 07:29:20.170, 5, 0, 78639
2026/09/14 07:29:20.670, 4, 3, 78639
2026/09/14 07:29:20.670, 5, 0, 78639
2026/09/14 07:29:21.170, 4, 11, 78639
2026/09/14 07:29:21.170, 5, 11, 78639
2026/09/14 07:29:21.671, 4, 26, 78639
2026/09/14 07:29:21.671, 5, 5, 78639
2026/09/14 07:29:22.171, 4, 0, 78639
2026/09/14 07:29:22.171, 5, 0, 78639
2026/09/14 07:29:22.671, 4, 0, 78639
2026/09/14 07:29:22.671, 5, 0, 78639
2026/09/14 07:29:23.171, 4, 0, 78639
2026/09/14 07:29:23.171, 5, 0, 78639
2026/09/14 07:29:23.671, 4, 0, 78639
2026/09/14 07:29:23.671, 5, 0, 78639
2026/09/14 07:29:24.172, 4, 0, 78639
2026/09/14 07:29:24.172, 5, 0, 78639
2026/09/14 07:29:24.672, 4, 0, 78639
2026/09/14 07:29:24.672, 5, 0, 78639
2026/09/14 07:29:25.172, 4, 0, 78639
2026/09/14 07:29:25.172, 5, 0, 78639
2026/09/14 07:29:25.672, 4, 0, 78639
2026/09/14 07:29:25.672, 5, 0, 78639
2026/09/14 07:29:26.172, 4, 0, 78639
2026/09/14 07:29:26.172, 5, 0, 78639
2026/09/14 07:29:26.672, 4, 0, 78639
2026/09/14 07:29:26.673, 5, 0, 78639
2026/09/14 07:29:27.173, 4, 0, 78639
2026/09/14 07:29:27.173, 5, 0, 78639
2026/09/14 07:29:27.673, 4, 0, 78639
2026/09/14 07:29:27.673, 5, 0, 78639
2026/09/14 07:29:28.173, 4, 0, 78639
2026/09/14 07:29:28.173, 5, 0, 78639
2026/09/14 07:29:28.673, 4, 0, 78639
2026/09/14 07:29:28.674, 5, 11, 78639
2026/09/14 07:29:29.174, 4, 0, 78639
2026/09/14 07:29:29.174, 5, 0, 78639
2026/09/14 07:29:29.674, 4, 0, 78639
2026/09/14 07:29:29.675, 5, 0, 78639
2026/09/14 07:29:30.175, 4, 0, 78639
2026/09/14 07:29:30.176, 5, 0, 78639
2026/09/14 07:29:30.676, 4, 3, 78639
2026/09/14 07:29:30.676, 5, 2, 78639
2026/09/14 07:29:31.176, 4, 0, 78639
2026/09/14 07:29:31.176, 5, 0, 78639
2026/09/14 07:29:31.676, 4, 0, 78639
2026/09/14 07:29:31.676, 5, 0, 78639
2026/09/14 07:29:32.176, 4, 0, 78639
2026/09/14 07:29:32.176, 5, 0, 78639
2026/09/14 07:29:32.677, 4, 31, 78639
2026/09/14 07:29:32.677, 5, 30, 78639
2026/09/14 07:29:33.177, 4, 29, 78639
2026/09/14 07:29:33.177, 5, 29, 78639
2026/09/14 07:29:33.677, 4, 28, 78639
2026/09/14 07:29:33.677, 5, 0, 78639
2026/09/14 07:29:34.177, 4, 0, 78639
2026/09/14 07:29:34.177, 5, 0, 78639
2026/09/14 07:29:34.677, 4, 0, 78639
2026/09/14 07:29:34.677, 5, 0, 78639
2026/09/14 07:29:35.178, 4, 0, 78639
2026/09/14 07:29:35.182, 5, 0, 78639
2026/09/14 07:29:35.682, 4, 0, 78639
2026/09/14 07:29:35.682, 5, 0, 78639
2026/09/14 07:29:36.183, 4, 0, 78639
2026/09/14 07:29:36.183, 5, 0, 78639
2026/09/14 07:29:36.683, 4, 0, 78639
2026/09/14 07:29:36.683, 5, 0, 78639
2026/09/14 07:29:37.183, 4, 0, 78639
2026/09/14 07:29:37.183, 5, 0, 78639
2026/09/14 07:29:37.684, 4, 0, 78639
2026/09/14 07:29:37.684, 5, 0, 78639
2026/09/14 07:29:38.184, 4, 0, 78639
2026/09/14 07:29:38.185, 5, 0, 78639
2026/09/14 07:29:38.685, 4, 0, 78639
2026/09/14 07:29:38.685, 5, 0, 78639
2026/09/14 07:29:39.185, 4, 0, 78639
2026/09/14 07:29:39.185, 5, 0, 78639
2026/09/14 07:29:39.685, 4, 0, 78639
2026/09/14 07:29:39.685, 5, 0, 78639
2026/09/14 07:29:40.185, 4, 0, 78639
2026/09/14 07:29:40.185, 5, 0, 78639
2026/09/14 07:29:40.685, 4, 0, 78639
2026/09/14 07:29:40.685, 5, 0, 78639
2026/09/14 07:29:41.185, 4, 0, 78639
2026/09/14 07:29:41.189, 5, 0, 78639
2026/09/14 07:29:41.692, 4, 0, 78639
2026/09/14 07:29:41.692, 5, 0, 78639
2026/09/14 07:29:42.193, 4, 0, 78639
2026/09/14 07:29:42.193, 5, 0, 78639
2026/09/14 07:29:42.693, 4, 0, 78639
2026/09/14 07:29:42.693, 5, 0, 78639
2026/09/14 07:29:43.193, 4, 0, 78639
2026/09/14 07:29:43.193, 5, 0, 78639
2026/09/14 07:29:43.693, 4, 0, 78639
2026/09/14 07:29:43.693, 5, 0, 78639
2026/09/14 07:29:44.193, 4, 0, 78639
2026/09/14 07:29:44.193, 5, 0, 78639
2026/09/14 07:29:44.694, 4, 0, 78639
2026/09/14 07:29:44.695, 5, 0, 78639
2026/09/14 07:29:45.195, 4, 0, 78639
2026/09/14 07:29:45.195, 5, 0, 78639
2026/09/14 07:29:45.695, 4, 0, 78639
2026/09/14 07:29:45.695, 5, 0, 78639
2026/09/14 07:29:46.196, 4, 0, 78639
2026/09/14 07:29:46.196, 5, 0, 78639
2026/09/14 07:29:46.696, 4, 0, 78639
2026/09/14 07:29:46.696, 5, 0, 78639
2026/09/14 07:29:47.196, 4, 0, 78639
2026/09/14 07:29:47.196, 5, 0, 78639
2026/09/14 07:29:47.696, 4, 0, 78639
2026/09/14 07:29:47.696, 5, 0, 78639
2026/09/14 07:29:48.196, 4, 0, 78639
2026/09/14 07:29:48.196, 5, 0, 78639
2026/09/14 07:29:48.697, 4, 0, 78639
2026/09/14 07:29:48.697, 5, 0, 78639
2026/09/14 07:29:49.197, 4, 0, 78639
2026/09/14 07:29:49.197, 5, 0, 78639
2026/09/14 07:29:49.697, 4, 0, 78639
2026/09/14 07:29:49.697, 5, 0, 78639
2026/09/14 07:29:50.197, 4, 30, 78639
2026/09/14 07:29:50.197, 5, 30, 78639
2026/09/14 07:29:50.697, 4, 0, 78639
2026/09/14 07:29:50.699, 5, 0, 78639
2026/09/14 07:29:51.204, 4, 0, 78639
2026/09/14 07:29:51.204, 5, 0, 78639
2026/09/14 07:29:51.705, 4, 0, 78639
2026/09/14 07:29:51.705, 5, 0, 78639
2026/09/14 07:29:52.205, 4, 0, 78639
2026/09/14 07:29:52.205, 5, 0, 78639
2026/09/14 07:29:52.705, 4, 0, 78639
2026/09/14 07:29:52.705, 5, 0, 78639
2026/09/14 07:29:53.205, 4, 0, 78639
2026/09/14 07:29:53.205, 5, 0, 78639
2026/09/14 07:29:53.706, 4, 0, 78639
2026/09/14 07:29:53.706, 5, 0, 78639
2026/09/14 07:29:54.206, 4, 0, 78639
2026/09/14 07:29:54.207, 5, 0, 78639
2026/09/14 07:29:54.707, 4, 0, 78639
2026/09/14 07:29:54.707, 5, 0, 78639
2026/09/14 07:29:55.207, 4, 0, 78639
2026/09/14 07:29:55.208, 5, 0, 78639
2026/09/14 07:29:55.708, 4, 0, 78639
2026/09/14 07:29:55.708, 5, 0, 78639
2026/09/14 07:29:56.208, 4, 0, 78639
2026/09/14 07:29:56.208, 5, 0, 78639
2026/09/14 07:29:56.708, 4, 0, 78639
2026/09/14 07:29:56.708, 5, 0, 78639
2026/09/14 07:29:57.208, 4, 0, 78639
2026/09/14 07:29:57.209, 5, 0, 78639
2026/09/14 07:29:57.709, 4, 0, 78639
2026/09/14 07:29:57.709, 5, 0, 78639
2026/09/14 07:29:58.209, 4, 0, 78639
2026/09/14 07:29:58.209, 5, 0, 78639
2026/09/14 07:29:58.709, 4, 0, 78639
2026/09/14 07:29:58.709, 5, 23, 78639
2026/09/14 07:29:59.209, 4, 0, 78639
2026/09/14 07:29:59.210, 5, 0, 78639
2026/09/14 07:29:59.711, 4, 0, 78639
2026/09/14 07:29:59.711, 5, 0, 78639
2026/09/14 07:30:00.211, 4, 0, 78639
2026/09/14 07:30:00.212, 5, 0, 78639
2026/09/14 07:30:00.712, 4, 0, 78639
2026/09/14 07:30:00.712, 5, 0, 78639
2026/09/14 07:30:01.212, 4, 0, 78639
2026/09/14 07:30:01.212, 5, 0, 78639
2026/09/14 07:30:01.712, 4, 0, 78639
2026/09/14 07:30:01.712, 5, 0, 78639
2026/09/14 07:30:02.212, 4, 0, 78639
2026/09/14 07:30:02.212, 5, 0, 78639
2026/09/14 07:30:02.712, 4, 0, 78639
2026/09/14 07:30:02.712, 5, 9, 78639
2026/09/14 07:30:03.213, 4, 0, 78639
2026/09/14 07:30:03.213, 5, 0, 78639
2026/09/14 07:30:03.713, 4, 1, 78639
2026/09/14 07:30:03.713, 5, 27, 78639
2026/09/14 07:30:04.214, 4, 27, 78639
2026/09/14 07:30:04.215, 5, 22, 78639
2026/09/14 07:30:04.716, 4, 0, 78639
2026/09/14 07:30:04.716, 5, 0, 78639
2026/09/14 07:30:05.216, 4, 0, 78639
2026/09/14 07:30:05.216, 5, 0, 78639
2026/09/14 07:30:05.716, 4, 0, 78639
2026/09/14 07:30:05.716, 5, 0, 78639
2026/09/14 07:30:06.216, 4, 0, 78639
2026/09/14 07:30:06.217, 5, 0, 78639
2026/09/14 07:30:06.717, 4, 0, 78639
2026/09/14 07:30:06.717, 5, 0, 78639
2026/09/14 07:30:07.218, 4, 0, 78639
2026/09/14 07:30:07.218, 5, 0, 78639
2026/09/14 07:30:07.718, 4, 0, 78639
2026/09/14 07:30:07.718, 5, 0, 78639
2026/09/14 07:30:08.218, 4, 0, 78639
2026/09/14 07:30:08.218, 5, 0, 78639
2026/09/14 07:30:08.719, 4, 0, 78639
2026/09/14 07:30:08.720, 5, 0, 78639
2026/09/14 07:30:09.220, 4, 0, 78639
2026/09/14 07:30:09.220, 5, 0, 78639
2026/09/14 07:30:09.721, 4, 0, 78639
2026/09/14 07:30:09.722, 5, 0, 78639
2026/09/14 07:30:10.222, 4, 0, 78639
2026/09/14 07:30:10.222, 5, 0, 78639
2026/09/14 07:30:10.722, 4, 0, 78639
2026/09/14 07:30:10.722, 5, 0, 78639
2026/09/14 07:30:11.222, 4, 0, 78639
2026/09/14 07:30:11.222, 5, 0, 78639
2026/09/14 07:30:11.723, 4, 0, 78639
2026/09/14 07:30:11.723, 5, 0, 78639
2026/09/14 07:30:12.224, 4, 0, 78639
2026/09/14 07:30:12.224, 5, 0, 78639
2026/09/14 07:30:12.724, 4, 0, 78639
2026/09/14 07:30:12.724, 5, 0, 78639
2026/09/14 07:30:13.225, 4, 3, 78639
2026/09/14 07:30:13.225, 5, 3, 78639
2026/09/14 07:30:13.725, 4, 0, 78639
2026/09/14 07:30:13.725, 5, 0, 78639
2026/09/14 07:30:14.225, 4, 0, 78639
2026/09/14 07:30:14.225, 5, 0, 78639
2026/09/14 07:30:14.725, 4, 0, 78639
2026/09/14 07:30:14.726, 5, 0, 78639
2026/09/14 07:30:15.226, 4, 21, 78639
2026/09/14 07:30:15.226, 5, 26, 78639
2026/09/14 07:30:15.726, 4, 31, 78639
2026/09/14 07:30:15.726, 5, 30, 78639
2026/09/14 07:30:16.226, 4, 24, 78639
2026/09/14 07:30:16.226, 5, 18, 78639
2026/09/14 07:30:16.726, 4, 0, 78639
2026/09/14 07:30:16.727, 5, 0, 78639
2026/09/14 07:30:17.227, 4, 0, 78639
2026/09/14 07:30:17.227, 5, 0, 78639
2026/09/14 07:30:17.727, 4, 0, 78639
2026/09/14 07:30:17.727, 5, 0, 78639
2026/09/14 07:30:18.227, 4, 0, 78639
2026/09/14 07:30:18.227, 5, 0, 78639
2026/09/14 07:30:18.727, 4, 0, 78639
2026/09/14 07:30:18.727, 5, 0, 78639
2026/09/14 07:30:19.228, 4, 0, 78639
2026/09/14 07:30:19.228, 5, 0, 78639
2026/09/14 07:30:19.728, 4, 0, 78639
2026/09/14 07:30:19.728, 5, 0, 78639
2026/09/14 07:30:20.228, 4, 0, 78639
2026/09/14 07:30:20.228, 5, 0, 78639
2026/09/14 07:30:20.728, 4, 0, 78639
2026/09/14 07:30:20.729, 5, 0, 78639
2026/09/14 07:30:21.229, 4, 0, 78639
2026/09/14 07:30:21.229, 5, 0, 78639
2026/09/14 07:30:21.729, 4, 0, 78639
2026/09/14 07:30:21.729, 5, 0, 78639
2026/09/14 07:30:22.229, 4, 0, 78639
2026/09/14 07:30:22.229, 5, 0, 78639
2026/09/14 07:30:22.729, 4, 0, 78639
2026/09/14 07:30:22.729, 5, 0, 78639
2026/09/14 07:30:23.230, 4, 0, 78639
2026/09/14 07:30:23.230, 5, 0, 78639
2026/09/14 07:30:23.730, 4, 0, 78639
2026/09/14 07:30:23.731, 5, 0, 78639
2026/09/14 07:30:24.232, 4, 0, 78639
2026/09/14 07:30:24.232, 5, 0, 78639
2026/09/14 07:30:24.732, 4, 0, 78639
2026/09/14 07:30:24.732, 5, 0, 78639
2026/09/14 07:30:25.233, 4, 0, 78639
2026/09/14 07:30:25.233, 5, 0, 78639
2026/09/14 07:30:25.733, 4, 0, 78639
2026/09/14 07:30:25.733, 5, 0, 78639
2026/09/14 07:30:26.233, 4, 0, 78639
2026/09/14 07:30:26.234, 5, 0, 78639
2026/09/14 07:30:26.734, 4, 0, 78639
2026/09/14 07:30:26.734, 5, 0, 78639
2026/09/14 07:30:27.234, 4, 0, 78639
2026/09/14 07:30:27.234, 5, 0, 78639
2026/09/14 07:30:27.734, 4, 0, 78639
2026/09/14 07:30:27.734, 5, 0, 78639
2026/09/14 07:30:28.234, 4, 0, 78639
2026/09/14 07:30:28.234, 5, 0, 78639
2026/09/14 07:30:28.734, 4, 0, 78639
2026/09/14 07:30:28.735, 5, 0, 78639
2026/09/14 07:30:29.235, 4, 0, 78639
2026/09/14 07:30:29.235, 5, 0, 78639
2026/09/14 07:30:29.735, 4, 0, 78639
2026/09/14 07:30:29.735, 5, 0, 78639
2026/09/14 07:30:30.236, 4, 0, 78639
2026/09/14 07:30:30.236, 5, 0, 78639
2026/09/14 07:30:30.736, 4, 0, 78639
2026/09/14 07:30:30.736, 5, 0, 78639
2026/09/14 07:30:31.236, 4, 0, 78639
2026/09/14 07:30:31.236, 5, 0, 78639
2026/09/14 07:30:31.737, 4, 0, 78639
2026/09/14 07:30:31.737, 5, 0, 78639
2026/09/14 07:30:32.237, 4, 0, 78639
2026/09/14 07:30:32.237, 5, 0, 78639
2026/09/14 07:30:32.737, 4, 31, 78639
2026/09/14 07:30:32.737, 5, 10, 78639
2026/09/14 07:30:33.237, 4, 20, 78639
2026/09/14 07:30:33.237, 5, 31, 78639
2026/09/14 07:30:33.737, 4, 0, 78639
2026/09/14 07:30:33.737, 5, 0, 78639
2026/09/14 07:30:34.238, 4, 0, 78639
2026/09/14 07:30:34.238, 5, 0, 78639
2026/09/14 07:30:34.738, 4, 0, 78639
2026/09/14 07:30:34.738, 5, 0, 78639
2026/09/14 07:30:35.238, 4, 0, 78639
2026/09/14 07:30:35.238, 5, 0, 78639
2026/09/14 07:30:35.738, 4, 0, 78639
2026/09/14 07:30:35.738, 5, 0, 78639
2026/09/14 07:30:36.238, 4, 0, 78639
2026/09/14 07:30:36.239, 5, 0, 78639
2026/09/14 07:30:36.740, 4, 0, 78639
2026/09/14 07:30:36.740, 5, 0, 78639
2026/09/14 07:30:37.240, 4, 0, 78639
2026/09/14 07:30:37.240, 5, 0, 78639
2026/09/14 07:30:37.740, 4, 0, 78639
2026/09/14 07:30:37.740, 5, 0, 78639
2026/09/14 07:30:38.240, 4, 0, 78639
2026/09/14 07:30:38.240, 5, 0, 78639
2026/09/14 07:30:38.740, 4, 0, 78639
2026/09/14 07:30:38.741, 5, 0, 78639
2026/09/14 07:30:39.241, 4, 0, 78639
2026/09/14 07:30:39.241, 5, 0, 78639
2026/09/14 07:30:39.741, 4, 0, 78639
2026/09/14 07:30:39.741, 5, 0, 78639
2026/09/14 07:30:40.241, 4, 0, 78639
2026/09/14 07:30:40.241, 5, 0, 78639
2026/09/14 07:30:40.741, 4, 0, 78639
2026/09/14 07:30:40.741, 5, 0, 78639
2026/09/14 07:30:41.241, 4, 0, 78639
2026/09/14 07:30:41.241, 5, 0, 78639
2026/09/14 07:30:41.743, 4, 0, 78639
2026/09/14 07:30:41.743, 5, 13, 78639
2026/09/14 07:30:42.243, 4, 0, 78639
2026/09/14 07:30:42.243, 5, 0, 78639
2026/09/14 07:30:42.743, 4, 0, 78639
2026/09/14 07:30:42.744, 5, 0, 78639
2026/09/14 07:30:43.244, 4, 0, 78639
2026/09/14 07:30:43.244, 5, 0, 78639
2026/09/14 07:30:43.744, 4, 10, 78639
2026/09/14 07:30:43.744, 5, 10, 78639
2026/09/14 07:30:44.244, 4, 0, 78639
2026/09/14 07:30:44.244, 5, 0, 78639
2026/09/14 07:30:44.744, 4, 0, 78639
2026/09/14 07:30:44.745, 5, 0, 78639
2026/09/14 07:30:45.246, 4, 0, 78639
2026/09/14 07:30:45.246, 5, 0, 78639
2026/09/14 07:30:45.746, 4, 9, 78639
2026/09/14 07:30:45.746, 5, 9, 78639
2026/09/14 07:30:46.246, 4, 0, 78639
2026/09/14 07:30:46.246, 5, 0, 78639
2026/09/14 07:30:46.746, 4, 31, 78639
2026/09/14 07:30:46.746, 5, 30, 78639
2026/09/14 07:30:47.247, 4, 19, 78639
2026/09/14 07:30:47.247, 5, 15, 78639
2026/09/14 07:30:47.747, 4, 0, 78639
2026/09/14 07:30:47.747, 5, 0, 78639
2026/09/14 07:30:48.247, 4, 0, 78639
2026/09/14 07:30:48.248, 5, 0, 78639
2026/09/14 07:30:48.749, 4, 0, 78639
2026/09/14 07:30:48.749, 5, 0, 78639
2026/09/14 07:30:49.249, 4, 0, 78639
2026/09/14 07:30:49.249, 5, 0, 78639
2026/09/14 07:30:49.749, 4, 0, 78639
2026/09/14 07:30:49.750, 5, 0, 78639
2026/09/14 07:30:50.250, 4, 0, 78639
2026/09/14 07:30:50.250, 5, 0, 78639
2026/09/14 07:30:50.750, 4, 0, 78639
2026/09/14 07:30:50.750, 5, 0, 78639
2026/09/14 07:30:51.250, 4, 0, 78639
2026/09/14 07:30:51.250, 5, 0, 78639
2026/09/14 07:30:51.750, 4, 0, 78639
2026/09/14 07:30:51.750, 5, 0, 78639
2026/09/14 07:30:52.251, 4, 0, 78639
2026/09/14 07:30:52.251, 5, 0, 78639
2026/09/14 07:30:52.751, 4, 0, 78639
2026/09/14 07:30:52.751, 5, 0, 78639
2026/09/14 07:30:53.251, 4, 0, 78639
2026/09/14 07:30:53.251, 5, 0, 78639
2026/09/14 07:30:53.751, 4, 0, 78639
2026/09/14 07:30:53.752, 5, 0, 78639
2026/09/14 07:30:54.252, 4, 0, 78639
2026/09/14 07:30:54.252, 5, 0, 78639
2026/09/14 07:30:54.752, 4, 0, 78639
2026/09/14 07:30:54.752, 5, 0, 78639
2026/09/14 07:30:55.252, 4, 0, 78639
2026/09/14 07:30:55.252, 5, 0, 78639
2026/09/14 07:30:55.752, 4, 0, 78639
2026/09/14 07:30:55.753, 5, 0, 78639
2026/09/14 07:30:56.253, 4, 3, 78639
2026/09/14 07:30:56.253, 5, 3, 78639
2026/09/14 07:30:56.753, 4, 0, 78639
2026/09/14 07:30:56.753, 5, 0, 78639
2026/09/14 07:30:57.253, 4, 0, 78639
2026/09/14 07:30:57.254, 5, 0, 78639
2026/09/14 07:30:57.754, 4, 0, 78639
2026/09/14 07:30:57.754, 5, 0, 78639
2026/09/14 07:30:58.254, 4, 21, 78639
2026/09/14 07:30:58.254, 5, 21, 78639
2026/09/14 07:30:58.754, 4, 22, 78639
2026/09/14 07:30:58.754, 5, 21, 78639
2026/09/14 07:30:59.254, 4, 21, 78639
2026/09/14 07:30:59.254, 5, 20, 78639
2026/09/14 07:30:59.755, 4, 0, 78639
2026/09/14 07:30:59.755, 5, 0, 78639
2026/09/14 07:31:00.256, 4, 0, 78639
2026/09/14 07:31:00.256, 5, 0, 78639
2026/09/14 07:31:00.756, 4, 0, 78639
2026/09/14 07:31:00.756, 5, 0, 78639
2026/09/14 07:31:01.256, 4, 0, 78639
2026/09/14 07:31:01.256, 5, 0, 78639
2026/09/14 07:31:01.756, 4, 0, 78639
2026/09/14 07:31:01.756, 5, 0, 78639
2026/09/14 07:31:02.256, 4, 0, 78639
2026/09/14 07:31:02.256, 5, 0, 78639
2026/09/14 07:31:02.757, 4, 0, 78639
2026/09/14 07:31:02.757, 5, 0, 78639
2026/09/14 07:31:03.257, 4, 0, 78639
2026/09/14 07:31:03.257, 5, 0, 78639
2026/09/14 07:31:03.757, 4, 0, 78639
2026/09/14 07:31:03.757, 5, 0, 78639
2026/09/14 07:31:04.258, 4, 0, 78639
2026/09/14 07:31:04.258, 5, 0, 78639
2026/09/14 07:31:04.758, 4, 0, 78639
2026/09/14 07:31:04.758, 5, 0, 78639
2026/09/14 07:31:05.258, 4, 0, 78639
2026/09/14 07:31:05.258, 5, 0, 78639
2026/09/14 07:31:05.758, 4, 0, 78639
2026/09/14 07:31:05.758, 5, 0, 78639
2026/09/14 07:31:06.258, 4, 0, 78639
2026/09/14 07:31:06.258, 5, 0, 78639
2026/09/14 07:31:06.758, 4, 0, 78639
2026/09/14 07:31:06.759, 5, 0, 78639
2026/09/14 07:31:07.259, 4, 0, 78639
2026/09/14 07:31:07.259, 5, 0, 78639
2026/09/14 07:31:07.759, 4, 0, 78639
2026/09/14 07:31:07.759, 5, 0, 78639
2026/09/14 07:31:08.259, 4, 0, 78639
2026/09/14 07:31:08.259, 5, 0, 78639
2026/09/14 07:31:08.759, 4, 0, 78639
2026/09/14 07:31:08.759, 5, 0, 78639
2026/09/14 07:31:09.260, 4, 0, 78639
2026/09/14 07:31:09.260, 5, 0, 78639
2026/09/14 07:31:09.760, 4, 0, 78639
2026/09/14 07:31:09.760, 5, 0, 78639
2026/09/14 07:31:10.260, 4, 0, 78639
2026/09/14 07:31:10.260, 5, 0, 78639
2026/09/14 07:31:10.760, 4, 0, 78639
2026/09/14 07:31:10.760, 5, 0, 78639
2026/09/14 07:31:11.261, 4, 0, 78639
2026/09/14 07:31:11.261, 5, 0, 78639
2026/09/14 07:31:11.761, 4, 0, 78639
2026/09/14 07:31:11.761, 5, 0, 78639
2026/09/14 07:31:12.261, 4, 0, 78639
2026/09/14 07:31:12.261, 5, 0, 78639
2026/09/14 07:31:12.761, 4, 0, 78639
2026/09/14 07:31:12.761, 5, 0, 78639
2026/09/14 07:31:13.262, 4, 0, 78639
2026/09/14 07:31:13.262, 5, 0, 78639
2026/09/14 07:31:13.762, 4, 0, 78639
2026/09/14 07:31:13.762, 5, 0, 78639
2026/09/14 07:31:14.262, 4, 0, 78639
2026/09/14 07:31:14.262, 5, 0, 78639
2026/09/14 07:31:14.762, 4, 0, 78639
2026/09/14 07:31:14.762, 5, 0, 78639
2026/09/14 07:31:15.263, 4, 0, 78639
2026/09/14 07:31:15.263, 5, 0, 78639
2026/09/14 07:31:15.763, 4, 29, 78639
2026/09/14 07:31:15.763, 5, 0, 78639
2026/09/14 07:31:16.263, 4, 30, 78639
2026/09/14 07:31:16.263, 5, 30, 78639
2026/09/14 07:31:16.763, 4, 0, 78639
2026/09/14 07:31:16.763, 5, 0, 78639
2026/09/14 07:31:17.263, 4, 0, 78639
2026/09/14 07:31:17.263, 5, 0, 78639
2026/09/14 07:31:17.764, 4, 0, 78639
2026/09/14 07:31:17.764, 5, 0, 78639
2026/09/14 07:31:18.264, 4, 0, 78639
2026/09/14 07:31:18.264, 5, 0, 78639
2026/09/14 07:31:18.764, 4, 0, 78639
2026/09/14 07:31:18.764, 5, 0, 78639
2026/09/14 07:31:19.264, 4, 0, 78639
2026/09/14 07:31:19.264, 5, 0, 78639
2026/09/14 07:31:19.764, 4, 0, 78639
2026/09/14 07:31:19.764, 5, 0, 78639
2026/09/14 07:31:20.265, 4, 0, 78639
2026/09/14 07:31:20.265, 5, 0, 78639
2026/09/14 07:31:20.765, 4, 0, 78639
2026/09/14 07:31:20.765, 5, 0, 78639
2026/09/14 07:31:21.265, 4, 0, 78639
2026/09/14 07:31:21.265, 5, 0, 78639
2026/09/14 07:31:21.765, 4, 0, 78639
2026/09/14 07:31:21.765, 5, 0, 78639
2026/09/14 07:31:22.265, 4, 0, 78639
2026/09/14 07:31:22.266, 5, 0, 78639
2026/09/14 07:31:22.766, 4, 0, 78639
2026/09/14 07:31:22.766, 5, 0, 78639
2026/09/14 07:31:23.266, 4, 0, 78639
2026/09/14 07:31:23.266, 5, 0, 78639
2026/09/14 07:31:23.766, 4, 0, 78639
2026/09/14 07:31:23.766, 5, 0, 78639
2026/09/14 07:31:24.266, 4, 0, 78639
2026/09/14 07:31:24.266, 5, 0, 78639
2026/09/14 07:31:24.766, 4, 2, 78639
2026/09/14 07:31:24.766, 5, 23, 78639
2026/09/14 07:31:25.267, 4, 0, 78639
2026/09/14 07:31:25.267, 5, 0, 78639
2026/09/14 07:31:25.767, 4, 0, 78639
2026/09/14 07:31:25.767, 5, 0, 78639
2026/09/14 07:31:26.267, 4, 0, 78639
2026/09/14 07:31:26.267, 5, 0, 78639
2026/09/14 07:31:26.767, 4, 11, 78639
2026/09/14 07:31:26.768, 5, 0, 78639
2026/09/14 07:31:27.268, 4, 0, 78639
2026/09/14 07:31:27.268, 5, 0, 78639
2026/09/14 07:31:27.768, 4, 9, 78639
2026/09/14 07:31:27.769, 5, 0, 78639
2026/09/14 07:31:28.269, 4, 0, 78639
2026/09/14 07:31:28.269, 5, 0, 78639
2026/09/14 07:31:28.769, 4, 0, 78639
2026/09/14 07:31:28.769, 5, 9, 78639
2026/09/14 07:31:29.269, 4, 0, 78639
2026/09/14 07:31:29.269, 5, 0, 78639
2026/09/14 07:31:29.769, 4, 11, 78639
2026/09/14 07:31:29.769, 5, 11, 78639
2026/09/14 07:31:30.269, 4, 0, 78639
2026/09/14 07:31:30.270, 5, 0, 78639
2026/09/14 07:31:30.770, 4, 0, 78639
2026/09/14 07:31:30.770, 5, 0, 78639
2026/09/14 07:31:31.270, 4, 0, 78639
2026/09/14 07:31:31.270, 5, 0, 78639
2026/09/14 07:31:31.770, 4, 0, 78639
2026/09/14 07:31:31.770, 5, 0, 78639
2026/09/14 07:31:32.270, 4, 3, 78639
2026/09/14 07:31:32.270, 5, 0, 78639
2026/09/14 07:31:32.771, 4, 3, 78639
2026/09/14 07:31:32.771, 5, 0, 78639
2026/09/14 07:31:33.271, 4, 0, 78639
2026/09/14 07:31:33.271, 5, 0, 78639
2026/09/14 07:31:33.771, 4, 27, 78639
2026/09/14 07:31:33.772, 5, 17, 78639
2026/09/14 07:31:34.272, 4, 0, 78639
2026/09/14 07:31:34.272, 5, 0, 78639
2026/09/14 07:31:34.772, 4, 0, 78639
2026/09/14 07:31:34.772, 5, 0, 78639
2026/09/14 07:31:35.272, 4, 0, 78639
2026/09/14 07:31:35.272, 5, 0, 78639
2026/09/14 07:31:35.772, 4, 0, 78639
2026/09/14 07:31:35.772, 5, 0, 78639
2026/09/14 07:31:36.273, 4, 0, 78639
2026/09/14 07:31:36.273, 5, 0, 78639
2026/09/14 07:31:36.773, 4, 0, 78639
2026/09/14 07:31:36.773, 5, 0, 78639
2026/09/14 07:31:37.275, 4, 0, 78639
2026/09/14 07:31:37.275, 5, 0, 78639
2026/09/14 07:31:37.775, 4, 0, 78639
2026/09/14 07:31:37.775, 5, 0, 78639
2026/09/14 07:31:38.275, 4, 0, 78639
2026/09/14 07:31:38.276, 5, 0, 78639
2026/09/14 07:31:38.776, 4, 0, 78639
2026/09/14 07:31:38.776, 5, 0, 78639
2026/09/14 07:31:39.276, 4, 0, 78639
2026/09/14 07:31:39.276, 5, 0, 78639
2026/09/14 07:31:39.776, 4, 0, 78639
2026/09/14 07:31:39.776, 5, 0, 78639
2026/09/14 07:31:40.276, 4, 0, 78639
2026/09/14 07:31:40.276, 5, 0, 78639
2026/09/14 07:31:40.776, 4, 0, 78639
2026/09/14 07:31:40.776, 5, 0, 78639
2026/09/14 07:31:41.277, 4, 1, 78639
2026/09/14 07:31:41.277, 5, 0, 78639
2026/09/14 07:31:41.777, 4, 0, 78639
2026/09/14 07:31:41.777, 5, 0, 78639
2026/09/14 07:31:42.277, 4, 6, 78639
2026/09/14 07:31:42.277, 5, 0, 78639
2026/09/14 07:31:42.778, 4, 3, 78639
2026/09/14 07:31:42.778, 5, 0, 78639
2026/09/14 07:31:43.278, 4, 12, 78639
2026/09/14 07:31:43.278, 5, 0, 78639
2026/09/14 07:31:43.778, 4, 0, 78639
2026/09/14 07:31:43.778, 5, 0, 78639
2026/09/14 07:31:44.278, 4, 6, 78639
2026/09/14 07:31:44.278, 5, 0, 78639
2026/09/14 07:31:44.779, 4, 21, 78639
2026/09/14 07:31:44.779, 5, 31, 78639
2026/09/14 07:31:45.279, 4, 30, 78639
2026/09/14 07:31:45.279, 5, 20, 78639
2026/09/14 07:31:45.779, 4, 18, 78639
2026/09/14 07:31:45.779, 5, 16, 78639
2026/09/14 07:31:46.279, 4, 0, 78639
2026/09/14 07:31:46.279, 5, 0, 78639
2026/09/14 07:31:46.780, 4, 0, 78639
2026/09/14 07:31:46.780, 5, 0, 78639
2026/09/14 07:31:47.280, 4, 0, 78639
2026/09/14 07:31:47.280, 5, 0, 78639
2026/09/14 07:31:47.780, 4, 0, 78639
2026/09/14 07:31:47.780, 5, 0, 78639
2026/09/14 07:31:48.281, 4, 0, 78639
2026/09/14 07:31:48.281, 5, 0, 78639
2026/09/14 07:31:48.781, 4, 0, 78639
2026/09/14 07:31:48.781, 5, 0, 78639
2026/09/14 07:31:49.281, 4, 0, 78639
2026/09/14 07:31:49.281, 5, 0, 78639
2026/09/14 07:31:49.781, 4, 0, 78639
2026/09/14 07:31:49.781, 5, 0, 78639
2026/09/14 07:31:50.281, 4, 0, 78639
2026/09/14 07:31:50.281, 5, 0, 78639
2026/09/14 07:31:50.781, 4, 0, 78639
2026/09/14 07:31:50.782, 5, 0, 78639
2026/09/14 07:31:51.282, 4, 0, 78639
2026/09/14 07:31:51.282, 5, 0, 78639
2026/09/14 07:31:51.782, 4, 0, 78639
2026/09/14 07:31:51.783, 5, 0, 78639
2026/09/14 07:31:52.283, 4, 0, 78639
2026/09/14 07:31:52.283, 5, 0, 78639
2026/09/14 07:31:52.783, 4, 0, 78639
2026/09/14 07:31:52.783, 5, 0, 78639
2026/09/14 07:31:53.283, 4, 0, 78639
2026/09/14 07:31:53.283, 5, 0, 78639
2026/09/14 07:31:53.783, 4, 0, 78639
2026/09/14 07:31:53.783, 5, 0, 78639
2026/09/14 07:31:54.283, 4, 0, 78639
2026/09/14 07:31:54.283, 5, 0, 78639
2026/09/14 07:31:54.783, 4, 0, 78639
2026/09/14 07:31:54.784, 5, 0, 78639
2026/09/14 07:31:55.284, 4, 0, 78639
2026/09/14 07:31:55.284, 5, 0, 78639
2026/09/14 07:31:55.784, 4, 0, 78639
2026/09/14 07:31:55.784, 5, 0, 78639
2026/09/14 07:31:56.285, 4, 0, 78639
2026/09/14 07:31:56.285, 5, 0, 78639
2026/09/14 07:31:56.785, 4, 0, 78639
2026/09/14 07:31:56.785, 5, 0, 78639
2026/09/14 07:31:57.286, 4, 0, 78639
2026/09/14 07:31:57.286, 5, 0, 78639
2026/09/14 07:31:57.786, 4, 0, 78639
2026/09/14 07:31:57.786, 5, 0, 78639
2026/09/14 07:31:58.286, 4, 0, 78639
2026/09/14 07:31:58.286, 5, 0, 78639
2026/09/14 07:31:58.786, 4, 0, 78639
2026/09/14 07:31:58.786, 5, 0, 78639
2026/09/14 07:31:59.286, 4, 0, 78639
2026/09/14 07:31:59.286, 5, 0, 78639
2026/09/14 07:31:59.787, 4, 0, 78639
2026/09/14 07:31:59.787, 5, 0, 78639
2026/09/14 07:32:00.287, 4, 0, 78639
2026/09/14 07:32:00.287, 5, 0, 78639
2026/09/14 07:32:00.787, 4, 0, 78639
2026/09/14 07:32:00.787, 5, 0, 78639
2026/09/14 07:32:01.287, 4, 0, 78639
2026/09/14 07:32:01.287, 5, 0, 78639
2026/09/14 07:32:01.788, 4, 0, 78639
2026/09/14 07:32:01.788, 5, 0, 78639
2026/09/14 07:32:02.288, 4, 30, 78639
2026/09/14 07:32:02.288, 5, 30, 78639
2026/09/14 07:32:02.788, 4, 0, 78639
2026/09/14 07:32:02.789, 5, 5, 78639
2026/09/14 07:32:03.289, 4, 0, 78639
2026/09/14 07:32:03.289, 5, 0, 78639
2026/09/14 07:32:03.789, 4, 0, 78639
2026/09/14 07:32:03.789, 5, 0, 78639
2026/09/14 07:32:04.289, 4, 0, 78639
2026/09/14 07:32:04.289, 5, 0, 78639
2026/09/14 07:32:04.789, 4, 0, 78639
2026/09/14 07:32:04.789, 5, 0, 78639
2026/09/14 07:32:05.289, 4, 0, 78639
2026/09/14 07:32:05.289, 5, 0, 78639
2026/09/14 07:32:05.789, 4, 0, 78639
2026/09/14 07:32:05.790, 5, 0, 78639
2026/09/14 07:32:06.290, 4, 0, 78639
2026/09/14 07:32:06.290, 5, 0, 78639
2026/09/14 07:32:06.790, 4, 0, 78639
2026/09/14 07:32:06.790, 5, 0, 78639
2026/09/14 07:32:07.290, 4, 0, 78639
2026/09/14 07:32:07.291, 5, 0, 78639
2026/09/14 07:32:07.791, 4, 0, 78639
2026/09/14 07:32:07.791, 5, 0, 78639
2026/09/14 07:32:08.291, 4, 0, 78639
2026/09/14 07:32:08.291, 5, 0, 78639
2026/09/14 07:32:08.791, 4, 0, 78639
2026/09/14 07:32:08.792, 5, 0, 78639
2026/09/14 07:32:09.294, 4, 0, 78639
2026/09/14 07:32:09.294, 5, 0, 78639
2026/09/14 07:32:09.794, 4, 0, 78639
2026/09/14 07:32:09.794, 5, 0, 78639
2026/09/14 07:32:10.294, 4, 0, 78639
2026/09/14 07:32:10.294, 5, 0, 78639
2026/09/14 07:32:10.794, 4, 23, 78639
2026/09/14 07:32:10.795, 5, 0, 78639
2026/09/14 07:32:11.295, 4, 0, 78639
2026/09/14 07:32:11.295, 5, 0, 78639
2026/09/14 07:32:11.795, 4, 0, 78639
2026/09/14 07:32:11.795, 5, 0, 78639
2026/09/14 07:32:12.296, 4, 0, 78639
2026/09/14 07:32:12.296, 5, 0, 78639
2026/09/14 07:32:12.796, 4, 0, 78639
2026/09/14 07:32:12.796, 5, 0, 78639
2026/09/14 07:32:13.296, 4, 0, 78639
2026/09/14 07:32:13.296, 5, 0, 78639
2026/09/14 07:32:13.796, 4, 0, 78639
2026/09/14 07:32:13.796, 5, 0, 78639
2026/09/14 07:32:14.296, 4, 0, 78639
2026/09/14 07:32:14.297, 5, 0, 78639
2026/09/14 07:32:14.797, 4, 9, 78639
2026/09/14 07:32:14.797, 5, 0, 78639
2026/09/14 07:32:15.297, 4, 0, 78639
2026/09/14 07:32:15.298, 5, 0, 78639
2026/09/14 07:32:15.798, 4, 61, 78639
2026/09/14 07:32:15.798, 5, 1, 78639
2026/09/14 07:32:16.333, 4, 100, 78639
2026/09/14 07:32:16.333, 5, 100, 78639
2026/09/14 07:32:16.833, 4, 100, 78639
2026/09/14 07:32:16.833, 5, 100, 78639
2026/09/14 07:32:17.342, 4, 90, 78639
2026/09/14 07:32:17.343, 5, 90, 78639
2026/09/14 07:32:17.843, 4, 99, 78639
2026/09/14 07:32:17.843, 5, 99, 78639
2026/09/14 07:32:18.343, 4, 100, 78639
2026/09/14 07:32:18.343, 5, 100, 78639
2026/09/14 07:32:18.843, 4, 100, 78639
2026/09/14 07:32:18.843, 5, 99, 78639
2026/09/14 07:32:19.343, 4, 99, 78639
2026/09/14 07:32:19.343, 5, 100, 78639
2026/09/14 07:32:19.843, 4, 100, 78639
2026/09/14 07:32:19.843, 5, 100, 78639
2026/09/14 07:32:20.343, 4, 99, 78639
2026/09/14 07:32:20.344, 5, 72, 78639
2026/09/14 07:32:20.844, 4, 99, 78639
2026/09/14 07:32:20.844, 5, 99, 78639
2026/09/14 07:32:21.344, 4, 100, 78639
2026/09/14 07:32:21.344, 5, 100, 78639
2026/09/14 07:32:21.844, 4, 100, 78639
2026/09/14 07:32:21.844, 5, 100, 78639
2026/09/14 07:32:22.344, 4, 99, 78639
2026/09/14 07:32:22.344, 5, 99, 78639
2026/09/14 07:32:22.844, 4, 100, 78639
2026/09/14 07:32:22.845, 5, 100, 78639
2026/09/14 07:32:23.345, 4, 100, 78639
2026/09/14 07:32:23.345, 5, 100, 78639
2026/09/14 07:32:23.845, 4, 99, 78639
2026/09/14 07:32:23.845, 5, 99, 78639
2026/09/14 07:32:24.345, 4, 100, 78639
2026/09/14 07:32:24.345, 5, 100, 78639
2026/09/14 07:32:24.846, 4, 100, 78639
2026/09/14 07:32:24.846, 5, 100, 78639
2026/09/14 07:32:25.346, 4, 99, 78639
2026/09/14 07:32:25.346, 5, 99, 78639
2026/09/14 07:32:25.846, 4, 100, 78639
2026/09/14 07:32:25.846, 5, 100, 78639
2026/09/14 07:32:26.346, 4, 100, 78639
2026/09/14 07:32:26.347, 5, 100, 78639
2026/09/14 07:32:26.847, 4, 84, 78639
2026/09/14 07:32:26.847, 5, 99, 78639
2026/09/14 07:32:27.347, 4, 100, 78639
2026/09/14 07:32:27.347, 5, 100, 78639
2026/09/14 07:32:27.848, 4, 100, 78639
2026/09/14 07:32:27.848, 5, 100, 78639
2026/09/14 07:32:28.348, 4, 99, 78639
2026/09/14 07:32:28.348, 5, 99, 78639
2026/09/14 07:32:28.848, 4, 100, 78639
2026/09/14 07:32:28.849, 5, 100, 78639
2026/09/14 07:32:29.349, 4, 100, 78639
2026/09/14 07:32:29.350, 5, 100, 78639
2026/09/14 07:32:29.850, 4, 91, 78639
2026/09/14 07:32:29.861, 5, 91, 78639
2026/09/14 07:32:30.362, 4, 100, 78639
2026/09/14 07:32:30.362, 5, 100, 78639
2026/09/14 07:32:30.862, 4, 100, 78639
2026/09/14 07:32:30.862, 5, 100, 78639
2026/09/14 07:32:31.362, 4, 95, 78639
2026/09/14 07:32:31.362, 5, 99, 78639
2026/09/14 07:32:31.862, 4, 100, 78639
2026/09/14 07:32:31.863, 5, 100, 78639
2026/09/14 07:32:32.363, 4, 100, 78639
2026/09/14 07:32:32.363, 5, 100, 78639
2026/09/14 07:32:32.864, 4, 57, 78639
2026/09/14 07:32:32.864, 5, 56, 78639
2026/09/14 07:32:33.364, 4, 100, 78639
2026/09/14 07:32:33.365, 5, 100, 78639
2026/09/14 07:32:33.865, 4, 100, 78639
2026/09/14 07:32:33.865, 5, 100, 78639
2026/09/14 07:32:34.366, 4, 69, 78639
2026/09/14 07:32:34.366, 5, 69, 78639
2026/09/14 07:32:34.866, 4, 99, 78639
2026/09/14 07:32:34.866, 5, 99, 78639
2026/09/14 07:32:35.366, 4, 100, 78639
2026/09/14 07:32:35.366, 5, 100, 78639
2026/09/14 07:32:35.866, 4, 100, 78639
2026/09/14 07:32:35.866, 5, 100, 78639
2026/09/14 07:32:36.367, 4, 100, 78639
2026/09/14 07:32:36.367, 5, 99, 78639
2026/09/14 07:32:36.867, 4, 100, 78639
2026/09/14 07:32:36.867, 5, 100, 78639
2026/09/14 07:32:37.367, 4, 75, 78639
2026/09/14 07:32:37.367, 5, 100, 78639
2026/09/14 07:32:37.867, 4, 99, 78639
2026/09/14 07:32:37.868, 5, 99, 78639
2026/09/14 07:32:38.368, 4, 100, 78639
2026/09/14 07:32:38.368, 5, 100, 78639
2026/09/14 07:32:38.868, 4, 100, 78639
2026/09/14 07:32:38.868, 5, 100, 78639
2026/09/14 07:32:39.368, 4, 99, 78639
2026/09/14 07:32:39.368, 5, 99, 78639
2026/09/14 07:32:39.868, 4, 100, 78639
2026/09/14 07:32:39.868, 5, 100, 78639
2026/09/14 07:32:40.368, 4, 100, 78639
2026/09/14 07:32:40.369, 5, 100, 78639
2026/09/14 07:32:40.869, 4, 99, 78639
2026/09/14 07:32:40.869, 5, 94, 78639
2026/09/14 07:32:41.369, 4, 100, 78639
2026/09/14 07:32:41.369, 5, 100, 78639
2026/09/14 07:32:41.869, 4, 100, 78639
2026/09/14 07:32:41.869, 5, 100, 78639
2026/09/14 07:32:42.369, 4, 99, 78639
2026/09/14 07:32:42.370, 5, 99, 78639
2026/09/14 07:32:42.870, 4, 100, 78639
2026/09/14 07:32:42.870, 5, 100, 78639
2026/09/14 07:32:43.370, 4, 100, 78639
2026/09/14 07:32:43.370, 5, 100, 78639
2026/09/14 07:32:43.870, 4, 99, 78639
2026/09/14 07:32:43.870, 5, 77, 78639
2026/09/14 07:32:44.370, 4, 100, 78639
2026/09/14 07:32:44.370, 5, 100, 78639
2026/09/14 07:32:44.871, 4, 100, 78639
2026/09/14 07:32:44.871, 5, 100, 78639
2026/09/14 07:32:45.371, 4, 99, 78639
2026/09/14 07:32:45.371, 5, 92, 78639
2026/09/14 07:32:45.871, 4, 100, 78639
2026/09/14 07:32:45.871, 5, 100, 78639
2026/09/14 07:32:46.371, 4, 100, 78639
2026/09/14 07:32:46.371, 5, 100, 78639
2026/09/14 07:32:46.871, 4, 95, 78639
2026/09/14 07:32:46.872, 5, 71, 78639
2026/09/14 07:32:47.372, 4, 100, 78639
2026/09/14 07:32:47.372, 5, 100, 78639
2026/09/14 07:32:47.872, 4, 100, 78639
2026/09/14 07:32:47.872, 5, 100, 78639
2026/09/14 07:32:48.372, 4, 99, 78639
2026/09/14 07:32:48.372, 5, 91, 78639
2026/09/14 07:32:48.872, 4, 100, 78639
2026/09/14 07:32:48.872, 5, 100, 78639
2026/09/14 07:32:49.373, 4, 100, 78639
2026/09/14 07:32:49.373, 5, 100, 78639
2026/09/14 07:32:49.873, 4, 78, 78639
2026/09/14 07:32:49.873, 5, 74, 78639
2026/09/14 07:32:50.373, 4, 100, 78639
2026/09/14 07:32:50.373, 5, 100, 78639
2026/09/14 07:32:50.873, 4, 100, 78639
2026/09/14 07:32:50.873, 5, 100, 78639
2026/09/14 07:32:51.373, 4, 83, 78639
2026/09/14 07:32:51.373, 5, 47, 78639
2026/09/14 07:32:51.873, 4, 100, 78639
2026/09/14 07:32:51.874, 5, 99, 78639
2026/09/14 07:32:52.375, 4, 100, 78639
2026/09/14 07:32:52.376, 5, 100, 78639
2026/09/14 07:32:52.876, 4, 100, 78639
2026/09/14 07:32:52.876, 5, 100, 78639
2026/09/14 07:32:53.376, 4, 99, 78639
2026/09/14 07:32:53.376, 5, 100, 78639
2026/09/14 07:32:53.876, 4, 100, 78639
2026/09/14 07:32:53.876, 5, 100, 78639
2026/09/14 07:32:54.376, 4, 100, 78639
2026/09/14 07:32:54.376, 5, 100, 78639
2026/09/14 07:32:54.876, 4, 99, 78639
2026/09/14 07:32:54.876, 5, 99, 78639
2026/09/14 07:32:55.376, 4, 100, 78639
2026/09/14 07:32:55.377, 5, 100, 78639
2026/09/14 07:32:55.877, 4, 100, 78639
2026/09/14 07:32:55.877, 5, 100, 78639
2026/09/14 07:32:56.377, 4, 99, 78639
2026/09/14 07:32:56.377, 5, 99, 78639
2026/09/14 07:32:56.877, 4, 100, 78639
2026/09/14 07:32:56.877, 5, 100, 78639
2026/09/14 07:32:57.377, 4, 100, 78639
2026/09/14 07:32:57.377, 5, 100, 78639
2026/09/14 07:32:57.877, 4, 96, 78639
2026/09/14 07:32:57.877, 5, 99, 78639
2026/09/14 07:32:58.378, 4, 100, 78639
2026/09/14 07:32:58.378, 5, 100, 78639
2026/09/14 07:32:58.878, 4, 100, 78639
2026/09/14 07:32:58.878, 5, 100, 78639
2026/09/14 07:32:59.378, 4, 99, 78639
2026/09/14 07:32:59.378, 5, 99, 78639
2026/09/14 07:32:59.878, 4, 100, 78639
2026/09/14 07:32:59.879, 5, 100, 78639
2026/09/14 07:33:00.379, 4, 100, 78639
2026/09/14 07:33:00.379, 5, 100, 78639
2026/09/14 07:33:00.879, 4, 91, 78639
2026/09/14 07:33:00.879, 5, 99, 78639
2026/09/14 07:33:01.379, 4, 100, 78639
2026/09/14 07:33:01.379, 5, 100, 78639
2026/09/14 07:33:01.879, 4, 100, 78639
2026/09/14 07:33:01.879, 5, 100, 78639
2026/09/14 07:33:02.379, 4, 99, 78639
2026/09/14 07:33:02.379, 5, 99, 78639
2026/09/14 07:33:02.880, 4, 100, 78639
2026/09/14 07:33:02.880, 5, 100, 78639
2026/09/14 07:33:03.380, 4, 100, 78639
2026/09/14 07:33:03.380, 5, 100, 78639
2026/09/14 07:33:03.880, 4, 59, 78639
2026/09/14 07:33:03.880, 5, 60, 78639
2026/09/14 07:33:04.380, 4, 100, 78639
2026/09/14 07:33:04.380, 5, 100, 78639
2026/09/14 07:33:04.880, 4, 100, 78639
2026/09/14 07:33:04.880, 5, 100, 78639
2026/09/14 07:33:05.381, 4, 71, 78639
2026/09/14 07:33:05.381, 5, 89, 78639
2026/09/14 07:33:05.881, 4, 99, 78639
2026/09/14 07:33:05.881, 5, 100, 78639
2026/09/14 07:33:06.381, 4, 100, 78639
2026/09/14 07:33:06.381, 5, 100, 78639
2026/09/14 07:33:06.881, 4, 91, 78639
2026/09/14 07:33:06.881, 5, 91, 78639
2026/09/14 07:33:07.381, 4, 100, 78639
2026/09/14 07:33:07.383, 5, 100, 78639
2026/09/14 07:33:07.883, 4, 100, 78639
2026/09/14 07:33:07.883, 5, 100, 78639
2026/09/14 07:33:08.383, 4, 73, 78639
2026/09/14 07:33:08.383, 5, 73, 78639
2026/09/14 07:33:08.883, 4, 99, 78639
2026/09/14 07:33:08.883, 5, 100, 78639
2026/09/14 07:33:09.383, 4, 100, 78639
2026/09/14 07:33:09.383, 5, 100, 78639
2026/09/14 07:33:09.883, 4, 100, 78639
2026/09/14 07:33:09.884, 5, 71, 78639
2026/09/14 07:33:10.384, 4, 99, 78639
2026/09/14 07:33:10.384, 5, 99, 78639
2026/09/14 07:33:10.884, 4, 100, 78639
2026/09/14 07:33:10.884, 5, 100, 78639
2026/09/14 07:33:11.384, 4, 88, 78639
2026/09/14 07:33:11.384, 5, 100, 78639
2026/09/14 07:33:11.884, 4, 99, 78639
2026/09/14 07:33:11.885, 5, 99, 78639
2026/09/14 07:33:12.386, 4, 100, 78639
2026/09/14 07:33:12.386, 5, 100, 78639
2026/09/14 07:33:12.886, 4, 100, 78639
2026/09/14 07:33:12.886, 5, 100, 78639
2026/09/14 07:33:13.386, 4, 99, 78639
2026/09/14 07:33:13.386, 5, 99, 78639
2026/09/14 07:33:13.886, 4, 100, 78639
2026/09/14 07:33:13.886, 5, 100, 78639
2026/09/14 07:33:14.386, 4, 100, 78639
2026/09/14 07:33:14.386, 5, 100, 78639
2026/09/14 07:33:14.887, 4, 99, 78639
2026/09/14 07:33:14.887, 5, 93, 78639
2026/09/14 07:33:15.387, 4, 100, 78639
2026/09/14 07:33:15.387, 5, 100, 78639
2026/09/14 07:33:15.887, 4, 100, 78639
2026/09/14 07:33:15.887, 5, 100, 78639
2026/09/14 07:33:16.387, 4, 99, 78639
2026/09/14 07:33:16.387, 5, 99, 78639
2026/09/14 07:33:16.887, 4, 100, 78639
2026/09/14 07:33:16.887, 5, 100, 78639
2026/09/14 07:33:17.388, 4, 100, 78639
2026/09/14 07:33:17.389, 5, 100, 78639
2026/09/14 07:33:17.891, 4, 95, 78639
2026/09/14 07:33:17.891, 5, 71, 78639
2026/09/14 07:33:18.392, 4, 100, 78639
2026/09/14 07:33:18.392, 5, 100, 78639
2026/09/14 07:33:18.893, 4, 100, 78639
2026/09/14 07:33:18.893, 5, 100, 78639
2026/09/14 07:33:19.393, 4, 99, 78639
2026/09/14 07:33:19.394, 5, 90, 78639
2026/09/14 07:33:19.894, 4, 100, 78639
2026/09/14 07:33:19.895, 5, 100, 78639
2026/09/14 07:33:20.395, 4, 100, 78639
2026/09/14 07:33:20.395, 5, 100, 78639
2026/09/14 07:33:20.895, 4, 74, 78639
2026/09/14 07:33:20.895, 5, 99, 78639
2026/09/14 07:33:21.395, 4, 100, 78639
2026/09/14 07:33:21.395, 5, 100, 78639
2026/09/14 07:33:21.896, 4, 100, 78639
2026/09/14 07:33:21.896, 5, 100, 78639
2026/09/14 07:33:22.396, 4, 83, 78639
2026/09/14 07:33:22.396, 5, 58, 78639
2026/09/14 07:33:22.896, 4, 100, 78639
2026/09/14 07:33:22.896, 5, 100, 78639
2026/09/14 07:33:23.396, 4, 100, 78639
2026/09/14 07:33:23.396, 5, 100, 78639
2026/09/14 07:33:23.897, 4, 71, 78639
2026/09/14 07:33:23.897, 5, 71, 78639
2026/09/14 07:33:24.398, 4, 100, 78639
2026/09/14 07:33:24.398, 5, 99, 78639
2026/09/14 07:33:24.898, 4, 100, 78639
2026/09/14 07:33:24.898, 5, 100, 78639
2026/09/14 07:33:25.398, 4, 91, 78639
2026/09/14 07:33:25.398, 5, 100, 78639
2026/09/14 07:33:25.898, 4, 99, 78639
2026/09/14 07:33:25.898, 5, 100, 78639
2026/09/14 07:33:26.398, 4, 100, 78639
2026/09/14 07:33:26.399, 5, 100, 78639
2026/09/14 07:33:26.900, 4, 100, 78639
2026/09/14 07:33:26.900, 5, 75, 78639
2026/09/14 07:33:27.401, 4, 99, 78639
2026/09/14 07:33:27.401, 5, 99, 78639
2026/09/14 07:33:27.901, 4, 100, 78639
2026/09/14 07:33:27.901, 5, 100, 78639
2026/09/14 07:33:28.401, 4, 100, 78639
2026/09/14 07:33:28.401, 5, 100, 78639
2026/09/14 07:33:28.901, 4, 94, 78639
2026/09/14 07:33:28.901, 5, 99, 78639
2026/09/14 07:33:29.401, 4, 100, 78639
2026/09/14 07:33:29.401, 5, 100, 78639
2026/09/14 07:33:29.901, 4, 100, 78639
2026/09/14 07:33:29.902, 5, 100, 78639
2026/09/14 07:33:30.402, 4, 99, 78639
2026/09/14 07:33:30.402, 5, 99, 78639
2026/09/14 07:33:30.902, 4, 100, 78639
2026/09/14 07:33:30.902, 5, 100, 78639
2026/09/14 07:33:31.403, 4, 100, 78639
2026/09/14 07:33:31.403, 5, 100, 78639
2026/09/14 07:33:31.903, 4, 91, 78639
2026/09/14 07:33:31.903, 5, 99, 78639
2026/09/14 07:33:32.403, 4, 100, 78639
2026/09/14 07:33:32.403, 5, 100, 78639
2026/09/14 07:33:32.903, 4, 100, 78639
2026/09/14 07:33:32.903, 5, 100, 78639
2026/09/14 07:33:33.404, 4, 94, 78639
2026/09/14 07:33:33.404, 5, 99, 78639
2026/09/14 07:33:33.904, 4, 100, 78639
2026/09/14 07:33:33.906, 5, 100, 78639
2026/09/14 07:33:34.406, 4, 100, 78639
2026/09/14 07:33:34.406, 5, 100, 78639
2026/09/14 07:33:34.906, 4, 55, 78639
2026/09/14 07:33:34.906, 5, 99, 78639
2026/09/14 07:33:35.406, 4, 100, 78639
2026/09/14 07:33:35.406, 5, 100, 78639
2026/09/14 07:33:35.906, 4, 100, 78639
2026/09/14 07:33:35.907, 5, 100, 78639
2026/09/14 07:33:36.407, 4, 71, 78639
2026/09/14 07:33:36.407, 5, 70, 78639
2026/09/14 07:33:36.907, 4, 99, 78639
2026/09/14 07:33:36.907, 5, 100, 78639
2026/09/14 07:33:37.407, 4, 100, 78639
2026/09/14 07:33:37.407, 5, 100, 78639
2026/09/14 07:33:37.907, 4, 100, 78639
2026/09/14 07:33:37.907, 5, 91, 78639
2026/09/14 07:33:38.407, 4, 100, 78639
2026/09/14 07:33:38.407, 5, 100, 78639
2026/09/14 07:33:38.907, 4, 100, 78639
2026/09/14 07:33:38.908, 5, 100, 78639
2026/09/14 07:33:39.408, 4, 76, 78639
2026/09/14 07:33:39.408, 5, 75, 78639
2026/09/14 07:33:39.908, 4, 99, 78639
2026/09/14 07:33:39.908, 5, 100, 78639
2026/09/14 07:33:40.408, 4, 100, 78639
2026/09/14 07:33:40.408, 5, 100, 78639
2026/09/14 07:33:40.908, 4, 100, 78639
2026/09/14 07:33:40.908, 5, 59, 78639
2026/09/14 07:33:41.408, 4, 99, 78639
2026/09/14 07:33:41.408, 5, 99, 78639
2026/09/14 07:33:41.908, 4, 100, 78639
2026/09/14 07:33:41.909, 5, 100, 78639
2026/09/14 07:33:42.409, 4, 100, 78639
2026/09/14 07:33:42.409, 5, 100, 78639
2026/09/14 07:33:42.909, 4, 99, 78639
2026/09/14 07:33:42.910, 5, 99, 78639
2026/09/14 07:33:43.410, 4, 100, 78639
2026/09/14 07:33:43.410, 5, 100, 78639
2026/09/14 07:33:43.910, 4, 100, 78639
2026/09/14 07:33:43.910, 5, 100, 78639
2026/09/14 07:33:44.410, 4, 99, 78639
2026/09/14 07:33:44.410, 5, 96, 78639
2026/09/14 07:33:44.910, 4, 100, 78639
2026/09/14 07:33:44.911, 5, 100, 78639
2026/09/14 07:33:45.411, 4, 100, 78639
2026/09/14 07:33:45.411, 5, 100, 78639
2026/09/14 07:33:45.911, 4, 99, 78639
2026/09/14 07:33:45.911, 5, 99, 78639
2026/09/14 07:33:46.412, 4, 100, 78639
2026/09/14 07:33:46.412, 5, 100, 78639
2026/09/14 07:33:46.913, 4, 100, 78639
2026/09/14 07:33:46.913, 5, 100, 78639
2026/09/14 07:33:47.413, 4, 99, 78639
2026/09/14 07:33:47.413, 5, 56, 78639
2026/09/14 07:33:47.914, 4, 100, 78639
2026/09/14 07:33:47.914, 5, 100, 78639
2026/09/14 07:33:48.414, 4, 100, 78639
2026/09/14 07:33:48.414, 5, 100, 78639
2026/09/14 07:33:48.914, 4, 72, 78639
2026/09/14 07:33:48.914, 5, 72, 78639
2026/09/14 07:33:49.414, 4, 100, 78639
2026/09/14 07:33:49.414, 5, 100, 78639
2026/09/14 07:33:49.914, 4, 100, 78639
2026/09/14 07:33:49.914, 5, 100, 78639
2026/09/14 07:33:50.415, 4, 90, 78639
2026/09/14 07:33:50.415, 5, 94, 78639
2026/09/14 07:33:50.915, 4, 100, 78639
2026/09/14 07:33:50.915, 5, 100, 78639
2026/09/14 07:33:51.415, 4, 100, 78639
2026/09/14 07:33:51.415, 5, 100, 78639
2026/09/14 07:33:51.915, 4, 75, 78639
2026/09/14 07:33:51.915, 5, 74, 78639
2026/09/14 07:33:52.416, 4, 100, 78639
2026/09/14 07:33:52.416, 5, 99, 78639
2026/09/14 07:33:52.916, 4, 100, 78639
2026/09/14 07:33:52.916, 5, 100, 78639
2026/09/14 07:33:53.416, 4, 58, 78639
2026/09/14 07:33:53.416, 5, 100, 78639
2026/09/14 07:33:53.917, 4, 99, 78639
2026/09/14 07:33:53.917, 5, 99, 78639
2026/09/14 07:33:54.417, 4, 100, 78639
2026/09/14 07:33:54.417, 5, 100, 78639
2026/09/14 07:33:54.917, 4, 100, 78639
2026/09/14 07:33:54.917, 5, 100, 78639
2026/09/14 07:33:55.417, 4, 99, 78639
2026/09/14 07:33:55.417, 5, 99, 78639
2026/09/14 07:33:55.918, 4, 100, 78639
2026/09/14 07:33:55.918, 5, 100, 78639
2026/09/14 07:33:56.418, 4, 100, 78639
2026/09/14 07:33:56.418, 5, 100, 78639
2026/09/14 07:33:56.918, 4, 94, 78639
2026/09/14 07:33:56.918, 5, 99, 78639
2026/09/14 07:33:57.418, 4, 100, 78639
2026/09/14 07:33:57.418, 5, 100, 78639
2026/09/14 07:33:57.919, 4, 100, 78639
2026/09/14 07:33:57.919, 5, 100, 78639
2026/09/14 07:33:58.421, 4, 99, 78639
2026/09/14 07:33:58.421, 5, 99, 78639
2026/09/14 07:33:58.921, 4, 100, 78639
2026/09/14 07:33:58.921, 5, 100, 78639
2026/09/14 07:33:59.421, 4, 100, 78639
2026/09/14 07:33:59.421, 5, 100, 78639
2026/09/14 07:33:59.922, 4, 57, 78639
2026/09/14 07:33:59.922, 5, 99, 78639
2026/09/14 07:34:00.422, 4, 100, 78639
2026/09/14 07:34:00.422, 5, 100, 78639
2026/09/14 07:34:00.922, 4, 100, 78639
2026/09/14 07:34:00.922, 5, 100, 78639
2026/09/14 07:34:01.422, 4, 72, 78639
2026/09/14 07:34:01.422, 5, 72, 78639
2026/09/14 07:34:01.922, 4, 99, 78639
2026/09/14 07:34:01.922, 5, 100, 78639
2026/09/14 07:34:02.422, 4, 100, 78639
2026/09/14 07:34:02.422, 5, 100, 78639
2026/09/14 07:34:02.923, 4, 97, 78639
2026/09/14 07:34:02.923, 5, 94, 78639
2026/09/14 07:34:03.423, 4, 100, 78639
2026/09/14 07:34:03.423, 5, 100, 78639
2026/09/14 07:34:03.923, 4, 100, 78639
2026/09/14 07:34:03.923, 5, 100, 78639
2026/09/14 07:34:04.423, 4, 75, 78639
2026/09/14 07:34:04.424, 5, 75, 78639
2026/09/14 07:34:04.924, 4, 99, 78639
2026/09/14 07:34:04.924, 5, 100, 78639
2026/09/14 07:34:05.424, 4, 100, 78639
2026/09/14 07:34:05.424, 5, 100, 78639
2026/09/14 07:34:05.925, 4, 100, 78639
2026/09/14 07:34:05.925, 5, 59, 78639
2026/09/14 07:34:06.425, 4, 99, 78639
2026/09/14 07:34:06.425, 5, 99, 78639
2026/09/14 07:34:06.925, 4, 100, 78639
2026/09/14 07:34:06.925, 5, 100, 78639
2026/09/14 07:34:07.425, 4, 100, 78639
2026/09/14 07:34:07.425, 5, 100, 78639
2026/09/14 07:34:07.925, 4, 99, 78639
2026/09/14 07:34:07.925, 5, 100, 78639
2026/09/14 07:34:08.425, 4, 100, 78639
2026/09/14 07:34:08.426, 5, 100, 78639
2026/09/14 07:34:08.926, 4, 100, 78639
2026/09/14 07:34:08.927, 5, 97, 78639
2026/09/14 07:34:09.427, 4, 99, 78639
2026/09/14 07:34:09.427, 5, 99, 78639
2026/09/14 07:34:09.927, 4, 100, 78639
2026/09/14 07:34:09.927, 5, 100, 78639
2026/09/14 07:34:10.427, 4, 100, 78639
2026/09/14 07:34:10.428, 5, 100, 78639
2026/09/14 07:34:10.928, 4, 99, 78639
2026/09/14 07:34:10.932, 5, 99, 78639
2026/09/14 07:34:11.433, 4, 100, 78639
2026/09/14 07:34:11.434, 5, 100, 78639
2026/09/14 07:34:11.934, 4, 100, 78639
2026/09/14 07:34:11.934, 5, 100, 78639
2026/09/14 07:34:12.434, 4, 99, 78639
2026/09/14 07:34:12.434, 5, 99, 78639
2026/09/14 07:34:12.934, 4, 100, 78639
2026/09/14 07:34:12.934, 5, 100, 78639
2026/09/14 07:34:13.434, 4, 100, 78639
2026/09/14 07:34:13.434, 5, 100, 78639
2026/09/14 07:34:13.934, 4, 72, 78639
2026/09/14 07:34:13.934, 5, 99, 78639
2026/09/14 07:34:14.434, 4, 100, 78639
2026/09/14 07:34:14.435, 5, 100, 78639
2026/09/14 07:34:14.935, 4, 100, 78639
2026/09/14 07:34:14.935, 5, 100, 78639
2026/09/14 07:34:15.435, 4, 99, 78639
2026/09/14 07:34:15.435, 5, 97, 78639
2026/09/14 07:34:15.935, 4, 100, 78639
2026/09/14 07:34:15.935, 5, 100, 78639
2026/09/14 07:34:16.435, 4, 100, 78639
2026/09/14 07:34:16.436, 5, 100, 78639
2026/09/14 07:34:16.936, 4, 73, 78639
2026/09/14 07:34:16.936, 5, 99, 78639
2026/09/14 07:34:17.436, 4, 100, 78639
2026/09/14 07:34:17.436, 5, 100, 78639
2026/09/14 07:34:17.936, 4, 100, 78639
2026/09/14 07:34:17.936, 5, 100, 78639
2026/09/14 07:34:18.436, 4, 58, 78639
2026/09/14 07:34:18.436, 5, 58, 78639
2026/09/14 07:34:18.937, 4, 99, 78639
2026/09/14 07:34:18.937, 5, 100, 78639
2026/09/14 07:34:19.437, 4, 100, 78639
2026/09/14 07:34:19.437, 5, 100, 78639
2026/09/14 07:34:19.937, 4, 100, 78639
2026/09/14 07:34:19.937, 5, 72, 78639
2026/09/14 07:34:20.437, 4, 99, 78639
2026/09/14 07:34:20.437, 5, 100, 78639
2026/09/14 07:34:20.937, 4, 100, 78639
2026/09/14 07:34:20.937, 5, 100, 78639
2026/09/14 07:34:21.437, 4, 90, 78639
2026/09/14 07:34:21.438, 5, 100, 78639
2026/09/14 07:34:21.938, 4, 99, 78639
2026/09/14 07:34:21.938, 5, 99, 78639
2026/09/14 07:34:22.438, 4, 100, 78639
2026/09/14 07:34:22.438, 5, 100, 78639
2026/09/14 07:34:22.938, 4, 100, 78639
2026/09/14 07:34:22.938, 5, 100, 78639
2026/09/14 07:34:23.438, 4, 99, 78639
2026/09/14 07:34:23.438, 5, 99, 78639
2026/09/14 07:34:23.939, 4, 100, 78639
2026/09/14 07:34:23.939, 5, 100, 78639
2026/09/14 07:34:24.439, 4, 100, 78639
2026/09/14 07:34:24.439, 5, 100, 78639
2026/09/14 07:34:24.939, 4, 99, 78639
2026/09/14 07:34:24.939, 5, 99, 78639
2026/09/14 07:34:25.440, 4, 100, 78639
2026/09/14 07:34:25.440, 5, 100, 78639
2026/09/14 07:34:25.940, 4, 100, 78639
2026/09/14 07:34:25.940, 5, 100, 78639
2026/09/14 07:34:26.440, 4, 99, 78639
2026/09/14 07:34:26.440, 5, 72, 78639
2026/09/14 07:34:26.940, 4, 100, 78639
2026/09/14 07:34:26.940, 5, 100, 78639
2026/09/14 07:34:27.440, 4, 100, 78639
2026/09/14 07:34:27.440, 5, 100, 78639
2026/09/14 07:34:27.941, 4, 99, 78639
2026/09/14 07:34:27.941, 5, 99, 78639
2026/09/14 07:34:28.441, 4, 100, 78639
2026/09/14 07:34:28.441, 5, 100, 78639
2026/09/14 07:34:28.941, 4, 100, 78639
2026/09/14 07:34:28.941, 5, 100, 78639
2026/09/14 07:34:29.442, 4, 73, 78639
2026/09/14 07:34:29.442, 5, 73, 78639
2026/09/14 07:34:29.942, 4, 99, 78639
2026/09/14 07:34:29.942, 5, 100, 78639
2026/09/14 07:34:30.442, 4, 100, 78639
2026/09/14 07:34:30.442, 5, 100, 78639
2026/09/14 07:34:30.942, 4, 100, 78639
2026/09/14 07:34:30.943, 5, 57, 78639
2026/09/14 07:34:31.443, 4, 99, 78639
2026/09/14 07:34:31.443, 5, 99, 78639
2026/09/14 07:34:31.944, 4, 100, 78639
2026/09/14 07:34:31.944, 5, 100, 78639
2026/09/14 07:34:32.444, 4, 100, 78639
2026/09/14 07:34:32.444, 5, 100, 78639
2026/09/14 07:34:32.944, 4, 99, 78639
2026/09/14 07:34:32.944, 5, 100, 78639
2026/09/14 07:34:33.444, 4, 100, 78639
2026/09/14 07:34:33.444, 5, 100, 78639
2026/09/14 07:34:33.944, 4, 100, 78639
2026/09/14 07:34:33.944, 5, 92, 78639
2026/09/14 07:34:34.445, 4, 99, 78639
2026/09/14 07:34:34.445, 5, 99, 78639
2026/09/14 07:34:34.945, 4, 100, 78639
2026/09/14 07:34:34.945, 5, 100, 78639
2026/09/14 07:34:35.445, 4, 100, 78639
2026/09/14 07:34:35.448, 5, 100, 78639
2026/09/14 07:34:35.950, 4, 99, 78639
2026/09/14 07:34:35.950, 5, 99, 78639
2026/09/14 07:34:36.450, 4, 100, 78639
2026/09/14 07:34:36.453, 5, 100, 78639
2026/09/14 07:34:36.953, 4, 100, 78639
2026/09/14 07:34:36.953, 5, 100, 78639
2026/09/14 07:34:37.454, 4, 99, 78639
2026/09/14 07:34:37.454, 5, 99, 78639
2026/09/14 07:34:37.954, 4, 100, 78639
2026/09/14 07:34:37.954, 5, 100, 78639
2026/09/14 07:34:38.454, 4, 100, 78639
2026/09/14 07:34:38.454, 5, 100, 78639
2026/09/14 07:34:38.957, 4, 69, 78639
2026/09/14 07:34:38.958, 5, 99, 78639
2026/09/14 07:34:39.458, 4, 100, 78639
2026/09/14 07:34:39.458, 5, 100, 78639
2026/09/14 07:34:39.958, 4, 100, 78639
2026/09/14 07:34:39.958, 5, 100, 78639
2026/09/14 07:34:40.458, 4, 99, 78639
2026/09/14 07:34:40.458, 5, 99, 78639
2026/09/14 07:34:40.958, 4, 100, 78639
2026/09/14 07:34:40.959, 5, 100, 78639
2026/09/14 07:34:41.459, 4, 100, 78639
2026/09/14 07:34:41.460, 5, 100, 78639
2026/09/14 07:34:41.961, 4, 99, 78639
2026/09/14 07:34:41.961, 5, 99, 78639
2026/09/14 07:34:42.461, 4, 100, 78639
2026/09/14 07:34:42.461, 5, 100, 78639
2026/09/14 07:34:42.961, 4, 100, 78639
2026/09/14 07:34:42.961, 5, 100, 78639
2026/09/14 07:34:43.461, 4, 57, 78639
2026/09/14 07:34:43.462, 5, 57, 78639
2026/09/14 07:34:43.962, 4, 100, 78639
2026/09/14 07:34:43.962, 5, 100, 78639
2026/09/14 07:34:44.462, 4, 100, 78639
2026/09/14 07:34:44.462, 5, 100, 78639
2026/09/14 07:34:44.963, 4, 75, 78639
2026/09/14 07:34:44.963, 5, 71, 78639
2026/09/14 07:34:45.463, 4, 100, 78639
2026/09/14 07:34:45.463, 5, 100, 78639
2026/09/14 07:34:45.963, 4, 100, 78639
2026/09/14 07:34:45.963, 5, 100, 78639
2026/09/14 07:34:46.463, 4, 91, 78639
2026/09/14 07:34:46.463, 5, 91, 78639
2026/09/14 07:34:46.964, 4, 100, 78639
2026/09/14 07:34:46.964, 5, 100, 78639
2026/09/14 07:34:47.465, 4, 100, 78639
2026/09/14 07:34:47.465, 5, 100, 78639
2026/09/14 07:34:47.965, 4, 74, 78639
2026/09/14 07:34:47.965, 5, 74, 78639
2026/09/14 07:34:48.465, 4, 99, 78639
2026/09/14 07:34:48.465, 5, 99, 78639
2026/09/14 07:34:48.965, 4, 100, 78639
2026/09/14 07:34:48.966, 5, 100, 78639
2026/09/14 07:34:49.466, 4, 100, 78639
2026/09/14 07:34:49.466, 5, 100, 78639
2026/09/14 07:34:49.966, 4, 99, 78639
2026/09/14 07:34:49.966, 5, 99, 78639
2026/09/14 07:34:50.466, 4, 100, 78639
2026/09/14 07:34:50.466, 5, 100, 78639
2026/09/14 07:34:50.966, 4, 92, 78639
2026/09/14 07:34:50.966, 5, 100, 78639
2026/09/14 07:34:51.467, 4, 99, 78639
2026/09/14 07:34:51.467, 5, 99, 78639
2026/09/14 07:34:51.968, 4, 100, 78639
2026/09/14 07:34:51.968, 5, 100, 78639
2026/09/14 07:34:52.468, 4, 100, 78639
2026/09/14 07:34:52.468, 5, 100, 78639
2026/09/14 07:34:52.968, 4, 99, 78639
2026/09/14 07:34:52.968, 5, 99, 78639
2026/09/14 07:34:53.468, 4, 100, 78639
2026/09/14 07:34:53.469, 5, 100, 78639
2026/09/14 07:34:53.969, 4, 100, 78639
2026/09/14 07:34:53.969, 5, 100, 78639
2026/09/14 07:34:54.469, 4, 99, 78639
2026/09/14 07:34:54.469, 5, 99, 78639
2026/09/14 07:34:54.969, 4, 100, 78639
2026/09/14 07:34:54.969, 5, 100, 78639
2026/09/14 07:34:55.470, 4, 100, 78639
2026/09/14 07:34:55.470, 5, 100, 78639
2026/09/14 07:34:55.970, 4, 99, 78639
2026/09/14 07:34:55.970, 5, 99, 78639
2026/09/14 07:34:56.471, 4, 100, 78639
2026/09/14 07:34:56.471, 5, 100, 78639
2026/09/14 07:34:56.971, 4, 100, 78639
2026/09/14 07:34:56.971, 5, 100, 78639
2026/09/14 07:34:57.471, 4, 83, 78639
2026/09/14 07:34:57.471, 5, 70, 78639
2026/09/14 07:34:57.971, 4, 100, 78639
2026/09/14 07:34:57.971, 5, 100, 78639
2026/09/14 07:34:58.471, 4, 100, 78639
2026/09/14 07:34:58.471, 5, 100, 78639
2026/09/14 07:34:58.971, 4, 99, 78639
2026/09/14 07:34:58.972, 5, 91, 78639
2026/09/14 07:34:59.472, 4, 100, 78639
2026/09/14 07:34:59.472, 5, 99, 78639
2026/09/14 07:34:59.972, 4, 100, 78639
2026/09/14 07:34:59.972, 5, 100, 78639
2026/09/14 07:35:00.472, 4, 74, 78639
2026/09/14 07:35:00.472, 5, 100, 78639
2026/09/14 07:35:00.972, 4, 99, 78639
2026/09/14 07:35:00.973, 5, 99, 78639
2026/09/14 07:35:01.473, 4, 100, 78639
2026/09/14 07:35:01.473, 5, 100, 78639
2026/09/14 07:35:01.973, 4, 90, 78639
2026/09/14 07:35:01.973, 5, 100, 78639
2026/09/14 07:35:02.473, 4, 99, 78639
2026/09/14 07:35:02.473, 5, 99, 78639
2026/09/14 07:35:02.973, 4, 100, 78639
2026/09/14 07:35:02.973, 5, 100, 78639
2026/09/14 07:35:03.473, 4, 100, 78639
2026/09/14 07:35:03.473, 5, 100, 78639
2026/09/14 07:35:03.974, 4, 99, 78639
2026/09/14 07:35:03.974, 5, 99, 78639
2026/09/14 07:35:04.474, 4, 100, 78639
2026/09/14 07:35:04.474, 5, 100, 78639
2026/09/14 07:35:04.974, 4, 100, 78639
2026/09/14 07:35:04.974, 5, 100, 78639
2026/09/14 07:35:05.474, 4, 99, 78639
2026/09/14 07:35:05.474, 5, 99, 78639
2026/09/14 07:35:05.974, 4, 100, 78639
2026/09/14 07:35:05.974, 5, 100, 78639
2026/09/14 07:35:06.474, 4, 100, 78639
2026/09/14 07:35:06.474, 5, 100, 78639
2026/09/14 07:35:06.975, 4, 99, 78639
2026/09/14 07:35:06.975, 5, 99, 78639
2026/09/14 07:35:07.475, 4, 100, 78639
2026/09/14 07:35:07.475, 5, 100, 78639
2026/09/14 07:35:07.975, 4, 100, 78639
2026/09/14 07:35:07.975, 5, 100, 78639
2026/09/14 07:35:08.475, 4, 69, 78639
2026/09/14 07:35:08.476, 5, 55, 78639
2026/09/14 07:35:08.976, 4, 100, 78639
2026/09/14 07:35:08.976, 5, 100, 78639
2026/09/14 07:35:09.476, 4, 100, 78639
2026/09/14 07:35:09.476, 5, 100, 78639
2026/09/14 07:35:09.976, 4, 92, 78639
2026/09/14 07:35:09.977, 5, 70, 78639
2026/09/14 07:35:10.477, 4, 100, 78639
2026/09/14 07:35:10.477, 5, 100, 78639
2026/09/14 07:35:10.977, 4, 100, 78639
2026/09/14 07:35:10.977, 5, 100, 78639
2026/09/14 07:35:11.477, 4, 89, 78639
2026/09/14 07:35:11.477, 5, 90, 78639
2026/09/14 07:35:11.978, 4, 100, 78639
2026/09/14 07:35:11.978, 5, 100, 78639
2026/09/14 07:35:12.478, 4, 100, 78639
2026/09/14 07:35:12.478, 5, 100, 78639
2026/09/14 07:35:12.978, 4, 70, 78639
2026/09/14 07:35:12.978, 5, 70, 78639
2026/09/14 07:35:13.478, 4, 99, 78639
2026/09/14 07:35:13.478, 5, 99, 78639
2026/09/14 07:35:13.978, 4, 100, 78639
2026/09/14 07:35:13.978, 5, 100, 78639
2026/09/14 07:35:14.478, 4, 85, 78639
2026/09/14 07:35:14.478, 5, 100, 78639
2026/09/14 07:35:14.979, 4, 100, 78639
2026/09/14 07:35:14.980, 5, 99, 78639
2026/09/14 07:35:15.480, 4, 100, 78639
2026/09/14 07:35:15.480, 5, 100, 78639
2026/09/14 07:35:15.980, 4, 80, 78639
2026/09/14 07:35:15.981, 5, 100, 78639
2026/09/14 07:35:16.482, 4, 99, 78639
2026/09/14 07:35:16.482, 5, 99, 78639
2026/09/14 07:35:16.982, 4, 100, 78639
2026/09/14 07:35:16.982, 5, 100, 78639
2026/09/14 07:35:17.482, 4, 100, 78639
2026/09/14 07:35:17.483, 5, 100, 78639
2026/09/14 07:35:17.983, 4, 99, 78639
2026/09/14 07:35:17.983, 5, 99, 78639
2026/09/14 07:35:18.483, 4, 100, 78639
2026/09/14 07:35:18.483, 5, 100, 78639
2026/09/14 07:35:18.983, 4, 100, 78639
2026/09/14 07:35:18.984, 5, 100, 78639
2026/09/14 07:35:19.484, 4, 99, 78639
2026/09/14 07:35:19.484, 5, 99, 78639
2026/09/14 07:35:19.986, 4, 100, 78639
2026/09/14 07:35:19.986, 5, 100, 78639
2026/09/14 07:35:20.486, 4, 100, 78639
2026/09/14 07:35:20.486, 5, 100, 78639
2026/09/14 07:35:20.987, 4, 99, 78639
2026/09/14 07:35:20.987, 5, 99, 78639
2026/09/14 07:35:21.487, 4, 100, 78639
2026/09/14 07:35:21.487, 5, 100, 78639
2026/09/14 07:35:21.987, 4, 100, 78639
2026/09/14 07:35:21.987, 5, 100, 78639
2026/09/14 07:35:22.487, 4, 91, 78639
2026/09/14 07:35:22.487, 5, 68, 78639
2026/09/14 07:35:22.987, 4, 100, 78639
2026/09/14 07:35:22.988, 5, 100, 78639
2026/09/14 07:35:23.488, 4, 100, 78639
2026/09/14 07:35:23.488, 5, 100, 78639
2026/09/14 07:35:23.988, 4, 99, 78639
2026/09/14 07:35:23.988, 5, 99, 78639
2026/09/14 07:35:24.488, 4, 100, 78639
2026/09/14 07:35:24.488, 5, 100, 78639
2026/09/14 07:35:24.988, 4, 100, 78639
2026/09/14 07:35:24.988, 5, 100, 78639
2026/09/14 07:35:25.488, 4, 72, 78639
2026/09/14 07:35:25.489, 5, 72, 78639
2026/09/14 07:35:25.989, 4, 100, 78639
2026/09/14 07:35:25.989, 5, 100, 78639
2026/09/14 07:35:26.489, 4, 100, 78639
2026/09/14 07:35:26.489, 5, 100, 78639
2026/09/14 07:35:26.989, 4, 73, 78639
2026/09/14 07:35:26.989, 5, 56, 78639
2026/09/14 07:35:27.489, 4, 100, 78639
2026/09/14 07:35:27.489, 5, 99, 78639
2026/09/14 07:35:27.989, 4, 100, 78639
2026/09/14 07:35:27.989, 5, 100, 78639
2026/09/14 07:35:28.489, 4, 74, 78639
2026/09/14 07:35:28.490, 5, 100, 78639
2026/09/14 07:35:28.990, 4, 100, 78639
2026/09/14 07:35:28.990, 5, 100, 78639
2026/09/14 07:35:29.490, 4, 100, 78639
2026/09/14 07:35:29.490, 5, 100, 78639
2026/09/14 07:35:29.990, 4, 91, 78639
2026/09/14 07:35:29.990, 5, 91, 78639
2026/09/14 07:35:30.490, 4, 99, 78639
2026/09/14 07:35:30.491, 5, 99, 78639
2026/09/14 07:35:30.991, 4, 100, 78639
2026/09/14 07:35:30.991, 5, 100, 78639
2026/09/14 07:35:31.491, 4, 100, 78639
2026/09/14 07:35:31.491, 5, 100, 78639
2026/09/14 07:35:31.991, 4, 99, 78639
2026/09/14 07:35:31.991, 5, 99, 78639
2026/09/14 07:35:32.491, 4, 100, 78639
2026/09/14 07:35:32.491, 5, 100, 78639
2026/09/14 07:35:32.991, 4, 100, 78639
2026/09/14 07:35:32.992, 5, 100, 78639
2026/09/14 07:35:33.492, 4, 69, 78639
2026/09/14 07:35:33.492, 5, 99, 78639
2026/09/14 07:35:33.992, 4, 100, 78639
2026/09/14 07:35:33.992, 5, 100, 78639
2026/09/14 07:35:34.492, 4, 100, 78639
2026/09/14 07:35:34.492, 5, 100, 78639
2026/09/14 07:35:34.992, 4, 93, 78639
2026/09/14 07:35:34.992, 5, 99, 78639
2026/09/14 07:35:35.492, 4, 100, 78639
2026/09/14 07:35:35.492, 5, 100, 78639
2026/09/14 07:35:35.992, 4, 100, 78639
2026/09/14 07:35:35.992, 5, 100, 78639
2026/09/14 07:35:36.492, 4, 91, 78639
2026/09/14 07:35:36.493, 5, 94, 78639
2026/09/14 07:35:36.993, 4, 100, 78639
2026/09/14 07:35:36.993, 5, 100, 78639
2026/09/14 07:35:37.493, 4, 100, 78639
2026/09/14 07:35:37.493, 5, 100, 78639
2026/09/14 07:35:37.994, 4, 74, 78639
2026/09/14 07:35:37.994, 5, 75, 78639
2026/09/14 07:35:38.494, 4, 99, 78639
2026/09/14 07:35:38.494, 5, 99, 78639
2026/09/14 07:35:38.994, 4, 100, 78639
2026/09/14 07:35:38.994, 5, 100, 78639
2026/09/14 07:35:39.494, 4, 81, 78639
2026/09/14 07:35:39.494, 5, 100, 78639
2026/09/14 07:35:39.995, 4, 100, 78639
2026/09/14 07:35:39.995, 5, 99, 78639
2026/09/14 07:35:40.495, 4, 100, 78639
2026/09/14 07:35:40.495, 5, 100, 78639
2026/09/14 07:35:40.995, 4, 72, 78639
2026/09/14 07:35:40.995, 5, 100, 78639
2026/09/14 07:35:41.495, 4, 99, 78639
2026/09/14 07:35:41.495, 5, 99, 78639
2026/09/14 07:35:41.995, 4, 100, 78639
2026/09/14 07:35:41.995, 5, 100, 78639
2026/09/14 07:35:42.495, 4, 100, 78639
2026/09/14 07:35:42.496, 5, 100, 78639
2026/09/14 07:35:42.996, 4, 99, 78639
2026/09/14 07:35:42.997, 5, 99, 78639
2026/09/14 07:35:43.497, 4, 100, 78639
2026/09/14 07:35:43.497, 5, 100, 78639
2026/09/14 07:35:43.997, 4, 99, 78639
2026/09/14 07:35:43.997, 5, 100, 78639
2026/09/14 07:35:44.498, 4, 99, 78639
2026/09/14 07:35:44.498, 5, 99, 78639
2026/09/14 07:35:44.998, 4, 100, 78639
2026/09/14 07:35:44.998, 5, 100, 78639
2026/09/14 07:35:45.499, 4, 100, 78639
2026/09/14 07:35:45.500, 5, 100, 78639
2026/09/14 07:35:46.000, 4, 99, 78639
2026/09/14 07:35:46.000, 5, 99, 78639
2026/09/14 07:35:46.500, 4, 100, 78639
2026/09/14 07:35:46.500, 5, 100, 78639
2026/09/14 07:35:47.000, 4, 100, 78639
2026/09/14 07:35:47.000, 5, 100, 78639
2026/09/14 07:35:47.501, 4, 99, 78639
2026/09/14 07:35:47.533, 5, 99, 78639
2026/09/14 07:35:48.035, 4, 100, 78639
2026/09/14 07:35:48.035, 5, 100, 78639
2026/09/14 07:35:48.535, 4, 100, 78639
2026/09/14 07:35:48.535, 5, 100, 78639
2026/09/14 07:35:49.035, 4, 99, 78639
2026/09/14 07:35:49.035, 5, 93, 78639
2026/09/14 07:35:49.535, 4, 100, 78639
2026/09/14 07:35:49.536, 5, 100, 78639
2026/09/14 07:35:50.036, 4, 100, 78639
2026/09/14 07:35:50.036, 5, 100, 78639
2026/09/14 07:35:50.536, 4, 74, 78639
2026/09/14 07:35:50.536, 5, 99, 78639
2026/09/14 07:35:51.036, 4, 100, 78639
2026/09/14 07:35:51.036, 5, 100, 78639
2026/09/14 07:35:51.536, 4, 100, 78639
2026/09/14 07:35:51.536, 5, 100, 78639
2026/09/14 07:35:52.036, 4, 85, 78639
2026/09/14 07:35:52.036, 5, 58, 78639
2026/09/14 07:35:52.536, 4, 100, 78639
2026/09/14 07:35:52.537, 5, 100, 78639
2026/09/14 07:35:53.037, 4, 100, 78639
2026/09/14 07:35:53.037, 5, 100, 78639
2026/09/14 07:35:53.538, 4, 72, 78639
2026/09/14 07:35:53.538, 5, 71, 78639
2026/09/14 07:35:54.038, 4, 100, 78639
2026/09/14 07:35:54.038, 5, 100, 78639
2026/09/14 07:35:54.538, 4, 100, 78639
2026/09/14 07:35:54.538, 5, 100, 78639
2026/09/14 07:35:55.038, 4, 91, 78639
2026/09/14 07:35:55.038, 5, 96, 78639
2026/09/14 07:35:55.538, 4, 99, 78639
2026/09/14 07:35:55.538, 5, 100, 78639
2026/09/14 07:35:56.039, 4, 100, 78639
2026/09/14 07:35:56.039, 5, 100, 78639
2026/09/14 07:35:56.539, 4, 95, 78639
2026/09/14 07:35:56.539, 5, 74, 78639
2026/09/14 07:35:57.039, 4, 100, 78639
2026/09/14 07:35:57.039, 5, 99, 78639
2026/09/14 07:35:57.539, 4, 100, 78639
2026/09/14 07:35:57.539, 5, 100, 78639
2026/09/14 07:35:58.039, 4, 70, 78639
2026/09/14 07:35:58.040, 5, 100, 78639
2026/09/14 07:35:58.540, 4, 99, 78639
2026/09/14 07:35:58.540, 5, 99, 78639
2026/09/14 07:35:59.040, 4, 100, 78639
2026/09/14 07:35:59.040, 5, 100, 78639
2026/09/14 07:35:59.540, 4, 100, 78639
2026/09/14 07:35:59.540, 5, 100, 78639
2026/09/14 07:36:00.040, 4, 99, 78639
2026/09/14 07:36:00.040, 5, 99, 78639
2026/09/14 07:36:00.540, 4, 100, 78639
2026/09/14 07:36:00.541, 5, 100, 78639
2026/09/14 07:36:01.041, 4, 100, 78639
2026/09/14 07:36:01.041, 5, 100, 78639
2026/09/14 07:36:01.541, 4, 99, 78639
2026/09/14 07:36:01.541, 5, 99, 78639
2026/09/14 07:36:02.042, 4, 100, 78639
2026/09/14 07:36:02.042, 5, 100, 78639
2026/09/14 07:36:02.542, 4, 100, 78639
2026/09/14 07:36:02.542, 5, 100, 78639
2026/09/14 07:36:03.043, 4, 77, 78639
2026/09/14 07:36:03.043, 5, 99, 78639
2026/09/14 07:36:03.543, 4, 100, 78639
2026/09/14 07:36:03.543, 5, 100, 78639
2026/09/14 07:36:04.043, 4, 100, 78639
2026/09/14 07:36:04.043, 5, 100, 78639
2026/09/14 07:36:04.544, 4, 71, 78639
2026/09/14 07:36:04.544, 5, 99, 78639
2026/09/14 07:36:05.044, 4, 100, 78639
2026/09/14 07:36:05.044, 5, 100, 78639
2026/09/14 07:36:05.544, 4, 100, 78639
2026/09/14 07:36:05.544, 5, 100, 78639
2026/09/14 07:36:06.045, 4, 72, 78639
2026/09/14 07:36:06.045, 5, 72, 78639
2026/09/14 07:36:06.546, 4, 99, 78639
2026/09/14 07:36:06.546, 5, 100, 78639
2026/09/14 07:36:07.046, 4, 100, 78639
2026/09/14 07:36:07.046, 5, 100, 78639
2026/09/14 07:36:07.546, 4, 100, 78639
2026/09/14 07:36:07.546, 5, 94, 78639
2026/09/14 07:36:08.046, 4, 99, 78639
2026/09/14 07:36:08.046, 5, 100, 78639
2026/09/14 07:36:08.546, 4, 100, 78639
2026/09/14 07:36:08.548, 5, 100, 78639
2026/09/14 07:36:09.049, 4, 91, 78639
2026/09/14 07:36:09.049, 5, 74, 78639
2026/09/14 07:36:09.549, 4, 99, 78639
2026/09/14 07:36:09.549, 5, 100, 78639
2026/09/14 07:36:10.049, 4, 100, 78639
2026/09/14 07:36:10.049, 5, 100, 78639
2026/09/14 07:36:10.549, 4, 100, 78639
2026/09/14 07:36:10.550, 5, 57, 78639
2026/09/14 07:36:11.050, 4, 99, 78639
2026/09/14 07:36:11.050, 5, 99, 78639
2026/09/14 07:36:11.550, 4, 100, 78639
2026/09/14 07:36:11.550, 5, 100, 78639
2026/09/14 07:36:12.050, 4, 100, 78639
2026/09/14 07:36:12.051, 5, 100, 78639
2026/09/14 07:36:12.551, 4, 99, 78639
2026/09/14 07:36:12.551, 5, 100, 78639
2026/09/14 07:36:13.051, 4, 100, 78639
2026/09/14 07:36:13.052, 5, 100, 78639
2026/09/14 07:36:13.552, 4, 100, 78639
2026/09/14 07:36:13.552, 5, 97, 78639
2026/09/14 07:36:14.053, 4, 99, 78639
2026/09/14 07:36:14.053, 5, 99, 78639
2026/09/14 07:36:14.553, 4, 100, 78639
2026/09/14 07:36:14.554, 5, 100, 78639
2026/09/14 07:36:15.054, 4, 100, 78639
2026/09/14 07:36:15.054, 5, 100, 78639
2026/09/14 07:36:15.555, 4, 88, 78639
2026/09/14 07:36:15.555, 5, 99, 78639
2026/09/14 07:36:16.055, 4, 100, 78639
2026/09/14 07:36:16.055, 5, 100, 78639
2026/09/14 07:36:16.556, 4, 100, 78639
2026/09/14 07:36:16.556, 5, 100, 78639
2026/09/14 07:36:17.056, 4, 93, 78639
2026/09/14 07:36:17.056, 5, 57, 78639
2026/09/14 07:36:17.556, 4, 100, 78639
2026/09/14 07:36:17.556, 5, 100, 78639
2026/09/14 07:36:18.056, 4, 100, 78639
2026/09/14 07:36:18.056, 5, 100, 78639
2026/09/14 07:36:18.556, 4, 71, 78639
2026/09/14 07:36:18.559, 5, 71, 78639
2026/09/14 07:36:19.060, 4, 100, 78639
2026/09/14 07:36:19.060, 5, 100, 78639
2026/09/14 07:36:19.560, 4, 100, 78639
2026/09/14 07:36:19.560, 5, 100, 78639
2026/09/14 07:36:20.061, 4, 84, 78639
2026/09/14 07:36:20.061, 5, 97, 78639
2026/09/14 07:36:20.561, 4, 99, 78639
2026/09/14 07:36:20.561, 5, 100, 78639
2026/09/14 07:36:21.061, 4, 100, 78639
2026/09/14 07:36:21.061, 5, 100, 78639
2026/09/14 07:36:21.562, 4, 91, 78639
2026/09/14 07:36:21.562, 5, 75, 78639
2026/09/14 07:36:22.062, 4, 100, 78639
2026/09/14 07:36:22.063, 5, 99, 78639
2026/09/14 07:36:22.565, 4, 100, 78639
2026/09/14 07:36:22.565, 5, 100, 78639
2026/09/14 07:36:23.066, 4, 64, 78639
2026/09/14 07:36:23.066, 5, 100, 78639
2026/09/14 07:36:23.566, 4, 99, 78639
2026/09/14 07:36:23.570, 5, 99, 78639
2026/09/14 07:36:24.072, 4, 100, 78639
2026/09/14 07:36:24.073, 5, 100, 78639
2026/09/14 07:36:24.573, 4, 72, 78639
2026/09/14 07:36:24.573, 5, 100, 78639
2026/09/14 07:36:25.074, 4, 99, 78639
2026/09/14 07:36:25.074, 5, 99, 78639
2026/09/14 07:36:25.574, 4, 100, 78639
2026/09/14 07:36:25.574, 5, 100, 78639
2026/09/14 07:36:26.074, 4, 100, 78639
2026/09/14 07:36:26.074, 5, 100, 78639
2026/09/14 07:36:26.575, 4, 99, 78639
2026/09/14 07:36:26.575, 5, 99, 78639
2026/09/14 07:36:27.076, 4, 100, 78639
2026/09/14 07:36:27.076, 5, 100, 78639
2026/09/14 07:36:27.576, 4, 83, 78639
2026/09/14 07:36:27.577, 5, 100, 78639
2026/09/14 07:36:28.077, 4, 99, 78639
2026/09/14 07:36:28.077, 5, 99, 78639
2026/09/14 07:36:28.577, 4, 100, 78639
2026/09/14 07:36:28.577, 5, 100, 78639
2026/09/14 07:36:29.077, 4, 100, 78639
2026/09/14 07:36:29.077, 5, 100, 78639
2026/09/14 07:36:29.577, 4, 99, 78639
2026/09/14 07:36:29.577, 5, 99, 78639
2026/09/14 07:36:30.077, 4, 100, 78639
2026/09/14 07:36:30.077, 5, 100, 78639
2026/09/14 07:36:30.577, 4, 100, 78639
2026/09/14 07:36:30.578, 5, 100, 78639
2026/09/14 07:36:31.078, 4, 99, 78639
2026/09/14 07:36:31.078, 5, 71, 78639
2026/09/14 07:36:31.578, 4, 100, 78639
2026/09/14 07:36:31.578, 5, 100, 78639
2026/09/14 07:36:32.078, 4, 100, 78639
2026/09/14 07:36:32.078, 5, 100, 78639
2026/09/14 07:36:32.578, 4, 99, 78639
2026/09/14 07:36:32.579, 5, 91, 78639
2026/09/14 07:36:33.079, 4, 100, 78639
2026/09/14 07:36:33.080, 5, 100, 78639
2026/09/14 07:36:33.580, 4, 100, 78639
2026/09/14 07:36:33.580, 5, 100, 78639
2026/09/14 07:36:34.080, 4, 91, 78639
2026/09/14 07:36:34.081, 5, 74, 78639
2026/09/14 07:36:34.581, 4, 100, 78639
2026/09/14 07:36:34.582, 5, 100, 78639
2026/09/14 07:36:35.082, 4, 100, 78639
2026/09/14 07:36:35.082, 5, 100, 78639
2026/09/14 07:36:35.583, 4, 58, 78639
2026/09/14 07:36:35.583, 5, 56, 78639
2026/09/14 07:36:36.083, 4, 99, 78639
2026/09/14 07:36:36.083, 5, 99, 78639
2026/09/14 07:36:36.583, 4, 100, 78639
2026/09/14 07:36:36.583, 5, 100, 78639
2026/09/14 07:36:37.083, 4, 100, 78639
2026/09/14 07:36:37.084, 5, 100, 78639
2026/09/14 07:36:37.585, 4, 99, 78639
2026/09/14 07:36:37.585, 5, 100, 78639
2026/09/14 07:36:38.085, 4, 100, 78639
2026/09/14 07:36:38.085, 5, 100, 78639
2026/09/14 07:36:38.585, 4, 100, 78639
2026/09/14 07:36:38.585, 5, 100, 78639
2026/09/14 07:36:39.086, 4, 99, 78639
2026/09/14 07:36:39.086, 5, 99, 78639
2026/09/14 07:36:39.586, 4, 100, 78639
2026/09/14 07:36:39.586, 5, 100, 78639
2026/09/14 07:36:40.086, 4, 100, 78639
2026/09/14 07:36:40.086, 5, 100, 78639
2026/09/14 07:36:40.586, 4, 99, 78639
2026/09/14 07:36:40.587, 5, 99, 78639
2026/09/14 07:36:41.087, 4, 100, 78639
2026/09/14 07:36:41.087, 5, 100, 78639
2026/09/14 07:36:41.587, 4, 100, 78639
2026/09/14 07:36:41.587, 5, 100, 78639
2026/09/14 07:36:42.087, 4, 99, 78639
2026/09/14 07:36:42.087, 5, 99, 78639
2026/09/14 07:36:42.587, 4, 100, 78639
2026/09/14 07:36:42.587, 5, 100, 78639
2026/09/14 07:36:43.088, 4, 100, 78639
2026/09/14 07:36:43.088, 5, 100, 78639
2026/09/14 07:36:43.588, 4, 99, 78639
2026/09/14 07:36:43.588, 5, 99, 78639
2026/09/14 07:36:44.088, 4, 100, 78639
2026/09/14 07:36:44.088, 5, 100, 78639
2026/09/14 07:36:44.588, 4, 100, 78639
2026/09/14 07:36:44.589, 5, 100, 78639
2026/09/14 07:36:45.092, 4, 91, 78639
2026/09/14 07:36:45.092, 5, 91, 78639
2026/09/14 07:36:45.592, 4, 100, 78639
2026/09/14 07:36:45.592, 5, 100, 78639
2026/09/14 07:36:46.092, 4, 100, 78639
2026/09/14 07:36:46.092, 5, 100, 78639
2026/09/14 07:36:46.592, 4, 98, 78639
2026/09/14 07:36:46.592, 5, 99, 78639
2026/09/14 07:36:47.092, 4, 100, 78639
2026/09/14 07:36:47.093, 5, 100, 78639
2026/09/14 07:36:47.593, 4, 100, 78639
2026/09/14 07:36:47.593, 5, 100, 78639
2026/09/14 07:36:48.093, 4, 55, 78639
2026/09/14 07:36:48.093, 5, 55, 78639
2026/09/14 07:36:48.593, 4, 100, 78639
2026/09/14 07:36:48.593, 5, 100, 78639
2026/09/14 07:36:49.093, 4, 100, 78639
2026/09/14 07:36:49.093, 5, 100, 78639
2026/09/14 07:36:49.593, 4, 72, 78639
2026/09/14 07:36:49.593, 5, 71, 78639
2026/09/14 07:36:50.093, 4, 99, 78639
2026/09/14 07:36:50.094, 5, 100, 78639
2026/09/14 07:36:50.594, 4, 100, 78639
2026/09/14 07:36:50.594, 5, 100, 78639
2026/09/14 07:36:51.094, 4, 100, 78639
2026/09/14 07:36:51.094, 5, 99, 78639
2026/09/14 07:36:51.594, 4, 100, 78639
2026/09/14 07:36:51.594, 5, 100, 78639
2026/09/14 07:36:52.094, 4, 100, 78639
2026/09/14 07:36:52.094, 5, 100, 78639
2026/09/14 07:36:52.594, 4, 68, 78639
2026/09/14 07:36:52.594, 5, 68, 78639
2026/09/14 07:36:53.095, 4, 99, 78639
2026/09/14 07:36:53.095, 5, 99, 78639
2026/09/14 07:36:53.595, 4, 100, 78639
2026/09/14 07:36:53.595, 5, 100, 78639
2026/09/14 07:36:54.095, 4, 100, 78639
2026/09/14 07:36:54.095, 5, 100, 78639
2026/09/14 07:36:54.595, 4, 99, 78639
2026/09/14 07:36:54.595, 5, 99, 78639
2026/09/14 07:36:55.095, 4, 100, 78639
2026/09/14 07:36:55.095, 5, 100, 78639
2026/09/14 07:36:55.595, 4, 100, 78639
2026/09/14 07:36:55.595, 5, 100, 78639
2026/09/14 07:36:56.095, 4, 99, 78639
2026/09/14 07:36:56.096, 5, 70, 78639
2026/09/14 07:36:56.596, 4, 100, 78639
2026/09/14 07:36:56.596, 5, 100, 78639
2026/09/14 07:36:57.096, 4, 100, 78639
2026/09/14 07:36:57.096, 5, 100, 78639
2026/09/14 07:36:57.597, 4, 99, 78639
2026/09/14 07:36:57.597, 5, 91, 78639
2026/09/14 07:36:58.097, 4, 100, 78639
2026/09/14 07:36:58.097, 5, 100, 78639
2026/09/14 07:36:58.597, 4, 100, 78639
2026/09/14 07:36:58.598, 5, 100, 78639
2026/09/14 07:36:59.098, 4, 99, 78639
2026/09/14 07:36:59.098, 5, 72, 78639
2026/09/14 07:36:59.598, 4, 100, 78639
2026/09/14 07:36:59.598, 5, 100, 78639
2026/09/14 07:37:00.098, 4, 100, 78639
2026/09/14 07:37:00.098, 5, 100, 78639
2026/09/14 07:37:00.598, 4, 58, 78639
2026/09/14 07:37:00.598, 5, 57, 78639
2026/09/14 07:37:01.098, 4, 100, 78639
2026/09/14 07:37:01.099, 5, 99, 78639
2026/09/14 07:37:01.600, 4, 100, 78639
2026/09/14 07:37:01.600, 5, 100, 78639
2026/09/14 07:37:02.100, 4, 100, 78639
2026/09/14 07:37:02.101, 5, 100, 78639
2026/09/14 07:37:02.601, 4, 99, 78639
2026/09/14 07:37:02.601, 5, 100, 78639
2026/09/14 07:37:03.101, 4, 100, 78639
2026/09/14 07:37:03.101, 5, 100, 78639
2026/09/14 07:37:03.601, 4, 100, 78639
2026/09/14 07:37:03.602, 5, 100, 78639
2026/09/14 07:37:04.102, 4, 99, 78639
2026/09/14 07:37:04.102, 5, 99, 78639
2026/09/14 07:37:04.603, 4, 100, 78639
2026/09/14 07:37:04.603, 5, 100, 78639
2026/09/14 07:37:05.103, 4, 100, 78639
2026/09/14 07:37:05.103, 5, 100, 78639
2026/09/14 07:37:05.603, 4, 99, 78639
2026/09/14 07:37:05.603, 5, 99, 78639
2026/09/14 07:37:06.103, 4, 100, 78639
2026/09/14 07:37:06.103, 5, 100, 78639
2026/09/14 07:37:06.604, 4, 100, 78639
2026/09/14 07:37:06.604, 5, 100, 78639
2026/09/14 07:37:07.105, 4, 99, 78639
2026/09/14 07:37:07.105, 5, 99, 78639
2026/09/14 07:37:07.605, 4, 100, 78639
2026/09/14 07:37:07.605, 5, 100, 78639
2026/09/14 07:37:08.106, 4, 100, 78639
2026/09/14 07:37:08.106, 5, 100, 78639
2026/09/14 07:37:08.606, 4, 99, 78639
2026/09/14 07:37:08.606, 5, 99, 78639
2026/09/14 07:37:09.106, 4, 100, 78639
2026/09/14 07:37:09.107, 5, 100, 78639
2026/09/14 07:37:09.607, 4, 100, 78639
2026/09/14 07:37:09.607, 5, 100, 78639
2026/09/14 07:37:10.107, 4, 91, 78639
2026/09/14 07:37:10.107, 5, 91, 78639
2026/09/14 07:37:10.607, 4, 100, 78639
2026/09/14 07:37:10.607, 5, 100, 78639
2026/09/14 07:37:11.107, 4, 100, 78639
2026/09/14 07:37:11.108, 5, 100, 78639
2026/09/14 07:37:11.608, 4, 99, 78639
2026/09/14 07:37:11.608, 5, 99, 78639
2026/09/14 07:37:12.108, 4, 100, 78639
2026/09/14 07:37:12.108, 5, 100, 78639
2026/09/14 07:37:12.608, 4, 100, 78639
2026/09/14 07:37:12.608, 5, 100, 78639
2026/09/14 07:37:13.109, 4, 57, 78639
2026/09/14 07:37:13.109, 5, 57, 78639
2026/09/14 07:37:13.609, 4, 100, 78639
2026/09/14 07:37:13.609, 5, 100, 78639
2026/09/14 07:37:14.109, 4, 100, 78639
2026/09/14 07:37:14.109, 5, 100, 78639
2026/09/14 07:37:14.609, 4, 71, 78639
2026/09/14 07:37:14.609, 5, 71, 78639
2026/09/14 07:37:15.109, 4, 99, 78639
2026/09/14 07:37:15.109, 5, 100, 78639
2026/09/14 07:37:15.609, 4, 100, 78639
2026/09/14 07:37:15.610, 5, 100, 78639
2026/09/14 07:37:16.110, 4, 98, 78639
2026/09/14 07:37:16.110, 5, 100, 78639
2026/09/14 07:37:16.610, 4, 100, 78639
2026/09/14 07:37:16.610, 5, 100, 78639
2026/09/14 07:37:17.110, 4, 100, 78639
2026/09/14 07:37:17.110, 5, 100, 78639
2026/09/14 07:37:17.610, 4, 75, 78639
2026/09/14 07:37:17.610, 5, 75, 78639
2026/09/14 07:37:18.110, 4, 99, 78639
2026/09/14 07:37:18.110, 5, 99, 78639
2026/09/14 07:37:18.610, 4, 100, 78639
2026/09/14 07:37:18.611, 5, 100, 78639
2026/09/14 07:37:19.111, 4, 100, 78639
2026/09/14 07:37:19.111, 5, 100, 78639
2026/09/14 07:37:19.611, 4, 99, 78639
2026/09/14 07:37:19.611, 5, 99, 78639
2026/09/14 07:37:20.111, 4, 100, 78639
2026/09/14 07:37:20.112, 5, 100, 78639
2026/09/14 07:37:20.612, 4, 100, 78639
2026/09/14 07:37:20.612, 5, 100, 78639
2026/09/14 07:37:21.112, 4, 99, 78639
2026/09/14 07:37:21.112, 5, 99, 78639
2026/09/14 07:37:21.612, 4, 100, 78639
2026/09/14 07:37:21.612, 5, 100, 78639
2026/09/14 07:37:22.112, 4, 100, 78639
2026/09/14 07:37:22.113, 5, 100, 78639
2026/09/14 07:37:22.613, 4, 99, 78639
2026/09/14 07:37:22.613, 5, 99, 78639
2026/09/14 07:37:23.113, 4, 100, 78639
2026/09/14 07:37:23.113, 5, 100, 78639
2026/09/14 07:37:23.613, 4, 100, 78639
2026/09/14 07:37:23.613, 5, 100, 78639
2026/09/14 07:37:24.113, 4, 99, 78639
2026/09/14 07:37:24.113, 5, 99, 78639
2026/09/14 07:37:24.613, 4, 100, 78639
2026/09/14 07:37:24.613, 5, 100, 78639
2026/09/14 07:37:25.114, 4, 100, 78639
2026/09/14 07:37:25.114, 5, 100, 78639
2026/09/14 07:37:25.614, 4, 33, 78639
2026/09/14 07:37:25.614, 5, 22, 78639
2026/09/14 07:37:26.114, 4, 99, 78639
2026/09/14 07:37:26.114, 5, 99, 78639
2026/09/14 07:37:26.614, 4, 100, 78639
2026/09/14 07:37:26.614, 5, 100, 78639
2026/09/14 07:37:27.114, 4, 100, 78639
2026/09/14 07:37:27.114, 5, 100, 78639
2026/09/14 07:37:27.614, 4, 0, 78639
2026/09/14 07:37:27.615, 5, 0, 78639
2026/09/14 07:37:28.115, 4, 0, 78639
2026/09/14 07:37:28.115, 5, 0, 78639
2026/09/14 07:37:28.615, 4, 0, 78639
2026/09/14 07:37:28.615, 5, 10, 78639
2026/09/14 07:37:29.115, 4, 0, 78639
2026/09/14 07:37:29.115, 5, 0, 78639
2026/09/14 07:37:29.616, 4, 0, 78639
2026/09/14 07:37:29.616, 5, 0, 78639
2026/09/14 07:37:30.116, 4, 0, 78639
2026/09/14 07:37:30.116, 5, 3, 78639
2026/09/14 07:37:30.616, 4, 0, 78639
2026/09/14 07:37:30.616, 5, 3, 78639
2026/09/14 07:37:31.116, 4, 28, 78639
2026/09/14 07:37:31.116, 5, 21, 78639
2026/09/14 07:37:31.616, 4, 0, 78639
2026/09/14 07:37:31.617, 5, 0, 78639
2026/09/14 07:37:32.117, 4, 0, 78639
2026/09/14 07:37:32.118, 5, 0, 78639
2026/09/14 07:37:32.618, 4, 0, 78639
2026/09/14 07:37:32.618, 5, 0, 78639
2026/09/14 07:37:33.118, 4, 0, 78639
2026/09/14 07:37:33.118, 5, 0, 78639
2026/09/14 07:37:33.618, 4, 0, 78639
2026/09/14 07:37:33.618, 5, 0, 78639
2026/09/14 07:37:34.119, 4, 0, 78639
2026/09/14 07:37:34.119, 5, 0, 78639
2026/09/14 07:37:34.619, 4, 0, 78639
2026/09/14 07:37:34.619, 5, 0, 78639
2026/09/14 07:37:35.119, 4, 0, 78639
2026/09/14 07:37:35.119, 5, 0, 78639
2026/09/14 07:37:35.619, 4, 0, 78639
2026/09/14 07:37:35.619, 5, 0, 78639
2026/09/14 07:37:36.119, 4, 0, 78639
2026/09/14 07:37:36.120, 5, 0, 78639
2026/09/14 07:37:36.620, 4, 0, 78639
2026/09/14 07:37:36.620, 5, 0, 78639
2026/09/14 07:37:37.121, 4, 0, 78639
2026/09/14 07:37:37.121, 5, 0, 78639
2026/09/14 07:37:37.621, 4, 0, 78639
2026/09/14 07:37:37.621, 5, 0, 78639
2026/09/14 07:37:38.121, 4, 0, 78639
2026/09/14 07:37:38.121, 5, 0, 78639
2026/09/14 07:37:38.621, 4, 11, 78639
2026/09/14 07:37:38.621, 5, 11, 78639
2026/09/14 07:37:39.122, 4, 0, 78639
2026/09/14 07:37:39.122, 5, 0, 78639
2026/09/14 07:37:39.622, 4, 0, 78639
2026/09/14 07:37:39.623, 5, 0, 78639
2026/09/14 07:37:40.124, 4, 0, 78639
2026/09/14 07:37:40.125, 5, 0, 78639
2026/09/14 07:37:40.625, 4, 10, 78639
2026/09/14 07:37:40.625, 5, 2, 78639
2026/09/14 07:37:41.125, 4, 0, 78639
2026/09/14 07:37:41.125, 5, 0, 78639
2026/09/14 07:37:41.625, 4, 0, 78639
2026/09/14 07:37:41.625, 5, 0, 78639
2026/09/14 07:37:42.125, 4, 0, 78639
2026/09/14 07:37:42.125, 5, 0, 78639
2026/09/14 07:37:42.625, 4, 31, 78639
2026/09/14 07:37:42.626, 5, 30, 78639
2026/09/14 07:37:43.126, 4, 31, 78639
2026/09/14 07:37:43.127, 5, 30, 78639
2026/09/14 07:37:43.627, 4, 0, 78639
2026/09/14 07:37:43.627, 5, 8, 78639
2026/09/14 07:37:44.127, 4, 0, 78639
2026/09/14 07:37:44.127, 5, 0, 78639
2026/09/14 07:37:44.627, 4, 0, 78639
2026/09/14 07:37:44.627, 5, 0, 78639
2026/09/14 07:37:45.127, 4, 0, 78639
2026/09/14 07:37:45.128, 5, 0, 78639
2026/09/14 07:37:45.628, 4, 0, 78639
2026/09/14 07:37:45.628, 5, 0, 78639
2026/09/14 07:37:46.128, 4, 0, 78639
2026/09/14 07:37:46.128, 5, 0, 78639
2026/09/14 07:37:46.629, 4, 0, 78639
2026/09/14 07:37:46.629, 5, 0, 78639
2026/09/14 07:37:47.129, 4, 0, 78639
2026/09/14 07:37:47.129, 5, 0, 78639
2026/09/14 07:37:47.630, 4, 0, 78639
2026/09/14 07:37:47.631, 5, 0, 78639
2026/09/14 07:37:48.131, 4, 0, 78639
2026/09/14 07:37:48.131, 5, 0, 78639
2026/09/14 07:37:48.631, 4, 0, 78639
2026/09/14 07:37:48.631, 5, 0, 78639
2026/09/14 07:37:49.132, 4, 0, 78639
2026/09/14 07:37:49.132, 5, 0, 78639
2026/09/14 07:37:49.632, 4, 0, 78639
2026/09/14 07:37:49.632, 5, 0, 78639
2026/09/14 07:37:50.132, 4, 0, 78639
2026/09/14 07:37:50.132, 5, 0, 78639
2026/09/14 07:37:50.632, 4, 0, 78639
2026/09/14 07:37:50.632, 5, 0, 78639
2026/09/14 07:37:51.132, 4, 0, 78639
2026/09/14 07:37:51.132, 5, 0, 78639
2026/09/14 07:37:51.632, 4, 0, 78639
2026/09/14 07:37:51.633, 5, 0, 78639
2026/09/14 07:37:52.133, 4, 0, 78639
2026/09/14 07:37:52.133, 5, 0, 78639
2026/09/14 07:37:52.633, 4, 0, 78639
2026/09/14 07:37:52.633, 5, 0, 78639
2026/09/14 07:37:53.133, 4, 0, 78639
2026/09/14 07:37:53.133, 5, 0, 78639
2026/09/14 07:37:53.633, 4, 0, 78639
2026/09/14 07:37:53.633, 5, 0, 78639
2026/09/14 07:37:54.133, 4, 0, 78639
2026/09/14 07:37:54.133, 5, 0, 78639
2026/09/14 07:37:54.633, 4, 0, 78639
2026/09/14 07:37:54.633, 5, 0, 78639
2026/09/14 07:37:55.134, 4, 0, 78639
2026/09/14 07:37:55.134, 5, 0, 78639
2026/09/14 07:37:55.634, 4, 0, 78639
2026/09/14 07:37:55.634, 5, 0, 78639
2026/09/14 07:37:56.134, 4, 0, 78639
2026/09/14 07:37:56.134, 5, 0, 78639
2026/09/14 07:37:56.634, 4, 0, 78639
2026/09/14 07:37:56.634, 5, 0, 78639
2026/09/14 07:37:57.134, 4, 0, 78639
2026/09/14 07:37:57.135, 5, 0, 78639
2026/09/14 07:37:57.635, 4, 0, 78639
2026/09/14 07:37:57.636, 5, 0, 78639
2026/09/14 07:37:58.136, 4, 0, 78639
2026/09/14 07:37:58.136, 5, 0, 78639
2026/09/14 07:37:58.636, 4, 0, 78639
2026/09/14 07:37:58.636, 5, 0, 78639
2026/09/14 07:37:59.136, 4, 0, 78639
2026/09/14 07:37:59.137, 5, 0, 78639
2026/09/14 07:37:59.638, 4, 7, 78639
2026/09/14 07:37:59.638, 5, 0, 78639
2026/09/14 07:38:00.138, 4, 30, 78639
2026/09/14 07:38:00.138, 5, 31, 78639
2026/09/14 07:38:00.638, 4, 0, 78639
2026/09/14 07:38:00.638, 5, 0, 78639
2026/09/14 07:38:01.138, 4, 0, 78639
2026/09/14 07:38:01.138, 5, 0, 78639
2026/09/14 07:38:01.638, 4, 0, 78639
2026/09/14 07:38:01.638, 5, 0, 78639
2026/09/14 07:38:02.139, 4, 0, 78639
2026/09/14 07:38:02.139, 5, 0, 78639
2026/09/14 07:38:02.639, 4, 0, 78639
2026/09/14 07:38:02.639, 5, 0, 78639
2026/09/14 07:38:03.139, 4, 0, 78639
2026/09/14 07:38:03.139, 5, 0, 78639
2026/09/14 07:38:03.639, 4, 0, 78639
2026/09/14 07:38:03.639, 5, 0, 78639
2026/09/14 07:38:04.139, 4, 0, 78639
2026/09/14 07:38:04.139, 5, 0, 78639
2026/09/14 07:38:04.639, 4, 0, 78639
2026/09/14 07:38:04.639, 5, 0, 78639
2026/09/14 07:38:05.140, 4, 0, 78639
2026/09/14 07:38:05.140, 5, 0, 78639
2026/09/14 07:38:05.640, 4, 0, 78639
2026/09/14 07:38:05.640, 5, 0, 78639
2026/09/14 07:38:06.140, 4, 0, 78639
2026/09/14 07:38:06.140, 5, 0, 78639
2026/09/14 07:38:06.640, 4, 0, 78639
2026/09/14 07:38:06.640, 5, 0, 78639
2026/09/14 07:38:07.140, 4, 0, 78639
2026/09/14 07:38:07.140, 5, 0, 78639
2026/09/14 07:38:07.640, 4, 0, 78639
2026/09/14 07:38:07.640, 5, 0, 78639
2026/09/14 07:38:08.141, 4, 0, 78639
2026/09/14 07:38:08.141, 5, 0, 78639
2026/09/14 07:38:08.642, 4, 3, 78639
2026/09/14 07:38:08.642, 5, 13, 78639
2026/09/14 07:38:09.142, 4, 0, 78639
2026/09/14 07:38:09.142, 5, 0, 78639
2026/09/14 07:38:09.642, 4, 0, 78639
2026/09/14 07:38:09.642, 5, 0, 78639
2026/09/14 07:38:10.143, 4, 0, 78639
2026/09/14 07:38:10.143, 5, 0, 78639
2026/09/14 07:38:10.643, 4, 12, 78639
2026/09/14 07:38:10.643, 5, 12, 78639
2026/09/14 07:38:11.144, 4, 0, 78639
2026/09/14 07:38:11.145, 5, 0, 78639
2026/09/14 07:38:11.646, 4, 9, 78639
2026/09/14 07:38:11.647, 5, 9, 78639
2026/09/14 07:38:12.147, 4, 0, 78639
2026/09/14 07:38:12.147, 5, 0, 78639
2026/09/14 07:38:12.647, 4, 0, 78639
2026/09/14 07:38:12.647, 5, 5, 78639
2026/09/14 07:38:13.147, 4, 0, 78639
2026/09/14 07:38:13.147, 5, 0, 78639
2026/09/14 07:38:13.647, 4, 31, 78639
2026/09/14 07:38:13.647, 5, 17, 78639
2026/09/14 07:38:14.147, 4, 0, 78639
2026/09/14 07:38:14.148, 5, 4, 78639
2026/09/14 07:38:14.648, 4, 0, 78639
2026/09/14 07:38:14.648, 5, 0, 78639
2026/09/14 07:38:15.148, 4, 0, 78639
2026/09/14 07:38:15.148, 5, 0, 78639
2026/09/14 07:38:15.648, 4, 0, 78639
2026/09/14 07:38:15.648, 5, 0, 78639
2026/09/14 07:38:16.148, 4, 0, 78639
2026/09/14 07:38:16.148, 5, 0, 78639
2026/09/14 07:38:16.648, 4, 0, 78639
2026/09/14 07:38:16.649, 5, 0, 78639
2026/09/14 07:38:17.149, 4, 0, 78639
2026/09/14 07:38:17.149, 5, 0, 78639
2026/09/14 07:38:17.649, 4, 0, 78639
2026/09/14 07:38:17.649, 5, 0, 78639
2026/09/14 07:38:18.149, 4, 0, 78639
2026/09/14 07:38:18.149, 5, 0, 78639
2026/09/14 07:38:18.649, 4, 0, 78639
2026/09/14 07:38:18.649, 5, 0, 78639
2026/09/14 07:38:19.150, 4, 0, 78639
2026/09/14 07:38:19.150, 5, 0, 78639
2026/09/14 07:38:19.650, 4, 0, 78639
2026/09/14 07:38:19.650, 5, 0, 78639
2026/09/14 07:38:20.150, 4, 0, 78639
2026/09/14 07:38:20.150, 5, 0, 78639
2026/09/14 07:38:20.650, 4, 0, 78639
2026/09/14 07:38:20.651, 5, 0, 78639
2026/09/14 07:38:21.151, 4, 0, 78639
2026/09/14 07:38:21.151, 5, 11, 78639
2026/09/14 07:38:21.651, 4, 0, 78639
2026/09/14 07:38:21.651, 5, 0, 78639
2026/09/14 07:38:22.151, 4, 0, 78639
2026/09/14 07:38:22.151, 5, 0, 78639
2026/09/14 07:38:22.651, 4, 0, 78639
2026/09/14 07:38:22.651, 5, 0, 78639
2026/09/14 07:38:23.151, 4, 0, 78639
2026/09/14 07:38:23.152, 5, 12, 78639
2026/09/14 07:38:23.652, 4, 0, 78639
2026/09/14 07:38:23.652, 5, 0, 78639
2026/09/14 07:38:24.153, 4, 0, 78639
2026/09/14 07:38:24.153, 5, 0, 78639
2026/09/14 07:38:24.653, 4, 0, 78639
2026/09/14 07:38:24.653, 5, 0, 78639
2026/09/14 07:38:25.153, 4, 31, 78639
2026/09/14 07:38:25.153, 5, 30, 78639
2026/09/14 07:38:25.653, 4, 31, 78639
2026/09/14 07:38:25.654, 5, 31, 78639
2026/09/14 07:38:26.154, 4, 20, 78639
2026/09/14 07:38:26.155, 5, 0, 78639
2026/09/14 07:38:26.655, 4, 0, 78639
2026/09/14 07:38:26.655, 5, 0, 78639
2026/09/14 07:38:27.155, 4, 0, 78639
2026/09/14 07:38:27.155, 5, 0, 78639
2026/09/14 07:38:27.655, 4, 0, 78639
2026/09/14 07:38:27.655, 5, 0, 78639
2026/09/14 07:38:28.155, 4, 0, 78639
2026/09/14 07:38:28.155, 5, 0, 78639
2026/09/14 07:38:28.656, 4, 0, 78639
2026/09/14 07:38:28.656, 5, 0, 78639
2026/09/14 07:38:29.156, 4, 0, 78639
2026/09/14 07:38:29.156, 5, 0, 78639
2026/09/14 07:38:29.656, 4, 0, 78639
2026/09/14 07:38:29.656, 5, 0, 78639
2026/09/14 07:38:30.156, 4, 0, 78639
2026/09/14 07:38:30.156, 5, 0, 78639
2026/09/14 07:38:30.656, 4, 0, 78639
2026/09/14 07:38:30.656, 5, 0, 78639
2026/09/14 07:38:31.157, 4, 0, 78639
2026/09/14 07:38:31.157, 5, 0, 78639
2026/09/14 07:38:31.657, 4, 0, 78639
2026/09/14 07:38:31.657, 5, 0, 78639
2026/09/14 07:38:32.157, 4, 0, 78639
2026/09/14 07:38:32.157, 5, 0, 78639
2026/09/14 07:38:32.657, 4, 0, 78639
2026/09/14 07:38:32.657, 5, 0, 78639
2026/09/14 07:38:33.158, 4, 0, 78639
2026/09/14 07:38:33.158, 5, 0, 78639
2026/09/14 07:38:33.658, 4, 0, 78639
2026/09/14 07:38:33.658, 5, 0, 78639
2026/09/14 07:38:34.158, 4, 0, 78639
2026/09/14 07:38:34.158, 5, 0, 78639
2026/09/14 07:38:34.658, 4, 0, 78639
2026/09/14 07:38:34.658, 5, 0, 78639
2026/09/14 07:38:35.158, 4, 0, 78639
2026/09/14 07:38:35.159, 5, 0, 78639
2026/09/14 07:38:35.659, 4, 0, 78639
2026/09/14 07:38:35.659, 5, 0, 78639
2026/09/14 07:38:36.159, 4, 0, 78639
2026/09/14 07:38:36.159, 5, 0, 78639
2026/09/14 07:38:36.659, 4, 0, 78639
2026/09/14 07:38:36.659, 5, 0, 78639
2026/09/14 07:38:37.159, 4, 0, 78639
2026/09/14 07:38:37.159, 5, 0, 78639
2026/09/14 07:38:37.659, 4, 0, 78639
2026/09/14 07:38:37.659, 5, 0, 78639
2026/09/14 07:38:38.159, 4, 0, 78639
2026/09/14 07:38:38.159, 5, 0, 78639
2026/09/14 07:38:38.660, 4, 0, 78639
2026/09/14 07:38:38.660, 5, 0, 78639
2026/09/14 07:38:39.160, 4, 0, 78639
2026/09/14 07:38:39.160, 5, 0, 78639
2026/09/14 07:38:39.660, 4, 0, 78639
2026/09/14 07:38:39.660, 5, 0, 78639
2026/09/14 07:38:40.161, 4, 0, 78639
2026/09/14 07:38:40.161, 5, 0, 78639
2026/09/14 07:38:40.661, 4, 0, 78639
2026/09/14 07:38:40.661, 5, 0, 78639
2026/09/14 07:38:41.161, 4, 0, 78639
2026/09/14 07:38:41.163, 5, 0, 78639
2026/09/14 07:38:41.663, 4, 0, 78639
2026/09/14 07:38:41.663, 5, 0, 78639
2026/09/14 07:38:42.164, 4, 0, 78639
2026/09/14 07:38:42.164, 5, 21, 78639
2026/09/14 07:38:42.664, 4, 31, 78639
2026/09/14 07:38:42.664, 5, 31, 78639
2026/09/14 07:38:43.164, 4, 0, 78639
2026/09/14 07:38:43.164, 5, 0, 78639
2026/09/14 07:38:43.664, 4, 0, 78639
2026/09/14 07:38:43.664, 5, 0, 78639
2026/09/14 07:38:44.164, 4, 0, 78639
2026/09/14 07:38:44.165, 5, 0, 78639
2026/09/14 07:38:44.665, 4, 0, 78639
2026/09/14 07:38:44.665, 5, 0, 78639
2026/09/14 07:38:45.165, 4, 0, 78639
2026/09/14 07:38:45.165, 5, 0, 78639
2026/09/14 07:38:45.665, 4, 0, 78639
2026/09/14 07:38:45.665, 5, 0, 78639
2026/09/14 07:38:46.165, 4, 0, 78639
2026/09/14 07:38:46.165, 5, 0, 78639
2026/09/14 07:38:46.666, 4, 0, 78639
2026/09/14 07:38:46.666, 5, 0, 78639
2026/09/14 07:38:47.166, 4, 0, 78639
2026/09/14 07:38:47.166, 5, 0, 78639
2026/09/14 07:38:47.667, 4, 0, 78639
2026/09/14 07:38:47.667, 5, 0, 78639
2026/09/14 07:38:48.167, 4, 0, 78639
2026/09/14 07:38:48.167, 5, 0, 78639
2026/09/14 07:38:48.667, 4, 0, 78639
2026/09/14 07:38:48.667, 5, 0, 78639
2026/09/14 07:38:49.167, 4, 0, 78639
2026/09/14 07:38:49.167, 5, 0, 78639
2026/09/14 07:38:49.668, 4, 0, 78639
2026/09/14 07:38:49.668, 5, 0, 78639
2026/09/14 07:38:50.168, 4, 0, 78639
2026/09/14 07:38:50.168, 5, 0, 78639
2026/09/14 07:38:50.668, 4, 0, 78639
2026/09/14 07:38:50.668, 5, 0, 78639
2026/09/14 07:38:51.168, 4, 13, 78639
2026/09/14 07:38:51.168, 5, 0, 78639
2026/09/14 07:38:51.669, 4, 0, 78639
2026/09/14 07:38:51.669, 5, 0, 78639
2026/09/14 07:38:52.169, 4, 0, 78639
2026/09/14 07:38:52.169, 5, 0, 78639
2026/09/14 07:38:52.669, 4, 0, 78639
2026/09/14 07:38:52.669, 5, 0, 78639
2026/09/14 07:38:53.170, 4, 10, 78639
2026/09/14 07:38:53.170, 5, 1, 78639
2026/09/14 07:38:53.671, 4, 0, 78639
2026/09/14 07:38:53.671, 5, 0, 78639
2026/09/14 07:38:54.171, 4, 0, 78639
2026/09/14 07:38:54.171, 5, 9, 78639
2026/09/14 07:38:54.671, 4, 0, 78639
2026/09/14 07:38:54.671, 5, 0, 78639
2026/09/14 07:38:55.171, 4, 9, 78639
2026/09/14 07:38:55.172, 5, 0, 78639
2026/09/14 07:38:55.672, 4, 0, 78639
2026/09/14 07:38:55.672, 5, 0, 78639
2026/09/14 07:38:56.172, 4, 31, 78639
2026/09/14 07:38:56.172, 5, 31, 78639
2026/09/14 07:38:56.672, 4, 0, 78639
2026/09/14 07:38:56.672, 5, 9, 78639
2026/09/14 07:38:57.172, 4, 0, 78639
2026/09/14 07:38:57.172, 5, 0, 78639
2026/09/14 07:38:57.672, 4, 0, 78639
2026/09/14 07:38:57.673, 5, 0, 78639
2026/09/14 07:38:58.174, 4, 0, 78639
2026/09/14 07:38:58.174, 5, 0, 78639
2026/09/14 07:38:58.674, 4, 0, 78639
2026/09/14 07:38:58.674, 5, 0, 78639
2026/09/14 07:38:59.174, 4, 0, 78639
2026/09/14 07:38:59.174, 5, 0, 78639
2026/09/14 07:38:59.674, 4, 0, 78639
2026/09/14 07:38:59.674, 5, 0, 78639
2026/09/14 07:39:00.174, 4, 0, 78639
2026/09/14 07:39:00.174, 5, 0, 78639
2026/09/14 07:39:00.674, 4, 0, 78639
2026/09/14 07:39:00.675, 5, 0, 78639
2026/09/14 07:39:01.175, 4, 0, 78639
2026/09/14 07:39:01.175, 5, 0, 78639
2026/09/14 07:39:01.675, 4, 0, 78639
2026/09/14 07:39:01.677, 5, 0, 78639
2026/09/14 07:39:02.177, 4, 0, 78639
2026/09/14 07:39:02.177, 5, 0, 78639
2026/09/14 07:39:02.678, 4, 0, 78639
2026/09/14 07:39:02.678, 5, 0, 78639
2026/09/14 07:39:03.178, 4, 0, 78639
2026/09/14 07:39:03.178, 5, 0, 78639
2026/09/14 07:39:03.678, 4, 11, 78639
2026/09/14 07:39:03.679, 5, 8, 78639
2026/09/14 07:39:04.179, 4, 0, 78639
2026/09/14 07:39:04.180, 5, 0, 78639
2026/09/14 07:39:04.680, 4, 0, 78639
2026/09/14 07:39:04.680, 5, 0, 78639
2026/09/14 07:39:05.180, 4, 0, 78639
2026/09/14 07:39:05.181, 5, 0, 78639
2026/09/14 07:39:05.681, 4, 6, 78639
2026/09/14 07:39:05.681, 5, 2, 78639
2026/09/14 07:39:06.181, 4, 0, 78639
2026/09/14 07:39:06.181, 5, 0, 78639
2026/09/14 07:39:06.681, 4, 0, 78639
2026/09/14 07:39:06.681, 5, 0, 78639
2026/09/14 07:39:07.182, 4, 0, 78639
2026/09/14 07:39:07.182, 5, 0, 78639
2026/09/14 07:39:07.682, 4, 31, 78639
2026/09/14 07:39:07.682, 5, 30, 78639
2026/09/14 07:39:08.182, 4, 31, 78639
2026/09/14 07:39:08.182, 5, 18, 78639
2026/09/14 07:39:08.682, 4, 0, 78639
2026/09/14 07:39:08.682, 5, 0, 78639
2026/09/14 07:39:09.182, 4, 0, 78639
2026/09/14 07:39:09.183, 5, 0, 78639
2026/09/14 07:39:09.683, 4, 0, 78639
2026/09/14 07:39:09.683, 5, 0, 78639
2026/09/14 07:39:10.183, 4, 0, 78639
2026/09/14 07:39:10.183, 5, 0, 78639
2026/09/14 07:39:10.683, 4, 0, 78639
2026/09/14 07:39:10.683, 5, 0, 78639
2026/09/14 07:39:11.183, 4, 0, 78639
2026/09/14 07:39:11.183, 5, 0, 78639
2026/09/14 07:39:11.683, 4, 0, 78639
2026/09/14 07:39:11.684, 5, 0, 78639
2026/09/14 07:39:12.184, 4, 0, 78639
2026/09/14 07:39:12.185, 5, 0, 78639
2026/09/14 07:39:12.685, 4, 0, 78639
2026/09/14 07:39:12.685, 5, 0, 78639
2026/09/14 07:39:13.185, 4, 0, 78639
2026/09/14 07:39:13.185, 5, 0, 78639
2026/09/14 07:39:13.685, 4, 0, 78639
2026/09/14 07:39:13.685, 5, 0, 78639
2026/09/14 07:39:14.186, 4, 0, 78639
2026/09/14 07:39:14.186, 5, 0, 78639
2026/09/14 07:39:14.686, 4, 0, 78639
2026/09/14 07:39:14.686, 5, 0, 78639
2026/09/14 07:39:15.186, 4, 0, 78639
2026/09/14 07:39:15.186, 5, 0, 78639
2026/09/14 07:39:15.686, 4, 0, 78639
2026/09/14 07:39:15.687, 5, 0, 78639
2026/09/14 07:39:16.187, 4, 0, 78639
2026/09/14 07:39:16.188, 5, 0, 78639
2026/09/14 07:39:16.689, 4, 0, 78639
2026/09/14 07:39:16.689, 5, 0, 78639
2026/09/14 07:39:17.189, 4, 0, 78639
2026/09/14 07:39:17.189, 5, 0, 78639
2026/09/14 07:39:17.689, 4, 0, 78639
2026/09/14 07:39:17.689, 5, 0, 78639
2026/09/14 07:39:18.189, 4, 0, 78639
2026/09/14 07:39:18.189, 5, 0, 78639
2026/09/14 07:39:18.690, 4, 0, 78639
2026/09/14 07:39:18.690, 5, 0, 78639
2026/09/14 07:39:19.190, 4, 0, 78639
2026/09/14 07:39:19.190, 5, 0, 78639
2026/09/14 07:39:19.690, 4, 0, 78639
2026/09/14 07:39:19.690, 5, 0, 78639
2026/09/14 07:39:20.190, 4, 0, 78639
2026/09/14 07:39:20.191, 5, 0, 78639
2026/09/14 07:39:20.691, 4, 0, 78639
2026/09/14 07:39:20.691, 5, 0, 78639
2026/09/14 07:39:21.191, 4, 0, 78639
2026/09/14 07:39:21.191, 5, 0, 78639
2026/09/14 07:39:21.691, 4, 0, 78639
2026/09/14 07:39:21.692, 5, 0, 78639
2026/09/14 07:39:22.193, 4, 0, 78639
2026/09/14 07:39:22.193, 5, 0, 78639
2026/09/14 07:39:22.693, 4, 0, 78639
2026/09/14 07:39:22.693, 5, 0, 78639
2026/09/14 07:39:23.194, 4, 0, 78639
2026/09/14 07:39:23.194, 5, 0, 78639
2026/09/14 07:39:23.694, 4, 0, 78639
2026/09/14 07:39:23.694, 5, 0, 78639
2026/09/14 07:39:24.194, 4, 0, 78639
2026/09/14 07:39:24.194, 5, 0, 78639
2026/09/14 07:39:24.694, 4, 21, 78639
2026/09/14 07:39:24.694, 5, 12, 78639
2026/09/14 07:39:25.195, 4, 10, 78639
2026/09/14 07:39:25.195, 5, 21, 78639
2026/09/14 07:39:25.695, 4, 0, 78639
2026/09/14 07:39:25.695, 5, 0, 78639
2026/09/14 07:39:26.195, 4, 0, 78639
2026/09/14 07:39:26.195, 5, 0, 78639
2026/09/14 07:39:26.695, 4, 0, 78639
2026/09/14 07:39:26.696, 5, 0, 78639
2026/09/14 07:39:27.196, 4, 0, 78639
2026/09/14 07:39:27.196, 5, 0, 78639
2026/09/14 07:39:27.696, 4, 0, 78639
2026/09/14 07:39:27.697, 5, 0, 78639
2026/09/14 07:39:28.197, 4, 0, 78639
2026/09/14 07:39:28.197, 5, 0, 78639
2026/09/14 07:39:28.697, 4, 0, 78639
2026/09/14 07:39:28.697, 5, 0, 78639
2026/09/14 07:39:29.197, 4, 0, 78639
2026/09/14 07:39:29.197, 5, 0, 78639
2026/09/14 07:39:29.698, 4, 0, 78639
2026/09/14 07:39:29.698, 5, 0, 78639
2026/09/14 07:39:30.198, 4, 0, 78639
2026/09/14 07:39:30.199, 5, 0, 78639
2026/09/14 07:39:30.700, 4, 0, 78639
2026/09/14 07:39:30.700, 5, 0, 78639
2026/09/14 07:39:31.200, 4, 0, 78639
2026/09/14 07:39:31.200, 5, 0, 78639
2026/09/14 07:39:31.700, 4, 0, 78639
2026/09/14 07:39:31.700, 5, 0, 78639
2026/09/14 07:39:32.200, 4, 0, 78639
2026/09/14 07:39:32.201, 5, 0, 78639
2026/09/14 07:39:32.701, 4, 0, 78639
2026/09/14 07:39:32.701, 5, 0, 78639
2026/09/14 07:39:33.201, 4, 0, 78639
2026/09/14 07:39:33.201, 5, 0, 78639
2026/09/14 07:39:33.701, 4, 0, 78639
2026/09/14 07:39:33.701, 5, 0, 78639
2026/09/14 07:39:34.201, 4, 0, 78639
2026/09/14 07:39:34.201, 5, 0, 78639
2026/09/14 07:39:34.701, 4, 0, 78639
2026/09/14 07:39:34.701, 5, 0, 78639
2026/09/14 07:39:35.202, 4, 0, 78639
2026/09/14 07:39:35.202, 5, 0, 78639
2026/09/14 07:39:35.702, 4, 1, 78639
2026/09/14 07:39:35.702, 5, 5, 78639
2026/09/14 07:39:36.202, 4, 0, 78639
2026/09/14 07:39:36.202, 5, 0, 78639
2026/09/14 07:39:36.702, 4, 9, 78639
2026/09/14 07:39:36.702, 5, 9, 78639
2026/09/14 07:39:37.203, 4, 0, 78639
2026/09/14 07:39:37.203, 5, 0, 78639
2026/09/14 07:39:37.703, 4, 0, 78639
2026/09/14 07:39:37.703, 5, 0, 78639
2026/09/14 07:39:38.203, 4, 12, 78639
2026/09/14 07:39:38.203, 5, 1, 78639
2026/09/14 07:39:38.704, 4, 0, 78639
2026/09/14 07:39:38.704, 5, 0, 78639
2026/09/14 07:39:39.205, 4, 0, 78639
2026/09/14 07:39:39.205, 5, 0, 78639
2026/09/14 07:39:39.705, 4, 0, 78639
2026/09/14 07:39:39.705, 5, 0, 78639
2026/09/14 07:39:40.206, 4, 0, 78639
2026/09/14 07:39:40.206, 5, 0, 78639
2026/09/14 07:39:40.706, 4, 3, 78639
2026/09/14 07:39:40.706, 5, 0, 78639
2026/09/14 07:39:41.206, 4, 3, 78639
2026/09/14 07:39:41.206, 5, 1, 78639
2026/09/14 07:39:41.706, 4, 0, 78639
2026/09/14 07:39:41.706, 5, 0, 78639
2026/09/14 07:39:42.206, 4, 30, 78639
2026/09/14 07:39:42.207, 5, 31, 78639
2026/09/14 07:39:42.708, 4, 0, 78639
2026/09/14 07:39:42.708, 5, 9, 78639
2026/09/14 07:39:43.208, 4, 0, 78639
2026/09/14 07:39:43.208, 5, 0, 78639
2026/09/14 07:39:43.708, 4, 0, 78639
2026/09/14 07:39:43.708, 5, 0, 78639
2026/09/14 07:39:44.209, 4, 0, 78639
2026/09/14 07:39:44.209, 5, 0, 78639
2026/09/14 07:39:44.709, 4, 0, 78639
2026/09/14 07:39:44.709, 5, 0, 78639
2026/09/14 07:39:45.209, 4, 0, 78639
2026/09/14 07:39:45.209, 5, 0, 78639
2026/09/14 07:39:45.709, 4, 0, 78639
2026/09/14 07:39:45.709, 5, 0, 78639
2026/09/14 07:39:46.209, 4, 0, 78639
2026/09/14 07:39:46.209, 5, 0, 78639
2026/09/14 07:39:46.709, 4, 0, 78639
2026/09/14 07:39:46.711, 5, 0, 78639
2026/09/14 07:39:47.214, 4, 0, 78639
2026/09/14 07:39:47.214, 5, 0, 78639
2026/09/14 07:39:47.714, 4, 0, 78639
2026/09/14 07:39:47.715, 5, 0, 78639
2026/09/14 07:39:48.215, 4, 0, 78639
2026/09/14 07:39:48.215, 5, 0, 78639
2026/09/14 07:39:48.715, 4, 0, 78639
2026/09/14 07:39:48.715, 5, 0, 78639
2026/09/14 07:39:49.215, 4, 0, 78639
2026/09/14 07:39:49.215, 5, 0, 78639
2026/09/14 07:39:49.715, 4, 11, 78639
2026/09/14 07:39:49.715, 5, 11, 78639
2026/09/14 07:39:50.215, 4, 0, 78639
2026/09/14 07:39:50.217, 5, 0, 78639
2026/09/14 07:39:50.717, 4, 0, 78639
2026/09/14 07:39:50.717, 5, 0, 78639
2026/09/14 07:39:51.217, 4, 3, 78639
2026/09/14 07:39:51.218, 5, 0, 78639
2026/09/14 07:39:51.718, 4, 8, 78639
2026/09/14 07:39:51.718, 5, 2, 78639
2026/09/14 07:39:52.218, 4, 0, 78639
2026/09/14 07:39:52.218, 5, 0, 78639
2026/09/14 07:39:52.719, 4, 0, 78639
2026/09/14 07:39:52.719, 5, 0, 78639
2026/09/14 07:39:53.219, 4, 0, 78639
2026/09/14 07:39:53.219, 5, 0, 78639
2026/09/14 07:39:53.719, 4, 30, 78639
2026/09/14 07:39:53.719, 5, 30, 78639
2026/09/14 07:39:54.219, 4, 31, 78639
2026/09/14 07:39:54.219, 5, 31, 78639
2026/09/14 07:39:54.719, 4, 0, 78639
2026/09/14 07:39:54.719, 5, 0, 78639
2026/09/14 07:39:55.220, 4, 0, 78639
2026/09/14 07:39:55.220, 5, 0, 78639
2026/09/14 07:39:55.720, 4, 0, 78639
2026/09/14 07:39:55.720, 5, 0, 78639
2026/09/14 07:39:56.220, 4, 0, 78639
2026/09/14 07:39:56.220, 5, 0, 78639
2026/09/14 07:39:56.720, 4, 0, 78639
2026/09/14 07:39:56.721, 5, 0, 78639
2026/09/14 07:39:57.221, 4, 0, 78639
2026/09/14 07:39:57.221, 5, 0, 78639
2026/09/14 07:39:57.721, 4, 0, 78639
2026/09/14 07:39:57.721, 5, 0, 78639
2026/09/14 07:39:58.221, 4, 0, 78639
2026/09/14 07:39:58.221, 5, 0, 78639
2026/09/14 07:39:58.721, 4, 0, 78639
2026/09/14 07:39:58.721, 5, 0, 78639
2026/09/14 07:39:59.221, 4, 0, 78639
2026/09/14 07:39:59.221, 5, 0, 78639
2026/09/14 07:39:59.722, 4, 0, 78639
2026/09/14 07:39:59.722, 5, 0, 78639
2026/09/14 07:40:00.222, 4, 0, 78639
2026/09/14 07:40:00.222, 5, 0, 78639
2026/09/14 07:40:00.723, 4, 0, 78639
2026/09/14 07:40:00.723, 5, 0, 78639
2026/09/14 07:40:01.223, 4, 0, 78639
2026/09/14 07:40:01.223, 5, 0, 78639
2026/09/14 07:40:01.723, 4, 0, 78639
2026/09/14 07:40:01.724, 5, 0, 78639
2026/09/14 07:40:02.224, 4, 0, 78639
2026/09/14 07:40:02.224, 5, 0, 78639
2026/09/14 07:40:02.724, 4, 0, 78639
2026/09/14 07:40:02.724, 5, 0, 78639
2026/09/14 07:40:03.224, 4, 0, 78639
2026/09/14 07:40:03.225, 5, 0, 78639
2026/09/14 07:40:03.725, 4, 0, 78639
2026/09/14 07:40:03.725, 5, 0, 78639
2026/09/14 07:40:04.225, 4, 0, 78639
2026/09/14 07:40:04.225, 5, 0, 78639
2026/09/14 07:40:04.725, 4, 0, 78639
2026/09/14 07:40:04.725, 5, 0, 78639
2026/09/14 07:40:05.225, 4, 0, 78639
2026/09/14 07:40:05.225, 5, 0, 78639
2026/09/14 07:40:05.725, 4, 0, 78639
2026/09/14 07:40:05.726, 5, 0, 78639
2026/09/14 07:40:06.226, 4, 0, 78639
2026/09/14 07:40:06.226, 5, 0, 78639
2026/09/14 07:40:06.726, 4, 0, 78639
2026/09/14 07:40:06.726, 5, 0, 78639
2026/09/14 07:40:07.226, 4, 0, 78639
2026/09/14 07:40:07.226, 5, 0, 78639
2026/09/14 07:40:07.726, 4, 0, 78639
2026/09/14 07:40:07.726, 5, 0, 78639
2026/09/14 07:40:08.226, 4, 0, 78639
2026/09/14 07:40:08.226, 5, 0, 78639
2026/09/14 07:40:08.726, 4, 0, 78639
2026/09/14 07:40:08.728, 5, 0, 78639
2026/09/14 07:40:09.228, 4, 0, 78639
2026/09/14 07:40:09.228, 5, 0, 78639
2026/09/14 07:40:09.729, 4, 0, 78639
2026/09/14 07:40:09.729, 5, 0, 78639
2026/09/14 07:40:10.229, 4, 0, 78639
2026/09/14 07:40:10.229, 5, 0, 78639
2026/09/14 07:40:10.729, 4, 21, 78639
2026/09/14 07:40:10.729, 5, 13, 78639
2026/09/14 07:40:11.230, 4, 10, 78639
2026/09/14 07:40:11.230, 5, 19, 78639
2026/09/14 07:40:11.730, 4, 0, 78639
2026/09/14 07:40:11.730, 5, 0, 78639
2026/09/14 07:40:12.230, 4, 0, 78639
2026/09/14 07:40:12.230, 5, 0, 78639
2026/09/14 07:40:12.730, 4, 0, 78639
2026/09/14 07:40:12.730, 5, 0, 78639
2026/09/14 07:40:13.230, 4, 0, 78639
2026/09/14 07:40:13.231, 5, 0, 78639
2026/09/14 07:40:13.731, 4, 0, 78639
2026/09/14 07:40:13.731, 5, 0, 78639
2026/09/14 07:40:14.231, 4, 0, 78639
2026/09/14 07:40:14.232, 5, 0, 78639
2026/09/14 07:40:14.732, 4, 0, 78639
2026/09/14 07:40:14.732, 5, 0, 78639
2026/09/14 07:40:15.232, 4, 0, 78639
2026/09/14 07:40:15.232, 5, 0, 78639
2026/09/14 07:40:15.732, 4, 0, 78639
2026/09/14 07:40:15.734, 5, 0, 78639
2026/09/14 07:40:16.234, 4, 0, 78639
2026/09/14 07:40:16.234, 5, 0, 78639
2026/09/14 07:40:16.734, 4, 0, 78639
2026/09/14 07:40:16.734, 5, 0, 78639
2026/09/14 07:40:17.235, 4, 0, 78639
2026/09/14 07:40:17.235, 5, 0, 78639
2026/09/14 07:40:17.735, 4, 0, 78639
2026/09/14 07:40:17.735, 5, 0, 78639
2026/09/14 07:40:18.235, 4, 0, 78639
2026/09/14 07:40:18.235, 5, 0, 78639
2026/09/14 07:40:18.735, 4, 0, 78639
2026/09/14 07:40:18.736, 5, 0, 78639
2026/09/14 07:40:19.236, 4, 6, 78639
2026/09/14 07:40:19.236, 5, 0, 78639
2026/09/14 07:40:19.736, 4, 0, 78639
2026/09/14 07:40:19.736, 5, 0, 78639
2026/09/14 07:40:20.236, 4, 0, 78639
2026/09/14 07:40:20.236, 5, 0, 78639
2026/09/14 07:40:20.737, 4, 0, 78639
2026/09/14 07:40:20.737, 5, 0, 78639
2026/09/14 07:40:21.237, 4, 0, 78639
2026/09/14 07:40:21.238, 5, 0, 78639
2026/09/14 07:40:21.738, 4, 1, 78639
2026/09/14 07:40:21.738, 5, 1, 78639
2026/09/14 07:40:22.238, 4, 0, 78639
2026/09/14 07:40:22.238, 5, 0, 78639
2026/09/14 07:40:22.738, 4, 9, 78639
2026/09/14 07:40:22.739, 5, 9, 78639
2026/09/14 07:40:23.239, 4, 0, 78639
2026/09/14 07:40:23.239, 5, 0, 78639
2026/09/14 07:40:23.739, 4, 0, 78639
2026/09/14 07:40:23.739, 5, 9, 78639
2026/09/14 07:40:24.239, 4, 14, 78639
2026/09/14 07:40:24.239, 5, 0, 78639
2026/09/14 07:40:24.739, 4, 99, 78639
2026/09/14 07:40:24.739, 5, 99, 78639
2026/09/14 07:40:25.239, 4, 100, 78639
2026/09/14 07:40:25.239, 5, 100, 78639
2026/09/14 07:40:25.739, 4, 100, 78639
2026/09/14 07:40:25.740, 5, 100, 78639
2026/09/14 07:40:26.240, 4, 99, 78639
2026/09/14 07:40:26.240, 5, 99, 78639
2026/09/14 07:40:26.740, 4, 100, 78639
2026/09/14 07:40:26.740, 5, 100, 78639
2026/09/14 07:40:27.240, 4, 100, 78639
2026/09/14 07:40:27.240, 5, 100, 78639
2026/09/14 07:40:27.740, 4, 88, 78639
2026/09/14 07:40:27.740, 5, 77, 78639
2026/09/14 07:40:28.240, 4, 100, 78639
2026/09/14 07:40:28.240, 5, 100, 78639
2026/09/14 07:40:28.741, 4, 100, 78639
2026/09/14 07:40:28.741, 5, 100, 78639
2026/09/14 07:40:29.241, 4, 99, 78639
2026/09/14 07:40:29.241, 5, 91, 78639
2026/09/14 07:40:29.741, 4, 100, 78639
2026/09/14 07:40:29.741, 5, 100, 78639
2026/09/14 07:40:30.241, 4, 100, 78639
2026/09/14 07:40:30.241, 5, 100, 78639
2026/09/14 07:40:30.741, 4, 69, 78639
2026/09/14 07:40:30.741, 5, 69, 78639
2026/09/14 07:40:31.241, 4, 100, 78639
2026/09/14 07:40:31.242, 5, 100, 78639
2026/09/14 07:40:31.742, 4, 100, 78639
2026/09/14 07:40:31.742, 5, 100, 78639
2026/09/14 07:40:32.242, 4, 91, 78639
2026/09/14 07:40:32.242, 5, 91, 78639
2026/09/14 07:40:32.742, 4, 100, 78639
2026/09/14 07:40:32.742, 5, 100, 78639
2026/09/14 07:40:33.242, 4, 100, 78639
2026/09/14 07:40:33.242, 5, 100, 78639
2026/09/14 07:40:33.742, 4, 74, 78639
2026/09/14 07:40:33.743, 5, 74, 78639
2026/09/14 07:40:34.243, 4, 100, 78639
2026/09/14 07:40:34.243, 5, 100, 78639
2026/09/14 07:40:34.743, 4, 100, 78639
2026/09/14 07:40:34.743, 5, 100, 78639
2026/09/14 07:40:35.243, 4, 56, 78639
2026/09/14 07:40:35.243, 5, 56, 78639
2026/09/14 07:40:35.743, 4, 99, 78639
2026/09/14 07:40:35.743, 5, 99, 78639
2026/09/14 07:40:36.243, 4, 100, 78639
2026/09/14 07:40:36.244, 5, 100, 78639
2026/09/14 07:40:36.745, 4, 100, 78639
2026/09/14 07:40:36.745, 5, 100, 78639
2026/09/14 07:40:37.245, 4, 99, 78639
2026/09/14 07:40:37.245, 5, 100, 78639
2026/09/14 07:40:37.746, 4, 100, 78639
2026/09/14 07:40:37.746, 5, 100, 78639
2026/09/14 07:40:38.246, 4, 91, 78639
2026/09/14 07:40:38.246, 5, 92, 78639
2026/09/14 07:40:38.746, 4, 99, 78639
2026/09/14 07:40:38.746, 5, 99, 78639
2026/09/14 07:40:39.246, 4, 100, 78639
2026/09/14 07:40:39.247, 5, 100, 78639
2026/09/14 07:40:39.748, 4, 100, 78639
2026/09/14 07:40:39.748, 5, 100, 78639
2026/09/14 07:40:40.249, 4, 99, 78639
2026/09/14 07:40:40.249, 5, 99, 78639
2026/09/14 07:40:40.749, 4, 100, 78639
2026/09/14 07:40:40.749, 5, 100, 78639
2026/09/14 07:40:41.249, 4, 96, 78639
2026/09/14 07:40:41.249, 5, 100, 78639
2026/09/14 07:40:41.749, 4, 99, 78639
2026/09/14 07:40:41.750, 5, 99, 78639
2026/09/14 07:40:42.250, 4, 100, 78639
2026/09/14 07:40:42.250, 5, 100, 78639
2026/09/14 07:40:42.750, 4, 100, 78639
2026/09/14 07:40:42.750, 5, 100, 78639
2026/09/14 07:40:43.250, 4, 99, 78639
2026/09/14 07:40:43.250, 5, 99, 78639
2026/09/14 07:40:43.750, 4, 100, 78639
2026/09/14 07:40:43.750, 5, 100, 78639
2026/09/14 07:40:44.251, 4, 100, 78639
2026/09/14 07:40:44.251, 5, 100, 78639
2026/09/14 07:40:44.751, 4, 99, 78639
2026/09/14 07:40:44.751, 5, 99, 78639
2026/09/14 07:40:45.251, 4, 100, 78639
2026/09/14 07:40:45.251, 5, 100, 78639
2026/09/14 07:40:45.754, 4, 100, 78639
2026/09/14 07:40:45.754, 5, 100, 78639
2026/09/14 07:40:46.254, 4, 99, 78639
2026/09/14 07:40:46.254, 5, 99, 78639
2026/09/14 07:40:46.754, 4, 100, 78639
2026/09/14 07:40:46.754, 5, 100, 78639
2026/09/14 07:40:47.255, 4, 100, 78639
2026/09/14 07:40:47.255, 5, 100, 78639
2026/09/14 07:40:47.755, 4, 84, 78639
2026/09/14 07:40:47.755, 5, 99, 78639
2026/09/14 07:40:48.255, 4, 100, 78639
2026/09/14 07:40:48.256, 5, 100, 78639
2026/09/14 07:40:48.756, 4, 100, 78639
2026/09/14 07:40:48.757, 5, 100, 78639
2026/09/14 07:40:49.257, 4, 99, 78639
2026/09/14 07:40:49.257, 5, 99, 78639
2026/09/14 07:40:49.757, 4, 100, 78639
2026/09/14 07:40:49.757, 5, 100, 78639
2026/09/14 07:40:50.257, 4, 100, 78639
2026/09/14 07:40:50.307, 5, 100, 78639
2026/09/14 07:40:50.807, 4, 99, 78639
2026/09/14 07:40:50.807, 5, 99, 78639
2026/09/14 07:40:51.307, 4, 100, 78639
2026/09/14 07:40:51.307, 5, 100, 78639
2026/09/14 07:40:51.807, 4, 100, 78639
2026/09/14 07:40:51.807, 5, 100, 78639
2026/09/14 07:40:52.307, 4, 94, 78639
2026/09/14 07:40:52.307, 5, 85, 78639
2026/09/14 07:40:52.807, 4, 100, 78639
2026/09/14 07:40:52.807, 5, 100, 78639
2026/09/14 07:40:53.308, 4, 100, 78639
2026/09/14 07:40:53.308, 5, 100, 78639
2026/09/14 07:40:53.808, 4, 57, 78639
2026/09/14 07:40:53.808, 5, 99, 78639
2026/09/14 07:40:54.308, 4, 100, 78639
2026/09/14 07:40:54.308, 5, 100, 78639
2026/09/14 07:40:54.808, 4, 100, 78639
2026/09/14 07:40:54.808, 5, 100, 78639
2026/09/14 07:40:55.308, 4, 71, 78639
2026/09/14 07:40:55.308, 5, 71, 78639
2026/09/14 07:40:55.808, 4, 99, 78639
2026/09/14 07:40:55.809, 5, 100, 78639
2026/09/14 07:40:56.309, 4, 100, 78639
2026/09/14 07:40:56.309, 5, 100, 78639
2026/09/14 07:40:56.809, 4, 99, 78639
2026/09/14 07:40:56.809, 5, 91, 78639
2026/09/14 07:40:57.310, 4, 100, 78639
2026/09/14 07:40:57.310, 5, 100, 78639
2026/09/14 07:40:57.810, 4, 100, 78639
2026/09/14 07:40:57.810, 5, 100, 78639
2026/09/14 07:40:58.310, 4, 74, 78639
2026/09/14 07:40:58.310, 5, 74, 78639
2026/09/14 07:40:58.810, 4, 99, 78639
2026/09/14 07:40:58.810, 5, 100, 78639
2026/09/14 07:40:59.310, 4, 100, 78639
2026/09/14 07:40:59.310, 5, 100, 78639
2026/09/14 07:40:59.810, 4, 100, 78639
2026/09/14 07:40:59.811, 5, 58, 78639
2026/09/14 07:41:00.311, 4, 99, 78639
2026/09/14 07:41:00.311, 5, 99, 78639
2026/09/14 07:41:00.811, 4, 100, 78639
2026/09/14 07:41:00.811, 5, 100, 78639
2026/09/14 07:41:01.311, 4, 100, 78639
2026/09/14 07:41:01.312, 5, 100, 78639
2026/09/14 07:41:01.812, 4, 99, 78639
2026/09/14 07:41:01.812, 5, 99, 78639
2026/09/14 07:41:02.312, 4, 100, 78639
2026/09/14 07:41:02.312, 5, 100, 78639
2026/09/14 07:41:02.812, 4, 100, 78639
2026/09/14 07:41:02.812, 5, 100, 78639
2026/09/14 07:41:03.312, 4, 99, 78639
2026/09/14 07:41:03.312, 5, 99, 78639
2026/09/14 07:41:03.813, 4, 100, 78639
2026/09/14 07:41:03.813, 5, 100, 78639
2026/09/14 07:41:04.313, 4, 100, 78639
2026/09/14 07:41:04.313, 5, 100, 78639
2026/09/14 07:41:04.813, 4, 99, 78639
2026/09/14 07:41:04.813, 5, 99, 78639
2026/09/14 07:41:05.314, 4, 100, 78639
2026/09/14 07:41:05.314, 5, 100, 78639
2026/09/14 07:41:05.814, 4, 100, 78639
2026/09/14 07:41:05.814, 5, 100, 78639
2026/09/14 07:41:06.314, 4, 66, 78639
2026/09/14 07:41:06.315, 5, 57, 78639
2026/09/14 07:41:06.818, 4, 100, 78639
2026/09/14 07:41:06.818, 5, 100, 78639
2026/09/14 07:41:07.318, 4, 100, 78639
2026/09/14 07:41:07.318, 5, 100, 78639
2026/09/14 07:41:07.818, 4, 94, 78639
2026/09/14 07:41:07.819, 5, 81, 78639
2026/09/14 07:41:08.320, 4, 100, 78639
2026/09/14 07:41:08.320, 5, 100, 78639
2026/09/14 07:41:08.820, 4, 100, 78639
2026/09/14 07:41:08.820, 5, 100, 78639
2026/09/14 07:41:09.320, 4, 92, 78639
2026/09/14 07:41:09.321, 5, 92, 78639
2026/09/14 07:41:09.822, 4, 100, 78639
2026/09/14 07:41:09.822, 5, 100, 78639
2026/09/14 07:41:10.322, 4, 100, 78639
2026/09/14 07:41:10.322, 5, 100, 78639
2026/09/14 07:41:10.822, 4, 74, 78639
2026/09/14 07:41:10.822, 5, 74, 78639
2026/09/14 07:41:11.322, 4, 100, 78639
2026/09/14 07:41:11.322, 5, 100, 78639
2026/09/14 07:41:11.823, 4, 100, 78639
2026/09/14 07:41:11.823, 5, 100, 78639
2026/09/14 07:41:12.323, 4, 70, 78639
2026/09/14 07:41:12.329, 5, 85, 78639
2026/09/14 07:41:12.829, 4, 100, 78639
2026/09/14 07:41:12.830, 5, 100, 78639
2026/09/14 07:41:13.330, 4, 100, 78639
2026/09/14 07:41:13.330, 5, 100, 78639
2026/09/14 07:41:13.830, 4, 72, 78639
2026/09/14 07:41:13.830, 5, 76, 78639
2026/09/14 07:41:14.330, 4, 99, 78639
2026/09/14 07:41:14.330, 5, 99, 78639
2026/09/14 07:41:14.830, 4, 100, 78639
2026/09/14 07:41:14.830, 5, 100, 78639
2026/09/14 07:41:15.330, 4, 100, 78639
2026/09/14 07:41:15.331, 5, 100, 78639
2026/09/14 07:41:15.831, 4, 99, 78639
2026/09/14 07:41:15.832, 5, 99, 78639
2026/09/14 07:41:16.332, 4, 100, 78639
2026/09/14 07:41:16.332, 5, 100, 78639
2026/09/14 07:41:16.833, 4, 84, 78639
2026/09/14 07:41:16.833, 5, 100, 78639
2026/09/14 07:41:17.334, 4, 99, 78639
2026/09/14 07:41:17.334, 5, 99, 78639
2026/09/14 07:41:17.834, 4, 100, 78639
2026/09/14 07:41:17.834, 5, 100, 78639
2026/09/14 07:41:18.335, 4, 100, 78639
2026/09/14 07:41:18.369, 5, 100, 78639
2026/09/14 07:41:18.872, 4, 99, 78639
2026/09/14 07:41:18.872, 5, 99, 78639
2026/09/14 07:41:19.372, 4, 100, 78639
2026/09/14 07:41:19.372, 5, 100, 78639
2026/09/14 07:41:19.873, 4, 100, 78639
2026/09/14 07:41:19.873, 5, 100, 78639
2026/09/14 07:41:20.373, 4, 99, 78639
2026/09/14 07:41:20.373, 5, 99, 78639
2026/09/14 07:41:20.873, 4, 100, 78639
2026/09/14 07:41:20.873, 5, 100, 78639
2026/09/14 07:41:21.374, 4, 100, 78639
2026/09/14 07:41:21.374, 5, 100, 78639
2026/09/14 07:41:21.874, 4, 99, 78639
2026/09/14 07:41:21.875, 5, 99, 78639
2026/09/14 07:41:22.375, 4, 100, 78639
2026/09/14 07:41:22.375, 5, 100, 78639
2026/09/14 07:41:22.876, 4, 100, 78639
2026/09/14 07:41:22.876, 5, 100, 78639
2026/09/14 07:41:23.376, 4, 99, 78639
2026/09/14 07:41:23.376, 5, 99, 78639
2026/09/14 07:41:23.876, 4, 100, 78639
2026/09/14 07:41:23.877, 5, 100, 78639
2026/09/14 07:41:24.377, 4, 100, 78639
2026/09/14 07:41:24.378, 5, 100, 78639
2026/09/14 07:41:24.878, 4, 99, 78639
2026/09/14 07:41:24.878, 5, 91, 78639
2026/09/14 07:41:25.378, 4, 100, 78639
2026/09/14 07:41:25.378, 5, 100, 78639
2026/09/14 07:41:25.878, 4, 100, 78639
2026/09/14 07:41:25.878, 5, 100, 78639
2026/09/14 07:41:26.378, 4, 71, 78639
2026/09/14 07:41:26.379, 5, 99, 78639
2026/09/14 07:41:26.879, 4, 100, 78639
2026/09/14 07:41:26.879, 5, 100, 78639
2026/09/14 07:41:27.379, 4, 100, 78639
2026/09/14 07:41:27.380, 5, 100, 78639
2026/09/14 07:41:27.880, 4, 90, 78639
2026/09/14 07:41:27.880, 5, 90, 78639
2026/09/14 07:41:28.380, 4, 100, 78639
2026/09/14 07:41:28.380, 5, 100, 78639
2026/09/14 07:41:28.880, 4, 100, 78639
2026/09/14 07:41:28.880, 5, 100, 78639
2026/09/14 07:41:29.380, 4, 74, 78639
2026/09/14 07:41:29.380, 5, 88, 78639
2026/09/14 07:41:29.881, 4, 100, 78639
2026/09/14 07:41:29.881, 5, 100, 78639
2026/09/14 07:41:30.381, 4, 100, 78639
2026/09/14 07:41:30.381, 5, 100, 78639
2026/09/14 07:41:30.881, 4, 58, 78639
2026/09/14 07:41:30.881, 5, 59, 78639
2026/09/14 07:41:31.381, 4, 99, 78639
2026/09/14 07:41:31.381, 5, 100, 78639
2026/09/14 07:41:31.881, 4, 100, 78639
2026/09/14 07:41:31.881, 5, 100, 78639
2026/09/14 07:41:32.382, 4, 100, 78639
2026/09/14 07:41:32.382, 5, 72, 78639
2026/09/14 07:41:32.882, 4, 99, 78639
2026/09/14 07:41:32.882, 5, 99, 78639
2026/09/14 07:41:33.383, 4, 100, 78639
2026/09/14 07:41:33.383, 5, 100, 78639
2026/09/14 07:41:33.883, 4, 92, 78639
2026/09/14 07:41:33.883, 5, 100, 78639
2026/09/14 07:41:34.383, 4, 99, 78639
2026/09/14 07:41:34.383, 5, 100, 78639
2026/09/14 07:41:34.883, 4, 100, 78639
2026/09/14 07:41:34.884, 5, 100, 78639
2026/09/14 07:41:35.384, 4, 100, 78639
2026/09/14 07:41:35.384, 5, 77, 78639
2026/09/14 07:41:35.884, 4, 99, 78639
2026/09/14 07:41:35.884, 5, 99, 78639
2026/09/14 07:41:36.384, 4, 100, 78639
2026/09/14 07:41:36.384, 5, 100, 78639
2026/09/14 07:41:36.885, 4, 100, 78639
2026/09/14 07:41:36.885, 5, 100, 78639
2026/09/14 07:41:37.385, 4, 58, 78639
2026/09/14 07:41:37.385, 5, 99, 78639
2026/09/14 07:41:37.885, 4, 100, 78639
2026/09/14 07:41:37.885, 5, 100, 78639
2026/09/14 07:41:38.385, 4, 100, 78639
2026/09/14 07:41:38.386, 5, 100, 78639
2026/09/14 07:41:38.886, 4, 67, 78639
2026/09/14 07:41:38.886, 5, 67, 78639
2026/09/14 07:41:39.386, 4, 99, 78639
2026/09/14 07:41:39.386, 5, 100, 78639
2026/09/14 07:41:39.886, 4, 100, 78639
2026/09/14 07:41:39.886, 5, 100, 78639
2026/09/14 07:41:40.386, 4, 90, 78639
2026/09/14 07:41:40.386, 5, 89, 78639
2026/09/14 07:41:40.887, 4, 100, 78639
2026/09/14 07:41:40.887, 5, 100, 78639
2026/09/14 07:41:41.387, 4, 100, 78639
2026/09/14 07:41:41.387, 5, 100, 78639
2026/09/14 07:41:41.887, 4, 73, 78639
2026/09/14 07:41:41.887, 5, 76, 78639
2026/09/14 07:41:42.388, 4, 99, 78639
2026/09/14 07:41:42.388, 5, 100, 78639
2026/09/14 07:41:42.888, 4, 100, 78639
2026/09/14 07:41:42.888, 5, 100, 78639
2026/09/14 07:41:43.388, 4, 100, 78639
2026/09/14 07:41:43.388, 5, 56, 78639
2026/09/14 07:41:43.888, 4, 99, 78639
2026/09/14 07:41:43.889, 5, 99, 78639
2026/09/14 07:41:44.389, 4, 100, 78639
2026/09/14 07:41:44.389, 5, 100, 78639
2026/09/14 07:41:44.889, 4, 100, 78639
2026/09/14 07:41:44.890, 5, 100, 78639
2026/09/14 07:41:45.390, 4, 99, 78639
2026/09/14 07:41:45.390, 5, 99, 78639
2026/09/14 07:41:45.891, 4, 100, 78639
2026/09/14 07:41:45.891, 5, 100, 78639
2026/09/14 07:41:46.391, 4, 100, 78639
2026/09/14 07:41:46.391, 5, 100, 78639
2026/09/14 07:41:46.891, 4, 99, 78639
2026/09/14 07:41:46.892, 5, 99, 78639
2026/09/14 07:41:47.393, 4, 100, 78639
2026/09/14 07:41:47.393, 5, 100, 78639
2026/09/14 07:41:47.894, 4, 100, 78639
2026/09/14 07:41:47.894, 5, 100, 78639
2026/09/14 07:41:48.394, 4, 99, 78639
2026/09/14 07:41:48.394, 5, 99, 78639
2026/09/14 07:41:48.894, 4, 100, 78639
2026/09/14 07:41:48.894, 5, 100, 78639
2026/09/14 07:41:49.394, 4, 100, 78639
2026/09/14 07:41:49.394, 5, 100, 78639
2026/09/14 07:41:49.895, 4, 99, 78639
2026/09/14 07:41:49.895, 5, 99, 78639
2026/09/14 07:41:50.395, 4, 100, 78639
2026/09/14 07:41:50.395, 5, 100, 78639
2026/09/14 07:41:50.895, 4, 100, 78639
2026/09/14 07:41:50.895, 5, 100, 78639
2026/09/14 07:41:51.396, 4, 69, 78639
2026/09/14 07:41:51.396, 5, 99, 78639
2026/09/14 07:41:51.896, 4, 100, 78639
2026/09/14 07:41:51.896, 5, 100, 78639
2026/09/14 07:41:52.396, 4, 100, 78639
2026/09/14 07:41:52.396, 5, 100, 78639
2026/09/14 07:41:52.896, 4, 99, 78639
2026/09/14 07:41:52.896, 5, 90, 78639
2026/09/14 07:41:53.396, 4, 100, 78639
2026/09/14 07:41:53.397, 5, 100, 78639
2026/09/14 07:41:53.897, 4, 100, 78639
2026/09/14 07:41:53.897, 5, 100, 78639
2026/09/14 07:41:54.397, 4, 75, 78639
2026/09/14 07:41:54.397, 5, 99, 78639
2026/09/14 07:41:54.897, 4, 100, 78639
2026/09/14 07:41:54.897, 5, 100, 78639
2026/09/14 07:41:55.397, 4, 100, 78639
2026/09/14 07:41:55.397, 5, 100, 78639
2026/09/14 07:41:55.898, 4, 58, 78639
2026/09/14 07:41:55.899, 5, 58, 78639
2026/09/14 07:41:56.399, 4, 99, 78639
2026/09/14 07:41:56.399, 5, 100, 78639
2026/09/14 07:41:56.899, 4, 100, 78639
2026/09/14 07:41:56.899, 5, 100, 78639
2026/09/14 07:41:57.399, 4, 100, 78639
2026/09/14 07:41:57.400, 5, 72, 78639
2026/09/14 07:41:57.900, 4, 100, 78639
2026/09/14 07:41:57.900, 5, 99, 78639
2026/09/14 07:41:58.400, 4, 100, 78639
2026/09/14 07:41:58.400, 5, 100, 78639
2026/09/14 07:41:58.901, 4, 92, 78639
2026/09/14 07:41:58.901, 5, 100, 78639
2026/09/14 07:41:59.401, 4, 99, 78639
2026/09/14 07:41:59.401, 5, 100, 78639
2026/09/14 07:41:59.901, 4, 100, 78639
2026/09/14 07:41:59.901, 5, 100, 78639
2026/09/14 07:42:00.401, 4, 100, 78639
2026/09/14 07:42:00.402, 5, 75, 78639
2026/09/14 07:42:00.902, 4, 99, 78639
2026/09/14 07:42:00.902, 5, 99, 78639
2026/09/14 07:42:01.402, 4, 100, 78639
2026/09/14 07:42:01.402, 5, 100, 78639
2026/09/14 07:42:01.902, 4, 100, 78639
2026/09/14 07:42:01.902, 5, 100, 78639
2026/09/14 07:42:02.402, 4, 99, 78639
2026/09/14 07:42:02.402, 5, 99, 78639
2026/09/14 07:42:02.902, 4, 100, 78639
2026/09/14 07:42:02.902, 5, 100, 78639
2026/09/14 07:42:03.402, 4, 100, 78639
2026/09/14 07:42:03.403, 5, 100, 78639
2026/09/14 07:42:03.904, 4, 99, 78639
2026/09/14 07:42:03.904, 5, 99, 78639
2026/09/14 07:42:04.404, 4, 100, 78639
2026/09/14 07:42:04.404, 5, 100, 78639
2026/09/14 07:42:04.904, 4, 100, 78639
2026/09/14 07:42:04.904, 5, 100, 78639
2026/09/14 07:42:05.404, 4, 99, 78639
2026/09/14 07:42:05.404, 5, 99, 78639
2026/09/14 07:42:05.904, 4, 100, 78639
2026/09/14 07:42:05.905, 5, 100, 78639
2026/09/14 07:42:06.405, 4, 100, 78639
2026/09/14 07:42:06.405, 5, 100, 78639
2026/09/14 07:42:06.905, 4, 75, 78639
2026/09/14 07:42:06.905, 5, 99, 78639
2026/09/14 07:42:07.405, 4, 99, 78639
2026/09/14 07:42:07.405, 5, 100, 78639
2026/09/14 07:42:07.905, 4, 100, 78639
2026/09/14 07:42:07.905, 5, 100, 78639
2026/09/14 07:42:08.406, 4, 96, 78639
2026/09/14 07:42:08.406, 5, 99, 78639
2026/09/14 07:42:08.906, 4, 99, 78639
2026/09/14 07:42:08.906, 5, 100, 78639
2026/09/14 07:42:09.406, 4, 100, 78639
2026/09/14 07:42:09.407, 5, 100, 78639
2026/09/14 07:42:09.907, 4, 86, 78639
2026/09/14 07:42:09.907, 5, 69, 78639
2026/09/14 07:42:10.408, 4, 99, 78639
2026/09/14 07:42:10.408, 5, 100, 78639
2026/09/14 07:42:10.908, 4, 100, 78639
2026/09/14 07:42:10.908, 5, 100, 78639
2026/09/14 07:42:11.409, 4, 100, 78639
2026/09/14 07:42:11.409, 5, 91, 78639
2026/09/14 07:42:11.909, 4, 99, 78639
2026/09/14 07:42:11.909, 5, 100, 78639
2026/09/14 07:42:12.409, 4, 100, 78639
2026/09/14 07:42:12.409, 5, 100, 78639
2026/09/14 07:42:12.909, 4, 100, 78639
2026/09/14 07:42:12.910, 5, 71, 78639
2026/09/14 07:42:13.410, 4, 99, 78639
2026/09/14 07:42:13.410, 5, 99, 78639
2026/09/14 07:42:13.910, 4, 100, 78639
2026/09/14 07:42:13.910, 5, 100, 78639
2026/09/14 07:42:14.410, 4, 100, 78639
2026/09/14 07:42:14.410, 5, 100, 78639
2026/09/14 07:42:14.910, 4, 99, 78639
2026/09/14 07:42:14.910, 5, 99, 78639
2026/09/14 07:42:15.411, 4, 100, 78639
2026/09/14 07:42:15.411, 5, 100, 78639
2026/09/14 07:42:15.911, 4, 100, 78639
2026/09/14 07:42:15.911, 5, 100, 78639
2026/09/14 07:42:16.411, 4, 83, 78639
2026/09/14 07:42:16.411, 5, 99, 78639
2026/09/14 07:42:16.912, 4, 100, 78639
2026/09/14 07:42:16.912, 5, 100, 78639
2026/09/14 07:42:17.412, 4, 100, 78639
2026/09/14 07:42:17.412, 5, 100, 78639
2026/09/14 07:42:17.913, 4, 99, 78639
2026/09/14 07:42:17.913, 5, 91, 78639
2026/09/14 07:42:18.413, 4, 100, 78639
2026/09/14 07:42:18.413, 5, 100, 78639
2026/09/14 07:42:18.913, 4, 100, 78639
2026/09/14 07:42:18.913, 5, 100, 78639
2026/09/14 07:42:19.413, 4, 75, 78639
2026/09/14 07:42:19.413, 5, 99, 78639
2026/09/14 07:42:19.913, 4, 100, 78639
2026/09/14 07:42:19.914, 5, 100, 78639
2026/09/14 07:42:20.414, 4, 100, 78639
2026/09/14 07:42:20.414, 5, 100, 78639
2026/09/14 07:42:20.914, 4, 68, 78639
2026/09/14 07:42:20.914, 5, 58, 78639
2026/09/14 07:42:21.415, 4, 100, 78639
2026/09/14 07:42:21.415, 5, 100, 78639
2026/09/14 07:42:21.916, 4, 100, 78639
2026/09/14 07:42:21.916, 5, 100, 78639
2026/09/14 07:42:22.416, 4, 79, 78639
2026/09/14 07:42:22.416, 5, 71, 78639
2026/09/14 07:42:22.916, 4, 100, 78639
2026/09/14 07:42:22.916, 5, 100, 78639
2026/09/14 07:42:23.416, 4, 100, 78639
2026/09/14 07:42:23.416, 5, 100, 78639
2026/09/14 07:42:23.916, 4, 90, 78639
2026/09/14 07:42:23.916, 5, 96, 78639
2026/09/14 07:42:24.416, 4, 99, 78639
2026/09/14 07:42:24.417, 5, 100, 78639
2026/09/14 07:42:24.917, 4, 100, 78639
2026/09/14 07:42:24.917, 5, 100, 78639
2026/09/14 07:42:25.418, 4, 100, 78639
2026/09/14 07:42:25.418, 5, 71, 78639
2026/09/14 07:42:25.918, 4, 99, 78639
2026/09/14 07:42:25.918, 5, 99, 78639
2026/09/14 07:42:26.418, 4, 100, 78639
2026/09/14 07:42:26.419, 5, 100, 78639
2026/09/14 07:42:26.920, 4, 89, 78639
2026/09/14 07:42:26.920, 5, 100, 78639
2026/09/14 07:42:27.420, 4, 99, 78639
2026/09/14 07:42:27.420, 5, 99, 78639
2026/09/14 07:42:27.921, 4, 100, 78639
2026/09/14 07:42:27.921, 5, 100, 78639
2026/09/14 07:42:28.421, 4, 100, 78639
2026/09/14 07:42:28.421, 5, 100, 78639
2026/09/14 07:42:28.921, 4, 99, 78639
2026/09/14 07:42:28.921, 5, 99, 78639
2026/09/14 07:42:29.421, 4, 100, 78639
2026/09/14 07:42:29.422, 5, 100, 78639
2026/09/14 07:42:29.926, 4, 100, 78639
2026/09/14 07:42:29.926, 5, 100, 78639
2026/09/14 07:42:30.427, 4, 99, 78639
2026/09/14 07:42:30.427, 5, 99, 78639
2026/09/14 07:42:30.927, 4, 100, 78639
2026/09/14 07:42:30.929, 5, 100, 78639
2026/09/14 07:42:31.430, 4, 100, 78639
2026/09/14 07:42:31.430, 5, 100, 78639
2026/09/14 07:42:31.930, 4, 99, 78639
2026/09/14 07:42:31.930, 5, 99, 78639
2026/09/14 07:42:32.430, 4, 100, 78639
2026/09/14 07:42:32.432, 5, 100, 78639
2026/09/14 07:42:32.934, 4, 100, 78639
2026/09/14 07:42:32.934, 5, 100, 78639
2026/09/14 07:42:33.435, 4, 99, 78639
2026/09/14 07:42:33.435, 5, 99, 78639
2026/09/14 07:42:33.935, 4, 100, 78639
2026/09/14 07:42:33.935, 5, 100, 78639
2026/09/14 07:42:34.435, 4, 100, 78639
2026/09/14 07:42:34.435, 5, 100, 78639
2026/09/14 07:42:34.935, 4, 96, 78639
2026/09/14 07:42:34.935, 5, 70, 78639
2026/09/14 07:42:35.436, 4, 100, 78639
2026/09/14 07:42:35.436, 5, 100, 78639
2026/09/14 07:42:35.936, 4, 100, 78639
2026/09/14 07:42:35.936, 5, 100, 78639
2026/09/14 07:42:36.436, 4, 99, 78639
2026/09/14 07:42:36.436, 5, 97, 78639
2026/09/14 07:42:36.937, 4, 100, 78639
2026/09/14 07:42:36.937, 5, 100, 78639
2026/09/14 07:42:37.437, 4, 100, 78639
2026/09/14 07:42:37.437, 5, 100, 78639
2026/09/14 07:42:37.937, 4, 75, 78639
2026/09/14 07:42:37.937, 5, 75, 78639
2026/09/14 07:42:38.437, 4, 100, 78639
2026/09/14 07:42:38.437, 5, 100, 78639
2026/09/14 07:42:38.937, 4, 100, 78639
2026/09/14 07:42:38.938, 5, 100, 78639
2026/09/14 07:42:39.438, 4, 76, 78639
2026/09/14 07:42:39.438, 5, 56, 78639
2026/09/14 07:42:39.938, 4, 99, 78639
2026/09/14 07:42:39.938, 5, 99, 78639
2026/09/14 07:42:40.438, 4, 100, 78639
2026/09/14 07:42:40.438, 5, 100, 78639
2026/09/14 07:42:40.938, 4, 100, 78639
2026/09/14 07:42:40.939, 5, 100, 78639
2026/09/14 07:42:41.439, 4, 99, 78639
2026/09/14 07:42:41.439, 5, 100, 78639
2026/09/14 07:42:41.939, 4, 100, 78639
2026/09/14 07:42:41.939, 5, 100, 78639
2026/09/14 07:42:42.439, 4, 100, 78639
2026/09/14 07:42:42.440, 5, 92, 78639
2026/09/14 07:42:42.940, 4, 99, 78639
2026/09/14 07:42:42.940, 5, 99, 78639
2026/09/14 07:42:43.440, 4, 100, 78639
2026/09/14 07:42:43.440, 5, 100, 78639
2026/09/14 07:42:43.940, 4, 100, 78639
2026/09/14 07:42:43.941, 5, 100, 78639
2026/09/14 07:42:44.441, 4, 99, 78639
2026/09/14 07:42:44.442, 5, 99, 78639
2026/09/14 07:42:44.942, 4, 100, 78639
2026/09/14 07:42:44.942, 5, 100, 78639
2026/09/14 07:42:45.442, 4, 100, 78639
2026/09/14 07:42:45.442, 5, 100, 78639
2026/09/14 07:42:45.943, 4, 73, 78639
2026/09/14 07:42:45.943, 5, 99, 78639
2026/09/14 07:42:46.443, 4, 100, 78639
2026/09/14 07:42:46.443, 5, 100, 78639
2026/09/14 07:42:46.943, 4, 100, 78639
2026/09/14 07:42:46.943, 5, 100, 78639
2026/09/14 07:42:47.443, 4, 96, 78639
2026/09/14 07:42:47.443, 5, 99, 78639
2026/09/14 07:42:47.943, 4, 100, 78639
2026/09/14 07:42:47.943, 5, 100, 78639
2026/09/14 07:42:48.443, 4, 100, 78639
2026/09/14 07:42:48.444, 5, 100, 78639
2026/09/14 07:42:48.946, 4, 91, 78639
2026/09/14 07:42:48.946, 5, 96, 78639
2026/09/14 07:42:49.447, 4, 100, 78639
2026/09/14 07:42:49.447, 5, 100, 78639
2026/09/14 07:42:49.947, 4, 100, 78639
2026/09/14 07:42:49.947, 5, 100, 78639
2026/09/14 07:42:50.447, 4, 74, 78639
2026/09/14 07:42:50.447, 5, 75, 78639
2026/09/14 07:42:50.947, 4, 100, 78639
2026/09/14 07:42:50.947, 5, 99, 78639
2026/09/14 07:42:51.447, 4, 100, 78639
2026/09/14 07:42:51.447, 5, 100, 78639
2026/09/14 07:42:51.947, 4, 78, 78639
2026/09/14 07:42:51.948, 5, 100, 78639
2026/09/14 07:42:52.448, 4, 100, 78639
2026/09/14 07:42:52.450, 5, 99, 78639
2026/09/14 07:42:52.951, 4, 100, 78639
2026/09/14 07:42:52.951, 5, 100, 78639
2026/09/14 07:42:53.452, 4, 72, 78639
2026/09/14 07:42:53.452, 5, 100, 78639
2026/09/14 07:42:53.952, 4, 99, 78639
2026/09/14 07:42:53.952, 5, 99, 78639
2026/09/14 07:42:54.452, 4, 100, 78639
2026/09/14 07:42:54.452, 5, 100, 78639
2026/09/14 07:42:54.952, 4, 100, 78639
2026/09/14 07:42:54.952, 5, 100, 78639
2026/09/14 07:42:55.452, 4, 99, 78639
2026/09/14 07:42:55.453, 5, 99, 78639
2026/09/14 07:42:55.953, 4, 100, 78639
2026/09/14 07:42:55.953, 5, 100, 78639
2026/09/14 07:42:56.453, 4, 100, 78639
2026/09/14 07:42:56.454, 5, 100, 78639
2026/09/14 07:42:56.954, 4, 99, 78639
2026/09/14 07:42:56.954, 5, 99, 78639
2026/09/14 07:42:57.454, 4, 100, 78639
2026/09/14 07:42:57.454, 5, 100, 78639
2026/09/14 07:42:57.954, 4, 100, 78639
2026/09/14 07:42:57.954, 5, 100, 78639
2026/09/14 07:42:58.455, 4, 99, 78639
2026/09/14 07:42:58.455, 5, 99, 78639
2026/09/14 07:42:58.955, 4, 100, 78639
2026/09/14 07:42:58.955, 5, 100, 78639
2026/09/14 07:42:59.455, 4, 100, 78639
2026/09/14 07:42:59.455, 5, 100, 78639
2026/09/14 07:42:59.956, 4, 99, 78639
2026/09/14 07:42:59.956, 5, 72, 78639
2026/09/14 07:43:00.456, 4, 100, 78639
2026/09/14 07:43:00.456, 5, 100, 78639
2026/09/14 07:43:00.956, 4, 100, 78639
2026/09/14 07:43:00.956, 5, 100, 78639
2026/09/14 07:43:01.456, 4, 99, 78639
2026/09/14 07:43:01.456, 5, 96, 78639
2026/09/14 07:43:01.956, 4, 100, 78639
2026/09/14 07:43:01.956, 5, 100, 78639
2026/09/14 07:43:02.456, 4, 100, 78639
2026/09/14 07:43:02.457, 5, 100, 78639
2026/09/14 07:43:02.957, 4, 75, 78639
2026/09/14 07:43:02.957, 5, 75, 78639
2026/09/14 07:43:03.457, 4, 100, 78639
2026/09/14 07:43:03.458, 5, 100, 78639
2026/09/14 07:43:03.958, 4, 100, 78639
2026/09/14 07:43:03.958, 5, 100, 78639
2026/09/14 07:43:04.458, 4, 88, 78639
2026/09/14 07:43:04.458, 5, 59, 78639
2026/09/14 07:43:04.958, 4, 100, 78639
2026/09/14 07:43:04.958, 5, 99, 78639
2026/09/14 07:43:05.458, 4, 100, 78639
2026/09/14 07:43:05.458, 5, 100, 78639
2026/09/14 07:43:05.959, 4, 73, 78639
2026/09/14 07:43:05.959, 5, 100, 78639
2026/09/14 07:43:06.459, 4, 100, 78639
2026/09/14 07:43:06.459, 5, 100, 78639
2026/09/14 07:43:06.959, 4, 100, 78639
2026/09/14 07:43:06.959, 5, 100, 78639
2026/09/14 07:43:07.460, 4, 91, 78639
2026/09/14 07:43:07.461, 5, 92, 78639
2026/09/14 07:43:07.961, 4, 99, 78639
2026/09/14 07:43:07.961, 5, 99, 78639
2026/09/14 07:43:08.461, 4, 100, 78639
2026/09/14 07:43:08.461, 5, 100, 78639
2026/09/14 07:43:08.961, 4, 92, 78639
2026/09/14 07:43:08.961, 5, 100, 78639
2026/09/14 07:43:09.462, 4, 100, 78639
2026/09/14 07:43:09.462, 5, 99, 78639
2026/09/14 07:43:09.962, 4, 100, 78639
2026/09/14 07:43:09.962, 5, 100, 78639
2026/09/14 07:43:10.462, 4, 65, 78639
2026/09/14 07:43:10.462, 5, 100, 78639
2026/09/14 07:43:10.962, 4, 99, 78639
2026/09/14 07:43:10.962, 5, 99, 78639
2026/09/14 07:43:11.462, 4, 100, 78639
2026/09/14 07:43:11.462, 5, 100, 78639
2026/09/14 07:43:11.963, 4, 100, 78639
2026/09/14 07:43:11.963, 5, 100, 78639
2026/09/14 07:43:12.463, 4, 99, 78639
2026/09/14 07:43:12.463, 5, 99, 78639
2026/09/14 07:43:12.964, 4, 100, 78639
2026/09/14 07:43:12.964, 5, 100, 78639
2026/09/14 07:43:13.464, 4, 100, 78639
2026/09/14 07:43:13.464, 5, 100, 78639
2026/09/14 07:43:13.964, 4, 91, 78639
2026/09/14 07:43:13.964, 5, 99, 78639
2026/09/14 07:43:14.465, 4, 100, 78639
2026/09/14 07:43:14.466, 5, 100, 78639
2026/09/14 07:43:14.966, 4, 100, 78639
2026/09/14 07:43:14.966, 5, 100, 78639
2026/09/14 07:43:15.466, 4, 89, 78639
2026/09/14 07:43:15.466, 5, 99, 78639
2026/09/14 07:43:15.967, 4, 100, 78639
2026/09/14 07:43:15.967, 5, 100, 78639
2026/09/14 07:43:16.467, 4, 100, 78639
2026/09/14 07:43:16.467, 5, 100, 78639
2026/09/14 07:43:16.967, 4, 60, 78639
2026/09/14 07:43:16.967, 5, 58, 78639
2026/09/14 07:43:17.467, 4, 100, 78639
2026/09/14 07:43:17.467, 5, 100, 78639
2026/09/14 07:43:17.968, 4, 100, 78639
2026/09/14 07:43:17.968, 5, 100, 78639
2026/09/14 07:43:18.468, 4, 72, 78639
2026/09/14 07:43:18.470, 5, 71, 78639
2026/09/14 07:43:18.971, 4, 99, 78639
2026/09/14 07:43:18.971, 5, 100, 78639
2026/09/14 07:43:19.471, 4, 100, 78639
2026/09/14 07:43:19.471, 5, 100, 78639
2026/09/14 07:43:19.971, 4, 100, 78639
2026/09/14 07:43:19.971, 5, 92, 78639
2026/09/14 07:43:20.472, 4, 100, 78639
2026/09/14 07:43:20.472, 5, 100, 78639
2026/09/14 07:43:20.972, 4, 100, 78639
2026/09/14 07:43:20.974, 5, 100, 78639
2026/09/14 07:43:21.474, 4, 82, 78639
2026/09/14 07:43:21.474, 5, 75, 78639
2026/09/14 07:43:21.974, 4, 99, 78639
2026/09/14 07:43:21.974, 5, 99, 78639
2026/09/14 07:43:22.475, 4, 100, 78639
2026/09/14 07:43:22.475, 5, 100, 78639
2026/09/14 07:43:22.975, 4, 100, 78639
2026/09/14 07:43:22.975, 5, 100, 78639
2026/09/14 07:43:23.475, 4, 99, 78639
2026/09/14 07:43:23.475, 5, 99, 78639
2026/09/14 07:43:23.975, 4, 100, 78639
2026/09/14 07:43:23.975, 5, 100, 78639
2026/09/14 07:43:24.475, 4, 100, 78639
2026/09/14 07:43:24.476, 5, 100, 78639
2026/09/14 07:43:24.976, 4, 99, 78639
2026/09/14 07:43:24.976, 5, 99, 78639
2026/09/14 07:43:25.476, 4, 100, 78639
2026/09/14 07:43:25.476, 5, 100, 78639
2026/09/14 07:43:25.977, 4, 100, 78639
2026/09/14 07:43:25.977, 5, 100, 78639
2026/09/14 07:43:26.477, 4, 99, 78639
2026/09/14 07:43:26.477, 5, 99, 78639
2026/09/14 07:43:26.977, 4, 100, 78639
2026/09/14 07:43:26.977, 5, 100, 78639
2026/09/14 07:43:27.477, 4, 100, 78639
2026/09/14 07:43:27.504, 5, 100, 78639
2026/09/14 07:43:28.010, 4, 99, 78639
2026/09/14 07:43:28.010, 5, 99, 78639
2026/09/14 07:43:28.510, 4, 100, 78639
2026/09/14 07:43:28.511, 5, 100, 78639
2026/09/14 07:43:29.011, 4, 100, 78639
2026/09/14 07:43:29.011, 5, 100, 78639
2026/09/14 07:43:29.511, 4, 99, 78639
2026/09/14 07:43:29.511, 5, 57, 78639
2026/09/14 07:43:30.011, 4, 100, 78639
2026/09/14 07:43:30.011, 5, 100, 78639
2026/09/14 07:43:30.511, 4, 100, 78639
2026/09/14 07:43:30.511, 5, 100, 78639
2026/09/14 07:43:31.011, 4, 71, 78639
2026/09/14 07:43:31.012, 5, 72, 78639
2026/09/14 07:43:31.512, 4, 100, 78639
2026/09/14 07:43:31.512, 5, 100, 78639
2026/09/14 07:43:32.012, 4, 100, 78639
2026/09/14 07:43:32.012, 5, 100, 78639
2026/09/14 07:43:32.512, 4, 91, 78639
2026/09/14 07:43:32.513, 5, 91, 78639
2026/09/14 07:43:33.013, 4, 100, 78639
2026/09/14 07:43:33.013, 5, 100, 78639
2026/09/14 07:43:33.513, 4, 100, 78639
2026/09/14 07:43:33.513, 5, 100, 78639
2026/09/14 07:43:34.013, 4, 74, 78639
2026/09/14 07:43:34.013, 5, 74, 78639
2026/09/14 07:43:34.513, 4, 100, 78639
2026/09/14 07:43:34.513, 5, 100, 78639
2026/09/14 07:43:35.013, 4, 100, 78639
2026/09/14 07:43:35.014, 5, 100, 78639
2026/09/14 07:43:35.514, 4, 56, 78639
2026/09/14 07:43:35.514, 5, 100, 78639
2026/09/14 07:43:36.014, 4, 99, 78639
2026/09/14 07:43:36.014, 5, 99, 78639
2026/09/14 07:43:36.515, 4, 100, 78639
2026/09/14 07:43:36.515, 5, 100, 78639
2026/09/14 07:43:37.015, 4, 100, 78639
2026/09/14 07:43:37.015, 5, 100, 78639
2026/09/14 07:43:37.515, 4, 99, 78639
2026/09/14 07:43:37.515, 5, 99, 78639
2026/09/14 07:43:38.015, 4, 100, 78639
2026/09/14 07:43:38.015, 5, 100, 78639
2026/09/14 07:43:38.516, 4, 100, 78639
2026/09/14 07:43:38.516, 5, 100, 78639
2026/09/14 07:43:39.016, 4, 99, 78639
2026/09/14 07:43:39.016, 5, 99, 78639
2026/09/14 07:43:39.516, 4, 100, 78639
2026/09/14 07:43:39.516, 5, 100, 78639
2026/09/14 07:43:40.018, 4, 100, 78639
2026/09/14 07:43:40.018, 5, 100, 78639
2026/09/14 07:43:40.518, 4, 99, 78639
2026/09/14 07:43:40.518, 5, 99, 78639
2026/09/14 07:43:41.018, 4, 100, 78639
2026/09/14 07:43:41.018, 5, 100, 78639
2026/09/14 07:43:41.518, 4, 100, 78639
2026/09/14 07:43:41.519, 5, 100, 78639
2026/09/14 07:43:42.019, 4, 99, 78639
2026/09/14 07:43:42.019, 5, 99, 78639
2026/09/14 07:43:42.519, 4, 100, 78639
2026/09/14 07:43:42.519, 5, 100, 78639
2026/09/14 07:43:43.019, 4, 100, 78639
2026/09/14 07:43:43.019, 5, 100, 78639
2026/09/14 07:43:43.519, 4, 99, 78639
2026/09/14 07:43:43.519, 5, 70, 78639
2026/09/14 07:43:44.020, 4, 100, 78639
2026/09/14 07:43:44.020, 5, 100, 78639
2026/09/14 07:43:44.520, 4, 100, 78639
2026/09/14 07:43:44.520, 5, 100, 78639
2026/09/14 07:43:45.020, 4, 100, 78639
2026/09/14 07:43:45.020, 5, 99, 78639
2026/09/14 07:43:45.520, 4, 100, 78639
2026/09/14 07:43:45.520, 5, 100, 78639
2026/09/14 07:43:46.020, 4, 100, 78639
2026/09/14 07:43:46.020, 5, 100, 78639
2026/09/14 07:43:46.520, 4, 75, 78639
2026/09/14 07:43:46.521, 5, 75, 78639
2026/09/14 07:43:47.021, 4, 99, 78639
2026/09/14 07:43:47.021, 5, 100, 78639
2026/09/14 07:43:47.521, 4, 100, 78639
2026/09/14 07:43:47.521, 5, 100, 78639
2026/09/14 07:43:48.021, 4, 100, 78639
2026/09/14 07:43:48.021, 5, 55, 78639
2026/09/14 07:43:48.521, 4, 99, 78639
2026/09/14 07:43:48.524, 5, 99, 78639
2026/09/14 07:43:49.024, 4, 100, 78639
2026/09/14 07:43:49.024, 5, 100, 78639
2026/09/14 07:43:49.524, 4, 100, 78639
2026/09/14 07:43:49.524, 5, 100, 78639
2026/09/14 07:43:50.024, 4, 99, 78639
2026/09/14 07:43:50.024, 5, 100, 78639
2026/09/14 07:43:50.524, 4, 100, 78639
2026/09/14 07:43:50.525, 5, 100, 78639
2026/09/14 07:43:51.025, 4, 100, 78639
2026/09/14 07:43:51.026, 5, 92, 78639
2026/09/14 07:43:51.526, 4, 99, 78639
2026/09/14 07:43:51.526, 5, 99, 78639
2026/09/14 07:43:52.026, 4, 100, 78639
2026/09/14 07:43:52.026, 5, 100, 78639
2026/09/14 07:43:52.526, 4, 100, 78639
2026/09/14 07:43:52.526, 5, 100, 78639
2026/09/14 07:43:53.026, 4, 99, 78639
2026/09/14 07:43:53.026, 5, 99, 78639
2026/09/14 07:43:53.526, 4, 100, 78639
2026/09/14 07:43:53.526, 5, 100, 78639
2026/09/14 07:43:54.027, 4, 100, 78639
2026/09/14 07:43:54.027, 5, 100, 78639
2026/09/14 07:43:54.527, 4, 99, 78639
2026/09/14 07:43:54.527, 5, 99, 78639
2026/09/14 07:43:55.027, 4, 100, 78639
2026/09/14 07:43:55.027, 5, 100, 78639
2026/09/14 07:43:55.527, 4, 100, 78639
2026/09/14 07:43:55.527, 5, 100, 78639
2026/09/14 07:43:56.027, 4, 72, 78639
2026/09/14 07:43:56.028, 5, 99, 78639
2026/09/14 07:43:56.528, 4, 100, 78639
2026/09/14 07:43:56.528, 5, 100, 78639
2026/09/14 07:43:57.028, 4, 100, 78639
2026/09/14 07:43:57.028, 5, 100, 78639
2026/09/14 07:43:57.528, 4, 95, 78639
2026/09/14 07:43:57.529, 5, 99, 78639
2026/09/14 07:43:58.029, 4, 100, 78639
2026/09/14 07:43:58.029, 5, 100, 78639
2026/09/14 07:43:58.529, 4, 100, 78639
2026/09/14 07:43:58.529, 5, 100, 78639
2026/09/14 07:43:59.029, 4, 75, 78639
2026/09/14 07:43:59.029, 5, 99, 78639
2026/09/14 07:43:59.530, 4, 100, 78639
2026/09/14 07:43:59.530, 5, 100, 78639
2026/09/14 07:44:00.030, 4, 100, 78639
2026/09/14 07:44:00.030, 5, 100, 78639
2026/09/14 07:44:00.530, 4, 56, 78639
2026/09/14 07:44:00.530, 5, 56, 78639
2026/09/14 07:44:01.030, 4, 99, 78639
2026/09/14 07:44:01.030, 5, 100, 78639
2026/09/14 07:44:01.530, 4, 100, 78639
2026/09/14 07:44:01.530, 5, 100, 78639
2026/09/14 07:44:02.030, 4, 100, 78639
2026/09/14 07:44:02.031, 5, 71, 78639
2026/09/14 07:44:02.531, 4, 99, 78639
2026/09/14 07:44:02.531, 5, 100, 78639
2026/09/14 07:44:03.031, 4, 100, 78639
2026/09/14 07:44:03.031, 5, 100, 78639
2026/09/14 07:44:03.532, 4, 92, 78639
2026/09/14 07:44:03.532, 5, 92, 78639
2026/09/14 07:44:04.032, 4, 99, 78639
2026/09/14 07:44:04.032, 5, 100, 78639
2026/09/14 07:44:04.532, 4, 100, 78639
2026/09/14 07:44:04.532, 5, 100, 78639
2026/09/14 07:44:05.032, 4, 100, 78639
2026/09/14 07:44:05.032, 5, 100, 78639
2026/09/14 07:44:05.532, 4, 99, 78639
2026/09/14 07:44:05.532, 5, 99, 78639
2026/09/14 07:44:06.033, 4, 100, 78639
2026/09/14 07:44:06.033, 5, 100, 78639
2026/09/14 07:44:06.533, 4, 100, 78639
2026/09/14 07:44:06.533, 5, 100, 78639
2026/09/14 07:44:07.033, 4, 99, 78639
2026/09/14 07:44:07.033, 5, 99, 78639
2026/09/14 07:44:07.533, 4, 100, 78639
2026/09/14 07:44:07.533, 5, 100, 78639
2026/09/14 07:44:08.033, 4, 100, 78639
2026/09/14 07:44:08.033, 5, 100, 78639
2026/09/14 07:44:08.533, 4, 99, 78639
2026/09/14 07:44:08.534, 5, 77, 78639
2026/09/14 07:44:09.034, 4, 100, 78639
2026/09/14 07:44:09.034, 5, 100, 78639
2026/09/14 07:44:09.534, 4, 100, 78639
2026/09/14 07:44:09.534, 5, 100, 78639
2026/09/14 07:44:10.034, 4, 99, 78639
2026/09/14 07:44:10.034, 5, 99, 78639
2026/09/14 07:44:10.535, 4, 100, 78639
2026/09/14 07:44:10.535, 5, 100, 78639
2026/09/14 07:44:11.035, 4, 100, 78639
2026/09/14 07:44:11.035, 5, 100, 78639
2026/09/14 07:44:11.535, 4, 99, 78639
2026/09/14 07:44:11.535, 5, 74, 78639
2026/09/14 07:44:12.035, 4, 100, 78639
2026/09/14 07:44:12.035, 5, 100, 78639
2026/09/14 07:44:12.535, 4, 100, 78639
2026/09/14 07:44:12.535, 5, 100, 78639
2026/09/14 07:44:13.035, 4, 57, 78639
2026/09/14 07:44:13.036, 5, 57, 78639
2026/09/14 07:44:13.536, 4, 100, 78639
2026/09/14 07:44:13.536, 5, 99, 78639
2026/09/14 07:44:14.036, 4, 100, 78639
2026/09/14 07:44:14.036, 5, 100, 78639
2026/09/14 07:44:14.536, 4, 70, 78639
2026/09/14 07:44:14.536, 5, 92, 78639
2026/09/14 07:44:15.036, 4, 99, 78639
2026/09/14 07:44:15.036, 5, 100, 78639
2026/09/14 07:44:15.536, 4, 100, 78639
2026/09/14 07:44:15.536, 5, 100, 78639
2026/09/14 07:44:16.037, 4, 100, 78639
2026/09/14 07:44:16.037, 5, 91, 78639
2026/09/14 07:44:16.537, 4, 99, 78639
2026/09/14 07:44:16.537, 5, 99, 78639
2026/09/14 07:44:17.037, 4, 100, 78639
2026/09/14 07:44:17.037, 5, 100, 78639
2026/09/14 07:44:17.537, 4, 100, 78639
2026/09/14 07:44:17.538, 5, 100, 78639
2026/09/14 07:44:18.038, 4, 99, 78639
2026/09/14 07:44:18.038, 5, 100, 78639
2026/09/14 07:44:18.538, 4, 100, 78639
2026/09/14 07:44:18.538, 5, 100, 78639
2026/09/14 07:44:19.038, 4, 100, 78639
2026/09/14 07:44:19.038, 5, 98, 78639
2026/09/14 07:44:19.538, 4, 99, 78639
2026/09/14 07:44:19.538, 5, 99, 78639
2026/09/14 07:44:20.038, 4, 100, 78639
2026/09/14 07:44:20.038, 5, 100, 78639
2026/09/14 07:44:20.539, 4, 100, 78639
2026/09/14 07:44:20.539, 5, 100, 78639
2026/09/14 07:44:21.039, 4, 75, 78639
2026/09/14 07:44:21.039, 5, 99, 78639
2026/09/14 07:44:21.539, 4, 100, 78639
2026/09/14 07:44:21.539, 5, 100, 78639
2026/09/14 07:44:22.039, 4, 100, 78639
2026/09/14 07:44:22.039, 5, 100, 78639
2026/09/14 07:44:22.539, 4, 99, 78639
2026/09/14 07:44:22.539, 5, 99, 78639
2026/09/14 07:44:23.039, 4, 100, 78639
2026/09/14 07:44:23.039, 5, 100, 78639
2026/09/14 07:44:23.540, 4, 100, 78639
2026/09/14 07:44:23.540, 5, 100, 78639
2026/09/14 07:44:24.040, 4, 73, 78639
2026/09/14 07:44:24.040, 5, 99, 78639
2026/09/14 07:44:24.540, 4, 100, 78639
2026/09/14 07:44:24.540, 5, 100, 78639
2026/09/14 07:44:25.041, 4, 100, 78639
2026/09/14 07:44:25.041, 5, 100, 78639
2026/09/14 07:44:25.541, 4, 61, 78639
2026/09/14 07:44:25.541, 5, 63, 78639
2026/09/14 07:44:26.041, 4, 99, 78639
2026/09/14 07:44:26.042, 5, 100, 78639
2026/09/14 07:44:26.542, 4, 100, 78639
2026/09/14 07:44:26.542, 5, 100, 78639
2026/09/14 07:44:27.042, 4, 85, 78639
2026/09/14 07:44:27.042, 5, 87, 78639
2026/09/14 07:44:27.542, 4, 100, 78639
2026/09/14 07:44:27.542, 5, 100, 78639
2026/09/14 07:44:28.042, 4, 100, 78639
2026/09/14 07:44:28.043, 5, 100, 78639
2026/09/14 07:44:28.543, 4, 91, 78639
2026/09/14 07:44:28.543, 5, 91, 78639
2026/09/14 07:44:29.043, 4, 99, 78639
2026/09/14 07:44:29.043, 5, 100, 78639
2026/09/14 07:44:29.543, 4, 100, 78639
2026/09/14 07:44:29.544, 5, 100, 78639
2026/09/14 07:44:30.044, 4, 100, 78639
2026/09/14 07:44:30.044, 5, 74, 78639
2026/09/14 07:44:30.545, 4, 99, 78639
2026/09/14 07:44:30.545, 5, 100, 78639
2026/09/14 07:44:31.045, 4, 100, 78639
2026/09/14 07:44:31.045, 5, 100, 78639
2026/09/14 07:44:31.545, 4, 87, 78639
2026/09/14 07:44:31.545, 5, 89, 78639
2026/09/14 07:44:32.045, 4, 99, 78639
2026/09/14 07:44:32.045, 5, 100, 78639
2026/09/14 07:44:32.546, 4, 100, 78639
2026/09/14 07:44:32.546, 5, 100, 78639
2026/09/14 07:44:33.046, 4, 100, 78639
2026/09/14 07:44:33.046, 5, 81, 78639
2026/09/14 07:44:33.546, 4, 99, 78639
2026/09/14 07:44:33.547, 5, 99, 78639
2026/09/14 07:44:34.047, 4, 100, 78639
2026/09/14 07:44:34.048, 5, 100, 78639
2026/09/14 07:44:34.548, 4, 100, 78639
2026/09/14 07:44:34.548, 5, 100, 78639
2026/09/14 07:44:35.048, 4, 99, 78639
2026/09/14 07:44:35.048, 5, 99, 78639
2026/09/14 07:44:35.548, 4, 100, 78639
2026/09/14 07:44:35.548, 5, 100, 78639
2026/09/14 07:44:36.049, 4, 100, 78639
2026/09/14 07:44:36.049, 5, 100, 78639
2026/09/14 07:44:36.550, 4, 99, 78639
2026/09/14 07:44:36.550, 5, 99, 78639
2026/09/14 07:44:37.050, 4, 100, 78639
2026/09/14 07:44:37.051, 5, 100, 78639
2026/09/14 07:44:37.551, 4, 100, 78639
2026/09/14 07:44:37.551, 5, 100, 78639
2026/09/14 07:44:38.051, 4, 99, 78639
2026/09/14 07:44:38.051, 5, 99, 78639
2026/09/14 07:44:38.551, 4, 100, 78639
2026/09/14 07:44:38.551, 5, 100, 78639
2026/09/14 07:44:39.051, 4, 100, 78639
2026/09/14 07:44:39.052, 5, 100, 78639
2026/09/14 07:44:39.552, 4, 92, 78639
2026/09/14 07:44:39.552, 5, 85, 78639
2026/09/14 07:44:40.052, 4, 100, 78639
2026/09/14 07:44:40.052, 5, 100, 78639
2026/09/14 07:44:40.552, 4, 100, 78639
2026/09/14 07:44:40.552, 5, 100, 78639
2026/09/14 07:44:41.052, 4, 99, 78639
2026/09/14 07:44:41.053, 5, 99, 78639
2026/09/14 07:44:41.553, 4, 100, 78639
2026/09/14 07:44:41.553, 5, 99, 78639
2026/09/14 07:44:42.053, 4, 100, 78639
2026/09/14 07:44:42.053, 5, 100, 78639
2026/09/14 07:44:42.553, 4, 74, 78639
2026/09/14 07:44:42.554, 5, 100, 78639
2026/09/14 07:44:43.054, 4, 100, 78639
2026/09/14 07:44:43.055, 5, 100, 78639
2026/09/14 07:44:43.555, 4, 100, 78639
2026/09/14 07:44:43.555, 5, 100, 78639
2026/09/14 07:44:44.055, 4, 78, 78639
2026/09/14 07:44:44.055, 5, 89, 78639
2026/09/14 07:44:44.555, 4, 100, 78639
2026/09/14 07:44:44.555, 5, 99, 78639
2026/09/14 07:44:45.055, 4, 100, 78639
2026/09/14 07:44:45.055, 5, 100, 78639
2026/09/14 07:44:45.556, 4, 71, 78639
2026/09/14 07:44:45.556, 5, 100, 78639
2026/09/14 07:44:46.056, 4, 99, 78639
2026/09/14 07:44:46.058, 5, 99, 78639
2026/09/14 07:44:46.560, 4, 100, 78639
2026/09/14 07:44:46.560, 5, 100, 78639
2026/09/14 07:44:47.060, 4, 100, 78639
2026/09/14 07:44:47.060, 5, 100, 78639
2026/09/14 07:44:47.560, 4, 99, 78639
2026/09/14 07:44:47.561, 5, 99, 78639
2026/09/14 07:44:48.061, 4, 100, 78639
2026/09/14 07:44:48.061, 5, 100, 78639
2026/09/14 07:44:48.561, 4, 100, 78639
2026/09/14 07:44:48.563, 5, 100, 78639
2026/09/14 07:44:49.064, 4, 99, 78639
2026/09/14 07:44:49.064, 5, 99, 78639
2026/09/14 07:44:49.564, 4, 100, 78639
2026/09/14 07:44:49.564, 5, 100, 78639
2026/09/14 07:44:50.064, 4, 100, 78639
2026/09/14 07:44:50.064, 5, 100, 78639
2026/09/14 07:44:50.564, 4, 93, 78639
2026/09/14 07:44:50.564, 5, 75, 78639
2026/09/14 07:44:51.065, 4, 100, 78639
2026/09/14 07:44:51.066, 5, 100, 78639
2026/09/14 07:44:51.566, 4, 100, 78639
2026/09/14 07:44:51.566, 5, 100, 78639
2026/09/14 07:44:52.067, 4, 99, 78639
2026/09/14 07:44:52.067, 5, 99, 78639
2026/09/14 07:44:52.567, 4, 100, 78639
2026/09/14 07:44:52.567, 5, 100, 78639
2026/09/14 07:44:53.067, 4, 100, 78639
2026/09/14 07:44:53.068, 5, 100, 78639
2026/09/14 07:44:53.568, 4, 91, 78639
2026/09/14 07:44:53.568, 5, 92, 78639
2026/09/14 07:44:54.068, 4, 100, 78639
2026/09/14 07:44:54.068, 5, 100, 78639
2026/09/14 07:44:54.568, 4, 100, 78639
2026/09/14 07:44:54.568, 5, 100, 78639
2026/09/14 07:44:55.068, 4, 91, 78639
2026/09/14 07:44:55.070, 5, 71, 78639
2026/09/14 07:44:55.570, 4, 100, 78639
2026/09/14 07:44:55.570, 5, 100, 78639
2026/09/14 07:44:56.070, 4, 100, 78639
2026/09/14 07:44:56.071, 5, 100, 78639
2026/09/14 07:44:56.572, 4, 59, 78639
2026/09/14 07:44:56.572, 5, 75, 78639
2026/09/14 07:44:57.072, 4, 100, 78639
2026/09/14 07:44:57.073, 5, 100, 78639
2026/09/14 07:44:57.573, 4, 100, 78639
2026/09/14 07:44:57.573, 5, 100, 78639
2026/09/14 07:44:58.073, 4, 72, 78639
2026/09/14 07:44:58.073, 5, 72, 78639
2026/09/14 07:44:58.574, 4, 99, 78639
2026/09/14 07:44:58.574, 5, 99, 78639
2026/09/14 07:44:59.074, 4, 100, 78639
2026/09/14 07:44:59.074, 5, 100, 78639
2026/09/14 07:44:59.574, 4, 100, 78639
2026/09/14 07:44:59.574, 5, 100, 78639
2026/09/14 07:45:00.074, 4, 100, 78639
2026/09/14 07:45:00.074, 5, 99, 78639
2026/09/14 07:45:00.575, 4, 100, 78639
2026/09/14 07:45:00.575, 5, 100, 78639
2026/09/14 07:45:01.075, 4, 75, 78639
2026/09/14 07:45:01.075, 5, 89, 78639
2026/09/14 07:45:01.575, 4, 99, 78639
2026/09/14 07:45:01.576, 5, 99, 78639
2026/09/14 07:45:02.076, 4, 100, 78639
2026/09/14 07:45:02.076, 5, 100, 78639
2026/09/14 07:45:02.576, 4, 100, 78639
2026/09/14 07:45:02.576, 5, 100, 78639
2026/09/14 07:45:03.076, 4, 99, 78639
2026/09/14 07:45:03.076, 5, 99, 78639
2026/09/14 07:45:03.577, 4, 100, 78639
2026/09/14 07:45:03.577, 5, 100, 78639
2026/09/14 07:45:04.077, 4, 100, 78639
2026/09/14 07:45:04.077, 5, 100, 78639
2026/09/14 07:45:04.578, 4, 99, 78639
2026/09/14 07:45:04.578, 5, 99, 78639
2026/09/14 07:45:05.078, 4, 100, 78639
2026/09/14 07:45:05.078, 5, 100, 78639
2026/09/14 07:45:05.578, 4, 100, 78639
2026/09/14 07:45:05.578, 5, 100, 78639
2026/09/14 07:45:06.078, 4, 99, 78639
2026/09/14 07:45:06.078, 5, 99, 78639
2026/09/14 07:45:06.578, 4, 100, 78639
2026/09/14 07:45:06.580, 5, 100, 78639
2026/09/14 07:45:07.083, 4, 100, 78639
2026/09/14 07:45:07.083, 5, 100, 78639
2026/09/14 07:45:07.583, 4, 96, 78639
2026/09/14 07:45:07.583, 5, 73, 78639
2026/09/14 07:45:08.083, 4, 100, 78639
2026/09/14 07:45:08.083, 5, 100, 78639
2026/09/14 07:45:08.583, 4, 100, 78639
2026/09/14 07:45:08.583, 5, 100, 78639
2026/09/14 07:45:09.083, 4, 56, 78639
2026/09/14 07:45:09.083, 5, 78, 78639
2026/09/14 07:45:09.583, 4, 100, 78639
2026/09/14 07:45:09.584, 5, 100, 78639
2026/09/14 07:45:10.084, 4, 100, 78639
2026/09/14 07:45:10.084, 5, 100, 78639
2026/09/14 07:45:10.585, 4, 71, 78639
2026/09/14 07:45:10.585, 5, 72, 78639
2026/09/14 07:45:11.085, 4, 100, 78639
2026/09/14 07:45:11.085, 5, 100, 78639
2026/09/14 07:45:11.585, 4, 100, 78639
2026/09/14 07:45:11.588, 5, 100, 78639
2026/09/14 07:45:12.089, 4, 91, 78639
2026/09/14 07:45:12.089, 5, 91, 78639
2026/09/14 07:45:12.589, 4, 100, 78639
2026/09/14 07:45:12.589, 5, 99, 78639
2026/09/14 07:45:13.089, 4, 100, 78639
2026/09/14 07:45:13.089, 5, 100, 78639
2026/09/14 07:45:13.589, 4, 75, 78639
2026/09/14 07:45:13.590, 5, 99, 78639
2026/09/14 07:45:14.091, 4, 100, 78639
2026/09/14 07:45:14.094, 5, 100, 78639
2026/09/14 07:45:14.594, 4, 100, 78639
2026/09/14 07:45:14.594, 5, 100, 78639
2026/09/14 07:45:15.094, 4, 100, 78639
2026/09/14 07:45:15.121, 5, 72, 78639
2026/09/14 07:45:15.621, 4, 99, 78639
2026/09/14 07:45:15.621, 5, 100, 78639
2026/09/14 07:45:16.121, 4, 100, 78639
2026/09/14 07:45:16.121, 5, 100, 78639
2026/09/14 07:45:16.621, 4, 100, 78639
2026/09/14 07:45:16.621, 5, 100, 78639
2026/09/14 07:45:17.122, 4, 99, 78639
2026/09/14 07:45:17.122, 5, 99, 78639
2026/09/14 07:45:17.622, 4, 100, 78639
2026/09/14 07:45:17.622, 5, 100, 78639
2026/09/14 07:45:18.122, 4, 100, 78639
2026/09/14 07:45:18.122, 5, 100, 78639
2026/09/14 07:45:18.622, 4, 91, 78639
2026/09/14 07:45:18.622, 5, 99, 78639
2026/09/14 07:45:19.122, 4, 100, 78639
2026/09/14 07:45:19.122, 5, 100, 78639
2026/09/14 07:45:19.623, 4, 100, 78639
2026/09/14 07:45:19.623, 5, 100, 78639
2026/09/14 07:45:20.123, 4, 99, 78639
2026/09/14 07:45:20.123, 5, 77, 78639
2026/09/14 07:45:20.623, 4, 100, 78639
2026/09/14 07:45:20.623, 5, 100, 78639
2026/09/14 07:45:21.123, 4, 100, 78639
2026/09/14 07:45:21.123, 5, 100, 78639
2026/09/14 07:45:21.623, 4, 57, 78639
2026/09/14 07:45:21.625, 5, 86, 78639
2026/09/14 07:45:22.126, 4, 100, 78639
2026/09/14 07:45:22.126, 5, 100, 78639
2026/09/14 07:45:22.626, 4, 100, 78639
2026/09/14 07:45:22.626, 5, 100, 78639
2026/09/14 07:45:23.126, 4, 71, 78639
2026/09/14 07:45:23.126, 5, 71, 78639
2026/09/14 07:45:23.626, 4, 99, 78639
2026/09/14 07:45:23.626, 5, 100, 78639
2026/09/14 07:45:24.127, 4, 100, 78639
2026/09/14 07:45:24.127, 5, 100, 78639
2026/09/14 07:45:24.627, 4, 100, 78639
2026/09/14 07:45:24.627, 5, 91, 78639
2026/09/14 07:45:25.127, 4, 100, 78639
2026/09/14 07:45:25.127, 5, 100, 78639
2026/09/14 07:45:25.628, 4, 100, 78639
2026/09/14 07:45:25.628, 5, 100, 78639
2026/09/14 07:45:26.128, 4, 74, 78639
2026/09/14 07:45:26.128, 5, 97, 78639
2026/09/14 07:45:26.629, 4, 99, 78639
2026/09/14 07:45:26.629, 5, 100, 78639
2026/09/14 07:45:27.130, 4, 100, 78639
2026/09/14 07:45:27.130, 5, 100, 78639
2026/09/14 07:45:27.630, 4, 100, 78639
2026/09/14 07:45:27.630, 5, 71, 78639
2026/09/14 07:45:28.130, 4, 99, 78639
2026/09/14 07:45:28.130, 5, 99, 78639
2026/09/14 07:45:28.630, 4, 100, 78639
2026/09/14 07:45:28.630, 5, 100, 78639
2026/09/14 07:45:29.130, 4, 100, 78639
2026/09/14 07:45:29.130, 5, 100, 78639
2026/09/14 07:45:29.631, 4, 99, 78639
2026/09/14 07:45:29.631, 5, 99, 78639
2026/09/14 07:45:30.131, 4, 100, 78639
2026/09/14 07:45:30.131, 5, 100, 78639
2026/09/14 07:45:30.631, 4, 100, 78639
2026/09/14 07:45:30.631, 5, 100, 78639
2026/09/14 07:45:31.131, 4, 99, 78639
2026/09/14 07:45:31.131, 5, 99, 78639
2026/09/14 07:45:31.631, 4, 100, 78639
2026/09/14 07:45:31.631, 5, 100, 78639
2026/09/14 07:45:32.131, 4, 100, 78639
2026/09/14 07:45:32.131, 5, 100, 78639
2026/09/14 07:45:32.632, 4, 99, 78639
2026/09/14 07:45:32.632, 5, 99, 78639
2026/09/14 07:45:33.132, 4, 100, 78639
2026/09/14 07:45:33.132, 5, 100, 78639
2026/09/14 07:45:33.633, 4, 100, 78639
2026/09/14 07:45:33.633, 5, 100, 78639
2026/09/14 07:45:34.133, 4, 34, 78639
2026/09/14 07:45:34.172, 5, 0, 78639
2026/09/14 07:45:34.678, 4, 100, 78639
2026/09/14 07:45:34.679, 5, 100, 78639
2026/09/14 07:45:35.179, 4, 100, 78639
2026/09/14 07:45:35.180, 5, 100, 78639
2026/09/14 07:45:35.680, 4, 100, 78639
2026/09/14 07:45:35.680, 5, 69, 78639
2026/09/14 07:45:36.180, 4, 0, 78639
2026/09/14 07:45:36.180, 5, 0, 78639
2026/09/14 07:45:36.680, 4, 0, 78639
2026/09/14 07:45:36.680, 5, 0, 78639
2026/09/14 07:45:37.180, 4, 0, 78639
2026/09/14 07:45:37.180, 5, 0, 78639
2026/09/14 07:45:37.680, 4, 0, 78639
2026/09/14 07:45:37.680, 5, 0, 78639
2026/09/14 07:45:38.180, 4, 0, 78639
2026/09/14 07:45:38.181, 5, 3, 78639
2026/09/14 07:45:38.681, 4, 0, 78639
2026/09/14 07:45:38.681, 5, 3, 78639
2026/09/14 07:45:39.181, 4, 10, 78639
2026/09/14 07:45:39.181, 5, 0, 78639
2026/09/14 07:45:39.681, 4, 9, 78639
2026/09/14 07:45:39.681, 5, 26, 78639
2026/09/14 07:45:40.182, 4, 0, 78639
2026/09/14 07:45:40.182, 5, 0, 78639
2026/09/14 07:45:40.682, 4, 0, 78639
2026/09/14 07:45:40.683, 5, 0, 78639
2026/09/14 07:45:41.183, 4, 0, 78639
2026/09/14 07:45:41.183, 5, 0, 78639
2026/09/14 07:45:41.683, 4, 0, 78639
2026/09/14 07:45:41.684, 5, 0, 78639
2026/09/14 07:45:42.184, 4, 0, 78639
2026/09/14 07:45:42.184, 5, 0, 78639
2026/09/14 07:45:42.684, 4, 0, 78639
2026/09/14 07:45:42.684, 5, 0, 78639
2026/09/14 07:45:43.184, 4, 0, 78639
2026/09/14 07:45:43.184, 5, 0, 78639
2026/09/14 07:45:43.684, 4, 0, 78639
2026/09/14 07:45:43.684, 5, 0, 78639
2026/09/14 07:45:44.184, 4, 0, 78639
2026/09/14 07:45:44.185, 5, 0, 78639
2026/09/14 07:45:44.685, 4, 0, 78639
2026/09/14 07:45:44.685, 5, 0, 78639
2026/09/14 07:45:45.185, 4, 0, 78639
2026/09/14 07:45:45.185, 5, 0, 78639
2026/09/14 07:45:45.685, 4, 0, 78639
2026/09/14 07:45:45.685, 5, 0, 78639
2026/09/14 07:45:46.185, 4, 0, 78639
2026/09/14 07:45:46.185, 5, 0, 78639
2026/09/14 07:45:46.686, 4, 0, 78639
2026/09/14 07:45:46.686, 5, 0, 78639
2026/09/14 07:45:47.187, 4, 0, 78639
2026/09/14 07:45:47.187, 5, 1, 78639
2026/09/14 07:45:47.687, 4, 0, 78639
2026/09/14 07:45:47.687, 5, 0, 78639
2026/09/14 07:45:48.187, 4, 0, 78639
2026/09/14 07:45:48.187, 5, 6, 78639
2026/09/14 07:45:48.687, 4, 1, 78639
2026/09/14 07:45:48.687, 5, 3, 78639
2026/09/14 07:45:49.187, 4, 11, 78639
2026/09/14 07:45:49.187, 5, 12, 78639
2026/09/14 07:45:49.687, 4, 0, 78639
2026/09/14 07:45:49.688, 5, 0, 78639
2026/09/14 07:45:50.191, 4, 0, 78639
2026/09/14 07:45:50.191, 5, 6, 78639
2026/09/14 07:45:50.691, 4, 10, 78639
2026/09/14 07:45:50.691, 5, 21, 78639
2026/09/14 07:45:51.191, 4, 30, 78639
2026/09/14 07:45:51.191, 5, 27, 78639
2026/09/14 07:45:51.691, 4, 23, 78639
2026/09/14 07:45:51.691, 5, 15, 78639
2026/09/14 07:45:52.192, 4, 0, 78639
2026/09/14 07:45:52.192, 5, 0, 78639
2026/09/14 07:45:52.692, 4, 0, 78639
2026/09/14 07:45:52.692, 5, 0, 78639
2026/09/14 07:45:53.192, 4, 0, 78639
2026/09/14 07:45:53.192, 5, 0, 78639
2026/09/14 07:45:53.692, 4, 0, 78639
2026/09/14 07:45:53.692, 5, 0, 78639
2026/09/14 07:45:54.192, 4, 0, 78639
2026/09/14 07:45:54.193, 5, 0, 78639
2026/09/14 07:45:54.693, 4, 0, 78639
2026/09/14 07:45:54.693, 5, 0, 78639
2026/09/14 07:45:55.193, 4, 0, 78639
2026/09/14 07:45:55.193, 5, 0, 78639
2026/09/14 07:45:55.693, 4, 0, 78639
2026/09/14 07:45:55.694, 5, 0, 78639
2026/09/14 07:45:56.194, 4, 0, 78639
2026/09/14 07:45:56.194, 5, 0, 78639
2026/09/14 07:45:56.694, 4, 0, 78639
2026/09/14 07:45:56.694, 5, 0, 78639
2026/09/14 07:45:57.194, 4, 0, 78639
2026/09/14 07:45:57.194, 5, 0, 78639
2026/09/14 07:45:57.694, 4, 0, 78639
2026/09/14 07:45:57.694, 5, 0, 78639
2026/09/14 07:45:58.194, 4, 0, 78639
2026/09/14 07:45:58.195, 5, 0, 78639
2026/09/14 07:45:58.695, 4, 0, 78639
2026/09/14 07:45:58.695, 5, 0, 78639
2026/09/14 07:45:59.195, 4, 0, 78639
2026/09/14 07:45:59.195, 5, 0, 78639
2026/09/14 07:45:59.695, 4, 0, 78639
2026/09/14 07:45:59.695, 5, 0, 78639
2026/09/14 07:46:00.195, 4, 0, 78639
2026/09/14 07:46:00.195, 5, 0, 78639
2026/09/14 07:46:00.695, 4, 0, 78639
2026/09/14 07:46:00.696, 5, 0, 78639
2026/09/14 07:46:01.196, 4, 0, 78639
2026/09/14 07:46:01.196, 5, 0, 78639
2026/09/14 07:46:01.696, 4, 0, 78639
2026/09/14 07:46:01.696, 5, 0, 78639
2026/09/14 07:46:02.196, 4, 0, 78639
2026/09/14 07:46:02.196, 5, 0, 78639
2026/09/14 07:46:02.697, 4, 0, 78639
2026/09/14 07:46:02.697, 5, 0, 78639
2026/09/14 07:46:03.197, 4, 0, 78639
2026/09/14 07:46:03.197, 5, 0, 78639
2026/09/14 07:46:03.697, 4, 0, 78639
2026/09/14 07:46:03.697, 5, 0, 78639
2026/09/14 07:46:04.197, 4, 0, 78639
2026/09/14 07:46:04.197, 5, 0, 78639
2026/09/14 07:46:04.697, 4, 0, 78639
2026/09/14 07:46:04.697, 5, 0, 78639
2026/09/14 07:46:05.198, 4, 0, 78639
2026/09/14 07:46:05.198, 5, 0, 78639
2026/09/14 07:46:05.698, 4, 0, 78639
2026/09/14 07:46:05.698, 5, 0, 78639
2026/09/14 07:46:06.198, 4, 0, 78639
2026/09/14 07:46:06.198, 5, 0, 78639
2026/09/14 07:46:06.698, 4, 0, 78639
2026/09/14 07:46:06.699, 5, 0, 78639
2026/09/14 07:46:07.199, 4, 0, 78639
2026/09/14 07:46:07.199, 5, 0, 78639
2026/09/14 07:46:07.699, 4, 0, 78639
2026/09/14 07:46:07.700, 5, 0, 78639
2026/09/14 07:46:08.202, 4, 14, 78639
2026/09/14 07:46:08.202, 5, 0, 78639
2026/09/14 07:46:08.702, 4, 16, 78639
2026/09/14 07:46:08.702, 5, 29, 78639
2026/09/14 07:46:09.202, 4, 0, 78639
2026/09/14 07:46:09.202, 5, 0, 78639
2026/09/14 07:46:09.702, 4, 0, 78639
2026/09/14 07:46:09.702, 5, 0, 78639
2026/09/14 07:46:10.203, 4, 0, 78639
2026/09/14 07:46:10.203, 5, 0, 78639
2026/09/14 07:46:10.704, 4, 0, 78639
2026/09/14 07:46:10.704, 5, 0, 78639
2026/09/14 07:46:11.204, 4, 0, 78639
2026/09/14 07:46:11.204, 5, 0, 78639
2026/09/14 07:46:11.704, 4, 0, 78639
2026/09/14 07:46:11.705, 5, 0, 78639
2026/09/14 07:46:12.205, 4, 0, 78639
2026/09/14 07:46:12.205, 5, 0, 78639
2026/09/14 07:46:12.705, 4, 0, 78639
2026/09/14 07:46:12.706, 5, 0, 78639
2026/09/14 07:46:13.206, 4, 0, 78639
2026/09/14 07:46:13.206, 5, 0, 78639
2026/09/14 07:46:13.706, 4, 0, 78639
2026/09/14 07:46:13.706, 5, 0, 78639
2026/09/14 07:46:14.206, 4, 0, 78639
2026/09/14 07:46:14.207, 5, 0, 78639
2026/09/14 07:46:14.707, 4, 0, 78639
2026/09/14 07:46:14.707, 5, 0, 78639
2026/09/14 07:46:15.207, 4, 0, 78639
2026/09/14 07:46:15.207, 5, 0, 78639
2026/09/14 07:46:15.707, 4, 0, 78639
2026/09/14 07:46:15.707, 5, 0, 78639
2026/09/14 07:46:16.207, 4, 0, 78639
2026/09/14 07:46:16.207, 5, 0, 78639
2026/09/14 07:46:16.707, 4, 0, 78639
2026/09/14 07:46:16.708, 5, 0, 78639
2026/09/14 07:46:17.208, 4, 2, 78639
2026/09/14 07:46:17.208, 5, 12, 78639
2026/09/14 07:46:17.708, 4, 0, 78639
2026/09/14 07:46:17.708, 5, 0, 78639
2026/09/14 07:46:18.208, 4, 0, 78639
2026/09/14 07:46:18.209, 5, 0, 78639
2026/09/14 07:46:18.709, 4, 0, 78639
2026/09/14 07:46:18.709, 5, 0, 78639
2026/09/14 07:46:19.209, 4, 12, 78639
2026/09/14 07:46:19.209, 5, 12, 78639
2026/09/14 07:46:19.709, 4, 0, 78639
2026/09/14 07:46:19.710, 5, 0, 78639
2026/09/14 07:46:20.210, 4, 9, 78639
2026/09/14 07:46:20.211, 5, 0, 78639
2026/09/14 07:46:20.711, 4, 0, 78639
2026/09/14 07:46:20.711, 5, 0, 78639
2026/09/14 07:46:21.211, 4, 0, 78639
2026/09/14 07:46:21.212, 5, 9, 78639
2026/09/14 07:46:21.712, 4, 1, 78639
2026/09/14 07:46:21.712, 5, 0, 78639
2026/09/14 07:46:22.213, 4, 19, 78639
2026/09/14 07:46:22.213, 5, 23, 78639
2026/09/14 07:46:22.713, 4, 0, 78639
2026/09/14 07:46:22.713, 5, 0, 78639
2026/09/14 07:46:23.214, 4, 0, 78639
2026/09/14 07:46:23.214, 5, 0, 78639
2026/09/14 07:46:23.715, 4, 0, 78639
2026/09/14 07:46:23.715, 5, 0, 78639
2026/09/14 07:46:24.215, 4, 0, 78639
2026/09/14 07:46:24.215, 5, 0, 78639
2026/09/14 07:46:24.716, 4, 0, 78639
2026/09/14 07:46:24.716, 5, 0, 78639
2026/09/14 07:46:25.216, 4, 0, 78639
2026/09/14 07:46:25.216, 5, 0, 78639
2026/09/14 07:46:25.716, 4, 0, 78639
2026/09/14 07:46:25.716, 5, 0, 78639
2026/09/14 07:46:26.216, 4, 0, 78639
2026/09/14 07:46:26.216, 5, 0, 78639
2026/09/14 07:46:26.716, 4, 0, 78639
2026/09/14 07:46:26.716, 5, 0, 78639
2026/09/14 07:46:27.216, 4, 0, 78639
2026/09/14 07:46:27.217, 5, 0, 78639
2026/09/14 07:46:27.717, 4, 0, 78639
2026/09/14 07:46:27.717, 5, 0, 78639
2026/09/14 07:46:28.217, 4, 0, 78639
2026/09/14 07:46:28.217, 5, 0, 78639
2026/09/14 07:46:28.717, 4, 0, 78639
2026/09/14 07:46:28.717, 5, 0, 78639
2026/09/14 07:46:29.217, 4, 0, 78639
2026/09/14 07:46:29.217, 5, 0, 78639
2026/09/14 07:46:29.718, 4, 1, 78639
2026/09/14 07:46:29.718, 5, 12, 78639
2026/09/14 07:46:30.218, 4, 0, 78639
2026/09/14 07:46:30.219, 5, 0, 78639
2026/09/14 07:46:30.720, 4, 6, 78639
2026/09/14 07:46:30.720, 5, 6, 78639
2026/09/14 07:46:31.220, 4, 3, 78639
2026/09/14 07:46:31.220, 5, 3, 78639
2026/09/14 07:46:31.720, 4, 1, 78639
2026/09/14 07:46:31.721, 5, 12, 78639
2026/09/14 07:46:32.221, 4, 0, 78639
2026/09/14 07:46:32.221, 5, 0, 78639
2026/09/14 07:46:32.721, 4, 6, 78639
2026/09/14 07:46:32.721, 5, 6, 78639
2026/09/14 07:46:33.221, 4, 0, 78639
2026/09/14 07:46:33.222, 5, 21, 78639
2026/09/14 07:46:33.722, 4, 30, 78639
2026/09/14 07:46:33.722, 5, 30, 78639
2026/09/14 07:46:34.222, 4, 29, 78639
2026/09/14 07:46:34.222, 5, 30, 78639
2026/09/14 07:46:34.722, 4, 0, 78639
2026/09/14 07:46:34.722, 5, 0, 78639
2026/09/14 07:46:35.222, 4, 0, 78639
2026/09/14 07:46:35.222, 5, 0, 78639
2026/09/14 07:46:35.722, 4, 0, 78639
2026/09/14 07:46:35.723, 5, 0, 78639
2026/09/14 07:46:36.224, 4, 0, 78639
2026/09/14 07:46:36.224, 5, 0, 78639
2026/09/14 07:46:36.724, 4, 0, 78639
2026/09/14 07:46:36.724, 5, 0, 78639
2026/09/14 07:46:37.224, 4, 0, 78639
2026/09/14 07:46:37.224, 5, 0, 78639
2026/09/14 07:46:37.724, 4, 0, 78639
2026/09/14 07:46:37.724, 5, 0, 78639
2026/09/14 07:46:38.224, 4, 0, 78639
2026/09/14 07:46:38.225, 5, 0, 78639
2026/09/14 07:46:38.725, 4, 0, 78639
2026/09/14 07:46:38.726, 5, 0, 78639
2026/09/14 07:46:39.226, 4, 0, 78639
2026/09/14 07:46:39.226, 5, 0, 78639
2026/09/14 07:46:39.726, 4, 0, 78639
2026/09/14 07:46:39.726, 5, 0, 78639
2026/09/14 07:46:40.226, 4, 0, 78639
2026/09/14 07:46:40.226, 5, 0, 78639
2026/09/14 07:46:40.726, 4, 0, 78639
2026/09/14 07:46:40.726, 5, 0, 78639
2026/09/14 07:46:41.227, 4, 0, 78639
2026/09/14 07:46:41.227, 5, 0, 78639
2026/09/14 07:46:41.727, 4, 0, 78639
2026/09/14 07:46:41.727, 5, 0, 78639
2026/09/14 07:46:42.228, 4, 0, 78639
2026/09/14 07:46:42.228, 5, 0, 78639
2026/09/14 07:46:42.729, 4, 0, 78639
2026/09/14 07:46:42.729, 5, 0, 78639
2026/09/14 07:46:43.229, 4, 0, 78639
2026/09/14 07:46:43.229, 5, 0, 78639
2026/09/14 07:46:43.729, 4, 0, 78639
2026/09/14 07:46:43.729, 5, 0, 78639
2026/09/14 07:46:44.229, 4, 0, 78639
2026/09/14 07:46:44.229, 5, 0, 78639
2026/09/14 07:46:44.729, 4, 0, 78639
2026/09/14 07:46:44.730, 5, 0, 78639
2026/09/14 07:46:45.231, 4, 0, 78639
2026/09/14 07:46:45.231, 5, 0, 78639
2026/09/14 07:46:45.731, 4, 0, 78639
2026/09/14 07:46:45.731, 5, 0, 78639
2026/09/14 07:46:46.231, 4, 0, 78639
2026/09/14 07:46:46.231, 5, 0, 78639
2026/09/14 07:46:46.731, 4, 0, 78639
2026/09/14 07:46:46.731, 5, 0, 78639
2026/09/14 07:46:47.231, 4, 0, 78639
2026/09/14 07:46:47.231, 5, 0, 78639
2026/09/14 07:46:47.732, 4, 0, 78639
2026/09/14 07:46:47.732, 5, 0, 78639
2026/09/14 07:46:48.233, 4, 0, 78639
2026/09/14 07:46:48.233, 5, 0, 78639
2026/09/14 07:46:48.734, 4, 0, 78639
2026/09/14 07:46:48.734, 5, 0, 78639
2026/09/14 07:46:49.234, 4, 0, 78639
2026/09/14 07:46:49.234, 5, 0, 78639
2026/09/14 07:46:49.734, 4, 0, 78639
2026/09/14 07:46:49.735, 5, 0, 78639
2026/09/14 07:46:50.235, 4, 0, 78639
2026/09/14 07:46:50.235, 5, 0, 78639
2026/09/14 07:46:50.735, 4, 0, 78639
2026/09/14 07:46:50.735, 5, 0, 78639
2026/09/14 07:46:51.235, 4, 27, 78639
2026/09/14 07:46:51.235, 5, 30, 78639
2026/09/14 07:46:51.735, 4, 0, 78639
2026/09/14 07:46:51.735, 5, 0, 78639
2026/09/14 07:46:52.236, 4, 0, 78639
2026/09/14 07:46:52.236, 5, 0, 78639
2026/09/14 07:46:52.736, 4, 0, 78639
2026/09/14 07:46:52.736, 5, 0, 78639
2026/09/14 07:46:53.237, 4, 0, 78639
2026/09/14 07:46:53.237, 5, 0, 78639
2026/09/14 07:46:53.737, 4, 0, 78639
2026/09/14 07:46:53.737, 5, 0, 78639
2026/09/14 07:46:54.237, 4, 0, 78639
2026/09/14 07:46:54.237, 5, 0, 78639
2026/09/14 07:46:54.738, 4, 0, 78639
2026/09/14 07:46:54.739, 5, 0, 78639
2026/09/14 07:46:55.239, 4, 0, 78639
2026/09/14 07:46:55.239, 5, 0, 78639
2026/09/14 07:46:55.739, 4, 0, 78639
2026/09/14 07:46:55.739, 5, 0, 78639
2026/09/14 07:46:56.239, 4, 0, 78639
2026/09/14 07:46:56.239, 5, 0, 78639
2026/09/14 07:46:56.739, 4, 0, 78639
2026/09/14 07:46:56.739, 5, 0, 78639
2026/09/14 07:46:57.239, 4, 0, 78639
2026/09/14 07:46:57.239, 5, 0, 78639
2026/09/14 07:46:57.740, 4, 0, 78639
2026/09/14 07:46:57.740, 5, 0, 78639
2026/09/14 07:46:58.240, 4, 0, 78639
2026/09/14 07:46:58.241, 5, 0, 78639
2026/09/14 07:46:58.741, 4, 0, 78639
2026/09/14 07:46:58.741, 5, 0, 78639
2026/09/14 07:46:59.241, 4, 0, 78639
2026/09/14 07:46:59.241, 5, 0, 78639
2026/09/14 07:46:59.741, 4, 23, 78639
2026/09/14 07:46:59.741, 5, 21, 78639
2026/09/14 07:47:00.242, 4, 0, 78639
2026/09/14 07:47:00.242, 5, 0, 78639
2026/09/14 07:47:00.743, 4, 0, 78639
2026/09/14 07:47:00.743, 5, 0, 78639
2026/09/14 07:47:01.243, 4, 0, 78639
2026/09/14 07:47:01.243, 5, 0, 78639
2026/09/14 07:47:01.744, 4, 1, 78639
2026/09/14 07:47:01.744, 5, 0, 78639
2026/09/14 07:47:02.244, 4, 0, 78639
2026/09/14 07:47:02.244, 5, 0, 78639
2026/09/14 07:47:02.744, 4, 0, 78639
2026/09/14 07:47:02.744, 5, 0, 78639
2026/09/14 07:47:03.244, 4, 0, 78639
2026/09/14 07:47:03.245, 5, 0, 78639
2026/09/14 07:47:03.745, 4, 9, 78639
2026/09/14 07:47:03.747, 5, 9, 78639
2026/09/14 07:47:04.247, 4, 0, 78639
2026/09/14 07:47:04.247, 5, 0, 78639
2026/09/14 07:47:04.747, 4, 32, 78639
2026/09/14 07:47:04.747, 5, 19, 78639
2026/09/14 07:47:05.247, 4, 18, 78639
2026/09/14 07:47:05.247, 5, 2, 78639
2026/09/14 07:47:05.747, 4, 0, 78639
2026/09/14 07:47:05.747, 5, 0, 78639
2026/09/14 07:47:06.247, 4, 0, 78639
2026/09/14 07:47:06.248, 5, 0, 78639
2026/09/14 07:47:06.748, 4, 0, 78639
2026/09/14 07:47:06.748, 5, 0, 78639
2026/09/14 07:47:07.248, 4, 0, 78639
2026/09/14 07:47:07.248, 5, 0, 78639
2026/09/14 07:47:07.748, 4, 0, 78639
2026/09/14 07:47:07.748, 5, 0, 78639
2026/09/14 07:47:08.249, 4, 0, 78639
2026/09/14 07:47:08.249, 5, 0, 78639
2026/09/14 07:47:08.749, 4, 0, 78639
2026/09/14 07:47:08.749, 5, 0, 78639
2026/09/14 07:47:09.249, 4, 0, 78639
2026/09/14 07:47:09.249, 5, 0, 78639
2026/09/14 07:47:09.749, 4, 0, 78639
2026/09/14 07:47:09.750, 5, 0, 78639
2026/09/14 07:47:10.250, 4, 0, 78639
2026/09/14 07:47:10.250, 5, 0, 78639
2026/09/14 07:47:10.750, 4, 0, 78639
2026/09/14 07:47:10.750, 5, 0, 78639
2026/09/14 07:47:11.250, 4, 0, 78639
2026/09/14 07:47:11.250, 5, 0, 78639
2026/09/14 07:47:11.750, 4, 0, 78639
2026/09/14 07:47:11.751, 5, 0, 78639
2026/09/14 07:47:12.251, 4, 0, 78639
2026/09/14 07:47:12.251, 5, 0, 78639
2026/09/14 07:47:12.751, 4, 0, 78639
2026/09/14 07:47:12.751, 5, 0, 78639
2026/09/14 07:47:13.251, 4, 0, 78639
2026/09/14 07:47:13.251, 5, 0, 78639
2026/09/14 07:47:13.751, 4, 0, 78639
2026/09/14 07:47:13.751, 5, 0, 78639
2026/09/14 07:47:14.252, 4, 0, 78639
2026/09/14 07:47:14.252, 5, 2, 78639
2026/09/14 07:47:14.752, 4, 0, 78639
2026/09/14 07:47:14.752, 5, 0, 78639
2026/09/14 07:47:15.253, 4, 0, 78639
2026/09/14 07:47:15.253, 5, 0, 78639
2026/09/14 07:47:15.753, 4, 0, 78639
2026/09/14 07:47:15.753, 5, 0, 78639
2026/09/14 07:47:16.254, 4, 30, 78639
2026/09/14 07:47:16.254, 5, 29, 78639
2026/09/14 07:47:16.754, 4, 27, 78639
2026/09/14 07:47:16.754, 5, 27, 78639
2026/09/14 07:47:17.254, 4, 14, 78639
2026/09/14 07:47:17.254, 5, 0, 78639
2026/09/14 07:47:17.754, 4, 0, 78639
2026/09/14 07:47:17.754, 5, 0, 78639
2026/09/14 07:47:18.255, 4, 0, 78639
2026/09/14 07:47:18.255, 5, 0, 78639
2026/09/14 07:47:18.755, 4, 0, 78639
2026/09/14 07:47:18.755, 5, 0, 78639
2026/09/14 07:47:19.255, 4, 0, 78639
2026/09/14 07:47:19.255, 5, 0, 78639
2026/09/14 07:47:19.755, 4, 0, 78639
2026/09/14 07:47:19.755, 5, 0, 78639
2026/09/14 07:47:20.255, 4, 0, 78639
2026/09/14 07:47:20.256, 5, 0, 78639
2026/09/14 07:47:20.756, 4, 0, 78639
2026/09/14 07:47:20.757, 5, 0, 78639
2026/09/14 07:47:21.257, 4, 0, 78639
2026/09/14 07:47:21.257, 5, 0, 78639
2026/09/14 07:47:21.757, 4, 0, 78639
2026/09/14 07:47:21.757, 5, 0, 78639
2026/09/14 07:47:22.257, 4, 0, 78639
2026/09/14 07:47:22.258, 5, 0, 78639
2026/09/14 07:47:22.758, 4, 0, 78639
2026/09/14 07:47:22.758, 5, 0, 78639
2026/09/14 07:47:23.258, 4, 0, 78639
2026/09/14 07:47:23.258, 5, 0, 78639
2026/09/14 07:47:23.759, 4, 0, 78639
2026/09/14 07:47:23.759, 5, 0, 78639
2026/09/14 07:47:24.259, 4, 0, 78639
2026/09/14 07:47:24.259, 5, 0, 78639
2026/09/14 07:47:24.759, 4, 0, 78639
2026/09/14 07:47:24.759, 5, 0, 78639
2026/09/14 07:47:25.259, 4, 0, 78639
2026/09/14 07:47:25.259, 5, 0, 78639
2026/09/14 07:47:25.760, 4, 0, 78639
2026/09/14 07:47:25.760, 5, 0, 78639
2026/09/14 07:47:26.260, 4, 0, 78639
2026/09/14 07:47:26.260, 5, 0, 78639
2026/09/14 07:47:26.760, 4, 0, 78639
2026/09/14 07:47:26.760, 5, 0, 78639
2026/09/14 07:47:27.260, 4, 0, 78639
2026/09/14 07:47:27.260, 5, 0, 78639
2026/09/14 07:47:27.760, 4, 0, 78639
2026/09/14 07:47:27.761, 5, 0, 78639
2026/09/14 07:47:28.261, 4, 0, 78639
2026/09/14 07:47:28.261, 5, 0, 78639
2026/09/14 07:47:28.761, 4, 0, 78639
2026/09/14 07:47:28.761, 5, 0, 78639
2026/09/14 07:47:29.262, 4, 0, 78639
2026/09/14 07:47:29.262, 5, 0, 78639
2026/09/14 07:47:29.762, 4, 0, 78639
2026/09/14 07:47:29.762, 5, 0, 78639
2026/09/14 07:47:30.262, 4, 0, 78639
2026/09/14 07:47:30.262, 5, 0, 78639
2026/09/14 07:47:30.762, 4, 0, 78639
2026/09/14 07:47:30.762, 5, 0, 78639
2026/09/14 07:47:31.262, 4, 0, 78639
2026/09/14 07:47:31.262, 5, 0, 78639
2026/09/14 07:47:31.763, 4, 0, 78639
2026/09/14 07:47:31.763, 5, 0, 78639
2026/09/14 07:47:32.263, 4, 0, 78639
2026/09/14 07:47:32.263, 5, 0, 78639
2026/09/14 07:47:32.763, 4, 0, 78639
2026/09/14 07:47:32.764, 5, 0, 78639
2026/09/14 07:47:33.264, 4, 0, 78639
2026/09/14 07:47:33.264, 5, 0, 78639
2026/09/14 07:47:33.764, 4, 31, 78639
2026/09/14 07:47:33.764, 5, 21, 78639
2026/09/14 07:47:34.265, 4, 25, 78639
2026/09/14 07:47:34.265, 5, 9, 78639
2026/09/14 07:47:34.765, 4, 0, 78639
2026/09/14 07:47:34.765, 5, 0, 78639
2026/09/14 07:47:35.266, 4, 0, 78639
2026/09/14 07:47:35.266, 5, 0, 78639
2026/09/14 07:47:35.766, 4, 0, 78639
2026/09/14 07:47:35.766, 5, 0, 78639
2026/09/14 07:47:36.266, 4, 0, 78639
2026/09/14 07:47:36.266, 5, 0, 78639
2026/09/14 07:47:36.766, 4, 0, 78639
2026/09/14 07:47:36.766, 5, 0, 78639
2026/09/14 07:47:37.267, 4, 0, 78639
2026/09/14 07:47:37.267, 5, 0, 78639
2026/09/14 07:47:37.767, 4, 0, 78639
2026/09/14 07:47:37.767, 5, 0, 78639
2026/09/14 07:47:38.267, 4, 0, 78639
2026/09/14 07:47:38.267, 5, 0, 78639
2026/09/14 07:47:38.767, 4, 0, 78639
2026/09/14 07:47:38.768, 5, 0, 78639
2026/09/14 07:47:39.268, 4, 0, 78639
2026/09/14 07:47:39.268, 5, 0, 78639
2026/09/14 07:47:39.768, 4, 0, 78639
2026/09/14 07:47:39.768, 5, 0, 78639
2026/09/14 07:47:40.268, 4, 0, 78639
2026/09/14 07:47:40.268, 5, 0, 78639
2026/09/14 07:47:40.768, 4, 0, 78639
2026/09/14 07:47:40.768, 5, 0, 78639
2026/09/14 07:47:41.268, 4, 0, 78639
2026/09/14 07:47:41.269, 5, 0, 78639
2026/09/14 07:47:41.769, 4, 0, 78639
2026/09/14 07:47:41.770, 5, 0, 78639
2026/09/14 07:47:42.272, 4, 0, 78639
2026/09/14 07:47:42.272, 5, 0, 78639
2026/09/14 07:47:42.772, 4, 0, 78639
2026/09/14 07:47:42.772, 5, 0, 78639
2026/09/14 07:47:43.272, 4, 0, 78639
2026/09/14 07:47:43.272, 5, 0, 78639
2026/09/14 07:47:43.772, 4, 0, 78639
2026/09/14 07:47:43.772, 5, 0, 78639
2026/09/14 07:47:44.273, 4, 0, 78639
2026/09/14 07:47:44.273, 5, 0, 78639
2026/09/14 07:47:44.773, 4, 0, 78639
2026/09/14 07:47:44.773, 5, 11, 78639
2026/09/14 07:47:45.274, 4, 0, 78639
2026/09/14 07:47:45.274, 5, 0, 78639
2026/09/14 07:47:45.774, 4, 9, 78639
2026/09/14 07:47:45.774, 5, 9, 78639
2026/09/14 07:47:46.274, 4, 0, 78639
2026/09/14 07:47:46.274, 5, 0, 78639
2026/09/14 07:47:46.775, 4, 0, 78639
2026/09/14 07:47:46.775, 5, 0, 78639
2026/09/14 07:47:47.275, 4, 0, 78639
2026/09/14 07:47:47.275, 5, 1, 78639
2026/09/14 07:47:47.776, 4, 0, 78639
2026/09/14 07:47:47.776, 5, 0, 78639
2026/09/14 07:47:48.277, 4, 0, 78639
2026/09/14 07:47:48.277, 5, 0, 78639
2026/09/14 07:47:48.778, 4, 0, 78639
2026/09/14 07:47:48.778, 5, 2, 78639
2026/09/14 07:47:49.278, 4, 0, 78639
2026/09/14 07:47:49.278, 5, 0, 78639
2026/09/14 07:47:49.778, 4, 3, 78639
2026/09/14 07:47:49.779, 5, 3, 78639
2026/09/14 07:47:50.279, 4, 0, 78639
2026/09/14 07:47:50.279, 5, 3, 78639
2026/09/14 07:47:50.779, 4, 0, 78639
2026/09/14 07:47:50.779, 5, 3, 78639
2026/09/14 07:47:51.279, 4, 31, 78639
2026/09/14 07:47:51.279, 5, 31, 78639
2026/09/14 07:47:51.779, 4, 0, 78639
2026/09/14 07:47:51.779, 5, 0, 78639
2026/09/14 07:47:52.279, 4, 0, 78639
2026/09/14 07:47:52.280, 5, 0, 78639
2026/09/14 07:47:52.780, 4, 0, 78639
2026/09/14 07:47:52.780, 5, 0, 78639
2026/09/14 07:47:53.280, 4, 0, 78639
2026/09/14 07:47:53.280, 5, 0, 78639
2026/09/14 07:47:53.781, 4, 0, 78639
2026/09/14 07:47:53.781, 5, 0, 78639
2026/09/14 07:47:54.281, 4, 0, 78639
2026/09/14 07:47:54.281, 5, 0, 78639
2026/09/14 07:47:54.781, 4, 0, 78639
2026/09/14 07:47:54.781, 5, 0, 78639
2026/09/14 07:47:55.281, 4, 0, 78639
2026/09/14 07:47:55.281, 5, 0, 78639
2026/09/14 07:47:55.781, 4, 0, 78639
2026/09/14 07:47:55.781, 5, 0, 78639
2026/09/14 07:47:56.282, 4, 0, 78639
2026/09/14 07:47:56.282, 5, 0, 78639
2026/09/14 07:47:56.782, 4, 0, 78639
2026/09/14 07:47:56.783, 5, 0, 78639
2026/09/14 07:47:57.283, 4, 0, 78639
2026/09/14 07:47:57.283, 5, 0, 78639
2026/09/14 07:47:57.784, 4, 0, 78639
2026/09/14 07:47:57.784, 5, 0, 78639
2026/09/14 07:47:58.284, 4, 0, 78639
2026/09/14 07:47:58.284, 5, 0, 78639
2026/09/14 07:47:58.784, 4, 0, 78639
2026/09/14 07:47:58.784, 5, 12, 78639
2026/09/14 07:47:59.284, 4, 0, 78639
2026/09/14 07:47:59.284, 5, 0, 78639
2026/09/14 07:47:59.784, 4, 6, 78639
2026/09/14 07:47:59.785, 5, 6, 78639
2026/09/14 07:48:00.286, 4, 3, 78639
2026/09/14 07:48:00.286, 5, 3, 78639
2026/09/14 07:48:00.786, 4, 1, 78639
2026/09/14 07:48:00.786, 5, 12, 78639
2026/09/14 07:48:01.286, 4, 0, 78639
2026/09/14 07:48:01.286, 5, 0, 78639
2026/09/14 07:48:01.787, 4, 6, 78639
2026/09/14 07:48:01.787, 5, 6, 78639
2026/09/14 07:48:02.287, 4, 3, 78639
2026/09/14 07:48:02.287, 5, 21, 78639
2026/09/14 07:48:02.787, 4, 29, 78639
2026/09/14 07:48:02.788, 5, 30, 78639
2026/09/14 07:48:03.289, 4, 30, 78639
2026/09/14 07:48:03.290, 5, 30, 78639
2026/09/14 07:48:03.790, 4, 0, 78639
2026/09/14 07:48:03.790, 5, 0, 78639
2026/09/14 07:48:04.290, 4, 0, 78639
2026/09/14 07:48:04.292, 5, 0, 78639
2026/09/14 07:48:04.792, 4, 0, 78639
2026/09/14 07:48:04.792, 5, 0, 78639
2026/09/14 07:48:05.293, 4, 0, 78639
2026/09/14 07:48:05.293, 5, 0, 78639
2026/09/14 07:48:05.793, 4, 0, 78639
2026/09/14 07:48:05.793, 5, 0, 78639
2026/09/14 07:48:06.293, 4, 0, 78639
2026/09/14 07:48:06.293, 5, 0, 78639
2026/09/14 07:48:06.793, 4, 0, 78639
2026/09/14 07:48:06.793, 5, 0, 78639
2026/09/14 07:48:07.293, 4, 0, 78639
2026/09/14 07:48:07.293, 5, 0, 78639
2026/09/14 07:48:07.793, 4, 0, 78639
2026/09/14 07:48:07.794, 5, 0, 78639
2026/09/14 07:48:08.294, 4, 0, 78639
2026/09/14 07:48:08.294, 5, 0, 78639
2026/09/14 07:48:08.795, 4, 0, 78639
2026/09/14 07:48:08.795, 5, 0, 78639
2026/09/14 07:48:09.295, 4, 0, 78639
2026/09/14 07:48:09.296, 5, 0, 78639
2026/09/14 07:48:09.796, 4, 0, 78639
2026/09/14 07:48:09.796, 5, 0, 78639
2026/09/14 07:48:10.296, 4, 0, 78639
2026/09/14 07:48:10.296, 5, 0, 78639
2026/09/14 07:48:10.796, 4, 0, 78639
2026/09/14 07:48:10.796, 5, 0, 78639
2026/09/14 07:48:11.296, 4, 0, 78639
2026/09/14 07:48:11.297, 5, 0, 78639
2026/09/14 07:48:11.797, 4, 0, 78639
2026/09/14 07:48:11.797, 5, 0, 78639
2026/09/14 07:48:12.297, 4, 0, 78639
2026/09/14 07:48:12.297, 5, 0, 78639
2026/09/14 07:48:12.797, 4, 0, 78639
2026/09/14 07:48:12.797, 5, 0, 78639
2026/09/14 07:48:13.297, 4, 0, 78639
2026/09/14 07:48:13.297, 5, 0, 78639
2026/09/14 07:48:13.797, 4, 0, 78639
2026/09/14 07:48:13.798, 5, 0, 78639
2026/09/14 07:48:14.299, 4, 0, 78639
2026/09/14 07:48:14.299, 5, 0, 78639
2026/09/14 07:48:14.799, 4, 0, 78639
2026/09/14 07:48:14.799, 5, 0, 78639
2026/09/14 07:48:15.299, 4, 0, 78639
2026/09/14 07:48:15.299, 5, 0, 78639
2026/09/14 07:48:15.800, 4, 0, 78639
2026/09/14 07:48:15.800, 5, 0, 78639
2026/09/14 07:48:16.300, 4, 0, 78639
2026/09/14 07:48:16.300, 5, 0, 78639
2026/09/14 07:48:16.800, 4, 0, 78639
2026/09/14 07:48:16.800, 5, 0, 78639
2026/09/14 07:48:17.300, 4, 0, 78639
2026/09/14 07:48:17.320, 5, 0, 78639
2026/09/14 07:48:17.820, 4, 0, 78639
2026/09/14 07:48:17.820, 5, 0, 78639
2026/09/14 07:48:18.320, 4, 0, 78639
2026/09/14 07:48:18.320, 5, 0, 78639
2026/09/14 07:48:18.820, 4, 0, 78639
2026/09/14 07:48:18.820, 5, 0, 78639
2026/09/14 07:48:19.321, 4, 0, 78639
2026/09/14 07:48:19.322, 5, 0, 78639
2026/09/14 07:48:19.825, 4, 18, 78639
2026/09/14 07:48:19.825, 5, 0, 78639
2026/09/14 07:48:20.325, 4, 6, 78639
2026/09/14 07:48:20.326, 5, 11, 78639
2026/09/14 07:48:20.826, 4, 0, 78639
2026/09/14 07:48:20.826, 5, 0, 78639
2026/09/14 07:48:21.326, 4, 0, 78639
2026/09/14 07:48:21.326, 5, 0, 78639
2026/09/14 07:48:21.826, 4, 0, 78639
2026/09/14 07:48:21.828, 5, 0, 78639
2026/09/14 07:48:22.330, 4, 0, 78639
2026/09/14 07:48:22.330, 5, 0, 78639
2026/09/14 07:48:22.830, 4, 0, 78639
2026/09/14 07:48:22.831, 5, 0, 78639
2026/09/14 07:48:23.331, 4, 0, 78639
2026/09/14 07:48:23.331, 5, 0, 78639
2026/09/14 07:48:23.831, 4, 0, 78639
2026/09/14 07:48:23.831, 5, 0, 78639
2026/09/14 07:48:24.331, 4, 0, 78639
2026/09/14 07:48:24.331, 5, 0, 78639
2026/09/14 07:48:24.831, 4, 0, 78639
2026/09/14 07:48:24.832, 5, 0, 78639
2026/09/14 07:48:25.336, 4, 0, 78639
2026/09/14 07:48:25.336, 5, 0, 78639
2026/09/14 07:48:25.836, 4, 0, 78639
2026/09/14 07:48:25.838, 5, 0, 78639
2026/09/14 07:48:26.338, 4, 0, 78639
2026/09/14 07:48:26.338, 5, 0, 78639
2026/09/14 07:48:26.838, 4, 0, 78639
2026/09/14 07:48:26.839, 5, 0, 78639
2026/09/14 07:48:27.339, 4, 0, 78639
2026/09/14 07:48:27.339, 5, 0, 78639
2026/09/14 07:48:27.839, 4, 0, 78639
2026/09/14 07:48:27.839, 5, 0, 78639
2026/09/14 07:48:28.339, 4, 7, 78639
2026/09/14 07:48:28.339, 5, 0, 78639
2026/09/14 07:48:28.840, 4, 0, 78639
2026/09/14 07:48:28.840, 5, 0, 78639
2026/09/14 07:48:29.340, 4, 0, 78639
2026/09/14 07:48:29.340, 5, 0, 78639
2026/09/14 07:48:29.840, 4, 0, 78639
2026/09/14 07:48:29.840, 5, 0, 78639
2026/09/14 07:48:30.340, 4, 0, 78639
2026/09/14 07:48:30.340, 5, 0, 78639
2026/09/14 07:48:30.841, 4, 1, 78639
2026/09/14 07:48:30.841, 5, 0, 78639
2026/09/14 07:48:31.341, 4, 0, 78639
2026/09/14 07:48:31.341, 5, 0, 78639
2026/09/14 07:48:31.841, 4, 9, 78639
2026/09/14 07:48:31.841, 5, 0, 78639
2026/09/14 07:48:32.341, 4, 0, 78639
2026/09/14 07:48:32.341, 5, 0, 78639
2026/09/14 07:48:32.841, 4, 0, 78639
2026/09/14 07:48:32.841, 5, 0, 78639
2026/09/14 07:48:33.342, 4, 4, 78639
2026/09/14 07:48:33.342, 5, 1, 78639
2026/09/14 07:48:33.842, 4, 99, 78639
2026/09/14 07:48:33.842, 5, 100, 78639
2026/09/14 07:48:34.342, 4, 100, 78639
2026/09/14 07:48:34.342, 5, 100, 78639
2026/09/14 07:48:34.842, 4, 100, 78639
2026/09/14 07:48:34.842, 5, 90, 78639
2026/09/14 07:48:35.342, 4, 99, 78639
2026/09/14 07:48:35.342, 5, 99, 78639
2026/09/14 07:48:35.842, 4, 100, 78639
2026/09/14 07:48:35.843, 5, 100, 78639
2026/09/14 07:48:36.343, 4, 86, 78639
2026/09/14 07:48:36.343, 5, 100, 78639
2026/09/14 07:48:36.843, 4, 99, 78639
2026/09/14 07:48:36.843, 5, 100, 78639
2026/09/14 07:48:37.343, 4, 100, 78639
2026/09/14 07:48:37.343, 5, 100, 78639
2026/09/14 07:48:37.843, 4, 100, 78639
2026/09/14 07:48:37.844, 5, 97, 78639
2026/09/14 07:48:38.345, 4, 99, 78639
2026/09/14 07:48:38.345, 5, 99, 78639
2026/09/14 07:48:38.845, 4, 100, 78639
2026/09/14 07:48:38.845, 5, 100, 78639
2026/09/14 07:48:39.345, 4, 100, 78639
2026/09/14 07:48:39.345, 5, 100, 78639
2026/09/14 07:48:39.845, 4, 99, 78639
2026/09/14 07:48:39.845, 5, 99, 78639
2026/09/14 07:48:40.346, 4, 100, 78639
2026/09/14 07:48:40.346, 5, 100, 78639
2026/09/14 07:48:40.846, 4, 100, 78639
2026/09/14 07:48:40.847, 5, 100, 78639
2026/09/14 07:48:41.347, 4, 99, 78639
2026/09/14 07:48:41.347, 5, 99, 78639
2026/09/14 07:48:41.847, 4, 100, 78639
2026/09/14 07:48:41.847, 5, 100, 78639
2026/09/14 07:48:42.347, 4, 100, 78639
2026/09/14 07:48:42.347, 5, 100, 78639
2026/09/14 07:48:42.847, 4, 99, 78639
2026/09/14 07:48:42.860, 5, 99, 78639
2026/09/14 07:48:43.360, 4, 100, 78639
2026/09/14 07:48:43.360, 5, 100, 78639
2026/09/14 07:48:43.861, 4, 100, 78639
2026/09/14 07:48:43.861, 5, 100, 78639
2026/09/14 07:48:44.361, 4, 99, 78639
2026/09/14 07:48:44.361, 5, 81, 78639
2026/09/14 07:48:44.861, 4, 100, 78639
2026/09/14 07:48:44.861, 5, 100, 78639
2026/09/14 07:48:45.361, 4, 100, 78639
2026/09/14 07:48:45.361, 5, 100, 78639
2026/09/14 07:48:45.861, 4, 71, 78639
2026/09/14 07:48:45.863, 5, 99, 78639
2026/09/14 07:48:46.363, 4, 100, 78639
2026/09/14 07:48:46.363, 5, 100, 78639
2026/09/14 07:48:46.864, 4, 100, 78639
2026/09/14 07:48:46.864, 5, 100, 78639
2026/09/14 07:48:47.364, 4, 92, 78639
2026/09/14 07:48:47.364, 5, 91, 78639
2026/09/14 07:48:47.864, 4, 99, 78639
2026/09/14 07:48:47.864, 5, 100, 78639
2026/09/14 07:48:48.364, 4, 100, 78639
2026/09/14 07:48:48.364, 5, 100, 78639
2026/09/14 07:48:48.865, 4, 100, 78639
2026/09/14 07:48:48.865, 5, 78, 78639
2026/09/14 07:48:49.365, 4, 99, 78639
2026/09/14 07:48:49.385, 5, 99, 78639
2026/09/14 07:48:49.886, 4, 100, 78639
2026/09/14 07:48:49.886, 5, 100, 78639
2026/09/14 07:48:50.386, 4, 100, 78639
2026/09/14 07:48:50.386, 5, 100, 78639
2026/09/14 07:48:50.886, 4, 99, 78639
2026/09/14 07:48:50.886, 5, 99, 78639
2026/09/14 07:48:51.386, 4, 100, 78639
2026/09/14 07:48:51.387, 5, 100, 78639
2026/09/14 07:48:51.887, 4, 100, 78639
2026/09/14 07:48:51.887, 5, 100, 78639
2026/09/14 07:48:52.389, 4, 99, 78639
2026/09/14 07:48:52.389, 5, 99, 78639
2026/09/14 07:48:52.889, 4, 100, 78639
2026/09/14 07:48:52.889, 5, 100, 78639
2026/09/14 07:48:53.389, 4, 100, 78639
2026/09/14 07:48:53.389, 5, 100, 78639
2026/09/14 07:48:53.889, 4, 99, 78639
2026/09/14 07:48:53.889, 5, 99, 78639
2026/09/14 07:48:54.389, 4, 100, 78639
2026/09/14 07:48:54.390, 5, 100, 78639
2026/09/14 07:48:54.890, 4, 100, 78639
2026/09/14 07:48:54.890, 5, 100, 78639
2026/09/14 07:48:55.390, 4, 99, 78639
2026/09/14 07:48:55.390, 5, 99, 78639
2026/09/14 07:48:55.890, 4, 100, 78639
2026/09/14 07:48:55.890, 5, 100, 78639
2026/09/14 07:48:56.391, 4, 100, 78639
2026/09/14 07:48:56.391, 5, 100, 78639
2026/09/14 07:48:56.892, 4, 74, 78639
2026/09/14 07:48:56.892, 5, 99, 78639
2026/09/14 07:48:57.392, 4, 100, 78639
2026/09/14 07:48:57.392, 5, 100, 78639
2026/09/14 07:48:57.893, 4, 100, 78639
2026/09/14 07:48:57.893, 5, 100, 78639
2026/09/14 07:48:58.393, 4, 99, 78639
2026/09/14 07:48:58.393, 5, 71, 78639
2026/09/14 07:48:58.893, 4, 100, 78639
2026/09/14 07:48:58.893, 5, 100, 78639
2026/09/14 07:48:59.394, 4, 100, 78639
2026/09/14 07:48:59.394, 5, 100, 78639
2026/09/14 07:48:59.894, 4, 91, 78639
2026/09/14 07:48:59.894, 5, 99, 78639
2026/09/14 07:49:00.394, 4, 100, 78639
2026/09/14 07:49:00.394, 5, 100, 78639
2026/09/14 07:49:00.894, 4, 100, 78639
2026/09/14 07:49:00.895, 5, 100, 78639
2026/09/14 07:49:01.395, 4, 86, 78639
2026/09/14 07:49:01.395, 5, 74, 78639
2026/09/14 07:49:01.895, 4, 100, 78639
2026/09/14 07:49:01.895, 5, 100, 78639
2026/09/14 07:49:02.395, 4, 100, 78639
2026/09/14 07:49:02.396, 5, 100, 78639
2026/09/14 07:49:02.896, 4, 58, 78639
2026/09/14 07:49:02.896, 5, 59, 78639
2026/09/14 07:49:03.396, 4, 100, 78639
2026/09/14 07:49:03.396, 5, 99, 78639
2026/09/14 07:49:03.896, 4, 100, 78639
2026/09/14 07:49:03.896, 5, 100, 78639
2026/09/14 07:49:04.396, 4, 72, 78639
2026/09/14 07:49:04.396, 5, 81, 78639
2026/09/14 07:49:04.896, 4, 99, 78639
2026/09/14 07:49:04.907, 5, 100, 78639
2026/09/14 07:49:05.409, 4, 100, 78639
2026/09/14 07:49:05.409, 5, 100, 78639
2026/09/14 07:49:05.909, 4, 100, 78639
2026/09/14 07:49:05.909, 5, 91, 78639
2026/09/14 07:49:06.409, 4, 100, 78639
2026/09/14 07:49:06.411, 5, 99, 78639
2026/09/14 07:49:06.916, 4, 100, 78639
2026/09/14 07:49:06.916, 5, 100, 78639
2026/09/14 07:49:07.416, 4, 74, 78639
2026/09/14 07:49:07.416, 5, 100, 78639
2026/09/14 07:49:07.916, 4, 100, 78639
2026/09/14 07:49:07.916, 5, 100, 78639
2026/09/14 07:49:08.416, 4, 100, 78639
2026/09/14 07:49:08.417, 5, 100, 78639
2026/09/14 07:49:08.918, 4, 55, 78639
2026/09/14 07:49:08.918, 5, 69, 78639
2026/09/14 07:49:09.418, 4, 99, 78639
2026/09/14 07:49:09.418, 5, 99, 78639
2026/09/14 07:49:09.919, 4, 100, 78639
2026/09/14 07:49:09.919, 5, 100, 78639
2026/09/14 07:49:10.419, 4, 100, 78639
2026/09/14 07:49:10.419, 5, 100, 78639
2026/09/14 07:49:10.919, 4, 99, 78639
2026/09/14 07:49:10.919, 5, 99, 78639
2026/09/14 07:49:11.419, 4, 100, 78639
2026/09/14 07:49:11.419, 5, 100, 78639
2026/09/14 07:49:11.920, 4, 92, 78639
2026/09/14 07:49:11.920, 5, 100, 78639
2026/09/14 07:49:12.420, 4, 99, 78639
2026/09/14 07:49:12.420, 5, 99, 78639
2026/09/14 07:49:12.921, 4, 100, 78639
2026/09/14 07:49:12.921, 5, 100, 78639
2026/09/14 07:49:13.422, 4, 100, 78639
2026/09/14 07:49:13.424, 5, 100, 78639
2026/09/14 07:49:13.924, 4, 99, 78639
2026/09/14 07:49:13.924, 5, 99, 78639
2026/09/14 07:49:14.424, 4, 100, 78639
2026/09/14 07:49:14.424, 5, 100, 78639
2026/09/14 07:49:14.924, 4, 100, 78639
2026/09/14 07:49:14.924, 5, 100, 78639
2026/09/14 07:49:15.424, 4, 99, 78639
2026/09/14 07:49:15.425, 5, 99, 78639
2026/09/14 07:49:15.925, 4, 100, 78639
2026/09/14 07:49:15.925, 5, 100, 78639
2026/09/14 07:49:16.425, 4, 100, 78639
2026/09/14 07:49:16.425, 5, 100, 78639
2026/09/14 07:49:16.925, 4, 99, 78639
2026/09/14 07:49:16.925, 5, 99, 78639
2026/09/14 07:49:17.425, 4, 100, 78639
2026/09/14 07:49:17.425, 5, 100, 78639
2026/09/14 07:49:17.926, 4, 100, 78639
2026/09/14 07:49:17.926, 5, 100, 78639
2026/09/14 07:49:18.426, 4, 99, 78639
2026/09/14 07:49:18.426, 5, 94, 78639
2026/09/14 07:49:18.926, 4, 100, 78639
2026/09/14 07:49:18.926, 5, 100, 78639
2026/09/14 07:49:19.426, 4, 100, 78639
2026/09/14 07:49:19.426, 5, 100, 78639
2026/09/14 07:49:19.926, 4, 99, 78639
2026/09/14 07:49:19.927, 5, 99, 78639
2026/09/14 07:49:20.427, 4, 100, 78639
2026/09/14 07:49:20.427, 5, 100, 78639
2026/09/14 07:49:20.927, 4, 100, 78639
2026/09/14 07:49:20.927, 5, 100, 78639
2026/09/14 07:49:21.427, 4, 80, 78639
2026/09/14 07:49:21.427, 5, 56, 78639
2026/09/14 07:49:21.927, 4, 100, 78639
2026/09/14 07:49:21.927, 5, 100, 78639
2026/09/14 07:49:22.427, 4, 100, 78639
2026/09/14 07:49:22.428, 5, 100, 78639
2026/09/14 07:49:22.928, 4, 99, 78639
2026/09/14 07:49:22.928, 5, 71, 78639
2026/09/14 07:49:23.428, 4, 100, 78639
2026/09/14 07:49:23.428, 5, 100, 78639
2026/09/14 07:49:23.928, 4, 100, 78639
2026/09/14 07:49:23.929, 5, 100, 78639
2026/09/14 07:49:24.430, 4, 100, 78639
2026/09/14 07:49:24.430, 5, 100, 78639
2026/09/14 07:49:24.930, 4, 99, 78639
2026/09/14 07:49:24.930, 5, 99, 78639
2026/09/14 07:49:25.431, 4, 100, 78639
2026/09/14 07:49:25.431, 5, 100, 78639
2026/09/14 07:49:25.931, 4, 82, 78639
2026/09/14 07:49:25.931, 5, 100, 78639
2026/09/14 07:49:26.431, 4, 99, 78639
2026/09/14 07:49:26.431, 5, 99, 78639
2026/09/14 07:49:26.931, 4, 100, 78639
2026/09/14 07:49:26.931, 5, 100, 78639
2026/09/14 07:49:27.431, 4, 100, 78639
2026/09/14 07:49:27.432, 5, 100, 78639
2026/09/14 07:49:27.932, 4, 99, 78639
2026/09/14 07:49:27.934, 5, 99, 78639
2026/09/14 07:49:28.439, 4, 100, 78639
2026/09/14 07:49:28.439, 5, 100, 78639
2026/09/14 07:49:28.940, 4, 100, 78639
2026/09/14 07:49:28.940, 5, 100, 78639
2026/09/14 07:49:29.440, 4, 99, 78639
2026/09/14 07:49:29.440, 5, 99, 78639
2026/09/14 07:49:29.940, 4, 100, 78639
2026/09/14 07:49:29.940, 5, 100, 78639
2026/09/14 07:49:30.440, 4, 100, 78639
2026/09/14 07:49:30.440, 5, 100, 78639
2026/09/14 07:49:30.940, 4, 99, 78639
2026/09/14 07:49:30.940, 5, 99, 78639
2026/09/14 07:49:31.441, 4, 100, 78639
2026/09/14 07:49:31.441, 5, 100, 78639
2026/09/14 07:49:31.941, 4, 100, 78639
2026/09/14 07:49:31.941, 5, 100, 78639
2026/09/14 07:49:32.441, 4, 99, 78639
2026/09/14 07:49:32.443, 5, 99, 78639
2026/09/14 07:49:32.944, 4, 100, 78639
2026/09/14 07:49:32.944, 5, 100, 78639
2026/09/14 07:49:33.444, 4, 100, 78639
2026/09/14 07:49:33.445, 5, 100, 78639
2026/09/14 07:49:33.945, 4, 99, 78639
2026/09/14 07:49:33.945, 5, 90, 78639
2026/09/14 07:49:34.445, 4, 100, 78639
2026/09/14 07:49:34.445, 5, 100, 78639
2026/09/14 07:49:34.945, 4, 100, 78639
2026/09/14 07:49:34.946, 5, 100, 78639
2026/09/14 07:49:35.446, 4, 71, 78639
2026/09/14 07:49:35.446, 5, 99, 78639
2026/09/14 07:49:35.946, 4, 100, 78639
2026/09/14 07:49:35.947, 5, 100, 78639
2026/09/14 07:49:36.450, 4, 100, 78639
2026/09/14 07:49:36.451, 5, 100, 78639
2026/09/14 07:49:36.952, 4, 99, 78639
2026/09/14 07:49:36.952, 5, 91, 78639
2026/09/14 07:49:37.452, 4, 100, 78639
2026/09/14 07:49:37.453, 5, 100, 78639
2026/09/14 07:49:37.953, 4, 100, 78639
2026/09/14 07:49:37.953, 5, 100, 78639
2026/09/14 07:49:38.454, 4, 74, 78639
2026/09/14 07:49:38.454, 5, 96, 78639
2026/09/14 07:49:38.954, 4, 100, 78639
2026/09/14 07:49:38.954, 5, 100, 78639
2026/09/14 07:49:39.454, 4, 100, 78639
2026/09/14 07:49:39.454, 5, 100, 78639
2026/09/14 07:49:39.954, 4, 58, 78639
2026/09/14 07:49:39.954, 5, 58, 78639
2026/09/14 07:49:40.493, 4, 99, 78639
2026/09/14 07:49:40.493, 5, 100, 78639
2026/09/14 07:49:40.993, 4, 100, 78639
2026/09/14 07:49:40.993, 5, 100, 78639
2026/09/14 07:49:41.493, 4, 85, 78639
2026/09/14 07:49:41.493, 5, 72, 78639
2026/09/14 07:49:41.993, 4, 100, 78639
2026/09/14 07:49:41.994, 5, 100, 78639
2026/09/14 07:49:42.494, 4, 100, 78639
2026/09/14 07:49:42.494, 5, 100, 78639
2026/09/14 07:49:42.994, 4, 91, 78639
2026/09/14 07:49:42.994, 5, 98, 78639
2026/09/14 07:49:43.494, 4, 99, 78639
2026/09/14 07:49:43.495, 5, 100, 78639
2026/09/14 07:49:43.995, 4, 100, 78639
2026/09/14 07:49:43.995, 5, 100, 78639
2026/09/14 07:49:44.495, 4, 100, 78639
2026/09/14 07:49:44.495, 5, 74, 78639
2026/09/14 07:49:44.996, 4, 100, 78639
2026/09/14 07:49:44.996, 5, 99, 78639
2026/09/14 07:49:45.496, 4, 100, 78639
2026/09/14 07:49:45.497, 5, 100, 78639
2026/09/14 07:49:45.997, 4, 78, 78639
2026/09/14 07:49:45.997, 5, 100, 78639
2026/09/14 07:49:46.497, 4, 99, 78639
2026/09/14 07:49:46.498, 5, 99, 78639
2026/09/14 07:49:46.998, 4, 100, 78639
2026/09/14 07:49:46.998, 5, 100, 78639
2026/09/14 07:49:47.498, 4, 100, 78639
2026/09/14 07:49:47.498, 5, 100, 78639
2026/09/14 07:49:47.998, 4, 99, 78639
2026/09/14 07:49:47.998, 5, 99, 78639
2026/09/14 07:49:48.498, 4, 100, 78639
2026/09/14 07:49:48.498, 5, 100, 78639
2026/09/14 07:49:48.999, 4, 100, 78639
2026/09/14 07:49:48.999, 5, 100, 78639
2026/09/14 07:49:49.499, 4, 99, 78639
2026/09/14 07:49:49.499, 5, 99, 78639
2026/09/14 07:49:49.999, 4, 100, 78639
2026/09/14 07:49:49.999, 5, 100, 78639
2026/09/14 07:49:50.499, 4, 100, 78639
2026/09/14 07:49:50.500, 5, 100, 78639
2026/09/14 07:49:51.000, 4, 99, 78639
2026/09/14 07:49:51.000, 5, 99, 78639
2026/09/14 07:49:51.501, 4, 100, 78639
2026/09/14 07:49:51.501, 5, 100, 78639
2026/09/14 07:49:52.001, 4, 100, 78639
2026/09/14 07:49:52.001, 5, 100, 78639
2026/09/14 07:49:52.501, 4, 88, 78639
2026/09/14 07:49:52.501, 5, 99, 78639
2026/09/14 07:49:53.002, 4, 100, 78639
2026/09/14 07:49:53.002, 5, 100, 78639
2026/09/14 07:49:53.502, 4, 100, 78639
2026/09/14 07:49:53.502, 5, 100, 78639
2026/09/14 07:49:54.002, 4, 99, 78639
2026/09/14 07:49:54.002, 5, 72, 78639
2026/09/14 07:49:54.502, 4, 99, 78639
2026/09/14 07:49:54.502, 5, 100, 78639
2026/09/14 07:49:55.003, 4, 100, 78639
2026/09/14 07:49:55.003, 5, 100, 78639
2026/09/14 07:49:55.503, 4, 100, 78639
2026/09/14 07:49:55.503, 5, 99, 78639
2026/09/14 07:49:56.003, 4, 99, 78639
2026/09/14 07:49:56.004, 5, 100, 78639
2026/09/14 07:49:56.505, 4, 100, 78639
2026/09/14 07:49:56.505, 5, 100, 78639
2026/09/14 07:49:57.005, 4, 88, 78639
2026/09/14 07:49:57.005, 5, 75, 78639
2026/09/14 07:49:57.505, 4, 99, 78639
2026/09/14 07:49:57.505, 5, 100, 78639
2026/09/14 07:49:58.005, 4, 100, 78639
2026/09/14 07:49:58.006, 5, 100, 78639
2026/09/14 07:49:58.506, 4, 100, 78639
2026/09/14 07:49:58.506, 5, 58, 78639
2026/09/14 07:49:59.006, 4, 99, 78639
2026/09/14 07:49:59.006, 5, 99, 78639
2026/09/14 07:49:59.506, 4, 100, 78639
2026/09/14 07:49:59.506, 5, 100, 78639
2026/09/14 07:50:00.007, 4, 100, 78639
2026/09/14 07:50:00.007, 5, 100, 78639
2026/09/14 07:50:00.507, 4, 99, 78639
2026/09/14 07:50:00.507, 5, 100, 78639
2026/09/14 07:50:01.007, 4, 100, 78639
2026/09/14 07:50:01.007, 5, 100, 78639
2026/09/14 07:50:01.507, 4, 100, 78639
2026/09/14 07:50:01.507, 5, 100, 78639
2026/09/14 07:50:02.008, 4, 99, 78639
2026/09/14 07:50:02.008, 5, 99, 78639
2026/09/14 07:50:02.508, 4, 100, 78639
2026/09/14 07:50:02.508, 5, 100, 78639
2026/09/14 07:50:03.008, 4, 100, 78639
2026/09/14 07:50:03.008, 5, 100, 78639
2026/09/14 07:50:03.508, 4, 94, 78639
2026/09/14 07:50:03.508, 5, 99, 78639
2026/09/14 07:50:04.008, 4, 100, 78639
2026/09/14 07:50:04.008, 5, 100, 78639
2026/09/14 07:50:04.508, 4, 100, 78639
2026/09/14 07:50:04.510, 5, 100, 78639
2026/09/14 07:50:05.011, 4, 99, 78639
2026/09/14 07:50:05.011, 5, 56, 78639
2026/09/14 07:50:05.511, 4, 100, 78639
2026/09/14 07:50:05.511, 5, 100, 78639
2026/09/14 07:50:06.011, 4, 100, 78639
2026/09/14 07:50:06.012, 5, 100, 78639
2026/09/14 07:50:06.512, 4, 71, 78639
2026/09/14 07:50:06.512, 5, 71, 78639
2026/09/14 07:50:07.012, 4, 100, 78639
2026/09/14 07:50:07.013, 5, 100, 78639
2026/09/14 07:50:07.513, 4, 100, 78639
2026/09/14 07:50:07.513, 5, 100, 78639
2026/09/14 07:50:08.013, 4, 91, 78639
2026/09/14 07:50:08.013, 5, 91, 78639
2026/09/14 07:50:08.513, 4, 100, 78639
2026/09/14 07:50:08.513, 5, 100, 78639
2026/09/14 07:50:09.013, 4, 100, 78639
2026/09/14 07:50:09.013, 5, 100, 78639
2026/09/14 07:50:09.513, 4, 76, 78639
2026/09/14 07:50:09.513, 5, 75, 78639
2026/09/14 07:50:10.017, 4, 100, 78639
2026/09/14 07:50:10.017, 5, 100, 78639
2026/09/14 07:50:10.517, 4, 100, 78639
2026/09/14 07:50:10.518, 5, 100, 78639
2026/09/14 07:50:11.018, 4, 58, 78639
2026/09/14 07:50:11.018, 5, 100, 78639
2026/09/14 07:50:11.518, 4, 99, 78639
2026/09/14 07:50:11.518, 5, 100, 78639
2026/09/14 07:50:12.018, 4, 100, 78639
2026/09/14 07:50:12.018, 5, 100, 78639
2026/09/14 07:50:12.518, 4, 71, 78639
2026/09/14 07:50:12.518, 5, 94, 78639
2026/09/14 07:50:13.018, 4, 99, 78639
2026/09/14 07:50:13.019, 5, 99, 78639
2026/09/14 07:50:13.519, 4, 100, 78639
2026/09/14 07:50:13.519, 5, 100, 78639
2026/09/14 07:50:14.019, 4, 100, 78639
2026/09/14 07:50:14.019, 5, 100, 78639
2026/09/14 07:50:14.519, 4, 99, 78639
2026/09/14 07:50:14.521, 5, 99, 78639
2026/09/14 07:50:15.021, 4, 100, 78639
2026/09/14 07:50:15.021, 5, 100, 78639
2026/09/14 07:50:15.521, 4, 74, 78639
2026/09/14 07:50:15.521, 5, 100, 78639
2026/09/14 07:50:16.022, 4, 99, 78639
2026/09/14 07:50:16.022, 5, 99, 78639
2026/09/14 07:50:16.522, 4, 100, 78639
2026/09/14 07:50:16.522, 5, 100, 78639
2026/09/14 07:50:17.022, 4, 100, 78639
2026/09/14 07:50:17.022, 5, 100, 78639
2026/09/14 07:50:17.522, 4, 99, 78639
2026/09/14 07:50:17.522, 5, 99, 78639
2026/09/14 07:50:18.022, 4, 100, 78639
2026/09/14 07:50:18.022, 5, 100, 78639
2026/09/14 07:50:18.523, 4, 100, 78639
2026/09/14 07:50:18.523, 5, 100, 78639
2026/09/14 07:50:19.023, 4, 99, 78639
2026/09/14 07:50:19.023, 5, 77, 78639
2026/09/14 07:50:19.523, 4, 100, 78639
2026/09/14 07:50:19.523, 5, 100, 78639
2026/09/14 07:50:20.023, 4, 100, 78639
2026/09/14 07:50:20.023, 5, 100, 78639
2026/09/14 07:50:20.523, 4, 99, 78639
2026/09/14 07:50:20.524, 5, 99, 78639
2026/09/14 07:50:21.024, 4, 100, 78639
2026/09/14 07:50:21.024, 5, 100, 78639
2026/09/14 07:50:21.524, 4, 100, 78639
2026/09/14 07:50:21.524, 5, 100, 78639
2026/09/14 07:50:22.024, 4, 99, 78639
2026/09/14 07:50:22.024, 5, 72, 78639
2026/09/14 07:50:22.524, 4, 100, 78639
2026/09/14 07:50:22.524, 5, 100, 78639
2026/09/14 07:50:23.025, 4, 100, 78639
2026/09/14 07:50:23.025, 5, 100, 78639
2026/09/14 07:50:23.525, 4, 57, 78639
2026/09/14 07:50:23.525, 5, 57, 78639
2026/09/14 07:50:24.025, 4, 99, 78639
2026/09/14 07:50:24.025, 5, 100, 78639
2026/09/14 07:50:24.525, 4, 100, 78639
2026/09/14 07:50:24.525, 5, 100, 78639
2026/09/14 07:50:25.025, 4, 100, 78639
2026/09/14 07:50:25.026, 5, 94, 78639
2026/09/14 07:50:25.526, 4, 99, 78639
2026/09/14 07:50:25.526, 5, 100, 78639
2026/09/14 07:50:26.026, 4, 100, 78639
2026/09/14 07:50:26.026, 5, 100, 78639
2026/09/14 07:50:26.526, 4, 93, 78639
2026/09/14 07:50:26.526, 5, 91, 78639
2026/09/14 07:50:27.027, 4, 99, 78639
2026/09/14 07:50:27.027, 5, 99, 78639
2026/09/14 07:50:27.527, 4, 100, 78639
2026/09/14 07:50:27.528, 5, 100, 78639
2026/09/14 07:50:28.029, 4, 100, 78639
2026/09/14 07:50:28.030, 5, 100, 78639
2026/09/14 07:50:28.530, 4, 99, 78639
2026/09/14 07:50:28.530, 5, 100, 78639
2026/09/14 07:50:29.030, 4, 100, 78639
2026/09/14 07:50:29.030, 5, 100, 78639
2026/09/14 07:50:29.530, 4, 100, 78639
2026/09/14 07:50:29.530, 5, 100, 78639
2026/09/14 07:50:30.030, 4, 99, 78639
2026/09/14 07:50:30.030, 5, 99, 78639
2026/09/14 07:50:30.531, 4, 100, 78639
2026/09/14 07:50:30.531, 5, 100, 78639
2026/09/14 07:50:31.032, 4, 100, 78639
2026/09/14 07:50:31.032, 5, 100, 78639
2026/09/14 07:50:31.532, 4, 99, 78639
2026/09/14 07:50:31.532, 5, 99, 78639
2026/09/14 07:50:32.032, 4, 100, 78639
2026/09/14 07:50:32.032, 5, 100, 78639
2026/09/14 07:50:32.533, 4, 100, 78639
2026/09/14 07:50:32.533, 5, 100, 78639
2026/09/14 07:50:33.033, 4, 95, 78639
2026/09/14 07:50:33.033, 5, 99, 78639
2026/09/14 07:50:33.534, 4, 100, 78639
2026/09/14 07:50:33.534, 5, 100, 78639
2026/09/14 07:50:34.034, 4, 100, 78639
2026/09/14 07:50:34.035, 5, 100, 78639
2026/09/14 07:50:34.537, 4, 99, 78639
2026/09/14 07:50:34.537, 5, 99, 78639
2026/09/14 07:50:35.037, 4, 100, 78639
2026/09/14 07:50:35.037, 5, 100, 78639
2026/09/14 07:50:35.537, 4, 100, 78639
2026/09/14 07:50:35.537, 5, 100, 78639
2026/09/14 07:50:36.037, 4, 58, 78639
2026/09/14 07:50:36.037, 5, 58, 78639
2026/09/14 07:50:36.537, 4, 100, 78639
2026/09/14 07:50:36.538, 5, 100, 78639
2026/09/14 07:50:37.038, 4, 100, 78639
2026/09/14 07:50:37.038, 5, 100, 78639
2026/09/14 07:50:37.538, 4, 72, 78639
2026/09/14 07:50:37.539, 5, 72, 78639
2026/09/14 07:50:38.039, 4, 99, 78639
2026/09/14 07:50:38.039, 5, 100, 78639
2026/09/14 07:50:38.539, 4, 100, 78639
2026/09/14 07:50:38.539, 5, 100, 78639
2026/09/14 07:50:39.040, 4, 93, 78639
2026/09/14 07:50:39.040, 5, 91, 78639
2026/09/14 07:50:39.540, 4, 100, 78639
2026/09/14 07:50:39.541, 5, 99, 78639
2026/09/14 07:50:40.041, 4, 100, 78639
2026/09/14 07:50:40.041, 5, 100, 78639
2026/09/14 07:50:40.541, 4, 74, 78639
2026/09/14 07:50:40.541, 5, 100, 78639
2026/09/14 07:50:41.041, 4, 99, 78639
2026/09/14 07:50:41.041, 5, 99, 78639
2026/09/14 07:50:41.541, 4, 100, 78639
2026/09/14 07:50:41.541, 5, 100, 78639
2026/09/14 07:50:42.041, 4, 100, 78639
2026/09/14 07:50:42.041, 5, 100, 78639
2026/09/14 07:50:42.542, 4, 99, 78639
2026/09/14 07:50:42.542, 5, 99, 78639
2026/09/14 07:50:43.042, 4, 100, 78639
2026/09/14 07:50:43.042, 5, 100, 78639
2026/09/14 07:50:43.542, 4, 100, 78639
2026/09/14 07:50:43.543, 5, 100, 78639
2026/09/14 07:50:44.043, 4, 99, 78639
2026/09/14 07:50:44.043, 5, 72, 78639
2026/09/14 07:50:44.543, 4, 100, 78639
2026/09/14 07:50:44.543, 5, 100, 78639
2026/09/14 07:50:45.043, 4, 100, 78639
2026/09/14 07:50:45.043, 5, 100, 78639
2026/09/14 07:50:45.543, 4, 99, 78639
2026/09/14 07:50:45.543, 5, 99, 78639
2026/09/14 07:50:46.044, 4, 100, 78639
2026/09/14 07:50:46.044, 5, 100, 78639
2026/09/14 07:50:46.544, 4, 100, 78639
2026/09/14 07:50:46.545, 5, 100, 78639
2026/09/14 07:50:47.046, 4, 99, 78639
2026/09/14 07:50:47.046, 5, 70, 78639
2026/09/14 07:50:47.546, 4, 100, 78639
2026/09/14 07:50:47.546, 5, 100, 78639
2026/09/14 07:50:48.046, 4, 100, 78639
2026/09/14 07:50:48.046, 5, 100, 78639
2026/09/14 07:50:48.546, 4, 99, 78639
2026/09/14 07:50:48.546, 5, 58, 78639
2026/09/14 07:50:49.046, 4, 100, 78639
2026/09/14 07:50:49.047, 5, 100, 78639
2026/09/14 07:50:49.547, 4, 100, 78639
2026/09/14 07:50:49.547, 5, 100, 78639
2026/09/14 07:50:50.047, 4, 70, 78639
2026/09/14 07:50:50.047, 5, 100, 78639
2026/09/14 07:50:50.547, 4, 100, 78639
2026/09/14 07:50:50.550, 5, 100, 78639
2026/09/14 07:50:51.051, 4, 100, 78639
2026/09/14 07:50:51.051, 5, 100, 78639
2026/09/14 07:50:51.551, 4, 99, 78639
2026/09/14 07:50:51.551, 5, 91, 78639
2026/09/14 07:50:52.051, 4, 100, 78639
2026/09/14 07:50:52.051, 5, 99, 78639
2026/09/14 07:50:52.551, 4, 100, 78639
2026/09/14 07:50:52.551, 5, 100, 78639
2026/09/14 07:50:53.051, 4, 100, 78639
2026/09/14 07:50:53.052, 5, 100, 78639
2026/09/14 07:50:53.552, 4, 99, 78639
2026/09/14 07:50:53.552, 5, 99, 78639
2026/09/14 07:50:54.052, 4, 100, 78639
2026/09/14 07:50:54.052, 5, 100, 78639
2026/09/14 07:50:54.552, 4, 100, 78639
2026/09/14 07:50:54.552, 5, 100, 78639
2026/09/14 07:50:55.052, 4, 99, 78639
2026/09/14 07:50:55.053, 5, 99, 78639
2026/09/14 07:50:55.553, 4, 100, 78639
2026/09/14 07:50:55.553, 5, 100, 78639
2026/09/14 07:50:56.053, 4, 100, 78639
2026/09/14 07:50:56.053, 5, 100, 78639
2026/09/14 07:50:56.553, 4, 99, 78639
2026/09/14 07:50:56.553, 5, 99, 78639
2026/09/14 07:50:57.053, 4, 100, 78639
2026/09/14 07:50:57.053, 5, 100, 78639
2026/09/14 07:50:57.553, 4, 100, 78639
2026/09/14 07:50:57.554, 5, 100, 78639
2026/09/14 07:50:58.057, 4, 99, 78639
2026/09/14 07:50:58.058, 5, 99, 78639
2026/09/14 07:50:58.558, 4, 100, 78639
2026/09/14 07:50:58.558, 5, 100, 78639
2026/09/14 07:50:59.058, 4, 100, 78639
2026/09/14 07:50:59.058, 5, 100, 78639
2026/09/14 07:50:59.558, 4, 99, 78639
2026/09/14 07:50:59.558, 5, 99, 78639
2026/09/14 07:51:00.059, 4, 100, 78639
2026/09/14 07:51:00.059, 5, 100, 78639
2026/09/14 07:51:00.559, 4, 100, 78639
2026/09/14 07:51:00.559, 5, 100, 78639
2026/09/14 07:51:01.059, 4, 59, 78639
2026/09/14 07:51:01.059, 5, 99, 78639
2026/09/14 07:51:01.559, 4, 100, 78639
2026/09/14 07:51:01.559, 5, 100, 78639
2026/09/14 07:51:02.059, 4, 100, 78639
2026/09/14 07:51:02.059, 5, 100, 78639
2026/09/14 07:51:02.559, 4, 71, 78639
2026/09/14 07:51:02.560, 5, 71, 78639
2026/09/14 07:51:03.060, 4, 99, 78639
2026/09/14 07:51:03.060, 5, 100, 78639
2026/09/14 07:51:03.560, 4, 100, 78639
2026/09/14 07:51:03.560, 5, 100, 78639
2026/09/14 07:51:04.060, 4, 92, 78639
2026/09/14 07:51:04.062, 5, 99, 78639
2026/09/14 07:51:04.562, 4, 100, 78639
2026/09/14 07:51:04.562, 5, 100, 78639
2026/09/14 07:51:05.062, 4, 100, 78639
2026/09/14 07:51:05.063, 5, 100, 78639
2026/09/14 07:51:05.563, 4, 74, 78639
2026/09/14 07:51:05.563, 5, 74, 78639
2026/09/14 07:51:06.063, 4, 99, 78639
2026/09/14 07:51:06.063, 5, 100, 78639
2026/09/14 07:51:06.563, 4, 100, 78639
2026/09/14 07:51:06.564, 5, 100, 78639
2026/09/14 07:51:07.064, 4, 100, 78639
2026/09/14 07:51:07.064, 5, 58, 78639
2026/09/14 07:51:07.564, 4, 99, 78639
2026/09/14 07:51:07.564, 5, 99, 78639
2026/09/14 07:51:08.064, 4, 100, 78639
2026/09/14 07:51:08.064, 5, 100, 78639
2026/09/14 07:51:08.564, 4, 100, 78639
2026/09/14 07:51:08.564, 5, 100, 78639
2026/09/14 07:51:09.064, 4, 99, 78639
2026/09/14 07:51:09.064, 5, 100, 78639
2026/09/14 07:51:09.564, 4, 100, 78639
2026/09/14 07:51:09.565, 5, 100, 78639
2026/09/14 07:51:10.065, 4, 100, 78639
2026/09/14 07:51:10.065, 5, 95, 78639
2026/09/14 07:51:10.565, 4, 99, 78639
2026/09/14 07:51:10.565, 5, 99, 78639
2026/09/14 07:51:11.065, 4, 100, 78639
2026/09/14 07:51:11.065, 5, 100, 78639
2026/09/14 07:51:11.565, 4, 100, 78639
2026/09/14 07:51:11.565, 5, 100, 78639
2026/09/14 07:51:12.065, 4, 99, 78639
2026/09/14 07:51:12.065, 5, 99, 78639
2026/09/14 07:51:12.566, 4, 100, 78639
2026/09/14 07:51:12.566, 5, 100, 78639
2026/09/14 07:51:13.066, 4, 100, 78639
2026/09/14 07:51:13.066, 5, 100, 78639
2026/09/14 07:51:13.568, 4, 99, 78639
2026/09/14 07:51:13.568, 5, 99, 78639
2026/09/14 07:51:14.070, 4, 100, 78639
2026/09/14 07:51:14.070, 5, 100, 78639
2026/09/14 07:51:14.570, 4, 100, 78639
2026/09/14 07:51:14.570, 5, 100, 78639
2026/09/14 07:51:15.070, 4, 72, 78639
2026/09/14 07:51:15.071, 5, 99, 78639
2026/09/14 07:51:15.572, 4, 100, 78639
2026/09/14 07:51:15.572, 5, 100, 78639
2026/09/14 07:51:16.072, 4, 100, 78639
2026/09/14 07:51:16.072, 5, 100, 78639
2026/09/14 07:51:16.572, 4, 99, 78639
2026/09/14 07:51:16.572, 5, 95, 78639
2026/09/14 07:51:17.072, 4, 100, 78639
2026/09/14 07:51:17.072, 5, 100, 78639
2026/09/14 07:51:17.572, 4, 100, 78639
2026/09/14 07:51:17.573, 5, 100, 78639
2026/09/14 07:51:18.073, 4, 75, 78639
2026/09/14 07:51:18.073, 5, 76, 78639
2026/09/14 07:51:18.573, 4, 100, 78639
2026/09/14 07:51:18.573, 5, 99, 78639
2026/09/14 07:51:19.073, 4, 100, 78639
2026/09/14 07:51:19.073, 5, 100, 78639
2026/09/14 07:51:19.573, 4, 46, 78639
2026/09/14 07:51:19.573, 5, 100, 78639
2026/09/14 07:51:20.073, 4, 99, 78639
2026/09/14 07:51:20.074, 5, 99, 78639
2026/09/14 07:51:20.574, 4, 100, 78639
2026/09/14 07:51:20.574, 5, 100, 78639
2026/09/14 07:51:21.074, 4, 100, 78639
2026/09/14 07:51:21.074, 5, 100, 78639
2026/09/14 07:51:21.574, 4, 99, 78639
2026/09/14 07:51:21.574, 5, 99, 78639
2026/09/14 07:51:22.074, 4, 100, 78639
2026/09/14 07:51:22.076, 5, 100, 78639
2026/09/14 07:51:22.576, 4, 100, 78639
2026/09/14 07:51:22.576, 5, 100, 78639
2026/09/14 07:51:23.076, 4, 99, 78639
2026/09/14 07:51:23.076, 5, 99, 78639
2026/09/14 07:51:23.576, 4, 100, 78639
2026/09/14 07:51:23.577, 5, 100, 78639
2026/09/14 07:51:24.077, 4, 100, 78639
2026/09/14 07:51:24.077, 5, 100, 78639
2026/09/14 07:51:24.577, 4, 99, 78639
2026/09/14 07:51:24.577, 5, 99, 78639
2026/09/14 07:51:25.077, 4, 100, 78639
2026/09/14 07:51:25.077, 5, 100, 78639
2026/09/14 07:51:25.578, 4, 100, 78639
2026/09/14 07:51:25.578, 5, 100, 78639
2026/09/14 07:51:26.078, 4, 58, 78639
2026/09/14 07:51:26.078, 5, 99, 78639
2026/09/14 07:51:26.578, 4, 100, 78639
2026/09/14 07:51:26.578, 5, 100, 78639
2026/09/14 07:51:27.078, 4, 100, 78639
2026/09/14 07:51:27.079, 5, 100, 78639
2026/09/14 07:51:27.579, 4, 75, 78639
2026/09/14 07:51:27.579, 5, 71, 78639
2026/09/14 07:51:28.079, 4, 100, 78639
2026/09/14 07:51:28.079, 5, 100, 78639
2026/09/14 07:51:28.580, 4, 100, 78639
2026/09/14 07:51:28.580, 5, 100, 78639
2026/09/14 07:51:29.080, 4, 92, 78639
2026/09/14 07:51:29.081, 5, 97, 78639
2026/09/14 07:51:29.581, 4, 100, 78639
2026/09/14 07:51:29.582, 5, 100, 78639
2026/09/14 07:51:30.082, 4, 100, 78639
2026/09/14 07:51:30.082, 5, 100, 78639
2026/09/14 07:51:30.582, 4, 74, 78639
2026/09/14 07:51:30.583, 5, 74, 78639
2026/09/14 07:51:31.083, 4, 99, 78639
2026/09/14 07:51:31.083, 5, 100, 78639
2026/09/14 07:51:31.583, 4, 100, 78639
2026/09/14 07:51:31.584, 5, 100, 78639
2026/09/14 07:51:32.084, 4, 94, 78639
2026/09/14 07:51:32.084, 5, 30, 78639
2026/09/14 07:51:32.584, 4, 99, 78639
2026/09/14 07:51:32.585, 5, 99, 78639
2026/09/14 07:51:33.085, 4, 100, 78639
2026/09/14 07:51:33.085, 5, 100, 78639
2026/09/14 07:51:33.585, 4, 100, 78639
2026/09/14 07:51:33.585, 5, 100, 78639
2026/09/14 07:51:34.085, 4, 99, 78639
2026/09/14 07:51:34.086, 5, 99, 78639
2026/09/14 07:51:34.586, 4, 100, 78639
2026/09/14 07:51:34.586, 5, 100, 78639
2026/09/14 07:51:35.086, 4, 100, 78639
2026/09/14 07:51:35.086, 5, 100, 78639
2026/09/14 07:51:35.586, 4, 99, 78639
2026/09/14 07:51:35.586, 5, 99, 78639
2026/09/14 07:51:36.086, 4, 100, 78639
2026/09/14 07:51:36.086, 5, 100, 78639
2026/09/14 07:51:36.587, 4, 100, 78639
2026/09/14 07:51:36.587, 5, 100, 78639
2026/09/14 07:51:37.087, 4, 99, 78639
2026/09/14 07:51:37.087, 5, 99, 78639
2026/09/14 07:51:37.587, 4, 100, 78639
2026/09/14 07:51:37.587, 5, 100, 78639
2026/09/14 07:51:38.087, 4, 100, 78639
2026/09/14 07:51:38.087, 5, 100, 78639
2026/09/14 07:51:38.588, 4, 99, 78639
2026/09/14 07:51:38.588, 5, 99, 78639
2026/09/14 07:51:39.088, 4, 100, 78639
2026/09/14 07:51:39.088, 5, 100, 78639
2026/09/14 07:51:39.589, 4, 100, 78639
2026/09/14 07:51:39.589, 5, 100, 78639
2026/09/14 07:51:40.089, 4, 73, 78639
2026/09/14 07:51:40.089, 5, 99, 78639
2026/09/14 07:51:40.589, 4, 100, 78639
2026/09/14 07:51:40.589, 5, 100, 78639
2026/09/14 07:51:41.089, 4, 100, 78639
2026/09/14 07:51:41.089, 5, 100, 78639
2026/09/14 07:51:41.589, 4, 99, 78639
2026/09/14 07:51:41.589, 5, 91, 78639
2026/09/14 07:51:42.090, 4, 100, 78639
2026/09/14 07:51:42.090, 5, 100, 78639
2026/09/14 07:51:42.590, 4, 100, 78639
2026/09/14 07:51:42.590, 5, 100, 78639
2026/09/14 07:51:43.090, 4, 74, 78639
2026/09/14 07:51:43.090, 5, 99, 78639
2026/09/14 07:51:43.590, 4, 100, 78639
2026/09/14 07:51:43.590, 5, 100, 78639
2026/09/14 07:51:44.090, 4, 100, 78639
2026/09/14 07:51:44.090, 5, 100, 78639
2026/09/14 07:51:44.591, 4, 59, 78639
2026/09/14 07:51:44.591, 5, 59, 78639
2026/09/14 07:51:45.091, 4, 99, 78639
2026/09/14 07:51:45.091, 5, 100, 78639
2026/09/14 07:51:45.591, 4, 100, 78639
2026/09/14 07:51:45.591, 5, 100, 78639
2026/09/14 07:51:46.092, 4, 91, 78639
2026/09/14 07:51:46.092, 5, 72, 78639
2026/09/14 07:51:46.592, 4, 100, 78639
2026/09/14 07:51:46.592, 5, 100, 78639
2026/09/14 07:51:47.092, 4, 100, 78639
2026/09/14 07:51:47.092, 5, 100, 78639
2026/09/14 07:51:47.592, 4, 92, 78639
2026/09/14 07:51:47.593, 5, 98, 78639
2026/09/14 07:51:48.093, 4, 99, 78639
2026/09/14 07:51:48.093, 5, 100, 78639
2026/09/14 07:51:48.593, 4, 100, 78639
2026/09/14 07:51:48.594, 5, 100, 78639
2026/09/14 07:51:49.094, 4, 100, 78639
2026/09/14 07:51:49.094, 5, 75, 78639
2026/09/14 07:51:49.595, 4, 99, 78639
2026/09/14 07:51:49.595, 5, 99, 78639
2026/09/14 07:51:50.095, 4, 100, 78639
2026/09/14 07:51:50.095, 5, 100, 78639
2026/09/14 07:51:50.596, 4, 92, 78639
2026/09/14 07:51:50.596, 5, 100, 78639
2026/09/14 07:51:51.097, 4, 99, 78639
2026/09/14 07:51:51.097, 5, 99, 78639
2026/09/14 07:51:51.597, 4, 100, 78639
2026/09/14 07:51:51.597, 5, 100, 78639
2026/09/14 07:51:52.097, 4, 100, 78639
2026/09/14 07:51:52.097, 5, 100, 78639
2026/09/14 07:51:52.597, 4, 99, 78639
2026/09/14 07:51:52.597, 5, 99, 78639
2026/09/14 07:51:53.097, 4, 100, 78639
2026/09/14 07:51:53.098, 5, 100, 78639
2026/09/14 07:51:53.598, 4, 100, 78639
2026/09/14 07:51:53.598, 5, 100, 78639
2026/09/14 07:51:54.098, 4, 91, 78639
2026/09/14 07:51:54.098, 5, 98, 78639
2026/09/14 07:51:54.598, 4, 100, 78639
2026/09/14 07:51:54.598, 5, 100, 78639
2026/09/14 07:51:55.099, 4, 100, 78639
2026/09/14 07:51:55.099, 5, 100, 78639
2026/09/14 07:51:55.599, 4, 74, 78639
2026/09/14 07:51:55.599, 5, 74, 78639
2026/09/14 07:51:56.099, 4, 99, 78639
2026/09/14 07:51:56.099, 5, 100, 78639
2026/09/14 07:51:56.600, 4, 100, 78639
2026/09/14 07:51:56.600, 5, 100, 78639
2026/09/14 07:51:57.101, 4, 84, 78639
2026/09/14 07:51:57.101, 5, 58, 78639
2026/09/14 07:51:57.601, 4, 100, 78639
2026/09/14 07:51:57.601, 5, 99, 78639
2026/09/14 07:51:58.101, 4, 100, 78639
2026/09/14 07:51:58.101, 5, 100, 78639
2026/09/14 07:51:58.601, 4, 73, 78639
2026/09/14 07:51:58.601, 5, 100, 78639
2026/09/14 07:51:59.101, 4, 99, 78639
2026/09/14 07:51:59.101, 5, 100, 78639
2026/09/14 07:51:59.601, 4, 100, 78639
2026/09/14 07:51:59.601, 5, 100, 78639
2026/09/14 07:52:00.102, 4, 100, 78639
2026/09/14 07:52:00.103, 5, 92, 78639
2026/09/14 07:52:00.603, 4, 99, 78639
2026/09/14 07:52:00.603, 5, 99, 78639
2026/09/14 07:52:01.104, 4, 100, 78639
2026/09/14 07:52:01.104, 5, 100, 78639
2026/09/14 07:52:01.604, 4, 100, 78639
2026/09/14 07:52:01.604, 5, 100, 78639
2026/09/14 07:52:02.104, 4, 99, 78639
2026/09/14 07:52:02.104, 5, 99, 78639
2026/09/14 07:52:02.604, 4, 100, 78639
2026/09/14 07:52:02.604, 5, 100, 78639
2026/09/14 07:52:03.104, 4, 100, 78639
2026/09/14 07:52:03.106, 5, 100, 78639
2026/09/14 07:52:03.607, 4, 99, 78639
2026/09/14 07:52:03.607, 5, 99, 78639
2026/09/14 07:52:04.107, 4, 100, 78639
2026/09/14 07:52:04.107, 5, 100, 78639
2026/09/14 07:52:04.607, 4, 100, 78639
2026/09/14 07:52:04.608, 5, 100, 78639
2026/09/14 07:52:05.109, 4, 99, 78639
2026/09/14 07:52:05.109, 5, 99, 78639
2026/09/14 07:52:05.609, 4, 100, 78639
2026/09/14 07:52:05.609, 5, 100, 78639
2026/09/14 07:52:06.109, 4, 100, 78639
2026/09/14 07:52:06.109, 5, 100, 78639
2026/09/14 07:52:06.609, 4, 99, 78639
2026/09/14 07:52:06.609, 5, 99, 78639
2026/09/14 07:52:07.110, 4, 100, 78639
2026/09/14 07:52:07.110, 5, 100, 78639
2026/09/14 07:52:07.610, 4, 100, 78639
2026/09/14 07:52:07.610, 5, 100, 78639
2026/09/14 07:52:08.111, 4, 75, 78639
2026/09/14 07:52:08.111, 5, 99, 78639
2026/09/14 07:52:08.611, 4, 100, 78639
2026/09/14 07:52:08.611, 5, 100, 78639
2026/09/14 07:52:09.111, 4, 100, 78639
2026/09/14 07:52:09.111, 5, 100, 78639
2026/09/14 07:52:09.611, 4, 84, 78639
2026/09/14 07:52:09.611, 5, 54, 78639
2026/09/14 07:52:10.111, 4, 100, 78639
2026/09/14 07:52:10.111, 5, 100, 78639
2026/09/14 07:52:10.611, 4, 100, 78639
2026/09/14 07:52:10.612, 5, 100, 78639
2026/09/14 07:52:11.112, 4, 71, 78639
2026/09/14 07:52:11.112, 5, 71, 78639
2026/09/14 07:52:11.612, 4, 100, 78639
2026/09/14 07:52:11.612, 5, 100, 78639
2026/09/14 07:52:12.112, 4, 100, 78639
2026/09/14 07:52:12.112, 5, 100, 78639
2026/09/14 07:52:12.612, 4, 91, 78639
2026/09/14 07:52:12.612, 5, 93, 78639
2026/09/14 07:52:13.112, 4, 99, 78639
2026/09/14 07:52:13.112, 5, 100, 78639
2026/09/14 07:52:13.613, 4, 100, 78639
2026/09/14 07:52:13.613, 5, 100, 78639
2026/09/14 07:52:14.113, 4, 92, 78639
2026/09/14 07:52:14.113, 5, 74, 78639
2026/09/14 07:52:14.613, 4, 100, 78639
2026/09/14 07:52:14.613, 5, 99, 78639
2026/09/14 07:52:15.113, 4, 100, 78639
2026/09/14 07:52:15.114, 5, 100, 78639
2026/09/14 07:52:15.614, 4, 68, 78639
2026/09/14 07:52:15.614, 5, 100, 78639
2026/09/14 07:52:16.114, 4, 99, 78639
2026/09/14 07:52:16.114, 5, 99, 78639
2026/09/14 07:52:16.614, 4, 100, 78639
2026/09/14 07:52:16.615, 5, 100, 78639
2026/09/14 07:52:17.115, 4, 100, 78639
2026/09/14 07:52:17.115, 5, 100, 78639
2026/09/14 07:52:17.615, 4, 99, 78639
2026/09/14 07:52:17.615, 5, 99, 78639
2026/09/14 07:52:18.115, 4, 100, 78639
2026/09/14 07:52:18.115, 5, 100, 78639
2026/09/14 07:52:18.615, 4, 100, 78639
2026/09/14 07:52:18.615, 5, 100, 78639
2026/09/14 07:52:19.115, 4, 99, 78639
2026/09/14 07:52:19.116, 5, 99, 78639
2026/09/14 07:52:19.616, 4, 100, 78639
2026/09/14 07:52:19.616, 5, 100, 78639
2026/09/14 07:52:20.117, 4, 100, 78639
2026/09/14 07:52:20.117, 5, 100, 78639
2026/09/14 07:52:20.617, 4, 99, 78639
2026/09/14 07:52:20.617, 5, 99, 78639
2026/09/14 07:52:21.117, 4, 100, 78639
2026/09/14 07:52:21.117, 5, 100, 78639
2026/09/14 07:52:21.618, 4, 100, 78639
2026/09/14 07:52:21.618, 5, 100, 78639
2026/09/14 07:52:22.118, 4, 96, 78639
2026/09/14 07:52:22.119, 5, 99, 78639
2026/09/14 07:52:22.619, 4, 100, 78639
2026/09/14 07:52:22.619, 5, 100, 78639
2026/09/14 07:52:23.119, 4, 100, 78639
2026/09/14 07:52:23.119, 5, 100, 78639
2026/09/14 07:52:23.619, 4, 72, 78639
2026/09/14 07:52:23.619, 5, 72, 78639
2026/09/14 07:52:24.119, 4, 99, 78639
2026/09/14 07:52:24.119, 5, 100, 78639
2026/09/14 07:52:24.619, 4, 100, 78639
2026/09/14 07:52:24.620, 5, 100, 78639
2026/09/14 07:52:25.121, 4, 100, 78639
2026/09/14 07:52:25.121, 5, 99, 78639
2026/09/14 07:52:25.621, 4, 100, 78639
2026/09/14 07:52:25.621, 5, 100, 78639
2026/09/14 07:52:26.121, 4, 100, 78639
2026/09/14 07:52:26.121, 5, 100, 78639
2026/09/14 07:52:26.622, 4, 78, 78639
2026/09/14 07:52:26.622, 5, 74, 78639
2026/09/14 07:52:27.122, 4, 99, 78639
2026/09/14 07:52:27.122, 5, 100, 78639
2026/09/14 07:52:27.622, 4, 100, 78639
2026/09/14 07:52:27.622, 5, 100, 78639
2026/09/14 07:52:28.122, 4, 100, 78639
2026/09/14 07:52:28.122, 5, 53, 78639
2026/09/14 07:52:28.622, 4, 99, 78639
2026/09/14 07:52:28.622, 5, 99, 78639
2026/09/14 07:52:29.122, 4, 100, 78639
2026/09/14 07:52:29.122, 5, 100, 78639
2026/09/14 07:52:29.623, 4, 100, 78639
2026/09/14 07:52:29.623, 5, 100, 78639
2026/09/14 07:52:30.123, 4, 99, 78639
2026/09/14 07:52:30.125, 5, 100, 78639
2026/09/14 07:52:30.625, 4, 100, 78639
2026/09/14 07:52:30.625, 5, 100, 78639
2026/09/14 07:52:31.125, 4, 100, 78639
2026/09/14 07:52:31.125, 5, 96, 78639
2026/09/14 07:52:31.625, 4, 99, 78639
2026/09/14 07:52:31.625, 5, 99, 78639
2026/09/14 07:52:32.125, 4, 100, 78639
2026/09/14 07:52:32.125, 5, 100, 78639
2026/09/14 07:52:32.625, 4, 100, 78639
2026/09/14 07:52:32.626, 5, 100, 78639
2026/09/14 07:52:33.126, 4, 97, 78639
2026/09/14 07:52:33.126, 5, 99, 78639
2026/09/14 07:52:33.626, 4, 100, 78639
2026/09/14 07:52:33.626, 5, 100, 78639
2026/09/14 07:52:34.126, 4, 100, 78639
2026/09/14 07:52:34.126, 5, 100, 78639
2026/09/14 07:52:34.626, 4, 99, 78639
2026/09/14 07:52:34.626, 5, 56, 78639
2026/09/14 07:52:35.126, 4, 100, 78639
2026/09/14 07:52:35.126, 5, 100, 78639
2026/09/14 07:52:35.627, 4, 100, 78639
2026/09/14 07:52:35.627, 5, 100, 78639
2026/09/14 07:52:36.127, 4, 71, 78639
2026/09/14 07:52:36.127, 5, 70, 78639
2026/09/14 07:52:36.628, 4, 100, 78639
2026/09/14 07:52:36.628, 5, 100, 78639
2026/09/14 07:52:37.129, 4, 100, 78639
2026/09/14 07:52:37.129, 5, 100, 78639
2026/09/14 07:52:37.629, 4, 90, 78639
2026/09/14 07:52:37.629, 5, 91, 78639
2026/09/14 07:52:38.129, 4, 100, 78639
2026/09/14 07:52:38.129, 5, 100, 78639
2026/09/14 07:52:38.629, 4, 100, 78639
2026/09/14 07:52:38.629, 5, 100, 78639
2026/09/14 07:52:39.129, 4, 72, 78639
2026/09/14 07:52:39.130, 5, 71, 78639
2026/09/14 07:52:39.630, 4, 100, 78639
2026/09/14 07:52:39.630, 5, 99, 78639
2026/09/14 07:52:40.130, 4, 100, 78639
2026/09/14 07:52:40.130, 5, 100, 78639
2026/09/14 07:52:40.630, 4, 54, 78639
2026/09/14 07:52:40.630, 5, 100, 78639
2026/09/14 07:52:41.130, 4, 99, 78639
2026/09/14 07:52:41.130, 5, 99, 78639
2026/09/14 07:52:41.630, 4, 100, 78639
2026/09/14 07:52:41.630, 5, 100, 78639
2026/09/14 07:52:42.130, 4, 100, 78639
2026/09/14 07:52:42.131, 5, 100, 78639
2026/09/14 07:52:42.631, 4, 99, 78639
2026/09/14 07:52:42.631, 5, 99, 78639
2026/09/14 07:52:43.131, 4, 100, 78639
2026/09/14 07:52:43.131, 5, 100, 78639
2026/09/14 07:52:43.631, 4, 100, 78639
2026/09/14 07:52:43.631, 5, 100, 78639
2026/09/14 07:52:44.131, 4, 99, 78639
2026/09/14 07:52:44.131, 5, 99, 78639
2026/09/14 07:52:44.632, 4, 100, 78639
2026/09/14 07:52:44.632, 5, 100, 78639
2026/09/14 07:52:45.132, 4, 100, 78639
2026/09/14 07:52:45.132, 5, 100, 78639
2026/09/14 07:52:45.632, 4, 99, 78639
2026/09/14 07:52:45.632, 5, 99, 78639
2026/09/14 07:52:46.132, 4, 100, 78639
2026/09/14 07:52:46.132, 5, 100, 78639
2026/09/14 07:52:46.632, 4, 100, 78639
2026/09/14 07:52:46.632, 5, 100, 78639
2026/09/14 07:52:47.132, 4, 99, 78639
2026/09/14 07:52:47.132, 5, 99, 78639
2026/09/14 07:52:47.633, 4, 100, 78639
2026/09/14 07:52:47.633, 5, 100, 78639
2026/09/14 07:52:48.133, 4, 100, 78639
2026/09/14 07:52:48.133, 5, 100, 78639
2026/09/14 07:52:48.633, 4, 99, 78639
2026/09/14 07:52:48.633, 5, 71, 78639
2026/09/14 07:52:49.134, 4, 100, 78639
2026/09/14 07:52:49.134, 5, 100, 78639
2026/09/14 07:52:49.634, 4, 100, 78639
2026/09/14 07:52:49.634, 5, 100, 78639
2026/09/14 07:52:50.134, 4, 100, 78639
2026/09/14 07:52:50.134, 5, 98, 78639
2026/09/14 07:52:50.635, 4, 100, 78639
2026/09/14 07:52:50.635, 5, 100, 78639
2026/09/14 07:52:51.135, 4, 100, 78639
2026/09/14 07:52:51.135, 5, 100, 78639
2026/09/14 07:52:51.635, 4, 74, 78639
2026/09/14 07:52:51.636, 5, 74, 78639
2026/09/14 07:52:52.136, 4, 99, 78639
2026/09/14 07:52:52.136, 5, 100, 78639
2026/09/14 07:52:52.636, 4, 100, 78639
2026/09/14 07:52:52.636, 5, 100, 78639
2026/09/14 07:52:53.136, 4, 100, 78639
2026/09/14 07:52:53.136, 5, 55, 78639
2026/09/14 07:52:53.636, 4, 99, 78639
2026/09/14 07:52:53.636, 5, 99, 78639
2026/09/14 07:52:54.137, 4, 100, 78639
2026/09/14 07:52:54.137, 5, 100, 78639
2026/09/14 07:52:54.637, 4, 100, 78639
2026/09/14 07:52:54.637, 5, 100, 78639
2026/09/14 07:52:55.137, 4, 99, 78639
2026/09/14 07:52:55.137, 5, 100, 78639
2026/09/14 07:52:55.637, 4, 100, 78639
2026/09/14 07:52:55.638, 5, 100, 78639
2026/09/14 07:52:56.139, 4, 100, 78639
2026/09/14 07:52:56.139, 5, 94, 78639
2026/09/14 07:52:56.639, 4, 99, 78639
2026/09/14 07:52:56.639, 5, 99, 78639
2026/09/14 07:52:57.139, 4, 100, 78639
2026/09/14 07:52:57.140, 5, 100, 78639
2026/09/14 07:52:57.640, 4, 100, 78639
2026/09/14 07:52:57.640, 5, 100, 78639
2026/09/14 07:52:58.140, 4, 99, 78639
2026/09/14 07:52:58.140, 5, 99, 78639
2026/09/14 07:52:58.640, 4, 100, 78639
2026/09/14 07:52:58.641, 5, 100, 78639
2026/09/14 07:52:59.141, 4, 100, 78639
2026/09/14 07:52:59.141, 5, 100, 78639
2026/09/14 07:52:59.642, 4, 99, 78639
2026/09/14 07:52:59.642, 5, 99, 78639
2026/09/14 07:53:00.142, 4, 100, 78639
2026/09/14 07:53:00.142, 5, 100, 78639
2026/09/14 07:53:00.643, 4, 100, 78639
2026/09/14 07:53:00.643, 5, 100, 78639
2026/09/14 07:53:01.143, 4, 71, 78639
2026/09/14 07:53:01.144, 5, 99, 78639
2026/09/14 07:53:01.644, 4, 100, 78639
2026/09/14 07:53:01.644, 5, 100, 78639
2026/09/14 07:53:02.144, 4, 100, 78639
2026/09/14 07:53:02.144, 5, 100, 78639
2026/09/14 07:53:02.644, 4, 93, 78639
2026/09/14 07:53:02.644, 5, 93, 78639
2026/09/14 07:53:03.144, 4, 100, 78639
2026/09/14 07:53:03.144, 5, 100, 78639
2026/09/14 07:53:03.645, 4, 100, 78639
2026/09/14 07:53:03.645, 5, 100, 78639
2026/09/14 07:53:04.145, 4, 74, 78639
2026/09/14 07:53:04.145, 5, 99, 78639
2026/09/14 07:53:04.645, 4, 100, 78639
2026/09/14 07:53:04.645, 5, 100, 78639
2026/09/14 07:53:05.145, 4, 100, 78639
2026/09/14 07:53:05.145, 5, 100, 78639
2026/09/14 07:53:05.646, 4, 57, 78639
2026/09/14 07:53:05.646, 5, 57, 78639
2026/09/14 07:53:06.146, 4, 99, 78639
2026/09/14 07:53:06.146, 5, 100, 78639
2026/09/14 07:53:06.647, 4, 100, 78639
2026/09/14 07:53:06.647, 5, 100, 78639
2026/09/14 07:53:07.147, 4, 100, 78639
2026/09/14 07:53:07.147, 5, 71, 78639
2026/09/14 07:53:07.647, 4, 99, 78639
2026/09/14 07:53:07.647, 5, 100, 78639
2026/09/14 07:53:08.147, 4, 100, 78639
2026/09/14 07:53:08.148, 5, 100, 78639
2026/09/14 07:53:08.648, 4, 92, 78639
2026/09/14 07:53:08.650, 5, 95, 78639
2026/09/14 07:53:09.150, 4, 100, 78639
2026/09/14 07:53:09.150, 5, 100, 78639
2026/09/14 07:53:09.650, 4, 100, 78639
2026/09/14 07:53:09.650, 5, 100, 78639
2026/09/14 07:53:10.150, 4, 75, 78639
2026/09/14 07:53:10.151, 5, 100, 78639
2026/09/14 07:53:10.651, 4, 99, 78639
2026/09/14 07:53:10.652, 5, 99, 78639
2026/09/14 07:53:11.153, 4, 100, 78639
2026/09/14 07:53:11.154, 5, 100, 78639
2026/09/14 07:53:11.654, 4, 100, 78639
2026/09/14 07:53:11.654, 5, 100, 78639
2026/09/14 07:53:12.154, 4, 99, 78639
2026/09/14 07:53:12.155, 5, 99, 78639
2026/09/14 07:53:12.655, 4, 100, 78639
2026/09/14 07:53:12.655, 5, 100, 78639
2026/09/14 07:53:13.155, 4, 100, 78639
2026/09/14 07:53:13.156, 5, 100, 78639
2026/09/14 07:53:13.657, 4, 99, 78639
2026/09/14 07:53:13.657, 5, 71, 78639
2026/09/14 07:53:14.157, 4, 100, 78639
2026/09/14 07:53:14.158, 5, 100, 78639
2026/09/14 07:53:14.658, 4, 100, 78639
2026/09/14 07:53:14.658, 5, 100, 78639
2026/09/14 07:53:15.158, 4, 99, 78639
2026/09/14 07:53:15.159, 5, 99, 78639
2026/09/14 07:53:15.659, 4, 100, 78639
2026/09/14 07:53:15.659, 5, 100, 78639
2026/09/14 07:53:16.159, 4, 100, 78639
2026/09/14 07:53:16.159, 5, 100, 78639
2026/09/14 07:53:16.659, 4, 99, 78639
2026/09/14 07:53:16.659, 5, 75, 78639
2026/09/14 07:53:17.159, 4, 100, 78639
2026/09/14 07:53:17.159, 5, 100, 78639
2026/09/14 07:53:17.660, 4, 100, 78639
2026/09/14 07:53:17.660, 5, 100, 78639
2026/09/14 07:53:18.160, 4, 99, 78639
2026/09/14 07:53:18.160, 5, 58, 78639
2026/09/14 07:53:18.660, 4, 100, 78639
2026/09/14 07:53:18.660, 5, 99, 78639
2026/09/14 07:53:19.161, 4, 100, 78639
2026/09/14 07:53:19.161, 5, 100, 78639
2026/09/14 07:53:19.661, 4, 71, 78639
2026/09/14 07:53:19.661, 5, 100, 78639
2026/09/14 07:53:20.161, 4, 100, 78639
2026/09/14 07:53:20.161, 5, 100, 78639
2026/09/14 07:53:20.661, 4, 100, 78639
2026/09/14 07:53:20.661, 5, 100, 78639
2026/09/14 07:53:21.161, 4, 92, 78639
2026/09/14 07:53:21.161, 5, 92, 78639
2026/09/14 07:53:21.662, 4, 99, 78639
2026/09/14 07:53:21.663, 5, 99, 78639
2026/09/14 07:53:22.163, 4, 100, 78639
2026/09/14 07:53:22.163, 5, 100, 78639
2026/09/14 07:53:22.663, 4, 100, 78639
2026/09/14 07:53:22.663, 5, 100, 78639
2026/09/14 07:53:23.163, 4, 99, 78639
2026/09/14 07:53:23.163, 5, 99, 78639
2026/09/14 07:53:23.663, 4, 100, 78639
2026/09/14 07:53:23.663, 5, 100, 78639
2026/09/14 07:53:24.163, 4, 100, 78639
2026/09/14 07:53:24.164, 5, 100, 78639
2026/09/14 07:53:24.664, 4, 99, 78639
2026/09/14 07:53:24.664, 5, 99, 78639
2026/09/14 07:53:25.164, 4, 100, 78639
2026/09/14 07:53:25.164, 5, 100, 78639
2026/09/14 07:53:25.664, 4, 100, 78639
2026/09/14 07:53:25.665, 5, 100, 78639
2026/09/14 07:53:26.165, 4, 99, 78639
2026/09/14 07:53:26.165, 5, 99, 78639
2026/09/14 07:53:26.665, 4, 100, 78639
2026/09/14 07:53:26.665, 5, 100, 78639
2026/09/14 07:53:27.165, 4, 100, 78639
2026/09/14 07:53:27.165, 5, 100, 78639
2026/09/14 07:53:27.666, 4, 99, 78639
2026/09/14 07:53:27.666, 5, 99, 78639
2026/09/14 07:53:28.166, 4, 100, 78639
2026/09/14 07:53:28.166, 5, 100, 78639
2026/09/14 07:53:28.666, 4, 100, 78639
2026/09/14 07:53:28.666, 5, 100, 78639
2026/09/14 07:53:29.166, 4, 99, 78639
2026/09/14 07:53:29.166, 5, 99, 78639
2026/09/14 07:53:29.666, 4, 100, 78639
2026/09/14 07:53:29.666, 5, 100, 78639
2026/09/14 07:53:30.166, 4, 100, 78639
2026/09/14 07:53:30.167, 5, 100, 78639
2026/09/14 07:53:30.667, 4, 57, 78639
2026/09/14 07:53:30.667, 5, 57, 78639
2026/09/14 07:53:31.168, 4, 100, 78639
2026/09/14 07:53:31.168, 5, 100, 78639
2026/09/14 07:53:31.668, 4, 100, 78639
2026/09/14 07:53:31.668, 5, 100, 78639
2026/09/14 07:53:32.168, 4, 76, 78639
2026/09/14 07:53:32.169, 5, 71, 78639
2026/09/14 07:53:32.669, 4, 100, 78639
2026/09/14 07:53:32.669, 5, 100, 78639
2026/09/14 07:53:33.169, 4, 100, 78639
2026/09/14 07:53:33.169, 5, 100, 78639
2026/09/14 07:53:33.669, 4, 90, 78639
2026/09/14 07:53:33.669, 5, 90, 78639
2026/09/14 07:53:34.170, 4, 100, 78639
2026/09/14 07:53:34.170, 5, 100, 78639
2026/09/14 07:53:34.670, 4, 100, 78639
2026/09/14 07:53:34.670, 5, 100, 78639
2026/09/14 07:53:35.170, 4, 74, 78639
2026/09/14 07:53:35.170, 5, 75, 78639
2026/09/14 07:53:35.670, 4, 99, 78639
2026/09/14 07:53:35.670, 5, 99, 78639
2026/09/14 07:53:36.170, 4, 100, 78639
2026/09/14 07:53:36.171, 5, 100, 78639
2026/09/14 07:53:36.671, 4, 99, 78639
2026/09/14 07:53:36.672, 5, 100, 78639
2026/09/14 07:53:37.173, 4, 99, 78639
2026/09/14 07:53:37.173, 5, 99, 78639
2026/09/14 07:53:37.673, 4, 100, 78639
2026/09/14 07:53:37.673, 5, 100, 78639
2026/09/14 07:53:38.173, 4, 89, 78639
2026/09/14 07:53:38.173, 5, 100, 78639
2026/09/14 07:53:38.673, 4, 99, 78639
2026/09/14 07:53:38.673, 5, 99, 78639
2026/09/14 07:53:39.173, 4, 100, 78639
2026/09/14 07:53:39.174, 5, 100, 78639
2026/09/14 07:53:39.674, 4, 100, 78639
2026/09/14 07:53:39.674, 5, 100, 78639
2026/09/14 07:53:40.174, 4, 99, 78639
2026/09/14 07:53:40.174, 5, 99, 78639
2026/09/14 07:53:40.674, 4, 100, 78639
2026/09/14 07:53:40.674, 5, 100, 78639
2026/09/14 07:53:41.177, 4, 100, 78639
2026/09/14 07:53:41.177, 5, 100, 78639
2026/09/14 07:53:41.678, 4, 99, 78639
2026/09/14 07:53:41.678, 5, 99, 78639
2026/09/14 07:53:42.178, 4, 100, 78639
2026/09/14 07:53:42.178, 5, 100, 78639
2026/09/14 07:53:42.678, 4, 100, 78639
2026/09/14 07:53:42.678, 5, 100, 78639
2026/09/14 07:53:43.179, 4, 55, 78639
2026/09/14 07:53:43.179, 5, 34, 78639
2026/09/14 07:53:43.679, 4, 99, 78639
2026/09/14 07:53:43.679, 5, 100, 78639
2026/09/14 07:53:44.179, 4, 100, 78639
2026/09/14 07:53:44.179, 5, 100, 78639
2026/09/14 07:53:44.679, 4, 90, 78639
2026/09/14 07:53:44.679, 5, 100, 78639
2026/09/14 07:53:45.180, 4, 0, 78639
2026/09/14 07:53:45.180, 5, 0, 78639
2026/09/14 07:53:45.680, 4, 0, 78639
2026/09/14 07:53:45.680, 5, 0, 78639
2026/09/14 07:53:46.180, 4, 0, 78639
2026/09/14 07:53:46.180, 5, 0, 78639
2026/09/14 07:53:46.680, 4, 0, 78639
2026/09/14 07:53:46.680, 5, 0, 78639
2026/09/14 07:53:47.180, 4, 0, 78639
2026/09/14 07:53:47.180, 5, 3, 78639
2026/09/14 07:53:47.680, 4, 3, 78639
2026/09/14 07:53:47.681, 5, 0, 78639
2026/09/14 07:53:48.181, 4, 0, 78639
2026/09/14 07:53:48.181, 5, 3, 78639
2026/09/14 07:53:48.681, 4, 19, 78639
2026/09/14 07:53:48.681, 5, 24, 78639
2026/09/14 07:53:49.181, 4, 0, 78639
2026/09/14 07:53:49.181, 5, 0, 78639
2026/09/14 07:53:49.682, 4, 0, 78639
2026/09/14 07:53:49.682, 5, 0, 78639
2026/09/14 07:53:50.182, 4, 0, 78639
2026/09/14 07:53:50.182, 5, 0, 78639
2026/09/14 07:53:50.682, 4, 0, 78639
2026/09/14 07:53:50.682, 5, 0, 78639
2026/09/14 07:53:51.182, 4, 0, 78639
2026/09/14 07:53:51.183, 5, 0, 78639
2026/09/14 07:53:51.683, 4, 0, 78639
2026/09/14 07:53:51.683, 5, 0, 78639
2026/09/14 07:53:52.183, 4, 0, 78639
2026/09/14 07:53:52.183, 5, 0, 78639
2026/09/14 07:53:52.683, 4, 0, 78639
2026/09/14 07:53:52.684, 5, 0, 78639
2026/09/14 07:53:53.184, 4, 0, 78639
2026/09/14 07:53:53.184, 5, 0, 78639
2026/09/14 07:53:53.684, 4, 0, 78639
2026/09/14 07:53:53.684, 5, 0, 78639
2026/09/14 07:53:54.185, 4, 0, 78639
2026/09/14 07:53:54.185, 5, 0, 78639
2026/09/14 07:53:54.685, 4, 0, 78639
2026/09/14 07:53:54.685, 5, 0, 78639
2026/09/14 07:53:55.185, 4, 0, 78639
2026/09/14 07:53:55.185, 5, 0, 78639
2026/09/14 07:53:55.685, 4, 0, 78639
2026/09/14 07:53:55.686, 5, 0, 78639
2026/09/14 07:53:56.187, 4, 12, 78639
2026/09/14 07:53:56.187, 5, 12, 78639
2026/09/14 07:53:56.687, 4, 0, 78639
2026/09/14 07:53:56.688, 5, 0, 78639
2026/09/14 07:53:57.188, 4, 6, 78639
2026/09/14 07:53:57.189, 5, 6, 78639
2026/09/14 07:53:57.689, 4, 0, 78639
2026/09/14 07:53:57.689, 5, 3, 78639
2026/09/14 07:53:58.189, 4, 12, 78639
2026/09/14 07:53:58.189, 5, 11, 78639
2026/09/14 07:53:58.689, 4, 0, 78639
2026/09/14 07:53:58.689, 5, 0, 78639
2026/09/14 07:53:59.189, 4, 6, 78639
2026/09/14 07:53:59.190, 5, 0, 78639
2026/09/14 07:53:59.693, 4, 0, 78639
2026/09/14 07:53:59.694, 5, 10, 78639
2026/09/14 07:54:00.194, 4, 31, 78639
2026/09/14 07:54:00.194, 5, 31, 78639
2026/09/14 07:54:00.694, 4, 29, 78639
2026/09/14 07:54:00.694, 5, 29, 78639
2026/09/14 07:54:01.194, 4, 0, 78639
2026/09/14 07:54:01.194, 5, 0, 78639
2026/09/14 07:54:01.694, 4, 0, 78639
2026/09/14 07:54:01.694, 5, 0, 78639
2026/09/14 07:54:02.194, 4, 0, 78639
2026/09/14 07:54:02.195, 5, 0, 78639
2026/09/14 07:54:02.695, 4, 0, 78639
2026/09/14 07:54:02.696, 5, 0, 78639
2026/09/14 07:54:03.197, 4, 0, 78639
2026/09/14 07:54:03.197, 5, 0, 78639
2026/09/14 07:54:03.697, 4, 0, 78639
2026/09/14 07:54:03.697, 5, 0, 78639
2026/09/14 07:54:04.197, 4, 0, 78639
2026/09/14 07:54:04.197, 5, 0, 78639
2026/09/14 07:54:04.698, 4, 0, 78639
2026/09/14 07:54:04.698, 5, 0, 78639
2026/09/14 07:54:05.198, 4, 0, 78639
2026/09/14 07:54:05.198, 5, 0, 78639
2026/09/14 07:54:05.698, 4, 0, 78639
2026/09/14 07:54:05.704, 5, 0, 78639
2026/09/14 07:54:06.207, 4, 0, 78639
2026/09/14 07:54:06.207, 5, 0, 78639
2026/09/14 07:54:06.707, 4, 0, 78639
2026/09/14 07:54:06.707, 5, 0, 78639
2026/09/14 07:54:07.208, 4, 0, 78639
2026/09/14 07:54:07.208, 5, 0, 78639
2026/09/14 07:54:07.708, 4, 0, 78639
2026/09/14 07:54:07.708, 5, 0, 78639
2026/09/14 07:54:08.208, 4, 0, 78639
2026/09/14 07:54:08.208, 5, 0, 78639
2026/09/14 07:54:08.709, 4, 0, 78639
2026/09/14 07:54:08.709, 5, 0, 78639
2026/09/14 07:54:09.209, 4, 0, 78639
2026/09/14 07:54:09.209, 5, 0, 78639
2026/09/14 07:54:09.709, 4, 0, 78639
2026/09/14 07:54:09.709, 5, 0, 78639
2026/09/14 07:54:10.209, 4, 0, 78639
2026/09/14 07:54:10.209, 5, 0, 78639
2026/09/14 07:54:10.709, 4, 0, 78639
2026/09/14 07:54:10.709, 5, 0, 78639
2026/09/14 07:54:11.209, 4, 0, 78639
2026/09/14 07:54:11.210, 5, 0, 78639
2026/09/14 07:54:11.710, 4, 0, 78639
2026/09/14 07:54:11.710, 5, 0, 78639
2026/09/14 07:54:12.210, 4, 0, 78639
2026/09/14 07:54:12.210, 5, 0, 78639
2026/09/14 07:54:12.710, 4, 0, 78639
2026/09/14 07:54:12.710, 5, 0, 78639
2026/09/14 07:54:13.211, 4, 0, 78639
2026/09/14 07:54:13.211, 5, 0, 78639
2026/09/14 07:54:13.711, 4, 0, 78639
2026/09/14 07:54:13.711, 5, 0, 78639
2026/09/14 07:54:14.211, 4, 0, 78639
2026/09/14 07:54:14.211, 5, 0, 78639
2026/09/14 07:54:14.711, 4, 0, 78639
2026/09/14 07:54:14.712, 5, 0, 78639
2026/09/14 07:54:15.212, 4, 0, 78639
2026/09/14 07:54:15.212, 5, 0, 78639
2026/09/14 07:54:15.712, 4, 0, 78639
2026/09/14 07:54:15.712, 5, 0, 78639
2026/09/14 07:54:16.213, 4, 0, 78639
2026/09/14 07:54:16.213, 5, 0, 78639
2026/09/14 07:54:16.713, 4, 0, 78639
2026/09/14 07:54:16.713, 5, 0, 78639
2026/09/14 07:54:17.213, 4, 0, 78639
2026/09/14 07:54:17.214, 5, 0, 78639
2026/09/14 07:54:17.714, 4, 0, 78639
2026/09/14 07:54:17.714, 5, 0, 78639
2026/09/14 07:54:18.215, 4, 10, 78639
2026/09/14 07:54:18.215, 5, 4, 78639
2026/09/14 07:54:18.715, 4, 31, 78639
2026/09/14 07:54:18.715, 5, 28, 78639
2026/09/14 07:54:19.215, 4, 0, 78639
2026/09/14 07:54:19.215, 5, 0, 78639
2026/09/14 07:54:19.715, 4, 0, 78639
2026/09/14 07:54:19.715, 5, 0, 78639
2026/09/14 07:54:20.216, 4, 0, 78639
2026/09/14 07:54:20.216, 5, 0, 78639
2026/09/14 07:54:20.716, 4, 0, 78639
2026/09/14 07:54:20.716, 5, 0, 78639
2026/09/14 07:54:21.216, 4, 0, 78639
2026/09/14 07:54:21.216, 5, 0, 78639
2026/09/14 07:54:21.716, 4, 0, 78639
2026/09/14 07:54:21.716, 5, 0, 78639
2026/09/14 07:54:22.216, 4, 0, 78639
2026/09/14 07:54:22.216, 5, 0, 78639
2026/09/14 07:54:22.717, 4, 0, 78639
2026/09/14 07:54:22.717, 5, 0, 78639
2026/09/14 07:54:23.217, 4, 0, 78639
2026/09/14 07:54:23.217, 5, 0, 78639
2026/09/14 07:54:23.717, 4, 0, 78639
2026/09/14 07:54:23.718, 5, 0, 78639
2026/09/14 07:54:24.218, 4, 0, 78639
2026/09/14 07:54:24.218, 5, 0, 78639
2026/09/14 07:54:24.718, 4, 0, 78639
2026/09/14 07:54:24.718, 5, 0, 78639
2026/09/14 07:54:25.218, 4, 0, 78639
2026/09/14 07:54:25.218, 5, 0, 78639
2026/09/14 07:54:25.718, 4, 0, 78639
2026/09/14 07:54:25.719, 5, 0, 78639
2026/09/14 07:54:26.219, 4, 0, 78639
2026/09/14 07:54:26.219, 5, 0, 78639
2026/09/14 07:54:26.719, 4, 0, 78639
2026/09/14 07:54:26.719, 5, 0, 78639
2026/09/14 07:54:27.219, 4, 3, 78639
2026/09/14 07:54:27.219, 5, 8, 78639
2026/09/14 07:54:27.719, 4, 0, 78639
2026/09/14 07:54:27.719, 5, 0, 78639
2026/09/14 07:54:28.219, 4, 0, 78639
2026/09/14 07:54:28.220, 5, 0, 78639
2026/09/14 07:54:28.720, 4, 0, 78639
2026/09/14 07:54:28.720, 5, 0, 78639
2026/09/14 07:54:29.221, 4, 12, 78639
2026/09/14 07:54:29.221, 5, 0, 78639
2026/09/14 07:54:29.721, 4, 0, 78639
2026/09/14 07:54:29.721, 5, 0, 78639
2026/09/14 07:54:30.221, 4, 9, 78639
2026/09/14 07:54:30.221, 5, 0, 78639
2026/09/14 07:54:30.721, 4, 0, 78639
2026/09/14 07:54:30.721, 5, 0, 78639
2026/09/14 07:54:31.221, 4, 0, 78639
2026/09/14 07:54:31.222, 5, 9, 78639
2026/09/14 07:54:31.722, 4, 0, 78639
2026/09/14 07:54:31.723, 5, 0, 78639
2026/09/14 07:54:32.223, 4, 30, 78639
2026/09/14 07:54:32.225, 5, 21, 78639
2026/09/14 07:54:32.725, 4, 0, 78639
2026/09/14 07:54:32.725, 5, 0, 78639
2026/09/14 07:54:33.225, 4, 0, 78639
2026/09/14 07:54:33.225, 5, 0, 78639
2026/09/14 07:54:33.726, 4, 0, 78639
2026/09/14 07:54:33.726, 5, 0, 78639
2026/09/14 07:54:34.226, 4, 0, 78639
2026/09/14 07:54:34.226, 5, 0, 78639
2026/09/14 07:54:34.727, 4, 0, 78639
2026/09/14 07:54:34.727, 5, 0, 78639
2026/09/14 07:54:35.227, 4, 0, 78639
2026/09/14 07:54:35.227, 5, 0, 78639
2026/09/14 07:54:35.727, 4, 0, 78639
2026/09/14 07:54:35.727, 5, 0, 78639
2026/09/14 07:54:36.227, 4, 0, 78639
2026/09/14 07:54:36.227, 5, 0, 78639
2026/09/14 07:54:36.727, 4, 0, 78639
2026/09/14 07:54:36.727, 5, 0, 78639
2026/09/14 07:54:37.228, 4, 0, 78639
2026/09/14 07:54:37.229, 5, 0, 78639
2026/09/14 07:54:37.729, 4, 0, 78639
2026/09/14 07:54:37.729, 5, 0, 78639
2026/09/14 07:54:38.229, 4, 0, 78639
2026/09/14 07:54:38.229, 5, 0, 78639
2026/09/14 07:54:38.729, 4, 0, 78639
2026/09/14 07:54:38.729, 5, 0, 78639
2026/09/14 07:54:39.229, 4, 0, 78639
2026/09/14 07:54:39.229, 5, 0, 78639
2026/09/14 07:54:39.729, 4, 12, 78639
2026/09/14 07:54:39.730, 5, 11, 78639
2026/09/14 07:54:40.230, 4, 0, 78639
2026/09/14 07:54:40.230, 5, 0, 78639
2026/09/14 07:54:40.730, 4, 2, 78639
2026/09/14 07:54:40.730, 5, 0, 78639
2026/09/14 07:54:41.231, 4, 3, 78639
2026/09/14 07:54:41.231, 5, 0, 78639
2026/09/14 07:54:41.731, 4, 12, 78639
2026/09/14 07:54:41.731, 5, 12, 78639
2026/09/14 07:54:42.231, 4, 0, 78639
2026/09/14 07:54:42.231, 5, 0, 78639
2026/09/14 07:54:42.731, 4, 0, 78639
2026/09/14 07:54:42.731, 5, 0, 78639
2026/09/14 07:54:43.231, 4, 10, 78639
2026/09/14 07:54:43.232, 5, 0, 78639
2026/09/14 07:54:43.732, 4, 31, 78639
2026/09/14 07:54:43.733, 5, 30, 78639
2026/09/14 07:54:44.233, 4, 30, 78639
2026/09/14 07:54:44.233, 5, 30, 78639
2026/09/14 07:54:44.733, 4, 20, 78639
2026/09/14 07:54:44.733, 5, 0, 78639
2026/09/14 07:54:45.233, 4, 0, 78639
2026/09/14 07:54:45.234, 5, 0, 78639
2026/09/14 07:54:45.734, 4, 0, 78639
2026/09/14 07:54:45.734, 5, 0, 78639
2026/09/14 07:54:46.234, 4, 0, 78639
2026/09/14 07:54:46.234, 5, 0, 78639
2026/09/14 07:54:46.734, 4, 0, 78639
2026/09/14 07:54:46.734, 5, 0, 78639
2026/09/14 07:54:47.234, 4, 0, 78639
2026/09/14 07:54:47.234, 5, 0, 78639
2026/09/14 07:54:47.734, 4, 0, 78639
2026/09/14 07:54:47.735, 5, 0, 78639
2026/09/14 07:54:48.236, 4, 0, 78639
2026/09/14 07:54:48.236, 5, 0, 78639
2026/09/14 07:54:48.736, 4, 0, 78639
2026/09/14 07:54:48.736, 5, 0, 78639
2026/09/14 07:54:49.236, 4, 0, 78639
2026/09/14 07:54:49.236, 5, 0, 78639
2026/09/14 07:54:49.736, 4, 0, 78639
2026/09/14 07:54:49.737, 5, 0, 78639
2026/09/14 07:54:50.237, 4, 0, 78639
2026/09/14 07:54:50.237, 5, 0, 78639
2026/09/14 07:54:50.737, 4, 0, 78639
2026/09/14 07:54:50.737, 5, 0, 78639
2026/09/14 07:54:51.237, 4, 0, 78639
2026/09/14 07:54:51.237, 5, 0, 78639
2026/09/14 07:54:51.737, 4, 0, 78639
2026/09/14 07:54:51.737, 5, 0, 78639
2026/09/14 07:54:52.237, 4, 0, 78639
2026/09/14 07:54:52.238, 5, 0, 78639
2026/09/14 07:54:52.738, 4, 0, 78639
2026/09/14 07:54:52.738, 5, 0, 78639
2026/09/14 07:54:53.238, 4, 0, 78639
2026/09/14 07:54:53.238, 5, 0, 78639
2026/09/14 07:54:53.738, 4, 0, 78639
2026/09/14 07:54:53.738, 5, 0, 78639
2026/09/14 07:54:54.238, 4, 0, 78639
2026/09/14 07:54:54.239, 5, 0, 78639
2026/09/14 07:54:54.739, 4, 0, 78639
2026/09/14 07:54:54.739, 5, 0, 78639
2026/09/14 07:54:55.239, 4, 0, 78639
2026/09/14 07:54:55.239, 5, 0, 78639
2026/09/14 07:54:55.739, 4, 0, 78639
2026/09/14 07:54:55.739, 5, 0, 78639
2026/09/14 07:54:56.239, 4, 0, 78639
2026/09/14 07:54:56.240, 5, 0, 78639
2026/09/14 07:54:56.740, 4, 0, 78639
2026/09/14 07:54:56.740, 5, 0, 78639
2026/09/14 07:54:57.240, 4, 0, 78639
2026/09/14 07:54:57.241, 5, 0, 78639
2026/09/14 07:54:57.741, 4, 0, 78639
2026/09/14 07:54:57.741, 5, 0, 78639
2026/09/14 07:54:58.242, 4, 0, 78639
2026/09/14 07:54:58.242, 5, 0, 78639
2026/09/14 07:54:58.742, 4, 0, 78639
2026/09/14 07:54:58.743, 5, 0, 78639
2026/09/14 07:54:59.243, 4, 0, 78639
2026/09/14 07:54:59.243, 5, 0, 78639
2026/09/14 07:54:59.743, 4, 0, 78639
2026/09/14 07:54:59.743, 5, 0, 78639
2026/09/14 07:55:00.243, 4, 0, 78639
2026/09/14 07:55:00.243, 5, 0, 78639
2026/09/14 07:55:00.743, 4, 0, 78639
2026/09/14 07:55:00.743, 5, 21, 78639
2026/09/14 07:55:01.243, 4, 30, 78639
2026/09/14 07:55:01.244, 5, 30, 78639
2026/09/14 07:55:01.744, 4, 0, 78639
2026/09/14 07:55:01.744, 5, 0, 78639
2026/09/14 07:55:02.244, 4, 0, 78639
2026/09/14 07:55:02.244, 5, 0, 78639
2026/09/14 07:55:02.744, 4, 0, 78639
2026/09/14 07:55:02.744, 5, 0, 78639
2026/09/14 07:55:03.244, 4, 0, 78639
2026/09/14 07:55:03.245, 5, 0, 78639
2026/09/14 07:55:03.745, 4, 0, 78639
2026/09/14 07:55:03.745, 5, 0, 78639
2026/09/14 07:55:04.245, 4, 0, 78639
2026/09/14 07:55:04.245, 5, 0, 78639
2026/09/14 07:55:04.745, 4, 0, 78639
2026/09/14 07:55:04.745, 5, 0, 78639
2026/09/14 07:55:05.246, 4, 0, 78639
2026/09/14 07:55:05.246, 5, 0, 78639
2026/09/14 07:55:05.746, 4, 0, 78639
2026/09/14 07:55:05.746, 5, 0, 78639
2026/09/14 07:55:06.246, 4, 0, 78639
2026/09/14 07:55:06.246, 5, 0, 78639
2026/09/14 07:55:06.746, 4, 0, 78639
2026/09/14 07:55:06.747, 5, 0, 78639
2026/09/14 07:55:07.247, 4, 0, 78639
2026/09/14 07:55:07.247, 5, 0, 78639
2026/09/14 07:55:07.747, 4, 0, 78639
2026/09/14 07:55:07.747, 5, 0, 78639
2026/09/14 07:55:08.247, 4, 0, 78639
2026/09/14 07:55:08.247, 5, 0, 78639
2026/09/14 07:55:08.747, 4, 0, 78639
2026/09/14 07:55:08.747, 5, 0, 78639
2026/09/14 07:55:09.247, 4, 0, 78639
2026/09/14 07:55:09.247, 5, 0, 78639
2026/09/14 07:55:09.748, 4, 23, 78639
2026/09/14 07:55:09.748, 5, 0, 78639
2026/09/14 07:55:10.248, 4, 0, 78639
2026/09/14 07:55:10.248, 5, 0, 78639
2026/09/14 07:55:10.749, 4, 0, 78639
2026/09/14 07:55:10.749, 5, 0, 78639
2026/09/14 07:55:11.249, 4, 0, 78639
2026/09/14 07:55:11.249, 5, 0, 78639
2026/09/14 07:55:11.749, 4, 10, 78639
2026/09/14 07:55:11.749, 5, 9, 78639
2026/09/14 07:55:12.249, 4, 0, 78639
2026/09/14 07:55:12.249, 5, 0, 78639
2026/09/14 07:55:12.749, 4, 0, 78639
2026/09/14 07:55:12.749, 5, 0, 78639
2026/09/14 07:55:13.250, 4, 0, 78639
2026/09/14 07:55:13.250, 5, 0, 78639
2026/09/14 07:55:13.750, 4, 9, 78639
2026/09/14 07:55:13.750, 5, 9, 78639
2026/09/14 07:55:14.250, 4, 0, 78639
2026/09/14 07:55:14.250, 5, 0, 78639
2026/09/14 07:55:14.750, 4, 30, 78639
2026/09/14 07:55:14.750, 5, 30, 78639
2026/09/14 07:55:15.251, 4, 0, 78639
2026/09/14 07:55:15.251, 5, 8, 78639
2026/09/14 07:55:15.751, 4, 0, 78639
2026/09/14 07:55:15.751, 5, 0, 78639
2026/09/14 07:55:16.251, 4, 0, 78639
2026/09/14 07:55:16.251, 5, 0, 78639
2026/09/14 07:55:16.751, 4, 0, 78639
2026/09/14 07:55:16.751, 5, 0, 78639
2026/09/14 07:55:17.251, 4, 0, 78639
2026/09/14 07:55:17.251, 5, 0, 78639
2026/09/14 07:55:17.751, 4, 0, 78639
2026/09/14 07:55:17.752, 5, 0, 78639
2026/09/14 07:55:18.252, 4, 0, 78639
2026/09/14 07:55:18.252, 5, 0, 78639
2026/09/14 07:55:18.752, 4, 0, 78639
2026/09/14 07:55:18.752, 5, 0, 78639
2026/09/14 07:55:19.252, 4, 0, 78639
2026/09/14 07:55:19.252, 5, 0, 78639
2026/09/14 07:55:19.752, 4, 0, 78639
2026/09/14 07:55:19.753, 5, 0, 78639
2026/09/14 07:55:20.254, 4, 0, 78639
2026/09/14 07:55:20.254, 5, 0, 78639
2026/09/14 07:55:20.754, 4, 0, 78639
2026/09/14 07:55:20.754, 5, 0, 78639
2026/09/14 07:55:21.254, 4, 0, 78639
2026/09/14 07:55:21.254, 5, 0, 78639
2026/09/14 07:55:21.754, 4, 0, 78639
2026/09/14 07:55:21.754, 5, 0, 78639
2026/09/14 07:55:22.254, 4, 1, 78639
2026/09/14 07:55:22.254, 5, 11, 78639
2026/09/14 07:55:22.755, 4, 0, 78639
2026/09/14 07:55:22.755, 5, 0, 78639
2026/09/14 07:55:23.255, 4, 6, 78639
2026/09/14 07:55:23.256, 5, 0, 78639
2026/09/14 07:55:23.756, 4, 3, 78639
2026/09/14 07:55:23.756, 5, 0, 78639
2026/09/14 07:55:24.256, 4, 9, 78639
2026/09/14 07:55:24.256, 5, 2, 78639
2026/09/14 07:55:24.756, 4, 0, 78639
2026/09/14 07:55:24.756, 5, 0, 78639
2026/09/14 07:55:25.256, 4, 6, 78639
2026/09/14 07:55:25.256, 5, 0, 78639
2026/09/14 07:55:25.757, 4, 0, 78639
2026/09/14 07:55:25.757, 5, 0, 78639
2026/09/14 07:55:26.257, 4, 30, 78639
2026/09/14 07:55:26.257, 5, 31, 78639
2026/09/14 07:55:26.757, 4, 25, 78639
2026/09/14 07:55:26.757, 5, 26, 78639
2026/09/14 07:55:27.257, 4, 0, 78639
2026/09/14 07:55:27.257, 5, 0, 78639
2026/09/14 07:55:27.757, 4, 0, 78639
2026/09/14 07:55:27.758, 5, 0, 78639
2026/09/14 07:55:28.258, 4, 0, 78639
2026/09/14 07:55:28.258, 5, 0, 78639
2026/09/14 07:55:28.758, 4, 0, 78639
2026/09/14 07:55:28.758, 5, 0, 78639
2026/09/14 07:55:29.258, 4, 0, 78639
2026/09/14 07:55:29.259, 5, 0, 78639
2026/09/14 07:55:29.759, 4, 0, 78639
2026/09/14 07:55:29.759, 5, 0, 78639
2026/09/14 07:55:30.259, 4, 0, 78639
2026/09/14 07:55:30.259, 5, 0, 78639
2026/09/14 07:55:30.759, 4, 0, 78639
2026/09/14 07:55:30.759, 5, 0, 78639
2026/09/14 07:55:31.260, 4, 0, 78639
2026/09/14 07:55:31.260, 5, 0, 78639
2026/09/14 07:55:31.760, 4, 0, 78639
2026/09/14 07:55:31.760, 5, 0, 78639
2026/09/14 07:55:32.260, 4, 0, 78639
2026/09/14 07:55:32.260, 5, 0, 78639
2026/09/14 07:55:32.760, 4, 0, 78639
2026/09/14 07:55:32.760, 5, 0, 78639
2026/09/14 07:55:33.261, 4, 0, 78639
2026/09/14 07:55:33.261, 5, 0, 78639
2026/09/14 07:55:33.761, 4, 0, 78639
2026/09/14 07:55:33.761, 5, 0, 78639
2026/09/14 07:55:34.261, 4, 0, 78639
2026/09/14 07:55:34.262, 5, 0, 78639
2026/09/14 07:55:34.762, 4, 0, 78639
2026/09/14 07:55:34.762, 5, 0, 78639
2026/09/14 07:55:35.262, 4, 0, 78639
2026/09/14 07:55:35.262, 5, 0, 78639
2026/09/14 07:55:35.762, 4, 0, 78639
2026/09/14 07:55:35.762, 5, 0, 78639
2026/09/14 07:55:36.262, 4, 0, 78639
2026/09/14 07:55:36.262, 5, 0, 78639
2026/09/14 07:55:36.762, 4, 0, 78639
2026/09/14 07:55:36.763, 5, 0, 78639
2026/09/14 07:55:37.263, 4, 0, 78639
2026/09/14 07:55:37.263, 5, 0, 78639
2026/09/14 07:55:37.763, 4, 0, 78639
2026/09/14 07:55:37.763, 5, 0, 78639
2026/09/14 07:55:38.263, 4, 0, 78639
2026/09/14 07:55:38.263, 5, 0, 78639
2026/09/14 07:55:38.764, 4, 0, 78639
2026/09/14 07:55:38.764, 5, 0, 78639
2026/09/14 07:55:39.264, 4, 0, 78639
2026/09/14 07:55:39.264, 5, 0, 78639
2026/09/14 07:55:39.764, 4, 0, 78639
2026/09/14 07:55:39.764, 5, 0, 78639
2026/09/14 07:55:40.264, 4, 0, 78639
2026/09/14 07:55:40.264, 5, 0, 78639
2026/09/14 07:55:40.764, 4, 0, 78639
2026/09/14 07:55:40.765, 5, 0, 78639
2026/09/14 07:55:41.265, 4, 0, 78639
2026/09/14 07:55:41.265, 5, 0, 78639
2026/09/14 07:55:41.765, 4, 0, 78639
2026/09/14 07:55:41.765, 5, 0, 78639
2026/09/14 07:55:42.266, 4, 0, 78639
2026/09/14 07:55:42.266, 5, 0, 78639
2026/09/14 07:55:42.766, 4, 0, 78639
2026/09/14 07:55:42.766, 5, 0, 78639
2026/09/14 07:55:43.266, 4, 21, 78639
2026/09/14 07:55:43.267, 5, 21, 78639
2026/09/14 07:55:43.768, 4, 31, 78639
2026/09/14 07:55:43.769, 5, 10, 78639
2026/09/14 07:55:44.269, 4, 0, 78639
2026/09/14 07:55:44.269, 5, 0, 78639
2026/09/14 07:55:44.769, 4, 0, 78639
2026/09/14 07:55:44.769, 5, 0, 78639
2026/09/14 07:55:45.269, 4, 0, 78639
2026/09/14 07:55:45.269, 5, 0, 78639
2026/09/14 07:55:45.769, 4, 0, 78639
2026/09/14 07:55:45.770, 5, 0, 78639
2026/09/14 07:55:46.271, 4, 0, 78639
2026/09/14 07:55:46.271, 5, 0, 78639
2026/09/14 07:55:46.771, 4, 0, 78639
2026/09/14 07:55:46.771, 5, 0, 78639
2026/09/14 07:55:47.271, 4, 0, 78639
2026/09/14 07:55:47.271, 5, 0, 78639
2026/09/14 07:55:47.771, 4, 0, 78639
2026/09/14 07:55:47.771, 5, 0, 78639
2026/09/14 07:55:48.272, 4, 0, 78639
2026/09/14 07:55:48.272, 5, 0, 78639
2026/09/14 07:55:48.772, 4, 0, 78639
2026/09/14 07:55:48.772, 5, 0, 78639
2026/09/14 07:55:49.272, 4, 0, 78639
2026/09/14 07:55:49.272, 5, 0, 78639
2026/09/14 07:55:49.772, 4, 0, 78639
2026/09/14 07:55:49.772, 5, 0, 78639
2026/09/14 07:55:50.272, 4, 0, 78639
2026/09/14 07:55:50.272, 5, 0, 78639
2026/09/14 07:55:50.772, 4, 0, 78639
2026/09/14 07:55:50.773, 5, 0, 78639
2026/09/14 07:55:51.273, 4, 0, 78639
2026/09/14 07:55:51.273, 5, 0, 78639
2026/09/14 07:55:51.773, 4, 0, 78639
2026/09/14 07:55:51.774, 5, 0, 78639
2026/09/14 07:55:52.275, 4, 0, 78639
2026/09/14 07:55:52.275, 5, 0, 78639
2026/09/14 07:55:52.775, 4, 0, 78639
2026/09/14 07:55:52.775, 5, 0, 78639
2026/09/14 07:55:53.275, 4, 0, 78639
2026/09/14 07:55:53.275, 5, 0, 78639
2026/09/14 07:55:53.775, 4, 0, 78639
2026/09/14 07:55:53.776, 5, 0, 78639
2026/09/14 07:55:54.276, 4, 1, 78639
2026/09/14 07:55:54.276, 5, 1, 78639
2026/09/14 07:55:54.776, 4, 0, 78639
2026/09/14 07:55:54.777, 5, 0, 78639
2026/09/14 07:55:55.277, 4, 9, 78639
2026/09/14 07:55:55.278, 5, 9, 78639
2026/09/14 07:55:55.778, 4, 0, 78639
2026/09/14 07:55:55.778, 5, 0, 78639
2026/09/14 07:55:56.278, 4, 0, 78639
2026/09/14 07:55:56.278, 5, 9, 78639
2026/09/14 07:55:56.778, 4, 0, 78639
2026/09/14 07:55:56.779, 5, 0, 78639
2026/09/14 07:55:57.279, 4, 0, 78639
2026/09/14 07:55:57.279, 5, 0, 78639
2026/09/14 07:55:57.780, 4, 0, 78639
2026/09/14 07:55:57.780, 5, 0, 78639
2026/09/14 07:55:58.280, 4, 0, 78639
2026/09/14 07:55:58.280, 5, 10, 78639
2026/09/14 07:55:58.780, 4, 0, 78639
2026/09/14 07:55:58.780, 5, 0, 78639
2026/09/14 07:55:59.280, 4, 3, 78639
2026/09/14 07:55:59.280, 5, 0, 78639
2026/09/14 07:55:59.781, 4, 3, 78639
2026/09/14 07:55:59.781, 5, 0, 78639
2026/09/14 07:56:00.281, 4, 0, 78639
2026/09/14 07:56:00.281, 5, 3, 78639
2026/09/14 07:56:00.781, 4, 30, 78639
2026/09/14 07:56:00.781, 5, 30, 78639
2026/09/14 07:56:01.281, 4, 0, 78639
2026/09/14 07:56:01.281, 5, 0, 78639
2026/09/14 07:56:01.781, 4, 0, 78639
2026/09/14 07:56:01.781, 5, 0, 78639
2026/09/14 07:56:02.282, 4, 0, 78639
2026/09/14 07:56:02.282, 5, 0, 78639
2026/09/14 07:56:02.782, 4, 0, 78639
2026/09/14 07:56:02.782, 5, 0, 78639
2026/09/14 07:56:03.282, 4, 0, 78639
2026/09/14 07:56:03.282, 5, 0, 78639
2026/09/14 07:56:03.783, 4, 0, 78639
2026/09/14 07:56:03.783, 5, 0, 78639
2026/09/14 07:56:04.283, 4, 0, 78639
2026/09/14 07:56:04.283, 5, 0, 78639
2026/09/14 07:56:04.783, 4, 0, 78639
2026/09/14 07:56:04.783, 5, 0, 78639
2026/09/14 07:56:05.284, 4, 0, 78639
2026/09/14 07:56:05.284, 5, 0, 78639
2026/09/14 07:56:05.784, 4, 0, 78639
2026/09/14 07:56:05.784, 5, 0, 78639
2026/09/14 07:56:06.284, 4, 0, 78639
2026/09/14 07:56:06.284, 5, 0, 78639
2026/09/14 07:56:06.784, 4, 0, 78639
2026/09/14 07:56:06.784, 5, 0, 78639
2026/09/14 07:56:07.284, 4, 0, 78639
2026/09/14 07:56:07.285, 5, 0, 78639
2026/09/14 07:56:07.785, 4, 0, 78639
2026/09/14 07:56:07.785, 5, 0, 78639
2026/09/14 07:56:08.285, 4, 1, 78639
2026/09/14 07:56:08.285, 5, 12, 78639
2026/09/14 07:56:08.785, 4, 0, 78639
2026/09/14 07:56:08.785, 5, 0, 78639
2026/09/14 07:56:09.285, 4, 6, 78639
2026/09/14 07:56:09.285, 5, 0, 78639
2026/09/14 07:56:09.785, 4, 0, 78639
2026/09/14 07:56:09.786, 5, 3, 78639
2026/09/14 07:56:10.287, 4, 1, 78639
2026/09/14 07:56:10.287, 5, 12, 78639
2026/09/14 07:56:10.788, 4, 0, 78639
2026/09/14 07:56:10.788, 5, 0, 78639
2026/09/14 07:56:11.289, 4, 6, 78639
2026/09/14 07:56:11.289, 5, 0, 78639
2026/09/14 07:56:11.789, 4, 31, 78639
2026/09/14 07:56:11.789, 5, 10, 78639
2026/09/14 07:56:12.289, 4, 30, 78639
2026/09/14 07:56:12.289, 5, 30, 78639
2026/09/14 07:56:12.790, 4, 29, 78639
2026/09/14 07:56:12.790, 5, 30, 78639
2026/09/14 07:56:13.290, 4, 0, 78639
2026/09/14 07:56:13.290, 5, 0, 78639
2026/09/14 07:56:13.790, 4, 0, 78639
2026/09/14 07:56:13.790, 5, 0, 78639
2026/09/14 07:56:14.290, 4, 0, 78639
2026/09/14 07:56:14.290, 5, 0, 78639
2026/09/14 07:56:14.790, 4, 0, 78639
2026/09/14 07:56:14.791, 5, 0, 78639
2026/09/14 07:56:15.291, 4, 0, 78639
2026/09/14 07:56:15.291, 5, 0, 78639
2026/09/14 07:56:15.792, 4, 0, 78639
2026/09/14 07:56:15.792, 5, 0, 78639
2026/09/14 07:56:16.292, 4, 0, 78639
2026/09/14 07:56:16.292, 5, 0, 78639
2026/09/14 07:56:16.792, 4, 0, 78639
2026/09/14 07:56:16.792, 5, 0, 78639
2026/09/14 07:56:17.293, 4, 0, 78639
2026/09/14 07:56:17.293, 5, 0, 78639
2026/09/14 07:56:17.793, 4, 0, 78639
2026/09/14 07:56:17.793, 5, 0, 78639
2026/09/14 07:56:18.293, 4, 0, 78639
2026/09/14 07:56:18.293, 5, 0, 78639
2026/09/14 07:56:18.793, 4, 0, 78639
2026/09/14 07:56:18.793, 5, 0, 78639
2026/09/14 07:56:19.293, 4, 0, 78639
2026/09/14 07:56:19.294, 5, 0, 78639
2026/09/14 07:56:19.794, 4, 0, 78639
2026/09/14 07:56:19.794, 5, 0, 78639
2026/09/14 07:56:20.294, 4, 0, 78639
2026/09/14 07:56:20.294, 5, 0, 78639
2026/09/14 07:56:20.794, 4, 0, 78639
2026/09/14 07:56:20.794, 5, 0, 78639
2026/09/14 07:56:21.294, 4, 0, 78639
2026/09/14 07:56:21.294, 5, 0, 78639
2026/09/14 07:56:21.795, 4, 0, 78639
2026/09/14 07:56:21.795, 5, 0, 78639
2026/09/14 07:56:22.295, 4, 0, 78639
2026/09/14 07:56:22.295, 5, 0, 78639
2026/09/14 07:56:22.795, 4, 0, 78639
2026/09/14 07:56:22.795, 5, 0, 78639
2026/09/14 07:56:23.295, 4, 0, 78639
2026/09/14 07:56:23.295, 5, 0, 78639
2026/09/14 07:56:23.795, 4, 0, 78639
2026/09/14 07:56:23.795, 5, 0, 78639
2026/09/14 07:56:24.296, 4, 0, 78639
2026/09/14 07:56:24.296, 5, 0, 78639
2026/09/14 07:56:24.796, 4, 0, 78639
2026/09/14 07:56:24.796, 5, 0, 78639
2026/09/14 07:56:25.296, 4, 0, 78639
2026/09/14 07:56:25.296, 5, 0, 78639
2026/09/14 07:56:25.796, 4, 0, 78639
2026/09/14 07:56:25.797, 5, 0, 78639
2026/09/14 07:56:26.297, 4, 0, 78639
2026/09/14 07:56:26.297, 5, 0, 78639
2026/09/14 07:56:26.797, 4, 0, 78639
2026/09/14 07:56:26.797, 5, 0, 78639
2026/09/14 07:56:27.298, 4, 0, 78639
2026/09/14 07:56:27.298, 5, 0, 78639
2026/09/14 07:56:27.798, 4, 0, 78639
2026/09/14 07:56:27.798, 5, 0, 78639
2026/09/14 07:56:28.298, 4, 0, 78639
2026/09/14 07:56:28.298, 5, 0, 78639
2026/09/14 07:56:28.798, 4, 0, 78639
2026/09/14 07:56:28.798, 5, 0, 78639
2026/09/14 07:56:29.299, 4, 10, 78639
2026/09/14 07:56:29.299, 5, 16, 78639
2026/09/14 07:56:29.799, 4, 6, 78639
2026/09/14 07:56:29.799, 5, 0, 78639
2026/09/14 07:56:30.300, 4, 0, 78639
2026/09/14 07:56:30.300, 5, 0, 78639
2026/09/14 07:56:30.800, 4, 0, 78639
2026/09/14 07:56:30.800, 5, 0, 78639
2026/09/14 07:56:31.300, 4, 0, 78639
2026/09/14 07:56:31.300, 5, 0, 78639
2026/09/14 07:56:31.800, 4, 0, 78639
2026/09/14 07:56:31.800, 5, 0, 78639
2026/09/14 07:56:32.300, 4, 0, 78639
2026/09/14 07:56:32.300, 5, 0, 78639
2026/09/14 07:56:32.801, 4, 0, 78639
2026/09/14 07:56:32.801, 5, 0, 78639
2026/09/14 07:56:33.301, 4, 0, 78639
2026/09/14 07:56:33.301, 5, 0, 78639
2026/09/14 07:56:33.801, 4, 0, 78639
2026/09/14 07:56:33.802, 5, 0, 78639
2026/09/14 07:56:34.302, 4, 0, 78639
2026/09/14 07:56:34.302, 5, 0, 78639
2026/09/14 07:56:34.802, 4, 0, 78639
2026/09/14 07:56:34.802, 5, 0, 78639
2026/09/14 07:56:35.303, 4, 0, 78639
2026/09/14 07:56:35.303, 5, 0, 78639
2026/09/14 07:56:35.803, 4, 0, 78639
2026/09/14 07:56:35.803, 5, 0, 78639
2026/09/14 07:56:36.303, 4, 0, 78639
2026/09/14 07:56:36.303, 5, 0, 78639
2026/09/14 07:56:36.803, 4, 0, 78639
2026/09/14 07:56:36.803, 5, 0, 78639
2026/09/14 07:56:37.303, 4, 0, 78639
2026/09/14 07:56:37.304, 5, 0, 78639
2026/09/14 07:56:37.804, 4, 10, 78639
2026/09/14 07:56:37.804, 5, 10, 78639
2026/09/14 07:56:38.304, 4, 0, 78639
2026/09/14 07:56:38.304, 5, 0, 78639
2026/09/14 07:56:38.804, 4, 0, 78639
2026/09/14 07:56:38.804, 5, 0, 78639
2026/09/14 07:56:39.304, 4, 0, 78639
2026/09/14 07:56:39.304, 5, 0, 78639
2026/09/14 07:56:39.804, 4, 0, 78639
2026/09/14 07:56:39.805, 5, 0, 78639
2026/09/14 07:56:40.305, 4, 1, 78639
2026/09/14 07:56:40.305, 5, 0, 78639
2026/09/14 07:56:40.805, 4, 0, 78639
2026/09/14 07:56:40.805, 5, 0, 78639
2026/09/14 07:56:41.305, 4, 9, 78639
2026/09/14 07:56:41.305, 5, 4, 78639
2026/09/14 07:56:41.805, 4, 0, 78639
2026/09/14 07:56:41.805, 5, 0, 78639
2026/09/14 07:56:42.305, 4, 0, 78639
2026/09/14 07:56:42.305, 5, 0, 78639
2026/09/14 07:56:42.806, 4, 1, 78639
2026/09/14 07:56:42.806, 5, 0, 78639
2026/09/14 07:56:43.306, 4, 0, 78639
2026/09/14 07:56:43.306, 5, 0, 78639
2026/09/14 07:56:43.806, 4, 0, 78639
2026/09/14 07:56:43.806, 5, 0, 78639
2026/09/14 07:56:44.306, 4, 0, 78639
2026/09/14 07:56:44.307, 5, 0, 78639
2026/09/14 07:56:44.807, 4, 0, 78637
2026/09/14 07:56:44.808, 5, 0, 78637
2026/09/14 07:56:45.308, 4, 0, 78637
2026/09/14 07:56:45.308, 5, 0, 78637
2026/09/14 07:56:45.808, 4, 0, 78637
2026/09/14 07:56:45.808, 5, 0, 78637
2026/09/14 07:56:46.308, 4, 100, 1541
2026/09/14 07:56:46.308, 5, 0, 1539
2026/09/14 07:56:46.808, 4, 100, 1533
2026/09/14 07:56:46.808, 5, 100, 1533
2026/09/14 07:56:47.309, 4, 100, 0
2026/09/14 07:56:47.410, 5, 100, 0
