2026/08/27 13:13:56.956, 0, 0 %, 0 %, 1017 MiB, 49.30 W
2026/08/27 13:13:56.959, 1, 0 %, 0 %, 9 MiB, 87.05 W
2026/08/27 13:13:57.464, 0, 0 %, 0 %, 1017 MiB, 49.30 W
2026/08/27 13:13:57.576, 1, 0 %, 0 %, 9 MiB, 87.05 W
2026/08/27 13:13:58.198, 0, 0 %, 0 %, 1017 MiB, 49.90 W
2026/08/27 13:13:58.198, 1, 0 %, 0 %, 9 MiB, 80.84 W
2026/08/27 13:13:58.701, 0, 0 %, 0 %, 1017 MiB, 49.90 W
2026/08/27 13:13:58.744, 1, 0 %, 0 %, 9 MiB, 80.84 W
2026/08/27 13:13:59.364, 0, 0 %, 0 %, 1017 MiB, 59.44 W
2026/08/27 13:13:59.364, 1, 0 %, 0 %, 9 MiB, 79.78 W
2026/08/27 13:13:59.871, 0, 0 %, 0 %, 1017 MiB, 59.44 W
2026/08/27 13:13:59.908, 1, 0 %, 0 %, 9 MiB, 79.78 W
2026/08/27 13:14:00.526, 0, 0 %, 0 %, 1017 MiB, 61.31 W
2026/08/27 13:14:00.526, 1, 0 %, 0 %, 9 MiB, 86.30 W
2026/08/27 13:14:01.029, 0, 0 %, 0 %, 1017 MiB, 51.56 W
2026/08/27 13:14:01.158, 1, 0 %, 0 %, 9 MiB, 87.58 W
2026/08/27 13:14:01.778, 0, 0 %, 0 %, 1017 MiB, 51.56 W
2026/08/27 13:14:01.778, 1, 0 %, 0 %, 9 MiB, 87.58 W
2026/08/27 13:14:02.280, 0, 0 %, 0 %, 1017 MiB, 43.59 W
2026/08/27 13:14:02.370, 1, 0 %, 0 %, 9 MiB, 81.14 W
2026/08/27 13:14:02.989, 0, 0 %, 0 %, 1017 MiB, 49.81 W
2026/08/27 13:14:02.989, 1, 0 %, 0 %, 9 MiB, 77.92 W
2026/08/27 13:14:03.493, 0, 0 %, 0 %, 1017 MiB, 49.81 W
2026/08/27 13:14:03.550, 1, 0 %, 0 %, 9 MiB, 77.92 W
2026/08/27 13:14:04.167, 0, 0 %, 0 %, 1017 MiB, 56.44 W
2026/08/27 13:14:04.167, 1, 0 %, 0 %, 9 MiB, 84.44 W
2026/08/27 13:14:04.671, 0, 0 %, 0 %, 1017 MiB, 56.44 W
2026/08/27 13:14:04.756, 1, 0 %, 0 %, 9 MiB, 84.44 W
2026/08/27 13:14:05.384, 0, 0 %, 0 %, 1017 MiB, 52.63 W
2026/08/27 13:14:05.384, 1, 0 %, 0 %, 9 MiB, 87.51 W
2026/08/27 13:14:05.887, 0, 0 %, 0 %, 1017 MiB, 52.63 W
2026/08/27 13:14:05.964, 1, 0 %, 0 %, 9 MiB, 81.80 W
2026/08/27 13:14:06.583, 0, 0 %, 0 %, 1017 MiB, 49.86 W
2026/08/27 13:14:06.583, 1, 0 %, 0 %, 9 MiB, 81.80 W
2026/08/27 13:14:07.089, 0, 0 %, 0 %, 1017 MiB, 55.66 W
2026/08/27 13:14:07.146, 1, 0 %, 0 %, 9 MiB, 78.12 W
2026/08/27 13:14:07.762, 0, 0 %, 0 %, 1017 MiB, 55.66 W
2026/08/27 13:14:07.762, 1, 0 %, 0 %, 9 MiB, 78.12 W
2026/08/27 13:14:08.268, 0, 0 %, 0 %, 1017 MiB, 57.63 W
2026/08/27 13:14:08.363, 1, 0 %, 0 %, 9 MiB, 83.62 W
2026/08/27 13:14:08.980, 0, 0 %, 0 %, 1017 MiB, 49.72 W
2026/08/27 13:14:08.980, 1, 0 %, 0 %, 9 MiB, 87.18 W
2026/08/27 13:14:09.484, 0, 0 %, 0 %, 1017 MiB, 49.72 W
2026/08/27 13:14:09.570, 1, 0 %, 0 %, 9 MiB, 87.18 W
2026/08/27 13:14:10.190, 0, 0 %, 0 %, 1017 MiB, 49.88 W
2026/08/27 13:14:10.190, 1, 0 %, 0 %, 9 MiB, 81.24 W
2026/08/27 13:14:10.691, 0, 0 %, 0 %, 1017 MiB, 49.88 W
2026/08/27 13:14:10.739, 1, 0 %, 0 %, 9 MiB, 81.24 W
2026/08/27 13:14:11.359, 0, 0 %, 0 %, 1017 MiB, 58.92 W
2026/08/27 13:14:11.360, 1, 0 %, 0 %, 9 MiB, 80.32 W
2026/08/27 13:14:11.863, 0, 0 %, 0 %, 1017 MiB, 58.92 W
2026/08/27 13:14:11.941, 1, 0 %, 0 %, 9 MiB, 86.44 W
2026/08/27 13:14:12.557, 0, 0 %, 0 %, 1017 MiB, 56.12 W
2026/08/27 13:14:12.557, 1, 0 %, 0 %, 9 MiB, 86.44 W
2026/08/27 13:14:13.063, 0, 0 %, 0 %, 1017 MiB, 46.78 W
2026/08/27 13:14:13.171, 1, 0 %, 0 %, 9 MiB, 87.44 W
2026/08/27 13:14:13.677, 0, 0 %, 0 %, 1017 MiB, 46.78 W
2026/08/27 13:14:13.677, 1, 0 %, 0 %, 9 MiB, 87.44 W
2026/08/27 13:14:14.186, 0, 0 %, 0 %, 1017 MiB, 47.55 W
2026/08/27 13:14:14.186, 1, 0 %, 0 %, 9 MiB, 81.35 W
2026/08/27 13:14:14.689, 0, 0 %, 0 %, 1017 MiB, 47.55 W
2026/08/27 13:14:14.750, 1, 0 %, 0 %, 9 MiB, 81.35 W
2026/08/27 13:14:15.373, 0, 0 %, 0 %, 1017 MiB, 56.10 W
2026/08/27 13:14:15.374, 1, 0 %, 0 %, 9 MiB, 76.60 W
2026/08/27 13:14:15.883, 0, 0 %, 0 %, 1017 MiB, 56.10 W
2026/08/27 13:14:15.938, 1, 0 %, 0 %, 9 MiB, 82.45 W
2026/08/27 13:14:16.554, 0, 0 %, 0 %, 1017 MiB, 58.70 W
2026/08/27 13:14:16.555, 1, 0 %, 0 %, 9 MiB, 82.45 W
2026/08/27 13:14:17.062, 0, 0 %, 0 %, 1017 MiB, 50.26 W
2026/08/27 13:14:17.171, 1, 0 %, 0 %, 9 MiB, 87.17 W
2026/08/27 13:14:17.791, 0, 0 %, 0 %, 1017 MiB, 50.26 W
2026/08/27 13:14:17.792, 1, 0 %, 0 %, 9 MiB, 87.17 W
2026/08/27 13:14:18.297, 0, 0 %, 0 %, 1017 MiB, 47.71 W
2026/08/27 13:14:18.352, 1, 0 %, 0 %, 9 MiB, 81.46 W
2026/08/27 13:14:18.969, 0, 0 %, 0 %, 1017 MiB, 56.63 W
2026/08/27 13:14:18.969, 1, 0 %, 0 %, 9 MiB, 81.46 W
2026/08/27 13:14:19.476, 0, 0 %, 0 %, 1017 MiB, 56.63 W
2026/08/27 13:14:19.525, 1, 0 %, 0 %, 9 MiB, 77.29 W
2026/08/27 13:14:20.141, 0, 0 %, 0 %, 1017 MiB, 59.97 W
2026/08/27 13:14:20.141, 1, 0 %, 0 %, 9 MiB, 83.01 W
2026/08/27 13:14:20.644, 0, 0 %, 0 %, 1017 MiB, 59.97 W
2026/08/27 13:14:20.755, 1, 0 %, 0 %, 9 MiB, 83.01 W
2026/08/27 13:14:21.384, 0, 0 %, 0 %, 1017 MiB, 49.32 W
2026/08/27 13:14:21.384, 1, 0 %, 0 %, 9 MiB, 87.28 W
2026/08/27 13:14:21.886, 0, 0 %, 0 %, 1017 MiB, 49.32 W
2026/08/27 13:14:21.960, 1, 0 %, 0 %, 9 MiB, 82.30 W
2026/08/27 13:14:22.578, 0, 0 %, 0 %, 1017 MiB, 45.89 W
2026/08/27 13:14:22.578, 1, 0 %, 0 %, 9 MiB, 82.30 W
2026/08/27 13:14:23.083, 0, 0 %, 0 %, 1017 MiB, 56.29 W
2026/08/27 13:14:23.148, 1, 0 %, 0 %, 9 MiB, 77.93 W
2026/08/27 13:14:23.765, 0, 0 %, 0 %, 1017 MiB, 56.29 W
2026/08/27 13:14:23.766, 1, 0 %, 0 %, 9 MiB, 77.93 W
2026/08/27 13:14:24.272, 0, 0 %, 0 %, 1017 MiB, 59.53 W
2026/08/27 13:14:24.341, 1, 0 %, 0 %, 9 MiB, 76.31 W
2026/08/27 13:14:24.958, 0, 0 %, 0 %, 1017 MiB, 52.48 W
2026/08/27 13:14:24.958, 1, 0 %, 0 %, 9 MiB, 76.31 W
2026/08/27 13:14:25.465, 0, 0 %, 0 %, 1017 MiB, 52.48 W
2026/08/27 13:14:25.559, 1, 0 %, 0 %, 9 MiB, 75.82 W
2026/08/27 13:14:26.175, 0, 0 %, 0 %, 1017 MiB, 48.88 W
2026/08/27 13:14:26.175, 1, 0 %, 0 %, 9 MiB, 79.79 W
2026/08/27 13:14:26.679, 0, 0 %, 0 %, 1017 MiB, 48.88 W
2026/08/27 13:14:26.755, 1, 0 %, 0 %, 9 MiB, 79.79 W
2026/08/27 13:14:27.383, 0, 0 %, 0 %, 1017 MiB, 54.47 W
2026/08/27 13:14:27.384, 1, 0 %, 0 %, 9 MiB, 82.18 W
2026/08/27 13:14:27.889, 0, 0 %, 0 %, 1017 MiB, 54.47 W
2026/08/27 13:14:27.961, 1, 0 %, 0 %, 9 MiB, 77.56 W
2026/08/27 13:14:28.583, 0, 0 %, 0 %, 1017 MiB, 56.56 W
2026/08/27 13:14:28.584, 1, 0 %, 0 %, 9 MiB, 77.56 W
2026/08/27 13:14:29.089, 0, 0 %, 0 %, 1017 MiB, 57.78 W
2026/08/27 13:14:29.144, 1, 0 %, 0 %, 9 MiB, 75.25 W
2026/08/27 13:14:29.761, 0, 0 %, 0 %, 1017 MiB, 57.78 W
2026/08/27 13:14:29.761, 1, 0 %, 0 %, 9 MiB, 75.25 W
2026/08/27 13:14:30.266, 0, 0 %, 0 %, 1017 MiB, 58.83 W
2026/08/27 13:14:30.355, 1, 0 %, 0 %, 9 MiB, 82.42 W
2026/08/27 13:14:30.971, 0, 0 %, 0 %, 1017 MiB, 52.38 W
2026/08/27 13:14:30.971, 1, 0 %, 0 %, 9 MiB, 82.42 W
2026/08/27 13:14:31.474, 0, 0 %, 0 %, 1017 MiB, 52.38 W
2026/08/27 13:14:31.567, 1, 0 %, 0 %, 9 MiB, 87.04 W
2026/08/27 13:14:32.184, 0, 0 %, 0 %, 1017 MiB, 51.85 W
2026/08/27 13:14:32.186, 1, 0 %, 0 %, 9 MiB, 81.73 W
2026/08/27 13:14:32.692, 0, 0 %, 0 %, 1017 MiB, 51.85 W
2026/08/27 13:14:32.723, 1, 0 %, 0 %, 9 MiB, 81.73 W
2026/08/27 13:14:33.228, 0, 0 %, 0 %, 1017 MiB, 59.50 W
2026/08/27 13:14:33.228, 1, 0 %, 0 %, 9 MiB, 78.20 W
2026/08/27 13:14:33.734, 0, 0 %, 0 %, 1017 MiB, 59.50 W
2026/08/27 13:14:33.736, 1, 0 %, 0 %, 9 MiB, 78.20 W
2026/08/27 13:14:34.241, 0, 0 %, 0 %, 1017 MiB, 58.48 W
2026/08/27 13:14:34.332, 1, 0 %, 0 %, 9 MiB, 83.46 W
2026/08/27 13:14:34.948, 0, 0 %, 0 %, 1017 MiB, 46.93 W
2026/08/27 13:14:34.948, 1, 0 %, 0 %, 9 MiB, 83.46 W
2026/08/27 13:14:35.456, 0, 0 %, 0 %, 1017 MiB, 46.93 W
2026/08/27 13:14:35.567, 1, 0 %, 0 %, 9 MiB, 87.04 W
2026/08/27 13:14:36.186, 0, 0 %, 0 %, 1017 MiB, 44.10 W
2026/08/27 13:14:36.186, 1, 0 %, 0 %, 9 MiB, 81.64 W
2026/08/27 13:14:36.693, 0, 0 %, 0 %, 1017 MiB, 44.10 W
2026/08/27 13:14:36.730, 1, 0 %, 0 %, 9 MiB, 81.64 W
2026/08/27 13:14:37.352, 0, 0 %, 0 %, 1017 MiB, 55.36 W
2026/08/27 13:14:37.352, 1, 0 %, 0 %, 9 MiB, 78.03 W
2026/08/27 13:14:37.859, 0, 0 %, 0 %, 1017 MiB, 55.36 W
2026/08/27 13:14:37.899, 1, 0 %, 0 %, 9 MiB, 83.47 W
2026/08/27 13:14:38.516, 0, 0 %, 0 %, 1017 MiB, 60.81 W
2026/08/27 13:14:38.516, 1, 0 %, 0 %, 9 MiB, 83.47 W
2026/08/27 13:14:39.020, 0, 0 %, 0 %, 1017 MiB, 49.61 W
2026/08/27 13:14:39.149, 1, 0 %, 0 %, 9 MiB, 87.20 W
2026/08/27 13:14:39.767, 0, 0 %, 0 %, 1017 MiB, 49.61 W
2026/08/27 13:14:39.768, 1, 0 %, 0 %, 9 MiB, 87.20 W
2026/08/27 13:14:40.270, 0, 0 %, 0 %, 1017 MiB, 41.70 W
2026/08/27 13:14:40.357, 1, 0 %, 0 %, 9 MiB, 84.20 W
2026/08/27 13:14:40.973, 0, 0 %, 0 %, 1017 MiB, 50.88 W
2026/08/27 13:14:40.973, 1, 0 %, 0 %, 9 MiB, 84.20 W
2026/08/27 13:14:41.482, 0, 0 %, 0 %, 1017 MiB, 50.88 W
2026/08/27 13:14:41.551, 1, 0 %, 0 %, 9 MiB, 81.92 W
2026/08/27 13:14:42.171, 0, 0 %, 0 %, 1017 MiB, 57.18 W
2026/08/27 13:14:42.171, 1, 0 %, 0 %, 9 MiB, 78.12 W
2026/08/27 13:14:42.678, 0, 0 %, 0 %, 1017 MiB, 57.18 W
2026/08/27 13:14:42.738, 1, 0 %, 0 %, 9 MiB, 78.12 W
2026/08/27 13:14:43.360, 0, 0 %, 0 %, 1017 MiB, 57.85 W
2026/08/27 13:14:43.360, 1, 0 %, 0 %, 9 MiB, 76.47 W
2026/08/27 13:14:43.864, 0, 0 %, 0 %, 1017 MiB, 57.85 W
2026/08/27 13:14:43.950, 1, 0 %, 0 %, 9 MiB, 83.29 W
2026/08/27 13:14:44.567, 0, 0 %, 0 %, 1017 MiB, 55.21 W
2026/08/27 13:14:44.569, 1, 0 %, 0 %, 9 MiB, 83.29 W
2026/08/27 13:14:45.075, 0, 0 %, 0 %, 1017 MiB, 50.90 W
2026/08/27 13:14:45.164, 1, 0 %, 0 %, 9 MiB, 87.01 W
2026/08/27 13:14:45.786, 0, 0 %, 0 %, 1017 MiB, 50.90 W
2026/08/27 13:14:45.787, 1, 0 %, 0 %, 9 MiB, 87.01 W
2026/08/27 13:14:46.292, 0, 0 %, 0 %, 1017 MiB, 53.67 W
2026/08/27 13:14:46.335, 1, 0 %, 0 %, 9 MiB, 80.54 W
2026/08/27 13:14:46.951, 0, 0 %, 0 %, 1017 MiB, 59.05 W
2026/08/27 13:14:46.955, 1, 0 %, 0 %, 9 MiB, 80.54 W
2026/08/27 13:14:47.462, 0, 0 %, 0 %, 1017 MiB, 59.05 W
2026/08/27 13:14:47.505, 1, 0 %, 0 %, 9 MiB, 77.05 W
2026/08/27 13:14:48.122, 0, 0 %, 0 %, 1017 MiB, 59.05 W
2026/08/27 13:14:48.124, 1, 0 %, 0 %, 9 MiB, 83.43 W
2026/08/27 13:14:48.630, 0, 0 %, 0 %, 1017 MiB, 56.06 W
2026/08/27 13:14:48.751, 1, 0 %, 0 %, 9 MiB, 83.43 W
2026/08/27 13:14:49.382, 0, 0 %, 0 %, 1017 MiB, 45.15 W
2026/08/27 13:14:49.382, 1, 0 %, 0 %, 9 MiB, 83.43 W
2026/08/27 13:14:49.892, 0, 0 %, 0 %, 1017 MiB, 45.15 W
2026/08/27 13:14:49.952, 1, 0 %, 0 %, 9 MiB, 83.43 W
2026/08/27 13:14:50.568, 0, 0 %, 0 %, 1017 MiB, 46.32 W
2026/08/27 13:14:50.568, 1, 0 %, 0 %, 9 MiB, 83.43 W
2026/08/27 13:14:51.074, 0, 0 %, 0 %, 1017 MiB, 57.66 W
2026/08/27 13:14:51.113, 1, 0 %, 0 %, 9 MiB, 83.43 W
2026/08/27 13:14:51.734, 0, 0 %, 0 %, 1017 MiB, 57.66 W
2026/08/27 13:14:51.734, 1, 0 %, 0 %, 9 MiB, 83.43 W
2026/08/27 13:14:52.238, 0, 0 %, 0 %, 1017 MiB, 58.19 W
2026/08/27 13:14:52.344, 1, 0 %, 0 %, 9 MiB, 83.43 W
2026/08/27 13:14:52.962, 0, 0 %, 0 %, 1017 MiB, 48.61 W
2026/08/27 13:14:52.962, 1, 0 %, 0 %, 9 MiB, 83.43 W
2026/08/27 13:14:53.466, 0, 0 %, 0 %, 1017 MiB, 48.61 W
2026/08/27 13:14:53.553, 1, 0 %, 0 %, 9 MiB, 83.43 W
2026/08/27 13:14:54.170, 0, 0 %, 0 %, 1017 MiB, 47.34 W
2026/08/27 13:14:54.170, 1, 0 %, 0 %, 9 MiB, 83.43 W
2026/08/27 13:14:54.677, 0, 0 %, 0 %, 1017 MiB, 47.34 W
2026/08/27 13:14:54.739, 1, 0 %, 0 %, 9 MiB, 83.43 W
2026/08/27 13:14:55.364, 0, 0 %, 0 %, 1017 MiB, 55.26 W
2026/08/27 13:14:55.365, 1, 0 %, 0 %, 9 MiB, 83.43 W
2026/08/27 13:14:55.869, 0, 0 %, 0 %, 1017 MiB, 55.26 W
2026/08/27 13:14:55.946, 1, 0 %, 0 %, 9 MiB, 83.43 W
2026/08/27 13:14:56.563, 0, 0 %, 0 %, 1017 MiB, 57.59 W
2026/08/27 13:14:56.563, 1, 0 %, 0 %, 9 MiB, 83.43 W
2026/08/27 13:14:57.069, 0, 0 %, 0 %, 1017 MiB, 53.30 W
2026/08/27 13:14:57.154, 1, 0 %, 0 %, 9 MiB, 83.43 W
2026/08/27 13:14:57.772, 0, 0 %, 0 %, 1017 MiB, 53.30 W
2026/08/27 13:14:57.772, 1, 0 %, 0 %, 9 MiB, 83.43 W
2026/08/27 13:14:58.275, 0, 0 %, 0 %, 1017 MiB, 52.90 W
2026/08/27 13:14:58.342, 1, 0 %, 0 %, 9 MiB, 83.43 W
2026/08/27 13:14:58.957, 0, 0 %, 0 %, 1017 MiB, 57.09 W
2026/08/27 13:14:58.958, 1, 0 %, 0 %, 9 MiB, 83.43 W
2026/08/27 13:14:59.466, 0, 0 %, 0 %, 1017 MiB, 57.09 W
2026/08/27 13:14:59.542, 1, 0 %, 0 %, 9 MiB, 83.43 W
2026/08/27 13:15:00.158, 0, 0 %, 0 %, 1017 MiB, 56.91 W
2026/08/27 13:15:00.158, 1, 0 %, 0 %, 9 MiB, 83.43 W
2026/08/27 13:15:00.659, 0, 0 %, 0 %, 1017 MiB, 56.91 W
2026/08/27 13:15:00.750, 1, 0 %, 0 %, 9 MiB, 83.43 W
2026/08/27 13:15:01.368, 0, 0 %, 0 %, 1017 MiB, 54.47 W
2026/08/27 13:15:01.369, 1, 0 %, 0 %, 9 MiB, 83.43 W
2026/08/27 13:15:01.874, 0, 0 %, 0 %, 1017 MiB, 54.47 W
2026/08/27 13:15:01.940, 1, 0 %, 0 %, 9 MiB, 83.43 W
2026/08/27 13:15:02.558, 0, 0 %, 0 %, 1017 MiB, 54.60 W
2026/08/27 13:15:02.558, 1, 0 %, 0 %, 9 MiB, 83.43 W
2026/08/27 13:15:03.064, 0, 0 %, 0 %, 1017 MiB, 55.01 W
2026/08/27 13:15:03.153, 1, 0 %, 0 %, 9 MiB, 83.43 W
2026/08/27 13:15:03.774, 0, 0 %, 0 %, 1017 MiB, 55.01 W
2026/08/27 13:15:03.774, 1, 0 %, 0 %, 9 MiB, 83.43 W
2026/08/27 13:15:04.277, 0, 0 %, 0 %, 1017 MiB, 53.06 W
2026/08/27 13:15:04.344, 1, 0 %, 0 %, 9 MiB, 83.43 W
2026/08/27 13:15:04.959, 0, 0 %, 0 %, 1017 MiB, 56.65 W
2026/08/27 13:15:04.960, 1, 0 %, 0 %, 9 MiB, 83.43 W
2026/08/27 13:15:05.467, 0, 0 %, 0 %, 1017 MiB, 56.65 W
2026/08/27 13:15:05.498, 1, 0 %, 0 %, 9 MiB, 83.43 W
2026/08/27 13:15:06.115, 0, 0 %, 0 %, 1017 MiB, 60.68 W
2026/08/27 13:15:06.115, 1, 0 %, 0 %, 9 MiB, 83.43 W
2026/08/27 13:15:06.621, 0, 0 %, 0 %, 1017 MiB, 60.68 W
2026/08/27 13:15:06.724, 1, 0 %, 0 %, 9 MiB, 83.43 W
2026/08/27 13:15:07.354, 0, 0 %, 0 %, 1446 MiB, 46.11 W
2026/08/27 13:15:07.354, 1, 0 %, 0 %, 438 MiB, 83.43 W
2026/08/27 13:15:07.857, 0, 0 %, 0 %, 44644 MiB, 54.53 W
2026/08/27 13:15:07.857, 1, 0 %, 0 %, 440 MiB, 87.36 W
2026/08/27 13:15:08.363, 0, 0 %, 0 %, 44644 MiB, 84.03 W
2026/08/27 13:15:08.453, 1, 0 %, 0 %, 440 MiB, 90.69 W
2026/08/27 13:15:09.089, 0, 0 %, 0 %, 44646 MiB, 83.53 W
2026/08/27 13:15:09.089, 1, 0 %, 0 %, 440 MiB, 90.44 W
2026/08/27 13:15:09.592, 0, 0 %, 0 %, 44646 MiB, 83.40 W
2026/08/27 13:15:09.715, 1, 0 %, 0 %, 440 MiB, 84.12 W
2026/08/27 13:15:10.333, 0, 0 %, 0 %, 44646 MiB, 84.44 W
2026/08/27 13:15:10.338, 1, 0 %, 0 %, 440 MiB, 84.12 W
2026/08/27 13:15:10.844, 0, 0 %, 0 %, 44646 MiB, 84.44 W
2026/08/27 13:15:10.864, 1, 0 %, 0 %, 440 MiB, 86.75 W
2026/08/27 13:15:11.480, 0, 0 %, 0 %, 44646 MiB, 65.55 W
2026/08/27 13:15:11.480, 1, 0 %, 0 %, 440 MiB, 86.75 W
2026/08/27 13:15:11.984, 0, 0 %, 0 %, 44646 MiB, 65.55 W
2026/08/27 13:15:12.019, 1, 0 %, 0 %, 440 MiB, 87.11 W
2026/08/27 13:15:12.643, 0, 0 %, 0 %, 44646 MiB, 64.55 W
2026/08/27 13:15:12.643, 1, 0 %, 0 %, 440 MiB, 78.32 W
2026/08/27 13:15:13.147, 0, 0 %, 0 %, 44646 MiB, 64.55 W
2026/08/27 13:15:13.163, 1, 0 %, 0 %, 440 MiB, 78.32 W
2026/08/27 13:15:13.666, 0, 0 %, 0 %, 44646 MiB, 72.53 W
2026/08/27 13:15:13.668, 1, 0 %, 0 %, 440 MiB, 78.32 W
2026/08/27 13:15:14.173, 0, 0 %, 0 %, 44646 MiB, 81.10 W
2026/08/27 13:15:14.173, 1, 0 %, 0 %, 440 MiB, 70.39 W
2026/08/27 13:15:14.679, 0, 0 %, 0 %, 44646 MiB, 81.10 W
2026/08/27 13:15:14.681, 1, 0 %, 0 %, 440 MiB, 73.51 W
2026/08/27 13:15:15.300, 0, 0 %, 0 %, 44646 MiB, 82.61 W
2026/08/27 13:15:15.302, 1, 0 %, 0 %, 440 MiB, 73.51 W
2026/08/27 13:15:15.806, 0, 0 %, 0 %, 44646 MiB, 82.61 W
2026/08/27 13:15:15.838, 1, 0 %, 0 %, 440 MiB, 76.68 W
2026/08/27 13:15:16.465, 0, 0 %, 0 %, 44646 MiB, 76.10 W
2026/08/27 13:15:16.465, 1, 0 %, 0 %, 440 MiB, 76.68 W
2026/08/27 13:15:16.965, 0, 0 %, 0 %, 44646 MiB, 76.10 W
2026/08/27 13:15:16.991, 1, 0 %, 0 %, 440 MiB, 73.96 W
2026/08/27 13:15:17.617, 0, 0 %, 0 %, 44646 MiB, 71.54 W
2026/08/27 13:15:17.617, 1, 0 %, 0 %, 440 MiB, 71.61 W
2026/08/27 13:15:18.117, 0, 0 %, 0 %, 44646 MiB, 71.54 W
2026/08/27 13:15:18.136, 1, 0 %, 0 %, 440 MiB, 71.61 W
2026/08/27 13:15:18.755, 0, 0 %, 0 %, 44646 MiB, 79.06 W
2026/08/27 13:15:18.755, 1, 0 %, 0 %, 440 MiB, 72.95 W
2026/08/27 13:15:19.259, 0, 0 %, 0 %, 44646 MiB, 83.19 W
2026/08/27 13:15:19.273, 1, 0 %, 0 %, 440 MiB, 72.95 W
2026/08/27 13:15:19.891, 0, 0 %, 0 %, 44646 MiB, 83.19 W
2026/08/27 13:15:19.891, 1, 0 %, 0 %, 440 MiB, 80.88 W
2026/08/27 13:15:20.392, 0, 0 %, 0 %, 44646 MiB, 81.10 W
2026/08/27 13:15:20.411, 1, 0 %, 0 %, 440 MiB, 80.88 W
2026/08/27 13:15:21.031, 0, 0 %, 0 %, 44646 MiB, 81.10 W
2026/08/27 13:15:21.031, 1, 0 %, 0 %, 440 MiB, 88.40 W
2026/08/27 13:15:21.536, 0, 0 %, 0 %, 44646 MiB, 76.47 W
2026/08/27 13:15:21.553, 1, 0 %, 0 %, 440 MiB, 88.40 W
2026/08/27 13:15:22.175, 0, 0 %, 0 %, 44646 MiB, 77.55 W
2026/08/27 13:15:22.175, 1, 0 %, 0 %, 440 MiB, 79.75 W
2026/08/27 13:15:22.677, 0, 0 %, 0 %, 44646 MiB, 77.55 W
2026/08/27 13:15:22.699, 1, 0 %, 0 %, 440 MiB, 73.51 W
2026/08/27 13:15:23.317, 0, 0 %, 0 %, 44646 MiB, 82.95 W
2026/08/27 13:15:23.318, 1, 0 %, 0 %, 440 MiB, 73.51 W
2026/08/27 13:15:23.824, 0, 0 %, 0 %, 44646 MiB, 82.95 W
2026/08/27 13:15:23.857, 1, 0 %, 0 %, 440 MiB, 76.32 W
2026/08/27 13:15:24.480, 0, 0 %, 0 %, 44646 MiB, 80.18 W
2026/08/27 13:15:24.480, 1, 0 %, 0 %, 440 MiB, 76.32 W
2026/08/27 13:15:24.986, 0, 0 %, 0 %, 44646 MiB, 80.18 W
2026/08/27 13:15:25.055, 1, 0 %, 0 %, 440 MiB, 71.86 W
2026/08/27 13:15:25.708, 0, 0 %, 0 %, 44646 MiB, 70.53 W
2026/08/27 13:15:25.708, 1, 0 %, 0 %, 440 MiB, 71.86 W
2026/08/27 13:15:26.216, 0, 0 %, 0 %, 44646 MiB, 62.44 W
2026/08/27 13:15:26.348, 1, 0 %, 0 %, 440 MiB, 57.77 W
2026/08/27 13:15:26.974, 0, 0 %, 0 %, 44646 MiB, 62.44 W
2026/08/27 13:15:26.976, 1, 0 %, 0 %, 440 MiB, 55.79 W
2026/08/27 13:15:27.479, 0, 0 %, 0 %, 44646 MiB, 56.73 W
2026/08/27 13:15:27.537, 1, 0 %, 0 %, 440 MiB, 55.79 W
2026/08/27 13:15:28.156, 0, 0 %, 0 %, 44646 MiB, 56.14 W
2026/08/27 13:15:28.156, 1, 0 %, 0 %, 440 MiB, 69.01 W
2026/08/27 13:15:28.660, 0, 0 %, 0 %, 44646 MiB, 56.14 W
2026/08/27 13:15:28.714, 1, 0 %, 0 %, 440 MiB, 80.81 W
2026/08/27 13:15:29.331, 0, 0 %, 0 %, 44646 MiB, 58.96 W
2026/08/27 13:15:29.331, 1, 0 %, 0 %, 440 MiB, 80.81 W
2026/08/27 13:15:29.834, 0, 0 %, 0 %, 44646 MiB, 58.96 W
2026/08/27 13:15:29.946, 1, 0 %, 0 %, 440 MiB, 87.63 W
2026/08/27 13:15:30.566, 0, 0 %, 0 %, 44646 MiB, 52.12 W
2026/08/27 13:15:30.566, 1, 0 %, 0 %, 440 MiB, 80.62 W
2026/08/27 13:15:31.069, 0, 0 %, 0 %, 44646 MiB, 52.12 W
2026/08/27 13:15:31.136, 1, 0 %, 0 %, 440 MiB, 80.62 W
2026/08/27 13:15:31.754, 0, 0 %, 0 %, 44646 MiB, 49.87 W
2026/08/27 13:15:31.755, 1, 0 %, 0 %, 440 MiB, 75.91 W
2026/08/27 13:15:32.259, 0, 0 %, 0 %, 44646 MiB, 57.10 W
2026/08/27 13:15:32.310, 1, 0 %, 0 %, 440 MiB, 75.91 W
2026/08/27 13:15:32.926, 0, 0 %, 0 %, 44646 MiB, 57.10 W
2026/08/27 13:15:32.928, 1, 0 %, 0 %, 440 MiB, 82.89 W
2026/08/27 13:15:33.434, 0, 0 %, 0 %, 44646 MiB, 59.31 W
2026/08/27 13:15:33.520, 1, 0 %, 0 %, 440 MiB, 82.89 W
2026/08/27 13:15:34.149, 0, 0 %, 0 %, 44646 MiB, 50.17 W
2026/08/27 13:15:34.149, 1, 0 %, 0 %, 440 MiB, 87.65 W
2026/08/27 13:15:34.653, 0, 0 %, 0 %, 44646 MiB, 50.17 W
2026/08/27 13:15:34.740, 1, 0 %, 0 %, 440 MiB, 81.64 W
2026/08/27 13:15:35.357, 0, 0 %, 0 %, 44646 MiB, 47.81 W
2026/08/27 13:15:35.357, 1, 0 %, 0 %, 440 MiB, 81.64 W
2026/08/27 13:15:35.859, 0, 0 %, 0 %, 44646 MiB, 47.81 W
2026/08/27 13:15:35.924, 1, 0 %, 0 %, 440 MiB, 75.22 W
2026/08/27 13:15:36.542, 0, 0 %, 0 %, 44646 MiB, 56.67 W
2026/08/27 13:15:36.543, 1, 0 %, 0 %, 440 MiB, 73.70 W
2026/08/27 13:15:37.046, 0, 0 %, 0 %, 44646 MiB, 56.67 W
2026/08/27 13:15:37.125, 1, 0 %, 0 %, 440 MiB, 73.70 W
2026/08/27 13:15:37.747, 0, 0 %, 0 %, 44646 MiB, 58.89 W
2026/08/27 13:15:37.747, 1, 0 %, 0 %, 440 MiB, 73.70 W
2026/08/27 13:15:38.253, 0, 0 %, 0 %, 44646 MiB, 51.95 W
2026/08/27 13:15:38.337, 1, 0 %, 0 %, 440 MiB, 73.52 W
2026/08/27 13:15:38.954, 0, 0 %, 0 %, 44646 MiB, 51.95 W
2026/08/27 13:15:38.954, 1, 0 %, 0 %, 440 MiB, 81.61 W
2026/08/27 13:15:39.461, 0, 0 %, 0 %, 44646 MiB, 52.06 W
2026/08/27 13:15:39.505, 1, 0 %, 0 %, 440 MiB, 81.61 W
2026/08/27 13:15:40.132, 0, 0 %, 0 %, 44646 MiB, 59.17 W
2026/08/27 13:15:40.132, 1, 0 %, 0 %, 440 MiB, 88.22 W
2026/08/27 13:15:40.635, 0, 0 %, 0 %, 44646 MiB, 59.17 W
2026/08/27 13:15:40.721, 1, 0 %, 0 %, 440 MiB, 81.64 W
2026/08/27 13:15:41.341, 0, 0 %, 0 %, 44646 MiB, 53.42 W
2026/08/27 13:15:41.342, 1, 0 %, 0 %, 440 MiB, 81.64 W
2026/08/27 13:15:41.845, 0, 0 %, 0 %, 44646 MiB, 53.42 W
2026/08/27 13:15:41.947, 1, 0 %, 0 %, 440 MiB, 75.22 W
2026/08/27 13:15:42.564, 0, 0 %, 0 %, 44646 MiB, 47.97 W
2026/08/27 13:15:42.564, 1, 0 %, 0 %, 440 MiB, 80.75 W
2026/08/27 13:15:43.072, 0, 0 %, 0 %, 44646 MiB, 54.32 W
2026/08/27 13:15:43.104, 1, 0 %, 0 %, 440 MiB, 80.75 W
2026/08/27 13:15:43.721, 0, 0 %, 0 %, 44646 MiB, 54.32 W
2026/08/27 13:15:43.722, 1, 0 %, 0 %, 440 MiB, 86.90 W
2026/08/27 13:15:44.228, 0, 0 %, 0 %, 44646 MiB, 60.17 W
2026/08/27 13:15:44.316, 1, 0 %, 0 %, 440 MiB, 86.90 W
2026/08/27 13:15:44.937, 0, 0 %, 0 %, 44646 MiB, 60.17 W
2026/08/27 13:15:44.937, 1, 0 %, 0 %, 440 MiB, 80.68 W
2026/08/27 13:15:45.441, 0, 0 %, 0 %, 44646 MiB, 49.58 W
2026/08/27 13:15:45.538, 1, 0 %, 0 %, 440 MiB, 80.68 W
2026/08/27 13:15:46.160, 0, 0 %, 0 %, 44646 MiB, 45.64 W
2026/08/27 13:15:46.161, 1, 0 %, 0 %, 440 MiB, 76.24 W
2026/08/27 13:15:46.665, 0, 0 %, 0 %, 44646 MiB, 45.64 W
2026/08/27 13:15:46.726, 1, 0 %, 0 %, 440 MiB, 82.59 W
2026/08/27 13:15:47.344, 0, 0 %, 0 %, 44646 MiB, 55.59 W
2026/08/27 13:15:47.344, 1, 0 %, 0 %, 440 MiB, 82.59 W
2026/08/27 13:15:47.846, 0, 0 %, 0 %, 44646 MiB, 55.59 W
2026/08/27 13:15:47.907, 1, 0 %, 0 %, 440 MiB, 86.77 W
2026/08/27 13:15:48.528, 0, 0 %, 0 %, 44646 MiB, 59.04 W
2026/08/27 13:15:48.528, 1, 0 %, 0 %, 440 MiB, 81.65 W
2026/08/27 13:15:49.031, 0, 0 %, 0 %, 44646 MiB, 59.04 W
2026/08/27 13:15:49.138, 1, 0 %, 0 %, 440 MiB, 81.65 W
2026/08/27 13:15:49.755, 0, 0 %, 0 %, 44646 MiB, 53.22 W
2026/08/27 13:15:49.756, 1, 0 %, 0 %, 440 MiB, 78.27 W
2026/08/27 13:15:50.261, 0, 0 %, 0 %, 44646 MiB, 47.91 W
2026/08/27 13:15:50.338, 1, 0 %, 0 %, 440 MiB, 78.27 W
2026/08/27 13:15:50.960, 0, 0 %, 0 %, 44646 MiB, 47.91 W
2026/08/27 13:15:50.961, 1, 0 %, 0 %, 440 MiB, 77.79 W
2026/08/27 13:15:51.465, 0, 0 %, 0 %, 44646 MiB, 53.39 W
2026/08/27 13:15:51.518, 1, 0 %, 0 %, 440 MiB, 77.79 W
2026/08/27 13:15:52.139, 0, 0 %, 0 %, 44646 MiB, 58.81 W
2026/08/27 13:15:52.140, 1, 0 %, 0 %, 440 MiB, 76.18 W
2026/08/27 13:15:52.644, 0, 0 %, 0 %, 44646 MiB, 58.81 W
2026/08/27 13:15:52.699, 1, 0 %, 0 %, 440 MiB, 82.00 W
2026/08/27 13:15:53.315, 0, 0 %, 0 %, 44646 MiB, 57.90 W
2026/08/27 13:15:53.315, 1, 0 %, 0 %, 440 MiB, 82.00 W
2026/08/27 13:15:53.823, 0, 0 %, 0 %, 44646 MiB, 57.90 W
2026/08/27 13:15:53.945, 1, 0 %, 0 %, 440 MiB, 87.25 W
2026/08/27 13:15:54.567, 0, 0 %, 0 %, 44646 MiB, 47.26 W
2026/08/27 13:15:54.567, 1, 0 %, 0 %, 440 MiB, 81.48 W
2026/08/27 13:15:55.073, 0, 0 %, 0 %, 44646 MiB, 47.26 W
2026/08/27 13:15:55.117, 1, 0 %, 0 %, 440 MiB, 81.48 W
2026/08/27 13:15:55.623, 0, 0 %, 0 %, 44646 MiB, 46.89 W
2026/08/27 13:15:55.625, 1, 0 %, 0 %, 440 MiB, 81.48 W
2026/08/27 13:15:56.134, 0, 0 %, 0 %, 44646 MiB, 58.26 W
2026/08/27 13:15:56.134, 1, 0 %, 0 %, 440 MiB, 77.81 W
2026/08/27 13:15:56.637, 0, 0 %, 0 %, 44646 MiB, 58.26 W
2026/08/27 13:15:56.668, 1, 0 %, 0 %, 440 MiB, 84.12 W
2026/08/27 13:15:57.285, 0, 0 %, 0 %, 44646 MiB, 60.59 W
2026/08/27 13:15:57.286, 1, 0 %, 0 %, 440 MiB, 84.12 W
2026/08/27 13:15:57.794, 0, 0 %, 0 %, 44646 MiB, 60.59 W
2026/08/27 13:15:57.919, 1, 0 %, 0 %, 440 MiB, 88.04 W
2026/08/27 13:15:58.538, 0, 0 %, 0 %, 44646 MiB, 49.34 W
2026/08/27 13:15:58.538, 1, 0 %, 0 %, 440 MiB, 88.04 W
2026/08/27 13:15:59.044, 0, 0 %, 0 %, 44646 MiB, 49.34 W
2026/08/27 13:15:59.134, 1, 0 %, 0 %, 440 MiB, 80.40 W
2026/08/27 13:15:59.751, 0, 0 %, 0 %, 44646 MiB, 42.01 W
2026/08/27 13:15:59.751, 1, 0 %, 0 %, 440 MiB, 75.57 W
2026/08/27 13:16:00.256, 0, 0 %, 0 %, 44646 MiB, 51.53 W
2026/08/27 13:16:00.318, 1, 0 %, 0 %, 440 MiB, 75.57 W
2026/08/27 13:16:00.934, 0, 0 %, 0 %, 44646 MiB, 51.53 W
2026/08/27 13:16:00.934, 1, 0 %, 0 %, 440 MiB, 83.34 W
2026/08/27 13:16:01.439, 0, 0 %, 0 %, 44646 MiB, 58.10 W
2026/08/27 13:16:01.515, 1, 0 %, 0 %, 440 MiB, 83.34 W
2026/08/27 13:16:02.144, 0, 0 %, 0 %, 44646 MiB, 52.05 W
2026/08/27 13:16:02.144, 1, 0 %, 0 %, 440 MiB, 88.10 W
2026/08/27 13:16:02.649, 0, 0 %, 0 %, 44646 MiB, 52.05 W
2026/08/27 13:16:02.729, 1, 0 %, 0 %, 440 MiB, 81.53 W
2026/08/27 13:16:03.347, 0, 0 %, 0 %, 44646 MiB, 50.39 W
2026/08/27 13:16:03.347, 1, 0 %, 0 %, 440 MiB, 81.53 W
2026/08/27 13:16:03.850, 0, 0 %, 0 %, 44646 MiB, 50.39 W
2026/08/27 13:16:03.897, 1, 0 %, 0 %, 440 MiB, 76.32 W
2026/08/27 13:16:04.514, 0, 0 %, 0 %, 44646 MiB, 57.88 W
2026/08/27 13:16:04.514, 1, 0 %, 0 %, 440 MiB, 82.29 W
2026/08/27 13:16:05.022, 0, 0 %, 0 %, 44646 MiB, 57.88 W
2026/08/27 13:16:05.121, 1, 0 %, 0 %, 440 MiB, 82.29 W
2026/08/27 13:16:05.737, 0, 0 %, 0 %, 44646 MiB, 55.70 W
2026/08/27 13:16:05.737, 1, 0 %, 0 %, 440 MiB, 82.29 W
2026/08/27 13:16:06.243, 0, 0 %, 0 %, 44646 MiB, 47.89 W
2026/08/27 13:16:06.334, 1, 0 %, 0 %, 440 MiB, 87.23 W
2026/08/27 13:16:06.954, 0, 0 %, 0 %, 44646 MiB, 47.89 W
2026/08/27 13:16:06.955, 1, 0 %, 0 %, 440 MiB, 80.32 W
2026/08/27 13:16:07.461, 0, 0 %, 0 %, 44646 MiB, 49.59 W
2026/08/27 13:16:07.514, 1, 0 %, 0 %, 440 MiB, 80.32 W
2026/08/27 13:16:08.134, 0, 0 %, 0 %, 44646 MiB, 56.33 W
2026/08/27 13:16:08.135, 1, 0 %, 0 %, 440 MiB, 74.72 W
2026/08/27 13:16:08.640, 0, 0 %, 0 %, 44646 MiB, 56.33 W
2026/08/27 13:16:08.712, 1, 0 %, 0 %, 440 MiB, 82.04 W
2026/08/27 13:16:09.326, 0, 0 %, 0 %, 44646 MiB, 56.12 W
2026/08/27 13:16:09.327, 1, 0 %, 0 %, 440 MiB, 82.04 W
2026/08/27 13:16:09.833, 0, 0 %, 0 %, 44646 MiB, 56.12 W
2026/08/27 13:16:09.936, 1, 0 %, 0 %, 440 MiB, 87.89 W
2026/08/27 13:16:10.558, 0, 0 %, 0 %, 44646 MiB, 49.41 W
2026/08/27 13:16:10.558, 1, 0 %, 0 %, 440 MiB, 80.90 W
2026/08/27 13:16:11.062, 0, 0 %, 0 %, 44646 MiB, 49.41 W
2026/08/27 13:16:11.117, 1, 0 %, 0 %, 440 MiB, 80.90 W
2026/08/27 13:16:11.736, 0, 0 %, 0 %, 44646 MiB, 49.53 W
2026/08/27 13:16:11.737, 1, 0 %, 0 %, 440 MiB, 74.85 W
2026/08/27 13:16:12.242, 0, 0 %, 0 %, 44646 MiB, 56.49 W
2026/08/27 13:16:12.287, 1, 0 %, 0 %, 440 MiB, 74.85 W
2026/08/27 13:16:12.901, 0, 0 %, 0 %, 44646 MiB, 56.49 W
2026/08/27 13:16:12.902, 1, 0 %, 0 %, 440 MiB, 81.17 W
2026/08/27 13:16:13.402, 0, 0 %, 0 %, 44646 MiB, 57.21 W
2026/08/27 13:16:13.515, 1, 0 %, 0 %, 440 MiB, 81.17 W
2026/08/27 13:16:14.017, 0, 0 %, 0 %, 44646 MiB, 46.79 W
2026/08/27 13:16:14.017, 1, 0 %, 0 %, 440 MiB, 86.58 W
2026/08/27 13:16:14.566, 0, 0 %, 0 %, 44646 MiB, 46.79 W
2026/08/27 13:16:14.567, 1, 0 %, 0 %, 440 MiB, 86.58 W
2026/08/27 13:16:15.074, 0, 0 %, 0 %, 44646 MiB, 46.79 W
2026/08/27 13:16:15.118, 1, 0 %, 0 %, 440 MiB, 80.95 W
2026/08/27 13:16:15.734, 0, 0 %, 0 %, 44646 MiB, 46.71 W
2026/08/27 13:16:15.736, 1, 0 %, 0 %, 440 MiB, 77.68 W
2026/08/27 13:16:16.241, 0, 0 %, 0 %, 44646 MiB, 58.48 W
2026/08/27 13:16:16.270, 1, 0 %, 0 %, 440 MiB, 77.68 W
2026/08/27 13:16:16.887, 0, 0 %, 0 %, 44646 MiB, 58.48 W
2026/08/27 13:16:16.887, 1, 0 %, 0 %, 440 MiB, 84.03 W
2026/08/27 13:16:17.391, 0, 0 %, 0 %, 44646 MiB, 61.00 W
2026/08/27 13:16:17.490, 1, 0 %, 0 %, 440 MiB, 84.03 W
2026/08/27 13:16:18.114, 0, 0 %, 0 %, 44646 MiB, 49.48 W
2026/08/27 13:16:18.117, 1, 0 %, 0 %, 440 MiB, 87.93 W
2026/08/27 13:16:18.621, 0, 0 %, 0 %, 44646 MiB, 49.48 W
2026/08/27 13:16:18.736, 1, 0 %, 0 %, 440 MiB, 87.93 W
2026/08/27 13:16:19.357, 0, 0 %, 0 %, 44646 MiB, 42.17 W
2026/08/27 13:16:19.357, 1, 0 %, 0 %, 440 MiB, 79.01 W
2026/08/27 13:16:19.863, 0, 0 %, 0 %, 44646 MiB, 42.17 W
2026/08/27 13:16:19.904, 1, 0 %, 0 %, 440 MiB, 73.42 W
2026/08/27 13:16:20.521, 0, 0 %, 0 %, 44646 MiB, 53.26 W
2026/08/27 13:16:20.522, 1, 0 %, 0 %, 440 MiB, 73.42 W
2026/08/27 13:16:21.027, 0, 0 %, 0 %, 44646 MiB, 53.26 W
2026/08/27 13:16:21.066, 1, 0 %, 0 %, 440 MiB, 82.36 W
2026/08/27 13:16:21.683, 0, 0 %, 0 %, 44646 MiB, 61.30 W
2026/08/27 13:16:21.684, 1, 0 %, 0 %, 440 MiB, 87.98 W
2026/08/27 13:16:22.188, 0, 0 %, 0 %, 44646 MiB, 54.18 W
2026/08/27 13:16:22.324, 1, 0 %, 0 %, 440 MiB, 87.98 W
2026/08/27 13:16:22.947, 0, 0 %, 0 %, 44646 MiB, 54.18 W
2026/08/27 13:16:22.947, 1, 0 %, 0 %, 440 MiB, 80.03 W
2026/08/27 13:16:23.453, 0, 0 %, 0 %, 44646 MiB, 47.58 W
2026/08/27 13:16:23.521, 1, 0 %, 0 %, 440 MiB, 80.03 W
2026/08/27 13:16:24.141, 0, 0 %, 0 %, 44646 MiB, 52.61 W
2026/08/27 13:16:24.141, 1, 0 %, 0 %, 440 MiB, 73.62 W
2026/08/27 13:16:24.650, 0, 0 %, 0 %, 44646 MiB, 52.61 W
2026/08/27 13:16:24.709, 1, 0 %, 0 %, 440 MiB, 77.85 W
2026/08/27 13:16:25.327, 0, 0 %, 0 %, 44646 MiB, 56.86 W
2026/08/27 13:16:25.327, 1, 0 %, 0 %, 440 MiB, 77.85 W
2026/08/27 13:16:25.836, 0, 0 %, 0 %, 44646 MiB, 56.86 W
2026/08/27 13:16:25.938, 1, 0 %, 0 %, 440 MiB, 80.40 W
2026/08/27 13:16:26.559, 0, 0 %, 0 %, 44646 MiB, 52.86 W
2026/08/27 13:16:26.561, 1, 0 %, 0 %, 440 MiB, 80.40 W
2026/08/27 13:16:27.065, 0, 0 %, 0 %, 44646 MiB, 52.86 W
2026/08/27 13:16:27.107, 1, 0 %, 0 %, 440 MiB, 78.03 W
2026/08/27 13:16:27.725, 0, 0 %, 0 %, 44646 MiB, 51.92 W
2026/08/27 13:16:27.725, 1, 0 %, 0 %, 440 MiB, 78.03 W
2026/08/27 13:16:28.228, 0, 0 %, 0 %, 44646 MiB, 57.89 W
2026/08/27 13:16:28.264, 1, 0 %, 0 %, 440 MiB, 78.68 W
2026/08/27 13:16:28.882, 0, 0 %, 0 %, 44646 MiB, 57.89 W
2026/08/27 13:16:28.882, 1, 0 %, 0 %, 440 MiB, 84.87 W
2026/08/27 13:16:29.388, 0, 0 %, 0 %, 44646 MiB, 60.01 W
2026/08/27 13:16:29.479, 1, 0 %, 0 %, 440 MiB, 84.87 W
2026/08/27 13:16:30.113, 0, 0 %, 0 %, 44646 MiB, 48.95 W
2026/08/27 13:16:30.114, 1, 0 %, 0 %, 440 MiB, 88.11 W
2026/08/27 13:16:30.618, 0, 0 %, 0 %, 44646 MiB, 48.95 W
2026/08/27 13:16:30.726, 1, 0 %, 0 %, 440 MiB, 79.51 W
2026/08/27 13:16:31.350, 0, 0 %, 0 %, 44646 MiB, 41.90 W
2026/08/27 13:16:31.352, 1, 0 %, 0 %, 440 MiB, 79.51 W
2026/08/27 13:16:31.857, 0, 0 %, 0 %, 44646 MiB, 41.90 W
2026/08/27 13:16:31.914, 1, 0 %, 0 %, 440 MiB, 73.13 W
2026/08/27 13:16:32.533, 0, 0 %, 0 %, 44646 MiB, 51.20 W
2026/08/27 13:16:32.536, 1, 0 %, 0 %, 440 MiB, 73.13 W
2026/08/27 13:16:33.042, 0, 0 %, 0 %, 44646 MiB, 51.20 W
2026/08/27 13:16:33.086, 1, 0 %, 0 %, 440 MiB, 81.03 W
2026/08/27 13:16:33.704, 0, 0 %, 0 %, 44646 MiB, 57.74 W
2026/08/27 13:16:33.704, 1, 0 %, 0 %, 440 MiB, 81.03 W
2026/08/27 13:16:34.208, 0, 0 %, 0 %, 44646 MiB, 54.56 W
2026/08/27 13:16:34.319, 1, 0 %, 0 %, 440 MiB, 87.03 W
2026/08/27 13:16:34.824, 0, 0 %, 0 %, 44646 MiB, 54.56 W
2026/08/27 13:16:34.825, 1, 0 %, 0 %, 440 MiB, 80.79 W
2026/08/27 13:16:35.340, 0, 0 %, 0 %, 44646 MiB, 49.56 W
2026/08/27 13:16:35.342, 1, 0 %, 0 %, 440 MiB, 80.79 W
2026/08/27 13:16:35.847, 0, 0 %, 0 %, 44646 MiB, 49.56 W
2026/08/27 13:16:35.920, 1, 0 %, 0 %, 440 MiB, 76.09 W
2026/08/27 13:16:36.537, 0, 0 %, 0 %, 44646 MiB, 51.90 W
2026/08/27 13:16:36.537, 1, 0 %, 0 %, 440 MiB, 76.09 W
2026/08/27 13:16:37.040, 0, 0 %, 0 %, 44646 MiB, 51.90 W
2026/08/27 13:16:37.107, 1, 0 %, 0 %, 440 MiB, 82.39 W
2026/08/27 13:16:37.728, 0, 0 %, 0 %, 44646 MiB, 55.79 W
2026/08/27 13:16:37.729, 1, 0 %, 0 %, 440 MiB, 82.39 W
2026/08/27 13:16:38.230, 0, 0 %, 0 %, 44646 MiB, 56.25 W
2026/08/27 13:16:38.323, 1, 0 %, 0 %, 440 MiB, 87.13 W
2026/08/27 13:16:38.941, 0, 0 %, 0 %, 44646 MiB, 56.25 W
2026/08/27 13:16:38.942, 1, 0 %, 0 %, 440 MiB, 81.47 W
2026/08/27 13:16:39.446, 0, 0 %, 0 %, 44646 MiB, 54.31 W
2026/08/27 13:16:39.507, 1, 0 %, 0 %, 440 MiB, 81.47 W
2026/08/27 13:16:40.128, 0, 0 %, 0 %, 44646 MiB, 54.55 W
2026/08/27 13:16:40.128, 1, 0 %, 0 %, 440 MiB, 77.95 W
2026/08/27 13:16:40.635, 0, 0 %, 0 %, 44646 MiB, 54.55 W
2026/08/27 13:16:40.697, 1, 0 %, 0 %, 440 MiB, 84.21 W
2026/08/27 13:16:41.312, 0, 0 %, 0 %, 44646 MiB, 55.09 W
2026/08/27 13:16:41.314, 1, 0 %, 0 %, 440 MiB, 84.21 W
2026/08/27 13:16:41.817, 0, 0 %, 0 %, 44646 MiB, 55.09 W
2026/08/27 13:16:41.931, 1, 0 %, 0 %, 440 MiB, 88.09 W
2026/08/27 13:16:42.550, 0, 0 %, 0 %, 44646 MiB, 47.47 W
2026/08/27 13:16:42.551, 1, 0 %, 0 %, 440 MiB, 88.09 W
2026/08/27 13:16:43.055, 0, 0 %, 0 %, 44646 MiB, 47.47 W
2026/08/27 13:16:43.107, 1, 0 %, 0 %, 440 MiB, 80.71 W
2026/08/27 13:16:43.725, 0, 0 %, 0 %, 44646 MiB, 48.20 W
2026/08/27 13:16:43.727, 1, 0 %, 0 %, 440 MiB, 80.71 W
2026/08/27 13:16:44.231, 0, 0 %, 0 %, 44646 MiB, 57.36 W
2026/08/27 13:16:44.282, 1, 0 %, 0 %, 440 MiB, 75.95 W
2026/08/27 13:16:44.898, 0, 0 %, 0 %, 44646 MiB, 57.36 W
2026/08/27 13:16:44.898, 1, 0 %, 0 %, 440 MiB, 82.85 W
2026/08/27 13:16:45.404, 0, 0 %, 0 %, 44646 MiB, 56.81 W
2026/08/27 13:16:45.510, 1, 0 %, 0 %, 440 MiB, 82.85 W
2026/08/27 13:16:46.137, 0, 0 %, 0 %, 44646 MiB, 47.52 W
2026/08/27 13:16:46.138, 1, 0 %, 0 %, 440 MiB, 87.57 W
2026/08/27 13:16:46.640, 0, 0 %, 0 %, 44646 MiB, 47.52 W
2026/08/27 13:16:46.716, 1, 0 %, 0 %, 440 MiB, 81.54 W
2026/08/27 13:16:47.217, 0, 0 %, 0 %, 44646 MiB, 46.94 W
2026/08/27 13:16:47.218, 1, 0 %, 0 %, 440 MiB, 81.54 W
2026/08/27 13:16:47.728, 0, 0 %, 0 %, 44646 MiB, 46.94 W
2026/08/27 13:16:47.729, 1, 0 %, 0 %, 440 MiB, 81.54 W
2026/08/27 13:16:48.233, 0, 0 %, 0 %, 44646 MiB, 55.06 W
2026/08/27 13:16:48.292, 1, 0 %, 0 %, 440 MiB, 76.32 W
2026/08/27 13:16:48.908, 0, 0 %, 0 %, 44646 MiB, 55.06 W
2026/08/27 13:16:48.908, 1, 0 %, 0 %, 440 MiB, 82.39 W
2026/08/27 13:16:49.411, 0, 0 %, 0 %, 44646 MiB, 55.65 W
2026/08/27 13:16:49.512, 1, 0 %, 0 %, 440 MiB, 82.39 W
2026/08/27 13:16:50.137, 0, 0 %, 0 %, 44646 MiB, 47.51 W
2026/08/27 13:16:50.137, 1, 0 %, 0 %, 440 MiB, 87.61 W
2026/08/27 13:16:50.643, 0, 0 %, 0 %, 44646 MiB, 40.94 W
2026/08/27 13:16:50.718, 1, 0 %, 0 %, 440 MiB, 80.35 W
2026/08/27 13:16:51.335, 0, 0 %, 0 %, 44646 MiB, 47.38 W
2026/08/27 13:16:51.336, 1, 0 %, 0 %, 440 MiB, 80.35 W
2026/08/27 13:16:51.842, 0, 0 %, 0 %, 44646 MiB, 47.38 W
2026/08/27 13:16:51.892, 1, 0 %, 0 %, 440 MiB, 75.06 W
2026/08/27 13:16:52.508, 0, 0 %, 0 %, 44646 MiB, 56.03 W
2026/08/27 13:16:52.510, 1, 0 %, 0 %, 440 MiB, 75.06 W
2026/08/27 13:16:53.015, 0, 0 %, 0 %, 44646 MiB, 56.03 W
2026/08/27 13:16:53.096, 1, 0 %, 0 %, 440 MiB, 82.13 W
2026/08/27 13:16:53.716, 0, 0 %, 0 %, 44646 MiB, 56.67 W
2026/08/27 13:16:53.716, 1, 0 %, 0 %, 440 MiB, 82.13 W
2026/08/27 13:16:54.220, 0, 0 %, 0 %, 44646 MiB, 48.06 W
2026/08/27 13:16:54.321, 1, 0 %, 0 %, 440 MiB, 87.11 W
2026/08/27 13:16:54.939, 0, 0 %, 0 %, 44646 MiB, 48.06 W
2026/08/27 13:16:54.939, 1, 0 %, 0 %, 440 MiB, 81.43 W
2026/08/27 13:16:55.446, 0, 0 %, 0 %, 44646 MiB, 47.31 W
2026/08/27 13:16:55.497, 1, 0 %, 0 %, 440 MiB, 81.43 W
2026/08/27 13:16:56.117, 0, 0 %, 0 %, 44646 MiB, 55.84 W
2026/08/27 13:16:56.117, 1, 0 %, 0 %, 440 MiB, 77.83 W
2026/08/27 13:16:56.623, 0, 0 %, 0 %, 44646 MiB, 55.84 W
2026/08/27 13:16:56.684, 1, 0 %, 0 %, 440 MiB, 83.84 W
2026/08/27 13:16:57.300, 0, 0 %, 0 %, 44646 MiB, 56.47 W
2026/08/27 13:16:57.300, 1, 0 %, 0 %, 440 MiB, 83.84 W
2026/08/27 13:16:57.805, 0, 0 %, 0 %, 44646 MiB, 56.47 W
2026/08/27 13:16:57.921, 1, 0 %, 0 %, 440 MiB, 87.45 W
2026/08/27 13:16:58.542, 0, 0 %, 0 %, 44646 MiB, 47.87 W
2026/08/27 13:16:58.542, 1, 0 %, 0 %, 440 MiB, 87.45 W
2026/08/27 13:16:59.046, 0, 0 %, 0 %, 44646 MiB, 47.87 W
2026/08/27 13:16:59.104, 1, 0 %, 0 %, 440 MiB, 79.67 W
2026/08/27 13:16:59.723, 0, 0 %, 0 %, 44646 MiB, 47.47 W
2026/08/27 13:16:59.723, 1, 0 %, 0 %, 440 MiB, 79.67 W
2026/08/27 13:17:00.229, 0, 0 %, 0 %, 44646 MiB, 56.08 W
2026/08/27 13:17:00.287, 1, 0 %, 0 %, 440 MiB, 73.99 W
2026/08/27 13:17:00.904, 0, 0 %, 0 %, 44646 MiB, 56.08 W
2026/08/27 13:17:00.905, 1, 0 %, 0 %, 440 MiB, 81.42 W
2026/08/27 13:17:01.409, 0, 0 %, 0 %, 44646 MiB, 55.78 W
2026/08/27 13:17:01.509, 1, 0 %, 0 %, 440 MiB, 81.42 W
2026/08/27 13:17:02.135, 0, 0 %, 0 %, 44646 MiB, 50.51 W
2026/08/27 13:17:02.135, 1, 0 %, 0 %, 440 MiB, 81.42 W
2026/08/27 13:17:02.640, 0, 0 %, 0 %, 44646 MiB, 50.51 W
2026/08/27 13:17:02.709, 1, 0 %, 0 %, 440 MiB, 81.42 W
2026/08/27 13:17:03.327, 0, 0 %, 0 %, 44646 MiB, 50.87 W
2026/08/27 13:17:03.327, 1, 0 %, 0 %, 440 MiB, 81.42 W
2026/08/27 13:17:03.832, 0, 0 %, 0 %, 44646 MiB, 50.87 W
2026/08/27 13:17:03.888, 1, 0 %, 0 %, 440 MiB, 81.42 W
2026/08/27 13:17:04.504, 0, 0 %, 0 %, 44646 MiB, 56.06 W
2026/08/27 13:17:04.505, 1, 0 %, 0 %, 440 MiB, 81.42 W
2026/08/27 13:17:05.205, 0, 0 %, 0 %, 44646 MiB, 55.53 W
2026/08/27 13:17:05.205, 1, 0 %, 0 %, 440 MiB, 81.42 W
2026/08/27 13:17:05.722, 0, 0 %, 0 %, 44646 MiB, 55.53 W
2026/08/27 13:17:05.723, 1, 0 %, 0 %, 440 MiB, 81.42 W
2026/08/27 13:17:06.227, 0, 0 %, 0 %, 44646 MiB, 48.78 W
2026/08/27 13:17:06.319, 1, 0 %, 0 %, 440 MiB, 81.42 W
2026/08/27 13:17:06.937, 0, 0 %, 0 %, 44646 MiB, 48.78 W
2026/08/27 13:17:06.938, 1, 0 %, 0 %, 440 MiB, 81.42 W
2026/08/27 13:17:07.443, 0, 0 %, 0 %, 44646 MiB, 49.59 W
2026/08/27 13:17:07.480, 1, 0 %, 0 %, 440 MiB, 81.42 W
2026/08/27 13:17:08.102, 0, 0 %, 0 %, 44646 MiB, 56.74 W
2026/08/27 13:17:08.103, 1, 0 %, 0 %, 440 MiB, 81.42 W
2026/08/27 13:17:08.609, 0, 0 %, 0 %, 44646 MiB, 56.74 W
2026/08/27 13:17:08.684, 1, 0 %, 0 %, 440 MiB, 81.42 W
2026/08/27 13:17:09.302, 0, 0 %, 0 %, 44646 MiB, 56.20 W
2026/08/27 13:17:09.302, 1, 0 %, 0 %, 440 MiB, 81.42 W
2026/08/27 13:17:09.807, 0, 0 %, 0 %, 44646 MiB, 56.20 W
2026/08/27 13:17:09.919, 1, 0 %, 0 %, 440 MiB, 81.42 W
2026/08/27 13:17:10.540, 0, 0 %, 0 %, 44646 MiB, 47.50 W
2026/08/27 13:17:10.540, 1, 0 %, 0 %, 440 MiB, 81.42 W
2026/08/27 13:17:11.046, 0, 0 %, 0 %, 44646 MiB, 47.50 W
2026/08/27 13:17:11.097, 1, 0 %, 0 %, 440 MiB, 81.42 W
2026/08/27 13:17:11.714, 0, 0 %, 0 %, 44646 MiB, 49.80 W
2026/08/27 13:17:11.716, 1, 0 %, 0 %, 440 MiB, 81.42 W
2026/08/27 13:17:12.225, 0, 0 %, 0 %, 44646 MiB, 59.04 W
2026/08/27 13:17:12.258, 1, 0 %, 0 %, 440 MiB, 81.42 W
2026/08/27 13:17:12.874, 0, 0 %, 0 %, 44646 MiB, 59.04 W
2026/08/27 13:17:12.875, 1, 0 %, 0 %, 440 MiB, 81.42 W
2026/08/27 13:17:13.381, 0, 0 %, 0 %, 44646 MiB, 57.99 W
2026/08/27 13:17:13.472, 1, 0 %, 0 %, 440 MiB, 81.42 W
2026/08/27 13:17:14.100, 0, 0 %, 0 %, 44646 MiB, 46.99 W
2026/08/27 13:17:14.108, 1, 0 %, 0 %, 440 MiB, 81.42 W
2026/08/27 13:17:14.614, 0, 0 %, 0 %, 44646 MiB, 46.99 W
2026/08/27 13:17:14.711, 1, 0 %, 0 %, 440 MiB, 81.42 W
2026/08/27 13:17:15.329, 0, 0 %, 0 %, 44646 MiB, 43.15 W
2026/08/27 13:17:15.329, 1, 0 %, 0 %, 440 MiB, 81.42 W
2026/08/27 13:17:15.834, 0, 0 %, 0 %, 44646 MiB, 43.15 W
2026/08/27 13:17:15.910, 1, 0 %, 0 %, 440 MiB, 81.42 W
2026/08/27 13:17:16.527, 0, 0 %, 0 %, 44646 MiB, 51.98 W
2026/08/27 13:17:16.527, 1, 0 %, 0 %, 440 MiB, 81.42 W
2026/08/27 13:17:17.029, 0, 0 %, 0 %, 44646 MiB, 51.98 W
2026/08/27 13:17:17.089, 1, 0 %, 0 %, 440 MiB, 81.42 W
2026/08/27 13:17:17.707, 0, 0 %, 0 %, 44646 MiB, 56.48 W
2026/08/27 13:17:17.878, 1, 0 %, 0 %, 440 MiB, 81.42 W
2026/08/27 13:17:18.385, 0, 0 %, 0 %, 44646 MiB, 57.15 W
2026/08/27 13:17:18.385, 1, 0 %, 0 %, 440 MiB, 81.42 W
2026/08/27 13:17:18.927, 0, 0 %, 0 %, 44646 MiB, 57.15 W
2026/08/27 13:17:18.927, 1, 0 %, 0 %, 440 MiB, 81.42 W
2026/08/27 13:17:19.431, 0, 0 %, 0 %, 44646 MiB, 51.11 W
2026/08/27 13:17:19.506, 1, 0 %, 0 %, 440 MiB, 81.42 W
2026/08/27 13:17:20.124, 0, 0 %, 0 %, 44646 MiB, 50.56 W
2026/08/27 13:17:20.124, 1, 0 %, 0 %, 440 MiB, 81.42 W
2026/08/27 13:17:20.630, 0, 0 %, 0 %, 44646 MiB, 50.56 W
2026/08/27 13:17:20.697, 1, 0 %, 0 %, 440 MiB, 81.42 W
2026/08/27 13:17:21.313, 0, 0 %, 0 %, 44646 MiB, 56.10 W
2026/08/27 13:17:21.313, 1, 0 %, 0 %, 440 MiB, 81.42 W
2026/08/27 13:17:21.816, 0, 0 %, 0 %, 44646 MiB, 56.10 W
2026/08/27 13:17:21.911, 1, 0 %, 0 %, 440 MiB, 81.42 W
2026/08/27 13:17:22.531, 0, 0 %, 0 %, 44646 MiB, 53.98 W
2026/08/27 13:17:22.533, 1, 0 %, 0 %, 440 MiB, 81.42 W
2026/08/27 13:17:23.037, 0, 0 %, 0 %, 44646 MiB, 53.98 W
2026/08/27 13:17:23.100, 1, 0 %, 0 %, 440 MiB, 81.42 W
2026/08/27 13:17:23.718, 0, 0 %, 0 %, 44646 MiB, 52.64 W
2026/08/27 13:17:23.719, 1, 0 %, 0 %, 440 MiB, 81.42 W
2026/08/27 13:17:24.223, 0, 0 %, 0 %, 44646 MiB, 56.37 W
2026/08/27 13:17:24.268, 1, 0 %, 0 %, 440 MiB, 81.42 W
2026/08/27 13:17:24.886, 0, 0 %, 0 %, 44646 MiB, 56.37 W
2026/08/27 13:17:24.886, 1, 0 %, 0 %, 440 MiB, 81.42 W
2026/08/27 13:17:25.390, 0, 0 %, 0 %, 44646 MiB, 58.85 W
2026/08/27 13:17:25.490, 1, 0 %, 0 %, 440 MiB, 81.42 W
2026/08/27 13:17:26.115, 0, 0 %, 0 %, 44646 MiB, 48.38 W
2026/08/27 13:17:26.117, 1, 0 %, 0 %, 43632 MiB, 81.42 W
2026/08/27 13:17:26.622, 0, 0 %, 0 %, 44646 MiB, 43.66 W
2026/08/27 13:17:26.754, 1, 1 %, 0 %, 43634 MiB, 81.42 W
2026/08/27 13:17:27.257, 0, 0 %, 0 %, 44646 MiB, 75.98 W
2026/08/27 13:17:27.257, 1, 1 %, 0 %, 43634 MiB, 81.42 W
2026/08/27 13:17:27.810, 0, 0 %, 0 %, 44760 MiB, 83.98 W
2026/08/27 13:17:27.810, 1, 3 %, 0 %, 43748 MiB, 81.42 W
2026/08/27 13:17:28.310, 0, 0 %, 0 %, 44886 MiB, 83.91 W
2026/08/27 13:17:28.442, 1, 8 %, 1 %, 43874 MiB, 81.42 W
2026/08/27 13:17:29.086, 0, 0 %, 0 %, 44886 MiB, 82.75 W
2026/08/27 13:17:29.087, 1, 8 %, 1 %, 43874 MiB, 81.42 W
2026/08/27 13:17:29.591, 0, 0 %, 0 %, 44886 MiB, 84.27 W
2026/08/27 13:17:29.693, 1, 0 %, 0 %, 43874 MiB, 81.42 W
2026/08/27 13:17:30.310, 0, 0 %, 0 %, 44886 MiB, 79.35 W
2026/08/27 13:17:30.310, 1, 0 %, 0 %, 43874 MiB, 81.42 W
2026/08/27 13:17:30.813, 0, 0 %, 0 %, 44886 MiB, 79.35 W
2026/08/27 13:17:30.838, 1, 0 %, 0 %, 43874 MiB, 81.42 W
2026/08/27 13:17:31.454, 0, 0 %, 0 %, 44886 MiB, 66.16 W
2026/08/27 13:17:31.454, 1, 0 %, 0 %, 43874 MiB, 81.42 W
2026/08/27 13:17:31.959, 0, 0 %, 0 %, 44886 MiB, 66.16 W
2026/08/27 13:17:31.959, 1, 0 %, 0 %, 43874 MiB, 81.42 W
2026/08/27 13:17:32.471, 0, 0 %, 0 %, 44886 MiB, 65.31 W
2026/08/27 13:17:32.475, 1, 0 %, 0 %, 43874 MiB, 86.09 W
2026/08/27 13:17:32.979, 0, 0 %, 0 %, 44886 MiB, 64.20 W
2026/08/27 13:17:33.013, 1, 0 %, 0 %, 43874 MiB, 76.51 W
2026/08/27 13:17:33.636, 0, 0 %, 0 %, 44886 MiB, 64.01 W
2026/08/27 13:17:33.636, 1, 0 %, 0 %, 43874 MiB, 76.51 W
2026/08/27 13:17:34.142, 0, 0 %, 0 %, 44886 MiB, 64.01 W
2026/08/27 13:17:34.170, 1, 0 %, 0 %, 43874 MiB, 70.93 W
2026/08/27 13:17:34.792, 0, 0 %, 0 %, 44886 MiB, 69.59 W
2026/08/27 13:17:34.793, 1, 0 %, 0 %, 43874 MiB, 70.92 W
2026/08/27 13:17:35.300, 0, 0 %, 0 %, 44886 MiB, 69.59 W
2026/08/27 13:17:35.315, 1, 0 %, 0 %, 43874 MiB, 70.92 W
2026/08/27 13:17:35.936, 0, 0 %, 0 %, 44886 MiB, 78.20 W
2026/08/27 13:17:35.936, 1, 0 %, 0 %, 43874 MiB, 70.84 W
2026/08/27 13:17:36.437, 0, 0 %, 0 %, 44888 MiB, 82.04 W
2026/08/27 13:17:36.521, 1, 0 %, 0 %, 43876 MiB, 72.21 W
2026/08/27 13:17:37.154, 0, 0 %, 0 %, 44888 MiB, 83.14 W
2026/08/27 13:17:37.155, 1, 0 %, 0 %, 43876 MiB, 87.20 W
2026/08/27 13:17:37.661, 0, 0 %, 0 %, 44890 MiB, 86.00 W
2026/08/27 13:17:37.777, 1, 0 %, 0 %, 43878 MiB, 91.95 W
2026/08/27 13:17:38.413, 0, 0 %, 0 %, 44894 MiB, 83.94 W
2026/08/27 13:17:38.413, 1, 0 %, 0 %, 43882 MiB, 91.19 W
2026/08/27 13:17:38.920, 0, 0 %, 0 %, 44896 MiB, 87.89 W
2026/08/27 13:17:39.054, 1, 80 %, 60 %, 43882 MiB, 91.36 W
2026/08/27 13:17:39.700, 0, 0 %, 0 %, 44896 MiB, 93.20 W
2026/08/27 13:17:39.700, 1, 80 %, 60 %, 43882 MiB, 99.00 W
2026/08/27 13:17:40.204, 0, 0 %, 0 %, 44896 MiB, 83.10 W
2026/08/27 13:17:40.291, 1, 0 %, 0 %, 43882 MiB, 99.97 W
2026/08/27 13:17:40.907, 0, 0 %, 0 %, 44896 MiB, 82.49 W
2026/08/27 13:17:40.907, 1, 0 %, 0 %, 43882 MiB, 88.43 W
2026/08/27 13:17:41.412, 0, 0 %, 0 %, 44896 MiB, 82.49 W
2026/08/27 13:17:41.459, 1, 0 %, 0 %, 43882 MiB, 88.43 W
2026/08/27 13:17:42.080, 0, 0 %, 0 %, 44896 MiB, 66.19 W
2026/08/27 13:17:42.080, 1, 0 %, 0 %, 43882 MiB, 86.07 W
2026/08/27 13:17:42.582, 0, 0 %, 0 %, 44896 MiB, 66.19 W
2026/08/27 13:17:42.615, 1, 0 %, 0 %, 43882 MiB, 86.07 W
2026/08/27 13:17:43.236, 0, 0 %, 0 %, 44896 MiB, 64.99 W
2026/08/27 13:17:43.240, 1, 0 %, 0 %, 43882 MiB, 78.64 W
2026/08/27 13:17:43.748, 0, 0 %, 0 %, 44896 MiB, 64.99 W
2026/08/27 13:17:43.776, 1, 0 %, 0 %, 43882 MiB, 78.64 W
2026/08/27 13:17:44.400, 0, 0 %, 0 %, 44896 MiB, 65.64 W
2026/08/27 13:17:44.400, 1, 0 %, 0 %, 43882 MiB, 72.81 W
2026/08/27 13:17:44.900, 0, 0 %, 0 %, 44896 MiB, 73.77 W
2026/08/27 13:17:44.947, 1, 0 %, 0 %, 43882 MiB, 72.81 W
2026/08/27 13:17:45.450, 0, 0 %, 0 %, 44896 MiB, 73.77 W
2026/08/27 13:17:45.451, 1, 0 %, 0 %, 43882 MiB, 71.54 W
2026/08/27 13:17:45.964, 0, 0 %, 0 %, 44896 MiB, 82.04 W
2026/08/27 13:17:45.971, 1, 0 %, 0 %, 43882 MiB, 70.83 W
2026/08/27 13:17:46.475, 0, 0 %, 0 %, 44896 MiB, 82.04 W
2026/08/27 13:17:46.499, 1, 0 %, 0 %, 43882 MiB, 70.83 W
2026/08/27 13:17:47.114, 0, 0 %, 0 %, 44896 MiB, 82.41 W
2026/08/27 13:17:47.114, 1, 0 %, 0 %, 43882 MiB, 74.16 W
2026/08/27 13:17:47.620, 0, 0 %, 0 %, 44896 MiB, 82.41 W
2026/08/27 13:17:47.635, 1, 0 %, 0 %, 43882 MiB, 74.16 W
2026/08/27 13:17:48.257, 0, 0 %, 0 %, 44896 MiB, 83.00 W
2026/08/27 13:17:48.257, 1, 0 %, 0 %, 43882 MiB, 78.26 W
2026/08/27 13:17:48.760, 0, 0 %, 0 %, 44896 MiB, 83.00 W
2026/08/27 13:17:48.809, 1, 0 %, 0 %, 43882 MiB, 78.26 W
2026/08/27 13:17:49.444, 0, 0 %, 0 %, 44896 MiB, 76.16 W
2026/08/27 13:17:49.449, 1, 0 %, 0 %, 43882 MiB, 74.31 W
2026/08/27 13:17:49.952, 0, 0 %, 0 %, 44896 MiB, 66.89 W
2026/08/27 13:17:49.988, 1, 0 %, 0 %, 43882 MiB, 74.31 W
2026/08/27 13:17:50.612, 0, 0 %, 0 %, 44896 MiB, 66.89 W
2026/08/27 13:17:50.612, 1, 0 %, 0 %, 43882 MiB, 70.65 W
2026/08/27 13:17:51.115, 0, 0 %, 0 %, 44896 MiB, 67.01 W
2026/08/27 13:17:51.171, 1, 0 %, 0 %, 43882 MiB, 70.58 W
2026/08/27 13:17:51.797, 0, 0 %, 0 %, 44896 MiB, 75.98 W
2026/08/27 13:17:51.802, 1, 0 %, 0 %, 43882 MiB, 70.58 W
2026/08/27 13:17:52.311, 0, 0 %, 0 %, 44896 MiB, 75.98 W
2026/08/27 13:17:52.340, 1, 0 %, 0 %, 43882 MiB, 70.82 W
2026/08/27 13:17:52.953, 0, 0 %, 0 %, 44896 MiB, 82.90 W
2026/08/27 13:17:52.953, 1, 0 %, 0 %, 43882 MiB, 71.22 W
2026/08/27 13:17:53.462, 0, 0 %, 0 %, 44896 MiB, 82.90 W
2026/08/27 13:17:53.478, 1, 0 %, 0 %, 43882 MiB, 71.22 W
2026/08/27 13:17:54.092, 0, 0 %, 0 %, 44896 MiB, 82.52 W
2026/08/27 13:17:54.092, 1, 0 %, 0 %, 43882 MiB, 73.47 W
2026/08/27 13:17:54.592, 0, 0 %, 0 %, 44896 MiB, 82.52 W
2026/08/27 13:17:54.620, 1, 0 %, 0 %, 43882 MiB, 73.47 W
2026/08/27 13:17:55.242, 0, 0 %, 0 %, 44896 MiB, 82.32 W
2026/08/27 13:17:55.242, 1, 0 %, 0 %, 43882 MiB, 76.25 W
2026/08/27 13:17:55.744, 0, 0 %, 0 %, 44910 MiB, 73.97 W
2026/08/27 13:17:55.866, 1, 0 %, 0 %, 43882 MiB, 71.17 W
2026/08/27 13:17:56.541, 0, 6 %, 0 %, 44912 MiB, 191.43 W
2026/08/27 13:17:56.542, 1, 0 %, 0 %, 43882 MiB, 64.12 W
2026/08/27 13:17:57.048, 0, 6 %, 0 %, 44914 MiB, 241.45 W
2026/08/27 13:17:57.048, 1, 0 %, 0 %, 43882 MiB, 64.12 W
2026/08/27 13:17:57.553, 0, 84 %, 36 %, 44918 MiB, 246.18 W
2026/08/27 13:17:57.554, 1, 0 %, 0 %, 43882 MiB, 69.81 W
2026/08/27 13:17:58.060, 0, 27 %, 8 %, 44922 MiB, 238.54 W
2026/08/27 13:17:58.235, 1, 0 %, 0 %, 43882 MiB, 88.62 W
2026/08/27 13:17:58.871, 0, 27 %, 8 %, 44928 MiB, 226.35 W
2026/08/27 13:17:58.874, 1, 0 %, 0 %, 43882 MiB, 79.06 W
2026/08/27 13:17:59.374, 0, 41 %, 6 %, 44930 MiB, 195.85 W
2026/08/27 13:17:59.578, 1, 0 %, 0 %, 43882 MiB, 79.06 W
2026/08/27 13:18:00.198, 0, 98 %, 22 %, 44932 MiB, 187.56 W
2026/08/27 13:18:00.198, 1, 0 %, 0 %, 43882 MiB, 79.06 W
2026/08/27 13:18:00.698, 0, 0 %, 0 %, 44932 MiB, 173.38 W
2026/08/27 13:18:00.831, 1, 0 %, 0 %, 43882 MiB, 66.86 W
2026/08/27 13:18:01.453, 0, 0 %, 0 %, 44932 MiB, 86.08 W
2026/08/27 13:18:01.453, 1, 0 %, 0 %, 43882 MiB, 66.86 W
2026/08/27 13:18:01.958, 0, 0 %, 0 %, 44932 MiB, 86.08 W
2026/08/27 13:18:02.044, 1, 0 %, 0 %, 43882 MiB, 67.26 W
2026/08/27 13:18:02.679, 0, 0 %, 0 %, 44932 MiB, 78.12 W
2026/08/27 13:18:02.680, 1, 0 %, 0 %, 43882 MiB, 64.39 W
2026/08/27 13:18:03.185, 0, 0 %, 0 %, 44932 MiB, 78.12 W
2026/08/27 13:18:03.230, 1, 0 %, 0 %, 43882 MiB, 64.39 W
2026/08/27 13:18:03.855, 0, 0 %, 0 %, 44932 MiB, 71.00 W
2026/08/27 13:18:03.855, 1, 0 %, 0 %, 43882 MiB, 63.81 W
2026/08/27 13:18:04.360, 0, 0 %, 0 %, 44932 MiB, 71.00 W
2026/08/27 13:18:04.401, 1, 0 %, 0 %, 43882 MiB, 63.81 W
2026/08/27 13:18:05.039, 0, 0 %, 0 %, 44932 MiB, 65.41 W
2026/08/27 13:18:05.039, 1, 0 %, 0 %, 43882 MiB, 64.81 W
2026/08/27 13:18:05.546, 0, 0 %, 0 %, 44932 MiB, 65.41 W
2026/08/27 13:18:05.643, 1, 0 %, 0 %, 43882 MiB, 64.81 W
2026/08/27 13:18:06.278, 0, 0 %, 0 %, 44932 MiB, 65.41 W
2026/08/27 13:18:06.278, 1, 0 %, 0 %, 43882 MiB, 56.31 W
2026/08/27 13:18:06.784, 0, 0 %, 0 %, 44932 MiB, 65.24 W
2026/08/27 13:18:06.830, 1, 0 %, 0 %, 43882 MiB, 55.83 W
2026/08/27 13:18:07.454, 0, 0 %, 0 %, 44932 MiB, 65.14 W
2026/08/27 13:18:07.456, 1, 0 %, 0 %, 43882 MiB, 55.83 W
2026/08/27 13:18:07.961, 0, 0 %, 0 %, 44932 MiB, 65.14 W
2026/08/27 13:18:08.012, 1, 0 %, 0 %, 43882 MiB, 64.30 W
2026/08/27 13:18:08.647, 0, 0 %, 0 %, 44932 MiB, 65.27 W
2026/08/27 13:18:08.647, 1, 0 %, 0 %, 43882 MiB, 64.30 W
2026/08/27 13:18:09.154, 0, 0 %, 0 %, 44932 MiB, 65.27 W
2026/08/27 13:18:09.242, 1, 0 %, 0 %, 43882 MiB, 63.40 W
2026/08/27 13:18:09.877, 0, 0 %, 0 %, 44932 MiB, 65.24 W
2026/08/27 13:18:09.877, 1, 0 %, 0 %, 43882 MiB, 57.81 W
2026/08/27 13:18:10.384, 0, 0 %, 0 %, 44932 MiB, 65.24 W
2026/08/27 13:18:10.425, 1, 0 %, 0 %, 43882 MiB, 57.81 W
2026/08/27 13:18:11.054, 0, 0 %, 0 %, 44932 MiB, 65.17 W
2026/08/27 13:18:11.055, 1, 0 %, 0 %, 43882 MiB, 59.17 W
2026/08/27 13:18:11.560, 0, 0 %, 0 %, 44932 MiB, 65.27 W
2026/08/27 13:18:11.597, 1, 0 %, 0 %, 43882 MiB, 59.17 W
2026/08/27 13:18:12.234, 0, 0 %, 0 %, 44932 MiB, 65.27 W
2026/08/27 13:18:12.234, 1, 0 %, 0 %, 43882 MiB, 64.71 W
2026/08/27 13:18:12.740, 0, 0 %, 0 %, 44932 MiB, 65.03 W
2026/08/27 13:18:12.844, 1, 0 %, 0 %, 43882 MiB, 57.41 W
2026/08/27 13:18:13.476, 0, 0 %, 0 %, 44932 MiB, 64.77 W
2026/08/27 13:18:13.476, 1, 0 %, 0 %, 43882 MiB, 57.41 W
2026/08/27 13:18:13.976, 0, 0 %, 0 %, 44932 MiB, 64.77 W
2026/08/27 13:18:14.024, 1, 0 %, 0 %, 43882 MiB, 56.14 W
2026/08/27 13:18:14.645, 0, 0 %, 0 %, 44932 MiB, 65.15 W
2026/08/27 13:18:14.653, 1, 0 %, 0 %, 43882 MiB, 64.89 W
2026/08/27 13:18:15.162, 0, 0 %, 0 %, 44932 MiB, 65.15 W
2026/08/27 13:18:15.187, 1, 0 %, 0 %, 43882 MiB, 64.89 W
2026/08/27 13:18:15.820, 0, 0 %, 0 %, 44932 MiB, 65.70 W
2026/08/27 13:18:15.821, 1, 0 %, 0 %, 43882 MiB, 64.89 W
2026/08/27 13:18:16.325, 0, 0 %, 0 %, 44932 MiB, 65.70 W
2026/08/27 13:18:16.426, 1, 0 %, 0 %, 43882 MiB, 65.90 W
2026/08/27 13:18:17.082, 0, 0 %, 0 %, 44932 MiB, 65.24 W
2026/08/27 13:18:17.083, 1, 0 %, 0 %, 43882 MiB, 54.14 W
2026/08/27 13:18:17.589, 0, 0 %, 0 %, 44932 MiB, 65.24 W
2026/08/27 13:18:17.699, 1, 0 %, 0 %, 43882 MiB, 54.14 W
2026/08/27 13:18:18.321, 0, 0 %, 0 %, 44932 MiB, 65.24 W
2026/08/27 13:18:18.321, 1, 0 %, 0 %, 43882 MiB, 53.49 W
2026/08/27 13:18:18.825, 0, 0 %, 0 %, 44932 MiB, 65.24 W
2026/08/27 13:18:18.877, 1, 0 %, 0 %, 43882 MiB, 67.61 W
2026/08/27 13:18:19.494, 0, 0 %, 0 %, 44932 MiB, 65.24 W
2026/08/27 13:18:19.494, 1, 0 %, 0 %, 43882 MiB, 67.61 W
2026/08/27 13:18:20.000, 0, 0 %, 0 %, 44932 MiB, 65.24 W
2026/08/27 13:18:20.051, 1, 0 %, 0 %, 43882 MiB, 79.77 W
2026/08/27 13:18:20.667, 0, 0 %, 0 %, 44932 MiB, 65.24 W
2026/08/27 13:18:20.668, 1, 0 %, 0 %, 43882 MiB, 79.77 W
2026/08/27 13:18:21.174, 0, 0 %, 0 %, 44932 MiB, 65.24 W
2026/08/27 13:18:21.295, 1, 0 %, 0 %, 43882 MiB, 85.32 W
2026/08/27 13:18:21.908, 0, 0 %, 0 %, 44932 MiB, 65.24 W
2026/08/27 13:18:21.908, 1, 0 %, 0 %, 43882 MiB, 85.32 W
2026/08/27 13:18:22.413, 0, 0 %, 0 %, 44932 MiB, 65.24 W
2026/08/27 13:18:22.484, 1, 0 %, 0 %, 43882 MiB, 78.50 W
2026/08/27 13:18:23.105, 0, 0 %, 0 %, 44932 MiB, 65.24 W
2026/08/27 13:18:23.106, 1, 0 %, 0 %, 43882 MiB, 73.81 W
2026/08/27 13:18:23.609, 0, 0 %, 0 %, 44932 MiB, 65.24 W
2026/08/27 13:18:23.676, 1, 0 %, 0 %, 43882 MiB, 73.81 W
2026/08/27 13:18:24.292, 0, 0 %, 0 %, 44932 MiB, 65.24 W
2026/08/27 13:18:24.293, 1, 0 %, 0 %, 43882 MiB, 80.43 W
2026/08/27 13:18:24.801, 0, 0 %, 0 %, 44932 MiB, 65.24 W
2026/08/27 13:18:24.898, 1, 0 %, 0 %, 43882 MiB, 85.80 W
2026/08/27 13:18:25.519, 0, 0 %, 0 %, 44932 MiB, 65.24 W
2026/08/27 13:18:25.519, 1, 0 %, 0 %, 43882 MiB, 85.80 W
2026/08/27 13:18:26.021, 0, 0 %, 0 %, 44932 MiB, 65.24 W
2026/08/27 13:18:26.069, 1, 0 %, 0 %, 43882 MiB, 80.28 W
2026/08/27 13:18:26.687, 0, 0 %, 0 %, 44932 MiB, 65.24 W
2026/08/27 13:18:26.687, 1, 0 %, 0 %, 43882 MiB, 76.91 W
2026/08/27 13:18:27.193, 0, 0 %, 0 %, 44932 MiB, 65.24 W
2026/08/27 13:18:27.240, 1, 0 %, 0 %, 43882 MiB, 76.91 W
2026/08/27 13:18:27.857, 0, 0 %, 0 %, 44932 MiB, 65.24 W
2026/08/27 13:18:27.857, 1, 0 %, 0 %, 43882 MiB, 76.91 W
2026/08/27 13:18:28.357, 0, 0 %, 0 %, 44932 MiB, 65.24 W
2026/08/27 13:18:28.478, 1, 0 %, 0 %, 43882 MiB, 82.88 W
2026/08/27 13:18:29.104, 0, 0 %, 0 %, 44932 MiB, 65.24 W
2026/08/27 13:18:29.104, 1, 0 %, 0 %, 43882 MiB, 86.67 W
2026/08/27 13:18:29.607, 0, 0 %, 0 %, 44932 MiB, 65.24 W
2026/08/27 13:18:29.686, 1, 0 %, 0 %, 43882 MiB, 86.67 W
2026/08/27 13:18:30.306, 0, 0 %, 0 %, 44932 MiB, 65.24 W
2026/08/27 13:18:30.306, 1, 0 %, 0 %, 43882 MiB, 80.03 W
2026/08/27 13:18:30.813, 0, 0 %, 0 %, 44932 MiB, 65.24 W
2026/08/27 13:18:30.857, 1, 0 %, 0 %, 43882 MiB, 75.51 W
2026/08/27 13:18:31.473, 0, 0 %, 0 %, 44932 MiB, 65.24 W
2026/08/27 13:18:31.473, 1, 0 %, 0 %, 43882 MiB, 75.51 W
2026/08/27 13:18:31.976, 0, 0 %, 0 %, 44932 MiB, 65.24 W
2026/08/27 13:18:32.053, 1, 0 %, 0 %, 43882 MiB, 82.16 W
2026/08/27 13:18:32.668, 0, 0 %, 0 %, 44940 MiB, 65.24 W
2026/08/27 13:18:32.669, 1, 0 %, 0 %, 43914 MiB, 82.16 W
2026/08/27 13:18:33.174, 0, 0 %, 0 %, 45016 MiB, 65.24 W
2026/08/27 13:18:33.175, 1, 0 %, 0 %, 43990 MiB, 114.38 W
2026/08/27 13:18:33.838, 0, 100 %, 43 %, 45016 MiB, 190.85 W
2026/08/27 13:18:33.838, 1, 100 %, 46 %, 43990 MiB, 232.43 W
2026/08/27 13:18:34.553, 0, 100 %, 43 %, 45016 MiB, 247.07 W
2026/08/27 13:18:34.553, 1, 100 %, 46 %, 43990 MiB, 232.43 W
2026/08/27 13:18:35.243, 0, 100 %, 43 %, 45016 MiB, 262.44 W
2026/08/27 13:18:35.243, 1, 100 %, 45 %, 43990 MiB, 266.59 W
2026/08/27 13:18:35.924, 0, 100 %, 43 %, 45016 MiB, 253.52 W
2026/08/27 13:18:35.927, 1, 100 %, 54 %, 43990 MiB, 266.59 W
2026/08/27 13:18:36.623, 0, 100 %, 45 %, 45016 MiB, 253.52 W
2026/08/27 13:18:36.623, 1, 100 %, 54 %, 43990 MiB, 264.34 W
2026/08/27 13:18:37.240, 0, 100 %, 45 %, 45016 MiB, 242.17 W
2026/08/27 13:18:37.240, 1, 100 %, 50 %, 43990 MiB, 246.01 W
2026/08/27 13:18:37.957, 0, 100 %, 45 %, 45016 MiB, 240.26 W
2026/08/27 13:18:37.957, 1, 100 %, 50 %, 43990 MiB, 246.01 W
2026/08/27 13:18:38.695, 0, 100 %, 44 %, 45016 MiB, 262.45 W
2026/08/27 13:18:38.695, 1, 100 %, 50 %, 43990 MiB, 269.18 W
2026/08/27 13:18:39.384, 0, 100 %, 44 %, 45016 MiB, 258.95 W
2026/08/27 13:18:39.384, 1, 75 %, 23 %, 43990 MiB, 263.79 W
2026/08/27 13:18:40.059, 0, 100 %, 43 %, 45016 MiB, 250.33 W
2026/08/27 13:18:40.059, 1, 75 %, 23 %, 43990 MiB, 263.79 W
2026/08/27 13:18:40.725, 0, 100 %, 43 %, 45016 MiB, 250.33 W
2026/08/27 13:18:40.725, 1, 75 %, 23 %, 43990 MiB, 259.27 W
2026/08/27 13:18:41.370, 0, 100 %, 43 %, 45016 MiB, 243.66 W
2026/08/27 13:18:41.370, 1, 12 %, 14 %, 43990 MiB, 248.32 W
2026/08/27 13:18:42.077, 0, 100 %, 43 %, 45016 MiB, 252.44 W
2026/08/27 13:18:42.077, 1, 12 %, 14 %, 43990 MiB, 248.32 W
2026/08/27 13:18:42.822, 0, 100 %, 43 %, 45016 MiB, 252.44 W
2026/08/27 13:18:42.823, 1, 100 %, 48 %, 43990 MiB, 271.58 W
2026/08/27 13:18:43.511, 0, 100 %, 45 %, 45016 MiB, 253.08 W
2026/08/27 13:18:43.512, 1, 100 %, 45 %, 43990 MiB, 271.58 W
2026/08/27 13:18:44.193, 0, 100 %, 44 %, 45016 MiB, 251.85 W
2026/08/27 13:18:44.193, 1, 100 %, 45 %, 43990 MiB, 269.05 W
2026/08/27 13:18:44.862, 0, 100 %, 44 %, 45016 MiB, 251.85 W
2026/08/27 13:18:44.862, 1, 100 %, 42 %, 43990 MiB, 261.45 W
2026/08/27 13:18:45.499, 0, 100 %, 44 %, 45016 MiB, 242.99 W
2026/08/27 13:18:45.499, 1, 100 %, 42 %, 43990 MiB, 261.45 W
2026/08/27 13:18:46.205, 0, 100 %, 44 %, 45016 MiB, 263.14 W
2026/08/27 13:18:46.206, 1, 100 %, 42 %, 43990 MiB, 252.59 W
2026/08/27 13:18:46.940, 0, 100 %, 44 %, 45016 MiB, 263.14 W
2026/08/27 13:18:46.940, 1, 100 %, 52 %, 43990 MiB, 272.76 W
2026/08/27 13:18:47.639, 0, 100 %, 44 %, 45016 MiB, 252.55 W
2026/08/27 13:18:47.642, 1, 100 %, 52 %, 43990 MiB, 272.76 W
2026/08/27 13:18:48.336, 0, 100 %, 41 %, 45016 MiB, 254.15 W
2026/08/27 13:18:48.336, 1, 100 %, 95 %, 43990 MiB, 259.77 W
2026/08/27 13:18:48.997, 0, 100 %, 41 %, 45016 MiB, 254.15 W
2026/08/27 13:18:48.997, 1, 100 %, 42 %, 43990 MiB, 260.18 W
2026/08/27 13:18:49.617, 0, 100 %, 41 %, 45016 MiB, 241.24 W
2026/08/27 13:18:49.617, 1, 100 %, 42 %, 43990 MiB, 260.18 W
2026/08/27 13:18:50.313, 0, 100 %, 41 %, 45016 MiB, 260.48 W
2026/08/27 13:18:50.313, 1, 84 %, 91 %, 43990 MiB, 250.17 W
2026/08/27 13:18:51.052, 0, 100 %, 41 %, 45016 MiB, 260.48 W
2026/08/27 13:18:51.053, 1, 84 %, 91 %, 43990 MiB, 250.17 W
2026/08/27 13:18:51.760, 0, 100 %, 44 %, 45016 MiB, 260.58 W
2026/08/27 13:18:51.760, 1, 84 %, 91 %, 43990 MiB, 272.61 W
2026/08/27 13:18:52.427, 0, 71 %, 20 %, 45016 MiB, 259.08 W
2026/08/27 13:18:52.427, 1, 100 %, 41 %, 43990 MiB, 267.36 W
2026/08/27 13:18:53.110, 0, 71 %, 20 %, 45016 MiB, 255.87 W
2026/08/27 13:18:53.111, 1, 100 %, 42 %, 43990 MiB, 267.36 W
2026/08/27 13:18:53.755, 0, 71 %, 20 %, 45016 MiB, 242.47 W
2026/08/27 13:18:53.757, 1, 100 %, 42 %, 43990 MiB, 267.36 W
2026/08/27 13:18:54.467, 0, 100 %, 47 %, 45016 MiB, 243.06 W
2026/08/27 13:18:54.467, 1, 69 %, 31 %, 43990 MiB, 251.28 W
2026/08/27 13:18:55.210, 0, 100 %, 47 %, 45016 MiB, 265.17 W
2026/08/27 13:18:55.211, 1, 69 %, 31 %, 43990 MiB, 251.28 W
2026/08/27 13:18:55.905, 0, 91 %, 100 %, 45016 MiB, 266.06 W
2026/08/27 13:18:55.905, 1, 69 %, 31 %, 43990 MiB, 271.97 W
2026/08/27 13:18:56.575, 0, 91 %, 100 %, 45016 MiB, 266.06 W
2026/08/27 13:18:56.575, 1, 100 %, 44 %, 43990 MiB, 265.15 W
2026/08/27 13:18:57.253, 0, 100 %, 53 %, 45016 MiB, 254.90 W
2026/08/27 13:18:57.254, 1, 100 %, 43 %, 43990 MiB, 265.15 W
2026/08/27 13:18:57.886, 0, 100 %, 43 %, 45016 MiB, 254.90 W
2026/08/27 13:18:57.886, 1, 100 %, 43 %, 43990 MiB, 252.33 W
2026/08/27 13:18:58.596, 0, 100 %, 43 %, 45016 MiB, 244.52 W
2026/08/27 13:18:58.599, 1, 100 %, 56 %, 43990 MiB, 251.85 W
2026/08/27 13:18:59.347, 0, 100 %, 43 %, 45016 MiB, 266.44 W
2026/08/27 13:18:59.347, 1, 100 %, 56 %, 43990 MiB, 251.85 W
2026/08/27 13:19:00.023, 0, 100 %, 41 %, 45016 MiB, 266.44 W
2026/08/27 13:19:00.023, 1, 100 %, 52 %, 43990 MiB, 267.63 W
2026/08/27 13:19:00.714, 0, 100 %, 41 %, 45016 MiB, 255.25 W
2026/08/27 13:19:00.715, 1, 100 %, 52 %, 43990 MiB, 267.63 W
2026/08/27 13:19:01.401, 0, 100 %, 41 %, 45016 MiB, 255.25 W
2026/08/27 13:19:01.401, 1, 100 %, 52 %, 43990 MiB, 267.63 W
2026/08/27 13:19:02.050, 0, 100 %, 41 %, 45016 MiB, 255.25 W
2026/08/27 13:19:02.050, 1, 24 %, 1 %, 43990 MiB, 253.36 W
2026/08/27 13:19:02.763, 0, 100 %, 41 %, 45016 MiB, 244.82 W
2026/08/27 13:19:02.763, 1, 100 %, 45 %, 43990 MiB, 253.36 W
2026/08/27 13:19:03.504, 0, 100 %, 44 %, 45016 MiB, 264.64 W
2026/08/27 13:19:03.505, 1, 100 %, 45 %, 43990 MiB, 274.15 W
2026/08/27 13:19:04.214, 0, 100 %, 44 %, 45016 MiB, 264.58 W
2026/08/27 13:19:04.214, 1, 100 %, 49 %, 43990 MiB, 270.67 W
2026/08/27 13:19:04.889, 0, 100 %, 43 %, 45016 MiB, 253.90 W
2026/08/27 13:19:04.889, 1, 100 %, 49 %, 43990 MiB, 270.67 W
2026/08/27 13:19:05.567, 0, 100 %, 42 %, 45016 MiB, 253.90 W
2026/08/27 13:19:05.568, 1, 100 %, 49 %, 43990 MiB, 261.75 W
2026/08/27 13:19:06.203, 0, 100 %, 42 %, 45016 MiB, 253.90 W
2026/08/27 13:19:06.204, 1, 100 %, 44 %, 43990 MiB, 252.23 W
2026/08/27 13:19:06.899, 0, 100 %, 42 %, 45016 MiB, 243.14 W
2026/08/27 13:19:06.904, 1, 100 %, 44 %, 43990 MiB, 252.23 W
2026/08/27 13:19:07.636, 0, 100 %, 42 %, 45016 MiB, 266.08 W
2026/08/27 13:19:07.637, 1, 100 %, 41 %, 43990 MiB, 274.07 W
2026/08/27 13:19:08.302, 0, 100 %, 41 %, 45016 MiB, 266.08 W
2026/08/27 13:19:08.302, 1, 100 %, 41 %, 43990 MiB, 274.07 W
2026/08/27 13:19:08.984, 0, 100 %, 41 %, 45016 MiB, 263.49 W
2026/08/27 13:19:08.984, 1, 100 %, 41 %, 43990 MiB, 256.02 W
2026/08/27 13:19:09.689, 0, 100 %, 41 %, 45016 MiB, 257.89 W
2026/08/27 13:19:09.689, 1, 100 %, 44 %, 43990 MiB, 264.79 W
2026/08/27 13:19:10.346, 0, 100 %, 43 %, 45016 MiB, 257.89 W
2026/08/27 13:19:10.347, 1, 100 %, 44 %, 43990 MiB, 264.79 W
2026/08/27 13:19:11.059, 0, 100 %, 43 %, 45016 MiB, 242.54 W
2026/08/27 13:19:11.059, 1, 100 %, 41 %, 43990 MiB, 252.80 W
2026/08/27 13:19:11.791, 0, 100 %, 43 %, 45016 MiB, 262.68 W
2026/08/27 13:19:11.792, 1, 100 %, 44 %, 43990 MiB, 252.80 W
2026/08/27 13:19:12.465, 0, 100 %, 43 %, 45016 MiB, 259.83 W
2026/08/27 13:19:12.465, 1, 100 %, 44 %, 43990 MiB, 269.60 W
2026/08/27 13:19:13.154, 0, 100 %, 42 %, 45016 MiB, 255.32 W
2026/08/27 13:19:13.156, 1, 97 %, 100 %, 43990 MiB, 273.39 W
2026/08/27 13:19:13.845, 0, 100 %, 42 %, 45016 MiB, 255.32 W
2026/08/27 13:19:13.845, 1, 97 %, 100 %, 43990 MiB, 273.39 W
2026/08/27 13:19:14.517, 0, 35 %, 38 %, 45016 MiB, 255.75 W
2026/08/27 13:19:14.517, 1, 97 %, 100 %, 43990 MiB, 273.39 W
2026/08/27 13:19:15.227, 0, 69 %, 69 %, 45016 MiB, 243.84 W
2026/08/27 13:19:15.227, 1, 100 %, 41 %, 43990 MiB, 253.06 W
2026/08/27 13:19:15.965, 0, 69 %, 69 %, 45016 MiB, 268.07 W
2026/08/27 13:19:15.965, 1, 100 %, 45 %, 43990 MiB, 253.06 W
2026/08/27 13:19:16.642, 0, 69 %, 69 %, 45016 MiB, 265.17 W
2026/08/27 13:19:16.643, 1, 100 %, 45 %, 43990 MiB, 269.84 W
2026/08/27 13:19:17.334, 0, 100 %, 43 %, 45016 MiB, 265.17 W
2026/08/27 13:19:17.334, 1, 100 %, 100 %, 43990 MiB, 270.87 W
2026/08/27 13:19:18.020, 0, 100 %, 44 %, 45016 MiB, 255.78 W
2026/08/27 13:19:18.021, 1, 100 %, 100 %, 43990 MiB, 270.87 W
2026/08/27 13:19:18.710, 0, 100 %, 45 %, 45016 MiB, 256.94 W
2026/08/27 13:19:18.710, 1, 100 %, 100 %, 43990 MiB, 253.17 W
2026/08/27 13:19:19.422, 0, 100 %, 45 %, 45016 MiB, 246.67 W
2026/08/27 13:19:19.422, 1, 100 %, 43 %, 43990 MiB, 254.91 W
2026/08/27 13:19:20.163, 0, 100 %, 45 %, 45016 MiB, 267.49 W
2026/08/27 13:19:20.163, 1, 100 %, 43 %, 43990 MiB, 254.91 W
2026/08/27 13:19:20.848, 0, 100 %, 42 %, 45016 MiB, 267.49 W
2026/08/27 13:19:20.848, 1, 56 %, 17 %, 43990 MiB, 269.07 W
2026/08/27 13:19:21.540, 0, 100 %, 42 %, 45016 MiB, 251.48 W
2026/08/27 13:19:21.540, 1, 100 %, 40 %, 43990 MiB, 269.07 W
2026/08/27 13:19:22.235, 0, 100 %, 40 %, 45016 MiB, 251.48 W
2026/08/27 13:19:22.235, 1, 100 %, 40 %, 43990 MiB, 269.07 W
2026/08/27 13:19:22.939, 0, 100 %, 40 %, 45016 MiB, 250.83 W
2026/08/27 13:19:22.939, 1, 100 %, 43 %, 43990 MiB, 253.22 W
2026/08/27 13:19:23.653, 0, 100 %, 40 %, 45016 MiB, 250.39 W
2026/08/27 13:19:23.653, 1, 100 %, 43 %, 43990 MiB, 253.22 W
2026/08/27 13:19:24.389, 0, 82 %, 27 %, 45016 MiB, 250.39 W
2026/08/27 13:19:24.390, 1, 100 %, 43 %, 43990 MiB, 277.38 W
2026/08/27 13:19:25.066, 0, 82 %, 27 %, 45016 MiB, 263.06 W
2026/08/27 13:19:25.066, 1, 100 %, 89 %, 43990 MiB, 270.35 W
2026/08/27 13:19:25.771, 0, 100 %, 41 %, 45016 MiB, 265.05 W
2026/08/27 13:19:25.773, 1, 100 %, 89 %, 43990 MiB, 270.35 W
2026/08/27 13:19:26.479, 0, 100 %, 41 %, 45016 MiB, 257.39 W
2026/08/27 13:19:26.479, 1, 100 %, 49 %, 43990 MiB, 264.55 W
2026/08/27 13:19:27.167, 0, 86 %, 94 %, 45016 MiB, 249.45 W
2026/08/27 13:19:27.167, 1, 32 %, 1 %, 43990 MiB, 264.55 W
2026/08/27 13:19:27.897, 0, 86 %, 94 %, 45016 MiB, 249.45 W
2026/08/27 13:19:27.897, 1, 32 %, 1 %, 43990 MiB, 256.40 W
2026/08/27 13:19:28.620, 0, 100 %, 50 %, 45016 MiB, 269.12 W
2026/08/27 13:19:28.620, 1, 100 %, 40 %, 43990 MiB, 276.16 W
2026/08/27 13:19:29.294, 0, 100 %, 44 %, 45016 MiB, 269.75 W
2026/08/27 13:19:29.295, 1, 100 %, 40 %, 43990 MiB, 276.16 W
2026/08/27 13:19:29.982, 0, 100 %, 44 %, 45016 MiB, 269.75 W
2026/08/27 13:19:29.983, 1, 83 %, 94 %, 43990 MiB, 271.56 W
2026/08/27 13:19:30.685, 0, 100 %, 44 %, 45016 MiB, 256.60 W
2026/08/27 13:19:30.685, 1, 83 %, 94 %, 43990 MiB, 271.56 W
2026/08/27 13:19:31.374, 0, 100 %, 40 %, 45016 MiB, 258.47 W
2026/08/27 13:19:31.375, 1, 83 %, 94 %, 43990 MiB, 254.19 W
2026/08/27 13:19:32.078, 0, 100 %, 40 %, 45016 MiB, 244.03 W
2026/08/27 13:19:32.078, 1, 100 %, 42 %, 43990 MiB, 251.37 W
2026/08/27 13:19:32.794, 0, 100 %, 44 %, 45016 MiB, 268.06 W
2026/08/27 13:19:32.795, 1, 100 %, 42 %, 43990 MiB, 251.37 W
2026/08/27 13:19:33.456, 0, 88 %, 97 %, 45016 MiB, 268.06 W
2026/08/27 13:19:33.456, 1, 100 %, 100 %, 43990 MiB, 270.38 W
2026/08/27 13:19:34.188, 0, 88 %, 97 %, 45016 MiB, 265.69 W
2026/08/27 13:19:34.189, 1, 100 %, 40 %, 43990 MiB, 270.38 W
2026/08/27 13:19:34.870, 0, 81 %, 25 %, 45016 MiB, 253.91 W
2026/08/27 13:19:34.870, 1, 100 %, 40 %, 43990 MiB, 263.69 W
2026/08/27 13:19:35.519, 0, 81 %, 25 %, 45016 MiB, 253.91 W
2026/08/27 13:19:35.521, 1, 34 %, 38 %, 43990 MiB, 261.91 W
2026/08/27 13:19:36.135, 0, 100 %, 49 %, 45016 MiB, 249.65 W
2026/08/27 13:19:36.135, 1, 34 %, 38 %, 43990 MiB, 261.91 W
2026/08/27 13:19:36.812, 0, 100 %, 52 %, 45016 MiB, 249.89 W
2026/08/27 13:19:36.812, 1, 34 %, 38 %, 43990 MiB, 273.49 W
2026/08/27 13:19:37.499, 0, 100 %, 52 %, 45016 MiB, 249.89 W
2026/08/27 13:19:37.499, 1, 100 %, 43 %, 43990 MiB, 275.46 W
2026/08/27 13:19:38.216, 0, 100 %, 52 %, 45016 MiB, 265.89 W
2026/08/27 13:19:38.217, 1, 100 %, 43 %, 43990 MiB, 275.46 W
2026/08/27 13:19:38.875, 0, 100 %, 49 %, 45016 MiB, 265.89 W
2026/08/27 13:19:38.875, 1, 100 %, 43 %, 43990 MiB, 264.14 W
2026/08/27 13:19:39.571, 0, 100 %, 49 %, 45016 MiB, 265.89 W
2026/08/27 13:19:39.573, 1, 100 %, 40 %, 43990 MiB, 265.18 W
2026/08/27 13:19:40.193, 0, 100 %, 49 %, 45016 MiB, 247.56 W
2026/08/27 13:19:40.194, 1, 100 %, 40 %, 43990 MiB, 265.18 W
2026/08/27 13:19:40.864, 0, 100 %, 40 %, 45016 MiB, 269.07 W
2026/08/27 13:19:40.864, 1, 100 %, 42 %, 43990 MiB, 265.70 W
2026/08/27 13:19:41.582, 0, 100 %, 40 %, 45016 MiB, 269.07 W
2026/08/27 13:19:41.582, 1, 100 %, 42 %, 43990 MiB, 265.70 W
2026/08/27 13:19:42.276, 0, 100 %, 43 %, 45016 MiB, 265.28 W
2026/08/27 13:19:42.276, 1, 100 %, 42 %, 43990 MiB, 273.39 W
2026/08/27 13:19:42.936, 0, 32 %, 1 %, 45016 MiB, 263.30 W
2026/08/27 13:19:42.936, 1, 7 %, 0 %, 43990 MiB, 268.80 W
2026/08/27 13:19:43.614, 0, 32 %, 1 %, 45016 MiB, 258.11 W
2026/08/27 13:19:43.615, 1, 7 %, 0 %, 43990 MiB, 268.80 W
2026/08/27 13:19:44.262, 0, 32 %, 1 %, 45016 MiB, 247.77 W
2026/08/27 13:19:44.262, 1, 7 %, 0 %, 43990 MiB, 268.80 W
2026/08/27 13:19:44.989, 0, 100 %, 50 %, 45016 MiB, 248.18 W
2026/08/27 13:19:44.989, 1, 100 %, 42 %, 43990 MiB, 256.15 W
2026/08/27 13:19:45.723, 0, 100 %, 50 %, 45016 MiB, 269.14 W
2026/08/27 13:19:45.723, 1, 100 %, 40 %, 43990 MiB, 256.15 W
2026/08/27 13:19:46.401, 0, 100 %, 37 %, 45016 MiB, 269.14 W
2026/08/27 13:19:46.401, 1, 100 %, 40 %, 43990 MiB, 256.15 W
2026/08/27 13:19:47.089, 0, 100 %, 42 %, 45016 MiB, 269.14 W
2026/08/27 13:19:47.089, 1, 81 %, 91 %, 43990 MiB, 273.12 W
2026/08/27 13:19:47.820, 0, 100 %, 42 %, 45016 MiB, 260.66 W
2026/08/27 13:19:47.821, 1, 81 %, 91 %, 43990 MiB, 273.12 W
2026/08/27 13:19:48.520, 0, 100 %, 40 %, 45016 MiB, 260.66 W
2026/08/27 13:19:48.521, 1, 81 %, 91 %, 43990 MiB, 255.95 W
2026/08/27 13:19:49.237, 0, 100 %, 40 %, 45016 MiB, 247.85 W
2026/08/27 13:19:49.237, 1, 100 %, 39 %, 43990 MiB, 252.60 W
2026/08/27 13:19:49.970, 0, 100 %, 44 %, 45016 MiB, 265.43 W
2026/08/27 13:19:49.970, 1, 100 %, 39 %, 43990 MiB, 252.60 W
2026/08/27 13:19:50.630, 0, 100 %, 44 %, 45016 MiB, 259.77 W
2026/08/27 13:19:50.630, 1, 100 %, 39 %, 43990 MiB, 269.26 W
2026/08/27 13:19:51.343, 0, 100 %, 40 %, 45016 MiB, 259.64 W
2026/08/27 13:19:51.343, 1, 100 %, 40 %, 43990 MiB, 272.56 W
2026/08/27 13:19:52.017, 0, 100 %, 40 %, 45016 MiB, 259.64 W
2026/08/27 13:19:52.018, 1, 100 %, 40 %, 43990 MiB, 272.56 W
2026/08/27 13:19:52.672, 0, 100 %, 40 %, 45016 MiB, 261.20 W
2026/08/27 13:19:52.672, 1, 100 %, 62 %, 43990 MiB, 259.88 W
2026/08/27 13:19:53.293, 0, 100 %, 44 %, 45016 MiB, 255.91 W
2026/08/27 13:19:53.293, 1, 100 %, 42 %, 43990 MiB, 259.92 W
2026/08/27 13:19:53.966, 0, 100 %, 44 %, 45016 MiB, 255.91 W
2026/08/27 13:19:53.966, 1, 100 %, 42 %, 43990 MiB, 259.92 W
2026/08/27 13:19:54.659, 0, 100 %, 44 %, 45016 MiB, 269.58 W
2026/08/27 13:19:54.660, 1, 100 %, 42 %, 43990 MiB, 274.83 W
2026/08/27 13:19:55.393, 0, 100 %, 44 %, 45016 MiB, 268.03 W
2026/08/27 13:19:55.393, 1, 100 %, 49 %, 43990 MiB, 275.71 W
2026/08/27 13:19:56.029, 0, 100 %, 44 %, 45016 MiB, 268.03 W
2026/08/27 13:19:56.029, 1, 100 %, 44 %, 43990 MiB, 275.71 W
2026/08/27 13:19:56.745, 0, 100 %, 38 %, 45016 MiB, 257.57 W
2026/08/27 13:19:56.745, 1, 100 %, 44 %, 43990 MiB, 267.12 W
2026/08/27 13:19:57.350, 0, 100 %, 41 %, 45016 MiB, 257.57 W
2026/08/27 13:19:57.350, 1, 100 %, 40 %, 43990 MiB, 253.51 W
2026/08/27 13:19:58.027, 0, 100 %, 41 %, 45016 MiB, 250.65 W
2026/08/27 13:19:58.028, 1, 100 %, 40 %, 43990 MiB, 253.51 W
2026/08/27 13:19:58.738, 0, 100 %, 42 %, 45016 MiB, 270.93 W
2026/08/27 13:19:58.741, 1, 100 %, 40 %, 43990 MiB, 276.93 W
2026/08/27 13:19:59.427, 0, 100 %, 42 %, 45016 MiB, 270.93 W
2026/08/27 13:19:59.427, 1, 100 %, 43 %, 43990 MiB, 276.33 W
2026/08/27 13:20:00.080, 0, 100 %, 42 %, 45016 MiB, 258.50 W
2026/08/27 13:20:00.083, 1, 100 %, 63 %, 43990 MiB, 276.33 W
2026/08/27 13:20:00.768, 0, 100 %, 40 %, 45016 MiB, 258.50 W
2026/08/27 13:20:00.769, 1, 100 %, 63 %, 43990 MiB, 265.03 W
2026/08/27 13:20:01.425, 0, 100 %, 40 %, 45016 MiB, 258.50 W
2026/08/27 13:20:01.425, 1, 100 %, 44 %, 43990 MiB, 255.48 W
2026/08/27 13:20:02.159, 0, 100 %, 40 %, 45016 MiB, 257.57 W
2026/08/27 13:20:02.159, 1, 100 %, 44 %, 43990 MiB, 255.48 W
2026/08/27 13:20:02.886, 0, 82 %, 26 %, 45016 MiB, 257.57 W
2026/08/27 13:20:02.886, 1, 100 %, 40 %, 43990 MiB, 276.23 W
2026/08/27 13:20:03.567, 0, 82 %, 26 %, 45016 MiB, 264.92 W
2026/08/27 13:20:03.568, 1, 100 %, 40 %, 43990 MiB, 276.23 W
2026/08/27 13:20:04.263, 0, 100 %, 42 %, 45016 MiB, 260.40 W
2026/08/27 13:20:04.265, 1, 100 %, 40 %, 43990 MiB, 268.56 W
2026/08/27 13:20:04.963, 0, 100 %, 42 %, 45016 MiB, 260.40 W
2026/08/27 13:20:04.963, 1, 100 %, 44 %, 43990 MiB, 265.90 W
2026/08/27 13:20:05.614, 0, 100 %, 42 %, 45016 MiB, 259.56 W
2026/08/27 13:20:05.615, 1, 100 %, 44 %, 43990 MiB, 265.90 W
2026/08/27 13:20:06.285, 0, 100 %, 50 %, 45016 MiB, 251.02 W
2026/08/27 13:20:06.285, 1, 100 %, 44 %, 43990 MiB, 253.55 W
2026/08/27 13:20:06.960, 0, 100 %, 50 %, 45016 MiB, 251.02 W
2026/08/27 13:20:06.961, 1, 100 %, 47 %, 43990 MiB, 276.77 W
2026/08/27 13:20:07.639, 0, 100 %, 50 %, 45016 MiB, 269.67 W
2026/08/27 13:20:07.639, 1, 100 %, 67 %, 43990 MiB, 276.77 W
2026/08/27 13:20:08.365, 0, 100 %, 43 %, 45016 MiB, 265.76 W
2026/08/27 13:20:08.365, 1, 100 %, 67 %, 43990 MiB, 273.16 W
2026/08/27 13:20:09.008, 0, 100 %, 43 %, 45016 MiB, 265.76 W
2026/08/27 13:20:09.008, 1, 100 %, 43 %, 43990 MiB, 266.55 W
2026/08/27 13:20:09.699, 0, 100 %, 39 %, 45016 MiB, 254.58 W
2026/08/27 13:20:09.704, 1, 100 %, 43 %, 43990 MiB, 266.55 W
2026/08/27 13:20:10.338, 0, 100 %, 40 %, 45016 MiB, 251.37 W
2026/08/27 13:20:10.338, 1, 100 %, 43 %, 43990 MiB, 256.37 W
2026/08/27 13:20:11.000, 0, 100 %, 40 %, 45016 MiB, 251.37 W
2026/08/27 13:20:11.004, 1, 70 %, 63 %, 43990 MiB, 260.95 W
2026/08/27 13:20:11.716, 0, 100 %, 40 %, 45016 MiB, 271.44 W
2026/08/27 13:20:11.717, 1, 70 %, 63 %, 43990 MiB, 260.95 W
2026/08/27 13:20:12.394, 0, 100 %, 70 %, 45016 MiB, 271.44 W
2026/08/27 13:20:12.396, 1, 100 %, 42 %, 43990 MiB, 274.68 W
2026/08/27 13:20:13.051, 0, 100 %, 70 %, 45016 MiB, 267.65 W
2026/08/27 13:20:13.051, 1, 100 %, 42 %, 43990 MiB, 274.68 W
2026/08/27 13:20:13.750, 0, 100 %, 38 %, 45016 MiB, 259.48 W
2026/08/27 13:20:13.751, 1, 100 %, 42 %, 43990 MiB, 267.20 W
2026/08/27 13:20:14.396, 0, 100 %, 38 %, 45016 MiB, 259.48 W
2026/08/27 13:20:14.397, 1, 14 %, 15 %, 43990 MiB, 257.62 W
2026/08/27 13:20:15.109, 0, 100 %, 38 %, 45016 MiB, 262.98 W
2026/08/27 13:20:15.110, 1, 100 %, 39 %, 43990 MiB, 257.62 W
2026/08/27 13:20:15.823, 0, 69 %, 33 %, 45016 MiB, 262.98 W
2026/08/27 13:20:15.823, 1, 100 %, 39 %, 43990 MiB, 277.10 W
2026/08/27 13:20:16.500, 0, 69 %, 33 %, 45016 MiB, 268.64 W
2026/08/27 13:20:16.500, 1, 100 %, 43 %, 43990 MiB, 271.60 W
2026/08/27 13:20:17.201, 0, 100 %, 40 %, 45016 MiB, 266.21 W
2026/08/27 13:20:17.201, 1, 100 %, 43 %, 43990 MiB, 271.60 W
2026/08/27 13:20:17.887, 0, 100 %, 40 %, 45016 MiB, 261.95 W
2026/08/27 13:20:17.887, 1, 100 %, 40 %, 43990 MiB, 269.31 W
2026/08/27 13:20:18.530, 0, 100 %, 39 %, 45016 MiB, 250.28 W
2026/08/27 13:20:18.530, 1, 100 %, 40 %, 43990 MiB, 269.31 W
2026/08/27 13:20:19.183, 0, 100 %, 40 %, 45016 MiB, 250.28 W
2026/08/27 13:20:19.184, 1, 100 %, 40 %, 43990 MiB, 269.31 W
2026/08/27 13:20:19.865, 0, 100 %, 40 %, 45016 MiB, 268.95 W
2026/08/27 13:20:19.865, 1, 86 %, 27 %, 43990 MiB, 274.73 W
2026/08/27 13:20:20.542, 0, 100 %, 40 %, 45016 MiB, 270.33 W
2026/08/27 13:20:20.542, 1, 100 %, 39 %, 43990 MiB, 274.73 W
2026/08/27 13:20:21.268, 0, 100 %, 44 %, 45016 MiB, 268.07 W
2026/08/27 13:20:21.268, 1, 100 %, 39 %, 43990 MiB, 273.88 W
2026/08/27 13:20:21.930, 0, 100 %, 44 %, 45016 MiB, 259.40 W
2026/08/27 13:20:21.930, 1, 100 %, 43 %, 43990 MiB, 266.64 W
2026/08/27 13:20:22.631, 0, 100 %, 38 %, 45016 MiB, 258.67 W
2026/08/27 13:20:22.631, 1, 100 %, 43 %, 43990 MiB, 266.64 W
2026/08/27 13:20:23.263, 0, 100 %, 42 %, 45016 MiB, 258.67 W
2026/08/27 13:20:23.263, 1, 100 %, 42 %, 43990 MiB, 253.95 W
2026/08/27 13:20:23.932, 0, 100 %, 42 %, 45016 MiB, 258.67 W
2026/08/27 13:20:23.933, 1, 100 %, 42 %, 43990 MiB, 253.95 W
2026/08/27 13:20:24.664, 0, 100 %, 82 %, 45016 MiB, 269.58 W
2026/08/27 13:20:24.664, 1, 100 %, 42 %, 43990 MiB, 278.30 W
2026/08/27 13:20:25.345, 0, 100 %, 82 %, 45016 MiB, 269.58 W
2026/08/27 13:20:25.346, 1, 100 %, 43 %, 43990 MiB, 276.62 W
2026/08/27 13:20:26.008, 0, 100 %, 82 %, 45016 MiB, 266.14 W
2026/08/27 13:20:26.008, 1, 100 %, 96 %, 43990 MiB, 276.62 W
2026/08/27 13:20:26.698, 0, 100 %, 40 %, 45016 MiB, 258.98 W
2026/08/27 13:20:26.698, 1, 100 %, 96 %, 43990 MiB, 267.78 W
2026/08/27 13:20:27.364, 0, 100 %, 40 %, 45016 MiB, 259.40 W
2026/08/27 13:20:27.365, 1, 100 %, 45 %, 43990 MiB, 258.57 W
2026/08/27 13:20:28.074, 0, 100 %, 40 %, 45016 MiB, 252.78 W
2026/08/27 13:20:28.075, 1, 100 %, 45 %, 43990 MiB, 258.57 W
2026/08/27 13:20:28.796, 0, 69 %, 65 %, 45016 MiB, 252.78 W
2026/08/27 13:20:28.796, 1, 100 %, 40 %, 43990 MiB, 278.77 W
2026/08/27 13:20:29.450, 0, 69 %, 65 %, 45016 MiB, 269.64 W
2026/08/27 13:20:29.453, 1, 100 %, 40 %, 43990 MiB, 278.77 W
2026/08/27 13:20:30.169, 0, 100 %, 72 %, 45016 MiB, 266.84 W
2026/08/27 13:20:30.170, 1, 100 %, 40 %, 43990 MiB, 271.83 W
2026/08/27 13:20:30.827, 0, 100 %, 72 %, 45016 MiB, 266.84 W
2026/08/27 13:20:30.827, 1, 100 %, 45 %, 43990 MiB, 268.55 W
2026/08/27 13:20:31.482, 0, 100 %, 72 %, 45016 MiB, 252.14 W
2026/08/27 13:20:31.482, 1, 100 %, 45 %, 43990 MiB, 268.55 W
2026/08/27 13:20:32.137, 0, 100 %, 38 %, 45016 MiB, 252.14 W
2026/08/27 13:20:32.137, 1, 100 %, 45 %, 43990 MiB, 256.34 W
2026/08/27 13:20:32.803, 0, 100 %, 38 %, 45016 MiB, 264.13 W
2026/08/27 13:20:32.803, 1, 100 %, 73 %, 43990 MiB, 276.63 W
2026/08/27 13:20:33.510, 0, 100 %, 38 %, 45016 MiB, 264.55 W
2026/08/27 13:20:33.510, 1, 100 %, 73 %, 43990 MiB, 276.63 W
2026/08/27 13:20:34.220, 0, 77 %, 24 %, 45016 MiB, 264.55 W
2026/08/27 13:20:34.221, 1, 100 %, 48 %, 43990 MiB, 274.58 W
2026/08/27 13:20:34.861, 0, 77 %, 24 %, 45016 MiB, 263.43 W
2026/08/27 13:20:34.861, 1, 57 %, 62 %, 43990 MiB, 274.58 W
2026/08/27 13:20:35.541, 0, 77 %, 24 %, 45016 MiB, 258.27 W
2026/08/27 13:20:35.541, 1, 57 %, 62 %, 43990 MiB, 264.53 W
2026/08/27 13:20:36.185, 0, 100 %, 79 %, 45016 MiB, 258.27 W
2026/08/27 13:20:36.185, 1, 100 %, 43 %, 43990 MiB, 257.68 W
2026/08/27 13:20:36.889, 0, 100 %, 79 %, 45016 MiB, 258.27 W
2026/08/27 13:20:36.891, 1, 100 %, 43 %, 43990 MiB, 257.68 W
2026/08/27 13:20:37.610, 0, 100 %, 43 %, 45016 MiB, 272.06 W
2026/08/27 13:20:37.611, 1, 100 %, 39 %, 43990 MiB, 279.12 W
2026/08/27 13:20:38.280, 0, 100 %, 43 %, 45016 MiB, 272.06 W
2026/08/27 13:20:38.280, 1, 100 %, 72 %, 43990 MiB, 276.08 W
2026/08/27 13:20:38.960, 0, 100 %, 43 %, 45016 MiB, 267.56 W
2026/08/27 13:20:38.960, 1, 100 %, 72 %, 43990 MiB, 276.08 W
2026/08/27 13:20:39.651, 0, 100 %, 43 %, 45016 MiB, 261.31 W
2026/08/27 13:20:39.652, 1, 100 %, 43 %, 43990 MiB, 268.31 W
2026/08/27 13:20:40.299, 0, 46 %, 5 %, 45016 MiB, 261.31 W
2026/08/27 13:20:40.299, 1, 100 %, 98 %, 43990 MiB, 268.31 W
2026/08/27 13:20:40.931, 0, 46 %, 5 %, 45016 MiB, 250.98 W
2026/08/27 13:20:40.932, 1, 100 %, 98 %, 43990 MiB, 268.31 W
2026/08/27 13:20:41.604, 0, 46 %, 5 %, 45016 MiB, 272.81 W
2026/08/27 13:20:41.604, 1, 100 %, 98 %, 43990 MiB, 277.23 W
2026/08/27 13:20:42.280, 0, 100 %, 40 %, 45016 MiB, 272.81 W
2026/08/27 13:20:42.281, 1, 100 %, 39 %, 43990 MiB, 278.19 W
2026/08/27 13:20:42.990, 0, 100 %, 40 %, 45016 MiB, 266.04 W
2026/08/27 13:20:42.990, 1, 100 %, 39 %, 43990 MiB, 278.19 W
2026/08/27 13:20:43.638, 0, 100 %, 59 %, 45016 MiB, 260.96 W
2026/08/27 13:20:43.638, 1, 100 %, 39 %, 43990 MiB, 267.73 W
2026/08/27 13:20:44.367, 0, 100 %, 39 %, 45016 MiB, 260.96 W
2026/08/27 13:20:44.367, 1, 100 %, 38 %, 43990 MiB, 269.06 W
2026/08/27 13:20:44.969, 0, 100 %, 39 %, 45016 MiB, 249.80 W
2026/08/27 13:20:44.969, 1, 100 %, 38 %, 43990 MiB, 269.06 W
2026/08/27 13:20:45.655, 0, 100 %, 39 %, 45016 MiB, 246.76 W
2026/08/27 13:20:45.655, 1, 67 %, 68 %, 43990 MiB, 264.98 W
2026/08/27 13:20:46.382, 0, 100 %, 43 %, 45016 MiB, 269.86 W
2026/08/27 13:20:46.382, 1, 67 %, 68 %, 43990 MiB, 264.98 W
2026/08/27 13:20:47.050, 0, 100 %, 43 %, 45016 MiB, 268.87 W
2026/08/27 13:20:47.050, 1, 67 %, 68 %, 43990 MiB, 273.99 W
2026/08/27 13:20:47.735, 0, 100 %, 39 %, 45016 MiB, 266.27 W
2026/08/27 13:20:47.736, 1, 100 %, 40 %, 43990 MiB, 276.15 W
2026/08/27 13:20:48.429, 0, 100 %, 39 %, 45016 MiB, 266.27 W
2026/08/27 13:20:48.430, 1, 100 %, 43 %, 43990 MiB, 276.15 W
2026/08/27 13:20:49.131, 0, 30 %, 33 %, 45016 MiB, 261.12 W
2026/08/27 13:20:49.131, 1, 100 %, 43 %, 43990 MiB, 257.34 W
2026/08/27 13:20:49.839, 0, 100 %, 39 %, 45016 MiB, 248.54 W
2026/08/27 13:20:49.839, 1, 100 %, 38 %, 43990 MiB, 256.53 W
2026/08/27 13:20:50.528, 0, 100 %, 39 %, 45016 MiB, 268.45 W
2026/08/27 13:20:50.528, 1, 100 %, 38 %, 43990 MiB, 256.53 W
2026/08/27 13:20:51.180, 0, 100 %, 39 %, 45016 MiB, 267.52 W
2026/08/27 13:20:51.180, 1, 90 %, 30 %, 43990 MiB, 270.49 W
2026/08/27 13:20:51.894, 0, 100 %, 43 %, 45016 MiB, 267.52 W
2026/08/27 13:20:51.894, 1, 90 %, 30 %, 43990 MiB, 270.49 W
2026/08/27 13:20:52.532, 0, 100 %, 43 %, 45016 MiB, 261.57 W
2026/08/27 13:20:52.532, 1, 90 %, 30 %, 43990 MiB, 270.49 W
2026/08/27 13:20:53.221, 0, 0 %, 0 %, 45016 MiB, 261.81 W
2026/08/27 13:20:53.221, 1, 100 %, 39 %, 43990 MiB, 270.31 W
2026/08/27 13:20:53.840, 0, 0 %, 0 %, 45016 MiB, 261.81 W
2026/08/27 13:20:53.840, 1, 100 %, 50 %, 43990 MiB, 258.08 W
2026/08/27 13:20:54.501, 0, 0 %, 0 %, 45016 MiB, 261.81 W
2026/08/27 13:20:54.501, 1, 100 %, 50 %, 43990 MiB, 258.08 W
2026/08/27 13:20:55.218, 0, 100 %, 41 %, 45016 MiB, 268.80 W
2026/08/27 13:20:55.218, 1, 100 %, 50 %, 43990 MiB, 276.62 W
2026/08/27 13:20:55.884, 0, 100 %, 41 %, 45016 MiB, 268.80 W
2026/08/27 13:20:55.885, 1, 55 %, 54 %, 43990 MiB, 275.04 W
2026/08/27 13:20:56.562, 0, 100 %, 41 %, 45016 MiB, 270.38 W
2026/08/27 13:20:56.563, 1, 55 %, 54 %, 43990 MiB, 275.04 W
2026/08/27 13:20:57.259, 0, 100 %, 43 %, 45016 MiB, 262.45 W
2026/08/27 13:20:57.259, 1, 100 %, 50 %, 43990 MiB, 266.72 W
2026/08/27 13:20:57.927, 0, 100 %, 43 %, 45016 MiB, 260.27 W
2026/08/27 13:20:57.928, 1, 99 %, 43 %, 43990 MiB, 257.07 W
2026/08/27 13:20:58.638, 0, 100 %, 41 %, 45016 MiB, 254.21 W
2026/08/27 13:20:58.639, 1, 99 %, 43 %, 43990 MiB, 257.07 W
2026/08/27 13:20:59.339, 0, 100 %, 41 %, 45016 MiB, 254.21 W
2026/08/27 13:20:59.339, 1, 99 %, 43 %, 43990 MiB, 279.86 W
2026/08/27 13:20:59.970, 0, 100 %, 41 %, 45016 MiB, 272.51 W
2026/08/27 13:20:59.971, 1, 100 %, 38 %, 43990 MiB, 274.93 W
2026/08/27 13:21:00.666, 0, 100 %, 44 %, 45016 MiB, 268.30 W
2026/08/27 13:21:00.666, 1, 100 %, 38 %, 43990 MiB, 274.93 W
2026/08/27 13:21:01.288, 0, 100 %, 45 %, 45016 MiB, 268.30 W
2026/08/27 13:21:01.289, 1, 100 %, 38 %, 43990 MiB, 269.14 W
2026/08/27 13:21:01.975, 0, 100 %, 45 %, 45016 MiB, 268.30 W
2026/08/27 13:21:01.976, 1, 100 %, 38 %, 43990 MiB, 269.75 W
2026/08/27 13:21:02.624, 0, 100 %, 45 %, 45016 MiB, 251.72 W
2026/08/27 13:21:02.624, 1, 100 %, 38 %, 43990 MiB, 269.75 W
2026/08/27 13:21:03.282, 0, 100 %, 43 %, 45016 MiB, 255.99 W
2026/08/27 13:21:03.282, 1, 100 %, 38 %, 43990 MiB, 275.30 W
2026/08/27 13:21:03.999, 0, 100 %, 43 %, 45016 MiB, 270.62 W
2026/08/27 13:21:03.999, 1, 100 %, 39 %, 43990 MiB, 275.30 W
2026/08/27 13:21:04.696, 0, 100 %, 43 %, 45016 MiB, 268.81 W
2026/08/27 13:21:04.696, 1, 100 %, 39 %, 43990 MiB, 275.30 W
2026/08/27 13:21:05.355, 0, 100 %, 38 %, 45016 MiB, 268.81 W
2026/08/27 13:21:05.356, 1, 100 %, 39 %, 43990 MiB, 267.10 W
2026/08/27 13:21:06.037, 0, 100 %, 45 %, 45016 MiB, 261.43 W
2026/08/27 13:21:06.037, 1, 100 %, 44 %, 43990 MiB, 267.32 W
2026/08/27 13:21:06.704, 0, 100 %, 43 %, 45016 MiB, 261.43 W
2026/08/27 13:21:06.705, 1, 52 %, 10 %, 43990 MiB, 267.32 W
2026/08/27 13:21:07.407, 0, 100 %, 43 %, 45016 MiB, 261.43 W
2026/08/27 13:21:07.407, 1, 52 %, 10 %, 43990 MiB, 261.11 W
2026/08/27 13:21:08.108, 0, 100 %, 43 %, 45016 MiB, 273.09 W
2026/08/27 13:21:08.109, 1, 100 %, 43 %, 43990 MiB, 278.25 W
2026/08/27 13:21:08.750, 0, 100 %, 39 %, 45016 MiB, 273.09 W
2026/08/27 13:21:08.750, 1, 100 %, 43 %, 43990 MiB, 278.25 W
2026/08/27 13:21:09.451, 0, 100 %, 39 %, 45016 MiB, 268.62 W
2026/08/27 13:21:09.451, 1, 100 %, 43 %, 43990 MiB, 277.00 W
2026/08/27 13:21:10.111, 0, 91 %, 30 %, 45016 MiB, 263.69 W
2026/08/27 13:21:10.111, 1, 67 %, 19 %, 43990 MiB, 271.25 W
2026/08/27 13:21:10.791, 0, 100 %, 39 %, 45016 MiB, 263.69 W
2026/08/27 13:21:10.792, 1, 67 %, 19 %, 43990 MiB, 271.25 W
2026/08/27 13:21:11.463, 0, 100 %, 39 %, 45016 MiB, 252.62 W
2026/08/27 13:21:11.463, 1, 67 %, 19 %, 43990 MiB, 259.24 W
2026/08/27 13:21:12.117, 0, 100 %, 38 %, 45016 MiB, 263.64 W
2026/08/27 13:21:12.118, 1, 100 %, 38 %, 43990 MiB, 275.06 W
2026/08/27 13:21:12.828, 0, 100 %, 38 %, 45016 MiB, 263.64 W
2026/08/27 13:21:12.828, 1, 100 %, 38 %, 43990 MiB, 275.06 W
2026/08/27 13:21:13.526, 0, 100 %, 43 %, 45016 MiB, 268.10 W
2026/08/27 13:21:13.526, 1, 100 %, 43 %, 43990 MiB, 276.15 W
2026/08/27 13:21:14.170, 0, 100 %, 43 %, 45016 MiB, 262.48 W
2026/08/27 13:21:14.170, 1, 100 %, 100 %, 43990 MiB, 276.15 W
2026/08/27 13:21:14.847, 0, 100 %, 42 %, 45016 MiB, 262.48 W
2026/08/27 13:21:14.847, 1, 100 %, 100 %, 43990 MiB, 268.52 W
2026/08/27 13:21:15.488, 0, 100 %, 42 %, 45016 MiB, 260.32 W
2026/08/27 13:21:15.488, 1, 100 %, 43 %, 43990 MiB, 258.90 W
2026/08/27 13:21:16.200, 0, 80 %, 87 %, 45016 MiB, 247.82 W
2026/08/27 13:21:16.200, 1, 100 %, 43 %, 43990 MiB, 258.90 W
2026/08/27 13:21:16.923, 0, 80 %, 87 %, 45016 MiB, 270.67 W
2026/08/27 13:21:16.924, 1, 100 %, 43 %, 43990 MiB, 277.03 W
2026/08/27 13:21:17.555, 0, 80 %, 87 %, 45016 MiB, 267.59 W
2026/08/27 13:21:17.555, 1, 100 %, 71 %, 43990 MiB, 275.85 W
2026/08/27 13:21:18.266, 0, 100 %, 50 %, 45016 MiB, 267.59 W
2026/08/27 13:21:18.266, 1, 100 %, 39 %, 43990 MiB, 275.85 W
2026/08/27 13:21:18.902, 0, 100 %, 50 %, 45016 MiB, 261.55 W
2026/08/27 13:21:18.902, 1, 100 %, 39 %, 43990 MiB, 270.43 W
2026/08/27 13:21:19.581, 0, 100 %, 38 %, 45016 MiB, 255.57 W
2026/08/27 13:21:19.582, 1, 100 %, 89 %, 43990 MiB, 269.15 W
2026/08/27 13:21:20.226, 0, 100 %, 38 %, 45016 MiB, 255.57 W
2026/08/27 13:21:20.227, 1, 100 %, 89 %, 43990 MiB, 269.15 W
2026/08/27 13:21:20.895, 0, 100 %, 38 %, 45016 MiB, 255.64 W
2026/08/27 13:21:20.895, 1, 100 %, 89 %, 43990 MiB, 277.16 W
2026/08/27 13:21:21.605, 0, 100 %, 41 %, 45016 MiB, 270.23 W
2026/08/27 13:21:21.605, 1, 100 %, 39 %, 43990 MiB, 278.59 W
2026/08/27 13:21:22.291, 0, 100 %, 41 %, 45016 MiB, 267.80 W
2026/08/27 13:21:22.291, 1, 100 %, 39 %, 43990 MiB, 278.59 W
2026/08/27 13:21:22.939, 0, 100 %, 41 %, 45016 MiB, 267.95 W
2026/08/27 13:21:22.939, 1, 100 %, 38 %, 43990 MiB, 267.92 W
2026/08/27 13:21:23.611, 0, 100 %, 51 %, 45016 MiB, 261.50 W
2026/08/27 13:21:23.611, 1, 100 %, 39 %, 43990 MiB, 267.57 W
2026/08/27 13:21:24.263, 0, 70 %, 20 %, 45016 MiB, 261.50 W
2026/08/27 13:21:24.263, 1, 100 %, 39 %, 43990 MiB, 267.57 W
2026/08/27 13:21:24.962, 0, 70 %, 20 %, 45016 MiB, 250.75 W
2026/08/27 13:21:24.962, 1, 100 %, 63 %, 43990 MiB, 261.14 W
2026/08/27 13:21:25.691, 0, 100 %, 39 %, 45016 MiB, 273.45 W
2026/08/27 13:21:25.692, 1, 100 %, 63 %, 43990 MiB, 261.14 W
2026/08/27 13:21:26.354, 0, 100 %, 39 %, 45016 MiB, 273.45 W
2026/08/27 13:21:26.354, 1, 100 %, 63 %, 43990 MiB, 261.14 W
2026/08/27 13:21:27.063, 0, 100 %, 39 %, 45016 MiB, 269.96 W
2026/08/27 13:21:27.063, 1, 100 %, 38 %, 43990 MiB, 277.49 W
2026/08/27 13:21:27.737, 0, 100 %, 38 %, 45016 MiB, 263.68 W
2026/08/27 13:21:27.737, 1, 100 %, 48 %, 43990 MiB, 277.49 W
2026/08/27 13:21:28.406, 0, 100 %, 38 %, 45016 MiB, 263.68 W
2026/08/27 13:21:28.406, 1, 100 %, 48 %, 43990 MiB, 266.53 W
2026/08/27 13:21:29.051, 0, 100 %, 38 %, 45016 MiB, 251.98 W
2026/08/27 13:21:29.051, 1, 100 %, 38 %, 43990 MiB, 257.39 W
2026/08/27 13:21:29.724, 0, 100 %, 38 %, 45016 MiB, 251.92 W
2026/08/27 13:21:29.724, 1, 100 %, 38 %, 43990 MiB, 257.39 W
2026/08/27 13:21:30.411, 0, 100 %, 38 %, 45016 MiB, 251.92 W
2026/08/27 13:21:30.411, 1, 100 %, 38 %, 43990 MiB, 275.52 W
2026/08/27 13:21:31.127, 0, 100 %, 49 %, 45016 MiB, 266.11 W
2026/08/27 13:21:31.127, 1, 100 %, 42 %, 43990 MiB, 278.31 W
2026/08/27 13:21:31.777, 0, 100 %, 49 %, 45016 MiB, 262.03 W
2026/08/27 13:21:31.777, 1, 100 %, 42 %, 43990 MiB, 278.31 W
2026/08/27 13:21:32.500, 0, 100 %, 49 %, 45016 MiB, 262.03 W
2026/08/27 13:21:32.500, 1, 100 %, 38 %, 43990 MiB, 270.34 W
2026/08/27 13:21:33.102, 0, 100 %, 49 %, 45016 MiB, 252.17 W
2026/08/27 13:21:33.102, 1, 100 %, 42 %, 43990 MiB, 270.34 W
2026/08/27 13:21:33.798, 0, 100 %, 49 %, 45016 MiB, 268.23 W
2026/08/27 13:21:33.799, 1, 100 %, 42 %, 43990 MiB, 274.04 W
2026/08/27 13:21:34.529, 0, 100 %, 44 %, 45016 MiB, 268.23 W
2026/08/27 13:21:34.529, 1, 100 %, 38 %, 43990 MiB, 278.04 W
2026/08/27 13:21:35.204, 0, 100 %, 44 %, 45016 MiB, 263.58 W
2026/08/27 13:21:35.204, 1, 100 %, 38 %, 43990 MiB, 278.04 W
2026/08/27 13:21:35.878, 0, 100 %, 38 %, 45016 MiB, 266.41 W
2026/08/27 13:21:35.878, 1, 100 %, 76 %, 43990 MiB, 275.47 W
2026/08/27 13:21:36.564, 0, 100 %, 38 %, 45016 MiB, 266.41 W
2026/08/27 13:21:36.564, 1, 100 %, 76 %, 43990 MiB, 275.47 W
2026/08/27 13:21:37.209, 0, 100 %, 38 %, 45016 MiB, 257.90 W
2026/08/27 13:21:37.210, 1, 100 %, 76 %, 43990 MiB, 269.47 W
2026/08/27 13:21:37.824, 0, 100 %, 43 %, 45016 MiB, 247.40 W
2026/08/27 13:21:37.824, 1, 100 %, 50 %, 43990 MiB, 253.86 W
2026/08/27 13:21:38.478, 0, 100 %, 43 %, 45016 MiB, 247.40 W
2026/08/27 13:21:38.478, 1, 99 %, 38 %, 43990 MiB, 269.79 W
2026/08/27 13:21:39.182, 0, 100 %, 43 %, 45016 MiB, 269.90 W
2026/08/27 13:21:39.182, 1, 99 %, 38 %, 43990 MiB, 269.79 W
2026/08/27 13:21:39.884, 0, 100 %, 43 %, 45016 MiB, 267.54 W
2026/08/27 13:21:39.885, 1, 100 %, 38 %, 43990 MiB, 277.05 W
2026/08/27 13:21:40.533, 0, 100 %, 44 %, 45016 MiB, 267.54 W
2026/08/27 13:21:40.534, 1, 100 %, 38 %, 43990 MiB, 277.05 W
2026/08/27 13:21:41.209, 0, 100 %, 44 %, 45016 MiB, 263.20 W
2026/08/27 13:21:41.209, 1, 100 %, 38 %, 43990 MiB, 277.05 W
2026/08/27 13:21:41.849, 0, 100 %, 44 %, 45016 MiB, 250.41 W
2026/08/27 13:21:41.849, 1, 100 %, 38 %, 43990 MiB, 260.79 W
2026/08/27 13:21:42.562, 0, 100 %, 51 %, 45016 MiB, 251.38 W
2026/08/27 13:21:42.562, 1, 100 %, 40 %, 43990 MiB, 258.14 W
2026/08/27 13:21:43.291, 0, 100 %, 51 %, 45016 MiB, 271.93 W
2026/08/27 13:21:43.291, 1, 100 %, 40 %, 43990 MiB, 258.14 W
2026/08/27 13:21:43.968, 0, 100 %, 38 %, 45016 MiB, 271.93 W
2026/08/27 13:21:43.968, 1, 100 %, 40 %, 43990 MiB, 274.27 W
2026/08/27 13:21:44.674, 0, 100 %, 38 %, 45016 MiB, 271.93 W
2026/08/27 13:21:44.674, 1, 100 %, 39 %, 43990 MiB, 274.97 W
2026/08/27 13:21:45.361, 0, 100 %, 43 %, 45016 MiB, 258.02 W
2026/08/27 13:21:45.361, 1, 100 %, 39 %, 43990 MiB, 274.97 W
2026/08/27 13:21:46.015, 0, 1 %, 0 %, 45016 MiB, 258.02 W
2026/08/27 13:21:46.015, 1, 100 %, 65 %, 43990 MiB, 262.01 W
2026/08/27 13:21:46.653, 0, 1 %, 0 %, 45016 MiB, 249.01 W
2026/08/27 13:21:46.653, 1, 100 %, 39 %, 43990 MiB, 256.45 W
2026/08/27 13:21:47.327, 0, 1 %, 0 %, 45016 MiB, 269.71 W
2026/08/27 13:21:47.327, 1, 100 %, 39 %, 43990 MiB, 256.45 W
2026/08/27 13:21:48.017, 0, 100 %, 45 %, 45016 MiB, 269.71 W
2026/08/27 13:21:48.017, 1, 100 %, 39 %, 43990 MiB, 274.54 W
2026/08/27 13:21:48.739, 0, 100 %, 45 %, 45016 MiB, 270.95 W
2026/08/27 13:21:48.740, 1, 100 %, 43 %, 43990 MiB, 277.03 W
2026/08/27 13:21:49.436, 0, 100 %, 86 %, 45016 MiB, 262.79 W
2026/08/27 13:21:49.436, 1, 100 %, 43 %, 43990 MiB, 277.03 W
2026/08/27 13:21:50.159, 0, 100 %, 86 %, 45016 MiB, 263.71 W
2026/08/27 13:21:50.159, 1, 100 %, 39 %, 43990 MiB, 268.74 W
2026/08/27 13:21:50.778, 0, 100 %, 86 %, 45016 MiB, 252.21 W
2026/08/27 13:21:50.778, 1, 100 %, 43 %, 43990 MiB, 268.74 W
2026/08/27 13:21:51.464, 0, 100 %, 37 %, 45016 MiB, 247.14 W
2026/08/27 13:21:51.466, 1, 100 %, 43 %, 43990 MiB, 272.32 W
2026/08/27 13:21:52.195, 0, 100 %, 38 %, 45016 MiB, 269.86 W
2026/08/27 13:21:52.195, 1, 100 %, 39 %, 43990 MiB, 277.99 W
2026/08/27 13:21:52.847, 0, 100 %, 38 %, 45016 MiB, 269.44 W
2026/08/27 13:21:52.848, 1, 100 %, 39 %, 43990 MiB, 277.99 W
2026/08/27 13:21:53.528, 0, 100 %, 38 %, 45016 MiB, 264.00 W
2026/08/27 13:21:53.528, 1, 100 %, 39 %, 43990 MiB, 277.23 W
2026/08/27 13:21:54.208, 0, 100 %, 43 %, 45016 MiB, 264.00 W
2026/08/27 13:21:54.209, 1, 100 %, 48 %, 43990 MiB, 268.88 W
2026/08/27 13:21:54.836, 0, 100 %, 43 %, 45016 MiB, 264.00 W
2026/08/27 13:21:54.836, 1, 0 %, 0 %, 43990 MiB, 270.38 W
2026/08/27 13:21:55.470, 0, 100 %, 49 %, 45016 MiB, 249.73 W
2026/08/27 13:21:55.470, 1, 0 %, 0 %, 43990 MiB, 270.38 W
2026/08/27 13:21:56.141, 0, 100 %, 48 %, 45016 MiB, 249.73 W
2026/08/27 13:21:56.141, 1, 0 %, 0 %, 43990 MiB, 270.38 W
2026/08/27 13:21:56.819, 0, 100 %, 48 %, 45016 MiB, 249.73 W
2026/08/27 13:21:56.819, 1, 100 %, 38 %, 43990 MiB, 279.51 W
2026/08/27 13:21:57.537, 0, 100 %, 48 %, 45016 MiB, 267.37 W
2026/08/27 13:21:57.537, 1, 100 %, 44 %, 43990 MiB, 279.51 W
2026/08/27 13:21:58.195, 0, 100 %, 38 %, 45016 MiB, 268.31 W
2026/08/27 13:21:58.195, 1, 100 %, 44 %, 43990 MiB, 268.36 W
2026/08/27 13:21:58.915, 0, 100 %, 38 %, 45016 MiB, 258.38 W
2026/08/27 13:21:58.918, 1, 100 %, 38 %, 43990 MiB, 266.52 W
2026/08/27 13:21:59.531, 0, 88 %, 28 %, 45016 MiB, 253.98 W
2026/08/27 13:21:59.532, 1, 100 %, 38 %, 43990 MiB, 266.52 W
2026/08/27 13:22:00.228, 0, 88 %, 28 %, 45016 MiB, 264.23 W
2026/08/27 13:22:00.228, 1, 69 %, 67 %, 43990 MiB, 264.16 W
2026/08/27 13:22:00.963, 0, 99 %, 47 %, 45016 MiB, 264.23 W
2026/08/27 13:22:00.963, 1, 69 %, 67 %, 43990 MiB, 264.16 W
2026/08/27 13:22:01.625, 0, 99 %, 47 %, 45016 MiB, 268.04 W
2026/08/27 13:22:01.626, 1, 69 %, 67 %, 43990 MiB, 264.16 W
2026/08/27 13:22:02.324, 0, 100 %, 38 %, 45016 MiB, 267.25 W
2026/08/27 13:22:02.325, 1, 100 %, 38 %, 43990 MiB, 275.43 W
2026/08/27 13:22:03.015, 0, 100 %, 38 %, 45016 MiB, 259.30 W
2026/08/27 13:22:03.015, 1, 100 %, 50 %, 43990 MiB, 275.43 W
2026/08/27 13:22:03.659, 0, 100 %, 57 %, 45016 MiB, 253.51 W
2026/08/27 13:22:03.659, 1, 100 %, 50 %, 43990 MiB, 275.43 W
2026/08/27 13:22:04.291, 0, 100 %, 38 %, 45016 MiB, 253.51 W
2026/08/27 13:22:04.292, 1, 100 %, 50 %, 43990 MiB, 256.75 W
2026/08/27 13:22:04.960, 0, 100 %, 38 %, 45016 MiB, 264.51 W
2026/08/27 13:22:04.961, 1, 100 %, 43 %, 43990 MiB, 277.70 W
2026/08/27 13:22:05.665, 0, 100 %, 38 %, 45016 MiB, 269.17 W
2026/08/27 13:22:05.665, 1, 100 %, 43 %, 43990 MiB, 277.70 W
2026/08/27 13:22:06.380, 0, 63 %, 17 %, 45016 MiB, 269.17 W
2026/08/27 13:22:06.380, 1, 100 %, 43 %, 43990 MiB, 279.15 W
2026/08/27 13:22:07.049, 0, 63 %, 17 %, 45016 MiB, 265.80 W
2026/08/27 13:22:07.050, 1, 78 %, 88 %, 43990 MiB, 267.20 W
2026/08/27 13:22:07.769, 0, 100 %, 41 %, 45016 MiB, 262.47 W
2026/08/27 13:22:07.769, 1, 100 %, 38 %, 43990 MiB, 267.20 W
2026/08/27 13:22:08.390, 0, 100 %, 41 %, 45016 MiB, 262.47 W
2026/08/27 13:22:08.390, 1, 100 %, 38 %, 43990 MiB, 260.77 W
2026/08/27 13:22:09.081, 0, 100 %, 41 %, 45016 MiB, 249.88 W
2026/08/27 13:22:09.081, 1, 65 %, 66 %, 43990 MiB, 265.87 W
2026/08/27 13:22:09.817, 0, 100 %, 43 %, 45016 MiB, 269.11 W
2026/08/27 13:22:09.817, 1, 65 %, 66 %, 43990 MiB, 265.87 W
2026/08/27 13:22:10.497, 0, 100 %, 43 %, 45016 MiB, 266.16 W
2026/08/27 13:22:10.498, 1, 100 %, 43 %, 43990 MiB, 276.15 W
2026/08/27 13:22:11.166, 0, 100 %, 38 %, 45016 MiB, 260.66 W
2026/08/27 13:22:11.167, 1, 100 %, 43 %, 43990 MiB, 276.15 W
2026/08/27 13:22:11.854, 0, 100 %, 38 %, 45016 MiB, 260.66 W
2026/08/27 13:22:11.855, 1, 100 %, 43 %, 43990 MiB, 276.15 W
2026/08/27 13:22:12.529, 0, 100 %, 38 %, 45016 MiB, 262.49 W
2026/08/27 13:22:12.529, 1, 81 %, 89 %, 43990 MiB, 258.78 W
2026/08/27 13:22:13.265, 0, 100 %, 38 %, 45016 MiB, 254.40 W
2026/08/27 13:22:13.265, 1, 100 %, 39 %, 43990 MiB, 258.78 W
2026/08/27 13:22:13.964, 0, 100 %, 94 %, 45016 MiB, 254.40 W
2026/08/27 13:22:13.964, 1, 100 %, 39 %, 43990 MiB, 279.45 W
2026/08/27 13:22:14.603, 0, 100 %, 94 %, 45016 MiB, 272.90 W
2026/08/27 13:22:14.603, 1, 55 %, 13 %, 43990 MiB, 275.59 W
2026/08/27 13:22:15.303, 0, 100 %, 38 %, 45016 MiB, 269.66 W
2026/08/27 13:22:15.303, 1, 55 %, 13 %, 43990 MiB, 275.59 W
2026/08/27 13:22:15.928, 0, 100 %, 38 %, 45016 MiB, 269.66 W
2026/08/27 13:22:15.928, 1, 55 %, 13 %, 43990 MiB, 268.12 W
2026/08/27 13:22:16.625, 0, 100 %, 38 %, 45016 MiB, 259.76 W
2026/08/27 13:22:16.628, 1, 100 %, 47 %, 43990 MiB, 269.49 W
2026/08/27 13:22:17.273, 0, 100 %, 42 %, 45016 MiB, 250.82 W
2026/08/27 13:22:17.273, 1, 100 %, 47 %, 43990 MiB, 269.49 W
2026/08/27 13:22:17.924, 0, 100 %, 42 %, 45016 MiB, 250.82 W
2026/08/27 13:22:17.924, 1, 99 %, 40 %, 43990 MiB, 277.20 W
2026/08/27 13:22:18.664, 0, 100 %, 56 %, 45016 MiB, 273.91 W
2026/08/27 13:22:18.665, 1, 99 %, 40 %, 43990 MiB, 277.20 W
2026/08/27 13:22:19.362, 0, 100 %, 56 %, 45016 MiB, 273.91 W
2026/08/27 13:22:19.362, 1, 99 %, 40 %, 43990 MiB, 277.20 W
2026/08/27 13:22:20.026, 0, 100 %, 56 %, 45016 MiB, 269.59 W
2026/08/27 13:22:20.027, 1, 100 %, 38 %, 43990 MiB, 268.91 W
2026/08/27 13:22:20.718, 0, 100 %, 38 %, 45016 MiB, 264.08 W
2026/08/27 13:22:20.718, 1, 100 %, 39 %, 43990 MiB, 268.91 W
2026/08/27 13:22:21.375, 0, 100 %, 38 %, 45016 MiB, 251.67 W
2026/08/27 13:22:21.375, 1, 100 %, 39 %, 43990 MiB, 268.91 W
2026/08/27 13:22:22.093, 0, 100 %, 38 %, 45016 MiB, 258.48 W
2026/08/27 13:22:22.095, 1, 100 %, 70 %, 43990 MiB, 258.38 W
2026/08/27 13:22:22.795, 0, 71 %, 34 %, 45016 MiB, 258.48 W
2026/08/27 13:22:22.800, 1, 100 %, 70 %, 43990 MiB, 258.38 W
2026/08/27 13:22:23.430, 0, 71 %, 34 %, 45016 MiB, 270.92 W
2026/08/27 13:22:23.430, 1, 100 %, 70 %, 43990 MiB, 258.38 W
2026/08/27 13:22:24.131, 0, 100 %, 79 %, 45016 MiB, 269.21 W
2026/08/27 13:22:24.132, 1, 100 %, 40 %, 43990 MiB, 276.98 W
2026/08/27 13:22:24.765, 0, 100 %, 79 %, 45016 MiB, 269.21 W
2026/08/27 13:22:24.765, 1, 100 %, 50 %, 43990 MiB, 276.98 W
2026/08/27 13:22:25.444, 0, 100 %, 79 %, 45016 MiB, 269.21 W
2026/08/27 13:22:25.445, 1, 100 %, 50 %, 43990 MiB, 269.45 W
2026/08/27 13:22:26.056, 0, 100 %, 79 %, 45016 MiB, 250.69 W
2026/08/27 13:22:26.057, 1, 100 %, 44 %, 43990 MiB, 253.85 W
2026/08/27 13:22:26.727, 0, 100 %, 38 %, 45016 MiB, 270.07 W
2026/08/27 13:22:26.728, 1, 100 %, 44 %, 43990 MiB, 253.85 W
2026/08/27 13:22:27.446, 0, 100 %, 38 %, 45016 MiB, 270.07 W
2026/08/27 13:22:27.446, 1, 100 %, 44 %, 43990 MiB, 279.08 W
2026/08/27 13:22:28.111, 0, 100 %, 47 %, 45016 MiB, 266.89 W
2026/08/27 13:22:28.112, 1, 100 %, 44 %, 43990 MiB, 273.56 W
2026/08/27 13:22:28.806, 0, 70 %, 76 %, 45016 MiB, 268.12 W
2026/08/27 13:22:28.806, 1, 100 %, 40 %, 43990 MiB, 273.56 W
2026/08/27 13:22:29.491, 0, 70 %, 76 %, 45016 MiB, 259.26 W
2026/08/27 13:22:29.491, 1, 100 %, 40 %, 43990 MiB, 273.56 W
2026/08/27 13:22:30.153, 0, 70 %, 76 %, 45016 MiB, 249.75 W
2026/08/27 13:22:30.153, 1, 100 %, 40 %, 43990 MiB, 256.98 W
2026/08/27 13:22:30.858, 0, 100 %, 43 %, 45016 MiB, 249.75 W
2026/08/27 13:22:30.859, 1, 100 %, 40 %, 43990 MiB, 258.44 W
2026/08/27 13:22:31.562, 0, 100 %, 43 %, 45016 MiB, 271.75 W
2026/08/27 13:22:31.563, 1, 100 %, 40 %, 43990 MiB, 258.44 W
2026/08/27 13:22:32.221, 0, 100 %, 38 %, 45016 MiB, 271.89 W
2026/08/27 13:22:32.227, 1, 100 %, 40 %, 43990 MiB, 276.84 W
2026/08/27 13:22:32.933, 0, 100 %, 38 %, 45016 MiB, 268.38 W
2026/08/27 13:22:32.933, 1, 100 %, 50 %, 43990 MiB, 276.32 W
2026/08/27 13:22:33.563, 0, 21 %, 1 %, 45016 MiB, 265.79 W
2026/08/27 13:22:33.565, 1, 94 %, 31 %, 43990 MiB, 276.32 W
2026/08/27 13:22:34.269, 0, 100 %, 100 %, 45016 MiB, 259.73 W
2026/08/27 13:22:34.270, 1, 94 %, 31 %, 43990 MiB, 272.16 W
2026/08/27 13:22:34.893, 0, 100 %, 100 %, 45016 MiB, 259.73 W
2026/08/27 13:22:34.893, 1, 100 %, 49 %, 43990 MiB, 256.19 W
2026/08/27 13:22:35.570, 0, 100 %, 100 %, 45016 MiB, 247.82 W
2026/08/27 13:22:35.577, 1, 100 %, 49 %, 43990 MiB, 256.19 W
2026/08/27 13:22:36.290, 0, 100 %, 38 %, 45016 MiB, 270.46 W
2026/08/27 13:22:36.290, 1, 100 %, 38 %, 43990 MiB, 278.93 W
2026/08/27 13:22:36.961, 0, 100 %, 38 %, 45016 MiB, 267.04 W
2026/08/27 13:22:36.961, 1, 100 %, 38 %, 43990 MiB, 278.93 W
2026/08/27 13:22:37.628, 0, 100 %, 38 %, 45016 MiB, 268.69 W
2026/08/27 13:22:37.629, 1, 100 %, 38 %, 43990 MiB, 269.70 W
2026/08/27 13:22:38.322, 0, 100 %, 44 %, 45016 MiB, 262.02 W
2026/08/27 13:22:38.322, 1, 100 %, 42 %, 43990 MiB, 267.83 W
2026/08/27 13:22:38.996, 0, 100 %, 44 %, 45016 MiB, 262.08 W
2026/08/27 13:22:38.996, 1, 100 %, 42 %, 43990 MiB, 267.83 W
2026/08/27 13:22:39.713, 0, 100 %, 42 %, 45016 MiB, 254.39 W
2026/08/27 13:22:39.715, 1, 100 %, 39 %, 43990 MiB, 260.28 W
2026/08/27 13:22:40.403, 0, 100 %, 42 %, 45016 MiB, 254.39 W
2026/08/27 13:22:40.404, 1, 100 %, 43 %, 43990 MiB, 260.28 W
2026/08/27 13:22:41.059, 0, 100 %, 42 %, 45016 MiB, 268.07 W
2026/08/27 13:22:41.059, 1, 100 %, 43 %, 43990 MiB, 275.46 W
2026/08/27 13:22:41.762, 0, 100 %, 50 %, 45016 MiB, 266.14 W
2026/08/27 13:22:41.762, 1, 100 %, 38 %, 43990 MiB, 277.34 W
2026/08/27 13:22:42.394, 0, 100 %, 50 %, 45016 MiB, 266.14 W
2026/08/27 13:22:42.394, 1, 100 %, 38 %, 43990 MiB, 277.34 W
2026/08/27 13:22:43.079, 0, 100 %, 50 %, 45016 MiB, 260.98 W
2026/08/27 13:22:43.079, 1, 100 %, 38 %, 43990 MiB, 272.89 W
2026/08/27 13:22:43.702, 0, 99 %, 34 %, 45016 MiB, 252.65 W
2026/08/27 13:22:43.702, 1, 78 %, 24 %, 43990 MiB, 262.99 W
2026/08/27 13:22:44.381, 0, 100 %, 44 %, 45016 MiB, 254.65 W
2026/08/27 13:22:44.381, 1, 78 %, 24 %, 43990 MiB, 262.99 W
2026/08/27 13:22:45.109, 0, 100 %, 44 %, 45016 MiB, 272.46 W
2026/08/27 13:22:45.109, 1, 100 %, 39 %, 43990 MiB, 279.55 W
2026/08/27 13:22:45.788, 0, 100 %, 44 %, 45016 MiB, 269.67 W
2026/08/27 13:22:45.789, 1, 100 %, 50 %, 43990 MiB, 278.39 W
2026/08/27 13:22:46.451, 0, 100 %, 38 %, 45016 MiB, 269.67 W
2026/08/27 13:22:46.452, 1, 100 %, 50 %, 43990 MiB, 278.39 W
2026/08/27 13:22:47.137, 0, 100 %, 38 %, 45016 MiB, 258.80 W
2026/08/27 13:22:47.137, 1, 100 %, 50 %, 43990 MiB, 268.57 W
2026/08/27 13:22:47.818, 0, 100 %, 72 %, 45016 MiB, 251.05 W
2026/08/27 13:22:47.818, 1, 68 %, 19 %, 43990 MiB, 266.61 W
2026/08/27 13:22:48.533, 0, 100 %, 72 %, 45016 MiB, 251.05 W
2026/08/27 13:22:48.533, 1, 68 %, 19 %, 43990 MiB, 266.61 W
2026/08/27 13:22:49.217, 0, 100 %, 43 %, 45016 MiB, 271.74 W
2026/08/27 13:22:49.217, 1, 100 %, 39 %, 43990 MiB, 283.19 W
2026/08/27 13:22:49.886, 0, 100 %, 43 %, 45016 MiB, 270.76 W
2026/08/27 13:22:49.886, 1, 100 %, 39 %, 43990 MiB, 283.19 W
2026/08/27 13:22:50.585, 0, 100 %, 43 %, 45016 MiB, 269.32 W
2026/08/27 13:22:50.586, 1, 100 %, 39 %, 43990 MiB, 277.83 W
2026/08/27 13:22:51.213, 0, 100 %, 43 %, 45016 MiB, 267.61 W
2026/08/27 13:22:51.213, 1, 35 %, 1 %, 43990 MiB, 269.45 W
2026/08/27 13:22:51.903, 0, 100 %, 40 %, 45016 MiB, 261.36 W
2026/08/27 13:22:51.903, 1, 100 %, 38 %, 43990 MiB, 269.45 W
2026/08/27 13:22:52.531, 0, 100 %, 40 %, 45016 MiB, 261.36 W
2026/08/27 13:22:52.531, 1, 100 %, 38 %, 43990 MiB, 269.45 W
2026/08/27 13:22:53.198, 0, 100 %, 40 %, 45016 MiB, 250.04 W
2026/08/27 13:22:53.198, 1, 99 %, 39 %, 43990 MiB, 274.75 W
2026/08/27 13:22:53.919, 0, 100 %, 48 %, 45016 MiB, 270.75 W
2026/08/27 13:22:53.920, 1, 99 %, 39 %, 43990 MiB, 274.75 W
2026/08/27 13:22:54.587, 0, 100 %, 48 %, 45016 MiB, 267.61 W
2026/08/27 13:22:54.587, 1, 99 %, 39 %, 43990 MiB, 274.75 W
2026/08/27 13:22:55.248, 0, 100 %, 38 %, 45016 MiB, 260.95 W
2026/08/27 13:22:55.251, 1, 100 %, 38 %, 43990 MiB, 276.20 W
2026/08/27 13:22:55.934, 0, 100 %, 38 %, 45016 MiB, 260.95 W
2026/08/27 13:22:55.934, 1, 100 %, 40 %, 43990 MiB, 269.80 W
2026/08/27 13:22:56.607, 0, 100 %, 38 %, 45016 MiB, 263.58 W
2026/08/27 13:22:56.607, 1, 100 %, 40 %, 43990 MiB, 269.80 W
2026/08/27 13:22:57.318, 0, 100 %, 38 %, 45016 MiB, 253.87 W
2026/08/27 13:22:57.322, 1, 100 %, 38 %, 43990 MiB, 259.70 W
2026/08/27 13:22:58.017, 0, 100 %, 92 %, 45016 MiB, 253.87 W
2026/08/27 13:22:58.018, 1, 100 %, 38 %, 43990 MiB, 259.70 W
2026/08/27 13:22:58.667, 0, 100 %, 92 %, 45016 MiB, 273.72 W
2026/08/27 13:22:58.667, 1, 100 %, 38 %, 43990 MiB, 276.10 W
2026/08/27 13:22:59.366, 0, 100 %, 38 %, 45016 MiB, 270.07 W
2026/08/27 13:22:59.366, 1, 100 %, 45 %, 43990 MiB, 274.73 W
2026/08/27 13:22:59.997, 0, 100 %, 38 %, 45016 MiB, 270.07 W
2026/08/27 13:22:59.997, 1, 100 %, 47 %, 43990 MiB, 274.73 W
2026/08/27 13:23:00.694, 0, 100 %, 38 %, 45016 MiB, 262.20 W
2026/08/27 13:23:00.696, 1, 100 %, 47 %, 43990 MiB, 272.13 W
2026/08/27 13:23:01.322, 0, 0 %, 0 %, 45016 MiB, 262.20 W
2026/08/27 13:23:01.323, 1, 100 %, 48 %, 43990 MiB, 262.28 W
2026/08/27 13:23:01.979, 0, 0 %, 0 %, 45016 MiB, 262.20 W
2026/08/27 13:23:01.979, 1, 100 %, 48 %, 43990 MiB, 262.28 W
2026/08/27 13:23:02.716, 0, 100 %, 40 %, 45016 MiB, 272.84 W
2026/08/27 13:23:02.717, 1, 100 %, 38 %, 43990 MiB, 278.86 W
2026/08/27 13:23:03.392, 0, 100 %, 45 %, 45016 MiB, 271.63 W
2026/08/27 13:23:03.393, 1, 100 %, 38 %, 43990 MiB, 278.86 W
2026/08/27 13:23:04.056, 0, 100 %, 45 %, 45016 MiB, 271.63 W
2026/08/27 13:23:04.056, 1, 100 %, 38 %, 43990 MiB, 278.19 W
2026/08/27 13:23:04.749, 0, 100 %, 45 %, 45016 MiB, 260.67 W
2026/08/27 13:23:04.750, 1, 100 %, 42 %, 43990 MiB, 270.36 W
2026/08/27 13:23:05.426, 0, 100 %, 38 %, 45016 MiB, 263.09 W
2026/08/27 13:23:05.431, 1, 0 %, 0 %, 43990 MiB, 270.36 W
2026/08/27 13:23:06.134, 0, 100 %, 38 %, 45016 MiB, 250.38 W
2026/08/27 13:23:06.137, 1, 0 %, 0 %, 43990 MiB, 259.69 W
2026/08/27 13:23:06.843, 0, 99 %, 42 %, 45016 MiB, 272.30 W
2026/08/27 13:23:06.844, 1, 100 %, 50 %, 43990 MiB, 277.22 W
2026/08/27 13:23:07.489, 0, 100 %, 38 %, 45016 MiB, 272.30 W
2026/08/27 13:23:07.490, 1, 100 %, 50 %, 43990 MiB, 277.22 W
2026/08/27 13:23:08.208, 0, 100 %, 38 %, 45016 MiB, 268.84 W
2026/08/27 13:23:08.208, 1, 100 %, 50 %, 43990 MiB, 277.60 W
2026/08/27 13:23:08.836, 0, 56 %, 61 %, 45016 MiB, 263.26 W
2026/08/27 13:23:08.836, 1, 81 %, 88 %, 43990 MiB, 272.03 W
2026/08/27 13:23:09.525, 0, 70 %, 77 %, 45016 MiB, 263.26 W
2026/08/27 13:23:09.529, 1, 81 %, 88 %, 43990 MiB, 272.03 W
2026/08/27 13:23:10.161, 0, 70 %, 77 %, 45016 MiB, 263.26 W
2026/08/27 13:23:10.161, 1, 81 %, 88 %, 43990 MiB, 262.36 W
2026/08/27 13:23:10.818, 0, 70 %, 77 %, 45016 MiB, 252.52 W
2026/08/27 13:23:10.819, 1, 100 %, 38 %, 43990 MiB, 266.02 W
2026/08/27 13:23:11.534, 0, 100 %, 38 %, 45016 MiB, 269.86 W
2026/08/27 13:23:11.535, 1, 100 %, 38 %, 43990 MiB, 266.02 W
2026/08/27 13:23:12.191, 0, 100 %, 38 %, 45016 MiB, 267.94 W
2026/08/27 13:23:12.192, 1, 100 %, 38 %, 43990 MiB, 276.96 W
2026/08/27 13:23:12.878, 0, 100 %, 38 %, 45016 MiB, 261.13 W
2026/08/27 13:23:12.878, 1, 100 %, 38 %, 43990 MiB, 277.02 W
2026/08/27 13:23:13.559, 0, 100 %, 50 %, 45016 MiB, 261.13 W
2026/08/27 13:23:13.559, 1, 100 %, 42 %, 43990 MiB, 277.02 W
2026/08/27 13:23:14.218, 0, 100 %, 50 %, 45016 MiB, 263.84 W
2026/08/27 13:23:14.218, 1, 100 %, 42 %, 43990 MiB, 277.02 W
2026/08/27 13:23:14.921, 0, 100 %, 41 %, 45016 MiB, 249.65 W
2026/08/27 13:23:14.921, 1, 100 %, 42 %, 43990 MiB, 256.82 W
2026/08/27 13:23:15.620, 0, 100 %, 41 %, 45016 MiB, 249.65 W
2026/08/27 13:23:15.620, 1, 89 %, 29 %, 43990 MiB, 277.08 W
2026/08/27 13:23:16.275, 0, 100 %, 41 %, 45016 MiB, 272.95 W
2026/08/27 13:23:16.275, 1, 89 %, 29 %, 43990 MiB, 277.08 W
2026/08/27 13:23:16.995, 0, 100 %, 48 %, 45016 MiB, 271.22 W
2026/08/27 13:23:16.996, 1, 100 %, 40 %, 43990 MiB, 278.13 W
2026/08/27 13:23:17.631, 0, 100 %, 48 %, 45016 MiB, 271.22 W
2026/08/27 13:23:17.632, 1, 100 %, 43 %, 43990 MiB, 268.82 W
2026/08/27 13:23:18.313, 0, 100 %, 38 %, 45016 MiB, 260.61 W
2026/08/27 13:23:18.313, 1, 100 %, 43 %, 43990 MiB, 268.82 W
2026/08/27 13:23:18.922, 0, 100 %, 38 %, 45016 MiB, 247.29 W
2026/08/27 13:23:18.923, 1, 100 %, 50 %, 43990 MiB, 255.00 W
2026/08/27 13:23:19.602, 0, 100 %, 41 %, 45016 MiB, 247.29 W
2026/08/27 13:23:19.602, 1, 100 %, 50 %, 43990 MiB, 255.00 W
2026/08/27 13:23:20.327, 0, 100 %, 39 %, 45016 MiB, 271.92 W
2026/08/27 13:23:20.327, 1, 100 %, 50 %, 43990 MiB, 277.80 W
2026/08/27 13:23:20.973, 0, 100 %, 51 %, 45016 MiB, 271.92 W
2026/08/27 13:23:20.974, 1, 99 %, 34 %, 43990 MiB, 275.38 W
2026/08/27 13:23:21.651, 0, 100 %, 51 %, 45016 MiB, 271.92 W
2026/08/27 13:23:21.651, 1, 100 %, 39 %, 43990 MiB, 275.38 W
2026/08/27 13:23:22.338, 0, 100 %, 51 %, 45016 MiB, 262.05 W
2026/08/27 13:23:22.338, 1, 100 %, 39 %, 43990 MiB, 275.38 W
2026/08/27 13:23:22.970, 0, 100 %, 38 %, 45016 MiB, 263.03 W
2026/08/27 13:23:22.970, 1, 100 %, 39 %, 43990 MiB, 268.79 W
2026/08/27 13:23:23.565, 0, 100 %, 38 %, 45016 MiB, 263.03 W
2026/08/27 13:23:23.565, 1, 100 %, 39 %, 43990 MiB, 257.87 W
2026/08/27 13:23:24.215, 0, 93 %, 100 %, 45016 MiB, 258.16 W
2026/08/27 13:23:24.216, 1, 100 %, 38 %, 43990 MiB, 278.10 W
2026/08/27 13:23:24.911, 0, 93 %, 100 %, 45016 MiB, 270.24 W
2026/08/27 13:23:24.911, 1, 100 %, 38 %, 43990 MiB, 278.10 W
2026/08/27 13:23:25.621, 0, 57 %, 40 %, 45016 MiB, 270.24 W
2026/08/27 13:23:25.623, 1, 100 %, 43 %, 43990 MiB, 277.54 W
2026/08/27 13:23:26.254, 0, 57 %, 40 %, 45016 MiB, 269.99 W
2026/08/27 13:23:26.256, 1, 89 %, 29 %, 43990 MiB, 271.75 W
2026/08/27 13:23:26.919, 0, 100 %, 38 %, 45016 MiB, 264.38 W
2026/08/27 13:23:26.920, 1, 89 %, 29 %, 43990 MiB, 271.75 W
2026/08/27 13:23:27.552, 0, 100 %, 38 %, 45016 MiB, 264.38 W
2026/08/27 13:23:27.553, 1, 89 %, 29 %, 43990 MiB, 271.75 W
2026/08/27 13:23:28.275, 0, 100 %, 38 %, 45016 MiB, 248.38 W
2026/08/27 13:23:28.275, 1, 100 %, 39 %, 43990 MiB, 262.85 W
2026/08/27 13:23:29.001, 0, 100 %, 43 %, 45016 MiB, 270.99 W
2026/08/27 13:23:29.001, 1, 100 %, 43 %, 43990 MiB, 262.85 W
2026/08/27 13:23:29.648, 0, 54 %, 35 %, 45016 MiB, 270.99 W
2026/08/27 13:23:29.649, 1, 100 %, 43 %, 43990 MiB, 262.85 W
2026/08/27 13:23:30.377, 0, 54 %, 35 %, 45016 MiB, 266.83 W
2026/08/27 13:23:30.377, 1, 100 %, 100 %, 43990 MiB, 277.56 W
2026/08/27 13:23:31.053, 0, 17 %, 1 %, 45016 MiB, 266.83 W
2026/08/27 13:23:31.053, 1, 100 %, 100 %, 43990 MiB, 277.56 W
2026/08/27 13:23:31.691, 0, 17 %, 1 %, 45016 MiB, 252.70 W
2026/08/27 13:23:31.693, 1, 100 %, 100 %, 43990 MiB, 267.91 W
2026/08/27 13:23:32.312, 0, 100 %, 37 %, 45016 MiB, 252.70 W
2026/08/27 13:23:32.312, 1, 100 %, 42 %, 43990 MiB, 257.27 W
2026/08/27 13:23:32.941, 0, 100 %, 37 %, 45016 MiB, 252.70 W
2026/08/27 13:23:32.942, 1, 78 %, 33 %, 43990 MiB, 270.99 W
2026/08/27 13:23:33.650, 0, 100 %, 37 %, 45016 MiB, 272.73 W
2026/08/27 13:23:33.650, 1, 78 %, 33 %, 43990 MiB, 270.99 W
2026/08/27 13:23:34.339, 0, 100 %, 42 %, 45016 MiB, 270.34 W
2026/08/27 13:23:34.339, 1, 100 %, 41 %, 43990 MiB, 277.84 W
2026/08/27 13:23:34.985, 0, 100 %, 42 %, 45016 MiB, 270.34 W
2026/08/27 13:23:34.985, 1, 100 %, 41 %, 43990 MiB, 277.84 W
2026/08/27 13:23:35.636, 0, 100 %, 38 %, 45016 MiB, 259.32 W
2026/08/27 13:23:35.636, 1, 100 %, 41 %, 43990 MiB, 277.84 W
2026/08/27 13:23:36.305, 0, 100 %, 38 %, 45016 MiB, 259.32 W
2026/08/27 13:23:36.305, 1, 100 %, 41 %, 43990 MiB, 256.98 W
2026/08/27 13:23:37.005, 0, 100 %, 38 %, 45016 MiB, 248.51 W
2026/08/27 13:23:37.005, 1, 100 %, 42 %, 43990 MiB, 256.29 W
2026/08/27 13:23:37.701, 0, 100 %, 39 %, 45016 MiB, 261.18 W
2026/08/27 13:23:37.702, 1, 100 %, 42 %, 43990 MiB, 256.29 W
2026/08/27 13:23:38.352, 0, 100 %, 39 %, 45016 MiB, 261.18 W
2026/08/27 13:23:38.352, 1, 100 %, 42 %, 43990 MiB, 274.11 W
2026/08/27 13:23:39.054, 0, 100 %, 38 %, 45016 MiB, 268.72 W
2026/08/27 13:23:39.054, 1, 100 %, 38 %, 43990 MiB, 274.11 W
2026/08/27 13:23:39.685, 0, 100 %, 38 %, 45016 MiB, 268.72 W
2026/08/27 13:23:39.685, 1, 100 %, 38 %, 43990 MiB, 274.11 W
2026/08/27 13:23:40.383, 0, 100 %, 38 %, 45016 MiB, 268.72 W
2026/08/27 13:23:40.383, 1, 100 %, 38 %, 43990 MiB, 271.93 W
2026/08/27 13:23:41.016, 0, 100 %, 43 %, 45016 MiB, 250.33 W
2026/08/27 13:23:41.016, 1, 71 %, 21 %, 43990 MiB, 261.82 W
2026/08/27 13:23:41.661, 0, 100 %, 48 %, 45016 MiB, 251.16 W
2026/08/27 13:23:41.661, 1, 71 %, 21 %, 43990 MiB, 261.82 W
2026/08/27 13:23:42.393, 0, 100 %, 48 %, 45016 MiB, 269.63 W
2026/08/27 13:23:42.393, 1, 100 %, 39 %, 43990 MiB, 275.81 W
2026/08/27 13:23:43.048, 0, 100 %, 48 %, 45016 MiB, 268.65 W
2026/08/27 13:23:43.048, 1, 100 %, 43 %, 43990 MiB, 275.17 W
2026/08/27 13:23:43.730, 0, 100 %, 39 %, 45016 MiB, 268.65 W
2026/08/27 13:23:43.734, 1, 100 %, 43 %, 43990 MiB, 275.17 W
2026/08/27 13:23:44.415, 0, 100 %, 39 %, 45016 MiB, 262.85 W
2026/08/27 13:23:44.416, 1, 100 %, 43 %, 43990 MiB, 269.89 W
2026/08/27 13:23:45.063, 0, 100 %, 62 %, 45016 MiB, 252.76 W
2026/08/27 13:23:45.065, 1, 100 %, 47 %, 43990 MiB, 257.51 W
2026/08/27 13:23:45.750, 0, 100 %, 62 %, 45016 MiB, 252.76 W
2026/08/27 13:23:45.751, 1, 100 %, 47 %, 43990 MiB, 257.51 W
2026/08/27 13:23:46.418, 0, 99 %, 41 %, 45016 MiB, 266.93 W
2026/08/27 13:23:46.419, 1, 100 %, 47 %, 43990 MiB, 257.51 W
2026/08/27 13:23:47.086, 0, 99 %, 41 %, 45016 MiB, 267.75 W
2026/08/27 13:23:47.087, 1, 100 %, 37 %, 43990 MiB, 276.88 W
2026/08/27 13:23:47.810, 0, 100 %, 48 %, 45016 MiB, 267.75 W
2026/08/27 13:23:47.810, 1, 100 %, 39 %, 43990 MiB, 276.88 W
2026/08/27 13:23:48.476, 0, 100 %, 48 %, 45016 MiB, 265.60 W
2026/08/27 13:23:48.476, 1, 100 %, 39 %, 43990 MiB, 276.88 W
2026/08/27 13:23:49.182, 0, 100 %, 41 %, 45016 MiB, 256.44 W
2026/08/27 13:23:49.182, 1, 100 %, 100 %, 43990 MiB, 270.05 W
2026/08/27 13:23:49.831, 0, 100 %, 41 %, 45016 MiB, 256.44 W
2026/08/27 13:23:49.833, 1, 100 %, 100 %, 43990 MiB, 270.05 W
2026/08/27 13:23:50.515, 0, 100 %, 38 %, 45016 MiB, 269.65 W
2026/08/27 13:23:50.517, 1, 100 %, 100 %, 43990 MiB, 279.90 W
2026/08/27 13:23:51.232, 0, 100 %, 38 %, 45016 MiB, 269.65 W
2026/08/27 13:23:51.232, 1, 100 %, 49 %, 43990 MiB, 279.22 W
2026/08/27 13:23:51.892, 0, 100 %, 50 %, 45016 MiB, 267.62 W
2026/08/27 13:23:51.892, 1, 100 %, 43 %, 43990 MiB, 279.22 W
2026/08/27 13:23:52.560, 0, 33 %, 1 %, 45016 MiB, 265.18 W
2026/08/27 13:23:52.560, 1, 100 %, 43 %, 43990 MiB, 277.84 W
2026/08/27 13:23:53.248, 0, 33 %, 1 %, 45016 MiB, 265.18 W
2026/08/27 13:23:53.249, 1, 100 %, 43 %, 43990 MiB, 270.48 W
2026/08/27 13:23:53.906, 0, 33 %, 1 %, 45016 MiB, 263.39 W
2026/08/27 13:23:53.906, 1, 100 %, 38 %, 43990 MiB, 271.20 W
2026/08/27 13:23:54.625, 0, 100 %, 51 %, 45016 MiB, 253.58 W
2026/08/27 13:23:54.625, 1, 100 %, 38 %, 43990 MiB, 271.20 W
2026/08/27 13:23:55.307, 0, 100 %, 51 %, 45016 MiB, 269.85 W
2026/08/27 13:23:55.307, 1, 100 %, 38 %, 43990 MiB, 280.66 W
2026/08/27 13:23:55.951, 0, 100 %, 37 %, 45016 MiB, 268.61 W
2026/08/27 13:23:55.951, 1, 100 %, 38 %, 43990 MiB, 277.31 W
2026/08/27 13:23:56.669, 0, 100 %, 37 %, 45016 MiB, 268.61 W
2026/08/27 13:23:56.669, 1, 100 %, 38 %, 43990 MiB, 277.31 W
2026/08/27 13:23:57.310, 0, 100 %, 37 %, 45016 MiB, 263.47 W
2026/08/27 13:23:57.310, 1, 100 %, 38 %, 43990 MiB, 268.14 W
2026/08/27 13:23:57.991, 0, 100 %, 39 %, 45016 MiB, 261.60 W
2026/08/27 13:23:57.992, 1, 100 %, 39 %, 43990 MiB, 269.85 W
2026/08/27 13:23:58.657, 0, 100 %, 42 %, 45016 MiB, 261.60 W
2026/08/27 13:23:58.658, 1, 100 %, 39 %, 43990 MiB, 269.85 W
2026/08/27 13:23:59.305, 0, 100 %, 42 %, 45016 MiB, 250.61 W
2026/08/27 13:23:59.308, 1, 100 %, 38 %, 43990 MiB, 273.89 W
2026/08/27 13:24:00.045, 0, 100 %, 38 %, 45016 MiB, 269.71 W
2026/08/27 13:24:00.045, 1, 100 %, 39 %, 43990 MiB, 273.89 W
2026/08/27 13:24:00.733, 0, 100 %, 38 %, 45016 MiB, 269.99 W
2026/08/27 13:24:00.733, 1, 100 %, 39 %, 43990 MiB, 273.89 W
2026/08/27 13:24:01.383, 0, 100 %, 38 %, 45016 MiB, 262.48 W
2026/08/27 13:24:01.383, 1, 100 %, 39 %, 43990 MiB, 273.67 W
2026/08/27 13:24:02.055, 0, 99 %, 47 %, 45016 MiB, 262.48 W
2026/08/27 13:24:02.055, 1, 100 %, 43 %, 43990 MiB, 268.08 W
2026/08/27 13:24:02.702, 0, 99 %, 47 %, 45016 MiB, 262.48 W
2026/08/27 13:24:02.703, 1, 16 %, 18 %, 43990 MiB, 268.08 W
2026/08/27 13:24:03.365, 0, 100 %, 44 %, 45016 MiB, 251.73 W
2026/08/27 13:24:03.365, 1, 16 %, 18 %, 43990 MiB, 268.08 W
2026/08/27 13:24:04.051, 0, 100 %, 44 %, 45016 MiB, 251.73 W
2026/08/27 13:24:04.051, 1, 100 %, 41 %, 43990 MiB, 277.83 W
2026/08/27 13:24:04.718, 0, 100 %, 44 %, 45016 MiB, 269.77 W
2026/08/27 13:24:04.719, 1, 100 %, 41 %, 43990 MiB, 277.83 W
2026/08/27 13:24:05.441, 0, 100 %, 43 %, 45016 MiB, 269.42 W
2026/08/27 13:24:05.441, 1, 100 %, 41 %, 43990 MiB, 275.92 W
2026/08/27 13:24:06.101, 0, 100 %, 43 %, 45016 MiB, 269.42 W
2026/08/27 13:24:06.101, 1, 20 %, 21 %, 43990 MiB, 270.80 W
2026/08/27 13:24:06.802, 0, 100 %, 43 %, 45016 MiB, 261.49 W
2026/08/27 13:24:06.802, 1, 100 %, 38 %, 43990 MiB, 270.80 W
2026/08/27 13:24:07.418, 0, 50 %, 9 %, 45016 MiB, 251.00 W
2026/08/27 13:24:07.419, 1, 100 %, 38 %, 43990 MiB, 261.76 W
2026/08/27 13:24:08.090, 0, 100 %, 37 %, 45016 MiB, 251.00 W
2026/08/27 13:24:08.091, 1, 100 %, 100 %, 43990 MiB, 266.03 W
2026/08/27 13:24:08.821, 0, 100 %, 37 %, 45016 MiB, 270.75 W
2026/08/27 13:24:08.822, 1, 100 %, 100 %, 43990 MiB, 266.03 W
2026/08/27 13:24:09.501, 0, 100 %, 86 %, 45016 MiB, 270.75 W
2026/08/27 13:24:09.501, 1, 100 %, 100 %, 43990 MiB, 281.95 W
2026/08/27 13:24:10.164, 0, 100 %, 86 %, 45016 MiB, 270.75 W
2026/08/27 13:24:10.166, 1, 100 %, 100 %, 43990 MiB, 280.67 W
2026/08/27 13:24:10.869, 0, 100 %, 43 %, 45016 MiB, 265.12 W
2026/08/27 13:24:10.870, 1, 100 %, 100 %, 43990 MiB, 280.67 W
2026/08/27 13:24:11.541, 0, 100 %, 42 %, 45016 MiB, 265.12 W
2026/08/27 13:24:11.541, 1, 100 %, 100 %, 43990 MiB, 259.62 W
2026/08/27 13:24:12.253, 0, 100 %, 42 %, 45016 MiB, 248.67 W
2026/08/27 13:24:12.254, 1, 100 %, 39 %, 43990 MiB, 259.79 W
2026/08/27 13:24:12.968, 0, 100 %, 37 %, 45016 MiB, 267.53 W
2026/08/27 13:24:12.968, 1, 100 %, 39 %, 43990 MiB, 259.79 W
2026/08/27 13:24:13.595, 0, 100 %, 37 %, 45016 MiB, 267.53 W
2026/08/27 13:24:13.595, 1, 100 %, 39 %, 43990 MiB, 276.66 W
2026/08/27 13:24:14.296, 0, 100 %, 37 %, 45016 MiB, 269.99 W
2026/08/27 13:24:14.296, 1, 100 %, 38 %, 43990 MiB, 277.76 W
2026/08/27 13:24:14.925, 0, 43 %, 2 %, 45016 MiB, 258.26 W
2026/08/27 13:24:14.926, 1, 100 %, 38 %, 43990 MiB, 277.76 W
2026/08/27 13:24:15.616, 0, 81 %, 89 %, 45016 MiB, 258.26 W
2026/08/27 13:24:15.619, 1, 100 %, 38 %, 43990 MiB, 272.12 W
2026/08/27 13:24:16.260, 0, 81 %, 89 %, 45016 MiB, 258.26 W
2026/08/27 13:24:16.261, 1, 100 %, 43 %, 43990 MiB, 259.10 W
2026/08/27 13:24:16.926, 0, 81 %, 89 %, 45016 MiB, 269.48 W
2026/08/27 13:24:16.926, 1, 100 %, 56 %, 43990 MiB, 259.10 W
2026/08/27 13:24:17.638, 0, 100 %, 43 %, 45016 MiB, 269.48 W
2026/08/27 13:24:17.638, 1, 100 %, 56 %, 43990 MiB, 279.20 W
2026/08/27 13:24:18.290, 0, 100 %, 43 %, 45016 MiB, 267.42 W
2026/08/27 13:24:18.290, 1, 100 %, 50 %, 43990 MiB, 277.13 W
2026/08/27 13:24:18.951, 0, 100 %, 38 %, 45016 MiB, 265.28 W
2026/08/27 13:24:18.953, 1, 100 %, 50 %, 43990 MiB, 277.13 W
2026/08/27 13:24:19.629, 0, 100 %, 38 %, 45016 MiB, 265.28 W
2026/08/27 13:24:19.629, 1, 100 %, 50 %, 43990 MiB, 277.13 W
2026/08/27 13:24:20.296, 0, 100 %, 38 %, 45016 MiB, 264.03 W
2026/08/27 13:24:20.296, 1, 100 %, 100 %, 43990 MiB, 258.82 W
2026/08/27 13:24:20.996, 0, 100 %, 48 %, 45016 MiB, 251.68 W
2026/08/27 13:24:20.998, 1, 100 %, 39 %, 43990 MiB, 258.82 W
2026/08/27 13:24:21.678, 0, 100 %, 48 %, 45016 MiB, 273.26 W
2026/08/27 13:24:21.678, 1, 100 %, 39 %, 43990 MiB, 258.82 W
2026/08/27 13:24:22.335, 0, 100 %, 38 %, 45016 MiB, 271.30 W
2026/08/27 13:24:22.335, 1, 100 %, 43 %, 43990 MiB, 273.21 W
2026/08/27 13:24:23.068, 0, 100 %, 38 %, 45016 MiB, 271.30 W
2026/08/27 13:24:23.068, 1, 100 %, 43 %, 43990 MiB, 273.21 W
2026/08/27 13:24:23.700, 0, 100 %, 38 %, 45016 MiB, 259.35 W
2026/08/27 13:24:23.700, 1, 100 %, 43 %, 43990 MiB, 273.21 W
2026/08/27 13:24:24.406, 0, 100 %, 39 %, 45016 MiB, 259.18 W
2026/08/27 13:24:24.406, 1, 100 %, 38 %, 43990 MiB, 269.90 W
2026/08/27 13:24:25.049, 0, 100 %, 39 %, 45016 MiB, 259.18 W
2026/08/27 13:24:25.049, 1, 100 %, 43 %, 43990 MiB, 269.90 W
2026/08/27 13:24:25.723, 0, 100 %, 39 %, 45016 MiB, 249.68 W
2026/08/27 13:24:25.724, 1, 100 %, 43 %, 43990 MiB, 277.86 W
2026/08/27 13:24:26.440, 0, 100 %, 51 %, 45016 MiB, 270.37 W
2026/08/27 13:24:26.444, 1, 100 %, 39 %, 43990 MiB, 279.82 W
2026/08/27 13:24:27.109, 0, 100 %, 51 %, 45016 MiB, 268.18 W
2026/08/27 13:24:27.109, 1, 100 %, 39 %, 43990 MiB, 279.82 W
2026/08/27 13:24:27.772, 0, 100 %, 38 %, 45016 MiB, 261.54 W
2026/08/27 13:24:27.773, 1, 100 %, 39 %, 43990 MiB, 277.36 W
2026/08/27 13:24:28.458, 0, 100 %, 38 %, 45016 MiB, 261.54 W
2026/08/27 13:24:28.458, 1, 100 %, 50 %, 43990 MiB, 270.81 W
2026/08/27 13:24:29.119, 0, 100 %, 38 %, 45016 MiB, 262.29 W
2026/08/27 13:24:29.119, 1, 23 %, 1 %, 43990 MiB, 272.67 W
2026/08/27 13:24:29.831, 0, 100 %, 63 %, 45016 MiB, 252.82 W
2026/08/27 13:24:29.834, 1, 23 %, 1 %, 43990 MiB, 272.67 W
2026/08/27 13:24:30.514, 0, 100 %, 63 %, 45016 MiB, 252.82 W
2026/08/27 13:24:30.514, 1, 23 %, 1 %, 43990 MiB, 282.26 W
2026/08/27 13:24:31.176, 0, 100 %, 63 %, 45016 MiB, 271.16 W
2026/08/27 13:24:31.176, 1, 54 %, 46 %, 43990 MiB, 276.67 W
2026/08/27 13:24:31.893, 0, 100 %, 37 %, 45016 MiB, 268.02 W
2026/08/27 13:24:31.893, 1, 54 %, 46 %, 43990 MiB, 276.67 W
2026/08/27 13:24:32.522, 0, 100 %, 37 %, 45016 MiB, 268.02 W
2026/08/27 13:24:32.523, 1, 54 %, 46 %, 43990 MiB, 271.00 W
2026/08/27 13:24:33.210, 0, 100 %, 37 %, 45016 MiB, 260.61 W
2026/08/27 13:24:33.210, 1, 100 %, 38 %, 43990 MiB, 270.08 W
2026/08/27 13:24:33.801, 0, 100 %, 37 %, 45016 MiB, 250.60 W
2026/08/27 13:24:33.801, 1, 100 %, 38 %, 43990 MiB, 270.08 W
2026/08/27 13:24:34.470, 0, 100 %, 37 %, 45016 MiB, 269.53 W
2026/08/27 13:24:34.470, 1, 69 %, 29 %, 43990 MiB, 272.76 W
2026/08/27 13:24:35.197, 0, 100 %, 37 %, 45016 MiB, 269.53 W
2026/08/27 13:24:35.197, 1, 69 %, 29 %, 43990 MiB, 272.76 W
2026/08/27 13:24:35.856, 0, 85 %, 27 %, 45016 MiB, 264.64 W
2026/08/27 13:24:35.856, 1, 69 %, 29 %, 43990 MiB, 272.76 W
2026/08/27 13:24:36.539, 0, 85 %, 27 %, 45016 MiB, 266.68 W
2026/08/27 13:24:36.539, 1, 100 %, 38 %, 43990 MiB, 273.45 W
2026/08/27 13:24:37.198, 0, 36 %, 39 %, 45016 MiB, 266.68 W
2026/08/27 13:24:37.198, 1, 100 %, 43 %, 43990 MiB, 273.45 W
2026/08/27 13:24:37.845, 0, 36 %, 39 %, 45016 MiB, 251.95 W
2026/08/27 13:24:37.845, 1, 100 %, 43 %, 43990 MiB, 270.48 W
2026/08/27 13:24:38.494, 0, 100 %, 44 %, 45016 MiB, 251.95 W
2026/08/27 13:24:38.494, 1, 100 %, 38 %, 43990 MiB, 259.16 W
2026/08/27 13:24:39.167, 0, 100 %, 44 %, 45016 MiB, 264.33 W
2026/08/27 13:24:39.167, 1, 100 %, 38 %, 43990 MiB, 259.16 W
2026/08/27 13:24:39.881, 0, 100 %, 38 %, 45016 MiB, 268.57 W
2026/08/27 13:24:39.881, 1, 100 %, 38 %, 43990 MiB, 274.67 W
2026/08/27 13:24:40.610, 0, 100 %, 38 %, 45016 MiB, 268.57 W
2026/08/27 13:24:40.611, 1, 100 %, 43 %, 43990 MiB, 277.43 W
2026/08/27 13:24:41.272, 0, 65 %, 72 %, 45016 MiB, 269.72 W
2026/08/27 13:24:41.272, 1, 100 %, 43 %, 43990 MiB, 277.43 W
2026/08/27 13:24:42.000, 0, 100 %, 50 %, 45016 MiB, 259.58 W
2026/08/27 13:24:42.000, 1, 100 %, 38 %, 43990 MiB, 268.29 W
2026/08/27 13:24:42.627, 0, 100 %, 50 %, 45016 MiB, 259.58 W
2026/08/27 13:24:42.627, 1, 100 %, 43 %, 43990 MiB, 268.29 W
2026/08/27 13:24:43.296, 0, 100 %, 50 %, 45016 MiB, 247.79 W
2026/08/27 13:24:43.296, 1, 100 %, 43 %, 43990 MiB, 271.69 W
2026/08/27 13:24:44.018, 0, 100 %, 38 %, 45016 MiB, 270.43 W
2026/08/27 13:24:44.019, 1, 100 %, 38 %, 43990 MiB, 277.82 W
2026/08/27 13:24:44.684, 0, 100 %, 38 %, 45016 MiB, 270.43 W
2026/08/27 13:24:44.684, 1, 100 %, 38 %, 43990 MiB, 277.82 W
2026/08/27 13:24:45.371, 0, 100 %, 38 %, 45016 MiB, 268.57 W
2026/08/27 13:24:45.371, 1, 100 %, 38 %, 43990 MiB, 275.37 W
2026/08/27 13:24:46.047, 0, 100 %, 38 %, 45016 MiB, 261.91 W
2026/08/27 13:24:46.047, 1, 100 %, 42 %, 43990 MiB, 268.21 W
2026/08/27 13:24:46.695, 0, 100 %, 38 %, 45016 MiB, 261.91 W
2026/08/27 13:24:46.699, 1, 100 %, 42 %, 43990 MiB, 268.21 W
2026/08/27 13:24:47.336, 0, 100 %, 42 %, 45016 MiB, 254.55 W
2026/08/27 13:24:47.337, 1, 100 %, 42 %, 43990 MiB, 258.13 W
2026/08/27 13:24:47.982, 0, 100 %, 43 %, 45016 MiB, 264.31 W
2026/08/27 13:24:47.982, 1, 100 %, 38 %, 43990 MiB, 277.11 W
2026/08/27 13:24:48.696, 0, 100 %, 43 %, 45016 MiB, 264.31 W
2026/08/27 13:24:48.698, 1, 100 %, 38 %, 43990 MiB, 277.11 W
2026/08/27 13:24:49.407, 0, 100 %, 38 %, 45016 MiB, 269.47 W
2026/08/27 13:24:49.408, 1, 100 %, 43 %, 43990 MiB, 276.69 W
2026/08/27 13:24:50.041, 0, 100 %, 38 %, 45016 MiB, 269.47 W
2026/08/27 13:24:50.041, 1, 49 %, 8 %, 43990 MiB, 271.82 W
2026/08/27 13:24:50.749, 0, 100 %, 38 %, 45016 MiB, 262.90 W
2026/08/27 13:24:50.750, 1, 49 %, 8 %, 43990 MiB, 271.82 W
2026/08/27 13:24:51.378, 0, 100 %, 77 %, 45016 MiB, 250.83 W
2026/08/27 13:24:51.378, 1, 49 %, 8 %, 43990 MiB, 261.46 W
2026/08/27 13:24:52.099, 0, 100 %, 77 %, 45016 MiB, 250.83 W
2026/08/27 13:24:52.100, 1, 100 %, 38 %, 43990 MiB, 261.79 W
2026/08/27 13:24:52.820, 0, 100 %, 48 %, 45016 MiB, 271.49 W
2026/08/27 13:24:52.820, 1, 100 %, 38 %, 43990 MiB, 261.79 W
2026/08/27 13:24:53.475, 0, 100 %, 43 %, 45016 MiB, 271.49 W
2026/08/27 13:24:53.475, 1, 100 %, 38 %, 43990 MiB, 275.80 W
2026/08/27 13:24:54.192, 0, 100 %, 43 %, 45016 MiB, 271.49 W
2026/08/27 13:24:54.192, 1, 100 %, 41 %, 43990 MiB, 277.90 W
2026/08/27 13:24:54.867, 0, 100 %, 43 %, 45016 MiB, 262.38 W
2026/08/27 13:24:54.867, 1, 100 %, 41 %, 43990 MiB, 277.90 W
2026/08/27 13:24:55.519, 0, 100 %, 38 %, 45016 MiB, 262.38 W
2026/08/27 13:24:55.520, 1, 100 %, 41 %, 43990 MiB, 263.98 W
2026/08/27 13:24:56.137, 0, 100 %, 38 %, 45016 MiB, 252.24 W
2026/08/27 13:24:56.137, 1, 100 %, 43 %, 43990 MiB, 258.63 W
2026/08/27 13:24:56.782, 0, 100 %, 38 %, 45016 MiB, 269.84 W
2026/08/27 13:24:56.783, 1, 100 %, 43 %, 43990 MiB, 258.63 W
2026/08/27 13:24:57.487, 0, 100 %, 58 %, 45016 MiB, 269.84 W
2026/08/27 13:24:57.487, 1, 100 %, 38 %, 43990 MiB, 279.66 W
2026/08/27 13:24:58.172, 0, 100 %, 58 %, 45016 MiB, 267.60 W
2026/08/27 13:24:58.173, 1, 100 %, 48 %, 43990 MiB, 279.66 W
2026/08/27 13:24:58.820, 0, 100 %, 44 %, 45016 MiB, 263.26 W
2026/08/27 13:24:58.820, 1, 100 %, 48 %, 43990 MiB, 275.65 W
2026/08/27 13:24:59.499, 0, 100 %, 44 %, 45016 MiB, 263.26 W
2026/08/27 13:24:59.499, 1, 100 %, 48 %, 43990 MiB, 270.88 W
2026/08/27 13:25:00.149, 0, 100 %, 44 %, 45016 MiB, 265.87 W
2026/08/27 13:25:00.149, 1, 68 %, 77 %, 43990 MiB, 260.84 W
2026/08/27 13:25:00.875, 0, 100 %, 89 %, 45016 MiB, 250.17 W
2026/08/27 13:25:00.876, 1, 68 %, 77 %, 43990 MiB, 260.84 W
2026/08/27 13:25:01.595, 0, 100 %, 89 %, 45016 MiB, 269.70 W
2026/08/27 13:25:01.595, 1, 100 %, 43 %, 43990 MiB, 277.83 W
2026/08/27 13:25:02.226, 0, 100 %, 89 %, 45016 MiB, 270.19 W
2026/08/27 13:25:02.227, 1, 99 %, 49 %, 43990 MiB, 276.73 W
2026/08/27 13:25:02.921, 0, 100 %, 43 %, 45016 MiB, 267.19 W
2026/08/27 13:25:02.924, 1, 99 %, 49 %, 43990 MiB, 276.73 W
2026/08/27 13:25:03.567, 0, 100 %, 43 %, 45016 MiB, 267.19 W
2026/08/27 13:25:03.568, 1, 99 %, 49 %, 43990 MiB, 268.39 W
2026/08/27 13:25:04.263, 0, 100 %, 38 %, 45016 MiB, 247.65 W
2026/08/27 13:25:04.264, 1, 100 %, 100 %, 43990 MiB, 268.10 W
2026/08/27 13:25:04.876, 0, 100 %, 38 %, 45016 MiB, 250.67 W
2026/08/27 13:25:04.878, 1, 100 %, 100 %, 43990 MiB, 268.10 W
2026/08/27 13:25:05.537, 0, 100 %, 38 %, 45016 MiB, 250.67 W
2026/08/27 13:25:05.537, 1, 100 %, 100 %, 43990 MiB, 279.67 W
2026/08/27 13:25:06.246, 0, 100 %, 39 %, 45016 MiB, 272.03 W
2026/08/27 13:25:06.247, 1, 100 %, 42 %, 43990 MiB, 279.83 W
2026/08/27 13:25:06.933, 0, 100 %, 38 %, 45016 MiB, 272.03 W
2026/08/27 13:25:06.933, 1, 100 %, 43 %, 43990 MiB, 279.83 W
2026/08/27 13:25:07.586, 0, 100 %, 38 %, 45016 MiB, 272.03 W
2026/08/27 13:25:07.587, 1, 100 %, 43 %, 43990 MiB, 275.80 W
2026/08/27 13:25:08.268, 0, 100 %, 38 %, 45016 MiB, 261.50 W
2026/08/27 13:25:08.268, 1, 100 %, 38 %, 43990 MiB, 269.38 W
2026/08/27 13:25:08.951, 0, 100 %, 38 %, 45016 MiB, 264.40 W
2026/08/27 13:25:08.951, 1, 100 %, 38 %, 43990 MiB, 269.38 W
2026/08/27 13:25:09.650, 0, 100 %, 38 %, 45016 MiB, 264.40 W
2026/08/27 13:25:09.650, 1, 100 %, 38 %, 43990 MiB, 256.31 W
2026/08/27 13:25:10.351, 0, 73 %, 21 %, 45016 MiB, 271.42 W
2026/08/27 13:25:10.351, 1, 100 %, 43 %, 43990 MiB, 272.88 W
2026/08/27 13:25:11.012, 0, 100 %, 75 %, 45016 MiB, 271.42 W
2026/08/27 13:25:11.013, 1, 100 %, 57 %, 43990 MiB, 272.88 W
2026/08/27 13:25:11.731, 0, 100 %, 75 %, 45016 MiB, 271.57 W
2026/08/27 13:25:11.731, 1, 100 %, 57 %, 43990 MiB, 276.47 W
2026/08/27 13:25:12.356, 0, 100 %, 100 %, 45016 MiB, 262.35 W
2026/08/27 13:25:12.356, 1, 100 %, 50 %, 43990 MiB, 272.07 W
2026/08/27 13:25:13.053, 0, 100 %, 38 %, 45016 MiB, 262.35 W
2026/08/27 13:25:13.055, 1, 100 %, 50 %, 43990 MiB, 272.07 W
2026/08/27 13:25:13.691, 0, 100 %, 38 %, 45016 MiB, 250.54 W
2026/08/27 13:25:13.691, 1, 100 %, 50 %, 43990 MiB, 256.90 W
2026/08/27 13:25:14.362, 0, 100 %, 38 %, 45016 MiB, 270.37 W
2026/08/27 13:25:14.362, 1, 100 %, 39 %, 43990 MiB, 268.68 W
2026/08/27 13:25:15.092, 0, 100 %, 43 %, 45016 MiB, 270.37 W
2026/08/27 13:25:15.092, 1, 100 %, 39 %, 43990 MiB, 268.68 W
2026/08/27 13:25:15.765, 0, 100 %, 43 %, 45016 MiB, 269.90 W
2026/08/27 13:25:15.765, 1, 100 %, 39 %, 43990 MiB, 274.23 W
2026/08/27 13:25:16.439, 0, 100 %, 38 %, 45016 MiB, 268.26 W
2026/08/27 13:25:16.439, 1, 100 %, 38 %, 43990 MiB, 272.82 W
2026/08/27 13:25:17.131, 0, 100 %, 38 %, 45016 MiB, 261.23 W
2026/08/27 13:25:17.131, 1, 100 %, 38 %, 43990 MiB, 272.82 W
2026/08/27 13:25:17.811, 0, 100 %, 74 %, 45016 MiB, 250.70 W
2026/08/27 13:25:17.811, 1, 73 %, 81 %, 43990 MiB, 259.85 W
2026/08/27 13:25:18.521, 0, 100 %, 74 %, 45016 MiB, 250.70 W
2026/08/27 13:25:18.521, 1, 100 %, 38 %, 43990 MiB, 259.85 W
2026/08/27 13:25:19.222, 0, 100 %, 43 %, 45016 MiB, 269.02 W
2026/08/27 13:25:19.222, 1, 100 %, 38 %, 43990 MiB, 276.43 W
2026/08/27 13:25:19.858, 0, 100 %, 43 %, 45016 MiB, 269.57 W
2026/08/27 13:25:19.858, 1, 54 %, 16 %, 43990 MiB, 274.44 W
2026/08/27 13:25:20.566, 0, 100 %, 43 %, 45016 MiB, 268.34 W
2026/08/27 13:25:20.568, 1, 54 %, 16 %, 43990 MiB, 274.44 W
2026/08/27 13:25:21.199, 0, 100 %, 43 %, 45016 MiB, 257.65 W
2026/08/27 13:25:21.200, 1, 54 %, 16 %, 43990 MiB, 269.35 W
2026/08/27 13:25:21.899, 0, 100 %, 38 %, 45016 MiB, 257.65 W
2026/08/27 13:25:21.899, 1, 100 %, 38 %, 43990 MiB, 268.20 W
2026/08/27 13:25:22.517, 0, 100 %, 38 %, 45016 MiB, 257.65 W
2026/08/27 13:25:22.517, 1, 100 %, 38 %, 43990 MiB, 268.20 W
2026/08/27 13:25:23.179, 0, 100 %, 38 %, 45016 MiB, 249.56 W
2026/08/27 13:25:23.179, 1, 100 %, 38 %, 43990 MiB, 275.21 W
2026/08/27 13:25:23.909, 0, 100 %, 43 %, 45016 MiB, 269.40 W
2026/08/27 13:25:23.909, 1, 100 %, 49 %, 43990 MiB, 280.53 W
2026/08/27 13:25:24.564, 0, 100 %, 43 %, 45016 MiB, 268.72 W
2026/08/27 13:25:24.564, 1, 100 %, 42 %, 43990 MiB, 280.53 W
2026/08/27 13:25:25.251, 0, 100 %, 38 %, 45016 MiB, 269.88 W
2026/08/27 13:25:25.251, 1, 100 %, 42 %, 43990 MiB, 271.29 W
2026/08/27 13:25:25.944, 0, 100 %, 37 %, 45016 MiB, 262.39 W
2026/08/27 13:25:25.944, 1, 100 %, 38 %, 43990 MiB, 269.00 W
2026/08/27 13:25:26.592, 0, 100 %, 37 %, 45016 MiB, 262.39 W
2026/08/27 13:25:26.593, 1, 100 %, 38 %, 43990 MiB, 269.00 W
2026/08/27 13:25:27.264, 0, 100 %, 50 %, 45016 MiB, 249.55 W
2026/08/27 13:25:27.264, 1, 100 %, 38 %, 43990 MiB, 269.00 W
2026/08/27 13:25:27.949, 0, 100 %, 50 %, 45016 MiB, 249.55 W
2026/08/27 13:25:27.950, 1, 100 %, 38 %, 43990 MiB, 279.82 W
2026/08/27 13:25:28.608, 0, 100 %, 50 %, 45016 MiB, 271.30 W
2026/08/27 13:25:28.610, 1, 100 %, 38 %, 43990 MiB, 279.72 W
2026/08/27 13:25:29.329, 0, 100 %, 35 %, 45016 MiB, 270.39 W
2026/08/27 13:25:29.330, 1, 100 %, 38 %, 43990 MiB, 279.72 W
2026/08/27 13:25:29.985, 0, 100 %, 35 %, 45016 MiB, 270.39 W
2026/08/27 13:25:29.986, 1, 100 %, 38 %, 43990 MiB, 268.27 W
2026/08/27 13:25:30.670, 0, 100 %, 35 %, 45016 MiB, 259.12 W
2026/08/27 13:25:30.670, 1, 100 %, 38 %, 43990 MiB, 268.68 W
2026/08/27 13:25:31.304, 0, 100 %, 35 %, 45016 MiB, 250.15 W
2026/08/27 13:25:31.304, 1, 100 %, 38 %, 43990 MiB, 268.68 W
2026/08/27 13:25:31.981, 0, 100 %, 38 %, 45016 MiB, 271.81 W
2026/08/27 13:25:31.981, 1, 100 %, 38 %, 43990 MiB, 271.26 W
2026/08/27 13:25:32.713, 0, 100 %, 38 %, 45016 MiB, 271.81 W
2026/08/27 13:25:32.714, 1, 100 %, 38 %, 43990 MiB, 271.26 W
2026/08/27 13:25:33.391, 0, 99 %, 36 %, 45016 MiB, 263.86 W
2026/08/27 13:25:33.391, 1, 100 %, 38 %, 43990 MiB, 271.26 W
2026/08/27 13:25:34.071, 0, 99 %, 36 %, 45016 MiB, 264.26 W
2026/08/27 13:25:34.071, 1, 38 %, 43 %, 43990 MiB, 274.39 W
2026/08/27 13:25:34.789, 0, 93 %, 31 %, 45016 MiB, 264.26 W
2026/08/27 13:25:34.789, 1, 38 %, 43 %, 43990 MiB, 274.39 W
2026/08/27 13:25:35.467, 0, 93 %, 31 %, 45016 MiB, 262.53 W
2026/08/27 13:25:35.468, 1, 38 %, 43 %, 43990 MiB, 259.67 W
2026/08/27 13:25:36.178, 0, 100 %, 49 %, 45016 MiB, 248.80 W
2026/08/27 13:25:36.179, 1, 100 %, 45 %, 43990 MiB, 259.14 W
2026/08/27 13:25:36.879, 0, 100 %, 49 %, 45016 MiB, 273.26 W
2026/08/27 13:25:36.880, 1, 100 %, 45 %, 43990 MiB, 259.14 W
2026/08/27 13:25:37.521, 0, 100 %, 38 %, 45016 MiB, 267.12 W
2026/08/27 13:25:37.522, 1, 100 %, 53 %, 43990 MiB, 274.18 W
2026/08/27 13:25:38.225, 0, 100 %, 38 %, 45016 MiB, 267.12 W
2026/08/27 13:25:38.225, 1, 100 %, 39 %, 43990 MiB, 274.18 W
2026/08/27 13:25:38.879, 0, 95 %, 32 %, 45016 MiB, 268.09 W
2026/08/27 13:25:38.879, 1, 100 %, 39 %, 43990 MiB, 274.18 W
2026/08/27 13:25:39.585, 0, 37 %, 40 %, 45016 MiB, 257.51 W
2026/08/27 13:25:39.585, 1, 100 %, 39 %, 43990 MiB, 267.86 W
2026/08/27 13:25:40.226, 0, 37 %, 40 %, 45016 MiB, 257.51 W
2026/08/27 13:25:40.226, 1, 100 %, 43 %, 43990 MiB, 255.57 W
2026/08/27 13:25:40.863, 0, 37 %, 40 %, 45016 MiB, 269.61 W
2026/08/27 13:25:40.863, 1, 100 %, 43 %, 43990 MiB, 255.57 W
2026/08/27 13:25:41.589, 0, 100 %, 42 %, 45016 MiB, 269.61 W
2026/08/27 13:25:41.590, 1, 100 %, 41 %, 43990 MiB, 279.08 W
2026/08/27 13:25:42.280, 0, 100 %, 42 %, 45016 MiB, 270.03 W
2026/08/27 13:25:42.280, 1, 100 %, 48 %, 43990 MiB, 276.68 W
2026/08/27 13:25:42.945, 0, 100 %, 35 %, 45016 MiB, 261.83 W
2026/08/27 13:25:42.945, 1, 100 %, 48 %, 43990 MiB, 276.68 W
2026/08/27 13:25:43.631, 0, 100 %, 35 %, 45016 MiB, 261.83 W
2026/08/27 13:25:43.631, 1, 100 %, 48 %, 43990 MiB, 264.91 W
2026/08/27 13:25:44.299, 0, 69 %, 76 %, 45016 MiB, 264.12 W
2026/08/27 13:25:44.299, 1, 100 %, 49 %, 43990 MiB, 258.50 W
2026/08/27 13:25:45.023, 0, 100 %, 80 %, 45016 MiB, 246.88 W
2026/08/27 13:25:45.035, 1, 100 %, 49 %, 43990 MiB, 258.50 W
2026/08/27 13:25:45.728, 0, 100 %, 80 %, 45016 MiB, 272.33 W
2026/08/27 13:25:45.728, 1, 100 %, 49 %, 43990 MiB, 279.20 W
2026/08/27 13:25:46.363, 0, 100 %, 80 %, 45016 MiB, 269.79 W
2026/08/27 13:25:46.364, 1, 100 %, 38 %, 43990 MiB, 276.23 W
2026/08/27 13:25:47.094, 0, 100 %, 43 %, 45016 MiB, 269.79 W
2026/08/27 13:25:47.094, 1, 100 %, 38 %, 43990 MiB, 276.23 W
2026/08/27 13:25:47.732, 0, 100 %, 43 %, 45016 MiB, 260.81 W
2026/08/27 13:25:47.732, 1, 99 %, 39 %, 43990 MiB, 271.04 W
2026/08/27 13:25:48.422, 0, 75 %, 85 %, 45016 MiB, 259.15 W
2026/08/27 13:25:48.423, 1, 100 %, 38 %, 43990 MiB, 271.04 W
2026/08/27 13:25:49.099, 0, 75 %, 85 %, 45016 MiB, 251.16 W
2026/08/27 13:25:49.099, 1, 100 %, 38 %, 43990 MiB, 271.04 W
2026/08/27 13:25:49.736, 0, 75 %, 85 %, 45016 MiB, 267.85 W
2026/08/27 13:25:49.736, 1, 100 %, 43 %, 43990 MiB, 277.62 W
2026/08/27 13:25:50.446, 0, 100 %, 42 %, 45016 MiB, 267.85 W
2026/08/27 13:25:50.446, 1, 100 %, 43 %, 43990 MiB, 277.62 W
2026/08/27 13:25:51.143, 0, 100 %, 42 %, 45016 MiB, 266.83 W
2026/08/27 13:25:51.143, 1, 100 %, 43 %, 43990 MiB, 278.20 W
2026/08/27 13:25:51.795, 0, 100 %, 38 %, 45016 MiB, 266.03 W
2026/08/27 13:25:51.795, 1, 100 %, 38 %, 43990 MiB, 277.27 W
2026/08/27 13:25:52.489, 0, 100 %, 38 %, 45016 MiB, 261.31 W
2026/08/27 13:25:52.489, 1, 100 %, 38 %, 43990 MiB, 277.27 W
2026/08/27 13:25:53.161, 0, 100 %, 100 %, 45016 MiB, 252.08 W
2026/08/27 13:25:53.163, 1, 33 %, 36 %, 43990 MiB, 261.18 W
2026/08/27 13:25:53.884, 0, 100 %, 100 %, 45016 MiB, 252.08 W
2026/08/27 13:25:53.884, 1, 100 %, 39 %, 43990 MiB, 261.18 W
2026/08/27 13:25:54.579, 0, 100 %, 43 %, 45016 MiB, 270.27 W
2026/08/27 13:25:54.579, 1, 100 %, 39 %, 43990 MiB, 280.04 W
2026/08/27 13:25:55.222, 0, 100 %, 43 %, 45016 MiB, 269.74 W
2026/08/27 13:25:55.223, 1, 88 %, 29 %, 43990 MiB, 273.87 W
2026/08/27 13:25:55.935, 0, 100 %, 42 %, 45016 MiB, 269.74 W
2026/08/27 13:25:55.936, 1, 88 %, 29 %, 43990 MiB, 273.87 W
2026/08/27 13:25:56.568, 0, 100 %, 42 %, 45016 MiB, 262.94 W
2026/08/27 13:25:56.568, 1, 88 %, 29 %, 43990 MiB, 270.12 W
2026/08/27 13:25:57.266, 0, 25 %, 1 %, 45016 MiB, 265.54 W
2026/08/27 13:25:57.269, 1, 100 %, 82 %, 43990 MiB, 271.97 W
2026/08/27 13:25:57.906, 0, 25 %, 1 %, 45016 MiB, 265.54 W
2026/08/27 13:25:57.906, 1, 100 %, 82 %, 43990 MiB, 271.97 W
2026/08/27 13:25:58.555, 0, 25 %, 1 %, 45016 MiB, 250.59 W
2026/08/27 13:25:58.555, 1, 100 %, 82 %, 43990 MiB, 279.00 W
2026/08/27 13:25:59.271, 0, 100 %, 38 %, 45016 MiB, 270.49 W
2026/08/27 13:25:59.271, 1, 100 %, 43 %, 43990 MiB, 279.74 W
2026/08/27 13:25:59.943, 0, 100 %, 38 %, 45016 MiB, 267.47 W
2026/08/27 13:25:59.943, 1, 100 %, 43 %, 43990 MiB, 279.74 W
2026/08/27 13:26:00.609, 0, 100 %, 38 %, 45016 MiB, 265.12 W
2026/08/27 13:26:00.610, 1, 100 %, 43 %, 43990 MiB, 269.79 W
2026/08/27 13:26:01.312, 0, 88 %, 28 %, 45016 MiB, 265.12 W
2026/08/27 13:26:01.312, 1, 100 %, 38 %, 43990 MiB, 268.26 W
2026/08/27 13:26:01.977, 0, 88 %, 28 %, 45016 MiB, 261.23 W
2026/08/27 13:26:01.982, 1, 100 %, 38 %, 43990 MiB, 268.26 W
2026/08/27 13:26:02.689, 0, 100 %, 50 %, 45016 MiB, 247.90 W
2026/08/27 13:26:02.689, 1, 100 %, 38 %, 43990 MiB, 261.45 W
2026/08/27 13:26:03.379, 0, 100 %, 50 %, 45016 MiB, 271.13 W
2026/08/27 13:26:03.379, 1, 99 %, 44 %, 43990 MiB, 280.10 W
2026/08/27 13:26:04.018, 0, 100 %, 36 %, 45016 MiB, 270.12 W
2026/08/27 13:26:04.019, 1, 99 %, 44 %, 43990 MiB, 280.10 W
2026/08/27 13:26:04.716, 0, 100 %, 36 %, 45016 MiB, 270.12 W
2026/08/27 13:26:04.716, 1, 100 %, 40 %, 43990 MiB, 277.60 W
2026/08/27 13:26:05.368, 0, 100 %, 36 %, 45016 MiB, 262.76 W
2026/08/27 13:26:05.371, 1, 100 %, 49 %, 43990 MiB, 277.60 W
2026/08/27 13:26:06.070, 0, 100 %, 37 %, 45016 MiB, 259.23 W
2026/08/27 13:26:06.070, 1, 100 %, 49 %, 43990 MiB, 265.80 W
2026/08/27 13:26:06.699, 0, 100 %, 37 %, 45016 MiB, 259.23 W
2026/08/27 13:26:06.699, 1, 100 %, 43 %, 43990 MiB, 255.09 W
2026/08/27 13:26:07.366, 0, 100 %, 37 %, 45016 MiB, 247.45 W
2026/08/27 13:26:07.366, 1, 100 %, 43 %, 43990 MiB, 255.09 W
2026/08/27 13:26:08.098, 0, 100 %, 43 %, 45016 MiB, 269.05 W
2026/08/27 13:26:08.098, 1, 100 %, 43 %, 43990 MiB, 278.86 W
2026/08/27 13:26:08.783, 0, 100 %, 43 %, 45016 MiB, 270.30 W
2026/08/27 13:26:08.783, 1, 99 %, 48 %, 43990 MiB, 276.71 W
2026/08/27 13:26:09.437, 0, 100 %, 38 %, 45016 MiB, 264.74 W
2026/08/27 13:26:09.438, 1, 100 %, 54 %, 43990 MiB, 276.71 W
2026/08/27 13:26:09.952, 0, 100 %, 44 %, 45016 MiB, 231.82 W
2026/08/27 13:26:09.952, 1, 100 %, 54 %, 43990 MiB, 276.71 W
2026/08/27 13:26:10.655, 0, 100 %, 44 %, 45016 MiB, 231.82 W
2026/08/27 13:26:10.655, 1, 100 %, 100 %, 43990 MiB, 262.32 W
2026/08/27 13:26:11.269, 0, 100 %, 44 %, 45016 MiB, 249.20 W
2026/08/27 13:26:11.270, 1, 100 %, 100 %, 43990 MiB, 262.32 W
2026/08/27 13:26:11.952, 0, 100 %, 40 %, 45016 MiB, 251.01 W
2026/08/27 13:26:11.954, 1, 100 %, 100 %, 43990 MiB, 278.85 W
2026/08/27 13:26:12.680, 0, 100 %, 40 %, 45016 MiB, 273.31 W
2026/08/27 13:26:12.680, 1, 100 %, 49 %, 43990 MiB, 279.14 W
2026/08/27 13:26:13.320, 0, 54 %, 25 %, 45016 MiB, 268.68 W
2026/08/27 13:26:13.321, 1, 100 %, 43 %, 43990 MiB, 279.14 W
2026/08/27 13:26:14.000, 0, 76 %, 84 %, 45016 MiB, 268.68 W
2026/08/27 13:26:14.002, 1, 100 %, 43 %, 43990 MiB, 276.16 W
2026/08/27 13:26:14.693, 0, 76 %, 84 %, 45016 MiB, 263.45 W
2026/08/27 13:26:14.694, 1, 100 %, 39 %, 43990 MiB, 268.05 W
2026/08/27 13:26:15.349, 0, 100 %, 42 %, 45016 MiB, 249.84 W
2026/08/27 13:26:15.350, 1, 100 %, 39 %, 43990 MiB, 268.05 W
2026/08/27 13:26:16.022, 0, 100 %, 42 %, 45016 MiB, 249.84 W
2026/08/27 13:26:16.022, 1, 100 %, 39 %, 43990 MiB, 268.05 W
2026/08/27 13:26:16.692, 0, 100 %, 42 %, 45016 MiB, 267.51 W
2026/08/27 13:26:16.695, 1, 100 %, 39 %, 43990 MiB, 276.74 W
2026/08/27 13:26:17.372, 0, 100 %, 38 %, 45016 MiB, 264.36 W
2026/08/27 13:26:17.372, 1, 100 %, 38 %, 43990 MiB, 277.48 W
2026/08/27 13:26:18.092, 0, 100 %, 38 %, 45016 MiB, 264.36 W
2026/08/27 13:26:18.093, 1, 100 %, 38 %, 43990 MiB, 277.48 W
2026/08/27 13:26:18.757, 0, 15 %, 16 %, 45016 MiB, 267.71 W
2026/08/27 13:26:18.757, 1, 100 %, 38 %, 43990 MiB, 269.94 W
2026/08/27 13:26:19.468, 0, 100 %, 85 %, 45016 MiB, 261.82 W
2026/08/27 13:26:19.469, 1, 100 %, 40 %, 43990 MiB, 269.13 W
2026/08/27 13:26:20.094, 0, 100 %, 85 %, 45016 MiB, 261.82 W
2026/08/27 13:26:20.094, 1, 100 %, 40 %, 43990 MiB, 269.13 W
2026/08/27 13:26:20.775, 0, 100 %, 85 %, 45016 MiB, 249.11 W
2026/08/27 13:26:20.779, 1, 100 %, 38 %, 43990 MiB, 269.71 W
2026/08/27 13:26:21.515, 0, 100 %, 38 %, 45016 MiB, 270.32 W
2026/08/27 13:26:21.515, 1, 100 %, 38 %, 43990 MiB, 269.71 W
2026/08/27 13:26:22.169, 0, 100 %, 38 %, 45016 MiB, 270.32 W
2026/08/27 13:26:22.169, 1, 100 %, 38 %, 43990 MiB, 269.71 W
2026/08/27 13:26:22.842, 0, 100 %, 38 %, 45016 MiB, 268.57 W
2026/08/27 13:26:22.842, 1, 100 %, 38 %, 43990 MiB, 275.54 W
2026/08/27 13:26:23.534, 0, 100 %, 38 %, 45016 MiB, 260.98 W
2026/08/27 13:26:23.534, 1, 100 %, 43 %, 43990 MiB, 269.25 W
2026/08/27 13:26:24.209, 0, 100 %, 39 %, 45016 MiB, 260.98 W
2026/08/27 13:26:24.210, 1, 100 %, 43 %, 43990 MiB, 269.25 W
2026/08/27 13:26:24.879, 0, 100 %, 42 %, 45016 MiB, 253.26 W
2026/08/27 13:26:24.879, 1, 100 %, 43 %, 43990 MiB, 258.26 W
2026/08/27 13:26:25.553, 0, 100 %, 49 %, 45016 MiB, 253.26 W
2026/08/27 13:26:25.553, 1, 99 %, 37 %, 43990 MiB, 278.91 W
2026/08/27 13:26:26.232, 0, 100 %, 49 %, 45016 MiB, 253.26 W
2026/08/27 13:26:26.232, 1, 100 %, 38 %, 43990 MiB, 278.91 W
2026/08/27 13:26:26.952, 0, 100 %, 49 %, 45016 MiB, 269.84 W
2026/08/27 13:26:26.952, 1, 100 %, 38 %, 43990 MiB, 276.90 W
2026/08/27 13:26:27.613, 0, 100 %, 58 %, 45016 MiB, 269.84 W
2026/08/27 13:26:27.613, 1, 100 %, 43 %, 43990 MiB, 268.49 W
2026/08/27 13:26:28.321, 0, 100 %, 58 %, 45016 MiB, 269.84 W
2026/08/27 13:26:28.322, 1, 100 %, 43 %, 43990 MiB, 268.49 W
2026/08/27 13:26:28.946, 0, 100 %, 43 %, 45016 MiB, 250.19 W
2026/08/27 13:26:28.946, 1, 100 %, 43 %, 43990 MiB, 259.76 W
2026/08/27 13:26:29.627, 0, 100 %, 43 %, 45016 MiB, 271.76 W
2026/08/27 13:26:29.627, 1, 100 %, 38 %, 43990 MiB, 266.12 W
2026/08/27 13:26:30.359, 0, 100 %, 43 %, 45016 MiB, 271.76 W
2026/08/27 13:26:30.359, 1, 100 %, 38 %, 43990 MiB, 266.12 W
2026/08/27 13:26:31.016, 0, 100 %, 43 %, 45016 MiB, 268.35 W
2026/08/27 13:26:31.016, 1, 100 %, 38 %, 43990 MiB, 278.16 W
2026/08/27 13:26:31.699, 0, 100 %, 40 %, 45016 MiB, 265.57 W
2026/08/27 13:26:31.699, 1, 100 %, 38 %, 43990 MiB, 278.84 W
2026/08/27 13:26:32.382, 0, 100 %, 40 %, 45016 MiB, 265.57 W
2026/08/27 13:26:32.382, 1, 100 %, 50 %, 43990 MiB, 278.84 W
2026/08/27 13:26:33.017, 0, 100 %, 40 %, 45016 MiB, 264.08 W
2026/08/27 13:26:33.020, 1, 100 %, 50 %, 43990 MiB, 278.84 W
2026/08/27 13:26:33.688, 0, 100 %, 48 %, 45016 MiB, 252.69 W
2026/08/27 13:26:33.689, 1, 100 %, 50 %, 43990 MiB, 259.52 W
2026/08/27 13:26:34.354, 0, 100 %, 48 %, 45016 MiB, 252.69 W
2026/08/27 13:26:34.354, 1, 100 %, 49 %, 43990 MiB, 278.58 W
2026/08/27 13:26:35.033, 0, 100 %, 48 %, 45016 MiB, 271.36 W
2026/08/27 13:26:35.034, 1, 100 %, 49 %, 43990 MiB, 278.58 W
2026/08/27 13:26:35.757, 0, 100 %, 48 %, 45016 MiB, 270.98 W
2026/08/27 13:26:35.758, 1, 100 %, 49 %, 43990 MiB, 280.73 W
2026/08/27 13:26:36.426, 0, 100 %, 48 %, 45016 MiB, 270.98 W
2026/08/27 13:26:36.428, 1, 1 %, 0 %, 43990 MiB, 268.46 W
2026/08/27 13:26:37.127, 0, 100 %, 48 %, 45016 MiB, 259.57 W
2026/08/27 13:26:37.127, 1, 100 %, 38 %, 43990 MiB, 268.46 W
2026/08/27 13:26:37.772, 0, 46 %, 5 %, 45016 MiB, 249.96 W
2026/08/27 13:26:37.772, 1, 100 %, 38 %, 43990 MiB, 255.97 W
2026/08/27 13:26:38.445, 0, 88 %, 28 %, 45016 MiB, 249.96 W
2026/08/27 13:26:38.446, 1, 99 %, 100 %, 43990 MiB, 264.72 W
2026/08/27 13:26:39.172, 0, 88 %, 28 %, 45016 MiB, 271.18 W
2026/08/27 13:26:39.172, 1, 99 %, 100 %, 43990 MiB, 264.72 W
2026/08/27 13:26:39.834, 0, 88 %, 28 %, 45016 MiB, 270.52 W
2026/08/27 13:26:39.835, 1, 99 %, 100 %, 43990 MiB, 277.94 W
2026/08/27 13:26:40.510, 0, 100 %, 42 %, 45016 MiB, 270.52 W
2026/08/27 13:26:40.510, 1, 100 %, 88 %, 43990 MiB, 277.98 W
2026/08/27 13:26:41.195, 0, 100 %, 42 %, 45016 MiB, 262.43 W
2026/08/27 13:26:41.195, 1, 100 %, 88 %, 43990 MiB, 277.98 W
2026/08/27 13:26:41.846, 0, 100 %, 38 %, 45016 MiB, 253.23 W
2026/08/27 13:26:41.848, 1, 100 %, 88 %, 43990 MiB, 269.03 W
2026/08/27 13:26:42.521, 0, 100 %, 38 %, 45016 MiB, 253.23 W
2026/08/27 13:26:42.521, 1, 100 %, 40 %, 43990 MiB, 257.00 W
2026/08/27 13:26:43.184, 0, 100 %, 38 %, 45016 MiB, 269.17 W
2026/08/27 13:26:43.184, 1, 100 %, 43 %, 43990 MiB, 277.61 W
2026/08/27 13:26:43.863, 0, 100 %, 38 %, 45016 MiB, 270.74 W
2026/08/27 13:26:43.863, 1, 100 %, 43 %, 43990 MiB, 277.61 W
2026/08/27 13:26:44.578, 0, 100 %, 43 %, 45016 MiB, 268.68 W
2026/08/27 13:26:44.578, 1, 100 %, 43 %, 43990 MiB, 277.08 W
2026/08/27 13:26:45.244, 0, 100 %, 43 %, 45016 MiB, 264.15 W
2026/08/27 13:26:45.247, 1, 100 %, 83 %, 43990 MiB, 269.47 W
2026/08/27 13:26:45.938, 0, 100 %, 38 %, 45016 MiB, 260.85 W
2026/08/27 13:26:45.938, 1, 100 %, 83 %, 43990 MiB, 269.47 W
2026/08/27 13:26:46.548, 0, 100 %, 38 %, 45016 MiB, 246.21 W
2026/08/27 13:26:46.548, 1, 74 %, 23 %, 43990 MiB, 259.12 W
2026/08/27 13:26:47.258, 0, 100 %, 38 %, 45016 MiB, 246.21 W
2026/08/27 13:26:47.258, 1, 100 %, 38 %, 43990 MiB, 259.12 W
2026/08/27 13:26:47.988, 0, 100 %, 38 %, 45016 MiB, 270.93 W
2026/08/27 13:26:47.988, 1, 100 %, 38 %, 43990 MiB, 275.92 W
2026/08/27 13:26:48.653, 0, 100 %, 44 %, 45016 MiB, 270.93 W
2026/08/27 13:26:48.653, 1, 100 %, 46 %, 43990 MiB, 274.46 W
2026/08/27 13:26:49.329, 0, 100 %, 44 %, 45016 MiB, 270.93 W
2026/08/27 13:26:49.329, 1, 100 %, 46 %, 43990 MiB, 274.46 W
2026/08/27 13:26:50.008, 0, 100 %, 48 %, 45016 MiB, 259.76 W
2026/08/27 13:26:50.008, 1, 100 %, 46 %, 43990 MiB, 269.98 W
2026/08/27 13:26:50.664, 0, 49 %, 7 %, 45016 MiB, 261.31 W
2026/08/27 13:26:50.665, 1, 100 %, 38 %, 43990 MiB, 271.38 W
2026/08/27 13:26:51.319, 0, 49 %, 7 %, 45016 MiB, 248.16 W
2026/08/27 13:26:51.320, 1, 100 %, 41 %, 43990 MiB, 271.38 W
2026/08/27 13:26:51.991, 0, 49 %, 7 %, 45016 MiB, 274.51 W
2026/08/27 13:26:51.991, 1, 100 %, 41 %, 43990 MiB, 279.90 W
2026/08/27 13:26:52.681, 0, 100 %, 39 %, 45016 MiB, 274.51 W
2026/08/27 13:26:52.681, 1, 100 %, 38 %, 43990 MiB, 280.03 W
2026/08/27 13:26:53.396, 0, 100 %, 39 %, 45016 MiB, 269.19 W
2026/08/27 13:26:53.396, 1, 100 %, 38 %, 43990 MiB, 280.03 W
2026/08/27 13:26:54.036, 0, 100 %, 38 %, 45016 MiB, 270.13 W
2026/08/27 13:26:54.036, 1, 100 %, 38 %, 43990 MiB, 269.30 W
2026/08/27 13:26:54.762, 0, 100 %, 38 %, 45016 MiB, 261.57 W
2026/08/27 13:26:54.762, 1, 100 %, 38 %, 43990 MiB, 269.80 W
2026/08/27 13:26:55.362, 0, 100 %, 38 %, 45016 MiB, 261.57 W
2026/08/27 13:26:55.363, 1, 100 %, 38 %, 43990 MiB, 269.80 W
2026/08/27 13:26:56.066, 0, 100 %, 38 %, 45016 MiB, 253.10 W
2026/08/27 13:26:56.068, 1, 88 %, 97 %, 43990 MiB, 267.85 W
2026/08/27 13:26:56.795, 0, 100 %, 37 %, 45016 MiB, 271.84 W
2026/08/27 13:26:56.796, 1, 88 %, 97 %, 43990 MiB, 267.85 W
2026/08/27 13:26:57.458, 0, 100 %, 37 %, 45016 MiB, 265.07 W
2026/08/27 13:26:57.459, 1, 88 %, 97 %, 43990 MiB, 267.85 W
2026/08/27 13:26:58.151, 0, 100 %, 37 %, 45016 MiB, 266.58 W
2026/08/27 13:26:58.151, 1, 100 %, 38 %, 43990 MiB, 276.00 W
2026/08/27 13:26:58.842, 0, 8 %, 0 %, 45016 MiB, 266.58 W
2026/08/27 13:26:58.842, 1, 100 %, 49 %, 43990 MiB, 276.00 W
2026/08/27 13:26:59.483, 0, 8 %, 0 %, 45016 MiB, 262.88 W
2026/08/27 13:26:59.483, 1, 100 %, 49 %, 43990 MiB, 269.58 W
2026/08/27 13:27:00.109, 0, 100 %, 37 %, 45016 MiB, 253.41 W
2026/08/27 13:27:00.109, 1, 100 %, 49 %, 43990 MiB, 258.95 W
2026/08/27 13:27:00.755, 0, 100 %, 37 %, 45016 MiB, 253.41 W
2026/08/27 13:27:00.755, 1, 100 %, 37 %, 43990 MiB, 275.66 W
2026/08/27 13:27:01.466, 0, 100 %, 37 %, 45016 MiB, 268.84 W
2026/08/27 13:27:01.468, 1, 100 %, 37 %, 43990 MiB, 275.66 W
2026/08/27 13:27:02.173, 0, 100 %, 39 %, 45016 MiB, 262.48 W
2026/08/27 13:27:02.173, 1, 100 %, 43 %, 43990 MiB, 277.22 W
2026/08/27 13:27:02.802, 0, 100 %, 39 %, 45016 MiB, 262.48 W
2026/08/27 13:27:02.802, 1, 58 %, 15 %, 43990 MiB, 271.31 W
2026/08/27 13:27:03.468, 0, 100 %, 39 %, 45016 MiB, 262.20 W
2026/08/27 13:27:03.468, 1, 58 %, 15 %, 43990 MiB, 271.31 W
2026/08/27 13:27:04.109, 0, 100 %, 80 %, 45016 MiB, 252.60 W
2026/08/27 13:27:04.109, 1, 58 %, 15 %, 43990 MiB, 271.31 W
2026/08/27 13:27:04.827, 0, 100 %, 80 %, 45016 MiB, 250.08 W
2026/08/27 13:27:04.827, 1, 100 %, 36 %, 43990 MiB, 260.58 W
2026/08/27 13:27:05.546, 0, 100 %, 42 %, 45016 MiB, 272.17 W
2026/08/27 13:27:05.546, 1, 100 %, 50 %, 43990 MiB, 260.58 W
2026/08/27 13:27:06.183, 0, 65 %, 71 %, 45016 MiB, 272.17 W
2026/08/27 13:27:06.183, 1, 100 %, 50 %, 43990 MiB, 260.58 W
2026/08/27 13:27:06.911, 0, 65 %, 71 %, 45016 MiB, 269.76 W
2026/08/27 13:27:06.911, 1, 100 %, 66 %, 43990 MiB, 276.37 W
2026/08/27 13:27:07.578, 0, 71 %, 20 %, 45016 MiB, 257.36 W
2026/08/27 13:27:07.579, 1, 100 %, 66 %, 43990 MiB, 276.37 W
2026/08/27 13:27:08.251, 0, 71 %, 20 %, 45016 MiB, 258.83 W
2026/08/27 13:27:08.251, 1, 100 %, 66 %, 43990 MiB, 268.30 W
2026/08/27 13:27:08.860, 0, 100 %, 42 %, 45016 MiB, 252.63 W
2026/08/27 13:27:08.861, 1, 100 %, 43 %, 43990 MiB, 252.52 W
2026/08/27 13:27:09.514, 0, 100 %, 42 %, 45016 MiB, 269.52 W
2026/08/27 13:27:09.514, 1, 69 %, 75 %, 43990 MiB, 252.52 W
2026/08/27 13:27:10.211, 0, 100 %, 43 %, 45016 MiB, 271.39 W
2026/08/27 13:27:10.211, 1, 69 %, 75 %, 43990 MiB, 277.85 W
2026/08/27 13:27:10.884, 0, 100 %, 43 %, 45016 MiB, 267.96 W
2026/08/27 13:27:10.884, 1, 100 %, 40 %, 43990 MiB, 277.35 W
2026/08/27 13:27:11.559, 0, 100 %, 37 %, 45016 MiB, 266.80 W
2026/08/27 13:27:11.559, 1, 100 %, 40 %, 43990 MiB, 277.35 W
2026/08/27 13:27:12.251, 0, 100 %, 37 %, 45016 MiB, 261.47 W
2026/08/27 13:27:12.251, 1, 100 %, 40 %, 43990 MiB, 267.80 W
2026/08/27 13:27:12.914, 0, 96 %, 100 %, 45016 MiB, 250.15 W
2026/08/27 13:27:12.914, 1, 21 %, 23 %, 43990 MiB, 257.93 W
2026/08/27 13:27:13.626, 0, 96 %, 100 %, 45016 MiB, 250.15 W
2026/08/27 13:27:13.627, 1, 100 %, 38 %, 43990 MiB, 257.93 W
2026/08/27 13:27:14.330, 0, 100 %, 43 %, 45016 MiB, 273.12 W
2026/08/27 13:27:14.331, 1, 100 %, 38 %, 43990 MiB, 280.73 W
2026/08/27 13:27:14.978, 0, 100 %, 43 %, 45016 MiB, 269.85 W
2026/08/27 13:27:14.978, 1, 52 %, 40 %, 43990 MiB, 276.43 W
2026/08/27 13:27:15.675, 0, 100 %, 48 %, 45016 MiB, 269.85 W
2026/08/27 13:27:15.676, 1, 52 %, 40 %, 43990 MiB, 276.43 W
2026/08/27 13:27:16.340, 0, 100 %, 48 %, 45016 MiB, 262.52 W
2026/08/27 13:27:16.341, 1, 100 %, 51 %, 43990 MiB, 269.58 W
2026/08/27 13:27:17.045, 0, 100 %, 39 %, 45016 MiB, 260.99 W
2026/08/27 13:27:17.045, 1, 100 %, 51 %, 43990 MiB, 269.58 W
2026/08/27 13:27:17.703, 0, 100 %, 39 %, 45016 MiB, 250.19 W
2026/08/27 13:27:17.704, 1, 100 %, 51 %, 43990 MiB, 269.58 W
2026/08/27 13:27:18.354, 0, 100 %, 64 %, 45016 MiB, 253.42 W
2026/08/27 13:27:18.354, 1, 100 %, 46 %, 43990 MiB, 278.03 W
2026/08/27 13:27:19.076, 0, 94 %, 100 %, 45016 MiB, 273.77 W
2026/08/27 13:27:19.076, 1, 100 %, 39 %, 43990 MiB, 278.03 W
2026/08/27 13:27:19.805, 0, 94 %, 100 %, 45016 MiB, 270.74 W
2026/08/27 13:27:19.806, 1, 100 %, 39 %, 43990 MiB, 278.81 W
2026/08/27 13:27:20.438, 0, 94 %, 100 %, 45016 MiB, 269.45 W
2026/08/27 13:27:20.438, 1, 13 %, 1 %, 43990 MiB, 275.17 W
2026/08/27 13:27:21.128, 0, 100 %, 45 %, 45016 MiB, 262.23 W
2026/08/27 13:27:21.128, 1, 13 %, 1 %, 43990 MiB, 275.17 W
2026/08/27 13:27:21.763, 0, 100 %, 45 %, 45016 MiB, 262.23 W
2026/08/27 13:27:21.764, 1, 13 %, 1 %, 43990 MiB, 261.78 W
2026/08/27 13:27:22.474, 0, 100 %, 38 %, 45016 MiB, 255.65 W
2026/08/27 13:27:22.474, 1, 100 %, 37 %, 43990 MiB, 257.46 W
2026/08/27 13:27:23.194, 0, 100 %, 38 %, 45016 MiB, 255.65 W
2026/08/27 13:27:23.194, 1, 100 %, 37 %, 43990 MiB, 257.46 W
2026/08/27 13:27:23.834, 0, 100 %, 38 %, 45016 MiB, 272.79 W
2026/08/27 13:27:23.834, 1, 100 %, 37 %, 43990 MiB, 274.39 W
2026/08/27 13:27:24.569, 0, 100 %, 39 %, 45016 MiB, 271.02 W
2026/08/27 13:27:24.569, 1, 100 %, 39 %, 43990 MiB, 276.21 W
2026/08/27 13:27:25.249, 0, 100 %, 39 %, 45016 MiB, 261.75 W
2026/08/27 13:27:25.250, 1, 100 %, 39 %, 43990 MiB, 276.21 W
2026/08/27 13:27:25.922, 0, 100 %, 38 %, 45016 MiB, 256.73 W
2026/08/27 13:27:25.922, 1, 100 %, 39 %, 43990 MiB, 269.10 W
2026/08/27 13:27:26.576, 0, 100 %, 38 %, 45016 MiB, 256.73 W
2026/08/27 13:27:26.577, 1, 100 %, 43 %, 43990 MiB, 257.31 W
2026/08/27 13:27:27.232, 0, 71 %, 77 %, 45016 MiB, 258.34 W
2026/08/27 13:27:27.233, 1, 72 %, 21 %, 43990 MiB, 257.31 W
2026/08/27 13:27:27.944, 0, 100 %, 99 %, 45016 MiB, 272.41 W
2026/08/27 13:27:27.944, 1, 72 %, 21 %, 43990 MiB, 276.78 W
2026/08/27 13:27:28.669, 0, 100 %, 99 %, 45016 MiB, 269.89 W
2026/08/27 13:27:28.669, 1, 100 %, 41 %, 43990 MiB, 280.86 W
2026/08/27 13:27:29.336, 0, 100 %, 99 %, 45016 MiB, 260.90 W
2026/08/27 13:27:29.336, 1, 100 %, 41 %, 43990 MiB, 280.86 W
2026/08/27 13:27:30.064, 0, 100 %, 51 %, 45016 MiB, 260.90 W
2026/08/27 13:27:30.065, 1, 100 %, 41 %, 43990 MiB, 266.79 W
2026/08/27 13:27:30.676, 0, 100 %, 51 %, 45016 MiB, 251.28 W
2026/08/27 13:27:30.676, 1, 100 %, 41 %, 43990 MiB, 266.79 W
2026/08/27 13:27:31.389, 0, 100 %, 51 %, 45016 MiB, 273.03 W
2026/08/27 13:27:31.390, 1, 100 %, 41 %, 43990 MiB, 280.92 W
2026/08/27 13:27:32.124, 0, 100 %, 43 %, 45016 MiB, 273.03 W
2026/08/27 13:27:32.125, 1, 100 %, 50 %, 43990 MiB, 277.65 W
2026/08/27 13:27:32.772, 0, 100 %, 43 %, 45016 MiB, 267.75 W
2026/08/27 13:27:32.772, 1, 99 %, 43 %, 43990 MiB, 277.65 W
2026/08/27 13:27:33.450, 0, 30 %, 1 %, 45016 MiB, 264.04 W
2026/08/27 13:27:33.452, 1, 99 %, 43 %, 43990 MiB, 277.24 W
2026/08/27 13:27:34.143, 0, 30 %, 1 %, 45016 MiB, 264.04 W
2026/08/27 13:27:34.143, 1, 100 %, 38 %, 43990 MiB, 269.08 W
2026/08/27 13:27:34.798, 0, 30 %, 1 %, 45016 MiB, 260.73 W
2026/08/27 13:27:34.802, 1, 100 %, 38 %, 43990 MiB, 269.08 W
2026/08/27 13:27:35.464, 0, 30 %, 1 %, 45016 MiB, 252.90 W
2026/08/27 13:27:35.464, 1, 100 %, 38 %, 43990 MiB, 269.08 W
2026/08/27 13:27:36.145, 0, 100 %, 38 %, 45016 MiB, 252.90 W
2026/08/27 13:27:36.145, 1, 77 %, 23 %, 43990 MiB, 278.24 W
2026/08/27 13:27:36.816, 0, 100 %, 38 %, 45016 MiB, 270.45 W
2026/08/27 13:27:36.816, 1, 100 %, 38 %, 43990 MiB, 278.24 W
2026/08/27 13:27:37.556, 0, 100 %, 38 %, 45016 MiB, 265.95 W
2026/08/27 13:27:37.557, 1, 100 %, 38 %, 43990 MiB, 276.91 W
2026/08/27 13:27:38.210, 0, 100 %, 38 %, 45016 MiB, 265.95 W
2026/08/27 13:27:38.210, 1, 100 %, 43 %, 43990 MiB, 268.91 W
2026/08/27 13:27:38.919, 0, 100 %, 38 %, 45016 MiB, 259.74 W
2026/08/27 13:27:38.919, 1, 100 %, 43 %, 43990 MiB, 268.91 W
2026/08/27 13:27:39.551, 0, 100 %, 38 %, 45016 MiB, 241.68 W
2026/08/27 13:27:39.551, 1, 100 %, 43 %, 43990 MiB, 255.12 W
2026/08/27 13:27:40.247, 0, 100 %, 39 %, 45016 MiB, 241.68 W
2026/08/27 13:27:40.247, 1, 100 %, 39 %, 43990 MiB, 260.27 W
2026/08/27 13:27:40.975, 0, 100 %, 41 %, 45016 MiB, 272.80 W
2026/08/27 13:27:40.976, 1, 100 %, 39 %, 43990 MiB, 260.27 W
2026/08/27 13:27:41.632, 0, 100 %, 50 %, 45016 MiB, 272.80 W
2026/08/27 13:27:41.633, 1, 100 %, 39 %, 43990 MiB, 277.03 W
2026/08/27 13:27:42.309, 0, 100 %, 50 %, 45016 MiB, 272.80 W
2026/08/27 13:27:42.311, 1, 100 %, 37 %, 43990 MiB, 276.91 W
2026/08/27 13:27:42.993, 0, 100 %, 50 %, 45016 MiB, 262.43 W
2026/08/27 13:27:42.993, 1, 100 %, 44 %, 43990 MiB, 276.91 W
2026/08/27 13:27:43.644, 0, 100 %, 37 %, 45016 MiB, 252.15 W
2026/08/27 13:27:43.644, 1, 100 %, 44 %, 43990 MiB, 270.56 W
2026/08/27 13:27:44.312, 0, 100 %, 37 %, 45016 MiB, 252.15 W
2026/08/27 13:27:44.312, 1, 100 %, 44 %, 43990 MiB, 257.34 W
2026/08/27 13:27:44.972, 0, 100 %, 48 %, 45016 MiB, 262.69 W
2026/08/27 13:27:44.972, 1, 70 %, 53 %, 43990 MiB, 278.24 W
2026/08/27 13:27:45.660, 0, 100 %, 48 %, 45016 MiB, 271.70 W
2026/08/27 13:27:45.664, 1, 70 %, 53 %, 43990 MiB, 278.24 W
2026/08/27 13:27:46.394, 0, 100 %, 43 %, 45016 MiB, 271.70 W
2026/08/27 13:27:46.394, 1, 100 %, 43 %, 43990 MiB, 277.92 W
2026/08/27 13:27:47.060, 0, 100 %, 43 %, 45016 MiB, 268.74 W
2026/08/27 13:27:47.061, 1, 50 %, 8 %, 43990 MiB, 277.92 W
2026/08/27 13:27:47.755, 0, 100 %, 39 %, 45016 MiB, 261.00 W
2026/08/27 13:27:47.757, 1, 50 %, 8 %, 43990 MiB, 270.31 W
2026/08/27 13:27:48.390, 0, 100 %, 41 %, 45016 MiB, 261.00 W
2026/08/27 13:27:48.390, 1, 100 %, 49 %, 43990 MiB, 263.12 W
2026/08/27 13:27:49.059, 0, 100 %, 41 %, 45016 MiB, 261.00 W
2026/08/27 13:27:49.059, 1, 100 %, 49 %, 43990 MiB, 263.12 W
2026/08/27 13:27:49.806, 0, 100 %, 38 %, 45016 MiB, 269.56 W
2026/08/27 13:27:49.806, 1, 100 %, 49 %, 43990 MiB, 276.54 W
2026/08/27 13:27:50.453, 0, 100 %, 38 %, 45016 MiB, 269.56 W
2026/08/27 13:27:50.453, 1, 100 %, 100 %, 43990 MiB, 273.27 W
2026/08/27 13:27:51.152, 0, 100 %, 38 %, 45016 MiB, 268.35 W
2026/08/27 13:27:51.152, 1, 100 %, 100 %, 43990 MiB, 273.27 W
2026/08/27 13:27:51.846, 0, 100 %, 38 %, 45016 MiB, 262.66 W
2026/08/27 13:27:51.846, 1, 100 %, 46 %, 43990 MiB, 270.13 W
2026/08/27 13:27:52.519, 0, 100 %, 38 %, 45016 MiB, 263.17 W
2026/08/27 13:27:52.519, 1, 0 %, 0 %, 43990 MiB, 270.13 W
2026/08/27 13:27:53.218, 0, 100 %, 82 %, 45016 MiB, 250.92 W
2026/08/27 13:27:53.218, 1, 0 %, 0 %, 43990 MiB, 256.74 W
2026/08/27 13:27:53.910, 0, 100 %, 82 %, 45016 MiB, 250.92 W
2026/08/27 13:27:53.910, 1, 100 %, 41 %, 43990 MiB, 277.70 W
2026/08/27 13:27:54.568, 0, 100 %, 82 %, 45016 MiB, 273.42 W
2026/08/27 13:27:54.569, 1, 100 %, 41 %, 43990 MiB, 277.70 W
2026/08/27 13:27:55.277, 0, 100 %, 38 %, 45016 MiB, 270.23 W
2026/08/27 13:27:55.277, 1, 100 %, 41 %, 43990 MiB, 280.00 W
2026/08/27 13:27:55.913, 0, 100 %, 38 %, 45016 MiB, 270.23 W
2026/08/27 13:27:55.913, 1, 40 %, 2 %, 43990 MiB, 271.49 W
2026/08/27 13:27:56.612, 0, 100 %, 38 %, 45016 MiB, 262.94 W
2026/08/27 13:27:56.613, 1, 100 %, 38 %, 43990 MiB, 271.49 W
2026/08/27 13:27:57.250, 0, 0 %, 0 %, 45016 MiB, 262.94 W
2026/08/27 13:27:57.251, 1, 100 %, 38 %, 43990 MiB, 257.90 W
2026/08/27 13:27:57.911, 0, 0 %, 0 %, 45016 MiB, 262.94 W
2026/08/27 13:27:57.911, 1, 70 %, 76 %, 43990 MiB, 265.69 W
2026/08/27 13:27:58.629, 0, 100 %, 50 %, 45016 MiB, 271.55 W
2026/08/27 13:27:58.630, 1, 70 %, 76 %, 43990 MiB, 265.69 W
2026/08/27 13:27:59.272, 0, 100 %, 46 %, 45016 MiB, 271.55 W
2026/08/27 13:27:59.272, 1, 70 %, 76 %, 43990 MiB, 275.93 W
2026/08/27 13:27:59.953, 0, 100 %, 46 %, 45016 MiB, 268.42 W
2026/08/27 13:27:59.958, 1, 100 %, 49 %, 43990 MiB, 276.51 W
2026/08/27 13:28:00.643, 0, 100 %, 46 %, 45016 MiB, 263.39 W
2026/08/27 13:28:00.643, 1, 100 %, 49 %, 43990 MiB, 276.51 W
2026/08/27 13:28:01.297, 0, 100 %, 38 %, 45016 MiB, 263.39 W
2026/08/27 13:28:01.298, 1, 100 %, 49 %, 43990 MiB, 272.10 W
2026/08/27 13:28:01.961, 0, 100 %, 44 %, 45016 MiB, 250.53 W
2026/08/27 13:28:01.962, 1, 100 %, 49 %, 43990 MiB, 256.40 W
2026/08/27 13:28:02.630, 0, 100 %, 50 %, 45016 MiB, 250.53 W
2026/08/27 13:28:02.630, 1, 100 %, 42 %, 43990 MiB, 276.62 W
2026/08/27 13:28:03.327, 0, 100 %, 50 %, 45016 MiB, 250.53 W
2026/08/27 13:28:03.327, 1, 100 %, 42 %, 43990 MiB, 276.62 W
2026/08/27 13:28:04.062, 0, 100 %, 38 %, 45016 MiB, 269.97 W
2026/08/27 13:28:04.062, 1, 100 %, 42 %, 43990 MiB, 276.55 W
2026/08/27 13:28:04.717, 0, 100 %, 38 %, 45016 MiB, 269.97 W
2026/08/27 13:28:04.717, 1, 100 %, 100 %, 43990 MiB, 269.11 W
2026/08/27 13:28:05.419, 0, 100 %, 38 %, 45016 MiB, 261.50 W
2026/08/27 13:28:05.419, 1, 100 %, 100 %, 43990 MiB, 269.11 W
2026/08/27 13:28:06.050, 0, 100 %, 38 %, 45016 MiB, 245.48 W
2026/08/27 13:28:06.050, 1, 100 %, 45 %, 43990 MiB, 259.43 W
2026/08/27 13:28:06.727, 0, 100 %, 38 %, 45016 MiB, 246.83 W
2026/08/27 13:28:06.727, 1, 100 %, 38 %, 43990 MiB, 259.43 W
2026/08/27 13:28:07.463, 0, 100 %, 38 %, 45016 MiB, 272.65 W
2026/08/27 13:28:07.464, 1, 100 %, 38 %, 43990 MiB, 277.87 W
2026/08/27 13:28:08.122, 0, 100 %, 93 %, 45016 MiB, 272.65 W
2026/08/27 13:28:08.122, 1, 100 %, 50 %, 43990 MiB, 276.02 W
2026/08/27 13:28:08.821, 0, 100 %, 93 %, 45016 MiB, 272.65 W
2026/08/27 13:28:08.821, 1, 100 %, 50 %, 43990 MiB, 276.02 W
2026/08/27 13:28:09.521, 0, 100 %, 42 %, 45016 MiB, 263.03 W
2026/08/27 13:28:09.521, 1, 100 %, 50 %, 43990 MiB, 269.09 W
2026/08/27 13:28:10.200, 0, 100 %, 42 %, 45016 MiB, 263.03 W
2026/08/27 13:28:10.200, 1, 100 %, 89 %, 43990 MiB, 259.25 W
2026/08/27 13:28:10.910, 0, 100 %, 38 %, 45016 MiB, 248.69 W
2026/08/27 13:28:10.913, 1, 100 %, 89 %, 43990 MiB, 259.25 W
2026/08/27 13:28:11.616, 0, 100 %, 39 %, 45016 MiB, 263.00 W
2026/08/27 13:28:11.617, 1, 100 %, 43 %, 43990 MiB, 279.09 W
2026/08/27 13:28:12.262, 0, 100 %, 39 %, 45016 MiB, 263.00 W
2026/08/27 13:28:12.262, 1, 56 %, 61 %, 43990 MiB, 279.09 W
2026/08/27 13:28:12.965, 0, 100 %, 39 %, 45016 MiB, 270.41 W
2026/08/27 13:28:12.965, 1, 56 %, 61 %, 43990 MiB, 278.10 W
2026/08/27 13:28:13.622, 0, 84 %, 92 %, 45016 MiB, 270.41 W
2026/08/27 13:28:13.622, 1, 100 %, 51 %, 43990 MiB, 270.89 W
2026/08/27 13:28:14.292, 0, 84 %, 92 %, 45016 MiB, 270.41 W
2026/08/27 13:28:14.292, 1, 100 %, 51 %, 43990 MiB, 270.89 W
2026/08/27 13:28:14.910, 0, 84 %, 92 %, 45016 MiB, 251.08 W
2026/08/27 13:28:14.911, 1, 100 %, 51 %, 43990 MiB, 270.89 W
2026/08/27 13:28:15.581, 0, 100 %, 36 %, 45016 MiB, 267.35 W
2026/08/27 13:28:15.581, 1, 100 %, 38 %, 43990 MiB, 273.77 W
2026/08/27 13:28:16.310, 0, 100 %, 36 %, 45016 MiB, 267.35 W
2026/08/27 13:28:16.310, 1, 100 %, 39 %, 43990 MiB, 273.77 W
2026/08/27 13:28:17.003, 0, 100 %, 44 %, 45016 MiB, 272.76 W
2026/08/27 13:28:17.003, 1, 100 %, 39 %, 43990 MiB, 273.77 W
2026/08/27 13:28:17.658, 0, 10 %, 10 %, 45016 MiB, 268.13 W
2026/08/27 13:28:17.658, 1, 35 %, 38 %, 43990 MiB, 269.76 W
2026/08/27 13:28:18.360, 0, 10 %, 10 %, 45016 MiB, 261.35 W
2026/08/27 13:28:18.360, 1, 35 %, 38 %, 43990 MiB, 269.76 W
2026/08/27 13:28:19.029, 0, 10 %, 10 %, 45016 MiB, 251.01 W
2026/08/27 13:28:19.030, 1, 35 %, 38 %, 43990 MiB, 258.70 W
2026/08/27 13:28:19.730, 0, 100 %, 43 %, 45016 MiB, 251.01 W
2026/08/27 13:28:19.731, 1, 100 %, 40 %, 43990 MiB, 258.43 W
2026/08/27 13:28:20.428, 0, 100 %, 42 %, 45016 MiB, 269.89 W
2026/08/27 13:28:20.429, 1, 100 %, 40 %, 43990 MiB, 258.43 W
2026/08/27 13:28:21.076, 0, 100 %, 42 %, 45016 MiB, 272.01 W
2026/08/27 13:28:21.076, 1, 100 %, 58 %, 43990 MiB, 278.52 W
2026/08/27 13:28:21.776, 0, 100 %, 43 %, 45016 MiB, 272.01 W
2026/08/27 13:28:21.778, 1, 100 %, 39 %, 43990 MiB, 278.52 W
2026/08/27 13:28:22.419, 0, 100 %, 43 %, 45016 MiB, 264.76 W
2026/08/27 13:28:22.419, 1, 100 %, 39 %, 43990 MiB, 278.52 W
2026/08/27 13:28:23.116, 0, 15 %, 16 %, 45016 MiB, 261.34 W
2026/08/27 13:28:23.116, 1, 100 %, 39 %, 43990 MiB, 269.55 W
2026/08/27 13:28:23.740, 0, 15 %, 16 %, 45016 MiB, 261.34 W
2026/08/27 13:28:23.740, 1, 99 %, 33 %, 43990 MiB, 261.01 W
2026/08/27 13:28:24.400, 0, 15 %, 16 %, 45016 MiB, 269.53 W
2026/08/27 13:28:24.400, 1, 99 %, 33 %, 43990 MiB, 261.01 W
2026/08/27 13:28:25.126, 0, 100 %, 42 %, 45016 MiB, 269.53 W
2026/08/27 13:28:25.126, 1, 100 %, 41 %, 43990 MiB, 281.58 W
2026/08/27 13:28:25.804, 0, 100 %, 42 %, 45016 MiB, 271.02 W
2026/08/27 13:28:25.804, 1, 100 %, 49 %, 43990 MiB, 276.87 W
2026/08/27 13:28:26.481, 0, 100 %, 38 %, 45016 MiB, 268.79 W
2026/08/27 13:28:26.481, 1, 100 %, 49 %, 43990 MiB, 276.87 W
2026/08/27 13:28:27.171, 0, 100 %, 38 %, 45016 MiB, 262.16 W
2026/08/27 13:28:27.171, 1, 100 %, 49 %, 43990 MiB, 267.50 W
2026/08/27 13:28:27.835, 0, 100 %, 82 %, 45016 MiB, 249.14 W
2026/08/27 13:28:27.835, 1, 100 %, 65 %, 43990 MiB, 263.43 W
2026/08/27 13:28:28.554, 0, 100 %, 82 %, 45016 MiB, 249.14 W
2026/08/27 13:28:28.557, 1, 100 %, 65 %, 43990 MiB, 263.43 W
2026/08/27 13:28:29.259, 0, 100 %, 43 %, 45016 MiB, 270.92 W
2026/08/27 13:28:29.259, 1, 100 %, 44 %, 43990 MiB, 282.22 W
2026/08/27 13:28:29.903, 0, 100 %, 43 %, 45016 MiB, 270.04 W
2026/08/27 13:28:29.903, 1, 80 %, 88 %, 43990 MiB, 282.22 W
2026/08/27 13:28:30.589, 0, 100 %, 43 %, 45016 MiB, 270.04 W
2026/08/27 13:28:30.590, 1, 80 %, 88 %, 43990 MiB, 275.97 W
2026/08/27 13:28:31.221, 0, 100 %, 43 %, 45016 MiB, 262.26 W
2026/08/27 13:28:31.221, 1, 100 %, 49 %, 43990 MiB, 270.80 W
2026/08/27 13:28:31.906, 0, 6 %, 0 %, 45016 MiB, 265.45 W
2026/08/27 13:28:31.906, 1, 100 %, 49 %, 43990 MiB, 270.80 W
2026/08/27 13:28:32.550, 0, 6 %, 0 %, 45016 MiB, 265.45 W
2026/08/27 13:28:32.550, 1, 100 %, 49 %, 43990 MiB, 270.80 W
2026/08/27 13:28:33.200, 0, 6 %, 0 %, 45016 MiB, 248.71 W
2026/08/27 13:28:33.201, 1, 100 %, 38 %, 43990 MiB, 274.02 W
2026/08/27 13:28:33.921, 0, 100 %, 48 %, 45016 MiB, 269.39 W
2026/08/27 13:28:33.921, 1, 100 %, 39 %, 43990 MiB, 274.02 W
2026/08/27 13:28:34.612, 0, 100 %, 48 %, 45016 MiB, 269.60 W
2026/08/27 13:28:34.613, 1, 100 %, 39 %, 43990 MiB, 274.02 W
2026/08/27 13:28:35.273, 0, 100 %, 38 %, 45016 MiB, 260.68 W
2026/08/27 13:28:35.276, 1, 100 %, 39 %, 43990 MiB, 271.62 W
2026/08/27 13:28:35.963, 0, 100 %, 38 %, 45016 MiB, 260.68 W
2026/08/27 13:28:35.963, 1, 100 %, 42 %, 43990 MiB, 267.34 W
2026/08/27 13:28:36.633, 0, 100 %, 38 %, 45016 MiB, 264.28 W
2026/08/27 13:28:36.633, 1, 100 %, 42 %, 43990 MiB, 267.34 W
2026/08/27 13:28:37.349, 0, 100 %, 38 %, 45016 MiB, 253.03 W
2026/08/27 13:28:37.349, 1, 100 %, 41 %, 43990 MiB, 259.88 W
2026/08/27 13:28:38.040, 0, 100 %, 81 %, 45016 MiB, 253.03 W
2026/08/27 13:28:38.040, 1, 100 %, 42 %, 43990 MiB, 259.88 W
2026/08/27 13:28:38.693, 0, 100 %, 81 %, 45016 MiB, 269.37 W
2026/08/27 13:28:38.693, 1, 100 %, 42 %, 43990 MiB, 275.52 W
2026/08/27 13:28:39.407, 0, 100 %, 38 %, 45016 MiB, 269.78 W
2026/08/27 13:28:39.408, 1, 100 %, 38 %, 43990 MiB, 276.11 W
2026/08/27 13:28:40.041, 0, 100 %, 38 %, 45016 MiB, 269.78 W
2026/08/27 13:28:40.041, 1, 100 %, 38 %, 43990 MiB, 276.11 W
2026/08/27 13:28:40.722, 0, 100 %, 38 %, 45016 MiB, 256.97 W
2026/08/27 13:28:40.722, 1, 100 %, 38 %, 43990 MiB, 269.77 W
2026/08/27 13:28:41.321, 0, 100 %, 38 %, 45016 MiB, 251.12 W
2026/08/27 13:28:41.321, 1, 12 %, 1 %, 43990 MiB, 262.92 W
2026/08/27 13:28:42.010, 0, 100 %, 38 %, 45016 MiB, 249.64 W
2026/08/27 13:28:42.011, 1, 12 %, 1 %, 43990 MiB, 262.92 W
2026/08/27 13:28:42.745, 0, 100 %, 38 %, 45016 MiB, 270.53 W
2026/08/27 13:28:42.745, 1, 100 %, 43 %, 43990 MiB, 279.05 W
2026/08/27 13:28:43.395, 0, 53 %, 51 %, 45016 MiB, 270.44 W
2026/08/27 13:28:43.395, 1, 100 %, 43 %, 43990 MiB, 275.58 W
2026/08/27 13:28:44.074, 0, 100 %, 100 %, 45016 MiB, 270.44 W
2026/08/27 13:28:44.074, 1, 100 %, 43 %, 43990 MiB, 275.58 W
2026/08/27 13:28:44.772, 0, 100 %, 100 %, 45016 MiB, 262.83 W
2026/08/27 13:28:44.772, 1, 100 %, 43 %, 43990 MiB, 267.82 W
2026/08/27 13:28:45.411, 0, 100 %, 100 %, 45016 MiB, 254.17 W
2026/08/27 13:28:45.411, 1, 100 %, 43 %, 43990 MiB, 263.18 W
2026/08/27 13:28:46.092, 0, 100 %, 42 %, 45016 MiB, 254.17 W
2026/08/27 13:28:46.092, 1, 100 %, 50 %, 43990 MiB, 259.46 W
2026/08/27 13:28:46.761, 0, 100 %, 42 %, 45016 MiB, 271.21 W
2026/08/27 13:28:46.762, 1, 100 %, 43 %, 43990 MiB, 259.46 W
2026/08/27 13:28:47.434, 0, 100 %, 38 %, 45016 MiB, 271.33 W
2026/08/27 13:28:47.434, 1, 100 %, 43 %, 43990 MiB, 274.36 W
2026/08/27 13:28:48.142, 0, 100 %, 38 %, 45016 MiB, 269.22 W
2026/08/27 13:28:48.143, 1, 100 %, 38 %, 43990 MiB, 276.63 W
2026/08/27 13:28:48.811, 0, 100 %, 38 %, 45016 MiB, 263.06 W
2026/08/27 13:28:48.811, 1, 100 %, 38 %, 43990 MiB, 276.63 W
2026/08/27 13:28:49.539, 0, 100 %, 38 %, 45016 MiB, 262.32 W
2026/08/27 13:28:49.539, 1, 100 %, 38 %, 43990 MiB, 270.26 W
2026/08/27 13:28:50.106, 0, 13 %, 1 %, 45016 MiB, 245.61 W
2026/08/27 13:28:50.107, 1, 0 %, 0 %, 43990 MiB, 262.38 W
2026/08/27 13:28:50.791, 0, 70 %, 20 %, 45016 MiB, 245.61 W
2026/08/27 13:28:50.793, 1, 0 %, 0 %, 43990 MiB, 262.38 W
2026/08/27 13:28:51.538, 0, 70 %, 20 %, 45016 MiB, 273.06 W
2026/08/27 13:28:51.539, 1, 100 %, 43 %, 43990 MiB, 279.85 W
2026/08/27 13:28:52.211, 0, 70 %, 20 %, 45016 MiB, 276.08 W
2026/08/27 13:28:52.211, 1, 100 %, 42 %, 43990 MiB, 279.57 W
2026/08/27 13:28:52.884, 0, 100 %, 41 %, 45016 MiB, 276.08 W
2026/08/27 13:28:52.888, 1, 100 %, 42 %, 43990 MiB, 279.57 W
2026/08/27 13:28:53.601, 0, 100 %, 41 %, 45016 MiB, 260.58 W
2026/08/27 13:28:53.601, 1, 100 %, 42 %, 43990 MiB, 271.06 W
2026/08/27 13:28:54.272, 0, 100 %, 100 %, 45016 MiB, 252.19 W
2026/08/27 13:28:54.272, 1, 100 %, 85 %, 43990 MiB, 260.65 W
2026/08/27 13:28:54.986, 0, 100 %, 100 %, 45016 MiB, 252.19 W
2026/08/27 13:28:54.986, 1, 100 %, 85 %, 43990 MiB, 260.65 W
2026/08/27 13:28:55.688, 0, 100 %, 44 %, 45016 MiB, 270.63 W
2026/08/27 13:28:55.690, 1, 100 %, 43 %, 43990 MiB, 274.74 W
2026/08/27 13:28:56.346, 0, 100 %, 43 %, 45016 MiB, 267.52 W
2026/08/27 13:28:56.347, 1, 100 %, 58 %, 43990 MiB, 274.74 W
2026/08/27 13:28:57.065, 0, 100 %, 43 %, 45016 MiB, 270.89 W
2026/08/27 13:28:57.066, 1, 100 %, 58 %, 43990 MiB, 276.00 W
2026/08/27 13:28:57.689, 0, 100 %, 43 %, 45016 MiB, 270.14 W
2026/08/27 13:28:57.689, 1, 100 %, 51 %, 43990 MiB, 271.76 W
2026/08/27 13:28:58.381, 0, 100 %, 39 %, 45016 MiB, 257.99 W
2026/08/27 13:28:58.382, 1, 100 %, 51 %, 43990 MiB, 271.76 W
2026/08/27 13:28:59.022, 0, 100 %, 39 %, 45016 MiB, 257.99 W
2026/08/27 13:28:59.023, 1, 100 %, 51 %, 43990 MiB, 260.33 W
2026/08/27 13:28:59.677, 0, 100 %, 38 %, 45016 MiB, 270.78 W
2026/08/27 13:28:59.678, 1, 100 %, 38 %, 43990 MiB, 271.93 W
2026/08/27 13:29:00.389, 0, 100 %, 38 %, 45016 MiB, 270.78 W
2026/08/27 13:29:00.389, 1, 100 %, 38 %, 43990 MiB, 271.93 W
2026/08/27 13:29:01.072, 0, 100 %, 44 %, 45016 MiB, 269.65 W
2026/08/27 13:29:01.073, 1, 100 %, 38 %, 43990 MiB, 275.99 W
2026/08/27 13:29:01.732, 0, 100 %, 44 %, 45016 MiB, 261.26 W
2026/08/27 13:29:01.734, 1, 100 %, 38 %, 43990 MiB, 275.39 W
2026/08/27 13:29:02.434, 0, 99 %, 34 %, 45016 MiB, 261.26 W
2026/08/27 13:29:02.435, 1, 100 %, 38 %, 43990 MiB, 275.39 W
2026/08/27 13:29:03.102, 0, 99 %, 34 %, 45016 MiB, 264.18 W
2026/08/27 13:29:03.102, 1, 100 %, 38 %, 43990 MiB, 260.35 W
2026/08/27 13:29:03.818, 0, 100 %, 49 %, 45016 MiB, 252.17 W
2026/08/27 13:29:03.820, 1, 100 %, 41 %, 43990 MiB, 258.11 W
2026/08/27 13:29:04.532, 0, 100 %, 49 %, 45016 MiB, 271.27 W
2026/08/27 13:29:04.532, 1, 100 %, 41 %, 43990 MiB, 258.11 W
2026/08/27 13:29:05.163, 0, 100 %, 36 %, 45016 MiB, 240.46 W
2026/08/27 13:29:05.163, 1, 100 %, 41 %, 43990 MiB, 276.58 W
2026/08/27 13:29:05.698, 0, 100 %, 36 %, 45016 MiB, 232.88 W
2026/08/27 13:29:05.698, 1, 100 %, 44 %, 43990 MiB, 238.51 W
2026/08/27 13:29:06.356, 0, 100 %, 38 %, 45016 MiB, 232.88 W
2026/08/27 13:29:06.356, 1, 100 %, 69 %, 43990 MiB, 238.51 W
2026/08/27 13:29:07.056, 0, 100 %, 50 %, 45016 MiB, 260.54 W
2026/08/27 13:29:07.057, 1, 100 %, 69 %, 43990 MiB, 268.35 W
2026/08/27 13:29:07.743, 0, 100 %, 43 %, 45016 MiB, 260.05 W
2026/08/27 13:29:07.743, 1, 66 %, 19 %, 43990 MiB, 263.94 W
2026/08/27 13:29:08.449, 0, 100 %, 43 %, 45016 MiB, 250.28 W
2026/08/27 13:29:08.450, 1, 66 %, 19 %, 43990 MiB, 263.94 W
2026/08/27 13:29:09.141, 0, 100 %, 38 %, 45016 MiB, 272.71 W
2026/08/27 13:29:09.141, 1, 66 %, 19 %, 43990 MiB, 283.02 W
2026/08/27 13:29:09.776, 0, 100 %, 38 %, 45016 MiB, 272.71 W
2026/08/27 13:29:09.776, 1, 100 %, 38 %, 43990 MiB, 276.20 W
2026/08/27 13:29:10.485, 0, 100 %, 40 %, 45016 MiB, 269.28 W
2026/08/27 13:29:10.486, 1, 100 %, 38 %, 43990 MiB, 276.20 W
2026/08/27 13:29:11.136, 0, 100 %, 42 %, 45016 MiB, 269.28 W
2026/08/27 13:29:11.137, 1, 100 %, 38 %, 43990 MiB, 268.22 W
2026/08/27 13:29:11.821, 0, 100 %, 42 %, 45016 MiB, 269.28 W
2026/08/27 13:29:11.821, 1, 100 %, 38 %, 43990 MiB, 268.42 W
2026/08/27 13:29:12.434, 0, 100 %, 42 %, 45016 MiB, 253.10 W
2026/08/27 13:29:12.434, 1, 100 %, 43 %, 43990 MiB, 268.42 W
2026/08/27 13:29:13.093, 0, 100 %, 42 %, 45016 MiB, 269.23 W
2026/08/27 13:29:13.093, 1, 100 %, 43 %, 43990 MiB, 276.98 W
2026/08/27 13:29:13.820, 0, 100 %, 43 %, 45016 MiB, 269.23 W
2026/08/27 13:29:13.820, 1, 100 %, 37 %, 43990 MiB, 278.45 W
2026/08/27 13:29:14.507, 0, 100 %, 43 %, 45016 MiB, 270.22 W
2026/08/27 13:29:14.507, 1, 100 %, 37 %, 43990 MiB, 278.45 W
2026/08/27 13:29:15.166, 0, 100 %, 38 %, 45016 MiB, 269.91 W
2026/08/27 13:29:15.166, 1, 100 %, 37 %, 43990 MiB, 268.78 W
2026/08/27 13:29:15.863, 0, 100 %, 38 %, 45016 MiB, 262.64 W
2026/08/27 13:29:15.864, 1, 100 %, 48 %, 43990 MiB, 268.24 W
2026/08/27 13:29:16.532, 0, 100 %, 69 %, 45016 MiB, 251.62 W
2026/08/27 13:29:16.532, 1, 0 %, 0 %, 43990 MiB, 268.24 W
2026/08/27 13:29:17.220, 0, 100 %, 38 %, 45016 MiB, 251.62 W
2026/08/27 13:29:17.220, 1, 0 %, 0 %, 43990 MiB, 256.54 W
2026/08/27 13:29:17.908, 0, 100 %, 38 %, 45016 MiB, 271.45 W
2026/08/27 13:29:17.908, 1, 100 %, 39 %, 43990 MiB, 280.94 W
2026/08/27 13:29:18.558, 0, 100 %, 38 %, 45016 MiB, 270.22 W
2026/08/27 13:29:18.558, 1, 100 %, 39 %, 43990 MiB, 280.94 W
2026/08/27 13:29:19.270, 0, 100 %, 38 %, 45016 MiB, 268.18 W
2026/08/27 13:29:19.270, 1, 100 %, 39 %, 43990 MiB, 276.00 W
2026/08/27 13:29:19.905, 0, 47 %, 52 %, 45016 MiB, 262.07 W
2026/08/27 13:29:19.905, 1, 34 %, 1 %, 43990 MiB, 269.71 W
2026/08/27 13:29:20.582, 0, 47 %, 52 %, 45016 MiB, 262.82 W
2026/08/27 13:29:20.583, 1, 100 %, 38 %, 43990 MiB, 269.71 W
2026/08/27 13:29:21.209, 0, 0 %, 0 %, 45016 MiB, 262.82 W
2026/08/27 13:29:21.209, 1, 100 %, 38 %, 43990 MiB, 258.09 W
2026/08/27 13:29:21.899, 0, 0 %, 0 %, 45016 MiB, 262.82 W
2026/08/27 13:29:21.899, 1, 82 %, 92 %, 43990 MiB, 262.51 W
2026/08/27 13:29:22.628, 0, 100 %, 49 %, 45016 MiB, 273.23 W
2026/08/27 13:29:22.628, 1, 82 %, 92 %, 43990 MiB, 262.51 W
2026/08/27 13:29:23.297, 0, 100 %, 49 %, 45016 MiB, 273.23 W
2026/08/27 13:29:23.297, 1, 82 %, 92 %, 43990 MiB, 276.25 W
2026/08/27 13:29:23.992, 0, 100 %, 49 %, 45016 MiB, 268.58 W
2026/08/27 13:29:23.993, 1, 100 %, 100 %, 43990 MiB, 275.21 W
2026/08/27 13:29:24.705, 0, 100 %, 43 %, 45016 MiB, 262.53 W
2026/08/27 13:29:24.705, 1, 100 %, 100 %, 43990 MiB, 275.21 W
2026/08/27 13:29:25.381, 0, 100 %, 43 %, 45016 MiB, 259.77 W
2026/08/27 13:29:25.381, 1, 100 %, 43 %, 43990 MiB, 258.58 W
2026/08/27 13:29:26.104, 0, 100 %, 42 %, 45016 MiB, 256.59 W
2026/08/27 13:29:26.105, 1, 100 %, 43 %, 43990 MiB, 258.58 W
2026/08/27 13:29:26.815, 0, 100 %, 42 %, 45016 MiB, 256.59 W
2026/08/27 13:29:26.815, 1, 100 %, 43 %, 43990 MiB, 279.53 W
2026/08/27 13:29:27.448, 0, 100 %, 42 %, 45016 MiB, 271.94 W
2026/08/27 13:29:27.448, 1, 100 %, 83 %, 43990 MiB, 277.49 W
2026/08/27 13:29:28.148, 0, 100 %, 40 %, 45016 MiB, 270.84 W
2026/08/27 13:29:28.148, 1, 100 %, 38 %, 43990 MiB, 277.49 W
2026/08/27 13:29:28.773, 0, 100 %, 50 %, 45016 MiB, 270.84 W
2026/08/27 13:29:28.774, 1, 100 %, 38 %, 43990 MiB, 277.49 W
2026/08/27 13:29:29.455, 0, 100 %, 50 %, 45016 MiB, 270.84 W
2026/08/27 13:29:29.455, 1, 100 %, 38 %, 43990 MiB, 271.58 W
2026/08/27 13:29:30.096, 0, 100 %, 50 %, 45016 MiB, 251.79 W
2026/08/27 13:29:30.096, 1, 99 %, 39 %, 43990 MiB, 257.93 W
2026/08/27 13:29:30.758, 0, 100 %, 44 %, 45016 MiB, 255.61 W
2026/08/27 13:29:30.758, 1, 99 %, 39 %, 43990 MiB, 257.93 W
2026/08/27 13:29:31.486, 0, 100 %, 44 %, 45016 MiB, 272.14 W
2026/08/27 13:29:31.486, 1, 100 %, 40 %, 43990 MiB, 279.26 W
2026/08/27 13:29:32.175, 0, 100 %, 44 %, 45016 MiB, 269.18 W
2026/08/27 13:29:32.177, 1, 100 %, 49 %, 43990 MiB, 276.23 W
2026/08/27 13:29:32.839, 0, 100 %, 39 %, 45016 MiB, 269.18 W
2026/08/27 13:29:32.839, 1, 100 %, 49 %, 43990 MiB, 276.23 W
2026/08/27 13:29:33.532, 0, 100 %, 51 %, 45016 MiB, 261.32 W
2026/08/27 13:29:33.532, 1, 100 %, 49 %, 43990 MiB, 269.49 W
2026/08/27 13:29:34.194, 0, 100 %, 43 %, 45016 MiB, 261.32 W
2026/08/27 13:29:34.195, 1, 100 %, 89 %, 43990 MiB, 257.90 W
2026/08/27 13:29:34.914, 0, 100 %, 43 %, 45016 MiB, 261.32 W
2026/08/27 13:29:34.916, 1, 100 %, 89 %, 43990 MiB, 257.90 W
2026/08/27 13:29:35.631, 0, 100 %, 43 %, 45016 MiB, 271.69 W
2026/08/27 13:29:35.631, 1, 100 %, 44 %, 43990 MiB, 282.38 W
2026/08/27 13:29:36.264, 0, 100 %, 43 %, 45016 MiB, 271.69 W
2026/08/27 13:29:36.264, 1, 92 %, 31 %, 43990 MiB, 272.77 W
2026/08/27 13:29:36.958, 0, 100 %, 43 %, 45016 MiB, 270.01 W
2026/08/27 13:29:36.959, 1, 92 %, 31 %, 43990 MiB, 272.77 W
2026/08/27 13:29:37.603, 0, 100 %, 43 %, 45016 MiB, 259.71 W
2026/08/27 13:29:37.603, 1, 92 %, 31 %, 43990 MiB, 265.65 W
2026/08/27 13:29:38.294, 0, 100 %, 39 %, 45016 MiB, 259.71 W
2026/08/27 13:29:38.294, 1, 100 %, 71 %, 43990 MiB, 263.45 W
2026/08/27 13:29:38.972, 0, 100 %, 44 %, 45016 MiB, 248.90 W
2026/08/27 13:29:38.973, 1, 100 %, 71 %, 43990 MiB, 263.45 W
2026/08/27 13:29:39.617, 0, 100 %, 44 %, 45016 MiB, 270.84 W
2026/08/27 13:29:39.617, 1, 100 %, 44 %, 43990 MiB, 274.05 W
2026/08/27 13:29:40.335, 0, 100 %, 48 %, 45016 MiB, 270.84 W
2026/08/27 13:29:40.335, 1, 100 %, 44 %, 43990 MiB, 274.05 W
2026/08/27 13:29:41.015, 0, 100 %, 48 %, 45016 MiB, 272.25 W
2026/08/27 13:29:41.015, 1, 100 %, 44 %, 43990 MiB, 274.05 W
2026/08/27 13:29:41.675, 0, 100 %, 38 %, 45016 MiB, 267.05 W
2026/08/27 13:29:41.675, 1, 100 %, 38 %, 43990 MiB, 272.01 W
2026/08/27 13:29:42.366, 0, 100 %, 38 %, 45016 MiB, 261.45 W
2026/08/27 13:29:42.366, 1, 100 %, 38 %, 43990 MiB, 269.45 W
2026/08/27 13:29:43.042, 0, 41 %, 45 %, 45016 MiB, 252.05 W
2026/08/27 13:29:43.043, 1, 100 %, 38 %, 43990 MiB, 269.45 W
2026/08/27 13:29:43.761, 0, 41 %, 45 %, 45016 MiB, 252.05 W
2026/08/27 13:29:43.762, 1, 100 %, 38 %, 43990 MiB, 270.77 W
2026/08/27 13:29:44.486, 0, 100 %, 51 %, 45016 MiB, 273.69 W
2026/08/27 13:29:44.487, 1, 100 %, 44 %, 43990 MiB, 283.92 W
2026/08/27 13:29:45.129, 0, 100 %, 42 %, 45016 MiB, 265.82 W
2026/08/27 13:29:45.130, 1, 80 %, 90 %, 43990 MiB, 283.92 W
2026/08/27 13:29:45.848, 0, 100 %, 42 %, 45016 MiB, 265.82 W
2026/08/27 13:29:45.848, 1, 80 %, 90 %, 43990 MiB, 271.78 W
2026/08/27 13:29:46.474, 0, 100 %, 42 %, 45016 MiB, 258.73 W
2026/08/27 13:29:46.475, 1, 100 %, 48 %, 43990 MiB, 267.54 W
2026/08/27 13:29:47.137, 0, 100 %, 38 %, 45016 MiB, 262.86 W
2026/08/27 13:29:47.137, 1, 100 %, 48 %, 43990 MiB, 267.54 W
2026/08/27 13:29:47.784, 0, 100 %, 38 %, 45016 MiB, 262.86 W
2026/08/27 13:29:47.784, 1, 100 %, 48 %, 43990 MiB, 259.17 W
2026/08/27 13:29:48.449, 0, 100 %, 38 %, 45016 MiB, 253.84 W
2026/08/27 13:29:48.450, 1, 99 %, 36 %, 43990 MiB, 273.17 W
2026/08/27 13:29:49.158, 0, 100 %, 39 %, 45016 MiB, 271.60 W
2026/08/27 13:29:49.158, 1, 99 %, 36 %, 43990 MiB, 273.17 W
2026/08/27 13:29:49.856, 0, 100 %, 39 %, 45016 MiB, 271.60 W
2026/08/27 13:29:49.856, 1, 100 %, 39 %, 43990 MiB, 278.41 W
2026/08/27 13:29:50.519, 0, 100 %, 39 %, 45016 MiB, 262.12 W
2026/08/27 13:29:50.520, 1, 100 %, 39 %, 43990 MiB, 278.41 W
2026/08/27 13:29:51.205, 0, 100 %, 43 %, 45016 MiB, 262.12 W
2026/08/27 13:29:51.205, 1, 100 %, 39 %, 43990 MiB, 278.41 W
2026/08/27 13:29:51.876, 0, 100 %, 43 %, 45016 MiB, 257.73 W
2026/08/27 13:29:51.876, 1, 0 %, 0 %, 43990 MiB, 259.49 W
2026/08/27 13:29:52.600, 0, 100 %, 40 %, 45016 MiB, 257.79 W
2026/08/27 13:29:52.602, 1, 100 %, 38 %, 43990 MiB, 259.49 W
2026/08/27 13:29:53.337, 0, 100 %, 40 %, 45016 MiB, 257.79 W
2026/08/27 13:29:53.337, 1, 100 %, 38 %, 43990 MiB, 275.96 W
2026/08/27 13:29:54.008, 0, 86 %, 94 %, 45016 MiB, 270.78 W
2026/08/27 13:29:54.008, 1, 99 %, 49 %, 43990 MiB, 270.18 W
2026/08/27 13:29:54.714, 0, 86 %, 94 %, 45016 MiB, 266.82 W
2026/08/27 13:29:54.714, 1, 99 %, 49 %, 43990 MiB, 270.18 W
2026/08/27 13:29:55.383, 0, 56 %, 61 %, 45016 MiB, 266.82 W
2026/08/27 13:29:55.383, 1, 100 %, 40 %, 43990 MiB, 269.75 W
2026/08/27 13:29:56.060, 0, 100 %, 58 %, 45016 MiB, 252.20 W
2026/08/27 13:29:56.061, 1, 100 %, 40 %, 43990 MiB, 269.75 W
2026/08/27 13:29:56.685, 0, 100 %, 38 %, 45016 MiB, 252.20 W
2026/08/27 13:29:56.685, 1, 100 %, 40 %, 43990 MiB, 269.75 W
2026/08/27 13:29:57.374, 0, 100 %, 38 %, 45016 MiB, 270.00 W
2026/08/27 13:29:57.375, 1, 71 %, 79 %, 43990 MiB, 278.32 W
2026/08/27 13:29:58.076, 0, 100 %, 38 %, 45016 MiB, 268.58 W
2026/08/27 13:29:58.078, 1, 100 %, 38 %, 43990 MiB, 278.32 W
2026/08/27 13:29:58.806, 0, 63 %, 17 %, 45016 MiB, 268.58 W
2026/08/27 13:29:58.807, 1, 100 %, 38 %, 43990 MiB, 275.71 W
2026/08/27 13:29:59.449, 0, 63 %, 17 %, 45016 MiB, 264.92 W
2026/08/27 13:29:59.449, 1, 100 %, 42 %, 43990 MiB, 265.92 W
2026/08/27 13:30:00.150, 0, 100 %, 50 %, 45016 MiB, 261.36 W
2026/08/27 13:30:00.150, 1, 100 %, 42 %, 43990 MiB, 265.92 W
2026/08/27 13:30:00.756, 0, 100 %, 50 %, 45016 MiB, 261.36 W
2026/08/27 13:30:00.756, 1, 100 %, 42 %, 43990 MiB, 265.92 W
2026/08/27 13:30:01.446, 0, 100 %, 50 %, 45016 MiB, 261.36 W
2026/08/27 13:30:01.446, 1, 100 %, 38 %, 43990 MiB, 266.05 W
2026/08/27 13:30:02.173, 0, 100 %, 50 %, 45016 MiB, 270.79 W
2026/08/27 13:30:02.173, 1, 100 %, 42 %, 43990 MiB, 266.05 W
2026/08/27 13:30:02.828, 0, 100 %, 48 %, 45016 MiB, 270.79 W
2026/08/27 13:30:02.828, 1, 100 %, 42 %, 43990 MiB, 266.05 W
2026/08/27 13:30:03.534, 0, 100 %, 48 %, 45016 MiB, 270.79 W
2026/08/27 13:30:03.534, 1, 100 %, 100 %, 43990 MiB, 276.70 W
2026/08/27 13:30:04.205, 0, 100 %, 48 %, 45016 MiB, 262.11 W
2026/08/27 13:30:04.206, 1, 100 %, 100 %, 43990 MiB, 276.70 W
2026/08/27 13:30:04.852, 0, 0 %, 0 %, 45016 MiB, 261.39 W
2026/08/27 13:30:04.852, 1, 100 %, 100 %, 43990 MiB, 268.22 W
2026/08/27 13:30:05.478, 0, 0 %, 0 %, 45016 MiB, 249.00 W
2026/08/27 13:30:05.478, 1, 100 %, 43 %, 43990 MiB, 254.98 W
2026/08/27 13:30:06.119, 0, 0 %, 0 %, 45016 MiB, 252.07 W
2026/08/27 13:30:06.119, 1, 100 %, 100 %, 43990 MiB, 254.98 W
2026/08/27 13:30:06.835, 0, 100 %, 43 %, 45016 MiB, 268.77 W
2026/08/27 13:30:06.835, 1, 100 %, 100 %, 43990 MiB, 276.36 W
2026/08/27 13:30:07.513, 0, 100 %, 43 %, 45016 MiB, 268.77 W
2026/08/27 13:30:07.514, 1, 100 %, 51 %, 43990 MiB, 277.16 W
2026/08/27 13:30:08.164, 0, 100 %, 38 %, 45016 MiB, 264.17 W
2026/08/27 13:30:08.165, 1, 100 %, 51 %, 43990 MiB, 277.16 W
2026/08/27 13:30:08.839, 0, 100 %, 38 %, 45016 MiB, 264.17 W
2026/08/27 13:30:08.839, 1, 100 %, 51 %, 43990 MiB, 269.89 W
2026/08/27 13:30:09.497, 0, 0 %, 0 %, 45016 MiB, 264.99 W
2026/08/27 13:30:09.497, 1, 100 %, 43 %, 43990 MiB, 261.86 W
2026/08/27 13:30:10.214, 0, 100 %, 52 %, 45016 MiB, 244.95 W
2026/08/27 13:30:10.218, 1, 100 %, 43 %, 43990 MiB, 261.86 W
2026/08/27 13:30:10.937, 0, 100 %, 52 %, 45016 MiB, 270.38 W
2026/08/27 13:30:10.937, 1, 100 %, 43 %, 43990 MiB, 278.32 W
2026/08/27 13:30:11.583, 0, 100 %, 52 %, 45016 MiB, 270.88 W
2026/08/27 13:30:11.583, 1, 100 %, 38 %, 43990 MiB, 270.36 W
2026/08/27 13:30:12.287, 0, 100 %, 50 %, 45016 MiB, 269.26 W
2026/08/27 13:30:12.288, 1, 100 %, 38 %, 43990 MiB, 270.36 W
2026/08/27 13:30:12.930, 0, 100 %, 50 %, 45016 MiB, 269.26 W
2026/08/27 13:30:12.930, 1, 100 %, 44 %, 43990 MiB, 270.22 W
2026/08/27 13:30:13.595, 0, 100 %, 50 %, 45016 MiB, 259.15 W
2026/08/27 13:30:13.595, 1, 100 %, 39 %, 43990 MiB, 270.22 W
2026/08/27 13:30:14.219, 0, 100 %, 42 %, 45016 MiB, 250.01 W
2026/08/27 13:30:14.219, 1, 100 %, 39 %, 43990 MiB, 270.22 W
2026/08/27 13:30:14.865, 0, 100 %, 39 %, 45016 MiB, 250.01 W
2026/08/27 13:30:14.865, 1, 100 %, 48 %, 43990 MiB, 276.70 W
2026/08/27 13:30:15.581, 0, 100 %, 39 %, 45016 MiB, 268.80 W
2026/08/27 13:30:15.582, 1, 100 %, 48 %, 43990 MiB, 276.70 W
2026/08/27 13:30:16.237, 0, 50 %, 55 %, 45016 MiB, 268.80 W
2026/08/27 13:30:16.238, 1, 100 %, 48 %, 43990 MiB, 276.70 W
2026/08/27 13:30:16.904, 0, 50 %, 55 %, 45016 MiB, 268.80 W
2026/08/27 13:30:16.904, 1, 100 %, 38 %, 43990 MiB, 273.36 W
2026/08/27 13:30:17.597, 0, 100 %, 49 %, 45016 MiB, 261.72 W
2026/08/27 13:30:17.597, 1, 100 %, 39 %, 43990 MiB, 269.46 W
2026/08/27 13:30:18.283, 0, 100 %, 43 %, 45016 MiB, 264.60 W
2026/08/27 13:30:18.283, 1, 100 %, 39 %, 43990 MiB, 269.46 W
2026/08/27 13:30:18.986, 0, 100 %, 43 %, 45016 MiB, 264.60 W
2026/08/27 13:30:18.986, 1, 100 %, 40 %, 43990 MiB, 257.68 W
2026/08/27 13:30:19.684, 0, 100 %, 43 %, 45016 MiB, 270.63 W
2026/08/27 13:30:19.685, 1, 100 %, 40 %, 43990 MiB, 257.68 W
2026/08/27 13:30:20.353, 0, 100 %, 63 %, 45016 MiB, 270.63 W
2026/08/27 13:30:20.353, 1, 100 %, 40 %, 43990 MiB, 276.81 W
2026/08/27 13:30:21.055, 0, 100 %, 63 %, 45016 MiB, 265.26 W
2026/08/27 13:30:21.056, 1, 100 %, 43 %, 43990 MiB, 278.17 W
2026/08/27 13:30:21.676, 0, 14 %, 15 %, 45016 MiB, 259.31 W
2026/08/27 13:30:21.678, 1, 100 %, 42 %, 43990 MiB, 278.17 W
2026/08/27 13:30:22.358, 0, 31 %, 34 %, 45016 MiB, 259.31 W
2026/08/27 13:30:22.358, 1, 100 %, 42 %, 43990 MiB, 273.01 W
2026/08/27 13:30:23.013, 0, 31 %, 34 %, 45016 MiB, 259.31 W
2026/08/27 13:30:23.013, 1, 100 %, 49 %, 43990 MiB, 261.88 W
2026/08/27 13:30:23.696, 0, 100 %, 38 %, 45016 MiB, 251.04 W
2026/08/27 13:30:23.697, 1, 100 %, 49 %, 43990 MiB, 261.88 W
2026/08/27 13:30:24.405, 0, 100 %, 38 %, 45016 MiB, 271.58 W
2026/08/27 13:30:24.411, 1, 100 %, 49 %, 43990 MiB, 280.43 W
2026/08/27 13:30:25.095, 0, 100 %, 38 %, 45016 MiB, 270.75 W
2026/08/27 13:30:25.095, 1, 87 %, 27 %, 43990 MiB, 276.23 W
2026/08/27 13:30:25.740, 0, 99 %, 33 %, 45016 MiB, 264.26 W
2026/08/27 13:30:25.740, 1, 87 %, 27 %, 43990 MiB, 276.23 W
2026/08/27 13:30:26.413, 0, 99 %, 33 %, 45016 MiB, 264.26 W
2026/08/27 13:30:26.413, 1, 87 %, 27 %, 43990 MiB, 268.45 W
2026/08/27 13:30:27.079, 0, 99 %, 33 %, 45016 MiB, 262.66 W
2026/08/27 13:30:27.079, 1, 55 %, 62 %, 43990 MiB, 256.11 W
2026/08/27 13:30:27.789, 0, 100 %, 50 %, 45016 MiB, 247.89 W
2026/08/27 13:30:27.789, 1, 100 %, 38 %, 43990 MiB, 256.11 W
2026/08/27 13:30:28.491, 0, 100 %, 50 %, 45016 MiB, 270.94 W
2026/08/27 13:30:28.491, 1, 100 %, 38 %, 43990 MiB, 276.41 W
2026/08/27 13:30:29.128, 0, 100 %, 38 %, 45016 MiB, 268.91 W
2026/08/27 13:30:29.130, 1, 59 %, 16 %, 43990 MiB, 273.05 W
2026/08/27 13:30:29.841, 0, 100 %, 38 %, 45016 MiB, 268.91 W
2026/08/27 13:30:29.842, 1, 59 %, 16 %, 43990 MiB, 273.05 W
2026/08/27 13:30:30.466, 0, 100 %, 38 %, 45016 MiB, 265.75 W
2026/08/27 13:30:30.466, 1, 59 %, 16 %, 43990 MiB, 271.30 W
2026/08/27 13:30:31.176, 0, 100 %, 38 %, 45016 MiB, 263.21 W
2026/08/27 13:30:31.176, 1, 100 %, 53 %, 43990 MiB, 269.81 W
2026/08/27 13:30:31.821, 0, 100 %, 43 %, 45016 MiB, 263.21 W
2026/08/27 13:30:31.822, 1, 100 %, 53 %, 43990 MiB, 269.81 W
2026/08/27 13:30:32.462, 0, 100 %, 43 %, 45016 MiB, 250.07 W
2026/08/27 13:30:32.465, 1, 100 %, 53 %, 43990 MiB, 276.33 W
2026/08/27 13:30:33.182, 0, 100 %, 38 %, 45016 MiB, 269.11 W
2026/08/27 13:30:33.182, 1, 100 %, 50 %, 43990 MiB, 275.88 W
2026/08/27 13:30:33.851, 0, 100 %, 38 %, 45016 MiB, 267.74 W
2026/08/27 13:30:33.852, 1, 100 %, 42 %, 43990 MiB, 275.88 W
2026/08/27 13:30:34.517, 0, 100 %, 38 %, 45016 MiB, 263.09 W
2026/08/27 13:30:34.517, 1, 100 %, 42 %, 43990 MiB, 278.04 W
2026/08/27 13:30:35.208, 0, 100 %, 47 %, 45016 MiB, 263.09 W
2026/08/27 13:30:35.209, 1, 100 %, 42 %, 43990 MiB, 269.33 W
2026/08/27 13:30:35.868, 0, 100 %, 47 %, 45016 MiB, 265.20 W
2026/08/27 13:30:35.868, 1, 100 %, 38 %, 43990 MiB, 268.35 W
2026/08/27 13:30:36.569, 0, 100 %, 42 %, 45016 MiB, 254.02 W
2026/08/27 13:30:36.569, 1, 100 %, 38 %, 43990 MiB, 268.35 W
2026/08/27 13:30:37.263, 0, 100 %, 42 %, 45016 MiB, 254.02 W
2026/08/27 13:30:37.263, 1, 100 %, 38 %, 43990 MiB, 278.87 W
2026/08/27 13:30:37.922, 0, 100 %, 42 %, 45016 MiB, 272.35 W
2026/08/27 13:30:37.923, 1, 100 %, 38 %, 43990 MiB, 274.94 W
2026/08/27 13:30:38.631, 0, 100 %, 49 %, 45016 MiB, 269.43 W
2026/08/27 13:30:38.632, 1, 100 %, 38 %, 43990 MiB, 274.94 W
2026/08/27 13:30:39.270, 0, 100 %, 49 %, 45016 MiB, 269.43 W
2026/08/27 13:30:39.271, 1, 100 %, 38 %, 43990 MiB, 269.09 W
2026/08/27 13:30:39.979, 0, 100 %, 38 %, 45016 MiB, 262.94 W
2026/08/27 13:30:39.980, 1, 100 %, 38 %, 43990 MiB, 269.19 W
2026/08/27 13:30:40.611, 0, 100 %, 42 %, 45016 MiB, 262.94 W
2026/08/27 13:30:40.611, 1, 100 %, 44 %, 43990 MiB, 269.19 W
2026/08/27 13:30:41.274, 0, 100 %, 42 %, 45016 MiB, 262.94 W
2026/08/27 13:30:41.274, 1, 100 %, 44 %, 43990 MiB, 278.52 W
2026/08/27 13:30:41.996, 0, 100 %, 38 %, 45016 MiB, 272.23 W
2026/08/27 13:30:41.996, 1, 100 %, 38 %, 43990 MiB, 279.40 W
2026/08/27 13:30:42.648, 0, 100 %, 38 %, 45016 MiB, 272.23 W
2026/08/27 13:30:42.649, 1, 100 %, 38 %, 43990 MiB, 279.40 W
2026/08/27 13:30:43.325, 0, 100 %, 38 %, 45016 MiB, 269.48 W
2026/08/27 13:30:43.325, 1, 100 %, 38 %, 43990 MiB, 277.29 W
2026/08/27 13:30:44.022, 0, 100 %, 38 %, 45016 MiB, 266.21 W
2026/08/27 13:30:44.022, 1, 100 %, 50 %, 43990 MiB, 271.19 W
2026/08/27 13:30:44.713, 0, 100 %, 40 %, 45016 MiB, 266.21 W
2026/08/27 13:30:44.714, 1, 0 %, 0 %, 43990 MiB, 271.19 W
2026/08/27 13:30:45.429, 0, 100 %, 40 %, 45016 MiB, 250.13 W
2026/08/27 13:30:45.429, 1, 0 %, 0 %, 43990 MiB, 263.90 W
2026/08/27 13:30:46.128, 0, 99 %, 48 %, 45016 MiB, 267.48 W
2026/08/27 13:30:46.129, 1, 100 %, 39 %, 43990 MiB, 281.94 W
2026/08/27 13:30:46.764, 0, 99 %, 48 %, 45016 MiB, 267.48 W
2026/08/27 13:30:46.764, 1, 100 %, 39 %, 43990 MiB, 281.94 W
2026/08/27 13:30:47.478, 0, 100 %, 44 %, 45016 MiB, 271.58 W
2026/08/27 13:30:47.478, 1, 100 %, 39 %, 43990 MiB, 277.88 W
2026/08/27 13:30:48.138, 0, 100 %, 44 %, 45016 MiB, 271.58 W
2026/08/27 13:30:48.138, 1, 100 %, 49 %, 43990 MiB, 270.18 W
2026/08/27 13:30:48.829, 0, 100 %, 44 %, 45016 MiB, 258.25 W
2026/08/27 13:30:48.829, 1, 100 %, 52 %, 43990 MiB, 270.18 W
2026/08/27 13:30:49.496, 0, 86 %, 27 %, 45016 MiB, 258.25 W
2026/08/27 13:30:49.497, 1, 100 %, 52 %, 43990 MiB, 270.18 W
2026/08/27 13:30:50.142, 0, 86 %, 27 %, 45016 MiB, 258.25 W
2026/08/27 13:30:50.142, 1, 100 %, 43 %, 43990 MiB, 279.62 W
2026/08/27 13:30:50.849, 0, 86 %, 27 %, 45016 MiB, 268.61 W
2026/08/27 13:30:50.852, 1, 100 %, 43 %, 43990 MiB, 279.62 W
2026/08/27 13:30:51.528, 0, 92 %, 100 %, 45016 MiB, 268.61 W
2026/08/27 13:30:51.529, 1, 100 %, 43 %, 43990 MiB, 279.62 W
2026/08/27 13:30:52.175, 0, 92 %, 100 %, 45016 MiB, 268.61 W
2026/08/27 13:30:52.176, 1, 100 %, 38 %, 43990 MiB, 274.05 W
2026/08/27 13:30:52.889, 0, 100 %, 49 %, 45016 MiB, 268.59 W
2026/08/27 13:30:52.889, 1, 100 %, 41 %, 43990 MiB, 274.05 W
2026/08/27 13:30:53.540, 0, 0 %, 0 %, 45016 MiB, 268.59 W
2026/08/27 13:30:53.540, 1, 100 %, 41 %, 43990 MiB, 274.05 W
2026/08/27 13:30:54.252, 0, 0 %, 0 %, 45016 MiB, 247.37 W
2026/08/27 13:30:54.252, 1, 100 %, 75 %, 43990 MiB, 259.99 W
2026/08/27 13:30:55.011, 0, 100 %, 39 %, 45016 MiB, 267.62 W
2026/08/27 13:30:55.012, 1, 100 %, 75 %, 43990 MiB, 259.99 W
2026/08/27 13:30:55.681, 0, 100 %, 39 %, 45016 MiB, 264.63 W
2026/08/27 13:30:55.681, 1, 100 %, 75 %, 43990 MiB, 276.84 W
2026/08/27 13:30:56.381, 0, 100 %, 39 %, 45016 MiB, 268.87 W
2026/08/27 13:30:56.382, 1, 100 %, 38 %, 43990 MiB, 276.27 W
2026/08/27 13:30:57.055, 0, 76 %, 23 %, 45016 MiB, 261.55 W
2026/08/27 13:30:57.056, 1, 100 %, 38 %, 43990 MiB, 276.27 W
2026/08/27 13:30:57.730, 0, 76 %, 23 %, 45016 MiB, 261.55 W
2026/08/27 13:30:57.731, 1, 100 %, 66 %, 43990 MiB, 265.41 W
2026/08/27 13:30:58.359, 0, 100 %, 44 %, 45016 MiB, 253.90 W
2026/08/27 13:30:58.360, 1, 100 %, 39 %, 43990 MiB, 259.34 W
2026/08/27 13:30:59.039, 0, 100 %, 44 %, 45016 MiB, 253.90 W
2026/08/27 13:30:59.040, 1, 100 %, 39 %, 43990 MiB, 259.34 W
2026/08/27 13:30:59.730, 0, 100 %, 44 %, 45016 MiB, 274.01 W
2026/08/27 13:30:59.731, 1, 81 %, 92 %, 43990 MiB, 276.51 W
2026/08/27 13:31:00.442, 0, 100 %, 43 %, 45016 MiB, 270.03 W
2026/08/27 13:31:00.442, 1, 81 %, 92 %, 43990 MiB, 276.51 W
2026/08/27 13:31:01.107, 0, 23 %, 25 %, 45016 MiB, 270.03 W
2026/08/27 13:31:01.107, 1, 81 %, 92 %, 43990 MiB, 267.93 W
2026/08/27 13:31:01.809, 0, 23 %, 25 %, 45016 MiB, 262.16 W
2026/08/27 13:31:01.813, 1, 100 %, 45 %, 43990 MiB, 269.02 W
2026/08/27 13:31:02.403, 0, 23 %, 25 %, 45016 MiB, 246.54 W
2026/08/27 13:31:02.403, 1, 100 %, 45 %, 43990 MiB, 269.02 W
2026/08/27 13:31:03.089, 0, 100 %, 41 %, 45016 MiB, 246.54 W
2026/08/27 13:31:03.089, 1, 100 %, 38 %, 43990 MiB, 260.03 W
2026/08/27 13:31:03.809, 0, 100 %, 41 %, 45016 MiB, 269.99 W
2026/08/27 13:31:03.809, 1, 100 %, 39 %, 43990 MiB, 260.03 W
2026/08/27 13:31:04.475, 0, 100 %, 50 %, 45016 MiB, 269.12 W
2026/08/27 13:31:04.475, 1, 100 %, 39 %, 43990 MiB, 275.66 W
2026/08/27 13:31:05.174, 0, 100 %, 70 %, 45016 MiB, 269.12 W
2026/08/27 13:31:05.174, 1, 100 %, 38 %, 43990 MiB, 275.71 W
2026/08/27 13:31:05.817, 0, 100 %, 70 %, 45016 MiB, 269.12 W
2026/08/27 13:31:05.817, 1, 100 %, 38 %, 43990 MiB, 275.71 W
2026/08/27 13:31:06.485, 0, 100 %, 70 %, 45016 MiB, 253.23 W
2026/08/27 13:31:06.485, 1, 100 %, 38 %, 43990 MiB, 272.98 W
2026/08/27 13:31:07.118, 0, 100 %, 38 %, 45016 MiB, 253.23 W
2026/08/27 13:31:07.118, 1, 100 %, 43 %, 43990 MiB, 259.49 W
2026/08/27 13:31:07.762, 0, 100 %, 38 %, 45016 MiB, 253.23 W
2026/08/27 13:31:07.762, 1, 100 %, 43 %, 43990 MiB, 259.49 W
2026/08/27 13:31:08.458, 0, 100 %, 38 %, 45016 MiB, 272.11 W
2026/08/27 13:31:08.459, 1, 100 %, 40 %, 43990 MiB, 280.24 W
2026/08/27 13:31:09.142, 0, 100 %, 39 %, 45016 MiB, 269.77 W
2026/08/27 13:31:09.142, 1, 100 %, 46 %, 43990 MiB, 280.24 W
2026/08/27 13:31:09.788, 0, 100 %, 39 %, 45016 MiB, 269.77 W
2026/08/27 13:31:09.788, 1, 100 %, 46 %, 43990 MiB, 278.83 W
2026/08/27 13:31:10.466, 0, 100 %, 37 %, 45016 MiB, 262.84 W
2026/08/27 13:31:10.466, 1, 100 %, 46 %, 43990 MiB, 268.02 W
2026/08/27 13:31:11.126, 0, 100 %, 37 %, 45016 MiB, 262.84 W
2026/08/27 13:31:11.126, 1, 99 %, 100 %, 43990 MiB, 259.16 W
2026/08/27 13:31:11.845, 0, 100 %, 37 %, 45016 MiB, 250.37 W
2026/08/27 13:31:11.845, 1, 99 %, 100 %, 43990 MiB, 259.16 W
2026/08/27 13:31:12.557, 0, 99 %, 44 %, 45016 MiB, 265.43 W
2026/08/27 13:31:12.557, 1, 100 %, 42 %, 43990 MiB, 279.48 W
2026/08/27 13:31:13.189, 0, 99 %, 44 %, 45016 MiB, 265.43 W
2026/08/27 13:31:13.189, 1, 66 %, 25 %, 43990 MiB, 282.90 W
2026/08/27 13:31:13.898, 0, 100 %, 39 %, 45016 MiB, 273.04 W
2026/08/27 13:31:13.900, 1, 66 %, 25 %, 43990 MiB, 282.90 W
2026/08/27 13:31:14.549, 0, 100 %, 42 %, 45016 MiB, 262.91 W
2026/08/27 13:31:14.549, 1, 100 %, 44 %, 43990 MiB, 270.43 W
2026/08/27 13:31:15.217, 0, 100 %, 42 %, 45016 MiB, 262.91 W
2026/08/27 13:31:15.218, 1, 100 %, 44 %, 43990 MiB, 270.43 W
2026/08/27 13:31:15.844, 0, 100 %, 42 %, 45016 MiB, 254.16 W
2026/08/27 13:31:15.845, 1, 100 %, 44 %, 43990 MiB, 270.43 W
2026/08/27 13:31:16.503, 0, 100 %, 42 %, 45016 MiB, 270.25 W
2026/08/27 13:31:16.503, 1, 100 %, 38 %, 43990 MiB, 279.00 W
2026/08/27 13:31:17.209, 0, 100 %, 49 %, 45016 MiB, 270.25 W
2026/08/27 13:31:17.209, 1, 100 %, 38 %, 43990 MiB, 279.00 W
2026/08/27 13:31:17.886, 0, 100 %, 44 %, 45016 MiB, 269.28 W
2026/08/27 13:31:17.887, 1, 100 %, 38 %, 43990 MiB, 279.00 W
2026/08/27 13:31:18.557, 0, 87 %, 27 %, 45016 MiB, 267.63 W
2026/08/27 13:31:18.559, 1, 61 %, 16 %, 43990 MiB, 270.67 W
2026/08/27 13:31:19.246, 0, 87 %, 27 %, 45016 MiB, 260.88 W
2026/08/27 13:31:19.246, 1, 61 %, 16 %, 43990 MiB, 270.67 W
2026/08/27 13:31:19.901, 0, 87 %, 27 %, 45016 MiB, 252.96 W
2026/08/27 13:31:19.902, 1, 61 %, 16 %, 43990 MiB, 270.67 W
2026/08/27 13:31:20.620, 0, 100 %, 51 %, 45016 MiB, 253.83 W
2026/08/27 13:31:20.622, 1, 100 %, 38 %, 43990 MiB, 264.42 W
2026/08/27 13:31:21.336, 0, 100 %, 51 %, 45016 MiB, 271.55 W
2026/08/27 13:31:21.336, 1, 100 %, 45 %, 43990 MiB, 264.42 W
2026/08/27 13:31:21.984, 0, 100 %, 38 %, 45016 MiB, 274.54 W
2026/08/27 13:31:21.984, 1, 100 %, 45 %, 43990 MiB, 276.53 W
2026/08/27 13:31:22.712, 0, 100 %, 38 %, 45016 MiB, 274.54 W
2026/08/27 13:31:22.712, 1, 100 %, 37 %, 43990 MiB, 276.02 W
2026/08/27 13:31:23.371, 0, 100 %, 43 %, 45016 MiB, 260.94 W
2026/08/27 13:31:23.371, 1, 100 %, 37 %, 43990 MiB, 276.02 W
2026/08/27 13:31:24.029, 0, 15 %, 16 %, 45016 MiB, 262.04 W
2026/08/27 13:31:24.029, 1, 100 %, 37 %, 43990 MiB, 275.60 W
2026/08/27 13:31:24.698, 0, 15 %, 16 %, 45016 MiB, 253.76 W
2026/08/27 13:31:24.698, 1, 100 %, 43 %, 43990 MiB, 255.89 W
2026/08/27 13:31:25.354, 0, 15 %, 16 %, 45016 MiB, 272.86 W
2026/08/27 13:31:25.354, 1, 100 %, 43 %, 43990 MiB, 255.89 W
2026/08/27 13:31:26.059, 0, 100 %, 49 %, 45016 MiB, 272.86 W
2026/08/27 13:31:26.059, 1, 100 %, 38 %, 43990 MiB, 281.26 W
2026/08/27 13:31:26.776, 0, 100 %, 49 %, 45016 MiB, 270.01 W
2026/08/27 13:31:26.776, 1, 100 %, 49 %, 43990 MiB, 281.26 W
2026/08/27 13:31:27.407, 0, 100 %, 38 %, 45016 MiB, 263.63 W
2026/08/27 13:31:27.407, 1, 100 %, 49 %, 43990 MiB, 281.26 W
2026/08/27 13:31:28.072, 0, 100 %, 38 %, 45016 MiB, 263.63 W
2026/08/27 13:31:28.073, 1, 100 %, 49 %, 43990 MiB, 265.39 W
2026/08/27 13:31:28.714, 0, 100 %, 38 %, 45016 MiB, 263.63 W
2026/08/27 13:31:28.714, 1, 100 %, 43 %, 43990 MiB, 260.79 W
2026/08/27 13:31:29.422, 0, 100 %, 38 %, 45016 MiB, 262.99 W
2026/08/27 13:31:29.424, 1, 100 %, 43 %, 43990 MiB, 260.79 W
2026/08/27 13:31:30.141, 0, 82 %, 26 %, 45016 MiB, 262.99 W
2026/08/27 13:31:30.141, 1, 100 %, 43 %, 43990 MiB, 279.30 W
2026/08/27 13:31:30.784, 0, 82 %, 26 %, 45016 MiB, 269.73 W
2026/08/27 13:31:30.784, 1, 100 %, 65 %, 43990 MiB, 277.99 W
2026/08/27 13:31:31.488, 0, 82 %, 26 %, 45016 MiB, 270.54 W
2026/08/27 13:31:31.488, 1, 100 %, 38 %, 43990 MiB, 277.99 W
2026/08/27 13:31:32.138, 0, 100 %, 100 %, 45016 MiB, 270.54 W
2026/08/27 13:31:32.139, 1, 100 %, 38 %, 43990 MiB, 268.17 W
2026/08/27 13:31:32.815, 0, 100 %, 100 %, 45016 MiB, 270.54 W
2026/08/27 13:31:32.815, 1, 48 %, 54 %, 43990 MiB, 269.27 W
2026/08/27 13:31:33.484, 0, 100 %, 42 %, 45016 MiB, 252.32 W
2026/08/27 13:31:33.485, 1, 48 %, 54 %, 43990 MiB, 269.27 W
2026/08/27 13:31:34.128, 0, 100 %, 43 %, 45016 MiB, 252.32 W
2026/08/27 13:31:34.128, 1, 48 %, 54 %, 43990 MiB, 277.13 W
2026/08/27 13:31:34.830, 0, 100 %, 43 %, 45016 MiB, 252.32 W
2026/08/27 13:31:34.832, 1, 100 %, 39 %, 43990 MiB, 280.00 W
2026/08/27 13:31:35.532, 0, 100 %, 43 %, 45016 MiB, 270.08 W
2026/08/27 13:31:35.532, 1, 100 %, 39 %, 43990 MiB, 280.00 W
2026/08/27 13:31:36.165, 0, 100 %, 37 %, 45016 MiB, 270.08 W
2026/08/27 13:31:36.165, 1, 100 %, 38 %, 43990 MiB, 274.74 W
2026/08/27 13:31:36.859, 0, 100 %, 44 %, 45016 MiB, 264.60 W
2026/08/27 13:31:36.859, 1, 100 %, 39 %, 43990 MiB, 274.74 W
2026/08/27 13:31:37.509, 0, 100 %, 43 %, 45016 MiB, 264.60 W
2026/08/27 13:31:37.509, 1, 100 %, 39 %, 43990 MiB, 274.74 W
2026/08/27 13:31:38.225, 0, 100 %, 43 %, 45016 MiB, 264.60 W
2026/08/27 13:31:38.226, 1, 100 %, 92 %, 43990 MiB, 261.12 W
2026/08/27 13:31:38.943, 0, 100 %, 43 %, 45016 MiB, 270.71 W
2026/08/27 13:31:38.943, 1, 100 %, 92 %, 43990 MiB, 261.12 W
2026/08/27 13:31:39.578, 0, 100 %, 38 %, 45016 MiB, 270.71 W
2026/08/27 13:31:39.578, 1, 100 %, 92 %, 43990 MiB, 275.77 W
2026/08/27 13:31:40.295, 0, 100 %, 38 %, 45016 MiB, 270.34 W
2026/08/27 13:31:40.297, 1, 100 %, 42 %, 43990 MiB, 276.92 W
2026/08/27 13:31:40.950, 0, 15 %, 15 %, 45016 MiB, 262.64 W
2026/08/27 13:31:40.952, 1, 100 %, 42 %, 43990 MiB, 276.92 W
2026/08/27 13:31:41.616, 0, 100 %, 38 %, 45016 MiB, 262.64 W
2026/08/27 13:31:41.616, 1, 100 %, 38 %, 43990 MiB, 271.34 W
2026/08/27 13:31:42.262, 0, 100 %, 38 %, 45016 MiB, 252.27 W
2026/08/27 13:31:42.262, 1, 100 %, 42 %, 43990 MiB, 253.75 W
2026/08/27 13:31:42.909, 0, 100 %, 38 %, 45016 MiB, 271.85 W
2026/08/27 13:31:42.909, 1, 100 %, 42 %, 43990 MiB, 253.75 W
2026/08/27 13:31:43.604, 0, 100 %, 38 %, 45016 MiB, 274.01 W
2026/08/27 13:31:43.604, 1, 100 %, 42 %, 43990 MiB, 279.83 W
2026/08/27 13:31:44.282, 0, 100 %, 44 %, 45016 MiB, 271.01 W
2026/08/27 13:31:44.283, 1, 60 %, 16 %, 43990 MiB, 277.62 W
2026/08/27 13:31:44.945, 0, 75 %, 23 %, 45016 MiB, 270.15 W
2026/08/27 13:31:44.945, 1, 60 %, 16 %, 43990 MiB, 277.62 W
2026/08/27 13:31:45.633, 0, 75 %, 23 %, 45016 MiB, 261.01 W
2026/08/27 13:31:45.634, 1, 60 %, 16 %, 43990 MiB, 268.11 W
2026/08/27 13:31:46.293, 0, 75 %, 23 %, 45016 MiB, 252.10 W
2026/08/27 13:31:46.293, 1, 74 %, 84 %, 43990 MiB, 259.83 W
2026/08/27 13:31:47.007, 0, 100 %, 50 %, 45016 MiB, 249.49 W
2026/08/27 13:31:47.008, 1, 100 %, 38 %, 43990 MiB, 259.83 W
2026/08/27 13:31:47.708, 0, 100 %, 50 %, 45016 MiB, 271.29 W
2026/08/27 13:31:47.710, 1, 100 %, 38 %, 43990 MiB, 280.80 W
2026/08/27 13:31:48.350, 0, 100 %, 38 %, 45016 MiB, 271.42 W
2026/08/27 13:31:48.350, 1, 53 %, 11 %, 43990 MiB, 278.19 W
2026/08/27 13:31:49.045, 0, 100 %, 38 %, 45016 MiB, 271.42 W
2026/08/27 13:31:49.046, 1, 53 %, 11 %, 43990 MiB, 278.19 W
2026/08/27 13:31:49.684, 0, 100 %, 38 %, 45016 MiB, 262.86 W
2026/08/27 13:31:49.684, 1, 53 %, 11 %, 43990 MiB, 268.78 W
2026/08/27 13:31:50.371, 0, 100 %, 38 %, 45016 MiB, 263.26 W
2026/08/27 13:31:50.372, 1, 100 %, 48 %, 43990 MiB, 265.90 W
2026/08/27 13:31:50.998, 0, 100 %, 40 %, 45016 MiB, 263.26 W
2026/08/27 13:31:50.999, 1, 100 %, 48 %, 43990 MiB, 265.90 W
2026/08/27 13:31:51.662, 0, 100 %, 40 %, 45016 MiB, 263.26 W
2026/08/27 13:31:51.662, 1, 100 %, 48 %, 43990 MiB, 279.84 W
2026/08/27 13:31:52.386, 0, 100 %, 57 %, 45016 MiB, 274.70 W
2026/08/27 13:31:52.388, 1, 100 %, 50 %, 43990 MiB, 282.17 W
2026/08/27 13:31:53.083, 0, 100 %, 57 %, 45016 MiB, 274.70 W
2026/08/27 13:31:53.083, 1, 100 %, 43 %, 43990 MiB, 282.17 W
2026/08/27 13:31:53.731, 0, 100 %, 57 %, 45016 MiB, 269.69 W
2026/08/27 13:31:53.732, 1, 100 %, 43 %, 43990 MiB, 272.37 W
2026/08/27 13:31:54.449, 0, 100 %, 38 %, 45016 MiB, 266.76 W
2026/08/27 13:31:54.450, 1, 100 %, 38 %, 43990 MiB, 271.82 W
2026/08/27 13:31:55.102, 0, 100 %, 38 %, 45016 MiB, 266.76 W
2026/08/27 13:31:55.102, 1, 100 %, 38 %, 43990 MiB, 271.82 W
2026/08/27 13:31:55.829, 0, 100 %, 40 %, 45016 MiB, 262.85 W
2026/08/27 13:31:55.838, 1, 100 %, 38 %, 43990 MiB, 269.67 W
2026/08/27 13:31:56.557, 0, 100 %, 40 %, 45016 MiB, 262.85 W
2026/08/27 13:31:56.557, 1, 100 %, 43 %, 43990 MiB, 279.84 W
2026/08/27 13:31:57.219, 0, 50 %, 47 %, 45016 MiB, 270.37 W
2026/08/27 13:31:57.219, 1, 100 %, 43 %, 43990 MiB, 279.84 W
2026/08/27 13:31:57.950, 0, 95 %, 100 %, 45016 MiB, 271.15 W
2026/08/27 13:31:57.950, 1, 100 %, 39 %, 43990 MiB, 276.95 W
2026/08/27 13:31:58.647, 0, 95 %, 100 %, 45016 MiB, 264.15 W
2026/08/27 13:31:58.648, 1, 100 %, 49 %, 43990 MiB, 276.95 W
2026/08/27 13:31:59.305, 0, 95 %, 100 %, 45016 MiB, 255.06 W
2026/08/27 13:31:59.308, 1, 100 %, 49 %, 43990 MiB, 270.21 W
2026/08/27 13:31:59.945, 0, 100 %, 43 %, 45016 MiB, 255.06 W
2026/08/27 13:31:59.946, 1, 100 %, 38 %, 43990 MiB, 257.61 W
2026/08/27 13:32:00.629, 0, 100 %, 43 %, 45016 MiB, 270.12 W
2026/08/27 13:32:00.631, 1, 100 %, 38 %, 43990 MiB, 257.61 W
2026/08/27 13:32:01.310, 0, 100 %, 38 %, 45016 MiB, 272.68 W
2026/08/27 13:32:01.311, 1, 100 %, 38 %, 43990 MiB, 271.65 W
2026/08/27 13:32:02.015, 0, 100 %, 38 %, 45016 MiB, 270.81 W
2026/08/27 13:32:02.016, 1, 100 %, 43 %, 43990 MiB, 277.22 W
2026/08/27 13:32:02.672, 0, 100 %, 38 %, 45016 MiB, 269.34 W
2026/08/27 13:32:02.672, 1, 21 %, 24 %, 43990 MiB, 277.22 W
2026/08/27 13:32:03.400, 0, 100 %, 38 %, 45016 MiB, 262.81 W
2026/08/27 13:32:03.400, 1, 21 %, 24 %, 43990 MiB, 270.27 W
2026/08/27 13:32:03.993, 0, 0 %, 0 %, 45016 MiB, 262.81 W
2026/08/27 13:32:03.993, 1, 100 %, 43 %, 43990 MiB, 265.45 W
2026/08/27 13:32:04.670, 0, 0 %, 0 %, 45016 MiB, 262.81 W
2026/08/27 13:32:04.672, 1, 100 %, 43 %, 43990 MiB, 265.45 W
2026/08/27 13:32:05.401, 0, 100 %, 51 %, 45016 MiB, 272.93 W
2026/08/27 13:32:05.401, 1, 100 %, 43 %, 43990 MiB, 279.67 W
2026/08/27 13:32:06.065, 0, 100 %, 48 %, 45016 MiB, 272.93 W
2026/08/27 13:32:06.065, 1, 100 %, 82 %, 43990 MiB, 276.07 W
2026/08/27 13:32:06.747, 0, 100 %, 48 %, 45016 MiB, 272.93 W
2026/08/27 13:32:06.748, 1, 100 %, 82 %, 43990 MiB, 276.07 W
2026/08/27 13:32:07.433, 0, 100 %, 48 %, 45016 MiB, 261.75 W
2026/08/27 13:32:07.433, 1, 100 %, 43 %, 43990 MiB, 267.38 W
2026/08/27 13:32:08.077, 0, 100 %, 38 %, 45016 MiB, 255.71 W
2026/08/27 13:32:08.077, 1, 100 %, 98 %, 43990 MiB, 267.38 W
2026/08/27 13:32:08.743, 0, 100 %, 38 %, 45016 MiB, 255.71 W
2026/08/27 13:32:08.743, 1, 100 %, 98 %, 43990 MiB, 267.38 W
2026/08/27 13:32:09.406, 0, 99 %, 44 %, 45016 MiB, 264.52 W
2026/08/27 13:32:09.406, 1, 100 %, 98 %, 43990 MiB, 280.80 W
2026/08/27 13:32:10.091, 0, 99 %, 44 %, 45016 MiB, 270.57 W
2026/08/27 13:32:10.091, 1, 100 %, 95 %, 43990 MiB, 279.09 W
2026/08/27 13:32:10.807, 0, 100 %, 44 %, 45016 MiB, 270.57 W
2026/08/27 13:32:10.807, 1, 100 %, 95 %, 43990 MiB, 279.09 W
2026/08/27 13:32:11.473, 0, 100 %, 44 %, 45016 MiB, 268.60 W
2026/08/27 13:32:11.474, 1, 100 %, 95 %, 43990 MiB, 269.10 W
2026/08/27 13:32:12.169, 0, 100 %, 38 %, 45016 MiB, 260.82 W
2026/08/27 13:32:12.169, 1, 100 %, 38 %, 43990 MiB, 268.89 W
2026/08/27 13:32:12.750, 0, 100 %, 51 %, 45016 MiB, 260.82 W
2026/08/27 13:32:12.750, 1, 100 %, 38 %, 43990 MiB, 268.89 W
2026/08/27 13:32:13.442, 0, 100 %, 51 %, 45016 MiB, 249.32 W
2026/08/27 13:32:13.442, 1, 70 %, 73 %, 43990 MiB, 264.58 W
2026/08/27 13:32:14.210, 0, 100 %, 38 %, 45016 MiB, 272.83 W
2026/08/27 13:32:14.210, 1, 70 %, 73 %, 43990 MiB, 264.58 W
2026/08/27 13:32:14.867, 0, 100 %, 38 %, 45016 MiB, 272.83 W
2026/08/27 13:32:14.867, 1, 70 %, 73 %, 43990 MiB, 264.58 W
2026/08/27 13:32:15.544, 0, 100 %, 38 %, 45016 MiB, 269.87 W
2026/08/27 13:32:15.547, 1, 100 %, 38 %, 43990 MiB, 277.30 W
2026/08/27 13:32:16.241, 0, 100 %, 37 %, 45016 MiB, 261.40 W
2026/08/27 13:32:16.241, 1, 100 %, 50 %, 43990 MiB, 277.30 W
2026/08/27 13:32:16.873, 0, 100 %, 37 %, 45016 MiB, 261.40 W
2026/08/27 13:32:16.873, 1, 100 %, 50 %, 43990 MiB, 277.30 W
2026/08/27 13:32:17.538, 0, 100 %, 37 %, 45016 MiB, 254.57 W
2026/08/27 13:32:17.541, 1, 100 %, 50 %, 43990 MiB, 259.77 W
2026/08/27 13:32:18.206, 0, 70 %, 44 %, 45016 MiB, 273.93 W
2026/08/27 13:32:18.206, 1, 100 %, 50 %, 43990 MiB, 279.80 W
2026/08/27 13:32:18.886, 0, 68 %, 19 %, 45016 MiB, 273.93 W
2026/08/27 13:32:18.886, 1, 100 %, 50 %, 43990 MiB, 279.80 W
2026/08/27 13:32:19.604, 0, 68 %, 19 %, 45016 MiB, 266.90 W
2026/08/27 13:32:19.604, 1, 100 %, 50 %, 43990 MiB, 278.18 W
2026/08/27 13:32:20.277, 0, 68 %, 19 %, 45016 MiB, 259.07 W
2026/08/27 13:32:20.278, 1, 81 %, 89 %, 43990 MiB, 269.32 W
2026/08/27 13:32:20.983, 0, 100 %, 43 %, 45016 MiB, 259.07 W
2026/08/27 13:32:20.983, 1, 100 %, 38 %, 43990 MiB, 269.32 W
2026/08/27 13:32:21.560, 0, 100 %, 43 %, 45016 MiB, 259.07 W
2026/08/27 13:32:21.560, 1, 100 %, 38 %, 43990 MiB, 257.10 W
2026/08/27 13:32:22.252, 0, 100 %, 38 %, 45016 MiB, 249.53 W
2026/08/27 13:32:22.252, 1, 100 %, 50 %, 43990 MiB, 260.97 W
2026/08/27 13:32:22.982, 0, 100 %, 38 %, 45016 MiB, 270.88 W
2026/08/27 13:32:22.982, 1, 100 %, 50 %, 43990 MiB, 260.97 W
2026/08/27 13:32:23.647, 0, 100 %, 38 %, 45016 MiB, 268.58 W
2026/08/27 13:32:23.647, 1, 100 %, 50 %, 43990 MiB, 276.89 W
2026/08/27 13:32:24.329, 0, 100 %, 38 %, 45016 MiB, 270.47 W
2026/08/27 13:32:24.330, 1, 100 %, 39 %, 43990 MiB, 277.39 W
2026/08/27 13:32:25.019, 0, 99 %, 46 %, 45016 MiB, 263.15 W
2026/08/27 13:32:25.019, 1, 100 %, 39 %, 43990 MiB, 277.39 W
2026/08/27 13:32:25.658, 0, 99 %, 46 %, 45016 MiB, 263.15 W
2026/08/27 13:32:25.658, 1, 100 %, 39 %, 43990 MiB, 271.19 W
2026/08/27 13:32:26.286, 0, 100 %, 47 %, 45016 MiB, 250.71 W
2026/08/27 13:32:26.286, 1, 100 %, 42 %, 43990 MiB, 255.81 W
2026/08/27 13:32:26.926, 0, 100 %, 43 %, 45016 MiB, 267.26 W
2026/08/27 13:32:26.926, 1, 69 %, 29 %, 43990 MiB, 255.81 W
2026/08/27 13:32:27.635, 0, 100 %, 43 %, 45016 MiB, 267.26 W
2026/08/27 13:32:27.635, 1, 69 %, 29 %, 43990 MiB, 277.98 W
2026/08/27 13:32:28.334, 0, 100 %, 43 %, 45016 MiB, 269.19 W
2026/08/27 13:32:28.334, 1, 100 %, 42 %, 43990 MiB, 279.14 W
2026/08/27 13:32:28.975, 0, 100 %, 38 %, 45016 MiB, 262.84 W
2026/08/27 13:32:28.976, 1, 100 %, 42 %, 43990 MiB, 279.14 W
2026/08/27 13:32:29.652, 0, 100 %, 38 %, 45016 MiB, 262.84 W
2026/08/27 13:32:29.652, 1, 100 %, 42 %, 43990 MiB, 265.19 W
2026/08/27 13:32:30.294, 0, 100 %, 38 %, 45016 MiB, 266.39 W
2026/08/27 13:32:30.294, 1, 100 %, 43 %, 43990 MiB, 261.82 W
2026/08/27 13:32:30.991, 0, 100 %, 39 %, 45016 MiB, 263.36 W
2026/08/27 13:32:30.991, 1, 100 %, 43 %, 43990 MiB, 261.82 W
2026/08/27 13:32:31.696, 0, 100 %, 39 %, 45016 MiB, 263.36 W
2026/08/27 13:32:31.697, 1, 100 %, 43 %, 43990 MiB, 279.20 W
2026/08/27 13:32:32.343, 0, 100 %, 39 %, 45016 MiB, 269.20 W
2026/08/27 13:32:32.344, 1, 100 %, 38 %, 43990 MiB, 275.55 W
2026/08/27 13:32:33.045, 0, 100 %, 42 %, 45016 MiB, 269.61 W
2026/08/27 13:32:33.045, 1, 100 %, 38 %, 43990 MiB, 275.55 W
2026/08/27 13:32:33.688, 0, 100 %, 44 %, 45016 MiB, 269.61 W
2026/08/27 13:32:33.688, 1, 100 %, 43 %, 43990 MiB, 271.11 W
2026/08/27 13:32:34.371, 0, 100 %, 44 %, 45016 MiB, 269.61 W
2026/08/27 13:32:34.371, 1, 100 %, 39 %, 43990 MiB, 271.11 W
2026/08/27 13:32:35.023, 0, 100 %, 44 %, 45016 MiB, 253.12 W
2026/08/27 13:32:35.023, 1, 100 %, 39 %, 43990 MiB, 271.11 W
2026/08/27 13:32:35.661, 0, 100 %, 38 %, 45016 MiB, 272.23 W
2026/08/27 13:32:35.661, 1, 100 %, 47 %, 43990 MiB, 275.74 W
2026/08/27 13:32:36.359, 0, 100 %, 38 %, 45016 MiB, 272.23 W
2026/08/27 13:32:36.359, 1, 100 %, 47 %, 43990 MiB, 275.74 W
2026/08/27 13:32:37.030, 0, 100 %, 43 %, 45016 MiB, 270.35 W
2026/08/27 13:32:37.030, 1, 100 %, 47 %, 43990 MiB, 275.74 W
2026/08/27 13:32:37.697, 0, 14 %, 15 %, 45016 MiB, 270.83 W
2026/08/27 13:32:37.697, 1, 100 %, 38 %, 43990 MiB, 274.31 W
2026/08/27 13:32:38.390, 0, 14 %, 15 %, 45016 MiB, 264.94 W
2026/08/27 13:32:38.390, 1, 100 %, 38 %, 43990 MiB, 274.31 W
2026/08/27 13:32:39.051, 0, 14 %, 15 %, 45016 MiB, 251.68 W
2026/08/27 13:32:39.052, 1, 100 %, 38 %, 43990 MiB, 274.31 W
2026/08/27 13:32:39.775, 0, 100 %, 49 %, 45016 MiB, 251.68 W
2026/08/27 13:32:39.775, 1, 100 %, 38 %, 43990 MiB, 260.13 W
2026/08/27 13:32:40.481, 0, 100 %, 49 %, 45016 MiB, 271.06 W
2026/08/27 13:32:40.481, 1, 100 %, 38 %, 43990 MiB, 260.13 W
2026/08/27 13:32:41.119, 0, 100 %, 37 %, 45016 MiB, 269.70 W
2026/08/27 13:32:41.119, 1, 100 %, 41 %, 43990 MiB, 275.68 W
2026/08/27 13:32:41.803, 0, 100 %, 37 %, 45016 MiB, 269.70 W
2026/08/27 13:32:41.803, 1, 100 %, 41 %, 43990 MiB, 275.77 W
2026/08/27 13:32:42.435, 0, 100 %, 37 %, 45016 MiB, 263.31 W
2026/08/27 13:32:42.435, 1, 100 %, 44 %, 43990 MiB, 275.77 W
2026/08/27 13:32:43.134, 0, 100 %, 40 %, 45016 MiB, 266.78 W
2026/08/27 13:32:43.134, 1, 100 %, 44 %, 43990 MiB, 268.19 W
2026/08/27 13:32:43.762, 0, 100 %, 41 %, 45016 MiB, 266.78 W
2026/08/27 13:32:43.762, 1, 100 %, 41 %, 43990 MiB, 256.36 W
2026/08/27 13:32:44.420, 0, 100 %, 41 %, 45016 MiB, 266.78 W
2026/08/27 13:32:44.420, 1, 100 %, 41 %, 43990 MiB, 256.36 W
2026/08/27 13:32:45.139, 0, 100 %, 46 %, 45016 MiB, 272.45 W
2026/08/27 13:32:45.139, 1, 100 %, 41 %, 43990 MiB, 278.84 W
2026/08/27 13:32:45.799, 0, 100 %, 46 %, 45016 MiB, 272.45 W
2026/08/27 13:32:45.799, 1, 100 %, 50 %, 43990 MiB, 276.69 W
2026/08/27 13:32:46.480, 0, 100 %, 46 %, 45016 MiB, 266.74 W
2026/08/27 13:32:46.480, 1, 100 %, 50 %, 43990 MiB, 276.69 W
2026/08/27 13:32:47.172, 0, 100 %, 37 %, 45016 MiB, 264.05 W
2026/08/27 13:32:47.172, 1, 100 %, 50 %, 43990 MiB, 276.69 W
2026/08/27 13:32:47.830, 0, 100 %, 37 %, 45016 MiB, 264.05 W
2026/08/27 13:32:47.830, 1, 100 %, 50 %, 43990 MiB, 259.62 W
2026/08/27 13:32:48.519, 0, 100 %, 37 %, 45016 MiB, 258.28 W
2026/08/27 13:32:48.519, 1, 100 %, 38 %, 43990 MiB, 258.99 W
2026/08/27 13:32:49.214, 0, 68 %, 53 %, 45016 MiB, 258.28 W
2026/08/27 13:32:49.214, 1, 100 %, 38 %, 43990 MiB, 258.99 W
2026/08/27 13:32:49.870, 0, 68 %, 53 %, 45016 MiB, 258.28 W
2026/08/27 13:32:49.875, 1, 100 %, 38 %, 43990 MiB, 270.32 W
2026/08/27 13:32:50.595, 0, 100 %, 39 %, 45016 MiB, 270.55 W
2026/08/27 13:32:50.595, 1, 100 %, 49 %, 43990 MiB, 276.44 W
2026/08/27 13:32:51.241, 0, 100 %, 43 %, 45016 MiB, 270.55 W
2026/08/27 13:32:51.241, 1, 99 %, 33 %, 43990 MiB, 276.44 W
2026/08/27 13:32:51.959, 0, 100 %, 43 %, 45016 MiB, 263.54 W
2026/08/27 13:32:51.959, 1, 99 %, 33 %, 43990 MiB, 272.62 W
2026/08/27 13:32:52.607, 0, 100 %, 43 %, 45016 MiB, 244.99 W
2026/08/27 13:32:52.608, 1, 100 %, 49 %, 43990 MiB, 262.37 W
2026/08/27 13:32:53.270, 0, 100 %, 39 %, 45016 MiB, 244.99 W
2026/08/27 13:32:53.270, 1, 100 %, 49 %, 43990 MiB, 262.37 W
2026/08/27 13:32:53.977, 0, 100 %, 38 %, 45016 MiB, 273.31 W
2026/08/27 13:32:53.977, 1, 100 %, 49 %, 43990 MiB, 280.14 W
2026/08/27 13:32:54.665, 0, 100 %, 44 %, 45016 MiB, 273.31 W
2026/08/27 13:32:54.665, 1, 60 %, 34 %, 43990 MiB, 275.75 W
2026/08/27 13:32:55.322, 0, 100 %, 44 %, 45016 MiB, 273.31 W
2026/08/27 13:32:55.322, 1, 60 %, 34 %, 43990 MiB, 275.75 W
2026/08/27 13:32:56.021, 0, 100 %, 44 %, 45016 MiB, 260.74 W
2026/08/27 13:32:56.021, 1, 100 %, 49 %, 43990 MiB, 268.60 W
2026/08/27 13:32:56.714, 0, 100 %, 45 %, 45016 MiB, 259.64 W
2026/08/27 13:32:56.714, 1, 21 %, 1 %, 43990 MiB, 268.60 W
2026/08/27 13:32:57.414, 0, 100 %, 45 %, 45016 MiB, 259.64 W
2026/08/27 13:32:57.415, 1, 21 %, 1 %, 43990 MiB, 262.69 W
2026/08/27 13:32:58.125, 0, 100 %, 43 %, 45016 MiB, 272.24 W
2026/08/27 13:32:58.127, 1, 100 %, 44 %, 43990 MiB, 277.89 W
2026/08/27 13:32:58.770, 0, 100 %, 42 %, 45016 MiB, 272.24 W
2026/08/27 13:32:58.770, 1, 100 %, 44 %, 43990 MiB, 277.89 W
2026/08/27 13:32:59.467, 0, 100 %, 42 %, 45016 MiB, 269.33 W
2026/08/27 13:32:59.467, 1, 100 %, 44 %, 43990 MiB, 275.13 W
2026/08/27 13:33:00.098, 0, 100 %, 42 %, 45016 MiB, 259.92 W
2026/08/27 13:33:00.098, 1, 19 %, 21 %, 43990 MiB, 269.53 W
2026/08/27 13:33:00.796, 0, 100 %, 39 %, 45016 MiB, 259.92 W
2026/08/27 13:33:00.796, 1, 19 %, 21 %, 43990 MiB, 269.53 W
2026/08/27 13:33:01.449, 0, 100 %, 39 %, 45016 MiB, 251.84 W
2026/08/27 13:33:01.449, 1, 100 %, 42 %, 43990 MiB, 257.62 W
2026/08/27 13:33:02.101, 0, 100 %, 38 %, 45016 MiB, 255.21 W
2026/08/27 13:33:02.101, 1, 100 %, 99 %, 43990 MiB, 257.62 W
2026/08/27 13:33:02.826, 0, 100 %, 38 %, 45016 MiB, 271.31 W
2026/08/27 13:33:02.826, 1, 100 %, 99 %, 43990 MiB, 280.17 W
2026/08/27 13:33:03.497, 0, 99 %, 38 %, 45016 MiB, 266.36 W
2026/08/27 13:33:03.498, 1, 100 %, 41 %, 43990 MiB, 277.94 W
2026/08/27 13:33:04.157, 0, 14 %, 15 %, 45016 MiB, 266.36 W
2026/08/27 13:33:04.157, 1, 100 %, 41 %, 43990 MiB, 277.94 W
2026/08/27 13:33:04.859, 0, 14 %, 15 %, 45016 MiB, 261.57 W
2026/08/27 13:33:04.860, 1, 100 %, 41 %, 43990 MiB, 268.64 W
2026/08/27 13:33:05.526, 0, 14 %, 15 %, 45016 MiB, 252.38 W
2026/08/27 13:33:05.526, 1, 49 %, 54 %, 43990 MiB, 260.21 W
2026/08/27 13:33:06.223, 0, 100 %, 43 %, 45016 MiB, 252.38 W
2026/08/27 13:33:06.223, 1, 100 %, 38 %, 43990 MiB, 260.21 W
2026/08/27 13:33:06.916, 0, 100 %, 43 %, 45016 MiB, 268.61 W
2026/08/27 13:33:06.916, 1, 100 %, 38 %, 43990 MiB, 278.48 W
2026/08/27 13:33:07.584, 0, 100 %, 36 %, 45016 MiB, 266.73 W
2026/08/27 13:33:07.584, 1, 58 %, 16 %, 43990 MiB, 276.30 W
2026/08/27 13:33:08.285, 0, 100 %, 36 %, 45016 MiB, 268.55 W
2026/08/27 13:33:08.286, 1, 58 %, 16 %, 43990 MiB, 276.30 W
2026/08/27 13:33:08.914, 0, 31 %, 34 %, 45016 MiB, 267.20 W
2026/08/27 13:33:08.915, 1, 58 %, 16 %, 43990 MiB, 270.42 W
2026/08/27 13:33:09.591, 0, 31 %, 34 %, 45016 MiB, 262.57 W
2026/08/27 13:33:09.591, 1, 100 %, 59 %, 43990 MiB, 271.84 W
2026/08/27 13:33:10.250, 0, 1 %, 0 %, 45016 MiB, 262.57 W
2026/08/27 13:33:10.250, 1, 100 %, 59 %, 43990 MiB, 271.84 W
2026/08/27 13:33:10.918, 0, 1 %, 0 %, 45016 MiB, 248.28 W
2026/08/27 13:33:10.918, 1, 99 %, 39 %, 43990 MiB, 273.28 W
2026/08/27 13:33:11.634, 0, 100 %, 48 %, 45016 MiB, 270.34 W
2026/08/27 13:33:11.634, 1, 99 %, 39 %, 43990 MiB, 273.28 W
2026/08/27 13:33:12.331, 0, 100 %, 48 %, 45016 MiB, 271.46 W
2026/08/27 13:33:12.331, 1, 99 %, 39 %, 43990 MiB, 273.28 W
2026/08/27 13:33:12.990, 0, 100 %, 38 %, 45016 MiB, 263.60 W
2026/08/27 13:33:12.991, 1, 100 %, 38 %, 43990 MiB, 272.92 W
2026/08/27 13:33:13.673, 0, 100 %, 38 %, 45016 MiB, 263.60 W
2026/08/27 13:33:13.674, 1, 100 %, 37 %, 43990 MiB, 269.19 W
2026/08/27 13:33:14.338, 0, 47 %, 51 %, 45016 MiB, 261.16 W
2026/08/27 13:33:14.338, 1, 100 %, 37 %, 43990 MiB, 269.19 W
2026/08/27 13:33:15.034, 0, 100 %, 37 %, 45016 MiB, 249.97 W
2026/08/27 13:33:15.037, 1, 100 %, 37 %, 43990 MiB, 255.94 W
2026/08/27 13:33:15.720, 0, 100 %, 37 %, 45016 MiB, 268.72 W
2026/08/27 13:33:15.721, 1, 100 %, 43 %, 43990 MiB, 278.96 W
2026/08/27 13:33:16.373, 0, 100 %, 37 %, 45016 MiB, 268.80 W
2026/08/27 13:33:16.374, 1, 100 %, 97 %, 43990 MiB, 278.96 W
2026/08/27 13:33:17.083, 0, 100 %, 43 %, 45016 MiB, 268.80 W
2026/08/27 13:33:17.083, 1, 100 %, 97 %, 43990 MiB, 277.30 W
2026/08/27 13:33:17.721, 0, 100 %, 43 %, 45016 MiB, 264.47 W
2026/08/27 13:33:17.721, 1, 100 %, 43 %, 43990 MiB, 271.48 W
2026/08/27 13:33:18.412, 0, 100 %, 43 %, 45016 MiB, 262.48 W
2026/08/27 13:33:18.412, 1, 100 %, 43 %, 43990 MiB, 271.48 W
2026/08/27 13:33:19.048, 0, 0 %, 0 %, 45016 MiB, 262.48 W
2026/08/27 13:33:19.048, 1, 100 %, 43 %, 43990 MiB, 260.20 W
2026/08/27 13:33:19.717, 0, 0 %, 0 %, 45016 MiB, 262.48 W
2026/08/27 13:33:19.717, 1, 100 %, 39 %, 43990 MiB, 266.37 W
2026/08/27 13:33:20.441, 0, 100 %, 50 %, 45016 MiB, 272.17 W
2026/08/27 13:33:20.441, 1, 100 %, 39 %, 43990 MiB, 266.37 W
2026/08/27 13:33:21.100, 0, 100 %, 50 %, 45016 MiB, 272.17 W
2026/08/27 13:33:21.101, 1, 100 %, 39 %, 43990 MiB, 278.01 W
2026/08/27 13:33:21.767, 0, 100 %, 50 %, 45016 MiB, 269.48 W
2026/08/27 13:33:21.767, 1, 100 %, 38 %, 43990 MiB, 277.55 W
2026/08/27 13:33:22.457, 0, 100 %, 43 %, 45016 MiB, 264.48 W
2026/08/27 13:33:22.459, 1, 100 %, 51 %, 43990 MiB, 277.55 W
2026/08/27 13:33:23.128, 0, 100 %, 43 %, 45016 MiB, 264.48 W
2026/08/27 13:33:23.128, 1, 100 %, 51 %, 43990 MiB, 259.39 W
2026/08/27 13:33:23.836, 0, 100 %, 38 %, 45016 MiB, 257.55 W
2026/08/27 13:33:23.836, 1, 100 %, 38 %, 43990 MiB, 255.88 W
2026/08/27 13:33:24.522, 0, 100 %, 40 %, 45016 MiB, 257.55 W
2026/08/27 13:33:24.522, 1, 100 %, 38 %, 43990 MiB, 255.88 W
2026/08/27 13:33:25.181, 0, 100 %, 40 %, 45016 MiB, 257.55 W
2026/08/27 13:33:25.181, 1, 100 %, 38 %, 43990 MiB, 276.19 W
2026/08/27 13:33:25.900, 0, 100 %, 65 %, 45016 MiB, 270.44 W
2026/08/27 13:33:25.900, 1, 100 %, 51 %, 43990 MiB, 277.72 W
2026/08/27 13:33:26.530, 0, 100 %, 65 %, 45016 MiB, 270.44 W
2026/08/27 13:33:26.530, 1, 99 %, 39 %, 43990 MiB, 277.72 W
2026/08/27 13:33:27.216, 0, 100 %, 65 %, 45016 MiB, 270.44 W
2026/08/27 13:33:27.216, 1, 99 %, 39 %, 43990 MiB, 272.71 W
2026/08/27 13:33:27.827, 0, 100 %, 65 %, 45016 MiB, 251.48 W
2026/08/27 13:33:27.827, 1, 100 %, 42 %, 43990 MiB, 261.75 W
2026/08/27 13:33:28.502, 0, 100 %, 38 %, 45016 MiB, 248.27 W
2026/08/27 13:33:28.503, 1, 100 %, 42 %, 43990 MiB, 261.75 W
2026/08/27 13:33:29.235, 0, 100 %, 38 %, 45016 MiB, 266.82 W
2026/08/27 13:33:29.235, 1, 100 %, 42 %, 43990 MiB, 279.54 W
2026/08/27 13:33:29.893, 0, 100 %, 38 %, 45016 MiB, 269.61 W
2026/08/27 13:33:29.893, 1, 55 %, 45 %, 43990 MiB, 276.56 W
2026/08/27 13:33:30.563, 0, 100 %, 38 %, 45016 MiB, 264.09 W
2026/08/27 13:33:30.564, 1, 55 %, 45 %, 43990 MiB, 276.56 W
2026/08/27 13:33:31.245, 0, 99 %, 44 %, 45016 MiB, 264.09 W
2026/08/27 13:33:31.245, 1, 55 %, 45 %, 43990 MiB, 270.26 W
2026/08/27 13:33:31.898, 0, 99 %, 44 %, 45016 MiB, 264.09 W
2026/08/27 13:33:31.898, 1, 100 %, 38 %, 43990 MiB, 271.92 W
2026/08/27 13:33:32.574, 0, 100 %, 38 %, 45016 MiB, 251.42 W
2026/08/27 13:33:32.574, 1, 100 %, 36 %, 43990 MiB, 271.92 W
2026/08/27 13:33:33.236, 0, 100 %, 51 %, 45016 MiB, 251.42 W
2026/08/27 13:33:33.236, 1, 100 %, 36 %, 43990 MiB, 271.92 W
2026/08/27 13:33:33.905, 0, 100 %, 51 %, 45016 MiB, 251.42 W
2026/08/27 13:33:33.905, 1, 53 %, 58 %, 43990 MiB, 274.96 W
2026/08/27 13:33:34.615, 0, 100 %, 51 %, 45016 MiB, 269.86 W
2026/08/27 13:33:34.616, 1, 53 %, 58 %, 43990 MiB, 274.96 W
2026/08/27 13:33:35.285, 0, 100 %, 41 %, 45016 MiB, 269.86 W
2026/08/27 13:33:35.286, 1, 53 %, 58 %, 43990 MiB, 274.96 W
2026/08/27 13:33:35.995, 0, 100 %, 41 %, 45016 MiB, 269.86 W
2026/08/27 13:33:35.995, 1, 100 %, 38 %, 43990 MiB, 270.77 W
2026/08/27 13:33:36.624, 0, 100 %, 49 %, 45016 MiB, 251.45 W
2026/08/27 13:33:36.624, 1, 100 %, 43 %, 43990 MiB, 270.77 W
2026/08/27 13:33:37.297, 0, 91 %, 30 %, 45016 MiB, 250.05 W
2026/08/27 13:33:37.298, 1, 100 %, 43 %, 43990 MiB, 277.10 W
2026/08/27 13:33:38.038, 0, 91 %, 30 %, 45016 MiB, 269.36 W
2026/08/27 13:33:38.038, 1, 100 %, 38 %, 43990 MiB, 280.08 W
2026/08/27 13:33:38.699, 0, 91 %, 30 %, 45016 MiB, 268.95 W
2026/08/27 13:33:38.699, 1, 100 %, 38 %, 43990 MiB, 280.08 W
2026/08/27 13:33:39.371, 0, 100 %, 39 %, 45016 MiB, 268.95 W
2026/08/27 13:33:39.371, 1, 100 %, 38 %, 43990 MiB, 276.05 W
2026/08/27 13:33:40.058, 0, 100 %, 39 %, 45016 MiB, 261.08 W
2026/08/27 13:33:40.058, 1, 100 %, 43 %, 43990 MiB, 267.46 W
2026/08/27 13:33:40.700, 0, 100 %, 38 %, 45016 MiB, 250.90 W
2026/08/27 13:33:40.702, 1, 39 %, 43 %, 43990 MiB, 267.46 W
2026/08/27 13:33:41.332, 0, 100 %, 38 %, 45016 MiB, 250.90 W
2026/08/27 13:33:41.332, 1, 39 %, 43 %, 43990 MiB, 267.46 W
2026/08/27 13:33:42.002, 0, 100 %, 38 %, 45016 MiB, 270.10 W
2026/08/27 13:33:42.002, 1, 39 %, 43 %, 43990 MiB, 278.64 W
2026/08/27 13:33:42.679, 0, 100 %, 38 %, 45016 MiB, 269.02 W
2026/08/27 13:33:42.679, 1, 100 %, 49 %, 43990 MiB, 279.76 W
2026/08/27 13:33:43.390, 0, 100 %, 43 %, 45016 MiB, 266.56 W
2026/08/27 13:33:43.390, 1, 100 %, 49 %, 43990 MiB, 279.76 W
2026/08/27 13:33:44.028, 0, 100 %, 43 %, 45016 MiB, 266.56 W
2026/08/27 13:33:44.028, 1, 100 %, 49 %, 43990 MiB, 268.27 W
2026/08/27 13:33:44.728, 0, 100 %, 41 %, 45016 MiB, 261.55 W
2026/08/27 13:33:44.729, 1, 100 %, 38 %, 43990 MiB, 269.73 W
2026/08/27 13:33:45.355, 0, 100 %, 41 %, 45016 MiB, 249.18 W
2026/08/27 13:33:45.355, 1, 100 %, 38 %, 43990 MiB, 269.73 W
2026/08/27 13:33:46.047, 0, 100 %, 40 %, 45016 MiB, 249.18 W
2026/08/27 13:33:46.047, 1, 100 %, 84 %, 43990 MiB, 262.20 W
2026/08/27 13:33:46.776, 0, 100 %, 45 %, 45016 MiB, 270.17 W
2026/08/27 13:33:46.776, 1, 100 %, 84 %, 43990 MiB, 262.20 W
2026/08/27 13:33:47.458, 0, 100 %, 50 %, 45016 MiB, 268.81 W
2026/08/27 13:33:47.458, 1, 100 %, 84 %, 43990 MiB, 277.16 W
2026/08/27 13:33:48.138, 0, 100 %, 50 %, 45016 MiB, 268.81 W
2026/08/27 13:33:48.138, 1, 100 %, 39 %, 43990 MiB, 277.38 W
2026/08/27 13:33:48.822, 0, 100 %, 50 %, 45016 MiB, 261.66 W
2026/08/27 13:33:48.822, 1, 100 %, 39 %, 43990 MiB, 277.38 W
2026/08/27 13:33:49.471, 0, 100 %, 38 %, 45016 MiB, 252.99 W
2026/08/27 13:33:49.476, 1, 100 %, 59 %, 43990 MiB, 266.75 W
2026/08/27 13:33:50.094, 0, 100 %, 38 %, 45016 MiB, 252.99 W
2026/08/27 13:33:50.094, 1, 100 %, 39 %, 43990 MiB, 256.26 W
2026/08/27 13:33:50.752, 0, 69 %, 36 %, 45016 MiB, 260.88 W
2026/08/27 13:33:50.754, 1, 100 %, 39 %, 43990 MiB, 256.26 W
2026/08/27 13:33:51.454, 0, 69 %, 36 %, 45016 MiB, 270.53 W
2026/08/27 13:33:51.457, 1, 100 %, 38 %, 43990 MiB, 279.85 W
2026/08/27 13:33:52.140, 0, 86 %, 95 %, 45016 MiB, 270.53 W
2026/08/27 13:33:52.140, 1, 100 %, 38 %, 43990 MiB, 279.85 W
2026/08/27 13:33:52.778, 0, 86 %, 95 %, 45016 MiB, 269.67 W
2026/08/27 13:33:52.779, 1, 100 %, 38 %, 43990 MiB, 276.94 W
2026/08/27 13:33:53.440, 0, 100 %, 38 %, 45016 MiB, 262.54 W
2026/08/27 13:33:53.440, 1, 100 %, 51 %, 43990 MiB, 268.27 W
2026/08/27 13:33:54.097, 0, 100 %, 38 %, 45016 MiB, 262.54 W
2026/08/27 13:33:54.097, 1, 100 %, 46 %, 43990 MiB, 256.62 W
2026/08/27 13:33:54.802, 0, 100 %, 38 %, 45016 MiB, 247.21 W
2026/08/27 13:33:54.806, 1, 100 %, 46 %, 43990 MiB, 256.62 W
2026/08/27 13:33:55.518, 0, 100 %, 38 %, 45016 MiB, 263.43 W
2026/08/27 13:33:55.518, 1, 100 %, 38 %, 43990 MiB, 280.78 W
2026/08/27 13:33:56.154, 0, 100 %, 38 %, 45016 MiB, 263.43 W
2026/08/27 13:33:56.155, 1, 100 %, 38 %, 43990 MiB, 280.78 W
2026/08/27 13:33:56.856, 0, 100 %, 38 %, 45016 MiB, 268.47 W
2026/08/27 13:33:56.856, 1, 100 %, 38 %, 43990 MiB, 278.26 W
2026/08/27 13:33:57.503, 0, 61 %, 66 %, 45016 MiB, 268.47 W
2026/08/27 13:33:57.503, 1, 100 %, 42 %, 43990 MiB, 269.07 W
2026/08/27 13:33:58.193, 0, 61 %, 66 %, 45016 MiB, 268.47 W
2026/08/27 13:33:58.193, 1, 100 %, 38 %, 43990 MiB, 269.07 W
2026/08/27 13:33:58.815, 0, 100 %, 44 %, 45016 MiB, 252.59 W
2026/08/27 13:33:58.815, 1, 100 %, 38 %, 43990 MiB, 269.07 W
2026/08/27 13:33:59.460, 0, 100 %, 74 %, 45016 MiB, 252.59 W
2026/08/27 13:33:59.465, 1, 100 %, 42 %, 43990 MiB, 279.48 W
2026/08/27 13:34:00.163, 0, 100 %, 74 %, 45016 MiB, 272.70 W
2026/08/27 13:34:00.164, 1, 100 %, 42 %, 43990 MiB, 279.48 W
2026/08/27 13:34:00.841, 0, 100 %, 100 %, 45016 MiB, 272.70 W
2026/08/27 13:34:00.846, 1, 100 %, 42 %, 43990 MiB, 279.48 W
2026/08/27 13:34:01.492, 0, 100 %, 100 %, 45016 MiB, 272.70 W
2026/08/27 13:34:01.495, 1, 100 %, 38 %, 43990 MiB, 275.88 W
2026/08/27 13:34:02.194, 0, 100 %, 46 %, 45016 MiB, 261.93 W
2026/08/27 13:34:02.194, 1, 100 %, 40 %, 43990 MiB, 275.88 W
2026/08/27 13:34:02.861, 0, 100 %, 43 %, 45016 MiB, 261.93 W
2026/08/27 13:34:02.861, 1, 100 %, 40 %, 43990 MiB, 275.88 W
2026/08/27 13:34:03.572, 0, 100 %, 43 %, 45016 MiB, 252.88 W
2026/08/27 13:34:03.574, 1, 100 %, 59 %, 43990 MiB, 261.35 W
2026/08/27 13:34:04.267, 0, 100 %, 38 %, 45016 MiB, 274.64 W
2026/08/27 13:34:04.267, 1, 100 %, 59 %, 43990 MiB, 261.35 W
2026/08/27 13:34:04.902, 0, 100 %, 38 %, 45016 MiB, 274.64 W
2026/08/27 13:34:04.902, 1, 100 %, 59 %, 43990 MiB, 261.35 W
2026/08/27 13:34:05.600, 0, 100 %, 38 %, 45016 MiB, 267.95 W
2026/08/27 13:34:05.600, 1, 100 %, 40 %, 43990 MiB, 277.33 W
2026/08/27 13:34:06.228, 0, 100 %, 38 %, 45016 MiB, 259.99 W
2026/08/27 13:34:06.229, 1, 100 %, 42 %, 43990 MiB, 270.60 W
2026/08/27 13:34:06.909, 0, 100 %, 43 %, 45016 MiB, 259.99 W
2026/08/27 13:34:06.909, 1, 100 %, 42 %, 43990 MiB, 270.60 W
2026/08/27 13:34:07.543, 0, 100 %, 43 %, 45016 MiB, 259.99 W
2026/08/27 13:34:07.544, 1, 100 %, 45 %, 43990 MiB, 258.07 W
2026/08/27 13:34:08.209, 0, 100 %, 43 %, 45016 MiB, 250.85 W
2026/08/27 13:34:08.210, 1, 100 %, 45 %, 43990 MiB, 258.07 W
2026/08/27 13:34:08.930, 0, 100 %, 43 %, 45016 MiB, 270.83 W
2026/08/27 13:34:08.931, 1, 100 %, 45 %, 43990 MiB, 280.85 W
2026/08/27 13:34:09.593, 0, 100 %, 43 %, 45016 MiB, 269.70 W
2026/08/27 13:34:09.593, 1, 100 %, 47 %, 43990 MiB, 278.10 W
2026/08/27 13:34:10.260, 0, 100 %, 38 %, 45016 MiB, 263.32 W
2026/08/27 13:34:10.261, 1, 100 %, 48 %, 43990 MiB, 278.10 W
2026/08/27 13:34:10.950, 0, 100 %, 38 %, 45016 MiB, 263.32 W
2026/08/27 13:34:10.951, 1, 100 %, 48 %, 43990 MiB, 278.10 W
2026/08/27 13:34:11.594, 0, 100 %, 38 %, 45016 MiB, 263.32 W
2026/08/27 13:34:11.594, 1, 100 %, 48 %, 43990 MiB, 257.80 W
2026/08/27 13:34:12.278, 0, 100 %, 38 %, 45016 MiB, 254.30 W
2026/08/27 13:34:12.278, 1, 100 %, 38 %, 43990 MiB, 258.49 W
2026/08/27 13:34:12.968, 0, 100 %, 38 %, 45016 MiB, 254.30 W
2026/08/27 13:34:12.969, 1, 100 %, 38 %, 43990 MiB, 258.49 W
2026/08/27 13:34:13.634, 0, 100 %, 38 %, 45016 MiB, 272.06 W
2026/08/27 13:34:13.635, 1, 100 %, 38 %, 43990 MiB, 271.69 W
2026/08/27 13:34:14.375, 0, 100 %, 38 %, 45016 MiB, 268.92 W
2026/08/27 13:34:14.375, 1, 100 %, 51 %, 43990 MiB, 275.67 W
2026/08/27 13:34:15.015, 0, 100 %, 38 %, 45016 MiB, 268.92 W
2026/08/27 13:34:15.016, 1, 99 %, 39 %, 43990 MiB, 275.67 W
2026/08/27 13:34:15.701, 0, 100 %, 38 %, 45016 MiB, 259.73 W
2026/08/27 13:34:15.701, 1, 99 %, 39 %, 43990 MiB, 271.51 W
2026/08/27 13:34:16.327, 0, 57 %, 14 %, 45016 MiB, 248.19 W
2026/08/27 13:34:16.328, 1, 100 %, 42 %, 43990 MiB, 260.65 W
2026/08/27 13:34:16.985, 0, 98 %, 33 %, 45016 MiB, 248.19 W
2026/08/27 13:34:16.985, 1, 100 %, 42 %, 43990 MiB, 260.65 W
2026/08/27 13:34:17.714, 0, 98 %, 33 %, 45016 MiB, 267.71 W
2026/08/27 13:34:17.714, 1, 100 %, 42 %, 43990 MiB, 278.43 W
2026/08/27 13:34:18.368, 0, 98 %, 33 %, 45016 MiB, 270.39 W
2026/08/27 13:34:18.368, 1, 55 %, 61 %, 43990 MiB, 276.80 W
2026/08/27 13:34:19.047, 0, 100 %, 38 %, 45016 MiB, 270.39 W
2026/08/27 13:34:19.047, 1, 55 %, 61 %, 43990 MiB, 276.80 W
2026/08/27 13:34:19.746, 0, 100 %, 42 %, 45016 MiB, 262.93 W
2026/08/27 13:34:19.747, 1, 100 %, 42 %, 43990 MiB, 270.41 W
2026/08/27 13:34:20.402, 0, 100 %, 43 %, 45016 MiB, 252.66 W
2026/08/27 13:34:20.402, 1, 28 %, 30 %, 43990 MiB, 270.41 W
2026/08/27 13:34:21.085, 0, 100 %, 43 %, 45016 MiB, 252.66 W
2026/08/27 13:34:21.085, 1, 28 %, 30 %, 43990 MiB, 257.19 W
2026/08/27 13:34:21.752, 0, 100 %, 43 %, 45016 MiB, 269.59 W
2026/08/27 13:34:21.752, 1, 100 %, 45 %, 43990 MiB, 278.59 W
2026/08/27 13:34:22.422, 0, 100 %, 38 %, 45016 MiB, 266.04 W
2026/08/27 13:34:22.424, 1, 100 %, 45 %, 43990 MiB, 278.59 W
2026/08/27 13:34:23.136, 0, 100 %, 38 %, 45016 MiB, 266.04 W
2026/08/27 13:34:23.136, 1, 100 %, 45 %, 43990 MiB, 279.07 W
2026/08/27 13:34:23.807, 0, 2 %, 1 %, 45016 MiB, 268.75 W
2026/08/27 13:34:23.807, 1, 28 %, 30 %, 43990 MiB, 267.32 W
2026/08/27 13:34:24.516, 0, 100 %, 88 %, 45016 MiB, 257.85 W
2026/08/27 13:34:24.520, 1, 100 %, 38 %, 43990 MiB, 267.32 W
2026/08/27 13:34:25.146, 0, 100 %, 88 %, 45016 MiB, 257.85 W
2026/08/27 13:34:25.146, 1, 100 %, 38 %, 43990 MiB, 255.53 W
2026/08/27 13:34:25.817, 0, 100 %, 88 %, 45016 MiB, 246.78 W
2026/08/27 13:34:25.819, 1, 100 %, 73 %, 43990 MiB, 259.37 W
2026/08/27 13:34:26.559, 0, 100 %, 38 %, 45016 MiB, 273.11 W
2026/08/27 13:34:26.559, 1, 100 %, 73 %, 43990 MiB, 259.37 W
2026/08/27 13:34:27.218, 0, 100 %, 38 %, 45016 MiB, 273.11 W
2026/08/27 13:34:27.218, 1, 100 %, 73 %, 43990 MiB, 275.83 W
2026/08/27 13:34:27.904, 0, 100 %, 38 %, 45016 MiB, 263.75 W
2026/08/27 13:34:27.904, 1, 100 %, 69 %, 43990 MiB, 277.47 W
2026/08/27 13:34:28.583, 0, 100 %, 37 %, 45016 MiB, 263.75 W
2026/08/27 13:34:28.583, 1, 100 %, 69 %, 43990 MiB, 277.47 W
2026/08/27 13:34:29.213, 0, 100 %, 37 %, 45016 MiB, 263.75 W
2026/08/27 13:34:29.213, 1, 100 %, 69 %, 43990 MiB, 277.47 W
2026/08/27 13:34:29.885, 0, 100 %, 37 %, 45016 MiB, 257.23 W
2026/08/27 13:34:29.885, 1, 100 %, 69 %, 43990 MiB, 259.02 W
2026/08/27 13:34:30.554, 0, 100 %, 100 %, 45016 MiB, 257.23 W
2026/08/27 13:34:30.554, 1, 99 %, 48 %, 43990 MiB, 279.40 W
2026/08/27 13:34:31.231, 0, 100 %, 100 %, 45016 MiB, 257.23 W
2026/08/27 13:34:31.231, 1, 100 %, 38 %, 43990 MiB, 279.40 W
2026/08/27 13:34:31.966, 0, 100 %, 39 %, 45016 MiB, 269.03 W
2026/08/27 13:34:31.967, 1, 100 %, 38 %, 43990 MiB, 277.74 W
2026/08/27 13:34:32.625, 0, 100 %, 49 %, 45016 MiB, 269.03 W
2026/08/27 13:34:32.625, 1, 100 %, 43 %, 43990 MiB, 268.91 W
2026/08/27 13:34:33.325, 0, 100 %, 49 %, 45016 MiB, 269.03 W
2026/08/27 13:34:33.326, 1, 100 %, 43 %, 43990 MiB, 268.91 W
2026/08/27 13:34:33.947, 0, 100 %, 49 %, 45016 MiB, 254.12 W
2026/08/27 13:34:33.948, 1, 100 %, 43 %, 43990 MiB, 260.55 W
2026/08/27 13:34:34.637, 0, 100 %, 35 %, 45016 MiB, 270.96 W
2026/08/27 13:34:34.637, 1, 100 %, 35 %, 43990 MiB, 259.92 W
2026/08/27 13:34:35.380, 0, 100 %, 35 %, 45016 MiB, 270.96 W
2026/08/27 13:34:35.380, 1, 100 %, 35 %, 43990 MiB, 259.92 W
2026/08/27 13:34:36.031, 0, 85 %, 27 %, 45016 MiB, 269.62 W
2026/08/27 13:34:36.031, 1, 100 %, 35 %, 43990 MiB, 277.33 W
2026/08/27 13:34:36.700, 0, 74 %, 22 %, 45016 MiB, 264.97 W
2026/08/27 13:34:36.700, 1, 100 %, 38 %, 43990 MiB, 278.25 W
2026/08/27 13:34:37.388, 0, 74 %, 22 %, 45016 MiB, 264.97 W
2026/08/27 13:34:37.388, 1, 100 %, 43 %, 43990 MiB, 278.25 W
2026/08/27 13:34:38.031, 0, 74 %, 22 %, 45016 MiB, 262.80 W
2026/08/27 13:34:38.031, 1, 100 %, 43 %, 43990 MiB, 270.40 W
2026/08/27 13:34:38.703, 0, 100 %, 38 %, 45016 MiB, 248.88 W
2026/08/27 13:34:38.703, 1, 100 %, 43 %, 43990 MiB, 256.49 W
2026/08/27 13:34:39.361, 0, 100 %, 38 %, 45016 MiB, 248.88 W
2026/08/27 13:34:39.361, 1, 66 %, 61 %, 43990 MiB, 277.02 W
2026/08/27 13:34:40.037, 0, 100 %, 38 %, 45016 MiB, 270.45 W
2026/08/27 13:34:40.037, 1, 66 %, 61 %, 43990 MiB, 277.02 W
2026/08/27 13:34:40.746, 0, 100 %, 38 %, 45016 MiB, 268.88 W
2026/08/27 13:34:40.746, 1, 100 %, 49 %, 43990 MiB, 276.27 W
2026/08/27 13:34:41.412, 0, 100 %, 38 %, 45016 MiB, 268.88 W
2026/08/27 13:34:41.412, 1, 99 %, 39 %, 43990 MiB, 269.27 W
2026/08/27 13:34:42.123, 0, 100 %, 38 %, 45016 MiB, 259.83 W
2026/08/27 13:34:42.125, 1, 99 %, 39 %, 43990 MiB, 269.27 W
2026/08/27 13:34:42.718, 0, 100 %, 38 %, 45016 MiB, 257.88 W
2026/08/27 13:34:42.718, 1, 100 %, 43 %, 43990 MiB, 259.50 W
2026/08/27 13:34:43.417, 0, 100 %, 39 %, 45016 MiB, 248.30 W
2026/08/27 13:34:43.419, 1, 100 %, 43 %, 43990 MiB, 259.50 W
2026/08/27 13:34:44.136, 0, 100 %, 39 %, 45016 MiB, 270.63 W
2026/08/27 13:34:44.137, 1, 100 %, 43 %, 43990 MiB, 277.03 W
2026/08/27 13:34:44.801, 0, 100 %, 87 %, 45016 MiB, 267.91 W
2026/08/27 13:34:44.802, 1, 55 %, 60 %, 43990 MiB, 276.16 W
2026/08/27 13:34:45.488, 0, 96 %, 100 %, 45016 MiB, 267.91 W
2026/08/27 13:34:45.489, 1, 100 %, 38 %, 43990 MiB, 276.16 W
2026/08/27 13:34:46.151, 0, 96 %, 100 %, 45016 MiB, 267.91 W
2026/08/27 13:34:46.152, 1, 100 %, 38 %, 43990 MiB, 270.33 W
2026/08/27 13:34:46.795, 0, 24 %, 1 %, 45016 MiB, 263.43 W
2026/08/27 13:34:46.795, 1, 41 %, 44 %, 43990 MiB, 270.18 W
2026/08/27 13:34:47.415, 0, 24 %, 1 %, 45016 MiB, 263.43 W
2026/08/27 13:34:47.415, 1, 41 %, 44 %, 43990 MiB, 270.18 W
2026/08/27 13:34:48.058, 0, 24 %, 1 %, 45016 MiB, 256.54 W
2026/08/27 13:34:48.058, 1, 41 %, 44 %, 43990 MiB, 278.80 W
2026/08/27 13:34:48.767, 0, 24 %, 1 %, 45016 MiB, 270.51 W
2026/08/27 13:34:48.769, 1, 100 %, 41 %, 43990 MiB, 281.86 W
2026/08/27 13:34:49.454, 0, 55 %, 43 %, 45016 MiB, 270.51 W
2026/08/27 13:34:49.455, 1, 100 %, 41 %, 43990 MiB, 281.86 W
2026/08/27 13:34:50.105, 0, 55 %, 43 %, 45016 MiB, 264.32 W
2026/08/27 13:34:50.106, 1, 100 %, 38 %, 43990 MiB, 271.68 W
2026/08/27 13:34:50.784, 0, 100 %, 38 %, 45016 MiB, 264.32 W
2026/08/27 13:34:50.784, 1, 100 %, 39 %, 43990 MiB, 271.65 W
2026/08/27 13:34:51.431, 0, 100 %, 38 %, 45016 MiB, 264.32 W
2026/08/27 13:34:51.432, 1, 100 %, 39 %, 43990 MiB, 271.65 W
2026/08/27 13:34:52.146, 0, 100 %, 38 %, 45016 MiB, 264.06 W
2026/08/27 13:34:52.146, 1, 100 %, 39 %, 43990 MiB, 272.06 W
2026/08/27 13:34:52.857, 0, 95 %, 32 %, 45016 MiB, 264.06 W
2026/08/27 13:34:52.858, 1, 100 %, 42 %, 43990 MiB, 280.96 W
2026/08/27 13:34:53.491, 0, 95 %, 32 %, 45016 MiB, 272.26 W
2026/08/27 13:34:53.491, 1, 66 %, 62 %, 43990 MiB, 280.96 W
2026/08/27 13:34:54.200, 0, 95 %, 32 %, 45016 MiB, 272.53 W
2026/08/27 13:34:54.201, 1, 66 %, 62 %, 43990 MiB, 278.93 W
2026/08/27 13:34:54.846, 0, 16 %, 1 %, 45016 MiB, 259.93 W
2026/08/27 13:34:54.846, 1, 100 %, 49 %, 43990 MiB, 269.28 W
2026/08/27 13:34:55.523, 0, 100 %, 38 %, 45016 MiB, 259.93 W
2026/08/27 13:34:55.524, 1, 100 %, 49 %, 43990 MiB, 269.28 W
2026/08/27 13:34:56.139, 0, 100 %, 38 %, 45016 MiB, 251.68 W
2026/08/27 13:34:56.140, 1, 100 %, 49 %, 43990 MiB, 257.16 W
2026/08/27 13:34:56.776, 0, 100 %, 43 %, 45016 MiB, 256.28 W
2026/08/27 13:34:56.778, 1, 69 %, 31 %, 43990 MiB, 270.78 W
2026/08/27 13:34:57.491, 0, 100 %, 43 %, 45016 MiB, 270.99 W
2026/08/27 13:34:57.491, 1, 69 %, 31 %, 43990 MiB, 270.78 W
2026/08/27 13:34:58.182, 0, 100 %, 43 %, 45016 MiB, 272.05 W
2026/08/27 13:34:58.183, 1, 69 %, 31 %, 43990 MiB, 277.57 W
2026/08/27 13:34:58.847, 0, 100 %, 39 %, 45016 MiB, 272.05 W
2026/08/27 13:34:58.847, 1, 33 %, 37 %, 43990 MiB, 274.58 W
2026/08/27 13:34:59.520, 0, 100 %, 51 %, 45016 MiB, 261.92 W
2026/08/27 13:34:59.520, 1, 33 %, 37 %, 43990 MiB, 274.58 W
2026/08/27 13:35:00.191, 0, 100 %, 44 %, 45016 MiB, 261.92 W
2026/08/27 13:35:00.192, 1, 33 %, 37 %, 43990 MiB, 274.58 W
2026/08/27 13:35:00.909, 0, 100 %, 44 %, 45016 MiB, 251.14 W
2026/08/27 13:35:00.909, 1, 100 %, 40 %, 43990 MiB, 258.12 W
2026/08/27 13:35:01.609, 0, 100 %, 44 %, 45016 MiB, 272.47 W
2026/08/27 13:35:01.609, 1, 100 %, 48 %, 43990 MiB, 258.12 W
2026/08/27 13:35:02.251, 0, 100 %, 38 %, 45016 MiB, 272.47 W
2026/08/27 13:35:02.251, 1, 100 %, 48 %, 43990 MiB, 275.41 W
2026/08/27 13:35:02.963, 0, 100 %, 39 %, 45016 MiB, 272.58 W
2026/08/27 13:35:02.964, 1, 100 %, 38 %, 43990 MiB, 277.53 W
2026/08/27 13:35:03.589, 0, 100 %, 39 %, 45016 MiB, 262.01 W
2026/08/27 13:35:03.590, 1, 100 %, 38 %, 43990 MiB, 277.53 W
2026/08/27 13:35:04.271, 0, 100 %, 39 %, 45016 MiB, 262.01 W
2026/08/27 13:35:04.271, 1, 100 %, 38 %, 43990 MiB, 269.24 W
2026/08/27 13:35:04.906, 0, 100 %, 39 %, 45016 MiB, 262.01 W
2026/08/27 13:35:04.906, 1, 100 %, 43 %, 43990 MiB, 258.71 W
2026/08/27 13:35:05.554, 0, 100 %, 38 %, 45016 MiB, 271.97 W
2026/08/27 13:35:05.554, 1, 100 %, 89 %, 43990 MiB, 258.71 W
2026/08/27 13:35:06.290, 0, 100 %, 38 %, 45016 MiB, 271.97 W
2026/08/27 13:35:06.290, 1, 100 %, 89 %, 43990 MiB, 282.08 W
2026/08/27 13:35:06.967, 0, 100 %, 43 %, 45016 MiB, 269.50 W
2026/08/27 13:35:06.967, 1, 100 %, 42 %, 43990 MiB, 277.46 W
2026/08/27 13:35:07.629, 0, 17 %, 18 %, 45016 MiB, 269.23 W
2026/08/27 13:35:07.630, 1, 100 %, 42 %, 43990 MiB, 277.46 W
2026/08/27 13:35:08.329, 0, 17 %, 18 %, 45016 MiB, 262.00 W
2026/08/27 13:35:08.330, 1, 100 %, 42 %, 43990 MiB, 268.08 W
2026/08/27 13:35:08.994, 0, 17 %, 18 %, 45016 MiB, 252.06 W
2026/08/27 13:35:08.994, 1, 69 %, 76 %, 43990 MiB, 259.70 W
2026/08/27 13:35:09.707, 0, 100 %, 44 %, 45016 MiB, 252.06 W
2026/08/27 13:35:09.710, 1, 100 %, 38 %, 43990 MiB, 259.70 W
2026/08/27 13:35:10.424, 0, 100 %, 44 %, 45016 MiB, 270.60 W
2026/08/27 13:35:10.425, 1, 100 %, 38 %, 43990 MiB, 280.03 W
2026/08/27 13:35:11.061, 0, 100 %, 37 %, 45016 MiB, 269.86 W
2026/08/27 13:35:11.062, 1, 62 %, 17 %, 43990 MiB, 276.56 W
2026/08/27 13:35:11.762, 0, 100 %, 37 %, 45016 MiB, 270.45 W
2026/08/27 13:35:11.762, 1, 62 %, 17 %, 43990 MiB, 276.56 W
2026/08/27 13:35:12.387, 0, 33 %, 36 %, 45016 MiB, 269.37 W
2026/08/27 13:35:12.387, 1, 62 %, 17 %, 43990 MiB, 270.55 W
2026/08/27 13:35:13.075, 0, 1 %, 0 %, 45016 MiB, 263.18 W
2026/08/27 13:35:13.075, 1, 100 %, 55 %, 43990 MiB, 271.10 W
2026/08/27 13:35:13.693, 0, 1 %, 0 %, 45016 MiB, 263.18 W
2026/08/27 13:35:13.693, 1, 100 %, 55 %, 43990 MiB, 271.10 W
2026/08/27 13:35:14.355, 0, 1 %, 0 %, 45016 MiB, 263.18 W
2026/08/27 13:35:14.358, 1, 100 %, 55 %, 43990 MiB, 278.91 W
2026/08/27 13:35:15.093, 0, 100 %, 50 %, 45016 MiB, 271.52 W
2026/08/27 13:35:15.093, 1, 100 %, 50 %, 43990 MiB, 279.91 W
2026/08/27 13:35:15.764, 0, 100 %, 50 %, 45016 MiB, 271.52 W
2026/08/27 13:35:15.765, 1, 100 %, 43 %, 43990 MiB, 279.91 W
2026/08/27 13:35:16.433, 0, 100 %, 50 %, 45016 MiB, 268.83 W
2026/08/27 13:35:16.435, 1, 100 %, 43 %, 43990 MiB, 276.33 W
2026/08/27 13:35:17.121, 0, 100 %, 43 %, 45016 MiB, 262.61 W
2026/08/27 13:35:17.122, 1, 100 %, 43 %, 43990 MiB, 267.68 W
2026/08/27 13:35:17.768, 0, 74 %, 82 %, 45016 MiB, 262.61 W
2026/08/27 13:35:17.770, 1, 100 %, 38 %, 43990 MiB, 268.35 W
2026/08/27 13:35:18.425, 0, 74 %, 82 %, 45016 MiB, 248.12 W
2026/08/27 13:35:18.425, 1, 100 %, 39 %, 43990 MiB, 268.35 W
2026/08/27 13:35:19.107, 0, 100 %, 70 %, 45016 MiB, 251.34 W
2026/08/27 13:35:19.107, 1, 100 %, 39 %, 43990 MiB, 279.79 W
2026/08/27 13:35:19.768, 0, 100 %, 70 %, 45016 MiB, 251.34 W
2026/08/27 13:35:19.769, 1, 100 %, 92 %, 43990 MiB, 278.92 W
2026/08/27 13:35:20.491, 0, 100 %, 44 %, 45016 MiB, 269.89 W
2026/08/27 13:35:20.491, 1, 100 %, 92 %, 43990 MiB, 278.92 W
2026/08/27 13:35:21.158, 0, 100 %, 42 %, 45016 MiB, 269.89 W
2026/08/27 13:35:21.158, 1, 100 %, 92 %, 43990 MiB, 268.59 W
2026/08/27 13:35:21.875, 0, 100 %, 42 %, 45016 MiB, 261.53 W
2026/08/27 13:35:21.875, 1, 100 %, 37 %, 43990 MiB, 269.90 W
2026/08/27 13:35:22.505, 0, 100 %, 42 %, 45016 MiB, 251.69 W
2026/08/27 13:35:22.505, 1, 100 %, 37 %, 43990 MiB, 269.90 W
2026/08/27 13:35:23.173, 0, 100 %, 37 %, 45016 MiB, 249.20 W
2026/08/27 13:35:23.174, 1, 83 %, 26 %, 43990 MiB, 272.93 W
2026/08/27 13:35:23.905, 0, 100 %, 37 %, 45016 MiB, 270.37 W
2026/08/27 13:35:23.906, 1, 83 %, 26 %, 43990 MiB, 272.93 W
2026/08/27 13:35:24.561, 0, 53 %, 16 %, 45016 MiB, 268.56 W
2026/08/27 13:35:24.561, 1, 83 %, 26 %, 43990 MiB, 272.93 W
2026/08/27 13:35:25.250, 0, 100 %, 38 %, 45016 MiB, 268.56 W
2026/08/27 13:35:25.250, 1, 100 %, 37 %, 43990 MiB, 271.43 W
2026/08/27 13:35:25.934, 0, 100 %, 38 %, 45016 MiB, 259.79 W
2026/08/27 13:35:25.934, 1, 100 %, 38 %, 43990 MiB, 266.89 W
2026/08/27 13:35:26.568, 0, 100 %, 38 %, 45016 MiB, 253.29 W
2026/08/27 13:35:26.568, 1, 100 %, 38 %, 43990 MiB, 266.89 W
2026/08/27 13:35:27.236, 0, 100 %, 38 %, 45016 MiB, 253.29 W
2026/08/27 13:35:27.236, 1, 100 %, 38 %, 43990 MiB, 257.64 W
2026/08/27 13:35:27.914, 0, 80 %, 25 %, 45016 MiB, 265.05 W
2026/08/27 13:35:27.914, 1, 100 %, 43 %, 43990 MiB, 279.02 W
2026/08/27 13:35:28.585, 0, 80 %, 25 %, 45016 MiB, 267.15 W
2026/08/27 13:35:28.585, 1, 100 %, 43 %, 43990 MiB, 279.02 W
2026/08/27 13:35:29.317, 0, 99 %, 39 %, 45016 MiB, 267.15 W
2026/08/27 13:35:29.318, 1, 100 %, 38 %, 43990 MiB, 276.77 W
2026/08/27 13:35:29.991, 0, 99 %, 39 %, 45016 MiB, 268.57 W
2026/08/27 13:35:29.991, 1, 100 %, 38 %, 43990 MiB, 276.77 W
2026/08/27 13:35:30.696, 0, 100 %, 39 %, 45016 MiB, 261.02 W
2026/08/27 13:35:30.696, 1, 100 %, 38 %, 43990 MiB, 269.84 W
2026/08/27 13:35:31.322, 0, 100 %, 39 %, 45016 MiB, 261.02 W
2026/08/27 13:35:31.322, 1, 0 %, 0 %, 43990 MiB, 260.89 W
2026/08/27 13:35:32.003, 0, 100 %, 39 %, 45016 MiB, 245.35 W
2026/08/27 13:35:32.004, 1, 0 %, 0 %, 43990 MiB, 260.89 W
2026/08/27 13:35:32.738, 0, 100 %, 48 %, 45016 MiB, 269.33 W
2026/08/27 13:35:32.739, 1, 100 %, 40 %, 43990 MiB, 279.77 W
2026/08/27 13:35:33.402, 0, 100 %, 48 %, 45016 MiB, 269.88 W
2026/08/27 13:35:33.402, 1, 100 %, 42 %, 43990 MiB, 277.50 W
2026/08/27 13:35:34.082, 0, 100 %, 38 %, 45016 MiB, 268.47 W
2026/08/27 13:35:34.082, 1, 100 %, 42 %, 43990 MiB, 277.50 W
2026/08/27 13:35:34.781, 0, 100 %, 38 %, 45016 MiB, 264.99 W
2026/08/27 13:35:34.781, 1, 100 %, 38 %, 43990 MiB, 272.80 W
2026/08/27 13:35:35.446, 0, 100 %, 38 %, 45016 MiB, 263.98 W
2026/08/27 13:35:35.446, 1, 100 %, 38 %, 43990 MiB, 272.80 W
2026/08/27 13:35:36.163, 0, 93 %, 100 %, 45016 MiB, 256.83 W
2026/08/27 13:35:36.163, 1, 100 %, 38 %, 43990 MiB, 260.39 W
2026/08/27 13:35:36.865, 0, 93 %, 100 %, 45016 MiB, 256.83 W
2026/08/27 13:35:36.866, 1, 100 %, 43 %, 43990 MiB, 280.04 W
2026/08/27 13:35:37.509, 0, 93 %, 100 %, 45016 MiB, 272.88 W
2026/08/27 13:35:37.511, 1, 100 %, 59 %, 43990 MiB, 280.04 W
2026/08/27 13:35:38.214, 0, 100 %, 38 %, 45016 MiB, 270.37 W
2026/08/27 13:35:38.214, 1, 100 %, 59 %, 43990 MiB, 277.92 W
2026/08/27 13:35:38.878, 0, 100 %, 38 %, 45016 MiB, 263.30 W
2026/08/27 13:35:38.878, 1, 100 %, 49 %, 43990 MiB, 270.61 W
2026/08/27 13:35:39.581, 0, 29 %, 1 %, 45016 MiB, 261.55 W
2026/08/27 13:35:39.581, 1, 100 %, 49 %, 43990 MiB, 270.61 W
2026/08/27 13:35:40.217, 0, 29 %, 1 %, 45016 MiB, 261.55 W
2026/08/27 13:35:40.217, 1, 100 %, 49 %, 43990 MiB, 270.61 W
2026/08/27 13:35:40.868, 0, 29 %, 1 %, 45016 MiB, 252.28 W
2026/08/27 13:35:40.868, 1, 100 %, 38 %, 43990 MiB, 277.45 W
2026/08/27 13:35:41.580, 0, 100 %, 49 %, 45016 MiB, 270.98 W
2026/08/27 13:35:41.580, 1, 100 %, 38 %, 43990 MiB, 277.45 W
2026/08/27 13:35:42.254, 0, 100 %, 49 %, 45016 MiB, 267.01 W
2026/08/27 13:35:42.255, 1, 100 %, 38 %, 43990 MiB, 277.45 W
2026/08/27 13:35:42.915, 0, 100 %, 38 %, 45016 MiB, 269.45 W
2026/08/27 13:35:42.915, 1, 36 %, 39 %, 43990 MiB, 275.43 W
2026/08/27 13:35:43.617, 0, 100 %, 38 %, 45016 MiB, 266.98 W
2026/08/27 13:35:43.620, 1, 36 %, 39 %, 43990 MiB, 275.43 W
2026/08/27 13:35:44.289, 0, 100 %, 38 %, 45016 MiB, 258.07 W
2026/08/27 13:35:44.289, 1, 36 %, 39 %, 43990 MiB, 260.33 W
2026/08/27 13:35:45.008, 0, 100 %, 38 %, 45016 MiB, 255.02 W
2026/08/27 13:35:45.008, 1, 100 %, 44 %, 43990 MiB, 258.99 W
2026/08/27 13:35:45.712, 0, 70 %, 72 %, 45016 MiB, 255.02 W
2026/08/27 13:35:45.713, 1, 100 %, 44 %, 43990 MiB, 258.99 W
2026/08/27 13:35:46.360, 0, 70 %, 72 %, 45016 MiB, 273.02 W
2026/08/27 13:35:46.360, 1, 100 %, 84 %, 43990 MiB, 276.77 W
2026/08/27 13:35:47.070, 0, 70 %, 72 %, 45016 MiB, 269.46 W
2026/08/27 13:35:47.070, 1, 100 %, 38 %, 43990 MiB, 276.77 W
2026/08/27 13:35:47.724, 0, 74 %, 81 %, 45016 MiB, 269.46 W
2026/08/27 13:35:47.725, 1, 100 %, 38 %, 43990 MiB, 267.57 W
2026/08/27 13:35:48.395, 0, 74 %, 81 %, 45016 MiB, 269.46 W
2026/08/27 13:35:48.396, 1, 100 %, 95 %, 43990 MiB, 268.17 W
2026/08/27 13:35:49.010, 0, 74 %, 81 %, 45016 MiB, 250.23 W
2026/08/27 13:35:49.011, 1, 100 %, 95 %, 43990 MiB, 268.17 W
2026/08/27 13:35:49.659, 0, 100 %, 38 %, 45016 MiB, 254.24 W
2026/08/27 13:35:49.659, 1, 100 %, 95 %, 43990 MiB, 277.90 W
2026/08/27 13:35:50.368, 0, 100 %, 38 %, 45016 MiB, 272.74 W
2026/08/27 13:35:50.368, 1, 100 %, 45 %, 43990 MiB, 279.83 W
2026/08/27 13:35:51.055, 0, 100 %, 46 %, 45016 MiB, 270.27 W
2026/08/27 13:35:51.055, 1, 100 %, 43 %, 43990 MiB, 279.83 W
2026/08/27 13:35:51.711, 0, 100 %, 45 %, 45016 MiB, 270.27 W
2026/08/27 13:35:51.715, 1, 100 %, 43 %, 43990 MiB, 279.34 W
2026/08/27 13:35:52.399, 0, 100 %, 45 %, 45016 MiB, 262.19 W
2026/08/27 13:35:52.400, 1, 100 %, 43 %, 43990 MiB, 269.09 W
2026/08/27 13:35:53.062, 0, 100 %, 38 %, 45016 MiB, 262.19 W
2026/08/27 13:35:53.063, 1, 100 %, 85 %, 43990 MiB, 259.27 W
2026/08/27 13:35:53.799, 0, 100 %, 36 %, 45016 MiB, 262.19 W
2026/08/27 13:35:53.801, 1, 100 %, 85 %, 43990 MiB, 259.27 W
2026/08/27 13:35:54.505, 0, 100 %, 36 %, 45016 MiB, 270.63 W
2026/08/27 13:35:54.505, 1, 100 %, 43 %, 43990 MiB, 278.51 W
2026/08/27 13:35:55.144, 0, 100 %, 38 %, 45016 MiB, 270.63 W
2026/08/27 13:35:55.144, 1, 72 %, 79 %, 43990 MiB, 278.51 W
2026/08/27 13:35:55.849, 0, 100 %, 38 %, 45016 MiB, 267.43 W
2026/08/27 13:35:55.849, 1, 72 %, 79 %, 43990 MiB, 277.69 W
2026/08/27 13:35:56.471, 0, 10 %, 10 %, 45016 MiB, 266.68 W
2026/08/27 13:35:56.471, 1, 100 %, 50 %, 43990 MiB, 271.22 W
2026/08/27 13:35:57.145, 0, 27 %, 30 %, 45016 MiB, 261.24 W
2026/08/27 13:35:57.146, 1, 100 %, 50 %, 43990 MiB, 271.22 W
2026/08/27 13:35:57.738, 0, 27 %, 30 %, 45016 MiB, 261.24 W
2026/08/27 13:35:57.741, 1, 100 %, 50 %, 43990 MiB, 271.22 W
2026/08/27 13:35:58.406, 0, 27 %, 30 %, 45016 MiB, 261.24 W
2026/08/27 13:35:58.407, 1, 100 %, 38 %, 43990 MiB, 269.22 W
2026/08/27 13:35:59.137, 0, 100 %, 40 %, 45016 MiB, 272.71 W
2026/08/27 13:35:59.138, 1, 100 %, 38 %, 43990 MiB, 269.22 W
2026/08/27 13:35:59.788, 0, 100 %, 49 %, 45016 MiB, 272.71 W
2026/08/27 13:35:59.788, 1, 100 %, 38 %, 43990 MiB, 269.22 W
2026/08/27 13:36:00.463, 0, 100 %, 49 %, 45016 MiB, 272.71 W
2026/08/27 13:36:00.463, 1, 100 %, 38 %, 43990 MiB, 275.43 W
2026/08/27 13:36:01.153, 0, 100 %, 49 %, 45016 MiB, 259.60 W
2026/08/27 13:36:01.156, 1, 100 %, 42 %, 43990 MiB, 267.23 W
2026/08/27 13:36:01.775, 0, 100 %, 38 %, 45016 MiB, 256.87 W
2026/08/27 13:36:01.775, 1, 87 %, 96 %, 43990 MiB, 267.23 W
2026/08/27 13:36:02.376, 0, 100 %, 38 %, 45016 MiB, 256.87 W
2026/08/27 13:36:02.377, 1, 87 %, 96 %, 43990 MiB, 267.23 W
2026/08/27 13:36:03.030, 0, 70 %, 53 %, 45016 MiB, 260.23 W
2026/08/27 13:36:03.030, 1, 100 %, 43 %, 43990 MiB, 278.60 W
2026/08/27 13:36:03.726, 0, 70 %, 53 %, 45016 MiB, 269.49 W
2026/08/27 13:36:03.726, 1, 100 %, 43 %, 43990 MiB, 278.60 W
2026/08/27 13:36:04.451, 0, 56 %, 14 %, 45016 MiB, 269.49 W
2026/08/27 13:36:04.451, 1, 100 %, 43 %, 43990 MiB, 275.50 W
2026/08/27 13:36:05.078, 0, 56 %, 14 %, 45016 MiB, 266.77 W
2026/08/27 13:36:05.079, 1, 100 %, 38 %, 43990 MiB, 270.41 W
2026/08/27 13:36:05.751, 0, 56 %, 14 %, 45016 MiB, 261.90 W
2026/08/27 13:36:05.751, 1, 100 %, 38 %, 43990 MiB, 268.95 W
2026/08/27 13:36:06.396, 0, 100 %, 50 %, 45016 MiB, 261.90 W
2026/08/27 13:36:06.397, 1, 100 %, 38 %, 43990 MiB, 268.95 W
2026/08/27 13:36:07.096, 0, 100 %, 50 %, 45016 MiB, 248.51 W
2026/08/27 13:36:07.096, 1, 100 %, 40 %, 43990 MiB, 257.67 W
2026/08/27 13:36:07.800, 0, 100 %, 44 %, 45016 MiB, 271.62 W
2026/08/27 13:36:07.800, 1, 100 %, 40 %, 43990 MiB, 257.67 W
2026/08/27 13:36:08.442, 0, 100 %, 42 %, 45016 MiB, 271.62 W
2026/08/27 13:36:08.442, 1, 100 %, 40 %, 43990 MiB, 276.78 W
2026/08/27 13:36:09.139, 0, 100 %, 42 %, 45016 MiB, 270.33 W
2026/08/27 13:36:09.140, 1, 100 %, 39 %, 43990 MiB, 276.13 W
2026/08/27 13:36:09.784, 0, 100 %, 42 %, 45016 MiB, 260.70 W
2026/08/27 13:36:09.784, 1, 100 %, 43 %, 43990 MiB, 276.13 W
2026/08/27 13:36:10.453, 0, 100 %, 38 %, 45016 MiB, 260.70 W
2026/08/27 13:36:10.455, 1, 100 %, 43 %, 43990 MiB, 267.37 W
2026/08/27 13:36:11.092, 0, 100 %, 38 %, 45016 MiB, 260.70 W
2026/08/27 13:36:11.092, 1, 100 %, 39 %, 43990 MiB, 258.71 W
2026/08/27 13:36:11.747, 0, 100 %, 37 %, 45016 MiB, 268.83 W
2026/08/27 13:36:11.747, 1, 100 %, 39 %, 43990 MiB, 258.71 W
2026/08/27 13:36:12.471, 0, 100 %, 37 %, 45016 MiB, 268.83 W
2026/08/27 13:36:12.472, 1, 100 %, 39 %, 43990 MiB, 279.36 W
2026/08/27 13:36:13.167, 0, 100 %, 42 %, 45016 MiB, 267.76 W
2026/08/27 13:36:13.167, 1, 99 %, 38 %, 43990 MiB, 275.65 W
2026/08/27 13:36:13.812, 0, 24 %, 1 %, 45016 MiB, 267.89 W
2026/08/27 13:36:13.812, 1, 99 %, 38 %, 43990 MiB, 275.65 W
2026/08/27 13:36:14.504, 0, 24 %, 1 %, 45016 MiB, 262.28 W
2026/08/27 13:36:14.504, 1, 100 %, 50 %, 43990 MiB, 269.77 W
2026/08/27 13:36:15.169, 0, 24 %, 1 %, 45016 MiB, 254.87 W
2026/08/27 13:36:15.169, 1, 100 %, 44 %, 43990 MiB, 261.49 W
2026/08/27 13:36:15.888, 0, 100 %, 49 %, 45016 MiB, 252.01 W
2026/08/27 13:36:15.888, 1, 100 %, 44 %, 43990 MiB, 261.49 W
2026/08/27 13:36:16.604, 0, 100 %, 49 %, 45016 MiB, 272.90 W
2026/08/27 13:36:16.604, 1, 100 %, 44 %, 43990 MiB, 282.09 W
2026/08/27 13:36:17.235, 0, 100 %, 38 %, 45016 MiB, 270.77 W
2026/08/27 13:36:17.235, 1, 100 %, 38 %, 43990 MiB, 274.85 W
2026/08/27 13:36:17.931, 0, 100 %, 36 %, 45016 MiB, 270.77 W
2026/08/27 13:36:17.931, 1, 100 %, 38 %, 43990 MiB, 274.85 W
2026/08/27 13:36:18.560, 0, 100 %, 36 %, 45016 MiB, 260.93 W
2026/08/27 13:36:18.560, 1, 99 %, 38 %, 43990 MiB, 270.99 W
2026/08/27 13:36:19.240, 0, 100 %, 36 %, 45016 MiB, 258.33 W
2026/08/27 13:36:19.240, 1, 100 %, 38 %, 43990 MiB, 270.99 W
2026/08/27 13:36:19.862, 0, 52 %, 10 %, 45016 MiB, 251.98 W
2026/08/27 13:36:19.863, 1, 100 %, 38 %, 43990 MiB, 270.99 W
2026/08/27 13:36:20.519, 0, 52 %, 10 %, 45016 MiB, 251.98 W
2026/08/27 13:36:20.519, 1, 100 %, 44 %, 43990 MiB, 278.34 W
2026/08/27 13:36:21.241, 0, 100 %, 39 %, 45016 MiB, 271.24 W
2026/08/27 13:36:21.241, 1, 100 %, 44 %, 43990 MiB, 278.34 W
2026/08/27 13:36:21.907, 0, 100 %, 39 %, 45016 MiB, 271.24 W
2026/08/27 13:36:21.907, 1, 100 %, 44 %, 43990 MiB, 278.34 W
2026/08/27 13:36:22.567, 0, 100 %, 39 %, 45016 MiB, 269.44 W
2026/08/27 13:36:22.567, 1, 100 %, 38 %, 43990 MiB, 276.23 W
2026/08/27 13:36:23.272, 0, 100 %, 42 %, 45016 MiB, 262.21 W
2026/08/27 13:36:23.272, 1, 100 %, 42 %, 43990 MiB, 276.23 W
2026/08/27 13:36:23.938, 0, 100 %, 42 %, 45016 MiB, 262.21 W
2026/08/27 13:36:23.938, 1, 100 %, 42 %, 43990 MiB, 276.23 W
2026/08/27 13:36:24.652, 0, 100 %, 40 %, 45016 MiB, 251.45 W
2026/08/27 13:36:24.653, 1, 100 %, 38 %, 43990 MiB, 259.09 W
2026/08/27 13:36:25.349, 0, 100 %, 38 %, 45016 MiB, 261.98 W
2026/08/27 13:36:25.349, 1, 100 %, 38 %, 43990 MiB, 259.09 W
2026/08/27 13:36:25.988, 0, 100 %, 38 %, 45016 MiB, 261.98 W
2026/08/27 13:36:25.988, 1, 100 %, 38 %, 43990 MiB, 275.99 W
2026/08/27 13:36:26.685, 0, 100 %, 39 %, 45016 MiB, 271.03 W
2026/08/27 13:36:26.685, 1, 100 %, 51 %, 43990 MiB, 276.36 W
2026/08/27 13:36:27.319, 0, 100 %, 39 %, 45016 MiB, 271.03 W
2026/08/27 13:36:27.319, 1, 100 %, 42 %, 43990 MiB, 276.36 W
2026/08/27 13:36:28.004, 0, 100 %, 39 %, 45016 MiB, 264.39 W
2026/08/27 13:36:28.004, 1, 100 %, 42 %, 43990 MiB, 273.40 W
2026/08/27 13:36:28.647, 0, 100 %, 44 %, 45016 MiB, 250.13 W
2026/08/27 13:36:28.647, 1, 100 %, 39 %, 43990 MiB, 260.37 W
2026/08/27 13:36:29.288, 0, 100 %, 44 %, 45016 MiB, 250.13 W
2026/08/27 13:36:29.288, 1, 100 %, 39 %, 43990 MiB, 260.37 W
2026/08/27 13:36:30.011, 0, 100 %, 44 %, 45016 MiB, 269.25 W
2026/08/27 13:36:30.011, 1, 100 %, 39 %, 43990 MiB, 278.46 W
2026/08/27 13:36:30.668, 0, 100 %, 44 %, 45016 MiB, 269.01 W
2026/08/27 13:36:30.668, 1, 99 %, 33 %, 43990 MiB, 275.80 W
2026/08/27 13:36:31.343, 0, 100 %, 39 %, 45016 MiB, 269.01 W
2026/08/27 13:36:31.344, 1, 100 %, 38 %, 43990 MiB, 275.80 W
2026/08/27 13:36:32.022, 0, 100 %, 39 %, 45016 MiB, 262.30 W
2026/08/27 13:36:32.022, 1, 100 %, 38 %, 43990 MiB, 275.80 W
2026/08/27 13:36:32.677, 0, 100 %, 38 %, 45016 MiB, 253.92 W
2026/08/27 13:36:32.681, 1, 100 %, 38 %, 43990 MiB, 259.95 W
2026/08/27 13:36:33.342, 0, 100 %, 38 %, 45016 MiB, 253.92 W
2026/08/27 13:36:33.342, 1, 100 %, 50 %, 43990 MiB, 259.57 W
2026/08/27 13:36:34.018, 0, 100 %, 42 %, 45016 MiB, 272.70 W
2026/08/27 13:36:34.018, 1, 100 %, 43 %, 43990 MiB, 259.57 W
2026/08/27 13:36:34.682, 0, 100 %, 42 %, 45016 MiB, 270.30 W
2026/08/27 13:36:34.682, 1, 100 %, 43 %, 43990 MiB, 271.60 W
2026/08/27 13:36:35.418, 0, 100 %, 43 %, 45016 MiB, 270.30 W
2026/08/27 13:36:35.418, 1, 100 %, 38 %, 43990 MiB, 278.32 W
2026/08/27 13:36:36.065, 0, 100 %, 43 %, 45016 MiB, 265.01 W
2026/08/27 13:36:36.066, 1, 100 %, 38 %, 43990 MiB, 278.32 W
2026/08/27 13:36:36.747, 0, 100 %, 43 %, 45016 MiB, 263.03 W
2026/08/27 13:36:36.747, 1, 100 %, 38 %, 43990 MiB, 270.96 W
2026/08/27 13:36:37.333, 0, 0 %, 0 %, 45016 MiB, 263.03 W
2026/08/27 13:36:37.333, 1, 23 %, 1 %, 43990 MiB, 262.03 W
2026/08/27 13:36:38.006, 0, 0 %, 0 %, 45016 MiB, 263.03 W
2026/08/27 13:36:38.006, 1, 23 %, 1 %, 43990 MiB, 262.03 W
2026/08/27 13:36:38.744, 0, 100 %, 41 %, 45016 MiB, 271.14 W
2026/08/27 13:36:38.744, 1, 100 %, 42 %, 43990 MiB, 278.82 W
2026/08/27 13:36:39.399, 0, 100 %, 51 %, 45016 MiB, 271.14 W
2026/08/27 13:36:39.400, 1, 100 %, 44 %, 43990 MiB, 276.73 W
2026/08/27 13:36:40.084, 0, 100 %, 51 %, 45016 MiB, 271.14 W
2026/08/27 13:36:40.084, 1, 100 %, 44 %, 43990 MiB, 276.73 W
2026/08/27 13:36:40.747, 0, 100 %, 51 %, 45016 MiB, 262.30 W
2026/08/27 13:36:40.747, 1, 100 %, 38 %, 43990 MiB, 270.39 W
2026/08/27 13:36:41.400, 0, 100 %, 38 %, 45016 MiB, 263.90 W
2026/08/27 13:36:41.401, 1, 100 %, 38 %, 43990 MiB, 270.39 W
2026/08/27 13:36:41.996, 0, 100 %, 38 %, 45016 MiB, 263.90 W
2026/08/27 13:36:41.996, 1, 100 %, 38 %, 43990 MiB, 270.39 W
2026/08/27 13:36:42.645, 0, 100 %, 38 %, 45016 MiB, 256.53 W
2026/08/27 13:36:42.645, 1, 100 %, 94 %, 43990 MiB, 278.21 W
2026/08/27 13:36:43.354, 0, 100 %, 41 %, 45016 MiB, 267.03 W
2026/08/27 13:36:43.354, 1, 100 %, 38 %, 43990 MiB, 278.21 W
2026/08/27 13:36:44.041, 0, 100 %, 41 %, 45016 MiB, 267.03 W
2026/08/27 13:36:44.041, 1, 100 %, 38 %, 43990 MiB, 277.28 W
2026/08/27 13:36:44.701, 0, 100 %, 41 %, 45016 MiB, 267.40 W
2026/08/27 13:36:44.701, 1, 49 %, 54 %, 43990 MiB, 270.82 W
2026/08/27 13:36:45.374, 0, 100 %, 50 %, 45016 MiB, 265.13 W
2026/08/27 13:36:45.374, 1, 49 %, 54 %, 43990 MiB, 270.82 W
2026/08/27 13:36:46.036, 0, 8 %, 0 %, 45016 MiB, 265.13 W
2026/08/27 13:36:46.036, 1, 100 %, 39 %, 43990 MiB, 262.99 W
2026/08/27 13:36:46.747, 0, 8 %, 0 %, 45016 MiB, 251.06 W
2026/08/27 13:36:46.748, 1, 100 %, 39 %, 43990 MiB, 260.66 W
2026/08/27 13:36:47.464, 0, 100 %, 38 %, 45016 MiB, 271.13 W
2026/08/27 13:36:47.465, 1, 100 %, 39 %, 43990 MiB, 260.66 W
2026/08/27 13:36:48.110, 0, 100 %, 38 %, 45016 MiB, 271.13 W
2026/08/27 13:36:48.110, 1, 100 %, 39 %, 43990 MiB, 276.45 W
2026/08/27 13:36:48.819, 0, 100 %, 38 %, 45016 MiB, 266.90 W
2026/08/27 13:36:48.821, 1, 100 %, 39 %, 43990 MiB, 275.89 W
2026/08/27 13:36:49.456, 0, 27 %, 30 %, 45016 MiB, 266.90 W
2026/08/27 13:36:49.457, 1, 100 %, 39 %, 43990 MiB, 275.89 W
2026/08/27 13:36:50.135, 0, 27 %, 30 %, 45016 MiB, 266.90 W
2026/08/27 13:36:50.135, 1, 100 %, 38 %, 43990 MiB, 272.55 W
2026/08/27 13:36:50.658, 0, 27 %, 30 %, 45016 MiB, 157.06 W
2026/08/27 13:36:50.658, 1, 0 %, 0 %, 43990 MiB, 223.72 W
2026/08/27 13:36:51.167, 0, 27 %, 30 %, 45016 MiB, 112.49 W
2026/08/27 13:36:51.276, 1, 0 %, 0 %, 43990 MiB, 120.84 W
2026/08/27 13:36:51.892, 0, 27 %, 30 %, 45016 MiB, 112.49 W
2026/08/27 13:36:51.892, 1, 0 %, 0 %, 43990 MiB, 120.84 W
2026/08/27 13:36:52.397, 0, 27 %, 30 %, 1824 MiB, 113.10 W
2026/08/27 13:36:52.398, 1, 0 %, 0 %, 798 MiB, 112.83 W
2026/08/27 13:36:52.905, 0, 100 %, 9 %, 1820 MiB, 117.71 W
2026/08/27 13:36:52.905, 1, 0 %, 0 %, 794 MiB, 112.83 W
2026/08/27 13:36:53.407, 0, 0 %, 0 %, 1820 MiB, 117.71 W
2026/08/27 13:36:53.407, 1, 0 %, 0 %, 794 MiB, 128.79 W
2026/08/27 13:36:53.911, 0, 0 %, 0 %, 1818 MiB, 117.71 W
2026/08/27 13:36:54.024, 1, 0 %, 0 %, 790 MiB, 122.08 W
2026/08/27 13:36:54.657, 0, 0 %, 0 %, 1816 MiB, 117.71 W
2026/08/27 13:36:54.657, 1, 0 %, 0 %, 788 MiB, 116.08 W
2026/08/27 13:36:55.161, 0, 0 %, 0 %, 1017 MiB, 117.71 W
2026/08/27 13:36:55.162, 1, 0 %, 0 %, 9 MiB, 116.79 W
2026/08/27 13:36:55.662, 0, 0 %, 0 %, 1017 MiB, 106.18 W
2026/08/27 13:36:55.662, 1, 0 %, 0 %, 9 MiB, 116.79 W
2026/08/27 13:36:56.162, 0, 0 %, 0 %, 1017 MiB, 106.12 W
2026/08/27 13:36:56.200, 1, 0 %, 0 %, 9 MiB, 116.79 W
2026/08/27 13:36:56.818, 0, 0 %, 0 %, 1017 MiB, 105.46 W
2026/08/27 13:36:56.818, 1, 0 %, 0 %, 9 MiB, 116.79 W
2026/08/27 13:36:57.318, 0, 0 %, 0 %, 1017 MiB, 105.55 W
