2026/09/15 05:48:47.325, 4, 0, 77529
2026/09/15 05:48:47.326, 5, 0, 427
2026/09/15 05:48:47.326, 6, 0, 427
2026/09/15 05:48:47.327, 7, 0, 427
2026/09/15 05:48:47.828, 4, 0, 77529
2026/09/15 05:48:47.828, 5, 0, 427
2026/09/15 05:48:47.828, 6, 0, 427
2026/09/15 05:48:47.828, 7, 0, 427
2026/09/15 05:48:48.328, 4, 0, 77529
2026/09/15 05:48:48.328, 5, 0, 427
2026/09/15 05:48:48.328, 6, 0, 427
2026/09/15 05:48:48.328, 7, 0, 427
2026/09/15 05:48:48.828, 4, 0, 77529
2026/09/15 05:48:48.828, 5, 0, 427
2026/09/15 05:48:48.828, 6, 0, 427
2026/09/15 05:48:48.828, 7, 0, 427
2026/09/15 05:48:49.328, 4, 0, 77529
2026/09/15 05:48:49.328, 5, 0, 427
2026/09/15 05:48:49.328, 6, 0, 427
2026/09/15 05:48:49.328, 7, 0, 427
2026/09/15 05:48:49.829, 4, 0, 77529
2026/09/15 05:48:49.829, 5, 0, 427
2026/09/15 05:48:49.829, 6, 0, 427
2026/09/15 05:48:49.829, 7, 0, 427
2026/09/15 05:48:50.329, 4, 0, 77529
2026/09/15 05:48:50.329, 5, 0, 427
2026/09/15 05:48:50.329, 6, 0, 427
2026/09/15 05:48:50.329, 7, 0, 427
2026/09/15 05:48:50.829, 4, 0, 77529
2026/09/15 05:48:50.829, 5, 0, 427
2026/09/15 05:48:50.829, 6, 0, 427
2026/09/15 05:48:50.829, 7, 0, 427
2026/09/15 05:48:51.329, 4, 0, 77529
2026/09/15 05:48:51.329, 5, 0, 427
2026/09/15 05:48:51.329, 6, 0, 427
2026/09/15 05:48:51.329, 7, 0, 427
2026/09/15 05:48:51.829, 4, 0, 77529
2026/09/15 05:48:51.830, 5, 0, 427
2026/09/15 05:48:51.830, 6, 0, 427
2026/09/15 05:48:51.830, 7, 0, 427
2026/09/15 05:48:52.330, 4, 0, 77529
2026/09/15 05:48:52.330, 5, 0, 427
2026/09/15 05:48:52.330, 6, 0, 427
2026/09/15 05:48:52.330, 7, 0, 427
2026/09/15 05:48:52.830, 4, 0, 77529
2026/09/15 05:48:52.830, 5, 0, 427
2026/09/15 05:48:52.830, 6, 0, 427
2026/09/15 05:48:52.830, 7, 0, 427
2026/09/15 05:48:53.330, 4, 0, 77529
2026/09/15 05:48:53.330, 5, 0, 427
2026/09/15 05:48:53.331, 6, 0, 427
2026/09/15 05:48:53.331, 7, 0, 427
2026/09/15 05:48:53.831, 4, 0, 77529
2026/09/15 05:48:53.831, 5, 0, 427
2026/09/15 05:48:53.831, 6, 0, 427
2026/09/15 05:48:53.831, 7, 0, 427
2026/09/15 05:48:54.331, 4, 0, 77529
2026/09/15 05:48:54.331, 5, 0, 427
2026/09/15 05:48:54.331, 6, 0, 427
2026/09/15 05:48:54.331, 7, 0, 427
2026/09/15 05:48:54.831, 4, 0, 77529
2026/09/15 05:48:54.831, 5, 0, 427
2026/09/15 05:48:54.831, 6, 0, 427
2026/09/15 05:48:54.831, 7, 0, 427
2026/09/15 05:48:55.331, 4, 0, 77529
2026/09/15 05:48:55.331, 5, 0, 427
2026/09/15 05:48:55.331, 6, 0, 427
2026/09/15 05:48:55.331, 7, 0, 427
2026/09/15 05:48:55.832, 4, 0, 77529
2026/09/15 05:48:55.832, 5, 0, 427
2026/09/15 05:48:55.832, 6, 0, 427
2026/09/15 05:48:55.832, 7, 0, 427
2026/09/15 05:48:56.332, 4, 0, 77529
2026/09/15 05:48:56.332, 5, 0, 427
2026/09/15 05:48:56.332, 6, 0, 427
2026/09/15 05:48:56.332, 7, 0, 427
2026/09/15 05:48:56.832, 4, 0, 77529
2026/09/15 05:48:56.832, 5, 0, 427
2026/09/15 05:48:56.832, 6, 0, 427
2026/09/15 05:48:56.832, 7, 0, 427
2026/09/15 05:48:57.332, 4, 0, 77529
2026/09/15 05:48:57.332, 5, 0, 427
2026/09/15 05:48:57.332, 6, 0, 427
2026/09/15 05:48:57.332, 7, 0, 427
2026/09/15 05:48:57.832, 4, 0, 77529
2026/09/15 05:48:57.833, 5, 0, 427
2026/09/15 05:48:57.833, 6, 0, 427
2026/09/15 05:48:57.833, 7, 0, 427
2026/09/15 05:48:58.333, 4, 0, 77529
2026/09/15 05:48:58.333, 5, 0, 427
2026/09/15 05:48:58.333, 6, 0, 427
2026/09/15 05:48:58.333, 7, 0, 427
2026/09/15 05:48:58.833, 4, 0, 77529
2026/09/15 05:48:58.833, 5, 0, 427
2026/09/15 05:48:58.833, 6, 0, 427
2026/09/15 05:48:58.833, 7, 0, 427
2026/09/15 05:48:59.333, 4, 0, 77529
2026/09/15 05:48:59.333, 5, 0, 427
2026/09/15 05:48:59.333, 6, 0, 427
2026/09/15 05:48:59.333, 7, 0, 427
2026/09/15 05:48:59.833, 4, 0, 77529
2026/09/15 05:48:59.834, 5, 0, 427
2026/09/15 05:48:59.834, 6, 0, 427
2026/09/15 05:48:59.834, 7, 0, 427
2026/09/15 05:49:00.334, 4, 0, 77529
2026/09/15 05:49:00.334, 5, 0, 427
2026/09/15 05:49:00.334, 6, 0, 427
2026/09/15 05:49:00.334, 7, 0, 427
2026/09/15 05:49:00.834, 4, 0, 77529
2026/09/15 05:49:00.834, 5, 0, 427
2026/09/15 05:49:00.834, 6, 0, 427
2026/09/15 05:49:00.834, 7, 0, 427
2026/09/15 05:49:01.334, 4, 0, 77529
2026/09/15 05:49:01.334, 5, 0, 427
2026/09/15 05:49:01.334, 6, 0, 427
2026/09/15 05:49:01.334, 7, 0, 427
2026/09/15 05:49:01.834, 4, 0, 77529
2026/09/15 05:49:01.834, 5, 0, 427
2026/09/15 05:49:01.835, 6, 0, 427
2026/09/15 05:49:01.835, 7, 0, 427
2026/09/15 05:49:02.335, 4, 0, 77529
2026/09/15 05:49:02.335, 5, 0, 427
2026/09/15 05:49:02.335, 6, 0, 427
2026/09/15 05:49:02.335, 7, 0, 427
2026/09/15 05:49:02.835, 4, 0, 77529
2026/09/15 05:49:02.835, 5, 0, 427
2026/09/15 05:49:02.835, 6, 0, 427
2026/09/15 05:49:02.835, 7, 0, 427
2026/09/15 05:49:03.335, 4, 0, 77529
2026/09/15 05:49:03.335, 5, 0, 427
2026/09/15 05:49:03.335, 6, 0, 427
2026/09/15 05:49:03.335, 7, 0, 427
2026/09/15 05:49:03.835, 4, 0, 77529
2026/09/15 05:49:03.835, 5, 0, 427
2026/09/15 05:49:03.835, 6, 0, 427
2026/09/15 05:49:03.835, 7, 0, 427
2026/09/15 05:49:04.336, 4, 0, 77529
2026/09/15 05:49:04.336, 5, 0, 427
2026/09/15 05:49:04.336, 6, 0, 427
2026/09/15 05:49:04.336, 7, 0, 427
2026/09/15 05:49:04.836, 4, 0, 77529
2026/09/15 05:49:04.836, 5, 0, 427
2026/09/15 05:49:04.836, 6, 0, 427
2026/09/15 05:49:04.836, 7, 0, 427
2026/09/15 05:49:05.336, 4, 0, 77529
2026/09/15 05:49:05.336, 5, 0, 427
2026/09/15 05:49:05.336, 6, 0, 427
2026/09/15 05:49:05.336, 7, 0, 427
2026/09/15 05:49:05.836, 4, 0, 77529
2026/09/15 05:49:05.837, 5, 0, 427
2026/09/15 05:49:05.837, 6, 0, 427
2026/09/15 05:49:05.837, 7, 0, 427
2026/09/15 05:49:06.338, 4, 0, 77529
2026/09/15 05:49:06.339, 5, 0, 427
2026/09/15 05:49:06.339, 6, 0, 427
2026/09/15 05:49:06.339, 7, 0, 427
2026/09/15 05:49:06.839, 4, 0, 77529
2026/09/15 05:49:06.839, 5, 0, 427
2026/09/15 05:49:06.839, 6, 0, 427
2026/09/15 05:49:06.839, 7, 0, 427
2026/09/15 05:49:07.339, 4, 0, 77529
2026/09/15 05:49:07.339, 5, 0, 427
2026/09/15 05:49:07.339, 6, 0, 427
2026/09/15 05:49:07.339, 7, 0, 427
2026/09/15 05:49:07.839, 4, 0, 77529
2026/09/15 05:49:07.839, 5, 0, 427
2026/09/15 05:49:07.839, 6, 0, 427
2026/09/15 05:49:07.839, 7, 0, 427
2026/09/15 05:49:08.339, 4, 0, 77529
2026/09/15 05:49:08.340, 5, 0, 427
2026/09/15 05:49:08.340, 6, 0, 427
2026/09/15 05:49:08.340, 7, 0, 427
2026/09/15 05:49:08.840, 4, 0, 77529
2026/09/15 05:49:08.840, 5, 0, 427
2026/09/15 05:49:08.840, 6, 0, 427
2026/09/15 05:49:08.840, 7, 0, 427
2026/09/15 05:49:09.340, 4, 0, 77529
2026/09/15 05:49:09.340, 5, 0, 427
2026/09/15 05:49:09.340, 6, 0, 427
2026/09/15 05:49:09.340, 7, 0, 427
2026/09/15 05:49:09.840, 4, 0, 77529
2026/09/15 05:49:09.840, 5, 0, 427
2026/09/15 05:49:09.840, 6, 0, 427
2026/09/15 05:49:09.840, 7, 0, 427
2026/09/15 05:49:10.340, 4, 0, 77529
2026/09/15 05:49:10.340, 5, 0, 427
2026/09/15 05:49:10.341, 6, 0, 427
2026/09/15 05:49:10.341, 7, 0, 427
2026/09/15 05:49:10.841, 4, 0, 77529
2026/09/15 05:49:10.841, 5, 0, 427
2026/09/15 05:49:10.841, 6, 0, 427
2026/09/15 05:49:10.841, 7, 0, 427
2026/09/15 05:49:11.341, 4, 0, 77529
2026/09/15 05:49:11.341, 5, 0, 427
2026/09/15 05:49:11.341, 6, 0, 427
2026/09/15 05:49:11.341, 7, 0, 427
2026/09/15 05:49:11.841, 4, 0, 77529
2026/09/15 05:49:11.841, 5, 0, 427
2026/09/15 05:49:11.841, 6, 0, 427
2026/09/15 05:49:11.841, 7, 0, 427
2026/09/15 05:49:12.341, 4, 0, 77529
2026/09/15 05:49:12.341, 5, 0, 427
2026/09/15 05:49:12.342, 6, 0, 427
2026/09/15 05:49:12.342, 7, 0, 427
2026/09/15 05:49:12.842, 4, 0, 77529
2026/09/15 05:49:12.842, 5, 0, 427
2026/09/15 05:49:12.842, 6, 0, 427
2026/09/15 05:49:12.842, 7, 0, 427
2026/09/15 05:49:13.342, 4, 0, 77529
2026/09/15 05:49:13.342, 5, 0, 427
2026/09/15 05:49:13.342, 6, 0, 427
2026/09/15 05:49:13.342, 7, 0, 427
2026/09/15 05:49:13.842, 4, 0, 77529
2026/09/15 05:49:13.842, 5, 0, 427
2026/09/15 05:49:13.842, 6, 0, 427
2026/09/15 05:49:13.842, 7, 0, 427
2026/09/15 05:49:14.343, 4, 0, 77529
2026/09/15 05:49:14.343, 5, 0, 427
2026/09/15 05:49:14.343, 6, 0, 427
2026/09/15 05:49:14.343, 7, 0, 427
2026/09/15 05:49:14.843, 4, 0, 77529
2026/09/15 05:49:14.843, 5, 0, 427
2026/09/15 05:49:14.843, 6, 0, 427
2026/09/15 05:49:14.843, 7, 0, 427
2026/09/15 05:49:15.343, 4, 0, 77529
2026/09/15 05:49:15.343, 5, 0, 427
2026/09/15 05:49:15.343, 6, 0, 427
2026/09/15 05:49:15.343, 7, 0, 427
2026/09/15 05:49:15.843, 4, 0, 77529
2026/09/15 05:49:15.843, 5, 0, 427
2026/09/15 05:49:15.843, 6, 0, 427
2026/09/15 05:49:15.843, 7, 0, 427
2026/09/15 05:49:16.344, 4, 0, 77529
2026/09/15 05:49:16.344, 5, 0, 427
2026/09/15 05:49:16.344, 6, 0, 427
2026/09/15 05:49:16.344, 7, 0, 427
2026/09/15 05:49:16.844, 4, 0, 77529
2026/09/15 05:49:16.844, 5, 0, 427
2026/09/15 05:49:16.844, 6, 0, 427
2026/09/15 05:49:16.844, 7, 0, 427
2026/09/15 05:49:17.344, 4, 0, 77529
2026/09/15 05:49:17.344, 5, 0, 427
2026/09/15 05:49:17.344, 6, 0, 427
2026/09/15 05:49:17.344, 7, 0, 427
2026/09/15 05:49:17.844, 4, 0, 77529
2026/09/15 05:49:17.844, 5, 0, 427
2026/09/15 05:49:17.844, 6, 0, 427
2026/09/15 05:49:17.844, 7, 0, 427
2026/09/15 05:49:18.344, 4, 0, 77529
2026/09/15 05:49:18.345, 5, 0, 427
2026/09/15 05:49:18.345, 6, 0, 427
2026/09/15 05:49:18.345, 7, 0, 427
2026/09/15 05:49:18.845, 4, 0, 77529
2026/09/15 05:49:18.845, 5, 0, 427
2026/09/15 05:49:18.845, 6, 0, 427
2026/09/15 05:49:18.845, 7, 0, 427
2026/09/15 05:49:19.345, 4, 0, 77529
2026/09/15 05:49:19.345, 5, 0, 427
2026/09/15 05:49:19.345, 6, 0, 427
2026/09/15 05:49:19.345, 7, 0, 427
2026/09/15 05:49:19.845, 4, 0, 77529
2026/09/15 05:49:19.845, 5, 0, 427
2026/09/15 05:49:19.845, 6, 0, 427
2026/09/15 05:49:19.845, 7, 0, 427
2026/09/15 05:49:20.345, 4, 0, 77529
2026/09/15 05:49:20.346, 5, 0, 427
2026/09/15 05:49:20.346, 6, 0, 427
2026/09/15 05:49:20.346, 7, 0, 427
2026/09/15 05:49:20.846, 4, 0, 77529
2026/09/15 05:49:20.846, 5, 0, 427
2026/09/15 05:49:20.846, 6, 0, 427
2026/09/15 05:49:20.846, 7, 0, 427
2026/09/15 05:49:21.346, 4, 0, 77529
2026/09/15 05:49:21.346, 5, 0, 427
2026/09/15 05:49:21.346, 6, 0, 427
2026/09/15 05:49:21.346, 7, 0, 427
2026/09/15 05:49:21.846, 4, 0, 77529
2026/09/15 05:49:21.846, 5, 0, 427
2026/09/15 05:49:21.846, 6, 0, 427
2026/09/15 05:49:21.846, 7, 0, 427
2026/09/15 05:49:22.346, 4, 0, 77529
2026/09/15 05:49:22.347, 5, 0, 427
2026/09/15 05:49:22.347, 6, 0, 427
2026/09/15 05:49:22.347, 7, 0, 427
2026/09/15 05:49:22.847, 4, 0, 77529
2026/09/15 05:49:22.847, 5, 0, 427
2026/09/15 05:49:22.847, 6, 0, 427
2026/09/15 05:49:22.847, 7, 0, 427
2026/09/15 05:49:23.347, 4, 0, 77529
2026/09/15 05:49:23.347, 5, 0, 427
2026/09/15 05:49:23.347, 6, 0, 427
2026/09/15 05:49:23.347, 7, 0, 427
2026/09/15 05:49:23.847, 4, 0, 77529
2026/09/15 05:49:23.847, 5, 0, 427
2026/09/15 05:49:23.847, 6, 0, 427
2026/09/15 05:49:23.847, 7, 0, 427
2026/09/15 05:49:24.347, 4, 0, 77529
2026/09/15 05:49:24.348, 5, 0, 427
2026/09/15 05:49:24.348, 6, 0, 427
2026/09/15 05:49:24.348, 7, 0, 427
2026/09/15 05:49:24.848, 4, 0, 77529
2026/09/15 05:49:24.848, 5, 0, 427
2026/09/15 05:49:24.848, 6, 0, 427
2026/09/15 05:49:24.848, 7, 0, 427
2026/09/15 05:49:25.348, 4, 0, 77529
2026/09/15 05:49:25.348, 5, 0, 427
2026/09/15 05:49:25.348, 6, 0, 427
2026/09/15 05:49:25.348, 7, 0, 427
2026/09/15 05:49:25.848, 4, 0, 77529
2026/09/15 05:49:25.848, 5, 0, 427
2026/09/15 05:49:25.848, 6, 0, 427
2026/09/15 05:49:25.848, 7, 0, 427
2026/09/15 05:49:26.348, 4, 0, 77529
2026/09/15 05:49:26.348, 5, 0, 427
2026/09/15 05:49:26.348, 6, 0, 427
2026/09/15 05:49:26.349, 7, 0, 427
2026/09/15 05:49:26.849, 4, 0, 77529
2026/09/15 05:49:26.849, 5, 0, 427
2026/09/15 05:49:26.849, 6, 0, 427
2026/09/15 05:49:26.849, 7, 0, 427
2026/09/15 05:49:27.349, 4, 0, 77529
2026/09/15 05:49:27.349, 5, 0, 427
2026/09/15 05:49:27.349, 6, 0, 427
2026/09/15 05:49:27.349, 7, 0, 427
2026/09/15 05:49:27.849, 4, 0, 77529
2026/09/15 05:49:27.849, 5, 0, 427
2026/09/15 05:49:27.849, 6, 0, 427
2026/09/15 05:49:27.849, 7, 0, 427
2026/09/15 05:49:28.349, 4, 0, 77529
2026/09/15 05:49:28.350, 5, 0, 427
2026/09/15 05:49:28.350, 6, 0, 427
2026/09/15 05:49:28.350, 7, 0, 427
2026/09/15 05:49:28.850, 4, 0, 77529
2026/09/15 05:49:28.850, 5, 0, 427
2026/09/15 05:49:28.850, 6, 0, 427
2026/09/15 05:49:28.850, 7, 0, 427
2026/09/15 05:49:29.350, 4, 0, 77529
2026/09/15 05:49:29.350, 5, 0, 427
2026/09/15 05:49:29.350, 6, 0, 427
2026/09/15 05:49:29.350, 7, 0, 427
2026/09/15 05:49:29.850, 4, 0, 77529
2026/09/15 05:49:29.850, 5, 0, 427
2026/09/15 05:49:29.850, 6, 0, 427
2026/09/15 05:49:29.850, 7, 0, 427
2026/09/15 05:49:30.351, 4, 0, 77529
2026/09/15 05:49:30.351, 5, 0, 427
2026/09/15 05:49:30.351, 6, 0, 427
2026/09/15 05:49:30.351, 7, 0, 427
2026/09/15 05:49:30.851, 4, 0, 77529
2026/09/15 05:49:30.851, 5, 0, 427
2026/09/15 05:49:30.851, 6, 0, 427
2026/09/15 05:49:30.851, 7, 0, 427
2026/09/15 05:49:31.351, 4, 0, 77529
2026/09/15 05:49:31.351, 5, 0, 427
2026/09/15 05:49:31.351, 6, 0, 427
2026/09/15 05:49:31.351, 7, 0, 427
2026/09/15 05:49:31.851, 4, 0, 77529
2026/09/15 05:49:31.852, 5, 0, 427
2026/09/15 05:49:31.852, 6, 0, 427
2026/09/15 05:49:31.852, 7, 0, 427
2026/09/15 05:49:32.352, 4, 0, 77529
2026/09/15 05:49:32.352, 5, 0, 427
2026/09/15 05:49:32.352, 6, 0, 427
2026/09/15 05:49:32.352, 7, 0, 427
2026/09/15 05:49:32.852, 4, 0, 77529
2026/09/15 05:49:32.852, 5, 0, 427
2026/09/15 05:49:32.852, 6, 0, 427
2026/09/15 05:49:32.852, 7, 0, 427
2026/09/15 05:49:33.352, 4, 0, 77529
2026/09/15 05:49:33.352, 5, 0, 427
2026/09/15 05:49:33.352, 6, 0, 427
2026/09/15 05:49:33.352, 7, 0, 427
2026/09/15 05:49:33.852, 4, 0, 77529
2026/09/15 05:49:33.853, 5, 0, 427
2026/09/15 05:49:33.853, 6, 0, 427
2026/09/15 05:49:33.853, 7, 0, 427
2026/09/15 05:49:34.353, 4, 0, 77529
2026/09/15 05:49:34.353, 5, 0, 77523
2026/09/15 05:49:34.537, 6, 0, 427
2026/09/15 05:49:34.537, 7, 0, 427
2026/09/15 05:49:35.037, 4, 0, 77529
2026/09/15 05:49:35.037, 5, 0, 77523
2026/09/15 05:49:35.037, 6, 0, 427
2026/09/15 05:49:35.037, 7, 0, 427
2026/09/15 05:49:35.537, 4, 0, 77529
2026/09/15 05:49:35.537, 5, 0, 77523
2026/09/15 05:49:35.537, 6, 0, 427
2026/09/15 05:49:35.537, 7, 0, 427
2026/09/15 05:49:36.037, 4, 0, 77529
2026/09/15 05:49:36.037, 5, 0, 77523
2026/09/15 05:49:36.037, 6, 0, 427
2026/09/15 05:49:36.037, 7, 0, 427
2026/09/15 05:49:36.538, 4, 0, 77529
2026/09/15 05:49:36.538, 5, 0, 77523
2026/09/15 05:49:36.706, 6, 0, 77525
2026/09/15 05:49:36.707, 7, 0, 427
2026/09/15 05:49:37.207, 4, 0, 77531
2026/09/15 05:49:37.207, 5, 0, 77525
2026/09/15 05:49:37.207, 6, 0, 77525
2026/09/15 05:49:37.207, 7, 0, 429
2026/09/15 05:49:37.707, 4, 0, 77531
2026/09/15 05:49:37.707, 5, 0, 77525
2026/09/15 05:49:37.707, 6, 0, 77525
2026/09/15 05:49:37.707, 7, 0, 429
2026/09/15 05:49:38.207, 4, 0, 77531
2026/09/15 05:49:38.207, 5, 0, 77525
2026/09/15 05:49:38.207, 6, 0, 77525
2026/09/15 05:49:38.207, 7, 0, 429
2026/09/15 05:49:38.707, 4, 0, 77531
2026/09/15 05:49:38.708, 5, 0, 77525
2026/09/15 05:49:38.873, 6, 0, 77525
2026/09/15 05:49:38.873, 7, 0, 77525
2026/09/15 05:49:39.373, 4, 0, 77531
2026/09/15 05:49:39.374, 5, 0, 77525
2026/09/15 05:49:39.374, 6, 0, 77525
2026/09/15 05:49:39.374, 7, 0, 77525
2026/09/15 05:49:39.874, 4, 0, 77531
2026/09/15 05:49:39.874, 5, 0, 77525
2026/09/15 05:49:39.874, 6, 0, 77525
2026/09/15 05:49:39.874, 7, 0, 77525
2026/09/15 05:49:40.374, 4, 0, 77531
2026/09/15 05:49:40.374, 5, 0, 77525
2026/09/15 05:49:40.374, 6, 0, 77525
2026/09/15 05:49:40.374, 7, 0, 77525
2026/09/15 05:49:40.874, 4, 0, 77531
2026/09/15 05:49:41.042, 5, 0, 77525
2026/09/15 05:49:41.042, 6, 0, 77525
2026/09/15 05:49:41.042, 7, 0, 77525
2026/09/15 05:49:41.542, 4, 0, 77531
2026/09/15 05:49:41.542, 5, 0, 77525
2026/09/15 05:49:41.542, 6, 0, 77525
2026/09/15 05:49:41.542, 7, 0, 77525
2026/09/15 05:49:42.042, 4, 0, 77531
2026/09/15 05:49:42.043, 5, 0, 77525
2026/09/15 05:49:42.131, 6, 5, 77525
2026/09/15 05:49:42.131, 7, 5, 77525
2026/09/15 05:49:42.631, 4, 0, 77531
2026/09/15 05:49:42.631, 5, 0, 77525
2026/09/15 05:49:42.631, 6, 0, 77525
2026/09/15 05:49:42.631, 7, 0, 77525
2026/09/15 05:49:43.131, 4, 0, 77531
2026/09/15 05:49:43.131, 5, 0, 77527
2026/09/15 05:49:43.231, 6, 0, 77527
2026/09/15 05:49:43.231, 7, 0, 77527
2026/09/15 05:49:43.731, 4, 0, 77531
2026/09/15 05:49:43.731, 5, 0, 77527
2026/09/15 05:49:43.731, 6, 0, 77527
2026/09/15 05:49:43.731, 7, 0, 77527
2026/09/15 05:49:44.231, 4, 0, 77651
2026/09/15 05:49:44.315, 5, 0, 77527
2026/09/15 05:49:44.315, 6, 5, 77647
2026/09/15 05:49:44.315, 7, 0, 77529
2026/09/15 05:49:44.815, 4, 0, 77651
2026/09/15 05:49:44.815, 5, 0, 77529
2026/09/15 05:49:44.816, 6, 0, 77647
2026/09/15 05:49:44.816, 7, 0, 77575
2026/09/15 05:49:45.316, 4, 0, 77651
2026/09/15 05:49:45.316, 5, 0, 77647
2026/09/15 05:49:45.411, 6, 0, 77647
2026/09/15 05:49:45.411, 7, 0, 77647
2026/09/15 05:49:45.911, 4, 0, 77651
2026/09/15 05:49:45.911, 5, 0, 77647
2026/09/15 05:49:45.911, 6, 0, 77647
2026/09/15 05:49:45.911, 7, 0, 77647
2026/09/15 05:49:46.411, 4, 0, 77859
2026/09/15 05:49:46.510, 5, 0, 77861
2026/09/15 05:49:46.510, 6, 0, 77861
2026/09/15 05:49:46.510, 7, 0, 77867
2026/09/15 05:49:47.011, 4, 0, 78181
2026/09/15 05:49:47.011, 5, 0, 78177
2026/09/15 05:49:47.011, 6, 0, 78177
2026/09/15 05:49:47.011, 7, 0, 78177
2026/09/15 05:49:47.511, 4, 0, 78183
2026/09/15 05:49:47.511, 5, 0, 78179
2026/09/15 05:49:47.511, 6, 0, 78179
2026/09/15 05:49:47.511, 7, 0, 78179
2026/09/15 05:49:48.011, 4, 0, 78183
2026/09/15 05:49:48.011, 5, 0, 78179
2026/09/15 05:49:48.011, 6, 0, 78179
2026/09/15 05:49:48.011, 7, 0, 78179
2026/09/15 05:49:48.511, 4, 0, 78183
2026/09/15 05:49:48.512, 5, 0, 78179
2026/09/15 05:49:48.512, 6, 0, 78179
2026/09/15 05:49:48.512, 7, 0, 78179
2026/09/15 05:49:49.012, 4, 0, 78183
2026/09/15 05:49:49.012, 5, 0, 78179
2026/09/15 05:49:49.012, 6, 0, 78179
2026/09/15 05:49:49.012, 7, 0, 78179
2026/09/15 05:49:49.512, 4, 0, 78183
2026/09/15 05:49:49.512, 5, 0, 78179
2026/09/15 05:49:49.512, 6, 0, 78179
2026/09/15 05:49:49.512, 7, 0, 78179
2026/09/15 05:49:50.012, 4, 0, 78183
2026/09/15 05:49:50.012, 5, 0, 78179
2026/09/15 05:49:50.012, 6, 0, 78179
2026/09/15 05:49:50.012, 7, 0, 78179
2026/09/15 05:49:50.513, 4, 0, 78183
2026/09/15 05:49:50.513, 5, 0, 78179
2026/09/15 05:49:50.513, 6, 0, 78179
2026/09/15 05:49:50.513, 7, 0, 78179
2026/09/15 05:49:51.013, 4, 0, 78183
2026/09/15 05:49:51.013, 5, 0, 78179
2026/09/15 05:49:51.013, 6, 0, 78179
2026/09/15 05:49:51.013, 7, 0, 78179
2026/09/15 05:49:51.513, 4, 0, 78183
2026/09/15 05:49:51.513, 5, 0, 78179
2026/09/15 05:49:51.513, 6, 0, 78179
2026/09/15 05:49:51.513, 7, 0, 78179
2026/09/15 05:49:52.013, 4, 0, 78183
2026/09/15 05:49:52.013, 5, 0, 78179
2026/09/15 05:49:52.013, 6, 0, 78179
2026/09/15 05:49:52.013, 7, 0, 78179
2026/09/15 05:49:52.514, 4, 0, 78183
2026/09/15 05:49:52.514, 5, 0, 78179
2026/09/15 05:49:52.514, 6, 0, 78179
2026/09/15 05:49:52.514, 7, 0, 78179
2026/09/15 05:49:53.014, 4, 0, 78183
2026/09/15 05:49:53.014, 5, 0, 78179
2026/09/15 05:49:53.014, 6, 0, 78179
2026/09/15 05:49:53.014, 7, 0, 78179
2026/09/15 05:49:53.514, 4, 0, 78183
2026/09/15 05:49:53.514, 5, 0, 78179
2026/09/15 05:49:53.514, 6, 0, 78179
2026/09/15 05:49:53.514, 7, 0, 78179
2026/09/15 05:49:54.014, 4, 0, 78183
2026/09/15 05:49:54.014, 5, 0, 78179
2026/09/15 05:49:54.014, 6, 0, 78179
2026/09/15 05:49:54.014, 7, 0, 78179
2026/09/15 05:49:54.514, 4, 0, 78183
2026/09/15 05:49:54.515, 5, 0, 78179
2026/09/15 05:49:54.515, 6, 0, 78179
2026/09/15 05:49:54.515, 7, 0, 78179
2026/09/15 05:49:55.015, 4, 0, 78183
2026/09/15 05:49:55.015, 5, 0, 78179
2026/09/15 05:49:55.015, 6, 0, 78179
2026/09/15 05:49:55.015, 7, 0, 78179
2026/09/15 05:49:55.515, 4, 0, 78183
2026/09/15 05:49:55.515, 5, 0, 78179
2026/09/15 05:49:55.515, 6, 0, 78179
2026/09/15 05:49:55.515, 7, 0, 78179
2026/09/15 05:49:56.015, 4, 0, 78183
2026/09/15 05:49:56.015, 5, 0, 78179
2026/09/15 05:49:56.015, 6, 0, 78179
2026/09/15 05:49:56.015, 7, 0, 78179
2026/09/15 05:49:56.515, 4, 0, 78183
2026/09/15 05:49:56.515, 5, 0, 78179
2026/09/15 05:49:56.515, 6, 0, 78179
2026/09/15 05:49:56.516, 7, 0, 78179
2026/09/15 05:49:57.016, 4, 0, 78183
2026/09/15 05:49:57.016, 5, 0, 78179
2026/09/15 05:49:57.016, 6, 0, 78179
2026/09/15 05:49:57.016, 7, 0, 78179
2026/09/15 05:49:57.516, 4, 0, 78183
2026/09/15 05:49:57.516, 5, 0, 78179
2026/09/15 05:49:57.516, 6, 0, 78179
2026/09/15 05:49:57.516, 7, 0, 78179
2026/09/15 05:49:58.016, 4, 0, 78183
2026/09/15 05:49:58.016, 5, 0, 78179
2026/09/15 05:49:58.016, 6, 0, 78179
2026/09/15 05:49:58.016, 7, 0, 78179
2026/09/15 05:49:58.516, 4, 0, 78183
2026/09/15 05:49:58.516, 5, 0, 78179
2026/09/15 05:49:58.516, 6, 0, 78179
2026/09/15 05:49:58.516, 7, 0, 78179
2026/09/15 05:49:59.017, 4, 0, 78183
2026/09/15 05:49:59.017, 5, 0, 78179
2026/09/15 05:49:59.017, 6, 0, 78179
2026/09/15 05:49:59.017, 7, 0, 78179
2026/09/15 05:49:59.517, 4, 13, 78183
2026/09/15 05:49:59.517, 5, 12, 78179
2026/09/15 05:49:59.517, 6, 23, 78179
2026/09/15 05:49:59.517, 7, 23, 78179
2026/09/15 05:50:00.017, 4, 1, 78185
2026/09/15 05:50:00.017, 5, 0, 78179
2026/09/15 05:50:00.136, 6, 0, 78179
2026/09/15 05:50:00.137, 7, 0, 78179
2026/09/15 05:50:00.637, 4, 0, 78185
2026/09/15 05:50:00.637, 5, 12, 78181
2026/09/15 05:50:00.637, 6, 16, 78181
2026/09/15 05:50:00.637, 7, 28, 78181
2026/09/15 05:50:01.137, 4, 0, 78185
2026/09/15 05:50:01.137, 5, 0, 78181
2026/09/15 05:50:01.137, 6, 0, 78181
2026/09/15 05:50:01.137, 7, 0, 78181
2026/09/15 05:50:01.637, 4, 26, 78189
2026/09/15 05:50:01.637, 5, 0, 78185
2026/09/15 05:50:01.637, 6, 10, 78185
2026/09/15 05:50:01.637, 7, 6, 78185
2026/09/15 05:50:02.138, 4, 79, 78189
2026/09/15 05:50:02.138, 5, 80, 78185
2026/09/15 05:50:02.138, 6, 55, 78185
2026/09/15 05:50:02.138, 7, 55, 78185
2026/09/15 05:50:02.638, 4, 4, 78189
2026/09/15 05:50:02.638, 5, 33, 78185
2026/09/15 05:50:02.638, 6, 0, 78185
2026/09/15 05:50:02.638, 7, 0, 78185
2026/09/15 05:50:03.138, 4, 0, 78189
2026/09/15 05:50:03.138, 5, 0, 78185
2026/09/15 05:50:03.138, 6, 0, 78185
2026/09/15 05:50:03.138, 7, 0, 78185
2026/09/15 05:50:03.638, 4, 0, 78189
2026/09/15 05:50:03.638, 5, 0, 78185
2026/09/15 05:50:03.638, 6, 0, 78185
2026/09/15 05:50:03.638, 7, 0, 78185
2026/09/15 05:50:04.139, 4, 0, 78197
2026/09/15 05:50:04.139, 5, 0, 78185
2026/09/15 05:50:04.139, 6, 0, 78185
2026/09/15 05:50:04.139, 7, 0, 78185
2026/09/15 05:50:04.639, 4, 0, 78197
2026/09/15 05:50:04.639, 5, 0, 78185
2026/09/15 05:50:04.639, 6, 0, 78185
2026/09/15 05:50:04.639, 7, 0, 78193
2026/09/15 05:50:05.139, 4, 13, 78197
2026/09/15 05:50:05.139, 5, 11, 78193
2026/09/15 05:50:05.139, 6, 14, 78193
2026/09/15 05:50:05.139, 7, 1, 78193
2026/09/15 05:50:05.639, 4, 83, 78197
2026/09/15 05:50:05.639, 5, 83, 78193
2026/09/15 05:50:05.639, 6, 84, 78193
2026/09/15 05:50:05.639, 7, 84, 78193
2026/09/15 05:50:06.140, 4, 84, 78197
2026/09/15 05:50:06.140, 5, 84, 78193
2026/09/15 05:50:06.140, 6, 83, 78193
2026/09/15 05:50:06.140, 7, 83, 78193
2026/09/15 05:50:06.640, 4, 85, 78197
2026/09/15 05:50:06.640, 5, 87, 78193
2026/09/15 05:50:06.640, 6, 88, 78193
2026/09/15 05:50:06.640, 7, 85, 78193
2026/09/15 05:50:07.140, 4, 6, 78197
2026/09/15 05:50:07.140, 5, 33, 78193
2026/09/15 05:50:07.140, 6, 22, 78193
2026/09/15 05:50:07.140, 7, 40, 78193
2026/09/15 05:50:07.640, 4, 0, 78197
2026/09/15 05:50:07.640, 5, 0, 78193
2026/09/15 05:50:07.640, 6, 0, 78193
2026/09/15 05:50:07.640, 7, 0, 78193
2026/09/15 05:50:08.141, 4, 0, 78197
2026/09/15 05:50:08.141, 5, 0, 78193
2026/09/15 05:50:08.141, 6, 0, 78193
2026/09/15 05:50:08.141, 7, 0, 78193
2026/09/15 05:50:08.641, 4, 0, 78197
2026/09/15 05:50:08.641, 5, 0, 78193
2026/09/15 05:50:08.641, 6, 0, 78193
2026/09/15 05:50:08.641, 7, 0, 78193
2026/09/15 05:50:09.141, 4, 0, 78197
2026/09/15 05:50:09.141, 5, 0, 78193
2026/09/15 05:50:09.141, 6, 0, 78193
2026/09/15 05:50:09.141, 7, 0, 78193
2026/09/15 05:50:09.641, 4, 0, 78197
2026/09/15 05:50:09.641, 5, 0, 78193
2026/09/15 05:50:09.641, 6, 0, 78193
2026/09/15 05:50:09.641, 7, 0, 78193
2026/09/15 05:50:10.142, 4, 0, 78197
2026/09/15 05:50:10.142, 5, 0, 78193
2026/09/15 05:50:10.142, 6, 0, 78193
2026/09/15 05:50:10.142, 7, 0, 78193
2026/09/15 05:50:10.642, 4, 0, 78197
2026/09/15 05:50:10.642, 5, 0, 78193
2026/09/15 05:50:10.642, 6, 0, 78193
2026/09/15 05:50:10.642, 7, 0, 78193
2026/09/15 05:50:11.142, 4, 0, 78197
2026/09/15 05:50:11.142, 5, 0, 78193
2026/09/15 05:50:11.142, 6, 0, 78193
2026/09/15 05:50:11.142, 7, 0, 78193
2026/09/15 05:50:11.642, 4, 0, 78197
2026/09/15 05:50:11.642, 5, 0, 78193
2026/09/15 05:50:11.643, 6, 0, 78193
2026/09/15 05:50:11.643, 7, 0, 78193
2026/09/15 05:50:12.143, 4, 0, 78197
2026/09/15 05:50:12.143, 5, 0, 78193
2026/09/15 05:50:12.143, 6, 0, 78193
2026/09/15 05:50:12.143, 7, 0, 78193
2026/09/15 05:50:12.643, 4, 0, 78197
2026/09/15 05:50:12.643, 5, 0, 78193
2026/09/15 05:50:12.643, 6, 0, 78193
2026/09/15 05:50:12.643, 7, 0, 78193
2026/09/15 05:50:13.143, 4, 0, 78197
2026/09/15 05:50:13.143, 5, 0, 78193
2026/09/15 05:50:13.143, 6, 0, 78193
2026/09/15 05:50:13.143, 7, 0, 78193
2026/09/15 05:50:13.643, 4, 0, 78197
2026/09/15 05:50:13.643, 5, 0, 78193
2026/09/15 05:50:13.644, 6, 0, 78193
2026/09/15 05:50:13.644, 7, 0, 78193
2026/09/15 05:50:14.144, 4, 0, 78197
2026/09/15 05:50:14.144, 5, 0, 78193
2026/09/15 05:50:14.144, 6, 0, 78193
2026/09/15 05:50:14.144, 7, 0, 78193
2026/09/15 05:50:14.644, 4, 0, 78197
2026/09/15 05:50:14.644, 5, 0, 78193
2026/09/15 05:50:14.644, 6, 0, 78193
2026/09/15 05:50:14.644, 7, 0, 78193
2026/09/15 05:50:15.144, 4, 0, 78197
2026/09/15 05:50:15.144, 5, 0, 78193
2026/09/15 05:50:15.144, 6, 0, 78193
2026/09/15 05:50:15.144, 7, 0, 78193
2026/09/15 05:50:15.644, 4, 0, 78197
2026/09/15 05:50:15.644, 5, 0, 78193
2026/09/15 05:50:15.644, 6, 0, 78193
2026/09/15 05:50:15.644, 7, 0, 78193
2026/09/15 05:50:16.145, 4, 0, 78197
2026/09/15 05:50:16.145, 5, 0, 78193
2026/09/15 05:50:16.145, 6, 0, 78193
2026/09/15 05:50:16.145, 7, 0, 78193
2026/09/15 05:50:16.645, 4, 0, 78197
2026/09/15 05:50:16.645, 5, 0, 78193
2026/09/15 05:50:16.645, 6, 0, 78193
2026/09/15 05:50:16.645, 7, 0, 78193
2026/09/15 05:50:17.145, 4, 0, 78197
2026/09/15 05:50:17.145, 5, 0, 78193
2026/09/15 05:50:17.145, 6, 0, 78193
2026/09/15 05:50:17.145, 7, 0, 78193
2026/09/15 05:50:17.645, 4, 0, 78197
2026/09/15 05:50:17.645, 5, 0, 78193
2026/09/15 05:50:17.645, 6, 0, 78193
2026/09/15 05:50:17.645, 7, 0, 78193
2026/09/15 05:50:18.145, 4, 0, 78197
2026/09/15 05:50:18.146, 5, 0, 78193
2026/09/15 05:50:18.146, 6, 0, 78193
2026/09/15 05:50:18.146, 7, 0, 78193
2026/09/15 05:50:18.646, 4, 0, 78197
2026/09/15 05:50:18.646, 5, 0, 78193
2026/09/15 05:50:18.646, 6, 0, 78193
2026/09/15 05:50:18.646, 7, 0, 78193
2026/09/15 05:50:19.146, 4, 0, 78197
2026/09/15 05:50:19.146, 5, 0, 78193
2026/09/15 05:50:19.147, 6, 0, 78193
2026/09/15 05:50:19.147, 7, 0, 78193
2026/09/15 05:50:19.647, 4, 0, 78197
2026/09/15 05:50:19.647, 5, 0, 78193
2026/09/15 05:50:19.647, 6, 0, 78193
2026/09/15 05:50:19.647, 7, 0, 78193
2026/09/15 05:50:20.147, 4, 0, 78197
2026/09/15 05:50:20.147, 5, 0, 78193
2026/09/15 05:50:20.147, 6, 0, 78193
2026/09/15 05:50:20.147, 7, 0, 78193
2026/09/15 05:50:20.647, 4, 0, 78197
2026/09/15 05:50:20.647, 5, 0, 78193
2026/09/15 05:50:20.647, 6, 0, 78193
2026/09/15 05:50:20.647, 7, 0, 78193
2026/09/15 05:50:21.148, 4, 0, 78197
2026/09/15 05:50:21.148, 5, 0, 78193
2026/09/15 05:50:21.148, 6, 0, 78193
2026/09/15 05:50:21.148, 7, 0, 78193
2026/09/15 05:50:21.648, 4, 0, 78197
2026/09/15 05:50:21.648, 5, 0, 78193
2026/09/15 05:50:21.648, 6, 0, 78193
2026/09/15 05:50:21.648, 7, 0, 78193
2026/09/15 05:50:22.148, 4, 0, 78197
2026/09/15 05:50:22.148, 5, 0, 78193
2026/09/15 05:50:22.148, 6, 0, 78193
2026/09/15 05:50:22.148, 7, 0, 78193
2026/09/15 05:50:22.648, 4, 0, 78197
2026/09/15 05:50:22.648, 5, 0, 78193
2026/09/15 05:50:22.648, 6, 0, 78193
2026/09/15 05:50:22.648, 7, 0, 78193
2026/09/15 05:50:23.149, 4, 0, 78197
2026/09/15 05:50:23.149, 5, 0, 78193
2026/09/15 05:50:23.149, 6, 0, 78193
2026/09/15 05:50:23.149, 7, 0, 78193
2026/09/15 05:50:23.649, 4, 0, 78197
2026/09/15 05:50:23.649, 5, 0, 78193
2026/09/15 05:50:23.649, 6, 0, 78193
2026/09/15 05:50:23.649, 7, 0, 78193
2026/09/15 05:50:24.149, 4, 0, 78197
2026/09/15 05:50:24.149, 5, 0, 78193
2026/09/15 05:50:24.149, 6, 0, 78193
2026/09/15 05:50:24.149, 7, 0, 78193
2026/09/15 05:50:24.649, 4, 0, 78197
2026/09/15 05:50:24.649, 5, 0, 78193
2026/09/15 05:50:24.649, 6, 0, 78193
2026/09/15 05:50:24.649, 7, 0, 78193
2026/09/15 05:50:25.149, 4, 0, 78197
2026/09/15 05:50:25.149, 5, 0, 78193
2026/09/15 05:50:25.149, 6, 0, 78193
2026/09/15 05:50:25.149, 7, 0, 78193
2026/09/15 05:50:25.650, 4, 0, 78197
2026/09/15 05:50:25.650, 5, 0, 78193
2026/09/15 05:50:25.650, 6, 0, 78193
2026/09/15 05:50:25.650, 7, 0, 78193
2026/09/15 05:50:26.150, 4, 0, 78197
2026/09/15 05:50:26.150, 5, 0, 78193
2026/09/15 05:50:26.150, 6, 0, 78193
2026/09/15 05:50:26.150, 7, 0, 78193
2026/09/15 05:50:26.650, 4, 0, 78197
2026/09/15 05:50:26.650, 5, 0, 78193
2026/09/15 05:50:26.650, 6, 0, 78193
2026/09/15 05:50:26.650, 7, 0, 78193
2026/09/15 05:50:27.150, 4, 0, 78197
2026/09/15 05:50:27.150, 5, 0, 78193
2026/09/15 05:50:27.150, 6, 0, 78193
2026/09/15 05:50:27.150, 7, 0, 78193
2026/09/15 05:50:27.650, 4, 0, 78197
2026/09/15 05:50:27.650, 5, 0, 78193
2026/09/15 05:50:27.650, 6, 0, 78193
2026/09/15 05:50:27.650, 7, 0, 78193
2026/09/15 05:50:28.151, 4, 0, 78197
2026/09/15 05:50:28.151, 5, 0, 78193
2026/09/15 05:50:28.151, 6, 0, 78193
2026/09/15 05:50:28.151, 7, 0, 78193
2026/09/15 05:50:28.651, 4, 0, 78197
2026/09/15 05:50:28.651, 5, 0, 78193
2026/09/15 05:50:28.651, 6, 0, 78193
2026/09/15 05:50:28.651, 7, 0, 78193
2026/09/15 05:50:29.151, 4, 0, 78197
2026/09/15 05:50:29.151, 5, 0, 78193
2026/09/15 05:50:29.151, 6, 0, 78193
2026/09/15 05:50:29.151, 7, 0, 78193
2026/09/15 05:50:29.651, 4, 0, 78197
2026/09/15 05:50:29.652, 5, 0, 78193
2026/09/15 05:50:29.652, 6, 0, 78193
2026/09/15 05:50:29.652, 7, 0, 78193
2026/09/15 05:50:30.152, 4, 0, 78197
2026/09/15 05:50:30.152, 5, 0, 78193
2026/09/15 05:50:30.152, 6, 0, 78193
2026/09/15 05:50:30.152, 7, 0, 78193
2026/09/15 05:50:30.652, 4, 0, 78197
2026/09/15 05:50:30.652, 5, 0, 78193
2026/09/15 05:50:30.652, 6, 0, 78193
2026/09/15 05:50:30.652, 7, 0, 78193
2026/09/15 05:50:31.152, 4, 0, 78197
2026/09/15 05:50:31.152, 5, 0, 78193
2026/09/15 05:50:31.152, 6, 0, 78193
2026/09/15 05:50:31.152, 7, 0, 78193
2026/09/15 05:50:31.652, 4, 0, 78197
2026/09/15 05:50:31.652, 5, 0, 78193
2026/09/15 05:50:31.652, 6, 0, 78193
2026/09/15 05:50:31.652, 7, 0, 78193
2026/09/15 05:50:32.153, 4, 0, 78197
2026/09/15 05:50:32.153, 5, 0, 78193
2026/09/15 05:50:32.153, 6, 0, 78193
2026/09/15 05:50:32.153, 7, 0, 78193
2026/09/15 05:50:32.653, 4, 0, 78197
2026/09/15 05:50:32.653, 5, 0, 78193
2026/09/15 05:50:32.653, 6, 0, 78193
2026/09/15 05:50:32.653, 7, 0, 78193
2026/09/15 05:50:33.153, 4, 0, 78197
2026/09/15 05:50:33.153, 5, 0, 78193
2026/09/15 05:50:33.153, 6, 0, 78193
2026/09/15 05:50:33.154, 7, 0, 78193
2026/09/15 05:50:33.654, 4, 0, 78197
2026/09/15 05:50:33.654, 5, 0, 78193
2026/09/15 05:50:33.654, 6, 0, 78193
2026/09/15 05:50:33.654, 7, 0, 78193
2026/09/15 05:50:34.156, 4, 0, 78197
2026/09/15 05:50:34.156, 5, 0, 78193
2026/09/15 05:50:34.156, 6, 0, 78193
2026/09/15 05:50:34.156, 7, 0, 78193
2026/09/15 05:50:34.660, 4, 0, 78197
2026/09/15 05:50:34.660, 5, 0, 78193
2026/09/15 05:50:34.660, 6, 0, 78193
2026/09/15 05:50:34.660, 7, 0, 78193
2026/09/15 05:50:35.162, 4, 0, 78197
2026/09/15 05:50:35.162, 5, 0, 78193
2026/09/15 05:50:35.162, 6, 0, 78193
2026/09/15 05:50:35.162, 7, 0, 78193
2026/09/15 05:50:35.662, 4, 0, 78197
2026/09/15 05:50:35.662, 5, 0, 78193
2026/09/15 05:50:35.662, 6, 0, 78193
2026/09/15 05:50:35.662, 7, 0, 78193
2026/09/15 05:50:36.165, 4, 0, 78197
2026/09/15 05:50:36.165, 5, 0, 78193
2026/09/15 05:50:36.165, 6, 0, 78193
2026/09/15 05:50:36.165, 7, 0, 78193
2026/09/15 05:50:36.665, 4, 0, 78197
2026/09/15 05:50:36.665, 5, 0, 78193
2026/09/15 05:50:36.665, 6, 0, 78193
2026/09/15 05:50:36.665, 7, 0, 78193
2026/09/15 05:50:37.165, 4, 0, 78197
2026/09/15 05:50:37.166, 5, 0, 78193
2026/09/15 05:50:37.166, 6, 0, 78193
2026/09/15 05:50:37.166, 7, 0, 78193
2026/09/15 05:50:37.666, 4, 0, 78197
2026/09/15 05:50:37.666, 5, 0, 78193
2026/09/15 05:50:37.666, 6, 0, 78193
2026/09/15 05:50:37.667, 7, 0, 78193
2026/09/15 05:50:38.167, 4, 0, 78197
2026/09/15 05:50:38.168, 5, 0, 78193
2026/09/15 05:50:38.168, 6, 0, 78193
2026/09/15 05:50:38.168, 7, 0, 78193
2026/09/15 05:50:38.668, 4, 0, 78197
2026/09/15 05:50:38.669, 5, 0, 78193
2026/09/15 05:50:38.669, 6, 0, 78193
2026/09/15 05:50:38.669, 7, 0, 78193
2026/09/15 05:50:39.170, 4, 0, 78197
2026/09/15 05:50:39.172, 5, 0, 78193
2026/09/15 05:50:39.172, 6, 0, 78193
2026/09/15 05:50:39.172, 7, 0, 78193
2026/09/15 05:50:39.672, 4, 0, 78197
2026/09/15 05:50:39.673, 5, 0, 78193
2026/09/15 05:50:39.673, 6, 0, 78193
2026/09/15 05:50:39.673, 7, 0, 78193
2026/09/15 05:50:40.173, 4, 0, 78197
2026/09/15 05:50:40.173, 5, 0, 78193
2026/09/15 05:50:40.173, 6, 0, 78193
2026/09/15 05:50:40.173, 7, 0, 78193
2026/09/15 05:50:40.673, 4, 0, 78197
2026/09/15 05:50:40.673, 5, 0, 78193
2026/09/15 05:50:40.673, 6, 0, 78193
2026/09/15 05:50:40.673, 7, 0, 78193
2026/09/15 05:50:41.174, 4, 0, 78197
2026/09/15 05:50:41.174, 5, 0, 78193
2026/09/15 05:50:41.174, 6, 0, 78193
2026/09/15 05:50:41.174, 7, 0, 78193
2026/09/15 05:50:41.676, 4, 0, 78197
2026/09/15 05:50:41.676, 5, 0, 78193
2026/09/15 05:50:41.676, 6, 0, 78193
2026/09/15 05:50:41.677, 7, 0, 78193
2026/09/15 05:50:42.177, 4, 0, 78197
2026/09/15 05:50:42.185, 5, 0, 78193
2026/09/15 05:50:42.185, 6, 0, 78193
2026/09/15 05:50:42.185, 7, 0, 78193
2026/09/15 05:50:42.685, 4, 0, 78197
2026/09/15 05:50:42.685, 5, 0, 78193
2026/09/15 05:50:42.685, 6, 0, 78193
2026/09/15 05:50:42.686, 7, 0, 78193
2026/09/15 05:50:43.186, 4, 0, 78197
2026/09/15 05:50:43.186, 5, 0, 78193
2026/09/15 05:50:43.186, 6, 0, 78193
2026/09/15 05:50:43.187, 7, 0, 78193
2026/09/15 05:50:43.687, 4, 0, 78197
2026/09/15 05:50:43.687, 5, 0, 78193
2026/09/15 05:50:43.688, 6, 0, 78193
2026/09/15 05:50:43.688, 7, 0, 78193
2026/09/15 05:50:44.188, 4, 0, 78197
2026/09/15 05:50:44.188, 5, 0, 78193
2026/09/15 05:50:44.189, 6, 0, 78193
2026/09/15 05:50:44.189, 7, 0, 78193
2026/09/15 05:50:44.689, 4, 0, 78197
2026/09/15 05:50:44.689, 5, 0, 78193
2026/09/15 05:50:44.689, 6, 0, 78193
2026/09/15 05:50:44.689, 7, 0, 78193
2026/09/15 05:50:45.189, 4, 0, 78197
2026/09/15 05:50:45.189, 5, 0, 78193
2026/09/15 05:50:45.189, 6, 0, 78193
2026/09/15 05:50:45.189, 7, 0, 78193
2026/09/15 05:50:45.690, 4, 0, 78197
2026/09/15 05:50:45.690, 5, 0, 78193
2026/09/15 05:50:45.690, 6, 0, 78193
2026/09/15 05:50:45.690, 7, 0, 78193
2026/09/15 05:50:46.190, 4, 0, 78197
2026/09/15 05:50:46.190, 5, 0, 78193
2026/09/15 05:50:46.190, 6, 0, 78193
2026/09/15 05:50:46.190, 7, 0, 78193
2026/09/15 05:50:46.690, 4, 0, 78197
2026/09/15 05:50:46.690, 5, 0, 78193
2026/09/15 05:50:46.690, 6, 0, 78193
2026/09/15 05:50:46.690, 7, 0, 78193
2026/09/15 05:50:47.190, 4, 0, 78197
2026/09/15 05:50:47.190, 5, 0, 78193
2026/09/15 05:50:47.190, 6, 0, 78193
2026/09/15 05:50:47.190, 7, 0, 78193
2026/09/15 05:50:47.690, 4, 0, 78197
2026/09/15 05:50:47.690, 5, 0, 78193
2026/09/15 05:50:47.690, 6, 0, 78193
2026/09/15 05:50:47.690, 7, 0, 78193
2026/09/15 05:50:48.191, 4, 0, 78197
2026/09/15 05:50:48.191, 5, 0, 78193
2026/09/15 05:50:48.191, 6, 0, 78193
2026/09/15 05:50:48.191, 7, 0, 78193
2026/09/15 05:50:48.691, 4, 0, 78197
2026/09/15 05:50:48.691, 5, 0, 78193
2026/09/15 05:50:48.691, 6, 0, 78193
2026/09/15 05:50:48.691, 7, 0, 78193
2026/09/15 05:50:49.191, 4, 0, 78205
2026/09/15 05:50:49.233, 5, 0, 78193
2026/09/15 05:50:49.233, 6, 0, 78193
2026/09/15 05:50:49.233, 7, 0, 78193
2026/09/15 05:50:49.733, 4, 20, 78213
2026/09/15 05:50:49.884, 5, 0, 78193
2026/09/15 05:50:49.884, 6, 0, 78193
2026/09/15 05:50:49.884, 7, 0, 78193
2026/09/15 05:50:50.384, 4, 1, 78213
2026/09/15 05:50:50.385, 5, 0, 78193
2026/09/15 05:50:50.385, 6, 0, 78193
2026/09/15 05:50:50.385, 7, 0, 78193
2026/09/15 05:50:50.885, 4, 53, 78213
2026/09/15 05:50:50.996, 5, 0, 78193
2026/09/15 05:50:50.996, 6, 0, 78193
2026/09/15 05:50:50.996, 7, 0, 78193
2026/09/15 05:50:51.496, 4, 2, 78213
2026/09/15 05:50:51.496, 5, 0, 78193
2026/09/15 05:50:51.496, 6, 0, 78193
2026/09/15 05:50:51.496, 7, 0, 78193
2026/09/15 05:50:51.996, 4, 6, 78213
2026/09/15 05:50:52.097, 5, 0, 78193
2026/09/15 05:50:52.097, 6, 0, 78193
2026/09/15 05:50:52.097, 7, 0, 78193
2026/09/15 05:50:52.597, 4, 0, 78215
2026/09/15 05:50:52.597, 5, 0, 78193
2026/09/15 05:50:52.597, 6, 0, 78193
2026/09/15 05:50:52.597, 7, 0, 78193
2026/09/15 05:50:53.097, 4, 44, 78215
2026/09/15 05:50:53.097, 5, 0, 78193
2026/09/15 05:50:53.199, 6, 0, 78193
2026/09/15 05:50:53.199, 7, 0, 78193
2026/09/15 05:50:53.699, 4, 0, 78215
2026/09/15 05:50:53.700, 5, 0, 78193
2026/09/15 05:50:53.700, 6, 0, 78193
2026/09/15 05:50:53.700, 7, 0, 78193
2026/09/15 05:50:54.200, 4, 23, 78215
2026/09/15 05:50:54.200, 5, 0, 78193
2026/09/15 05:50:54.288, 6, 0, 78193
2026/09/15 05:50:54.288, 7, 0, 78193
2026/09/15 05:50:54.788, 4, 1, 78217
2026/09/15 05:50:54.788, 5, 0, 78193
2026/09/15 05:50:54.788, 6, 0, 78193
2026/09/15 05:50:54.788, 7, 0, 78193
2026/09/15 05:50:55.288, 4, 41, 78217
2026/09/15 05:50:55.383, 5, 0, 78193
2026/09/15 05:50:55.384, 6, 0, 78193
2026/09/15 05:50:55.384, 7, 0, 78193
2026/09/15 05:50:55.884, 4, 0, 78217
2026/09/15 05:50:55.884, 5, 0, 78193
2026/09/15 05:50:55.884, 6, 0, 78193
2026/09/15 05:50:55.884, 7, 0, 78193
2026/09/15 05:50:56.384, 4, 2, 78219
2026/09/15 05:50:56.488, 5, 0, 78193
2026/09/15 05:50:56.488, 6, 0, 78193
2026/09/15 05:50:56.488, 7, 0, 78193
2026/09/15 05:50:56.988, 4, 0, 78219
2026/09/15 05:50:56.989, 5, 0, 78193
2026/09/15 05:50:56.989, 6, 0, 78193
2026/09/15 05:50:56.989, 7, 0, 78193
2026/09/15 05:50:57.489, 4, 89, 78219
2026/09/15 05:50:57.585, 5, 0, 78193
2026/09/15 05:50:57.585, 6, 0, 78193
2026/09/15 05:50:57.586, 7, 0, 78193
2026/09/15 05:50:58.086, 4, 8, 78219
2026/09/15 05:50:58.086, 5, 0, 78193
2026/09/15 05:50:58.086, 6, 0, 78193
2026/09/15 05:50:58.086, 7, 0, 78193
2026/09/15 05:50:58.586, 4, 18, 78219
2026/09/15 05:50:58.671, 5, 0, 78193
2026/09/15 05:50:58.671, 6, 0, 78193
2026/09/15 05:50:58.672, 7, 0, 78193
2026/09/15 05:50:59.172, 4, 10, 78219
2026/09/15 05:50:59.172, 5, 0, 78193
2026/09/15 05:50:59.172, 6, 0, 78193
2026/09/15 05:50:59.172, 7, 0, 78193
2026/09/15 05:50:59.672, 4, 50, 78219
2026/09/15 05:50:59.672, 5, 0, 78193
2026/09/15 05:50:59.771, 6, 0, 78193
2026/09/15 05:50:59.771, 7, 0, 78193
2026/09/15 05:51:00.271, 4, 4, 78219
2026/09/15 05:51:00.271, 5, 0, 78193
2026/09/15 05:51:00.271, 6, 0, 78193
2026/09/15 05:51:00.271, 7, 0, 78193
2026/09/15 05:51:00.771, 4, 19, 78219
2026/09/15 05:51:00.857, 5, 0, 78193
2026/09/15 05:51:00.857, 6, 0, 78193
2026/09/15 05:51:00.857, 7, 0, 78193
2026/09/15 05:51:01.358, 4, 26, 78219
2026/09/15 05:51:01.358, 5, 0, 78193
2026/09/15 05:51:01.358, 6, 0, 78193
2026/09/15 05:51:01.358, 7, 0, 78193
2026/09/15 05:51:01.858, 4, 48, 78219
2026/09/15 05:51:01.945, 5, 0, 78193
2026/09/15 05:51:01.945, 6, 0, 78193
2026/09/15 05:51:01.945, 7, 0, 78193
2026/09/15 05:51:02.445, 4, 10, 78219
2026/09/15 05:51:02.446, 5, 0, 78193
2026/09/15 05:51:02.446, 6, 0, 78193
2026/09/15 05:51:02.446, 7, 0, 78193
2026/09/15 05:51:02.946, 4, 6, 78219
2026/09/15 05:51:03.031, 5, 0, 78193
2026/09/15 05:51:03.031, 6, 0, 78193
2026/09/15 05:51:03.031, 7, 0, 78193
2026/09/15 05:51:03.531, 4, 0, 78219
2026/09/15 05:51:03.531, 5, 0, 78193
2026/09/15 05:51:03.531, 6, 0, 78193
2026/09/15 05:51:03.531, 7, 0, 78193
2026/09/15 05:51:04.031, 4, 4, 78219
2026/09/15 05:51:04.120, 5, 0, 78193
2026/09/15 05:51:04.120, 6, 0, 78193
2026/09/15 05:51:04.120, 7, 0, 78193
2026/09/15 05:51:04.620, 4, 0, 78221
2026/09/15 05:51:04.620, 5, 0, 78193
2026/09/15 05:51:04.620, 6, 0, 78193
2026/09/15 05:51:04.620, 7, 0, 78193
2026/09/15 05:51:05.120, 4, 21, 78221
2026/09/15 05:51:05.222, 5, 0, 78193
2026/09/15 05:51:05.222, 6, 0, 78193
2026/09/15 05:51:05.222, 7, 0, 78193
2026/09/15 05:51:05.722, 4, 0, 78221
2026/09/15 05:51:05.722, 5, 0, 78193
2026/09/15 05:51:05.722, 6, 0, 78193
2026/09/15 05:51:05.722, 7, 0, 78193
2026/09/15 05:51:06.222, 4, 1, 78223
2026/09/15 05:51:06.322, 5, 0, 78193
2026/09/15 05:51:06.323, 6, 0, 78193
2026/09/15 05:51:06.323, 7, 0, 78193
2026/09/15 05:51:06.823, 4, 0, 78223
2026/09/15 05:51:06.823, 5, 0, 78193
2026/09/15 05:51:06.823, 6, 0, 78193
2026/09/15 05:51:06.823, 7, 0, 78193
2026/09/15 05:51:07.323, 4, 77, 78223
2026/09/15 05:51:07.420, 5, 0, 78193
2026/09/15 05:51:07.420, 6, 0, 78193
2026/09/15 05:51:07.420, 7, 0, 78193
2026/09/15 05:51:07.920, 4, 11, 78223
2026/09/15 05:51:07.920, 5, 0, 78193
2026/09/15 05:51:07.920, 6, 0, 78193
2026/09/15 05:51:07.920, 7, 0, 78193
2026/09/15 05:51:08.420, 4, 0, 78223
2026/09/15 05:51:08.420, 5, 0, 78193
2026/09/15 05:51:08.508, 6, 0, 78193
2026/09/15 05:51:08.508, 7, 0, 78193
2026/09/15 05:51:09.008, 4, 6, 78223
2026/09/15 05:51:09.008, 5, 0, 78193
2026/09/15 05:51:09.008, 6, 0, 78193
2026/09/15 05:51:09.008, 7, 0, 78193
2026/09/15 05:51:09.508, 4, 43, 78225
2026/09/15 05:51:09.618, 5, 0, 78193
2026/09/15 05:51:09.618, 6, 0, 78193
2026/09/15 05:51:09.618, 7, 0, 78193
2026/09/15 05:51:10.118, 4, 4, 78225
2026/09/15 05:51:10.118, 5, 0, 78193
2026/09/15 05:51:10.118, 6, 0, 78193
2026/09/15 05:51:10.118, 7, 0, 78193
2026/09/15 05:51:10.618, 4, 0, 78225
2026/09/15 05:51:10.706, 5, 0, 78193
2026/09/15 05:51:10.706, 6, 0, 78193
2026/09/15 05:51:10.707, 7, 0, 78193
2026/09/15 05:51:11.207, 4, 0, 78225
2026/09/15 05:51:11.207, 5, 0, 78193
2026/09/15 05:51:11.207, 6, 0, 78193
2026/09/15 05:51:11.207, 7, 0, 78193
2026/09/15 05:51:11.707, 4, 9, 78227
2026/09/15 05:51:11.802, 5, 0, 78193
2026/09/15 05:51:11.802, 6, 0, 78193
2026/09/15 05:51:11.802, 7, 0, 78193
2026/09/15 05:51:12.303, 4, 0, 78227
2026/09/15 05:51:12.303, 5, 0, 78193
2026/09/15 05:51:12.303, 6, 0, 78193
2026/09/15 05:51:12.303, 7, 0, 78193
2026/09/15 05:51:12.803, 4, 12, 78227
2026/09/15 05:51:12.901, 5, 0, 78193
2026/09/15 05:51:12.901, 6, 0, 78193
2026/09/15 05:51:12.901, 7, 0, 78193
2026/09/15 05:51:13.401, 4, 28, 78227
2026/09/15 05:51:13.401, 5, 0, 78193
2026/09/15 05:51:13.401, 6, 0, 78193
2026/09/15 05:51:13.401, 7, 0, 78193
2026/09/15 05:51:13.901, 4, 45, 78227
2026/09/15 05:51:14.043, 5, 0, 78193
2026/09/15 05:51:14.043, 6, 0, 78193
2026/09/15 05:51:14.043, 7, 0, 78193
2026/09/15 05:51:14.543, 4, 19, 78227
2026/09/15 05:51:14.543, 5, 0, 78193
2026/09/15 05:51:14.543, 6, 0, 78193
2026/09/15 05:51:14.543, 7, 0, 78193
2026/09/15 05:51:15.044, 4, 3, 78227
2026/09/15 05:51:15.132, 5, 0, 78193
2026/09/15 05:51:15.132, 6, 0, 78193
2026/09/15 05:51:15.132, 7, 0, 78193
2026/09/15 05:51:15.632, 4, 2, 78227
2026/09/15 05:51:15.632, 5, 0, 78193
2026/09/15 05:51:15.632, 6, 0, 78193
2026/09/15 05:51:15.632, 7, 0, 78193
2026/09/15 05:51:16.132, 4, 55, 78227
2026/09/15 05:51:16.132, 5, 0, 78193
2026/09/15 05:51:16.264, 6, 0, 78193
2026/09/15 05:51:16.264, 7, 0, 78193
2026/09/15 05:51:16.764, 4, 12, 78227
2026/09/15 05:51:16.764, 5, 0, 78193
2026/09/15 05:51:16.764, 6, 0, 78193
2026/09/15 05:51:16.764, 7, 0, 78193
2026/09/15 05:51:17.264, 4, 1, 78227
2026/09/15 05:51:17.362, 5, 0, 78193
2026/09/15 05:51:17.362, 6, 0, 78193
2026/09/15 05:51:17.362, 7, 0, 78193
2026/09/15 05:51:17.862, 4, 0, 78227
2026/09/15 05:51:17.862, 5, 0, 78193
2026/09/15 05:51:17.862, 6, 0, 78193
2026/09/15 05:51:17.862, 7, 0, 78193
2026/09/15 05:51:18.362, 4, 30, 78227
2026/09/15 05:51:18.455, 5, 0, 78193
2026/09/15 05:51:18.455, 6, 0, 78193
2026/09/15 05:51:18.455, 7, 0, 78193
2026/09/15 05:51:18.955, 4, 0, 78227
2026/09/15 05:51:18.955, 5, 0, 78193
2026/09/15 05:51:18.955, 6, 0, 78193
2026/09/15 05:51:18.955, 7, 0, 78193
2026/09/15 05:51:19.455, 4, 43, 78229
2026/09/15 05:51:19.548, 5, 0, 78193
2026/09/15 05:51:19.548, 6, 0, 78193
2026/09/15 05:51:19.548, 7, 0, 78193
2026/09/15 05:51:20.048, 4, 0, 78229
2026/09/15 05:51:20.048, 5, 0, 78193
2026/09/15 05:51:20.048, 6, 0, 78193
2026/09/15 05:51:20.048, 7, 0, 78193
2026/09/15 05:51:20.548, 4, 3, 78231
2026/09/15 05:51:20.648, 5, 0, 78193
2026/09/15 05:51:20.648, 6, 0, 78193
2026/09/15 05:51:20.648, 7, 0, 78193
2026/09/15 05:51:21.149, 4, 0, 78231
2026/09/15 05:51:21.149, 5, 0, 78193
2026/09/15 05:51:21.149, 6, 0, 78193
2026/09/15 05:51:21.149, 7, 0, 78193
2026/09/15 05:51:21.649, 4, 67, 78231
2026/09/15 05:51:21.649, 5, 0, 78193
2026/09/15 05:51:21.746, 6, 0, 78193
2026/09/15 05:51:21.746, 7, 0, 78193
2026/09/15 05:51:22.246, 4, 7, 78231
2026/09/15 05:51:22.246, 5, 0, 78193
2026/09/15 05:51:22.246, 6, 0, 78193
2026/09/15 05:51:22.246, 7, 0, 78193
2026/09/15 05:51:22.746, 4, 15, 78231
2026/09/15 05:51:22.841, 5, 0, 78193
2026/09/15 05:51:22.841, 6, 0, 78193
2026/09/15 05:51:22.841, 7, 0, 78193
2026/09/15 05:51:23.341, 4, 11, 78231
2026/09/15 05:51:23.341, 5, 0, 78193
2026/09/15 05:51:23.341, 6, 0, 78193
2026/09/15 05:51:23.341, 7, 0, 78193
2026/09/15 05:51:23.841, 4, 56, 78231
2026/09/15 05:51:23.938, 5, 0, 78193
2026/09/15 05:51:23.938, 6, 0, 78193
2026/09/15 05:51:23.938, 7, 0, 78193
2026/09/15 05:51:24.438, 4, 0, 78231
2026/09/15 05:51:24.438, 5, 0, 78193
2026/09/15 05:51:24.438, 6, 0, 78193
2026/09/15 05:51:24.438, 7, 0, 78193
2026/09/15 05:51:24.938, 4, 1, 78233
2026/09/15 05:51:24.938, 5, 0, 78193
2026/09/15 05:51:25.034, 6, 0, 78193
2026/09/15 05:51:25.035, 7, 0, 78193
2026/09/15 05:51:25.535, 4, 0, 78233
2026/09/15 05:51:25.535, 5, 0, 78193
2026/09/15 05:51:25.535, 6, 0, 78193
2026/09/15 05:51:25.535, 7, 0, 78193
2026/09/15 05:51:26.035, 4, 64, 78233
2026/09/15 05:51:26.035, 5, 0, 78193
2026/09/15 05:51:26.123, 6, 0, 78193
2026/09/15 05:51:26.123, 7, 0, 78193
2026/09/15 05:51:26.623, 4, 27, 78233
2026/09/15 05:51:26.623, 5, 0, 78193
2026/09/15 05:51:26.623, 6, 0, 78193
2026/09/15 05:51:26.623, 7, 0, 78193
2026/09/15 05:51:27.123, 4, 97, 78233
2026/09/15 05:51:27.221, 5, 0, 78193
2026/09/15 05:51:27.221, 6, 0, 78193
2026/09/15 05:51:27.222, 7, 0, 78193
2026/09/15 05:51:27.722, 4, 11, 78233
2026/09/15 05:51:27.722, 5, 0, 78193
2026/09/15 05:51:27.722, 6, 0, 78193
2026/09/15 05:51:27.722, 7, 0, 78193
2026/09/15 05:51:28.222, 4, 32, 78233
2026/09/15 05:51:28.343, 5, 0, 78193
2026/09/15 05:51:28.344, 6, 0, 78193
2026/09/15 05:51:28.344, 7, 0, 78193
2026/09/15 05:51:28.844, 4, 0, 78233
2026/09/15 05:51:28.844, 5, 0, 78193
2026/09/15 05:51:28.844, 6, 0, 78193
2026/09/15 05:51:28.844, 7, 0, 78193
2026/09/15 05:51:29.344, 4, 0, 78233
2026/09/15 05:51:29.439, 5, 0, 78193
2026/09/15 05:51:29.439, 6, 0, 78193
2026/09/15 05:51:29.439, 7, 0, 78193
2026/09/15 05:51:29.939, 4, 1, 78233
2026/09/15 05:51:29.939, 5, 0, 78193
2026/09/15 05:51:29.939, 6, 0, 78193
2026/09/15 05:51:29.939, 7, 0, 78193
2026/09/15 05:51:30.439, 4, 7, 78235
2026/09/15 05:51:30.439, 5, 0, 78193
2026/09/15 05:51:30.533, 6, 0, 78193
2026/09/15 05:51:30.533, 7, 0, 78193
2026/09/15 05:51:31.033, 4, 0, 78235
2026/09/15 05:51:31.033, 5, 0, 78193
2026/09/15 05:51:31.033, 6, 0, 78193
2026/09/15 05:51:31.033, 7, 0, 78193
2026/09/15 05:51:31.533, 4, 21, 78237
2026/09/15 05:51:31.638, 5, 0, 78193
2026/09/15 05:51:31.638, 6, 0, 78193
2026/09/15 05:51:31.638, 7, 0, 78193
2026/09/15 05:51:32.138, 4, 0, 78237
2026/09/15 05:51:32.139, 5, 0, 78193
2026/09/15 05:51:32.139, 6, 0, 78193
2026/09/15 05:51:32.139, 7, 0, 78193
2026/09/15 05:51:32.639, 4, 14, 78237
2026/09/15 05:51:32.729, 5, 0, 78193
2026/09/15 05:51:32.729, 6, 0, 78193
2026/09/15 05:51:32.729, 7, 0, 78193
2026/09/15 05:51:33.229, 4, 0, 78237
2026/09/15 05:51:33.229, 5, 0, 78193
2026/09/15 05:51:33.229, 6, 0, 78193
2026/09/15 05:51:33.229, 7, 0, 78193
2026/09/15 05:51:33.729, 4, 50, 78237
2026/09/15 05:51:33.825, 5, 0, 78193
2026/09/15 05:51:33.825, 6, 0, 78193
2026/09/15 05:51:33.825, 7, 0, 78193
2026/09/15 05:51:34.325, 4, 0, 78239
2026/09/15 05:51:34.325, 5, 0, 78193
2026/09/15 05:51:34.325, 6, 0, 78193
2026/09/15 05:51:34.325, 7, 0, 78193
2026/09/15 05:51:34.825, 4, 18, 78239
2026/09/15 05:51:34.825, 5, 1, 78193
2026/09/15 05:51:34.922, 6, 0, 78193
2026/09/15 05:51:34.922, 7, 0, 78193
2026/09/15 05:51:35.422, 4, 2, 78239
2026/09/15 05:51:35.422, 5, 0, 78193
2026/09/15 05:51:35.422, 6, 0, 78193
2026/09/15 05:51:35.422, 7, 0, 78193
2026/09/15 05:51:35.922, 4, 13, 78241
2026/09/15 05:51:35.922, 5, 0, 78193
2026/09/15 05:51:36.016, 6, 0, 78193
2026/09/15 05:51:36.016, 7, 0, 78193
2026/09/15 05:51:36.516, 4, 0, 78241
2026/09/15 05:51:36.516, 5, 0, 78193
2026/09/15 05:51:36.516, 6, 0, 78193
2026/09/15 05:51:36.516, 7, 0, 78193
2026/09/15 05:51:37.016, 4, 0, 78235
2026/09/15 05:51:37.103, 5, 0, 78193
2026/09/15 05:51:37.103, 6, 0, 78193
2026/09/15 05:51:37.103, 7, 0, 78193
2026/09/15 05:51:37.603, 4, 0, 78233
2026/09/15 05:51:37.603, 5, 0, 78193
2026/09/15 05:51:37.603, 6, 0, 78193
2026/09/15 05:51:37.603, 7, 0, 78193
2026/09/15 05:51:38.103, 4, 0, 78233
2026/09/15 05:51:38.103, 5, 0, 78193
2026/09/15 05:51:38.103, 6, 0, 78193
2026/09/15 05:51:38.104, 7, 0, 78193
2026/09/15 05:51:38.604, 4, 0, 78233
2026/09/15 05:51:38.604, 5, 0, 78193
2026/09/15 05:51:38.604, 6, 0, 78193
2026/09/15 05:51:38.604, 7, 0, 78193
2026/09/15 05:51:39.104, 4, 0, 78233
2026/09/15 05:51:39.104, 5, 0, 78193
2026/09/15 05:51:39.104, 6, 0, 78193
2026/09/15 05:51:39.104, 7, 0, 78193
2026/09/15 05:51:39.604, 4, 0, 78233
2026/09/15 05:51:39.604, 5, 0, 78193
2026/09/15 05:51:39.604, 6, 0, 78193
2026/09/15 05:51:39.604, 7, 0, 78193
2026/09/15 05:51:40.104, 4, 0, 78233
2026/09/15 05:51:40.104, 5, 0, 78193
2026/09/15 05:51:40.104, 6, 0, 78193
2026/09/15 05:51:40.105, 7, 0, 78193
2026/09/15 05:51:40.605, 4, 0, 78233
2026/09/15 05:51:40.605, 5, 0, 78193
2026/09/15 05:51:40.605, 6, 0, 78193
2026/09/15 05:51:40.605, 7, 0, 78193
2026/09/15 05:51:41.105, 4, 0, 78233
2026/09/15 05:51:41.105, 5, 0, 78193
2026/09/15 05:51:41.105, 6, 0, 78193
2026/09/15 05:51:41.105, 7, 0, 78193
2026/09/15 05:51:41.605, 4, 0, 78233
2026/09/15 05:51:41.605, 5, 0, 78193
2026/09/15 05:51:41.605, 6, 0, 78193
2026/09/15 05:51:41.605, 7, 0, 78193
2026/09/15 05:51:42.105, 4, 0, 78233
2026/09/15 05:51:42.105, 5, 0, 78193
2026/09/15 05:51:42.105, 6, 0, 78193
2026/09/15 05:51:42.105, 7, 0, 78193
2026/09/15 05:51:42.606, 4, 0, 78233
2026/09/15 05:51:42.606, 5, 0, 78193
2026/09/15 05:51:42.606, 6, 0, 78193
2026/09/15 05:51:42.606, 7, 0, 78193
2026/09/15 05:51:43.106, 4, 0, 78233
2026/09/15 05:51:43.106, 5, 0, 78193
2026/09/15 05:51:43.106, 6, 0, 78193
2026/09/15 05:51:43.106, 7, 0, 78193
2026/09/15 05:51:43.607, 4, 0, 78233
2026/09/15 05:51:43.607, 5, 0, 78193
2026/09/15 05:51:43.607, 6, 0, 78193
2026/09/15 05:51:43.607, 7, 0, 78193
2026/09/15 05:51:44.107, 4, 0, 78233
2026/09/15 05:51:44.107, 5, 0, 78193
2026/09/15 05:51:44.107, 6, 0, 78193
2026/09/15 05:51:44.107, 7, 0, 78193
2026/09/15 05:51:44.607, 4, 0, 78233
2026/09/15 05:51:44.607, 5, 0, 78193
2026/09/15 05:51:44.607, 6, 0, 78193
2026/09/15 05:51:44.607, 7, 0, 78193
2026/09/15 05:51:45.107, 4, 0, 78233
2026/09/15 05:51:45.107, 5, 0, 78193
2026/09/15 05:51:45.107, 6, 0, 78193
2026/09/15 05:51:45.107, 7, 0, 78193
2026/09/15 05:51:45.607, 4, 0, 78233
2026/09/15 05:51:45.608, 5, 0, 78193
2026/09/15 05:51:45.608, 6, 0, 78193
2026/09/15 05:51:45.608, 7, 0, 78193
2026/09/15 05:51:46.108, 4, 0, 78233
2026/09/15 05:51:46.108, 5, 0, 78193
2026/09/15 05:51:46.108, 6, 0, 78193
2026/09/15 05:51:46.108, 7, 0, 78193
2026/09/15 05:51:46.608, 4, 0, 78233
2026/09/15 05:51:46.608, 5, 0, 78193
2026/09/15 05:51:46.608, 6, 0, 78193
2026/09/15 05:51:46.608, 7, 0, 78193
2026/09/15 05:51:47.108, 4, 0, 78233
2026/09/15 05:51:47.108, 5, 0, 78193
2026/09/15 05:51:47.108, 6, 0, 78193
2026/09/15 05:51:47.108, 7, 0, 78193
2026/09/15 05:51:47.609, 4, 0, 78233
2026/09/15 05:51:47.609, 5, 0, 78193
2026/09/15 05:51:47.609, 6, 0, 78193
2026/09/15 05:51:47.609, 7, 0, 78193
2026/09/15 05:51:48.109, 4, 0, 78233
2026/09/15 05:51:48.109, 5, 0, 78193
2026/09/15 05:51:48.109, 6, 0, 78193
2026/09/15 05:51:48.109, 7, 0, 78193
2026/09/15 05:51:48.609, 4, 0, 78233
2026/09/15 05:51:48.609, 5, 0, 78193
2026/09/15 05:51:48.609, 6, 0, 78193
2026/09/15 05:51:48.609, 7, 0, 78193
2026/09/15 05:51:49.109, 4, 0, 78233
2026/09/15 05:51:49.110, 5, 0, 78193
2026/09/15 05:51:49.110, 6, 0, 78193
2026/09/15 05:51:49.110, 7, 0, 78193
2026/09/15 05:51:49.610, 4, 0, 78233
2026/09/15 05:51:49.610, 5, 0, 78193
2026/09/15 05:51:49.610, 6, 0, 78193
2026/09/15 05:51:49.610, 7, 0, 78193
2026/09/15 05:51:50.110, 4, 0, 78233
2026/09/15 05:51:50.110, 5, 0, 78193
2026/09/15 05:51:50.110, 6, 0, 78193
2026/09/15 05:51:50.110, 7, 0, 78193
2026/09/15 05:51:50.610, 4, 0, 78233
2026/09/15 05:51:50.610, 5, 0, 78193
2026/09/15 05:51:50.610, 6, 0, 78193
2026/09/15 05:51:50.610, 7, 0, 78193
2026/09/15 05:51:51.110, 4, 0, 78233
2026/09/15 05:51:51.111, 5, 0, 78193
2026/09/15 05:51:51.111, 6, 0, 78193
2026/09/15 05:51:51.111, 7, 0, 78193
2026/09/15 05:51:51.611, 4, 0, 78233
2026/09/15 05:51:51.611, 5, 0, 78193
2026/09/15 05:51:51.611, 6, 0, 78193
2026/09/15 05:51:51.611, 7, 0, 78193
2026/09/15 05:51:52.111, 4, 0, 78233
2026/09/15 05:51:52.111, 5, 0, 78193
2026/09/15 05:51:52.111, 6, 0, 78193
2026/09/15 05:51:52.111, 7, 0, 78193
2026/09/15 05:51:52.611, 4, 0, 78233
2026/09/15 05:51:52.611, 5, 0, 78193
2026/09/15 05:51:52.611, 6, 0, 78193
2026/09/15 05:51:52.611, 7, 0, 78193
2026/09/15 05:51:53.111, 4, 0, 78233
2026/09/15 05:51:53.112, 5, 0, 78193
2026/09/15 05:51:53.112, 6, 0, 78193
2026/09/15 05:51:53.112, 7, 0, 78193
2026/09/15 05:51:53.612, 4, 0, 78233
2026/09/15 05:51:53.612, 5, 0, 78193
2026/09/15 05:51:53.612, 6, 0, 78193
2026/09/15 05:51:53.612, 7, 0, 78193
2026/09/15 05:51:54.112, 4, 0, 78233
2026/09/15 05:51:54.112, 5, 0, 78193
2026/09/15 05:51:54.112, 6, 0, 78193
2026/09/15 05:51:54.112, 7, 0, 78193
2026/09/15 05:51:54.612, 4, 0, 78233
2026/09/15 05:51:54.612, 5, 0, 78193
2026/09/15 05:51:54.612, 6, 0, 78193
2026/09/15 05:51:54.612, 7, 0, 78193
2026/09/15 05:51:55.112, 4, 0, 78233
2026/09/15 05:51:55.113, 5, 0, 78193
2026/09/15 05:51:55.113, 6, 0, 78193
2026/09/15 05:51:55.113, 7, 0, 78193
2026/09/15 05:51:55.613, 4, 0, 78233
2026/09/15 05:51:55.613, 5, 0, 78193
2026/09/15 05:51:55.613, 6, 0, 78193
2026/09/15 05:51:55.613, 7, 0, 78193
2026/09/15 05:51:56.113, 4, 0, 78233
2026/09/15 05:51:56.113, 5, 0, 78193
2026/09/15 05:51:56.113, 6, 0, 78193
2026/09/15 05:51:56.113, 7, 0, 78193
2026/09/15 05:51:56.613, 4, 0, 78233
2026/09/15 05:51:56.614, 5, 0, 78193
2026/09/15 05:51:56.614, 6, 0, 78193
2026/09/15 05:51:56.614, 7, 0, 78193
2026/09/15 05:51:57.114, 4, 0, 78233
2026/09/15 05:51:57.114, 5, 0, 78193
2026/09/15 05:51:57.114, 6, 0, 78193
2026/09/15 05:51:57.114, 7, 0, 78193
2026/09/15 05:51:57.614, 4, 0, 78233
2026/09/15 05:51:57.614, 5, 0, 78193
2026/09/15 05:51:57.614, 6, 0, 78193
2026/09/15 05:51:57.614, 7, 0, 78193
2026/09/15 05:51:58.114, 4, 0, 78233
2026/09/15 05:51:58.114, 5, 0, 78193
2026/09/15 05:51:58.114, 6, 0, 78193
2026/09/15 05:51:58.114, 7, 0, 78193
2026/09/15 05:51:58.614, 4, 0, 78233
2026/09/15 05:51:58.615, 5, 0, 78193
2026/09/15 05:51:58.615, 6, 0, 78193
2026/09/15 05:51:58.615, 7, 0, 78193
2026/09/15 05:51:59.115, 4, 0, 78233
2026/09/15 05:51:59.115, 5, 0, 78193
2026/09/15 05:51:59.115, 6, 0, 78193
2026/09/15 05:51:59.115, 7, 0, 78193
2026/09/15 05:51:59.615, 4, 0, 78233
2026/09/15 05:51:59.615, 5, 0, 78193
2026/09/15 05:51:59.615, 6, 0, 78193
2026/09/15 05:51:59.615, 7, 0, 78193
2026/09/15 05:52:00.115, 4, 0, 78233
2026/09/15 05:52:00.115, 5, 0, 78193
2026/09/15 05:52:00.115, 6, 0, 78193
2026/09/15 05:52:00.115, 7, 0, 78193
2026/09/15 05:52:00.615, 4, 0, 78233
2026/09/15 05:52:00.616, 5, 0, 78193
2026/09/15 05:52:00.616, 6, 0, 78193
2026/09/15 05:52:00.616, 7, 0, 78193
2026/09/15 05:52:01.116, 4, 0, 78233
2026/09/15 05:52:01.116, 5, 0, 78193
2026/09/15 05:52:01.116, 6, 0, 78193
2026/09/15 05:52:01.116, 7, 0, 78193
2026/09/15 05:52:01.616, 4, 0, 78233
2026/09/15 05:52:01.616, 5, 0, 78193
2026/09/15 05:52:01.616, 6, 0, 78193
2026/09/15 05:52:01.616, 7, 0, 78193
2026/09/15 05:52:02.116, 4, 0, 78233
2026/09/15 05:52:02.116, 5, 0, 78193
2026/09/15 05:52:02.116, 6, 0, 78193
2026/09/15 05:52:02.116, 7, 0, 78193
2026/09/15 05:52:02.616, 4, 0, 78233
2026/09/15 05:52:02.616, 5, 0, 78193
2026/09/15 05:52:02.616, 6, 0, 78193
2026/09/15 05:52:02.617, 7, 0, 78193
2026/09/15 05:52:03.117, 4, 0, 78233
2026/09/15 05:52:03.117, 5, 0, 78193
2026/09/15 05:52:03.117, 6, 0, 78193
2026/09/15 05:52:03.117, 7, 0, 78193
2026/09/15 05:52:03.617, 4, 0, 78233
2026/09/15 05:52:03.617, 5, 0, 78193
2026/09/15 05:52:03.617, 6, 0, 78193
2026/09/15 05:52:03.617, 7, 0, 78193
2026/09/15 05:52:04.117, 4, 0, 78233
2026/09/15 05:52:04.117, 5, 0, 78193
2026/09/15 05:52:04.117, 6, 0, 78193
2026/09/15 05:52:04.117, 7, 0, 78193
2026/09/15 05:52:04.617, 4, 0, 78233
2026/09/15 05:52:04.617, 5, 0, 78193
2026/09/15 05:52:04.617, 6, 0, 78193
2026/09/15 05:52:04.618, 7, 0, 78193
2026/09/15 05:52:05.118, 4, 0, 78233
2026/09/15 05:52:05.118, 5, 0, 78193
2026/09/15 05:52:05.118, 6, 0, 78193
2026/09/15 05:52:05.118, 7, 0, 78193
2026/09/15 05:52:05.618, 4, 0, 78233
2026/09/15 05:52:05.618, 5, 0, 78193
2026/09/15 05:52:05.618, 6, 0, 78193
2026/09/15 05:52:05.618, 7, 0, 78193
2026/09/15 05:52:06.118, 4, 0, 78233
2026/09/15 05:52:06.118, 5, 0, 78193
2026/09/15 05:52:06.118, 6, 0, 78193
2026/09/15 05:52:06.118, 7, 0, 78193
2026/09/15 05:52:06.618, 4, 0, 78233
2026/09/15 05:52:06.618, 5, 0, 78193
2026/09/15 05:52:06.618, 6, 0, 78193
2026/09/15 05:52:06.619, 7, 0, 78193
2026/09/15 05:52:07.119, 4, 0, 78233
2026/09/15 05:52:07.119, 5, 0, 78193
2026/09/15 05:52:07.119, 6, 0, 78193
2026/09/15 05:52:07.119, 7, 0, 78193
2026/09/15 05:52:07.619, 4, 0, 78233
2026/09/15 05:52:07.619, 5, 0, 78193
2026/09/15 05:52:07.619, 6, 0, 78193
2026/09/15 05:52:07.619, 7, 0, 78193
2026/09/15 05:52:08.119, 4, 0, 78233
2026/09/15 05:52:08.119, 5, 0, 78193
2026/09/15 05:52:08.119, 6, 0, 78193
2026/09/15 05:52:08.119, 7, 0, 78193
2026/09/15 05:52:08.619, 4, 0, 78233
2026/09/15 05:52:08.619, 5, 0, 78193
2026/09/15 05:52:08.619, 6, 0, 78193
2026/09/15 05:52:08.620, 7, 0, 78193
2026/09/15 05:52:09.120, 4, 0, 78233
2026/09/15 05:52:09.120, 5, 0, 78193
2026/09/15 05:52:09.120, 6, 0, 78193
2026/09/15 05:52:09.120, 7, 0, 78193
2026/09/15 05:52:09.620, 4, 0, 78233
2026/09/15 05:52:09.620, 5, 0, 78193
2026/09/15 05:52:09.620, 6, 0, 78193
2026/09/15 05:52:09.620, 7, 0, 78193
2026/09/15 05:52:10.120, 4, 0, 78233
2026/09/15 05:52:10.120, 5, 0, 78193
2026/09/15 05:52:10.120, 6, 0, 78193
2026/09/15 05:52:10.120, 7, 0, 78193
2026/09/15 05:52:10.620, 4, 0, 78233
2026/09/15 05:52:10.620, 5, 0, 78193
2026/09/15 05:52:10.620, 6, 0, 78193
2026/09/15 05:52:10.620, 7, 0, 78193
2026/09/15 05:52:11.121, 4, 0, 78233
2026/09/15 05:52:11.121, 5, 0, 78193
2026/09/15 05:52:11.121, 6, 0, 78193
2026/09/15 05:52:11.121, 7, 0, 78193
2026/09/15 05:52:11.621, 4, 0, 78233
2026/09/15 05:52:11.621, 5, 0, 78193
2026/09/15 05:52:11.621, 6, 0, 78193
2026/09/15 05:52:11.621, 7, 0, 78193
2026/09/15 05:52:12.121, 4, 0, 78233
2026/09/15 05:52:12.121, 5, 0, 78193
2026/09/15 05:52:12.121, 6, 0, 78193
2026/09/15 05:52:12.121, 7, 0, 78193
2026/09/15 05:52:12.621, 4, 0, 78233
2026/09/15 05:52:12.621, 5, 0, 78193
2026/09/15 05:52:12.621, 6, 0, 78193
2026/09/15 05:52:12.621, 7, 0, 78193
2026/09/15 05:52:13.122, 4, 0, 78233
2026/09/15 05:52:13.122, 5, 0, 78193
2026/09/15 05:52:13.122, 6, 0, 78193
2026/09/15 05:52:13.122, 7, 0, 78193
2026/09/15 05:52:13.622, 4, 0, 78233
2026/09/15 05:52:13.622, 5, 0, 78193
2026/09/15 05:52:13.622, 6, 0, 78193
2026/09/15 05:52:13.622, 7, 0, 78193
2026/09/15 05:52:14.122, 4, 0, 78233
2026/09/15 05:52:14.122, 5, 0, 78193
2026/09/15 05:52:14.122, 6, 0, 78193
2026/09/15 05:52:14.122, 7, 0, 78193
2026/09/15 05:52:14.623, 4, 0, 78233
2026/09/15 05:52:14.623, 5, 0, 78193
2026/09/15 05:52:14.623, 6, 0, 78193
2026/09/15 05:52:14.623, 7, 0, 78193
2026/09/15 05:52:15.123, 4, 0, 78233
2026/09/15 05:52:15.123, 5, 0, 78193
2026/09/15 05:52:15.123, 6, 0, 78193
2026/09/15 05:52:15.123, 7, 0, 78193
2026/09/15 05:52:15.623, 4, 0, 78233
2026/09/15 05:52:15.623, 5, 0, 78193
2026/09/15 05:52:15.623, 6, 0, 78193
2026/09/15 05:52:15.623, 7, 0, 78193
2026/09/15 05:52:16.123, 4, 0, 78233
2026/09/15 05:52:16.123, 5, 0, 78193
2026/09/15 05:52:16.123, 6, 0, 78193
2026/09/15 05:52:16.123, 7, 0, 78193
2026/09/15 05:52:16.623, 4, 0, 78233
2026/09/15 05:52:16.624, 5, 0, 78193
2026/09/15 05:52:16.624, 6, 0, 78193
2026/09/15 05:52:16.624, 7, 0, 78193
2026/09/15 05:52:17.124, 4, 0, 78233
2026/09/15 05:52:17.124, 5, 0, 78193
2026/09/15 05:52:17.124, 6, 0, 78193
2026/09/15 05:52:17.124, 7, 0, 78193
2026/09/15 05:52:17.624, 4, 0, 78233
2026/09/15 05:52:17.624, 5, 0, 78193
2026/09/15 05:52:17.624, 6, 0, 78193
2026/09/15 05:52:17.624, 7, 0, 78193
2026/09/15 05:52:18.124, 4, 0, 78233
2026/09/15 05:52:18.124, 5, 0, 78193
2026/09/15 05:52:18.124, 6, 0, 78193
2026/09/15 05:52:18.124, 7, 0, 78193
2026/09/15 05:52:18.624, 4, 0, 78233
2026/09/15 05:52:18.625, 5, 0, 78193
2026/09/15 05:52:18.625, 6, 0, 78193
2026/09/15 05:52:18.625, 7, 0, 78193
2026/09/15 05:52:19.125, 4, 0, 78233
2026/09/15 05:52:19.125, 5, 0, 78193
2026/09/15 05:52:19.125, 6, 0, 78193
2026/09/15 05:52:19.125, 7, 0, 78193
2026/09/15 05:52:19.625, 4, 0, 78233
2026/09/15 05:52:19.625, 5, 0, 78193
2026/09/15 05:52:19.625, 6, 0, 78193
2026/09/15 05:52:19.625, 7, 0, 78193
2026/09/15 05:52:20.125, 4, 0, 78233
2026/09/15 05:52:20.125, 5, 0, 78193
2026/09/15 05:52:20.125, 6, 0, 78193
2026/09/15 05:52:20.125, 7, 0, 78193
2026/09/15 05:52:20.625, 4, 0, 78233
2026/09/15 05:52:20.626, 5, 0, 78193
2026/09/15 05:52:20.626, 6, 0, 78193
2026/09/15 05:52:20.626, 7, 0, 78193
2026/09/15 05:52:21.126, 4, 0, 78233
2026/09/15 05:52:21.126, 5, 0, 78193
2026/09/15 05:52:21.126, 6, 0, 78193
2026/09/15 05:52:21.126, 7, 0, 78193
2026/09/15 05:52:21.626, 4, 0, 78233
2026/09/15 05:52:21.626, 5, 0, 78193
2026/09/15 05:52:21.626, 6, 0, 78193
2026/09/15 05:52:21.626, 7, 0, 78193
2026/09/15 05:52:22.126, 4, 0, 78233
2026/09/15 05:52:22.127, 5, 0, 78193
2026/09/15 05:52:22.127, 6, 0, 78193
2026/09/15 05:52:22.127, 7, 0, 78193
2026/09/15 05:52:22.628, 4, 0, 78233
2026/09/15 05:52:22.628, 5, 0, 78193
2026/09/15 05:52:22.628, 6, 0, 78193
2026/09/15 05:52:22.628, 7, 0, 78193
2026/09/15 05:52:23.128, 4, 0, 78233
2026/09/15 05:52:23.128, 5, 0, 78193
2026/09/15 05:52:23.128, 6, 0, 78193
2026/09/15 05:52:23.128, 7, 0, 78193
2026/09/15 05:52:23.628, 4, 0, 78233
2026/09/15 05:52:23.628, 5, 0, 78193
2026/09/15 05:52:23.628, 6, 0, 78193
2026/09/15 05:52:23.628, 7, 0, 78193
2026/09/15 05:52:24.128, 4, 0, 78233
2026/09/15 05:52:24.128, 5, 0, 78193
2026/09/15 05:52:24.128, 6, 0, 78193
2026/09/15 05:52:24.128, 7, 0, 78193
2026/09/15 05:52:24.629, 4, 0, 78233
2026/09/15 05:52:24.629, 5, 0, 78193
2026/09/15 05:52:24.629, 6, 0, 78193
2026/09/15 05:52:24.629, 7, 0, 78193
2026/09/15 05:52:25.129, 4, 0, 78233
2026/09/15 05:52:25.129, 5, 0, 78193
2026/09/15 05:52:25.129, 6, 0, 78193
2026/09/15 05:52:25.129, 7, 0, 78193
2026/09/15 05:52:25.629, 4, 0, 78233
2026/09/15 05:52:25.629, 5, 0, 78193
2026/09/15 05:52:25.629, 6, 0, 78193
2026/09/15 05:52:25.629, 7, 0, 78193
2026/09/15 05:52:26.129, 4, 0, 78233
2026/09/15 05:52:26.129, 5, 0, 78193
2026/09/15 05:52:26.129, 6, 0, 78193
2026/09/15 05:52:26.129, 7, 0, 78193
2026/09/15 05:52:26.630, 4, 0, 78233
2026/09/15 05:52:26.630, 5, 0, 78193
2026/09/15 05:52:26.630, 6, 0, 78193
2026/09/15 05:52:26.630, 7, 0, 78193
2026/09/15 05:52:27.130, 4, 0, 78233
2026/09/15 05:52:27.130, 5, 0, 78193
2026/09/15 05:52:27.130, 6, 0, 78193
2026/09/15 05:52:27.130, 7, 0, 78193
2026/09/15 05:52:27.630, 4, 0, 78233
2026/09/15 05:52:27.630, 5, 0, 78193
2026/09/15 05:52:27.630, 6, 0, 78193
2026/09/15 05:52:27.630, 7, 0, 78193
2026/09/15 05:52:28.130, 4, 0, 78233
2026/09/15 05:52:28.130, 5, 0, 78193
2026/09/15 05:52:28.130, 6, 0, 78193
2026/09/15 05:52:28.130, 7, 0, 78193
2026/09/15 05:52:28.630, 4, 0, 78233
2026/09/15 05:52:28.631, 5, 0, 78193
2026/09/15 05:52:28.631, 6, 0, 78193
2026/09/15 05:52:28.631, 7, 0, 78193
2026/09/15 05:52:29.131, 4, 0, 78233
2026/09/15 05:52:29.131, 5, 0, 78193
2026/09/15 05:52:29.131, 6, 0, 78193
2026/09/15 05:52:29.131, 7, 0, 78193
2026/09/15 05:52:29.631, 4, 0, 78233
2026/09/15 05:52:29.631, 5, 0, 78193
2026/09/15 05:52:29.631, 6, 0, 78193
2026/09/15 05:52:29.631, 7, 0, 78193
2026/09/15 05:52:30.131, 4, 0, 78233
2026/09/15 05:52:30.131, 5, 0, 78193
2026/09/15 05:52:30.131, 6, 0, 78193
2026/09/15 05:52:30.131, 7, 0, 78193
2026/09/15 05:52:30.631, 4, 0, 78233
2026/09/15 05:52:30.632, 5, 0, 78193
2026/09/15 05:52:30.632, 6, 0, 78193
2026/09/15 05:52:30.632, 7, 0, 78193
2026/09/15 05:52:31.132, 4, 0, 78233
2026/09/15 05:52:31.132, 5, 0, 78193
2026/09/15 05:52:31.132, 6, 0, 78193
2026/09/15 05:52:31.132, 7, 0, 78193
2026/09/15 05:52:31.632, 4, 0, 78233
2026/09/15 05:52:31.632, 5, 0, 78193
2026/09/15 05:52:31.632, 6, 0, 78193
2026/09/15 05:52:31.632, 7, 0, 78193
2026/09/15 05:52:32.132, 4, 0, 78233
2026/09/15 05:52:32.132, 5, 0, 78193
2026/09/15 05:52:32.132, 6, 0, 78193
2026/09/15 05:52:32.132, 7, 0, 78193
2026/09/15 05:52:32.632, 4, 0, 78233
2026/09/15 05:52:32.633, 5, 0, 78193
2026/09/15 05:52:32.633, 6, 0, 78193
2026/09/15 05:52:32.633, 7, 0, 78193
2026/09/15 05:52:33.133, 4, 0, 78233
2026/09/15 05:52:33.133, 5, 0, 78193
2026/09/15 05:52:33.133, 6, 0, 78193
2026/09/15 05:52:33.133, 7, 0, 78193
2026/09/15 05:52:33.633, 4, 0, 78233
2026/09/15 05:52:33.633, 5, 0, 78193
2026/09/15 05:52:33.633, 6, 0, 78193
2026/09/15 05:52:33.633, 7, 0, 78193
2026/09/15 05:52:34.133, 4, 0, 78233
2026/09/15 05:52:34.133, 5, 0, 78193
2026/09/15 05:52:34.133, 6, 0, 78193
2026/09/15 05:52:34.133, 7, 0, 78193
2026/09/15 05:52:34.633, 4, 0, 78233
2026/09/15 05:52:34.633, 5, 0, 78193
2026/09/15 05:52:34.633, 6, 0, 78193
2026/09/15 05:52:34.634, 7, 0, 78193
2026/09/15 05:52:35.134, 4, 0, 78233
2026/09/15 05:52:35.134, 5, 0, 78193
2026/09/15 05:52:35.134, 6, 0, 78193
2026/09/15 05:52:35.134, 7, 0, 78193
2026/09/15 05:52:35.634, 4, 0, 78233
2026/09/15 05:52:35.634, 5, 0, 78193
2026/09/15 05:52:35.634, 6, 0, 78193
2026/09/15 05:52:35.634, 7, 0, 78193
2026/09/15 05:52:36.134, 4, 0, 78233
2026/09/15 05:52:36.134, 5, 0, 78193
2026/09/15 05:52:36.134, 6, 0, 78193
2026/09/15 05:52:36.134, 7, 0, 78193
2026/09/15 05:52:36.634, 4, 0, 78233
2026/09/15 05:52:36.635, 5, 0, 78193
2026/09/15 05:52:36.635, 6, 0, 78193
2026/09/15 05:52:36.635, 7, 0, 78193
2026/09/15 05:52:37.135, 4, 0, 78233
2026/09/15 05:52:37.135, 5, 0, 78193
2026/09/15 05:52:37.135, 6, 0, 78193
2026/09/15 05:52:37.135, 7, 0, 78193
2026/09/15 05:52:37.635, 4, 0, 78233
2026/09/15 05:52:37.635, 5, 0, 78193
2026/09/15 05:52:37.635, 6, 0, 78193
2026/09/15 05:52:37.635, 7, 0, 78193
2026/09/15 05:52:38.135, 4, 0, 78233
2026/09/15 05:52:38.135, 5, 0, 78193
2026/09/15 05:52:38.135, 6, 0, 78193
2026/09/15 05:52:38.135, 7, 0, 78193
2026/09/15 05:52:38.636, 4, 3, 78241
2026/09/15 05:52:38.636, 5, 0, 78225
2026/09/15 05:52:38.636, 6, 0, 78225
2026/09/15 05:52:38.636, 7, 0, 78225
2026/09/15 05:52:39.136, 4, 21, 78259
2026/09/15 05:52:39.345, 5, 0, 78225
2026/09/15 05:52:39.345, 6, 0, 78237
2026/09/15 05:52:39.345, 7, 0, 78225
2026/09/15 05:52:39.845, 4, 7, 79291
2026/09/15 05:52:40.028, 5, 21, 79431
2026/09/15 05:52:40.029, 6, 15, 79431
2026/09/15 05:52:40.029, 7, 8, 79281
2026/09/15 05:52:40.529, 4, 0, 79321
2026/09/15 05:52:40.688, 5, 100, 79431
2026/09/15 05:52:40.688, 6, 100, 79431
2026/09/15 05:52:40.688, 7, 0, 79317
2026/09/15 05:52:41.188, 4, 99, 79447
2026/09/15 05:52:41.188, 5, 99, 79431
2026/09/15 05:52:41.188, 6, 99, 79431
2026/09/15 05:52:41.188, 7, 49, 79431
2026/09/15 05:52:41.689, 4, 99, 79447
2026/09/15 05:52:41.689, 5, 100, 79431
2026/09/15 05:52:41.689, 6, 100, 79431
2026/09/15 05:52:41.689, 7, 100, 79431
2026/09/15 05:52:42.189, 4, 99, 79447
2026/09/15 05:52:42.189, 5, 100, 79431
2026/09/15 05:52:42.189, 6, 100, 79431
2026/09/15 05:52:42.189, 7, 100, 79431
2026/09/15 05:52:42.689, 4, 67, 79447
2026/09/15 05:52:42.689, 5, 0, 79431
2026/09/15 05:52:42.689, 6, 24, 79431
2026/09/15 05:52:42.689, 7, 23, 79431
2026/09/15 05:52:43.189, 4, 0, 79447
2026/09/15 05:52:43.189, 5, 0, 79431
2026/09/15 05:52:43.189, 6, 0, 79431
2026/09/15 05:52:43.189, 7, 0, 79431
2026/09/15 05:52:43.689, 4, 0, 79447
2026/09/15 05:52:43.690, 5, 0, 79431
2026/09/15 05:52:43.690, 6, 0, 79431
2026/09/15 05:52:43.690, 7, 0, 79431
2026/09/15 05:52:44.190, 4, 0, 79447
2026/09/15 05:52:44.190, 5, 0, 79431
2026/09/15 05:52:44.190, 6, 0, 79431
2026/09/15 05:52:44.190, 7, 0, 79431
2026/09/15 05:52:44.690, 4, 30, 79447
2026/09/15 05:52:44.690, 5, 99, 79431
2026/09/15 05:52:44.690, 6, 72, 79431
2026/09/15 05:52:44.691, 7, 72, 79431
2026/09/15 05:52:45.191, 4, 99, 79447
2026/09/15 05:52:45.191, 5, 100, 79431
2026/09/15 05:52:45.191, 6, 100, 79431
2026/09/15 05:52:45.191, 7, 99, 79431
2026/09/15 05:52:45.691, 4, 99, 79447
2026/09/15 05:52:45.691, 5, 100, 79431
2026/09/15 05:52:45.691, 6, 100, 79431
2026/09/15 05:52:45.691, 7, 100, 79431
2026/09/15 05:52:46.191, 4, 100, 79447
2026/09/15 05:52:46.191, 5, 100, 79431
2026/09/15 05:52:46.191, 6, 100, 79431
2026/09/15 05:52:46.191, 7, 99, 79431
2026/09/15 05:52:46.691, 4, 99, 79447
2026/09/15 05:52:46.691, 5, 99, 79431
2026/09/15 05:52:46.691, 6, 99, 79431
2026/09/15 05:52:46.692, 7, 99, 79431
2026/09/15 05:52:47.192, 4, 100, 79447
2026/09/15 05:52:47.192, 5, 100, 79431
2026/09/15 05:52:47.192, 6, 100, 79431
2026/09/15 05:52:47.192, 7, 100, 79431
2026/09/15 05:52:47.692, 4, 99, 79447
2026/09/15 05:52:47.692, 5, 100, 79431
2026/09/15 05:52:47.692, 6, 100, 79431
2026/09/15 05:52:47.692, 7, 100, 79431
2026/09/15 05:52:48.192, 4, 99, 79447
2026/09/15 05:52:48.192, 5, 99, 79431
2026/09/15 05:52:48.192, 6, 99, 79431
2026/09/15 05:52:48.192, 7, 99, 79431
2026/09/15 05:52:48.692, 4, 99, 79447
2026/09/15 05:52:48.692, 5, 100, 79431
2026/09/15 05:52:48.692, 6, 100, 79431
2026/09/15 05:52:48.693, 7, 99, 79431
2026/09/15 05:52:49.193, 4, 100, 79447
2026/09/15 05:52:49.193, 5, 100, 79431
2026/09/15 05:52:49.193, 6, 100, 79431
2026/09/15 05:52:49.193, 7, 100, 79431
2026/09/15 05:52:49.693, 4, 99, 79447
2026/09/15 05:52:49.693, 5, 100, 79431
2026/09/15 05:52:49.693, 6, 100, 79431
2026/09/15 05:52:49.693, 7, 100, 79431
2026/09/15 05:52:50.193, 4, 99, 79447
2026/09/15 05:52:50.193, 5, 99, 79431
2026/09/15 05:52:50.193, 6, 99, 79431
2026/09/15 05:52:50.193, 7, 99, 79431
2026/09/15 05:52:50.693, 4, 100, 79447
2026/09/15 05:52:50.693, 5, 100, 79431
2026/09/15 05:52:50.693, 6, 100, 79431
2026/09/15 05:52:50.693, 7, 100, 79431
2026/09/15 05:52:51.194, 4, 100, 79447
2026/09/15 05:52:51.194, 5, 100, 79431
2026/09/15 05:52:51.194, 6, 100, 79431
2026/09/15 05:52:51.194, 7, 100, 79431
2026/09/15 05:52:51.694, 4, 99, 79447
2026/09/15 05:52:51.694, 5, 100, 79431
2026/09/15 05:52:51.694, 6, 99, 79431
2026/09/15 05:52:51.694, 7, 99, 79431
2026/09/15 05:52:52.194, 4, 99, 79447
2026/09/15 05:52:52.194, 5, 100, 79431
2026/09/15 05:52:52.194, 6, 100, 79431
2026/09/15 05:52:52.194, 7, 99, 79431
2026/09/15 05:52:52.694, 4, 99, 79447
2026/09/15 05:52:52.694, 5, 100, 79431
2026/09/15 05:52:52.694, 6, 100, 79431
2026/09/15 05:52:52.694, 7, 100, 79431
2026/09/15 05:52:53.195, 4, 99, 79447
2026/09/15 05:52:53.195, 5, 100, 79431
2026/09/15 05:52:53.195, 6, 99, 79431
2026/09/15 05:52:53.195, 7, 100, 79431
2026/09/15 05:52:53.695, 4, 99, 79447
2026/09/15 05:52:53.695, 5, 99, 79431
2026/09/15 05:52:53.695, 6, 99, 79431
2026/09/15 05:52:53.695, 7, 99, 79431
2026/09/15 05:52:54.195, 4, 100, 79447
2026/09/15 05:52:54.195, 5, 100, 79431
2026/09/15 05:52:54.195, 6, 100, 79431
2026/09/15 05:52:54.195, 7, 100, 79431
2026/09/15 05:52:54.695, 4, 100, 79447
2026/09/15 05:52:54.695, 5, 100, 79431
2026/09/15 05:52:54.695, 6, 100, 79431
2026/09/15 05:52:54.695, 7, 100, 79431
2026/09/15 05:52:55.196, 4, 99, 79447
2026/09/15 05:52:55.196, 5, 100, 79431
2026/09/15 05:52:55.196, 6, 99, 79431
2026/09/15 05:52:55.196, 7, 99, 79431
2026/09/15 05:52:55.696, 4, 99, 79447
2026/09/15 05:52:55.696, 5, 100, 79431
2026/09/15 05:52:55.696, 6, 100, 79431
2026/09/15 05:52:55.696, 7, 100, 79431
2026/09/15 05:52:56.196, 4, 99, 79447
2026/09/15 05:52:56.196, 5, 100, 79431
2026/09/15 05:52:56.196, 6, 100, 79431
2026/09/15 05:52:56.196, 7, 100, 79431
2026/09/15 05:52:56.696, 4, 5, 79447
2026/09/15 05:52:56.696, 5, 0, 79431
2026/09/15 05:52:56.696, 6, 0, 79431
2026/09/15 05:52:56.696, 7, 0, 79431
2026/09/15 05:52:57.197, 4, 0, 79447
2026/09/15 05:52:57.197, 5, 0, 79431
2026/09/15 05:52:57.197, 6, 0, 79431
2026/09/15 05:52:57.197, 7, 0, 79431
2026/09/15 05:52:57.697, 4, 0, 79447
2026/09/15 05:52:57.697, 5, 0, 79431
2026/09/15 05:52:57.697, 6, 0, 79431
2026/09/15 05:52:57.697, 7, 0, 79431
2026/09/15 05:52:58.197, 4, 0, 79447
2026/09/15 05:52:58.197, 5, 0, 79431
2026/09/15 05:52:58.197, 6, 0, 79431
2026/09/15 05:52:58.197, 7, 0, 79431
2026/09/15 05:52:58.697, 4, 0, 79447
2026/09/15 05:52:58.698, 5, 0, 79431
2026/09/15 05:52:58.698, 6, 0, 79431
2026/09/15 05:52:58.698, 7, 0, 79431
2026/09/15 05:52:59.198, 4, 0, 79447
2026/09/15 05:52:59.198, 5, 0, 79431
2026/09/15 05:52:59.198, 6, 0, 79431
2026/09/15 05:52:59.198, 7, 0, 79431
2026/09/15 05:52:59.698, 4, 0, 79447
2026/09/15 05:52:59.698, 5, 0, 79431
2026/09/15 05:52:59.698, 6, 0, 79431
2026/09/15 05:52:59.698, 7, 0, 79431
2026/09/15 05:53:00.198, 4, 0, 79447
2026/09/15 05:53:00.199, 5, 0, 79431
2026/09/15 05:53:00.199, 6, 0, 79431
2026/09/15 05:53:00.199, 7, 0, 79431
2026/09/15 05:53:00.699, 4, 0, 79447
2026/09/15 05:53:00.699, 5, 0, 79431
2026/09/15 05:53:00.699, 6, 0, 79431
2026/09/15 05:53:00.699, 7, 0, 79431
2026/09/15 05:53:01.199, 4, 25, 79447
2026/09/15 05:53:01.199, 5, 0, 79431
2026/09/15 05:53:01.199, 6, 0, 79431
2026/09/15 05:53:01.199, 7, 0, 79431
2026/09/15 05:53:01.699, 4, 99, 79447
2026/09/15 05:53:01.699, 5, 99, 79431
2026/09/15 05:53:01.699, 6, 99, 79431
2026/09/15 05:53:01.699, 7, 99, 79431
2026/09/15 05:53:02.199, 4, 100, 79447
2026/09/15 05:53:02.200, 5, 100, 79431
2026/09/15 05:53:02.200, 6, 100, 79431
2026/09/15 05:53:02.200, 7, 100, 79431
2026/09/15 05:53:02.700, 4, 100, 79447
2026/09/15 05:53:02.700, 5, 100, 79431
2026/09/15 05:53:02.700, 6, 100, 79431
2026/09/15 05:53:02.700, 7, 100, 79431
2026/09/15 05:53:03.200, 4, 0, 79447
2026/09/15 05:53:03.200, 5, 0, 79431
2026/09/15 05:53:03.200, 6, 0, 79431
2026/09/15 05:53:03.200, 7, 73, 79431
2026/09/15 05:53:03.700, 4, 0, 79447
2026/09/15 05:53:03.700, 5, 6, 79431
2026/09/15 05:53:03.700, 6, 0, 79431
2026/09/15 05:53:03.700, 7, 0, 79431
2026/09/15 05:53:04.201, 4, 99, 79447
2026/09/15 05:53:04.201, 5, 100, 79431
2026/09/15 05:53:04.201, 6, 99, 79431
2026/09/15 05:53:04.201, 7, 100, 79431
2026/09/15 05:53:04.701, 4, 99, 79447
2026/09/15 05:53:04.701, 5, 100, 79431
2026/09/15 05:53:04.701, 6, 100, 79431
2026/09/15 05:53:04.701, 7, 99, 79431
2026/09/15 05:53:05.201, 4, 100, 79447
2026/09/15 05:53:05.201, 5, 100, 79431
2026/09/15 05:53:05.201, 6, 100, 79431
2026/09/15 05:53:05.201, 7, 100, 79431
2026/09/15 05:53:05.701, 4, 100, 79447
2026/09/15 05:53:05.701, 5, 99, 79431
2026/09/15 05:53:05.701, 6, 100, 79431
2026/09/15 05:53:05.701, 7, 100, 79431
2026/09/15 05:53:06.201, 4, 99, 79447
2026/09/15 05:53:06.202, 5, 99, 79431
2026/09/15 05:53:06.202, 6, 99, 79431
2026/09/15 05:53:06.202, 7, 99, 79431
2026/09/15 05:53:06.702, 4, 100, 79447
2026/09/15 05:53:06.702, 5, 100, 79431
2026/09/15 05:53:06.702, 6, 100, 79431
2026/09/15 05:53:06.702, 7, 99, 79431
2026/09/15 05:53:07.202, 4, 100, 79447
2026/09/15 05:53:07.202, 5, 100, 79431
2026/09/15 05:53:07.202, 6, 100, 79431
2026/09/15 05:53:07.202, 7, 100, 79431
2026/09/15 05:53:07.702, 4, 99, 79447
2026/09/15 05:53:07.702, 5, 100, 79431
2026/09/15 05:53:07.702, 6, 99, 79431
2026/09/15 05:53:07.702, 7, 99, 79431
2026/09/15 05:53:08.203, 4, 99, 79447
2026/09/15 05:53:08.203, 5, 100, 79431
2026/09/15 05:53:08.203, 6, 100, 79431
2026/09/15 05:53:08.203, 7, 100, 79431
2026/09/15 05:53:08.703, 4, 100, 79447
2026/09/15 05:53:08.703, 5, 100, 79431
2026/09/15 05:53:08.703, 6, 100, 79431
2026/09/15 05:53:08.703, 7, 100, 79431
2026/09/15 05:53:09.203, 4, 99, 79447
2026/09/15 05:53:09.203, 5, 99, 79431
2026/09/15 05:53:09.203, 6, 99, 79431
2026/09/15 05:53:09.203, 7, 99, 79431
2026/09/15 05:53:09.703, 4, 99, 79447
2026/09/15 05:53:09.742, 5, 100, 79431
2026/09/15 05:53:09.742, 6, 100, 79431
2026/09/15 05:53:09.742, 7, 100, 79431
2026/09/15 05:53:10.242, 4, 100, 79447
2026/09/15 05:53:10.242, 5, 100, 79431
2026/09/15 05:53:10.242, 6, 100, 79431
2026/09/15 05:53:10.242, 7, 100, 79431
2026/09/15 05:53:10.742, 4, 100, 79447
2026/09/15 05:53:10.742, 5, 100, 79431
2026/09/15 05:53:10.742, 6, 100, 79431
2026/09/15 05:53:10.742, 7, 100, 79431
2026/09/15 05:53:11.243, 4, 99, 79447
2026/09/15 05:53:11.243, 5, 100, 79431
2026/09/15 05:53:11.243, 6, 99, 79431
2026/09/15 05:53:11.243, 7, 99, 79431
2026/09/15 05:53:11.743, 4, 100, 79447
2026/09/15 05:53:11.743, 5, 100, 79431
2026/09/15 05:53:11.743, 6, 100, 79431
2026/09/15 05:53:11.743, 7, 100, 79431
2026/09/15 05:53:12.243, 4, 99, 79447
2026/09/15 05:53:12.243, 5, 100, 79431
2026/09/15 05:53:12.243, 6, 100, 79431
2026/09/15 05:53:12.243, 7, 100, 79431
2026/09/15 05:53:12.743, 4, 99, 79447
2026/09/15 05:53:12.744, 5, 99, 79431
2026/09/15 05:53:12.744, 6, 99, 79431
2026/09/15 05:53:12.744, 7, 99, 79431
2026/09/15 05:53:13.244, 4, 100, 79447
2026/09/15 05:53:13.244, 5, 100, 79431
2026/09/15 05:53:13.244, 6, 100, 79431
2026/09/15 05:53:13.244, 7, 99, 79431
2026/09/15 05:53:13.744, 4, 100, 79447
2026/09/15 05:53:13.744, 5, 100, 79431
2026/09/15 05:53:13.744, 6, 100, 79431
2026/09/15 05:53:13.744, 7, 100, 79431
2026/09/15 05:53:14.244, 4, 99, 79447
2026/09/15 05:53:14.244, 5, 100, 79431
2026/09/15 05:53:14.244, 6, 99, 79431
2026/09/15 05:53:14.245, 7, 99, 79431
2026/09/15 05:53:14.745, 4, 99, 79447
2026/09/15 05:53:14.745, 5, 99, 79431
2026/09/15 05:53:14.745, 6, 99, 79431
2026/09/15 05:53:14.745, 7, 99, 79431
2026/09/15 05:53:15.245, 4, 100, 79447
2026/09/15 05:53:15.245, 5, 100, 79431
2026/09/15 05:53:15.245, 6, 100, 79431
2026/09/15 05:53:15.245, 7, 99, 79431
2026/09/15 05:53:15.745, 4, 99, 79447
2026/09/15 05:53:15.745, 5, 100, 79431
2026/09/15 05:53:15.745, 6, 100, 79431
2026/09/15 05:53:15.745, 7, 100, 79431
2026/09/15 05:53:16.245, 4, 0, 79447
2026/09/15 05:53:16.245, 5, 0, 79431
2026/09/15 05:53:16.246, 6, 0, 79431
2026/09/15 05:53:16.246, 7, 0, 79431
2026/09/15 05:53:16.746, 4, 0, 79447
2026/09/15 05:53:16.746, 5, 0, 79431
2026/09/15 05:53:16.746, 6, 0, 79431
2026/09/15 05:53:16.746, 7, 0, 79431
2026/09/15 05:53:17.246, 4, 0, 79447
2026/09/15 05:53:17.246, 5, 0, 79431
2026/09/15 05:53:17.246, 6, 0, 79431
2026/09/15 05:53:17.246, 7, 0, 79431
2026/09/15 05:53:17.746, 4, 0, 79447
2026/09/15 05:53:17.746, 5, 0, 79431
2026/09/15 05:53:17.746, 6, 0, 79431
2026/09/15 05:53:17.746, 7, 0, 79431
2026/09/15 05:53:18.247, 4, 0, 79447
2026/09/15 05:53:18.247, 5, 0, 79431
2026/09/15 05:53:18.247, 6, 0, 79431
2026/09/15 05:53:18.247, 7, 0, 79431
2026/09/15 05:53:18.747, 4, 0, 79447
2026/09/15 05:53:18.747, 5, 0, 79431
2026/09/15 05:53:18.747, 6, 0, 79431
2026/09/15 05:53:18.747, 7, 0, 79431
2026/09/15 05:53:19.247, 4, 0, 79447
2026/09/15 05:53:19.247, 5, 0, 79431
2026/09/15 05:53:19.247, 6, 0, 79431
2026/09/15 05:53:19.247, 7, 0, 79431
2026/09/15 05:53:19.747, 4, 0, 79447
2026/09/15 05:53:19.747, 5, 0, 79431
2026/09/15 05:53:19.747, 6, 0, 79431
2026/09/15 05:53:19.747, 7, 0, 79431
2026/09/15 05:53:20.248, 4, 0, 79447
2026/09/15 05:53:20.248, 5, 0, 79431
2026/09/15 05:53:20.248, 6, 0, 79431
2026/09/15 05:53:20.248, 7, 0, 79431
2026/09/15 05:53:20.748, 4, 90, 79447
2026/09/15 05:53:20.748, 5, 99, 79431
2026/09/15 05:53:20.748, 6, 99, 79431
2026/09/15 05:53:20.748, 7, 99, 79431
2026/09/15 05:53:21.248, 4, 100, 79447
2026/09/15 05:53:21.248, 5, 99, 79431
2026/09/15 05:53:21.248, 6, 100, 79431
2026/09/15 05:53:21.248, 7, 100, 79431
2026/09/15 05:53:21.748, 4, 99, 79447
2026/09/15 05:53:21.748, 5, 100, 79431
2026/09/15 05:53:21.749, 6, 100, 79431
2026/09/15 05:53:21.749, 7, 100, 79431
2026/09/15 05:53:22.249, 4, 52, 79447
2026/09/15 05:53:22.249, 5, 100, 79431
2026/09/15 05:53:22.249, 6, 15, 79431
2026/09/15 05:53:22.249, 7, 100, 79431
2026/09/15 05:53:22.750, 4, 0, 79447
2026/09/15 05:53:22.750, 5, 0, 79431
2026/09/15 05:53:22.750, 6, 0, 79431
2026/09/15 05:53:22.750, 7, 0, 79431
2026/09/15 05:53:23.250, 4, 99, 79447
2026/09/15 05:53:23.250, 5, 58, 79431
2026/09/15 05:53:23.250, 6, 54, 79431
2026/09/15 05:53:23.250, 7, 59, 79431
2026/09/15 05:53:23.751, 4, 99, 79447
2026/09/15 05:53:23.751, 5, 100, 79431
2026/09/15 05:53:23.751, 6, 99, 79431
2026/09/15 05:53:23.751, 7, 99, 79431
2026/09/15 05:53:24.251, 4, 99, 79447
2026/09/15 05:53:24.251, 5, 100, 79431
2026/09/15 05:53:24.251, 6, 100, 79431
2026/09/15 05:53:24.251, 7, 100, 79431
2026/09/15 05:53:24.751, 4, 100, 79447
2026/09/15 05:53:24.751, 5, 100, 79431
2026/09/15 05:53:24.751, 6, 100, 79431
2026/09/15 05:53:24.751, 7, 100, 79431
2026/09/15 05:53:25.252, 4, 99, 79447
2026/09/15 05:53:25.252, 5, 99, 79431
2026/09/15 05:53:25.252, 6, 99, 79431
2026/09/15 05:53:25.252, 7, 99, 79431
2026/09/15 05:53:25.752, 4, 100, 79447
2026/09/15 05:53:25.752, 5, 100, 79431
2026/09/15 05:53:25.752, 6, 100, 79431
2026/09/15 05:53:25.752, 7, 100, 79431
2026/09/15 05:53:26.252, 4, 100, 79447
2026/09/15 05:53:26.252, 5, 100, 79431
2026/09/15 05:53:26.252, 6, 100, 79431
2026/09/15 05:53:26.252, 7, 100, 79431
2026/09/15 05:53:26.752, 4, 99, 79447
2026/09/15 05:53:26.752, 5, 99, 79431
2026/09/15 05:53:26.752, 6, 100, 79431
2026/09/15 05:53:26.752, 7, 100, 79431
2026/09/15 05:53:27.252, 4, 100, 79447
2026/09/15 05:53:27.253, 5, 100, 79431
2026/09/15 05:53:27.253, 6, 100, 79431
2026/09/15 05:53:27.253, 7, 100, 79431
2026/09/15 05:53:27.753, 4, 99, 79447
2026/09/15 05:53:27.753, 5, 100, 79431
2026/09/15 05:53:27.753, 6, 99, 79431
2026/09/15 05:53:27.753, 7, 99, 79431
2026/09/15 05:53:28.253, 4, 99, 79447
2026/09/15 05:53:28.253, 5, 100, 79431
2026/09/15 05:53:28.253, 6, 100, 79431
2026/09/15 05:53:28.253, 7, 100, 79431
2026/09/15 05:53:28.753, 4, 99, 79447
2026/09/15 05:53:28.753, 5, 99, 79431
2026/09/15 05:53:28.753, 6, 99, 79431
2026/09/15 05:53:28.753, 7, 99, 79431
2026/09/15 05:53:29.253, 4, 100, 79447
2026/09/15 05:53:29.253, 5, 100, 79431
2026/09/15 05:53:29.253, 6, 100, 79431
2026/09/15 05:53:29.254, 7, 100, 79431
2026/09/15 05:53:29.754, 4, 100, 79447
2026/09/15 05:53:29.754, 5, 100, 79431
2026/09/15 05:53:29.754, 6, 100, 79431
2026/09/15 05:53:29.754, 7, 100, 79431
2026/09/15 05:53:30.254, 4, 99, 79447
2026/09/15 05:53:30.254, 5, 99, 79431
2026/09/15 05:53:30.254, 6, 99, 79431
2026/09/15 05:53:30.254, 7, 99, 79431
2026/09/15 05:53:30.754, 4, 99, 79447
2026/09/15 05:53:30.754, 5, 99, 79431
2026/09/15 05:53:30.754, 6, 100, 79431
2026/09/15 05:53:30.754, 7, 100, 79431
2026/09/15 05:53:31.254, 4, 99, 79447
2026/09/15 05:53:31.254, 5, 100, 79431
2026/09/15 05:53:31.254, 6, 100, 79431
2026/09/15 05:53:31.254, 7, 100, 79431
2026/09/15 05:53:31.755, 4, 100, 79447
2026/09/15 05:53:31.755, 5, 100, 79431
2026/09/15 05:53:31.755, 6, 100, 79431
2026/09/15 05:53:31.755, 7, 100, 79431
2026/09/15 05:53:32.255, 4, 99, 79447
2026/09/15 05:53:32.255, 5, 99, 79431
2026/09/15 05:53:32.255, 6, 99, 79431
2026/09/15 05:53:32.255, 7, 99, 79431
2026/09/15 05:53:32.755, 4, 100, 79447
2026/09/15 05:53:32.755, 5, 100, 79431
2026/09/15 05:53:32.755, 6, 100, 79431
2026/09/15 05:53:32.755, 7, 100, 79431
2026/09/15 05:53:33.255, 4, 100, 79447
2026/09/15 05:53:33.256, 5, 100, 79431
2026/09/15 05:53:33.256, 6, 100, 79431
2026/09/15 05:53:33.256, 7, 100, 79431
2026/09/15 05:53:33.756, 4, 99, 79447
2026/09/15 05:53:33.756, 5, 100, 79431
2026/09/15 05:53:33.756, 6, 99, 79431
2026/09/15 05:53:33.756, 7, 99, 79431
2026/09/15 05:53:34.256, 4, 99, 79447
2026/09/15 05:53:34.256, 5, 100, 79431
2026/09/15 05:53:34.256, 6, 99, 79431
2026/09/15 05:53:34.256, 7, 99, 79431
2026/09/15 05:53:34.756, 4, 99, 79447
2026/09/15 05:53:34.756, 5, 100, 79431
2026/09/15 05:53:34.756, 6, 100, 79431
2026/09/15 05:53:34.756, 7, 100, 79431
2026/09/15 05:53:35.257, 4, 21, 79447
2026/09/15 05:53:35.257, 5, 74, 79431
2026/09/15 05:53:35.257, 6, 0, 79431
2026/09/15 05:53:35.257, 7, 0, 79431
2026/09/15 05:53:35.757, 4, 0, 79447
2026/09/15 05:53:35.757, 5, 0, 79431
2026/09/15 05:53:35.757, 6, 0, 79431
2026/09/15 05:53:35.757, 7, 0, 79431
2026/09/15 05:53:36.257, 4, 0, 79447
2026/09/15 05:53:36.257, 5, 0, 79431
2026/09/15 05:53:36.257, 6, 0, 79431
2026/09/15 05:53:36.257, 7, 0, 79431
2026/09/15 05:53:36.757, 4, 0, 79447
2026/09/15 05:53:36.757, 5, 0, 79431
2026/09/15 05:53:36.757, 6, 0, 79431
2026/09/15 05:53:36.757, 7, 0, 79431
2026/09/15 05:53:37.257, 4, 0, 79447
2026/09/15 05:53:37.258, 5, 0, 79431
2026/09/15 05:53:37.258, 6, 0, 79431
2026/09/15 05:53:37.258, 7, 0, 79431
2026/09/15 05:53:37.758, 4, 0, 79447
2026/09/15 05:53:37.758, 5, 0, 79431
2026/09/15 05:53:37.758, 6, 0, 79431
2026/09/15 05:53:37.758, 7, 0, 79431
2026/09/15 05:53:38.258, 4, 0, 79447
2026/09/15 05:53:38.258, 5, 0, 79431
2026/09/15 05:53:38.258, 6, 0, 79431
2026/09/15 05:53:38.258, 7, 0, 79431
2026/09/15 05:53:38.758, 4, 0, 79447
2026/09/15 05:53:38.758, 5, 0, 79431
2026/09/15 05:53:38.758, 6, 0, 79431
2026/09/15 05:53:38.758, 7, 0, 79431
2026/09/15 05:53:39.258, 4, 0, 79447
2026/09/15 05:53:39.259, 5, 0, 79431
2026/09/15 05:53:39.259, 6, 0, 79431
2026/09/15 05:53:39.259, 7, 0, 79431
2026/09/15 05:53:39.759, 4, 0, 79447
2026/09/15 05:53:39.759, 5, 0, 79431
2026/09/15 05:53:39.759, 6, 0, 79431
2026/09/15 05:53:39.759, 7, 0, 79431
2026/09/15 05:53:40.259, 4, 99, 79447
2026/09/15 05:53:40.259, 5, 99, 79431
2026/09/15 05:53:40.259, 6, 99, 79431
2026/09/15 05:53:40.259, 7, 99, 79431
2026/09/15 05:53:40.759, 4, 100, 79447
2026/09/15 05:53:40.759, 5, 100, 79431
2026/09/15 05:53:40.759, 6, 100, 79431
2026/09/15 05:53:40.759, 7, 100, 79431
2026/09/15 05:53:41.259, 4, 100, 79447
2026/09/15 05:53:41.260, 5, 99, 79431
2026/09/15 05:53:41.260, 6, 100, 79431
2026/09/15 05:53:41.260, 7, 100, 79431
2026/09/15 05:53:41.760, 4, 38, 79447
2026/09/15 05:53:41.760, 5, 0, 79431
2026/09/15 05:53:41.760, 6, 0, 79431
2026/09/15 05:53:41.760, 7, 0, 79431
2026/09/15 05:53:42.261, 4, 0, 79447
2026/09/15 05:53:42.261, 5, 0, 79431
2026/09/15 05:53:42.261, 6, 0, 79431
2026/09/15 05:53:42.261, 7, 0, 79431
2026/09/15 05:53:42.761, 4, 99, 79447
2026/09/15 05:53:42.761, 5, 100, 79431
2026/09/15 05:53:42.761, 6, 99, 79431
2026/09/15 05:53:42.761, 7, 100, 79431
2026/09/15 05:53:43.261, 4, 99, 79447
2026/09/15 05:53:43.262, 5, 100, 79431
2026/09/15 05:53:43.262, 6, 100, 79431
2026/09/15 05:53:43.263, 7, 100, 79431
2026/09/15 05:53:43.763, 4, 99, 79447
2026/09/15 05:53:43.763, 5, 100, 79431
2026/09/15 05:53:43.763, 6, 100, 79431
2026/09/15 05:53:43.763, 7, 100, 79431
2026/09/15 05:53:44.263, 4, 99, 79447
2026/09/15 05:53:44.263, 5, 100, 79431
2026/09/15 05:53:44.264, 6, 99, 79431
2026/09/15 05:53:44.264, 7, 99, 79431
2026/09/15 05:53:44.764, 4, 99, 79447
2026/09/15 05:53:44.764, 5, 100, 79431
2026/09/15 05:53:44.764, 6, 99, 79431
2026/09/15 05:53:44.764, 7, 99, 79431
2026/09/15 05:53:45.264, 4, 100, 79447
2026/09/15 05:53:45.264, 5, 100, 79431
2026/09/15 05:53:45.264, 6, 100, 79431
2026/09/15 05:53:45.264, 7, 100, 79431
2026/09/15 05:53:45.764, 4, 100, 79447
2026/09/15 05:53:45.764, 5, 100, 79431
2026/09/15 05:53:45.764, 6, 100, 79431
2026/09/15 05:53:45.764, 7, 100, 79431
2026/09/15 05:53:46.264, 4, 99, 79447
2026/09/15 05:53:46.264, 5, 100, 79431
2026/09/15 05:53:46.264, 6, 99, 79431
2026/09/15 05:53:46.265, 7, 99, 79431
2026/09/15 05:53:46.765, 4, 99, 79447
2026/09/15 05:53:46.765, 5, 100, 79431
2026/09/15 05:53:46.765, 6, 100, 79431
2026/09/15 05:53:46.765, 7, 100, 79431
2026/09/15 05:53:47.265, 4, 99, 79447
2026/09/15 05:53:47.265, 5, 100, 79431
2026/09/15 05:53:47.265, 6, 100, 79431
2026/09/15 05:53:47.265, 7, 100, 79431
2026/09/15 05:53:47.765, 4, 99, 79447
2026/09/15 05:53:47.765, 5, 99, 79431
2026/09/15 05:53:47.765, 6, 100, 79431
2026/09/15 05:53:47.765, 7, 99, 79431
2026/09/15 05:53:48.265, 4, 100, 79447
2026/09/15 05:53:48.265, 5, 100, 79431
2026/09/15 05:53:48.265, 6, 99, 79431
2026/09/15 05:53:48.265, 7, 100, 79431
2026/09/15 05:53:48.766, 4, 100, 79447
2026/09/15 05:53:48.766, 5, 100, 79431
2026/09/15 05:53:48.766, 6, 100, 79431
2026/09/15 05:53:48.766, 7, 100, 79431
2026/09/15 05:53:49.266, 4, 100, 79447
2026/09/15 05:53:49.266, 5, 100, 79431
2026/09/15 05:53:49.266, 6, 100, 79431
2026/09/15 05:53:49.266, 7, 100, 79431
2026/09/15 05:53:49.766, 4, 99, 79447
2026/09/15 05:53:49.766, 5, 99, 79431
2026/09/15 05:53:49.766, 6, 99, 79431
2026/09/15 05:53:49.766, 7, 99, 79431
2026/09/15 05:53:50.266, 4, 99, 79447
2026/09/15 05:53:50.266, 5, 100, 79431
2026/09/15 05:53:50.266, 6, 100, 79431
2026/09/15 05:53:50.266, 7, 99, 79431
2026/09/15 05:53:50.767, 4, 99, 79447
2026/09/15 05:53:50.767, 5, 100, 79431
2026/09/15 05:53:50.767, 6, 100, 79431
2026/09/15 05:53:50.767, 7, 100, 79431
2026/09/15 05:53:51.267, 4, 99, 79447
2026/09/15 05:53:51.267, 5, 99, 79431
2026/09/15 05:53:51.267, 6, 99, 79431
2026/09/15 05:53:51.267, 7, 99, 79431
2026/09/15 05:53:51.767, 4, 100, 79447
2026/09/15 05:53:51.767, 5, 100, 79431
2026/09/15 05:53:51.767, 6, 99, 79431
2026/09/15 05:53:51.767, 7, 99, 79431
2026/09/15 05:53:52.268, 4, 100, 79447
2026/09/15 05:53:52.268, 5, 100, 79431
2026/09/15 05:53:52.268, 6, 100, 79431
2026/09/15 05:53:52.268, 7, 99, 79431
2026/09/15 05:53:52.768, 4, 100, 79447
2026/09/15 05:53:52.768, 5, 99, 79431
2026/09/15 05:53:52.768, 6, 100, 79431
2026/09/15 05:53:52.768, 7, 100, 79431
2026/09/15 05:53:53.268, 4, 99, 79447
2026/09/15 05:53:53.273, 5, 99, 79431
2026/09/15 05:53:53.275, 6, 99, 79431
2026/09/15 05:53:53.276, 7, 99, 79431
2026/09/15 05:53:53.776, 4, 100, 79447
2026/09/15 05:53:53.776, 5, 100, 79431
2026/09/15 05:53:53.776, 6, 100, 79431
2026/09/15 05:53:53.776, 7, 100, 79431
2026/09/15 05:53:54.277, 4, 99, 79447
2026/09/15 05:53:54.277, 5, 100, 79431
2026/09/15 05:53:54.277, 6, 100, 79431
2026/09/15 05:53:54.277, 7, 99, 79431
2026/09/15 05:53:54.777, 4, 0, 79447
2026/09/15 05:53:54.777, 5, 0, 79431
2026/09/15 05:53:54.777, 6, 0, 79431
2026/09/15 05:53:54.777, 7, 0, 79431
2026/09/15 05:53:55.277, 4, 0, 79447
2026/09/15 05:53:55.277, 5, 0, 79431
2026/09/15 05:53:55.277, 6, 0, 79431
2026/09/15 05:53:55.277, 7, 0, 79431
2026/09/15 05:53:55.777, 4, 0, 79447
2026/09/15 05:53:55.777, 5, 0, 79431
2026/09/15 05:53:55.777, 6, 0, 79431
2026/09/15 05:53:55.777, 7, 0, 79431
2026/09/15 05:53:56.278, 4, 0, 79447
2026/09/15 05:53:56.278, 5, 0, 79431
2026/09/15 05:53:56.278, 6, 0, 79431
2026/09/15 05:53:56.278, 7, 0, 79431
2026/09/15 05:53:56.778, 4, 0, 79447
2026/09/15 05:53:56.778, 5, 0, 79431
2026/09/15 05:53:56.778, 6, 0, 79431
2026/09/15 05:53:56.778, 7, 0, 79431
2026/09/15 05:53:57.278, 4, 0, 79447
2026/09/15 05:53:57.278, 5, 0, 79431
2026/09/15 05:53:57.278, 6, 0, 79431
2026/09/15 05:53:57.278, 7, 0, 79431
2026/09/15 05:53:57.778, 4, 0, 79447
2026/09/15 05:53:57.778, 5, 0, 79431
2026/09/15 05:53:57.778, 6, 0, 79431
2026/09/15 05:53:57.778, 7, 0, 79431
2026/09/15 05:53:58.278, 4, 0, 79447
2026/09/15 05:53:58.279, 5, 0, 79431
2026/09/15 05:53:58.279, 6, 0, 79431
2026/09/15 05:53:58.279, 7, 0, 79431
2026/09/15 05:53:58.779, 4, 0, 79447
2026/09/15 05:53:58.779, 5, 0, 79431
2026/09/15 05:53:58.779, 6, 0, 79431
2026/09/15 05:53:58.779, 7, 0, 79431
2026/09/15 05:53:59.279, 4, 9, 79447
2026/09/15 05:53:59.279, 5, 0, 79431
2026/09/15 05:53:59.279, 6, 54, 79431
2026/09/15 05:53:59.279, 7, 66, 79431
2026/09/15 05:53:59.779, 4, 99, 79447
2026/09/15 05:53:59.779, 5, 99, 79431
2026/09/15 05:53:59.779, 6, 99, 79431
2026/09/15 05:53:59.779, 7, 99, 79431
2026/09/15 05:54:00.279, 4, 100, 79447
2026/09/15 05:54:00.280, 5, 100, 79431
2026/09/15 05:54:00.280, 6, 100, 79431
2026/09/15 05:54:00.280, 7, 100, 79431
2026/09/15 05:54:00.780, 4, 100, 79447
2026/09/15 05:54:00.780, 5, 100, 79431
2026/09/15 05:54:00.780, 6, 100, 79431
2026/09/15 05:54:00.780, 7, 100, 79431
2026/09/15 05:54:01.280, 4, 0, 79447
2026/09/15 05:54:01.280, 5, 0, 79431
2026/09/15 05:54:01.280, 6, 0, 79431
2026/09/15 05:54:01.280, 7, 0, 79431
2026/09/15 05:54:01.780, 4, 4, 79447
2026/09/15 05:54:01.780, 5, 0, 79431
2026/09/15 05:54:01.780, 6, 0, 79431
2026/09/15 05:54:01.780, 7, 0, 79431
2026/09/15 05:54:02.280, 4, 99, 79447
2026/09/15 05:54:02.281, 5, 99, 79431
2026/09/15 05:54:02.281, 6, 99, 79431
2026/09/15 05:54:02.281, 7, 99, 79431
2026/09/15 05:54:02.781, 4, 99, 79447
2026/09/15 05:54:02.781, 5, 100, 79431
2026/09/15 05:54:02.781, 6, 100, 79431
2026/09/15 05:54:02.781, 7, 100, 79431
2026/09/15 05:54:03.281, 4, 100, 79447
2026/09/15 05:54:03.331, 5, 100, 79431
2026/09/15 05:54:03.331, 6, 100, 79431
2026/09/15 05:54:03.331, 7, 100, 79431
2026/09/15 05:54:03.831, 4, 99, 79447
2026/09/15 05:54:03.831, 5, 99, 79431
2026/09/15 05:54:03.831, 6, 99, 79431
2026/09/15 05:54:03.831, 7, 99, 79431
2026/09/15 05:54:04.331, 4, 99, 79447
2026/09/15 05:54:04.331, 5, 100, 79431
2026/09/15 05:54:04.331, 6, 100, 79431
2026/09/15 05:54:04.331, 7, 100, 79431
2026/09/15 05:54:04.831, 4, 100, 79447
2026/09/15 05:54:04.831, 5, 100, 79431
2026/09/15 05:54:04.832, 6, 100, 79431
2026/09/15 05:54:04.832, 7, 100, 79431
2026/09/15 05:54:05.332, 4, 100, 79447
2026/09/15 05:54:05.332, 5, 100, 79431
2026/09/15 05:54:05.332, 6, 100, 79431
2026/09/15 05:54:05.332, 7, 99, 79431
2026/09/15 05:54:05.832, 4, 99, 79447
2026/09/15 05:54:05.832, 5, 99, 79431
2026/09/15 05:54:05.832, 6, 99, 79431
2026/09/15 05:54:05.832, 7, 99, 79431
2026/09/15 05:54:06.332, 4, 99, 79447
2026/09/15 05:54:06.332, 5, 100, 79431
2026/09/15 05:54:06.332, 6, 100, 79431
2026/09/15 05:54:06.332, 7, 100, 79431
2026/09/15 05:54:06.832, 4, 99, 79447
2026/09/15 05:54:06.832, 5, 100, 79431
2026/09/15 05:54:06.832, 6, 100, 79431
2026/09/15 05:54:06.832, 7, 100, 79431
2026/09/15 05:54:07.333, 4, 99, 79447
2026/09/15 05:54:07.333, 5, 99, 79431
2026/09/15 05:54:07.333, 6, 99, 79431
2026/09/15 05:54:07.333, 7, 99, 79431
2026/09/15 05:54:07.833, 4, 100, 79447
2026/09/15 05:54:07.833, 5, 100, 79431
2026/09/15 05:54:07.833, 6, 100, 79431
2026/09/15 05:54:07.833, 7, 100, 79431
2026/09/15 05:54:08.333, 4, 100, 79447
2026/09/15 05:54:08.333, 5, 100, 79431
2026/09/15 05:54:08.333, 6, 100, 79431
2026/09/15 05:54:08.333, 7, 100, 79431
2026/09/15 05:54:08.833, 4, 99, 79447
2026/09/15 05:54:08.833, 5, 100, 79431
2026/09/15 05:54:08.833, 6, 99, 79431
2026/09/15 05:54:08.833, 7, 99, 79431
2026/09/15 05:54:09.334, 4, 99, 79447
2026/09/15 05:54:09.334, 5, 100, 79431
2026/09/15 05:54:09.334, 6, 99, 79431
2026/09/15 05:54:09.334, 7, 100, 79431
2026/09/15 05:54:09.834, 4, 99, 79447
2026/09/15 05:54:09.834, 5, 100, 79431
2026/09/15 05:54:09.834, 6, 100, 79431
2026/09/15 05:54:09.834, 7, 100, 79431
2026/09/15 05:54:10.334, 4, 100, 79447
2026/09/15 05:54:10.334, 5, 100, 79431
2026/09/15 05:54:10.334, 6, 100, 79431
2026/09/15 05:54:10.334, 7, 100, 79431
2026/09/15 05:54:10.834, 4, 99, 79447
2026/09/15 05:54:10.834, 5, 99, 79431
2026/09/15 05:54:10.834, 6, 99, 79431
2026/09/15 05:54:10.835, 7, 99, 79431
2026/09/15 05:54:11.335, 4, 100, 79447
2026/09/15 05:54:11.335, 5, 100, 79431
2026/09/15 05:54:11.335, 6, 100, 79431
2026/09/15 05:54:11.335, 7, 100, 79431
2026/09/15 05:54:11.835, 4, 100, 79447
2026/09/15 05:54:11.835, 5, 100, 79431
2026/09/15 05:54:11.835, 6, 100, 79431
2026/09/15 05:54:11.835, 7, 99, 79431
2026/09/15 05:54:12.335, 4, 99, 79447
2026/09/15 05:54:12.336, 5, 99, 79431
2026/09/15 05:54:12.336, 6, 100, 79431
2026/09/15 05:54:12.336, 7, 99, 79431
2026/09/15 05:54:12.836, 4, 99, 79447
2026/09/15 05:54:12.836, 5, 100, 79431
2026/09/15 05:54:12.836, 6, 99, 79431
2026/09/15 05:54:12.836, 7, 99, 79431
2026/09/15 05:54:13.336, 4, 99, 79447
2026/09/15 05:54:13.336, 5, 100, 79431
2026/09/15 05:54:13.336, 6, 100, 79431
2026/09/15 05:54:13.336, 7, 100, 79431
2026/09/15 05:54:13.836, 4, 26, 79447
2026/09/15 05:54:13.836, 5, 84, 79431
2026/09/15 05:54:13.836, 6, 88, 79431
2026/09/15 05:54:13.836, 7, 100, 79431
2026/09/15 05:54:14.336, 4, 0, 79447
2026/09/15 05:54:14.337, 5, 0, 79431
2026/09/15 05:54:14.337, 6, 0, 79431
2026/09/15 05:54:14.337, 7, 0, 79431
2026/09/15 05:54:14.837, 4, 0, 79447
2026/09/15 05:54:14.837, 5, 0, 79431
2026/09/15 05:54:14.837, 6, 0, 79431
2026/09/15 05:54:14.837, 7, 0, 79431
2026/09/15 05:54:15.337, 4, 0, 79447
2026/09/15 05:54:15.337, 5, 0, 79431
2026/09/15 05:54:15.337, 6, 0, 79431
2026/09/15 05:54:15.337, 7, 0, 79431
2026/09/15 05:54:15.837, 4, 0, 79447
2026/09/15 05:54:15.837, 5, 0, 79431
2026/09/15 05:54:15.837, 6, 0, 79431
2026/09/15 05:54:15.838, 7, 0, 79431
2026/09/15 05:54:16.338, 4, 0, 79447
2026/09/15 05:54:16.338, 5, 0, 79431
2026/09/15 05:54:16.338, 6, 0, 79431
2026/09/15 05:54:16.338, 7, 0, 79431
2026/09/15 05:54:16.838, 4, 0, 79447
2026/09/15 05:54:16.838, 5, 0, 79431
2026/09/15 05:54:16.838, 6, 0, 79431
2026/09/15 05:54:16.838, 7, 0, 79431
2026/09/15 05:54:17.338, 4, 0, 79447
2026/09/15 05:54:17.338, 5, 0, 79431
2026/09/15 05:54:17.338, 6, 0, 79431
2026/09/15 05:54:17.338, 7, 0, 79431
2026/09/15 05:54:17.838, 4, 0, 79447
2026/09/15 05:54:17.838, 5, 0, 79431
2026/09/15 05:54:17.838, 6, 0, 79431
2026/09/15 05:54:17.838, 7, 0, 79431
2026/09/15 05:54:18.339, 4, 0, 79447
2026/09/15 05:54:18.339, 5, 0, 79431
2026/09/15 05:54:18.339, 6, 0, 79431
2026/09/15 05:54:18.339, 7, 0, 79431
2026/09/15 05:54:18.839, 4, 51, 79447
2026/09/15 05:54:18.839, 5, 94, 79431
2026/09/15 05:54:18.839, 6, 91, 79431
2026/09/15 05:54:18.839, 7, 16, 79431
2026/09/15 05:54:19.339, 4, 99, 79447
2026/09/15 05:54:19.339, 5, 99, 79431
2026/09/15 05:54:19.339, 6, 99, 79431
2026/09/15 05:54:19.339, 7, 99, 79431
2026/09/15 05:54:19.839, 4, 100, 79447
2026/09/15 05:54:19.839, 5, 100, 79431
2026/09/15 05:54:19.839, 6, 100, 79431
2026/09/15 05:54:19.840, 7, 100, 79431
2026/09/15 05:54:20.340, 4, 100, 79447
2026/09/15 05:54:20.340, 5, 100, 79431
2026/09/15 05:54:20.340, 6, 100, 79431
2026/09/15 05:54:20.340, 7, 100, 79431
2026/09/15 05:54:20.840, 4, 0, 79447
2026/09/15 05:54:20.840, 5, 0, 79431
2026/09/15 05:54:20.840, 6, 0, 79431
2026/09/15 05:54:20.840, 7, 0, 79431
2026/09/15 05:54:21.340, 4, 5, 79447
2026/09/15 05:54:21.340, 5, 52, 79431
2026/09/15 05:54:21.340, 6, 48, 79431
2026/09/15 05:54:21.340, 7, 62, 79431
2026/09/15 05:54:21.841, 4, 99, 79447
2026/09/15 05:54:21.841, 5, 100, 79431
2026/09/15 05:54:21.841, 6, 99, 79431
2026/09/15 05:54:21.841, 7, 99, 79431
2026/09/15 05:54:22.341, 4, 99, 79447
2026/09/15 05:54:22.341, 5, 100, 79431
2026/09/15 05:54:22.341, 6, 100, 79431
2026/09/15 05:54:22.341, 7, 99, 79431
2026/09/15 05:54:22.841, 4, 99, 79447
2026/09/15 05:54:22.841, 5, 100, 79431
2026/09/15 05:54:22.841, 6, 100, 79431
2026/09/15 05:54:22.841, 7, 100, 79431
2026/09/15 05:54:23.342, 4, 99, 79447
2026/09/15 05:54:23.342, 5, 99, 79431
2026/09/15 05:54:23.342, 6, 99, 79431
2026/09/15 05:54:23.342, 7, 99, 79431
2026/09/15 05:54:23.842, 4, 100, 79447
2026/09/15 05:54:23.842, 5, 99, 79431
2026/09/15 05:54:23.842, 6, 99, 79431
2026/09/15 05:54:23.842, 7, 100, 79431
2026/09/15 05:54:24.342, 4, 100, 79447
2026/09/15 05:54:24.342, 5, 100, 79431
2026/09/15 05:54:24.342, 6, 100, 79431
2026/09/15 05:54:24.342, 7, 100, 79431
2026/09/15 05:54:24.842, 4, 99, 79447
2026/09/15 05:54:24.842, 5, 100, 79431
2026/09/15 05:54:24.842, 6, 99, 79431
2026/09/15 05:54:24.842, 7, 99, 79431
2026/09/15 05:54:25.342, 4, 99, 79447
2026/09/15 05:54:25.343, 5, 100, 79431
2026/09/15 05:54:25.343, 6, 99, 79431
2026/09/15 05:54:25.343, 7, 100, 79431
2026/09/15 05:54:25.843, 4, 99, 79447
2026/09/15 05:54:25.843, 5, 99, 79431
2026/09/15 05:54:25.843, 6, 100, 79431
2026/09/15 05:54:25.843, 7, 100, 79431
2026/09/15 05:54:26.344, 4, 99, 79447
2026/09/15 05:54:26.344, 5, 100, 79431
2026/09/15 05:54:26.344, 6, 100, 79431
2026/09/15 05:54:26.344, 7, 100, 79431
2026/09/15 05:54:26.844, 4, 99, 79447
2026/09/15 05:54:26.844, 5, 99, 79431
2026/09/15 05:54:26.844, 6, 99, 79431
2026/09/15 05:54:26.844, 7, 99, 79431
2026/09/15 05:54:27.344, 4, 100, 79447
2026/09/15 05:54:27.344, 5, 100, 79431
2026/09/15 05:54:27.344, 6, 100, 79431
2026/09/15 05:54:27.344, 7, 100, 79431
2026/09/15 05:54:27.844, 4, 100, 79447
2026/09/15 05:54:27.844, 5, 100, 79431
2026/09/15 05:54:27.844, 6, 100, 79431
2026/09/15 05:54:27.844, 7, 100, 79431
2026/09/15 05:54:28.344, 4, 99, 79447
2026/09/15 05:54:28.344, 5, 100, 79431
2026/09/15 05:54:28.344, 6, 99, 79431
2026/09/15 05:54:28.344, 7, 99, 79431
2026/09/15 05:54:28.845, 4, 99, 79447
2026/09/15 05:54:28.845, 5, 100, 79431
2026/09/15 05:54:28.845, 6, 100, 79431
2026/09/15 05:54:28.845, 7, 99, 79431
2026/09/15 05:54:29.345, 4, 99, 79447
2026/09/15 05:54:29.345, 5, 100, 79431
2026/09/15 05:54:29.345, 6, 100, 79431
2026/09/15 05:54:29.345, 7, 100, 79431
2026/09/15 05:54:29.845, 4, 99, 79447
2026/09/15 05:54:29.845, 5, 100, 79431
2026/09/15 05:54:29.845, 6, 99, 79431
2026/09/15 05:54:29.845, 7, 100, 79431
2026/09/15 05:54:30.345, 4, 99, 79447
2026/09/15 05:54:30.345, 5, 99, 79431
2026/09/15 05:54:30.345, 6, 99, 79431
2026/09/15 05:54:30.345, 7, 99, 79431
2026/09/15 05:54:30.846, 4, 100, 79447
2026/09/15 05:54:30.846, 5, 100, 79431
2026/09/15 05:54:30.846, 6, 100, 79431
2026/09/15 05:54:30.846, 7, 100, 79431
2026/09/15 05:54:31.346, 4, 100, 79447
2026/09/15 05:54:31.346, 5, 100, 79431
2026/09/15 05:54:31.346, 6, 100, 79431
2026/09/15 05:54:31.346, 7, 100, 79431
2026/09/15 05:54:31.846, 4, 99, 79447
2026/09/15 05:54:31.846, 5, 99, 79431
2026/09/15 05:54:31.846, 6, 99, 79431
2026/09/15 05:54:31.846, 7, 99, 79431
2026/09/15 05:54:32.346, 4, 100, 79447
2026/09/15 05:54:32.347, 5, 100, 79431
2026/09/15 05:54:32.347, 6, 100, 79431
2026/09/15 05:54:32.347, 7, 100, 79431
2026/09/15 05:54:32.847, 4, 99, 79447
2026/09/15 05:54:32.847, 5, 100, 79431
2026/09/15 05:54:32.847, 6, 100, 79431
2026/09/15 05:54:32.847, 7, 100, 79431
2026/09/15 05:54:33.347, 4, 25, 79447
2026/09/15 05:54:33.347, 5, 0, 79431
2026/09/15 05:54:33.347, 6, 0, 79431
2026/09/15 05:54:33.347, 7, 0, 79431
2026/09/15 05:54:33.847, 4, 0, 79447
2026/09/15 05:54:33.847, 5, 0, 79431
2026/09/15 05:54:33.847, 6, 0, 79431
2026/09/15 05:54:33.847, 7, 0, 79431
2026/09/15 05:54:34.347, 4, 0, 79447
2026/09/15 05:54:34.347, 5, 0, 79431
2026/09/15 05:54:34.348, 6, 0, 79431
2026/09/15 05:54:34.348, 7, 0, 79431
2026/09/15 05:54:34.848, 4, 0, 79447
2026/09/15 05:54:34.848, 5, 0, 79431
2026/09/15 05:54:34.848, 6, 0, 79431
2026/09/15 05:54:34.848, 7, 0, 79431
2026/09/15 05:54:35.348, 4, 0, 79447
2026/09/15 05:54:35.348, 5, 0, 79431
2026/09/15 05:54:35.348, 6, 0, 79431
2026/09/15 05:54:35.348, 7, 0, 79431
2026/09/15 05:54:35.848, 4, 0, 79447
2026/09/15 05:54:35.848, 5, 0, 79431
2026/09/15 05:54:35.848, 6, 0, 79431
2026/09/15 05:54:35.849, 7, 0, 79431
2026/09/15 05:54:36.349, 4, 0, 79447
2026/09/15 05:54:36.349, 5, 0, 79431
2026/09/15 05:54:36.349, 6, 0, 79431
2026/09/15 05:54:36.349, 7, 0, 79431
2026/09/15 05:54:36.849, 4, 0, 79447
2026/09/15 05:54:36.849, 5, 0, 79431
2026/09/15 05:54:36.849, 6, 0, 79431
2026/09/15 05:54:36.849, 7, 0, 79431
2026/09/15 05:54:37.349, 4, 0, 79447
2026/09/15 05:54:37.349, 5, 0, 79431
2026/09/15 05:54:37.349, 6, 0, 79431
2026/09/15 05:54:37.349, 7, 0, 79431
2026/09/15 05:54:37.849, 4, 17, 79447
2026/09/15 05:54:37.849, 5, 0, 79431
2026/09/15 05:54:37.850, 6, 0, 79431
2026/09/15 05:54:37.851, 7, 0, 79431
2026/09/15 05:54:38.351, 4, 99, 79447
2026/09/15 05:54:38.351, 5, 99, 79431
2026/09/15 05:54:38.351, 6, 99, 79431
2026/09/15 05:54:38.351, 7, 99, 79431
2026/09/15 05:54:38.851, 4, 100, 79447
2026/09/15 05:54:38.851, 5, 100, 79431
2026/09/15 05:54:38.851, 6, 100, 79431
2026/09/15 05:54:38.851, 7, 100, 79431
2026/09/15 05:54:39.352, 4, 100, 79447
2026/09/15 05:54:39.352, 5, 100, 79431
2026/09/15 05:54:39.352, 6, 100, 79431
2026/09/15 05:54:39.352, 7, 100, 79431
2026/09/15 05:54:39.852, 4, 0, 79447
2026/09/15 05:54:39.852, 5, 0, 79431
2026/09/15 05:54:39.852, 6, 0, 79431
2026/09/15 05:54:39.852, 7, 64, 79431
2026/09/15 05:54:40.352, 4, 0, 79447
2026/09/15 05:54:40.352, 5, 0, 79431
2026/09/15 05:54:40.352, 6, 0, 79431
2026/09/15 05:54:40.352, 7, 0, 79431
2026/09/15 05:54:40.852, 4, 99, 79447
2026/09/15 05:54:40.852, 5, 99, 79431
2026/09/15 05:54:40.852, 6, 99, 79431
2026/09/15 05:54:40.852, 7, 99, 79431
2026/09/15 05:54:41.353, 4, 99, 79447
2026/09/15 05:54:41.353, 5, 100, 79431
2026/09/15 05:54:41.353, 6, 100, 79431
2026/09/15 05:54:41.353, 7, 100, 79431
2026/09/15 05:54:41.853, 4, 99, 79447
2026/09/15 05:54:41.853, 5, 100, 79431
2026/09/15 05:54:41.853, 6, 100, 79431
2026/09/15 05:54:41.853, 7, 100, 79431
2026/09/15 05:54:42.353, 4, 100, 79447
2026/09/15 05:54:42.353, 5, 99, 79431
2026/09/15 05:54:42.353, 6, 100, 79431
2026/09/15 05:54:42.353, 7, 99, 79431
2026/09/15 05:54:42.853, 4, 99, 79447
2026/09/15 05:54:42.853, 5, 99, 79431
2026/09/15 05:54:42.853, 6, 99, 79431
2026/09/15 05:54:42.853, 7, 99, 79431
2026/09/15 05:54:43.354, 4, 100, 79447
2026/09/15 05:54:43.354, 5, 100, 79431
2026/09/15 05:54:43.354, 6, 100, 79431
2026/09/15 05:54:43.354, 7, 100, 79431
2026/09/15 05:54:43.854, 4, 100, 79447
2026/09/15 05:54:43.854, 5, 100, 79431
2026/09/15 05:54:43.854, 6, 100, 79431
2026/09/15 05:54:43.854, 7, 100, 79431
2026/09/15 05:54:44.354, 4, 99, 79447
2026/09/15 05:54:44.354, 5, 99, 79431
2026/09/15 05:54:44.354, 6, 99, 79431
2026/09/15 05:54:44.354, 7, 99, 79431
2026/09/15 05:54:44.854, 4, 99, 79447
2026/09/15 05:54:44.854, 5, 100, 79431
2026/09/15 05:54:44.854, 6, 100, 79431
2026/09/15 05:54:44.854, 7, 100, 79431
2026/09/15 05:54:45.354, 4, 100, 79447
2026/09/15 05:54:45.355, 5, 100, 79431
2026/09/15 05:54:45.355, 6, 100, 79431
2026/09/15 05:54:45.355, 7, 100, 79431
2026/09/15 05:54:45.855, 4, 99, 79447
2026/09/15 05:54:45.855, 5, 99, 79431
2026/09/15 05:54:45.855, 6, 99, 79431
2026/09/15 05:54:45.855, 7, 99, 79431
2026/09/15 05:54:46.355, 4, 99, 79447
2026/09/15 05:54:46.355, 5, 99, 79431
2026/09/15 05:54:46.355, 6, 100, 79431
2026/09/15 05:54:46.355, 7, 100, 79431
2026/09/15 05:54:46.855, 4, 100, 79447
2026/09/15 05:54:46.855, 5, 100, 79431
2026/09/15 05:54:46.856, 6, 100, 79431
2026/09/15 05:54:46.856, 7, 100, 79431
2026/09/15 05:54:47.357, 4, 100, 79447
2026/09/15 05:54:47.357, 5, 100, 79431
2026/09/15 05:54:47.357, 6, 100, 79431
2026/09/15 05:54:47.357, 7, 100, 79431
2026/09/15 05:54:47.857, 4, 99, 79447
2026/09/15 05:54:47.857, 5, 100, 79431
2026/09/15 05:54:47.857, 6, 99, 79431
2026/09/15 05:54:47.857, 7, 99, 79431
2026/09/15 05:54:48.357, 4, 99, 79447
2026/09/15 05:54:48.357, 5, 99, 79431
2026/09/15 05:54:48.357, 6, 100, 79431
2026/09/15 05:54:48.357, 7, 100, 79431
2026/09/15 05:54:48.857, 4, 100, 79447
2026/09/15 05:54:48.857, 5, 100, 79431
2026/09/15 05:54:48.857, 6, 100, 79431
2026/09/15 05:54:48.857, 7, 100, 79431
2026/09/15 05:54:49.357, 4, 99, 79447
2026/09/15 05:54:49.358, 5, 99, 79431
2026/09/15 05:54:49.358, 6, 99, 79431
2026/09/15 05:54:49.358, 7, 99, 79431
2026/09/15 05:54:49.858, 4, 100, 79447
2026/09/15 05:54:49.858, 5, 99, 79431
2026/09/15 05:54:49.858, 6, 100, 79431
2026/09/15 05:54:49.858, 7, 99, 79431
2026/09/15 05:54:50.358, 4, 100, 79447
2026/09/15 05:54:50.358, 5, 99, 79431
2026/09/15 05:54:50.358, 6, 100, 79431
2026/09/15 05:54:50.358, 7, 100, 79431
2026/09/15 05:54:50.858, 4, 99, 79447
2026/09/15 05:54:50.858, 5, 100, 79431
2026/09/15 05:54:50.858, 6, 99, 79431
2026/09/15 05:54:50.858, 7, 100, 79431
2026/09/15 05:54:51.358, 4, 99, 79447
2026/09/15 05:54:51.358, 5, 100, 79431
2026/09/15 05:54:51.358, 6, 99, 79431
2026/09/15 05:54:51.358, 7, 99, 79431
2026/09/15 05:54:51.859, 4, 99, 79447
2026/09/15 05:54:51.859, 5, 99, 79431
2026/09/15 05:54:51.859, 6, 100, 79431
2026/09/15 05:54:51.859, 7, 99, 79431
2026/09/15 05:54:52.359, 4, 100, 79447
2026/09/15 05:54:52.359, 5, 100, 79431
2026/09/15 05:54:52.359, 6, 100, 79431
2026/09/15 05:54:52.359, 7, 100, 79431
2026/09/15 05:54:52.859, 4, 0, 79447
2026/09/15 05:54:52.859, 5, 0, 79431
2026/09/15 05:54:52.859, 6, 0, 79431
2026/09/15 05:54:52.859, 7, 0, 79431
2026/09/15 05:54:53.359, 4, 0, 79447
2026/09/15 05:54:53.359, 5, 0, 79431
2026/09/15 05:54:53.359, 6, 0, 79431
2026/09/15 05:54:53.359, 7, 0, 79431
2026/09/15 05:54:53.860, 4, 0, 79447
2026/09/15 05:54:53.860, 5, 0, 79431
2026/09/15 05:54:53.860, 6, 0, 79431
2026/09/15 05:54:53.860, 7, 0, 79431
2026/09/15 05:54:54.360, 4, 0, 79447
2026/09/15 05:54:54.360, 5, 0, 79431
2026/09/15 05:54:54.360, 6, 0, 79431
2026/09/15 05:54:54.360, 7, 0, 79431
2026/09/15 05:54:54.860, 4, 0, 79447
2026/09/15 05:54:54.860, 5, 0, 79431
2026/09/15 05:54:54.860, 6, 0, 79431
2026/09/15 05:54:54.860, 7, 0, 79431
2026/09/15 05:54:55.360, 4, 0, 79447
2026/09/15 05:54:55.360, 5, 0, 79431
2026/09/15 05:54:55.360, 6, 0, 79431
2026/09/15 05:54:55.360, 7, 0, 79431
2026/09/15 05:54:55.860, 4, 0, 79447
2026/09/15 05:54:55.861, 5, 0, 79431
2026/09/15 05:54:55.861, 6, 0, 79431
2026/09/15 05:54:55.861, 7, 0, 79431
2026/09/15 05:54:56.361, 4, 0, 79447
2026/09/15 05:54:56.361, 5, 0, 79431
2026/09/15 05:54:56.361, 6, 0, 79431
2026/09/15 05:54:56.361, 7, 0, 79431
2026/09/15 05:54:56.861, 4, 0, 79447
2026/09/15 05:54:56.861, 5, 0, 79431
2026/09/15 05:54:56.861, 6, 0, 79431
2026/09/15 05:54:56.861, 7, 0, 79431
2026/09/15 05:54:57.361, 4, 38, 79447
2026/09/15 05:54:57.361, 5, 97, 79431
2026/09/15 05:54:57.361, 6, 85, 79431
2026/09/15 05:54:57.361, 7, 97, 79431
2026/09/15 05:54:57.861, 4, 99, 79447
2026/09/15 05:54:57.862, 5, 99, 79431
2026/09/15 05:54:57.862, 6, 100, 79431
2026/09/15 05:54:57.862, 7, 99, 79431
2026/09/15 05:54:58.362, 4, 100, 79447
2026/09/15 05:54:58.362, 5, 100, 79431
2026/09/15 05:54:58.362, 6, 100, 79431
2026/09/15 05:54:58.362, 7, 100, 79431
2026/09/15 05:54:58.862, 4, 100, 79447
2026/09/15 05:54:58.862, 5, 99, 79431
2026/09/15 05:54:58.862, 6, 100, 79431
2026/09/15 05:54:58.862, 7, 100, 79431
2026/09/15 05:54:59.362, 4, 0, 79447
2026/09/15 05:54:59.362, 5, 0, 79431
2026/09/15 05:54:59.362, 6, 0, 79431
2026/09/15 05:54:59.362, 7, 0, 79431
2026/09/15 05:54:59.862, 4, 69, 79447
2026/09/15 05:54:59.863, 5, 36, 79431
2026/09/15 05:54:59.863, 6, 17, 79431
2026/09/15 05:54:59.863, 7, 0, 79431
2026/09/15 05:55:00.363, 4, 99, 79447
2026/09/15 05:55:00.363, 5, 100, 79431
2026/09/15 05:55:00.363, 6, 99, 79431
2026/09/15 05:55:00.363, 7, 100, 79431
2026/09/15 05:55:00.863, 4, 100, 79447
2026/09/15 05:55:00.863, 5, 100, 79431
2026/09/15 05:55:00.863, 6, 100, 79431
2026/09/15 05:55:00.863, 7, 100, 79431
2026/09/15 05:55:01.363, 4, 99, 79447
2026/09/15 05:55:01.363, 5, 100, 79431
2026/09/15 05:55:01.363, 6, 100, 79431
2026/09/15 05:55:01.363, 7, 100, 79431
2026/09/15 05:55:01.863, 4, 99, 79447
2026/09/15 05:55:01.864, 5, 99, 79431
2026/09/15 05:55:01.864, 6, 99, 79431
2026/09/15 05:55:01.864, 7, 99, 79431
2026/09/15 05:55:02.364, 4, 100, 79447
2026/09/15 05:55:02.364, 5, 100, 79431
2026/09/15 05:55:02.364, 6, 100, 79431
2026/09/15 05:55:02.364, 7, 100, 79431
2026/09/15 05:55:02.864, 4, 100, 79447
2026/09/15 05:55:02.864, 5, 100, 79431
2026/09/15 05:55:02.864, 6, 100, 79431
2026/09/15 05:55:02.864, 7, 100, 79431
2026/09/15 05:55:03.364, 4, 99, 79447
2026/09/15 05:55:03.364, 5, 99, 79431
2026/09/15 05:55:03.364, 6, 100, 79431
2026/09/15 05:55:03.364, 7, 100, 79431
2026/09/15 05:55:03.864, 4, 99, 79447
2026/09/15 05:55:03.864, 5, 100, 79431
2026/09/15 05:55:03.864, 6, 99, 79431
2026/09/15 05:55:03.865, 7, 99, 79431
2026/09/15 05:55:04.365, 4, 99, 79447
2026/09/15 05:55:04.365, 5, 100, 79431
2026/09/15 05:55:04.365, 6, 100, 79431
2026/09/15 05:55:04.365, 7, 100, 79431
2026/09/15 05:55:04.865, 4, 99, 79447
2026/09/15 05:55:04.865, 5, 100, 79431
2026/09/15 05:55:04.865, 6, 100, 79431
2026/09/15 05:55:04.865, 7, 99, 79431
2026/09/15 05:55:05.365, 4, 99, 79447
2026/09/15 05:55:05.365, 5, 99, 79431
2026/09/15 05:55:05.365, 6, 99, 79431
2026/09/15 05:55:05.365, 7, 99, 79431
2026/09/15 05:55:05.865, 4, 100, 79447
2026/09/15 05:55:05.865, 5, 100, 79431
2026/09/15 05:55:05.865, 6, 100, 79431
2026/09/15 05:55:05.866, 7, 100, 79431
2026/09/15 05:55:06.366, 4, 100, 79447
2026/09/15 05:55:06.366, 5, 100, 79431
2026/09/15 05:55:06.366, 6, 100, 79431
2026/09/15 05:55:06.366, 7, 100, 79431
2026/09/15 05:55:06.866, 4, 99, 79447
2026/09/15 05:55:06.866, 5, 99, 79431
2026/09/15 05:55:06.866, 6, 99, 79431
2026/09/15 05:55:06.866, 7, 100, 79431
2026/09/15 05:55:07.366, 4, 99, 79447
2026/09/15 05:55:07.366, 5, 99, 79431
2026/09/15 05:55:07.366, 6, 99, 79431
2026/09/15 05:55:07.366, 7, 99, 79431
2026/09/15 05:55:07.866, 4, 99, 79447
2026/09/15 05:55:07.866, 5, 100, 79431
2026/09/15 05:55:07.866, 6, 100, 79431
2026/09/15 05:55:07.866, 7, 100, 79431
2026/09/15 05:55:08.367, 4, 100, 79447
2026/09/15 05:55:08.367, 5, 100, 79431
2026/09/15 05:55:08.367, 6, 100, 79431
2026/09/15 05:55:08.367, 7, 100, 79431
2026/09/15 05:55:08.867, 4, 99, 79447
2026/09/15 05:55:08.867, 5, 99, 79431
2026/09/15 05:55:08.867, 6, 99, 79431
2026/09/15 05:55:08.867, 7, 99, 79431
2026/09/15 05:55:09.367, 4, 100, 79447
2026/09/15 05:55:09.367, 5, 100, 79431
2026/09/15 05:55:09.367, 6, 100, 79431
2026/09/15 05:55:09.367, 7, 100, 79431
2026/09/15 05:55:09.867, 4, 100, 79447
2026/09/15 05:55:09.867, 5, 100, 79431
2026/09/15 05:55:09.867, 6, 100, 79431
2026/09/15 05:55:09.867, 7, 100, 79431
2026/09/15 05:55:10.367, 4, 99, 79447
2026/09/15 05:55:10.368, 5, 99, 79431
2026/09/15 05:55:10.368, 6, 99, 79431
2026/09/15 05:55:10.368, 7, 99, 79431
2026/09/15 05:55:10.868, 4, 99, 79447
2026/09/15 05:55:10.868, 5, 99, 79431
2026/09/15 05:55:10.868, 6, 100, 79431
2026/09/15 05:55:10.868, 7, 99, 79431
2026/09/15 05:55:11.368, 4, 99, 79447
2026/09/15 05:55:11.368, 5, 100, 79431
2026/09/15 05:55:11.368, 6, 100, 79431
2026/09/15 05:55:11.368, 7, 100, 79431
2026/09/15 05:55:11.869, 4, 58, 79447
2026/09/15 05:55:11.869, 5, 96, 79431
2026/09/15 05:55:11.869, 6, 15, 79431
2026/09/15 05:55:11.869, 7, 0, 79431
2026/09/15 05:55:12.369, 4, 0, 79447
2026/09/15 05:55:12.369, 5, 0, 79431
2026/09/15 05:55:12.369, 6, 0, 79431
2026/09/15 05:55:12.369, 7, 0, 79431
2026/09/15 05:55:12.869, 4, 0, 79447
2026/09/15 05:55:12.869, 5, 0, 79431
2026/09/15 05:55:12.869, 6, 0, 79431
2026/09/15 05:55:12.869, 7, 0, 79431
2026/09/15 05:55:13.370, 4, 0, 79447
2026/09/15 05:55:13.370, 5, 0, 79431
2026/09/15 05:55:13.370, 6, 0, 79431
2026/09/15 05:55:13.370, 7, 0, 79431
2026/09/15 05:55:13.870, 4, 0, 79447
2026/09/15 05:55:13.870, 5, 0, 79431
2026/09/15 05:55:13.870, 6, 0, 79431
2026/09/15 05:55:13.870, 7, 0, 79431
2026/09/15 05:55:14.370, 4, 0, 79447
2026/09/15 05:55:14.370, 5, 0, 79431
2026/09/15 05:55:14.370, 6, 0, 79431
2026/09/15 05:55:14.370, 7, 0, 79431
2026/09/15 05:55:14.870, 4, 0, 79447
2026/09/15 05:55:14.870, 5, 0, 79431
2026/09/15 05:55:14.870, 6, 0, 79431
2026/09/15 05:55:14.870, 7, 0, 79431
2026/09/15 05:55:15.371, 4, 0, 79447
2026/09/15 05:55:15.371, 5, 0, 79431
2026/09/15 05:55:15.371, 6, 0, 79431
2026/09/15 05:55:15.371, 7, 0, 79431
2026/09/15 05:55:15.871, 4, 0, 79447
2026/09/15 05:55:15.871, 5, 0, 79431
2026/09/15 05:55:15.871, 6, 0, 79431
2026/09/15 05:55:15.871, 7, 0, 79431
2026/09/15 05:55:16.371, 4, 0, 79447
2026/09/15 05:55:16.371, 5, 0, 79431
2026/09/15 05:55:16.371, 6, 0, 79431
2026/09/15 05:55:16.371, 7, 0, 79431
2026/09/15 05:55:16.871, 4, 99, 79447
2026/09/15 05:55:16.871, 5, 99, 79431
2026/09/15 05:55:16.871, 6, 99, 79431
2026/09/15 05:55:16.871, 7, 99, 79431
2026/09/15 05:55:17.371, 4, 99, 79447
2026/09/15 05:55:17.372, 5, 99, 79431
2026/09/15 05:55:17.372, 6, 100, 79431
2026/09/15 05:55:17.372, 7, 100, 79431
2026/09/15 05:55:17.872, 4, 100, 79447
2026/09/15 05:55:17.872, 5, 100, 79431
2026/09/15 05:55:17.872, 6, 100, 79431
2026/09/15 05:55:17.872, 7, 100, 79431
2026/09/15 05:55:18.372, 4, 63, 79447
2026/09/15 05:55:18.372, 5, 0, 79431
2026/09/15 05:55:18.372, 6, 20, 79431
2026/09/15 05:55:18.372, 7, 0, 79431
2026/09/15 05:55:18.872, 4, 0, 79447
2026/09/15 05:55:18.872, 5, 0, 79431
2026/09/15 05:55:18.872, 6, 0, 79431
2026/09/15 05:55:18.872, 7, 0, 79431
2026/09/15 05:55:19.372, 4, 95, 79447
2026/09/15 05:55:19.373, 5, 99, 79431
2026/09/15 05:55:19.373, 6, 99, 79431
2026/09/15 05:55:19.373, 7, 99, 79431
2026/09/15 05:55:19.873, 4, 99, 79447
2026/09/15 05:55:19.873, 5, 100, 79431
2026/09/15 05:55:19.873, 6, 99, 79431
2026/09/15 05:55:19.873, 7, 100, 79431
2026/09/15 05:55:20.373, 4, 99, 79447
2026/09/15 05:55:20.373, 5, 100, 79431
2026/09/15 05:55:20.374, 6, 100, 79431
2026/09/15 05:55:20.374, 7, 100, 79431
2026/09/15 05:55:20.874, 4, 100, 79447
2026/09/15 05:55:20.874, 5, 100, 79431
2026/09/15 05:55:20.874, 6, 99, 79431
2026/09/15 05:55:20.874, 7, 99, 79431
2026/09/15 05:55:21.374, 4, 99, 79447
2026/09/15 05:55:21.374, 5, 99, 79431
2026/09/15 05:55:21.374, 6, 99, 79431
2026/09/15 05:55:21.374, 7, 100, 79431
2026/09/15 05:55:21.874, 4, 100, 79447
2026/09/15 05:55:21.874, 5, 100, 79431
2026/09/15 05:55:21.874, 6, 100, 79431
2026/09/15 05:55:21.874, 7, 100, 79431
2026/09/15 05:55:22.374, 4, 100, 79447
2026/09/15 05:55:22.375, 5, 100, 79431
2026/09/15 05:55:22.375, 6, 100, 79431
2026/09/15 05:55:22.375, 7, 100, 79431
2026/09/15 05:55:22.875, 4, 99, 79447
2026/09/15 05:55:22.875, 5, 99, 79431
2026/09/15 05:55:22.875, 6, 99, 79431
2026/09/15 05:55:22.875, 7, 99, 79431
2026/09/15 05:55:23.375, 4, 99, 79447
2026/09/15 05:55:23.375, 5, 99, 79431
2026/09/15 05:55:23.375, 6, 100, 79431
2026/09/15 05:55:23.375, 7, 100, 79431
2026/09/15 05:55:23.875, 4, 100, 79447
2026/09/15 05:55:23.875, 5, 100, 79431
2026/09/15 05:55:23.875, 6, 99, 79431
2026/09/15 05:55:23.875, 7, 100, 79431
2026/09/15 05:55:24.375, 4, 100, 79447
2026/09/15 05:55:24.375, 5, 99, 79431
2026/09/15 05:55:24.376, 6, 99, 79431
2026/09/15 05:55:24.376, 7, 100, 79431
2026/09/15 05:55:24.876, 4, 99, 79447
2026/09/15 05:55:24.876, 5, 99, 79431
2026/09/15 05:55:24.876, 6, 100, 79431
2026/09/15 05:55:24.876, 7, 99, 79431
2026/09/15 05:55:25.376, 4, 100, 79447
2026/09/15 05:55:25.376, 5, 99, 79431
2026/09/15 05:55:25.376, 6, 100, 79431
2026/09/15 05:55:25.376, 7, 100, 79431
2026/09/15 05:55:25.876, 4, 100, 79447
2026/09/15 05:55:25.876, 5, 100, 79431
2026/09/15 05:55:25.876, 6, 100, 79431
2026/09/15 05:55:25.876, 7, 100, 79431
2026/09/15 05:55:26.376, 4, 99, 79447
2026/09/15 05:55:26.376, 5, 99, 79431
2026/09/15 05:55:26.376, 6, 99, 79431
2026/09/15 05:55:26.376, 7, 100, 79431
2026/09/15 05:55:26.877, 4, 99, 79447
2026/09/15 05:55:26.877, 5, 100, 79431
2026/09/15 05:55:26.877, 6, 100, 79431
2026/09/15 05:55:26.877, 7, 100, 79431
2026/09/15 05:55:27.377, 4, 99, 79447
2026/09/15 05:55:27.377, 5, 100, 79431
2026/09/15 05:55:27.377, 6, 100, 79431
2026/09/15 05:55:27.377, 7, 100, 79431
2026/09/15 05:55:27.877, 4, 100, 79447
2026/09/15 05:55:27.877, 5, 99, 79431
2026/09/15 05:55:27.877, 6, 99, 79431
2026/09/15 05:55:27.877, 7, 100, 79431
2026/09/15 05:55:28.377, 4, 99, 79447
2026/09/15 05:55:28.378, 5, 100, 79431
2026/09/15 05:55:28.378, 6, 99, 79431
2026/09/15 05:55:28.378, 7, 99, 79431
2026/09/15 05:55:28.879, 4, 100, 79447
2026/09/15 05:55:28.879, 5, 100, 79431
2026/09/15 05:55:28.879, 6, 100, 79431
2026/09/15 05:55:28.879, 7, 100, 79431
2026/09/15 05:55:29.379, 4, 100, 79447
2026/09/15 05:55:29.380, 5, 100, 79431
2026/09/15 05:55:29.380, 6, 100, 79431
2026/09/15 05:55:29.380, 7, 100, 79431
2026/09/15 05:55:29.880, 4, 99, 79447
2026/09/15 05:55:29.880, 5, 100, 79431
2026/09/15 05:55:29.880, 6, 99, 79431
2026/09/15 05:55:29.880, 7, 99, 79431
2026/09/15 05:55:30.380, 4, 99, 79447
2026/09/15 05:55:30.380, 5, 100, 79431
2026/09/15 05:55:30.380, 6, 100, 79431
2026/09/15 05:55:30.380, 7, 100, 79431
2026/09/15 05:55:30.880, 4, 99, 79447
2026/09/15 05:55:30.881, 5, 100, 79431
2026/09/15 05:55:30.881, 6, 100, 79431
2026/09/15 05:55:30.881, 7, 99, 79431
2026/09/15 05:55:31.381, 4, 29, 79447
2026/09/15 05:55:31.381, 5, 0, 79431
2026/09/15 05:55:31.381, 6, 0, 79431
2026/09/15 05:55:31.381, 7, 0, 79431
2026/09/15 05:55:31.881, 4, 0, 79447
2026/09/15 05:55:31.881, 5, 0, 79431
2026/09/15 05:55:31.881, 6, 0, 79431
2026/09/15 05:55:31.881, 7, 0, 79431
2026/09/15 05:55:32.381, 4, 0, 79447
2026/09/15 05:55:32.381, 5, 0, 79431
2026/09/15 05:55:32.381, 6, 0, 79431
2026/09/15 05:55:32.381, 7, 0, 79431
2026/09/15 05:55:32.881, 4, 0, 79447
2026/09/15 05:55:32.882, 5, 0, 79431
2026/09/15 05:55:32.882, 6, 0, 79431
2026/09/15 05:55:32.882, 7, 0, 79431
2026/09/15 05:55:33.382, 4, 0, 79447
2026/09/15 05:55:33.382, 5, 0, 79431
2026/09/15 05:55:33.382, 6, 0, 79431
2026/09/15 05:55:33.382, 7, 0, 79431
2026/09/15 05:55:33.882, 4, 0, 79447
2026/09/15 05:55:33.882, 5, 0, 79431
2026/09/15 05:55:33.882, 6, 0, 79431
2026/09/15 05:55:33.882, 7, 0, 79431
2026/09/15 05:55:34.382, 4, 0, 79447
2026/09/15 05:55:34.382, 5, 0, 79431
2026/09/15 05:55:34.382, 6, 0, 79431
2026/09/15 05:55:34.382, 7, 0, 79431
2026/09/15 05:55:34.882, 4, 0, 79447
2026/09/15 05:55:34.882, 5, 0, 79431
2026/09/15 05:55:34.882, 6, 0, 79431
2026/09/15 05:55:34.882, 7, 0, 79431
2026/09/15 05:55:35.383, 4, 0, 79447
2026/09/15 05:55:35.383, 5, 0, 79431
2026/09/15 05:55:35.383, 6, 0, 79431
2026/09/15 05:55:35.383, 7, 0, 79431
2026/09/15 05:55:35.883, 4, 20, 79447
2026/09/15 05:55:35.883, 5, 0, 79431
2026/09/15 05:55:35.883, 6, 62, 79431
2026/09/15 05:55:35.883, 7, 82, 79431
2026/09/15 05:55:36.383, 4, 99, 79447
2026/09/15 05:55:36.383, 5, 99, 79431
2026/09/15 05:55:36.383, 6, 99, 79431
2026/09/15 05:55:36.383, 7, 99, 79431
2026/09/15 05:55:36.883, 4, 100, 79447
2026/09/15 05:55:36.883, 5, 100, 79431
2026/09/15 05:55:36.883, 6, 100, 79431
2026/09/15 05:55:36.883, 7, 100, 79431
2026/09/15 05:55:37.383, 4, 100, 79447
2026/09/15 05:55:37.429, 5, 100, 79431
2026/09/15 05:55:37.429, 6, 100, 79431
2026/09/15 05:55:37.429, 7, 100, 79431
2026/09/15 05:55:37.930, 4, 0, 79447
2026/09/15 05:55:37.930, 5, 0, 79431
2026/09/15 05:55:37.930, 6, 0, 79431
2026/09/15 05:55:37.930, 7, 0, 79431
2026/09/15 05:55:38.430, 4, 63, 79447
2026/09/15 05:55:38.430, 5, 34, 79431
2026/09/15 05:55:38.430, 6, 7, 79431
2026/09/15 05:55:38.430, 7, 27, 79431
2026/09/15 05:55:38.930, 4, 99, 79447
2026/09/15 05:55:38.930, 5, 100, 79431
2026/09/15 05:55:38.930, 6, 99, 79431
2026/09/15 05:55:38.930, 7, 99, 79431
2026/09/15 05:55:39.430, 4, 99, 79447
2026/09/15 05:55:39.430, 5, 100, 79431
2026/09/15 05:55:39.430, 6, 100, 79431
2026/09/15 05:55:39.430, 7, 100, 79431
2026/09/15 05:55:39.931, 4, 100, 79447
2026/09/15 05:55:39.931, 5, 100, 79431
2026/09/15 05:55:39.931, 6, 100, 79431
2026/09/15 05:55:39.931, 7, 100, 79431
2026/09/15 05:55:40.431, 4, 99, 79447
2026/09/15 05:55:40.431, 5, 99, 79431
2026/09/15 05:55:40.431, 6, 99, 79431
2026/09/15 05:55:40.431, 7, 99, 79431
2026/09/15 05:55:40.931, 4, 100, 79447
2026/09/15 05:55:40.931, 5, 100, 79431
2026/09/15 05:55:40.931, 6, 100, 79431
2026/09/15 05:55:40.931, 7, 100, 79431
2026/09/15 05:55:41.431, 4, 100, 79447
2026/09/15 05:55:41.431, 5, 100, 79431
2026/09/15 05:55:41.431, 6, 100, 79431
2026/09/15 05:55:41.431, 7, 100, 79431
2026/09/15 05:55:41.931, 4, 99, 79447
2026/09/15 05:55:41.932, 5, 100, 79431
2026/09/15 05:55:41.932, 6, 99, 79431
2026/09/15 05:55:41.932, 7, 99, 79431
2026/09/15 05:55:42.432, 4, 99, 79447
2026/09/15 05:55:42.432, 5, 100, 79431
2026/09/15 05:55:42.432, 6, 99, 79431
2026/09/15 05:55:42.432, 7, 99, 79431
2026/09/15 05:55:42.932, 4, 99, 79447
2026/09/15 05:55:42.932, 5, 100, 79431
2026/09/15 05:55:42.932, 6, 100, 79431
2026/09/15 05:55:42.932, 7, 100, 79431
2026/09/15 05:55:43.432, 4, 100, 79447
2026/09/15 05:55:43.432, 5, 100, 79431
2026/09/15 05:55:43.432, 6, 100, 79431
2026/09/15 05:55:43.432, 7, 100, 79431
2026/09/15 05:55:43.932, 4, 99, 79447
2026/09/15 05:55:43.932, 5, 99, 79431
2026/09/15 05:55:43.932, 6, 99, 79431
2026/09/15 05:55:43.932, 7, 99, 79431
2026/09/15 05:55:44.433, 4, 100, 79447
2026/09/15 05:55:44.433, 5, 100, 79431
2026/09/15 05:55:44.433, 6, 99, 79431
2026/09/15 05:55:44.433, 7, 100, 79431
2026/09/15 05:55:44.933, 4, 100, 79447
2026/09/15 05:55:44.933, 5, 100, 79431
2026/09/15 05:55:44.933, 6, 100, 79431
2026/09/15 05:55:44.933, 7, 100, 79431
2026/09/15 05:55:45.433, 4, 99, 79447
2026/09/15 05:55:45.433, 5, 99, 79431
2026/09/15 05:55:45.433, 6, 99, 79431
2026/09/15 05:55:45.433, 7, 100, 79431
2026/09/15 05:55:45.933, 4, 99, 79447
2026/09/15 05:55:45.933, 5, 99, 79431
2026/09/15 05:55:45.933, 6, 100, 79431
2026/09/15 05:55:45.933, 7, 100, 79431
2026/09/15 05:55:46.434, 4, 100, 79447
2026/09/15 05:55:46.434, 5, 100, 79431
2026/09/15 05:55:46.434, 6, 100, 79431
2026/09/15 05:55:46.434, 7, 100, 79431
2026/09/15 05:55:46.934, 4, 100, 79447
2026/09/15 05:55:46.934, 5, 100, 79431
2026/09/15 05:55:46.934, 6, 100, 79431
2026/09/15 05:55:46.934, 7, 100, 79431
2026/09/15 05:55:47.434, 4, 99, 79447
2026/09/15 05:55:47.434, 5, 99, 79431
2026/09/15 05:55:47.434, 6, 99, 79431
2026/09/15 05:55:47.434, 7, 99, 79431
2026/09/15 05:55:47.934, 4, 100, 79447
2026/09/15 05:55:47.934, 5, 99, 79431
2026/09/15 05:55:47.934, 6, 100, 79431
2026/09/15 05:55:47.934, 7, 100, 79431
2026/09/15 05:55:48.434, 4, 100, 79447
2026/09/15 05:55:48.435, 5, 100, 79431
2026/09/15 05:55:48.435, 6, 100, 79431
2026/09/15 05:55:48.435, 7, 100, 79431
2026/09/15 05:55:48.935, 4, 99, 79447
2026/09/15 05:55:48.935, 5, 99, 79431
2026/09/15 05:55:48.935, 6, 99, 79431
2026/09/15 05:55:48.935, 7, 99, 79431
2026/09/15 05:55:49.435, 4, 100, 79447
2026/09/15 05:55:49.435, 5, 100, 79431
2026/09/15 05:55:49.435, 6, 99, 79431
2026/09/15 05:55:49.435, 7, 100, 79431
2026/09/15 05:55:49.935, 4, 99, 79447
2026/09/15 05:55:49.935, 5, 99, 79431
2026/09/15 05:55:49.935, 6, 100, 79431
2026/09/15 05:55:49.935, 7, 100, 79431
2026/09/15 05:55:50.435, 4, 67, 79447
2026/09/15 05:55:50.435, 5, 0, 79431
2026/09/15 05:55:50.436, 6, 100, 79431
2026/09/15 05:55:50.436, 7, 100, 79431
2026/09/15 05:55:50.936, 4, 0, 79447
2026/09/15 05:55:50.936, 5, 0, 79431
2026/09/15 05:55:50.936, 6, 0, 79431
2026/09/15 05:55:50.936, 7, 0, 79431
2026/09/15 05:55:51.436, 4, 0, 79447
2026/09/15 05:55:51.436, 5, 0, 79431
2026/09/15 05:55:51.436, 6, 0, 79431
2026/09/15 05:55:51.436, 7, 0, 79431
2026/09/15 05:55:51.936, 4, 0, 79447
2026/09/15 05:55:51.936, 5, 0, 79431
2026/09/15 05:55:51.936, 6, 0, 79431
2026/09/15 05:55:51.936, 7, 0, 79431
2026/09/15 05:55:52.436, 4, 0, 79447
2026/09/15 05:55:52.436, 5, 0, 79431
2026/09/15 05:55:52.437, 6, 0, 79431
2026/09/15 05:55:52.437, 7, 0, 79431
2026/09/15 05:55:52.937, 4, 0, 79447
2026/09/15 05:55:52.937, 5, 0, 79431
2026/09/15 05:55:52.937, 6, 0, 79431
2026/09/15 05:55:52.937, 7, 0, 79431
2026/09/15 05:55:53.437, 4, 0, 79447
2026/09/15 05:55:53.437, 5, 0, 79431
2026/09/15 05:55:53.437, 6, 0, 79431
2026/09/15 05:55:53.437, 7, 0, 79431
2026/09/15 05:55:53.937, 4, 0, 79447
2026/09/15 05:55:53.937, 5, 0, 79431
2026/09/15 05:55:53.937, 6, 0, 79431
2026/09/15 05:55:53.937, 7, 0, 79431
2026/09/15 05:55:54.437, 4, 0, 79447
2026/09/15 05:55:54.438, 5, 0, 79431
2026/09/15 05:55:54.438, 6, 0, 79431
2026/09/15 05:55:54.438, 7, 0, 79431
2026/09/15 05:55:54.938, 4, 0, 79447
2026/09/15 05:55:54.938, 5, 0, 79431
2026/09/15 05:55:54.938, 6, 0, 79431
2026/09/15 05:55:54.938, 7, 0, 79431
2026/09/15 05:55:55.438, 4, 99, 79447
2026/09/15 05:55:55.438, 5, 99, 79431
2026/09/15 05:55:55.438, 6, 99, 79431
2026/09/15 05:55:55.438, 7, 99, 79431
2026/09/15 05:55:55.938, 4, 99, 79447
2026/09/15 05:55:55.938, 5, 99, 79431
2026/09/15 05:55:55.938, 6, 99, 79431
2026/09/15 05:55:55.938, 7, 100, 79431
2026/09/15 05:55:56.439, 4, 100, 79447
2026/09/15 05:55:56.439, 5, 100, 79431
2026/09/15 05:55:56.439, 6, 100, 79431
2026/09/15 05:55:56.439, 7, 99, 79431
2026/09/15 05:55:56.939, 4, 88, 79447
2026/09/15 05:55:56.939, 5, 100, 79431
2026/09/15 05:55:56.939, 6, 33, 79431
2026/09/15 05:55:56.939, 7, 22, 79431
2026/09/15 05:55:57.439, 4, 0, 79447
2026/09/15 05:55:57.439, 5, 0, 79431
2026/09/15 05:55:57.439, 6, 0, 79431
2026/09/15 05:55:57.439, 7, 0, 79431
2026/09/15 05:55:57.939, 4, 90, 79447
2026/09/15 05:55:57.939, 5, 66, 79431
2026/09/15 05:55:57.939, 6, 99, 79431
2026/09/15 05:55:57.939, 7, 99, 79431
2026/09/15 05:55:58.440, 4, 100, 79447
2026/09/15 05:55:58.440, 5, 100, 79431
2026/09/15 05:55:58.440, 6, 99, 79431
2026/09/15 05:55:58.440, 7, 99, 79431
2026/09/15 05:55:58.940, 4, 99, 79447
2026/09/15 05:55:58.940, 5, 100, 79431
2026/09/15 05:55:58.940, 6, 100, 79431
2026/09/15 05:55:58.940, 7, 100, 79431
2026/09/15 05:55:59.440, 4, 100, 79447
2026/09/15 05:55:59.440, 5, 100, 79431
2026/09/15 05:55:59.440, 6, 100, 79431
2026/09/15 05:55:59.440, 7, 100, 79431
2026/09/15 05:55:59.940, 4, 99, 79447
2026/09/15 05:55:59.940, 5, 99, 79431
2026/09/15 05:55:59.940, 6, 99, 79431
2026/09/15 05:55:59.940, 7, 99, 79431
2026/09/15 05:56:00.440, 4, 100, 79447
2026/09/15 05:56:00.441, 5, 100, 79431
2026/09/15 05:56:00.441, 6, 100, 79431
2026/09/15 05:56:00.441, 7, 100, 79431
2026/09/15 05:56:00.941, 4, 100, 79447
2026/09/15 05:56:00.941, 5, 100, 79431
2026/09/15 05:56:00.941, 6, 100, 79431
2026/09/15 05:56:00.941, 7, 100, 79431
2026/09/15 05:56:01.441, 4, 99, 79447
2026/09/15 05:56:01.441, 5, 99, 79431
2026/09/15 05:56:01.441, 6, 99, 79431
2026/09/15 05:56:01.441, 7, 99, 79431
2026/09/15 05:56:01.941, 4, 99, 79447
2026/09/15 05:56:01.941, 5, 100, 79431
2026/09/15 05:56:01.941, 6, 100, 79431
2026/09/15 05:56:01.941, 7, 99, 79431
2026/09/15 05:56:02.441, 4, 100, 79447
2026/09/15 05:56:02.442, 5, 100, 79431
2026/09/15 05:56:02.442, 6, 100, 79431
2026/09/15 05:56:02.442, 7, 100, 79431
2026/09/15 05:56:02.942, 4, 100, 79447
2026/09/15 05:56:02.942, 5, 100, 79431
2026/09/15 05:56:02.942, 6, 99, 79431
2026/09/15 05:56:02.942, 7, 99, 79431
2026/09/15 05:56:03.442, 4, 99, 79447
2026/09/15 05:56:03.442, 5, 99, 79431
2026/09/15 05:56:03.442, 6, 99, 79431
2026/09/15 05:56:03.442, 7, 99, 79431
2026/09/15 05:56:03.942, 4, 100, 79447
2026/09/15 05:56:03.942, 5, 100, 79431
2026/09/15 05:56:03.942, 6, 100, 79431
2026/09/15 05:56:03.942, 7, 99, 79431
2026/09/15 05:56:04.442, 4, 100, 79447
2026/09/15 05:56:04.442, 5, 100, 79431
2026/09/15 05:56:04.443, 6, 100, 79431
2026/09/15 05:56:04.443, 7, 100, 79431
2026/09/15 05:56:04.943, 4, 99, 79447
2026/09/15 05:56:04.943, 5, 99, 79431
2026/09/15 05:56:04.943, 6, 99, 79431
2026/09/15 05:56:04.943, 7, 99, 79431
2026/09/15 05:56:05.443, 4, 99, 79447
2026/09/15 05:56:05.443, 5, 100, 79431
2026/09/15 05:56:05.443, 6, 100, 79431
2026/09/15 05:56:05.443, 7, 100, 79431
2026/09/15 05:56:05.943, 4, 100, 79447
2026/09/15 05:56:05.943, 5, 99, 79431
2026/09/15 05:56:05.943, 6, 100, 79431
2026/09/15 05:56:05.943, 7, 100, 79431
2026/09/15 05:56:06.443, 4, 99, 79447
2026/09/15 05:56:06.443, 5, 99, 79431
2026/09/15 05:56:06.443, 6, 99, 79431
2026/09/15 05:56:06.443, 7, 99, 79431
2026/09/15 05:56:06.944, 4, 99, 79447
2026/09/15 05:56:06.944, 5, 99, 79431
2026/09/15 05:56:06.944, 6, 100, 79431
2026/09/15 05:56:06.944, 7, 99, 79431
2026/09/15 05:56:07.444, 4, 100, 79447
2026/09/15 05:56:07.444, 5, 100, 79431
2026/09/15 05:56:07.444, 6, 100, 79431
2026/09/15 05:56:07.444, 7, 99, 79431
2026/09/15 05:56:07.944, 4, 100, 79447
2026/09/15 05:56:07.944, 5, 100, 79431
2026/09/15 05:56:07.944, 6, 99, 79431
2026/09/15 05:56:07.944, 7, 100, 79431
2026/09/15 05:56:08.444, 4, 99, 79447
2026/09/15 05:56:08.444, 5, 99, 79431
2026/09/15 05:56:08.445, 6, 99, 79431
2026/09/15 05:56:08.445, 7, 99, 79431
2026/09/15 05:56:08.945, 4, 100, 79447
2026/09/15 05:56:08.945, 5, 100, 79431
2026/09/15 05:56:08.945, 6, 100, 79431
2026/09/15 05:56:08.945, 7, 100, 79431
2026/09/15 05:56:09.445, 4, 99, 79447
2026/09/15 05:56:09.445, 5, 100, 79431
2026/09/15 05:56:09.445, 6, 100, 79431
2026/09/15 05:56:09.445, 7, 99, 79431
2026/09/15 05:56:09.946, 4, 0, 79447
2026/09/15 05:56:09.946, 5, 0, 79431
2026/09/15 05:56:09.946, 6, 0, 79431
2026/09/15 05:56:09.946, 7, 0, 79431
2026/09/15 05:56:10.446, 4, 0, 79447
2026/09/15 05:56:10.446, 5, 0, 79431
2026/09/15 05:56:10.446, 6, 0, 79431
2026/09/15 05:56:10.446, 7, 0, 79431
2026/09/15 05:56:10.946, 4, 0, 79447
2026/09/15 05:56:10.946, 5, 0, 79431
2026/09/15 05:56:10.946, 6, 0, 79431
2026/09/15 05:56:10.946, 7, 0, 79431
2026/09/15 05:56:11.446, 4, 0, 79447
2026/09/15 05:56:11.446, 5, 0, 79431
2026/09/15 05:56:11.446, 6, 0, 79431
2026/09/15 05:56:11.446, 7, 0, 79431
2026/09/15 05:56:11.947, 4, 0, 79447
2026/09/15 05:56:11.947, 5, 0, 79431
2026/09/15 05:56:11.947, 6, 0, 79431
2026/09/15 05:56:11.947, 7, 0, 79431
2026/09/15 05:56:12.447, 4, 0, 79447
2026/09/15 05:56:12.447, 5, 0, 79431
2026/09/15 05:56:12.447, 6, 0, 79431
2026/09/15 05:56:12.447, 7, 0, 79431
2026/09/15 05:56:12.947, 4, 0, 79447
2026/09/15 05:56:12.947, 5, 0, 79431
2026/09/15 05:56:12.947, 6, 0, 79431
2026/09/15 05:56:12.947, 7, 0, 79431
2026/09/15 05:56:13.447, 4, 0, 79447
2026/09/15 05:56:13.447, 5, 0, 79431
2026/09/15 05:56:13.447, 6, 0, 79431
2026/09/15 05:56:13.447, 7, 0, 79431
2026/09/15 05:56:13.948, 4, 0, 79447
2026/09/15 05:56:13.948, 5, 0, 79431
2026/09/15 05:56:13.948, 6, 0, 79431
2026/09/15 05:56:13.948, 7, 0, 79431
2026/09/15 05:56:14.448, 4, 0, 79447
2026/09/15 05:56:14.454, 5, 61, 79431
2026/09/15 05:56:14.457, 6, 0, 79431
2026/09/15 05:56:14.457, 7, 0, 79431
2026/09/15 05:56:14.957, 4, 99, 79447
2026/09/15 05:56:14.957, 5, 99, 79431
2026/09/15 05:56:14.957, 6, 99, 79431
2026/09/15 05:56:14.957, 7, 99, 79431
2026/09/15 05:56:15.457, 4, 100, 79447
2026/09/15 05:56:15.457, 5, 100, 79431
2026/09/15 05:56:15.457, 6, 100, 79431
2026/09/15 05:56:15.457, 7, 100, 79431
2026/09/15 05:56:15.958, 4, 100, 79447
2026/09/15 05:56:15.958, 5, 100, 79431
2026/09/15 05:56:15.958, 6, 99, 79431
2026/09/15 05:56:15.958, 7, 100, 79431
2026/09/15 05:56:16.458, 4, 0, 79447
2026/09/15 05:56:16.458, 5, 0, 79431
2026/09/15 05:56:16.458, 6, 0, 79431
2026/09/15 05:56:16.458, 7, 0, 79431
2026/09/15 05:56:16.958, 4, 0, 79447
2026/09/15 05:56:16.958, 5, 0, 79431
2026/09/15 05:56:16.958, 6, 0, 79431
2026/09/15 05:56:16.958, 7, 0, 79431
2026/09/15 05:56:17.458, 4, 99, 79447
2026/09/15 05:56:17.458, 5, 100, 79431
2026/09/15 05:56:17.458, 6, 99, 79431
2026/09/15 05:56:17.458, 7, 99, 79431
2026/09/15 05:56:17.959, 4, 100, 79447
2026/09/15 05:56:17.959, 5, 100, 79431
2026/09/15 05:56:17.959, 6, 100, 79431
2026/09/15 05:56:17.959, 7, 99, 79431
2026/09/15 05:56:18.459, 4, 100, 79447
2026/09/15 05:56:18.459, 5, 100, 79431
2026/09/15 05:56:18.459, 6, 99, 79431
2026/09/15 05:56:18.459, 7, 100, 79431
2026/09/15 05:56:18.959, 4, 100, 79447
2026/09/15 05:56:18.959, 5, 99, 79431
2026/09/15 05:56:18.959, 6, 99, 79431
2026/09/15 05:56:18.959, 7, 99, 79431
2026/09/15 05:56:19.460, 4, 99, 79447
2026/09/15 05:56:19.460, 5, 99, 79431
2026/09/15 05:56:19.460, 6, 99, 79431
2026/09/15 05:56:19.460, 7, 99, 79431
2026/09/15 05:56:19.960, 4, 100, 79447
2026/09/15 05:56:19.960, 5, 100, 79431
2026/09/15 05:56:19.960, 6, 100, 79431
2026/09/15 05:56:19.960, 7, 100, 79431
2026/09/15 05:56:20.460, 4, 100, 79447
2026/09/15 05:56:20.460, 5, 100, 79431
2026/09/15 05:56:20.460, 6, 100, 79431
2026/09/15 05:56:20.460, 7, 100, 79431
2026/09/15 05:56:20.960, 4, 99, 79447
2026/09/15 05:56:20.960, 5, 100, 79431
2026/09/15 05:56:20.960, 6, 99, 79431
2026/09/15 05:56:20.961, 7, 100, 79431
2026/09/15 05:56:21.462, 4, 99, 79447
2026/09/15 05:56:21.462, 5, 100, 79431
2026/09/15 05:56:21.462, 6, 100, 79431
2026/09/15 05:56:21.462, 7, 100, 79431
2026/09/15 05:56:21.962, 4, 100, 79447
2026/09/15 05:56:21.962, 5, 100, 79431
2026/09/15 05:56:21.962, 6, 100, 79431
2026/09/15 05:56:21.962, 7, 100, 79431
2026/09/15 05:56:22.462, 4, 99, 79447
2026/09/15 05:56:22.462, 5, 99, 79431
2026/09/15 05:56:22.462, 6, 99, 79431
2026/09/15 05:56:22.462, 7, 99, 79431
2026/09/15 05:56:22.962, 4, 100, 79447
2026/09/15 05:56:22.962, 5, 100, 79431
2026/09/15 05:56:22.962, 6, 100, 79431
2026/09/15 05:56:22.962, 7, 100, 79431
2026/09/15 05:56:23.463, 4, 100, 79447
2026/09/15 05:56:23.463, 5, 100, 79431
2026/09/15 05:56:23.463, 6, 100, 79431
2026/09/15 05:56:23.463, 7, 100, 79431
2026/09/15 05:56:23.963, 4, 100, 79447
2026/09/15 05:56:23.963, 5, 99, 79431
2026/09/15 05:56:23.963, 6, 99, 79431
2026/09/15 05:56:23.963, 7, 99, 79431
2026/09/15 05:56:24.463, 4, 99, 79447
2026/09/15 05:56:24.463, 5, 99, 79431
2026/09/15 05:56:24.463, 6, 99, 79431
2026/09/15 05:56:24.463, 7, 99, 79431
2026/09/15 05:56:24.963, 4, 99, 79447
2026/09/15 05:56:24.963, 5, 100, 79431
2026/09/15 05:56:24.963, 6, 100, 79431
2026/09/15 05:56:24.963, 7, 100, 79431
2026/09/15 05:56:25.463, 4, 100, 79447
2026/09/15 05:56:25.464, 5, 100, 79431
2026/09/15 05:56:25.464, 6, 100, 79431
2026/09/15 05:56:25.464, 7, 100, 79431
2026/09/15 05:56:25.964, 4, 99, 79447
2026/09/15 05:56:25.964, 5, 99, 79431
2026/09/15 05:56:25.964, 6, 99, 79431
2026/09/15 05:56:25.964, 7, 99, 79431
2026/09/15 05:56:26.464, 4, 100, 79447
2026/09/15 05:56:26.464, 5, 99, 79431
2026/09/15 05:56:26.464, 6, 100, 79431
2026/09/15 05:56:26.464, 7, 100, 79431
2026/09/15 05:56:26.964, 4, 100, 79447
2026/09/15 05:56:26.964, 5, 100, 79431
2026/09/15 05:56:26.964, 6, 100, 79431
2026/09/15 05:56:26.964, 7, 100, 79431
2026/09/15 05:56:27.464, 4, 99, 79447
2026/09/15 05:56:27.464, 5, 99, 79431
2026/09/15 05:56:27.464, 6, 99, 79431
2026/09/15 05:56:27.465, 7, 99, 79431
2026/09/15 05:56:27.965, 4, 99, 79447
2026/09/15 05:56:27.965, 5, 100, 79431
2026/09/15 05:56:27.965, 6, 100, 79431
2026/09/15 05:56:27.965, 7, 100, 79431
2026/09/15 05:56:28.465, 4, 99, 79447
2026/09/15 05:56:28.465, 5, 99, 79431
2026/09/15 05:56:28.465, 6, 100, 79431
2026/09/15 05:56:28.465, 7, 99, 79431
2026/09/15 05:56:28.965, 4, 100, 79447
2026/09/15 05:56:28.965, 5, 53, 79431
2026/09/15 05:56:28.965, 6, 71, 79431
2026/09/15 05:56:28.965, 7, 54, 79431
2026/09/15 05:56:29.465, 4, 0, 79447
2026/09/15 05:56:29.465, 5, 0, 79431
2026/09/15 05:56:29.465, 6, 0, 79431
2026/09/15 05:56:29.465, 7, 0, 79431
2026/09/15 05:56:29.966, 4, 0, 79447
2026/09/15 05:56:29.966, 5, 0, 79431
2026/09/15 05:56:29.966, 6, 0, 79431
2026/09/15 05:56:29.966, 7, 0, 79431
2026/09/15 05:56:30.466, 4, 0, 79447
2026/09/15 05:56:30.466, 5, 0, 79431
2026/09/15 05:56:30.466, 6, 0, 79431
2026/09/15 05:56:30.466, 7, 0, 79431
2026/09/15 05:56:30.966, 4, 0, 79447
2026/09/15 05:56:30.966, 5, 0, 79431
2026/09/15 05:56:30.966, 6, 0, 79431
2026/09/15 05:56:30.966, 7, 0, 79431
2026/09/15 05:56:31.466, 4, 0, 79447
2026/09/15 05:56:31.466, 5, 0, 79431
2026/09/15 05:56:31.466, 6, 0, 79431
2026/09/15 05:56:31.466, 7, 0, 79431
2026/09/15 05:56:31.967, 4, 0, 79447
2026/09/15 05:56:31.967, 5, 0, 79431
2026/09/15 05:56:31.967, 6, 0, 79431
2026/09/15 05:56:31.967, 7, 0, 79431
2026/09/15 05:56:32.467, 4, 0, 79447
2026/09/15 05:56:32.467, 5, 0, 79431
2026/09/15 05:56:32.467, 6, 0, 79431
2026/09/15 05:56:32.467, 7, 0, 79431
2026/09/15 05:56:32.967, 4, 0, 79447
2026/09/15 05:56:32.967, 5, 0, 79431
2026/09/15 05:56:32.967, 6, 0, 79431
2026/09/15 05:56:32.967, 7, 0, 79431
2026/09/15 05:56:33.467, 4, 0, 79447
2026/09/15 05:56:33.467, 5, 0, 79431
2026/09/15 05:56:33.467, 6, 0, 79431
2026/09/15 05:56:33.467, 7, 0, 79431
2026/09/15 05:56:33.968, 4, 90, 79447
2026/09/15 05:56:33.968, 5, 99, 79431
2026/09/15 05:56:33.968, 6, 99, 79431
2026/09/15 05:56:33.968, 7, 64, 79431
2026/09/15 05:56:34.468, 4, 100, 79447
2026/09/15 05:56:34.468, 5, 100, 79431
2026/09/15 05:56:34.468, 6, 99, 79431
2026/09/15 05:56:34.468, 7, 99, 79431
2026/09/15 05:56:34.968, 4, 100, 79447
2026/09/15 05:56:34.968, 5, 100, 79431
2026/09/15 05:56:34.968, 6, 100, 79431
2026/09/15 05:56:34.968, 7, 100, 79431
2026/09/15 05:56:35.468, 4, 49, 79447
2026/09/15 05:56:35.469, 5, 77, 79431
2026/09/15 05:56:35.469, 6, 100, 79431
2026/09/15 05:56:35.470, 7, 100, 79431
2026/09/15 05:56:35.970, 4, 0, 79447
2026/09/15 05:56:35.970, 5, 0, 79431
2026/09/15 05:56:35.970, 6, 0, 79431
2026/09/15 05:56:35.970, 7, 0, 79431
2026/09/15 05:56:36.470, 4, 99, 79447
2026/09/15 05:56:36.470, 5, 100, 79431
2026/09/15 05:56:36.470, 6, 0, 79431
2026/09/15 05:56:36.470, 7, 3, 79431
2026/09/15 05:56:36.970, 4, 99, 79447
2026/09/15 05:56:36.971, 5, 100, 79431
2026/09/15 05:56:36.971, 6, 99, 79431
2026/09/15 05:56:36.971, 7, 99, 79431
2026/09/15 05:56:37.471, 4, 99, 79447
2026/09/15 05:56:37.471, 5, 100, 79431
2026/09/15 05:56:37.471, 6, 100, 79431
2026/09/15 05:56:37.471, 7, 99, 79431
2026/09/15 05:56:37.971, 4, 99, 79447
2026/09/15 05:56:37.971, 5, 100, 79431
2026/09/15 05:56:37.971, 6, 100, 79431
2026/09/15 05:56:37.971, 7, 100, 79431
2026/09/15 05:56:38.471, 4, 99, 79447
2026/09/15 05:56:38.471, 5, 99, 79431
2026/09/15 05:56:38.471, 6, 99, 79431
2026/09/15 05:56:38.471, 7, 99, 79431
2026/09/15 05:56:38.971, 4, 100, 79447
2026/09/15 05:56:38.971, 5, 100, 79431
2026/09/15 05:56:38.972, 6, 100, 79431
2026/09/15 05:56:38.972, 7, 100, 79431
2026/09/15 05:56:39.472, 4, 100, 79447
2026/09/15 05:56:39.472, 5, 100, 79431
2026/09/15 05:56:39.472, 6, 100, 79431
2026/09/15 05:56:39.472, 7, 100, 79431
2026/09/15 05:56:39.972, 4, 100, 79447
2026/09/15 05:56:39.972, 5, 99, 79431
2026/09/15 05:56:39.972, 6, 99, 79431
2026/09/15 05:56:39.972, 7, 99, 79431
2026/09/15 05:56:40.472, 4, 99, 79447
2026/09/15 05:56:40.472, 5, 99, 79431
2026/09/15 05:56:40.472, 6, 99, 79431
2026/09/15 05:56:40.472, 7, 99, 79431
2026/09/15 05:56:40.972, 4, 99, 79447
2026/09/15 05:56:40.972, 5, 100, 79431
2026/09/15 05:56:40.972, 6, 99, 79431
2026/09/15 05:56:40.972, 7, 100, 79431
2026/09/15 05:56:41.473, 4, 100, 79447
2026/09/15 05:56:41.473, 5, 100, 79431
2026/09/15 05:56:41.473, 6, 100, 79431
2026/09/15 05:56:41.473, 7, 100, 79431
2026/09/15 05:56:41.973, 4, 99, 79447
2026/09/15 05:56:41.973, 5, 99, 79431
2026/09/15 05:56:41.973, 6, 99, 79431
2026/09/15 05:56:41.973, 7, 99, 79431
2026/09/15 05:56:42.473, 4, 100, 79447
2026/09/15 05:56:42.473, 5, 99, 79431
2026/09/15 05:56:42.473, 6, 100, 79431
2026/09/15 05:56:42.473, 7, 100, 79431
2026/09/15 05:56:42.973, 4, 100, 79447
2026/09/15 05:56:42.973, 5, 100, 79431
2026/09/15 05:56:42.973, 6, 100, 79431
2026/09/15 05:56:42.973, 7, 100, 79431
2026/09/15 05:56:43.473, 4, 86, 79447
2026/09/15 05:56:43.474, 5, 64, 79431
2026/09/15 05:56:43.474, 6, 37, 79431
2026/09/15 05:56:43.474, 7, 57, 79431
2026/09/15 05:56:43.974, 4, 99, 79447
2026/09/15 05:56:43.974, 5, 100, 79431
2026/09/15 05:56:43.974, 6, 99, 79431
2026/09/15 05:56:43.974, 7, 99, 79431
2026/09/15 05:56:44.474, 4, 100, 79447
2026/09/15 05:56:44.474, 5, 100, 79431
2026/09/15 05:56:44.474, 6, 100, 79431
2026/09/15 05:56:44.474, 7, 100, 79431
2026/09/15 05:56:44.974, 4, 100, 79447
2026/09/15 05:56:44.974, 5, 100, 79431
2026/09/15 05:56:44.974, 6, 100, 79431
2026/09/15 05:56:44.974, 7, 100, 79431
2026/09/15 05:56:45.474, 4, 99, 79447
2026/09/15 05:56:45.475, 5, 99, 79431
2026/09/15 05:56:45.475, 6, 99, 79431
2026/09/15 05:56:45.476, 7, 99, 79431
2026/09/15 05:56:45.977, 4, 99, 79447
2026/09/15 05:56:45.977, 5, 100, 79431
2026/09/15 05:56:45.977, 6, 100, 79431
2026/09/15 05:56:45.977, 7, 100, 79431
2026/09/15 05:56:46.477, 4, 99, 79447
2026/09/15 05:56:46.477, 5, 100, 79431
2026/09/15 05:56:46.477, 6, 100, 79431
2026/09/15 05:56:46.477, 7, 100, 79431
2026/09/15 05:56:46.977, 4, 99, 79447
2026/09/15 05:56:46.977, 5, 100, 79431
2026/09/15 05:56:46.977, 6, 99, 79431
2026/09/15 05:56:46.977, 7, 99, 79431
2026/09/15 05:56:47.477, 4, 100, 79447
2026/09/15 05:56:47.478, 5, 100, 79431
2026/09/15 05:56:47.478, 6, 99, 79431
2026/09/15 05:56:47.478, 7, 100, 79431
2026/09/15 05:56:47.978, 4, 100, 79447
2026/09/15 05:56:47.978, 5, 100, 79431
2026/09/15 05:56:47.978, 6, 100, 79431
2026/09/15 05:56:47.978, 7, 100, 79431
2026/09/15 05:56:48.478, 4, 54, 79447
2026/09/15 05:56:48.478, 5, 71, 79431
2026/09/15 05:56:48.478, 6, 100, 79431
2026/09/15 05:56:48.478, 7, 84, 79431
2026/09/15 05:56:48.978, 4, 0, 79447
2026/09/15 05:56:48.978, 5, 0, 79431
2026/09/15 05:56:48.978, 6, 0, 79431
2026/09/15 05:56:48.978, 7, 0, 79431
2026/09/15 05:56:49.478, 4, 0, 79447
2026/09/15 05:56:49.478, 5, 0, 79431
2026/09/15 05:56:49.479, 6, 0, 79431
2026/09/15 05:56:49.479, 7, 0, 79431
2026/09/15 05:56:49.979, 4, 0, 79447
2026/09/15 05:56:49.979, 5, 0, 79431
2026/09/15 05:56:49.979, 6, 0, 79431
2026/09/15 05:56:49.979, 7, 0, 79431
2026/09/15 05:56:50.479, 4, 0, 79447
2026/09/15 05:56:50.479, 5, 0, 79431
2026/09/15 05:56:50.479, 6, 0, 79431
2026/09/15 05:56:50.479, 7, 0, 79431
2026/09/15 05:56:50.979, 4, 0, 79447
2026/09/15 05:56:50.979, 5, 0, 79431
2026/09/15 05:56:50.979, 6, 0, 79431
2026/09/15 05:56:50.979, 7, 0, 79431
2026/09/15 05:56:51.479, 4, 0, 79447
2026/09/15 05:56:51.479, 5, 0, 79431
2026/09/15 05:56:51.479, 6, 0, 79431
2026/09/15 05:56:51.480, 7, 0, 79431
2026/09/15 05:56:51.980, 4, 0, 79447
2026/09/15 05:56:51.980, 5, 0, 79431
2026/09/15 05:56:51.980, 6, 0, 79431
2026/09/15 05:56:51.980, 7, 0, 79431
2026/09/15 05:56:52.480, 4, 0, 79447
2026/09/15 05:56:52.480, 5, 0, 79431
2026/09/15 05:56:52.480, 6, 0, 79431
2026/09/15 05:56:52.480, 7, 0, 79431
2026/09/15 05:56:52.980, 4, 0, 79447
2026/09/15 05:56:52.980, 5, 0, 79431
2026/09/15 05:56:52.980, 6, 0, 79431
2026/09/15 05:56:52.980, 7, 0, 79431
2026/09/15 05:56:53.480, 4, 53, 79447
2026/09/15 05:56:53.480, 5, 36, 79431
2026/09/15 05:56:53.480, 6, 12, 79431
2026/09/15 05:56:53.480, 7, 23, 79431
2026/09/15 05:56:53.981, 4, 99, 79447
2026/09/15 05:56:53.981, 5, 99, 79431
2026/09/15 05:56:53.981, 6, 99, 79431
2026/09/15 05:56:53.981, 7, 99, 79431
2026/09/15 05:56:54.481, 4, 99, 79447
2026/09/15 05:56:54.481, 5, 100, 79431
2026/09/15 05:56:54.481, 6, 100, 79431
2026/09/15 05:56:54.481, 7, 100, 79431
2026/09/15 05:56:54.981, 4, 100, 79447
2026/09/15 05:56:54.981, 5, 93, 79431
2026/09/15 05:56:54.981, 6, 100, 79431
2026/09/15 05:56:54.981, 7, 100, 79431
2026/09/15 05:56:55.481, 4, 0, 79447
2026/09/15 05:56:55.481, 5, 0, 79431
2026/09/15 05:56:55.481, 6, 0, 79431
2026/09/15 05:56:55.481, 7, 7, 79431
2026/09/15 05:56:55.982, 4, 1, 79447
2026/09/15 05:56:55.982, 5, 0, 79431
2026/09/15 05:56:55.982, 6, 54, 79431
2026/09/15 05:56:55.982, 7, 0, 79431
2026/09/15 05:56:56.482, 4, 99, 79447
2026/09/15 05:56:56.482, 5, 99, 79431
2026/09/15 05:56:56.482, 6, 99, 79431
2026/09/15 05:56:56.482, 7, 99, 79431
2026/09/15 05:56:56.982, 4, 99, 79447
2026/09/15 05:56:56.982, 5, 100, 79431
2026/09/15 05:56:56.982, 6, 100, 79431
2026/09/15 05:56:56.982, 7, 99, 79431
2026/09/15 05:56:57.482, 4, 100, 79447
2026/09/15 05:56:57.482, 5, 100, 79431
2026/09/15 05:56:57.482, 6, 100, 79431
2026/09/15 05:56:57.482, 7, 100, 79431
2026/09/15 05:56:57.983, 4, 99, 79447
2026/09/15 05:56:57.983, 5, 99, 79431
2026/09/15 05:56:57.983, 6, 99, 79431
2026/09/15 05:56:57.983, 7, 99, 79431
2026/09/15 05:56:58.483, 4, 99, 79447
2026/09/15 05:56:58.483, 5, 99, 79431
2026/09/15 05:56:58.483, 6, 99, 79431
2026/09/15 05:56:58.483, 7, 99, 79431
2026/09/15 05:56:58.983, 4, 99, 79447
2026/09/15 05:56:58.983, 5, 100, 79431
2026/09/15 05:56:58.983, 6, 100, 79431
2026/09/15 05:56:58.983, 7, 100, 79431
2026/09/15 05:56:59.483, 4, 99, 79447
2026/09/15 05:56:59.483, 5, 100, 79431
2026/09/15 05:56:59.483, 6, 100, 79431
2026/09/15 05:56:59.483, 7, 100, 79431
2026/09/15 05:56:59.983, 4, 99, 79447
2026/09/15 05:56:59.984, 5, 99, 79431
2026/09/15 05:56:59.984, 6, 99, 79431
2026/09/15 05:56:59.984, 7, 99, 79431
2026/09/15 05:57:00.484, 4, 100, 79447
2026/09/15 05:57:00.484, 5, 100, 79431
2026/09/15 05:57:00.484, 6, 100, 79431
2026/09/15 05:57:00.484, 7, 100, 79431
2026/09/15 05:57:00.984, 4, 100, 79447
2026/09/15 05:57:00.984, 5, 100, 79431
2026/09/15 05:57:00.984, 6, 100, 79431
2026/09/15 05:57:00.984, 7, 100, 79431
2026/09/15 05:57:01.484, 4, 99, 79447
2026/09/15 05:57:01.484, 5, 99, 79431
2026/09/15 05:57:01.484, 6, 99, 79431
2026/09/15 05:57:01.484, 7, 99, 79431
2026/09/15 05:57:01.984, 4, 99, 79447
2026/09/15 05:57:01.985, 5, 100, 79431
2026/09/15 05:57:01.985, 6, 100, 79431
2026/09/15 05:57:01.985, 7, 100, 79431
2026/09/15 05:57:02.485, 4, 100, 79447
2026/09/15 05:57:02.485, 5, 100, 79431
2026/09/15 05:57:02.485, 6, 100, 79431
2026/09/15 05:57:02.485, 7, 100, 79431
2026/09/15 05:57:02.985, 4, 99, 79447
2026/09/15 05:57:02.985, 5, 99, 79431
2026/09/15 05:57:02.985, 6, 99, 79431
2026/09/15 05:57:02.985, 7, 99, 79431
2026/09/15 05:57:03.485, 4, 99, 79447
2026/09/15 05:57:03.485, 5, 99, 79431
2026/09/15 05:57:03.485, 6, 99, 79431
2026/09/15 05:57:03.485, 7, 99, 79431
2026/09/15 05:57:03.985, 4, 100, 79447
2026/09/15 05:57:03.986, 5, 100, 79431
2026/09/15 05:57:03.986, 6, 100, 79431
2026/09/15 05:57:03.986, 7, 99, 79431
2026/09/15 05:57:04.486, 4, 100, 79447
2026/09/15 05:57:04.486, 5, 100, 79431
2026/09/15 05:57:04.486, 6, 100, 79431
2026/09/15 05:57:04.486, 7, 100, 79431
2026/09/15 05:57:04.986, 4, 99, 79447
2026/09/15 05:57:04.986, 5, 99, 79431
2026/09/15 05:57:04.986, 6, 99, 79431
2026/09/15 05:57:04.986, 7, 99, 79431
2026/09/15 05:57:05.486, 4, 99, 79447
2026/09/15 05:57:05.486, 5, 100, 79431
2026/09/15 05:57:05.486, 6, 100, 79431
2026/09/15 05:57:05.486, 7, 100, 79431
2026/09/15 05:57:05.987, 4, 100, 79447
2026/09/15 05:57:05.987, 5, 100, 79431
2026/09/15 05:57:05.987, 6, 100, 79431
2026/09/15 05:57:05.987, 7, 100, 79431
2026/09/15 05:57:06.487, 4, 99, 79447
2026/09/15 05:57:06.487, 5, 99, 79431
2026/09/15 05:57:06.487, 6, 99, 79431
2026/09/15 05:57:06.487, 7, 99, 79431
2026/09/15 05:57:06.987, 4, 99, 79447
2026/09/15 05:57:06.987, 5, 100, 79431
2026/09/15 05:57:06.987, 6, 100, 79431
2026/09/15 05:57:06.987, 7, 100, 79431
2026/09/15 05:57:07.487, 4, 100, 79447
2026/09/15 05:57:07.487, 5, 100, 79431
2026/09/15 05:57:07.487, 6, 100, 79431
2026/09/15 05:57:07.487, 7, 100, 79431
2026/09/15 05:57:07.987, 4, 100, 79447
2026/09/15 05:57:07.988, 5, 38, 79431
2026/09/15 05:57:07.988, 6, 66, 79431
2026/09/15 05:57:07.988, 7, 46, 79431
2026/09/15 05:57:08.488, 4, 0, 79447
2026/09/15 05:57:08.488, 5, 0, 79431
2026/09/15 05:57:08.488, 6, 0, 79431
2026/09/15 05:57:08.488, 7, 0, 79431
2026/09/15 05:57:08.988, 4, 0, 79447
2026/09/15 05:57:08.989, 5, 0, 79431
2026/09/15 05:57:08.989, 6, 0, 79431
2026/09/15 05:57:08.989, 7, 0, 79431
2026/09/15 05:57:09.489, 4, 0, 79447
2026/09/15 05:57:09.489, 5, 0, 79431
2026/09/15 05:57:09.489, 6, 0, 79431
2026/09/15 05:57:09.489, 7, 0, 79431
2026/09/15 05:57:09.989, 4, 0, 79447
2026/09/15 05:57:09.990, 5, 0, 79431
2026/09/15 05:57:09.991, 6, 0, 79431
2026/09/15 05:57:09.991, 7, 0, 79431
2026/09/15 05:57:10.491, 4, 0, 79447
2026/09/15 05:57:10.492, 5, 0, 79431
2026/09/15 05:57:10.492, 6, 0, 79431
2026/09/15 05:57:10.492, 7, 0, 79431
2026/09/15 05:57:10.992, 4, 0, 79447
2026/09/15 05:57:10.992, 5, 0, 79431
2026/09/15 05:57:10.992, 6, 0, 79431
2026/09/15 05:57:10.992, 7, 0, 79431
2026/09/15 05:57:11.492, 4, 0, 79447
2026/09/15 05:57:11.492, 5, 0, 79431
2026/09/15 05:57:11.492, 6, 0, 79431
2026/09/15 05:57:11.492, 7, 0, 79431
2026/09/15 05:57:11.992, 4, 0, 79447
2026/09/15 05:57:11.992, 5, 0, 79431
2026/09/15 05:57:11.992, 6, 0, 79431
2026/09/15 05:57:11.992, 7, 0, 79431
2026/09/15 05:57:12.492, 4, 0, 79447
2026/09/15 05:57:12.493, 5, 0, 79431
2026/09/15 05:57:12.493, 6, 0, 79431
2026/09/15 05:57:12.493, 7, 0, 79431
2026/09/15 05:57:12.993, 4, 84, 79447
2026/09/15 05:57:12.993, 5, 99, 79431
2026/09/15 05:57:12.993, 6, 99, 79431
2026/09/15 05:57:12.993, 7, 99, 79431
2026/09/15 05:57:13.493, 4, 99, 79447
2026/09/15 05:57:13.493, 5, 100, 79431
2026/09/15 05:57:13.493, 6, 99, 79431
2026/09/15 05:57:13.493, 7, 100, 79431
2026/09/15 05:57:13.993, 4, 99, 79447
2026/09/15 05:57:13.993, 5, 100, 79431
2026/09/15 05:57:13.993, 6, 100, 79431
2026/09/15 05:57:13.993, 7, 100, 79431
2026/09/15 05:57:14.493, 4, 58, 79447
2026/09/15 05:57:14.494, 5, 74, 79431
2026/09/15 05:57:14.494, 6, 99, 79431
2026/09/15 05:57:14.494, 7, 81, 79431
2026/09/15 05:57:14.994, 4, 0, 79447
2026/09/15 05:57:14.994, 5, 0, 79431
2026/09/15 05:57:14.994, 6, 0, 79431
2026/09/15 05:57:14.994, 7, 0, 79431
2026/09/15 05:57:15.494, 4, 99, 79447
2026/09/15 05:57:15.494, 5, 98, 79431
2026/09/15 05:57:15.494, 6, 75, 79431
2026/09/15 05:57:15.494, 7, 93, 79431
2026/09/15 05:57:15.994, 4, 99, 79447
2026/09/15 05:57:15.994, 5, 100, 79431
2026/09/15 05:57:15.994, 6, 100, 79431
2026/09/15 05:57:15.994, 7, 100, 79431
2026/09/15 05:57:16.494, 4, 100, 79447
2026/09/15 05:57:16.495, 5, 100, 79431
2026/09/15 05:57:16.495, 6, 100, 79431
2026/09/15 05:57:16.495, 7, 100, 79431
2026/09/15 05:57:16.995, 4, 100, 79447
2026/09/15 05:57:16.995, 5, 100, 79431
2026/09/15 05:57:16.995, 6, 100, 79431
2026/09/15 05:57:16.995, 7, 100, 79431
2026/09/15 05:57:17.495, 4, 99, 79447
2026/09/15 05:57:17.495, 5, 99, 79431
2026/09/15 05:57:17.495, 6, 99, 79431
2026/09/15 05:57:17.495, 7, 99, 79431
2026/09/15 05:57:17.995, 4, 99, 79447
2026/09/15 05:57:17.995, 5, 100, 79431
2026/09/15 05:57:17.995, 6, 99, 79431
2026/09/15 05:57:17.995, 7, 100, 79431
2026/09/15 05:57:18.496, 4, 99, 79447
2026/09/15 05:57:18.496, 5, 100, 79431
2026/09/15 05:57:18.496, 6, 100, 79431
2026/09/15 05:57:18.496, 7, 100, 79431
2026/09/15 05:57:18.996, 4, 99, 79447
2026/09/15 05:57:18.996, 5, 100, 79431
2026/09/15 05:57:18.996, 6, 99, 79431
2026/09/15 05:57:18.996, 7, 99, 79431
2026/09/15 05:57:19.496, 4, 100, 79447
2026/09/15 05:57:19.496, 5, 100, 79431
2026/09/15 05:57:19.496, 6, 99, 79431
2026/09/15 05:57:19.496, 7, 100, 79431
2026/09/15 05:57:19.996, 4, 100, 79447
2026/09/15 05:57:19.996, 5, 100, 79431
2026/09/15 05:57:19.996, 6, 100, 79431
2026/09/15 05:57:19.996, 7, 100, 79431
2026/09/15 05:57:20.497, 4, 99, 79447
2026/09/15 05:57:20.497, 5, 100, 79431
2026/09/15 05:57:20.497, 6, 100, 79431
2026/09/15 05:57:20.497, 7, 100, 79431
2026/09/15 05:57:20.997, 4, 99, 79447
2026/09/15 05:57:20.997, 5, 99, 79431
2026/09/15 05:57:20.997, 6, 99, 79431
2026/09/15 05:57:20.997, 7, 99, 79431
2026/09/15 05:57:21.497, 4, 99, 79447
2026/09/15 05:57:21.497, 5, 100, 79431
2026/09/15 05:57:21.497, 6, 100, 79431
2026/09/15 05:57:21.497, 7, 100, 79431
2026/09/15 05:57:21.997, 4, 100, 79447
2026/09/15 05:57:21.997, 5, 100, 79431
2026/09/15 05:57:21.997, 6, 100, 79431
2026/09/15 05:57:21.997, 7, 100, 79431
2026/09/15 05:57:22.497, 4, 99, 79447
2026/09/15 05:57:22.498, 5, 100, 79431
2026/09/15 05:57:22.498, 6, 99, 79431
2026/09/15 05:57:22.498, 7, 99, 79431
2026/09/15 05:57:22.998, 4, 100, 79447
2026/09/15 05:57:22.998, 5, 99, 79431
2026/09/15 05:57:22.998, 6, 100, 79431
2026/09/15 05:57:22.998, 7, 99, 79431
2026/09/15 05:57:23.498, 4, 100, 79447
2026/09/15 05:57:23.498, 5, 100, 79431
2026/09/15 05:57:23.498, 6, 100, 79431
2026/09/15 05:57:23.498, 7, 100, 79431
2026/09/15 05:57:23.999, 4, 99, 79447
2026/09/15 05:57:23.999, 5, 100, 79431
2026/09/15 05:57:23.999, 6, 100, 79431
2026/09/15 05:57:23.999, 7, 100, 79431
2026/09/15 05:57:24.499, 4, 100, 79447
2026/09/15 05:57:24.499, 5, 99, 79431
2026/09/15 05:57:24.499, 6, 99, 79431
2026/09/15 05:57:24.499, 7, 99, 79431
2026/09/15 05:57:24.999, 4, 99, 79447
2026/09/15 05:57:24.999, 5, 99, 79431
2026/09/15 05:57:24.999, 6, 100, 79431
2026/09/15 05:57:24.999, 7, 100, 79431
2026/09/15 05:57:25.499, 4, 100, 79447
2026/09/15 05:57:25.500, 5, 100, 79431
2026/09/15 05:57:25.500, 6, 100, 79431
2026/09/15 05:57:25.500, 7, 100, 79431
2026/09/15 05:57:26.000, 4, 99, 79447
2026/09/15 05:57:26.000, 5, 100, 79431
2026/09/15 05:57:26.000, 6, 99, 79431
2026/09/15 05:57:26.000, 7, 99, 79431
2026/09/15 05:57:26.500, 4, 100, 79447
2026/09/15 05:57:26.500, 5, 100, 79431
2026/09/15 05:57:26.500, 6, 100, 79431
2026/09/15 05:57:26.500, 7, 100, 79431
2026/09/15 05:57:27.000, 4, 100, 79447
2026/09/15 05:57:27.000, 5, 99, 79431
2026/09/15 05:57:27.000, 6, 100, 79431
2026/09/15 05:57:27.000, 7, 99, 79431
2026/09/15 05:57:27.500, 4, 2, 79447
2026/09/15 05:57:27.501, 5, 28, 79431
2026/09/15 05:57:27.501, 6, 52, 79431
2026/09/15 05:57:27.501, 7, 0, 79431
2026/09/15 05:57:28.001, 4, 0, 79447
2026/09/15 05:57:28.001, 5, 0, 79431
2026/09/15 05:57:28.001, 6, 0, 79431
2026/09/15 05:57:28.001, 7, 0, 79431
2026/09/15 05:57:28.501, 4, 0, 79447
2026/09/15 05:57:28.501, 5, 0, 79431
2026/09/15 05:57:28.501, 6, 0, 79431
2026/09/15 05:57:28.501, 7, 0, 79431
2026/09/15 05:57:29.001, 4, 0, 79447
2026/09/15 05:57:29.001, 5, 0, 79431
2026/09/15 05:57:29.001, 6, 0, 79431
2026/09/15 05:57:29.001, 7, 0, 79431
2026/09/15 05:57:29.501, 4, 0, 79447
2026/09/15 05:57:29.502, 5, 0, 79431
2026/09/15 05:57:29.502, 6, 0, 79431
2026/09/15 05:57:29.502, 7, 0, 79431
2026/09/15 05:57:30.002, 4, 0, 79447
2026/09/15 05:57:30.002, 5, 0, 79431
2026/09/15 05:57:30.002, 6, 0, 79431
2026/09/15 05:57:30.002, 7, 0, 79431
2026/09/15 05:57:30.502, 4, 0, 79447
2026/09/15 05:57:30.502, 5, 0, 79431
2026/09/15 05:57:30.502, 6, 0, 79431
2026/09/15 05:57:30.502, 7, 0, 79431
2026/09/15 05:57:31.002, 4, 0, 79447
2026/09/15 05:57:31.002, 5, 0, 79431
2026/09/15 05:57:31.002, 6, 0, 79431
2026/09/15 05:57:31.002, 7, 0, 79431
2026/09/15 05:57:31.502, 4, 0, 79447
2026/09/15 05:57:31.503, 5, 0, 79431
2026/09/15 05:57:31.503, 6, 0, 79431
2026/09/15 05:57:31.503, 7, 0, 79431
2026/09/15 05:57:32.003, 4, 0, 79447
2026/09/15 05:57:32.003, 5, 2, 79431
2026/09/15 05:57:32.003, 6, 0, 79431
2026/09/15 05:57:32.003, 7, 1, 79431
2026/09/15 05:57:32.503, 4, 99, 79447
2026/09/15 05:57:32.503, 5, 99, 79431
2026/09/15 05:57:32.503, 6, 99, 79431
2026/09/15 05:57:32.503, 7, 99, 79431
2026/09/15 05:57:33.003, 4, 99, 79447
2026/09/15 05:57:33.004, 5, 99, 79431
2026/09/15 05:57:33.004, 6, 100, 79431
2026/09/15 05:57:33.004, 7, 100, 79431
2026/09/15 05:57:33.504, 4, 99, 79447
2026/09/15 05:57:33.504, 5, 100, 79431
2026/09/15 05:57:33.504, 6, 100, 79431
2026/09/15 05:57:33.504, 7, 100, 79431
2026/09/15 05:57:34.004, 4, 15, 79447
2026/09/15 05:57:34.004, 5, 0, 79431
2026/09/15 05:57:34.004, 6, 0, 79431
2026/09/15 05:57:34.004, 7, 0, 79431
2026/09/15 05:57:34.504, 4, 0, 79447
2026/09/15 05:57:34.504, 5, 0, 79431
2026/09/15 05:57:34.504, 6, 0, 79431
2026/09/15 05:57:34.504, 7, 0, 79431
2026/09/15 05:57:35.004, 4, 99, 79447
2026/09/15 05:57:35.005, 5, 100, 79431
2026/09/15 05:57:35.005, 6, 99, 79431
2026/09/15 05:57:35.005, 7, 99, 79431
2026/09/15 05:57:35.505, 4, 100, 79447
2026/09/15 05:57:35.505, 5, 99, 79431
2026/09/15 05:57:35.505, 6, 100, 79431
2026/09/15 05:57:35.505, 7, 99, 79431
2026/09/15 05:57:36.005, 4, 100, 79447
2026/09/15 05:57:36.005, 5, 100, 79431
2026/09/15 05:57:36.005, 6, 100, 79431
2026/09/15 05:57:36.005, 7, 100, 79431
2026/09/15 05:57:36.505, 4, 99, 79447
2026/09/15 05:57:36.505, 5, 99, 79431
2026/09/15 05:57:36.505, 6, 99, 79431
2026/09/15 05:57:36.505, 7, 99, 79431
2026/09/15 05:57:37.005, 4, 99, 79447
2026/09/15 05:57:37.005, 5, 100, 79431
2026/09/15 05:57:37.006, 6, 100, 79431
2026/09/15 05:57:37.006, 7, 100, 79431
2026/09/15 05:57:37.506, 4, 99, 79447
2026/09/15 05:57:37.506, 5, 100, 79431
2026/09/15 05:57:37.506, 6, 100, 79431
2026/09/15 05:57:37.506, 7, 100, 79431
2026/09/15 05:57:38.006, 4, 99, 79447
2026/09/15 05:57:38.006, 5, 100, 79431
2026/09/15 05:57:38.006, 6, 100, 79431
2026/09/15 05:57:38.006, 7, 100, 79431
2026/09/15 05:57:38.506, 4, 99, 79447
2026/09/15 05:57:38.506, 5, 100, 79431
2026/09/15 05:57:38.506, 6, 99, 79431
2026/09/15 05:57:38.506, 7, 99, 79431
2026/09/15 05:57:39.006, 4, 100, 79447
2026/09/15 05:57:39.006, 5, 100, 79431
2026/09/15 05:57:39.006, 6, 100, 79431
2026/09/15 05:57:39.006, 7, 100, 79431
2026/09/15 05:57:39.507, 4, 100, 79447
2026/09/15 05:57:39.507, 5, 100, 79431
2026/09/15 05:57:39.507, 6, 100, 79431
2026/09/15 05:57:39.507, 7, 100, 79431
2026/09/15 05:57:40.007, 4, 99, 79447
2026/09/15 05:57:40.007, 5, 99, 79431
2026/09/15 05:57:40.007, 6, 99, 79431
2026/09/15 05:57:40.007, 7, 99, 79431
2026/09/15 05:57:40.507, 4, 99, 79447
2026/09/15 05:57:40.507, 5, 100, 79431
2026/09/15 05:57:40.507, 6, 99, 79431
2026/09/15 05:57:40.507, 7, 99, 79431
2026/09/15 05:57:41.008, 4, 99, 79447
2026/09/15 05:57:41.008, 5, 100, 79431
2026/09/15 05:57:41.008, 6, 100, 79431
2026/09/15 05:57:41.008, 7, 100, 79431
2026/09/15 05:57:41.508, 4, 99, 79447
2026/09/15 05:57:41.508, 5, 100, 79431
2026/09/15 05:57:41.508, 6, 100, 79431
2026/09/15 05:57:41.508, 7, 100, 79431
2026/09/15 05:57:42.008, 4, 99, 79447
2026/09/15 05:57:42.008, 5, 100, 79431
2026/09/15 05:57:42.008, 6, 99, 79431
2026/09/15 05:57:42.008, 7, 99, 79431
2026/09/15 05:57:42.508, 4, 100, 79447
2026/09/15 05:57:42.509, 5, 100, 79431
2026/09/15 05:57:42.511, 6, 100, 79431
2026/09/15 05:57:42.515, 7, 100, 79431
2026/09/15 05:57:43.015, 4, 100, 79447
2026/09/15 05:57:43.015, 5, 100, 79431
2026/09/15 05:57:43.015, 6, 100, 79431
2026/09/15 05:57:43.015, 7, 100, 79431
2026/09/15 05:57:43.516, 4, 99, 79447
2026/09/15 05:57:43.516, 5, 99, 79431
2026/09/15 05:57:43.516, 6, 99, 79431
2026/09/15 05:57:43.516, 7, 99, 79431
2026/09/15 05:57:44.016, 4, 99, 79447
2026/09/15 05:57:44.016, 5, 100, 79431
2026/09/15 05:57:44.016, 6, 100, 79431
2026/09/15 05:57:44.016, 7, 100, 79431
2026/09/15 05:57:44.516, 4, 100, 79447
2026/09/15 05:57:44.516, 5, 100, 79431
2026/09/15 05:57:44.516, 6, 100, 79431
2026/09/15 05:57:44.516, 7, 100, 79431
2026/09/15 05:57:45.016, 4, 99, 79447
2026/09/15 05:57:45.016, 5, 99, 79431
2026/09/15 05:57:45.016, 6, 99, 79431
2026/09/15 05:57:45.016, 7, 100, 79431
2026/09/15 05:57:45.516, 4, 100, 79447
2026/09/15 05:57:45.517, 5, 100, 79431
2026/09/15 05:57:45.517, 6, 99, 79431
2026/09/15 05:57:45.517, 7, 99, 79431
2026/09/15 05:57:46.017, 4, 100, 79447
2026/09/15 05:57:46.017, 5, 100, 79431
2026/09/15 05:57:46.017, 6, 100, 79431
2026/09/15 05:57:46.017, 7, 99, 79431
2026/09/15 05:57:46.517, 4, 55, 79447
2026/09/15 05:57:46.517, 5, 100, 79431
2026/09/15 05:57:46.517, 6, 100, 79431
2026/09/15 05:57:46.517, 7, 85, 79431
2026/09/15 05:57:47.017, 4, 0, 79447
2026/09/15 05:57:47.017, 5, 0, 79431
2026/09/15 05:57:47.017, 6, 0, 79431
2026/09/15 05:57:47.017, 7, 0, 79431
2026/09/15 05:57:47.517, 4, 0, 79447
2026/09/15 05:57:47.517, 5, 0, 79431
2026/09/15 05:57:47.517, 6, 0, 79431
2026/09/15 05:57:47.517, 7, 0, 79431
2026/09/15 05:57:48.018, 4, 0, 79447
2026/09/15 05:57:48.018, 5, 0, 79431
2026/09/15 05:57:48.018, 6, 0, 79431
2026/09/15 05:57:48.018, 7, 0, 79431
2026/09/15 05:57:48.518, 4, 0, 79447
2026/09/15 05:57:48.518, 5, 0, 79431
2026/09/15 05:57:48.518, 6, 0, 79431
2026/09/15 05:57:48.518, 7, 0, 79431
2026/09/15 05:57:49.018, 4, 0, 79447
2026/09/15 05:57:49.018, 5, 0, 79431
2026/09/15 05:57:49.018, 6, 0, 79431
2026/09/15 05:57:49.018, 7, 0, 79431
2026/09/15 05:57:49.518, 4, 0, 79447
2026/09/15 05:57:49.518, 5, 0, 79431
2026/09/15 05:57:49.518, 6, 0, 79431
2026/09/15 05:57:49.518, 7, 0, 79431
2026/09/15 05:57:50.018, 4, 0, 79447
2026/09/15 05:57:50.019, 5, 0, 79431
2026/09/15 05:57:50.019, 6, 0, 79431
2026/09/15 05:57:50.019, 7, 0, 79431
2026/09/15 05:57:50.519, 4, 0, 79447
2026/09/15 05:57:50.519, 5, 0, 79431
2026/09/15 05:57:50.519, 6, 0, 79431
2026/09/15 05:57:50.519, 7, 0, 79431
2026/09/15 05:57:51.019, 4, 0, 79447
2026/09/15 05:57:51.019, 5, 0, 79431
2026/09/15 05:57:51.019, 6, 0, 79431
2026/09/15 05:57:51.019, 7, 0, 79431
2026/09/15 05:57:51.519, 4, 61, 79447
2026/09/15 05:57:51.519, 5, 36, 79431
2026/09/15 05:57:51.519, 6, 11, 79431
2026/09/15 05:57:51.519, 7, 99, 79431
2026/09/15 05:57:52.019, 4, 99, 79447
2026/09/15 05:57:52.019, 5, 99, 79431
2026/09/15 05:57:52.019, 6, 99, 79431
2026/09/15 05:57:52.020, 7, 99, 79431
2026/09/15 05:57:52.520, 4, 99, 79447
2026/09/15 05:57:52.520, 5, 100, 79431
2026/09/15 05:57:52.520, 6, 100, 79431
2026/09/15 05:57:52.520, 7, 100, 79431
2026/09/15 05:57:53.020, 4, 99, 79447
2026/09/15 05:57:53.020, 5, 100, 79431
2026/09/15 05:57:53.020, 6, 100, 79431
2026/09/15 05:57:53.020, 7, 100, 79431
2026/09/15 05:57:53.520, 4, 0, 79447
2026/09/15 05:57:53.520, 5, 0, 79431
2026/09/15 05:57:53.520, 6, 0, 79431
2026/09/15 05:57:53.520, 7, 0, 79431
2026/09/15 05:57:54.020, 4, 0, 79447
2026/09/15 05:57:54.020, 5, 63, 79431
2026/09/15 05:57:54.020, 6, 38, 79431
2026/09/15 05:57:54.020, 7, 57, 79431
2026/09/15 05:57:54.521, 4, 99, 79447
2026/09/15 05:57:54.521, 5, 99, 79431
2026/09/15 05:57:54.521, 6, 99, 79431
2026/09/15 05:57:54.521, 7, 99, 79431
2026/09/15 05:57:55.021, 4, 100, 79447
2026/09/15 05:57:55.021, 5, 100, 79431
2026/09/15 05:57:55.021, 6, 100, 79431
2026/09/15 05:57:55.021, 7, 100, 79431
2026/09/15 05:57:55.521, 4, 100, 79447
2026/09/15 05:57:55.521, 5, 100, 79431
2026/09/15 05:57:55.521, 6, 100, 79431
2026/09/15 05:57:55.521, 7, 100, 79431
2026/09/15 05:57:56.021, 4, 99, 79447
2026/09/15 05:57:56.021, 5, 99, 79431
2026/09/15 05:57:56.021, 6, 99, 79431
2026/09/15 05:57:56.021, 7, 99, 79431
2026/09/15 05:57:56.521, 4, 99, 79447
2026/09/15 05:57:56.522, 5, 100, 79431
2026/09/15 05:57:56.522, 6, 100, 79431
2026/09/15 05:57:56.522, 7, 100, 79431
2026/09/15 05:57:57.022, 4, 99, 79447
2026/09/15 05:57:57.022, 5, 100, 79431
2026/09/15 05:57:57.022, 6, 100, 79431
2026/09/15 05:57:57.022, 7, 100, 79431
2026/09/15 05:57:57.522, 4, 99, 79447
2026/09/15 05:57:57.522, 5, 99, 79431
2026/09/15 05:57:57.522, 6, 100, 79431
2026/09/15 05:57:57.522, 7, 99, 79431
2026/09/15 05:57:58.022, 4, 99, 79447
2026/09/15 05:57:58.022, 5, 100, 79431
2026/09/15 05:57:58.022, 6, 99, 79431
2026/09/15 05:57:58.022, 7, 100, 79431
2026/09/15 05:57:58.522, 4, 100, 79447
2026/09/15 05:57:58.522, 5, 100, 79431
2026/09/15 05:57:58.522, 6, 100, 79431
2026/09/15 05:57:58.522, 7, 100, 79431
2026/09/15 05:57:59.023, 4, 100, 79447
2026/09/15 05:57:59.023, 5, 100, 79431
2026/09/15 05:57:59.023, 6, 100, 79431
2026/09/15 05:57:59.023, 7, 100, 79431
2026/09/15 05:57:59.523, 4, 99, 79447
2026/09/15 05:57:59.523, 5, 99, 79431
2026/09/15 05:57:59.523, 6, 99, 79431
2026/09/15 05:57:59.523, 7, 99, 79431
2026/09/15 05:58:00.023, 4, 99, 79447
2026/09/15 05:58:00.023, 5, 100, 79431
2026/09/15 05:58:00.023, 6, 100, 79431
2026/09/15 05:58:00.023, 7, 100, 79431
2026/09/15 05:58:00.523, 4, 100, 79447
2026/09/15 05:58:00.523, 5, 100, 79431
2026/09/15 05:58:00.523, 6, 100, 79431
2026/09/15 05:58:00.523, 7, 100, 79431
2026/09/15 05:58:01.024, 4, 99, 79447
2026/09/15 05:58:01.024, 5, 99, 79431
2026/09/15 05:58:01.024, 6, 99, 79431
2026/09/15 05:58:01.024, 7, 99, 79431
2026/09/15 05:58:01.524, 4, 100, 79447
2026/09/15 05:58:01.524, 5, 99, 79431
2026/09/15 05:58:01.524, 6, 99, 79431
2026/09/15 05:58:01.524, 7, 99, 79431
2026/09/15 05:58:02.024, 4, 100, 79447
2026/09/15 05:58:02.024, 5, 100, 79431
2026/09/15 05:58:02.024, 6, 100, 79431
2026/09/15 05:58:02.024, 7, 100, 79431
2026/09/15 05:58:02.524, 4, 100, 79447
2026/09/15 05:58:02.525, 5, 100, 79431
2026/09/15 05:58:02.525, 6, 100, 79431
2026/09/15 05:58:02.526, 7, 99, 79431
2026/09/15 05:58:03.026, 4, 99, 79447
2026/09/15 05:58:03.026, 5, 99, 79431
2026/09/15 05:58:03.026, 6, 99, 79431
2026/09/15 05:58:03.026, 7, 99, 79431
2026/09/15 05:58:03.526, 4, 99, 79447
2026/09/15 05:58:03.526, 5, 99, 79431
2026/09/15 05:58:03.527, 6, 100, 79431
2026/09/15 05:58:03.527, 7, 100, 79431
2026/09/15 05:58:04.027, 4, 100, 79447
2026/09/15 05:58:04.027, 5, 100, 79431
2026/09/15 05:58:04.027, 6, 100, 79431
2026/09/15 05:58:04.027, 7, 100, 79431
2026/09/15 05:58:04.527, 4, 99, 79447
2026/09/15 05:58:04.527, 5, 100, 79431
2026/09/15 05:58:04.527, 6, 99, 79431
2026/09/15 05:58:04.527, 7, 99, 79431
2026/09/15 05:58:05.027, 4, 100, 79447
2026/09/15 05:58:05.027, 5, 100, 79431
2026/09/15 05:58:05.027, 6, 100, 79431
2026/09/15 05:58:05.027, 7, 100, 79431
2026/09/15 05:58:05.527, 4, 100, 79447
2026/09/15 05:58:05.527, 5, 100, 79431
2026/09/15 05:58:05.527, 6, 100, 79431
2026/09/15 05:58:05.527, 7, 100, 79431
2026/09/15 05:58:06.028, 4, 37, 79447
2026/09/15 05:58:06.028, 5, 0, 79431
2026/09/15 05:58:06.028, 6, 0, 79431
2026/09/15 05:58:06.028, 7, 71, 79431
2026/09/15 05:58:06.528, 4, 0, 79447
2026/09/15 05:58:06.528, 5, 0, 79431
2026/09/15 05:58:06.528, 6, 0, 79431
2026/09/15 05:58:06.528, 7, 0, 79431
2026/09/15 05:58:07.028, 4, 0, 79447
2026/09/15 05:58:07.028, 5, 0, 79431
2026/09/15 05:58:07.028, 6, 0, 79431
2026/09/15 05:58:07.028, 7, 0, 79431
2026/09/15 05:58:07.528, 4, 0, 79447
2026/09/15 05:58:07.528, 5, 0, 79431
2026/09/15 05:58:07.528, 6, 0, 79431
2026/09/15 05:58:07.528, 7, 0, 79431
2026/09/15 05:58:08.029, 4, 0, 79447
2026/09/15 05:58:08.029, 5, 0, 79431
2026/09/15 05:58:08.029, 6, 0, 79431
2026/09/15 05:58:08.029, 7, 0, 79431
2026/09/15 05:58:08.529, 4, 0, 79447
2026/09/15 05:58:08.529, 5, 0, 79431
2026/09/15 05:58:08.529, 6, 0, 79431
2026/09/15 05:58:08.529, 7, 0, 79431
2026/09/15 05:58:09.029, 4, 0, 79447
2026/09/15 05:58:09.029, 5, 0, 79431
2026/09/15 05:58:09.029, 6, 0, 79431
2026/09/15 05:58:09.029, 7, 0, 79431
2026/09/15 05:58:09.529, 4, 0, 79447
2026/09/15 05:58:09.529, 5, 0, 79431
2026/09/15 05:58:09.529, 6, 0, 79431
2026/09/15 05:58:09.529, 7, 0, 79431
2026/09/15 05:58:10.030, 4, 0, 79447
2026/09/15 05:58:10.030, 5, 0, 79431
2026/09/15 05:58:10.030, 6, 0, 79431
2026/09/15 05:58:10.030, 7, 0, 79431
2026/09/15 05:58:10.530, 4, 0, 79447
2026/09/15 05:58:10.530, 5, 0, 79431
2026/09/15 05:58:10.530, 6, 0, 79431
2026/09/15 05:58:10.530, 7, 0, 79431
2026/09/15 05:58:11.030, 4, 99, 79447
2026/09/15 05:58:11.030, 5, 99, 79431
2026/09/15 05:58:11.030, 6, 99, 79431
2026/09/15 05:58:11.030, 7, 99, 79431
2026/09/15 05:58:11.530, 4, 99, 79447
2026/09/15 05:58:11.531, 5, 99, 79431
2026/09/15 05:58:11.531, 6, 100, 79431
2026/09/15 05:58:11.531, 7, 100, 79431
2026/09/15 05:58:12.031, 4, 99, 79447
2026/09/15 05:58:12.031, 5, 100, 79431
2026/09/15 05:58:12.031, 6, 100, 79431
2026/09/15 05:58:12.031, 7, 100, 79431
2026/09/15 05:58:12.531, 4, 0, 79447
2026/09/15 05:58:12.531, 5, 94, 79431
2026/09/15 05:58:12.531, 6, 16, 79431
2026/09/15 05:58:12.531, 7, 3, 79431
2026/09/15 05:58:13.031, 4, 0, 79447
2026/09/15 05:58:13.031, 5, 0, 79431
2026/09/15 05:58:13.031, 6, 0, 79431
2026/09/15 05:58:13.031, 7, 0, 79431
2026/09/15 05:58:13.532, 4, 99, 79447
2026/09/15 05:58:13.532, 5, 80, 79431
2026/09/15 05:58:13.532, 6, 99, 79431
2026/09/15 05:58:13.532, 7, 99, 79431
2026/09/15 05:58:14.032, 4, 100, 79447
2026/09/15 05:58:14.032, 5, 99, 79431
2026/09/15 05:58:14.032, 6, 99, 79431
2026/09/15 05:58:14.032, 7, 100, 79431
2026/09/15 05:58:14.532, 4, 100, 79447
2026/09/15 05:58:14.532, 5, 100, 79431
2026/09/15 05:58:14.532, 6, 100, 79431
2026/09/15 05:58:14.532, 7, 100, 79431
2026/09/15 05:58:15.032, 4, 100, 79447
2026/09/15 05:58:15.032, 5, 100, 79431
2026/09/15 05:58:15.032, 6, 100, 79431
2026/09/15 05:58:15.032, 7, 100, 79431
2026/09/15 05:58:15.532, 4, 99, 79447
2026/09/15 05:58:15.533, 5, 99, 79431
2026/09/15 05:58:15.533, 6, 99, 79431
2026/09/15 05:58:15.533, 7, 100, 79431
2026/09/15 05:58:16.033, 4, 99, 79447
2026/09/15 05:58:16.033, 5, 100, 79431
2026/09/15 05:58:16.033, 6, 100, 79431
2026/09/15 05:58:16.033, 7, 99, 79431
2026/09/15 05:58:16.533, 4, 100, 79447
2026/09/15 05:58:16.533, 5, 100, 79431
2026/09/15 05:58:16.533, 6, 100, 79431
2026/09/15 05:58:16.533, 7, 100, 79431
2026/09/15 05:58:17.033, 4, 99, 79447
2026/09/15 05:58:17.059, 5, 99, 79431
2026/09/15 05:58:17.060, 6, 99, 79431
2026/09/15 05:58:17.061, 7, 99, 79431
2026/09/15 05:58:17.561, 4, 100, 79447
2026/09/15 05:58:17.561, 5, 100, 79431
2026/09/15 05:58:17.561, 6, 100, 79431
2026/09/15 05:58:17.561, 7, 100, 79431
2026/09/15 05:58:18.061, 4, 100, 79447
2026/09/15 05:58:18.062, 5, 100, 79431
2026/09/15 05:58:18.062, 6, 100, 79431
2026/09/15 05:58:18.062, 7, 99, 79431
2026/09/15 05:58:18.562, 4, 100, 79447
2026/09/15 05:58:18.562, 5, 100, 79431
2026/09/15 05:58:18.562, 6, 99, 79431
2026/09/15 05:58:18.562, 7, 99, 79431
2026/09/15 05:58:19.062, 4, 99, 79447
2026/09/15 05:58:19.062, 5, 100, 79431
2026/09/15 05:58:19.062, 6, 99, 79431
2026/09/15 05:58:19.062, 7, 100, 79431
2026/09/15 05:58:19.562, 4, 99, 79447
2026/09/15 05:58:19.562, 5, 100, 79431
2026/09/15 05:58:19.562, 6, 100, 79431
2026/09/15 05:58:19.562, 7, 100, 79431
2026/09/15 05:58:20.062, 4, 100, 79447
2026/09/15 05:58:20.062, 5, 100, 79431
2026/09/15 05:58:20.062, 6, 100, 79431
2026/09/15 05:58:20.063, 7, 100, 79431
2026/09/15 05:58:20.563, 4, 99, 79447
2026/09/15 05:58:20.563, 5, 99, 79431
2026/09/15 05:58:20.563, 6, 99, 79431
2026/09/15 05:58:20.564, 7, 99, 79431
2026/09/15 05:58:21.064, 4, 100, 79447
2026/09/15 05:58:21.064, 5, 100, 79431
2026/09/15 05:58:21.064, 6, 100, 79431
2026/09/15 05:58:21.064, 7, 100, 79431
2026/09/15 05:58:21.564, 4, 100, 79447
2026/09/15 05:58:21.564, 5, 100, 79431
2026/09/15 05:58:21.564, 6, 100, 79431
2026/09/15 05:58:21.564, 7, 100, 79431
2026/09/15 05:58:22.064, 4, 99, 79447
2026/09/15 05:58:22.064, 5, 99, 79431
2026/09/15 05:58:22.064, 6, 99, 79431
2026/09/15 05:58:22.064, 7, 99, 79431
2026/09/15 05:58:22.564, 4, 99, 79447
2026/09/15 05:58:22.565, 5, 99, 79431
2026/09/15 05:58:22.565, 6, 100, 79431
2026/09/15 05:58:22.565, 7, 100, 79431
2026/09/15 05:58:23.065, 4, 99, 79447
2026/09/15 05:58:23.065, 5, 100, 79431
2026/09/15 05:58:23.065, 6, 100, 79431
2026/09/15 05:58:23.065, 7, 100, 79431
2026/09/15 05:58:23.565, 4, 100, 79447
2026/09/15 05:58:23.565, 5, 100, 79431
2026/09/15 05:58:23.565, 6, 99, 79431
2026/09/15 05:58:23.565, 7, 99, 79431
2026/09/15 05:58:24.065, 4, 99, 79447
2026/09/15 05:58:24.065, 5, 99, 79431
2026/09/15 05:58:24.065, 6, 99, 79431
2026/09/15 05:58:24.065, 7, 99, 79431
2026/09/15 05:58:24.565, 4, 100, 79447
2026/09/15 05:58:24.566, 5, 100, 79431
2026/09/15 05:58:24.566, 6, 100, 79431
2026/09/15 05:58:24.566, 7, 99, 79431
2026/09/15 05:58:25.066, 4, 100, 79447
2026/09/15 05:58:25.066, 5, 100, 79431
2026/09/15 05:58:25.066, 6, 99, 79431
2026/09/15 05:58:25.066, 7, 100, 79431
2026/09/15 05:58:25.566, 4, 0, 79447
2026/09/15 05:58:25.566, 5, 0, 79431
2026/09/15 05:58:25.566, 6, 0, 79431
2026/09/15 05:58:25.566, 7, 0, 79431
2026/09/15 05:58:26.067, 4, 0, 79447
2026/09/15 05:58:26.067, 5, 0, 79431
2026/09/15 05:58:26.067, 6, 0, 79431
2026/09/15 05:58:26.067, 7, 0, 79431
2026/09/15 05:58:26.567, 4, 0, 79447
2026/09/15 05:58:26.567, 5, 0, 79431
2026/09/15 05:58:26.567, 6, 0, 79431
2026/09/15 05:58:26.567, 7, 0, 79431
2026/09/15 05:58:27.067, 4, 0, 79447
2026/09/15 05:58:27.067, 5, 0, 79431
2026/09/15 05:58:27.067, 6, 0, 79431
2026/09/15 05:58:27.067, 7, 0, 79431
2026/09/15 05:58:27.567, 4, 0, 79447
2026/09/15 05:58:27.567, 5, 0, 79431
2026/09/15 05:58:27.568, 6, 0, 79431
2026/09/15 05:58:27.568, 7, 0, 79431
2026/09/15 05:58:28.068, 4, 0, 79447
2026/09/15 05:58:28.068, 5, 0, 79431
2026/09/15 05:58:28.068, 6, 0, 79431
2026/09/15 05:58:28.068, 7, 0, 79431
2026/09/15 05:58:28.568, 4, 0, 79447
2026/09/15 05:58:28.568, 5, 0, 79431
2026/09/15 05:58:28.568, 6, 0, 79431
2026/09/15 05:58:28.568, 7, 0, 79431
2026/09/15 05:58:29.068, 4, 0, 79447
2026/09/15 05:58:29.068, 5, 0, 79431
2026/09/15 05:58:29.068, 6, 0, 79431
2026/09/15 05:58:29.068, 7, 0, 79431
2026/09/15 05:58:29.568, 4, 0, 79447
2026/09/15 05:58:29.568, 5, 0, 79431
2026/09/15 05:58:29.569, 6, 0, 79431
2026/09/15 05:58:29.569, 7, 0, 79431
2026/09/15 05:58:30.069, 4, 8, 79447
2026/09/15 05:58:30.069, 5, 84, 79431
2026/09/15 05:58:30.069, 6, 64, 79431
2026/09/15 05:58:30.069, 7, 0, 79431
2026/09/15 05:58:30.569, 4, 99, 79447
2026/09/15 05:58:30.569, 5, 99, 79431
2026/09/15 05:58:30.569, 6, 100, 79431
2026/09/15 05:58:30.569, 7, 99, 79431
2026/09/15 05:58:31.069, 4, 100, 79447
2026/09/15 05:58:31.070, 5, 100, 79431
2026/09/15 05:58:31.070, 6, 100, 79431
2026/09/15 05:58:31.070, 7, 100, 79431
2026/09/15 05:58:31.570, 4, 99, 79447
2026/09/15 05:58:31.570, 5, 100, 79431
2026/09/15 05:58:31.570, 6, 100, 79431
2026/09/15 05:58:31.570, 7, 100, 79431
2026/09/15 05:58:32.070, 4, 0, 79447
2026/09/15 05:58:32.070, 5, 0, 79431
2026/09/15 05:58:32.070, 6, 0, 79431
2026/09/15 05:58:32.070, 7, 0, 79431
2026/09/15 05:58:32.570, 4, 49, 79447
2026/09/15 05:58:32.570, 5, 0, 79431
2026/09/15 05:58:32.570, 6, 4, 79431
2026/09/15 05:58:32.570, 7, 26, 79431
2026/09/15 05:58:33.070, 4, 99, 79447
2026/09/15 05:58:33.071, 5, 99, 79431
2026/09/15 05:58:33.071, 6, 99, 79431
2026/09/15 05:58:33.071, 7, 99, 79431
2026/09/15 05:58:33.571, 4, 100, 79447
2026/09/15 05:58:33.571, 5, 100, 79431
2026/09/15 05:58:33.571, 6, 100, 79431
2026/09/15 05:58:33.571, 7, 100, 79431
2026/09/15 05:58:34.071, 4, 100, 79447
2026/09/15 05:58:34.071, 5, 100, 79431
2026/09/15 05:58:34.071, 6, 100, 79431
2026/09/15 05:58:34.071, 7, 100, 79431
2026/09/15 05:58:34.571, 4, 99, 79447
2026/09/15 05:58:34.571, 5, 99, 79431
2026/09/15 05:58:34.571, 6, 99, 79431
2026/09/15 05:58:34.571, 7, 99, 79431
2026/09/15 05:58:35.071, 4, 99, 79447
2026/09/15 05:58:35.071, 5, 99, 79431
2026/09/15 05:58:35.071, 6, 99, 79431
2026/09/15 05:58:35.072, 7, 100, 79431
2026/09/15 05:58:35.572, 4, 100, 79447
2026/09/15 05:58:35.572, 5, 100, 79431
2026/09/15 05:58:35.572, 6, 100, 79431
2026/09/15 05:58:35.572, 7, 100, 79431
2026/09/15 05:58:36.072, 4, 100, 79447
2026/09/15 05:58:36.072, 5, 100, 79431
2026/09/15 05:58:36.072, 6, 100, 79431
2026/09/15 05:58:36.072, 7, 100, 79431
2026/09/15 05:58:36.572, 4, 99, 79447
2026/09/15 05:58:36.572, 5, 100, 79431
2026/09/15 05:58:36.572, 6, 99, 79431
2026/09/15 05:58:36.572, 7, 99, 79431
2026/09/15 05:58:37.072, 4, 100, 79447
2026/09/15 05:58:37.072, 5, 100, 79431
2026/09/15 05:58:37.072, 6, 100, 79431
2026/09/15 05:58:37.072, 7, 100, 79431
2026/09/15 05:58:37.573, 4, 100, 79447
2026/09/15 05:58:37.573, 5, 100, 79431
2026/09/15 05:58:37.573, 6, 100, 79431
2026/09/15 05:58:37.573, 7, 100, 79431
2026/09/15 05:58:38.073, 4, 99, 79447
2026/09/15 05:58:38.073, 5, 99, 79431
2026/09/15 05:58:38.073, 6, 99, 79431
2026/09/15 05:58:38.073, 7, 99, 79431
2026/09/15 05:58:38.573, 4, 99, 79447
2026/09/15 05:58:38.573, 5, 100, 79431
2026/09/15 05:58:38.573, 6, 99, 79431
2026/09/15 05:58:38.573, 7, 100, 79431
2026/09/15 05:58:39.074, 4, 99, 79447
2026/09/15 05:58:39.074, 5, 100, 79431
2026/09/15 05:58:39.074, 6, 100, 79431
2026/09/15 05:58:39.074, 7, 100, 79431
2026/09/15 05:58:39.574, 4, 99, 79447
2026/09/15 05:58:39.574, 5, 100, 79431
2026/09/15 05:58:39.574, 6, 99, 79431
2026/09/15 05:58:39.574, 7, 99, 79431
2026/09/15 05:58:40.074, 4, 99, 79447
2026/09/15 05:58:40.074, 5, 100, 79431
2026/09/15 05:58:40.074, 6, 99, 79431
2026/09/15 05:58:40.074, 7, 100, 79431
2026/09/15 05:58:40.574, 4, 100, 79447
2026/09/15 05:58:40.575, 5, 100, 79431
2026/09/15 05:58:40.575, 6, 99, 79431
2026/09/15 05:58:40.575, 7, 100, 79431
2026/09/15 05:58:41.075, 4, 100, 79447
2026/09/15 05:58:41.075, 5, 100, 79431
2026/09/15 05:58:41.075, 6, 100, 79431
2026/09/15 05:58:41.075, 7, 100, 79431
2026/09/15 05:58:41.576, 4, 99, 79447
2026/09/15 05:58:41.576, 5, 99, 79431
2026/09/15 05:58:41.576, 6, 99, 79431
2026/09/15 05:58:41.576, 7, 99, 79431
2026/09/15 05:58:42.076, 4, 99, 79447
2026/09/15 05:58:42.076, 5, 100, 79431
2026/09/15 05:58:42.076, 6, 100, 79431
2026/09/15 05:58:42.076, 7, 100, 79431
2026/09/15 05:58:42.576, 4, 99, 79447
2026/09/15 05:58:42.576, 5, 100, 79431
2026/09/15 05:58:42.576, 6, 100, 79431
2026/09/15 05:58:42.576, 7, 100, 79431
2026/09/15 05:58:43.076, 4, 99, 79447
2026/09/15 05:58:43.076, 5, 99, 79431
2026/09/15 05:58:43.076, 6, 99, 79431
2026/09/15 05:58:43.076, 7, 99, 79431
2026/09/15 05:58:43.576, 4, 100, 79447
2026/09/15 05:58:43.577, 5, 99, 79431
2026/09/15 05:58:43.577, 6, 100, 79431
2026/09/15 05:58:43.577, 7, 100, 79431
2026/09/15 05:58:44.077, 4, 100, 79447
2026/09/15 05:58:44.077, 5, 100, 79431
2026/09/15 05:58:44.077, 6, 100, 79431
2026/09/15 05:58:44.077, 7, 100, 79431
2026/09/15 05:58:44.577, 4, 72, 79447
2026/09/15 05:58:44.577, 5, 0, 79431
2026/09/15 05:58:44.577, 6, 14, 79431
2026/09/15 05:58:44.577, 7, 0, 79431
2026/09/15 05:58:45.077, 4, 0, 79447
2026/09/15 05:58:45.077, 5, 0, 79431
2026/09/15 05:58:45.077, 6, 0, 79431
2026/09/15 05:58:45.077, 7, 0, 79431
2026/09/15 05:58:45.577, 4, 0, 79447
2026/09/15 05:58:45.578, 5, 0, 79431
2026/09/15 05:58:45.578, 6, 0, 79431
2026/09/15 05:58:45.578, 7, 0, 79431
2026/09/15 05:58:46.078, 4, 0, 79447
2026/09/15 05:58:46.078, 5, 0, 79431
2026/09/15 05:58:46.078, 6, 0, 79431
2026/09/15 05:58:46.078, 7, 0, 79431
2026/09/15 05:58:46.578, 4, 0, 79447
2026/09/15 05:58:46.578, 5, 0, 79431
2026/09/15 05:58:46.578, 6, 0, 79431
2026/09/15 05:58:46.578, 7, 0, 79431
2026/09/15 05:58:47.078, 4, 0, 79447
2026/09/15 05:58:47.078, 5, 0, 79431
2026/09/15 05:58:47.078, 6, 0, 79431
2026/09/15 05:58:47.078, 7, 0, 79431
2026/09/15 05:58:47.579, 4, 0, 79447
2026/09/15 05:58:47.579, 5, 0, 79431
2026/09/15 05:58:47.579, 6, 0, 79431
2026/09/15 05:58:47.579, 7, 0, 79431
2026/09/15 05:58:48.079, 4, 0, 79447
2026/09/15 05:58:48.079, 5, 0, 79431
2026/09/15 05:58:48.079, 6, 0, 79431
2026/09/15 05:58:48.079, 7, 0, 79431
2026/09/15 05:58:48.579, 4, 0, 79447
2026/09/15 05:58:48.579, 5, 0, 79431
2026/09/15 05:58:48.579, 6, 0, 79431
2026/09/15 05:58:48.579, 7, 0, 79431
2026/09/15 05:58:49.079, 4, 0, 79447
2026/09/15 05:58:49.079, 5, 0, 79431
2026/09/15 05:58:49.079, 6, 0, 79431
2026/09/15 05:58:49.079, 7, 0, 79431
2026/09/15 05:58:49.580, 4, 99, 79447
2026/09/15 05:58:49.583, 5, 99, 79431
2026/09/15 05:58:49.585, 6, 99, 79431
2026/09/15 05:58:49.586, 7, 99, 79431
2026/09/15 05:58:50.086, 4, 99, 79447
2026/09/15 05:58:50.087, 5, 100, 79431
2026/09/15 05:58:50.087, 6, 100, 79431
2026/09/15 05:58:50.087, 7, 99, 79431
2026/09/15 05:58:50.587, 4, 99, 79447
2026/09/15 05:58:50.587, 5, 100, 79431
2026/09/15 05:58:50.587, 6, 100, 79431
2026/09/15 05:58:50.587, 7, 100, 79431
2026/09/15 05:58:51.087, 4, 0, 79447
2026/09/15 05:58:51.087, 5, 17, 79431
2026/09/15 05:58:51.087, 6, 36, 79431
2026/09/15 05:58:51.087, 7, 100, 79431
2026/09/15 05:58:51.587, 4, 0, 79447
2026/09/15 05:58:51.587, 5, 0, 79431
2026/09/15 05:58:51.587, 6, 0, 79431
2026/09/15 05:58:51.587, 7, 0, 79431
2026/09/15 05:58:52.087, 4, 99, 79447
2026/09/15 05:58:52.088, 5, 99, 79431
2026/09/15 05:58:52.088, 6, 99, 79431
2026/09/15 05:58:52.088, 7, 63, 79431
2026/09/15 05:58:52.588, 4, 100, 79447
2026/09/15 05:58:52.588, 5, 99, 79431
2026/09/15 05:58:52.588, 6, 100, 79431
2026/09/15 05:58:52.588, 7, 100, 79431
2026/09/15 05:58:53.088, 4, 100, 79447
2026/09/15 05:58:53.089, 5, 100, 79431
2026/09/15 05:58:53.089, 6, 100, 79431
2026/09/15 05:58:53.089, 7, 99, 79431
2026/09/15 05:58:53.590, 4, 100, 79447
2026/09/15 05:58:53.590, 5, 99, 79431
2026/09/15 05:58:53.590, 6, 99, 79431
2026/09/15 05:58:53.590, 7, 100, 79431
2026/09/15 05:58:54.090, 4, 99, 79447
2026/09/15 05:58:54.090, 5, 99, 79431
2026/09/15 05:58:54.090, 6, 99, 79431
2026/09/15 05:58:54.090, 7, 99, 79431
2026/09/15 05:58:54.590, 4, 99, 79447
2026/09/15 05:58:54.590, 5, 99, 79431
2026/09/15 05:58:54.590, 6, 100, 79431
2026/09/15 05:58:54.590, 7, 100, 79431
2026/09/15 05:58:55.090, 4, 100, 79447
2026/09/15 05:58:55.090, 5, 100, 79431
2026/09/15 05:58:55.090, 6, 100, 79431
2026/09/15 05:58:55.090, 7, 100, 79431
2026/09/15 05:58:55.590, 4, 99, 79447
2026/09/15 05:58:55.591, 5, 99, 79431
2026/09/15 05:58:55.591, 6, 99, 79431
2026/09/15 05:58:55.591, 7, 100, 79431
2026/09/15 05:58:56.091, 4, 99, 79447
2026/09/15 05:58:56.091, 5, 99, 79431
2026/09/15 05:58:56.091, 6, 100, 79431
2026/09/15 05:58:56.091, 7, 100, 79431
2026/09/15 05:58:56.591, 4, 100, 79447
2026/09/15 05:58:56.591, 5, 100, 79431
2026/09/15 05:58:56.591, 6, 100, 79431
2026/09/15 05:58:56.591, 7, 100, 79431
2026/09/15 05:58:57.091, 4, 99, 79447
2026/09/15 05:58:57.091, 5, 100, 79431
2026/09/15 05:58:57.091, 6, 100, 79431
2026/09/15 05:58:57.091, 7, 100, 79431
2026/09/15 05:58:57.591, 4, 99, 79447
2026/09/15 05:58:57.591, 5, 99, 79431
2026/09/15 05:58:57.592, 6, 99, 79431
2026/09/15 05:58:57.592, 7, 99, 79431
2026/09/15 05:58:58.092, 4, 99, 79447
2026/09/15 05:58:58.092, 5, 99, 79431
2026/09/15 05:58:58.092, 6, 100, 79431
2026/09/15 05:58:58.092, 7, 100, 79431
2026/09/15 05:58:58.592, 4, 100, 79447
2026/09/15 05:58:58.592, 5, 100, 79431
2026/09/15 05:58:58.592, 6, 100, 79431
2026/09/15 05:58:58.592, 7, 100, 79431
2026/09/15 05:58:59.092, 4, 99, 79447
2026/09/15 05:58:59.092, 5, 99, 79431
2026/09/15 05:58:59.092, 6, 99, 79431
2026/09/15 05:58:59.092, 7, 99, 79431
2026/09/15 05:58:59.592, 4, 100, 79447
2026/09/15 05:58:59.592, 5, 100, 79431
2026/09/15 05:58:59.592, 6, 100, 79431
2026/09/15 05:58:59.592, 7, 100, 79431
2026/09/15 05:59:00.093, 4, 100, 79447
2026/09/15 05:59:00.093, 5, 100, 79431
2026/09/15 05:59:00.093, 6, 100, 79431
2026/09/15 05:59:00.093, 7, 99, 79431
2026/09/15 05:59:00.593, 4, 99, 79447
2026/09/15 05:59:00.593, 5, 99, 79431
2026/09/15 05:59:00.593, 6, 99, 79431
2026/09/15 05:59:00.593, 7, 99, 79431
2026/09/15 05:59:01.093, 4, 99, 79447
2026/09/15 05:59:01.093, 5, 100, 79431
2026/09/15 05:59:01.093, 6, 99, 79431
2026/09/15 05:59:01.093, 7, 99, 79431
2026/09/15 05:59:01.593, 4, 99, 79447
2026/09/15 05:59:01.593, 5, 100, 79431
2026/09/15 05:59:01.593, 6, 100, 79431
2026/09/15 05:59:01.593, 7, 100, 79431
2026/09/15 05:59:02.094, 4, 100, 79447
2026/09/15 05:59:02.094, 5, 100, 79431
2026/09/15 05:59:02.094, 6, 100, 79431
2026/09/15 05:59:02.094, 7, 100, 79431
2026/09/15 05:59:02.594, 4, 99, 79447
2026/09/15 05:59:02.594, 5, 99, 79431
2026/09/15 05:59:02.594, 6, 99, 79431
2026/09/15 05:59:02.594, 7, 99, 79431
2026/09/15 05:59:03.094, 4, 100, 79447
2026/09/15 05:59:03.094, 5, 100, 79431
2026/09/15 05:59:03.094, 6, 100, 79431
2026/09/15 05:59:03.094, 7, 100, 79431
2026/09/15 05:59:03.594, 4, 100, 79447
2026/09/15 05:59:03.595, 5, 100, 79431
2026/09/15 05:59:03.595, 6, 100, 79431
2026/09/15 05:59:03.595, 7, 100, 79431
2026/09/15 05:59:04.095, 4, 0, 79447
2026/09/15 05:59:04.095, 5, 0, 79431
2026/09/15 05:59:04.095, 6, 0, 79431
2026/09/15 05:59:04.095, 7, 0, 79431
2026/09/15 05:59:04.595, 4, 0, 79447
2026/09/15 05:59:04.595, 5, 0, 79431
2026/09/15 05:59:04.595, 6, 0, 79431
2026/09/15 05:59:04.595, 7, 0, 79431
2026/09/15 05:59:05.095, 4, 0, 79447
2026/09/15 05:59:05.095, 5, 0, 79431
2026/09/15 05:59:05.095, 6, 0, 79431
2026/09/15 05:59:05.095, 7, 0, 79431
2026/09/15 05:59:05.595, 4, 0, 79447
2026/09/15 05:59:05.596, 5, 0, 79431
2026/09/15 05:59:05.596, 6, 0, 79431
2026/09/15 05:59:05.596, 7, 0, 79431
2026/09/15 05:59:06.096, 4, 0, 79447
2026/09/15 05:59:06.096, 5, 0, 79431
2026/09/15 05:59:06.096, 6, 0, 79431
2026/09/15 05:59:06.096, 7, 0, 79431
2026/09/15 05:59:06.596, 4, 0, 79447
2026/09/15 05:59:06.596, 5, 0, 79431
2026/09/15 05:59:06.596, 6, 0, 79431
2026/09/15 05:59:06.596, 7, 0, 79431
2026/09/15 05:59:07.096, 4, 0, 79447
2026/09/15 05:59:07.096, 5, 0, 79431
2026/09/15 05:59:07.096, 6, 0, 79431
2026/09/15 05:59:07.096, 7, 0, 79431
2026/09/15 05:59:07.597, 4, 0, 79447
2026/09/15 05:59:07.597, 5, 0, 79431
2026/09/15 05:59:07.597, 6, 0, 79431
2026/09/15 05:59:07.597, 7, 0, 79431
2026/09/15 05:59:08.097, 4, 0, 79447
2026/09/15 05:59:08.097, 5, 0, 79431
2026/09/15 05:59:08.097, 6, 0, 79431
2026/09/15 05:59:08.097, 7, 0, 79431
2026/09/15 05:59:08.597, 4, 0, 79447
2026/09/15 05:59:08.597, 5, 71, 79431
2026/09/15 05:59:08.597, 6, 43, 79431
2026/09/15 05:59:08.597, 7, 61, 79431
2026/09/15 05:59:09.097, 4, 99, 79447
2026/09/15 05:59:09.097, 5, 99, 79431
2026/09/15 05:59:09.097, 6, 99, 79431
2026/09/15 05:59:09.098, 7, 99, 79431
2026/09/15 05:59:09.598, 4, 99, 79447
2026/09/15 05:59:09.598, 5, 100, 79431
2026/09/15 05:59:09.598, 6, 100, 79431
2026/09/15 05:59:09.598, 7, 100, 79431
2026/09/15 05:59:10.098, 4, 100, 79447
2026/09/15 05:59:10.098, 5, 99, 79431
2026/09/15 05:59:10.098, 6, 100, 79431
2026/09/15 05:59:10.098, 7, 100, 79431
2026/09/15 05:59:10.598, 4, 0, 79447
2026/09/15 05:59:10.598, 5, 0, 79431
2026/09/15 05:59:10.598, 6, 0, 79431
2026/09/15 05:59:10.598, 7, 0, 79431
2026/09/15 05:59:11.098, 4, 9, 79447
2026/09/15 05:59:11.099, 5, 0, 79431
2026/09/15 05:59:11.099, 6, 0, 79431
2026/09/15 05:59:11.099, 7, 0, 79431
2026/09/15 05:59:11.599, 4, 99, 79447
2026/09/15 05:59:11.599, 5, 99, 79431
2026/09/15 05:59:11.599, 6, 99, 79431
2026/09/15 05:59:11.599, 7, 99, 79431
2026/09/15 05:59:12.099, 4, 100, 79447
2026/09/15 05:59:12.099, 5, 100, 79431
2026/09/15 05:59:12.099, 6, 99, 79431
2026/09/15 05:59:12.099, 7, 100, 79431
2026/09/15 05:59:12.599, 4, 100, 79447
2026/09/15 05:59:12.600, 5, 100, 79431
2026/09/15 05:59:12.600, 6, 100, 79431
2026/09/15 05:59:12.600, 7, 100, 79431
2026/09/15 05:59:13.100, 4, 99, 79447
2026/09/15 05:59:13.100, 5, 99, 79431
2026/09/15 05:59:13.100, 6, 99, 79431
2026/09/15 05:59:13.100, 7, 100, 79431
2026/09/15 05:59:13.600, 4, 99, 79447
2026/09/15 05:59:13.600, 5, 100, 79431
2026/09/15 05:59:13.600, 6, 100, 79431
2026/09/15 05:59:13.600, 7, 100, 79431
2026/09/15 05:59:14.100, 4, 99, 79447
2026/09/15 05:59:14.101, 5, 99, 79431
2026/09/15 05:59:14.101, 6, 99, 79431
2026/09/15 05:59:14.101, 7, 100, 79431
2026/09/15 05:59:14.601, 4, 100, 79447
2026/09/15 05:59:14.601, 5, 99, 79431
2026/09/15 05:59:14.601, 6, 99, 79431
2026/09/15 05:59:14.601, 7, 100, 79431
2026/09/15 05:59:15.101, 4, 99, 79447
2026/09/15 05:59:15.101, 5, 100, 79431
2026/09/15 05:59:15.101, 6, 99, 79431
2026/09/15 05:59:15.101, 7, 99, 79431
2026/09/15 05:59:15.601, 4, 100, 79447
2026/09/15 05:59:15.602, 5, 100, 79431
2026/09/15 05:59:15.602, 6, 100, 79431
2026/09/15 05:59:15.602, 7, 99, 79431
2026/09/15 05:59:16.102, 4, 100, 79447
2026/09/15 05:59:16.102, 5, 100, 79431
2026/09/15 05:59:16.102, 6, 100, 79431
2026/09/15 05:59:16.102, 7, 100, 79431
2026/09/15 05:59:16.602, 4, 99, 79447
2026/09/15 05:59:16.602, 5, 99, 79431
2026/09/15 05:59:16.602, 6, 99, 79431
2026/09/15 05:59:16.602, 7, 99, 79431
2026/09/15 05:59:17.102, 4, 99, 79447
2026/09/15 05:59:17.102, 5, 100, 79431
2026/09/15 05:59:17.102, 6, 100, 79431
2026/09/15 05:59:17.102, 7, 99, 79431
2026/09/15 05:59:17.602, 4, 100, 79447
2026/09/15 05:59:17.602, 5, 100, 79431
2026/09/15 05:59:17.602, 6, 100, 79431
2026/09/15 05:59:17.602, 7, 99, 79431
2026/09/15 05:59:18.103, 4, 99, 79447
2026/09/15 05:59:18.103, 5, 100, 79431
2026/09/15 05:59:18.103, 6, 99, 79431
2026/09/15 05:59:18.103, 7, 100, 79431
2026/09/15 05:59:18.603, 4, 99, 79447
2026/09/15 05:59:18.603, 5, 99, 79431
2026/09/15 05:59:18.603, 6, 99, 79431
2026/09/15 05:59:18.603, 7, 99, 79431
2026/09/15 05:59:19.103, 4, 100, 79447
2026/09/15 05:59:19.103, 5, 100, 79431
2026/09/15 05:59:19.103, 6, 100, 79431
2026/09/15 05:59:19.103, 7, 100, 79431
2026/09/15 05:59:19.603, 4, 100, 79447
2026/09/15 05:59:19.603, 5, 100, 79431
2026/09/15 05:59:19.603, 6, 100, 79431
2026/09/15 05:59:19.603, 7, 100, 79431
2026/09/15 05:59:20.103, 4, 99, 79447
2026/09/15 05:59:20.104, 5, 99, 79431
2026/09/15 05:59:20.104, 6, 99, 79431
2026/09/15 05:59:20.104, 7, 99, 79431
2026/09/15 05:59:20.604, 4, 99, 79447
2026/09/15 05:59:20.604, 5, 99, 79431
2026/09/15 05:59:20.604, 6, 100, 79431
2026/09/15 05:59:20.604, 7, 100, 79431
2026/09/15 05:59:21.104, 4, 99, 79447
2026/09/15 05:59:21.104, 5, 100, 79431
2026/09/15 05:59:21.104, 6, 100, 79431
2026/09/15 05:59:21.104, 7, 100, 79431
2026/09/15 05:59:21.604, 4, 99, 79447
2026/09/15 05:59:21.605, 5, 99, 79431
2026/09/15 05:59:21.605, 6, 99, 79431
2026/09/15 05:59:21.605, 7, 99, 79431
2026/09/15 05:59:22.105, 4, 100, 79447
2026/09/15 05:59:22.105, 5, 99, 79431
2026/09/15 05:59:22.105, 6, 99, 79431
2026/09/15 05:59:22.105, 7, 99, 79431
2026/09/15 05:59:22.605, 4, 100, 79447
2026/09/15 05:59:22.605, 5, 99, 79431
2026/09/15 05:59:22.605, 6, 100, 79431
2026/09/15 05:59:22.605, 7, 100, 79431
2026/09/15 05:59:23.105, 4, 100, 79447
2026/09/15 05:59:23.127, 5, 100, 79431
2026/09/15 05:59:23.127, 6, 100, 79431
2026/09/15 05:59:23.127, 7, 25, 79431
2026/09/15 05:59:23.627, 4, 0, 79447
2026/09/15 05:59:23.627, 5, 0, 79431
2026/09/15 05:59:23.628, 6, 0, 79431
2026/09/15 05:59:23.628, 7, 0, 79431
2026/09/15 05:59:24.128, 4, 0, 79447
2026/09/15 05:59:24.128, 5, 0, 79431
2026/09/15 05:59:24.128, 6, 0, 79431
2026/09/15 05:59:24.128, 7, 0, 79431
2026/09/15 05:59:24.628, 4, 0, 79447
2026/09/15 05:59:24.628, 5, 0, 79431
2026/09/15 05:59:24.628, 6, 0, 79431
2026/09/15 05:59:24.628, 7, 0, 79431
2026/09/15 05:59:25.128, 4, 0, 79447
2026/09/15 05:59:25.128, 5, 0, 79431
2026/09/15 05:59:25.128, 6, 0, 79431
2026/09/15 05:59:25.128, 7, 0, 79431
2026/09/15 05:59:25.628, 4, 0, 79447
2026/09/15 05:59:25.628, 5, 0, 79431
2026/09/15 05:59:25.628, 6, 0, 79431
2026/09/15 05:59:25.628, 7, 0, 79431
2026/09/15 05:59:26.129, 4, 0, 79447
2026/09/15 05:59:26.129, 5, 0, 79431
2026/09/15 05:59:26.129, 6, 0, 79431
2026/09/15 05:59:26.129, 7, 0, 79431
2026/09/15 05:59:26.629, 4, 0, 79447
2026/09/15 05:59:26.629, 5, 0, 79431
2026/09/15 05:59:26.629, 6, 0, 79431
2026/09/15 05:59:26.629, 7, 0, 79431
2026/09/15 05:59:27.129, 4, 0, 79447
2026/09/15 05:59:27.129, 5, 0, 79431
2026/09/15 05:59:27.129, 6, 0, 79431
2026/09/15 05:59:27.129, 7, 0, 79431
2026/09/15 05:59:27.629, 4, 0, 79447
2026/09/15 05:59:27.629, 5, 0, 79431
2026/09/15 05:59:27.629, 6, 0, 79431
2026/09/15 05:59:27.629, 7, 0, 79431
2026/09/15 05:59:28.129, 4, 99, 79447
2026/09/15 05:59:28.130, 5, 99, 79431
2026/09/15 05:59:28.130, 6, 90, 79431
2026/09/15 05:59:28.130, 7, 99, 79431
2026/09/15 05:59:28.630, 4, 99, 79447
2026/09/15 05:59:28.630, 5, 99, 79431
2026/09/15 05:59:28.630, 6, 100, 79431
2026/09/15 05:59:28.630, 7, 100, 79431
2026/09/15 05:59:29.130, 4, 99, 79447
2026/09/15 05:59:29.130, 5, 100, 79431
2026/09/15 05:59:29.130, 6, 99, 79431
2026/09/15 05:59:29.130, 7, 100, 79431
2026/09/15 05:59:29.630, 4, 99, 79447
2026/09/15 05:59:29.630, 5, 30, 79431
2026/09/15 05:59:29.630, 6, 53, 79431
2026/09/15 05:59:29.630, 7, 34, 79431
2026/09/15 05:59:30.131, 4, 0, 79447
2026/09/15 05:59:30.131, 5, 0, 79431
2026/09/15 05:59:30.131, 6, 0, 79431
2026/09/15 05:59:30.131, 7, 0, 79431
2026/09/15 05:59:30.631, 4, 68, 79447
2026/09/15 05:59:30.631, 5, 99, 79431
2026/09/15 05:59:30.631, 6, 99, 79431
2026/09/15 05:59:30.631, 7, 99, 79431
2026/09/15 05:59:31.131, 4, 100, 79447
2026/09/15 05:59:31.131, 5, 100, 79431
2026/09/15 05:59:31.131, 6, 99, 79431
2026/09/15 05:59:31.131, 7, 99, 79431
2026/09/15 05:59:31.631, 4, 100, 79447
2026/09/15 05:59:31.632, 5, 100, 79431
2026/09/15 05:59:31.632, 6, 100, 79431
2026/09/15 05:59:31.632, 7, 99, 79431
2026/09/15 05:59:32.132, 4, 100, 79447
2026/09/15 05:59:32.132, 5, 100, 79431
2026/09/15 05:59:32.132, 6, 100, 79431
2026/09/15 05:59:32.132, 7, 100, 79431
2026/09/15 05:59:32.632, 4, 99, 79447
2026/09/15 05:59:32.632, 5, 99, 79431
2026/09/15 05:59:32.632, 6, 99, 79431
2026/09/15 05:59:32.632, 7, 99, 79431
2026/09/15 05:59:33.132, 4, 99, 79447
2026/09/15 05:59:33.133, 5, 100, 79431
2026/09/15 05:59:33.133, 6, 100, 79431
2026/09/15 05:59:33.133, 7, 100, 79431
2026/09/15 05:59:33.633, 4, 99, 79447
2026/09/15 05:59:33.633, 5, 100, 79431
2026/09/15 05:59:33.633, 6, 100, 79431
2026/09/15 05:59:33.633, 7, 100, 79431
2026/09/15 05:59:34.133, 4, 99, 79447
2026/09/15 05:59:34.133, 5, 99, 79431
2026/09/15 05:59:34.133, 6, 99, 79431
2026/09/15 05:59:34.133, 7, 99, 79431
2026/09/15 05:59:34.633, 4, 100, 79447
2026/09/15 05:59:34.634, 5, 100, 79431
2026/09/15 05:59:34.634, 6, 100, 79431
2026/09/15 05:59:34.634, 7, 100, 79431
2026/09/15 05:59:35.134, 4, 100, 79447
2026/09/15 05:59:35.134, 5, 100, 79431
2026/09/15 05:59:35.134, 6, 100, 79431
2026/09/15 05:59:35.134, 7, 100, 79431
2026/09/15 05:59:35.634, 4, 100, 79447
2026/09/15 05:59:35.634, 5, 99, 79431
2026/09/15 05:59:35.634, 6, 99, 79431
2026/09/15 05:59:35.635, 7, 100, 79431
2026/09/15 05:59:36.135, 4, 99, 79447
2026/09/15 05:59:36.135, 5, 99, 79431
2026/09/15 05:59:36.135, 6, 99, 79431
2026/09/15 05:59:36.135, 7, 99, 79431
2026/09/15 05:59:36.635, 4, 99, 79447
2026/09/15 05:59:36.635, 5, 100, 79431
2026/09/15 05:59:36.635, 6, 100, 79431
2026/09/15 05:59:36.635, 7, 100, 79431
2026/09/15 05:59:37.135, 4, 99, 79447
2026/09/15 05:59:37.135, 5, 100, 79431
2026/09/15 05:59:37.135, 6, 100, 79431
2026/09/15 05:59:37.135, 7, 100, 79431
2026/09/15 05:59:37.636, 4, 99, 79447
2026/09/15 05:59:37.636, 5, 99, 79431
2026/09/15 05:59:37.636, 6, 99, 79431
2026/09/15 05:59:37.636, 7, 99, 79431
2026/09/15 05:59:38.136, 4, 100, 79447
2026/09/15 05:59:38.136, 5, 99, 79431
2026/09/15 05:59:38.136, 6, 100, 79431
2026/09/15 05:59:38.136, 7, 100, 79431
2026/09/15 05:59:38.636, 4, 100, 79447
2026/09/15 05:59:38.636, 5, 100, 79431
2026/09/15 05:59:38.636, 6, 100, 79431
2026/09/15 05:59:38.636, 7, 100, 79431
2026/09/15 05:59:39.136, 4, 99, 79447
2026/09/15 05:59:39.137, 5, 99, 79431
2026/09/15 05:59:39.137, 6, 99, 79431
2026/09/15 05:59:39.137, 7, 100, 79431
2026/09/15 05:59:39.637, 4, 99, 79447
2026/09/15 05:59:39.637, 5, 100, 79431
2026/09/15 05:59:39.637, 6, 100, 79431
2026/09/15 05:59:39.637, 7, 99, 79431
2026/09/15 05:59:40.137, 4, 99, 79447
2026/09/15 05:59:40.137, 5, 99, 79431
2026/09/15 05:59:40.137, 6, 100, 79431
2026/09/15 05:59:40.137, 7, 100, 79431
2026/09/15 05:59:40.637, 4, 100, 79447
2026/09/15 05:59:40.638, 5, 99, 79431
2026/09/15 05:59:40.638, 6, 100, 79431
2026/09/15 05:59:40.638, 7, 100, 79431
2026/09/15 05:59:41.138, 4, 99, 79447
2026/09/15 05:59:41.138, 5, 100, 79431
2026/09/15 05:59:41.138, 6, 99, 79431
2026/09/15 05:59:41.138, 7, 99, 79431
2026/09/15 05:59:41.638, 4, 100, 79447
2026/09/15 05:59:41.638, 5, 100, 79431
2026/09/15 05:59:41.638, 6, 100, 79431
2026/09/15 05:59:41.638, 7, 100, 79431
2026/09/15 05:59:42.138, 4, 100, 79447
2026/09/15 05:59:42.138, 5, 100, 79431
2026/09/15 05:59:42.138, 6, 100, 79431
2026/09/15 05:59:42.138, 7, 100, 79431
2026/09/15 05:59:42.638, 4, 0, 79447
2026/09/15 05:59:42.639, 5, 0, 79431
2026/09/15 05:59:42.639, 6, 0, 79431
2026/09/15 05:59:42.639, 7, 0, 79431
2026/09/15 05:59:43.139, 4, 0, 79447
2026/09/15 05:59:43.139, 5, 0, 79431
2026/09/15 05:59:43.139, 6, 0, 79431
2026/09/15 05:59:43.139, 7, 0, 79431
2026/09/15 05:59:43.639, 4, 0, 79447
2026/09/15 05:59:43.639, 5, 0, 79431
2026/09/15 05:59:43.639, 6, 0, 79431
2026/09/15 05:59:43.639, 7, 0, 79431
2026/09/15 05:59:44.139, 4, 0, 79447
2026/09/15 05:59:44.139, 5, 0, 79431
2026/09/15 05:59:44.139, 6, 0, 79431
2026/09/15 05:59:44.139, 7, 0, 79431
2026/09/15 05:59:44.639, 4, 0, 79447
2026/09/15 05:59:44.639, 5, 0, 79431
2026/09/15 05:59:44.639, 6, 0, 79431
2026/09/15 05:59:44.639, 7, 0, 79431
2026/09/15 05:59:45.139, 4, 0, 79447
2026/09/15 05:59:45.140, 5, 0, 79431
2026/09/15 05:59:45.140, 6, 0, 79431
2026/09/15 05:59:45.140, 7, 0, 79431
2026/09/15 05:59:45.640, 4, 0, 79447
2026/09/15 05:59:45.640, 5, 0, 79431
2026/09/15 05:59:45.640, 6, 0, 79431
2026/09/15 05:59:45.640, 7, 0, 79431
2026/09/15 05:59:46.140, 4, 0, 79447
2026/09/15 05:59:46.140, 5, 0, 79431
2026/09/15 05:59:46.140, 6, 0, 79431
2026/09/15 05:59:46.140, 7, 0, 79431
2026/09/15 05:59:46.640, 4, 0, 79447
2026/09/15 05:59:46.640, 5, 0, 79431
2026/09/15 05:59:46.640, 6, 0, 79431
2026/09/15 05:59:46.640, 7, 0, 79431
2026/09/15 05:59:47.140, 4, 63, 79447
2026/09/15 05:59:47.140, 5, 0, 79431
2026/09/15 05:59:47.141, 6, 0, 79431
2026/09/15 05:59:47.141, 7, 47, 79431
2026/09/15 05:59:47.641, 4, 99, 79447
2026/09/15 05:59:47.641, 5, 99, 79431
2026/09/15 05:59:47.641, 6, 99, 79431
2026/09/15 05:59:47.641, 7, 99, 79431
2026/09/15 05:59:48.141, 4, 99, 79447
2026/09/15 05:59:48.141, 5, 100, 79431
2026/09/15 05:59:48.141, 6, 100, 79431
2026/09/15 05:59:48.141, 7, 100, 79431
2026/09/15 05:59:48.641, 4, 99, 79447
2026/09/15 05:59:48.641, 5, 100, 79431
2026/09/15 05:59:48.641, 6, 100, 79431
2026/09/15 05:59:48.641, 7, 100, 79431
2026/09/15 05:59:49.141, 4, 0, 79447
2026/09/15 05:59:49.141, 5, 0, 79431
2026/09/15 05:59:49.142, 6, 15, 79431
2026/09/15 05:59:49.142, 7, 0, 79431
2026/09/15 05:59:49.642, 4, 1, 79447
2026/09/15 05:59:49.642, 5, 0, 79431
2026/09/15 05:59:49.642, 6, 0, 79431
2026/09/15 05:59:49.642, 7, 0, 79431
2026/09/15 05:59:50.142, 4, 99, 79447
2026/09/15 05:59:50.142, 5, 99, 79431
2026/09/15 05:59:50.142, 6, 99, 79431
2026/09/15 05:59:50.142, 7, 99, 79431
2026/09/15 05:59:50.642, 4, 100, 79447
2026/09/15 05:59:50.642, 5, 100, 79431
2026/09/15 05:59:50.642, 6, 100, 79431
2026/09/15 05:59:50.643, 7, 100, 79431
2026/09/15 05:59:51.143, 4, 100, 79447
2026/09/15 05:59:51.143, 5, 99, 79431
2026/09/15 05:59:51.143, 6, 100, 79431
2026/09/15 05:59:51.143, 7, 100, 79431
2026/09/15 05:59:51.643, 4, 100, 79447
2026/09/15 05:59:51.643, 5, 99, 79431
2026/09/15 05:59:51.643, 6, 99, 79431
2026/09/15 05:59:51.643, 7, 99, 79431
2026/09/15 05:59:52.143, 4, 99, 79447
2026/09/15 05:59:52.143, 5, 100, 79431
2026/09/15 05:59:52.143, 6, 99, 79431
2026/09/15 05:59:52.143, 7, 100, 79431
2026/09/15 05:59:52.644, 4, 99, 79447
2026/09/15 05:59:52.644, 5, 100, 79431
2026/09/15 05:59:52.644, 6, 100, 79431
2026/09/15 05:59:52.644, 7, 100, 79431
2026/09/15 05:59:53.144, 4, 100, 79447
2026/09/15 05:59:53.144, 5, 100, 79431
2026/09/15 05:59:53.144, 6, 100, 79431
2026/09/15 05:59:53.144, 7, 99, 79431
2026/09/15 05:59:53.644, 4, 99, 79447
2026/09/15 05:59:53.644, 5, 99, 79431
2026/09/15 05:59:53.644, 6, 99, 79431
2026/09/15 05:59:53.645, 7, 99, 79431
2026/09/15 05:59:54.145, 4, 100, 79447
2026/09/15 05:59:54.145, 5, 100, 79431
2026/09/15 05:59:54.145, 6, 100, 79431
2026/09/15 05:59:54.145, 7, 99, 79431
2026/09/15 05:59:54.645, 4, 100, 79447
2026/09/15 05:59:54.645, 5, 100, 79431
2026/09/15 05:59:54.645, 6, 100, 79431
2026/09/15 05:59:54.645, 7, 100, 79431
2026/09/15 05:59:55.145, 4, 99, 79447
2026/09/15 05:59:55.145, 5, 99, 79431
2026/09/15 05:59:55.145, 6, 99, 79431
2026/09/15 05:59:55.145, 7, 99, 79431
2026/09/15 05:59:55.645, 4, 99, 79447
2026/09/15 05:59:55.645, 5, 100, 79431
2026/09/15 05:59:55.645, 6, 100, 79431
2026/09/15 05:59:55.645, 7, 100, 79431
2026/09/15 05:59:56.146, 4, 100, 79447
2026/09/15 05:59:56.146, 5, 100, 79431
2026/09/15 05:59:56.146, 6, 99, 79431
2026/09/15 05:59:56.146, 7, 100, 79431
2026/09/15 05:59:56.646, 4, 100, 79447
2026/09/15 05:59:56.646, 5, 99, 79431
2026/09/15 05:59:56.646, 6, 99, 79431
2026/09/15 05:59:56.646, 7, 99, 79431
2026/09/15 05:59:57.146, 4, 99, 79447
2026/09/15 05:59:57.146, 5, 99, 79431
2026/09/15 05:59:57.146, 6, 99, 79431
2026/09/15 05:59:57.146, 7, 100, 79431
2026/09/15 05:59:57.646, 4, 100, 79447
2026/09/15 05:59:57.646, 5, 100, 79431
2026/09/15 05:59:57.646, 6, 100, 79431
2026/09/15 05:59:57.646, 7, 100, 79431
2026/09/15 05:59:58.146, 4, 100, 79447
2026/09/15 05:59:58.147, 5, 100, 79431
2026/09/15 05:59:58.147, 6, 100, 79431
2026/09/15 05:59:58.147, 7, 100, 79431
2026/09/15 05:59:58.647, 4, 99, 79447
2026/09/15 05:59:58.647, 5, 99, 79431
2026/09/15 05:59:58.647, 6, 99, 79431
2026/09/15 05:59:58.647, 7, 99, 79431
2026/09/15 05:59:59.147, 4, 99, 79447
2026/09/15 05:59:59.147, 5, 100, 79431
2026/09/15 05:59:59.147, 6, 100, 79431
2026/09/15 05:59:59.147, 7, 100, 79431
2026/09/15 05:59:59.647, 4, 100, 79447
2026/09/15 05:59:59.647, 5, 100, 79431
2026/09/15 05:59:59.647, 6, 100, 79431
2026/09/15 05:59:59.647, 7, 99, 79431
2026/09/15 06:00:00.147, 4, 99, 79447
2026/09/15 06:00:00.148, 5, 99, 79431
2026/09/15 06:00:00.148, 6, 99, 79431
2026/09/15 06:00:00.148, 7, 99, 79431
2026/09/15 06:00:00.648, 4, 99, 79447
2026/09/15 06:00:00.648, 5, 100, 79431
2026/09/15 06:00:00.648, 6, 100, 79431
2026/09/15 06:00:00.648, 7, 99, 79431
2026/09/15 06:00:01.148, 4, 100, 79447
2026/09/15 06:00:01.148, 5, 100, 79431
2026/09/15 06:00:01.148, 6, 100, 79431
2026/09/15 06:00:01.148, 7, 100, 79431
2026/09/15 06:00:01.648, 4, 100, 79447
2026/09/15 06:00:01.648, 5, 35, 79431
2026/09/15 06:00:01.648, 6, 59, 79431
2026/09/15 06:00:01.648, 7, 99, 79431
2026/09/15 06:00:02.148, 4, 0, 79447
2026/09/15 06:00:02.149, 5, 0, 79431
2026/09/15 06:00:02.149, 6, 0, 79431
2026/09/15 06:00:02.149, 7, 0, 79431
2026/09/15 06:00:02.649, 4, 0, 79447
2026/09/15 06:00:02.649, 5, 0, 79431
2026/09/15 06:00:02.649, 6, 0, 79431
2026/09/15 06:00:02.649, 7, 0, 79431
2026/09/15 06:00:03.149, 4, 0, 79447
2026/09/15 06:00:03.149, 5, 0, 79431
2026/09/15 06:00:03.149, 6, 0, 79431
2026/09/15 06:00:03.149, 7, 0, 79431
2026/09/15 06:00:03.649, 4, 0, 79447
2026/09/15 06:00:03.649, 5, 0, 79431
2026/09/15 06:00:03.649, 6, 0, 79431
2026/09/15 06:00:03.649, 7, 0, 79431
2026/09/15 06:00:04.149, 4, 0, 79447
2026/09/15 06:00:04.149, 5, 0, 79431
2026/09/15 06:00:04.149, 6, 0, 79431
2026/09/15 06:00:04.150, 7, 0, 79431
2026/09/15 06:00:04.650, 4, 0, 79447
2026/09/15 06:00:04.650, 5, 0, 79431
2026/09/15 06:00:04.650, 6, 0, 79431
2026/09/15 06:00:04.650, 7, 0, 79431
2026/09/15 06:00:05.150, 4, 0, 79447
2026/09/15 06:00:05.150, 5, 0, 79431
2026/09/15 06:00:05.150, 6, 0, 79431
2026/09/15 06:00:05.150, 7, 0, 79431
2026/09/15 06:00:05.650, 4, 0, 79447
2026/09/15 06:00:05.650, 5, 0, 79431
2026/09/15 06:00:05.650, 6, 0, 79431
2026/09/15 06:00:05.650, 7, 0, 79431
2026/09/15 06:00:06.150, 4, 0, 79447
2026/09/15 06:00:06.150, 5, 0, 79431
2026/09/15 06:00:06.150, 6, 0, 79431
2026/09/15 06:00:06.150, 7, 0, 79431
2026/09/15 06:00:06.651, 4, 76, 79447
2026/09/15 06:00:06.651, 5, 64, 79431
2026/09/15 06:00:06.651, 6, 40, 79431
2026/09/15 06:00:06.651, 7, 60, 79431
2026/09/15 06:00:07.151, 4, 99, 79447
2026/09/15 06:00:07.151, 5, 100, 79431
2026/09/15 06:00:07.151, 6, 99, 79431
2026/09/15 06:00:07.151, 7, 100, 79431
2026/09/15 06:00:07.651, 4, 100, 79447
2026/09/15 06:00:07.651, 5, 99, 79431
2026/09/15 06:00:07.651, 6, 100, 79431
2026/09/15 06:00:07.651, 7, 100, 79431
2026/09/15 06:00:08.152, 4, 67, 79447
2026/09/15 06:00:08.152, 5, 100, 79431
2026/09/15 06:00:08.152, 6, 100, 79431
2026/09/15 06:00:08.152, 7, 83, 79431
2026/09/15 06:00:08.652, 4, 0, 79447
2026/09/15 06:00:08.652, 5, 0, 79431
2026/09/15 06:00:08.652, 6, 0, 79431
2026/09/15 06:00:08.652, 7, 0, 79431
2026/09/15 06:00:09.152, 4, 99, 79447
2026/09/15 06:00:09.152, 5, 7, 79431
2026/09/15 06:00:09.152, 6, 0, 79431
2026/09/15 06:00:09.152, 7, 100, 79431
2026/09/15 06:00:09.652, 4, 99, 79447
2026/09/15 06:00:09.652, 5, 100, 79431
2026/09/15 06:00:09.652, 6, 99, 79431
2026/09/15 06:00:09.652, 7, 99, 79431
2026/09/15 06:00:10.153, 4, 99, 79447
2026/09/15 06:00:10.153, 5, 100, 79431
2026/09/15 06:00:10.153, 6, 100, 79431
2026/09/15 06:00:10.153, 7, 100, 79431
2026/09/15 06:00:10.653, 4, 100, 79447
2026/09/15 06:00:10.653, 5, 100, 79431
2026/09/15 06:00:10.653, 6, 100, 79431
2026/09/15 06:00:10.653, 7, 99, 79431
2026/09/15 06:00:11.153, 4, 99, 79447
2026/09/15 06:00:11.153, 5, 99, 79431
2026/09/15 06:00:11.153, 6, 99, 79431
2026/09/15 06:00:11.153, 7, 99, 79431
2026/09/15 06:00:11.653, 4, 99, 79447
2026/09/15 06:00:11.653, 5, 100, 79431
2026/09/15 06:00:11.653, 6, 99, 79431
2026/09/15 06:00:11.653, 7, 100, 79431
2026/09/15 06:00:12.154, 4, 99, 79447
2026/09/15 06:00:12.154, 5, 100, 79431
2026/09/15 06:00:12.154, 6, 100, 79431
2026/09/15 06:00:12.154, 7, 100, 79431
2026/09/15 06:00:12.654, 4, 99, 79447
2026/09/15 06:00:12.654, 5, 99, 79431
2026/09/15 06:00:12.654, 6, 99, 79431
2026/09/15 06:00:12.654, 7, 99, 79431
2026/09/15 06:00:13.154, 4, 100, 79447
2026/09/15 06:00:13.154, 5, 99, 79431
2026/09/15 06:00:13.154, 6, 99, 79431
2026/09/15 06:00:13.154, 7, 99, 79431
2026/09/15 06:00:13.654, 4, 100, 79447
2026/09/15 06:00:13.654, 5, 100, 79431
2026/09/15 06:00:13.654, 6, 99, 79431
2026/09/15 06:00:13.654, 7, 100, 79431
2026/09/15 06:00:14.155, 4, 100, 79447
2026/09/15 06:00:14.155, 5, 100, 79431
2026/09/15 06:00:14.155, 6, 100, 79431
2026/09/15 06:00:14.155, 7, 99, 79431
2026/09/15 06:00:14.655, 4, 99, 79447
2026/09/15 06:00:14.655, 5, 99, 79431
2026/09/15 06:00:14.655, 6, 99, 79431
2026/09/15 06:00:14.655, 7, 99, 79431
2026/09/15 06:00:15.155, 4, 99, 79447
2026/09/15 06:00:15.155, 5, 99, 79431
2026/09/15 06:00:15.155, 6, 100, 79431
2026/09/15 06:00:15.155, 7, 100, 79431
2026/09/15 06:00:15.655, 4, 99, 79447
2026/09/15 06:00:15.655, 5, 100, 79431
2026/09/15 06:00:15.655, 6, 100, 79431
2026/09/15 06:00:15.655, 7, 100, 79431
2026/09/15 06:00:16.155, 4, 99, 79447
2026/09/15 06:00:16.155, 5, 99, 79431
2026/09/15 06:00:16.156, 6, 99, 79431
2026/09/15 06:00:16.156, 7, 99, 79431
2026/09/15 06:00:16.656, 4, 99, 79447
2026/09/15 06:00:16.656, 5, 100, 79431
2026/09/15 06:00:16.656, 6, 100, 79431
2026/09/15 06:00:16.656, 7, 100, 79431
2026/09/15 06:00:17.156, 4, 100, 79447
2026/09/15 06:00:17.156, 5, 99, 79431
2026/09/15 06:00:17.156, 6, 100, 79431
2026/09/15 06:00:17.156, 7, 99, 79431
2026/09/15 06:00:17.656, 4, 100, 79447
2026/09/15 06:00:17.656, 5, 99, 79431
2026/09/15 06:00:17.656, 6, 100, 79431
2026/09/15 06:00:17.656, 7, 99, 79431
2026/09/15 06:00:18.156, 4, 99, 79447
2026/09/15 06:00:18.156, 5, 99, 79431
2026/09/15 06:00:18.156, 6, 99, 79431
2026/09/15 06:00:18.157, 7, 100, 79431
2026/09/15 06:00:18.657, 4, 99, 79447
2026/09/15 06:00:18.657, 5, 100, 79431
2026/09/15 06:00:18.657, 6, 100, 79431
2026/09/15 06:00:18.657, 7, 100, 79431
2026/09/15 06:00:19.157, 4, 100, 79447
2026/09/15 06:00:19.157, 5, 99, 79431
2026/09/15 06:00:19.157, 6, 100, 79431
2026/09/15 06:00:19.157, 7, 100, 79431
2026/09/15 06:00:19.657, 4, 99, 79447
2026/09/15 06:00:19.657, 5, 100, 79431
2026/09/15 06:00:19.657, 6, 99, 79431
2026/09/15 06:00:19.657, 7, 99, 79431
2026/09/15 06:00:20.157, 4, 99, 79447
2026/09/15 06:00:20.157, 5, 100, 79431
2026/09/15 06:00:20.157, 6, 100, 79431
2026/09/15 06:00:20.157, 7, 100, 79431
2026/09/15 06:00:20.657, 4, 100, 79447
2026/09/15 06:00:20.657, 5, 100, 79431
2026/09/15 06:00:20.658, 6, 100, 79431
2026/09/15 06:00:20.658, 7, 100, 79431
2026/09/15 06:00:21.158, 4, 7, 79447
2026/09/15 06:00:21.158, 5, 15, 79431
2026/09/15 06:00:21.158, 6, 34, 79431
2026/09/15 06:00:21.158, 7, 21, 79431
2026/09/15 06:00:21.658, 4, 0, 79447
2026/09/15 06:00:21.658, 5, 0, 79431
2026/09/15 06:00:21.658, 6, 0, 79431
2026/09/15 06:00:21.658, 7, 0, 79431
2026/09/15 06:00:22.158, 4, 0, 79447
2026/09/15 06:00:22.158, 5, 0, 79431
2026/09/15 06:00:22.158, 6, 0, 79431
2026/09/15 06:00:22.159, 7, 0, 79431
2026/09/15 06:00:22.659, 4, 0, 79447
2026/09/15 06:00:22.659, 5, 0, 79431
2026/09/15 06:00:22.659, 6, 0, 79431
2026/09/15 06:00:22.659, 7, 0, 79431
2026/09/15 06:00:23.159, 4, 0, 79447
2026/09/15 06:00:23.159, 5, 0, 79431
2026/09/15 06:00:23.159, 6, 0, 79431
2026/09/15 06:00:23.159, 7, 0, 79431
2026/09/15 06:00:23.659, 4, 0, 79447
2026/09/15 06:00:23.660, 5, 0, 79431
2026/09/15 06:00:23.660, 6, 0, 79431
2026/09/15 06:00:23.660, 7, 0, 79431
2026/09/15 06:00:24.160, 4, 0, 79447
2026/09/15 06:00:24.162, 5, 0, 79431
2026/09/15 06:00:24.163, 6, 0, 79431
2026/09/15 06:00:24.163, 7, 0, 79431
2026/09/15 06:00:24.663, 4, 0, 79447
2026/09/15 06:00:24.663, 5, 0, 79431
2026/09/15 06:00:24.663, 6, 0, 79431
2026/09/15 06:00:24.663, 7, 0, 79431
2026/09/15 06:00:25.163, 4, 0, 79447
2026/09/15 06:00:25.163, 5, 0, 79431
2026/09/15 06:00:25.164, 6, 0, 79431
2026/09/15 06:00:25.164, 7, 0, 79431
2026/09/15 06:00:25.664, 4, 0, 79447
2026/09/15 06:00:25.664, 5, 0, 79431
2026/09/15 06:00:25.664, 6, 0, 79431
2026/09/15 06:00:25.664, 7, 0, 79431
2026/09/15 06:00:26.164, 4, 99, 79447
2026/09/15 06:00:26.164, 5, 99, 79431
2026/09/15 06:00:26.164, 6, 99, 79431
2026/09/15 06:00:26.164, 7, 99, 79431
2026/09/15 06:00:26.664, 4, 99, 79447
2026/09/15 06:00:26.664, 5, 100, 79431
2026/09/15 06:00:26.664, 6, 100, 79431
2026/09/15 06:00:26.664, 7, 100, 79431
2026/09/15 06:00:27.164, 4, 100, 79447
2026/09/15 06:00:27.165, 5, 100, 79431
2026/09/15 06:00:27.165, 6, 100, 79431
2026/09/15 06:00:27.165, 7, 100, 79431
2026/09/15 06:00:27.665, 4, 37, 79447
2026/09/15 06:00:27.667, 5, 47, 79431
2026/09/15 06:00:27.667, 6, 64, 79431
2026/09/15 06:00:27.670, 7, 52, 79431
2026/09/15 06:00:28.170, 4, 0, 79447
2026/09/15 06:00:28.170, 5, 0, 79431
2026/09/15 06:00:28.170, 6, 0, 79431
2026/09/15 06:00:28.170, 7, 0, 79431
2026/09/15 06:00:28.670, 4, 100, 79447
2026/09/15 06:00:28.670, 5, 99, 79431
2026/09/15 06:00:28.670, 6, 73, 79431
2026/09/15 06:00:28.670, 7, 85, 79431
2026/09/15 06:00:29.170, 4, 100, 79447
2026/09/15 06:00:29.171, 5, 100, 79431
2026/09/15 06:00:29.171, 6, 100, 79431
2026/09/15 06:00:29.171, 7, 100, 79431
2026/09/15 06:00:29.671, 4, 100, 79447
2026/09/15 06:00:29.671, 5, 100, 79431
2026/09/15 06:00:29.671, 6, 100, 79431
2026/09/15 06:00:29.671, 7, 100, 79431
2026/09/15 06:00:30.171, 4, 100, 79447
2026/09/15 06:00:30.171, 5, 100, 79431
2026/09/15 06:00:30.171, 6, 100, 79431
2026/09/15 06:00:30.171, 7, 100, 79431
2026/09/15 06:00:30.671, 4, 99, 79447
2026/09/15 06:00:30.672, 5, 99, 79431
2026/09/15 06:00:30.672, 6, 99, 79431
2026/09/15 06:00:30.672, 7, 99, 79431
2026/09/15 06:00:31.172, 4, 99, 79447
2026/09/15 06:00:31.172, 5, 100, 79431
2026/09/15 06:00:31.172, 6, 100, 79431
2026/09/15 06:00:31.172, 7, 100, 79431
2026/09/15 06:00:31.672, 4, 99, 79447
2026/09/15 06:00:31.672, 5, 100, 79431
2026/09/15 06:00:31.672, 6, 100, 79431
2026/09/15 06:00:31.672, 7, 100, 79431
2026/09/15 06:00:32.172, 4, 99, 79447
2026/09/15 06:00:32.173, 5, 99, 79431
2026/09/15 06:00:32.173, 6, 99, 79431
2026/09/15 06:00:32.173, 7, 99, 79431
2026/09/15 06:00:32.674, 4, 99, 79447
2026/09/15 06:00:32.674, 5, 100, 79431
2026/09/15 06:00:32.674, 6, 99, 79431
2026/09/15 06:00:32.674, 7, 100, 79431
2026/09/15 06:00:33.174, 4, 100, 79447
2026/09/15 06:00:33.174, 5, 100, 79431
2026/09/15 06:00:33.174, 6, 100, 79431
2026/09/15 06:00:33.174, 7, 100, 79431
2026/09/15 06:00:33.674, 4, 100, 79447
2026/09/15 06:00:33.674, 5, 100, 79431
2026/09/15 06:00:33.674, 6, 100, 79431
2026/09/15 06:00:33.674, 7, 100, 79431
2026/09/15 06:00:34.174, 4, 99, 79447
2026/09/15 06:00:34.174, 5, 99, 79431
2026/09/15 06:00:34.174, 6, 99, 79431
2026/09/15 06:00:34.175, 7, 99, 79431
2026/09/15 06:00:34.675, 4, 99, 79447
2026/09/15 06:00:34.675, 5, 100, 79431
2026/09/15 06:00:34.675, 6, 100, 79431
2026/09/15 06:00:34.675, 7, 100, 79431
2026/09/15 06:00:35.175, 4, 100, 79447
2026/09/15 06:00:35.175, 5, 100, 79431
2026/09/15 06:00:35.175, 6, 100, 79431
2026/09/15 06:00:35.175, 7, 100, 79431
2026/09/15 06:00:35.675, 4, 99, 79447
2026/09/15 06:00:35.675, 5, 100, 79431
2026/09/15 06:00:35.675, 6, 99, 79431
2026/09/15 06:00:35.675, 7, 99, 79431
2026/09/15 06:00:36.175, 4, 100, 79447
2026/09/15 06:00:36.175, 5, 99, 79431
2026/09/15 06:00:36.175, 6, 100, 79431
2026/09/15 06:00:36.175, 7, 100, 79431
2026/09/15 06:00:36.676, 4, 100, 79447
2026/09/15 06:00:36.676, 5, 100, 79431
2026/09/15 06:00:36.676, 6, 100, 79431
2026/09/15 06:00:36.676, 7, 100, 79431
2026/09/15 06:00:37.176, 4, 99, 79447
2026/09/15 06:00:37.176, 5, 100, 79431
2026/09/15 06:00:37.176, 6, 99, 79431
2026/09/15 06:00:37.176, 7, 99, 79431
2026/09/15 06:00:37.676, 4, 99, 79447
2026/09/15 06:00:37.676, 5, 100, 79431
2026/09/15 06:00:37.676, 6, 99, 79431
2026/09/15 06:00:37.676, 7, 99, 79431
2026/09/15 06:00:38.176, 4, 99, 79447
2026/09/15 06:00:38.176, 5, 100, 79431
2026/09/15 06:00:38.176, 6, 100, 79431
2026/09/15 06:00:38.176, 7, 100, 79431
2026/09/15 06:00:38.677, 4, 99, 79447
2026/09/15 06:00:38.677, 5, 100, 79431
2026/09/15 06:00:38.677, 6, 100, 79431
2026/09/15 06:00:38.677, 7, 100, 79431
2026/09/15 06:00:39.177, 4, 99, 79447
2026/09/15 06:00:39.177, 5, 100, 79431
2026/09/15 06:00:39.177, 6, 99, 79431
2026/09/15 06:00:39.177, 7, 99, 79431
2026/09/15 06:00:39.677, 4, 100, 79447
2026/09/15 06:00:39.677, 5, 100, 79431
2026/09/15 06:00:39.678, 6, 100, 79431
2026/09/15 06:00:39.678, 7, 100, 79431
2026/09/15 06:00:40.178, 4, 100, 79447
2026/09/15 06:00:40.178, 5, 100, 79431
2026/09/15 06:00:40.178, 6, 100, 79431
2026/09/15 06:00:40.178, 7, 100, 79431
2026/09/15 06:00:40.678, 4, 22, 79447
2026/09/15 06:00:40.678, 5, 0, 79431
2026/09/15 06:00:40.678, 6, 0, 79431
2026/09/15 06:00:40.678, 7, 0, 79431
2026/09/15 06:00:41.178, 4, 0, 79447
2026/09/15 06:00:41.178, 5, 0, 79431
2026/09/15 06:00:41.178, 6, 0, 79431
2026/09/15 06:00:41.178, 7, 0, 79431
2026/09/15 06:00:41.678, 4, 0, 79447
2026/09/15 06:00:41.679, 5, 0, 79431
2026/09/15 06:00:41.679, 6, 0, 79431
2026/09/15 06:00:41.679, 7, 0, 79431
2026/09/15 06:00:42.179, 4, 0, 79447
2026/09/15 06:00:42.179, 5, 0, 79431
2026/09/15 06:00:42.179, 6, 0, 79431
2026/09/15 06:00:42.179, 7, 0, 79431
2026/09/15 06:00:42.679, 4, 0, 79447
2026/09/15 06:00:42.679, 5, 0, 79431
2026/09/15 06:00:42.679, 6, 0, 79431
2026/09/15 06:00:42.679, 7, 0, 79431
2026/09/15 06:00:43.179, 4, 0, 79447
2026/09/15 06:00:43.179, 5, 0, 79431
2026/09/15 06:00:43.179, 6, 0, 79431
2026/09/15 06:00:43.179, 7, 0, 79431
2026/09/15 06:00:43.680, 4, 0, 79447
2026/09/15 06:00:43.680, 5, 0, 79431
2026/09/15 06:00:43.680, 6, 0, 79431
2026/09/15 06:00:43.680, 7, 0, 79431
2026/09/15 06:00:44.180, 4, 0, 79447
2026/09/15 06:00:44.180, 5, 0, 79431
2026/09/15 06:00:44.180, 6, 0, 79431
2026/09/15 06:00:44.180, 7, 0, 79431
2026/09/15 06:00:44.680, 4, 0, 79447
2026/09/15 06:00:44.680, 5, 0, 79431
2026/09/15 06:00:44.680, 6, 0, 79431
2026/09/15 06:00:44.680, 7, 0, 79431
2026/09/15 06:00:45.180, 4, 12, 79447
2026/09/15 06:00:45.181, 5, 1, 79431
2026/09/15 06:00:45.181, 6, 82, 79431
2026/09/15 06:00:45.181, 7, 2, 79431
2026/09/15 06:00:45.681, 4, 99, 79447
2026/09/15 06:00:45.681, 5, 99, 79431
2026/09/15 06:00:45.681, 6, 99, 79431
2026/09/15 06:00:45.681, 7, 99, 79431
2026/09/15 06:00:46.181, 4, 99, 79447
2026/09/15 06:00:46.181, 5, 99, 79431
2026/09/15 06:00:46.181, 6, 100, 79431
2026/09/15 06:00:46.181, 7, 100, 79431
2026/09/15 06:00:46.681, 4, 99, 79447
2026/09/15 06:00:46.681, 5, 99, 79431
2026/09/15 06:00:46.681, 6, 100, 79431
2026/09/15 06:00:46.681, 7, 100, 79431
2026/09/15 06:00:47.181, 4, 0, 79447
2026/09/15 06:00:47.181, 5, 0, 79431
2026/09/15 06:00:47.181, 6, 0, 79431
2026/09/15 06:00:47.181, 7, 0, 79431
2026/09/15 06:00:47.682, 4, 0, 79447
2026/09/15 06:00:47.682, 5, 0, 79431
2026/09/15 06:00:47.682, 6, 0, 79431
2026/09/15 06:00:47.682, 7, 0, 79431
2026/09/15 06:00:48.182, 4, 0, 79447
2026/09/15 06:00:48.182, 5, 0, 79431
2026/09/15 06:00:48.182, 6, 0, 79431
2026/09/15 06:00:48.182, 7, 0, 79431
2026/09/15 06:00:48.682, 4, 0, 79447
2026/09/15 06:00:48.682, 5, 0, 79431
2026/09/15 06:00:48.682, 6, 0, 79431
2026/09/15 06:00:48.682, 7, 0, 79431
2026/09/15 06:00:49.182, 4, 99, 79447
2026/09/15 06:00:49.182, 5, 100, 79431
2026/09/15 06:00:49.182, 6, 99, 79431
2026/09/15 06:00:49.182, 7, 99, 79431
2026/09/15 06:00:49.682, 4, 99, 79447
2026/09/15 06:00:49.683, 5, 100, 79431
2026/09/15 06:00:49.683, 6, 100, 79431
2026/09/15 06:00:49.683, 7, 99, 79431
2026/09/15 06:00:50.183, 4, 100, 79447
2026/09/15 06:00:50.183, 5, 100, 79431
2026/09/15 06:00:50.183, 6, 100, 79431
2026/09/15 06:00:50.183, 7, 100, 79431
2026/09/15 06:00:50.683, 4, 100, 79447
2026/09/15 06:00:50.683, 5, 99, 79431
2026/09/15 06:00:50.683, 6, 99, 79431
2026/09/15 06:00:50.683, 7, 100, 79431
2026/09/15 06:00:51.183, 4, 99, 79447
2026/09/15 06:00:51.183, 5, 99, 79431
2026/09/15 06:00:51.183, 6, 99, 79431
2026/09/15 06:00:51.183, 7, 100, 79431
2026/09/15 06:00:51.683, 4, 100, 79447
2026/09/15 06:00:51.683, 5, 100, 79431
2026/09/15 06:00:51.684, 6, 100, 79431
2026/09/15 06:00:51.684, 7, 99, 79431
2026/09/15 06:00:52.184, 4, 100, 79447
2026/09/15 06:00:52.184, 5, 100, 79431
2026/09/15 06:00:52.184, 6, 100, 79431
2026/09/15 06:00:52.184, 7, 100, 79431
2026/09/15 06:00:52.684, 4, 99, 79447
2026/09/15 06:00:52.684, 5, 99, 79431
2026/09/15 06:00:52.684, 6, 99, 79431
2026/09/15 06:00:52.684, 7, 100, 79431
2026/09/15 06:00:53.184, 4, 99, 79447
2026/09/15 06:00:53.184, 5, 100, 79431
2026/09/15 06:00:53.184, 6, 100, 79431
2026/09/15 06:00:53.184, 7, 100, 79431
2026/09/15 06:00:53.684, 4, 100, 79447
2026/09/15 06:00:53.684, 5, 100, 79431
2026/09/15 06:00:53.684, 6, 100, 79431
2026/09/15 06:00:53.684, 7, 99, 79431
2026/09/15 06:00:54.185, 4, 99, 79447
2026/09/15 06:00:54.185, 5, 100, 79431
2026/09/15 06:00:54.185, 6, 99, 79431
2026/09/15 06:00:54.185, 7, 99, 79431
2026/09/15 06:00:54.685, 4, 99, 79447
2026/09/15 06:00:54.685, 5, 100, 79431
2026/09/15 06:00:54.685, 6, 99, 79431
2026/09/15 06:00:54.685, 7, 100, 79431
2026/09/15 06:00:55.185, 4, 100, 79447
2026/09/15 06:00:55.185, 5, 100, 79431
2026/09/15 06:00:55.185, 6, 100, 79431
2026/09/15 06:00:55.185, 7, 100, 79431
2026/09/15 06:00:55.685, 4, 100, 79447
2026/09/15 06:00:55.685, 5, 100, 79431
2026/09/15 06:00:55.685, 6, 100, 79431
2026/09/15 06:00:55.685, 7, 100, 79431
2026/09/15 06:00:56.185, 4, 99, 79447
2026/09/15 06:00:56.185, 5, 100, 79431
2026/09/15 06:00:56.186, 6, 99, 79431
2026/09/15 06:00:56.186, 7, 99, 79431
2026/09/15 06:00:56.686, 4, 99, 79447
2026/09/15 06:00:56.686, 5, 100, 79431
2026/09/15 06:00:56.686, 6, 100, 79431
2026/09/15 06:00:56.686, 7, 100, 79431
2026/09/15 06:00:57.186, 4, 99, 79447
2026/09/15 06:00:57.186, 5, 100, 79431
2026/09/15 06:00:57.186, 6, 100, 79431
2026/09/15 06:00:57.186, 7, 100, 79431
2026/09/15 06:00:57.686, 4, 99, 79447
2026/09/15 06:00:57.686, 5, 99, 79431
2026/09/15 06:00:57.687, 6, 99, 79431
2026/09/15 06:00:57.687, 7, 99, 79431
2026/09/15 06:00:58.187, 4, 100, 79447
2026/09/15 06:00:58.187, 5, 99, 79431
2026/09/15 06:00:58.187, 6, 100, 79431
2026/09/15 06:00:58.187, 7, 100, 79431
2026/09/15 06:00:58.687, 4, 100, 79447
2026/09/15 06:00:58.687, 5, 100, 79431
2026/09/15 06:00:58.687, 6, 100, 79431
2026/09/15 06:00:58.687, 7, 100, 79431
2026/09/15 06:00:59.187, 4, 99, 79447
2026/09/15 06:00:59.187, 5, 100, 79431
2026/09/15 06:00:59.187, 6, 99, 79431
2026/09/15 06:00:59.187, 7, 99, 79431
2026/09/15 06:00:59.687, 4, 99, 79447
2026/09/15 06:00:59.687, 5, 99, 79431
2026/09/15 06:00:59.687, 6, 99, 79431
2026/09/15 06:00:59.687, 7, 99, 79431
2026/09/15 06:01:00.188, 4, 100, 79447
2026/09/15 06:01:00.188, 5, 99, 79431
2026/09/15 06:01:00.188, 6, 100, 79431
2026/09/15 06:01:00.188, 7, 100, 79431
2026/09/15 06:01:00.688, 4, 99, 79447
2026/09/15 06:01:00.688, 5, 100, 79431
2026/09/15 06:01:00.688, 6, 100, 79431
2026/09/15 06:01:00.688, 7, 100, 79431
2026/09/15 06:01:01.188, 4, 0, 79447
2026/09/15 06:01:01.188, 5, 0, 79431
2026/09/15 06:01:01.188, 6, 0, 79431
2026/09/15 06:01:01.188, 7, 0, 79431
2026/09/15 06:01:01.688, 4, 0, 79447
2026/09/15 06:01:01.688, 5, 0, 79431
2026/09/15 06:01:01.688, 6, 0, 79431
2026/09/15 06:01:01.688, 7, 0, 79431
2026/09/15 06:01:02.188, 4, 0, 79447
2026/09/15 06:01:02.189, 5, 0, 79431
2026/09/15 06:01:02.189, 6, 0, 79431
2026/09/15 06:01:02.189, 7, 0, 79431
2026/09/15 06:01:02.689, 4, 0, 79447
2026/09/15 06:01:02.689, 5, 0, 79431
2026/09/15 06:01:02.689, 6, 0, 79431
2026/09/15 06:01:02.689, 7, 0, 79431
2026/09/15 06:01:03.189, 4, 0, 79447
2026/09/15 06:01:03.189, 5, 0, 79431
2026/09/15 06:01:03.189, 6, 0, 79431
2026/09/15 06:01:03.189, 7, 0, 79431
2026/09/15 06:01:03.689, 4, 0, 79447
2026/09/15 06:01:03.689, 5, 0, 79431
2026/09/15 06:01:03.689, 6, 0, 79431
2026/09/15 06:01:03.689, 7, 0, 79431
2026/09/15 06:01:04.189, 4, 0, 79447
2026/09/15 06:01:04.189, 5, 0, 79431
2026/09/15 06:01:04.189, 6, 0, 79431
2026/09/15 06:01:04.189, 7, 0, 79431
2026/09/15 06:01:04.690, 4, 0, 79447
2026/09/15 06:01:04.690, 5, 0, 79431
2026/09/15 06:01:04.690, 6, 0, 79431
2026/09/15 06:01:04.690, 7, 0, 79431
2026/09/15 06:01:05.190, 4, 0, 79447
2026/09/15 06:01:05.190, 5, 0, 79431
2026/09/15 06:01:05.190, 6, 0, 79431
2026/09/15 06:01:05.190, 7, 0, 79431
2026/09/15 06:01:05.690, 4, 9, 79447
2026/09/15 06:01:05.690, 5, 91, 79431
2026/09/15 06:01:05.690, 6, 76, 79431
2026/09/15 06:01:05.690, 7, 94, 79431
2026/09/15 06:01:06.190, 4, 99, 79447
2026/09/15 06:01:06.190, 5, 99, 79431
2026/09/15 06:01:06.190, 6, 100, 79431
2026/09/15 06:01:06.190, 7, 99, 79431
2026/09/15 06:01:06.691, 4, 100, 79447
2026/09/15 06:01:06.691, 5, 99, 79431
2026/09/15 06:01:06.691, 6, 100, 79431
2026/09/15 06:01:06.691, 7, 100, 79431
2026/09/15 06:01:07.191, 4, 100, 79447
2026/09/15 06:01:07.191, 5, 100, 79431
2026/09/15 06:01:07.191, 6, 66, 79431
2026/09/15 06:01:07.191, 7, 100, 79431
2026/09/15 06:01:07.691, 4, 0, 79447
2026/09/15 06:01:07.691, 5, 0, 79431
2026/09/15 06:01:07.691, 6, 0, 79431
2026/09/15 06:01:07.691, 7, 0, 79431
2026/09/15 06:01:08.191, 4, 33, 79447
2026/09/15 06:01:08.191, 5, 18, 79431
2026/09/15 06:01:08.191, 6, 96, 79431
2026/09/15 06:01:08.191, 7, 19, 79431
2026/09/15 06:01:08.692, 4, 99, 79447
2026/09/15 06:01:08.692, 5, 99, 79431
2026/09/15 06:01:08.692, 6, 99, 79431
2026/09/15 06:01:08.692, 7, 99, 79431
2026/09/15 06:01:09.192, 4, 99, 79447
2026/09/15 06:01:09.192, 5, 100, 79431
2026/09/15 06:01:09.192, 6, 100, 79431
2026/09/15 06:01:09.192, 7, 100, 79431
2026/09/15 06:01:09.692, 4, 99, 79447
2026/09/15 06:01:09.692, 5, 100, 79431
2026/09/15 06:01:09.692, 6, 100, 79431
2026/09/15 06:01:09.692, 7, 100, 79431
2026/09/15 06:01:10.192, 4, 99, 79447
2026/09/15 06:01:10.192, 5, 99, 79431
2026/09/15 06:01:10.192, 6, 99, 79431
2026/09/15 06:01:10.192, 7, 99, 79431
2026/09/15 06:01:10.693, 4, 100, 79447
2026/09/15 06:01:10.693, 5, 100, 79431
2026/09/15 06:01:10.693, 6, 100, 79431
2026/09/15 06:01:10.693, 7, 100, 79431
2026/09/15 06:01:11.193, 4, 100, 79447
2026/09/15 06:01:11.193, 5, 100, 79431
2026/09/15 06:01:11.193, 6, 100, 79431
2026/09/15 06:01:11.193, 7, 100, 79431
2026/09/15 06:01:11.693, 4, 100, 79447
2026/09/15 06:01:11.693, 5, 99, 79431
2026/09/15 06:01:11.693, 6, 99, 79431
2026/09/15 06:01:11.693, 7, 100, 79431
2026/09/15 06:01:12.193, 4, 99, 79447
2026/09/15 06:01:12.193, 5, 100, 79431
2026/09/15 06:01:12.193, 6, 100, 79431
2026/09/15 06:01:12.193, 7, 99, 79431
2026/09/15 06:01:12.693, 4, 99, 79447
2026/09/15 06:01:12.694, 5, 100, 79431
2026/09/15 06:01:12.694, 6, 100, 79431
2026/09/15 06:01:12.694, 7, 99, 79431
2026/09/15 06:01:13.194, 4, 100, 79447
2026/09/15 06:01:13.194, 5, 100, 79431
2026/09/15 06:01:13.194, 6, 100, 79431
2026/09/15 06:01:13.194, 7, 100, 79431
2026/09/15 06:01:13.694, 4, 99, 79447
2026/09/15 06:01:13.694, 5, 99, 79431
2026/09/15 06:01:13.694, 6, 99, 79431
2026/09/15 06:01:13.694, 7, 99, 79431
2026/09/15 06:01:14.194, 4, 100, 79447
2026/09/15 06:01:14.194, 5, 100, 79431
2026/09/15 06:01:14.194, 6, 100, 79431
2026/09/15 06:01:14.194, 7, 100, 79431
2026/09/15 06:01:14.694, 4, 100, 79447
2026/09/15 06:01:14.695, 5, 100, 79431
2026/09/15 06:01:14.695, 6, 100, 79431
2026/09/15 06:01:14.695, 7, 100, 79431
2026/09/15 06:01:15.195, 4, 99, 79447
2026/09/15 06:01:15.195, 5, 99, 79431
2026/09/15 06:01:15.195, 6, 99, 79431
2026/09/15 06:01:15.195, 7, 99, 79431
2026/09/15 06:01:15.695, 4, 99, 79447
2026/09/15 06:01:15.695, 5, 100, 79431
2026/09/15 06:01:15.695, 6, 99, 79431
2026/09/15 06:01:15.695, 7, 100, 79431
2026/09/15 06:01:16.195, 4, 99, 79447
2026/09/15 06:01:16.195, 5, 100, 79431
2026/09/15 06:01:16.195, 6, 100, 79431
2026/09/15 06:01:16.195, 7, 100, 79431
2026/09/15 06:01:16.695, 4, 100, 79447
2026/09/15 06:01:16.695, 5, 100, 79431
2026/09/15 06:01:16.696, 6, 100, 79431
2026/09/15 06:01:16.696, 7, 100, 79431
2026/09/15 06:01:17.196, 4, 99, 79447
2026/09/15 06:01:17.196, 5, 99, 79431
2026/09/15 06:01:17.196, 6, 99, 79431
2026/09/15 06:01:17.196, 7, 99, 79431
2026/09/15 06:01:17.696, 4, 100, 79447
2026/09/15 06:01:17.696, 5, 99, 79431
2026/09/15 06:01:17.696, 6, 100, 79431
2026/09/15 06:01:17.696, 7, 100, 79431
2026/09/15 06:01:18.196, 4, 100, 79447
2026/09/15 06:01:18.196, 5, 100, 79431
2026/09/15 06:01:18.196, 6, 100, 79431
2026/09/15 06:01:18.196, 7, 100, 79431
2026/09/15 06:01:18.696, 4, 99, 79447
2026/09/15 06:01:18.696, 5, 99, 79431
2026/09/15 06:01:18.696, 6, 99, 79431
2026/09/15 06:01:18.696, 7, 99, 79431
2026/09/15 06:01:19.197, 4, 99, 79447
2026/09/15 06:01:19.197, 5, 100, 79431
2026/09/15 06:01:19.197, 6, 100, 79431
2026/09/15 06:01:19.197, 7, 100, 79431
2026/09/15 06:01:19.697, 4, 99, 79447
2026/09/15 06:01:19.697, 5, 99, 79431
2026/09/15 06:01:19.697, 6, 100, 79431
2026/09/15 06:01:19.697, 7, 100, 79431
2026/09/15 06:01:20.197, 4, 0, 79447
2026/09/15 06:01:20.197, 5, 90, 79431
2026/09/15 06:01:20.197, 6, 22, 79431
2026/09/15 06:01:20.198, 7, 0, 79431
2026/09/15 06:01:20.698, 4, 0, 79447
2026/09/15 06:01:20.698, 5, 0, 79431
2026/09/15 06:01:20.698, 6, 0, 79431
2026/09/15 06:01:20.698, 7, 0, 79431
2026/09/15 06:01:21.198, 4, 0, 79447
2026/09/15 06:01:21.198, 5, 0, 79431
2026/09/15 06:01:21.198, 6, 0, 79431
2026/09/15 06:01:21.198, 7, 0, 79431
2026/09/15 06:01:21.698, 4, 0, 79447
2026/09/15 06:01:21.698, 5, 0, 79431
2026/09/15 06:01:21.698, 6, 0, 79431
2026/09/15 06:01:21.698, 7, 0, 79431
2026/09/15 06:01:22.198, 4, 0, 79447
2026/09/15 06:01:22.198, 5, 0, 79431
2026/09/15 06:01:22.198, 6, 0, 79431
2026/09/15 06:01:22.198, 7, 0, 79431
2026/09/15 06:01:22.699, 4, 0, 79447
2026/09/15 06:01:22.699, 5, 0, 79431
2026/09/15 06:01:22.699, 6, 0, 79431
2026/09/15 06:01:22.699, 7, 0, 79431
2026/09/15 06:01:23.199, 4, 0, 79447
2026/09/15 06:01:23.199, 5, 0, 79431
2026/09/15 06:01:23.199, 6, 0, 79431
2026/09/15 06:01:23.199, 7, 0, 79431
2026/09/15 06:01:23.699, 4, 0, 79447
2026/09/15 06:01:23.699, 5, 0, 79431
2026/09/15 06:01:23.699, 6, 0, 79431
2026/09/15 06:01:23.699, 7, 0, 79431
2026/09/15 06:01:24.199, 4, 0, 79447
2026/09/15 06:01:24.199, 5, 0, 79431
2026/09/15 06:01:24.199, 6, 0, 79431
2026/09/15 06:01:24.199, 7, 0, 79431
2026/09/15 06:01:24.700, 4, 0, 79447
2026/09/15 06:01:24.700, 5, 0, 79431
2026/09/15 06:01:24.700, 6, 0, 79431
2026/09/15 06:01:24.700, 7, 0, 79431
2026/09/15 06:01:25.200, 4, 99, 79447
2026/09/15 06:01:25.200, 5, 99, 79431
2026/09/15 06:01:25.200, 6, 99, 79431
2026/09/15 06:01:25.200, 7, 99, 79431
2026/09/15 06:01:25.700, 4, 99, 79447
2026/09/15 06:01:25.700, 5, 100, 79431
2026/09/15 06:01:25.701, 6, 100, 79431
2026/09/15 06:01:25.701, 7, 100, 79431
2026/09/15 06:01:26.201, 4, 100, 79447
2026/09/15 06:01:26.201, 5, 100, 79431
2026/09/15 06:01:26.201, 6, 100, 79431
2026/09/15 06:01:26.201, 7, 100, 79431
2026/09/15 06:01:26.701, 4, 100, 79447
2026/09/15 06:01:26.701, 5, 7, 79431
2026/09/15 06:01:26.701, 6, 35, 79431
2026/09/15 06:01:26.701, 7, 15, 79431
2026/09/15 06:01:27.201, 4, 0, 79447
2026/09/15 06:01:27.201, 5, 0, 79431
2026/09/15 06:01:27.201, 6, 0, 79431
2026/09/15 06:01:27.201, 7, 0, 79431
2026/09/15 06:01:27.701, 4, 75, 79447
2026/09/15 06:01:27.702, 5, 100, 79431
2026/09/15 06:01:27.702, 6, 99, 79431
2026/09/15 06:01:27.702, 7, 99, 79431
2026/09/15 06:01:28.202, 4, 99, 79447
2026/09/15 06:01:28.202, 5, 100, 79431
2026/09/15 06:01:28.202, 6, 100, 79431
2026/09/15 06:01:28.202, 7, 100, 79431
2026/09/15 06:01:28.702, 4, 100, 79447
2026/09/15 06:01:28.702, 5, 100, 79431
2026/09/15 06:01:28.702, 6, 100, 79431
2026/09/15 06:01:28.702, 7, 100, 79431
2026/09/15 06:01:29.202, 4, 100, 79447
2026/09/15 06:01:29.202, 5, 100, 79431
2026/09/15 06:01:29.202, 6, 99, 79431
2026/09/15 06:01:29.202, 7, 99, 79431
2026/09/15 06:01:29.702, 4, 99, 79447
2026/09/15 06:01:29.703, 5, 99, 79431
2026/09/15 06:01:29.703, 6, 99, 79431
2026/09/15 06:01:29.703, 7, 99, 79431
2026/09/15 06:01:30.203, 4, 100, 79447
2026/09/15 06:01:30.203, 5, 99, 79431
2026/09/15 06:01:30.203, 6, 100, 79431
2026/09/15 06:01:30.203, 7, 99, 79431
2026/09/15 06:01:30.703, 4, 100, 79447
2026/09/15 06:01:30.703, 5, 100, 79431
2026/09/15 06:01:30.703, 6, 100, 79431
2026/09/15 06:01:30.703, 7, 100, 79431
2026/09/15 06:01:31.203, 4, 99, 79447
2026/09/15 06:01:31.203, 5, 100, 79431
2026/09/15 06:01:31.203, 6, 99, 79431
2026/09/15 06:01:31.203, 7, 99, 79431
2026/09/15 06:01:31.703, 4, 99, 79447
2026/09/15 06:01:31.703, 5, 100, 79431
2026/09/15 06:01:31.703, 6, 100, 79431
2026/09/15 06:01:31.704, 7, 100, 79431
2026/09/15 06:01:32.204, 4, 99, 79447
2026/09/15 06:01:32.204, 5, 100, 79431
2026/09/15 06:01:32.204, 6, 100, 79431
2026/09/15 06:01:32.204, 7, 100, 79431
2026/09/15 06:01:32.704, 4, 100, 79447
2026/09/15 06:01:32.704, 5, 99, 79431
2026/09/15 06:01:32.704, 6, 99, 79431
2026/09/15 06:01:32.704, 7, 99, 79431
2026/09/15 06:01:33.204, 4, 99, 79447
2026/09/15 06:01:33.204, 5, 100, 79431
2026/09/15 06:01:33.204, 6, 100, 79431
2026/09/15 06:01:33.204, 7, 99, 79431
2026/09/15 06:01:33.704, 4, 100, 79447
2026/09/15 06:01:33.704, 5, 100, 79431
2026/09/15 06:01:33.704, 6, 100, 79431
2026/09/15 06:01:33.704, 7, 100, 79431
2026/09/15 06:01:34.205, 4, 100, 79447
2026/09/15 06:01:34.205, 5, 100, 79431
2026/09/15 06:01:34.205, 6, 99, 79431
2026/09/15 06:01:34.205, 7, 100, 79431
2026/09/15 06:01:34.705, 4, 99, 79447
2026/09/15 06:01:34.705, 5, 99, 79431
2026/09/15 06:01:34.705, 6, 99, 79431
2026/09/15 06:01:34.705, 7, 99, 79431
2026/09/15 06:01:35.205, 4, 99, 79447
2026/09/15 06:01:35.205, 5, 100, 79431
2026/09/15 06:01:35.205, 6, 100, 79431
2026/09/15 06:01:35.205, 7, 100, 79431
2026/09/15 06:01:35.705, 4, 99, 79447
2026/09/15 06:01:35.705, 5, 100, 79431
2026/09/15 06:01:35.705, 6, 100, 79431
2026/09/15 06:01:35.705, 7, 100, 79431
2026/09/15 06:01:36.206, 4, 99, 79447
2026/09/15 06:01:36.206, 5, 99, 79431
2026/09/15 06:01:36.206, 6, 99, 79431
2026/09/15 06:01:36.206, 7, 99, 79431
2026/09/15 06:01:36.706, 4, 99, 79447
2026/09/15 06:01:36.706, 5, 100, 79431
2026/09/15 06:01:36.706, 6, 99, 79431
2026/09/15 06:01:36.706, 7, 100, 79431
2026/09/15 06:01:37.206, 4, 99, 79447
2026/09/15 06:01:37.206, 5, 100, 79431
2026/09/15 06:01:37.206, 6, 99, 79431
2026/09/15 06:01:37.206, 7, 100, 79431
2026/09/15 06:01:37.706, 4, 100, 79447
2026/09/15 06:01:37.706, 5, 100, 79431
2026/09/15 06:01:37.706, 6, 100, 79431
2026/09/15 06:01:37.706, 7, 100, 79431
2026/09/15 06:01:38.207, 4, 99, 79447
2026/09/15 06:01:38.207, 5, 99, 79431
2026/09/15 06:01:38.207, 6, 99, 79431
2026/09/15 06:01:38.207, 7, 99, 79431
2026/09/15 06:01:38.707, 4, 99, 79447
2026/09/15 06:01:38.707, 5, 99, 79431
2026/09/15 06:01:38.707, 6, 100, 79431
2026/09/15 06:01:38.707, 7, 99, 79431
2026/09/15 06:01:39.207, 4, 99, 79447
2026/09/15 06:01:39.207, 5, 100, 79431
2026/09/15 06:01:39.207, 6, 99, 79431
2026/09/15 06:01:39.207, 7, 100, 79431
2026/09/15 06:01:39.707, 4, 0, 79447
2026/09/15 06:01:39.707, 5, 0, 79431
2026/09/15 06:01:39.707, 6, 0, 79431
2026/09/15 06:01:39.707, 7, 0, 79431
2026/09/15 06:01:40.208, 4, 0, 79447
2026/09/15 06:01:40.208, 5, 0, 79431
2026/09/15 06:01:40.208, 6, 0, 79431
2026/09/15 06:01:40.208, 7, 0, 79431
2026/09/15 06:01:40.708, 4, 0, 79447
2026/09/15 06:01:40.708, 5, 0, 79431
2026/09/15 06:01:40.708, 6, 0, 79431
2026/09/15 06:01:40.708, 7, 0, 79431
2026/09/15 06:01:41.208, 4, 0, 79447
2026/09/15 06:01:41.208, 5, 0, 79431
2026/09/15 06:01:41.208, 6, 0, 79431
2026/09/15 06:01:41.208, 7, 0, 79431
2026/09/15 06:01:41.708, 4, 0, 79447
2026/09/15 06:01:41.708, 5, 0, 79431
2026/09/15 06:01:41.708, 6, 0, 79431
2026/09/15 06:01:41.708, 7, 0, 79431
2026/09/15 06:01:42.209, 4, 0, 79447
2026/09/15 06:01:42.209, 5, 0, 79431
2026/09/15 06:01:42.209, 6, 0, 79431
2026/09/15 06:01:42.209, 7, 0, 79431
2026/09/15 06:01:42.709, 4, 0, 79447
2026/09/15 06:01:42.709, 5, 0, 79431
2026/09/15 06:01:42.709, 6, 0, 79431
2026/09/15 06:01:42.709, 7, 0, 79431
2026/09/15 06:01:43.209, 4, 0, 79447
2026/09/15 06:01:43.209, 5, 0, 79431
2026/09/15 06:01:43.209, 6, 0, 79431
2026/09/15 06:01:43.209, 7, 0, 79431
2026/09/15 06:01:43.709, 4, 0, 79447
2026/09/15 06:01:43.709, 5, 0, 79431
2026/09/15 06:01:43.709, 6, 0, 79431
2026/09/15 06:01:43.710, 7, 0, 79431
2026/09/15 06:01:44.210, 4, 78, 79447
2026/09/15 06:01:44.210, 5, 0, 79431
2026/09/15 06:01:44.210, 6, 48, 79431
2026/09/15 06:01:44.210, 7, 74, 79431
2026/09/15 06:01:44.710, 4, 99, 79447
2026/09/15 06:01:44.710, 5, 99, 79431
2026/09/15 06:01:44.710, 6, 99, 79431
2026/09/15 06:01:44.710, 7, 99, 79431
2026/09/15 06:01:45.210, 4, 100, 79447
2026/09/15 06:01:45.210, 5, 99, 79431
2026/09/15 06:01:45.210, 6, 100, 79431
2026/09/15 06:01:45.210, 7, 100, 79431
2026/09/15 06:01:45.710, 4, 100, 79447
2026/09/15 06:01:45.710, 5, 99, 79431
2026/09/15 06:01:45.711, 6, 100, 79431
2026/09/15 06:01:45.711, 7, 100, 79431
2026/09/15 06:01:46.211, 4, 0, 79447
2026/09/15 06:01:46.211, 5, 0, 79431
2026/09/15 06:01:46.211, 6, 0, 79431
2026/09/15 06:01:46.211, 7, 0, 79431
2026/09/15 06:01:46.711, 4, 17, 79447
2026/09/15 06:01:46.711, 5, 6, 79431
2026/09/15 06:01:46.711, 6, 0, 79431
2026/09/15 06:01:46.711, 7, 11, 79431
2026/09/15 06:01:47.211, 4, 99, 79447
2026/09/15 06:01:47.211, 5, 99, 79431
2026/09/15 06:01:47.211, 6, 99, 79431
2026/09/15 06:01:47.211, 7, 99, 79431
2026/09/15 06:01:47.711, 4, 99, 79447
2026/09/15 06:01:47.712, 5, 100, 79431
2026/09/15 06:01:47.712, 6, 100, 79431
2026/09/15 06:01:47.712, 7, 100, 79431
2026/09/15 06:01:48.212, 4, 99, 79447
2026/09/15 06:01:48.212, 5, 100, 79431
2026/09/15 06:01:48.212, 6, 100, 79431
2026/09/15 06:01:48.212, 7, 100, 79431
2026/09/15 06:01:48.712, 4, 99, 79447
2026/09/15 06:01:48.712, 5, 99, 79431
2026/09/15 06:01:48.712, 6, 99, 79431
2026/09/15 06:01:48.712, 7, 99, 79431
2026/09/15 06:01:49.212, 4, 100, 79447
2026/09/15 06:01:49.212, 5, 100, 79431
2026/09/15 06:01:49.212, 6, 99, 79431
2026/09/15 06:01:49.212, 7, 100, 79431
2026/09/15 06:01:49.712, 4, 100, 79447
2026/09/15 06:01:49.712, 5, 100, 79431
2026/09/15 06:01:49.713, 6, 100, 79431
2026/09/15 06:01:49.713, 7, 100, 79431
2026/09/15 06:01:50.213, 4, 100, 79447
2026/09/15 06:01:50.213, 5, 100, 79431
2026/09/15 06:01:50.213, 6, 99, 79431
2026/09/15 06:01:50.213, 7, 99, 79431
2026/09/15 06:01:50.713, 4, 99, 79447
2026/09/15 06:01:50.713, 5, 100, 79431
2026/09/15 06:01:50.713, 6, 99, 79431
2026/09/15 06:01:50.713, 7, 99, 79431
2026/09/15 06:01:51.213, 4, 99, 79447
2026/09/15 06:01:51.213, 5, 100, 79431
2026/09/15 06:01:51.213, 6, 100, 79431
2026/09/15 06:01:51.213, 7, 99, 79431
2026/09/15 06:01:51.713, 4, 100, 79447
2026/09/15 06:01:51.713, 5, 100, 79431
2026/09/15 06:01:51.713, 6, 100, 79431
2026/09/15 06:01:51.714, 7, 100, 79431
2026/09/15 06:01:52.214, 4, 99, 79447
2026/09/15 06:01:52.214, 5, 99, 79431
2026/09/15 06:01:52.214, 6, 99, 79431
2026/09/15 06:01:52.214, 7, 99, 79431
2026/09/15 06:01:52.714, 4, 100, 79447
2026/09/15 06:01:52.714, 5, 99, 79431
2026/09/15 06:01:52.714, 6, 100, 79431
2026/09/15 06:01:52.714, 7, 100, 79431
2026/09/15 06:01:53.214, 4, 100, 79447
2026/09/15 06:01:53.214, 5, 100, 79431
2026/09/15 06:01:53.214, 6, 100, 79431
2026/09/15 06:01:53.214, 7, 100, 79431
2026/09/15 06:01:53.714, 4, 100, 79447
2026/09/15 06:01:53.714, 5, 99, 79431
2026/09/15 06:01:53.714, 6, 99, 79431
2026/09/15 06:01:53.714, 7, 99, 79431
2026/09/15 06:01:54.215, 4, 99, 79447
2026/09/15 06:01:54.215, 5, 99, 79431
2026/09/15 06:01:54.215, 6, 100, 79431
2026/09/15 06:01:54.215, 7, 100, 79431
2026/09/15 06:01:54.715, 4, 99, 79447
2026/09/15 06:01:54.715, 5, 99, 79431
2026/09/15 06:01:54.715, 6, 100, 79431
2026/09/15 06:01:54.716, 7, 100, 79431
2026/09/15 06:01:55.216, 4, 99, 79447
2026/09/15 06:01:55.216, 5, 100, 79431
2026/09/15 06:01:55.216, 6, 100, 79431
2026/09/15 06:01:55.216, 7, 99, 79431
2026/09/15 06:01:55.716, 4, 99, 79447
2026/09/15 06:01:55.716, 5, 99, 79431
2026/09/15 06:01:55.716, 6, 99, 79431
2026/09/15 06:01:55.716, 7, 99, 79431
2026/09/15 06:01:56.216, 4, 100, 79447
2026/09/15 06:01:56.216, 5, 100, 79431
2026/09/15 06:01:56.216, 6, 100, 79431
2026/09/15 06:01:56.216, 7, 100, 79431
2026/09/15 06:01:56.717, 4, 100, 79447
2026/09/15 06:01:56.718, 5, 100, 79431
2026/09/15 06:01:56.719, 6, 100, 79431
2026/09/15 06:01:56.720, 7, 100, 79431
2026/09/15 06:01:57.221, 4, 99, 79447
2026/09/15 06:01:57.221, 5, 99, 79431
2026/09/15 06:01:57.221, 6, 99, 79431
2026/09/15 06:01:57.221, 7, 99, 79431
2026/09/15 06:01:57.721, 4, 99, 79447
2026/09/15 06:01:57.721, 5, 100, 79431
2026/09/15 06:01:57.721, 6, 100, 79431
2026/09/15 06:01:57.721, 7, 99, 79431
2026/09/15 06:01:58.221, 4, 99, 79447
2026/09/15 06:01:58.221, 5, 100, 79431
2026/09/15 06:01:58.221, 6, 100, 79431
2026/09/15 06:01:58.221, 7, 100, 79431
2026/09/15 06:01:58.721, 4, 100, 79447
2026/09/15 06:01:58.722, 5, 18, 79431
2026/09/15 06:01:58.722, 6, 41, 79431
2026/09/15 06:01:58.722, 7, 100, 79431
2026/09/15 06:01:59.222, 4, 0, 79447
2026/09/15 06:01:59.222, 5, 0, 79431
2026/09/15 06:01:59.222, 6, 0, 79431
2026/09/15 06:01:59.222, 7, 0, 79431
2026/09/15 06:01:59.722, 4, 0, 79447
2026/09/15 06:01:59.722, 5, 0, 79431
2026/09/15 06:01:59.722, 6, 0, 79431
2026/09/15 06:01:59.722, 7, 0, 79431
2026/09/15 06:02:00.222, 4, 0, 79447
2026/09/15 06:02:00.222, 5, 0, 79431
2026/09/15 06:02:00.222, 6, 0, 79431
2026/09/15 06:02:00.222, 7, 0, 79431
2026/09/15 06:02:00.722, 4, 0, 79447
2026/09/15 06:02:00.723, 5, 0, 79431
2026/09/15 06:02:00.723, 6, 0, 79431
2026/09/15 06:02:00.723, 7, 0, 79431
2026/09/15 06:02:01.223, 4, 0, 79447
2026/09/15 06:02:01.223, 5, 0, 79431
2026/09/15 06:02:01.223, 6, 0, 79431
2026/09/15 06:02:01.223, 7, 0, 79431
2026/09/15 06:02:01.723, 4, 0, 79447
2026/09/15 06:02:01.723, 5, 0, 79431
2026/09/15 06:02:01.723, 6, 0, 79431
2026/09/15 06:02:01.723, 7, 0, 79431
2026/09/15 06:02:02.223, 4, 0, 79447
2026/09/15 06:02:02.223, 5, 0, 79431
2026/09/15 06:02:02.223, 6, 0, 79431
2026/09/15 06:02:02.223, 7, 0, 79431
2026/09/15 06:02:02.723, 4, 0, 79447
2026/09/15 06:02:02.724, 5, 0, 79431
2026/09/15 06:02:02.724, 6, 0, 79431
2026/09/15 06:02:02.724, 7, 0, 79431
2026/09/15 06:02:03.224, 4, 0, 79447
2026/09/15 06:02:03.224, 5, 0, 79431
2026/09/15 06:02:03.224, 6, 0, 79431
2026/09/15 06:02:03.224, 7, 0, 79431
2026/09/15 06:02:03.724, 4, 99, 79447
2026/09/15 06:02:03.724, 5, 99, 79431
2026/09/15 06:02:03.724, 6, 89, 79431
2026/09/15 06:02:03.724, 7, 99, 79431
2026/09/15 06:02:04.224, 4, 100, 79447
2026/09/15 06:02:04.224, 5, 100, 79431
2026/09/15 06:02:04.224, 6, 100, 79431
2026/09/15 06:02:04.225, 7, 100, 79431
2026/09/15 06:02:04.725, 4, 100, 79447
2026/09/15 06:02:04.725, 5, 100, 79431
2026/09/15 06:02:04.725, 6, 100, 79431
2026/09/15 06:02:04.725, 7, 100, 79431
2026/09/15 06:02:05.225, 4, 12, 79447
2026/09/15 06:02:05.225, 5, 100, 79431
2026/09/15 06:02:05.225, 6, 52, 79431
2026/09/15 06:02:05.225, 7, 23, 79431
2026/09/15 06:02:05.725, 4, 0, 79447
2026/09/15 06:02:05.725, 5, 0, 79431
2026/09/15 06:02:05.725, 6, 0, 79431
2026/09/15 06:02:05.725, 7, 0, 79431
2026/09/15 06:02:06.226, 4, 99, 79447
2026/09/15 06:02:06.226, 5, 52, 79431
2026/09/15 06:02:06.226, 6, 99, 79431
2026/09/15 06:02:06.226, 7, 99, 79431
2026/09/15 06:02:06.726, 4, 99, 79447
2026/09/15 06:02:06.726, 5, 99, 79431
2026/09/15 06:02:06.726, 6, 99, 79431
2026/09/15 06:02:06.726, 7, 99, 79431
2026/09/15 06:02:07.226, 4, 100, 79447
2026/09/15 06:02:07.226, 5, 100, 79431
2026/09/15 06:02:07.226, 6, 100, 79431
2026/09/15 06:02:07.226, 7, 99, 79431
2026/09/15 06:02:07.726, 4, 100, 79447
2026/09/15 06:02:07.726, 5, 100, 79431
2026/09/15 06:02:07.726, 6, 100, 79431
2026/09/15 06:02:07.726, 7, 100, 79431
2026/09/15 06:02:08.227, 4, 99, 79447
2026/09/15 06:02:08.227, 5, 99, 79431
2026/09/15 06:02:08.227, 6, 99, 79431
2026/09/15 06:02:08.227, 7, 99, 79431
2026/09/15 06:02:08.727, 4, 100, 79447
2026/09/15 06:02:08.727, 5, 100, 79431
2026/09/15 06:02:08.727, 6, 100, 79431
2026/09/15 06:02:08.727, 7, 100, 79431
2026/09/15 06:02:09.227, 4, 100, 79447
2026/09/15 06:02:09.227, 5, 100, 79431
2026/09/15 06:02:09.227, 6, 100, 79431
2026/09/15 06:02:09.227, 7, 100, 79431
2026/09/15 06:02:09.728, 4, 99, 79447
2026/09/15 06:02:09.728, 5, 99, 79431
2026/09/15 06:02:09.728, 6, 99, 79431
2026/09/15 06:02:09.728, 7, 99, 79431
2026/09/15 06:02:10.228, 4, 99, 79447
2026/09/15 06:02:10.228, 5, 100, 79431
2026/09/15 06:02:10.228, 6, 100, 79431
2026/09/15 06:02:10.228, 7, 100, 79431
2026/09/15 06:02:10.728, 4, 99, 79447
2026/09/15 06:02:10.728, 5, 100, 79431
2026/09/15 06:02:10.728, 6, 100, 79431
2026/09/15 06:02:10.728, 7, 100, 79431
2026/09/15 06:02:11.228, 4, 100, 79447
2026/09/15 06:02:11.228, 5, 100, 79431
2026/09/15 06:02:11.228, 6, 99, 79431
2026/09/15 06:02:11.228, 7, 99, 79431
2026/09/15 06:02:11.728, 4, 99, 79447
2026/09/15 06:02:11.729, 5, 99, 79431
2026/09/15 06:02:11.729, 6, 99, 79431
2026/09/15 06:02:11.729, 7, 99, 79431
2026/09/15 06:02:12.229, 4, 100, 79447
2026/09/15 06:02:12.229, 5, 100, 79431
2026/09/15 06:02:12.229, 6, 100, 79431
2026/09/15 06:02:12.229, 7, 100, 79431
2026/09/15 06:02:12.729, 4, 100, 79447
2026/09/15 06:02:12.729, 5, 100, 79431
2026/09/15 06:02:12.729, 6, 100, 79431
2026/09/15 06:02:12.729, 7, 100, 79431
2026/09/15 06:02:13.229, 4, 99, 79447
2026/09/15 06:02:13.229, 5, 100, 79431
2026/09/15 06:02:13.229, 6, 99, 79431
2026/09/15 06:02:13.229, 7, 99, 79431
2026/09/15 06:02:13.730, 4, 99, 79447
2026/09/15 06:02:13.730, 5, 100, 79431
2026/09/15 06:02:13.730, 6, 99, 79431
2026/09/15 06:02:13.730, 7, 99, 79431
2026/09/15 06:02:14.230, 4, 99, 79447
2026/09/15 06:02:14.230, 5, 100, 79431
2026/09/15 06:02:14.230, 6, 100, 79431
2026/09/15 06:02:14.230, 7, 100, 79431
2026/09/15 06:02:14.730, 4, 100, 79447
2026/09/15 06:02:14.730, 5, 99, 79431
2026/09/15 06:02:14.730, 6, 99, 79431
2026/09/15 06:02:14.730, 7, 99, 79431
2026/09/15 06:02:15.230, 4, 99, 79447
2026/09/15 06:02:15.230, 5, 99, 79431
2026/09/15 06:02:15.230, 6, 100, 79431
2026/09/15 06:02:15.230, 7, 100, 79431
2026/09/15 06:02:15.730, 4, 100, 79447
2026/09/15 06:02:15.731, 5, 100, 79431
2026/09/15 06:02:15.731, 6, 99, 79431
2026/09/15 06:02:15.731, 7, 99, 79431
2026/09/15 06:02:16.231, 4, 100, 79447
2026/09/15 06:02:16.231, 5, 100, 79431
2026/09/15 06:02:16.231, 6, 100, 79431
2026/09/15 06:02:16.231, 7, 99, 79431
2026/09/15 06:02:16.731, 4, 99, 79447
2026/09/15 06:02:16.731, 5, 99, 79431
2026/09/15 06:02:16.731, 6, 99, 79431
2026/09/15 06:02:16.731, 7, 99, 79431
2026/09/15 06:02:17.232, 4, 99, 79447
2026/09/15 06:02:17.232, 5, 99, 79431
2026/09/15 06:02:17.232, 6, 100, 79431
2026/09/15 06:02:17.232, 7, 100, 79431
2026/09/15 06:02:17.732, 4, 99, 79447
2026/09/15 06:02:17.732, 5, 99, 79431
2026/09/15 06:02:17.732, 6, 100, 79431
2026/09/15 06:02:17.732, 7, 99, 79431
2026/09/15 06:02:18.232, 4, 0, 79447
2026/09/15 06:02:18.232, 5, 0, 79431
2026/09/15 06:02:18.232, 6, 0, 79431
2026/09/15 06:02:18.232, 7, 0, 79431
2026/09/15 06:02:18.732, 4, 0, 79447
2026/09/15 06:02:18.732, 5, 0, 79431
2026/09/15 06:02:18.732, 6, 0, 79431
2026/09/15 06:02:18.732, 7, 0, 79431
2026/09/15 06:02:19.232, 4, 0, 79447
2026/09/15 06:02:19.233, 5, 0, 79431
2026/09/15 06:02:19.233, 6, 0, 79431
2026/09/15 06:02:19.233, 7, 0, 79431
2026/09/15 06:02:19.733, 4, 0, 79447
2026/09/15 06:02:19.733, 5, 0, 79431
2026/09/15 06:02:19.733, 6, 0, 79431
2026/09/15 06:02:19.733, 7, 0, 79431
2026/09/15 06:02:20.233, 4, 0, 79447
2026/09/15 06:02:20.233, 5, 0, 79431
2026/09/15 06:02:20.233, 6, 0, 79431
2026/09/15 06:02:20.233, 7, 0, 79431
2026/09/15 06:02:20.733, 4, 0, 79447
2026/09/15 06:02:20.733, 5, 0, 79431
2026/09/15 06:02:20.733, 6, 0, 79431
2026/09/15 06:02:20.733, 7, 0, 79431
2026/09/15 06:02:21.233, 4, 0, 79447
2026/09/15 06:02:21.234, 5, 0, 79431
2026/09/15 06:02:21.234, 6, 0, 79431
2026/09/15 06:02:21.234, 7, 0, 79431
2026/09/15 06:02:21.734, 4, 0, 79447
2026/09/15 06:02:21.734, 5, 0, 79431
2026/09/15 06:02:21.735, 6, 0, 79431
2026/09/15 06:02:21.735, 7, 0, 79431
2026/09/15 06:02:22.235, 4, 0, 79447
2026/09/15 06:02:22.235, 5, 0, 79431
2026/09/15 06:02:22.235, 6, 0, 79431
2026/09/15 06:02:22.235, 7, 0, 79431
2026/09/15 06:02:22.735, 4, 0, 79447
2026/09/15 06:02:22.735, 5, 47, 79431
2026/09/15 06:02:22.735, 6, 14, 79431
2026/09/15 06:02:22.735, 7, 0, 79431
2026/09/15 06:02:23.235, 4, 99, 79447
2026/09/15 06:02:23.235, 5, 99, 79431
2026/09/15 06:02:23.235, 6, 99, 79431
2026/09/15 06:02:23.235, 7, 99, 79431
2026/09/15 06:02:23.735, 4, 100, 79447
2026/09/15 06:02:23.735, 5, 100, 79431
2026/09/15 06:02:23.735, 6, 100, 79431
2026/09/15 06:02:23.735, 7, 100, 79431
2026/09/15 06:02:24.236, 4, 100, 79447
2026/09/15 06:02:24.236, 5, 100, 79431
2026/09/15 06:02:24.236, 6, 100, 79431
2026/09/15 06:02:24.236, 7, 100, 79431
2026/09/15 06:02:24.736, 4, 0, 79447
2026/09/15 06:02:24.736, 5, 0, 79431
2026/09/15 06:02:24.736, 6, 0, 79431
2026/09/15 06:02:24.736, 7, 0, 79431
2026/09/15 06:02:25.236, 4, 0, 79447
2026/09/15 06:02:25.236, 5, 0, 79431
2026/09/15 06:02:25.236, 6, 0, 79431
2026/09/15 06:02:25.236, 7, 0, 79431
2026/09/15 06:02:25.736, 4, 99, 79447
2026/09/15 06:02:25.736, 5, 100, 79431
2026/09/15 06:02:25.736, 6, 99, 79431
2026/09/15 06:02:25.736, 7, 99, 79431
2026/09/15 06:02:26.236, 4, 99, 79447
2026/09/15 06:02:26.237, 5, 100, 79431
2026/09/15 06:02:26.237, 6, 100, 79431
2026/09/15 06:02:26.237, 7, 100, 79431
2026/09/15 06:02:26.737, 4, 99, 79447
2026/09/15 06:02:26.737, 5, 100, 79431
2026/09/15 06:02:26.737, 6, 100, 79431
2026/09/15 06:02:26.737, 7, 100, 79431
2026/09/15 06:02:27.237, 4, 99, 79447
2026/09/15 06:02:27.237, 5, 100, 79431
2026/09/15 06:02:27.237, 6, 99, 79431
2026/09/15 06:02:27.237, 7, 99, 79431
2026/09/15 06:02:27.737, 4, 99, 79447
2026/09/15 06:02:27.737, 5, 99, 79431
2026/09/15 06:02:27.737, 6, 99, 79431
2026/09/15 06:02:27.737, 7, 99, 79431
2026/09/15 06:02:28.237, 4, 100, 79447
2026/09/15 06:02:28.238, 5, 99, 79431
2026/09/15 06:02:28.238, 6, 100, 79431
2026/09/15 06:02:28.238, 7, 100, 79431
2026/09/15 06:02:28.738, 4, 100, 79447
2026/09/15 06:02:28.738, 5, 100, 79431
2026/09/15 06:02:28.738, 6, 100, 79431
2026/09/15 06:02:28.738, 7, 100, 79431
2026/09/15 06:02:29.238, 4, 99, 79447
2026/09/15 06:02:29.238, 5, 99, 79431
2026/09/15 06:02:29.239, 6, 99, 79431
2026/09/15 06:02:29.239, 7, 99, 79431
2026/09/15 06:02:29.739, 4, 99, 79447
2026/09/15 06:02:29.739, 5, 100, 79431
2026/09/15 06:02:29.739, 6, 100, 79431
2026/09/15 06:02:29.739, 7, 100, 79431
2026/09/15 06:02:30.239, 4, 99, 79447
2026/09/15 06:02:30.239, 5, 100, 79431
2026/09/15 06:02:30.239, 6, 100, 79431
2026/09/15 06:02:30.239, 7, 100, 79431
2026/09/15 06:02:30.739, 4, 99, 79447
2026/09/15 06:02:30.739, 5, 99, 79431
2026/09/15 06:02:30.739, 6, 99, 79431
2026/09/15 06:02:30.739, 7, 99, 79431
2026/09/15 06:02:31.239, 4, 100, 79447
2026/09/15 06:02:31.239, 5, 100, 79431
2026/09/15 06:02:31.239, 6, 100, 79431
2026/09/15 06:02:31.239, 7, 100, 79431
2026/09/15 06:02:31.740, 4, 100, 79447
2026/09/15 06:02:31.740, 5, 100, 79431
2026/09/15 06:02:31.740, 6, 100, 79431
2026/09/15 06:02:31.740, 7, 100, 79431
2026/09/15 06:02:32.240, 4, 99, 79447
2026/09/15 06:02:32.240, 5, 100, 79431
2026/09/15 06:02:32.240, 6, 100, 79431
2026/09/15 06:02:32.240, 7, 99, 79431
2026/09/15 06:02:32.740, 4, 99, 79447
2026/09/15 06:02:32.740, 5, 99, 79431
2026/09/15 06:02:32.740, 6, 99, 79431
2026/09/15 06:02:32.740, 7, 99, 79431
2026/09/15 06:02:33.240, 4, 99, 79447
2026/09/15 06:02:33.240, 5, 100, 79431
2026/09/15 06:02:33.240, 6, 100, 79431
2026/09/15 06:02:33.240, 7, 99, 79431
2026/09/15 06:02:33.740, 4, 100, 79447
2026/09/15 06:02:33.741, 5, 100, 79431
2026/09/15 06:02:33.741, 6, 100, 79431
2026/09/15 06:02:33.741, 7, 100, 79431
2026/09/15 06:02:34.241, 4, 99, 79447
2026/09/15 06:02:34.241, 5, 99, 79431
2026/09/15 06:02:34.241, 6, 99, 79431
2026/09/15 06:02:34.241, 7, 99, 79431
2026/09/15 06:02:34.741, 4, 99, 79447
2026/09/15 06:02:34.741, 5, 99, 79431
2026/09/15 06:02:34.741, 6, 100, 79431
2026/09/15 06:02:34.741, 7, 100, 79431
2026/09/15 06:02:35.241, 4, 100, 79447
2026/09/15 06:02:35.241, 5, 100, 79431
2026/09/15 06:02:35.241, 6, 100, 79431
2026/09/15 06:02:35.241, 7, 100, 79431
2026/09/15 06:02:35.741, 4, 100, 79447
2026/09/15 06:02:35.741, 5, 99, 79431
2026/09/15 06:02:35.741, 6, 99, 79431
2026/09/15 06:02:35.741, 7, 99, 79431
2026/09/15 06:02:36.242, 4, 99, 79447
2026/09/15 06:02:36.242, 5, 99, 79431
2026/09/15 06:02:36.242, 6, 100, 79431
2026/09/15 06:02:36.242, 7, 100, 79431
2026/09/15 06:02:36.742, 4, 99, 79447
2026/09/15 06:02:36.742, 5, 100, 79431
2026/09/15 06:02:36.742, 6, 100, 79431
2026/09/15 06:02:36.742, 7, 100, 79431
2026/09/15 06:02:37.242, 4, 99, 79447
2026/09/15 06:02:37.242, 5, 100, 79431
2026/09/15 06:02:37.242, 6, 77, 79431
2026/09/15 06:02:37.242, 7, 100, 79431
2026/09/15 06:02:37.742, 4, 0, 79447
2026/09/15 06:02:37.742, 5, 0, 79431
2026/09/15 06:02:37.742, 6, 0, 79431
2026/09/15 06:02:37.742, 7, 0, 79431
2026/09/15 06:02:38.242, 4, 0, 79447
2026/09/15 06:02:38.243, 5, 0, 79431
2026/09/15 06:02:38.243, 6, 0, 79431
2026/09/15 06:02:38.243, 7, 0, 79431
2026/09/15 06:02:38.743, 4, 0, 79447
2026/09/15 06:02:38.743, 5, 0, 79431
2026/09/15 06:02:38.743, 6, 0, 79431
2026/09/15 06:02:38.743, 7, 0, 79431
2026/09/15 06:02:39.243, 4, 0, 79447
2026/09/15 06:02:39.243, 5, 0, 79431
2026/09/15 06:02:39.243, 6, 0, 79431
2026/09/15 06:02:39.243, 7, 0, 79431
2026/09/15 06:02:39.743, 4, 0, 79447
2026/09/15 06:02:39.743, 5, 0, 79431
2026/09/15 06:02:39.743, 6, 0, 79431
2026/09/15 06:02:39.743, 7, 0, 79431
2026/09/15 06:02:40.243, 4, 0, 79447
2026/09/15 06:02:40.244, 5, 0, 79431
2026/09/15 06:02:40.244, 6, 0, 79431
2026/09/15 06:02:40.244, 7, 0, 79431
2026/09/15 06:02:40.744, 4, 0, 79447
2026/09/15 06:02:40.744, 5, 0, 79431
2026/09/15 06:02:40.744, 6, 0, 79431
2026/09/15 06:02:40.744, 7, 0, 79431
2026/09/15 06:02:41.244, 4, 0, 79447
2026/09/15 06:02:41.245, 5, 0, 79431
2026/09/15 06:02:41.245, 6, 0, 79431
2026/09/15 06:02:41.245, 7, 0, 79431
2026/09/15 06:02:41.746, 4, 0, 79447
2026/09/15 06:02:41.746, 5, 0, 79431
2026/09/15 06:02:41.746, 6, 0, 79431
2026/09/15 06:02:41.746, 7, 0, 79431
2026/09/15 06:02:42.246, 4, 95, 79447
2026/09/15 06:02:42.246, 5, 90, 79431
2026/09/15 06:02:42.246, 6, 99, 79431
2026/09/15 06:02:42.246, 7, 99, 79431
2026/09/15 06:02:42.746, 4, 99, 79447
2026/09/15 06:02:42.746, 5, 100, 79431
2026/09/15 06:02:42.746, 6, 100, 79431
2026/09/15 06:02:42.746, 7, 100, 79431
2026/09/15 06:02:43.247, 4, 100, 79447
2026/09/15 06:02:43.247, 5, 99, 79431
2026/09/15 06:02:43.247, 6, 100, 79431
2026/09/15 06:02:43.247, 7, 100, 79431
2026/09/15 06:02:43.747, 4, 100, 79447
2026/09/15 06:02:43.747, 5, 51, 79431
2026/09/15 06:02:43.747, 6, 80, 79431
2026/09/15 06:02:43.747, 7, 100, 79431
2026/09/15 06:02:44.247, 4, 0, 79447
2026/09/15 06:02:44.247, 5, 0, 79431
2026/09/15 06:02:44.247, 6, 0, 79431
2026/09/15 06:02:44.247, 7, 0, 79431
2026/09/15 06:02:44.747, 4, 41, 79447
2026/09/15 06:02:44.747, 5, 99, 79431
2026/09/15 06:02:44.747, 6, 99, 79431
2026/09/15 06:02:44.747, 7, 41, 79431
2026/09/15 06:02:45.248, 4, 99, 79447
2026/09/15 06:02:45.248, 5, 99, 79431
2026/09/15 06:02:45.248, 6, 100, 79431
2026/09/15 06:02:45.248, 7, 100, 79431
2026/09/15 06:02:45.748, 4, 99, 79447
2026/09/15 06:02:45.748, 5, 100, 79431
2026/09/15 06:02:45.748, 6, 100, 79431
2026/09/15 06:02:45.749, 7, 100, 79431
2026/09/15 06:02:46.249, 4, 100, 79447
2026/09/15 06:02:46.249, 5, 100, 79431
2026/09/15 06:02:46.249, 6, 100, 79431
2026/09/15 06:02:46.249, 7, 100, 79431
2026/09/15 06:02:46.749, 4, 99, 79447
2026/09/15 06:02:46.749, 5, 99, 79431
2026/09/15 06:02:46.749, 6, 99, 79431
2026/09/15 06:02:46.750, 7, 99, 79431
2026/09/15 06:02:47.250, 4, 100, 79447
2026/09/15 06:02:47.250, 5, 100, 79431
2026/09/15 06:02:47.250, 6, 100, 79431
2026/09/15 06:02:47.250, 7, 100, 79431
2026/09/15 06:02:47.750, 4, 100, 79447
2026/09/15 06:02:47.750, 5, 100, 79431
2026/09/15 06:02:47.750, 6, 100, 79431
2026/09/15 06:02:47.750, 7, 100, 79431
2026/09/15 06:02:48.250, 4, 99, 79447
2026/09/15 06:02:48.250, 5, 99, 79431
2026/09/15 06:02:48.250, 6, 99, 79431
2026/09/15 06:02:48.250, 7, 99, 79431
2026/09/15 06:02:48.750, 4, 99, 79447
2026/09/15 06:02:48.750, 5, 99, 79431
2026/09/15 06:02:48.750, 6, 99, 79431
2026/09/15 06:02:48.750, 7, 99, 79431
2026/09/15 06:02:49.251, 4, 99, 79447
2026/09/15 06:02:49.251, 5, 100, 79431
2026/09/15 06:02:49.251, 6, 100, 79431
2026/09/15 06:02:49.251, 7, 99, 79431
2026/09/15 06:02:49.751, 4, 100, 79447
2026/09/15 06:02:49.751, 5, 99, 79431
2026/09/15 06:02:49.751, 6, 100, 79431
2026/09/15 06:02:49.751, 7, 100, 79431
2026/09/15 06:02:50.251, 4, 99, 79447
2026/09/15 06:02:50.251, 5, 99, 79431
2026/09/15 06:02:50.251, 6, 99, 79431
2026/09/15 06:02:50.251, 7, 99, 79431
2026/09/15 06:02:50.751, 4, 99, 79447
2026/09/15 06:02:50.751, 5, 99, 79431
2026/09/15 06:02:50.751, 6, 100, 79431
2026/09/15 06:02:50.751, 7, 100, 79431
2026/09/15 06:02:51.251, 4, 100, 79447
2026/09/15 06:02:51.252, 5, 100, 79431
2026/09/15 06:02:51.252, 6, 100, 79431
2026/09/15 06:02:51.252, 7, 100, 79431
2026/09/15 06:02:51.752, 4, 99, 79447
2026/09/15 06:02:51.752, 5, 99, 79431
2026/09/15 06:02:51.752, 6, 99, 79431
2026/09/15 06:02:51.752, 7, 99, 79431
2026/09/15 06:02:52.252, 4, 99, 79447
2026/09/15 06:02:52.252, 5, 99, 79431
2026/09/15 06:02:52.252, 6, 100, 79431
2026/09/15 06:02:52.252, 7, 100, 79431
2026/09/15 06:02:52.752, 4, 99, 79447
2026/09/15 06:02:52.752, 5, 100, 79431
2026/09/15 06:02:52.752, 6, 100, 79431
2026/09/15 06:02:52.752, 7, 100, 79431
2026/09/15 06:02:53.252, 4, 99, 79447
2026/09/15 06:02:53.252, 5, 100, 79431
2026/09/15 06:02:53.252, 6, 99, 79431
2026/09/15 06:02:53.252, 7, 99, 79431
2026/09/15 06:02:53.753, 4, 99, 79447
2026/09/15 06:02:53.753, 5, 99, 79431
2026/09/15 06:02:53.753, 6, 99, 79431
2026/09/15 06:02:53.753, 7, 100, 79431
2026/09/15 06:02:54.253, 4, 100, 79447
2026/09/15 06:02:54.253, 5, 99, 79431
2026/09/15 06:02:54.253, 6, 100, 79431
2026/09/15 06:02:54.253, 7, 100, 79431
2026/09/15 06:02:54.753, 4, 100, 79447
2026/09/15 06:02:54.753, 5, 100, 79431
2026/09/15 06:02:54.753, 6, 100, 79431
2026/09/15 06:02:54.753, 7, 100, 79431
2026/09/15 06:02:55.253, 4, 99, 79447
2026/09/15 06:02:55.253, 5, 99, 79431
2026/09/15 06:02:55.253, 6, 99, 79431
2026/09/15 06:02:55.253, 7, 99, 79431
2026/09/15 06:02:55.754, 4, 99, 79447
2026/09/15 06:02:55.754, 5, 100, 79431
2026/09/15 06:02:55.754, 6, 100, 79431
2026/09/15 06:02:55.754, 7, 100, 79431
2026/09/15 06:02:56.254, 4, 99, 79447
2026/09/15 06:02:56.254, 5, 99, 79431
2026/09/15 06:02:56.254, 6, 100, 79431
2026/09/15 06:02:56.254, 7, 100, 79431
2026/09/15 06:02:56.754, 4, 0, 79447
2026/09/15 06:02:56.754, 5, 0, 79431
2026/09/15 06:02:56.754, 6, 21, 79431
2026/09/15 06:02:56.754, 7, 0, 79431
2026/09/15 06:02:57.254, 4, 0, 79447
2026/09/15 06:02:57.254, 5, 0, 79431
2026/09/15 06:02:57.254, 6, 0, 79431
2026/09/15 06:02:57.254, 7, 0, 79431
2026/09/15 06:02:57.755, 4, 0, 79447
2026/09/15 06:02:57.755, 5, 0, 79431
2026/09/15 06:02:57.755, 6, 0, 79431
2026/09/15 06:02:57.755, 7, 0, 79431
2026/09/15 06:02:58.255, 4, 0, 79447
2026/09/15 06:02:58.255, 5, 0, 79431
2026/09/15 06:02:58.255, 6, 0, 79431
2026/09/15 06:02:58.255, 7, 0, 79431
2026/09/15 06:02:58.755, 4, 0, 79447
2026/09/15 06:02:58.755, 5, 0, 79431
2026/09/15 06:02:58.755, 6, 0, 79431
2026/09/15 06:02:58.755, 7, 0, 79431
2026/09/15 06:02:59.255, 4, 0, 79447
2026/09/15 06:02:59.255, 5, 0, 79431
2026/09/15 06:02:59.255, 6, 0, 79431
2026/09/15 06:02:59.255, 7, 0, 79431
2026/09/15 06:02:59.756, 4, 0, 79447
2026/09/15 06:02:59.756, 5, 0, 79431
2026/09/15 06:02:59.756, 6, 0, 79431
2026/09/15 06:02:59.756, 7, 0, 79431
2026/09/15 06:03:00.256, 4, 0, 79447
2026/09/15 06:03:00.256, 5, 0, 79431
2026/09/15 06:03:00.256, 6, 0, 79431
2026/09/15 06:03:00.256, 7, 0, 79431
2026/09/15 06:03:00.756, 4, 0, 79447
2026/09/15 06:03:00.756, 5, 0, 79431
2026/09/15 06:03:00.756, 6, 0, 79431
2026/09/15 06:03:00.756, 7, 0, 79431
2026/09/15 06:03:01.256, 4, 0, 79447
2026/09/15 06:03:01.258, 5, 0, 79431
2026/09/15 06:03:01.258, 6, 13, 79431
2026/09/15 06:03:01.258, 7, 54, 79431
2026/09/15 06:03:01.758, 4, 99, 79447
2026/09/15 06:03:01.758, 5, 99, 79431
2026/09/15 06:03:01.758, 6, 99, 79431
2026/09/15 06:03:01.758, 7, 99, 79431
2026/09/15 06:03:02.259, 4, 100, 79447
2026/09/15 06:03:02.259, 5, 100, 79431
2026/09/15 06:03:02.259, 6, 100, 79431
2026/09/15 06:03:02.259, 7, 100, 79431
2026/09/15 06:03:02.759, 4, 99, 79447
2026/09/15 06:03:02.759, 5, 99, 79431
2026/09/15 06:03:02.759, 6, 100, 79431
2026/09/15 06:03:02.759, 7, 100, 79431
2026/09/15 06:03:03.259, 4, 0, 79447
2026/09/15 06:03:03.259, 5, 0, 79431
2026/09/15 06:03:03.259, 6, 0, 79431
2026/09/15 06:03:03.259, 7, 0, 79431
2026/09/15 06:03:03.759, 4, 0, 79447
2026/09/15 06:03:03.759, 5, 0, 79431
2026/09/15 06:03:03.759, 6, 0, 79431
2026/09/15 06:03:03.759, 7, 0, 79431
2026/09/15 06:03:04.259, 4, 99, 79447
2026/09/15 06:03:04.260, 5, 99, 79431
2026/09/15 06:03:04.260, 6, 99, 79431
2026/09/15 06:03:04.260, 7, 99, 79431
2026/09/15 06:03:04.760, 4, 99, 79447
2026/09/15 06:03:04.760, 5, 99, 79431
2026/09/15 06:03:04.760, 6, 100, 79431
2026/09/15 06:03:04.760, 7, 100, 79431
2026/09/15 06:03:05.260, 4, 99, 79447
2026/09/15 06:03:05.260, 5, 100, 79431
2026/09/15 06:03:05.260, 6, 99, 79431
2026/09/15 06:03:05.260, 7, 99, 79431
2026/09/15 06:03:05.760, 4, 100, 79447
2026/09/15 06:03:05.760, 5, 99, 79431
2026/09/15 06:03:05.760, 6, 99, 79431
2026/09/15 06:03:05.760, 7, 100, 79431
2026/09/15 06:03:06.260, 4, 99, 79447
2026/09/15 06:03:06.261, 5, 99, 79431
2026/09/15 06:03:06.261, 6, 100, 79431
2026/09/15 06:03:06.261, 7, 100, 79431
2026/09/15 06:03:06.761, 4, 100, 79447
2026/09/15 06:03:06.761, 5, 100, 79431
2026/09/15 06:03:06.761, 6, 100, 79431
2026/09/15 06:03:06.761, 7, 100, 79431
2026/09/15 06:03:07.261, 4, 100, 79447
2026/09/15 06:03:07.261, 5, 100, 79431
2026/09/15 06:03:07.261, 6, 100, 79431
2026/09/15 06:03:07.261, 7, 100, 79431
2026/09/15 06:03:07.761, 4, 99, 79447
2026/09/15 06:03:07.761, 5, 100, 79431
2026/09/15 06:03:07.761, 6, 99, 79431
2026/09/15 06:03:07.761, 7, 99, 79431
2026/09/15 06:03:08.261, 4, 99, 79447
2026/09/15 06:03:08.262, 5, 100, 79431
2026/09/15 06:03:08.262, 6, 100, 79431
2026/09/15 06:03:08.262, 7, 100, 79431
2026/09/15 06:03:08.762, 4, 99, 79447
2026/09/15 06:03:08.762, 5, 100, 79431
2026/09/15 06:03:08.762, 6, 100, 79431
2026/09/15 06:03:08.762, 7, 100, 79431
2026/09/15 06:03:09.262, 4, 99, 79447
2026/09/15 06:03:09.262, 5, 99, 79431
2026/09/15 06:03:09.262, 6, 99, 79431
2026/09/15 06:03:09.262, 7, 99, 79431
2026/09/15 06:03:09.762, 4, 99, 79447
2026/09/15 06:03:09.762, 5, 100, 79431
2026/09/15 06:03:09.762, 6, 100, 79431
2026/09/15 06:03:09.762, 7, 99, 79431
2026/09/15 06:03:10.262, 4, 100, 79447
2026/09/15 06:03:10.262, 5, 100, 79431
2026/09/15 06:03:10.262, 6, 100, 79431
2026/09/15 06:03:10.262, 7, 100, 79431
2026/09/15 06:03:10.763, 4, 100, 79447
2026/09/15 06:03:10.763, 5, 99, 79431
2026/09/15 06:03:10.763, 6, 100, 79431
2026/09/15 06:03:10.763, 7, 100, 79431
2026/09/15 06:03:11.263, 4, 99, 79447
2026/09/15 06:03:11.263, 5, 99, 79431
2026/09/15 06:03:11.263, 6, 99, 79431
2026/09/15 06:03:11.263, 7, 99, 79431
2026/09/15 06:03:11.763, 4, 99, 79447
2026/09/15 06:03:11.763, 5, 99, 79431
2026/09/15 06:03:11.763, 6, 100, 79431
2026/09/15 06:03:11.763, 7, 99, 79431
2026/09/15 06:03:12.263, 4, 99, 79447
2026/09/15 06:03:12.263, 5, 100, 79431
2026/09/15 06:03:12.263, 6, 100, 79431
2026/09/15 06:03:12.263, 7, 100, 79431
2026/09/15 06:03:12.763, 4, 99, 79447
2026/09/15 06:03:12.764, 5, 99, 79431
2026/09/15 06:03:12.764, 6, 99, 79431
2026/09/15 06:03:12.764, 7, 99, 79431
2026/09/15 06:03:13.264, 4, 100, 79447
2026/09/15 06:03:13.264, 5, 100, 79431
2026/09/15 06:03:13.264, 6, 100, 79431
2026/09/15 06:03:13.264, 7, 100, 79431
2026/09/15 06:03:13.764, 4, 99, 79447
2026/09/15 06:03:13.764, 5, 100, 79431
2026/09/15 06:03:13.764, 6, 100, 79431
2026/09/15 06:03:13.764, 7, 100, 79431
2026/09/15 06:03:14.264, 4, 99, 79447
2026/09/15 06:03:14.264, 5, 100, 79431
2026/09/15 06:03:14.264, 6, 99, 79431
2026/09/15 06:03:14.264, 7, 99, 79431
2026/09/15 06:03:14.764, 4, 99, 79447
2026/09/15 06:03:14.765, 5, 99, 79431
2026/09/15 06:03:14.765, 6, 99, 79431
2026/09/15 06:03:14.765, 7, 99, 79431
2026/09/15 06:03:15.265, 4, 100, 79447
2026/09/15 06:03:15.265, 5, 100, 79431
2026/09/15 06:03:15.265, 6, 100, 79431
2026/09/15 06:03:15.265, 7, 100, 79431
2026/09/15 06:03:15.765, 4, 99, 79447
2026/09/15 06:03:15.786, 5, 100, 79431
2026/09/15 06:03:15.786, 6, 100, 79431
2026/09/15 06:03:15.786, 7, 99, 79431
2026/09/15 06:03:16.286, 4, 0, 79447
2026/09/15 06:03:16.286, 5, 0, 79431
2026/09/15 06:03:16.286, 6, 0, 79431
2026/09/15 06:03:16.286, 7, 0, 79431
2026/09/15 06:03:16.786, 4, 0, 79447
2026/09/15 06:03:16.786, 5, 0, 79431
2026/09/15 06:03:16.786, 6, 0, 79431
2026/09/15 06:03:16.786, 7, 0, 79431
2026/09/15 06:03:17.286, 4, 0, 79447
2026/09/15 06:03:17.286, 5, 0, 79431
2026/09/15 06:03:17.287, 6, 0, 79431
2026/09/15 06:03:17.287, 7, 0, 79431
2026/09/15 06:03:17.787, 4, 0, 79447
2026/09/15 06:03:17.787, 5, 0, 79431
2026/09/15 06:03:17.787, 6, 0, 79431
2026/09/15 06:03:17.787, 7, 0, 79431
2026/09/15 06:03:18.287, 4, 0, 79447
2026/09/15 06:03:18.287, 5, 0, 79431
2026/09/15 06:03:18.287, 6, 0, 79431
2026/09/15 06:03:18.287, 7, 0, 79431
2026/09/15 06:03:18.787, 4, 0, 79447
2026/09/15 06:03:18.788, 5, 0, 79431
2026/09/15 06:03:18.788, 6, 0, 79431
2026/09/15 06:03:18.788, 7, 0, 79431
2026/09/15 06:03:19.288, 4, 0, 79447
2026/09/15 06:03:19.288, 5, 0, 79431
2026/09/15 06:03:19.288, 6, 0, 79431
2026/09/15 06:03:19.288, 7, 0, 79431
2026/09/15 06:03:19.788, 4, 0, 79447
2026/09/15 06:03:19.788, 5, 0, 79431
2026/09/15 06:03:19.788, 6, 0, 79431
2026/09/15 06:03:19.788, 7, 0, 79431
2026/09/15 06:03:20.288, 4, 0, 79447
2026/09/15 06:03:20.288, 5, 0, 79431
2026/09/15 06:03:20.288, 6, 0, 79431
2026/09/15 06:03:20.288, 7, 0, 79431
2026/09/15 06:03:20.789, 4, 95, 79447
2026/09/15 06:03:20.789, 5, 86, 79431
2026/09/15 06:03:20.789, 6, 56, 79431
2026/09/15 06:03:20.789, 7, 95, 79431
2026/09/15 06:03:21.289, 4, 100, 79447
2026/09/15 06:03:21.289, 5, 99, 79431
2026/09/15 06:03:21.289, 6, 99, 79431
2026/09/15 06:03:21.289, 7, 100, 79431
2026/09/15 06:03:21.789, 4, 100, 79447
2026/09/15 06:03:21.789, 5, 100, 79431
2026/09/15 06:03:21.789, 6, 100, 79431
2026/09/15 06:03:21.789, 7, 100, 79431
2026/09/15 06:03:22.289, 4, 46, 79447
2026/09/15 06:03:22.289, 5, 100, 79431
2026/09/15 06:03:22.290, 6, 87, 79431
2026/09/15 06:03:22.290, 7, 43, 79431
2026/09/15 06:03:22.790, 4, 0, 79447
2026/09/15 06:03:22.790, 5, 0, 79431
2026/09/15 06:03:22.790, 6, 0, 79431
2026/09/15 06:03:22.790, 7, 0, 79431
2026/09/15 06:03:23.290, 4, 99, 79447
2026/09/15 06:03:23.290, 5, 21, 79431
2026/09/15 06:03:23.290, 6, 88, 79431
2026/09/15 06:03:23.290, 7, 100, 79431
2026/09/15 06:03:23.790, 4, 99, 79447
2026/09/15 06:03:23.790, 5, 99, 79431
2026/09/15 06:03:23.790, 6, 99, 79431
2026/09/15 06:03:23.790, 7, 99, 79431
2026/09/15 06:03:24.291, 4, 99, 79447
2026/09/15 06:03:24.291, 5, 100, 79431
2026/09/15 06:03:24.291, 6, 99, 79431
2026/09/15 06:03:24.291, 7, 100, 79431
2026/09/15 06:03:24.791, 4, 99, 79447
2026/09/15 06:03:24.791, 5, 100, 79431
2026/09/15 06:03:24.791, 6, 100, 79431
2026/09/15 06:03:24.791, 7, 100, 79431
2026/09/15 06:03:25.291, 4, 99, 79447
2026/09/15 06:03:25.291, 5, 99, 79431
2026/09/15 06:03:25.291, 6, 99, 79431
2026/09/15 06:03:25.291, 7, 99, 79431
2026/09/15 06:03:25.791, 4, 100, 79447
2026/09/15 06:03:25.792, 5, 100, 79431
2026/09/15 06:03:25.792, 6, 100, 79431
2026/09/15 06:03:25.792, 7, 100, 79431
2026/09/15 06:03:26.292, 4, 99, 79447
2026/09/15 06:03:26.292, 5, 100, 79431
2026/09/15 06:03:26.292, 6, 100, 79431
2026/09/15 06:03:26.292, 7, 100, 79431
2026/09/15 06:03:26.792, 4, 99, 79447
2026/09/15 06:03:26.792, 5, 99, 79431
2026/09/15 06:03:26.792, 6, 99, 79431
2026/09/15 06:03:26.792, 7, 99, 79431
2026/09/15 06:03:27.292, 4, 99, 79447
2026/09/15 06:03:27.292, 5, 100, 79431
2026/09/15 06:03:27.292, 6, 100, 79431
2026/09/15 06:03:27.292, 7, 99, 79431
2026/09/15 06:03:27.792, 4, 99, 79447
2026/09/15 06:03:27.793, 5, 100, 79431
2026/09/15 06:03:27.793, 6, 100, 79431
2026/09/15 06:03:27.793, 7, 100, 79431
2026/09/15 06:03:28.293, 4, 99, 79447
2026/09/15 06:03:28.293, 5, 100, 79431
2026/09/15 06:03:28.293, 6, 100, 79431
2026/09/15 06:03:28.293, 7, 100, 79431
2026/09/15 06:03:28.793, 4, 99, 79447
2026/09/15 06:03:28.793, 5, 99, 79431
2026/09/15 06:03:28.793, 6, 99, 79431
2026/09/15 06:03:28.793, 7, 99, 79431
2026/09/15 06:03:29.293, 4, 100, 79447
2026/09/15 06:03:29.293, 5, 100, 79431
2026/09/15 06:03:29.294, 6, 100, 79431
2026/09/15 06:03:29.294, 7, 100, 79431
2026/09/15 06:03:29.794, 4, 100, 79447
2026/09/15 06:03:29.794, 5, 100, 79431
2026/09/15 06:03:29.794, 6, 100, 79431
2026/09/15 06:03:29.794, 7, 100, 79431
2026/09/15 06:03:30.294, 4, 99, 79447
2026/09/15 06:03:30.294, 5, 99, 79431
2026/09/15 06:03:30.294, 6, 99, 79431
2026/09/15 06:03:30.294, 7, 99, 79431
2026/09/15 06:03:30.794, 4, 99, 79447
2026/09/15 06:03:30.794, 5, 100, 79431
2026/09/15 06:03:30.794, 6, 100, 79431
2026/09/15 06:03:30.794, 7, 99, 79431
2026/09/15 06:03:31.294, 4, 99, 79447
2026/09/15 06:03:31.294, 5, 100, 79431
2026/09/15 06:03:31.294, 6, 100, 79431
2026/09/15 06:03:31.295, 7, 99, 79431
2026/09/15 06:03:31.795, 4, 99, 79447
2026/09/15 06:03:31.795, 5, 99, 79431
2026/09/15 06:03:31.795, 6, 100, 79431
2026/09/15 06:03:31.795, 7, 100, 79431
2026/09/15 06:03:32.295, 4, 99, 79447
2026/09/15 06:03:32.295, 5, 99, 79431
2026/09/15 06:03:32.295, 6, 99, 79431
2026/09/15 06:03:32.295, 7, 99, 79431
2026/09/15 06:03:32.795, 4, 100, 79447
2026/09/15 06:03:32.795, 5, 100, 79431
2026/09/15 06:03:32.795, 6, 99, 79431
2026/09/15 06:03:32.795, 7, 100, 79431
2026/09/15 06:03:33.295, 4, 100, 79447
2026/09/15 06:03:33.295, 5, 100, 79431
2026/09/15 06:03:33.295, 6, 100, 79431
2026/09/15 06:03:33.295, 7, 100, 79431
2026/09/15 06:03:33.796, 4, 99, 79447
2026/09/15 06:03:33.798, 5, 100, 79431
2026/09/15 06:03:33.800, 6, 99, 79431
2026/09/15 06:03:33.806, 7, 99, 79431
2026/09/15 06:03:34.306, 4, 99, 79447
2026/09/15 06:03:34.306, 5, 100, 79431
2026/09/15 06:03:34.306, 6, 100, 79431
2026/09/15 06:03:34.306, 7, 100, 79431
2026/09/15 06:03:34.806, 4, 99, 79447
2026/09/15 06:03:34.806, 5, 100, 79431
2026/09/15 06:03:34.807, 6, 100, 79431
2026/09/15 06:03:34.807, 7, 100, 79431
2026/09/15 06:03:35.307, 4, 0, 79447
2026/09/15 06:03:35.307, 5, 0, 79431
2026/09/15 06:03:35.307, 6, 29, 79431
2026/09/15 06:03:35.307, 7, 0, 79431
2026/09/15 06:03:35.807, 4, 0, 79447
2026/09/15 06:03:35.807, 5, 0, 79431
2026/09/15 06:03:35.807, 6, 0, 79431
2026/09/15 06:03:35.808, 7, 0, 79431
2026/09/15 06:03:36.308, 4, 0, 79447
2026/09/15 06:03:36.308, 5, 0, 79431
2026/09/15 06:03:36.308, 6, 0, 79431
2026/09/15 06:03:36.308, 7, 0, 79431
2026/09/15 06:03:36.808, 4, 0, 79447
2026/09/15 06:03:36.809, 5, 0, 79431
2026/09/15 06:03:36.809, 6, 0, 79431
2026/09/15 06:03:36.809, 7, 0, 79431
2026/09/15 06:03:37.309, 4, 0, 79447
2026/09/15 06:03:37.309, 5, 0, 79431
2026/09/15 06:03:37.309, 6, 0, 79431
2026/09/15 06:03:37.309, 7, 0, 79431
2026/09/15 06:03:37.809, 4, 0, 79447
2026/09/15 06:03:37.809, 5, 0, 79431
2026/09/15 06:03:37.809, 6, 0, 79431
2026/09/15 06:03:37.809, 7, 0, 79431
2026/09/15 06:03:38.309, 4, 0, 79447
2026/09/15 06:03:38.309, 5, 0, 79431
2026/09/15 06:03:38.309, 6, 0, 79431
2026/09/15 06:03:38.309, 7, 0, 79431
2026/09/15 06:03:38.809, 4, 0, 79447
2026/09/15 06:03:38.810, 5, 0, 79431
2026/09/15 06:03:38.810, 6, 0, 79431
2026/09/15 06:03:38.810, 7, 0, 79431
2026/09/15 06:03:39.310, 4, 0, 79447
2026/09/15 06:03:39.310, 5, 0, 79431
2026/09/15 06:03:39.310, 6, 0, 79431
2026/09/15 06:03:39.310, 7, 0, 79431
2026/09/15 06:03:39.810, 4, 0, 79447
2026/09/15 06:03:39.810, 5, 0, 79431
2026/09/15 06:03:39.810, 6, 0, 79431
2026/09/15 06:03:39.810, 7, 0, 79431
2026/09/15 06:03:40.310, 4, 99, 79447
2026/09/15 06:03:40.310, 5, 99, 79431
2026/09/15 06:03:40.310, 6, 99, 79431
2026/09/15 06:03:40.310, 7, 99, 79431
2026/09/15 06:03:40.811, 4, 100, 79447
2026/09/15 06:03:40.811, 5, 100, 79431
2026/09/15 06:03:40.811, 6, 100, 79431
2026/09/15 06:03:40.811, 7, 100, 79431
2026/09/15 06:03:41.311, 4, 99, 79447
2026/09/15 06:03:41.311, 5, 99, 79431
2026/09/15 06:03:41.312, 6, 100, 79431
2026/09/15 06:03:41.313, 7, 100, 79431
2026/09/15 06:03:41.813, 4, 0, 79447
2026/09/15 06:03:41.813, 5, 60, 79431
2026/09/15 06:03:41.813, 6, 0, 79431
2026/09/15 06:03:41.813, 7, 51, 79431
2026/09/15 06:03:42.313, 4, 0, 79447
2026/09/15 06:03:42.313, 5, 0, 79431
2026/09/15 06:03:42.314, 6, 0, 79431
2026/09/15 06:03:42.314, 7, 0, 79431
2026/09/15 06:03:42.814, 4, 99, 79447
2026/09/15 06:03:42.814, 5, 100, 79431
2026/09/15 06:03:42.814, 6, 99, 79431
2026/09/15 06:03:42.814, 7, 99, 79431
2026/09/15 06:03:43.314, 4, 99, 79447
2026/09/15 06:03:43.314, 5, 99, 79431
2026/09/15 06:03:43.314, 6, 100, 79431
2026/09/15 06:03:43.314, 7, 100, 79431
2026/09/15 06:03:43.814, 4, 100, 79447
2026/09/15 06:03:43.814, 5, 99, 79431
2026/09/15 06:03:43.814, 6, 100, 79431
2026/09/15 06:03:43.814, 7, 100, 79431
2026/09/15 06:03:44.314, 4, 99, 79447
2026/09/15 06:03:44.314, 5, 99, 79431
2026/09/15 06:03:44.314, 6, 100, 79431
2026/09/15 06:03:44.314, 7, 99, 79431
2026/09/15 06:03:44.815, 4, 99, 79447
2026/09/15 06:03:44.815, 5, 99, 79431
2026/09/15 06:03:44.815, 6, 99, 79431
2026/09/15 06:03:44.815, 7, 99, 79431
2026/09/15 06:03:45.315, 4, 100, 79447
2026/09/15 06:03:45.315, 5, 100, 79431
2026/09/15 06:03:45.315, 6, 100, 79431
2026/09/15 06:03:45.315, 7, 99, 79431
2026/09/15 06:03:45.815, 4, 100, 79447
2026/09/15 06:03:45.815, 5, 100, 79431
2026/09/15 06:03:45.815, 6, 100, 79431
2026/09/15 06:03:45.815, 7, 100, 79431
2026/09/15 06:03:46.315, 4, 99, 79447
2026/09/15 06:03:46.316, 5, 100, 79431
2026/09/15 06:03:46.316, 6, 99, 79431
2026/09/15 06:03:46.316, 7, 99, 79431
2026/09/15 06:03:46.816, 4, 99, 79447
2026/09/15 06:03:46.816, 5, 100, 79431
2026/09/15 06:03:46.816, 6, 100, 79431
2026/09/15 06:03:46.816, 7, 100, 79431
2026/09/15 06:03:47.316, 4, 100, 79447
2026/09/15 06:03:47.316, 5, 100, 79431
2026/09/15 06:03:47.316, 6, 100, 79431
2026/09/15 06:03:47.316, 7, 100, 79431
2026/09/15 06:03:47.816, 4, 99, 79447
2026/09/15 06:03:47.816, 5, 99, 79431
2026/09/15 06:03:47.816, 6, 99, 79431
2026/09/15 06:03:47.816, 7, 99, 79431
2026/09/15 06:03:48.316, 4, 100, 79447
2026/09/15 06:03:48.316, 5, 100, 79431
2026/09/15 06:03:48.316, 6, 99, 79431
2026/09/15 06:03:48.316, 7, 100, 79431
2026/09/15 06:03:48.817, 4, 100, 79447
2026/09/15 06:03:48.817, 5, 100, 79431
2026/09/15 06:03:48.817, 6, 100, 79431
2026/09/15 06:03:48.817, 7, 100, 79431
2026/09/15 06:03:49.317, 4, 100, 79447
2026/09/15 06:03:49.317, 5, 100, 79431
2026/09/15 06:03:49.317, 6, 100, 79431
2026/09/15 06:03:49.317, 7, 100, 79431
2026/09/15 06:03:49.817, 4, 99, 79447
2026/09/15 06:03:49.817, 5, 100, 79431
2026/09/15 06:03:49.817, 6, 99, 79431
2026/09/15 06:03:49.817, 7, 99, 79431
2026/09/15 06:03:50.317, 4, 99, 79447
2026/09/15 06:03:50.317, 5, 100, 79431
2026/09/15 06:03:50.317, 6, 100, 79431
2026/09/15 06:03:50.317, 7, 100, 79431
2026/09/15 06:03:50.818, 4, 99, 79447
2026/09/15 06:03:50.818, 5, 100, 79431
2026/09/15 06:03:50.818, 6, 100, 79431
2026/09/15 06:03:50.818, 7, 100, 79431
2026/09/15 06:03:51.318, 4, 99, 79447
2026/09/15 06:03:51.318, 5, 99, 79431
2026/09/15 06:03:51.318, 6, 99, 79431
2026/09/15 06:03:51.318, 7, 99, 79431
2026/09/15 06:03:51.818, 4, 100, 79447
2026/09/15 06:03:51.818, 5, 100, 79431
2026/09/15 06:03:51.818, 6, 100, 79431
2026/09/15 06:03:51.818, 7, 100, 79431
2026/09/15 06:03:52.318, 4, 100, 79447
2026/09/15 06:03:52.318, 5, 100, 79431
2026/09/15 06:03:52.318, 6, 100, 79431
2026/09/15 06:03:52.318, 7, 100, 79431
2026/09/15 06:03:52.818, 4, 100, 79447
2026/09/15 06:03:52.818, 5, 100, 79431
2026/09/15 06:03:52.818, 6, 99, 79431
2026/09/15 06:03:52.818, 7, 100, 79431
2026/09/15 06:03:53.319, 4, 99, 79447
2026/09/15 06:03:53.319, 5, 99, 79431
2026/09/15 06:03:53.319, 6, 99, 79431
2026/09/15 06:03:53.319, 7, 99, 79431
2026/09/15 06:03:53.819, 4, 100, 79447
2026/09/15 06:03:53.819, 5, 100, 79431
2026/09/15 06:03:53.819, 6, 100, 79431
2026/09/15 06:03:53.819, 7, 100, 79431
2026/09/15 06:03:54.319, 4, 99, 79447
2026/09/15 06:03:54.319, 5, 98, 79431
2026/09/15 06:03:54.319, 6, 100, 79431
2026/09/15 06:03:54.319, 7, 100, 79431
2026/09/15 06:03:54.819, 4, 0, 79447
2026/09/15 06:03:54.819, 5, 0, 79431
2026/09/15 06:03:54.819, 6, 0, 79431
2026/09/15 06:03:54.819, 7, 0, 79431
2026/09/15 06:03:55.319, 4, 0, 79447
2026/09/15 06:03:55.320, 5, 0, 79431
2026/09/15 06:03:55.320, 6, 0, 79431
2026/09/15 06:03:55.320, 7, 0, 79431
2026/09/15 06:03:55.820, 4, 0, 79447
2026/09/15 06:03:55.820, 5, 0, 79431
2026/09/15 06:03:55.820, 6, 0, 79431
2026/09/15 06:03:55.820, 7, 0, 79431
2026/09/15 06:03:56.320, 4, 0, 79447
2026/09/15 06:03:56.320, 5, 0, 79431
2026/09/15 06:03:56.320, 6, 0, 79431
2026/09/15 06:03:56.320, 7, 0, 79431
2026/09/15 06:03:56.820, 4, 0, 79447
2026/09/15 06:03:56.820, 5, 0, 79431
2026/09/15 06:03:56.820, 6, 0, 79431
2026/09/15 06:03:56.820, 7, 0, 79431
2026/09/15 06:03:57.320, 4, 0, 79447
2026/09/15 06:03:57.321, 5, 0, 79431
2026/09/15 06:03:57.321, 6, 0, 79431
2026/09/15 06:03:57.321, 7, 0, 79431
2026/09/15 06:03:57.821, 4, 0, 79447
2026/09/15 06:03:57.821, 5, 0, 79431
2026/09/15 06:03:57.821, 6, 0, 79431
2026/09/15 06:03:57.821, 7, 0, 79431
2026/09/15 06:03:58.321, 4, 0, 79447
2026/09/15 06:03:58.321, 5, 0, 79431
2026/09/15 06:03:58.321, 6, 0, 79431
2026/09/15 06:03:58.321, 7, 0, 79431
2026/09/15 06:03:58.821, 4, 0, 79447
2026/09/15 06:03:58.821, 5, 0, 79431
2026/09/15 06:03:58.821, 6, 0, 79431
2026/09/15 06:03:58.821, 7, 0, 79431
2026/09/15 06:03:59.321, 4, 20, 79447
2026/09/15 06:03:59.321, 5, 17, 79431
2026/09/15 06:03:59.321, 6, 0, 79431
2026/09/15 06:03:59.322, 7, 39, 79431
2026/09/15 06:03:59.822, 4, 99, 79447
2026/09/15 06:03:59.822, 5, 99, 79431
2026/09/15 06:03:59.822, 6, 99, 79431
2026/09/15 06:03:59.822, 7, 99, 79431
2026/09/15 06:04:00.322, 4, 100, 79447
2026/09/15 06:04:00.322, 5, 100, 79431
2026/09/15 06:04:00.322, 6, 100, 79431
2026/09/15 06:04:00.322, 7, 100, 79431
2026/09/15 06:04:00.823, 4, 100, 79447
2026/09/15 06:04:00.823, 5, 100, 79431
2026/09/15 06:04:00.823, 6, 100, 79431
2026/09/15 06:04:00.823, 7, 100, 79431
2026/09/15 06:04:01.323, 4, 0, 79447
2026/09/15 06:04:01.323, 5, 0, 79431
2026/09/15 06:04:01.323, 6, 0, 79431
2026/09/15 06:04:01.323, 7, 0, 79431
2026/09/15 06:04:01.823, 4, 60, 79447
2026/09/15 06:04:01.823, 5, 55, 79431
2026/09/15 06:04:01.823, 6, 25, 79431
2026/09/15 06:04:01.823, 7, 0, 79431
2026/09/15 06:04:02.323, 4, 99, 79447
2026/09/15 06:04:02.324, 5, 100, 79431
2026/09/15 06:04:02.324, 6, 99, 79431
2026/09/15 06:04:02.324, 7, 99, 79431
2026/09/15 06:04:02.824, 4, 99, 79447
2026/09/15 06:04:02.824, 5, 100, 79431
2026/09/15 06:04:02.824, 6, 100, 79431
2026/09/15 06:04:02.824, 7, 100, 79431
2026/09/15 06:04:03.324, 4, 100, 79447
2026/09/15 06:04:03.324, 5, 100, 79431
2026/09/15 06:04:03.324, 6, 100, 79431
2026/09/15 06:04:03.324, 7, 99, 79431
2026/09/15 06:04:03.824, 4, 99, 79447
2026/09/15 06:04:03.824, 5, 99, 79431
2026/09/15 06:04:03.824, 6, 99, 79431
2026/09/15 06:04:03.824, 7, 99, 79431
2026/09/15 06:04:04.324, 4, 100, 79447
2026/09/15 06:04:04.325, 5, 99, 79431
2026/09/15 06:04:04.325, 6, 100, 79431
2026/09/15 06:04:04.325, 7, 100, 79431
2026/09/15 06:04:04.825, 4, 100, 79447
2026/09/15 06:04:04.825, 5, 100, 79431
2026/09/15 06:04:04.825, 6, 100, 79431
2026/09/15 06:04:04.825, 7, 100, 79431
2026/09/15 06:04:05.325, 4, 99, 79447
2026/09/15 06:04:05.325, 5, 100, 79431
2026/09/15 06:04:05.325, 6, 100, 79431
2026/09/15 06:04:05.325, 7, 99, 79431
2026/09/15 06:04:05.825, 4, 99, 79447
2026/09/15 06:04:05.826, 5, 100, 79431
2026/09/15 06:04:05.826, 6, 99, 79431
2026/09/15 06:04:05.826, 7, 100, 79431
2026/09/15 06:04:06.326, 4, 100, 79447
2026/09/15 06:04:06.326, 5, 100, 79431
2026/09/15 06:04:06.326, 6, 100, 79431
2026/09/15 06:04:06.326, 7, 100, 79431
2026/09/15 06:04:06.826, 4, 100, 79447
2026/09/15 06:04:06.826, 5, 100, 79431
2026/09/15 06:04:06.826, 6, 100, 79431
2026/09/15 06:04:06.826, 7, 100, 79431
2026/09/15 06:04:07.326, 4, 99, 79447
2026/09/15 06:04:07.326, 5, 99, 79431
2026/09/15 06:04:07.327, 6, 99, 79431
2026/09/15 06:04:07.327, 7, 99, 79431
2026/09/15 06:04:07.827, 4, 100, 79447
2026/09/15 06:04:07.827, 5, 100, 79431
2026/09/15 06:04:07.827, 6, 100, 79431
2026/09/15 06:04:07.827, 7, 100, 79431
2026/09/15 06:04:08.327, 4, 100, 79447
2026/09/15 06:04:08.327, 5, 100, 79431
2026/09/15 06:04:08.327, 6, 100, 79431
2026/09/15 06:04:08.327, 7, 100, 79431
2026/09/15 06:04:08.827, 4, 99, 79447
2026/09/15 06:04:08.827, 5, 99, 79431
2026/09/15 06:04:08.827, 6, 99, 79431
2026/09/15 06:04:08.827, 7, 99, 79431
2026/09/15 06:04:09.327, 4, 99, 79447
2026/09/15 06:04:09.327, 5, 100, 79431
2026/09/15 06:04:09.328, 6, 99, 79431
2026/09/15 06:04:09.328, 7, 100, 79431
2026/09/15 06:04:09.828, 4, 100, 79447
2026/09/15 06:04:09.828, 5, 100, 79431
2026/09/15 06:04:09.828, 6, 100, 79431
2026/09/15 06:04:09.828, 7, 100, 79431
2026/09/15 06:04:10.328, 4, 100, 79447
2026/09/15 06:04:10.328, 5, 100, 79431
2026/09/15 06:04:10.328, 6, 100, 79431
2026/09/15 06:04:10.328, 7, 100, 79431
2026/09/15 06:04:10.828, 4, 99, 79447
2026/09/15 06:04:10.828, 5, 99, 79431
2026/09/15 06:04:10.828, 6, 99, 79431
2026/09/15 06:04:10.828, 7, 99, 79431
2026/09/15 06:04:11.328, 4, 100, 79447
2026/09/15 06:04:11.328, 5, 100, 79431
2026/09/15 06:04:11.328, 6, 100, 79431
2026/09/15 06:04:11.328, 7, 100, 79431
2026/09/15 06:04:11.829, 4, 100, 79447
2026/09/15 06:04:11.829, 5, 100, 79431
2026/09/15 06:04:11.829, 6, 100, 79431
2026/09/15 06:04:11.829, 7, 100, 79431
2026/09/15 06:04:12.329, 4, 99, 79447
2026/09/15 06:04:12.329, 5, 100, 79431
2026/09/15 06:04:12.329, 6, 99, 79431
2026/09/15 06:04:12.329, 7, 99, 79431
2026/09/15 06:04:12.829, 4, 99, 79447
2026/09/15 06:04:12.829, 5, 100, 79431
2026/09/15 06:04:12.829, 6, 100, 79431
2026/09/15 06:04:12.829, 7, 99, 79431
2026/09/15 06:04:13.329, 4, 100, 79447
2026/09/15 06:04:13.329, 5, 100, 79431
2026/09/15 06:04:13.329, 6, 100, 79431
2026/09/15 06:04:13.329, 7, 99, 79431
2026/09/15 06:04:13.830, 4, 65, 79447
2026/09/15 06:04:13.830, 5, 71, 79431
2026/09/15 06:04:13.830, 6, 2, 79431
2026/09/15 06:04:13.830, 7, 100, 79431
2026/09/15 06:04:14.330, 4, 0, 79447
2026/09/15 06:04:14.330, 5, 0, 79431
2026/09/15 06:04:14.330, 6, 0, 79431
2026/09/15 06:04:14.330, 7, 0, 79431
2026/09/15 06:04:14.830, 4, 0, 79447
2026/09/15 06:04:14.830, 5, 0, 79431
2026/09/15 06:04:14.830, 6, 0, 79431
2026/09/15 06:04:14.830, 7, 0, 79431
2026/09/15 06:04:15.330, 4, 0, 79447
2026/09/15 06:04:15.330, 5, 0, 79431
2026/09/15 06:04:15.330, 6, 0, 79431
2026/09/15 06:04:15.330, 7, 0, 79431
2026/09/15 06:04:15.831, 4, 0, 79447
2026/09/15 06:04:15.831, 5, 0, 79431
2026/09/15 06:04:15.831, 6, 0, 79431
2026/09/15 06:04:15.831, 7, 0, 79431
2026/09/15 06:04:16.331, 4, 0, 79447
2026/09/15 06:04:16.331, 5, 0, 79431
2026/09/15 06:04:16.331, 6, 0, 79431
2026/09/15 06:04:16.331, 7, 0, 79431
2026/09/15 06:04:16.831, 4, 0, 79447
2026/09/15 06:04:16.831, 5, 0, 79431
2026/09/15 06:04:16.831, 6, 0, 79431
2026/09/15 06:04:16.831, 7, 0, 79431
2026/09/15 06:04:17.331, 4, 0, 79447
2026/09/15 06:04:17.331, 5, 0, 79431
2026/09/15 06:04:17.331, 6, 0, 79431
2026/09/15 06:04:17.331, 7, 0, 79431
2026/09/15 06:04:17.832, 4, 0, 79447
2026/09/15 06:04:17.832, 5, 0, 79431
2026/09/15 06:04:17.832, 6, 0, 79431
2026/09/15 06:04:17.832, 7, 0, 79431
2026/09/15 06:04:18.332, 4, 0, 79447
2026/09/15 06:04:18.332, 5, 0, 79431
2026/09/15 06:04:18.332, 6, 0, 79431
2026/09/15 06:04:18.332, 7, 0, 79431
2026/09/15 06:04:18.832, 4, 99, 79447
2026/09/15 06:04:18.833, 5, 99, 79431
2026/09/15 06:04:18.833, 6, 89, 79431
2026/09/15 06:04:18.833, 7, 40, 79431
2026/09/15 06:04:19.333, 4, 99, 79447
2026/09/15 06:04:19.333, 5, 100, 79431
2026/09/15 06:04:19.333, 6, 100, 79431
2026/09/15 06:04:19.333, 7, 100, 79431
2026/09/15 06:04:19.833, 4, 100, 79447
2026/09/15 06:04:19.833, 5, 99, 79431
2026/09/15 06:04:19.833, 6, 100, 79431
2026/09/15 06:04:19.833, 7, 100, 79431
2026/09/15 06:04:20.333, 4, 100, 79447
2026/09/15 06:04:20.333, 5, 100, 79431
2026/09/15 06:04:20.333, 6, 50, 79431
2026/09/15 06:04:20.333, 7, 100, 79431
2026/09/15 06:04:20.833, 4, 0, 79447
2026/09/15 06:04:20.834, 5, 0, 79431
2026/09/15 06:04:20.834, 6, 0, 79431
2026/09/15 06:04:20.834, 7, 0, 79431
2026/09/15 06:04:21.334, 4, 50, 79447
2026/09/15 06:04:21.334, 5, 42, 79431
2026/09/15 06:04:21.334, 6, 13, 79431
2026/09/15 06:04:21.334, 7, 61, 79431
2026/09/15 06:04:21.834, 4, 99, 79447
2026/09/15 06:04:21.834, 5, 100, 79431
2026/09/15 06:04:21.834, 6, 99, 79431
2026/09/15 06:04:21.834, 7, 99, 79431
2026/09/15 06:04:22.334, 4, 99, 79447
2026/09/15 06:04:22.334, 5, 100, 79431
2026/09/15 06:04:22.334, 6, 100, 79431
2026/09/15 06:04:22.334, 7, 99, 79431
2026/09/15 06:04:22.834, 4, 100, 79447
2026/09/15 06:04:22.835, 5, 100, 79431
2026/09/15 06:04:22.835, 6, 100, 79431
2026/09/15 06:04:22.835, 7, 100, 79431
2026/09/15 06:04:23.335, 4, 99, 79447
2026/09/15 06:04:23.335, 5, 99, 79431
2026/09/15 06:04:23.335, 6, 99, 79431
2026/09/15 06:04:23.335, 7, 99, 79431
2026/09/15 06:04:23.836, 4, 99, 79447
2026/09/15 06:04:23.836, 5, 100, 79431
2026/09/15 06:04:23.836, 6, 100, 79431
2026/09/15 06:04:23.836, 7, 100, 79431
2026/09/15 06:04:24.336, 4, 100, 79447
2026/09/15 06:04:24.336, 5, 100, 79431
2026/09/15 06:04:24.336, 6, 100, 79431
2026/09/15 06:04:24.336, 7, 99, 79431
2026/09/15 06:04:24.836, 4, 99, 79447
2026/09/15 06:04:24.836, 5, 99, 79431
2026/09/15 06:04:24.836, 6, 99, 79431
2026/09/15 06:04:24.836, 7, 99, 79431
2026/09/15 06:04:25.336, 4, 99, 79447
2026/09/15 06:04:25.336, 5, 99, 79431
2026/09/15 06:04:25.336, 6, 99, 79431
2026/09/15 06:04:25.336, 7, 100, 79431
2026/09/15 06:04:25.837, 4, 99, 79447
2026/09/15 06:04:25.837, 5, 100, 79431
2026/09/15 06:04:25.837, 6, 99, 79431
2026/09/15 06:04:25.837, 7, 100, 79431
2026/09/15 06:04:26.337, 4, 100, 79447
2026/09/15 06:04:26.337, 5, 100, 79431
2026/09/15 06:04:26.337, 6, 100, 79431
2026/09/15 06:04:26.337, 7, 100, 79431
2026/09/15 06:04:26.837, 4, 99, 79447
2026/09/15 06:04:26.837, 5, 99, 79431
2026/09/15 06:04:26.837, 6, 99, 79431
2026/09/15 06:04:26.837, 7, 99, 79431
2026/09/15 06:04:27.337, 4, 100, 79447
2026/09/15 06:04:27.337, 5, 100, 79431
2026/09/15 06:04:27.337, 6, 100, 79431
2026/09/15 06:04:27.337, 7, 100, 79431
2026/09/15 06:04:27.838, 4, 100, 79447
2026/09/15 06:04:27.838, 5, 100, 79431
2026/09/15 06:04:27.838, 6, 100, 79431
2026/09/15 06:04:27.838, 7, 100, 79431
2026/09/15 06:04:28.338, 4, 99, 79447
2026/09/15 06:04:28.338, 5, 100, 79431
2026/09/15 06:04:28.338, 6, 99, 79431
2026/09/15 06:04:28.338, 7, 99, 79431
2026/09/15 06:04:28.838, 4, 99, 79447
2026/09/15 06:04:28.838, 5, 100, 79431
2026/09/15 06:04:28.838, 6, 100, 79431
2026/09/15 06:04:28.838, 7, 99, 79431
2026/09/15 06:04:29.338, 4, 99, 79447
2026/09/15 06:04:29.338, 5, 99, 79431
2026/09/15 06:04:29.338, 6, 100, 79431
2026/09/15 06:04:29.338, 7, 100, 79431
2026/09/15 06:04:29.839, 4, 99, 79447
2026/09/15 06:04:29.839, 5, 100, 79431
2026/09/15 06:04:29.839, 6, 99, 79431
2026/09/15 06:04:29.839, 7, 100, 79431
2026/09/15 06:04:30.339, 4, 99, 79447
2026/09/15 06:04:30.339, 5, 99, 79431
2026/09/15 06:04:30.339, 6, 99, 79431
2026/09/15 06:04:30.339, 7, 99, 79431
2026/09/15 06:04:30.839, 4, 100, 79447
2026/09/15 06:04:30.839, 5, 100, 79431
2026/09/15 06:04:30.839, 6, 100, 79431
2026/09/15 06:04:30.839, 7, 99, 79431
2026/09/15 06:04:31.339, 4, 100, 79447
2026/09/15 06:04:31.339, 5, 99, 79431
2026/09/15 06:04:31.339, 6, 100, 79431
2026/09/15 06:04:31.339, 7, 100, 79431
2026/09/15 06:04:31.840, 4, 99, 79447
2026/09/15 06:04:31.840, 5, 99, 79431
2026/09/15 06:04:31.840, 6, 99, 79431
2026/09/15 06:04:31.840, 7, 99, 79431
2026/09/15 06:04:32.340, 4, 99, 79447
2026/09/15 06:04:32.340, 5, 100, 79431
2026/09/15 06:04:32.340, 6, 100, 79431
2026/09/15 06:04:32.340, 7, 100, 79431
2026/09/15 06:04:32.840, 4, 99, 79447
2026/09/15 06:04:32.840, 5, 100, 79431
2026/09/15 06:04:32.840, 6, 100, 79431
2026/09/15 06:04:32.840, 7, 99, 79431
2026/09/15 06:04:33.340, 4, 0, 79447
2026/09/15 06:04:33.340, 5, 77, 79431
2026/09/15 06:04:33.340, 6, 10, 79431
2026/09/15 06:04:33.340, 7, 0, 79431
2026/09/15 06:04:33.841, 4, 0, 79447
2026/09/15 06:04:33.841, 5, 0, 79431
2026/09/15 06:04:33.841, 6, 0, 79431
2026/09/15 06:04:33.841, 7, 0, 79431
2026/09/15 06:04:34.341, 4, 0, 79447
2026/09/15 06:04:34.341, 5, 0, 79431
2026/09/15 06:04:34.341, 6, 0, 79431
2026/09/15 06:04:34.341, 7, 0, 79431
2026/09/15 06:04:34.841, 4, 0, 79447
2026/09/15 06:04:34.841, 5, 0, 79431
2026/09/15 06:04:34.841, 6, 0, 79431
2026/09/15 06:04:34.841, 7, 0, 79431
2026/09/15 06:04:35.341, 4, 0, 79447
2026/09/15 06:04:35.341, 5, 0, 79431
2026/09/15 06:04:35.341, 6, 0, 79431
2026/09/15 06:04:35.341, 7, 0, 79431
2026/09/15 06:04:35.842, 4, 0, 79447
2026/09/15 06:04:35.842, 5, 0, 79431
2026/09/15 06:04:35.842, 6, 0, 79431
2026/09/15 06:04:35.842, 7, 0, 79431
2026/09/15 06:04:36.342, 4, 0, 79447
2026/09/15 06:04:36.342, 5, 0, 79431
2026/09/15 06:04:36.342, 6, 0, 79431
2026/09/15 06:04:36.342, 7, 0, 79431
2026/09/15 06:04:36.842, 4, 0, 79447
2026/09/15 06:04:36.842, 5, 0, 79431
2026/09/15 06:04:36.842, 6, 0, 79431
2026/09/15 06:04:36.842, 7, 0, 79431
2026/09/15 06:04:37.342, 4, 0, 79447
2026/09/15 06:04:37.342, 5, 0, 79431
2026/09/15 06:04:37.342, 6, 0, 79431
2026/09/15 06:04:37.342, 7, 0, 79431
2026/09/15 06:04:37.843, 4, 0, 79447
2026/09/15 06:04:37.843, 5, 0, 79431
2026/09/15 06:04:37.843, 6, 0, 79431
2026/09/15 06:04:37.843, 7, 0, 79431
2026/09/15 06:04:38.343, 4, 99, 79447
2026/09/15 06:04:38.344, 5, 99, 79431
2026/09/15 06:04:38.346, 6, 99, 79431
2026/09/15 06:04:38.346, 7, 99, 79431
2026/09/15 06:04:38.846, 4, 100, 79447
2026/09/15 06:04:38.847, 5, 100, 79431
2026/09/15 06:04:38.847, 6, 100, 79431
2026/09/15 06:04:38.847, 7, 99, 79431
2026/09/15 06:04:39.347, 4, 100, 79447
2026/09/15 06:04:39.347, 5, 100, 79431
2026/09/15 06:04:39.347, 6, 100, 79431
2026/09/15 06:04:39.347, 7, 100, 79431
2026/09/15 06:04:39.847, 4, 17, 79447
2026/09/15 06:04:39.847, 5, 18, 79431
2026/09/15 06:04:39.847, 6, 0, 79431
2026/09/15 06:04:39.847, 7, 5, 79431
2026/09/15 06:04:40.347, 4, 0, 79447
2026/09/15 06:04:40.347, 5, 0, 79431
2026/09/15 06:04:40.347, 6, 0, 79431
2026/09/15 06:04:40.347, 7, 0, 79431
2026/09/15 06:04:40.847, 4, 99, 79447
2026/09/15 06:04:40.848, 5, 99, 79431
2026/09/15 06:04:40.848, 6, 100, 79431
2026/09/15 06:04:40.848, 7, 99, 79431
2026/09/15 06:04:41.348, 4, 99, 79447
2026/09/15 06:04:41.348, 5, 99, 79431
2026/09/15 06:04:41.348, 6, 100, 79431
2026/09/15 06:04:41.348, 7, 99, 79431
2026/09/15 06:04:41.848, 4, 99, 79447
2026/09/15 06:04:41.848, 5, 100, 79431
2026/09/15 06:04:41.848, 6, 100, 79431
2026/09/15 06:04:41.848, 7, 99, 79431
2026/09/15 06:04:42.348, 4, 100, 79447
2026/09/15 06:04:42.348, 5, 100, 79431
2026/09/15 06:04:42.348, 6, 100, 79431
2026/09/15 06:04:42.348, 7, 100, 79431
2026/09/15 06:04:42.848, 4, 99, 79447
2026/09/15 06:04:42.848, 5, 99, 79431
2026/09/15 06:04:42.849, 6, 99, 79431
2026/09/15 06:04:42.849, 7, 99, 79431
2026/09/15 06:04:43.349, 4, 100, 79447
2026/09/15 06:04:43.349, 5, 100, 79431
2026/09/15 06:04:43.349, 6, 100, 79431
2026/09/15 06:04:43.349, 7, 100, 79431
2026/09/15 06:04:43.849, 4, 100, 79447
2026/09/15 06:04:43.849, 5, 100, 79431
2026/09/15 06:04:43.849, 6, 100, 79431
2026/09/15 06:04:43.849, 7, 100, 79431
2026/09/15 06:04:44.349, 4, 99, 79447
2026/09/15 06:04:44.349, 5, 99, 79431
2026/09/15 06:04:44.349, 6, 99, 79431
2026/09/15 06:04:44.349, 7, 99, 79431
2026/09/15 06:04:44.849, 4, 100, 79447
2026/09/15 06:04:44.849, 5, 100, 79431
2026/09/15 06:04:44.849, 6, 100, 79431
2026/09/15 06:04:44.849, 7, 100, 79431
2026/09/15 06:04:45.350, 4, 99, 79447
2026/09/15 06:04:45.350, 5, 100, 79431
2026/09/15 06:04:45.350, 6, 100, 79431
2026/09/15 06:04:45.350, 7, 100, 79431
2026/09/15 06:04:45.850, 4, 99, 79447
2026/09/15 06:04:45.850, 5, 99, 79431
2026/09/15 06:04:45.850, 6, 99, 79431
2026/09/15 06:04:45.850, 7, 99, 79431
2026/09/15 06:04:46.350, 4, 99, 79447
2026/09/15 06:04:46.350, 5, 100, 79431
2026/09/15 06:04:46.350, 6, 99, 79431
2026/09/15 06:04:46.350, 7, 99, 79431
2026/09/15 06:04:46.850, 4, 100, 79447
2026/09/15 06:04:46.850, 5, 100, 79431
2026/09/15 06:04:46.850, 6, 100, 79431
2026/09/15 06:04:46.850, 7, 100, 79431
2026/09/15 06:04:47.350, 4, 99, 79447
2026/09/15 06:04:47.351, 5, 99, 79431
2026/09/15 06:04:47.351, 6, 100, 79431
2026/09/15 06:04:47.351, 7, 100, 79431
2026/09/15 06:04:47.851, 4, 99, 79447
2026/09/15 06:04:47.851, 5, 99, 79431
2026/09/15 06:04:47.851, 6, 99, 79431
2026/09/15 06:04:47.851, 7, 99, 79431
2026/09/15 06:04:48.351, 4, 100, 79447
2026/09/15 06:04:48.351, 5, 100, 79431
2026/09/15 06:04:48.351, 6, 100, 79431
2026/09/15 06:04:48.352, 7, 100, 79431
2026/09/15 06:04:48.852, 4, 100, 79447
2026/09/15 06:04:48.852, 5, 100, 79431
2026/09/15 06:04:48.852, 6, 100, 79431
2026/09/15 06:04:48.852, 7, 100, 79431
2026/09/15 06:04:49.352, 4, 99, 79447
2026/09/15 06:04:49.352, 5, 99, 79431
2026/09/15 06:04:49.352, 6, 100, 79431
2026/09/15 06:04:49.352, 7, 99, 79431
2026/09/15 06:04:49.852, 4, 99, 79447
2026/09/15 06:04:49.852, 5, 99, 79431
2026/09/15 06:04:49.852, 6, 99, 79431
2026/09/15 06:04:49.852, 7, 100, 79431
2026/09/15 06:04:50.352, 4, 100, 79447
2026/09/15 06:04:50.353, 5, 100, 79431
2026/09/15 06:04:50.353, 6, 100, 79431
2026/09/15 06:04:50.353, 7, 100, 79431
2026/09/15 06:04:50.853, 4, 100, 79447
2026/09/15 06:04:50.853, 5, 99, 79431
2026/09/15 06:04:50.853, 6, 100, 79431
2026/09/15 06:04:50.853, 7, 100, 79431
2026/09/15 06:04:51.353, 4, 99, 79447
2026/09/15 06:04:51.353, 5, 100, 79431
2026/09/15 06:04:51.353, 6, 99, 79431
2026/09/15 06:04:51.353, 7, 99, 79431
2026/09/15 06:04:51.853, 4, 100, 79447
2026/09/15 06:04:51.853, 5, 100, 79431
2026/09/15 06:04:51.853, 6, 99, 79431
2026/09/15 06:04:51.853, 7, 100, 79431
2026/09/15 06:04:52.353, 4, 100, 79447
2026/09/15 06:04:52.353, 5, 100, 79431
2026/09/15 06:04:52.353, 6, 100, 79431
2026/09/15 06:04:52.354, 7, 99, 79431
2026/09/15 06:04:52.854, 4, 0, 79447
2026/09/15 06:04:52.854, 5, 15, 79431
2026/09/15 06:04:52.854, 6, 0, 79431
2026/09/15 06:04:52.854, 7, 0, 79431
2026/09/15 06:04:53.354, 4, 0, 79447
2026/09/15 06:04:53.354, 5, 0, 79431
2026/09/15 06:04:53.354, 6, 0, 79431
2026/09/15 06:04:53.354, 7, 0, 79431
2026/09/15 06:04:53.854, 4, 0, 79447
2026/09/15 06:04:53.854, 5, 0, 79431
2026/09/15 06:04:53.854, 6, 0, 79431
2026/09/15 06:04:53.854, 7, 0, 79431
2026/09/15 06:04:54.354, 4, 0, 79447
2026/09/15 06:04:54.354, 5, 0, 79431
2026/09/15 06:04:54.354, 6, 0, 79431
2026/09/15 06:04:54.354, 7, 0, 79431
2026/09/15 06:04:54.855, 4, 0, 79447
2026/09/15 06:04:54.855, 5, 0, 79431
2026/09/15 06:04:54.855, 6, 0, 79431
2026/09/15 06:04:54.855, 7, 0, 79431
2026/09/15 06:04:55.355, 4, 0, 79447
2026/09/15 06:04:55.355, 5, 0, 79431
2026/09/15 06:04:55.355, 6, 0, 79431
2026/09/15 06:04:55.355, 7, 0, 79431
2026/09/15 06:04:55.855, 4, 0, 79447
2026/09/15 06:04:55.855, 5, 0, 79431
2026/09/15 06:04:55.855, 6, 0, 79431
2026/09/15 06:04:55.855, 7, 0, 79431
2026/09/15 06:04:56.355, 4, 0, 79447
2026/09/15 06:04:56.355, 5, 0, 79431
2026/09/15 06:04:56.355, 6, 0, 79431
2026/09/15 06:04:56.356, 7, 0, 79431
2026/09/15 06:04:56.856, 4, 0, 79447
2026/09/15 06:04:56.856, 5, 0, 79431
2026/09/15 06:04:56.856, 6, 0, 79431
2026/09/15 06:04:56.856, 7, 0, 79431
2026/09/15 06:04:57.356, 4, 13, 79447
2026/09/15 06:04:57.356, 5, 15, 79431
2026/09/15 06:04:57.356, 6, 0, 79431
2026/09/15 06:04:57.356, 7, 30, 79431
2026/09/15 06:04:57.856, 4, 99, 79447
2026/09/15 06:04:57.856, 5, 99, 79431
2026/09/15 06:04:57.856, 6, 99, 79431
2026/09/15 06:04:57.856, 7, 99, 79431
2026/09/15 06:04:58.356, 4, 99, 79447
2026/09/15 06:04:58.357, 5, 100, 79431
2026/09/15 06:04:58.357, 6, 100, 79431
2026/09/15 06:04:58.357, 7, 99, 79431
2026/09/15 06:04:58.857, 4, 100, 79447
2026/09/15 06:04:58.857, 5, 99, 79431
2026/09/15 06:04:58.857, 6, 100, 79431
2026/09/15 06:04:58.857, 7, 100, 79431
2026/09/15 06:04:59.357, 4, 0, 79447
2026/09/15 06:04:59.357, 5, 0, 79431
2026/09/15 06:04:59.357, 6, 0, 79431
2026/09/15 06:04:59.357, 7, 12, 79431
2026/09/15 06:04:59.857, 4, 51, 79447
2026/09/15 06:04:59.857, 5, 0, 79431
2026/09/15 06:04:59.857, 6, 25, 79431
2026/09/15 06:04:59.857, 7, 0, 79431
2026/09/15 06:05:00.357, 4, 99, 79447
2026/09/15 06:05:00.358, 5, 99, 79431
2026/09/15 06:05:00.358, 6, 99, 79431
2026/09/15 06:05:00.358, 7, 99, 79431
2026/09/15 06:05:00.858, 4, 100, 79447
2026/09/15 06:05:00.858, 5, 100, 79431
2026/09/15 06:05:00.858, 6, 100, 79431
2026/09/15 06:05:00.858, 7, 99, 79431
2026/09/15 06:05:01.358, 4, 100, 79447
2026/09/15 06:05:01.358, 5, 100, 79431
2026/09/15 06:05:01.358, 6, 100, 79431
2026/09/15 06:05:01.358, 7, 100, 79431
2026/09/15 06:05:01.858, 4, 99, 79447
2026/09/15 06:05:01.858, 5, 99, 79431
2026/09/15 06:05:01.858, 6, 99, 79431
2026/09/15 06:05:01.858, 7, 99, 79431
2026/09/15 06:05:02.359, 4, 99, 79447
2026/09/15 06:05:02.359, 5, 100, 79431
2026/09/15 06:05:02.359, 6, 100, 79431
2026/09/15 06:05:02.359, 7, 99, 79431
2026/09/15 06:05:02.859, 4, 99, 79447
2026/09/15 06:05:02.859, 5, 100, 79431
2026/09/15 06:05:02.859, 6, 100, 79431
2026/09/15 06:05:02.859, 7, 99, 79431
2026/09/15 06:05:03.359, 4, 99, 79447
2026/09/15 06:05:03.359, 5, 100, 79431
2026/09/15 06:05:03.359, 6, 100, 79431
2026/09/15 06:05:03.359, 7, 100, 79431
2026/09/15 06:05:03.859, 4, 99, 79447
2026/09/15 06:05:03.859, 5, 99, 79431
2026/09/15 06:05:03.859, 6, 99, 79431
2026/09/15 06:05:03.860, 7, 99, 79431
2026/09/15 06:05:04.360, 4, 100, 79447
2026/09/15 06:05:04.360, 5, 99, 79431
2026/09/15 06:05:04.360, 6, 100, 79431
2026/09/15 06:05:04.360, 7, 100, 79431
2026/09/15 06:05:04.860, 4, 100, 79447
2026/09/15 06:05:04.860, 5, 100, 79431
2026/09/15 06:05:04.860, 6, 100, 79431
2026/09/15 06:05:04.860, 7, 100, 79431
2026/09/15 06:05:05.360, 4, 99, 79447
2026/09/15 06:05:05.361, 5, 99, 79431
2026/09/15 06:05:05.361, 6, 99, 79431
2026/09/15 06:05:05.361, 7, 99, 79431
2026/09/15 06:05:05.861, 4, 99, 79447
2026/09/15 06:05:05.861, 5, 99, 79431
2026/09/15 06:05:05.861, 6, 100, 79431
2026/09/15 06:05:05.861, 7, 100, 79431
2026/09/15 06:05:06.361, 4, 99, 79447
2026/09/15 06:05:06.361, 5, 99, 79431
2026/09/15 06:05:06.361, 6, 100, 79431
2026/09/15 06:05:06.361, 7, 100, 79431
2026/09/15 06:05:06.861, 4, 99, 79447
2026/09/15 06:05:06.861, 5, 99, 79431
2026/09/15 06:05:06.861, 6, 100, 79431
2026/09/15 06:05:06.861, 7, 99, 79431
2026/09/15 06:05:07.361, 4, 99, 79447
2026/09/15 06:05:07.362, 5, 100, 79431
2026/09/15 06:05:07.362, 6, 99, 79431
2026/09/15 06:05:07.362, 7, 99, 79431
2026/09/15 06:05:07.862, 4, 100, 79447
2026/09/15 06:05:07.862, 5, 100, 79431
2026/09/15 06:05:07.862, 6, 100, 79431
2026/09/15 06:05:07.862, 7, 100, 79431
2026/09/15 06:05:08.362, 4, 100, 79447
2026/09/15 06:05:08.362, 5, 100, 79431
2026/09/15 06:05:08.362, 6, 100, 79431
2026/09/15 06:05:08.362, 7, 100, 79431
2026/09/15 06:05:08.862, 4, 99, 79447
2026/09/15 06:05:08.862, 5, 99, 79431
2026/09/15 06:05:08.862, 6, 99, 79431
2026/09/15 06:05:08.862, 7, 99, 79431
2026/09/15 06:05:09.362, 4, 100, 79447
2026/09/15 06:05:09.362, 5, 100, 79431
2026/09/15 06:05:09.363, 6, 100, 79431
2026/09/15 06:05:09.363, 7, 99, 79431
2026/09/15 06:05:09.863, 4, 99, 79447
2026/09/15 06:05:09.863, 5, 100, 79431
2026/09/15 06:05:09.863, 6, 100, 79431
2026/09/15 06:05:09.863, 7, 100, 79431
2026/09/15 06:05:10.363, 4, 99, 79447
2026/09/15 06:05:10.363, 5, 100, 79431
2026/09/15 06:05:10.363, 6, 100, 79431
2026/09/15 06:05:10.363, 7, 99, 79431
2026/09/15 06:05:10.863, 4, 100, 79447
2026/09/15 06:05:10.863, 5, 100, 79431
2026/09/15 06:05:10.863, 6, 99, 79431
2026/09/15 06:05:10.863, 7, 100, 79431
2026/09/15 06:05:11.363, 4, 100, 79447
2026/09/15 06:05:11.363, 5, 100, 79431
2026/09/15 06:05:11.364, 6, 100, 79431
2026/09/15 06:05:11.364, 7, 99, 79431
2026/09/15 06:05:11.864, 4, 68, 79447
2026/09/15 06:05:11.864, 5, 72, 79431
2026/09/15 06:05:11.864, 6, 96, 79431
2026/09/15 06:05:11.864, 7, 52, 79431
2026/09/15 06:05:12.364, 4, 0, 79447
2026/09/15 06:05:12.364, 5, 0, 79431
2026/09/15 06:05:12.364, 6, 0, 79431
2026/09/15 06:05:12.364, 7, 0, 79431
2026/09/15 06:05:12.864, 4, 0, 79447
2026/09/15 06:05:12.864, 5, 0, 79431
2026/09/15 06:05:12.864, 6, 0, 79431
2026/09/15 06:05:12.864, 7, 0, 79431
2026/09/15 06:05:13.364, 4, 0, 79447
2026/09/15 06:05:13.365, 5, 0, 79431
2026/09/15 06:05:13.365, 6, 0, 79431
2026/09/15 06:05:13.365, 7, 0, 79431
2026/09/15 06:05:13.865, 4, 0, 79447
2026/09/15 06:05:13.865, 5, 0, 79431
2026/09/15 06:05:13.865, 6, 0, 79431
2026/09/15 06:05:13.865, 7, 0, 79431
2026/09/15 06:05:14.365, 4, 0, 79447
2026/09/15 06:05:14.365, 5, 0, 79431
2026/09/15 06:05:14.365, 6, 0, 79431
2026/09/15 06:05:14.365, 7, 0, 79431
2026/09/15 06:05:14.865, 4, 0, 79447
2026/09/15 06:05:14.865, 5, 0, 79431
2026/09/15 06:05:14.865, 6, 0, 79431
2026/09/15 06:05:14.865, 7, 0, 79431
2026/09/15 06:05:15.366, 4, 0, 79447
2026/09/15 06:05:15.366, 5, 0, 79431
2026/09/15 06:05:15.366, 6, 0, 79431
2026/09/15 06:05:15.366, 7, 0, 79431
2026/09/15 06:05:15.866, 4, 0, 79447
2026/09/15 06:05:15.866, 5, 0, 79431
2026/09/15 06:05:15.866, 6, 0, 79431
2026/09/15 06:05:15.866, 7, 0, 79431
2026/09/15 06:05:16.366, 4, 0, 79447
2026/09/15 06:05:16.366, 5, 0, 79431
2026/09/15 06:05:16.366, 6, 0, 79431
2026/09/15 06:05:16.366, 7, 0, 79431
2026/09/15 06:05:16.866, 4, 99, 79447
2026/09/15 06:05:16.866, 5, 46, 79431
2026/09/15 06:05:16.866, 6, 99, 79431
2026/09/15 06:05:16.866, 7, 99, 79431
2026/09/15 06:05:17.367, 4, 99, 79447
2026/09/15 06:05:17.367, 5, 99, 79431
2026/09/15 06:05:17.367, 6, 99, 79431
2026/09/15 06:05:17.367, 7, 100, 79431
2026/09/15 06:05:17.867, 4, 99, 79447
2026/09/15 06:05:17.867, 5, 100, 79431
2026/09/15 06:05:17.867, 6, 100, 79431
2026/09/15 06:05:17.867, 7, 100, 79431
2026/09/15 06:05:18.367, 4, 88, 79447
2026/09/15 06:05:18.367, 5, 93, 79431
2026/09/15 06:05:18.367, 6, 100, 79431
2026/09/15 06:05:18.367, 7, 72, 79431
2026/09/15 06:05:18.867, 4, 0, 79447
2026/09/15 06:05:18.867, 5, 0, 79431
2026/09/15 06:05:18.868, 6, 0, 79431
2026/09/15 06:05:18.868, 7, 0, 79431
2026/09/15 06:05:19.368, 4, 74, 79447
2026/09/15 06:05:19.368, 5, 71, 79431
2026/09/15 06:05:19.368, 6, 45, 79431
2026/09/15 06:05:19.368, 7, 91, 79431
2026/09/15 06:05:19.868, 4, 100, 79447
2026/09/15 06:05:19.868, 5, 100, 79431
2026/09/15 06:05:19.868, 6, 99, 79431
2026/09/15 06:05:19.868, 7, 100, 79431
2026/09/15 06:05:20.368, 4, 100, 79447
2026/09/15 06:05:20.368, 5, 100, 79431
2026/09/15 06:05:20.368, 6, 100, 79431
2026/09/15 06:05:20.368, 7, 99, 79431
2026/09/15 06:05:20.868, 4, 100, 79447
2026/09/15 06:05:20.869, 5, 100, 79431
2026/09/15 06:05:20.869, 6, 100, 79431
2026/09/15 06:05:20.869, 7, 100, 79431
2026/09/15 06:05:21.369, 4, 99, 79447
2026/09/15 06:05:21.369, 5, 99, 79431
2026/09/15 06:05:21.369, 6, 99, 79431
2026/09/15 06:05:21.369, 7, 99, 79431
2026/09/15 06:05:21.869, 4, 99, 79447
2026/09/15 06:05:21.894, 5, 100, 79431
2026/09/15 06:05:21.896, 6, 99, 79431
2026/09/15 06:05:21.896, 7, 100, 79431
2026/09/15 06:05:22.396, 4, 99, 79447
2026/09/15 06:05:22.396, 5, 100, 79431
2026/09/15 06:05:22.396, 6, 100, 79431
2026/09/15 06:05:22.396, 7, 100, 79431
2026/09/15 06:05:22.896, 4, 99, 79447
2026/09/15 06:05:22.896, 5, 99, 79431
2026/09/15 06:05:22.896, 6, 99, 79431
2026/09/15 06:05:22.896, 7, 99, 79431
2026/09/15 06:05:23.396, 4, 100, 79447
2026/09/15 06:05:23.397, 5, 99, 79431
2026/09/15 06:05:23.397, 6, 99, 79431
2026/09/15 06:05:23.397, 7, 99, 79431
2026/09/15 06:05:23.897, 4, 100, 79447
2026/09/15 06:05:23.897, 5, 100, 79431
2026/09/15 06:05:23.897, 6, 100, 79431
2026/09/15 06:05:23.897, 7, 100, 79431
2026/09/15 06:05:24.397, 4, 100, 79447
2026/09/15 06:05:24.397, 5, 100, 79431
2026/09/15 06:05:24.397, 6, 100, 79431
2026/09/15 06:05:24.397, 7, 100, 79431
2026/09/15 06:05:24.897, 4, 99, 79447
2026/09/15 06:05:24.897, 5, 99, 79431
2026/09/15 06:05:24.897, 6, 99, 79431
2026/09/15 06:05:24.897, 7, 99, 79431
2026/09/15 06:05:25.397, 4, 99, 79447
2026/09/15 06:05:25.398, 5, 99, 79431
2026/09/15 06:05:25.398, 6, 100, 79431
2026/09/15 06:05:25.398, 7, 100, 79431
2026/09/15 06:05:25.898, 4, 99, 79447
2026/09/15 06:05:25.898, 5, 100, 79431
2026/09/15 06:05:25.898, 6, 100, 79431
2026/09/15 06:05:25.898, 7, 100, 79431
2026/09/15 06:05:26.398, 4, 99, 79447
2026/09/15 06:05:26.398, 5, 100, 79431
2026/09/15 06:05:26.398, 6, 99, 79431
2026/09/15 06:05:26.398, 7, 99, 79431
2026/09/15 06:05:26.898, 4, 100, 79447
2026/09/15 06:05:26.898, 5, 100, 79431
2026/09/15 06:05:26.898, 6, 100, 79431
2026/09/15 06:05:26.898, 7, 100, 79431
2026/09/15 06:05:27.398, 4, 100, 79447
2026/09/15 06:05:27.399, 5, 100, 79431
2026/09/15 06:05:27.399, 6, 99, 79431
2026/09/15 06:05:27.399, 7, 100, 79431
2026/09/15 06:05:27.899, 4, 100, 79447
2026/09/15 06:05:27.899, 5, 100, 79431
2026/09/15 06:05:27.899, 6, 100, 79431
2026/09/15 06:05:27.899, 7, 100, 79431
2026/09/15 06:05:28.399, 4, 99, 79447
2026/09/15 06:05:28.400, 5, 100, 79431
2026/09/15 06:05:28.400, 6, 99, 79431
2026/09/15 06:05:28.400, 7, 99, 79431
2026/09/15 06:05:28.900, 4, 99, 79447
2026/09/15 06:05:28.900, 5, 100, 79431
2026/09/15 06:05:28.900, 6, 100, 79431
2026/09/15 06:05:28.900, 7, 99, 79431
2026/09/15 06:05:29.400, 4, 99, 79447
2026/09/15 06:05:29.400, 5, 100, 79431
2026/09/15 06:05:29.400, 6, 100, 79431
2026/09/15 06:05:29.400, 7, 100, 79431
2026/09/15 06:05:29.900, 4, 99, 79447
2026/09/15 06:05:29.900, 5, 99, 79431
2026/09/15 06:05:29.900, 6, 99, 79431
2026/09/15 06:05:29.900, 7, 99, 79431
2026/09/15 06:05:30.400, 4, 100, 79447
2026/09/15 06:05:30.401, 5, 100, 79431
2026/09/15 06:05:30.401, 6, 100, 79431
2026/09/15 06:05:30.401, 7, 99, 79431
2026/09/15 06:05:30.901, 4, 100, 79447
2026/09/15 06:05:30.901, 5, 100, 79431
2026/09/15 06:05:30.901, 6, 100, 79431
2026/09/15 06:05:30.901, 7, 99, 79431
2026/09/15 06:05:31.401, 4, 47, 79447
2026/09/15 06:05:31.401, 5, 0, 79431
2026/09/15 06:05:31.401, 6, 78, 79431
2026/09/15 06:05:31.401, 7, 32, 79431
2026/09/15 06:05:31.901, 4, 0, 79447
2026/09/15 06:05:31.901, 5, 0, 79431
2026/09/15 06:05:31.901, 6, 0, 79431
2026/09/15 06:05:31.901, 7, 0, 79431
2026/09/15 06:05:32.401, 4, 0, 79447
2026/09/15 06:05:32.402, 5, 0, 79431
2026/09/15 06:05:32.402, 6, 0, 79431
2026/09/15 06:05:32.402, 7, 0, 79431
2026/09/15 06:05:32.902, 4, 0, 79447
2026/09/15 06:05:32.902, 5, 0, 79431
2026/09/15 06:05:32.902, 6, 0, 79431
2026/09/15 06:05:32.902, 7, 0, 79431
2026/09/15 06:05:33.402, 4, 0, 79447
2026/09/15 06:05:33.402, 5, 0, 79431
2026/09/15 06:05:33.402, 6, 0, 79431
2026/09/15 06:05:33.402, 7, 0, 79431
2026/09/15 06:05:33.902, 4, 0, 79447
2026/09/15 06:05:33.902, 5, 0, 79431
2026/09/15 06:05:33.903, 6, 0, 79431
2026/09/15 06:05:33.903, 7, 0, 79431
2026/09/15 06:05:34.403, 4, 0, 79447
2026/09/15 06:05:34.404, 5, 0, 79431
2026/09/15 06:05:34.404, 6, 0, 79431
2026/09/15 06:05:34.404, 7, 0, 79431
2026/09/15 06:05:34.904, 4, 0, 79447
2026/09/15 06:05:34.904, 5, 0, 79431
2026/09/15 06:05:34.904, 6, 0, 79431
2026/09/15 06:05:34.904, 7, 0, 79431
2026/09/15 06:05:35.404, 4, 0, 79447
2026/09/15 06:05:35.404, 5, 0, 79431
2026/09/15 06:05:35.404, 6, 0, 79431
2026/09/15 06:05:35.404, 7, 0, 79431
2026/09/15 06:05:35.904, 4, 0, 79447
2026/09/15 06:05:35.904, 5, 0, 79431
2026/09/15 06:05:35.904, 6, 0, 79431
2026/09/15 06:05:35.904, 7, 0, 79431
2026/09/15 06:05:36.405, 4, 99, 79447
2026/09/15 06:05:36.405, 5, 99, 79431
2026/09/15 06:05:36.405, 6, 99, 79431
2026/09/15 06:05:36.405, 7, 99, 79431
2026/09/15 06:05:36.905, 4, 99, 79447
2026/09/15 06:05:36.905, 5, 100, 79431
2026/09/15 06:05:36.905, 6, 100, 79431
2026/09/15 06:05:36.905, 7, 100, 79431
2026/09/15 06:05:37.405, 4, 99, 79447
2026/09/15 06:05:37.405, 5, 100, 79431
2026/09/15 06:05:37.405, 6, 100, 79431
2026/09/15 06:05:37.405, 7, 100, 79431
2026/09/15 06:05:37.905, 4, 0, 79447
2026/09/15 06:05:37.905, 5, 0, 79431
2026/09/15 06:05:37.905, 6, 10, 79431
2026/09/15 06:05:37.906, 7, 0, 79431
2026/09/15 06:05:38.406, 4, 0, 79447
2026/09/15 06:05:38.406, 5, 0, 79431
2026/09/15 06:05:38.406, 6, 0, 79431
2026/09/15 06:05:38.406, 7, 0, 79431
2026/09/15 06:05:38.906, 4, 99, 79447
2026/09/15 06:05:38.906, 5, 100, 79431
2026/09/15 06:05:38.906, 6, 99, 79431
2026/09/15 06:05:38.906, 7, 99, 79431
2026/09/15 06:05:39.406, 4, 100, 79447
2026/09/15 06:05:39.406, 5, 100, 79431
2026/09/15 06:05:39.406, 6, 100, 79431
2026/09/15 06:05:39.406, 7, 100, 79431
2026/09/15 06:05:39.906, 4, 100, 79447
2026/09/15 06:05:39.906, 5, 100, 79431
2026/09/15 06:05:39.906, 6, 100, 79431
2026/09/15 06:05:39.907, 7, 100, 79431
2026/09/15 06:05:40.407, 4, 100, 79447
2026/09/15 06:05:40.407, 5, 100, 79431
2026/09/15 06:05:40.407, 6, 100, 79431
2026/09/15 06:05:40.407, 7, 99, 79431
2026/09/15 06:05:40.907, 4, 99, 79447
2026/09/15 06:05:40.907, 5, 99, 79431
2026/09/15 06:05:40.907, 6, 99, 79431
2026/09/15 06:05:40.907, 7, 100, 79431
2026/09/15 06:05:41.407, 4, 99, 79447
2026/09/15 06:05:41.407, 5, 100, 79431
2026/09/15 06:05:41.407, 6, 100, 79431
2026/09/15 06:05:41.407, 7, 100, 79431
2026/09/15 06:05:41.907, 4, 100, 79447
2026/09/15 06:05:41.907, 5, 100, 79431
2026/09/15 06:05:41.907, 6, 100, 79431
2026/09/15 06:05:41.907, 7, 100, 79431
2026/09/15 06:05:42.408, 4, 99, 79447
2026/09/15 06:05:42.408, 5, 99, 79431
2026/09/15 06:05:42.408, 6, 99, 79431
2026/09/15 06:05:42.408, 7, 99, 79431
2026/09/15 06:05:42.908, 4, 100, 79447
2026/09/15 06:05:42.908, 5, 99, 79431
2026/09/15 06:05:42.908, 6, 100, 79431
2026/09/15 06:05:42.908, 7, 99, 79431
2026/09/15 06:05:43.408, 4, 100, 79447
2026/09/15 06:05:43.408, 5, 100, 79431
2026/09/15 06:05:43.408, 6, 100, 79431
2026/09/15 06:05:43.408, 7, 100, 79431
2026/09/15 06:05:43.908, 4, 99, 79447
2026/09/15 06:05:43.908, 5, 99, 79431
2026/09/15 06:05:43.908, 6, 99, 79431
2026/09/15 06:05:43.908, 7, 99, 79431
2026/09/15 06:05:44.408, 4, 99, 79447
2026/09/15 06:05:44.409, 5, 100, 79431
2026/09/15 06:05:44.409, 6, 99, 79431
2026/09/15 06:05:44.409, 7, 100, 79431
2026/09/15 06:05:44.909, 4, 100, 79447
2026/09/15 06:05:44.909, 5, 100, 79431
2026/09/15 06:05:44.909, 6, 100, 79431
2026/09/15 06:05:44.909, 7, 100, 79431
2026/09/15 06:05:45.409, 4, 100, 79447
2026/09/15 06:05:45.409, 5, 100, 79431
2026/09/15 06:05:45.409, 6, 100, 79431
2026/09/15 06:05:45.409, 7, 100, 79431
2026/09/15 06:05:45.909, 4, 99, 79447
2026/09/15 06:05:45.909, 5, 100, 79431
2026/09/15 06:05:45.909, 6, 99, 79431
2026/09/15 06:05:45.909, 7, 99, 79431
2026/09/15 06:05:46.409, 4, 100, 79447
2026/09/15 06:05:46.410, 5, 100, 79431
2026/09/15 06:05:46.410, 6, 100, 79431
2026/09/15 06:05:46.410, 7, 99, 79431
2026/09/15 06:05:46.910, 4, 100, 79447
2026/09/15 06:05:46.910, 5, 100, 79431
2026/09/15 06:05:46.910, 6, 100, 79431
2026/09/15 06:05:46.910, 7, 100, 79431
