2026/08/28 13:52:22.549, 0, 0, 0
2026/08/28 13:52:22.553, 1, 0, 0
2026/08/28 13:52:22.560, 2, 0, 0
2026/08/28 13:52:22.564, 3, 0, 0
2026/08/28 13:52:23.073, 0, 0, 0
2026/08/28 13:52:23.073, 1, 0, 0
2026/08/28 13:52:23.073, 2, 0, 0
2026/08/28 13:52:23.073, 3, 0, 0
2026/08/28 13:52:23.573, 0, 0, 0
2026/08/28 13:52:23.573, 1, 0, 0
2026/08/28 13:52:23.573, 2, 0, 0
2026/08/28 13:52:23.573, 3, 0, 0
2026/08/28 13:52:24.073, 0, 0, 0
2026/08/28 13:52:24.073, 1, 0, 0
2026/08/28 13:52:24.073, 2, 0, 0
2026/08/28 13:52:24.073, 3, 0, 0
2026/08/28 13:52:24.573, 0, 0, 0
2026/08/28 13:52:24.573, 1, 0, 0
2026/08/28 13:52:24.573, 2, 0, 0
2026/08/28 13:52:24.573, 3, 0, 0
2026/08/28 13:52:25.073, 0, 0, 0
2026/08/28 13:52:25.073, 1, 0, 0
2026/08/28 13:52:25.073, 2, 0, 0
2026/08/28 13:52:25.073, 3, 0, 0
2026/08/28 13:52:25.573, 0, 0, 0
2026/08/28 13:52:25.574, 1, 0, 0
2026/08/28 13:52:25.574, 2, 0, 0
2026/08/28 13:52:25.574, 3, 0, 0
2026/08/28 13:52:26.074, 0, 0, 0
2026/08/28 13:52:26.074, 1, 0, 0
2026/08/28 13:52:26.074, 2, 0, 0
2026/08/28 13:52:26.074, 3, 0, 0
2026/08/28 13:52:26.574, 0, 0, 0
2026/08/28 13:52:26.574, 1, 0, 0
2026/08/28 13:52:26.574, 2, 0, 0
2026/08/28 13:52:26.574, 3, 0, 0
2026/08/28 13:52:27.074, 0, 0, 0
2026/08/28 13:52:27.074, 1, 0, 0
2026/08/28 13:52:27.074, 2, 0, 0
2026/08/28 13:52:27.074, 3, 0, 0
2026/08/28 13:52:27.574, 0, 0, 0
2026/08/28 13:52:27.574, 1, 0, 0
2026/08/28 13:52:27.574, 2, 0, 0
2026/08/28 13:52:27.574, 3, 0, 0
2026/08/28 13:52:28.074, 0, 0, 0
2026/08/28 13:52:28.074, 1, 0, 0
2026/08/28 13:52:28.074, 2, 0, 0
2026/08/28 13:52:28.074, 3, 0, 0
2026/08/28 13:52:28.574, 0, 0, 0
2026/08/28 13:52:28.574, 1, 0, 0
2026/08/28 13:52:28.574, 2, 0, 0
2026/08/28 13:52:28.574, 3, 0, 0
2026/08/28 13:52:29.075, 0, 0, 0
2026/08/28 13:52:29.075, 1, 0, 0
2026/08/28 13:52:29.075, 2, 0, 0
2026/08/28 13:52:29.075, 3, 0, 0
2026/08/28 13:52:29.575, 0, 0, 0
2026/08/28 13:52:29.575, 1, 0, 0
2026/08/28 13:52:29.575, 2, 0, 0
2026/08/28 13:52:29.575, 3, 0, 0
2026/08/28 13:52:30.075, 0, 0, 0
2026/08/28 13:52:30.075, 1, 0, 0
2026/08/28 13:52:30.075, 2, 0, 0
2026/08/28 13:52:30.075, 3, 0, 0
2026/08/28 13:52:30.575, 0, 0, 0
2026/08/28 13:52:30.575, 1, 0, 0
2026/08/28 13:52:30.575, 2, 0, 0
2026/08/28 13:52:30.575, 3, 0, 0
2026/08/28 13:52:31.075, 0, 0, 0
2026/08/28 13:52:31.075, 1, 0, 0
2026/08/28 13:52:31.075, 2, 0, 0
2026/08/28 13:52:31.075, 3, 0, 0
2026/08/28 13:52:31.575, 0, 0, 0
2026/08/28 13:52:31.575, 1, 0, 0
2026/08/28 13:52:31.575, 2, 0, 0
2026/08/28 13:52:31.575, 3, 0, 0
2026/08/28 13:52:32.075, 0, 0, 0
2026/08/28 13:52:32.075, 1, 0, 0
2026/08/28 13:52:32.075, 2, 0, 0
2026/08/28 13:52:32.075, 3, 0, 0
2026/08/28 13:52:32.575, 0, 0, 0
2026/08/28 13:52:32.575, 1, 0, 0
2026/08/28 13:52:32.575, 2, 0, 0
2026/08/28 13:52:32.576, 3, 0, 0
2026/08/28 13:52:33.076, 0, 0, 0
2026/08/28 13:52:33.076, 1, 0, 0
2026/08/28 13:52:33.076, 2, 0, 0
2026/08/28 13:52:33.076, 3, 0, 0
2026/08/28 13:52:33.576, 0, 0, 0
2026/08/28 13:52:33.576, 1, 0, 0
2026/08/28 13:52:33.576, 2, 0, 0
2026/08/28 13:52:33.576, 3, 0, 0
2026/08/28 13:52:34.076, 0, 0, 0
2026/08/28 13:52:34.076, 1, 0, 0
2026/08/28 13:52:34.076, 2, 0, 0
2026/08/28 13:52:34.076, 3, 0, 0
2026/08/28 13:52:34.576, 0, 0, 0
2026/08/28 13:52:34.576, 1, 0, 0
2026/08/28 13:52:34.576, 2, 0, 0
2026/08/28 13:52:34.576, 3, 0, 0
2026/08/28 13:52:35.076, 0, 0, 0
2026/08/28 13:52:35.076, 1, 0, 0
2026/08/28 13:52:35.076, 2, 0, 0
2026/08/28 13:52:35.076, 3, 0, 0
2026/08/28 13:52:35.576, 0, 0, 0
2026/08/28 13:52:35.576, 1, 0, 0
2026/08/28 13:52:35.576, 2, 0, 0
2026/08/28 13:52:35.576, 3, 0, 0
2026/08/28 13:52:36.076, 0, 0, 0
2026/08/28 13:52:36.076, 1, 0, 0
2026/08/28 13:52:36.076, 2, 0, 0
2026/08/28 13:52:36.076, 3, 0, 0
2026/08/28 13:52:36.577, 0, 0, 0
2026/08/28 13:52:36.577, 1, 0, 0
2026/08/28 13:52:36.577, 2, 0, 0
2026/08/28 13:52:36.577, 3, 0, 0
2026/08/28 13:52:37.077, 0, 0, 0
2026/08/28 13:52:37.077, 1, 0, 0
2026/08/28 13:52:37.077, 2, 0, 0
2026/08/28 13:52:37.077, 3, 0, 0
2026/08/28 13:52:37.577, 0, 0, 0
2026/08/28 13:52:37.577, 1, 0, 0
2026/08/28 13:52:37.577, 2, 0, 0
2026/08/28 13:52:37.577, 3, 0, 0
2026/08/28 13:52:38.077, 0, 0, 0
2026/08/28 13:52:38.077, 1, 0, 0
2026/08/28 13:52:38.077, 2, 0, 0
2026/08/28 13:52:38.077, 3, 0, 0
2026/08/28 13:52:38.577, 0, 0, 0
2026/08/28 13:52:38.577, 1, 0, 0
2026/08/28 13:52:38.577, 2, 0, 0
2026/08/28 13:52:38.577, 3, 0, 0
2026/08/28 13:52:39.077, 0, 0, 0
2026/08/28 13:52:39.077, 1, 0, 0
2026/08/28 13:52:39.077, 2, 0, 0
2026/08/28 13:52:39.077, 3, 0, 0
2026/08/28 13:52:39.577, 0, 0, 0
2026/08/28 13:52:39.577, 1, 0, 0
2026/08/28 13:52:39.577, 2, 0, 0
2026/08/28 13:52:39.578, 3, 0, 0
2026/08/28 13:52:40.078, 0, 0, 0
2026/08/28 13:52:40.078, 1, 0, 0
2026/08/28 13:52:40.078, 2, 0, 0
2026/08/28 13:52:40.078, 3, 0, 0
2026/08/28 13:52:40.578, 0, 0, 0
2026/08/28 13:52:40.578, 1, 0, 0
2026/08/28 13:52:40.578, 2, 0, 0
2026/08/28 13:52:40.578, 3, 0, 0
2026/08/28 13:52:41.078, 0, 0, 0
2026/08/28 13:52:41.078, 1, 0, 0
2026/08/28 13:52:41.078, 2, 0, 0
2026/08/28 13:52:41.078, 3, 0, 0
2026/08/28 13:52:41.578, 0, 0, 0
2026/08/28 13:52:41.578, 1, 0, 0
2026/08/28 13:52:41.578, 2, 0, 0
2026/08/28 13:52:41.578, 3, 0, 0
2026/08/28 13:52:42.078, 0, 0, 0
2026/08/28 13:52:42.078, 1, 0, 0
2026/08/28 13:52:42.078, 2, 0, 0
2026/08/28 13:52:42.078, 3, 0, 0
2026/08/28 13:52:42.578, 0, 0, 3
2026/08/28 13:52:42.583, 1, 0, 3
2026/08/28 13:52:42.583, 2, 0, 1
2026/08/28 13:52:42.583, 3, 0, 1
2026/08/28 13:52:43.083, 0, 0, 19
2026/08/28 13:52:43.083, 1, 0, 19
2026/08/28 13:52:43.083, 2, 0, 21
2026/08/28 13:52:43.084, 3, 0, 21
2026/08/28 13:52:43.584, 0, 0, 43493
2026/08/28 13:52:43.584, 1, 1, 273
2026/08/28 13:52:43.585, 2, 0, 273
2026/08/28 13:52:43.585, 3, 0, 273
2026/08/28 13:52:44.085, 0, 0, 43495
2026/08/28 13:52:44.085, 1, 0, 273
2026/08/28 13:52:44.085, 2, 0, 273
2026/08/28 13:52:44.085, 3, 0, 273
2026/08/28 13:52:44.585, 0, 0, 43495
2026/08/28 13:52:44.585, 1, 0, 273
2026/08/28 13:52:44.585, 2, 0, 273
2026/08/28 13:52:44.585, 3, 0, 273
2026/08/28 13:52:45.085, 0, 0, 43495
2026/08/28 13:52:45.085, 1, 0, 273
2026/08/28 13:52:45.085, 2, 0, 273
2026/08/28 13:52:45.085, 3, 0, 273
2026/08/28 13:52:45.585, 0, 0, 43495
2026/08/28 13:52:45.585, 1, 0, 273
2026/08/28 13:52:45.585, 2, 0, 273
2026/08/28 13:52:45.585, 3, 0, 273
2026/08/28 13:52:46.085, 0, 0, 43495
2026/08/28 13:52:46.085, 1, 0, 273
2026/08/28 13:52:46.085, 2, 0, 273
2026/08/28 13:52:46.085, 3, 0, 273
2026/08/28 13:52:46.585, 0, 0, 43495
2026/08/28 13:52:46.585, 1, 0, 273
2026/08/28 13:52:46.586, 2, 0, 273
2026/08/28 13:52:46.586, 3, 0, 273
2026/08/28 13:52:47.086, 0, 0, 43495
2026/08/28 13:52:47.086, 1, 0, 273
2026/08/28 13:52:47.086, 2, 0, 273
2026/08/28 13:52:47.086, 3, 0, 273
2026/08/28 13:52:47.586, 0, 0, 43495
2026/08/28 13:52:47.586, 1, 0, 273
2026/08/28 13:52:47.586, 2, 0, 273
2026/08/28 13:52:47.586, 3, 0, 273
2026/08/28 13:52:48.086, 0, 0, 43495
2026/08/28 13:52:48.086, 1, 0, 273
2026/08/28 13:52:48.086, 2, 0, 273
2026/08/28 13:52:48.086, 3, 0, 273
2026/08/28 13:52:48.586, 0, 0, 43495
2026/08/28 13:52:48.586, 1, 0, 273
2026/08/28 13:52:48.586, 2, 0, 273
2026/08/28 13:52:48.586, 3, 0, 273
2026/08/28 13:52:49.086, 0, 0, 43495
2026/08/28 13:52:49.086, 1, 0, 273
2026/08/28 13:52:49.086, 2, 0, 273
2026/08/28 13:52:49.086, 3, 0, 273
2026/08/28 13:52:49.586, 0, 0, 43495
2026/08/28 13:52:49.586, 1, 0, 273
2026/08/28 13:52:49.586, 2, 0, 273
2026/08/28 13:52:49.586, 3, 0, 273
2026/08/28 13:52:50.086, 0, 0, 43495
2026/08/28 13:52:50.086, 1, 0, 273
2026/08/28 13:52:50.086, 2, 0, 273
2026/08/28 13:52:50.086, 3, 0, 273
2026/08/28 13:52:50.587, 0, 0, 43495
2026/08/28 13:52:50.587, 1, 0, 273
2026/08/28 13:52:50.587, 2, 0, 273
2026/08/28 13:52:50.587, 3, 0, 273
2026/08/28 13:52:51.087, 0, 0, 43495
2026/08/28 13:52:51.087, 1, 0, 273
2026/08/28 13:52:51.087, 2, 0, 273
2026/08/28 13:52:51.087, 3, 0, 273
2026/08/28 13:52:51.587, 0, 0, 43495
2026/08/28 13:52:51.587, 1, 0, 273
2026/08/28 13:52:51.587, 2, 0, 273
2026/08/28 13:52:51.587, 3, 0, 273
2026/08/28 13:52:52.087, 0, 0, 43495
2026/08/28 13:52:52.087, 1, 0, 273
2026/08/28 13:52:52.087, 2, 0, 273
2026/08/28 13:52:52.087, 3, 0, 273
2026/08/28 13:52:52.587, 0, 0, 43495
2026/08/28 13:52:52.587, 1, 0, 273
2026/08/28 13:52:52.587, 2, 0, 273
2026/08/28 13:52:52.587, 3, 0, 273
2026/08/28 13:52:53.087, 0, 0, 43495
2026/08/28 13:52:53.087, 1, 0, 273
2026/08/28 13:52:53.087, 2, 0, 273
2026/08/28 13:52:53.087, 3, 0, 273
2026/08/28 13:52:53.587, 0, 0, 43495
2026/08/28 13:52:53.588, 1, 0, 273
2026/08/28 13:52:53.588, 2, 0, 273
2026/08/28 13:52:53.588, 3, 0, 273
2026/08/28 13:52:54.088, 0, 0, 43495
2026/08/28 13:52:54.088, 1, 0, 273
2026/08/28 13:52:54.088, 2, 0, 273
2026/08/28 13:52:54.088, 3, 0, 273
2026/08/28 13:52:54.588, 0, 0, 43495
2026/08/28 13:52:54.588, 1, 0, 273
2026/08/28 13:52:54.588, 2, 0, 273
2026/08/28 13:52:54.588, 3, 0, 273
2026/08/28 13:52:55.088, 0, 0, 43495
2026/08/28 13:52:55.088, 1, 0, 273
2026/08/28 13:52:55.088, 2, 0, 273
2026/08/28 13:52:55.088, 3, 0, 273
2026/08/28 13:52:55.588, 0, 0, 43495
2026/08/28 13:52:55.588, 1, 0, 273
2026/08/28 13:52:55.588, 2, 0, 273
2026/08/28 13:52:55.588, 3, 0, 273
2026/08/28 13:52:56.088, 0, 0, 43495
2026/08/28 13:52:56.088, 1, 0, 273
2026/08/28 13:52:56.088, 2, 0, 273
2026/08/28 13:52:56.088, 3, 0, 273
2026/08/28 13:52:56.588, 0, 0, 43495
2026/08/28 13:52:56.588, 1, 0, 273
2026/08/28 13:52:56.588, 2, 0, 273
2026/08/28 13:52:56.588, 3, 0, 273
2026/08/28 13:52:57.088, 0, 0, 43495
2026/08/28 13:52:57.088, 1, 0, 273
2026/08/28 13:52:57.088, 2, 0, 273
2026/08/28 13:52:57.088, 3, 0, 273
2026/08/28 13:52:57.589, 0, 0, 43495
2026/08/28 13:52:57.589, 1, 0, 273
2026/08/28 13:52:57.589, 2, 0, 273
2026/08/28 13:52:57.589, 3, 0, 273
2026/08/28 13:52:58.089, 0, 0, 43495
2026/08/28 13:52:58.089, 1, 0, 273
2026/08/28 13:52:58.089, 2, 0, 273
2026/08/28 13:52:58.089, 3, 0, 273
2026/08/28 13:52:58.589, 0, 0, 43495
2026/08/28 13:52:58.589, 1, 0, 273
2026/08/28 13:52:58.589, 2, 0, 273
2026/08/28 13:52:58.589, 3, 0, 273
2026/08/28 13:52:59.089, 0, 0, 43495
2026/08/28 13:52:59.089, 1, 0, 273
2026/08/28 13:52:59.089, 2, 0, 273
2026/08/28 13:52:59.089, 3, 0, 273
2026/08/28 13:52:59.589, 0, 0, 43495
2026/08/28 13:52:59.589, 1, 0, 273
2026/08/28 13:52:59.589, 2, 0, 273
2026/08/28 13:52:59.589, 3, 0, 273
2026/08/28 13:53:00.089, 0, 0, 43495
2026/08/28 13:53:00.089, 1, 0, 273
2026/08/28 13:53:00.089, 2, 0, 273
2026/08/28 13:53:00.089, 3, 0, 273
2026/08/28 13:53:00.589, 0, 0, 43495
2026/08/28 13:53:00.589, 1, 0, 273
2026/08/28 13:53:00.589, 2, 0, 273
2026/08/28 13:53:00.590, 3, 0, 273
2026/08/28 13:53:01.090, 0, 0, 43495
2026/08/28 13:53:01.090, 1, 0, 273
2026/08/28 13:53:01.090, 2, 0, 273
2026/08/28 13:53:01.090, 3, 0, 273
2026/08/28 13:53:01.590, 0, 0, 43495
2026/08/28 13:53:01.590, 1, 0, 273
2026/08/28 13:53:01.590, 2, 0, 273
2026/08/28 13:53:01.590, 3, 0, 273
2026/08/28 13:53:02.090, 0, 0, 43495
2026/08/28 13:53:02.090, 1, 0, 273
2026/08/28 13:53:02.090, 2, 0, 273
2026/08/28 13:53:02.090, 3, 0, 273
2026/08/28 13:53:02.590, 0, 0, 43495
2026/08/28 13:53:02.590, 1, 0, 273
2026/08/28 13:53:02.590, 2, 0, 273
2026/08/28 13:53:02.590, 3, 0, 273
2026/08/28 13:53:03.090, 0, 0, 43495
2026/08/28 13:53:03.090, 1, 0, 273
2026/08/28 13:53:03.090, 2, 0, 273
2026/08/28 13:53:03.090, 3, 0, 273
2026/08/28 13:53:03.590, 0, 0, 43495
2026/08/28 13:53:03.590, 1, 0, 273
2026/08/28 13:53:03.590, 2, 0, 273
2026/08/28 13:53:03.590, 3, 0, 273
2026/08/28 13:53:04.090, 0, 0, 43495
2026/08/28 13:53:04.091, 1, 0, 273
2026/08/28 13:53:04.091, 2, 0, 273
2026/08/28 13:53:04.091, 3, 0, 273
2026/08/28 13:53:04.591, 0, 0, 43495
2026/08/28 13:53:04.591, 1, 0, 273
2026/08/28 13:53:04.591, 2, 0, 273
2026/08/28 13:53:04.591, 3, 0, 273
2026/08/28 13:53:05.091, 0, 0, 43495
2026/08/28 13:53:05.091, 1, 0, 273
2026/08/28 13:53:05.091, 2, 0, 273
2026/08/28 13:53:05.091, 3, 0, 273
2026/08/28 13:53:05.591, 0, 0, 43495
2026/08/28 13:53:05.591, 1, 0, 273
2026/08/28 13:53:05.591, 2, 0, 273
2026/08/28 13:53:05.591, 3, 0, 273
2026/08/28 13:53:06.091, 0, 0, 43495
2026/08/28 13:53:06.091, 1, 0, 273
2026/08/28 13:53:06.091, 2, 0, 273
2026/08/28 13:53:06.091, 3, 0, 273
2026/08/28 13:53:06.591, 0, 0, 43495
2026/08/28 13:53:06.591, 1, 0, 273
2026/08/28 13:53:06.591, 2, 0, 273
2026/08/28 13:53:06.591, 3, 0, 273
2026/08/28 13:53:07.091, 0, 0, 43495
2026/08/28 13:53:07.091, 1, 0, 273
2026/08/28 13:53:07.091, 2, 0, 273
2026/08/28 13:53:07.091, 3, 0, 273
2026/08/28 13:53:07.591, 0, 0, 43495
2026/08/28 13:53:07.591, 1, 0, 273
2026/08/28 13:53:07.591, 2, 0, 273
2026/08/28 13:53:07.591, 3, 0, 273
2026/08/28 13:53:08.092, 0, 0, 43495
2026/08/28 13:53:08.092, 1, 0, 273
2026/08/28 13:53:08.092, 2, 0, 273
2026/08/28 13:53:08.092, 3, 0, 273
2026/08/28 13:53:08.592, 0, 0, 43495
2026/08/28 13:53:08.592, 1, 0, 273
2026/08/28 13:53:08.592, 2, 0, 273
2026/08/28 13:53:08.592, 3, 0, 273
2026/08/28 13:53:09.092, 0, 0, 43495
2026/08/28 13:53:09.092, 1, 0, 273
2026/08/28 13:53:09.092, 2, 0, 273
2026/08/28 13:53:09.092, 3, 0, 273
2026/08/28 13:53:09.592, 0, 0, 43495
2026/08/28 13:53:09.592, 1, 0, 273
2026/08/28 13:53:09.592, 2, 0, 273
2026/08/28 13:53:09.592, 3, 0, 273
2026/08/28 13:53:10.092, 0, 0, 43495
2026/08/28 13:53:10.092, 1, 0, 273
2026/08/28 13:53:10.092, 2, 0, 273
2026/08/28 13:53:10.092, 3, 0, 273
2026/08/28 13:53:10.592, 0, 0, 43495
2026/08/28 13:53:10.592, 1, 0, 273
2026/08/28 13:53:10.592, 2, 0, 273
2026/08/28 13:53:10.592, 3, 0, 273
2026/08/28 13:53:11.092, 0, 0, 43495
2026/08/28 13:53:11.092, 1, 0, 273
2026/08/28 13:53:11.092, 2, 0, 273
2026/08/28 13:53:11.092, 3, 0, 273
2026/08/28 13:53:11.592, 0, 0, 43495
2026/08/28 13:53:11.593, 1, 0, 273
2026/08/28 13:53:11.593, 2, 0, 273
2026/08/28 13:53:11.593, 3, 0, 273
2026/08/28 13:53:12.093, 0, 0, 43495
2026/08/28 13:53:12.093, 1, 0, 273
2026/08/28 13:53:12.093, 2, 0, 273
2026/08/28 13:53:12.093, 3, 0, 273
2026/08/28 13:53:12.593, 0, 0, 43495
2026/08/28 13:53:12.593, 1, 0, 273
2026/08/28 13:53:12.593, 2, 0, 273
2026/08/28 13:53:12.593, 3, 0, 273
2026/08/28 13:53:13.093, 0, 0, 43495
2026/08/28 13:53:13.093, 1, 0, 273
2026/08/28 13:53:13.093, 2, 0, 273
2026/08/28 13:53:13.093, 3, 0, 273
2026/08/28 13:53:13.593, 0, 0, 43495
2026/08/28 13:53:13.593, 1, 0, 273
2026/08/28 13:53:13.593, 2, 0, 273
2026/08/28 13:53:13.593, 3, 0, 273
2026/08/28 13:53:14.093, 0, 0, 43495
2026/08/28 13:53:14.093, 1, 0, 273
2026/08/28 13:53:14.093, 2, 0, 273
2026/08/28 13:53:14.093, 3, 0, 273
2026/08/28 13:53:14.593, 0, 0, 43495
2026/08/28 13:53:14.593, 1, 0, 273
2026/08/28 13:53:14.593, 2, 0, 273
2026/08/28 13:53:14.593, 3, 0, 273
2026/08/28 13:53:15.093, 0, 0, 43495
2026/08/28 13:53:15.093, 1, 0, 273
2026/08/28 13:53:15.093, 2, 0, 273
2026/08/28 13:53:15.093, 3, 0, 273
2026/08/28 13:53:15.594, 0, 0, 43495
2026/08/28 13:53:15.594, 1, 0, 273
2026/08/28 13:53:15.594, 2, 0, 273
2026/08/28 13:53:15.594, 3, 0, 273
2026/08/28 13:53:16.094, 0, 0, 43495
2026/08/28 13:53:16.094, 1, 0, 273
2026/08/28 13:53:16.094, 2, 0, 273
2026/08/28 13:53:16.094, 3, 0, 273
2026/08/28 13:53:16.594, 0, 0, 43495
2026/08/28 13:53:16.594, 1, 0, 273
2026/08/28 13:53:16.594, 2, 0, 273
2026/08/28 13:53:16.594, 3, 0, 273
2026/08/28 13:53:17.094, 0, 0, 43495
2026/08/28 13:53:17.094, 1, 0, 273
2026/08/28 13:53:17.094, 2, 0, 273
2026/08/28 13:53:17.094, 3, 0, 273
2026/08/28 13:53:17.594, 0, 0, 43495
2026/08/28 13:53:17.594, 1, 0, 273
2026/08/28 13:53:17.594, 2, 0, 273
2026/08/28 13:53:17.594, 3, 0, 273
2026/08/28 13:53:18.094, 0, 0, 43495
2026/08/28 13:53:18.094, 1, 0, 273
2026/08/28 13:53:18.094, 2, 0, 273
2026/08/28 13:53:18.094, 3, 0, 273
2026/08/28 13:53:18.594, 0, 0, 43495
2026/08/28 13:53:18.595, 1, 0, 273
2026/08/28 13:53:18.595, 2, 0, 273
2026/08/28 13:53:18.595, 3, 0, 273
2026/08/28 13:53:19.095, 0, 0, 43495
2026/08/28 13:53:19.095, 1, 0, 273
2026/08/28 13:53:19.095, 2, 0, 273
2026/08/28 13:53:19.095, 3, 0, 273
2026/08/28 13:53:19.595, 0, 0, 43495
2026/08/28 13:53:19.595, 1, 0, 273
2026/08/28 13:53:19.595, 2, 0, 273
2026/08/28 13:53:19.595, 3, 0, 273
2026/08/28 13:53:20.095, 0, 0, 43495
2026/08/28 13:53:20.095, 1, 0, 273
2026/08/28 13:53:20.095, 2, 0, 273
2026/08/28 13:53:20.095, 3, 0, 273
2026/08/28 13:53:20.595, 0, 0, 43495
2026/08/28 13:53:20.595, 1, 0, 273
2026/08/28 13:53:20.595, 2, 0, 273
2026/08/28 13:53:20.595, 3, 0, 273
2026/08/28 13:53:21.095, 0, 0, 43495
2026/08/28 13:53:21.095, 1, 0, 273
2026/08/28 13:53:21.095, 2, 0, 273
2026/08/28 13:53:21.095, 3, 0, 273
2026/08/28 13:53:21.595, 0, 0, 43495
2026/08/28 13:53:21.595, 1, 0, 273
2026/08/28 13:53:21.595, 2, 0, 273
2026/08/28 13:53:21.595, 3, 0, 273
2026/08/28 13:53:22.095, 0, 0, 43495
2026/08/28 13:53:22.095, 1, 0, 273
2026/08/28 13:53:22.095, 2, 0, 273
2026/08/28 13:53:22.095, 3, 0, 273
2026/08/28 13:53:22.596, 0, 0, 43495
2026/08/28 13:53:22.596, 1, 0, 273
2026/08/28 13:53:22.596, 2, 0, 273
2026/08/28 13:53:22.596, 3, 0, 273
2026/08/28 13:53:23.096, 0, 0, 43495
2026/08/28 13:53:23.096, 1, 0, 273
2026/08/28 13:53:23.096, 2, 0, 273
2026/08/28 13:53:23.096, 3, 0, 273
2026/08/28 13:53:23.596, 0, 0, 43495
2026/08/28 13:53:23.596, 1, 0, 273
2026/08/28 13:53:23.596, 2, 0, 273
2026/08/28 13:53:23.596, 3, 0, 273
2026/08/28 13:53:24.096, 0, 0, 43495
2026/08/28 13:53:24.096, 1, 0, 273
2026/08/28 13:53:24.096, 2, 0, 273
2026/08/28 13:53:24.096, 3, 0, 273
2026/08/28 13:53:24.596, 0, 0, 43495
2026/08/28 13:53:24.596, 1, 0, 273
2026/08/28 13:53:24.596, 2, 0, 273
2026/08/28 13:53:24.596, 3, 0, 273
2026/08/28 13:53:25.096, 0, 0, 43495
2026/08/28 13:53:25.096, 1, 0, 273
2026/08/28 13:53:25.096, 2, 0, 273
2026/08/28 13:53:25.096, 3, 0, 273
2026/08/28 13:53:25.596, 0, 0, 43495
2026/08/28 13:53:25.596, 1, 0, 273
2026/08/28 13:53:25.596, 2, 0, 273
2026/08/28 13:53:25.596, 3, 0, 273
2026/08/28 13:53:26.097, 0, 0, 43495
2026/08/28 13:53:26.097, 1, 0, 273
2026/08/28 13:53:26.097, 2, 0, 273
2026/08/28 13:53:26.097, 3, 0, 273
2026/08/28 13:53:26.597, 0, 0, 43495
2026/08/28 13:53:26.597, 1, 0, 273
2026/08/28 13:53:26.597, 2, 0, 273
2026/08/28 13:53:26.597, 3, 0, 273
2026/08/28 13:53:27.097, 0, 0, 43495
2026/08/28 13:53:27.097, 1, 0, 273
2026/08/28 13:53:27.097, 2, 0, 273
2026/08/28 13:53:27.097, 3, 0, 273
2026/08/28 13:53:27.597, 0, 0, 43495
2026/08/28 13:53:27.597, 1, 0, 273
2026/08/28 13:53:27.597, 2, 0, 273
2026/08/28 13:53:27.597, 3, 0, 273
2026/08/28 13:53:28.097, 0, 0, 43495
2026/08/28 13:53:28.097, 1, 0, 273
2026/08/28 13:53:28.097, 2, 0, 273
2026/08/28 13:53:28.097, 3, 0, 273
2026/08/28 13:53:28.597, 0, 0, 43495
2026/08/28 13:53:28.597, 1, 0, 273
2026/08/28 13:53:28.597, 2, 0, 273
2026/08/28 13:53:28.597, 3, 0, 273
2026/08/28 13:53:29.097, 0, 0, 43495
2026/08/28 13:53:29.097, 1, 0, 273
2026/08/28 13:53:29.097, 2, 0, 273
2026/08/28 13:53:29.097, 3, 0, 273
2026/08/28 13:53:29.597, 0, 0, 43495
2026/08/28 13:53:29.597, 1, 0, 273
2026/08/28 13:53:29.598, 2, 0, 273
2026/08/28 13:53:29.598, 3, 0, 273
2026/08/28 13:53:30.098, 0, 0, 43495
2026/08/28 13:53:30.098, 1, 0, 273
2026/08/28 13:53:30.098, 2, 0, 273
2026/08/28 13:53:30.098, 3, 0, 273
2026/08/28 13:53:30.598, 0, 0, 43495
2026/08/28 13:53:30.598, 1, 0, 273
2026/08/28 13:53:30.598, 2, 0, 273
2026/08/28 13:53:30.598, 3, 0, 273
2026/08/28 13:53:31.098, 0, 0, 43495
2026/08/28 13:53:31.098, 1, 0, 273
2026/08/28 13:53:31.098, 2, 0, 273
2026/08/28 13:53:31.098, 3, 0, 273
2026/08/28 13:53:31.598, 0, 0, 43495
2026/08/28 13:53:31.598, 1, 0, 273
2026/08/28 13:53:31.598, 2, 0, 273
2026/08/28 13:53:31.598, 3, 0, 273
2026/08/28 13:53:32.098, 0, 0, 43495
2026/08/28 13:53:32.098, 1, 0, 273
2026/08/28 13:53:32.098, 2, 0, 273
2026/08/28 13:53:32.098, 3, 0, 273
2026/08/28 13:53:32.598, 0, 0, 43495
2026/08/28 13:53:32.598, 1, 0, 273
2026/08/28 13:53:32.598, 2, 0, 273
2026/08/28 13:53:32.598, 3, 0, 273
2026/08/28 13:53:33.098, 0, 0, 43495
2026/08/28 13:53:33.098, 1, 0, 273
2026/08/28 13:53:33.098, 2, 0, 273
2026/08/28 13:53:33.098, 3, 0, 273
2026/08/28 13:53:33.599, 0, 0, 43495
2026/08/28 13:53:33.599, 1, 0, 273
2026/08/28 13:53:33.599, 2, 0, 273
2026/08/28 13:53:33.599, 3, 0, 273
2026/08/28 13:53:34.099, 0, 0, 43495
2026/08/28 13:53:34.099, 1, 0, 273
2026/08/28 13:53:34.099, 2, 0, 273
2026/08/28 13:53:34.099, 3, 0, 273
2026/08/28 13:53:34.599, 0, 0, 43495
2026/08/28 13:53:34.599, 1, 0, 273
2026/08/28 13:53:34.599, 2, 0, 273
2026/08/28 13:53:34.599, 3, 0, 273
2026/08/28 13:53:35.099, 0, 0, 43495
2026/08/28 13:53:35.099, 1, 0, 273
2026/08/28 13:53:35.099, 2, 0, 273
2026/08/28 13:53:35.099, 3, 0, 273
2026/08/28 13:53:35.599, 0, 0, 43495
2026/08/28 13:53:35.599, 1, 0, 273
2026/08/28 13:53:35.599, 2, 0, 273
2026/08/28 13:53:35.599, 3, 0, 273
2026/08/28 13:53:36.099, 0, 0, 43495
2026/08/28 13:53:36.099, 1, 0, 273
2026/08/28 13:53:36.099, 2, 0, 273
2026/08/28 13:53:36.099, 3, 0, 273
2026/08/28 13:53:36.599, 0, 0, 43495
2026/08/28 13:53:36.599, 1, 0, 273
2026/08/28 13:53:36.599, 2, 0, 273
2026/08/28 13:53:36.600, 3, 0, 273
2026/08/28 13:53:37.100, 0, 0, 43495
2026/08/28 13:53:37.100, 1, 0, 273
2026/08/28 13:53:37.100, 2, 0, 273
2026/08/28 13:53:37.100, 3, 0, 273
2026/08/28 13:53:37.600, 0, 0, 43495
2026/08/28 13:53:37.600, 1, 0, 273
2026/08/28 13:53:37.600, 2, 0, 273
2026/08/28 13:53:37.600, 3, 0, 273
2026/08/28 13:53:38.100, 0, 0, 43495
2026/08/28 13:53:38.100, 1, 0, 273
2026/08/28 13:53:38.100, 2, 0, 273
2026/08/28 13:53:38.100, 3, 0, 273
2026/08/28 13:53:38.600, 0, 0, 43495
2026/08/28 13:53:38.600, 1, 0, 273
2026/08/28 13:53:38.600, 2, 0, 273
2026/08/28 13:53:38.600, 3, 0, 273
2026/08/28 13:53:39.100, 0, 0, 43495
2026/08/28 13:53:39.100, 1, 0, 273
2026/08/28 13:53:39.100, 2, 0, 273
2026/08/28 13:53:39.100, 3, 0, 273
2026/08/28 13:53:39.600, 0, 0, 43495
2026/08/28 13:53:39.600, 1, 0, 273
2026/08/28 13:53:39.600, 2, 0, 273
2026/08/28 13:53:39.600, 3, 0, 273
2026/08/28 13:53:40.100, 0, 0, 43495
2026/08/28 13:53:40.100, 1, 0, 273
2026/08/28 13:53:40.100, 2, 0, 273
2026/08/28 13:53:40.101, 3, 0, 273
2026/08/28 13:53:40.601, 0, 0, 43495
2026/08/28 13:53:40.601, 1, 0, 273
2026/08/28 13:53:40.601, 2, 0, 273
2026/08/28 13:53:40.601, 3, 0, 273
2026/08/28 13:53:41.101, 0, 0, 43495
2026/08/28 13:53:41.101, 1, 0, 273
2026/08/28 13:53:41.101, 2, 0, 273
2026/08/28 13:53:41.101, 3, 0, 273
2026/08/28 13:53:41.601, 0, 0, 43495
2026/08/28 13:53:41.601, 1, 0, 273
2026/08/28 13:53:41.601, 2, 0, 273
2026/08/28 13:53:41.601, 3, 0, 273
2026/08/28 13:53:42.101, 0, 0, 43495
2026/08/28 13:53:42.101, 1, 0, 273
2026/08/28 13:53:42.101, 2, 0, 273
2026/08/28 13:53:42.101, 3, 0, 273
2026/08/28 13:53:42.601, 0, 0, 43495
2026/08/28 13:53:42.601, 1, 0, 273
2026/08/28 13:53:42.601, 2, 0, 273
2026/08/28 13:53:42.601, 3, 0, 273
2026/08/28 13:53:43.101, 0, 0, 43495
2026/08/28 13:53:43.101, 1, 0, 273
2026/08/28 13:53:43.101, 2, 0, 273
2026/08/28 13:53:43.101, 3, 0, 273
2026/08/28 13:53:43.601, 0, 0, 43495
2026/08/28 13:53:43.601, 1, 0, 273
2026/08/28 13:53:43.601, 2, 0, 273
2026/08/28 13:53:43.601, 3, 0, 273
2026/08/28 13:53:44.101, 0, 0, 43495
2026/08/28 13:53:44.101, 1, 0, 273
2026/08/28 13:53:44.101, 2, 0, 273
2026/08/28 13:53:44.101, 3, 0, 273
2026/08/28 13:53:44.602, 0, 0, 43495
2026/08/28 13:53:44.602, 1, 0, 273
2026/08/28 13:53:44.602, 2, 0, 273
2026/08/28 13:53:44.602, 3, 0, 273
2026/08/28 13:53:45.102, 0, 0, 43495
2026/08/28 13:53:45.102, 1, 0, 273
2026/08/28 13:53:45.102, 2, 0, 273
2026/08/28 13:53:45.102, 3, 0, 273
2026/08/28 13:53:45.602, 0, 0, 43495
2026/08/28 13:53:45.602, 1, 0, 273
2026/08/28 13:53:45.602, 2, 0, 273
2026/08/28 13:53:45.602, 3, 0, 273
2026/08/28 13:53:46.102, 0, 0, 43495
2026/08/28 13:53:46.102, 1, 0, 273
2026/08/28 13:53:46.102, 2, 0, 273
2026/08/28 13:53:46.102, 3, 0, 273
2026/08/28 13:53:46.602, 0, 0, 43495
2026/08/28 13:53:46.602, 1, 0, 43489
2026/08/28 13:53:46.602, 2, 0, 273
2026/08/28 13:53:46.602, 3, 0, 273
2026/08/28 13:53:47.102, 0, 0, 43495
2026/08/28 13:53:47.102, 1, 0, 43489
2026/08/28 13:53:47.102, 2, 0, 43489
2026/08/28 13:53:47.102, 3, 1, 273
2026/08/28 13:53:47.603, 0, 0, 43495
2026/08/28 13:53:47.603, 1, 0, 43489
2026/08/28 13:53:47.603, 2, 0, 43489
2026/08/28 13:53:47.603, 3, 0, 273
2026/08/28 13:53:48.103, 0, 0, 43495
2026/08/28 13:53:48.103, 1, 0, 43489
2026/08/28 13:53:48.103, 2, 0, 43489
2026/08/28 13:53:48.103, 3, 0, 43489
2026/08/28 13:53:48.603, 0, 9, 43497
2026/08/28 13:53:48.603, 1, 14, 43493
2026/08/28 13:53:48.603, 2, 0, 43493
2026/08/28 13:53:48.603, 3, 0, 43493
2026/08/28 13:53:49.103, 0, 0, 43655
2026/08/28 13:53:49.103, 1, 5, 43651
2026/08/28 13:53:49.103, 2, 1, 43651
2026/08/28 13:53:49.103, 3, 9, 43651
2026/08/28 13:53:49.603, 0, 0, 43655
2026/08/28 13:53:49.603, 1, 0, 43651
2026/08/28 13:53:49.603, 2, 0, 43651
2026/08/28 13:53:49.603, 3, 0, 43651
2026/08/28 13:53:50.103, 0, 0, 43655
2026/08/28 13:53:50.103, 1, 0, 43651
2026/08/28 13:53:50.103, 2, 0, 43651
2026/08/28 13:53:50.103, 3, 0, 43651
2026/08/28 13:53:50.604, 0, 0, 43655
2026/08/28 13:53:50.604, 1, 0, 43651
2026/08/28 13:53:50.604, 2, 0, 43651
2026/08/28 13:53:50.604, 3, 0, 43651
2026/08/28 13:53:51.104, 0, 0, 43655
2026/08/28 13:53:51.104, 1, 0, 43651
2026/08/28 13:53:51.104, 2, 0, 43651
2026/08/28 13:53:51.104, 3, 0, 43651
2026/08/28 13:53:51.604, 0, 0, 43655
2026/08/28 13:53:51.604, 1, 0, 43651
2026/08/28 13:53:51.604, 2, 0, 43651
2026/08/28 13:53:51.604, 3, 0, 43651
2026/08/28 13:53:52.104, 0, 0, 43655
2026/08/28 13:53:52.104, 1, 0, 43651
2026/08/28 13:53:52.104, 2, 0, 43651
2026/08/28 13:53:52.104, 3, 0, 43651
2026/08/28 13:53:52.604, 0, 0, 43655
2026/08/28 13:53:52.604, 1, 0, 43651
2026/08/28 13:53:52.604, 2, 0, 43651
2026/08/28 13:53:52.604, 3, 0, 43651
2026/08/28 13:53:53.105, 0, 0, 43655
2026/08/28 13:53:53.105, 1, 0, 43651
2026/08/28 13:53:53.105, 2, 0, 43651
2026/08/28 13:53:53.105, 3, 0, 43651
2026/08/28 13:53:53.605, 0, 0, 43655
2026/08/28 13:53:53.605, 1, 0, 43651
2026/08/28 13:53:53.605, 2, 0, 43651
2026/08/28 13:53:53.605, 3, 0, 43651
2026/08/28 13:53:54.105, 0, 0, 43655
2026/08/28 13:53:54.105, 1, 0, 43651
2026/08/28 13:53:54.105, 2, 0, 43651
2026/08/28 13:53:54.105, 3, 0, 43651
2026/08/28 13:53:54.605, 0, 0, 43655
2026/08/28 13:53:54.605, 1, 0, 43651
2026/08/28 13:53:54.605, 2, 0, 43651
2026/08/28 13:53:54.605, 3, 0, 43651
2026/08/28 13:53:55.105, 0, 0, 43655
2026/08/28 13:53:55.105, 1, 0, 43651
2026/08/28 13:53:55.105, 2, 0, 43651
2026/08/28 13:53:55.105, 3, 0, 43651
2026/08/28 13:53:55.605, 0, 0, 43655
2026/08/28 13:53:55.605, 1, 0, 43651
2026/08/28 13:53:55.605, 2, 0, 43651
2026/08/28 13:53:55.605, 3, 0, 43651
2026/08/28 13:53:56.106, 0, 0, 43655
2026/08/28 13:53:56.106, 1, 0, 43651
2026/08/28 13:53:56.106, 2, 0, 43651
2026/08/28 13:53:56.106, 3, 0, 43651
2026/08/28 13:53:56.606, 0, 0, 43655
2026/08/28 13:53:56.606, 1, 0, 43651
2026/08/28 13:53:56.606, 2, 0, 43651
2026/08/28 13:53:56.606, 3, 0, 43651
2026/08/28 13:53:57.106, 0, 0, 43655
2026/08/28 13:53:57.106, 1, 0, 43651
2026/08/28 13:53:57.106, 2, 0, 43651
2026/08/28 13:53:57.106, 3, 0, 43651
2026/08/28 13:53:57.606, 0, 0, 43655
2026/08/28 13:53:57.606, 1, 0, 43651
2026/08/28 13:53:57.606, 2, 0, 43651
2026/08/28 13:53:57.606, 3, 0, 43651
2026/08/28 13:53:58.106, 0, 0, 43655
2026/08/28 13:53:58.106, 1, 0, 43651
2026/08/28 13:53:58.106, 2, 0, 43651
2026/08/28 13:53:58.106, 3, 0, 43651
2026/08/28 13:53:58.606, 0, 0, 43655
2026/08/28 13:53:58.606, 1, 0, 43651
2026/08/28 13:53:58.606, 2, 0, 43651
2026/08/28 13:53:58.606, 3, 0, 43651
2026/08/28 13:53:59.106, 0, 1, 43655
2026/08/28 13:53:59.107, 1, 1, 43651
2026/08/28 13:53:59.107, 2, 0, 43651
2026/08/28 13:53:59.107, 3, 0, 43651
2026/08/28 13:53:59.607, 0, 0, 43655
2026/08/28 13:53:59.607, 1, 51, 43651
2026/08/28 13:53:59.607, 2, 0, 43651
2026/08/28 13:53:59.607, 3, 0, 43651
2026/08/28 13:54:00.107, 0, 0, 43657
2026/08/28 13:54:00.107, 1, 27, 43653
2026/08/28 13:54:00.107, 2, 60, 43653
2026/08/28 13:54:00.107, 3, 66, 43653
2026/08/28 13:54:00.607, 0, 0, 43657
2026/08/28 13:54:00.607, 1, 0, 43653
2026/08/28 13:54:00.607, 2, 0, 43653
2026/08/28 13:54:00.607, 3, 0, 43653
2026/08/28 13:54:01.107, 0, 43, 43661
2026/08/28 13:54:01.107, 1, 28, 43657
2026/08/28 13:54:01.107, 2, 55, 43657
2026/08/28 13:54:01.107, 3, 59, 43657
2026/08/28 13:54:01.607, 0, 96, 43661
2026/08/28 13:54:01.607, 1, 97, 43657
2026/08/28 13:54:01.607, 2, 99, 43657
2026/08/28 13:54:01.608, 3, 0, 43657
2026/08/28 13:54:02.108, 0, 0, 43661
2026/08/28 13:54:02.108, 1, 0, 43657
2026/08/28 13:54:02.108, 2, 0, 43657
2026/08/28 13:54:02.108, 3, 41, 43657
2026/08/28 13:54:02.608, 0, 0, 43661
2026/08/28 13:54:02.608, 1, 0, 43657
2026/08/28 13:54:02.608, 2, 0, 43657
2026/08/28 13:54:02.608, 3, 0, 43657
2026/08/28 13:54:03.108, 0, 0, 43661
2026/08/28 13:54:03.108, 1, 0, 43657
2026/08/28 13:54:03.108, 2, 0, 43657
2026/08/28 13:54:03.108, 3, 0, 43657
2026/08/28 13:54:03.608, 0, 0, 43661
2026/08/28 13:54:03.643, 1, 0, 43657
2026/08/28 13:54:03.643, 2, 0, 43657
2026/08/28 13:54:03.643, 3, 0, 43657
2026/08/28 13:54:04.143, 0, 2, 43671
2026/08/28 13:54:04.143, 1, 15, 43667
2026/08/28 13:54:04.143, 2, 17, 43667
2026/08/28 13:54:04.144, 3, 16, 43667
2026/08/28 13:54:04.644, 0, 23, 43671
2026/08/28 13:54:04.644, 1, 30, 43667
2026/08/28 13:54:04.644, 2, 22, 43667
2026/08/28 13:54:04.644, 3, 22, 43667
2026/08/28 13:54:05.144, 0, 36, 43671
2026/08/28 13:54:05.144, 1, 36, 43667
2026/08/28 13:54:05.144, 2, 35, 43667
2026/08/28 13:54:05.144, 3, 36, 43667
2026/08/28 13:54:05.644, 0, 35, 43671
2026/08/28 13:54:05.644, 1, 36, 43667
2026/08/28 13:54:05.644, 2, 36, 43667
2026/08/28 13:54:05.644, 3, 36, 43667
2026/08/28 13:54:06.144, 0, 35, 43671
2026/08/28 13:54:06.144, 1, 36, 43667
2026/08/28 13:54:06.144, 2, 35, 43667
2026/08/28 13:54:06.144, 3, 35, 43667
2026/08/28 13:54:06.645, 0, 36, 43671
2026/08/28 13:54:06.645, 1, 35, 43667
2026/08/28 13:54:06.645, 2, 36, 43667
2026/08/28 13:54:06.645, 3, 36, 43667
2026/08/28 13:54:07.145, 0, 36, 43671
2026/08/28 13:54:07.145, 1, 36, 43667
2026/08/28 13:54:07.145, 2, 35, 43667
2026/08/28 13:54:07.145, 3, 36, 43667
2026/08/28 13:54:07.645, 0, 36, 43671
2026/08/28 13:54:07.645, 1, 36, 43667
2026/08/28 13:54:07.645, 2, 36, 43667
2026/08/28 13:54:07.645, 3, 36, 43667
2026/08/28 13:54:08.145, 0, 38, 43671
2026/08/28 13:54:08.145, 1, 37, 43667
2026/08/28 13:54:08.145, 2, 38, 43667
2026/08/28 13:54:08.145, 3, 37, 43667
2026/08/28 13:54:08.646, 0, 38, 43671
2026/08/28 13:54:08.646, 1, 33, 43667
2026/08/28 13:54:08.646, 2, 38, 43667
2026/08/28 13:54:08.646, 3, 38, 43667
2026/08/28 13:54:09.146, 0, 72, 43671
2026/08/28 13:54:09.146, 1, 72, 43667
2026/08/28 13:54:09.146, 2, 72, 43667
2026/08/28 13:54:09.146, 3, 72, 43667
2026/08/28 13:54:09.646, 0, 72, 43671
2026/08/28 13:54:09.646, 1, 73, 43667
2026/08/28 13:54:09.646, 2, 72, 43667
2026/08/28 13:54:09.646, 3, 72, 43667
2026/08/28 13:54:10.146, 0, 100, 43671
2026/08/28 13:54:10.146, 1, 100, 43667
2026/08/28 13:54:10.146, 2, 100, 43667
2026/08/28 13:54:10.146, 3, 100, 43667
2026/08/28 13:54:10.646, 0, 0, 43671
2026/08/28 13:54:10.646, 1, 0, 43667
2026/08/28 13:54:10.646, 2, 0, 43667
2026/08/28 13:54:10.646, 3, 0, 43667
2026/08/28 13:54:11.146, 0, 0, 43671
2026/08/28 13:54:11.146, 1, 0, 43667
2026/08/28 13:54:11.146, 2, 0, 43667
2026/08/28 13:54:11.146, 3, 0, 43667
2026/08/28 13:54:11.647, 0, 0, 43671
2026/08/28 13:54:11.647, 1, 0, 43667
2026/08/28 13:54:11.647, 2, 0, 43667
2026/08/28 13:54:11.647, 3, 0, 43667
2026/08/28 13:54:12.147, 0, 0, 43671
2026/08/28 13:54:12.147, 1, 0, 43667
2026/08/28 13:54:12.147, 2, 0, 43667
2026/08/28 13:54:12.147, 3, 0, 43667
2026/08/28 13:54:12.647, 0, 0, 43671
2026/08/28 13:54:12.647, 1, 0, 43667
2026/08/28 13:54:12.647, 2, 0, 43667
2026/08/28 13:54:12.647, 3, 0, 43667
2026/08/28 13:54:13.147, 0, 0, 43671
2026/08/28 13:54:13.147, 1, 0, 43667
2026/08/28 13:54:13.147, 2, 0, 43667
2026/08/28 13:54:13.147, 3, 0, 43667
2026/08/28 13:54:13.647, 0, 0, 43671
2026/08/28 13:54:13.647, 1, 0, 43667
2026/08/28 13:54:13.647, 2, 0, 43667
2026/08/28 13:54:13.647, 3, 0, 43667
2026/08/28 13:54:14.147, 0, 0, 43671
2026/08/28 13:54:14.147, 1, 0, 43667
2026/08/28 13:54:14.147, 2, 0, 43667
2026/08/28 13:54:14.147, 3, 0, 43667
2026/08/28 13:54:14.647, 0, 0, 43671
2026/08/28 13:54:14.647, 1, 0, 43667
2026/08/28 13:54:14.647, 2, 0, 43667
2026/08/28 13:54:14.647, 3, 0, 43667
2026/08/28 13:54:15.147, 0, 0, 43671
2026/08/28 13:54:15.148, 1, 0, 43667
2026/08/28 13:54:15.148, 2, 0, 43667
2026/08/28 13:54:15.148, 3, 0, 43667
2026/08/28 13:54:15.648, 0, 0, 43671
2026/08/28 13:54:15.648, 1, 0, 43667
2026/08/28 13:54:15.648, 2, 0, 43667
2026/08/28 13:54:15.648, 3, 0, 43667
2026/08/28 13:54:16.148, 0, 0, 43671
2026/08/28 13:54:16.148, 1, 0, 43667
2026/08/28 13:54:16.148, 2, 0, 43667
2026/08/28 13:54:16.148, 3, 0, 43667
2026/08/28 13:54:16.648, 0, 0, 43671
2026/08/28 13:54:16.648, 1, 0, 43667
2026/08/28 13:54:16.648, 2, 0, 43667
2026/08/28 13:54:16.648, 3, 0, 43667
2026/08/28 13:54:17.148, 0, 0, 43671
2026/08/28 13:54:17.148, 1, 0, 43667
2026/08/28 13:54:17.148, 2, 0, 43667
2026/08/28 13:54:17.148, 3, 0, 43667
2026/08/28 13:54:17.648, 0, 0, 43671
2026/08/28 13:54:17.648, 1, 0, 43667
2026/08/28 13:54:17.648, 2, 0, 43667
2026/08/28 13:54:17.648, 3, 0, 43667
2026/08/28 13:54:18.148, 0, 0, 43671
2026/08/28 13:54:18.148, 1, 0, 43667
2026/08/28 13:54:18.148, 2, 0, 43667
2026/08/28 13:54:18.148, 3, 0, 43667
2026/08/28 13:54:18.648, 0, 0, 43671
2026/08/28 13:54:18.648, 1, 0, 43667
2026/08/28 13:54:18.648, 2, 0, 43667
2026/08/28 13:54:18.648, 3, 0, 43667
2026/08/28 13:54:19.149, 0, 0, 43671
2026/08/28 13:54:19.149, 1, 0, 43667
2026/08/28 13:54:19.149, 2, 0, 43667
2026/08/28 13:54:19.149, 3, 0, 43667
2026/08/28 13:54:19.649, 0, 0, 43671
2026/08/28 13:54:19.649, 1, 0, 43667
2026/08/28 13:54:19.649, 2, 0, 43667
2026/08/28 13:54:19.649, 3, 0, 43667
2026/08/28 13:54:20.149, 0, 0, 43671
2026/08/28 13:54:20.149, 1, 0, 43667
2026/08/28 13:54:20.149, 2, 0, 43667
2026/08/28 13:54:20.149, 3, 0, 43667
2026/08/28 13:54:20.649, 0, 0, 43671
2026/08/28 13:54:20.649, 1, 0, 43667
2026/08/28 13:54:20.649, 2, 0, 43667
2026/08/28 13:54:20.649, 3, 0, 43667
2026/08/28 13:54:21.149, 0, 0, 43671
2026/08/28 13:54:21.149, 1, 0, 43667
2026/08/28 13:54:21.149, 2, 0, 43667
2026/08/28 13:54:21.149, 3, 0, 43667
2026/08/28 13:54:21.649, 0, 0, 43671
2026/08/28 13:54:21.649, 1, 0, 43667
2026/08/28 13:54:21.649, 2, 0, 43667
2026/08/28 13:54:21.649, 3, 0, 43667
2026/08/28 13:54:22.150, 0, 0, 43671
2026/08/28 13:54:22.150, 1, 0, 43667
2026/08/28 13:54:22.150, 2, 0, 43667
2026/08/28 13:54:22.150, 3, 0, 43667
2026/08/28 13:54:22.650, 0, 0, 43671
2026/08/28 13:54:22.650, 1, 0, 43667
2026/08/28 13:54:22.650, 2, 0, 43667
2026/08/28 13:54:22.650, 3, 0, 43667
2026/08/28 13:54:23.150, 0, 0, 43671
2026/08/28 13:54:23.153, 1, 0, 43667
2026/08/28 13:54:23.153, 2, 0, 43667
2026/08/28 13:54:23.153, 3, 0, 43667
2026/08/28 13:54:23.653, 0, 0, 43671
2026/08/28 13:54:23.653, 1, 0, 43667
2026/08/28 13:54:23.653, 2, 0, 43667
2026/08/28 13:54:23.653, 3, 0, 43667
2026/08/28 13:54:24.153, 0, 0, 43671
2026/08/28 13:54:24.153, 1, 0, 43667
2026/08/28 13:54:24.154, 2, 0, 43667
2026/08/28 13:54:24.154, 3, 0, 43667
2026/08/28 13:54:24.654, 0, 0, 43671
2026/08/28 13:54:24.654, 1, 0, 43667
2026/08/28 13:54:24.654, 2, 0, 43667
2026/08/28 13:54:24.654, 3, 0, 43667
2026/08/28 13:54:25.154, 0, 0, 43671
2026/08/28 13:54:25.154, 1, 0, 43667
2026/08/28 13:54:25.154, 2, 0, 43667
2026/08/28 13:54:25.154, 3, 0, 43667
2026/08/28 13:54:25.654, 0, 0, 43671
2026/08/28 13:54:25.654, 1, 0, 43667
2026/08/28 13:54:25.654, 2, 0, 43667
2026/08/28 13:54:25.654, 3, 0, 43667
2026/08/28 13:54:26.154, 0, 0, 43671
2026/08/28 13:54:26.154, 1, 0, 43667
2026/08/28 13:54:26.154, 2, 0, 43667
2026/08/28 13:54:26.154, 3, 0, 43667
2026/08/28 13:54:26.654, 0, 0, 43671
2026/08/28 13:54:26.654, 1, 0, 43667
2026/08/28 13:54:26.654, 2, 0, 43667
2026/08/28 13:54:26.654, 3, 0, 43667
2026/08/28 13:54:27.154, 0, 0, 43671
2026/08/28 13:54:27.154, 1, 0, 43667
2026/08/28 13:54:27.154, 2, 0, 43667
2026/08/28 13:54:27.154, 3, 0, 43667
2026/08/28 13:54:27.654, 0, 0, 43671
2026/08/28 13:54:27.654, 1, 0, 43667
2026/08/28 13:54:27.654, 2, 0, 43667
2026/08/28 13:54:27.654, 3, 0, 43667
2026/08/28 13:54:28.155, 0, 0, 43671
2026/08/28 13:54:28.155, 1, 0, 43667
2026/08/28 13:54:28.155, 2, 0, 43667
2026/08/28 13:54:28.155, 3, 0, 43667
2026/08/28 13:54:28.655, 0, 0, 43671
2026/08/28 13:54:28.655, 1, 0, 43667
2026/08/28 13:54:28.655, 2, 0, 43667
2026/08/28 13:54:28.655, 3, 0, 43667
2026/08/28 13:54:29.155, 0, 0, 43671
2026/08/28 13:54:29.155, 1, 0, 43667
2026/08/28 13:54:29.155, 2, 0, 43667
2026/08/28 13:54:29.155, 3, 0, 43667
2026/08/28 13:54:29.655, 0, 0, 43671
2026/08/28 13:54:29.655, 1, 0, 43667
2026/08/28 13:54:29.655, 2, 0, 43667
2026/08/28 13:54:29.655, 3, 0, 43667
2026/08/28 13:54:30.155, 0, 0, 43671
2026/08/28 13:54:30.155, 1, 0, 43667
2026/08/28 13:54:30.155, 2, 0, 43667
2026/08/28 13:54:30.155, 3, 0, 43667
2026/08/28 13:54:30.655, 0, 0, 43671
2026/08/28 13:54:30.655, 1, 0, 43667
2026/08/28 13:54:30.655, 2, 0, 43667
2026/08/28 13:54:30.656, 3, 0, 43667
2026/08/28 13:54:31.156, 0, 0, 43671
2026/08/28 13:54:31.156, 1, 0, 43667
2026/08/28 13:54:31.156, 2, 0, 43667
2026/08/28 13:54:31.156, 3, 0, 43667
2026/08/28 13:54:31.656, 0, 0, 43671
2026/08/28 13:54:31.656, 1, 0, 43667
2026/08/28 13:54:31.656, 2, 0, 43667
2026/08/28 13:54:31.656, 3, 0, 43667
2026/08/28 13:54:32.156, 0, 0, 43671
2026/08/28 13:54:32.156, 1, 0, 43667
2026/08/28 13:54:32.156, 2, 0, 43667
2026/08/28 13:54:32.156, 3, 0, 43667
2026/08/28 13:54:32.656, 0, 0, 43671
2026/08/28 13:54:32.656, 1, 0, 43667
2026/08/28 13:54:32.656, 2, 0, 43667
2026/08/28 13:54:32.656, 3, 0, 43667
2026/08/28 13:54:33.156, 0, 0, 43671
2026/08/28 13:54:33.157, 1, 0, 43667
2026/08/28 13:54:33.157, 2, 0, 43667
2026/08/28 13:54:33.157, 3, 0, 43667
2026/08/28 13:54:33.657, 0, 0, 43671
2026/08/28 13:54:33.657, 1, 0, 43667
2026/08/28 13:54:33.657, 2, 0, 43667
2026/08/28 13:54:33.657, 3, 0, 43667
2026/08/28 13:54:34.157, 0, 0, 43671
2026/08/28 13:54:34.157, 1, 0, 43667
2026/08/28 13:54:34.157, 2, 0, 43667
2026/08/28 13:54:34.157, 3, 0, 43667
2026/08/28 13:54:34.657, 0, 0, 43671
2026/08/28 13:54:34.657, 1, 0, 43667
2026/08/28 13:54:34.657, 2, 0, 43667
2026/08/28 13:54:34.657, 3, 0, 43667
2026/08/28 13:54:35.157, 0, 0, 43671
2026/08/28 13:54:35.157, 1, 0, 43667
2026/08/28 13:54:35.157, 2, 0, 43667
2026/08/28 13:54:35.157, 3, 0, 43667
2026/08/28 13:54:35.658, 0, 0, 43671
2026/08/28 13:54:35.658, 1, 0, 43667
2026/08/28 13:54:35.658, 2, 0, 43667
2026/08/28 13:54:35.658, 3, 0, 43667
2026/08/28 13:54:36.158, 0, 0, 43671
2026/08/28 13:54:36.158, 1, 0, 43667
2026/08/28 13:54:36.158, 2, 0, 43667
2026/08/28 13:54:36.158, 3, 0, 43667
2026/08/28 13:54:36.658, 0, 0, 43671
2026/08/28 13:54:36.658, 1, 0, 43667
2026/08/28 13:54:36.658, 2, 0, 43667
2026/08/28 13:54:36.658, 3, 0, 43667
2026/08/28 13:54:37.158, 0, 0, 43671
2026/08/28 13:54:37.158, 1, 0, 43667
2026/08/28 13:54:37.158, 2, 0, 43667
2026/08/28 13:54:37.158, 3, 0, 43667
2026/08/28 13:54:37.658, 0, 0, 43671
2026/08/28 13:54:37.658, 1, 0, 43667
2026/08/28 13:54:37.658, 2, 0, 43667
2026/08/28 13:54:37.658, 3, 0, 43667
2026/08/28 13:54:38.159, 0, 0, 43671
2026/08/28 13:54:38.159, 1, 0, 43667
2026/08/28 13:54:38.159, 2, 0, 43667
2026/08/28 13:54:38.159, 3, 0, 43667
2026/08/28 13:54:38.659, 0, 0, 43671
2026/08/28 13:54:38.659, 1, 0, 43667
2026/08/28 13:54:38.659, 2, 0, 43667
2026/08/28 13:54:38.659, 3, 0, 43667
2026/08/28 13:54:39.159, 0, 0, 43671
2026/08/28 13:54:39.159, 1, 0, 43667
2026/08/28 13:54:39.159, 2, 0, 43667
2026/08/28 13:54:39.159, 3, 0, 43667
2026/08/28 13:54:39.659, 0, 0, 43671
2026/08/28 13:54:39.659, 1, 0, 43667
2026/08/28 13:54:39.659, 2, 0, 43667
2026/08/28 13:54:39.659, 3, 0, 43667
2026/08/28 13:54:40.159, 0, 0, 43671
2026/08/28 13:54:40.159, 1, 0, 43667
2026/08/28 13:54:40.159, 2, 0, 43667
2026/08/28 13:54:40.160, 3, 0, 43667
2026/08/28 13:54:40.660, 0, 0, 43671
2026/08/28 13:54:40.660, 1, 0, 43667
2026/08/28 13:54:40.660, 2, 0, 43667
2026/08/28 13:54:40.660, 3, 0, 43667
2026/08/28 13:54:41.160, 0, 0, 43671
2026/08/28 13:54:41.160, 1, 0, 43667
2026/08/28 13:54:41.160, 2, 0, 43667
2026/08/28 13:54:41.160, 3, 0, 43667
2026/08/28 13:54:41.660, 0, 0, 43671
2026/08/28 13:54:41.660, 1, 0, 43667
2026/08/28 13:54:41.660, 2, 0, 43667
2026/08/28 13:54:41.660, 3, 0, 43667
2026/08/28 13:54:42.160, 0, 0, 43671
2026/08/28 13:54:42.160, 1, 0, 43667
2026/08/28 13:54:42.160, 2, 0, 43667
2026/08/28 13:54:42.160, 3, 0, 43667
2026/08/28 13:54:42.660, 0, 0, 43671
2026/08/28 13:54:42.660, 1, 0, 43667
2026/08/28 13:54:42.661, 2, 0, 43667
2026/08/28 13:54:42.661, 3, 0, 43667
2026/08/28 13:54:43.161, 0, 0, 43671
2026/08/28 13:54:43.161, 1, 0, 43667
2026/08/28 13:54:43.161, 2, 0, 43667
2026/08/28 13:54:43.161, 3, 0, 43667
2026/08/28 13:54:43.661, 0, 0, 43671
2026/08/28 13:54:43.661, 1, 0, 43667
2026/08/28 13:54:43.661, 2, 0, 43667
2026/08/28 13:54:43.661, 3, 0, 43667
2026/08/28 13:54:44.161, 0, 0, 43671
2026/08/28 13:54:44.161, 1, 0, 43667
2026/08/28 13:54:44.161, 2, 0, 43667
2026/08/28 13:54:44.161, 3, 0, 43667
2026/08/28 13:54:44.661, 0, 0, 43671
2026/08/28 13:54:44.661, 1, 0, 43667
2026/08/28 13:54:44.661, 2, 0, 43667
2026/08/28 13:54:44.661, 3, 0, 43667
2026/08/28 13:54:45.161, 0, 0, 43671
2026/08/28 13:54:45.162, 1, 0, 43667
2026/08/28 13:54:45.162, 2, 0, 43667
2026/08/28 13:54:45.162, 3, 0, 43667
2026/08/28 13:54:45.662, 0, 0, 43671
2026/08/28 13:54:45.662, 1, 0, 43667
2026/08/28 13:54:45.662, 2, 0, 43667
2026/08/28 13:54:45.662, 3, 0, 43667
2026/08/28 13:54:46.162, 0, 0, 43671
2026/08/28 13:54:46.162, 1, 0, 43667
2026/08/28 13:54:46.162, 2, 0, 43667
2026/08/28 13:54:46.162, 3, 0, 43667
2026/08/28 13:54:46.662, 0, 0, 43671
2026/08/28 13:54:46.662, 1, 0, 43667
2026/08/28 13:54:46.662, 2, 0, 43667
2026/08/28 13:54:46.662, 3, 0, 43667
2026/08/28 13:54:47.162, 0, 0, 43671
2026/08/28 13:54:47.162, 1, 0, 43667
2026/08/28 13:54:47.162, 2, 0, 43667
2026/08/28 13:54:47.162, 3, 0, 43667
2026/08/28 13:54:47.663, 0, 0, 43671
2026/08/28 13:54:47.663, 1, 0, 43667
2026/08/28 13:54:47.663, 2, 0, 43667
2026/08/28 13:54:47.663, 3, 0, 43667
2026/08/28 13:54:48.163, 0, 0, 43671
2026/08/28 13:54:48.163, 1, 0, 43667
2026/08/28 13:54:48.163, 2, 0, 43667
2026/08/28 13:54:48.163, 3, 0, 43667
2026/08/28 13:54:48.663, 0, 0, 43671
2026/08/28 13:54:48.663, 1, 0, 43667
2026/08/28 13:54:48.663, 2, 0, 43667
2026/08/28 13:54:48.663, 3, 0, 43667
2026/08/28 13:54:49.163, 0, 0, 43671
2026/08/28 13:54:49.163, 1, 0, 43667
2026/08/28 13:54:49.163, 2, 0, 43667
2026/08/28 13:54:49.163, 3, 0, 43667
2026/08/28 13:54:49.663, 0, 0, 43671
2026/08/28 13:54:49.663, 1, 0, 43667
2026/08/28 13:54:49.663, 2, 0, 43667
2026/08/28 13:54:49.663, 3, 0, 43667
2026/08/28 13:54:50.164, 0, 0, 43671
2026/08/28 13:54:50.164, 1, 0, 43667
2026/08/28 13:54:50.164, 2, 0, 43667
2026/08/28 13:54:50.164, 3, 0, 43667
2026/08/28 13:54:50.664, 0, 0, 43671
2026/08/28 13:54:50.664, 1, 0, 43667
2026/08/28 13:54:50.664, 2, 0, 43667
2026/08/28 13:54:50.664, 3, 0, 43667
2026/08/28 13:54:51.164, 0, 0, 43671
2026/08/28 13:54:51.164, 1, 0, 43667
2026/08/28 13:54:51.164, 2, 0, 43667
2026/08/28 13:54:51.164, 3, 0, 43667
2026/08/28 13:54:51.664, 0, 0, 43671
2026/08/28 13:54:51.664, 1, 0, 43667
2026/08/28 13:54:51.664, 2, 0, 43667
2026/08/28 13:54:51.664, 3, 0, 43667
2026/08/28 13:54:52.164, 0, 0, 43671
2026/08/28 13:54:52.164, 1, 0, 43667
2026/08/28 13:54:52.164, 2, 0, 43667
2026/08/28 13:54:52.164, 3, 0, 43667
2026/08/28 13:54:52.665, 0, 0, 43671
2026/08/28 13:54:52.665, 1, 0, 43667
2026/08/28 13:54:52.665, 2, 0, 43667
2026/08/28 13:54:52.665, 3, 0, 43667
2026/08/28 13:54:53.165, 0, 0, 43671
2026/08/28 13:54:53.165, 1, 0, 43667
2026/08/28 13:54:53.165, 2, 0, 43667
2026/08/28 13:54:53.165, 3, 0, 43667
2026/08/28 13:54:53.665, 0, 0, 43671
2026/08/28 13:54:53.665, 1, 0, 43667
2026/08/28 13:54:53.665, 2, 0, 43667
2026/08/28 13:54:53.665, 3, 0, 43667
2026/08/28 13:54:54.165, 0, 0, 43671
2026/08/28 13:54:54.165, 1, 0, 43667
2026/08/28 13:54:54.165, 2, 0, 43667
2026/08/28 13:54:54.165, 3, 0, 43667
2026/08/28 13:54:54.665, 0, 0, 43671
2026/08/28 13:54:54.665, 1, 0, 43667
2026/08/28 13:54:54.665, 2, 0, 43667
2026/08/28 13:54:54.666, 3, 0, 43667
2026/08/28 13:54:55.166, 0, 0, 43671
2026/08/28 13:54:55.166, 1, 0, 43667
2026/08/28 13:54:55.166, 2, 0, 43667
2026/08/28 13:54:55.166, 3, 0, 43667
2026/08/28 13:54:55.666, 0, 0, 43671
2026/08/28 13:54:55.666, 1, 0, 43667
2026/08/28 13:54:55.666, 2, 0, 43667
2026/08/28 13:54:55.666, 3, 0, 43667
2026/08/28 13:54:56.166, 0, 0, 43671
2026/08/28 13:54:56.166, 1, 0, 43667
2026/08/28 13:54:56.166, 2, 0, 43667
2026/08/28 13:54:56.166, 3, 0, 43667
2026/08/28 13:54:56.666, 0, 0, 43671
2026/08/28 13:54:56.666, 1, 0, 43667
2026/08/28 13:54:56.666, 2, 0, 43667
2026/08/28 13:54:56.666, 3, 0, 43667
2026/08/28 13:54:57.166, 0, 0, 43671
2026/08/28 13:54:57.166, 1, 0, 43667
2026/08/28 13:54:57.167, 2, 0, 43667
2026/08/28 13:54:57.167, 3, 0, 43667
2026/08/28 13:54:57.667, 0, 0, 43671
2026/08/28 13:54:57.667, 1, 0, 43667
2026/08/28 13:54:57.667, 2, 0, 43667
2026/08/28 13:54:57.667, 3, 0, 43667
2026/08/28 13:54:58.167, 0, 0, 43671
2026/08/28 13:54:58.167, 1, 0, 43667
2026/08/28 13:54:58.167, 2, 0, 43667
2026/08/28 13:54:58.167, 3, 0, 43667
2026/08/28 13:54:58.667, 0, 0, 43671
2026/08/28 13:54:58.667, 1, 0, 43667
2026/08/28 13:54:58.667, 2, 0, 43667
2026/08/28 13:54:58.667, 3, 0, 43667
2026/08/28 13:54:59.167, 0, 0, 43671
2026/08/28 13:54:59.167, 1, 0, 43667
2026/08/28 13:54:59.167, 2, 0, 43667
2026/08/28 13:54:59.167, 3, 0, 43667
2026/08/28 13:54:59.667, 0, 0, 43671
2026/08/28 13:54:59.668, 1, 0, 43667
2026/08/28 13:54:59.668, 2, 0, 43667
2026/08/28 13:54:59.668, 3, 0, 43667
2026/08/28 13:55:00.168, 0, 0, 43671
2026/08/28 13:55:00.168, 1, 0, 43667
2026/08/28 13:55:00.168, 2, 0, 43667
2026/08/28 13:55:00.168, 3, 0, 43667
2026/08/28 13:55:00.668, 0, 0, 43671
2026/08/28 13:55:00.668, 1, 0, 43667
2026/08/28 13:55:00.668, 2, 0, 43667
2026/08/28 13:55:00.668, 3, 0, 43667
2026/08/28 13:55:01.168, 0, 0, 43671
2026/08/28 13:55:01.168, 1, 0, 43667
2026/08/28 13:55:01.168, 2, 0, 43667
2026/08/28 13:55:01.168, 3, 0, 43667
2026/08/28 13:55:01.668, 0, 8, 43685
2026/08/28 13:55:01.668, 1, 0, 43667
2026/08/28 13:55:01.668, 2, 0, 43667
2026/08/28 13:55:01.668, 3, 0, 43667
2026/08/28 13:55:02.168, 0, 99, 43687
2026/08/28 13:55:02.168, 1, 0, 43667
2026/08/28 13:55:02.169, 2, 0, 43667
2026/08/28 13:55:02.169, 3, 0, 43667
2026/08/28 13:55:02.669, 0, 99, 43687
2026/08/28 13:55:02.669, 1, 0, 43667
2026/08/28 13:55:02.669, 2, 0, 43667
2026/08/28 13:55:02.669, 3, 0, 43667
2026/08/28 13:55:03.169, 0, 98, 43687
2026/08/28 13:55:03.169, 1, 0, 43667
2026/08/28 13:55:03.169, 2, 0, 43667
2026/08/28 13:55:03.169, 3, 0, 43667
2026/08/28 13:55:03.669, 0, 80, 43689
2026/08/28 13:55:03.669, 1, 0, 43667
2026/08/28 13:55:03.669, 2, 0, 43667
2026/08/28 13:55:03.669, 3, 0, 43667
2026/08/28 13:55:04.169, 0, 99, 43691
2026/08/28 13:55:04.169, 1, 0, 43667
2026/08/28 13:55:04.169, 2, 0, 43667
2026/08/28 13:55:04.169, 3, 0, 43667
2026/08/28 13:55:04.669, 0, 99, 43691
2026/08/28 13:55:04.669, 1, 0, 43667
2026/08/28 13:55:04.669, 2, 0, 43667
2026/08/28 13:55:04.669, 3, 0, 43667
2026/08/28 13:55:05.169, 0, 97, 43691
2026/08/28 13:55:05.169, 1, 0, 43667
2026/08/28 13:55:05.169, 2, 0, 43667
2026/08/28 13:55:05.169, 3, 0, 43667
2026/08/28 13:55:05.669, 0, 87, 43693
2026/08/28 13:55:05.669, 1, 0, 43667
2026/08/28 13:55:05.669, 2, 0, 43667
2026/08/28 13:55:05.669, 3, 0, 43667
2026/08/28 13:55:06.169, 0, 34, 43695
2026/08/28 13:55:06.169, 1, 1, 43667
2026/08/28 13:55:06.169, 2, 1, 43667
2026/08/28 13:55:06.169, 3, 1, 43667
2026/08/28 13:55:06.670, 0, 99, 43697
2026/08/28 13:55:06.670, 1, 0, 43667
2026/08/28 13:55:06.670, 2, 0, 43667
2026/08/28 13:55:06.670, 3, 0, 43667
2026/08/28 13:55:07.170, 0, 99, 43697
2026/08/28 13:55:07.170, 1, 0, 43667
2026/08/28 13:55:07.170, 2, 0, 43667
2026/08/28 13:55:07.170, 3, 0, 43667
2026/08/28 13:55:07.670, 0, 98, 43697
2026/08/28 13:55:07.670, 1, 0, 43667
2026/08/28 13:55:07.670, 2, 0, 43667
2026/08/28 13:55:07.670, 3, 0, 43667
2026/08/28 13:55:08.170, 0, 99, 43697
2026/08/28 13:55:08.170, 1, 0, 43667
2026/08/28 13:55:08.170, 2, 0, 43667
2026/08/28 13:55:08.170, 3, 0, 43667
2026/08/28 13:55:08.670, 0, 100, 43697
2026/08/28 13:55:08.670, 1, 0, 43667
2026/08/28 13:55:08.670, 2, 0, 43667
2026/08/28 13:55:08.670, 3, 0, 43667
2026/08/28 13:55:09.170, 0, 99, 43697
2026/08/28 13:55:09.170, 1, 0, 43667
2026/08/28 13:55:09.170, 2, 0, 43667
2026/08/28 13:55:09.170, 3, 0, 43667
2026/08/28 13:55:09.670, 0, 98, 43697
2026/08/28 13:55:09.670, 1, 0, 43667
2026/08/28 13:55:09.670, 2, 0, 43667
2026/08/28 13:55:09.670, 3, 0, 43667
2026/08/28 13:55:10.170, 0, 99, 43697
2026/08/28 13:55:10.170, 1, 0, 43667
2026/08/28 13:55:10.170, 2, 0, 43667
2026/08/28 13:55:10.170, 3, 0, 43667
2026/08/28 13:55:10.671, 0, 69, 43699
2026/08/28 13:55:10.671, 1, 0, 43667
2026/08/28 13:55:10.671, 2, 0, 43667
2026/08/28 13:55:10.671, 3, 0, 43667
2026/08/28 13:55:11.171, 0, 48, 43701
2026/08/28 13:55:11.171, 1, 0, 43667
2026/08/28 13:55:11.171, 2, 0, 43667
2026/08/28 13:55:11.171, 3, 0, 43667
2026/08/28 13:55:11.671, 0, 99, 43701
2026/08/28 13:55:11.671, 1, 0, 43667
2026/08/28 13:55:11.671, 2, 0, 43667
2026/08/28 13:55:11.671, 3, 0, 43667
2026/08/28 13:55:12.171, 0, 99, 43701
2026/08/28 13:55:12.171, 1, 0, 43667
2026/08/28 13:55:12.171, 2, 0, 43667
2026/08/28 13:55:12.171, 3, 0, 43667
2026/08/28 13:55:12.671, 0, 99, 43701
2026/08/28 13:55:12.671, 1, 0, 43667
2026/08/28 13:55:12.671, 2, 0, 43667
2026/08/28 13:55:12.671, 3, 0, 43667
2026/08/28 13:55:13.171, 0, 100, 43701
2026/08/28 13:55:13.171, 1, 0, 43667
2026/08/28 13:55:13.171, 2, 0, 43667
2026/08/28 13:55:13.171, 3, 0, 43667
2026/08/28 13:55:13.671, 0, 91, 43701
2026/08/28 13:55:13.671, 1, 0, 43667
2026/08/28 13:55:13.671, 2, 0, 43667
2026/08/28 13:55:13.671, 3, 0, 43667
2026/08/28 13:55:14.171, 0, 100, 43701
2026/08/28 13:55:14.171, 1, 0, 43667
2026/08/28 13:55:14.171, 2, 0, 43667
2026/08/28 13:55:14.171, 3, 0, 43667
2026/08/28 13:55:14.671, 0, 99, 43701
2026/08/28 13:55:14.672, 1, 0, 43667
2026/08/28 13:55:14.672, 2, 0, 43667
2026/08/28 13:55:14.672, 3, 0, 43667
2026/08/28 13:55:15.172, 0, 98, 43701
2026/08/28 13:55:15.172, 1, 0, 43667
2026/08/28 13:55:15.172, 2, 0, 43667
2026/08/28 13:55:15.172, 3, 0, 43667
2026/08/28 13:55:15.672, 0, 72, 43703
2026/08/28 13:55:15.672, 1, 0, 43667
2026/08/28 13:55:15.672, 2, 0, 43667
2026/08/28 13:55:15.672, 3, 0, 43667
2026/08/28 13:55:16.172, 0, 100, 43705
2026/08/28 13:55:16.172, 1, 0, 43667
2026/08/28 13:55:16.172, 2, 0, 43667
2026/08/28 13:55:16.172, 3, 0, 43667
2026/08/28 13:55:16.672, 0, 99, 43705
2026/08/28 13:55:16.672, 1, 0, 43667
2026/08/28 13:55:16.672, 2, 0, 43667
2026/08/28 13:55:16.672, 3, 0, 43667
2026/08/28 13:55:17.172, 0, 97, 43705
2026/08/28 13:55:17.172, 1, 0, 43667
2026/08/28 13:55:17.172, 2, 0, 43667
2026/08/28 13:55:17.172, 3, 0, 43667
2026/08/28 13:55:17.672, 0, 60, 43707
2026/08/28 13:55:17.672, 1, 0, 43667
2026/08/28 13:55:17.672, 2, 0, 43667
2026/08/28 13:55:17.672, 3, 0, 43667
2026/08/28 13:55:18.172, 0, 22, 43705
2026/08/28 13:55:18.172, 1, 0, 43667
2026/08/28 13:55:18.172, 2, 0, 43667
2026/08/28 13:55:18.172, 3, 0, 43667
2026/08/28 13:55:18.672, 0, 16, 43705
2026/08/28 13:55:18.673, 1, 0, 43667
2026/08/28 13:55:18.673, 2, 0, 43667
2026/08/28 13:55:18.673, 3, 0, 43667
2026/08/28 13:55:19.173, 0, 0, 43705
2026/08/28 13:55:19.173, 1, 0, 43667
2026/08/28 13:55:19.173, 2, 0, 43667
2026/08/28 13:55:19.173, 3, 0, 43667
2026/08/28 13:55:19.673, 0, 0, 43705
2026/08/28 13:55:19.673, 1, 0, 43667
2026/08/28 13:55:19.673, 2, 0, 43667
2026/08/28 13:55:19.673, 3, 0, 43667
2026/08/28 13:55:20.173, 0, 0, 43705
2026/08/28 13:55:20.173, 1, 0, 43667
2026/08/28 13:55:20.173, 2, 0, 43667
2026/08/28 13:55:20.173, 3, 0, 43667
2026/08/28 13:55:20.673, 0, 0, 43705
2026/08/28 13:55:20.673, 1, 0, 43667
2026/08/28 13:55:20.673, 2, 0, 43667
2026/08/28 13:55:20.673, 3, 0, 43667
2026/08/28 13:55:21.173, 0, 0, 43705
2026/08/28 13:55:21.174, 1, 0, 43667
2026/08/28 13:55:21.174, 2, 0, 43667
2026/08/28 13:55:21.174, 3, 0, 43667
2026/08/28 13:55:21.674, 0, 0, 43705
2026/08/28 13:55:21.674, 1, 0, 43667
2026/08/28 13:55:21.674, 2, 0, 43667
2026/08/28 13:55:21.674, 3, 0, 43667
2026/08/28 13:55:22.174, 0, 0, 43705
2026/08/28 13:55:22.174, 1, 0, 43667
2026/08/28 13:55:22.174, 2, 0, 43667
2026/08/28 13:55:22.174, 3, 0, 43667
2026/08/28 13:55:22.674, 0, 0, 43705
2026/08/28 13:55:22.674, 1, 0, 43667
2026/08/28 13:55:22.674, 2, 0, 43667
2026/08/28 13:55:22.674, 3, 0, 43667
2026/08/28 13:55:23.174, 0, 0, 43705
2026/08/28 13:55:23.174, 1, 0, 43667
2026/08/28 13:55:23.174, 2, 0, 43667
2026/08/28 13:55:23.174, 3, 0, 43667
2026/08/28 13:55:23.674, 0, 0, 43705
2026/08/28 13:55:23.675, 1, 0, 43667
2026/08/28 13:55:23.675, 2, 0, 43667
2026/08/28 13:55:23.675, 3, 0, 43667
2026/08/28 13:55:24.175, 0, 0, 43705
2026/08/28 13:55:24.175, 1, 0, 43667
2026/08/28 13:55:24.175, 2, 0, 43667
2026/08/28 13:55:24.175, 3, 0, 43667
2026/08/28 13:55:24.675, 0, 0, 43705
2026/08/28 13:55:24.675, 1, 0, 43667
2026/08/28 13:55:24.675, 2, 0, 43667
2026/08/28 13:55:24.675, 3, 0, 43667
2026/08/28 13:55:25.175, 0, 0, 43705
2026/08/28 13:55:25.175, 1, 0, 43667
2026/08/28 13:55:25.175, 2, 0, 43667
2026/08/28 13:55:25.175, 3, 0, 43667
2026/08/28 13:55:25.675, 0, 0, 43705
2026/08/28 13:55:25.675, 1, 0, 43667
2026/08/28 13:55:25.675, 2, 0, 43667
2026/08/28 13:55:25.675, 3, 0, 43667
2026/08/28 13:55:26.175, 0, 0, 43705
2026/08/28 13:55:26.177, 1, 0, 43667
2026/08/28 13:55:26.178, 2, 0, 43667
2026/08/28 13:55:26.178, 3, 0, 43667
2026/08/28 13:55:26.678, 0, 0, 43705
2026/08/28 13:55:26.678, 1, 0, 43667
2026/08/28 13:55:26.678, 2, 0, 43667
2026/08/28 13:55:26.678, 3, 0, 43667
2026/08/28 13:55:27.178, 0, 0, 43705
2026/08/28 13:55:27.178, 1, 0, 43667
2026/08/28 13:55:27.178, 2, 0, 43667
2026/08/28 13:55:27.178, 3, 0, 43667
2026/08/28 13:55:27.678, 0, 0, 43705
2026/08/28 13:55:27.678, 1, 0, 43667
2026/08/28 13:55:27.678, 2, 0, 43667
2026/08/28 13:55:27.678, 3, 0, 43667
2026/08/28 13:55:28.178, 0, 0, 43705
2026/08/28 13:55:28.178, 1, 0, 43667
2026/08/28 13:55:28.178, 2, 0, 43667
2026/08/28 13:55:28.178, 3, 0, 43667
2026/08/28 13:55:28.678, 0, 0, 43705
2026/08/28 13:55:28.678, 1, 0, 43667
2026/08/28 13:55:28.678, 2, 0, 43667
2026/08/28 13:55:28.678, 3, 0, 43667
2026/08/28 13:55:29.179, 0, 0, 43705
2026/08/28 13:55:29.179, 1, 0, 43667
2026/08/28 13:55:29.179, 2, 0, 43667
2026/08/28 13:55:29.179, 3, 0, 43667
2026/08/28 13:55:29.679, 0, 0, 43705
2026/08/28 13:55:29.679, 1, 0, 43667
2026/08/28 13:55:29.679, 2, 0, 43667
2026/08/28 13:55:29.679, 3, 0, 43667
2026/08/28 13:55:30.179, 0, 0, 43705
2026/08/28 13:55:30.179, 1, 0, 43667
2026/08/28 13:55:30.179, 2, 0, 43667
2026/08/28 13:55:30.179, 3, 0, 43667
2026/08/28 13:55:30.679, 0, 0, 43705
2026/08/28 13:55:30.679, 1, 0, 43667
2026/08/28 13:55:30.679, 2, 0, 43667
2026/08/28 13:55:30.679, 3, 0, 43667
2026/08/28 13:55:31.179, 0, 0, 43705
2026/08/28 13:55:31.179, 1, 0, 43667
2026/08/28 13:55:31.179, 2, 0, 43667
2026/08/28 13:55:31.179, 3, 0, 43667
2026/08/28 13:55:31.679, 0, 0, 43705
2026/08/28 13:55:31.679, 1, 0, 43667
2026/08/28 13:55:31.679, 2, 0, 43667
2026/08/28 13:55:31.679, 3, 0, 43667
2026/08/28 13:55:32.179, 0, 0, 43705
2026/08/28 13:55:32.179, 1, 0, 43667
2026/08/28 13:55:32.179, 2, 0, 43667
2026/08/28 13:55:32.179, 3, 0, 43667
2026/08/28 13:55:32.679, 0, 0, 43705
2026/08/28 13:55:32.680, 1, 0, 43667
2026/08/28 13:55:32.680, 2, 0, 43667
2026/08/28 13:55:32.680, 3, 0, 43667
2026/08/28 13:55:33.180, 0, 0, 43705
2026/08/28 13:55:33.180, 1, 0, 43667
2026/08/28 13:55:33.180, 2, 0, 43667
2026/08/28 13:55:33.180, 3, 0, 43667
2026/08/28 13:55:33.680, 0, 0, 43705
2026/08/28 13:55:33.680, 1, 0, 43667
2026/08/28 13:55:33.680, 2, 0, 43667
2026/08/28 13:55:33.680, 3, 0, 43667
2026/08/28 13:55:34.180, 0, 0, 43705
2026/08/28 13:55:34.180, 1, 0, 43667
2026/08/28 13:55:34.180, 2, 0, 43667
2026/08/28 13:55:34.180, 3, 0, 43667
2026/08/28 13:55:34.680, 0, 0, 43705
2026/08/28 13:55:34.680, 1, 0, 43667
2026/08/28 13:55:34.680, 2, 0, 43667
2026/08/28 13:55:34.680, 3, 0, 43667
2026/08/28 13:55:35.180, 0, 0, 43705
2026/08/28 13:55:35.180, 1, 0, 43667
2026/08/28 13:55:35.180, 2, 0, 43667
2026/08/28 13:55:35.180, 3, 0, 43667
2026/08/28 13:55:35.680, 0, 0, 43705
2026/08/28 13:55:35.680, 1, 0, 43667
2026/08/28 13:55:35.680, 2, 0, 43667
2026/08/28 13:55:35.680, 3, 0, 43667
2026/08/28 13:55:36.180, 0, 0, 43705
2026/08/28 13:55:36.180, 1, 0, 43667
2026/08/28 13:55:36.180, 2, 0, 43667
2026/08/28 13:55:36.180, 3, 0, 43667
2026/08/28 13:55:36.681, 0, 0, 43705
2026/08/28 13:55:36.681, 1, 0, 43667
2026/08/28 13:55:36.681, 2, 0, 43667
2026/08/28 13:55:36.681, 3, 0, 43667
2026/08/28 13:55:37.181, 0, 0, 43705
2026/08/28 13:55:37.181, 1, 0, 43667
2026/08/28 13:55:37.181, 2, 0, 43667
2026/08/28 13:55:37.181, 3, 0, 43667
2026/08/28 13:55:37.681, 0, 0, 43705
2026/08/28 13:55:37.681, 1, 0, 43667
2026/08/28 13:55:37.681, 2, 0, 43667
2026/08/28 13:55:37.681, 3, 0, 43667
2026/08/28 13:55:38.181, 0, 0, 43705
2026/08/28 13:55:38.181, 1, 0, 43667
2026/08/28 13:55:38.181, 2, 0, 43667
2026/08/28 13:55:38.181, 3, 0, 43667
2026/08/28 13:55:38.681, 0, 0, 43705
2026/08/28 13:55:38.681, 1, 0, 43667
2026/08/28 13:55:38.681, 2, 0, 43667
2026/08/28 13:55:38.681, 3, 0, 43667
2026/08/28 13:55:39.181, 0, 0, 43705
2026/08/28 13:55:39.181, 1, 0, 43667
2026/08/28 13:55:39.181, 2, 0, 43667
2026/08/28 13:55:39.181, 3, 0, 43667
2026/08/28 13:55:39.681, 0, 0, 43705
2026/08/28 13:55:39.681, 1, 0, 43667
2026/08/28 13:55:39.681, 2, 0, 43667
2026/08/28 13:55:39.681, 3, 0, 43667
2026/08/28 13:55:40.182, 0, 0, 43705
2026/08/28 13:55:40.182, 1, 0, 43667
2026/08/28 13:55:40.182, 2, 0, 43667
2026/08/28 13:55:40.182, 3, 0, 43667
2026/08/28 13:55:40.682, 0, 0, 43705
2026/08/28 13:55:40.682, 1, 0, 43667
2026/08/28 13:55:40.682, 2, 0, 43667
2026/08/28 13:55:40.682, 3, 0, 43667
2026/08/28 13:55:41.182, 0, 0, 43705
2026/08/28 13:55:41.182, 1, 0, 43667
2026/08/28 13:55:41.182, 2, 0, 43667
2026/08/28 13:55:41.182, 3, 0, 43667
2026/08/28 13:55:41.682, 0, 0, 43705
2026/08/28 13:55:41.682, 1, 0, 43667
2026/08/28 13:55:41.682, 2, 0, 43667
2026/08/28 13:55:41.682, 3, 0, 43667
2026/08/28 13:55:42.182, 0, 0, 43705
2026/08/28 13:55:42.182, 1, 0, 43667
2026/08/28 13:55:42.182, 2, 0, 43667
2026/08/28 13:55:42.182, 3, 0, 43667
2026/08/28 13:55:42.682, 0, 0, 43705
2026/08/28 13:55:42.682, 1, 0, 43667
2026/08/28 13:55:42.682, 2, 0, 43667
2026/08/28 13:55:42.682, 3, 0, 43667
2026/08/28 13:55:43.182, 0, 0, 43705
2026/08/28 13:55:43.182, 1, 0, 43667
2026/08/28 13:55:43.182, 2, 0, 43667
2026/08/28 13:55:43.182, 3, 0, 43667
2026/08/28 13:55:43.682, 0, 0, 43705
2026/08/28 13:55:43.682, 1, 0, 43667
2026/08/28 13:55:43.682, 2, 0, 43667
2026/08/28 13:55:43.683, 3, 0, 43667
2026/08/28 13:55:44.183, 0, 0, 43705
2026/08/28 13:55:44.183, 1, 0, 43667
2026/08/28 13:55:44.183, 2, 0, 43667
2026/08/28 13:55:44.183, 3, 0, 43667
2026/08/28 13:55:44.683, 0, 0, 43705
2026/08/28 13:55:44.683, 1, 0, 43667
2026/08/28 13:55:44.683, 2, 0, 43667
2026/08/28 13:55:44.683, 3, 0, 43667
2026/08/28 13:55:45.183, 0, 0, 43705
2026/08/28 13:55:45.183, 1, 0, 43667
2026/08/28 13:55:45.183, 2, 0, 43667
2026/08/28 13:55:45.183, 3, 0, 43667
2026/08/28 13:55:45.683, 0, 0, 43705
2026/08/28 13:55:45.683, 1, 0, 43667
2026/08/28 13:55:45.683, 2, 0, 43667
2026/08/28 13:55:45.683, 3, 0, 43667
2026/08/28 13:55:46.183, 0, 0, 43705
2026/08/28 13:55:46.183, 1, 0, 43667
2026/08/28 13:55:46.183, 2, 0, 43667
2026/08/28 13:55:46.183, 3, 0, 43667
2026/08/28 13:55:46.683, 0, 0, 43705
2026/08/28 13:55:46.683, 1, 0, 43667
2026/08/28 13:55:46.683, 2, 0, 43667
2026/08/28 13:55:46.683, 3, 0, 43667
2026/08/28 13:55:47.183, 0, 0, 43705
2026/08/28 13:55:47.183, 1, 0, 43667
2026/08/28 13:55:47.183, 2, 0, 43667
2026/08/28 13:55:47.183, 3, 0, 43667
2026/08/28 13:55:47.684, 0, 0, 43705
2026/08/28 13:55:47.684, 1, 0, 43667
2026/08/28 13:55:47.684, 2, 0, 43667
2026/08/28 13:55:47.684, 3, 0, 43667
2026/08/28 13:55:48.184, 0, 0, 43705
2026/08/28 13:55:48.184, 1, 0, 43667
2026/08/28 13:55:48.184, 2, 0, 43667
2026/08/28 13:55:48.184, 3, 0, 43667
2026/08/28 13:55:48.684, 0, 0, 43705
2026/08/28 13:55:48.684, 1, 0, 43667
2026/08/28 13:55:48.684, 2, 0, 43667
2026/08/28 13:55:48.684, 3, 0, 43667
2026/08/28 13:55:49.184, 0, 0, 43705
2026/08/28 13:55:49.184, 1, 0, 43667
2026/08/28 13:55:49.184, 2, 0, 43667
2026/08/28 13:55:49.184, 3, 0, 43667
2026/08/28 13:55:49.684, 0, 0, 43705
2026/08/28 13:55:49.684, 1, 0, 43667
2026/08/28 13:55:49.684, 2, 0, 43667
2026/08/28 13:55:49.684, 3, 0, 43667
2026/08/28 13:55:50.184, 0, 0, 43705
2026/08/28 13:55:50.184, 1, 0, 43667
2026/08/28 13:55:50.184, 2, 0, 43667
2026/08/28 13:55:50.184, 3, 0, 43667
2026/08/28 13:55:50.684, 0, 0, 43705
2026/08/28 13:55:50.684, 1, 0, 43667
2026/08/28 13:55:50.684, 2, 0, 43667
2026/08/28 13:55:50.684, 3, 0, 43667
2026/08/28 13:55:51.185, 0, 0, 43705
2026/08/28 13:55:51.185, 1, 0, 43667
2026/08/28 13:55:51.185, 2, 0, 43667
2026/08/28 13:55:51.185, 3, 0, 43667
2026/08/28 13:55:51.685, 0, 0, 43705
2026/08/28 13:55:51.685, 1, 0, 43667
2026/08/28 13:55:51.685, 2, 0, 43667
2026/08/28 13:55:51.685, 3, 0, 43667
2026/08/28 13:55:52.185, 0, 0, 43705
2026/08/28 13:55:52.185, 1, 0, 43667
2026/08/28 13:55:52.185, 2, 0, 43667
2026/08/28 13:55:52.185, 3, 0, 43667
2026/08/28 13:55:52.685, 0, 0, 43705
2026/08/28 13:55:52.685, 1, 0, 43667
2026/08/28 13:55:52.685, 2, 0, 43667
2026/08/28 13:55:52.685, 3, 0, 43667
2026/08/28 13:55:53.185, 0, 0, 43705
2026/08/28 13:55:53.185, 1, 0, 43667
2026/08/28 13:55:53.185, 2, 0, 43667
2026/08/28 13:55:53.185, 3, 0, 43667
2026/08/28 13:55:53.685, 0, 0, 43705
2026/08/28 13:55:53.685, 1, 0, 43667
2026/08/28 13:55:53.685, 2, 0, 43667
2026/08/28 13:55:53.685, 3, 0, 43667
2026/08/28 13:55:54.185, 0, 0, 43705
2026/08/28 13:55:54.185, 1, 0, 43667
2026/08/28 13:55:54.186, 2, 0, 43667
2026/08/28 13:55:54.186, 3, 0, 43667
2026/08/28 13:55:54.686, 0, 0, 43705
2026/08/28 13:55:54.686, 1, 0, 43667
2026/08/28 13:55:54.686, 2, 0, 43667
2026/08/28 13:55:54.686, 3, 0, 43667
2026/08/28 13:55:55.186, 0, 0, 43705
2026/08/28 13:55:55.186, 1, 0, 43667
2026/08/28 13:55:55.186, 2, 0, 43667
2026/08/28 13:55:55.186, 3, 0, 43667
2026/08/28 13:55:55.686, 0, 0, 43705
2026/08/28 13:55:55.686, 1, 0, 43667
2026/08/28 13:55:55.686, 2, 0, 43667
2026/08/28 13:55:55.686, 3, 0, 43667
2026/08/28 13:55:56.186, 0, 0, 43705
2026/08/28 13:55:56.186, 1, 0, 43667
2026/08/28 13:55:56.186, 2, 0, 43667
2026/08/28 13:55:56.186, 3, 0, 43667
2026/08/28 13:55:56.686, 0, 0, 43705
2026/08/28 13:55:56.686, 1, 0, 43667
2026/08/28 13:55:56.686, 2, 0, 43667
2026/08/28 13:55:56.686, 3, 0, 43667
2026/08/28 13:55:57.186, 0, 0, 43705
2026/08/28 13:55:57.186, 1, 0, 43667
2026/08/28 13:55:57.186, 2, 0, 43667
2026/08/28 13:55:57.186, 3, 0, 43667
2026/08/28 13:55:57.686, 0, 0, 43705
2026/08/28 13:55:57.686, 1, 0, 43667
2026/08/28 13:55:57.686, 2, 0, 43667
2026/08/28 13:55:57.686, 3, 0, 43667
2026/08/28 13:55:58.187, 0, 0, 43705
2026/08/28 13:55:58.187, 1, 0, 43667
2026/08/28 13:55:58.187, 2, 0, 43667
2026/08/28 13:55:58.187, 3, 0, 43667
2026/08/28 13:55:58.687, 0, 0, 43705
2026/08/28 13:55:58.687, 1, 0, 43667
2026/08/28 13:55:58.687, 2, 0, 43667
2026/08/28 13:55:58.687, 3, 0, 43667
2026/08/28 13:55:59.187, 0, 0, 43705
2026/08/28 13:55:59.187, 1, 0, 43667
2026/08/28 13:55:59.187, 2, 0, 43667
2026/08/28 13:55:59.187, 3, 0, 43667
2026/08/28 13:55:59.687, 0, 0, 43705
2026/08/28 13:55:59.687, 1, 0, 43667
2026/08/28 13:55:59.687, 2, 0, 43667
2026/08/28 13:55:59.687, 3, 0, 43667
2026/08/28 13:56:00.187, 0, 0, 43705
2026/08/28 13:56:00.187, 1, 0, 43667
2026/08/28 13:56:00.187, 2, 0, 43667
2026/08/28 13:56:00.187, 3, 0, 43667
2026/08/28 13:56:00.687, 0, 0, 43705
2026/08/28 13:56:00.687, 1, 0, 43667
2026/08/28 13:56:00.687, 2, 0, 43667
2026/08/28 13:56:00.687, 3, 0, 43667
2026/08/28 13:56:01.187, 0, 0, 43705
2026/08/28 13:56:01.187, 1, 0, 43667
2026/08/28 13:56:01.187, 2, 0, 43667
2026/08/28 13:56:01.187, 3, 0, 43667
2026/08/28 13:56:01.687, 0, 0, 43705
2026/08/28 13:56:01.687, 1, 0, 43667
2026/08/28 13:56:01.688, 2, 0, 43667
2026/08/28 13:56:01.688, 3, 0, 43667
2026/08/28 13:56:02.188, 0, 0, 43705
2026/08/28 13:56:02.188, 1, 0, 43667
2026/08/28 13:56:02.188, 2, 0, 43667
2026/08/28 13:56:02.188, 3, 0, 43667
2026/08/28 13:56:02.688, 0, 0, 43705
2026/08/28 13:56:02.688, 1, 0, 43667
2026/08/28 13:56:02.688, 2, 0, 43667
2026/08/28 13:56:02.688, 3, 0, 43667
2026/08/28 13:56:03.188, 0, 0, 43705
2026/08/28 13:56:03.188, 1, 0, 43667
2026/08/28 13:56:03.188, 2, 0, 43667
2026/08/28 13:56:03.188, 3, 0, 43667
2026/08/28 13:56:03.688, 0, 0, 43705
2026/08/28 13:56:03.688, 1, 0, 43667
2026/08/28 13:56:03.688, 2, 0, 43667
2026/08/28 13:56:03.688, 3, 0, 43667
2026/08/28 13:56:04.188, 0, 0, 43705
2026/08/28 13:56:04.188, 1, 0, 43667
2026/08/28 13:56:04.188, 2, 0, 43667
2026/08/28 13:56:04.188, 3, 0, 43667
2026/08/28 13:56:04.688, 0, 0, 43705
2026/08/28 13:56:04.688, 1, 0, 43667
2026/08/28 13:56:04.688, 2, 0, 43667
2026/08/28 13:56:04.688, 3, 0, 43667
2026/08/28 13:56:05.188, 0, 0, 43705
2026/08/28 13:56:05.189, 1, 0, 43667
2026/08/28 13:56:05.189, 2, 0, 43667
2026/08/28 13:56:05.189, 3, 0, 43667
2026/08/28 13:56:05.689, 0, 0, 43705
2026/08/28 13:56:05.689, 1, 0, 43667
2026/08/28 13:56:05.689, 2, 0, 43667
2026/08/28 13:56:05.689, 3, 0, 43667
2026/08/28 13:56:06.189, 0, 0, 43705
2026/08/28 13:56:06.189, 1, 0, 43667
2026/08/28 13:56:06.189, 2, 0, 43667
2026/08/28 13:56:06.189, 3, 0, 43667
2026/08/28 13:56:06.689, 0, 0, 43705
2026/08/28 13:56:06.689, 1, 0, 43667
2026/08/28 13:56:06.689, 2, 0, 43667
2026/08/28 13:56:06.689, 3, 0, 43667
2026/08/28 13:56:07.189, 0, 0, 43705
2026/08/28 13:56:07.189, 1, 0, 43667
2026/08/28 13:56:07.189, 2, 0, 43667
2026/08/28 13:56:07.189, 3, 0, 43667
2026/08/28 13:56:07.689, 0, 0, 43705
2026/08/28 13:56:07.689, 1, 0, 43667
2026/08/28 13:56:07.689, 2, 0, 43667
2026/08/28 13:56:07.689, 3, 0, 43667
2026/08/28 13:56:08.189, 0, 0, 43705
2026/08/28 13:56:08.189, 1, 0, 43667
2026/08/28 13:56:08.189, 2, 0, 43667
2026/08/28 13:56:08.189, 3, 0, 43667
2026/08/28 13:56:08.690, 0, 92, 43817
2026/08/28 13:56:08.690, 1, 100, 43801
2026/08/28 13:56:08.690, 2, 100, 43801
2026/08/28 13:56:08.691, 3, 76, 43801
2026/08/28 13:56:09.191, 0, 100, 43817
2026/08/28 13:56:09.191, 1, 100, 43801
2026/08/28 13:56:09.191, 2, 100, 43801
2026/08/28 13:56:09.191, 3, 100, 43801
2026/08/28 13:56:09.691, 0, 100, 43817
2026/08/28 13:56:09.691, 1, 100, 43801
2026/08/28 13:56:09.691, 2, 100, 43801
2026/08/28 13:56:09.691, 3, 100, 43801
2026/08/28 13:56:10.191, 0, 100, 43817
2026/08/28 13:56:10.191, 1, 100, 43801
2026/08/28 13:56:10.191, 2, 100, 43801
2026/08/28 13:56:10.191, 3, 100, 43801
2026/08/28 13:56:10.692, 0, 100, 43817
2026/08/28 13:56:10.692, 1, 100, 43801
2026/08/28 13:56:10.692, 2, 100, 43801
2026/08/28 13:56:10.692, 3, 100, 43801
2026/08/28 13:56:11.192, 0, 100, 43817
2026/08/28 13:56:11.192, 1, 100, 43801
2026/08/28 13:56:11.192, 2, 100, 43801
2026/08/28 13:56:11.192, 3, 100, 43801
2026/08/28 13:56:11.692, 0, 100, 43817
2026/08/28 13:56:11.692, 1, 100, 43801
2026/08/28 13:56:11.692, 2, 100, 43801
2026/08/28 13:56:11.692, 3, 100, 43801
2026/08/28 13:56:12.192, 0, 100, 43817
2026/08/28 13:56:12.192, 1, 100, 43801
2026/08/28 13:56:12.192, 2, 100, 43801
2026/08/28 13:56:12.192, 3, 100, 43801
2026/08/28 13:56:12.692, 0, 100, 43817
2026/08/28 13:56:12.692, 1, 100, 43801
2026/08/28 13:56:12.692, 2, 100, 43801
2026/08/28 13:56:12.692, 3, 100, 43801
2026/08/28 13:56:13.192, 0, 39, 43817
2026/08/28 13:56:13.192, 1, 64, 43801
2026/08/28 13:56:13.192, 2, 0, 43801
2026/08/28 13:56:13.192, 3, 0, 43801
2026/08/28 13:56:13.692, 0, 20, 43817
2026/08/28 13:56:13.692, 1, 0, 43801
2026/08/28 13:56:13.692, 2, 0, 43801
2026/08/28 13:56:13.692, 3, 0, 43801
2026/08/28 13:56:14.193, 0, 100, 43817
2026/08/28 13:56:14.193, 1, 100, 43801
2026/08/28 13:56:14.193, 2, 100, 43801
2026/08/28 13:56:14.193, 3, 100, 43801
2026/08/28 13:56:14.693, 0, 100, 43817
2026/08/28 13:56:14.693, 1, 100, 43801
2026/08/28 13:56:14.693, 2, 100, 43801
2026/08/28 13:56:14.693, 3, 100, 43801
2026/08/28 13:56:15.193, 0, 100, 43817
2026/08/28 13:56:15.193, 1, 100, 43801
2026/08/28 13:56:15.193, 2, 100, 43801
2026/08/28 13:56:15.193, 3, 100, 43801
2026/08/28 13:56:15.693, 0, 100, 43817
2026/08/28 13:56:15.693, 1, 100, 43801
2026/08/28 13:56:15.693, 2, 100, 43801
2026/08/28 13:56:15.693, 3, 100, 43801
2026/08/28 13:56:16.193, 0, 100, 43817
2026/08/28 13:56:16.193, 1, 100, 43801
2026/08/28 13:56:16.193, 2, 100, 43801
2026/08/28 13:56:16.193, 3, 100, 43801
2026/08/28 13:56:16.693, 0, 100, 43817
2026/08/28 13:56:16.693, 1, 100, 43801
2026/08/28 13:56:16.693, 2, 100, 43801
2026/08/28 13:56:16.693, 3, 100, 43801
2026/08/28 13:56:17.193, 0, 100, 43817
2026/08/28 13:56:17.193, 1, 100, 43801
2026/08/28 13:56:17.193, 2, 100, 43801
2026/08/28 13:56:17.193, 3, 100, 43801
2026/08/28 13:56:17.693, 0, 100, 43817
2026/08/28 13:56:17.693, 1, 100, 43801
2026/08/28 13:56:17.693, 2, 100, 43801
2026/08/28 13:56:17.693, 3, 100, 43801
2026/08/28 13:56:18.194, 0, 100, 43817
2026/08/28 13:56:18.194, 1, 100, 43801
2026/08/28 13:56:18.194, 2, 100, 43801
2026/08/28 13:56:18.194, 3, 100, 43801
2026/08/28 13:56:18.694, 0, 0, 43817
2026/08/28 13:56:18.694, 1, 0, 43801
2026/08/28 13:56:18.694, 2, 0, 43801
2026/08/28 13:56:18.694, 3, 0, 43801
2026/08/28 13:56:19.194, 0, 100, 43817
2026/08/28 13:56:19.194, 1, 100, 43801
2026/08/28 13:56:19.194, 2, 100, 43801
2026/08/28 13:56:19.194, 3, 100, 43801
2026/08/28 13:56:19.694, 0, 100, 43817
2026/08/28 13:56:19.694, 1, 100, 43801
2026/08/28 13:56:19.694, 2, 100, 43801
2026/08/28 13:56:19.694, 3, 100, 43801
2026/08/28 13:56:20.194, 0, 100, 43817
2026/08/28 13:56:20.194, 1, 100, 43801
2026/08/28 13:56:20.194, 2, 100, 43801
2026/08/28 13:56:20.194, 3, 100, 43801
2026/08/28 13:56:20.694, 0, 100, 43817
2026/08/28 13:56:20.694, 1, 100, 43801
2026/08/28 13:56:20.694, 2, 100, 43801
2026/08/28 13:56:20.694, 3, 100, 43801
2026/08/28 13:56:21.195, 0, 100, 43817
2026/08/28 13:56:21.195, 1, 100, 43801
2026/08/28 13:56:21.195, 2, 100, 43801
2026/08/28 13:56:21.195, 3, 100, 43801
2026/08/28 13:56:21.695, 0, 100, 43817
2026/08/28 13:56:21.695, 1, 100, 43801
2026/08/28 13:56:21.695, 2, 100, 43801
2026/08/28 13:56:21.695, 3, 100, 43801
2026/08/28 13:56:22.195, 0, 100, 43817
2026/08/28 13:56:22.195, 1, 100, 43801
2026/08/28 13:56:22.195, 2, 100, 43801
2026/08/28 13:56:22.195, 3, 100, 43801
2026/08/28 13:56:22.695, 0, 100, 43817
2026/08/28 13:56:22.695, 1, 100, 43801
2026/08/28 13:56:22.695, 2, 100, 43801
2026/08/28 13:56:22.695, 3, 100, 43801
2026/08/28 13:56:23.195, 0, 100, 43817
2026/08/28 13:56:23.195, 1, 100, 43801
2026/08/28 13:56:23.195, 2, 100, 43801
2026/08/28 13:56:23.195, 3, 100, 43801
2026/08/28 13:56:23.695, 0, 0, 43817
2026/08/28 13:56:23.695, 1, 0, 43801
2026/08/28 13:56:23.695, 2, 0, 43801
2026/08/28 13:56:23.695, 3, 0, 43801
2026/08/28 13:56:24.196, 0, 100, 43817
2026/08/28 13:56:24.196, 1, 100, 43801
2026/08/28 13:56:24.196, 2, 100, 43801
2026/08/28 13:56:24.196, 3, 100, 43801
2026/08/28 13:56:24.696, 0, 100, 43817
2026/08/28 13:56:24.696, 1, 100, 43801
2026/08/28 13:56:24.696, 2, 100, 43801
2026/08/28 13:56:24.696, 3, 100, 43801
2026/08/28 13:56:25.196, 0, 100, 43817
2026/08/28 13:56:25.196, 1, 100, 43801
2026/08/28 13:56:25.196, 2, 100, 43801
2026/08/28 13:56:25.196, 3, 100, 43801
2026/08/28 13:56:25.696, 0, 100, 43817
2026/08/28 13:56:25.696, 1, 100, 43801
2026/08/28 13:56:25.696, 2, 100, 43801
2026/08/28 13:56:25.696, 3, 100, 43801
2026/08/28 13:56:26.196, 0, 100, 43817
2026/08/28 13:56:26.196, 1, 100, 43801
2026/08/28 13:56:26.196, 2, 100, 43801
2026/08/28 13:56:26.196, 3, 100, 43801
2026/08/28 13:56:26.696, 0, 100, 43817
2026/08/28 13:56:26.696, 1, 100, 43801
2026/08/28 13:56:26.696, 2, 100, 43801
2026/08/28 13:56:26.696, 3, 100, 43801
2026/08/28 13:56:27.196, 0, 100, 43817
2026/08/28 13:56:27.196, 1, 100, 43801
2026/08/28 13:56:27.196, 2, 100, 43801
2026/08/28 13:56:27.196, 3, 100, 43801
2026/08/28 13:56:27.697, 0, 100, 43817
2026/08/28 13:56:27.697, 1, 100, 43801
2026/08/28 13:56:27.697, 2, 100, 43801
2026/08/28 13:56:27.697, 3, 100, 43801
2026/08/28 13:56:28.197, 0, 100, 43817
2026/08/28 13:56:28.197, 1, 100, 43801
2026/08/28 13:56:28.197, 2, 100, 43801
2026/08/28 13:56:28.197, 3, 100, 43801
2026/08/28 13:56:28.697, 0, 0, 43817
2026/08/28 13:56:28.697, 1, 0, 43801
2026/08/28 13:56:28.697, 2, 42, 43801
2026/08/28 13:56:28.697, 3, 21, 43801
2026/08/28 13:56:29.197, 0, 17, 43817
2026/08/28 13:56:29.197, 1, 0, 43801
2026/08/28 13:56:29.197, 2, 100, 43801
2026/08/28 13:56:29.197, 3, 100, 43801
2026/08/28 13:56:29.697, 0, 100, 43817
2026/08/28 13:56:29.697, 1, 100, 43801
2026/08/28 13:56:29.697, 2, 100, 43801
2026/08/28 13:56:29.697, 3, 100, 43801
2026/08/28 13:56:30.197, 0, 100, 43817
2026/08/28 13:56:30.197, 1, 100, 43801
2026/08/28 13:56:30.197, 2, 100, 43801
2026/08/28 13:56:30.197, 3, 100, 43801
2026/08/28 13:56:30.697, 0, 100, 43817
2026/08/28 13:56:30.698, 1, 100, 43801
2026/08/28 13:56:30.698, 2, 100, 43801
2026/08/28 13:56:30.698, 3, 100, 43801
2026/08/28 13:56:31.198, 0, 100, 43817
2026/08/28 13:56:31.198, 1, 100, 43801
2026/08/28 13:56:31.198, 2, 100, 43801
2026/08/28 13:56:31.198, 3, 100, 43801
2026/08/28 13:56:31.698, 0, 100, 43817
2026/08/28 13:56:31.698, 1, 100, 43801
2026/08/28 13:56:31.698, 2, 100, 43801
2026/08/28 13:56:31.698, 3, 100, 43801
2026/08/28 13:56:32.198, 0, 100, 43817
2026/08/28 13:56:32.198, 1, 100, 43801
2026/08/28 13:56:32.198, 2, 100, 43801
2026/08/28 13:56:32.198, 3, 100, 43801
2026/08/28 13:56:32.698, 0, 100, 43817
2026/08/28 13:56:32.698, 1, 100, 43801
2026/08/28 13:56:32.698, 2, 100, 43801
2026/08/28 13:56:32.698, 3, 100, 43801
2026/08/28 13:56:33.198, 0, 100, 43817
2026/08/28 13:56:33.198, 1, 100, 43801
2026/08/28 13:56:33.198, 2, 100, 43801
2026/08/28 13:56:33.198, 3, 100, 43801
2026/08/28 13:56:33.698, 0, 66, 43817
2026/08/28 13:56:33.698, 1, 91, 43801
2026/08/28 13:56:33.698, 2, 100, 43801
2026/08/28 13:56:33.698, 3, 100, 43801
2026/08/28 13:56:34.198, 0, 0, 43817
2026/08/28 13:56:34.199, 1, 0, 43801
2026/08/28 13:56:34.199, 2, 1, 43801
2026/08/28 13:56:34.199, 3, 23, 43801
2026/08/28 13:56:34.699, 0, 100, 43817
2026/08/28 13:56:34.699, 1, 100, 43801
2026/08/28 13:56:34.699, 2, 100, 43801
2026/08/28 13:56:34.699, 3, 100, 43801
2026/08/28 13:56:35.199, 0, 100, 43817
2026/08/28 13:56:35.199, 1, 100, 43801
2026/08/28 13:56:35.199, 2, 100, 43801
2026/08/28 13:56:35.199, 3, 100, 43801
2026/08/28 13:56:35.699, 0, 100, 43817
2026/08/28 13:56:35.699, 1, 100, 43801
2026/08/28 13:56:35.699, 2, 100, 43801
2026/08/28 13:56:35.699, 3, 100, 43801
2026/08/28 13:56:36.199, 0, 100, 43817
2026/08/28 13:56:36.199, 1, 100, 43801
2026/08/28 13:56:36.199, 2, 100, 43801
2026/08/28 13:56:36.199, 3, 100, 43801
2026/08/28 13:56:36.699, 0, 100, 43817
2026/08/28 13:56:36.699, 1, 100, 43801
2026/08/28 13:56:36.699, 2, 100, 43801
2026/08/28 13:56:36.699, 3, 100, 43801
2026/08/28 13:56:37.199, 0, 100, 43817
2026/08/28 13:56:37.199, 1, 100, 43801
2026/08/28 13:56:37.199, 2, 100, 43801
2026/08/28 13:56:37.199, 3, 100, 43801
2026/08/28 13:56:37.699, 0, 100, 43817
2026/08/28 13:56:37.699, 1, 100, 43801
2026/08/28 13:56:37.699, 2, 100, 43801
2026/08/28 13:56:37.699, 3, 100, 43801
2026/08/28 13:56:38.200, 0, 100, 43817
2026/08/28 13:56:38.200, 1, 100, 43801
2026/08/28 13:56:38.200, 2, 100, 43801
2026/08/28 13:56:38.200, 3, 100, 43801
2026/08/28 13:56:38.700, 0, 100, 43817
2026/08/28 13:56:38.700, 1, 100, 43801
2026/08/28 13:56:38.700, 2, 100, 43801
2026/08/28 13:56:38.700, 3, 100, 43801
2026/08/28 13:56:39.200, 0, 0, 43817
2026/08/28 13:56:39.200, 1, 0, 43801
2026/08/28 13:56:39.200, 2, 0, 43801
2026/08/28 13:56:39.200, 3, 0, 43801
2026/08/28 13:56:39.700, 0, 99, 43817
2026/08/28 13:56:39.700, 1, 99, 43801
2026/08/28 13:56:39.700, 2, 100, 43801
2026/08/28 13:56:39.700, 3, 100, 43801
2026/08/28 13:56:40.200, 0, 100, 43817
2026/08/28 13:56:40.200, 1, 100, 43801
2026/08/28 13:56:40.200, 2, 100, 43801
2026/08/28 13:56:40.200, 3, 100, 43801
2026/08/28 13:56:40.700, 0, 100, 43817
2026/08/28 13:56:40.700, 1, 100, 43801
2026/08/28 13:56:40.700, 2, 100, 43801
2026/08/28 13:56:40.701, 3, 100, 43801
2026/08/28 13:56:41.201, 0, 100, 43817
2026/08/28 13:56:41.201, 1, 100, 43801
2026/08/28 13:56:41.201, 2, 100, 43801
2026/08/28 13:56:41.201, 3, 100, 43801
2026/08/28 13:56:41.701, 0, 100, 43817
2026/08/28 13:56:41.701, 1, 100, 43801
2026/08/28 13:56:41.701, 2, 100, 43801
2026/08/28 13:56:41.701, 3, 100, 43801
2026/08/28 13:56:42.201, 0, 100, 43817
2026/08/28 13:56:42.201, 1, 100, 43801
2026/08/28 13:56:42.201, 2, 100, 43801
2026/08/28 13:56:42.201, 3, 100, 43801
2026/08/28 13:56:42.701, 0, 100, 43817
2026/08/28 13:56:42.701, 1, 100, 43801
2026/08/28 13:56:42.701, 2, 100, 43801
2026/08/28 13:56:42.701, 3, 100, 43801
2026/08/28 13:56:43.201, 0, 100, 43817
2026/08/28 13:56:43.201, 1, 100, 43801
2026/08/28 13:56:43.201, 2, 100, 43801
2026/08/28 13:56:43.201, 3, 100, 43801
2026/08/28 13:56:43.701, 0, 100, 43817
2026/08/28 13:56:43.701, 1, 100, 43801
2026/08/28 13:56:43.701, 2, 100, 43801
2026/08/28 13:56:43.701, 3, 100, 43801
2026/08/28 13:56:44.201, 0, 0, 43817
2026/08/28 13:56:44.201, 1, 0, 43801
2026/08/28 13:56:44.201, 2, 0, 43801
2026/08/28 13:56:44.201, 3, 0, 43801
2026/08/28 13:56:44.701, 0, 100, 43817
2026/08/28 13:56:44.701, 1, 100, 43801
2026/08/28 13:56:44.702, 2, 79, 43801
2026/08/28 13:56:44.702, 3, 81, 43801
2026/08/28 13:56:45.202, 0, 100, 43817
2026/08/28 13:56:45.202, 1, 100, 43801
2026/08/28 13:56:45.202, 2, 100, 43801
2026/08/28 13:56:45.202, 3, 100, 43801
2026/08/28 13:56:45.702, 0, 100, 43817
2026/08/28 13:56:45.702, 1, 100, 43801
2026/08/28 13:56:45.702, 2, 100, 43801
2026/08/28 13:56:45.702, 3, 100, 43801
2026/08/28 13:56:46.202, 0, 100, 43817
2026/08/28 13:56:46.202, 1, 100, 43801
2026/08/28 13:56:46.202, 2, 100, 43801
2026/08/28 13:56:46.202, 3, 100, 43801
2026/08/28 13:56:46.702, 0, 100, 43817
2026/08/28 13:56:46.702, 1, 100, 43801
2026/08/28 13:56:46.702, 2, 100, 43801
2026/08/28 13:56:46.702, 3, 100, 43801
2026/08/28 13:56:47.202, 0, 100, 43817
2026/08/28 13:56:47.202, 1, 100, 43801
2026/08/28 13:56:47.202, 2, 100, 43801
2026/08/28 13:56:47.202, 3, 100, 43801
2026/08/28 13:56:47.702, 0, 100, 43817
2026/08/28 13:56:47.702, 1, 100, 43801
2026/08/28 13:56:47.702, 2, 100, 43801
2026/08/28 13:56:47.702, 3, 100, 43801
2026/08/28 13:56:48.202, 0, 100, 43817
2026/08/28 13:56:48.202, 1, 100, 43801
2026/08/28 13:56:48.202, 2, 100, 43801
2026/08/28 13:56:48.202, 3, 100, 43801
2026/08/28 13:56:48.702, 0, 100, 43817
2026/08/28 13:56:48.702, 1, 100, 43801
2026/08/28 13:56:48.703, 2, 100, 43801
2026/08/28 13:56:48.703, 3, 100, 43801
2026/08/28 13:56:49.203, 0, 100, 43817
2026/08/28 13:56:49.203, 1, 100, 43801
2026/08/28 13:56:49.203, 2, 8, 43801
2026/08/28 13:56:49.203, 3, 0, 43801
2026/08/28 13:56:49.703, 0, 47, 43817
2026/08/28 13:56:49.703, 1, 100, 43801
2026/08/28 13:56:49.703, 2, 0, 43801
2026/08/28 13:56:49.703, 3, 0, 43801
2026/08/28 13:56:50.203, 0, 100, 43817
2026/08/28 13:56:50.203, 1, 100, 43801
2026/08/28 13:56:50.203, 2, 100, 43801
2026/08/28 13:56:50.203, 3, 100, 43801
2026/08/28 13:56:50.703, 0, 100, 43817
2026/08/28 13:56:50.703, 1, 100, 43801
2026/08/28 13:56:50.703, 2, 100, 43801
2026/08/28 13:56:50.703, 3, 100, 43801
2026/08/28 13:56:51.203, 0, 100, 43817
2026/08/28 13:56:51.203, 1, 100, 43801
2026/08/28 13:56:51.203, 2, 100, 43801
2026/08/28 13:56:51.203, 3, 100, 43801
2026/08/28 13:56:51.703, 0, 100, 43817
2026/08/28 13:56:51.703, 1, 100, 43801
2026/08/28 13:56:51.703, 2, 100, 43801
2026/08/28 13:56:51.703, 3, 100, 43801
2026/08/28 13:56:52.203, 0, 100, 43817
2026/08/28 13:56:52.204, 1, 100, 43801
2026/08/28 13:56:52.204, 2, 100, 43801
2026/08/28 13:56:52.204, 3, 100, 43801
2026/08/28 13:56:52.704, 0, 100, 43817
2026/08/28 13:56:52.704, 1, 100, 43801
2026/08/28 13:56:52.704, 2, 100, 43801
2026/08/28 13:56:52.704, 3, 100, 43801
2026/08/28 13:56:53.204, 0, 100, 43817
2026/08/28 13:56:53.204, 1, 100, 43801
2026/08/28 13:56:53.204, 2, 100, 43801
2026/08/28 13:56:53.204, 3, 100, 43801
2026/08/28 13:56:53.704, 0, 100, 43817
2026/08/28 13:56:53.704, 1, 100, 43801
2026/08/28 13:56:53.704, 2, 100, 43801
2026/08/28 13:56:53.704, 3, 100, 43801
2026/08/28 13:56:54.204, 0, 100, 43817
2026/08/28 13:56:54.204, 1, 100, 43801
2026/08/28 13:56:54.204, 2, 100, 43801
2026/08/28 13:56:54.204, 3, 100, 43801
2026/08/28 13:56:54.704, 0, 0, 43817
2026/08/28 13:56:54.704, 1, 0, 43801
2026/08/28 13:56:54.704, 2, 0, 43801
2026/08/28 13:56:54.704, 3, 0, 43801
2026/08/28 13:56:55.204, 0, 99, 43817
2026/08/28 13:56:55.204, 1, 100, 43801
2026/08/28 13:56:55.204, 2, 100, 43801
2026/08/28 13:56:55.204, 3, 100, 43801
2026/08/28 13:56:55.705, 0, 100, 43817
2026/08/28 13:56:55.705, 1, 100, 43801
2026/08/28 13:56:55.705, 2, 100, 43801
2026/08/28 13:56:55.705, 3, 100, 43801
2026/08/28 13:56:56.205, 0, 100, 43817
2026/08/28 13:56:56.205, 1, 100, 43801
2026/08/28 13:56:56.205, 2, 100, 43801
2026/08/28 13:56:56.205, 3, 100, 43801
2026/08/28 13:56:56.705, 0, 100, 43817
2026/08/28 13:56:56.705, 1, 100, 43801
2026/08/28 13:56:56.705, 2, 100, 43801
2026/08/28 13:56:56.705, 3, 100, 43801
2026/08/28 13:56:57.205, 0, 100, 43817
2026/08/28 13:56:57.205, 1, 100, 43801
2026/08/28 13:56:57.205, 2, 100, 43801
2026/08/28 13:56:57.205, 3, 100, 43801
2026/08/28 13:56:57.705, 0, 100, 43817
2026/08/28 13:56:57.705, 1, 100, 43801
2026/08/28 13:56:57.705, 2, 100, 43801
2026/08/28 13:56:57.705, 3, 100, 43801
2026/08/28 13:56:58.205, 0, 100, 43817
2026/08/28 13:56:58.205, 1, 100, 43801
2026/08/28 13:56:58.205, 2, 100, 43801
2026/08/28 13:56:58.205, 3, 100, 43801
2026/08/28 13:56:58.705, 0, 100, 43817
2026/08/28 13:56:58.705, 1, 100, 43801
2026/08/28 13:56:58.705, 2, 100, 43801
2026/08/28 13:56:58.705, 3, 100, 43801
2026/08/28 13:56:59.205, 0, 100, 43817
2026/08/28 13:56:59.205, 1, 100, 43801
2026/08/28 13:56:59.205, 2, 100, 43801
2026/08/28 13:56:59.205, 3, 100, 43801
2026/08/28 13:56:59.706, 0, 0, 43817
2026/08/28 13:56:59.706, 1, 0, 43801
2026/08/28 13:56:59.706, 2, 0, 43801
2026/08/28 13:56:59.706, 3, 0, 43801
2026/08/28 13:57:00.206, 0, 100, 43817
2026/08/28 13:57:00.206, 1, 99, 43801
2026/08/28 13:57:00.206, 2, 99, 43801
2026/08/28 13:57:00.206, 3, 99, 43801
2026/08/28 13:57:00.706, 0, 100, 43817
2026/08/28 13:57:00.706, 1, 100, 43801
2026/08/28 13:57:00.706, 2, 100, 43801
2026/08/28 13:57:00.706, 3, 100, 43801
2026/08/28 13:57:01.206, 0, 100, 43817
2026/08/28 13:57:01.206, 1, 100, 43801
2026/08/28 13:57:01.206, 2, 100, 43801
2026/08/28 13:57:01.206, 3, 100, 43801
2026/08/28 13:57:01.706, 0, 100, 43817
2026/08/28 13:57:01.706, 1, 100, 43801
2026/08/28 13:57:01.706, 2, 100, 43801
2026/08/28 13:57:01.706, 3, 100, 43801
2026/08/28 13:57:02.206, 0, 100, 43817
2026/08/28 13:57:02.206, 1, 100, 43801
2026/08/28 13:57:02.206, 2, 100, 43801
2026/08/28 13:57:02.206, 3, 100, 43801
2026/08/28 13:57:02.706, 0, 100, 43817
2026/08/28 13:57:02.706, 1, 100, 43801
2026/08/28 13:57:02.706, 2, 100, 43801
2026/08/28 13:57:02.706, 3, 100, 43801
2026/08/28 13:57:03.207, 0, 100, 43817
2026/08/28 13:57:03.207, 1, 100, 43801
2026/08/28 13:57:03.207, 2, 100, 43801
2026/08/28 13:57:03.207, 3, 100, 43801
2026/08/28 13:57:03.707, 0, 100, 43817
2026/08/28 13:57:03.707, 1, 100, 43801
2026/08/28 13:57:03.707, 2, 100, 43801
2026/08/28 13:57:03.707, 3, 100, 43801
2026/08/28 13:57:04.207, 0, 100, 43817
2026/08/28 13:57:04.207, 1, 100, 43801
2026/08/28 13:57:04.207, 2, 100, 43801
2026/08/28 13:57:04.207, 3, 100, 43801
2026/08/28 13:57:04.707, 0, 0, 43817
2026/08/28 13:57:04.707, 1, 0, 43801
2026/08/28 13:57:04.707, 2, 0, 43801
2026/08/28 13:57:04.707, 3, 0, 43801
2026/08/28 13:57:05.207, 0, 52, 43817
2026/08/28 13:57:05.207, 1, 100, 43801
2026/08/28 13:57:05.207, 2, 100, 43801
2026/08/28 13:57:05.207, 3, 100, 43801
2026/08/28 13:57:05.707, 0, 100, 43817
2026/08/28 13:57:05.707, 1, 100, 43801
2026/08/28 13:57:05.707, 2, 100, 43801
2026/08/28 13:57:05.707, 3, 100, 43801
2026/08/28 13:57:06.207, 0, 100, 43817
2026/08/28 13:57:06.207, 1, 100, 43801
2026/08/28 13:57:06.207, 2, 100, 43801
2026/08/28 13:57:06.207, 3, 100, 43801
2026/08/28 13:57:06.708, 0, 100, 43817
2026/08/28 13:57:06.708, 1, 100, 43801
2026/08/28 13:57:06.708, 2, 100, 43801
2026/08/28 13:57:06.708, 3, 100, 43801
2026/08/28 13:57:07.208, 0, 100, 43817
2026/08/28 13:57:07.208, 1, 100, 43801
2026/08/28 13:57:07.208, 2, 100, 43801
2026/08/28 13:57:07.208, 3, 100, 43801
2026/08/28 13:57:07.708, 0, 100, 43817
2026/08/28 13:57:07.708, 1, 100, 43801
2026/08/28 13:57:07.708, 2, 100, 43801
2026/08/28 13:57:07.708, 3, 100, 43801
2026/08/28 13:57:08.208, 0, 100, 43817
2026/08/28 13:57:08.208, 1, 100, 43801
2026/08/28 13:57:08.208, 2, 100, 43801
2026/08/28 13:57:08.208, 3, 100, 43801
2026/08/28 13:57:08.708, 0, 100, 43817
2026/08/28 13:57:08.708, 1, 100, 43801
2026/08/28 13:57:08.708, 2, 100, 43801
2026/08/28 13:57:08.708, 3, 100, 43801
2026/08/28 13:57:09.208, 0, 100, 43817
2026/08/28 13:57:09.208, 1, 100, 43801
2026/08/28 13:57:09.208, 2, 100, 43801
2026/08/28 13:57:09.208, 3, 100, 43801
2026/08/28 13:57:09.708, 0, 49, 43817
2026/08/28 13:57:09.708, 1, 0, 43801
2026/08/28 13:57:09.708, 2, 100, 43801
2026/08/28 13:57:09.709, 3, 100, 43801
2026/08/28 13:57:10.209, 0, 0, 43817
2026/08/28 13:57:10.209, 1, 0, 43801
2026/08/28 13:57:10.209, 2, 0, 43801
2026/08/28 13:57:10.209, 3, 0, 43801
2026/08/28 13:57:10.709, 0, 100, 43817
2026/08/28 13:57:10.709, 1, 100, 43801
2026/08/28 13:57:10.709, 2, 100, 43801
2026/08/28 13:57:10.709, 3, 100, 43801
2026/08/28 13:57:11.209, 0, 100, 43817
2026/08/28 13:57:11.209, 1, 100, 43801
2026/08/28 13:57:11.209, 2, 100, 43801
2026/08/28 13:57:11.209, 3, 100, 43801
2026/08/28 13:57:11.709, 0, 100, 43817
2026/08/28 13:57:11.709, 1, 100, 43801
2026/08/28 13:57:11.709, 2, 100, 43801
2026/08/28 13:57:11.709, 3, 100, 43801
2026/08/28 13:57:12.209, 0, 100, 43817
2026/08/28 13:57:12.209, 1, 100, 43801
2026/08/28 13:57:12.209, 2, 100, 43801
2026/08/28 13:57:12.209, 3, 100, 43801
2026/08/28 13:57:12.709, 0, 100, 43817
2026/08/28 13:57:12.709, 1, 100, 43801
2026/08/28 13:57:12.709, 2, 100, 43801
2026/08/28 13:57:12.709, 3, 100, 43801
2026/08/28 13:57:13.209, 0, 100, 43817
2026/08/28 13:57:13.209, 1, 100, 43801
2026/08/28 13:57:13.209, 2, 100, 43801
2026/08/28 13:57:13.209, 3, 100, 43801
2026/08/28 13:57:13.710, 0, 100, 43817
2026/08/28 13:57:13.710, 1, 100, 43801
2026/08/28 13:57:13.710, 2, 100, 43801
2026/08/28 13:57:13.710, 3, 100, 43801
2026/08/28 13:57:14.210, 0, 100, 43817
2026/08/28 13:57:14.210, 1, 100, 43801
2026/08/28 13:57:14.210, 2, 100, 43801
2026/08/28 13:57:14.210, 3, 100, 43801
2026/08/28 13:57:14.710, 0, 100, 43817
2026/08/28 13:57:14.710, 1, 100, 43801
2026/08/28 13:57:14.710, 2, 100, 43801
2026/08/28 13:57:14.710, 3, 100, 43801
2026/08/28 13:57:15.210, 0, 0, 43817
2026/08/28 13:57:15.210, 1, 0, 43801
2026/08/28 13:57:15.210, 2, 0, 43801
2026/08/28 13:57:15.210, 3, 0, 43801
2026/08/28 13:57:15.710, 0, 100, 43817
2026/08/28 13:57:15.710, 1, 100, 43801
2026/08/28 13:57:15.710, 2, 100, 43801
2026/08/28 13:57:15.710, 3, 100, 43801
2026/08/28 13:57:16.210, 0, 100, 43817
2026/08/28 13:57:16.210, 1, 100, 43801
2026/08/28 13:57:16.210, 2, 100, 43801
2026/08/28 13:57:16.210, 3, 100, 43801
2026/08/28 13:57:16.710, 0, 100, 43817
2026/08/28 13:57:16.710, 1, 100, 43801
2026/08/28 13:57:16.710, 2, 100, 43801
2026/08/28 13:57:16.710, 3, 100, 43801
2026/08/28 13:57:17.211, 0, 100, 43817
2026/08/28 13:57:17.211, 1, 100, 43801
2026/08/28 13:57:17.211, 2, 100, 43801
2026/08/28 13:57:17.211, 3, 100, 43801
2026/08/28 13:57:17.711, 0, 100, 43817
2026/08/28 13:57:17.711, 1, 100, 43801
2026/08/28 13:57:17.711, 2, 100, 43801
2026/08/28 13:57:17.711, 3, 100, 43801
2026/08/28 13:57:18.211, 0, 100, 43817
2026/08/28 13:57:18.211, 1, 100, 43801
2026/08/28 13:57:18.211, 2, 100, 43801
2026/08/28 13:57:18.211, 3, 100, 43801
2026/08/28 13:57:18.711, 0, 100, 43817
2026/08/28 13:57:18.711, 1, 100, 43801
2026/08/28 13:57:18.711, 2, 100, 43801
2026/08/28 13:57:18.711, 3, 100, 43801
2026/08/28 13:57:19.211, 0, 100, 43817
2026/08/28 13:57:19.211, 1, 100, 43801
2026/08/28 13:57:19.211, 2, 100, 43801
2026/08/28 13:57:19.211, 3, 100, 43801
2026/08/28 13:57:19.711, 0, 100, 43817
2026/08/28 13:57:19.711, 1, 100, 43801
2026/08/28 13:57:19.711, 2, 100, 43801
2026/08/28 13:57:19.711, 3, 100, 43801
2026/08/28 13:57:20.211, 0, 0, 43817
2026/08/28 13:57:20.211, 1, 0, 43801
2026/08/28 13:57:20.211, 2, 0, 43801
2026/08/28 13:57:20.211, 3, 0, 43801
2026/08/28 13:57:20.711, 0, 99, 43817
2026/08/28 13:57:20.712, 1, 100, 43801
2026/08/28 13:57:20.712, 2, 90, 43801
2026/08/28 13:57:20.712, 3, 100, 43801
2026/08/28 13:57:21.212, 0, 100, 43817
2026/08/28 13:57:21.212, 1, 100, 43801
2026/08/28 13:57:21.212, 2, 100, 43801
2026/08/28 13:57:21.212, 3, 100, 43801
2026/08/28 13:57:21.712, 0, 100, 43817
2026/08/28 13:57:21.712, 1, 100, 43801
2026/08/28 13:57:21.712, 2, 100, 43801
2026/08/28 13:57:21.712, 3, 100, 43801
2026/08/28 13:57:22.212, 0, 100, 43817
2026/08/28 13:57:22.212, 1, 100, 43801
2026/08/28 13:57:22.212, 2, 100, 43801
2026/08/28 13:57:22.212, 3, 100, 43801
2026/08/28 13:57:22.712, 0, 100, 43817
2026/08/28 13:57:22.712, 1, 100, 43801
2026/08/28 13:57:22.712, 2, 100, 43801
2026/08/28 13:57:22.712, 3, 100, 43801
2026/08/28 13:57:23.212, 0, 100, 43817
2026/08/28 13:57:23.212, 1, 100, 43801
2026/08/28 13:57:23.212, 2, 100, 43801
2026/08/28 13:57:23.212, 3, 100, 43801
2026/08/28 13:57:23.712, 0, 100, 43817
2026/08/28 13:57:23.712, 1, 100, 43801
2026/08/28 13:57:23.713, 2, 100, 43801
2026/08/28 13:57:23.713, 3, 100, 43801
2026/08/28 13:57:24.213, 0, 100, 43817
2026/08/28 13:57:24.213, 1, 100, 43801
2026/08/28 13:57:24.213, 2, 100, 43801
2026/08/28 13:57:24.213, 3, 100, 43801
2026/08/28 13:57:24.713, 0, 100, 43817
2026/08/28 13:57:24.713, 1, 100, 43801
2026/08/28 13:57:24.713, 2, 100, 43801
2026/08/28 13:57:24.713, 3, 100, 43801
2026/08/28 13:57:25.213, 0, 20, 43817
2026/08/28 13:57:25.213, 1, 47, 43801
2026/08/28 13:57:25.213, 2, 12, 43801
2026/08/28 13:57:25.213, 3, 0, 43801
2026/08/28 13:57:25.713, 0, 87, 43817
2026/08/28 13:57:25.713, 1, 61, 43801
2026/08/28 13:57:25.713, 2, 0, 43801
2026/08/28 13:57:25.713, 3, 0, 43801
2026/08/28 13:57:26.213, 0, 100, 43817
2026/08/28 13:57:26.213, 1, 100, 43801
2026/08/28 13:57:26.213, 2, 100, 43801
2026/08/28 13:57:26.213, 3, 100, 43801
2026/08/28 13:57:26.713, 0, 100, 43817
2026/08/28 13:57:26.713, 1, 100, 43801
2026/08/28 13:57:26.713, 2, 100, 43801
2026/08/28 13:57:26.713, 3, 100, 43801
2026/08/28 13:57:27.214, 0, 100, 43817
2026/08/28 13:57:27.214, 1, 100, 43801
2026/08/28 13:57:27.214, 2, 100, 43801
2026/08/28 13:57:27.214, 3, 100, 43801
2026/08/28 13:57:27.714, 0, 100, 43817
2026/08/28 13:57:27.714, 1, 100, 43801
2026/08/28 13:57:27.714, 2, 100, 43801
2026/08/28 13:57:27.714, 3, 100, 43801
2026/08/28 13:57:28.214, 0, 100, 43817
2026/08/28 13:57:28.214, 1, 100, 43801
2026/08/28 13:57:28.214, 2, 100, 43801
2026/08/28 13:57:28.214, 3, 100, 43801
2026/08/28 13:57:28.714, 0, 100, 43817
2026/08/28 13:57:28.714, 1, 100, 43801
2026/08/28 13:57:28.714, 2, 100, 43801
2026/08/28 13:57:28.714, 3, 100, 43801
2026/08/28 13:57:29.214, 0, 100, 43817
2026/08/28 13:57:29.214, 1, 100, 43801
2026/08/28 13:57:29.214, 2, 100, 43801
2026/08/28 13:57:29.214, 3, 100, 43801
2026/08/28 13:57:29.714, 0, 100, 43817
2026/08/28 13:57:29.714, 1, 100, 43801
2026/08/28 13:57:29.714, 2, 100, 43801
2026/08/28 13:57:29.714, 3, 100, 43801
2026/08/28 13:57:30.214, 0, 100, 43817
2026/08/28 13:57:30.214, 1, 100, 43801
2026/08/28 13:57:30.214, 2, 100, 43801
2026/08/28 13:57:30.214, 3, 100, 43801
2026/08/28 13:57:30.715, 0, 0, 43817
2026/08/28 13:57:30.715, 1, 0, 43801
2026/08/28 13:57:30.715, 2, 0, 43801
2026/08/28 13:57:30.715, 3, 0, 43801
2026/08/28 13:57:31.215, 0, 99, 43817
2026/08/28 13:57:31.215, 1, 99, 43801
2026/08/28 13:57:31.215, 2, 99, 43801
2026/08/28 13:57:31.215, 3, 99, 43801
2026/08/28 13:57:31.715, 0, 100, 43817
2026/08/28 13:57:31.715, 1, 100, 43801
2026/08/28 13:57:31.715, 2, 100, 43801
2026/08/28 13:57:31.715, 3, 100, 43801
2026/08/28 13:57:32.215, 0, 100, 43817
2026/08/28 13:57:32.215, 1, 100, 43801
2026/08/28 13:57:32.215, 2, 100, 43801
2026/08/28 13:57:32.215, 3, 100, 43801
2026/08/28 13:57:32.715, 0, 100, 43817
2026/08/28 13:57:32.715, 1, 100, 43801
2026/08/28 13:57:32.715, 2, 100, 43801
2026/08/28 13:57:32.715, 3, 100, 43801
2026/08/28 13:57:33.215, 0, 100, 43817
2026/08/28 13:57:33.215, 1, 100, 43801
2026/08/28 13:57:33.215, 2, 100, 43801
2026/08/28 13:57:33.215, 3, 100, 43801
2026/08/28 13:57:33.715, 0, 100, 43817
2026/08/28 13:57:33.715, 1, 100, 43801
2026/08/28 13:57:33.715, 2, 100, 43801
2026/08/28 13:57:33.715, 3, 100, 43801
2026/08/28 13:57:34.215, 0, 100, 43817
2026/08/28 13:57:34.216, 1, 100, 43801
2026/08/28 13:57:34.216, 2, 100, 43801
2026/08/28 13:57:34.216, 3, 100, 43801
2026/08/28 13:57:34.716, 0, 100, 43817
2026/08/28 13:57:34.716, 1, 100, 43801
2026/08/28 13:57:34.716, 2, 100, 43801
2026/08/28 13:57:34.716, 3, 100, 43801
2026/08/28 13:57:35.216, 0, 100, 43817
2026/08/28 13:57:35.216, 1, 100, 43801
2026/08/28 13:57:35.216, 2, 100, 43801
2026/08/28 13:57:35.216, 3, 100, 43801
2026/08/28 13:57:35.716, 0, 0, 43817
2026/08/28 13:57:35.716, 1, 0, 43801
2026/08/28 13:57:35.716, 2, 0, 43801
2026/08/28 13:57:35.716, 3, 0, 43801
2026/08/28 13:57:36.216, 0, 100, 43817
2026/08/28 13:57:36.216, 1, 100, 43801
2026/08/28 13:57:36.216, 2, 100, 43801
2026/08/28 13:57:36.216, 3, 100, 43801
2026/08/28 13:57:36.716, 0, 100, 43817
2026/08/28 13:57:36.716, 1, 100, 43801
2026/08/28 13:57:36.716, 2, 100, 43801
2026/08/28 13:57:36.716, 3, 100, 43801
2026/08/28 13:57:37.216, 0, 100, 43817
2026/08/28 13:57:37.216, 1, 100, 43801
2026/08/28 13:57:37.216, 2, 100, 43801
2026/08/28 13:57:37.216, 3, 100, 43801
2026/08/28 13:57:37.717, 0, 100, 43817
2026/08/28 13:57:37.717, 1, 100, 43801
2026/08/28 13:57:37.717, 2, 100, 43801
2026/08/28 13:57:37.717, 3, 100, 43801
2026/08/28 13:57:38.217, 0, 100, 43817
2026/08/28 13:57:38.217, 1, 100, 43801
2026/08/28 13:57:38.217, 2, 100, 43801
2026/08/28 13:57:38.217, 3, 100, 43801
2026/08/28 13:57:38.717, 0, 100, 43817
2026/08/28 13:57:38.717, 1, 100, 43801
2026/08/28 13:57:38.717, 2, 100, 43801
2026/08/28 13:57:38.717, 3, 100, 43801
2026/08/28 13:57:39.217, 0, 100, 43817
2026/08/28 13:57:39.217, 1, 100, 43801
2026/08/28 13:57:39.217, 2, 100, 43801
2026/08/28 13:57:39.217, 3, 100, 43801
2026/08/28 13:57:39.717, 0, 100, 43817
2026/08/28 13:57:39.717, 1, 100, 43801
2026/08/28 13:57:39.717, 2, 100, 43801
2026/08/28 13:57:39.717, 3, 100, 43801
2026/08/28 13:57:40.217, 0, 100, 43817
2026/08/28 13:57:40.217, 1, 100, 43801
2026/08/28 13:57:40.217, 2, 100, 43801
2026/08/28 13:57:40.217, 3, 100, 43801
2026/08/28 13:57:40.717, 0, 0, 43817
2026/08/28 13:57:40.717, 1, 0, 43801
2026/08/28 13:57:40.717, 2, 100, 43801
2026/08/28 13:57:40.717, 3, 100, 43801
2026/08/28 13:57:41.218, 0, 0, 43817
2026/08/28 13:57:41.218, 1, 0, 43801
2026/08/28 13:57:41.218, 2, 1, 43801
2026/08/28 13:57:41.218, 3, 18, 43801
2026/08/28 13:57:41.718, 0, 100, 43817
2026/08/28 13:57:41.718, 1, 100, 43801
2026/08/28 13:57:41.718, 2, 100, 43801
2026/08/28 13:57:41.718, 3, 100, 43801
2026/08/28 13:57:42.218, 0, 100, 43817
2026/08/28 13:57:42.218, 1, 100, 43801
2026/08/28 13:57:42.218, 2, 100, 43801
2026/08/28 13:57:42.218, 3, 100, 43801
2026/08/28 13:57:42.718, 0, 100, 43817
2026/08/28 13:57:42.718, 1, 100, 43801
2026/08/28 13:57:42.718, 2, 100, 43801
2026/08/28 13:57:42.718, 3, 100, 43801
2026/08/28 13:57:43.218, 0, 100, 43817
2026/08/28 13:57:43.218, 1, 100, 43801
2026/08/28 13:57:43.218, 2, 100, 43801
2026/08/28 13:57:43.218, 3, 100, 43801
2026/08/28 13:57:43.718, 0, 100, 43817
2026/08/28 13:57:43.718, 1, 100, 43801
2026/08/28 13:57:43.718, 2, 100, 43801
2026/08/28 13:57:43.718, 3, 100, 43801
2026/08/28 13:57:44.218, 0, 100, 43817
2026/08/28 13:57:44.218, 1, 100, 43801
2026/08/28 13:57:44.218, 2, 100, 43801
2026/08/28 13:57:44.218, 3, 100, 43801
2026/08/28 13:57:44.719, 0, 100, 43817
2026/08/28 13:57:44.719, 1, 100, 43801
2026/08/28 13:57:44.719, 2, 100, 43801
2026/08/28 13:57:44.719, 3, 100, 43801
2026/08/28 13:57:45.219, 0, 100, 43817
2026/08/28 13:57:45.219, 1, 100, 43801
2026/08/28 13:57:45.219, 2, 100, 43801
2026/08/28 13:57:45.219, 3, 100, 43801
2026/08/28 13:57:45.719, 0, 100, 43817
2026/08/28 13:57:45.719, 1, 100, 43801
2026/08/28 13:57:45.719, 2, 100, 43801
2026/08/28 13:57:45.719, 3, 100, 43801
2026/08/28 13:57:46.219, 0, 0, 43817
2026/08/28 13:57:46.219, 1, 0, 43801
2026/08/28 13:57:46.219, 2, 0, 43801
2026/08/28 13:57:46.219, 3, 0, 43801
2026/08/28 13:57:46.719, 0, 100, 43817
2026/08/28 13:57:46.719, 1, 100, 43801
2026/08/28 13:57:46.719, 2, 100, 43801
2026/08/28 13:57:46.719, 3, 100, 43801
2026/08/28 13:57:47.219, 0, 100, 43817
2026/08/28 13:57:47.219, 1, 100, 43801
2026/08/28 13:57:47.219, 2, 100, 43801
2026/08/28 13:57:47.219, 3, 100, 43801
2026/08/28 13:57:47.719, 0, 100, 43817
2026/08/28 13:57:47.719, 1, 100, 43801
2026/08/28 13:57:47.719, 2, 100, 43801
2026/08/28 13:57:47.720, 3, 100, 43801
2026/08/28 13:57:48.220, 0, 100, 43817
2026/08/28 13:57:48.220, 1, 100, 43801
2026/08/28 13:57:48.220, 2, 100, 43801
2026/08/28 13:57:48.220, 3, 100, 43801
2026/08/28 13:57:48.720, 0, 100, 43817
2026/08/28 13:57:48.720, 1, 100, 43801
2026/08/28 13:57:48.720, 2, 100, 43801
2026/08/28 13:57:48.720, 3, 100, 43801
2026/08/28 13:57:49.220, 0, 100, 43817
2026/08/28 13:57:49.220, 1, 100, 43801
2026/08/28 13:57:49.220, 2, 100, 43801
2026/08/28 13:57:49.220, 3, 100, 43801
2026/08/28 13:57:49.720, 0, 100, 43817
2026/08/28 13:57:49.720, 1, 100, 43801
2026/08/28 13:57:49.720, 2, 100, 43801
2026/08/28 13:57:49.720, 3, 100, 43801
2026/08/28 13:57:50.220, 0, 100, 43817
2026/08/28 13:57:50.220, 1, 100, 43801
2026/08/28 13:57:50.220, 2, 100, 43801
2026/08/28 13:57:50.220, 3, 100, 43801
2026/08/28 13:57:50.720, 0, 100, 43817
2026/08/28 13:57:50.720, 1, 100, 43801
2026/08/28 13:57:50.720, 2, 100, 43801
2026/08/28 13:57:50.720, 3, 100, 43801
2026/08/28 13:57:51.220, 0, 0, 43817
2026/08/28 13:57:51.220, 1, 0, 43801
2026/08/28 13:57:51.220, 2, 0, 43801
2026/08/28 13:57:51.220, 3, 0, 43801
2026/08/28 13:57:51.720, 0, 99, 43817
2026/08/28 13:57:51.721, 1, 100, 43801
2026/08/28 13:57:51.721, 2, 100, 43801
2026/08/28 13:57:51.721, 3, 100, 43801
2026/08/28 13:57:52.221, 0, 100, 43817
2026/08/28 13:57:52.221, 1, 100, 43801
2026/08/28 13:57:52.221, 2, 100, 43801
2026/08/28 13:57:52.221, 3, 100, 43801
2026/08/28 13:57:52.721, 0, 100, 43817
2026/08/28 13:57:52.721, 1, 100, 43801
2026/08/28 13:57:52.721, 2, 100, 43801
2026/08/28 13:57:52.721, 3, 100, 43801
2026/08/28 13:57:53.221, 0, 100, 43817
2026/08/28 13:57:53.221, 1, 100, 43801
2026/08/28 13:57:53.221, 2, 100, 43801
2026/08/28 13:57:53.221, 3, 100, 43801
2026/08/28 13:57:53.721, 0, 100, 43817
2026/08/28 13:57:53.721, 1, 100, 43801
2026/08/28 13:57:53.721, 2, 100, 43801
2026/08/28 13:57:53.721, 3, 100, 43801
2026/08/28 13:57:54.221, 0, 100, 43817
2026/08/28 13:57:54.223, 1, 100, 43801
2026/08/28 13:57:54.223, 2, 100, 43801
2026/08/28 13:57:54.224, 3, 100, 43801
2026/08/28 13:57:54.724, 0, 100, 43817
2026/08/28 13:57:54.724, 1, 100, 43801
2026/08/28 13:57:54.724, 2, 100, 43801
2026/08/28 13:57:54.724, 3, 100, 43801
2026/08/28 13:57:55.224, 0, 100, 43817
2026/08/28 13:57:55.224, 1, 100, 43801
2026/08/28 13:57:55.224, 2, 100, 43801
2026/08/28 13:57:55.224, 3, 100, 43801
2026/08/28 13:57:55.724, 0, 100, 43817
2026/08/28 13:57:55.724, 1, 100, 43801
2026/08/28 13:57:55.724, 2, 100, 43801
2026/08/28 13:57:55.724, 3, 100, 43801
2026/08/28 13:57:56.224, 0, 0, 43817
2026/08/28 13:57:56.225, 1, 23, 43801
2026/08/28 13:57:56.225, 2, 0, 43801
2026/08/28 13:57:56.225, 3, 0, 43801
2026/08/28 13:57:56.725, 0, 100, 43817
2026/08/28 13:57:56.725, 1, 100, 43801
2026/08/28 13:57:56.725, 2, 0, 43801
2026/08/28 13:57:56.725, 3, 0, 43801
2026/08/28 13:57:57.225, 0, 100, 43817
2026/08/28 13:57:57.225, 1, 100, 43801
2026/08/28 13:57:57.225, 2, 100, 43801
2026/08/28 13:57:57.225, 3, 100, 43801
2026/08/28 13:57:57.725, 0, 100, 43817
2026/08/28 13:57:57.725, 1, 100, 43801
2026/08/28 13:57:57.725, 2, 100, 43801
2026/08/28 13:57:57.725, 3, 100, 43801
2026/08/28 13:57:58.225, 0, 100, 43817
2026/08/28 13:57:58.225, 1, 100, 43801
2026/08/28 13:57:58.225, 2, 100, 43801
2026/08/28 13:57:58.225, 3, 100, 43801
2026/08/28 13:57:58.725, 0, 100, 43817
2026/08/28 13:57:58.725, 1, 100, 43801
2026/08/28 13:57:58.725, 2, 100, 43801
2026/08/28 13:57:58.725, 3, 100, 43801
2026/08/28 13:57:59.225, 0, 100, 43817
2026/08/28 13:57:59.225, 1, 100, 43801
2026/08/28 13:57:59.225, 2, 100, 43801
2026/08/28 13:57:59.225, 3, 100, 43801
2026/08/28 13:57:59.726, 0, 100, 43817
2026/08/28 13:57:59.726, 1, 100, 43801
2026/08/28 13:57:59.726, 2, 100, 43801
2026/08/28 13:57:59.726, 3, 100, 43801
2026/08/28 13:58:00.226, 0, 100, 43817
2026/08/28 13:58:00.226, 1, 100, 43801
2026/08/28 13:58:00.226, 2, 100, 43801
2026/08/28 13:58:00.226, 3, 100, 43801
2026/08/28 13:58:00.726, 0, 100, 43817
2026/08/28 13:58:00.726, 1, 100, 43801
2026/08/28 13:58:00.726, 2, 100, 43801
2026/08/28 13:58:00.726, 3, 100, 43801
2026/08/28 13:58:01.226, 0, 100, 43817
2026/08/28 13:58:01.226, 1, 100, 43801
2026/08/28 13:58:01.226, 2, 100, 43801
2026/08/28 13:58:01.226, 3, 100, 43801
2026/08/28 13:58:01.726, 0, 0, 43817
2026/08/28 13:58:01.726, 1, 0, 43801
2026/08/28 13:58:01.726, 2, 0, 43801
2026/08/28 13:58:01.726, 3, 0, 43801
2026/08/28 13:58:02.226, 0, 100, 43817
2026/08/28 13:58:02.226, 1, 100, 43801
2026/08/28 13:58:02.226, 2, 100, 43801
2026/08/28 13:58:02.226, 3, 100, 43801
2026/08/28 13:58:02.726, 0, 100, 43817
2026/08/28 13:58:02.726, 1, 100, 43801
2026/08/28 13:58:02.726, 2, 100, 43801
2026/08/28 13:58:02.726, 3, 100, 43801
2026/08/28 13:58:03.226, 0, 100, 43817
2026/08/28 13:58:03.227, 1, 100, 43801
2026/08/28 13:58:03.227, 2, 100, 43801
2026/08/28 13:58:03.227, 3, 100, 43801
2026/08/28 13:58:03.727, 0, 100, 43817
2026/08/28 13:58:03.727, 1, 100, 43801
2026/08/28 13:58:03.727, 2, 100, 43801
2026/08/28 13:58:03.727, 3, 100, 43801
2026/08/28 13:58:04.227, 0, 100, 43817
2026/08/28 13:58:04.227, 1, 100, 43801
2026/08/28 13:58:04.227, 2, 100, 43801
2026/08/28 13:58:04.227, 3, 100, 43801
2026/08/28 13:58:04.727, 0, 100, 43817
2026/08/28 13:58:04.727, 1, 100, 43801
2026/08/28 13:58:04.727, 2, 100, 43801
2026/08/28 13:58:04.727, 3, 100, 43801
2026/08/28 13:58:05.227, 0, 100, 43817
2026/08/28 13:58:05.227, 1, 100, 43801
2026/08/28 13:58:05.227, 2, 100, 43801
2026/08/28 13:58:05.227, 3, 100, 43801
2026/08/28 13:58:05.727, 0, 100, 43817
2026/08/28 13:58:05.727, 1, 100, 43801
2026/08/28 13:58:05.727, 2, 100, 43801
2026/08/28 13:58:05.727, 3, 100, 43801
2026/08/28 13:58:06.227, 0, 100, 43817
2026/08/28 13:58:06.227, 1, 100, 43801
2026/08/28 13:58:06.227, 2, 100, 43801
2026/08/28 13:58:06.227, 3, 100, 43801
2026/08/28 13:58:06.727, 0, 0, 43817
2026/08/28 13:58:06.727, 1, 0, 43801
2026/08/28 13:58:06.727, 2, 0, 43801
2026/08/28 13:58:06.727, 3, 0, 43801
2026/08/28 13:58:07.228, 0, 100, 43817
2026/08/28 13:58:07.228, 1, 100, 43801
2026/08/28 13:58:07.228, 2, 100, 43801
2026/08/28 13:58:07.228, 3, 99, 43801
2026/08/28 13:58:07.728, 0, 100, 43817
2026/08/28 13:58:07.728, 1, 100, 43801
2026/08/28 13:58:07.728, 2, 100, 43801
2026/08/28 13:58:07.728, 3, 100, 43801
2026/08/28 13:58:08.228, 0, 100, 43817
2026/08/28 13:58:08.228, 1, 100, 43801
2026/08/28 13:58:08.228, 2, 100, 43801
2026/08/28 13:58:08.228, 3, 100, 43801
2026/08/28 13:58:08.728, 0, 100, 43817
2026/08/28 13:58:08.728, 1, 100, 43801
2026/08/28 13:58:08.728, 2, 100, 43801
2026/08/28 13:58:08.728, 3, 100, 43801
2026/08/28 13:58:09.228, 0, 100, 43817
2026/08/28 13:58:09.228, 1, 100, 43801
2026/08/28 13:58:09.228, 2, 100, 43801
2026/08/28 13:58:09.228, 3, 100, 43801
2026/08/28 13:58:09.728, 0, 100, 43817
2026/08/28 13:58:09.728, 1, 100, 43801
2026/08/28 13:58:09.728, 2, 100, 43801
2026/08/28 13:58:09.728, 3, 100, 43801
2026/08/28 13:58:10.228, 0, 100, 43817
2026/08/28 13:58:10.228, 1, 100, 43801
2026/08/28 13:58:10.228, 2, 100, 43801
2026/08/28 13:58:10.228, 3, 100, 43801
2026/08/28 13:58:10.728, 0, 100, 43817
2026/08/28 13:58:10.729, 1, 100, 43801
2026/08/28 13:58:10.729, 2, 100, 43801
2026/08/28 13:58:10.729, 3, 100, 43801
2026/08/28 13:58:11.229, 0, 100, 43817
2026/08/28 13:58:11.229, 1, 100, 43801
2026/08/28 13:58:11.229, 2, 100, 43801
2026/08/28 13:58:11.229, 3, 100, 43801
2026/08/28 13:58:11.729, 0, 0, 43817
2026/08/28 13:58:11.729, 1, 0, 43801
2026/08/28 13:58:11.729, 2, 65, 43801
2026/08/28 13:58:11.729, 3, 43, 43801
2026/08/28 13:58:12.229, 0, 34, 43817
2026/08/28 13:58:12.229, 1, 12, 43801
2026/08/28 13:58:12.229, 2, 42, 43801
2026/08/28 13:58:12.229, 3, 64, 43801
2026/08/28 13:58:12.729, 0, 100, 43817
2026/08/28 13:58:12.729, 1, 100, 43801
2026/08/28 13:58:12.729, 2, 100, 43801
2026/08/28 13:58:12.729, 3, 100, 43801
2026/08/28 13:58:13.229, 0, 100, 43817
2026/08/28 13:58:13.229, 1, 100, 43801
2026/08/28 13:58:13.229, 2, 100, 43801
2026/08/28 13:58:13.229, 3, 100, 43801
2026/08/28 13:58:13.729, 0, 100, 43817
2026/08/28 13:58:13.729, 1, 100, 43801
2026/08/28 13:58:13.729, 2, 100, 43801
2026/08/28 13:58:13.729, 3, 100, 43801
2026/08/28 13:58:14.230, 0, 100, 43817
2026/08/28 13:58:14.230, 1, 100, 43801
2026/08/28 13:58:14.230, 2, 100, 43801
2026/08/28 13:58:14.230, 3, 100, 43801
2026/08/28 13:58:14.730, 0, 100, 43817
2026/08/28 13:58:14.730, 1, 100, 43801
2026/08/28 13:58:14.730, 2, 100, 43801
2026/08/28 13:58:14.730, 3, 100, 43801
2026/08/28 13:58:15.230, 0, 100, 43817
2026/08/28 13:58:15.230, 1, 100, 43801
2026/08/28 13:58:15.230, 2, 100, 43801
2026/08/28 13:58:15.230, 3, 100, 43801
2026/08/28 13:58:15.730, 0, 100, 43817
2026/08/28 13:58:15.730, 1, 100, 43801
2026/08/28 13:58:15.730, 2, 100, 43801
2026/08/28 13:58:15.730, 3, 100, 43801
2026/08/28 13:58:16.230, 0, 100, 43817
2026/08/28 13:58:16.230, 1, 100, 43801
2026/08/28 13:58:16.230, 2, 100, 43801
2026/08/28 13:58:16.230, 3, 100, 43801
2026/08/28 13:58:16.730, 0, 71, 43817
2026/08/28 13:58:16.730, 1, 95, 43801
2026/08/28 13:58:16.730, 2, 100, 43801
2026/08/28 13:58:16.730, 3, 100, 43801
2026/08/28 13:58:17.230, 0, 0, 43817
2026/08/28 13:58:17.230, 1, 0, 43801
2026/08/28 13:58:17.230, 2, 0, 43801
2026/08/28 13:58:17.230, 3, 0, 43801
2026/08/28 13:58:17.730, 0, 100, 43817
2026/08/28 13:58:17.731, 1, 100, 43801
2026/08/28 13:58:17.731, 2, 99, 43801
2026/08/28 13:58:17.731, 3, 99, 43801
2026/08/28 13:58:18.231, 0, 100, 43817
2026/08/28 13:58:18.231, 1, 100, 43801
2026/08/28 13:58:18.231, 2, 100, 43801
2026/08/28 13:58:18.231, 3, 100, 43801
2026/08/28 13:58:18.731, 0, 100, 43817
2026/08/28 13:58:18.731, 1, 100, 43801
2026/08/28 13:58:18.731, 2, 100, 43801
2026/08/28 13:58:18.731, 3, 100, 43801
2026/08/28 13:58:19.231, 0, 100, 43817
2026/08/28 13:58:19.231, 1, 100, 43801
2026/08/28 13:58:19.231, 2, 100, 43801
2026/08/28 13:58:19.231, 3, 100, 43801
2026/08/28 13:58:19.731, 0, 100, 43817
2026/08/28 13:58:19.731, 1, 100, 43801
2026/08/28 13:58:19.731, 2, 100, 43801
2026/08/28 13:58:19.731, 3, 100, 43801
2026/08/28 13:58:20.231, 0, 100, 43817
2026/08/28 13:58:20.231, 1, 100, 43801
2026/08/28 13:58:20.231, 2, 100, 43801
2026/08/28 13:58:20.231, 3, 100, 43801
2026/08/28 13:58:20.731, 0, 100, 43817
2026/08/28 13:58:20.731, 1, 100, 43801
2026/08/28 13:58:20.731, 2, 100, 43801
2026/08/28 13:58:20.731, 3, 100, 43801
2026/08/28 13:58:21.231, 0, 100, 43817
2026/08/28 13:58:21.231, 1, 100, 43801
2026/08/28 13:58:21.231, 2, 100, 43801
2026/08/28 13:58:21.231, 3, 100, 43801
2026/08/28 13:58:21.732, 0, 100, 43817
2026/08/28 13:58:21.732, 1, 100, 43801
2026/08/28 13:58:21.732, 2, 100, 43801
2026/08/28 13:58:21.732, 3, 100, 43801
2026/08/28 13:58:22.232, 0, 0, 43817
2026/08/28 13:58:22.232, 1, 0, 43801
2026/08/28 13:58:22.232, 2, 0, 43801
2026/08/28 13:58:22.232, 3, 0, 43801
2026/08/28 13:58:22.732, 0, 99, 43817
2026/08/28 13:58:22.732, 1, 100, 43801
2026/08/28 13:58:22.732, 2, 100, 43801
2026/08/28 13:58:22.732, 3, 100, 43801
2026/08/28 13:58:23.232, 0, 100, 43817
2026/08/28 13:58:23.232, 1, 100, 43801
2026/08/28 13:58:23.232, 2, 100, 43801
2026/08/28 13:58:23.232, 3, 100, 43801
2026/08/28 13:58:23.732, 0, 100, 43817
2026/08/28 13:58:23.732, 1, 100, 43801
2026/08/28 13:58:23.732, 2, 100, 43801
2026/08/28 13:58:23.732, 3, 100, 43801
2026/08/28 13:58:24.232, 0, 100, 43817
2026/08/28 13:58:24.232, 1, 100, 43801
2026/08/28 13:58:24.232, 2, 100, 43801
2026/08/28 13:58:24.232, 3, 100, 43801
2026/08/28 13:58:24.732, 0, 100, 43817
2026/08/28 13:58:24.733, 1, 100, 43801
2026/08/28 13:58:24.733, 2, 100, 43801
2026/08/28 13:58:24.733, 3, 100, 43801
2026/08/28 13:58:25.233, 0, 100, 43817
2026/08/28 13:58:25.233, 1, 100, 43801
2026/08/28 13:58:25.233, 2, 100, 43801
2026/08/28 13:58:25.233, 3, 100, 43801
2026/08/28 13:58:25.733, 0, 100, 43817
2026/08/28 13:58:25.733, 1, 100, 43801
2026/08/28 13:58:25.733, 2, 100, 43801
2026/08/28 13:58:25.733, 3, 100, 43801
2026/08/28 13:58:26.233, 0, 100, 43817
2026/08/28 13:58:26.233, 1, 100, 43801
2026/08/28 13:58:26.233, 2, 100, 43801
2026/08/28 13:58:26.233, 3, 100, 43801
2026/08/28 13:58:26.733, 0, 100, 43817
2026/08/28 13:58:26.733, 1, 100, 43801
2026/08/28 13:58:26.733, 2, 100, 43801
2026/08/28 13:58:26.733, 3, 100, 43801
2026/08/28 13:58:27.233, 0, 8, 43817
2026/08/28 13:58:27.233, 1, 35, 43801
2026/08/28 13:58:27.233, 2, 0, 43801
2026/08/28 13:58:27.233, 3, 0, 43801
2026/08/28 13:58:27.733, 0, 100, 43817
2026/08/28 13:58:27.733, 1, 100, 43801
2026/08/28 13:58:27.733, 2, 56, 43801
2026/08/28 13:58:27.733, 3, 0, 43801
2026/08/28 13:58:28.233, 0, 100, 43817
2026/08/28 13:58:28.234, 1, 100, 43801
2026/08/28 13:58:28.234, 2, 100, 43801
2026/08/28 13:58:28.234, 3, 100, 43801
2026/08/28 13:58:28.734, 0, 100, 43817
2026/08/28 13:58:28.734, 1, 100, 43801
2026/08/28 13:58:28.734, 2, 100, 43801
2026/08/28 13:58:28.734, 3, 100, 43801
2026/08/28 13:58:29.234, 0, 100, 43817
2026/08/28 13:58:29.234, 1, 100, 43801
2026/08/28 13:58:29.234, 2, 100, 43801
2026/08/28 13:58:29.234, 3, 100, 43801
2026/08/28 13:58:29.734, 0, 100, 43817
2026/08/28 13:58:29.734, 1, 100, 43801
2026/08/28 13:58:29.734, 2, 100, 43801
2026/08/28 13:58:29.734, 3, 100, 43801
2026/08/28 13:58:30.234, 0, 100, 43817
2026/08/28 13:58:30.234, 1, 100, 43801
2026/08/28 13:58:30.234, 2, 100, 43801
2026/08/28 13:58:30.234, 3, 100, 43801
2026/08/28 13:58:30.734, 0, 100, 43817
2026/08/28 13:58:30.734, 1, 100, 43801
2026/08/28 13:58:30.734, 2, 100, 43801
2026/08/28 13:58:30.734, 3, 100, 43801
2026/08/28 13:58:31.234, 0, 100, 43817
2026/08/28 13:58:31.234, 1, 100, 43801
2026/08/28 13:58:31.234, 2, 100, 43801
2026/08/28 13:58:31.234, 3, 100, 43801
2026/08/28 13:58:31.734, 0, 100, 43817
2026/08/28 13:58:31.734, 1, 100, 43801
2026/08/28 13:58:31.734, 2, 100, 43801
2026/08/28 13:58:31.734, 3, 100, 43801
2026/08/28 13:58:32.234, 0, 100, 43817
2026/08/28 13:58:32.235, 1, 100, 43801
2026/08/28 13:58:32.235, 2, 43, 43801
2026/08/28 13:58:32.235, 3, 100, 43801
2026/08/28 13:58:32.735, 0, 0, 43817
2026/08/28 13:58:32.735, 1, 0, 43801
2026/08/28 13:58:32.735, 2, 0, 43801
2026/08/28 13:58:32.735, 3, 0, 43801
2026/08/28 13:58:33.235, 0, 100, 43817
2026/08/28 13:58:33.235, 1, 100, 43801
2026/08/28 13:58:33.235, 2, 100, 43801
2026/08/28 13:58:33.235, 3, 100, 43801
2026/08/28 13:58:33.735, 0, 100, 43817
2026/08/28 13:58:33.735, 1, 100, 43801
2026/08/28 13:58:33.735, 2, 100, 43801
2026/08/28 13:58:33.735, 3, 100, 43801
2026/08/28 13:58:34.235, 0, 100, 43817
2026/08/28 13:58:34.235, 1, 100, 43801
2026/08/28 13:58:34.235, 2, 100, 43801
2026/08/28 13:58:34.235, 3, 100, 43801
2026/08/28 13:58:34.735, 0, 100, 43817
2026/08/28 13:58:34.735, 1, 100, 43801
2026/08/28 13:58:34.735, 2, 100, 43801
2026/08/28 13:58:34.735, 3, 100, 43801
2026/08/28 13:58:35.235, 0, 100, 43817
2026/08/28 13:58:35.236, 1, 100, 43801
2026/08/28 13:58:35.236, 2, 100, 43801
2026/08/28 13:58:35.236, 3, 100, 43801
2026/08/28 13:58:35.736, 0, 100, 43817
2026/08/28 13:58:35.736, 1, 100, 43801
2026/08/28 13:58:35.736, 2, 100, 43801
2026/08/28 13:58:35.736, 3, 100, 43801
2026/08/28 13:58:36.236, 0, 100, 43817
2026/08/28 13:58:36.236, 1, 100, 43801
2026/08/28 13:58:36.236, 2, 100, 43801
2026/08/28 13:58:36.236, 3, 100, 43801
2026/08/28 13:58:36.736, 0, 100, 43817
2026/08/28 13:58:36.736, 1, 100, 43801
2026/08/28 13:58:36.736, 2, 100, 43801
2026/08/28 13:58:36.736, 3, 100, 43801
2026/08/28 13:58:37.236, 0, 100, 43817
2026/08/28 13:58:37.236, 1, 100, 43801
2026/08/28 13:58:37.236, 2, 100, 43801
2026/08/28 13:58:37.236, 3, 100, 43801
2026/08/28 13:58:37.736, 0, 0, 43817
2026/08/28 13:58:37.736, 1, 0, 43801
2026/08/28 13:58:37.736, 2, 0, 43801
2026/08/28 13:58:37.736, 3, 0, 43801
2026/08/28 13:58:38.236, 0, 100, 43817
2026/08/28 13:58:38.236, 1, 100, 43801
2026/08/28 13:58:38.237, 2, 99, 43801
2026/08/28 13:58:38.237, 3, 100, 43801
2026/08/28 13:58:38.737, 0, 100, 43817
2026/08/28 13:58:38.737, 1, 100, 43801
2026/08/28 13:58:38.737, 2, 100, 43801
2026/08/28 13:58:38.737, 3, 100, 43801
2026/08/28 13:58:39.237, 0, 100, 43817
2026/08/28 13:58:39.237, 1, 100, 43801
2026/08/28 13:58:39.237, 2, 100, 43801
2026/08/28 13:58:39.237, 3, 100, 43801
2026/08/28 13:58:39.737, 0, 100, 43817
2026/08/28 13:58:39.737, 1, 100, 43801
2026/08/28 13:58:39.737, 2, 100, 43801
2026/08/28 13:58:39.737, 3, 100, 43801
2026/08/28 13:58:40.237, 0, 100, 43817
2026/08/28 13:58:40.237, 1, 100, 43801
2026/08/28 13:58:40.237, 2, 100, 43801
2026/08/28 13:58:40.237, 3, 100, 43801
2026/08/28 13:58:40.737, 0, 100, 43817
2026/08/28 13:58:40.737, 1, 100, 43801
2026/08/28 13:58:40.738, 2, 100, 43801
2026/08/28 13:58:40.739, 3, 100, 43801
2026/08/28 13:58:41.239, 0, 100, 43817
2026/08/28 13:58:41.239, 1, 100, 43801
2026/08/28 13:58:41.239, 2, 100, 43801
2026/08/28 13:58:41.239, 3, 100, 43801
2026/08/28 13:58:41.739, 0, 100, 43817
2026/08/28 13:58:41.739, 1, 100, 43801
2026/08/28 13:58:41.739, 2, 100, 43801
2026/08/28 13:58:41.740, 3, 100, 43801
2026/08/28 13:58:42.240, 0, 100, 43817
2026/08/28 13:58:42.240, 1, 100, 43801
2026/08/28 13:58:42.240, 2, 100, 43801
2026/08/28 13:58:42.240, 3, 100, 43801
2026/08/28 13:58:42.740, 0, 0, 43817
2026/08/28 13:58:42.740, 1, 0, 43801
2026/08/28 13:58:42.740, 2, 0, 43801
2026/08/28 13:58:42.740, 3, 0, 43801
2026/08/28 13:58:43.240, 0, 60, 43817
2026/08/28 13:58:43.240, 1, 34, 43801
2026/08/28 13:58:43.240, 2, 100, 43801
2026/08/28 13:58:43.240, 3, 100, 43801
2026/08/28 13:58:43.740, 0, 100, 43817
2026/08/28 13:58:43.740, 1, 100, 43801
2026/08/28 13:58:43.740, 2, 100, 43801
2026/08/28 13:58:43.740, 3, 100, 43801
2026/08/28 13:58:44.240, 0, 100, 43817
2026/08/28 13:58:44.240, 1, 100, 43801
2026/08/28 13:58:44.240, 2, 100, 43801
2026/08/28 13:58:44.240, 3, 100, 43801
2026/08/28 13:58:44.740, 0, 100, 43817
2026/08/28 13:58:44.740, 1, 100, 43801
2026/08/28 13:58:44.740, 2, 100, 43801
2026/08/28 13:58:44.741, 3, 100, 43801
2026/08/28 13:58:45.241, 0, 100, 43817
2026/08/28 13:58:45.241, 1, 100, 43801
2026/08/28 13:58:45.241, 2, 100, 43801
2026/08/28 13:58:45.241, 3, 100, 43801
2026/08/28 13:58:45.741, 0, 100, 43817
2026/08/28 13:58:45.741, 1, 100, 43801
2026/08/28 13:58:45.741, 2, 100, 43801
2026/08/28 13:58:45.741, 3, 100, 43801
2026/08/28 13:58:46.241, 0, 100, 43817
2026/08/28 13:58:46.241, 1, 100, 43801
2026/08/28 13:58:46.241, 2, 100, 43801
2026/08/28 13:58:46.241, 3, 100, 43801
2026/08/28 13:58:46.741, 0, 100, 43817
2026/08/28 13:58:46.741, 1, 100, 43801
2026/08/28 13:58:46.741, 2, 100, 43801
2026/08/28 13:58:46.741, 3, 100, 43801
2026/08/28 13:58:47.241, 0, 100, 43817
2026/08/28 13:58:47.241, 1, 100, 43801
2026/08/28 13:58:47.241, 2, 100, 43801
2026/08/28 13:58:47.241, 3, 100, 43801
2026/08/28 13:58:47.741, 0, 50, 43817
2026/08/28 13:58:47.742, 1, 75, 43801
2026/08/28 13:58:47.742, 2, 100, 43801
2026/08/28 13:58:47.742, 3, 100, 43801
2026/08/28 13:58:48.242, 0, 0, 43817
2026/08/28 13:58:48.242, 1, 0, 43801
2026/08/28 13:58:48.242, 2, 18, 43801
2026/08/28 13:58:48.242, 3, 26, 43801
2026/08/28 13:58:48.742, 0, 100, 43817
2026/08/28 13:58:48.742, 1, 100, 43801
2026/08/28 13:58:48.742, 2, 100, 43801
2026/08/28 13:58:48.742, 3, 100, 43801
2026/08/28 13:58:49.242, 0, 100, 43817
2026/08/28 13:58:49.242, 1, 100, 43801
2026/08/28 13:58:49.242, 2, 100, 43801
2026/08/28 13:58:49.242, 3, 100, 43801
2026/08/28 13:58:49.742, 0, 100, 43817
2026/08/28 13:58:49.742, 1, 100, 43801
2026/08/28 13:58:49.742, 2, 100, 43801
2026/08/28 13:58:49.742, 3, 100, 43801
2026/08/28 13:58:50.242, 0, 100, 43817
2026/08/28 13:58:50.242, 1, 100, 43801
2026/08/28 13:58:50.242, 2, 100, 43801
2026/08/28 13:58:50.242, 3, 100, 43801
2026/08/28 13:58:50.743, 0, 100, 43817
2026/08/28 13:58:50.743, 1, 100, 43801
2026/08/28 13:58:50.743, 2, 100, 43801
2026/08/28 13:58:50.743, 3, 100, 43801
2026/08/28 13:58:51.243, 0, 100, 43817
2026/08/28 13:58:51.243, 1, 100, 43801
2026/08/28 13:58:51.243, 2, 100, 43801
2026/08/28 13:58:51.243, 3, 100, 43801
2026/08/28 13:58:51.743, 0, 100, 43817
2026/08/28 13:58:51.743, 1, 100, 43801
2026/08/28 13:58:51.743, 2, 100, 43801
2026/08/28 13:58:51.743, 3, 100, 43801
2026/08/28 13:58:52.243, 0, 100, 43817
2026/08/28 13:58:52.243, 1, 100, 43801
2026/08/28 13:58:52.243, 2, 100, 43801
2026/08/28 13:58:52.243, 3, 100, 43801
2026/08/28 13:58:52.743, 0, 100, 43817
2026/08/28 13:58:52.743, 1, 100, 43801
2026/08/28 13:58:52.743, 2, 100, 43801
2026/08/28 13:58:52.743, 3, 100, 43801
2026/08/28 13:58:53.243, 0, 0, 43817
2026/08/28 13:58:53.244, 1, 0, 43801
2026/08/28 13:58:53.244, 2, 0, 43801
2026/08/28 13:58:53.244, 3, 0, 43801
2026/08/28 13:58:53.744, 0, 100, 43817
2026/08/28 13:58:53.744, 1, 99, 43801
2026/08/28 13:58:53.744, 2, 100, 43801
2026/08/28 13:58:53.744, 3, 99, 43801
2026/08/28 13:58:54.244, 0, 100, 43817
2026/08/28 13:58:54.244, 1, 100, 43801
2026/08/28 13:58:54.244, 2, 100, 43801
2026/08/28 13:58:54.244, 3, 100, 43801
2026/08/28 13:58:54.744, 0, 100, 43817
2026/08/28 13:58:54.744, 1, 100, 43801
2026/08/28 13:58:54.744, 2, 100, 43801
2026/08/28 13:58:54.744, 3, 100, 43801
2026/08/28 13:58:55.244, 0, 100, 43817
2026/08/28 13:58:55.244, 1, 100, 43801
2026/08/28 13:58:55.244, 2, 100, 43801
2026/08/28 13:58:55.244, 3, 100, 43801
2026/08/28 13:58:55.744, 0, 100, 43817
2026/08/28 13:58:55.744, 1, 100, 43801
2026/08/28 13:58:55.744, 2, 100, 43801
2026/08/28 13:58:55.745, 3, 100, 43801
2026/08/28 13:58:56.245, 0, 100, 43817
2026/08/28 13:58:56.245, 1, 100, 43801
2026/08/28 13:58:56.245, 2, 100, 43801
2026/08/28 13:58:56.245, 3, 100, 43801
2026/08/28 13:58:56.745, 0, 100, 43817
2026/08/28 13:58:56.745, 1, 100, 43801
2026/08/28 13:58:56.745, 2, 100, 43801
2026/08/28 13:58:56.745, 3, 100, 43801
2026/08/28 13:58:57.245, 0, 100, 43817
2026/08/28 13:58:57.245, 1, 100, 43801
2026/08/28 13:58:57.245, 2, 100, 43801
2026/08/28 13:58:57.245, 3, 100, 43801
2026/08/28 13:58:57.745, 0, 100, 43817
2026/08/28 13:58:57.745, 1, 100, 43801
2026/08/28 13:58:57.745, 2, 100, 43801
2026/08/28 13:58:57.745, 3, 100, 43801
2026/08/28 13:58:58.245, 0, 0, 43817
2026/08/28 13:58:58.245, 1, 0, 43801
2026/08/28 13:58:58.245, 2, 0, 43801
2026/08/28 13:58:58.245, 3, 0, 43801
2026/08/28 13:58:58.746, 0, 100, 43817
2026/08/28 13:58:58.746, 1, 100, 43801
2026/08/28 13:58:58.746, 2, 100, 43801
2026/08/28 13:58:58.746, 3, 100, 43801
2026/08/28 13:58:59.246, 0, 100, 43817
2026/08/28 13:58:59.246, 1, 100, 43801
2026/08/28 13:58:59.246, 2, 100, 43801
2026/08/28 13:58:59.246, 3, 100, 43801
2026/08/28 13:58:59.746, 0, 100, 43817
2026/08/28 13:58:59.746, 1, 100, 43801
2026/08/28 13:58:59.746, 2, 100, 43801
2026/08/28 13:58:59.746, 3, 100, 43801
2026/08/28 13:59:00.246, 0, 100, 43817
2026/08/28 13:59:00.246, 1, 100, 43801
2026/08/28 13:59:00.246, 2, 100, 43801
2026/08/28 13:59:00.246, 3, 100, 43801
2026/08/28 13:59:00.746, 0, 100, 43817
2026/08/28 13:59:00.746, 1, 100, 43801
2026/08/28 13:59:00.746, 2, 100, 43801
2026/08/28 13:59:00.746, 3, 100, 43801
2026/08/28 13:59:01.247, 0, 100, 43817
2026/08/28 13:59:01.247, 1, 100, 43801
2026/08/28 13:59:01.247, 2, 100, 43801
2026/08/28 13:59:01.247, 3, 100, 43801
2026/08/28 13:59:01.747, 0, 100, 43817
2026/08/28 13:59:01.747, 1, 100, 43801
2026/08/28 13:59:01.747, 2, 100, 43801
2026/08/28 13:59:01.747, 3, 100, 43801
2026/08/28 13:59:02.247, 0, 100, 43817
2026/08/28 13:59:02.247, 1, 100, 43801
2026/08/28 13:59:02.247, 2, 100, 43801
2026/08/28 13:59:02.247, 3, 100, 43801
2026/08/28 13:59:02.747, 0, 100, 43817
2026/08/28 13:59:02.747, 1, 100, 43801
2026/08/28 13:59:02.747, 2, 100, 43801
2026/08/28 13:59:02.747, 3, 100, 43801
2026/08/28 13:59:03.247, 0, 100, 43817
2026/08/28 13:59:03.247, 1, 100, 43801
2026/08/28 13:59:03.247, 2, 0, 43801
2026/08/28 13:59:03.247, 3, 0, 43801
2026/08/28 13:59:03.748, 0, 59, 43817
2026/08/28 13:59:03.748, 1, 34, 43801
2026/08/28 13:59:03.748, 2, 0, 43801
2026/08/28 13:59:03.748, 3, 0, 43801
2026/08/28 13:59:04.248, 0, 100, 43817
2026/08/28 13:59:04.248, 1, 100, 43801
2026/08/28 13:59:04.248, 2, 100, 43801
2026/08/28 13:59:04.248, 3, 100, 43801
2026/08/28 13:59:04.748, 0, 100, 43817
2026/08/28 13:59:04.748, 1, 100, 43801
2026/08/28 13:59:04.748, 2, 100, 43801
2026/08/28 13:59:04.748, 3, 100, 43801
2026/08/28 13:59:05.248, 0, 100, 43817
2026/08/28 13:59:05.248, 1, 100, 43801
2026/08/28 13:59:05.248, 2, 100, 43801
2026/08/28 13:59:05.248, 3, 100, 43801
2026/08/28 13:59:05.748, 0, 100, 43817
2026/08/28 13:59:05.748, 1, 100, 43801
2026/08/28 13:59:05.748, 2, 100, 43801
2026/08/28 13:59:05.748, 3, 100, 43801
2026/08/28 13:59:06.248, 0, 100, 43817
2026/08/28 13:59:06.249, 1, 100, 43801
2026/08/28 13:59:06.249, 2, 100, 43801
2026/08/28 13:59:06.249, 3, 100, 43801
2026/08/28 13:59:06.749, 0, 100, 43817
2026/08/28 13:59:06.749, 1, 100, 43801
2026/08/28 13:59:06.749, 2, 100, 43801
2026/08/28 13:59:06.749, 3, 100, 43801
2026/08/28 13:59:07.249, 0, 100, 43817
2026/08/28 13:59:07.249, 1, 100, 43801
2026/08/28 13:59:07.249, 2, 100, 43801
2026/08/28 13:59:07.249, 3, 100, 43801
2026/08/28 13:59:07.749, 0, 100, 43817
2026/08/28 13:59:07.749, 1, 100, 43801
2026/08/28 13:59:07.749, 2, 100, 43801
2026/08/28 13:59:07.749, 3, 100, 43801
2026/08/28 13:59:08.249, 0, 100, 43817
2026/08/28 13:59:08.249, 1, 100, 43801
2026/08/28 13:59:08.249, 2, 100, 43801
2026/08/28 13:59:08.249, 3, 100, 43801
2026/08/28 13:59:08.749, 0, 0, 43817
2026/08/28 13:59:08.749, 1, 0, 43801
2026/08/28 13:59:08.749, 2, 0, 43801
2026/08/28 13:59:08.749, 3, 0, 43801
2026/08/28 13:59:09.250, 0, 99, 43817
2026/08/28 13:59:09.250, 1, 100, 43801
2026/08/28 13:59:09.250, 2, 100, 43801
2026/08/28 13:59:09.250, 3, 100, 43801
2026/08/28 13:59:09.750, 0, 100, 43817
2026/08/28 13:59:09.750, 1, 100, 43801
2026/08/28 13:59:09.750, 2, 100, 43801
2026/08/28 13:59:09.750, 3, 100, 43801
2026/08/28 13:59:10.250, 0, 100, 43817
2026/08/28 13:59:10.250, 1, 100, 43801
2026/08/28 13:59:10.250, 2, 100, 43801
2026/08/28 13:59:10.250, 3, 100, 43801
2026/08/28 13:59:10.750, 0, 100, 43817
2026/08/28 13:59:10.750, 1, 100, 43801
2026/08/28 13:59:10.750, 2, 100, 43801
2026/08/28 13:59:10.750, 3, 100, 43801
2026/08/28 13:59:11.250, 0, 100, 43817
2026/08/28 13:59:11.250, 1, 100, 43801
2026/08/28 13:59:11.250, 2, 100, 43801
2026/08/28 13:59:11.250, 3, 100, 43801
2026/08/28 13:59:11.751, 0, 100, 43817
2026/08/28 13:59:11.751, 1, 100, 43801
2026/08/28 13:59:11.751, 2, 100, 43801
2026/08/28 13:59:11.751, 3, 100, 43801
2026/08/28 13:59:12.251, 0, 100, 43817
2026/08/28 13:59:12.251, 1, 100, 43801
2026/08/28 13:59:12.251, 2, 100, 43801
2026/08/28 13:59:12.251, 3, 100, 43801
2026/08/28 13:59:12.751, 0, 100, 43817
2026/08/28 13:59:12.751, 1, 100, 43801
2026/08/28 13:59:12.751, 2, 100, 43801
2026/08/28 13:59:12.751, 3, 100, 43801
2026/08/28 13:59:13.251, 0, 100, 43817
2026/08/28 13:59:13.251, 1, 100, 43801
2026/08/28 13:59:13.251, 2, 100, 43801
2026/08/28 13:59:13.251, 3, 100, 43801
2026/08/28 13:59:13.751, 0, 0, 43817
2026/08/28 13:59:13.751, 1, 0, 43801
2026/08/28 13:59:13.751, 2, 0, 43801
2026/08/28 13:59:13.751, 3, 0, 43801
2026/08/28 13:59:14.251, 0, 58, 43817
2026/08/28 13:59:14.252, 1, 100, 43801
2026/08/28 13:59:14.252, 2, 100, 43801
2026/08/28 13:59:14.252, 3, 100, 43801
2026/08/28 13:59:14.752, 0, 100, 43817
2026/08/28 13:59:14.752, 1, 100, 43801
2026/08/28 13:59:14.752, 2, 100, 43801
2026/08/28 13:59:14.752, 3, 100, 43801
2026/08/28 13:59:15.252, 0, 100, 43817
2026/08/28 13:59:15.252, 1, 100, 43801
2026/08/28 13:59:15.252, 2, 100, 43801
2026/08/28 13:59:15.252, 3, 100, 43801
2026/08/28 13:59:15.752, 0, 100, 43817
2026/08/28 13:59:15.752, 1, 100, 43801
2026/08/28 13:59:15.752, 2, 100, 43801
2026/08/28 13:59:15.752, 3, 100, 43801
2026/08/28 13:59:16.252, 0, 100, 43817
2026/08/28 13:59:16.252, 1, 100, 43801
2026/08/28 13:59:16.252, 2, 100, 43801
2026/08/28 13:59:16.252, 3, 100, 43801
2026/08/28 13:59:16.752, 0, 100, 43817
2026/08/28 13:59:16.753, 1, 100, 43801
2026/08/28 13:59:16.753, 2, 100, 43801
2026/08/28 13:59:16.753, 3, 100, 43801
2026/08/28 13:59:17.253, 0, 100, 43817
2026/08/28 13:59:17.253, 1, 100, 43801
2026/08/28 13:59:17.253, 2, 100, 43801
2026/08/28 13:59:17.253, 3, 100, 43801
2026/08/28 13:59:17.753, 0, 100, 43817
2026/08/28 13:59:17.753, 1, 100, 43801
2026/08/28 13:59:17.753, 2, 100, 43801
2026/08/28 13:59:17.753, 3, 100, 43801
2026/08/28 13:59:18.253, 0, 100, 43817
2026/08/28 13:59:18.253, 1, 100, 43801
2026/08/28 13:59:18.253, 2, 100, 43801
2026/08/28 13:59:18.253, 3, 100, 43801
2026/08/28 13:59:18.753, 0, 51, 43817
2026/08/28 13:59:18.753, 1, 0, 43801
2026/08/28 13:59:18.753, 2, 100, 43801
2026/08/28 13:59:18.753, 3, 100, 43801
2026/08/28 13:59:19.253, 0, 0, 43817
2026/08/28 13:59:19.254, 1, 0, 43801
2026/08/28 13:59:19.254, 2, 16, 43801
2026/08/28 13:59:19.254, 3, 36, 43801
2026/08/28 13:59:19.754, 0, 100, 43817
2026/08/28 13:59:19.754, 1, 100, 43801
2026/08/28 13:59:19.754, 2, 100, 43801
2026/08/28 13:59:19.754, 3, 100, 43801
2026/08/28 13:59:20.254, 0, 100, 43817
2026/08/28 13:59:20.254, 1, 100, 43801
2026/08/28 13:59:20.254, 2, 100, 43801
2026/08/28 13:59:20.254, 3, 100, 43801
2026/08/28 13:59:20.754, 0, 99, 43817
2026/08/28 13:59:20.754, 1, 100, 43801
2026/08/28 13:59:20.754, 2, 100, 43801
2026/08/28 13:59:20.754, 3, 100, 43801
2026/08/28 13:59:21.254, 0, 100, 43817
2026/08/28 13:59:21.254, 1, 100, 43801
2026/08/28 13:59:21.254, 2, 100, 43801
2026/08/28 13:59:21.254, 3, 100, 43801
2026/08/28 13:59:21.754, 0, 100, 43817
2026/08/28 13:59:21.754, 1, 100, 43801
2026/08/28 13:59:21.754, 2, 100, 43801
2026/08/28 13:59:21.754, 3, 100, 43801
2026/08/28 13:59:22.255, 0, 100, 43817
2026/08/28 13:59:22.255, 1, 100, 43801
2026/08/28 13:59:22.255, 2, 100, 43801
2026/08/28 13:59:22.255, 3, 100, 43801
2026/08/28 13:59:22.755, 0, 100, 43817
2026/08/28 13:59:22.755, 1, 100, 43801
2026/08/28 13:59:22.755, 2, 100, 43801
2026/08/28 13:59:22.755, 3, 100, 43801
2026/08/28 13:59:23.255, 0, 100, 43817
2026/08/28 13:59:23.255, 1, 100, 43801
2026/08/28 13:59:23.255, 2, 100, 43801
2026/08/28 13:59:23.255, 3, 100, 43801
2026/08/28 13:59:23.755, 0, 100, 43817
2026/08/28 13:59:23.755, 1, 100, 43801
2026/08/28 13:59:23.755, 2, 100, 43801
2026/08/28 13:59:23.755, 3, 100, 43801
2026/08/28 13:59:24.255, 0, 0, 43817
2026/08/28 13:59:24.255, 1, 0, 43801
2026/08/28 13:59:24.255, 2, 0, 43801
2026/08/28 13:59:24.255, 3, 0, 43801
2026/08/28 13:59:24.755, 0, 100, 43817
2026/08/28 13:59:24.756, 1, 100, 43801
2026/08/28 13:59:24.757, 2, 100, 43801
2026/08/28 13:59:24.758, 3, 100, 43801
2026/08/28 13:59:25.259, 0, 100, 43817
2026/08/28 13:59:25.259, 1, 100, 43801
2026/08/28 13:59:25.259, 2, 100, 43801
2026/08/28 13:59:25.259, 3, 100, 43801
2026/08/28 13:59:25.759, 0, 100, 43817
2026/08/28 13:59:25.759, 1, 100, 43801
2026/08/28 13:59:25.759, 2, 100, 43801
2026/08/28 13:59:25.759, 3, 100, 43801
2026/08/28 13:59:26.260, 0, 100, 43817
2026/08/28 13:59:26.260, 1, 100, 43801
2026/08/28 13:59:26.260, 2, 100, 43801
2026/08/28 13:59:26.260, 3, 100, 43801
2026/08/28 13:59:26.760, 0, 100, 43817
2026/08/28 13:59:26.760, 1, 100, 43801
2026/08/28 13:59:26.760, 2, 100, 43801
2026/08/28 13:59:26.760, 3, 100, 43801
2026/08/28 13:59:27.260, 0, 100, 43817
2026/08/28 13:59:27.260, 1, 100, 43801
2026/08/28 13:59:27.260, 2, 100, 43801
2026/08/28 13:59:27.260, 3, 100, 43801
2026/08/28 13:59:27.760, 0, 100, 43817
2026/08/28 13:59:27.760, 1, 100, 43801
2026/08/28 13:59:27.760, 2, 100, 43801
2026/08/28 13:59:27.760, 3, 100, 43801
2026/08/28 13:59:28.260, 0, 100, 43817
2026/08/28 13:59:28.260, 1, 100, 43801
2026/08/28 13:59:28.260, 2, 100, 43801
2026/08/28 13:59:28.260, 3, 100, 43801
2026/08/28 13:59:28.761, 0, 100, 43817
2026/08/28 13:59:28.761, 1, 100, 43801
2026/08/28 13:59:28.761, 2, 100, 43801
2026/08/28 13:59:28.761, 3, 100, 43801
2026/08/28 13:59:29.261, 0, 0, 43817
2026/08/28 13:59:29.261, 1, 0, 43801
2026/08/28 13:59:29.261, 2, 0, 43801
2026/08/28 13:59:29.261, 3, 0, 43801
2026/08/28 13:59:29.761, 0, 100, 43817
2026/08/28 13:59:29.761, 1, 100, 43801
2026/08/28 13:59:29.761, 2, 67, 43801
2026/08/28 13:59:29.761, 3, 90, 43801
2026/08/28 13:59:30.261, 0, 100, 43817
2026/08/28 13:59:30.261, 1, 100, 43801
2026/08/28 13:59:30.261, 2, 100, 43801
2026/08/28 13:59:30.261, 3, 100, 43801
2026/08/28 13:59:30.761, 0, 99, 43817
2026/08/28 13:59:30.761, 1, 100, 43801
2026/08/28 13:59:30.761, 2, 100, 43801
2026/08/28 13:59:30.761, 3, 100, 43801
2026/08/28 13:59:31.261, 0, 100, 43817
2026/08/28 13:59:31.261, 1, 100, 43801
2026/08/28 13:59:31.261, 2, 100, 43801
2026/08/28 13:59:31.261, 3, 100, 43801
2026/08/28 13:59:31.762, 0, 100, 43817
2026/08/28 13:59:31.762, 1, 100, 43801
2026/08/28 13:59:31.762, 2, 100, 43801
2026/08/28 13:59:31.762, 3, 100, 43801
2026/08/28 13:59:32.262, 0, 100, 43817
2026/08/28 13:59:32.262, 1, 100, 43801
2026/08/28 13:59:32.262, 2, 100, 43801
2026/08/28 13:59:32.262, 3, 100, 43801
2026/08/28 13:59:32.762, 0, 100, 43817
2026/08/28 13:59:32.762, 1, 100, 43801
2026/08/28 13:59:32.762, 2, 100, 43801
2026/08/28 13:59:32.762, 3, 100, 43801
2026/08/28 13:59:33.262, 0, 100, 43817
2026/08/28 13:59:33.262, 1, 100, 43801
2026/08/28 13:59:33.262, 2, 100, 43801
2026/08/28 13:59:33.262, 3, 100, 43801
2026/08/28 13:59:33.762, 0, 100, 43817
2026/08/28 13:59:33.762, 1, 100, 43801
2026/08/28 13:59:33.762, 2, 100, 43801
2026/08/28 13:59:33.762, 3, 100, 43801
2026/08/28 13:59:34.262, 0, 100, 43817
2026/08/28 13:59:34.262, 1, 76, 43801
2026/08/28 13:59:34.262, 2, 45, 43801
2026/08/28 13:59:34.262, 3, 23, 43801
2026/08/28 13:59:34.763, 0, 16, 43817
2026/08/28 13:59:34.763, 1, 93, 43801
2026/08/28 13:59:34.763, 2, 0, 43801
2026/08/28 13:59:34.763, 3, 0, 43801
2026/08/28 13:59:35.263, 0, 100, 43817
2026/08/28 13:59:35.263, 1, 100, 43801
2026/08/28 13:59:35.263, 2, 100, 43801
2026/08/28 13:59:35.263, 3, 100, 43801
2026/08/28 13:59:35.763, 0, 100, 43817
2026/08/28 13:59:35.763, 1, 100, 43801
2026/08/28 13:59:35.763, 2, 100, 43801
2026/08/28 13:59:35.763, 3, 100, 43801
2026/08/28 13:59:36.263, 0, 100, 43817
2026/08/28 13:59:36.263, 1, 100, 43801
2026/08/28 13:59:36.263, 2, 100, 43801
2026/08/28 13:59:36.263, 3, 100, 43801
2026/08/28 13:59:36.763, 0, 100, 43817
2026/08/28 13:59:36.763, 1, 100, 43801
2026/08/28 13:59:36.763, 2, 100, 43801
2026/08/28 13:59:36.763, 3, 100, 43801
2026/08/28 13:59:37.263, 0, 100, 43817
2026/08/28 13:59:37.263, 1, 100, 43801
2026/08/28 13:59:37.263, 2, 100, 43801
2026/08/28 13:59:37.264, 3, 100, 43801
2026/08/28 13:59:37.764, 0, 100, 43817
2026/08/28 13:59:37.764, 1, 100, 43801
2026/08/28 13:59:37.764, 2, 100, 43801
2026/08/28 13:59:37.764, 3, 100, 43801
2026/08/28 13:59:38.264, 0, 100, 43817
2026/08/28 13:59:38.264, 1, 100, 43801
2026/08/28 13:59:38.264, 2, 100, 43801
2026/08/28 13:59:38.264, 3, 100, 43801
2026/08/28 13:59:38.764, 0, 100, 43817
2026/08/28 13:59:38.764, 1, 100, 43801
2026/08/28 13:59:38.764, 2, 100, 43801
2026/08/28 13:59:38.764, 3, 100, 43801
2026/08/28 13:59:39.264, 0, 100, 43817
2026/08/28 13:59:39.264, 1, 100, 43801
2026/08/28 13:59:39.264, 2, 100, 43801
2026/08/28 13:59:39.264, 3, 100, 43801
2026/08/28 13:59:39.764, 0, 0, 43817
2026/08/28 13:59:39.764, 1, 0, 43801
2026/08/28 13:59:39.764, 2, 0, 43801
2026/08/28 13:59:39.764, 3, 0, 43801
2026/08/28 13:59:40.264, 0, 100, 43817
2026/08/28 13:59:40.264, 1, 99, 43801
2026/08/28 13:59:40.265, 2, 100, 43801
2026/08/28 13:59:40.265, 3, 100, 43801
2026/08/28 13:59:40.765, 0, 100, 43817
2026/08/28 13:59:40.765, 1, 100, 43801
2026/08/28 13:59:40.765, 2, 100, 43801
2026/08/28 13:59:40.765, 3, 100, 43801
2026/08/28 13:59:41.265, 0, 100, 43817
2026/08/28 13:59:41.265, 1, 100, 43801
2026/08/28 13:59:41.265, 2, 100, 43801
2026/08/28 13:59:41.265, 3, 100, 43801
2026/08/28 13:59:41.765, 0, 100, 43817
2026/08/28 13:59:41.765, 1, 100, 43801
2026/08/28 13:59:41.765, 2, 100, 43801
2026/08/28 13:59:41.765, 3, 100, 43801
2026/08/28 13:59:42.265, 0, 100, 43817
2026/08/28 13:59:42.265, 1, 100, 43801
2026/08/28 13:59:42.265, 2, 100, 43801
2026/08/28 13:59:42.265, 3, 100, 43801
2026/08/28 13:59:42.765, 0, 100, 43817
2026/08/28 13:59:42.765, 1, 100, 43801
2026/08/28 13:59:42.766, 2, 100, 43801
2026/08/28 13:59:42.766, 3, 100, 43801
2026/08/28 13:59:43.266, 0, 100, 43817
2026/08/28 13:59:43.266, 1, 100, 43801
2026/08/28 13:59:43.266, 2, 100, 43801
2026/08/28 13:59:43.266, 3, 100, 43801
2026/08/28 13:59:43.766, 0, 100, 43817
2026/08/28 13:59:43.766, 1, 100, 43801
2026/08/28 13:59:43.766, 2, 100, 43801
2026/08/28 13:59:43.766, 3, 100, 43801
2026/08/28 13:59:44.266, 0, 100, 43817
2026/08/28 13:59:44.266, 1, 100, 43801
2026/08/28 13:59:44.266, 2, 100, 43801
2026/08/28 13:59:44.266, 3, 100, 43801
2026/08/28 13:59:44.766, 0, 0, 43817
2026/08/28 13:59:44.766, 1, 0, 43801
2026/08/28 13:59:44.766, 2, 0, 43801
2026/08/28 13:59:44.766, 3, 0, 43801
2026/08/28 13:59:45.266, 0, 19, 43817
2026/08/28 13:59:45.266, 1, 92, 43801
2026/08/28 13:59:45.266, 2, 100, 43801
2026/08/28 13:59:45.266, 3, 100, 43801
2026/08/28 13:59:45.767, 0, 100, 43817
2026/08/28 13:59:45.767, 1, 100, 43801
2026/08/28 13:59:45.767, 2, 100, 43801
2026/08/28 13:59:45.767, 3, 100, 43801
2026/08/28 13:59:46.267, 0, 100, 43817
2026/08/28 13:59:46.267, 1, 100, 43801
2026/08/28 13:59:46.267, 2, 100, 43801
2026/08/28 13:59:46.267, 3, 100, 43801
2026/08/28 13:59:46.767, 0, 100, 43817
2026/08/28 13:59:46.767, 1, 100, 43801
2026/08/28 13:59:46.767, 2, 100, 43801
2026/08/28 13:59:46.767, 3, 100, 43801
2026/08/28 13:59:47.267, 0, 100, 43817
2026/08/28 13:59:47.267, 1, 100, 43801
2026/08/28 13:59:47.267, 2, 100, 43801
2026/08/28 13:59:47.267, 3, 100, 43801
2026/08/28 13:59:47.767, 0, 100, 43817
2026/08/28 13:59:47.767, 1, 100, 43801
2026/08/28 13:59:47.767, 2, 100, 43801
2026/08/28 13:59:47.767, 3, 100, 43801
2026/08/28 13:59:48.267, 0, 100, 43817
2026/08/28 13:59:48.268, 1, 100, 43801
2026/08/28 13:59:48.268, 2, 100, 43801
2026/08/28 13:59:48.268, 3, 100, 43801
2026/08/28 13:59:48.768, 0, 100, 43817
2026/08/28 13:59:48.768, 1, 100, 43801
2026/08/28 13:59:48.768, 2, 100, 43801
2026/08/28 13:59:48.768, 3, 100, 43801
2026/08/28 13:59:49.268, 0, 100, 43817
2026/08/28 13:59:49.268, 1, 100, 43801
2026/08/28 13:59:49.268, 2, 100, 43801
2026/08/28 13:59:49.268, 3, 100, 43801
2026/08/28 13:59:49.768, 0, 0, 43817
2026/08/28 13:59:49.768, 1, 15, 43801
2026/08/28 13:59:49.768, 2, 100, 43801
2026/08/28 13:59:49.768, 3, 100, 43801
2026/08/28 13:59:50.268, 0, 0, 43817
2026/08/28 13:59:50.268, 1, 0, 43801
2026/08/28 13:59:50.268, 2, 0, 43801
2026/08/28 13:59:50.268, 3, 0, 43801
2026/08/28 13:59:50.768, 0, 100, 43817
2026/08/28 13:59:50.768, 1, 100, 43801
2026/08/28 13:59:50.768, 2, 99, 43801
2026/08/28 13:59:50.768, 3, 100, 43801
2026/08/28 13:59:51.269, 0, 100, 43817
2026/08/28 13:59:51.269, 1, 100, 43801
2026/08/28 13:59:51.269, 2, 100, 43801
2026/08/28 13:59:51.269, 3, 100, 43801
2026/08/28 13:59:51.769, 0, 100, 43817
2026/08/28 13:59:51.769, 1, 100, 43801
2026/08/28 13:59:51.769, 2, 100, 43801
2026/08/28 13:59:51.769, 3, 100, 43801
2026/08/28 13:59:52.269, 0, 100, 43817
2026/08/28 13:59:52.269, 1, 100, 43801
2026/08/28 13:59:52.269, 2, 100, 43801
2026/08/28 13:59:52.269, 3, 100, 43801
2026/08/28 13:59:52.769, 0, 100, 43817
2026/08/28 13:59:52.769, 1, 100, 43801
2026/08/28 13:59:52.769, 2, 100, 43801
2026/08/28 13:59:52.769, 3, 100, 43801
2026/08/28 13:59:53.269, 0, 100, 43817
2026/08/28 13:59:53.269, 1, 100, 43801
2026/08/28 13:59:53.269, 2, 100, 43801
2026/08/28 13:59:53.269, 3, 100, 43801
2026/08/28 13:59:53.769, 0, 100, 43817
2026/08/28 13:59:53.769, 1, 100, 43801
2026/08/28 13:59:53.769, 2, 100, 43801
2026/08/28 13:59:53.770, 3, 100, 43801
2026/08/28 13:59:54.270, 0, 100, 43817
2026/08/28 13:59:54.270, 1, 100, 43801
2026/08/28 13:59:54.270, 2, 100, 43801
2026/08/28 13:59:54.270, 3, 100, 43801
2026/08/28 13:59:54.770, 0, 100, 43817
2026/08/28 13:59:54.770, 1, 100, 43801
2026/08/28 13:59:54.770, 2, 100, 43801
2026/08/28 13:59:54.770, 3, 100, 43801
2026/08/28 13:59:55.270, 0, 0, 43817
2026/08/28 13:59:55.270, 1, 0, 43801
2026/08/28 13:59:55.270, 2, 0, 43801
2026/08/28 13:59:55.270, 3, 0, 43801
2026/08/28 13:59:55.770, 0, 99, 43817
2026/08/28 13:59:55.770, 1, 99, 43801
2026/08/28 13:59:55.770, 2, 98, 43801
2026/08/28 13:59:55.770, 3, 100, 43801
2026/08/28 13:59:56.270, 0, 100, 43817
2026/08/28 13:59:56.270, 1, 100, 43801
2026/08/28 13:59:56.270, 2, 100, 43801
2026/08/28 13:59:56.270, 3, 100, 43801
2026/08/28 13:59:56.771, 0, 100, 43817
2026/08/28 13:59:56.771, 1, 100, 43801
2026/08/28 13:59:56.771, 2, 100, 43801
2026/08/28 13:59:56.771, 3, 100, 43801
2026/08/28 13:59:57.271, 0, 100, 43817
2026/08/28 13:59:57.271, 1, 100, 43801
2026/08/28 13:59:57.271, 2, 100, 43801
2026/08/28 13:59:57.271, 3, 100, 43801
2026/08/28 13:59:57.771, 0, 100, 43817
2026/08/28 13:59:57.771, 1, 100, 43801
2026/08/28 13:59:57.771, 2, 100, 43801
2026/08/28 13:59:57.771, 3, 100, 43801
2026/08/28 13:59:58.271, 0, 100, 43817
2026/08/28 13:59:58.271, 1, 100, 43801
2026/08/28 13:59:58.271, 2, 100, 43801
2026/08/28 13:59:58.271, 3, 100, 43801
2026/08/28 13:59:58.771, 0, 100, 43817
2026/08/28 13:59:58.771, 1, 100, 43801
2026/08/28 13:59:58.771, 2, 100, 43801
2026/08/28 13:59:58.771, 3, 100, 43801
2026/08/28 13:59:59.271, 0, 100, 43817
2026/08/28 13:59:59.272, 1, 100, 43801
2026/08/28 13:59:59.272, 2, 100, 43801
2026/08/28 13:59:59.272, 3, 100, 43801
2026/08/28 13:59:59.772, 0, 100, 43817
2026/08/28 13:59:59.772, 1, 100, 43801
2026/08/28 13:59:59.772, 2, 100, 43801
2026/08/28 13:59:59.772, 3, 100, 43801
2026/08/28 14:00:00.272, 0, 15, 43817
2026/08/28 14:00:00.272, 1, 38, 43801
2026/08/28 14:00:00.272, 2, 8, 43801
2026/08/28 14:00:00.272, 3, 0, 43801
2026/08/28 14:00:00.772, 0, 8, 43817
2026/08/28 14:00:00.772, 1, 0, 43801
2026/08/28 14:00:00.772, 2, 0, 43801
2026/08/28 14:00:00.772, 3, 0, 43801
2026/08/28 14:00:01.272, 0, 100, 43817
2026/08/28 14:00:01.272, 1, 100, 43801
2026/08/28 14:00:01.272, 2, 100, 43801
2026/08/28 14:00:01.272, 3, 100, 43801
2026/08/28 14:00:01.772, 0, 100, 43817
2026/08/28 14:00:01.772, 1, 100, 43801
2026/08/28 14:00:01.772, 2, 100, 43801
2026/08/28 14:00:01.772, 3, 100, 43801
2026/08/28 14:00:02.273, 0, 100, 43817
2026/08/28 14:00:02.273, 1, 100, 43801
2026/08/28 14:00:02.273, 2, 100, 43801
2026/08/28 14:00:02.273, 3, 100, 43801
2026/08/28 14:00:02.773, 0, 100, 43817
2026/08/28 14:00:02.773, 1, 100, 43801
2026/08/28 14:00:02.773, 2, 100, 43801
2026/08/28 14:00:02.773, 3, 100, 43801
2026/08/28 14:00:03.273, 0, 100, 43817
2026/08/28 14:00:03.273, 1, 100, 43801
2026/08/28 14:00:03.273, 2, 100, 43801
2026/08/28 14:00:03.273, 3, 100, 43801
2026/08/28 14:00:03.773, 0, 100, 43817
2026/08/28 14:00:03.773, 1, 100, 43801
2026/08/28 14:00:03.773, 2, 100, 43801
2026/08/28 14:00:03.773, 3, 100, 43801
2026/08/28 14:00:04.273, 0, 100, 43817
2026/08/28 14:00:04.273, 1, 100, 43801
2026/08/28 14:00:04.273, 2, 100, 43801
2026/08/28 14:00:04.273, 3, 100, 43801
2026/08/28 14:00:04.773, 0, 100, 43817
2026/08/28 14:00:04.773, 1, 100, 43801
2026/08/28 14:00:04.773, 2, 100, 43801
2026/08/28 14:00:04.773, 3, 100, 43801
2026/08/28 14:00:05.274, 0, 100, 43817
2026/08/28 14:00:05.274, 1, 100, 43801
2026/08/28 14:00:05.274, 2, 100, 43801
2026/08/28 14:00:05.274, 3, 100, 43801
2026/08/28 14:00:05.774, 0, 0, 43817
2026/08/28 14:00:05.774, 1, 0, 43801
2026/08/28 14:00:05.774, 2, 0, 43801
2026/08/28 14:00:05.774, 3, 0, 43801
2026/08/28 14:00:06.274, 0, 100, 43817
2026/08/28 14:00:06.274, 1, 100, 43801
2026/08/28 14:00:06.274, 2, 100, 43801
2026/08/28 14:00:06.274, 3, 100, 43801
2026/08/28 14:00:06.774, 0, 100, 43817
2026/08/28 14:00:06.774, 1, 100, 43801
2026/08/28 14:00:06.774, 2, 100, 43801
2026/08/28 14:00:06.774, 3, 100, 43801
2026/08/28 14:00:07.274, 0, 100, 43817
2026/08/28 14:00:07.274, 1, 100, 43801
2026/08/28 14:00:07.274, 2, 100, 43801
2026/08/28 14:00:07.274, 3, 100, 43801
2026/08/28 14:00:07.775, 0, 100, 43817
2026/08/28 14:00:07.775, 1, 100, 43801
2026/08/28 14:00:07.775, 2, 100, 43801
2026/08/28 14:00:07.775, 3, 100, 43801
2026/08/28 14:00:08.275, 0, 100, 43817
2026/08/28 14:00:08.275, 1, 100, 43801
2026/08/28 14:00:08.275, 2, 100, 43801
2026/08/28 14:00:08.275, 3, 100, 43801
2026/08/28 14:00:08.775, 0, 100, 43817
2026/08/28 14:00:08.775, 1, 100, 43801
2026/08/28 14:00:08.775, 2, 100, 43801
2026/08/28 14:00:08.775, 3, 100, 43801
2026/08/28 14:00:09.275, 0, 100, 43817
2026/08/28 14:00:09.275, 1, 100, 43801
2026/08/28 14:00:09.275, 2, 100, 43801
2026/08/28 14:00:09.275, 3, 100, 43801
2026/08/28 14:00:09.775, 0, 100, 43817
2026/08/28 14:00:09.775, 1, 100, 43801
2026/08/28 14:00:09.775, 2, 100, 43801
2026/08/28 14:00:09.775, 3, 100, 43801
2026/08/28 14:00:10.275, 0, 100, 43817
2026/08/28 14:00:10.275, 1, 100, 43801
2026/08/28 14:00:10.275, 2, 100, 43801
2026/08/28 14:00:10.275, 3, 100, 43801
2026/08/28 14:00:10.776, 0, 0, 43817
2026/08/28 14:00:10.776, 1, 0, 43801
2026/08/28 14:00:10.776, 2, 54, 43801
2026/08/28 14:00:10.776, 3, 32, 43801
2026/08/28 14:00:11.276, 0, 100, 43817
2026/08/28 14:00:11.276, 1, 82, 43801
2026/08/28 14:00:11.276, 2, 100, 43801
2026/08/28 14:00:11.276, 3, 100, 43801
2026/08/28 14:00:11.776, 0, 100, 43817
2026/08/28 14:00:11.776, 1, 100, 43801
2026/08/28 14:00:11.776, 2, 100, 43801
2026/08/28 14:00:11.776, 3, 100, 43801
2026/08/28 14:00:12.276, 0, 100, 43817
2026/08/28 14:00:12.276, 1, 100, 43801
2026/08/28 14:00:12.276, 2, 100, 43801
2026/08/28 14:00:12.276, 3, 100, 43801
2026/08/28 14:00:12.776, 0, 100, 43817
2026/08/28 14:00:12.776, 1, 100, 43801
2026/08/28 14:00:12.776, 2, 100, 43801
2026/08/28 14:00:12.776, 3, 100, 43801
2026/08/28 14:00:13.276, 0, 100, 43817
2026/08/28 14:00:13.276, 1, 100, 43801
2026/08/28 14:00:13.276, 2, 100, 43801
2026/08/28 14:00:13.276, 3, 100, 43801
2026/08/28 14:00:13.776, 0, 100, 43817
2026/08/28 14:00:13.777, 1, 100, 43801
2026/08/28 14:00:13.777, 2, 100, 43801
2026/08/28 14:00:13.777, 3, 100, 43801
2026/08/28 14:00:14.277, 0, 100, 43817
2026/08/28 14:00:14.277, 1, 100, 43801
2026/08/28 14:00:14.277, 2, 100, 43801
2026/08/28 14:00:14.277, 3, 100, 43801
2026/08/28 14:00:14.777, 0, 100, 43817
2026/08/28 14:00:14.777, 1, 100, 43801
2026/08/28 14:00:14.777, 2, 100, 43801
2026/08/28 14:00:14.777, 3, 100, 43801
2026/08/28 14:00:15.277, 0, 100, 43817
2026/08/28 14:00:15.277, 1, 100, 43801
2026/08/28 14:00:15.277, 2, 100, 43801
2026/08/28 14:00:15.277, 3, 100, 43801
2026/08/28 14:00:15.777, 0, 5, 43817
2026/08/28 14:00:15.777, 1, 27, 43801
2026/08/28 14:00:15.777, 2, 100, 43801
2026/08/28 14:00:15.777, 3, 100, 43801
2026/08/28 14:00:16.277, 0, 0, 43817
2026/08/28 14:00:16.277, 1, 0, 43801
2026/08/28 14:00:16.277, 2, 0, 43801
2026/08/28 14:00:16.277, 3, 0, 43801
2026/08/28 14:00:16.777, 0, 100, 43817
2026/08/28 14:00:16.777, 1, 100, 43801
2026/08/28 14:00:16.777, 2, 100, 43801
2026/08/28 14:00:16.778, 3, 100, 43801
2026/08/28 14:00:17.278, 0, 100, 43817
2026/08/28 14:00:17.278, 1, 100, 43801
2026/08/28 14:00:17.278, 2, 100, 43801
2026/08/28 14:00:17.278, 3, 100, 43801
2026/08/28 14:00:17.778, 0, 100, 43817
2026/08/28 14:00:17.778, 1, 100, 43801
2026/08/28 14:00:17.778, 2, 100, 43801
2026/08/28 14:00:17.778, 3, 100, 43801
2026/08/28 14:00:18.278, 0, 100, 43817
2026/08/28 14:00:18.278, 1, 100, 43801
2026/08/28 14:00:18.278, 2, 100, 43801
2026/08/28 14:00:18.278, 3, 100, 43801
2026/08/28 14:00:18.778, 0, 100, 43817
2026/08/28 14:00:18.778, 1, 100, 43801
2026/08/28 14:00:18.778, 2, 100, 43801
2026/08/28 14:00:18.778, 3, 100, 43801
2026/08/28 14:00:19.278, 0, 100, 43817
2026/08/28 14:00:19.278, 1, 100, 43801
2026/08/28 14:00:19.278, 2, 100, 43801
2026/08/28 14:00:19.278, 3, 100, 43801
2026/08/28 14:00:19.778, 0, 100, 43817
2026/08/28 14:00:19.778, 1, 100, 43801
2026/08/28 14:00:19.778, 2, 100, 43801
2026/08/28 14:00:19.778, 3, 100, 43801
2026/08/28 14:00:20.278, 0, 100, 43817
2026/08/28 14:00:20.279, 1, 100, 43801
2026/08/28 14:00:20.279, 2, 100, 43801
2026/08/28 14:00:20.279, 3, 100, 43801
2026/08/28 14:00:20.779, 0, 100, 43817
2026/08/28 14:00:20.779, 1, 100, 43801
2026/08/28 14:00:20.779, 2, 100, 43801
2026/08/28 14:00:20.779, 3, 100, 43801
2026/08/28 14:00:21.279, 0, 0, 43817
2026/08/28 14:00:21.279, 1, 0, 43801
2026/08/28 14:00:21.279, 2, 0, 43801
2026/08/28 14:00:21.279, 3, 0, 43801
2026/08/28 14:00:21.779, 0, 100, 43817
2026/08/28 14:00:21.779, 1, 99, 43801
2026/08/28 14:00:21.779, 2, 100, 43801
2026/08/28 14:00:21.779, 3, 100, 43801
2026/08/28 14:00:22.279, 0, 100, 43817
2026/08/28 14:00:22.279, 1, 100, 43801
2026/08/28 14:00:22.279, 2, 100, 43801
2026/08/28 14:00:22.279, 3, 100, 43801
2026/08/28 14:00:22.779, 0, 100, 43817
2026/08/28 14:00:22.779, 1, 100, 43801
2026/08/28 14:00:22.779, 2, 100, 43801
2026/08/28 14:00:22.779, 3, 100, 43801
2026/08/28 14:00:23.279, 0, 100, 43817
2026/08/28 14:00:23.279, 1, 100, 43801
2026/08/28 14:00:23.280, 2, 100, 43801
2026/08/28 14:00:23.280, 3, 100, 43801
2026/08/28 14:00:23.780, 0, 100, 43817
2026/08/28 14:00:23.780, 1, 100, 43801
2026/08/28 14:00:23.780, 2, 100, 43801
2026/08/28 14:00:23.780, 3, 100, 43801
2026/08/28 14:00:24.280, 0, 100, 43817
2026/08/28 14:00:24.280, 1, 100, 43801
2026/08/28 14:00:24.280, 2, 100, 43801
2026/08/28 14:00:24.280, 3, 100, 43801
2026/08/28 14:00:24.780, 0, 100, 43817
2026/08/28 14:00:24.780, 1, 100, 43801
2026/08/28 14:00:24.780, 2, 100, 43801
2026/08/28 14:00:24.780, 3, 100, 43801
2026/08/28 14:00:25.280, 0, 100, 43817
2026/08/28 14:00:25.280, 1, 100, 43801
2026/08/28 14:00:25.280, 2, 100, 43801
2026/08/28 14:00:25.280, 3, 100, 43801
2026/08/28 14:00:25.780, 0, 100, 43817
2026/08/28 14:00:25.780, 1, 100, 43801
2026/08/28 14:00:25.780, 2, 100, 43801
2026/08/28 14:00:25.780, 3, 100, 43801
2026/08/28 14:00:26.280, 0, 0, 43817
2026/08/28 14:00:26.280, 1, 0, 43801
2026/08/28 14:00:26.280, 2, 0, 43801
2026/08/28 14:00:26.281, 3, 0, 43801
2026/08/28 14:00:26.781, 0, 100, 43817
2026/08/28 14:00:26.781, 1, 100, 43801
2026/08/28 14:00:26.781, 2, 0, 43801
2026/08/28 14:00:26.781, 3, 0, 43801
2026/08/28 14:00:27.281, 0, 100, 43817
2026/08/28 14:00:27.281, 1, 100, 43801
2026/08/28 14:00:27.281, 2, 100, 43801
2026/08/28 14:00:27.281, 3, 100, 43801
2026/08/28 14:00:27.781, 0, 100, 43817
2026/08/28 14:00:27.781, 1, 100, 43801
2026/08/28 14:00:27.781, 2, 100, 43801
2026/08/28 14:00:27.781, 3, 100, 43801
2026/08/28 14:00:28.281, 0, 100, 43817
2026/08/28 14:00:28.281, 1, 100, 43801
2026/08/28 14:00:28.281, 2, 100, 43801
2026/08/28 14:00:28.281, 3, 100, 43801
2026/08/28 14:00:28.781, 0, 100, 43817
2026/08/28 14:00:28.781, 1, 100, 43801
2026/08/28 14:00:28.781, 2, 100, 43801
2026/08/28 14:00:28.781, 3, 100, 43801
2026/08/28 14:00:29.281, 0, 100, 43817
2026/08/28 14:00:29.282, 1, 100, 43801
2026/08/28 14:00:29.282, 2, 100, 43801
2026/08/28 14:00:29.282, 3, 100, 43801
2026/08/28 14:00:29.782, 0, 100, 43817
2026/08/28 14:00:29.782, 1, 100, 43801
2026/08/28 14:00:29.782, 2, 100, 43801
2026/08/28 14:00:29.782, 3, 100, 43801
2026/08/28 14:00:30.282, 0, 100, 43817
2026/08/28 14:00:30.282, 1, 100, 43801
2026/08/28 14:00:30.282, 2, 100, 43801
2026/08/28 14:00:30.282, 3, 100, 43801
2026/08/28 14:00:30.782, 0, 100, 43817
2026/08/28 14:00:30.782, 1, 100, 43801
2026/08/28 14:00:30.782, 2, 100, 43801
2026/08/28 14:00:30.782, 3, 100, 43801
2026/08/28 14:00:31.282, 0, 100, 43817
2026/08/28 14:00:31.282, 1, 100, 43801
2026/08/28 14:00:31.282, 2, 100, 43801
2026/08/28 14:00:31.282, 3, 100, 43801
2026/08/28 14:00:31.782, 0, 6, 43817
2026/08/28 14:00:31.782, 1, 0, 43801
2026/08/28 14:00:31.782, 2, 0, 43801
2026/08/28 14:00:31.782, 3, 0, 43801
2026/08/28 14:00:32.282, 0, 100, 43817
2026/08/28 14:00:32.283, 1, 100, 43801
2026/08/28 14:00:32.283, 2, 100, 43801
2026/08/28 14:00:32.283, 3, 100, 43801
2026/08/28 14:00:32.783, 0, 100, 43817
2026/08/28 14:00:32.783, 1, 100, 43801
2026/08/28 14:00:32.783, 2, 100, 43801
2026/08/28 14:00:32.783, 3, 100, 43801
2026/08/28 14:00:33.283, 0, 100, 43817
2026/08/28 14:00:33.283, 1, 100, 43801
2026/08/28 14:00:33.283, 2, 100, 43801
2026/08/28 14:00:33.283, 3, 100, 43801
2026/08/28 14:00:33.783, 0, 100, 43817
2026/08/28 14:00:33.783, 1, 100, 43801
2026/08/28 14:00:33.783, 2, 100, 43801
2026/08/28 14:00:33.783, 3, 100, 43801
2026/08/28 14:00:34.283, 0, 100, 43817
2026/08/28 14:00:34.283, 1, 100, 43801
2026/08/28 14:00:34.283, 2, 100, 43801
2026/08/28 14:00:34.283, 3, 100, 43801
2026/08/28 14:00:34.783, 0, 100, 43817
2026/08/28 14:00:34.783, 1, 100, 43801
2026/08/28 14:00:34.783, 2, 100, 43801
2026/08/28 14:00:34.783, 3, 100, 43801
2026/08/28 14:00:35.283, 0, 100, 43817
2026/08/28 14:00:35.283, 1, 100, 43801
2026/08/28 14:00:35.283, 2, 100, 43801
2026/08/28 14:00:35.283, 3, 100, 43801
2026/08/28 14:00:35.784, 0, 100, 43817
2026/08/28 14:00:35.784, 1, 100, 43801
2026/08/28 14:00:35.784, 2, 100, 43801
2026/08/28 14:00:35.784, 3, 100, 43801
2026/08/28 14:00:36.284, 0, 100, 43817
2026/08/28 14:00:36.284, 1, 100, 43801
2026/08/28 14:00:36.284, 2, 100, 43801
2026/08/28 14:00:36.284, 3, 100, 43801
2026/08/28 14:00:36.784, 0, 0, 43817
2026/08/28 14:00:36.784, 1, 0, 43801
2026/08/28 14:00:36.784, 2, 0, 43801
2026/08/28 14:00:36.784, 3, 0, 43801
2026/08/28 14:00:37.284, 0, 100, 43817
2026/08/28 14:00:37.284, 1, 100, 43801
2026/08/28 14:00:37.284, 2, 100, 43801
2026/08/28 14:00:37.284, 3, 100, 43801
2026/08/28 14:00:37.784, 0, 100, 43817
2026/08/28 14:00:37.784, 1, 100, 43801
2026/08/28 14:00:37.784, 2, 100, 43801
2026/08/28 14:00:37.784, 3, 100, 43801
2026/08/28 14:00:38.284, 0, 100, 43817
2026/08/28 14:00:38.284, 1, 100, 43801
2026/08/28 14:00:38.284, 2, 100, 43801
2026/08/28 14:00:38.284, 3, 100, 43801
2026/08/28 14:00:38.784, 0, 100, 43817
2026/08/28 14:00:38.784, 1, 100, 43801
2026/08/28 14:00:38.785, 2, 100, 43801
2026/08/28 14:00:38.785, 3, 100, 43801
2026/08/28 14:00:39.285, 0, 100, 43817
2026/08/28 14:00:39.285, 1, 100, 43801
2026/08/28 14:00:39.285, 2, 100, 43801
2026/08/28 14:00:39.285, 3, 100, 43801
2026/08/28 14:00:39.785, 0, 100, 43817
2026/08/28 14:00:39.785, 1, 100, 43801
2026/08/28 14:00:39.785, 2, 100, 43801
2026/08/28 14:00:39.785, 3, 100, 43801
2026/08/28 14:00:40.285, 0, 100, 43817
2026/08/28 14:00:40.285, 1, 100, 43801
2026/08/28 14:00:40.285, 2, 100, 43801
2026/08/28 14:00:40.285, 3, 100, 43801
2026/08/28 14:00:40.785, 0, 100, 43817
2026/08/28 14:00:40.785, 1, 100, 43801
2026/08/28 14:00:40.785, 2, 100, 43801
2026/08/28 14:00:40.785, 3, 100, 43801
2026/08/28 14:00:41.285, 0, 100, 43817
2026/08/28 14:00:41.285, 1, 100, 43801
2026/08/28 14:00:41.285, 2, 100, 43801
2026/08/28 14:00:41.285, 3, 100, 43801
2026/08/28 14:00:41.785, 0, 0, 43817
2026/08/28 14:00:41.785, 1, 0, 43801
2026/08/28 14:00:41.785, 2, 37, 43801
2026/08/28 14:00:41.785, 3, 100, 43801
2026/08/28 14:00:42.285, 0, 0, 43817
2026/08/28 14:00:42.286, 1, 0, 43801
2026/08/28 14:00:42.286, 2, 39, 43801
2026/08/28 14:00:42.286, 3, 0, 43801
2026/08/28 14:00:42.786, 0, 100, 43817
2026/08/28 14:00:42.786, 1, 100, 43801
2026/08/28 14:00:42.786, 2, 100, 43801
2026/08/28 14:00:42.786, 3, 100, 43801
2026/08/28 14:00:43.286, 0, 100, 43817
2026/08/28 14:00:43.286, 1, 100, 43801
2026/08/28 14:00:43.286, 2, 100, 43801
2026/08/28 14:00:43.286, 3, 100, 43801
2026/08/28 14:00:43.786, 0, 100, 43817
2026/08/28 14:00:43.786, 1, 100, 43801
2026/08/28 14:00:43.786, 2, 100, 43801
2026/08/28 14:00:43.786, 3, 100, 43801
2026/08/28 14:00:44.286, 0, 100, 43817
2026/08/28 14:00:44.286, 1, 100, 43801
2026/08/28 14:00:44.286, 2, 100, 43801
2026/08/28 14:00:44.286, 3, 100, 43801
2026/08/28 14:00:44.786, 0, 100, 43817
2026/08/28 14:00:44.786, 1, 100, 43801
2026/08/28 14:00:44.786, 2, 100, 43801
2026/08/28 14:00:44.786, 3, 100, 43801
2026/08/28 14:00:45.286, 0, 100, 43817
2026/08/28 14:00:45.286, 1, 100, 43801
2026/08/28 14:00:45.286, 2, 100, 43801
2026/08/28 14:00:45.286, 3, 100, 43801
2026/08/28 14:00:45.787, 0, 100, 43817
2026/08/28 14:00:45.787, 1, 100, 43801
2026/08/28 14:00:45.787, 2, 100, 43801
2026/08/28 14:00:45.787, 3, 100, 43801
2026/08/28 14:00:46.287, 0, 100, 43817
2026/08/28 14:00:46.287, 1, 100, 43801
2026/08/28 14:00:46.287, 2, 100, 43801
2026/08/28 14:00:46.287, 3, 100, 43801
2026/08/28 14:00:46.787, 0, 100, 43817
2026/08/28 14:00:46.787, 1, 100, 43801
2026/08/28 14:00:46.787, 2, 100, 43801
2026/08/28 14:00:46.787, 3, 100, 43801
2026/08/28 14:00:47.287, 0, 0, 43817
2026/08/28 14:00:47.287, 1, 0, 43801
2026/08/28 14:00:47.287, 2, 0, 43801
2026/08/28 14:00:47.287, 3, 0, 43801
2026/08/28 14:00:47.787, 0, 100, 43817
2026/08/28 14:00:47.787, 1, 99, 43801
2026/08/28 14:00:47.787, 2, 100, 43801
2026/08/28 14:00:47.787, 3, 100, 43801
2026/08/28 14:00:48.287, 0, 100, 43817
2026/08/28 14:00:48.287, 1, 100, 43801
2026/08/28 14:00:48.288, 2, 100, 43801
2026/08/28 14:00:48.288, 3, 100, 43801
2026/08/28 14:00:48.788, 0, 100, 43817
2026/08/28 14:00:48.788, 1, 100, 43801
2026/08/28 14:00:48.788, 2, 100, 43801
2026/08/28 14:00:48.788, 3, 100, 43801
2026/08/28 14:00:49.288, 0, 100, 43817
2026/08/28 14:00:49.288, 1, 100, 43801
2026/08/28 14:00:49.288, 2, 100, 43801
2026/08/28 14:00:49.288, 3, 100, 43801
2026/08/28 14:00:49.788, 0, 100, 43817
2026/08/28 14:00:49.788, 1, 100, 43801
2026/08/28 14:00:49.788, 2, 100, 43801
2026/08/28 14:00:49.788, 3, 100, 43801
2026/08/28 14:00:50.288, 0, 100, 43817
2026/08/28 14:00:50.288, 1, 100, 43801
2026/08/28 14:00:50.288, 2, 100, 43801
2026/08/28 14:00:50.288, 3, 100, 43801
2026/08/28 14:00:50.788, 0, 100, 43817
2026/08/28 14:00:50.788, 1, 100, 43801
2026/08/28 14:00:50.788, 2, 100, 43801
2026/08/28 14:00:50.788, 3, 100, 43801
2026/08/28 14:00:51.288, 0, 100, 43817
2026/08/28 14:00:51.288, 1, 100, 43801
2026/08/28 14:00:51.289, 2, 100, 43801
2026/08/28 14:00:51.289, 3, 100, 43801
2026/08/28 14:00:51.789, 0, 100, 43817
2026/08/28 14:00:51.789, 1, 100, 43801
2026/08/28 14:00:51.789, 2, 100, 43801
2026/08/28 14:00:51.789, 3, 100, 43801
2026/08/28 14:00:52.289, 0, 0, 43817
2026/08/28 14:00:52.289, 1, 0, 43801
2026/08/28 14:00:52.289, 2, 0, 43801
2026/08/28 14:00:52.289, 3, 0, 43801
2026/08/28 14:00:52.789, 0, 100, 43817
2026/08/28 14:00:52.789, 1, 100, 43801
2026/08/28 14:00:52.789, 2, 95, 43801
2026/08/28 14:00:52.789, 3, 16, 43801
2026/08/28 14:00:53.289, 0, 100, 43817
2026/08/28 14:00:53.289, 1, 100, 43801
2026/08/28 14:00:53.289, 2, 100, 43801
2026/08/28 14:00:53.289, 3, 100, 43801
2026/08/28 14:00:53.789, 0, 100, 43817
2026/08/28 14:00:53.789, 1, 100, 43801
2026/08/28 14:00:53.789, 2, 100, 43801
2026/08/28 14:00:53.789, 3, 100, 43801
2026/08/28 14:00:54.290, 0, 100, 43817
2026/08/28 14:00:54.290, 1, 100, 43801
2026/08/28 14:00:54.290, 2, 100, 43801
2026/08/28 14:00:54.290, 3, 100, 43801
2026/08/28 14:00:54.790, 0, 100, 43817
2026/08/28 14:00:54.790, 1, 100, 43801
2026/08/28 14:00:54.790, 2, 100, 43801
2026/08/28 14:00:54.790, 3, 100, 43801
2026/08/28 14:00:55.290, 0, 100, 43817
2026/08/28 14:00:55.290, 1, 100, 43801
2026/08/28 14:00:55.290, 2, 100, 43801
2026/08/28 14:00:55.290, 3, 100, 43801
2026/08/28 14:00:55.790, 0, 100, 43817
2026/08/28 14:00:55.790, 1, 100, 43801
2026/08/28 14:00:55.790, 2, 100, 43801
2026/08/28 14:00:55.790, 3, 100, 43801
2026/08/28 14:00:56.290, 0, 100, 43817
2026/08/28 14:00:56.290, 1, 100, 43801
2026/08/28 14:00:56.290, 2, 100, 43801
2026/08/28 14:00:56.290, 3, 100, 43801
2026/08/28 14:00:56.790, 0, 100, 43817
2026/08/28 14:00:56.790, 1, 100, 43801
2026/08/28 14:00:56.790, 2, 100, 43801
2026/08/28 14:00:56.790, 3, 100, 43801
2026/08/28 14:00:57.290, 0, 100, 43817
2026/08/28 14:00:57.291, 1, 100, 43801
2026/08/28 14:00:57.291, 2, 10, 43801
2026/08/28 14:00:57.291, 3, 91, 43801
2026/08/28 14:00:57.791, 0, 0, 43817
2026/08/28 14:00:57.791, 1, 0, 43801
2026/08/28 14:00:57.791, 2, 0, 43801
2026/08/28 14:00:57.791, 3, 0, 43801
2026/08/28 14:00:58.291, 0, 100, 43817
2026/08/28 14:00:58.291, 1, 100, 43801
2026/08/28 14:00:58.291, 2, 100, 43801
2026/08/28 14:00:58.291, 3, 100, 43801
2026/08/28 14:00:58.791, 0, 100, 43817
2026/08/28 14:00:58.791, 1, 100, 43801
2026/08/28 14:00:58.791, 2, 100, 43801
2026/08/28 14:00:58.791, 3, 100, 43801
2026/08/28 14:00:59.291, 0, 100, 43817
2026/08/28 14:00:59.291, 1, 100, 43801
2026/08/28 14:00:59.291, 2, 100, 43801
2026/08/28 14:00:59.291, 3, 100, 43801
2026/08/28 14:00:59.791, 0, 100, 43817
2026/08/28 14:00:59.792, 1, 100, 43801
2026/08/28 14:00:59.792, 2, 100, 43801
2026/08/28 14:00:59.792, 3, 100, 43801
2026/08/28 14:01:00.292, 0, 100, 43817
2026/08/28 14:01:00.292, 1, 100, 43801
2026/08/28 14:01:00.292, 2, 100, 43801
2026/08/28 14:01:00.292, 3, 100, 43801
2026/08/28 14:01:00.792, 0, 100, 43817
2026/08/28 14:01:00.792, 1, 100, 43801
2026/08/28 14:01:00.792, 2, 100, 43801
2026/08/28 14:01:00.792, 3, 100, 43801
2026/08/28 14:01:01.292, 0, 100, 43817
2026/08/28 14:01:01.292, 1, 100, 43801
2026/08/28 14:01:01.292, 2, 100, 43801
2026/08/28 14:01:01.292, 3, 100, 43801
2026/08/28 14:01:01.792, 0, 100, 43817
2026/08/28 14:01:01.792, 1, 100, 43801
2026/08/28 14:01:01.792, 2, 100, 43801
2026/08/28 14:01:01.792, 3, 100, 43801
2026/08/28 14:01:02.292, 0, 100, 43817
2026/08/28 14:01:02.293, 1, 100, 43801
2026/08/28 14:01:02.293, 2, 100, 43801
2026/08/28 14:01:02.293, 3, 100, 43801
2026/08/28 14:01:02.793, 0, 0, 43817
2026/08/28 14:01:02.793, 1, 0, 43801
2026/08/28 14:01:02.793, 2, 0, 43801
2026/08/28 14:01:02.793, 3, 0, 43801
2026/08/28 14:01:03.293, 0, 100, 43817
2026/08/28 14:01:03.293, 1, 100, 43801
2026/08/28 14:01:03.293, 2, 100, 43801
2026/08/28 14:01:03.293, 3, 100, 43801
2026/08/28 14:01:03.793, 0, 100, 43817
2026/08/28 14:01:03.793, 1, 100, 43801
2026/08/28 14:01:03.793, 2, 100, 43801
2026/08/28 14:01:03.793, 3, 100, 43801
2026/08/28 14:01:04.293, 0, 100, 43817
2026/08/28 14:01:04.293, 1, 100, 43801
2026/08/28 14:01:04.293, 2, 100, 43801
2026/08/28 14:01:04.293, 3, 100, 43801
2026/08/28 14:01:04.793, 0, 100, 43817
2026/08/28 14:01:04.793, 1, 100, 43801
2026/08/28 14:01:04.794, 2, 100, 43801
2026/08/28 14:01:04.794, 3, 100, 43801
2026/08/28 14:01:05.294, 0, 100, 43817
2026/08/28 14:01:05.294, 1, 100, 43801
2026/08/28 14:01:05.294, 2, 100, 43801
2026/08/28 14:01:05.294, 3, 100, 43801
2026/08/28 14:01:05.794, 0, 100, 43817
2026/08/28 14:01:05.794, 1, 100, 43801
2026/08/28 14:01:05.794, 2, 100, 43801
2026/08/28 14:01:05.794, 3, 100, 43801
2026/08/28 14:01:06.294, 0, 100, 43817
2026/08/28 14:01:06.294, 1, 100, 43801
2026/08/28 14:01:06.294, 2, 100, 43801
2026/08/28 14:01:06.294, 3, 100, 43801
2026/08/28 14:01:06.794, 0, 100, 43817
2026/08/28 14:01:06.794, 1, 100, 43801
2026/08/28 14:01:06.794, 2, 100, 43801
2026/08/28 14:01:06.794, 3, 100, 43801
2026/08/28 14:01:07.294, 0, 100, 43817
2026/08/28 14:01:07.294, 1, 100, 43801
2026/08/28 14:01:07.294, 2, 100, 43801
2026/08/28 14:01:07.294, 3, 100, 43801
2026/08/28 14:01:07.794, 0, 0, 43817
2026/08/28 14:01:07.795, 1, 0, 43801
2026/08/28 14:01:07.795, 2, 0, 43801
2026/08/28 14:01:07.795, 3, 64, 43801
2026/08/28 14:01:08.295, 0, 51, 43817
2026/08/28 14:01:08.295, 1, 27, 43801
2026/08/28 14:01:08.295, 2, 100, 43801
2026/08/28 14:01:08.295, 3, 80, 43801
2026/08/28 14:01:08.795, 0, 100, 43817
2026/08/28 14:01:08.795, 1, 100, 43801
2026/08/28 14:01:08.795, 2, 100, 43801
2026/08/28 14:01:08.795, 3, 100, 43801
2026/08/28 14:01:09.295, 0, 100, 43817
2026/08/28 14:01:09.295, 1, 100, 43801
2026/08/28 14:01:09.295, 2, 100, 43801
2026/08/28 14:01:09.295, 3, 100, 43801
2026/08/28 14:01:09.795, 0, 100, 43817
2026/08/28 14:01:09.795, 1, 100, 43801
2026/08/28 14:01:09.795, 2, 100, 43801
2026/08/28 14:01:09.795, 3, 100, 43801
2026/08/28 14:01:10.295, 0, 100, 43817
2026/08/28 14:01:10.296, 1, 100, 43801
2026/08/28 14:01:10.296, 2, 100, 43801
2026/08/28 14:01:10.296, 3, 100, 43801
2026/08/28 14:01:10.796, 0, 100, 43817
2026/08/28 14:01:10.796, 1, 100, 43801
2026/08/28 14:01:10.796, 2, 100, 43801
2026/08/28 14:01:10.796, 3, 100, 43801
2026/08/28 14:01:11.296, 0, 100, 43817
2026/08/28 14:01:11.296, 1, 100, 43801
2026/08/28 14:01:11.296, 2, 100, 43801
2026/08/28 14:01:11.296, 3, 100, 43801
2026/08/28 14:01:11.796, 0, 100, 43817
2026/08/28 14:01:11.797, 1, 100, 43801
2026/08/28 14:01:11.797, 2, 100, 43801
2026/08/28 14:01:11.797, 3, 100, 43801
2026/08/28 14:01:12.297, 0, 100, 43817
2026/08/28 14:01:12.297, 1, 100, 43801
2026/08/28 14:01:12.297, 2, 100, 43801
2026/08/28 14:01:12.297, 3, 100, 43801
2026/08/28 14:01:12.797, 0, 53, 43817
2026/08/28 14:01:12.797, 1, 77, 43801
2026/08/28 14:01:12.797, 2, 100, 43801
2026/08/28 14:01:12.797, 3, 100, 43801
2026/08/28 14:01:13.297, 0, 0, 43817
2026/08/28 14:01:13.297, 1, 0, 43801
2026/08/28 14:01:13.297, 2, 0, 43801
2026/08/28 14:01:13.297, 3, 12, 43801
2026/08/28 14:01:13.797, 0, 100, 43817
2026/08/28 14:01:13.797, 1, 100, 43801
2026/08/28 14:01:13.797, 2, 100, 43801
2026/08/28 14:01:13.797, 3, 100, 43801
2026/08/28 14:01:14.297, 0, 100, 43817
2026/08/28 14:01:14.297, 1, 100, 43801
2026/08/28 14:01:14.298, 2, 100, 43801
2026/08/28 14:01:14.298, 3, 100, 43801
2026/08/28 14:01:14.798, 0, 99, 43817
2026/08/28 14:01:14.798, 1, 100, 43801
2026/08/28 14:01:14.798, 2, 100, 43801
2026/08/28 14:01:14.798, 3, 100, 43801
2026/08/28 14:01:15.298, 0, 100, 43817
2026/08/28 14:01:15.298, 1, 100, 43801
2026/08/28 14:01:15.298, 2, 100, 43801
2026/08/28 14:01:15.298, 3, 100, 43801
2026/08/28 14:01:15.798, 0, 100, 43817
2026/08/28 14:01:15.798, 1, 100, 43801
2026/08/28 14:01:15.798, 2, 100, 43801
2026/08/28 14:01:15.798, 3, 100, 43801
2026/08/28 14:01:16.298, 0, 100, 43817
2026/08/28 14:01:16.298, 1, 100, 43801
2026/08/28 14:01:16.298, 2, 100, 43801
2026/08/28 14:01:16.298, 3, 100, 43801
2026/08/28 14:01:16.798, 0, 100, 43817
2026/08/28 14:01:16.798, 1, 100, 43801
2026/08/28 14:01:16.798, 2, 100, 43801
2026/08/28 14:01:16.798, 3, 100, 43801
2026/08/28 14:01:17.298, 0, 100, 43817
2026/08/28 14:01:17.299, 1, 100, 43801
2026/08/28 14:01:17.299, 2, 100, 43801
2026/08/28 14:01:17.299, 3, 100, 43801
2026/08/28 14:01:17.799, 0, 100, 43817
2026/08/28 14:01:17.799, 1, 100, 43801
2026/08/28 14:01:17.799, 2, 100, 43801
2026/08/28 14:01:17.799, 3, 100, 43801
2026/08/28 14:01:18.299, 0, 0, 43817
2026/08/28 14:01:18.299, 1, 0, 43801
2026/08/28 14:01:18.299, 2, 0, 43801
2026/08/28 14:01:18.299, 3, 0, 43801
2026/08/28 14:01:18.799, 0, 99, 43817
2026/08/28 14:01:18.799, 1, 99, 43801
2026/08/28 14:01:18.799, 2, 100, 43801
2026/08/28 14:01:18.799, 3, 99, 43801
2026/08/28 14:01:19.299, 0, 100, 43817
2026/08/28 14:01:19.299, 1, 100, 43801
2026/08/28 14:01:19.299, 2, 100, 43801
2026/08/28 14:01:19.299, 3, 100, 43801
2026/08/28 14:01:19.799, 0, 100, 43817
2026/08/28 14:01:19.799, 1, 100, 43801
2026/08/28 14:01:19.799, 2, 100, 43801
2026/08/28 14:01:19.799, 3, 100, 43801
2026/08/28 14:01:20.300, 0, 100, 43817
2026/08/28 14:01:20.300, 1, 100, 43801
2026/08/28 14:01:20.300, 2, 100, 43801
2026/08/28 14:01:20.300, 3, 100, 43801
2026/08/28 14:01:20.800, 0, 100, 43817
2026/08/28 14:01:20.800, 1, 100, 43801
2026/08/28 14:01:20.800, 2, 100, 43801
2026/08/28 14:01:20.800, 3, 100, 43801
2026/08/28 14:01:21.300, 0, 100, 43817
2026/08/28 14:01:21.300, 1, 100, 43801
2026/08/28 14:01:21.300, 2, 100, 43801
2026/08/28 14:01:21.300, 3, 100, 43801
2026/08/28 14:01:21.800, 0, 100, 43817
2026/08/28 14:01:21.800, 1, 100, 43801
2026/08/28 14:01:21.800, 2, 100, 43801
2026/08/28 14:01:21.800, 3, 100, 43801
2026/08/28 14:01:22.300, 0, 100, 43817
2026/08/28 14:01:22.300, 1, 100, 43801
2026/08/28 14:01:22.300, 2, 100, 43801
2026/08/28 14:01:22.300, 3, 100, 43801
2026/08/28 14:01:22.800, 0, 100, 43817
2026/08/28 14:01:22.800, 1, 100, 43801
2026/08/28 14:01:22.800, 2, 100, 43801
2026/08/28 14:01:22.800, 3, 100, 43801
2026/08/28 14:01:23.300, 0, 0, 43817
2026/08/28 14:01:23.301, 1, 6, 43801
2026/08/28 14:01:23.301, 2, 0, 43801
2026/08/28 14:01:23.301, 3, 0, 43801
2026/08/28 14:01:23.801, 0, 100, 43817
2026/08/28 14:01:23.801, 1, 100, 43801
2026/08/28 14:01:23.801, 2, 62, 43801
2026/08/28 14:01:23.801, 3, 84, 43801
2026/08/28 14:01:24.301, 0, 100, 43817
2026/08/28 14:01:24.301, 1, 100, 43801
2026/08/28 14:01:24.301, 2, 100, 43801
2026/08/28 14:01:24.301, 3, 100, 43801
2026/08/28 14:01:24.801, 0, 100, 43817
2026/08/28 14:01:24.801, 1, 100, 43801
2026/08/28 14:01:24.801, 2, 100, 43801
2026/08/28 14:01:24.801, 3, 100, 43801
2026/08/28 14:01:25.301, 0, 100, 43817
2026/08/28 14:01:25.301, 1, 100, 43801
2026/08/28 14:01:25.301, 2, 100, 43801
2026/08/28 14:01:25.301, 3, 100, 43801
2026/08/28 14:01:25.801, 0, 100, 43817
2026/08/28 14:01:25.801, 1, 100, 43801
2026/08/28 14:01:25.801, 2, 100, 43801
2026/08/28 14:01:25.802, 3, 100, 43801
2026/08/28 14:01:26.302, 0, 100, 43817
2026/08/28 14:01:26.302, 1, 100, 43801
2026/08/28 14:01:26.302, 2, 100, 43801
2026/08/28 14:01:26.302, 3, 100, 43801
2026/08/28 14:01:26.802, 0, 100, 43817
2026/08/28 14:01:26.802, 1, 100, 43801
2026/08/28 14:01:26.802, 2, 100, 43801
2026/08/28 14:01:26.802, 3, 100, 43801
2026/08/28 14:01:27.302, 0, 100, 43817
2026/08/28 14:01:27.302, 1, 100, 43801
2026/08/28 14:01:27.302, 2, 100, 43801
2026/08/28 14:01:27.302, 3, 100, 43801
2026/08/28 14:01:27.802, 0, 100, 43817
2026/08/28 14:01:27.802, 1, 100, 43801
2026/08/28 14:01:27.802, 2, 100, 43801
2026/08/28 14:01:27.802, 3, 100, 43801
2026/08/28 14:01:28.302, 0, 100, 43817
2026/08/28 14:01:28.302, 1, 84, 43801
2026/08/28 14:01:28.302, 2, 52, 43801
2026/08/28 14:01:28.302, 3, 30, 43801
2026/08/28 14:01:28.802, 0, 0, 43817
2026/08/28 14:01:28.803, 1, 63, 43801
2026/08/28 14:01:28.803, 2, 0, 43801
2026/08/28 14:01:28.803, 3, 0, 43801
2026/08/28 14:01:29.303, 0, 100, 43817
2026/08/28 14:01:29.303, 1, 100, 43801
2026/08/28 14:01:29.303, 2, 100, 43801
2026/08/28 14:01:29.303, 3, 100, 43801
2026/08/28 14:01:29.803, 0, 100, 43817
2026/08/28 14:01:29.803, 1, 100, 43801
2026/08/28 14:01:29.803, 2, 100, 43801
2026/08/28 14:01:29.803, 3, 100, 43801
2026/08/28 14:01:30.303, 0, 100, 43817
2026/08/28 14:01:30.303, 1, 100, 43801
2026/08/28 14:01:30.303, 2, 100, 43801
2026/08/28 14:01:30.303, 3, 100, 43801
2026/08/28 14:01:30.803, 0, 100, 43817
2026/08/28 14:01:30.803, 1, 100, 43801
2026/08/28 14:01:30.803, 2, 100, 43801
2026/08/28 14:01:30.803, 3, 100, 43801
2026/08/28 14:01:31.303, 0, 100, 43817
2026/08/28 14:01:31.304, 1, 100, 43801
2026/08/28 14:01:31.304, 2, 100, 43801
2026/08/28 14:01:31.304, 3, 100, 43801
2026/08/28 14:01:31.804, 0, 100, 43817
2026/08/28 14:01:31.804, 1, 100, 43801
2026/08/28 14:01:31.804, 2, 100, 43801
2026/08/28 14:01:31.804, 3, 100, 43801
2026/08/28 14:01:32.304, 0, 100, 43817
2026/08/28 14:01:32.304, 1, 100, 43801
2026/08/28 14:01:32.304, 2, 100, 43801
2026/08/28 14:01:32.304, 3, 100, 43801
2026/08/28 14:01:32.804, 0, 100, 43817
2026/08/28 14:01:32.804, 1, 100, 43801
2026/08/28 14:01:32.804, 2, 100, 43801
2026/08/28 14:01:32.804, 3, 100, 43801
2026/08/28 14:01:33.304, 0, 100, 43817
2026/08/28 14:01:33.304, 1, 100, 43801
2026/08/28 14:01:33.304, 2, 100, 43801
2026/08/28 14:01:33.304, 3, 100, 43801
2026/08/28 14:01:33.804, 0, 0, 43817
2026/08/28 14:01:33.805, 1, 0, 43801
2026/08/28 14:01:33.805, 2, 0, 43801
2026/08/28 14:01:33.805, 3, 0, 43801
2026/08/28 14:01:34.305, 0, 100, 43817
2026/08/28 14:01:34.305, 1, 99, 43801
2026/08/28 14:01:34.305, 2, 99, 43801
2026/08/28 14:01:34.305, 3, 99, 43801
2026/08/28 14:01:34.805, 0, 100, 43817
2026/08/28 14:01:34.805, 1, 100, 43801
2026/08/28 14:01:34.805, 2, 100, 43801
2026/08/28 14:01:34.805, 3, 100, 43801
2026/08/28 14:01:35.305, 0, 100, 43817
2026/08/28 14:01:35.305, 1, 100, 43801
2026/08/28 14:01:35.305, 2, 100, 43801
2026/08/28 14:01:35.305, 3, 100, 43801
2026/08/28 14:01:35.805, 0, 100, 43817
2026/08/28 14:01:35.805, 1, 100, 43801
2026/08/28 14:01:35.805, 2, 100, 43801
2026/08/28 14:01:35.805, 3, 100, 43801
2026/08/28 14:01:36.305, 0, 100, 43817
2026/08/28 14:01:36.305, 1, 100, 43801
2026/08/28 14:01:36.305, 2, 100, 43801
2026/08/28 14:01:36.305, 3, 100, 43801
2026/08/28 14:01:36.805, 0, 100, 43817
2026/08/28 14:01:36.805, 1, 100, 43801
2026/08/28 14:01:36.806, 2, 100, 43801
2026/08/28 14:01:36.806, 3, 100, 43801
2026/08/28 14:01:37.306, 0, 100, 43817
2026/08/28 14:01:37.306, 1, 100, 43801
2026/08/28 14:01:37.306, 2, 100, 43801
2026/08/28 14:01:37.306, 3, 100, 43801
2026/08/28 14:01:37.806, 0, 100, 43817
2026/08/28 14:01:37.806, 1, 100, 43801
2026/08/28 14:01:37.806, 2, 100, 43801
2026/08/28 14:01:37.806, 3, 100, 43801
2026/08/28 14:01:38.306, 0, 100, 43817
2026/08/28 14:01:38.306, 1, 100, 43801
2026/08/28 14:01:38.306, 2, 100, 43801
2026/08/28 14:01:38.306, 3, 100, 43801
2026/08/28 14:01:38.806, 0, 0, 43817
2026/08/28 14:01:38.806, 1, 0, 43801
2026/08/28 14:01:38.806, 2, 0, 43801
2026/08/28 14:01:38.806, 3, 0, 43801
2026/08/28 14:01:39.306, 0, 33, 43817
2026/08/28 14:01:39.306, 1, 100, 43801
2026/08/28 14:01:39.306, 2, 100, 43801
2026/08/28 14:01:39.306, 3, 100, 43801
2026/08/28 14:01:39.806, 0, 100, 43817
2026/08/28 14:01:39.807, 1, 100, 43801
2026/08/28 14:01:39.807, 2, 100, 43801
2026/08/28 14:01:39.807, 3, 100, 43801
2026/08/28 14:01:40.307, 0, 100, 43817
2026/08/28 14:01:40.307, 1, 100, 43801
2026/08/28 14:01:40.307, 2, 100, 43801
2026/08/28 14:01:40.307, 3, 100, 43801
2026/08/28 14:01:40.807, 0, 100, 43817
2026/08/28 14:01:40.807, 1, 100, 43801
2026/08/28 14:01:40.807, 2, 100, 43801
2026/08/28 14:01:40.807, 3, 100, 43801
2026/08/28 14:01:41.307, 0, 100, 43817
2026/08/28 14:01:41.307, 1, 100, 43801
2026/08/28 14:01:41.307, 2, 100, 43801
2026/08/28 14:01:41.307, 3, 100, 43801
2026/08/28 14:01:41.807, 0, 100, 43817
2026/08/28 14:01:41.807, 1, 100, 43801
2026/08/28 14:01:41.807, 2, 100, 43801
2026/08/28 14:01:41.807, 3, 100, 43801
2026/08/28 14:01:42.307, 0, 100, 43817
2026/08/28 14:01:42.307, 1, 100, 43801
2026/08/28 14:01:42.307, 2, 100, 43801
2026/08/28 14:01:42.307, 3, 100, 43801
2026/08/28 14:01:42.807, 0, 100, 43817
2026/08/28 14:01:42.807, 1, 100, 43801
2026/08/28 14:01:42.807, 2, 100, 43801
2026/08/28 14:01:42.807, 3, 100, 43801
2026/08/28 14:01:43.307, 0, 100, 43817
2026/08/28 14:01:43.308, 1, 100, 43801
2026/08/28 14:01:43.308, 2, 100, 43801
2026/08/28 14:01:43.308, 3, 100, 43801
2026/08/28 14:01:43.808, 0, 69, 43817
2026/08/28 14:01:43.808, 1, 0, 43801
2026/08/28 14:01:43.808, 2, 100, 43801
2026/08/28 14:01:43.808, 3, 100, 43801
2026/08/28 14:01:44.308, 0, 0, 43817
2026/08/28 14:01:44.308, 1, 0, 43801
2026/08/28 14:01:44.308, 2, 0, 43801
2026/08/28 14:01:44.308, 3, 10, 43801
2026/08/28 14:01:44.808, 0, 100, 43817
2026/08/28 14:01:44.808, 1, 100, 43801
2026/08/28 14:01:44.808, 2, 100, 43801
2026/08/28 14:01:44.808, 3, 100, 43801
2026/08/28 14:01:45.308, 0, 100, 43817
2026/08/28 14:01:45.308, 1, 100, 43801
2026/08/28 14:01:45.308, 2, 100, 43801
2026/08/28 14:01:45.308, 3, 100, 43801
2026/08/28 14:01:45.808, 0, 100, 43817
2026/08/28 14:01:45.808, 1, 100, 43801
2026/08/28 14:01:45.808, 2, 100, 43801
2026/08/28 14:01:45.808, 3, 100, 43801
2026/08/28 14:01:46.308, 0, 100, 43817
2026/08/28 14:01:46.309, 1, 100, 43801
2026/08/28 14:01:46.309, 2, 100, 43801
2026/08/28 14:01:46.309, 3, 100, 43801
2026/08/28 14:01:46.809, 0, 100, 43817
2026/08/28 14:01:46.809, 1, 100, 43801
2026/08/28 14:01:46.809, 2, 100, 43801
2026/08/28 14:01:46.809, 3, 100, 43801
2026/08/28 14:01:47.309, 0, 100, 43817
2026/08/28 14:01:47.309, 1, 100, 43801
2026/08/28 14:01:47.309, 2, 100, 43801
2026/08/28 14:01:47.309, 3, 100, 43801
2026/08/28 14:01:47.809, 0, 100, 43817
2026/08/28 14:01:47.809, 1, 100, 43801
2026/08/28 14:01:47.809, 2, 100, 43801
2026/08/28 14:01:47.809, 3, 100, 43801
2026/08/28 14:01:48.309, 0, 100, 43817
2026/08/28 14:01:48.309, 1, 100, 43801
2026/08/28 14:01:48.309, 2, 100, 43801
2026/08/28 14:01:48.309, 3, 100, 43801
2026/08/28 14:01:48.809, 0, 100, 43817
2026/08/28 14:01:48.809, 1, 100, 43801
2026/08/28 14:01:48.809, 2, 100, 43801
2026/08/28 14:01:48.809, 3, 100, 43801
2026/08/28 14:01:49.310, 0, 0, 43817
2026/08/28 14:01:49.310, 1, 0, 43801
2026/08/28 14:01:49.310, 2, 0, 43801
2026/08/28 14:01:49.310, 3, 0, 43801
2026/08/28 14:01:49.810, 0, 99, 43817
2026/08/28 14:01:49.810, 1, 100, 43801
2026/08/28 14:01:49.810, 2, 100, 43801
2026/08/28 14:01:49.810, 3, 100, 43801
2026/08/28 14:01:50.310, 0, 100, 43817
2026/08/28 14:01:50.310, 1, 100, 43801
2026/08/28 14:01:50.310, 2, 100, 43801
2026/08/28 14:01:50.310, 3, 100, 43801
2026/08/28 14:01:50.810, 0, 100, 43817
2026/08/28 14:01:50.810, 1, 100, 43801
2026/08/28 14:01:50.810, 2, 100, 43801
2026/08/28 14:01:50.810, 3, 100, 43801
2026/08/28 14:01:51.310, 0, 100, 43817
2026/08/28 14:01:51.310, 1, 100, 43801
2026/08/28 14:01:51.310, 2, 100, 43801
2026/08/28 14:01:51.310, 3, 100, 43801
2026/08/28 14:01:51.810, 0, 100, 43817
2026/08/28 14:01:51.810, 1, 100, 43801
2026/08/28 14:01:51.810, 2, 100, 43801
2026/08/28 14:01:51.810, 3, 100, 43801
2026/08/28 14:01:52.311, 0, 100, 43817
2026/08/28 14:01:52.311, 1, 100, 43801
2026/08/28 14:01:52.311, 2, 100, 43801
2026/08/28 14:01:52.311, 3, 100, 43801
2026/08/28 14:01:52.811, 0, 100, 43817
2026/08/28 14:01:52.811, 1, 100, 43801
2026/08/28 14:01:52.811, 2, 100, 43801
2026/08/28 14:01:52.811, 3, 100, 43801
2026/08/28 14:01:53.311, 0, 100, 43817
2026/08/28 14:01:53.311, 1, 100, 43801
2026/08/28 14:01:53.311, 2, 100, 43801
2026/08/28 14:01:53.311, 3, 100, 43801
2026/08/28 14:01:53.811, 0, 100, 43817
2026/08/28 14:01:53.811, 1, 100, 43801
2026/08/28 14:01:53.811, 2, 100, 43801
2026/08/28 14:01:53.811, 3, 100, 43801
2026/08/28 14:01:54.311, 0, 31, 43817
2026/08/28 14:01:54.311, 1, 0, 43801
2026/08/28 14:01:54.311, 2, 0, 43801
2026/08/28 14:01:54.311, 3, 0, 43801
2026/08/28 14:01:54.811, 0, 100, 43817
2026/08/28 14:01:54.811, 1, 100, 43801
2026/08/28 14:01:54.811, 2, 20, 43801
2026/08/28 14:01:54.811, 3, 44, 43801
2026/08/28 14:01:55.312, 0, 100, 43817
2026/08/28 14:01:55.312, 1, 100, 43801
2026/08/28 14:01:55.312, 2, 100, 43801
2026/08/28 14:01:55.312, 3, 100, 43801
2026/08/28 14:01:55.812, 0, 100, 43817
2026/08/28 14:01:55.812, 1, 100, 43801
2026/08/28 14:01:55.812, 2, 100, 43801
2026/08/28 14:01:55.812, 3, 100, 43801
2026/08/28 14:01:56.312, 0, 100, 43817
2026/08/28 14:01:56.312, 1, 100, 43801
2026/08/28 14:01:56.312, 2, 100, 43801
2026/08/28 14:01:56.312, 3, 100, 43801
2026/08/28 14:01:56.812, 0, 100, 43817
2026/08/28 14:01:56.812, 1, 100, 43801
2026/08/28 14:01:56.812, 2, 100, 43801
2026/08/28 14:01:56.812, 3, 100, 43801
2026/08/28 14:01:57.312, 0, 100, 43817
2026/08/28 14:01:57.312, 1, 100, 43801
2026/08/28 14:01:57.312, 2, 100, 43801
2026/08/28 14:01:57.312, 3, 100, 43801
2026/08/28 14:01:57.812, 0, 100, 43817
2026/08/28 14:01:57.812, 1, 100, 43801
2026/08/28 14:01:57.812, 2, 100, 43801
2026/08/28 14:01:57.812, 3, 100, 43801
2026/08/28 14:01:58.312, 0, 100, 43817
2026/08/28 14:01:58.313, 1, 100, 43801
2026/08/28 14:01:58.313, 2, 100, 43801
2026/08/28 14:01:58.313, 3, 100, 43801
2026/08/28 14:01:58.813, 0, 100, 43817
2026/08/28 14:01:58.813, 1, 100, 43801
2026/08/28 14:01:58.813, 2, 100, 43801
2026/08/28 14:01:58.813, 3, 100, 43801
2026/08/28 14:01:59.313, 0, 100, 43817
2026/08/28 14:01:59.313, 1, 100, 43801
2026/08/28 14:01:59.313, 2, 87, 43801
2026/08/28 14:01:59.313, 3, 64, 43801
2026/08/28 14:01:59.813, 0, 0, 43817
2026/08/28 14:01:59.813, 1, 33, 43801
2026/08/28 14:01:59.813, 2, 0, 43801
2026/08/28 14:01:59.813, 3, 0, 43801
2026/08/28 14:02:00.313, 0, 100, 43817
2026/08/28 14:02:00.313, 1, 100, 43801
2026/08/28 14:02:00.313, 2, 100, 43801
2026/08/28 14:02:00.313, 3, 100, 43801
2026/08/28 14:02:00.813, 0, 100, 43817
2026/08/28 14:02:00.813, 1, 100, 43801
2026/08/28 14:02:00.813, 2, 100, 43801
2026/08/28 14:02:00.813, 3, 100, 43801
2026/08/28 14:02:01.313, 0, 100, 43817
2026/08/28 14:02:01.314, 1, 100, 43801
2026/08/28 14:02:01.314, 2, 100, 43801
2026/08/28 14:02:01.314, 3, 100, 43801
2026/08/28 14:02:01.814, 0, 100, 43817
2026/08/28 14:02:01.814, 1, 100, 43801
2026/08/28 14:02:01.814, 2, 100, 43801
2026/08/28 14:02:01.814, 3, 100, 43801
2026/08/28 14:02:02.314, 0, 100, 43817
2026/08/28 14:02:02.314, 1, 100, 43801
2026/08/28 14:02:02.314, 2, 100, 43801
2026/08/28 14:02:02.314, 3, 100, 43801
2026/08/28 14:02:02.814, 0, 100, 43817
2026/08/28 14:02:02.814, 1, 100, 43801
2026/08/28 14:02:02.814, 2, 100, 43801
2026/08/28 14:02:02.814, 3, 100, 43801
2026/08/28 14:02:03.314, 0, 100, 43817
2026/08/28 14:02:03.314, 1, 100, 43801
2026/08/28 14:02:03.314, 2, 100, 43801
2026/08/28 14:02:03.314, 3, 100, 43801
2026/08/28 14:02:03.814, 0, 100, 43817
2026/08/28 14:02:03.814, 1, 100, 43801
2026/08/28 14:02:03.814, 2, 100, 43801
2026/08/28 14:02:03.814, 3, 100, 43801
2026/08/28 14:02:04.314, 0, 100, 43817
2026/08/28 14:02:04.315, 1, 100, 43801
2026/08/28 14:02:04.315, 2, 100, 43801
2026/08/28 14:02:04.315, 3, 100, 43801
2026/08/28 14:02:04.815, 0, 0, 43817
2026/08/28 14:02:04.815, 1, 0, 43801
2026/08/28 14:02:04.815, 2, 0, 43801
2026/08/28 14:02:04.815, 3, 0, 43801
2026/08/28 14:02:05.315, 0, 100, 43817
2026/08/28 14:02:05.315, 1, 99, 43801
2026/08/28 14:02:05.315, 2, 99, 43801
2026/08/28 14:02:05.315, 3, 99, 43801
2026/08/28 14:02:05.815, 0, 100, 43817
2026/08/28 14:02:05.815, 1, 100, 43801
2026/08/28 14:02:05.815, 2, 100, 43801
2026/08/28 14:02:05.815, 3, 100, 43801
2026/08/28 14:02:06.315, 0, 100, 43817
2026/08/28 14:02:06.315, 1, 100, 43801
2026/08/28 14:02:06.315, 2, 100, 43801
2026/08/28 14:02:06.315, 3, 100, 43801
2026/08/28 14:02:06.815, 0, 100, 43817
2026/08/28 14:02:06.815, 1, 100, 43801
2026/08/28 14:02:06.815, 2, 100, 43801
2026/08/28 14:02:06.815, 3, 100, 43801
2026/08/28 14:02:07.316, 0, 100, 43817
2026/08/28 14:02:07.316, 1, 100, 43801
2026/08/28 14:02:07.316, 2, 100, 43801
2026/08/28 14:02:07.316, 3, 100, 43801
2026/08/28 14:02:07.816, 0, 100, 43817
2026/08/28 14:02:07.816, 1, 100, 43801
2026/08/28 14:02:07.816, 2, 100, 43801
2026/08/28 14:02:07.816, 3, 100, 43801
2026/08/28 14:02:08.316, 0, 100, 43817
2026/08/28 14:02:08.316, 1, 100, 43801
2026/08/28 14:02:08.316, 2, 100, 43801
2026/08/28 14:02:08.316, 3, 100, 43801
2026/08/28 14:02:08.816, 0, 100, 43817
2026/08/28 14:02:08.816, 1, 100, 43801
2026/08/28 14:02:08.816, 2, 100, 43801
2026/08/28 14:02:08.816, 3, 100, 43801
2026/08/28 14:02:09.316, 0, 100, 43817
2026/08/28 14:02:09.316, 1, 100, 43801
2026/08/28 14:02:09.316, 2, 100, 43801
2026/08/28 14:02:09.316, 3, 100, 43801
2026/08/28 14:02:09.816, 0, 0, 43817
2026/08/28 14:02:09.816, 1, 0, 43801
2026/08/28 14:02:09.816, 2, 3, 43801
2026/08/28 14:02:09.816, 3, 0, 43801
2026/08/28 14:02:10.317, 0, 100, 43817
2026/08/28 14:02:10.317, 1, 95, 43801
2026/08/28 14:02:10.317, 2, 100, 43801
2026/08/28 14:02:10.317, 3, 100, 43801
2026/08/28 14:02:10.817, 0, 100, 43817
2026/08/28 14:02:10.817, 1, 100, 43801
2026/08/28 14:02:10.817, 2, 100, 43801
2026/08/28 14:02:10.817, 3, 100, 43801
2026/08/28 14:02:11.317, 0, 100, 43817
2026/08/28 14:02:11.317, 1, 100, 43801
2026/08/28 14:02:11.317, 2, 100, 43801
2026/08/28 14:02:11.317, 3, 100, 43801
2026/08/28 14:02:11.817, 0, 100, 43817
2026/08/28 14:02:11.817, 1, 100, 43801
2026/08/28 14:02:11.817, 2, 100, 43801
2026/08/28 14:02:11.817, 3, 100, 43801
2026/08/28 14:02:12.317, 0, 100, 43817
2026/08/28 14:02:12.317, 1, 100, 43801
2026/08/28 14:02:12.317, 2, 100, 43801
2026/08/28 14:02:12.317, 3, 100, 43801
2026/08/28 14:02:12.817, 0, 100, 43817
2026/08/28 14:02:12.817, 1, 100, 43801
2026/08/28 14:02:12.818, 2, 100, 43801
2026/08/28 14:02:12.818, 3, 100, 43801
2026/08/28 14:02:13.318, 0, 100, 43817
2026/08/28 14:02:13.318, 1, 100, 43801
2026/08/28 14:02:13.318, 2, 100, 43801
2026/08/28 14:02:13.318, 3, 100, 43801
2026/08/28 14:02:13.818, 0, 100, 43817
2026/08/28 14:02:13.818, 1, 100, 43801
2026/08/28 14:02:13.818, 2, 100, 43801
2026/08/28 14:02:13.818, 3, 100, 43801
2026/08/28 14:02:14.318, 0, 100, 43817
2026/08/28 14:02:14.318, 1, 100, 43801
2026/08/28 14:02:14.318, 2, 100, 43801
2026/08/28 14:02:14.318, 3, 100, 43801
2026/08/28 14:02:14.818, 0, 0, 43817
2026/08/28 14:02:14.818, 1, 15, 43801
2026/08/28 14:02:14.818, 2, 100, 43801
2026/08/28 14:02:14.818, 3, 100, 43801
2026/08/28 14:02:15.318, 0, 0, 43817
2026/08/28 14:02:15.318, 1, 0, 43801
2026/08/28 14:02:15.318, 2, 0, 43801
2026/08/28 14:02:15.318, 3, 0, 43801
2026/08/28 14:02:15.818, 0, 100, 43817
2026/08/28 14:02:15.818, 1, 100, 43801
2026/08/28 14:02:15.818, 2, 99, 43801
2026/08/28 14:02:15.818, 3, 100, 43801
2026/08/28 14:02:16.319, 0, 100, 43817
2026/08/28 14:02:16.319, 1, 100, 43801
2026/08/28 14:02:16.319, 2, 100, 43801
2026/08/28 14:02:16.319, 3, 100, 43801
2026/08/28 14:02:16.819, 0, 100, 43817
2026/08/28 14:02:16.819, 1, 100, 43801
2026/08/28 14:02:16.819, 2, 100, 43801
2026/08/28 14:02:16.819, 3, 100, 43801
2026/08/28 14:02:17.319, 0, 100, 43817
2026/08/28 14:02:17.319, 1, 100, 43801
2026/08/28 14:02:17.319, 2, 100, 43801
2026/08/28 14:02:17.319, 3, 100, 43801
2026/08/28 14:02:17.819, 0, 100, 43817
2026/08/28 14:02:17.819, 1, 100, 43801
2026/08/28 14:02:17.819, 2, 100, 43801
2026/08/28 14:02:17.819, 3, 100, 43801
2026/08/28 14:02:18.319, 0, 100, 43817
2026/08/28 14:02:18.319, 1, 100, 43801
2026/08/28 14:02:18.319, 2, 100, 43801
2026/08/28 14:02:18.319, 3, 100, 43801
2026/08/28 14:02:18.819, 0, 100, 43817
2026/08/28 14:02:18.819, 1, 100, 43801
2026/08/28 14:02:18.819, 2, 100, 43801
2026/08/28 14:02:18.819, 3, 100, 43801
2026/08/28 14:02:19.320, 0, 100, 43817
2026/08/28 14:02:19.320, 1, 100, 43801
2026/08/28 14:02:19.320, 2, 100, 43801
2026/08/28 14:02:19.320, 3, 100, 43801
2026/08/28 14:02:19.820, 0, 100, 43817
2026/08/28 14:02:19.820, 1, 100, 43801
2026/08/28 14:02:19.820, 2, 100, 43801
2026/08/28 14:02:19.820, 3, 100, 43801
2026/08/28 14:02:20.320, 0, 0, 43817
2026/08/28 14:02:20.320, 1, 0, 43801
2026/08/28 14:02:20.320, 2, 0, 43801
2026/08/28 14:02:20.320, 3, 0, 43801
2026/08/28 14:02:20.820, 0, 99, 43817
2026/08/28 14:02:20.820, 1, 99, 43801
2026/08/28 14:02:20.820, 2, 100, 43801
2026/08/28 14:02:20.820, 3, 100, 43801
2026/08/28 14:02:21.320, 0, 100, 43817
2026/08/28 14:02:21.320, 1, 100, 43801
2026/08/28 14:02:21.320, 2, 100, 43801
2026/08/28 14:02:21.320, 3, 100, 43801
2026/08/28 14:02:21.820, 0, 100, 43817
2026/08/28 14:02:21.820, 1, 100, 43801
2026/08/28 14:02:21.820, 2, 100, 43801
2026/08/28 14:02:21.821, 3, 100, 43801
2026/08/28 14:02:22.321, 0, 100, 43817
2026/08/28 14:02:22.321, 1, 100, 43801
2026/08/28 14:02:22.321, 2, 100, 43801
2026/08/28 14:02:22.321, 3, 100, 43801
2026/08/28 14:02:22.821, 0, 100, 43817
2026/08/28 14:02:22.821, 1, 100, 43801
2026/08/28 14:02:22.821, 2, 100, 43801
2026/08/28 14:02:22.821, 3, 100, 43801
2026/08/28 14:02:23.321, 0, 100, 43817
2026/08/28 14:02:23.321, 1, 100, 43801
2026/08/28 14:02:23.321, 2, 100, 43801
2026/08/28 14:02:23.321, 3, 100, 43801
2026/08/28 14:02:23.821, 0, 100, 43817
2026/08/28 14:02:23.821, 1, 100, 43801
2026/08/28 14:02:23.821, 2, 100, 43801
2026/08/28 14:02:23.821, 3, 100, 43801
2026/08/28 14:02:24.321, 0, 100, 43817
2026/08/28 14:02:24.321, 1, 100, 43801
2026/08/28 14:02:24.321, 2, 100, 43801
2026/08/28 14:02:24.321, 3, 100, 43801
2026/08/28 14:02:24.821, 0, 100, 43817
2026/08/28 14:02:24.821, 1, 100, 43801
2026/08/28 14:02:24.821, 2, 100, 43801
2026/08/28 14:02:24.821, 3, 100, 43801
2026/08/28 14:02:25.321, 0, 10, 43817
2026/08/28 14:02:25.321, 1, 36, 43801
2026/08/28 14:02:25.321, 2, 0, 43801
2026/08/28 14:02:25.322, 3, 0, 43801
2026/08/28 14:02:25.822, 0, 100, 43817
2026/08/28 14:02:25.822, 1, 100, 43801
2026/08/28 14:02:25.822, 2, 0, 43801
2026/08/28 14:02:25.822, 3, 0, 43801
2026/08/28 14:02:26.322, 0, 100, 43817
2026/08/28 14:02:26.322, 1, 100, 43801
2026/08/28 14:02:26.322, 2, 100, 43801
2026/08/28 14:02:26.322, 3, 100, 43801
2026/08/28 14:02:26.822, 0, 100, 43817
2026/08/28 14:02:26.822, 1, 100, 43801
2026/08/28 14:02:26.822, 2, 100, 43801
2026/08/28 14:02:26.822, 3, 100, 43801
2026/08/28 14:02:27.322, 0, 100, 43817
2026/08/28 14:02:27.322, 1, 100, 43801
2026/08/28 14:02:27.322, 2, 100, 43801
2026/08/28 14:02:27.322, 3, 100, 43801
2026/08/28 14:02:27.822, 0, 100, 43817
2026/08/28 14:02:27.822, 1, 100, 43801
2026/08/28 14:02:27.822, 2, 100, 43801
2026/08/28 14:02:27.822, 3, 100, 43801
2026/08/28 14:02:28.322, 0, 100, 43817
2026/08/28 14:02:28.323, 1, 100, 43801
2026/08/28 14:02:28.323, 2, 100, 43801
2026/08/28 14:02:28.323, 3, 100, 43801
2026/08/28 14:02:28.823, 0, 100, 43817
2026/08/28 14:02:28.823, 1, 100, 43801
2026/08/28 14:02:28.823, 2, 100, 43801
2026/08/28 14:02:28.823, 3, 100, 43801
2026/08/28 14:02:29.323, 0, 100, 43817
2026/08/28 14:02:29.323, 1, 100, 43801
2026/08/28 14:02:29.323, 2, 100, 43801
2026/08/28 14:02:29.323, 3, 100, 43801
2026/08/28 14:02:29.823, 0, 100, 43817
2026/08/28 14:02:29.823, 1, 100, 43801
2026/08/28 14:02:29.823, 2, 100, 43801
2026/08/28 14:02:29.823, 3, 100, 43801
2026/08/28 14:02:30.323, 0, 100, 43817
2026/08/28 14:02:30.323, 1, 100, 43801
2026/08/28 14:02:30.323, 2, 100, 43801
2026/08/28 14:02:30.323, 3, 100, 43801
2026/08/28 14:02:30.823, 0, 0, 43817
2026/08/28 14:02:30.823, 1, 0, 43801
2026/08/28 14:02:30.823, 2, 0, 43801
2026/08/28 14:02:30.823, 3, 0, 43801
2026/08/28 14:02:31.323, 0, 99, 43817
2026/08/28 14:02:31.323, 1, 99, 43801
2026/08/28 14:02:31.323, 2, 100, 43801
2026/08/28 14:02:31.323, 3, 100, 43801
2026/08/28 14:02:31.824, 0, 100, 43817
2026/08/28 14:02:31.824, 1, 100, 43801
2026/08/28 14:02:31.824, 2, 100, 43801
2026/08/28 14:02:31.824, 3, 100, 43801
2026/08/28 14:02:32.324, 0, 100, 43817
2026/08/28 14:02:32.324, 1, 100, 43801
2026/08/28 14:02:32.324, 2, 100, 43801
2026/08/28 14:02:32.324, 3, 100, 43801
2026/08/28 14:02:32.824, 0, 100, 43817
2026/08/28 14:02:32.824, 1, 100, 43801
2026/08/28 14:02:32.824, 2, 100, 43801
2026/08/28 14:02:32.824, 3, 100, 43801
2026/08/28 14:02:33.324, 0, 100, 43817
2026/08/28 14:02:33.324, 1, 100, 43801
2026/08/28 14:02:33.324, 2, 100, 43801
2026/08/28 14:02:33.324, 3, 100, 43801
2026/08/28 14:02:33.824, 0, 100, 43817
2026/08/28 14:02:33.824, 1, 100, 43801
2026/08/28 14:02:33.824, 2, 100, 43801
2026/08/28 14:02:33.824, 3, 100, 43801
2026/08/28 14:02:34.324, 0, 100, 43817
2026/08/28 14:02:34.324, 1, 100, 43801
2026/08/28 14:02:34.324, 2, 100, 43801
2026/08/28 14:02:34.324, 3, 100, 43801
2026/08/28 14:02:34.824, 0, 100, 43817
2026/08/28 14:02:34.824, 1, 100, 43801
2026/08/28 14:02:34.825, 2, 100, 43801
2026/08/28 14:02:34.825, 3, 100, 43801
2026/08/28 14:02:35.325, 0, 100, 43817
2026/08/28 14:02:35.325, 1, 100, 43801
2026/08/28 14:02:35.325, 2, 100, 43801
2026/08/28 14:02:35.325, 3, 100, 43801
2026/08/28 14:02:35.825, 0, 0, 43817
2026/08/28 14:02:35.825, 1, 0, 43801
2026/08/28 14:02:35.825, 2, 0, 43801
2026/08/28 14:02:35.825, 3, 0, 43801
2026/08/28 14:02:36.325, 0, 100, 43817
2026/08/28 14:02:36.325, 1, 81, 43801
2026/08/28 14:02:36.325, 2, 100, 43801
2026/08/28 14:02:36.325, 3, 100, 43801
2026/08/28 14:02:36.825, 0, 100, 43817
2026/08/28 14:02:36.825, 1, 100, 43801
2026/08/28 14:02:36.825, 2, 100, 43801
2026/08/28 14:02:36.825, 3, 100, 43801
2026/08/28 14:02:37.325, 0, 100, 43817
2026/08/28 14:02:37.325, 1, 100, 43801
2026/08/28 14:02:37.325, 2, 100, 43801
2026/08/28 14:02:37.325, 3, 100, 43801
2026/08/28 14:02:37.825, 0, 100, 43817
2026/08/28 14:02:37.825, 1, 100, 43801
2026/08/28 14:02:37.825, 2, 100, 43801
2026/08/28 14:02:37.825, 3, 100, 43801
2026/08/28 14:02:38.326, 0, 100, 43817
2026/08/28 14:02:38.326, 1, 100, 43801
2026/08/28 14:02:38.326, 2, 100, 43801
2026/08/28 14:02:38.326, 3, 100, 43801
2026/08/28 14:02:38.826, 0, 100, 43817
2026/08/28 14:02:38.826, 1, 100, 43801
2026/08/28 14:02:38.826, 2, 100, 43801
2026/08/28 14:02:38.826, 3, 100, 43801
2026/08/28 14:02:39.326, 0, 100, 43817
2026/08/28 14:02:39.326, 1, 100, 43801
2026/08/28 14:02:39.326, 2, 100, 43801
2026/08/28 14:02:39.326, 3, 100, 43801
2026/08/28 14:02:39.826, 0, 100, 43817
2026/08/28 14:02:39.826, 1, 100, 43801
2026/08/28 14:02:39.826, 2, 100, 43801
2026/08/28 14:02:39.826, 3, 100, 43801
2026/08/28 14:02:40.326, 0, 100, 43817
2026/08/28 14:02:40.326, 1, 100, 43801
2026/08/28 14:02:40.326, 2, 100, 43801
2026/08/28 14:02:40.326, 3, 100, 43801
2026/08/28 14:02:40.826, 0, 0, 43817
2026/08/28 14:02:40.826, 1, 26, 43801
2026/08/28 14:02:40.827, 2, 100, 43801
2026/08/28 14:02:40.827, 3, 100, 43801
2026/08/28 14:02:41.327, 0, 0, 43817
2026/08/28 14:02:41.327, 1, 0, 43801
2026/08/28 14:02:41.327, 2, 0, 43801
2026/08/28 14:02:41.327, 3, 0, 43801
2026/08/28 14:02:41.827, 0, 100, 43817
2026/08/28 14:02:41.827, 1, 100, 43801
2026/08/28 14:02:41.827, 2, 100, 43801
2026/08/28 14:02:41.827, 3, 100, 43801
2026/08/28 14:02:42.327, 0, 100, 43817
2026/08/28 14:02:42.327, 1, 100, 43801
2026/08/28 14:02:42.327, 2, 100, 43801
2026/08/28 14:02:42.327, 3, 100, 43801
2026/08/28 14:02:42.827, 0, 100, 43817
2026/08/28 14:02:42.827, 1, 100, 43801
2026/08/28 14:02:42.827, 2, 100, 43801
2026/08/28 14:02:42.827, 3, 100, 43801
2026/08/28 14:02:43.327, 0, 100, 43817
2026/08/28 14:02:43.327, 1, 100, 43801
2026/08/28 14:02:43.327, 2, 100, 43801
2026/08/28 14:02:43.327, 3, 100, 43801
2026/08/28 14:02:43.827, 0, 100, 43817
2026/08/28 14:02:43.828, 1, 100, 43801
2026/08/28 14:02:43.828, 2, 100, 43801
2026/08/28 14:02:43.828, 3, 100, 43801
2026/08/28 14:02:44.328, 0, 100, 43817
2026/08/28 14:02:44.328, 1, 100, 43801
2026/08/28 14:02:44.328, 2, 100, 43801
2026/08/28 14:02:44.328, 3, 100, 43801
2026/08/28 14:02:44.828, 0, 100, 43817
2026/08/28 14:02:44.828, 1, 100, 43801
2026/08/28 14:02:44.828, 2, 100, 43801
2026/08/28 14:02:44.828, 3, 100, 43801
2026/08/28 14:02:45.328, 0, 100, 43817
2026/08/28 14:02:45.328, 1, 100, 43801
2026/08/28 14:02:45.328, 2, 100, 43801
2026/08/28 14:02:45.328, 3, 100, 43801
2026/08/28 14:02:45.828, 0, 100, 43817
2026/08/28 14:02:45.828, 1, 100, 43801
2026/08/28 14:02:45.828, 2, 100, 43801
2026/08/28 14:02:45.828, 3, 100, 43801
2026/08/28 14:02:46.328, 0, 0, 43817
2026/08/28 14:02:46.328, 1, 0, 43801
2026/08/28 14:02:46.328, 2, 0, 43801
2026/08/28 14:02:46.328, 3, 0, 43801
2026/08/28 14:02:46.828, 0, 100, 43817
2026/08/28 14:02:46.829, 1, 99, 43801
2026/08/28 14:02:46.829, 2, 100, 43801
2026/08/28 14:02:46.829, 3, 100, 43801
2026/08/28 14:02:47.329, 0, 100, 43817
2026/08/28 14:02:47.329, 1, 100, 43801
2026/08/28 14:02:47.329, 2, 100, 43801
2026/08/28 14:02:47.329, 3, 100, 43801
2026/08/28 14:02:47.829, 0, 100, 43817
2026/08/28 14:02:47.829, 1, 100, 43801
2026/08/28 14:02:47.829, 2, 100, 43801
2026/08/28 14:02:47.829, 3, 100, 43801
2026/08/28 14:02:48.329, 0, 100, 43817
2026/08/28 14:02:48.329, 1, 100, 43801
2026/08/28 14:02:48.329, 2, 100, 43801
2026/08/28 14:02:48.329, 3, 100, 43801
2026/08/28 14:02:48.829, 0, 100, 43817
2026/08/28 14:02:48.829, 1, 100, 43801
2026/08/28 14:02:48.829, 2, 100, 43801
2026/08/28 14:02:48.829, 3, 100, 43801
2026/08/28 14:02:49.329, 0, 100, 43817
2026/08/28 14:02:49.329, 1, 100, 43801
2026/08/28 14:02:49.329, 2, 100, 43801
2026/08/28 14:02:49.329, 3, 100, 43801
2026/08/28 14:02:49.830, 0, 100, 43817
2026/08/28 14:02:49.830, 1, 100, 43801
2026/08/28 14:02:49.830, 2, 100, 43801
2026/08/28 14:02:49.830, 3, 100, 43801
2026/08/28 14:02:50.330, 0, 100, 43817
2026/08/28 14:02:50.330, 1, 100, 43801
2026/08/28 14:02:50.330, 2, 100, 43801
2026/08/28 14:02:50.330, 3, 100, 43801
2026/08/28 14:02:50.830, 0, 100, 43817
2026/08/28 14:02:50.830, 1, 100, 43801
2026/08/28 14:02:50.830, 2, 100, 43801
2026/08/28 14:02:50.830, 3, 100, 43801
2026/08/28 14:02:51.330, 0, 0, 43817
2026/08/28 14:02:51.330, 1, 0, 43801
2026/08/28 14:02:51.330, 2, 0, 43801
2026/08/28 14:02:51.330, 3, 0, 43801
2026/08/28 14:02:51.830, 0, 100, 43817
2026/08/28 14:02:51.830, 1, 100, 43801
2026/08/28 14:02:51.830, 2, 0, 43801
2026/08/28 14:02:51.830, 3, 0, 43801
2026/08/28 14:02:52.330, 0, 100, 43817
2026/08/28 14:02:52.330, 1, 100, 43801
2026/08/28 14:02:52.330, 2, 100, 43801
2026/08/28 14:02:52.330, 3, 100, 43801
2026/08/28 14:02:52.831, 0, 100, 43817
2026/08/28 14:02:52.831, 1, 100, 43801
2026/08/28 14:02:52.831, 2, 100, 43801
2026/08/28 14:02:52.831, 3, 100, 43801
2026/08/28 14:02:53.331, 0, 100, 43817
2026/08/28 14:02:53.331, 1, 100, 43801
2026/08/28 14:02:53.331, 2, 100, 43801
2026/08/28 14:02:53.331, 3, 100, 43801
2026/08/28 14:02:53.831, 0, 100, 43817
2026/08/28 14:02:53.831, 1, 100, 43801
2026/08/28 14:02:53.831, 2, 100, 43801
2026/08/28 14:02:53.831, 3, 100, 43801
2026/08/28 14:02:54.331, 0, 100, 43817
2026/08/28 14:02:54.331, 1, 100, 43801
2026/08/28 14:02:54.331, 2, 100, 43801
2026/08/28 14:02:54.331, 3, 100, 43801
2026/08/28 14:02:54.831, 0, 100, 43817
2026/08/28 14:02:54.831, 1, 100, 43801
2026/08/28 14:02:54.831, 2, 100, 43801
2026/08/28 14:02:54.831, 3, 100, 43801
2026/08/28 14:02:55.331, 0, 100, 43817
2026/08/28 14:02:55.331, 1, 100, 43801
2026/08/28 14:02:55.331, 2, 100, 43801
2026/08/28 14:02:55.331, 3, 100, 43801
2026/08/28 14:02:55.831, 0, 100, 43817
2026/08/28 14:02:55.832, 1, 100, 43801
2026/08/28 14:02:55.832, 2, 100, 43801
2026/08/28 14:02:55.832, 3, 100, 43801
2026/08/28 14:02:56.332, 0, 100, 43817
2026/08/28 14:02:56.332, 1, 100, 43801
2026/08/28 14:02:56.332, 2, 100, 43801
2026/08/28 14:02:56.332, 3, 100, 43801
2026/08/28 14:02:56.832, 0, 0, 43817
2026/08/28 14:02:56.832, 1, 0, 43801
2026/08/28 14:02:56.832, 2, 0, 43801
2026/08/28 14:02:56.832, 3, 0, 43801
2026/08/28 14:02:57.332, 0, 100, 43817
2026/08/28 14:02:57.332, 1, 100, 43801
2026/08/28 14:02:57.332, 2, 100, 43801
2026/08/28 14:02:57.332, 3, 100, 43801
2026/08/28 14:02:57.832, 0, 100, 43817
2026/08/28 14:02:57.832, 1, 100, 43801
2026/08/28 14:02:57.832, 2, 100, 43801
2026/08/28 14:02:57.832, 3, 100, 43801
2026/08/28 14:02:58.332, 0, 100, 43817
2026/08/28 14:02:58.332, 1, 100, 43801
2026/08/28 14:02:58.332, 2, 100, 43801
2026/08/28 14:02:58.332, 3, 100, 43801
2026/08/28 14:02:58.832, 0, 100, 43817
2026/08/28 14:02:58.832, 1, 100, 43801
2026/08/28 14:02:58.833, 2, 100, 43801
2026/08/28 14:02:58.833, 3, 100, 43801
2026/08/28 14:02:59.333, 0, 100, 43817
2026/08/28 14:02:59.333, 1, 100, 43801
2026/08/28 14:02:59.333, 2, 100, 43801
2026/08/28 14:02:59.333, 3, 100, 43801
2026/08/28 14:02:59.833, 0, 100, 43817
2026/08/28 14:02:59.833, 1, 100, 43801
2026/08/28 14:02:59.833, 2, 100, 43801
2026/08/28 14:02:59.833, 3, 100, 43801
2026/08/28 14:03:00.333, 0, 100, 43817
2026/08/28 14:03:00.333, 1, 100, 43801
2026/08/28 14:03:00.333, 2, 100, 43801
2026/08/28 14:03:00.333, 3, 100, 43801
2026/08/28 14:03:00.833, 0, 100, 43817
2026/08/28 14:03:00.833, 1, 100, 43801
2026/08/28 14:03:00.833, 2, 100, 43801
2026/08/28 14:03:00.833, 3, 100, 43801
2026/08/28 14:03:01.333, 0, 100, 43817
2026/08/28 14:03:01.333, 1, 100, 43801
2026/08/28 14:03:01.333, 2, 100, 43801
2026/08/28 14:03:01.333, 3, 100, 43801
2026/08/28 14:03:01.833, 0, 0, 43817
2026/08/28 14:03:01.833, 1, 0, 43801
2026/08/28 14:03:01.833, 2, 0, 43801
2026/08/28 14:03:01.833, 3, 0, 43801
2026/08/28 14:03:02.333, 0, 100, 43817
2026/08/28 14:03:02.334, 1, 100, 43801
2026/08/28 14:03:02.334, 2, 100, 43801
2026/08/28 14:03:02.334, 3, 100, 43801
2026/08/28 14:03:02.834, 0, 100, 43817
2026/08/28 14:03:02.834, 1, 100, 43801
2026/08/28 14:03:02.834, 2, 100, 43801
2026/08/28 14:03:02.834, 3, 100, 43801
2026/08/28 14:03:03.334, 0, 100, 43817
2026/08/28 14:03:03.334, 1, 100, 43801
2026/08/28 14:03:03.334, 2, 100, 43801
2026/08/28 14:03:03.334, 3, 100, 43801
2026/08/28 14:03:03.834, 0, 100, 43817
2026/08/28 14:03:03.834, 1, 100, 43801
2026/08/28 14:03:03.834, 2, 100, 43801
2026/08/28 14:03:03.834, 3, 100, 43801
2026/08/28 14:03:04.334, 0, 100, 43817
2026/08/28 14:03:04.334, 1, 100, 43801
2026/08/28 14:03:04.334, 2, 100, 43801
2026/08/28 14:03:04.334, 3, 100, 43801
2026/08/28 14:03:04.834, 0, 100, 43817
2026/08/28 14:03:04.834, 1, 100, 43801
2026/08/28 14:03:04.834, 2, 100, 43801
2026/08/28 14:03:04.834, 3, 100, 43801
2026/08/28 14:03:05.334, 0, 100, 43817
2026/08/28 14:03:05.334, 1, 100, 43801
2026/08/28 14:03:05.334, 2, 100, 43801
2026/08/28 14:03:05.334, 3, 100, 43801
2026/08/28 14:03:05.834, 0, 100, 43817
2026/08/28 14:03:05.835, 1, 100, 43801
2026/08/28 14:03:05.835, 2, 100, 43801
2026/08/28 14:03:05.835, 3, 100, 43801
2026/08/28 14:03:06.335, 0, 100, 43817
2026/08/28 14:03:06.335, 1, 100, 43801
2026/08/28 14:03:06.335, 2, 100, 43801
2026/08/28 14:03:06.335, 3, 100, 43801
2026/08/28 14:03:06.835, 0, 0, 43817
2026/08/28 14:03:06.835, 1, 0, 43801
2026/08/28 14:03:06.835, 2, 96, 43801
2026/08/28 14:03:06.835, 3, 72, 43801
2026/08/28 14:03:07.335, 0, 8, 43817
2026/08/28 14:03:07.335, 1, 2, 43801
2026/08/28 14:03:07.335, 2, 11, 43801
2026/08/28 14:03:07.335, 3, 7, 43801
2026/08/28 14:03:07.835, 0, 100, 43817
2026/08/28 14:03:07.835, 1, 100, 43801
2026/08/28 14:03:07.835, 2, 100, 43801
2026/08/28 14:03:07.835, 3, 100, 43801
2026/08/28 14:03:08.335, 0, 100, 43817
2026/08/28 14:03:08.335, 1, 100, 43801
2026/08/28 14:03:08.335, 2, 100, 43801
2026/08/28 14:03:08.335, 3, 100, 43801
2026/08/28 14:03:08.835, 0, 100, 43817
2026/08/28 14:03:08.835, 1, 100, 43801
2026/08/28 14:03:08.835, 2, 100, 43801
2026/08/28 14:03:08.835, 3, 100, 43801
2026/08/28 14:03:09.336, 0, 100, 43817
2026/08/28 14:03:09.336, 1, 100, 43801
2026/08/28 14:03:09.336, 2, 100, 43801
2026/08/28 14:03:09.336, 3, 100, 43801
2026/08/28 14:03:09.836, 0, 100, 43817
2026/08/28 14:03:09.836, 1, 100, 43801
2026/08/28 14:03:09.836, 2, 100, 43801
2026/08/28 14:03:09.836, 3, 100, 43801
2026/08/28 14:03:10.336, 0, 100, 43817
2026/08/28 14:03:10.336, 1, 100, 43801
2026/08/28 14:03:10.336, 2, 100, 43801
2026/08/28 14:03:10.336, 3, 100, 43801
2026/08/28 14:03:10.836, 0, 100, 43817
2026/08/28 14:03:10.836, 1, 100, 43801
2026/08/28 14:03:10.836, 2, 100, 43801
2026/08/28 14:03:10.836, 3, 100, 43801
2026/08/28 14:03:11.336, 0, 100, 43817
2026/08/28 14:03:11.336, 1, 100, 43801
2026/08/28 14:03:11.336, 2, 100, 43801
2026/08/28 14:03:11.336, 3, 100, 43801
2026/08/28 14:03:11.836, 0, 100, 43817
2026/08/28 14:03:11.836, 1, 100, 43801
2026/08/28 14:03:11.836, 2, 100, 43801
2026/08/28 14:03:11.836, 3, 100, 43801
2026/08/28 14:03:12.336, 0, 0, 43817
2026/08/28 14:03:12.337, 1, 0, 43801
2026/08/28 14:03:12.337, 2, 0, 43801
2026/08/28 14:03:12.337, 3, 0, 43801
2026/08/28 14:03:12.837, 0, 100, 43817
2026/08/28 14:03:12.837, 1, 100, 43801
2026/08/28 14:03:12.837, 2, 100, 43801
2026/08/28 14:03:12.837, 3, 100, 43801
2026/08/28 14:03:13.337, 0, 100, 43817
2026/08/28 14:03:13.337, 1, 100, 43801
2026/08/28 14:03:13.337, 2, 100, 43801
2026/08/28 14:03:13.337, 3, 100, 43801
2026/08/28 14:03:13.837, 0, 100, 43817
2026/08/28 14:03:13.837, 1, 100, 43801
2026/08/28 14:03:13.837, 2, 100, 43801
2026/08/28 14:03:13.837, 3, 100, 43801
2026/08/28 14:03:14.337, 0, 100, 43817
2026/08/28 14:03:14.337, 1, 100, 43801
2026/08/28 14:03:14.337, 2, 100, 43801
2026/08/28 14:03:14.337, 3, 100, 43801
2026/08/28 14:03:14.837, 0, 100, 43817
2026/08/28 14:03:14.837, 1, 100, 43801
2026/08/28 14:03:14.837, 2, 100, 43801
2026/08/28 14:03:14.837, 3, 100, 43801
2026/08/28 14:03:15.338, 0, 100, 43817
2026/08/28 14:03:15.338, 1, 100, 43801
2026/08/28 14:03:15.338, 2, 100, 43801
2026/08/28 14:03:15.338, 3, 100, 43801
2026/08/28 14:03:15.838, 0, 100, 43817
2026/08/28 14:03:15.838, 1, 100, 43801
2026/08/28 14:03:15.838, 2, 100, 43801
2026/08/28 14:03:15.838, 3, 100, 43801
2026/08/28 14:03:16.338, 0, 100, 43817
2026/08/28 14:03:16.338, 1, 100, 43801
2026/08/28 14:03:16.338, 2, 100, 43801
2026/08/28 14:03:16.338, 3, 100, 43801
2026/08/28 14:03:16.838, 0, 100, 43817
2026/08/28 14:03:16.838, 1, 100, 43801
2026/08/28 14:03:16.838, 2, 100, 43801
2026/08/28 14:03:16.838, 3, 100, 43801
2026/08/28 14:03:17.338, 0, 0, 43817
2026/08/28 14:03:17.338, 1, 0, 43801
2026/08/28 14:03:17.338, 2, 0, 43801
2026/08/28 14:03:17.338, 3, 0, 43801
2026/08/28 14:03:17.838, 0, 100, 43817
2026/08/28 14:03:17.838, 1, 100, 43801
2026/08/28 14:03:17.838, 2, 100, 43801
2026/08/28 14:03:17.838, 3, 70, 43801
2026/08/28 14:03:18.339, 0, 100, 43817
2026/08/28 14:03:18.339, 1, 100, 43801
2026/08/28 14:03:18.339, 2, 100, 43801
2026/08/28 14:03:18.339, 3, 100, 43801
2026/08/28 14:03:18.839, 0, 100, 43817
2026/08/28 14:03:18.839, 1, 100, 43801
2026/08/28 14:03:18.839, 2, 100, 43801
2026/08/28 14:03:18.839, 3, 100, 43801
2026/08/28 14:03:19.339, 0, 100, 43817
2026/08/28 14:03:19.339, 1, 100, 43801
2026/08/28 14:03:19.339, 2, 100, 43801
2026/08/28 14:03:19.339, 3, 100, 43801
2026/08/28 14:03:19.839, 0, 100, 43817
2026/08/28 14:03:19.839, 1, 100, 43801
2026/08/28 14:03:19.839, 2, 100, 43801
2026/08/28 14:03:19.839, 3, 100, 43801
2026/08/28 14:03:20.339, 0, 100, 43817
2026/08/28 14:03:20.339, 1, 100, 43801
2026/08/28 14:03:20.339, 2, 100, 43801
2026/08/28 14:03:20.339, 3, 100, 43801
2026/08/28 14:03:20.839, 0, 100, 43817
2026/08/28 14:03:20.839, 1, 100, 43801
2026/08/28 14:03:20.839, 2, 100, 43801
2026/08/28 14:03:20.839, 3, 100, 43801
2026/08/28 14:03:21.340, 0, 100, 43817
2026/08/28 14:03:21.340, 1, 100, 43801
2026/08/28 14:03:21.340, 2, 100, 43801
2026/08/28 14:03:21.340, 3, 100, 43801
2026/08/28 14:03:21.840, 0, 100, 43817
2026/08/28 14:03:21.840, 1, 100, 43801
2026/08/28 14:03:21.840, 2, 100, 43801
2026/08/28 14:03:21.840, 3, 100, 43801
2026/08/28 14:03:22.340, 0, 60, 43817
2026/08/28 14:03:22.340, 1, 83, 43801
2026/08/28 14:03:22.340, 2, 0, 43801
2026/08/28 14:03:22.340, 3, 30, 43801
2026/08/28 14:03:22.840, 0, 31, 43817
2026/08/28 14:03:22.840, 1, 8, 43801
2026/08/28 14:03:22.840, 2, 0, 43801
2026/08/28 14:03:22.840, 3, 0, 43801
2026/08/28 14:03:23.340, 0, 100, 43817
2026/08/28 14:03:23.340, 1, 100, 43801
2026/08/28 14:03:23.340, 2, 100, 43801
2026/08/28 14:03:23.340, 3, 100, 43801
2026/08/28 14:03:23.841, 0, 100, 43817
2026/08/28 14:03:23.841, 1, 100, 43801
2026/08/28 14:03:23.841, 2, 100, 43801
2026/08/28 14:03:23.841, 3, 100, 43801
2026/08/28 14:03:24.341, 0, 100, 43817
2026/08/28 14:03:24.341, 1, 100, 43801
2026/08/28 14:03:24.341, 2, 100, 43801
2026/08/28 14:03:24.341, 3, 100, 43801
2026/08/28 14:03:24.841, 0, 100, 43817
2026/08/28 14:03:24.841, 1, 100, 43801
2026/08/28 14:03:24.841, 2, 100, 43801
2026/08/28 14:03:24.841, 3, 100, 43801
2026/08/28 14:03:25.341, 0, 100, 43817
2026/08/28 14:03:25.341, 1, 100, 43801
2026/08/28 14:03:25.341, 2, 100, 43801
2026/08/28 14:03:25.341, 3, 100, 43801
2026/08/28 14:03:25.841, 0, 100, 43817
2026/08/28 14:03:25.841, 1, 100, 43801
2026/08/28 14:03:25.841, 2, 100, 43801
2026/08/28 14:03:25.841, 3, 100, 43801
2026/08/28 14:03:26.341, 0, 100, 43817
2026/08/28 14:03:26.341, 1, 100, 43801
2026/08/28 14:03:26.341, 2, 100, 43801
2026/08/28 14:03:26.341, 3, 100, 43801
2026/08/28 14:03:26.842, 0, 100, 43817
2026/08/28 14:03:26.842, 1, 100, 43801
2026/08/28 14:03:26.842, 2, 100, 43801
2026/08/28 14:03:26.842, 3, 100, 43801
2026/08/28 14:03:27.342, 0, 100, 43817
2026/08/28 14:03:27.342, 1, 100, 43801
2026/08/28 14:03:27.342, 2, 100, 43801
2026/08/28 14:03:27.342, 3, 100, 43801
2026/08/28 14:03:27.842, 0, 0, 43817
2026/08/28 14:03:27.842, 1, 0, 43801
2026/08/28 14:03:27.842, 2, 0, 43801
2026/08/28 14:03:27.842, 3, 0, 43801
2026/08/28 14:03:28.342, 0, 100, 43817
2026/08/28 14:03:28.342, 1, 100, 43801
2026/08/28 14:03:28.342, 2, 100, 43801
2026/08/28 14:03:28.342, 3, 100, 43801
2026/08/28 14:03:28.842, 0, 100, 43817
2026/08/28 14:03:28.842, 1, 100, 43801
2026/08/28 14:03:28.842, 2, 100, 43801
2026/08/28 14:03:28.842, 3, 100, 43801
2026/08/28 14:03:29.342, 0, 100, 43817
2026/08/28 14:03:29.342, 1, 100, 43801
2026/08/28 14:03:29.342, 2, 100, 43801
2026/08/28 14:03:29.342, 3, 100, 43801
2026/08/28 14:03:29.843, 0, 100, 43817
2026/08/28 14:03:29.843, 1, 100, 43801
2026/08/28 14:03:29.843, 2, 100, 43801
2026/08/28 14:03:29.843, 3, 100, 43801
2026/08/28 14:03:30.343, 0, 100, 43817
2026/08/28 14:03:30.343, 1, 100, 43801
2026/08/28 14:03:30.343, 2, 100, 43801
2026/08/28 14:03:30.343, 3, 100, 43801
2026/08/28 14:03:30.843, 0, 100, 43817
2026/08/28 14:03:30.843, 1, 100, 43801
2026/08/28 14:03:30.843, 2, 100, 43801
2026/08/28 14:03:30.843, 3, 100, 43801
2026/08/28 14:03:31.343, 0, 100, 43817
2026/08/28 14:03:31.343, 1, 100, 43801
2026/08/28 14:03:31.343, 2, 100, 43801
2026/08/28 14:03:31.343, 3, 100, 43801
2026/08/28 14:03:31.843, 0, 100, 43817
2026/08/28 14:03:31.843, 1, 100, 43801
2026/08/28 14:03:31.843, 2, 100, 43801
2026/08/28 14:03:31.843, 3, 100, 43801
2026/08/28 14:03:32.343, 0, 100, 43817
2026/08/28 14:03:32.343, 1, 100, 43801
2026/08/28 14:03:32.343, 2, 100, 43801
2026/08/28 14:03:32.343, 3, 100, 43801
2026/08/28 14:03:32.843, 0, 0, 43817
2026/08/28 14:03:32.844, 1, 0, 43801
2026/08/28 14:03:32.844, 2, 0, 43801
2026/08/28 14:03:32.844, 3, 32, 43801
2026/08/28 14:03:33.344, 0, 91, 43817
2026/08/28 14:03:33.344, 1, 67, 43801
2026/08/28 14:03:33.344, 2, 100, 43801
2026/08/28 14:03:33.344, 3, 100, 43801
2026/08/28 14:03:33.844, 0, 100, 43817
2026/08/28 14:03:33.844, 1, 100, 43801
2026/08/28 14:03:33.844, 2, 100, 43801
2026/08/28 14:03:33.844, 3, 100, 43801
2026/08/28 14:03:34.344, 0, 100, 43817
2026/08/28 14:03:34.344, 1, 100, 43801
2026/08/28 14:03:34.344, 2, 100, 43801
2026/08/28 14:03:34.344, 3, 100, 43801
2026/08/28 14:03:34.844, 0, 100, 43817
2026/08/28 14:03:34.844, 1, 100, 43801
2026/08/28 14:03:34.844, 2, 100, 43801
2026/08/28 14:03:34.844, 3, 100, 43801
2026/08/28 14:03:35.344, 0, 100, 43817
2026/08/28 14:03:35.344, 1, 100, 43801
2026/08/28 14:03:35.344, 2, 100, 43801
2026/08/28 14:03:35.344, 3, 100, 43801
2026/08/28 14:03:35.844, 0, 100, 43817
2026/08/28 14:03:35.844, 1, 100, 43801
2026/08/28 14:03:35.844, 2, 100, 43801
2026/08/28 14:03:35.845, 3, 100, 43801
2026/08/28 14:03:36.345, 0, 100, 43817
2026/08/28 14:03:36.345, 1, 100, 43801
2026/08/28 14:03:36.345, 2, 100, 43801
2026/08/28 14:03:36.345, 3, 100, 43801
2026/08/28 14:03:36.845, 0, 100, 43817
2026/08/28 14:03:36.845, 1, 100, 43801
2026/08/28 14:03:36.845, 2, 100, 43801
2026/08/28 14:03:36.845, 3, 100, 43801
2026/08/28 14:03:37.345, 0, 100, 43817
2026/08/28 14:03:37.345, 1, 100, 43801
2026/08/28 14:03:37.345, 2, 100, 43801
2026/08/28 14:03:37.345, 3, 100, 43801
2026/08/28 14:03:37.845, 0, 21, 43817
2026/08/28 14:03:37.845, 1, 46, 43801
2026/08/28 14:03:37.845, 2, 100, 43801
2026/08/28 14:03:37.845, 3, 100, 43801
2026/08/28 14:03:38.345, 0, 0, 43817
2026/08/28 14:03:38.345, 1, 0, 43801
2026/08/28 14:03:38.345, 2, 1, 43801
2026/08/28 14:03:38.345, 3, 0, 43801
2026/08/28 14:03:38.846, 0, 100, 43817
2026/08/28 14:03:38.846, 1, 100, 43801
2026/08/28 14:03:38.846, 2, 100, 43801
2026/08/28 14:03:38.846, 3, 100, 43801
2026/08/28 14:03:39.346, 0, 100, 43817
2026/08/28 14:03:39.346, 1, 100, 43801
2026/08/28 14:03:39.346, 2, 100, 43801
2026/08/28 14:03:39.346, 3, 100, 43801
2026/08/28 14:03:39.846, 0, 100, 43817
2026/08/28 14:03:39.846, 1, 100, 43801
2026/08/28 14:03:39.846, 2, 100, 43801
2026/08/28 14:03:39.846, 3, 100, 43801
2026/08/28 14:03:40.346, 0, 100, 43817
2026/08/28 14:03:40.346, 1, 100, 43801
2026/08/28 14:03:40.346, 2, 100, 43801
2026/08/28 14:03:40.346, 3, 100, 43801
2026/08/28 14:03:40.846, 0, 100, 43817
2026/08/28 14:03:40.846, 1, 100, 43801
2026/08/28 14:03:40.846, 2, 100, 43801
2026/08/28 14:03:40.846, 3, 100, 43801
2026/08/28 14:03:41.346, 0, 100, 43817
2026/08/28 14:03:41.346, 1, 100, 43801
2026/08/28 14:03:41.346, 2, 100, 43801
2026/08/28 14:03:41.346, 3, 100, 43801
2026/08/28 14:03:41.847, 0, 100, 43817
2026/08/28 14:03:41.847, 1, 100, 43801
2026/08/28 14:03:41.847, 2, 100, 43801
2026/08/28 14:03:41.847, 3, 100, 43801
2026/08/28 14:03:42.347, 0, 100, 43817
2026/08/28 14:03:42.347, 1, 100, 43801
2026/08/28 14:03:42.347, 2, 100, 43801
2026/08/28 14:03:42.347, 3, 100, 43801
2026/08/28 14:03:42.847, 0, 100, 43817
2026/08/28 14:03:42.847, 1, 100, 43801
2026/08/28 14:03:42.847, 2, 100, 43801
2026/08/28 14:03:42.847, 3, 100, 43801
2026/08/28 14:03:43.347, 0, 0, 43817
2026/08/28 14:03:43.347, 1, 0, 43801
2026/08/28 14:03:43.347, 2, 0, 43801
2026/08/28 14:03:43.347, 3, 0, 43801
2026/08/28 14:03:43.847, 0, 99, 43817
2026/08/28 14:03:43.847, 1, 100, 43801
2026/08/28 14:03:43.847, 2, 100, 43801
2026/08/28 14:03:43.847, 3, 100, 43801
2026/08/28 14:03:44.347, 0, 100, 43817
2026/08/28 14:03:44.347, 1, 100, 43801
2026/08/28 14:03:44.347, 2, 100, 43801
2026/08/28 14:03:44.347, 3, 100, 43801
2026/08/28 14:03:44.848, 0, 100, 43817
2026/08/28 14:03:44.848, 1, 100, 43801
2026/08/28 14:03:44.848, 2, 100, 43801
2026/08/28 14:03:44.848, 3, 100, 43801
2026/08/28 14:03:45.348, 0, 100, 43817
2026/08/28 14:03:45.348, 1, 100, 43801
2026/08/28 14:03:45.348, 2, 100, 43801
2026/08/28 14:03:45.348, 3, 100, 43801
2026/08/28 14:03:45.848, 0, 100, 43817
2026/08/28 14:03:45.848, 1, 100, 43801
2026/08/28 14:03:45.848, 2, 100, 43801
2026/08/28 14:03:45.848, 3, 100, 43801
2026/08/28 14:03:46.348, 0, 100, 43817
2026/08/28 14:03:46.348, 1, 100, 43801
2026/08/28 14:03:46.348, 2, 100, 43801
2026/08/28 14:03:46.348, 3, 100, 43801
2026/08/28 14:03:46.848, 0, 100, 43817
2026/08/28 14:03:46.848, 1, 100, 43801
2026/08/28 14:03:46.848, 2, 100, 43801
2026/08/28 14:03:46.848, 3, 100, 43801
2026/08/28 14:03:47.348, 0, 100, 43817
2026/08/28 14:03:47.348, 1, 100, 43801
2026/08/28 14:03:47.348, 2, 100, 43801
2026/08/28 14:03:47.348, 3, 100, 43801
2026/08/28 14:03:47.848, 0, 100, 43817
2026/08/28 14:03:47.848, 1, 100, 43801
2026/08/28 14:03:47.849, 2, 100, 43801
2026/08/28 14:03:47.849, 3, 100, 43801
2026/08/28 14:03:48.349, 0, 0, 43817
2026/08/28 14:03:48.349, 1, 0, 43801
2026/08/28 14:03:48.349, 2, 0, 43801
2026/08/28 14:03:48.349, 3, 0, 43801
2026/08/28 14:03:48.849, 0, 100, 43817
2026/08/28 14:03:48.849, 1, 100, 43801
2026/08/28 14:03:48.849, 2, 63, 43801
2026/08/28 14:03:48.849, 3, 85, 43801
2026/08/28 14:03:49.349, 0, 100, 43817
2026/08/28 14:03:49.349, 1, 100, 43801
2026/08/28 14:03:49.349, 2, 100, 43801
2026/08/28 14:03:49.349, 3, 100, 43801
2026/08/28 14:03:49.849, 0, 100, 43817
2026/08/28 14:03:49.849, 1, 100, 43801
2026/08/28 14:03:49.849, 2, 100, 43801
2026/08/28 14:03:49.849, 3, 100, 43801
2026/08/28 14:03:50.349, 0, 100, 43817
2026/08/28 14:03:50.349, 1, 100, 43801
2026/08/28 14:03:50.349, 2, 100, 43801
2026/08/28 14:03:50.349, 3, 100, 43801
2026/08/28 14:03:50.849, 0, 100, 43817
2026/08/28 14:03:50.849, 1, 100, 43801
2026/08/28 14:03:50.849, 2, 100, 43801
2026/08/28 14:03:50.849, 3, 100, 43801
2026/08/28 14:03:51.349, 0, 100, 43817
2026/08/28 14:03:51.350, 1, 100, 43801
2026/08/28 14:03:51.350, 2, 100, 43801
2026/08/28 14:03:51.350, 3, 100, 43801
2026/08/28 14:03:51.850, 0, 100, 43817
2026/08/28 14:03:51.850, 1, 100, 43801
2026/08/28 14:03:51.850, 2, 100, 43801
2026/08/28 14:03:51.850, 3, 100, 43801
2026/08/28 14:03:52.350, 0, 100, 43817
2026/08/28 14:03:52.350, 1, 100, 43801
2026/08/28 14:03:52.350, 2, 100, 43801
2026/08/28 14:03:52.350, 3, 100, 43801
2026/08/28 14:03:52.850, 0, 100, 43817
2026/08/28 14:03:52.850, 1, 100, 43801
2026/08/28 14:03:52.850, 2, 100, 43801
2026/08/28 14:03:52.850, 3, 100, 43801
2026/08/28 14:03:53.350, 0, 100, 43817
2026/08/28 14:03:53.350, 1, 74, 43801
2026/08/28 14:03:53.350, 2, 43, 43801
2026/08/28 14:03:53.350, 3, 21, 43801
2026/08/28 14:03:53.850, 0, 1, 43817
2026/08/28 14:03:53.850, 1, 74, 43801
2026/08/28 14:03:53.850, 2, 0, 43801
2026/08/28 14:03:53.850, 3, 0, 43801
2026/08/28 14:03:54.350, 0, 100, 43817
2026/08/28 14:03:54.350, 1, 100, 43801
2026/08/28 14:03:54.350, 2, 100, 43801
2026/08/28 14:03:54.350, 3, 100, 43801
2026/08/28 14:03:54.851, 0, 100, 43817
2026/08/28 14:03:54.851, 1, 100, 43801
2026/08/28 14:03:54.851, 2, 100, 43801
2026/08/28 14:03:54.851, 3, 100, 43801
2026/08/28 14:03:55.351, 0, 100, 43817
2026/08/28 14:03:55.351, 1, 100, 43801
2026/08/28 14:03:55.351, 2, 100, 43801
2026/08/28 14:03:55.351, 3, 100, 43801
2026/08/28 14:03:55.851, 0, 100, 43817
2026/08/28 14:03:55.851, 1, 100, 43801
2026/08/28 14:03:55.851, 2, 100, 43801
2026/08/28 14:03:55.851, 3, 100, 43801
2026/08/28 14:03:56.351, 0, 100, 43817
2026/08/28 14:03:56.351, 1, 100, 43801
2026/08/28 14:03:56.351, 2, 100, 43801
2026/08/28 14:03:56.351, 3, 100, 43801
2026/08/28 14:03:56.851, 0, 100, 43817
2026/08/28 14:03:56.851, 1, 100, 43801
2026/08/28 14:03:56.851, 2, 100, 43801
2026/08/28 14:03:56.851, 3, 100, 43801
2026/08/28 14:03:57.351, 0, 100, 43817
2026/08/28 14:03:57.351, 1, 100, 43801
2026/08/28 14:03:57.351, 2, 100, 43801
2026/08/28 14:03:57.352, 3, 100, 43801
2026/08/28 14:03:57.852, 0, 100, 43817
2026/08/28 14:03:57.852, 1, 100, 43801
2026/08/28 14:03:57.852, 2, 100, 43801
2026/08/28 14:03:57.852, 3, 100, 43801
2026/08/28 14:03:58.352, 0, 100, 43817
2026/08/28 14:03:58.352, 1, 100, 43801
2026/08/28 14:03:58.352, 2, 100, 43801
2026/08/28 14:03:58.352, 3, 100, 43801
2026/08/28 14:03:58.852, 0, 0, 43817
2026/08/28 14:03:58.852, 1, 0, 43801
2026/08/28 14:03:58.852, 2, 0, 43801
2026/08/28 14:03:58.852, 3, 0, 43801
2026/08/28 14:03:59.352, 0, 77, 43817
2026/08/28 14:03:59.352, 1, 100, 43801
2026/08/28 14:03:59.352, 2, 100, 43801
2026/08/28 14:03:59.352, 3, 100, 43801
2026/08/28 14:03:59.852, 0, 100, 43817
2026/08/28 14:03:59.852, 1, 100, 43801
2026/08/28 14:03:59.852, 2, 100, 43801
2026/08/28 14:03:59.852, 3, 100, 43801
2026/08/28 14:04:00.352, 0, 100, 43817
2026/08/28 14:04:00.353, 1, 100, 43801
2026/08/28 14:04:00.353, 2, 100, 43801
2026/08/28 14:04:00.353, 3, 100, 43801
2026/08/28 14:04:00.853, 0, 100, 43817
2026/08/28 14:04:00.853, 1, 100, 43801
2026/08/28 14:04:00.853, 2, 100, 43801
2026/08/28 14:04:00.853, 3, 100, 43801
2026/08/28 14:04:01.353, 0, 100, 43817
2026/08/28 14:04:01.353, 1, 100, 43801
2026/08/28 14:04:01.353, 2, 100, 43801
2026/08/28 14:04:01.353, 3, 100, 43801
2026/08/28 14:04:01.853, 0, 100, 43817
2026/08/28 14:04:01.853, 1, 100, 43801
2026/08/28 14:04:01.853, 2, 100, 43801
2026/08/28 14:04:01.853, 3, 100, 43801
2026/08/28 14:04:02.353, 0, 100, 43817
2026/08/28 14:04:02.353, 1, 100, 43801
2026/08/28 14:04:02.353, 2, 100, 43801
2026/08/28 14:04:02.353, 3, 100, 43801
2026/08/28 14:04:02.853, 0, 100, 43817
2026/08/28 14:04:02.853, 1, 100, 43801
2026/08/28 14:04:02.853, 2, 100, 43801
2026/08/28 14:04:02.853, 3, 100, 43801
2026/08/28 14:04:03.353, 0, 100, 43817
2026/08/28 14:04:03.353, 1, 100, 43801
2026/08/28 14:04:03.353, 2, 100, 43801
2026/08/28 14:04:03.353, 3, 100, 43801
2026/08/28 14:04:03.853, 0, 29, 43817
2026/08/28 14:04:03.853, 1, 0, 43801
2026/08/28 14:04:03.853, 2, 100, 43801
2026/08/28 14:04:03.853, 3, 100, 43801
2026/08/28 14:04:04.354, 0, 0, 43817
2026/08/28 14:04:04.354, 1, 0, 43801
2026/08/28 14:04:04.354, 2, 22, 43801
2026/08/28 14:04:04.354, 3, 43, 43801
2026/08/28 14:04:04.854, 0, 100, 43817
2026/08/28 14:04:04.854, 1, 100, 43801
2026/08/28 14:04:04.854, 2, 100, 43801
2026/08/28 14:04:04.854, 3, 100, 43801
2026/08/28 14:04:05.354, 0, 100, 43817
2026/08/28 14:04:05.354, 1, 100, 43801
2026/08/28 14:04:05.354, 2, 100, 43801
2026/08/28 14:04:05.354, 3, 100, 43801
2026/08/28 14:04:05.854, 0, 100, 43817
2026/08/28 14:04:05.854, 1, 100, 43801
2026/08/28 14:04:05.854, 2, 100, 43801
2026/08/28 14:04:05.854, 3, 100, 43801
2026/08/28 14:04:06.354, 0, 100, 43817
2026/08/28 14:04:06.354, 1, 100, 43801
2026/08/28 14:04:06.354, 2, 100, 43801
2026/08/28 14:04:06.354, 3, 100, 43801
2026/08/28 14:04:06.854, 0, 100, 43817
2026/08/28 14:04:06.854, 1, 100, 43801
2026/08/28 14:04:06.854, 2, 100, 43801
2026/08/28 14:04:06.854, 3, 100, 43801
2026/08/28 14:04:07.354, 0, 100, 43817
2026/08/28 14:04:07.354, 1, 100, 43801
2026/08/28 14:04:07.354, 2, 100, 43801
2026/08/28 14:04:07.354, 3, 100, 43801
2026/08/28 14:04:07.855, 0, 100, 43817
2026/08/28 14:04:07.855, 1, 100, 43801
2026/08/28 14:04:07.855, 2, 100, 43801
2026/08/28 14:04:07.855, 3, 100, 43801
2026/08/28 14:04:08.355, 0, 100, 43817
2026/08/28 14:04:08.355, 1, 100, 43801
2026/08/28 14:04:08.355, 2, 100, 43801
2026/08/28 14:04:08.355, 3, 100, 43801
2026/08/28 14:04:08.855, 0, 100, 43817
2026/08/28 14:04:08.855, 1, 100, 43801
2026/08/28 14:04:08.855, 2, 100, 43801
2026/08/28 14:04:08.855, 3, 100, 43801
2026/08/28 14:04:09.355, 0, 0, 43817
2026/08/28 14:04:09.355, 1, 0, 43801
2026/08/28 14:04:09.355, 2, 0, 43801
2026/08/28 14:04:09.355, 3, 0, 43801
2026/08/28 14:04:09.855, 0, 100, 43817
2026/08/28 14:04:09.855, 1, 100, 43801
2026/08/28 14:04:09.855, 2, 100, 43801
2026/08/28 14:04:09.855, 3, 100, 43801
2026/08/28 14:04:10.355, 0, 100, 43817
2026/08/28 14:04:10.355, 1, 100, 43801
2026/08/28 14:04:10.355, 2, 100, 43801
2026/08/28 14:04:10.355, 3, 100, 43801
2026/08/28 14:04:10.856, 0, 100, 43817
2026/08/28 14:04:10.856, 1, 100, 43801
2026/08/28 14:04:10.856, 2, 100, 43801
2026/08/28 14:04:10.856, 3, 100, 43801
2026/08/28 14:04:11.356, 0, 100, 43817
2026/08/28 14:04:11.356, 1, 100, 43801
2026/08/28 14:04:11.356, 2, 100, 43801
2026/08/28 14:04:11.356, 3, 100, 43801
2026/08/28 14:04:11.856, 0, 100, 43817
2026/08/28 14:04:11.856, 1, 100, 43801
2026/08/28 14:04:11.856, 2, 100, 43801
2026/08/28 14:04:11.856, 3, 100, 43801
2026/08/28 14:04:12.356, 0, 100, 43817
2026/08/28 14:04:12.356, 1, 100, 43801
2026/08/28 14:04:12.356, 2, 100, 43801
2026/08/28 14:04:12.356, 3, 100, 43801
2026/08/28 14:04:12.856, 0, 100, 43817
2026/08/28 14:04:12.856, 1, 100, 43801
2026/08/28 14:04:12.856, 2, 100, 43801
2026/08/28 14:04:12.856, 3, 100, 43801
2026/08/28 14:04:13.356, 0, 100, 43817
2026/08/28 14:04:13.356, 1, 100, 43801
2026/08/28 14:04:13.356, 2, 100, 43801
2026/08/28 14:04:13.356, 3, 100, 43801
2026/08/28 14:04:13.856, 0, 100, 43817
2026/08/28 14:04:13.856, 1, 100, 43801
2026/08/28 14:04:13.856, 2, 100, 43801
2026/08/28 14:04:13.856, 3, 100, 43801
2026/08/28 14:04:14.357, 0, 0, 43817
2026/08/28 14:04:14.357, 1, 0, 43801
2026/08/28 14:04:14.357, 2, 0, 43801
2026/08/28 14:04:14.357, 3, 0, 43801
2026/08/28 14:04:14.857, 0, 100, 43817
2026/08/28 14:04:14.857, 1, 100, 43801
2026/08/28 14:04:14.857, 2, 95, 43801
2026/08/28 14:04:14.857, 3, 100, 43801
2026/08/28 14:04:15.357, 0, 100, 43817
2026/08/28 14:04:15.357, 1, 100, 43801
2026/08/28 14:04:15.357, 2, 100, 43801
2026/08/28 14:04:15.357, 3, 100, 43801
2026/08/28 14:04:15.857, 0, 100, 43817
2026/08/28 14:04:15.857, 1, 100, 43801
2026/08/28 14:04:15.857, 2, 100, 43801
2026/08/28 14:04:15.857, 3, 100, 43801
2026/08/28 14:04:16.357, 0, 100, 43817
2026/08/28 14:04:16.357, 1, 100, 43801
2026/08/28 14:04:16.357, 2, 100, 43801
2026/08/28 14:04:16.357, 3, 100, 43801
2026/08/28 14:04:16.857, 0, 100, 43817
2026/08/28 14:04:16.857, 1, 100, 43801
2026/08/28 14:04:16.857, 2, 100, 43801
2026/08/28 14:04:16.857, 3, 100, 43801
2026/08/28 14:04:17.358, 0, 100, 43817
2026/08/28 14:04:17.358, 1, 100, 43801
2026/08/28 14:04:17.358, 2, 100, 43801
2026/08/28 14:04:17.358, 3, 100, 43801
2026/08/28 14:04:17.858, 0, 100, 43817
2026/08/28 14:04:17.858, 1, 100, 43801
2026/08/28 14:04:17.858, 2, 100, 43801
2026/08/28 14:04:17.858, 3, 100, 43801
2026/08/28 14:04:18.358, 0, 100, 43817
2026/08/28 14:04:18.358, 1, 100, 43801
2026/08/28 14:04:18.358, 2, 100, 43801
2026/08/28 14:04:18.358, 3, 100, 43801
2026/08/28 14:04:18.858, 0, 100, 43817
2026/08/28 14:04:18.858, 1, 100, 43801
2026/08/28 14:04:18.858, 2, 100, 43801
2026/08/28 14:04:18.858, 3, 100, 43801
2026/08/28 14:04:19.358, 0, 100, 43817
2026/08/28 14:04:19.358, 1, 34, 43801
2026/08/28 14:04:19.358, 2, 4, 43801
2026/08/28 14:04:19.358, 3, 0, 43801
2026/08/28 14:04:19.858, 0, 28, 43817
2026/08/28 14:04:19.858, 1, 100, 43801
2026/08/28 14:04:19.858, 2, 0, 43801
2026/08/28 14:04:19.858, 3, 0, 43801
2026/08/28 14:04:20.359, 0, 100, 43817
2026/08/28 14:04:20.359, 1, 100, 43801
2026/08/28 14:04:20.359, 2, 100, 43801
2026/08/28 14:04:20.359, 3, 100, 43801
2026/08/28 14:04:20.859, 0, 100, 43817
2026/08/28 14:04:20.859, 1, 100, 43801
2026/08/28 14:04:20.859, 2, 100, 43801
2026/08/28 14:04:20.859, 3, 100, 43801
2026/08/28 14:04:21.359, 0, 100, 43817
2026/08/28 14:04:21.359, 1, 100, 43801
2026/08/28 14:04:21.359, 2, 100, 43801
2026/08/28 14:04:21.359, 3, 100, 43801
2026/08/28 14:04:21.859, 0, 100, 43817
2026/08/28 14:04:21.859, 1, 100, 43801
2026/08/28 14:04:21.859, 2, 100, 43801
2026/08/28 14:04:21.859, 3, 100, 43801
2026/08/28 14:04:22.359, 0, 100, 43817
2026/08/28 14:04:22.359, 1, 100, 43801
2026/08/28 14:04:22.359, 2, 100, 43801
2026/08/28 14:04:22.359, 3, 100, 43801
2026/08/28 14:04:22.859, 0, 100, 43817
2026/08/28 14:04:22.859, 1, 100, 43801
2026/08/28 14:04:22.859, 2, 100, 43801
2026/08/28 14:04:22.859, 3, 100, 43801
2026/08/28 14:04:23.359, 0, 100, 43817
2026/08/28 14:04:23.359, 1, 100, 43801
2026/08/28 14:04:23.359, 2, 100, 43801
2026/08/28 14:04:23.359, 3, 100, 43801
2026/08/28 14:04:23.859, 0, 100, 43817
2026/08/28 14:04:23.860, 1, 100, 43801
2026/08/28 14:04:23.860, 2, 100, 43801
2026/08/28 14:04:23.860, 3, 100, 43801
2026/08/28 14:04:24.360, 0, 100, 43817
2026/08/28 14:04:24.360, 1, 100, 43801
2026/08/28 14:04:24.360, 2, 100, 43801
2026/08/28 14:04:24.360, 3, 100, 43801
2026/08/28 14:04:24.860, 0, 0, 43817
2026/08/28 14:04:24.860, 1, 0, 43801
2026/08/28 14:04:24.860, 2, 0, 43801
2026/08/28 14:04:24.860, 3, 0, 43801
2026/08/28 14:04:25.360, 0, 99, 43817
2026/08/28 14:04:25.360, 1, 99, 43801
2026/08/28 14:04:25.360, 2, 100, 43801
2026/08/28 14:04:25.360, 3, 100, 43801
2026/08/28 14:04:25.860, 0, 100, 43817
2026/08/28 14:04:25.860, 1, 100, 43801
2026/08/28 14:04:25.860, 2, 100, 43801
2026/08/28 14:04:25.860, 3, 100, 43801
2026/08/28 14:04:26.360, 0, 100, 43817
2026/08/28 14:04:26.360, 1, 100, 43801
2026/08/28 14:04:26.360, 2, 100, 43801
2026/08/28 14:04:26.360, 3, 100, 43801
2026/08/28 14:04:26.861, 0, 100, 43817
2026/08/28 14:04:26.861, 1, 100, 43801
2026/08/28 14:04:26.861, 2, 100, 43801
2026/08/28 14:04:26.861, 3, 100, 43801
2026/08/28 14:04:27.361, 0, 100, 43817
2026/08/28 14:04:27.361, 1, 100, 43801
2026/08/28 14:04:27.361, 2, 100, 43801
2026/08/28 14:04:27.361, 3, 100, 43801
2026/08/28 14:04:27.861, 0, 100, 43817
2026/08/28 14:04:27.861, 1, 100, 43801
2026/08/28 14:04:27.861, 2, 100, 43801
2026/08/28 14:04:27.861, 3, 100, 43801
2026/08/28 14:04:28.361, 0, 100, 43817
2026/08/28 14:04:28.361, 1, 100, 43801
2026/08/28 14:04:28.361, 2, 100, 43801
2026/08/28 14:04:28.361, 3, 100, 43801
2026/08/28 14:04:28.861, 0, 100, 43817
2026/08/28 14:04:28.861, 1, 100, 43801
2026/08/28 14:04:28.861, 2, 100, 43801
2026/08/28 14:04:28.861, 3, 100, 43801
2026/08/28 14:04:29.361, 0, 100, 43817
2026/08/28 14:04:29.362, 1, 100, 43801
2026/08/28 14:04:29.362, 2, 100, 43801
2026/08/28 14:04:29.362, 3, 100, 43801
2026/08/28 14:04:29.862, 0, 0, 43817
2026/08/28 14:04:29.862, 1, 0, 43801
2026/08/28 14:04:29.862, 2, 0, 43801
2026/08/28 14:04:29.862, 3, 0, 43801
2026/08/28 14:04:30.362, 0, 100, 43817
2026/08/28 14:04:30.362, 1, 100, 43801
2026/08/28 14:04:30.362, 2, 100, 43801
2026/08/28 14:04:30.362, 3, 100, 43801
2026/08/28 14:04:30.862, 0, 100, 43817
2026/08/28 14:04:30.862, 1, 100, 43801
2026/08/28 14:04:30.862, 2, 100, 43801
2026/08/28 14:04:30.862, 3, 100, 43801
2026/08/28 14:04:31.362, 0, 100, 43817
2026/08/28 14:04:31.362, 1, 100, 43801
2026/08/28 14:04:31.362, 2, 100, 43801
2026/08/28 14:04:31.362, 3, 100, 43801
2026/08/28 14:04:31.862, 0, 100, 43817
2026/08/28 14:04:31.863, 1, 100, 43801
2026/08/28 14:04:31.863, 2, 100, 43801
2026/08/28 14:04:31.863, 3, 100, 43801
2026/08/28 14:04:32.363, 0, 100, 43817
2026/08/28 14:04:32.363, 1, 100, 43801
2026/08/28 14:04:32.363, 2, 100, 43801
2026/08/28 14:04:32.363, 3, 100, 43801
2026/08/28 14:04:32.863, 0, 100, 43817
2026/08/28 14:04:32.863, 1, 100, 43801
2026/08/28 14:04:32.863, 2, 100, 43801
2026/08/28 14:04:32.863, 3, 100, 43801
2026/08/28 14:04:33.363, 0, 100, 43817
2026/08/28 14:04:33.363, 1, 100, 43801
2026/08/28 14:04:33.363, 2, 100, 43801
2026/08/28 14:04:33.363, 3, 100, 43801
2026/08/28 14:04:33.863, 0, 100, 43817
2026/08/28 14:04:33.863, 1, 100, 43801
2026/08/28 14:04:33.863, 2, 100, 43801
2026/08/28 14:04:33.863, 3, 100, 43801
2026/08/28 14:04:34.363, 0, 100, 43817
2026/08/28 14:04:34.363, 1, 100, 43801
2026/08/28 14:04:34.363, 2, 100, 43801
2026/08/28 14:04:34.363, 3, 100, 43801
2026/08/28 14:04:34.864, 0, 1, 43817
2026/08/28 14:04:34.864, 1, 0, 43801
2026/08/28 14:04:34.864, 2, 93, 43801
2026/08/28 14:04:34.864, 3, 74, 43801
2026/08/28 14:04:35.364, 0, 37, 43817
2026/08/28 14:04:35.364, 1, 14, 43801
2026/08/28 14:04:35.364, 2, 46, 43801
2026/08/28 14:04:35.364, 3, 66, 43801
2026/08/28 14:04:35.864, 0, 100, 43817
2026/08/28 14:04:35.864, 1, 100, 43801
2026/08/28 14:04:35.864, 2, 100, 43801
2026/08/28 14:04:35.864, 3, 100, 43801
2026/08/28 14:04:36.364, 0, 100, 43817
2026/08/28 14:04:36.364, 1, 100, 43801
2026/08/28 14:04:36.364, 2, 100, 43801
2026/08/28 14:04:36.364, 3, 100, 43801
2026/08/28 14:04:36.864, 0, 100, 43817
2026/08/28 14:04:36.864, 1, 100, 43801
2026/08/28 14:04:36.864, 2, 100, 43801
2026/08/28 14:04:36.864, 3, 100, 43801
2026/08/28 14:04:37.365, 0, 100, 43817
2026/08/28 14:04:37.365, 1, 100, 43801
2026/08/28 14:04:37.365, 2, 100, 43801
2026/08/28 14:04:37.365, 3, 100, 43801
2026/08/28 14:04:37.865, 0, 100, 43817
2026/08/28 14:04:37.865, 1, 100, 43801
2026/08/28 14:04:37.865, 2, 100, 43801
2026/08/28 14:04:37.865, 3, 100, 43801
2026/08/28 14:04:38.365, 0, 100, 43817
2026/08/28 14:04:38.365, 1, 100, 43801
2026/08/28 14:04:38.365, 2, 100, 43801
2026/08/28 14:04:38.365, 3, 100, 43801
2026/08/28 14:04:38.865, 0, 100, 43817
2026/08/28 14:04:38.865, 1, 100, 43801
2026/08/28 14:04:38.865, 2, 100, 43801
2026/08/28 14:04:38.865, 3, 100, 43801
2026/08/28 14:04:39.365, 0, 100, 43817
2026/08/28 14:04:39.365, 1, 100, 43801
2026/08/28 14:04:39.365, 2, 100, 43801
2026/08/28 14:04:39.365, 3, 100, 43801
2026/08/28 14:04:39.865, 0, 72, 43817
2026/08/28 14:04:39.865, 1, 96, 43801
2026/08/28 14:04:39.866, 2, 100, 43801
2026/08/28 14:04:39.866, 3, 100, 43801
2026/08/28 14:04:40.366, 0, 0, 43817
2026/08/28 14:04:40.366, 1, 0, 43801
2026/08/28 14:04:40.366, 2, 0, 43801
2026/08/28 14:04:40.366, 3, 0, 43801
2026/08/28 14:04:40.866, 0, 100, 43817
2026/08/28 14:04:40.866, 1, 100, 43801
2026/08/28 14:04:40.866, 2, 99, 43801
2026/08/28 14:04:40.866, 3, 99, 43801
2026/08/28 14:04:41.366, 0, 100, 43817
2026/08/28 14:04:41.366, 1, 100, 43801
2026/08/28 14:04:41.366, 2, 100, 43801
2026/08/28 14:04:41.366, 3, 100, 43801
2026/08/28 14:04:41.866, 0, 100, 43817
2026/08/28 14:04:41.866, 1, 100, 43801
2026/08/28 14:04:41.866, 2, 100, 43801
2026/08/28 14:04:41.866, 3, 100, 43801
2026/08/28 14:04:42.366, 0, 100, 43817
2026/08/28 14:04:42.366, 1, 100, 43801
2026/08/28 14:04:42.366, 2, 100, 43801
2026/08/28 14:04:42.366, 3, 100, 43801
2026/08/28 14:04:42.866, 0, 100, 43817
2026/08/28 14:04:42.867, 1, 100, 43801
2026/08/28 14:04:42.867, 2, 100, 43801
2026/08/28 14:04:42.867, 3, 100, 43801
2026/08/28 14:04:43.367, 0, 100, 43817
2026/08/28 14:04:43.367, 1, 100, 43801
2026/08/28 14:04:43.367, 2, 100, 43801
2026/08/28 14:04:43.367, 3, 100, 43801
2026/08/28 14:04:43.867, 0, 100, 43817
2026/08/28 14:04:43.867, 1, 100, 43801
2026/08/28 14:04:43.867, 2, 100, 43801
2026/08/28 14:04:43.867, 3, 100, 43801
2026/08/28 14:04:44.367, 0, 100, 43817
2026/08/28 14:04:44.367, 1, 100, 43801
2026/08/28 14:04:44.367, 2, 100, 43801
2026/08/28 14:04:44.367, 3, 100, 43801
2026/08/28 14:04:44.867, 0, 100, 43817
2026/08/28 14:04:44.867, 1, 100, 43801
2026/08/28 14:04:44.867, 2, 100, 43801
2026/08/28 14:04:44.867, 3, 100, 43801
2026/08/28 14:04:45.367, 0, 0, 43817
2026/08/28 14:04:45.367, 1, 0, 43801
2026/08/28 14:04:45.367, 2, 0, 43801
2026/08/28 14:04:45.367, 3, 0, 43801
2026/08/28 14:04:45.867, 0, 100, 43817
2026/08/28 14:04:45.868, 1, 100, 43801
2026/08/28 14:04:45.868, 2, 38, 43801
2026/08/28 14:04:45.868, 3, 59, 43801
2026/08/28 14:04:46.368, 0, 100, 43817
2026/08/28 14:04:46.368, 1, 100, 43801
2026/08/28 14:04:46.368, 2, 100, 43801
2026/08/28 14:04:46.368, 3, 100, 43801
2026/08/28 14:04:46.868, 0, 100, 43817
2026/08/28 14:04:46.868, 1, 100, 43801
2026/08/28 14:04:46.868, 2, 100, 43801
2026/08/28 14:04:46.868, 3, 100, 43801
2026/08/28 14:04:47.368, 0, 100, 43817
2026/08/28 14:04:47.368, 1, 100, 43801
2026/08/28 14:04:47.368, 2, 100, 43801
2026/08/28 14:04:47.368, 3, 100, 43801
2026/08/28 14:04:47.868, 0, 100, 43817
2026/08/28 14:04:47.868, 1, 100, 43801
2026/08/28 14:04:47.868, 2, 100, 43801
2026/08/28 14:04:47.868, 3, 100, 43801
2026/08/28 14:04:48.368, 0, 100, 43817
2026/08/28 14:04:48.368, 1, 100, 43801
2026/08/28 14:04:48.368, 2, 100, 43801
2026/08/28 14:04:48.368, 3, 100, 43801
2026/08/28 14:04:48.868, 0, 100, 43817
2026/08/28 14:04:48.868, 1, 100, 43801
2026/08/28 14:04:48.869, 2, 100, 43801
2026/08/28 14:04:48.869, 3, 100, 43801
2026/08/28 14:04:49.369, 0, 100, 43817
2026/08/28 14:04:49.369, 1, 100, 43801
2026/08/28 14:04:49.369, 2, 100, 43801
2026/08/28 14:04:49.369, 3, 100, 43801
2026/08/28 14:04:49.869, 0, 100, 43817
2026/08/28 14:04:49.869, 1, 100, 43801
2026/08/28 14:04:49.869, 2, 100, 43801
2026/08/28 14:04:49.869, 3, 100, 43801
2026/08/28 14:04:50.369, 0, 71, 43817
2026/08/28 14:04:50.369, 1, 95, 43801
2026/08/28 14:04:50.369, 2, 63, 43801
2026/08/28 14:04:50.369, 3, 42, 43801
2026/08/28 14:04:50.869, 0, 74, 43817
2026/08/28 14:04:50.869, 1, 53, 43801
2026/08/28 14:04:50.869, 2, 0, 43801
2026/08/28 14:04:50.869, 3, 0, 43801
2026/08/28 14:04:51.369, 0, 100, 43817
2026/08/28 14:04:51.369, 1, 100, 43801
2026/08/28 14:04:51.369, 2, 100, 43801
2026/08/28 14:04:51.369, 3, 100, 43801
2026/08/28 14:04:51.869, 0, 100, 43817
2026/08/28 14:04:51.869, 1, 100, 43801
2026/08/28 14:04:51.869, 2, 100, 43801
2026/08/28 14:04:51.869, 3, 100, 43801
2026/08/28 14:04:52.369, 0, 99, 43817
2026/08/28 14:04:52.370, 1, 100, 43801
2026/08/28 14:04:52.370, 2, 100, 43801
2026/08/28 14:04:52.370, 3, 100, 43801
2026/08/28 14:04:52.870, 0, 100, 43817
2026/08/28 14:04:52.870, 1, 100, 43801
2026/08/28 14:04:52.870, 2, 100, 43801
2026/08/28 14:04:52.870, 3, 100, 43801
2026/08/28 14:04:53.370, 0, 100, 43817
2026/08/28 14:04:53.370, 1, 100, 43801
2026/08/28 14:04:53.370, 2, 100, 43801
2026/08/28 14:04:53.370, 3, 100, 43801
2026/08/28 14:04:53.870, 0, 100, 43817
2026/08/28 14:04:53.870, 1, 100, 43801
2026/08/28 14:04:53.870, 2, 100, 43801
2026/08/28 14:04:53.870, 3, 100, 43801
2026/08/28 14:04:54.370, 0, 100, 43817
2026/08/28 14:04:54.370, 1, 100, 43801
2026/08/28 14:04:54.370, 2, 100, 43801
2026/08/28 14:04:54.370, 3, 100, 43801
2026/08/28 14:04:54.870, 0, 100, 43817
2026/08/28 14:04:54.870, 1, 100, 43801
2026/08/28 14:04:54.870, 2, 100, 43801
2026/08/28 14:04:54.870, 3, 100, 43801
2026/08/28 14:04:55.370, 0, 100, 43817
2026/08/28 14:04:55.371, 1, 100, 43801
2026/08/28 14:04:55.371, 2, 100, 43801
2026/08/28 14:04:55.371, 3, 100, 43801
2026/08/28 14:04:55.871, 0, 0, 43817
2026/08/28 14:04:55.871, 1, 0, 43801
2026/08/28 14:04:55.871, 2, 0, 43801
2026/08/28 14:04:55.871, 3, 0, 43801
2026/08/28 14:04:56.371, 0, 99, 43817
2026/08/28 14:04:56.371, 1, 99, 43801
2026/08/28 14:04:56.371, 2, 99, 43801
2026/08/28 14:04:56.371, 3, 99, 43801
2026/08/28 14:04:56.871, 0, 100, 43817
2026/08/28 14:04:56.871, 1, 100, 43801
2026/08/28 14:04:56.871, 2, 100, 43801
2026/08/28 14:04:56.871, 3, 100, 43801
2026/08/28 14:04:57.371, 0, 100, 43817
2026/08/28 14:04:57.371, 1, 100, 43801
2026/08/28 14:04:57.371, 2, 100, 43801
2026/08/28 14:04:57.371, 3, 100, 43801
2026/08/28 14:04:57.871, 0, 100, 43817
2026/08/28 14:04:57.871, 1, 100, 43801
2026/08/28 14:04:57.871, 2, 100, 43801
2026/08/28 14:04:57.871, 3, 100, 43801
2026/08/28 14:04:58.372, 0, 100, 43817
2026/08/28 14:04:58.372, 1, 100, 43801
2026/08/28 14:04:58.372, 2, 100, 43801
2026/08/28 14:04:58.372, 3, 100, 43801
2026/08/28 14:04:58.872, 0, 100, 43817
2026/08/28 14:04:58.872, 1, 100, 43801
2026/08/28 14:04:58.872, 2, 100, 43801
2026/08/28 14:04:58.872, 3, 100, 43801
2026/08/28 14:04:59.372, 0, 100, 43817
2026/08/28 14:04:59.372, 1, 100, 43801
2026/08/28 14:04:59.372, 2, 100, 43801
2026/08/28 14:04:59.372, 3, 100, 43801
2026/08/28 14:04:59.872, 0, 100, 43817
2026/08/28 14:04:59.872, 1, 100, 43801
2026/08/28 14:04:59.872, 2, 100, 43801
2026/08/28 14:04:59.872, 3, 100, 43801
2026/08/28 14:05:00.372, 0, 100, 43817
2026/08/28 14:05:00.372, 1, 100, 43801
2026/08/28 14:05:00.372, 2, 100, 43801
2026/08/28 14:05:00.372, 3, 100, 43801
2026/08/28 14:05:00.872, 0, 0, 43817
2026/08/28 14:05:00.872, 1, 0, 43801
2026/08/28 14:05:00.872, 2, 0, 43801
2026/08/28 14:05:00.872, 3, 0, 43801
2026/08/28 14:05:01.372, 0, 100, 43817
2026/08/28 14:05:01.373, 1, 100, 43801
2026/08/28 14:05:01.373, 2, 100, 43801
2026/08/28 14:05:01.373, 3, 100, 43801
2026/08/28 14:05:01.873, 0, 99, 43817
2026/08/28 14:05:01.873, 1, 100, 43801
2026/08/28 14:05:01.873, 2, 100, 43801
2026/08/28 14:05:01.873, 3, 100, 43801
2026/08/28 14:05:02.373, 0, 100, 43817
2026/08/28 14:05:02.373, 1, 100, 43801
2026/08/28 14:05:02.373, 2, 100, 43801
2026/08/28 14:05:02.373, 3, 100, 43801
2026/08/28 14:05:02.873, 0, 100, 43817
2026/08/28 14:05:02.873, 1, 100, 43801
2026/08/28 14:05:02.873, 2, 100, 43801
2026/08/28 14:05:02.873, 3, 100, 43801
2026/08/28 14:05:03.373, 0, 100, 43817
2026/08/28 14:05:03.373, 1, 100, 43801
2026/08/28 14:05:03.373, 2, 100, 43801
2026/08/28 14:05:03.373, 3, 100, 43801
2026/08/28 14:05:03.873, 0, 100, 43817
2026/08/28 14:05:03.873, 1, 100, 43801
2026/08/28 14:05:03.873, 2, 100, 43801
2026/08/28 14:05:03.873, 3, 100, 43801
2026/08/28 14:05:04.373, 0, 100, 43817
2026/08/28 14:05:04.373, 1, 100, 43801
2026/08/28 14:05:04.373, 2, 100, 43801
2026/08/28 14:05:04.374, 3, 100, 43801
2026/08/28 14:05:04.874, 0, 100, 43817
2026/08/28 14:05:04.874, 1, 100, 43801
2026/08/28 14:05:04.874, 2, 100, 43801
2026/08/28 14:05:04.874, 3, 100, 43801
2026/08/28 14:05:05.374, 0, 100, 43817
2026/08/28 14:05:05.374, 1, 100, 43801
2026/08/28 14:05:05.374, 2, 100, 43801
2026/08/28 14:05:05.374, 3, 100, 43801
2026/08/28 14:05:05.874, 0, 0, 43817
2026/08/28 14:05:05.874, 1, 100, 43801
2026/08/28 14:05:05.874, 2, 100, 43801
2026/08/28 14:05:05.874, 3, 100, 43801
2026/08/28 14:05:06.374, 0, 0, 43817
2026/08/28 14:05:06.374, 1, 0, 43801
2026/08/28 14:05:06.374, 2, 0, 43801
2026/08/28 14:05:06.374, 3, 1, 43801
2026/08/28 14:05:06.874, 0, 100, 43817
2026/08/28 14:05:06.874, 1, 100, 43801
2026/08/28 14:05:06.874, 2, 100, 43801
2026/08/28 14:05:06.874, 3, 100, 43801
2026/08/28 14:05:07.374, 0, 100, 43817
2026/08/28 14:05:07.374, 1, 100, 43801
2026/08/28 14:05:07.374, 2, 100, 43801
2026/08/28 14:05:07.374, 3, 100, 43801
2026/08/28 14:05:07.875, 0, 100, 43817
2026/08/28 14:05:07.875, 1, 100, 43801
2026/08/28 14:05:07.875, 2, 100, 43801
2026/08/28 14:05:07.875, 3, 100, 43801
2026/08/28 14:05:08.375, 0, 100, 43817
2026/08/28 14:05:08.375, 1, 100, 43801
2026/08/28 14:05:08.375, 2, 100, 43801
2026/08/28 14:05:08.375, 3, 100, 43801
2026/08/28 14:05:08.875, 0, 100, 43817
2026/08/28 14:05:08.875, 1, 100, 43801
2026/08/28 14:05:08.875, 2, 100, 43801
2026/08/28 14:05:08.875, 3, 100, 43801
2026/08/28 14:05:09.375, 0, 100, 43817
2026/08/28 14:05:09.375, 1, 100, 43801
2026/08/28 14:05:09.375, 2, 100, 43801
2026/08/28 14:05:09.375, 3, 100, 43801
2026/08/28 14:05:09.875, 0, 100, 43817
2026/08/28 14:05:09.875, 1, 100, 43801
2026/08/28 14:05:09.875, 2, 100, 43801
2026/08/28 14:05:09.875, 3, 100, 43801
2026/08/28 14:05:10.375, 0, 100, 43817
2026/08/28 14:05:10.375, 1, 100, 43801
2026/08/28 14:05:10.375, 2, 100, 43801
2026/08/28 14:05:10.375, 3, 100, 43801
2026/08/28 14:05:10.875, 0, 100, 43817
2026/08/28 14:05:10.875, 1, 100, 43801
2026/08/28 14:05:10.875, 2, 100, 43801
2026/08/28 14:05:10.875, 3, 100, 43801
2026/08/28 14:05:11.376, 0, 0, 43817
2026/08/28 14:05:11.376, 1, 0, 43801
2026/08/28 14:05:11.376, 2, 0, 43801
2026/08/28 14:05:11.376, 3, 0, 43801
2026/08/28 14:05:11.876, 0, 100, 43817
2026/08/28 14:05:11.876, 1, 100, 43801
2026/08/28 14:05:11.876, 2, 100, 43801
2026/08/28 14:05:11.876, 3, 100, 43801
2026/08/28 14:05:12.376, 0, 100, 43817
2026/08/28 14:05:12.376, 1, 100, 43801
2026/08/28 14:05:12.376, 2, 100, 43801
2026/08/28 14:05:12.376, 3, 100, 43801
2026/08/28 14:05:12.876, 0, 100, 43817
2026/08/28 14:05:12.876, 1, 100, 43801
2026/08/28 14:05:12.876, 2, 100, 43801
2026/08/28 14:05:12.876, 3, 100, 43801
2026/08/28 14:05:13.376, 0, 100, 43817
2026/08/28 14:05:13.376, 1, 100, 43801
2026/08/28 14:05:13.376, 2, 100, 43801
2026/08/28 14:05:13.376, 3, 100, 43801
2026/08/28 14:05:13.876, 0, 100, 43817
2026/08/28 14:05:13.876, 1, 100, 43801
2026/08/28 14:05:13.876, 2, 100, 43801
2026/08/28 14:05:13.876, 3, 100, 43801
2026/08/28 14:05:14.377, 0, 100, 43817
2026/08/28 14:05:14.377, 1, 100, 43801
2026/08/28 14:05:14.377, 2, 100, 43801
2026/08/28 14:05:14.377, 3, 100, 43801
2026/08/28 14:05:14.877, 0, 100, 43817
2026/08/28 14:05:14.877, 1, 100, 43801
2026/08/28 14:05:14.877, 2, 100, 43801
2026/08/28 14:05:14.877, 3, 100, 43801
2026/08/28 14:05:15.377, 0, 100, 43817
2026/08/28 14:05:15.377, 1, 100, 43801
2026/08/28 14:05:15.377, 2, 100, 43801
2026/08/28 14:05:15.377, 3, 100, 43801
2026/08/28 14:05:15.877, 0, 100, 43817
2026/08/28 14:05:15.877, 1, 100, 43801
2026/08/28 14:05:15.877, 2, 100, 43801
2026/08/28 14:05:15.877, 3, 100, 43801
2026/08/28 14:05:16.377, 0, 0, 43817
2026/08/28 14:05:16.377, 1, 0, 43801
2026/08/28 14:05:16.377, 2, 0, 43801
2026/08/28 14:05:16.377, 3, 0, 43801
2026/08/28 14:05:16.877, 0, 100, 43817
2026/08/28 14:05:16.877, 1, 0, 43801
2026/08/28 14:05:16.877, 2, 9, 43801
2026/08/28 14:05:16.877, 3, 29, 43801
2026/08/28 14:05:17.377, 0, 100, 43817
2026/08/28 14:05:17.377, 1, 100, 43801
2026/08/28 14:05:17.377, 2, 100, 43801
2026/08/28 14:05:17.377, 3, 100, 43801
2026/08/28 14:05:17.877, 0, 100, 43817
2026/08/28 14:05:17.878, 1, 100, 43801
2026/08/28 14:05:17.878, 2, 100, 43801
2026/08/28 14:05:17.878, 3, 100, 43801
2026/08/28 14:05:18.378, 0, 100, 43817
2026/08/28 14:05:18.463, 1, 100, 43801
2026/08/28 14:05:18.464, 2, 100, 43801
2026/08/28 14:05:18.464, 3, 100, 43801
2026/08/28 14:05:18.964, 0, 100, 43817
2026/08/28 14:05:18.964, 1, 100, 43801
2026/08/28 14:05:18.964, 2, 100, 43801
2026/08/28 14:05:18.964, 3, 100, 43801
2026/08/28 14:05:19.464, 0, 100, 43817
2026/08/28 14:05:19.464, 1, 100, 43801
2026/08/28 14:05:19.464, 2, 100, 43801
2026/08/28 14:05:19.464, 3, 100, 43801
2026/08/28 14:05:19.964, 0, 100, 43817
2026/08/28 14:05:19.964, 1, 100, 43801
2026/08/28 14:05:19.964, 2, 100, 43801
2026/08/28 14:05:19.964, 3, 100, 43801
2026/08/28 14:05:20.464, 0, 100, 43817
2026/08/28 14:05:20.464, 1, 100, 43801
2026/08/28 14:05:20.464, 2, 100, 43801
2026/08/28 14:05:20.464, 3, 100, 43801
2026/08/28 14:05:20.964, 0, 100, 43817
2026/08/28 14:05:20.964, 1, 100, 43801
2026/08/28 14:05:20.964, 2, 100, 43801
2026/08/28 14:05:20.964, 3, 100, 43801
2026/08/28 14:05:21.464, 0, 100, 43817
2026/08/28 14:05:21.464, 1, 100, 43801
2026/08/28 14:05:21.464, 2, 94, 43801
2026/08/28 14:05:21.465, 3, 75, 43801
2026/08/28 14:05:21.965, 0, 29, 43817
2026/08/28 14:05:21.965, 1, 7, 43801
2026/08/28 14:05:21.965, 2, 38, 43801
2026/08/28 14:05:21.965, 3, 58, 43801
2026/08/28 14:05:22.465, 0, 100, 43817
2026/08/28 14:05:22.465, 1, 100, 43801
2026/08/28 14:05:22.465, 2, 100, 43801
2026/08/28 14:05:22.465, 3, 100, 43801
2026/08/28 14:05:22.965, 0, 100, 43817
2026/08/28 14:05:22.965, 1, 100, 43801
2026/08/28 14:05:22.965, 2, 100, 43801
2026/08/28 14:05:22.965, 3, 100, 43801
2026/08/28 14:05:23.465, 0, 100, 43817
2026/08/28 14:05:23.465, 1, 100, 43801
2026/08/28 14:05:23.465, 2, 100, 43801
2026/08/28 14:05:23.465, 3, 100, 43801
2026/08/28 14:05:23.965, 0, 100, 43817
2026/08/28 14:05:23.965, 1, 100, 43801
2026/08/28 14:05:23.965, 2, 100, 43801
2026/08/28 14:05:23.965, 3, 100, 43801
2026/08/28 14:05:24.465, 0, 100, 43817
2026/08/28 14:05:24.466, 1, 100, 43801
2026/08/28 14:05:24.466, 2, 100, 43801
2026/08/28 14:05:24.466, 3, 100, 43801
2026/08/28 14:05:24.966, 0, 100, 43817
2026/08/28 14:05:24.966, 1, 100, 43801
2026/08/28 14:05:24.966, 2, 100, 43801
2026/08/28 14:05:24.966, 3, 100, 43801
2026/08/28 14:05:25.466, 0, 100, 43817
2026/08/28 14:05:25.466, 1, 100, 43801
2026/08/28 14:05:25.466, 2, 100, 43801
2026/08/28 14:05:25.466, 3, 100, 43801
2026/08/28 14:05:25.966, 0, 100, 43817
2026/08/28 14:05:25.966, 1, 100, 43801
2026/08/28 14:05:25.966, 2, 100, 43801
2026/08/28 14:05:25.966, 3, 100, 43801
2026/08/28 14:05:26.466, 0, 100, 43817
2026/08/28 14:05:26.466, 1, 100, 43801
2026/08/28 14:05:26.466, 2, 100, 43801
2026/08/28 14:05:26.466, 3, 100, 43801
2026/08/28 14:05:26.966, 0, 0, 43817
2026/08/28 14:05:26.967, 1, 0, 43801
2026/08/28 14:05:26.967, 2, 0, 43801
2026/08/28 14:05:26.967, 3, 0, 43801
2026/08/28 14:05:27.467, 0, 100, 43817
2026/08/28 14:05:27.467, 1, 100, 43801
2026/08/28 14:05:27.467, 2, 100, 43801
2026/08/28 14:05:27.467, 3, 100, 43801
2026/08/28 14:05:27.967, 0, 100, 43817
2026/08/28 14:05:27.967, 1, 100, 43801
2026/08/28 14:05:27.967, 2, 100, 43801
2026/08/28 14:05:27.967, 3, 100, 43801
2026/08/28 14:05:28.467, 0, 100, 43817
2026/08/28 14:05:28.467, 1, 100, 43801
2026/08/28 14:05:28.467, 2, 100, 43801
2026/08/28 14:05:28.467, 3, 100, 43801
2026/08/28 14:05:28.967, 0, 100, 43817
2026/08/28 14:05:28.967, 1, 100, 43801
2026/08/28 14:05:28.967, 2, 100, 43801
2026/08/28 14:05:28.967, 3, 100, 43801
2026/08/28 14:05:29.467, 0, 100, 43817
2026/08/28 14:05:29.467, 1, 100, 43801
2026/08/28 14:05:29.467, 2, 100, 43801
2026/08/28 14:05:29.467, 3, 100, 43801
2026/08/28 14:05:29.967, 0, 100, 43817
2026/08/28 14:05:29.968, 1, 100, 43801
2026/08/28 14:05:29.968, 2, 100, 43801
2026/08/28 14:05:29.968, 3, 100, 43801
2026/08/28 14:05:30.468, 0, 100, 43817
2026/08/28 14:05:30.468, 1, 100, 43801
2026/08/28 14:05:30.468, 2, 100, 43801
2026/08/28 14:05:30.468, 3, 100, 43801
2026/08/28 14:05:30.968, 0, 100, 43817
2026/08/28 14:05:30.968, 1, 100, 43801
2026/08/28 14:05:30.968, 2, 100, 43801
2026/08/28 14:05:30.968, 3, 100, 43801
2026/08/28 14:05:31.468, 0, 100, 43817
2026/08/28 14:05:31.468, 1, 100, 43801
2026/08/28 14:05:31.468, 2, 100, 43801
2026/08/28 14:05:31.468, 3, 100, 43801
2026/08/28 14:05:31.968, 0, 0, 43817
2026/08/28 14:05:31.968, 1, 0, 43801
2026/08/28 14:05:31.968, 2, 0, 43801
2026/08/28 14:05:31.968, 3, 0, 43801
2026/08/28 14:05:32.468, 0, 40, 43817
2026/08/28 14:05:32.468, 1, 19, 43801
2026/08/28 14:05:32.468, 2, 100, 43801
2026/08/28 14:05:32.468, 3, 69, 43801
2026/08/28 14:05:32.968, 0, 100, 43817
2026/08/28 14:05:32.968, 1, 100, 43801
2026/08/28 14:05:32.968, 2, 100, 43801
2026/08/28 14:05:32.968, 3, 100, 43801
2026/08/28 14:05:33.468, 0, 100, 43817
2026/08/28 14:05:33.469, 1, 100, 43801
2026/08/28 14:05:33.469, 2, 100, 43801
2026/08/28 14:05:33.469, 3, 100, 43801
2026/08/28 14:05:33.969, 0, 100, 43817
2026/08/28 14:05:33.969, 1, 100, 43801
2026/08/28 14:05:33.969, 2, 100, 43801
2026/08/28 14:05:33.969, 3, 100, 43801
2026/08/28 14:05:34.469, 0, 100, 43817
2026/08/28 14:05:34.469, 1, 100, 43801
2026/08/28 14:05:34.469, 2, 100, 43801
2026/08/28 14:05:34.469, 3, 100, 43801
2026/08/28 14:05:34.969, 0, 100, 43817
2026/08/28 14:05:34.969, 1, 100, 43801
2026/08/28 14:05:34.969, 2, 100, 43801
2026/08/28 14:05:34.969, 3, 100, 43801
2026/08/28 14:05:35.469, 0, 100, 43817
2026/08/28 14:05:35.469, 1, 100, 43801
2026/08/28 14:05:35.469, 2, 100, 43801
2026/08/28 14:05:35.469, 3, 100, 43801
2026/08/28 14:05:35.969, 0, 100, 43817
2026/08/28 14:05:35.969, 1, 100, 43801
2026/08/28 14:05:35.969, 2, 100, 43801
2026/08/28 14:05:35.969, 3, 100, 43801
2026/08/28 14:05:36.470, 0, 100, 43817
2026/08/28 14:05:36.470, 1, 100, 43801
2026/08/28 14:05:36.470, 2, 100, 43801
2026/08/28 14:05:36.470, 3, 100, 43801
2026/08/28 14:05:36.970, 0, 60, 43817
2026/08/28 14:05:36.970, 1, 83, 43801
2026/08/28 14:05:36.970, 2, 0, 43801
2026/08/28 14:05:36.970, 3, 31, 43801
2026/08/28 14:05:37.470, 0, 0, 43817
2026/08/28 14:05:37.470, 1, 0, 43801
2026/08/28 14:05:37.470, 2, 0, 43801
2026/08/28 14:05:37.470, 3, 0, 43801
2026/08/28 14:05:37.970, 0, 100, 43817
2026/08/28 14:05:37.970, 1, 100, 43801
2026/08/28 14:05:37.970, 2, 100, 43801
2026/08/28 14:05:37.970, 3, 100, 43801
2026/08/28 14:05:38.470, 0, 100, 43817
2026/08/28 14:05:38.470, 1, 100, 43801
2026/08/28 14:05:38.470, 2, 100, 43801
2026/08/28 14:05:38.470, 3, 100, 43801
2026/08/28 14:05:38.970, 0, 100, 43817
2026/08/28 14:05:38.970, 1, 100, 43801
2026/08/28 14:05:38.970, 2, 100, 43801
2026/08/28 14:05:38.971, 3, 100, 43801
2026/08/28 14:05:39.471, 0, 100, 43817
2026/08/28 14:05:39.471, 1, 100, 43801
2026/08/28 14:05:39.471, 2, 100, 43801
2026/08/28 14:05:39.471, 3, 100, 43801
2026/08/28 14:05:39.971, 0, 100, 43817
2026/08/28 14:05:39.971, 1, 100, 43801
2026/08/28 14:05:39.971, 2, 100, 43801
2026/08/28 14:05:39.971, 3, 100, 43801
2026/08/28 14:05:40.471, 0, 100, 43817
2026/08/28 14:05:40.471, 1, 100, 43801
2026/08/28 14:05:40.471, 2, 100, 43801
2026/08/28 14:05:40.471, 3, 100, 43801
2026/08/28 14:05:40.971, 0, 100, 43817
2026/08/28 14:05:40.971, 1, 100, 43801
2026/08/28 14:05:40.971, 2, 100, 43801
2026/08/28 14:05:40.971, 3, 100, 43801
2026/08/28 14:05:41.471, 0, 100, 43817
2026/08/28 14:05:41.471, 1, 100, 43801
2026/08/28 14:05:41.471, 2, 100, 43801
2026/08/28 14:05:41.471, 3, 100, 43801
2026/08/28 14:05:41.971, 0, 100, 43817
2026/08/28 14:05:41.972, 1, 100, 43801
2026/08/28 14:05:41.972, 2, 100, 43801
2026/08/28 14:05:41.972, 3, 100, 43801
2026/08/28 14:05:42.472, 0, 0, 43817
2026/08/28 14:05:42.472, 1, 0, 43801
2026/08/28 14:05:42.472, 2, 0, 43801
2026/08/28 14:05:42.472, 3, 0, 43801
2026/08/28 14:05:42.972, 0, 99, 43817
2026/08/28 14:05:42.972, 1, 99, 43801
2026/08/28 14:05:42.972, 2, 100, 43801
2026/08/28 14:05:42.972, 3, 100, 43801
2026/08/28 14:05:43.472, 0, 100, 43817
2026/08/28 14:05:43.472, 1, 100, 43801
2026/08/28 14:05:43.472, 2, 100, 43801
2026/08/28 14:05:43.472, 3, 100, 43801
2026/08/28 14:05:43.972, 0, 100, 43817
2026/08/28 14:05:43.972, 1, 100, 43801
2026/08/28 14:05:43.972, 2, 100, 43801
2026/08/28 14:05:43.972, 3, 100, 43801
2026/08/28 14:05:44.472, 0, 100, 43817
2026/08/28 14:05:44.472, 1, 100, 43801
2026/08/28 14:05:44.472, 2, 100, 43801
2026/08/28 14:05:44.472, 3, 100, 43801
2026/08/28 14:05:44.972, 0, 100, 43817
2026/08/28 14:05:44.973, 1, 100, 43801
2026/08/28 14:05:44.973, 2, 100, 43801
2026/08/28 14:05:44.973, 3, 100, 43801
2026/08/28 14:05:45.473, 0, 100, 43817
2026/08/28 14:05:45.473, 1, 100, 43801
2026/08/28 14:05:45.473, 2, 100, 43801
2026/08/28 14:05:45.473, 3, 100, 43801
2026/08/28 14:05:45.973, 0, 100, 43817
2026/08/28 14:05:45.973, 1, 100, 43801
2026/08/28 14:05:45.973, 2, 100, 43801
2026/08/28 14:05:45.973, 3, 100, 43801
2026/08/28 14:05:46.473, 0, 100, 43817
2026/08/28 14:05:46.473, 1, 100, 43801
2026/08/28 14:05:46.473, 2, 100, 43801
2026/08/28 14:05:46.473, 3, 100, 43801
2026/08/28 14:05:46.973, 0, 100, 43817
2026/08/28 14:05:46.973, 1, 100, 43801
2026/08/28 14:05:46.973, 2, 100, 43801
2026/08/28 14:05:46.973, 3, 100, 43801
2026/08/28 14:05:47.473, 0, 0, 43817
2026/08/28 14:05:47.473, 1, 3, 43801
2026/08/28 14:05:47.473, 2, 0, 43801
2026/08/28 14:05:47.473, 3, 0, 43801
2026/08/28 14:05:47.974, 0, 0, 43817
2026/08/28 14:05:47.974, 1, 0, 43801
2026/08/28 14:05:47.974, 2, 49, 43801
2026/08/28 14:05:47.974, 3, 0, 43801
2026/08/28 14:05:48.474, 0, 99, 43817
2026/08/28 14:05:48.474, 1, 99, 43801
2026/08/28 14:05:48.474, 2, 100, 43801
2026/08/28 14:05:48.474, 3, 100, 43801
2026/08/28 14:05:48.974, 0, 100, 43817
2026/08/28 14:05:48.974, 1, 100, 43801
2026/08/28 14:05:48.974, 2, 100, 43801
2026/08/28 14:05:48.974, 3, 100, 43801
2026/08/28 14:05:49.474, 0, 100, 43817
2026/08/28 14:05:49.474, 1, 100, 43801
2026/08/28 14:05:49.474, 2, 100, 43801
2026/08/28 14:05:49.474, 3, 100, 43801
2026/08/28 14:05:49.974, 0, 100, 43817
2026/08/28 14:05:49.974, 1, 100, 43801
2026/08/28 14:05:49.974, 2, 100, 43801
2026/08/28 14:05:49.974, 3, 100, 43801
2026/08/28 14:05:50.474, 0, 100, 43817
2026/08/28 14:05:50.474, 1, 100, 43801
2026/08/28 14:05:50.474, 2, 100, 43801
2026/08/28 14:05:50.475, 3, 100, 43801
2026/08/28 14:05:50.975, 0, 100, 43817
2026/08/28 14:05:50.975, 1, 100, 43801
2026/08/28 14:05:50.975, 2, 100, 43801
2026/08/28 14:05:50.975, 3, 100, 43801
2026/08/28 14:05:51.475, 0, 100, 43817
2026/08/28 14:05:51.475, 1, 100, 43801
2026/08/28 14:05:51.475, 2, 100, 43801
2026/08/28 14:05:51.475, 3, 100, 43801
2026/08/28 14:05:51.975, 0, 100, 43817
2026/08/28 14:05:51.975, 1, 100, 43801
2026/08/28 14:05:51.975, 2, 100, 43801
2026/08/28 14:05:51.975, 3, 100, 43801
2026/08/28 14:05:52.475, 0, 100, 43817
2026/08/28 14:05:52.475, 1, 100, 43801
2026/08/28 14:05:52.475, 2, 100, 43801
2026/08/28 14:05:52.475, 3, 100, 43801
2026/08/28 14:05:52.975, 0, 0, 43817
2026/08/28 14:05:52.975, 1, 0, 43801
2026/08/28 14:05:52.975, 2, 0, 43801
2026/08/28 14:05:52.975, 3, 0, 43801
2026/08/28 14:05:53.475, 0, 100, 43817
2026/08/28 14:05:53.475, 1, 100, 43801
2026/08/28 14:05:53.475, 2, 100, 43801
2026/08/28 14:05:53.476, 3, 100, 43801
2026/08/28 14:05:53.976, 0, 100, 43817
2026/08/28 14:05:53.976, 1, 100, 43801
2026/08/28 14:05:53.976, 2, 100, 43801
2026/08/28 14:05:53.976, 3, 100, 43801
2026/08/28 14:05:54.476, 0, 100, 43817
2026/08/28 14:05:54.476, 1, 100, 43801
2026/08/28 14:05:54.476, 2, 100, 43801
2026/08/28 14:05:54.476, 3, 100, 43801
2026/08/28 14:05:54.976, 0, 100, 43817
2026/08/28 14:05:54.976, 1, 100, 43801
2026/08/28 14:05:54.976, 2, 100, 43801
2026/08/28 14:05:54.976, 3, 100, 43801
2026/08/28 14:05:55.476, 0, 100, 43817
2026/08/28 14:05:55.476, 1, 100, 43801
2026/08/28 14:05:55.476, 2, 100, 43801
2026/08/28 14:05:55.476, 3, 100, 43801
2026/08/28 14:05:55.976, 0, 100, 43817
2026/08/28 14:05:55.976, 1, 100, 43801
2026/08/28 14:05:55.976, 2, 100, 43801
2026/08/28 14:05:55.976, 3, 100, 43801
2026/08/28 14:05:56.476, 0, 100, 43817
2026/08/28 14:05:56.476, 1, 100, 43801
2026/08/28 14:05:56.476, 2, 100, 43801
2026/08/28 14:05:56.476, 3, 100, 43801
2026/08/28 14:05:56.977, 0, 100, 43817
2026/08/28 14:05:56.977, 1, 100, 43801
2026/08/28 14:05:56.977, 2, 100, 43801
2026/08/28 14:05:56.977, 3, 100, 43801
2026/08/28 14:05:57.477, 0, 100, 43817
2026/08/28 14:05:57.477, 1, 100, 43801
2026/08/28 14:05:57.477, 2, 100, 43801
2026/08/28 14:05:57.477, 3, 100, 43801
2026/08/28 14:05:57.977, 0, 0, 43817
2026/08/28 14:05:57.977, 1, 0, 43801
2026/08/28 14:05:57.977, 2, 0, 43801
2026/08/28 14:05:57.977, 3, 0, 43801
2026/08/28 14:05:58.477, 0, 0, 43817
2026/08/28 14:05:58.477, 1, 0, 43801
2026/08/28 14:05:58.477, 2, 82, 43801
2026/08/28 14:05:58.477, 3, 2, 43801
2026/08/28 14:05:58.977, 0, 100, 43817
2026/08/28 14:05:58.977, 1, 100, 43801
2026/08/28 14:05:58.977, 2, 100, 43801
2026/08/28 14:05:58.977, 3, 100, 43801
2026/08/28 14:05:59.477, 0, 100, 43817
2026/08/28 14:05:59.477, 1, 100, 43801
2026/08/28 14:05:59.478, 2, 100, 43801
2026/08/28 14:05:59.478, 3, 100, 43801
2026/08/28 14:05:59.978, 0, 100, 43817
2026/08/28 14:05:59.978, 1, 100, 43801
2026/08/28 14:05:59.978, 2, 100, 43801
2026/08/28 14:05:59.978, 3, 100, 43801
2026/08/28 14:06:00.478, 0, 100, 43817
2026/08/28 14:06:00.478, 1, 100, 43801
2026/08/28 14:06:00.478, 2, 100, 43801
2026/08/28 14:06:00.478, 3, 100, 43801
2026/08/28 14:06:00.978, 0, 100, 43817
2026/08/28 14:06:00.978, 1, 100, 43801
2026/08/28 14:06:00.978, 2, 100, 43801
2026/08/28 14:06:00.978, 3, 100, 43801
2026/08/28 14:06:01.478, 0, 100, 43817
2026/08/28 14:06:01.478, 1, 100, 43801
2026/08/28 14:06:01.478, 2, 100, 43801
2026/08/28 14:06:01.478, 3, 100, 43801
2026/08/28 14:06:01.978, 0, 100, 43817
2026/08/28 14:06:01.978, 1, 100, 43801
2026/08/28 14:06:01.978, 2, 100, 43801
2026/08/28 14:06:01.978, 3, 100, 43801
2026/08/28 14:06:02.478, 0, 100, 43817
2026/08/28 14:06:02.478, 1, 100, 43801
2026/08/28 14:06:02.478, 2, 100, 43801
2026/08/28 14:06:02.478, 3, 100, 43801
2026/08/28 14:06:02.979, 0, 100, 43817
2026/08/28 14:06:02.979, 1, 100, 43801
2026/08/28 14:06:02.979, 2, 23, 43801
2026/08/28 14:06:02.979, 3, 100, 43801
2026/08/28 14:06:03.479, 0, 0, 43817
2026/08/28 14:06:03.479, 1, 0, 43801
2026/08/28 14:06:03.479, 2, 0, 43801
2026/08/28 14:06:03.479, 3, 0, 43801
2026/08/28 14:06:03.979, 0, 100, 43817
2026/08/28 14:06:03.979, 1, 100, 43801
2026/08/28 14:06:03.979, 2, 100, 43801
2026/08/28 14:06:03.979, 3, 100, 43801
2026/08/28 14:06:04.479, 0, 100, 43817
2026/08/28 14:06:04.479, 1, 100, 43801
2026/08/28 14:06:04.479, 2, 100, 43801
2026/08/28 14:06:04.479, 3, 100, 43801
2026/08/28 14:06:04.979, 0, 100, 43817
2026/08/28 14:06:04.979, 1, 100, 43801
2026/08/28 14:06:04.979, 2, 100, 43801
2026/08/28 14:06:04.979, 3, 100, 43801
2026/08/28 14:06:05.479, 0, 100, 43817
2026/08/28 14:06:05.479, 1, 100, 43801
2026/08/28 14:06:05.479, 2, 100, 43801
2026/08/28 14:06:05.479, 3, 100, 43801
2026/08/28 14:06:05.979, 0, 100, 43817
2026/08/28 14:06:05.980, 1, 100, 43801
2026/08/28 14:06:05.980, 2, 100, 43801
2026/08/28 14:06:05.980, 3, 100, 43801
2026/08/28 14:06:06.480, 0, 100, 43817
2026/08/28 14:06:06.480, 1, 100, 43801
2026/08/28 14:06:06.480, 2, 100, 43801
2026/08/28 14:06:06.480, 3, 100, 43801
2026/08/28 14:06:06.980, 0, 100, 43817
2026/08/28 14:06:06.980, 1, 100, 43801
2026/08/28 14:06:06.980, 2, 100, 43801
2026/08/28 14:06:06.980, 3, 100, 43801
2026/08/28 14:06:07.480, 0, 100, 43817
2026/08/28 14:06:07.480, 1, 100, 43801
2026/08/28 14:06:07.480, 2, 100, 43801
2026/08/28 14:06:07.480, 3, 100, 43801
2026/08/28 14:06:07.980, 0, 100, 43817
2026/08/28 14:06:07.980, 1, 100, 43801
2026/08/28 14:06:07.980, 2, 100, 43801
2026/08/28 14:06:07.980, 3, 100, 43801
2026/08/28 14:06:08.480, 0, 0, 43817
2026/08/28 14:06:08.480, 1, 0, 43801
2026/08/28 14:06:08.480, 2, 0, 43801
2026/08/28 14:06:08.480, 3, 0, 43801
2026/08/28 14:06:08.980, 0, 100, 43817
2026/08/28 14:06:08.981, 1, 99, 43801
2026/08/28 14:06:08.981, 2, 100, 43801
2026/08/28 14:06:08.981, 3, 100, 43801
2026/08/28 14:06:09.481, 0, 100, 43817
2026/08/28 14:06:09.481, 1, 100, 43801
2026/08/28 14:06:09.481, 2, 100, 43801
2026/08/28 14:06:09.481, 3, 100, 43801
2026/08/28 14:06:09.981, 0, 100, 43817
2026/08/28 14:06:09.981, 1, 100, 43801
2026/08/28 14:06:09.981, 2, 100, 43801
2026/08/28 14:06:09.981, 3, 100, 43801
2026/08/28 14:06:10.481, 0, 100, 43817
2026/08/28 14:06:10.481, 1, 100, 43801
2026/08/28 14:06:10.481, 2, 100, 43801
2026/08/28 14:06:10.481, 3, 100, 43801
2026/08/28 14:06:10.981, 0, 100, 43817
2026/08/28 14:06:10.981, 1, 100, 43801
2026/08/28 14:06:10.981, 2, 100, 43801
2026/08/28 14:06:10.981, 3, 100, 43801
2026/08/28 14:06:11.481, 0, 100, 43817
2026/08/28 14:06:11.481, 1, 100, 43801
2026/08/28 14:06:11.481, 2, 100, 43801
2026/08/28 14:06:11.481, 3, 100, 43801
2026/08/28 14:06:11.981, 0, 100, 43817
2026/08/28 14:06:11.981, 1, 100, 43801
2026/08/28 14:06:11.982, 2, 100, 43801
2026/08/28 14:06:11.982, 3, 100, 43801
2026/08/28 14:06:12.482, 0, 100, 43817
2026/08/28 14:06:12.482, 1, 100, 43801
2026/08/28 14:06:12.482, 2, 100, 43801
2026/08/28 14:06:12.482, 3, 100, 43801
2026/08/28 14:06:12.982, 0, 100, 43817
2026/08/28 14:06:12.982, 1, 100, 43801
2026/08/28 14:06:12.982, 2, 100, 43801
2026/08/28 14:06:12.982, 3, 100, 43801
2026/08/28 14:06:13.482, 0, 52, 43817
2026/08/28 14:06:13.482, 1, 0, 43801
2026/08/28 14:06:13.482, 2, 0, 43801
2026/08/28 14:06:13.482, 3, 0, 43801
2026/08/28 14:06:13.982, 0, 77, 43817
2026/08/28 14:06:13.982, 1, 100, 43801
2026/08/28 14:06:13.982, 2, 100, 43801
2026/08/28 14:06:13.982, 3, 100, 43801
2026/08/28 14:06:14.482, 0, 100, 43817
2026/08/28 14:06:14.482, 1, 100, 43801
2026/08/28 14:06:14.482, 2, 100, 43801
2026/08/28 14:06:14.482, 3, 100, 43801
2026/08/28 14:06:14.982, 0, 100, 43817
2026/08/28 14:06:14.983, 1, 100, 43801
2026/08/28 14:06:14.983, 2, 100, 43801
2026/08/28 14:06:14.983, 3, 100, 43801
2026/08/28 14:06:15.483, 0, 100, 43817
2026/08/28 14:06:15.483, 1, 100, 43801
2026/08/28 14:06:15.483, 2, 100, 43801
2026/08/28 14:06:15.483, 3, 100, 43801
2026/08/28 14:06:15.983, 0, 100, 43817
2026/08/28 14:06:15.983, 1, 100, 43801
2026/08/28 14:06:15.983, 2, 100, 43801
2026/08/28 14:06:15.983, 3, 100, 43801
2026/08/28 14:06:16.483, 0, 100, 43817
2026/08/28 14:06:16.483, 1, 100, 43801
2026/08/28 14:06:16.483, 2, 100, 43801
2026/08/28 14:06:16.483, 3, 100, 43801
2026/08/28 14:06:16.983, 0, 100, 43817
2026/08/28 14:06:16.983, 1, 100, 43801
2026/08/28 14:06:16.983, 2, 100, 43801
2026/08/28 14:06:16.983, 3, 100, 43801
2026/08/28 14:06:17.483, 0, 100, 43817
2026/08/28 14:06:17.483, 1, 100, 43801
2026/08/28 14:06:17.483, 2, 100, 43801
2026/08/28 14:06:17.483, 3, 100, 43801
2026/08/28 14:06:17.984, 0, 100, 43817
2026/08/28 14:06:17.984, 1, 100, 43801
2026/08/28 14:06:17.984, 2, 100, 43801
2026/08/28 14:06:17.984, 3, 100, 43801
2026/08/28 14:06:18.484, 0, 100, 43817
2026/08/28 14:06:18.484, 1, 100, 43801
2026/08/28 14:06:18.484, 2, 100, 43801
2026/08/28 14:06:18.484, 3, 95, 43801
2026/08/28 14:06:18.984, 0, 0, 43817
2026/08/28 14:06:18.984, 1, 0, 43801
2026/08/28 14:06:18.984, 2, 0, 43801
2026/08/28 14:06:18.984, 3, 0, 43801
2026/08/28 14:06:19.484, 0, 100, 43817
2026/08/28 14:06:19.484, 1, 99, 43801
2026/08/28 14:06:19.484, 2, 100, 43801
2026/08/28 14:06:19.484, 3, 100, 43801
2026/08/28 14:06:19.984, 0, 100, 43817
2026/08/28 14:06:19.984, 1, 100, 43801
2026/08/28 14:06:19.984, 2, 100, 43801
2026/08/28 14:06:19.984, 3, 100, 43801
2026/08/28 14:06:20.484, 0, 100, 43817
2026/08/28 14:06:20.484, 1, 100, 43801
2026/08/28 14:06:20.484, 2, 100, 43801
2026/08/28 14:06:20.484, 3, 100, 43801
2026/08/28 14:06:20.984, 0, 100, 43817
2026/08/28 14:06:20.984, 1, 100, 43801
2026/08/28 14:06:20.984, 2, 100, 43801
2026/08/28 14:06:20.984, 3, 100, 43801
2026/08/28 14:06:21.485, 0, 100, 43817
2026/08/28 14:06:21.485, 1, 100, 43801
2026/08/28 14:06:21.485, 2, 100, 43801
2026/08/28 14:06:21.485, 3, 100, 43801
2026/08/28 14:06:21.985, 0, 100, 43817
2026/08/28 14:06:21.985, 1, 100, 43801
2026/08/28 14:06:21.985, 2, 100, 43801
2026/08/28 14:06:21.985, 3, 100, 43801
2026/08/28 14:06:22.485, 0, 100, 43817
2026/08/28 14:06:22.485, 1, 100, 43801
2026/08/28 14:06:22.485, 2, 100, 43801
2026/08/28 14:06:22.485, 3, 100, 43801
2026/08/28 14:06:22.985, 0, 100, 43817
2026/08/28 14:06:22.985, 1, 100, 43801
2026/08/28 14:06:22.985, 2, 100, 43801
2026/08/28 14:06:22.985, 3, 100, 43801
2026/08/28 14:06:23.485, 0, 100, 43817
2026/08/28 14:06:23.485, 1, 100, 43801
2026/08/28 14:06:23.485, 2, 100, 43801
2026/08/28 14:06:23.485, 3, 100, 43801
2026/08/28 14:06:23.985, 0, 0, 43817
2026/08/28 14:06:23.985, 1, 0, 43801
2026/08/28 14:06:23.985, 2, 0, 43801
2026/08/28 14:06:23.985, 3, 0, 43801
2026/08/28 14:06:24.485, 0, 93, 43817
2026/08/28 14:06:24.485, 1, 100, 43801
2026/08/28 14:06:24.485, 2, 100, 43801
2026/08/28 14:06:24.486, 3, 100, 43801
2026/08/28 14:06:24.986, 0, 100, 43817
2026/08/28 14:06:24.986, 1, 100, 43801
2026/08/28 14:06:24.986, 2, 100, 43801
2026/08/28 14:06:24.986, 3, 100, 43801
2026/08/28 14:06:25.486, 0, 100, 43817
2026/08/28 14:06:25.486, 1, 100, 43801
2026/08/28 14:06:25.486, 2, 100, 43801
2026/08/28 14:06:25.486, 3, 100, 43801
2026/08/28 14:06:25.986, 0, 100, 43817
2026/08/28 14:06:25.986, 1, 100, 43801
2026/08/28 14:06:25.986, 2, 100, 43801
2026/08/28 14:06:25.986, 3, 100, 43801
2026/08/28 14:06:26.486, 0, 100, 43817
2026/08/28 14:06:26.486, 1, 100, 43801
2026/08/28 14:06:26.486, 2, 100, 43801
2026/08/28 14:06:26.486, 3, 100, 43801
2026/08/28 14:06:26.986, 0, 100, 43817
2026/08/28 14:06:26.986, 1, 100, 43801
2026/08/28 14:06:26.986, 2, 100, 43801
2026/08/28 14:06:26.986, 3, 100, 43801
2026/08/28 14:06:27.486, 0, 100, 43817
2026/08/28 14:06:27.487, 1, 100, 43801
2026/08/28 14:06:27.487, 2, 100, 43801
2026/08/28 14:06:27.487, 3, 100, 43801
2026/08/28 14:06:27.987, 0, 100, 43817
2026/08/28 14:06:27.987, 1, 100, 43801
2026/08/28 14:06:27.987, 2, 100, 43801
2026/08/28 14:06:27.987, 3, 100, 43801
2026/08/28 14:06:28.487, 0, 100, 43817
2026/08/28 14:06:28.487, 1, 100, 43801
2026/08/28 14:06:28.487, 2, 100, 43801
2026/08/28 14:06:28.487, 3, 100, 43801
2026/08/28 14:06:28.987, 0, 15, 43817
2026/08/28 14:06:28.987, 1, 0, 43801
2026/08/28 14:06:28.987, 2, 0, 43801
2026/08/28 14:06:28.987, 3, 0, 43801
2026/08/28 14:06:29.487, 0, 0, 43817
2026/08/28 14:06:29.487, 1, 0, 43801
2026/08/28 14:06:29.487, 2, 0, 43801
2026/08/28 14:06:29.487, 3, 6, 43801
2026/08/28 14:06:29.987, 0, 100, 43817
2026/08/28 14:06:29.987, 1, 100, 43801
2026/08/28 14:06:29.987, 2, 100, 43801
2026/08/28 14:06:29.987, 3, 100, 43801
2026/08/28 14:06:30.488, 0, 100, 43817
2026/08/28 14:06:30.488, 1, 100, 43801
2026/08/28 14:06:30.488, 2, 100, 43801
2026/08/28 14:06:30.488, 3, 100, 43801
2026/08/28 14:06:30.988, 0, 100, 43817
2026/08/28 14:06:30.988, 1, 100, 43801
2026/08/28 14:06:30.988, 2, 100, 43801
2026/08/28 14:06:30.988, 3, 100, 43801
2026/08/28 14:06:31.488, 0, 100, 43817
2026/08/28 14:06:31.488, 1, 100, 43801
2026/08/28 14:06:31.488, 2, 100, 43801
2026/08/28 14:06:31.488, 3, 100, 43801
2026/08/28 14:06:31.988, 0, 100, 43817
2026/08/28 14:06:31.988, 1, 100, 43801
2026/08/28 14:06:31.988, 2, 100, 43801
2026/08/28 14:06:31.988, 3, 100, 43801
2026/08/28 14:06:32.488, 0, 100, 43817
2026/08/28 14:06:32.488, 1, 100, 43801
2026/08/28 14:06:32.488, 2, 100, 43801
2026/08/28 14:06:32.488, 3, 100, 43801
2026/08/28 14:06:32.988, 0, 100, 43817
2026/08/28 14:06:32.988, 1, 100, 43801
2026/08/28 14:06:32.988, 2, 100, 43801
2026/08/28 14:06:32.988, 3, 100, 43801
2026/08/28 14:06:33.488, 0, 100, 43817
2026/08/28 14:06:33.488, 1, 100, 43801
2026/08/28 14:06:33.488, 2, 100, 43801
2026/08/28 14:06:33.488, 3, 100, 43801
2026/08/28 14:06:33.989, 0, 100, 43817
2026/08/28 14:06:33.989, 1, 100, 43801
2026/08/28 14:06:33.989, 2, 100, 43801
2026/08/28 14:06:33.989, 3, 100, 43801
2026/08/28 14:06:34.489, 0, 0, 43817
2026/08/28 14:06:34.489, 1, 0, 43801
2026/08/28 14:06:34.489, 2, 0, 43801
2026/08/28 14:06:34.489, 3, 0, 43801
2026/08/28 14:06:34.989, 0, 99, 43817
2026/08/28 14:06:34.989, 1, 100, 43801
2026/08/28 14:06:34.989, 2, 100, 43801
2026/08/28 14:06:34.989, 3, 100, 43801
2026/08/28 14:06:35.489, 0, 100, 43817
2026/08/28 14:06:35.489, 1, 100, 43801
2026/08/28 14:06:35.489, 2, 100, 43801
2026/08/28 14:06:35.489, 3, 100, 43801
2026/08/28 14:06:35.989, 0, 100, 43817
2026/08/28 14:06:35.989, 1, 100, 43801
2026/08/28 14:06:35.989, 2, 100, 43801
2026/08/28 14:06:35.989, 3, 100, 43801
2026/08/28 14:06:36.489, 0, 100, 43817
2026/08/28 14:06:36.489, 1, 100, 43801
2026/08/28 14:06:36.490, 2, 100, 43801
2026/08/28 14:06:36.490, 3, 100, 43801
2026/08/28 14:06:36.990, 0, 100, 43817
2026/08/28 14:06:36.990, 1, 100, 43801
2026/08/28 14:06:36.990, 2, 100, 43801
2026/08/28 14:06:36.990, 3, 100, 43801
2026/08/28 14:06:37.490, 0, 100, 43817
2026/08/28 14:06:37.490, 1, 100, 43801
2026/08/28 14:06:37.490, 2, 100, 43801
2026/08/28 14:06:37.490, 3, 100, 43801
2026/08/28 14:06:37.990, 0, 100, 43817
2026/08/28 14:06:37.990, 1, 100, 43801
2026/08/28 14:06:37.990, 2, 100, 43801
2026/08/28 14:06:37.990, 3, 100, 43801
2026/08/28 14:06:38.490, 0, 100, 43817
2026/08/28 14:06:38.490, 1, 100, 43801
2026/08/28 14:06:38.490, 2, 100, 43801
2026/08/28 14:06:38.490, 3, 100, 43801
2026/08/28 14:06:38.990, 0, 100, 43817
2026/08/28 14:06:38.990, 1, 100, 43801
2026/08/28 14:06:38.990, 2, 100, 43801
2026/08/28 14:06:38.990, 3, 100, 43801
2026/08/28 14:06:39.490, 0, 0, 43817
2026/08/28 14:06:39.491, 1, 0, 43801
2026/08/28 14:06:39.491, 2, 0, 43801
2026/08/28 14:06:39.491, 3, 0, 43801
2026/08/28 14:06:39.991, 0, 100, 43817
2026/08/28 14:06:39.991, 1, 100, 43801
2026/08/28 14:06:39.991, 2, 100, 43801
2026/08/28 14:06:39.991, 3, 100, 43801
2026/08/28 14:06:40.491, 0, 100, 43817
2026/08/28 14:06:40.491, 1, 100, 43801
2026/08/28 14:06:40.491, 2, 100, 43801
2026/08/28 14:06:40.491, 3, 100, 43801
2026/08/28 14:06:40.991, 0, 100, 43817
2026/08/28 14:06:40.991, 1, 100, 43801
2026/08/28 14:06:40.991, 2, 100, 43801
2026/08/28 14:06:40.991, 3, 100, 43801
2026/08/28 14:06:41.491, 0, 100, 43817
2026/08/28 14:06:41.491, 1, 100, 43801
2026/08/28 14:06:41.491, 2, 100, 43801
2026/08/28 14:06:41.491, 3, 100, 43801
2026/08/28 14:06:41.991, 0, 100, 43817
2026/08/28 14:06:41.991, 1, 100, 43801
2026/08/28 14:06:41.991, 2, 100, 43801
2026/08/28 14:06:41.991, 3, 100, 43801
2026/08/28 14:06:42.492, 0, 100, 43817
2026/08/28 14:06:42.492, 1, 100, 43801
2026/08/28 14:06:42.492, 2, 100, 43801
2026/08/28 14:06:42.492, 3, 100, 43801
2026/08/28 14:06:42.992, 0, 100, 43817
2026/08/28 14:06:42.992, 1, 100, 43801
2026/08/28 14:06:42.992, 2, 100, 43801
2026/08/28 14:06:42.992, 3, 100, 43801
2026/08/28 14:06:43.492, 0, 100, 43817
2026/08/28 14:06:43.492, 1, 100, 43801
2026/08/28 14:06:43.492, 2, 100, 43801
2026/08/28 14:06:43.492, 3, 100, 43801
2026/08/28 14:06:43.992, 0, 100, 43817
2026/08/28 14:06:43.992, 1, 100, 43801
2026/08/28 14:06:43.992, 2, 100, 43801
2026/08/28 14:06:43.992, 3, 100, 43801
2026/08/28 14:06:44.492, 0, 100, 43817
2026/08/28 14:06:44.492, 1, 100, 43801
2026/08/28 14:06:44.492, 2, 84, 43801
2026/08/28 14:06:44.492, 3, 61, 43801
2026/08/28 14:06:44.992, 0, 0, 43817
2026/08/28 14:06:44.992, 1, 14, 43801
2026/08/28 14:06:44.993, 2, 44, 43801
2026/08/28 14:06:44.993, 3, 66, 43801
2026/08/28 14:06:45.493, 0, 99, 43817
2026/08/28 14:06:45.493, 1, 100, 43801
2026/08/28 14:06:45.493, 2, 100, 43801
2026/08/28 14:06:45.493, 3, 100, 43801
2026/08/28 14:06:45.993, 0, 100, 43817
2026/08/28 14:06:45.993, 1, 100, 43801
2026/08/28 14:06:45.993, 2, 100, 43801
2026/08/28 14:06:45.993, 3, 100, 43801
2026/08/28 14:06:46.493, 0, 100, 43817
2026/08/28 14:06:46.493, 1, 100, 43801
2026/08/28 14:06:46.493, 2, 100, 43801
2026/08/28 14:06:46.493, 3, 100, 43801
2026/08/28 14:06:46.993, 0, 100, 43817
2026/08/28 14:06:46.993, 1, 100, 43801
2026/08/28 14:06:46.993, 2, 100, 43801
2026/08/28 14:06:46.993, 3, 100, 43801
2026/08/28 14:06:47.493, 0, 100, 43817
2026/08/28 14:06:47.493, 1, 100, 43801
2026/08/28 14:06:47.493, 2, 100, 43801
2026/08/28 14:06:47.493, 3, 100, 43801
2026/08/28 14:06:47.994, 0, 100, 43817
2026/08/28 14:06:47.994, 1, 100, 43801
2026/08/28 14:06:47.994, 2, 100, 43801
2026/08/28 14:06:47.994, 3, 100, 43801
2026/08/28 14:06:48.494, 0, 100, 43817
2026/08/28 14:06:48.494, 1, 100, 43801
2026/08/28 14:06:48.494, 2, 100, 43801
2026/08/28 14:06:48.494, 3, 100, 43801
2026/08/28 14:06:48.994, 0, 100, 43817
2026/08/28 14:06:48.994, 1, 100, 43801
2026/08/28 14:06:48.994, 2, 100, 43801
2026/08/28 14:06:48.994, 3, 100, 43801
2026/08/28 14:06:49.494, 0, 100, 43817
2026/08/28 14:06:49.494, 1, 100, 43801
2026/08/28 14:06:49.494, 2, 100, 43801
2026/08/28 14:06:49.494, 3, 100, 43801
2026/08/28 14:06:49.994, 0, 0, 43817
2026/08/28 14:06:49.994, 1, 0, 43801
2026/08/28 14:06:49.994, 2, 0, 43801
2026/08/28 14:06:49.994, 3, 0, 43801
2026/08/28 14:06:50.494, 0, 100, 43817
2026/08/28 14:06:50.495, 1, 100, 43801
2026/08/28 14:06:50.495, 2, 100, 43801
2026/08/28 14:06:50.495, 3, 100, 43801
2026/08/28 14:06:50.995, 0, 100, 43817
2026/08/28 14:06:50.995, 1, 100, 43801
2026/08/28 14:06:50.995, 2, 100, 43801
2026/08/28 14:06:50.995, 3, 100, 43801
2026/08/28 14:06:51.495, 0, 100, 43817
2026/08/28 14:06:51.495, 1, 100, 43801
2026/08/28 14:06:51.495, 2, 100, 43801
2026/08/28 14:06:51.495, 3, 100, 43801
2026/08/28 14:06:51.995, 0, 100, 43817
2026/08/28 14:06:51.995, 1, 100, 43801
2026/08/28 14:06:51.995, 2, 100, 43801
2026/08/28 14:06:51.995, 3, 100, 43801
2026/08/28 14:06:52.495, 0, 100, 43817
2026/08/28 14:06:52.495, 1, 100, 43801
2026/08/28 14:06:52.495, 2, 100, 43801
2026/08/28 14:06:52.495, 3, 100, 43801
2026/08/28 14:06:52.995, 0, 100, 43817
2026/08/28 14:06:52.995, 1, 100, 43801
2026/08/28 14:06:52.995, 2, 100, 43801
2026/08/28 14:06:52.995, 3, 100, 43801
2026/08/28 14:06:53.495, 0, 100, 43817
2026/08/28 14:06:53.495, 1, 100, 43801
2026/08/28 14:06:53.495, 2, 100, 43801
2026/08/28 14:06:53.495, 3, 100, 43801
2026/08/28 14:06:53.996, 0, 100, 43817
2026/08/28 14:06:53.996, 1, 100, 43801
2026/08/28 14:06:53.996, 2, 100, 43801
2026/08/28 14:06:53.996, 3, 100, 43801
2026/08/28 14:06:54.496, 0, 100, 43817
2026/08/28 14:06:54.496, 1, 100, 43801
2026/08/28 14:06:54.496, 2, 100, 43801
2026/08/28 14:06:54.496, 3, 100, 43801
2026/08/28 14:06:54.996, 0, 0, 43817
2026/08/28 14:06:54.996, 1, 0, 43801
2026/08/28 14:06:54.996, 2, 0, 43801
2026/08/28 14:06:54.996, 3, 0, 43801
2026/08/28 14:06:55.496, 0, 76, 43817
2026/08/28 14:06:55.496, 1, 52, 43801
2026/08/28 14:06:55.496, 2, 85, 43801
2026/08/28 14:06:55.496, 3, 100, 43801
2026/08/28 14:06:55.996, 0, 100, 43817
2026/08/28 14:06:55.996, 1, 100, 43801
2026/08/28 14:06:55.996, 2, 100, 43801
2026/08/28 14:06:55.996, 3, 100, 43801
2026/08/28 14:06:56.496, 0, 100, 43817
2026/08/28 14:06:56.496, 1, 100, 43801
2026/08/28 14:06:56.496, 2, 100, 43801
2026/08/28 14:06:56.496, 3, 100, 43801
2026/08/28 14:06:56.996, 0, 100, 43817
2026/08/28 14:06:56.997, 1, 100, 43801
2026/08/28 14:06:56.997, 2, 100, 43801
2026/08/28 14:06:56.997, 3, 100, 43801
2026/08/28 14:06:57.497, 0, 100, 43817
2026/08/28 14:06:57.497, 1, 100, 43801
2026/08/28 14:06:57.497, 2, 100, 43801
2026/08/28 14:06:57.497, 3, 100, 43801
2026/08/28 14:06:57.997, 0, 100, 43817
2026/08/28 14:06:57.997, 1, 100, 43801
2026/08/28 14:06:57.997, 2, 100, 43801
2026/08/28 14:06:57.997, 3, 100, 43801
2026/08/28 14:06:58.497, 0, 100, 43817
2026/08/28 14:06:58.497, 1, 100, 43801
2026/08/28 14:06:58.497, 2, 100, 43801
2026/08/28 14:06:58.497, 3, 100, 43801
2026/08/28 14:06:58.997, 0, 100, 43817
2026/08/28 14:06:58.997, 1, 100, 43801
2026/08/28 14:06:58.997, 2, 100, 43801
2026/08/28 14:06:58.997, 3, 100, 43801
2026/08/28 14:06:59.497, 0, 100, 43817
2026/08/28 14:06:59.497, 1, 100, 43801
2026/08/28 14:06:59.497, 2, 100, 43801
2026/08/28 14:06:59.497, 3, 100, 43801
2026/08/28 14:06:59.997, 0, 32, 43817
2026/08/28 14:06:59.998, 1, 56, 43801
2026/08/28 14:06:59.998, 2, 23, 43801
2026/08/28 14:06:59.998, 3, 3, 43801
2026/08/28 14:07:00.498, 0, 0, 43817
2026/08/28 14:07:00.498, 1, 0, 43801
2026/08/28 14:07:00.498, 2, 0, 43801
2026/08/28 14:07:00.498, 3, 0, 43801
2026/08/28 14:07:00.998, 0, 100, 43817
2026/08/28 14:07:00.998, 1, 100, 43801
2026/08/28 14:07:00.998, 2, 100, 43801
2026/08/28 14:07:00.998, 3, 100, 43801
2026/08/28 14:07:01.498, 0, 100, 43817
2026/08/28 14:07:01.498, 1, 100, 43801
2026/08/28 14:07:01.498, 2, 100, 43801
2026/08/28 14:07:01.498, 3, 100, 43801
2026/08/28 14:07:01.998, 0, 100, 43817
2026/08/28 14:07:01.998, 1, 100, 43801
2026/08/28 14:07:01.998, 2, 100, 43801
2026/08/28 14:07:01.998, 3, 100, 43801
2026/08/28 14:07:02.498, 0, 100, 43817
2026/08/28 14:07:02.498, 1, 100, 43801
2026/08/28 14:07:02.498, 2, 100, 43801
2026/08/28 14:07:02.498, 3, 100, 43801
2026/08/28 14:07:02.999, 0, 100, 43817
2026/08/28 14:07:02.999, 1, 100, 43801
2026/08/28 14:07:02.999, 2, 100, 43801
2026/08/28 14:07:02.999, 3, 100, 43801
2026/08/28 14:07:03.499, 0, 100, 43817
2026/08/28 14:07:03.499, 1, 100, 43801
2026/08/28 14:07:03.499, 2, 100, 43801
2026/08/28 14:07:03.499, 3, 100, 43801
2026/08/28 14:07:03.999, 0, 100, 43817
2026/08/28 14:07:03.999, 1, 100, 43801
2026/08/28 14:07:03.999, 2, 100, 43801
2026/08/28 14:07:03.999, 3, 100, 43801
2026/08/28 14:07:04.499, 0, 100, 43817
2026/08/28 14:07:04.499, 1, 100, 43801
2026/08/28 14:07:04.499, 2, 100, 43801
2026/08/28 14:07:04.499, 3, 100, 43801
2026/08/28 14:07:04.999, 0, 100, 43817
2026/08/28 14:07:04.999, 1, 100, 43801
2026/08/28 14:07:04.999, 2, 100, 43801
2026/08/28 14:07:04.999, 3, 100, 43801
2026/08/28 14:07:05.499, 0, 0, 43817
2026/08/28 14:07:05.499, 1, 0, 43801
2026/08/28 14:07:05.500, 2, 0, 43801
2026/08/28 14:07:05.500, 3, 0, 43801
2026/08/28 14:07:06.000, 0, 99, 43817
2026/08/28 14:07:06.000, 1, 99, 43801
2026/08/28 14:07:06.000, 2, 99, 43801
2026/08/28 14:07:06.000, 3, 100, 43801
2026/08/28 14:07:06.500, 0, 100, 43817
2026/08/28 14:07:06.500, 1, 100, 43801
2026/08/28 14:07:06.500, 2, 100, 43801
2026/08/28 14:07:06.500, 3, 100, 43801
2026/08/28 14:07:07.000, 0, 100, 43817
2026/08/28 14:07:07.000, 1, 100, 43801
2026/08/28 14:07:07.000, 2, 100, 43801
2026/08/28 14:07:07.000, 3, 100, 43801
2026/08/28 14:07:07.500, 0, 100, 43817
2026/08/28 14:07:07.500, 1, 100, 43801
2026/08/28 14:07:07.500, 2, 100, 43801
2026/08/28 14:07:07.500, 3, 100, 43801
2026/08/28 14:07:08.000, 0, 100, 43817
2026/08/28 14:07:08.000, 1, 100, 43801
2026/08/28 14:07:08.000, 2, 100, 43801
2026/08/28 14:07:08.000, 3, 100, 43801
2026/08/28 14:07:08.501, 0, 100, 43817
2026/08/28 14:07:08.501, 1, 100, 43801
2026/08/28 14:07:08.501, 2, 100, 43801
2026/08/28 14:07:08.501, 3, 100, 43801
2026/08/28 14:07:09.001, 0, 100, 43817
2026/08/28 14:07:09.001, 1, 100, 43801
2026/08/28 14:07:09.001, 2, 100, 43801
2026/08/28 14:07:09.001, 3, 100, 43801
2026/08/28 14:07:09.501, 0, 100, 43817
2026/08/28 14:07:09.501, 1, 100, 43801
2026/08/28 14:07:09.501, 2, 100, 43801
2026/08/28 14:07:09.501, 3, 100, 43801
2026/08/28 14:07:10.001, 0, 100, 43817
2026/08/28 14:07:10.001, 1, 100, 43801
2026/08/28 14:07:10.001, 2, 100, 43801
2026/08/28 14:07:10.001, 3, 100, 43801
2026/08/28 14:07:10.501, 0, 0, 43817
2026/08/28 14:07:10.501, 1, 3, 43801
2026/08/28 14:07:10.501, 2, 0, 43801
2026/08/28 14:07:10.501, 3, 0, 43801
2026/08/28 14:07:11.001, 0, 100, 43817
2026/08/28 14:07:11.002, 1, 100, 43801
2026/08/28 14:07:11.002, 2, 100, 43801
2026/08/28 14:07:11.002, 3, 100, 43801
2026/08/28 14:07:11.502, 0, 100, 43817
2026/08/28 14:07:11.502, 1, 100, 43801
2026/08/28 14:07:11.502, 2, 100, 43801
2026/08/28 14:07:11.502, 3, 100, 43801
2026/08/28 14:07:12.002, 0, 100, 43817
2026/08/28 14:07:12.002, 1, 100, 43801
2026/08/28 14:07:12.002, 2, 100, 43801
2026/08/28 14:07:12.002, 3, 100, 43801
2026/08/28 14:07:12.502, 0, 100, 43817
2026/08/28 14:07:12.502, 1, 100, 43801
2026/08/28 14:07:12.502, 2, 100, 43801
2026/08/28 14:07:12.502, 3, 100, 43801
2026/08/28 14:07:13.002, 0, 100, 43817
2026/08/28 14:07:13.002, 1, 100, 43801
2026/08/28 14:07:13.002, 2, 100, 43801
2026/08/28 14:07:13.002, 3, 100, 43801
2026/08/28 14:07:13.503, 0, 100, 43817
2026/08/28 14:07:13.503, 1, 100, 43801
2026/08/28 14:07:13.503, 2, 100, 43801
2026/08/28 14:07:13.503, 3, 100, 43801
2026/08/28 14:07:14.003, 0, 100, 43817
2026/08/28 14:07:14.003, 1, 100, 43801
2026/08/28 14:07:14.003, 2, 100, 43801
2026/08/28 14:07:14.003, 3, 100, 43801
2026/08/28 14:07:14.503, 0, 100, 43817
2026/08/28 14:07:14.503, 1, 100, 43801
2026/08/28 14:07:14.503, 2, 100, 43801
2026/08/28 14:07:14.503, 3, 100, 43801
2026/08/28 14:07:15.003, 0, 100, 43817
2026/08/28 14:07:15.003, 1, 100, 43801
2026/08/28 14:07:15.003, 2, 100, 43801
2026/08/28 14:07:15.003, 3, 100, 43801
2026/08/28 14:07:15.503, 0, 100, 43817
2026/08/28 14:07:15.503, 1, 100, 43801
2026/08/28 14:07:15.503, 2, 100, 43801
2026/08/28 14:07:15.503, 3, 100, 43801
2026/08/28 14:07:16.003, 0, 0, 43817
2026/08/28 14:07:16.003, 1, 0, 43801
2026/08/28 14:07:16.003, 2, 2, 43801
2026/08/28 14:07:16.004, 3, 22, 43801
2026/08/28 14:07:16.504, 0, 100, 43817
2026/08/28 14:07:16.504, 1, 100, 43801
2026/08/28 14:07:16.504, 2, 100, 43801
2026/08/28 14:07:16.504, 3, 100, 43801
2026/08/28 14:07:17.004, 0, 100, 43817
2026/08/28 14:07:17.004, 1, 100, 43801
2026/08/28 14:07:17.004, 2, 100, 43801
2026/08/28 14:07:17.004, 3, 100, 43801
2026/08/28 14:07:17.504, 0, 100, 43817
2026/08/28 14:07:17.504, 1, 100, 43801
2026/08/28 14:07:17.504, 2, 100, 43801
2026/08/28 14:07:17.504, 3, 100, 43801
2026/08/28 14:07:18.004, 0, 100, 43817
2026/08/28 14:07:18.004, 1, 100, 43801
2026/08/28 14:07:18.004, 2, 100, 43801
2026/08/28 14:07:18.004, 3, 100, 43801
2026/08/28 14:07:18.504, 0, 100, 43817
2026/08/28 14:07:18.504, 1, 100, 43801
2026/08/28 14:07:18.504, 2, 100, 43801
2026/08/28 14:07:18.504, 3, 100, 43801
2026/08/28 14:07:19.005, 0, 100, 43817
2026/08/28 14:07:19.005, 1, 100, 43801
2026/08/28 14:07:19.005, 2, 100, 43801
2026/08/28 14:07:19.005, 3, 100, 43801
2026/08/28 14:07:19.505, 0, 100, 43817
2026/08/28 14:07:19.505, 1, 100, 43801
2026/08/28 14:07:19.505, 2, 100, 43801
2026/08/28 14:07:19.505, 3, 100, 43801
2026/08/28 14:07:20.005, 0, 100, 43817
2026/08/28 14:07:20.005, 1, 100, 43801
2026/08/28 14:07:20.005, 2, 100, 43801
2026/08/28 14:07:20.005, 3, 100, 43801
2026/08/28 14:07:20.505, 0, 100, 43817
2026/08/28 14:07:20.505, 1, 100, 43801
2026/08/28 14:07:20.505, 2, 100, 43801
2026/08/28 14:07:20.505, 3, 100, 43801
2026/08/28 14:07:21.005, 0, 0, 43817
2026/08/28 14:07:21.005, 1, 0, 43801
2026/08/28 14:07:21.005, 2, 0, 43801
2026/08/28 14:07:21.005, 3, 0, 43801
2026/08/28 14:07:21.505, 0, 100, 43817
2026/08/28 14:07:21.506, 1, 100, 43801
2026/08/28 14:07:21.506, 2, 100, 43801
2026/08/28 14:07:21.506, 3, 99, 43801
2026/08/28 14:07:22.006, 0, 100, 43817
2026/08/28 14:07:22.006, 1, 100, 43801
2026/08/28 14:07:22.006, 2, 100, 43801
2026/08/28 14:07:22.006, 3, 100, 43801
2026/08/28 14:07:22.506, 0, 100, 43817
2026/08/28 14:07:22.506, 1, 100, 43801
2026/08/28 14:07:22.506, 2, 100, 43801
2026/08/28 14:07:22.506, 3, 100, 43801
2026/08/28 14:07:23.006, 0, 100, 43817
2026/08/28 14:07:23.006, 1, 100, 43801
2026/08/28 14:07:23.006, 2, 100, 43801
2026/08/28 14:07:23.006, 3, 100, 43801
2026/08/28 14:07:23.506, 0, 100, 43817
2026/08/28 14:07:23.506, 1, 100, 43801
2026/08/28 14:07:23.506, 2, 100, 43801
2026/08/28 14:07:23.506, 3, 100, 43801
2026/08/28 14:07:24.007, 0, 100, 43817
2026/08/28 14:07:24.007, 1, 100, 43801
2026/08/28 14:07:24.007, 2, 100, 43801
2026/08/28 14:07:24.007, 3, 100, 43801
2026/08/28 14:07:24.507, 0, 100, 43817
2026/08/28 14:07:24.507, 1, 100, 43801
2026/08/28 14:07:24.507, 2, 100, 43801
2026/08/28 14:07:24.507, 3, 100, 43801
2026/08/28 14:07:25.007, 0, 100, 43817
2026/08/28 14:07:25.007, 1, 100, 43801
2026/08/28 14:07:25.007, 2, 100, 43801
2026/08/28 14:07:25.007, 3, 100, 43801
2026/08/28 14:07:25.507, 0, 100, 43817
2026/08/28 14:07:25.507, 1, 100, 43801
2026/08/28 14:07:25.507, 2, 100, 43801
2026/08/28 14:07:25.507, 3, 100, 43801
2026/08/28 14:07:26.007, 0, 0, 43817
2026/08/28 14:07:26.007, 1, 0, 43801
2026/08/28 14:07:26.007, 2, 0, 43801
2026/08/28 14:07:26.007, 3, 0, 43801
2026/08/28 14:07:26.507, 0, 83, 43817
2026/08/28 14:07:26.507, 1, 59, 43801
2026/08/28 14:07:26.507, 2, 92, 43801
2026/08/28 14:07:26.508, 3, 100, 43801
2026/08/28 14:07:27.008, 0, 100, 43817
2026/08/28 14:07:27.008, 1, 100, 43801
2026/08/28 14:07:27.008, 2, 100, 43801
2026/08/28 14:07:27.008, 3, 100, 43801
2026/08/28 14:07:27.508, 0, 100, 43817
2026/08/28 14:07:27.508, 1, 100, 43801
2026/08/28 14:07:27.508, 2, 100, 43801
2026/08/28 14:07:27.508, 3, 100, 43801
2026/08/28 14:07:28.008, 0, 100, 43817
2026/08/28 14:07:28.008, 1, 100, 43801
2026/08/28 14:07:28.008, 2, 100, 43801
2026/08/28 14:07:28.008, 3, 100, 43801
2026/08/28 14:07:28.508, 0, 100, 43817
2026/08/28 14:07:28.508, 1, 100, 43801
2026/08/28 14:07:28.508, 2, 100, 43801
2026/08/28 14:07:28.508, 3, 100, 43801
2026/08/28 14:07:29.008, 0, 100, 43817
2026/08/28 14:07:29.008, 1, 100, 43801
2026/08/28 14:07:29.008, 2, 100, 43801
2026/08/28 14:07:29.008, 3, 100, 43801
2026/08/28 14:07:29.509, 0, 100, 43817
2026/08/28 14:07:29.509, 1, 100, 43801
2026/08/28 14:07:29.509, 2, 100, 43801
2026/08/28 14:07:29.509, 3, 100, 43801
2026/08/28 14:07:30.009, 0, 100, 43817
2026/08/28 14:07:30.009, 1, 100, 43801
2026/08/28 14:07:30.009, 2, 100, 43801
2026/08/28 14:07:30.009, 3, 100, 43801
2026/08/28 14:07:30.509, 0, 100, 43817
2026/08/28 14:07:30.509, 1, 100, 43801
2026/08/28 14:07:30.509, 2, 100, 43801
2026/08/28 14:07:30.509, 3, 100, 43801
2026/08/28 14:07:31.009, 0, 23, 43817
2026/08/28 14:07:31.009, 1, 47, 43801
2026/08/28 14:07:31.009, 2, 14, 43801
2026/08/28 14:07:31.009, 3, 0, 43801
2026/08/28 14:07:31.509, 0, 0, 43817
2026/08/28 14:07:31.509, 1, 0, 43801
2026/08/28 14:07:31.509, 2, 0, 43801
2026/08/28 14:07:31.509, 3, 0, 43801
2026/08/28 14:07:32.009, 0, 100, 43817
2026/08/28 14:07:32.010, 1, 100, 43801
2026/08/28 14:07:32.010, 2, 100, 43801
2026/08/28 14:07:32.010, 3, 100, 43801
2026/08/28 14:07:32.510, 0, 100, 43817
2026/08/28 14:07:32.510, 1, 100, 43801
2026/08/28 14:07:32.510, 2, 100, 43801
2026/08/28 14:07:32.510, 3, 100, 43801
2026/08/28 14:07:33.010, 0, 100, 43817
2026/08/28 14:07:33.010, 1, 100, 43801
2026/08/28 14:07:33.010, 2, 100, 43801
2026/08/28 14:07:33.010, 3, 100, 43801
2026/08/28 14:07:33.510, 0, 100, 43817
2026/08/28 14:07:33.510, 1, 100, 43801
2026/08/28 14:07:33.510, 2, 100, 43801
2026/08/28 14:07:33.510, 3, 100, 43801
2026/08/28 14:07:34.010, 0, 100, 43817
2026/08/28 14:07:34.010, 1, 100, 43801
2026/08/28 14:07:34.010, 2, 100, 43801
2026/08/28 14:07:34.010, 3, 100, 43801
2026/08/28 14:07:34.510, 0, 100, 43817
2026/08/28 14:07:34.510, 1, 100, 43801
2026/08/28 14:07:34.510, 2, 100, 43801
2026/08/28 14:07:34.510, 3, 100, 43801
2026/08/28 14:07:35.011, 0, 100, 43817
2026/08/28 14:07:35.011, 1, 100, 43801
2026/08/28 14:07:35.011, 2, 100, 43801
2026/08/28 14:07:35.011, 3, 100, 43801
2026/08/28 14:07:35.511, 0, 100, 43817
2026/08/28 14:07:35.511, 1, 100, 43801
2026/08/28 14:07:35.511, 2, 100, 43801
2026/08/28 14:07:35.511, 3, 100, 43801
2026/08/28 14:07:36.011, 0, 100, 43817
2026/08/28 14:07:36.011, 1, 100, 43801
2026/08/28 14:07:36.011, 2, 100, 43801
2026/08/28 14:07:36.011, 3, 100, 43801
2026/08/28 14:07:36.511, 0, 0, 43817
2026/08/28 14:07:36.511, 1, 0, 43801
2026/08/28 14:07:36.511, 2, 0, 43801
2026/08/28 14:07:36.511, 3, 0, 43801
2026/08/28 14:07:37.011, 0, 74, 43817
2026/08/28 14:07:37.011, 1, 51, 43801
2026/08/28 14:07:37.011, 2, 79, 43801
2026/08/28 14:07:37.011, 3, 85, 43801
2026/08/28 14:07:37.511, 0, 100, 43817
2026/08/28 14:07:37.512, 1, 100, 43801
2026/08/28 14:07:37.512, 2, 100, 43801
2026/08/28 14:07:37.512, 3, 100, 43801
2026/08/28 14:07:38.012, 0, 100, 43817
2026/08/28 14:07:38.012, 1, 100, 43801
2026/08/28 14:07:38.012, 2, 100, 43801
2026/08/28 14:07:38.012, 3, 100, 43801
2026/08/28 14:07:38.512, 0, 100, 43817
2026/08/28 14:07:38.512, 1, 100, 43801
2026/08/28 14:07:38.512, 2, 100, 43801
2026/08/28 14:07:38.512, 3, 100, 43801
2026/08/28 14:07:39.012, 0, 100, 43817
2026/08/28 14:07:39.012, 1, 100, 43801
2026/08/28 14:07:39.012, 2, 100, 43801
2026/08/28 14:07:39.012, 3, 100, 43801
2026/08/28 14:07:39.512, 0, 100, 43817
2026/08/28 14:07:39.512, 1, 100, 43801
2026/08/28 14:07:39.512, 2, 100, 43801
2026/08/28 14:07:39.512, 3, 100, 43801
2026/08/28 14:07:40.012, 0, 100, 43817
2026/08/28 14:07:40.013, 1, 100, 43801
2026/08/28 14:07:40.013, 2, 100, 43801
2026/08/28 14:07:40.013, 3, 100, 43801
2026/08/28 14:07:40.513, 0, 100, 43817
2026/08/28 14:07:40.513, 1, 100, 43801
2026/08/28 14:07:40.513, 2, 100, 43801
2026/08/28 14:07:40.513, 3, 100, 43801
2026/08/28 14:07:41.013, 0, 100, 43817
2026/08/28 14:07:41.013, 1, 100, 43801
2026/08/28 14:07:41.013, 2, 100, 43801
2026/08/28 14:07:41.013, 3, 100, 43801
2026/08/28 14:07:41.513, 0, 100, 43817
2026/08/28 14:07:41.513, 1, 100, 43801
2026/08/28 14:07:41.513, 2, 100, 43801
2026/08/28 14:07:41.513, 3, 100, 43801
2026/08/28 14:07:42.013, 0, 0, 43817
2026/08/28 14:07:42.013, 1, 0, 43801
2026/08/28 14:07:42.013, 2, 0, 43801
2026/08/28 14:07:42.013, 3, 0, 43801
2026/08/28 14:07:42.514, 0, 100, 43817
2026/08/28 14:07:42.514, 1, 100, 43801
2026/08/28 14:07:42.514, 2, 100, 43801
2026/08/28 14:07:42.514, 3, 99, 43801
2026/08/28 14:07:43.014, 0, 100, 43817
2026/08/28 14:07:43.014, 1, 100, 43801
2026/08/28 14:07:43.014, 2, 100, 43801
2026/08/28 14:07:43.014, 3, 100, 43801
2026/08/28 14:07:43.514, 0, 100, 43817
2026/08/28 14:07:43.514, 1, 100, 43801
2026/08/28 14:07:43.514, 2, 100, 43801
2026/08/28 14:07:43.514, 3, 100, 43801
2026/08/28 14:07:44.014, 0, 100, 43817
2026/08/28 14:07:44.014, 1, 100, 43801
2026/08/28 14:07:44.014, 2, 100, 43801
2026/08/28 14:07:44.014, 3, 100, 43801
2026/08/28 14:07:44.514, 0, 100, 43817
2026/08/28 14:07:44.515, 1, 100, 43801
2026/08/28 14:07:44.515, 2, 100, 43801
2026/08/28 14:07:44.515, 3, 100, 43801
2026/08/28 14:07:45.015, 0, 100, 43817
2026/08/28 14:07:45.015, 1, 100, 43801
2026/08/28 14:07:45.015, 2, 100, 43801
2026/08/28 14:07:45.015, 3, 100, 43801
2026/08/28 14:07:45.515, 0, 100, 43817
2026/08/28 14:07:45.515, 1, 100, 43801
2026/08/28 14:07:45.515, 2, 100, 43801
2026/08/28 14:07:45.515, 3, 100, 43801
2026/08/28 14:07:46.015, 0, 100, 43817
2026/08/28 14:07:46.015, 1, 100, 43801
2026/08/28 14:07:46.015, 2, 100, 43801
2026/08/28 14:07:46.015, 3, 100, 43801
2026/08/28 14:07:46.515, 0, 100, 43817
2026/08/28 14:07:46.515, 1, 100, 43801
2026/08/28 14:07:46.515, 2, 100, 43801
2026/08/28 14:07:46.515, 3, 100, 43801
2026/08/28 14:07:47.016, 0, 0, 43817
2026/08/28 14:07:47.016, 1, 0, 43801
2026/08/28 14:07:47.016, 2, 0, 43801
2026/08/28 14:07:47.016, 3, 0, 43801
2026/08/28 14:07:47.516, 0, 100, 43817
2026/08/28 14:07:47.516, 1, 86, 43801
2026/08/28 14:07:47.516, 2, 100, 43801
2026/08/28 14:07:47.516, 3, 100, 43801
2026/08/28 14:07:48.016, 0, 100, 43817
2026/08/28 14:07:48.016, 1, 100, 43801
2026/08/28 14:07:48.016, 2, 100, 43801
2026/08/28 14:07:48.016, 3, 100, 43801
2026/08/28 14:07:48.516, 0, 100, 43817
2026/08/28 14:07:48.516, 1, 100, 43801
2026/08/28 14:07:48.516, 2, 100, 43801
2026/08/28 14:07:48.516, 3, 100, 43801
2026/08/28 14:07:49.017, 0, 100, 43817
2026/08/28 14:07:49.017, 1, 100, 43801
2026/08/28 14:07:49.017, 2, 100, 43801
2026/08/28 14:07:49.017, 3, 100, 43801
2026/08/28 14:07:49.517, 0, 100, 43817
2026/08/28 14:07:49.517, 1, 100, 43801
2026/08/28 14:07:49.517, 2, 100, 43801
2026/08/28 14:07:49.517, 3, 100, 43801
2026/08/28 14:07:50.017, 0, 100, 43817
2026/08/28 14:07:50.017, 1, 100, 43801
2026/08/28 14:07:50.017, 2, 100, 43801
2026/08/28 14:07:50.017, 3, 100, 43801
2026/08/28 14:07:50.517, 0, 100, 43817
2026/08/28 14:07:50.517, 1, 100, 43801
2026/08/28 14:07:50.517, 2, 100, 43801
2026/08/28 14:07:50.517, 3, 100, 43801
2026/08/28 14:07:51.017, 0, 100, 43817
2026/08/28 14:07:51.017, 1, 100, 43801
2026/08/28 14:07:51.017, 2, 100, 43801
2026/08/28 14:07:51.017, 3, 100, 43801
2026/08/28 14:07:51.518, 0, 100, 43817
2026/08/28 14:07:51.518, 1, 100, 43801
2026/08/28 14:07:51.518, 2, 100, 43801
2026/08/28 14:07:51.518, 3, 100, 43801
2026/08/28 14:07:52.018, 0, 1, 43817
2026/08/28 14:07:52.018, 1, 26, 43801
2026/08/28 14:07:52.018, 2, 0, 43801
2026/08/28 14:07:52.018, 3, 0, 43801
2026/08/28 14:07:52.518, 0, 0, 43817
2026/08/28 14:07:52.518, 1, 0, 43801
2026/08/28 14:07:52.518, 2, 0, 43801
2026/08/28 14:07:52.518, 3, 0, 43801
2026/08/28 14:07:53.018, 0, 100, 43817
2026/08/28 14:07:53.018, 1, 100, 43801
2026/08/28 14:07:53.018, 2, 100, 43801
2026/08/28 14:07:53.018, 3, 100, 43801
2026/08/28 14:07:53.518, 0, 100, 43817
2026/08/28 14:07:53.518, 1, 100, 43801
2026/08/28 14:07:53.518, 2, 100, 43801
2026/08/28 14:07:53.519, 3, 100, 43801
2026/08/28 14:07:54.019, 0, 100, 43817
2026/08/28 14:07:54.019, 1, 100, 43801
2026/08/28 14:07:54.019, 2, 100, 43801
2026/08/28 14:07:54.019, 3, 100, 43801
2026/08/28 14:07:54.519, 0, 100, 43817
2026/08/28 14:07:54.519, 1, 100, 43801
2026/08/28 14:07:54.519, 2, 100, 43801
2026/08/28 14:07:54.519, 3, 100, 43801
2026/08/28 14:07:55.019, 0, 100, 43817
2026/08/28 14:07:55.019, 1, 100, 43801
2026/08/28 14:07:55.019, 2, 100, 43801
2026/08/28 14:07:55.019, 3, 100, 43801
2026/08/28 14:07:55.519, 0, 100, 43817
2026/08/28 14:07:55.519, 1, 100, 43801
2026/08/28 14:07:55.519, 2, 100, 43801
2026/08/28 14:07:55.519, 3, 100, 43801
2026/08/28 14:07:56.019, 0, 100, 43817
2026/08/28 14:07:56.019, 1, 100, 43801
2026/08/28 14:07:56.019, 2, 100, 43801
2026/08/28 14:07:56.019, 3, 100, 43801
2026/08/28 14:07:56.520, 0, 100, 43817
2026/08/28 14:07:56.520, 1, 100, 43801
2026/08/28 14:07:56.520, 2, 100, 43801
2026/08/28 14:07:56.520, 3, 100, 43801
2026/08/28 14:07:57.020, 0, 100, 43817
2026/08/28 14:07:57.020, 1, 100, 43801
2026/08/28 14:07:57.020, 2, 100, 43801
2026/08/28 14:07:57.020, 3, 100, 43801
2026/08/28 14:07:57.520, 0, 0, 43817
2026/08/28 14:07:57.520, 1, 0, 43801
2026/08/28 14:07:57.520, 2, 0, 43801
2026/08/28 14:07:57.520, 3, 0, 43801
2026/08/28 14:07:58.020, 0, 99, 43817
2026/08/28 14:07:58.020, 1, 99, 43801
2026/08/28 14:07:58.020, 2, 100, 43801
2026/08/28 14:07:58.020, 3, 100, 43801
2026/08/28 14:07:58.520, 0, 100, 43817
2026/08/28 14:07:58.520, 1, 100, 43801
2026/08/28 14:07:58.521, 2, 100, 43801
2026/08/28 14:07:58.521, 3, 100, 43801
2026/08/28 14:07:59.021, 0, 100, 43817
2026/08/28 14:07:59.021, 1, 100, 43801
2026/08/28 14:07:59.021, 2, 100, 43801
2026/08/28 14:07:59.021, 3, 100, 43801
2026/08/28 14:07:59.521, 0, 100, 43817
2026/08/28 14:07:59.521, 1, 100, 43801
2026/08/28 14:07:59.521, 2, 100, 43801
2026/08/28 14:07:59.521, 3, 100, 43801
2026/08/28 14:08:00.021, 0, 100, 43817
2026/08/28 14:08:00.021, 1, 100, 43801
2026/08/28 14:08:00.021, 2, 100, 43801
2026/08/28 14:08:00.021, 3, 100, 43801
2026/08/28 14:08:00.521, 0, 100, 43817
2026/08/28 14:08:00.521, 1, 100, 43801
2026/08/28 14:08:00.521, 2, 100, 43801
2026/08/28 14:08:00.521, 3, 100, 43801
2026/08/28 14:08:01.021, 0, 100, 43817
2026/08/28 14:08:01.021, 1, 100, 43801
2026/08/28 14:08:01.021, 2, 100, 43801
2026/08/28 14:08:01.021, 3, 100, 43801
2026/08/28 14:08:01.521, 0, 100, 43817
2026/08/28 14:08:01.522, 1, 100, 43801
2026/08/28 14:08:01.522, 2, 100, 43801
2026/08/28 14:08:01.522, 3, 100, 43801
2026/08/28 14:08:02.022, 0, 100, 43817
2026/08/28 14:08:02.022, 1, 100, 43801
2026/08/28 14:08:02.022, 2, 100, 43801
2026/08/28 14:08:02.022, 3, 100, 43801
2026/08/28 14:08:02.522, 0, 0, 43817
2026/08/28 14:08:02.522, 1, 0, 43801
2026/08/28 14:08:02.522, 2, 0, 43801
2026/08/28 14:08:02.522, 3, 0, 43801
2026/08/28 14:08:03.022, 0, 71, 43817
2026/08/28 14:08:03.022, 1, 48, 43801
2026/08/28 14:08:03.022, 2, 100, 43801
2026/08/28 14:08:03.022, 3, 99, 43801
2026/08/28 14:08:03.522, 0, 100, 43817
2026/08/28 14:08:03.522, 1, 100, 43801
2026/08/28 14:08:03.522, 2, 100, 43801
2026/08/28 14:08:03.522, 3, 100, 43801
2026/08/28 14:08:04.022, 0, 100, 43817
2026/08/28 14:08:04.022, 1, 100, 43801
2026/08/28 14:08:04.022, 2, 100, 43801
2026/08/28 14:08:04.022, 3, 100, 43801
2026/08/28 14:08:04.523, 0, 100, 43817
2026/08/28 14:08:04.523, 1, 100, 43801
2026/08/28 14:08:04.523, 2, 100, 43801
2026/08/28 14:08:04.523, 3, 100, 43801
2026/08/28 14:08:05.023, 0, 100, 43817
2026/08/28 14:08:05.023, 1, 100, 43801
2026/08/28 14:08:05.023, 2, 100, 43801
2026/08/28 14:08:05.023, 3, 100, 43801
2026/08/28 14:08:05.523, 0, 100, 43817
2026/08/28 14:08:05.523, 1, 100, 43801
2026/08/28 14:08:05.523, 2, 100, 43801
2026/08/28 14:08:05.523, 3, 100, 43801
2026/08/28 14:08:06.023, 0, 100, 43817
2026/08/28 14:08:06.023, 1, 100, 43801
2026/08/28 14:08:06.023, 2, 100, 43801
2026/08/28 14:08:06.023, 3, 100, 43801
2026/08/28 14:08:06.523, 0, 100, 43817
2026/08/28 14:08:06.523, 1, 100, 43801
2026/08/28 14:08:06.523, 2, 100, 43801
2026/08/28 14:08:06.523, 3, 100, 43801
2026/08/28 14:08:07.023, 0, 100, 43817
2026/08/28 14:08:07.023, 1, 100, 43801
2026/08/28 14:08:07.023, 2, 100, 43801
2026/08/28 14:08:07.023, 3, 100, 43801
2026/08/28 14:08:07.523, 0, 100, 43817
2026/08/28 14:08:07.524, 1, 100, 43801
2026/08/28 14:08:07.524, 2, 100, 43801
2026/08/28 14:08:07.524, 3, 100, 43801
2026/08/28 14:08:08.024, 0, 0, 43817
2026/08/28 14:08:08.024, 1, 0, 43801
2026/08/28 14:08:08.024, 2, 30, 43801
2026/08/28 14:08:08.024, 3, 0, 43801
2026/08/28 14:08:08.524, 0, 99, 43817
2026/08/28 14:08:08.524, 1, 99, 43801
2026/08/28 14:08:08.524, 2, 100, 43801
2026/08/28 14:08:08.524, 3, 100, 43801
2026/08/28 14:08:09.024, 0, 100, 43817
2026/08/28 14:08:09.024, 1, 100, 43801
2026/08/28 14:08:09.024, 2, 100, 43801
2026/08/28 14:08:09.024, 3, 100, 43801
2026/08/28 14:08:09.524, 0, 100, 43817
2026/08/28 14:08:09.524, 1, 100, 43801
2026/08/28 14:08:09.524, 2, 100, 43801
2026/08/28 14:08:09.524, 3, 100, 43801
2026/08/28 14:08:10.024, 0, 100, 43817
2026/08/28 14:08:10.025, 1, 100, 43801
2026/08/28 14:08:10.025, 2, 100, 43801
2026/08/28 14:08:10.025, 3, 100, 43801
2026/08/28 14:08:10.525, 0, 100, 43817
2026/08/28 14:08:10.525, 1, 100, 43801
2026/08/28 14:08:10.525, 2, 100, 43801
2026/08/28 14:08:10.525, 3, 100, 43801
2026/08/28 14:08:11.025, 0, 100, 43817
2026/08/28 14:08:11.025, 1, 100, 43801
2026/08/28 14:08:11.025, 2, 100, 43801
2026/08/28 14:08:11.025, 3, 100, 43801
2026/08/28 14:08:11.525, 0, 100, 43817
2026/08/28 14:08:11.525, 1, 100, 43801
2026/08/28 14:08:11.525, 2, 100, 43801
2026/08/28 14:08:11.525, 3, 100, 43801
2026/08/28 14:08:12.025, 0, 100, 43817
2026/08/28 14:08:12.025, 1, 100, 43801
2026/08/28 14:08:12.025, 2, 100, 43801
2026/08/28 14:08:12.025, 3, 100, 43801
2026/08/28 14:08:12.525, 0, 100, 43817
2026/08/28 14:08:12.525, 1, 100, 43801
2026/08/28 14:08:12.525, 2, 100, 43801
2026/08/28 14:08:12.525, 3, 100, 43801
2026/08/28 14:08:13.025, 0, 0, 43817
2026/08/28 14:08:13.026, 1, 0, 43801
2026/08/28 14:08:13.026, 2, 0, 43801
2026/08/28 14:08:13.026, 3, 0, 43801
2026/08/28 14:08:13.526, 0, 100, 43817
2026/08/28 14:08:13.526, 1, 88, 43801
2026/08/28 14:08:13.526, 2, 100, 43801
2026/08/28 14:08:13.526, 3, 100, 43801
2026/08/28 14:08:14.026, 0, 100, 43817
2026/08/28 14:08:14.026, 1, 100, 43801
2026/08/28 14:08:14.026, 2, 100, 43801
2026/08/28 14:08:14.026, 3, 100, 43801
2026/08/28 14:08:14.526, 0, 100, 43817
2026/08/28 14:08:14.526, 1, 100, 43801
2026/08/28 14:08:14.526, 2, 100, 43801
2026/08/28 14:08:14.526, 3, 100, 43801
2026/08/28 14:08:15.026, 0, 100, 43817
2026/08/28 14:08:15.026, 1, 100, 43801
2026/08/28 14:08:15.026, 2, 100, 43801
2026/08/28 14:08:15.026, 3, 100, 43801
2026/08/28 14:08:15.526, 0, 100, 43817
2026/08/28 14:08:15.527, 1, 100, 43801
2026/08/28 14:08:15.527, 2, 100, 43801
2026/08/28 14:08:15.527, 3, 100, 43801
2026/08/28 14:08:16.027, 0, 100, 43817
2026/08/28 14:08:16.027, 1, 100, 43801
2026/08/28 14:08:16.027, 2, 100, 43801
2026/08/28 14:08:16.027, 3, 100, 43801
2026/08/28 14:08:16.527, 0, 100, 43817
2026/08/28 14:08:16.527, 1, 100, 43801
2026/08/28 14:08:16.527, 2, 100, 43801
2026/08/28 14:08:16.527, 3, 100, 43801
2026/08/28 14:08:17.027, 0, 100, 43817
2026/08/28 14:08:17.027, 1, 100, 43801
2026/08/28 14:08:17.027, 2, 100, 43801
2026/08/28 14:08:17.027, 3, 100, 43801
2026/08/28 14:08:17.527, 0, 100, 43817
2026/08/28 14:08:17.527, 1, 100, 43801
2026/08/28 14:08:17.527, 2, 100, 43801
2026/08/28 14:08:17.527, 3, 100, 43801
2026/08/28 14:08:18.027, 0, 0, 43817
2026/08/28 14:08:18.027, 1, 16, 43801
2026/08/28 14:08:18.027, 2, 0, 43801
2026/08/28 14:08:18.027, 3, 0, 43801
2026/08/28 14:08:18.527, 0, 0, 43817
2026/08/28 14:08:18.528, 1, 0, 43801
2026/08/28 14:08:18.528, 2, 51, 43801
2026/08/28 14:08:18.528, 3, 0, 43801
2026/08/28 14:08:19.028, 0, 100, 43817
2026/08/28 14:08:19.028, 1, 100, 43801
2026/08/28 14:08:19.028, 2, 100, 43801
2026/08/28 14:08:19.028, 3, 100, 43801
2026/08/28 14:08:19.528, 0, 100, 43817
2026/08/28 14:08:19.528, 1, 100, 43801
2026/08/28 14:08:19.528, 2, 100, 43801
2026/08/28 14:08:19.528, 3, 100, 43801
2026/08/28 14:08:20.028, 0, 100, 43817
2026/08/28 14:08:20.028, 1, 100, 43801
2026/08/28 14:08:20.028, 2, 100, 43801
2026/08/28 14:08:20.028, 3, 100, 43801
2026/08/28 14:08:20.528, 0, 100, 43817
2026/08/28 14:08:20.528, 1, 100, 43801
2026/08/28 14:08:20.528, 2, 100, 43801
2026/08/28 14:08:20.528, 3, 100, 43801
2026/08/28 14:08:21.028, 0, 100, 43817
2026/08/28 14:08:21.028, 1, 100, 43801
2026/08/28 14:08:21.028, 2, 100, 43801
2026/08/28 14:08:21.028, 3, 100, 43801
2026/08/28 14:08:21.528, 0, 100, 43817
2026/08/28 14:08:21.528, 1, 100, 43801
2026/08/28 14:08:21.528, 2, 100, 43801
2026/08/28 14:08:21.529, 3, 100, 43801
2026/08/28 14:08:22.029, 0, 100, 43817
2026/08/28 14:08:22.029, 1, 100, 43801
2026/08/28 14:08:22.029, 2, 100, 43801
2026/08/28 14:08:22.029, 3, 100, 43801
2026/08/28 14:08:22.529, 0, 100, 43817
2026/08/28 14:08:22.529, 1, 100, 43801
2026/08/28 14:08:22.529, 2, 100, 43801
2026/08/28 14:08:22.529, 3, 100, 43801
2026/08/28 14:08:23.029, 0, 100, 43817
2026/08/28 14:08:23.029, 1, 84, 43801
2026/08/28 14:08:23.029, 2, 52, 43801
2026/08/28 14:08:23.029, 3, 100, 43801
2026/08/28 14:08:23.529, 0, 0, 43817
2026/08/28 14:08:23.529, 1, 0, 43801
2026/08/28 14:08:23.529, 2, 0, 43801
2026/08/28 14:08:23.529, 3, 0, 43801
2026/08/28 14:08:24.029, 0, 100, 43817
2026/08/28 14:08:24.029, 1, 100, 43801
2026/08/28 14:08:24.030, 2, 100, 43801
2026/08/28 14:08:24.030, 3, 100, 43801
2026/08/28 14:08:24.530, 0, 100, 43817
2026/08/28 14:08:24.530, 1, 100, 43801
2026/08/28 14:08:24.530, 2, 100, 43801
2026/08/28 14:08:24.530, 3, 100, 43801
2026/08/28 14:08:25.030, 0, 100, 43817
2026/08/28 14:08:25.030, 1, 100, 43801
2026/08/28 14:08:25.030, 2, 100, 43801
2026/08/28 14:08:25.030, 3, 100, 43801
2026/08/28 14:08:25.530, 0, 100, 43817
2026/08/28 14:08:25.530, 1, 100, 43801
2026/08/28 14:08:25.530, 2, 100, 43801
2026/08/28 14:08:25.530, 3, 100, 43801
2026/08/28 14:08:26.030, 0, 100, 43817
2026/08/28 14:08:26.030, 1, 100, 43801
2026/08/28 14:08:26.030, 2, 100, 43801
2026/08/28 14:08:26.030, 3, 100, 43801
2026/08/28 14:08:26.530, 0, 100, 43817
2026/08/28 14:08:26.530, 1, 100, 43801
2026/08/28 14:08:26.530, 2, 100, 43801
2026/08/28 14:08:26.530, 3, 100, 43801
2026/08/28 14:08:27.030, 0, 100, 43817
2026/08/28 14:08:27.030, 1, 100, 43801
2026/08/28 14:08:27.030, 2, 100, 43801
2026/08/28 14:08:27.030, 3, 100, 43801
2026/08/28 14:08:27.531, 0, 100, 43817
2026/08/28 14:08:27.531, 1, 100, 43801
2026/08/28 14:08:27.531, 2, 100, 43801
2026/08/28 14:08:27.531, 3, 100, 43801
2026/08/28 14:08:28.031, 0, 100, 43817
2026/08/28 14:08:28.031, 1, 100, 43801
2026/08/28 14:08:28.031, 2, 100, 43801
2026/08/28 14:08:28.031, 3, 100, 43801
2026/08/28 14:08:28.531, 0, 0, 43817
2026/08/28 14:08:28.531, 1, 0, 43801
2026/08/28 14:08:28.531, 2, 0, 43801
2026/08/28 14:08:28.531, 3, 0, 43801
2026/08/28 14:08:29.031, 0, 100, 43817
2026/08/28 14:08:29.031, 1, 99, 43801
2026/08/28 14:08:29.031, 2, 99, 43801
2026/08/28 14:08:29.031, 3, 100, 43801
2026/08/28 14:08:29.531, 0, 100, 43817
2026/08/28 14:08:29.531, 1, 100, 43801
2026/08/28 14:08:29.531, 2, 100, 43801
2026/08/28 14:08:29.531, 3, 100, 43801
2026/08/28 14:08:30.032, 0, 100, 43817
2026/08/28 14:08:30.032, 1, 100, 43801
2026/08/28 14:08:30.032, 2, 100, 43801
2026/08/28 14:08:30.032, 3, 100, 43801
2026/08/28 14:08:30.532, 0, 100, 43817
2026/08/28 14:08:30.532, 1, 100, 43801
2026/08/28 14:08:30.532, 2, 100, 43801
2026/08/28 14:08:30.532, 3, 100, 43801
2026/08/28 14:08:31.032, 0, 100, 43817
2026/08/28 14:08:31.032, 1, 100, 43801
2026/08/28 14:08:31.032, 2, 100, 43801
2026/08/28 14:08:31.032, 3, 100, 43801
2026/08/28 14:08:31.532, 0, 100, 43817
2026/08/28 14:08:31.532, 1, 100, 43801
2026/08/28 14:08:31.532, 2, 100, 43801
2026/08/28 14:08:31.532, 3, 100, 43801
2026/08/28 14:08:32.032, 0, 100, 43817
2026/08/28 14:08:32.032, 1, 100, 43801
2026/08/28 14:08:32.032, 2, 100, 43801
2026/08/28 14:08:32.032, 3, 100, 43801
2026/08/28 14:08:32.532, 0, 100, 43817
2026/08/28 14:08:32.532, 1, 100, 43801
2026/08/28 14:08:32.533, 2, 100, 43801
2026/08/28 14:08:32.533, 3, 100, 43801
2026/08/28 14:08:33.033, 0, 100, 43817
2026/08/28 14:08:33.033, 1, 100, 43801
2026/08/28 14:08:33.033, 2, 100, 43801
2026/08/28 14:08:33.033, 3, 100, 43801
2026/08/28 14:08:33.533, 0, 82, 43817
2026/08/28 14:08:33.533, 1, 2, 43801
2026/08/28 14:08:33.533, 2, 0, 43801
2026/08/28 14:08:33.533, 3, 50, 43801
2026/08/28 14:08:34.033, 0, 65, 43817
2026/08/28 14:08:34.033, 1, 100, 43801
2026/08/28 14:08:34.033, 2, 100, 43801
2026/08/28 14:08:34.033, 3, 94, 43801
2026/08/28 14:08:34.533, 0, 100, 43817
2026/08/28 14:08:34.533, 1, 100, 43801
2026/08/28 14:08:34.533, 2, 100, 43801
2026/08/28 14:08:34.533, 3, 100, 43801
2026/08/28 14:08:35.033, 0, 100, 43817
2026/08/28 14:08:35.033, 1, 100, 43801
2026/08/28 14:08:35.033, 2, 100, 43801
2026/08/28 14:08:35.033, 3, 100, 43801
2026/08/28 14:08:35.534, 0, 100, 43817
2026/08/28 14:08:35.534, 1, 100, 43801
2026/08/28 14:08:35.534, 2, 100, 43801
2026/08/28 14:08:35.534, 3, 100, 43801
2026/08/28 14:08:36.034, 0, 100, 43817
2026/08/28 14:08:36.034, 1, 100, 43801
2026/08/28 14:08:36.034, 2, 100, 43801
2026/08/28 14:08:36.034, 3, 100, 43801
2026/08/28 14:08:36.534, 0, 100, 43817
2026/08/28 14:08:36.534, 1, 100, 43801
2026/08/28 14:08:36.534, 2, 100, 43801
2026/08/28 14:08:36.534, 3, 100, 43801
2026/08/28 14:08:37.034, 0, 100, 43817
2026/08/28 14:08:37.034, 1, 100, 43801
2026/08/28 14:08:37.034, 2, 100, 43801
2026/08/28 14:08:37.034, 3, 100, 43801
2026/08/28 14:08:37.534, 0, 100, 43817
2026/08/28 14:08:37.534, 1, 100, 43801
2026/08/28 14:08:37.534, 2, 100, 43801
2026/08/28 14:08:37.534, 3, 100, 43801
2026/08/28 14:08:38.034, 0, 100, 43817
2026/08/28 14:08:38.034, 1, 100, 43801
2026/08/28 14:08:38.034, 2, 100, 43801
2026/08/28 14:08:38.034, 3, 100, 43801
2026/08/28 14:08:38.535, 0, 100, 43817
2026/08/28 14:08:38.535, 1, 100, 43801
2026/08/28 14:08:38.535, 2, 100, 43801
2026/08/28 14:08:38.535, 3, 100, 43801
2026/08/28 14:08:39.035, 0, 0, 43817
2026/08/28 14:08:39.035, 1, 0, 43801
2026/08/28 14:08:39.035, 2, 0, 43801
2026/08/28 14:08:39.035, 3, 0, 43801
2026/08/28 14:08:39.535, 0, 100, 43817
2026/08/28 14:08:39.535, 1, 99, 43801
2026/08/28 14:08:39.535, 2, 99, 43801
2026/08/28 14:08:39.535, 3, 100, 43801
2026/08/28 14:08:40.035, 0, 100, 43817
2026/08/28 14:08:40.035, 1, 100, 43801
2026/08/28 14:08:40.035, 2, 100, 43801
2026/08/28 14:08:40.035, 3, 100, 43801
2026/08/28 14:08:40.535, 0, 100, 43817
2026/08/28 14:08:40.535, 1, 100, 43801
2026/08/28 14:08:40.535, 2, 100, 43801
2026/08/28 14:08:40.535, 3, 100, 43801
2026/08/28 14:08:41.036, 0, 100, 43817
2026/08/28 14:08:41.036, 1, 100, 43801
2026/08/28 14:08:41.036, 2, 100, 43801
2026/08/28 14:08:41.036, 3, 100, 43801
2026/08/28 14:08:41.536, 0, 100, 43817
2026/08/28 14:08:41.536, 1, 100, 43801
2026/08/28 14:08:41.536, 2, 100, 43801
2026/08/28 14:08:41.536, 3, 100, 43801
2026/08/28 14:08:42.036, 0, 100, 43817
2026/08/28 14:08:42.036, 1, 100, 43801
2026/08/28 14:08:42.036, 2, 100, 43801
2026/08/28 14:08:42.036, 3, 100, 43801
2026/08/28 14:08:42.536, 0, 100, 43817
2026/08/28 14:08:42.536, 1, 100, 43801
2026/08/28 14:08:42.536, 2, 100, 43801
2026/08/28 14:08:42.536, 3, 100, 43801
2026/08/28 14:08:43.036, 0, 100, 43817
2026/08/28 14:08:43.036, 1, 100, 43801
2026/08/28 14:08:43.036, 2, 100, 43801
2026/08/28 14:08:43.036, 3, 100, 43801
2026/08/28 14:08:43.537, 0, 100, 43817
2026/08/28 14:08:43.537, 1, 100, 43801
2026/08/28 14:08:43.537, 2, 100, 43801
2026/08/28 14:08:43.537, 3, 100, 43801
2026/08/28 14:08:44.037, 0, 0, 43817
2026/08/28 14:08:44.037, 1, 0, 43801
2026/08/28 14:08:44.037, 2, 0, 43801
2026/08/28 14:08:44.037, 3, 0, 43801
2026/08/28 14:08:44.537, 0, 14, 43817
2026/08/28 14:08:44.537, 1, 93, 43801
2026/08/28 14:08:44.537, 2, 100, 43801
2026/08/28 14:08:44.537, 3, 100, 43801
2026/08/28 14:08:45.037, 0, 100, 43817
2026/08/28 14:08:45.037, 1, 100, 43801
2026/08/28 14:08:45.037, 2, 100, 43801
2026/08/28 14:08:45.037, 3, 100, 43801
2026/08/28 14:08:45.537, 0, 100, 43817
2026/08/28 14:08:45.537, 1, 100, 43801
2026/08/28 14:08:45.537, 2, 100, 43801
2026/08/28 14:08:45.537, 3, 100, 43801
2026/08/28 14:08:46.038, 0, 100, 43817
2026/08/28 14:08:46.038, 1, 100, 43801
2026/08/28 14:08:46.038, 2, 100, 43801
2026/08/28 14:08:46.038, 3, 100, 43801
2026/08/28 14:08:46.538, 0, 100, 43817
2026/08/28 14:08:46.538, 1, 100, 43801
2026/08/28 14:08:46.538, 2, 100, 43801
2026/08/28 14:08:46.538, 3, 100, 43801
2026/08/28 14:08:47.038, 0, 100, 43817
2026/08/28 14:08:47.038, 1, 100, 43801
2026/08/28 14:08:47.038, 2, 100, 43801
2026/08/28 14:08:47.038, 3, 100, 43801
2026/08/28 14:08:47.538, 0, 100, 43817
2026/08/28 14:08:47.538, 1, 100, 43801
2026/08/28 14:08:47.538, 2, 100, 43801
2026/08/28 14:08:47.538, 3, 100, 43801
2026/08/28 14:08:48.038, 0, 100, 43817
2026/08/28 14:08:48.038, 1, 100, 43801
2026/08/28 14:08:48.038, 2, 100, 43801
2026/08/28 14:08:48.038, 3, 100, 43801
2026/08/28 14:08:48.538, 0, 100, 43817
2026/08/28 14:08:48.538, 1, 100, 43801
2026/08/28 14:08:48.538, 2, 100, 43801
2026/08/28 14:08:48.538, 3, 100, 43801
2026/08/28 14:08:49.039, 0, 93, 43817
2026/08/28 14:08:49.039, 1, 13, 43801
2026/08/28 14:08:49.039, 2, 0, 43801
2026/08/28 14:08:49.039, 3, 0, 43801
2026/08/28 14:08:49.539, 0, 0, 43817
2026/08/28 14:08:49.539, 1, 0, 43801
2026/08/28 14:08:49.539, 2, 0, 43801
2026/08/28 14:08:49.539, 3, 0, 43801
2026/08/28 14:08:50.039, 0, 100, 43817
2026/08/28 14:08:50.039, 1, 100, 43801
2026/08/28 14:08:50.039, 2, 100, 43801
2026/08/28 14:08:50.039, 3, 100, 43801
2026/08/28 14:08:50.539, 0, 100, 43817
2026/08/28 14:08:50.539, 1, 100, 43801
2026/08/28 14:08:50.539, 2, 100, 43801
2026/08/28 14:08:50.539, 3, 100, 43801
2026/08/28 14:08:51.039, 0, 100, 43817
2026/08/28 14:08:51.039, 1, 100, 43801
2026/08/28 14:08:51.039, 2, 100, 43801
2026/08/28 14:08:51.039, 3, 100, 43801
2026/08/28 14:08:51.539, 0, 100, 43817
2026/08/28 14:08:51.540, 1, 100, 43801
2026/08/28 14:08:51.540, 2, 100, 43801
2026/08/28 14:08:51.540, 3, 100, 43801
2026/08/28 14:08:52.040, 0, 100, 43817
2026/08/28 14:08:52.040, 1, 100, 43801
2026/08/28 14:08:52.040, 2, 100, 43801
2026/08/28 14:08:52.040, 3, 100, 43801
2026/08/28 14:08:52.540, 0, 100, 43817
2026/08/28 14:08:52.540, 1, 100, 43801
2026/08/28 14:08:52.540, 2, 100, 43801
2026/08/28 14:08:52.540, 3, 100, 43801
2026/08/28 14:08:53.040, 0, 100, 43817
2026/08/28 14:08:53.040, 1, 100, 43801
2026/08/28 14:08:53.040, 2, 100, 43801
2026/08/28 14:08:53.040, 3, 100, 43801
2026/08/28 14:08:53.540, 0, 100, 43817
2026/08/28 14:08:53.540, 1, 100, 43801
2026/08/28 14:08:53.540, 2, 100, 43801
2026/08/28 14:08:53.540, 3, 100, 43801
2026/08/28 14:08:54.040, 0, 100, 43817
2026/08/28 14:08:54.040, 1, 100, 43801
2026/08/28 14:08:54.041, 2, 100, 43801
2026/08/28 14:08:54.041, 3, 100, 43801
2026/08/28 14:08:54.541, 0, 0, 43817
2026/08/28 14:08:54.541, 1, 0, 43801
2026/08/28 14:08:54.541, 2, 0, 43801
2026/08/28 14:08:54.541, 3, 0, 43801
2026/08/28 14:08:55.041, 0, 99, 43817
2026/08/28 14:08:55.041, 1, 100, 43801
2026/08/28 14:08:55.041, 2, 100, 43801
2026/08/28 14:08:55.041, 3, 100, 43801
2026/08/28 14:08:55.541, 0, 100, 43817
2026/08/28 14:08:55.541, 1, 100, 43801
2026/08/28 14:08:55.541, 2, 100, 43801
2026/08/28 14:08:55.541, 3, 100, 43801
2026/08/28 14:08:56.041, 0, 100, 43817
2026/08/28 14:08:56.041, 1, 100, 43801
2026/08/28 14:08:56.041, 2, 100, 43801
2026/08/28 14:08:56.041, 3, 100, 43801
2026/08/28 14:08:56.541, 0, 99, 43817
2026/08/28 14:08:56.541, 1, 100, 43801
2026/08/28 14:08:56.541, 2, 100, 43801
2026/08/28 14:08:56.541, 3, 100, 43801
2026/08/28 14:08:57.041, 0, 100, 43817
2026/08/28 14:08:57.042, 1, 100, 43801
2026/08/28 14:08:57.042, 2, 100, 43801
2026/08/28 14:08:57.042, 3, 100, 43801
2026/08/28 14:08:57.542, 0, 100, 43817
2026/08/28 14:08:57.542, 1, 100, 43801
2026/08/28 14:08:57.542, 2, 100, 43801
2026/08/28 14:08:57.542, 3, 100, 43801
2026/08/28 14:08:58.042, 0, 100, 43817
2026/08/28 14:08:58.042, 1, 100, 43801
2026/08/28 14:08:58.042, 2, 100, 43801
2026/08/28 14:08:58.042, 3, 100, 43801
2026/08/28 14:08:58.542, 0, 100, 43817
2026/08/28 14:08:58.542, 1, 100, 43801
2026/08/28 14:08:58.542, 2, 100, 43801
2026/08/28 14:08:58.542, 3, 100, 43801
2026/08/28 14:08:59.042, 0, 100, 43817
2026/08/28 14:08:59.042, 1, 100, 43801
2026/08/28 14:08:59.042, 2, 100, 43801
2026/08/28 14:08:59.042, 3, 100, 43801
2026/08/28 14:08:59.542, 0, 0, 43817
2026/08/28 14:08:59.542, 1, 0, 43801
2026/08/28 14:08:59.542, 2, 0, 43801
2026/08/28 14:08:59.542, 3, 0, 43801
2026/08/28 14:09:00.043, 0, 100, 43817
2026/08/28 14:09:00.043, 1, 100, 43801
2026/08/28 14:09:00.043, 2, 100, 43801
2026/08/28 14:09:00.043, 3, 99, 43801
2026/08/28 14:09:00.543, 0, 100, 43817
2026/08/28 14:09:00.543, 1, 100, 43801
2026/08/28 14:09:00.543, 2, 100, 43801
2026/08/28 14:09:00.543, 3, 100, 43801
2026/08/28 14:09:01.043, 0, 100, 43817
2026/08/28 14:09:01.043, 1, 100, 43801
2026/08/28 14:09:01.043, 2, 100, 43801
2026/08/28 14:09:01.043, 3, 100, 43801
2026/08/28 14:09:01.543, 0, 100, 43817
2026/08/28 14:09:01.543, 1, 100, 43801
2026/08/28 14:09:01.543, 2, 100, 43801
2026/08/28 14:09:01.543, 3, 100, 43801
2026/08/28 14:09:02.043, 0, 100, 43817
2026/08/28 14:09:02.043, 1, 100, 43801
2026/08/28 14:09:02.043, 2, 100, 43801
2026/08/28 14:09:02.043, 3, 100, 43801
2026/08/28 14:09:02.543, 0, 100, 43817
2026/08/28 14:09:02.543, 1, 100, 43801
2026/08/28 14:09:02.543, 2, 100, 43801
2026/08/28 14:09:02.543, 3, 100, 43801
2026/08/28 14:09:03.043, 0, 100, 43817
2026/08/28 14:09:03.044, 1, 100, 43801
2026/08/28 14:09:03.044, 2, 100, 43801
2026/08/28 14:09:03.044, 3, 100, 43801
2026/08/28 14:09:03.544, 0, 100, 43817
2026/08/28 14:09:03.544, 1, 100, 43801
2026/08/28 14:09:03.544, 2, 100, 43801
2026/08/28 14:09:03.544, 3, 100, 43801
2026/08/28 14:09:04.044, 0, 100, 43817
2026/08/28 14:09:04.044, 1, 100, 43801
2026/08/28 14:09:04.044, 2, 100, 43801
2026/08/28 14:09:04.044, 3, 100, 43801
2026/08/28 14:09:04.544, 0, 100, 43817
2026/08/28 14:09:04.544, 1, 82, 43801
2026/08/28 14:09:04.544, 2, 51, 43801
2026/08/28 14:09:04.544, 3, 30, 43801
2026/08/28 14:09:05.044, 0, 0, 43817
2026/08/28 14:09:05.044, 1, 64, 43801
2026/08/28 14:09:05.044, 2, 92, 43801
2026/08/28 14:09:05.044, 3, 100, 43801
2026/08/28 14:09:05.544, 0, 100, 43817
2026/08/28 14:09:05.544, 1, 100, 43801
2026/08/28 14:09:05.544, 2, 100, 43801
2026/08/28 14:09:05.544, 3, 100, 43801
2026/08/28 14:09:06.045, 0, 100, 43817
2026/08/28 14:09:06.045, 1, 100, 43801
2026/08/28 14:09:06.045, 2, 100, 43801
2026/08/28 14:09:06.045, 3, 100, 43801
2026/08/28 14:09:06.545, 0, 100, 43817
2026/08/28 14:09:06.545, 1, 100, 43801
2026/08/28 14:09:06.545, 2, 100, 43801
2026/08/28 14:09:06.545, 3, 100, 43801
2026/08/28 14:09:07.045, 0, 100, 43817
2026/08/28 14:09:07.045, 1, 100, 43801
2026/08/28 14:09:07.045, 2, 100, 43801
2026/08/28 14:09:07.045, 3, 100, 43801
2026/08/28 14:09:07.545, 0, 100, 43817
2026/08/28 14:09:07.545, 1, 100, 43801
2026/08/28 14:09:07.545, 2, 100, 43801
2026/08/28 14:09:07.545, 3, 100, 43801
2026/08/28 14:09:08.045, 0, 100, 43817
2026/08/28 14:09:08.045, 1, 100, 43801
2026/08/28 14:09:08.045, 2, 100, 43801
2026/08/28 14:09:08.045, 3, 100, 43801
2026/08/28 14:09:08.545, 0, 100, 43817
2026/08/28 14:09:08.545, 1, 100, 43801
2026/08/28 14:09:08.545, 2, 100, 43801
2026/08/28 14:09:08.545, 3, 100, 43801
2026/08/28 14:09:09.045, 0, 100, 43817
2026/08/28 14:09:09.045, 1, 100, 43801
2026/08/28 14:09:09.045, 2, 100, 43801
2026/08/28 14:09:09.046, 3, 100, 43801
2026/08/28 14:09:09.546, 0, 100, 43817
2026/08/28 14:09:09.546, 1, 100, 43801
2026/08/28 14:09:09.546, 2, 100, 43801
2026/08/28 14:09:09.546, 3, 100, 43801
2026/08/28 14:09:10.046, 0, 0, 43817
2026/08/28 14:09:10.046, 1, 0, 43801
2026/08/28 14:09:10.046, 2, 0, 43801
2026/08/28 14:09:10.046, 3, 0, 43801
2026/08/28 14:09:10.546, 0, 100, 43817
2026/08/28 14:09:10.546, 1, 99, 43801
2026/08/28 14:09:10.546, 2, 99, 43801
2026/08/28 14:09:10.546, 3, 100, 43801
2026/08/28 14:09:11.046, 0, 100, 43817
2026/08/28 14:09:11.046, 1, 100, 43801
2026/08/28 14:09:11.046, 2, 100, 43801
2026/08/28 14:09:11.046, 3, 100, 43801
2026/08/28 14:09:11.546, 0, 100, 43817
2026/08/28 14:09:11.546, 1, 100, 43801
2026/08/28 14:09:11.546, 2, 100, 43801
2026/08/28 14:09:11.546, 3, 100, 43801
2026/08/28 14:09:12.047, 0, 100, 43817
2026/08/28 14:09:12.047, 1, 100, 43801
2026/08/28 14:09:12.047, 2, 100, 43801
2026/08/28 14:09:12.047, 3, 100, 43801
2026/08/28 14:09:12.547, 0, 100, 43817
2026/08/28 14:09:12.547, 1, 100, 43801
2026/08/28 14:09:12.547, 2, 100, 43801
2026/08/28 14:09:12.547, 3, 100, 43801
2026/08/28 14:09:13.047, 0, 100, 43817
2026/08/28 14:09:13.047, 1, 100, 43801
2026/08/28 14:09:13.047, 2, 100, 43801
2026/08/28 14:09:13.047, 3, 100, 43801
2026/08/28 14:09:13.547, 0, 100, 43817
2026/08/28 14:09:13.547, 1, 100, 43801
2026/08/28 14:09:13.547, 2, 100, 43801
2026/08/28 14:09:13.547, 3, 100, 43801
2026/08/28 14:09:14.047, 0, 100, 43817
2026/08/28 14:09:14.047, 1, 100, 43801
2026/08/28 14:09:14.047, 2, 100, 43801
2026/08/28 14:09:14.047, 3, 100, 43801
2026/08/28 14:09:14.547, 0, 100, 43817
2026/08/28 14:09:14.547, 1, 100, 43801
2026/08/28 14:09:14.547, 2, 100, 43801
2026/08/28 14:09:14.547, 3, 100, 43801
2026/08/28 14:09:15.047, 0, 0, 43817
2026/08/28 14:09:15.048, 1, 0, 43801
2026/08/28 14:09:15.048, 2, 0, 43801
2026/08/28 14:09:15.048, 3, 0, 43801
2026/08/28 14:09:15.548, 0, 70, 43817
2026/08/28 14:09:15.548, 1, 100, 43801
2026/08/28 14:09:15.548, 2, 100, 43801
2026/08/28 14:09:15.548, 3, 100, 43801
2026/08/28 14:09:16.048, 0, 100, 43817
2026/08/28 14:09:16.048, 1, 100, 43801
2026/08/28 14:09:16.048, 2, 100, 43801
2026/08/28 14:09:16.048, 3, 100, 43801
2026/08/28 14:09:16.548, 0, 100, 43817
2026/08/28 14:09:16.548, 1, 100, 43801
2026/08/28 14:09:16.548, 2, 100, 43801
2026/08/28 14:09:16.548, 3, 100, 43801
2026/08/28 14:09:17.048, 0, 100, 43817
2026/08/28 14:09:17.048, 1, 100, 43801
2026/08/28 14:09:17.048, 2, 100, 43801
2026/08/28 14:09:17.048, 3, 100, 43801
2026/08/28 14:09:17.548, 0, 100, 43817
2026/08/28 14:09:17.548, 1, 100, 43801
2026/08/28 14:09:17.548, 2, 100, 43801
2026/08/28 14:09:17.548, 3, 100, 43801
2026/08/28 14:09:18.048, 0, 100, 43817
2026/08/28 14:09:18.049, 1, 100, 43801
2026/08/28 14:09:18.049, 2, 100, 43801
2026/08/28 14:09:18.049, 3, 100, 43801
2026/08/28 14:09:18.549, 0, 100, 43817
2026/08/28 14:09:18.549, 1, 100, 43801
2026/08/28 14:09:18.549, 2, 100, 43801
2026/08/28 14:09:18.549, 3, 100, 43801
2026/08/28 14:09:19.049, 0, 100, 43817
2026/08/28 14:09:19.049, 1, 100, 43801
2026/08/28 14:09:19.049, 2, 100, 43801
2026/08/28 14:09:19.049, 3, 100, 43801
2026/08/28 14:09:19.549, 0, 100, 43817
2026/08/28 14:09:19.549, 1, 100, 43801
2026/08/28 14:09:19.549, 2, 100, 43801
2026/08/28 14:09:19.549, 3, 100, 43801
2026/08/28 14:09:20.049, 0, 33, 43817
2026/08/28 14:09:20.049, 1, 0, 43801
2026/08/28 14:09:20.049, 2, 0, 43801
2026/08/28 14:09:20.049, 3, 0, 43801
2026/08/28 14:09:20.549, 0, 0, 43817
2026/08/28 14:09:20.549, 1, 1, 43801
2026/08/28 14:09:20.549, 2, 26, 43801
2026/08/28 14:09:20.549, 3, 47, 43801
2026/08/28 14:09:21.049, 0, 100, 43817
2026/08/28 14:09:21.050, 1, 100, 43801
2026/08/28 14:09:21.050, 2, 100, 43801
2026/08/28 14:09:21.050, 3, 100, 43801
2026/08/28 14:09:21.550, 0, 100, 43817
2026/08/28 14:09:21.550, 1, 100, 43801
2026/08/28 14:09:21.550, 2, 100, 43801
2026/08/28 14:09:21.550, 3, 100, 43801
2026/08/28 14:09:22.050, 0, 100, 43817
2026/08/28 14:09:22.050, 1, 100, 43801
2026/08/28 14:09:22.050, 2, 100, 43801
2026/08/28 14:09:22.050, 3, 100, 43801
2026/08/28 14:09:22.550, 0, 100, 43817
2026/08/28 14:09:22.550, 1, 100, 43801
2026/08/28 14:09:22.550, 2, 100, 43801
2026/08/28 14:09:22.550, 3, 100, 43801
2026/08/28 14:09:23.050, 0, 100, 43817
2026/08/28 14:09:23.050, 1, 100, 43801
2026/08/28 14:09:23.050, 2, 100, 43801
2026/08/28 14:09:23.050, 3, 100, 43801
2026/08/28 14:09:23.550, 0, 100, 43817
2026/08/28 14:09:23.550, 1, 100, 43801
2026/08/28 14:09:23.550, 2, 100, 43801
2026/08/28 14:09:23.550, 3, 100, 43801
2026/08/28 14:09:24.050, 0, 100, 43817
2026/08/28 14:09:24.051, 1, 100, 43801
2026/08/28 14:09:24.051, 2, 100, 43801
2026/08/28 14:09:24.051, 3, 100, 43801
2026/08/28 14:09:24.551, 0, 100, 43817
2026/08/28 14:09:24.551, 1, 100, 43801
2026/08/28 14:09:24.551, 2, 100, 43801
2026/08/28 14:09:24.551, 3, 100, 43801
2026/08/28 14:09:25.051, 0, 89, 43817
2026/08/28 14:09:25.051, 1, 100, 43801
2026/08/28 14:09:25.051, 2, 80, 43801
2026/08/28 14:09:25.051, 3, 60, 43801
2026/08/28 14:09:25.551, 0, 0, 43817
2026/08/28 14:09:25.551, 1, 0, 43801
2026/08/28 14:09:25.551, 2, 0, 43801
2026/08/28 14:09:25.551, 3, 0, 43801
2026/08/28 14:09:26.051, 0, 100, 43817
2026/08/28 14:09:26.051, 1, 100, 43801
2026/08/28 14:09:26.051, 2, 100, 43801
2026/08/28 14:09:26.051, 3, 100, 43801
2026/08/28 14:09:26.551, 0, 100, 43817
2026/08/28 14:09:26.551, 1, 100, 43801
2026/08/28 14:09:26.552, 2, 100, 43801
2026/08/28 14:09:26.552, 3, 100, 43801
2026/08/28 14:09:27.052, 0, 100, 43817
2026/08/28 14:09:27.052, 1, 100, 43801
2026/08/28 14:09:27.052, 2, 100, 43801
2026/08/28 14:09:27.052, 3, 100, 43801
2026/08/28 14:09:27.552, 0, 100, 43817
2026/08/28 14:09:27.552, 1, 100, 43801
2026/08/28 14:09:27.552, 2, 100, 43801
2026/08/28 14:09:27.552, 3, 100, 43801
2026/08/28 14:09:28.052, 0, 100, 43817
2026/08/28 14:09:28.052, 1, 100, 43801
2026/08/28 14:09:28.052, 2, 100, 43801
2026/08/28 14:09:28.052, 3, 100, 43801
2026/08/28 14:09:28.552, 0, 100, 43817
2026/08/28 14:09:28.552, 1, 100, 43801
2026/08/28 14:09:28.552, 2, 100, 43801
2026/08/28 14:09:28.552, 3, 100, 43801
2026/08/28 14:09:29.052, 0, 100, 43817
2026/08/28 14:09:29.052, 1, 100, 43801
2026/08/28 14:09:29.052, 2, 100, 43801
2026/08/28 14:09:29.052, 3, 100, 43801
2026/08/28 14:09:29.552, 0, 100, 43817
2026/08/28 14:09:29.552, 1, 100, 43801
2026/08/28 14:09:29.552, 2, 100, 43801
2026/08/28 14:09:29.552, 3, 100, 43801
2026/08/28 14:09:30.053, 0, 100, 43817
2026/08/28 14:09:30.053, 1, 100, 43801
2026/08/28 14:09:30.053, 2, 100, 43801
2026/08/28 14:09:30.053, 3, 100, 43801
2026/08/28 14:09:30.553, 0, 0, 43817
2026/08/28 14:09:30.553, 1, 0, 43801
2026/08/28 14:09:30.553, 2, 0, 43801
2026/08/28 14:09:30.553, 3, 0, 43801
2026/08/28 14:09:31.053, 0, 99, 43817
2026/08/28 14:09:31.053, 1, 100, 43801
2026/08/28 14:09:31.053, 2, 100, 43801
2026/08/28 14:09:31.053, 3, 100, 43801
2026/08/28 14:09:31.553, 0, 100, 43817
2026/08/28 14:09:31.553, 1, 100, 43801
2026/08/28 14:09:31.553, 2, 100, 43801
2026/08/28 14:09:31.553, 3, 100, 43801
2026/08/28 14:09:32.053, 0, 100, 43817
2026/08/28 14:09:32.053, 1, 100, 43801
2026/08/28 14:09:32.053, 2, 100, 43801
2026/08/28 14:09:32.053, 3, 100, 43801
2026/08/28 14:09:32.554, 0, 100, 43817
2026/08/28 14:09:32.554, 1, 100, 43801
2026/08/28 14:09:32.554, 2, 100, 43801
2026/08/28 14:09:32.554, 3, 100, 43801
2026/08/28 14:09:33.054, 0, 100, 43817
2026/08/28 14:09:33.054, 1, 100, 43801
2026/08/28 14:09:33.054, 2, 100, 43801
2026/08/28 14:09:33.054, 3, 100, 43801
2026/08/28 14:09:33.554, 0, 100, 43817
2026/08/28 14:09:33.554, 1, 100, 43801
2026/08/28 14:09:33.554, 2, 100, 43801
2026/08/28 14:09:33.554, 3, 100, 43801
2026/08/28 14:09:34.054, 0, 100, 43817
2026/08/28 14:09:34.054, 1, 100, 43801
2026/08/28 14:09:34.054, 2, 100, 43801
2026/08/28 14:09:34.054, 3, 100, 43801
2026/08/28 14:09:34.554, 0, 100, 43817
2026/08/28 14:09:34.554, 1, 100, 43801
2026/08/28 14:09:34.554, 2, 100, 43801
2026/08/28 14:09:34.554, 3, 100, 43801
2026/08/28 14:09:35.054, 0, 100, 43817
2026/08/28 14:09:35.054, 1, 100, 43801
2026/08/28 14:09:35.054, 2, 100, 43801
2026/08/28 14:09:35.055, 3, 100, 43801
2026/08/28 14:09:35.555, 0, 21, 43817
2026/08/28 14:09:35.555, 1, 41, 43801
2026/08/28 14:09:35.555, 2, 12, 43801
2026/08/28 14:09:35.555, 3, 0, 43801
2026/08/28 14:09:36.055, 0, 100, 43817
2026/08/28 14:09:36.055, 1, 100, 43801
2026/08/28 14:09:36.055, 2, 100, 43801
2026/08/28 14:09:36.055, 3, 100, 43801
2026/08/28 14:09:36.555, 0, 100, 43817
2026/08/28 14:09:36.555, 1, 100, 43801
2026/08/28 14:09:36.555, 2, 100, 43801
2026/08/28 14:09:36.555, 3, 100, 43801
2026/08/28 14:09:37.055, 0, 100, 43817
2026/08/28 14:09:37.055, 1, 100, 43801
2026/08/28 14:09:37.055, 2, 100, 43801
2026/08/28 14:09:37.055, 3, 100, 43801
2026/08/28 14:09:37.555, 0, 100, 43817
2026/08/28 14:09:37.555, 1, 100, 43801
2026/08/28 14:09:37.555, 2, 100, 43801
2026/08/28 14:09:37.556, 3, 100, 43801
2026/08/28 14:09:38.056, 0, 100, 43817
2026/08/28 14:09:38.056, 1, 100, 43801
2026/08/28 14:09:38.056, 2, 100, 43801
2026/08/28 14:09:38.056, 3, 100, 43801
2026/08/28 14:09:38.556, 0, 100, 43817
2026/08/28 14:09:38.556, 1, 100, 43801
2026/08/28 14:09:38.556, 2, 100, 43801
2026/08/28 14:09:38.556, 3, 100, 43801
2026/08/28 14:09:39.056, 0, 100, 43817
2026/08/28 14:09:39.056, 1, 100, 43801
2026/08/28 14:09:39.056, 2, 100, 43801
2026/08/28 14:09:39.056, 3, 100, 43801
2026/08/28 14:09:39.556, 0, 100, 43817
2026/08/28 14:09:39.556, 1, 100, 43801
2026/08/28 14:09:39.556, 2, 100, 43801
2026/08/28 14:09:39.556, 3, 100, 43801
2026/08/28 14:09:40.056, 0, 100, 43817
2026/08/28 14:09:40.056, 1, 100, 43801
2026/08/28 14:09:40.056, 2, 100, 43801
2026/08/28 14:09:40.056, 3, 100, 43801
2026/08/28 14:09:40.556, 0, 100, 43817
2026/08/28 14:09:40.557, 1, 100, 43801
2026/08/28 14:09:40.557, 2, 100, 43801
2026/08/28 14:09:40.557, 3, 100, 43801
2026/08/28 14:09:41.057, 0, 0, 43817
2026/08/28 14:09:41.057, 1, 0, 43801
2026/08/28 14:09:41.057, 2, 0, 43801
2026/08/28 14:09:41.057, 3, 0, 43801
2026/08/28 14:09:41.557, 0, 99, 43817
2026/08/28 14:09:41.557, 1, 99, 43801
2026/08/28 14:09:41.557, 2, 99, 43801
2026/08/28 14:09:41.557, 3, 100, 43801
2026/08/28 14:09:42.057, 0, 100, 43817
2026/08/28 14:09:42.057, 1, 100, 43801
2026/08/28 14:09:42.057, 2, 100, 43801
2026/08/28 14:09:42.057, 3, 100, 43801
2026/08/28 14:09:42.557, 0, 100, 43817
2026/08/28 14:09:42.557, 1, 100, 43801
2026/08/28 14:09:42.557, 2, 100, 43801
2026/08/28 14:09:42.557, 3, 100, 43801
2026/08/28 14:09:43.058, 0, 100, 43817
2026/08/28 14:09:43.058, 1, 100, 43801
2026/08/28 14:09:43.058, 2, 100, 43801
2026/08/28 14:09:43.058, 3, 100, 43801
2026/08/28 14:09:43.558, 0, 100, 43817
2026/08/28 14:09:43.558, 1, 100, 43801
2026/08/28 14:09:43.558, 2, 100, 43801
2026/08/28 14:09:43.558, 3, 100, 43801
2026/08/28 14:09:44.058, 0, 100, 43817
2026/08/28 14:09:44.058, 1, 100, 43801
2026/08/28 14:09:44.058, 2, 100, 43801
2026/08/28 14:09:44.058, 3, 100, 43801
2026/08/28 14:09:44.558, 0, 100, 43817
2026/08/28 14:09:44.558, 1, 100, 43801
2026/08/28 14:09:44.558, 2, 100, 43801
2026/08/28 14:09:44.558, 3, 100, 43801
2026/08/28 14:09:45.058, 0, 100, 43817
2026/08/28 14:09:45.058, 1, 100, 43801
2026/08/28 14:09:45.058, 2, 100, 43801
2026/08/28 14:09:45.058, 3, 100, 43801
2026/08/28 14:09:45.559, 0, 100, 43817
2026/08/28 14:09:45.559, 1, 100, 43801
2026/08/28 14:09:45.559, 2, 100, 43801
2026/08/28 14:09:45.559, 3, 100, 43801
2026/08/28 14:09:46.059, 0, 0, 43817
2026/08/28 14:09:46.059, 1, 0, 43801
2026/08/28 14:09:46.059, 2, 0, 43801
2026/08/28 14:09:46.059, 3, 0, 43801
2026/08/28 14:09:46.559, 0, 100, 43817
2026/08/28 14:09:46.559, 1, 100, 43801
2026/08/28 14:09:46.559, 2, 100, 43801
2026/08/28 14:09:46.559, 3, 100, 43801
2026/08/28 14:09:47.059, 0, 100, 43817
2026/08/28 14:09:47.059, 1, 100, 43801
2026/08/28 14:09:47.059, 2, 100, 43801
2026/08/28 14:09:47.059, 3, 100, 43801
2026/08/28 14:09:47.559, 0, 100, 43817
2026/08/28 14:09:47.559, 1, 100, 43801
2026/08/28 14:09:47.559, 2, 100, 43801
2026/08/28 14:09:47.559, 3, 100, 43801
2026/08/28 14:09:48.060, 0, 100, 43817
2026/08/28 14:09:48.060, 1, 100, 43801
2026/08/28 14:09:48.060, 2, 100, 43801
2026/08/28 14:09:48.060, 3, 100, 43801
2026/08/28 14:09:48.560, 0, 100, 43817
2026/08/28 14:09:48.560, 1, 100, 43801
2026/08/28 14:09:48.560, 2, 100, 43801
2026/08/28 14:09:48.560, 3, 100, 43801
2026/08/28 14:09:49.060, 0, 100, 43817
2026/08/28 14:09:49.060, 1, 100, 43801
2026/08/28 14:09:49.060, 2, 100, 43801
2026/08/28 14:09:49.060, 3, 100, 43801
2026/08/28 14:09:49.560, 0, 100, 43817
2026/08/28 14:09:49.560, 1, 100, 43801
2026/08/28 14:09:49.560, 2, 100, 43801
2026/08/28 14:09:49.560, 3, 100, 43801
2026/08/28 14:09:50.060, 0, 100, 43817
2026/08/28 14:09:50.060, 1, 100, 43801
2026/08/28 14:09:50.060, 2, 100, 43801
2026/08/28 14:09:50.060, 3, 100, 43801
2026/08/28 14:09:50.560, 0, 100, 43817
2026/08/28 14:09:50.560, 1, 100, 43801
2026/08/28 14:09:50.560, 2, 100, 43801
2026/08/28 14:09:50.560, 3, 100, 43801
2026/08/28 14:09:51.061, 0, 0, 43817
2026/08/28 14:09:51.061, 1, 0, 43801
2026/08/28 14:09:51.061, 2, 0, 43801
2026/08/28 14:09:51.061, 3, 0, 43801
2026/08/28 14:09:51.561, 0, 0, 43817
2026/08/28 14:09:51.561, 1, 0, 43801
2026/08/28 14:09:51.561, 2, 0, 43801
2026/08/28 14:09:51.561, 3, 12, 43801
2026/08/28 14:09:52.061, 0, 100, 43817
2026/08/28 14:09:52.061, 1, 100, 43801
2026/08/28 14:09:52.061, 2, 100, 43801
2026/08/28 14:09:52.061, 3, 100, 43801
2026/08/28 14:09:52.561, 0, 100, 43817
2026/08/28 14:09:52.561, 1, 100, 43801
2026/08/28 14:09:52.561, 2, 100, 43801
2026/08/28 14:09:52.561, 3, 100, 43801
2026/08/28 14:09:53.061, 0, 100, 43817
2026/08/28 14:09:53.061, 1, 100, 43801
2026/08/28 14:09:53.061, 2, 100, 43801
2026/08/28 14:09:53.061, 3, 100, 43801
2026/08/28 14:09:53.562, 0, 100, 43817
2026/08/28 14:09:53.562, 1, 100, 43801
2026/08/28 14:09:53.562, 2, 100, 43801
2026/08/28 14:09:53.562, 3, 100, 43801
2026/08/28 14:09:54.062, 0, 100, 43817
2026/08/28 14:09:54.062, 1, 100, 43801
2026/08/28 14:09:54.062, 2, 100, 43801
2026/08/28 14:09:54.062, 3, 100, 43801
2026/08/28 14:09:54.562, 0, 100, 43817
2026/08/28 14:09:54.562, 1, 100, 43801
2026/08/28 14:09:54.562, 2, 100, 43801
2026/08/28 14:09:54.562, 3, 100, 43801
2026/08/28 14:09:55.062, 0, 100, 43817
2026/08/28 14:09:55.062, 1, 100, 43801
2026/08/28 14:09:55.062, 2, 100, 43801
2026/08/28 14:09:55.062, 3, 100, 43801
2026/08/28 14:09:55.562, 0, 100, 43817
2026/08/28 14:09:55.562, 1, 100, 43801
2026/08/28 14:09:55.562, 2, 100, 43801
2026/08/28 14:09:55.562, 3, 100, 43801
2026/08/28 14:09:56.062, 0, 100, 43817
2026/08/28 14:09:56.062, 1, 100, 43801
2026/08/28 14:09:56.063, 2, 100, 43801
2026/08/28 14:09:56.063, 3, 90, 43801
2026/08/28 14:09:56.563, 0, 0, 43817
2026/08/28 14:09:56.563, 1, 0, 43801
2026/08/28 14:09:56.563, 2, 0, 43801
2026/08/28 14:09:56.563, 3, 0, 43801
2026/08/28 14:09:57.063, 0, 100, 43817
2026/08/28 14:09:57.063, 1, 100, 43801
2026/08/28 14:09:57.063, 2, 100, 43801
2026/08/28 14:09:57.063, 3, 100, 43801
2026/08/28 14:09:57.563, 0, 100, 43817
2026/08/28 14:09:57.563, 1, 100, 43801
2026/08/28 14:09:57.563, 2, 100, 43801
2026/08/28 14:09:57.563, 3, 100, 43801
2026/08/28 14:09:58.063, 0, 100, 43817
2026/08/28 14:09:58.063, 1, 100, 43801
2026/08/28 14:09:58.063, 2, 100, 43801
2026/08/28 14:09:58.063, 3, 100, 43801
2026/08/28 14:09:58.564, 0, 100, 43817
2026/08/28 14:09:58.564, 1, 100, 43801
2026/08/28 14:09:58.564, 2, 100, 43801
2026/08/28 14:09:58.564, 3, 100, 43801
2026/08/28 14:09:59.064, 0, 100, 43817
2026/08/28 14:09:59.064, 1, 100, 43801
2026/08/28 14:09:59.064, 2, 100, 43801
2026/08/28 14:09:59.064, 3, 100, 43801
2026/08/28 14:09:59.564, 0, 100, 43817
2026/08/28 14:09:59.564, 1, 100, 43801
2026/08/28 14:09:59.564, 2, 100, 43801
2026/08/28 14:09:59.564, 3, 100, 43801
2026/08/28 14:10:00.064, 0, 100, 43817
2026/08/28 14:10:00.064, 1, 100, 43801
2026/08/28 14:10:00.064, 2, 100, 43801
2026/08/28 14:10:00.064, 3, 100, 43801
2026/08/28 14:10:00.564, 0, 100, 43817
2026/08/28 14:10:00.564, 1, 100, 43801
2026/08/28 14:10:00.564, 2, 100, 43801
2026/08/28 14:10:00.564, 3, 100, 43801
2026/08/28 14:10:01.064, 0, 100, 43817
2026/08/28 14:10:01.064, 1, 100, 43801
2026/08/28 14:10:01.064, 2, 100, 43801
2026/08/28 14:10:01.064, 3, 100, 43801
2026/08/28 14:10:01.565, 0, 0, 43817
2026/08/28 14:10:01.565, 1, 0, 43801
2026/08/28 14:10:01.565, 2, 0, 43801
2026/08/28 14:10:01.565, 3, 0, 43801
2026/08/28 14:10:02.065, 0, 100, 43817
2026/08/28 14:10:02.065, 1, 100, 43801
2026/08/28 14:10:02.065, 2, 100, 43801
2026/08/28 14:10:02.065, 3, 99, 43801
2026/08/28 14:10:02.565, 0, 100, 43817
2026/08/28 14:10:02.565, 1, 100, 43801
2026/08/28 14:10:02.565, 2, 100, 43801
2026/08/28 14:10:02.565, 3, 100, 43801
2026/08/28 14:10:03.065, 0, 100, 43817
2026/08/28 14:10:03.065, 1, 100, 43801
2026/08/28 14:10:03.065, 2, 100, 43801
2026/08/28 14:10:03.065, 3, 100, 43801
2026/08/28 14:10:03.565, 0, 100, 43817
2026/08/28 14:10:03.565, 1, 100, 43801
2026/08/28 14:10:03.565, 2, 100, 43801
2026/08/28 14:10:03.565, 3, 100, 43801
2026/08/28 14:10:04.066, 0, 100, 43817
2026/08/28 14:10:04.066, 1, 100, 43801
2026/08/28 14:10:04.066, 2, 100, 43801
2026/08/28 14:10:04.066, 3, 100, 43801
2026/08/28 14:10:04.566, 0, 100, 43817
2026/08/28 14:10:04.566, 1, 100, 43801
2026/08/28 14:10:04.566, 2, 100, 43801
2026/08/28 14:10:04.566, 3, 100, 43801
2026/08/28 14:10:05.066, 0, 100, 43817
2026/08/28 14:10:05.066, 1, 100, 43801
2026/08/28 14:10:05.066, 2, 100, 43801
2026/08/28 14:10:05.066, 3, 100, 43801
2026/08/28 14:10:05.566, 0, 100, 43817
2026/08/28 14:10:05.566, 1, 100, 43801
2026/08/28 14:10:05.566, 2, 100, 43801
2026/08/28 14:10:05.566, 3, 100, 43801
2026/08/28 14:10:06.066, 0, 100, 43817
2026/08/28 14:10:06.066, 1, 100, 43801
2026/08/28 14:10:06.066, 2, 100, 43801
2026/08/28 14:10:06.066, 3, 100, 43801
2026/08/28 14:10:06.566, 0, 50, 43817
2026/08/28 14:10:06.566, 1, 71, 43801
2026/08/28 14:10:06.566, 2, 41, 43801
2026/08/28 14:10:06.566, 3, 19, 43801
2026/08/28 14:10:07.067, 0, 97, 43817
2026/08/28 14:10:07.067, 1, 79, 43801
2026/08/28 14:10:07.067, 2, 100, 43801
2026/08/28 14:10:07.067, 3, 100, 43801
2026/08/28 14:10:07.567, 0, 100, 43817
2026/08/28 14:10:07.567, 1, 100, 43801
2026/08/28 14:10:07.567, 2, 100, 43801
2026/08/28 14:10:07.567, 3, 100, 43801
2026/08/28 14:10:08.067, 0, 100, 43817
2026/08/28 14:10:08.067, 1, 100, 43801
2026/08/28 14:10:08.067, 2, 100, 43801
2026/08/28 14:10:08.067, 3, 100, 43801
2026/08/28 14:10:08.567, 0, 100, 43817
2026/08/28 14:10:08.567, 1, 100, 43801
2026/08/28 14:10:08.567, 2, 100, 43801
2026/08/28 14:10:08.567, 3, 100, 43801
2026/08/28 14:10:09.067, 0, 100, 43817
2026/08/28 14:10:09.067, 1, 100, 43801
2026/08/28 14:10:09.067, 2, 100, 43801
2026/08/28 14:10:09.067, 3, 100, 43801
2026/08/28 14:10:09.567, 0, 100, 43817
2026/08/28 14:10:09.568, 1, 100, 43801
2026/08/28 14:10:09.568, 2, 100, 43801
2026/08/28 14:10:09.568, 3, 100, 43801
2026/08/28 14:10:10.068, 0, 100, 43817
2026/08/28 14:10:10.068, 1, 100, 43801
2026/08/28 14:10:10.068, 2, 100, 43801
2026/08/28 14:10:10.068, 3, 100, 43801
2026/08/28 14:10:10.568, 0, 100, 43817
2026/08/28 14:10:10.568, 1, 100, 43801
2026/08/28 14:10:10.568, 2, 100, 43801
2026/08/28 14:10:10.568, 3, 100, 43801
2026/08/28 14:10:11.068, 0, 100, 43817
2026/08/28 14:10:11.068, 1, 100, 43801
2026/08/28 14:10:11.068, 2, 100, 43801
2026/08/28 14:10:11.068, 3, 100, 43801
2026/08/28 14:10:11.568, 0, 100, 43817
2026/08/28 14:10:11.568, 1, 100, 43801
2026/08/28 14:10:11.568, 2, 100, 43801
2026/08/28 14:10:11.568, 3, 100, 43801
2026/08/28 14:10:12.068, 0, 0, 43817
2026/08/28 14:10:12.069, 1, 0, 43801
2026/08/28 14:10:12.069, 2, 0, 43801
2026/08/28 14:10:12.069, 3, 0, 43801
2026/08/28 14:10:12.569, 0, 100, 43817
2026/08/28 14:10:12.569, 1, 99, 43801
2026/08/28 14:10:12.569, 2, 100, 43801
2026/08/28 14:10:12.569, 3, 100, 43801
2026/08/28 14:10:13.069, 0, 100, 43817
2026/08/28 14:10:13.069, 1, 100, 43801
2026/08/28 14:10:13.069, 2, 100, 43801
2026/08/28 14:10:13.069, 3, 100, 43801
2026/08/28 14:10:13.569, 0, 100, 43817
2026/08/28 14:10:13.569, 1, 100, 43801
2026/08/28 14:10:13.569, 2, 100, 43801
2026/08/28 14:10:13.569, 3, 100, 43801
2026/08/28 14:10:14.069, 0, 100, 43817
2026/08/28 14:10:14.069, 1, 100, 43801
2026/08/28 14:10:14.069, 2, 100, 43801
2026/08/28 14:10:14.069, 3, 100, 43801
2026/08/28 14:10:14.569, 0, 100, 43817
2026/08/28 14:10:14.570, 1, 100, 43801
2026/08/28 14:10:14.570, 2, 100, 43801
2026/08/28 14:10:14.570, 3, 100, 43801
2026/08/28 14:10:15.070, 0, 100, 43817
2026/08/28 14:10:15.070, 1, 100, 43801
2026/08/28 14:10:15.070, 2, 100, 43801
2026/08/28 14:10:15.070, 3, 100, 43801
2026/08/28 14:10:15.570, 0, 100, 43817
2026/08/28 14:10:15.570, 1, 100, 43801
2026/08/28 14:10:15.570, 2, 100, 43801
2026/08/28 14:10:15.570, 3, 100, 43801
2026/08/28 14:10:16.070, 0, 100, 43817
2026/08/28 14:10:16.070, 1, 100, 43801
2026/08/28 14:10:16.070, 2, 100, 43801
2026/08/28 14:10:16.070, 3, 100, 43801
2026/08/28 14:10:16.570, 0, 100, 43817
2026/08/28 14:10:16.570, 1, 100, 43801
2026/08/28 14:10:16.570, 2, 100, 43801
2026/08/28 14:10:16.570, 3, 100, 43801
2026/08/28 14:10:17.070, 0, 0, 43817
2026/08/28 14:10:17.070, 1, 0, 43801
2026/08/28 14:10:17.070, 2, 0, 43801
2026/08/28 14:10:17.070, 3, 0, 43801
2026/08/28 14:10:17.571, 0, 100, 43817
2026/08/28 14:10:17.571, 1, 100, 43801
2026/08/28 14:10:17.571, 2, 99, 43801
2026/08/28 14:10:17.571, 3, 100, 43801
2026/08/28 14:10:18.071, 0, 100, 43817
2026/08/28 14:10:18.071, 1, 100, 43801
2026/08/28 14:10:18.071, 2, 100, 43801
2026/08/28 14:10:18.071, 3, 100, 43801
2026/08/28 14:10:18.571, 0, 100, 43817
2026/08/28 14:10:18.571, 1, 100, 43801
2026/08/28 14:10:18.571, 2, 100, 43801
2026/08/28 14:10:18.571, 3, 100, 43801
2026/08/28 14:10:19.071, 0, 100, 43817
2026/08/28 14:10:19.071, 1, 100, 43801
2026/08/28 14:10:19.071, 2, 100, 43801
2026/08/28 14:10:19.071, 3, 100, 43801
2026/08/28 14:10:19.571, 0, 100, 43817
2026/08/28 14:10:19.571, 1, 100, 43801
2026/08/28 14:10:19.571, 2, 100, 43801
2026/08/28 14:10:19.571, 3, 100, 43801
2026/08/28 14:10:20.071, 0, 100, 43817
2026/08/28 14:10:20.072, 1, 100, 43801
2026/08/28 14:10:20.072, 2, 100, 43801
2026/08/28 14:10:20.072, 3, 100, 43801
2026/08/28 14:10:20.572, 0, 100, 43817
2026/08/28 14:10:20.572, 1, 100, 43801
2026/08/28 14:10:20.572, 2, 100, 43801
2026/08/28 14:10:20.572, 3, 100, 43801
2026/08/28 14:10:21.072, 0, 100, 43817
2026/08/28 14:10:21.072, 1, 100, 43801
2026/08/28 14:10:21.072, 2, 100, 43801
2026/08/28 14:10:21.072, 3, 100, 43801
2026/08/28 14:10:21.572, 0, 100, 43817
2026/08/28 14:10:21.572, 1, 100, 43801
2026/08/28 14:10:21.572, 2, 100, 43801
2026/08/28 14:10:21.572, 3, 100, 43801
2026/08/28 14:10:22.072, 0, 0, 43817
2026/08/28 14:10:22.072, 1, 0, 43801
2026/08/28 14:10:22.072, 2, 0, 43801
2026/08/28 14:10:22.072, 3, 0, 43801
2026/08/28 14:10:22.572, 0, 35, 43817
2026/08/28 14:10:22.572, 1, 12, 43801
2026/08/28 14:10:22.573, 2, 100, 43801
2026/08/28 14:10:22.573, 3, 65, 43801
2026/08/28 14:10:23.073, 0, 100, 43817
2026/08/28 14:10:23.073, 1, 100, 43801
2026/08/28 14:10:23.073, 2, 100, 43801
2026/08/28 14:10:23.073, 3, 100, 43801
2026/08/28 14:10:23.573, 0, 100, 43817
2026/08/28 14:10:23.573, 1, 100, 43801
2026/08/28 14:10:23.573, 2, 100, 43801
2026/08/28 14:10:23.573, 3, 100, 43801
2026/08/28 14:10:24.073, 0, 100, 43817
2026/08/28 14:10:24.073, 1, 100, 43801
2026/08/28 14:10:24.073, 2, 100, 43801
2026/08/28 14:10:24.073, 3, 100, 43801
2026/08/28 14:10:24.573, 0, 100, 43817
2026/08/28 14:10:24.573, 1, 100, 43801
2026/08/28 14:10:24.573, 2, 100, 43801
2026/08/28 14:10:24.573, 3, 100, 43801
2026/08/28 14:10:25.074, 0, 100, 43817
2026/08/28 14:10:25.074, 1, 100, 43801
2026/08/28 14:10:25.074, 2, 100, 43801
2026/08/28 14:10:25.074, 3, 100, 43801
2026/08/28 14:10:25.574, 0, 100, 43817
2026/08/28 14:10:25.574, 1, 100, 43801
2026/08/28 14:10:25.574, 2, 100, 43801
2026/08/28 14:10:25.574, 3, 100, 43801
2026/08/28 14:10:26.074, 0, 100, 43817
2026/08/28 14:10:26.074, 1, 100, 43801
2026/08/28 14:10:26.074, 2, 100, 43801
2026/08/28 14:10:26.074, 3, 100, 43801
2026/08/28 14:10:26.574, 0, 100, 43817
2026/08/28 14:10:26.574, 1, 100, 43801
2026/08/28 14:10:26.574, 2, 100, 43801
2026/08/28 14:10:26.574, 3, 100, 43801
2026/08/28 14:10:27.074, 0, 69, 43817
2026/08/28 14:10:27.074, 1, 92, 43801
2026/08/28 14:10:27.075, 2, 0, 43801
2026/08/28 14:10:27.075, 3, 40, 43801
2026/08/28 14:10:27.575, 0, 0, 43817
2026/08/28 14:10:27.575, 1, 0, 43801
2026/08/28 14:10:27.575, 2, 0, 43801
2026/08/28 14:10:27.575, 3, 0, 43801
2026/08/28 14:10:28.075, 0, 100, 43817
2026/08/28 14:10:28.075, 1, 100, 43801
2026/08/28 14:10:28.076, 2, 100, 43801
2026/08/28 14:10:28.076, 3, 100, 43801
2026/08/28 14:10:28.576, 0, 100, 43817
2026/08/28 14:10:28.576, 1, 100, 43801
2026/08/28 14:10:28.576, 2, 100, 43801
2026/08/28 14:10:28.576, 3, 100, 43801
2026/08/28 14:10:29.076, 0, 100, 43817
2026/08/28 14:10:29.076, 1, 100, 43801
2026/08/28 14:10:29.076, 2, 100, 43801
2026/08/28 14:10:29.076, 3, 100, 43801
2026/08/28 14:10:29.576, 0, 100, 43817
2026/08/28 14:10:29.577, 1, 100, 43801
2026/08/28 14:10:29.577, 2, 100, 43801
2026/08/28 14:10:29.577, 3, 100, 43801
2026/08/28 14:10:30.077, 0, 100, 43817
2026/08/28 14:10:30.077, 1, 100, 43801
2026/08/28 14:10:30.077, 2, 100, 43801
2026/08/28 14:10:30.077, 3, 100, 43801
2026/08/28 14:10:30.577, 0, 100, 43817
2026/08/28 14:10:30.577, 1, 100, 43801
2026/08/28 14:10:30.577, 2, 100, 43801
2026/08/28 14:10:30.577, 3, 100, 43801
2026/08/28 14:10:31.077, 0, 100, 43817
2026/08/28 14:10:31.077, 1, 100, 43801
2026/08/28 14:10:31.077, 2, 100, 43801
2026/08/28 14:10:31.077, 3, 100, 43801
2026/08/28 14:10:31.577, 0, 100, 43817
2026/08/28 14:10:31.577, 1, 100, 43801
2026/08/28 14:10:31.577, 2, 100, 43801
2026/08/28 14:10:31.577, 3, 100, 43801
2026/08/28 14:10:32.077, 0, 100, 43817
2026/08/28 14:10:32.078, 1, 100, 43801
2026/08/28 14:10:32.078, 2, 100, 43801
2026/08/28 14:10:32.078, 3, 100, 43801
2026/08/28 14:10:32.578, 0, 0, 43817
2026/08/28 14:10:32.578, 1, 0, 43801
2026/08/28 14:10:32.578, 2, 0, 43801
2026/08/28 14:10:32.578, 3, 0, 43801
2026/08/28 14:10:33.078, 0, 100, 43817
2026/08/28 14:10:33.078, 1, 100, 43801
2026/08/28 14:10:33.078, 2, 100, 43801
2026/08/28 14:10:33.078, 3, 99, 43801
2026/08/28 14:10:33.578, 0, 100, 43817
2026/08/28 14:10:33.578, 1, 100, 43801
2026/08/28 14:10:33.578, 2, 100, 43801
2026/08/28 14:10:33.578, 3, 100, 43801
2026/08/28 14:10:34.078, 0, 100, 43817
2026/08/28 14:10:34.078, 1, 100, 43801
2026/08/28 14:10:34.078, 2, 100, 43801
2026/08/28 14:10:34.078, 3, 100, 43801
2026/08/28 14:10:34.578, 0, 100, 43817
2026/08/28 14:10:34.579, 1, 100, 43801
2026/08/28 14:10:34.579, 2, 100, 43801
2026/08/28 14:10:34.579, 3, 100, 43801
2026/08/28 14:10:35.079, 0, 100, 43817
2026/08/28 14:10:35.079, 1, 100, 43801
2026/08/28 14:10:35.079, 2, 100, 43801
2026/08/28 14:10:35.079, 3, 100, 43801
2026/08/28 14:10:35.579, 0, 100, 43817
2026/08/28 14:10:35.579, 1, 100, 43801
2026/08/28 14:10:35.579, 2, 100, 43801
2026/08/28 14:10:35.579, 3, 100, 43801
2026/08/28 14:10:36.079, 0, 100, 43817
2026/08/28 14:10:36.079, 1, 100, 43801
2026/08/28 14:10:36.079, 2, 100, 43801
2026/08/28 14:10:36.079, 3, 100, 43801
2026/08/28 14:10:36.579, 0, 100, 43817
2026/08/28 14:10:36.579, 1, 100, 43801
2026/08/28 14:10:36.579, 2, 100, 43801
2026/08/28 14:10:36.579, 3, 100, 43801
2026/08/28 14:10:37.079, 0, 100, 43817
2026/08/28 14:10:37.079, 1, 100, 43801
2026/08/28 14:10:37.079, 2, 100, 43801
2026/08/28 14:10:37.079, 3, 100, 43801
2026/08/28 14:10:37.580, 0, 43, 43817
2026/08/28 14:10:37.580, 1, 64, 43801
2026/08/28 14:10:37.580, 2, 0, 43801
2026/08/28 14:10:37.580, 3, 12, 43801
2026/08/28 14:10:38.080, 0, 46, 43817
2026/08/28 14:10:38.080, 1, 24, 43801
2026/08/28 14:10:38.080, 2, 100, 43801
2026/08/28 14:10:38.080, 3, 76, 43801
2026/08/28 14:10:38.580, 0, 100, 43817
2026/08/28 14:10:38.580, 1, 100, 43801
2026/08/28 14:10:38.580, 2, 100, 43801
2026/08/28 14:10:38.580, 3, 100, 43801
2026/08/28 14:10:39.080, 0, 100, 43817
2026/08/28 14:10:39.080, 1, 100, 43801
2026/08/28 14:10:39.080, 2, 100, 43801
2026/08/28 14:10:39.080, 3, 100, 43801
2026/08/28 14:10:39.580, 0, 100, 43817
2026/08/28 14:10:39.580, 1, 100, 43801
2026/08/28 14:10:39.580, 2, 100, 43801
2026/08/28 14:10:39.580, 3, 100, 43801
2026/08/28 14:10:40.081, 0, 100, 43817
2026/08/28 14:10:40.081, 1, 100, 43801
2026/08/28 14:10:40.081, 2, 100, 43801
2026/08/28 14:10:40.081, 3, 100, 43801
2026/08/28 14:10:40.581, 0, 100, 43817
2026/08/28 14:10:40.581, 1, 100, 43801
2026/08/28 14:10:40.581, 2, 100, 43801
2026/08/28 14:10:40.581, 3, 100, 43801
2026/08/28 14:10:41.081, 0, 100, 43817
2026/08/28 14:10:41.081, 1, 100, 43801
2026/08/28 14:10:41.081, 2, 100, 43801
2026/08/28 14:10:41.081, 3, 100, 43801
2026/08/28 14:10:41.581, 0, 100, 43817
2026/08/28 14:10:41.581, 1, 100, 43801
2026/08/28 14:10:41.581, 2, 100, 43801
2026/08/28 14:10:41.581, 3, 100, 43801
2026/08/28 14:10:42.081, 0, 100, 43817
2026/08/28 14:10:42.081, 1, 100, 43801
2026/08/28 14:10:42.081, 2, 100, 43801
2026/08/28 14:10:42.081, 3, 100, 43801
2026/08/28 14:10:42.581, 0, 100, 43817
2026/08/28 14:10:42.581, 1, 100, 43801
2026/08/28 14:10:42.582, 2, 100, 43801
2026/08/28 14:10:42.582, 3, 100, 43801
2026/08/28 14:10:43.082, 0, 0, 43817
2026/08/28 14:10:43.082, 1, 0, 43801
2026/08/28 14:10:43.082, 2, 2, 43801
2026/08/28 14:10:43.082, 3, 0, 43801
2026/08/28 14:10:43.582, 0, 100, 43817
2026/08/28 14:10:43.582, 1, 100, 43801
2026/08/28 14:10:43.582, 2, 100, 43801
2026/08/28 14:10:43.582, 3, 100, 43801
2026/08/28 14:10:44.082, 0, 100, 43817
2026/08/28 14:10:44.082, 1, 100, 43801
2026/08/28 14:10:44.082, 2, 100, 43801
2026/08/28 14:10:44.082, 3, 100, 43801
2026/08/28 14:10:44.582, 0, 100, 43817
2026/08/28 14:10:44.582, 1, 100, 43801
2026/08/28 14:10:44.582, 2, 100, 43801
2026/08/28 14:10:44.582, 3, 100, 43801
2026/08/28 14:10:45.082, 0, 100, 43817
2026/08/28 14:10:45.082, 1, 100, 43801
2026/08/28 14:10:45.083, 2, 100, 43801
2026/08/28 14:10:45.083, 3, 100, 43801
2026/08/28 14:10:45.583, 0, 100, 43817
2026/08/28 14:10:45.583, 1, 100, 43801
2026/08/28 14:10:45.583, 2, 100, 43801
2026/08/28 14:10:45.583, 3, 100, 43801
2026/08/28 14:10:46.083, 0, 100, 43817
2026/08/28 14:10:46.083, 1, 100, 43801
2026/08/28 14:10:46.083, 2, 100, 43801
2026/08/28 14:10:46.083, 3, 100, 43801
2026/08/28 14:10:46.583, 0, 100, 43817
2026/08/28 14:10:46.583, 1, 100, 43801
2026/08/28 14:10:46.583, 2, 100, 43801
2026/08/28 14:10:46.583, 3, 100, 43801
2026/08/28 14:10:47.083, 0, 100, 43817
2026/08/28 14:10:47.083, 1, 100, 43801
2026/08/28 14:10:47.083, 2, 100, 43801
2026/08/28 14:10:47.083, 3, 100, 43801
2026/08/28 14:10:47.583, 0, 100, 43817
2026/08/28 14:10:47.583, 1, 100, 43801
2026/08/28 14:10:47.583, 2, 100, 43801
2026/08/28 14:10:47.583, 3, 100, 43801
2026/08/28 14:10:48.084, 0, 0, 43817
2026/08/28 14:10:48.084, 1, 0, 43801
2026/08/28 14:10:48.084, 2, 0, 43801
2026/08/28 14:10:48.084, 3, 0, 43801
2026/08/28 14:10:48.584, 0, 100, 43817
2026/08/28 14:10:48.584, 1, 100, 43801
2026/08/28 14:10:48.584, 2, 100, 43801
2026/08/28 14:10:48.584, 3, 100, 43801
2026/08/28 14:10:49.084, 0, 100, 43817
2026/08/28 14:10:49.084, 1, 100, 43801
2026/08/28 14:10:49.084, 2, 100, 43801
2026/08/28 14:10:49.084, 3, 100, 43801
2026/08/28 14:10:49.584, 0, 100, 43817
2026/08/28 14:10:49.584, 1, 100, 43801
2026/08/28 14:10:49.584, 2, 100, 43801
2026/08/28 14:10:49.584, 3, 100, 43801
2026/08/28 14:10:50.084, 0, 100, 43817
2026/08/28 14:10:50.084, 1, 100, 43801
2026/08/28 14:10:50.084, 2, 100, 43801
2026/08/28 14:10:50.084, 3, 100, 43801
2026/08/28 14:10:50.584, 0, 100, 43817
2026/08/28 14:10:50.585, 1, 100, 43801
2026/08/28 14:10:50.585, 2, 100, 43801
2026/08/28 14:10:50.585, 3, 100, 43801
2026/08/28 14:10:51.085, 0, 100, 43817
2026/08/28 14:10:51.085, 1, 100, 43801
2026/08/28 14:10:51.085, 2, 100, 43801
2026/08/28 14:10:51.085, 3, 100, 43801
2026/08/28 14:10:51.585, 0, 100, 43817
2026/08/28 14:10:51.585, 1, 100, 43801
2026/08/28 14:10:51.585, 2, 100, 43801
2026/08/28 14:10:51.585, 3, 100, 43801
2026/08/28 14:10:52.085, 0, 100, 43817
2026/08/28 14:10:52.085, 1, 100, 43801
2026/08/28 14:10:52.085, 2, 100, 43801
2026/08/28 14:10:52.085, 3, 100, 43801
2026/08/28 14:10:52.585, 0, 100, 43817
2026/08/28 14:10:52.585, 1, 100, 43801
2026/08/28 14:10:52.585, 2, 100, 43801
2026/08/28 14:10:52.585, 3, 100, 43801
2026/08/28 14:10:53.085, 0, 0, 43817
2026/08/28 14:10:53.085, 1, 0, 43801
2026/08/28 14:10:53.085, 2, 0, 43801
2026/08/28 14:10:53.085, 3, 0, 43801
2026/08/28 14:10:53.586, 0, 0, 43817
2026/08/28 14:10:53.586, 1, 59, 43801
2026/08/28 14:10:53.586, 2, 91, 43801
2026/08/28 14:10:53.586, 3, 11, 43801
2026/08/28 14:10:54.086, 0, 100, 43817
2026/08/28 14:10:54.086, 1, 100, 43801
2026/08/28 14:10:54.086, 2, 100, 43801
2026/08/28 14:10:54.086, 3, 100, 43801
2026/08/28 14:10:54.586, 0, 100, 43817
2026/08/28 14:10:54.586, 1, 100, 43801
2026/08/28 14:10:54.586, 2, 100, 43801
2026/08/28 14:10:54.586, 3, 100, 43801
2026/08/28 14:10:55.086, 0, 100, 43817
2026/08/28 14:10:55.086, 1, 100, 43801
2026/08/28 14:10:55.086, 2, 100, 43801
2026/08/28 14:10:55.086, 3, 100, 43801
2026/08/28 14:10:55.586, 0, 100, 43817
2026/08/28 14:10:55.586, 1, 100, 43801
2026/08/28 14:10:55.586, 2, 100, 43801
2026/08/28 14:10:55.586, 3, 100, 43801
2026/08/28 14:10:56.086, 0, 100, 43817
2026/08/28 14:10:56.086, 1, 100, 43801
2026/08/28 14:10:56.086, 2, 100, 43801
2026/08/28 14:10:56.086, 3, 100, 43801
2026/08/28 14:10:56.587, 0, 100, 43817
2026/08/28 14:10:56.587, 1, 100, 43801
2026/08/28 14:10:56.587, 2, 100, 43801
2026/08/28 14:10:56.587, 3, 100, 43801
2026/08/28 14:10:57.087, 0, 100, 43817
2026/08/28 14:10:57.087, 1, 100, 43801
2026/08/28 14:10:57.087, 2, 100, 43801
2026/08/28 14:10:57.087, 3, 100, 43801
2026/08/28 14:10:57.587, 0, 100, 43817
2026/08/28 14:10:57.587, 1, 100, 43801
2026/08/28 14:10:57.587, 2, 100, 43801
2026/08/28 14:10:57.587, 3, 100, 43801
2026/08/28 14:10:58.087, 0, 100, 43817
2026/08/28 14:10:58.087, 1, 40, 43801
2026/08/28 14:10:58.087, 2, 7, 43801
2026/08/28 14:10:58.087, 3, 88, 43801
2026/08/28 14:10:58.587, 0, 0, 43817
2026/08/28 14:10:58.587, 1, 0, 43801
2026/08/28 14:10:58.587, 2, 0, 43801
2026/08/28 14:10:58.587, 3, 0, 43801
2026/08/28 14:10:59.087, 0, 100, 43817
2026/08/28 14:10:59.087, 1, 100, 43801
2026/08/28 14:10:59.088, 2, 100, 43801
2026/08/28 14:10:59.088, 3, 100, 43801
2026/08/28 14:10:59.588, 0, 100, 43817
2026/08/28 14:10:59.588, 1, 100, 43801
2026/08/28 14:10:59.588, 2, 100, 43801
2026/08/28 14:10:59.588, 3, 100, 43801
2026/08/28 14:11:00.088, 0, 100, 43817
2026/08/28 14:11:00.088, 1, 100, 43801
2026/08/28 14:11:00.088, 2, 100, 43801
2026/08/28 14:11:00.088, 3, 100, 43801
2026/08/28 14:11:00.588, 0, 100, 43817
2026/08/28 14:11:00.588, 1, 100, 43801
2026/08/28 14:11:00.588, 2, 100, 43801
2026/08/28 14:11:00.588, 3, 100, 43801
2026/08/28 14:11:01.088, 0, 100, 43817
2026/08/28 14:11:01.088, 1, 100, 43801
2026/08/28 14:11:01.088, 2, 100, 43801
2026/08/28 14:11:01.088, 3, 100, 43801
2026/08/28 14:11:01.588, 0, 100, 43817
2026/08/28 14:11:01.588, 1, 100, 43801
2026/08/28 14:11:01.588, 2, 100, 43801
2026/08/28 14:11:01.588, 3, 100, 43801
2026/08/28 14:11:02.088, 0, 100, 43817
2026/08/28 14:11:02.088, 1, 100, 43801
2026/08/28 14:11:02.088, 2, 100, 43801
2026/08/28 14:11:02.088, 3, 100, 43801
2026/08/28 14:11:02.588, 0, 100, 43817
2026/08/28 14:11:02.588, 1, 100, 43801
2026/08/28 14:11:02.588, 2, 100, 43801
2026/08/28 14:11:02.588, 3, 100, 43801
2026/08/28 14:11:03.089, 0, 100, 43817
2026/08/28 14:11:03.089, 1, 100, 43801
2026/08/28 14:11:03.089, 2, 100, 43801
2026/08/28 14:11:03.089, 3, 100, 43801
2026/08/28 14:11:03.589, 0, 0, 43817
2026/08/28 14:11:03.589, 1, 0, 43801
2026/08/28 14:11:03.589, 2, 0, 43801
2026/08/28 14:11:03.589, 3, 0, 43801
2026/08/28 14:11:04.089, 0, 99, 43817
2026/08/28 14:11:04.089, 1, 100, 43801
2026/08/28 14:11:04.089, 2, 100, 43801
2026/08/28 14:11:04.089, 3, 99, 43801
2026/08/28 14:11:04.589, 0, 100, 43817
2026/08/28 14:11:04.589, 1, 100, 43801
2026/08/28 14:11:04.589, 2, 100, 43801
2026/08/28 14:11:04.589, 3, 100, 43801
2026/08/28 14:11:05.089, 0, 100, 43817
2026/08/28 14:11:05.089, 1, 100, 43801
2026/08/28 14:11:05.089, 2, 100, 43801
2026/08/28 14:11:05.089, 3, 100, 43801
2026/08/28 14:11:05.589, 0, 100, 43817
2026/08/28 14:11:05.590, 1, 100, 43801
2026/08/28 14:11:05.590, 2, 100, 43801
2026/08/28 14:11:05.590, 3, 100, 43801
2026/08/28 14:11:06.090, 0, 100, 43817
2026/08/28 14:11:06.090, 1, 100, 43801
2026/08/28 14:11:06.090, 2, 100, 43801
2026/08/28 14:11:06.090, 3, 100, 43801
2026/08/28 14:11:06.590, 0, 100, 43817
2026/08/28 14:11:06.590, 1, 100, 43801
2026/08/28 14:11:06.590, 2, 100, 43801
2026/08/28 14:11:06.590, 3, 100, 43801
2026/08/28 14:11:07.090, 0, 100, 43817
2026/08/28 14:11:07.090, 1, 100, 43801
2026/08/28 14:11:07.090, 2, 100, 43801
2026/08/28 14:11:07.090, 3, 100, 43801
2026/08/28 14:11:07.590, 0, 100, 43817
2026/08/28 14:11:07.590, 1, 100, 43801
2026/08/28 14:11:07.590, 2, 100, 43801
2026/08/28 14:11:07.590, 3, 100, 43801
2026/08/28 14:11:08.090, 0, 100, 43817
2026/08/28 14:11:08.090, 1, 100, 43801
2026/08/28 14:11:08.090, 2, 100, 43801
2026/08/28 14:11:08.090, 3, 100, 43801
2026/08/28 14:11:08.590, 0, 23, 43817
2026/08/28 14:11:08.590, 1, 0, 43801
2026/08/28 14:11:08.591, 2, 0, 43801
2026/08/28 14:11:08.591, 3, 0, 43801
2026/08/28 14:11:09.091, 0, 100, 43817
2026/08/28 14:11:09.091, 1, 100, 43801
2026/08/28 14:11:09.091, 2, 100, 43801
2026/08/28 14:11:09.091, 3, 100, 43801
2026/08/28 14:11:09.591, 0, 100, 43817
2026/08/28 14:11:09.591, 1, 100, 43801
2026/08/28 14:11:09.591, 2, 100, 43801
2026/08/28 14:11:09.591, 3, 100, 43801
2026/08/28 14:11:10.091, 0, 100, 43817
2026/08/28 14:11:10.091, 1, 100, 43801
2026/08/28 14:11:10.091, 2, 100, 43801
2026/08/28 14:11:10.091, 3, 100, 43801
2026/08/28 14:11:10.591, 0, 100, 43817
2026/08/28 14:11:10.591, 1, 100, 43801
2026/08/28 14:11:10.591, 2, 100, 43801
2026/08/28 14:11:10.591, 3, 100, 43801
2026/08/28 14:11:11.091, 0, 100, 43817
2026/08/28 14:11:11.091, 1, 100, 43801
2026/08/28 14:11:11.091, 2, 100, 43801
2026/08/28 14:11:11.091, 3, 100, 43801
2026/08/28 14:11:11.591, 0, 100, 43817
2026/08/28 14:11:11.592, 1, 100, 43801
2026/08/28 14:11:11.592, 2, 100, 43801
2026/08/28 14:11:11.592, 3, 100, 43801
2026/08/28 14:11:12.092, 0, 100, 43817
2026/08/28 14:11:12.092, 1, 100, 43801
2026/08/28 14:11:12.092, 2, 100, 43801
2026/08/28 14:11:12.092, 3, 100, 43801
2026/08/28 14:11:12.592, 0, 100, 43817
2026/08/28 14:11:12.592, 1, 100, 43801
2026/08/28 14:11:12.592, 2, 100, 43801
2026/08/28 14:11:12.592, 3, 100, 43801
2026/08/28 14:11:13.092, 0, 100, 43817
2026/08/28 14:11:13.092, 1, 100, 43801
2026/08/28 14:11:13.092, 2, 100, 43801
2026/08/28 14:11:13.092, 3, 100, 43801
2026/08/28 14:11:13.592, 0, 100, 43817
2026/08/28 14:11:13.592, 1, 100, 43801
2026/08/28 14:11:13.592, 2, 85, 43801
2026/08/28 14:11:13.592, 3, 62, 43801
2026/08/28 14:11:14.092, 0, 0, 43817
2026/08/28 14:11:14.092, 1, 4, 43801
2026/08/28 14:11:14.092, 2, 34, 43801
2026/08/28 14:11:14.092, 3, 56, 43801
2026/08/28 14:11:14.593, 0, 99, 43817
2026/08/28 14:11:14.593, 1, 100, 43801
2026/08/28 14:11:14.593, 2, 100, 43801
2026/08/28 14:11:14.593, 3, 100, 43801
2026/08/28 14:11:15.093, 0, 100, 43817
2026/08/28 14:11:15.093, 1, 100, 43801
2026/08/28 14:11:15.093, 2, 100, 43801
2026/08/28 14:11:15.093, 3, 100, 43801
2026/08/28 14:11:15.593, 0, 100, 43817
2026/08/28 14:11:15.593, 1, 100, 43801
2026/08/28 14:11:15.593, 2, 100, 43801
2026/08/28 14:11:15.593, 3, 100, 43801
2026/08/28 14:11:16.093, 0, 100, 43817
2026/08/28 14:11:16.093, 1, 100, 43801
2026/08/28 14:11:16.093, 2, 100, 43801
2026/08/28 14:11:16.093, 3, 100, 43801
2026/08/28 14:11:16.593, 0, 100, 43817
2026/08/28 14:11:16.593, 1, 100, 43801
2026/08/28 14:11:16.593, 2, 100, 43801
2026/08/28 14:11:16.593, 3, 100, 43801
2026/08/28 14:11:17.094, 0, 100, 43817
2026/08/28 14:11:17.094, 1, 100, 43801
2026/08/28 14:11:17.094, 2, 100, 43801
2026/08/28 14:11:17.094, 3, 100, 43801
2026/08/28 14:11:17.594, 0, 100, 43817
2026/08/28 14:11:17.594, 1, 100, 43801
2026/08/28 14:11:17.594, 2, 100, 43801
2026/08/28 14:11:17.594, 3, 100, 43801
2026/08/28 14:11:18.094, 0, 100, 43817
2026/08/28 14:11:18.094, 1, 100, 43801
2026/08/28 14:11:18.094, 2, 100, 43801
2026/08/28 14:11:18.094, 3, 100, 43801
2026/08/28 14:11:18.594, 0, 100, 43817
2026/08/28 14:11:18.594, 1, 100, 43801
2026/08/28 14:11:18.594, 2, 100, 43801
2026/08/28 14:11:18.594, 3, 100, 43801
2026/08/28 14:11:19.094, 0, 0, 43817
2026/08/28 14:11:19.094, 1, 0, 43801
2026/08/28 14:11:19.094, 2, 0, 43801
2026/08/28 14:11:19.094, 3, 0, 43801
2026/08/28 14:11:19.594, 0, 100, 43817
2026/08/28 14:11:19.594, 1, 100, 43801
2026/08/28 14:11:19.594, 2, 100, 43801
2026/08/28 14:11:19.594, 3, 100, 43801
2026/08/28 14:11:20.095, 0, 100, 43817
2026/08/28 14:11:20.095, 1, 100, 43801
2026/08/28 14:11:20.095, 2, 100, 43801
2026/08/28 14:11:20.095, 3, 100, 43801
2026/08/28 14:11:20.595, 0, 100, 43817
2026/08/28 14:11:20.595, 1, 100, 43801
2026/08/28 14:11:20.595, 2, 100, 43801
2026/08/28 14:11:20.595, 3, 100, 43801
2026/08/28 14:11:21.095, 0, 100, 43817
2026/08/28 14:11:21.095, 1, 100, 43801
2026/08/28 14:11:21.095, 2, 100, 43801
2026/08/28 14:11:21.095, 3, 100, 43801
2026/08/28 14:11:21.595, 0, 100, 43817
2026/08/28 14:11:21.595, 1, 100, 43801
2026/08/28 14:11:21.595, 2, 100, 43801
2026/08/28 14:11:21.595, 3, 100, 43801
2026/08/28 14:11:22.095, 0, 100, 43817
2026/08/28 14:11:22.095, 1, 100, 43801
2026/08/28 14:11:22.095, 2, 100, 43801
2026/08/28 14:11:22.095, 3, 100, 43801
2026/08/28 14:11:22.595, 0, 100, 43817
2026/08/28 14:11:22.595, 1, 100, 43801
2026/08/28 14:11:22.596, 2, 100, 43801
2026/08/28 14:11:22.596, 3, 100, 43801
2026/08/28 14:11:23.096, 0, 100, 43817
2026/08/28 14:11:23.096, 1, 100, 43801
2026/08/28 14:11:23.096, 2, 100, 43801
2026/08/28 14:11:23.096, 3, 100, 43801
2026/08/28 14:11:23.596, 0, 100, 43817
2026/08/28 14:11:23.596, 1, 100, 43801
2026/08/28 14:11:23.596, 2, 100, 43801
2026/08/28 14:11:23.596, 3, 100, 43801
2026/08/28 14:11:24.096, 0, 0, 43817
2026/08/28 14:11:24.096, 1, 0, 43801
2026/08/28 14:11:24.096, 2, 0, 43801
2026/08/28 14:11:24.096, 3, 0, 43801
2026/08/28 14:11:24.596, 0, 1, 43817
2026/08/28 14:11:24.596, 1, 71, 43801
2026/08/28 14:11:24.596, 2, 100, 43801
2026/08/28 14:11:24.596, 3, 100, 43801
2026/08/28 14:11:25.096, 0, 100, 43817
2026/08/28 14:11:25.096, 1, 100, 43801
2026/08/28 14:11:25.097, 2, 100, 43801
2026/08/28 14:11:25.097, 3, 100, 43801
2026/08/28 14:11:25.597, 0, 100, 43817
2026/08/28 14:11:25.597, 1, 100, 43801
2026/08/28 14:11:25.597, 2, 100, 43801
2026/08/28 14:11:25.597, 3, 100, 43801
2026/08/28 14:11:26.097, 0, 100, 43817
2026/08/28 14:11:26.097, 1, 100, 43801
2026/08/28 14:11:26.097, 2, 100, 43801
2026/08/28 14:11:26.097, 3, 100, 43801
2026/08/28 14:11:26.597, 0, 100, 43817
2026/08/28 14:11:26.597, 1, 100, 43801
2026/08/28 14:11:26.597, 2, 100, 43801
2026/08/28 14:11:26.597, 3, 100, 43801
2026/08/28 14:11:27.097, 0, 100, 43817
2026/08/28 14:11:27.097, 1, 100, 43801
2026/08/28 14:11:27.097, 2, 100, 43801
2026/08/28 14:11:27.097, 3, 100, 43801
2026/08/28 14:11:27.597, 0, 100, 43817
2026/08/28 14:11:27.597, 1, 100, 43801
2026/08/28 14:11:27.597, 2, 100, 43801
2026/08/28 14:11:27.597, 3, 100, 43801
2026/08/28 14:11:28.097, 0, 100, 43817
2026/08/28 14:11:28.098, 1, 100, 43801
2026/08/28 14:11:28.098, 2, 100, 43801
2026/08/28 14:11:28.098, 3, 100, 43801
2026/08/28 14:11:28.598, 0, 100, 43817
2026/08/28 14:11:28.598, 1, 100, 43801
2026/08/28 14:11:28.598, 2, 100, 43801
2026/08/28 14:11:28.598, 3, 100, 43801
2026/08/28 14:11:29.098, 0, 100, 43817
2026/08/28 14:11:29.098, 1, 34, 43801
2026/08/28 14:11:29.098, 2, 0, 43801
2026/08/28 14:11:29.098, 3, 0, 43801
2026/08/28 14:11:29.598, 0, 0, 43817
2026/08/28 14:11:29.598, 1, 0, 43801
2026/08/28 14:11:29.598, 2, 0, 43801
2026/08/28 14:11:29.598, 3, 0, 43801
2026/08/28 14:11:30.098, 0, 100, 43817
2026/08/28 14:11:30.098, 1, 100, 43801
2026/08/28 14:11:30.098, 2, 100, 43801
2026/08/28 14:11:30.098, 3, 100, 43801
2026/08/28 14:11:30.598, 0, 99, 43817
2026/08/28 14:11:30.599, 1, 100, 43801
2026/08/28 14:11:30.599, 2, 100, 43801
2026/08/28 14:11:30.599, 3, 100, 43801
2026/08/28 14:11:31.099, 0, 100, 43817
2026/08/28 14:11:31.099, 1, 100, 43801
2026/08/28 14:11:31.099, 2, 100, 43801
2026/08/28 14:11:31.099, 3, 100, 43801
2026/08/28 14:11:31.599, 0, 100, 43817
2026/08/28 14:11:31.599, 1, 100, 43801
2026/08/28 14:11:31.599, 2, 100, 43801
2026/08/28 14:11:31.599, 3, 100, 43801
2026/08/28 14:11:32.099, 0, 100, 43817
2026/08/28 14:11:32.099, 1, 100, 43801
2026/08/28 14:11:32.099, 2, 100, 43801
2026/08/28 14:11:32.099, 3, 100, 43801
2026/08/28 14:11:32.599, 0, 100, 43817
2026/08/28 14:11:32.599, 1, 100, 43801
2026/08/28 14:11:32.599, 2, 100, 43801
2026/08/28 14:11:32.599, 3, 100, 43801
2026/08/28 14:11:33.099, 0, 100, 43817
2026/08/28 14:11:33.099, 1, 100, 43801
2026/08/28 14:11:33.099, 2, 100, 43801
2026/08/28 14:11:33.099, 3, 100, 43801
2026/08/28 14:11:33.599, 0, 100, 43817
2026/08/28 14:11:33.599, 1, 100, 43801
2026/08/28 14:11:33.599, 2, 100, 43801
2026/08/28 14:11:33.599, 3, 100, 43801
2026/08/28 14:11:34.100, 0, 100, 43817
2026/08/28 14:11:34.100, 1, 100, 43801
2026/08/28 14:11:34.100, 2, 100, 43801
2026/08/28 14:11:34.100, 3, 100, 43801
2026/08/28 14:11:34.600, 0, 0, 43817
2026/08/28 14:11:34.600, 1, 0, 43801
2026/08/28 14:11:34.600, 2, 0, 43801
2026/08/28 14:11:34.600, 3, 0, 43801
2026/08/28 14:11:35.100, 0, 99, 43817
2026/08/28 14:11:35.100, 1, 100, 43801
2026/08/28 14:11:35.100, 2, 100, 43801
2026/08/28 14:11:35.100, 3, 100, 43801
2026/08/28 14:11:35.600, 0, 100, 43817
2026/08/28 14:11:35.600, 1, 100, 43801
2026/08/28 14:11:35.600, 2, 100, 43801
2026/08/28 14:11:35.600, 3, 100, 43801
2026/08/28 14:11:36.100, 0, 100, 43817
2026/08/28 14:11:36.100, 1, 100, 43801
2026/08/28 14:11:36.100, 2, 100, 43801
2026/08/28 14:11:36.100, 3, 100, 43801
2026/08/28 14:11:36.601, 0, 100, 43817
2026/08/28 14:11:36.601, 1, 100, 43801
2026/08/28 14:11:36.601, 2, 100, 43801
2026/08/28 14:11:36.601, 3, 100, 43801
2026/08/28 14:11:37.101, 0, 100, 43817
2026/08/28 14:11:37.101, 1, 100, 43801
2026/08/28 14:11:37.101, 2, 100, 43801
2026/08/28 14:11:37.101, 3, 100, 43801
2026/08/28 14:11:37.601, 0, 100, 43817
2026/08/28 14:11:37.601, 1, 100, 43801
2026/08/28 14:11:37.601, 2, 100, 43801
2026/08/28 14:11:37.601, 3, 100, 43801
2026/08/28 14:11:38.101, 0, 100, 43817
2026/08/28 14:11:38.101, 1, 100, 43801
2026/08/28 14:11:38.101, 2, 100, 43801
2026/08/28 14:11:38.101, 3, 100, 43801
2026/08/28 14:11:38.601, 0, 100, 43817
2026/08/28 14:11:38.601, 1, 100, 43801
2026/08/28 14:11:38.601, 2, 100, 43801
2026/08/28 14:11:38.601, 3, 100, 43801
2026/08/28 14:11:39.101, 0, 100, 43817
2026/08/28 14:11:39.102, 1, 100, 43801
2026/08/28 14:11:39.102, 2, 100, 43801
2026/08/28 14:11:39.102, 3, 100, 43801
2026/08/28 14:11:39.602, 0, 39, 43817
2026/08/28 14:11:39.602, 1, 0, 43801
2026/08/28 14:11:39.602, 2, 0, 43801
2026/08/28 14:11:39.602, 3, 0, 43801
2026/08/28 14:11:40.102, 0, 27, 43817
2026/08/28 14:11:40.102, 1, 100, 43801
2026/08/28 14:11:40.102, 2, 100, 43801
2026/08/28 14:11:40.102, 3, 100, 43801
2026/08/28 14:11:40.602, 0, 100, 43817
2026/08/28 14:11:40.602, 1, 100, 43801
2026/08/28 14:11:40.602, 2, 100, 43801
2026/08/28 14:11:40.602, 3, 100, 43801
2026/08/28 14:11:41.102, 0, 100, 43817
2026/08/28 14:11:41.102, 1, 100, 43801
2026/08/28 14:11:41.102, 2, 100, 43801
2026/08/28 14:11:41.102, 3, 100, 43801
2026/08/28 14:11:41.602, 0, 100, 43817
2026/08/28 14:11:41.602, 1, 100, 43801
2026/08/28 14:11:41.602, 2, 100, 43801
2026/08/28 14:11:41.602, 3, 100, 43801
2026/08/28 14:11:42.103, 0, 100, 43817
2026/08/28 14:11:42.103, 1, 100, 43801
2026/08/28 14:11:42.103, 2, 100, 43801
2026/08/28 14:11:42.103, 3, 100, 43801
2026/08/28 14:11:42.603, 0, 100, 43817
2026/08/28 14:11:42.603, 1, 100, 43801
2026/08/28 14:11:42.603, 2, 100, 43801
2026/08/28 14:11:42.603, 3, 100, 43801
2026/08/28 14:11:43.103, 0, 100, 43817
2026/08/28 14:11:43.103, 1, 100, 43801
2026/08/28 14:11:43.103, 2, 100, 43801
2026/08/28 14:11:43.103, 3, 100, 43801
2026/08/28 14:11:43.603, 0, 100, 43817
2026/08/28 14:11:43.603, 1, 100, 43801
2026/08/28 14:11:43.603, 2, 100, 43801
2026/08/28 14:11:43.603, 3, 100, 43801
2026/08/28 14:11:44.103, 0, 100, 43817
2026/08/28 14:11:44.103, 1, 100, 43801
2026/08/28 14:11:44.103, 2, 100, 43801
2026/08/28 14:11:44.103, 3, 100, 43801
2026/08/28 14:11:44.603, 0, 100, 43817
2026/08/28 14:11:44.603, 1, 100, 43801
2026/08/28 14:11:44.603, 2, 100, 43801
2026/08/28 14:11:44.603, 3, 100, 43801
2026/08/28 14:11:45.104, 0, 0, 43817
2026/08/28 14:11:45.104, 1, 0, 43801
2026/08/28 14:11:45.104, 2, 0, 43801
2026/08/28 14:11:45.104, 3, 11, 43801
2026/08/28 14:11:45.604, 0, 100, 43817
2026/08/28 14:11:45.604, 1, 100, 43801
2026/08/28 14:11:45.604, 2, 100, 43801
2026/08/28 14:11:45.604, 3, 100, 43801
2026/08/28 14:11:46.104, 0, 100, 43817
2026/08/28 14:11:46.104, 1, 100, 43801
2026/08/28 14:11:46.104, 2, 100, 43801
2026/08/28 14:11:46.104, 3, 100, 43801
2026/08/28 14:11:46.604, 0, 99, 43817
2026/08/28 14:11:46.604, 1, 100, 43801
2026/08/28 14:11:46.604, 2, 100, 43801
2026/08/28 14:11:46.604, 3, 100, 43801
2026/08/28 14:11:47.104, 0, 100, 43817
2026/08/28 14:11:47.104, 1, 100, 43801
2026/08/28 14:11:47.104, 2, 100, 43801
2026/08/28 14:11:47.104, 3, 100, 43801
2026/08/28 14:11:47.604, 0, 100, 43817
2026/08/28 14:11:47.605, 1, 100, 43801
2026/08/28 14:11:47.605, 2, 100, 43801
2026/08/28 14:11:47.605, 3, 100, 43801
2026/08/28 14:11:48.105, 0, 100, 43817
2026/08/28 14:11:48.105, 1, 100, 43801
2026/08/28 14:11:48.105, 2, 100, 43801
2026/08/28 14:11:48.105, 3, 100, 43801
2026/08/28 14:11:48.605, 0, 100, 43817
2026/08/28 14:11:48.605, 1, 100, 43801
2026/08/28 14:11:48.605, 2, 100, 43801
2026/08/28 14:11:48.605, 3, 100, 43801
2026/08/28 14:11:49.105, 0, 100, 43817
2026/08/28 14:11:49.105, 1, 100, 43801
2026/08/28 14:11:49.105, 2, 100, 43801
2026/08/28 14:11:49.105, 3, 100, 43801
2026/08/28 14:11:49.605, 0, 100, 43817
2026/08/28 14:11:49.605, 1, 100, 43801
2026/08/28 14:11:49.605, 2, 100, 43801
2026/08/28 14:11:49.605, 3, 100, 43801
2026/08/28 14:11:50.105, 0, 0, 43817
2026/08/28 14:11:50.105, 1, 0, 43801
2026/08/28 14:11:50.105, 2, 0, 43801
2026/08/28 14:11:50.106, 3, 0, 43801
2026/08/28 14:11:50.606, 0, 100, 43817
2026/08/28 14:11:50.606, 1, 100, 43801
2026/08/28 14:11:50.606, 2, 100, 43801
2026/08/28 14:11:50.606, 3, 100, 43801
2026/08/28 14:11:51.106, 0, 100, 43817
2026/08/28 14:11:51.106, 1, 100, 43801
2026/08/28 14:11:51.106, 2, 100, 43801
2026/08/28 14:11:51.106, 3, 100, 43801
2026/08/28 14:11:51.606, 0, 100, 43817
2026/08/28 14:11:51.606, 1, 100, 43801
2026/08/28 14:11:51.606, 2, 100, 43801
2026/08/28 14:11:51.606, 3, 100, 43801
2026/08/28 14:11:52.106, 0, 100, 43817
2026/08/28 14:11:52.106, 1, 100, 43801
2026/08/28 14:11:52.106, 2, 100, 43801
2026/08/28 14:11:52.106, 3, 100, 43801
2026/08/28 14:11:52.606, 0, 100, 43817
2026/08/28 14:11:52.606, 1, 100, 43801
2026/08/28 14:11:52.606, 2, 100, 43801
2026/08/28 14:11:52.606, 3, 100, 43801
2026/08/28 14:11:53.106, 0, 100, 43817
2026/08/28 14:11:53.107, 1, 100, 43801
2026/08/28 14:11:53.107, 2, 100, 43801
2026/08/28 14:11:53.107, 3, 100, 43801
2026/08/28 14:11:53.607, 0, 100, 43817
2026/08/28 14:11:53.607, 1, 100, 43801
2026/08/28 14:11:53.607, 2, 100, 43801
2026/08/28 14:11:53.607, 3, 100, 43801
2026/08/28 14:11:54.107, 0, 100, 43817
2026/08/28 14:11:54.107, 1, 100, 43801
2026/08/28 14:11:54.107, 2, 100, 43801
2026/08/28 14:11:54.107, 3, 100, 43801
2026/08/28 14:11:54.607, 0, 100, 43817
2026/08/28 14:11:54.607, 1, 100, 43801
2026/08/28 14:11:54.607, 2, 100, 43801
2026/08/28 14:11:54.607, 3, 100, 43801
2026/08/28 14:11:55.107, 0, 0, 43817
2026/08/28 14:11:55.107, 1, 0, 43801
2026/08/28 14:11:55.107, 2, 0, 43801
2026/08/28 14:11:55.107, 3, 0, 43801
2026/08/28 14:11:55.607, 0, 24, 43817
2026/08/28 14:11:55.607, 1, 2, 43801
2026/08/28 14:11:55.607, 2, 32, 43801
2026/08/28 14:11:55.607, 3, 54, 43801
2026/08/28 14:11:56.107, 0, 100, 43817
2026/08/28 14:11:56.108, 1, 100, 43801
2026/08/28 14:11:56.108, 2, 100, 43801
2026/08/28 14:11:56.108, 3, 100, 43801
2026/08/28 14:11:56.608, 0, 100, 43817
2026/08/28 14:11:56.608, 1, 100, 43801
2026/08/28 14:11:56.608, 2, 100, 43801
2026/08/28 14:11:56.608, 3, 100, 43801
2026/08/28 14:11:57.108, 0, 100, 43817
2026/08/28 14:11:57.108, 1, 100, 43801
2026/08/28 14:11:57.108, 2, 100, 43801
2026/08/28 14:11:57.108, 3, 100, 43801
2026/08/28 14:11:57.608, 0, 100, 43817
2026/08/28 14:11:57.608, 1, 100, 43801
2026/08/28 14:11:57.608, 2, 100, 43801
2026/08/28 14:11:57.608, 3, 100, 43801
2026/08/28 14:11:58.108, 0, 100, 43817
2026/08/28 14:11:58.108, 1, 100, 43801
2026/08/28 14:11:58.108, 2, 100, 43801
2026/08/28 14:11:58.108, 3, 100, 43801
2026/08/28 14:11:58.608, 0, 100, 43817
2026/08/28 14:11:58.608, 1, 100, 43801
2026/08/28 14:11:58.608, 2, 100, 43801
2026/08/28 14:11:58.608, 3, 100, 43801
2026/08/28 14:11:59.109, 0, 100, 43817
2026/08/28 14:11:59.109, 1, 100, 43801
2026/08/28 14:11:59.109, 2, 100, 43801
2026/08/28 14:11:59.109, 3, 100, 43801
2026/08/28 14:11:59.609, 0, 100, 43817
2026/08/28 14:11:59.609, 1, 100, 43801
2026/08/28 14:11:59.609, 2, 100, 43801
2026/08/28 14:11:59.609, 3, 100, 43801
2026/08/28 14:12:00.109, 0, 84, 43817
2026/08/28 14:12:00.109, 1, 100, 43801
2026/08/28 14:12:00.109, 2, 74, 43801
2026/08/28 14:12:00.109, 3, 52, 43801
2026/08/28 14:12:00.609, 0, 0, 43817
2026/08/28 14:12:00.609, 1, 0, 43801
2026/08/28 14:12:00.609, 2, 0, 43801
2026/08/28 14:12:00.609, 3, 0, 43801
2026/08/28 14:12:01.109, 0, 100, 43817
2026/08/28 14:12:01.109, 1, 100, 43801
2026/08/28 14:12:01.109, 2, 100, 43801
2026/08/28 14:12:01.109, 3, 100, 43801
2026/08/28 14:12:01.609, 0, 100, 43817
2026/08/28 14:12:01.609, 1, 100, 43801
2026/08/28 14:12:01.609, 2, 100, 43801
2026/08/28 14:12:01.610, 3, 100, 43801
2026/08/28 14:12:02.110, 0, 100, 43817
2026/08/28 14:12:02.110, 1, 100, 43801
2026/08/28 14:12:02.110, 2, 100, 43801
2026/08/28 14:12:02.110, 3, 100, 43801
2026/08/28 14:12:02.610, 0, 99, 43817
2026/08/28 14:12:02.610, 1, 100, 43801
2026/08/28 14:12:02.610, 2, 100, 43801
2026/08/28 14:12:02.610, 3, 100, 43801
2026/08/28 14:12:03.110, 0, 100, 43817
2026/08/28 14:12:03.110, 1, 100, 43801
2026/08/28 14:12:03.110, 2, 100, 43801
2026/08/28 14:12:03.110, 3, 100, 43801
2026/08/28 14:12:03.610, 0, 100, 43817
2026/08/28 14:12:03.610, 1, 100, 43801
2026/08/28 14:12:03.610, 2, 100, 43801
2026/08/28 14:12:03.610, 3, 100, 43801
2026/08/28 14:12:04.110, 0, 100, 43817
2026/08/28 14:12:04.110, 1, 100, 43801
2026/08/28 14:12:04.110, 2, 100, 43801
2026/08/28 14:12:04.110, 3, 100, 43801
2026/08/28 14:12:04.610, 0, 100, 43817
2026/08/28 14:12:04.610, 1, 100, 43801
2026/08/28 14:12:04.610, 2, 100, 43801
2026/08/28 14:12:04.610, 3, 100, 43801
2026/08/28 14:12:05.111, 0, 100, 43817
2026/08/28 14:12:05.111, 1, 100, 43801
2026/08/28 14:12:05.111, 2, 100, 43801
2026/08/28 14:12:05.111, 3, 100, 43801
2026/08/28 14:12:05.611, 0, 0, 43817
2026/08/28 14:12:05.611, 1, 0, 43801
2026/08/28 14:12:05.611, 2, 0, 43801
2026/08/28 14:12:05.611, 3, 0, 43801
2026/08/28 14:12:06.111, 0, 99, 43817
2026/08/28 14:12:06.111, 1, 100, 43801
2026/08/28 14:12:06.111, 2, 99, 43801
2026/08/28 14:12:06.111, 3, 99, 43801
2026/08/28 14:12:06.611, 0, 100, 43817
2026/08/28 14:12:06.611, 1, 100, 43801
2026/08/28 14:12:06.611, 2, 100, 43801
2026/08/28 14:12:06.611, 3, 100, 43801
2026/08/28 14:12:07.111, 0, 100, 43817
2026/08/28 14:12:07.111, 1, 100, 43801
2026/08/28 14:12:07.111, 2, 100, 43801
2026/08/28 14:12:07.111, 3, 100, 43801
2026/08/28 14:12:07.611, 0, 100, 43817
2026/08/28 14:12:07.612, 1, 100, 43801
2026/08/28 14:12:07.612, 2, 100, 43801
2026/08/28 14:12:07.612, 3, 100, 43801
2026/08/28 14:12:08.112, 0, 100, 43817
2026/08/28 14:12:08.112, 1, 100, 43801
2026/08/28 14:12:08.112, 2, 100, 43801
2026/08/28 14:12:08.112, 3, 100, 43801
2026/08/28 14:12:08.612, 0, 100, 43817
2026/08/28 14:12:08.612, 1, 100, 43801
2026/08/28 14:12:08.612, 2, 100, 43801
2026/08/28 14:12:08.612, 3, 100, 43801
2026/08/28 14:12:09.112, 0, 100, 43817
2026/08/28 14:12:09.112, 1, 100, 43801
2026/08/28 14:12:09.112, 2, 100, 43801
2026/08/28 14:12:09.112, 3, 100, 43801
2026/08/28 14:12:09.612, 0, 100, 43817
2026/08/28 14:12:09.612, 1, 100, 43801
2026/08/28 14:12:09.612, 2, 100, 43801
2026/08/28 14:12:09.612, 3, 100, 43801
2026/08/28 14:12:10.112, 0, 100, 43817
2026/08/28 14:12:10.112, 1, 100, 43801
2026/08/28 14:12:10.112, 2, 100, 43801
2026/08/28 14:12:10.112, 3, 100, 43801
2026/08/28 14:12:10.612, 0, 0, 43817
2026/08/28 14:12:10.613, 1, 17, 43801
2026/08/28 14:12:10.613, 2, 0, 43801
2026/08/28 14:12:10.613, 3, 0, 43801
2026/08/28 14:12:11.113, 0, 100, 43817
2026/08/28 14:12:11.113, 1, 100, 43801
2026/08/28 14:12:11.113, 2, 100, 43801
2026/08/28 14:12:11.113, 3, 100, 43801
2026/08/28 14:12:11.613, 0, 100, 43817
2026/08/28 14:12:11.613, 1, 100, 43801
2026/08/28 14:12:11.613, 2, 100, 43801
2026/08/28 14:12:11.613, 3, 100, 43801
2026/08/28 14:12:12.113, 0, 100, 43817
2026/08/28 14:12:12.113, 1, 100, 43801
2026/08/28 14:12:12.113, 2, 100, 43801
2026/08/28 14:12:12.113, 3, 100, 43801
2026/08/28 14:12:12.613, 0, 100, 43817
2026/08/28 14:12:12.613, 1, 100, 43801
2026/08/28 14:12:12.613, 2, 100, 43801
2026/08/28 14:12:12.613, 3, 100, 43801
2026/08/28 14:12:13.113, 0, 100, 43817
2026/08/28 14:12:13.113, 1, 100, 43801
2026/08/28 14:12:13.113, 2, 100, 43801
2026/08/28 14:12:13.114, 3, 100, 43801
2026/08/28 14:12:13.614, 0, 100, 43817
2026/08/28 14:12:13.614, 1, 100, 43801
2026/08/28 14:12:13.614, 2, 100, 43801
2026/08/28 14:12:13.614, 3, 100, 43801
2026/08/28 14:12:14.114, 0, 100, 43817
2026/08/28 14:12:14.114, 1, 100, 43801
2026/08/28 14:12:14.114, 2, 100, 43801
2026/08/28 14:12:14.114, 3, 100, 43801
2026/08/28 14:12:14.614, 0, 100, 43817
2026/08/28 14:12:14.614, 1, 100, 43801
2026/08/28 14:12:14.614, 2, 100, 43801
2026/08/28 14:12:14.614, 3, 100, 43801
2026/08/28 14:12:15.114, 0, 100, 43817
2026/08/28 14:12:15.114, 1, 100, 43801
2026/08/28 14:12:15.114, 2, 100, 43801
2026/08/28 14:12:15.114, 3, 100, 43801
2026/08/28 14:12:15.614, 0, 100, 43817
2026/08/28 14:12:15.614, 1, 100, 43801
2026/08/28 14:12:15.614, 2, 100, 43801
2026/08/28 14:12:15.614, 3, 100, 43801
2026/08/28 14:12:16.114, 0, 2, 43817
2026/08/28 14:12:16.115, 1, 0, 43801
2026/08/28 14:12:16.115, 2, 11, 43801
2026/08/28 14:12:16.115, 3, 32, 43801
2026/08/28 14:12:16.615, 0, 100, 43817
2026/08/28 14:12:16.615, 1, 100, 43801
2026/08/28 14:12:16.615, 2, 100, 43801
2026/08/28 14:12:16.615, 3, 100, 43801
2026/08/28 14:12:17.115, 0, 100, 43817
2026/08/28 14:12:17.115, 1, 100, 43801
2026/08/28 14:12:17.115, 2, 100, 43801
2026/08/28 14:12:17.115, 3, 100, 43801
2026/08/28 14:12:17.615, 0, 100, 43817
2026/08/28 14:12:17.615, 1, 100, 43801
2026/08/28 14:12:17.615, 2, 100, 43801
2026/08/28 14:12:17.615, 3, 100, 43801
2026/08/28 14:12:18.115, 0, 100, 43817
2026/08/28 14:12:18.115, 1, 100, 43801
2026/08/28 14:12:18.115, 2, 100, 43801
2026/08/28 14:12:18.115, 3, 100, 43801
2026/08/28 14:12:18.615, 0, 100, 43817
2026/08/28 14:12:18.615, 1, 100, 43801
2026/08/28 14:12:18.615, 2, 100, 43801
2026/08/28 14:12:18.616, 3, 100, 43801
2026/08/28 14:12:19.116, 0, 100, 43817
2026/08/28 14:12:19.116, 1, 100, 43801
2026/08/28 14:12:19.116, 2, 100, 43801
2026/08/28 14:12:19.116, 3, 100, 43801
2026/08/28 14:12:19.616, 0, 100, 43817
2026/08/28 14:12:19.616, 1, 100, 43801
2026/08/28 14:12:19.616, 2, 100, 43801
2026/08/28 14:12:19.616, 3, 100, 43801
2026/08/28 14:12:20.116, 0, 100, 43817
2026/08/28 14:12:20.116, 1, 100, 43801
2026/08/28 14:12:20.116, 2, 100, 43801
2026/08/28 14:12:20.116, 3, 100, 43801
2026/08/28 14:12:20.616, 0, 100, 43817
2026/08/28 14:12:20.616, 1, 100, 43801
2026/08/28 14:12:20.616, 2, 100, 43801
2026/08/28 14:12:20.616, 3, 100, 43801
2026/08/28 14:12:21.116, 0, 0, 43817
2026/08/28 14:12:21.116, 1, 0, 43801
2026/08/28 14:12:21.116, 2, 0, 43801
2026/08/28 14:12:21.116, 3, 0, 43801
2026/08/28 14:12:21.616, 0, 100, 43817
2026/08/28 14:12:21.616, 1, 100, 43801
2026/08/28 14:12:21.616, 2, 100, 43801
2026/08/28 14:12:21.616, 3, 99, 43801
2026/08/28 14:12:22.117, 0, 100, 43817
2026/08/28 14:12:22.117, 1, 100, 43801
2026/08/28 14:12:22.117, 2, 100, 43801
2026/08/28 14:12:22.117, 3, 100, 43801
2026/08/28 14:12:22.617, 0, 100, 43817
2026/08/28 14:12:22.617, 1, 100, 43801
2026/08/28 14:12:22.617, 2, 100, 43801
2026/08/28 14:12:22.617, 3, 100, 43801
2026/08/28 14:12:23.117, 0, 100, 43817
2026/08/28 14:12:23.117, 1, 100, 43801
2026/08/28 14:12:23.117, 2, 100, 43801
2026/08/28 14:12:23.117, 3, 100, 43801
2026/08/28 14:12:23.617, 0, 100, 43817
2026/08/28 14:12:23.617, 1, 100, 43801
2026/08/28 14:12:23.617, 2, 100, 43801
2026/08/28 14:12:23.617, 3, 100, 43801
2026/08/28 14:12:24.117, 0, 100, 43817
2026/08/28 14:12:24.117, 1, 100, 43801
2026/08/28 14:12:24.117, 2, 100, 43801
2026/08/28 14:12:24.117, 3, 100, 43801
2026/08/28 14:12:24.617, 0, 100, 43817
2026/08/28 14:12:24.617, 1, 100, 43801
2026/08/28 14:12:24.617, 2, 100, 43801
2026/08/28 14:12:24.618, 3, 100, 43801
2026/08/28 14:12:25.118, 0, 100, 43817
2026/08/28 14:12:25.118, 1, 100, 43801
2026/08/28 14:12:25.118, 2, 100, 43801
2026/08/28 14:12:25.118, 3, 100, 43801
2026/08/28 14:12:25.618, 0, 100, 43817
2026/08/28 14:12:25.618, 1, 100, 43801
2026/08/28 14:12:25.618, 2, 100, 43801
2026/08/28 14:12:25.618, 3, 100, 43801
2026/08/28 14:12:26.118, 0, 0, 43817
2026/08/28 14:12:26.118, 1, 0, 43801
2026/08/28 14:12:26.118, 2, 0, 43801
2026/08/28 14:12:26.118, 3, 0, 43801
2026/08/28 14:12:26.618, 0, 60, 43817
2026/08/28 14:12:26.618, 1, 34, 43801
2026/08/28 14:12:26.618, 2, 71, 43801
2026/08/28 14:12:26.618, 3, 85, 43801
2026/08/28 14:12:27.118, 0, 100, 43817
2026/08/28 14:12:27.118, 1, 100, 43801
2026/08/28 14:12:27.118, 2, 100, 43801
2026/08/28 14:12:27.118, 3, 100, 43801
2026/08/28 14:12:27.619, 0, 100, 43817
2026/08/28 14:12:27.619, 1, 100, 43801
2026/08/28 14:12:27.619, 2, 100, 43801
2026/08/28 14:12:27.619, 3, 100, 43801
2026/08/28 14:12:28.119, 0, 100, 43817
2026/08/28 14:12:28.119, 1, 100, 43801
2026/08/28 14:12:28.119, 2, 100, 43801
2026/08/28 14:12:28.119, 3, 100, 43801
2026/08/28 14:12:28.619, 0, 100, 43817
2026/08/28 14:12:28.619, 1, 100, 43801
2026/08/28 14:12:28.619, 2, 100, 43801
2026/08/28 14:12:28.619, 3, 100, 43801
2026/08/28 14:12:29.119, 0, 100, 43817
2026/08/28 14:12:29.119, 1, 100, 43801
2026/08/28 14:12:29.119, 2, 100, 43801
2026/08/28 14:12:29.119, 3, 100, 43801
2026/08/28 14:12:29.619, 0, 100, 43817
2026/08/28 14:12:29.619, 1, 100, 43801
2026/08/28 14:12:29.619, 2, 100, 43801
2026/08/28 14:12:29.619, 3, 100, 43801
2026/08/28 14:12:30.119, 0, 100, 43817
2026/08/28 14:12:30.119, 1, 100, 43801
2026/08/28 14:12:30.119, 2, 100, 43801
2026/08/28 14:12:30.119, 3, 100, 43801
2026/08/28 14:12:30.620, 0, 100, 43817
2026/08/28 14:12:30.620, 1, 100, 43801
2026/08/28 14:12:30.620, 2, 100, 43801
2026/08/28 14:12:30.620, 3, 100, 43801
2026/08/28 14:12:31.120, 0, 50, 43817
2026/08/28 14:12:31.120, 1, 71, 43801
2026/08/28 14:12:31.120, 2, 40, 43801
2026/08/28 14:12:31.120, 3, 20, 43801
2026/08/28 14:12:31.620, 0, 0, 43817
2026/08/28 14:12:31.620, 1, 0, 43801
2026/08/28 14:12:31.620, 2, 0, 43801
2026/08/28 14:12:31.620, 3, 0, 43801
2026/08/28 14:12:32.120, 0, 100, 43817
2026/08/28 14:12:32.120, 1, 100, 43801
2026/08/28 14:12:32.120, 2, 100, 43801
2026/08/28 14:12:32.120, 3, 100, 43801
2026/08/28 14:12:32.620, 0, 100, 43817
2026/08/28 14:12:32.620, 1, 100, 43801
2026/08/28 14:12:32.620, 2, 100, 43801
2026/08/28 14:12:32.620, 3, 100, 43801
2026/08/28 14:12:33.120, 0, 100, 43817
2026/08/28 14:12:33.121, 1, 100, 43801
2026/08/28 14:12:33.121, 2, 100, 43801
2026/08/28 14:12:33.121, 3, 100, 43801
2026/08/28 14:12:33.621, 0, 100, 43817
2026/08/28 14:12:33.621, 1, 100, 43801
2026/08/28 14:12:33.621, 2, 100, 43801
2026/08/28 14:12:33.621, 3, 100, 43801
2026/08/28 14:12:34.121, 0, 100, 43817
2026/08/28 14:12:34.121, 1, 100, 43801
2026/08/28 14:12:34.121, 2, 100, 43801
2026/08/28 14:12:34.121, 3, 100, 43801
2026/08/28 14:12:34.621, 0, 100, 43817
2026/08/28 14:12:34.621, 1, 100, 43801
2026/08/28 14:12:34.621, 2, 100, 43801
2026/08/28 14:12:34.621, 3, 100, 43801
2026/08/28 14:12:35.121, 0, 100, 43817
2026/08/28 14:12:35.121, 1, 100, 43801
2026/08/28 14:12:35.121, 2, 100, 43801
2026/08/28 14:12:35.121, 3, 100, 43801
2026/08/28 14:12:35.621, 0, 100, 43817
2026/08/28 14:12:35.621, 1, 100, 43801
2026/08/28 14:12:35.621, 2, 100, 43801
2026/08/28 14:12:35.621, 3, 100, 43801
2026/08/28 14:12:36.121, 0, 100, 43817
2026/08/28 14:12:36.122, 1, 100, 43801
2026/08/28 14:12:36.122, 2, 100, 43801
2026/08/28 14:12:36.122, 3, 100, 43801
2026/08/28 14:12:36.622, 0, 0, 43817
2026/08/28 14:12:36.622, 1, 0, 43801
2026/08/28 14:12:36.622, 2, 0, 43801
2026/08/28 14:12:36.622, 3, 0, 43801
2026/08/28 14:12:37.122, 0, 100, 43817
2026/08/28 14:12:37.122, 1, 100, 43801
2026/08/28 14:12:37.122, 2, 100, 43801
2026/08/28 14:12:37.122, 3, 100, 43801
2026/08/28 14:12:37.622, 0, 100, 43817
2026/08/28 14:12:37.622, 1, 100, 43801
2026/08/28 14:12:37.622, 2, 100, 43801
2026/08/28 14:12:37.622, 3, 100, 43801
2026/08/28 14:12:38.122, 0, 100, 43817
2026/08/28 14:12:38.122, 1, 100, 43801
2026/08/28 14:12:38.122, 2, 100, 43801
2026/08/28 14:12:38.122, 3, 100, 43801
2026/08/28 14:12:38.623, 0, 100, 43817
2026/08/28 14:12:38.623, 1, 100, 43801
2026/08/28 14:12:38.623, 2, 100, 43801
2026/08/28 14:12:38.623, 3, 100, 43801
2026/08/28 14:12:39.123, 0, 100, 43817
2026/08/28 14:12:39.123, 1, 100, 43801
2026/08/28 14:12:39.123, 2, 100, 43801
2026/08/28 14:12:39.123, 3, 100, 43801
2026/08/28 14:12:39.623, 0, 100, 43817
2026/08/28 14:12:39.623, 1, 100, 43801
2026/08/28 14:12:39.623, 2, 100, 43801
2026/08/28 14:12:39.623, 3, 100, 43801
2026/08/28 14:12:40.123, 0, 100, 43817
2026/08/28 14:12:40.123, 1, 100, 43801
2026/08/28 14:12:40.123, 2, 100, 43801
2026/08/28 14:12:40.123, 3, 100, 43801
2026/08/28 14:12:40.623, 0, 100, 43817
2026/08/28 14:12:40.623, 1, 100, 43801
2026/08/28 14:12:40.623, 2, 100, 43801
2026/08/28 14:12:40.623, 3, 100, 43801
2026/08/28 14:12:41.123, 0, 100, 43817
2026/08/28 14:12:41.123, 1, 100, 43801
2026/08/28 14:12:41.123, 2, 100, 43801
2026/08/28 14:12:41.123, 3, 100, 43801
2026/08/28 14:12:41.623, 0, 73, 43817
2026/08/28 14:12:41.624, 1, 93, 43801
2026/08/28 14:12:41.624, 2, 63, 43801
2026/08/28 14:12:41.624, 3, 42, 43801
2026/08/28 14:12:42.124, 0, 12, 43817
2026/08/28 14:12:42.124, 1, 1, 43801
2026/08/28 14:12:42.124, 2, 22, 43801
2026/08/28 14:12:42.124, 3, 44, 43801
2026/08/28 14:12:42.624, 0, 100, 43817
2026/08/28 14:12:42.624, 1, 100, 43801
2026/08/28 14:12:42.624, 2, 100, 43801
2026/08/28 14:12:42.624, 3, 100, 43801
2026/08/28 14:12:43.124, 0, 100, 43817
2026/08/28 14:12:43.124, 1, 100, 43801
2026/08/28 14:12:43.124, 2, 100, 43801
2026/08/28 14:12:43.124, 3, 100, 43801
2026/08/28 14:12:43.624, 0, 100, 43817
2026/08/28 14:12:43.624, 1, 100, 43801
2026/08/28 14:12:43.624, 2, 100, 43801
2026/08/28 14:12:43.624, 3, 100, 43801
2026/08/28 14:12:44.124, 0, 100, 43817
2026/08/28 14:12:44.124, 1, 100, 43801
2026/08/28 14:12:44.124, 2, 100, 43801
2026/08/28 14:12:44.125, 3, 100, 43801
2026/08/28 14:12:44.625, 0, 100, 43817
2026/08/28 14:12:44.625, 1, 100, 43801
2026/08/28 14:12:44.625, 2, 100, 43801
2026/08/28 14:12:44.625, 3, 100, 43801
2026/08/28 14:12:45.125, 0, 100, 43817
2026/08/28 14:12:45.125, 1, 100, 43801
2026/08/28 14:12:45.125, 2, 100, 43801
2026/08/28 14:12:45.125, 3, 100, 43801
2026/08/28 14:12:45.625, 0, 100, 43817
2026/08/28 14:12:45.625, 1, 100, 43801
2026/08/28 14:12:45.625, 2, 100, 43801
2026/08/28 14:12:45.625, 3, 100, 43801
2026/08/28 14:12:46.125, 0, 100, 43817
2026/08/28 14:12:46.125, 1, 100, 43801
2026/08/28 14:12:46.125, 2, 100, 43801
2026/08/28 14:12:46.125, 3, 100, 43801
2026/08/28 14:12:46.625, 0, 100, 43817
2026/08/28 14:12:46.625, 1, 100, 43801
2026/08/28 14:12:46.626, 2, 100, 43801
2026/08/28 14:12:46.626, 3, 100, 43801
2026/08/28 14:12:47.126, 0, 0, 43817
2026/08/28 14:12:47.126, 1, 0, 43801
2026/08/28 14:12:47.126, 2, 0, 43801
2026/08/28 14:12:47.126, 3, 0, 43801
2026/08/28 14:12:47.626, 0, 100, 43817
2026/08/28 14:12:47.626, 1, 100, 43801
2026/08/28 14:12:47.626, 2, 100, 43801
2026/08/28 14:12:47.626, 3, 100, 43801
2026/08/28 14:12:48.126, 0, 100, 43817
2026/08/28 14:12:48.126, 1, 100, 43801
2026/08/28 14:12:48.126, 2, 100, 43801
2026/08/28 14:12:48.126, 3, 100, 43801
2026/08/28 14:12:48.626, 0, 100, 43817
2026/08/28 14:12:48.626, 1, 100, 43801
2026/08/28 14:12:48.626, 2, 100, 43801
2026/08/28 14:12:48.626, 3, 100, 43801
2026/08/28 14:12:49.126, 0, 100, 43817
2026/08/28 14:12:49.126, 1, 100, 43801
2026/08/28 14:12:49.126, 2, 100, 43801
2026/08/28 14:12:49.126, 3, 100, 43801
2026/08/28 14:12:49.627, 0, 100, 43817
2026/08/28 14:12:49.627, 1, 100, 43801
2026/08/28 14:12:49.627, 2, 100, 43801
2026/08/28 14:12:49.627, 3, 100, 43801
2026/08/28 14:12:50.127, 0, 100, 43817
2026/08/28 14:12:50.127, 1, 100, 43801
2026/08/28 14:12:50.127, 2, 100, 43801
2026/08/28 14:12:50.127, 3, 100, 43801
2026/08/28 14:12:50.627, 0, 100, 43817
2026/08/28 14:12:50.627, 1, 100, 43801
2026/08/28 14:12:50.627, 2, 100, 43801
2026/08/28 14:12:50.627, 3, 100, 43801
2026/08/28 14:12:51.127, 0, 100, 43817
2026/08/28 14:12:51.127, 1, 100, 43801
2026/08/28 14:12:51.127, 2, 100, 43801
2026/08/28 14:12:51.127, 3, 100, 43801
2026/08/28 14:12:51.627, 0, 100, 43817
2026/08/28 14:12:51.627, 1, 100, 43801
2026/08/28 14:12:51.627, 2, 100, 43801
2026/08/28 14:12:51.627, 3, 100, 43801
2026/08/28 14:12:52.127, 0, 0, 43817
2026/08/28 14:12:52.127, 1, 0, 43801
2026/08/28 14:12:52.127, 2, 0, 43801
2026/08/28 14:12:52.127, 3, 0, 43801
2026/08/28 14:12:52.627, 0, 40, 43817
2026/08/28 14:12:52.628, 1, 20, 43801
2026/08/28 14:12:52.628, 2, 100, 43801
2026/08/28 14:12:52.628, 3, 71, 43801
2026/08/28 14:12:53.128, 0, 100, 43817
2026/08/28 14:12:53.128, 1, 100, 43801
2026/08/28 14:12:53.128, 2, 100, 43801
2026/08/28 14:12:53.128, 3, 100, 43801
2026/08/28 14:12:53.628, 0, 100, 43817
2026/08/28 14:12:53.628, 1, 100, 43801
2026/08/28 14:12:53.628, 2, 100, 43801
2026/08/28 14:12:53.628, 3, 100, 43801
2026/08/28 14:12:54.128, 0, 100, 43817
2026/08/28 14:12:54.128, 1, 100, 43801
2026/08/28 14:12:54.128, 2, 100, 43801
2026/08/28 14:12:54.128, 3, 100, 43801
2026/08/28 14:12:54.628, 0, 100, 43817
2026/08/28 14:12:54.628, 1, 100, 43801
2026/08/28 14:12:54.628, 2, 100, 43801
2026/08/28 14:12:54.628, 3, 100, 43801
2026/08/28 14:12:55.128, 0, 100, 43817
2026/08/28 14:12:55.128, 1, 100, 43801
2026/08/28 14:12:55.128, 2, 100, 43801
2026/08/28 14:12:55.128, 3, 100, 43801
2026/08/28 14:12:55.628, 0, 100, 43817
2026/08/28 14:12:55.628, 1, 100, 43801
2026/08/28 14:12:55.629, 2, 100, 43801
2026/08/28 14:12:55.629, 3, 100, 43801
2026/08/28 14:12:56.129, 0, 100, 43817
2026/08/28 14:12:56.129, 1, 100, 43801
2026/08/28 14:12:56.129, 2, 100, 43801
2026/08/28 14:12:56.129, 3, 100, 43801
2026/08/28 14:12:56.629, 0, 100, 43817
2026/08/28 14:12:56.629, 1, 100, 43801
2026/08/28 14:12:56.629, 2, 100, 43801
2026/08/28 14:12:56.629, 3, 100, 43801
2026/08/28 14:12:57.129, 0, 60, 43817
2026/08/28 14:12:57.129, 1, 81, 43801
2026/08/28 14:12:57.129, 2, 0, 43801
2026/08/28 14:12:57.129, 3, 29, 43801
2026/08/28 14:12:57.629, 0, 0, 43817
2026/08/28 14:12:57.629, 1, 0, 43801
2026/08/28 14:12:57.629, 2, 0, 43801
2026/08/28 14:12:57.629, 3, 0, 43801
2026/08/28 14:12:58.129, 0, 100, 43817
2026/08/28 14:12:58.129, 1, 100, 43801
2026/08/28 14:12:58.129, 2, 100, 43801
2026/08/28 14:12:58.129, 3, 100, 43801
2026/08/28 14:12:58.630, 0, 100, 43817
2026/08/28 14:12:58.630, 1, 100, 43801
2026/08/28 14:12:58.630, 2, 100, 43801
2026/08/28 14:12:58.630, 3, 100, 43801
2026/08/28 14:12:59.130, 0, 100, 43817
2026/08/28 14:12:59.130, 1, 100, 43801
2026/08/28 14:12:59.130, 2, 100, 43801
2026/08/28 14:12:59.130, 3, 100, 43801
2026/08/28 14:12:59.630, 0, 100, 43817
2026/08/28 14:12:59.630, 1, 100, 43801
2026/08/28 14:12:59.630, 2, 100, 43801
2026/08/28 14:12:59.630, 3, 100, 43801
2026/08/28 14:13:00.130, 0, 100, 43817
2026/08/28 14:13:00.130, 1, 100, 43801
2026/08/28 14:13:00.130, 2, 100, 43801
2026/08/28 14:13:00.130, 3, 100, 43801
2026/08/28 14:13:00.630, 0, 100, 43817
2026/08/28 14:13:00.630, 1, 100, 43801
2026/08/28 14:13:00.630, 2, 100, 43801
2026/08/28 14:13:00.630, 3, 100, 43801
2026/08/28 14:13:01.130, 0, 100, 43817
2026/08/28 14:13:01.130, 1, 100, 43801
2026/08/28 14:13:01.130, 2, 100, 43801
2026/08/28 14:13:01.130, 3, 100, 43801
2026/08/28 14:13:01.630, 0, 100, 43817
2026/08/28 14:13:01.631, 1, 100, 43801
2026/08/28 14:13:01.631, 2, 100, 43801
2026/08/28 14:13:01.631, 3, 100, 43801
2026/08/28 14:13:02.131, 0, 100, 43817
2026/08/28 14:13:02.131, 1, 100, 43801
2026/08/28 14:13:02.131, 2, 100, 43801
2026/08/28 14:13:02.131, 3, 100, 43801
2026/08/28 14:13:02.631, 0, 0, 43817
2026/08/28 14:13:02.631, 1, 0, 43801
2026/08/28 14:13:02.631, 2, 0, 43801
2026/08/28 14:13:02.631, 3, 0, 43801
2026/08/28 14:13:03.131, 0, 99, 43817
2026/08/28 14:13:03.131, 1, 100, 43801
2026/08/28 14:13:03.131, 2, 100, 43801
2026/08/28 14:13:03.131, 3, 100, 43801
2026/08/28 14:13:03.631, 0, 100, 43817
2026/08/28 14:13:03.631, 1, 100, 43801
2026/08/28 14:13:03.631, 2, 100, 43801
2026/08/28 14:13:03.631, 3, 100, 43801
2026/08/28 14:13:04.131, 0, 100, 43817
2026/08/28 14:13:04.131, 1, 100, 43801
2026/08/28 14:13:04.131, 2, 100, 43801
2026/08/28 14:13:04.131, 3, 100, 43801
2026/08/28 14:13:04.631, 0, 100, 43817
2026/08/28 14:13:04.632, 1, 100, 43801
2026/08/28 14:13:04.632, 2, 100, 43801
2026/08/28 14:13:04.632, 3, 100, 43801
2026/08/28 14:13:05.132, 0, 100, 43817
2026/08/28 14:13:05.132, 1, 100, 43801
2026/08/28 14:13:05.132, 2, 100, 43801
2026/08/28 14:13:05.132, 3, 100, 43801
2026/08/28 14:13:05.632, 0, 100, 43817
2026/08/28 14:13:05.632, 1, 100, 43801
2026/08/28 14:13:05.632, 2, 100, 43801
2026/08/28 14:13:05.632, 3, 100, 43801
2026/08/28 14:13:06.132, 0, 100, 43817
2026/08/28 14:13:06.132, 1, 100, 43801
2026/08/28 14:13:06.132, 2, 100, 43801
2026/08/28 14:13:06.132, 3, 100, 43801
2026/08/28 14:13:06.632, 0, 100, 43817
2026/08/28 14:13:06.634, 1, 100, 43801
2026/08/28 14:13:06.634, 2, 100, 43801
2026/08/28 14:13:06.634, 3, 100, 43801
2026/08/28 14:13:07.134, 0, 100, 43817
2026/08/28 14:13:07.134, 1, 100, 43801
2026/08/28 14:13:07.134, 2, 100, 43801
2026/08/28 14:13:07.134, 3, 100, 43801
2026/08/28 14:13:07.634, 0, 0, 43817
2026/08/28 14:13:07.634, 1, 0, 43801
2026/08/28 14:13:07.634, 2, 0, 43801
2026/08/28 14:13:07.634, 3, 0, 43801
2026/08/28 14:13:08.134, 0, 100, 43817
2026/08/28 14:13:08.134, 1, 100, 43801
2026/08/28 14:13:08.134, 2, 100, 43801
2026/08/28 14:13:08.134, 3, 100, 43801
2026/08/28 14:13:08.635, 0, 100, 43817
2026/08/28 14:13:08.635, 1, 100, 43801
2026/08/28 14:13:08.635, 2, 100, 43801
2026/08/28 14:13:08.635, 3, 100, 43801
2026/08/28 14:13:09.135, 0, 100, 43817
2026/08/28 14:13:09.135, 1, 100, 43801
2026/08/28 14:13:09.135, 2, 100, 43801
2026/08/28 14:13:09.135, 3, 100, 43801
2026/08/28 14:13:09.635, 0, 100, 43817
2026/08/28 14:13:09.635, 1, 100, 43801
2026/08/28 14:13:09.635, 2, 100, 43801
2026/08/28 14:13:09.635, 3, 100, 43801
2026/08/28 14:13:10.135, 0, 100, 43817
2026/08/28 14:13:10.135, 1, 100, 43801
2026/08/28 14:13:10.135, 2, 100, 43801
2026/08/28 14:13:10.135, 3, 100, 43801
2026/08/28 14:13:10.635, 0, 100, 43817
2026/08/28 14:13:10.635, 1, 100, 43801
2026/08/28 14:13:10.635, 2, 100, 43801
2026/08/28 14:13:10.635, 3, 100, 43801
2026/08/28 14:13:11.135, 0, 100, 43817
2026/08/28 14:13:11.136, 1, 100, 43801
2026/08/28 14:13:11.136, 2, 100, 43801
2026/08/28 14:13:11.136, 3, 100, 43801
2026/08/28 14:13:11.636, 0, 100, 43817
2026/08/28 14:13:11.636, 1, 100, 43801
2026/08/28 14:13:11.636, 2, 100, 43801
2026/08/28 14:13:11.636, 3, 100, 43801
2026/08/28 14:13:12.136, 0, 100, 43817
2026/08/28 14:13:12.136, 1, 100, 43801
2026/08/28 14:13:12.136, 2, 100, 43801
2026/08/28 14:13:12.136, 3, 100, 43801
2026/08/28 14:13:12.636, 0, 100, 43817
2026/08/28 14:13:12.636, 1, 72, 43801
2026/08/28 14:13:12.636, 2, 42, 43801
2026/08/28 14:13:12.636, 3, 100, 43801
2026/08/28 14:13:13.136, 0, 1, 43817
2026/08/28 14:13:13.136, 1, 76, 43801
2026/08/28 14:13:13.136, 2, 100, 43801
2026/08/28 14:13:13.136, 3, 28, 43801
2026/08/28 14:13:13.636, 0, 100, 43817
2026/08/28 14:13:13.636, 1, 100, 43801
2026/08/28 14:13:13.637, 2, 100, 43801
2026/08/28 14:13:13.637, 3, 100, 43801
2026/08/28 14:13:14.137, 0, 100, 43817
2026/08/28 14:13:14.137, 1, 100, 43801
2026/08/28 14:13:14.137, 2, 100, 43801
2026/08/28 14:13:14.137, 3, 100, 43801
2026/08/28 14:13:14.637, 0, 100, 43817
2026/08/28 14:13:14.637, 1, 100, 43801
2026/08/28 14:13:14.637, 2, 100, 43801
2026/08/28 14:13:14.637, 3, 100, 43801
2026/08/28 14:13:15.137, 0, 100, 43817
2026/08/28 14:13:15.137, 1, 100, 43801
2026/08/28 14:13:15.137, 2, 100, 43801
2026/08/28 14:13:15.137, 3, 100, 43801
2026/08/28 14:13:15.637, 0, 100, 43817
2026/08/28 14:13:15.637, 1, 100, 43801
2026/08/28 14:13:15.637, 2, 100, 43801
2026/08/28 14:13:15.637, 3, 100, 43801
2026/08/28 14:13:16.137, 0, 100, 43817
2026/08/28 14:13:16.137, 1, 100, 43801
2026/08/28 14:13:16.137, 2, 100, 43801
2026/08/28 14:13:16.137, 3, 100, 43801
2026/08/28 14:13:16.638, 0, 100, 43817
2026/08/28 14:13:16.638, 1, 100, 43801
2026/08/28 14:13:16.638, 2, 100, 43801
2026/08/28 14:13:16.638, 3, 100, 43801
2026/08/28 14:13:17.138, 0, 100, 43817
2026/08/28 14:13:17.138, 1, 100, 43801
2026/08/28 14:13:17.138, 2, 100, 43801
2026/08/28 14:13:17.138, 3, 100, 43801
2026/08/28 14:13:17.638, 0, 100, 43817
2026/08/28 14:13:17.638, 1, 100, 43801
2026/08/28 14:13:17.638, 2, 100, 43801
2026/08/28 14:13:17.638, 3, 100, 43801
2026/08/28 14:13:18.138, 0, 0, 43817
2026/08/28 14:13:18.138, 1, 0, 43801
2026/08/28 14:13:18.138, 2, 0, 43801
2026/08/28 14:13:18.138, 3, 0, 43801
2026/08/28 14:13:18.638, 0, 100, 43817
2026/08/28 14:13:18.638, 1, 100, 43801
2026/08/28 14:13:18.638, 2, 99, 43801
2026/08/28 14:13:18.639, 3, 100, 43801
2026/08/28 14:13:19.139, 0, 100, 43817
2026/08/28 14:13:19.139, 1, 100, 43801
2026/08/28 14:13:19.139, 2, 100, 43801
2026/08/28 14:13:19.139, 3, 100, 43801
2026/08/28 14:13:19.639, 0, 100, 43817
2026/08/28 14:13:19.639, 1, 100, 43801
2026/08/28 14:13:19.639, 2, 100, 43801
2026/08/28 14:13:19.639, 3, 100, 43801
2026/08/28 14:13:20.139, 0, 100, 43817
2026/08/28 14:13:20.139, 1, 100, 43801
2026/08/28 14:13:20.139, 2, 100, 43801
2026/08/28 14:13:20.139, 3, 100, 43801
2026/08/28 14:13:20.639, 0, 100, 43817
2026/08/28 14:13:20.639, 1, 100, 43801
2026/08/28 14:13:20.639, 2, 100, 43801
2026/08/28 14:13:20.639, 3, 100, 43801
2026/08/28 14:13:21.139, 0, 100, 43817
2026/08/28 14:13:21.139, 1, 100, 43801
2026/08/28 14:13:21.139, 2, 100, 43801
2026/08/28 14:13:21.139, 3, 100, 43801
2026/08/28 14:13:21.639, 0, 100, 43817
2026/08/28 14:13:21.639, 1, 100, 43801
2026/08/28 14:13:21.639, 2, 100, 43801
2026/08/28 14:13:21.639, 3, 100, 43801
2026/08/28 14:13:22.139, 0, 100, 43817
2026/08/28 14:13:22.140, 1, 100, 43801
2026/08/28 14:13:22.140, 2, 100, 43801
2026/08/28 14:13:22.140, 3, 100, 43801
2026/08/28 14:13:22.640, 0, 100, 43817
2026/08/28 14:13:22.640, 1, 100, 43801
2026/08/28 14:13:22.640, 2, 100, 43801
2026/08/28 14:13:22.640, 3, 100, 43801
2026/08/28 14:13:23.140, 0, 0, 43817
2026/08/28 14:13:23.140, 1, 0, 43801
2026/08/28 14:13:23.140, 2, 0, 43801
2026/08/28 14:13:23.140, 3, 0, 43801
2026/08/28 14:13:23.640, 0, 28, 43817
2026/08/28 14:13:23.640, 1, 100, 43801
2026/08/28 14:13:23.640, 2, 100, 43801
2026/08/28 14:13:23.640, 3, 57, 43801
2026/08/28 14:13:24.140, 0, 100, 43817
2026/08/28 14:13:24.140, 1, 100, 43801
2026/08/28 14:13:24.140, 2, 100, 43801
2026/08/28 14:13:24.140, 3, 100, 43801
2026/08/28 14:13:24.640, 0, 100, 43817
2026/08/28 14:13:24.641, 1, 100, 43801
2026/08/28 14:13:24.641, 2, 100, 43801
2026/08/28 14:13:24.641, 3, 100, 43801
2026/08/28 14:13:25.141, 0, 100, 43817
2026/08/28 14:13:25.141, 1, 100, 43801
2026/08/28 14:13:25.141, 2, 100, 43801
2026/08/28 14:13:25.141, 3, 100, 43801
2026/08/28 14:13:25.641, 0, 100, 43817
2026/08/28 14:13:25.641, 1, 100, 43801
2026/08/28 14:13:25.641, 2, 100, 43801
2026/08/28 14:13:25.641, 3, 100, 43801
2026/08/28 14:13:26.141, 0, 100, 43817
2026/08/28 14:13:26.141, 1, 100, 43801
2026/08/28 14:13:26.141, 2, 100, 43801
2026/08/28 14:13:26.141, 3, 100, 43801
2026/08/28 14:13:26.641, 0, 100, 43817
2026/08/28 14:13:26.641, 1, 100, 43801
2026/08/28 14:13:26.641, 2, 100, 43801
2026/08/28 14:13:26.641, 3, 100, 43801
2026/08/28 14:13:27.141, 0, 100, 43817
2026/08/28 14:13:27.141, 1, 100, 43801
2026/08/28 14:13:27.141, 2, 100, 43801
2026/08/28 14:13:27.141, 3, 100, 43801
2026/08/28 14:13:27.641, 0, 100, 43817
2026/08/28 14:13:27.641, 1, 100, 43801
2026/08/28 14:13:27.641, 2, 100, 43801
2026/08/28 14:13:27.641, 3, 100, 43801
2026/08/28 14:13:28.142, 0, 75, 43817
2026/08/28 14:13:28.142, 1, 0, 43801
2026/08/28 14:13:28.142, 2, 0, 43801
2026/08/28 14:13:28.142, 3, 43, 43801
2026/08/28 14:13:28.642, 0, 0, 43817
2026/08/28 14:13:28.642, 1, 0, 43801
2026/08/28 14:13:28.642, 2, 0, 43801
2026/08/28 14:13:28.642, 3, 0, 43801
2026/08/28 14:13:29.142, 0, 100, 43817
2026/08/28 14:13:29.142, 1, 100, 43801
2026/08/28 14:13:29.142, 2, 100, 43801
2026/08/28 14:13:29.142, 3, 100, 43801
2026/08/28 14:13:29.642, 0, 100, 43817
2026/08/28 14:13:29.642, 1, 100, 43801
2026/08/28 14:13:29.642, 2, 100, 43801
2026/08/28 14:13:29.642, 3, 100, 43801
2026/08/28 14:13:30.142, 0, 100, 43817
2026/08/28 14:13:30.142, 1, 100, 43801
2026/08/28 14:13:30.142, 2, 100, 43801
2026/08/28 14:13:30.142, 3, 100, 43801
2026/08/28 14:13:30.643, 0, 100, 43817
2026/08/28 14:13:30.643, 1, 100, 43801
2026/08/28 14:13:30.643, 2, 100, 43801
2026/08/28 14:13:30.643, 3, 100, 43801
2026/08/28 14:13:31.143, 0, 100, 43817
2026/08/28 14:13:31.143, 1, 100, 43801
2026/08/28 14:13:31.143, 2, 100, 43801
2026/08/28 14:13:31.143, 3, 100, 43801
2026/08/28 14:13:31.643, 0, 100, 43817
2026/08/28 14:13:31.643, 1, 100, 43801
2026/08/28 14:13:31.643, 2, 100, 43801
2026/08/28 14:13:31.643, 3, 100, 43801
2026/08/28 14:13:32.143, 0, 100, 43817
2026/08/28 14:13:32.143, 1, 100, 43801
2026/08/28 14:13:32.143, 2, 100, 43801
2026/08/28 14:13:32.143, 3, 100, 43801
2026/08/28 14:13:32.643, 0, 100, 43817
2026/08/28 14:13:32.643, 1, 100, 43801
2026/08/28 14:13:32.643, 2, 100, 43801
2026/08/28 14:13:32.643, 3, 100, 43801
2026/08/28 14:13:33.143, 0, 100, 43817
2026/08/28 14:13:33.143, 1, 100, 43801
2026/08/28 14:13:33.143, 2, 100, 43801
2026/08/28 14:13:33.143, 3, 100, 43801
2026/08/28 14:13:33.643, 0, 0, 43817
2026/08/28 14:13:33.643, 1, 0, 43801
2026/08/28 14:13:33.644, 2, 0, 43801
2026/08/28 14:13:33.644, 3, 0, 43801
2026/08/28 14:13:34.144, 0, 99, 43817
2026/08/28 14:13:34.144, 1, 100, 43801
2026/08/28 14:13:34.144, 2, 100, 43801
2026/08/28 14:13:34.144, 3, 100, 43801
2026/08/28 14:13:34.644, 0, 100, 43817
2026/08/28 14:13:34.644, 1, 100, 43801
2026/08/28 14:13:34.644, 2, 100, 43801
2026/08/28 14:13:34.644, 3, 100, 43801
2026/08/28 14:13:35.144, 0, 100, 43817
2026/08/28 14:13:35.144, 1, 100, 43801
2026/08/28 14:13:35.144, 2, 100, 43801
2026/08/28 14:13:35.144, 3, 100, 43801
2026/08/28 14:13:35.644, 0, 100, 43817
2026/08/28 14:13:35.644, 1, 100, 43801
2026/08/28 14:13:35.644, 2, 100, 43801
2026/08/28 14:13:35.644, 3, 100, 43801
2026/08/28 14:13:36.144, 0, 100, 43817
2026/08/28 14:13:36.145, 1, 100, 43801
2026/08/28 14:13:36.145, 2, 100, 43801
2026/08/28 14:13:36.145, 3, 100, 43801
2026/08/28 14:13:36.645, 0, 100, 43817
2026/08/28 14:13:36.645, 1, 100, 43801
2026/08/28 14:13:36.645, 2, 100, 43801
2026/08/28 14:13:36.645, 3, 100, 43801
2026/08/28 14:13:37.145, 0, 100, 43817
2026/08/28 14:13:37.145, 1, 100, 43801
2026/08/28 14:13:37.145, 2, 100, 43801
2026/08/28 14:13:37.145, 3, 100, 43801
2026/08/28 14:13:37.645, 0, 100, 43817
2026/08/28 14:13:37.645, 1, 100, 43801
2026/08/28 14:13:37.645, 2, 100, 43801
2026/08/28 14:13:37.645, 3, 100, 43801
2026/08/28 14:13:38.145, 0, 100, 43817
2026/08/28 14:13:38.145, 1, 100, 43801
2026/08/28 14:13:38.145, 2, 100, 43801
2026/08/28 14:13:38.145, 3, 100, 43801
2026/08/28 14:13:38.645, 0, 0, 43817
2026/08/28 14:13:38.645, 1, 0, 43801
2026/08/28 14:13:38.646, 2, 0, 43801
2026/08/28 14:13:38.646, 3, 0, 43801
2026/08/28 14:13:39.146, 0, 100, 43817
2026/08/28 14:13:39.146, 1, 100, 43801
2026/08/28 14:13:39.146, 2, 100, 43801
2026/08/28 14:13:39.146, 3, 100, 43801
2026/08/28 14:13:39.646, 0, 100, 43817
2026/08/28 14:13:39.646, 1, 100, 43801
2026/08/28 14:13:39.646, 2, 100, 43801
2026/08/28 14:13:39.646, 3, 100, 43801
2026/08/28 14:13:40.146, 0, 100, 43817
2026/08/28 14:13:40.146, 1, 100, 43801
2026/08/28 14:13:40.146, 2, 100, 43801
2026/08/28 14:13:40.146, 3, 100, 43801
2026/08/28 14:13:40.646, 0, 100, 43817
2026/08/28 14:13:40.646, 1, 100, 43801
2026/08/28 14:13:40.646, 2, 100, 43801
2026/08/28 14:13:40.646, 3, 100, 43801
2026/08/28 14:13:41.146, 0, 100, 43817
2026/08/28 14:13:41.146, 1, 100, 43801
2026/08/28 14:13:41.146, 2, 100, 43801
2026/08/28 14:13:41.146, 3, 100, 43801
2026/08/28 14:13:41.647, 0, 100, 43817
2026/08/28 14:13:41.647, 1, 100, 43801
2026/08/28 14:13:41.647, 2, 100, 43801
2026/08/28 14:13:41.647, 3, 100, 43801
2026/08/28 14:13:42.147, 0, 100, 43817
2026/08/28 14:13:42.147, 1, 100, 43801
2026/08/28 14:13:42.147, 2, 100, 43801
2026/08/28 14:13:42.147, 3, 100, 43801
2026/08/28 14:13:42.647, 0, 100, 43817
2026/08/28 14:13:42.647, 1, 100, 43801
2026/08/28 14:13:42.647, 2, 100, 43801
2026/08/28 14:13:42.647, 3, 100, 43801
2026/08/28 14:13:43.147, 0, 100, 43817
2026/08/28 14:13:43.147, 1, 100, 43801
2026/08/28 14:13:43.147, 2, 100, 43801
2026/08/28 14:13:43.147, 3, 100, 43801
2026/08/28 14:13:43.647, 0, 100, 43817
2026/08/28 14:13:43.647, 1, 51, 43801
2026/08/28 14:13:43.647, 2, 21, 43801
2026/08/28 14:13:43.647, 3, 0, 43801
2026/08/28 14:13:44.147, 0, 14, 43817
2026/08/28 14:13:44.147, 1, 23, 43801
2026/08/28 14:13:44.147, 2, 0, 43801
2026/08/28 14:13:44.147, 3, 0, 43801
2026/08/28 14:13:44.647, 0, 28, 43817
2026/08/28 14:13:44.648, 1, 100, 43801
2026/08/28 14:13:44.648, 2, 100, 43801
2026/08/28 14:13:44.648, 3, 100, 43801
2026/08/28 14:13:45.148, 0, 100, 43817
2026/08/28 14:13:45.148, 1, 100, 43801
2026/08/28 14:13:45.148, 2, 100, 43801
2026/08/28 14:13:45.148, 3, 100, 43801
2026/08/28 14:13:45.648, 0, 100, 43817
2026/08/28 14:13:45.648, 1, 100, 43801
2026/08/28 14:13:45.648, 2, 100, 43801
2026/08/28 14:13:45.648, 3, 100, 43801
2026/08/28 14:13:46.148, 0, 100, 43817
2026/08/28 14:13:46.148, 1, 100, 43801
2026/08/28 14:13:46.148, 2, 100, 43801
2026/08/28 14:13:46.148, 3, 100, 43801
2026/08/28 14:13:46.648, 0, 100, 43817
2026/08/28 14:13:46.648, 1, 100, 43801
2026/08/28 14:13:46.648, 2, 100, 43801
2026/08/28 14:13:46.648, 3, 100, 43801
2026/08/28 14:13:47.149, 0, 100, 43817
2026/08/28 14:13:47.149, 1, 100, 43801
2026/08/28 14:13:47.149, 2, 100, 43801
2026/08/28 14:13:47.149, 3, 100, 43801
2026/08/28 14:13:47.649, 0, 100, 43817
2026/08/28 14:13:47.649, 1, 100, 43801
2026/08/28 14:13:47.649, 2, 100, 43801
2026/08/28 14:13:47.649, 3, 100, 43801
2026/08/28 14:13:48.149, 0, 100, 43817
2026/08/28 14:13:48.149, 1, 100, 43801
2026/08/28 14:13:48.149, 2, 100, 43801
2026/08/28 14:13:48.149, 3, 100, 43801
2026/08/28 14:13:48.649, 0, 100, 43817
2026/08/28 14:13:48.649, 1, 100, 43801
2026/08/28 14:13:48.649, 2, 100, 43801
2026/08/28 14:13:48.649, 3, 100, 43801
2026/08/28 14:13:49.149, 0, 51, 43817
2026/08/28 14:13:49.149, 1, 0, 43801
2026/08/28 14:13:49.150, 2, 0, 43801
2026/08/28 14:13:49.150, 3, 0, 43801
2026/08/28 14:13:49.650, 0, 0, 43817
2026/08/28 14:13:49.650, 1, 0, 43801
2026/08/28 14:13:49.650, 2, 0, 43801
2026/08/28 14:13:49.650, 3, 0, 43801
2026/08/28 14:13:50.150, 0, 100, 43817
2026/08/28 14:13:50.150, 1, 100, 43801
2026/08/28 14:13:50.150, 2, 100, 43801
2026/08/28 14:13:50.150, 3, 100, 43801
2026/08/28 14:13:50.650, 0, 100, 43817
2026/08/28 14:13:50.650, 1, 100, 43801
2026/08/28 14:13:50.650, 2, 100, 43801
2026/08/28 14:13:50.650, 3, 100, 43801
2026/08/28 14:13:51.150, 0, 100, 43817
2026/08/28 14:13:51.150, 1, 100, 43801
2026/08/28 14:13:51.150, 2, 100, 43801
2026/08/28 14:13:51.150, 3, 100, 43801
2026/08/28 14:13:51.650, 0, 100, 43817
2026/08/28 14:13:51.651, 1, 100, 43801
2026/08/28 14:13:51.651, 2, 100, 43801
2026/08/28 14:13:51.651, 3, 100, 43801
2026/08/28 14:13:52.151, 0, 100, 43817
2026/08/28 14:13:52.151, 1, 100, 43801
2026/08/28 14:13:52.151, 2, 100, 43801
2026/08/28 14:13:52.151, 3, 100, 43801
2026/08/28 14:13:52.651, 0, 100, 43817
2026/08/28 14:13:52.651, 1, 100, 43801
2026/08/28 14:13:52.651, 2, 100, 43801
2026/08/28 14:13:52.651, 3, 100, 43801
2026/08/28 14:13:53.151, 0, 100, 43817
2026/08/28 14:13:53.151, 1, 100, 43801
2026/08/28 14:13:53.151, 2, 100, 43801
2026/08/28 14:13:53.151, 3, 100, 43801
2026/08/28 14:13:53.651, 0, 100, 43817
2026/08/28 14:13:53.651, 1, 100, 43801
2026/08/28 14:13:53.651, 2, 100, 43801
2026/08/28 14:13:53.651, 3, 100, 43801
2026/08/28 14:13:54.152, 0, 100, 43817
2026/08/28 14:13:54.152, 1, 100, 43801
2026/08/28 14:13:54.152, 2, 100, 43801
2026/08/28 14:13:54.152, 3, 100, 43801
2026/08/28 14:13:54.652, 0, 0, 43817
2026/08/28 14:13:54.652, 1, 0, 43801
2026/08/28 14:13:54.652, 2, 0, 43801
2026/08/28 14:13:54.652, 3, 0, 43801
2026/08/28 14:13:55.152, 0, 99, 43817
2026/08/28 14:13:55.152, 1, 99, 43801
2026/08/28 14:13:55.152, 2, 100, 43801
2026/08/28 14:13:55.152, 3, 100, 43801
2026/08/28 14:13:55.652, 0, 100, 43817
2026/08/28 14:13:55.652, 1, 100, 43801
2026/08/28 14:13:55.652, 2, 100, 43801
2026/08/28 14:13:55.652, 3, 100, 43801
2026/08/28 14:13:56.152, 0, 100, 43817
2026/08/28 14:13:56.152, 1, 100, 43801
2026/08/28 14:13:56.152, 2, 100, 43801
2026/08/28 14:13:56.152, 3, 100, 43801
2026/08/28 14:13:56.652, 0, 100, 43817
2026/08/28 14:13:56.653, 1, 100, 43801
2026/08/28 14:13:56.653, 2, 100, 43801
2026/08/28 14:13:56.653, 3, 100, 43801
2026/08/28 14:13:57.153, 0, 100, 43817
2026/08/28 14:13:57.153, 1, 100, 43801
2026/08/28 14:13:57.153, 2, 100, 43801
2026/08/28 14:13:57.153, 3, 100, 43801
2026/08/28 14:13:57.653, 0, 100, 43817
2026/08/28 14:13:57.653, 1, 100, 43801
2026/08/28 14:13:57.653, 2, 100, 43801
2026/08/28 14:13:57.653, 3, 100, 43801
2026/08/28 14:13:58.153, 0, 100, 43817
2026/08/28 14:13:58.153, 1, 100, 43801
2026/08/28 14:13:58.153, 2, 100, 43801
2026/08/28 14:13:58.153, 3, 100, 43801
2026/08/28 14:13:58.653, 0, 100, 43817
2026/08/28 14:13:58.653, 1, 100, 43801
2026/08/28 14:13:58.653, 2, 100, 43801
2026/08/28 14:13:58.653, 3, 100, 43801
2026/08/28 14:13:59.153, 0, 100, 43817
2026/08/28 14:13:59.153, 1, 100, 43801
2026/08/28 14:13:59.153, 2, 100, 43801
2026/08/28 14:13:59.153, 3, 100, 43801
2026/08/28 14:13:59.653, 0, 51, 43817
2026/08/28 14:13:59.653, 1, 0, 43801
2026/08/28 14:13:59.653, 2, 0, 43801
2026/08/28 14:13:59.654, 3, 0, 43801
2026/08/28 14:14:00.154, 0, 0, 43817
2026/08/28 14:14:00.154, 1, 70, 43801
2026/08/28 14:14:00.154, 2, 97, 43801
2026/08/28 14:14:00.154, 3, 100, 43801
2026/08/28 14:14:00.654, 0, 100, 43817
2026/08/28 14:14:00.654, 1, 100, 43801
2026/08/28 14:14:00.654, 2, 100, 43801
2026/08/28 14:14:00.654, 3, 100, 43801
2026/08/28 14:14:01.154, 0, 100, 43817
2026/08/28 14:14:01.154, 1, 100, 43801
2026/08/28 14:14:01.154, 2, 100, 43801
2026/08/28 14:14:01.154, 3, 100, 43801
2026/08/28 14:14:01.654, 0, 100, 43817
2026/08/28 14:14:01.654, 1, 100, 43801
2026/08/28 14:14:01.654, 2, 100, 43801
2026/08/28 14:14:01.654, 3, 100, 43801
2026/08/28 14:14:02.154, 0, 100, 43817
2026/08/28 14:14:02.154, 1, 100, 43801
2026/08/28 14:14:02.154, 2, 100, 43801
2026/08/28 14:14:02.154, 3, 100, 43801
2026/08/28 14:14:02.654, 0, 100, 43817
2026/08/28 14:14:02.654, 1, 100, 43801
2026/08/28 14:14:02.654, 2, 100, 43801
2026/08/28 14:14:02.654, 3, 100, 43801
2026/08/28 14:14:03.155, 0, 100, 43817
2026/08/28 14:14:03.155, 1, 100, 43801
2026/08/28 14:14:03.155, 2, 100, 43801
2026/08/28 14:14:03.155, 3, 100, 43801
2026/08/28 14:14:03.655, 0, 100, 43817
2026/08/28 14:14:03.655, 1, 100, 43801
2026/08/28 14:14:03.655, 2, 100, 43801
2026/08/28 14:14:03.655, 3, 100, 43801
2026/08/28 14:14:04.155, 0, 100, 43817
2026/08/28 14:14:04.155, 1, 100, 43801
2026/08/28 14:14:04.155, 2, 100, 43801
2026/08/28 14:14:04.155, 3, 100, 43801
2026/08/28 14:14:04.655, 0, 100, 43817
2026/08/28 14:14:04.655, 1, 100, 43801
2026/08/28 14:14:04.655, 2, 100, 43801
2026/08/28 14:14:04.655, 3, 100, 43801
2026/08/28 14:14:05.155, 0, 0, 43817
2026/08/28 14:14:05.155, 1, 0, 43801
2026/08/28 14:14:05.155, 2, 0, 43801
2026/08/28 14:14:05.155, 3, 0, 43801
2026/08/28 14:14:05.655, 0, 100, 43817
2026/08/28 14:14:05.655, 1, 99, 43801
2026/08/28 14:14:05.655, 2, 99, 43801
2026/08/28 14:14:05.655, 3, 100, 43801
2026/08/28 14:14:06.155, 0, 100, 43817
2026/08/28 14:14:06.155, 1, 100, 43801
2026/08/28 14:14:06.155, 2, 100, 43801
2026/08/28 14:14:06.155, 3, 100, 43801
2026/08/28 14:14:06.655, 0, 100, 43817
2026/08/28 14:14:06.656, 1, 100, 43801
2026/08/28 14:14:06.656, 2, 100, 43801
2026/08/28 14:14:06.656, 3, 100, 43801
2026/08/28 14:14:07.156, 0, 100, 43817
2026/08/28 14:14:07.156, 1, 100, 43801
2026/08/28 14:14:07.156, 2, 100, 43801
2026/08/28 14:14:07.156, 3, 100, 43801
2026/08/28 14:14:07.656, 0, 100, 43817
2026/08/28 14:14:07.656, 1, 100, 43801
2026/08/28 14:14:07.656, 2, 100, 43801
2026/08/28 14:14:07.656, 3, 100, 43801
2026/08/28 14:14:08.156, 0, 100, 43817
2026/08/28 14:14:08.156, 1, 100, 43801
2026/08/28 14:14:08.156, 2, 100, 43801
2026/08/28 14:14:08.156, 3, 100, 43801
2026/08/28 14:14:08.656, 0, 100, 43817
2026/08/28 14:14:08.656, 1, 100, 43801
2026/08/28 14:14:08.656, 2, 100, 43801
2026/08/28 14:14:08.656, 3, 100, 43801
2026/08/28 14:14:09.156, 0, 100, 43817
2026/08/28 14:14:09.156, 1, 100, 43801
2026/08/28 14:14:09.156, 2, 100, 43801
2026/08/28 14:14:09.156, 3, 100, 43801
2026/08/28 14:14:09.656, 0, 100, 43817
2026/08/28 14:14:09.656, 1, 100, 43801
2026/08/28 14:14:09.656, 2, 100, 43801
2026/08/28 14:14:09.656, 3, 100, 43801
2026/08/28 14:14:10.157, 0, 0, 43817
2026/08/28 14:14:10.157, 1, 0, 43801
2026/08/28 14:14:10.157, 2, 0, 43801
2026/08/28 14:14:10.157, 3, 0, 43801
2026/08/28 14:14:10.657, 0, 0, 43817
2026/08/28 14:14:10.657, 1, 22, 43801
2026/08/28 14:14:10.657, 2, 52, 43801
2026/08/28 14:14:10.657, 3, 74, 43801
2026/08/28 14:14:11.157, 0, 100, 43817
2026/08/28 14:14:11.157, 1, 100, 43801
2026/08/28 14:14:11.157, 2, 100, 43801
2026/08/28 14:14:11.157, 3, 100, 43801
2026/08/28 14:14:11.657, 0, 100, 43817
2026/08/28 14:14:11.657, 1, 100, 43801
2026/08/28 14:14:11.657, 2, 100, 43801
2026/08/28 14:14:11.657, 3, 100, 43801
2026/08/28 14:14:12.157, 0, 100, 43817
2026/08/28 14:14:12.157, 1, 100, 43801
2026/08/28 14:14:12.157, 2, 100, 43801
2026/08/28 14:14:12.157, 3, 100, 43801
2026/08/28 14:14:12.657, 0, 100, 43817
2026/08/28 14:14:12.657, 1, 100, 43801
2026/08/28 14:14:12.657, 2, 100, 43801
2026/08/28 14:14:12.657, 3, 100, 43801
2026/08/28 14:14:13.158, 0, 100, 43817
2026/08/28 14:14:13.158, 1, 100, 43801
2026/08/28 14:14:13.158, 2, 100, 43801
2026/08/28 14:14:13.158, 3, 100, 43801
2026/08/28 14:14:13.658, 0, 100, 43817
2026/08/28 14:14:13.658, 1, 100, 43801
2026/08/28 14:14:13.658, 2, 100, 43801
2026/08/28 14:14:13.658, 3, 100, 43801
2026/08/28 14:14:14.158, 0, 100, 43817
2026/08/28 14:14:14.158, 1, 100, 43801
2026/08/28 14:14:14.158, 2, 100, 43801
2026/08/28 14:14:14.158, 3, 100, 43801
2026/08/28 14:14:14.658, 0, 100, 43817
2026/08/28 14:14:14.658, 1, 100, 43801
2026/08/28 14:14:14.658, 2, 100, 43801
2026/08/28 14:14:14.658, 3, 100, 43801
2026/08/28 14:14:15.158, 0, 62, 43817
2026/08/28 14:14:15.158, 1, 84, 43801
2026/08/28 14:14:15.158, 2, 53, 43801
2026/08/28 14:14:15.158, 3, 32, 43801
2026/08/28 14:14:15.658, 0, 0, 43817
2026/08/28 14:14:15.658, 1, 0, 43801
2026/08/28 14:14:15.658, 2, 0, 43801
2026/08/28 14:14:15.658, 3, 0, 43801
2026/08/28 14:14:16.159, 0, 100, 43817
2026/08/28 14:14:16.159, 1, 100, 43801
2026/08/28 14:14:16.159, 2, 100, 43801
2026/08/28 14:14:16.159, 3, 100, 43801
2026/08/28 14:14:16.659, 0, 100, 43817
2026/08/28 14:14:16.659, 1, 100, 43801
2026/08/28 14:14:16.659, 2, 100, 43801
2026/08/28 14:14:16.659, 3, 100, 43801
2026/08/28 14:14:17.159, 0, 100, 43817
2026/08/28 14:14:17.159, 1, 100, 43801
2026/08/28 14:14:17.159, 2, 100, 43801
2026/08/28 14:14:17.159, 3, 100, 43801
2026/08/28 14:14:17.659, 0, 100, 43817
2026/08/28 14:14:17.659, 1, 100, 43801
2026/08/28 14:14:17.659, 2, 100, 43801
2026/08/28 14:14:17.659, 3, 100, 43801
2026/08/28 14:14:18.159, 0, 100, 43817
2026/08/28 14:14:18.159, 1, 100, 43801
2026/08/28 14:14:18.159, 2, 100, 43801
2026/08/28 14:14:18.159, 3, 100, 43801
2026/08/28 14:14:18.659, 0, 100, 43817
2026/08/28 14:14:18.659, 1, 100, 43801
2026/08/28 14:14:18.659, 2, 100, 43801
2026/08/28 14:14:18.659, 3, 100, 43801
2026/08/28 14:14:19.159, 0, 100, 43817
2026/08/28 14:14:19.159, 1, 100, 43801
2026/08/28 14:14:19.159, 2, 100, 43801
2026/08/28 14:14:19.159, 3, 100, 43801
2026/08/28 14:14:19.660, 0, 100, 43817
2026/08/28 14:14:19.660, 1, 100, 43801
2026/08/28 14:14:19.660, 2, 100, 43801
2026/08/28 14:14:19.660, 3, 100, 43801
2026/08/28 14:14:20.160, 0, 100, 43817
2026/08/28 14:14:20.160, 1, 100, 43801
2026/08/28 14:14:20.160, 2, 100, 43801
2026/08/28 14:14:20.160, 3, 100, 43801
2026/08/28 14:14:20.660, 0, 0, 43817
2026/08/28 14:14:20.660, 1, 0, 43801
2026/08/28 14:14:20.660, 2, 0, 43801
2026/08/28 14:14:20.660, 3, 0, 43801
2026/08/28 14:14:21.160, 0, 100, 43817
2026/08/28 14:14:21.160, 1, 100, 43801
2026/08/28 14:14:21.160, 2, 100, 43801
2026/08/28 14:14:21.160, 3, 100, 43801
2026/08/28 14:14:21.660, 0, 100, 43817
2026/08/28 14:14:21.660, 1, 100, 43801
2026/08/28 14:14:21.660, 2, 100, 43801
2026/08/28 14:14:21.660, 3, 100, 43801
2026/08/28 14:14:22.160, 0, 100, 43817
2026/08/28 14:14:22.160, 1, 100, 43801
2026/08/28 14:14:22.160, 2, 100, 43801
2026/08/28 14:14:22.160, 3, 100, 43801
2026/08/28 14:14:22.661, 0, 100, 43817
2026/08/28 14:14:22.661, 1, 100, 43801
2026/08/28 14:14:22.661, 2, 100, 43801
2026/08/28 14:14:22.661, 3, 100, 43801
2026/08/28 14:14:23.161, 0, 100, 43817
2026/08/28 14:14:23.161, 1, 100, 43801
2026/08/28 14:14:23.161, 2, 100, 43801
2026/08/28 14:14:23.161, 3, 100, 43801
2026/08/28 14:14:23.661, 0, 100, 43817
2026/08/28 14:14:23.661, 1, 100, 43801
2026/08/28 14:14:23.661, 2, 100, 43801
2026/08/28 14:14:23.661, 3, 100, 43801
2026/08/28 14:14:24.161, 0, 100, 43817
2026/08/28 14:14:24.161, 1, 100, 43801
2026/08/28 14:14:24.161, 2, 100, 43801
2026/08/28 14:14:24.161, 3, 100, 43801
2026/08/28 14:14:24.661, 0, 100, 43817
2026/08/28 14:14:24.661, 1, 100, 43801
2026/08/28 14:14:24.661, 2, 100, 43801
2026/08/28 14:14:24.661, 3, 100, 43801
2026/08/28 14:14:25.161, 0, 100, 43817
2026/08/28 14:14:25.161, 1, 100, 43801
2026/08/28 14:14:25.161, 2, 100, 43801
2026/08/28 14:14:25.161, 3, 100, 43801
2026/08/28 14:14:25.661, 0, 24, 43817
2026/08/28 14:14:25.661, 1, 43, 43801
2026/08/28 14:14:25.661, 2, 14, 43801
2026/08/28 14:14:25.662, 3, 0, 43801
2026/08/28 14:14:26.162, 0, 93, 43817
2026/08/28 14:14:26.162, 1, 74, 43801
2026/08/28 14:14:26.162, 2, 100, 43801
2026/08/28 14:14:26.162, 3, 100, 43801
2026/08/28 14:14:26.662, 0, 100, 43817
2026/08/28 14:14:26.662, 1, 100, 43801
2026/08/28 14:14:26.662, 2, 100, 43801
2026/08/28 14:14:26.662, 3, 100, 43801
2026/08/28 14:14:27.162, 0, 99, 43817
2026/08/28 14:14:27.162, 1, 100, 43801
2026/08/28 14:14:27.162, 2, 100, 43801
2026/08/28 14:14:27.162, 3, 100, 43801
2026/08/28 14:14:27.662, 0, 100, 43817
2026/08/28 14:14:27.662, 1, 100, 43801
2026/08/28 14:14:27.662, 2, 100, 43801
2026/08/28 14:14:27.662, 3, 100, 43801
2026/08/28 14:14:28.162, 0, 100, 43817
2026/08/28 14:14:28.162, 1, 100, 43801
2026/08/28 14:14:28.163, 2, 100, 43801
2026/08/28 14:14:28.163, 3, 100, 43801
2026/08/28 14:14:28.663, 0, 100, 43817
2026/08/28 14:14:28.663, 1, 100, 43801
2026/08/28 14:14:28.663, 2, 100, 43801
2026/08/28 14:14:28.663, 3, 100, 43801
2026/08/28 14:14:29.163, 0, 100, 43817
2026/08/28 14:14:29.163, 1, 100, 43801
2026/08/28 14:14:29.163, 2, 100, 43801
2026/08/28 14:14:29.163, 3, 100, 43801
2026/08/28 14:14:29.663, 0, 100, 43817
2026/08/28 14:14:29.663, 1, 100, 43801
2026/08/28 14:14:29.663, 2, 100, 43801
2026/08/28 14:14:29.663, 3, 100, 43801
2026/08/28 14:14:30.163, 0, 100, 43817
2026/08/28 14:14:30.163, 1, 100, 43801
2026/08/28 14:14:30.163, 2, 100, 43801
2026/08/28 14:14:30.163, 3, 100, 43801
2026/08/28 14:14:30.663, 0, 100, 43817
2026/08/28 14:14:30.663, 1, 100, 43801
2026/08/28 14:14:30.663, 2, 100, 43801
2026/08/28 14:14:30.663, 3, 100, 43801
2026/08/28 14:14:31.163, 0, 0, 43817
2026/08/28 14:14:31.164, 1, 0, 43801
2026/08/28 14:14:31.164, 2, 0, 43801
2026/08/28 14:14:31.164, 3, 0, 43801
2026/08/28 14:14:31.664, 0, 100, 43817
2026/08/28 14:14:31.664, 1, 100, 43801
2026/08/28 14:14:31.664, 2, 100, 43801
2026/08/28 14:14:31.664, 3, 100, 43801
2026/08/28 14:14:32.164, 0, 100, 43817
2026/08/28 14:14:32.164, 1, 100, 43801
2026/08/28 14:14:32.164, 2, 100, 43801
2026/08/28 14:14:32.164, 3, 100, 43801
2026/08/28 14:14:32.664, 0, 99, 43817
2026/08/28 14:14:32.664, 1, 100, 43801
2026/08/28 14:14:32.664, 2, 100, 43801
2026/08/28 14:14:32.664, 3, 100, 43801
2026/08/28 14:14:33.164, 0, 100, 43817
2026/08/28 14:14:33.164, 1, 100, 43801
2026/08/28 14:14:33.164, 2, 100, 43801
2026/08/28 14:14:33.164, 3, 100, 43801
2026/08/28 14:14:33.665, 0, 100, 43817
2026/08/28 14:14:33.665, 1, 100, 43801
2026/08/28 14:14:33.665, 2, 100, 43801
2026/08/28 14:14:33.665, 3, 100, 43801
2026/08/28 14:14:34.165, 0, 100, 43817
2026/08/28 14:14:34.165, 1, 100, 43801
2026/08/28 14:14:34.165, 2, 100, 43801
2026/08/28 14:14:34.165, 3, 100, 43801
2026/08/28 14:14:34.665, 0, 100, 43817
2026/08/28 14:14:34.665, 1, 100, 43801
2026/08/28 14:14:34.665, 2, 100, 43801
2026/08/28 14:14:34.665, 3, 100, 43801
2026/08/28 14:14:35.165, 0, 100, 43817
2026/08/28 14:14:35.165, 1, 100, 43801
2026/08/28 14:14:35.165, 2, 100, 43801
2026/08/28 14:14:35.165, 3, 100, 43801
2026/08/28 14:14:35.665, 0, 100, 43817
2026/08/28 14:14:35.665, 1, 100, 43801
2026/08/28 14:14:35.665, 2, 100, 43801
2026/08/28 14:14:35.665, 3, 100, 43801
2026/08/28 14:14:36.166, 0, 0, 43817
2026/08/28 14:14:36.166, 1, 0, 43801
2026/08/28 14:14:36.166, 2, 0, 43801
2026/08/28 14:14:36.166, 3, 0, 43801
2026/08/28 14:14:36.666, 0, 100, 43817
2026/08/28 14:14:36.666, 1, 100, 43801
2026/08/28 14:14:36.666, 2, 100, 43801
2026/08/28 14:14:36.666, 3, 100, 43801
2026/08/28 14:14:37.166, 0, 100, 43817
2026/08/28 14:14:37.166, 1, 100, 43801
2026/08/28 14:14:37.166, 2, 100, 43801
2026/08/28 14:14:37.166, 3, 100, 43801
2026/08/28 14:14:37.666, 0, 100, 43817
2026/08/28 14:14:37.666, 1, 100, 43801
2026/08/28 14:14:37.666, 2, 100, 43801
2026/08/28 14:14:37.666, 3, 100, 43801
2026/08/28 14:14:38.166, 0, 100, 43817
2026/08/28 14:14:38.167, 1, 100, 43801
2026/08/28 14:14:38.167, 2, 100, 43801
2026/08/28 14:14:38.167, 3, 100, 43801
2026/08/28 14:14:38.667, 0, 100, 43817
2026/08/28 14:14:38.667, 1, 100, 43801
2026/08/28 14:14:38.667, 2, 100, 43801
2026/08/28 14:14:38.667, 3, 100, 43801
2026/08/28 14:14:39.167, 0, 100, 43817
2026/08/28 14:14:39.167, 1, 100, 43801
2026/08/28 14:14:39.167, 2, 100, 43801
2026/08/28 14:14:39.167, 3, 100, 43801
2026/08/28 14:14:39.667, 0, 100, 43817
2026/08/28 14:14:39.667, 1, 100, 43801
2026/08/28 14:14:39.667, 2, 100, 43801
2026/08/28 14:14:39.667, 3, 100, 43801
2026/08/28 14:14:40.167, 0, 100, 43817
2026/08/28 14:14:40.167, 1, 100, 43801
2026/08/28 14:14:40.167, 2, 100, 43801
2026/08/28 14:14:40.167, 3, 100, 43801
2026/08/28 14:14:40.668, 0, 100, 43817
2026/08/28 14:14:40.668, 1, 100, 43801
2026/08/28 14:14:40.668, 2, 100, 43801
2026/08/28 14:14:40.668, 3, 100, 43801
2026/08/28 14:14:41.168, 0, 0, 43817
2026/08/28 14:14:41.168, 1, 0, 43801
2026/08/28 14:14:41.168, 2, 0, 43801
2026/08/28 14:14:41.168, 3, 0, 43801
2026/08/28 14:14:41.668, 0, 0, 43817
2026/08/28 14:14:41.668, 1, 0, 43801
2026/08/28 14:14:41.668, 2, 0, 43801
2026/08/28 14:14:41.668, 3, 0, 43801
2026/08/28 14:14:42.168, 0, 100, 43817
2026/08/28 14:14:42.168, 1, 100, 43801
2026/08/28 14:14:42.168, 2, 100, 43801
2026/08/28 14:14:42.168, 3, 100, 43801
2026/08/28 14:14:42.668, 0, 100, 43817
2026/08/28 14:14:42.668, 1, 100, 43801
2026/08/28 14:14:42.668, 2, 100, 43801
2026/08/28 14:14:42.668, 3, 100, 43801
2026/08/28 14:14:43.168, 0, 100, 43817
2026/08/28 14:14:43.169, 1, 100, 43801
2026/08/28 14:14:43.169, 2, 100, 43801
2026/08/28 14:14:43.169, 3, 100, 43801
2026/08/28 14:14:43.669, 0, 100, 43817
2026/08/28 14:14:43.669, 1, 100, 43801
2026/08/28 14:14:43.669, 2, 100, 43801
2026/08/28 14:14:43.669, 3, 100, 43801
2026/08/28 14:14:44.169, 0, 100, 43817
2026/08/28 14:14:44.169, 1, 100, 43801
2026/08/28 14:14:44.169, 2, 100, 43801
2026/08/28 14:14:44.169, 3, 100, 43801
2026/08/28 14:14:44.669, 0, 100, 43817
2026/08/28 14:14:44.669, 1, 100, 43801
2026/08/28 14:14:44.669, 2, 100, 43801
2026/08/28 14:14:44.669, 3, 100, 43801
2026/08/28 14:14:45.169, 0, 100, 43817
2026/08/28 14:14:45.169, 1, 100, 43801
2026/08/28 14:14:45.169, 2, 100, 43801
2026/08/28 14:14:45.169, 3, 100, 43801
2026/08/28 14:14:45.669, 0, 100, 43817
2026/08/28 14:14:45.669, 1, 100, 43801
2026/08/28 14:14:45.669, 2, 100, 43801
2026/08/28 14:14:45.669, 3, 100, 43801
2026/08/28 14:14:46.170, 0, 100, 43817
2026/08/28 14:14:46.170, 1, 100, 43801
2026/08/28 14:14:46.170, 2, 100, 43801
2026/08/28 14:14:46.170, 3, 100, 43801
2026/08/28 14:14:46.670, 0, 0, 43817
2026/08/28 14:14:46.670, 1, 0, 43801
2026/08/28 14:14:46.670, 2, 0, 43801
2026/08/28 14:14:46.670, 3, 0, 43801
2026/08/28 14:14:47.170, 0, 99, 43817
2026/08/28 14:14:47.170, 1, 100, 43801
2026/08/28 14:14:47.170, 2, 100, 43801
2026/08/28 14:14:47.170, 3, 99, 43801
2026/08/28 14:14:47.670, 0, 100, 43817
2026/08/28 14:14:47.670, 1, 100, 43801
2026/08/28 14:14:47.670, 2, 100, 43801
2026/08/28 14:14:47.670, 3, 100, 43801
2026/08/28 14:14:48.170, 0, 100, 43817
2026/08/28 14:14:48.170, 1, 100, 43801
2026/08/28 14:14:48.170, 2, 100, 43801
2026/08/28 14:14:48.170, 3, 100, 43801
2026/08/28 14:14:48.670, 0, 100, 43817
2026/08/28 14:14:48.671, 1, 100, 43801
2026/08/28 14:14:48.671, 2, 100, 43801
2026/08/28 14:14:48.671, 3, 100, 43801
2026/08/28 14:14:49.171, 0, 100, 43817
2026/08/28 14:14:49.171, 1, 100, 43801
2026/08/28 14:14:49.171, 2, 100, 43801
2026/08/28 14:14:49.171, 3, 100, 43801
2026/08/28 14:14:49.671, 0, 100, 43817
2026/08/28 14:14:49.671, 1, 100, 43801
2026/08/28 14:14:49.671, 2, 100, 43801
2026/08/28 14:14:49.671, 3, 100, 43801
2026/08/28 14:14:50.171, 0, 100, 43817
2026/08/28 14:14:50.171, 1, 100, 43801
2026/08/28 14:14:50.171, 2, 100, 43801
2026/08/28 14:14:50.171, 3, 100, 43801
2026/08/28 14:14:50.671, 0, 100, 43817
2026/08/28 14:14:50.671, 1, 100, 43801
2026/08/28 14:14:50.671, 2, 100, 43801
2026/08/28 14:14:50.671, 3, 100, 43801
2026/08/28 14:14:51.171, 0, 100, 43817
2026/08/28 14:14:51.171, 1, 100, 43801
2026/08/28 14:14:51.171, 2, 100, 43801
2026/08/28 14:14:51.171, 3, 100, 43801
2026/08/28 14:14:51.671, 0, 0, 43817
2026/08/28 14:14:51.672, 1, 10, 43801
2026/08/28 14:14:51.672, 2, 0, 43801
2026/08/28 14:14:51.672, 3, 0, 43801
2026/08/28 14:14:52.172, 0, 73, 43817
2026/08/28 14:14:52.172, 1, 54, 43801
2026/08/28 14:14:52.172, 2, 81, 43801
2026/08/28 14:14:52.172, 3, 85, 43801
2026/08/28 14:14:52.672, 0, 100, 43817
2026/08/28 14:14:52.672, 1, 100, 43801
2026/08/28 14:14:52.672, 2, 100, 43801
2026/08/28 14:14:52.672, 3, 100, 43801
2026/08/28 14:14:53.172, 0, 100, 43817
2026/08/28 14:14:53.172, 1, 100, 43801
2026/08/28 14:14:53.172, 2, 100, 43801
2026/08/28 14:14:53.172, 3, 100, 43801
2026/08/28 14:14:53.672, 0, 100, 43817
2026/08/28 14:14:53.672, 1, 100, 43801
2026/08/28 14:14:53.672, 2, 100, 43801
2026/08/28 14:14:53.672, 3, 100, 43801
2026/08/28 14:14:54.173, 0, 100, 43817
2026/08/28 14:14:54.173, 1, 100, 43801
2026/08/28 14:14:54.173, 2, 100, 43801
2026/08/28 14:14:54.173, 3, 100, 43801
2026/08/28 14:14:54.673, 0, 100, 43817
2026/08/28 14:14:54.673, 1, 100, 43801
2026/08/28 14:14:54.673, 2, 100, 43801
2026/08/28 14:14:54.673, 3, 100, 43801
2026/08/28 14:14:55.173, 0, 100, 43817
2026/08/28 14:14:55.173, 1, 100, 43801
2026/08/28 14:14:55.173, 2, 100, 43801
2026/08/28 14:14:55.173, 3, 100, 43801
2026/08/28 14:14:55.673, 0, 100, 43817
2026/08/28 14:14:55.673, 1, 100, 43801
2026/08/28 14:14:55.673, 2, 100, 43801
2026/08/28 14:14:55.673, 3, 100, 43801
2026/08/28 14:14:56.173, 0, 100, 43817
2026/08/28 14:14:56.173, 1, 100, 43801
2026/08/28 14:14:56.173, 2, 100, 43801
2026/08/28 14:14:56.173, 3, 100, 43801
2026/08/28 14:14:56.673, 0, 100, 43817
2026/08/28 14:14:56.674, 1, 100, 43801
2026/08/28 14:14:56.674, 2, 100, 43801
2026/08/28 14:14:56.674, 3, 100, 43801
2026/08/28 14:14:57.174, 0, 0, 43817
2026/08/28 14:14:57.174, 1, 0, 43801
2026/08/28 14:14:57.174, 2, 0, 43801
2026/08/28 14:14:57.174, 3, 0, 43801
2026/08/28 14:14:57.674, 0, 99, 43817
2026/08/28 14:14:57.674, 1, 99, 43801
2026/08/28 14:14:57.674, 2, 99, 43801
2026/08/28 14:14:57.674, 3, 99, 43801
2026/08/28 14:14:58.174, 0, 100, 43817
2026/08/28 14:14:58.174, 1, 100, 43801
2026/08/28 14:14:58.174, 2, 100, 43801
2026/08/28 14:14:58.174, 3, 100, 43801
2026/08/28 14:14:58.674, 0, 100, 43817
2026/08/28 14:14:58.674, 1, 100, 43801
2026/08/28 14:14:58.674, 2, 100, 43801
2026/08/28 14:14:58.674, 3, 100, 43801
2026/08/28 14:14:59.175, 0, 100, 43817
2026/08/28 14:14:59.175, 1, 100, 43801
2026/08/28 14:14:59.175, 2, 100, 43801
2026/08/28 14:14:59.175, 3, 100, 43801
2026/08/28 14:14:59.675, 0, 100, 43817
2026/08/28 14:14:59.675, 1, 100, 43801
2026/08/28 14:14:59.675, 2, 100, 43801
2026/08/28 14:14:59.675, 3, 100, 43801
2026/08/28 14:15:00.175, 0, 100, 43817
2026/08/28 14:15:00.175, 1, 100, 43801
2026/08/28 14:15:00.175, 2, 100, 43801
2026/08/28 14:15:00.175, 3, 100, 43801
2026/08/28 14:15:00.675, 0, 100, 43817
2026/08/28 14:15:00.675, 1, 100, 43801
2026/08/28 14:15:00.675, 2, 100, 43801
2026/08/28 14:15:00.675, 3, 100, 43801
2026/08/28 14:15:01.175, 0, 100, 43817
2026/08/28 14:15:01.175, 1, 100, 43801
2026/08/28 14:15:01.175, 2, 100, 43801
2026/08/28 14:15:01.175, 3, 100, 43801
2026/08/28 14:15:01.676, 0, 100, 43817
2026/08/28 14:15:01.676, 1, 100, 43801
2026/08/28 14:15:01.676, 2, 100, 43801
2026/08/28 14:15:01.676, 3, 100, 43801
2026/08/28 14:15:02.176, 0, 0, 43817
2026/08/28 14:15:02.176, 1, 0, 43801
2026/08/28 14:15:02.176, 2, 0, 43801
2026/08/28 14:15:02.176, 3, 0, 43801
2026/08/28 14:15:02.676, 0, 69, 43817
2026/08/28 14:15:02.676, 1, 53, 43801
2026/08/28 14:15:02.676, 2, 73, 43801
2026/08/28 14:15:02.676, 3, 92, 43801
2026/08/28 14:15:03.176, 0, 100, 43817
2026/08/28 14:15:03.176, 1, 100, 43801
2026/08/28 14:15:03.176, 2, 100, 43801
2026/08/28 14:15:03.176, 3, 100, 43801
2026/08/28 14:15:03.676, 0, 100, 43817
2026/08/28 14:15:03.676, 1, 100, 43801
2026/08/28 14:15:03.677, 2, 100, 43801
2026/08/28 14:15:03.677, 3, 100, 43801
2026/08/28 14:15:04.177, 0, 100, 43817
2026/08/28 14:15:04.177, 1, 100, 43801
2026/08/28 14:15:04.177, 2, 100, 43801
2026/08/28 14:15:04.177, 3, 100, 43801
2026/08/28 14:15:04.677, 0, 100, 43817
2026/08/28 14:15:04.677, 1, 100, 43801
2026/08/28 14:15:04.677, 2, 100, 43801
2026/08/28 14:15:04.677, 3, 100, 43801
2026/08/28 14:15:05.177, 0, 100, 43817
2026/08/28 14:15:05.177, 1, 100, 43801
2026/08/28 14:15:05.177, 2, 100, 43801
2026/08/28 14:15:05.177, 3, 100, 43801
2026/08/28 14:15:05.677, 0, 100, 43817
2026/08/28 14:15:05.677, 1, 100, 43801
2026/08/28 14:15:05.677, 2, 100, 43801
2026/08/28 14:15:05.677, 3, 100, 43801
2026/08/28 14:15:06.177, 0, 100, 43817
2026/08/28 14:15:06.177, 1, 100, 43801
2026/08/28 14:15:06.177, 2, 100, 43801
2026/08/28 14:15:06.177, 3, 100, 43801
2026/08/28 14:15:06.677, 0, 100, 43817
2026/08/28 14:15:06.678, 1, 100, 43801
2026/08/28 14:15:06.678, 2, 100, 43801
2026/08/28 14:15:06.678, 3, 100, 43801
2026/08/28 14:15:07.178, 0, 23, 43817
2026/08/28 14:15:07.178, 1, 42, 43801
2026/08/28 14:15:07.178, 2, 14, 43801
2026/08/28 14:15:07.178, 3, 0, 43801
2026/08/28 14:15:07.678, 0, 0, 43817
2026/08/28 14:15:07.678, 1, 0, 43801
2026/08/28 14:15:07.678, 2, 0, 43801
2026/08/28 14:15:07.678, 3, 0, 43801
2026/08/28 14:15:08.178, 0, 100, 43817
2026/08/28 14:15:08.178, 1, 100, 43801
2026/08/28 14:15:08.178, 2, 100, 43801
2026/08/28 14:15:08.178, 3, 100, 43801
2026/08/28 14:15:08.678, 0, 100, 43817
2026/08/28 14:15:08.678, 1, 100, 43801
2026/08/28 14:15:08.678, 2, 100, 43801
2026/08/28 14:15:08.678, 3, 100, 43801
2026/08/28 14:15:09.178, 0, 100, 43817
2026/08/28 14:15:09.179, 1, 100, 43801
2026/08/28 14:15:09.179, 2, 100, 43801
2026/08/28 14:15:09.179, 3, 100, 43801
2026/08/28 14:15:09.679, 0, 100, 43817
2026/08/28 14:15:09.679, 1, 100, 43801
2026/08/28 14:15:09.679, 2, 100, 43801
2026/08/28 14:15:09.679, 3, 100, 43801
2026/08/28 14:15:10.179, 0, 100, 43817
2026/08/28 14:15:10.179, 1, 100, 43801
2026/08/28 14:15:10.179, 2, 100, 43801
2026/08/28 14:15:10.179, 3, 100, 43801
2026/08/28 14:15:10.679, 0, 100, 43817
2026/08/28 14:15:10.679, 1, 100, 43801
2026/08/28 14:15:10.679, 2, 100, 43801
2026/08/28 14:15:10.679, 3, 100, 43801
2026/08/28 14:15:11.179, 0, 100, 43817
2026/08/28 14:15:11.179, 1, 100, 43801
2026/08/28 14:15:11.179, 2, 100, 43801
2026/08/28 14:15:11.179, 3, 100, 43801
2026/08/28 14:15:11.679, 0, 100, 43817
2026/08/28 14:15:11.679, 1, 100, 43801
2026/08/28 14:15:11.679, 2, 100, 43801
2026/08/28 14:15:11.679, 3, 100, 43801
2026/08/28 14:15:12.179, 0, 100, 43817
2026/08/28 14:15:12.179, 1, 100, 43801
2026/08/28 14:15:12.180, 2, 100, 43801
2026/08/28 14:15:12.180, 3, 100, 43801
2026/08/28 14:15:12.680, 0, 0, 43817
2026/08/28 14:15:12.680, 1, 0, 43801
2026/08/28 14:15:12.680, 2, 0, 43801
2026/08/28 14:15:12.680, 3, 0, 43801
2026/08/28 14:15:13.180, 0, 100, 43817
2026/08/28 14:15:13.180, 1, 99, 43801
2026/08/28 14:15:13.180, 2, 100, 43801
2026/08/28 14:15:13.180, 3, 100, 43801
2026/08/28 14:15:13.680, 0, 100, 43817
2026/08/28 14:15:13.680, 1, 100, 43801
2026/08/28 14:15:13.680, 2, 100, 43801
2026/08/28 14:15:13.680, 3, 100, 43801
2026/08/28 14:15:14.180, 0, 100, 43817
2026/08/28 14:15:14.180, 1, 100, 43801
2026/08/28 14:15:14.180, 2, 100, 43801
2026/08/28 14:15:14.180, 3, 100, 43801
2026/08/28 14:15:14.680, 0, 100, 43817
2026/08/28 14:15:14.681, 1, 100, 43801
2026/08/28 14:15:14.681, 2, 100, 43801
2026/08/28 14:15:14.681, 3, 100, 43801
2026/08/28 14:15:15.181, 0, 100, 43817
2026/08/28 14:15:15.181, 1, 100, 43801
2026/08/28 14:15:15.181, 2, 100, 43801
2026/08/28 14:15:15.181, 3, 100, 43801
2026/08/28 14:15:15.681, 0, 100, 43817
2026/08/28 14:15:15.681, 1, 100, 43801
2026/08/28 14:15:15.681, 2, 100, 43801
2026/08/28 14:15:15.681, 3, 100, 43801
2026/08/28 14:15:16.181, 0, 100, 43817
2026/08/28 14:15:16.181, 1, 100, 43801
2026/08/28 14:15:16.181, 2, 100, 43801
2026/08/28 14:15:16.181, 3, 100, 43801
2026/08/28 14:15:16.681, 0, 100, 43817
2026/08/28 14:15:16.681, 1, 100, 43801
2026/08/28 14:15:16.681, 2, 100, 43801
2026/08/28 14:15:16.681, 3, 100, 43801
2026/08/28 14:15:17.181, 0, 100, 43817
2026/08/28 14:15:17.181, 1, 100, 43801
2026/08/28 14:15:17.181, 2, 100, 43801
2026/08/28 14:15:17.181, 3, 100, 43801
2026/08/28 14:15:17.682, 0, 0, 43817
2026/08/28 14:15:17.682, 1, 0, 43801
2026/08/28 14:15:17.682, 2, 0, 43801
2026/08/28 14:15:17.682, 3, 0, 43801
2026/08/28 14:15:18.182, 0, 100, 43817
2026/08/28 14:15:18.182, 1, 100, 43801
2026/08/28 14:15:18.182, 2, 100, 43801
2026/08/28 14:15:18.182, 3, 100, 43801
2026/08/28 14:15:18.682, 0, 100, 43817
2026/08/28 14:15:18.682, 1, 100, 43801
2026/08/28 14:15:18.682, 2, 100, 43801
2026/08/28 14:15:18.682, 3, 100, 43801
2026/08/28 14:15:19.182, 0, 100, 43817
2026/08/28 14:15:19.182, 1, 100, 43801
2026/08/28 14:15:19.182, 2, 100, 43801
2026/08/28 14:15:19.182, 3, 100, 43801
2026/08/28 14:15:19.682, 0, 100, 43817
2026/08/28 14:15:19.682, 1, 100, 43801
2026/08/28 14:15:19.682, 2, 100, 43801
2026/08/28 14:15:19.682, 3, 100, 43801
2026/08/28 14:15:20.183, 0, 100, 43817
2026/08/28 14:15:20.183, 1, 100, 43801
2026/08/28 14:15:20.183, 2, 100, 43801
2026/08/28 14:15:20.183, 3, 100, 43801
2026/08/28 14:15:20.683, 0, 100, 43817
2026/08/28 14:15:20.683, 1, 100, 43801
2026/08/28 14:15:20.683, 2, 100, 43801
2026/08/28 14:15:20.683, 3, 100, 43801
2026/08/28 14:15:21.183, 0, 100, 43817
2026/08/28 14:15:21.183, 1, 100, 43801
2026/08/28 14:15:21.183, 2, 100, 43801
2026/08/28 14:15:21.183, 3, 100, 43801
2026/08/28 14:15:21.683, 0, 100, 43817
2026/08/28 14:15:21.683, 1, 100, 43801
2026/08/28 14:15:21.683, 2, 100, 43801
2026/08/28 14:15:21.683, 3, 100, 43801
2026/08/28 14:15:22.183, 0, 100, 43817
2026/08/28 14:15:22.183, 1, 100, 43801
2026/08/28 14:15:22.183, 2, 100, 43801
2026/08/28 14:15:22.183, 3, 100, 43801
2026/08/28 14:15:22.683, 0, 100, 43817
2026/08/28 14:15:22.683, 1, 90, 43801
2026/08/28 14:15:22.683, 2, 60, 43801
2026/08/28 14:15:22.683, 3, 100, 43801
2026/08/28 14:15:23.184, 0, 0, 43817
2026/08/28 14:15:23.184, 1, 51, 43801
2026/08/28 14:15:23.184, 2, 82, 43801
2026/08/28 14:15:23.184, 3, 2, 43801
2026/08/28 14:15:23.684, 0, 100, 43817
2026/08/28 14:15:23.684, 1, 100, 43801
2026/08/28 14:15:23.684, 2, 100, 43801
2026/08/28 14:15:23.684, 3, 100, 43801
2026/08/28 14:15:24.184, 0, 100, 43817
2026/08/28 14:15:24.184, 1, 100, 43801
2026/08/28 14:15:24.184, 2, 100, 43801
2026/08/28 14:15:24.184, 3, 100, 43801
2026/08/28 14:15:24.684, 0, 100, 43817
2026/08/28 14:15:24.684, 1, 100, 43801
2026/08/28 14:15:24.684, 2, 100, 43801
2026/08/28 14:15:24.684, 3, 100, 43801
2026/08/28 14:15:25.184, 0, 100, 43817
2026/08/28 14:15:25.184, 1, 100, 43801
2026/08/28 14:15:25.185, 2, 100, 43801
2026/08/28 14:15:25.185, 3, 100, 43801
2026/08/28 14:15:25.685, 0, 100, 43817
2026/08/28 14:15:25.685, 1, 100, 43801
2026/08/28 14:15:25.685, 2, 100, 43801
2026/08/28 14:15:25.685, 3, 100, 43801
2026/08/28 14:15:26.185, 0, 100, 43817
2026/08/28 14:15:26.185, 1, 100, 43801
2026/08/28 14:15:26.185, 2, 100, 43801
2026/08/28 14:15:26.185, 3, 100, 43801
2026/08/28 14:15:26.685, 0, 100, 43817
2026/08/28 14:15:26.685, 1, 100, 43801
2026/08/28 14:15:26.685, 2, 100, 43801
2026/08/28 14:15:26.685, 3, 100, 43801
2026/08/28 14:15:27.185, 0, 100, 43817
2026/08/28 14:15:27.185, 1, 100, 43801
2026/08/28 14:15:27.185, 2, 100, 43801
2026/08/28 14:15:27.185, 3, 100, 43801
2026/08/28 14:15:27.686, 0, 100, 43817
2026/08/28 14:15:27.686, 1, 100, 43801
2026/08/28 14:15:27.686, 2, 100, 43801
2026/08/28 14:15:27.686, 3, 100, 43801
2026/08/28 14:15:28.186, 0, 0, 43817
2026/08/28 14:15:28.186, 1, 0, 43801
2026/08/28 14:15:28.186, 2, 0, 43801
2026/08/28 14:15:28.186, 3, 0, 43801
2026/08/28 14:15:28.686, 0, 100, 43817
2026/08/28 14:15:28.686, 1, 99, 43801
2026/08/28 14:15:28.686, 2, 99, 43801
2026/08/28 14:15:28.686, 3, 100, 43801
2026/08/28 14:15:29.186, 0, 100, 43817
2026/08/28 14:15:29.186, 1, 100, 43801
2026/08/28 14:15:29.186, 2, 100, 43801
2026/08/28 14:15:29.186, 3, 100, 43801
2026/08/28 14:15:29.686, 0, 100, 43817
2026/08/28 14:15:29.686, 1, 100, 43801
2026/08/28 14:15:29.687, 2, 100, 43801
2026/08/28 14:15:29.687, 3, 100, 43801
2026/08/28 14:15:30.187, 0, 100, 43817
2026/08/28 14:15:30.187, 1, 100, 43801
2026/08/28 14:15:30.187, 2, 100, 43801
2026/08/28 14:15:30.187, 3, 100, 43801
2026/08/28 14:15:30.687, 0, 100, 43817
2026/08/28 14:15:30.687, 1, 100, 43801
2026/08/28 14:15:30.687, 2, 100, 43801
2026/08/28 14:15:30.687, 3, 100, 43801
2026/08/28 14:15:31.187, 0, 100, 43817
2026/08/28 14:15:31.187, 1, 100, 43801
2026/08/28 14:15:31.187, 2, 100, 43801
2026/08/28 14:15:31.187, 3, 100, 43801
2026/08/28 14:15:31.687, 0, 100, 43817
2026/08/28 14:15:31.687, 1, 100, 43801
2026/08/28 14:15:31.687, 2, 100, 43801
2026/08/28 14:15:31.687, 3, 100, 43801
2026/08/28 14:15:32.187, 0, 100, 43817
2026/08/28 14:15:32.187, 1, 100, 43801
2026/08/28 14:15:32.187, 2, 100, 43801
2026/08/28 14:15:32.187, 3, 100, 43801
2026/08/28 14:15:32.687, 0, 100, 43817
2026/08/28 14:15:32.687, 1, 100, 43801
2026/08/28 14:15:32.687, 2, 100, 43801
2026/08/28 14:15:32.687, 3, 100, 43801
2026/08/28 14:15:33.188, 0, 0, 43817
2026/08/28 14:15:33.188, 1, 0, 43801
2026/08/28 14:15:33.188, 2, 0, 43801
2026/08/28 14:15:33.188, 3, 0, 43801
2026/08/28 14:15:33.688, 0, 70, 43817
2026/08/28 14:15:33.688, 1, 100, 43801
2026/08/28 14:15:33.688, 2, 100, 43801
2026/08/28 14:15:33.688, 3, 100, 43801
2026/08/28 14:15:34.188, 0, 100, 43817
2026/08/28 14:15:34.188, 1, 100, 43801
2026/08/28 14:15:34.188, 2, 100, 43801
2026/08/28 14:15:34.188, 3, 100, 43801
2026/08/28 14:15:34.688, 0, 100, 43817
2026/08/28 14:15:34.688, 1, 100, 43801
2026/08/28 14:15:34.688, 2, 100, 43801
2026/08/28 14:15:34.688, 3, 100, 43801
2026/08/28 14:15:35.188, 0, 100, 43817
2026/08/28 14:15:35.188, 1, 100, 43801
2026/08/28 14:15:35.188, 2, 100, 43801
2026/08/28 14:15:35.188, 3, 100, 43801
2026/08/28 14:15:35.689, 0, 100, 43817
2026/08/28 14:15:35.689, 1, 100, 43801
2026/08/28 14:15:35.689, 2, 100, 43801
2026/08/28 14:15:35.689, 3, 100, 43801
2026/08/28 14:15:36.189, 0, 100, 43817
2026/08/28 14:15:36.189, 1, 100, 43801
2026/08/28 14:15:36.189, 2, 100, 43801
2026/08/28 14:15:36.189, 3, 100, 43801
2026/08/28 14:15:36.689, 0, 100, 43817
2026/08/28 14:15:36.689, 1, 100, 43801
2026/08/28 14:15:36.689, 2, 100, 43801
2026/08/28 14:15:36.689, 3, 100, 43801
2026/08/28 14:15:37.189, 0, 100, 43817
2026/08/28 14:15:37.189, 1, 100, 43801
2026/08/28 14:15:37.189, 2, 100, 43801
2026/08/28 14:15:37.189, 3, 100, 43801
2026/08/28 14:15:37.689, 0, 100, 43817
2026/08/28 14:15:37.689, 1, 100, 43801
2026/08/28 14:15:37.689, 2, 100, 43801
2026/08/28 14:15:37.689, 3, 100, 43801
2026/08/28 14:15:38.189, 0, 35, 43817
2026/08/28 14:15:38.189, 1, 0, 43801
2026/08/28 14:15:38.189, 2, 0, 43801
2026/08/28 14:15:38.189, 3, 3, 43801
2026/08/28 14:15:38.690, 0, 0, 43817
2026/08/28 14:15:38.690, 1, 0, 43801
2026/08/28 14:15:38.690, 2, 9, 43801
2026/08/28 14:15:38.690, 3, 0, 43801
2026/08/28 14:15:39.190, 0, 100, 43817
2026/08/28 14:15:39.190, 1, 100, 43801
2026/08/28 14:15:39.190, 2, 100, 43801
2026/08/28 14:15:39.190, 3, 100, 43801
2026/08/28 14:15:39.690, 0, 100, 43817
2026/08/28 14:15:39.690, 1, 100, 43801
2026/08/28 14:15:39.690, 2, 100, 43801
2026/08/28 14:15:39.690, 3, 100, 43801
2026/08/28 14:15:40.190, 0, 100, 43817
2026/08/28 14:15:40.190, 1, 100, 43801
2026/08/28 14:15:40.190, 2, 100, 43801
2026/08/28 14:15:40.190, 3, 100, 43801
2026/08/28 14:15:40.690, 0, 100, 43817
2026/08/28 14:15:40.690, 1, 100, 43801
2026/08/28 14:15:40.690, 2, 100, 43801
2026/08/28 14:15:40.690, 3, 100, 43801
2026/08/28 14:15:41.190, 0, 100, 43817
2026/08/28 14:15:41.191, 1, 100, 43801
2026/08/28 14:15:41.191, 2, 100, 43801
2026/08/28 14:15:41.191, 3, 100, 43801
2026/08/28 14:15:41.691, 0, 100, 43817
2026/08/28 14:15:41.691, 1, 100, 43801
2026/08/28 14:15:41.691, 2, 100, 43801
2026/08/28 14:15:41.691, 3, 100, 43801
2026/08/28 14:15:42.191, 0, 100, 43817
2026/08/28 14:15:42.191, 1, 100, 43801
2026/08/28 14:15:42.191, 2, 100, 43801
2026/08/28 14:15:42.191, 3, 100, 43801
2026/08/28 14:15:42.691, 0, 100, 43817
2026/08/28 14:15:42.691, 1, 100, 43801
2026/08/28 14:15:42.691, 2, 100, 43801
2026/08/28 14:15:42.691, 3, 100, 43801
2026/08/28 14:15:43.191, 0, 100, 43817
2026/08/28 14:15:43.191, 1, 100, 43801
2026/08/28 14:15:43.191, 2, 97, 43801
2026/08/28 14:15:43.191, 3, 100, 43801
2026/08/28 14:15:43.691, 0, 0, 43817
2026/08/28 14:15:43.691, 1, 0, 43801
2026/08/28 14:15:43.691, 2, 0, 43801
2026/08/28 14:15:43.691, 3, 0, 43801
2026/08/28 14:15:44.191, 0, 99, 43817
2026/08/28 14:15:44.192, 1, 100, 43801
2026/08/28 14:15:44.192, 2, 100, 43801
2026/08/28 14:15:44.192, 3, 100, 43801
2026/08/28 14:15:44.692, 0, 100, 43817
2026/08/28 14:15:44.692, 1, 100, 43801
2026/08/28 14:15:44.692, 2, 100, 43801
2026/08/28 14:15:44.692, 3, 100, 43801
2026/08/28 14:15:45.192, 0, 100, 43817
2026/08/28 14:15:45.192, 1, 100, 43801
2026/08/28 14:15:45.192, 2, 100, 43801
2026/08/28 14:15:45.192, 3, 100, 43801
2026/08/28 14:15:45.692, 0, 100, 43817
2026/08/28 14:15:45.692, 1, 100, 43801
2026/08/28 14:15:45.692, 2, 100, 43801
2026/08/28 14:15:45.692, 3, 100, 43801
2026/08/28 14:15:46.192, 0, 100, 43817
2026/08/28 14:15:46.192, 1, 100, 43801
2026/08/28 14:15:46.192, 2, 100, 43801
2026/08/28 14:15:46.192, 3, 100, 43801
2026/08/28 14:15:46.692, 0, 100, 43817
2026/08/28 14:15:46.692, 1, 100, 43801
2026/08/28 14:15:46.693, 2, 100, 43801
2026/08/28 14:15:46.693, 3, 100, 43801
2026/08/28 14:15:47.193, 0, 100, 43817
2026/08/28 14:15:47.193, 1, 100, 43801
2026/08/28 14:15:47.193, 2, 100, 43801
2026/08/28 14:15:47.193, 3, 100, 43801
2026/08/28 14:15:47.693, 0, 100, 43817
2026/08/28 14:15:47.693, 1, 100, 43801
2026/08/28 14:15:47.693, 2, 100, 43801
2026/08/28 14:15:47.693, 3, 100, 43801
2026/08/28 14:15:48.193, 0, 100, 43817
2026/08/28 14:15:48.193, 1, 100, 43801
2026/08/28 14:15:48.193, 2, 100, 43801
2026/08/28 14:15:48.193, 3, 100, 43801
2026/08/28 14:15:48.693, 0, 0, 43817
2026/08/28 14:15:48.693, 1, 0, 43801
2026/08/28 14:15:48.693, 2, 0, 43801
2026/08/28 14:15:48.693, 3, 0, 43801
2026/08/28 14:15:49.193, 0, 100, 43817
2026/08/28 14:15:49.193, 1, 100, 43801
2026/08/28 14:15:49.193, 2, 99, 43801
2026/08/28 14:15:49.193, 3, 100, 43801
2026/08/28 14:15:49.694, 0, 100, 43817
2026/08/28 14:15:49.694, 1, 100, 43801
2026/08/28 14:15:49.694, 2, 100, 43801
2026/08/28 14:15:49.694, 3, 100, 43801
2026/08/28 14:15:50.194, 0, 100, 43817
2026/08/28 14:15:50.194, 1, 100, 43801
2026/08/28 14:15:50.194, 2, 100, 43801
2026/08/28 14:15:50.194, 3, 100, 43801
2026/08/28 14:15:50.694, 0, 100, 43817
2026/08/28 14:15:50.694, 1, 100, 43801
2026/08/28 14:15:50.694, 2, 100, 43801
2026/08/28 14:15:50.694, 3, 100, 43801
2026/08/28 14:15:51.194, 0, 100, 43817
2026/08/28 14:15:51.194, 1, 100, 43801
2026/08/28 14:15:51.194, 2, 100, 43801
2026/08/28 14:15:51.194, 3, 100, 43801
2026/08/28 14:15:51.694, 0, 100, 43817
2026/08/28 14:15:51.694, 1, 100, 43801
2026/08/28 14:15:51.695, 2, 100, 43801
2026/08/28 14:15:51.695, 3, 100, 43801
2026/08/28 14:15:52.195, 0, 100, 43817
2026/08/28 14:15:52.195, 1, 100, 43801
2026/08/28 14:15:52.195, 2, 100, 43801
2026/08/28 14:15:52.195, 3, 100, 43801
2026/08/28 14:15:52.695, 0, 100, 43817
2026/08/28 14:15:52.695, 1, 100, 43801
2026/08/28 14:15:52.695, 2, 100, 43801
2026/08/28 14:15:52.695, 3, 100, 43801
2026/08/28 14:15:53.195, 0, 100, 43817
2026/08/28 14:15:53.195, 1, 100, 43801
2026/08/28 14:15:53.195, 2, 100, 43801
2026/08/28 14:15:53.195, 3, 100, 43801
2026/08/28 14:15:53.695, 0, 100, 43817
2026/08/28 14:15:53.695, 1, 49, 43801
2026/08/28 14:15:53.695, 2, 17, 43801
2026/08/28 14:15:53.695, 3, 97, 43801
2026/08/28 14:15:54.195, 0, 12, 43817
2026/08/28 14:15:54.195, 1, 90, 43801
2026/08/28 14:15:54.196, 2, 100, 43801
2026/08/28 14:15:54.196, 3, 41, 43801
2026/08/28 14:15:54.696, 0, 100, 43817
2026/08/28 14:15:54.696, 1, 100, 43801
2026/08/28 14:15:54.696, 2, 100, 43801
2026/08/28 14:15:54.696, 3, 100, 43801
2026/08/28 14:15:55.196, 0, 100, 43817
2026/08/28 14:15:55.196, 1, 100, 43801
2026/08/28 14:15:55.196, 2, 100, 43801
2026/08/28 14:15:55.196, 3, 100, 43801
2026/08/28 14:15:55.696, 0, 100, 43817
2026/08/28 14:15:55.696, 1, 100, 43801
2026/08/28 14:15:55.696, 2, 100, 43801
2026/08/28 14:15:55.696, 3, 100, 43801
2026/08/28 14:15:56.196, 0, 100, 43817
2026/08/28 14:15:56.196, 1, 100, 43801
2026/08/28 14:15:56.196, 2, 100, 43801
2026/08/28 14:15:56.196, 3, 100, 43801
2026/08/28 14:15:56.696, 0, 100, 43817
2026/08/28 14:15:56.697, 1, 100, 43801
2026/08/28 14:15:56.697, 2, 100, 43801
2026/08/28 14:15:56.697, 3, 100, 43801
2026/08/28 14:15:57.197, 0, 100, 43817
2026/08/28 14:15:57.197, 1, 100, 43801
2026/08/28 14:15:57.197, 2, 100, 43801
2026/08/28 14:15:57.197, 3, 100, 43801
2026/08/28 14:15:57.697, 0, 100, 43817
2026/08/28 14:15:57.697, 1, 100, 43801
2026/08/28 14:15:57.697, 2, 100, 43801
2026/08/28 14:15:57.697, 3, 100, 43801
2026/08/28 14:15:58.197, 0, 100, 43817
2026/08/28 14:15:58.197, 1, 100, 43801
2026/08/28 14:15:58.197, 2, 100, 43801
2026/08/28 14:15:58.197, 3, 100, 43801
2026/08/28 14:15:58.697, 0, 100, 43817
2026/08/28 14:15:58.697, 1, 100, 43801
2026/08/28 14:15:58.697, 2, 100, 43801
2026/08/28 14:15:58.697, 3, 100, 43801
2026/08/28 14:15:59.198, 0, 0, 43817
2026/08/28 14:15:59.198, 1, 0, 43801
2026/08/28 14:15:59.198, 2, 0, 43801
2026/08/28 14:15:59.198, 3, 0, 43801
2026/08/28 14:15:59.698, 0, 100, 43817
2026/08/28 14:15:59.698, 1, 99, 43801
2026/08/28 14:15:59.698, 2, 100, 43801
2026/08/28 14:15:59.698, 3, 100, 43801
2026/08/28 14:16:00.198, 0, 100, 43817
2026/08/28 14:16:00.198, 1, 100, 43801
2026/08/28 14:16:00.198, 2, 100, 43801
2026/08/28 14:16:00.198, 3, 100, 43801
2026/08/28 14:16:00.698, 0, 100, 43817
2026/08/28 14:16:00.699, 1, 100, 43801
2026/08/28 14:16:00.699, 2, 100, 43801
2026/08/28 14:16:00.699, 3, 100, 43801
2026/08/28 14:16:01.199, 0, 100, 43817
2026/08/28 14:16:01.199, 1, 100, 43801
2026/08/28 14:16:01.199, 2, 100, 43801
2026/08/28 14:16:01.199, 3, 100, 43801
2026/08/28 14:16:01.699, 0, 100, 43817
2026/08/28 14:16:01.699, 1, 100, 43801
2026/08/28 14:16:01.699, 2, 100, 43801
2026/08/28 14:16:01.699, 3, 100, 43801
2026/08/28 14:16:02.199, 0, 100, 43817
2026/08/28 14:16:02.199, 1, 100, 43801
2026/08/28 14:16:02.200, 2, 100, 43801
2026/08/28 14:16:02.200, 3, 100, 43801
2026/08/28 14:16:02.700, 0, 100, 43817
2026/08/28 14:16:02.700, 1, 100, 43801
2026/08/28 14:16:02.700, 2, 100, 43801
2026/08/28 14:16:02.700, 3, 100, 43801
2026/08/28 14:16:03.200, 0, 100, 43817
2026/08/28 14:16:03.200, 1, 100, 43801
2026/08/28 14:16:03.200, 2, 100, 43801
2026/08/28 14:16:03.200, 3, 100, 43801
2026/08/28 14:16:03.700, 0, 100, 43817
2026/08/28 14:16:03.700, 1, 100, 43801
2026/08/28 14:16:03.700, 2, 100, 43801
2026/08/28 14:16:03.700, 3, 100, 43801
2026/08/28 14:16:04.200, 0, 0, 43817
2026/08/28 14:16:04.200, 1, 0, 43801
2026/08/28 14:16:04.200, 2, 0, 43801
2026/08/28 14:16:04.200, 3, 0, 43801
2026/08/28 14:16:04.700, 0, 69, 43817
2026/08/28 14:16:04.700, 1, 100, 43801
2026/08/28 14:16:04.700, 2, 100, 43801
2026/08/28 14:16:04.700, 3, 100, 43801
2026/08/28 14:16:05.201, 0, 100, 43817
2026/08/28 14:16:05.201, 1, 100, 43801
2026/08/28 14:16:05.201, 2, 100, 43801
2026/08/28 14:16:05.201, 3, 100, 43801
2026/08/28 14:16:05.701, 0, 100, 43817
2026/08/28 14:16:05.701, 1, 100, 43801
2026/08/28 14:16:05.701, 2, 100, 43801
2026/08/28 14:16:05.701, 3, 100, 43801
2026/08/28 14:16:06.201, 0, 100, 43817
2026/08/28 14:16:06.201, 1, 100, 43801
2026/08/28 14:16:06.201, 2, 100, 43801
2026/08/28 14:16:06.201, 3, 100, 43801
2026/08/28 14:16:06.701, 0, 100, 43817
2026/08/28 14:16:06.701, 1, 100, 43801
2026/08/28 14:16:06.701, 2, 100, 43801
2026/08/28 14:16:06.701, 3, 100, 43801
2026/08/28 14:16:07.201, 0, 100, 43817
2026/08/28 14:16:07.201, 1, 100, 43801
2026/08/28 14:16:07.201, 2, 100, 43801
2026/08/28 14:16:07.201, 3, 100, 43801
2026/08/28 14:16:07.701, 0, 100, 43817
2026/08/28 14:16:07.701, 1, 100, 43801
2026/08/28 14:16:07.701, 2, 100, 43801
2026/08/28 14:16:07.701, 3, 100, 43801
2026/08/28 14:16:08.201, 0, 100, 43817
2026/08/28 14:16:08.201, 1, 100, 43801
2026/08/28 14:16:08.201, 2, 100, 43801
2026/08/28 14:16:08.201, 3, 100, 43801
2026/08/28 14:16:08.702, 0, 100, 43817
2026/08/28 14:16:08.702, 1, 100, 43801
2026/08/28 14:16:08.702, 2, 100, 43801
2026/08/28 14:16:08.702, 3, 100, 43801
2026/08/28 14:16:09.202, 0, 37, 43817
2026/08/28 14:16:09.202, 1, 0, 43801
2026/08/28 14:16:09.202, 2, 0, 43801
2026/08/28 14:16:09.202, 3, 0, 43801
2026/08/28 14:16:09.702, 0, 0, 43817
2026/08/28 14:16:09.702, 1, 0, 43801
2026/08/28 14:16:09.702, 2, 0, 43801
2026/08/28 14:16:09.702, 3, 0, 43801
2026/08/28 14:16:10.202, 0, 99, 43817
2026/08/28 14:16:10.202, 1, 100, 43801
2026/08/28 14:16:10.202, 2, 100, 43801
2026/08/28 14:16:10.202, 3, 100, 43801
2026/08/28 14:16:10.702, 0, 100, 43817
2026/08/28 14:16:10.702, 1, 100, 43801
2026/08/28 14:16:10.702, 2, 100, 43801
2026/08/28 14:16:10.702, 3, 100, 43801
2026/08/28 14:16:11.203, 0, 100, 43817
2026/08/28 14:16:11.203, 1, 100, 43801
2026/08/28 14:16:11.203, 2, 100, 43801
2026/08/28 14:16:11.203, 3, 100, 43801
2026/08/28 14:16:11.703, 0, 100, 43817
2026/08/28 14:16:11.703, 1, 100, 43801
2026/08/28 14:16:11.703, 2, 100, 43801
2026/08/28 14:16:11.703, 3, 100, 43801
2026/08/28 14:16:12.203, 0, 100, 43817
2026/08/28 14:16:12.203, 1, 100, 43801
2026/08/28 14:16:12.203, 2, 100, 43801
2026/08/28 14:16:12.203, 3, 100, 43801
2026/08/28 14:16:12.703, 0, 100, 43817
2026/08/28 14:16:12.703, 1, 100, 43801
2026/08/28 14:16:12.703, 2, 100, 43801
2026/08/28 14:16:12.703, 3, 100, 43801
2026/08/28 14:16:13.203, 0, 100, 43817
2026/08/28 14:16:13.203, 1, 100, 43801
2026/08/28 14:16:13.203, 2, 100, 43801
2026/08/28 14:16:13.203, 3, 100, 43801
2026/08/28 14:16:13.703, 0, 100, 43817
2026/08/28 14:16:13.704, 1, 100, 43801
2026/08/28 14:16:13.704, 2, 100, 43801
2026/08/28 14:16:13.704, 3, 100, 43801
2026/08/28 14:16:14.204, 0, 100, 43817
2026/08/28 14:16:14.204, 1, 100, 43801
2026/08/28 14:16:14.204, 2, 100, 43801
2026/08/28 14:16:14.204, 3, 100, 43801
2026/08/28 14:16:14.704, 0, 0, 43817
2026/08/28 14:16:14.704, 1, 0, 43801
2026/08/28 14:16:14.704, 2, 0, 43801
2026/08/28 14:16:14.704, 3, 0, 43801
2026/08/28 14:16:15.204, 0, 100, 43817
2026/08/28 14:16:15.204, 1, 100, 43801
2026/08/28 14:16:15.204, 2, 100, 43801
2026/08/28 14:16:15.204, 3, 99, 43801
2026/08/28 14:16:15.704, 0, 100, 43817
2026/08/28 14:16:15.704, 1, 100, 43801
2026/08/28 14:16:15.704, 2, 100, 43801
2026/08/28 14:16:15.704, 3, 100, 43801
2026/08/28 14:16:16.205, 0, 100, 43817
2026/08/28 14:16:16.205, 1, 100, 43801
2026/08/28 14:16:16.205, 2, 100, 43801
2026/08/28 14:16:16.205, 3, 100, 43801
2026/08/28 14:16:16.705, 0, 100, 43817
2026/08/28 14:16:16.705, 1, 100, 43801
2026/08/28 14:16:16.705, 2, 100, 43801
2026/08/28 14:16:16.705, 3, 100, 43801
2026/08/28 14:16:17.205, 0, 100, 43817
2026/08/28 14:16:17.205, 1, 100, 43801
2026/08/28 14:16:17.205, 2, 100, 43801
2026/08/28 14:16:17.205, 3, 100, 43801
2026/08/28 14:16:17.705, 0, 100, 43817
2026/08/28 14:16:17.705, 1, 100, 43801
2026/08/28 14:16:17.705, 2, 100, 43801
2026/08/28 14:16:17.705, 3, 100, 43801
2026/08/28 14:16:18.205, 0, 100, 43817
2026/08/28 14:16:18.205, 1, 100, 43801
2026/08/28 14:16:18.205, 2, 100, 43801
2026/08/28 14:16:18.205, 3, 100, 43801
2026/08/28 14:16:18.705, 0, 100, 43817
2026/08/28 14:16:18.706, 1, 100, 43801
2026/08/28 14:16:18.706, 2, 100, 43801
2026/08/28 14:16:18.706, 3, 100, 43801
2026/08/28 14:16:19.206, 0, 100, 43817
2026/08/28 14:16:19.206, 1, 100, 43801
2026/08/28 14:16:19.206, 2, 100, 43801
2026/08/28 14:16:19.206, 3, 100, 43801
2026/08/28 14:16:19.706, 0, 100, 43817
2026/08/28 14:16:19.706, 1, 61, 43801
2026/08/28 14:16:19.706, 2, 30, 43801
2026/08/28 14:16:19.706, 3, 10, 43801
2026/08/28 14:16:20.206, 0, 7, 43817
2026/08/28 14:16:20.206, 1, 86, 43801
2026/08/28 14:16:20.206, 2, 100, 43801
2026/08/28 14:16:20.206, 3, 100, 43801
2026/08/28 14:16:20.706, 0, 100, 43817
2026/08/28 14:16:20.706, 1, 100, 43801
2026/08/28 14:16:20.706, 2, 100, 43801
2026/08/28 14:16:20.706, 3, 100, 43801
2026/08/28 14:16:21.206, 0, 100, 43817
2026/08/28 14:16:21.207, 1, 100, 43801
2026/08/28 14:16:21.207, 2, 100, 43801
2026/08/28 14:16:21.207, 3, 100, 43801
2026/08/28 14:16:21.707, 0, 100, 43817
2026/08/28 14:16:21.707, 1, 100, 43801
2026/08/28 14:16:21.707, 2, 100, 43801
2026/08/28 14:16:21.707, 3, 100, 43801
2026/08/28 14:16:22.207, 0, 100, 43817
2026/08/28 14:16:22.207, 1, 100, 43801
2026/08/28 14:16:22.207, 2, 100, 43801
2026/08/28 14:16:22.207, 3, 100, 43801
2026/08/28 14:16:22.707, 0, 100, 43817
2026/08/28 14:16:22.707, 1, 100, 43801
2026/08/28 14:16:22.707, 2, 100, 43801
2026/08/28 14:16:22.707, 3, 100, 43801
2026/08/28 14:16:23.207, 0, 100, 43817
2026/08/28 14:16:23.207, 1, 100, 43801
2026/08/28 14:16:23.207, 2, 100, 43801
2026/08/28 14:16:23.207, 3, 100, 43801
2026/08/28 14:16:23.707, 0, 100, 43817
2026/08/28 14:16:23.707, 1, 100, 43801
2026/08/28 14:16:23.707, 2, 100, 43801
2026/08/28 14:16:23.707, 3, 100, 43801
2026/08/28 14:16:24.208, 0, 100, 43817
2026/08/28 14:16:24.208, 1, 100, 43801
2026/08/28 14:16:24.208, 2, 100, 43801
2026/08/28 14:16:24.208, 3, 100, 43801
2026/08/28 14:16:24.708, 0, 100, 43817
2026/08/28 14:16:24.708, 1, 100, 43801
2026/08/28 14:16:24.708, 2, 100, 43801
2026/08/28 14:16:24.708, 3, 100, 43801
2026/08/28 14:16:25.208, 0, 0, 43817
2026/08/28 14:16:25.208, 1, 0, 43801
2026/08/28 14:16:25.208, 2, 0, 43801
2026/08/28 14:16:25.208, 3, 0, 43801
2026/08/28 14:16:25.708, 0, 100, 43817
2026/08/28 14:16:25.708, 1, 99, 43801
2026/08/28 14:16:25.708, 2, 99, 43801
2026/08/28 14:16:25.708, 3, 99, 43801
2026/08/28 14:16:26.208, 0, 100, 43817
2026/08/28 14:16:26.208, 1, 100, 43801
2026/08/28 14:16:26.208, 2, 100, 43801
2026/08/28 14:16:26.208, 3, 100, 43801
2026/08/28 14:16:26.709, 0, 100, 43817
2026/08/28 14:16:26.709, 1, 100, 43801
2026/08/28 14:16:26.709, 2, 100, 43801
2026/08/28 14:16:26.709, 3, 100, 43801
2026/08/28 14:16:27.209, 0, 100, 43817
2026/08/28 14:16:27.209, 1, 100, 43801
2026/08/28 14:16:27.209, 2, 100, 43801
2026/08/28 14:16:27.209, 3, 100, 43801
2026/08/28 14:16:27.709, 0, 100, 43817
2026/08/28 14:16:27.709, 1, 100, 43801
2026/08/28 14:16:27.709, 2, 100, 43801
2026/08/28 14:16:27.709, 3, 100, 43801
2026/08/28 14:16:28.209, 0, 100, 43817
2026/08/28 14:16:28.209, 1, 100, 43801
2026/08/28 14:16:28.209, 2, 100, 43801
2026/08/28 14:16:28.209, 3, 100, 43801
2026/08/28 14:16:28.709, 0, 100, 43817
2026/08/28 14:16:28.709, 1, 100, 43801
2026/08/28 14:16:28.709, 2, 100, 43801
2026/08/28 14:16:28.709, 3, 100, 43801
2026/08/28 14:16:29.209, 0, 100, 43817
2026/08/28 14:16:29.209, 1, 100, 43801
2026/08/28 14:16:29.209, 2, 100, 43801
2026/08/28 14:16:29.209, 3, 100, 43801
2026/08/28 14:16:29.709, 0, 100, 43817
2026/08/28 14:16:29.710, 1, 100, 43801
2026/08/28 14:16:29.710, 2, 100, 43801
2026/08/28 14:16:29.710, 3, 100, 43801
2026/08/28 14:16:30.210, 0, 0, 43817
2026/08/28 14:16:30.210, 1, 0, 43801
2026/08/28 14:16:30.210, 2, 0, 43801
2026/08/28 14:16:30.210, 3, 0, 43801
2026/08/28 14:16:30.710, 0, 100, 43817
2026/08/28 14:16:30.710, 1, 100, 43801
2026/08/28 14:16:30.710, 2, 100, 43801
2026/08/28 14:16:30.710, 3, 100, 43801
2026/08/28 14:16:31.210, 0, 100, 43817
2026/08/28 14:16:31.210, 1, 100, 43801
2026/08/28 14:16:31.210, 2, 100, 43801
2026/08/28 14:16:31.210, 3, 100, 43801
2026/08/28 14:16:31.710, 0, 100, 43817
2026/08/28 14:16:31.710, 1, 100, 43801
2026/08/28 14:16:31.710, 2, 100, 43801
2026/08/28 14:16:31.710, 3, 100, 43801
2026/08/28 14:16:32.210, 0, 100, 43817
2026/08/28 14:16:32.210, 1, 100, 43801
2026/08/28 14:16:32.210, 2, 100, 43801
2026/08/28 14:16:32.211, 3, 100, 43801
2026/08/28 14:16:32.711, 0, 100, 43817
2026/08/28 14:16:32.711, 1, 100, 43801
2026/08/28 14:16:32.711, 2, 100, 43801
2026/08/28 14:16:32.711, 3, 100, 43801
2026/08/28 14:16:33.211, 0, 100, 43817
2026/08/28 14:16:33.211, 1, 100, 43801
2026/08/28 14:16:33.211, 2, 100, 43801
2026/08/28 14:16:33.211, 3, 100, 43801
2026/08/28 14:16:33.711, 0, 100, 43817
2026/08/28 14:16:33.711, 1, 100, 43801
2026/08/28 14:16:33.711, 2, 100, 43801
2026/08/28 14:16:33.711, 3, 100, 43801
2026/08/28 14:16:34.211, 0, 100, 43817
2026/08/28 14:16:34.211, 1, 100, 43801
2026/08/28 14:16:34.211, 2, 100, 43801
2026/08/28 14:16:34.211, 3, 100, 43801
2026/08/28 14:16:34.711, 0, 100, 43817
2026/08/28 14:16:34.711, 1, 100, 43801
2026/08/28 14:16:34.711, 2, 100, 43801
2026/08/28 14:16:34.711, 3, 100, 43801
2026/08/28 14:16:35.211, 0, 0, 43817
2026/08/28 14:16:35.212, 1, 0, 43801
2026/08/28 14:16:35.212, 2, 0, 43801
2026/08/28 14:16:35.212, 3, 0, 43801
2026/08/28 14:16:35.712, 0, 0, 43817
2026/08/28 14:16:35.712, 1, 0, 43801
2026/08/28 14:16:35.712, 2, 0, 43801
2026/08/28 14:16:35.712, 3, 2, 43801
2026/08/28 14:16:36.212, 0, 100, 43817
2026/08/28 14:16:36.212, 1, 100, 43801
2026/08/28 14:16:36.212, 2, 100, 43801
2026/08/28 14:16:36.212, 3, 100, 43801
2026/08/28 14:16:36.712, 0, 100, 43817
2026/08/28 14:16:36.712, 1, 100, 43801
2026/08/28 14:16:36.712, 2, 100, 43801
2026/08/28 14:16:36.712, 3, 100, 43801
2026/08/28 14:16:37.212, 0, 100, 43817
2026/08/28 14:16:37.212, 1, 100, 43801
2026/08/28 14:16:37.212, 2, 100, 43801
2026/08/28 14:16:37.212, 3, 100, 43801
2026/08/28 14:16:37.712, 0, 100, 43817
2026/08/28 14:16:37.713, 1, 100, 43801
2026/08/28 14:16:37.713, 2, 100, 43801
2026/08/28 14:16:37.713, 3, 100, 43801
2026/08/28 14:16:38.213, 0, 100, 43817
2026/08/28 14:16:38.213, 1, 100, 43801
2026/08/28 14:16:38.213, 2, 100, 43801
2026/08/28 14:16:38.213, 3, 100, 43801
2026/08/28 14:16:38.713, 0, 100, 43817
2026/08/28 14:16:38.713, 1, 100, 43801
2026/08/28 14:16:38.713, 2, 100, 43801
2026/08/28 14:16:38.713, 3, 100, 43801
2026/08/28 14:16:39.213, 0, 100, 43817
2026/08/28 14:16:39.213, 1, 100, 43801
2026/08/28 14:16:39.213, 2, 100, 43801
2026/08/28 14:16:39.213, 3, 100, 43801
2026/08/28 14:16:39.713, 0, 100, 43817
2026/08/28 14:16:39.713, 1, 100, 43801
2026/08/28 14:16:39.713, 2, 100, 43801
2026/08/28 14:16:39.713, 3, 100, 43801
2026/08/28 14:16:40.213, 0, 100, 43817
2026/08/28 14:16:40.213, 1, 100, 43801
2026/08/28 14:16:40.213, 2, 100, 43801
2026/08/28 14:16:40.214, 3, 100, 43801
2026/08/28 14:16:40.714, 0, 0, 43817
2026/08/28 14:16:40.714, 1, 0, 43801
2026/08/28 14:16:40.714, 2, 0, 43801
2026/08/28 14:16:40.714, 3, 0, 43801
2026/08/28 14:16:41.214, 0, 100, 43817
2026/08/28 14:16:41.214, 1, 100, 43801
2026/08/28 14:16:41.214, 2, 100, 43801
2026/08/28 14:16:41.214, 3, 100, 43801
2026/08/28 14:16:41.714, 0, 100, 43817
2026/08/28 14:16:41.714, 1, 100, 43801
2026/08/28 14:16:41.714, 2, 100, 43801
2026/08/28 14:16:41.714, 3, 100, 43801
2026/08/28 14:16:42.214, 0, 100, 43817
2026/08/28 14:16:42.214, 1, 100, 43801
2026/08/28 14:16:42.214, 2, 100, 43801
2026/08/28 14:16:42.214, 3, 100, 43801
2026/08/28 14:16:42.714, 0, 100, 43817
2026/08/28 14:16:42.715, 1, 100, 43801
2026/08/28 14:16:42.715, 2, 100, 43801
2026/08/28 14:16:42.715, 3, 100, 43801
2026/08/28 14:16:43.215, 0, 100, 43817
2026/08/28 14:16:43.215, 1, 100, 43801
2026/08/28 14:16:43.215, 2, 100, 43801
2026/08/28 14:16:43.215, 3, 100, 43801
2026/08/28 14:16:43.715, 0, 100, 43817
2026/08/28 14:16:43.715, 1, 100, 43801
2026/08/28 14:16:43.715, 2, 100, 43801
2026/08/28 14:16:43.715, 3, 100, 43801
2026/08/28 14:16:44.215, 0, 100, 43817
2026/08/28 14:16:44.215, 1, 100, 43801
2026/08/28 14:16:44.215, 2, 100, 43801
2026/08/28 14:16:44.215, 3, 100, 43801
2026/08/28 14:16:44.715, 0, 100, 43817
2026/08/28 14:16:44.715, 1, 100, 43801
2026/08/28 14:16:44.715, 2, 100, 43801
2026/08/28 14:16:44.715, 3, 100, 43801
2026/08/28 14:16:45.215, 0, 100, 43817
2026/08/28 14:16:45.215, 1, 100, 43801
2026/08/28 14:16:45.215, 2, 100, 43801
2026/08/28 14:16:45.215, 3, 100, 43801
2026/08/28 14:16:45.715, 0, 0, 43817
2026/08/28 14:16:45.716, 1, 0, 43801
2026/08/28 14:16:45.716, 2, 0, 43801
2026/08/28 14:16:45.716, 3, 0, 43801
2026/08/28 14:16:46.216, 0, 100, 43817
2026/08/28 14:16:46.216, 1, 100, 43801
2026/08/28 14:16:46.216, 2, 100, 43801
2026/08/28 14:16:46.216, 3, 100, 43801
2026/08/28 14:16:46.716, 0, 100, 43817
2026/08/28 14:16:46.716, 1, 100, 43801
2026/08/28 14:16:46.716, 2, 100, 43801
2026/08/28 14:16:46.716, 3, 100, 43801
2026/08/28 14:16:47.216, 0, 100, 43817
2026/08/28 14:16:47.216, 1, 100, 43801
2026/08/28 14:16:47.216, 2, 100, 43801
2026/08/28 14:16:47.216, 3, 100, 43801
2026/08/28 14:16:47.716, 0, 100, 43817
2026/08/28 14:16:47.716, 1, 100, 43801
2026/08/28 14:16:47.716, 2, 100, 43801
2026/08/28 14:16:47.716, 3, 100, 43801
2026/08/28 14:16:48.216, 0, 100, 43817
2026/08/28 14:16:48.216, 1, 100, 43801
2026/08/28 14:16:48.216, 2, 100, 43801
2026/08/28 14:16:48.216, 3, 100, 43801
2026/08/28 14:16:48.717, 0, 100, 43817
2026/08/28 14:16:48.717, 1, 100, 43801
2026/08/28 14:16:48.717, 2, 100, 43801
2026/08/28 14:16:48.717, 3, 100, 43801
2026/08/28 14:16:49.217, 0, 100, 43817
2026/08/28 14:16:49.217, 1, 100, 43801
2026/08/28 14:16:49.217, 2, 100, 43801
2026/08/28 14:16:49.217, 3, 100, 43801
2026/08/28 14:16:49.717, 0, 100, 43817
2026/08/28 14:16:49.717, 1, 100, 43801
2026/08/28 14:16:49.717, 2, 100, 43801
2026/08/28 14:16:49.717, 3, 100, 43801
2026/08/28 14:16:50.217, 0, 100, 43817
2026/08/28 14:16:50.217, 1, 100, 43801
2026/08/28 14:16:50.217, 2, 100, 43801
2026/08/28 14:16:50.217, 3, 100, 43801
2026/08/28 14:16:50.717, 0, 97, 43817
2026/08/28 14:16:50.717, 1, 100, 43801
2026/08/28 14:16:50.717, 2, 86, 43801
2026/08/28 14:16:50.717, 3, 63, 43801
2026/08/28 14:16:51.217, 0, 27, 43817
2026/08/28 14:16:51.217, 1, 21, 43801
2026/08/28 14:16:51.217, 2, 38, 43801
2026/08/28 14:16:51.217, 3, 59, 43801
2026/08/28 14:16:51.717, 0, 100, 43817
2026/08/28 14:16:51.718, 1, 100, 43801
2026/08/28 14:16:51.718, 2, 100, 43801
2026/08/28 14:16:51.718, 3, 100, 43801
2026/08/28 14:16:52.218, 0, 100, 43817
2026/08/28 14:16:52.218, 1, 100, 43801
2026/08/28 14:16:52.218, 2, 100, 43801
2026/08/28 14:16:52.218, 3, 100, 43801
2026/08/28 14:16:52.718, 0, 100, 43817
2026/08/28 14:16:52.718, 1, 100, 43801
2026/08/28 14:16:52.718, 2, 100, 43801
2026/08/28 14:16:52.718, 3, 100, 43801
2026/08/28 14:16:53.218, 0, 100, 43817
2026/08/28 14:16:53.218, 1, 100, 43801
2026/08/28 14:16:53.218, 2, 100, 43801
2026/08/28 14:16:53.218, 3, 100, 43801
2026/08/28 14:16:53.718, 0, 100, 43817
2026/08/28 14:16:53.718, 1, 100, 43801
2026/08/28 14:16:53.718, 2, 100, 43801
2026/08/28 14:16:53.718, 3, 100, 43801
2026/08/28 14:16:54.218, 0, 100, 43817
2026/08/28 14:16:54.218, 1, 100, 43801
2026/08/28 14:16:54.218, 2, 100, 43801
2026/08/28 14:16:54.218, 3, 100, 43801
2026/08/28 14:16:54.719, 0, 100, 43817
2026/08/28 14:16:54.719, 1, 100, 43801
2026/08/28 14:16:54.719, 2, 100, 43801
2026/08/28 14:16:54.719, 3, 100, 43801
2026/08/28 14:16:55.219, 0, 100, 43817
2026/08/28 14:16:55.219, 1, 100, 43801
2026/08/28 14:16:55.219, 2, 100, 43801
2026/08/28 14:16:55.219, 3, 100, 43801
2026/08/28 14:16:55.719, 0, 100, 43817
2026/08/28 14:16:55.719, 1, 100, 43801
2026/08/28 14:16:55.719, 2, 100, 43801
2026/08/28 14:16:55.719, 3, 100, 43801
2026/08/28 14:16:56.219, 0, 0, 43817
2026/08/28 14:16:56.219, 1, 0, 43801
2026/08/28 14:16:56.219, 2, 0, 43801
2026/08/28 14:16:56.219, 3, 0, 43801
2026/08/28 14:16:56.719, 0, 100, 43817
2026/08/28 14:16:56.719, 1, 100, 43801
2026/08/28 14:16:56.719, 2, 100, 43801
2026/08/28 14:16:56.719, 3, 100, 43801
2026/08/28 14:16:57.219, 0, 100, 43817
2026/08/28 14:16:57.220, 1, 100, 43801
2026/08/28 14:16:57.220, 2, 100, 43801
2026/08/28 14:16:57.220, 3, 100, 43801
2026/08/28 14:16:57.720, 0, 100, 43817
2026/08/28 14:16:57.720, 1, 100, 43801
2026/08/28 14:16:57.720, 2, 100, 43801
2026/08/28 14:16:57.720, 3, 100, 43801
2026/08/28 14:16:58.220, 0, 100, 43817
2026/08/28 14:16:58.220, 1, 100, 43801
2026/08/28 14:16:58.220, 2, 100, 43801
2026/08/28 14:16:58.220, 3, 100, 43801
2026/08/28 14:16:58.720, 0, 100, 43817
2026/08/28 14:16:58.720, 1, 100, 43801
2026/08/28 14:16:58.720, 2, 100, 43801
2026/08/28 14:16:58.720, 3, 100, 43801
2026/08/28 14:16:59.220, 0, 100, 43817
2026/08/28 14:16:59.220, 1, 100, 43801
2026/08/28 14:16:59.220, 2, 100, 43801
2026/08/28 14:16:59.220, 3, 100, 43801
2026/08/28 14:16:59.720, 0, 100, 43817
2026/08/28 14:16:59.720, 1, 100, 43801
2026/08/28 14:16:59.720, 2, 100, 43801
2026/08/28 14:16:59.720, 3, 100, 43801
2026/08/28 14:17:00.220, 0, 100, 43817
2026/08/28 14:17:00.220, 1, 100, 43801
2026/08/28 14:17:00.220, 2, 100, 43801
2026/08/28 14:17:00.220, 3, 100, 43801
2026/08/28 14:17:00.720, 0, 100, 43817
2026/08/28 14:17:00.720, 1, 100, 43801
2026/08/28 14:17:00.720, 2, 100, 43801
2026/08/28 14:17:00.721, 3, 100, 43801
2026/08/28 14:17:01.221, 0, 0, 43817
2026/08/28 14:17:01.221, 1, 0, 43801
2026/08/28 14:17:01.221, 2, 0, 43801
2026/08/28 14:17:01.221, 3, 0, 43801
2026/08/28 14:17:01.721, 0, 0, 43817
2026/08/28 14:17:01.721, 1, 0, 43801
2026/08/28 14:17:01.721, 2, 2, 43801
2026/08/28 14:17:01.721, 3, 21, 43801
2026/08/28 14:17:02.221, 0, 100, 43817
2026/08/28 14:17:02.221, 1, 100, 43801
2026/08/28 14:17:02.221, 2, 100, 43801
2026/08/28 14:17:02.221, 3, 100, 43801
2026/08/28 14:17:02.721, 0, 100, 43817
2026/08/28 14:17:02.721, 1, 100, 43801
2026/08/28 14:17:02.721, 2, 100, 43801
2026/08/28 14:17:02.721, 3, 100, 43801
2026/08/28 14:17:03.221, 0, 100, 43817
2026/08/28 14:17:03.221, 1, 100, 43801
2026/08/28 14:17:03.221, 2, 100, 43801
2026/08/28 14:17:03.221, 3, 100, 43801
2026/08/28 14:17:03.722, 0, 100, 43817
2026/08/28 14:17:03.722, 1, 100, 43801
2026/08/28 14:17:03.722, 2, 100, 43801
2026/08/28 14:17:03.722, 3, 100, 43801
2026/08/28 14:17:04.222, 0, 100, 43817
2026/08/28 14:17:04.222, 1, 100, 43801
2026/08/28 14:17:04.222, 2, 100, 43801
2026/08/28 14:17:04.222, 3, 100, 43801
2026/08/28 14:17:04.722, 0, 100, 43817
2026/08/28 14:17:04.722, 1, 100, 43801
2026/08/28 14:17:04.722, 2, 100, 43801
2026/08/28 14:17:04.722, 3, 100, 43801
2026/08/28 14:17:05.222, 0, 100, 43817
2026/08/28 14:17:05.222, 1, 100, 43801
2026/08/28 14:17:05.222, 2, 100, 43801
2026/08/28 14:17:05.222, 3, 100, 43801
2026/08/28 14:17:05.722, 0, 100, 43817
2026/08/28 14:17:05.722, 1, 100, 43801
2026/08/28 14:17:05.722, 2, 100, 43801
2026/08/28 14:17:05.722, 3, 100, 43801
2026/08/28 14:17:06.222, 0, 100, 43817
2026/08/28 14:17:06.222, 1, 100, 43801
2026/08/28 14:17:06.222, 2, 100, 43801
2026/08/28 14:17:06.222, 3, 80, 43801
2026/08/28 14:17:06.723, 0, 0, 43817
2026/08/28 14:17:06.723, 1, 0, 43801
2026/08/28 14:17:06.723, 2, 0, 43801
2026/08/28 14:17:06.723, 3, 0, 43801
2026/08/28 14:17:07.223, 0, 100, 43817
2026/08/28 14:17:07.223, 1, 100, 43801
2026/08/28 14:17:07.223, 2, 100, 43801
2026/08/28 14:17:07.223, 3, 100, 43801
2026/08/28 14:17:07.723, 0, 100, 43817
2026/08/28 14:17:07.723, 1, 100, 43801
2026/08/28 14:17:07.723, 2, 100, 43801
2026/08/28 14:17:07.723, 3, 100, 43801
2026/08/28 14:17:08.223, 0, 100, 43817
2026/08/28 14:17:08.223, 1, 100, 43801
2026/08/28 14:17:08.223, 2, 100, 43801
2026/08/28 14:17:08.223, 3, 100, 43801
2026/08/28 14:17:08.723, 0, 100, 43817
2026/08/28 14:17:08.723, 1, 100, 43801
2026/08/28 14:17:08.723, 2, 100, 43801
2026/08/28 14:17:08.723, 3, 100, 43801
2026/08/28 14:17:09.224, 0, 100, 43817
2026/08/28 14:17:09.224, 1, 100, 43801
2026/08/28 14:17:09.224, 2, 100, 43801
2026/08/28 14:17:09.224, 3, 100, 43801
2026/08/28 14:17:09.724, 0, 100, 43817
2026/08/28 14:17:09.724, 1, 100, 43801
2026/08/28 14:17:09.724, 2, 100, 43801
2026/08/28 14:17:09.724, 3, 100, 43801
2026/08/28 14:17:10.224, 0, 100, 43817
2026/08/28 14:17:10.224, 1, 100, 43801
2026/08/28 14:17:10.224, 2, 100, 43801
2026/08/28 14:17:10.224, 3, 100, 43801
2026/08/28 14:17:10.724, 0, 100, 43817
2026/08/28 14:17:10.724, 1, 100, 43801
2026/08/28 14:17:10.724, 2, 100, 43801
2026/08/28 14:17:10.724, 3, 100, 43801
2026/08/28 14:17:11.224, 0, 100, 43817
2026/08/28 14:17:11.224, 1, 100, 43801
2026/08/28 14:17:11.224, 2, 100, 43801
2026/08/28 14:17:11.224, 3, 100, 43801
2026/08/28 14:17:11.724, 0, 0, 43817
2026/08/28 14:17:11.724, 1, 0, 43801
2026/08/28 14:17:11.725, 2, 0, 43801
2026/08/28 14:17:11.725, 3, 0, 43801
2026/08/28 14:17:12.225, 0, 100, 43817
2026/08/28 14:17:12.225, 1, 100, 43801
2026/08/28 14:17:12.225, 2, 100, 43801
2026/08/28 14:17:12.225, 3, 100, 43801
2026/08/28 14:17:12.725, 0, 100, 43817
2026/08/28 14:17:12.725, 1, 100, 43801
2026/08/28 14:17:12.725, 2, 100, 43801
2026/08/28 14:17:12.725, 3, 100, 43801
2026/08/28 14:17:13.225, 0, 100, 43817
2026/08/28 14:17:13.225, 1, 100, 43801
2026/08/28 14:17:13.225, 2, 100, 43801
2026/08/28 14:17:13.225, 3, 100, 43801
2026/08/28 14:17:13.725, 0, 100, 43817
2026/08/28 14:17:13.725, 1, 100, 43801
2026/08/28 14:17:13.725, 2, 100, 43801
2026/08/28 14:17:13.725, 3, 100, 43801
2026/08/28 14:17:14.225, 0, 100, 43817
2026/08/28 14:17:14.226, 1, 100, 43801
2026/08/28 14:17:14.226, 2, 100, 43801
2026/08/28 14:17:14.226, 3, 100, 43801
2026/08/28 14:17:14.726, 0, 100, 43817
2026/08/28 14:17:14.726, 1, 100, 43801
2026/08/28 14:17:14.726, 2, 100, 43801
2026/08/28 14:17:14.726, 3, 100, 43801
2026/08/28 14:17:15.226, 0, 100, 43817
2026/08/28 14:17:15.226, 1, 100, 43801
2026/08/28 14:17:15.226, 2, 100, 43801
2026/08/28 14:17:15.226, 3, 100, 43801
2026/08/28 14:17:15.726, 0, 100, 43817
2026/08/28 14:17:15.726, 1, 100, 43801
2026/08/28 14:17:15.726, 2, 100, 43801
2026/08/28 14:17:15.726, 3, 100, 43801
2026/08/28 14:17:16.226, 0, 100, 43817
2026/08/28 14:17:16.226, 1, 100, 43801
2026/08/28 14:17:16.226, 2, 100, 43801
2026/08/28 14:17:16.226, 3, 100, 43801
2026/08/28 14:17:16.726, 0, 84, 43817
2026/08/28 14:17:16.727, 1, 100, 43801
2026/08/28 14:17:16.727, 2, 73, 43801
2026/08/28 14:17:16.727, 3, 51, 43801
2026/08/28 14:17:17.227, 0, 64, 43817
2026/08/28 14:17:17.227, 1, 44, 43801
2026/08/28 14:17:17.227, 2, 75, 43801
2026/08/28 14:17:17.227, 3, 94, 43801
2026/08/28 14:17:17.727, 0, 100, 43817
2026/08/28 14:17:17.727, 1, 100, 43801
2026/08/28 14:17:17.727, 2, 100, 43801
2026/08/28 14:17:17.727, 3, 100, 43801
2026/08/28 14:17:18.227, 0, 100, 43817
2026/08/28 14:17:18.227, 1, 100, 43801
2026/08/28 14:17:18.227, 2, 100, 43801
2026/08/28 14:17:18.227, 3, 100, 43801
2026/08/28 14:17:18.727, 0, 100, 43817
2026/08/28 14:17:18.727, 1, 100, 43801
2026/08/28 14:17:18.727, 2, 100, 43801
2026/08/28 14:17:18.727, 3, 100, 43801
2026/08/28 14:17:19.227, 0, 100, 43817
2026/08/28 14:17:19.228, 1, 100, 43801
2026/08/28 14:17:19.228, 2, 100, 43801
2026/08/28 14:17:19.228, 3, 100, 43801
2026/08/28 14:17:19.728, 0, 100, 43817
2026/08/28 14:17:19.728, 1, 100, 43801
2026/08/28 14:17:19.728, 2, 100, 43801
2026/08/28 14:17:19.728, 3, 100, 43801
2026/08/28 14:17:20.228, 0, 100, 43817
2026/08/28 14:17:20.228, 1, 100, 43801
2026/08/28 14:17:20.228, 2, 100, 43801
2026/08/28 14:17:20.228, 3, 100, 43801
2026/08/28 14:17:20.728, 0, 100, 43817
2026/08/28 14:17:20.728, 1, 100, 43801
2026/08/28 14:17:20.728, 2, 100, 43801
2026/08/28 14:17:20.728, 3, 100, 43801
2026/08/28 14:17:21.228, 0, 100, 43817
2026/08/28 14:17:21.228, 1, 100, 43801
2026/08/28 14:17:21.228, 2, 100, 43801
2026/08/28 14:17:21.228, 3, 100, 43801
2026/08/28 14:17:21.728, 0, 100, 43817
2026/08/28 14:17:21.728, 1, 100, 43801
2026/08/28 14:17:21.728, 2, 100, 43801
2026/08/28 14:17:21.728, 3, 100, 43801
2026/08/28 14:17:22.229, 0, 0, 43817
2026/08/28 14:17:22.229, 1, 0, 43801
2026/08/28 14:17:22.229, 2, 0, 43801
2026/08/28 14:17:22.229, 3, 0, 43801
2026/08/28 14:17:22.729, 0, 99, 43817
2026/08/28 14:17:22.729, 1, 100, 43801
2026/08/28 14:17:22.729, 2, 99, 43801
2026/08/28 14:17:22.729, 3, 99, 43801
2026/08/28 14:17:23.229, 0, 100, 43817
2026/08/28 14:17:23.229, 1, 100, 43801
2026/08/28 14:17:23.229, 2, 100, 43801
2026/08/28 14:17:23.229, 3, 100, 43801
2026/08/28 14:17:23.729, 0, 100, 43817
2026/08/28 14:17:23.729, 1, 100, 43801
2026/08/28 14:17:23.729, 2, 100, 43801
2026/08/28 14:17:23.729, 3, 100, 43801
2026/08/28 14:17:24.229, 0, 100, 43817
2026/08/28 14:17:24.229, 1, 100, 43801
2026/08/28 14:17:24.229, 2, 100, 43801
2026/08/28 14:17:24.229, 3, 100, 43801
2026/08/28 14:17:24.730, 0, 100, 43817
2026/08/28 14:17:24.730, 1, 100, 43801
2026/08/28 14:17:24.730, 2, 100, 43801
2026/08/28 14:17:24.730, 3, 100, 43801
2026/08/28 14:17:25.230, 0, 100, 43817
2026/08/28 14:17:25.230, 1, 100, 43801
2026/08/28 14:17:25.230, 2, 100, 43801
2026/08/28 14:17:25.230, 3, 100, 43801
2026/08/28 14:17:25.730, 0, 100, 43817
2026/08/28 14:17:25.730, 1, 100, 43801
2026/08/28 14:17:25.730, 2, 100, 43801
2026/08/28 14:17:25.730, 3, 100, 43801
2026/08/28 14:17:26.230, 0, 100, 43817
2026/08/28 14:17:26.230, 1, 100, 43801
2026/08/28 14:17:26.230, 2, 100, 43801
2026/08/28 14:17:26.230, 3, 100, 43801
2026/08/28 14:17:26.730, 0, 100, 43817
2026/08/28 14:17:26.730, 1, 100, 43801
2026/08/28 14:17:26.730, 2, 100, 43801
2026/08/28 14:17:26.730, 3, 100, 43801
2026/08/28 14:17:27.230, 0, 0, 43817
2026/08/28 14:17:27.231, 1, 0, 43801
2026/08/28 14:17:27.231, 2, 0, 43801
2026/08/28 14:17:27.231, 3, 0, 43801
2026/08/28 14:17:27.731, 0, 100, 43817
2026/08/28 14:17:27.731, 1, 100, 43801
2026/08/28 14:17:27.731, 2, 100, 43801
2026/08/28 14:17:27.731, 3, 100, 43801
2026/08/28 14:17:28.231, 0, 100, 43817
2026/08/28 14:17:28.231, 1, 100, 43801
2026/08/28 14:17:28.231, 2, 100, 43801
2026/08/28 14:17:28.231, 3, 100, 43801
2026/08/28 14:17:28.731, 0, 100, 43817
2026/08/28 14:17:28.731, 1, 100, 43801
2026/08/28 14:17:28.731, 2, 100, 43801
2026/08/28 14:17:28.731, 3, 100, 43801
2026/08/28 14:17:29.231, 0, 100, 43817
2026/08/28 14:17:29.231, 1, 100, 43801
2026/08/28 14:17:29.231, 2, 100, 43801
2026/08/28 14:17:29.231, 3, 100, 43801
2026/08/28 14:17:29.731, 0, 100, 43817
2026/08/28 14:17:29.732, 1, 100, 43801
2026/08/28 14:17:29.732, 2, 100, 43801
2026/08/28 14:17:29.732, 3, 100, 43801
2026/08/28 14:17:30.232, 0, 100, 43817
2026/08/28 14:17:30.232, 1, 100, 43801
2026/08/28 14:17:30.232, 2, 100, 43801
2026/08/28 14:17:30.232, 3, 100, 43801
2026/08/28 14:17:30.732, 0, 100, 43817
2026/08/28 14:17:30.732, 1, 100, 43801
2026/08/28 14:17:30.732, 2, 100, 43801
2026/08/28 14:17:30.732, 3, 100, 43801
2026/08/28 14:17:31.232, 0, 100, 43817
2026/08/28 14:17:31.232, 1, 100, 43801
2026/08/28 14:17:31.232, 2, 100, 43801
2026/08/28 14:17:31.233, 3, 100, 43801
2026/08/28 14:17:31.733, 0, 100, 43817
2026/08/28 14:17:31.733, 1, 100, 43801
2026/08/28 14:17:31.733, 2, 100, 43801
2026/08/28 14:17:31.733, 3, 100, 43801
2026/08/28 14:17:32.233, 0, 0, 43817
2026/08/28 14:17:32.233, 1, 0, 43801
2026/08/28 14:17:32.233, 2, 0, 43801
2026/08/28 14:17:32.233, 3, 0, 43801
2026/08/28 14:17:32.733, 0, 0, 43817
2026/08/28 14:17:32.733, 1, 0, 43801
2026/08/28 14:17:32.733, 2, 0, 43801
2026/08/28 14:17:32.733, 3, 0, 43801
2026/08/28 14:17:33.233, 0, 100, 43817
2026/08/28 14:17:33.233, 1, 100, 43801
2026/08/28 14:17:33.233, 2, 100, 43801
2026/08/28 14:17:33.233, 3, 100, 43801
2026/08/28 14:17:33.734, 0, 100, 43817
2026/08/28 14:17:33.734, 1, 100, 43801
2026/08/28 14:17:33.734, 2, 100, 43801
2026/08/28 14:17:33.734, 3, 100, 43801
2026/08/28 14:17:34.234, 0, 100, 43817
2026/08/28 14:17:34.234, 1, 100, 43801
2026/08/28 14:17:34.234, 2, 100, 43801
2026/08/28 14:17:34.234, 3, 100, 43801
2026/08/28 14:17:34.734, 0, 100, 43817
2026/08/28 14:17:34.734, 1, 100, 43801
2026/08/28 14:17:34.734, 2, 100, 43801
2026/08/28 14:17:34.734, 3, 100, 43801
2026/08/28 14:17:35.234, 0, 100, 43817
2026/08/28 14:17:35.234, 1, 100, 43801
2026/08/28 14:17:35.234, 2, 100, 43801
2026/08/28 14:17:35.234, 3, 100, 43801
2026/08/28 14:17:35.734, 0, 100, 43817
2026/08/28 14:17:35.734, 1, 100, 43801
2026/08/28 14:17:35.734, 2, 100, 43801
2026/08/28 14:17:35.734, 3, 100, 43801
2026/08/28 14:17:36.234, 0, 100, 43817
2026/08/28 14:17:36.234, 1, 100, 43801
2026/08/28 14:17:36.234, 2, 100, 43801
2026/08/28 14:17:36.234, 3, 100, 43801
2026/08/28 14:17:36.735, 0, 100, 43817
2026/08/28 14:17:36.735, 1, 100, 43801
2026/08/28 14:17:36.735, 2, 100, 43801
2026/08/28 14:17:36.735, 3, 100, 43801
2026/08/28 14:17:37.235, 0, 100, 43817
2026/08/28 14:17:37.235, 1, 100, 43801
2026/08/28 14:17:37.235, 2, 100, 43801
2026/08/28 14:17:37.235, 3, 100, 43801
2026/08/28 14:17:37.735, 0, 0, 43817
2026/08/28 14:17:37.735, 1, 0, 43801
2026/08/28 14:17:37.735, 2, 0, 43801
2026/08/28 14:17:37.735, 3, 0, 43801
2026/08/28 14:17:38.235, 0, 100, 43817
2026/08/28 14:17:38.235, 1, 100, 43801
2026/08/28 14:17:38.235, 2, 100, 43801
2026/08/28 14:17:38.235, 3, 100, 43801
2026/08/28 14:17:38.735, 0, 100, 43817
2026/08/28 14:17:38.735, 1, 100, 43801
2026/08/28 14:17:38.735, 2, 100, 43801
2026/08/28 14:17:38.735, 3, 100, 43801
2026/08/28 14:17:39.235, 0, 100, 43817
2026/08/28 14:17:39.236, 1, 100, 43801
2026/08/28 14:17:39.236, 2, 100, 43801
2026/08/28 14:17:39.236, 3, 100, 43801
2026/08/28 14:17:39.736, 0, 100, 43817
2026/08/28 14:17:39.736, 1, 100, 43801
2026/08/28 14:17:39.736, 2, 100, 43801
2026/08/28 14:17:39.736, 3, 100, 43801
2026/08/28 14:17:40.236, 0, 100, 43817
2026/08/28 14:17:40.236, 1, 100, 43801
2026/08/28 14:17:40.236, 2, 100, 43801
2026/08/28 14:17:40.236, 3, 100, 43801
2026/08/28 14:17:40.736, 0, 100, 43817
2026/08/28 14:17:40.736, 1, 100, 43801
2026/08/28 14:17:40.736, 2, 100, 43801
2026/08/28 14:17:40.736, 3, 100, 43801
2026/08/28 14:17:41.236, 0, 100, 43817
2026/08/28 14:17:41.236, 1, 100, 43801
2026/08/28 14:17:41.236, 2, 100, 43801
2026/08/28 14:17:41.236, 3, 100, 43801
2026/08/28 14:17:41.736, 0, 100, 43817
2026/08/28 14:17:41.736, 1, 100, 43801
2026/08/28 14:17:41.736, 2, 100, 43801
2026/08/28 14:17:41.736, 3, 100, 43801
2026/08/28 14:17:42.237, 0, 100, 43817
2026/08/28 14:17:42.237, 1, 100, 43801
2026/08/28 14:17:42.237, 2, 100, 43801
2026/08/28 14:17:42.237, 3, 100, 43801
2026/08/28 14:17:42.737, 0, 0, 43817
2026/08/28 14:17:42.737, 1, 0, 43801
2026/08/28 14:17:42.737, 2, 0, 43801
2026/08/28 14:17:42.737, 3, 0, 43801
2026/08/28 14:17:43.237, 0, 100, 43817
2026/08/28 14:17:43.237, 1, 100, 43801
2026/08/28 14:17:43.237, 2, 99, 43801
2026/08/28 14:17:43.237, 3, 100, 43801
2026/08/28 14:17:43.737, 0, 100, 43817
2026/08/28 14:17:43.737, 1, 100, 43801
2026/08/28 14:17:43.737, 2, 100, 43801
2026/08/28 14:17:43.737, 3, 100, 43801
2026/08/28 14:17:44.237, 0, 100, 43817
2026/08/28 14:17:44.237, 1, 100, 43801
2026/08/28 14:17:44.237, 2, 100, 43801
2026/08/28 14:17:44.237, 3, 100, 43801
2026/08/28 14:17:44.738, 0, 100, 43817
2026/08/28 14:17:44.738, 1, 100, 43801
2026/08/28 14:17:44.738, 2, 100, 43801
2026/08/28 14:17:44.738, 3, 100, 43801
2026/08/28 14:17:45.238, 0, 100, 43817
2026/08/28 14:17:45.238, 1, 100, 43801
2026/08/28 14:17:45.238, 2, 100, 43801
2026/08/28 14:17:45.238, 3, 100, 43801
2026/08/28 14:17:45.738, 0, 100, 43817
2026/08/28 14:17:45.738, 1, 100, 43801
2026/08/28 14:17:45.738, 2, 100, 43801
2026/08/28 14:17:45.738, 3, 100, 43801
2026/08/28 14:17:46.238, 0, 100, 43817
2026/08/28 14:17:46.238, 1, 100, 43801
2026/08/28 14:17:46.238, 2, 100, 43801
2026/08/28 14:17:46.238, 3, 100, 43801
2026/08/28 14:17:46.738, 0, 100, 43817
2026/08/28 14:17:46.738, 1, 100, 43801
2026/08/28 14:17:46.738, 2, 100, 43801
2026/08/28 14:17:46.738, 3, 100, 43801
2026/08/28 14:17:47.239, 0, 100, 43817
2026/08/28 14:17:47.239, 1, 100, 43801
2026/08/28 14:17:47.239, 2, 100, 43801
2026/08/28 14:17:47.239, 3, 100, 43801
2026/08/28 14:17:47.739, 0, 100, 43817
2026/08/28 14:17:47.739, 1, 62, 43801
2026/08/28 14:17:47.739, 2, 33, 43801
2026/08/28 14:17:47.739, 3, 100, 43801
2026/08/28 14:17:48.239, 0, 0, 43817
2026/08/28 14:17:48.239, 1, 2, 43801
2026/08/28 14:17:48.239, 2, 33, 43801
2026/08/28 14:17:48.239, 3, 0, 43801
2026/08/28 14:17:48.739, 0, 100, 43817
2026/08/28 14:17:48.739, 1, 100, 43801
2026/08/28 14:17:48.739, 2, 100, 43801
2026/08/28 14:17:48.739, 3, 100, 43801
2026/08/28 14:17:49.239, 0, 100, 43817
2026/08/28 14:17:49.239, 1, 100, 43801
2026/08/28 14:17:49.239, 2, 100, 43801
2026/08/28 14:17:49.239, 3, 100, 43801
2026/08/28 14:17:49.740, 0, 100, 43817
2026/08/28 14:17:49.740, 1, 100, 43801
2026/08/28 14:17:49.740, 2, 100, 43801
2026/08/28 14:17:49.740, 3, 100, 43801
2026/08/28 14:17:50.240, 0, 100, 43817
2026/08/28 14:17:50.240, 1, 100, 43801
2026/08/28 14:17:50.240, 2, 100, 43801
2026/08/28 14:17:50.240, 3, 100, 43801
2026/08/28 14:17:50.740, 0, 100, 43817
2026/08/28 14:17:50.740, 1, 100, 43801
2026/08/28 14:17:50.740, 2, 100, 43801
2026/08/28 14:17:50.740, 3, 100, 43801
2026/08/28 14:17:51.240, 0, 100, 43817
2026/08/28 14:17:51.240, 1, 100, 43801
2026/08/28 14:17:51.240, 2, 100, 43801
2026/08/28 14:17:51.240, 3, 100, 43801
2026/08/28 14:17:51.740, 0, 100, 43817
2026/08/28 14:17:51.740, 1, 100, 43801
2026/08/28 14:17:51.740, 2, 100, 43801
2026/08/28 14:17:51.740, 3, 100, 43801
2026/08/28 14:17:52.240, 0, 100, 43817
2026/08/28 14:17:52.241, 1, 100, 43801
2026/08/28 14:17:52.241, 2, 100, 43801
2026/08/28 14:17:52.241, 3, 100, 43801
2026/08/28 14:17:52.741, 0, 100, 43817
2026/08/28 14:17:52.741, 1, 100, 43801
2026/08/28 14:17:52.741, 2, 100, 43801
2026/08/28 14:17:52.741, 3, 100, 43801
2026/08/28 14:17:53.241, 0, 0, 43817
2026/08/28 14:17:53.241, 1, 0, 43801
2026/08/28 14:17:53.241, 2, 0, 43801
2026/08/28 14:17:53.241, 3, 0, 43801
2026/08/28 14:17:53.741, 0, 100, 43817
2026/08/28 14:17:53.741, 1, 100, 43801
2026/08/28 14:17:53.741, 2, 100, 43801
2026/08/28 14:17:53.741, 3, 100, 43801
2026/08/28 14:17:54.241, 0, 100, 43817
2026/08/28 14:17:54.241, 1, 100, 43801
2026/08/28 14:17:54.241, 2, 100, 43801
2026/08/28 14:17:54.241, 3, 100, 43801
2026/08/28 14:17:54.741, 0, 100, 43817
2026/08/28 14:17:54.741, 1, 100, 43801
2026/08/28 14:17:54.741, 2, 100, 43801
2026/08/28 14:17:54.742, 3, 100, 43801
2026/08/28 14:17:55.242, 0, 100, 43817
2026/08/28 14:17:55.242, 1, 100, 43801
2026/08/28 14:17:55.242, 2, 100, 43801
2026/08/28 14:17:55.242, 3, 100, 43801
2026/08/28 14:17:55.742, 0, 100, 43817
2026/08/28 14:17:55.742, 1, 100, 43801
2026/08/28 14:17:55.742, 2, 100, 43801
2026/08/28 14:17:55.742, 3, 100, 43801
2026/08/28 14:17:56.242, 0, 100, 43817
2026/08/28 14:17:56.242, 1, 100, 43801
2026/08/28 14:17:56.242, 2, 100, 43801
2026/08/28 14:17:56.242, 3, 100, 43801
2026/08/28 14:17:56.742, 0, 100, 43817
2026/08/28 14:17:56.742, 1, 100, 43801
2026/08/28 14:17:56.742, 2, 100, 43801
2026/08/28 14:17:56.742, 3, 100, 43801
2026/08/28 14:17:57.242, 0, 100, 43817
2026/08/28 14:17:57.242, 1, 100, 43801
2026/08/28 14:17:57.242, 2, 100, 43801
2026/08/28 14:17:57.242, 3, 100, 43801
2026/08/28 14:17:57.742, 0, 100, 43817
2026/08/28 14:17:57.742, 1, 100, 43801
2026/08/28 14:17:57.742, 2, 100, 43801
2026/08/28 14:17:57.743, 3, 100, 43801
2026/08/28 14:17:58.243, 0, 0, 43817
2026/08/28 14:17:58.243, 1, 0, 43801
2026/08/28 14:17:58.243, 2, 0, 43801
2026/08/28 14:17:58.243, 3, 0, 43801
2026/08/28 14:17:58.743, 0, 0, 43817
2026/08/28 14:17:58.743, 1, 0, 43801
2026/08/28 14:17:58.743, 2, 17, 43801
2026/08/28 14:17:58.743, 3, 0, 43801
2026/08/28 14:17:59.243, 0, 100, 43817
2026/08/28 14:17:59.243, 1, 100, 43801
2026/08/28 14:17:59.243, 2, 100, 43801
2026/08/28 14:17:59.243, 3, 100, 43801
2026/08/28 14:17:59.743, 0, 100, 43817
2026/08/28 14:17:59.743, 1, 100, 43801
2026/08/28 14:17:59.743, 2, 100, 43801
2026/08/28 14:17:59.743, 3, 100, 43801
2026/08/28 14:18:00.243, 0, 100, 43817
2026/08/28 14:18:00.243, 1, 100, 43801
2026/08/28 14:18:00.244, 2, 100, 43801
2026/08/28 14:18:00.244, 3, 100, 43801
2026/08/28 14:18:00.745, 0, 100, 43817
2026/08/28 14:18:00.745, 1, 100, 43801
2026/08/28 14:18:00.745, 2, 100, 43801
2026/08/28 14:18:00.745, 3, 100, 43801
2026/08/28 14:18:01.245, 0, 100, 43817
2026/08/28 14:18:01.245, 1, 100, 43801
2026/08/28 14:18:01.245, 2, 100, 43801
2026/08/28 14:18:01.245, 3, 100, 43801
2026/08/28 14:18:01.745, 0, 100, 43817
2026/08/28 14:18:01.745, 1, 100, 43801
2026/08/28 14:18:01.745, 2, 100, 43801
2026/08/28 14:18:01.745, 3, 100, 43801
2026/08/28 14:18:02.245, 0, 100, 43817
2026/08/28 14:18:02.245, 1, 100, 43801
2026/08/28 14:18:02.245, 2, 100, 43801
2026/08/28 14:18:02.245, 3, 100, 43801
2026/08/28 14:18:02.745, 0, 100, 43817
2026/08/28 14:18:02.745, 1, 100, 43801
2026/08/28 14:18:02.745, 2, 100, 43801
2026/08/28 14:18:02.745, 3, 100, 43801
2026/08/28 14:18:03.246, 0, 100, 43817
2026/08/28 14:18:03.246, 1, 100, 43801
2026/08/28 14:18:03.246, 2, 88, 43801
2026/08/28 14:18:03.246, 3, 100, 43801
2026/08/28 14:18:03.746, 0, 0, 43817
2026/08/28 14:18:03.746, 1, 0, 43801
2026/08/28 14:18:03.746, 2, 0, 43801
2026/08/28 14:18:03.746, 3, 0, 43801
2026/08/28 14:18:04.246, 0, 100, 43817
2026/08/28 14:18:04.246, 1, 100, 43801
2026/08/28 14:18:04.246, 2, 100, 43801
2026/08/28 14:18:04.246, 3, 100, 43801
2026/08/28 14:18:04.746, 0, 100, 43817
2026/08/28 14:18:04.746, 1, 100, 43801
2026/08/28 14:18:04.746, 2, 100, 43801
2026/08/28 14:18:04.746, 3, 100, 43801
2026/08/28 14:18:05.246, 0, 100, 43817
2026/08/28 14:18:05.247, 1, 100, 43801
2026/08/28 14:18:05.247, 2, 100, 43801
2026/08/28 14:18:05.247, 3, 100, 43801
2026/08/28 14:18:05.747, 0, 100, 43817
2026/08/28 14:18:05.747, 1, 100, 43801
2026/08/28 14:18:05.747, 2, 100, 43801
2026/08/28 14:18:05.747, 3, 100, 43801
2026/08/28 14:18:06.247, 0, 100, 43817
2026/08/28 14:18:06.247, 1, 100, 43801
2026/08/28 14:18:06.247, 2, 100, 43801
2026/08/28 14:18:06.247, 3, 100, 43801
2026/08/28 14:18:06.747, 0, 100, 43817
2026/08/28 14:18:06.747, 1, 100, 43801
2026/08/28 14:18:06.747, 2, 100, 43801
2026/08/28 14:18:06.747, 3, 100, 43801
2026/08/28 14:18:07.247, 0, 100, 43817
2026/08/28 14:18:07.247, 1, 100, 43801
2026/08/28 14:18:07.247, 2, 100, 43801
2026/08/28 14:18:07.247, 3, 100, 43801
2026/08/28 14:18:07.747, 0, 100, 43817
2026/08/28 14:18:07.748, 1, 100, 43801
2026/08/28 14:18:07.748, 2, 100, 43801
2026/08/28 14:18:07.748, 3, 100, 43801
2026/08/28 14:18:08.248, 0, 100, 43817
2026/08/28 14:18:08.248, 1, 100, 43801
2026/08/28 14:18:08.248, 2, 100, 43801
2026/08/28 14:18:08.248, 3, 100, 43801
2026/08/28 14:18:08.748, 0, 0, 43817
2026/08/28 14:18:08.748, 1, 0, 43801
2026/08/28 14:18:08.748, 2, 0, 43801
2026/08/28 14:18:08.748, 3, 0, 43801
2026/08/28 14:18:09.248, 0, 100, 43817
2026/08/28 14:18:09.248, 1, 100, 43801
2026/08/28 14:18:09.248, 2, 100, 43801
2026/08/28 14:18:09.248, 3, 100, 43801
2026/08/28 14:18:09.748, 0, 100, 43817
2026/08/28 14:18:09.748, 1, 100, 43801
2026/08/28 14:18:09.748, 2, 100, 43801
2026/08/28 14:18:09.748, 3, 100, 43801
2026/08/28 14:18:10.248, 0, 100, 43817
2026/08/28 14:18:10.249, 1, 100, 43801
2026/08/28 14:18:10.249, 2, 100, 43801
2026/08/28 14:18:10.249, 3, 100, 43801
2026/08/28 14:18:10.749, 0, 100, 43817
2026/08/28 14:18:10.749, 1, 100, 43801
2026/08/28 14:18:10.749, 2, 100, 43801
2026/08/28 14:18:10.749, 3, 100, 43801
2026/08/28 14:18:11.249, 0, 100, 43817
2026/08/28 14:18:11.249, 1, 100, 43801
2026/08/28 14:18:11.249, 2, 100, 43801
2026/08/28 14:18:11.249, 3, 100, 43801
2026/08/28 14:18:11.749, 0, 100, 43817
2026/08/28 14:18:11.749, 1, 100, 43801
2026/08/28 14:18:11.749, 2, 100, 43801
2026/08/28 14:18:11.749, 3, 100, 43801
2026/08/28 14:18:12.249, 0, 100, 43817
2026/08/28 14:18:12.249, 1, 100, 43801
2026/08/28 14:18:12.249, 2, 100, 43801
2026/08/28 14:18:12.249, 3, 100, 43801
2026/08/28 14:18:12.749, 0, 100, 43817
2026/08/28 14:18:12.749, 1, 100, 43801
2026/08/28 14:18:12.749, 2, 100, 43801
2026/08/28 14:18:12.750, 3, 100, 43801
2026/08/28 14:18:13.250, 0, 100, 43817
2026/08/28 14:18:13.250, 1, 100, 43801
2026/08/28 14:18:13.250, 2, 100, 43801
2026/08/28 14:18:13.250, 3, 100, 43801
2026/08/28 14:18:13.750, 0, 100, 43817
2026/08/28 14:18:13.750, 1, 100, 43801
2026/08/28 14:18:13.750, 2, 82, 43801
2026/08/28 14:18:13.750, 3, 100, 43801
2026/08/28 14:18:14.250, 0, 0, 43817
2026/08/28 14:18:14.250, 1, 1, 43801
2026/08/28 14:18:14.250, 2, 29, 43801
2026/08/28 14:18:14.250, 3, 0, 43801
2026/08/28 14:18:14.750, 0, 99, 43817
2026/08/28 14:18:14.750, 1, 100, 43801
2026/08/28 14:18:14.750, 2, 100, 43801
2026/08/28 14:18:14.750, 3, 100, 43801
2026/08/28 14:18:15.250, 0, 100, 43817
2026/08/28 14:18:15.251, 1, 100, 43801
2026/08/28 14:18:15.251, 2, 100, 43801
2026/08/28 14:18:15.251, 3, 100, 43801
2026/08/28 14:18:15.751, 0, 100, 43817
2026/08/28 14:18:15.751, 1, 100, 43801
2026/08/28 14:18:15.751, 2, 100, 43801
2026/08/28 14:18:15.751, 3, 100, 43801
2026/08/28 14:18:16.251, 0, 100, 43817
2026/08/28 14:18:16.251, 1, 100, 43801
2026/08/28 14:18:16.251, 2, 100, 43801
2026/08/28 14:18:16.251, 3, 100, 43801
2026/08/28 14:18:16.751, 0, 100, 43817
2026/08/28 14:18:16.751, 1, 100, 43801
2026/08/28 14:18:16.751, 2, 100, 43801
2026/08/28 14:18:16.751, 3, 100, 43801
2026/08/28 14:18:17.251, 0, 100, 43817
2026/08/28 14:18:17.251, 1, 100, 43801
2026/08/28 14:18:17.251, 2, 100, 43801
2026/08/28 14:18:17.251, 3, 100, 43801
2026/08/28 14:18:17.751, 0, 100, 43817
2026/08/28 14:18:17.752, 1, 100, 43801
2026/08/28 14:18:17.752, 2, 100, 43801
2026/08/28 14:18:17.752, 3, 100, 43801
2026/08/28 14:18:18.252, 0, 100, 43817
2026/08/28 14:18:18.252, 1, 100, 43801
2026/08/28 14:18:18.252, 2, 100, 43801
2026/08/28 14:18:18.252, 3, 100, 43801
2026/08/28 14:18:18.752, 0, 100, 43817
2026/08/28 14:18:18.752, 1, 100, 43801
2026/08/28 14:18:18.752, 2, 100, 43801
2026/08/28 14:18:18.752, 3, 100, 43801
2026/08/28 14:18:19.252, 0, 0, 43817
2026/08/28 14:18:19.252, 1, 0, 43801
2026/08/28 14:18:19.252, 2, 0, 43801
2026/08/28 14:18:19.252, 3, 0, 43801
2026/08/28 14:18:19.752, 0, 100, 43817
2026/08/28 14:18:19.752, 1, 100, 43801
2026/08/28 14:18:19.752, 2, 99, 43801
2026/08/28 14:18:19.752, 3, 100, 43801
2026/08/28 14:18:20.252, 0, 100, 43817
2026/08/28 14:18:20.253, 1, 100, 43801
2026/08/28 14:18:20.253, 2, 100, 43801
2026/08/28 14:18:20.253, 3, 100, 43801
2026/08/28 14:18:20.753, 0, 100, 43817
2026/08/28 14:18:20.753, 1, 100, 43801
2026/08/28 14:18:20.753, 2, 100, 43801
2026/08/28 14:18:20.753, 3, 100, 43801
2026/08/28 14:18:21.253, 0, 100, 43817
2026/08/28 14:18:21.253, 1, 100, 43801
2026/08/28 14:18:21.253, 2, 100, 43801
2026/08/28 14:18:21.253, 3, 100, 43801
2026/08/28 14:18:21.753, 0, 100, 43817
2026/08/28 14:18:21.753, 1, 100, 43801
2026/08/28 14:18:21.753, 2, 100, 43801
2026/08/28 14:18:21.753, 3, 100, 43801
2026/08/28 14:18:22.253, 0, 100, 43817
2026/08/28 14:18:22.253, 1, 100, 43801
2026/08/28 14:18:22.253, 2, 100, 43801
2026/08/28 14:18:22.253, 3, 100, 43801
2026/08/28 14:18:22.753, 0, 100, 43817
2026/08/28 14:18:22.753, 1, 100, 43801
2026/08/28 14:18:22.753, 2, 100, 43801
2026/08/28 14:18:22.753, 3, 100, 43801
2026/08/28 14:18:23.253, 0, 100, 43817
2026/08/28 14:18:23.253, 1, 100, 43801
2026/08/28 14:18:23.253, 2, 100, 43801
2026/08/28 14:18:23.254, 3, 100, 43801
2026/08/28 14:18:23.754, 0, 100, 43817
2026/08/28 14:18:23.754, 1, 100, 43801
2026/08/28 14:18:23.754, 2, 100, 43801
2026/08/28 14:18:23.754, 3, 100, 43801
2026/08/28 14:18:24.254, 0, 0, 43817
2026/08/28 14:18:24.254, 1, 0, 43801
2026/08/28 14:18:24.254, 2, 0, 43801
2026/08/28 14:18:24.254, 3, 0, 43801
2026/08/28 14:18:24.754, 0, 0, 43817
2026/08/28 14:18:24.754, 1, 56, 43801
2026/08/28 14:18:24.754, 2, 84, 43801
2026/08/28 14:18:24.754, 3, 6, 43801
2026/08/28 14:18:25.254, 0, 100, 43817
2026/08/28 14:18:25.254, 1, 100, 43801
2026/08/28 14:18:25.254, 2, 100, 43801
2026/08/28 14:18:25.254, 3, 100, 43801
2026/08/28 14:18:25.754, 0, 100, 43817
2026/08/28 14:18:25.754, 1, 100, 43801
2026/08/28 14:18:25.754, 2, 100, 43801
2026/08/28 14:18:25.754, 3, 100, 43801
2026/08/28 14:18:26.255, 0, 100, 43817
2026/08/28 14:18:26.255, 1, 100, 43801
2026/08/28 14:18:26.255, 2, 100, 43801
2026/08/28 14:18:26.255, 3, 100, 43801
2026/08/28 14:18:26.755, 0, 100, 43817
2026/08/28 14:18:26.755, 1, 100, 43801
2026/08/28 14:18:26.755, 2, 100, 43801
2026/08/28 14:18:26.755, 3, 100, 43801
2026/08/28 14:18:27.255, 0, 100, 43817
2026/08/28 14:18:27.255, 1, 100, 43801
2026/08/28 14:18:27.255, 2, 100, 43801
2026/08/28 14:18:27.255, 3, 100, 43801
2026/08/28 14:18:27.755, 0, 100, 43817
2026/08/28 14:18:27.755, 1, 100, 43801
2026/08/28 14:18:27.755, 2, 100, 43801
2026/08/28 14:18:27.755, 3, 100, 43801
2026/08/28 14:18:28.255, 0, 100, 43817
2026/08/28 14:18:28.255, 1, 100, 43801
2026/08/28 14:18:28.255, 2, 100, 43801
2026/08/28 14:18:28.255, 3, 100, 43801
2026/08/28 14:18:28.755, 0, 100, 43817
2026/08/28 14:18:28.755, 1, 100, 43801
2026/08/28 14:18:28.755, 2, 100, 43801
2026/08/28 14:18:28.755, 3, 100, 43801
2026/08/28 14:18:29.255, 0, 100, 43817
2026/08/28 14:18:29.256, 1, 51, 43801
2026/08/28 14:18:29.256, 2, 22, 43801
2026/08/28 14:18:29.256, 3, 100, 43801
2026/08/28 14:18:29.756, 0, 0, 43817
2026/08/28 14:18:29.756, 1, 0, 43801
2026/08/28 14:18:29.756, 2, 0, 43801
2026/08/28 14:18:29.756, 3, 0, 43801
2026/08/28 14:18:30.256, 0, 100, 43817
2026/08/28 14:18:30.256, 1, 100, 43801
2026/08/28 14:18:30.256, 2, 100, 43801
2026/08/28 14:18:30.256, 3, 100, 43801
2026/08/28 14:18:30.756, 0, 100, 43817
2026/08/28 14:18:30.756, 1, 100, 43801
2026/08/28 14:18:30.756, 2, 100, 43801
2026/08/28 14:18:30.756, 3, 100, 43801
2026/08/28 14:18:31.256, 0, 100, 43817
2026/08/28 14:18:31.256, 1, 100, 43801
2026/08/28 14:18:31.256, 2, 100, 43801
2026/08/28 14:18:31.256, 3, 100, 43801
2026/08/28 14:18:31.756, 0, 100, 43817
2026/08/28 14:18:31.756, 1, 100, 43801
2026/08/28 14:18:31.756, 2, 100, 43801
2026/08/28 14:18:31.756, 3, 100, 43801
2026/08/28 14:18:32.257, 0, 100, 43817
2026/08/28 14:18:32.257, 1, 100, 43801
2026/08/28 14:18:32.257, 2, 100, 43801
2026/08/28 14:18:32.257, 3, 100, 43801
2026/08/28 14:18:32.757, 0, 100, 43817
2026/08/28 14:18:32.757, 1, 100, 43801
2026/08/28 14:18:32.757, 2, 100, 43801
2026/08/28 14:18:32.757, 3, 100, 43801
2026/08/28 14:18:33.257, 0, 100, 43817
2026/08/28 14:18:33.257, 1, 100, 43801
2026/08/28 14:18:33.257, 2, 100, 43801
2026/08/28 14:18:33.257, 3, 100, 43801
2026/08/28 14:18:33.757, 0, 100, 43817
2026/08/28 14:18:33.757, 1, 100, 43801
2026/08/28 14:18:33.757, 2, 100, 43801
2026/08/28 14:18:33.757, 3, 100, 43801
2026/08/28 14:18:34.257, 0, 100, 43817
2026/08/28 14:18:34.257, 1, 100, 43801
2026/08/28 14:18:34.257, 2, 100, 43801
2026/08/28 14:18:34.257, 3, 100, 43801
2026/08/28 14:18:34.757, 0, 0, 43817
2026/08/28 14:18:34.757, 1, 0, 43801
2026/08/28 14:18:34.757, 2, 0, 43801
2026/08/28 14:18:34.757, 3, 0, 43801
2026/08/28 14:18:35.257, 0, 100, 43817
2026/08/28 14:18:35.258, 1, 100, 43801
2026/08/28 14:18:35.258, 2, 99, 43801
2026/08/28 14:18:35.258, 3, 99, 43801
2026/08/28 14:18:35.758, 0, 100, 43817
2026/08/28 14:18:35.758, 1, 100, 43801
2026/08/28 14:18:35.758, 2, 100, 43801
2026/08/28 14:18:35.758, 3, 100, 43801
2026/08/28 14:18:36.258, 0, 100, 43817
2026/08/28 14:18:36.258, 1, 100, 43801
2026/08/28 14:18:36.258, 2, 100, 43801
2026/08/28 14:18:36.258, 3, 100, 43801
2026/08/28 14:18:36.758, 0, 100, 43817
2026/08/28 14:18:36.758, 1, 100, 43801
2026/08/28 14:18:36.758, 2, 100, 43801
2026/08/28 14:18:36.758, 3, 100, 43801
2026/08/28 14:18:37.258, 0, 100, 43817
2026/08/28 14:18:37.258, 1, 100, 43801
2026/08/28 14:18:37.258, 2, 100, 43801
2026/08/28 14:18:37.258, 3, 100, 43801
2026/08/28 14:18:37.758, 0, 100, 43817
2026/08/28 14:18:37.758, 1, 100, 43801
2026/08/28 14:18:37.758, 2, 100, 43801
2026/08/28 14:18:37.758, 3, 100, 43801
2026/08/28 14:18:38.258, 0, 100, 43817
2026/08/28 14:18:38.258, 1, 100, 43801
2026/08/28 14:18:38.259, 2, 100, 43801
2026/08/28 14:18:38.259, 3, 100, 43801
2026/08/28 14:18:38.759, 0, 100, 43817
2026/08/28 14:18:38.759, 1, 100, 43801
2026/08/28 14:18:38.759, 2, 100, 43801
2026/08/28 14:18:38.759, 3, 100, 43801
2026/08/28 14:18:39.259, 0, 100, 43817
2026/08/28 14:18:39.259, 1, 100, 43801
2026/08/28 14:18:39.259, 2, 100, 43801
2026/08/28 14:18:39.259, 3, 100, 43801
2026/08/28 14:18:39.759, 0, 100, 43817
2026/08/28 14:18:39.759, 1, 34, 43801
2026/08/28 14:18:39.759, 2, 6, 43801
2026/08/28 14:18:39.759, 3, 0, 43801
2026/08/28 14:18:40.259, 0, 0, 43817
2026/08/28 14:18:40.259, 1, 53, 43801
2026/08/28 14:18:40.259, 2, 82, 43801
2026/08/28 14:18:40.259, 3, 100, 43801
2026/08/28 14:18:40.759, 0, 100, 43817
2026/08/28 14:18:40.759, 1, 100, 43801
2026/08/28 14:18:40.759, 2, 100, 43801
2026/08/28 14:18:40.759, 3, 100, 43801
2026/08/28 14:18:41.259, 0, 100, 43817
2026/08/28 14:18:41.259, 1, 100, 43801
2026/08/28 14:18:41.260, 2, 100, 43801
2026/08/28 14:18:41.260, 3, 100, 43801
2026/08/28 14:18:41.760, 0, 100, 43817
2026/08/28 14:18:41.760, 1, 100, 43801
2026/08/28 14:18:41.760, 2, 100, 43801
2026/08/28 14:18:41.760, 3, 100, 43801
2026/08/28 14:18:42.260, 0, 100, 43817
2026/08/28 14:18:42.260, 1, 100, 43801
2026/08/28 14:18:42.260, 2, 100, 43801
2026/08/28 14:18:42.260, 3, 100, 43801
2026/08/28 14:18:42.760, 0, 100, 43817
2026/08/28 14:18:42.760, 1, 100, 43801
2026/08/28 14:18:42.760, 2, 100, 43801
2026/08/28 14:18:42.760, 3, 100, 43801
2026/08/28 14:18:43.260, 0, 100, 43817
2026/08/28 14:18:43.260, 1, 100, 43801
2026/08/28 14:18:43.260, 2, 100, 43801
2026/08/28 14:18:43.260, 3, 100, 43801
2026/08/28 14:18:43.760, 0, 100, 43817
2026/08/28 14:18:43.760, 1, 100, 43801
2026/08/28 14:18:43.760, 2, 100, 43801
2026/08/28 14:18:43.760, 3, 100, 43801
2026/08/28 14:18:44.260, 0, 100, 43817
2026/08/28 14:18:44.260, 1, 100, 43801
2026/08/28 14:18:44.260, 2, 100, 43801
2026/08/28 14:18:44.260, 3, 100, 43801
2026/08/28 14:18:44.760, 0, 100, 43817
2026/08/28 14:18:44.761, 1, 100, 43801
2026/08/28 14:18:44.761, 2, 100, 43801
2026/08/28 14:18:44.761, 3, 100, 43801
2026/08/28 14:18:45.261, 0, 0, 43817
2026/08/28 14:18:45.261, 1, 0, 43801
2026/08/28 14:18:45.261, 2, 0, 43801
2026/08/28 14:18:45.261, 3, 0, 43801
2026/08/28 14:18:45.761, 0, 100, 43817
2026/08/28 14:18:45.761, 1, 99, 43801
2026/08/28 14:18:45.761, 2, 99, 43801
2026/08/28 14:18:45.761, 3, 100, 43801
2026/08/28 14:18:46.261, 0, 100, 43817
2026/08/28 14:18:46.261, 1, 100, 43801
2026/08/28 14:18:46.261, 2, 100, 43801
2026/08/28 14:18:46.261, 3, 100, 43801
2026/08/28 14:18:46.761, 0, 100, 43817
2026/08/28 14:18:46.761, 1, 100, 43801
2026/08/28 14:18:46.761, 2, 100, 43801
2026/08/28 14:18:46.761, 3, 100, 43801
2026/08/28 14:18:47.262, 0, 100, 43817
2026/08/28 14:18:47.262, 1, 100, 43801
2026/08/28 14:18:47.262, 2, 100, 43801
2026/08/28 14:18:47.262, 3, 100, 43801
2026/08/28 14:18:47.762, 0, 100, 43817
2026/08/28 14:18:47.762, 1, 100, 43801
2026/08/28 14:18:47.762, 2, 100, 43801
2026/08/28 14:18:47.762, 3, 100, 43801
2026/08/28 14:18:48.262, 0, 100, 43817
2026/08/28 14:18:48.262, 1, 100, 43801
2026/08/28 14:18:48.262, 2, 100, 43801
2026/08/28 14:18:48.262, 3, 100, 43801
2026/08/28 14:18:48.762, 0, 100, 43817
2026/08/28 14:18:48.762, 1, 100, 43801
2026/08/28 14:18:48.762, 2, 100, 43801
2026/08/28 14:18:48.762, 3, 100, 43801
2026/08/28 14:18:49.262, 0, 100, 43817
2026/08/28 14:18:49.262, 1, 100, 43801
2026/08/28 14:18:49.262, 2, 100, 43801
2026/08/28 14:18:49.262, 3, 100, 43801
2026/08/28 14:18:49.762, 0, 100, 43817
2026/08/28 14:18:49.762, 1, 100, 43801
2026/08/28 14:18:49.762, 2, 100, 43801
2026/08/28 14:18:49.762, 3, 100, 43801
2026/08/28 14:18:50.263, 0, 0, 43817
2026/08/28 14:18:50.263, 1, 0, 43801
2026/08/28 14:18:50.263, 2, 0, 43801
2026/08/28 14:18:50.263, 3, 0, 43801
2026/08/28 14:18:50.763, 0, 67, 43817
2026/08/28 14:18:50.763, 1, 100, 43801
2026/08/28 14:18:50.763, 2, 100, 43801
2026/08/28 14:18:50.763, 3, 100, 43801
2026/08/28 14:18:51.263, 0, 100, 43817
2026/08/28 14:18:51.263, 1, 100, 43801
2026/08/28 14:18:51.263, 2, 100, 43801
2026/08/28 14:18:51.263, 3, 100, 43801
2026/08/28 14:18:51.763, 0, 100, 43817
2026/08/28 14:18:51.763, 1, 100, 43801
2026/08/28 14:18:51.763, 2, 100, 43801
2026/08/28 14:18:51.763, 3, 100, 43801
2026/08/28 14:18:52.263, 0, 100, 43817
2026/08/28 14:18:52.263, 1, 100, 43801
2026/08/28 14:18:52.263, 2, 100, 43801
2026/08/28 14:18:52.263, 3, 100, 43801
2026/08/28 14:18:52.764, 0, 100, 43817
2026/08/28 14:18:52.764, 1, 100, 43801
2026/08/28 14:18:52.764, 2, 100, 43801
2026/08/28 14:18:52.764, 3, 100, 43801
2026/08/28 14:18:53.264, 0, 100, 43817
2026/08/28 14:18:53.264, 1, 100, 43801
2026/08/28 14:18:53.264, 2, 100, 43801
2026/08/28 14:18:53.264, 3, 100, 43801
2026/08/28 14:18:53.764, 0, 100, 43817
2026/08/28 14:18:53.764, 1, 100, 43801
2026/08/28 14:18:53.764, 2, 100, 43801
2026/08/28 14:18:53.764, 3, 100, 43801
2026/08/28 14:18:54.264, 0, 100, 43817
2026/08/28 14:18:54.264, 1, 100, 43801
2026/08/28 14:18:54.264, 2, 100, 43801
2026/08/28 14:18:54.264, 3, 100, 43801
2026/08/28 14:18:54.764, 0, 100, 43817
2026/08/28 14:18:54.764, 1, 100, 43801
2026/08/28 14:18:54.764, 2, 100, 43801
2026/08/28 14:18:54.764, 3, 100, 43801
2026/08/28 14:18:55.264, 0, 45, 43817
2026/08/28 14:18:55.264, 1, 0, 43801
2026/08/28 14:18:55.264, 2, 0, 43801
2026/08/28 14:18:55.264, 3, 0, 43801
2026/08/28 14:18:55.765, 0, 0, 43817
2026/08/28 14:18:55.765, 1, 0, 43801
2026/08/28 14:18:55.765, 2, 11, 43801
2026/08/28 14:18:55.765, 3, 20, 43801
2026/08/28 14:18:56.265, 0, 100, 43817
2026/08/28 14:18:56.265, 1, 100, 43801
2026/08/28 14:18:56.265, 2, 100, 43801
2026/08/28 14:18:56.265, 3, 100, 43801
2026/08/28 14:18:56.765, 0, 100, 43817
2026/08/28 14:18:56.765, 1, 100, 43801
2026/08/28 14:18:56.765, 2, 100, 43801
2026/08/28 14:18:56.765, 3, 100, 43801
2026/08/28 14:18:57.265, 0, 100, 43817
2026/08/28 14:18:57.265, 1, 100, 43801
2026/08/28 14:18:57.265, 2, 100, 43801
2026/08/28 14:18:57.265, 3, 100, 43801
2026/08/28 14:18:57.765, 0, 100, 43817
2026/08/28 14:18:57.765, 1, 100, 43801
2026/08/28 14:18:57.765, 2, 100, 43801
2026/08/28 14:18:57.765, 3, 100, 43801
2026/08/28 14:18:58.266, 0, 100, 43817
2026/08/28 14:18:58.266, 1, 100, 43801
2026/08/28 14:18:58.266, 2, 100, 43801
2026/08/28 14:18:58.266, 3, 100, 43801
2026/08/28 14:18:58.766, 0, 100, 43817
2026/08/28 14:18:58.766, 1, 100, 43801
2026/08/28 14:18:58.766, 2, 100, 43801
2026/08/28 14:18:58.766, 3, 100, 43801
2026/08/28 14:18:59.266, 0, 100, 43817
2026/08/28 14:18:59.266, 1, 100, 43801
2026/08/28 14:18:59.266, 2, 100, 43801
2026/08/28 14:18:59.266, 3, 100, 43801
2026/08/28 14:18:59.766, 0, 99, 43817
2026/08/28 14:18:59.766, 1, 100, 43801
2026/08/28 14:18:59.766, 2, 100, 43801
2026/08/28 14:18:59.766, 3, 100, 43801
2026/08/28 14:19:00.266, 0, 100, 43817
2026/08/28 14:19:00.266, 1, 100, 43801
2026/08/28 14:19:00.266, 2, 100, 43801
2026/08/28 14:19:00.266, 3, 100, 43801
2026/08/28 14:19:00.766, 0, 0, 43817
2026/08/28 14:19:00.766, 1, 0, 43801
2026/08/28 14:19:00.766, 2, 0, 43801
2026/08/28 14:19:00.766, 3, 0, 43801
2026/08/28 14:19:01.266, 0, 100, 43817
2026/08/28 14:19:01.267, 1, 100, 43801
2026/08/28 14:19:01.267, 2, 100, 43801
2026/08/28 14:19:01.267, 3, 100, 43801
2026/08/28 14:19:01.767, 0, 100, 43817
2026/08/28 14:19:01.767, 1, 100, 43801
2026/08/28 14:19:01.767, 2, 100, 43801
2026/08/28 14:19:01.767, 3, 100, 43801
2026/08/28 14:19:02.267, 0, 100, 43817
2026/08/28 14:19:02.267, 1, 100, 43801
2026/08/28 14:19:02.267, 2, 100, 43801
2026/08/28 14:19:02.267, 3, 100, 43801
2026/08/28 14:19:02.767, 0, 100, 43817
2026/08/28 14:19:02.767, 1, 100, 43801
2026/08/28 14:19:02.767, 2, 100, 43801
2026/08/28 14:19:02.767, 3, 100, 43801
2026/08/28 14:19:03.267, 0, 100, 43817
2026/08/28 14:19:03.267, 1, 100, 43801
2026/08/28 14:19:03.267, 2, 100, 43801
2026/08/28 14:19:03.267, 3, 100, 43801
2026/08/28 14:19:03.767, 0, 100, 43817
2026/08/28 14:19:03.767, 1, 100, 43801
2026/08/28 14:19:03.767, 2, 100, 43801
2026/08/28 14:19:03.767, 3, 100, 43801
2026/08/28 14:19:04.267, 0, 100, 43817
2026/08/28 14:19:04.268, 1, 100, 43801
2026/08/28 14:19:04.268, 2, 100, 43801
2026/08/28 14:19:04.268, 3, 100, 43801
2026/08/28 14:19:04.768, 0, 100, 43817
2026/08/28 14:19:04.768, 1, 100, 43801
2026/08/28 14:19:04.768, 2, 100, 43801
2026/08/28 14:19:04.768, 3, 100, 43801
2026/08/28 14:19:05.268, 0, 100, 43817
2026/08/28 14:19:05.268, 1, 100, 43801
2026/08/28 14:19:05.268, 2, 100, 43801
2026/08/28 14:19:05.268, 3, 100, 43801
2026/08/28 14:19:05.768, 0, 0, 43817
2026/08/28 14:19:05.768, 1, 0, 43801
2026/08/28 14:19:05.768, 2, 0, 43801
2026/08/28 14:19:05.768, 3, 0, 43801
2026/08/28 14:19:06.268, 0, 100, 43817
2026/08/28 14:19:06.268, 1, 100, 43801
2026/08/28 14:19:06.268, 2, 100, 43801
2026/08/28 14:19:06.268, 3, 100, 43801
2026/08/28 14:19:06.768, 0, 100, 43817
2026/08/28 14:19:06.768, 1, 100, 43801
2026/08/28 14:19:06.768, 2, 100, 43801
2026/08/28 14:19:06.768, 3, 100, 43801
2026/08/28 14:19:07.268, 0, 100, 43817
2026/08/28 14:19:07.269, 1, 100, 43801
2026/08/28 14:19:07.269, 2, 100, 43801
2026/08/28 14:19:07.269, 3, 100, 43801
2026/08/28 14:19:07.769, 0, 100, 43817
2026/08/28 14:19:07.769, 1, 100, 43801
2026/08/28 14:19:07.769, 2, 100, 43801
2026/08/28 14:19:07.769, 3, 100, 43801
2026/08/28 14:19:08.269, 0, 99, 43817
2026/08/28 14:19:08.269, 1, 100, 43801
2026/08/28 14:19:08.269, 2, 100, 43801
2026/08/28 14:19:08.269, 3, 100, 43801
2026/08/28 14:19:08.769, 0, 100, 43817
2026/08/28 14:19:08.769, 1, 100, 43801
2026/08/28 14:19:08.769, 2, 100, 43801
2026/08/28 14:19:08.769, 3, 100, 43801
2026/08/28 14:19:09.269, 0, 100, 43817
2026/08/28 14:19:09.269, 1, 100, 43801
2026/08/28 14:19:09.269, 2, 100, 43801
2026/08/28 14:19:09.269, 3, 100, 43801
2026/08/28 14:19:09.769, 0, 100, 43817
2026/08/28 14:19:09.769, 1, 100, 43801
2026/08/28 14:19:09.769, 2, 100, 43801
2026/08/28 14:19:09.769, 3, 100, 43801
2026/08/28 14:19:10.269, 0, 100, 43817
2026/08/28 14:19:10.270, 1, 100, 43801
2026/08/28 14:19:10.270, 2, 100, 43801
2026/08/28 14:19:10.270, 3, 100, 43801
2026/08/28 14:19:10.770, 0, 100, 43817
2026/08/28 14:19:10.770, 1, 100, 43801
2026/08/28 14:19:10.770, 2, 100, 43801
2026/08/28 14:19:10.770, 3, 83, 43801
2026/08/28 14:19:11.270, 0, 17, 43817
2026/08/28 14:19:11.270, 1, 1, 43801
2026/08/28 14:19:11.270, 2, 21, 43801
2026/08/28 14:19:11.270, 3, 39, 43801
2026/08/28 14:19:11.770, 0, 100, 43817
2026/08/28 14:19:11.770, 1, 100, 43801
2026/08/28 14:19:11.770, 2, 100, 43801
2026/08/28 14:19:11.770, 3, 100, 43801
2026/08/28 14:19:12.270, 0, 100, 43817
2026/08/28 14:19:12.270, 1, 100, 43801
2026/08/28 14:19:12.270, 2, 100, 43801
2026/08/28 14:19:12.270, 3, 100, 43801
2026/08/28 14:19:12.770, 0, 100, 43817
2026/08/28 14:19:12.770, 1, 100, 43801
2026/08/28 14:19:12.770, 2, 100, 43801
2026/08/28 14:19:12.770, 3, 100, 43801
2026/08/28 14:19:13.270, 0, 100, 43817
2026/08/28 14:19:13.271, 1, 100, 43801
2026/08/28 14:19:13.271, 2, 100, 43801
2026/08/28 14:19:13.271, 3, 100, 43801
2026/08/28 14:19:13.771, 0, 100, 43817
2026/08/28 14:19:13.771, 1, 100, 43801
2026/08/28 14:19:13.771, 2, 100, 43801
2026/08/28 14:19:13.771, 3, 100, 43801
2026/08/28 14:19:14.271, 0, 100, 43817
2026/08/28 14:19:14.271, 1, 100, 43801
2026/08/28 14:19:14.271, 2, 100, 43801
2026/08/28 14:19:14.271, 3, 100, 43801
2026/08/28 14:19:14.771, 0, 100, 43817
2026/08/28 14:19:14.771, 1, 100, 43801
2026/08/28 14:19:14.771, 2, 100, 43801
2026/08/28 14:19:14.771, 3, 100, 43801
2026/08/28 14:19:15.271, 0, 100, 43817
2026/08/28 14:19:15.273, 1, 100, 43801
2026/08/28 14:19:15.273, 2, 100, 43801
2026/08/28 14:19:15.273, 3, 100, 43801
2026/08/28 14:19:15.773, 0, 100, 43817
2026/08/28 14:19:15.774, 1, 100, 43801
2026/08/28 14:19:15.774, 2, 100, 43801
2026/08/28 14:19:15.774, 3, 100, 43801
2026/08/28 14:19:16.274, 0, 0, 43817
2026/08/28 14:19:16.274, 1, 0, 43801
2026/08/28 14:19:16.274, 2, 0, 43801
2026/08/28 14:19:16.274, 3, 0, 43801
2026/08/28 14:19:16.774, 0, 100, 43817
2026/08/28 14:19:16.774, 1, 100, 43801
2026/08/28 14:19:16.774, 2, 99, 43801
2026/08/28 14:19:16.774, 3, 99, 43801
2026/08/28 14:19:17.274, 0, 100, 43817
2026/08/28 14:19:17.274, 1, 100, 43801
2026/08/28 14:19:17.274, 2, 100, 43801
2026/08/28 14:19:17.274, 3, 100, 43801
2026/08/28 14:19:17.774, 0, 100, 43817
2026/08/28 14:19:17.774, 1, 100, 43801
2026/08/28 14:19:17.774, 2, 100, 43801
2026/08/28 14:19:17.774, 3, 100, 43801
2026/08/28 14:19:18.274, 0, 100, 43817
2026/08/28 14:19:18.274, 1, 100, 43801
2026/08/28 14:19:18.274, 2, 100, 43801
2026/08/28 14:19:18.274, 3, 100, 43801
2026/08/28 14:19:18.775, 0, 100, 43817
2026/08/28 14:19:18.775, 1, 100, 43801
2026/08/28 14:19:18.775, 2, 100, 43801
2026/08/28 14:19:18.775, 3, 100, 43801
2026/08/28 14:19:19.275, 0, 100, 43817
2026/08/28 14:19:19.275, 1, 100, 43801
2026/08/28 14:19:19.275, 2, 100, 43801
2026/08/28 14:19:19.275, 3, 100, 43801
2026/08/28 14:19:19.775, 0, 100, 43817
2026/08/28 14:19:19.775, 1, 100, 43801
2026/08/28 14:19:19.775, 2, 100, 43801
2026/08/28 14:19:19.775, 3, 100, 43801
2026/08/28 14:19:20.275, 0, 100, 43817
2026/08/28 14:19:20.275, 1, 100, 43801
2026/08/28 14:19:20.275, 2, 100, 43801
2026/08/28 14:19:20.275, 3, 100, 43801
2026/08/28 14:19:20.775, 0, 100, 43817
2026/08/28 14:19:20.775, 1, 100, 43801
2026/08/28 14:19:20.775, 2, 100, 43801
2026/08/28 14:19:20.775, 3, 100, 43801
2026/08/28 14:19:21.275, 0, 0, 43817
2026/08/28 14:19:21.275, 1, 0, 43801
2026/08/28 14:19:21.275, 2, 0, 43801
2026/08/28 14:19:21.275, 3, 0, 43801
2026/08/28 14:19:21.775, 0, 82, 43817
2026/08/28 14:19:21.776, 1, 64, 43801
2026/08/28 14:19:21.776, 2, 92, 43801
2026/08/28 14:19:21.776, 3, 100, 43801
2026/08/28 14:19:22.276, 0, 100, 43817
2026/08/28 14:19:22.276, 1, 100, 43801
2026/08/28 14:19:22.276, 2, 100, 43801
2026/08/28 14:19:22.276, 3, 100, 43801
2026/08/28 14:19:22.776, 0, 100, 43817
2026/08/28 14:19:22.776, 1, 100, 43801
2026/08/28 14:19:22.776, 2, 100, 43801
2026/08/28 14:19:22.776, 3, 100, 43801
2026/08/28 14:19:23.276, 0, 100, 43817
2026/08/28 14:19:23.276, 1, 100, 43801
2026/08/28 14:19:23.276, 2, 100, 43801
2026/08/28 14:19:23.276, 3, 100, 43801
2026/08/28 14:19:23.776, 0, 100, 43817
2026/08/28 14:19:23.776, 1, 100, 43801
2026/08/28 14:19:23.776, 2, 100, 43801
2026/08/28 14:19:23.776, 3, 100, 43801
2026/08/28 14:19:24.276, 0, 100, 43817
2026/08/28 14:19:24.276, 1, 100, 43801
2026/08/28 14:19:24.276, 2, 100, 43801
2026/08/28 14:19:24.276, 3, 100, 43801
2026/08/28 14:19:24.776, 0, 100, 43817
2026/08/28 14:19:24.776, 1, 100, 43801
2026/08/28 14:19:24.776, 2, 100, 43801
2026/08/28 14:19:24.776, 3, 100, 43801
2026/08/28 14:19:25.277, 0, 100, 43817
2026/08/28 14:19:25.277, 1, 100, 43801
2026/08/28 14:19:25.277, 2, 100, 43801
2026/08/28 14:19:25.277, 3, 100, 43801
2026/08/28 14:19:25.777, 0, 100, 43817
2026/08/28 14:19:25.777, 1, 100, 43801
2026/08/28 14:19:25.777, 2, 100, 43801
2026/08/28 14:19:25.777, 3, 100, 43801
2026/08/28 14:19:26.277, 0, 25, 43817
2026/08/28 14:19:26.277, 1, 43, 43801
2026/08/28 14:19:26.277, 2, 15, 43801
2026/08/28 14:19:26.277, 3, 0, 43801
2026/08/28 14:19:26.777, 0, 0, 43817
2026/08/28 14:19:26.777, 1, 0, 43801
2026/08/28 14:19:26.777, 2, 0, 43801
2026/08/28 14:19:26.777, 3, 0, 43801
2026/08/28 14:19:27.277, 0, 100, 43817
2026/08/28 14:19:27.277, 1, 100, 43801
2026/08/28 14:19:27.277, 2, 100, 43801
2026/08/28 14:19:27.277, 3, 100, 43801
2026/08/28 14:19:27.777, 0, 100, 43817
2026/08/28 14:19:27.778, 1, 100, 43801
2026/08/28 14:19:27.778, 2, 100, 43801
2026/08/28 14:19:27.778, 3, 100, 43801
2026/08/28 14:19:28.278, 0, 100, 43817
2026/08/28 14:19:28.278, 1, 100, 43801
2026/08/28 14:19:28.278, 2, 100, 43801
2026/08/28 14:19:28.278, 3, 100, 43801
2026/08/28 14:19:28.778, 0, 100, 43817
2026/08/28 14:19:28.778, 1, 100, 43801
2026/08/28 14:19:28.778, 2, 100, 43801
2026/08/28 14:19:28.778, 3, 100, 43801
2026/08/28 14:19:29.278, 0, 100, 43817
2026/08/28 14:19:29.278, 1, 100, 43801
2026/08/28 14:19:29.278, 2, 100, 43801
2026/08/28 14:19:29.278, 3, 100, 43801
2026/08/28 14:19:29.778, 0, 100, 43817
2026/08/28 14:19:29.778, 1, 100, 43801
2026/08/28 14:19:29.778, 2, 100, 43801
2026/08/28 14:19:29.778, 3, 100, 43801
2026/08/28 14:19:30.278, 0, 100, 43817
2026/08/28 14:19:30.278, 1, 100, 43801
2026/08/28 14:19:30.278, 2, 100, 43801
2026/08/28 14:19:30.278, 3, 100, 43801
2026/08/28 14:19:30.778, 0, 100, 43817
2026/08/28 14:19:30.778, 1, 100, 43801
2026/08/28 14:19:30.778, 2, 100, 43801
2026/08/28 14:19:30.779, 3, 100, 43801
2026/08/28 14:19:31.279, 0, 100, 43817
2026/08/28 14:19:31.279, 1, 100, 43801
2026/08/28 14:19:31.279, 2, 100, 43801
2026/08/28 14:19:31.279, 3, 100, 43801
2026/08/28 14:19:31.779, 0, 0, 43817
2026/08/28 14:19:31.779, 1, 0, 43801
2026/08/28 14:19:31.779, 2, 0, 43801
2026/08/28 14:19:31.779, 3, 0, 43801
2026/08/28 14:19:32.279, 0, 100, 43817
2026/08/28 14:19:32.279, 1, 99, 43801
2026/08/28 14:19:32.279, 2, 100, 43801
2026/08/28 14:19:32.279, 3, 100, 43801
2026/08/28 14:19:32.779, 0, 100, 43817
2026/08/28 14:19:32.779, 1, 100, 43801
2026/08/28 14:19:32.779, 2, 100, 43801
2026/08/28 14:19:32.779, 3, 100, 43801
2026/08/28 14:19:33.279, 0, 100, 43817
2026/08/28 14:19:33.279, 1, 100, 43801
2026/08/28 14:19:33.279, 2, 100, 43801
2026/08/28 14:19:33.279, 3, 100, 43801
2026/08/28 14:19:33.779, 0, 100, 43817
2026/08/28 14:19:33.780, 1, 100, 43801
2026/08/28 14:19:33.780, 2, 100, 43801
2026/08/28 14:19:33.780, 3, 100, 43801
2026/08/28 14:19:34.280, 0, 100, 43817
2026/08/28 14:19:34.280, 1, 100, 43801
2026/08/28 14:19:34.280, 2, 100, 43801
2026/08/28 14:19:34.280, 3, 100, 43801
2026/08/28 14:19:34.780, 0, 100, 43817
2026/08/28 14:19:34.780, 1, 100, 43801
2026/08/28 14:19:34.780, 2, 100, 43801
2026/08/28 14:19:34.780, 3, 100, 43801
2026/08/28 14:19:35.280, 0, 100, 43817
2026/08/28 14:19:35.280, 1, 100, 43801
2026/08/28 14:19:35.280, 2, 100, 43801
2026/08/28 14:19:35.280, 3, 100, 43801
2026/08/28 14:19:35.780, 0, 100, 43817
2026/08/28 14:19:35.780, 1, 100, 43801
2026/08/28 14:19:35.780, 2, 100, 43801
2026/08/28 14:19:35.780, 3, 100, 43801
2026/08/28 14:19:36.280, 0, 100, 43817
2026/08/28 14:19:36.280, 1, 100, 43801
2026/08/28 14:19:36.280, 2, 100, 43801
2026/08/28 14:19:36.280, 3, 100, 43801
2026/08/28 14:19:36.780, 0, 0, 43817
2026/08/28 14:19:36.780, 1, 0, 43801
2026/08/28 14:19:36.780, 2, 0, 43801
2026/08/28 14:19:36.780, 3, 0, 43801
2026/08/28 14:19:37.280, 0, 100, 43817
2026/08/28 14:19:37.280, 1, 100, 43801
2026/08/28 14:19:37.281, 2, 100, 43801
2026/08/28 14:19:37.281, 3, 100, 43801
2026/08/28 14:19:37.781, 0, 100, 43817
2026/08/28 14:19:37.781, 1, 100, 43801
2026/08/28 14:19:37.781, 2, 100, 43801
2026/08/28 14:19:37.781, 3, 100, 43801
2026/08/28 14:19:38.281, 0, 100, 43817
2026/08/28 14:19:38.281, 1, 100, 43801
2026/08/28 14:19:38.281, 2, 100, 43801
2026/08/28 14:19:38.281, 3, 100, 43801
2026/08/28 14:19:38.781, 0, 100, 43817
2026/08/28 14:19:38.781, 1, 100, 43801
2026/08/28 14:19:38.781, 2, 100, 43801
2026/08/28 14:19:38.781, 3, 100, 43801
2026/08/28 14:19:39.281, 0, 100, 43817
2026/08/28 14:19:39.281, 1, 100, 43801
2026/08/28 14:19:39.281, 2, 100, 43801
2026/08/28 14:19:39.281, 3, 100, 43801
2026/08/28 14:19:39.781, 0, 100, 43817
2026/08/28 14:19:39.781, 1, 100, 43801
2026/08/28 14:19:39.781, 2, 100, 43801
2026/08/28 14:19:39.781, 3, 100, 43801
2026/08/28 14:19:40.281, 0, 100, 43817
2026/08/28 14:19:40.282, 1, 100, 43801
2026/08/28 14:19:40.282, 2, 100, 43801
2026/08/28 14:19:40.282, 3, 100, 43801
2026/08/28 14:19:40.782, 0, 100, 43817
2026/08/28 14:19:40.782, 1, 100, 43801
2026/08/28 14:19:40.782, 2, 100, 43801
2026/08/28 14:19:40.782, 3, 100, 43801
2026/08/28 14:19:41.282, 0, 100, 43817
2026/08/28 14:19:41.282, 1, 100, 43801
2026/08/28 14:19:41.282, 2, 100, 43801
2026/08/28 14:19:41.282, 3, 100, 43801
2026/08/28 14:19:41.782, 0, 100, 43817
2026/08/28 14:19:41.782, 1, 100, 43801
2026/08/28 14:19:41.782, 2, 89, 43801
2026/08/28 14:19:41.782, 3, 70, 43801
2026/08/28 14:19:42.282, 0, 5, 43817
2026/08/28 14:19:42.282, 1, 0, 43801
2026/08/28 14:19:42.282, 2, 16, 43801
2026/08/28 14:19:42.282, 3, 35, 43801
2026/08/28 14:19:42.782, 0, 100, 43817
2026/08/28 14:19:42.782, 1, 100, 43801
2026/08/28 14:19:42.782, 2, 100, 43801
2026/08/28 14:19:42.782, 3, 100, 43801
2026/08/28 14:19:43.282, 0, 100, 43817
2026/08/28 14:19:43.283, 1, 100, 43801
2026/08/28 14:19:43.283, 2, 100, 43801
2026/08/28 14:19:43.283, 3, 100, 43801
2026/08/28 14:19:43.783, 0, 100, 43817
2026/08/28 14:19:43.783, 1, 100, 43801
2026/08/28 14:19:43.783, 2, 100, 43801
2026/08/28 14:19:43.783, 3, 100, 43801
2026/08/28 14:19:44.283, 0, 100, 43817
2026/08/28 14:19:44.283, 1, 100, 43801
2026/08/28 14:19:44.283, 2, 100, 43801
2026/08/28 14:19:44.283, 3, 100, 43801
2026/08/28 14:19:44.783, 0, 100, 43817
2026/08/28 14:19:44.783, 1, 100, 43801
2026/08/28 14:19:44.783, 2, 100, 43801
2026/08/28 14:19:44.783, 3, 100, 43801
2026/08/28 14:19:45.283, 0, 100, 43817
2026/08/28 14:19:45.283, 1, 100, 43801
2026/08/28 14:19:45.283, 2, 100, 43801
2026/08/28 14:19:45.283, 3, 100, 43801
2026/08/28 14:19:45.783, 0, 100, 43817
2026/08/28 14:19:45.783, 1, 100, 43801
2026/08/28 14:19:45.783, 2, 100, 43801
2026/08/28 14:19:45.783, 3, 100, 43801
2026/08/28 14:19:46.283, 0, 100, 43817
2026/08/28 14:19:46.283, 1, 100, 43801
2026/08/28 14:19:46.283, 2, 100, 43801
2026/08/28 14:19:46.283, 3, 100, 43801
2026/08/28 14:19:46.784, 0, 100, 43817
2026/08/28 14:19:46.784, 1, 100, 43801
2026/08/28 14:19:46.784, 2, 100, 43801
2026/08/28 14:19:46.784, 3, 100, 43801
2026/08/28 14:19:47.284, 0, 0, 43817
2026/08/28 14:19:47.284, 1, 0, 43801
2026/08/28 14:19:47.284, 2, 0, 43801
2026/08/28 14:19:47.284, 3, 0, 43801
2026/08/28 14:19:47.784, 0, 100, 43817
2026/08/28 14:19:47.784, 1, 100, 43801
2026/08/28 14:19:47.784, 2, 100, 43801
2026/08/28 14:19:47.784, 3, 100, 43801
2026/08/28 14:19:48.284, 0, 100, 43817
2026/08/28 14:19:48.284, 1, 100, 43801
2026/08/28 14:19:48.284, 2, 100, 43801
2026/08/28 14:19:48.284, 3, 100, 43801
2026/08/28 14:19:48.784, 0, 100, 43817
2026/08/28 14:19:48.784, 1, 100, 43801
2026/08/28 14:19:48.784, 2, 100, 43801
2026/08/28 14:19:48.784, 3, 100, 43801
2026/08/28 14:19:49.285, 0, 100, 43817
2026/08/28 14:19:49.285, 1, 100, 43801
2026/08/28 14:19:49.285, 2, 100, 43801
2026/08/28 14:19:49.285, 3, 100, 43801
2026/08/28 14:19:49.785, 0, 100, 43817
2026/08/28 14:19:49.785, 1, 100, 43801
2026/08/28 14:19:49.785, 2, 100, 43801
2026/08/28 14:19:49.785, 3, 100, 43801
2026/08/28 14:19:50.285, 0, 100, 43817
2026/08/28 14:19:50.285, 1, 100, 43801
2026/08/28 14:19:50.285, 2, 100, 43801
2026/08/28 14:19:50.285, 3, 100, 43801
2026/08/28 14:19:50.785, 0, 100, 43817
2026/08/28 14:19:50.785, 1, 100, 43801
2026/08/28 14:19:50.785, 2, 100, 43801
2026/08/28 14:19:50.785, 3, 100, 43801
2026/08/28 14:19:51.285, 0, 100, 43817
2026/08/28 14:19:51.285, 1, 100, 43801
2026/08/28 14:19:51.285, 2, 100, 43801
2026/08/28 14:19:51.285, 3, 100, 43801
2026/08/28 14:19:51.785, 0, 100, 43817
2026/08/28 14:19:51.785, 1, 100, 43801
2026/08/28 14:19:51.785, 2, 100, 43801
2026/08/28 14:19:51.785, 3, 100, 43801
2026/08/28 14:19:52.286, 0, 0, 43817
2026/08/28 14:19:52.286, 1, 0, 43801
2026/08/28 14:19:52.286, 2, 0, 43801
2026/08/28 14:19:52.286, 3, 0, 43801
2026/08/28 14:19:52.786, 0, 75, 43817
2026/08/28 14:19:52.786, 1, 57, 43801
2026/08/28 14:19:52.786, 2, 86, 43801
2026/08/28 14:19:52.786, 3, 96, 43801
2026/08/28 14:19:53.286, 0, 100, 43817
2026/08/28 14:19:53.286, 1, 100, 43801
2026/08/28 14:19:53.286, 2, 100, 43801
2026/08/28 14:19:53.286, 3, 100, 43801
2026/08/28 14:19:53.786, 0, 100, 43817
2026/08/28 14:19:53.786, 1, 100, 43801
2026/08/28 14:19:53.786, 2, 100, 43801
2026/08/28 14:19:53.786, 3, 100, 43801
2026/08/28 14:19:54.286, 0, 100, 43817
2026/08/28 14:19:54.286, 1, 100, 43801
2026/08/28 14:19:54.286, 2, 100, 43801
2026/08/28 14:19:54.287, 3, 100, 43801
2026/08/28 14:19:54.787, 0, 100, 43817
2026/08/28 14:19:54.787, 1, 100, 43801
2026/08/28 14:19:54.787, 2, 100, 43801
2026/08/28 14:19:54.787, 3, 100, 43801
2026/08/28 14:19:55.287, 0, 100, 43817
2026/08/28 14:19:55.287, 1, 100, 43801
2026/08/28 14:19:55.287, 2, 100, 43801
2026/08/28 14:19:55.287, 3, 100, 43801
2026/08/28 14:19:55.787, 0, 100, 43817
2026/08/28 14:19:55.787, 1, 100, 43801
2026/08/28 14:19:55.787, 2, 100, 43801
2026/08/28 14:19:55.787, 3, 100, 43801
2026/08/28 14:19:56.287, 0, 100, 43817
2026/08/28 14:19:56.287, 1, 100, 43801
2026/08/28 14:19:56.287, 2, 100, 43801
2026/08/28 14:19:56.287, 3, 100, 43801
2026/08/28 14:19:56.787, 0, 100, 43817
2026/08/28 14:19:56.787, 1, 100, 43801
2026/08/28 14:19:56.787, 2, 100, 43801
2026/08/28 14:19:56.788, 3, 100, 43801
2026/08/28 14:19:57.288, 0, 27, 43817
2026/08/28 14:19:57.288, 1, 0, 43801
2026/08/28 14:19:57.288, 2, 0, 43801
2026/08/28 14:19:57.288, 3, 0, 43801
2026/08/28 14:19:57.788, 0, 0, 43817
2026/08/28 14:19:57.788, 1, 0, 43801
2026/08/28 14:19:57.788, 2, 13, 43801
2026/08/28 14:19:57.788, 3, 0, 43801
2026/08/28 14:19:58.288, 0, 100, 43817
2026/08/28 14:19:58.288, 1, 100, 43801
2026/08/28 14:19:58.288, 2, 100, 43801
2026/08/28 14:19:58.288, 3, 100, 43801
2026/08/28 14:19:58.788, 0, 100, 43817
2026/08/28 14:19:58.788, 1, 100, 43801
2026/08/28 14:19:58.788, 2, 100, 43801
2026/08/28 14:19:58.788, 3, 100, 43801
2026/08/28 14:19:59.288, 0, 100, 43817
2026/08/28 14:19:59.288, 1, 100, 43801
2026/08/28 14:19:59.288, 2, 100, 43801
2026/08/28 14:19:59.288, 3, 100, 43801
2026/08/28 14:19:59.789, 0, 100, 43817
2026/08/28 14:19:59.789, 1, 100, 43801
2026/08/28 14:19:59.789, 2, 100, 43801
2026/08/28 14:19:59.789, 3, 100, 43801
2026/08/28 14:20:00.289, 0, 100, 43817
2026/08/28 14:20:00.289, 1, 100, 43801
2026/08/28 14:20:00.289, 2, 100, 43801
2026/08/28 14:20:00.289, 3, 100, 43801
2026/08/28 14:20:00.789, 0, 100, 43817
2026/08/28 14:20:00.789, 1, 100, 43801
2026/08/28 14:20:00.789, 2, 100, 43801
2026/08/28 14:20:00.789, 3, 100, 43801
2026/08/28 14:20:01.289, 0, 100, 43817
2026/08/28 14:20:01.289, 1, 100, 43801
2026/08/28 14:20:01.289, 2, 100, 43801
2026/08/28 14:20:01.289, 3, 100, 43801
2026/08/28 14:20:01.789, 0, 100, 43817
2026/08/28 14:20:01.789, 1, 100, 43801
2026/08/28 14:20:01.789, 2, 100, 43801
2026/08/28 14:20:01.789, 3, 100, 43801
2026/08/28 14:20:02.289, 0, 100, 43817
2026/08/28 14:20:02.289, 1, 100, 43801
2026/08/28 14:20:02.289, 2, 100, 43801
2026/08/28 14:20:02.290, 3, 100, 43801
2026/08/28 14:20:02.790, 0, 0, 43817
2026/08/28 14:20:02.790, 1, 0, 43801
2026/08/28 14:20:02.790, 2, 0, 43801
2026/08/28 14:20:02.790, 3, 0, 43801
2026/08/28 14:20:03.290, 0, 100, 43817
2026/08/28 14:20:03.290, 1, 100, 43801
2026/08/28 14:20:03.290, 2, 100, 43801
2026/08/28 14:20:03.290, 3, 100, 43801
2026/08/28 14:20:03.790, 0, 100, 43817
2026/08/28 14:20:03.790, 1, 100, 43801
2026/08/28 14:20:03.790, 2, 100, 43801
2026/08/28 14:20:03.790, 3, 100, 43801
2026/08/28 14:20:04.290, 0, 100, 43817
2026/08/28 14:20:04.290, 1, 100, 43801
2026/08/28 14:20:04.290, 2, 100, 43801
2026/08/28 14:20:04.290, 3, 100, 43801
2026/08/28 14:20:04.790, 0, 100, 43817
2026/08/28 14:20:04.790, 1, 100, 43801
2026/08/28 14:20:04.790, 2, 100, 43801
2026/08/28 14:20:04.791, 3, 100, 43801
2026/08/28 14:20:05.291, 0, 100, 43817
2026/08/28 14:20:05.291, 1, 100, 43801
2026/08/28 14:20:05.291, 2, 100, 43801
2026/08/28 14:20:05.291, 3, 100, 43801
2026/08/28 14:20:05.791, 0, 100, 43817
2026/08/28 14:20:05.791, 1, 100, 43801
2026/08/28 14:20:05.791, 2, 100, 43801
2026/08/28 14:20:05.791, 3, 100, 43801
2026/08/28 14:20:06.291, 0, 100, 43817
2026/08/28 14:20:06.291, 1, 100, 43801
2026/08/28 14:20:06.291, 2, 100, 43801
2026/08/28 14:20:06.291, 3, 100, 43801
2026/08/28 14:20:06.791, 0, 100, 43817
2026/08/28 14:20:06.791, 1, 100, 43801
2026/08/28 14:20:06.791, 2, 100, 43801
2026/08/28 14:20:06.791, 3, 100, 43801
2026/08/28 14:20:07.291, 0, 100, 43817
2026/08/28 14:20:07.291, 1, 100, 43801
2026/08/28 14:20:07.291, 2, 100, 43801
2026/08/28 14:20:07.291, 3, 100, 43801
2026/08/28 14:20:07.792, 0, 26, 43817
2026/08/28 14:20:07.792, 1, 0, 43801
2026/08/28 14:20:07.792, 2, 0, 43801
2026/08/28 14:20:07.792, 3, 0, 43801
2026/08/28 14:20:08.292, 0, 100, 43817
2026/08/28 14:20:08.292, 1, 100, 43801
2026/08/28 14:20:08.292, 2, 100, 43801
2026/08/28 14:20:08.292, 3, 100, 43801
2026/08/28 14:20:08.792, 0, 100, 43817
2026/08/28 14:20:08.792, 1, 100, 43801
2026/08/28 14:20:08.792, 2, 100, 43801
2026/08/28 14:20:08.792, 3, 100, 43801
2026/08/28 14:20:09.292, 0, 100, 43817
2026/08/28 14:20:09.292, 1, 100, 43801
2026/08/28 14:20:09.292, 2, 100, 43801
2026/08/28 14:20:09.292, 3, 100, 43801
2026/08/28 14:20:09.792, 0, 100, 43817
2026/08/28 14:20:09.792, 1, 100, 43801
2026/08/28 14:20:09.792, 2, 100, 43801
2026/08/28 14:20:09.792, 3, 100, 43801
2026/08/28 14:20:10.293, 0, 100, 43817
2026/08/28 14:20:10.293, 1, 100, 43801
2026/08/28 14:20:10.293, 2, 100, 43801
2026/08/28 14:20:10.293, 3, 100, 43801
2026/08/28 14:20:10.793, 0, 100, 43817
2026/08/28 14:20:10.793, 1, 100, 43801
2026/08/28 14:20:10.793, 2, 100, 43801
2026/08/28 14:20:10.793, 3, 100, 43801
2026/08/28 14:20:11.293, 0, 100, 43817
2026/08/28 14:20:11.293, 1, 100, 43801
2026/08/28 14:20:11.293, 2, 100, 43801
2026/08/28 14:20:11.293, 3, 100, 43801
2026/08/28 14:20:11.793, 0, 100, 43817
2026/08/28 14:20:11.793, 1, 100, 43801
2026/08/28 14:20:11.793, 2, 100, 43801
2026/08/28 14:20:11.793, 3, 100, 43801
2026/08/28 14:20:12.293, 0, 100, 43817
2026/08/28 14:20:12.293, 1, 100, 43801
2026/08/28 14:20:12.293, 2, 100, 43801
2026/08/28 14:20:12.293, 3, 100, 43801
2026/08/28 14:20:12.793, 0, 100, 43817
2026/08/28 14:20:12.794, 1, 100, 43801
2026/08/28 14:20:12.794, 2, 76, 43801
2026/08/28 14:20:12.794, 3, 100, 43801
2026/08/28 14:20:13.294, 0, 0, 43817
2026/08/28 14:20:13.294, 1, 39, 43801
2026/08/28 14:20:13.294, 2, 70, 43801
2026/08/28 14:20:13.294, 3, 0, 43801
2026/08/28 14:20:13.794, 0, 100, 43817
2026/08/28 14:20:13.794, 1, 100, 43801
2026/08/28 14:20:13.794, 2, 100, 43801
2026/08/28 14:20:13.794, 3, 100, 43801
2026/08/28 14:20:14.294, 0, 100, 43817
2026/08/28 14:20:14.294, 1, 100, 43801
2026/08/28 14:20:14.294, 2, 100, 43801
2026/08/28 14:20:14.294, 3, 100, 43801
2026/08/28 14:20:14.794, 0, 100, 43817
2026/08/28 14:20:14.794, 1, 100, 43801
2026/08/28 14:20:14.794, 2, 100, 43801
2026/08/28 14:20:14.794, 3, 100, 43801
2026/08/28 14:20:15.294, 0, 100, 43817
2026/08/28 14:20:15.294, 1, 100, 43801
2026/08/28 14:20:15.294, 2, 100, 43801
2026/08/28 14:20:15.294, 3, 100, 43801
2026/08/28 14:20:15.795, 0, 100, 43817
2026/08/28 14:20:15.795, 1, 100, 43801
2026/08/28 14:20:15.795, 2, 100, 43801
2026/08/28 14:20:15.795, 3, 100, 43801
2026/08/28 14:20:16.295, 0, 100, 43817
2026/08/28 14:20:16.295, 1, 100, 43801
2026/08/28 14:20:16.295, 2, 100, 43801
2026/08/28 14:20:16.295, 3, 100, 43801
2026/08/28 14:20:16.795, 0, 100, 43817
2026/08/28 14:20:16.795, 1, 100, 43801
2026/08/28 14:20:16.795, 2, 100, 43801
2026/08/28 14:20:16.795, 3, 100, 43801
2026/08/28 14:20:17.295, 0, 100, 43817
2026/08/28 14:20:17.295, 1, 100, 43801
2026/08/28 14:20:17.295, 2, 100, 43801
2026/08/28 14:20:17.295, 3, 100, 43801
2026/08/28 14:20:17.795, 0, 100, 43817
2026/08/28 14:20:17.795, 1, 100, 43801
2026/08/28 14:20:17.795, 2, 100, 43801
2026/08/28 14:20:17.795, 3, 100, 43801
2026/08/28 14:20:18.295, 0, 0, 43817
2026/08/28 14:20:18.296, 1, 0, 43801
2026/08/28 14:20:18.296, 2, 0, 43801
2026/08/28 14:20:18.296, 3, 0, 43801
2026/08/28 14:20:18.796, 0, 100, 43817
2026/08/28 14:20:18.796, 1, 100, 43801
2026/08/28 14:20:18.796, 2, 99, 43801
2026/08/28 14:20:18.796, 3, 100, 43801
2026/08/28 14:20:19.296, 0, 100, 43817
2026/08/28 14:20:19.296, 1, 100, 43801
2026/08/28 14:20:19.296, 2, 100, 43801
2026/08/28 14:20:19.296, 3, 100, 43801
2026/08/28 14:20:19.796, 0, 100, 43817
2026/08/28 14:20:19.796, 1, 100, 43801
2026/08/28 14:20:19.796, 2, 100, 43801
2026/08/28 14:20:19.796, 3, 100, 43801
2026/08/28 14:20:20.296, 0, 100, 43817
2026/08/28 14:20:20.296, 1, 100, 43801
2026/08/28 14:20:20.296, 2, 100, 43801
2026/08/28 14:20:20.296, 3, 100, 43801
2026/08/28 14:20:20.796, 0, 100, 43817
2026/08/28 14:20:20.796, 1, 100, 43801
2026/08/28 14:20:20.796, 2, 100, 43801
2026/08/28 14:20:20.796, 3, 100, 43801
2026/08/28 14:20:21.297, 0, 100, 43817
2026/08/28 14:20:21.297, 1, 100, 43801
2026/08/28 14:20:21.297, 2, 100, 43801
2026/08/28 14:20:21.297, 3, 100, 43801
2026/08/28 14:20:21.797, 0, 100, 43817
2026/08/28 14:20:21.797, 1, 100, 43801
2026/08/28 14:20:21.797, 2, 100, 43801
2026/08/28 14:20:21.797, 3, 100, 43801
2026/08/28 14:20:22.297, 0, 100, 43817
2026/08/28 14:20:22.297, 1, 100, 43801
2026/08/28 14:20:22.297, 2, 100, 43801
2026/08/28 14:20:22.297, 3, 100, 43801
2026/08/28 14:20:22.797, 0, 100, 43817
2026/08/28 14:20:22.797, 1, 100, 43801
2026/08/28 14:20:22.797, 2, 100, 43801
2026/08/28 14:20:22.797, 3, 100, 43801
2026/08/28 14:20:23.297, 0, 0, 43817
2026/08/28 14:20:23.297, 1, 0, 43801
2026/08/28 14:20:23.297, 2, 0, 43801
2026/08/28 14:20:23.297, 3, 0, 43801
2026/08/28 14:20:23.798, 0, 37, 43817
2026/08/28 14:20:23.798, 1, 100, 43801
2026/08/28 14:20:23.798, 2, 100, 43801
2026/08/28 14:20:23.798, 3, 67, 43801
2026/08/28 14:20:24.298, 0, 100, 43817
2026/08/28 14:20:24.298, 1, 100, 43801
2026/08/28 14:20:24.298, 2, 100, 43801
2026/08/28 14:20:24.298, 3, 100, 43801
2026/08/28 14:20:24.798, 0, 100, 43817
2026/08/28 14:20:24.798, 1, 100, 43801
2026/08/28 14:20:24.798, 2, 100, 43801
2026/08/28 14:20:24.798, 3, 100, 43801
2026/08/28 14:20:25.298, 0, 100, 43817
2026/08/28 14:20:25.298, 1, 100, 43801
2026/08/28 14:20:25.298, 2, 100, 43801
2026/08/28 14:20:25.298, 3, 100, 43801
2026/08/28 14:20:25.798, 0, 100, 43817
2026/08/28 14:20:25.798, 1, 100, 43801
2026/08/28 14:20:25.799, 2, 100, 43801
2026/08/28 14:20:25.799, 3, 100, 43801
2026/08/28 14:20:26.299, 0, 100, 43817
2026/08/28 14:20:26.299, 1, 100, 43801
2026/08/28 14:20:26.299, 2, 100, 43801
2026/08/28 14:20:26.299, 3, 100, 43801
2026/08/28 14:20:26.799, 0, 100, 43817
2026/08/28 14:20:26.799, 1, 100, 43801
2026/08/28 14:20:26.799, 2, 100, 43801
2026/08/28 14:20:26.799, 3, 100, 43801
2026/08/28 14:20:27.299, 0, 100, 43817
2026/08/28 14:20:27.299, 1, 100, 43801
2026/08/28 14:20:27.299, 2, 100, 43801
2026/08/28 14:20:27.299, 3, 100, 43801
2026/08/28 14:20:27.799, 0, 100, 43817
2026/08/28 14:20:27.799, 1, 100, 43801
2026/08/28 14:20:27.799, 2, 100, 43801
2026/08/28 14:20:27.799, 3, 100, 43801
2026/08/28 14:20:28.300, 0, 72, 43817
2026/08/28 14:20:28.300, 1, 0, 43801
2026/08/28 14:20:28.300, 2, 0, 43801
2026/08/28 14:20:28.300, 3, 42, 43801
2026/08/28 14:20:28.800, 0, 0, 43817
2026/08/28 14:20:28.800, 1, 0, 43801
2026/08/28 14:20:28.800, 2, 0, 43801
2026/08/28 14:20:28.800, 3, 0, 43801
2026/08/28 14:20:29.300, 0, 100, 43817
2026/08/28 14:20:29.300, 1, 100, 43801
2026/08/28 14:20:29.300, 2, 100, 43801
2026/08/28 14:20:29.300, 3, 100, 43801
2026/08/28 14:20:29.800, 0, 100, 43817
2026/08/28 14:20:29.800, 1, 100, 43801
2026/08/28 14:20:29.800, 2, 100, 43801
2026/08/28 14:20:29.800, 3, 100, 43801
2026/08/28 14:20:30.300, 0, 100, 43817
2026/08/28 14:20:30.300, 1, 100, 43801
2026/08/28 14:20:30.300, 2, 100, 43801
2026/08/28 14:20:30.300, 3, 100, 43801
2026/08/28 14:20:30.801, 0, 100, 43817
2026/08/28 14:20:30.801, 1, 100, 43801
2026/08/28 14:20:30.801, 2, 100, 43801
2026/08/28 14:20:30.801, 3, 100, 43801
2026/08/28 14:20:31.301, 0, 100, 43817
2026/08/28 14:20:31.301, 1, 100, 43801
2026/08/28 14:20:31.301, 2, 100, 43801
2026/08/28 14:20:31.301, 3, 100, 43801
2026/08/28 14:20:31.801, 0, 100, 43817
2026/08/28 14:20:31.801, 1, 100, 43801
2026/08/28 14:20:31.801, 2, 100, 43801
2026/08/28 14:20:31.801, 3, 100, 43801
2026/08/28 14:20:32.301, 0, 100, 43817
2026/08/28 14:20:32.301, 1, 100, 43801
2026/08/28 14:20:32.301, 2, 100, 43801
2026/08/28 14:20:32.301, 3, 100, 43801
2026/08/28 14:20:32.801, 0, 100, 43817
2026/08/28 14:20:32.801, 1, 100, 43801
2026/08/28 14:20:32.801, 2, 100, 43801
2026/08/28 14:20:32.801, 3, 100, 43801
2026/08/28 14:20:33.301, 0, 100, 43817
2026/08/28 14:20:33.301, 1, 100, 43801
2026/08/28 14:20:33.301, 2, 100, 43801
2026/08/28 14:20:33.302, 3, 100, 43801
2026/08/28 14:20:33.802, 0, 0, 43817
2026/08/28 14:20:33.802, 1, 0, 43801
2026/08/28 14:20:33.802, 2, 0, 43801
2026/08/28 14:20:33.802, 3, 0, 43801
2026/08/28 14:20:34.302, 0, 99, 43817
2026/08/28 14:20:34.302, 1, 100, 43801
2026/08/28 14:20:34.302, 2, 100, 43801
2026/08/28 14:20:34.302, 3, 100, 43801
2026/08/28 14:20:34.802, 0, 100, 43817
2026/08/28 14:20:34.802, 1, 100, 43801
2026/08/28 14:20:34.802, 2, 100, 43801
2026/08/28 14:20:34.802, 3, 100, 43801
2026/08/28 14:20:35.302, 0, 100, 43817
2026/08/28 14:20:35.302, 1, 100, 43801
2026/08/28 14:20:35.302, 2, 100, 43801
2026/08/28 14:20:35.302, 3, 100, 43801
2026/08/28 14:20:35.802, 0, 100, 43817
2026/08/28 14:20:35.802, 1, 100, 43801
2026/08/28 14:20:35.802, 2, 100, 43801
2026/08/28 14:20:35.802, 3, 100, 43801
2026/08/28 14:20:36.303, 0, 100, 43817
2026/08/28 14:20:36.303, 1, 100, 43801
2026/08/28 14:20:36.303, 2, 100, 43801
2026/08/28 14:20:36.303, 3, 100, 43801
2026/08/28 14:20:36.803, 0, 99, 43817
2026/08/28 14:20:36.803, 1, 100, 43801
2026/08/28 14:20:36.803, 2, 100, 43801
2026/08/28 14:20:36.803, 3, 100, 43801
2026/08/28 14:20:37.303, 0, 100, 43817
2026/08/28 14:20:37.303, 1, 100, 43801
2026/08/28 14:20:37.303, 2, 100, 43801
2026/08/28 14:20:37.303, 3, 100, 43801
2026/08/28 14:20:37.803, 0, 100, 43817
2026/08/28 14:20:37.803, 1, 100, 43801
2026/08/28 14:20:37.803, 2, 100, 43801
2026/08/28 14:20:37.803, 3, 100, 43801
2026/08/28 14:20:38.303, 0, 100, 43817
2026/08/28 14:20:38.303, 1, 100, 43801
2026/08/28 14:20:38.303, 2, 100, 43801
2026/08/28 14:20:38.303, 3, 100, 43801
2026/08/28 14:20:38.803, 0, 0, 43817
2026/08/28 14:20:38.803, 1, 0, 43801
2026/08/28 14:20:38.804, 2, 0, 43801
2026/08/28 14:20:38.804, 3, 0, 43801
2026/08/28 14:20:39.304, 0, 100, 43817
2026/08/28 14:20:39.304, 1, 100, 43801
2026/08/28 14:20:39.304, 2, 99, 43801
2026/08/28 14:20:39.304, 3, 100, 43801
2026/08/28 14:20:39.804, 0, 100, 43817
2026/08/28 14:20:39.804, 1, 100, 43801
2026/08/28 14:20:39.804, 2, 100, 43801
2026/08/28 14:20:39.804, 3, 100, 43801
2026/08/28 14:20:40.304, 0, 100, 43817
2026/08/28 14:20:40.304, 1, 100, 43801
2026/08/28 14:20:40.304, 2, 100, 43801
2026/08/28 14:20:40.304, 3, 100, 43801
2026/08/28 14:20:40.804, 0, 100, 43817
2026/08/28 14:20:40.804, 1, 100, 43801
2026/08/28 14:20:40.804, 2, 100, 43801
2026/08/28 14:20:40.804, 3, 100, 43801
2026/08/28 14:20:41.304, 0, 100, 43817
2026/08/28 14:20:41.305, 1, 100, 43801
2026/08/28 14:20:41.305, 2, 100, 43801
2026/08/28 14:20:41.305, 3, 100, 43801
2026/08/28 14:20:41.805, 0, 100, 43817
2026/08/28 14:20:41.805, 1, 100, 43801
2026/08/28 14:20:41.805, 2, 100, 43801
2026/08/28 14:20:41.805, 3, 100, 43801
2026/08/28 14:20:42.305, 0, 100, 43817
2026/08/28 14:20:42.305, 1, 100, 43801
2026/08/28 14:20:42.305, 2, 100, 43801
2026/08/28 14:20:42.305, 3, 100, 43801
2026/08/28 14:20:42.805, 0, 100, 43817
2026/08/28 14:20:42.805, 1, 100, 43801
2026/08/28 14:20:42.805, 2, 100, 43801
2026/08/28 14:20:42.805, 3, 100, 43801
2026/08/28 14:20:43.305, 0, 100, 43817
2026/08/28 14:20:43.305, 1, 100, 43801
2026/08/28 14:20:43.305, 2, 100, 43801
2026/08/28 14:20:43.305, 3, 100, 43801
2026/08/28 14:20:43.805, 0, 100, 43817
2026/08/28 14:20:43.805, 1, 79, 43801
2026/08/28 14:20:43.806, 2, 49, 43801
2026/08/28 14:20:43.806, 3, 100, 43801
2026/08/28 14:20:44.306, 0, 0, 43817
2026/08/28 14:20:44.306, 1, 68, 43801
2026/08/28 14:20:44.306, 2, 97, 43801
2026/08/28 14:20:44.306, 3, 19, 43801
2026/08/28 14:20:44.806, 0, 100, 43817
2026/08/28 14:20:44.806, 1, 100, 43801
2026/08/28 14:20:44.806, 2, 100, 43801
2026/08/28 14:20:44.806, 3, 100, 43801
2026/08/28 14:20:45.306, 0, 100, 43817
2026/08/28 14:20:45.306, 1, 100, 43801
2026/08/28 14:20:45.306, 2, 100, 43801
2026/08/28 14:20:45.306, 3, 100, 43801
2026/08/28 14:20:45.806, 0, 100, 43817
2026/08/28 14:20:45.806, 1, 100, 43801
2026/08/28 14:20:45.806, 2, 100, 43801
2026/08/28 14:20:45.806, 3, 100, 43801
2026/08/28 14:20:46.306, 0, 100, 43817
2026/08/28 14:20:46.306, 1, 100, 43801
2026/08/28 14:20:46.306, 2, 100, 43801
2026/08/28 14:20:46.307, 3, 100, 43801
2026/08/28 14:20:46.807, 0, 100, 43817
2026/08/28 14:20:46.807, 1, 100, 43801
2026/08/28 14:20:46.807, 2, 100, 43801
2026/08/28 14:20:46.807, 3, 100, 43801
2026/08/28 14:20:47.307, 0, 100, 43817
2026/08/28 14:20:47.307, 1, 100, 43801
2026/08/28 14:20:47.307, 2, 100, 43801
2026/08/28 14:20:47.307, 3, 100, 43801
2026/08/28 14:20:47.807, 0, 100, 43817
2026/08/28 14:20:47.807, 1, 100, 43801
2026/08/28 14:20:47.807, 2, 100, 43801
2026/08/28 14:20:47.807, 3, 100, 43801
2026/08/28 14:20:48.307, 0, 100, 43817
2026/08/28 14:20:48.307, 1, 100, 43801
2026/08/28 14:20:48.307, 2, 100, 43801
2026/08/28 14:20:48.307, 3, 100, 43801
2026/08/28 14:20:48.807, 0, 100, 43817
2026/08/28 14:20:48.807, 1, 100, 43801
2026/08/28 14:20:48.807, 2, 100, 43801
2026/08/28 14:20:48.807, 3, 100, 43801
2026/08/28 14:20:49.308, 0, 0, 43817
2026/08/28 14:20:49.308, 1, 0, 43801
2026/08/28 14:20:49.308, 2, 0, 43801
2026/08/28 14:20:49.308, 3, 0, 43801
2026/08/28 14:20:49.808, 0, 100, 43817
2026/08/28 14:20:49.808, 1, 99, 43801
2026/08/28 14:20:49.808, 2, 99, 43801
2026/08/28 14:20:49.808, 3, 100, 43801
2026/08/28 14:20:50.308, 0, 100, 43817
2026/08/28 14:20:50.308, 1, 100, 43801
2026/08/28 14:20:50.308, 2, 100, 43801
2026/08/28 14:20:50.308, 3, 100, 43801
2026/08/28 14:20:50.808, 0, 100, 43817
2026/08/28 14:20:50.808, 1, 100, 43801
2026/08/28 14:20:50.808, 2, 100, 43801
2026/08/28 14:20:50.808, 3, 100, 43801
2026/08/28 14:20:51.308, 0, 100, 43817
2026/08/28 14:20:51.308, 1, 100, 43801
2026/08/28 14:20:51.308, 2, 100, 43801
2026/08/28 14:20:51.308, 3, 100, 43801
2026/08/28 14:20:51.808, 0, 100, 43817
2026/08/28 14:20:51.808, 1, 100, 43801
2026/08/28 14:20:51.809, 2, 100, 43801
2026/08/28 14:20:51.809, 3, 100, 43801
2026/08/28 14:20:52.309, 0, 100, 43817
2026/08/28 14:20:52.309, 1, 100, 43801
2026/08/28 14:20:52.309, 2, 100, 43801
2026/08/28 14:20:52.309, 3, 100, 43801
2026/08/28 14:20:52.809, 0, 100, 43817
2026/08/28 14:20:52.809, 1, 100, 43801
2026/08/28 14:20:52.809, 2, 100, 43801
2026/08/28 14:20:52.809, 3, 100, 43801
2026/08/28 14:20:53.309, 0, 100, 43817
2026/08/28 14:20:53.309, 1, 100, 43801
2026/08/28 14:20:53.309, 2, 100, 43801
2026/08/28 14:20:53.309, 3, 100, 43801
2026/08/28 14:20:53.809, 0, 100, 43817
2026/08/28 14:20:53.809, 1, 100, 43801
2026/08/28 14:20:53.809, 2, 100, 43801
2026/08/28 14:20:53.809, 3, 100, 43801
2026/08/28 14:20:54.309, 0, 0, 43817
2026/08/28 14:20:54.309, 1, 0, 43801
2026/08/28 14:20:54.309, 2, 0, 43801
2026/08/28 14:20:54.309, 3, 0, 43801
2026/08/28 14:20:54.809, 0, 51, 43817
2026/08/28 14:20:54.810, 1, 100, 43801
2026/08/28 14:20:54.810, 2, 100, 43801
2026/08/28 14:20:54.810, 3, 82, 43801
2026/08/28 14:20:55.310, 0, 100, 43817
2026/08/28 14:20:55.310, 1, 100, 43801
2026/08/28 14:20:55.310, 2, 100, 43801
2026/08/28 14:20:55.310, 3, 100, 43801
2026/08/28 14:20:55.810, 0, 100, 43817
2026/08/28 14:20:55.810, 1, 100, 43801
2026/08/28 14:20:55.810, 2, 100, 43801
2026/08/28 14:20:55.810, 3, 100, 43801
2026/08/28 14:20:56.310, 0, 100, 43817
2026/08/28 14:20:56.310, 1, 100, 43801
2026/08/28 14:20:56.310, 2, 100, 43801
2026/08/28 14:20:56.310, 3, 100, 43801
2026/08/28 14:20:56.810, 0, 100, 43817
2026/08/28 14:20:56.810, 1, 100, 43801
2026/08/28 14:20:56.810, 2, 100, 43801
2026/08/28 14:20:56.810, 3, 100, 43801
2026/08/28 14:20:57.310, 0, 100, 43817
2026/08/28 14:20:57.310, 1, 100, 43801
2026/08/28 14:20:57.310, 2, 100, 43801
2026/08/28 14:20:57.310, 3, 100, 43801
2026/08/28 14:20:57.810, 0, 100, 43817
2026/08/28 14:20:57.810, 1, 100, 43801
2026/08/28 14:20:57.810, 2, 100, 43801
2026/08/28 14:20:57.810, 3, 100, 43801
2026/08/28 14:20:58.311, 0, 100, 43817
2026/08/28 14:20:58.311, 1, 100, 43801
2026/08/28 14:20:58.311, 2, 100, 43801
2026/08/28 14:20:58.311, 3, 100, 43801
2026/08/28 14:20:58.811, 0, 100, 43817
2026/08/28 14:20:58.811, 1, 100, 43801
2026/08/28 14:20:58.811, 2, 100, 43801
2026/08/28 14:20:58.811, 3, 100, 43801
2026/08/28 14:20:59.311, 0, 54, 43817
2026/08/28 14:20:59.311, 1, 0, 43801
2026/08/28 14:20:59.311, 2, 0, 43801
2026/08/28 14:20:59.311, 3, 22, 43801
2026/08/28 14:20:59.811, 0, 0, 43817
2026/08/28 14:20:59.811, 1, 0, 43801
2026/08/28 14:20:59.811, 2, 0, 43801
2026/08/28 14:20:59.811, 3, 0, 43801
2026/08/28 14:21:00.311, 0, 100, 43817
2026/08/28 14:21:00.311, 1, 100, 43801
2026/08/28 14:21:00.312, 2, 100, 43801
2026/08/28 14:21:00.312, 3, 100, 43801
2026/08/28 14:21:00.812, 0, 100, 43817
2026/08/28 14:21:00.812, 1, 100, 43801
2026/08/28 14:21:00.812, 2, 100, 43801
2026/08/28 14:21:00.812, 3, 100, 43801
2026/08/28 14:21:01.312, 0, 100, 43817
2026/08/28 14:21:01.312, 1, 100, 43801
2026/08/28 14:21:01.312, 2, 100, 43801
2026/08/28 14:21:01.312, 3, 100, 43801
2026/08/28 14:21:01.812, 0, 100, 43817
2026/08/28 14:21:01.812, 1, 100, 43801
2026/08/28 14:21:01.812, 2, 100, 43801
2026/08/28 14:21:01.812, 3, 100, 43801
2026/08/28 14:21:02.312, 0, 100, 43817
2026/08/28 14:21:02.312, 1, 100, 43801
2026/08/28 14:21:02.312, 2, 100, 43801
2026/08/28 14:21:02.313, 3, 100, 43801
2026/08/28 14:21:02.813, 0, 100, 43817
2026/08/28 14:21:02.813, 1, 100, 43801
2026/08/28 14:21:02.813, 2, 100, 43801
2026/08/28 14:21:02.813, 3, 100, 43801
2026/08/28 14:21:03.313, 0, 100, 43817
2026/08/28 14:21:03.313, 1, 100, 43801
2026/08/28 14:21:03.313, 2, 100, 43801
2026/08/28 14:21:03.313, 3, 100, 43801
2026/08/28 14:21:03.813, 0, 100, 43817
2026/08/28 14:21:03.813, 1, 100, 43801
2026/08/28 14:21:03.813, 2, 100, 43801
2026/08/28 14:21:03.813, 3, 100, 43801
2026/08/28 14:21:04.313, 0, 100, 43817
2026/08/28 14:21:04.313, 1, 100, 43801
2026/08/28 14:21:04.313, 2, 100, 43801
2026/08/28 14:21:04.313, 3, 92, 43801
2026/08/28 14:21:04.813, 0, 0, 43817
2026/08/28 14:21:04.814, 1, 0, 43801
2026/08/28 14:21:04.814, 2, 0, 43801
2026/08/28 14:21:04.814, 3, 0, 43801
2026/08/28 14:21:05.314, 0, 100, 43817
2026/08/28 14:21:05.314, 1, 100, 43801
2026/08/28 14:21:05.314, 2, 100, 43801
2026/08/28 14:21:05.314, 3, 100, 43801
2026/08/28 14:21:05.814, 0, 100, 43817
2026/08/28 14:21:05.814, 1, 100, 43801
2026/08/28 14:21:05.814, 2, 100, 43801
2026/08/28 14:21:05.814, 3, 100, 43801
2026/08/28 14:21:06.314, 0, 100, 43817
2026/08/28 14:21:06.314, 1, 100, 43801
2026/08/28 14:21:06.314, 2, 100, 43801
2026/08/28 14:21:06.314, 3, 100, 43801
2026/08/28 14:21:06.814, 0, 100, 43817
2026/08/28 14:21:06.814, 1, 100, 43801
2026/08/28 14:21:06.814, 2, 100, 43801
2026/08/28 14:21:06.814, 3, 100, 43801
2026/08/28 14:21:07.314, 0, 100, 43817
2026/08/28 14:21:07.314, 1, 100, 43801
2026/08/28 14:21:07.314, 2, 100, 43801
2026/08/28 14:21:07.314, 3, 100, 43801
2026/08/28 14:21:07.815, 0, 100, 43817
2026/08/28 14:21:07.815, 1, 100, 43801
2026/08/28 14:21:07.815, 2, 100, 43801
2026/08/28 14:21:07.815, 3, 100, 43801
2026/08/28 14:21:08.315, 0, 100, 43817
2026/08/28 14:21:08.315, 1, 100, 43801
2026/08/28 14:21:08.315, 2, 100, 43801
2026/08/28 14:21:08.315, 3, 100, 43801
2026/08/28 14:21:08.815, 0, 100, 43817
2026/08/28 14:21:08.815, 1, 100, 43801
2026/08/28 14:21:08.815, 2, 100, 43801
2026/08/28 14:21:08.815, 3, 100, 43801
2026/08/28 14:21:09.315, 0, 100, 43817
2026/08/28 14:21:09.315, 1, 100, 43801
2026/08/28 14:21:09.315, 2, 100, 43801
2026/08/28 14:21:09.315, 3, 100, 43801
2026/08/28 14:21:09.815, 0, 38, 43817
2026/08/28 14:21:09.815, 1, 0, 43801
2026/08/28 14:21:09.815, 2, 0, 43801
2026/08/28 14:21:09.815, 3, 0, 43801
2026/08/28 14:21:10.315, 0, 100, 43817
2026/08/28 14:21:10.316, 1, 100, 43801
2026/08/28 14:21:10.316, 2, 100, 43801
2026/08/28 14:21:10.316, 3, 100, 43801
2026/08/28 14:21:10.816, 0, 100, 43817
2026/08/28 14:21:10.816, 1, 100, 43801
2026/08/28 14:21:10.816, 2, 100, 43801
2026/08/28 14:21:10.816, 3, 100, 43801
2026/08/28 14:21:11.316, 0, 100, 43817
2026/08/28 14:21:11.316, 1, 100, 43801
2026/08/28 14:21:11.316, 2, 100, 43801
2026/08/28 14:21:11.316, 3, 100, 43801
2026/08/28 14:21:11.816, 0, 100, 43817
2026/08/28 14:21:11.816, 1, 100, 43801
2026/08/28 14:21:11.816, 2, 100, 43801
2026/08/28 14:21:11.816, 3, 100, 43801
2026/08/28 14:21:12.316, 0, 100, 43817
2026/08/28 14:21:12.316, 1, 100, 43801
2026/08/28 14:21:12.316, 2, 100, 43801
2026/08/28 14:21:12.316, 3, 100, 43801
2026/08/28 14:21:12.816, 0, 100, 43817
2026/08/28 14:21:12.816, 1, 100, 43801
2026/08/28 14:21:12.816, 2, 100, 43801
2026/08/28 14:21:12.816, 3, 100, 43801
2026/08/28 14:21:13.316, 0, 100, 43817
2026/08/28 14:21:13.317, 1, 100, 43801
2026/08/28 14:21:13.317, 2, 100, 43801
2026/08/28 14:21:13.317, 3, 100, 43801
2026/08/28 14:21:13.817, 0, 100, 43817
2026/08/28 14:21:13.817, 1, 100, 43801
2026/08/28 14:21:13.817, 2, 100, 43801
2026/08/28 14:21:13.817, 3, 100, 43801
2026/08/28 14:21:14.317, 0, 100, 43817
2026/08/28 14:21:14.317, 1, 100, 43801
2026/08/28 14:21:14.317, 2, 100, 43801
2026/08/28 14:21:14.317, 3, 100, 43801
2026/08/28 14:21:14.817, 0, 100, 43817
2026/08/28 14:21:14.817, 1, 100, 43801
2026/08/28 14:21:14.817, 2, 91, 43801
2026/08/28 14:21:14.817, 3, 69, 43801
2026/08/28 14:21:15.317, 0, 0, 43817
2026/08/28 14:21:15.317, 1, 4, 43801
2026/08/28 14:21:15.317, 2, 33, 43801
2026/08/28 14:21:15.317, 3, 55, 43801
2026/08/28 14:21:15.817, 0, 100, 43817
2026/08/28 14:21:15.817, 1, 100, 43801
2026/08/28 14:21:15.817, 2, 100, 43801
2026/08/28 14:21:15.817, 3, 100, 43801
2026/08/28 14:21:16.318, 0, 100, 43817
2026/08/28 14:21:16.318, 1, 100, 43801
2026/08/28 14:21:16.318, 2, 100, 43801
2026/08/28 14:21:16.318, 3, 100, 43801
2026/08/28 14:21:16.818, 0, 100, 43817
2026/08/28 14:21:16.818, 1, 100, 43801
2026/08/28 14:21:16.818, 2, 100, 43801
2026/08/28 14:21:16.818, 3, 100, 43801
2026/08/28 14:21:17.318, 0, 100, 43817
2026/08/28 14:21:17.318, 1, 100, 43801
2026/08/28 14:21:17.318, 2, 100, 43801
2026/08/28 14:21:17.318, 3, 100, 43801
2026/08/28 14:21:17.818, 0, 100, 43817
2026/08/28 14:21:17.818, 1, 100, 43801
2026/08/28 14:21:17.818, 2, 100, 43801
2026/08/28 14:21:17.818, 3, 100, 43801
2026/08/28 14:21:18.318, 0, 100, 43817
2026/08/28 14:21:18.318, 1, 100, 43801
2026/08/28 14:21:18.318, 2, 100, 43801
2026/08/28 14:21:18.318, 3, 100, 43801
2026/08/28 14:21:18.819, 0, 100, 43817
2026/08/28 14:21:18.819, 1, 100, 43801
2026/08/28 14:21:18.819, 2, 100, 43801
2026/08/28 14:21:18.819, 3, 100, 43801
2026/08/28 14:21:19.319, 0, 100, 43817
2026/08/28 14:21:19.319, 1, 100, 43801
2026/08/28 14:21:19.319, 2, 100, 43801
2026/08/28 14:21:19.319, 3, 100, 43801
2026/08/28 14:21:19.819, 0, 100, 43817
2026/08/28 14:21:19.819, 1, 100, 43801
2026/08/28 14:21:19.819, 2, 100, 43801
2026/08/28 14:21:19.819, 3, 100, 43801
2026/08/28 14:21:20.319, 0, 0, 43817
2026/08/28 14:21:20.319, 1, 0, 43801
2026/08/28 14:21:20.319, 2, 0, 43801
2026/08/28 14:21:20.319, 3, 0, 43801
2026/08/28 14:21:20.819, 0, 99, 43817
2026/08/28 14:21:20.819, 1, 99, 43801
2026/08/28 14:21:20.819, 2, 99, 43801
2026/08/28 14:21:20.819, 3, 99, 43801
2026/08/28 14:21:21.319, 0, 100, 43817
2026/08/28 14:21:21.319, 1, 100, 43801
2026/08/28 14:21:21.319, 2, 100, 43801
2026/08/28 14:21:21.319, 3, 100, 43801
2026/08/28 14:21:21.820, 0, 100, 43817
2026/08/28 14:21:21.820, 1, 100, 43801
2026/08/28 14:21:21.820, 2, 100, 43801
2026/08/28 14:21:21.820, 3, 100, 43801
2026/08/28 14:21:22.320, 0, 100, 43817
2026/08/28 14:21:22.320, 1, 100, 43801
2026/08/28 14:21:22.320, 2, 100, 43801
2026/08/28 14:21:22.320, 3, 100, 43801
2026/08/28 14:21:22.820, 0, 100, 43817
2026/08/28 14:21:22.820, 1, 100, 43801
2026/08/28 14:21:22.820, 2, 100, 43801
2026/08/28 14:21:22.820, 3, 100, 43801
2026/08/28 14:21:23.320, 0, 100, 43817
2026/08/28 14:21:23.320, 1, 100, 43801
2026/08/28 14:21:23.320, 2, 100, 43801
2026/08/28 14:21:23.320, 3, 100, 43801
2026/08/28 14:21:23.820, 0, 100, 43817
2026/08/28 14:21:23.820, 1, 100, 43801
2026/08/28 14:21:23.820, 2, 100, 43801
2026/08/28 14:21:23.820, 3, 100, 43801
2026/08/28 14:21:24.320, 0, 100, 43817
2026/08/28 14:21:24.320, 1, 100, 43801
2026/08/28 14:21:24.320, 2, 100, 43801
2026/08/28 14:21:24.320, 3, 100, 43801
2026/08/28 14:21:24.821, 0, 100, 43817
2026/08/28 14:21:24.821, 1, 100, 43801
2026/08/28 14:21:24.821, 2, 100, 43801
2026/08/28 14:21:24.821, 3, 100, 43801
2026/08/28 14:21:25.321, 0, 0, 43817
2026/08/28 14:21:25.321, 1, 0, 43801
2026/08/28 14:21:25.321, 2, 0, 43801
2026/08/28 14:21:25.321, 3, 0, 43801
2026/08/28 14:21:25.821, 0, 89, 43817
2026/08/28 14:21:25.821, 1, 70, 43801
2026/08/28 14:21:25.821, 2, 94, 43801
2026/08/28 14:21:25.821, 3, 100, 43801
2026/08/28 14:21:26.321, 0, 100, 43817
2026/08/28 14:21:26.321, 1, 100, 43801
2026/08/28 14:21:26.321, 2, 100, 43801
2026/08/28 14:21:26.321, 3, 100, 43801
2026/08/28 14:21:26.821, 0, 100, 43817
2026/08/28 14:21:26.821, 1, 100, 43801
2026/08/28 14:21:26.821, 2, 100, 43801
2026/08/28 14:21:26.821, 3, 100, 43801
2026/08/28 14:21:27.322, 0, 100, 43817
2026/08/28 14:21:27.322, 1, 100, 43801
2026/08/28 14:21:27.322, 2, 100, 43801
2026/08/28 14:21:27.322, 3, 100, 43801
2026/08/28 14:21:27.822, 0, 100, 43817
2026/08/28 14:21:27.822, 1, 100, 43801
2026/08/28 14:21:27.822, 2, 100, 43801
2026/08/28 14:21:27.822, 3, 100, 43801
2026/08/28 14:21:28.322, 0, 100, 43817
2026/08/28 14:21:28.322, 1, 100, 43801
2026/08/28 14:21:28.322, 2, 100, 43801
2026/08/28 14:21:28.322, 3, 100, 43801
2026/08/28 14:21:28.822, 0, 100, 43817
2026/08/28 14:21:28.822, 1, 100, 43801
2026/08/28 14:21:28.822, 2, 100, 43801
2026/08/28 14:21:28.822, 3, 100, 43801
2026/08/28 14:21:29.322, 0, 100, 43817
2026/08/28 14:21:29.322, 1, 100, 43801
2026/08/28 14:21:29.322, 2, 100, 43801
2026/08/28 14:21:29.322, 3, 100, 43801
2026/08/28 14:21:29.822, 0, 100, 43817
2026/08/28 14:21:29.822, 1, 100, 43801
2026/08/28 14:21:29.822, 2, 100, 43801
2026/08/28 14:21:29.822, 3, 100, 43801
2026/08/28 14:21:30.322, 0, 13, 43817
2026/08/28 14:21:30.323, 1, 34, 43801
2026/08/28 14:21:30.323, 2, 2, 43801
2026/08/28 14:21:30.323, 3, 0, 43801
2026/08/28 14:21:30.823, 0, 0, 43817
2026/08/28 14:21:30.823, 1, 0, 43801
2026/08/28 14:21:30.823, 2, 0, 43801
2026/08/28 14:21:30.823, 3, 0, 43801
2026/08/28 14:21:31.323, 0, 100, 43817
2026/08/28 14:21:31.323, 1, 100, 43801
2026/08/28 14:21:31.323, 2, 100, 43801
2026/08/28 14:21:31.323, 3, 100, 43801
2026/08/28 14:21:31.823, 0, 100, 43817
2026/08/28 14:21:31.823, 1, 100, 43801
2026/08/28 14:21:31.823, 2, 100, 43801
2026/08/28 14:21:31.823, 3, 100, 43801
2026/08/28 14:21:32.323, 0, 100, 43817
2026/08/28 14:21:32.323, 1, 100, 43801
2026/08/28 14:21:32.323, 2, 100, 43801
2026/08/28 14:21:32.323, 3, 100, 43801
2026/08/28 14:21:32.823, 0, 100, 43817
2026/08/28 14:21:32.823, 1, 100, 43801
2026/08/28 14:21:32.823, 2, 100, 43801
2026/08/28 14:21:32.823, 3, 100, 43801
2026/08/28 14:21:33.324, 0, 100, 43817
2026/08/28 14:21:33.324, 1, 100, 43801
2026/08/28 14:21:33.324, 2, 100, 43801
2026/08/28 14:21:33.324, 3, 100, 43801
2026/08/28 14:21:33.824, 0, 100, 43817
2026/08/28 14:21:33.824, 1, 100, 43801
2026/08/28 14:21:33.824, 2, 100, 43801
2026/08/28 14:21:33.824, 3, 100, 43801
2026/08/28 14:21:34.324, 0, 100, 43817
2026/08/28 14:21:34.324, 1, 100, 43801
2026/08/28 14:21:34.324, 2, 100, 43801
2026/08/28 14:21:34.324, 3, 100, 43801
2026/08/28 14:21:34.824, 0, 100, 43817
2026/08/28 14:21:34.824, 1, 100, 43801
2026/08/28 14:21:34.824, 2, 100, 43801
2026/08/28 14:21:34.824, 3, 100, 43801
2026/08/28 14:21:35.324, 0, 100, 43817
2026/08/28 14:21:35.324, 1, 100, 43801
2026/08/28 14:21:35.324, 2, 100, 43801
2026/08/28 14:21:35.324, 3, 100, 43801
2026/08/28 14:21:35.824, 0, 0, 43817
2026/08/28 14:21:35.824, 1, 0, 43801
2026/08/28 14:21:35.824, 2, 0, 43801
2026/08/28 14:21:35.824, 3, 0, 43801
2026/08/28 14:21:36.325, 0, 100, 43817
2026/08/28 14:21:36.325, 1, 100, 43801
2026/08/28 14:21:36.325, 2, 100, 43801
2026/08/28 14:21:36.325, 3, 100, 43801
2026/08/28 14:21:36.825, 0, 100, 43817
2026/08/28 14:21:36.825, 1, 100, 43801
2026/08/28 14:21:36.825, 2, 100, 43801
2026/08/28 14:21:36.825, 3, 100, 43801
2026/08/28 14:21:37.325, 0, 100, 43817
2026/08/28 14:21:37.325, 1, 100, 43801
2026/08/28 14:21:37.325, 2, 100, 43801
2026/08/28 14:21:37.325, 3, 100, 43801
2026/08/28 14:21:37.825, 0, 100, 43817
2026/08/28 14:21:37.825, 1, 100, 43801
2026/08/28 14:21:37.825, 2, 100, 43801
2026/08/28 14:21:37.825, 3, 100, 43801
2026/08/28 14:21:38.325, 0, 100, 43817
2026/08/28 14:21:38.325, 1, 100, 43801
2026/08/28 14:21:38.325, 2, 100, 43801
2026/08/28 14:21:38.325, 3, 100, 43801
2026/08/28 14:21:38.825, 0, 100, 43817
2026/08/28 14:21:38.825, 1, 100, 43801
2026/08/28 14:21:38.825, 2, 100, 43801
2026/08/28 14:21:38.825, 3, 100, 43801
2026/08/28 14:21:39.326, 0, 100, 43817
2026/08/28 14:21:39.326, 1, 100, 43801
2026/08/28 14:21:39.326, 2, 100, 43801
2026/08/28 14:21:39.326, 3, 100, 43801
2026/08/28 14:21:39.826, 0, 100, 43817
2026/08/28 14:21:39.826, 1, 100, 43801
2026/08/28 14:21:39.826, 2, 100, 43801
2026/08/28 14:21:39.826, 3, 100, 43801
2026/08/28 14:21:40.326, 0, 100, 43817
2026/08/28 14:21:40.326, 1, 100, 43801
2026/08/28 14:21:40.326, 2, 100, 43801
2026/08/28 14:21:40.326, 3, 100, 43801
2026/08/28 14:21:40.826, 0, 0, 43817
2026/08/28 14:21:40.826, 1, 0, 43801
2026/08/28 14:21:40.826, 2, 0, 43801
2026/08/28 14:21:40.826, 3, 0, 43801
2026/08/28 14:21:41.326, 0, 100, 43817
2026/08/28 14:21:41.326, 1, 100, 43801
2026/08/28 14:21:41.326, 2, 100, 43801
2026/08/28 14:21:41.326, 3, 100, 43801
2026/08/28 14:21:41.826, 0, 100, 43817
2026/08/28 14:21:41.826, 1, 100, 43801
2026/08/28 14:21:41.826, 2, 100, 43801
2026/08/28 14:21:41.826, 3, 100, 43801
2026/08/28 14:21:42.327, 0, 100, 43817
2026/08/28 14:21:42.327, 1, 100, 43801
2026/08/28 14:21:42.327, 2, 100, 43801
2026/08/28 14:21:42.327, 3, 100, 43801
2026/08/28 14:21:42.827, 0, 100, 43817
2026/08/28 14:21:42.827, 1, 100, 43801
2026/08/28 14:21:42.827, 2, 100, 43801
2026/08/28 14:21:42.827, 3, 100, 43801
2026/08/28 14:21:43.327, 0, 100, 43817
2026/08/28 14:21:43.327, 1, 100, 43801
2026/08/28 14:21:43.327, 2, 100, 43801
2026/08/28 14:21:43.327, 3, 100, 43801
2026/08/28 14:21:43.827, 0, 100, 43817
2026/08/28 14:21:43.827, 1, 100, 43801
2026/08/28 14:21:43.827, 2, 100, 43801
2026/08/28 14:21:43.827, 3, 100, 43801
2026/08/28 14:21:44.327, 0, 100, 43817
2026/08/28 14:21:44.327, 1, 100, 43801
2026/08/28 14:21:44.327, 2, 100, 43801
2026/08/28 14:21:44.327, 3, 100, 43801
2026/08/28 14:21:44.827, 0, 100, 43817
2026/08/28 14:21:44.827, 1, 100, 43801
2026/08/28 14:21:44.827, 2, 100, 43801
2026/08/28 14:21:44.827, 3, 100, 43801
2026/08/28 14:21:45.327, 0, 100, 43817
2026/08/28 14:21:45.327, 1, 100, 43801
2026/08/28 14:21:45.327, 2, 100, 43801
2026/08/28 14:21:45.327, 3, 100, 43801
2026/08/28 14:21:45.828, 0, 100, 43817
2026/08/28 14:21:45.828, 1, 100, 43801
2026/08/28 14:21:45.828, 2, 95, 43801
2026/08/28 14:21:45.828, 3, 72, 43801
2026/08/28 14:21:46.328, 0, 44, 43817
2026/08/28 14:21:46.328, 1, 22, 43801
2026/08/28 14:21:46.328, 2, 52, 43801
2026/08/28 14:21:46.328, 3, 72, 43801
2026/08/28 14:21:46.828, 0, 100, 43817
2026/08/28 14:21:46.828, 1, 100, 43801
2026/08/28 14:21:46.828, 2, 100, 43801
2026/08/28 14:21:46.828, 3, 100, 43801
2026/08/28 14:21:47.328, 0, 100, 43817
2026/08/28 14:21:47.328, 1, 100, 43801
2026/08/28 14:21:47.328, 2, 100, 43801
2026/08/28 14:21:47.328, 3, 100, 43801
2026/08/28 14:21:47.828, 0, 100, 43817
2026/08/28 14:21:47.828, 1, 100, 43801
2026/08/28 14:21:47.828, 2, 100, 43801
2026/08/28 14:21:47.828, 3, 100, 43801
2026/08/28 14:21:48.328, 0, 100, 43817
2026/08/28 14:21:48.328, 1, 100, 43801
2026/08/28 14:21:48.329, 2, 100, 43801
2026/08/28 14:21:48.329, 3, 100, 43801
2026/08/28 14:21:48.829, 0, 100, 43817
2026/08/28 14:21:48.829, 1, 100, 43801
2026/08/28 14:21:48.829, 2, 100, 43801
2026/08/28 14:21:48.829, 3, 100, 43801
2026/08/28 14:21:49.329, 0, 100, 43817
2026/08/28 14:21:49.329, 1, 100, 43801
2026/08/28 14:21:49.329, 2, 100, 43801
2026/08/28 14:21:49.329, 3, 100, 43801
2026/08/28 14:21:49.829, 0, 100, 43817
2026/08/28 14:21:49.829, 1, 100, 43801
2026/08/28 14:21:49.829, 2, 100, 43801
2026/08/28 14:21:49.829, 3, 100, 43801
2026/08/28 14:21:50.329, 0, 100, 43817
2026/08/28 14:21:50.329, 1, 100, 43801
2026/08/28 14:21:50.329, 2, 100, 43801
2026/08/28 14:21:50.329, 3, 100, 43801
2026/08/28 14:21:50.829, 0, 100, 43817
2026/08/28 14:21:50.829, 1, 100, 43801
2026/08/28 14:21:50.829, 2, 100, 43801
2026/08/28 14:21:50.829, 3, 100, 43801
2026/08/28 14:21:51.329, 0, 0, 43817
2026/08/28 14:21:51.329, 1, 0, 43801
2026/08/28 14:21:51.330, 2, 0, 43801
2026/08/28 14:21:51.330, 3, 0, 43801
2026/08/28 14:21:51.830, 0, 99, 43817
2026/08/28 14:21:51.830, 1, 100, 43801
2026/08/28 14:21:51.830, 2, 99, 43801
2026/08/28 14:21:51.830, 3, 100, 43801
2026/08/28 14:21:52.330, 0, 100, 43817
2026/08/28 14:21:52.330, 1, 100, 43801
2026/08/28 14:21:52.330, 2, 100, 43801
2026/08/28 14:21:52.330, 3, 100, 43801
2026/08/28 14:21:52.830, 0, 100, 43817
2026/08/28 14:21:52.830, 1, 100, 43801
2026/08/28 14:21:52.830, 2, 100, 43801
2026/08/28 14:21:52.830, 3, 100, 43801
2026/08/28 14:21:53.330, 0, 100, 43817
2026/08/28 14:21:53.330, 1, 100, 43801
2026/08/28 14:21:53.330, 2, 100, 43801
2026/08/28 14:21:53.330, 3, 100, 43801
2026/08/28 14:21:53.830, 0, 100, 43817
2026/08/28 14:21:53.830, 1, 100, 43801
2026/08/28 14:21:53.830, 2, 100, 43801
2026/08/28 14:21:53.830, 3, 100, 43801
2026/08/28 14:21:54.330, 0, 100, 43817
2026/08/28 14:21:54.330, 1, 100, 43801
2026/08/28 14:21:54.330, 2, 100, 43801
2026/08/28 14:21:54.330, 3, 100, 43801
2026/08/28 14:21:54.831, 0, 100, 43817
2026/08/28 14:21:54.831, 1, 100, 43801
2026/08/28 14:21:54.831, 2, 100, 43801
2026/08/28 14:21:54.831, 3, 100, 43801
2026/08/28 14:21:55.331, 0, 100, 43817
2026/08/28 14:21:55.331, 1, 100, 43801
2026/08/28 14:21:55.331, 2, 100, 43801
2026/08/28 14:21:55.331, 3, 100, 43801
2026/08/28 14:21:55.831, 0, 100, 43817
2026/08/28 14:21:55.831, 1, 100, 43801
2026/08/28 14:21:55.831, 2, 100, 43801
2026/08/28 14:21:55.831, 3, 100, 43801
2026/08/28 14:21:56.331, 0, 0, 43817
2026/08/28 14:21:56.331, 1, 0, 43801
2026/08/28 14:21:56.331, 2, 0, 43801
2026/08/28 14:21:56.331, 3, 0, 43801
2026/08/28 14:21:56.831, 0, 100, 43817
2026/08/28 14:21:56.831, 1, 94, 43801
2026/08/28 14:21:56.831, 2, 100, 43801
2026/08/28 14:21:56.831, 3, 100, 43801
2026/08/28 14:21:57.331, 0, 100, 43817
2026/08/28 14:21:57.331, 1, 100, 43801
2026/08/28 14:21:57.331, 2, 100, 43801
2026/08/28 14:21:57.331, 3, 100, 43801
2026/08/28 14:21:57.831, 0, 100, 43817
2026/08/28 14:21:57.831, 1, 100, 43801
2026/08/28 14:21:57.831, 2, 100, 43801
2026/08/28 14:21:57.831, 3, 100, 43801
2026/08/28 14:21:58.332, 0, 100, 43817
2026/08/28 14:21:58.332, 1, 100, 43801
2026/08/28 14:21:58.332, 2, 100, 43801
2026/08/28 14:21:58.332, 3, 100, 43801
2026/08/28 14:21:58.832, 0, 100, 43817
2026/08/28 14:21:58.832, 1, 100, 43801
2026/08/28 14:21:58.832, 2, 100, 43801
2026/08/28 14:21:58.832, 3, 100, 43801
2026/08/28 14:21:59.332, 0, 100, 43817
2026/08/28 14:21:59.332, 1, 100, 43801
2026/08/28 14:21:59.332, 2, 100, 43801
2026/08/28 14:21:59.332, 3, 100, 43801
2026/08/28 14:21:59.832, 0, 100, 43817
2026/08/28 14:21:59.832, 1, 100, 43801
2026/08/28 14:21:59.832, 2, 100, 43801
2026/08/28 14:21:59.832, 3, 100, 43801
2026/08/28 14:22:00.332, 0, 100, 43817
2026/08/28 14:22:00.332, 1, 100, 43801
2026/08/28 14:22:00.332, 2, 100, 43801
2026/08/28 14:22:00.332, 3, 100, 43801
2026/08/28 14:22:00.832, 0, 100, 43817
2026/08/28 14:22:00.832, 1, 100, 43801
2026/08/28 14:22:00.832, 2, 100, 43801
2026/08/28 14:22:00.832, 3, 100, 43801
2026/08/28 14:22:01.332, 0, 0, 43817
2026/08/28 14:22:01.332, 1, 9, 43801
2026/08/28 14:22:01.332, 2, 0, 43801
2026/08/28 14:22:01.332, 3, 0, 43801
2026/08/28 14:22:01.832, 0, 0, 43817
2026/08/28 14:22:01.832, 1, 0, 43801
2026/08/28 14:22:01.832, 2, 0, 43801
2026/08/28 14:22:01.832, 3, 0, 43801
2026/08/28 14:22:02.333, 0, 0, 43817
2026/08/28 14:22:02.333, 1, 0, 43801
2026/08/28 14:22:02.333, 2, 0, 43801
2026/08/28 14:22:02.333, 3, 0, 43801
2026/08/28 14:22:02.833, 0, 0, 43817
2026/08/28 14:22:02.833, 1, 0, 43801
2026/08/28 14:22:02.833, 2, 0, 43801
2026/08/28 14:22:02.833, 3, 0, 43801
2026/08/28 14:22:03.333, 0, 0, 43817
2026/08/28 14:22:03.333, 1, 0, 43801
2026/08/28 14:22:03.333, 2, 0, 43801
2026/08/28 14:22:03.333, 3, 0, 43801
2026/08/28 14:22:03.833, 0, 0, 43817
2026/08/28 14:22:03.833, 1, 0, 43801
2026/08/28 14:22:03.833, 2, 0, 43801
2026/08/28 14:22:03.833, 3, 0, 43801
2026/08/28 14:22:04.333, 0, 0, 43817
2026/08/28 14:22:04.333, 1, 0, 43801
2026/08/28 14:22:04.333, 2, 0, 43801
2026/08/28 14:22:04.333, 3, 0, 43801
2026/08/28 14:22:04.833, 0, 0, 601
2026/08/28 14:22:04.833, 1, 0, 43801
2026/08/28 14:22:04.833, 2, 0, 43801
2026/08/28 14:22:04.833, 3, 0, 43801
2026/08/28 14:22:05.334, 0, 96, 593
2026/08/28 14:22:05.334, 1, 96, 577
2026/08/28 14:22:05.334, 2, 97, 577
2026/08/28 14:22:05.334, 3, 100, 577
2026/08/28 14:22:05.834, 0, 98, 587
2026/08/28 14:22:05.834, 1, 98, 571
2026/08/28 14:22:05.834, 2, 98, 571
2026/08/28 14:22:05.834, 3, 100, 571
2026/08/28 14:22:06.334, 0, 0, 587
2026/08/28 14:22:06.334, 1, 0, 571
2026/08/28 14:22:06.334, 2, 0, 571
2026/08/28 14:22:06.334, 3, 18, 571
2026/08/28 14:22:06.834, 0, 0, 585
2026/08/28 14:22:06.834, 1, 0, 569
2026/08/28 14:22:06.834, 2, 0, 569
2026/08/28 14:22:06.834, 3, 0, 569
