BUILD_HEAD=f6915f2a09443d48c1bb57e9b5f83e95400704fd
STAGE=encode
START_UTC=2026-09-18T02:00:00Z
LIB=/scratch/hongze/robomme_policy_learning_MotionJEPA/v1-store/datasets/4task-v2-1600ep-604f16da
RAW=/scratch/hongze/robomme_policy_learning_MotionJEPA/v1-store/raw-h5/4task-20260912-v2
ENC=/scratch/hongze/robomme_policy_learning_MotionJEPA/v1-store/external/motionjepa/wan-full1600-filter2-b176x4-72ep-a
warning: The `tool.uv.dev-dependencies` field (used in `packages/openpi-client/pyproject.toml`) is deprecated and will be removed in a future release; use `dependency-groups.dev` instead
warning: The `tool.uv.dev-dependencies` field (used in `packages/openpi-client/pyproject.toml`) is deprecated and will be removed in a future release; use `dependency-groups.dev` instead
STAGE_START stage=encode initial_complete=0 items=3200
[run_local] 起 worker gpu0: uv run --project /scratch/hongze/robomme_policy_learning_MotionJEPA/scripts/dataset/wan --no-sync python /scratch/hongze/robomme_policy_learning_MotionJEPA/scripts/dataset/wan/encode_motion.py --manifest /scratch/hongze/robomme_policy_learning_MotionJEPA/v1-store/datasets/4task-v2-1600ep-604f16da/meta/episode_manifest.json --latents /scratch/hongze/robomme_policy_learning_MotionJEPA/v1-store/datasets/4task-v2-1600ep-604f16da/wan-latents --out /scratch/hongze/robomme_policy_learning_MotionJEPA/v1-store/datasets/4task-v2-1600ep-604f16da/motion-tokens --worker gpu0 --encoder-run-dir /scratch/hongze/robomme_policy_learning_MotionJEPA/v1-store/external/motionjepa/wan-full1600-filter2-b176x4-72ep-a --checkpoint checkpoint_epoch_72.pt --expected-ckpt-sha256 0c1986297ccc0ab1913910f33a09ec74ba4c208844d0f5d72dd7ba59e0d9e3ca
[run_local] 起 worker gpu1: uv run --project /scratch/hongze/robomme_policy_learning_MotionJEPA/scripts/dataset/wan --no-sync python /scratch/hongze/robomme_policy_learning_MotionJEPA/scripts/dataset/wan/encode_motion.py --manifest /scratch/hongze/robomme_policy_learning_MotionJEPA/v1-store/datasets/4task-v2-1600ep-604f16da/meta/episode_manifest.json --latents /scratch/hongze/robomme_policy_learning_MotionJEPA/v1-store/datasets/4task-v2-1600ep-604f16da/wan-latents --out /scratch/hongze/robomme_policy_learning_MotionJEPA/v1-store/datasets/4task-v2-1600ep-604f16da/motion-tokens --worker gpu1 --encoder-run-dir /scratch/hongze/robomme_policy_learning_MotionJEPA/v1-store/external/motionjepa/wan-full1600-filter2-b176x4-72ep-a --checkpoint checkpoint_epoch_72.pt --expected-ckpt-sha256 0c1986297ccc0ab1913910f33a09ec74ba4c208844d0f5d72dd7ba59e0d9e3ca
[run_local] 起 worker gpu2: uv run --project /scratch/hongze/robomme_policy_learning_MotionJEPA/scripts/dataset/wan --no-sync python /scratch/hongze/robomme_policy_learning_MotionJEPA/scripts/dataset/wan/encode_motion.py --manifest /scratch/hongze/robomme_policy_learning_MotionJEPA/v1-store/datasets/4task-v2-1600ep-604f16da/meta/episode_manifest.json --latents /scratch/hongze/robomme_policy_learning_MotionJEPA/v1-store/datasets/4task-v2-1600ep-604f16da/wan-latents --out /scratch/hongze/robomme_policy_learning_MotionJEPA/v1-store/datasets/4task-v2-1600ep-604f16da/motion-tokens --worker gpu2 --encoder-run-dir /scratch/hongze/robomme_policy_learning_MotionJEPA/v1-store/external/motionjepa/wan-full1600-filter2-b176x4-72ep-a --checkpoint checkpoint_epoch_72.pt --expected-ckpt-sha256 0c1986297ccc0ab1913910f33a09ec74ba4c208844d0f5d72dd7ba59e0d9e3ca
[run_local] 起 worker gpu3: uv run --project /scratch/hongze/robomme_policy_learning_MotionJEPA/scripts/dataset/wan --no-sync python /scratch/hongze/robomme_policy_learning_MotionJEPA/scripts/dataset/wan/encode_motion.py --manifest /scratch/hongze/robomme_policy_learning_MotionJEPA/v1-store/datasets/4task-v2-1600ep-604f16da/meta/episode_manifest.json --latents /scratch/hongze/robomme_policy_learning_MotionJEPA/v1-store/datasets/4task-v2-1600ep-604f16da/wan-latents --out /scratch/hongze/robomme_policy_learning_MotionJEPA/v1-store/datasets/4task-v2-1600ep-604f16da/motion-tokens --worker gpu3 --encoder-run-dir /scratch/hongze/robomme_policy_learning_MotionJEPA/v1-store/external/motionjepa/wan-full1600-filter2-b176x4-72ep-a --checkpoint checkpoint_epoch_72.pt --expected-ckpt-sha256 0c1986297ccc0ab1913910f33a09ec74ba4c208844d0f5d72dd7ba59e0d9e3ca
[run_local] 起 worker gpu4: uv run --project /scratch/hongze/robomme_policy_learning_MotionJEPA/scripts/dataset/wan --no-sync python /scratch/hongze/robomme_policy_learning_MotionJEPA/scripts/dataset/wan/encode_motion.py --manifest /scratch/hongze/robomme_policy_learning_MotionJEPA/v1-store/datasets/4task-v2-1600ep-604f16da/meta/episode_manifest.json --latents /scratch/hongze/robomme_policy_learning_MotionJEPA/v1-store/datasets/4task-v2-1600ep-604f16da/wan-latents --out /scratch/hongze/robomme_policy_learning_MotionJEPA/v1-store/datasets/4task-v2-1600ep-604f16da/motion-tokens --worker gpu4 --encoder-run-dir /scratch/hongze/robomme_policy_learning_MotionJEPA/v1-store/external/motionjepa/wan-full1600-filter2-b176x4-72ep-a --checkpoint checkpoint_epoch_72.pt --expected-ckpt-sha256 0c1986297ccc0ab1913910f33a09ec74ba4c208844d0f5d72dd7ba59e0d9e3ca
[run_local] 起 worker gpu5: uv run --project /scratch/hongze/robomme_policy_learning_MotionJEPA/scripts/dataset/wan --no-sync python /scratch/hongze/robomme_policy_learning_MotionJEPA/scripts/dataset/wan/encode_motion.py --manifest /scratch/hongze/robomme_policy_learning_MotionJEPA/v1-store/datasets/4task-v2-1600ep-604f16da/meta/episode_manifest.json --latents /scratch/hongze/robomme_policy_learning_MotionJEPA/v1-store/datasets/4task-v2-1600ep-604f16da/wan-latents --out /scratch/hongze/robomme_policy_learning_MotionJEPA/v1-store/datasets/4task-v2-1600ep-604f16da/motion-tokens --worker gpu5 --encoder-run-dir /scratch/hongze/robomme_policy_learning_MotionJEPA/v1-store/external/motionjepa/wan-full1600-filter2-b176x4-72ep-a --checkpoint checkpoint_epoch_72.pt --expected-ckpt-sha256 0c1986297ccc0ab1913910f33a09ec74ba4c208844d0f5d72dd7ba59e0d9e3ca
[run_local] 起 worker gpu6: uv run --project /scratch/hongze/robomme_policy_learning_MotionJEPA/scripts/dataset/wan --no-sync python /scratch/hongze/robomme_policy_learning_MotionJEPA/scripts/dataset/wan/encode_motion.py --manifest /scratch/hongze/robomme_policy_learning_MotionJEPA/v1-store/datasets/4task-v2-1600ep-604f16da/meta/episode_manifest.json --latents /scratch/hongze/robomme_policy_learning_MotionJEPA/v1-store/datasets/4task-v2-1600ep-604f16da/wan-latents --out /scratch/hongze/robomme_policy_learning_MotionJEPA/v1-store/datasets/4task-v2-1600ep-604f16da/motion-tokens --worker gpu6 --encoder-run-dir /scratch/hongze/robomme_policy_learning_MotionJEPA/v1-store/external/motionjepa/wan-full1600-filter2-b176x4-72ep-a --checkpoint checkpoint_epoch_72.pt --expected-ckpt-sha256 0c1986297ccc0ab1913910f33a09ec74ba4c208844d0f5d72dd7ba59e0d9e3ca
[run_local] 起 worker gpu7: uv run --project /scratch/hongze/robomme_policy_learning_MotionJEPA/scripts/dataset/wan --no-sync python /scratch/hongze/robomme_policy_learning_MotionJEPA/scripts/dataset/wan/encode_motion.py --manifest /scratch/hongze/robomme_policy_learning_MotionJEPA/v1-store/datasets/4task-v2-1600ep-604f16da/meta/episode_manifest.json --latents /scratch/hongze/robomme_policy_learning_MotionJEPA/v1-store/datasets/4task-v2-1600ep-604f16da/wan-latents --out /scratch/hongze/robomme_policy_learning_MotionJEPA/v1-store/datasets/4task-v2-1600ep-604f16da/motion-tokens --worker gpu7 --encoder-run-dir /scratch/hongze/robomme_policy_learning_MotionJEPA/v1-store/external/motionjepa/wan-full1600-filter2-b176x4-72ep-a --checkpoint checkpoint_epoch_72.pt --expected-ckpt-sha256 0c1986297ccc0ab1913910f33a09ec74ba4c208844d0f5d72dd7ba59e0d9e3ca
[gpu3] warning: `VIRTUAL_ENV=.venv` does not match the project environment path `v1-store/venvs/wan` and will be ignored; use `--active` to target the active environment instead
[gpu5] warning: `VIRTUAL_ENV=.venv` does not match the project environment path `v1-store/venvs/wan` and will be ignored; use `--active` to target the active environment instead
[gpu2] warning: `VIRTUAL_ENV=.venv` does not match the project environment path `v1-store/venvs/wan` and will be ignored; use `--active` to target the active environment instead
[gpu0] warning: `VIRTUAL_ENV=.venv` does not match the project environment path `v1-store/venvs/wan` and will be ignored; use `--active` to target the active environment instead
[gpu1] warning: `VIRTUAL_ENV=.venv` does not match the project environment path `v1-store/venvs/wan` and will be ignored; use `--active` to target the active environment instead
[gpu4] warning: `VIRTUAL_ENV=.venv` does not match the project environment path `v1-store/venvs/wan` and will be ignored; use `--active` to target the active environment instead
[gpu6] warning: `VIRTUAL_ENV=.venv` does not match the project environment path `v1-store/venvs/wan` and will be ignored; use `--active` to target the active environment instead
[gpu7] warning: `VIRTUAL_ENV=.venv` does not match the project environment path `v1-store/venvs/wan` and will be ignored; use `--active` to target the active environment instead
[gpu0] [encode] worker=gpu0 gpu=NVIDIA A100-SXM4-80GB ckpt=0c1986297ccc0ab1… epoch=72 amp=bf16 tensors=77 items_total=3200
[gpu5] [encode] worker=gpu5 gpu=NVIDIA A100-SXM4-80GB ckpt=0c1986297ccc0ab1… epoch=72 amp=bf16 tensors=77 items_total=3200
[gpu3] [encode] worker=gpu3 gpu=NVIDIA A100-SXM4-80GB ckpt=0c1986297ccc0ab1… epoch=72 amp=bf16 tensors=77 items_total=3200
[gpu2] [encode] worker=gpu2 gpu=NVIDIA A100-SXM4-80GB ckpt=0c1986297ccc0ab1… epoch=72 amp=bf16 tensors=77 items_total=3200
[gpu4] [encode] worker=gpu4 gpu=NVIDIA A100-SXM4-80GB ckpt=0c1986297ccc0ab1… epoch=72 amp=bf16 tensors=77 items_total=3200
[gpu6] [encode] worker=gpu6 gpu=NVIDIA A100-SXM4-80GB ckpt=0c1986297ccc0ab1… epoch=72 amp=bf16 tensors=77 items_total=3200
[gpu1] [encode] worker=gpu1 gpu=NVIDIA A100-SXM4-80GB ckpt=0c1986297ccc0ab1… epoch=72 amp=bf16 tensors=77 items_total=3200
[gpu7] [encode] worker=gpu7 gpu=NVIDIA A100-SXM4-80GB ckpt=0c1986297ccc0ab1… epoch=72 amp=bf16 tensors=77 items_total=3200
[gpu0] [encode] BinFill_ep367_demo windows=71 took=1.2s (16 ms/窗) 累计 items=1 windows=71 elapsed=1s
[gpu5] [encode] BinFill_ep367_exec windows=70 took=1.1s (16 ms/窗) 累计 items=1 windows=70 elapsed=1s
[gpu2] [encode] BinFill_ep273_demo windows=67 took=1.1s (16 ms/窗) 累计 items=1 windows=67 elapsed=1s
[gpu3] [encode] BinFill_ep355_demo windows=68 took=1.1s (16 ms/窗) 累计 items=1 windows=68 elapsed=1s
[gpu4] [encode] BinFill_ep317_demo windows=67 took=1.1s (16 ms/窗) 累计 items=1 windows=67 elapsed=1s
[gpu6] [encode] BinFill_ep355_exec windows=67 took=1.0s (16 ms/窗) 累计 items=1 windows=67 elapsed=1s
[gpu1] [encode] BinFill_ep273_exec windows=66 took=1.1s (16 ms/窗) 累计 items=1 windows=66 elapsed=1s
[gpu7] [encode] BinFill_ep317_exec windows=66 took=1.2s (18 ms/窗) 累计 items=1 windows=66 elapsed=1s
[gpu0] [encode] BinFill_ep337_demo windows=66 took=0.9s (13 ms/窗) 累计 items=2 windows=137 elapsed=2s
[gpu5] [encode] BinFill_ep330_demo windows=65 took=0.9s (13 ms/窗) 累计 items=2 windows=135 elapsed=2s
[gpu2] [encode] BinFill_ep337_exec windows=65 took=0.9s (13 ms/窗) 累计 items=2 windows=132 elapsed=2s
[gpu4] [encode] BinFill_ep268_demo windows=64 took=0.8s (13 ms/窗) 累计 items=2 windows=131 elapsed=2s
[gpu6] [encode] BinFill_ep292_demo windows=64 took=0.8s (13 ms/窗) 累计 items=2 windows=131 elapsed=2s
[gpu1] [encode] BinFill_ep294_demo windows=64 took=0.8s (13 ms/窗) 累计 items=2 windows=130 elapsed=2s
[gpu3] [encode] BinFill_ep297_demo windows=64 took=0.9s (13 ms/窗) 累计 items=2 windows=132 elapsed=2s
[gpu0] [encode] BinFill_ep313_demo windows=64 took=0.9s (13 ms/窗) 累计 items=3 windows=201 elapsed=3s
[gpu5] [encode] BinFill_ep324_demo windows=64 took=0.8s (13 ms/窗) 累计 items=3 windows=199 elapsed=3s
[gpu7] [encode] BinFill_ep299_demo windows=64 took=1.0s (16 ms/窗) 累计 items=2 windows=130 elapsed=2s
[gpu6] [encode] BinFill_ep343_demo windows=64 took=0.8s (13 ms/窗) 累计 items=3 windows=195 elapsed=3s
[gpu4] [encode] BinFill_ep342_demo windows=64 took=0.8s (13 ms/窗) 累计 items=3 windows=195 elapsed=3s
[gpu2] [encode] BinFill_ep330_exec windows=64 took=0.9s (14 ms/窗) 累计 items=3 windows=196 elapsed=3s
[gpu1] [encode] BinFill_ep357_demo windows=64 took=0.8s (13 ms/窗) 累计 items=3 windows=194 elapsed=3s
[gpu3] [encode] BinFill_ep375_demo windows=64 took=0.8s (13 ms/窗) 累计 items=3 windows=196 elapsed=3s
[gpu0] [encode] BinFill_ep383_demo windows=64 took=0.8s (13 ms/窗) 累计 items=4 windows=265 elapsed=4s
[gpu5] [encode] BinFill_ep399_demo windows=64 took=0.8s (13 ms/窗) 累计 items=4 windows=263 elapsed=4s
[gpu6] [encode] BinFill_ep292_exec windows=63 took=0.8s (13 ms/窗) 累计 items=4 windows=258 elapsed=4s
[gpu4] [encode] BinFill_ep294_exec windows=63 took=0.8s (13 ms/窗) 累计 items=4 windows=258 elapsed=4s
[gpu1] [encode] BinFill_ep297_exec windows=63 took=0.8s (13 ms/窗) 累计 items=4 windows=257 elapsed=4s
[gpu7] [encode] BinFill_ep268_exec windows=63 took=1.0s (16 ms/窗) 累计 items=3 windows=193 elapsed=3s
[gpu2] [encode] BinFill_ep299_exec windows=63 took=0.8s (13 ms/窗) 累计 items=4 windows=259 elapsed=4s
[gpu3] [encode] BinFill_ep313_exec windows=63 took=0.8s (13 ms/窗) 累计 items=4 windows=259 elapsed=4s
[gpu0] [encode] BinFill_ep324_exec windows=63 took=0.8s (13 ms/窗) 累计 items=5 windows=328 elapsed=5s
[gpu5] [encode] BinFill_ep342_exec windows=63 took=0.8s (13 ms/窗) 累计 items=5 windows=326 elapsed=4s
[gpu6] [encode] BinFill_ep343_exec windows=63 took=0.8s (13 ms/窗) 累计 items=5 windows=321 elapsed=4s
[gpu4] [encode] BinFill_ep357_exec windows=63 took=0.8s (13 ms/窗) 累计 items=5 windows=321 elapsed=5s
[gpu1] [encode] BinFill_ep375_exec windows=63 took=0.8s (13 ms/窗) 累计 items=5 windows=320 elapsed=4s
[gpu2] [encode] BinFill_ep383_exec windows=63 took=0.8s (13 ms/窗) 累计 items=5 windows=322 elapsed=5s
[gpu3] [encode] BinFill_ep399_exec windows=63 took=0.8s (13 ms/窗) 累计 items=5 windows=322 elapsed=5s
[gpu5] [encode] BinFill_ep304_demo windows=62 took=0.8s (13 ms/窗) 累计 items=6 windows=388 elapsed=5s
[gpu0] [encode] BinFill_ep281_demo windows=62 took=0.8s (13 ms/窗) 累计 items=6 windows=390 elapsed=5s
[gpu6] [encode] BinFill_ep319_demo windows=62 took=0.8s (13 ms/窗) 累计 items=6 windows=383 elapsed=5s
[gpu4] [encode] BinFill_ep335_demo windows=62 took=0.8s (13 ms/窗) 累计 items=6 windows=383 elapsed=5s
[gpu1] [encode] BinFill_ep347_demo windows=62 took=0.8s (13 ms/窗) 累计 items=6 windows=382 elapsed=5s
[gpu7] [encode] BinFill_ep311_demo windows=62 took=1.0s (16 ms/窗) 累计 items=4 windows=255 elapsed=5s
[gpu2] [encode] BinFill_ep394_demo windows=62 took=0.8s (13 ms/窗) 累计 items=6 windows=384 elapsed=6s
[gpu3] [encode] BinFill_ep276_demo windows=61 took=0.8s (13 ms/窗) 累计 items=6 windows=383 elapsed=6s
[gpu5] [encode] BinFill_ep281_exec windows=61 took=0.8s (13 ms/窗) 累计 items=7 windows=449 elapsed=6s
[gpu0] [encode] BinFill_ep286_demo windows=61 took=0.8s (13 ms/窗) 累计 items=7 windows=451 elapsed=6s
[gpu6] [encode] BinFill_ep303_demo windows=61 took=0.8s (13 ms/窗) 累计 items=7 windows=444 elapsed=6s
[gpu1] [encode] BinFill_ep311_exec windows=61 took=0.8s (13 ms/窗) 累计 items=7 windows=443 elapsed=6s
[gpu4] [encode] BinFill_ep304_exec windows=61 took=0.8s (13 ms/窗) 累计 items=7 windows=444 elapsed=6s
[gpu2] [encode] BinFill_ep319_exec windows=61 took=0.8s (14 ms/窗) 累计 items=7 windows=445 elapsed=6s
[gpu3] [encode] BinFill_ep335_exec windows=61 took=0.8s (13 ms/窗) 累计 items=7 windows=444 elapsed=6s
[gpu5] [encode] BinFill_ep347_exec windows=61 took=0.8s (13 ms/窗) 累计 items=8 windows=510 elapsed=7s
[gpu0] [encode] BinFill_ep376_demo windows=61 took=0.8s (13 ms/窗) 累计 items=8 windows=512 elapsed=7s
[gpu6] [encode] BinFill_ep384_demo windows=61 took=0.8s (13 ms/窗) 累计 items=8 windows=505 elapsed=7s
[gpu7] [encode] BinFill_ep358_demo windows=61 took=1.0s (16 ms/窗) 累计 items=5 windows=316 elapsed=6s
[gpu1] [encode] BinFill_ep394_exec windows=61 took=0.8s (13 ms/窗) 累计 items=8 windows=504 elapsed=7s
[gpu4] [encode] VideoUnmaskSwap_ep305_exec windows=61 took=0.8s (13 ms/窗) 累计 items=8 windows=505 elapsed=7s
[gpu2] [encode] BinFill_ep274_demo windows=60 took=0.8s (13 ms/窗) 累计 items=8 windows=505 elapsed=7s
[gpu3] [encode] BinFill_ep276_exec windows=60 took=0.8s (13 ms/窗) 累计 items=8 windows=504 elapsed=7s
[gpu5] [encode] BinFill_ep286_exec windows=60 took=0.8s (13 ms/窗) 累计 items=9 windows=570 elapsed=8s
[gpu0] [encode] BinFill_ep303_exec windows=60 took=0.8s (13 ms/窗) 累计 items=9 windows=572 elapsed=8s
[gpu6] [encode] BinFill_ep352_demo windows=60 took=0.8s (13 ms/窗) 累计 items=9 windows=565 elapsed=7s
[gpu1] [encode] BinFill_ep358_exec windows=60 took=0.8s (13 ms/窗) 累计 items=9 windows=564 elapsed=8s
[gpu4] [encode] BinFill_ep372_demo windows=60 took=0.8s (13 ms/窗) 累计 items=9 windows=565 elapsed=8s
[gpu2] [encode] BinFill_ep384_exec windows=60 took=0.8s (13 ms/窗) 累计 items=9 windows=565 elapsed=8s
[gpu3] [encode] BinFill_ep392_demo windows=60 took=0.8s (13 ms/窗) 累计 items=9 windows=564 elapsed=8s
[gpu7] [encode] BinFill_ep376_exec windows=60 took=0.9s (16 ms/窗) 累计 items=6 windows=376 elapsed=8s
[gpu5] [encode] BinFill_ep274_exec windows=59 took=0.8s (13 ms/窗) 累计 items=10 windows=629 elapsed=8s
[gpu0] [encode] BinFill_ep283_demo windows=59 took=0.8s (13 ms/窗) 累计 items=10 windows=631 elapsed=9s
[gpu6] [encode] BinFill_ep329_demo windows=59 took=0.8s (13 ms/窗) 累计 items=10 windows=624 elapsed=8s
[gpu1] [encode] BinFill_ep352_exec windows=59 took=0.8s (13 ms/窗) 累计 items=10 windows=623 elapsed=8s
[gpu4] [encode] BinFill_ep372_exec windows=59 took=0.8s (13 ms/窗) 累计 items=10 windows=624 elapsed=9s
[gpu2] [encode] BinFill_ep392_exec windows=59 took=0.8s (13 ms/窗) 累计 items=10 windows=624 elapsed=9s
[gpu3] [encode] BinFill_ep393_demo windows=59 took=0.8s (13 ms/窗) 累计 items=10 windows=623 elapsed=9s
[gpu5] [encode] BinFill_ep283_exec windows=58 took=0.8s (13 ms/窗) 累计 items=11 windows=687 elapsed=9s
[gpu0] [encode] BinFill_ep329_exec windows=58 took=0.8s (13 ms/窗) 累计 items=11 windows=689 elapsed=10s
[gpu6] [encode] BinFill_ep356_demo windows=58 took=0.7s (13 ms/窗) 累计 items=11 windows=682 elapsed=9s
[gpu1] [encode] BinFill_ep366_demo windows=58 took=0.8s (13 ms/窗) 累计 items=11 windows=681 elapsed=9s
[gpu4] [encode] BinFill_ep393_exec windows=58 took=0.8s (13 ms/窗) 累计 items=11 windows=682 elapsed=9s
[gpu3] [encode] BinFill_ep380_demo windows=57 took=0.8s (13 ms/窗) 累计 items=11 windows=680 elapsed=10s
[gpu2] [encode] BinFill_ep366_exec windows=57 took=0.8s (13 ms/窗) 累计 items=11 windows=681 elapsed=10s
[gpu7] [encode] BinFill_ep356_exec windows=57 took=0.9s (16 ms/窗) 累计 items=7 windows=433 elapsed=9s
[gpu5] [encode] BinFill_ep390_demo windows=57 took=0.7s (13 ms/窗) 累计 items=12 windows=744 elapsed=10s
[gpu0] [encode] BinFill_ep373_demo windows=56 took=0.7s (13 ms/窗) 累计 items=12 windows=745 elapsed=10s
[gpu6] [encode] BinFill_ep380_exec windows=56 took=0.7s (13 ms/窗) 累计 items=12 windows=738 elapsed=10s
[gpu1] [encode] BinFill_ep390_exec windows=56 took=0.7s (13 ms/窗) 累计 items=12 windows=737 elapsed=10s
[gpu4] [encode] BinFill_ep234_demo windows=55 took=0.7s (13 ms/窗) 累计 items=12 windows=737 elapsed=10s
[gpu3] [encode] BinFill_ep298_demo windows=55 took=0.7s (13 ms/窗) 累计 items=12 windows=735 elapsed=10s
[gpu5] [encode] BinFill_ep373_exec windows=55 took=0.7s (13 ms/窗) 累计 items=13 windows=799 elapsed=11s
[gpu2] [encode] BinFill_ep152_demo windows=54 took=0.7s (13 ms/窗) 累计 items=12 windows=735 elapsed=10s
[gpu6] [encode] BinFill_ep234_exec windows=54 took=0.7s (13 ms/窗) 累计 items=13 windows=792 elapsed=10s
[gpu0] [encode] BinFill_ep187_demo windows=54 took=0.7s (13 ms/窗) 累计 items=13 windows=799 elapsed=11s
[gpu1] [encode] BinFill_ep255_demo windows=54 took=0.7s (13 ms/窗) 累计 items=13 windows=791 elapsed=10s
[gpu4] [encode] BinFill_ep298_exec windows=54 took=0.7s (13 ms/窗) 累计 items=13 windows=791 elapsed=11s
[gpu7] [encode] BinFill_ep300_demo windows=54 took=0.9s (16 ms/窗) 累计 items=8 windows=487 elapsed=11s
[gpu3] [encode] BinFill_ep348_demo windows=54 took=0.7s (13 ms/窗) 累计 items=13 windows=789 elapsed=11s
[gpu5] [encode] BinFill_ep368_demo windows=54 took=0.7s (13 ms/窗) 累计 items=14 windows=853 elapsed=11s
[gpu2] [encode] BinFill_ep137_demo windows=53 took=0.7s (13 ms/窗) 累计 items=13 windows=788 elapsed=11s
[gpu6] [encode] BinFill_ep152_exec windows=53 took=0.7s (13 ms/窗) 累计 items=14 windows=845 elapsed=11s
[gpu0] [encode] BinFill_ep179_demo windows=53 took=0.7s (13 ms/窗) 累计 items=14 windows=852 elapsed=12s
[gpu1] [encode] BinFill_ep187_exec windows=53 took=0.7s (13 ms/窗) 累计 items=14 windows=844 elapsed=11s
[gpu4] [encode] BinFill_ep208_demo windows=53 took=0.7s (13 ms/窗) 累计 items=14 windows=844 elapsed=11s
[gpu3] [encode] BinFill_ep269_demo windows=53 took=0.7s (13 ms/窗) 累计 items=14 windows=842 elapsed=12s
[gpu5] [encode] BinFill_ep278_demo windows=53 took=0.7s (13 ms/窗) 累计 items=15 windows=906 elapsed=12s
[gpu7] [encode] BinFill_ep255_exec windows=53 took=0.8s (16 ms/窗) 累计 items=9 windows=540 elapsed=11s
[gpu2] [encode] BinFill_ep280_demo windows=53 took=0.7s (13 ms/窗) 累计 items=14 windows=841 elapsed=12s
[gpu6] [encode] BinFill_ep300_exec windows=53 took=0.7s (13 ms/窗) 累计 items=15 windows=898 elapsed=12s
[gpu0] [encode] BinFill_ep348_exec windows=53 took=0.7s (13 ms/窗) 累计 items=15 windows=905 elapsed=12s
[gpu1] [encode] BinFill_ep349_demo windows=53 took=0.7s (13 ms/窗) 累计 items=15 windows=897 elapsed=12s
[gpu4] [encode] BinFill_ep368_exec windows=53 took=0.7s (13 ms/窗) 累计 items=15 windows=897 elapsed=12s
[gpu3] [encode] BinFill_ep387_demo windows=53 took=0.7s (13 ms/窗) 累计 items=15 windows=895 elapsed=12s
[gpu5] [encode] BinFill_ep137_exec windows=52 took=0.7s (13 ms/窗) 累计 items=16 windows=958 elapsed=13s
[gpu6] [encode] BinFill_ep179_exec windows=52 took=0.7s (13 ms/窗) 累计 items=16 windows=950 elapsed=12s
[gpu2] [encode] BinFill_ep142_demo windows=52 took=0.7s (13 ms/窗) 累计 items=15 windows=893 elapsed=13s
[gpu0] [encode] BinFill_ep191_demo windows=52 took=0.7s (13 ms/窗) 累计 items=16 windows=957 elapsed=13s
[gpu1] [encode] BinFill_ep200_demo windows=52 took=0.7s (13 ms/窗) 累计 items=16 windows=949 elapsed=13s
[gpu4] [encode] BinFill_ep205_demo windows=52 took=0.7s (13 ms/窗) 累计 items=16 windows=949 elapsed=13s
[gpu3] [encode] BinFill_ep229_demo windows=52 took=0.7s (13 ms/窗) 累计 items=16 windows=947 elapsed=13s
[gpu5] [encode] BinFill_ep231_demo windows=52 took=0.7s (13 ms/窗) 累计 items=17 windows=1010 elapsed=13s
[gpu7] [encode] BinFill_ep208_exec windows=52 took=0.8s (16 ms/窗) 累计 items=10 windows=592 elapsed=13s
[gpu6] [encode] BinFill_ep267_demo windows=52 took=0.7s (13 ms/窗) 累计 items=17 windows=1002 elapsed=13s
[gpu2] [encode] BinFill_ep269_exec windows=52 took=0.7s (13 ms/窗) 累计 items=16 windows=945 elapsed=13s
[gpu0] [encode] BinFill_ep278_exec windows=52 took=0.7s (13 ms/窗) 累计 items=17 windows=1009 elapsed=14s
[gpu1] [encode] BinFill_ep280_exec windows=52 took=0.7s (13 ms/窗) 累计 items=17 windows=1001 elapsed=13s
[gpu4] [encode] BinFill_ep289_demo windows=52 took=0.7s (13 ms/窗) 累计 items=17 windows=1001 elapsed=13s
[gpu3] [encode] BinFill_ep307_demo windows=52 took=0.7s (13 ms/窗) 累计 items=17 windows=999 elapsed=14s
[gpu5] [encode] BinFill_ep323_demo windows=52 took=0.7s (13 ms/窗) 累计 items=18 windows=1062 elapsed=14s
[gpu6] [encode] BinFill_ep349_exec windows=52 took=0.7s (13 ms/窗) 累计 items=18 windows=1054 elapsed=14s
[gpu2] [encode] BinFill_ep363_demo windows=52 took=0.7s (13 ms/窗) 累计 items=17 windows=997 elapsed=14s
[gpu0] [encode] BinFill_ep387_exec windows=52 took=0.7s (13 ms/窗) 累计 items=18 windows=1061 elapsed=15s
[gpu1] [encode] BinFill_ep142_exec windows=51 took=0.7s (13 ms/窗) 累计 items=18 windows=1052 elapsed=14s
[gpu4] [encode] BinFill_ep164_demo windows=51 took=0.7s (13 ms/窗) 累计 items=18 windows=1052 elapsed=14s
[gpu5] [encode] BinFill_ep191_exec windows=51 took=0.7s (13 ms/窗) 累计 items=19 windows=1113 elapsed=15s
[gpu7] [encode] BinFill_ep178_demo windows=51 took=0.8s (16 ms/窗) 累计 items=11 windows=643 elapsed=14s
[gpu3] [encode] BinFill_ep200_exec windows=51 took=0.7s (13 ms/窗) 累计 items=18 windows=1050 elapsed=15s
[gpu6] [encode] BinFill_ep205_exec windows=51 took=0.7s (13 ms/窗) 累计 items=19 windows=1105 elapsed=14s
[gpu2] [encode] BinFill_ep207_demo windows=51 took=0.7s (13 ms/窗) 累计 items=18 windows=1048 elapsed=15s
[gpu1] [encode] BinFill_ep231_exec windows=51 took=0.7s (13 ms/窗) 累计 items=19 windows=1103 elapsed=15s
[gpu0] [encode] BinFill_ep229_exec windows=51 took=0.7s (13 ms/窗) 累计 items=19 windows=1112 elapsed=15s
[gpu4] [encode] BinFill_ep248_demo windows=51 took=0.7s (13 ms/窗) 累计 items=19 windows=1103 elapsed=15s
[gpu5] [encode] BinFill_ep252_demo windows=51 took=0.7s (13 ms/窗) 累计 items=20 windows=1164 elapsed=15s
[gpu3] [encode] BinFill_ep267_exec windows=51 took=0.7s (13 ms/窗) 累计 items=19 windows=1101 elapsed=15s
[gpu6] [encode] BinFill_ep284_demo windows=51 took=0.7s (13 ms/窗) 累计 items=20 windows=1156 elapsed=15s
[gpu7] [encode] BinFill_ep263_demo windows=51 took=0.8s (16 ms/窗) 累计 items=12 windows=694 elapsed=15s
[gpu2] [encode] BinFill_ep288_demo windows=51 took=0.7s (13 ms/窗) 累计 items=19 windows=1099 elapsed=15s
[gpu1] [encode] BinFill_ep289_exec windows=51 took=0.7s (13 ms/窗) 累计 items=20 windows=1154 elapsed=15s
[gpu4] [encode] BinFill_ep307_exec windows=51 took=0.7s (13 ms/窗) 累计 items=20 windows=1154 elapsed=15s
[gpu0] [encode] BinFill_ep323_exec windows=51 took=0.7s (13 ms/窗) 累计 items=20 windows=1163 elapsed=16s
[gpu5] [encode] BinFill_ep344_demo windows=51 took=0.7s (13 ms/窗) 累计 items=21 windows=1215 elapsed=16s
[gpu3] [encode] BinFill_ep354_demo windows=51 took=0.7s (13 ms/窗) 累计 items=20 windows=1152 elapsed=16s
[gpu6] [encode] BinFill_ep361_demo windows=51 took=0.7s (13 ms/窗) 累计 items=21 windows=1207 elapsed=16s
[gpu1] [encode] BinFill_ep379_demo windows=51 took=0.7s (13 ms/窗) 累计 items=21 windows=1205 elapsed=16s
[gpu2] [encode] BinFill_ep363_exec windows=51 took=0.7s (13 ms/窗) 累计 items=20 windows=1150 elapsed=16s
[gpu4] [encode] BinFill_ep382_demo windows=51 took=0.7s (13 ms/窗) 累计 items=21 windows=1205 elapsed=16s
[gpu0] [encode] BinFill_ep136_demo windows=50 took=0.7s (13 ms/窗) 累计 items=21 windows=1213 elapsed=17s
[gpu5] [encode] BinFill_ep148_demo windows=50 took=0.7s (13 ms/窗) 累计 items=22 windows=1265 elapsed=17s
[gpu6] [encode] BinFill_ep168_demo windows=50 took=0.6s (13 ms/窗) 累计 items=22 windows=1257 elapsed=16s
[gpu3] [encode] BinFill_ep164_exec windows=50 took=0.7s (13 ms/窗) 累计 items=21 windows=1202 elapsed=17s
[gpu7] [encode] BinFill_ep139_demo windows=50 took=0.8s (16 ms/窗) 累计 items=13 windows=744 elapsed=16s
[gpu1] [encode] BinFill_ep178_exec windows=50 took=0.7s (13 ms/窗) 累计 items=22 windows=1255 elapsed=17s
[gpu4] [encode] BinFill_ep207_exec windows=50 took=0.7s (13 ms/窗) 累计 items=22 windows=1255 elapsed=17s
[gpu2] [encode] BinFill_ep193_demo windows=50 took=0.7s (13 ms/窗) 累计 items=21 windows=1200 elapsed=17s
[gpu0] [encode] BinFill_ep217_demo windows=50 took=0.7s (13 ms/窗) 累计 items=22 windows=1263 elapsed=17s
[gpu5] [encode] BinFill_ep232_demo windows=50 took=0.7s (13 ms/窗) 累计 items=23 windows=1315 elapsed=17s
[gpu6] [encode] BinFill_ep245_demo windows=50 took=0.6s (13 ms/窗) 累计 items=23 windows=1307 elapsed=17s
[gpu3] [encode] BinFill_ep248_exec windows=50 took=0.7s (13 ms/窗) 累计 items=22 windows=1252 elapsed=17s
[gpu1] [encode] BinFill_ep252_exec windows=50 took=0.7s (13 ms/窗) 累计 items=23 windows=1305 elapsed=17s
[gpu4] [encode] BinFill_ep260_demo windows=50 took=0.7s (13 ms/窗) 累计 items=23 windows=1305 elapsed=17s
[gpu2] [encode] BinFill_ep266_demo windows=50 took=0.7s (13 ms/窗) 累计 items=22 windows=1250 elapsed=18s
[gpu0] [encode] BinFill_ep284_exec windows=50 took=0.7s (13 ms/窗) 累计 items=23 windows=1313 elapsed=18s
[gpu7] [encode] BinFill_ep263_exec windows=50 took=0.8s (16 ms/窗) 累计 items=14 windows=794 elapsed=17s
[gpu5] [encode] BinFill_ep288_exec windows=50 took=0.7s (13 ms/窗) 累计 items=24 windows=1365 elapsed=18s
[gpu6] [encode] BinFill_ep301_demo windows=50 took=0.6s (13 ms/窗) 累计 items=24 windows=1357 elapsed=18s
[gpu3] [encode] BinFill_ep321_demo windows=50 took=0.7s (13 ms/窗) 累计 items=23 windows=1302 elapsed=18s
[gpu1] [encode] BinFill_ep332_demo windows=50 took=0.7s (13 ms/窗) 累计 items=24 windows=1355 elapsed=18s
[gpu4] [encode] BinFill_ep344_exec windows=50 took=0.7s (13 ms/窗) 累计 items=24 windows=1355 elapsed=18s
[gpu2] [encode] BinFill_ep354_exec windows=50 took=0.7s (13 ms/窗) 累计 items=23 windows=1300 elapsed=18s
[gpu0] [encode] BinFill_ep361_exec windows=50 took=0.7s (13 ms/窗) 累计 items=24 windows=1363 elapsed=19s
[gpu5] [encode] BinFill_ep379_exec windows=50 took=0.7s (13 ms/窗) 累计 items=25 windows=1415 elapsed=19s
[gpu6] [encode] BinFill_ep382_exec windows=50 took=0.6s (13 ms/窗) 累计 items=25 windows=1407 elapsed=18s
[gpu3] [encode] BinFill_ep389_demo windows=50 took=0.7s (13 ms/窗) 累计 items=24 windows=1352 elapsed=19s
[gpu1] [encode] BinFill_ep136_exec windows=49 took=0.6s (13 ms/窗) 累计 items=25 windows=1404 elapsed=18s
[gpu4] [encode] BinFill_ep139_exec windows=49 took=0.6s (13 ms/窗) 累计 items=25 windows=1404 elapsed=19s
[gpu7] [encode] BinFill_ep397_demo windows=50 took=0.8s (16 ms/窗) 累计 items=15 windows=844 elapsed=18s
[gpu2] [encode] BinFill_ep147_demo windows=49 took=0.6s (13 ms/窗) 累计 items=24 windows=1349 elapsed=19s
[gpu0] [encode] BinFill_ep148_exec windows=49 took=0.7s (13 ms/窗) 累计 items=25 windows=1412 elapsed=19s
[gpu5] [encode] BinFill_ep153_demo windows=49 took=0.6s (13 ms/窗) 累计 items=26 windows=1464 elapsed=19s
[gpu6] [encode] BinFill_ep167_demo windows=49 took=0.6s (13 ms/窗) 累计 items=26 windows=1456 elapsed=19s
[gpu3] [encode] BinFill_ep168_exec windows=49 took=0.6s (13 ms/窗) 累计 items=25 windows=1401 elapsed=19s
[gpu1] [encode] BinFill_ep184_demo windows=49 took=0.6s (13 ms/窗) 累计 items=26 windows=1453 elapsed=19s
[gpu4] [encode] BinFill_ep186_demo windows=49 took=0.6s (13 ms/窗) 累计 items=26 windows=1453 elapsed=19s
[gpu2] [encode] BinFill_ep193_exec windows=49 took=0.6s (13 ms/窗) 累计 items=25 windows=1398 elapsed=20s
[gpu0] [encode] BinFill_ep217_exec windows=49 took=0.6s (13 ms/窗) 累计 items=26 windows=1461 elapsed=20s
[gpu5] [encode] BinFill_ep218_demo windows=49 took=0.6s (13 ms/窗) 累计 items=27 windows=1513 elapsed=20s
[gpu6] [encode] BinFill_ep230_demo windows=49 took=0.6s (13 ms/窗) 累计 items=27 windows=1505 elapsed=20s
[gpu3] [encode] BinFill_ep245_exec windows=49 took=0.6s (13 ms/窗) 累计 items=26 windows=1450 elapsed=20s
[gpu1] [encode] BinFill_ep260_exec windows=49 took=0.6s (13 ms/窗) 累计 items=27 windows=1502 elapsed=20s
[gpu7] [encode] BinFill_ep232_exec windows=49 took=0.8s (16 ms/窗) 累计 items=16 windows=893 elapsed=20s
[gpu4] [encode] BinFill_ep266_exec windows=49 took=0.6s (13 ms/窗) 累计 items=27 windows=1502 elapsed=20s
[gpu2] [encode] BinFill_ep275_demo windows=49 took=0.7s (13 ms/窗) 累计 items=26 windows=1447 elapsed=20s
[gpu0] [encode] BinFill_ep295_demo windows=49 took=0.6s (13 ms/窗) 累计 items=27 windows=1510 elapsed=21s
[gpu5] [encode] BinFill_ep301_exec windows=49 took=0.6s (13 ms/窗) 累计 items=28 windows=1562 elapsed=21s
[gpu6] [encode] BinFill_ep309_demo windows=49 took=0.6s (13 ms/窗) 累计 items=28 windows=1554 elapsed=20s
[gpu3] [encode] BinFill_ep321_exec windows=49 took=0.6s (13 ms/窗) 累计 items=27 windows=1499 elapsed=21s
[gpu1] [encode] BinFill_ep332_exec windows=49 took=0.6s (13 ms/窗) 累计 items=28 windows=1551 elapsed=20s
[gpu4] [encode] BinFill_ep333_demo windows=49 took=0.6s (13 ms/窗) 累计 items=28 windows=1551 elapsed=21s
[gpu2] [encode] BinFill_ep351_demo windows=49 took=0.7s (13 ms/窗) 累计 items=27 windows=1496 elapsed=21s
[gpu0] [encode] BinFill_ep365_demo windows=49 took=0.6s (13 ms/窗) 累计 items=28 windows=1559 elapsed=21s
[gpu5] [encode] BinFill_ep389_exec windows=49 took=0.6s (13 ms/窗) 累计 items=29 windows=1611 elapsed=21s
[gpu6] [encode] BinFill_ep397_exec windows=49 took=0.6s (13 ms/窗) 累计 items=29 windows=1603 elapsed=21s
[gpu3] [encode] BinFill_ep153_exec windows=48 took=0.6s (13 ms/窗) 累计 items=28 windows=1547 elapsed=21s
[gpu1] [encode] BinFill_ep160_demo windows=48 took=0.6s (13 ms/窗) 累计 items=29 windows=1599 elapsed=21s
[gpu7] [encode] BinFill_ep147_exec windows=48 took=0.8s (16 ms/窗) 累计 items=17 windows=941 elapsed=21s
[gpu4] [encode] BinFill_ep163_demo windows=48 took=0.6s (13 ms/窗) 累计 items=29 windows=1599 elapsed=21s
[gpu2] [encode] BinFill_ep167_exec windows=48 took=0.6s (13 ms/窗) 累计 items=28 windows=1544 elapsed=22s
[gpu0] [encode] BinFill_ep184_exec windows=48 took=0.6s (13 ms/窗) 累计 items=29 windows=1607 elapsed=22s
[gpu5] [encode] BinFill_ep186_exec windows=48 took=0.6s (13 ms/窗) 累计 items=30 windows=1659 elapsed=22s
[gpu6] [encode] BinFill_ep190_demo windows=48 took=0.6s (13 ms/窗) 累计 items=30 windows=1651 elapsed=22s
[gpu3] [encode] BinFill_ep215_demo windows=48 took=0.6s (13 ms/窗) 累计 items=29 windows=1595 elapsed=22s
[gpu1] [encode] BinFill_ep218_exec windows=48 took=0.6s (13 ms/窗) 累计 items=30 windows=1647 elapsed=22s
[gpu4] [encode] BinFill_ep224_demo windows=48 took=0.6s (13 ms/窗) 累计 items=30 windows=1647 elapsed=22s
[gpu2] [encode] BinFill_ep275_exec windows=48 took=0.6s (13 ms/窗) 累计 items=29 windows=1592 elapsed=22s
[gpu0] [encode] BinFill_ep295_exec windows=48 took=0.6s (13 ms/窗) 累计 items=30 windows=1655 elapsed=23s
[gpu7] [encode] BinFill_ep230_exec windows=48 took=0.8s (16 ms/窗) 累计 items=18 windows=989 elapsed=22s
[gpu5] [encode] BinFill_ep309_exec windows=48 took=0.6s (13 ms/窗) 累计 items=31 windows=1707 elapsed=23s
[gpu6] [encode] BinFill_ep312_demo windows=48 took=0.6s (13 ms/窗) 累计 items=31 windows=1699 elapsed=22s
[gpu3] [encode] BinFill_ep326_demo windows=48 took=0.6s (13 ms/窗) 累计 items=30 windows=1643 elapsed=22s
[gpu1] [encode] BinFill_ep333_exec windows=48 took=0.6s (13 ms/窗) 累计 items=31 windows=1695 elapsed=22s
[gpu4] [encode] BinFill_ep338_demo windows=48 took=0.6s (13 ms/窗) 累计 items=31 windows=1695 elapsed=23s
[gpu2] [encode] BinFill_ep351_exec windows=48 took=0.6s (13 ms/窗) 累计 items=30 windows=1640 elapsed=23s
[gpu0] [encode] BinFill_ep364_demo windows=48 took=0.6s (13 ms/窗) 累计 items=31 windows=1703 elapsed=23s
[gpu5] [encode] BinFill_ep365_exec windows=48 took=0.6s (13 ms/窗) 累计 items=32 windows=1755 elapsed=23s
[gpu6] [encode] BinFill_ep396_demo windows=48 took=0.6s (13 ms/窗) 累计 items=32 windows=1747 elapsed=23s
[gpu3] [encode] BinFill_ep145_demo windows=47 took=0.6s (13 ms/窗) 累计 items=31 windows=1690 elapsed=23s
[gpu1] [encode] BinFill_ep160_exec windows=47 took=0.6s (13 ms/窗) 累计 items=32 windows=1742 elapsed=23s
[gpu4] [encode] BinFill_ep163_exec windows=47 took=0.6s (13 ms/窗) 累计 items=32 windows=1742 elapsed=23s
[gpu7] [encode] BinFill_ep109_demo windows=47 took=0.7s (16 ms/窗) 累计 items=19 windows=1036 elapsed=23s
[gpu2] [encode] BinFill_ep180_demo windows=47 took=0.6s (13 ms/窗) 累计 items=31 windows=1687 elapsed=23s
[gpu0] [encode] BinFill_ep188_demo windows=47 took=0.6s (13 ms/窗) 累计 items=32 windows=1750 elapsed=24s
[gpu5] [encode] BinFill_ep190_exec windows=47 took=0.6s (13 ms/窗) 累计 items=33 windows=1802 elapsed=24s
[gpu6] [encode] BinFill_ep215_exec windows=47 took=0.6s (13 ms/窗) 累计 items=33 windows=1794 elapsed=23s
[gpu3] [encode] BinFill_ep224_exec windows=47 took=0.6s (13 ms/窗) 累计 items=32 windows=1737 elapsed=24s
[gpu1] [encode] BinFill_ep237_demo windows=47 took=0.6s (13 ms/窗) 累计 items=33 windows=1789 elapsed=23s
[gpu4] [encode] BinFill_ep246_demo windows=47 took=0.6s (13 ms/窗) 累计 items=33 windows=1789 elapsed=24s
[gpu2] [encode] BinFill_ep271_demo windows=47 took=0.6s (13 ms/窗) 累计 items=32 windows=1734 elapsed=24s
[gpu0] [encode] BinFill_ep312_exec windows=47 took=0.6s (13 ms/窗) 累计 items=33 windows=1797 elapsed=24s
[gpu5] [encode] BinFill_ep314_demo windows=47 took=0.6s (13 ms/窗) 累计 items=34 windows=1849 elapsed=24s
[gpu6] [encode] BinFill_ep326_exec windows=47 took=0.6s (13 ms/窗) 累计 items=34 windows=1841 elapsed=24s
[gpu7] [encode] BinFill_ep253_demo windows=47 took=0.7s (16 ms/窗) 累计 items=20 windows=1083 elapsed=24s
[gpu1] [encode] BinFill_ep338_exec windows=47 took=0.6s (13 ms/窗) 累计 items=34 windows=1836 elapsed=24s
[gpu3] [encode] BinFill_ep331_demo windows=47 took=0.6s (13 ms/窗) 累计 items=33 windows=1784 elapsed=24s
[gpu4] [encode] BinFill_ep353_demo windows=47 took=0.6s (13 ms/窗) 累计 items=34 windows=1836 elapsed=24s
[gpu2] [encode] BinFill_ep364_exec windows=47 took=0.6s (13 ms/窗) 累计 items=33 windows=1781 elapsed=25s
[gpu0] [encode] BinFill_ep386_demo windows=47 took=0.6s (13 ms/窗) 累计 items=34 windows=1844 elapsed=25s
[gpu6] [encode] BinFill_ep109_exec windows=46 took=0.6s (13 ms/窗) 累计 items=35 windows=1887 elapsed=25s
[gpu5] [encode] BinFill_ep396_exec windows=47 took=0.6s (13 ms/窗) 累计 items=35 windows=1896 elapsed=25s
[gpu1] [encode] BinFill_ep145_exec windows=46 took=0.6s (13 ms/窗) 累计 items=35 windows=1882 elapsed=25s
[gpu4] [encode] BinFill_ep188_exec windows=46 took=0.6s (13 ms/窗) 累计 items=35 windows=1882 elapsed=25s
[gpu3] [encode] BinFill_ep180_exec windows=46 took=0.6s (13 ms/窗) 累计 items=34 windows=1830 elapsed=25s
[gpu2] [encode] BinFill_ep246_exec windows=46 took=0.6s (13 ms/窗) 累计 items=34 windows=1827 elapsed=25s
[gpu0] [encode] BinFill_ep253_exec windows=46 took=0.6s (13 ms/窗) 累计 items=35 windows=1890 elapsed=26s
[gpu7] [encode] BinFill_ep237_exec windows=46 took=0.7s (16 ms/窗) 累计 items=21 windows=1129 elapsed=25s
[gpu6] [encode] BinFill_ep271_exec windows=46 took=0.6s (13 ms/窗) 累计 items=36 windows=1933 elapsed=25s
[gpu5] [encode] BinFill_ep314_exec windows=46 took=0.6s (13 ms/窗) 累计 items=36 windows=1942 elapsed=26s
[gpu1] [encode] BinFill_ep325_demo windows=46 took=0.6s (13 ms/窗) 累计 items=36 windows=1928 elapsed=25s
[gpu4] [encode] BinFill_ep331_exec windows=46 took=0.6s (13 ms/窗) 累计 items=36 windows=1928 elapsed=26s
[gpu3] [encode] BinFill_ep353_exec windows=46 took=0.6s (13 ms/窗) 累计 items=35 windows=1876 elapsed=26s
[gpu6] [encode] BinFill_ep2_demo windows=45 took=0.6s (13 ms/窗) 累计 items=37 windows=1978 elapsed=26s
[gpu0] [encode] BinFill_ep251_demo windows=45 took=0.6s (13 ms/窗) 累计 items=36 windows=1935 elapsed=26s
[gpu2] [encode] BinFill_ep386_exec windows=46 took=0.6s (13 ms/窗) 累计 items=35 windows=1873 elapsed=26s
[gpu5] [encode] BinFill_ep325_exec windows=45 took=0.6s (13 ms/窗) 累计 items=37 windows=1987 elapsed=26s
[gpu1] [encode] BinFill_ep341_demo windows=45 took=0.6s (13 ms/窗) 累计 items=37 windows=1973 elapsed=26s
[gpu4] [encode] BinFill_ep46_demo windows=45 took=0.6s (13 ms/窗) 累计 items=37 windows=1973 elapsed=26s
[gpu3] [encode] BinFill_ep183_demo windows=44 took=0.6s (13 ms/窗) 累计 items=36 windows=1920 elapsed=26s
[gpu7] [encode] BinFill_ep251_exec windows=44 took=0.7s (16 ms/窗) 累计 items=22 windows=1173 elapsed=26s
[gpu6] [encode] BinFill_ep291_demo windows=44 took=0.6s (13 ms/窗) 累计 items=38 windows=2022 elapsed=26s
[gpu0] [encode] BinFill_ep2_exec windows=44 took=0.6s (13 ms/窗) 累计 items=37 windows=1979 elapsed=27s
[gpu5] [encode] BinFill_ep316_demo windows=44 took=0.6s (13 ms/窗) 累计 items=38 windows=2031 elapsed=27s
[gpu1] [encode] BinFill_ep391_demo windows=44 took=0.6s (13 ms/窗) 累计 items=38 windows=2017 elapsed=26s
[gpu2] [encode] BinFill_ep341_exec windows=44 took=0.6s (13 ms/窗) 累计 items=36 windows=1917 elapsed=27s
[gpu4] [encode] BinFill_ep46_exec windows=44 took=0.6s (13 ms/窗) 累计 items=38 windows=2017 elapsed=27s
[gpu3] [encode] BinFill_ep61_demo windows=44 took=0.6s (13 ms/窗) 累计 items=37 windows=1964 elapsed=27s
[gpu6] [encode] BinFill_ep135_demo windows=43 took=0.6s (13 ms/窗) 累计 items=39 windows=2065 elapsed=27s
[gpu7] [encode] BinFill_ep128_demo windows=43 took=0.7s (16 ms/窗) 累计 items=23 windows=1216 elapsed=27s
[gpu5] [encode] BinFill_ep150_demo windows=43 took=0.6s (13 ms/窗) 累计 items=39 windows=2074 elapsed=27s
[gpu0] [encode] BinFill_ep141_demo windows=43 took=0.6s (13 ms/窗) 累计 items=38 windows=2022 elapsed=28s
[gpu1] [encode] BinFill_ep183_exec windows=43 took=0.6s (13 ms/窗) 累计 items=39 windows=2060 elapsed=27s
[gpu4] [encode] BinFill_ep233_demo windows=43 took=0.6s (13 ms/窗) 累计 items=39 windows=2060 elapsed=27s
[gpu2] [encode] BinFill_ep197_demo windows=43 took=0.6s (13 ms/窗) 累计 items=37 windows=1960 elapsed=27s
[gpu3] [encode] BinFill_ep257_demo windows=43 took=0.6s (13 ms/窗) 累计 items=38 windows=2007 elapsed=27s
[gpu6] [encode] BinFill_ep291_exec windows=43 took=0.6s (13 ms/窗) 累计 items=40 windows=2108 elapsed=27s
[gpu5] [encode] BinFill_ep316_exec windows=43 took=0.6s (13 ms/窗) 累计 items=40 windows=2117 elapsed=28s
[gpu0] [encode] BinFill_ep322_demo windows=43 took=0.6s (13 ms/窗) 累计 items=39 windows=2065 elapsed=28s
[gpu1] [encode] BinFill_ep340_demo windows=43 took=0.6s (13 ms/窗) 累计 items=40 windows=2103 elapsed=28s
[gpu4] [encode] BinFill_ep346_demo windows=43 took=0.6s (13 ms/窗) 累计 items=40 windows=2103 elapsed=28s
[gpu2] [encode] BinFill_ep360_demo windows=43 took=0.6s (13 ms/窗) 累计 items=38 windows=2003 elapsed=28s
[gpu3] [encode] BinFill_ep362_demo windows=43 took=0.6s (13 ms/窗) 累计 items=39 windows=2050 elapsed=28s
[gpu6] [encode] BinFill_ep61_exec windows=43 took=0.6s (13 ms/窗) 累计 items=41 windows=2151 elapsed=28s
[gpu7] [encode] BinFill_ep391_exec windows=43 took=0.7s (16 ms/窗) 累计 items=24 windows=1259 elapsed=28s
[gpu5] [encode] BinFill_ep9_demo windows=43 took=0.6s (13 ms/窗) 累计 items=41 windows=2160 elapsed=28s
[gpu0] [encode] BinFill_ep0_demo windows=42 took=0.6s (13 ms/窗) 累计 items=40 windows=2107 elapsed=29s
[gpu1] [encode] BinFill_ep107_demo windows=42 took=0.5s (13 ms/窗) 累计 items=41 windows=2145 elapsed=28s
[gpu4] [encode] BinFill_ep128_exec windows=42 took=0.5s (13 ms/窗) 累计 items=41 windows=2145 elapsed=28s
[gpu3] [encode] BinFill_ep141_exec windows=42 took=0.6s (13 ms/窗) 累计 items=40 windows=2092 elapsed=28s
[gpu2] [encode] BinFill_ep135_exec windows=42 took=0.6s (13 ms/窗) 累计 items=39 windows=2045 elapsed=28s
[gpu6] [encode] BinFill_ep150_exec windows=42 took=0.5s (13 ms/窗) 累计 items=42 windows=2193 elapsed=29s
[gpu5] [encode] BinFill_ep197_exec windows=42 took=0.5s (13 ms/窗) 累计 items=42 windows=2202 elapsed=29s
[gpu0] [encode] BinFill_ep233_exec windows=42 took=0.6s (13 ms/窗) 累计 items=41 windows=2149 elapsed=29s
[gpu1] [encode] BinFill_ep257_exec windows=42 took=0.5s (13 ms/窗) 累计 items=42 windows=2187 elapsed=29s
[gpu4] [encode] BinFill_ep270_demo windows=42 took=0.5s (13 ms/窗) 累计 items=42 windows=2187 elapsed=29s
[gpu3] [encode] BinFill_ep322_exec windows=42 took=0.6s (13 ms/窗) 累计 items=41 windows=2134 elapsed=29s
[gpu2] [encode] BinFill_ep340_exec windows=42 took=0.6s (13 ms/窗) 累计 items=40 windows=2087 elapsed=29s
[gpu7] [encode] BinFill_ep310_demo windows=42 took=0.7s (16 ms/窗) 累计 items=25 windows=1301 elapsed=29s
[gpu6] [encode] BinFill_ep346_exec windows=42 took=0.5s (13 ms/窗) 累计 items=43 windows=2235 elapsed=29s
[gpu5] [encode] BinFill_ep360_exec windows=42 took=0.5s (13 ms/窗) 累计 items=43 windows=2244 elapsed=30s
[gpu0] [encode] BinFill_ep362_exec windows=42 took=0.6s (13 ms/窗) 累计 items=42 windows=2191 elapsed=30s
[gpu1] [encode] BinFill_ep388_demo windows=42 took=0.5s (13 ms/窗) 累计 items=43 windows=2229 elapsed=29s
[gpu4] [encode] BinFill_ep56_demo windows=42 took=0.5s (13 ms/窗) 累计 items=43 windows=2229 elapsed=29s
[gpu3] [encode] BinFill_ep5_demo windows=42 took=0.6s (13 ms/窗) 累计 items=42 windows=2176 elapsed=30s
[gpu2] [encode] BinFill_ep64_demo windows=42 took=0.6s (13 ms/窗) 累计 items=41 windows=2129 elapsed=30s
[gpu6] [encode] BinFill_ep80_demo windows=42 took=0.5s (13 ms/窗) 累计 items=44 windows=2277 elapsed=30s
[gpu5] [encode] BinFill_ep9_exec windows=42 took=0.5s (13 ms/窗) 累计 items=44 windows=2286 elapsed=30s
[gpu1] [encode] BinFill_ep117_demo windows=41 took=0.5s (13 ms/窗) 累计 items=44 windows=2270 elapsed=30s
[gpu0] [encode] BinFill_ep107_exec windows=41 took=0.5s (13 ms/窗) 累计 items=43 windows=2232 elapsed=30s
[gpu4] [encode] BinFill_ep122_demo windows=41 took=0.5s (13 ms/窗) 累计 items=44 windows=2270 elapsed=30s
[gpu7] [encode] BinFill_ep0_exec windows=41 took=0.6s (16 ms/窗) 累计 items=26 windows=1342 elapsed=30s
[gpu3] [encode] BinFill_ep162_demo windows=41 took=0.5s (13 ms/窗) 累计 items=43 windows=2217 elapsed=30s
[gpu2] [encode] BinFill_ep185_demo windows=41 took=0.5s (13 ms/窗) 累计 items=42 windows=2170 elapsed=30s
[gpu6] [encode] BinFill_ep194_demo windows=41 took=0.5s (13 ms/窗) 累计 items=45 windows=2318 elapsed=30s
[gpu5] [encode] BinFill_ep220_demo windows=41 took=0.5s (13 ms/窗) 累计 items=45 windows=2327 elapsed=31s
[gpu1] [encode] BinFill_ep222_demo windows=41 took=0.5s (13 ms/窗) 累计 items=45 windows=2311 elapsed=30s
[gpu4] [encode] BinFill_ep225_demo windows=41 took=0.5s (13 ms/窗) 累计 items=45 windows=2311 elapsed=30s
[gpu0] [encode] BinFill_ep249_demo windows=41 took=0.5s (13 ms/窗) 累计 items=44 windows=2273 elapsed=31s
[gpu3] [encode] BinFill_ep270_exec windows=41 took=0.5s (13 ms/窗) 累计 items=44 windows=2258 elapsed=31s
[gpu2] [encode] BinFill_ep282_demo windows=41 took=0.5s (13 ms/窗) 累计 items=43 windows=2211 elapsed=31s
[gpu6] [encode] BinFill_ep305_demo windows=41 took=0.5s (13 ms/窗) 累计 items=46 windows=2359 elapsed=31s
[gpu5] [encode] BinFill_ep320_demo windows=41 took=0.5s (13 ms/窗) 累计 items=46 windows=2368 elapsed=31s
[gpu7] [encode] BinFill_ep310_exec windows=41 took=0.6s (16 ms/窗) 累计 items=27 windows=1383 elapsed=31s
[gpu1] [encode] BinFill_ep327_demo windows=41 took=0.5s (13 ms/窗) 累计 items=46 windows=2352 elapsed=31s
[gpu4] [encode] BinFill_ep334_demo windows=41 took=0.5s (13 ms/窗) 累计 items=46 windows=2352 elapsed=31s
[gpu0] [encode] BinFill_ep385_demo windows=41 took=0.5s (13 ms/窗) 累计 items=45 windows=2314 elapsed=32s
[gpu3] [encode] BinFill_ep388_exec windows=41 took=0.5s (13 ms/窗) 累计 items=45 windows=2299 elapsed=31s
[gpu6] [encode] BinFill_ep55_demo windows=41 took=0.5s (13 ms/窗) 累计 items=47 windows=2400 elapsed=31s
[gpu2] [encode] BinFill_ep43_demo windows=41 took=0.5s (13 ms/窗) 累计 items=44 windows=2252 elapsed=31s
[gpu5] [encode] BinFill_ep56_exec windows=41 took=0.5s (13 ms/窗) 累计 items=47 windows=2409 elapsed=32s
[gpu1] [encode] BinFill_ep5_exec windows=41 took=0.5s (13 ms/窗) 累计 items=47 windows=2393 elapsed=31s
[gpu4] [encode] BinFill_ep62_demo windows=41 took=0.5s (13 ms/窗) 累计 items=47 windows=2393 elapsed=32s
[gpu0] [encode] BinFill_ep64_exec windows=41 took=0.5s (13 ms/窗) 累计 items=46 windows=2355 elapsed=32s
[gpu3] [encode] BinFill_ep80_exec windows=41 took=0.5s (13 ms/窗) 累计 items=46 windows=2340 elapsed=32s
[gpu6] [encode] BinFill_ep86_demo windows=41 took=0.5s (13 ms/窗) 累计 items=48 windows=2441 elapsed=32s
[gpu2] [encode] BinFill_ep117_exec windows=40 took=0.5s (13 ms/窗) 累计 items=45 windows=2292 elapsed=32s
[gpu7] [encode] BinFill_ep84_demo windows=41 took=0.6s (16 ms/窗) 累计 items=28 windows=1424 elapsed=32s
[gpu5] [encode] BinFill_ep122_exec windows=40 took=0.5s (13 ms/窗) 累计 items=48 windows=2449 elapsed=32s
[gpu1] [encode] BinFill_ep132_demo windows=40 took=0.5s (13 ms/窗) 累计 items=48 windows=2433 elapsed=32s
[gpu4] [encode] BinFill_ep162_exec windows=40 took=0.5s (13 ms/窗) 累计 items=48 windows=2433 elapsed=32s
[gpu0] [encode] BinFill_ep169_demo windows=40 took=0.5s (13 ms/窗) 累计 items=47 windows=2395 elapsed=33s
[gpu3] [encode] BinFill_ep171_demo windows=40 took=0.5s (13 ms/窗) 累计 items=47 windows=2380 elapsed=32s
[gpu6] [encode] BinFill_ep177_demo windows=40 took=0.5s (13 ms/窗) 累计 items=49 windows=2481 elapsed=32s
[gpu2] [encode] BinFill_ep185_exec windows=40 took=0.5s (13 ms/窗) 累计 items=46 windows=2332 elapsed=32s
[gpu5] [encode] BinFill_ep194_exec windows=40 took=0.5s (13 ms/窗) 累计 items=49 windows=2489 elapsed=33s
[gpu1] [encode] BinFill_ep210_demo windows=40 took=0.5s (13 ms/窗) 累计 items=49 windows=2473 elapsed=32s
[gpu4] [encode] BinFill_ep216_demo windows=40 took=0.5s (13 ms/窗) 累计 items=49 windows=2473 elapsed=33s
[gpu0] [encode] BinFill_ep222_exec windows=40 took=0.5s (14 ms/窗) 累计 items=48 windows=2435 elapsed=33s
[gpu3] [encode] BinFill_ep225_exec windows=40 took=0.5s (13 ms/窗) 累计 items=48 windows=2420 elapsed=33s
[gpu7] [encode] BinFill_ep220_exec windows=40 took=0.6s (16 ms/窗) 累计 items=29 windows=1464 elapsed=32s
[gpu6] [encode] BinFill_ep249_exec windows=40 took=0.5s (13 ms/窗) 累计 items=50 windows=2521 elapsed=33s
[gpu2] [encode] BinFill_ep24_demo windows=40 took=0.5s (13 ms/窗) 累计 items=47 windows=2372 elapsed=33s
[gpu5] [encode] BinFill_ep282_exec windows=40 took=0.5s (13 ms/窗) 累计 items=50 windows=2529 elapsed=33s
[gpu1] [encode] BinFill_ep302_demo windows=40 took=0.5s (13 ms/窗) 累计 items=50 windows=2513 elapsed=33s
[gpu4] [encode] BinFill_ep305_exec windows=40 took=0.5s (13 ms/窗) 累计 items=50 windows=2513 elapsed=33s
[gpu0] [encode] BinFill_ep320_exec windows=40 took=0.5s (13 ms/窗) 累计 items=49 windows=2475 elapsed=34s
[gpu3] [encode] BinFill_ep327_exec windows=40 took=0.5s (13 ms/窗) 累计 items=49 windows=2460 elapsed=33s
[gpu6] [encode] BinFill_ep328_demo windows=40 took=0.5s (13 ms/窗) 累计 items=51 windows=2561 elapsed=33s
[gpu2] [encode] BinFill_ep334_exec windows=40 took=0.5s (13 ms/窗) 累计 items=48 windows=2412 elapsed=33s
[gpu5] [encode] BinFill_ep339_demo windows=40 took=0.5s (13 ms/窗) 累计 items=51 windows=2569 elapsed=34s
[gpu1] [encode] BinFill_ep385_exec windows=40 took=0.5s (13 ms/窗) 累计 items=51 windows=2553 elapsed=33s
[gpu4] [encode] BinFill_ep43_exec windows=40 took=0.5s (13 ms/窗) 累计 items=51 windows=2553 elapsed=34s
[gpu0] [encode] BinFill_ep62_exec windows=40 took=0.5s (13 ms/窗) 累计 items=50 windows=2515 elapsed=34s
[gpu7] [encode] BinFill_ep55_exec windows=40 took=0.6s (16 ms/窗) 累计 items=30 windows=1504 elapsed=33s
[gpu3] [encode] BinFill_ep79_demo windows=40 took=0.5s (13 ms/窗) 累计 items=50 windows=2500 elapsed=34s
[gpu6] [encode] BinFill_ep84_exec windows=40 took=0.5s (13 ms/窗) 累计 items=52 windows=2601 elapsed=34s
[gpu2] [encode] BinFill_ep86_exec windows=40 took=0.5s (13 ms/窗) 累计 items=49 windows=2452 elapsed=34s
[gpu5] [encode] BinFill_ep87_demo windows=40 took=0.5s (13 ms/窗) 累计 items=52 windows=2609 elapsed=34s
[gpu1] [encode] BinFill_ep114_demo windows=39 took=0.5s (13 ms/窗) 累计 items=52 windows=2592 elapsed=34s
[gpu4] [encode] BinFill_ep132_exec windows=39 took=0.5s (13 ms/窗) 累计 items=52 windows=2592 elapsed=34s
[gpu0] [encode] BinFill_ep144_demo windows=39 took=0.5s (13 ms/窗) 累计 items=51 windows=2554 elapsed=35s
[gpu3] [encode] BinFill_ep154_demo windows=39 took=0.5s (13 ms/窗) 累计 items=51 windows=2539 elapsed=34s
[gpu6] [encode] BinFill_ep159_demo windows=39 took=0.5s (13 ms/窗) 累计 items=53 windows=2640 elapsed=34s
[gpu2] [encode] BinFill_ep170_demo windows=39 took=0.5s (13 ms/窗) 累计 items=50 windows=2491 elapsed=35s
[gpu5] [encode] BinFill_ep171_exec windows=39 took=0.5s (13 ms/窗) 累计 items=53 windows=2648 elapsed=35s
[gpu7] [encode] BinFill_ep169_exec windows=39 took=0.6s (16 ms/窗) 累计 items=31 windows=1543 elapsed=34s
[gpu1] [encode] BinFill_ep177_exec windows=39 took=0.5s (13 ms/窗) 累计 items=53 windows=2631 elapsed=34s
[gpu4] [encode] BinFill_ep195_demo windows=39 took=0.5s (13 ms/窗) 累计 items=53 windows=2631 elapsed=35s
[gpu0] [encode] BinFill_ep203_demo windows=39 took=0.5s (13 ms/窗) 累计 items=52 windows=2593 elapsed=35s
[gpu6] [encode] BinFill_ep216_exec windows=39 took=0.5s (13 ms/窗) 累计 items=54 windows=2679 elapsed=35s
[gpu3] [encode] BinFill_ep210_exec windows=39 took=0.5s (13 ms/窗) 累计 items=52 windows=2578 elapsed=35s
[gpu5] [encode] BinFill_ep242_demo windows=39 took=0.5s (13 ms/窗) 累计 items=54 windows=2687 elapsed=35s
[gpu2] [encode] BinFill_ep241_demo windows=39 took=0.5s (13 ms/窗) 累计 items=51 windows=2530 elapsed=35s
[gpu1] [encode] BinFill_ep24_exec windows=39 took=0.5s (13 ms/窗) 累计 items=54 windows=2670 elapsed=35s
[gpu4] [encode] BinFill_ep272_demo windows=39 took=0.5s (13 ms/窗) 累计 items=54 windows=2670 elapsed=35s
[gpu0] [encode] BinFill_ep285_demo windows=39 took=0.5s (13 ms/窗) 累计 items=53 windows=2632 elapsed=36s
[gpu6] [encode] BinFill_ep28_demo windows=39 took=0.5s (13 ms/窗) 累计 items=55 windows=2718 elapsed=35s
[gpu7] [encode] BinFill_ep279_demo windows=39 took=0.6s (16 ms/窗) 累计 items=32 windows=1582 elapsed=35s
[gpu3] [encode] BinFill_ep290_demo windows=39 took=0.5s (13 ms/窗) 累计 items=53 windows=2617 elapsed=35s
[gpu5] [encode] BinFill_ep296_demo windows=39 took=0.5s (13 ms/窗) 累计 items=55 windows=2726 elapsed=36s
[gpu1] [encode] BinFill_ep308_demo windows=39 took=0.5s (13 ms/窗) 累计 items=55 windows=2709 elapsed=35s
[gpu2] [encode] BinFill_ep302_exec windows=39 took=0.5s (13 ms/窗) 累计 items=52 windows=2569 elapsed=36s
[gpu4] [encode] BinFill_ep318_demo windows=39 took=0.5s (13 ms/窗) 累计 items=55 windows=2709 elapsed=36s
[gpu0] [encode] BinFill_ep328_exec windows=39 took=0.5s (13 ms/窗) 累计 items=54 windows=2671 elapsed=36s
[gpu6] [encode] BinFill_ep32_demo windows=39 took=0.5s (13 ms/窗) 累计 items=56 windows=2757 elapsed=36s
[gpu3] [encode] BinFill_ep336_demo windows=39 took=0.5s (13 ms/窗) 累计 items=54 windows=2656 elapsed=36s
[gpu5] [encode] BinFill_ep339_exec windows=39 took=0.5s (13 ms/窗) 累计 items=56 windows=2765 elapsed=36s
[gpu1] [encode] BinFill_ep371_demo windows=39 took=0.5s (13 ms/窗) 累计 items=56 windows=2748 elapsed=36s
[gpu4] [encode] BinFill_ep79_exec windows=39 took=0.5s (13 ms/窗) 累计 items=56 windows=2748 elapsed=36s
[gpu2] [encode] BinFill_ep87_exec windows=39 took=0.5s (13 ms/窗) 累计 items=53 windows=2608 elapsed=36s
[gpu6] [encode] BinFill_ep114_exec windows=38 took=0.5s (13 ms/窗) 累计 items=57 windows=2795 elapsed=36s
[gpu0] [encode] BinFill_ep106_demo windows=38 took=0.5s (13 ms/窗) 累计 items=55 windows=2709 elapsed=37s
[gpu7] [encode] BinFill_ep98_demo windows=39 took=0.6s (16 ms/窗) 累计 items=33 windows=1621 elapsed=36s
[gpu3] [encode] BinFill_ep144_exec windows=38 took=0.5s (13 ms/窗) 累计 items=55 windows=2694 elapsed=36s
[gpu5] [encode] BinFill_ep14_demo windows=38 took=0.5s (13 ms/窗) 累计 items=57 windows=2803 elapsed=37s
[gpu1] [encode] BinFill_ep154_exec windows=38 took=0.5s (13 ms/窗) 累计 items=57 windows=2786 elapsed=36s
[gpu4] [encode] BinFill_ep159_exec windows=38 took=0.5s (13 ms/窗) 累计 items=57 windows=2786 elapsed=37s
[gpu2] [encode] BinFill_ep161_demo windows=38 took=0.5s (13 ms/窗) 累计 items=54 windows=2646 elapsed=37s
[gpu6] [encode] BinFill_ep170_exec windows=38 took=0.5s (13 ms/窗) 累计 items=58 windows=2833 elapsed=37s
[gpu0] [encode] BinFill_ep195_exec windows=38 took=0.5s (13 ms/窗) 累计 items=56 windows=2747 elapsed=37s
[gpu3] [encode] BinFill_ep202_demo windows=38 took=0.5s (13 ms/窗) 累计 items=56 windows=2732 elapsed=37s
[gpu5] [encode] BinFill_ep203_exec windows=38 took=0.5s (13 ms/窗) 累计 items=58 windows=2841 elapsed=37s
[gpu1] [encode] BinFill_ep211_demo windows=38 took=0.5s (13 ms/窗) 累计 items=58 windows=2824 elapsed=37s
[gpu4] [encode] BinFill_ep214_demo windows=38 took=0.5s (13 ms/窗) 累计 items=58 windows=2824 elapsed=37s
[gpu2] [encode] BinFill_ep241_exec windows=38 took=0.5s (14 ms/窗) 累计 items=55 windows=2684 elapsed=37s
[gpu7] [encode] BinFill_ep236_demo windows=38 took=0.6s (16 ms/窗) 累计 items=34 windows=1659 elapsed=37s
[gpu6] [encode] BinFill_ep242_exec windows=38 took=0.5s (13 ms/窗) 累计 items=59 windows=2871 elapsed=37s
[gpu0] [encode] BinFill_ep256_demo windows=38 took=0.5s (13 ms/窗) 累计 items=57 windows=2785 elapsed=38s
[gpu3] [encode] BinFill_ep272_exec windows=38 took=0.5s (13 ms/窗) 累计 items=57 windows=2770 elapsed=37s
[gpu5] [encode] BinFill_ep279_exec windows=38 took=0.5s (13 ms/窗) 累计 items=59 windows=2879 elapsed=38s
[gpu1] [encode] BinFill_ep285_exec windows=38 took=0.5s (13 ms/窗) 累计 items=59 windows=2862 elapsed=37s
[gpu4] [encode] BinFill_ep28_exec windows=38 took=0.5s (13 ms/窗) 累计 items=59 windows=2862 elapsed=38s
[gpu2] [encode] BinFill_ep290_exec windows=38 took=0.5s (13 ms/窗) 累计 items=56 windows=2722 elapsed=38s
[gpu6] [encode] BinFill_ep293_demo windows=38 took=0.5s (13 ms/窗) 累计 items=60 windows=2909 elapsed=38s
[gpu0] [encode] BinFill_ep306_demo windows=38 took=0.5s (13 ms/窗) 累计 items=58 windows=2823 elapsed=38s
[gpu3] [encode] BinFill_ep308_exec windows=38 took=0.5s (13 ms/窗) 累计 items=58 windows=2808 elapsed=38s
[gpu5] [encode] BinFill_ep315_demo windows=38 took=0.5s (13 ms/窗) 累计 items=60 windows=2917 elapsed=38s
[gpu7] [encode] BinFill_ep296_exec windows=38 took=0.6s (16 ms/窗) 累计 items=35 windows=1697 elapsed=38s
[gpu1] [encode] BinFill_ep318_exec windows=38 took=0.5s (13 ms/窗) 累计 items=60 windows=2900 elapsed=38s
[gpu4] [encode] BinFill_ep32_exec windows=38 took=0.5s (13 ms/窗) 累计 items=60 windows=2900 elapsed=38s
[gpu2] [encode] BinFill_ep336_exec windows=38 took=0.5s (13 ms/窗) 累计 items=57 windows=2760 elapsed=38s
[gpu6] [encode] BinFill_ep345_demo windows=38 took=0.5s (13 ms/窗) 累计 items=61 windows=2947 elapsed=38s
[gpu3] [encode] BinFill_ep369_demo windows=38 took=0.5s (13 ms/窗) 累计 items=59 windows=2846 elapsed=38s
[gpu0] [encode] BinFill_ep359_demo windows=38 took=0.5s (13 ms/窗) 累计 items=59 windows=2861 elapsed=39s
[gpu5] [encode] BinFill_ep370_demo windows=38 took=0.5s (13 ms/窗) 累计 items=61 windows=2955 elapsed=39s
[gpu1] [encode] BinFill_ep371_exec windows=38 took=0.5s (13 ms/窗) 累计 items=61 windows=2938 elapsed=38s
[gpu4] [encode] BinFill_ep378_demo windows=38 took=0.5s (13 ms/窗) 累计 items=61 windows=2938 elapsed=39s
[gpu2] [encode] BinFill_ep47_demo windows=38 took=0.5s (14 ms/窗) 累计 items=58 windows=2798 elapsed=39s
[gpu6] [encode] BinFill_ep88_demo windows=38 took=0.5s (13 ms/窗) 累计 items=62 windows=2985 elapsed=39s
[gpu7] [encode] BinFill_ep381_demo windows=38 took=0.6s (16 ms/窗) 累计 items=36 windows=1735 elapsed=39s
[gpu3] [encode] BinFill_ep98_exec windows=38 took=0.5s (13 ms/窗) 累计 items=60 windows=2884 elapsed=39s
[gpu5] [encode] BinFill_ep100_demo windows=37 took=0.5s (13 ms/窗) 累计 items=62 windows=2992 elapsed=39s
[gpu0] [encode] VideoRepick_ep271_exec windows=38 took=0.5s (13 ms/窗) 累计 items=60 windows=2899 elapsed=39s
[gpu1] [encode] BinFill_ep106_exec windows=37 took=0.5s (13 ms/窗) 累计 items=62 windows=2975 elapsed=39s
[gpu4] [encode] BinFill_ep116_demo windows=37 took=0.5s (13 ms/窗) 累计 items=62 windows=2975 elapsed=39s
[gpu6] [encode] BinFill_ep14_exec windows=37 took=0.5s (13 ms/窗) 累计 items=63 windows=3022 elapsed=39s
[gpu2] [encode] BinFill_ep129_demo windows=37 took=0.5s (13 ms/窗) 累计 items=59 windows=2835 elapsed=39s
[gpu3] [encode] BinFill_ep161_exec windows=37 took=0.5s (13 ms/窗) 累计 items=61 windows=2921 elapsed=39s
[gpu5] [encode] BinFill_ep176_demo windows=37 took=0.5s (13 ms/窗) 累计 items=63 windows=3029 elapsed=40s
[gpu0] [encode] BinFill_ep199_demo windows=37 took=0.5s (13 ms/窗) 累计 items=61 windows=2936 elapsed=40s
[gpu1] [encode] BinFill_ep202_exec windows=37 took=0.5s (13 ms/窗) 累计 items=63 windows=3012 elapsed=39s
[gpu4] [encode] BinFill_ep211_exec windows=37 took=0.5s (13 ms/窗) 累计 items=63 windows=3012 elapsed=40s
[gpu6] [encode] BinFill_ep236_exec windows=37 took=0.5s (13 ms/窗) 累计 items=64 windows=3059 elapsed=40s
[gpu7] [encode] BinFill_ep214_exec windows=37 took=0.6s (16 ms/窗) 累计 items=37 windows=1772 elapsed=39s
[gpu2] [encode] BinFill_ep256_exec windows=37 took=0.5s (13 ms/窗) 累计 items=60 windows=2872 elapsed=40s
[gpu3] [encode] BinFill_ep261_demo windows=37 took=0.5s (13 ms/窗) 累计 items=62 windows=2958 elapsed=40s
[gpu5] [encode] BinFill_ep262_demo windows=37 took=0.5s (13 ms/窗) 累计 items=64 windows=3066 elapsed=40s
[gpu1] [encode] BinFill_ep27_demo windows=37 took=0.5s (13 ms/窗) 累计 items=64 windows=3049 elapsed=40s
[gpu4] [encode] BinFill_ep287_demo windows=37 took=0.5s (13 ms/窗) 累计 items=64 windows=3049 elapsed=40s
[gpu0] [encode] BinFill_ep293_exec windows=37 took=0.5s (13 ms/窗) 累计 items=62 windows=2973 elapsed=41s
[gpu6] [encode] BinFill_ep306_exec windows=37 took=0.5s (13 ms/窗) 累计 items=65 windows=3096 elapsed=40s
[gpu2] [encode] BinFill_ep315_exec windows=37 took=0.5s (14 ms/窗) 累计 items=61 windows=2909 elapsed=40s
[gpu3] [encode] BinFill_ep345_exec windows=37 took=0.5s (13 ms/窗) 累计 items=63 windows=2995 elapsed=40s
[gpu5] [encode] BinFill_ep359_exec windows=37 took=0.5s (13 ms/窗) 累计 items=65 windows=3103 elapsed=41s
[gpu1] [encode] BinFill_ep369_exec windows=37 took=0.5s (13 ms/窗) 累计 items=65 windows=3086 elapsed=40s
[gpu4] [encode] BinFill_ep370_exec windows=37 took=0.5s (13 ms/窗) 累计 items=65 windows=3086 elapsed=41s
[gpu0] [encode] BinFill_ep374_demo windows=37 took=0.5s (13 ms/窗) 累计 items=63 windows=3010 elapsed=41s
[gpu6] [encode] BinFill_ep378_exec windows=37 took=0.5s (13 ms/窗) 累计 items=66 windows=3133 elapsed=41s
[gpu7] [encode] BinFill_ep377_demo windows=37 took=0.6s (16 ms/窗) 累计 items=38 windows=1809 elapsed=40s
[gpu2] [encode] BinFill_ep381_exec windows=37 took=0.5s (14 ms/窗) 累计 items=62 windows=2946 elapsed=41s
[gpu3] [encode] BinFill_ep395_demo windows=37 took=0.5s (13 ms/窗) 累计 items=64 windows=3032 elapsed=41s
[gpu5] [encode] BinFill_ep47_exec windows=37 took=0.5s (13 ms/窗) 累计 items=66 windows=3140 elapsed=41s
[gpu1] [encode] BinFill_ep63_demo windows=37 took=0.5s (13 ms/窗) 累计 items=66 windows=3123 elapsed=41s
[gpu4] [encode] BinFill_ep72_demo windows=37 took=0.5s (13 ms/窗) 累计 items=66 windows=3123 elapsed=41s
[gpu0] [encode] BinFill_ep76_demo windows=37 took=0.5s (13 ms/窗) 累计 items=64 windows=3047 elapsed=42s
[gpu6] [encode] BinFill_ep88_exec windows=37 took=0.5s (13 ms/窗) 累计 items=67 windows=3170 elapsed=41s
[gpu2] [encode] BinFill_ep100_exec windows=36 took=0.5s (14 ms/窗) 累计 items=63 windows=2982 elapsed=41s
[gpu3] [encode] BinFill_ep116_exec windows=36 took=0.5s (13 ms/窗) 累计 items=65 windows=3068 elapsed=41s
[gpu5] [encode] BinFill_ep127_demo windows=36 took=0.5s (13 ms/窗) 累计 items=67 windows=3176 elapsed=42s
[gpu7] [encode] BinFill_ep93_demo windows=37 took=0.6s (16 ms/窗) 累计 items=39 windows=1846 elapsed=41s
[gpu1] [encode] BinFill_ep129_exec windows=36 took=0.5s (13 ms/窗) 累计 items=67 windows=3159 elapsed=41s
[gpu4] [encode] BinFill_ep149_demo windows=36 took=0.5s (13 ms/窗) 累计 items=67 windows=3159 elapsed=41s
[gpu0] [encode] BinFill_ep176_exec windows=36 took=0.5s (13 ms/窗) 累计 items=65 windows=3083 elapsed=42s
[gpu6] [encode] BinFill_ep199_exec windows=36 took=0.5s (13 ms/窗) 累计 items=68 windows=3206 elapsed=42s
[gpu3] [encode] BinFill_ep21_demo windows=36 took=0.5s (13 ms/窗) 累计 items=66 windows=3104 elapsed=42s
[gpu2] [encode] BinFill_ep19_demo windows=36 took=0.5s (14 ms/窗) 累计 items=64 windows=3018 elapsed=42s
[gpu5] [encode] BinFill_ep223_demo windows=36 took=0.5s (13 ms/窗) 累计 items=68 windows=3212 elapsed=42s
[gpu1] [encode] BinFill_ep240_demo windows=36 took=0.5s (13 ms/窗) 累计 items=68 windows=3195 elapsed=42s
[gpu4] [encode] BinFill_ep261_exec windows=36 took=0.5s (13 ms/窗) 累计 items=68 windows=3195 elapsed=42s
[gpu0] [encode] BinFill_ep262_exec windows=36 took=0.5s (13 ms/窗) 累计 items=66 windows=3119 elapsed=43s
[gpu6] [encode] BinFill_ep277_demo windows=36 took=0.5s (13 ms/窗) 累计 items=69 windows=3242 elapsed=42s
[gpu3] [encode] BinFill_ep287_exec windows=36 took=0.5s (13 ms/窗) 累计 items=67 windows=3140 elapsed=42s
[gpu5] [encode] BinFill_ep350_demo windows=36 took=0.5s (13 ms/窗) 累计 items=69 windows=3248 elapsed=43s
[gpu7] [encode] BinFill_ep27_exec windows=36 took=0.6s (16 ms/窗) 累计 items=40 windows=1882 elapsed=42s
[gpu1] [encode] BinFill_ep374_exec windows=36 took=0.5s (13 ms/窗) 累计 items=69 windows=3231 elapsed=42s
[gpu4] [encode] BinFill_ep377_exec windows=36 took=0.5s (13 ms/窗) 累计 items=69 windows=3231 elapsed=42s
[gpu2] [encode] BinFill_ep395_exec windows=36 took=0.5s (13 ms/窗) 累计 items=65 windows=3054 elapsed=43s
[gpu0] [encode] BinFill_ep398_demo windows=36 took=0.5s (13 ms/窗) 累计 items=67 windows=3155 elapsed=43s
[gpu6] [encode] BinFill_ep63_exec windows=36 took=0.5s (13 ms/窗) 累计 items=70 windows=3278 elapsed=43s
[gpu3] [encode] BinFill_ep72_exec windows=36 took=0.5s (13 ms/窗) 累计 items=68 windows=3176 elapsed=43s
[gpu5] [encode] BinFill_ep75_demo windows=36 took=0.5s (13 ms/窗) 累计 items=70 windows=3284 elapsed=43s
[gpu1] [encode] BinFill_ep76_exec windows=36 took=0.5s (13 ms/窗) 累计 items=70 windows=3267 elapsed=43s
[gpu4] [encode] BinFill_ep93_exec windows=36 took=0.5s (13 ms/窗) 累计 items=70 windows=3267 elapsed=43s
[gpu2] [encode] BinFill_ep127_exec windows=35 took=0.5s (14 ms/窗) 累计 items=66 windows=3089 elapsed=43s
[gpu0] [encode] BinFill_ep149_exec windows=35 took=0.5s (13 ms/窗) 累计 items=68 windows=3190 elapsed=43s
[gpu6] [encode] BinFill_ep19_exec windows=35 took=0.5s (13 ms/窗) 累计 items=71 windows=3313 elapsed=43s
[gpu3] [encode] BinFill_ep223_exec windows=35 took=0.5s (13 ms/窗) 累计 items=69 windows=3211 elapsed=43s
[gpu7] [encode] BinFill_ep21_exec windows=35 took=0.5s (16 ms/窗) 累计 items=41 windows=1917 elapsed=43s
[gpu5] [encode] BinFill_ep240_exec windows=35 took=0.5s (13 ms/窗) 累计 items=71 windows=3319 elapsed=44s
[gpu1] [encode] BinFill_ep277_exec windows=35 took=0.5s (13 ms/窗) 累计 items=71 windows=3302 elapsed=43s
[gpu4] [encode] BinFill_ep350_exec windows=35 took=0.5s (13 ms/窗) 累计 items=71 windows=3302 elapsed=43s
[gpu2] [encode] BinFill_ep398_exec windows=35 took=0.5s (14 ms/窗) 累计 items=67 windows=3124 elapsed=44s
[gpu0] [encode] BinFill_ep54_demo windows=35 took=0.5s (13 ms/窗) 累计 items=69 windows=3225 elapsed=44s
[gpu6] [encode] BinFill_ep75_exec windows=35 took=0.5s (13 ms/窗) 累计 items=72 windows=3348 elapsed=43s
[gpu5] [encode] BinFill_ep157_demo windows=34 took=0.4s (13 ms/窗) 累计 items=72 windows=3353 elapsed=44s
[gpu3] [encode] VideoRepick_ep2_exec windows=35 took=0.5s (13 ms/窗) 累计 items=70 windows=3246 elapsed=44s
[gpu1] [encode] BinFill_ep34_demo windows=34 took=0.4s (13 ms/窗) 累计 items=72 windows=3336 elapsed=44s
[gpu4] [encode] BinFill_ep54_exec windows=34 took=0.4s (13 ms/窗) 累计 items=72 windows=3336 elapsed=44s
[gpu2] [encode] VideoRepick_ep134_exec windows=34 took=0.5s (13 ms/窗) 累计 items=68 windows=3158 elapsed=44s
[gpu0] [encode] VideoRepick_ep160_exec windows=34 took=0.5s (13 ms/窗) 累计 items=70 windows=3259 elapsed=44s
[gpu6] [encode] VideoRepick_ep269_exec windows=34 took=0.4s (13 ms/窗) 累计 items=73 windows=3382 elapsed=44s
[gpu7] [encode] VideoRepick_ep107_exec windows=34 took=0.5s (16 ms/窗) 累计 items=42 windows=1951 elapsed=44s
[gpu5] [encode] VideoRepick_ep33_exec windows=34 took=0.4s (13 ms/窗) 累计 items=73 windows=3387 elapsed=44s
[gpu3] [encode] BinFill_ep105_demo windows=33 took=0.4s (13 ms/窗) 累计 items=71 windows=3279 elapsed=44s
[gpu4] [encode] BinFill_ep138_demo windows=33 took=0.4s (13 ms/窗) 累计 items=73 windows=3369 elapsed=44s
[gpu1] [encode] BinFill_ep12_demo windows=33 took=0.4s (13 ms/窗) 累计 items=73 windows=3369 elapsed=44s
[gpu2] [encode] BinFill_ep157_exec windows=33 took=0.4s (14 ms/窗) 累计 items=69 windows=3191 elapsed=44s
[gpu6] [encode] BinFill_ep85_demo windows=33 took=0.4s (13 ms/窗) 累计 items=74 windows=3415 elapsed=44s
[gpu0] [encode] BinFill_ep34_exec windows=33 took=0.4s (13 ms/窗) 累计 items=71 windows=3292 elapsed=45s
[gpu5] [encode] VideoRepick_ep246_exec windows=33 took=0.4s (13 ms/窗) 累计 items=74 windows=3420 elapsed=45s
[gpu3] [encode] VideoRepick_ep390_exec windows=33 took=0.4s (13 ms/窗) 累计 items=72 windows=3312 elapsed=45s
[gpu7] [encode] VideoRepick_ep113_exec windows=33 took=0.5s (16 ms/窗) 累计 items=43 windows=1984 elapsed=44s
[gpu4] [encode] VideoRepick_ep52_exec windows=33 took=0.4s (13 ms/窗) 累计 items=74 windows=3402 elapsed=45s
[gpu1] [encode] VideoRepick_ep71_exec windows=33 took=0.4s (13 ms/窗) 累计 items=74 windows=3402 elapsed=44s
[gpu6] [encode] BinFill_ep105_exec windows=32 took=0.4s (13 ms/窗) 累计 items=75 windows=3447 elapsed=45s
[gpu2] [encode] VideoRepick_ep80_exec windows=33 took=0.4s (14 ms/窗) 累计 items=70 windows=3224 elapsed=45s
[gpu0] [encode] BinFill_ep12_exec windows=32 took=0.4s (13 ms/窗) 累计 items=72 windows=3324 elapsed=45s
[gpu5] [encode] BinFill_ep134_demo windows=32 took=0.4s (13 ms/窗) 累计 items=75 windows=3452 elapsed=45s
[gpu3] [encode] BinFill_ep138_exec windows=32 took=0.4s (13 ms/窗) 累计 items=73 windows=3344 elapsed=45s
[gpu4] [encode] BinFill_ep155_demo windows=32 took=0.4s (13 ms/窗) 累计 items=75 windows=3434 elapsed=45s
[gpu1] [encode] BinFill_ep85_exec windows=32 took=0.4s (13 ms/窗) 累计 items=75 windows=3434 elapsed=45s
[gpu6] [encode] VideoRepick_ep105_exec windows=32 took=0.4s (13 ms/窗) 累计 items=76 windows=3479 elapsed=45s
[gpu0] [encode] VideoRepick_ep11_exec windows=32 took=0.4s (13 ms/窗) 累计 items=73 windows=3356 elapsed=46s
[gpu2] [encode] VideoRepick_ep121_exec windows=32 took=0.4s (14 ms/窗) 累计 items=71 windows=3256 elapsed=45s
[gpu7] [encode] VideoRepick_ep115_exec windows=32 took=0.5s (17 ms/窗) 累计 items=44 windows=2016 elapsed=45s
[gpu5] [encode] VideoRepick_ep128_exec windows=32 took=0.4s (13 ms/窗) 累计 items=76 windows=3484 elapsed=46s
[gpu3] [encode] VideoRepick_ep136_exec windows=32 took=0.4s (13 ms/窗) 累计 items=74 windows=3376 elapsed=45s
[gpu4] [encode] VideoRepick_ep162_exec windows=32 took=0.4s (13 ms/窗) 累计 items=76 windows=3466 elapsed=45s
[gpu1] [encode] VideoRepick_ep164_exec windows=32 took=0.4s (13 ms/窗) 累计 items=76 windows=3466 elapsed=45s
[gpu6] [encode] VideoRepick_ep186_exec windows=32 took=0.4s (13 ms/窗) 累计 items=77 windows=3511 elapsed=46s
[gpu0] [encode] VideoRepick_ep191_exec windows=32 took=0.4s (13 ms/窗) 累计 items=74 windows=3388 elapsed=46s
[gpu2] [encode] VideoRepick_ep192_exec windows=32 took=0.4s (14 ms/窗) 累计 items=72 windows=3288 elapsed=46s
[gpu5] [encode] VideoRepick_ep19_exec windows=32 took=0.4s (13 ms/窗) 累计 items=77 windows=3516 elapsed=46s
[gpu3] [encode] VideoRepick_ep211_exec windows=32 took=0.4s (13 ms/窗) 累计 items=75 windows=3408 elapsed=46s
[gpu4] [encode] VideoRepick_ep218_exec windows=32 took=0.4s (13 ms/窗) 累计 items=77 windows=3498 elapsed=46s
[gpu1] [encode] VideoRepick_ep222_exec windows=32 took=0.4s (13 ms/窗) 累计 items=77 windows=3498 elapsed=46s
[gpu6] [encode] VideoRepick_ep236_exec windows=32 took=0.4s (13 ms/窗) 累计 items=78 windows=3543 elapsed=46s
[gpu0] [encode] VideoRepick_ep245_exec windows=32 took=0.4s (13 ms/窗) 累计 items=75 windows=3420 elapsed=47s
[gpu7] [encode] VideoRepick_ep239_exec windows=32 took=0.5s (16 ms/窗) 累计 items=45 windows=2048 elapsed=46s
[gpu5] [encode] VideoRepick_ep256_exec windows=32 took=0.4s (13 ms/窗) 累计 items=78 windows=3548 elapsed=47s
[gpu2] [encode] VideoRepick_ep251_exec windows=32 took=0.4s (14 ms/窗) 累计 items=73 windows=3320 elapsed=46s
[gpu3] [encode] VideoRepick_ep262_exec windows=32 took=0.4s (13 ms/窗) 累计 items=76 windows=3440 elapsed=46s
[gpu4] [encode] VideoRepick_ep275_exec windows=32 took=0.4s (13 ms/窗) 累计 items=78 windows=3530 elapsed=46s
[gpu1] [encode] VideoRepick_ep285_exec windows=32 took=0.4s (13 ms/窗) 累计 items=78 windows=3530 elapsed=46s
[gpu6] [encode] VideoRepick_ep296_exec windows=32 took=0.4s (13 ms/窗) 累计 items=79 windows=3575 elapsed=46s
[gpu0] [encode] VideoRepick_ep303_exec windows=32 took=0.4s (13 ms/窗) 累计 items=76 windows=3452 elapsed=47s
[gpu5] [encode] VideoRepick_ep312_exec windows=32 took=0.4s (13 ms/窗) 累计 items=79 windows=3580 elapsed=47s
[gpu4] [encode] VideoRepick_ep324_exec windows=32 took=0.4s (13 ms/窗) 累计 items=79 windows=3562 elapsed=47s
[gpu3] [encode] VideoRepick_ep31_exec windows=32 took=0.4s (13 ms/窗) 累计 items=77 windows=3472 elapsed=47s
[gpu2] [encode] VideoRepick_ep315_exec windows=32 took=0.4s (13 ms/窗) 累计 items=74 windows=3352 elapsed=47s
[gpu1] [encode] VideoRepick_ep329_exec windows=32 took=0.4s (13 ms/窗) 累计 items=79 windows=3562 elapsed=47s
[gpu6] [encode] VideoRepick_ep335_exec windows=32 took=0.4s (13 ms/窗) 累计 items=80 windows=3607 elapsed=47s
[gpu0] [encode] VideoRepick_ep353_exec windows=32 took=0.4s (13 ms/窗) 累计 items=77 windows=3484 elapsed=47s
[gpu7] [encode] VideoRepick_ep348_exec windows=32 took=0.5s (16 ms/窗) 累计 items=46 windows=2080 elapsed=47s
[gpu5] [encode] VideoRepick_ep364_exec windows=32 took=0.4s (13 ms/窗) 累计 items=80 windows=3612 elapsed=47s
[gpu4] [encode] VideoRepick_ep375_exec windows=32 took=0.4s (13 ms/窗) 累计 items=80 windows=3594 elapsed=47s
[gpu3] [encode] VideoRepick_ep378_exec windows=32 took=0.4s (13 ms/窗) 累计 items=78 windows=3504 elapsed=47s
[gpu1] [encode] VideoRepick_ep380_exec windows=32 took=0.4s (13 ms/窗) 累计 items=80 windows=3594 elapsed=47s
[gpu2] [encode] VideoRepick_ep393_exec windows=32 took=0.4s (14 ms/窗) 累计 items=75 windows=3384 elapsed=47s
[gpu6] [encode] VideoRepick_ep54_exec windows=32 took=0.4s (13 ms/窗) 累计 items=81 windows=3639 elapsed=47s
[gpu0] [encode] VideoRepick_ep77_exec windows=32 took=0.4s (13 ms/窗) 累计 items=78 windows=3516 elapsed=48s
[gpu5] [encode] VideoRepick_ep92_exec windows=32 took=0.4s (13 ms/窗) 累计 items=81 windows=3644 elapsed=48s
[gpu4] [encode] BinFill_ep134_exec windows=31 took=0.4s (13 ms/窗) 累计 items=81 windows=3625 elapsed=48s
[gpu1] [encode] BinFill_ep189_demo windows=31 took=0.4s (13 ms/窗) 累计 items=81 windows=3625 elapsed=47s
[gpu7] [encode] VideoRepick_ep81_exec windows=32 took=0.5s (16 ms/窗) 累计 items=47 windows=2112 elapsed=47s
[gpu3] [encode] BinFill_ep155_exec windows=31 took=0.4s (13 ms/窗) 累计 items=79 windows=3535 elapsed=48s
[gpu6] [encode] BinFill_ep250_demo windows=31 took=0.4s (13 ms/窗) 累计 items=82 windows=3670 elapsed=48s
[gpu2] [encode] BinFill_ep201_demo windows=31 took=0.4s (14 ms/窗) 累计 items=76 windows=3415 elapsed=48s
[gpu0] [encode] BinFill_ep37_demo windows=31 took=0.4s (13 ms/窗) 累计 items=79 windows=3547 elapsed=48s
[gpu5] [encode] BinFill_ep39_demo windows=31 took=0.4s (13 ms/窗) 累计 items=82 windows=3675 elapsed=48s
[gpu4] [encode] BinFill_ep42_demo windows=31 took=0.4s (13 ms/窗) 累计 items=82 windows=3656 elapsed=48s
[gpu1] [encode] BinFill_ep66_demo windows=31 took=0.4s (13 ms/窗) 累计 items=82 windows=3656 elapsed=48s
[gpu3] [encode] BinFill_ep95_demo windows=31 took=0.4s (13 ms/窗) 累计 items=80 windows=3566 elapsed=48s
[gpu6] [encode] RouteStick_ep300_demo windows=31 took=0.4s (13 ms/窗) 累计 items=83 windows=3701 elapsed=48s
[gpu2] [encode] RouteStick_ep305_demo windows=31 took=0.4s (14 ms/窗) 累计 items=77 windows=3446 elapsed=48s
[gpu0] [encode] RouteStick_ep306_demo windows=31 took=0.4s (13 ms/窗) 累计 items=80 windows=3578 elapsed=49s
[gpu5] [encode] RouteStick_ep313_demo windows=31 took=0.4s (13 ms/窗) 累计 items=83 windows=3706 elapsed=49s
[gpu4] [encode] RouteStick_ep315_demo windows=31 took=0.4s (13 ms/窗) 累计 items=83 windows=3687 elapsed=48s
[gpu7] [encode] RouteStick_ep312_demo windows=31 took=0.5s (16 ms/窗) 累计 items=48 windows=2143 elapsed=48s
[gpu1] [encode] RouteStick_ep319_demo windows=31 took=0.4s (13 ms/窗) 累计 items=83 windows=3687 elapsed=48s
[gpu3] [encode] RouteStick_ep324_demo windows=31 took=0.4s (13 ms/窗) 累计 items=81 windows=3597 elapsed=48s
[gpu6] [encode] RouteStick_ep327_demo windows=31 took=0.4s (13 ms/窗) 累计 items=84 windows=3732 elapsed=48s
[gpu2] [encode] RouteStick_ep332_demo windows=31 took=0.4s (14 ms/窗) 累计 items=78 windows=3477 elapsed=49s
[gpu0] [encode] RouteStick_ep333_demo windows=31 took=0.4s (13 ms/窗) 累计 items=81 windows=3609 elapsed=49s
[gpu5] [encode] RouteStick_ep335_demo windows=31 took=0.4s (13 ms/窗) 累计 items=84 windows=3737 elapsed=49s
[gpu4] [encode] RouteStick_ep336_demo windows=31 took=0.4s (13 ms/窗) 累计 items=84 windows=3718 elapsed=49s
[gpu1] [encode] RouteStick_ep343_demo windows=31 took=0.4s (13 ms/窗) 累计 items=84 windows=3718 elapsed=49s
[gpu3] [encode] RouteStick_ep346_demo windows=31 took=0.4s (13 ms/窗) 累计 items=82 windows=3628 elapsed=49s
[gpu6] [encode] RouteStick_ep348_demo windows=31 took=0.4s (13 ms/窗) 累计 items=85 windows=3763 elapsed=49s
[gpu2] [encode] RouteStick_ep352_demo windows=31 took=0.4s (13 ms/窗) 累计 items=79 windows=3508 elapsed=49s
[gpu0] [encode] RouteStick_ep353_demo windows=31 took=0.4s (13 ms/窗) 累计 items=82 windows=3640 elapsed=49s
[gpu7] [encode] RouteStick_ep350_demo windows=31 took=0.5s (16 ms/窗) 累计 items=49 windows=2174 elapsed=49s
[gpu5] [encode] RouteStick_ep358_demo windows=31 took=0.4s (13 ms/窗) 累计 items=85 windows=3768 elapsed=49s
[gpu4] [encode] RouteStick_ep360_demo windows=31 took=0.4s (13 ms/窗) 累计 items=85 windows=3749 elapsed=49s
[gpu1] [encode] RouteStick_ep363_demo windows=31 took=0.4s (13 ms/窗) 累计 items=85 windows=3749 elapsed=49s
[gpu3] [encode] RouteStick_ep366_demo windows=31 took=0.4s (13 ms/窗) 累计 items=83 windows=3659 elapsed=49s
[gpu6] [encode] RouteStick_ep371_demo windows=31 took=0.4s (13 ms/窗) 累计 items=86 windows=3794 elapsed=49s
[gpu2] [encode] RouteStick_ep375_demo windows=31 took=0.4s (14 ms/窗) 累计 items=80 windows=3539 elapsed=49s
[gpu0] [encode] RouteStick_ep378_demo windows=31 took=0.4s (13 ms/窗) 累计 items=83 windows=3671 elapsed=50s
[gpu5] [encode] RouteStick_ep380_demo windows=31 took=0.4s (13 ms/窗) 累计 items=86 windows=3799 elapsed=50s
[gpu4] [encode] RouteStick_ep381_demo windows=31 took=0.4s (13 ms/窗) 累计 items=86 windows=3780 elapsed=50s
[gpu1] [encode] RouteStick_ep386_demo windows=31 took=0.4s (13 ms/窗) 累计 items=86 windows=3780 elapsed=49s
[gpu3] [encode] RouteStick_ep388_demo windows=31 took=0.4s (13 ms/窗) 累计 items=84 windows=3690 elapsed=50s
[gpu6] [encode] RouteStick_ep390_demo windows=31 took=0.4s (13 ms/窗) 累计 items=87 windows=3825 elapsed=50s
[gpu2] [encode] RouteStick_ep396_demo windows=31 took=0.4s (14 ms/窗) 累计 items=81 windows=3570 elapsed=50s
[gpu7] [encode] RouteStick_ep391_demo windows=31 took=0.5s (16 ms/窗) 累计 items=50 windows=2205 elapsed=49s
[gpu0] [encode] VideoRepick_ep102_exec windows=31 took=0.4s (13 ms/窗) 累计 items=84 windows=3702 elapsed=50s
[gpu5] [encode] VideoRepick_ep126_exec windows=31 took=0.4s (13 ms/窗) 累计 items=87 windows=3830 elapsed=50s
[gpu4] [encode] VideoRepick_ep141_exec windows=31 took=0.4s (13 ms/窗) 累计 items=87 windows=3811 elapsed=50s
[gpu1] [encode] VideoRepick_ep145_exec windows=31 took=0.4s (13 ms/窗) 累计 items=87 windows=3811 elapsed=50s
[gpu3] [encode] VideoRepick_ep148_exec windows=31 took=0.4s (13 ms/窗) 累计 items=85 windows=3721 elapsed=50s
[gpu6] [encode] VideoRepick_ep149_exec windows=31 took=0.4s (13 ms/窗) 累计 items=88 windows=3856 elapsed=50s
[gpu2] [encode] VideoRepick_ep152_exec windows=31 took=0.4s (14 ms/窗) 累计 items=82 windows=3601 elapsed=50s
[gpu0] [encode] VideoRepick_ep159_exec windows=31 took=0.4s (13 ms/窗) 累计 items=85 windows=3733 elapsed=51s
[gpu5] [encode] VideoRepick_ep170_exec windows=31 took=0.4s (13 ms/窗) 累计 items=88 windows=3861 elapsed=51s
[gpu4] [encode] VideoRepick_ep179_exec windows=31 took=0.4s (13 ms/窗) 累计 items=88 windows=3842 elapsed=50s
[gpu1] [encode] VideoRepick_ep183_exec windows=31 took=0.4s (13 ms/窗) 累计 items=88 windows=3842 elapsed=50s
[gpu3] [encode] VideoRepick_ep209_exec windows=31 took=0.4s (13 ms/窗) 累计 items=86 windows=3752 elapsed=51s
[gpu6] [encode] VideoRepick_ep21_exec windows=31 took=0.4s (13 ms/窗) 累计 items=89 windows=3887 elapsed=50s
[gpu7] [encode] VideoRepick_ep203_exec windows=31 took=0.5s (16 ms/窗) 累计 items=51 windows=2236 elapsed=50s
[gpu2] [encode] VideoRepick_ep243_exec windows=31 took=0.4s (13 ms/窗) 累计 items=83 windows=3632 elapsed=51s
[gpu5] [encode] VideoRepick_ep279_exec windows=31 took=0.4s (13 ms/窗) 累计 items=89 windows=3892 elapsed=51s
[gpu0] [encode] VideoRepick_ep255_exec windows=31 took=0.4s (13 ms/窗) 累计 items=86 windows=3764 elapsed=51s
[gpu4] [encode] VideoRepick_ep290_exec windows=31 took=0.4s (13 ms/窗) 累计 items=89 windows=3873 elapsed=51s
[gpu1] [encode] VideoRepick_ep297_demo windows=31 took=0.4s (13 ms/窗) 累计 items=89 windows=3873 elapsed=51s
[gpu3] [encode] VideoRepick_ep309_exec windows=31 took=0.4s (13 ms/窗) 累计 items=87 windows=3783 elapsed=51s
[gpu6] [encode] VideoRepick_ep318_exec windows=31 took=0.4s (13 ms/窗) 累计 items=90 windows=3918 elapsed=51s
[gpu2] [encode] VideoRepick_ep327_demo windows=31 took=0.4s (14 ms/窗) 累计 items=84 windows=3663 elapsed=51s
[gpu5] [encode] VideoRepick_ep329_demo windows=31 took=0.4s (13 ms/窗) 累计 items=90 windows=3923 elapsed=51s
[gpu7] [encode] VideoRepick_ep326_exec windows=31 took=0.5s (16 ms/窗) 累计 items=52 windows=2267 elapsed=51s
[gpu0] [encode] VideoRepick_ep334_demo windows=31 took=0.4s (13 ms/窗) 累计 items=87 windows=3795 elapsed=52s
[gpu4] [encode] VideoRepick_ep339_exec windows=31 took=0.4s (13 ms/窗) 累计 items=90 windows=3904 elapsed=51s
[gpu1] [encode] VideoRepick_ep350_exec windows=31 took=0.4s (13 ms/窗) 累计 items=90 windows=3904 elapsed=51s
[gpu6] [encode] VideoRepick_ep362_demo windows=31 took=0.4s (13 ms/窗) 累计 items=91 windows=3949 elapsed=51s
[gpu3] [encode] VideoRepick_ep361_demo windows=31 took=0.4s (13 ms/窗) 累计 items=88 windows=3814 elapsed=51s
[gpu5] [encode] VideoRepick_ep374_demo windows=31 took=0.4s (13 ms/窗) 累计 items=91 windows=3954 elapsed=52s
[gpu2] [encode] VideoRepick_ep372_exec windows=31 took=0.4s (13 ms/窗) 累计 items=85 windows=3694 elapsed=52s
[gpu0] [encode] VideoRepick_ep394_demo windows=31 took=0.4s (13 ms/窗) 累计 items=88 windows=3826 elapsed=52s
[gpu4] [encode] VideoRepick_ep46_exec windows=31 took=0.4s (13 ms/窗) 累计 items=91 windows=3935 elapsed=52s
[gpu1] [encode] VideoRepick_ep59_exec windows=31 took=0.4s (13 ms/窗) 累计 items=91 windows=3935 elapsed=51s
[gpu6] [encode] VideoRepick_ep65_exec windows=31 took=0.4s (13 ms/窗) 累计 items=92 windows=3980 elapsed=52s
[gpu3] [encode] VideoRepick_ep66_exec windows=31 took=0.4s (13 ms/窗) 累计 items=89 windows=3845 elapsed=52s
[gpu5] [encode] VideoRepick_ep86_exec windows=31 took=0.4s (13 ms/窗) 累计 items=92 windows=3985 elapsed=52s
[gpu7] [encode] VideoRepick_ep7_exec windows=31 took=0.5s (16 ms/窗) 累计 items=53 windows=2298 elapsed=52s
[gpu2] [encode] VideoRepick_ep8_exec windows=31 took=0.4s (13 ms/窗) 累计 items=86 windows=3725 elapsed=52s
[gpu0] [encode] VideoRepick_ep93_exec windows=31 took=0.4s (13 ms/窗) 累计 items=89 windows=3857 elapsed=52s
[gpu4] [encode] BinFill_ep119_demo windows=30 took=0.4s (13 ms/窗) 累计 items=92 windows=3965 elapsed=52s
[gpu1] [encode] BinFill_ep17_demo windows=30 took=0.4s (13 ms/窗) 累计 items=92 windows=3965 elapsed=52s
[gpu6] [encode] BinFill_ep181_demo windows=30 took=0.4s (13 ms/窗) 累计 items=93 windows=4010 elapsed=52s
[gpu3] [encode] BinFill_ep189_exec windows=30 took=0.4s (13 ms/窗) 累计 items=90 windows=3875 elapsed=52s
[gpu5] [encode] BinFill_ep201_exec windows=30 took=0.4s (13 ms/窗) 累计 items=93 windows=4015 elapsed=53s
[gpu2] [encode] BinFill_ep212_demo windows=30 took=0.4s (13 ms/窗) 累计 items=87 windows=3755 elapsed=52s
[gpu0] [encode] BinFill_ep228_demo windows=30 took=0.4s (13 ms/窗) 累计 items=90 windows=3887 elapsed=53s
[gpu4] [encode] BinFill_ep235_demo windows=30 took=0.4s (13 ms/窗) 累计 items=93 windows=3995 elapsed=52s
[gpu1] [encode] BinFill_ep244_demo windows=30 took=0.4s (13 ms/窗) 累计 items=93 windows=3995 elapsed=52s
[gpu7] [encode] BinFill_ep209_demo windows=30 took=0.5s (16 ms/窗) 累计 items=54 windows=2328 elapsed=52s
[gpu6] [encode] BinFill_ep250_exec windows=30 took=0.4s (13 ms/窗) 累计 items=94 windows=4040 elapsed=52s
[gpu3] [encode] BinFill_ep25_demo windows=30 took=0.4s (13 ms/窗) 累计 items=91 windows=3905 elapsed=53s
[gpu5] [encode] BinFill_ep37_exec windows=30 took=0.4s (13 ms/窗) 累计 items=94 windows=4045 elapsed=53s
[gpu2] [encode] BinFill_ep39_exec windows=30 took=0.4s (14 ms/窗) 累计 items=88 windows=3785 elapsed=53s
[gpu0] [encode] BinFill_ep42_exec windows=30 took=0.4s (13 ms/窗) 累计 items=91 windows=3917 elapsed=53s
[gpu4] [encode] BinFill_ep51_demo windows=30 took=0.4s (13 ms/窗) 累计 items=94 windows=4025 elapsed=53s
[gpu1] [encode] BinFill_ep66_exec windows=30 took=0.4s (13 ms/窗) 累计 items=94 windows=4025 elapsed=53s
[gpu6] [encode] BinFill_ep95_exec windows=30 took=0.4s (13 ms/窗) 累计 items=95 windows=4070 elapsed=53s
[gpu3] [encode] RouteStick_ep300_exec windows=30 took=0.4s (13 ms/窗) 累计 items=92 windows=3935 elapsed=53s
[gpu5] [encode] RouteStick_ep306_exec windows=30 took=0.4s (13 ms/窗) 累计 items=95 windows=4075 elapsed=53s
[gpu7] [encode] RouteStick_ep305_exec windows=30 took=0.5s (16 ms/窗) 累计 items=55 windows=2358 elapsed=53s
[gpu1] [encode] RouteStick_ep315_exec windows=30 took=0.4s (13 ms/窗) 累计 items=95 windows=4055 elapsed=53s
[gpu0] [encode] RouteStick_ep313_exec windows=30 took=0.4s (13 ms/窗) 累计 items=92 windows=3947 elapsed=54s
[gpu2] [encode] RouteStick_ep312_exec windows=30 took=0.4s (13 ms/窗) 累计 items=89 windows=3815 elapsed=53s
[gpu4] [encode] RouteStick_ep319_exec windows=30 took=0.4s (13 ms/窗) 累计 items=95 windows=4055 elapsed=53s
[gpu6] [encode] RouteStick_ep324_exec windows=30 took=0.4s (13 ms/窗) 累计 items=96 windows=4100 elapsed=53s
[gpu3] [encode] RouteStick_ep327_exec windows=30 took=0.4s (13 ms/窗) 累计 items=93 windows=3965 elapsed=53s
[gpu5] [encode] RouteStick_ep332_exec windows=30 took=0.4s (13 ms/窗) 累计 items=96 windows=4105 elapsed=54s
[gpu1] [encode] RouteStick_ep333_exec windows=30 took=0.4s (13 ms/窗) 累计 items=96 windows=4085 elapsed=53s
[gpu4] [encode] RouteStick_ep336_exec windows=30 took=0.4s (13 ms/窗) 累计 items=96 windows=4085 elapsed=54s
[gpu0] [encode] RouteStick_ep335_exec windows=30 took=0.4s (13 ms/窗) 累计 items=93 windows=3977 elapsed=54s
[gpu6] [encode] RouteStick_ep343_exec windows=30 took=0.4s (13 ms/窗) 累计 items=97 windows=4130 elapsed=54s
[gpu3] [encode] RouteStick_ep346_exec windows=30 took=0.4s (13 ms/窗) 累计 items=94 windows=3995 elapsed=54s
[gpu2] [encode] RouteStick_ep348_exec windows=30 took=0.4s (13 ms/窗) 累计 items=90 windows=3845 elapsed=54s
[gpu5] [encode] RouteStick_ep352_exec windows=30 took=0.4s (13 ms/窗) 累计 items=97 windows=4135 elapsed=54s
[gpu7] [encode] RouteStick_ep350_exec windows=30 took=0.5s (16 ms/窗) 累计 items=56 windows=2388 elapsed=54s
[gpu1] [encode] RouteStick_ep353_exec windows=30 took=0.4s (13 ms/窗) 累计 items=97 windows=4115 elapsed=54s
[gpu4] [encode] RouteStick_ep358_exec windows=30 took=0.4s (13 ms/窗) 累计 items=97 windows=4115 elapsed=54s
[gpu6] [encode] RouteStick_ep360_exec windows=30 took=0.4s (13 ms/窗) 累计 items=98 windows=4160 elapsed=54s
[gpu0] [encode] RouteStick_ep363_exec windows=30 took=0.4s (13 ms/窗) 累计 items=94 windows=4007 elapsed=55s
[gpu3] [encode] RouteStick_ep366_exec windows=30 took=0.4s (13 ms/窗) 累计 items=95 windows=4025 elapsed=54s
[gpu2] [encode] RouteStick_ep371_exec windows=30 took=0.4s (14 ms/窗) 累计 items=91 windows=3875 elapsed=54s
[gpu5] [encode] RouteStick_ep375_exec windows=30 took=0.4s (13 ms/窗) 累计 items=98 windows=4165 elapsed=55s
[gpu1] [encode] RouteStick_ep380_exec windows=30 took=0.4s (13 ms/窗) 累计 items=98 windows=4145 elapsed=54s
[gpu4] [encode] RouteStick_ep381_exec windows=30 took=0.4s (13 ms/窗) 累计 items=98 windows=4145 elapsed=54s
[gpu6] [encode] RouteStick_ep386_exec windows=30 took=0.4s (13 ms/窗) 累计 items=99 windows=4190 elapsed=54s
[gpu7] [encode] RouteStick_ep378_exec windows=30 took=0.5s (16 ms/窗) 累计 items=57 windows=2418 elapsed=54s
[gpu3] [encode] RouteStick_ep390_exec windows=30 took=0.4s (13 ms/窗) 累计 items=96 windows=4055 elapsed=55s
[gpu0] [encode] RouteStick_ep388_exec windows=30 took=0.4s (13 ms/窗) 累计 items=95 windows=4037 elapsed=55s
[gpu2] [encode] RouteStick_ep391_exec windows=30 took=0.4s (13 ms/窗) 累计 items=92 windows=3905 elapsed=55s
[gpu5] [encode] RouteStick_ep396_exec windows=30 took=0.4s (13 ms/窗) 累计 items=99 windows=4195 elapsed=55s
[gpu1] [encode] VideoRepick_ep124_exec windows=30 took=0.4s (13 ms/窗) 累计 items=99 windows=4175 elapsed=55s
[gpu6] [encode] VideoRepick_ep166_exec windows=30 took=0.4s (13 ms/窗) 累计 items=100 windows=4220 elapsed=55s
[gpu4] [encode] VideoRepick_ep125_exec windows=30 took=0.4s (13 ms/窗) 累计 items=99 windows=4175 elapsed=55s
[gpu3] [encode] VideoRepick_ep178_exec windows=30 took=0.4s (13 ms/窗) 累计 items=97 windows=4085 elapsed=55s
[gpu0] [encode] VideoRepick_ep187_exec windows=30 took=0.4s (13 ms/窗) 累计 items=96 windows=4067 elapsed=55s
[gpu2] [encode] VideoRepick_ep196_exec windows=30 took=0.4s (13 ms/窗) 累计 items=93 windows=3935 elapsed=55s
[gpu5] [encode] VideoRepick_ep201_exec windows=30 took=0.4s (13 ms/窗) 累计 items=100 windows=4225 elapsed=55s
[gpu1] [encode] VideoRepick_ep220_exec windows=30 took=0.4s (13 ms/窗) 累计 items=100 windows=4205 elapsed=55s
[gpu6] [encode] VideoRepick_ep226_exec windows=30 took=0.4s (13 ms/窗) 累计 items=101 windows=4250 elapsed=55s
[gpu7] [encode] VideoRepick_ep210_exec windows=30 took=0.5s (16 ms/窗) 累计 items=58 windows=2448 elapsed=55s
[gpu4] [encode] VideoRepick_ep257_exec windows=30 took=0.4s (13 ms/窗) 累计 items=100 windows=4205 elapsed=55s
[gpu3] [encode] VideoRepick_ep258_exec windows=30 took=0.4s (13 ms/窗) 累计 items=98 windows=4115 elapsed=55s
[gpu0] [encode] VideoRepick_ep269_demo windows=30 took=0.4s (13 ms/窗) 累计 items=97 windows=4097 elapsed=56s
[gpu2] [encode] VideoRepick_ep271_demo windows=30 took=0.4s (13 ms/窗) 累计 items=94 windows=3965 elapsed=55s
[gpu5] [encode] VideoRepick_ep272_demo windows=30 took=0.4s (13 ms/窗) 累计 items=101 windows=4255 elapsed=56s
[gpu1] [encode] VideoRepick_ep274_demo windows=30 took=0.4s (13 ms/窗) 累计 items=101 windows=4235 elapsed=55s
[gpu6] [encode] VideoRepick_ep276_exec windows=30 took=0.4s (13 ms/窗) 累计 items=102 windows=4280 elapsed=55s
[gpu4] [encode] VideoRepick_ep280_demo windows=30 took=0.4s (13 ms/窗) 累计 items=101 windows=4235 elapsed=56s
[gpu3] [encode] VideoRepick_ep289_demo windows=30 took=0.4s (13 ms/窗) 累计 items=99 windows=4145 elapsed=56s
[gpu0] [encode] VideoRepick_ep28_exec windows=30 took=0.4s (13 ms/窗) 累计 items=98 windows=4127 elapsed=56s
[gpu2] [encode] VideoRepick_ep293_exec windows=30 took=0.4s (13 ms/窗) 累计 items=95 windows=3995 elapsed=56s
[gpu5] [encode] VideoRepick_ep298_exec windows=30 took=0.4s (13 ms/窗) 累计 items=102 windows=4285 elapsed=56s
[gpu7] [encode] VideoRepick_ep291_demo windows=30 took=0.5s (16 ms/窗) 累计 items=59 windows=2478 elapsed=56s
[gpu1] [encode] VideoRepick_ep300_demo windows=30 took=0.4s (13 ms/窗) 累计 items=102 windows=4265 elapsed=56s
[gpu6] [encode] VideoRepick_ep303_demo windows=30 took=0.4s (13 ms/窗) 累计 items=103 windows=4310 elapsed=56s
[gpu4] [encode] VideoRepick_ep304_demo windows=30 took=0.4s (13 ms/窗) 累计 items=102 windows=4265 elapsed=56s
[gpu3] [encode] VideoRepick_ep305_demo windows=30 took=0.4s (13 ms/窗) 累计 items=100 windows=4175 elapsed=56s
[gpu0] [encode] VideoRepick_ep306_exec windows=30 took=0.4s (13 ms/窗) 累计 items=99 windows=4157 elapsed=57s
[gpu5] [encode] VideoRepick_ep316_demo windows=30 took=0.4s (13 ms/窗) 累计 items=103 windows=4315 elapsed=57s
[gpu2] [encode] VideoRepick_ep309_demo windows=30 took=0.4s (13 ms/窗) 累计 items=96 windows=4025 elapsed=56s
[gpu1] [encode] VideoRepick_ep321_demo windows=30 took=0.4s (13 ms/窗) 累计 items=103 windows=4295 elapsed=56s
[gpu6] [encode] VideoRepick_ep322_demo windows=30 took=0.4s (13 ms/窗) 累计 items=104 windows=4340 elapsed=56s
[gpu4] [encode] VideoRepick_ep324_demo windows=30 took=0.4s (13 ms/窗) 累计 items=103 windows=4295 elapsed=56s
[gpu7] [encode] VideoRepick_ep326_demo windows=30 took=0.4s (13 ms/窗) 累计 items=60 windows=2508 elapsed=56s
[gpu3] [encode] VideoRepick_ep331_exec windows=30 took=0.4s (13 ms/窗) 累计 items=101 windows=4205 elapsed=57s
[gpu0] [encode] VideoRepick_ep333_exec windows=30 took=0.4s (13 ms/窗) 累计 items=100 windows=4187 elapsed=57s
[gpu5] [encode] VideoRepick_ep347_exec windows=30 took=0.4s (13 ms/窗) 累计 items=104 windows=4345 elapsed=57s
[gpu2] [encode] VideoRepick_ep348_demo windows=30 took=0.4s (13 ms/窗) 累计 items=97 windows=4055 elapsed=57s
[gpu1] [encode] VideoRepick_ep349_exec windows=30 took=0.4s (13 ms/窗) 累计 items=104 windows=4325 elapsed=57s
[gpu6] [encode] VideoRepick_ep34_exec windows=30 took=0.4s (13 ms/窗) 累计 items=105 windows=4370 elapsed=57s
[gpu4] [encode] VideoRepick_ep351_exec windows=30 took=0.4s (13 ms/窗) 累计 items=104 windows=4325 elapsed=57s
[gpu7] [encode] VideoRepick_ep355_demo windows=30 took=0.4s (13 ms/窗) 累计 items=61 windows=2538 elapsed=56s
[gpu0] [encode] VideoRepick_ep366_demo windows=30 took=0.4s (13 ms/窗) 累计 items=101 windows=4217 elapsed=57s
[gpu3] [encode] VideoRepick_ep360_demo windows=30 took=0.5s (16 ms/窗) 累计 items=102 windows=4235 elapsed=57s
[gpu5] [encode] VideoRepick_ep369_demo windows=30 took=0.4s (13 ms/窗) 累计 items=105 windows=4375 elapsed=57s
[gpu2] [encode] VideoRepick_ep372_demo windows=30 took=0.4s (13 ms/窗) 累计 items=98 windows=4085 elapsed=57s
[gpu1] [encode] VideoRepick_ep379_demo windows=30 took=0.4s (13 ms/窗) 累计 items=105 windows=4355 elapsed=57s
[gpu6] [encode] VideoRepick_ep382_demo windows=30 took=0.4s (13 ms/窗) 累计 items=106 windows=4400 elapsed=57s
[gpu4] [encode] VideoRepick_ep383_exec windows=30 took=0.4s (13 ms/窗) 累计 items=105 windows=4355 elapsed=57s
[gpu7] [encode] VideoRepick_ep38_exec windows=30 took=0.4s (13 ms/窗) 累计 items=62 windows=2568 elapsed=57s
[gpu0] [encode] VideoRepick_ep392_demo windows=30 took=0.4s (13 ms/窗) 累计 items=102 windows=4247 elapsed=58s
[gpu3] [encode] VideoRepick_ep396_demo windows=30 took=0.4s (13 ms/窗) 累计 items=103 windows=4265 elapsed=57s
[gpu5] [encode] VideoRepick_ep397_exec windows=30 took=0.4s (13 ms/窗) 累计 items=106 windows=4405 elapsed=58s
[gpu1] [encode] VideoRepick_ep64_exec windows=30 took=0.4s (13 ms/窗) 累计 items=106 windows=4385 elapsed=57s
[gpu2] [encode] VideoRepick_ep55_exec windows=30 took=0.4s (13 ms/窗) 累计 items=99 windows=4115 elapsed=58s
[gpu6] [encode] VideoRepick_ep6_exec windows=30 took=0.4s (13 ms/窗) 累计 items=107 windows=4430 elapsed=57s
[gpu4] [encode] VideoRepick_ep72_exec windows=30 took=0.4s (13 ms/窗) 累计 items=106 windows=4385 elapsed=58s
[gpu7] [encode] VideoRepick_ep94_exec windows=30 took=0.4s (13 ms/窗) 累计 items=63 windows=2598 elapsed=57s
[gpu0] [encode] BinFill_ep111_demo windows=29 took=0.4s (14 ms/窗) 累计 items=103 windows=4276 elapsed=58s
[gpu3] [encode] BinFill_ep112_demo windows=29 took=0.4s (13 ms/窗) 累计 items=104 windows=4294 elapsed=58s
[gpu5] [encode] BinFill_ep118_demo windows=29 took=0.4s (13 ms/窗) 累计 items=107 windows=4434 elapsed=58s
[gpu1] [encode] BinFill_ep119_exec windows=29 took=0.4s (13 ms/窗) 累计 items=107 windows=4414 elapsed=58s
[gpu6] [encode] BinFill_ep126_demo windows=29 took=0.4s (13 ms/窗) 累计 items=108 windows=4459 elapsed=58s
[gpu2] [encode] BinFill_ep140_demo windows=29 took=0.4s (14 ms/窗) 累计 items=100 windows=4144 elapsed=58s
[gpu4] [encode] BinFill_ep151_demo windows=29 took=0.4s (13 ms/窗) 累计 items=107 windows=4414 elapsed=58s
[gpu7] [encode] BinFill_ep158_demo windows=29 took=0.4s (13 ms/窗) 累计 items=64 windows=2627 elapsed=58s
[gpu0] [encode] BinFill_ep175_demo windows=29 took=0.4s (13 ms/窗) 累计 items=104 windows=4305 elapsed=59s
[gpu3] [encode] BinFill_ep17_exec windows=29 took=0.4s (13 ms/窗) 累计 items=105 windows=4323 elapsed=58s
[gpu5] [encode] BinFill_ep181_exec windows=29 took=0.4s (13 ms/窗) 累计 items=108 windows=4463 elapsed=58s
[gpu1] [encode] BinFill_ep182_demo windows=29 took=0.4s (13 ms/窗) 累计 items=108 windows=4443 elapsed=58s
[gpu6] [encode] BinFill_ep204_demo windows=29 took=0.4s (13 ms/窗) 累计 items=109 windows=4488 elapsed=58s
[gpu2] [encode] BinFill_ep209_exec windows=29 took=0.4s (14 ms/窗) 累计 items=101 windows=4173 elapsed=58s
[gpu4] [encode] BinFill_ep212_exec windows=29 took=0.4s (13 ms/窗) 累计 items=108 windows=4443 elapsed=58s
[gpu7] [encode] BinFill_ep226_demo windows=29 took=0.4s (13 ms/窗) 累计 items=65 windows=2656 elapsed=58s
[gpu0] [encode] BinFill_ep228_exec windows=29 took=0.4s (13 ms/窗) 累计 items=105 windows=4334 elapsed=59s
[gpu5] [encode] BinFill_ep235_exec windows=29 took=0.4s (13 ms/窗) 累计 items=109 windows=4492 elapsed=59s
[gpu3] [encode] BinFill_ep238_demo windows=29 took=0.4s (13 ms/窗) 累计 items=106 windows=4352 elapsed=59s
[gpu1] [encode] BinFill_ep244_exec windows=29 took=0.4s (13 ms/窗) 累计 items=109 windows=4472 elapsed=58s
[gpu6] [encode] BinFill_ep247_demo windows=29 took=0.4s (13 ms/窗) 累计 items=110 windows=4517 elapsed=59s
[gpu2] [encode] BinFill_ep259_demo windows=29 took=0.4s (14 ms/窗) 累计 items=102 windows=4202 elapsed=59s
[gpu7] [encode] BinFill_ep264_demo windows=29 took=0.4s (13 ms/窗) 累计 items=66 windows=2685 elapsed=58s
[gpu4] [encode] BinFill_ep25_exec windows=29 took=0.4s (13 ms/窗) 累计 items=109 windows=4472 elapsed=59s
[gpu0] [encode] BinFill_ep33_demo windows=29 took=0.4s (13 ms/窗) 累计 items=106 windows=4363 elapsed=59s
[gpu5] [encode] BinFill_ep35_demo windows=29 took=0.4s (13 ms/窗) 累计 items=110 windows=4521 elapsed=59s
[gpu3] [encode] BinFill_ep36_demo windows=29 took=0.4s (13 ms/窗) 累计 items=107 windows=4381 elapsed=59s
[gpu1] [encode] BinFill_ep51_exec windows=29 took=0.4s (13 ms/窗) 累计 items=110 windows=4501 elapsed=59s
[gpu6] [encode] BinFill_ep89_demo windows=29 took=0.4s (13 ms/窗) 累计 items=111 windows=4546 elapsed=59s
[gpu7] [encode] BinFill_ep96_demo windows=29 took=0.4s (13 ms/窗) 累计 items=67 windows=2714 elapsed=59s
[gpu2] [encode] BinFill_ep8_demo windows=29 took=0.4s (14 ms/窗) 累计 items=103 windows=4231 elapsed=59s
[gpu4] [encode] VideoRepick_ep101_exec windows=29 took=0.4s (13 ms/窗) 累计 items=110 windows=4501 elapsed=59s
[gpu0] [encode] VideoRepick_ep109_exec windows=29 took=0.4s (13 ms/窗) 累计 items=107 windows=4392 elapsed=60s
[gpu5] [encode] VideoRepick_ep123_exec windows=29 took=0.4s (13 ms/窗) 累计 items=111 windows=4550 elapsed=60s
[gpu3] [encode] VideoRepick_ep139_exec windows=29 took=0.4s (13 ms/窗) 累计 items=108 windows=4410 elapsed=59s
[gpu1] [encode] VideoRepick_ep16_exec windows=29 took=0.4s (13 ms/窗) 累计 items=111 windows=4530 elapsed=59s
[gpu6] [encode] VideoRepick_ep193_exec windows=29 took=0.4s (13 ms/窗) 累计 items=112 windows=4575 elapsed=59s
[gpu7] [encode] VideoRepick_ep206_exec windows=29 took=0.4s (13 ms/窗) 累计 items=68 windows=2743 elapsed=59s
[gpu4] [encode] VideoRepick_ep235_exec windows=29 took=0.4s (13 ms/窗) 累计 items=111 windows=4530 elapsed=60s
[gpu2] [encode] VideoRepick_ep231_exec windows=29 took=0.4s (14 ms/窗) 累计 items=104 windows=4260 elapsed=60s
[gpu0] [encode] VideoRepick_ep272_exec windows=29 took=0.4s (13 ms/窗) 累计 items=108 windows=4421 elapsed=60s
[gpu5] [encode] VideoRepick_ep275_demo windows=29 took=0.4s (13 ms/窗) 累计 items=112 windows=4579 elapsed=60s
[gpu3] [encode] VideoRepick_ep276_demo windows=29 took=0.4s (13 ms/窗) 累计 items=109 windows=4439 elapsed=60s
[gpu1] [encode] VideoRepick_ep277_demo windows=29 took=0.4s (13 ms/窗) 累计 items=112 windows=4559 elapsed=60s
[gpu6] [encode] VideoRepick_ep278_demo windows=29 took=0.4s (13 ms/窗) 累计 items=113 windows=4604 elapsed=60s
[gpu7] [encode] VideoRepick_ep282_demo windows=29 took=0.4s (13 ms/窗) 累计 items=69 windows=2772 elapsed=60s
[gpu4] [encode] VideoRepick_ep286_demo windows=29 took=0.4s (13 ms/窗) 累计 items=112 windows=4559 elapsed=60s
[gpu2] [encode] VideoRepick_ep287_demo windows=29 took=0.4s (14 ms/窗) 累计 items=105 windows=4289 elapsed=60s
[gpu0] [encode] VideoRepick_ep290_demo windows=29 took=0.4s (13 ms/窗) 累计 items=109 windows=4450 elapsed=60s
[gpu5] [encode] VideoRepick_ep299_exec windows=29 took=0.4s (13 ms/窗) 累计 items=113 windows=4608 elapsed=60s
[gpu3] [encode] VideoRepick_ep308_demo windows=29 took=0.4s (13 ms/窗) 累计 items=110 windows=4468 elapsed=60s
[gpu1] [encode] VideoRepick_ep310_demo windows=29 took=0.4s (13 ms/窗) 累计 items=113 windows=4588 elapsed=60s
[gpu6] [encode] VideoRepick_ep313_demo windows=29 took=0.4s (13 ms/窗) 累计 items=114 windows=4633 elapsed=60s
[gpu7] [encode] VideoRepick_ep314_demo windows=29 took=0.4s (13 ms/窗) 累计 items=70 windows=2801 elapsed=60s
[gpu4] [encode] VideoRepick_ep315_demo windows=29 took=0.4s (13 ms/窗) 累计 items=113 windows=4588 elapsed=60s
[gpu2] [encode] VideoRepick_ep320_exec windows=29 took=0.4s (13 ms/窗) 累计 items=106 windows=4318 elapsed=60s
[gpu0] [encode] VideoRepick_ep328_demo windows=29 took=0.4s (13 ms/窗) 累计 items=110 windows=4479 elapsed=61s
[gpu5] [encode] VideoRepick_ep336_demo windows=29 took=0.4s (13 ms/窗) 累计 items=114 windows=4637 elapsed=61s
[gpu1] [encode] VideoRepick_ep339_demo windows=29 took=0.4s (13 ms/窗) 累计 items=114 windows=4617 elapsed=60s
[gpu3] [encode] VideoRepick_ep340_demo windows=29 took=0.4s (13 ms/窗) 累计 items=111 windows=4497 elapsed=61s
[gpu6] [encode] VideoRepick_ep341_demo windows=29 took=0.4s (13 ms/窗) 累计 items=115 windows=4662 elapsed=60s
[gpu7] [encode] VideoRepick_ep343_demo windows=29 took=0.4s (13 ms/窗) 累计 items=71 windows=2830 elapsed=60s
[gpu4] [encode] VideoRepick_ep343_exec windows=29 took=0.4s (13 ms/窗) 累计 items=114 windows=4617 elapsed=61s
[gpu0] [encode] VideoRepick_ep349_demo windows=29 took=0.4s (13 ms/窗) 累计 items=111 windows=4508 elapsed=61s
[gpu2] [encode] VideoRepick_ep344_demo windows=29 took=0.4s (14 ms/窗) 累计 items=107 windows=4347 elapsed=61s
[gpu1] [encode] VideoRepick_ep354_demo windows=29 took=0.4s (13 ms/窗) 累计 items=115 windows=4646 elapsed=61s
[gpu5] [encode] VideoRepick_ep350_demo windows=29 took=0.5s (16 ms/窗) 累计 items=115 windows=4666 elapsed=61s
[gpu6] [encode] VideoRepick_ep357_demo windows=29 took=0.4s (13 ms/窗) 累计 items=116 windows=4691 elapsed=61s
[gpu3] [encode] VideoRepick_ep356_demo windows=29 took=0.4s (13 ms/窗) 累计 items=112 windows=4526 elapsed=61s
[gpu7] [encode] VideoRepick_ep367_demo windows=29 took=0.4s (13 ms/窗) 累计 items=72 windows=2859 elapsed=61s
[gpu4] [encode] VideoRepick_ep370_exec windows=29 took=0.4s (13 ms/窗) 累计 items=115 windows=4646 elapsed=61s
[gpu0] [encode] VideoRepick_ep376_demo windows=29 took=0.4s (13 ms/窗) 累计 items=112 windows=4537 elapsed=62s
[gpu2] [encode] VideoRepick_ep378_demo windows=29 took=0.4s (13 ms/窗) 累计 items=108 windows=4376 elapsed=61s
[gpu1] [encode] VideoRepick_ep37_exec windows=29 took=0.4s (13 ms/窗) 累计 items=116 windows=4675 elapsed=61s
[gpu6] [encode] VideoRepick_ep381_demo windows=29 took=0.4s (13 ms/窗) 累计 items=117 windows=4720 elapsed=61s
[gpu3] [encode] VideoRepick_ep385_demo windows=29 took=0.4s (13 ms/窗) 累计 items=113 windows=4555 elapsed=61s
[gpu7] [encode] VideoRepick_ep386_demo windows=29 took=0.4s (13 ms/窗) 累计 items=73 windows=2888 elapsed=61s
[gpu4] [encode] VideoRepick_ep389_demo windows=29 took=0.4s (13 ms/窗) 累计 items=116 windows=4675 elapsed=61s
[gpu5] [encode] VideoRepick_ep388_exec windows=29 took=0.5s (16 ms/窗) 累计 items=116 windows=4695 elapsed=62s
[gpu0] [encode] VideoRepick_ep391_demo windows=29 took=0.4s (13 ms/窗) 累计 items=113 windows=4566 elapsed=62s
[gpu2] [encode] BinFill_ep102_demo windows=28 took=0.4s (13 ms/窗) 累计 items=109 windows=4404 elapsed=62s
[gpu1] [encode] BinFill_ep111_exec windows=28 took=0.4s (13 ms/窗) 累计 items=117 windows=4703 elapsed=61s
[gpu6] [encode] BinFill_ep112_exec windows=28 took=0.4s (13 ms/窗) 累计 items=118 windows=4748 elapsed=62s
[gpu3] [encode] BinFill_ep118_exec windows=28 took=0.4s (13 ms/窗) 累计 items=114 windows=4583 elapsed=62s
[gpu7] [encode] BinFill_ep126_exec windows=28 took=0.4s (13 ms/窗) 累计 items=74 windows=2916 elapsed=61s
[gpu4] [encode] BinFill_ep13_demo windows=28 took=0.4s (13 ms/窗) 累计 items=117 windows=4703 elapsed=62s
[gpu0] [encode] BinFill_ep140_exec windows=28 took=0.4s (13 ms/窗) 累计 items=114 windows=4594 elapsed=62s
[gpu1] [encode] BinFill_ep151_exec windows=28 took=0.4s (13 ms/窗) 累计 items=118 windows=4731 elapsed=62s
[gpu2] [encode] BinFill_ep143_demo windows=28 took=0.4s (13 ms/窗) 累计 items=110 windows=4432 elapsed=62s
[gpu6] [encode] BinFill_ep158_exec windows=28 took=0.4s (13 ms/窗) 累计 items=119 windows=4776 elapsed=62s
[gpu3] [encode] BinFill_ep175_exec windows=28 took=0.4s (13 ms/窗) 累计 items=115 windows=4611 elapsed=62s
[gpu7] [encode] BinFill_ep182_exec windows=28 took=0.4s (13 ms/窗) 累计 items=75 windows=2944 elapsed=62s
[gpu4] [encode] BinFill_ep219_demo windows=28 took=0.4s (13 ms/窗) 累计 items=118 windows=4731 elapsed=62s
[gpu5] [encode] BinFill_ep204_exec windows=28 took=0.4s (16 ms/窗) 累计 items=117 windows=4723 elapsed=63s
[gpu0] [encode] BinFill_ep226_exec windows=28 took=0.4s (13 ms/窗) 累计 items=115 windows=4622 elapsed=63s
[gpu1] [encode] BinFill_ep227_demo windows=28 took=0.4s (13 ms/窗) 累计 items=119 windows=4759 elapsed=62s
[gpu6] [encode] BinFill_ep247_exec windows=28 took=0.4s (13 ms/窗) 累计 items=120 windows=4804 elapsed=62s
[gpu2] [encode] BinFill_ep238_exec windows=28 took=0.4s (13 ms/窗) 累计 items=111 windows=4460 elapsed=62s
[gpu3] [encode] BinFill_ep254_demo windows=28 took=0.4s (13 ms/窗) 累计 items=116 windows=4639 elapsed=62s
[gpu7] [encode] BinFill_ep258_demo windows=28 took=0.4s (13 ms/窗) 累计 items=76 windows=2972 elapsed=62s
[gpu4] [encode] BinFill_ep259_exec windows=28 took=0.4s (13 ms/窗) 累计 items=119 windows=4759 elapsed=63s
[gpu0] [encode] BinFill_ep265_demo windows=28 took=0.4s (13 ms/窗) 累计 items=116 windows=4650 elapsed=63s
[gpu1] [encode] BinFill_ep33_exec windows=28 took=0.4s (13 ms/窗) 累计 items=120 windows=4787 elapsed=63s
[gpu5] [encode] BinFill_ep264_exec windows=28 took=0.4s (16 ms/窗) 累计 items=118 windows=4751 elapsed=63s
[gpu6] [encode] BinFill_ep35_exec windows=28 took=0.4s (13 ms/窗) 累计 items=121 windows=4832 elapsed=63s
[gpu3] [encode] BinFill_ep49_demo windows=28 took=0.4s (13 ms/窗) 累计 items=117 windows=4667 elapsed=63s
[gpu2] [encode] BinFill_ep36_exec windows=28 took=0.4s (13 ms/窗) 累计 items=112 windows=4488 elapsed=63s
[gpu7] [encode] BinFill_ep65_demo windows=28 took=0.4s (13 ms/窗) 累计 items=77 windows=3000 elapsed=62s
[gpu4] [encode] BinFill_ep6_demo windows=28 took=0.4s (13 ms/窗) 累计 items=120 windows=4787 elapsed=63s
[gpu0] [encode] BinFill_ep73_demo windows=28 took=0.4s (13 ms/窗) 累计 items=117 windows=4678 elapsed=63s
[gpu1] [encode] BinFill_ep89_exec windows=28 took=0.4s (13 ms/窗) 累计 items=121 windows=4815 elapsed=63s
[gpu6] [encode] BinFill_ep8_exec windows=28 took=0.4s (13 ms/窗) 累计 items=122 windows=4860 elapsed=63s
[gpu3] [encode] BinFill_ep92_demo windows=28 took=0.4s (13 ms/窗) 累计 items=118 windows=4695 elapsed=63s
[gpu7] [encode] BinFill_ep96_exec windows=28 took=0.4s (13 ms/窗) 累计 items=78 windows=3028 elapsed=63s
[gpu2] [encode] RouteStick_ep302_demo windows=28 took=0.4s (13 ms/窗) 累计 items=113 windows=4516 elapsed=63s
[gpu4] [encode] RouteStick_ep308_demo windows=28 took=0.4s (13 ms/窗) 累计 items=121 windows=4815 elapsed=63s
[gpu5] [encode] RouteStick_ep307_demo windows=28 took=0.4s (16 ms/窗) 累计 items=119 windows=4779 elapsed=64s
[gpu0] [encode] RouteStick_ep310_demo windows=28 took=0.4s (13 ms/窗) 累计 items=118 windows=4706 elapsed=64s
[gpu1] [encode] RouteStick_ep314_demo windows=28 took=0.4s (13 ms/窗) 累计 items=122 windows=4843 elapsed=63s
[gpu6] [encode] RouteStick_ep316_demo windows=28 took=0.4s (13 ms/窗) 累计 items=123 windows=4888 elapsed=63s
[gpu3] [encode] RouteStick_ep318_demo windows=28 took=0.4s (13 ms/窗) 累计 items=119 windows=4723 elapsed=64s
[gpu7] [encode] RouteStick_ep320_demo windows=28 took=0.4s (13 ms/窗) 累计 items=79 windows=3056 elapsed=63s
[gpu2] [encode] RouteStick_ep326_demo windows=28 took=0.4s (13 ms/窗) 累计 items=114 windows=4544 elapsed=64s
[gpu4] [encode] RouteStick_ep328_demo windows=28 took=0.4s (13 ms/窗) 累计 items=122 windows=4843 elapsed=64s
[gpu0] [encode] RouteStick_ep330_demo windows=28 took=0.4s (13 ms/窗) 累计 items=119 windows=4734 elapsed=64s
[gpu1] [encode] RouteStick_ep334_demo windows=28 took=0.4s (13 ms/窗) 累计 items=123 windows=4871 elapsed=64s
[gpu6] [encode] RouteStick_ep337_demo windows=28 took=0.4s (13 ms/窗) 累计 items=124 windows=4916 elapsed=64s
[gpu7] [encode] RouteStick_ep341_demo windows=28 took=0.4s (13 ms/窗) 累计 items=80 windows=3084 elapsed=64s
[gpu3] [encode] RouteStick_ep339_demo windows=28 took=0.4s (13 ms/窗) 累计 items=120 windows=4751 elapsed=64s
[gpu2] [encode] RouteStick_ep351_demo windows=28 took=0.4s (13 ms/窗) 累计 items=115 windows=4572 elapsed=64s
[gpu5] [encode] RouteStick_ep345_demo windows=28 took=0.4s (16 ms/窗) 累计 items=120 windows=4807 elapsed=64s
[gpu4] [encode] RouteStick_ep354_demo windows=28 took=0.4s (13 ms/窗) 累计 items=123 windows=4871 elapsed=64s
[gpu0] [encode] RouteStick_ep357_demo windows=28 took=0.4s (13 ms/窗) 累计 items=120 windows=4762 elapsed=65s
[gpu1] [encode] RouteStick_ep362_demo windows=28 took=0.4s (13 ms/窗) 累计 items=124 windows=4899 elapsed=64s
[gpu6] [encode] RouteStick_ep364_demo windows=28 took=0.4s (13 ms/窗) 累计 items=125 windows=4944 elapsed=64s
[gpu7] [encode] RouteStick_ep365_demo windows=28 took=0.4s (13 ms/窗) 累计 items=81 windows=3112 elapsed=64s
[gpu3] [encode] RouteStick_ep368_demo windows=28 took=0.4s (13 ms/窗) 累计 items=121 windows=4779 elapsed=64s
[gpu2] [encode] RouteStick_ep373_demo windows=28 took=0.4s (13 ms/窗) 累计 items=116 windows=4600 elapsed=64s
[gpu4] [encode] RouteStick_ep376_demo windows=28 took=0.4s (13 ms/窗) 累计 items=124 windows=4899 elapsed=64s
[gpu0] [encode] RouteStick_ep377_demo windows=28 took=0.4s (13 ms/窗) 累计 items=121 windows=4790 elapsed=65s
[gpu1] [encode] RouteStick_ep379_demo windows=28 took=0.4s (13 ms/窗) 累计 items=125 windows=4927 elapsed=64s
[gpu6] [encode] RouteStick_ep382_demo windows=28 took=0.4s (13 ms/窗) 累计 items=126 windows=4972 elapsed=64s
[gpu7] [encode] RouteStick_ep389_demo windows=28 took=0.4s (13 ms/窗) 累计 items=82 windows=3140 elapsed=64s
[gpu5] [encode] RouteStick_ep383_demo windows=28 took=0.4s (14 ms/窗) 累计 items=121 windows=4835 elapsed=65s
[gpu3] [encode] RouteStick_ep392_demo windows=28 took=0.4s (13 ms/窗) 累计 items=122 windows=4807 elapsed=65s
[gpu2] [encode] RouteStick_ep397_demo windows=28 took=0.4s (13 ms/窗) 累计 items=117 windows=4628 elapsed=65s
[gpu4] [encode] RouteStick_ep399_demo windows=28 took=0.4s (13 ms/窗) 累计 items=125 windows=4927 elapsed=65s
[gpu0] [encode] VideoRepick_ep137_exec windows=28 took=0.4s (13 ms/窗) 累计 items=122 windows=4818 elapsed=65s
[gpu1] [encode] VideoRepick_ep293_demo windows=28 took=0.4s (13 ms/窗) 累计 items=126 windows=4955 elapsed=65s
[gpu6] [encode] VideoRepick_ep295_demo windows=28 took=0.4s (13 ms/窗) 累计 items=127 windows=5000 elapsed=65s
[gpu7] [encode] VideoRepick_ep311_demo windows=28 took=0.4s (13 ms/窗) 累计 items=83 windows=3168 elapsed=65s
[gpu3] [encode] VideoRepick_ep370_demo windows=28 took=0.4s (13 ms/窗) 累计 items=123 windows=4835 elapsed=65s
[gpu5] [encode] VideoRepick_ep399_demo windows=28 took=0.4s (13 ms/窗) 累计 items=122 windows=4863 elapsed=65s
[gpu2] [encode] BinFill_ep102_exec windows=27 took=0.4s (13 ms/窗) 累计 items=118 windows=4655 elapsed=65s
[gpu4] [encode] BinFill_ep103_demo windows=27 took=0.4s (13 ms/窗) 累计 items=126 windows=4954 elapsed=65s
[gpu0] [encode] BinFill_ep130_demo windows=27 took=0.4s (13 ms/窗) 累计 items=123 windows=4845 elapsed=66s
[gpu1] [encode] BinFill_ep13_exec windows=27 took=0.4s (13 ms/窗) 累计 items=127 windows=4982 elapsed=65s
[gpu6] [encode] BinFill_ep143_exec windows=27 took=0.4s (13 ms/窗) 累计 items=128 windows=5027 elapsed=65s
[gpu7] [encode] BinFill_ep156_demo windows=27 took=0.3s (13 ms/窗) 累计 items=84 windows=3195 elapsed=65s
[gpu3] [encode] BinFill_ep166_demo windows=27 took=0.4s (13 ms/窗) 累计 items=124 windows=4862 elapsed=65s
[gpu5] [encode] BinFill_ep173_demo windows=27 took=0.4s (13 ms/窗) 累计 items=123 windows=4890 elapsed=66s
[gpu2] [encode] BinFill_ep174_demo windows=27 took=0.4s (13 ms/窗) 累计 items=119 windows=4682 elapsed=65s
[gpu4] [encode] BinFill_ep192_demo windows=27 took=0.4s (13 ms/窗) 累计 items=127 windows=4981 elapsed=65s
[gpu0] [encode] BinFill_ep198_demo windows=27 took=0.4s (13 ms/窗) 累计 items=124 windows=4872 elapsed=66s
[gpu1] [encode] BinFill_ep206_demo windows=27 took=0.4s (13 ms/窗) 累计 items=128 windows=5009 elapsed=65s
[gpu6] [encode] BinFill_ep213_demo windows=27 took=0.4s (13 ms/窗) 累计 items=129 windows=5054 elapsed=66s
[gpu7] [encode] BinFill_ep219_exec windows=27 took=0.3s (13 ms/窗) 累计 items=85 windows=3222 elapsed=65s
[gpu3] [encode] BinFill_ep227_exec windows=27 took=0.4s (13 ms/窗) 累计 items=125 windows=4889 elapsed=66s
[gpu5] [encode] BinFill_ep254_exec windows=27 took=0.4s (13 ms/窗) 累计 items=124 windows=4917 elapsed=66s
[gpu2] [encode] BinFill_ep258_exec windows=27 took=0.4s (13 ms/窗) 累计 items=120 windows=4709 elapsed=66s
[gpu4] [encode] BinFill_ep265_exec windows=27 took=0.4s (13 ms/窗) 累计 items=128 windows=5008 elapsed=66s
[gpu0] [encode] BinFill_ep49_exec windows=27 took=0.4s (13 ms/窗) 累计 items=125 windows=4899 elapsed=66s
[gpu1] [encode] BinFill_ep52_demo windows=27 took=0.4s (13 ms/窗) 累计 items=129 windows=5036 elapsed=66s
[gpu6] [encode] BinFill_ep59_demo windows=27 took=0.4s (13 ms/窗) 累计 items=130 windows=5081 elapsed=66s
[gpu7] [encode] BinFill_ep60_demo windows=27 took=0.3s (13 ms/窗) 累计 items=86 windows=3249 elapsed=66s
[gpu3] [encode] BinFill_ep65_exec windows=27 took=0.4s (13 ms/窗) 累计 items=126 windows=4916 elapsed=66s
[gpu5] [encode] BinFill_ep6_exec windows=27 took=0.4s (13 ms/窗) 累计 items=125 windows=4944 elapsed=66s
[gpu2] [encode] BinFill_ep70_demo windows=27 took=0.4s (13 ms/窗) 累计 items=121 windows=4736 elapsed=66s
[gpu4] [encode] BinFill_ep73_exec windows=27 took=0.4s (13 ms/窗) 累计 items=129 windows=5035 elapsed=66s
[gpu0] [encode] BinFill_ep7_demo windows=27 took=0.4s (13 ms/窗) 累计 items=126 windows=4926 elapsed=67s
[gpu1] [encode] BinFill_ep83_demo windows=27 took=0.4s (13 ms/窗) 累计 items=130 windows=5063 elapsed=66s
[gpu6] [encode] BinFill_ep92_exec windows=27 took=0.4s (13 ms/窗) 累计 items=131 windows=5108 elapsed=66s
[gpu7] [encode] RouteStick_ep302_exec windows=27 took=0.3s (13 ms/窗) 累计 items=87 windows=3276 elapsed=66s
[gpu3] [encode] RouteStick_ep307_exec windows=27 took=0.4s (13 ms/窗) 累计 items=127 windows=4943 elapsed=66s
[gpu5] [encode] RouteStick_ep308_exec windows=27 took=0.4s (13 ms/窗) 累计 items=126 windows=4971 elapsed=67s
[gpu2] [encode] RouteStick_ep310_exec windows=27 took=0.4s (13 ms/窗) 累计 items=122 windows=4763 elapsed=67s
[gpu4] [encode] RouteStick_ep314_exec windows=27 took=0.4s (13 ms/窗) 累计 items=130 windows=5062 elapsed=67s
[gpu0] [encode] RouteStick_ep316_exec windows=27 took=0.4s (13 ms/窗) 累计 items=127 windows=4953 elapsed=67s
[gpu1] [encode] RouteStick_ep318_exec windows=27 took=0.4s (13 ms/窗) 累计 items=131 windows=5090 elapsed=66s
[gpu7] [encode] RouteStick_ep326_exec windows=27 took=0.3s (13 ms/窗) 累计 items=88 windows=3303 elapsed=66s
[gpu6] [encode] RouteStick_ep320_exec windows=27 took=0.4s (13 ms/窗) 累计 items=132 windows=5135 elapsed=67s
[gpu3] [encode] RouteStick_ep328_exec windows=27 took=0.4s (13 ms/窗) 累计 items=128 windows=4970 elapsed=67s
[gpu5] [encode] RouteStick_ep330_exec windows=27 took=0.4s (13 ms/窗) 累计 items=127 windows=4998 elapsed=67s
[gpu2] [encode] RouteStick_ep334_exec windows=27 took=0.4s (13 ms/窗) 累计 items=123 windows=4790 elapsed=67s
[gpu4] [encode] RouteStick_ep337_exec windows=27 took=0.4s (13 ms/窗) 累计 items=131 windows=5089 elapsed=67s
[gpu0] [encode] RouteStick_ep339_exec windows=27 took=0.4s (13 ms/窗) 累计 items=128 windows=4980 elapsed=67s
[gpu1] [encode] RouteStick_ep341_exec windows=27 took=0.4s (13 ms/窗) 累计 items=132 windows=5117 elapsed=67s
[gpu7] [encode] RouteStick_ep345_exec windows=27 took=0.3s (13 ms/窗) 累计 items=89 windows=3330 elapsed=67s
[gpu6] [encode] RouteStick_ep351_exec windows=27 took=0.4s (13 ms/窗) 累计 items=133 windows=5162 elapsed=67s
[gpu3] [encode] RouteStick_ep354_exec windows=27 took=0.4s (13 ms/窗) 累计 items=129 windows=4997 elapsed=67s
[gpu5] [encode] RouteStick_ep357_exec windows=27 took=0.4s (13 ms/窗) 累计 items=128 windows=5025 elapsed=67s
[gpu2] [encode] RouteStick_ep362_exec windows=27 took=0.4s (13 ms/窗) 累计 items=124 windows=4817 elapsed=67s
[gpu4] [encode] RouteStick_ep364_exec windows=27 took=0.4s (13 ms/窗) 累计 items=132 windows=5116 elapsed=67s
[gpu1] [encode] RouteStick_ep368_exec windows=27 took=0.4s (13 ms/窗) 累计 items=133 windows=5144 elapsed=67s
[gpu0] [encode] RouteStick_ep365_exec windows=27 took=0.4s (13 ms/窗) 累计 items=129 windows=5007 elapsed=68s
[gpu7] [encode] RouteStick_ep373_exec windows=27 took=0.3s (13 ms/窗) 累计 items=90 windows=3357 elapsed=67s
[gpu6] [encode] RouteStick_ep376_exec windows=27 took=0.4s (13 ms/窗) 累计 items=134 windows=5189 elapsed=67s
[gpu3] [encode] RouteStick_ep377_exec windows=27 took=0.4s (13 ms/窗) 累计 items=130 windows=5024 elapsed=68s
[gpu5] [encode] RouteStick_ep379_exec windows=27 took=0.4s (13 ms/窗) 累计 items=129 windows=5052 elapsed=68s
[gpu4] [encode] RouteStick_ep383_exec windows=27 took=0.4s (13 ms/窗) 累计 items=133 windows=5143 elapsed=68s
[gpu2] [encode] RouteStick_ep382_exec windows=27 took=0.4s (13 ms/窗) 累计 items=125 windows=4844 elapsed=68s
[gpu1] [encode] RouteStick_ep389_exec windows=27 took=0.4s (13 ms/窗) 累计 items=134 windows=5171 elapsed=68s
[gpu0] [encode] RouteStick_ep392_exec windows=27 took=0.4s (13 ms/窗) 累计 items=130 windows=5034 elapsed=68s
[gpu7] [encode] RouteStick_ep397_exec windows=27 took=0.3s (13 ms/窗) 累计 items=91 windows=3384 elapsed=67s
[gpu6] [encode] RouteStick_ep399_exec windows=27 took=0.4s (13 ms/窗) 累计 items=135 windows=5216 elapsed=68s
[gpu3] [encode] VideoRepick_ep135_exec windows=27 took=0.4s (13 ms/窗) 累计 items=131 windows=5051 elapsed=68s
[gpu5] [encode] VideoRepick_ep1_exec windows=27 took=0.4s (13 ms/窗) 累计 items=130 windows=5079 elapsed=68s
[gpu4] [encode] VideoRepick_ep273_demo windows=27 took=0.4s (13 ms/窗) 累计 items=134 windows=5170 elapsed=68s
[gpu2] [encode] VideoRepick_ep281_demo windows=27 took=0.4s (13 ms/窗) 累计 items=126 windows=4871 elapsed=68s
[gpu1] [encode] VideoRepick_ep284_demo windows=27 took=0.4s (13 ms/窗) 累计 items=135 windows=5198 elapsed=68s
[gpu0] [encode] VideoRepick_ep292_demo windows=27 took=0.4s (13 ms/窗) 累计 items=131 windows=5061 elapsed=69s
[gpu7] [encode] VideoRepick_ep298_demo windows=27 took=0.3s (13 ms/窗) 累计 items=92 windows=3411 elapsed=68s
[gpu6] [encode] VideoRepick_ep301_demo windows=27 took=0.4s (13 ms/窗) 累计 items=136 windows=5243 elapsed=68s
[gpu3] [encode] VideoRepick_ep307_demo windows=27 took=0.4s (13 ms/窗) 累计 items=132 windows=5078 elapsed=68s
[gpu5] [encode] VideoRepick_ep337_demo windows=27 took=0.4s (13 ms/窗) 累计 items=131 windows=5106 elapsed=69s
[gpu4] [encode] VideoRepick_ep338_demo windows=27 took=0.4s (13 ms/窗) 累计 items=135 windows=5197 elapsed=68s
[gpu2] [encode] VideoRepick_ep364_demo windows=27 took=0.4s (13 ms/窗) 累计 items=127 windows=4898 elapsed=68s
[gpu1] [encode] VideoRepick_ep368_demo windows=27 took=0.4s (13 ms/窗) 累计 items=136 windows=5225 elapsed=68s
[gpu0] [encode] VideoRepick_ep380_demo windows=27 took=0.4s (13 ms/窗) 累计 items=132 windows=5088 elapsed=69s
[gpu7] [encode] VideoRepick_ep388_demo windows=27 took=0.3s (13 ms/窗) 累计 items=93 windows=3438 elapsed=68s
[gpu6] [encode] VideoRepick_ep390_demo windows=27 took=0.4s (13 ms/窗) 累计 items=137 windows=5270 elapsed=68s
[gpu5] [encode] VideoRepick_ep395_demo windows=27 took=0.4s (13 ms/窗) 累计 items=132 windows=5133 elapsed=69s
[gpu3] [encode] VideoRepick_ep393_demo windows=27 took=0.4s (13 ms/窗) 累计 items=133 windows=5105 elapsed=69s
[gpu4] [encode] VideoRepick_ep397_demo windows=27 took=0.4s (13 ms/窗) 累计 items=136 windows=5224 elapsed=69s
[gpu2] [encode] BinFill_ep103_exec windows=26 took=0.4s (14 ms/窗) 累计 items=128 windows=4924 elapsed=69s
[gpu1] [encode] BinFill_ep115_demo windows=26 took=0.3s (13 ms/窗) 累计 items=137 windows=5251 elapsed=69s
[gpu7] [encode] BinFill_ep131_demo windows=26 took=0.3s (13 ms/窗) 累计 items=94 windows=3464 elapsed=68s
[gpu0] [encode] BinFill_ep130_exec windows=26 took=0.3s (13 ms/窗) 累计 items=133 windows=5114 elapsed=69s
[gpu6] [encode] BinFill_ep146_demo windows=26 took=0.3s (13 ms/窗) 累计 items=138 windows=5296 elapsed=69s
[gpu5] [encode] BinFill_ep156_exec windows=26 took=0.3s (13 ms/窗) 累计 items=133 windows=5159 elapsed=69s
[gpu3] [encode] BinFill_ep166_exec windows=26 took=0.3s (13 ms/窗) 累计 items=134 windows=5131 elapsed=69s
[gpu4] [encode] BinFill_ep16_demo windows=26 took=0.3s (13 ms/窗) 累计 items=137 windows=5250 elapsed=69s
[gpu2] [encode] BinFill_ep173_exec windows=26 took=0.4s (14 ms/窗) 累计 items=129 windows=4950 elapsed=69s
[gpu1] [encode] BinFill_ep174_exec windows=26 took=0.3s (13 ms/窗) 累计 items=138 windows=5277 elapsed=69s
[gpu7] [encode] BinFill_ep192_exec windows=26 took=0.3s (13 ms/窗) 累计 items=95 windows=3490 elapsed=69s
[gpu0] [encode] BinFill_ep198_exec windows=26 took=0.3s (13 ms/窗) 累计 items=134 windows=5140 elapsed=70s
[gpu6] [encode] BinFill_ep206_exec windows=26 took=0.3s (13 ms/窗) 累计 items=139 windows=5322 elapsed=69s
[gpu5] [encode] BinFill_ep213_exec windows=26 took=0.3s (13 ms/窗) 累计 items=134 windows=5185 elapsed=70s
[gpu3] [encode] BinFill_ep23_demo windows=26 took=0.3s (13 ms/窗) 累计 items=135 windows=5157 elapsed=69s
[gpu4] [encode] BinFill_ep243_demo windows=26 took=0.3s (13 ms/窗) 累计 items=138 windows=5276 elapsed=69s
[gpu2] [encode] BinFill_ep38_demo windows=26 took=0.4s (13 ms/窗) 累计 items=130 windows=4976 elapsed=69s
[gpu1] [encode] BinFill_ep52_exec windows=26 took=0.3s (13 ms/窗) 累计 items=139 windows=5303 elapsed=69s
[gpu7] [encode] BinFill_ep59_exec windows=26 took=0.3s (13 ms/窗) 累计 items=96 windows=3516 elapsed=69s
[gpu0] [encode] BinFill_ep60_exec windows=26 took=0.3s (13 ms/窗) 累计 items=135 windows=5166 elapsed=70s
[gpu6] [encode] BinFill_ep69_demo windows=26 took=0.3s (13 ms/窗) 累计 items=140 windows=5348 elapsed=69s
[gpu5] [encode] BinFill_ep70_exec windows=26 took=0.3s (13 ms/窗) 累计 items=135 windows=5211 elapsed=70s
[gpu3] [encode] BinFill_ep7_exec windows=26 took=0.3s (13 ms/窗) 累计 items=136 windows=5183 elapsed=70s
[gpu4] [encode] BinFill_ep83_exec windows=26 took=0.3s (13 ms/窗) 累计 items=139 windows=5302 elapsed=70s
[gpu1] [encode] VideoRepick_ep267_demo windows=26 took=0.3s (13 ms/窗) 累计 items=140 windows=5329 elapsed=70s
[gpu2] [encode] VideoRepick_ep0_exec windows=26 took=0.3s (13 ms/窗) 累计 items=131 windows=5002 elapsed=70s
[gpu7] [encode] VideoRepick_ep268_demo windows=26 took=0.3s (13 ms/窗) 累计 items=97 windows=3542 elapsed=69s
[gpu0] [encode] VideoRepick_ep268_exec windows=26 took=0.3s (13 ms/窗) 累计 items=136 windows=5192 elapsed=70s
[gpu6] [encode] VideoRepick_ep270_demo windows=26 took=0.3s (13 ms/窗) 累计 items=141 windows=5374 elapsed=70s
[gpu5] [encode] VideoRepick_ep279_demo windows=26 took=0.3s (13 ms/窗) 累计 items=136 windows=5237 elapsed=70s
[gpu3] [encode] VideoRepick_ep283_demo windows=26 took=0.3s (13 ms/窗) 累计 items=137 windows=5209 elapsed=70s
[gpu4] [encode] VideoRepick_ep285_demo windows=26 took=0.3s (13 ms/窗) 累计 items=140 windows=5328 elapsed=70s
[gpu7] [encode] VideoRepick_ep294_demo windows=26 took=0.3s (13 ms/窗) 累计 items=98 windows=3568 elapsed=70s
[gpu1] [encode] VideoRepick_ep288_demo windows=26 took=0.3s (13 ms/窗) 累计 items=141 windows=5355 elapsed=70s
[gpu0] [encode] VideoRepick_ep296_demo windows=26 took=0.3s (13 ms/窗) 累计 items=137 windows=5218 elapsed=71s
[gpu6] [encode] VideoRepick_ep302_demo windows=26 took=0.3s (13 ms/窗) 累计 items=142 windows=5400 elapsed=70s
[gpu5] [encode] VideoRepick_ep312_demo windows=26 took=0.3s (13 ms/窗) 累计 items=137 windows=5263 elapsed=71s
[gpu2] [encode] VideoRepick_ep306_demo windows=26 took=0.4s (14 ms/窗) 累计 items=132 windows=5028 elapsed=70s
[gpu3] [encode] VideoRepick_ep317_demo windows=26 took=0.3s (13 ms/窗) 累计 items=138 windows=5235 elapsed=70s
[gpu4] [encode] VideoRepick_ep318_demo windows=26 took=0.3s (13 ms/窗) 累计 items=141 windows=5354 elapsed=70s
[gpu1] [encode] VideoRepick_ep320_demo windows=26 took=0.3s (13 ms/窗) 累计 items=142 windows=5381 elapsed=70s
[gpu6] [encode] VideoRepick_ep325_demo windows=26 took=0.3s (13 ms/窗) 累计 items=143 windows=5426 elapsed=70s
[gpu7] [encode] VideoRepick_ep319_demo windows=26 took=0.4s (16 ms/窗) 累计 items=99 windows=3594 elapsed=70s
[gpu0] [encode] VideoRepick_ep323_demo windows=26 took=0.3s (13 ms/窗) 累计 items=138 windows=5244 elapsed=71s
[gpu5] [encode] VideoRepick_ep330_demo windows=26 took=0.3s (13 ms/窗) 累计 items=138 windows=5289 elapsed=71s
[gpu3] [encode] VideoRepick_ep332_demo windows=26 took=0.3s (13 ms/窗) 累计 items=139 windows=5261 elapsed=71s
[gpu2] [encode] VideoRepick_ep331_demo windows=26 took=0.4s (13 ms/窗) 累计 items=133 windows=5054 elapsed=71s
[gpu4] [encode] VideoRepick_ep333_demo windows=26 took=0.3s (13 ms/窗) 累计 items=142 windows=5380 elapsed=71s
[gpu1] [encode] VideoRepick_ep335_demo windows=26 took=0.3s (13 ms/窗) 累计 items=143 windows=5407 elapsed=71s
[gpu6] [encode] VideoRepick_ep342_demo windows=26 took=0.3s (13 ms/窗) 累计 items=144 windows=5452 elapsed=71s
[gpu0] [encode] VideoRepick_ep345_demo windows=26 took=0.3s (13 ms/窗) 累计 items=139 windows=5270 elapsed=71s
[gpu5] [encode] VideoRepick_ep346_demo windows=26 took=0.3s (13 ms/窗) 累计 items=139 windows=5315 elapsed=71s
[gpu3] [encode] VideoRepick_ep347_demo windows=26 took=0.3s (13 ms/窗) 累计 items=140 windows=5287 elapsed=71s
[gpu2] [encode] VideoRepick_ep351_demo windows=26 took=0.4s (14 ms/窗) 累计 items=134 windows=5080 elapsed=71s
[gpu4] [encode] VideoRepick_ep352_demo windows=26 took=0.3s (13 ms/窗) 累计 items=143 windows=5406 elapsed=71s
[gpu1] [encode] VideoRepick_ep358_demo windows=26 took=0.3s (13 ms/窗) 累计 items=144 windows=5433 elapsed=71s
[gpu7] [encode] VideoRepick_ep353_demo windows=26 took=0.4s (16 ms/窗) 累计 items=100 windows=3620 elapsed=71s
[gpu6] [encode] VideoRepick_ep359_demo windows=26 took=0.3s (13 ms/窗) 累计 items=145 windows=5478 elapsed=71s
[gpu0] [encode] VideoRepick_ep363_demo windows=26 took=0.3s (13 ms/窗) 累计 items=140 windows=5296 elapsed=72s
[gpu5] [encode] VideoRepick_ep371_demo windows=26 took=0.3s (13 ms/窗) 累计 items=140 windows=5341 elapsed=72s
[gpu3] [encode] VideoRepick_ep373_demo windows=26 took=0.3s (13 ms/窗) 累计 items=141 windows=5313 elapsed=71s
[gpu2] [encode] VideoRepick_ep375_demo windows=26 took=0.4s (14 ms/窗) 累计 items=135 windows=5106 elapsed=71s
[gpu4] [encode] VideoRepick_ep377_demo windows=26 took=0.3s (13 ms/窗) 累计 items=144 windows=5432 elapsed=71s
[gpu1] [encode] VideoRepick_ep383_demo windows=26 took=0.3s (13 ms/窗) 累计 items=145 windows=5459 elapsed=71s
[gpu6] [encode] VideoRepick_ep384_demo windows=26 took=0.3s (13 ms/窗) 累计 items=146 windows=5504 elapsed=71s
[gpu0] [encode] VideoRepick_ep387_demo windows=26 took=0.3s (13 ms/窗) 累计 items=141 windows=5322 elapsed=72s
[gpu5] [encode] BinFill_ep115_exec windows=25 took=0.3s (13 ms/窗) 累计 items=141 windows=5366 elapsed=72s
[gpu3] [encode] BinFill_ep125_demo windows=25 took=0.3s (13 ms/窗) 累计 items=142 windows=5338 elapsed=72s
[gpu7] [encode] VideoRepick_ep398_demo windows=26 took=0.4s (16 ms/窗) 累计 items=101 windows=3646 elapsed=71s
[gpu4] [encode] BinFill_ep146_exec windows=25 took=0.3s (13 ms/窗) 累计 items=145 windows=5457 elapsed=72s
[gpu2] [encode] BinFill_ep131_exec windows=25 took=0.3s (14 ms/窗) 累计 items=136 windows=5131 elapsed=72s
[gpu1] [encode] BinFill_ep165_demo windows=25 took=0.3s (13 ms/窗) 累计 items=146 windows=5484 elapsed=72s
[gpu6] [encode] BinFill_ep16_exec windows=25 took=0.3s (13 ms/窗) 累计 items=147 windows=5529 elapsed=72s
[gpu0] [encode] BinFill_ep221_demo windows=25 took=0.3s (13 ms/窗) 累计 items=142 windows=5347 elapsed=72s
[gpu5] [encode] BinFill_ep239_demo windows=25 took=0.3s (13 ms/窗) 累计 items=142 windows=5391 elapsed=72s
[gpu3] [encode] BinFill_ep23_exec windows=25 took=0.3s (13 ms/窗) 累计 items=143 windows=5363 elapsed=72s
[gpu4] [encode] BinFill_ep243_exec windows=25 took=0.3s (13 ms/窗) 累计 items=146 windows=5482 elapsed=72s
[gpu2] [encode] BinFill_ep38_exec windows=25 took=0.3s (13 ms/窗) 累计 items=137 windows=5156 elapsed=72s
[gpu1] [encode] VideoRepick_ep131_exec windows=25 took=0.3s (13 ms/窗) 累计 items=147 windows=5509 elapsed=72s
[gpu6] [encode] VideoRepick_ep175_exec windows=25 took=0.3s (13 ms/窗) 累计 items=148 windows=5554 elapsed=72s
[gpu7] [encode] BinFill_ep69_exec windows=25 took=0.4s (16 ms/窗) 累计 items=102 windows=3671 elapsed=72s
[gpu0] [encode] VideoRepick_ep283_exec windows=25 took=0.3s (13 ms/窗) 累计 items=143 windows=5372 elapsed=73s
[gpu5] [encode] VideoRepick_ep299_demo windows=25 took=0.3s (13 ms/窗) 累计 items=143 windows=5416 elapsed=73s
[gpu3] [encode] VideoRepick_ep361_exec windows=25 took=0.3s (13 ms/窗) 累计 items=144 windows=5388 elapsed=72s
[gpu4] [encode] VideoRepick_ep365_demo windows=25 took=0.3s (13 ms/窗) 累计 items=147 windows=5507 elapsed=72s
[gpu2] [encode] BinFill_ep125_exec windows=24 took=0.3s (13 ms/窗) 累计 items=138 windows=5180 elapsed=72s
[gpu1] [encode] BinFill_ep165_exec windows=24 took=0.3s (13 ms/窗) 累计 items=148 windows=5533 elapsed=72s
[gpu6] [encode] BinFill_ep172_demo windows=24 took=0.3s (13 ms/窗) 累计 items=149 windows=5578 elapsed=72s
[gpu0] [encode] BinFill_ep196_demo windows=24 took=0.3s (13 ms/窗) 累计 items=144 windows=5396 elapsed=73s
[gpu5] [encode] BinFill_ep221_exec windows=24 took=0.3s (13 ms/窗) 累计 items=144 windows=5440 elapsed=73s
[gpu3] [encode] BinFill_ep239_exec windows=24 took=0.3s (13 ms/窗) 累计 items=145 windows=5412 elapsed=73s
[gpu4] [encode] RouteStick_ep301_demo windows=24 took=0.3s (13 ms/窗) 累计 items=148 windows=5531 elapsed=73s
[gpu2] [encode] RouteStick_ep303_demo windows=24 took=0.3s (13 ms/窗) 累计 items=139 windows=5204 elapsed=73s
[gpu1] [encode] RouteStick_ep309_demo windows=24 took=0.3s (13 ms/窗) 累计 items=149 windows=5557 elapsed=73s
[gpu6] [encode] RouteStick_ep311_demo windows=24 took=0.3s (13 ms/窗) 累计 items=150 windows=5602 elapsed=73s
[gpu7] [encode] RouteStick_ep304_demo windows=24 took=0.4s (16 ms/窗) 累计 items=103 windows=3695 elapsed=73s
[gpu0] [encode] RouteStick_ep317_demo windows=24 took=0.3s (13 ms/窗) 累计 items=145 windows=5420 elapsed=73s
[gpu5] [encode] RouteStick_ep321_demo windows=24 took=0.3s (13 ms/窗) 累计 items=145 windows=5464 elapsed=73s
[gpu3] [encode] RouteStick_ep322_demo windows=24 took=0.3s (13 ms/窗) 累计 items=146 windows=5436 elapsed=73s
[gpu4] [encode] RouteStick_ep323_demo windows=24 took=0.3s (13 ms/窗) 累计 items=149 windows=5555 elapsed=73s
[gpu2] [encode] RouteStick_ep325_demo windows=24 took=0.3s (13 ms/窗) 累计 items=140 windows=5228 elapsed=73s
[gpu1] [encode] RouteStick_ep329_demo windows=24 took=0.3s (13 ms/窗) 累计 items=150 windows=5581 elapsed=73s
[gpu6] [encode] RouteStick_ep331_demo windows=24 took=0.3s (13 ms/窗) 累计 items=151 windows=5626 elapsed=73s
[gpu0] [encode] RouteStick_ep338_demo windows=24 took=0.3s (13 ms/窗) 累计 items=146 windows=5444 elapsed=74s
[gpu5] [encode] RouteStick_ep340_demo windows=24 took=0.3s (13 ms/窗) 累计 items=146 windows=5488 elapsed=74s
[gpu3] [encode] RouteStick_ep342_demo windows=24 took=0.3s (13 ms/窗) 累计 items=147 windows=5460 elapsed=73s
[gpu4] [encode] RouteStick_ep347_demo windows=24 took=0.3s (13 ms/窗) 累计 items=150 windows=5579 elapsed=73s
[gpu2] [encode] RouteStick_ep349_demo windows=24 took=0.3s (13 ms/窗) 累计 items=141 windows=5252 elapsed=73s
[gpu7] [encode] RouteStick_ep344_demo windows=24 took=0.4s (16 ms/窗) 累计 items=104 windows=3719 elapsed=73s
[gpu1] [encode] RouteStick_ep355_demo windows=24 took=0.3s (13 ms/窗) 累计 items=151 windows=5605 elapsed=73s
[gpu6] [encode] RouteStick_ep356_demo windows=24 took=0.3s (13 ms/窗) 累计 items=152 windows=5650 elapsed=73s
[gpu0] [encode] RouteStick_ep359_demo windows=24 took=0.3s (13 ms/窗) 累计 items=147 windows=5468 elapsed=74s
[gpu5] [encode] RouteStick_ep361_demo windows=24 took=0.3s (13 ms/窗) 累计 items=147 windows=5512 elapsed=74s
[gpu3] [encode] RouteStick_ep367_demo windows=24 took=0.3s (13 ms/窗) 累计 items=148 windows=5484 elapsed=74s
[gpu4] [encode] RouteStick_ep369_demo windows=24 took=0.3s (13 ms/窗) 累计 items=151 windows=5603 elapsed=74s
[gpu2] [encode] RouteStick_ep370_demo windows=24 took=0.3s (13 ms/窗) 累计 items=142 windows=5276 elapsed=74s
[gpu6] [encode] RouteStick_ep372_demo windows=24 took=0.3s (13 ms/窗) 累计 items=153 windows=5674 elapsed=74s
[gpu1] [encode] RouteStick_ep374_demo windows=24 took=0.3s (13 ms/窗) 累计 items=152 windows=5629 elapsed=74s
[gpu0] [encode] RouteStick_ep384_demo windows=24 took=0.3s (13 ms/窗) 累计 items=148 windows=5492 elapsed=74s
[gpu5] [encode] RouteStick_ep385_demo windows=24 took=0.3s (13 ms/窗) 累计 items=148 windows=5536 elapsed=74s
[gpu3] [encode] RouteStick_ep387_demo windows=24 took=0.3s (13 ms/窗) 累计 items=149 windows=5508 elapsed=74s
[gpu4] [encode] RouteStick_ep394_demo windows=24 took=0.3s (13 ms/窗) 累计 items=152 windows=5627 elapsed=74s
[gpu7] [encode] RouteStick_ep393_demo windows=24 took=0.4s (16 ms/窗) 累计 items=105 windows=3743 elapsed=74s
[gpu2] [encode] RouteStick_ep395_demo windows=24 took=0.3s (13 ms/窗) 累计 items=143 windows=5300 elapsed=74s
[gpu6] [encode] RouteStick_ep398_demo windows=24 took=0.3s (13 ms/窗) 累计 items=154 windows=5698 elapsed=74s
[gpu1] [encode] VideoRepick_ep12_exec windows=24 took=0.3s (13 ms/窗) 累计 items=153 windows=5653 elapsed=74s
[gpu0] [encode] VideoRepick_ep133_exec windows=24 took=0.3s (13 ms/窗) 累计 items=149 windows=5516 elapsed=75s
[gpu5] [encode] VideoRepick_ep134_demo windows=24 took=0.3s (13 ms/窗) 累计 items=149 windows=5560 elapsed=74s
[gpu3] [encode] VideoRepick_ep13_exec windows=24 took=0.3s (13 ms/窗) 累计 items=150 windows=5532 elapsed=74s
[gpu4] [encode] VideoRepick_ep146_demo windows=24 took=0.3s (13 ms/窗) 累计 items=153 windows=5651 elapsed=74s
[gpu2] [encode] VideoRepick_ep167_exec windows=24 took=0.3s (13 ms/窗) 累计 items=144 windows=5324 elapsed=74s
[gpu6] [encode] VideoRepick_ep173_exec windows=24 took=0.3s (13 ms/窗) 累计 items=155 windows=5722 elapsed=74s
[gpu1] [encode] VideoRepick_ep17_exec windows=24 took=0.3s (13 ms/窗) 累计 items=154 windows=5677 elapsed=74s
[gpu0] [encode] VideoRepick_ep182_exec windows=24 took=0.3s (13 ms/窗) 累计 items=150 windows=5540 elapsed=75s
[gpu5] [encode] VideoRepick_ep184_demo windows=24 took=0.3s (13 ms/窗) 累计 items=150 windows=5584 elapsed=75s
[gpu3] [encode] VideoRepick_ep197_exec windows=24 took=0.3s (13 ms/窗) 累计 items=151 windows=5556 elapsed=75s
[gpu7] [encode] VideoRepick_ep188_exec windows=24 took=0.4s (16 ms/窗) 累计 items=106 windows=3767 elapsed=74s
[gpu4] [encode] VideoRepick_ep204_exec windows=24 took=0.3s (13 ms/窗) 累计 items=154 windows=5675 elapsed=75s
[gpu2] [encode] VideoRepick_ep20_exec windows=24 took=0.3s (13 ms/窗) 累计 items=145 windows=5348 elapsed=75s
[gpu6] [encode] VideoRepick_ep227_exec windows=24 took=0.3s (13 ms/窗) 累计 items=156 windows=5746 elapsed=75s
[gpu1] [encode] VideoRepick_ep228_exec windows=24 took=0.3s (13 ms/窗) 累计 items=155 windows=5701 elapsed=75s
[gpu0] [encode] VideoRepick_ep238_exec windows=24 took=0.3s (13 ms/窗) 累计 items=151 windows=5564 elapsed=75s
[gpu5] [encode] VideoRepick_ep244_exec windows=24 took=0.3s (13 ms/窗) 累计 items=151 windows=5608 elapsed=75s
[gpu3] [encode] VideoRepick_ep245_demo windows=24 took=0.3s (13 ms/窗) 累计 items=152 windows=5580 elapsed=75s
[gpu4] [encode] VideoRepick_ep256_demo windows=24 took=0.3s (13 ms/窗) 累计 items=155 windows=5699 elapsed=75s
[gpu2] [encode] VideoRepick_ep264_exec windows=24 took=0.3s (13 ms/窗) 累计 items=146 windows=5372 elapsed=75s
[gpu6] [encode] VideoRepick_ep280_exec windows=24 took=0.3s (13 ms/窗) 累计 items=157 windows=5770 elapsed=75s
[gpu7] [encode] VideoRepick_ep260_exec windows=24 took=0.4s (16 ms/窗) 累计 items=107 windows=3791 elapsed=75s
[gpu1] [encode] VideoRepick_ep284_exec windows=24 took=0.3s (13 ms/窗) 累计 items=156 windows=5725 elapsed=75s
[gpu0] [encode] VideoRepick_ep291_exec windows=24 took=0.3s (13 ms/窗) 累计 items=152 windows=5588 elapsed=76s
[gpu5] [encode] VideoRepick_ep295_exec windows=24 took=0.3s (13 ms/窗) 累计 items=152 windows=5632 elapsed=75s
[gpu3] [encode] VideoRepick_ep305_exec windows=24 took=0.3s (13 ms/窗) 累计 items=153 windows=5604 elapsed=75s
[gpu4] [encode] VideoRepick_ep307_exec windows=24 took=0.3s (13 ms/窗) 累计 items=156 windows=5723 elapsed=75s
[gpu6] [encode] VideoRepick_ep322_exec windows=24 took=0.3s (13 ms/窗) 累计 items=158 windows=5794 elapsed=75s
[gpu2] [encode] VideoRepick_ep30_exec windows=24 took=0.3s (13 ms/窗) 累计 items=147 windows=5396 elapsed=75s
[gpu1] [encode] VideoRepick_ep327_exec windows=24 took=0.3s (13 ms/窗) 累计 items=157 windows=5749 elapsed=75s
[gpu0] [encode] VideoRepick_ep338_exec windows=24 took=0.3s (13 ms/窗) 累计 items=153 windows=5612 elapsed=76s
[gpu5] [encode] VideoRepick_ep356_exec windows=24 took=0.3s (13 ms/窗) 累计 items=153 windows=5656 elapsed=76s
[gpu3] [encode] VideoRepick_ep366_exec windows=24 took=0.3s (13 ms/窗) 累计 items=154 windows=5628 elapsed=76s
[gpu4] [encode] VideoRepick_ep391_exec windows=24 took=0.3s (13 ms/窗) 累计 items=157 windows=5747 elapsed=76s
[gpu7] [encode] VideoRepick_ep382_exec windows=24 took=0.4s (16 ms/窗) 累计 items=108 windows=3815 elapsed=75s
[gpu6] [encode] VideoRepick_ep47_exec windows=24 took=0.3s (13 ms/窗) 累计 items=159 windows=5818 elapsed=76s
[gpu2] [encode] VideoRepick_ep50_exec windows=24 took=0.3s (13 ms/窗) 累计 items=148 windows=5420 elapsed=76s
[gpu1] [encode] VideoRepick_ep73_exec windows=24 took=0.3s (13 ms/窗) 累计 items=158 windows=5773 elapsed=76s
[gpu5] [encode] BinFill_ep172_exec windows=23 took=0.3s (13 ms/窗) 累计 items=154 windows=5679 elapsed=76s
[gpu0] [encode] VideoRepick_ep85_exec windows=24 took=0.3s (13 ms/窗) 累计 items=154 windows=5636 elapsed=76s
[gpu3] [encode] BinFill_ep196_exec windows=23 took=0.3s (13 ms/窗) 累计 items=155 windows=5651 elapsed=76s
[gpu4] [encode] RouteStick_ep301_exec windows=23 took=0.3s (13 ms/窗) 累计 items=158 windows=5770 elapsed=76s
[gpu6] [encode] RouteStick_ep303_exec windows=23 took=0.3s (13 ms/窗) 累计 items=160 windows=5841 elapsed=76s
[gpu2] [encode] RouteStick_ep304_exec windows=23 took=0.3s (13 ms/窗) 累计 items=149 windows=5443 elapsed=76s
[gpu1] [encode] RouteStick_ep309_exec windows=23 took=0.3s (13 ms/窗) 累计 items=159 windows=5796 elapsed=76s
[gpu5] [encode] RouteStick_ep311_exec windows=23 took=0.3s (13 ms/窗) 累计 items=155 windows=5702 elapsed=76s
[gpu0] [encode] RouteStick_ep317_exec windows=23 took=0.3s (13 ms/窗) 累计 items=155 windows=5659 elapsed=77s
[gpu3] [encode] RouteStick_ep321_exec windows=23 took=0.3s (13 ms/窗) 累计 items=156 windows=5674 elapsed=76s
[gpu4] [encode] RouteStick_ep323_exec windows=23 took=0.3s (13 ms/窗) 累计 items=159 windows=5793 elapsed=76s
[gpu7] [encode] RouteStick_ep322_exec windows=23 took=0.4s (16 ms/窗) 累计 items=109 windows=3838 elapsed=76s
[gpu6] [encode] RouteStick_ep325_exec windows=23 took=0.3s (13 ms/窗) 累计 items=161 windows=5864 elapsed=76s
[gpu1] [encode] RouteStick_ep331_exec windows=23 took=0.3s (13 ms/窗) 累计 items=160 windows=5819 elapsed=76s
[gpu2] [encode] RouteStick_ep329_exec windows=23 took=0.3s (13 ms/窗) 累计 items=150 windows=5466 elapsed=76s
[gpu5] [encode] RouteStick_ep338_exec windows=23 took=0.3s (13 ms/窗) 累计 items=156 windows=5725 elapsed=77s
[gpu0] [encode] RouteStick_ep340_exec windows=23 took=0.3s (13 ms/窗) 累计 items=156 windows=5682 elapsed=77s
[gpu3] [encode] RouteStick_ep342_exec windows=23 took=0.3s (13 ms/窗) 累计 items=157 windows=5697 elapsed=76s
[gpu4] [encode] RouteStick_ep344_exec windows=23 took=0.3s (13 ms/窗) 累计 items=160 windows=5816 elapsed=76s
[gpu6] [encode] RouteStick_ep347_exec windows=23 took=0.3s (13 ms/窗) 累计 items=162 windows=5887 elapsed=76s
[gpu1] [encode] RouteStick_ep355_exec windows=23 took=0.3s (13 ms/窗) 累计 items=161 windows=5842 elapsed=76s
[gpu5] [encode] RouteStick_ep356_exec windows=23 took=0.3s (13 ms/窗) 累计 items=157 windows=5748 elapsed=77s
[gpu7] [encode] RouteStick_ep349_exec windows=23 took=0.4s (16 ms/窗) 累计 items=110 windows=3861 elapsed=76s
[gpu0] [encode] RouteStick_ep361_exec windows=23 took=0.3s (13 ms/窗) 累计 items=157 windows=5705 elapsed=77s
[gpu2] [encode] RouteStick_ep359_exec windows=23 took=0.3s (13 ms/窗) 累计 items=151 windows=5489 elapsed=77s
[gpu3] [encode] RouteStick_ep367_exec windows=23 took=0.3s (13 ms/窗) 累计 items=158 windows=5720 elapsed=77s
[gpu4] [encode] RouteStick_ep369_exec windows=23 took=0.3s (13 ms/窗) 累计 items=161 windows=5839 elapsed=77s
[gpu6] [encode] RouteStick_ep370_exec windows=23 took=0.3s (13 ms/窗) 累计 items=163 windows=5910 elapsed=77s
[gpu1] [encode] RouteStick_ep372_exec windows=23 took=0.3s (13 ms/窗) 累计 items=162 windows=5865 elapsed=77s
[gpu5] [encode] RouteStick_ep374_exec windows=23 took=0.3s (13 ms/窗) 累计 items=158 windows=5771 elapsed=77s
[gpu0] [encode] RouteStick_ep384_exec windows=23 took=0.3s (13 ms/窗) 累计 items=158 windows=5728 elapsed=77s
[gpu3] [encode] RouteStick_ep387_exec windows=23 took=0.3s (13 ms/窗) 累计 items=159 windows=5743 elapsed=77s
[gpu2] [encode] RouteStick_ep385_exec windows=23 took=0.3s (13 ms/窗) 累计 items=152 windows=5512 elapsed=77s
[gpu4] [encode] RouteStick_ep393_exec windows=23 took=0.3s (13 ms/窗) 累计 items=162 windows=5862 elapsed=77s
[gpu6] [encode] RouteStick_ep395_exec windows=23 took=0.3s (13 ms/窗) 累计 items=164 windows=5933 elapsed=77s
[gpu7] [encode] RouteStick_ep394_exec windows=23 took=0.4s (16 ms/窗) 累计 items=111 windows=3884 elapsed=77s
[gpu1] [encode] RouteStick_ep398_exec windows=23 took=0.3s (13 ms/窗) 累计 items=163 windows=5888 elapsed=77s
[gpu5] [encode] VideoRepick_ep100_exec windows=23 took=0.3s (13 ms/窗) 累计 items=159 windows=5794 elapsed=78s
[gpu0] [encode] VideoRepick_ep108_exec windows=23 took=0.3s (13 ms/窗) 累计 items=159 windows=5751 elapsed=78s
[gpu3] [encode] VideoRepick_ep120_exec windows=23 took=0.3s (13 ms/窗) 累计 items=160 windows=5766 elapsed=77s
[gpu2] [encode] VideoRepick_ep136_demo windows=23 took=0.3s (13 ms/窗) 累计 items=153 windows=5535 elapsed=77s
[gpu4] [encode] VideoRepick_ep142_demo windows=23 took=0.3s (13 ms/窗) 累计 items=163 windows=5885 elapsed=77s
[gpu6] [encode] VideoRepick_ep148_demo windows=23 took=0.3s (13 ms/窗) 累计 items=165 windows=5956 elapsed=77s
[gpu1] [encode] VideoRepick_ep149_demo windows=23 took=0.3s (13 ms/窗) 累计 items=164 windows=5911 elapsed=77s
[gpu5] [encode] VideoRepick_ep14_exec windows=23 took=0.3s (13 ms/窗) 累计 items=160 windows=5817 elapsed=78s
[gpu0] [encode] VideoRepick_ep151_demo windows=23 took=0.3s (13 ms/窗) 累计 items=160 windows=5774 elapsed=78s
[gpu3] [encode] VideoRepick_ep151_exec windows=23 took=0.3s (13 ms/窗) 累计 items=161 windows=5789 elapsed=78s
[gpu2] [encode] VideoRepick_ep155_demo windows=23 took=0.3s (13 ms/窗) 累计 items=154 windows=5558 elapsed=78s
[gpu4] [encode] VideoRepick_ep157_demo windows=23 took=0.3s (13 ms/窗) 累计 items=164 windows=5908 elapsed=78s
[gpu7] [encode] VideoRepick_ep153_demo windows=23 took=0.4s (16 ms/窗) 累计 items=112 windows=3907 elapsed=77s
[gpu6] [encode] VideoRepick_ep158_demo windows=23 took=0.3s (13 ms/窗) 累计 items=166 windows=5979 elapsed=78s
[gpu1] [encode] VideoRepick_ep158_exec windows=23 took=0.3s (13 ms/窗) 累计 items=165 windows=5934 elapsed=78s
[gpu5] [encode] VideoRepick_ep161_exec windows=23 took=0.3s (13 ms/窗) 累计 items=161 windows=5840 elapsed=78s
[gpu0] [encode] VideoRepick_ep162_demo windows=23 took=0.3s (13 ms/窗) 累计 items=161 windows=5797 elapsed=78s
[gpu3] [encode] VideoRepick_ep166_demo windows=23 took=0.3s (13 ms/窗) 累计 items=162 windows=5812 elapsed=78s
[gpu2] [encode] VideoRepick_ep167_demo windows=23 took=0.3s (13 ms/窗) 累计 items=155 windows=5581 elapsed=78s
[gpu4] [encode] VideoRepick_ep169_demo windows=23 took=0.3s (13 ms/窗) 累计 items=165 windows=5931 elapsed=78s
[gpu6] [encode] VideoRepick_ep169_exec windows=23 took=0.3s (13 ms/窗) 累计 items=167 windows=6002 elapsed=78s
[gpu1] [encode] VideoRepick_ep170_demo windows=23 took=0.3s (13 ms/窗) 累计 items=166 windows=5957 elapsed=78s
[gpu5] [encode] VideoRepick_ep174_exec windows=23 took=0.3s (13 ms/窗) 累计 items=162 windows=5863 elapsed=78s
[gpu0] [encode] VideoRepick_ep179_demo windows=23 took=0.3s (13 ms/窗) 累计 items=162 windows=5820 elapsed=79s
[gpu3] [encode] VideoRepick_ep180_demo windows=23 took=0.3s (13 ms/窗) 累计 items=163 windows=5835 elapsed=78s
[gpu7] [encode] VideoRepick_ep175_demo windows=23 took=0.4s (16 ms/窗) 累计 items=113 windows=3930 elapsed=78s
[gpu2] [encode] VideoRepick_ep184_exec windows=23 took=0.3s (13 ms/窗) 累计 items=156 windows=5604 elapsed=78s
[gpu4] [encode] VideoRepick_ep187_demo windows=23 took=0.3s (13 ms/窗) 累计 items=166 windows=5954 elapsed=78s
[gpu6] [encode] VideoRepick_ep188_demo windows=23 took=0.3s (13 ms/窗) 累计 items=168 windows=6025 elapsed=78s
[gpu1] [encode] VideoRepick_ep190_demo windows=23 took=0.3s (13 ms/窗) 累计 items=167 windows=5980 elapsed=78s
[gpu5] [encode] VideoRepick_ep191_demo windows=23 took=0.3s (13 ms/窗) 累计 items=163 windows=5886 elapsed=79s
[gpu0] [encode] VideoRepick_ep194_demo windows=23 took=0.3s (13 ms/窗) 累计 items=163 windows=5843 elapsed=79s
[gpu3] [encode] VideoRepick_ep195_exec windows=23 took=0.3s (13 ms/窗) 累计 items=164 windows=5858 elapsed=79s
[gpu2] [encode] VideoRepick_ep197_demo windows=23 took=0.3s (13 ms/窗) 累计 items=157 windows=5627 elapsed=79s
[gpu4] [encode] VideoRepick_ep199_demo windows=23 took=0.3s (13 ms/窗) 累计 items=167 windows=5977 elapsed=79s
[gpu6] [encode] VideoRepick_ep199_exec windows=23 took=0.3s (13 ms/窗) 累计 items=169 windows=6048 elapsed=79s
[gpu1] [encode] VideoRepick_ep202_exec windows=23 took=0.3s (13 ms/窗) 累计 items=168 windows=6003 elapsed=79s
[gpu5] [encode] VideoRepick_ep203_demo windows=23 took=0.3s (13 ms/窗) 累计 items=164 windows=5909 elapsed=79s
[gpu7] [encode] VideoRepick_ep202_demo windows=23 took=0.4s (16 ms/窗) 累计 items=114 windows=3953 elapsed=78s
[gpu0] [encode] VideoRepick_ep204_demo windows=23 took=0.3s (13 ms/窗) 累计 items=164 windows=5866 elapsed=79s
[gpu3] [encode] VideoRepick_ep206_demo windows=23 took=0.3s (13 ms/窗) 累计 items=165 windows=5881 elapsed=79s
[gpu4] [encode] VideoRepick_ep212_demo windows=23 took=0.3s (13 ms/窗) 累计 items=168 windows=6000 elapsed=79s
[gpu2] [encode] VideoRepick_ep208_exec windows=23 took=0.3s (13 ms/窗) 累计 items=158 windows=5650 elapsed=79s
[gpu6] [encode] VideoRepick_ep214_demo windows=23 took=0.3s (13 ms/窗) 累计 items=170 windows=6071 elapsed=79s
[gpu1] [encode] VideoRepick_ep215_demo windows=23 took=0.3s (13 ms/窗) 累计 items=169 windows=6026 elapsed=79s
[gpu5] [encode] VideoRepick_ep217_exec windows=23 took=0.3s (13 ms/窗) 累计 items=165 windows=5932 elapsed=79s
[gpu0] [encode] VideoRepick_ep218_demo windows=23 took=0.3s (13 ms/窗) 累计 items=165 windows=5889 elapsed=80s
[gpu3] [encode] VideoRepick_ep219_demo windows=23 took=0.3s (13 ms/窗) 累计 items=166 windows=5904 elapsed=79s
[gpu4] [encode] VideoRepick_ep221_demo windows=23 took=0.3s (13 ms/窗) 累计 items=169 windows=6023 elapsed=79s
[gpu2] [encode] VideoRepick_ep224_exec windows=23 took=0.3s (13 ms/窗) 累计 items=159 windows=5673 elapsed=79s
[gpu6] [encode] VideoRepick_ep225_demo windows=23 took=0.3s (13 ms/窗) 累计 items=171 windows=6094 elapsed=79s
[gpu7] [encode] VideoRepick_ep223_demo windows=23 took=0.4s (16 ms/窗) 累计 items=115 windows=3976 elapsed=79s
[gpu1] [encode] VideoRepick_ep230_exec windows=23 took=0.3s (13 ms/窗) 累计 items=170 windows=6049 elapsed=79s
[gpu5] [encode] VideoRepick_ep232_exec windows=23 took=0.3s (13 ms/窗) 累计 items=166 windows=5955 elapsed=80s
[gpu0] [encode] VideoRepick_ep234_demo windows=23 took=0.3s (13 ms/窗) 累计 items=166 windows=5912 elapsed=80s
[gpu3] [encode] VideoRepick_ep237_demo windows=23 took=0.3s (13 ms/窗) 累计 items=167 windows=5927 elapsed=79s
[gpu4] [encode] VideoRepick_ep238_demo windows=23 took=0.3s (13 ms/窗) 累计 items=170 windows=6046 elapsed=79s
[gpu2] [encode] VideoRepick_ep23_exec windows=23 took=0.3s (13 ms/窗) 累计 items=160 windows=5696 elapsed=80s
[gpu6] [encode] VideoRepick_ep241_demo windows=23 took=0.3s (13 ms/窗) 累计 items=172 windows=6117 elapsed=79s
[gpu1] [encode] VideoRepick_ep247_exec windows=23 took=0.3s (13 ms/窗) 累计 items=171 windows=6072 elapsed=79s
[gpu5] [encode] VideoRepick_ep251_demo windows=23 took=0.3s (13 ms/窗) 累计 items=167 windows=5978 elapsed=80s
[gpu0] [encode] VideoRepick_ep252_exec windows=23 took=0.3s (13 ms/窗) 累计 items=167 windows=5935 elapsed=80s
[gpu3] [encode] VideoRepick_ep254_exec windows=23 took=0.3s (13 ms/窗) 累计 items=168 windows=5950 elapsed=80s
[gpu4] [encode] VideoRepick_ep263_demo windows=23 took=0.3s (13 ms/窗) 累计 items=171 windows=6069 elapsed=80s
[gpu7] [encode] VideoRepick_ep257_demo windows=23 took=0.4s (16 ms/窗) 累计 items=116 windows=3999 elapsed=79s
[gpu6] [encode] VideoRepick_ep266_demo windows=23 took=0.3s (13 ms/窗) 累计 items=173 windows=6140 elapsed=80s
[gpu2] [encode] VideoRepick_ep265_demo windows=23 took=0.3s (13 ms/窗) 累计 items=161 windows=5719 elapsed=80s
[gpu1] [encode] VideoRepick_ep278_exec windows=23 took=0.3s (13 ms/窗) 累计 items=172 windows=6095 elapsed=80s
[gpu5] [encode] VideoRepick_ep297_exec windows=23 took=0.3s (13 ms/窗) 累计 items=168 windows=6001 elapsed=80s
[gpu0] [encode] VideoRepick_ep300_exec windows=23 took=0.3s (13 ms/窗) 累计 items=168 windows=5958 elapsed=80s
[gpu3] [encode] VideoRepick_ep321_exec windows=23 took=0.3s (13 ms/窗) 累计 items=169 windows=5973 elapsed=80s
[gpu4] [encode] VideoRepick_ep340_exec windows=23 took=0.3s (13 ms/窗) 累计 items=172 windows=6092 elapsed=80s
[gpu6] [encode] VideoRepick_ep342_exec windows=23 took=0.3s (13 ms/窗) 累计 items=174 windows=6163 elapsed=80s
[gpu2] [encode] VideoRepick_ep35_exec windows=23 took=0.3s (14 ms/窗) 累计 items=162 windows=5742 elapsed=80s
[gpu1] [encode] VideoRepick_ep367_exec windows=23 took=0.3s (13 ms/窗) 累计 items=173 windows=6118 elapsed=80s
[gpu5] [encode] VideoRepick_ep369_exec windows=23 took=0.3s (13 ms/窗) 累计 items=169 windows=6024 elapsed=81s
[gpu0] [encode] VideoRepick_ep392_exec windows=23 took=0.3s (13 ms/窗) 累计 items=169 windows=5981 elapsed=81s
[gpu3] [encode] VideoRepick_ep394_exec windows=23 took=0.3s (13 ms/窗) 累计 items=170 windows=5996 elapsed=80s
[gpu7] [encode] VideoRepick_ep374_exec windows=23 took=0.4s (16 ms/窗) 累计 items=117 windows=4022 elapsed=80s
[gpu4] [encode] VideoRepick_ep395_exec windows=23 took=0.3s (13 ms/窗) 累计 items=173 windows=6115 elapsed=80s
[gpu6] [encode] VideoRepick_ep398_exec windows=23 took=0.3s (13 ms/窗) 累计 items=175 windows=6186 elapsed=80s
[gpu2] [encode] VideoRepick_ep42_exec windows=23 took=0.3s (13 ms/窗) 累计 items=163 windows=5765 elapsed=81s
[gpu1] [encode] VideoRepick_ep58_exec windows=23 took=0.3s (13 ms/窗) 累计 items=174 windows=6141 elapsed=80s
[gpu5] [encode] VideoRepick_ep74_exec windows=23 took=0.3s (13 ms/窗) 累计 items=170 windows=6047 elapsed=81s
[gpu0] [encode] VideoRepick_ep78_exec windows=23 took=0.3s (13 ms/窗) 累计 items=170 windows=6004 elapsed=81s
[gpu3] [encode] VideoRepick_ep87_exec windows=23 took=0.3s (13 ms/窗) 累计 items=171 windows=6019 elapsed=81s
[gpu4] [encode] VideoRepick_ep91_exec windows=23 took=0.3s (13 ms/窗) 累计 items=174 windows=6138 elapsed=81s
[gpu6] [encode] VideoRepick_ep95_exec windows=23 took=0.3s (13 ms/窗) 累计 items=176 windows=6209 elapsed=81s
[gpu1] [encode] VideoRepick_ep106_exec windows=22 took=0.3s (13 ms/窗) 累计 items=175 windows=6163 elapsed=81s
[gpu2] [encode] BinFill_ep1_demo windows=22 took=0.3s (13 ms/窗) 累计 items=164 windows=5787 elapsed=81s
[gpu5] [encode] VideoRepick_ep112_exec windows=22 took=0.3s (13 ms/窗) 累计 items=171 windows=6069 elapsed=81s
[gpu7] [encode] VideoRepick_ep97_exec windows=23 took=0.4s (16 ms/窗) 累计 items=118 windows=4045 elapsed=80s
[gpu0] [encode] VideoRepick_ep129_exec windows=22 took=0.3s (13 ms/窗) 累计 items=171 windows=6026 elapsed=81s
[gpu3] [encode] VideoRepick_ep140_demo windows=22 took=0.3s (13 ms/窗) 累计 items=172 windows=6041 elapsed=81s
[gpu4] [encode] VideoRepick_ep141_demo windows=22 took=0.3s (13 ms/窗) 累计 items=175 windows=6160 elapsed=81s
[gpu6] [encode] VideoRepick_ep143_exec windows=22 took=0.3s (13 ms/窗) 累计 items=177 windows=6231 elapsed=81s
[gpu1] [encode] VideoRepick_ep144_exec windows=22 took=0.3s (13 ms/窗) 累计 items=176 windows=6185 elapsed=81s
[gpu5] [encode] VideoRepick_ep154_exec windows=22 took=0.3s (13 ms/窗) 累计 items=172 windows=6091 elapsed=81s
[gpu2] [encode] VideoRepick_ep153_exec windows=22 took=0.3s (13 ms/窗) 累计 items=165 windows=5809 elapsed=81s
[gpu3] [encode] VideoRepick_ep176_demo windows=22 took=0.3s (13 ms/窗) 累计 items=173 windows=6063 elapsed=81s
[gpu0] [encode] VideoRepick_ep168_exec windows=22 took=0.3s (13 ms/窗) 累计 items=172 windows=6048 elapsed=82s
[gpu4] [encode] VideoRepick_ep178_demo windows=22 took=0.3s (13 ms/窗) 累计 items=176 windows=6182 elapsed=81s
[gpu6] [encode] VideoRepick_ep189_demo windows=22 took=0.3s (13 ms/窗) 累计 items=178 windows=6253 elapsed=81s
[gpu1] [encode] VideoRepick_ep200_demo windows=22 took=0.3s (13 ms/窗) 累计 items=177 windows=6207 elapsed=81s
[gpu7] [encode] VideoRepick_ep190_exec windows=22 took=0.4s (16 ms/窗) 累计 items=119 windows=4067 elapsed=81s
[gpu5] [encode] VideoRepick_ep212_exec windows=22 took=0.3s (13 ms/窗) 累计 items=173 windows=6113 elapsed=82s
[gpu2] [encode] VideoRepick_ep216_exec windows=22 took=0.3s (14 ms/窗) 累计 items=166 windows=5831 elapsed=81s
[gpu3] [encode] VideoRepick_ep227_demo windows=22 took=0.3s (13 ms/窗) 累计 items=174 windows=6085 elapsed=82s
[gpu0] [encode] VideoRepick_ep230_demo windows=22 took=0.3s (13 ms/窗) 累计 items=173 windows=6070 elapsed=82s
[gpu4] [encode] VideoRepick_ep232_demo windows=22 took=0.3s (13 ms/窗) 累计 items=177 windows=6204 elapsed=82s
[gpu6] [encode] VideoRepick_ep234_exec windows=22 took=0.3s (13 ms/窗) 累计 items=179 windows=6275 elapsed=82s
[gpu1] [encode] VideoRepick_ep240_demo windows=22 took=0.3s (13 ms/窗) 累计 items=178 windows=6229 elapsed=81s
[gpu5] [encode] VideoRepick_ep241_exec windows=22 took=0.3s (13 ms/窗) 累计 items=174 windows=6135 elapsed=82s
[gpu2] [encode] VideoRepick_ep247_demo windows=22 took=0.3s (14 ms/窗) 累计 items=167 windows=5853 elapsed=82s
[gpu3] [encode] VideoRepick_ep252_demo windows=22 took=0.3s (13 ms/窗) 累计 items=175 windows=6107 elapsed=82s
[gpu0] [encode] VideoRepick_ep259_exec windows=22 took=0.3s (13 ms/窗) 累计 items=174 windows=6092 elapsed=82s
[gpu4] [encode] VideoRepick_ep261_demo windows=22 took=0.3s (13 ms/窗) 累计 items=178 windows=6226 elapsed=82s
[gpu6] [encode] VideoRepick_ep265_exec windows=22 took=0.3s (13 ms/窗) 累计 items=180 windows=6297 elapsed=82s
[gpu7] [encode] VideoRepick_ep253_demo windows=22 took=0.3s (16 ms/窗) 累计 items=120 windows=4089 elapsed=82s
[gpu1] [encode] VideoRepick_ep26_exec windows=22 took=0.3s (13 ms/窗) 累计 items=179 windows=6251 elapsed=82s
[gpu5] [encode] VideoRepick_ep273_exec windows=22 took=0.3s (13 ms/窗) 累计 items=175 windows=6157 elapsed=82s
[gpu2] [encode] VideoRepick_ep289_exec windows=22 took=0.3s (14 ms/窗) 累计 items=168 windows=5875 elapsed=82s
[gpu3] [encode] VideoRepick_ep311_exec windows=22 took=0.3s (13 ms/窗) 累计 items=176 windows=6129 elapsed=82s
[gpu0] [encode] VideoRepick_ep325_exec windows=22 took=0.3s (13 ms/窗) 累计 items=175 windows=6114 elapsed=83s
[gpu4] [encode] VideoRepick_ep330_exec windows=22 took=0.3s (13 ms/窗) 累计 items=179 windows=6248 elapsed=82s
[gpu6] [encode] VideoRepick_ep334_exec windows=22 took=0.3s (13 ms/窗) 累计 items=181 windows=6319 elapsed=82s
[gpu1] [encode] VideoRepick_ep33_demo windows=22 took=0.3s (13 ms/窗) 累计 items=180 windows=6273 elapsed=82s
[gpu5] [encode] VideoRepick_ep341_exec windows=22 took=0.3s (13 ms/窗) 累计 items=176 windows=6179 elapsed=83s
[gpu2] [encode] VideoRepick_ep357_exec windows=22 took=0.3s (14 ms/窗) 累计 items=169 windows=5897 elapsed=82s
[gpu3] [encode] VideoRepick_ep358_exec windows=22 took=0.3s (13 ms/窗) 累计 items=177 windows=6151 elapsed=82s
[gpu7] [encode] VideoRepick_ep345_exec windows=22 took=0.3s (16 ms/窗) 累计 items=121 windows=4111 elapsed=82s
[gpu0] [encode] VideoRepick_ep381_exec windows=22 took=0.3s (13 ms/窗) 累计 items=176 windows=6136 elapsed=83s
[gpu4] [encode] VideoRepick_ep385_exec windows=22 took=0.3s (13 ms/窗) 累计 items=180 windows=6270 elapsed=82s
[gpu6] [encode] VideoRepick_ep40_exec windows=22 took=0.3s (13 ms/窗) 累计 items=182 windows=6341 elapsed=82s
[gpu1] [encode] VideoRepick_ep41_exec windows=22 took=0.3s (13 ms/窗) 累计 items=181 windows=6295 elapsed=82s
[gpu5] [encode] VideoRepick_ep48_exec windows=22 took=0.3s (13 ms/窗) 累计 items=177 windows=6201 elapsed=83s
[gpu2] [encode] VideoRepick_ep4_exec windows=22 took=0.3s (14 ms/窗) 累计 items=170 windows=5919 elapsed=83s
[gpu3] [encode] VideoRepick_ep61_exec windows=22 took=0.3s (13 ms/窗) 累计 items=178 windows=6173 elapsed=83s
[gpu0] [encode] VideoRepick_ep62_exec windows=22 took=0.3s (13 ms/窗) 累计 items=177 windows=6158 elapsed=83s
[gpu4] [encode] VideoRepick_ep63_exec windows=22 took=0.3s (13 ms/窗) 累计 items=181 windows=6292 elapsed=83s
[gpu6] [encode] VideoRepick_ep68_exec windows=22 took=0.3s (13 ms/窗) 累计 items=183 windows=6363 elapsed=83s
[gpu1] [encode] VideoRepick_ep79_exec windows=22 took=0.3s (13 ms/窗) 累计 items=182 windows=6317 elapsed=83s
[gpu5] [encode] VideoRepick_ep98_exec windows=22 took=0.3s (13 ms/窗) 累计 items=178 windows=6223 elapsed=83s
[gpu7] [encode] VideoRepick_ep83_exec windows=22 took=0.3s (16 ms/窗) 累计 items=122 windows=4133 elapsed=83s
[gpu2] [encode] BinFill_ep1_exec windows=21 took=0.3s (14 ms/窗) 累计 items=171 windows=5940 elapsed=83s
[gpu3] [encode] BinFill_ep4_demo windows=21 took=0.3s (13 ms/窗) 累计 items=179 windows=6194 elapsed=83s
[gpu4] [encode] RouteStick_ep207_demo windows=21 took=0.3s (13 ms/窗) 累计 items=182 windows=6313 elapsed=83s
[gpu0] [encode] RouteStick_ep206_demo windows=21 took=0.3s (13 ms/窗) 累计 items=178 windows=6179 elapsed=83s
[gpu6] [encode] RouteStick_ep210_demo windows=21 took=0.3s (13 ms/窗) 累计 items=184 windows=6384 elapsed=83s
[gpu1] [encode] RouteStick_ep213_demo windows=21 took=0.3s (13 ms/窗) 累计 items=183 windows=6338 elapsed=83s
[gpu5] [encode] RouteStick_ep218_demo windows=21 took=0.3s (13 ms/窗) 累计 items=179 windows=6244 elapsed=83s
[gpu3] [encode] RouteStick_ep225_demo windows=21 took=0.3s (13 ms/窗) 累计 items=180 windows=6215 elapsed=83s
[gpu2] [encode] RouteStick_ep221_demo windows=21 took=0.3s (14 ms/窗) 累计 items=172 windows=5961 elapsed=83s
[gpu4] [encode] RouteStick_ep228_demo windows=21 took=0.3s (13 ms/窗) 累计 items=183 windows=6334 elapsed=83s
[gpu6] [encode] RouteStick_ep232_demo windows=21 took=0.3s (13 ms/窗) 累计 items=185 windows=6405 elapsed=83s
[gpu0] [encode] RouteStick_ep235_demo windows=21 took=0.3s (13 ms/窗) 累计 items=179 windows=6200 elapsed=84s
[gpu1] [encode] RouteStick_ep240_demo windows=21 took=0.3s (13 ms/窗) 累计 items=184 windows=6359 elapsed=83s
[gpu5] [encode] RouteStick_ep254_demo windows=21 took=0.3s (13 ms/窗) 累计 items=180 windows=6265 elapsed=84s
[gpu7] [encode] RouteStick_ep245_demo windows=21 took=0.3s (16 ms/窗) 累计 items=123 windows=4154 elapsed=83s
[gpu3] [encode] RouteStick_ep255_demo windows=21 took=0.3s (13 ms/窗) 累计 items=181 windows=6236 elapsed=84s
[gpu2] [encode] RouteStick_ep256_demo windows=21 took=0.3s (14 ms/窗) 累计 items=173 windows=5982 elapsed=84s
[gpu4] [encode] RouteStick_ep263_demo windows=21 took=0.3s (13 ms/窗) 累计 items=184 windows=6355 elapsed=84s
[gpu6] [encode] RouteStick_ep266_demo windows=21 took=0.3s (13 ms/窗) 累计 items=186 windows=6426 elapsed=83s
[gpu0] [encode] RouteStick_ep270_demo windows=21 took=0.3s (13 ms/窗) 累计 items=180 windows=6221 elapsed=84s
[gpu1] [encode] RouteStick_ep274_demo windows=21 took=0.3s (13 ms/窗) 累计 items=185 windows=6380 elapsed=83s
[gpu5] [encode] RouteStick_ep277_demo windows=21 took=0.3s (13 ms/窗) 累计 items=181 windows=6286 elapsed=84s
[gpu3] [encode] RouteStick_ep286_demo windows=21 took=0.3s (13 ms/窗) 累计 items=182 windows=6257 elapsed=84s
[gpu7] [encode] RouteStick_ep285_demo windows=21 took=0.3s (16 ms/窗) 累计 items=124 windows=4175 elapsed=83s
[gpu2] [encode] RouteStick_ep289_demo windows=21 took=0.3s (14 ms/窗) 累计 items=174 windows=6003 elapsed=84s
[gpu4] [encode] RouteStick_ep294_demo windows=21 took=0.3s (13 ms/窗) 累计 items=185 windows=6376 elapsed=84s
[gpu6] [encode] RouteStick_ep296_demo windows=21 took=0.3s (13 ms/窗) 累计 items=187 windows=6447 elapsed=84s
[gpu0] [encode] VideoRepick_ep100_demo windows=21 took=0.3s (13 ms/窗) 累计 items=181 windows=6242 elapsed=84s
[gpu1] [encode] VideoRepick_ep107_demo windows=21 took=0.3s (13 ms/窗) 累计 items=186 windows=6401 elapsed=84s
[gpu5] [encode] VideoRepick_ep117_exec windows=21 took=0.3s (13 ms/窗) 累计 items=182 windows=6307 elapsed=84s
[gpu3] [encode] VideoRepick_ep13_demo windows=21 took=0.3s (13 ms/窗) 累计 items=183 windows=6278 elapsed=84s
[gpu4] [encode] VideoRepick_ep160_demo windows=21 took=0.3s (13 ms/窗) 累计 items=186 windows=6397 elapsed=84s
[gpu6] [encode] VideoRepick_ep164_demo windows=21 took=0.3s (13 ms/窗) 累计 items=188 windows=6468 elapsed=84s
[gpu2] [encode] VideoRepick_ep154_demo windows=21 took=0.3s (13 ms/窗) 累计 items=175 windows=6024 elapsed=84s
[gpu0] [encode] VideoRepick_ep174_demo windows=21 took=0.3s (13 ms/窗) 累计 items=182 windows=6263 elapsed=85s
[gpu1] [encode] VideoRepick_ep20_demo windows=21 took=0.3s (13 ms/窗) 累计 items=187 windows=6422 elapsed=84s
[gpu5] [encode] VideoRepick_ep239_demo windows=21 took=0.3s (13 ms/窗) 累计 items=183 windows=6328 elapsed=85s
[gpu3] [encode] VideoRepick_ep260_demo windows=21 took=0.3s (13 ms/窗) 累计 items=184 windows=6299 elapsed=84s
[gpu7] [encode] VideoRepick_ep244_demo windows=21 took=0.3s (16 ms/窗) 累计 items=125 windows=4196 elapsed=84s
[gpu4] [encode] VideoRepick_ep301_exec windows=21 took=0.3s (13 ms/窗) 累计 items=187 windows=6418 elapsed=84s
[gpu6] [encode] VideoRepick_ep316_exec windows=21 took=0.3s (13 ms/窗) 累计 items=189 windows=6489 elapsed=84s
[gpu2] [encode] VideoRepick_ep359_exec windows=21 took=0.3s (14 ms/窗) 累计 items=176 windows=6045 elapsed=84s
[gpu0] [encode] VideoRepick_ep36_exec windows=21 took=0.3s (13 ms/窗) 累计 items=183 windows=6284 elapsed=85s
[gpu1] [encode] VideoRepick_ep371_exec windows=21 took=0.3s (13 ms/窗) 累计 items=188 windows=6443 elapsed=84s
[gpu5] [encode] VideoRepick_ep3_exec windows=21 took=0.3s (13 ms/窗) 累计 items=184 windows=6349 elapsed=85s
[gpu3] [encode] VideoRepick_ep52_demo windows=21 took=0.3s (13 ms/窗) 累计 items=185 windows=6320 elapsed=85s
[gpu4] [encode] VideoRepick_ep58_demo windows=21 took=0.3s (13 ms/窗) 累计 items=188 windows=6439 elapsed=85s
[gpu6] [encode] VideoRepick_ep80_demo windows=21 took=0.3s (13 ms/窗) 累计 items=190 windows=6510 elapsed=85s
[gpu2] [encode] VideoRepick_ep96_demo windows=21 took=0.3s (14 ms/窗) 累计 items=177 windows=6066 elapsed=85s
[gpu1] [encode] VideoUnmaskSwap_ep205_exec windows=21 took=0.3s (13 ms/窗) 累计 items=189 windows=6464 elapsed=85s
[gpu0] [encode] VideoUnmaskSwap_ep204_exec windows=21 took=0.3s (13 ms/窗) 累计 items=184 windows=6305 elapsed=85s
[gpu7] [encode] VideoRepick_ep81_demo windows=21 took=0.3s (16 ms/窗) 累计 items=126 windows=4217 elapsed=84s
[gpu5] [encode] BinFill_ep108_demo windows=20 took=0.3s (13 ms/窗) 累计 items=185 windows=6369 elapsed=85s
[gpu3] [encode] BinFill_ep4_exec windows=20 took=0.3s (13 ms/窗) 累计 items=186 windows=6340 elapsed=85s
[gpu6] [encode] RouteStick_ep207_exec windows=20 took=0.3s (13 ms/窗) 累计 items=191 windows=6530 elapsed=85s
[gpu4] [encode] RouteStick_ep206_exec windows=20 took=0.3s (13 ms/窗) 累计 items=189 windows=6459 elapsed=85s
[gpu1] [encode] RouteStick_ep213_exec windows=20 took=0.3s (13 ms/窗) 累计 items=190 windows=6484 elapsed=85s
[gpu2] [encode] RouteStick_ep210_exec windows=20 took=0.3s (13 ms/窗) 累计 items=178 windows=6086 elapsed=85s
[gpu0] [encode] RouteStick_ep218_exec windows=20 took=0.3s (13 ms/窗) 累计 items=185 windows=6325 elapsed=85s
[gpu5] [encode] RouteStick_ep221_exec windows=20 took=0.3s (13 ms/窗) 累计 items=186 windows=6389 elapsed=85s
[gpu3] [encode] RouteStick_ep225_exec windows=20 took=0.3s (13 ms/窗) 累计 items=187 windows=6360 elapsed=85s
[gpu6] [encode] RouteStick_ep228_exec windows=20 took=0.3s (13 ms/窗) 累计 items=192 windows=6550 elapsed=85s
[gpu4] [encode] RouteStick_ep232_exec windows=20 took=0.3s (13 ms/窗) 累计 items=190 windows=6479 elapsed=85s
[gpu1] [encode] RouteStick_ep240_exec windows=20 took=0.3s (13 ms/窗) 累计 items=191 windows=6504 elapsed=85s
[gpu7] [encode] RouteStick_ep235_exec windows=20 took=0.3s (16 ms/窗) 累计 items=127 windows=4237 elapsed=85s
[gpu0] [encode] RouteStick_ep254_exec windows=20 took=0.3s (13 ms/窗) 累计 items=186 windows=6345 elapsed=86s
[gpu2] [encode] RouteStick_ep245_exec windows=20 took=0.3s (14 ms/窗) 累计 items=179 windows=6106 elapsed=85s
[gpu5] [encode] RouteStick_ep255_exec windows=20 took=0.3s (13 ms/窗) 累计 items=187 windows=6409 elapsed=86s
[gpu3] [encode] RouteStick_ep256_exec windows=20 took=0.3s (13 ms/窗) 累计 items=188 windows=6380 elapsed=85s
[gpu6] [encode] RouteStick_ep263_exec windows=20 took=0.3s (13 ms/窗) 累计 items=193 windows=6570 elapsed=85s
[gpu4] [encode] RouteStick_ep266_exec windows=20 took=0.3s (13 ms/窗) 累计 items=191 windows=6499 elapsed=85s
[gpu1] [encode] RouteStick_ep270_exec windows=20 took=0.3s (13 ms/窗) 累计 items=192 windows=6524 elapsed=85s
[gpu0] [encode] RouteStick_ep274_exec windows=20 took=0.3s (13 ms/窗) 累计 items=187 windows=6365 elapsed=86s
[gpu5] [encode] RouteStick_ep277_exec windows=20 took=0.3s (13 ms/窗) 累计 items=188 windows=6429 elapsed=86s
[gpu2] [encode] RouteStick_ep285_exec windows=20 took=0.3s (14 ms/窗) 累计 items=180 windows=6126 elapsed=86s
[gpu3] [encode] RouteStick_ep286_exec windows=20 took=0.3s (13 ms/窗) 累计 items=189 windows=6400 elapsed=86s
[gpu6] [encode] RouteStick_ep289_exec windows=20 took=0.3s (13 ms/窗) 累计 items=194 windows=6590 elapsed=86s
[gpu4] [encode] RouteStick_ep296_exec windows=20 took=0.3s (14 ms/窗) 累计 items=192 windows=6519 elapsed=86s
[gpu7] [encode] RouteStick_ep294_exec windows=20 took=0.3s (16 ms/窗) 累计 items=128 windows=4257 elapsed=85s
[gpu1] [encode] VideoRepick_ep108_demo windows=20 took=0.3s (13 ms/窗) 累计 items=193 windows=6544 elapsed=86s
[gpu5] [encode] VideoRepick_ep115_demo windows=20 took=0.3s (13 ms/窗) 累计 items=189 windows=6449 elapsed=86s
[gpu0] [encode] VideoRepick_ep113_demo windows=20 took=0.3s (13 ms/窗) 累计 items=188 windows=6385 elapsed=86s
[gpu2] [encode] VideoRepick_ep116_demo windows=20 took=0.3s (14 ms/窗) 累计 items=181 windows=6146 elapsed=86s
[gpu3] [encode] VideoRepick_ep121_demo windows=20 took=0.3s (13 ms/窗) 累计 items=190 windows=6420 elapsed=86s
[gpu4] [encode] VideoRepick_ep131_demo windows=20 took=0.3s (13 ms/窗) 累计 items=193 windows=6539 elapsed=86s
[gpu6] [encode] VideoRepick_ep126_demo windows=20 took=0.3s (17 ms/窗) 累计 items=195 windows=6610 elapsed=86s
[gpu1] [encode] VideoRepick_ep132_demo windows=20 took=0.3s (13 ms/窗) 累计 items=194 windows=6564 elapsed=86s
[gpu7] [encode] VideoRepick_ep135_demo windows=20 took=0.3s (13 ms/窗) 累计 items=129 windows=4277 elapsed=86s
[gpu5] [encode] VideoRepick_ep138_exec windows=20 took=0.3s (13 ms/窗) 累计 items=190 windows=6469 elapsed=86s
[gpu0] [encode] VideoRepick_ep139_demo windows=20 took=0.3s (13 ms/窗) 累计 items=189 windows=6405 elapsed=87s
[gpu2] [encode] VideoRepick_ep143_demo windows=20 took=0.3s (14 ms/窗) 累计 items=182 windows=6166 elapsed=86s
[gpu3] [encode] VideoRepick_ep145_demo windows=20 took=0.3s (13 ms/窗) 累计 items=191 windows=6440 elapsed=86s
[gpu4] [encode] VideoRepick_ep159_demo windows=20 took=0.3s (13 ms/窗) 累计 items=194 windows=6559 elapsed=86s
[gpu6] [encode] VideoRepick_ep15_demo windows=20 took=0.3s (13 ms/窗) 累计 items=196 windows=6630 elapsed=86s
[gpu7] [encode] VideoRepick_ep165_demo windows=20 took=0.3s (13 ms/窗) 累计 items=130 windows=4297 elapsed=86s
[gpu5] [encode] VideoRepick_ep181_demo windows=20 took=0.3s (13 ms/窗) 累计 items=191 windows=6489 elapsed=87s
[gpu1] [encode] VideoRepick_ep161_demo windows=20 took=0.3s (17 ms/窗) 累计 items=195 windows=6584 elapsed=86s
[gpu0] [encode] VideoRepick_ep182_demo windows=20 took=0.3s (13 ms/窗) 累计 items=190 windows=6425 elapsed=87s
[gpu2] [encode] VideoRepick_ep183_demo windows=20 took=0.3s (14 ms/窗) 累计 items=183 windows=6186 elapsed=86s
[gpu3] [encode] VideoRepick_ep186_demo windows=20 took=0.3s (13 ms/窗) 累计 items=192 windows=6460 elapsed=86s
[gpu6] [encode] VideoRepick_ep195_demo windows=20 took=0.3s (13 ms/窗) 累计 items=197 windows=6650 elapsed=86s
[gpu4] [encode] VideoRepick_ep18_demo windows=20 took=0.3s (17 ms/窗) 累计 items=195 windows=6579 elapsed=87s
[gpu7] [encode] VideoRepick_ep19_demo windows=20 took=0.3s (13 ms/窗) 累计 items=131 windows=4317 elapsed=86s
[gpu5] [encode] VideoRepick_ep1_demo windows=20 took=0.3s (13 ms/窗) 累计 items=192 windows=6509 elapsed=87s
[gpu0] [encode] VideoRepick_ep207_demo windows=20 took=0.3s (13 ms/窗) 累计 items=191 windows=6445 elapsed=87s
[gpu3] [encode] VideoRepick_ep210_demo windows=20 took=0.3s (13 ms/窗) 累计 items=193 windows=6480 elapsed=87s
[gpu2] [encode] VideoRepick_ep209_demo windows=20 took=0.3s (14 ms/窗) 累计 items=184 windows=6206 elapsed=87s
[gpu1] [encode] VideoRepick_ep224_demo windows=20 took=0.3s (13 ms/窗) 累计 items=196 windows=6604 elapsed=87s
[gpu6] [encode] VideoRepick_ep229_demo windows=20 took=0.3s (13 ms/窗) 累计 items=198 windows=6670 elapsed=87s
[gpu7] [encode] VideoRepick_ep235_demo windows=20 took=0.3s (13 ms/窗) 累计 items=132 windows=4337 elapsed=86s
[gpu5] [encode] VideoRepick_ep236_demo windows=20 took=0.3s (13 ms/窗) 累计 items=193 windows=6529 elapsed=87s
[gpu4] [encode] VideoRepick_ep246_demo windows=20 took=0.3s (13 ms/窗) 累计 items=196 windows=6599 elapsed=87s
[gpu0] [encode] VideoRepick_ep24_demo windows=20 took=0.3s (13 ms/窗) 累计 items=192 windows=6465 elapsed=87s
[gpu3] [encode] VideoRepick_ep254_demo windows=20 took=0.3s (13 ms/窗) 累计 items=194 windows=6500 elapsed=87s
[gpu2] [encode] VideoRepick_ep262_demo windows=20 took=0.3s (14 ms/窗) 累计 items=185 windows=6226 elapsed=87s
[gpu1] [encode] VideoRepick_ep26_demo windows=20 took=0.3s (13 ms/窗) 累计 items=197 windows=6624 elapsed=87s
[gpu6] [encode] VideoRepick_ep270_exec windows=20 took=0.3s (13 ms/窗) 累计 items=199 windows=6690 elapsed=87s
[gpu7] [encode] VideoRepick_ep39_demo windows=20 took=0.3s (13 ms/窗) 累计 items=133 windows=4357 elapsed=87s
[gpu5] [encode] VideoRepick_ep42_demo windows=20 took=0.3s (13 ms/窗) 累计 items=194 windows=6549 elapsed=87s
[gpu4] [encode] VideoRepick_ep49_demo windows=20 took=0.3s (13 ms/窗) 累计 items=197 windows=6619 elapsed=87s
[gpu0] [encode] VideoRepick_ep57_demo windows=20 took=0.3s (13 ms/窗) 累计 items=193 windows=6485 elapsed=88s
[gpu2] [encode] VideoRepick_ep73_demo windows=20 took=0.3s (14 ms/窗) 累计 items=186 windows=6246 elapsed=87s
[gpu3] [encode] VideoRepick_ep71_demo windows=20 took=0.3s (17 ms/窗) 累计 items=195 windows=6520 elapsed=87s
[gpu1] [encode] VideoRepick_ep75_demo windows=20 took=0.3s (13 ms/窗) 累计 items=198 windows=6644 elapsed=87s
[gpu6] [encode] VideoRepick_ep78_demo windows=20 took=0.3s (13 ms/窗) 累计 items=200 windows=6710 elapsed=87s
[gpu7] [encode] VideoRepick_ep85_demo windows=20 took=0.3s (13 ms/窗) 累计 items=134 windows=4377 elapsed=87s
[gpu4] [encode] VideoRepick_ep91_demo windows=20 took=0.3s (13 ms/窗) 累计 items=198 windows=6639 elapsed=87s
[gpu0] [encode] VideoRepick_ep92_demo windows=20 took=0.3s (13 ms/窗) 累计 items=194 windows=6505 elapsed=88s
[gpu5] [encode] VideoRepick_ep88_demo windows=20 took=0.3s (17 ms/窗) 累计 items=195 windows=6569 elapsed=88s
[gpu2] [encode] VideoUnmaskSwap_ep201_exec windows=20 took=0.3s (14 ms/窗) 累计 items=187 windows=6266 elapsed=88s
[gpu1] [encode] VideoUnmaskSwap_ep303_exec windows=20 took=0.3s (13 ms/窗) 累计 items=199 windows=6664 elapsed=87s
[gpu6] [encode] VideoUnmaskSwap_ep304_exec windows=20 took=0.3s (13 ms/窗) 累计 items=201 windows=6730 elapsed=88s
[gpu7] [encode] BinFill_ep101_demo windows=19 took=0.2s (13 ms/窗) 累计 items=135 windows=4396 elapsed=87s
[gpu3] [encode] VideoUnmaskSwap_ep5_exec windows=20 took=0.3s (13 ms/窗) 累计 items=196 windows=6540 elapsed=88s
[gpu4] [encode] BinFill_ep108_exec windows=19 took=0.2s (13 ms/窗) 累计 items=199 windows=6658 elapsed=88s
[gpu5] [encode] BinFill_ep121_demo windows=19 took=0.2s (13 ms/窗) 累计 items=196 windows=6588 elapsed=88s
[gpu2] [encode] BinFill_ep31_demo windows=19 took=0.3s (14 ms/窗) 累计 items=188 windows=6285 elapsed=88s
[gpu1] [encode] BinFill_ep3_demo windows=19 took=0.2s (13 ms/窗) 累计 items=200 windows=6683 elapsed=88s
[gpu0] [encode] BinFill_ep113_demo windows=19 took=0.3s (18 ms/窗) 累计 items=195 windows=6524 elapsed=88s
[gpu6] [encode] BinFill_ep41_demo windows=19 took=0.2s (13 ms/窗) 累计 items=202 windows=6749 elapsed=88s
[gpu7] [encode] BinFill_ep53_demo windows=19 took=0.2s (13 ms/窗) 累计 items=136 windows=4415 elapsed=88s
[gpu3] [encode] BinFill_ep58_demo windows=19 took=0.2s (13 ms/窗) 累计 items=197 windows=6559 elapsed=88s
[gpu4] [encode] BinFill_ep82_demo windows=19 took=0.2s (13 ms/窗) 累计 items=200 windows=6677 elapsed=88s
[gpu5] [encode] BinFill_ep94_demo windows=19 took=0.2s (13 ms/窗) 累计 items=197 windows=6607 elapsed=88s
[gpu1] [encode] VideoRepick_ep101_demo windows=19 took=0.2s (13 ms/窗) 累计 items=201 windows=6702 elapsed=88s
[gpu2] [encode] BinFill_ep99_demo windows=19 took=0.3s (13 ms/窗) 累计 items=189 windows=6304 elapsed=88s
[gpu6] [encode] VideoRepick_ep106_demo windows=19 took=0.2s (13 ms/窗) 累计 items=203 windows=6768 elapsed=88s
[gpu7] [encode] VideoRepick_ep119_demo windows=19 took=0.2s (13 ms/窗) 累计 items=137 windows=4434 elapsed=88s
[gpu3] [encode] VideoRepick_ep120_demo windows=19 took=0.3s (13 ms/窗) 累计 items=198 windows=6578 elapsed=88s
[gpu4] [encode] VideoRepick_ep123_demo windows=19 took=0.3s (14 ms/窗) 累计 items=201 windows=6696 elapsed=88s
[gpu0] [encode] VideoRepick_ep124_demo windows=19 took=0.3s (13 ms/窗) 累计 items=196 windows=6543 elapsed=89s
[gpu5] [encode] VideoRepick_ep137_demo windows=19 took=0.2s (13 ms/窗) 累计 items=198 windows=6626 elapsed=89s
[gpu1] [encode] VideoRepick_ep138_demo windows=19 took=0.2s (13 ms/窗) 累计 items=202 windows=6721 elapsed=88s
[gpu6] [encode] VideoRepick_ep144_demo windows=19 took=0.2s (13 ms/窗) 累计 items=204 windows=6787 elapsed=88s
[gpu2] [encode] VideoRepick_ep147_demo windows=19 took=0.3s (14 ms/窗) 累计 items=190 windows=6323 elapsed=88s
[gpu7] [encode] VideoRepick_ep14_demo windows=19 took=0.2s (13 ms/窗) 累计 items=138 windows=4453 elapsed=88s
[gpu3] [encode] VideoRepick_ep150_demo windows=19 took=0.2s (13 ms/窗) 累计 items=199 windows=6597 elapsed=88s
[gpu4] [encode] VideoRepick_ep152_demo windows=19 took=0.2s (13 ms/窗) 累计 items=202 windows=6715 elapsed=88s
[gpu0] [encode] VideoRepick_ep156_demo windows=19 took=0.3s (13 ms/窗) 累计 items=197 windows=6562 elapsed=89s
[gpu5] [encode] VideoRepick_ep163_demo windows=19 took=0.2s (13 ms/窗) 累计 items=199 windows=6645 elapsed=89s
[gpu1] [encode] VideoRepick_ep168_demo windows=19 took=0.2s (13 ms/窗) 累计 items=203 windows=6740 elapsed=88s
[gpu6] [encode] VideoRepick_ep16_demo windows=19 took=0.2s (13 ms/窗) 累计 items=205 windows=6806 elapsed=88s
[gpu7] [encode] VideoRepick_ep172_demo windows=19 took=0.2s (13 ms/窗) 累计 items=139 windows=4472 elapsed=88s
[gpu2] [encode] VideoRepick_ep171_demo windows=19 took=0.3s (14 ms/窗) 累计 items=191 windows=6342 elapsed=89s
[gpu3] [encode] VideoRepick_ep173_demo windows=19 took=0.3s (13 ms/窗) 累计 items=200 windows=6616 elapsed=89s
[gpu4] [encode] VideoRepick_ep177_demo windows=19 took=0.2s (13 ms/窗) 累计 items=203 windows=6734 elapsed=89s
[gpu0] [encode] VideoRepick_ep185_demo windows=19 took=0.3s (13 ms/窗) 累计 items=198 windows=6581 elapsed=89s
[gpu5] [encode] VideoRepick_ep192_demo windows=19 took=0.2s (13 ms/窗) 累计 items=200 windows=6664 elapsed=89s
[gpu1] [encode] VideoRepick_ep193_demo windows=19 took=0.2s (13 ms/窗) 累计 items=204 windows=6759 elapsed=89s
[gpu6] [encode] VideoRepick_ep196_demo windows=19 took=0.2s (13 ms/窗) 累计 items=206 windows=6825 elapsed=89s
[gpu7] [encode] VideoRepick_ep198_demo windows=19 took=0.2s (13 ms/窗) 累计 items=140 windows=4491 elapsed=89s
[gpu2] [encode] VideoRepick_ep201_demo windows=19 took=0.3s (14 ms/窗) 累计 items=192 windows=6361 elapsed=89s
[gpu3] [encode] VideoRepick_ep205_demo windows=19 took=0.2s (13 ms/窗) 累计 items=201 windows=6635 elapsed=89s
[gpu4] [encode] VideoRepick_ep208_demo windows=19 took=0.2s (13 ms/窗) 累计 items=204 windows=6753 elapsed=89s
[gpu0] [encode] VideoRepick_ep211_demo windows=19 took=0.3s (13 ms/窗) 累计 items=199 windows=6600 elapsed=89s
[gpu5] [encode] VideoRepick_ep213_demo windows=19 took=0.2s (13 ms/窗) 累计 items=201 windows=6683 elapsed=89s
[gpu1] [encode] VideoRepick_ep216_demo windows=19 took=0.2s (13 ms/窗) 累计 items=205 windows=6778 elapsed=89s
[gpu6] [encode] VideoRepick_ep217_demo windows=19 took=0.2s (13 ms/窗) 累计 items=207 windows=6844 elapsed=89s
[gpu7] [encode] VideoRepick_ep220_demo windows=19 took=0.2s (13 ms/窗) 累计 items=141 windows=4510 elapsed=89s
[gpu3] [encode] VideoRepick_ep226_demo windows=19 took=0.3s (13 ms/窗) 累计 items=202 windows=6654 elapsed=89s
[gpu2] [encode] VideoRepick_ep222_demo windows=19 took=0.3s (14 ms/窗) 累计 items=193 windows=6380 elapsed=89s
[gpu4] [encode] VideoRepick_ep228_demo windows=19 took=0.2s (13 ms/窗) 累计 items=205 windows=6772 elapsed=89s
[gpu0] [encode] VideoRepick_ep231_demo windows=19 took=0.3s (13 ms/窗) 累计 items=200 windows=6619 elapsed=90s
[gpu5] [encode] VideoRepick_ep233_demo windows=19 took=0.2s (13 ms/窗) 累计 items=202 windows=6702 elapsed=90s
[gpu1] [encode] VideoRepick_ep23_demo windows=19 took=0.2s (13 ms/窗) 累计 items=206 windows=6797 elapsed=89s
[gpu6] [encode] VideoRepick_ep242_demo windows=19 took=0.2s (13 ms/窗) 累计 items=208 windows=6863 elapsed=89s
[gpu7] [encode] VideoRepick_ep243_demo windows=19 took=0.2s (13 ms/窗) 累计 items=142 windows=4529 elapsed=89s
[gpu3] [encode] VideoRepick_ep248_demo windows=19 took=0.2s (13 ms/窗) 累计 items=203 windows=6673 elapsed=89s
[gpu4] [encode] VideoRepick_ep249_demo windows=19 took=0.2s (13 ms/窗) 累计 items=206 windows=6791 elapsed=89s
[gpu2] [encode] VideoRepick_ep250_demo windows=19 took=0.3s (14 ms/窗) 累计 items=194 windows=6399 elapsed=90s
[gpu0] [encode] VideoRepick_ep255_demo windows=19 took=0.3s (13 ms/窗) 累计 items=201 windows=6638 elapsed=90s
[gpu5] [encode] VideoRepick_ep258_demo windows=19 took=0.2s (13 ms/窗) 累计 items=203 windows=6721 elapsed=90s
[gpu1] [encode] VideoRepick_ep259_demo windows=19 took=0.2s (13 ms/窗) 累计 items=207 windows=6816 elapsed=89s
[gpu6] [encode] VideoRepick_ep264_demo windows=19 took=0.2s (13 ms/窗) 累计 items=209 windows=6882 elapsed=89s
[gpu7] [encode] VideoRepick_ep28_demo windows=19 took=0.2s (13 ms/窗) 累计 items=143 windows=4548 elapsed=89s
[gpu3] [encode] VideoRepick_ep31_demo windows=19 took=0.3s (13 ms/窗) 累计 items=204 windows=6692 elapsed=90s
[gpu4] [encode] VideoRepick_ep32_demo windows=19 took=0.2s (13 ms/窗) 累计 items=207 windows=6810 elapsed=90s
[gpu5] [encode] VideoRepick_ep40_demo windows=19 took=0.2s (13 ms/窗) 累计 items=204 windows=6740 elapsed=90s
[gpu0] [encode] VideoRepick_ep3_demo windows=19 took=0.3s (13 ms/窗) 累计 items=202 windows=6657 elapsed=90s
[gpu1] [encode] VideoRepick_ep41_demo windows=19 took=0.2s (13 ms/窗) 累计 items=208 windows=6835 elapsed=90s
[gpu6] [encode] VideoRepick_ep47_demo windows=19 took=0.2s (13 ms/窗) 累计 items=210 windows=6901 elapsed=90s
[gpu2] [encode] VideoRepick_ep37_demo windows=19 took=0.3s (17 ms/窗) 累计 items=195 windows=6418 elapsed=90s
[gpu7] [encode] VideoRepick_ep4_demo windows=19 took=0.2s (13 ms/窗) 累计 items=144 windows=4567 elapsed=89s
[gpu4] [encode] VideoRepick_ep55_demo windows=19 took=0.2s (13 ms/窗) 累计 items=208 windows=6829 elapsed=90s
[gpu3] [encode] VideoRepick_ep50_demo windows=19 took=0.2s (13 ms/窗) 累计 items=205 windows=6711 elapsed=90s
[gpu5] [encode] VideoRepick_ep59_demo windows=19 took=0.2s (13 ms/窗) 累计 items=205 windows=6759 elapsed=90s
[gpu1] [encode] VideoRepick_ep60_demo windows=19 took=0.2s (13 ms/窗) 累计 items=209 windows=6854 elapsed=90s
[gpu6] [encode] VideoRepick_ep61_demo windows=19 took=0.2s (13 ms/窗) 累计 items=211 windows=6920 elapsed=90s
[gpu7] [encode] VideoRepick_ep6_demo windows=19 took=0.2s (13 ms/窗) 累计 items=145 windows=4586 elapsed=90s
[gpu0] [encode] VideoRepick_ep69_demo windows=19 took=0.3s (13 ms/窗) 累计 items=203 windows=6676 elapsed=91s
[gpu4] [encode] VideoRepick_ep76_demo windows=19 took=0.2s (13 ms/窗) 累计 items=209 windows=6848 elapsed=90s
[gpu3] [encode] VideoRepick_ep86_demo windows=19 took=0.3s (13 ms/窗) 累计 items=206 windows=6730 elapsed=90s
[gpu2] [encode] VideoRepick_ep89_demo windows=19 took=0.3s (14 ms/窗) 累计 items=196 windows=6437 elapsed=90s
[gpu5] [encode] VideoRepick_ep98_demo windows=19 took=0.2s (13 ms/窗) 累计 items=206 windows=6778 elapsed=91s
[gpu6] [encode] VideoUnmaskSwap_ep1_exec windows=19 took=0.2s (13 ms/窗) 累计 items=212 windows=6939 elapsed=90s
[gpu1] [encode] VideoRepick_ep99_demo windows=19 took=0.2s (13 ms/窗) 累计 items=210 windows=6873 elapsed=90s
[gpu7] [encode] VideoUnmaskSwap_ep200_exec windows=19 took=0.2s (13 ms/窗) 累计 items=146 windows=4605 elapsed=90s
[gpu0] [encode] VideoUnmaskSwap_ep202_exec windows=19 took=0.3s (13 ms/窗) 累计 items=204 windows=6695 elapsed=91s
[gpu4] [encode] VideoUnmaskSwap_ep203_exec windows=19 took=0.2s (13 ms/窗) 累计 items=210 windows=6867 elapsed=90s
[gpu3] [encode] VideoUnmaskSwap_ep300_demo windows=19 took=0.2s (13 ms/窗) 累计 items=207 windows=6749 elapsed=90s
[gpu2] [encode] VideoUnmaskSwap_ep300_exec windows=19 took=0.3s (14 ms/窗) 累计 items=197 windows=6456 elapsed=91s
[gpu5] [encode] VideoUnmaskSwap_ep303_demo windows=19 took=0.2s (13 ms/窗) 累计 items=207 windows=6797 elapsed=91s
[gpu6] [encode] VideoUnmaskSwap_ep304_demo windows=19 took=0.2s (13 ms/窗) 累计 items=213 windows=6958 elapsed=90s
[gpu1] [encode] VideoUnmaskSwap_ep305_demo windows=19 took=0.2s (13 ms/窗) 累计 items=211 windows=6892 elapsed=90s
[gpu7] [encode] VideoUnmaskSwap_ep308_demo windows=19 took=0.2s (13 ms/窗) 累计 items=147 windows=4624 elapsed=90s
[gpu0] [encode] VideoUnmaskSwap_ep311_demo windows=19 took=0.3s (13 ms/窗) 累计 items=205 windows=6714 elapsed=91s
[gpu4] [encode] VideoUnmaskSwap_ep314_demo windows=19 took=0.2s (13 ms/窗) 累计 items=211 windows=6886 elapsed=91s
[gpu3] [encode] VideoUnmaskSwap_ep315_demo windows=19 took=0.2s (13 ms/窗) 累计 items=208 windows=6768 elapsed=91s
[gpu5] [encode] VideoUnmaskSwap_ep318_demo windows=19 took=0.2s (13 ms/窗) 累计 items=208 windows=6816 elapsed=91s
[gpu2] [encode] VideoUnmaskSwap_ep316_demo windows=19 took=0.3s (14 ms/窗) 累计 items=198 windows=6475 elapsed=91s
[gpu6] [encode] VideoUnmaskSwap_ep324_demo windows=19 took=0.2s (13 ms/窗) 累计 items=214 windows=6977 elapsed=91s
[gpu1] [encode] VideoUnmaskSwap_ep325_demo windows=19 took=0.2s (13 ms/窗) 累计 items=212 windows=6911 elapsed=91s
[gpu7] [encode] VideoUnmaskSwap_ep326_demo windows=19 took=0.2s (13 ms/窗) 累计 items=148 windows=4643 elapsed=90s
[gpu0] [encode] VideoUnmaskSwap_ep327_demo windows=19 took=0.3s (13 ms/窗) 累计 items=206 windows=6733 elapsed=91s
[gpu4] [encode] VideoUnmaskSwap_ep331_demo windows=19 took=0.2s (13 ms/窗) 累计 items=212 windows=6905 elapsed=91s
[gpu3] [encode] VideoUnmaskSwap_ep332_demo windows=19 took=0.2s (13 ms/窗) 累计 items=209 windows=6787 elapsed=91s
[gpu5] [encode] VideoUnmaskSwap_ep333_demo windows=19 took=0.2s (13 ms/窗) 累计 items=209 windows=6835 elapsed=91s
[gpu6] [encode] VideoUnmaskSwap_ep335_demo windows=19 took=0.2s (13 ms/窗) 累计 items=215 windows=6996 elapsed=91s
[gpu1] [encode] VideoUnmaskSwap_ep337_demo windows=19 took=0.2s (13 ms/窗) 累计 items=213 windows=6930 elapsed=91s
[gpu7] [encode] VideoUnmaskSwap_ep340_demo windows=19 took=0.2s (13 ms/窗) 累计 items=149 windows=4662 elapsed=91s
[gpu2] [encode] VideoUnmaskSwap_ep338_demo windows=19 took=0.3s (14 ms/窗) 累计 items=199 windows=6494 elapsed=91s
[gpu0] [encode] VideoUnmaskSwap_ep344_demo windows=19 took=0.3s (13 ms/窗) 累计 items=207 windows=6752 elapsed=92s
[gpu3] [encode] VideoUnmaskSwap_ep346_demo windows=19 took=0.3s (13 ms/窗) 累计 items=210 windows=6806 elapsed=91s
[gpu4] [encode] VideoUnmaskSwap_ep341_demo windows=19 took=0.3s (16 ms/窗) 累计 items=213 windows=6924 elapsed=91s
[gpu5] [encode] VideoUnmaskSwap_ep349_demo windows=19 took=0.2s (13 ms/窗) 累计 items=210 windows=6854 elapsed=92s
[gpu6] [encode] VideoUnmaskSwap_ep351_demo windows=19 took=0.2s (13 ms/窗) 累计 items=216 windows=7015 elapsed=91s
[gpu1] [encode] VideoUnmaskSwap_ep353_demo windows=19 took=0.2s (13 ms/窗) 累计 items=214 windows=6949 elapsed=91s
[gpu7] [encode] VideoUnmaskSwap_ep354_demo windows=19 took=0.2s (13 ms/窗) 累计 items=150 windows=4681 elapsed=91s
[gpu2] [encode] VideoUnmaskSwap_ep355_demo windows=19 took=0.3s (13 ms/窗) 累计 items=200 windows=6513 elapsed=91s
[gpu0] [encode] VideoUnmaskSwap_ep358_demo windows=19 took=0.3s (13 ms/窗) 累计 items=208 windows=6771 elapsed=92s
[gpu3] [encode] VideoUnmaskSwap_ep359_demo windows=19 took=0.3s (13 ms/窗) 累计 items=211 windows=6825 elapsed=91s
[gpu5] [encode] VideoUnmaskSwap_ep363_demo windows=19 took=0.2s (13 ms/窗) 累计 items=211 windows=6873 elapsed=92s
[gpu6] [encode] VideoUnmaskSwap_ep364_demo windows=19 took=0.2s (13 ms/窗) 累计 items=217 windows=7034 elapsed=91s
[gpu4] [encode] VideoUnmaskSwap_ep360_demo windows=19 took=0.3s (16 ms/窗) 累计 items=214 windows=6943 elapsed=92s
[gpu1] [encode] VideoUnmaskSwap_ep368_demo windows=19 took=0.2s (13 ms/窗) 累计 items=215 windows=6968 elapsed=91s
[gpu7] [encode] VideoUnmaskSwap_ep370_demo windows=19 took=0.2s (13 ms/窗) 累计 items=151 windows=4700 elapsed=91s
[gpu2] [encode] VideoUnmaskSwap_ep375_demo windows=19 took=0.3s (13 ms/窗) 累计 items=201 windows=6532 elapsed=92s
[gpu0] [encode] VideoUnmaskSwap_ep376_demo windows=19 took=0.3s (13 ms/窗) 累计 items=209 windows=6790 elapsed=92s
[gpu3] [encode] VideoUnmaskSwap_ep377_demo windows=19 took=0.3s (13 ms/窗) 累计 items=212 windows=6844 elapsed=92s
[gpu5] [encode] VideoUnmaskSwap_ep379_demo windows=19 took=0.2s (13 ms/窗) 累计 items=212 windows=6892 elapsed=92s
[gpu6] [encode] VideoUnmaskSwap_ep383_demo windows=19 took=0.2s (13 ms/窗) 累计 items=218 windows=7053 elapsed=92s
[gpu1] [encode] VideoUnmaskSwap_ep384_demo windows=19 took=0.2s (13 ms/窗) 累计 items=216 windows=6987 elapsed=92s
[gpu7] [encode] VideoUnmaskSwap_ep385_demo windows=19 took=0.2s (13 ms/窗) 累计 items=152 windows=4719 elapsed=91s
[gpu2] [encode] VideoUnmaskSwap_ep386_demo windows=19 took=0.3s (13 ms/窗) 累计 items=202 windows=6551 elapsed=92s
[gpu3] [encode] VideoUnmaskSwap_ep392_demo windows=19 took=0.3s (13 ms/窗) 累计 items=213 windows=6863 elapsed=92s
[gpu0] [encode] VideoUnmaskSwap_ep391_demo windows=19 took=0.3s (13 ms/窗) 累计 items=210 windows=6809 elapsed=92s
[gpu4] [encode] VideoUnmaskSwap_ep388_demo windows=19 took=0.3s (16 ms/窗) 累计 items=215 windows=6962 elapsed=92s
[gpu5] [encode] VideoUnmaskSwap_ep394_demo windows=19 took=0.2s (13 ms/窗) 累计 items=213 windows=6911 elapsed=92s
[gpu6] [encode] VideoUnmaskSwap_ep396_demo windows=19 took=0.2s (13 ms/窗) 累计 items=219 windows=7072 elapsed=92s
[gpu1] [encode] VideoUnmaskSwap_ep399_demo windows=19 took=0.2s (13 ms/窗) 累计 items=217 windows=7006 elapsed=92s
[gpu7] [encode] VideoUnmaskSwap_ep3_exec windows=19 took=0.2s (13 ms/窗) 累计 items=153 windows=4738 elapsed=92s
[gpu2] [encode] BinFill_ep101_exec windows=18 took=0.2s (13 ms/窗) 累计 items=203 windows=6569 elapsed=92s
[gpu3] [encode] BinFill_ep10_demo windows=18 took=0.2s (13 ms/窗) 累计 items=214 windows=6881 elapsed=92s
[gpu0] [encode] BinFill_ep113_exec windows=18 took=0.2s (13 ms/窗) 累计 items=211 windows=6827 elapsed=93s
[gpu5] [encode] BinFill_ep11_demo windows=18 took=0.2s (13 ms/窗) 累计 items=214 windows=6929 elapsed=93s
[gpu6] [encode] BinFill_ep121_exec windows=18 took=0.2s (13 ms/窗) 累计 items=220 windows=7090 elapsed=92s
[gpu1] [encode] BinFill_ep123_demo windows=18 took=0.2s (13 ms/窗) 累计 items=218 windows=7024 elapsed=92s
[gpu7] [encode] BinFill_ep124_demo windows=18 took=0.2s (13 ms/窗) 累计 items=154 windows=4756 elapsed=92s
[gpu2] [encode] BinFill_ep20_demo windows=18 took=0.2s (13 ms/窗) 累计 items=204 windows=6587 elapsed=92s
[gpu3] [encode] BinFill_ep3_exec windows=18 took=0.2s (13 ms/窗) 累计 items=215 windows=6899 elapsed=92s
[gpu0] [encode] BinFill_ep41_exec windows=18 took=0.2s (13 ms/窗) 累计 items=212 windows=6845 elapsed=93s
[gpu4] [encode] BinFill_ep31_exec windows=18 took=0.3s (16 ms/窗) 累计 items=216 windows=6980 elapsed=92s
[gpu5] [encode] BinFill_ep44_demo windows=18 took=0.2s (13 ms/窗) 累计 items=215 windows=6947 elapsed=93s
[gpu6] [encode] BinFill_ep50_demo windows=18 took=0.2s (13 ms/窗) 累计 items=221 windows=7108 elapsed=92s
[gpu1] [encode] BinFill_ep53_exec windows=18 took=0.2s (13 ms/窗) 累计 items=219 windows=7042 elapsed=92s
[gpu7] [encode] BinFill_ep57_demo windows=18 took=0.2s (13 ms/窗) 累计 items=155 windows=4774 elapsed=92s
[gpu2] [encode] BinFill_ep58_exec windows=18 took=0.2s (13 ms/窗) 累计 items=205 windows=6605 elapsed=93s
[gpu3] [encode] BinFill_ep71_demo windows=18 took=0.2s (13 ms/窗) 累计 items=216 windows=6917 elapsed=93s
[gpu0] [encode] BinFill_ep78_demo windows=18 took=0.2s (13 ms/窗) 累计 items=213 windows=6863 elapsed=93s
[gpu5] [encode] BinFill_ep82_exec windows=18 took=0.2s (13 ms/窗) 累计 items=216 windows=6965 elapsed=93s
[gpu6] [encode] BinFill_ep94_exec windows=18 took=0.2s (13 ms/窗) 累计 items=222 windows=7126 elapsed=93s
[gpu1] [encode] BinFill_ep97_demo windows=18 took=0.2s (13 ms/窗) 累计 items=220 windows=7060 elapsed=93s
[gpu7] [encode] BinFill_ep99_exec windows=18 took=0.2s (13 ms/窗) 累计 items=156 windows=4792 elapsed=92s
[gpu2] [encode] RouteStick_ep202_demo windows=18 took=0.2s (14 ms/窗) 累计 items=206 windows=6623 elapsed=93s
[gpu3] [encode] RouteStick_ep208_demo windows=18 took=0.2s (13 ms/窗) 累计 items=217 windows=6935 elapsed=93s
[gpu4] [encode] RouteStick_ep201_demo windows=18 took=0.3s (16 ms/窗) 累计 items=217 windows=6998 elapsed=93s
[gpu0] [encode] RouteStick_ep216_demo windows=18 took=0.2s (13 ms/窗) 累计 items=214 windows=6881 elapsed=93s
[gpu5] [encode] RouteStick_ep219_demo windows=18 took=0.2s (13 ms/窗) 累计 items=217 windows=6983 elapsed=93s
[gpu6] [encode] RouteStick_ep223_demo windows=18 took=0.2s (13 ms/窗) 累计 items=223 windows=7144 elapsed=93s
[gpu1] [encode] RouteStick_ep227_demo windows=18 took=0.2s (13 ms/窗) 累计 items=221 windows=7078 elapsed=93s
[gpu7] [encode] RouteStick_ep229_demo windows=18 took=0.2s (13 ms/窗) 累计 items=157 windows=4810 elapsed=93s
[gpu2] [encode] RouteStick_ep236_demo windows=18 took=0.2s (14 ms/窗) 累计 items=207 windows=6641 elapsed=93s
[gpu3] [encode] RouteStick_ep239_demo windows=18 took=0.2s (13 ms/窗) 累计 items=218 windows=6953 elapsed=93s
[gpu0] [encode] RouteStick_ep244_demo windows=18 took=0.2s (13 ms/窗) 累计 items=215 windows=6899 elapsed=94s
[gpu6] [encode] RouteStick_ep249_demo windows=18 took=0.2s (13 ms/窗) 累计 items=224 windows=7162 elapsed=93s
[gpu5] [encode] RouteStick_ep247_demo windows=18 took=0.2s (13 ms/窗) 累计 items=218 windows=7001 elapsed=93s
[gpu1] [encode] RouteStick_ep251_demo windows=18 took=0.2s (13 ms/窗) 累计 items=222 windows=7096 elapsed=93s
[gpu7] [encode] RouteStick_ep258_demo windows=18 took=0.2s (13 ms/窗) 累计 items=158 windows=4828 elapsed=93s
[gpu4] [encode] RouteStick_ep264_demo windows=18 took=0.3s (16 ms/窗) 累计 items=218 windows=7016 elapsed=93s
[gpu2] [encode] RouteStick_ep265_demo windows=18 took=0.2s (13 ms/窗) 累计 items=208 windows=6659 elapsed=93s
[gpu3] [encode] RouteStick_ep272_demo windows=18 took=0.2s (13 ms/窗) 累计 items=219 windows=6971 elapsed=93s
[gpu6] [encode] RouteStick_ep279_demo windows=18 took=0.2s (13 ms/窗) 累计 items=225 windows=7180 elapsed=93s
[gpu0] [encode] RouteStick_ep273_demo windows=18 took=0.2s (13 ms/窗) 累计 items=216 windows=6917 elapsed=94s
[gpu5] [encode] RouteStick_ep282_demo windows=18 took=0.2s (13 ms/窗) 累计 items=219 windows=7019 elapsed=94s
[gpu1] [encode] RouteStick_ep283_demo windows=18 took=0.2s (13 ms/窗) 累计 items=223 windows=7114 elapsed=93s
[gpu7] [encode] RouteStick_ep288_demo windows=18 took=0.2s (13 ms/窗) 累计 items=159 windows=4846 elapsed=93s
[gpu3] [encode] VideoRepick_ep0_demo windows=18 took=0.2s (13 ms/窗) 累计 items=220 windows=6989 elapsed=94s
[gpu2] [encode] RouteStick_ep299_demo windows=18 took=0.2s (13 ms/窗) 累计 items=209 windows=6677 elapsed=94s
[gpu4] [encode] RouteStick_ep292_demo windows=18 took=0.3s (16 ms/窗) 累计 items=219 windows=7034 elapsed=94s
[gpu6] [encode] VideoRepick_ep267_exec windows=18 took=0.2s (13 ms/窗) 累计 items=226 windows=7198 elapsed=94s
[gpu5] [encode] VideoUnmaskSwap_ep2_exec windows=18 took=0.2s (13 ms/窗) 累计 items=220 windows=7037 elapsed=94s
[gpu0] [encode] VideoRepick_ep67_demo windows=18 took=0.2s (13 ms/窗) 累计 items=217 windows=6935 elapsed=94s
[gpu1] [encode] VideoUnmaskSwap_ep301_exec windows=18 took=0.2s (13 ms/窗) 累计 items=224 windows=7132 elapsed=94s
[gpu7] [encode] VideoUnmaskSwap_ep302_exec windows=18 took=0.2s (13 ms/窗) 累计 items=160 windows=4864 elapsed=93s
[gpu3] [encode] BinFill_ep104_demo windows=17 took=0.2s (13 ms/窗) 累计 items=221 windows=7006 elapsed=94s
[gpu2] [encode] BinFill_ep10_exec windows=17 took=0.2s (13 ms/窗) 累计 items=210 windows=6694 elapsed=94s
[gpu6] [encode] BinFill_ep110_demo windows=17 took=0.2s (13 ms/窗) 累计 items=227 windows=7215 elapsed=94s
[gpu5] [encode] BinFill_ep11_exec windows=17 took=0.2s (13 ms/窗) 累计 items=221 windows=7054 elapsed=94s
[gpu1] [encode] BinFill_ep123_exec windows=17 took=0.2s (13 ms/窗) 累计 items=225 windows=7149 elapsed=94s
[gpu7] [encode] BinFill_ep124_exec windows=17 took=0.2s (13 ms/窗) 累计 items=161 windows=4881 elapsed=94s
[gpu0] [encode] BinFill_ep133_demo windows=17 took=0.2s (13 ms/窗) 累计 items=218 windows=6952 elapsed=94s
[gpu3] [encode] BinFill_ep20_exec windows=17 took=0.2s (13 ms/窗) 累计 items=222 windows=7023 elapsed=94s
[gpu4] [encode] BinFill_ep15_demo windows=17 took=0.3s (16 ms/窗) 累计 items=220 windows=7051 elapsed=94s
[gpu2] [encode] BinFill_ep22_demo windows=17 took=0.2s (13 ms/窗) 累计 items=211 windows=6711 elapsed=94s
[gpu6] [encode] BinFill_ep26_demo windows=17 took=0.2s (13 ms/窗) 累计 items=228 windows=7232 elapsed=94s
[gpu5] [encode] BinFill_ep29_demo windows=17 took=0.2s (13 ms/窗) 累计 items=222 windows=7071 elapsed=94s
[gpu1] [encode] BinFill_ep30_demo windows=17 took=0.2s (13 ms/窗) 累计 items=226 windows=7166 elapsed=94s
[gpu7] [encode] BinFill_ep44_exec windows=17 took=0.2s (13 ms/窗) 累计 items=162 windows=4898 elapsed=94s
[gpu0] [encode] BinFill_ep45_demo windows=17 took=0.2s (13 ms/窗) 累计 items=219 windows=6969 elapsed=95s
[gpu3] [encode] BinFill_ep48_demo windows=17 took=0.2s (13 ms/窗) 累计 items=223 windows=7040 elapsed=94s
[gpu2] [encode] BinFill_ep50_exec windows=17 took=0.2s (14 ms/窗) 累计 items=212 windows=6728 elapsed=94s
[gpu6] [encode] BinFill_ep57_exec windows=17 took=0.2s (13 ms/窗) 累计 items=229 windows=7249 elapsed=94s
[gpu5] [encode] BinFill_ep67_demo windows=17 took=0.2s (13 ms/窗) 累计 items=223 windows=7088 elapsed=95s
[gpu1] [encode] BinFill_ep68_demo windows=17 took=0.2s (13 ms/窗) 累计 items=227 windows=7183 elapsed=94s
[gpu7] [encode] BinFill_ep71_exec windows=17 took=0.2s (13 ms/窗) 累计 items=163 windows=4915 elapsed=94s
[gpu0] [encode] BinFill_ep74_demo windows=17 took=0.2s (13 ms/窗) 累计 items=220 windows=6986 elapsed=95s
[gpu3] [encode] BinFill_ep78_exec windows=17 took=0.2s (13 ms/窗) 累计 items=224 windows=7057 elapsed=95s
[gpu4] [encode] BinFill_ep77_demo windows=17 took=0.3s (16 ms/窗) 累计 items=221 windows=7068 elapsed=95s
[gpu6] [encode] BinFill_ep81_demo windows=17 took=0.2s (13 ms/窗) 累计 items=230 windows=7266 elapsed=94s
[gpu2] [encode] BinFill_ep90_demo windows=17 took=0.2s (14 ms/窗) 累计 items=213 windows=6745 elapsed=95s
[gpu5] [encode] BinFill_ep91_demo windows=17 took=0.2s (13 ms/窗) 累计 items=224 windows=7105 elapsed=95s
[gpu1] [encode] BinFill_ep97_exec windows=17 took=0.2s (13 ms/窗) 累计 items=228 windows=7200 elapsed=94s
[gpu7] [encode] RouteStick_ep201_exec windows=17 took=0.2s (13 ms/窗) 累计 items=164 windows=4932 elapsed=94s
[gpu0] [encode] RouteStick_ep202_exec windows=17 took=0.2s (13 ms/窗) 累计 items=221 windows=7003 elapsed=95s
[gpu3] [encode] RouteStick_ep208_exec windows=17 took=0.2s (13 ms/窗) 累计 items=225 windows=7074 elapsed=95s
[gpu6] [encode] RouteStick_ep216_exec windows=17 took=0.2s (13 ms/窗) 累计 items=231 windows=7283 elapsed=95s
[gpu5] [encode] RouteStick_ep227_exec windows=17 took=0.2s (13 ms/窗) 累计 items=225 windows=7122 elapsed=95s
[gpu2] [encode] RouteStick_ep223_exec windows=17 took=0.2s (14 ms/窗) 累计 items=214 windows=6762 elapsed=95s
[gpu1] [encode] RouteStick_ep229_exec windows=17 took=0.2s (13 ms/窗) 累计 items=229 windows=7217 elapsed=95s
[gpu4] [encode] RouteStick_ep219_exec windows=17 took=0.3s (16 ms/窗) 累计 items=222 windows=7085 elapsed=95s
[gpu7] [encode] RouteStick_ep236_exec windows=17 took=0.2s (13 ms/窗) 累计 items=165 windows=4949 elapsed=94s
[gpu0] [encode] RouteStick_ep239_exec windows=17 took=0.2s (13 ms/窗) 累计 items=222 windows=7020 elapsed=95s
[gpu3] [encode] RouteStick_ep244_exec windows=17 took=0.2s (13 ms/窗) 累计 items=226 windows=7091 elapsed=95s
[gpu6] [encode] RouteStick_ep247_exec windows=17 took=0.2s (13 ms/窗) 累计 items=232 windows=7300 elapsed=95s
[gpu5] [encode] RouteStick_ep249_exec windows=17 took=0.2s (13 ms/窗) 累计 items=226 windows=7139 elapsed=95s
[gpu1] [encode] RouteStick_ep258_exec windows=17 took=0.2s (13 ms/窗) 累计 items=230 windows=7234 elapsed=95s
[gpu2] [encode] RouteStick_ep251_exec windows=17 took=0.2s (14 ms/窗) 累计 items=215 windows=6779 elapsed=95s
[gpu7] [encode] RouteStick_ep264_exec windows=17 took=0.2s (13 ms/窗) 累计 items=166 windows=4966 elapsed=95s
[gpu0] [encode] RouteStick_ep265_exec windows=17 took=0.2s (13 ms/窗) 累计 items=223 windows=7037 elapsed=96s
[gpu3] [encode] RouteStick_ep272_exec windows=17 took=0.2s (13 ms/窗) 累计 items=227 windows=7108 elapsed=95s
[gpu6] [encode] RouteStick_ep279_exec windows=17 took=0.2s (13 ms/窗) 累计 items=233 windows=7317 elapsed=95s
[gpu5] [encode] RouteStick_ep282_exec windows=17 took=0.2s (13 ms/窗) 累计 items=227 windows=7156 elapsed=96s
[gpu4] [encode] RouteStick_ep273_exec windows=17 took=0.3s (16 ms/窗) 累计 items=223 windows=7102 elapsed=95s
[gpu1] [encode] RouteStick_ep283_exec windows=17 took=0.2s (13 ms/窗) 累计 items=231 windows=7251 elapsed=95s
[gpu7] [encode] RouteStick_ep288_exec windows=17 took=0.2s (13 ms/窗) 累计 items=167 windows=4983 elapsed=95s
[gpu2] [encode] RouteStick_ep292_exec windows=17 took=0.2s (14 ms/窗) 累计 items=216 windows=6796 elapsed=95s
[gpu0] [encode] RouteStick_ep299_exec windows=17 took=0.2s (13 ms/窗) 累计 items=224 windows=7054 elapsed=96s
[gpu3] [encode] VideoRepick_ep102_demo windows=17 took=0.2s (13 ms/窗) 累计 items=228 windows=7125 elapsed=95s
[gpu6] [encode] VideoRepick_ep103_demo windows=17 took=0.2s (13 ms/窗) 累计 items=234 windows=7334 elapsed=95s
[gpu5] [encode] VideoRepick_ep109_demo windows=17 took=0.2s (13 ms/窗) 累计 items=228 windows=7173 elapsed=96s
[gpu1] [encode] VideoRepick_ep110_demo windows=17 took=0.2s (13 ms/窗) 累计 items=232 windows=7268 elapsed=95s
[gpu7] [encode] VideoRepick_ep111_demo windows=17 took=0.2s (13 ms/窗) 累计 items=168 windows=5000 elapsed=95s
[gpu2] [encode] VideoRepick_ep128_demo windows=17 took=0.2s (13 ms/窗) 累计 items=217 windows=6813 elapsed=96s
[gpu0] [encode] VideoRepick_ep129_demo windows=17 took=0.2s (13 ms/窗) 累计 items=225 windows=7071 elapsed=96s
[gpu3] [encode] VideoRepick_ep205_exec windows=17 took=0.2s (13 ms/窗) 累计 items=229 windows=7142 elapsed=96s
[gpu6] [encode] VideoRepick_ep22_demo windows=17 took=0.2s (13 ms/窗) 累计 items=235 windows=7351 elapsed=96s
[gpu4] [encode] VideoRepick_ep165_exec windows=17 took=0.3s (16 ms/窗) 累计 items=224 windows=7119 elapsed=96s
[gpu5] [encode] VideoRepick_ep29_demo windows=17 took=0.2s (13 ms/窗) 累计 items=229 windows=7190 elapsed=96s
[gpu1] [encode] VideoRepick_ep30_demo windows=17 took=0.2s (13 ms/窗) 累计 items=233 windows=7285 elapsed=96s
[gpu7] [encode] VideoRepick_ep36_demo windows=17 took=0.2s (13 ms/窗) 累计 items=169 windows=5017 elapsed=95s
[gpu2] [encode] VideoRepick_ep46_demo windows=17 took=0.2s (13 ms/窗) 累计 items=218 windows=6830 elapsed=96s
[gpu0] [encode] VideoRepick_ep48_demo windows=17 took=0.2s (13 ms/窗) 累计 items=226 windows=7088 elapsed=96s
[gpu3] [encode] VideoRepick_ep54_demo windows=17 took=0.2s (13 ms/窗) 累计 items=230 windows=7159 elapsed=96s
[gpu6] [encode] VideoRepick_ep63_demo windows=17 took=0.2s (13 ms/窗) 累计 items=236 windows=7368 elapsed=96s
[gpu5] [encode] VideoRepick_ep79_demo windows=17 took=0.2s (13 ms/窗) 累计 items=230 windows=7207 elapsed=96s
[gpu1] [encode] VideoRepick_ep83_demo windows=17 took=0.2s (13 ms/窗) 累计 items=234 windows=7302 elapsed=96s
[gpu7] [encode] VideoRepick_ep87_demo windows=17 took=0.2s (13 ms/窗) 累计 items=170 windows=5034 elapsed=96s
[gpu2] [encode] VideoRepick_ep94_demo windows=17 took=0.2s (13 ms/窗) 累计 items=219 windows=6847 elapsed=96s
[gpu4] [encode] VideoRepick_ep93_demo windows=17 took=0.3s (16 ms/窗) 累计 items=225 windows=7136 elapsed=96s
[gpu0] [encode] VideoUnmaskSwap_ep212_exec windows=17 took=0.2s (14 ms/窗) 累计 items=227 windows=7105 elapsed=96s
[gpu3] [encode] VideoUnmaskSwap_ep287_exec windows=17 took=0.2s (13 ms/窗) 累计 items=231 windows=7176 elapsed=96s
[gpu6] [encode] VideoUnmaskSwap_ep297_exec windows=17 took=0.2s (13 ms/窗) 累计 items=237 windows=7385 elapsed=96s
[gpu5] [encode] VideoUnmaskSwap_ep298_exec windows=17 took=0.2s (13 ms/窗) 累计 items=231 windows=7224 elapsed=96s
[gpu7] [encode] BinFill_ep104_exec windows=16 took=0.2s (13 ms/窗) 累计 items=171 windows=5050 elapsed=96s
[gpu1] [encode] VideoUnmaskSwap_ep327_exec windows=17 took=0.2s (13 ms/窗) 累计 items=235 windows=7319 elapsed=96s
[gpu2] [encode] BinFill_ep110_exec windows=16 took=0.2s (13 ms/窗) 累计 items=220 windows=6863 elapsed=96s
[gpu0] [encode] BinFill_ep120_demo windows=16 took=0.2s (13 ms/窗) 累计 items=228 windows=7121 elapsed=97s
[gpu3] [encode] BinFill_ep133_exec windows=16 took=0.2s (13 ms/窗) 累计 items=232 windows=7192 elapsed=96s
[gpu6] [encode] BinFill_ep15_exec windows=16 took=0.2s (13 ms/窗) 累计 items=238 windows=7401 elapsed=96s
[gpu5] [encode] BinFill_ep18_demo windows=16 took=0.2s (13 ms/窗) 累计 items=232 windows=7240 elapsed=97s
[gpu7] [encode] BinFill_ep22_exec windows=16 took=0.2s (13 ms/窗) 累计 items=172 windows=5066 elapsed=96s
[gpu1] [encode] BinFill_ep26_exec windows=16 took=0.2s (13 ms/窗) 累计 items=236 windows=7335 elapsed=96s
[gpu2] [encode] BinFill_ep30_exec windows=16 took=0.2s (13 ms/窗) 累计 items=221 windows=6879 elapsed=96s
[gpu4] [encode] BinFill_ep29_exec windows=16 took=0.3s (16 ms/窗) 累计 items=226 windows=7152 elapsed=96s
[gpu0] [encode] BinFill_ep40_demo windows=16 took=0.2s (13 ms/窗) 累计 items=229 windows=7137 elapsed=97s
[gpu3] [encode] BinFill_ep45_exec windows=16 took=0.2s (13 ms/窗) 累计 items=233 windows=7208 elapsed=97s
[gpu6] [encode] BinFill_ep48_exec windows=16 took=0.2s (13 ms/窗) 累计 items=239 windows=7417 elapsed=96s
[gpu5] [encode] BinFill_ep67_exec windows=16 took=0.2s (13 ms/窗) 累计 items=233 windows=7256 elapsed=97s
[gpu7] [encode] BinFill_ep68_exec windows=16 took=0.2s (13 ms/窗) 累计 items=173 windows=5082 elapsed=96s
[gpu1] [encode] BinFill_ep74_exec windows=16 took=0.2s (13 ms/窗) 累计 items=237 windows=7351 elapsed=96s
[gpu2] [encode] BinFill_ep77_exec windows=16 took=0.2s (13 ms/窗) 累计 items=222 windows=6895 elapsed=97s
[gpu0] [encode] BinFill_ep81_exec windows=16 took=0.2s (13 ms/窗) 累计 items=230 windows=7153 elapsed=97s
[gpu3] [encode] BinFill_ep90_exec windows=16 took=0.2s (13 ms/窗) 累计 items=234 windows=7224 elapsed=97s
[gpu6] [encode] BinFill_ep91_exec windows=16 took=0.2s (13 ms/窗) 累计 items=240 windows=7433 elapsed=97s
[gpu5] [encode] VideoRepick_ep104_demo windows=16 took=0.2s (13 ms/窗) 累计 items=234 windows=7272 elapsed=97s
[gpu7] [encode] VideoRepick_ep112_demo windows=16 took=0.2s (13 ms/窗) 累计 items=174 windows=5098 elapsed=96s
[gpu4] [encode] VideoRepick_ep103_exec windows=16 took=0.3s (16 ms/窗) 累计 items=227 windows=7168 elapsed=97s
[gpu1] [encode] VideoRepick_ep114_demo windows=16 took=0.2s (13 ms/窗) 累计 items=238 windows=7367 elapsed=97s
[gpu2] [encode] VideoRepick_ep117_demo windows=16 took=0.2s (13 ms/窗) 累计 items=223 windows=6911 elapsed=97s
[gpu0] [encode] VideoRepick_ep118_demo windows=16 took=0.2s (13 ms/窗) 累计 items=231 windows=7169 elapsed=97s
[gpu3] [encode] VideoRepick_ep11_demo windows=16 took=0.2s (13 ms/窗) 累计 items=235 windows=7240 elapsed=97s
[gpu6] [encode] VideoRepick_ep122_demo windows=16 took=0.2s (13 ms/窗) 累计 items=241 windows=7449 elapsed=97s
[gpu5] [encode] VideoRepick_ep122_exec windows=16 took=0.2s (13 ms/窗) 累计 items=235 windows=7288 elapsed=97s
[gpu7] [encode] VideoRepick_ep125_demo windows=16 took=0.2s (13 ms/窗) 累计 items=175 windows=5114 elapsed=97s
[gpu1] [encode] VideoRepick_ep127_demo windows=16 took=0.2s (13 ms/窗) 累计 items=239 windows=7383 elapsed=97s
[gpu2] [encode] VideoRepick_ep12_demo windows=16 took=0.2s (13 ms/窗) 累计 items=224 windows=6927 elapsed=97s
[gpu3] [encode] VideoRepick_ep133_demo windows=16 took=0.2s (13 ms/窗) 累计 items=236 windows=7256 elapsed=97s
[gpu0] [encode] VideoRepick_ep130_demo windows=16 took=0.2s (13 ms/窗) 累计 items=232 windows=7185 elapsed=98s
[gpu6] [encode] VideoRepick_ep146_exec windows=16 took=0.2s (13 ms/窗) 累计 items=242 windows=7465 elapsed=97s
[gpu4] [encode] VideoRepick_ep127_exec windows=16 took=0.3s (16 ms/窗) 累计 items=228 windows=7184 elapsed=97s
[gpu5] [encode] VideoRepick_ep147_exec windows=16 took=0.2s (13 ms/窗) 累计 items=236 windows=7304 elapsed=98s
[gpu7] [encode] VideoRepick_ep150_exec windows=16 took=0.2s (13 ms/窗) 累计 items=176 windows=5130 elapsed=97s
[gpu1] [encode] VideoRepick_ep155_exec windows=16 took=0.2s (13 ms/窗) 累计 items=240 windows=7399 elapsed=97s
[gpu2] [encode] VideoRepick_ep157_exec windows=16 took=0.2s (13 ms/窗) 累计 items=225 windows=6943 elapsed=97s
[gpu3] [encode] VideoRepick_ep17_demo windows=16 took=0.2s (13 ms/窗) 累计 items=237 windows=7272 elapsed=97s
[gpu6] [encode] VideoRepick_ep198_exec windows=16 took=0.2s (13 ms/窗) 累计 items=243 windows=7481 elapsed=97s
[gpu0] [encode] VideoRepick_ep200_exec windows=16 took=0.2s (13 ms/窗) 累计 items=233 windows=7201 elapsed=98s
[gpu5] [encode] VideoRepick_ep214_exec windows=16 took=0.2s (13 ms/窗) 累计 items=237 windows=7320 elapsed=98s
[gpu7] [encode] VideoRepick_ep225_exec windows=16 took=0.2s (13 ms/窗) 累计 items=177 windows=5146 elapsed=97s
[gpu1] [encode] VideoRepick_ep229_exec windows=16 took=0.2s (13 ms/窗) 累计 items=241 windows=7415 elapsed=97s
[gpu2] [encode] VideoRepick_ep249_exec windows=16 took=0.2s (13 ms/窗) 累计 items=226 windows=6959 elapsed=98s
[gpu4] [encode] VideoRepick_ep237_exec windows=16 took=0.3s (16 ms/窗) 累计 items=229 windows=7200 elapsed=98s
[gpu3] [encode] VideoRepick_ep24_exec windows=16 took=0.2s (13 ms/窗) 累计 items=238 windows=7288 elapsed=98s
[gpu6] [encode] VideoRepick_ep25_demo windows=16 took=0.2s (13 ms/窗) 累计 items=244 windows=7497 elapsed=97s
[gpu0] [encode] VideoRepick_ep266_exec windows=16 took=0.2s (13 ms/窗) 累计 items=234 windows=7217 elapsed=98s
[gpu5] [encode] VideoRepick_ep27_demo windows=16 took=0.2s (13 ms/窗) 累计 items=238 windows=7336 elapsed=98s
[gpu7] [encode] VideoRepick_ep281_exec windows=16 took=0.2s (13 ms/窗) 累计 items=178 windows=5162 elapsed=97s
[gpu1] [encode] VideoRepick_ep288_exec windows=16 took=0.2s (13 ms/窗) 累计 items=242 windows=7431 elapsed=97s
[gpu2] [encode] VideoRepick_ep292_exec windows=16 took=0.2s (13 ms/窗) 累计 items=227 windows=6975 elapsed=98s
[gpu6] [encode] VideoRepick_ep314_exec windows=16 took=0.2s (13 ms/窗) 累计 items=245 windows=7513 elapsed=98s
[gpu3] [encode] VideoRepick_ep2_demo windows=16 took=0.2s (13 ms/窗) 累计 items=239 windows=7304 elapsed=98s
[gpu0] [encode] VideoRepick_ep34_demo windows=16 took=0.2s (13 ms/窗) 累计 items=235 windows=7233 elapsed=98s
[gpu5] [encode] VideoRepick_ep35_demo windows=16 took=0.2s (13 ms/窗) 累计 items=239 windows=7352 elapsed=98s
[gpu7] [encode] VideoRepick_ep379_exec windows=16 took=0.2s (13 ms/窗) 累计 items=179 windows=5178 elapsed=97s
[gpu1] [encode] VideoRepick_ep386_exec windows=16 took=0.2s (13 ms/窗) 累计 items=243 windows=7447 elapsed=98s
[gpu2] [encode] VideoRepick_ep43_demo windows=16 took=0.2s (13 ms/窗) 累计 items=228 windows=6991 elapsed=98s
[gpu4] [encode] VideoRepick_ep38_demo windows=16 took=0.3s (16 ms/窗) 累计 items=230 windows=7216 elapsed=98s
[gpu6] [encode] VideoRepick_ep45_demo windows=16 took=0.2s (13 ms/窗) 累计 items=246 windows=7529 elapsed=98s
[gpu3] [encode] VideoRepick_ep45_exec windows=16 took=0.2s (13 ms/窗) 累计 items=240 windows=7320 elapsed=98s
[gpu0] [encode] VideoRepick_ep51_demo windows=16 took=0.2s (13 ms/窗) 累计 items=236 windows=7249 elapsed=98s
[gpu5] [encode] VideoRepick_ep53_demo windows=16 took=0.2s (13 ms/窗) 累计 items=240 windows=7368 elapsed=98s
[gpu7] [encode] VideoRepick_ep53_exec windows=16 took=0.2s (13 ms/窗) 累计 items=180 windows=5194 elapsed=98s
[gpu1] [encode] VideoRepick_ep56_demo windows=16 took=0.2s (13 ms/窗) 累计 items=244 windows=7463 elapsed=98s
[gpu2] [encode] VideoRepick_ep57_exec windows=16 took=0.2s (13 ms/窗) 累计 items=229 windows=7007 elapsed=98s
[gpu6] [encode] VideoRepick_ep5_demo windows=16 took=0.2s (13 ms/窗) 累计 items=247 windows=7545 elapsed=98s
[gpu3] [encode] VideoRepick_ep60_exec windows=16 took=0.2s (13 ms/窗) 累计 items=241 windows=7336 elapsed=98s
[gpu0] [encode] VideoRepick_ep64_demo windows=16 took=0.2s (13 ms/窗) 累计 items=237 windows=7265 elapsed=99s
[gpu5] [encode] VideoRepick_ep65_demo windows=16 took=0.2s (13 ms/窗) 累计 items=241 windows=7384 elapsed=99s
[gpu7] [encode] VideoRepick_ep66_demo windows=16 took=0.2s (13 ms/窗) 累计 items=181 windows=5210 elapsed=98s
[gpu4] [encode] VideoRepick_ep62_demo windows=16 took=0.3s (16 ms/窗) 累计 items=231 windows=7232 elapsed=98s
[gpu1] [encode] VideoRepick_ep68_demo windows=16 took=0.2s (13 ms/窗) 累计 items=245 windows=7479 elapsed=98s
[gpu6] [encode] VideoRepick_ep70_demo windows=16 took=0.2s (13 ms/窗) 累计 items=248 windows=7561 elapsed=98s
[gpu2] [encode] VideoRepick_ep70_exec windows=16 took=0.2s (13 ms/窗) 累计 items=230 windows=7023 elapsed=98s
[gpu3] [encode] VideoRepick_ep72_demo windows=16 took=0.2s (13 ms/窗) 累计 items=242 windows=7352 elapsed=98s
[gpu0] [encode] VideoRepick_ep74_demo windows=16 took=0.2s (13 ms/窗) 累计 items=238 windows=7281 elapsed=99s
[gpu5] [encode] VideoRepick_ep77_demo windows=16 took=0.2s (13 ms/窗) 累计 items=242 windows=7400 elapsed=99s
[gpu7] [encode] VideoRepick_ep7_demo windows=16 took=0.2s (13 ms/窗) 累计 items=182 windows=5226 elapsed=98s
[gpu1] [encode] VideoRepick_ep82_demo windows=16 took=0.2s (13 ms/窗) 累计 items=246 windows=7495 elapsed=98s
[gpu4] [encode] VideoRepick_ep84_demo windows=16 took=0.2s (13 ms/窗) 累计 items=232 windows=7248 elapsed=99s
[gpu6] [encode] VideoRepick_ep88_exec windows=16 took=0.2s (13 ms/窗) 累计 items=249 windows=7577 elapsed=99s
[gpu2] [encode] VideoRepick_ep8_demo windows=16 took=0.2s (13 ms/窗) 累计 items=231 windows=7039 elapsed=99s
[gpu3] [encode] VideoRepick_ep97_demo windows=16 took=0.2s (13 ms/窗) 累计 items=243 windows=7368 elapsed=99s
[gpu5] [encode] VideoUnmaskSwap_ep207_exec windows=16 took=0.2s (13 ms/窗) 累计 items=243 windows=7416 elapsed=99s
[gpu0] [encode] VideoRepick_ep99_exec windows=16 took=0.2s (13 ms/窗) 累计 items=239 windows=7297 elapsed=99s
[gpu7] [encode] VideoUnmaskSwap_ep216_exec windows=16 took=0.2s (13 ms/窗) 累计 items=183 windows=5242 elapsed=98s
[gpu1] [encode] VideoUnmaskSwap_ep221_exec windows=16 took=0.2s (13 ms/窗) 累计 items=247 windows=7511 elapsed=99s
[gpu4] [encode] VideoUnmaskSwap_ep230_exec windows=16 took=0.2s (13 ms/窗) 累计 items=233 windows=7264 elapsed=99s
[gpu6] [encode] VideoUnmaskSwap_ep276_exec windows=16 took=0.2s (13 ms/窗) 累计 items=250 windows=7593 elapsed=99s
[gpu2] [encode] VideoUnmaskSwap_ep277_exec windows=16 took=0.2s (13 ms/窗) 累计 items=232 windows=7055 elapsed=99s
[gpu3] [encode] VideoUnmaskSwap_ep278_exec windows=16 took=0.2s (13 ms/窗) 累计 items=244 windows=7384 elapsed=99s
[gpu5] [encode] VideoUnmaskSwap_ep280_exec windows=16 took=0.2s (13 ms/窗) 累计 items=244 windows=7432 elapsed=99s
[gpu7] [encode] VideoUnmaskSwap_ep288_exec windows=16 took=0.2s (13 ms/窗) 累计 items=184 windows=5258 elapsed=99s
[gpu0] [encode] VideoUnmaskSwap_ep301_demo windows=16 took=0.2s (13 ms/窗) 累计 items=240 windows=7313 elapsed=99s
[gpu1] [encode] VideoUnmaskSwap_ep302_demo windows=16 took=0.2s (13 ms/窗) 累计 items=248 windows=7527 elapsed=99s
[gpu4] [encode] VideoUnmaskSwap_ep306_demo windows=16 took=0.2s (13 ms/窗) 累计 items=234 windows=7280 elapsed=99s
[gpu6] [encode] VideoUnmaskSwap_ep307_demo windows=16 took=0.2s (13 ms/窗) 累计 items=251 windows=7609 elapsed=99s
[gpu3] [encode] VideoUnmaskSwap_ep310_demo windows=16 took=0.2s (13 ms/窗) 累计 items=245 windows=7400 elapsed=99s
[gpu2] [encode] VideoUnmaskSwap_ep309_demo windows=16 took=0.2s (13 ms/窗) 累计 items=233 windows=7071 elapsed=99s
[gpu5] [encode] VideoUnmaskSwap_ep312_demo windows=16 took=0.2s (13 ms/窗) 累计 items=245 windows=7448 elapsed=99s
[gpu7] [encode] VideoUnmaskSwap_ep313_demo windows=16 took=0.2s (13 ms/窗) 累计 items=185 windows=5274 elapsed=99s
[gpu0] [encode] VideoUnmaskSwap_ep313_exec windows=16 took=0.2s (13 ms/窗) 累计 items=241 windows=7329 elapsed=100s
[gpu1] [encode] VideoUnmaskSwap_ep317_demo windows=16 took=0.2s (13 ms/窗) 累计 items=249 windows=7543 elapsed=99s
[gpu4] [encode] VideoUnmaskSwap_ep319_demo windows=16 took=0.2s (13 ms/窗) 累计 items=235 windows=7296 elapsed=99s
[gpu6] [encode] VideoUnmaskSwap_ep320_demo windows=16 took=0.2s (13 ms/窗) 累计 items=252 windows=7625 elapsed=99s
[gpu3] [encode] VideoUnmaskSwap_ep321_demo windows=16 took=0.2s (13 ms/窗) 累计 items=246 windows=7416 elapsed=99s
[gpu2] [encode] VideoUnmaskSwap_ep322_demo windows=16 took=0.2s (13 ms/窗) 累计 items=234 windows=7087 elapsed=99s
[gpu5] [encode] VideoUnmaskSwap_ep323_demo windows=16 took=0.2s (13 ms/窗) 累计 items=246 windows=7464 elapsed=100s
[gpu7] [encode] VideoUnmaskSwap_ep323_exec windows=16 took=0.2s (13 ms/窗) 累计 items=186 windows=5290 elapsed=99s
[gpu0] [encode] VideoUnmaskSwap_ep328_demo windows=16 took=0.2s (13 ms/窗) 累计 items=242 windows=7345 elapsed=100s
[gpu1] [encode] VideoUnmaskSwap_ep329_demo windows=16 took=0.2s (13 ms/窗) 累计 items=250 windows=7559 elapsed=99s
[gpu4] [encode] VideoUnmaskSwap_ep32_exec windows=16 took=0.2s (13 ms/窗) 累计 items=236 windows=7312 elapsed=99s
[gpu6] [encode] VideoUnmaskSwap_ep330_demo windows=16 took=0.2s (13 ms/窗) 累计 items=253 windows=7641 elapsed=99s
[gpu3] [encode] VideoUnmaskSwap_ep334_demo windows=16 took=0.2s (13 ms/窗) 累计 items=247 windows=7432 elapsed=100s
[gpu5] [encode] VideoUnmaskSwap_ep339_demo windows=16 took=0.2s (13 ms/窗) 累计 items=247 windows=7480 elapsed=100s
[gpu2] [encode] VideoUnmaskSwap_ep336_demo windows=16 took=0.2s (13 ms/窗) 累计 items=235 windows=7103 elapsed=100s
[gpu7] [encode] VideoUnmaskSwap_ep342_demo windows=16 took=0.2s (13 ms/窗) 累计 items=187 windows=5306 elapsed=99s
[gpu1] [encode] VideoUnmaskSwap_ep342_exec windows=16 took=0.2s (13 ms/窗) 累计 items=251 windows=7575 elapsed=99s
[gpu0] [encode] VideoUnmaskSwap_ep343_demo windows=16 took=0.2s (13 ms/窗) 累计 items=243 windows=7361 elapsed=100s
[gpu4] [encode] VideoUnmaskSwap_ep345_demo windows=16 took=0.2s (13 ms/窗) 累计 items=237 windows=7328 elapsed=100s
[gpu6] [encode] VideoUnmaskSwap_ep347_demo windows=16 took=0.2s (13 ms/窗) 累计 items=254 windows=7657 elapsed=100s
[gpu3] [encode] VideoUnmaskSwap_ep347_exec windows=16 took=0.2s (13 ms/窗) 累计 items=248 windows=7448 elapsed=100s
[gpu5] [encode] VideoUnmaskSwap_ep348_demo windows=16 took=0.2s (13 ms/窗) 累计 items=248 windows=7496 elapsed=100s
[gpu7] [encode] VideoUnmaskSwap_ep350_demo windows=16 took=0.2s (13 ms/窗) 累计 items=188 windows=5322 elapsed=99s
[gpu2] [encode] VideoUnmaskSwap_ep352_demo windows=16 took=0.2s (13 ms/窗) 累计 items=236 windows=7119 elapsed=100s
[gpu1] [encode] VideoUnmaskSwap_ep353_exec windows=16 took=0.2s (13 ms/窗) 累计 items=252 windows=7591 elapsed=100s
[gpu0] [encode] VideoUnmaskSwap_ep356_demo windows=16 took=0.2s (13 ms/窗) 累计 items=244 windows=7377 elapsed=100s
[gpu4] [encode] VideoUnmaskSwap_ep357_demo windows=16 took=0.2s (13 ms/窗) 累计 items=238 windows=7344 elapsed=100s
[gpu6] [encode] VideoUnmaskSwap_ep361_demo windows=16 took=0.2s (13 ms/窗) 累计 items=255 windows=7673 elapsed=100s
[gpu3] [encode] VideoUnmaskSwap_ep362_demo windows=16 took=0.2s (13 ms/窗) 累计 items=249 windows=7464 elapsed=100s
[gpu5] [encode] VideoUnmaskSwap_ep365_demo windows=16 took=0.2s (13 ms/窗) 累计 items=249 windows=7512 elapsed=100s
[gpu7] [encode] VideoUnmaskSwap_ep366_demo windows=16 took=0.2s (13 ms/窗) 累计 items=189 windows=5338 elapsed=100s
[gpu2] [encode] VideoUnmaskSwap_ep367_demo windows=16 took=0.2s (13 ms/窗) 累计 items=237 windows=7135 elapsed=100s
[gpu1] [encode] VideoUnmaskSwap_ep368_exec windows=16 took=0.2s (13 ms/窗) 累计 items=253 windows=7607 elapsed=100s
[gpu0] [encode] VideoUnmaskSwap_ep369_demo windows=16 took=0.2s (13 ms/窗) 累计 items=245 windows=7393 elapsed=100s
[gpu4] [encode] VideoUnmaskSwap_ep371_demo windows=16 took=0.2s (13 ms/窗) 累计 items=239 windows=7360 elapsed=100s
[gpu6] [encode] VideoUnmaskSwap_ep372_demo windows=16 took=0.2s (13 ms/窗) 累计 items=256 windows=7689 elapsed=100s
[gpu3] [encode] VideoUnmaskSwap_ep373_demo windows=16 took=0.2s (13 ms/窗) 累计 items=250 windows=7480 elapsed=100s
[gpu5] [encode] VideoUnmaskSwap_ep374_demo windows=16 took=0.2s (13 ms/窗) 累计 items=250 windows=7528 elapsed=100s
[gpu7] [encode] VideoUnmaskSwap_ep375_exec windows=16 took=0.2s (13 ms/窗) 累计 items=190 windows=5354 elapsed=100s
[gpu2] [encode] VideoUnmaskSwap_ep378_demo windows=16 took=0.2s (13 ms/窗) 累计 items=238 windows=7151 elapsed=100s
[gpu1] [encode] VideoUnmaskSwap_ep380_demo windows=16 took=0.2s (13 ms/窗) 累计 items=254 windows=7623 elapsed=100s
[gpu0] [encode] VideoUnmaskSwap_ep380_exec windows=16 took=0.2s (13 ms/窗) 累计 items=246 windows=7409 elapsed=101s
[gpu4] [encode] VideoUnmaskSwap_ep381_demo windows=16 took=0.2s (13 ms/窗) 累计 items=240 windows=7376 elapsed=100s
[gpu6] [encode] VideoUnmaskSwap_ep382_demo windows=16 took=0.2s (13 ms/窗) 累计 items=257 windows=7705 elapsed=100s
[gpu3] [encode] VideoUnmaskSwap_ep384_exec windows=16 took=0.2s (13 ms/窗) 累计 items=251 windows=7496 elapsed=100s
[gpu5] [encode] VideoUnmaskSwap_ep387_demo windows=16 took=0.2s (13 ms/窗) 累计 items=251 windows=7544 elapsed=101s
[gpu7] [encode] VideoUnmaskSwap_ep389_demo windows=16 took=0.2s (13 ms/窗) 累计 items=191 windows=5370 elapsed=100s
[gpu1] [encode] VideoUnmaskSwap_ep391_exec windows=16 took=0.2s (13 ms/窗) 累计 items=255 windows=7639 elapsed=100s
[gpu2] [encode] VideoUnmaskSwap_ep390_demo windows=16 took=0.2s (13 ms/窗) 累计 items=239 windows=7167 elapsed=100s
[gpu0] [encode] VideoUnmaskSwap_ep393_demo windows=16 took=0.2s (13 ms/窗) 累计 items=247 windows=7425 elapsed=101s
[gpu6] [encode] VideoUnmaskSwap_ep395_demo windows=16 took=0.2s (13 ms/窗) 累计 items=258 windows=7721 elapsed=100s
[gpu4] [encode] VideoUnmaskSwap_ep394_exec windows=16 took=0.2s (13 ms/窗) 累计 items=241 windows=7392 elapsed=100s
[gpu3] [encode] VideoUnmaskSwap_ep397_demo windows=16 took=0.2s (13 ms/窗) 累计 items=252 windows=7512 elapsed=101s
[gpu5] [encode] VideoUnmaskSwap_ep398_demo windows=16 took=0.2s (13 ms/窗) 累计 items=252 windows=7560 elapsed=101s
[gpu7] [encode] VideoUnmaskSwap_ep399_exec windows=16 took=0.2s (13 ms/窗) 累计 items=192 windows=5386 elapsed=100s
[gpu1] [encode] VideoUnmaskSwap_ep52_exec windows=16 took=0.2s (13 ms/窗) 累计 items=256 windows=7655 elapsed=100s
[gpu2] [encode] VideoUnmaskSwap_ep55_exec windows=16 took=0.2s (13 ms/窗) 累计 items=240 windows=7183 elapsed=101s
[gpu0] [encode] VideoUnmaskSwap_ep64_exec windows=16 took=0.2s (13 ms/窗) 累计 items=248 windows=7441 elapsed=101s
[gpu6] [encode] VideoUnmaskSwap_ep76_exec windows=16 took=0.2s (13 ms/窗) 累计 items=259 windows=7737 elapsed=101s
[gpu4] [encode] VideoUnmaskSwap_ep82_exec windows=16 took=0.2s (13 ms/窗) 累计 items=242 windows=7408 elapsed=101s
[gpu3] [encode] VideoUnmaskSwap_ep84_exec windows=16 took=0.2s (13 ms/窗) 累计 items=253 windows=7528 elapsed=101s
[gpu5] [encode] BinFill_ep120_exec windows=15 took=0.2s (13 ms/窗) 累计 items=253 windows=7575 elapsed=101s
[gpu7] [encode] BinFill_ep18_exec windows=15 took=0.2s (13 ms/窗) 累计 items=193 windows=5401 elapsed=100s
[gpu1] [encode] BinFill_ep40_exec windows=15 took=0.2s (13 ms/窗) 累计 items=257 windows=7670 elapsed=101s
[gpu2] [encode] RouteStick_ep100_demo windows=15 took=0.2s (13 ms/窗) 累计 items=241 windows=7198 elapsed=101s
[gpu0] [encode] RouteStick_ep101_demo windows=15 took=0.2s (13 ms/窗) 累计 items=249 windows=7456 elapsed=101s
[gpu6] [encode] RouteStick_ep102_demo windows=15 took=0.2s (13 ms/窗) 累计 items=260 windows=7752 elapsed=101s
[gpu4] [encode] RouteStick_ep106_demo windows=15 took=0.2s (13 ms/窗) 累计 items=243 windows=7423 elapsed=101s
[gpu3] [encode] RouteStick_ep109_demo windows=15 took=0.2s (13 ms/窗) 累计 items=254 windows=7543 elapsed=101s
[gpu5] [encode] RouteStick_ep110_demo windows=15 took=0.2s (13 ms/窗) 累计 items=254 windows=7590 elapsed=101s
[gpu7] [encode] RouteStick_ep111_demo windows=15 took=0.2s (13 ms/窗) 累计 items=194 windows=5416 elapsed=101s
[gpu1] [encode] RouteStick_ep112_demo windows=15 took=0.2s (13 ms/窗) 累计 items=258 windows=7685 elapsed=101s
[gpu2] [encode] RouteStick_ep113_demo windows=15 took=0.2s (13 ms/窗) 累计 items=242 windows=7213 elapsed=101s
[gpu0] [encode] RouteStick_ep118_demo windows=15 took=0.2s (13 ms/窗) 累计 items=250 windows=7471 elapsed=101s
[gpu6] [encode] RouteStick_ep121_demo windows=15 took=0.2s (13 ms/窗) 累计 items=261 windows=7767 elapsed=101s
[gpu4] [encode] RouteStick_ep122_demo windows=15 took=0.2s (13 ms/窗) 累计 items=244 windows=7438 elapsed=101s
[gpu3] [encode] RouteStick_ep124_demo windows=15 took=0.2s (13 ms/窗) 累计 items=255 windows=7558 elapsed=101s
[gpu5] [encode] RouteStick_ep128_demo windows=15 took=0.2s (13 ms/窗) 累计 items=255 windows=7605 elapsed=101s
[gpu1] [encode] RouteStick_ep130_demo windows=15 took=0.2s (13 ms/窗) 累计 items=259 windows=7700 elapsed=101s
[gpu7] [encode] RouteStick_ep129_demo windows=15 took=0.3s (18 ms/窗) 累计 items=195 windows=5431 elapsed=101s
[gpu2] [encode] RouteStick_ep133_demo windows=15 took=0.2s (13 ms/窗) 累计 items=243 windows=7228 elapsed=101s
[gpu0] [encode] RouteStick_ep137_demo windows=15 took=0.2s (13 ms/窗) 累计 items=251 windows=7486 elapsed=102s
[gpu6] [encode] RouteStick_ep138_demo windows=15 took=0.2s (13 ms/窗) 累计 items=262 windows=7782 elapsed=101s
[gpu4] [encode] RouteStick_ep139_demo windows=15 took=0.2s (13 ms/窗) 累计 items=245 windows=7453 elapsed=101s
[gpu3] [encode] RouteStick_ep140_demo windows=15 took=0.2s (13 ms/窗) 累计 items=256 windows=7573 elapsed=101s
[gpu5] [encode] RouteStick_ep142_demo windows=15 took=0.2s (13 ms/窗) 累计 items=256 windows=7620 elapsed=102s
[gpu1] [encode] RouteStick_ep143_demo windows=15 took=0.2s (13 ms/窗) 累计 items=260 windows=7715 elapsed=101s
[gpu2] [encode] RouteStick_ep145_demo windows=15 took=0.2s (13 ms/窗) 累计 items=244 windows=7243 elapsed=101s
[gpu0] [encode] RouteStick_ep147_demo windows=15 took=0.2s (13 ms/窗) 累计 items=252 windows=7501 elapsed=102s
[gpu6] [encode] RouteStick_ep150_demo windows=15 took=0.2s (13 ms/窗) 累计 items=263 windows=7797 elapsed=101s
[gpu4] [encode] RouteStick_ep151_demo windows=15 took=0.2s (13 ms/窗) 累计 items=246 windows=7468 elapsed=101s
[gpu7] [encode] RouteStick_ep152_demo windows=15 took=0.2s (13 ms/窗) 累计 items=196 windows=5446 elapsed=101s
[gpu3] [encode] RouteStick_ep154_demo windows=15 took=0.2s (13 ms/窗) 累计 items=257 windows=7588 elapsed=102s
[gpu5] [encode] RouteStick_ep157_demo windows=15 took=0.2s (13 ms/窗) 累计 items=257 windows=7635 elapsed=102s
[gpu1] [encode] RouteStick_ep163_demo windows=15 took=0.2s (13 ms/窗) 累计 items=261 windows=7730 elapsed=101s
[gpu2] [encode] RouteStick_ep164_demo windows=15 took=0.2s (13 ms/窗) 累计 items=245 windows=7258 elapsed=102s
[gpu0] [encode] RouteStick_ep165_demo windows=15 took=0.2s (13 ms/窗) 累计 items=253 windows=7516 elapsed=102s
[gpu6] [encode] RouteStick_ep167_demo windows=15 took=0.2s (13 ms/窗) 累计 items=264 windows=7812 elapsed=102s
[gpu4] [encode] RouteStick_ep168_demo windows=15 took=0.2s (13 ms/窗) 累计 items=247 windows=7483 elapsed=102s
[gpu7] [encode] RouteStick_ep170_demo windows=15 took=0.2s (13 ms/窗) 累计 items=197 windows=5461 elapsed=101s
[gpu3] [encode] RouteStick_ep172_demo windows=15 took=0.2s (13 ms/窗) 累计 items=258 windows=7603 elapsed=102s
[gpu5] [encode] RouteStick_ep174_demo windows=15 took=0.2s (13 ms/窗) 累计 items=258 windows=7650 elapsed=102s
[gpu1] [encode] RouteStick_ep176_demo windows=15 took=0.2s (13 ms/窗) 累计 items=262 windows=7745 elapsed=102s
[gpu2] [encode] RouteStick_ep179_demo windows=15 took=0.2s (13 ms/窗) 累计 items=246 windows=7273 elapsed=102s
[gpu6] [encode] RouteStick_ep186_demo windows=15 took=0.2s (13 ms/窗) 累计 items=265 windows=7827 elapsed=102s
[gpu0] [encode] RouteStick_ep182_demo windows=15 took=0.2s (13 ms/窗) 累计 items=254 windows=7531 elapsed=102s
[gpu4] [encode] RouteStick_ep187_demo windows=15 took=0.2s (13 ms/窗) 累计 items=248 windows=7498 elapsed=102s
[gpu7] [encode] RouteStick_ep188_demo windows=15 took=0.2s (13 ms/窗) 累计 items=198 windows=5476 elapsed=102s
[gpu3] [encode] RouteStick_ep189_demo windows=15 took=0.2s (13 ms/窗) 累计 items=259 windows=7618 elapsed=102s
[gpu5] [encode] RouteStick_ep191_demo windows=15 took=0.2s (13 ms/窗) 累计 items=259 windows=7665 elapsed=102s
[gpu1] [encode] RouteStick_ep192_demo windows=15 took=0.2s (13 ms/窗) 累计 items=263 windows=7760 elapsed=102s
[gpu6] [encode] RouteStick_ep195_demo windows=15 took=0.2s (13 ms/窗) 累计 items=266 windows=7842 elapsed=102s
[gpu2] [encode] RouteStick_ep194_demo windows=15 took=0.2s (13 ms/窗) 累计 items=247 windows=7288 elapsed=102s
[gpu0] [encode] RouteStick_ep199_demo windows=15 took=0.2s (13 ms/窗) 累计 items=255 windows=7546 elapsed=103s
[gpu4] [encode] RouteStick_ep203_demo windows=15 took=0.2s (13 ms/窗) 累计 items=249 windows=7513 elapsed=102s
[gpu7] [encode] RouteStick_ep204_demo windows=15 took=0.2s (13 ms/窗) 累计 items=199 windows=5491 elapsed=102s
[gpu5] [encode] RouteStick_ep215_demo windows=15 took=0.2s (13 ms/窗) 累计 items=260 windows=7680 elapsed=102s
[gpu3] [encode] RouteStick_ep209_demo windows=15 took=0.2s (13 ms/窗) 累计 items=260 windows=7633 elapsed=102s
[gpu1] [encode] RouteStick_ep217_demo windows=15 took=0.2s (13 ms/窗) 累计 items=264 windows=7775 elapsed=102s
[gpu6] [encode] RouteStick_ep224_demo windows=15 took=0.2s (13 ms/窗) 累计 items=267 windows=7857 elapsed=102s
[gpu2] [encode] RouteStick_ep226_demo windows=15 took=0.2s (13 ms/窗) 累计 items=248 windows=7303 elapsed=102s
[gpu0] [encode] RouteStick_ep230_demo windows=15 took=0.2s (13 ms/窗) 累计 items=256 windows=7561 elapsed=103s
[gpu4] [encode] RouteStick_ep231_demo windows=15 took=0.2s (13 ms/窗) 累计 items=250 windows=7528 elapsed=102s
[gpu7] [encode] RouteStick_ep238_demo windows=15 took=0.2s (13 ms/窗) 累计 items=200 windows=5506 elapsed=102s
[gpu5] [encode] RouteStick_ep241_demo windows=15 took=0.2s (13 ms/窗) 累计 items=261 windows=7695 elapsed=103s
[gpu3] [encode] RouteStick_ep243_demo windows=15 took=0.2s (13 ms/窗) 累计 items=261 windows=7648 elapsed=102s
[gpu1] [encode] RouteStick_ep248_demo windows=15 took=0.2s (13 ms/窗) 累计 items=265 windows=7790 elapsed=102s
[gpu6] [encode] RouteStick_ep257_demo windows=15 took=0.2s (13 ms/窗) 累计 items=268 windows=7872 elapsed=102s
[gpu0] [encode] RouteStick_ep260_demo windows=15 took=0.2s (13 ms/窗) 累计 items=257 windows=7576 elapsed=103s
[gpu2] [encode] RouteStick_ep259_demo windows=15 took=0.2s (13 ms/窗) 累计 items=249 windows=7318 elapsed=103s
[gpu4] [encode] RouteStick_ep261_demo windows=15 took=0.2s (13 ms/窗) 累计 items=251 windows=7543 elapsed=102s
[gpu7] [encode] RouteStick_ep269_demo windows=15 took=0.2s (13 ms/窗) 累计 items=201 windows=5521 elapsed=102s
[gpu5] [encode] RouteStick_ep275_demo windows=15 took=0.2s (13 ms/窗) 累计 items=262 windows=7710 elapsed=103s
[gpu3] [encode] RouteStick_ep278_demo windows=15 took=0.2s (13 ms/窗) 累计 items=262 windows=7663 elapsed=103s
[gpu1] [encode] RouteStick_ep280_demo windows=15 took=0.2s (13 ms/窗) 累计 items=266 windows=7805 elapsed=102s
[gpu6] [encode] RouteStick_ep284_demo windows=15 took=0.2s (13 ms/窗) 累计 items=269 windows=7887 elapsed=103s
[gpu0] [encode] RouteStick_ep290_demo windows=15 took=0.2s (13 ms/窗) 累计 items=258 windows=7591 elapsed=103s
[gpu4] [encode] RouteStick_ep291_demo windows=15 took=0.2s (13 ms/窗) 累计 items=252 windows=7558 elapsed=103s
[gpu7] [encode] RouteStick_ep295_demo windows=15 took=0.2s (13 ms/窗) 累计 items=202 windows=5536 elapsed=102s
[gpu2] [encode] VideoRepick_ep104_exec windows=15 took=0.2s (13 ms/窗) 累计 items=250 windows=7333 elapsed=103s
[gpu5] [encode] VideoRepick_ep105_demo windows=15 took=0.2s (13 ms/窗) 累计 items=263 windows=7725 elapsed=103s
[gpu3] [encode] VideoRepick_ep10_demo windows=15 took=0.2s (13 ms/窗) 累计 items=263 windows=7678 elapsed=103s
[gpu1] [encode] VideoRepick_ep111_exec windows=15 took=0.2s (13 ms/窗) 累计 items=267 windows=7820 elapsed=103s
[gpu6] [encode] VideoRepick_ep114_exec windows=15 took=0.2s (13 ms/窗) 累计 items=270 windows=7902 elapsed=103s
[gpu0] [encode] VideoRepick_ep119_exec windows=15 took=0.2s (13 ms/窗) 累计 items=259 windows=7606 elapsed=103s
[gpu4] [encode] VideoRepick_ep130_exec windows=15 took=0.2s (13 ms/窗) 累计 items=253 windows=7573 elapsed=103s
[gpu7] [encode] VideoRepick_ep140_exec windows=15 took=0.2s (13 ms/窗) 累计 items=203 windows=5551 elapsed=103s
[gpu5] [encode] VideoRepick_ep156_exec windows=15 took=0.2s (13 ms/窗) 累计 items=264 windows=7740 elapsed=103s
[gpu2] [encode] VideoRepick_ep142_exec windows=15 took=0.2s (13 ms/窗) 累计 items=251 windows=7348 elapsed=103s
[gpu3] [encode] VideoRepick_ep15_exec windows=15 took=0.2s (13 ms/窗) 累计 items=264 windows=7693 elapsed=103s
[gpu1] [encode] VideoRepick_ep163_exec windows=15 took=0.2s (13 ms/窗) 累计 items=268 windows=7835 elapsed=103s
[gpu6] [encode] VideoRepick_ep172_exec windows=15 took=0.2s (13 ms/窗) 累计 items=271 windows=7917 elapsed=103s
[gpu0] [encode] VideoRepick_ep176_exec windows=15 took=0.2s (13 ms/窗) 累计 items=260 windows=7621 elapsed=104s
[gpu4] [encode] VideoRepick_ep177_exec windows=15 took=0.2s (13 ms/窗) 累计 items=254 windows=7588 elapsed=103s
[gpu7] [encode] VideoRepick_ep181_exec windows=15 took=0.2s (13 ms/窗) 累计 items=204 windows=5566 elapsed=103s
[gpu5] [encode] VideoRepick_ep185_exec windows=15 took=0.2s (13 ms/窗) 累计 items=265 windows=7755 elapsed=103s
[gpu2] [encode] VideoRepick_ep189_exec windows=15 took=0.2s (13 ms/窗) 累计 items=252 windows=7363 elapsed=103s
[gpu3] [encode] VideoRepick_ep18_exec windows=15 took=0.2s (13 ms/窗) 累计 items=265 windows=7708 elapsed=103s
[gpu1] [encode] VideoRepick_ep194_exec windows=15 took=0.2s (13 ms/窗) 累计 items=269 windows=7850 elapsed=103s
[gpu6] [encode] VideoRepick_ep207_exec windows=15 took=0.2s (13 ms/窗) 累计 items=272 windows=7932 elapsed=103s
[gpu0] [encode] VideoRepick_ep219_exec windows=15 took=0.2s (13 ms/窗) 累计 items=261 windows=7636 elapsed=104s
[gpu4] [encode] VideoRepick_ep21_demo windows=15 took=0.2s (13 ms/窗) 累计 items=255 windows=7603 elapsed=103s
[gpu7] [encode] VideoRepick_ep221_exec windows=15 took=0.2s (13 ms/窗) 累计 items=205 windows=5581 elapsed=103s
[gpu5] [encode] VideoRepick_ep233_exec windows=15 took=0.2s (13 ms/窗) 累计 items=266 windows=7770 elapsed=104s
[gpu2] [encode] VideoRepick_ep242_exec windows=15 took=0.2s (13 ms/窗) 累计 items=253 windows=7378 elapsed=103s
[gpu3] [encode] VideoRepick_ep248_exec windows=15 took=0.2s (13 ms/窗) 累计 items=266 windows=7723 elapsed=103s
[gpu1] [encode] VideoRepick_ep253_exec windows=15 took=0.2s (13 ms/窗) 累计 items=270 windows=7865 elapsed=103s
[gpu6] [encode] VideoRepick_ep25_exec windows=15 took=0.2s (13 ms/窗) 累计 items=273 windows=7947 elapsed=103s
[gpu0] [encode] VideoRepick_ep263_exec windows=15 took=0.2s (13 ms/窗) 累计 items=262 windows=7651 elapsed=104s
[gpu4] [encode] VideoRepick_ep274_exec windows=15 took=0.2s (13 ms/窗) 累计 items=256 windows=7618 elapsed=103s
[gpu7] [encode] VideoRepick_ep277_exec windows=15 took=0.2s (13 ms/窗) 累计 items=206 windows=5596 elapsed=103s
[gpu5] [encode] VideoRepick_ep27_exec windows=15 took=0.2s (13 ms/窗) 累计 items=267 windows=7785 elapsed=104s
[gpu2] [encode] VideoRepick_ep282_exec windows=15 took=0.2s (13 ms/窗) 累计 items=254 windows=7393 elapsed=104s
[gpu3] [encode] VideoRepick_ep286_exec windows=15 took=0.2s (13 ms/窗) 累计 items=267 windows=7738 elapsed=104s
[gpu1] [encode] VideoRepick_ep287_exec windows=15 took=0.2s (13 ms/窗) 累计 items=271 windows=7880 elapsed=103s
[gpu6] [encode] VideoRepick_ep294_exec windows=15 took=0.2s (13 ms/窗) 累计 items=274 windows=7962 elapsed=104s
[gpu0] [encode] VideoRepick_ep29_exec windows=15 took=0.2s (13 ms/窗) 累计 items=263 windows=7666 elapsed=104s
[gpu4] [encode] VideoRepick_ep302_exec windows=15 took=0.2s (13 ms/窗) 累计 items=257 windows=7633 elapsed=104s
[gpu7] [encode] VideoRepick_ep304_exec windows=15 took=0.2s (13 ms/窗) 累计 items=207 windows=5611 elapsed=103s
[gpu5] [encode] VideoRepick_ep310_exec windows=15 took=0.2s (13 ms/窗) 累计 items=268 windows=7800 elapsed=104s
[gpu3] [encode] VideoRepick_ep319_exec windows=15 took=0.2s (13 ms/窗) 累计 items=268 windows=7753 elapsed=104s
[gpu2] [encode] VideoRepick_ep317_exec windows=15 took=0.2s (13 ms/窗) 累计 items=255 windows=7408 elapsed=104s
[gpu1] [encode] VideoRepick_ep332_exec windows=15 took=0.2s (13 ms/窗) 累计 items=272 windows=7895 elapsed=104s
[gpu6] [encode] VideoRepick_ep336_exec windows=15 took=0.2s (13 ms/窗) 累计 items=275 windows=7977 elapsed=104s
[gpu0] [encode] VideoRepick_ep337_exec windows=15 took=0.2s (13 ms/窗) 累计 items=264 windows=7681 elapsed=104s
[gpu4] [encode] VideoRepick_ep344_exec windows=15 took=0.2s (13 ms/窗) 累计 items=258 windows=7648 elapsed=104s
[gpu7] [encode] VideoRepick_ep346_exec windows=15 took=0.2s (13 ms/窗) 累计 items=208 windows=5626 elapsed=104s
[gpu5] [encode] VideoRepick_ep355_exec windows=15 took=0.2s (13 ms/窗) 累计 items=269 windows=7815 elapsed=104s
[gpu1] [encode] VideoRepick_ep363_exec windows=15 took=0.2s (13 ms/窗) 累计 items=273 windows=7910 elapsed=104s
[gpu3] [encode] VideoRepick_ep360_exec windows=15 took=0.2s (13 ms/窗) 累计 items=269 windows=7768 elapsed=104s
[gpu2] [encode] VideoRepick_ep365_exec windows=15 took=0.2s (13 ms/窗) 累计 items=256 windows=7423 elapsed=104s
[gpu6] [encode] VideoRepick_ep368_exec windows=15 took=0.2s (13 ms/窗) 累计 items=276 windows=7992 elapsed=104s
[gpu0] [encode] VideoRepick_ep373_exec windows=15 took=0.2s (13 ms/窗) 累计 items=265 windows=7696 elapsed=105s
[gpu4] [encode] VideoRepick_ep377_exec windows=15 took=0.2s (13 ms/窗) 累计 items=259 windows=7663 elapsed=104s
[gpu7] [encode] VideoRepick_ep384_exec windows=15 took=0.2s (13 ms/窗) 累计 items=209 windows=5641 elapsed=104s
[gpu5] [encode] VideoRepick_ep387_exec windows=15 took=0.2s (13 ms/窗) 累计 items=270 windows=7830 elapsed=104s
[gpu1] [encode] VideoRepick_ep396_exec windows=15 took=0.2s (13 ms/窗) 累计 items=274 windows=7925 elapsed=104s
[gpu3] [encode] VideoRepick_ep39_exec windows=15 took=0.2s (13 ms/窗) 累计 items=270 windows=7783 elapsed=104s
[gpu2] [encode] VideoRepick_ep43_exec windows=15 took=0.2s (13 ms/窗) 累计 items=257 windows=7438 elapsed=104s
[gpu6] [encode] VideoRepick_ep44_demo windows=15 took=0.2s (13 ms/窗) 累计 items=277 windows=8007 elapsed=104s
[gpu0] [encode] VideoRepick_ep49_exec windows=15 took=0.2s (13 ms/窗) 累计 items=266 windows=7711 elapsed=105s
[gpu4] [encode] VideoRepick_ep51_exec windows=15 took=0.2s (13 ms/窗) 累计 items=260 windows=7678 elapsed=104s
[gpu7] [encode] VideoRepick_ep56_exec windows=15 took=0.2s (13 ms/窗) 累计 items=210 windows=5656 elapsed=104s
[gpu5] [encode] VideoRepick_ep5_exec windows=15 took=0.2s (13 ms/窗) 累计 items=271 windows=7845 elapsed=105s
[gpu1] [encode] VideoRepick_ep69_exec windows=15 took=0.2s (13 ms/窗) 累计 items=275 windows=7940 elapsed=104s
[gpu3] [encode] VideoRepick_ep75_exec windows=15 took=0.2s (13 ms/窗) 累计 items=271 windows=7798 elapsed=104s
[gpu2] [encode] VideoRepick_ep76_exec windows=15 took=0.2s (13 ms/窗) 累计 items=258 windows=7453 elapsed=104s
[gpu6] [encode] VideoRepick_ep90_demo windows=15 took=0.2s (13 ms/窗) 累计 items=278 windows=8022 elapsed=104s
[gpu4] [encode] VideoRepick_ep95_demo windows=15 took=0.2s (13 ms/窗) 累计 items=261 windows=7693 elapsed=104s
[gpu0] [encode] VideoRepick_ep90_exec windows=15 took=0.2s (13 ms/窗) 累计 items=267 windows=7726 elapsed=105s
[gpu7] [encode] VideoRepick_ep96_exec windows=15 took=0.2s (13 ms/窗) 累计 items=211 windows=5671 elapsed=104s
[gpu5] [encode] VideoRepick_ep9_demo windows=15 took=0.2s (13 ms/窗) 累计 items=272 windows=7860 elapsed=105s
[gpu1] [encode] VideoRepick_ep9_exec windows=15 took=0.2s (13 ms/窗) 累计 items=276 windows=7955 elapsed=104s
[gpu3] [encode] VideoUnmaskSwap_ep208_exec windows=15 took=0.2s (13 ms/窗) 累计 items=272 windows=7813 elapsed=105s
[gpu6] [encode] VideoUnmaskSwap_ep213_exec windows=15 took=0.2s (13 ms/窗) 累计 items=279 windows=8037 elapsed=105s
[gpu2] [encode] VideoUnmaskSwap_ep210_exec windows=15 took=0.2s (13 ms/窗) 累计 items=259 windows=7468 elapsed=105s
[gpu4] [encode] VideoUnmaskSwap_ep218_exec windows=15 took=0.2s (13 ms/窗) 累计 items=262 windows=7708 elapsed=105s
[gpu7] [encode] VideoUnmaskSwap_ep219_exec windows=15 took=0.2s (13 ms/窗) 累计 items=212 windows=5686 elapsed=104s
[gpu0] [encode] VideoUnmaskSwap_ep220_exec windows=15 took=0.2s (13 ms/窗) 累计 items=268 windows=7741 elapsed=105s
[gpu5] [encode] VideoUnmaskSwap_ep222_exec windows=15 took=0.2s (13 ms/窗) 累计 items=273 windows=7875 elapsed=105s
[gpu1] [encode] VideoUnmaskSwap_ep225_exec windows=15 took=0.2s (13 ms/窗) 累计 items=277 windows=7970 elapsed=105s
[gpu3] [encode] VideoUnmaskSwap_ep231_exec windows=15 took=0.2s (13 ms/窗) 累计 items=273 windows=7828 elapsed=105s
[gpu6] [encode] VideoUnmaskSwap_ep232_exec windows=15 took=0.2s (13 ms/窗) 累计 items=280 windows=8052 elapsed=105s
[gpu2] [encode] VideoUnmaskSwap_ep234_exec windows=15 took=0.2s (13 ms/窗) 累计 items=260 windows=7483 elapsed=105s
[gpu4] [encode] VideoUnmaskSwap_ep235_exec windows=15 took=0.2s (13 ms/窗) 累计 items=263 windows=7723 elapsed=105s
[gpu7] [encode] VideoUnmaskSwap_ep237_exec windows=15 took=0.2s (13 ms/窗) 累计 items=213 windows=5701 elapsed=105s
[gpu0] [encode] VideoUnmaskSwap_ep239_exec windows=15 took=0.2s (13 ms/窗) 累计 items=269 windows=7756 elapsed=105s
[gpu5] [encode] VideoUnmaskSwap_ep240_exec windows=15 took=0.2s (13 ms/窗) 累计 items=274 windows=7890 elapsed=105s
[gpu1] [encode] VideoUnmaskSwap_ep242_exec windows=15 took=0.2s (13 ms/窗) 累计 items=278 windows=7985 elapsed=105s
[gpu3] [encode] VideoUnmaskSwap_ep243_exec windows=15 took=0.2s (13 ms/窗) 累计 items=274 windows=7843 elapsed=105s
[gpu6] [encode] VideoUnmaskSwap_ep244_exec windows=15 took=0.2s (13 ms/窗) 累计 items=281 windows=8067 elapsed=105s
[gpu2] [encode] VideoUnmaskSwap_ep245_exec windows=15 took=0.2s (13 ms/窗) 累计 items=261 windows=7498 elapsed=105s
[gpu4] [encode] VideoUnmaskSwap_ep246_exec windows=15 took=0.2s (13 ms/窗) 累计 items=264 windows=7738 elapsed=105s
[gpu7] [encode] VideoUnmaskSwap_ep249_exec windows=15 took=0.2s (13 ms/窗) 累计 items=214 windows=5716 elapsed=105s
[gpu0] [encode] VideoUnmaskSwap_ep252_exec windows=15 took=0.2s (13 ms/窗) 累计 items=270 windows=7771 elapsed=106s
[gpu5] [encode] VideoUnmaskSwap_ep255_exec windows=15 took=0.2s (13 ms/窗) 累计 items=275 windows=7905 elapsed=105s
[gpu1] [encode] VideoUnmaskSwap_ep257_exec windows=15 took=0.2s (13 ms/窗) 累计 items=279 windows=8000 elapsed=105s
[gpu3] [encode] VideoUnmaskSwap_ep259_exec windows=15 took=0.2s (13 ms/窗) 累计 items=275 windows=7858 elapsed=105s
[gpu6] [encode] VideoUnmaskSwap_ep261_exec windows=15 took=0.2s (13 ms/窗) 累计 items=282 windows=8082 elapsed=105s
[gpu2] [encode] VideoUnmaskSwap_ep263_exec windows=15 took=0.2s (13 ms/窗) 累计 items=262 windows=7513 elapsed=105s
[gpu4] [encode] VideoUnmaskSwap_ep265_exec windows=15 took=0.2s (13 ms/窗) 累计 items=265 windows=7753 elapsed=105s
[gpu7] [encode] VideoUnmaskSwap_ep266_exec windows=15 took=0.2s (13 ms/窗) 累计 items=215 windows=5731 elapsed=105s
[gpu0] [encode] VideoUnmaskSwap_ep267_exec windows=15 took=0.2s (13 ms/窗) 累计 items=271 windows=7786 elapsed=106s
[gpu5] [encode] VideoUnmaskSwap_ep269_exec windows=15 took=0.2s (13 ms/窗) 累计 items=276 windows=7920 elapsed=106s
[gpu1] [encode] VideoUnmaskSwap_ep26_exec windows=15 took=0.2s (13 ms/窗) 累计 items=280 windows=8015 elapsed=105s
[gpu3] [encode] VideoUnmaskSwap_ep272_exec windows=15 took=0.2s (13 ms/窗) 累计 items=276 windows=7873 elapsed=105s
[gpu6] [encode] VideoUnmaskSwap_ep279_exec windows=15 took=0.2s (13 ms/窗) 累计 items=283 windows=8097 elapsed=105s
[gpu2] [encode] VideoUnmaskSwap_ep27_exec windows=15 took=0.2s (13 ms/窗) 累计 items=263 windows=7528 elapsed=105s
[gpu7] [encode] VideoUnmaskSwap_ep286_exec windows=15 took=0.2s (13 ms/窗) 累计 items=216 windows=5746 elapsed=105s
[gpu4] [encode] VideoUnmaskSwap_ep282_exec windows=15 took=0.2s (13 ms/窗) 累计 items=266 windows=7768 elapsed=105s
[gpu0] [encode] VideoUnmaskSwap_ep289_exec windows=15 took=0.2s (13 ms/窗) 累计 items=272 windows=7801 elapsed=106s
[gpu5] [encode] VideoUnmaskSwap_ep292_exec windows=15 took=0.2s (13 ms/窗) 累计 items=277 windows=7935 elapsed=106s
[gpu1] [encode] VideoUnmaskSwap_ep294_exec windows=15 took=0.2s (13 ms/窗) 累计 items=281 windows=8030 elapsed=105s
[gpu3] [encode] VideoUnmaskSwap_ep295_exec windows=15 took=0.2s (13 ms/窗) 累计 items=277 windows=7888 elapsed=106s
[gpu6] [encode] VideoUnmaskSwap_ep307_exec windows=15 took=0.2s (13 ms/窗) 累计 items=284 windows=8112 elapsed=106s
[gpu2] [encode] VideoUnmaskSwap_ep308_exec windows=15 took=0.2s (13 ms/窗) 累计 items=264 windows=7543 elapsed=106s
[gpu7] [encode] VideoUnmaskSwap_ep309_exec windows=15 took=0.2s (13 ms/窗) 累计 items=217 windows=5761 elapsed=105s
[gpu4] [encode] VideoUnmaskSwap_ep30_exec windows=15 took=0.2s (13 ms/窗) 累计 items=267 windows=7783 elapsed=106s
[gpu0] [encode] VideoUnmaskSwap_ep315_exec windows=15 took=0.2s (13 ms/窗) 累计 items=273 windows=7816 elapsed=106s
[gpu5] [encode] VideoUnmaskSwap_ep316_exec windows=15 took=0.2s (13 ms/窗) 累计 items=278 windows=7950 elapsed=106s
[gpu1] [encode] VideoUnmaskSwap_ep317_exec windows=15 took=0.2s (13 ms/窗) 累计 items=282 windows=8045 elapsed=106s
[gpu3] [encode] VideoUnmaskSwap_ep318_exec windows=15 took=0.2s (13 ms/窗) 累计 items=278 windows=7903 elapsed=106s
[gpu6] [encode] VideoUnmaskSwap_ep319_exec windows=15 took=0.2s (13 ms/窗) 累计 items=285 windows=8127 elapsed=106s
[gpu2] [encode] VideoUnmaskSwap_ep320_exec windows=15 took=0.2s (13 ms/窗) 累计 items=265 windows=7558 elapsed=106s
[gpu7] [encode] VideoUnmaskSwap_ep322_exec windows=15 took=0.2s (13 ms/窗) 累计 items=218 windows=5776 elapsed=105s
[gpu4] [encode] VideoUnmaskSwap_ep325_exec windows=15 took=0.2s (13 ms/窗) 累计 items=268 windows=7798 elapsed=106s
[gpu0] [encode] VideoUnmaskSwap_ep326_exec windows=15 took=0.2s (13 ms/窗) 累计 items=274 windows=7831 elapsed=106s
[gpu5] [encode] VideoUnmaskSwap_ep330_exec windows=15 took=0.2s (13 ms/窗) 累计 items=279 windows=7965 elapsed=106s
[gpu1] [encode] VideoUnmaskSwap_ep333_exec windows=15 took=0.2s (13 ms/窗) 累计 items=283 windows=8060 elapsed=106s
[gpu3] [encode] VideoUnmaskSwap_ep336_exec windows=15 took=0.2s (13 ms/窗) 累计 items=279 windows=7918 elapsed=106s
[gpu6] [encode] VideoUnmaskSwap_ep337_exec windows=15 took=0.2s (13 ms/窗) 累计 items=286 windows=8142 elapsed=106s
[gpu2] [encode] VideoUnmaskSwap_ep341_exec windows=15 took=0.2s (13 ms/窗) 累计 items=266 windows=7573 elapsed=106s
[gpu7] [encode] VideoUnmaskSwap_ep343_exec windows=15 took=0.2s (13 ms/窗) 累计 items=219 windows=5791 elapsed=106s
[gpu4] [encode] VideoUnmaskSwap_ep344_exec windows=15 took=0.2s (13 ms/窗) 累计 items=269 windows=7813 elapsed=106s
[gpu0] [encode] VideoUnmaskSwap_ep346_exec windows=15 took=0.2s (13 ms/窗) 累计 items=275 windows=7846 elapsed=107s
[gpu5] [encode] VideoUnmaskSwap_ep349_exec windows=15 took=0.2s (13 ms/窗) 累计 items=280 windows=7980 elapsed=106s
[gpu1] [encode] VideoUnmaskSwap_ep34_exec windows=15 took=0.2s (13 ms/窗) 累计 items=284 windows=8075 elapsed=106s
[gpu6] [encode] VideoUnmaskSwap_ep355_exec windows=15 took=0.2s (13 ms/窗) 累计 items=287 windows=8157 elapsed=106s
[gpu3] [encode] VideoUnmaskSwap_ep350_exec windows=15 took=0.2s (13 ms/窗) 累计 items=280 windows=7933 elapsed=106s
[gpu7] [encode] VideoUnmaskSwap_ep359_exec windows=15 took=0.2s (13 ms/窗) 累计 items=220 windows=5806 elapsed=106s
[gpu2] [encode] VideoUnmaskSwap_ep358_exec windows=15 took=0.2s (13 ms/窗) 累计 items=267 windows=7588 elapsed=106s
[gpu4] [encode] VideoUnmaskSwap_ep362_exec windows=15 took=0.2s (13 ms/窗) 累计 items=270 windows=7828 elapsed=106s
[gpu0] [encode] VideoUnmaskSwap_ep363_exec windows=15 took=0.2s (13 ms/窗) 累计 items=276 windows=7861 elapsed=107s
[gpu5] [encode] VideoUnmaskSwap_ep364_exec windows=15 took=0.2s (13 ms/窗) 累计 items=281 windows=7995 elapsed=107s
[gpu1] [encode] VideoUnmaskSwap_ep369_exec windows=15 took=0.2s (13 ms/窗) 累计 items=285 windows=8090 elapsed=106s
[gpu6] [encode] VideoUnmaskSwap_ep376_exec windows=15 took=0.2s (13 ms/窗) 累计 items=288 windows=8172 elapsed=106s
[gpu3] [encode] VideoUnmaskSwap_ep377_exec windows=15 took=0.2s (13 ms/窗) 累计 items=281 windows=7948 elapsed=106s
[gpu7] [encode] VideoUnmaskSwap_ep379_exec windows=15 took=0.2s (13 ms/窗) 累计 items=221 windows=5821 elapsed=106s
[gpu2] [encode] VideoUnmaskSwap_ep381_exec windows=15 took=0.2s (13 ms/窗) 累计 items=268 windows=7603 elapsed=107s
[gpu4] [encode] VideoUnmaskSwap_ep382_exec windows=15 took=0.2s (13 ms/窗) 累计 items=271 windows=7843 elapsed=106s
[gpu0] [encode] VideoUnmaskSwap_ep385_exec windows=15 took=0.2s (13 ms/窗) 累计 items=277 windows=7876 elapsed=107s
[gpu5] [encode] VideoUnmaskSwap_ep389_exec windows=15 took=0.2s (14 ms/窗) 累计 items=282 windows=8010 elapsed=107s
[gpu1] [encode] VideoUnmaskSwap_ep390_exec windows=15 took=0.2s (13 ms/窗) 累计 items=286 windows=8105 elapsed=106s
[gpu6] [encode] VideoUnmaskSwap_ep393_exec windows=15 took=0.2s (13 ms/窗) 累计 items=289 windows=8187 elapsed=106s
[gpu3] [encode] VideoUnmaskSwap_ep396_exec windows=15 took=0.2s (13 ms/窗) 累计 items=282 windows=7963 elapsed=107s
[gpu7] [encode] VideoUnmaskSwap_ep397_exec windows=15 took=0.2s (13 ms/窗) 累计 items=222 windows=5836 elapsed=106s
[gpu2] [encode] VideoUnmaskSwap_ep398_exec windows=15 took=0.2s (13 ms/窗) 累计 items=269 windows=7618 elapsed=107s
[gpu4] [encode] VideoUnmaskSwap_ep39_exec windows=15 took=0.2s (13 ms/窗) 累计 items=272 windows=7858 elapsed=107s
[gpu0] [encode] VideoUnmaskSwap_ep43_exec windows=15 took=0.2s (13 ms/窗) 累计 items=278 windows=7891 elapsed=107s
[gpu1] [encode] VideoUnmaskSwap_ep73_exec windows=15 took=0.2s (13 ms/窗) 累计 items=287 windows=8120 elapsed=107s
[gpu5] [encode] VideoUnmaskSwap_ep44_exec windows=15 took=0.2s (13 ms/窗) 累计 items=283 windows=8025 elapsed=107s
[gpu6] [encode] VideoUnmaskSwap_ep77_exec windows=15 took=0.2s (13 ms/窗) 累计 items=290 windows=8202 elapsed=107s
[gpu3] [encode] VideoUnmaskSwap_ep80_exec windows=15 took=0.2s (13 ms/窗) 累计 items=283 windows=7978 elapsed=107s
[gpu7] [encode] VideoUnmaskSwap_ep86_exec windows=15 took=0.2s (13 ms/窗) 累计 items=223 windows=5851 elapsed=106s
[gpu4] [encode] RouteStick_ep100_exec windows=14 took=0.2s (14 ms/窗) 累计 items=273 windows=7872 elapsed=107s
[gpu2] [encode] VideoUnmaskSwap_ep8_exec windows=15 took=0.2s (13 ms/窗) 累计 items=270 windows=7633 elapsed=107s
[gpu0] [encode] RouteStick_ep101_exec windows=14 took=0.2s (13 ms/窗) 累计 items=279 windows=7905 elapsed=107s
[gpu1] [encode] RouteStick_ep102_exec windows=14 took=0.2s (13 ms/窗) 累计 items=288 windows=8134 elapsed=107s
[gpu5] [encode] RouteStick_ep106_exec windows=14 took=0.2s (13 ms/窗) 累计 items=284 windows=8039 elapsed=107s
[gpu6] [encode] RouteStick_ep109_exec windows=14 took=0.2s (13 ms/窗) 累计 items=291 windows=8216 elapsed=107s
[gpu3] [encode] RouteStick_ep110_exec windows=14 took=0.2s (13 ms/窗) 累计 items=284 windows=7992 elapsed=107s
[gpu7] [encode] RouteStick_ep111_exec windows=14 took=0.2s (13 ms/窗) 累计 items=224 windows=5865 elapsed=107s
[gpu4] [encode] RouteStick_ep112_exec windows=14 took=0.2s (13 ms/窗) 累计 items=274 windows=7886 elapsed=107s
[gpu0] [encode] RouteStick_ep113_exec windows=14 took=0.2s (13 ms/窗) 累计 items=280 windows=7919 elapsed=108s
[gpu1] [encode] RouteStick_ep118_exec windows=14 took=0.2s (13 ms/窗) 累计 items=289 windows=8148 elapsed=107s
[gpu5] [encode] RouteStick_ep121_exec windows=14 took=0.2s (14 ms/窗) 累计 items=285 windows=8053 elapsed=107s
[gpu6] [encode] RouteStick_ep124_exec windows=14 took=0.2s (13 ms/窗) 累计 items=292 windows=8230 elapsed=107s
[gpu2] [encode] RouteStick_ep122_exec windows=14 took=0.2s (13 ms/窗) 累计 items=271 windows=7647 elapsed=107s
[gpu3] [encode] RouteStick_ep128_exec windows=14 took=0.2s (13 ms/窗) 累计 items=285 windows=8006 elapsed=107s
[gpu7] [encode] RouteStick_ep129_exec windows=14 took=0.2s (13 ms/窗) 累计 items=225 windows=5879 elapsed=107s
[gpu4] [encode] RouteStick_ep130_exec windows=14 took=0.2s (13 ms/窗) 累计 items=275 windows=7900 elapsed=107s
[gpu0] [encode] RouteStick_ep133_exec windows=14 took=0.2s (13 ms/窗) 累计 items=281 windows=7933 elapsed=108s
[gpu1] [encode] RouteStick_ep137_exec windows=14 took=0.2s (13 ms/窗) 累计 items=290 windows=8162 elapsed=107s
[gpu5] [encode] RouteStick_ep138_exec windows=14 took=0.2s (13 ms/窗) 累计 items=286 windows=8067 elapsed=108s
[gpu6] [encode] RouteStick_ep139_exec windows=14 took=0.2s (13 ms/窗) 累计 items=293 windows=8244 elapsed=107s
[gpu2] [encode] RouteStick_ep140_exec windows=14 took=0.2s (14 ms/窗) 累计 items=272 windows=7661 elapsed=107s
[gpu3] [encode] RouteStick_ep142_exec windows=14 took=0.2s (13 ms/窗) 累计 items=286 windows=8020 elapsed=107s
[gpu7] [encode] RouteStick_ep143_exec windows=14 took=0.2s (13 ms/窗) 累计 items=226 windows=5893 elapsed=107s
[gpu4] [encode] RouteStick_ep145_exec windows=14 took=0.2s (14 ms/窗) 累计 items=276 windows=7914 elapsed=107s
[gpu0] [encode] RouteStick_ep147_exec windows=14 took=0.2s (13 ms/窗) 累计 items=282 windows=7947 elapsed=108s
[gpu1] [encode] RouteStick_ep150_exec windows=14 took=0.2s (13 ms/窗) 累计 items=291 windows=8176 elapsed=107s
[gpu5] [encode] RouteStick_ep151_exec windows=14 took=0.2s (13 ms/窗) 累计 items=287 windows=8081 elapsed=108s
[gpu6] [encode] RouteStick_ep152_exec windows=14 took=0.2s (13 ms/窗) 累计 items=294 windows=8258 elapsed=107s
[gpu2] [encode] RouteStick_ep154_exec windows=14 took=0.2s (13 ms/窗) 累计 items=273 windows=7675 elapsed=108s
[gpu3] [encode] RouteStick_ep157_exec windows=14 took=0.2s (13 ms/窗) 累计 items=287 windows=8034 elapsed=108s
[gpu7] [encode] RouteStick_ep163_exec windows=14 took=0.2s (13 ms/窗) 累计 items=227 windows=5907 elapsed=107s
[gpu4] [encode] RouteStick_ep164_exec windows=14 took=0.2s (13 ms/窗) 累计 items=277 windows=7928 elapsed=108s
[gpu0] [encode] RouteStick_ep165_exec windows=14 took=0.2s (13 ms/窗) 累计 items=283 windows=7961 elapsed=108s
[gpu1] [encode] RouteStick_ep167_exec windows=14 took=0.2s (13 ms/窗) 累计 items=292 windows=8190 elapsed=107s
[gpu6] [encode] RouteStick_ep170_exec windows=14 took=0.2s (13 ms/窗) 累计 items=295 windows=8272 elapsed=108s
[gpu5] [encode] RouteStick_ep168_exec windows=14 took=0.2s (16 ms/窗) 累计 items=288 windows=8095 elapsed=108s
[gpu2] [encode] RouteStick_ep172_exec windows=14 took=0.2s (13 ms/窗) 累计 items=274 windows=7689 elapsed=108s
[gpu3] [encode] RouteStick_ep174_exec windows=14 took=0.2s (13 ms/窗) 累计 items=288 windows=8048 elapsed=108s
[gpu7] [encode] RouteStick_ep176_exec windows=14 took=0.2s (13 ms/窗) 累计 items=228 windows=5921 elapsed=107s
[gpu4] [encode] RouteStick_ep179_exec windows=14 took=0.2s (13 ms/窗) 累计 items=278 windows=7942 elapsed=108s
[gpu1] [encode] RouteStick_ep182_exec windows=14 took=0.2s (13 ms/窗) 累计 items=293 windows=8204 elapsed=108s
[gpu0] [encode] RouteStick_ep186_exec windows=14 took=0.2s (13 ms/窗) 累计 items=284 windows=7975 elapsed=108s
[gpu6] [encode] RouteStick_ep187_exec windows=14 took=0.2s (13 ms/窗) 累计 items=296 windows=8286 elapsed=108s
[gpu2] [encode] RouteStick_ep188_exec windows=14 took=0.2s (13 ms/窗) 累计 items=275 windows=7703 elapsed=108s
[gpu3] [encode] RouteStick_ep189_exec windows=14 took=0.2s (13 ms/窗) 累计 items=289 windows=8062 elapsed=108s
[gpu7] [encode] RouteStick_ep191_exec windows=14 took=0.2s (13 ms/窗) 累计 items=229 windows=5935 elapsed=108s
[gpu4] [encode] RouteStick_ep194_exec windows=14 took=0.2s (13 ms/窗) 累计 items=279 windows=7956 elapsed=108s
[gpu1] [encode] RouteStick_ep195_exec windows=14 took=0.2s (13 ms/窗) 累计 items=294 windows=8218 elapsed=108s
[gpu5] [encode] RouteStick_ep192_exec windows=14 took=0.2s (16 ms/窗) 累计 items=289 windows=8109 elapsed=108s
[gpu0] [encode] RouteStick_ep199_exec windows=14 took=0.2s (13 ms/窗) 累计 items=285 windows=7989 elapsed=108s
[gpu6] [encode] RouteStick_ep203_exec windows=14 took=0.2s (13 ms/窗) 累计 items=297 windows=8300 elapsed=108s
[gpu2] [encode] RouteStick_ep204_exec windows=14 took=0.2s (13 ms/窗) 累计 items=276 windows=7717 elapsed=108s
[gpu3] [encode] RouteStick_ep209_exec windows=14 took=0.2s (13 ms/窗) 累计 items=290 windows=8076 elapsed=108s
[gpu7] [encode] RouteStick_ep215_exec windows=14 took=0.2s (13 ms/窗) 累计 items=230 windows=5949 elapsed=108s
[gpu4] [encode] RouteStick_ep217_exec windows=14 took=0.2s (13 ms/窗) 累计 items=280 windows=7970 elapsed=108s
[gpu1] [encode] RouteStick_ep224_exec windows=14 took=0.2s (13 ms/窗) 累计 items=295 windows=8232 elapsed=108s
[gpu0] [encode] RouteStick_ep226_exec windows=14 took=0.2s (13 ms/窗) 累计 items=286 windows=8003 elapsed=109s
[gpu6] [encode] RouteStick_ep230_exec windows=14 took=0.2s (13 ms/窗) 累计 items=298 windows=8314 elapsed=108s
[gpu2] [encode] RouteStick_ep238_exec windows=14 took=0.2s (13 ms/窗) 累计 items=277 windows=7731 elapsed=108s
[gpu7] [encode] RouteStick_ep243_exec windows=14 took=0.2s (13 ms/窗) 累计 items=231 windows=5963 elapsed=108s
[gpu3] [encode] RouteStick_ep241_exec windows=14 took=0.2s (13 ms/窗) 累计 items=291 windows=8090 elapsed=108s
[gpu5] [encode] RouteStick_ep231_exec windows=14 took=0.2s (16 ms/窗) 累计 items=290 windows=8123 elapsed=109s
[gpu4] [encode] RouteStick_ep248_exec windows=14 took=0.2s (13 ms/窗) 累计 items=281 windows=7984 elapsed=108s
[gpu1] [encode] RouteStick_ep257_exec windows=14 took=0.2s (13 ms/窗) 累计 items=296 windows=8246 elapsed=108s
[gpu0] [encode] RouteStick_ep259_exec windows=14 took=0.2s (13 ms/窗) 累计 items=287 windows=8017 elapsed=109s
[gpu6] [encode] RouteStick_ep260_exec windows=14 took=0.2s (13 ms/窗) 累计 items=299 windows=8328 elapsed=108s
[gpu2] [encode] RouteStick_ep261_exec windows=14 took=0.2s (13 ms/窗) 累计 items=278 windows=7745 elapsed=109s
[gpu7] [encode] RouteStick_ep269_exec windows=14 took=0.2s (13 ms/窗) 累计 items=232 windows=5977 elapsed=108s
[gpu3] [encode] RouteStick_ep275_exec windows=14 took=0.2s (13 ms/窗) 累计 items=292 windows=8104 elapsed=109s
[gpu4] [encode] RouteStick_ep278_exec windows=14 took=0.2s (13 ms/窗) 累计 items=282 windows=7998 elapsed=109s
[gpu1] [encode] RouteStick_ep280_exec windows=14 took=0.2s (13 ms/窗) 累计 items=297 windows=8260 elapsed=108s
[gpu0] [encode] RouteStick_ep284_exec windows=14 took=0.2s (13 ms/窗) 累计 items=288 windows=8031 elapsed=109s
[gpu6] [encode] RouteStick_ep290_exec windows=14 took=0.2s (13 ms/窗) 累计 items=300 windows=8342 elapsed=109s
[gpu2] [encode] RouteStick_ep295_exec windows=14 took=0.2s (13 ms/窗) 累计 items=279 windows=7759 elapsed=109s
[gpu7] [encode] VideoRepick_ep10_exec windows=14 took=0.2s (13 ms/窗) 累计 items=233 windows=5991 elapsed=108s
[gpu5] [encode] RouteStick_ep291_exec windows=14 took=0.2s (16 ms/窗) 累计 items=291 windows=8137 elapsed=109s
[gpu3] [encode] VideoRepick_ep110_exec windows=14 took=0.2s (14 ms/窗) 累计 items=293 windows=8118 elapsed=109s
[gpu4] [encode] VideoRepick_ep116_exec windows=14 took=0.2s (13 ms/窗) 累计 items=283 windows=8012 elapsed=109s
[gpu1] [encode] VideoRepick_ep118_exec windows=14 took=0.2s (13 ms/窗) 累计 items=298 windows=8274 elapsed=109s
[gpu0] [encode] VideoRepick_ep132_exec windows=14 took=0.2s (13 ms/窗) 累计 items=289 windows=8045 elapsed=109s
[gpu6] [encode] VideoRepick_ep171_exec windows=14 took=0.2s (13 ms/窗) 累计 items=301 windows=8356 elapsed=109s
[gpu7] [encode] VideoRepick_ep213_exec windows=14 took=0.2s (13 ms/窗) 累计 items=234 windows=6005 elapsed=108s
[gpu2] [encode] VideoRepick_ep180_exec windows=14 took=0.2s (13 ms/窗) 累计 items=280 windows=7773 elapsed=109s
[gpu3] [encode] VideoRepick_ep215_exec windows=14 took=0.2s (13 ms/窗) 累计 items=294 windows=8132 elapsed=109s
[gpu4] [encode] VideoRepick_ep223_exec windows=14 took=0.2s (13 ms/窗) 累计 items=284 windows=8026 elapsed=109s
[gpu1] [encode] VideoRepick_ep22_exec windows=14 took=0.2s (13 ms/窗) 累计 items=299 windows=8288 elapsed=109s
[gpu0] [encode] VideoRepick_ep240_exec windows=14 took=0.2s (13 ms/窗) 累计 items=290 windows=8059 elapsed=109s
[gpu6] [encode] VideoRepick_ep250_exec windows=14 took=0.2s (13 ms/窗) 累计 items=302 windows=8370 elapsed=109s
[gpu7] [encode] VideoRepick_ep308_exec windows=14 took=0.2s (13 ms/窗) 累计 items=235 windows=6019 elapsed=109s
[gpu5] [encode] VideoRepick_ep261_exec windows=14 took=0.2s (16 ms/窗) 累计 items=292 windows=8151 elapsed=109s
[gpu2] [encode] VideoRepick_ep313_exec windows=14 took=0.2s (13 ms/窗) 累计 items=281 windows=7787 elapsed=109s
[gpu3] [encode] VideoRepick_ep323_exec windows=14 took=0.2s (13 ms/窗) 累计 items=295 windows=8146 elapsed=109s
[gpu4] [encode] VideoRepick_ep328_exec windows=14 took=0.2s (13 ms/窗) 累计 items=285 windows=8040 elapsed=109s
[gpu1] [encode] VideoRepick_ep32_exec windows=14 took=0.2s (13 ms/窗) 累计 items=300 windows=8302 elapsed=109s
[gpu0] [encode] VideoRepick_ep352_exec windows=14 took=0.2s (13 ms/窗) 累计 items=291 windows=8073 elapsed=110s
[gpu6] [encode] VideoRepick_ep354_exec windows=14 took=0.2s (13 ms/窗) 累计 items=303 windows=8384 elapsed=109s
[gpu7] [encode] VideoRepick_ep362_exec windows=14 took=0.2s (13 ms/窗) 累计 items=236 windows=6033 elapsed=109s
[gpu2] [encode] VideoRepick_ep389_exec windows=14 took=0.2s (13 ms/窗) 累计 items=282 windows=7801 elapsed=109s
[gpu3] [encode] VideoRepick_ep399_exec windows=14 took=0.2s (13 ms/窗) 累计 items=296 windows=8160 elapsed=109s
[gpu5] [encode] VideoRepick_ep376_exec windows=14 took=0.2s (16 ms/窗) 累计 items=293 windows=8165 elapsed=110s
[gpu4] [encode] VideoRepick_ep44_exec windows=14 took=0.2s (13 ms/窗) 累计 items=286 windows=8054 elapsed=109s
[gpu1] [encode] VideoRepick_ep67_exec windows=14 took=0.2s (13 ms/窗) 累计 items=301 windows=8316 elapsed=109s
[gpu0] [encode] VideoRepick_ep82_exec windows=14 took=0.2s (13 ms/窗) 累计 items=292 windows=8087 elapsed=110s
[gpu6] [encode] VideoRepick_ep84_exec windows=14 took=0.2s (13 ms/窗) 累计 items=304 windows=8398 elapsed=109s
[gpu7] [encode] VideoRepick_ep89_exec windows=14 took=0.2s (13 ms/窗) 累计 items=237 windows=6047 elapsed=109s
[gpu2] [encode] VideoUnmaskSwap_ep13_exec windows=14 took=0.2s (14 ms/窗) 累计 items=283 windows=7815 elapsed=109s
[gpu3] [encode] VideoUnmaskSwap_ep16_exec windows=14 took=0.2s (14 ms/窗) 累计 items=297 windows=8174 elapsed=109s
[gpu4] [encode] VideoUnmaskSwap_ep18_exec windows=14 took=0.2s (13 ms/窗) 累计 items=287 windows=8068 elapsed=109s
[gpu1] [encode] VideoUnmaskSwap_ep19_exec windows=14 took=0.2s (13 ms/窗) 累计 items=302 windows=8330 elapsed=109s
[gpu0] [encode] VideoUnmaskSwap_ep206_exec windows=14 took=0.2s (13 ms/窗) 累计 items=293 windows=8101 elapsed=110s
[gpu6] [encode] VideoUnmaskSwap_ep209_exec windows=14 took=0.2s (13 ms/窗) 累计 items=305 windows=8412 elapsed=109s
[gpu7] [encode] VideoUnmaskSwap_ep211_exec windows=14 took=0.2s (13 ms/窗) 累计 items=238 windows=6061 elapsed=109s
[gpu5] [encode] VideoUnmaskSwap_ep20_exec windows=14 took=0.2s (16 ms/窗) 累计 items=294 windows=8179 elapsed=110s
[gpu2] [encode] VideoUnmaskSwap_ep214_exec windows=14 took=0.2s (13 ms/窗) 累计 items=284 windows=7829 elapsed=110s
[gpu3] [encode] VideoUnmaskSwap_ep215_exec windows=14 took=0.2s (13 ms/窗) 累计 items=298 windows=8188 elapsed=110s
[gpu4] [encode] VideoUnmaskSwap_ep217_exec windows=14 took=0.2s (13 ms/窗) 累计 items=288 windows=8082 elapsed=110s
[gpu1] [encode] VideoUnmaskSwap_ep223_exec windows=14 took=0.2s (13 ms/窗) 累计 items=303 windows=8344 elapsed=109s
[gpu0] [encode] VideoUnmaskSwap_ep226_exec windows=14 took=0.2s (13 ms/窗) 累计 items=294 windows=8115 elapsed=110s
[gpu6] [encode] VideoUnmaskSwap_ep229_exec windows=14 took=0.2s (13 ms/窗) 累计 items=306 windows=8426 elapsed=110s
[gpu7] [encode] VideoUnmaskSwap_ep233_exec windows=14 took=0.2s (13 ms/窗) 累计 items=239 windows=6075 elapsed=109s
[gpu2] [encode] VideoUnmaskSwap_ep238_exec windows=14 took=0.2s (13 ms/窗) 累计 items=285 windows=7843 elapsed=110s
[gpu3] [encode] VideoUnmaskSwap_ep247_exec windows=14 took=0.2s (13 ms/窗) 累计 items=299 windows=8202 elapsed=110s
[gpu4] [encode] VideoUnmaskSwap_ep250_exec windows=14 took=0.2s (13 ms/窗) 累计 items=289 windows=8096 elapsed=110s
[gpu1] [encode] VideoUnmaskSwap_ep251_exec windows=14 took=0.2s (13 ms/窗) 累计 items=304 windows=8358 elapsed=110s
[gpu0] [encode] VideoUnmaskSwap_ep254_exec windows=14 took=0.2s (13 ms/窗) 累计 items=295 windows=8129 elapsed=110s
[gpu6] [encode] VideoUnmaskSwap_ep256_exec windows=14 took=0.2s (13 ms/窗) 累计 items=307 windows=8440 elapsed=110s
[gpu7] [encode] VideoUnmaskSwap_ep25_exec windows=14 took=0.2s (13 ms/窗) 累计 items=240 windows=6089 elapsed=110s
[gpu5] [encode] VideoUnmaskSwap_ep258_exec windows=14 took=0.2s (16 ms/窗) 累计 items=295 windows=8193 elapsed=110s
[gpu2] [encode] VideoUnmaskSwap_ep260_exec windows=14 took=0.2s (13 ms/窗) 累计 items=286 windows=7857 elapsed=110s
[gpu4] [encode] VideoUnmaskSwap_ep270_exec windows=14 took=0.2s (13 ms/窗) 累计 items=290 windows=8110 elapsed=110s
[gpu3] [encode] VideoUnmaskSwap_ep262_exec windows=14 took=0.2s (13 ms/窗) 累计 items=300 windows=8216 elapsed=110s
[gpu1] [encode] VideoUnmaskSwap_ep275_exec windows=14 took=0.2s (13 ms/窗) 累计 items=305 windows=8372 elapsed=110s
[gpu0] [encode] VideoUnmaskSwap_ep281_exec windows=14 took=0.2s (13 ms/窗) 累计 items=296 windows=8143 elapsed=111s
[gpu6] [encode] VideoUnmaskSwap_ep283_exec windows=14 took=0.2s (13 ms/窗) 累计 items=308 windows=8454 elapsed=110s
[gpu7] [encode] VideoUnmaskSwap_ep284_exec windows=14 took=0.2s (13 ms/窗) 累计 items=241 windows=6103 elapsed=110s
[gpu2] [encode] VideoUnmaskSwap_ep290_exec windows=14 took=0.2s (13 ms/窗) 累计 items=287 windows=7871 elapsed=110s
[gpu4] [encode] VideoUnmaskSwap_ep291_exec windows=14 took=0.2s (13 ms/窗) 累计 items=291 windows=8124 elapsed=110s
[gpu1] [encode] VideoUnmaskSwap_ep293_exec windows=14 took=0.2s (13 ms/窗) 累计 items=306 windows=8386 elapsed=110s
[gpu5] [encode] VideoUnmaskSwap_ep28_exec windows=14 took=0.2s (16 ms/窗) 累计 items=296 windows=8207 elapsed=111s
[gpu3] [encode] VideoUnmaskSwap_ep299_exec windows=14 took=0.2s (13 ms/窗) 累计 items=301 windows=8230 elapsed=110s
[gpu0] [encode] VideoUnmaskSwap_ep306_exec windows=14 took=0.2s (13 ms/窗) 累计 items=297 windows=8157 elapsed=111s
[gpu6] [encode] VideoUnmaskSwap_ep310_exec windows=14 took=0.2s (13 ms/窗) 累计 items=309 windows=8468 elapsed=110s
[gpu7] [encode] VideoUnmaskSwap_ep311_exec windows=14 took=0.2s (13 ms/窗) 累计 items=242 windows=6117 elapsed=110s
[gpu2] [encode] VideoUnmaskSwap_ep312_exec windows=14 took=0.2s (13 ms/窗) 累计 items=288 windows=7885 elapsed=110s
[gpu4] [encode] VideoUnmaskSwap_ep314_exec windows=14 took=0.2s (13 ms/窗) 累计 items=292 windows=8138 elapsed=110s
[gpu1] [encode] VideoUnmaskSwap_ep321_exec windows=14 took=0.2s (13 ms/窗) 累计 items=307 windows=8400 elapsed=110s
[gpu3] [encode] VideoUnmaskSwap_ep324_exec windows=14 took=0.2s (13 ms/窗) 累计 items=302 windows=8244 elapsed=110s
[gpu0] [encode] VideoUnmaskSwap_ep328_exec windows=14 took=0.2s (13 ms/窗) 累计 items=298 windows=8171 elapsed=111s
[gpu6] [encode] VideoUnmaskSwap_ep329_exec windows=14 took=0.2s (13 ms/窗) 累计 items=310 windows=8482 elapsed=110s
[gpu7] [encode] VideoUnmaskSwap_ep331_exec windows=14 took=0.2s (13 ms/窗) 累计 items=243 windows=6131 elapsed=110s
[gpu2] [encode] VideoUnmaskSwap_ep335_exec windows=14 took=0.2s (13 ms/窗) 累计 items=289 windows=7899 elapsed=111s
[gpu4] [encode] VideoUnmaskSwap_ep338_exec windows=14 took=0.2s (13 ms/窗) 累计 items=293 windows=8152 elapsed=111s
[gpu1] [encode] VideoUnmaskSwap_ep339_exec windows=14 took=0.2s (13 ms/窗) 累计 items=308 windows=8414 elapsed=110s
[gpu5] [encode] VideoUnmaskSwap_ep334_exec windows=14 took=0.2s (16 ms/窗) 累计 items=297 windows=8221 elapsed=111s
[gpu3] [encode] VideoUnmaskSwap_ep340_exec windows=14 took=0.2s (13 ms/窗) 累计 items=303 windows=8258 elapsed=111s
[gpu0] [encode] VideoUnmaskSwap_ep345_exec windows=14 took=0.2s (13 ms/窗) 累计 items=299 windows=8185 elapsed=111s
[gpu6] [encode] VideoUnmaskSwap_ep348_exec windows=14 took=0.2s (13 ms/窗) 累计 items=311 windows=8496 elapsed=111s
[gpu7] [encode] VideoUnmaskSwap_ep351_exec windows=14 took=0.2s (13 ms/窗) 累计 items=244 windows=6145 elapsed=110s
[gpu2] [encode] VideoUnmaskSwap_ep352_exec windows=14 took=0.2s (13 ms/窗) 累计 items=290 windows=7913 elapsed=111s
[gpu4] [encode] VideoUnmaskSwap_ep354_exec windows=14 took=0.2s (13 ms/窗) 累计 items=294 windows=8166 elapsed=111s
[gpu1] [encode] VideoUnmaskSwap_ep361_exec windows=14 took=0.2s (13 ms/窗) 累计 items=309 windows=8428 elapsed=111s
[gpu3] [encode] VideoUnmaskSwap_ep366_exec windows=14 took=0.2s (13 ms/窗) 累计 items=304 windows=8272 elapsed=111s
[gpu6] [encode] VideoUnmaskSwap_ep371_exec windows=14 took=0.2s (13 ms/窗) 累计 items=312 windows=8510 elapsed=111s
[gpu0] [encode] VideoUnmaskSwap_ep370_exec windows=14 took=0.2s (13 ms/窗) 累计 items=300 windows=8199 elapsed=111s
[gpu7] [encode] VideoUnmaskSwap_ep372_exec windows=14 took=0.2s (13 ms/窗) 累计 items=245 windows=6159 elapsed=111s
[gpu4] [encode] VideoUnmaskSwap_ep378_exec windows=14 took=0.2s (13 ms/窗) 累计 items=295 windows=8180 elapsed=111s
[gpu2] [encode] VideoUnmaskSwap_ep374_exec windows=14 took=0.2s (13 ms/窗) 累计 items=291 windows=7927 elapsed=111s
[gpu5] [encode] VideoUnmaskSwap_ep373_exec windows=14 took=0.2s (16 ms/窗) 累计 items=298 windows=8235 elapsed=111s
[gpu1] [encode] VideoUnmaskSwap_ep37_exec windows=14 took=0.2s (13 ms/窗) 累计 items=310 windows=8442 elapsed=111s
[gpu3] [encode] VideoUnmaskSwap_ep383_exec windows=14 took=0.2s (13 ms/窗) 累计 items=305 windows=8286 elapsed=111s
[gpu6] [encode] VideoUnmaskSwap_ep386_exec windows=14 took=0.2s (13 ms/窗) 累计 items=313 windows=8524 elapsed=111s
[gpu0] [encode] VideoUnmaskSwap_ep387_exec windows=14 took=0.2s (13 ms/窗) 累计 items=301 windows=8213 elapsed=111s
[gpu7] [encode] VideoUnmaskSwap_ep388_exec windows=14 took=0.2s (13 ms/窗) 累计 items=246 windows=6173 elapsed=111s
[gpu4] [encode] VideoUnmaskSwap_ep392_exec windows=14 took=0.2s (13 ms/窗) 累计 items=296 windows=8194 elapsed=111s
[gpu1] [encode] VideoUnmaskSwap_ep395_exec windows=14 took=0.2s (13 ms/窗) 累计 items=311 windows=8456 elapsed=111s
[gpu2] [encode] VideoUnmaskSwap_ep45_exec windows=14 took=0.2s (13 ms/窗) 累计 items=292 windows=7941 elapsed=111s
[gpu3] [encode] VideoUnmaskSwap_ep48_exec windows=14 took=0.2s (13 ms/窗) 累计 items=306 windows=8300 elapsed=111s
[gpu6] [encode] VideoUnmaskSwap_ep51_exec windows=14 took=0.2s (13 ms/窗) 累计 items=314 windows=8538 elapsed=111s
[gpu0] [encode] VideoUnmaskSwap_ep53_exec windows=14 took=0.2s (13 ms/窗) 累计 items=302 windows=8227 elapsed=112s
[gpu7] [encode] VideoUnmaskSwap_ep54_exec windows=14 took=0.2s (13 ms/窗) 累计 items=247 windows=6187 elapsed=111s
[gpu5] [encode] VideoUnmaskSwap_ep60_exec windows=14 took=0.2s (16 ms/窗) 累计 items=299 windows=8249 elapsed=112s
[gpu4] [encode] VideoUnmaskSwap_ep63_exec windows=14 took=0.2s (13 ms/窗) 累计 items=297 windows=8208 elapsed=111s
[gpu1] [encode] VideoUnmaskSwap_ep70_exec windows=14 took=0.2s (13 ms/窗) 累计 items=312 windows=8470 elapsed=111s
[gpu2] [encode] VideoUnmaskSwap_ep89_exec windows=14 took=0.2s (13 ms/窗) 累计 items=293 windows=7955 elapsed=111s
[gpu3] [encode] VideoUnmaskSwap_ep91_exec windows=14 took=0.2s (13 ms/窗) 累计 items=307 windows=8314 elapsed=111s
[gpu6] [encode] VideoUnmaskSwap_ep92_exec windows=14 took=0.2s (13 ms/窗) 累计 items=315 windows=8552 elapsed=111s
[gpu0] [encode] VideoUnmaskSwap_ep98_exec windows=14 took=0.2s (13 ms/窗) 累计 items=303 windows=8241 elapsed=112s
[gpu7] [encode] VideoUnmaskSwap_ep99_exec windows=14 took=0.2s (13 ms/窗) 累计 items=248 windows=6201 elapsed=111s
[gpu4] [encode] VideoUnmaskSwap_ep200_demo windows=13 took=0.2s (13 ms/窗) 累计 items=298 windows=8221 elapsed=111s
[gpu1] [encode] VideoUnmaskSwap_ep202_demo windows=13 took=0.2s (13 ms/窗) 累计 items=313 windows=8483 elapsed=111s
[gpu5] [encode] VideoUnmaskSwap_ep14_exec windows=13 took=0.2s (16 ms/窗) 累计 items=300 windows=8262 elapsed=112s
[gpu3] [encode] VideoUnmaskSwap_ep207_demo windows=13 took=0.2s (13 ms/窗) 累计 items=308 windows=8327 elapsed=112s
[gpu2] [encode] VideoUnmaskSwap_ep203_demo windows=13 took=0.2s (13 ms/窗) 累计 items=294 windows=7968 elapsed=112s
[gpu6] [encode] VideoUnmaskSwap_ep209_demo windows=13 took=0.2s (13 ms/窗) 累计 items=316 windows=8565 elapsed=111s
[gpu0] [encode] VideoUnmaskSwap_ep212_demo windows=13 took=0.2s (13 ms/窗) 累计 items=304 windows=8254 elapsed=112s
[gpu7] [encode] VideoUnmaskSwap_ep215_demo windows=13 took=0.2s (13 ms/窗) 累计 items=249 windows=6214 elapsed=111s
[gpu4] [encode] VideoUnmaskSwap_ep216_demo windows=13 took=0.2s (13 ms/窗) 累计 items=299 windows=8234 elapsed=112s
[gpu1] [encode] VideoUnmaskSwap_ep218_demo windows=13 took=0.2s (13 ms/窗) 累计 items=314 windows=8496 elapsed=111s
[gpu3] [encode] VideoUnmaskSwap_ep219_demo windows=13 took=0.2s (13 ms/窗) 累计 items=309 windows=8340 elapsed=112s
[gpu6] [encode] VideoUnmaskSwap_ep221_demo windows=13 took=0.2s (13 ms/窗) 累计 items=317 windows=8578 elapsed=112s
[gpu2] [encode] VideoUnmaskSwap_ep224_demo windows=13 took=0.2s (13 ms/窗) 累计 items=295 windows=7981 elapsed=112s
[gpu0] [encode] VideoUnmaskSwap_ep224_exec windows=13 took=0.2s (13 ms/窗) 累计 items=305 windows=8267 elapsed=112s
[gpu7] [encode] VideoUnmaskSwap_ep225_demo windows=13 took=0.2s (13 ms/窗) 累计 items=250 windows=6227 elapsed=111s
[gpu4] [encode] VideoUnmaskSwap_ep227_exec windows=13 took=0.2s (13 ms/窗) 累计 items=300 windows=8247 elapsed=112s
[gpu1] [encode] VideoUnmaskSwap_ep228_demo windows=13 took=0.2s (13 ms/窗) 累计 items=315 windows=8509 elapsed=112s
[gpu5] [encode] VideoUnmaskSwap_ep227_demo windows=13 took=0.2s (16 ms/窗) 累计 items=301 windows=8275 elapsed=112s
[gpu3] [encode] VideoUnmaskSwap_ep228_exec windows=13 took=0.2s (13 ms/窗) 累计 items=310 windows=8353 elapsed=112s
[gpu6] [encode] VideoUnmaskSwap_ep233_demo windows=13 took=0.2s (13 ms/窗) 累计 items=318 windows=8591 elapsed=112s
[gpu0] [encode] VideoUnmaskSwap_ep236_demo windows=13 took=0.2s (13 ms/窗) 累计 items=306 windows=8280 elapsed=112s
[gpu2] [encode] VideoUnmaskSwap_ep234_demo windows=13 took=0.2s (13 ms/窗) 累计 items=296 windows=7994 elapsed=112s
[gpu7] [encode] VideoUnmaskSwap_ep236_exec windows=13 took=0.2s (13 ms/窗) 累计 items=251 windows=6240 elapsed=112s
[gpu4] [encode] VideoUnmaskSwap_ep237_demo windows=13 took=0.2s (13 ms/窗) 累计 items=301 windows=8260 elapsed=112s
[gpu1] [encode] VideoUnmaskSwap_ep238_demo windows=13 took=0.2s (13 ms/窗) 累计 items=316 windows=8522 elapsed=112s
[gpu3] [encode] VideoUnmaskSwap_ep240_demo windows=13 took=0.2s (13 ms/窗) 累计 items=311 windows=8366 elapsed=112s
[gpu6] [encode] VideoUnmaskSwap_ep241_exec windows=13 took=0.2s (13 ms/窗) 累计 items=319 windows=8604 elapsed=112s
[gpu0] [encode] VideoUnmaskSwap_ep243_demo windows=13 took=0.2s (13 ms/窗) 累计 items=307 windows=8293 elapsed=113s
[gpu7] [encode] VideoUnmaskSwap_ep244_demo windows=13 took=0.2s (13 ms/窗) 累计 items=252 windows=6253 elapsed=112s
[gpu2] [encode] VideoUnmaskSwap_ep247_demo windows=13 took=0.2s (13 ms/窗) 累计 items=297 windows=8007 elapsed=112s
[gpu4] [encode] VideoUnmaskSwap_ep248_exec windows=13 took=0.2s (13 ms/窗) 累计 items=302 windows=8273 elapsed=112s
[gpu1] [encode] VideoUnmaskSwap_ep250_demo windows=13 took=0.2s (13 ms/窗) 累计 items=317 windows=8535 elapsed=112s
[gpu5] [encode] VideoUnmaskSwap_ep248_demo windows=13 took=0.2s (16 ms/窗) 累计 items=302 windows=8288 elapsed=112s
[gpu3] [encode] VideoUnmaskSwap_ep253_demo windows=13 took=0.2s (13 ms/窗) 累计 items=312 windows=8379 elapsed=112s
[gpu6] [encode] VideoUnmaskSwap_ep253_exec windows=13 took=0.2s (13 ms/窗) 累计 items=320 windows=8617 elapsed=112s
[gpu0] [encode] VideoUnmaskSwap_ep255_demo windows=13 took=0.2s (13 ms/窗) 累计 items=308 windows=8306 elapsed=113s
[gpu7] [encode] VideoUnmaskSwap_ep256_demo windows=13 took=0.2s (13 ms/窗) 累计 items=253 windows=6266 elapsed=112s
[gpu2] [encode] VideoUnmaskSwap_ep258_demo windows=13 took=0.2s (13 ms/窗) 累计 items=298 windows=8020 elapsed=112s
[gpu1] [encode] VideoUnmaskSwap_ep264_demo windows=13 took=0.2s (13 ms/窗) 累计 items=318 windows=8548 elapsed=112s
[gpu4] [encode] VideoUnmaskSwap_ep261_demo windows=13 took=0.2s (13 ms/窗) 累计 items=303 windows=8286 elapsed=112s
[gpu3] [encode] VideoUnmaskSwap_ep265_demo windows=13 took=0.2s (13 ms/窗) 累计 items=313 windows=8392 elapsed=112s
[gpu6] [encode] VideoUnmaskSwap_ep266_demo windows=13 took=0.2s (13 ms/窗) 累计 items=321 windows=8630 elapsed=112s
[gpu5] [encode] VideoUnmaskSwap_ep264_exec windows=13 took=0.2s (16 ms/窗) 累计 items=303 windows=8301 elapsed=113s
[gpu0] [encode] VideoUnmaskSwap_ep268_exec windows=13 took=0.2s (13 ms/窗) 累计 items=309 windows=8319 elapsed=113s
[gpu7] [encode] VideoUnmaskSwap_ep269_demo windows=13 took=0.2s (13 ms/窗) 累计 items=254 windows=6279 elapsed=112s
[gpu2] [encode] VideoUnmaskSwap_ep270_demo windows=13 took=0.2s (13 ms/窗) 累计 items=299 windows=8033 elapsed=113s
[gpu1] [encode] VideoUnmaskSwap_ep271_exec windows=13 took=0.2s (13 ms/窗) 累计 items=319 windows=8561 elapsed=112s
[gpu4] [encode] VideoUnmaskSwap_ep272_demo windows=13 took=0.2s (13 ms/窗) 累计 items=304 windows=8299 elapsed=112s
[gpu3] [encode] VideoUnmaskSwap_ep273_demo windows=13 took=0.2s (13 ms/窗) 累计 items=314 windows=8405 elapsed=113s
[gpu6] [encode] VideoUnmaskSwap_ep273_exec windows=13 took=0.2s (13 ms/窗) 累计 items=322 windows=8643 elapsed=112s
[gpu0] [encode] VideoUnmaskSwap_ep274_demo windows=13 took=0.2s (13 ms/窗) 累计 items=310 windows=8332 elapsed=113s
[gpu7] [encode] VideoUnmaskSwap_ep274_exec windows=13 took=0.2s (13 ms/窗) 累计 items=255 windows=6292 elapsed=112s
[gpu2] [encode] VideoUnmaskSwap_ep276_demo windows=13 took=0.2s (13 ms/窗) 累计 items=300 windows=8046 elapsed=113s
[gpu1] [encode] VideoUnmaskSwap_ep282_demo windows=13 took=0.2s (13 ms/窗) 累计 items=320 windows=8574 elapsed=112s
[gpu4] [encode] VideoUnmaskSwap_ep285_demo windows=13 took=0.2s (13 ms/窗) 累计 items=305 windows=8312 elapsed=113s
[gpu5] [encode] VideoUnmaskSwap_ep285_exec windows=13 took=0.2s (13 ms/窗) 累计 items=304 windows=8314 elapsed=113s
[gpu3] [encode] VideoUnmaskSwap_ep287_demo windows=13 took=0.2s (13 ms/窗) 累计 items=315 windows=8418 elapsed=113s
[gpu6] [encode] VideoUnmaskSwap_ep288_demo windows=13 took=0.2s (13 ms/窗) 累计 items=323 windows=8656 elapsed=113s
[gpu0] [encode] VideoUnmaskSwap_ep289_demo windows=13 took=0.2s (13 ms/窗) 累计 items=311 windows=8345 elapsed=113s
[gpu7] [encode] VideoUnmaskSwap_ep290_demo windows=13 took=0.2s (13 ms/窗) 累计 items=256 windows=6305 elapsed=112s
[gpu2] [encode] VideoUnmaskSwap_ep291_demo windows=13 took=0.2s (13 ms/窗) 累计 items=301 windows=8059 elapsed=113s
[gpu1] [encode] VideoUnmaskSwap_ep293_demo windows=13 took=0.2s (13 ms/窗) 累计 items=321 windows=8587 elapsed=113s
[gpu4] [encode] VideoUnmaskSwap_ep296_demo windows=13 took=0.2s (13 ms/窗) 累计 items=306 windows=8325 elapsed=113s
[gpu5] [encode] VideoUnmaskSwap_ep296_exec windows=13 took=0.2s (13 ms/窗) 累计 items=305 windows=8327 elapsed=113s
[gpu3] [encode] VideoUnmaskSwap_ep297_demo windows=13 took=0.2s (13 ms/窗) 累计 items=316 windows=8431 elapsed=113s
[gpu6] [encode] VideoUnmaskSwap_ep332_exec windows=13 took=0.2s (13 ms/窗) 累计 items=324 windows=8669 elapsed=113s
[gpu7] [encode] VideoUnmaskSwap_ep357_exec windows=13 took=0.2s (13 ms/窗) 累计 items=257 windows=6318 elapsed=113s
[gpu0] [encode] VideoUnmaskSwap_ep356_exec windows=13 took=0.2s (13 ms/窗) 累计 items=312 windows=8358 elapsed=113s
[gpu2] [encode] VideoUnmaskSwap_ep360_exec windows=13 took=0.2s (13 ms/窗) 累计 items=302 windows=8072 elapsed=113s
[gpu1] [encode] VideoUnmaskSwap_ep365_exec windows=13 took=0.2s (13 ms/窗) 累计 items=322 windows=8600 elapsed=113s
[gpu4] [encode] VideoUnmaskSwap_ep367_exec windows=13 took=0.2s (13 ms/窗) 累计 items=307 windows=8338 elapsed=113s
[gpu5] [encode] VideoUnmaskSwap_ep49_exec windows=13 took=0.2s (13 ms/窗) 累计 items=306 windows=8340 elapsed=113s
[gpu3] [encode] VideoUnmaskSwap_ep61_exec windows=13 took=0.2s (13 ms/窗) 累计 items=317 windows=8444 elapsed=113s
[gpu6] [encode] VideoUnmaskSwap_ep69_exec windows=13 took=0.2s (13 ms/窗) 累计 items=325 windows=8682 elapsed=113s
[gpu7] [encode] VideoUnmaskSwap_ep71_exec windows=13 took=0.2s (13 ms/窗) 累计 items=258 windows=6331 elapsed=113s
[gpu0] [encode] VideoUnmaskSwap_ep94_exec windows=13 took=0.2s (13 ms/窗) 累计 items=313 windows=8371 elapsed=114s
[gpu2] [encode] RouteStick_ep103_demo windows=12 took=0.2s (13 ms/窗) 累计 items=303 windows=8084 elapsed=113s
[gpu1] [encode] RouteStick_ep104_demo windows=12 took=0.2s (13 ms/窗) 累计 items=323 windows=8612 elapsed=113s
[gpu4] [encode] RouteStick_ep105_demo windows=12 took=0.2s (13 ms/窗) 累计 items=308 windows=8350 elapsed=113s
[gpu5] [encode] RouteStick_ep107_demo windows=12 took=0.2s (13 ms/窗) 累计 items=307 windows=8352 elapsed=114s
[gpu3] [encode] RouteStick_ep108_demo windows=12 took=0.2s (13 ms/窗) 累计 items=318 windows=8456 elapsed=113s
[gpu6] [encode] RouteStick_ep114_demo windows=12 took=0.2s (13 ms/窗) 累计 items=326 windows=8694 elapsed=113s
[gpu7] [encode] RouteStick_ep115_demo windows=12 took=0.2s (13 ms/窗) 累计 items=259 windows=6343 elapsed=113s
[gpu0] [encode] RouteStick_ep116_demo windows=12 took=0.2s (13 ms/窗) 累计 items=314 windows=8383 elapsed=114s
[gpu2] [encode] RouteStick_ep117_demo windows=12 took=0.2s (13 ms/窗) 累计 items=304 windows=8096 elapsed=113s
[gpu1] [encode] RouteStick_ep119_demo windows=12 took=0.2s (13 ms/窗) 累计 items=324 windows=8624 elapsed=113s
[gpu4] [encode] RouteStick_ep120_demo windows=12 took=0.2s (13 ms/窗) 累计 items=309 windows=8362 elapsed=113s
[gpu5] [encode] RouteStick_ep123_demo windows=12 took=0.2s (13 ms/窗) 累计 items=308 windows=8364 elapsed=114s
[gpu3] [encode] RouteStick_ep125_demo windows=12 took=0.2s (13 ms/窗) 累计 items=319 windows=8468 elapsed=113s
[gpu6] [encode] RouteStick_ep126_demo windows=12 took=0.2s (13 ms/窗) 累计 items=327 windows=8706 elapsed=113s
[gpu7] [encode] RouteStick_ep127_demo windows=12 took=0.2s (13 ms/窗) 累计 items=260 windows=6355 elapsed=113s
[gpu0] [encode] RouteStick_ep131_demo windows=12 took=0.2s (13 ms/窗) 累计 items=315 windows=8395 elapsed=114s
[gpu2] [encode] RouteStick_ep132_demo windows=12 took=0.2s (13 ms/窗) 累计 items=305 windows=8108 elapsed=114s
[gpu1] [encode] RouteStick_ep134_demo windows=12 took=0.2s (13 ms/窗) 累计 items=325 windows=8636 elapsed=113s
[gpu4] [encode] RouteStick_ep135_demo windows=12 took=0.2s (13 ms/窗) 累计 items=310 windows=8374 elapsed=113s
[gpu5] [encode] RouteStick_ep136_demo windows=12 took=0.2s (13 ms/窗) 累计 items=309 windows=8376 elapsed=114s
[gpu3] [encode] RouteStick_ep141_demo windows=12 took=0.2s (13 ms/窗) 累计 items=320 windows=8480 elapsed=114s
[gpu6] [encode] RouteStick_ep144_demo windows=12 took=0.2s (13 ms/窗) 累计 items=328 windows=8718 elapsed=113s
[gpu7] [encode] RouteStick_ep146_demo windows=12 took=0.2s (13 ms/窗) 累计 items=261 windows=6367 elapsed=113s
[gpu0] [encode] RouteStick_ep148_demo windows=12 took=0.2s (13 ms/窗) 累计 items=316 windows=8407 elapsed=114s
[gpu2] [encode] RouteStick_ep149_demo windows=12 took=0.2s (13 ms/窗) 累计 items=306 windows=8120 elapsed=114s
[gpu1] [encode] RouteStick_ep153_demo windows=12 took=0.2s (13 ms/窗) 累计 items=326 windows=8648 elapsed=113s
[gpu4] [encode] RouteStick_ep155_demo windows=12 took=0.2s (13 ms/窗) 累计 items=311 windows=8386 elapsed=114s
[gpu5] [encode] RouteStick_ep156_demo windows=12 took=0.2s (13 ms/窗) 累计 items=310 windows=8388 elapsed=114s
[gpu3] [encode] RouteStick_ep158_demo windows=12 took=0.2s (13 ms/窗) 累计 items=321 windows=8492 elapsed=114s
[gpu6] [encode] RouteStick_ep159_demo windows=12 took=0.2s (13 ms/窗) 累计 items=329 windows=8730 elapsed=114s
[gpu7] [encode] RouteStick_ep160_demo windows=12 took=0.2s (13 ms/窗) 累计 items=262 windows=6379 elapsed=113s
[gpu0] [encode] RouteStick_ep161_demo windows=12 took=0.2s (13 ms/窗) 累计 items=317 windows=8419 elapsed=114s
[gpu1] [encode] RouteStick_ep166_demo windows=12 took=0.2s (13 ms/窗) 累计 items=327 windows=8660 elapsed=114s
[gpu2] [encode] RouteStick_ep162_demo windows=12 took=0.2s (13 ms/窗) 累计 items=307 windows=8132 elapsed=114s
[gpu4] [encode] RouteStick_ep169_demo windows=12 took=0.2s (13 ms/窗) 累计 items=312 windows=8398 elapsed=114s
[gpu5] [encode] RouteStick_ep171_demo windows=12 took=0.2s (13 ms/窗) 累计 items=311 windows=8400 elapsed=114s
[gpu3] [encode] RouteStick_ep173_demo windows=12 took=0.2s (13 ms/窗) 累计 items=322 windows=8504 elapsed=114s
[gpu6] [encode] RouteStick_ep175_demo windows=12 took=0.2s (13 ms/窗) 累计 items=330 windows=8742 elapsed=114s
[gpu7] [encode] RouteStick_ep177_demo windows=12 took=0.2s (13 ms/窗) 累计 items=263 windows=6391 elapsed=114s
[gpu0] [encode] RouteStick_ep178_demo windows=12 took=0.2s (13 ms/窗) 累计 items=318 windows=8431 elapsed=114s
[gpu1] [encode] RouteStick_ep180_demo windows=12 took=0.2s (13 ms/窗) 累计 items=328 windows=8672 elapsed=114s
[gpu2] [encode] RouteStick_ep181_demo windows=12 took=0.2s (13 ms/窗) 累计 items=308 windows=8144 elapsed=114s
[gpu4] [encode] RouteStick_ep183_demo windows=12 took=0.2s (13 ms/窗) 累计 items=313 windows=8410 elapsed=114s
[gpu5] [encode] RouteStick_ep184_demo windows=12 took=0.2s (13 ms/窗) 累计 items=312 windows=8412 elapsed=114s
[gpu6] [encode] RouteStick_ep190_demo windows=12 took=0.2s (13 ms/窗) 累计 items=331 windows=8754 elapsed=114s
[gpu3] [encode] RouteStick_ep185_demo windows=12 took=0.2s (13 ms/窗) 累计 items=323 windows=8516 elapsed=114s
[gpu7] [encode] RouteStick_ep193_demo windows=12 took=0.2s (13 ms/窗) 累计 items=264 windows=6403 elapsed=114s
[gpu0] [encode] RouteStick_ep196_demo windows=12 took=0.2s (13 ms/窗) 累计 items=319 windows=8443 elapsed=115s
[gpu1] [encode] RouteStick_ep197_demo windows=12 took=0.2s (13 ms/窗) 累计 items=329 windows=8684 elapsed=114s
[gpu2] [encode] RouteStick_ep198_demo windows=12 took=0.2s (13 ms/窗) 累计 items=309 windows=8156 elapsed=114s
[gpu4] [encode] RouteStick_ep200_demo windows=12 took=0.2s (13 ms/窗) 累计 items=314 windows=8422 elapsed=114s
[gpu5] [encode] RouteStick_ep205_demo windows=12 took=0.2s (13 ms/窗) 累计 items=313 windows=8424 elapsed=114s
[gpu6] [encode] RouteStick_ep211_demo windows=12 took=0.2s (13 ms/窗) 累计 items=332 windows=8766 elapsed=114s
[gpu3] [encode] RouteStick_ep212_demo windows=12 took=0.2s (13 ms/窗) 累计 items=324 windows=8528 elapsed=114s
[gpu7] [encode] RouteStick_ep214_demo windows=12 took=0.2s (13 ms/窗) 累计 items=265 windows=6415 elapsed=114s
[gpu0] [encode] RouteStick_ep220_demo windows=12 took=0.2s (13 ms/窗) 累计 items=320 windows=8455 elapsed=115s
[gpu1] [encode] RouteStick_ep222_demo windows=12 took=0.2s (13 ms/窗) 累计 items=330 windows=8696 elapsed=114s
[gpu2] [encode] RouteStick_ep233_demo windows=12 took=0.2s (13 ms/窗) 累计 items=310 windows=8168 elapsed=114s
[gpu4] [encode] RouteStick_ep234_demo windows=12 took=0.2s (13 ms/窗) 累计 items=315 windows=8434 elapsed=114s
[gpu5] [encode] RouteStick_ep237_demo windows=12 took=0.2s (13 ms/窗) 累计 items=314 windows=8436 elapsed=115s
[gpu6] [encode] RouteStick_ep242_demo windows=12 took=0.2s (13 ms/窗) 累计 items=333 windows=8778 elapsed=114s
[gpu3] [encode] RouteStick_ep246_demo windows=12 took=0.2s (13 ms/窗) 累计 items=325 windows=8540 elapsed=114s
[gpu7] [encode] RouteStick_ep250_demo windows=12 took=0.2s (13 ms/窗) 累计 items=266 windows=6427 elapsed=114s
[gpu0] [encode] RouteStick_ep252_demo windows=12 took=0.2s (13 ms/窗) 累计 items=321 windows=8467 elapsed=115s
[gpu1] [encode] RouteStick_ep253_demo windows=12 took=0.2s (13 ms/窗) 累计 items=331 windows=8708 elapsed=114s
[gpu4] [encode] RouteStick_ep267_demo windows=12 took=0.2s (13 ms/窗) 累计 items=316 windows=8446 elapsed=114s
[gpu2] [encode] RouteStick_ep262_demo windows=12 took=0.2s (13 ms/窗) 累计 items=311 windows=8180 elapsed=114s
[gpu6] [encode] RouteStick_ep271_demo windows=12 took=0.2s (13 ms/窗) 累计 items=334 windows=8790 elapsed=114s
[gpu5] [encode] RouteStick_ep268_demo windows=12 took=0.2s (15 ms/窗) 累计 items=315 windows=8448 elapsed=115s
[gpu7] [encode] RouteStick_ep281_demo windows=12 took=0.2s (13 ms/窗) 累计 items=267 windows=6439 elapsed=114s
[gpu3] [encode] RouteStick_ep276_demo windows=12 took=0.2s (13 ms/窗) 累计 items=326 windows=8552 elapsed=115s
[gpu0] [encode] RouteStick_ep287_demo windows=12 took=0.2s (13 ms/窗) 累计 items=322 windows=8479 elapsed=115s
[gpu1] [encode] RouteStick_ep293_demo windows=12 took=0.2s (13 ms/窗) 累计 items=332 windows=8720 elapsed=114s
[gpu4] [encode] RouteStick_ep297_demo windows=12 took=0.2s (13 ms/窗) 累计 items=317 windows=8458 elapsed=115s
[gpu2] [encode] RouteStick_ep298_demo windows=12 took=0.2s (13 ms/窗) 累计 items=312 windows=8192 elapsed=115s
[gpu6] [encode] RouteStick_ep103_exec windows=11 took=0.1s (13 ms/窗) 累计 items=335 windows=8801 elapsed=115s
[gpu7] [encode] RouteStick_ep104_exec windows=11 took=0.1s (13 ms/窗) 累计 items=268 windows=6450 elapsed=114s
[gpu3] [encode] RouteStick_ep105_exec windows=11 took=0.1s (13 ms/窗) 累计 items=327 windows=8563 elapsed=115s
[gpu5] [encode] RouteStick_ep107_exec windows=11 took=0.1s (13 ms/窗) 累计 items=316 windows=8459 elapsed=115s
[gpu0] [encode] RouteStick_ep108_exec windows=11 took=0.1s (13 ms/窗) 累计 items=323 windows=8490 elapsed=115s
[gpu1] [encode] RouteStick_ep114_exec windows=11 took=0.1s (13 ms/窗) 累计 items=333 windows=8731 elapsed=115s
[gpu4] [encode] RouteStick_ep115_exec windows=11 took=0.1s (13 ms/窗) 累计 items=318 windows=8469 elapsed=115s
[gpu2] [encode] RouteStick_ep116_exec windows=11 took=0.1s (13 ms/窗) 累计 items=313 windows=8203 elapsed=115s
[gpu6] [encode] RouteStick_ep117_exec windows=11 took=0.1s (13 ms/窗) 累计 items=336 windows=8812 elapsed=115s
[gpu7] [encode] RouteStick_ep119_exec windows=11 took=0.1s (13 ms/窗) 累计 items=269 windows=6461 elapsed=114s
[gpu3] [encode] RouteStick_ep120_exec windows=11 took=0.1s (13 ms/窗) 累计 items=328 windows=8574 elapsed=115s
[gpu5] [encode] RouteStick_ep123_exec windows=11 took=0.1s (13 ms/窗) 累计 items=317 windows=8470 elapsed=115s
[gpu0] [encode] RouteStick_ep125_exec windows=11 took=0.1s (13 ms/窗) 累计 items=324 windows=8501 elapsed=115s
[gpu1] [encode] RouteStick_ep126_exec windows=11 took=0.1s (13 ms/窗) 累计 items=334 windows=8742 elapsed=115s
[gpu4] [encode] RouteStick_ep127_exec windows=11 took=0.1s (13 ms/窗) 累计 items=319 windows=8480 elapsed=115s
[gpu2] [encode] RouteStick_ep131_exec windows=11 took=0.1s (13 ms/窗) 累计 items=314 windows=8214 elapsed=115s
[gpu6] [encode] RouteStick_ep132_exec windows=11 took=0.1s (13 ms/窗) 累计 items=337 windows=8823 elapsed=115s
[gpu7] [encode] RouteStick_ep134_exec windows=11 took=0.1s (13 ms/窗) 累计 items=270 windows=6472 elapsed=115s
[gpu3] [encode] RouteStick_ep135_exec windows=11 took=0.1s (13 ms/窗) 累计 items=329 windows=8585 elapsed=115s
[gpu5] [encode] RouteStick_ep136_exec windows=11 took=0.1s (13 ms/窗) 累计 items=318 windows=8481 elapsed=115s
[gpu0] [encode] RouteStick_ep141_exec windows=11 took=0.1s (13 ms/窗) 累计 items=325 windows=8512 elapsed=115s
[gpu1] [encode] RouteStick_ep144_exec windows=11 took=0.1s (13 ms/窗) 累计 items=335 windows=8753 elapsed=115s
[gpu4] [encode] RouteStick_ep146_exec windows=11 took=0.1s (13 ms/窗) 累计 items=320 windows=8491 elapsed=115s
[gpu2] [encode] RouteStick_ep148_exec windows=11 took=0.1s (13 ms/窗) 累计 items=315 windows=8225 elapsed=115s
[gpu6] [encode] RouteStick_ep149_exec windows=11 took=0.1s (13 ms/窗) 累计 items=338 windows=8834 elapsed=115s
[gpu7] [encode] RouteStick_ep153_exec windows=11 took=0.1s (13 ms/窗) 累计 items=271 windows=6483 elapsed=115s
[gpu3] [encode] RouteStick_ep155_exec windows=11 took=0.1s (13 ms/窗) 累计 items=330 windows=8596 elapsed=115s
[gpu5] [encode] RouteStick_ep156_exec windows=11 took=0.1s (13 ms/窗) 累计 items=319 windows=8492 elapsed=115s
[gpu0] [encode] RouteStick_ep158_exec windows=11 took=0.1s (13 ms/窗) 累计 items=326 windows=8523 elapsed=116s
[gpu1] [encode] RouteStick_ep159_exec windows=11 took=0.1s (13 ms/窗) 累计 items=336 windows=8764 elapsed=115s
[gpu4] [encode] RouteStick_ep160_exec windows=11 took=0.1s (13 ms/窗) 累计 items=321 windows=8502 elapsed=115s
[gpu2] [encode] RouteStick_ep161_exec windows=11 took=0.1s (13 ms/窗) 累计 items=316 windows=8236 elapsed=115s
[gpu6] [encode] RouteStick_ep162_exec windows=11 took=0.1s (13 ms/窗) 累计 items=339 windows=8845 elapsed=115s
[gpu7] [encode] RouteStick_ep166_exec windows=11 took=0.1s (13 ms/窗) 累计 items=272 windows=6494 elapsed=115s
[gpu3] [encode] RouteStick_ep169_exec windows=11 took=0.1s (13 ms/窗) 累计 items=331 windows=8607 elapsed=115s
[gpu5] [encode] RouteStick_ep171_exec windows=11 took=0.1s (13 ms/窗) 累计 items=320 windows=8503 elapsed=116s
[gpu0] [encode] RouteStick_ep173_exec windows=11 took=0.1s (13 ms/窗) 累计 items=327 windows=8534 elapsed=116s
[gpu1] [encode] RouteStick_ep175_exec windows=11 took=0.1s (13 ms/窗) 累计 items=337 windows=8775 elapsed=115s
[gpu4] [encode] RouteStick_ep177_exec windows=11 took=0.2s (15 ms/窗) 累计 items=322 windows=8513 elapsed=115s
[gpu2] [encode] RouteStick_ep178_exec windows=11 took=0.1s (13 ms/窗) 累计 items=317 windows=8247 elapsed=115s
[gpu6] [encode] RouteStick_ep180_exec windows=11 took=0.1s (13 ms/窗) 累计 items=340 windows=8856 elapsed=115s
[gpu7] [encode] RouteStick_ep181_exec windows=11 took=0.1s (13 ms/窗) 累计 items=273 windows=6505 elapsed=115s
[gpu3] [encode] RouteStick_ep183_exec windows=11 took=0.1s (13 ms/窗) 累计 items=332 windows=8618 elapsed=115s
[gpu5] [encode] RouteStick_ep184_exec windows=11 took=0.1s (13 ms/窗) 累计 items=321 windows=8514 elapsed=116s
[gpu0] [encode] RouteStick_ep185_exec windows=11 took=0.1s (13 ms/窗) 累计 items=328 windows=8545 elapsed=116s
[gpu1] [encode] RouteStick_ep190_exec windows=11 took=0.1s (13 ms/窗) 累计 items=338 windows=8786 elapsed=115s
[gpu4] [encode] RouteStick_ep193_exec windows=11 took=0.1s (13 ms/窗) 累计 items=323 windows=8524 elapsed=115s
[gpu6] [encode] RouteStick_ep197_exec windows=11 took=0.1s (13 ms/窗) 累计 items=341 windows=8867 elapsed=115s
[gpu7] [encode] RouteStick_ep198_exec windows=11 took=0.1s (13 ms/窗) 累计 items=274 windows=6516 elapsed=115s
[gpu2] [encode] RouteStick_ep196_exec windows=11 took=0.2s (16 ms/窗) 累计 items=318 windows=8258 elapsed=116s
[gpu3] [encode] RouteStick_ep200_exec windows=11 took=0.1s (13 ms/窗) 累计 items=333 windows=8629 elapsed=116s
[gpu5] [encode] RouteStick_ep205_exec windows=11 took=0.1s (13 ms/窗) 累计 items=322 windows=8525 elapsed=116s
[gpu1] [encode] RouteStick_ep212_exec windows=11 took=0.1s (13 ms/窗) 累计 items=339 windows=8797 elapsed=115s
[gpu0] [encode] RouteStick_ep211_exec windows=11 took=0.1s (13 ms/窗) 累计 items=329 windows=8556 elapsed=116s
[gpu4] [encode] RouteStick_ep214_exec windows=11 took=0.1s (13 ms/窗) 累计 items=324 windows=8535 elapsed=116s
[gpu6] [encode] RouteStick_ep220_exec windows=11 took=0.1s (13 ms/窗) 累计 items=342 windows=8878 elapsed=116s
[gpu7] [encode] RouteStick_ep222_exec windows=11 took=0.1s (13 ms/窗) 累计 items=275 windows=6527 elapsed=115s
[gpu3] [encode] RouteStick_ep233_exec windows=11 took=0.1s (13 ms/窗) 累计 items=334 windows=8640 elapsed=116s
[gpu5] [encode] RouteStick_ep234_exec windows=11 took=0.1s (13 ms/窗) 累计 items=323 windows=8536 elapsed=116s
[gpu1] [encode] RouteStick_ep237_exec windows=11 took=0.1s (13 ms/窗) 累计 items=340 windows=8808 elapsed=116s
[gpu0] [encode] RouteStick_ep242_exec windows=11 took=0.1s (13 ms/窗) 累计 items=330 windows=8567 elapsed=116s
[gpu4] [encode] RouteStick_ep246_exec windows=11 took=0.1s (13 ms/窗) 累计 items=325 windows=8546 elapsed=116s
[gpu6] [encode] RouteStick_ep252_exec windows=11 took=0.1s (13 ms/窗) 累计 items=343 windows=8889 elapsed=116s
[gpu7] [encode] RouteStick_ep253_exec windows=11 took=0.1s (13 ms/窗) 累计 items=276 windows=6538 elapsed=115s
[gpu2] [encode] RouteStick_ep250_exec windows=11 took=0.2s (16 ms/窗) 累计 items=319 windows=8269 elapsed=116s
[gpu3] [encode] RouteStick_ep262_exec windows=11 took=0.1s (13 ms/窗) 累计 items=335 windows=8651 elapsed=116s
[gpu5] [encode] RouteStick_ep267_exec windows=11 took=0.1s (13 ms/窗) 累计 items=324 windows=8547 elapsed=116s
[gpu1] [encode] RouteStick_ep268_exec windows=11 took=0.1s (13 ms/窗) 累计 items=341 windows=8819 elapsed=116s
[gpu0] [encode] RouteStick_ep271_exec windows=11 took=0.1s (13 ms/窗) 累计 items=331 windows=8578 elapsed=116s
[gpu4] [encode] RouteStick_ep276_exec windows=11 took=0.1s (13 ms/窗) 累计 items=326 windows=8557 elapsed=116s
[gpu6] [encode] RouteStick_ep281_exec windows=11 took=0.1s (13 ms/窗) 累计 items=344 windows=8900 elapsed=116s
[gpu7] [encode] RouteStick_ep287_exec windows=11 took=0.1s (13 ms/窗) 累计 items=277 windows=6549 elapsed=116s
[gpu3] [encode] RouteStick_ep293_exec windows=11 took=0.1s (13 ms/窗) 累计 items=336 windows=8662 elapsed=116s
[gpu5] [encode] RouteStick_ep297_exec windows=11 took=0.1s (13 ms/窗) 累计 items=325 windows=8558 elapsed=116s
[gpu1] [encode] RouteStick_ep298_exec windows=11 took=0.1s (13 ms/窗) 累计 items=342 windows=8830 elapsed=116s
[gpu0] [encode] VideoUnmaskSwap_ep103_exec windows=11 took=0.1s (13 ms/窗) 累计 items=332 windows=8589 elapsed=116s
[gpu4] [encode] VideoUnmaskSwap_ep102_demo windows=10 took=0.1s (13 ms/窗) 累计 items=327 windows=8567 elapsed=116s
[gpu6] [encode] VideoUnmaskSwap_ep103_demo windows=10 took=0.1s (13 ms/窗) 累计 items=345 windows=8910 elapsed=116s
[gpu2] [encode] VideoUnmaskSwap_ep0_demo windows=10 took=0.2s (16 ms/窗) 累计 items=320 windows=8279 elapsed=116s
[gpu7] [encode] VideoUnmaskSwap_ep104_demo windows=10 took=0.1s (13 ms/窗) 累计 items=278 windows=6559 elapsed=116s
[gpu3] [encode] VideoUnmaskSwap_ep104_exec windows=10 took=0.1s (13 ms/窗) 累计 items=337 windows=8672 elapsed=116s
[gpu5] [encode] VideoUnmaskSwap_ep105_demo windows=10 took=0.1s (13 ms/窗) 累计 items=326 windows=8568 elapsed=116s
[gpu1] [encode] VideoUnmaskSwap_ep105_exec windows=10 took=0.1s (13 ms/窗) 累计 items=343 windows=8840 elapsed=116s
[gpu0] [encode] VideoUnmaskSwap_ep108_demo windows=10 took=0.1s (13 ms/窗) 累计 items=333 windows=8599 elapsed=117s
[gpu4] [encode] VideoUnmaskSwap_ep110_demo windows=10 took=0.1s (13 ms/窗) 累计 items=328 windows=8577 elapsed=116s
[gpu6] [encode] VideoUnmaskSwap_ep113_demo windows=10 took=0.1s (13 ms/窗) 累计 items=346 windows=8920 elapsed=116s
[gpu7] [encode] VideoUnmaskSwap_ep115_demo windows=10 took=0.1s (13 ms/窗) 累计 items=279 windows=6569 elapsed=116s
[gpu3] [encode] VideoUnmaskSwap_ep116_demo windows=10 took=0.1s (13 ms/窗) 累计 items=338 windows=8682 elapsed=116s
[gpu5] [encode] VideoUnmaskSwap_ep117_demo windows=10 took=0.1s (13 ms/窗) 累计 items=327 windows=8578 elapsed=117s
[gpu1] [encode] VideoUnmaskSwap_ep121_demo windows=10 took=0.1s (14 ms/窗) 累计 items=344 windows=8850 elapsed=116s
[gpu0] [encode] VideoUnmaskSwap_ep123_demo windows=10 took=0.1s (13 ms/窗) 累计 items=334 windows=8609 elapsed=117s
[gpu4] [encode] VideoUnmaskSwap_ep124_demo windows=10 took=0.1s (13 ms/窗) 累计 items=329 windows=8587 elapsed=116s
[gpu2] [encode] VideoUnmaskSwap_ep122_demo windows=10 took=0.2s (16 ms/窗) 累计 items=321 windows=8289 elapsed=116s
[gpu6] [encode] VideoUnmaskSwap_ep128_demo windows=10 took=0.1s (13 ms/窗) 累计 items=347 windows=8930 elapsed=116s
[gpu7] [encode] VideoUnmaskSwap_ep12_demo windows=10 took=0.1s (13 ms/窗) 累计 items=280 windows=6579 elapsed=116s
[gpu3] [encode] VideoUnmaskSwap_ep130_demo windows=10 took=0.1s (13 ms/窗) 累计 items=339 windows=8692 elapsed=116s
[gpu5] [encode] VideoUnmaskSwap_ep132_demo windows=10 took=0.1s (13 ms/窗) 累计 items=328 windows=8588 elapsed=117s
[gpu1] [encode] VideoUnmaskSwap_ep133_demo windows=10 took=0.1s (13 ms/窗) 累计 items=345 windows=8860 elapsed=116s
[gpu0] [encode] VideoUnmaskSwap_ep134_demo windows=10 took=0.1s (13 ms/窗) 累计 items=335 windows=8619 elapsed=117s
[gpu4] [encode] VideoUnmaskSwap_ep135_demo windows=10 took=0.1s (13 ms/窗) 累计 items=330 windows=8597 elapsed=116s
[gpu6] [encode] VideoUnmaskSwap_ep141_demo windows=10 took=0.1s (13 ms/窗) 累计 items=348 windows=8940 elapsed=116s
[gpu7] [encode] VideoUnmaskSwap_ep143_demo windows=10 took=0.1s (13 ms/窗) 累计 items=281 windows=6589 elapsed=116s
[gpu3] [encode] VideoUnmaskSwap_ep147_demo windows=10 took=0.1s (13 ms/窗) 累计 items=340 windows=8702 elapsed=117s
[gpu5] [encode] VideoUnmaskSwap_ep148_demo windows=10 took=0.1s (13 ms/窗) 累计 items=329 windows=8598 elapsed=117s
[gpu1] [encode] VideoUnmaskSwap_ep14_demo windows=10 took=0.1s (13 ms/窗) 累计 items=346 windows=8870 elapsed=116s
[gpu0] [encode] VideoUnmaskSwap_ep150_demo windows=10 took=0.1s (13 ms/窗) 累计 items=336 windows=8629 elapsed=117s
[gpu2] [encode] VideoUnmaskSwap_ep149_demo windows=10 took=0.2s (16 ms/窗) 累计 items=322 windows=8299 elapsed=117s
[gpu4] [encode] VideoUnmaskSwap_ep151_demo windows=10 took=0.1s (13 ms/窗) 累计 items=331 windows=8607 elapsed=117s
[gpu6] [encode] VideoUnmaskSwap_ep156_demo windows=10 took=0.1s (13 ms/窗) 累计 items=349 windows=8950 elapsed=117s
[gpu7] [encode] VideoUnmaskSwap_ep158_demo windows=10 took=0.1s (13 ms/窗) 累计 items=282 windows=6599 elapsed=116s
[gpu3] [encode] VideoUnmaskSwap_ep159_demo windows=10 took=0.1s (13 ms/窗) 累计 items=341 windows=8712 elapsed=117s
[gpu5] [encode] VideoUnmaskSwap_ep15_demo windows=10 took=0.1s (13 ms/窗) 累计 items=330 windows=8608 elapsed=117s
[gpu1] [encode] VideoUnmaskSwap_ep160_demo windows=10 took=0.1s (14 ms/窗) 累计 items=347 windows=8880 elapsed=117s
[gpu0] [encode] VideoUnmaskSwap_ep161_demo windows=10 took=0.1s (13 ms/窗) 累计 items=337 windows=8639 elapsed=117s
[gpu4] [encode] VideoUnmaskSwap_ep163_demo windows=10 took=0.1s (13 ms/窗) 累计 items=332 windows=8617 elapsed=117s
[gpu6] [encode] VideoUnmaskSwap_ep165_demo windows=10 took=0.1s (13 ms/窗) 累计 items=350 windows=8960 elapsed=117s
[gpu7] [encode] VideoUnmaskSwap_ep166_demo windows=10 took=0.1s (13 ms/窗) 累计 items=283 windows=6609 elapsed=116s
[gpu3] [encode] VideoUnmaskSwap_ep171_demo windows=10 took=0.1s (13 ms/窗) 累计 items=342 windows=8722 elapsed=117s
[gpu5] [encode] VideoUnmaskSwap_ep173_demo windows=10 took=0.1s (13 ms/窗) 累计 items=331 windows=8618 elapsed=117s
[gpu2] [encode] VideoUnmaskSwap_ep170_demo windows=10 took=0.2s (16 ms/窗) 累计 items=323 windows=8309 elapsed=117s
[gpu1] [encode] VideoUnmaskSwap_ep176_demo windows=10 took=0.1s (13 ms/窗) 累计 items=348 windows=8890 elapsed=117s
[gpu0] [encode] VideoUnmaskSwap_ep178_demo windows=10 took=0.1s (13 ms/窗) 累计 items=338 windows=8649 elapsed=117s
[gpu4] [encode] VideoUnmaskSwap_ep17_demo windows=10 took=0.1s (13 ms/窗) 累计 items=333 windows=8627 elapsed=117s
[gpu6] [encode] VideoUnmaskSwap_ep180_demo windows=10 took=0.1s (13 ms/窗) 累计 items=351 windows=8970 elapsed=117s
[gpu7] [encode] VideoUnmaskSwap_ep183_demo windows=10 took=0.1s (13 ms/窗) 累计 items=284 windows=6619 elapsed=117s
[gpu3] [encode] VideoUnmaskSwap_ep186_demo windows=10 took=0.1s (13 ms/窗) 累计 items=343 windows=8732 elapsed=117s
[gpu5] [encode] VideoUnmaskSwap_ep188_demo windows=10 took=0.1s (13 ms/窗) 累计 items=332 windows=8628 elapsed=117s
[gpu1] [encode] VideoUnmaskSwap_ep189_demo windows=10 took=0.1s (13 ms/窗) 累计 items=349 windows=8900 elapsed=117s
[gpu0] [encode] VideoUnmaskSwap_ep190_demo windows=10 took=0.1s (13 ms/窗) 累计 items=339 windows=8659 elapsed=117s
[gpu4] [encode] VideoUnmaskSwap_ep191_demo windows=10 took=0.1s (13 ms/窗) 累计 items=334 windows=8637 elapsed=117s
[gpu6] [encode] VideoUnmaskSwap_ep192_demo windows=10 took=0.1s (13 ms/窗) 累计 items=352 windows=8980 elapsed=117s
[gpu7] [encode] VideoUnmaskSwap_ep197_demo windows=10 took=0.1s (13 ms/窗) 累计 items=285 windows=6629 elapsed=117s
[gpu3] [encode] VideoUnmaskSwap_ep19_demo windows=10 took=0.1s (13 ms/窗) 累计 items=344 windows=8742 elapsed=117s
[gpu5] [encode] VideoUnmaskSwap_ep201_demo windows=10 took=0.1s (13 ms/窗) 累计 items=333 windows=8638 elapsed=117s
[gpu2] [encode] VideoUnmaskSwap_ep199_demo windows=10 took=0.2s (16 ms/窗) 累计 items=324 windows=8319 elapsed=117s
[gpu1] [encode] VideoUnmaskSwap_ep204_demo windows=10 took=0.1s (13 ms/窗) 累计 items=350 windows=8910 elapsed=117s
[gpu0] [encode] VideoUnmaskSwap_ep205_demo windows=10 took=0.1s (13 ms/窗) 累计 items=340 windows=8669 elapsed=118s
[gpu4] [encode] VideoUnmaskSwap_ep206_demo windows=10 took=0.1s (13 ms/窗) 累计 items=335 windows=8647 elapsed=117s
[gpu6] [encode] VideoUnmaskSwap_ep208_demo windows=10 took=0.1s (13 ms/窗) 累计 items=353 windows=8990 elapsed=117s
[gpu7] [encode] VideoUnmaskSwap_ep210_demo windows=10 took=0.1s (13 ms/窗) 累计 items=286 windows=6639 elapsed=117s
[gpu3] [encode] VideoUnmaskSwap_ep211_demo windows=10 took=0.1s (13 ms/窗) 累计 items=345 windows=8752 elapsed=117s
[gpu5] [encode] VideoUnmaskSwap_ep213_demo windows=10 took=0.1s (13 ms/窗) 累计 items=334 windows=8648 elapsed=118s
[gpu1] [encode] VideoUnmaskSwap_ep214_demo windows=10 took=0.1s (13 ms/窗) 累计 items=351 windows=8920 elapsed=117s
[gpu0] [encode] VideoUnmaskSwap_ep217_demo windows=10 took=0.1s (13 ms/窗) 累计 items=341 windows=8679 elapsed=118s
[gpu4] [encode] VideoUnmaskSwap_ep220_demo windows=10 took=0.1s (13 ms/窗) 累计 items=336 windows=8657 elapsed=117s
[gpu6] [encode] VideoUnmaskSwap_ep222_demo windows=10 took=0.1s (13 ms/窗) 累计 items=354 windows=9000 elapsed=117s
[gpu7] [encode] VideoUnmaskSwap_ep223_demo windows=10 took=0.1s (13 ms/窗) 累计 items=287 windows=6649 elapsed=117s
[gpu2] [encode] VideoUnmaskSwap_ep226_demo windows=10 took=0.1s (14 ms/窗) 累计 items=325 windows=8329 elapsed=117s
[gpu3] [encode] VideoUnmaskSwap_ep229_demo windows=10 took=0.1s (13 ms/窗) 累计 items=346 windows=8762 elapsed=117s
[gpu5] [encode] VideoUnmaskSwap_ep22_demo windows=10 took=0.1s (13 ms/窗) 累计 items=335 windows=8658 elapsed=118s
[gpu1] [encode] VideoUnmaskSwap_ep230_demo windows=10 took=0.1s (13 ms/窗) 累计 items=352 windows=8930 elapsed=117s
[gpu4] [encode] VideoUnmaskSwap_ep231_demo windows=10 took=0.1s (13 ms/窗) 累计 items=337 windows=8667 elapsed=117s
[gpu0] [encode] VideoUnmaskSwap_ep232_demo windows=10 took=0.1s (13 ms/窗) 累计 items=342 windows=8689 elapsed=118s
[gpu6] [encode] VideoUnmaskSwap_ep235_demo windows=10 took=0.1s (13 ms/窗) 累计 items=355 windows=9010 elapsed=117s
[gpu7] [encode] VideoUnmaskSwap_ep239_demo windows=10 took=0.1s (13 ms/窗) 累计 items=288 windows=6659 elapsed=117s
[gpu3] [encode] VideoUnmaskSwap_ep241_demo windows=10 took=0.1s (13 ms/窗) 累计 items=347 windows=8772 elapsed=117s
[gpu5] [encode] VideoUnmaskSwap_ep242_demo windows=10 took=0.1s (13 ms/窗) 累计 items=336 windows=8668 elapsed=118s
[gpu2] [encode] VideoUnmaskSwap_ep245_demo windows=10 took=0.1s (14 ms/窗) 累计 items=326 windows=8339 elapsed=118s
[gpu1] [encode] VideoUnmaskSwap_ep246_demo windows=10 took=0.1s (14 ms/窗) 累计 items=353 windows=8940 elapsed=117s
[gpu4] [encode] VideoUnmaskSwap_ep249_demo windows=10 took=0.1s (13 ms/窗) 累计 items=338 windows=8677 elapsed=117s
[gpu0] [encode] VideoUnmaskSwap_ep24_demo windows=10 took=0.1s (13 ms/窗) 累计 items=343 windows=8699 elapsed=118s
[gpu6] [encode] VideoUnmaskSwap_ep251_demo windows=10 took=0.1s (13 ms/窗) 累计 items=356 windows=9020 elapsed=117s
[gpu7] [encode] VideoUnmaskSwap_ep252_demo windows=10 took=0.1s (13 ms/窗) 累计 items=289 windows=6669 elapsed=117s
[gpu3] [encode] VideoUnmaskSwap_ep254_demo windows=10 took=0.1s (13 ms/窗) 累计 items=348 windows=8782 elapsed=118s
[gpu5] [encode] VideoUnmaskSwap_ep257_demo windows=10 took=0.1s (13 ms/窗) 累计 items=337 windows=8678 elapsed=118s
[gpu2] [encode] VideoUnmaskSwap_ep259_demo windows=10 took=0.1s (14 ms/窗) 累计 items=327 windows=8349 elapsed=118s
[gpu1] [encode] VideoUnmaskSwap_ep25_demo windows=10 took=0.1s (13 ms/窗) 累计 items=354 windows=8950 elapsed=117s
[gpu4] [encode] VideoUnmaskSwap_ep260_demo windows=10 took=0.1s (13 ms/窗) 累计 items=339 windows=8687 elapsed=118s
[gpu6] [encode] VideoUnmaskSwap_ep263_demo windows=10 took=0.1s (13 ms/窗) 累计 items=357 windows=9030 elapsed=118s
[gpu0] [encode] VideoUnmaskSwap_ep262_demo windows=10 took=0.1s (13 ms/窗) 累计 items=344 windows=8709 elapsed=118s
[gpu7] [encode] VideoUnmaskSwap_ep267_demo windows=10 took=0.2s (16 ms/窗) 累计 items=290 windows=6679 elapsed=117s
[gpu3] [encode] VideoUnmaskSwap_ep268_demo windows=10 took=0.1s (13 ms/窗) 累计 items=349 windows=8792 elapsed=118s
[gpu5] [encode] VideoUnmaskSwap_ep26_demo windows=10 took=0.1s (13 ms/窗) 累计 items=338 windows=8688 elapsed=118s
[gpu2] [encode] VideoUnmaskSwap_ep271_demo windows=10 took=0.1s (14 ms/窗) 累计 items=328 windows=8359 elapsed=118s
[gpu1] [encode] VideoUnmaskSwap_ep275_demo windows=10 took=0.1s (14 ms/窗) 累计 items=355 windows=8960 elapsed=118s
[gpu4] [encode] VideoUnmaskSwap_ep277_demo windows=10 took=0.1s (13 ms/窗) 累计 items=340 windows=8697 elapsed=118s
[gpu6] [encode] VideoUnmaskSwap_ep278_demo windows=10 took=0.1s (13 ms/窗) 累计 items=358 windows=9040 elapsed=118s
[gpu0] [encode] VideoUnmaskSwap_ep279_demo windows=10 took=0.1s (13 ms/窗) 累计 items=345 windows=8719 elapsed=118s
[gpu3] [encode] VideoUnmaskSwap_ep280_demo windows=10 took=0.1s (13 ms/窗) 累计 items=350 windows=8802 elapsed=118s
[gpu7] [encode] VideoUnmaskSwap_ep27_demo windows=10 took=0.2s (16 ms/窗) 累计 items=291 windows=6689 elapsed=117s
[gpu5] [encode] VideoUnmaskSwap_ep281_demo windows=10 took=0.1s (13 ms/窗) 累计 items=339 windows=8698 elapsed=118s
[gpu1] [encode] VideoUnmaskSwap_ep284_demo windows=10 took=0.1s (13 ms/窗) 累计 items=356 windows=8970 elapsed=118s
[gpu2] [encode] VideoUnmaskSwap_ep283_demo windows=10 took=0.1s (14 ms/窗) 累计 items=329 windows=8369 elapsed=118s
[gpu4] [encode] VideoUnmaskSwap_ep286_demo windows=10 took=0.1s (13 ms/窗) 累计 items=341 windows=8707 elapsed=118s
[gpu6] [encode] VideoUnmaskSwap_ep292_demo windows=10 took=0.1s (13 ms/窗) 累计 items=359 windows=9050 elapsed=118s
[gpu0] [encode] VideoUnmaskSwap_ep294_demo windows=10 took=0.1s (13 ms/窗) 累计 items=346 windows=8729 elapsed=118s
[gpu3] [encode] VideoUnmaskSwap_ep295_demo windows=10 took=0.1s (13 ms/窗) 累计 items=351 windows=8812 elapsed=118s
[gpu5] [encode] VideoUnmaskSwap_ep298_demo windows=10 took=0.1s (13 ms/窗) 累计 items=340 windows=8708 elapsed=118s
[gpu1] [encode] VideoUnmaskSwap_ep30_demo windows=10 took=0.1s (13 ms/窗) 累计 items=357 windows=8980 elapsed=118s
[gpu4] [encode] VideoUnmaskSwap_ep31_demo windows=10 took=0.1s (13 ms/窗) 累计 items=342 windows=8717 elapsed=118s
[gpu7] [encode] VideoUnmaskSwap_ep299_demo windows=10 took=0.2s (16 ms/窗) 累计 items=292 windows=6699 elapsed=118s
[gpu6] [encode] VideoUnmaskSwap_ep35_demo windows=10 took=0.1s (13 ms/窗) 累计 items=360 windows=9060 elapsed=118s
[gpu0] [encode] VideoUnmaskSwap_ep38_demo windows=10 took=0.1s (13 ms/窗) 累计 items=347 windows=8739 elapsed=119s
[gpu2] [encode] VideoUnmaskSwap_ep39_demo windows=10 took=0.1s (14 ms/窗) 累计 items=330 windows=8379 elapsed=118s
[gpu3] [encode] VideoUnmaskSwap_ep41_demo windows=10 took=0.1s (13 ms/窗) 累计 items=352 windows=8822 elapsed=118s
[gpu5] [encode] VideoUnmaskSwap_ep42_demo windows=10 took=0.1s (13 ms/窗) 累计 items=341 windows=8718 elapsed=118s
[gpu1] [encode] VideoUnmaskSwap_ep44_demo windows=10 took=0.1s (13 ms/窗) 累计 items=358 windows=8990 elapsed=118s
[gpu4] [encode] VideoUnmaskSwap_ep46_demo windows=10 took=0.1s (13 ms/窗) 累计 items=343 windows=8727 elapsed=118s
[gpu6] [encode] VideoUnmaskSwap_ep48_demo windows=10 took=0.1s (13 ms/窗) 累计 items=361 windows=9070 elapsed=118s
[gpu0] [encode] VideoUnmaskSwap_ep4_exec windows=10 took=0.1s (13 ms/窗) 累计 items=348 windows=8749 elapsed=119s
[gpu2] [encode] VideoUnmaskSwap_ep52_demo windows=10 took=0.1s (14 ms/窗) 累计 items=331 windows=8389 elapsed=118s
[gpu3] [encode] VideoUnmaskSwap_ep53_demo windows=10 took=0.1s (13 ms/窗) 累计 items=353 windows=8832 elapsed=118s
[gpu7] [encode] VideoUnmaskSwap_ep50_demo windows=10 took=0.2s (16 ms/窗) 累计 items=293 windows=6709 elapsed=118s
[gpu5] [encode] VideoUnmaskSwap_ep54_demo windows=10 took=0.1s (13 ms/窗) 累计 items=342 windows=8728 elapsed=119s
[gpu1] [encode] VideoUnmaskSwap_ep59_demo windows=10 took=0.1s (13 ms/窗) 累计 items=359 windows=9000 elapsed=118s
[gpu4] [encode] VideoUnmaskSwap_ep5_demo windows=10 took=0.1s (13 ms/窗) 累计 items=344 windows=8737 elapsed=118s
[gpu6] [encode] VideoUnmaskSwap_ep61_demo windows=10 took=0.1s (13 ms/窗) 累计 items=362 windows=9080 elapsed=118s
[gpu0] [encode] VideoUnmaskSwap_ep63_demo windows=10 took=0.1s (13 ms/窗) 累计 items=349 windows=8759 elapsed=119s
[gpu2] [encode] VideoUnmaskSwap_ep65_demo windows=10 took=0.1s (14 ms/窗) 累计 items=332 windows=8399 elapsed=118s
[gpu5] [encode] VideoUnmaskSwap_ep69_demo windows=10 took=0.1s (13 ms/窗) 累计 items=343 windows=8738 elapsed=119s
[gpu3] [encode] VideoUnmaskSwap_ep68_demo windows=10 took=0.1s (13 ms/窗) 累计 items=354 windows=8842 elapsed=118s
[gpu1] [encode] VideoUnmaskSwap_ep71_demo windows=10 took=0.1s (13 ms/窗) 累计 items=360 windows=9010 elapsed=118s
[gpu4] [encode] VideoUnmaskSwap_ep73_demo windows=10 took=0.1s (13 ms/窗) 累计 items=345 windows=8747 elapsed=118s
[gpu6] [encode] VideoUnmaskSwap_ep75_demo windows=10 took=0.1s (13 ms/窗) 累计 items=363 windows=9090 elapsed=118s
[gpu0] [encode] VideoUnmaskSwap_ep76_demo windows=10 took=0.1s (13 ms/窗) 累计 items=350 windows=8769 elapsed=119s
[gpu2] [encode] VideoUnmaskSwap_ep7_demo windows=10 took=0.1s (14 ms/窗) 累计 items=333 windows=8409 elapsed=119s
[gpu7] [encode] VideoUnmaskSwap_ep77_demo windows=10 took=0.2s (16 ms/窗) 累计 items=294 windows=6719 elapsed=118s
[gpu5] [encode] VideoUnmaskSwap_ep80_demo windows=10 took=0.1s (13 ms/窗) 累计 items=344 windows=8748 elapsed=119s
[gpu3] [encode] VideoUnmaskSwap_ep82_demo windows=10 took=0.1s (13 ms/窗) 累计 items=355 windows=8852 elapsed=119s
[gpu1] [encode] VideoUnmaskSwap_ep84_demo windows=10 took=0.1s (13 ms/窗) 累计 items=361 windows=9020 elapsed=118s
[gpu4] [encode] VideoUnmaskSwap_ep87_demo windows=10 took=0.1s (13 ms/窗) 累计 items=346 windows=8757 elapsed=119s
[gpu6] [encode] VideoUnmaskSwap_ep88_demo windows=10 took=0.1s (13 ms/窗) 累计 items=364 windows=9100 elapsed=119s
[gpu0] [encode] VideoUnmaskSwap_ep8_demo windows=10 took=0.1s (13 ms/窗) 累计 items=351 windows=8779 elapsed=119s
[gpu2] [encode] VideoUnmaskSwap_ep91_demo windows=10 took=0.1s (14 ms/窗) 累计 items=334 windows=8419 elapsed=119s
[gpu5] [encode] VideoUnmaskSwap_ep95_demo windows=10 took=0.1s (13 ms/窗) 累计 items=345 windows=8758 elapsed=119s
[gpu3] [encode] VideoUnmaskSwap_ep97_demo windows=10 took=0.1s (13 ms/窗) 累计 items=356 windows=8862 elapsed=119s
[gpu6] [encode] RouteStick_ep0_demo windows=9 took=0.1s (13 ms/窗) 累计 items=365 windows=9109 elapsed=119s
[gpu1] [encode] VideoUnmaskSwap_ep99_demo windows=10 took=0.1s (13 ms/窗) 累计 items=362 windows=9030 elapsed=119s
[gpu4] [encode] VideoUnmaskSwap_ep9_demo windows=10 took=0.1s (13 ms/窗) 累计 items=347 windows=8767 elapsed=119s
[gpu7] [encode] VideoUnmaskSwap_ep98_demo windows=10 took=0.2s (16 ms/窗) 累计 items=295 windows=6729 elapsed=118s
[gpu0] [encode] RouteStick_ep11_demo windows=9 took=0.1s (13 ms/窗) 累计 items=352 windows=8788 elapsed=119s
[gpu2] [encode] RouteStick_ep13_demo windows=9 took=0.1s (14 ms/窗) 累计 items=335 windows=8428 elapsed=119s
[gpu5] [encode] RouteStick_ep14_demo windows=9 took=0.1s (13 ms/窗) 累计 items=346 windows=8767 elapsed=119s
[gpu3] [encode] RouteStick_ep16_demo windows=9 took=0.1s (13 ms/窗) 累计 items=357 windows=8871 elapsed=119s
[gpu6] [encode] RouteStick_ep18_demo windows=9 took=0.1s (13 ms/窗) 累计 items=366 windows=9118 elapsed=119s
[gpu1] [encode] RouteStick_ep21_demo windows=9 took=0.1s (13 ms/窗) 累计 items=363 windows=9039 elapsed=119s
[gpu4] [encode] RouteStick_ep24_demo windows=9 took=0.1s (13 ms/窗) 累计 items=348 windows=8776 elapsed=119s
[gpu0] [encode] RouteStick_ep25_demo windows=9 took=0.1s (13 ms/窗) 累计 items=353 windows=8797 elapsed=119s
[gpu2] [encode] RouteStick_ep27_demo windows=9 took=0.1s (14 ms/窗) 累计 items=336 windows=8437 elapsed=119s
[gpu5] [encode] RouteStick_ep28_demo windows=9 took=0.1s (13 ms/窗) 累计 items=347 windows=8776 elapsed=119s
[gpu3] [encode] RouteStick_ep30_demo windows=9 took=0.1s (13 ms/窗) 累计 items=358 windows=8880 elapsed=119s
[gpu6] [encode] RouteStick_ep34_demo windows=9 took=0.1s (13 ms/窗) 累计 items=367 windows=9127 elapsed=119s
[gpu1] [encode] RouteStick_ep37_demo windows=9 took=0.1s (13 ms/窗) 累计 items=364 windows=9048 elapsed=119s
[gpu7] [encode] RouteStick_ep33_demo windows=9 took=0.1s (16 ms/窗) 累计 items=296 windows=6738 elapsed=119s
[gpu4] [encode] RouteStick_ep38_demo windows=9 took=0.1s (13 ms/窗) 累计 items=349 windows=8785 elapsed=119s
[gpu0] [encode] RouteStick_ep3_demo windows=9 took=0.1s (13 ms/窗) 累计 items=354 windows=8806 elapsed=119s
[gpu2] [encode] RouteStick_ep40_demo windows=9 took=0.1s (14 ms/窗) 累计 items=337 windows=8446 elapsed=119s
[gpu5] [encode] RouteStick_ep41_demo windows=9 took=0.1s (13 ms/窗) 累计 items=348 windows=8785 elapsed=119s
[gpu3] [encode] RouteStick_ep43_demo windows=9 took=0.1s (13 ms/窗) 累计 items=359 windows=8889 elapsed=119s
[gpu6] [encode] RouteStick_ep46_demo windows=9 took=0.1s (13 ms/窗) 累计 items=368 windows=9136 elapsed=119s
[gpu1] [encode] RouteStick_ep49_demo windows=9 took=0.1s (13 ms/窗) 累计 items=365 windows=9057 elapsed=119s
[gpu4] [encode] RouteStick_ep4_demo windows=9 took=0.1s (13 ms/窗) 累计 items=350 windows=8794 elapsed=119s
[gpu0] [encode] RouteStick_ep51_demo windows=9 took=0.1s (13 ms/窗) 累计 items=355 windows=8815 elapsed=120s
[gpu2] [encode] RouteStick_ep56_demo windows=9 took=0.1s (14 ms/窗) 累计 items=338 windows=8455 elapsed=119s
[gpu5] [encode] RouteStick_ep58_demo windows=9 took=0.1s (13 ms/窗) 累计 items=349 windows=8794 elapsed=119s
[gpu7] [encode] RouteStick_ep52_demo windows=9 took=0.1s (16 ms/窗) 累计 items=297 windows=6747 elapsed=119s
[gpu3] [encode] RouteStick_ep59_demo windows=9 took=0.1s (13 ms/窗) 累计 items=360 windows=8898 elapsed=119s
[gpu6] [encode] RouteStick_ep5_demo windows=9 took=0.1s (13 ms/窗) 累计 items=369 windows=9145 elapsed=119s
[gpu1] [encode] RouteStick_ep61_demo windows=9 took=0.1s (13 ms/窗) 累计 items=366 windows=9066 elapsed=119s
[gpu4] [encode] RouteStick_ep62_demo windows=9 took=0.1s (13 ms/窗) 累计 items=351 windows=8803 elapsed=119s
[gpu0] [encode] RouteStick_ep63_demo windows=9 took=0.1s (13 ms/窗) 累计 items=356 windows=8824 elapsed=120s
[gpu5] [encode] RouteStick_ep66_demo windows=9 took=0.1s (13 ms/窗) 累计 items=350 windows=8803 elapsed=120s
[gpu2] [encode] RouteStick_ep64_demo windows=9 took=0.1s (13 ms/窗) 累计 items=339 windows=8464 elapsed=119s
[gpu3] [encode] RouteStick_ep70_demo windows=9 took=0.1s (13 ms/窗) 累计 items=361 windows=8907 elapsed=119s
[gpu6] [encode] RouteStick_ep71_demo windows=9 took=0.1s (13 ms/窗) 累计 items=370 windows=9154 elapsed=119s
[gpu1] [encode] RouteStick_ep74_demo windows=9 took=0.1s (13 ms/窗) 累计 items=367 windows=9075 elapsed=119s
[gpu4] [encode] RouteStick_ep78_demo windows=9 took=0.1s (13 ms/窗) 累计 items=352 windows=8812 elapsed=119s
[gpu0] [encode] RouteStick_ep79_demo windows=9 took=0.1s (13 ms/窗) 累计 items=357 windows=8833 elapsed=120s
[gpu5] [encode] RouteStick_ep81_demo windows=9 took=0.1s (13 ms/窗) 累计 items=351 windows=8812 elapsed=120s
[gpu7] [encode] RouteStick_ep80_demo windows=9 took=0.1s (16 ms/窗) 累计 items=298 windows=6756 elapsed=119s
[gpu2] [encode] RouteStick_ep83_demo windows=9 took=0.1s (14 ms/窗) 累计 items=340 windows=8473 elapsed=119s
[gpu3] [encode] RouteStick_ep86_demo windows=9 took=0.1s (13 ms/窗) 累计 items=362 windows=8916 elapsed=119s
[gpu6] [encode] RouteStick_ep89_demo windows=9 took=0.1s (13 ms/窗) 累计 items=371 windows=9163 elapsed=119s
[gpu1] [encode] RouteStick_ep91_demo windows=9 took=0.1s (13 ms/窗) 累计 items=368 windows=9084 elapsed=119s
[gpu4] [encode] RouteStick_ep93_demo windows=9 took=0.1s (13 ms/窗) 累计 items=353 windows=8821 elapsed=119s
[gpu0] [encode] RouteStick_ep94_demo windows=9 took=0.1s (13 ms/窗) 累计 items=358 windows=8842 elapsed=120s
[gpu5] [encode] RouteStick_ep95_demo windows=9 took=0.1s (13 ms/窗) 累计 items=352 windows=8821 elapsed=120s
[gpu2] [encode] RouteStick_ep97_demo windows=9 took=0.1s (14 ms/窗) 累计 items=341 windows=8482 elapsed=120s
[gpu6] [encode] VideoUnmaskSwap_ep0_exec windows=9 took=0.1s (13 ms/窗) 累计 items=372 windows=9172 elapsed=119s
[gpu3] [encode] RouteStick_ep9_demo windows=9 took=0.1s (13 ms/窗) 累计 items=363 windows=8925 elapsed=120s
[gpu1] [encode] VideoUnmaskSwap_ep100_exec windows=9 took=0.1s (13 ms/窗) 累计 items=369 windows=9093 elapsed=119s
[gpu4] [encode] VideoUnmaskSwap_ep101_exec windows=9 took=0.1s (13 ms/窗) 累计 items=354 windows=8830 elapsed=120s
[gpu0] [encode] VideoUnmaskSwap_ep102_exec windows=9 took=0.1s (13 ms/窗) 累计 items=359 windows=8851 elapsed=120s
[gpu7] [encode] RouteStick_ep0_exec windows=8 took=0.1s (13 ms/窗) 累计 items=299 windows=6764 elapsed=119s
[gpu5] [encode] RouteStick_ep11_exec windows=8 took=0.1s (13 ms/窗) 累计 items=353 windows=8829 elapsed=120s
[gpu2] [encode] RouteStick_ep13_exec windows=8 took=0.1s (13 ms/窗) 累计 items=342 windows=8490 elapsed=120s
[gpu6] [encode] RouteStick_ep14_exec windows=8 took=0.1s (13 ms/窗) 累计 items=373 windows=9180 elapsed=120s
[gpu3] [encode] RouteStick_ep16_exec windows=8 took=0.1s (13 ms/窗) 累计 items=364 windows=8933 elapsed=120s
[gpu1] [encode] RouteStick_ep18_exec windows=8 took=0.1s (13 ms/窗) 累计 items=370 windows=9101 elapsed=119s
[gpu4] [encode] RouteStick_ep21_exec windows=8 took=0.1s (13 ms/窗) 累计 items=355 windows=8838 elapsed=120s
[gpu7] [encode] RouteStick_ep25_exec windows=8 took=0.1s (13 ms/窗) 累计 items=300 windows=6772 elapsed=119s
[gpu0] [encode] RouteStick_ep24_exec windows=8 took=0.1s (13 ms/窗) 累计 items=360 windows=8859 elapsed=120s
[gpu5] [encode] RouteStick_ep27_exec windows=8 took=0.1s (13 ms/窗) 累计 items=354 windows=8837 elapsed=120s
[gpu6] [encode] RouteStick_ep30_exec windows=8 took=0.1s (13 ms/窗) 累计 items=374 windows=9188 elapsed=120s
[gpu2] [encode] RouteStick_ep28_exec windows=8 took=0.1s (14 ms/窗) 累计 items=343 windows=8498 elapsed=120s
[gpu3] [encode] RouteStick_ep33_exec windows=8 took=0.1s (13 ms/窗) 累计 items=365 windows=8941 elapsed=120s
[gpu1] [encode] RouteStick_ep34_exec windows=8 took=0.1s (13 ms/窗) 累计 items=371 windows=9109 elapsed=120s
[gpu4] [encode] RouteStick_ep37_exec windows=8 took=0.1s (13 ms/窗) 累计 items=356 windows=8846 elapsed=120s
[gpu7] [encode] RouteStick_ep38_exec windows=8 took=0.1s (13 ms/窗) 累计 items=301 windows=6780 elapsed=119s
[gpu0] [encode] RouteStick_ep3_exec windows=8 took=0.1s (13 ms/窗) 累计 items=361 windows=8867 elapsed=120s
[gpu5] [encode] RouteStick_ep40_exec windows=8 took=0.1s (13 ms/窗) 累计 items=355 windows=8845 elapsed=120s
[gpu6] [encode] RouteStick_ep41_exec windows=8 took=0.1s (13 ms/窗) 累计 items=375 windows=9196 elapsed=120s
[gpu2] [encode] RouteStick_ep43_exec windows=8 took=0.1s (14 ms/窗) 累计 items=344 windows=8506 elapsed=120s
[gpu1] [encode] RouteStick_ep49_exec windows=8 took=0.1s (13 ms/窗) 累计 items=372 windows=9117 elapsed=120s
[gpu3] [encode] RouteStick_ep46_exec windows=8 took=0.1s (13 ms/窗) 累计 items=366 windows=8949 elapsed=120s
[gpu4] [encode] RouteStick_ep4_exec windows=8 took=0.1s (13 ms/窗) 累计 items=357 windows=8854 elapsed=120s
[gpu7] [encode] RouteStick_ep51_exec windows=8 took=0.1s (13 ms/窗) 累计 items=302 windows=6788 elapsed=120s
[gpu0] [encode] RouteStick_ep52_exec windows=8 took=0.1s (13 ms/窗) 累计 items=362 windows=8875 elapsed=120s
[gpu5] [encode] RouteStick_ep56_exec windows=8 took=0.1s (13 ms/窗) 累计 items=356 windows=8853 elapsed=120s
[gpu6] [encode] RouteStick_ep58_exec windows=8 took=0.1s (13 ms/窗) 累计 items=376 windows=9204 elapsed=120s
[gpu2] [encode] RouteStick_ep59_exec windows=8 took=0.1s (14 ms/窗) 累计 items=345 windows=8514 elapsed=120s
[gpu1] [encode] RouteStick_ep5_exec windows=8 took=0.1s (13 ms/窗) 累计 items=373 windows=9125 elapsed=120s
[gpu3] [encode] RouteStick_ep61_exec windows=8 took=0.1s (13 ms/窗) 累计 items=367 windows=8957 elapsed=120s
[gpu4] [encode] RouteStick_ep62_exec windows=8 took=0.1s (13 ms/窗) 累计 items=358 windows=8862 elapsed=120s
[gpu7] [encode] RouteStick_ep63_exec windows=8 took=0.1s (13 ms/窗) 累计 items=303 windows=6796 elapsed=120s
[gpu0] [encode] RouteStick_ep64_exec windows=8 took=0.1s (13 ms/窗) 累计 items=363 windows=8883 elapsed=120s
[gpu5] [encode] RouteStick_ep66_exec windows=8 took=0.1s (13 ms/窗) 累计 items=357 windows=8861 elapsed=120s
[gpu6] [encode] RouteStick_ep70_exec windows=8 took=0.1s (13 ms/窗) 累计 items=377 windows=9212 elapsed=120s
[gpu1] [encode] RouteStick_ep71_exec windows=8 took=0.1s (13 ms/窗) 累计 items=374 windows=9133 elapsed=120s
[gpu2] [encode] RouteStick_ep74_exec windows=8 took=0.1s (14 ms/窗) 累计 items=346 windows=8522 elapsed=120s
[gpu4] [encode] RouteStick_ep78_exec windows=8 took=0.1s (13 ms/窗) 累计 items=359 windows=8870 elapsed=120s
[gpu3] [encode] RouteStick_ep79_exec windows=8 took=0.1s (13 ms/窗) 累计 items=368 windows=8965 elapsed=120s
[gpu7] [encode] RouteStick_ep80_exec windows=8 took=0.1s (13 ms/窗) 累计 items=304 windows=6804 elapsed=120s
[gpu0] [encode] RouteStick_ep81_exec windows=8 took=0.1s (13 ms/窗) 累计 items=364 windows=8891 elapsed=121s
[gpu5] [encode] RouteStick_ep83_exec windows=8 took=0.1s (13 ms/窗) 累计 items=358 windows=8869 elapsed=120s
[gpu6] [encode] RouteStick_ep86_exec windows=8 took=0.1s (13 ms/窗) 累计 items=378 windows=9220 elapsed=120s
[gpu1] [encode] RouteStick_ep89_exec windows=8 took=0.1s (13 ms/窗) 累计 items=375 windows=9141 elapsed=120s
[gpu4] [encode] RouteStick_ep93_exec windows=8 took=0.1s (13 ms/窗) 累计 items=360 windows=8878 elapsed=120s
[gpu2] [encode] RouteStick_ep91_exec windows=8 took=0.1s (14 ms/窗) 累计 items=347 windows=8530 elapsed=120s
[gpu7] [encode] RouteStick_ep95_exec windows=8 took=0.1s (13 ms/窗) 累计 items=305 windows=6812 elapsed=120s
[gpu3] [encode] RouteStick_ep94_exec windows=8 took=0.1s (13 ms/窗) 累计 items=369 windows=8973 elapsed=120s
[gpu0] [encode] RouteStick_ep97_exec windows=8 took=0.1s (13 ms/窗) 累计 items=365 windows=8899 elapsed=121s
[gpu6] [encode] VideoUnmaskSwap_ep100_demo windows=7 took=0.1s (13 ms/窗) 累计 items=379 windows=9227 elapsed=120s
[gpu5] [encode] RouteStick_ep9_exec windows=8 took=0.1s (13 ms/窗) 累计 items=359 windows=8877 elapsed=121s
[gpu1] [encode] VideoUnmaskSwap_ep101_demo windows=7 took=0.1s (13 ms/窗) 累计 items=376 windows=9148 elapsed=120s
[gpu4] [encode] VideoUnmaskSwap_ep106_demo windows=7 took=0.1s (13 ms/窗) 累计 items=361 windows=8885 elapsed=120s
[gpu7] [encode] VideoUnmaskSwap_ep107_demo windows=7 took=0.1s (13 ms/窗) 累计 items=306 windows=6819 elapsed=120s
[gpu3] [encode] VideoUnmaskSwap_ep109_demo windows=7 took=0.1s (13 ms/窗) 累计 items=370 windows=8980 elapsed=120s
[gpu0] [encode] VideoUnmaskSwap_ep10_demo windows=7 took=0.1s (13 ms/窗) 累计 items=366 windows=8906 elapsed=121s
[gpu6] [encode] VideoUnmaskSwap_ep112_demo windows=7 took=0.1s (13 ms/窗) 累计 items=380 windows=9234 elapsed=120s
[gpu2] [encode] VideoUnmaskSwap_ep111_demo windows=7 took=0.1s (14 ms/窗) 累计 items=348 windows=8537 elapsed=120s
[gpu5] [encode] VideoUnmaskSwap_ep114_demo windows=7 took=0.1s (13 ms/窗) 累计 items=360 windows=8884 elapsed=121s
[gpu1] [encode] VideoUnmaskSwap_ep118_demo windows=7 took=0.1s (13 ms/窗) 累计 items=377 windows=9155 elapsed=120s
[gpu4] [encode] VideoUnmaskSwap_ep119_demo windows=7 took=0.1s (13 ms/窗) 累计 items=362 windows=8892 elapsed=120s
[gpu7] [encode] VideoUnmaskSwap_ep11_demo windows=7 took=0.1s (13 ms/窗) 累计 items=307 windows=6826 elapsed=120s
[gpu3] [encode] VideoUnmaskSwap_ep120_demo windows=7 took=0.1s (13 ms/窗) 累计 items=371 windows=8987 elapsed=120s
[gpu0] [encode] VideoUnmaskSwap_ep125_demo windows=7 took=0.1s (13 ms/窗) 累计 items=367 windows=8913 elapsed=121s
[gpu6] [encode] VideoUnmaskSwap_ep126_demo windows=7 took=0.1s (13 ms/窗) 累计 items=381 windows=9241 elapsed=120s
[gpu2] [encode] VideoUnmaskSwap_ep127_demo windows=7 took=0.1s (14 ms/窗) 累计 items=349 windows=8544 elapsed=120s
[gpu5] [encode] VideoUnmaskSwap_ep129_demo windows=7 took=0.1s (13 ms/窗) 累计 items=361 windows=8891 elapsed=121s
[gpu1] [encode] VideoUnmaskSwap_ep131_demo windows=7 took=0.1s (13 ms/窗) 累计 items=378 windows=9162 elapsed=120s
[gpu4] [encode] VideoUnmaskSwap_ep136_demo windows=7 took=0.1s (13 ms/窗) 累计 items=363 windows=8899 elapsed=120s
[gpu7] [encode] VideoUnmaskSwap_ep137_demo windows=7 took=0.1s (13 ms/窗) 累计 items=308 windows=6833 elapsed=120s
[gpu3] [encode] VideoUnmaskSwap_ep138_demo windows=7 took=0.1s (13 ms/窗) 累计 items=372 windows=8994 elapsed=121s
[gpu0] [encode] VideoUnmaskSwap_ep139_demo windows=7 took=0.1s (13 ms/窗) 累计 items=368 windows=8920 elapsed=121s
[gpu6] [encode] VideoUnmaskSwap_ep13_demo windows=7 took=0.1s (13 ms/窗) 累计 items=382 windows=9248 elapsed=120s
[gpu5] [encode] VideoUnmaskSwap_ep142_demo windows=7 took=0.1s (13 ms/窗) 累计 items=362 windows=8898 elapsed=121s
[gpu2] [encode] VideoUnmaskSwap_ep140_demo windows=7 took=0.1s (14 ms/窗) 累计 items=350 windows=8551 elapsed=121s
[gpu1] [encode] VideoUnmaskSwap_ep144_demo windows=7 took=0.1s (13 ms/窗) 累计 items=379 windows=9169 elapsed=120s
[gpu4] [encode] VideoUnmaskSwap_ep145_demo windows=7 took=0.1s (13 ms/窗) 累计 items=364 windows=8906 elapsed=121s
[gpu7] [encode] VideoUnmaskSwap_ep146_demo windows=7 took=0.1s (14 ms/窗) 累计 items=309 windows=6840 elapsed=120s
[gpu3] [encode] VideoUnmaskSwap_ep152_demo windows=7 took=0.1s (13 ms/窗) 累计 items=373 windows=9001 elapsed=121s
[gpu0] [encode] VideoUnmaskSwap_ep153_demo windows=7 took=0.1s (13 ms/窗) 累计 items=369 windows=8927 elapsed=121s
[gpu6] [encode] VideoUnmaskSwap_ep154_demo windows=7 took=0.1s (13 ms/窗) 累计 items=383 windows=9255 elapsed=121s
[gpu5] [encode] VideoUnmaskSwap_ep155_demo windows=7 took=0.1s (13 ms/窗) 累计 items=363 windows=8905 elapsed=121s
[gpu1] [encode] VideoUnmaskSwap_ep157_demo windows=7 took=0.1s (13 ms/窗) 累计 items=380 windows=9176 elapsed=120s
[gpu2] [encode] VideoUnmaskSwap_ep162_demo windows=7 took=0.1s (14 ms/窗) 累计 items=351 windows=8558 elapsed=121s
[gpu4] [encode] VideoUnmaskSwap_ep164_demo windows=7 took=0.1s (13 ms/窗) 累计 items=365 windows=8913 elapsed=121s
[gpu7] [encode] VideoUnmaskSwap_ep167_demo windows=7 took=0.1s (13 ms/窗) 累计 items=310 windows=6847 elapsed=120s
[gpu3] [encode] VideoUnmaskSwap_ep168_demo windows=7 took=0.1s (13 ms/窗) 累计 items=374 windows=9008 elapsed=121s
[gpu0] [encode] VideoUnmaskSwap_ep169_demo windows=7 took=0.1s (13 ms/窗) 累计 items=370 windows=8934 elapsed=121s
[gpu6] [encode] VideoUnmaskSwap_ep16_demo windows=7 took=0.1s (13 ms/窗) 累计 items=384 windows=9262 elapsed=121s
[gpu5] [encode] VideoUnmaskSwap_ep172_demo windows=7 took=0.1s (13 ms/窗) 累计 items=364 windows=8912 elapsed=121s
[gpu1] [encode] VideoUnmaskSwap_ep174_demo windows=7 took=0.1s (13 ms/窗) 累计 items=381 windows=9183 elapsed=121s
[gpu2] [encode] VideoUnmaskSwap_ep175_demo windows=7 took=0.1s (14 ms/窗) 累计 items=352 windows=8565 elapsed=121s
[gpu4] [encode] VideoUnmaskSwap_ep177_demo windows=7 took=0.1s (13 ms/窗) 累计 items=366 windows=8920 elapsed=121s
[gpu7] [encode] VideoUnmaskSwap_ep179_demo windows=7 took=0.1s (13 ms/窗) 累计 items=311 windows=6854 elapsed=120s
[gpu3] [encode] VideoUnmaskSwap_ep181_demo windows=7 took=0.1s (13 ms/窗) 累计 items=375 windows=9015 elapsed=121s
[gpu0] [encode] VideoUnmaskSwap_ep182_demo windows=7 took=0.1s (13 ms/窗) 累计 items=371 windows=8941 elapsed=121s
[gpu6] [encode] VideoUnmaskSwap_ep184_demo windows=7 took=0.1s (13 ms/窗) 累计 items=385 windows=9269 elapsed=121s
[gpu5] [encode] VideoUnmaskSwap_ep185_demo windows=7 took=0.1s (13 ms/窗) 累计 items=365 windows=8919 elapsed=121s
[gpu1] [encode] VideoUnmaskSwap_ep187_demo windows=7 took=0.1s (13 ms/窗) 累计 items=382 windows=9190 elapsed=121s
[gpu2] [encode] VideoUnmaskSwap_ep18_demo windows=7 took=0.1s (14 ms/窗) 累计 items=353 windows=8572 elapsed=121s
[gpu4] [encode] VideoUnmaskSwap_ep193_demo windows=7 took=0.1s (13 ms/窗) 累计 items=367 windows=8927 elapsed=121s
[gpu7] [encode] VideoUnmaskSwap_ep194_demo windows=7 took=0.1s (13 ms/窗) 累计 items=312 windows=6861 elapsed=120s
[gpu3] [encode] VideoUnmaskSwap_ep195_demo windows=7 took=0.1s (13 ms/窗) 累计 items=376 windows=9022 elapsed=121s
[gpu0] [encode] VideoUnmaskSwap_ep196_demo windows=7 took=0.1s (13 ms/窗) 累计 items=372 windows=8948 elapsed=121s
[gpu6] [encode] VideoUnmaskSwap_ep198_demo windows=7 took=0.1s (13 ms/窗) 累计 items=386 windows=9276 elapsed=121s
[gpu5] [encode] VideoUnmaskSwap_ep1_demo windows=7 took=0.1s (13 ms/窗) 累计 items=366 windows=8926 elapsed=121s
[gpu1] [encode] VideoUnmaskSwap_ep20_demo windows=7 took=0.1s (13 ms/窗) 累计 items=383 windows=9197 elapsed=121s
[gpu4] [encode] VideoUnmaskSwap_ep23_demo windows=7 took=0.1s (13 ms/窗) 累计 items=368 windows=8934 elapsed=121s
[gpu2] [encode] VideoUnmaskSwap_ep21_demo windows=7 took=0.1s (14 ms/窗) 累计 items=354 windows=8579 elapsed=121s
[gpu7] [encode] VideoUnmaskSwap_ep28_demo windows=7 took=0.1s (13 ms/窗) 累计 items=313 windows=6868 elapsed=121s
[gpu3] [encode] VideoUnmaskSwap_ep29_demo windows=7 took=0.1s (13 ms/窗) 累计 items=377 windows=9029 elapsed=121s
[gpu0] [encode] VideoUnmaskSwap_ep2_demo windows=7 took=0.1s (13 ms/窗) 累计 items=373 windows=8955 elapsed=121s
[gpu6] [encode] VideoUnmaskSwap_ep32_demo windows=7 took=0.1s (13 ms/窗) 累计 items=387 windows=9283 elapsed=121s
[gpu5] [encode] VideoUnmaskSwap_ep33_demo windows=7 took=0.1s (13 ms/窗) 累计 items=367 windows=8933 elapsed=121s
[gpu1] [encode] VideoUnmaskSwap_ep34_demo windows=7 took=0.1s (13 ms/窗) 累计 items=384 windows=9204 elapsed=121s
[gpu4] [encode] VideoUnmaskSwap_ep36_demo windows=7 took=0.1s (13 ms/窗) 累计 items=369 windows=8941 elapsed=121s
[gpu2] [encode] VideoUnmaskSwap_ep37_demo windows=7 took=0.1s (14 ms/窗) 累计 items=355 windows=8586 elapsed=121s
[gpu7] [encode] VideoUnmaskSwap_ep3_demo windows=7 took=0.1s (13 ms/窗) 累计 items=314 windows=6875 elapsed=121s
[gpu3] [encode] VideoUnmaskSwap_ep40_demo windows=7 took=0.1s (13 ms/窗) 累计 items=378 windows=9036 elapsed=121s
[gpu0] [encode] VideoUnmaskSwap_ep43_demo windows=7 took=0.1s (13 ms/窗) 累计 items=374 windows=8962 elapsed=121s
[gpu6] [encode] VideoUnmaskSwap_ep45_demo windows=7 took=0.1s (13 ms/窗) 累计 items=388 windows=9290 elapsed=121s
[gpu5] [encode] VideoUnmaskSwap_ep47_demo windows=7 took=0.1s (13 ms/窗) 累计 items=368 windows=8940 elapsed=121s
[gpu1] [encode] VideoUnmaskSwap_ep49_demo windows=7 took=0.1s (13 ms/窗) 累计 items=385 windows=9211 elapsed=121s
[gpu4] [encode] VideoUnmaskSwap_ep4_demo windows=7 took=0.1s (13 ms/窗) 累计 items=370 windows=8948 elapsed=121s
[gpu2] [encode] VideoUnmaskSwap_ep51_demo windows=7 took=0.1s (14 ms/窗) 累计 items=356 windows=8593 elapsed=121s
[gpu7] [encode] VideoUnmaskSwap_ep55_demo windows=7 took=0.1s (13 ms/窗) 累计 items=315 windows=6882 elapsed=121s
[gpu3] [encode] VideoUnmaskSwap_ep56_demo windows=7 took=0.1s (13 ms/窗) 累计 items=379 windows=9043 elapsed=121s
[gpu0] [encode] VideoUnmaskSwap_ep57_demo windows=7 took=0.1s (13 ms/窗) 累计 items=375 windows=8969 elapsed=122s
[gpu6] [encode] VideoUnmaskSwap_ep58_demo windows=7 took=0.1s (13 ms/窗) 累计 items=389 windows=9297 elapsed=121s
[gpu1] [encode] VideoUnmaskSwap_ep62_demo windows=7 took=0.1s (13 ms/窗) 累计 items=386 windows=9218 elapsed=121s
[gpu5] [encode] VideoUnmaskSwap_ep60_demo windows=7 took=0.1s (16 ms/窗) 累计 items=369 windows=8947 elapsed=122s
[gpu4] [encode] VideoUnmaskSwap_ep64_demo windows=7 took=0.1s (13 ms/窗) 累计 items=371 windows=8955 elapsed=121s
[gpu2] [encode] VideoUnmaskSwap_ep66_demo windows=7 took=0.1s (14 ms/窗) 累计 items=357 windows=8600 elapsed=121s
[gpu7] [encode] VideoUnmaskSwap_ep67_demo windows=7 took=0.1s (13 ms/窗) 累计 items=316 windows=6889 elapsed=121s
[gpu3] [encode] VideoUnmaskSwap_ep6_demo windows=7 took=0.1s (13 ms/窗) 累计 items=380 windows=9050 elapsed=121s
[gpu0] [encode] VideoUnmaskSwap_ep70_demo windows=7 took=0.1s (13 ms/窗) 累计 items=376 windows=8976 elapsed=122s
[gpu6] [encode] VideoUnmaskSwap_ep72_demo windows=7 took=0.1s (13 ms/窗) 累计 items=390 windows=9304 elapsed=121s
[gpu1] [encode] VideoUnmaskSwap_ep74_demo windows=7 took=0.1s (13 ms/窗) 累计 items=387 windows=9225 elapsed=121s
[gpu4] [encode] VideoUnmaskSwap_ep78_demo windows=7 took=0.1s (13 ms/窗) 累计 items=372 windows=8962 elapsed=121s
[gpu7] [encode] VideoUnmaskSwap_ep81_demo windows=7 took=0.1s (13 ms/窗) 累计 items=317 windows=6896 elapsed=121s
[gpu5] [encode] VideoUnmaskSwap_ep79_demo windows=7 took=0.1s (16 ms/窗) 累计 items=370 windows=8954 elapsed=122s
[gpu2] [encode] VideoUnmaskSwap_ep83_demo windows=7 took=0.1s (14 ms/窗) 累计 items=358 windows=8607 elapsed=121s
[gpu3] [encode] VideoUnmaskSwap_ep85_demo windows=7 took=0.1s (13 ms/窗) 累计 items=381 windows=9057 elapsed=121s
[gpu0] [encode] VideoUnmaskSwap_ep86_demo windows=7 took=0.1s (13 ms/窗) 累计 items=377 windows=8983 elapsed=122s
[gpu6] [encode] VideoUnmaskSwap_ep89_demo windows=7 took=0.1s (13 ms/窗) 累计 items=391 windows=9311 elapsed=121s
[gpu1] [encode] VideoUnmaskSwap_ep90_demo windows=7 took=0.1s (13 ms/窗) 累计 items=388 windows=9232 elapsed=121s
[gpu4] [encode] VideoUnmaskSwap_ep92_demo windows=7 took=0.1s (13 ms/窗) 累计 items=373 windows=8969 elapsed=121s
[gpu7] [encode] VideoUnmaskSwap_ep93_demo windows=7 took=0.1s (13 ms/窗) 累计 items=318 windows=6903 elapsed=121s
[gpu6] [encode] RouteStick_ep12_demo windows=6 took=0.1s (13 ms/窗) 累计 items=392 windows=9317 elapsed=121s
[gpu0] [encode] RouteStick_ep10_demo windows=6 took=0.1s (13 ms/窗) 累计 items=378 windows=8989 elapsed=122s
[gpu2] [encode] VideoUnmaskSwap_ep94_demo windows=7 took=0.1s (14 ms/窗) 累计 items=359 windows=8614 elapsed=121s
[gpu3] [encode] VideoUnmaskSwap_ep96_demo windows=7 took=0.1s (13 ms/窗) 累计 items=382 windows=9064 elapsed=121s
[gpu1] [encode] RouteStick_ep15_demo windows=6 took=0.1s (13 ms/窗) 累计 items=389 windows=9238 elapsed=121s
[gpu4] [encode] RouteStick_ep17_demo windows=6 took=0.1s (13 ms/窗) 累计 items=374 windows=8975 elapsed=121s
[gpu7] [encode] RouteStick_ep1_demo windows=6 took=0.1s (13 ms/窗) 累计 items=319 windows=6909 elapsed=121s
[gpu6] [encode] RouteStick_ep20_demo windows=6 took=0.1s (13 ms/窗) 累计 items=393 windows=9323 elapsed=121s
[gpu5] [encode] RouteStick_ep19_demo windows=6 took=0.1s (16 ms/窗) 累计 items=371 windows=8960 elapsed=122s
[gpu0] [encode] RouteStick_ep22_demo windows=6 took=0.1s (13 ms/窗) 累计 items=379 windows=8995 elapsed=122s
[gpu3] [encode] RouteStick_ep23_demo windows=6 took=0.1s (13 ms/窗) 累计 items=383 windows=9070 elapsed=122s
[gpu1] [encode] RouteStick_ep26_demo windows=6 took=0.1s (13 ms/窗) 累计 items=390 windows=9244 elapsed=121s
[gpu2] [encode] RouteStick_ep29_demo windows=6 took=0.1s (14 ms/窗) 累计 items=360 windows=8620 elapsed=122s
[gpu4] [encode] RouteStick_ep2_demo windows=6 took=0.1s (13 ms/窗) 累计 items=375 windows=8981 elapsed=122s
[gpu7] [encode] RouteStick_ep31_demo windows=6 took=0.1s (13 ms/窗) 累计 items=320 windows=6915 elapsed=121s
[gpu6] [encode] RouteStick_ep32_demo windows=6 took=0.1s (13 ms/窗) 累计 items=394 windows=9329 elapsed=122s
[gpu0] [encode] RouteStick_ep35_demo windows=6 took=0.1s (13 ms/窗) 累计 items=380 windows=9001 elapsed=122s
[gpu1] [encode] RouteStick_ep42_demo windows=6 took=0.1s (13 ms/窗) 累计 items=391 windows=9250 elapsed=121s
[gpu3] [encode] RouteStick_ep39_demo windows=6 took=0.1s (13 ms/窗) 累计 items=384 windows=9076 elapsed=122s
[gpu5] [encode] RouteStick_ep36_demo windows=6 took=0.1s (16 ms/窗) 累计 items=372 windows=8966 elapsed=122s
[gpu4] [encode] RouteStick_ep45_demo windows=6 took=0.1s (13 ms/窗) 累计 items=376 windows=8987 elapsed=122s
[gpu2] [encode] RouteStick_ep44_demo windows=6 took=0.1s (14 ms/窗) 累计 items=361 windows=8626 elapsed=122s
[gpu7] [encode] RouteStick_ep47_demo windows=6 took=0.1s (13 ms/窗) 累计 items=321 windows=6921 elapsed=121s
[gpu6] [encode] RouteStick_ep48_demo windows=6 took=0.1s (13 ms/窗) 累计 items=395 windows=9335 elapsed=122s
[gpu0] [encode] RouteStick_ep50_demo windows=6 took=0.1s (13 ms/窗) 累计 items=381 windows=9007 elapsed=122s
[gpu1] [encode] RouteStick_ep53_demo windows=6 took=0.1s (13 ms/窗) 累计 items=392 windows=9256 elapsed=122s
[gpu3] [encode] RouteStick_ep54_demo windows=6 took=0.1s (13 ms/窗) 累计 items=385 windows=9082 elapsed=122s
[gpu4] [encode] RouteStick_ep55_demo windows=6 took=0.1s (13 ms/窗) 累计 items=377 windows=8993 elapsed=122s
[gpu2] [encode] RouteStick_ep57_demo windows=6 took=0.1s (14 ms/窗) 累计 items=362 windows=8632 elapsed=122s
[gpu7] [encode] RouteStick_ep60_demo windows=6 took=0.1s (13 ms/窗) 累计 items=322 windows=6927 elapsed=121s
[gpu6] [encode] RouteStick_ep65_demo windows=6 took=0.1s (13 ms/窗) 累计 items=396 windows=9341 elapsed=122s
[gpu0] [encode] RouteStick_ep67_demo windows=6 took=0.1s (13 ms/窗) 累计 items=382 windows=9013 elapsed=122s
[gpu1] [encode] RouteStick_ep69_demo windows=6 took=0.1s (13 ms/窗) 累计 items=393 windows=9262 elapsed=122s
[gpu3] [encode] RouteStick_ep6_demo windows=6 took=0.1s (13 ms/窗) 累计 items=386 windows=9088 elapsed=122s
[gpu5] [encode] RouteStick_ep68_demo windows=6 took=0.1s (16 ms/窗) 累计 items=373 windows=8972 elapsed=122s
[gpu4] [encode] RouteStick_ep72_demo windows=6 took=0.1s (13 ms/窗) 累计 items=378 windows=8999 elapsed=122s
[gpu2] [encode] RouteStick_ep73_demo windows=6 took=0.1s (14 ms/窗) 累计 items=363 windows=8638 elapsed=122s
[gpu7] [encode] RouteStick_ep75_demo windows=6 took=0.1s (13 ms/窗) 累计 items=323 windows=6933 elapsed=121s
[gpu6] [encode] RouteStick_ep76_demo windows=6 took=0.1s (13 ms/窗) 累计 items=397 windows=9347 elapsed=122s
[gpu0] [encode] RouteStick_ep77_demo windows=6 took=0.1s (13 ms/窗) 累计 items=383 windows=9019 elapsed=122s
[gpu1] [encode] RouteStick_ep7_demo windows=6 took=0.1s (13 ms/窗) 累计 items=394 windows=9268 elapsed=122s
[gpu3] [encode] RouteStick_ep82_demo windows=6 took=0.1s (13 ms/窗) 累计 items=387 windows=9094 elapsed=122s
[gpu4] [encode] RouteStick_ep84_demo windows=6 took=0.1s (13 ms/窗) 累计 items=379 windows=9005 elapsed=122s
[gpu2] [encode] RouteStick_ep85_demo windows=6 took=0.1s (14 ms/窗) 累计 items=364 windows=8644 elapsed=122s
[gpu7] [encode] RouteStick_ep87_demo windows=6 took=0.1s (13 ms/窗) 累计 items=324 windows=6939 elapsed=122s
[gpu6] [encode] RouteStick_ep88_demo windows=6 took=0.1s (13 ms/窗) 累计 items=398 windows=9353 elapsed=122s
[gpu0] [encode] RouteStick_ep8_demo windows=6 took=0.1s (13 ms/窗) 累计 items=384 windows=9025 elapsed=122s
[gpu1] [encode] RouteStick_ep92_demo windows=6 took=0.1s (13 ms/窗) 累计 items=395 windows=9274 elapsed=122s
[gpu5] [encode] RouteStick_ep90_demo windows=6 took=0.1s (16 ms/窗) 累计 items=374 windows=8978 elapsed=122s
[gpu3] [encode] RouteStick_ep96_demo windows=6 took=0.1s (13 ms/窗) 累计 items=388 windows=9100 elapsed=122s
[gpu4] [encode] RouteStick_ep98_demo windows=6 took=0.1s (13 ms/窗) 累计 items=380 windows=9011 elapsed=122s
[gpu2] [encode] RouteStick_ep99_demo windows=6 took=0.1s (14 ms/窗) 累计 items=365 windows=8650 elapsed=122s
[gpu7] [encode] VideoUnmaskSwap_ep108_exec windows=6 took=0.1s (13 ms/窗) 累计 items=325 windows=6945 elapsed=122s
[gpu6] [encode] VideoUnmaskSwap_ep109_exec windows=6 took=0.1s (13 ms/窗) 累计 items=399 windows=9359 elapsed=122s
[gpu0] [encode] VideoUnmaskSwap_ep10_exec windows=6 took=0.1s (13 ms/窗) 累计 items=385 windows=9031 elapsed=122s
[gpu1] [encode] VideoUnmaskSwap_ep115_exec windows=6 took=0.1s (13 ms/窗) 累计 items=396 windows=9280 elapsed=122s
[gpu3] [encode] VideoUnmaskSwap_ep121_exec windows=6 took=0.1s (13 ms/窗) 累计 items=389 windows=9106 elapsed=122s
[gpu4] [encode] VideoUnmaskSwap_ep127_exec windows=6 took=0.1s (13 ms/窗) 累计 items=381 windows=9017 elapsed=122s
[gpu2] [encode] VideoUnmaskSwap_ep133_exec windows=6 took=0.1s (14 ms/窗) 累计 items=366 windows=8656 elapsed=122s
[gpu7] [encode] VideoUnmaskSwap_ep138_exec windows=6 took=0.1s (13 ms/窗) 累计 items=326 windows=6951 elapsed=122s
[gpu6] [encode] VideoUnmaskSwap_ep141_exec windows=6 took=0.1s (13 ms/窗) 累计 items=400 windows=9365 elapsed=122s
[gpu5] [encode] VideoUnmaskSwap_ep130_exec windows=6 took=0.1s (16 ms/窗) 累计 items=375 windows=8984 elapsed=122s
[gpu0] [encode] VideoUnmaskSwap_ep145_exec windows=6 took=0.1s (13 ms/窗) 累计 items=386 windows=9037 elapsed=123s
[gpu1] [encode] VideoUnmaskSwap_ep164_exec windows=6 took=0.1s (13 ms/窗) 累计 items=397 windows=9286 elapsed=122s
[gpu3] [encode] VideoUnmaskSwap_ep173_exec windows=6 took=0.1s (13 ms/窗) 累计 items=390 windows=9112 elapsed=122s
[gpu4] [encode] VideoUnmaskSwap_ep174_exec windows=6 took=0.1s (13 ms/窗) 累计 items=382 windows=9023 elapsed=122s
[gpu2] [encode] VideoUnmaskSwap_ep177_exec windows=6 took=0.1s (14 ms/窗) 累计 items=367 windows=8662 elapsed=122s
[gpu7] [encode] VideoUnmaskSwap_ep178_exec windows=6 took=0.1s (13 ms/窗) 累计 items=327 windows=6957 elapsed=122s
[gpu6] [encode] VideoUnmaskSwap_ep184_exec windows=6 took=0.1s (13 ms/窗) 累计 items=401 windows=9371 elapsed=122s
[gpu0] [encode] VideoUnmaskSwap_ep188_exec windows=6 took=0.1s (13 ms/窗) 累计 items=387 windows=9043 elapsed=123s
[gpu1] [encode] VideoUnmaskSwap_ep197_exec windows=6 took=0.1s (13 ms/窗) 累计 items=398 windows=9292 elapsed=122s
[gpu3] [encode] VideoUnmaskSwap_ep38_exec windows=6 took=0.1s (13 ms/窗) 累计 items=391 windows=9118 elapsed=122s
[gpu4] [encode] VideoUnmaskSwap_ep67_exec windows=6 took=0.1s (13 ms/窗) 累计 items=383 windows=9029 elapsed=122s
[gpu2] [encode] VideoUnmaskSwap_ep7_exec windows=6 took=0.1s (14 ms/窗) 累计 items=368 windows=8668 elapsed=122s
[gpu7] [encode] VideoUnmaskSwap_ep93_exec windows=6 took=0.1s (13 ms/窗) 累计 items=328 windows=6963 elapsed=122s
[gpu6] [encode] VideoUnmaskSwap_ep95_exec windows=6 took=0.1s (13 ms/窗) 累计 items=402 windows=9377 elapsed=122s
[gpu5] [encode] VideoUnmaskSwap_ep72_exec windows=6 took=0.1s (16 ms/窗) 累计 items=376 windows=8990 elapsed=123s
[gpu1] [encode] RouteStick_ep10_exec windows=5 took=0.1s (13 ms/窗) 累计 items=399 windows=9297 elapsed=122s
[gpu0] [encode] VideoUnmaskSwap_ep9_exec windows=6 took=0.1s (13 ms/窗) 累计 items=388 windows=9049 elapsed=123s
[gpu4] [encode] RouteStick_ep15_exec windows=5 took=0.1s (13 ms/窗) 累计 items=384 windows=9034 elapsed=122s
[gpu3] [encode] RouteStick_ep12_exec windows=5 took=0.1s (13 ms/窗) 累计 items=392 windows=9123 elapsed=122s
[gpu6] [encode] RouteStick_ep1_exec windows=5 took=0.1s (13 ms/窗) 累计 items=403 windows=9382 elapsed=122s
[gpu7] [encode] RouteStick_ep19_exec windows=5 took=0.1s (13 ms/窗) 累计 items=329 windows=6968 elapsed=122s
[gpu2] [encode] RouteStick_ep17_exec windows=5 took=0.1s (14 ms/窗) 累计 items=369 windows=8673 elapsed=122s
[gpu1] [encode] RouteStick_ep20_exec windows=5 took=0.1s (13 ms/窗) 累计 items=400 windows=9302 elapsed=122s
[gpu0] [encode] RouteStick_ep22_exec windows=5 took=0.1s (13 ms/窗) 累计 items=389 windows=9054 elapsed=123s
[gpu4] [encode] RouteStick_ep23_exec windows=5 took=0.1s (13 ms/窗) 累计 items=385 windows=9039 elapsed=122s
[gpu3] [encode] RouteStick_ep26_exec windows=5 took=0.1s (13 ms/窗) 累计 items=393 windows=9128 elapsed=122s
[gpu6] [encode] RouteStick_ep2_exec windows=5 took=0.1s (13 ms/窗) 累计 items=404 windows=9387 elapsed=122s
[gpu7] [encode] RouteStick_ep31_exec windows=5 took=0.1s (13 ms/窗) 累计 items=330 windows=6973 elapsed=122s
[gpu5] [encode] RouteStick_ep29_exec windows=5 took=0.1s (16 ms/窗) 累计 items=377 windows=8995 elapsed=123s
[gpu1] [encode] RouteStick_ep35_exec windows=5 took=0.1s (13 ms/窗) 累计 items=401 windows=9307 elapsed=122s
[gpu2] [encode] RouteStick_ep32_exec windows=5 took=0.1s (14 ms/窗) 累计 items=370 windows=8678 elapsed=122s
[gpu0] [encode] RouteStick_ep36_exec windows=5 took=0.1s (13 ms/窗) 累计 items=390 windows=9059 elapsed=123s
[gpu4] [encode] RouteStick_ep39_exec windows=5 took=0.1s (13 ms/窗) 累计 items=386 windows=9044 elapsed=122s
[gpu3] [encode] RouteStick_ep42_exec windows=5 took=0.1s (14 ms/窗) 累计 items=394 windows=9133 elapsed=122s
[gpu6] [encode] RouteStick_ep44_exec windows=5 took=0.1s (13 ms/窗) 累计 items=405 windows=9392 elapsed=122s
[gpu7] [encode] RouteStick_ep45_exec windows=5 took=0.1s (13 ms/窗) 累计 items=331 windows=6978 elapsed=122s
[gpu1] [encode] RouteStick_ep47_exec windows=5 took=0.1s (13 ms/窗) 累计 items=402 windows=9312 elapsed=122s
[gpu0] [encode] RouteStick_ep50_exec windows=5 took=0.1s (13 ms/窗) 累计 items=391 windows=9064 elapsed=123s
[gpu2] [encode] RouteStick_ep48_exec windows=5 took=0.1s (14 ms/窗) 累计 items=371 windows=8683 elapsed=122s
[gpu4] [encode] RouteStick_ep53_exec windows=5 took=0.1s (13 ms/窗) 累计 items=387 windows=9049 elapsed=122s
[gpu3] [encode] RouteStick_ep54_exec windows=5 took=0.1s (14 ms/窗) 累计 items=395 windows=9138 elapsed=123s
[gpu6] [encode] RouteStick_ep57_exec windows=5 took=0.1s (13 ms/窗) 累计 items=406 windows=9397 elapsed=122s
[gpu5] [encode] RouteStick_ep55_exec windows=5 took=0.1s (16 ms/窗) 累计 items=378 windows=9000 elapsed=123s
[gpu7] [encode] RouteStick_ep60_exec windows=5 took=0.1s (13 ms/窗) 累计 items=332 windows=6983 elapsed=122s
[gpu1] [encode] RouteStick_ep65_exec windows=5 took=0.1s (13 ms/窗) 累计 items=403 windows=9317 elapsed=122s
[gpu0] [encode] RouteStick_ep67_exec windows=5 took=0.1s (13 ms/窗) 累计 items=392 windows=9069 elapsed=123s
[gpu2] [encode] RouteStick_ep68_exec windows=5 took=0.1s (14 ms/窗) 累计 items=372 windows=8688 elapsed=123s
[gpu4] [encode] RouteStick_ep69_exec windows=5 took=0.1s (13 ms/窗) 累计 items=388 windows=9054 elapsed=123s
[gpu3] [encode] RouteStick_ep6_exec windows=5 took=0.1s (14 ms/窗) 累计 items=396 windows=9143 elapsed=123s
[gpu6] [encode] RouteStick_ep72_exec windows=5 took=0.1s (13 ms/窗) 累计 items=407 windows=9402 elapsed=122s
[gpu1] [encode] RouteStick_ep75_exec windows=5 took=0.1s (14 ms/窗) 累计 items=404 windows=9322 elapsed=122s
[gpu7] [encode] RouteStick_ep73_exec windows=5 took=0.1s (15 ms/窗) 累计 items=333 windows=6988 elapsed=122s
[gpu0] [encode] RouteStick_ep76_exec windows=5 took=0.1s (13 ms/窗) 累计 items=393 windows=9074 elapsed=123s
[gpu4] [encode] RouteStick_ep82_exec windows=5 took=0.1s (13 ms/窗) 累计 items=389 windows=9059 elapsed=123s
[gpu2] [encode] RouteStick_ep7_exec windows=5 took=0.1s (14 ms/窗) 累计 items=373 windows=8693 elapsed=123s
[gpu5] [encode] RouteStick_ep77_exec windows=5 took=0.1s (16 ms/窗) 累计 items=379 windows=9005 elapsed=123s
[gpu3] [encode] RouteStick_ep84_exec windows=5 took=0.1s (14 ms/窗) 累计 items=397 windows=9148 elapsed=123s
[gpu6] [encode] RouteStick_ep85_exec windows=5 took=0.1s (13 ms/窗) 累计 items=408 windows=9407 elapsed=123s
[gpu1] [encode] RouteStick_ep87_exec windows=5 took=0.1s (13 ms/窗) 累计 items=405 windows=9327 elapsed=122s
[gpu7] [encode] RouteStick_ep88_exec windows=5 took=0.1s (13 ms/窗) 累计 items=334 windows=6993 elapsed=122s
[gpu0] [encode] RouteStick_ep8_exec windows=5 took=0.1s (13 ms/窗) 累计 items=394 windows=9079 elapsed=123s
[gpu4] [encode] RouteStick_ep90_exec windows=5 took=0.1s (13 ms/窗) 累计 items=390 windows=9064 elapsed=123s
[gpu2] [encode] RouteStick_ep92_exec windows=5 took=0.1s (14 ms/窗) 累计 items=374 windows=8698 elapsed=123s
[gpu3] [encode] RouteStick_ep96_exec windows=5 took=0.1s (13 ms/窗) 累计 items=398 windows=9153 elapsed=123s
[gpu6] [encode] RouteStick_ep98_exec windows=5 took=0.1s (13 ms/窗) 累计 items=409 windows=9412 elapsed=123s
[gpu1] [encode] VideoUnmaskSwap_ep106_exec windows=5 took=0.1s (13 ms/窗) 累计 items=406 windows=9332 elapsed=123s
[gpu5] [encode] RouteStick_ep99_exec windows=5 took=0.1s (16 ms/窗) 累计 items=380 windows=9010 elapsed=123s
[gpu7] [encode] VideoUnmaskSwap_ep107_exec windows=5 took=0.1s (13 ms/窗) 累计 items=335 windows=6998 elapsed=122s
[gpu0] [encode] VideoUnmaskSwap_ep110_exec windows=5 took=0.1s (13 ms/窗) 累计 items=395 windows=9084 elapsed=123s
[gpu4] [encode] VideoUnmaskSwap_ep111_exec windows=5 took=0.1s (14 ms/窗) 累计 items=391 windows=9069 elapsed=123s
[gpu2] [encode] VideoUnmaskSwap_ep112_exec windows=5 took=0.1s (14 ms/窗) 累计 items=375 windows=8703 elapsed=123s
[gpu3] [encode] VideoUnmaskSwap_ep113_exec windows=5 took=0.1s (13 ms/窗) 累计 items=399 windows=9158 elapsed=123s
[gpu6] [encode] VideoUnmaskSwap_ep114_exec windows=5 took=0.1s (13 ms/窗) 累计 items=410 windows=9417 elapsed=123s
[gpu1] [encode] VideoUnmaskSwap_ep116_exec windows=5 took=0.1s (13 ms/窗) 累计 items=407 windows=9337 elapsed=123s
[gpu7] [encode] VideoUnmaskSwap_ep117_exec windows=5 took=0.1s (14 ms/窗) 累计 items=336 windows=7003 elapsed=122s
[gpu0] [encode] VideoUnmaskSwap_ep118_exec windows=5 took=0.1s (14 ms/窗) 累计 items=396 windows=9089 elapsed=123s
[gpu4] [encode] VideoUnmaskSwap_ep119_exec windows=5 took=0.1s (14 ms/窗) 累计 items=392 windows=9074 elapsed=123s
[gpu2] [encode] VideoUnmaskSwap_ep11_exec windows=5 took=0.1s (14 ms/窗) 累计 items=376 windows=8708 elapsed=123s
[gpu3] [encode] VideoUnmaskSwap_ep120_exec windows=5 took=0.1s (13 ms/窗) 累计 items=400 windows=9163 elapsed=123s
[gpu6] [encode] VideoUnmaskSwap_ep122_exec windows=5 took=0.1s (13 ms/窗) 累计 items=411 windows=9422 elapsed=123s
[gpu5] [encode] VideoUnmaskSwap_ep123_exec windows=5 took=0.1s (13 ms/窗) 累计 items=381 windows=9015 elapsed=123s
[gpu1] [encode] VideoUnmaskSwap_ep124_exec windows=5 took=0.1s (13 ms/窗) 累计 items=408 windows=9342 elapsed=123s
[gpu7] [encode] VideoUnmaskSwap_ep125_exec windows=5 took=0.1s (13 ms/窗) 累计 items=337 windows=7008 elapsed=122s
[gpu0] [encode] VideoUnmaskSwap_ep126_exec windows=5 took=0.1s (13 ms/窗) 累计 items=397 windows=9094 elapsed=123s
[gpu4] [encode] VideoUnmaskSwap_ep128_exec windows=5 took=0.1s (13 ms/窗) 累计 items=393 windows=9079 elapsed=123s
[gpu3] [encode] VideoUnmaskSwap_ep12_exec windows=5 took=0.1s (13 ms/窗) 累计 items=401 windows=9168 elapsed=123s
[gpu2] [encode] VideoUnmaskSwap_ep129_exec windows=5 took=0.1s (14 ms/窗) 累计 items=377 windows=8713 elapsed=123s
[gpu6] [encode] VideoUnmaskSwap_ep131_exec windows=5 took=0.1s (13 ms/窗) 累计 items=412 windows=9427 elapsed=123s
[gpu5] [encode] VideoUnmaskSwap_ep132_exec windows=5 took=0.1s (13 ms/窗) 累计 items=382 windows=9020 elapsed=123s
[gpu1] [encode] VideoUnmaskSwap_ep134_exec windows=5 took=0.1s (13 ms/窗) 累计 items=409 windows=9347 elapsed=123s
[gpu7] [encode] VideoUnmaskSwap_ep135_exec windows=5 took=0.1s (13 ms/窗) 累计 items=338 windows=7013 elapsed=123s
[gpu0] [encode] VideoUnmaskSwap_ep136_exec windows=5 took=0.1s (13 ms/窗) 累计 items=398 windows=9099 elapsed=123s
[gpu4] [encode] VideoUnmaskSwap_ep137_exec windows=5 took=0.1s (13 ms/窗) 累计 items=394 windows=9084 elapsed=123s
[gpu3] [encode] VideoUnmaskSwap_ep139_exec windows=5 took=0.1s (13 ms/窗) 累计 items=402 windows=9173 elapsed=123s
[gpu6] [encode] VideoUnmaskSwap_ep140_exec windows=5 took=0.1s (13 ms/窗) 累计 items=413 windows=9432 elapsed=123s
[gpu2] [encode] VideoUnmaskSwap_ep142_exec windows=5 took=0.1s (14 ms/窗) 累计 items=378 windows=8718 elapsed=123s
[gpu1] [encode] VideoUnmaskSwap_ep144_exec windows=5 took=0.1s (13 ms/窗) 累计 items=410 windows=9352 elapsed=123s
[gpu5] [encode] VideoUnmaskSwap_ep143_exec windows=5 took=0.1s (17 ms/窗) 累计 items=383 windows=9025 elapsed=123s
[gpu7] [encode] VideoUnmaskSwap_ep146_exec windows=5 took=0.1s (13 ms/窗) 累计 items=339 windows=7018 elapsed=123s
[gpu0] [encode] VideoUnmaskSwap_ep147_exec windows=5 took=0.1s (13 ms/窗) 累计 items=399 windows=9104 elapsed=123s
[gpu4] [encode] VideoUnmaskSwap_ep148_exec windows=5 took=0.1s (13 ms/窗) 累计 items=395 windows=9089 elapsed=123s
[gpu3] [encode] VideoUnmaskSwap_ep149_exec windows=5 took=0.1s (13 ms/窗) 累计 items=403 windows=9178 elapsed=123s
[gpu6] [encode] VideoUnmaskSwap_ep150_exec windows=5 took=0.1s (14 ms/窗) 累计 items=414 windows=9437 elapsed=123s
[gpu2] [encode] VideoUnmaskSwap_ep151_exec windows=5 took=0.1s (14 ms/窗) 累计 items=379 windows=8723 elapsed=123s
[gpu1] [encode] VideoUnmaskSwap_ep152_exec windows=5 took=0.1s (13 ms/窗) 累计 items=411 windows=9357 elapsed=123s
[gpu7] [encode] VideoUnmaskSwap_ep153_exec windows=5 took=0.1s (13 ms/窗) 累计 items=340 windows=7023 elapsed=123s
[gpu0] [encode] VideoUnmaskSwap_ep154_exec windows=5 took=0.1s (13 ms/窗) 累计 items=400 windows=9109 elapsed=123s
[gpu4] [encode] VideoUnmaskSwap_ep155_exec windows=5 took=0.1s (15 ms/窗) 累计 items=396 windows=9094 elapsed=123s
[gpu3] [encode] VideoUnmaskSwap_ep157_exec windows=5 took=0.1s (14 ms/窗) 累计 items=404 windows=9183 elapsed=123s
[gpu6] [encode] VideoUnmaskSwap_ep158_exec windows=5 took=0.1s (13 ms/窗) 累计 items=415 windows=9442 elapsed=123s
[gpu5] [encode] VideoUnmaskSwap_ep156_exec windows=5 took=0.1s (16 ms/窗) 累计 items=384 windows=9030 elapsed=123s
[gpu2] [encode] VideoUnmaskSwap_ep159_exec windows=5 took=0.1s (14 ms/窗) 累计 items=380 windows=8728 elapsed=123s
[gpu1] [encode] VideoUnmaskSwap_ep15_exec windows=5 took=0.1s (13 ms/窗) 累计 items=412 windows=9362 elapsed=123s
[gpu7] [encode] VideoUnmaskSwap_ep160_exec windows=5 took=0.1s (13 ms/窗) 累计 items=341 windows=7028 elapsed=123s
[gpu0] [encode] VideoUnmaskSwap_ep161_exec windows=5 took=0.1s (14 ms/窗) 累计 items=401 windows=9114 elapsed=124s
[gpu4] [encode] VideoUnmaskSwap_ep162_exec windows=5 took=0.1s (13 ms/窗) 累计 items=397 windows=9099 elapsed=123s
[gpu3] [encode] VideoUnmaskSwap_ep163_exec windows=5 took=0.1s (13 ms/窗) 累计 items=405 windows=9188 elapsed=123s
[gpu6] [encode] VideoUnmaskSwap_ep165_exec windows=5 took=0.1s (13 ms/窗) 累计 items=416 windows=9447 elapsed=123s
[gpu2] [encode] VideoUnmaskSwap_ep166_exec windows=5 took=0.1s (14 ms/窗) 累计 items=381 windows=8733 elapsed=123s
[gpu1] [encode] VideoUnmaskSwap_ep167_exec windows=5 took=0.1s (13 ms/窗) 累计 items=413 windows=9367 elapsed=123s
[gpu7] [encode] VideoUnmaskSwap_ep168_exec windows=5 took=0.1s (13 ms/窗) 累计 items=342 windows=7033 elapsed=123s
[gpu0] [encode] VideoUnmaskSwap_ep169_exec windows=5 took=0.1s (14 ms/窗) 累计 items=402 windows=9119 elapsed=124s
[gpu4] [encode] VideoUnmaskSwap_ep171_exec windows=5 took=0.1s (13 ms/窗) 累计 items=398 windows=9104 elapsed=123s
[gpu5] [encode] VideoUnmaskSwap_ep170_exec windows=5 took=0.1s (16 ms/窗) 累计 items=385 windows=9035 elapsed=124s
[gpu6] [encode] VideoUnmaskSwap_ep175_exec windows=5 took=0.1s (13 ms/窗) 累计 items=417 windows=9452 elapsed=123s
[gpu3] [encode] VideoUnmaskSwap_ep172_exec windows=5 took=0.1s (14 ms/窗) 累计 items=406 windows=9193 elapsed=123s
[gpu2] [encode] VideoUnmaskSwap_ep176_exec windows=5 took=0.1s (14 ms/窗) 累计 items=382 windows=8738 elapsed=123s
[gpu1] [encode] VideoUnmaskSwap_ep179_exec windows=5 took=0.1s (13 ms/窗) 累计 items=414 windows=9372 elapsed=123s
[gpu7] [encode] VideoUnmaskSwap_ep17_exec windows=5 took=0.1s (13 ms/窗) 累计 items=343 windows=7038 elapsed=123s
[gpu0] [encode] VideoUnmaskSwap_ep180_exec windows=5 took=0.1s (14 ms/窗) 累计 items=403 windows=9124 elapsed=124s
[gpu4] [encode] VideoUnmaskSwap_ep181_exec windows=5 took=0.1s (13 ms/窗) 累计 items=399 windows=9109 elapsed=123s
[gpu6] [encode] VideoUnmaskSwap_ep182_exec windows=5 took=0.1s (13 ms/窗) 累计 items=418 windows=9457 elapsed=123s
[gpu3] [encode] VideoUnmaskSwap_ep183_exec windows=5 took=0.1s (14 ms/窗) 累计 items=407 windows=9198 elapsed=123s
[gpu2] [encode] VideoUnmaskSwap_ep185_exec windows=5 took=0.1s (14 ms/窗) 累计 items=383 windows=8743 elapsed=123s
[gpu1] [encode] VideoUnmaskSwap_ep186_exec windows=5 took=0.1s (13 ms/窗) 累计 items=415 windows=9377 elapsed=123s
[gpu7] [encode] VideoUnmaskSwap_ep187_exec windows=5 took=0.1s (13 ms/窗) 累计 items=344 windows=7043 elapsed=123s
[gpu0] [encode] VideoUnmaskSwap_ep189_exec windows=5 took=0.1s (13 ms/窗) 累计 items=404 windows=9129 elapsed=124s
[gpu5] [encode] VideoUnmaskSwap_ep190_exec windows=5 took=0.1s (15 ms/窗) 累计 items=386 windows=9040 elapsed=124s
[gpu4] [encode] VideoUnmaskSwap_ep191_exec windows=5 took=0.1s (13 ms/窗) 累计 items=400 windows=9114 elapsed=123s
[gpu6] [encode] VideoUnmaskSwap_ep192_exec windows=5 took=0.1s (13 ms/窗) 累计 items=419 windows=9462 elapsed=123s
[gpu3] [encode] VideoUnmaskSwap_ep193_exec windows=5 took=0.1s (13 ms/窗) 累计 items=408 windows=9203 elapsed=123s
[gpu1] [encode] VideoUnmaskSwap_ep194_exec windows=5 took=0.1s (13 ms/窗) 累计 items=416 windows=9382 elapsed=123s
[gpu2] [encode] VideoUnmaskSwap_ep195_exec windows=5 took=0.1s (14 ms/窗) 累计 items=384 windows=8748 elapsed=123s
[gpu7] [encode] VideoUnmaskSwap_ep196_exec windows=5 took=0.1s (13 ms/窗) 累计 items=345 windows=7048 elapsed=123s
[gpu0] [encode] VideoUnmaskSwap_ep198_exec windows=5 took=0.1s (13 ms/窗) 累计 items=405 windows=9134 elapsed=124s
[gpu5] [encode] VideoUnmaskSwap_ep199_exec windows=5 took=0.1s (13 ms/窗) 累计 items=387 windows=9045 elapsed=124s
[gpu4] [encode] VideoUnmaskSwap_ep21_exec windows=5 took=0.1s (13 ms/窗) 累计 items=401 windows=9119 elapsed=123s
[gpu6] [encode] VideoUnmaskSwap_ep22_exec windows=5 took=0.1s (13 ms/窗) 累计 items=420 windows=9467 elapsed=123s
[gpu3] [encode] VideoUnmaskSwap_ep23_exec windows=5 took=0.1s (14 ms/窗) 累计 items=409 windows=9208 elapsed=123s
[gpu1] [encode] VideoUnmaskSwap_ep24_exec windows=5 took=0.1s (13 ms/窗) 累计 items=417 windows=9387 elapsed=123s
[gpu2] [encode] VideoUnmaskSwap_ep29_exec windows=5 took=0.1s (14 ms/窗) 累计 items=385 windows=8753 elapsed=123s
[gpu7] [encode] VideoUnmaskSwap_ep31_exec windows=5 took=0.1s (13 ms/窗) 累计 items=346 windows=7053 elapsed=123s
[gpu0] [encode] VideoUnmaskSwap_ep33_exec windows=5 took=0.1s (15 ms/窗) 累计 items=406 windows=9139 elapsed=124s
[gpu5] [encode] VideoUnmaskSwap_ep35_exec windows=5 took=0.1s (13 ms/窗) 累计 items=388 windows=9050 elapsed=124s
[gpu4] [encode] VideoUnmaskSwap_ep36_exec windows=5 took=0.1s (13 ms/窗) 累计 items=402 windows=9124 elapsed=123s
[gpu6] [encode] VideoUnmaskSwap_ep40_exec windows=5 took=0.1s (13 ms/窗) 累计 items=421 windows=9472 elapsed=123s
[gpu3] [encode] VideoUnmaskSwap_ep41_exec windows=5 took=0.1s (14 ms/窗) 累计 items=410 windows=9213 elapsed=124s
[gpu1] [encode] VideoUnmaskSwap_ep42_exec windows=5 took=0.1s (13 ms/窗) 累计 items=418 windows=9392 elapsed=123s
[gpu7] [encode] VideoUnmaskSwap_ep47_exec windows=5 took=0.1s (13 ms/窗) 累计 items=347 windows=7058 elapsed=123s
[gpu2] [encode] VideoUnmaskSwap_ep46_exec windows=5 took=0.1s (14 ms/窗) 累计 items=386 windows=8758 elapsed=124s
[gpu0] [encode] VideoUnmaskSwap_ep50_exec windows=5 took=0.1s (14 ms/窗) 累计 items=407 windows=9144 elapsed=124s
[gpu5] [encode] VideoUnmaskSwap_ep56_exec windows=5 took=0.1s (14 ms/窗) 累计 items=389 windows=9055 elapsed=124s
[gpu4] [encode] VideoUnmaskSwap_ep57_exec windows=5 took=0.1s (15 ms/窗) 累计 items=403 windows=9129 elapsed=124s
[gpu6] [encode] VideoUnmaskSwap_ep58_exec windows=5 took=0.1s (13 ms/窗) 累计 items=422 windows=9477 elapsed=123s
[gpu1] [encode] VideoUnmaskSwap_ep62_exec windows=5 took=0.1s (13 ms/窗) 累计 items=419 windows=9397 elapsed=123s
[gpu3] [encode] VideoUnmaskSwap_ep59_exec windows=5 took=0.1s (14 ms/窗) 累计 items=411 windows=9218 elapsed=124s
[gpu7] [encode] VideoUnmaskSwap_ep65_exec windows=5 took=0.1s (13 ms/窗) 累计 items=348 windows=7063 elapsed=123s
[gpu2] [encode] VideoUnmaskSwap_ep66_exec windows=5 took=0.1s (14 ms/窗) 累计 items=387 windows=8763 elapsed=124s
[gpu5] [encode] VideoUnmaskSwap_ep68_exec windows=5 took=0.1s (13 ms/窗) 累计 items=390 windows=9060 elapsed=124s
[gpu0] [encode] VideoUnmaskSwap_ep6_exec windows=5 took=0.1s (13 ms/窗) 累计 items=408 windows=9149 elapsed=124s
[gpu4] [encode] VideoUnmaskSwap_ep74_exec windows=5 took=0.1s (13 ms/窗) 累计 items=404 windows=9134 elapsed=124s
[gpu6] [encode] VideoUnmaskSwap_ep75_exec windows=5 took=0.1s (13 ms/窗) 累计 items=423 windows=9482 elapsed=124s
[gpu1] [encode] VideoUnmaskSwap_ep78_exec windows=5 took=0.1s (13 ms/窗) 累计 items=420 windows=9402 elapsed=123s
[gpu3] [encode] VideoUnmaskSwap_ep79_exec windows=5 took=0.1s (13 ms/窗) 累计 items=412 windows=9223 elapsed=124s
[gpu7] [encode] VideoUnmaskSwap_ep81_exec windows=5 took=0.1s (13 ms/窗) 累计 items=349 windows=7068 elapsed=123s
[gpu7] WORKER_DONE stage=encode worker=gpu7 items=349 windows=7068 skipped=488 elapsed=123s
[gpu2] [encode] VideoUnmaskSwap_ep83_exec windows=5 took=0.1s (14 ms/窗) 累计 items=388 windows=8768 elapsed=124s
[gpu2] WORKER_DONE stage=encode worker=gpu2 items=388 windows=8768 skipped=195 elapsed=124s
[gpu5] [encode] VideoUnmaskSwap_ep85_exec windows=5 took=0.1s (13 ms/窗) 累计 items=391 windows=9065 elapsed=124s
[gpu5] WORKER_DONE stage=encode worker=gpu5 items=391 windows=9065 skipped=203 elapsed=124s
[gpu6] [encode] VideoUnmaskSwap_ep87_exec windows=5 took=0.1s (13 ms/窗) 累计 items=424 windows=9487 elapsed=124s
[gpu6] WORKER_DONE stage=encode worker=gpu6 items=424 windows=9487 skipped=2 elapsed=124s
[gpu4] [encode] VideoUnmaskSwap_ep88_exec windows=5 took=0.1s (13 ms/窗) 累计 items=405 windows=9139 elapsed=124s
[gpu4] WORKER_DONE stage=encode worker=gpu4 items=405 windows=9139 skipped=109 elapsed=124s
[gpu0] [encode] VideoUnmaskSwap_ep90_exec windows=5 took=0.1s (13 ms/窗) 累计 items=409 windows=9154 elapsed=124s
[gpu0] WORKER_DONE stage=encode worker=gpu0 items=409 windows=9154 skipped=65 elapsed=124s
[gpu1] [encode] VideoUnmaskSwap_ep96_exec windows=5 took=0.1s (13 ms/窗) 累计 items=421 windows=9407 elapsed=124s
[gpu1] WORKER_DONE stage=encode worker=gpu1 items=421 windows=9407 skipped=11 elapsed=124s
[gpu3] [encode] VideoUnmaskSwap_ep97_exec windows=5 took=0.1s (15 ms/窗) 累计 items=413 windows=9228 elapsed=124s
[gpu3] WORKER_DONE stage=encode worker=gpu3 items=413 windows=9228 skipped=44 elapsed=124s
STAGE_WORKSET=PASS stage=encode processed=3200 initial_complete=0 duplicates=0 missing=0
STAGE_DONE stage=encode workers=8 items=3200 skipped=1117 initial_complete=0 elapsed=131s
BUILD_STAGE_DONE=encode
END_UTC=2026-09-18T02:02:12Z
EXIT_CODE=0
