BUILD_HEAD=f6915f2a09443d48c1bb57e9b5f83e95400704fd
STAGE=wan
START_UTC=2026-09-17T22:25:57Z
LIB=/scratch/hongze/robomme_policy_learning_MotionJEPA/v1-store/datasets/4task-v2-1600ep-604f16da
RAW=/scratch/hongze/robomme_policy_learning_MotionJEPA/v1-store/raw-h5/4task-20260912-v2
ENC=/scratch/hongze/robomme_policy_learning_MotionJEPA/v1-store/external/motionjepa/wan-full1600-filter2-b176x4-72ep-a
warning: The `tool.uv.dev-dependencies` field (used in `packages/openpi-client/pyproject.toml`) is deprecated and will be removed in a future release; use `dependency-groups.dev` instead
warning: The `tool.uv.dev-dependencies` field (used in `packages/openpi-client/pyproject.toml`) is deprecated and will be removed in a future release; use `dependency-groups.dev` instead
STAGE_START stage=wan initial_complete=0 items=3200
[run_local] 起 worker gpu0: uv run --project /scratch/hongze/robomme_policy_learning_MotionJEPA/scripts/dataset/wan --no-sync python /scratch/hongze/robomme_policy_learning_MotionJEPA/scripts/dataset/wan/extract_wan.py --manifest /scratch/hongze/robomme_policy_learning_MotionJEPA/v1-store/datasets/4task-v2-1600ep-604f16da/meta/episode_manifest.json --raw-dir /scratch/hongze/robomme_policy_learning_MotionJEPA/v1-store/raw-h5/4task-20260912-v2 --out /scratch/hongze/robomme_policy_learning_MotionJEPA/v1-store/datasets/4task-v2-1600ep-604f16da/wan-latents --worker gpu0
[run_local] 起 worker gpu1: uv run --project /scratch/hongze/robomme_policy_learning_MotionJEPA/scripts/dataset/wan --no-sync python /scratch/hongze/robomme_policy_learning_MotionJEPA/scripts/dataset/wan/extract_wan.py --manifest /scratch/hongze/robomme_policy_learning_MotionJEPA/v1-store/datasets/4task-v2-1600ep-604f16da/meta/episode_manifest.json --raw-dir /scratch/hongze/robomme_policy_learning_MotionJEPA/v1-store/raw-h5/4task-20260912-v2 --out /scratch/hongze/robomme_policy_learning_MotionJEPA/v1-store/datasets/4task-v2-1600ep-604f16da/wan-latents --worker gpu1
[run_local] 起 worker gpu2: uv run --project /scratch/hongze/robomme_policy_learning_MotionJEPA/scripts/dataset/wan --no-sync python /scratch/hongze/robomme_policy_learning_MotionJEPA/scripts/dataset/wan/extract_wan.py --manifest /scratch/hongze/robomme_policy_learning_MotionJEPA/v1-store/datasets/4task-v2-1600ep-604f16da/meta/episode_manifest.json --raw-dir /scratch/hongze/robomme_policy_learning_MotionJEPA/v1-store/raw-h5/4task-20260912-v2 --out /scratch/hongze/robomme_policy_learning_MotionJEPA/v1-store/datasets/4task-v2-1600ep-604f16da/wan-latents --worker gpu2
[run_local] 起 worker gpu3: uv run --project /scratch/hongze/robomme_policy_learning_MotionJEPA/scripts/dataset/wan --no-sync python /scratch/hongze/robomme_policy_learning_MotionJEPA/scripts/dataset/wan/extract_wan.py --manifest /scratch/hongze/robomme_policy_learning_MotionJEPA/v1-store/datasets/4task-v2-1600ep-604f16da/meta/episode_manifest.json --raw-dir /scratch/hongze/robomme_policy_learning_MotionJEPA/v1-store/raw-h5/4task-20260912-v2 --out /scratch/hongze/robomme_policy_learning_MotionJEPA/v1-store/datasets/4task-v2-1600ep-604f16da/wan-latents --worker gpu3
[run_local] 起 worker gpu4: uv run --project /scratch/hongze/robomme_policy_learning_MotionJEPA/scripts/dataset/wan --no-sync python /scratch/hongze/robomme_policy_learning_MotionJEPA/scripts/dataset/wan/extract_wan.py --manifest /scratch/hongze/robomme_policy_learning_MotionJEPA/v1-store/datasets/4task-v2-1600ep-604f16da/meta/episode_manifest.json --raw-dir /scratch/hongze/robomme_policy_learning_MotionJEPA/v1-store/raw-h5/4task-20260912-v2 --out /scratch/hongze/robomme_policy_learning_MotionJEPA/v1-store/datasets/4task-v2-1600ep-604f16da/wan-latents --worker gpu4
[run_local] 起 worker gpu5: uv run --project /scratch/hongze/robomme_policy_learning_MotionJEPA/scripts/dataset/wan --no-sync python /scratch/hongze/robomme_policy_learning_MotionJEPA/scripts/dataset/wan/extract_wan.py --manifest /scratch/hongze/robomme_policy_learning_MotionJEPA/v1-store/datasets/4task-v2-1600ep-604f16da/meta/episode_manifest.json --raw-dir /scratch/hongze/robomme_policy_learning_MotionJEPA/v1-store/raw-h5/4task-20260912-v2 --out /scratch/hongze/robomme_policy_learning_MotionJEPA/v1-store/datasets/4task-v2-1600ep-604f16da/wan-latents --worker gpu5
[run_local] 起 worker gpu6: uv run --project /scratch/hongze/robomme_policy_learning_MotionJEPA/scripts/dataset/wan --no-sync python /scratch/hongze/robomme_policy_learning_MotionJEPA/scripts/dataset/wan/extract_wan.py --manifest /scratch/hongze/robomme_policy_learning_MotionJEPA/v1-store/datasets/4task-v2-1600ep-604f16da/meta/episode_manifest.json --raw-dir /scratch/hongze/robomme_policy_learning_MotionJEPA/v1-store/raw-h5/4task-20260912-v2 --out /scratch/hongze/robomme_policy_learning_MotionJEPA/v1-store/datasets/4task-v2-1600ep-604f16da/wan-latents --worker gpu6
[run_local] 起 worker gpu7: uv run --project /scratch/hongze/robomme_policy_learning_MotionJEPA/scripts/dataset/wan --no-sync python /scratch/hongze/robomme_policy_learning_MotionJEPA/scripts/dataset/wan/extract_wan.py --manifest /scratch/hongze/robomme_policy_learning_MotionJEPA/v1-store/datasets/4task-v2-1600ep-604f16da/meta/episode_manifest.json --raw-dir /scratch/hongze/robomme_policy_learning_MotionJEPA/v1-store/raw-h5/4task-20260912-v2 --out /scratch/hongze/robomme_policy_learning_MotionJEPA/v1-store/datasets/4task-v2-1600ep-604f16da/wan-latents --worker gpu7
[gpu3] warning: `VIRTUAL_ENV=.venv` does not match the project environment path `v1-store/venvs/wan` and will be ignored; use `--active` to target the active environment instead
[gpu4] warning: `VIRTUAL_ENV=.venv` does not match the project environment path `v1-store/venvs/wan` and will be ignored; use `--active` to target the active environment instead
[gpu0] warning: `VIRTUAL_ENV=.venv` does not match the project environment path `v1-store/venvs/wan` and will be ignored; use `--active` to target the active environment instead
[gpu2] warning: `VIRTUAL_ENV=.venv` does not match the project environment path `v1-store/venvs/wan` and will be ignored; use `--active` to target the active environment instead
[gpu1] warning: `VIRTUAL_ENV=.venv` does not match the project environment path `v1-store/venvs/wan` and will be ignored; use `--active` to target the active environment instead
[gpu7] warning: `VIRTUAL_ENV=.venv` does not match the project environment path `v1-store/venvs/wan` and will be ignored; use `--active` to target the active environment instead
[gpu5] warning: `VIRTUAL_ENV=.venv` does not match the project environment path `v1-store/venvs/wan` and will be ignored; use `--active` to target the active environment instead
[gpu6] warning: `VIRTUAL_ENV=.venv` does not match the project environment path `v1-store/venvs/wan` and will be ignored; use `--active` to target the active environment instead
[gpu2] Cannot initialize model with low cpu memory usage because `accelerate` was not found in the environment. Defaulting to `low_cpu_mem_usage=False`. It is strongly recommended to install `accelerate` for faster and less memory-intense model loading. You can do so with:
[gpu2] ```
[gpu2] pip install accelerate
[gpu4] Cannot initialize model with low cpu memory usage because `accelerate` was not found in the environment. Defaulting to `low_cpu_mem_usage=False`. It is strongly recommended to install `accelerate` for faster and less memory-intense model loading. You can do so with:
[gpu4] ```
[gpu2] ```
[gpu4] pip install accelerate
[gpu2] .
[gpu4] ```
[gpu4] .
[gpu4] /scratch/hongze/robomme_policy_learning_MotionJEPA/v1-store/venvs/wan/lib/python3.11/site-packages/huggingface_hub/utils/_validators.py:205: UserWarning: The `local_dir_use_symlinks` argument is deprecated and ignored in `hf_hub_download`. Downloading to a local directory does not use symlinks anymore.
[gpu4]   warnings.warn(
[gpu2] /scratch/hongze/robomme_policy_learning_MotionJEPA/v1-store/venvs/wan/lib/python3.11/site-packages/huggingface_hub/utils/_validators.py:205: UserWarning: The `local_dir_use_symlinks` argument is deprecated and ignored in `hf_hub_download`. Downloading to a local directory does not use symlinks anymore.
[gpu2]   warnings.warn(
[gpu6] Cannot initialize model with low cpu memory usage because `accelerate` was not found in the environment. Defaulting to `low_cpu_mem_usage=False`. It is strongly recommended to install `accelerate` for faster and less memory-intense model loading. You can do so with:
[gpu6] ```
[gpu6] pip install accelerate
[gpu6] ```
[gpu6] .
[gpu6] /scratch/hongze/robomme_policy_learning_MotionJEPA/v1-store/venvs/wan/lib/python3.11/site-packages/huggingface_hub/utils/_validators.py:205: UserWarning: The `local_dir_use_symlinks` argument is deprecated and ignored in `hf_hub_download`. Downloading to a local directory does not use symlinks anymore.
[gpu6]   warnings.warn(
[gpu3] Cannot initialize model with low cpu memory usage because `accelerate` was not found in the environment. Defaulting to `low_cpu_mem_usage=False`. It is strongly recommended to install `accelerate` for faster and less memory-intense model loading. You can do so with:
[gpu3] ```
[gpu3] pip install accelerate
[gpu3] ```
[gpu3] .
[gpu3] /scratch/hongze/robomme_policy_learning_MotionJEPA/v1-store/venvs/wan/lib/python3.11/site-packages/huggingface_hub/utils/_validators.py:205: UserWarning: The `local_dir_use_symlinks` argument is deprecated and ignored in `hf_hub_download`. Downloading to a local directory does not use symlinks anymore.
[gpu3]   warnings.warn(
[gpu1] Cannot initialize model with low cpu memory usage because `accelerate` was not found in the environment. Defaulting to `low_cpu_mem_usage=False`. It is strongly recommended to install `accelerate` for faster and less memory-intense model loading. You can do so with:
[gpu1] ```
[gpu1] pip install accelerate
[gpu1] ```
[gpu1] .
[gpu1] /scratch/hongze/robomme_policy_learning_MotionJEPA/v1-store/venvs/wan/lib/python3.11/site-packages/huggingface_hub/utils/_validators.py:205: UserWarning: The `local_dir_use_symlinks` argument is deprecated and ignored in `hf_hub_download`. Downloading to a local directory does not use symlinks anymore.
[gpu1]   warnings.warn(
[gpu7] Cannot initialize model with low cpu memory usage because `accelerate` was not found in the environment. Defaulting to `low_cpu_mem_usage=False`. It is strongly recommended to install `accelerate` for faster and less memory-intense model loading. You can do so with:
[gpu7] ```
[gpu7] pip install accelerate
[gpu7] ```
[gpu7] .
[gpu7] /scratch/hongze/robomme_policy_learning_MotionJEPA/v1-store/venvs/wan/lib/python3.11/site-packages/huggingface_hub/utils/_validators.py:205: UserWarning: The `local_dir_use_symlinks` argument is deprecated and ignored in `hf_hub_download`. Downloading to a local directory does not use symlinks anymore.
[gpu7]   warnings.warn(
[gpu0] Cannot initialize model with low cpu memory usage because `accelerate` was not found in the environment. Defaulting to `low_cpu_mem_usage=False`. It is strongly recommended to install `accelerate` for faster and less memory-intense model loading. You can do so with:
[gpu0] ```
[gpu0] pip install accelerate
[gpu0] ```
[gpu0] .
[gpu0] /scratch/hongze/robomme_policy_learning_MotionJEPA/v1-store/venvs/wan/lib/python3.11/site-packages/huggingface_hub/utils/_validators.py:205: UserWarning: The `local_dir_use_symlinks` argument is deprecated and ignored in `hf_hub_download`. Downloading to a local directory does not use symlinks anymore.
[gpu0]   warnings.warn(
[gpu5] Cannot initialize model with low cpu memory usage because `accelerate` was not found in the environment. Defaulting to `low_cpu_mem_usage=False`. It is strongly recommended to install `accelerate` for faster and less memory-intense model loading. You can do so with:
[gpu5] ```
[gpu5] pip install accelerate
[gpu5] ```
[gpu5] .
[gpu5] /scratch/hongze/robomme_policy_learning_MotionJEPA/v1-store/venvs/wan/lib/python3.11/site-packages/huggingface_hub/utils/_validators.py:205: UserWarning: The `local_dir_use_symlinks` argument is deprecated and ignored in `hf_hub_download`. Downloading to a local directory does not use symlinks anymore.
[gpu5]   warnings.warn(
[gpu4] [extract] worker=gpu4 gpu=NVIDIA A100-SXM4-80GB uuid=GPU-871ee6f4-3787-4f9a-8272-61fd3ccd18c5 torch=2.9.0+cu128 cudnn=91002 vae_state=9980d252230c265c… items_total=3200
[gpu1] [extract] worker=gpu1 gpu=NVIDIA A100-SXM4-80GB uuid=GPU-8679f0ec-e14f-351d-b6f5-65b7930fbb2b torch=2.9.0+cu128 cudnn=91002 vae_state=9980d252230c265c… items_total=3200
[gpu0] [extract] worker=gpu0 gpu=NVIDIA A100-SXM4-80GB uuid=GPU-191942f6-8212-df10-f8f9-aafa4d397152 torch=2.9.0+cu128 cudnn=91002 vae_state=9980d252230c265c… items_total=3200
[gpu2] [extract] worker=gpu2 gpu=NVIDIA A100-SXM4-80GB uuid=GPU-d7e00ff3-679d-4f56-8902-372d79e03bc5 torch=2.9.0+cu128 cudnn=91002 vae_state=9980d252230c265c… items_total=3200
[gpu6] [extract] worker=gpu6 gpu=NVIDIA A100-SXM4-80GB uuid=GPU-6a372ecb-a7e7-ec59-1605-35ea28eb49fd torch=2.9.0+cu128 cudnn=91002 vae_state=9980d252230c265c… items_total=3200
[gpu3] [extract] worker=gpu3 gpu=NVIDIA A100-SXM4-80GB uuid=GPU-8fb13753-84aa-f408-93f7-518b05582e9a torch=2.9.0+cu128 cudnn=91002 vae_state=9980d252230c265c… items_total=3200
[gpu7] [extract] worker=gpu7 gpu=NVIDIA A100-SXM4-80GB uuid=GPU-a0fdedd6-a270-079c-a2ee-110d72b09dfd torch=2.9.0+cu128 cudnn=91002 vae_state=9980d252230c265c… items_total=3200
[gpu5] [extract] worker=gpu5 gpu=NVIDIA A100-SXM4-80GB uuid=GPU-bbf6a4e1-ee29-4372-915c-484798a601fe torch=2.9.0+cu128 cudnn=91002 vae_state=9980d252230c265c… items_total=3200
[gpu5] [extract] BinFill_ep317_exec windows=66 took=94.9s (1438 ms/窗) 累计 items=1 windows=66 elapsed=95s
[gpu7] [extract] BinFill_ep273_exec windows=66 took=95.3s (1444 ms/窗) 累计 items=1 windows=66 elapsed=95s
[gpu2] [extract] BinFill_ep273_demo windows=67 took=96.3s (1437 ms/窗) 累计 items=1 windows=67 elapsed=96s
[gpu3] [extract] BinFill_ep355_exec windows=67 took=96.4s (1439 ms/窗) 累计 items=1 windows=67 elapsed=96s
[gpu6] [extract] BinFill_ep317_demo windows=67 took=96.5s (1440 ms/窗) 累计 items=1 windows=67 elapsed=96s
[gpu0] [extract] BinFill_ep355_demo windows=68 took=97.9s (1440 ms/窗) 累计 items=1 windows=68 elapsed=98s
[gpu1] [extract] BinFill_ep367_exec windows=70 took=100.7s (1438 ms/窗) 累计 items=1 windows=70 elapsed=101s
[gpu4] [extract] BinFill_ep367_demo windows=71 took=102.1s (1438 ms/窗) 累计 items=1 windows=71 elapsed=102s
[gpu3] [extract] BinFill_ep268_demo windows=64 took=91.7s (1432 ms/窗) 累计 items=2 windows=131 elapsed=188s
[gpu6] [extract] BinFill_ep292_demo windows=64 took=91.7s (1433 ms/窗) 累计 items=2 windows=131 elapsed=188s
[gpu7] [extract] BinFill_ep330_demo windows=65 took=93.3s (1435 ms/窗) 累计 items=2 windows=131 elapsed=189s
[gpu2] [extract] BinFill_ep337_exec windows=65 took=93.0s (1431 ms/窗) 累计 items=2 windows=132 elapsed=189s
[gpu5] [extract] BinFill_ep337_demo windows=66 took=94.5s (1431 ms/窗) 累计 items=2 windows=132 elapsed=189s
[gpu0] [extract] BinFill_ep294_demo windows=64 took=91.7s (1433 ms/窗) 累计 items=2 windows=132 elapsed=190s
[gpu1] [extract] BinFill_ep297_demo windows=64 took=91.6s (1432 ms/窗) 累计 items=2 windows=134 elapsed=193s
[gpu4] [extract] BinFill_ep299_demo windows=64 took=91.6s (1432 ms/窗) 累计 items=2 windows=135 elapsed=194s
[gpu3] [extract] BinFill_ep313_demo windows=64 took=91.6s (1432 ms/窗) 累计 items=3 windows=195 elapsed=280s
[gpu6] [extract] BinFill_ep324_demo windows=64 took=91.7s (1433 ms/窗) 累计 items=3 windows=195 elapsed=280s
[gpu7] [extract] BinFill_ep330_exec windows=64 took=91.7s (1433 ms/窗) 累计 items=3 windows=195 elapsed=281s
[gpu2] [extract] BinFill_ep342_demo windows=64 took=91.6s (1431 ms/窗) 累计 items=3 windows=196 elapsed=281s
[gpu0] [extract] BinFill_ep343_demo windows=64 took=91.7s (1433 ms/窗) 累计 items=3 windows=196 elapsed=282s
[gpu5] [extract] BinFill_ep357_demo windows=64 took=91.6s (1431 ms/窗) 累计 items=3 windows=196 elapsed=281s
[gpu1] [extract] BinFill_ep375_demo windows=64 took=91.7s (1432 ms/窗) 累计 items=3 windows=198 elapsed=285s
[gpu4] [extract] BinFill_ep383_demo windows=64 took=91.6s (1432 ms/窗) 累计 items=3 windows=199 elapsed=286s
[gpu6] [extract] BinFill_ep268_exec windows=63 took=90.3s (1433 ms/窗) 累计 items=4 windows=258 elapsed=370s
[gpu7] [extract] BinFill_ep292_exec windows=63 took=90.2s (1432 ms/窗) 累计 items=4 windows=258 elapsed=371s
[gpu2] [extract] BinFill_ep294_exec windows=63 took=90.1s (1431 ms/窗) 累计 items=4 windows=259 elapsed=371s
[gpu3] [extract] BinFill_ep399_demo windows=64 took=91.6s (1432 ms/窗) 累计 items=4 windows=259 elapsed=372s
[gpu5] [extract] BinFill_ep299_exec windows=63 took=90.2s (1431 ms/窗) 累计 items=4 windows=259 elapsed=372s
[gpu0] [extract] BinFill_ep297_exec windows=63 took=90.3s (1433 ms/窗) 累计 items=4 windows=259 elapsed=372s
[gpu1] [extract] BinFill_ep313_exec windows=63 took=90.2s (1432 ms/窗) 累计 items=4 windows=261 elapsed=375s
[gpu4] [extract] BinFill_ep324_exec windows=63 took=90.2s (1431 ms/窗) 累计 items=4 windows=262 elapsed=376s
[gpu6] [extract] BinFill_ep342_exec windows=63 took=90.3s (1433 ms/窗) 累计 items=5 windows=321 elapsed=461s
[gpu7] [extract] BinFill_ep343_exec windows=63 took=90.3s (1434 ms/窗) 累计 items=5 windows=321 elapsed=461s
[gpu2] [extract] BinFill_ep357_exec windows=63 took=90.1s (1430 ms/窗) 累计 items=5 windows=322 elapsed=461s
[gpu5] [extract] BinFill_ep375_exec windows=63 took=90.2s (1431 ms/窗) 累计 items=5 windows=322 elapsed=462s
[gpu3] [extract] BinFill_ep383_exec windows=63 took=90.2s (1432 ms/窗) 累计 items=5 windows=322 elapsed=462s
[gpu0] [extract] BinFill_ep399_exec windows=63 took=90.2s (1432 ms/窗) 累计 items=5 windows=322 elapsed=462s
[gpu1] [extract] BinFill_ep281_demo windows=62 took=88.8s (1432 ms/窗) 累计 items=5 windows=323 elapsed=464s
[gpu4] [extract] BinFill_ep304_demo windows=62 took=88.8s (1432 ms/窗) 累计 items=5 windows=324 elapsed=465s
[gpu6] [extract] BinFill_ep311_demo windows=62 took=88.9s (1433 ms/窗) 累计 items=6 windows=383 elapsed=550s
[gpu0] [extract] BinFill_ep276_demo windows=61 took=87.4s (1433 ms/窗) 累计 items=6 windows=383 elapsed=550s
[gpu7] [extract] BinFill_ep319_demo windows=62 took=88.9s (1433 ms/窗) 累计 items=6 windows=383 elapsed=550s
[gpu2] [extract] BinFill_ep335_demo windows=62 took=88.9s (1434 ms/窗) 累计 items=6 windows=384 elapsed=550s
[gpu5] [extract] BinFill_ep347_demo windows=62 took=88.7s (1431 ms/窗) 累计 items=6 windows=384 elapsed=550s
[gpu1] [extract] BinFill_ep281_exec windows=61 took=87.4s (1432 ms/窗) 累计 items=6 windows=384 elapsed=551s
[gpu3] [extract] BinFill_ep394_demo windows=62 took=88.8s (1432 ms/窗) 累计 items=6 windows=384 elapsed=551s
[gpu4] [extract] BinFill_ep286_demo windows=61 took=87.5s (1434 ms/窗) 累计 items=6 windows=385 elapsed=552s
[gpu0] [extract] BinFill_ep304_exec windows=61 took=87.4s (1432 ms/窗) 累计 items=7 windows=444 elapsed=637s
[gpu6] [extract] BinFill_ep303_demo windows=61 took=87.4s (1434 ms/窗) 累计 items=7 windows=444 elapsed=637s
[gpu7] [extract] BinFill_ep311_exec windows=61 took=87.4s (1433 ms/窗) 累计 items=7 windows=444 elapsed=637s
[gpu2] [extract] BinFill_ep319_exec windows=61 took=87.5s (1434 ms/窗) 累计 items=7 windows=445 elapsed=638s
[gpu1] [extract] BinFill_ep335_exec windows=61 took=87.3s (1432 ms/窗) 累计 items=7 windows=445 elapsed=638s
[gpu5] [extract] BinFill_ep347_exec windows=61 took=87.3s (1431 ms/窗) 累计 items=7 windows=445 elapsed=638s
[gpu3] [extract] BinFill_ep358_demo windows=61 took=87.3s (1432 ms/窗) 累计 items=7 windows=445 elapsed=638s
[gpu4] [extract] BinFill_ep376_demo windows=61 took=87.3s (1432 ms/窗) 累计 items=7 windows=446 elapsed=640s
[gpu2] [extract] BinFill_ep274_demo windows=60 took=86.0s (1433 ms/窗) 累计 items=8 windows=505 elapsed=724s
[gpu5] [extract] BinFill_ep286_exec windows=60 took=85.8s (1431 ms/窗) 累计 items=8 windows=505 elapsed=724s
[gpu1] [extract] BinFill_ep276_exec windows=60 took=85.9s (1432 ms/窗) 累计 items=8 windows=505 elapsed=724s
[gpu0] [extract] BinFill_ep384_demo windows=61 took=87.4s (1433 ms/窗) 累计 items=8 windows=505 elapsed=725s
[gpu6] [extract] BinFill_ep394_exec windows=61 took=87.4s (1433 ms/窗) 累计 items=8 windows=505 elapsed=725s
[gpu3] [extract] BinFill_ep303_exec windows=60 took=86.6s (1444 ms/窗) 累计 items=8 windows=505 elapsed=725s
[gpu7] [extract] VideoUnmaskSwap_ep305_exec windows=61 took=87.6s (1435 ms/窗) 累计 items=8 windows=505 elapsed=725s
[gpu4] [extract] BinFill_ep352_demo windows=60 took=86.0s (1434 ms/窗) 累计 items=8 windows=506 elapsed=726s
[gpu3] [extract] BinFill_ep274_exec windows=59 took=84.6s (1433 ms/窗) 累计 items=9 windows=564 elapsed=810s
[gpu5] [extract] BinFill_ep372_demo windows=60 took=85.8s (1431 ms/窗) 累计 items=9 windows=565 elapsed=810s
[gpu2] [extract] BinFill_ep358_exec windows=60 took=86.0s (1433 ms/窗) 累计 items=9 windows=565 elapsed=810s
[gpu1] [extract] BinFill_ep376_exec windows=60 took=85.9s (1432 ms/窗) 累计 items=9 windows=565 elapsed=810s
[gpu4] [extract] BinFill_ep283_demo windows=59 took=84.6s (1435 ms/窗) 累计 items=9 windows=565 elapsed=811s
[gpu7] [extract] BinFill_ep329_demo windows=59 took=84.5s (1433 ms/窗) 累计 items=9 windows=564 elapsed=810s
[gpu0] [extract] BinFill_ep384_exec windows=60 took=85.9s (1432 ms/窗) 累计 items=9 windows=565 elapsed=811s
[gpu6] [extract] BinFill_ep392_demo windows=60 took=86.0s (1433 ms/窗) 累计 items=9 windows=565 elapsed=811s
[gpu7] [extract] BinFill_ep283_exec windows=58 took=83.1s (1433 ms/窗) 累计 items=10 windows=622 elapsed=893s
[gpu2] [extract] BinFill_ep329_exec windows=58 took=83.3s (1436 ms/窗) 累计 items=10 windows=623 elapsed=894s
[gpu0] [extract] BinFill_ep356_demo windows=58 took=83.1s (1433 ms/窗) 累计 items=10 windows=623 elapsed=894s
[gpu6] [extract] BinFill_ep366_demo windows=58 took=83.1s (1432 ms/窗) 累计 items=10 windows=623 elapsed=894s
[gpu5] [extract] BinFill_ep372_exec windows=59 took=84.4s (1430 ms/窗) 累计 items=10 windows=624 elapsed=894s
[gpu3] [extract] BinFill_ep352_exec windows=59 took=84.8s (1438 ms/窗) 累计 items=10 windows=623 elapsed=894s
[gpu4] [extract] BinFill_ep392_exec windows=59 took=84.6s (1434 ms/窗) 累计 items=10 windows=624 elapsed=895s
[gpu1] [extract] BinFill_ep393_demo windows=59 took=84.5s (1432 ms/窗) 累计 items=10 windows=624 elapsed=895s
[gpu4] [extract] BinFill_ep380_exec windows=56 took=80.2s (1432 ms/窗) 累计 items=11 windows=680 elapsed=976s
[gpu1] [extract] BinFill_ep390_exec windows=56 took=80.2s (1432 ms/窗) 累计 items=11 windows=680 elapsed=975s
[gpu3] [extract] BinFill_ep373_demo windows=56 took=80.3s (1434 ms/窗) 累计 items=11 windows=679 elapsed=975s
[gpu2] [extract] BinFill_ep356_exec windows=57 took=81.7s (1434 ms/窗) 累计 items=11 windows=680 elapsed=975s
[gpu0] [extract] BinFill_ep366_exec windows=57 took=81.6s (1432 ms/窗) 累计 items=11 windows=680 elapsed=976s
[gpu6] [extract] BinFill_ep380_demo windows=57 took=81.7s (1433 ms/窗) 累计 items=11 windows=680 elapsed=976s
[gpu5] [extract] BinFill_ep390_demo windows=57 took=81.6s (1432 ms/窗) 累计 items=11 windows=681 elapsed=976s
[gpu7] [extract] BinFill_ep393_exec windows=58 took=83.1s (1433 ms/窗) 累计 items=11 windows=680 elapsed=976s
[gpu2] [extract] BinFill_ep152_demo windows=54 took=77.7s (1439 ms/窗) 累计 items=12 windows=734 elapsed=1053s
[gpu6] [extract] BinFill_ep234_exec windows=54 took=77.4s (1434 ms/窗) 累计 items=12 windows=734 elapsed=1053s
[gpu0] [extract] BinFill_ep187_demo windows=54 took=77.7s (1438 ms/窗) 累计 items=12 windows=734 elapsed=1054s
[gpu5] [extract] BinFill_ep255_demo windows=54 took=77.2s (1430 ms/窗) 累计 items=12 windows=735 elapsed=1053s
[gpu1] [extract] BinFill_ep298_demo windows=55 took=78.8s (1432 ms/窗) 累计 items=12 windows=735 elapsed=1054s
[gpu4] [extract] BinFill_ep234_demo windows=55 took=78.9s (1434 ms/窗) 累计 items=12 windows=735 elapsed=1055s
[gpu7] [extract] BinFill_ep298_exec windows=54 took=77.3s (1432 ms/窗) 累计 items=12 windows=734 elapsed=1054s
[gpu3] [extract] BinFill_ep373_exec windows=55 took=79.1s (1437 ms/窗) 累计 items=12 windows=734 elapsed=1054s
[gpu5] [extract] BinFill_ep137_demo windows=53 took=76.1s (1437 ms/窗) 累计 items=13 windows=788 elapsed=1130s
[gpu1] [extract] BinFill_ep152_exec windows=53 took=76.0s (1434 ms/窗) 累计 items=13 windows=788 elapsed=1130s
[gpu4] [extract] BinFill_ep187_exec windows=53 took=76.0s (1434 ms/窗) 累计 items=13 windows=788 elapsed=1131s
[gpu7] [extract] BinFill_ep179_demo windows=53 took=76.2s (1438 ms/窗) 累计 items=13 windows=787 elapsed=1130s
[gpu2] [extract] BinFill_ep300_demo windows=54 took=77.5s (1435 ms/窗) 累计 items=13 windows=788 elapsed=1131s
[gpu3] [extract] BinFill_ep208_demo windows=53 took=76.1s (1436 ms/窗) 累计 items=13 windows=787 elapsed=1131s
[gpu0] [extract] BinFill_ep368_demo windows=54 took=77.5s (1435 ms/窗) 累计 items=13 windows=788 elapsed=1131s
[gpu6] [extract] BinFill_ep348_demo windows=54 took=77.8s (1440 ms/窗) 累计 items=13 windows=788 elapsed=1131s
[gpu5] [extract] BinFill_ep255_exec windows=53 took=75.8s (1430 ms/窗) 累计 items=14 windows=841 elapsed=1205s
[gpu1] [extract] BinFill_ep269_demo windows=53 took=75.9s (1433 ms/窗) 累计 items=14 windows=841 elapsed=1206s
[gpu4] [extract] BinFill_ep278_demo windows=53 took=75.9s (1433 ms/窗) 累计 items=14 windows=841 elapsed=1207s
[gpu7] [extract] BinFill_ep280_demo windows=53 took=75.9s (1433 ms/窗) 累计 items=14 windows=840 elapsed=1206s
[gpu3] [extract] BinFill_ep300_exec windows=53 took=76.0s (1434 ms/窗) 累计 items=14 windows=840 elapsed=1207s
[gpu2] [extract] BinFill_ep348_exec windows=53 took=76.1s (1436 ms/窗) 累计 items=14 windows=841 elapsed=1207s
[gpu0] [extract] BinFill_ep349_demo windows=53 took=75.9s (1432 ms/窗) 累计 items=14 windows=841 elapsed=1207s
[gpu6] [extract] BinFill_ep368_exec windows=53 took=76.0s (1433 ms/窗) 累计 items=14 windows=841 elapsed=1208s
[gpu1] [extract] BinFill_ep137_exec windows=52 took=74.6s (1434 ms/窗) 累计 items=15 windows=893 elapsed=1281s
[gpu7] [extract] BinFill_ep179_exec windows=52 took=74.6s (1435 ms/窗) 累计 items=15 windows=892 elapsed=1281s
[gpu4] [extract] BinFill_ep142_demo windows=52 took=74.8s (1438 ms/窗) 累计 items=15 windows=893 elapsed=1282s
[gpu5] [extract] BinFill_ep387_demo windows=53 took=75.8s (1430 ms/窗) 累计 items=15 windows=894 elapsed=1281s
[gpu3] [extract] BinFill_ep191_demo windows=52 took=75.0s (1442 ms/窗) 累计 items=15 windows=892 elapsed=1282s
[gpu0] [extract] BinFill_ep205_demo windows=52 took=74.8s (1438 ms/窗) 累计 items=15 windows=893 elapsed=1282s
[gpu2] [extract] BinFill_ep200_demo windows=52 took=74.9s (1440 ms/窗) 累计 items=15 windows=893 elapsed=1282s
[gpu6] [extract] BinFill_ep208_exec windows=52 took=74.7s (1436 ms/窗) 累计 items=15 windows=893 elapsed=1282s
[gpu1] [extract] BinFill_ep229_demo windows=52 took=74.6s (1434 ms/窗) 累计 items=16 windows=945 elapsed=1355s
[gpu4] [extract] BinFill_ep267_demo windows=52 took=74.4s (1432 ms/窗) 累计 items=16 windows=945 elapsed=1356s
[gpu7] [extract] BinFill_ep231_demo windows=52 took=74.7s (1437 ms/窗) 累计 items=16 windows=944 elapsed=1356s
[gpu5] [extract] BinFill_ep269_exec windows=52 took=74.4s (1430 ms/窗) 累计 items=16 windows=946 elapsed=1356s
[gpu2] [extract] BinFill_ep289_demo windows=52 took=74.6s (1434 ms/窗) 累计 items=16 windows=945 elapsed=1357s
[gpu3] [extract] BinFill_ep278_exec windows=52 took=74.9s (1440 ms/窗) 累计 items=16 windows=944 elapsed=1357s
[gpu0] [extract] BinFill_ep280_exec windows=52 took=74.8s (1438 ms/窗) 累计 items=16 windows=945 elapsed=1357s
[gpu6] [extract] BinFill_ep307_demo windows=52 took=74.6s (1435 ms/窗) 累计 items=16 windows=945 elapsed=1357s
[gpu1] [extract] BinFill_ep323_demo windows=52 took=74.5s (1432 ms/窗) 累计 items=17 windows=997 elapsed=1430s
[gpu2] [extract] BinFill_ep142_exec windows=51 took=73.2s (1436 ms/窗) 累计 items=17 windows=996 elapsed=1430s
[gpu4] [extract] BinFill_ep349_exec windows=52 took=74.4s (1432 ms/窗) 累计 items=17 windows=997 elapsed=1431s
[gpu0] [extract] BinFill_ep191_exec windows=51 took=73.3s (1437 ms/窗) 累计 items=17 windows=996 elapsed=1430s
[gpu6] [extract] BinFill_ep164_demo windows=51 took=73.5s (1440 ms/窗) 累计 items=17 windows=996 elapsed=1430s
[gpu5] [extract] BinFill_ep387_exec windows=52 took=74.4s (1430 ms/窗) 累计 items=17 windows=998 elapsed=1430s
[gpu3] [extract] BinFill_ep178_demo windows=51 took=73.6s (1442 ms/窗) 累计 items=17 windows=995 elapsed=1430s
[gpu7] [extract] BinFill_ep363_demo windows=52 took=74.5s (1433 ms/窗) 累计 items=17 windows=996 elapsed=1430s
[gpu1] [extract] BinFill_ep200_exec windows=51 took=73.1s (1434 ms/窗) 累计 items=18 windows=1048 elapsed=1503s
[gpu2] [extract] BinFill_ep205_exec windows=51 took=73.1s (1434 ms/窗) 累计 items=18 windows=1047 elapsed=1503s
[gpu4] [extract] BinFill_ep229_exec windows=51 took=73.1s (1433 ms/窗) 累计 items=18 windows=1048 elapsed=1504s
[gpu0] [extract] BinFill_ep207_demo windows=51 took=73.3s (1438 ms/窗) 累计 items=18 windows=1047 elapsed=1504s
[gpu6] [extract] BinFill_ep231_exec windows=51 took=73.2s (1436 ms/窗) 累计 items=18 windows=1047 elapsed=1504s
[gpu3] [extract] BinFill_ep248_demo windows=51 took=73.3s (1437 ms/窗) 累计 items=18 windows=1046 elapsed=1504s
[gpu5] [extract] BinFill_ep252_demo windows=51 took=73.2s (1434 ms/窗) 累计 items=18 windows=1049 elapsed=1504s
[gpu7] [extract] BinFill_ep263_demo windows=51 took=73.0s (1432 ms/窗) 累计 items=18 windows=1047 elapsed=1504s
[gpu1] [extract] BinFill_ep267_exec windows=51 took=73.0s (1432 ms/窗) 累计 items=19 windows=1099 elapsed=1576s
[gpu2] [extract] BinFill_ep284_demo windows=51 took=73.0s (1431 ms/窗) 累计 items=19 windows=1098 elapsed=1576s
[gpu4] [extract] BinFill_ep288_demo windows=51 took=73.0s (1431 ms/窗) 累计 items=19 windows=1099 elapsed=1577s
[gpu6] [extract] BinFill_ep289_exec windows=51 took=73.2s (1435 ms/窗) 累计 items=19 windows=1098 elapsed=1577s
[gpu5] [extract] BinFill_ep344_demo windows=51 took=72.9s (1430 ms/窗) 累计 items=19 windows=1100 elapsed=1577s
[gpu0] [extract] BinFill_ep307_exec windows=51 took=73.2s (1436 ms/窗) 累计 items=19 windows=1098 elapsed=1577s
[gpu7] [extract] BinFill_ep354_demo windows=51 took=73.1s (1433 ms/窗) 累计 items=19 windows=1098 elapsed=1577s
[gpu3] [extract] BinFill_ep323_exec windows=51 took=73.3s (1437 ms/窗) 累计 items=19 windows=1097 elapsed=1577s
[gpu5] [extract] BinFill_ep136_demo windows=50 took=71.9s (1438 ms/窗) 累计 items=20 windows=1150 elapsed=1648s
[gpu7] [extract] BinFill_ep139_demo windows=50 took=72.0s (1439 ms/窗) 累计 items=20 windows=1148 elapsed=1649s
[gpu3] [extract] BinFill_ep164_exec windows=50 took=71.7s (1435 ms/窗) 累计 items=20 windows=1147 elapsed=1649s
[gpu1] [extract] BinFill_ep361_demo windows=51 took=73.0s (1432 ms/窗) 累计 items=20 windows=1150 elapsed=1649s
[gpu2] [extract] BinFill_ep363_exec windows=51 took=73.0s (1430 ms/窗) 累计 items=20 windows=1149 elapsed=1649s
[gpu0] [extract] BinFill_ep148_demo windows=50 took=72.2s (1445 ms/窗) 累计 items=20 windows=1148 elapsed=1649s
[gpu4] [extract] BinFill_ep379_demo windows=51 took=73.0s (1431 ms/窗) 累计 items=20 windows=1150 elapsed=1650s
[gpu6] [extract] BinFill_ep382_demo windows=51 took=73.2s (1435 ms/窗) 累计 items=20 windows=1149 elapsed=1650s
[gpu5] [extract] BinFill_ep168_demo windows=50 took=71.9s (1438 ms/窗) 累计 items=21 windows=1200 elapsed=1720s
[gpu7] [extract] BinFill_ep178_exec windows=50 took=71.8s (1435 ms/窗) 累计 items=21 windows=1198 elapsed=1720s
[gpu1] [extract] BinFill_ep207_exec windows=50 took=71.6s (1432 ms/窗) 累计 items=21 windows=1200 elapsed=1721s
[gpu2] [extract] BinFill_ep217_demo windows=50 took=71.6s (1432 ms/窗) 累计 items=21 windows=1199 elapsed=1721s
[gpu3] [extract] BinFill_ep193_demo windows=50 took=72.2s (1443 ms/窗) 累计 items=21 windows=1197 elapsed=1721s
[gpu4] [extract] BinFill_ep245_demo windows=50 took=71.8s (1436 ms/窗) 累计 items=21 windows=1200 elapsed=1722s
[gpu0] [extract] BinFill_ep232_demo windows=50 took=72.1s (1443 ms/窗) 累计 items=21 windows=1198 elapsed=1722s
[gpu6] [extract] BinFill_ep248_exec windows=50 took=71.8s (1437 ms/窗) 累计 items=21 windows=1199 elapsed=1722s
[gpu5] [extract] BinFill_ep252_exec windows=50 took=71.6s (1433 ms/窗) 累计 items=22 windows=1250 elapsed=1792s
[gpu2] [extract] BinFill_ep266_demo windows=50 took=71.5s (1430 ms/窗) 累计 items=22 windows=1249 elapsed=1792s
[gpu7] [extract] BinFill_ep260_demo windows=50 took=71.7s (1433 ms/窗) 累计 items=22 windows=1248 elapsed=1792s
[gpu1] [extract] BinFill_ep263_exec windows=50 took=71.6s (1433 ms/窗) 累计 items=22 windows=1250 elapsed=1793s
[gpu3] [extract] BinFill_ep284_exec windows=50 took=71.7s (1434 ms/窗) 累计 items=22 windows=1247 elapsed=1793s
[gpu4] [extract] BinFill_ep288_exec windows=50 took=71.6s (1432 ms/窗) 累计 items=22 windows=1250 elapsed=1793s
[gpu0] [extract] BinFill_ep301_demo windows=50 took=71.7s (1434 ms/窗) 累计 items=22 windows=1248 elapsed=1793s
[gpu6] [extract] BinFill_ep321_demo windows=50 took=71.7s (1435 ms/窗) 累计 items=22 windows=1249 elapsed=1794s
[gpu5] [extract] BinFill_ep332_demo windows=50 took=71.6s (1432 ms/窗) 累计 items=23 windows=1300 elapsed=1864s
[gpu2] [extract] BinFill_ep344_exec windows=50 took=71.5s (1430 ms/窗) 累计 items=23 windows=1299 elapsed=1864s
[gpu7] [extract] BinFill_ep354_exec windows=50 took=71.7s (1433 ms/窗) 累计 items=23 windows=1298 elapsed=1864s
[gpu1] [extract] BinFill_ep361_exec windows=50 took=71.6s (1432 ms/窗) 累计 items=23 windows=1300 elapsed=1864s
[gpu4] [extract] BinFill_ep382_exec windows=50 took=71.6s (1431 ms/窗) 累计 items=23 windows=1300 elapsed=1865s
[gpu3] [extract] BinFill_ep379_exec windows=50 took=71.7s (1435 ms/窗) 累计 items=23 windows=1297 elapsed=1865s
[gpu0] [extract] BinFill_ep389_demo windows=50 took=71.9s (1438 ms/窗) 累计 items=23 windows=1298 elapsed=1865s
[gpu6] [extract] BinFill_ep397_demo windows=50 took=71.8s (1435 ms/窗) 累计 items=23 windows=1299 elapsed=1866s
[gpu5] [extract] BinFill_ep136_exec windows=49 took=70.2s (1433 ms/窗) 累计 items=24 windows=1349 elapsed=1934s
[gpu2] [extract] BinFill_ep139_exec windows=49 took=70.2s (1433 ms/窗) 累计 items=24 windows=1348 elapsed=1934s
[gpu1] [extract] BinFill_ep148_exec windows=49 took=70.3s (1434 ms/窗) 累计 items=24 windows=1349 elapsed=1935s
[gpu7] [extract] BinFill_ep147_demo windows=49 took=70.6s (1440 ms/窗) 累计 items=24 windows=1347 elapsed=1934s
[gpu4] [extract] BinFill_ep153_demo windows=49 took=70.5s (1439 ms/窗) 累计 items=24 windows=1349 elapsed=1936s
[gpu3] [extract] BinFill_ep167_demo windows=49 took=70.6s (1441 ms/窗) 累计 items=24 windows=1346 elapsed=1935s
[gpu0] [extract] BinFill_ep168_exec windows=49 took=70.5s (1438 ms/窗) 累计 items=24 windows=1347 elapsed=1936s
[gpu6] [extract] BinFill_ep184_demo windows=49 took=70.5s (1439 ms/窗) 累计 items=24 windows=1348 elapsed=1936s
[gpu2] [extract] BinFill_ep193_exec windows=49 took=70.2s (1433 ms/窗) 累计 items=25 windows=1397 elapsed=2004s
[gpu5] [extract] BinFill_ep186_demo windows=49 took=70.5s (1439 ms/窗) 累计 items=25 windows=1398 elapsed=2004s
[gpu1] [extract] BinFill_ep217_exec windows=49 took=70.3s (1435 ms/窗) 累计 items=25 windows=1398 elapsed=2005s
[gpu7] [extract] BinFill_ep218_demo windows=49 took=70.4s (1437 ms/窗) 累计 items=25 windows=1396 elapsed=2005s
[gpu4] [extract] BinFill_ep230_demo windows=49 took=70.3s (1436 ms/窗) 累计 items=25 windows=1398 elapsed=2006s
[gpu3] [extract] BinFill_ep232_exec windows=49 took=70.4s (1436 ms/窗) 累计 items=25 windows=1395 elapsed=2006s
[gpu0] [extract] BinFill_ep245_exec windows=49 took=70.4s (1437 ms/窗) 累计 items=25 windows=1396 elapsed=2006s
[gpu6] [extract] BinFill_ep260_exec windows=49 took=70.3s (1436 ms/窗) 累计 items=25 windows=1397 elapsed=2006s
[gpu2] [extract] BinFill_ep266_exec windows=49 took=70.1s (1431 ms/窗) 累计 items=26 windows=1446 elapsed=2074s
[gpu5] [extract] BinFill_ep275_demo windows=49 took=70.2s (1432 ms/窗) 累计 items=26 windows=1447 elapsed=2075s
[gpu1] [extract] BinFill_ep295_demo windows=49 took=70.3s (1434 ms/窗) 累计 items=26 windows=1447 elapsed=2075s
[gpu7] [extract] BinFill_ep301_exec windows=49 took=70.3s (1434 ms/窗) 累计 items=26 windows=1445 elapsed=2075s
[gpu4] [extract] BinFill_ep309_demo windows=49 took=70.1s (1431 ms/窗) 累计 items=26 windows=1447 elapsed=2076s
[gpu3] [extract] BinFill_ep321_exec windows=49 took=70.5s (1438 ms/窗) 累计 items=26 windows=1444 elapsed=2076s
[gpu0] [extract] BinFill_ep332_exec windows=49 took=70.3s (1435 ms/窗) 累计 items=26 windows=1445 elapsed=2077s
[gpu6] [extract] BinFill_ep333_demo windows=49 took=70.3s (1434 ms/窗) 累计 items=26 windows=1446 elapsed=2077s
[gpu2] [extract] BinFill_ep351_demo windows=49 took=70.2s (1432 ms/窗) 累计 items=27 windows=1495 elapsed=2145s
[gpu4] [extract] BinFill_ep147_exec windows=48 took=69.0s (1438 ms/窗) 累计 items=27 windows=1495 elapsed=2145s
[gpu5] [extract] BinFill_ep365_demo windows=49 took=70.2s (1433 ms/窗) 累计 items=27 windows=1496 elapsed=2145s
[gpu1] [extract] BinFill_ep389_exec windows=49 took=70.3s (1435 ms/窗) 累计 items=27 windows=1496 elapsed=2145s
[gpu3] [extract] BinFill_ep153_exec windows=48 took=69.1s (1440 ms/窗) 累计 items=27 windows=1492 elapsed=2145s
[gpu0] [extract] BinFill_ep160_demo windows=48 took=69.2s (1441 ms/窗) 累计 items=27 windows=1493 elapsed=2146s
[gpu7] [extract] BinFill_ep397_exec windows=49 took=70.3s (1434 ms/窗) 累计 items=27 windows=1494 elapsed=2145s
[gpu6] [extract] BinFill_ep163_demo windows=48 took=69.2s (1441 ms/窗) 累计 items=27 windows=1494 elapsed=2146s
[gpu2] [extract] BinFill_ep167_exec windows=48 took=68.8s (1434 ms/窗) 累计 items=28 windows=1543 elapsed=2213s
[gpu4] [extract] BinFill_ep184_exec windows=48 took=68.8s (1434 ms/窗) 累计 items=28 windows=1543 elapsed=2214s
[gpu5] [extract] BinFill_ep186_exec windows=48 took=68.8s (1433 ms/窗) 累计 items=28 windows=1544 elapsed=2214s
[gpu3] [extract] BinFill_ep190_demo windows=48 took=69.1s (1439 ms/窗) 累计 items=28 windows=1540 elapsed=2214s
[gpu0] [extract] BinFill_ep218_exec windows=48 took=68.9s (1435 ms/窗) 累计 items=28 windows=1541 elapsed=2215s
[gpu1] [extract] BinFill_ep215_demo windows=48 took=69.0s (1438 ms/窗) 累计 items=28 windows=1544 elapsed=2215s
[gpu7] [extract] BinFill_ep224_demo windows=48 took=68.9s (1436 ms/窗) 累计 items=28 windows=1542 elapsed=2215s
[gpu6] [extract] BinFill_ep230_exec windows=48 took=69.0s (1437 ms/窗) 累计 items=28 windows=1542 elapsed=2215s
[gpu2] [extract] BinFill_ep275_exec windows=48 took=68.7s (1431 ms/窗) 累计 items=29 windows=1591 elapsed=2282s
[gpu4] [extract] BinFill_ep295_exec windows=48 took=68.8s (1433 ms/窗) 累计 items=29 windows=1591 elapsed=2283s
[gpu5] [extract] BinFill_ep309_exec windows=48 took=68.7s (1432 ms/窗) 累计 items=29 windows=1592 elapsed=2282s
[gpu3] [extract] BinFill_ep312_demo windows=48 took=68.8s (1434 ms/窗) 累计 items=29 windows=1588 elapsed=2283s
[gpu0] [extract] BinFill_ep326_demo windows=48 took=68.9s (1435 ms/窗) 累计 items=29 windows=1589 elapsed=2284s
[gpu1] [extract] BinFill_ep333_exec windows=48 took=68.9s (1435 ms/窗) 累计 items=29 windows=1592 elapsed=2284s
[gpu7] [extract] BinFill_ep338_demo windows=48 took=68.8s (1434 ms/窗) 累计 items=29 windows=1590 elapsed=2283s
[gpu6] [extract] BinFill_ep351_exec windows=48 took=68.9s (1435 ms/窗) 累计 items=29 windows=1590 elapsed=2284s
[gpu2] [extract] BinFill_ep364_demo windows=48 took=68.7s (1431 ms/窗) 累计 items=30 windows=1639 elapsed=2351s
[gpu4] [extract] BinFill_ep365_exec windows=48 took=68.8s (1433 ms/窗) 累计 items=30 windows=1639 elapsed=2351s
[gpu3] [extract] BinFill_ep109_demo windows=47 took=67.7s (1441 ms/窗) 累计 items=30 windows=1635 elapsed=2351s
[gpu1] [extract] BinFill_ep160_exec windows=47 took=67.7s (1440 ms/窗) 累计 items=30 windows=1639 elapsed=2351s
[gpu7] [extract] BinFill_ep163_exec windows=47 took=67.5s (1437 ms/窗) 累计 items=30 windows=1637 elapsed=2351s
[gpu0] [extract] BinFill_ep145_demo windows=47 took=67.9s (1444 ms/窗) 累计 items=30 windows=1636 elapsed=2351s
[gpu5] [extract] BinFill_ep396_demo windows=48 took=68.7s (1432 ms/窗) 累计 items=30 windows=1640 elapsed=2351s
[gpu6] [extract] BinFill_ep180_demo windows=47 took=67.7s (1441 ms/窗) 累计 items=30 windows=1637 elapsed=2352s
[gpu2] [extract] BinFill_ep188_demo windows=47 took=67.6s (1439 ms/窗) 累计 items=31 windows=1686 elapsed=2418s
[gpu3] [extract] BinFill_ep215_exec windows=47 took=67.4s (1434 ms/窗) 累计 items=31 windows=1682 elapsed=2418s
[gpu4] [extract] BinFill_ep190_exec windows=47 took=67.5s (1436 ms/窗) 累计 items=31 windows=1686 elapsed=2419s
[gpu7] [extract] BinFill_ep237_demo windows=47 took=67.4s (1435 ms/窗) 累计 items=31 windows=1684 elapsed=2418s
[gpu1] [extract] BinFill_ep224_exec windows=47 took=67.7s (1440 ms/窗) 累计 items=31 windows=1686 elapsed=2419s
[gpu0] [extract] BinFill_ep246_demo windows=47 took=67.7s (1441 ms/窗) 累计 items=31 windows=1683 elapsed=2419s
[gpu6] [extract] BinFill_ep253_demo windows=47 took=67.9s (1444 ms/窗) 累计 items=31 windows=1684 elapsed=2419s
[gpu5] [extract] BinFill_ep271_demo windows=47 took=67.7s (1440 ms/窗) 累计 items=31 windows=1687 elapsed=2419s
[gpu2] [extract] BinFill_ep312_exec windows=47 took=67.2s (1431 ms/窗) 累计 items=32 windows=1733 elapsed=2486s
[gpu3] [extract] BinFill_ep314_demo windows=47 took=67.4s (1434 ms/窗) 累计 items=32 windows=1729 elapsed=2486s
[gpu4] [extract] BinFill_ep326_exec windows=47 took=67.4s (1433 ms/窗) 累计 items=32 windows=1733 elapsed=2486s
[gpu7] [extract] BinFill_ep331_demo windows=47 took=67.4s (1434 ms/窗) 累计 items=32 windows=1731 elapsed=2486s
[gpu1] [extract] BinFill_ep338_exec windows=47 took=67.4s (1435 ms/窗) 累计 items=32 windows=1733 elapsed=2486s
[gpu0] [extract] BinFill_ep353_demo windows=47 took=67.5s (1436 ms/窗) 累计 items=32 windows=1730 elapsed=2487s
[gpu6] [extract] BinFill_ep364_exec windows=47 took=67.5s (1436 ms/窗) 累计 items=32 windows=1731 elapsed=2487s
[gpu5] [extract] BinFill_ep386_demo windows=47 took=67.4s (1435 ms/窗) 累计 items=32 windows=1734 elapsed=2487s
[gpu3] [extract] BinFill_ep109_exec windows=46 took=66.0s (1435 ms/窗) 累计 items=33 windows=1775 elapsed=2552s
[gpu4] [extract] BinFill_ep145_exec windows=46 took=66.0s (1435 ms/窗) 累计 items=33 windows=1779 elapsed=2552s
[gpu7] [extract] BinFill_ep180_exec windows=46 took=66.0s (1435 ms/窗) 累计 items=33 windows=1777 elapsed=2552s
[gpu1] [extract] BinFill_ep188_exec windows=46 took=66.0s (1434 ms/窗) 累计 items=33 windows=1779 elapsed=2552s
[gpu0] [extract] BinFill_ep237_exec windows=46 took=66.0s (1435 ms/窗) 累计 items=33 windows=1776 elapsed=2553s
[gpu2] [extract] BinFill_ep396_exec windows=47 took=67.2s (1430 ms/窗) 累计 items=33 windows=1780 elapsed=2553s
[gpu6] [extract] BinFill_ep253_exec windows=46 took=66.1s (1437 ms/窗) 累计 items=33 windows=1777 elapsed=2553s
[gpu5] [extract] BinFill_ep246_exec windows=46 took=66.4s (1444 ms/窗) 累计 items=33 windows=1780 elapsed=2553s
[gpu2] [extract] BinFill_ep251_demo windows=45 took=64.5s (1432 ms/窗) 累计 items=34 windows=1825 elapsed=2618s
[gpu3] [extract] BinFill_ep271_exec windows=46 took=66.1s (1437 ms/窗) 累计 items=34 windows=1821 elapsed=2618s
[gpu4] [extract] BinFill_ep314_exec windows=46 took=66.0s (1434 ms/窗) 累计 items=34 windows=1825 elapsed=2618s
[gpu7] [extract] BinFill_ep325_demo windows=46 took=65.9s (1433 ms/窗) 累计 items=34 windows=1823 elapsed=2618s
[gpu5] [extract] BinFill_ep2_demo windows=45 took=64.9s (1442 ms/窗) 累计 items=34 windows=1825 elapsed=2618s
[gpu1] [extract] BinFill_ep331_exec windows=46 took=66.0s (1434 ms/窗) 累计 items=34 windows=1825 elapsed=2618s
[gpu0] [extract] BinFill_ep353_exec windows=46 took=66.0s (1435 ms/窗) 累计 items=34 windows=1822 elapsed=2619s
[gpu6] [extract] BinFill_ep386_exec windows=46 took=66.0s (1435 ms/窗) 累计 items=34 windows=1823 elapsed=2619s
[gpu7] [extract] BinFill_ep183_demo windows=44 took=63.2s (1435 ms/窗) 累计 items=35 windows=1867 elapsed=2681s
[gpu5] [extract] BinFill_ep251_exec windows=44 took=63.2s (1437 ms/窗) 累计 items=35 windows=1869 elapsed=2681s
[gpu1] [extract] BinFill_ep291_demo windows=44 took=63.4s (1440 ms/窗) 累计 items=35 windows=1869 elapsed=2682s
[gpu0] [extract] BinFill_ep2_exec windows=44 took=63.2s (1436 ms/窗) 累计 items=35 windows=1866 elapsed=2682s
[gpu2] [extract] BinFill_ep325_exec windows=45 took=64.4s (1431 ms/窗) 累计 items=35 windows=1870 elapsed=2682s
[gpu6] [extract] BinFill_ep316_demo windows=44 took=63.2s (1435 ms/窗) 累计 items=35 windows=1867 elapsed=2682s
[gpu3] [extract] BinFill_ep341_demo windows=45 took=64.5s (1433 ms/窗) 累计 items=35 windows=1866 elapsed=2682s
[gpu4] [extract] BinFill_ep46_demo windows=45 took=64.8s (1441 ms/窗) 累计 items=35 windows=1870 elapsed=2683s
[gpu7] [extract] BinFill_ep341_exec windows=44 took=63.1s (1434 ms/窗) 累计 items=36 windows=1911 elapsed=2744s
[gpu2] [extract] BinFill_ep135_demo windows=43 took=61.9s (1440 ms/窗) 累计 items=36 windows=1913 elapsed=2744s
[gpu6] [extract] BinFill_ep128_demo windows=43 took=62.0s (1442 ms/窗) 累计 items=36 windows=1910 elapsed=2744s
[gpu5] [extract] BinFill_ep391_demo windows=44 took=63.1s (1433 ms/窗) 累计 items=36 windows=1913 elapsed=2744s
[gpu3] [extract] BinFill_ep141_demo windows=43 took=62.1s (1445 ms/窗) 累计 items=36 windows=1909 elapsed=2745s
[gpu1] [extract] BinFill_ep46_exec windows=44 took=63.2s (1436 ms/窗) 累计 items=36 windows=1913 elapsed=2745s
[gpu4] [extract] BinFill_ep150_demo windows=43 took=62.0s (1443 ms/窗) 累计 items=36 windows=1913 elapsed=2746s
[gpu0] [extract] BinFill_ep61_demo windows=44 took=63.7s (1448 ms/窗) 累计 items=36 windows=1910 elapsed=2746s
[gpu7] [extract] BinFill_ep183_exec windows=43 took=61.7s (1435 ms/窗) 累计 items=37 windows=1954 elapsed=2806s
[gpu2] [extract] BinFill_ep197_demo windows=43 took=61.9s (1440 ms/窗) 累计 items=37 windows=1956 elapsed=2806s
[gpu6] [extract] BinFill_ep233_demo windows=43 took=61.9s (1440 ms/窗) 累计 items=37 windows=1953 elapsed=2806s
[gpu5] [extract] BinFill_ep257_demo windows=43 took=61.8s (1437 ms/窗) 累计 items=37 windows=1956 elapsed=2806s
[gpu3] [extract] BinFill_ep291_exec windows=43 took=61.7s (1435 ms/窗) 累计 items=37 windows=1952 elapsed=2807s
[gpu1] [extract] BinFill_ep316_exec windows=43 took=61.7s (1435 ms/窗) 累计 items=37 windows=1956 elapsed=2807s
[gpu4] [extract] BinFill_ep322_demo windows=43 took=61.7s (1434 ms/窗) 累计 items=37 windows=1956 elapsed=2807s
[gpu0] [extract] BinFill_ep340_demo windows=43 took=61.9s (1440 ms/窗) 累计 items=37 windows=1953 elapsed=2808s
[gpu4] [extract] BinFill_ep0_demo windows=42 took=60.5s (1440 ms/窗) 累计 items=38 windows=1998 elapsed=2868s
[gpu7] [extract] BinFill_ep346_demo windows=43 took=61.6s (1433 ms/窗) 累计 items=38 windows=1997 elapsed=2867s
[gpu2] [extract] BinFill_ep360_demo windows=43 took=61.6s (1434 ms/窗) 累计 items=38 windows=1999 elapsed=2868s
[gpu6] [extract] BinFill_ep362_demo windows=43 took=61.7s (1435 ms/窗) 累计 items=38 windows=1996 elapsed=2868s
[gpu5] [extract] BinFill_ep391_exec windows=43 took=61.7s (1435 ms/窗) 累计 items=38 windows=1999 elapsed=2868s
[gpu3] [extract] BinFill_ep61_exec windows=43 took=61.9s (1439 ms/窗) 累计 items=38 windows=1995 elapsed=2868s
[gpu0] [extract] BinFill_ep107_demo windows=42 took=60.7s (1445 ms/窗) 累计 items=38 windows=1995 elapsed=2869s
[gpu1] [extract] BinFill_ep9_demo windows=43 took=62.0s (1442 ms/窗) 累计 items=38 windows=1999 elapsed=2869s
[gpu4] [extract] BinFill_ep128_exec windows=42 took=60.3s (1437 ms/窗) 累计 items=39 windows=2040 elapsed=2928s
[gpu7] [extract] BinFill_ep135_exec windows=42 took=60.3s (1436 ms/窗) 累计 items=39 windows=2039 elapsed=2928s
[gpu2] [extract] BinFill_ep141_exec windows=42 took=60.2s (1434 ms/窗) 累计 items=39 windows=2041 elapsed=2928s
[gpu6] [extract] BinFill_ep150_exec windows=42 took=60.4s (1437 ms/窗) 累计 items=39 windows=2038 elapsed=2928s
[gpu5] [extract] BinFill_ep197_exec windows=42 took=60.4s (1437 ms/窗) 累计 items=39 windows=2041 elapsed=2928s
[gpu0] [extract] BinFill_ep257_exec windows=42 took=60.4s (1439 ms/窗) 累计 items=39 windows=2037 elapsed=2929s
[gpu3] [extract] BinFill_ep233_exec windows=42 took=60.6s (1443 ms/窗) 累计 items=39 windows=2037 elapsed=2929s
[gpu1] [extract] BinFill_ep270_demo windows=42 took=60.4s (1439 ms/窗) 累计 items=39 windows=2041 elapsed=2930s
[gpu4] [extract] BinFill_ep310_demo windows=42 took=60.2s (1434 ms/窗) 累计 items=40 windows=2082 elapsed=2988s
[gpu7] [extract] BinFill_ep322_exec windows=42 took=60.2s (1434 ms/窗) 累计 items=40 windows=2081 elapsed=2988s
[gpu2] [extract] BinFill_ep340_exec windows=42 took=60.2s (1433 ms/窗) 累计 items=40 windows=2083 elapsed=2988s
[gpu6] [extract] BinFill_ep346_exec windows=42 took=60.3s (1435 ms/窗) 累计 items=40 windows=2080 elapsed=2989s
[gpu5] [extract] BinFill_ep360_exec windows=42 took=60.3s (1435 ms/窗) 累计 items=40 windows=2083 elapsed=2989s
[gpu3] [extract] BinFill_ep388_demo windows=42 took=60.2s (1433 ms/窗) 累计 items=40 windows=2079 elapsed=2989s
[gpu0] [extract] BinFill_ep362_exec windows=42 took=60.5s (1440 ms/窗) 累计 items=40 windows=2079 elapsed=2990s
[gpu1] [extract] BinFill_ep56_demo windows=42 took=60.5s (1441 ms/窗) 累计 items=40 windows=2083 elapsed=2990s
[gpu5] [extract] BinFill_ep0_exec windows=41 took=58.8s (1433 ms/窗) 累计 items=41 windows=2124 elapsed=3047s
[gpu3] [extract] BinFill_ep107_exec windows=41 took=58.9s (1436 ms/窗) 累计 items=41 windows=2120 elapsed=3048s
[gpu4] [extract] BinFill_ep5_demo windows=42 took=60.5s (1440 ms/窗) 累计 items=41 windows=2124 elapsed=3049s
[gpu7] [extract] BinFill_ep64_demo windows=42 took=60.5s (1440 ms/窗) 累计 items=41 windows=2123 elapsed=3048s
[gpu2] [extract] BinFill_ep80_demo windows=42 took=60.3s (1437 ms/窗) 累计 items=41 windows=2125 elapsed=3049s
[gpu0] [extract] BinFill_ep117_demo windows=41 took=59.2s (1444 ms/窗) 累计 items=41 windows=2120 elapsed=3049s
[gpu1] [extract] BinFill_ep122_demo windows=41 took=59.1s (1442 ms/窗) 累计 items=41 windows=2124 elapsed=3049s
[gpu6] [extract] BinFill_ep9_exec windows=42 took=60.4s (1437 ms/窗) 累计 items=41 windows=2122 elapsed=3049s
[gpu5] [extract] BinFill_ep162_demo windows=41 took=59.0s (1439 ms/窗) 累计 items=42 windows=2165 elapsed=3106s
[gpu3] [extract] BinFill_ep185_demo windows=41 took=59.1s (1442 ms/窗) 累计 items=42 windows=2161 elapsed=3107s
[gpu4] [extract] BinFill_ep194_demo windows=41 took=59.0s (1439 ms/窗) 累计 items=42 windows=2165 elapsed=3108s
[gpu7] [extract] BinFill_ep220_demo windows=41 took=58.9s (1435 ms/窗) 累计 items=42 windows=2164 elapsed=3107s
[gpu2] [extract] BinFill_ep225_demo windows=41 took=58.8s (1433 ms/窗) 累计 items=42 windows=2166 elapsed=3108s
[gpu0] [extract] BinFill_ep222_demo windows=41 took=59.1s (1441 ms/窗) 累计 items=42 windows=2161 elapsed=3108s
[gpu1] [extract] BinFill_ep249_demo windows=41 took=58.9s (1436 ms/窗) 累计 items=42 windows=2165 elapsed=3108s
[gpu6] [extract] BinFill_ep270_exec windows=41 took=58.9s (1437 ms/窗) 累计 items=42 windows=2163 elapsed=3108s
[gpu5] [extract] BinFill_ep282_demo windows=41 took=58.8s (1433 ms/窗) 累计 items=43 windows=2206 elapsed=3165s
[gpu4] [extract] BinFill_ep310_exec windows=41 took=58.7s (1432 ms/窗) 累计 items=43 windows=2206 elapsed=3167s
[gpu2] [extract] BinFill_ep327_demo windows=41 took=58.7s (1431 ms/窗) 累计 items=43 windows=2207 elapsed=3166s
[gpu7] [extract] BinFill_ep320_demo windows=41 took=58.7s (1433 ms/窗) 累计 items=43 windows=2205 elapsed=3166s
[gpu3] [extract] BinFill_ep305_demo windows=41 took=59.0s (1439 ms/窗) 累计 items=43 windows=2202 elapsed=3166s
[gpu1] [extract] BinFill_ep385_demo windows=41 took=58.8s (1434 ms/窗) 累计 items=43 windows=2206 elapsed=3167s
[gpu0] [extract] BinFill_ep334_demo windows=41 took=58.9s (1438 ms/窗) 累计 items=43 windows=2202 elapsed=3167s
[gpu6] [extract] BinFill_ep388_exec windows=41 took=58.9s (1435 ms/窗) 累计 items=43 windows=2204 elapsed=3167s
[gpu5] [extract] BinFill_ep43_demo windows=41 took=58.9s (1436 ms/窗) 累计 items=44 windows=2247 elapsed=3224s
[gpu2] [extract] BinFill_ep56_exec windows=41 took=58.8s (1434 ms/窗) 累计 items=44 windows=2248 elapsed=3225s
[gpu4] [extract] BinFill_ep55_demo windows=41 took=59.0s (1438 ms/窗) 累计 items=44 windows=2247 elapsed=3226s
[gpu7] [extract] BinFill_ep5_exec windows=41 took=58.9s (1436 ms/窗) 累计 items=44 windows=2246 elapsed=3225s
[gpu1] [extract] BinFill_ep64_exec windows=41 took=58.8s (1435 ms/窗) 累计 items=44 windows=2247 elapsed=3226s
[gpu3] [extract] BinFill_ep62_demo windows=41 took=59.2s (1444 ms/窗) 累计 items=44 windows=2243 elapsed=3226s
[gpu0] [extract] BinFill_ep80_exec windows=41 took=59.0s (1440 ms/窗) 累计 items=44 windows=2243 elapsed=3226s
[gpu6] [extract] BinFill_ep84_demo windows=41 took=59.1s (1441 ms/窗) 累计 items=44 windows=2245 elapsed=3226s
[gpu2] [extract] BinFill_ep117_exec windows=40 took=57.3s (1432 ms/窗) 累计 items=45 windows=2288 elapsed=3282s
[gpu7] [extract] BinFill_ep132_demo windows=40 took=57.3s (1433 ms/窗) 累计 items=45 windows=2286 elapsed=3282s
[gpu4] [extract] BinFill_ep122_exec windows=40 took=57.4s (1436 ms/窗) 累计 items=45 windows=2287 elapsed=3283s
[gpu1] [extract] BinFill_ep162_exec windows=40 took=57.3s (1434 ms/窗) 累计 items=45 windows=2287 elapsed=3283s
[gpu5] [extract] BinFill_ep86_demo windows=41 took=59.0s (1439 ms/窗) 累计 items=45 windows=2288 elapsed=3283s
[gpu3] [extract] BinFill_ep169_demo windows=40 took=57.6s (1440 ms/窗) 累计 items=45 windows=2283 elapsed=3283s
[gpu0] [extract] BinFill_ep171_demo windows=40 took=57.7s (1442 ms/窗) 累计 items=45 windows=2283 elapsed=3284s
[gpu6] [extract] BinFill_ep177_demo windows=40 took=57.6s (1441 ms/窗) 累计 items=45 windows=2285 elapsed=3284s
[gpu2] [extract] BinFill_ep185_exec windows=40 took=57.3s (1432 ms/窗) 累计 items=46 windows=2328 elapsed=3340s
[gpu7] [extract] BinFill_ep194_exec windows=40 took=57.4s (1435 ms/窗) 累计 items=46 windows=2326 elapsed=3340s
[gpu4] [extract] BinFill_ep210_demo windows=40 took=57.4s (1434 ms/窗) 累计 items=46 windows=2327 elapsed=3341s
[gpu1] [extract] BinFill_ep216_demo windows=40 took=57.3s (1433 ms/窗) 累计 items=46 windows=2327 elapsed=3340s
[gpu5] [extract] BinFill_ep220_exec windows=40 took=57.3s (1433 ms/窗) 累计 items=46 windows=2328 elapsed=3340s
[gpu3] [extract] BinFill_ep222_exec windows=40 took=57.5s (1438 ms/窗) 累计 items=46 windows=2323 elapsed=3341s
[gpu0] [extract] BinFill_ep225_exec windows=40 took=57.4s (1436 ms/窗) 累计 items=46 windows=2323 elapsed=3341s
[gpu6] [extract] BinFill_ep249_exec windows=40 took=57.4s (1434 ms/窗) 累计 items=46 windows=2325 elapsed=3341s
[gpu2] [extract] BinFill_ep24_demo windows=40 took=57.4s (1436 ms/窗) 累计 items=47 windows=2368 elapsed=3397s
[gpu7] [extract] BinFill_ep282_exec windows=40 took=57.4s (1434 ms/窗) 累计 items=47 windows=2366 elapsed=3397s
[gpu4] [extract] BinFill_ep302_demo windows=40 took=57.4s (1434 ms/窗) 累计 items=47 windows=2367 elapsed=3398s
[gpu1] [extract] BinFill_ep305_exec windows=40 took=57.3s (1433 ms/窗) 累计 items=47 windows=2367 elapsed=3398s
[gpu5] [extract] BinFill_ep320_exec windows=40 took=57.3s (1433 ms/窗) 累计 items=47 windows=2368 elapsed=3398s
[gpu3] [extract] BinFill_ep327_exec windows=40 took=57.5s (1436 ms/窗) 累计 items=47 windows=2363 elapsed=3398s
[gpu6] [extract] BinFill_ep334_exec windows=40 took=57.6s (1439 ms/窗) 累计 items=47 windows=2365 elapsed=3399s
[gpu0] [extract] BinFill_ep328_demo windows=40 took=57.7s (1443 ms/窗) 累计 items=47 windows=2363 elapsed=3399s
[gpu2] [extract] BinFill_ep339_demo windows=40 took=57.2s (1430 ms/窗) 累计 items=48 windows=2408 elapsed=3454s
[gpu7] [extract] BinFill_ep385_exec windows=40 took=57.3s (1432 ms/窗) 累计 items=48 windows=2406 elapsed=3454s
[gpu4] [extract] BinFill_ep43_exec windows=40 took=57.4s (1434 ms/窗) 累计 items=48 windows=2407 elapsed=3455s
[gpu1] [extract] BinFill_ep55_exec windows=40 took=57.4s (1436 ms/窗) 累计 items=48 windows=2407 elapsed=3455s
[gpu5] [extract] BinFill_ep62_exec windows=40 took=57.3s (1433 ms/窗) 累计 items=48 windows=2408 elapsed=3455s
[gpu3] [extract] BinFill_ep79_demo windows=40 took=57.7s (1444 ms/窗) 累计 items=48 windows=2403 elapsed=3456s
[gpu6] [extract] BinFill_ep84_exec windows=40 took=57.5s (1438 ms/窗) 累计 items=48 windows=2405 elapsed=3456s
[gpu0] [extract] BinFill_ep86_exec windows=40 took=57.5s (1438 ms/窗) 累计 items=48 windows=2403 elapsed=3457s
[gpu4] [extract] BinFill_ep132_exec windows=39 took=55.9s (1432 ms/窗) 累计 items=49 windows=2446 elapsed=3511s
[gpu7] [extract] BinFill_ep114_demo windows=39 took=56.1s (1439 ms/窗) 累计 items=49 windows=2445 elapsed=3511s
[gpu1] [extract] BinFill_ep144_demo windows=39 took=56.0s (1437 ms/窗) 累计 items=49 windows=2446 elapsed=3511s
[gpu5] [extract] BinFill_ep154_demo windows=39 took=56.0s (1437 ms/窗) 累计 items=49 windows=2447 elapsed=3511s
[gpu2] [extract] BinFill_ep87_demo windows=40 took=57.5s (1437 ms/窗) 累计 items=49 windows=2448 elapsed=3512s
[gpu6] [extract] BinFill_ep169_exec windows=39 took=56.1s (1438 ms/窗) 累计 items=49 windows=2444 elapsed=3512s
[gpu3] [extract] BinFill_ep159_demo windows=39 took=56.3s (1443 ms/窗) 累计 items=49 windows=2442 elapsed=3512s
[gpu0] [extract] BinFill_ep170_demo windows=39 took=56.5s (1448 ms/窗) 累计 items=49 windows=2442 elapsed=3513s
[gpu4] [extract] BinFill_ep171_exec windows=39 took=56.0s (1435 ms/窗) 累计 items=50 windows=2485 elapsed=3567s
[gpu7] [extract] BinFill_ep177_exec windows=39 took=56.0s (1435 ms/窗) 累计 items=50 windows=2484 elapsed=3567s
[gpu1] [extract] BinFill_ep195_demo windows=39 took=56.0s (1437 ms/窗) 累计 items=50 windows=2485 elapsed=3567s
[gpu5] [extract] BinFill_ep203_demo windows=39 took=56.0s (1437 ms/窗) 累计 items=50 windows=2486 elapsed=3567s
[gpu2] [extract] BinFill_ep210_exec windows=39 took=55.8s (1431 ms/窗) 累计 items=50 windows=2487 elapsed=3568s
[gpu6] [extract] BinFill_ep216_exec windows=39 took=56.0s (1436 ms/窗) 累计 items=50 windows=2483 elapsed=3568s
[gpu3] [extract] BinFill_ep241_demo windows=39 took=56.2s (1440 ms/窗) 累计 items=50 windows=2481 elapsed=3569s
[gpu0] [extract] BinFill_ep242_demo windows=39 took=56.4s (1445 ms/窗) 累计 items=50 windows=2481 elapsed=3569s
[gpu4] [extract] BinFill_ep24_exec windows=39 took=56.0s (1435 ms/窗) 累计 items=51 windows=2524 elapsed=3623s
[gpu7] [extract] BinFill_ep272_demo windows=39 took=56.1s (1437 ms/窗) 累计 items=51 windows=2523 elapsed=3623s
[gpu1] [extract] BinFill_ep279_demo windows=39 took=55.8s (1432 ms/窗) 累计 items=51 windows=2524 elapsed=3623s
[gpu5] [extract] BinFill_ep285_demo windows=39 took=55.9s (1433 ms/窗) 累计 items=51 windows=2525 elapsed=3623s
[gpu2] [extract] BinFill_ep28_demo windows=39 took=56.1s (1438 ms/窗) 累计 items=51 windows=2526 elapsed=3624s
[gpu6] [extract] BinFill_ep290_demo windows=39 took=56.1s (1438 ms/窗) 累计 items=51 windows=2522 elapsed=3624s
[gpu3] [extract] BinFill_ep296_demo windows=39 took=56.2s (1440 ms/窗) 累计 items=51 windows=2520 elapsed=3625s
[gpu0] [extract] BinFill_ep302_exec windows=39 took=56.2s (1440 ms/窗) 累计 items=51 windows=2520 elapsed=3626s
[gpu4] [extract] BinFill_ep308_demo windows=39 took=56.0s (1436 ms/窗) 累计 items=52 windows=2563 elapsed=3679s
[gpu7] [extract] BinFill_ep318_demo windows=39 took=56.0s (1436 ms/窗) 累计 items=52 windows=2562 elapsed=3679s
[gpu1] [extract] BinFill_ep328_exec windows=39 took=55.9s (1434 ms/窗) 累计 items=52 windows=2563 elapsed=3679s
[gpu5] [extract] BinFill_ep32_demo windows=39 took=56.1s (1437 ms/窗) 累计 items=52 windows=2564 elapsed=3679s
[gpu2] [extract] BinFill_ep336_demo windows=39 took=56.0s (1436 ms/窗) 累计 items=52 windows=2565 elapsed=3680s
[gpu6] [extract] BinFill_ep339_exec windows=39 took=56.1s (1437 ms/窗) 累计 items=52 windows=2561 elapsed=3680s
[gpu3] [extract] BinFill_ep371_demo windows=39 took=56.2s (1442 ms/窗) 累计 items=52 windows=2559 elapsed=3681s
[gpu0] [extract] BinFill_ep79_exec windows=39 took=56.3s (1443 ms/窗) 累计 items=52 windows=2559 elapsed=3682s
[gpu1] [extract] BinFill_ep106_demo windows=38 took=54.9s (1444 ms/窗) 累计 items=53 windows=2601 elapsed=3734s
[gpu5] [extract] BinFill_ep114_exec windows=38 took=54.6s (1436 ms/窗) 累计 items=53 windows=2602 elapsed=3734s
[gpu2] [extract] BinFill_ep144_exec windows=38 took=54.5s (1433 ms/窗) 累计 items=53 windows=2603 elapsed=3734s
[gpu4] [extract] BinFill_ep87_exec windows=39 took=55.9s (1434 ms/窗) 累计 items=53 windows=2602 elapsed=3735s
[gpu7] [extract] BinFill_ep98_demo windows=39 took=56.2s (1440 ms/窗) 累计 items=53 windows=2601 elapsed=3735s
[gpu6] [extract] BinFill_ep14_demo windows=38 took=54.7s (1439 ms/窗) 累计 items=53 windows=2599 elapsed=3735s
[gpu3] [extract] BinFill_ep154_exec windows=38 took=54.5s (1434 ms/窗) 累计 items=53 windows=2597 elapsed=3736s
[gpu0] [extract] BinFill_ep159_exec windows=38 took=54.7s (1438 ms/窗) 累计 items=53 windows=2597 elapsed=3736s
[gpu1] [extract] BinFill_ep161_demo windows=38 took=54.7s (1439 ms/窗) 累计 items=54 windows=2639 elapsed=3789s
[gpu5] [extract] BinFill_ep170_exec windows=38 took=54.5s (1435 ms/窗) 累计 items=54 windows=2640 elapsed=3788s
[gpu2] [extract] BinFill_ep195_exec windows=38 took=54.4s (1432 ms/窗) 累计 items=54 windows=2641 elapsed=3789s
[gpu4] [extract] BinFill_ep202_demo windows=38 took=54.6s (1437 ms/窗) 累计 items=54 windows=2640 elapsed=3790s
[gpu7] [extract] BinFill_ep203_exec windows=38 took=54.5s (1435 ms/窗) 累计 items=54 windows=2639 elapsed=3789s
[gpu6] [extract] BinFill_ep211_demo windows=38 took=54.6s (1436 ms/窗) 累计 items=54 windows=2637 elapsed=3790s
[gpu3] [extract] BinFill_ep214_demo windows=38 took=54.6s (1436 ms/窗) 累计 items=54 windows=2635 elapsed=3790s
[gpu0] [extract] BinFill_ep236_demo windows=38 took=54.7s (1439 ms/窗) 累计 items=54 windows=2635 elapsed=3791s
[gpu5] [extract] BinFill_ep242_exec windows=38 took=54.5s (1433 ms/窗) 累计 items=55 windows=2678 elapsed=3843s
[gpu1] [extract] BinFill_ep241_exec windows=38 took=54.5s (1435 ms/窗) 累计 items=55 windows=2677 elapsed=3843s
[gpu2] [extract] BinFill_ep256_demo windows=38 took=54.4s (1432 ms/窗) 累计 items=55 windows=2679 elapsed=3843s
[gpu4] [extract] BinFill_ep272_exec windows=38 took=54.5s (1434 ms/窗) 累计 items=55 windows=2678 elapsed=3844s
[gpu7] [extract] BinFill_ep279_exec windows=38 took=54.5s (1434 ms/窗) 累计 items=55 windows=2677 elapsed=3844s
[gpu6] [extract] BinFill_ep285_exec windows=38 took=54.5s (1434 ms/窗) 累计 items=55 windows=2675 elapsed=3844s
[gpu3] [extract] BinFill_ep28_exec windows=38 took=54.5s (1434 ms/窗) 累计 items=55 windows=2673 elapsed=3845s
[gpu0] [extract] BinFill_ep290_exec windows=38 took=54.5s (1433 ms/窗) 累计 items=55 windows=2673 elapsed=3846s
[gpu5] [extract] BinFill_ep293_demo windows=38 took=54.6s (1436 ms/窗) 累计 items=56 windows=2716 elapsed=3897s
[gpu1] [extract] BinFill_ep296_exec windows=38 took=54.5s (1435 ms/窗) 累计 items=56 windows=2715 elapsed=3898s
[gpu2] [extract] BinFill_ep306_demo windows=38 took=54.5s (1435 ms/窗) 累计 items=56 windows=2717 elapsed=3898s
[gpu4] [extract] BinFill_ep308_exec windows=38 took=54.5s (1435 ms/窗) 累计 items=56 windows=2716 elapsed=3899s
[gpu7] [extract] BinFill_ep315_demo windows=38 took=54.6s (1436 ms/窗) 累计 items=56 windows=2715 elapsed=3899s
[gpu6] [extract] BinFill_ep318_exec windows=38 took=54.6s (1436 ms/窗) 累计 items=56 windows=2713 elapsed=3899s
[gpu3] [extract] BinFill_ep32_exec windows=38 took=54.6s (1436 ms/窗) 累计 items=56 windows=2711 elapsed=3899s
[gpu0] [extract] BinFill_ep336_exec windows=38 took=54.7s (1439 ms/窗) 累计 items=56 windows=2711 elapsed=3900s
[gpu5] [extract] BinFill_ep345_demo windows=38 took=54.7s (1439 ms/窗) 累计 items=57 windows=2754 elapsed=3952s
[gpu1] [extract] BinFill_ep359_demo windows=38 took=54.6s (1438 ms/窗) 累计 items=57 windows=2753 elapsed=3952s
[gpu2] [extract] BinFill_ep369_demo windows=38 took=54.5s (1433 ms/窗) 累计 items=57 windows=2755 elapsed=3952s
[gpu4] [extract] BinFill_ep370_demo windows=38 took=54.5s (1434 ms/窗) 累计 items=57 windows=2754 elapsed=3953s
[gpu7] [extract] BinFill_ep371_exec windows=38 took=54.5s (1434 ms/窗) 累计 items=57 windows=2753 elapsed=3953s
[gpu6] [extract] BinFill_ep378_demo windows=38 took=54.5s (1434 ms/窗) 累计 items=57 windows=2751 elapsed=3953s
[gpu3] [extract] BinFill_ep381_demo windows=38 took=54.6s (1438 ms/窗) 累计 items=57 windows=2749 elapsed=3954s
[gpu0] [extract] BinFill_ep47_demo windows=38 took=54.9s (1445 ms/窗) 累计 items=57 windows=2749 elapsed=3955s
[gpu4] [extract] BinFill_ep100_demo windows=37 took=53.4s (1443 ms/窗) 累计 items=58 windows=2791 elapsed=4007s
[gpu7] [extract] BinFill_ep106_exec windows=37 took=53.1s (1435 ms/窗) 累计 items=58 windows=2790 elapsed=4006s
[gpu6] [extract] BinFill_ep116_demo windows=37 took=53.3s (1440 ms/窗) 累计 items=58 windows=2788 elapsed=4007s
[gpu1] [extract] BinFill_ep98_exec windows=38 took=54.5s (1435 ms/窗) 累计 items=58 windows=2791 elapsed=4007s
[gpu5] [extract] BinFill_ep88_demo windows=38 took=54.8s (1441 ms/窗) 累计 items=58 windows=2792 elapsed=4007s
[gpu2] [extract] VideoRepick_ep271_exec windows=38 took=54.6s (1438 ms/窗) 累计 items=58 windows=2793 elapsed=4007s
[gpu3] [extract] BinFill_ep129_demo windows=37 took=53.2s (1438 ms/窗) 累计 items=58 windows=2786 elapsed=4007s
[gpu0] [extract] BinFill_ep14_exec windows=37 took=53.2s (1438 ms/窗) 累计 items=58 windows=2786 elapsed=4008s
[gpu4] [extract] BinFill_ep161_exec windows=37 took=53.1s (1436 ms/窗) 累计 items=59 windows=2828 elapsed=4060s
[gpu7] [extract] BinFill_ep176_demo windows=37 took=53.2s (1439 ms/窗) 累计 items=59 windows=2827 elapsed=4059s
[gpu6] [extract] BinFill_ep199_demo windows=37 took=53.3s (1440 ms/窗) 累计 items=59 windows=2825 elapsed=4060s
[gpu1] [extract] BinFill_ep202_exec windows=37 took=53.1s (1435 ms/窗) 累计 items=59 windows=2828 elapsed=4060s
[gpu3] [extract] BinFill_ep214_exec windows=37 took=53.0s (1432 ms/窗) 累计 items=59 windows=2823 elapsed=4060s
[gpu2] [extract] BinFill_ep211_exec windows=37 took=53.1s (1435 ms/窗) 累计 items=59 windows=2830 elapsed=4060s
[gpu5] [extract] BinFill_ep236_exec windows=37 took=53.2s (1437 ms/窗) 累计 items=59 windows=2829 elapsed=4060s
[gpu0] [extract] BinFill_ep256_exec windows=37 took=53.3s (1440 ms/窗) 累计 items=59 windows=2823 elapsed=4062s
[gpu4] [extract] BinFill_ep261_demo windows=37 took=53.2s (1438 ms/窗) 累计 items=60 windows=2865 elapsed=4113s
[gpu7] [extract] BinFill_ep262_demo windows=37 took=53.1s (1436 ms/窗) 累计 items=60 windows=2864 elapsed=4112s
[gpu6] [extract] BinFill_ep27_demo windows=37 took=53.2s (1438 ms/窗) 累计 items=60 windows=2862 elapsed=4113s
[gpu1] [extract] BinFill_ep287_demo windows=37 took=53.2s (1437 ms/窗) 累计 items=60 windows=2865 elapsed=4113s
[gpu2] [extract] BinFill_ep306_exec windows=37 took=53.1s (1435 ms/窗) 累计 items=60 windows=2867 elapsed=4113s
[gpu3] [extract] BinFill_ep293_exec windows=37 took=53.3s (1441 ms/窗) 累计 items=60 windows=2860 elapsed=4113s
[gpu5] [extract] BinFill_ep315_exec windows=37 took=53.1s (1436 ms/窗) 累计 items=60 windows=2866 elapsed=4113s
[gpu0] [extract] BinFill_ep345_exec windows=37 took=53.2s (1439 ms/窗) 累计 items=60 windows=2860 elapsed=4115s
[gpu4] [extract] BinFill_ep359_exec windows=37 took=53.1s (1435 ms/窗) 累计 items=61 windows=2902 elapsed=4166s
[gpu7] [extract] BinFill_ep369_exec windows=37 took=53.2s (1438 ms/窗) 累计 items=61 windows=2901 elapsed=4166s
[gpu6] [extract] BinFill_ep370_exec windows=37 took=53.0s (1434 ms/窗) 累计 items=61 windows=2899 elapsed=4166s
[gpu1] [extract] BinFill_ep374_demo windows=37 took=53.2s (1437 ms/窗) 累计 items=61 windows=2902 elapsed=4166s
[gpu2] [extract] BinFill_ep377_demo windows=37 took=53.0s (1433 ms/窗) 累计 items=61 windows=2904 elapsed=4166s
[gpu5] [extract] BinFill_ep381_exec windows=37 took=53.1s (1434 ms/窗) 累计 items=61 windows=2903 elapsed=4166s
[gpu3] [extract] BinFill_ep378_exec windows=37 took=53.3s (1439 ms/窗) 累计 items=61 windows=2897 elapsed=4167s
[gpu0] [extract] BinFill_ep395_demo windows=37 took=53.2s (1438 ms/窗) 累计 items=61 windows=2897 elapsed=4168s
[gpu3] [extract] BinFill_ep100_exec windows=36 took=51.9s (1442 ms/窗) 累计 items=62 windows=2933 elapsed=4219s
[gpu4] [extract] BinFill_ep47_exec windows=37 took=53.1s (1434 ms/窗) 累计 items=62 windows=2939 elapsed=4219s
[gpu7] [extract] BinFill_ep63_demo windows=37 took=53.2s (1438 ms/窗) 累计 items=62 windows=2938 elapsed=4219s
[gpu2] [extract] BinFill_ep88_exec windows=37 took=53.0s (1434 ms/窗) 累计 items=62 windows=2941 elapsed=4219s
[gpu6] [extract] BinFill_ep72_demo windows=37 took=53.3s (1441 ms/窗) 累计 items=62 windows=2936 elapsed=4219s
[gpu1] [extract] BinFill_ep76_demo windows=37 took=53.3s (1440 ms/窗) 累计 items=62 windows=2939 elapsed=4220s
[gpu0] [extract] BinFill_ep116_exec windows=36 took=51.8s (1440 ms/窗) 累计 items=62 windows=2933 elapsed=4220s
[gpu5] [extract] BinFill_ep93_demo windows=37 took=53.3s (1441 ms/窗) 累计 items=62 windows=2940 elapsed=4220s
[gpu4] [extract] BinFill_ep129_exec windows=36 took=51.6s (1434 ms/窗) 累计 items=63 windows=2975 elapsed=4271s
[gpu3] [extract] BinFill_ep127_demo windows=36 took=51.7s (1437 ms/窗) 累计 items=63 windows=2969 elapsed=4270s
[gpu7] [extract] BinFill_ep149_demo windows=36 took=51.8s (1438 ms/窗) 累计 items=63 windows=2974 elapsed=4271s
[gpu2] [extract] BinFill_ep176_exec windows=36 took=51.6s (1433 ms/窗) 累计 items=63 windows=2977 elapsed=4271s
[gpu6] [extract] BinFill_ep199_exec windows=36 took=51.7s (1435 ms/窗) 累计 items=63 windows=2972 elapsed=4271s
[gpu1] [extract] BinFill_ep19_demo windows=36 took=51.9s (1440 ms/窗) 累计 items=63 windows=2975 elapsed=4272s
[gpu0] [extract] BinFill_ep21_demo windows=36 took=51.8s (1440 ms/窗) 累计 items=63 windows=2969 elapsed=4272s
[gpu5] [extract] BinFill_ep223_demo windows=36 took=51.7s (1437 ms/窗) 累计 items=63 windows=2976 elapsed=4271s
[gpu4] [extract] BinFill_ep240_demo windows=36 took=51.6s (1432 ms/窗) 累计 items=64 windows=3011 elapsed=4322s
[gpu3] [extract] BinFill_ep261_exec windows=36 took=51.8s (1438 ms/窗) 累计 items=64 windows=3005 elapsed=4322s
[gpu2] [extract] BinFill_ep277_demo windows=36 took=51.5s (1431 ms/窗) 累计 items=64 windows=3013 elapsed=4323s
[gpu7] [extract] BinFill_ep262_exec windows=36 took=51.7s (1435 ms/窗) 累计 items=64 windows=3010 elapsed=4322s
[gpu6] [extract] BinFill_ep27_exec windows=36 took=51.7s (1437 ms/窗) 累计 items=64 windows=3008 elapsed=4323s
[gpu1] [extract] BinFill_ep287_exec windows=36 took=51.7s (1435 ms/窗) 累计 items=64 windows=3011 elapsed=4323s
[gpu5] [extract] BinFill_ep374_exec windows=36 took=51.7s (1435 ms/窗) 累计 items=64 windows=3012 elapsed=4323s
[gpu0] [extract] BinFill_ep350_demo windows=36 took=51.8s (1438 ms/窗) 累计 items=64 windows=3005 elapsed=4324s
[gpu4] [extract] BinFill_ep377_exec windows=36 took=51.6s (1434 ms/窗) 累计 items=65 windows=3047 elapsed=4374s
[gpu3] [extract] BinFill_ep395_exec windows=36 took=51.6s (1434 ms/窗) 累计 items=65 windows=3041 elapsed=4374s
[gpu2] [extract] BinFill_ep398_demo windows=36 took=51.5s (1431 ms/窗) 累计 items=65 windows=3049 elapsed=4374s
[gpu7] [extract] BinFill_ep63_exec windows=36 took=51.8s (1440 ms/窗) 累计 items=65 windows=3046 elapsed=4374s
[gpu6] [extract] BinFill_ep72_exec windows=36 took=51.7s (1435 ms/窗) 累计 items=65 windows=3044 elapsed=4375s
[gpu1] [extract] BinFill_ep75_demo windows=36 took=51.8s (1439 ms/窗) 累计 items=65 windows=3047 elapsed=4375s
[gpu5] [extract] BinFill_ep76_exec windows=36 took=51.7s (1435 ms/窗) 累计 items=65 windows=3048 elapsed=4375s
[gpu0] [extract] BinFill_ep93_exec windows=36 took=51.8s (1438 ms/窗) 累计 items=65 windows=3041 elapsed=4375s
[gpu4] [extract] BinFill_ep127_exec windows=35 took=50.1s (1433 ms/窗) 累计 items=66 windows=3082 elapsed=4424s
[gpu3] [extract] BinFill_ep149_exec windows=35 took=50.3s (1438 ms/窗) 累计 items=66 windows=3076 elapsed=4424s
[gpu2] [extract] BinFill_ep19_exec windows=35 took=50.2s (1433 ms/窗) 累计 items=66 windows=3084 elapsed=4424s
[gpu7] [extract] BinFill_ep21_exec windows=35 took=50.2s (1435 ms/窗) 累计 items=66 windows=3081 elapsed=4424s
[gpu6] [extract] BinFill_ep223_exec windows=35 took=50.2s (1435 ms/窗) 累计 items=66 windows=3079 elapsed=4425s
[gpu5] [extract] BinFill_ep277_exec windows=35 took=50.2s (1433 ms/窗) 累计 items=66 windows=3083 elapsed=4425s
[gpu1] [extract] BinFill_ep240_exec windows=35 took=50.2s (1435 ms/窗) 累计 items=66 windows=3082 elapsed=4425s
[gpu0] [extract] BinFill_ep350_exec windows=35 took=50.3s (1438 ms/窗) 累计 items=66 windows=3076 elapsed=4426s
[gpu6] [extract] BinFill_ep157_demo windows=34 took=48.9s (1439 ms/窗) 累计 items=67 windows=3113 elapsed=4474s
[gpu4] [extract] BinFill_ep398_exec windows=35 took=50.1s (1433 ms/窗) 累计 items=67 windows=3117 elapsed=4474s
[gpu1] [extract] BinFill_ep54_exec windows=34 took=48.8s (1434 ms/窗) 累计 items=67 windows=3116 elapsed=4474s
[gpu5] [extract] BinFill_ep34_demo windows=34 took=48.9s (1439 ms/窗) 累计 items=67 windows=3117 elapsed=4474s
[gpu2] [extract] BinFill_ep75_exec windows=35 took=50.1s (1433 ms/窗) 累计 items=67 windows=3119 elapsed=4474s
[gpu0] [extract] VideoRepick_ep107_exec windows=34 took=48.9s (1438 ms/窗) 累计 items=67 windows=3110 elapsed=4475s
[gpu3] [extract] BinFill_ep54_demo windows=35 took=50.4s (1441 ms/窗) 累计 items=67 windows=3111 elapsed=4475s
[gpu7] [extract] VideoRepick_ep2_exec windows=35 took=50.3s (1438 ms/窗) 累计 items=67 windows=3116 elapsed=4475s
[gpu2] [extract] BinFill_ep12_demo windows=33 took=47.4s (1438 ms/窗) 累计 items=68 windows=3152 elapsed=4522s
[gpu0] [extract] BinFill_ep105_demo windows=33 took=47.6s (1443 ms/窗) 累计 items=68 windows=3143 elapsed=4522s
[gpu3] [extract] BinFill_ep138_demo windows=33 took=47.5s (1440 ms/窗) 累计 items=68 windows=3144 elapsed=4522s
[gpu7] [extract] BinFill_ep157_exec windows=33 took=47.4s (1436 ms/窗) 累计 items=68 windows=3149 elapsed=4522s
[gpu6] [extract] VideoRepick_ep134_exec windows=34 took=48.9s (1439 ms/窗) 累计 items=68 windows=3147 elapsed=4523s
[gpu4] [extract] VideoRepick_ep160_exec windows=34 took=48.9s (1437 ms/窗) 累计 items=68 windows=3151 elapsed=4523s
[gpu1] [extract] VideoRepick_ep269_exec windows=34 took=48.9s (1440 ms/窗) 累计 items=68 windows=3150 elapsed=4523s
[gpu5] [extract] VideoRepick_ep33_exec windows=34 took=48.9s (1438 ms/窗) 累计 items=68 windows=3151 elapsed=4523s
[gpu2] [extract] BinFill_ep34_exec windows=33 took=47.3s (1432 ms/窗) 累计 items=69 windows=3185 elapsed=4569s
[gpu0] [extract] BinFill_ep85_demo windows=33 took=47.6s (1442 ms/窗) 累计 items=69 windows=3176 elapsed=4570s
[gpu3] [extract] VideoRepick_ep113_exec windows=33 took=47.5s (1441 ms/窗) 累计 items=69 windows=3177 elapsed=4570s
[gpu7] [extract] VideoRepick_ep246_exec windows=33 took=47.6s (1441 ms/窗) 累计 items=69 windows=3182 elapsed=4570s
[gpu6] [extract] VideoRepick_ep390_exec windows=33 took=47.4s (1437 ms/窗) 累计 items=69 windows=3180 elapsed=4570s
[gpu4] [extract] VideoRepick_ep52_exec windows=33 took=47.4s (1436 ms/窗) 累计 items=69 windows=3184 elapsed=4571s
[gpu1] [extract] VideoRepick_ep71_exec windows=33 took=47.5s (1441 ms/窗) 累计 items=69 windows=3183 elapsed=4571s
[gpu5] [extract] VideoRepick_ep80_exec windows=33 took=47.6s (1441 ms/窗) 累计 items=69 windows=3184 elapsed=4571s
[gpu2] [extract] BinFill_ep105_exec windows=32 took=45.9s (1433 ms/窗) 累计 items=70 windows=3217 elapsed=4615s
[gpu0] [extract] BinFill_ep12_exec windows=32 took=46.0s (1438 ms/窗) 累计 items=70 windows=3208 elapsed=4616s
[gpu3] [extract] BinFill_ep134_demo windows=32 took=46.0s (1438 ms/窗) 累计 items=70 windows=3209 elapsed=4616s
[gpu7] [extract] BinFill_ep138_exec windows=32 took=46.0s (1437 ms/窗) 累计 items=70 windows=3214 elapsed=4616s
[gpu4] [extract] BinFill_ep85_exec windows=32 took=45.9s (1433 ms/窗) 累计 items=70 windows=3216 elapsed=4617s
[gpu6] [extract] BinFill_ep155_demo windows=32 took=46.0s (1439 ms/窗) 累计 items=70 windows=3212 elapsed=4616s
[gpu1] [extract] VideoRepick_ep105_exec windows=32 took=46.1s (1440 ms/窗) 累计 items=70 windows=3215 elapsed=4617s
[gpu5] [extract] VideoRepick_ep115_exec windows=32 took=46.1s (1439 ms/窗) 累计 items=70 windows=3216 elapsed=4617s
[gpu2] [extract] VideoRepick_ep11_exec windows=32 took=45.9s (1435 ms/窗) 累计 items=71 windows=3249 elapsed=4661s
[gpu0] [extract] VideoRepick_ep121_exec windows=32 took=46.1s (1441 ms/窗) 累计 items=71 windows=3240 elapsed=4662s
[gpu3] [extract] VideoRepick_ep128_exec windows=32 took=46.0s (1438 ms/窗) 累计 items=71 windows=3241 elapsed=4662s
[gpu4] [extract] VideoRepick_ep162_exec windows=32 took=45.9s (1435 ms/窗) 累计 items=71 windows=3248 elapsed=4663s
[gpu7] [extract] VideoRepick_ep136_exec windows=32 took=46.2s (1444 ms/窗) 累计 items=71 windows=3246 elapsed=4662s
[gpu6] [extract] VideoRepick_ep164_exec windows=32 took=46.0s (1437 ms/窗) 累计 items=71 windows=3244 elapsed=4662s
[gpu5] [extract] VideoRepick_ep191_exec windows=32 took=45.9s (1435 ms/窗) 累计 items=71 windows=3248 elapsed=4663s
[gpu1] [extract] VideoRepick_ep186_exec windows=32 took=46.0s (1439 ms/窗) 累计 items=71 windows=3247 elapsed=4663s
[gpu2] [extract] VideoRepick_ep192_exec windows=32 took=45.9s (1436 ms/窗) 累计 items=72 windows=3281 elapsed=4707s
[gpu0] [extract] VideoRepick_ep19_exec windows=32 took=46.1s (1441 ms/窗) 累计 items=72 windows=3272 elapsed=4708s
[gpu4] [extract] VideoRepick_ep218_exec windows=32 took=45.9s (1434 ms/窗) 累计 items=72 windows=3280 elapsed=4709s
[gpu3] [extract] VideoRepick_ep211_exec windows=32 took=46.1s (1441 ms/窗) 累计 items=72 windows=3273 elapsed=4708s
[gpu6] [extract] VideoRepick_ep222_exec windows=32 took=46.0s (1438 ms/窗) 累计 items=72 windows=3276 elapsed=4708s
[gpu7] [extract] VideoRepick_ep236_exec windows=32 took=46.0s (1438 ms/窗) 累计 items=72 windows=3278 elapsed=4708s
[gpu5] [extract] VideoRepick_ep239_exec windows=32 took=46.1s (1439 ms/窗) 累计 items=72 windows=3280 elapsed=4709s
[gpu1] [extract] VideoRepick_ep245_exec windows=32 took=46.0s (1439 ms/窗) 累计 items=72 windows=3279 elapsed=4709s
[gpu2] [extract] VideoRepick_ep251_exec windows=32 took=45.9s (1434 ms/窗) 累计 items=73 windows=3313 elapsed=4753s
[gpu4] [extract] VideoRepick_ep262_exec windows=32 took=45.8s (1432 ms/窗) 累计 items=73 windows=3312 elapsed=4754s
[gpu0] [extract] VideoRepick_ep256_exec windows=32 took=46.0s (1439 ms/窗) 累计 items=73 windows=3304 elapsed=4754s
[gpu3] [extract] VideoRepick_ep275_exec windows=32 took=46.1s (1441 ms/窗) 累计 items=73 windows=3305 elapsed=4754s
[gpu6] [extract] VideoRepick_ep285_exec windows=32 took=46.0s (1437 ms/窗) 累计 items=73 windows=3308 elapsed=4754s
[gpu7] [extract] VideoRepick_ep296_exec windows=32 took=46.0s (1438 ms/窗) 累计 items=73 windows=3310 elapsed=4754s
[gpu5] [extract] VideoRepick_ep303_exec windows=32 took=46.0s (1438 ms/窗) 累计 items=73 windows=3312 elapsed=4755s
[gpu1] [extract] VideoRepick_ep312_exec windows=32 took=46.0s (1438 ms/窗) 累计 items=73 windows=3311 elapsed=4755s
[gpu2] [extract] VideoRepick_ep315_exec windows=32 took=45.9s (1434 ms/窗) 累计 items=74 windows=3345 elapsed=4799s
[gpu4] [extract] VideoRepick_ep31_exec windows=32 took=45.9s (1435 ms/窗) 累计 items=74 windows=3344 elapsed=4800s
[gpu0] [extract] VideoRepick_ep324_exec windows=32 took=46.1s (1441 ms/窗) 累计 items=74 windows=3336 elapsed=4800s
[gpu6] [extract] VideoRepick_ep335_exec windows=32 took=45.9s (1434 ms/窗) 累计 items=74 windows=3340 elapsed=4800s
[gpu3] [extract] VideoRepick_ep329_exec windows=32 took=46.0s (1438 ms/窗) 累计 items=74 windows=3337 elapsed=4800s
[gpu7] [extract] VideoRepick_ep348_exec windows=32 took=45.9s (1435 ms/窗) 累计 items=74 windows=3342 elapsed=4800s
[gpu5] [extract] VideoRepick_ep353_exec windows=32 took=45.9s (1435 ms/窗) 累计 items=74 windows=3344 elapsed=4801s
[gpu1] [extract] VideoRepick_ep364_exec windows=32 took=45.9s (1434 ms/窗) 累计 items=74 windows=3343 elapsed=4801s
[gpu2] [extract] VideoRepick_ep375_exec windows=32 took=45.8s (1432 ms/窗) 累计 items=75 windows=3377 elapsed=4845s
[gpu4] [extract] VideoRepick_ep378_exec windows=32 took=45.8s (1432 ms/窗) 累计 items=75 windows=3376 elapsed=4846s
[gpu0] [extract] VideoRepick_ep380_exec windows=32 took=46.0s (1438 ms/窗) 累计 items=75 windows=3368 elapsed=4846s
[gpu6] [extract] VideoRepick_ep393_exec windows=32 took=46.0s (1438 ms/窗) 累计 items=75 windows=3372 elapsed=4846s
[gpu3] [extract] VideoRepick_ep54_exec windows=32 took=46.0s (1438 ms/窗) 累计 items=75 windows=3369 elapsed=4846s
[gpu7] [extract] VideoRepick_ep77_exec windows=32 took=46.0s (1437 ms/窗) 累计 items=75 windows=3374 elapsed=4846s
[gpu1] [extract] VideoRepick_ep92_exec windows=32 took=46.0s (1438 ms/窗) 累计 items=75 windows=3375 elapsed=4847s
[gpu5] [extract] VideoRepick_ep81_exec windows=32 took=46.1s (1440 ms/窗) 累计 items=75 windows=3376 elapsed=4847s
[gpu2] [extract] BinFill_ep134_exec windows=31 took=44.5s (1434 ms/窗) 累计 items=76 windows=3408 elapsed=4889s
[gpu4] [extract] BinFill_ep155_exec windows=31 took=44.4s (1433 ms/窗) 累计 items=76 windows=3407 elapsed=4891s
[gpu6] [extract] BinFill_ep201_demo windows=31 took=44.6s (1439 ms/窗) 累计 items=76 windows=3403 elapsed=4891s
[gpu0] [extract] BinFill_ep189_demo windows=31 took=44.7s (1443 ms/窗) 累计 items=76 windows=3399 elapsed=4891s
[gpu7] [extract] BinFill_ep37_demo windows=31 took=44.6s (1440 ms/窗) 累计 items=76 windows=3405 elapsed=4891s
[gpu3] [extract] BinFill_ep250_demo windows=31 took=44.8s (1444 ms/窗) 累计 items=76 windows=3400 elapsed=4891s
[gpu1] [extract] BinFill_ep39_demo windows=31 took=44.7s (1442 ms/窗) 累计 items=76 windows=3406 elapsed=4892s
[gpu5] [extract] BinFill_ep42_demo windows=31 took=44.8s (1445 ms/窗) 累计 items=76 windows=3407 elapsed=4891s
[gpu2] [extract] BinFill_ep66_demo windows=31 took=44.5s (1437 ms/窗) 累计 items=77 windows=3439 elapsed=4934s
[gpu4] [extract] BinFill_ep95_demo windows=31 took=44.6s (1439 ms/窗) 累计 items=77 windows=3438 elapsed=4935s
[gpu6] [extract] RouteStick_ep300_demo windows=31 took=44.6s (1439 ms/窗) 累计 items=77 windows=3434 elapsed=4935s
[gpu0] [extract] RouteStick_ep305_demo windows=31 took=44.6s (1439 ms/窗) 累计 items=77 windows=3430 elapsed=4936s
[gpu7] [extract] RouteStick_ep306_demo windows=31 took=44.6s (1440 ms/窗) 累计 items=77 windows=3436 elapsed=4935s
[gpu3] [extract] RouteStick_ep312_demo windows=31 took=44.7s (1442 ms/窗) 累计 items=77 windows=3431 elapsed=4936s
[gpu1] [extract] RouteStick_ep313_demo windows=31 took=44.6s (1439 ms/窗) 累计 items=77 windows=3437 elapsed=4936s
[gpu5] [extract] RouteStick_ep315_demo windows=31 took=44.7s (1442 ms/窗) 累计 items=77 windows=3438 elapsed=4936s
[gpu2] [extract] RouteStick_ep319_demo windows=31 took=44.5s (1436 ms/窗) 累计 items=78 windows=3470 elapsed=4978s
[gpu4] [extract] RouteStick_ep324_demo windows=31 took=44.6s (1437 ms/窗) 累计 items=78 windows=3469 elapsed=4980s
[gpu6] [extract] RouteStick_ep327_demo windows=31 took=44.6s (1438 ms/窗) 累计 items=78 windows=3465 elapsed=4980s
[gpu0] [extract] RouteStick_ep332_demo windows=31 took=44.8s (1445 ms/窗) 累计 items=78 windows=3461 elapsed=4981s
[gpu7] [extract] RouteStick_ep333_demo windows=31 took=44.8s (1445 ms/窗) 累计 items=78 windows=3467 elapsed=4980s
[gpu3] [extract] RouteStick_ep335_demo windows=31 took=44.7s (1441 ms/窗) 累计 items=78 windows=3462 elapsed=4980s
[gpu1] [extract] RouteStick_ep336_demo windows=31 took=44.6s (1440 ms/窗) 累计 items=78 windows=3468 elapsed=4981s
[gpu5] [extract] RouteStick_ep343_demo windows=31 took=44.7s (1442 ms/窗) 累计 items=78 windows=3469 elapsed=4981s
[gpu2] [extract] RouteStick_ep346_demo windows=31 took=44.6s (1440 ms/窗) 累计 items=79 windows=3501 elapsed=5023s
[gpu4] [extract] RouteStick_ep348_demo windows=31 took=44.6s (1439 ms/窗) 累计 items=79 windows=3500 elapsed=5024s
[gpu6] [extract] RouteStick_ep350_demo windows=31 took=44.6s (1438 ms/窗) 累计 items=79 windows=3496 elapsed=5025s
[gpu3] [extract] RouteStick_ep358_demo windows=31 took=44.6s (1439 ms/窗) 累计 items=79 windows=3493 elapsed=5025s
[gpu7] [extract] RouteStick_ep353_demo windows=31 took=44.7s (1440 ms/窗) 累计 items=79 windows=3498 elapsed=5025s
[gpu0] [extract] RouteStick_ep352_demo windows=31 took=44.7s (1443 ms/窗) 累计 items=79 windows=3492 elapsed=5025s
[gpu1] [extract] RouteStick_ep360_demo windows=31 took=44.6s (1440 ms/窗) 累计 items=79 windows=3499 elapsed=5026s
[gpu5] [extract] RouteStick_ep363_demo windows=31 took=44.6s (1438 ms/窗) 累计 items=79 windows=3500 elapsed=5025s
[gpu2] [extract] RouteStick_ep366_demo windows=31 took=44.5s (1435 ms/窗) 累计 items=80 windows=3532 elapsed=5067s
[gpu4] [extract] RouteStick_ep371_demo windows=31 took=44.5s (1436 ms/窗) 累计 items=80 windows=3531 elapsed=5069s
[gpu6] [extract] RouteStick_ep375_demo windows=31 took=44.6s (1439 ms/窗) 累计 items=80 windows=3527 elapsed=5069s
[gpu3] [extract] RouteStick_ep378_demo windows=31 took=44.7s (1441 ms/窗) 累计 items=80 windows=3524 elapsed=5070s
[gpu7] [extract] RouteStick_ep380_demo windows=31 took=44.7s (1443 ms/窗) 累计 items=80 windows=3529 elapsed=5070s
[gpu0] [extract] RouteStick_ep381_demo windows=31 took=44.7s (1442 ms/窗) 累计 items=80 windows=3523 elapsed=5070s
[gpu1] [extract] RouteStick_ep386_demo windows=31 took=44.7s (1442 ms/窗) 累计 items=80 windows=3530 elapsed=5070s
[gpu5] [extract] RouteStick_ep388_demo windows=31 took=44.6s (1439 ms/窗) 累计 items=80 windows=3531 elapsed=5070s
[gpu2] [extract] RouteStick_ep390_demo windows=31 took=44.5s (1437 ms/窗) 累计 items=81 windows=3563 elapsed=5112s
[gpu4] [extract] RouteStick_ep391_demo windows=31 took=44.6s (1440 ms/窗) 累计 items=81 windows=3562 elapsed=5113s
[gpu6] [extract] RouteStick_ep396_demo windows=31 took=44.4s (1433 ms/窗) 累计 items=81 windows=3558 elapsed=5114s
[gpu3] [extract] VideoRepick_ep102_exec windows=31 took=44.5s (1436 ms/窗) 累计 items=81 windows=3555 elapsed=5114s
[gpu7] [extract] VideoRepick_ep126_exec windows=31 took=44.6s (1439 ms/窗) 累计 items=81 windows=3560 elapsed=5114s
[gpu0] [extract] VideoRepick_ep141_exec windows=31 took=44.7s (1441 ms/窗) 累计 items=81 windows=3554 elapsed=5115s
[gpu1] [extract] VideoRepick_ep145_exec windows=31 took=44.7s (1440 ms/窗) 累计 items=81 windows=3561 elapsed=5115s
[gpu5] [extract] VideoRepick_ep148_exec windows=31 took=44.6s (1437 ms/窗) 累计 items=81 windows=3562 elapsed=5115s
[gpu2] [extract] VideoRepick_ep149_exec windows=31 took=44.5s (1434 ms/窗) 累计 items=82 windows=3594 elapsed=5156s
[gpu4] [extract] VideoRepick_ep152_exec windows=31 took=44.6s (1437 ms/窗) 累计 items=82 windows=3593 elapsed=5158s
[gpu6] [extract] VideoRepick_ep159_exec windows=31 took=44.5s (1437 ms/窗) 累计 items=82 windows=3589 elapsed=5158s
[gpu3] [extract] VideoRepick_ep170_exec windows=31 took=44.7s (1442 ms/窗) 累计 items=82 windows=3586 elapsed=5159s
[gpu7] [extract] VideoRepick_ep179_exec windows=31 took=44.5s (1437 ms/窗) 累计 items=82 windows=3591 elapsed=5159s
[gpu0] [extract] VideoRepick_ep183_exec windows=31 took=44.7s (1441 ms/窗) 累计 items=82 windows=3585 elapsed=5159s
[gpu1] [extract] VideoRepick_ep203_exec windows=31 took=44.6s (1438 ms/窗) 累计 items=82 windows=3592 elapsed=5160s
[gpu5] [extract] VideoRepick_ep209_exec windows=31 took=44.5s (1435 ms/窗) 累计 items=82 windows=3593 elapsed=5159s
[gpu2] [extract] VideoRepick_ep21_exec windows=31 took=44.5s (1436 ms/窗) 累计 items=83 windows=3625 elapsed=5201s
[gpu4] [extract] VideoRepick_ep243_exec windows=31 took=44.6s (1438 ms/窗) 累计 items=83 windows=3624 elapsed=5203s
[gpu6] [extract] VideoRepick_ep255_exec windows=31 took=44.5s (1436 ms/窗) 累计 items=83 windows=3620 elapsed=5203s
[gpu7] [extract] VideoRepick_ep290_exec windows=31 took=44.6s (1437 ms/窗) 累计 items=83 windows=3622 elapsed=5203s
[gpu3] [extract] VideoRepick_ep279_exec windows=31 took=44.7s (1440 ms/窗) 累计 items=83 windows=3617 elapsed=5204s
[gpu5] [extract] VideoRepick_ep318_exec windows=31 took=44.5s (1435 ms/窗) 累计 items=83 windows=3624 elapsed=5204s
[gpu1] [extract] VideoRepick_ep309_exec windows=31 took=44.6s (1438 ms/窗) 累计 items=83 windows=3623 elapsed=5204s
[gpu0] [extract] VideoRepick_ep297_demo windows=31 took=44.7s (1441 ms/窗) 累计 items=83 windows=3616 elapsed=5204s
[gpu2] [extract] VideoRepick_ep326_exec windows=31 took=44.5s (1436 ms/窗) 累计 items=84 windows=3656 elapsed=5245s
[gpu4] [extract] VideoRepick_ep327_demo windows=31 took=44.6s (1440 ms/窗) 累计 items=84 windows=3655 elapsed=5247s
[gpu6] [extract] VideoRepick_ep329_demo windows=31 took=44.5s (1436 ms/窗) 累计 items=84 windows=3651 elapsed=5247s
[gpu3] [extract] VideoRepick_ep339_exec windows=31 took=44.5s (1436 ms/窗) 累计 items=84 windows=3648 elapsed=5248s
[gpu7] [extract] VideoRepick_ep334_demo windows=31 took=44.6s (1439 ms/窗) 累计 items=84 windows=3653 elapsed=5248s
[gpu5] [extract] VideoRepick_ep350_exec windows=31 took=44.5s (1435 ms/窗) 累计 items=84 windows=3655 elapsed=5248s
[gpu1] [extract] VideoRepick_ep361_demo windows=31 took=44.5s (1435 ms/窗) 累计 items=84 windows=3654 elapsed=5249s
[gpu0] [extract] VideoRepick_ep362_demo windows=31 took=44.5s (1436 ms/窗) 累计 items=84 windows=3647 elapsed=5249s
[gpu2] [extract] VideoRepick_ep372_exec windows=31 took=44.4s (1433 ms/窗) 累计 items=85 windows=3687 elapsed=5290s
[gpu4] [extract] VideoRepick_ep374_demo windows=31 took=44.4s (1433 ms/窗) 累计 items=85 windows=3686 elapsed=5292s
[gpu6] [extract] VideoRepick_ep394_demo windows=31 took=44.6s (1438 ms/窗) 累计 items=85 windows=3682 elapsed=5292s
[gpu3] [extract] VideoRepick_ep46_exec windows=31 took=44.6s (1439 ms/窗) 累计 items=85 windows=3679 elapsed=5293s
[gpu5] [extract] VideoRepick_ep65_exec windows=31 took=44.5s (1436 ms/窗) 累计 items=85 windows=3686 elapsed=5293s
[gpu7] [extract] VideoRepick_ep59_exec windows=31 took=44.7s (1443 ms/窗) 累计 items=85 windows=3684 elapsed=5293s
[gpu1] [extract] VideoRepick_ep66_exec windows=31 took=44.6s (1438 ms/窗) 累计 items=85 windows=3685 elapsed=5293s
[gpu0] [extract] VideoRepick_ep7_exec windows=31 took=44.7s (1441 ms/窗) 累计 items=85 windows=3678 elapsed=5293s
[gpu2] [extract] VideoRepick_ep86_exec windows=31 took=44.5s (1436 ms/窗) 累计 items=86 windows=3718 elapsed=5334s
[gpu4] [extract] VideoRepick_ep8_exec windows=31 took=44.6s (1437 ms/窗) 累计 items=86 windows=3717 elapsed=5336s
[gpu3] [extract] BinFill_ep119_demo windows=30 took=43.2s (1438 ms/窗) 累计 items=86 windows=3709 elapsed=5336s
[gpu5] [extract] BinFill_ep17_demo windows=30 took=43.2s (1439 ms/窗) 累计 items=86 windows=3716 elapsed=5336s
[gpu6] [extract] VideoRepick_ep93_exec windows=31 took=44.5s (1436 ms/窗) 累计 items=86 windows=3713 elapsed=5336s
[gpu1] [extract] BinFill_ep189_exec windows=30 took=43.3s (1442 ms/窗) 累计 items=86 windows=3715 elapsed=5336s
[gpu7] [extract] BinFill_ep181_demo windows=30 took=43.3s (1444 ms/窗) 累计 items=86 windows=3714 elapsed=5336s
[gpu0] [extract] BinFill_ep201_exec windows=30 took=43.2s (1440 ms/窗) 累计 items=86 windows=3708 elapsed=5337s
[gpu2] [extract] BinFill_ep209_demo windows=30 took=43.1s (1437 ms/窗) 累计 items=87 windows=3748 elapsed=5377s
[gpu4] [extract] BinFill_ep212_demo windows=30 took=43.1s (1437 ms/窗) 累计 items=87 windows=3747 elapsed=5379s
[gpu3] [extract] BinFill_ep228_demo windows=30 took=43.3s (1443 ms/窗) 累计 items=87 windows=3739 elapsed=5379s
[gpu5] [extract] BinFill_ep235_demo windows=30 took=43.2s (1439 ms/窗) 累计 items=87 windows=3746 elapsed=5379s
[gpu1] [extract] BinFill_ep244_demo windows=30 took=43.2s (1439 ms/窗) 累计 items=87 windows=3745 elapsed=5380s
[gpu6] [extract] BinFill_ep37_exec windows=30 took=43.1s (1436 ms/窗) 累计 items=87 windows=3743 elapsed=5380s
[gpu7] [extract] BinFill_ep250_exec windows=30 took=43.2s (1441 ms/窗) 累计 items=87 windows=3744 elapsed=5379s
[gpu0] [extract] BinFill_ep25_demo windows=30 took=43.3s (1445 ms/窗) 累计 items=87 windows=3738 elapsed=5380s
[gpu2] [extract] BinFill_ep39_exec windows=30 took=43.0s (1432 ms/窗) 累计 items=88 windows=3778 elapsed=5420s
[gpu4] [extract] BinFill_ep42_exec windows=30 took=43.1s (1436 ms/窗) 累计 items=88 windows=3777 elapsed=5422s
[gpu5] [extract] BinFill_ep66_exec windows=30 took=43.0s (1434 ms/窗) 累计 items=88 windows=3776 elapsed=5422s
[gpu3] [extract] BinFill_ep51_demo windows=30 took=43.1s (1438 ms/窗) 累计 items=88 windows=3769 elapsed=5422s
[gpu1] [extract] BinFill_ep95_exec windows=30 took=43.0s (1434 ms/窗) 累计 items=88 windows=3775 elapsed=5423s
[gpu6] [extract] RouteStick_ep300_exec windows=30 took=43.0s (1435 ms/窗) 累计 items=88 windows=3773 elapsed=5423s
[gpu7] [extract] RouteStick_ep305_exec windows=30 took=43.1s (1436 ms/窗) 累计 items=88 windows=3774 elapsed=5422s
[gpu0] [extract] RouteStick_ep306_exec windows=30 took=43.1s (1437 ms/窗) 累计 items=88 windows=3768 elapsed=5423s
[gpu2] [extract] RouteStick_ep312_exec windows=30 took=43.0s (1432 ms/窗) 累计 items=89 windows=3808 elapsed=5463s
[gpu4] [extract] RouteStick_ep313_exec windows=30 took=43.0s (1435 ms/窗) 累计 items=89 windows=3807 elapsed=5465s
[gpu5] [extract] RouteStick_ep315_exec windows=30 took=43.1s (1436 ms/窗) 累计 items=89 windows=3806 elapsed=5465s
[gpu1] [extract] RouteStick_ep324_exec windows=30 took=43.1s (1435 ms/窗) 累计 items=89 windows=3805 elapsed=5466s
[gpu3] [extract] RouteStick_ep319_exec windows=30 took=43.2s (1440 ms/窗) 累计 items=89 windows=3799 elapsed=5466s
[gpu6] [extract] RouteStick_ep327_exec windows=30 took=43.1s (1436 ms/窗) 累计 items=89 windows=3803 elapsed=5466s
[gpu7] [extract] RouteStick_ep332_exec windows=30 took=43.2s (1440 ms/窗) 累计 items=89 windows=3804 elapsed=5466s
[gpu0] [extract] RouteStick_ep333_exec windows=30 took=43.1s (1437 ms/窗) 累计 items=89 windows=3798 elapsed=5466s
[gpu2] [extract] RouteStick_ep335_exec windows=30 took=43.0s (1433 ms/窗) 累计 items=90 windows=3838 elapsed=5506s
[gpu4] [extract] RouteStick_ep336_exec windows=30 took=43.0s (1434 ms/窗) 累计 items=90 windows=3837 elapsed=5508s
[gpu5] [extract] RouteStick_ep343_exec windows=30 took=43.0s (1434 ms/窗) 累计 items=90 windows=3836 elapsed=5508s
[gpu1] [extract] RouteStick_ep346_exec windows=30 took=43.1s (1436 ms/窗) 累计 items=90 windows=3835 elapsed=5509s
[gpu3] [extract] RouteStick_ep348_exec windows=30 took=43.0s (1435 ms/窗) 累计 items=90 windows=3829 elapsed=5509s
[gpu6] [extract] RouteStick_ep350_exec windows=30 took=43.1s (1436 ms/窗) 累计 items=90 windows=3833 elapsed=5509s
[gpu0] [extract] RouteStick_ep353_exec windows=30 took=43.2s (1438 ms/窗) 累计 items=90 windows=3828 elapsed=5509s
[gpu7] [extract] RouteStick_ep352_exec windows=30 took=43.4s (1445 ms/窗) 累计 items=90 windows=3834 elapsed=5509s
[gpu2] [extract] RouteStick_ep358_exec windows=30 took=43.0s (1434 ms/窗) 累计 items=91 windows=3868 elapsed=5549s
[gpu4] [extract] RouteStick_ep360_exec windows=30 took=43.1s (1435 ms/窗) 累计 items=91 windows=3867 elapsed=5551s
[gpu5] [extract] RouteStick_ep363_exec windows=30 took=43.0s (1433 ms/窗) 累计 items=91 windows=3866 elapsed=5551s
[gpu1] [extract] RouteStick_ep366_exec windows=30 took=43.1s (1436 ms/窗) 累计 items=91 windows=3865 elapsed=5552s
[gpu6] [extract] RouteStick_ep375_exec windows=30 took=43.1s (1437 ms/窗) 累计 items=91 windows=3863 elapsed=5552s
[gpu3] [extract] RouteStick_ep371_exec windows=30 took=43.3s (1442 ms/窗) 累计 items=91 windows=3859 elapsed=5552s
[gpu0] [extract] RouteStick_ep378_exec windows=30 took=43.2s (1441 ms/窗) 累计 items=91 windows=3858 elapsed=5553s
[gpu7] [extract] RouteStick_ep380_exec windows=30 took=43.1s (1438 ms/窗) 累计 items=91 windows=3864 elapsed=5552s
[gpu2] [extract] RouteStick_ep381_exec windows=30 took=43.0s (1433 ms/窗) 累计 items=92 windows=3898 elapsed=5592s
[gpu4] [extract] RouteStick_ep386_exec windows=30 took=43.0s (1434 ms/窗) 累计 items=92 windows=3897 elapsed=5595s
[gpu5] [extract] RouteStick_ep388_exec windows=30 took=43.1s (1436 ms/窗) 累计 items=92 windows=3896 elapsed=5594s
[gpu1] [extract] RouteStick_ep390_exec windows=30 took=43.1s (1436 ms/窗) 累计 items=92 windows=3895 elapsed=5595s
[gpu6] [extract] RouteStick_ep391_exec windows=30 took=43.1s (1437 ms/窗) 累计 items=92 windows=3893 elapsed=5595s
[gpu3] [extract] RouteStick_ep396_exec windows=30 took=43.2s (1440 ms/窗) 累计 items=92 windows=3889 elapsed=5595s
[gpu0] [extract] VideoRepick_ep124_exec windows=30 took=43.2s (1441 ms/窗) 累计 items=92 windows=3888 elapsed=5596s
[gpu7] [extract] VideoRepick_ep125_exec windows=30 took=43.4s (1445 ms/窗) 累计 items=92 windows=3894 elapsed=5596s
[gpu2] [extract] VideoRepick_ep166_exec windows=30 took=43.0s (1434 ms/窗) 累计 items=93 windows=3928 elapsed=5635s
[gpu4] [extract] VideoRepick_ep178_exec windows=30 took=43.1s (1437 ms/窗) 累计 items=93 windows=3927 elapsed=5638s
[gpu5] [extract] VideoRepick_ep187_exec windows=30 took=43.0s (1435 ms/窗) 累计 items=93 windows=3926 elapsed=5637s
[gpu1] [extract] VideoRepick_ep196_exec windows=30 took=43.1s (1437 ms/窗) 累计 items=93 windows=3925 elapsed=5638s
[gpu6] [extract] VideoRepick_ep201_exec windows=30 took=43.1s (1437 ms/窗) 累计 items=93 windows=3923 elapsed=5638s
[gpu3] [extract] VideoRepick_ep210_exec windows=30 took=43.2s (1441 ms/窗) 累计 items=93 windows=3919 elapsed=5638s
[gpu0] [extract] VideoRepick_ep220_exec windows=30 took=43.2s (1440 ms/窗) 累计 items=93 windows=3918 elapsed=5639s
[gpu7] [extract] VideoRepick_ep226_exec windows=30 took=43.1s (1438 ms/窗) 累计 items=93 windows=3924 elapsed=5639s
[gpu2] [extract] VideoRepick_ep257_exec windows=30 took=43.0s (1435 ms/窗) 累计 items=94 windows=3958 elapsed=5678s
[gpu4] [extract] VideoRepick_ep258_exec windows=30 took=43.1s (1436 ms/窗) 累计 items=94 windows=3957 elapsed=5681s
[gpu5] [extract] VideoRepick_ep269_demo windows=30 took=43.1s (1435 ms/窗) 累计 items=94 windows=3956 elapsed=5680s
[gpu1] [extract] VideoRepick_ep271_demo windows=30 took=43.1s (1436 ms/窗) 累计 items=94 windows=3955 elapsed=5681s
[gpu6] [extract] VideoRepick_ep272_demo windows=30 took=43.2s (1439 ms/窗) 累计 items=94 windows=3953 elapsed=5681s
[gpu3] [extract] VideoRepick_ep274_demo windows=30 took=43.2s (1439 ms/窗) 累计 items=94 windows=3949 elapsed=5682s
[gpu0] [extract] VideoRepick_ep276_exec windows=30 took=43.3s (1442 ms/窗) 累计 items=94 windows=3948 elapsed=5682s
[gpu7] [extract] VideoRepick_ep280_demo windows=30 took=43.4s (1445 ms/窗) 累计 items=94 windows=3954 elapsed=5682s
[gpu2] [extract] VideoRepick_ep289_demo windows=30 took=43.1s (1437 ms/窗) 累计 items=95 windows=3988 elapsed=5722s
[gpu4] [extract] VideoRepick_ep28_exec windows=30 took=43.1s (1436 ms/窗) 累计 items=95 windows=3987 elapsed=5724s
[gpu5] [extract] VideoRepick_ep291_demo windows=30 took=43.1s (1436 ms/窗) 累计 items=95 windows=3986 elapsed=5723s
[gpu1] [extract] VideoRepick_ep293_exec windows=30 took=43.1s (1436 ms/窗) 累计 items=95 windows=3985 elapsed=5724s
[gpu6] [extract] VideoRepick_ep298_exec windows=30 took=43.1s (1436 ms/窗) 累计 items=95 windows=3983 elapsed=5724s
[gpu3] [extract] VideoRepick_ep300_demo windows=30 took=43.3s (1443 ms/窗) 累计 items=95 windows=3979 elapsed=5725s
[gpu0] [extract] VideoRepick_ep303_demo windows=30 took=43.3s (1442 ms/窗) 累计 items=95 windows=3978 elapsed=5726s
[gpu7] [extract] VideoRepick_ep304_demo windows=30 took=43.4s (1445 ms/窗) 累计 items=95 windows=3984 elapsed=5725s
[gpu2] [extract] VideoRepick_ep305_demo windows=30 took=43.1s (1436 ms/窗) 累计 items=96 windows=4018 elapsed=5765s
[gpu4] [extract] VideoRepick_ep306_exec windows=30 took=43.1s (1436 ms/窗) 累计 items=96 windows=4017 elapsed=5767s
[gpu5] [extract] VideoRepick_ep309_demo windows=30 took=43.0s (1434 ms/窗) 累计 items=96 windows=4016 elapsed=5766s
[gpu1] [extract] VideoRepick_ep316_demo windows=30 took=43.2s (1440 ms/窗) 累计 items=96 windows=4015 elapsed=5767s
[gpu6] [extract] VideoRepick_ep321_demo windows=30 took=43.2s (1440 ms/窗) 累计 items=96 windows=4013 elapsed=5768s
[gpu3] [extract] VideoRepick_ep322_demo windows=30 took=43.2s (1441 ms/窗) 累计 items=96 windows=4009 elapsed=5768s
[gpu0] [extract] VideoRepick_ep324_demo windows=30 took=43.3s (1444 ms/窗) 累计 items=96 windows=4008 elapsed=5769s
[gpu7] [extract] VideoRepick_ep326_demo windows=30 took=43.3s (1443 ms/窗) 累计 items=96 windows=4014 elapsed=5769s
[gpu2] [extract] VideoRepick_ep331_exec windows=30 took=43.0s (1435 ms/窗) 累计 items=97 windows=4048 elapsed=5808s
[gpu4] [extract] VideoRepick_ep333_exec windows=30 took=43.2s (1439 ms/窗) 累计 items=97 windows=4047 elapsed=5810s
[gpu5] [extract] VideoRepick_ep347_exec windows=30 took=43.1s (1436 ms/窗) 累计 items=97 windows=4046 elapsed=5809s
[gpu1] [extract] VideoRepick_ep348_demo windows=30 took=43.2s (1441 ms/窗) 累计 items=97 windows=4045 elapsed=5811s
[gpu6] [extract] VideoRepick_ep349_exec windows=30 took=43.1s (1438 ms/窗) 累计 items=97 windows=4043 elapsed=5811s
[gpu3] [extract] VideoRepick_ep34_exec windows=30 took=43.1s (1435 ms/窗) 累计 items=97 windows=4039 elapsed=5811s
[gpu0] [extract] VideoRepick_ep351_exec windows=30 took=43.3s (1444 ms/窗) 累计 items=97 windows=4038 elapsed=5812s
[gpu7] [extract] VideoRepick_ep355_demo windows=30 took=43.2s (1441 ms/窗) 累计 items=97 windows=4044 elapsed=5812s
[gpu2] [extract] VideoRepick_ep360_demo windows=30 took=42.9s (1431 ms/窗) 累计 items=98 windows=4078 elapsed=5851s
[gpu4] [extract] VideoRepick_ep366_demo windows=30 took=43.1s (1438 ms/窗) 累计 items=98 windows=4077 elapsed=5853s
[gpu5] [extract] VideoRepick_ep369_demo windows=30 took=43.3s (1442 ms/窗) 累计 items=98 windows=4076 elapsed=5853s
[gpu1] [extract] VideoRepick_ep372_demo windows=30 took=43.2s (1439 ms/窗) 累计 items=98 windows=4075 elapsed=5854s
[gpu6] [extract] VideoRepick_ep379_demo windows=30 took=43.2s (1439 ms/窗) 累计 items=98 windows=4073 elapsed=5854s
[gpu3] [extract] VideoRepick_ep382_demo windows=30 took=43.2s (1440 ms/窗) 累计 items=98 windows=4069 elapsed=5854s
[gpu0] [extract] VideoRepick_ep383_exec windows=30 took=43.2s (1441 ms/窗) 累计 items=98 windows=4068 elapsed=5855s
[gpu7] [extract] VideoRepick_ep38_exec windows=30 took=43.4s (1446 ms/窗) 累计 items=98 windows=4074 elapsed=5855s
[gpu2] [extract] VideoRepick_ep392_demo windows=30 took=43.1s (1436 ms/窗) 累计 items=99 windows=4108 elapsed=5894s
[gpu4] [extract] VideoRepick_ep396_demo windows=30 took=43.0s (1434 ms/窗) 累计 items=99 windows=4107 elapsed=5896s
[gpu5] [extract] VideoRepick_ep397_exec windows=30 took=43.1s (1435 ms/窗) 累计 items=99 windows=4106 elapsed=5896s
[gpu1] [extract] VideoRepick_ep55_exec windows=30 took=43.1s (1438 ms/窗) 累计 items=99 windows=4105 elapsed=5897s
[gpu6] [extract] VideoRepick_ep64_exec windows=30 took=43.2s (1441 ms/窗) 累计 items=99 windows=4103 elapsed=5897s
[gpu3] [extract] VideoRepick_ep6_exec windows=30 took=43.2s (1440 ms/窗) 累计 items=99 windows=4099 elapsed=5898s
[gpu0] [extract] VideoRepick_ep72_exec windows=30 took=43.2s (1441 ms/窗) 累计 items=99 windows=4098 elapsed=5899s
[gpu7] [extract] VideoRepick_ep94_exec windows=30 took=43.2s (1440 ms/窗) 累计 items=99 windows=4104 elapsed=5899s
[gpu2] [extract] BinFill_ep111_demo windows=29 took=41.6s (1436 ms/窗) 累计 items=100 windows=4137 elapsed=5935s
[gpu4] [extract] BinFill_ep112_demo windows=29 took=41.7s (1437 ms/窗) 累计 items=100 windows=4136 elapsed=5938s
[gpu5] [extract] BinFill_ep118_demo windows=29 took=41.7s (1439 ms/窗) 累计 items=100 windows=4135 elapsed=5938s
[gpu1] [extract] BinFill_ep119_exec windows=29 took=41.6s (1435 ms/窗) 累计 items=100 windows=4134 elapsed=5939s
[gpu6] [extract] BinFill_ep126_demo windows=29 took=41.7s (1438 ms/窗) 累计 items=100 windows=4132 elapsed=5939s
[gpu3] [extract] BinFill_ep140_demo windows=29 took=41.7s (1437 ms/窗) 累计 items=100 windows=4128 elapsed=5939s
[gpu0] [extract] BinFill_ep151_demo windows=29 took=41.8s (1443 ms/窗) 累计 items=100 windows=4127 elapsed=5940s
[gpu7] [extract] BinFill_ep158_demo windows=29 took=41.8s (1441 ms/窗) 累计 items=100 windows=4133 elapsed=5940s
[gpu2] [extract] BinFill_ep175_demo windows=29 took=41.7s (1436 ms/窗) 累计 items=101 windows=4166 elapsed=5977s
[gpu4] [extract] BinFill_ep17_exec windows=29 took=41.6s (1434 ms/窗) 累计 items=101 windows=4165 elapsed=5979s
[gpu5] [extract] BinFill_ep181_exec windows=29 took=41.6s (1435 ms/窗) 累计 items=101 windows=4164 elapsed=5979s
[gpu1] [extract] BinFill_ep182_demo windows=29 took=41.8s (1441 ms/窗) 累计 items=101 windows=4163 elapsed=5980s
[gpu6] [extract] BinFill_ep204_demo windows=29 took=41.7s (1439 ms/窗) 累计 items=101 windows=4161 elapsed=5981s
[gpu3] [extract] BinFill_ep209_exec windows=29 took=41.7s (1436 ms/窗) 累计 items=101 windows=4157 elapsed=5981s
[gpu0] [extract] BinFill_ep212_exec windows=29 took=41.8s (1441 ms/窗) 累计 items=101 windows=4156 elapsed=5982s
[gpu7] [extract] BinFill_ep226_demo windows=29 took=41.7s (1439 ms/窗) 累计 items=101 windows=4162 elapsed=5982s
[gpu2] [extract] BinFill_ep228_exec windows=29 took=41.6s (1433 ms/窗) 累计 items=102 windows=4195 elapsed=6019s
[gpu4] [extract] BinFill_ep235_exec windows=29 took=41.6s (1434 ms/窗) 累计 items=102 windows=4194 elapsed=6021s
[gpu5] [extract] BinFill_ep238_demo windows=29 took=41.7s (1437 ms/窗) 累计 items=102 windows=4193 elapsed=6021s
[gpu1] [extract] BinFill_ep244_exec windows=29 took=41.6s (1434 ms/窗) 累计 items=102 windows=4192 elapsed=6022s
[gpu6] [extract] BinFill_ep247_demo windows=29 took=41.7s (1438 ms/窗) 累计 items=102 windows=4190 elapsed=6022s
[gpu3] [extract] BinFill_ep259_demo windows=29 took=41.7s (1437 ms/窗) 累计 items=102 windows=4186 elapsed=6023s
[gpu7] [extract] BinFill_ep264_demo windows=29 took=41.7s (1437 ms/窗) 累计 items=102 windows=4191 elapsed=6024s
[gpu0] [extract] BinFill_ep25_exec windows=29 took=41.9s (1443 ms/窗) 累计 items=102 windows=4185 elapsed=6024s
[gpu2] [extract] BinFill_ep33_demo windows=29 took=41.7s (1437 ms/窗) 累计 items=103 windows=4224 elapsed=6060s
[gpu4] [extract] BinFill_ep35_demo windows=29 took=41.7s (1438 ms/窗) 累计 items=103 windows=4223 elapsed=6063s
[gpu5] [extract] BinFill_ep36_demo windows=29 took=41.7s (1436 ms/窗) 累计 items=103 windows=4222 elapsed=6062s
[gpu1] [extract] BinFill_ep51_exec windows=29 took=41.6s (1435 ms/窗) 累计 items=103 windows=4221 elapsed=6064s
[gpu6] [extract] BinFill_ep89_demo windows=29 took=41.7s (1438 ms/窗) 累计 items=103 windows=4219 elapsed=6064s
[gpu3] [extract] BinFill_ep8_demo windows=29 took=41.8s (1440 ms/窗) 累计 items=103 windows=4215 elapsed=6064s
[gpu7] [extract] BinFill_ep96_demo windows=29 took=41.7s (1438 ms/窗) 累计 items=103 windows=4220 elapsed=6065s
[gpu0] [extract] VideoRepick_ep101_exec windows=29 took=41.7s (1440 ms/窗) 累计 items=103 windows=4214 elapsed=6066s
[gpu2] [extract] VideoRepick_ep109_exec windows=29 took=41.6s (1434 ms/窗) 累计 items=104 windows=4253 elapsed=6102s
[gpu4] [extract] VideoRepick_ep123_exec windows=29 took=41.6s (1436 ms/窗) 累计 items=104 windows=4252 elapsed=6104s
[gpu5] [extract] VideoRepick_ep139_exec windows=29 took=41.7s (1438 ms/窗) 累计 items=104 windows=4251 elapsed=6104s
[gpu1] [extract] VideoRepick_ep16_exec windows=29 took=41.6s (1435 ms/窗) 累计 items=104 windows=4250 elapsed=6105s
[gpu6] [extract] VideoRepick_ep193_exec windows=29 took=41.7s (1436 ms/窗) 累计 items=104 windows=4248 elapsed=6106s
[gpu3] [extract] VideoRepick_ep206_exec windows=29 took=41.6s (1436 ms/窗) 累计 items=104 windows=4244 elapsed=6106s
[gpu7] [extract] VideoRepick_ep231_exec windows=29 took=41.6s (1436 ms/窗) 累计 items=104 windows=4249 elapsed=6107s
[gpu0] [extract] VideoRepick_ep235_exec windows=29 took=41.8s (1442 ms/窗) 累计 items=104 windows=4243 elapsed=6108s
[gpu2] [extract] VideoRepick_ep272_exec windows=29 took=41.5s (1432 ms/窗) 累计 items=105 windows=4282 elapsed=6143s
[gpu4] [extract] VideoRepick_ep275_demo windows=29 took=41.7s (1437 ms/窗) 累计 items=105 windows=4281 elapsed=6146s
[gpu5] [extract] VideoRepick_ep276_demo windows=29 took=41.7s (1437 ms/窗) 累计 items=105 windows=4280 elapsed=6146s
[gpu1] [extract] VideoRepick_ep277_demo windows=29 took=41.8s (1440 ms/窗) 累计 items=105 windows=4279 elapsed=6147s
[gpu6] [extract] VideoRepick_ep278_demo windows=29 took=41.8s (1440 ms/窗) 累计 items=105 windows=4277 elapsed=6147s
[gpu3] [extract] VideoRepick_ep282_demo windows=29 took=41.8s (1441 ms/窗) 累计 items=105 windows=4273 elapsed=6148s
[gpu7] [extract] VideoRepick_ep286_demo windows=29 took=41.8s (1440 ms/窗) 累计 items=105 windows=4278 elapsed=6149s
[gpu0] [extract] VideoRepick_ep287_demo windows=29 took=41.8s (1442 ms/窗) 累计 items=105 windows=4272 elapsed=6150s
[gpu2] [extract] VideoRepick_ep290_demo windows=29 took=41.6s (1434 ms/窗) 累计 items=106 windows=4311 elapsed=6185s
[gpu4] [extract] VideoRepick_ep299_exec windows=29 took=41.6s (1436 ms/窗) 累计 items=106 windows=4310 elapsed=6188s
[gpu5] [extract] VideoRepick_ep308_demo windows=29 took=41.6s (1436 ms/窗) 累计 items=106 windows=4309 elapsed=6187s
[gpu1] [extract] VideoRepick_ep310_demo windows=29 took=41.7s (1437 ms/窗) 累计 items=106 windows=4308 elapsed=6189s
[gpu6] [extract] VideoRepick_ep313_demo windows=29 took=41.7s (1439 ms/窗) 累计 items=106 windows=4306 elapsed=6189s
[gpu3] [extract] VideoRepick_ep314_demo windows=29 took=41.9s (1445 ms/窗) 累计 items=106 windows=4302 elapsed=6190s
[gpu7] [extract] VideoRepick_ep315_demo windows=29 took=41.7s (1437 ms/窗) 累计 items=106 windows=4307 elapsed=6191s
[gpu0] [extract] VideoRepick_ep320_exec windows=29 took=41.9s (1445 ms/窗) 累计 items=106 windows=4301 elapsed=6191s
[gpu2] [extract] VideoRepick_ep328_demo windows=29 took=41.7s (1437 ms/窗) 累计 items=107 windows=4340 elapsed=6227s
[gpu4] [extract] VideoRepick_ep336_demo windows=29 took=41.8s (1440 ms/窗) 累计 items=107 windows=4339 elapsed=6229s
[gpu5] [extract] VideoRepick_ep339_demo windows=29 took=41.7s (1438 ms/窗) 累计 items=107 windows=4338 elapsed=6229s
[gpu1] [extract] VideoRepick_ep340_demo windows=29 took=41.7s (1439 ms/窗) 累计 items=107 windows=4337 elapsed=6230s
[gpu6] [extract] VideoRepick_ep341_demo windows=29 took=41.7s (1438 ms/窗) 累计 items=107 windows=4335 elapsed=6231s
[gpu3] [extract] VideoRepick_ep343_demo windows=29 took=41.9s (1443 ms/窗) 累计 items=107 windows=4331 elapsed=6232s
[gpu7] [extract] VideoRepick_ep343_exec windows=29 took=41.6s (1436 ms/窗) 累计 items=107 windows=4336 elapsed=6232s
[gpu0] [extract] VideoRepick_ep344_demo windows=29 took=41.8s (1442 ms/窗) 累计 items=107 windows=4330 elapsed=6233s
[gpu2] [extract] VideoRepick_ep349_demo windows=29 took=41.6s (1435 ms/窗) 累计 items=108 windows=4369 elapsed=6268s
[gpu4] [extract] VideoRepick_ep350_demo windows=29 took=41.6s (1435 ms/窗) 累计 items=108 windows=4368 elapsed=6271s
[gpu5] [extract] VideoRepick_ep354_demo windows=29 took=41.6s (1436 ms/窗) 累计 items=108 windows=4367 elapsed=6271s
[gpu1] [extract] VideoRepick_ep356_demo windows=29 took=41.7s (1436 ms/窗) 累计 items=108 windows=4366 elapsed=6272s
[gpu6] [extract] VideoRepick_ep357_demo windows=29 took=41.7s (1439 ms/窗) 累计 items=108 windows=4364 elapsed=6273s
[gpu3] [extract] VideoRepick_ep367_demo windows=29 took=41.7s (1438 ms/窗) 累计 items=108 windows=4360 elapsed=6273s
[gpu7] [extract] VideoRepick_ep370_exec windows=29 took=41.7s (1436 ms/窗) 累计 items=108 windows=4365 elapsed=6274s
[gpu0] [extract] VideoRepick_ep376_demo windows=29 took=41.9s (1443 ms/窗) 累计 items=108 windows=4359 elapsed=6275s
[gpu2] [extract] VideoRepick_ep378_demo windows=29 took=41.6s (1435 ms/窗) 累计 items=109 windows=4398 elapsed=6310s
[gpu4] [extract] VideoRepick_ep37_exec windows=29 took=41.6s (1436 ms/窗) 累计 items=109 windows=4397 elapsed=6313s
[gpu5] [extract] VideoRepick_ep381_demo windows=29 took=41.7s (1437 ms/窗) 累计 items=109 windows=4396 elapsed=6312s
[gpu1] [extract] VideoRepick_ep385_demo windows=29 took=41.7s (1439 ms/窗) 累计 items=109 windows=4395 elapsed=6314s
[gpu6] [extract] VideoRepick_ep386_demo windows=29 took=41.7s (1440 ms/窗) 累计 items=109 windows=4393 elapsed=6314s
[gpu3] [extract] VideoRepick_ep388_exec windows=29 took=41.8s (1443 ms/窗) 累计 items=109 windows=4389 elapsed=6315s
[gpu7] [extract] VideoRepick_ep389_demo windows=29 took=41.7s (1439 ms/窗) 累计 items=109 windows=4394 elapsed=6316s
[gpu0] [extract] VideoRepick_ep391_demo windows=29 took=41.9s (1445 ms/窗) 累计 items=109 windows=4388 elapsed=6317s
[gpu2] [extract] BinFill_ep102_demo windows=28 took=40.2s (1437 ms/窗) 累计 items=110 windows=4426 elapsed=6350s
[gpu4] [extract] BinFill_ep111_exec windows=28 took=40.2s (1435 ms/窗) 累计 items=110 windows=4425 elapsed=6353s
[gpu5] [extract] BinFill_ep112_exec windows=28 took=40.2s (1434 ms/窗) 累计 items=110 windows=4424 elapsed=6353s
[gpu1] [extract] BinFill_ep118_exec windows=28 took=40.2s (1434 ms/窗) 累计 items=110 windows=4423 elapsed=6354s
[gpu6] [extract] BinFill_ep126_exec windows=28 took=40.2s (1437 ms/窗) 累计 items=110 windows=4421 elapsed=6355s
[gpu3] [extract] BinFill_ep13_demo windows=28 took=40.4s (1442 ms/窗) 累计 items=110 windows=4417 elapsed=6355s
[gpu7] [extract] BinFill_ep140_exec windows=28 took=40.2s (1435 ms/窗) 累计 items=110 windows=4422 elapsed=6356s
[gpu0] [extract] BinFill_ep143_demo windows=28 took=40.4s (1444 ms/窗) 累计 items=110 windows=4416 elapsed=6357s
[gpu2] [extract] BinFill_ep151_exec windows=28 took=40.1s (1432 ms/窗) 累计 items=111 windows=4454 elapsed=6390s
[gpu4] [extract] BinFill_ep158_exec windows=28 took=40.2s (1435 ms/窗) 累计 items=111 windows=4453 elapsed=6393s
[gpu5] [extract] BinFill_ep175_exec windows=28 took=40.2s (1435 ms/窗) 累计 items=111 windows=4452 elapsed=6393s
[gpu1] [extract] BinFill_ep182_exec windows=28 took=40.2s (1434 ms/窗) 累计 items=111 windows=4451 elapsed=6394s
[gpu6] [extract] BinFill_ep204_exec windows=28 took=40.2s (1437 ms/窗) 累计 items=111 windows=4449 elapsed=6395s
[gpu3] [extract] BinFill_ep219_demo windows=28 took=40.3s (1439 ms/窗) 累计 items=111 windows=4445 elapsed=6396s
[gpu7] [extract] BinFill_ep226_exec windows=28 took=40.4s (1441 ms/窗) 累计 items=111 windows=4450 elapsed=6396s
[gpu0] [extract] BinFill_ep227_demo windows=28 took=40.4s (1443 ms/窗) 累计 items=111 windows=4444 elapsed=6398s
[gpu2] [extract] BinFill_ep238_exec windows=28 took=40.1s (1434 ms/窗) 累计 items=112 windows=4482 elapsed=6430s
[gpu4] [extract] BinFill_ep247_exec windows=28 took=40.1s (1434 ms/窗) 累计 items=112 windows=4481 elapsed=6433s
[gpu5] [extract] BinFill_ep254_demo windows=28 took=40.2s (1437 ms/窗) 累计 items=112 windows=4480 elapsed=6433s
[gpu1] [extract] BinFill_ep258_demo windows=28 took=40.3s (1440 ms/窗) 累计 items=112 windows=4479 elapsed=6434s
[gpu6] [extract] BinFill_ep259_exec windows=28 took=40.2s (1435 ms/窗) 累计 items=112 windows=4477 elapsed=6435s
[gpu3] [extract] BinFill_ep264_exec windows=28 took=40.4s (1441 ms/窗) 累计 items=112 windows=4473 elapsed=6436s
[gpu7] [extract] BinFill_ep265_demo windows=28 took=40.3s (1439 ms/窗) 累计 items=112 windows=4478 elapsed=6436s
[gpu0] [extract] BinFill_ep33_exec windows=28 took=40.3s (1441 ms/窗) 累计 items=112 windows=4472 elapsed=6438s
[gpu2] [extract] BinFill_ep35_exec windows=28 took=40.1s (1433 ms/窗) 累计 items=113 windows=4510 elapsed=6470s
[gpu4] [extract] BinFill_ep36_exec windows=28 took=40.2s (1436 ms/窗) 累计 items=113 windows=4509 elapsed=6473s
[gpu5] [extract] BinFill_ep49_demo windows=28 took=40.3s (1438 ms/窗) 累计 items=113 windows=4508 elapsed=6473s
[gpu1] [extract] BinFill_ep65_demo windows=28 took=40.3s (1438 ms/窗) 累计 items=113 windows=4507 elapsed=6475s
[gpu6] [extract] BinFill_ep6_demo windows=28 took=40.3s (1438 ms/窗) 累计 items=113 windows=4505 elapsed=6475s
[gpu3] [extract] BinFill_ep73_demo windows=28 took=40.3s (1440 ms/窗) 累计 items=113 windows=4501 elapsed=6476s
[gpu7] [extract] BinFill_ep89_exec windows=28 took=40.1s (1434 ms/窗) 累计 items=113 windows=4506 elapsed=6477s
[gpu0] [extract] BinFill_ep8_exec windows=28 took=40.3s (1439 ms/窗) 累计 items=113 windows=4500 elapsed=6479s
[gpu2] [extract] BinFill_ep92_demo windows=28 took=40.2s (1436 ms/窗) 累计 items=114 windows=4538 elapsed=6511s
[gpu4] [extract] BinFill_ep96_exec windows=28 took=40.2s (1435 ms/窗) 累计 items=114 windows=4537 elapsed=6514s
[gpu5] [extract] RouteStick_ep302_demo windows=28 took=40.3s (1438 ms/窗) 累计 items=114 windows=4536 elapsed=6514s
[gpu1] [extract] RouteStick_ep307_demo windows=28 took=40.3s (1439 ms/窗) 累计 items=114 windows=4535 elapsed=6515s
[gpu6] [extract] RouteStick_ep308_demo windows=28 took=40.3s (1440 ms/窗) 累计 items=114 windows=4533 elapsed=6516s
[gpu3] [extract] RouteStick_ep310_demo windows=28 took=40.2s (1437 ms/窗) 累计 items=114 windows=4529 elapsed=6517s
[gpu7] [extract] RouteStick_ep314_demo windows=28 took=40.3s (1439 ms/窗) 累计 items=114 windows=4534 elapsed=6517s
[gpu0] [extract] RouteStick_ep316_demo windows=28 took=40.4s (1442 ms/窗) 累计 items=114 windows=4528 elapsed=6519s
[gpu2] [extract] RouteStick_ep318_demo windows=28 took=40.2s (1435 ms/窗) 累计 items=115 windows=4566 elapsed=6551s
[gpu4] [extract] RouteStick_ep320_demo windows=28 took=40.2s (1436 ms/窗) 累计 items=115 windows=4565 elapsed=6554s
[gpu5] [extract] RouteStick_ep326_demo windows=28 took=40.2s (1437 ms/窗) 累计 items=115 windows=4564 elapsed=6554s
[gpu1] [extract] RouteStick_ep328_demo windows=28 took=40.3s (1441 ms/窗) 累计 items=115 windows=4563 elapsed=6555s
[gpu6] [extract] RouteStick_ep330_demo windows=28 took=40.3s (1439 ms/窗) 累计 items=115 windows=4561 elapsed=6556s
[gpu3] [extract] RouteStick_ep334_demo windows=28 took=40.4s (1442 ms/窗) 累计 items=115 windows=4557 elapsed=6557s
[gpu7] [extract] RouteStick_ep337_demo windows=28 took=40.3s (1439 ms/窗) 累计 items=115 windows=4562 elapsed=6557s
[gpu0] [extract] RouteStick_ep339_demo windows=28 took=40.3s (1440 ms/窗) 累计 items=115 windows=4556 elapsed=6559s
[gpu2] [extract] RouteStick_ep341_demo windows=28 took=40.2s (1436 ms/窗) 累计 items=116 windows=4594 elapsed=6591s
[gpu4] [extract] RouteStick_ep345_demo windows=28 took=40.2s (1437 ms/窗) 累计 items=116 windows=4593 elapsed=6594s
[gpu5] [extract] RouteStick_ep351_demo windows=28 took=40.3s (1439 ms/窗) 累计 items=116 windows=4592 elapsed=6594s
[gpu1] [extract] RouteStick_ep354_demo windows=28 took=40.3s (1440 ms/窗) 累计 items=116 windows=4591 elapsed=6596s
[gpu6] [extract] RouteStick_ep357_demo windows=28 took=40.3s (1440 ms/窗) 累计 items=116 windows=4589 elapsed=6596s
[gpu3] [extract] RouteStick_ep362_demo windows=28 took=40.3s (1438 ms/窗) 累计 items=116 windows=4585 elapsed=6597s
[gpu7] [extract] RouteStick_ep364_demo windows=28 took=40.3s (1440 ms/窗) 累计 items=116 windows=4590 elapsed=6597s
[gpu0] [extract] RouteStick_ep365_demo windows=28 took=40.3s (1441 ms/窗) 累计 items=116 windows=4584 elapsed=6600s
[gpu2] [extract] RouteStick_ep368_demo windows=28 took=40.2s (1436 ms/窗) 累计 items=117 windows=4622 elapsed=6631s
[gpu4] [extract] RouteStick_ep373_demo windows=28 took=40.2s (1437 ms/窗) 累计 items=117 windows=4621 elapsed=6634s
[gpu5] [extract] RouteStick_ep376_demo windows=28 took=40.2s (1437 ms/窗) 累计 items=117 windows=4620 elapsed=6634s
[gpu1] [extract] RouteStick_ep377_demo windows=28 took=40.3s (1438 ms/窗) 累计 items=117 windows=4619 elapsed=6636s
[gpu6] [extract] RouteStick_ep379_demo windows=28 took=40.3s (1440 ms/窗) 累计 items=117 windows=4617 elapsed=6636s
[gpu3] [extract] RouteStick_ep382_demo windows=28 took=40.4s (1445 ms/窗) 累计 items=117 windows=4613 elapsed=6638s
[gpu7] [extract] RouteStick_ep383_demo windows=28 took=40.3s (1440 ms/窗) 累计 items=117 windows=4618 elapsed=6638s
[gpu0] [extract] RouteStick_ep389_demo windows=28 took=40.5s (1445 ms/窗) 累计 items=117 windows=4612 elapsed=6640s
[gpu2] [extract] RouteStick_ep392_demo windows=28 took=40.2s (1436 ms/窗) 累计 items=118 windows=4650 elapsed=6672s
[gpu4] [extract] RouteStick_ep397_demo windows=28 took=40.2s (1436 ms/窗) 累计 items=118 windows=4649 elapsed=6675s
[gpu5] [extract] RouteStick_ep399_demo windows=28 took=40.2s (1436 ms/窗) 累计 items=118 windows=4648 elapsed=6675s
[gpu1] [extract] VideoRepick_ep137_exec windows=28 took=40.2s (1437 ms/窗) 累计 items=118 windows=4647 elapsed=6676s
[gpu6] [extract] VideoRepick_ep293_demo windows=28 took=40.2s (1436 ms/窗) 累计 items=118 windows=4645 elapsed=6677s
[gpu3] [extract] VideoRepick_ep295_demo windows=28 took=40.3s (1440 ms/窗) 累计 items=118 windows=4641 elapsed=6678s
[gpu7] [extract] VideoRepick_ep311_demo windows=28 took=40.3s (1439 ms/窗) 累计 items=118 windows=4646 elapsed=6678s
[gpu0] [extract] VideoRepick_ep370_demo windows=28 took=40.4s (1441 ms/窗) 累计 items=118 windows=4640 elapsed=6680s
[gpu2] [extract] VideoRepick_ep399_demo windows=28 took=40.2s (1436 ms/窗) 累计 items=119 windows=4678 elapsed=6712s
[gpu4] [extract] BinFill_ep102_exec windows=27 took=38.7s (1433 ms/窗) 累计 items=119 windows=4676 elapsed=6713s
[gpu5] [extract] BinFill_ep103_demo windows=27 took=38.9s (1440 ms/窗) 累计 items=119 windows=4675 elapsed=6713s
[gpu1] [extract] BinFill_ep130_demo windows=27 took=38.9s (1442 ms/窗) 累计 items=119 windows=4674 elapsed=6715s
[gpu6] [extract] BinFill_ep13_exec windows=27 took=38.7s (1435 ms/窗) 累计 items=119 windows=4672 elapsed=6715s
[gpu3] [extract] BinFill_ep143_exec windows=27 took=38.8s (1437 ms/窗) 累计 items=119 windows=4668 elapsed=6717s
[gpu7] [extract] BinFill_ep156_demo windows=27 took=38.8s (1439 ms/窗) 累计 items=119 windows=4673 elapsed=6717s
[gpu0] [extract] BinFill_ep166_demo windows=27 took=39.1s (1446 ms/窗) 累计 items=119 windows=4667 elapsed=6719s
[gpu2] [extract] BinFill_ep173_demo windows=27 took=38.8s (1436 ms/窗) 累计 items=120 windows=4705 elapsed=6750s
[gpu4] [extract] BinFill_ep174_demo windows=27 took=38.8s (1437 ms/窗) 累计 items=120 windows=4703 elapsed=6752s
[gpu5] [extract] BinFill_ep192_demo windows=27 took=38.9s (1439 ms/窗) 累计 items=120 windows=4702 elapsed=6752s
[gpu1] [extract] BinFill_ep198_demo windows=27 took=38.9s (1443 ms/窗) 累计 items=120 windows=4701 elapsed=6754s
[gpu6] [extract] BinFill_ep206_demo windows=27 took=38.8s (1438 ms/窗) 累计 items=120 windows=4699 elapsed=6754s
[gpu3] [extract] BinFill_ep213_demo windows=27 took=38.8s (1438 ms/窗) 累计 items=120 windows=4695 elapsed=6756s
[gpu7] [extract] BinFill_ep219_exec windows=27 took=39.0s (1443 ms/窗) 累计 items=120 windows=4700 elapsed=6756s
[gpu0] [extract] BinFill_ep227_exec windows=27 took=38.9s (1439 ms/窗) 累计 items=120 windows=4694 elapsed=6758s
[gpu2] [extract] BinFill_ep254_exec windows=27 took=38.7s (1433 ms/窗) 累计 items=121 windows=4732 elapsed=6789s
[gpu4] [extract] BinFill_ep258_exec windows=27 took=38.7s (1433 ms/窗) 累计 items=121 windows=4730 elapsed=6791s
[gpu5] [extract] BinFill_ep265_exec windows=27 took=38.8s (1437 ms/窗) 累计 items=121 windows=4729 elapsed=6791s
[gpu1] [extract] BinFill_ep49_exec windows=27 took=38.8s (1436 ms/窗) 累计 items=121 windows=4728 elapsed=6793s
[gpu6] [extract] BinFill_ep52_demo windows=27 took=38.8s (1439 ms/窗) 累计 items=121 windows=4726 elapsed=6793s
[gpu3] [extract] BinFill_ep59_demo windows=27 took=38.9s (1439 ms/窗) 累计 items=121 windows=4722 elapsed=6795s
[gpu7] [extract] BinFill_ep60_demo windows=27 took=39.0s (1445 ms/窗) 累计 items=121 windows=4727 elapsed=6795s
[gpu0] [extract] BinFill_ep65_exec windows=27 took=38.9s (1440 ms/窗) 累计 items=121 windows=4721 elapsed=6797s
[gpu2] [extract] BinFill_ep6_exec windows=27 took=38.7s (1433 ms/窗) 累计 items=122 windows=4759 elapsed=6828s
[gpu4] [extract] BinFill_ep70_demo windows=27 took=38.8s (1438 ms/窗) 累计 items=122 windows=4757 elapsed=6830s
[gpu5] [extract] BinFill_ep73_exec windows=27 took=38.7s (1435 ms/窗) 累计 items=122 windows=4756 elapsed=6830s
[gpu1] [extract] BinFill_ep7_demo windows=27 took=38.9s (1441 ms/窗) 累计 items=122 windows=4755 elapsed=6832s
[gpu6] [extract] BinFill_ep83_demo windows=27 took=38.8s (1438 ms/窗) 累计 items=122 windows=4753 elapsed=6832s
[gpu3] [extract] BinFill_ep92_exec windows=27 took=38.7s (1434 ms/窗) 累计 items=122 windows=4749 elapsed=6833s
[gpu7] [extract] RouteStick_ep302_exec windows=27 took=38.8s (1436 ms/窗) 累计 items=122 windows=4754 elapsed=6834s
[gpu0] [extract] RouteStick_ep307_exec windows=27 took=38.9s (1440 ms/窗) 累计 items=122 windows=4748 elapsed=6836s
[gpu2] [extract] RouteStick_ep308_exec windows=27 took=38.7s (1433 ms/窗) 累计 items=123 windows=4786 elapsed=6867s
[gpu4] [extract] RouteStick_ep310_exec windows=27 took=38.7s (1434 ms/窗) 累计 items=123 windows=4784 elapsed=6868s
[gpu5] [extract] RouteStick_ep314_exec windows=27 took=38.7s (1434 ms/窗) 累计 items=123 windows=4783 elapsed=6869s
[gpu1] [extract] RouteStick_ep316_exec windows=27 took=38.8s (1436 ms/窗) 累计 items=123 windows=4782 elapsed=6871s
[gpu6] [extract] RouteStick_ep318_exec windows=27 took=38.7s (1434 ms/窗) 累计 items=123 windows=4780 elapsed=6871s
[gpu3] [extract] RouteStick_ep320_exec windows=27 took=38.7s (1434 ms/窗) 累计 items=123 windows=4776 elapsed=6872s
[gpu7] [extract] RouteStick_ep326_exec windows=27 took=38.9s (1440 ms/窗) 累计 items=123 windows=4781 elapsed=6872s
[gpu0] [extract] RouteStick_ep328_exec windows=27 took=38.8s (1438 ms/窗) 累计 items=123 windows=4775 elapsed=6875s
[gpu2] [extract] RouteStick_ep330_exec windows=27 took=38.7s (1433 ms/窗) 累计 items=124 windows=4813 elapsed=6905s
[gpu4] [extract] RouteStick_ep334_exec windows=27 took=38.7s (1434 ms/窗) 累计 items=124 windows=4811 elapsed=6907s
[gpu5] [extract] RouteStick_ep337_exec windows=27 took=38.8s (1436 ms/窗) 累计 items=124 windows=4810 elapsed=6907s
[gpu1] [extract] RouteStick_ep339_exec windows=27 took=38.8s (1437 ms/窗) 累计 items=124 windows=4809 elapsed=6909s
[gpu6] [extract] RouteStick_ep341_exec windows=27 took=38.7s (1435 ms/窗) 累计 items=124 windows=4807 elapsed=6909s
[gpu3] [extract] RouteStick_ep345_exec windows=27 took=38.7s (1434 ms/窗) 累计 items=124 windows=4803 elapsed=6911s
[gpu7] [extract] RouteStick_ep351_exec windows=27 took=38.8s (1439 ms/窗) 累计 items=124 windows=4808 elapsed=6911s
[gpu0] [extract] RouteStick_ep354_exec windows=27 took=38.9s (1440 ms/窗) 累计 items=124 windows=4802 elapsed=6914s
[gpu2] [extract] RouteStick_ep357_exec windows=27 took=38.7s (1433 ms/窗) 累计 items=125 windows=4840 elapsed=6944s
[gpu4] [extract] RouteStick_ep362_exec windows=27 took=38.7s (1433 ms/窗) 累计 items=125 windows=4838 elapsed=6946s
[gpu5] [extract] RouteStick_ep364_exec windows=27 took=38.7s (1434 ms/窗) 累计 items=125 windows=4837 elapsed=6946s
[gpu1] [extract] RouteStick_ep365_exec windows=27 took=38.7s (1435 ms/窗) 累计 items=125 windows=4836 elapsed=6948s
[gpu6] [extract] RouteStick_ep368_exec windows=27 took=38.8s (1437 ms/窗) 累计 items=125 windows=4834 elapsed=6948s
[gpu3] [extract] RouteStick_ep373_exec windows=27 took=38.8s (1438 ms/窗) 累计 items=125 windows=4830 elapsed=6950s
[gpu7] [extract] RouteStick_ep376_exec windows=27 took=38.8s (1436 ms/窗) 累计 items=125 windows=4835 elapsed=6950s
[gpu0] [extract] RouteStick_ep377_exec windows=27 took=38.9s (1440 ms/窗) 累计 items=125 windows=4829 elapsed=6953s
[gpu2] [extract] RouteStick_ep379_exec windows=27 took=38.7s (1433 ms/窗) 累计 items=126 windows=4867 elapsed=6983s
[gpu4] [extract] RouteStick_ep382_exec windows=27 took=38.7s (1434 ms/窗) 累计 items=126 windows=4865 elapsed=6984s
[gpu5] [extract] RouteStick_ep383_exec windows=27 took=38.8s (1435 ms/窗) 累计 items=126 windows=4864 elapsed=6985s
[gpu1] [extract] RouteStick_ep389_exec windows=27 took=38.7s (1435 ms/窗) 累计 items=126 windows=4863 elapsed=6987s
[gpu6] [extract] RouteStick_ep392_exec windows=27 took=38.8s (1435 ms/窗) 累计 items=126 windows=4861 elapsed=6987s
[gpu3] [extract] RouteStick_ep397_exec windows=27 took=38.8s (1436 ms/窗) 累计 items=126 windows=4857 elapsed=6988s
[gpu7] [extract] RouteStick_ep399_exec windows=27 took=38.8s (1436 ms/窗) 累计 items=126 windows=4862 elapsed=6989s
[gpu0] [extract] VideoRepick_ep135_exec windows=27 took=38.9s (1440 ms/窗) 累计 items=126 windows=4856 elapsed=6992s
[gpu2] [extract] VideoRepick_ep1_exec windows=27 took=38.7s (1435 ms/窗) 累计 items=127 windows=4894 elapsed=7021s
[gpu4] [extract] VideoRepick_ep273_demo windows=27 took=38.8s (1438 ms/窗) 累计 items=127 windows=4892 elapsed=7023s
[gpu5] [extract] VideoRepick_ep281_demo windows=27 took=38.8s (1437 ms/窗) 累计 items=127 windows=4891 elapsed=7024s
[gpu1] [extract] VideoRepick_ep284_demo windows=27 took=38.8s (1438 ms/窗) 累计 items=127 windows=4890 elapsed=7026s
[gpu6] [extract] VideoRepick_ep292_demo windows=27 took=38.8s (1438 ms/窗) 累计 items=127 windows=4888 elapsed=7026s
[gpu3] [extract] VideoRepick_ep298_demo windows=27 took=38.9s (1440 ms/窗) 累计 items=127 windows=4884 elapsed=7027s
[gpu7] [extract] VideoRepick_ep301_demo windows=27 took=39.0s (1444 ms/窗) 累计 items=127 windows=4889 elapsed=7028s
[gpu0] [extract] VideoRepick_ep307_demo windows=27 took=38.9s (1442 ms/窗) 累计 items=127 windows=4883 elapsed=7031s
[gpu2] [extract] VideoRepick_ep337_demo windows=27 took=38.8s (1436 ms/窗) 累计 items=128 windows=4921 elapsed=7060s
[gpu4] [extract] VideoRepick_ep338_demo windows=27 took=38.8s (1436 ms/窗) 累计 items=128 windows=4919 elapsed=7062s
[gpu5] [extract] VideoRepick_ep364_demo windows=27 took=38.8s (1436 ms/窗) 累计 items=128 windows=4918 elapsed=7062s
[gpu1] [extract] VideoRepick_ep368_demo windows=27 took=38.9s (1439 ms/窗) 累计 items=128 windows=4917 elapsed=7065s
[gpu6] [extract] VideoRepick_ep380_demo windows=27 took=38.8s (1437 ms/窗) 累计 items=128 windows=4915 elapsed=7065s
[gpu3] [extract] VideoRepick_ep388_demo windows=27 took=38.8s (1435 ms/窗) 累计 items=128 windows=4911 elapsed=7066s
[gpu7] [extract] VideoRepick_ep390_demo windows=27 took=38.8s (1437 ms/窗) 累计 items=128 windows=4916 elapsed=7067s
[gpu0] [extract] VideoRepick_ep393_demo windows=27 took=38.9s (1440 ms/窗) 累计 items=128 windows=4910 elapsed=7069s
[gpu2] [extract] VideoRepick_ep395_demo windows=27 took=38.9s (1441 ms/窗) 累计 items=129 windows=4948 elapsed=7099s
[gpu5] [extract] BinFill_ep103_exec windows=26 took=37.3s (1434 ms/窗) 累计 items=129 windows=4944 elapsed=7100s
[gpu4] [extract] VideoRepick_ep397_demo windows=27 took=38.8s (1437 ms/窗) 累计 items=129 windows=4946 elapsed=7101s
[gpu1] [extract] BinFill_ep115_demo windows=26 took=37.4s (1438 ms/窗) 累计 items=129 windows=4943 elapsed=7102s
[gpu6] [extract] BinFill_ep130_exec windows=26 took=37.4s (1437 ms/窗) 累计 items=129 windows=4941 elapsed=7102s
[gpu3] [extract] BinFill_ep131_demo windows=26 took=37.5s (1441 ms/窗) 累计 items=129 windows=4937 elapsed=7103s
[gpu7] [extract] BinFill_ep146_demo windows=26 took=37.4s (1439 ms/窗) 累计 items=129 windows=4942 elapsed=7104s
[gpu0] [extract] BinFill_ep156_exec windows=26 took=37.5s (1441 ms/窗) 累计 items=129 windows=4936 elapsed=7107s
[gpu2] [extract] BinFill_ep166_exec windows=26 took=37.3s (1434 ms/窗) 累计 items=130 windows=4974 elapsed=7136s
[gpu5] [extract] BinFill_ep16_demo windows=26 took=37.4s (1440 ms/窗) 累计 items=130 windows=4970 elapsed=7137s
[gpu4] [extract] BinFill_ep173_exec windows=26 took=37.3s (1433 ms/窗) 累计 items=130 windows=4972 elapsed=7138s
[gpu1] [extract] BinFill_ep174_exec windows=26 took=37.4s (1439 ms/窗) 累计 items=130 windows=4969 elapsed=7139s
[gpu6] [extract] BinFill_ep192_exec windows=26 took=37.4s (1437 ms/窗) 累计 items=130 windows=4967 elapsed=7139s
[gpu3] [extract] BinFill_ep198_exec windows=26 took=37.3s (1434 ms/窗) 累计 items=130 windows=4963 elapsed=7141s
[gpu7] [extract] BinFill_ep206_exec windows=26 took=37.3s (1435 ms/窗) 累计 items=130 windows=4968 elapsed=7141s
[gpu0] [extract] BinFill_ep213_exec windows=26 took=37.4s (1440 ms/窗) 累计 items=130 windows=4962 elapsed=7144s
[gpu2] [extract] BinFill_ep23_demo windows=26 took=37.4s (1437 ms/窗) 累计 items=131 windows=5000 elapsed=7174s
[gpu5] [extract] BinFill_ep243_demo windows=26 took=37.4s (1439 ms/窗) 累计 items=131 windows=4996 elapsed=7175s
[gpu4] [extract] BinFill_ep38_demo windows=26 took=37.4s (1437 ms/窗) 累计 items=131 windows=4998 elapsed=7175s
[gpu1] [extract] BinFill_ep52_exec windows=26 took=37.3s (1435 ms/窗) 累计 items=131 windows=4995 elapsed=7177s
[gpu6] [extract] BinFill_ep59_exec windows=26 took=37.3s (1436 ms/窗) 累计 items=131 windows=4993 elapsed=7177s
[gpu3] [extract] BinFill_ep60_exec windows=26 took=37.4s (1439 ms/窗) 累计 items=131 windows=4989 elapsed=7178s
[gpu7] [extract] BinFill_ep69_demo windows=26 took=37.4s (1440 ms/窗) 累计 items=131 windows=4994 elapsed=7179s
[gpu0] [extract] BinFill_ep70_exec windows=26 took=37.4s (1439 ms/窗) 累计 items=131 windows=4988 elapsed=7182s
[gpu2] [extract] BinFill_ep7_exec windows=26 took=37.3s (1434 ms/窗) 累计 items=132 windows=5026 elapsed=7211s
[gpu5] [extract] BinFill_ep83_exec windows=26 took=37.3s (1433 ms/窗) 累计 items=132 windows=5022 elapsed=7212s
[gpu4] [extract] VideoRepick_ep0_exec windows=26 took=37.3s (1434 ms/窗) 累计 items=132 windows=5024 elapsed=7213s
[gpu1] [extract] VideoRepick_ep267_demo windows=26 took=37.4s (1437 ms/窗) 累计 items=132 windows=5021 elapsed=7214s
[gpu6] [extract] VideoRepick_ep268_demo windows=26 took=37.4s (1439 ms/窗) 累计 items=132 windows=5019 elapsed=7214s
[gpu3] [extract] VideoRepick_ep268_exec windows=26 took=37.3s (1434 ms/窗) 累计 items=132 windows=5015 elapsed=7215s
[gpu7] [extract] VideoRepick_ep270_demo windows=26 took=37.4s (1437 ms/窗) 累计 items=132 windows=5020 elapsed=7216s
[gpu0] [extract] VideoRepick_ep279_demo windows=26 took=37.4s (1437 ms/窗) 累计 items=132 windows=5014 elapsed=7219s
[gpu2] [extract] VideoRepick_ep283_demo windows=26 took=37.3s (1436 ms/窗) 累计 items=133 windows=5052 elapsed=7248s
[gpu5] [extract] VideoRepick_ep285_demo windows=26 took=37.4s (1438 ms/窗) 累计 items=133 windows=5048 elapsed=7249s
[gpu4] [extract] VideoRepick_ep288_demo windows=26 took=37.4s (1437 ms/窗) 累计 items=133 windows=5050 elapsed=7250s
[gpu1] [extract] VideoRepick_ep294_demo windows=26 took=37.4s (1439 ms/窗) 累计 items=133 windows=5047 elapsed=7251s
[gpu6] [extract] VideoRepick_ep296_demo windows=26 took=37.4s (1437 ms/窗) 累计 items=133 windows=5045 elapsed=7252s
[gpu3] [extract] VideoRepick_ep302_demo windows=26 took=37.4s (1440 ms/窗) 累计 items=133 windows=5041 elapsed=7253s
[gpu7] [extract] VideoRepick_ep306_demo windows=26 took=37.4s (1437 ms/窗) 累计 items=133 windows=5046 elapsed=7254s
[gpu0] [extract] VideoRepick_ep312_demo windows=26 took=37.5s (1442 ms/窗) 累计 items=133 windows=5040 elapsed=7257s
[gpu2] [extract] VideoRepick_ep317_demo windows=26 took=37.3s (1435 ms/窗) 累计 items=134 windows=5078 elapsed=7286s
[gpu5] [extract] VideoRepick_ep318_demo windows=26 took=37.3s (1436 ms/窗) 累计 items=134 windows=5074 elapsed=7287s
[gpu4] [extract] VideoRepick_ep319_demo windows=26 took=37.4s (1438 ms/窗) 累计 items=134 windows=5076 elapsed=7288s
[gpu1] [extract] VideoRepick_ep320_demo windows=26 took=37.4s (1440 ms/窗) 累计 items=134 windows=5073 elapsed=7289s
[gpu6] [extract] VideoRepick_ep323_demo windows=26 took=37.4s (1438 ms/窗) 累计 items=134 windows=5071 elapsed=7289s
[gpu3] [extract] VideoRepick_ep325_demo windows=26 took=37.4s (1438 ms/窗) 累计 items=134 windows=5067 elapsed=7290s
[gpu7] [extract] VideoRepick_ep330_demo windows=26 took=37.4s (1439 ms/窗) 累计 items=134 windows=5072 elapsed=7291s
[gpu0] [extract] VideoRepick_ep331_demo windows=26 took=37.6s (1445 ms/窗) 累计 items=134 windows=5066 elapsed=7294s
[gpu2] [extract] VideoRepick_ep332_demo windows=26 took=37.5s (1441 ms/窗) 累计 items=135 windows=5104 elapsed=7323s
[gpu5] [extract] VideoRepick_ep333_demo windows=26 took=37.3s (1435 ms/窗) 累计 items=135 windows=5100 elapsed=7324s
[gpu4] [extract] VideoRepick_ep335_demo windows=26 took=37.4s (1439 ms/窗) 累计 items=135 windows=5102 elapsed=7325s
[gpu1] [extract] VideoRepick_ep342_demo windows=26 took=37.4s (1439 ms/窗) 累计 items=135 windows=5099 elapsed=7326s
[gpu6] [extract] VideoRepick_ep345_demo windows=26 took=37.4s (1439 ms/窗) 累计 items=135 windows=5097 elapsed=7326s
[gpu3] [extract] VideoRepick_ep346_demo windows=26 took=37.5s (1441 ms/窗) 累计 items=135 windows=5093 elapsed=7328s
[gpu7] [extract] VideoRepick_ep347_demo windows=26 took=37.4s (1437 ms/窗) 累计 items=135 windows=5098 elapsed=7328s
[gpu0] [extract] VideoRepick_ep351_demo windows=26 took=37.4s (1440 ms/窗) 累计 items=135 windows=5092 elapsed=7332s
[gpu2] [extract] VideoRepick_ep352_demo windows=26 took=37.3s (1436 ms/窗) 累计 items=136 windows=5130 elapsed=7360s
[gpu5] [extract] VideoRepick_ep353_demo windows=26 took=37.3s (1434 ms/窗) 累计 items=136 windows=5126 elapsed=7361s
[gpu4] [extract] VideoRepick_ep358_demo windows=26 took=37.4s (1438 ms/窗) 累计 items=136 windows=5128 elapsed=7362s
[gpu1] [extract] VideoRepick_ep359_demo windows=26 took=37.4s (1440 ms/窗) 累计 items=136 windows=5125 elapsed=7364s
[gpu6] [extract] VideoRepick_ep363_demo windows=26 took=37.4s (1438 ms/窗) 累计 items=136 windows=5123 elapsed=7364s
[gpu3] [extract] VideoRepick_ep371_demo windows=26 took=37.4s (1438 ms/窗) 累计 items=136 windows=5119 elapsed=7365s
[gpu7] [extract] VideoRepick_ep373_demo windows=26 took=37.4s (1438 ms/窗) 累计 items=136 windows=5124 elapsed=7366s
[gpu0] [extract] VideoRepick_ep375_demo windows=26 took=37.5s (1443 ms/窗) 累计 items=136 windows=5118 elapsed=7369s
[gpu2] [extract] VideoRepick_ep377_demo windows=26 took=37.3s (1435 ms/窗) 累计 items=137 windows=5156 elapsed=7398s
[gpu5] [extract] VideoRepick_ep383_demo windows=26 took=37.3s (1434 ms/窗) 累计 items=137 windows=5152 elapsed=7398s
[gpu4] [extract] VideoRepick_ep384_demo windows=26 took=37.3s (1436 ms/窗) 累计 items=137 windows=5154 elapsed=7400s
[gpu1] [extract] VideoRepick_ep387_demo windows=26 took=37.4s (1438 ms/窗) 累计 items=137 windows=5151 elapsed=7401s
[gpu3] [extract] BinFill_ep115_exec windows=25 took=36.0s (1439 ms/窗) 累计 items=137 windows=5144 elapsed=7401s
[gpu6] [extract] VideoRepick_ep398_demo windows=26 took=37.4s (1439 ms/窗) 累计 items=137 windows=5149 elapsed=7401s
[gpu7] [extract] BinFill_ep125_demo windows=25 took=36.0s (1439 ms/窗) 累计 items=137 windows=5149 elapsed=7402s
[gpu0] [extract] BinFill_ep131_exec windows=25 took=36.1s (1443 ms/窗) 累计 items=137 windows=5143 elapsed=7405s
[gpu2] [extract] BinFill_ep146_exec windows=25 took=35.8s (1432 ms/窗) 累计 items=138 windows=5181 elapsed=7434s
[gpu5] [extract] BinFill_ep165_demo windows=25 took=35.9s (1438 ms/窗) 累计 items=138 windows=5177 elapsed=7434s
[gpu4] [extract] BinFill_ep16_exec windows=25 took=35.9s (1434 ms/窗) 累计 items=138 windows=5179 elapsed=7436s
[gpu1] [extract] BinFill_ep221_demo windows=25 took=36.1s (1443 ms/窗) 累计 items=138 windows=5176 elapsed=7437s
[gpu6] [extract] BinFill_ep23_exec windows=25 took=35.9s (1436 ms/窗) 累计 items=138 windows=5174 elapsed=7437s
[gpu3] [extract] BinFill_ep239_demo windows=25 took=36.2s (1447 ms/窗) 累计 items=138 windows=5169 elapsed=7437s
[gpu7] [extract] BinFill_ep243_exec windows=25 took=35.9s (1436 ms/窗) 累计 items=138 windows=5174 elapsed=7438s
[gpu0] [extract] BinFill_ep38_exec windows=25 took=36.0s (1439 ms/窗) 累计 items=138 windows=5168 elapsed=7441s
[gpu2] [extract] BinFill_ep69_exec windows=25 took=35.8s (1433 ms/窗) 累计 items=139 windows=5206 elapsed=7469s
[gpu5] [extract] VideoRepick_ep131_exec windows=25 took=35.9s (1436 ms/窗) 累计 items=139 windows=5202 elapsed=7470s
[gpu4] [extract] VideoRepick_ep175_exec windows=25 took=35.9s (1435 ms/窗) 累计 items=139 windows=5204 elapsed=7471s
[gpu1] [extract] VideoRepick_ep283_exec windows=25 took=35.9s (1434 ms/窗) 累计 items=139 windows=5201 elapsed=7473s
[gpu6] [extract] VideoRepick_ep299_demo windows=25 took=35.9s (1438 ms/窗) 累计 items=139 windows=5199 elapsed=7473s
[gpu3] [extract] VideoRepick_ep361_exec windows=25 took=36.0s (1441 ms/窗) 累计 items=139 windows=5194 elapsed=7473s
[gpu7] [extract] VideoRepick_ep365_demo windows=25 took=35.9s (1436 ms/窗) 累计 items=139 windows=5199 elapsed=7474s
[gpu0] [extract] BinFill_ep125_exec windows=24 took=34.6s (1441 ms/窗) 累计 items=139 windows=5192 elapsed=7476s
[gpu2] [extract] BinFill_ep165_exec windows=24 took=34.4s (1432 ms/窗) 累计 items=140 windows=5230 elapsed=7504s
[gpu5] [extract] BinFill_ep172_demo windows=24 took=34.5s (1439 ms/窗) 累计 items=140 windows=5226 elapsed=7505s
[gpu4] [extract] BinFill_ep196_demo windows=24 took=34.5s (1439 ms/窗) 累计 items=140 windows=5228 elapsed=7506s
[gpu1] [extract] BinFill_ep221_exec windows=24 took=34.5s (1436 ms/窗) 累计 items=140 windows=5225 elapsed=7508s
[gpu6] [extract] BinFill_ep239_exec windows=24 took=34.5s (1436 ms/窗) 累计 items=140 windows=5223 elapsed=7508s
[gpu3] [extract] RouteStick_ep301_demo windows=24 took=34.6s (1443 ms/窗) 累计 items=140 windows=5218 elapsed=7508s
[gpu7] [extract] RouteStick_ep303_demo windows=24 took=34.6s (1443 ms/窗) 累计 items=140 windows=5223 elapsed=7508s
[gpu0] [extract] RouteStick_ep304_demo windows=24 took=34.7s (1445 ms/窗) 累计 items=140 windows=5216 elapsed=7510s
[gpu2] [extract] RouteStick_ep309_demo windows=24 took=34.5s (1436 ms/窗) 累计 items=141 windows=5254 elapsed=7538s
[gpu5] [extract] RouteStick_ep311_demo windows=24 took=34.5s (1437 ms/窗) 累计 items=141 windows=5250 elapsed=7539s
[gpu4] [extract] RouteStick_ep317_demo windows=24 took=34.5s (1437 ms/窗) 累计 items=141 windows=5252 elapsed=7540s
[gpu1] [extract] RouteStick_ep321_demo windows=24 took=34.6s (1440 ms/窗) 累计 items=141 windows=5249 elapsed=7542s
[gpu6] [extract] RouteStick_ep322_demo windows=24 took=34.5s (1439 ms/窗) 累计 items=141 windows=5247 elapsed=7542s
[gpu3] [extract] RouteStick_ep323_demo windows=24 took=34.5s (1438 ms/窗) 累计 items=141 windows=5242 elapsed=7542s
[gpu7] [extract] RouteStick_ep325_demo windows=24 took=34.5s (1439 ms/窗) 累计 items=141 windows=5247 elapsed=7543s
[gpu0] [extract] RouteStick_ep329_demo windows=24 took=34.6s (1443 ms/窗) 累计 items=141 windows=5240 elapsed=7545s
[gpu2] [extract] RouteStick_ep331_demo windows=24 took=34.5s (1436 ms/窗) 累计 items=142 windows=5278 elapsed=7573s
[gpu5] [extract] RouteStick_ep338_demo windows=24 took=34.5s (1436 ms/窗) 累计 items=142 windows=5274 elapsed=7574s
[gpu4] [extract] RouteStick_ep340_demo windows=24 took=34.5s (1437 ms/窗) 累计 items=142 windows=5276 elapsed=7575s
[gpu6] [extract] RouteStick_ep344_demo windows=24 took=34.5s (1439 ms/窗) 累计 items=142 windows=5271 elapsed=7577s
[gpu1] [extract] RouteStick_ep342_demo windows=24 took=34.6s (1443 ms/窗) 累计 items=142 windows=5273 elapsed=7577s
[gpu3] [extract] RouteStick_ep347_demo windows=24 took=34.6s (1443 ms/窗) 累计 items=142 windows=5266 elapsed=7577s
[gpu7] [extract] RouteStick_ep349_demo windows=24 took=34.6s (1443 ms/窗) 累计 items=142 windows=5271 elapsed=7577s
[gpu0] [extract] RouteStick_ep355_demo windows=24 took=34.7s (1444 ms/窗) 累计 items=142 windows=5264 elapsed=7580s
[gpu2] [extract] RouteStick_ep356_demo windows=24 took=34.5s (1437 ms/窗) 累计 items=143 windows=5302 elapsed=7607s
[gpu5] [extract] RouteStick_ep359_demo windows=24 took=34.5s (1438 ms/窗) 累计 items=143 windows=5298 elapsed=7608s
[gpu4] [extract] RouteStick_ep361_demo windows=24 took=34.6s (1441 ms/窗) 累计 items=143 windows=5300 elapsed=7610s
[gpu6] [extract] RouteStick_ep367_demo windows=24 took=34.6s (1440 ms/窗) 累计 items=143 windows=5295 elapsed=7611s
[gpu1] [extract] RouteStick_ep369_demo windows=24 took=34.6s (1440 ms/窗) 累计 items=143 windows=5297 elapsed=7611s
[gpu3] [extract] RouteStick_ep370_demo windows=24 took=34.6s (1442 ms/窗) 累计 items=143 windows=5290 elapsed=7612s
[gpu7] [extract] RouteStick_ep372_demo windows=24 took=34.5s (1439 ms/窗) 累计 items=143 windows=5295 elapsed=7612s
[gpu0] [extract] RouteStick_ep374_demo windows=24 took=34.6s (1443 ms/窗) 累计 items=143 windows=5288 elapsed=7614s
[gpu2] [extract] RouteStick_ep384_demo windows=24 took=34.5s (1437 ms/窗) 累计 items=144 windows=5326 elapsed=7642s
[gpu5] [extract] RouteStick_ep385_demo windows=24 took=34.5s (1438 ms/窗) 累计 items=144 windows=5322 elapsed=7643s
[gpu4] [extract] RouteStick_ep387_demo windows=24 took=34.5s (1439 ms/窗) 累计 items=144 windows=5324 elapsed=7644s
[gpu6] [extract] RouteStick_ep393_demo windows=24 took=34.6s (1440 ms/窗) 累计 items=144 windows=5319 elapsed=7646s
[gpu1] [extract] RouteStick_ep394_demo windows=24 took=34.5s (1439 ms/窗) 累计 items=144 windows=5321 elapsed=7646s
[gpu3] [extract] RouteStick_ep395_demo windows=24 took=34.5s (1438 ms/窗) 累计 items=144 windows=5314 elapsed=7646s
[gpu7] [extract] RouteStick_ep398_demo windows=24 took=34.6s (1443 ms/窗) 累计 items=144 windows=5319 elapsed=7647s
[gpu0] [extract] VideoRepick_ep12_exec windows=24 took=34.6s (1442 ms/窗) 累计 items=144 windows=5312 elapsed=7649s
[gpu2] [extract] VideoRepick_ep133_exec windows=24 took=34.4s (1435 ms/窗) 累计 items=145 windows=5350 elapsed=7676s
[gpu5] [extract] VideoRepick_ep134_demo windows=24 took=34.4s (1435 ms/窗) 累计 items=145 windows=5346 elapsed=7677s
[gpu4] [extract] VideoRepick_ep13_exec windows=24 took=34.5s (1436 ms/窗) 累计 items=145 windows=5348 elapsed=7679s
[gpu1] [extract] VideoRepick_ep167_exec windows=24 took=34.5s (1437 ms/窗) 累计 items=145 windows=5345 elapsed=7680s
[gpu6] [extract] VideoRepick_ep146_demo windows=24 took=34.5s (1439 ms/窗) 累计 items=145 windows=5343 elapsed=7680s
[gpu3] [extract] VideoRepick_ep173_exec windows=24 took=34.6s (1442 ms/窗) 累计 items=145 windows=5338 elapsed=7681s
[gpu7] [extract] VideoRepick_ep17_exec windows=24 took=34.5s (1438 ms/窗) 累计 items=145 windows=5343 elapsed=7681s
[gpu0] [extract] VideoRepick_ep182_exec windows=24 took=34.7s (1444 ms/窗) 累计 items=145 windows=5336 elapsed=7684s
[gpu2] [extract] VideoRepick_ep184_demo windows=24 took=34.5s (1438 ms/窗) 累计 items=146 windows=5374 elapsed=7711s
[gpu5] [extract] VideoRepick_ep188_exec windows=24 took=34.5s (1438 ms/窗) 累计 items=146 windows=5370 elapsed=7712s
[gpu4] [extract] VideoRepick_ep197_exec windows=24 took=34.5s (1436 ms/窗) 累计 items=146 windows=5372 elapsed=7713s
[gpu1] [extract] VideoRepick_ep204_exec windows=24 took=34.5s (1436 ms/窗) 累计 items=146 windows=5369 elapsed=7715s
[gpu6] [extract] VideoRepick_ep20_exec windows=24 took=34.5s (1437 ms/窗) 累计 items=146 windows=5367 elapsed=7715s
[gpu3] [extract] VideoRepick_ep227_exec windows=24 took=34.5s (1437 ms/窗) 累计 items=146 windows=5362 elapsed=7715s
[gpu7] [extract] VideoRepick_ep228_exec windows=24 took=34.6s (1441 ms/窗) 累计 items=146 windows=5367 elapsed=7716s
[gpu0] [extract] VideoRepick_ep238_exec windows=24 took=34.6s (1442 ms/窗) 累计 items=146 windows=5360 elapsed=7718s
[gpu2] [extract] VideoRepick_ep244_exec windows=24 took=34.4s (1435 ms/窗) 累计 items=147 windows=5398 elapsed=7745s
[gpu5] [extract] VideoRepick_ep245_demo windows=24 took=34.5s (1436 ms/窗) 累计 items=147 windows=5394 elapsed=7746s
[gpu4] [extract] VideoRepick_ep256_demo windows=24 took=34.4s (1434 ms/窗) 累计 items=147 windows=5396 elapsed=7747s
[gpu1] [extract] VideoRepick_ep260_exec windows=24 took=34.5s (1436 ms/窗) 累计 items=147 windows=5393 elapsed=7749s
[gpu6] [extract] VideoRepick_ep264_exec windows=24 took=34.5s (1438 ms/窗) 累计 items=147 windows=5391 elapsed=7749s
[gpu3] [extract] VideoRepick_ep280_exec windows=24 took=34.5s (1438 ms/窗) 累计 items=147 windows=5386 elapsed=7750s
[gpu7] [extract] VideoRepick_ep284_exec windows=24 took=34.6s (1440 ms/窗) 累计 items=147 windows=5391 elapsed=7750s
[gpu0] [extract] VideoRepick_ep291_exec windows=24 took=34.5s (1438 ms/窗) 累计 items=147 windows=5384 elapsed=7753s
[gpu2] [extract] VideoRepick_ep295_exec windows=24 took=34.4s (1433 ms/窗) 累计 items=148 windows=5422 elapsed=7780s
[gpu5] [extract] VideoRepick_ep305_exec windows=24 took=34.4s (1433 ms/窗) 累计 items=148 windows=5418 elapsed=7781s
[gpu4] [extract] VideoRepick_ep307_exec windows=24 took=34.5s (1437 ms/窗) 累计 items=148 windows=5420 elapsed=7782s
[gpu1] [extract] VideoRepick_ep30_exec windows=24 took=34.5s (1439 ms/窗) 累计 items=148 windows=5417 elapsed=7784s
[gpu6] [extract] VideoRepick_ep322_exec windows=24 took=34.5s (1436 ms/窗) 累计 items=148 windows=5415 elapsed=7784s
[gpu3] [extract] VideoRepick_ep327_exec windows=24 took=34.4s (1434 ms/窗) 累计 items=148 windows=5410 elapsed=7784s
[gpu7] [extract] VideoRepick_ep338_exec windows=24 took=34.5s (1437 ms/窗) 累计 items=148 windows=5415 elapsed=7785s
[gpu0] [extract] VideoRepick_ep356_exec windows=24 took=34.6s (1444 ms/窗) 累计 items=148 windows=5408 elapsed=7787s
[gpu2] [extract] VideoRepick_ep366_exec windows=24 took=34.4s (1433 ms/窗) 累计 items=149 windows=5446 elapsed=7814s
[gpu5] [extract] VideoRepick_ep382_exec windows=24 took=34.5s (1437 ms/窗) 累计 items=149 windows=5442 elapsed=7815s
[gpu4] [extract] VideoRepick_ep391_exec windows=24 took=34.4s (1434 ms/窗) 累计 items=149 windows=5444 elapsed=7816s
[gpu1] [extract] VideoRepick_ep47_exec windows=24 took=34.5s (1438 ms/窗) 累计 items=149 windows=5441 elapsed=7818s
[gpu6] [extract] VideoRepick_ep50_exec windows=24 took=34.5s (1438 ms/窗) 累计 items=149 windows=5439 elapsed=7818s
[gpu3] [extract] VideoRepick_ep73_exec windows=24 took=34.5s (1440 ms/窗) 累计 items=149 windows=5434 elapsed=7819s
[gpu7] [extract] VideoRepick_ep85_exec windows=24 took=34.6s (1442 ms/窗) 累计 items=149 windows=5439 elapsed=7819s
[gpu0] [extract] BinFill_ep172_exec windows=23 took=33.1s (1441 ms/窗) 累计 items=149 windows=5431 elapsed=7821s
[gpu2] [extract] BinFill_ep196_exec windows=23 took=33.0s (1433 ms/窗) 累计 items=150 windows=5469 elapsed=7847s
[gpu5] [extract] RouteStick_ep301_exec windows=23 took=33.0s (1434 ms/窗) 累计 items=150 windows=5465 elapsed=7848s
[gpu4] [extract] RouteStick_ep303_exec windows=23 took=33.0s (1437 ms/窗) 累计 items=150 windows=5467 elapsed=7849s
[gpu6] [extract] RouteStick_ep309_exec windows=23 took=33.0s (1436 ms/窗) 累计 items=150 windows=5462 elapsed=7851s
[gpu1] [extract] RouteStick_ep304_exec windows=23 took=33.1s (1438 ms/窗) 累计 items=150 windows=5464 elapsed=7851s
[gpu3] [extract] RouteStick_ep311_exec windows=23 took=33.0s (1435 ms/窗) 累计 items=150 windows=5457 elapsed=7852s
[gpu7] [extract] RouteStick_ep317_exec windows=23 took=33.1s (1439 ms/窗) 累计 items=150 windows=5462 elapsed=7852s
[gpu0] [extract] RouteStick_ep321_exec windows=23 took=33.1s (1439 ms/窗) 累计 items=150 windows=5454 elapsed=7854s
[gpu2] [extract] RouteStick_ep322_exec windows=23 took=33.0s (1434 ms/窗) 累计 items=151 windows=5492 elapsed=7880s
[gpu5] [extract] RouteStick_ep323_exec windows=23 took=33.0s (1434 ms/窗) 累计 items=151 windows=5488 elapsed=7881s
[gpu4] [extract] RouteStick_ep325_exec windows=23 took=33.0s (1435 ms/窗) 累计 items=151 windows=5490 elapsed=7882s
[gpu6] [extract] RouteStick_ep329_exec windows=23 took=33.0s (1437 ms/窗) 累计 items=151 windows=5485 elapsed=7884s
[gpu1] [extract] RouteStick_ep331_exec windows=23 took=33.0s (1435 ms/窗) 累计 items=151 windows=5487 elapsed=7884s
[gpu3] [extract] RouteStick_ep338_exec windows=23 took=33.1s (1441 ms/窗) 累计 items=151 windows=5480 elapsed=7885s
[gpu7] [extract] RouteStick_ep340_exec windows=23 took=33.0s (1436 ms/窗) 累计 items=151 windows=5485 elapsed=7885s
[gpu0] [extract] RouteStick_ep342_exec windows=23 took=33.1s (1438 ms/窗) 累计 items=151 windows=5477 elapsed=7887s
[gpu2] [extract] RouteStick_ep344_exec windows=23 took=33.0s (1433 ms/窗) 累计 items=152 windows=5515 elapsed=7913s
[gpu5] [extract] RouteStick_ep347_exec windows=23 took=33.0s (1434 ms/窗) 累计 items=152 windows=5511 elapsed=7914s
[gpu4] [extract] RouteStick_ep349_exec windows=23 took=33.0s (1436 ms/窗) 累计 items=152 windows=5513 elapsed=7915s
[gpu6] [extract] RouteStick_ep355_exec windows=23 took=33.0s (1436 ms/窗) 累计 items=152 windows=5508 elapsed=7917s
[gpu1] [extract] RouteStick_ep356_exec windows=23 took=33.1s (1437 ms/窗) 累计 items=152 windows=5510 elapsed=7918s
[gpu3] [extract] RouteStick_ep359_exec windows=23 took=33.0s (1434 ms/窗) 累计 items=152 windows=5503 elapsed=7918s
[gpu7] [extract] RouteStick_ep361_exec windows=23 took=33.0s (1435 ms/窗) 累计 items=152 windows=5508 elapsed=7918s
[gpu0] [extract] RouteStick_ep367_exec windows=23 took=33.1s (1439 ms/窗) 累计 items=152 windows=5500 elapsed=7920s
[gpu2] [extract] RouteStick_ep369_exec windows=23 took=33.0s (1434 ms/窗) 累计 items=153 windows=5538 elapsed=7946s
[gpu5] [extract] RouteStick_ep370_exec windows=23 took=33.0s (1434 ms/窗) 累计 items=153 windows=5534 elapsed=7947s
[gpu4] [extract] RouteStick_ep372_exec windows=23 took=33.0s (1433 ms/窗) 累计 items=153 windows=5536 elapsed=7948s
[gpu6] [extract] RouteStick_ep374_exec windows=23 took=33.0s (1435 ms/窗) 累计 items=153 windows=5531 elapsed=7950s
[gpu1] [extract] RouteStick_ep384_exec windows=23 took=33.1s (1438 ms/窗) 累计 items=153 windows=5533 elapsed=7951s
[gpu3] [extract] RouteStick_ep385_exec windows=23 took=33.1s (1438 ms/窗) 累计 items=153 windows=5526 elapsed=7951s
[gpu7] [extract] RouteStick_ep387_exec windows=23 took=33.0s (1434 ms/窗) 累计 items=153 windows=5531 elapsed=7951s
[gpu0] [extract] RouteStick_ep393_exec windows=23 took=33.1s (1440 ms/窗) 累计 items=153 windows=5523 elapsed=7953s
[gpu2] [extract] RouteStick_ep394_exec windows=23 took=33.0s (1434 ms/窗) 累计 items=154 windows=5561 elapsed=7979s
[gpu5] [extract] RouteStick_ep395_exec windows=23 took=33.0s (1435 ms/窗) 累计 items=154 windows=5557 elapsed=7980s
[gpu4] [extract] RouteStick_ep398_exec windows=23 took=33.0s (1436 ms/窗) 累计 items=154 windows=5559 elapsed=7981s
[gpu6] [extract] VideoRepick_ep100_exec windows=23 took=33.1s (1438 ms/窗) 累计 items=154 windows=5554 elapsed=7983s
[gpu1] [extract] VideoRepick_ep108_exec windows=23 took=33.1s (1438 ms/窗) 累计 items=154 windows=5556 elapsed=7984s
[gpu3] [extract] VideoRepick_ep120_exec windows=23 took=33.1s (1439 ms/窗) 累计 items=154 windows=5549 elapsed=7984s
[gpu7] [extract] VideoRepick_ep136_demo windows=23 took=33.0s (1436 ms/窗) 累计 items=154 windows=5554 elapsed=7984s
[gpu0] [extract] VideoRepick_ep142_demo windows=23 took=33.2s (1443 ms/窗) 累计 items=154 windows=5546 elapsed=7986s
[gpu2] [extract] VideoRepick_ep148_demo windows=23 took=33.0s (1434 ms/窗) 累计 items=155 windows=5584 elapsed=8012s
[gpu5] [extract] VideoRepick_ep149_demo windows=23 took=33.0s (1437 ms/窗) 累计 items=155 windows=5580 elapsed=8013s
[gpu4] [extract] VideoRepick_ep14_exec windows=23 took=33.0s (1436 ms/窗) 累计 items=155 windows=5582 elapsed=8014s
[gpu6] [extract] VideoRepick_ep151_demo windows=23 took=33.1s (1440 ms/窗) 累计 items=155 windows=5577 elapsed=8017s
[gpu1] [extract] VideoRepick_ep151_exec windows=23 took=33.1s (1437 ms/窗) 累计 items=155 windows=5579 elapsed=8017s
[gpu3] [extract] VideoRepick_ep153_demo windows=23 took=33.2s (1443 ms/窗) 累计 items=155 windows=5572 elapsed=8017s
[gpu7] [extract] VideoRepick_ep155_demo windows=23 took=33.2s (1442 ms/窗) 累计 items=155 windows=5577 elapsed=8018s
[gpu0] [extract] VideoRepick_ep157_demo windows=23 took=33.2s (1444 ms/窗) 累计 items=155 windows=5569 elapsed=8019s
[gpu2] [extract] VideoRepick_ep158_demo windows=23 took=33.0s (1436 ms/窗) 累计 items=156 windows=5607 elapsed=8045s
[gpu5] [extract] VideoRepick_ep158_exec windows=23 took=33.0s (1433 ms/窗) 累计 items=156 windows=5603 elapsed=8046s
[gpu4] [extract] VideoRepick_ep161_exec windows=23 took=33.1s (1440 ms/窗) 累计 items=156 windows=5605 elapsed=8048s
[gpu6] [extract] VideoRepick_ep162_demo windows=23 took=33.1s (1437 ms/窗) 累计 items=156 windows=5600 elapsed=8050s
[gpu1] [extract] VideoRepick_ep166_demo windows=23 took=33.1s (1440 ms/窗) 累计 items=156 windows=5602 elapsed=8050s
[gpu3] [extract] VideoRepick_ep167_demo windows=23 took=33.1s (1441 ms/窗) 累计 items=156 windows=5595 elapsed=8050s
[gpu7] [extract] VideoRepick_ep169_demo windows=23 took=33.1s (1440 ms/窗) 累计 items=156 windows=5600 elapsed=8051s
[gpu0] [extract] VideoRepick_ep169_exec windows=23 took=33.1s (1440 ms/窗) 累计 items=156 windows=5592 elapsed=8052s
[gpu2] [extract] VideoRepick_ep170_demo windows=23 took=33.0s (1435 ms/窗) 累计 items=157 windows=5630 elapsed=8078s
[gpu5] [extract] VideoRepick_ep174_exec windows=23 took=33.0s (1436 ms/窗) 累计 items=157 windows=5626 elapsed=8079s
[gpu4] [extract] VideoRepick_ep175_demo windows=23 took=33.0s (1436 ms/窗) 累计 items=157 windows=5628 elapsed=8081s
[gpu6] [extract] VideoRepick_ep179_demo windows=23 took=33.1s (1437 ms/窗) 累计 items=157 windows=5623 elapsed=8083s
[gpu1] [extract] VideoRepick_ep180_demo windows=23 took=33.1s (1439 ms/窗) 累计 items=157 windows=5625 elapsed=8083s
[gpu3] [extract] VideoRepick_ep184_exec windows=23 took=33.0s (1437 ms/窗) 累计 items=157 windows=5618 elapsed=8083s
[gpu7] [extract] VideoRepick_ep187_demo windows=23 took=33.2s (1442 ms/窗) 累计 items=157 windows=5623 elapsed=8084s
[gpu0] [extract] VideoRepick_ep188_demo windows=23 took=33.2s (1442 ms/窗) 累计 items=157 windows=5615 elapsed=8086s
[gpu2] [extract] VideoRepick_ep190_demo windows=23 took=33.1s (1437 ms/窗) 累计 items=158 windows=5653 elapsed=8111s
[gpu5] [extract] VideoRepick_ep191_demo windows=23 took=33.1s (1437 ms/窗) 累计 items=158 windows=5649 elapsed=8112s
[gpu4] [extract] VideoRepick_ep194_demo windows=23 took=33.3s (1449 ms/窗) 累计 items=158 windows=5651 elapsed=8114s
[gpu6] [extract] VideoRepick_ep195_exec windows=23 took=33.1s (1439 ms/窗) 累计 items=158 windows=5646 elapsed=8116s
[gpu1] [extract] VideoRepick_ep197_demo windows=23 took=33.1s (1438 ms/窗) 累计 items=158 windows=5648 elapsed=8116s
[gpu3] [extract] VideoRepick_ep199_demo windows=23 took=33.1s (1441 ms/窗) 累计 items=158 windows=5641 elapsed=8117s
[gpu7] [extract] VideoRepick_ep199_exec windows=23 took=33.0s (1434 ms/窗) 累计 items=158 windows=5646 elapsed=8117s
[gpu0] [extract] VideoRepick_ep202_demo windows=23 took=33.2s (1441 ms/窗) 累计 items=158 windows=5638 elapsed=8119s
[gpu2] [extract] VideoRepick_ep202_exec windows=23 took=33.0s (1433 ms/窗) 累计 items=159 windows=5676 elapsed=8144s
[gpu5] [extract] VideoRepick_ep203_demo windows=23 took=33.1s (1441 ms/窗) 累计 items=159 windows=5672 elapsed=8145s
[gpu4] [extract] VideoRepick_ep204_demo windows=23 took=33.1s (1437 ms/窗) 累计 items=159 windows=5674 elapsed=8147s
[gpu6] [extract] VideoRepick_ep206_demo windows=23 took=33.1s (1437 ms/窗) 累计 items=159 windows=5669 elapsed=8149s
[gpu1] [extract] VideoRepick_ep208_exec windows=23 took=33.0s (1437 ms/窗) 累计 items=159 windows=5671 elapsed=8149s
[gpu3] [extract] VideoRepick_ep212_demo windows=23 took=33.1s (1438 ms/窗) 累计 items=159 windows=5664 elapsed=8150s
[gpu7] [extract] VideoRepick_ep214_demo windows=23 took=33.1s (1438 ms/窗) 累计 items=159 windows=5669 elapsed=8150s
[gpu0] [extract] VideoRepick_ep215_demo windows=23 took=33.2s (1443 ms/窗) 累计 items=159 windows=5661 elapsed=8152s
[gpu2] [extract] VideoRepick_ep217_exec windows=23 took=33.2s (1442 ms/窗) 累计 items=160 windows=5699 elapsed=8177s
[gpu5] [extract] VideoRepick_ep218_demo windows=23 took=33.3s (1447 ms/窗) 累计 items=160 windows=5695 elapsed=8179s
[gpu4] [extract] VideoRepick_ep219_demo windows=23 took=33.1s (1439 ms/窗) 累计 items=160 windows=5697 elapsed=8180s
[gpu6] [extract] VideoRepick_ep221_demo windows=23 took=33.1s (1439 ms/窗) 累计 items=160 windows=5692 elapsed=8182s
[gpu1] [extract] VideoRepick_ep223_demo windows=23 took=33.1s (1438 ms/窗) 累计 items=160 windows=5694 elapsed=8182s
[gpu3] [extract] VideoRepick_ep224_exec windows=23 took=33.4s (1453 ms/窗) 累计 items=160 windows=5687 elapsed=8183s
[gpu7] [extract] VideoRepick_ep225_demo windows=23 took=33.1s (1441 ms/窗) 累计 items=160 windows=5692 elapsed=8183s
[gpu0] [extract] VideoRepick_ep230_exec windows=23 took=33.2s (1442 ms/窗) 累计 items=160 windows=5684 elapsed=8185s
[gpu2] [extract] VideoRepick_ep232_exec windows=23 took=33.2s (1444 ms/窗) 累计 items=161 windows=5722 elapsed=8210s
[gpu5] [extract] VideoRepick_ep234_demo windows=23 took=33.2s (1442 ms/窗) 累计 items=161 windows=5718 elapsed=8212s
[gpu4] [extract] VideoRepick_ep237_demo windows=23 took=33.1s (1440 ms/窗) 累计 items=161 windows=5720 elapsed=8213s
[gpu6] [extract] VideoRepick_ep238_demo windows=23 took=33.1s (1437 ms/窗) 累计 items=161 windows=5715 elapsed=8215s
[gpu1] [extract] VideoRepick_ep23_exec windows=23 took=33.1s (1441 ms/窗) 累计 items=161 windows=5717 elapsed=8215s
[gpu3] [extract] VideoRepick_ep241_demo windows=23 took=33.1s (1438 ms/窗) 累计 items=161 windows=5710 elapsed=8216s
[gpu7] [extract] VideoRepick_ep247_exec windows=23 took=33.1s (1438 ms/窗) 累计 items=161 windows=5715 elapsed=8216s
[gpu0] [extract] VideoRepick_ep251_demo windows=23 took=33.1s (1438 ms/窗) 累计 items=161 windows=5707 elapsed=8218s
[gpu2] [extract] VideoRepick_ep252_exec windows=23 took=33.0s (1435 ms/窗) 累计 items=162 windows=5745 elapsed=8243s
[gpu5] [extract] VideoRepick_ep254_exec windows=23 took=33.1s (1440 ms/窗) 累计 items=162 windows=5741 elapsed=8245s
[gpu4] [extract] VideoRepick_ep257_demo windows=23 took=33.0s (1435 ms/窗) 累计 items=162 windows=5743 elapsed=8246s
[gpu6] [extract] VideoRepick_ep263_demo windows=23 took=33.1s (1438 ms/窗) 累计 items=162 windows=5738 elapsed=8248s
[gpu1] [extract] VideoRepick_ep265_demo windows=23 took=33.1s (1441 ms/窗) 累计 items=162 windows=5740 elapsed=8248s
[gpu3] [extract] VideoRepick_ep266_demo windows=23 took=33.2s (1443 ms/窗) 累计 items=162 windows=5733 elapsed=8249s
[gpu7] [extract] VideoRepick_ep278_exec windows=23 took=33.3s (1449 ms/窗) 累计 items=162 windows=5738 elapsed=8249s
[gpu0] [extract] VideoRepick_ep297_exec windows=23 took=33.0s (1435 ms/窗) 累计 items=162 windows=5730 elapsed=8251s
[gpu2] [extract] VideoRepick_ep300_exec windows=23 took=33.0s (1435 ms/窗) 累计 items=163 windows=5768 elapsed=8276s
[gpu5] [extract] VideoRepick_ep321_exec windows=23 took=33.0s (1435 ms/窗) 累计 items=163 windows=5764 elapsed=8278s
[gpu4] [extract] VideoRepick_ep340_exec windows=23 took=33.0s (1437 ms/窗) 累计 items=163 windows=5766 elapsed=8279s
[gpu6] [extract] VideoRepick_ep342_exec windows=23 took=33.0s (1436 ms/窗) 累计 items=163 windows=5761 elapsed=8281s
[gpu1] [extract] VideoRepick_ep35_exec windows=23 took=33.1s (1438 ms/窗) 累计 items=163 windows=5763 elapsed=8282s
[gpu3] [extract] VideoRepick_ep367_exec windows=23 took=33.0s (1436 ms/窗) 累计 items=163 windows=5756 elapsed=8282s
[gpu7] [extract] VideoRepick_ep369_exec windows=23 took=33.2s (1442 ms/窗) 累计 items=163 windows=5761 elapsed=8283s
[gpu0] [extract] VideoRepick_ep374_exec windows=23 took=33.4s (1453 ms/窗) 累计 items=163 windows=5753 elapsed=8285s
[gpu2] [extract] VideoRepick_ep392_exec windows=23 took=33.0s (1434 ms/窗) 累计 items=164 windows=5791 elapsed=8309s
[gpu5] [extract] VideoRepick_ep394_exec windows=23 took=33.0s (1435 ms/窗) 累计 items=164 windows=5787 elapsed=8311s
[gpu4] [extract] VideoRepick_ep395_exec windows=23 took=33.0s (1436 ms/窗) 累计 items=164 windows=5789 elapsed=8312s
[gpu6] [extract] VideoRepick_ep398_exec windows=23 took=33.1s (1439 ms/窗) 累计 items=164 windows=5784 elapsed=8314s
[gpu1] [extract] VideoRepick_ep42_exec windows=23 took=33.0s (1436 ms/窗) 累计 items=164 windows=5786 elapsed=8315s
[gpu3] [extract] VideoRepick_ep58_exec windows=23 took=33.0s (1434 ms/窗) 累计 items=164 windows=5779 elapsed=8315s
[gpu7] [extract] VideoRepick_ep74_exec windows=23 took=33.1s (1438 ms/窗) 累计 items=164 windows=5784 elapsed=8316s
[gpu0] [extract] VideoRepick_ep78_exec windows=23 took=33.2s (1445 ms/窗) 累计 items=164 windows=5776 elapsed=8318s
[gpu2] [extract] VideoRepick_ep87_exec windows=23 took=33.0s (1434 ms/窗) 累计 items=165 windows=5814 elapsed=8342s
[gpu5] [extract] VideoRepick_ep91_exec windows=23 took=33.1s (1440 ms/窗) 累计 items=165 windows=5810 elapsed=8344s
[gpu4] [extract] VideoRepick_ep95_exec windows=23 took=33.1s (1438 ms/窗) 累计 items=165 windows=5812 elapsed=8345s
[gpu1] [extract] BinFill_ep1_demo windows=22 took=31.7s (1443 ms/窗) 累计 items=165 windows=5808 elapsed=8346s
[gpu3] [extract] VideoRepick_ep106_exec windows=22 took=31.6s (1436 ms/窗) 累计 items=165 windows=5801 elapsed=8347s
[gpu6] [extract] VideoRepick_ep97_exec windows=23 took=33.0s (1436 ms/窗) 累计 items=165 windows=5807 elapsed=8347s
[gpu7] [extract] VideoRepick_ep112_exec windows=22 took=31.6s (1437 ms/窗) 累计 items=165 windows=5806 elapsed=8347s
[gpu0] [extract] VideoRepick_ep129_exec windows=22 took=31.8s (1445 ms/窗) 累计 items=165 windows=5798 elapsed=8350s
[gpu2] [extract] VideoRepick_ep140_demo windows=22 took=31.6s (1437 ms/窗) 累计 items=166 windows=5836 elapsed=8374s
[gpu5] [extract] VideoRepick_ep141_demo windows=22 took=31.6s (1436 ms/窗) 累计 items=166 windows=5832 elapsed=8376s
[gpu4] [extract] VideoRepick_ep143_exec windows=22 took=31.6s (1439 ms/窗) 累计 items=166 windows=5834 elapsed=8377s
[gpu1] [extract] VideoRepick_ep144_exec windows=22 took=31.7s (1439 ms/窗) 累计 items=166 windows=5830 elapsed=8378s
[gpu3] [extract] VideoRepick_ep153_exec windows=22 took=31.5s (1434 ms/窗) 累计 items=166 windows=5823 elapsed=8379s
[gpu6] [extract] VideoRepick_ep154_exec windows=22 took=31.6s (1437 ms/窗) 累计 items=166 windows=5829 elapsed=8379s
[gpu7] [extract] VideoRepick_ep168_exec windows=22 took=31.7s (1442 ms/窗) 累计 items=166 windows=5828 elapsed=8379s
[gpu0] [extract] VideoRepick_ep176_demo windows=22 took=31.6s (1438 ms/窗) 累计 items=166 windows=5820 elapsed=8381s
[gpu2] [extract] VideoRepick_ep178_demo windows=22 took=31.5s (1434 ms/窗) 累计 items=167 windows=5858 elapsed=8405s
[gpu5] [extract] VideoRepick_ep189_demo windows=22 took=31.6s (1437 ms/窗) 累计 items=167 windows=5854 elapsed=8407s
[gpu4] [extract] VideoRepick_ep190_exec windows=22 took=31.6s (1435 ms/窗) 累计 items=167 windows=5856 elapsed=8409s
[gpu1] [extract] VideoRepick_ep200_demo windows=22 took=31.6s (1438 ms/窗) 累计 items=167 windows=5852 elapsed=8410s
[gpu3] [extract] VideoRepick_ep212_exec windows=22 took=31.6s (1436 ms/窗) 累计 items=167 windows=5845 elapsed=8410s
[gpu6] [extract] VideoRepick_ep216_exec windows=22 took=31.6s (1437 ms/窗) 累计 items=167 windows=5851 elapsed=8411s
[gpu7] [extract] VideoRepick_ep227_demo windows=22 took=31.7s (1441 ms/窗) 累计 items=167 windows=5850 elapsed=8411s
[gpu0] [extract] VideoRepick_ep230_demo windows=22 took=31.9s (1449 ms/窗) 累计 items=167 windows=5842 elapsed=8413s
[gpu2] [extract] VideoRepick_ep232_demo windows=22 took=31.5s (1434 ms/窗) 累计 items=168 windows=5880 elapsed=8437s
[gpu5] [extract] VideoRepick_ep234_exec windows=22 took=31.5s (1433 ms/窗) 累计 items=168 windows=5876 elapsed=8439s
[gpu4] [extract] VideoRepick_ep240_demo windows=22 took=31.6s (1437 ms/窗) 累计 items=168 windows=5878 elapsed=8440s
[gpu1] [extract] VideoRepick_ep241_exec windows=22 took=31.5s (1434 ms/窗) 累计 items=168 windows=5874 elapsed=8441s
[gpu3] [extract] VideoRepick_ep247_demo windows=22 took=31.7s (1439 ms/窗) 累计 items=168 windows=5867 elapsed=8442s
[gpu6] [extract] VideoRepick_ep252_demo windows=22 took=31.6s (1438 ms/窗) 累计 items=168 windows=5873 elapsed=8442s
[gpu7] [extract] VideoRepick_ep253_demo windows=22 took=31.6s (1438 ms/窗) 累计 items=168 windows=5872 elapsed=8442s
[gpu0] [extract] VideoRepick_ep259_exec windows=22 took=31.7s (1441 ms/窗) 累计 items=168 windows=5864 elapsed=8445s
[gpu2] [extract] VideoRepick_ep261_demo windows=22 took=31.6s (1436 ms/窗) 累计 items=169 windows=5902 elapsed=8469s
[gpu5] [extract] VideoRepick_ep265_exec windows=22 took=31.6s (1435 ms/窗) 累计 items=169 windows=5898 elapsed=8470s
[gpu4] [extract] VideoRepick_ep26_exec windows=22 took=31.6s (1434 ms/窗) 累计 items=169 windows=5900 elapsed=8472s
[gpu1] [extract] VideoRepick_ep273_exec windows=22 took=31.6s (1436 ms/窗) 累计 items=169 windows=5896 elapsed=8473s
[gpu3] [extract] VideoRepick_ep289_exec windows=22 took=31.7s (1442 ms/窗) 累计 items=169 windows=5889 elapsed=8474s
[gpu6] [extract] VideoRepick_ep311_exec windows=22 took=31.6s (1436 ms/窗) 累计 items=169 windows=5895 elapsed=8474s
[gpu7] [extract] VideoRepick_ep325_exec windows=22 took=31.7s (1440 ms/窗) 累计 items=169 windows=5894 elapsed=8474s
[gpu0] [extract] VideoRepick_ep330_exec windows=22 took=31.6s (1437 ms/窗) 累计 items=169 windows=5886 elapsed=8477s
[gpu2] [extract] VideoRepick_ep334_exec windows=22 took=31.5s (1434 ms/窗) 累计 items=170 windows=5924 elapsed=8500s
[gpu5] [extract] VideoRepick_ep33_demo windows=22 took=31.6s (1435 ms/窗) 累计 items=170 windows=5920 elapsed=8502s
[gpu4] [extract] VideoRepick_ep341_exec windows=22 took=31.5s (1434 ms/窗) 累计 items=170 windows=5922 elapsed=8503s
[gpu1] [extract] VideoRepick_ep345_exec windows=22 took=31.7s (1439 ms/窗) 累计 items=170 windows=5918 elapsed=8504s
[gpu3] [extract] VideoRepick_ep357_exec windows=22 took=31.6s (1435 ms/窗) 累计 items=170 windows=5911 elapsed=8505s
[gpu6] [extract] VideoRepick_ep358_exec windows=22 took=31.6s (1436 ms/窗) 累计 items=170 windows=5917 elapsed=8505s
[gpu7] [extract] VideoRepick_ep381_exec windows=22 took=31.7s (1439 ms/窗) 累计 items=170 windows=5916 elapsed=8506s
[gpu0] [extract] VideoRepick_ep385_exec windows=22 took=31.7s (1441 ms/窗) 累计 items=170 windows=5908 elapsed=8508s
[gpu2] [extract] VideoRepick_ep40_exec windows=22 took=31.6s (1437 ms/窗) 累计 items=171 windows=5946 elapsed=8532s
[gpu5] [extract] VideoRepick_ep41_exec windows=22 took=31.6s (1436 ms/窗) 累计 items=171 windows=5942 elapsed=8533s
[gpu4] [extract] VideoRepick_ep48_exec windows=22 took=31.6s (1434 ms/窗) 累计 items=171 windows=5944 elapsed=8535s
[gpu1] [extract] VideoRepick_ep4_exec windows=22 took=31.6s (1435 ms/窗) 累计 items=171 windows=5940 elapsed=8536s
[gpu3] [extract] VideoRepick_ep61_exec windows=22 took=31.7s (1440 ms/窗) 累计 items=171 windows=5933 elapsed=8537s
[gpu6] [extract] VideoRepick_ep62_exec windows=22 took=31.6s (1437 ms/窗) 累计 items=171 windows=5939 elapsed=8537s
[gpu7] [extract] VideoRepick_ep63_exec windows=22 took=31.6s (1438 ms/窗) 累计 items=171 windows=5938 elapsed=8537s
[gpu0] [extract] VideoRepick_ep68_exec windows=22 took=31.7s (1441 ms/窗) 累计 items=171 windows=5930 elapsed=8540s
[gpu2] [extract] VideoRepick_ep79_exec windows=22 took=31.6s (1435 ms/窗) 累计 items=172 windows=5968 elapsed=8563s
[gpu5] [extract] VideoRepick_ep83_exec windows=22 took=31.6s (1434 ms/窗) 累计 items=172 windows=5964 elapsed=8565s
[gpu4] [extract] VideoRepick_ep98_exec windows=22 took=31.6s (1435 ms/窗) 累计 items=172 windows=5966 elapsed=8566s
[gpu1] [extract] BinFill_ep1_exec windows=21 took=30.2s (1437 ms/窗) 累计 items=172 windows=5961 elapsed=8566s
[gpu3] [extract] BinFill_ep4_demo windows=21 took=30.2s (1438 ms/窗) 累计 items=172 windows=5954 elapsed=8567s
[gpu6] [extract] RouteStick_ep206_demo windows=21 took=30.2s (1439 ms/窗) 累计 items=172 windows=5960 elapsed=8567s
[gpu7] [extract] RouteStick_ep207_demo windows=21 took=30.2s (1437 ms/窗) 累计 items=172 windows=5959 elapsed=8568s
[gpu0] [extract] RouteStick_ep210_demo windows=21 took=30.4s (1448 ms/窗) 累计 items=172 windows=5951 elapsed=8570s
[gpu2] [extract] RouteStick_ep213_demo windows=21 took=30.2s (1440 ms/窗) 累计 items=173 windows=5989 elapsed=8593s
[gpu5] [extract] RouteStick_ep218_demo windows=21 took=30.3s (1441 ms/窗) 累计 items=173 windows=5985 elapsed=8595s
[gpu4] [extract] RouteStick_ep221_demo windows=21 took=30.2s (1438 ms/窗) 累计 items=173 windows=5987 elapsed=8597s
[gpu1] [extract] RouteStick_ep225_demo windows=21 took=30.2s (1440 ms/窗) 累计 items=173 windows=5982 elapsed=8596s
[gpu3] [extract] RouteStick_ep228_demo windows=21 took=30.3s (1443 ms/窗) 累计 items=173 windows=5975 elapsed=8597s
[gpu6] [extract] RouteStick_ep232_demo windows=21 took=30.3s (1442 ms/窗) 累计 items=173 windows=5981 elapsed=8597s
[gpu7] [extract] RouteStick_ep235_demo windows=21 took=30.4s (1445 ms/窗) 累计 items=173 windows=5980 elapsed=8598s
[gpu0] [extract] RouteStick_ep240_demo windows=21 took=30.3s (1445 ms/窗) 累计 items=173 windows=5972 elapsed=8601s
[gpu2] [extract] RouteStick_ep245_demo windows=21 took=30.2s (1439 ms/窗) 累计 items=174 windows=6010 elapsed=8624s
[gpu5] [extract] RouteStick_ep254_demo windows=21 took=30.3s (1441 ms/窗) 累计 items=174 windows=6006 elapsed=8626s
[gpu4] [extract] RouteStick_ep255_demo windows=21 took=30.3s (1441 ms/窗) 累计 items=174 windows=6008 elapsed=8627s
[gpu1] [extract] RouteStick_ep256_demo windows=21 took=30.2s (1440 ms/窗) 累计 items=174 windows=6003 elapsed=8627s
[gpu3] [extract] RouteStick_ep263_demo windows=21 took=30.3s (1441 ms/窗) 累计 items=174 windows=5996 elapsed=8628s
[gpu6] [extract] RouteStick_ep266_demo windows=21 took=30.3s (1442 ms/窗) 累计 items=174 windows=6002 elapsed=8628s
[gpu7] [extract] RouteStick_ep270_demo windows=21 took=30.2s (1438 ms/窗) 累计 items=174 windows=6001 elapsed=8628s
[gpu0] [extract] RouteStick_ep274_demo windows=21 took=30.3s (1445 ms/窗) 累计 items=174 windows=5993 elapsed=8631s
[gpu2] [extract] RouteStick_ep277_demo windows=21 took=30.3s (1442 ms/窗) 累计 items=175 windows=6031 elapsed=8654s
[gpu5] [extract] RouteStick_ep285_demo windows=21 took=30.2s (1439 ms/窗) 累计 items=175 windows=6027 elapsed=8656s
[gpu4] [extract] RouteStick_ep286_demo windows=21 took=30.2s (1439 ms/窗) 累计 items=175 windows=6029 elapsed=8657s
[gpu1] [extract] RouteStick_ep289_demo windows=21 took=30.2s (1439 ms/窗) 累计 items=175 windows=6024 elapsed=8657s
[gpu3] [extract] RouteStick_ep294_demo windows=21 took=30.2s (1437 ms/窗) 累计 items=175 windows=6017 elapsed=8658s
[gpu6] [extract] RouteStick_ep296_demo windows=21 took=30.2s (1440 ms/窗) 累计 items=175 windows=6023 elapsed=8658s
[gpu7] [extract] VideoRepick_ep100_demo windows=21 took=30.2s (1440 ms/窗) 累计 items=175 windows=6022 elapsed=8658s
[gpu0] [extract] VideoRepick_ep107_demo windows=21 took=30.2s (1439 ms/窗) 累计 items=175 windows=6014 elapsed=8661s
[gpu2] [extract] VideoRepick_ep117_exec windows=21 took=30.2s (1436 ms/窗) 累计 items=176 windows=6052 elapsed=8684s
[gpu5] [extract] VideoRepick_ep13_demo windows=21 took=30.1s (1435 ms/窗) 累计 items=176 windows=6048 elapsed=8686s
[gpu4] [extract] VideoRepick_ep154_demo windows=21 took=30.1s (1435 ms/窗) 累计 items=176 windows=6050 elapsed=8687s
[gpu1] [extract] VideoRepick_ep160_demo windows=21 took=30.2s (1438 ms/窗) 累计 items=176 windows=6045 elapsed=8687s
[gpu3] [extract] VideoRepick_ep164_demo windows=21 took=30.3s (1442 ms/窗) 累计 items=176 windows=6038 elapsed=8688s
[gpu6] [extract] VideoRepick_ep174_demo windows=21 took=30.2s (1437 ms/窗) 累计 items=176 windows=6044 elapsed=8688s
[gpu7] [extract] VideoRepick_ep20_demo windows=21 took=30.2s (1439 ms/窗) 累计 items=176 windows=6043 elapsed=8689s
[gpu0] [extract] VideoRepick_ep239_demo windows=21 took=30.2s (1440 ms/窗) 累计 items=176 windows=6035 elapsed=8692s
[gpu2] [extract] VideoRepick_ep244_demo windows=21 took=30.1s (1435 ms/窗) 累计 items=177 windows=6073 elapsed=8714s
[gpu5] [extract] VideoRepick_ep260_demo windows=21 took=30.2s (1436 ms/窗) 累计 items=177 windows=6069 elapsed=8716s
[gpu4] [extract] VideoRepick_ep301_exec windows=21 took=30.1s (1434 ms/窗) 累计 items=177 windows=6071 elapsed=8717s
[gpu1] [extract] VideoRepick_ep316_exec windows=21 took=30.2s (1437 ms/窗) 累计 items=177 windows=6066 elapsed=8717s
[gpu3] [extract] VideoRepick_ep359_exec windows=21 took=30.2s (1439 ms/窗) 累计 items=177 windows=6059 elapsed=8718s
[gpu6] [extract] VideoRepick_ep36_exec windows=21 took=30.3s (1441 ms/窗) 累计 items=177 windows=6065 elapsed=8718s
[gpu7] [extract] VideoRepick_ep371_exec windows=21 took=30.2s (1438 ms/窗) 累计 items=177 windows=6064 elapsed=8719s
[gpu0] [extract] VideoRepick_ep3_exec windows=21 took=30.3s (1441 ms/窗) 累计 items=177 windows=6056 elapsed=8722s
[gpu2] [extract] VideoRepick_ep52_demo windows=21 took=30.1s (1435 ms/窗) 累计 items=178 windows=6094 elapsed=8744s
[gpu5] [extract] VideoRepick_ep58_demo windows=21 took=30.1s (1435 ms/窗) 累计 items=178 windows=6090 elapsed=8746s
[gpu4] [extract] VideoRepick_ep80_demo windows=21 took=30.1s (1434 ms/窗) 累计 items=178 windows=6092 elapsed=8747s
[gpu1] [extract] VideoRepick_ep81_demo windows=21 took=30.2s (1440 ms/窗) 累计 items=178 windows=6087 elapsed=8747s
[gpu3] [extract] VideoRepick_ep96_demo windows=21 took=30.2s (1437 ms/窗) 累计 items=178 windows=6080 elapsed=8748s
[gpu6] [extract] VideoUnmaskSwap_ep204_exec windows=21 took=30.2s (1438 ms/窗) 累计 items=178 windows=6086 elapsed=8749s
[gpu7] [extract] VideoUnmaskSwap_ep205_exec windows=21 took=30.3s (1443 ms/窗) 累计 items=178 windows=6085 elapsed=8749s
[gpu0] [extract] BinFill_ep108_demo windows=20 took=28.8s (1439 ms/窗) 累计 items=178 windows=6076 elapsed=8751s
[gpu2] [extract] BinFill_ep4_exec windows=20 took=28.7s (1433 ms/窗) 累计 items=179 windows=6114 elapsed=8773s
[gpu5] [extract] RouteStick_ep206_exec windows=20 took=28.7s (1433 ms/窗) 累计 items=179 windows=6110 elapsed=8775s
[gpu4] [extract] RouteStick_ep207_exec windows=20 took=28.7s (1433 ms/窗) 累计 items=179 windows=6112 elapsed=8776s
[gpu1] [extract] RouteStick_ep210_exec windows=20 took=28.8s (1440 ms/窗) 累计 items=179 windows=6107 elapsed=8776s
[gpu3] [extract] RouteStick_ep213_exec windows=20 took=28.8s (1438 ms/窗) 累计 items=179 windows=6100 elapsed=8777s
[gpu6] [extract] RouteStick_ep218_exec windows=20 took=28.7s (1437 ms/窗) 累计 items=179 windows=6106 elapsed=8777s
[gpu7] [extract] RouteStick_ep221_exec windows=20 took=28.8s (1438 ms/窗) 累计 items=179 windows=6105 elapsed=8778s
[gpu0] [extract] RouteStick_ep225_exec windows=20 took=28.9s (1445 ms/窗) 累计 items=179 windows=6096 elapsed=8780s
[gpu2] [extract] RouteStick_ep228_exec windows=20 took=28.7s (1434 ms/窗) 累计 items=180 windows=6134 elapsed=8802s
[gpu5] [extract] RouteStick_ep232_exec windows=20 took=28.7s (1435 ms/窗) 累计 items=180 windows=6130 elapsed=8804s
[gpu4] [extract] RouteStick_ep235_exec windows=20 took=28.7s (1435 ms/窗) 累计 items=180 windows=6132 elapsed=8805s
[gpu1] [extract] RouteStick_ep240_exec windows=20 took=28.7s (1435 ms/窗) 累计 items=180 windows=6127 elapsed=8805s
[gpu3] [extract] RouteStick_ep245_exec windows=20 took=28.8s (1438 ms/窗) 累计 items=180 windows=6120 elapsed=8806s
[gpu6] [extract] RouteStick_ep254_exec windows=20 took=28.7s (1436 ms/窗) 累计 items=180 windows=6126 elapsed=8806s
[gpu7] [extract] RouteStick_ep255_exec windows=20 took=28.7s (1437 ms/窗) 累计 items=180 windows=6125 elapsed=8807s
[gpu0] [extract] RouteStick_ep256_exec windows=20 took=28.9s (1445 ms/窗) 累计 items=180 windows=6116 elapsed=8808s
[gpu2] [extract] RouteStick_ep263_exec windows=20 took=28.7s (1435 ms/窗) 累计 items=181 windows=6154 elapsed=8830s
[gpu5] [extract] RouteStick_ep266_exec windows=20 took=28.7s (1433 ms/窗) 累计 items=181 windows=6150 elapsed=8832s
[gpu4] [extract] RouteStick_ep270_exec windows=20 took=28.7s (1435 ms/窗) 累计 items=181 windows=6152 elapsed=8834s
[gpu1] [extract] RouteStick_ep274_exec windows=20 took=28.7s (1435 ms/窗) 累计 items=181 windows=6147 elapsed=8834s
[gpu3] [extract] RouteStick_ep277_exec windows=20 took=28.7s (1435 ms/窗) 累计 items=181 windows=6140 elapsed=8835s
[gpu6] [extract] RouteStick_ep285_exec windows=20 took=28.7s (1436 ms/窗) 累计 items=181 windows=6146 elapsed=8835s
[gpu7] [extract] RouteStick_ep286_exec windows=20 took=28.7s (1436 ms/窗) 累计 items=181 windows=6145 elapsed=8835s
[gpu0] [extract] RouteStick_ep289_exec windows=20 took=28.8s (1442 ms/窗) 累计 items=181 windows=6136 elapsed=8837s
[gpu2] [extract] RouteStick_ep294_exec windows=20 took=28.7s (1433 ms/窗) 累计 items=182 windows=6174 elapsed=8859s
[gpu5] [extract] RouteStick_ep296_exec windows=20 took=28.7s (1434 ms/窗) 累计 items=182 windows=6170 elapsed=8861s
[gpu4] [extract] VideoRepick_ep108_demo windows=20 took=28.7s (1437 ms/窗) 累计 items=182 windows=6172 elapsed=8862s
[gpu1] [extract] VideoRepick_ep113_demo windows=20 took=28.7s (1435 ms/窗) 累计 items=182 windows=6167 elapsed=8862s
[gpu3] [extract] VideoRepick_ep115_demo windows=20 took=28.8s (1439 ms/窗) 累计 items=182 windows=6160 elapsed=8863s
[gpu6] [extract] VideoRepick_ep116_demo windows=20 took=28.8s (1439 ms/窗) 累计 items=182 windows=6166 elapsed=8864s
[gpu7] [extract] VideoRepick_ep121_demo windows=20 took=28.8s (1441 ms/窗) 累计 items=182 windows=6165 elapsed=8864s
[gpu0] [extract] VideoRepick_ep126_demo windows=20 took=28.8s (1439 ms/窗) 累计 items=182 windows=6156 elapsed=8866s
[gpu2] [extract] VideoRepick_ep131_demo windows=20 took=28.7s (1434 ms/窗) 累计 items=183 windows=6194 elapsed=8888s
[gpu5] [extract] VideoRepick_ep132_demo windows=20 took=28.8s (1438 ms/窗) 累计 items=183 windows=6190 elapsed=8890s
[gpu4] [extract] VideoRepick_ep135_demo windows=20 took=28.7s (1437 ms/窗) 累计 items=183 windows=6192 elapsed=8891s
[gpu1] [extract] VideoRepick_ep138_exec windows=20 took=28.7s (1436 ms/窗) 累计 items=183 windows=6187 elapsed=8891s
[gpu3] [extract] VideoRepick_ep139_demo windows=20 took=28.7s (1436 ms/窗) 累计 items=183 windows=6180 elapsed=8892s
[gpu6] [extract] VideoRepick_ep143_demo windows=20 took=28.8s (1439 ms/窗) 累计 items=183 windows=6186 elapsed=8892s
[gpu7] [extract] VideoRepick_ep145_demo windows=20 took=28.7s (1437 ms/窗) 累计 items=183 windows=6185 elapsed=8893s
[gpu0] [extract] VideoRepick_ep159_demo windows=20 took=28.8s (1440 ms/窗) 累计 items=183 windows=6176 elapsed=8895s
[gpu2] [extract] VideoRepick_ep15_demo windows=20 took=28.7s (1437 ms/窗) 累计 items=184 windows=6214 elapsed=8917s
[gpu5] [extract] VideoRepick_ep161_demo windows=20 took=28.7s (1437 ms/窗) 累计 items=184 windows=6210 elapsed=8918s
[gpu4] [extract] VideoRepick_ep165_demo windows=20 took=28.8s (1440 ms/窗) 累计 items=184 windows=6212 elapsed=8920s
[gpu1] [extract] VideoRepick_ep181_demo windows=20 took=28.8s (1440 ms/窗) 累计 items=184 windows=6207 elapsed=8920s
[gpu3] [extract] VideoRepick_ep182_demo windows=20 took=28.8s (1440 ms/窗) 累计 items=184 windows=6200 elapsed=8921s
[gpu6] [extract] VideoRepick_ep183_demo windows=20 took=28.7s (1437 ms/窗) 累计 items=184 windows=6206 elapsed=8921s
[gpu7] [extract] VideoRepick_ep186_demo windows=20 took=28.8s (1438 ms/窗) 累计 items=184 windows=6205 elapsed=8922s
[gpu0] [extract] VideoRepick_ep18_demo windows=20 took=28.9s (1443 ms/窗) 累计 items=184 windows=6196 elapsed=8924s
[gpu2] [extract] VideoRepick_ep195_demo windows=20 took=28.7s (1435 ms/窗) 累计 items=185 windows=6234 elapsed=8945s
[gpu5] [extract] VideoRepick_ep19_demo windows=20 took=28.7s (1437 ms/窗) 累计 items=185 windows=6230 elapsed=8947s
[gpu4] [extract] VideoRepick_ep1_demo windows=20 took=28.7s (1436 ms/窗) 累计 items=185 windows=6232 elapsed=8949s
[gpu1] [extract] VideoRepick_ep207_demo windows=20 took=28.7s (1436 ms/窗) 累计 items=185 windows=6227 elapsed=8949s
[gpu3] [extract] VideoRepick_ep209_demo windows=20 took=28.8s (1439 ms/窗) 累计 items=185 windows=6220 elapsed=8950s
[gpu6] [extract] VideoRepick_ep210_demo windows=20 took=28.7s (1437 ms/窗) 累计 items=185 windows=6226 elapsed=8950s
[gpu7] [extract] VideoRepick_ep224_demo windows=20 took=28.7s (1436 ms/窗) 累计 items=185 windows=6225 elapsed=8950s
[gpu0] [extract] VideoRepick_ep229_demo windows=20 took=28.8s (1441 ms/窗) 累计 items=185 windows=6216 elapsed=8953s
[gpu2] [extract] VideoRepick_ep235_demo windows=20 took=28.7s (1435 ms/窗) 累计 items=186 windows=6254 elapsed=8974s
[gpu5] [extract] VideoRepick_ep236_demo windows=20 took=28.7s (1434 ms/窗) 累计 items=186 windows=6250 elapsed=8976s
[gpu4] [extract] VideoRepick_ep246_demo windows=20 took=28.7s (1435 ms/窗) 累计 items=186 windows=6252 elapsed=8977s
[gpu1] [extract] VideoRepick_ep24_demo windows=20 took=28.9s (1444 ms/窗) 累计 items=186 windows=6247 elapsed=8978s
[gpu3] [extract] VideoRepick_ep254_demo windows=20 took=28.8s (1440 ms/窗) 累计 items=186 windows=6240 elapsed=8979s
[gpu6] [extract] VideoRepick_ep262_demo windows=20 took=28.8s (1440 ms/窗) 累计 items=186 windows=6246 elapsed=8979s
[gpu7] [extract] VideoRepick_ep26_demo windows=20 took=28.7s (1437 ms/窗) 累计 items=186 windows=6245 elapsed=8979s
[gpu0] [extract] VideoRepick_ep270_exec windows=20 took=28.8s (1441 ms/窗) 累计 items=186 windows=6236 elapsed=8981s
[gpu2] [extract] VideoRepick_ep39_demo windows=20 took=28.7s (1437 ms/窗) 累计 items=187 windows=6274 elapsed=9003s
[gpu5] [extract] VideoRepick_ep42_demo windows=20 took=28.8s (1438 ms/窗) 累计 items=187 windows=6270 elapsed=9005s
[gpu4] [extract] VideoRepick_ep49_demo windows=20 took=28.8s (1440 ms/窗) 累计 items=187 windows=6272 elapsed=9006s
[gpu1] [extract] VideoRepick_ep57_demo windows=20 took=28.8s (1439 ms/窗) 累计 items=187 windows=6267 elapsed=9006s
[gpu3] [extract] VideoRepick_ep71_demo windows=20 took=28.7s (1436 ms/窗) 累计 items=187 windows=6260 elapsed=9007s
[gpu6] [extract] VideoRepick_ep73_demo windows=20 took=28.8s (1440 ms/窗) 累计 items=187 windows=6266 elapsed=9007s
[gpu7] [extract] VideoRepick_ep75_demo windows=20 took=28.8s (1438 ms/窗) 累计 items=187 windows=6265 elapsed=9008s
[gpu0] [extract] VideoRepick_ep78_demo windows=20 took=28.9s (1443 ms/窗) 累计 items=187 windows=6256 elapsed=9010s
[gpu2] [extract] VideoRepick_ep85_demo windows=20 took=28.7s (1435 ms/窗) 累计 items=188 windows=6294 elapsed=9031s
[gpu5] [extract] VideoRepick_ep88_demo windows=20 took=28.8s (1438 ms/窗) 累计 items=188 windows=6290 elapsed=9033s
[gpu4] [extract] VideoRepick_ep91_demo windows=20 took=28.7s (1435 ms/窗) 累计 items=188 windows=6292 elapsed=9035s
[gpu1] [extract] VideoRepick_ep92_demo windows=20 took=28.8s (1439 ms/窗) 累计 items=188 windows=6287 elapsed=9035s
[gpu3] [extract] VideoUnmaskSwap_ep201_exec windows=20 took=28.8s (1439 ms/窗) 累计 items=188 windows=6280 elapsed=9036s
[gpu6] [extract] VideoUnmaskSwap_ep303_exec windows=20 took=28.7s (1437 ms/窗) 累计 items=188 windows=6286 elapsed=9036s
[gpu7] [extract] VideoUnmaskSwap_ep304_exec windows=20 took=28.7s (1437 ms/窗) 累计 items=188 windows=6285 elapsed=9037s
[gpu0] [extract] VideoUnmaskSwap_ep5_exec windows=20 took=28.8s (1439 ms/窗) 累计 items=188 windows=6276 elapsed=9039s
[gpu2] [extract] BinFill_ep101_demo windows=19 took=27.3s (1437 ms/窗) 累计 items=189 windows=6313 elapsed=9059s
[gpu5] [extract] BinFill_ep108_exec windows=19 took=27.3s (1436 ms/窗) 累计 items=189 windows=6309 elapsed=9061s
[gpu4] [extract] BinFill_ep113_demo windows=19 took=27.3s (1438 ms/窗) 累计 items=189 windows=6311 elapsed=9062s
[gpu1] [extract] BinFill_ep121_demo windows=19 took=27.4s (1440 ms/窗) 累计 items=189 windows=6306 elapsed=9062s
[gpu3] [extract] BinFill_ep31_demo windows=19 took=27.4s (1440 ms/窗) 累计 items=189 windows=6299 elapsed=9063s
[gpu6] [extract] BinFill_ep3_demo windows=19 took=27.3s (1439 ms/窗) 累计 items=189 windows=6305 elapsed=9064s
[gpu7] [extract] BinFill_ep41_demo windows=19 took=27.3s (1439 ms/窗) 累计 items=189 windows=6304 elapsed=9064s
[gpu0] [extract] BinFill_ep53_demo windows=19 took=27.5s (1445 ms/窗) 累计 items=189 windows=6295 elapsed=9066s
[gpu2] [extract] BinFill_ep58_demo windows=19 took=27.3s (1438 ms/窗) 累计 items=190 windows=6332 elapsed=9086s
[gpu5] [extract] BinFill_ep82_demo windows=19 took=27.4s (1440 ms/窗) 累计 items=190 windows=6328 elapsed=9088s
[gpu4] [extract] BinFill_ep94_demo windows=19 took=27.4s (1440 ms/窗) 累计 items=190 windows=6330 elapsed=9089s
[gpu1] [extract] BinFill_ep99_demo windows=19 took=27.4s (1440 ms/窗) 累计 items=190 windows=6325 elapsed=9090s
[gpu3] [extract] VideoRepick_ep101_demo windows=19 took=27.3s (1439 ms/窗) 累计 items=190 windows=6318 elapsed=9091s
[gpu6] [extract] VideoRepick_ep106_demo windows=19 took=27.3s (1437 ms/窗) 累计 items=190 windows=6324 elapsed=9091s
[gpu7] [extract] VideoRepick_ep119_demo windows=19 took=27.4s (1440 ms/窗) 累计 items=190 windows=6323 elapsed=9091s
[gpu0] [extract] VideoRepick_ep120_demo windows=19 took=27.4s (1440 ms/窗) 累计 items=190 windows=6314 elapsed=9094s
[gpu2] [extract] VideoRepick_ep123_demo windows=19 took=27.3s (1434 ms/窗) 累计 items=191 windows=6351 elapsed=9113s
[gpu5] [extract] VideoRepick_ep124_demo windows=19 took=27.3s (1434 ms/窗) 累计 items=191 windows=6347 elapsed=9115s
[gpu4] [extract] VideoRepick_ep137_demo windows=19 took=27.3s (1435 ms/窗) 累计 items=191 windows=6349 elapsed=9117s
[gpu1] [extract] VideoRepick_ep138_demo windows=19 took=27.3s (1436 ms/窗) 累计 items=191 windows=6344 elapsed=9117s
[gpu3] [extract] VideoRepick_ep144_demo windows=19 took=27.3s (1438 ms/窗) 累计 items=191 windows=6337 elapsed=9118s
[gpu6] [extract] VideoRepick_ep147_demo windows=19 took=27.4s (1440 ms/窗) 累计 items=191 windows=6343 elapsed=9118s
[gpu7] [extract] VideoRepick_ep14_demo windows=19 took=27.4s (1443 ms/窗) 累计 items=191 windows=6342 elapsed=9119s
[gpu0] [extract] VideoRepick_ep150_demo windows=19 took=27.5s (1445 ms/窗) 累计 items=191 windows=6333 elapsed=9121s
[gpu2] [extract] VideoRepick_ep152_demo windows=19 took=27.2s (1434 ms/窗) 累计 items=192 windows=6370 elapsed=9141s
[gpu5] [extract] VideoRepick_ep156_demo windows=19 took=27.3s (1438 ms/窗) 累计 items=192 windows=6366 elapsed=9143s
[gpu4] [extract] VideoRepick_ep163_demo windows=19 took=27.3s (1435 ms/窗) 累计 items=192 windows=6368 elapsed=9144s
[gpu1] [extract] VideoRepick_ep168_demo windows=19 took=27.3s (1437 ms/窗) 累计 items=192 windows=6363 elapsed=9144s
[gpu3] [extract] VideoRepick_ep16_demo windows=19 took=27.4s (1441 ms/窗) 累计 items=192 windows=6356 elapsed=9145s
[gpu6] [extract] VideoRepick_ep171_demo windows=19 took=27.5s (1449 ms/窗) 累计 items=192 windows=6362 elapsed=9146s
[gpu7] [extract] VideoRepick_ep172_demo windows=19 took=27.4s (1440 ms/窗) 累计 items=192 windows=6361 elapsed=9146s
[gpu0] [extract] VideoRepick_ep173_demo windows=19 took=27.4s (1442 ms/窗) 累计 items=192 windows=6352 elapsed=9149s
[gpu2] [extract] VideoRepick_ep177_demo windows=19 took=27.3s (1437 ms/窗) 累计 items=193 windows=6389 elapsed=9168s
[gpu5] [extract] VideoRepick_ep185_demo windows=19 took=27.3s (1438 ms/窗) 累计 items=193 windows=6385 elapsed=9170s
[gpu4] [extract] VideoRepick_ep192_demo windows=19 took=27.3s (1438 ms/窗) 累计 items=193 windows=6387 elapsed=9171s
[gpu1] [extract] VideoRepick_ep193_demo windows=19 took=27.3s (1438 ms/窗) 累计 items=193 windows=6382 elapsed=9172s
[gpu3] [extract] VideoRepick_ep196_demo windows=19 took=27.3s (1439 ms/窗) 累计 items=193 windows=6375 elapsed=9173s
[gpu6] [extract] VideoRepick_ep198_demo windows=19 took=27.4s (1442 ms/窗) 累计 items=193 windows=6381 elapsed=9173s
[gpu7] [extract] VideoRepick_ep201_demo windows=19 took=27.3s (1437 ms/窗) 累计 items=193 windows=6380 elapsed=9173s
[gpu0] [extract] VideoRepick_ep205_demo windows=19 took=27.5s (1445 ms/窗) 累计 items=193 windows=6371 elapsed=9176s
[gpu2] [extract] VideoRepick_ep208_demo windows=19 took=27.3s (1436 ms/窗) 累计 items=194 windows=6408 elapsed=9195s
[gpu5] [extract] VideoRepick_ep211_demo windows=19 took=27.3s (1437 ms/窗) 累计 items=194 windows=6404 elapsed=9197s
[gpu4] [extract] VideoRepick_ep213_demo windows=19 took=27.4s (1441 ms/窗) 累计 items=194 windows=6406 elapsed=9199s
[gpu1] [extract] VideoRepick_ep216_demo windows=19 took=27.3s (1437 ms/窗) 累计 items=194 windows=6401 elapsed=9199s
[gpu3] [extract] VideoRepick_ep217_demo windows=19 took=27.3s (1437 ms/窗) 累计 items=194 windows=6394 elapsed=9200s
[gpu6] [extract] VideoRepick_ep220_demo windows=19 took=27.4s (1441 ms/窗) 累计 items=194 windows=6400 elapsed=9201s
[gpu7] [extract] VideoRepick_ep222_demo windows=19 took=27.3s (1437 ms/窗) 累计 items=194 windows=6399 elapsed=9201s
[gpu0] [extract] VideoRepick_ep226_demo windows=19 took=27.3s (1436 ms/窗) 累计 items=194 windows=6390 elapsed=9203s
[gpu2] [extract] VideoRepick_ep228_demo windows=19 took=27.3s (1435 ms/窗) 累计 items=195 windows=6427 elapsed=9222s
[gpu5] [extract] VideoRepick_ep231_demo windows=19 took=27.3s (1438 ms/窗) 累计 items=195 windows=6423 elapsed=9225s
[gpu4] [extract] VideoRepick_ep233_demo windows=19 took=27.3s (1439 ms/窗) 累计 items=195 windows=6425 elapsed=9226s
[gpu1] [extract] VideoRepick_ep23_demo windows=19 took=27.3s (1437 ms/窗) 累计 items=195 windows=6420 elapsed=9226s
[gpu3] [extract] VideoRepick_ep242_demo windows=19 took=27.4s (1441 ms/窗) 累计 items=195 windows=6413 elapsed=9228s
[gpu6] [extract] VideoRepick_ep243_demo windows=19 took=27.3s (1437 ms/窗) 累计 items=195 windows=6419 elapsed=9228s
[gpu7] [extract] VideoRepick_ep248_demo windows=19 took=27.4s (1443 ms/窗) 累计 items=195 windows=6418 elapsed=9228s
[gpu0] [extract] VideoRepick_ep249_demo windows=19 took=27.5s (1448 ms/窗) 累计 items=195 windows=6409 elapsed=9231s
[gpu2] [extract] VideoRepick_ep250_demo windows=19 took=27.3s (1436 ms/窗) 累计 items=196 windows=6446 elapsed=9250s
[gpu5] [extract] VideoRepick_ep255_demo windows=19 took=27.3s (1437 ms/窗) 累计 items=196 windows=6442 elapsed=9252s
[gpu4] [extract] VideoRepick_ep258_demo windows=19 took=27.3s (1436 ms/窗) 累计 items=196 windows=6444 elapsed=9253s
[gpu1] [extract] VideoRepick_ep259_demo windows=19 took=27.6s (1454 ms/窗) 累计 items=196 windows=6439 elapsed=9254s
[gpu3] [extract] VideoRepick_ep264_demo windows=19 took=27.3s (1435 ms/窗) 累计 items=196 windows=6432 elapsed=9255s
[gpu6] [extract] VideoRepick_ep28_demo windows=19 took=27.3s (1436 ms/窗) 累计 items=196 windows=6438 elapsed=9255s
[gpu7] [extract] VideoRepick_ep31_demo windows=19 took=27.3s (1438 ms/窗) 累计 items=196 windows=6437 elapsed=9255s
[gpu0] [extract] VideoRepick_ep32_demo windows=19 took=27.5s (1447 ms/窗) 累计 items=196 windows=6428 elapsed=9258s
[gpu2] [extract] VideoRepick_ep37_demo windows=19 took=27.3s (1436 ms/窗) 累计 items=197 windows=6465 elapsed=9277s
[gpu5] [extract] VideoRepick_ep3_demo windows=19 took=27.3s (1439 ms/窗) 累计 items=197 windows=6461 elapsed=9279s
[gpu4] [extract] VideoRepick_ep40_demo windows=19 took=27.3s (1436 ms/窗) 累计 items=197 windows=6463 elapsed=9281s
[gpu1] [extract] VideoRepick_ep41_demo windows=19 took=27.3s (1437 ms/窗) 累计 items=197 windows=6458 elapsed=9281s
[gpu3] [extract] VideoRepick_ep47_demo windows=19 took=27.4s (1442 ms/窗) 累计 items=197 windows=6451 elapsed=9282s
[gpu6] [extract] VideoRepick_ep4_demo windows=19 took=27.3s (1439 ms/窗) 累计 items=197 windows=6457 elapsed=9282s
[gpu7] [extract] VideoRepick_ep50_demo windows=19 took=27.4s (1444 ms/窗) 累计 items=197 windows=6456 elapsed=9283s
[gpu0] [extract] VideoRepick_ep55_demo windows=19 took=27.5s (1447 ms/窗) 累计 items=197 windows=6447 elapsed=9286s
[gpu2] [extract] VideoRepick_ep59_demo windows=19 took=27.3s (1435 ms/窗) 累计 items=198 windows=6484 elapsed=9304s
[gpu5] [extract] VideoRepick_ep60_demo windows=19 took=27.3s (1439 ms/窗) 累计 items=198 windows=6480 elapsed=9307s
[gpu4] [extract] VideoRepick_ep61_demo windows=19 took=27.3s (1435 ms/窗) 累计 items=198 windows=6482 elapsed=9308s
[gpu1] [extract] VideoRepick_ep69_demo windows=19 took=27.3s (1438 ms/窗) 累计 items=198 windows=6477 elapsed=9309s
[gpu3] [extract] VideoRepick_ep6_demo windows=19 took=27.4s (1440 ms/窗) 累计 items=198 windows=6470 elapsed=9310s
[gpu6] [extract] VideoRepick_ep76_demo windows=19 took=27.5s (1446 ms/窗) 累计 items=198 windows=6476 elapsed=9310s
[gpu7] [extract] VideoRepick_ep86_demo windows=19 took=27.4s (1442 ms/窗) 累计 items=198 windows=6475 elapsed=9310s
[gpu0] [extract] VideoRepick_ep89_demo windows=19 took=27.5s (1445 ms/窗) 累计 items=198 windows=6466 elapsed=9313s
[gpu2] [extract] VideoRepick_ep98_demo windows=19 took=27.3s (1437 ms/窗) 累计 items=199 windows=6503 elapsed=9332s
[gpu5] [extract] VideoRepick_ep99_demo windows=19 took=27.3s (1439 ms/窗) 累计 items=199 windows=6499 elapsed=9334s
[gpu4] [extract] VideoUnmaskSwap_ep1_exec windows=19 took=27.3s (1437 ms/窗) 累计 items=199 windows=6501 elapsed=9335s
[gpu1] [extract] VideoUnmaskSwap_ep200_exec windows=19 took=27.3s (1437 ms/窗) 累计 items=199 windows=6496 elapsed=9336s
[gpu3] [extract] VideoUnmaskSwap_ep202_exec windows=19 took=27.2s (1434 ms/窗) 累计 items=199 windows=6489 elapsed=9337s
[gpu6] [extract] VideoUnmaskSwap_ep203_exec windows=19 took=27.3s (1437 ms/窗) 累计 items=199 windows=6495 elapsed=9337s
[gpu7] [extract] VideoUnmaskSwap_ep300_demo windows=19 took=27.4s (1441 ms/窗) 累计 items=199 windows=6494 elapsed=9338s
[gpu0] [extract] VideoUnmaskSwap_ep300_exec windows=19 took=27.5s (1449 ms/窗) 累计 items=199 windows=6485 elapsed=9341s
[gpu2] [extract] VideoUnmaskSwap_ep303_demo windows=19 took=27.3s (1438 ms/窗) 累计 items=200 windows=6522 elapsed=9359s
[gpu5] [extract] VideoUnmaskSwap_ep304_demo windows=19 took=27.3s (1437 ms/窗) 累计 items=200 windows=6518 elapsed=9361s
[gpu4] [extract] VideoUnmaskSwap_ep305_demo windows=19 took=27.2s (1434 ms/窗) 累计 items=200 windows=6520 elapsed=9362s
[gpu1] [extract] VideoUnmaskSwap_ep308_demo windows=19 took=27.3s (1438 ms/窗) 累计 items=200 windows=6515 elapsed=9363s
[gpu3] [extract] VideoUnmaskSwap_ep311_demo windows=19 took=27.4s (1440 ms/窗) 累计 items=200 windows=6508 elapsed=9364s
[gpu6] [extract] VideoUnmaskSwap_ep314_demo windows=19 took=27.4s (1440 ms/窗) 累计 items=200 windows=6514 elapsed=9365s
[gpu7] [extract] VideoUnmaskSwap_ep315_demo windows=19 took=27.4s (1443 ms/窗) 累计 items=200 windows=6513 elapsed=9365s
[gpu0] [extract] VideoUnmaskSwap_ep316_demo windows=19 took=27.5s (1446 ms/窗) 累计 items=200 windows=6504 elapsed=9368s
[gpu2] [extract] VideoUnmaskSwap_ep318_demo windows=19 took=27.3s (1436 ms/窗) 累计 items=201 windows=6541 elapsed=9386s
[gpu5] [extract] VideoUnmaskSwap_ep324_demo windows=19 took=27.3s (1436 ms/窗) 累计 items=201 windows=6537 elapsed=9389s
[gpu4] [extract] VideoUnmaskSwap_ep325_demo windows=19 took=27.3s (1439 ms/窗) 累计 items=201 windows=6539 elapsed=9390s
[gpu1] [extract] VideoUnmaskSwap_ep326_demo windows=19 took=27.3s (1438 ms/窗) 累计 items=201 windows=6534 elapsed=9391s
[gpu3] [extract] VideoUnmaskSwap_ep327_demo windows=19 took=27.3s (1438 ms/窗) 累计 items=201 windows=6527 elapsed=9391s
[gpu6] [extract] VideoUnmaskSwap_ep331_demo windows=19 took=27.4s (1440 ms/窗) 累计 items=201 windows=6533 elapsed=9392s
[gpu7] [extract] VideoUnmaskSwap_ep332_demo windows=19 took=27.5s (1446 ms/窗) 累计 items=201 windows=6532 elapsed=9393s
[gpu0] [extract] VideoUnmaskSwap_ep333_demo windows=19 took=27.4s (1442 ms/窗) 累计 items=201 windows=6523 elapsed=9396s
[gpu2] [extract] VideoUnmaskSwap_ep335_demo windows=19 took=27.3s (1436 ms/窗) 累计 items=202 windows=6560 elapsed=9413s
[gpu5] [extract] VideoUnmaskSwap_ep337_demo windows=19 took=27.3s (1437 ms/窗) 累计 items=202 windows=6556 elapsed=9416s
[gpu4] [extract] VideoUnmaskSwap_ep338_demo windows=19 took=27.3s (1437 ms/窗) 累计 items=202 windows=6558 elapsed=9417s
[gpu1] [extract] VideoUnmaskSwap_ep340_demo windows=19 took=27.4s (1442 ms/窗) 累计 items=202 windows=6553 elapsed=9418s
[gpu3] [extract] VideoUnmaskSwap_ep341_demo windows=19 took=27.4s (1441 ms/窗) 累计 items=202 windows=6546 elapsed=9419s
[gpu6] [extract] VideoUnmaskSwap_ep344_demo windows=19 took=27.3s (1439 ms/窗) 累计 items=202 windows=6552 elapsed=9419s
[gpu7] [extract] VideoUnmaskSwap_ep346_demo windows=19 took=27.4s (1441 ms/窗) 累计 items=202 windows=6551 elapsed=9420s
[gpu0] [extract] VideoUnmaskSwap_ep349_demo windows=19 took=27.4s (1442 ms/窗) 累计 items=202 windows=6542 elapsed=9423s
[gpu2] [extract] VideoUnmaskSwap_ep351_demo windows=19 took=27.3s (1436 ms/窗) 累计 items=203 windows=6579 elapsed=9441s
[gpu5] [extract] VideoUnmaskSwap_ep353_demo windows=19 took=27.3s (1438 ms/窗) 累计 items=203 windows=6575 elapsed=9443s
[gpu4] [extract] VideoUnmaskSwap_ep354_demo windows=19 took=27.3s (1438 ms/窗) 累计 items=203 windows=6577 elapsed=9444s
[gpu1] [extract] VideoUnmaskSwap_ep355_demo windows=19 took=27.3s (1438 ms/窗) 累计 items=203 windows=6572 elapsed=9445s
[gpu3] [extract] VideoUnmaskSwap_ep358_demo windows=19 took=27.3s (1438 ms/窗) 累计 items=203 windows=6565 elapsed=9446s
[gpu6] [extract] VideoUnmaskSwap_ep359_demo windows=19 took=27.4s (1441 ms/窗) 累计 items=203 windows=6571 elapsed=9447s
[gpu7] [extract] VideoUnmaskSwap_ep360_demo windows=19 took=27.5s (1445 ms/窗) 累计 items=203 windows=6570 elapsed=9447s
[gpu0] [extract] VideoUnmaskSwap_ep363_demo windows=19 took=27.4s (1440 ms/窗) 累计 items=203 windows=6561 elapsed=9451s
[gpu2] [extract] VideoUnmaskSwap_ep364_demo windows=19 took=27.3s (1436 ms/窗) 累计 items=204 windows=6598 elapsed=9468s
[gpu5] [extract] VideoUnmaskSwap_ep368_demo windows=19 took=27.3s (1439 ms/窗) 累计 items=204 windows=6594 elapsed=9471s
[gpu4] [extract] VideoUnmaskSwap_ep370_demo windows=19 took=27.3s (1437 ms/窗) 累计 items=204 windows=6596 elapsed=9472s
[gpu1] [extract] VideoUnmaskSwap_ep375_demo windows=19 took=27.4s (1441 ms/窗) 累计 items=204 windows=6591 elapsed=9473s
[gpu3] [extract] VideoUnmaskSwap_ep376_demo windows=19 took=27.4s (1442 ms/窗) 累计 items=204 windows=6584 elapsed=9474s
[gpu6] [extract] VideoUnmaskSwap_ep377_demo windows=19 took=27.3s (1439 ms/窗) 累计 items=204 windows=6590 elapsed=9474s
[gpu7] [extract] VideoUnmaskSwap_ep379_demo windows=19 took=27.4s (1440 ms/窗) 累计 items=204 windows=6589 elapsed=9475s
[gpu0] [extract] VideoUnmaskSwap_ep383_demo windows=19 took=27.5s (1445 ms/窗) 累计 items=204 windows=6580 elapsed=9478s
[gpu2] [extract] VideoUnmaskSwap_ep384_demo windows=19 took=27.3s (1436 ms/窗) 累计 items=205 windows=6617 elapsed=9495s
[gpu5] [extract] VideoUnmaskSwap_ep385_demo windows=19 took=27.3s (1438 ms/窗) 累计 items=205 windows=6613 elapsed=9498s
[gpu4] [extract] VideoUnmaskSwap_ep386_demo windows=19 took=27.3s (1437 ms/窗) 累计 items=205 windows=6615 elapsed=9499s
[gpu1] [extract] VideoUnmaskSwap_ep388_demo windows=19 took=27.4s (1440 ms/窗) 累计 items=205 windows=6610 elapsed=9500s
[gpu3] [extract] VideoUnmaskSwap_ep391_demo windows=19 took=27.3s (1439 ms/窗) 累计 items=205 windows=6603 elapsed=9501s
[gpu6] [extract] VideoUnmaskSwap_ep392_demo windows=19 took=27.4s (1440 ms/窗) 累计 items=205 windows=6609 elapsed=9501s
[gpu7] [extract] VideoUnmaskSwap_ep394_demo windows=19 took=27.4s (1444 ms/窗) 累计 items=205 windows=6608 elapsed=9502s
[gpu0] [extract] VideoUnmaskSwap_ep396_demo windows=19 took=27.5s (1446 ms/窗) 累计 items=205 windows=6599 elapsed=9505s
[gpu2] [extract] VideoUnmaskSwap_ep399_demo windows=19 took=27.3s (1436 ms/窗) 累计 items=206 windows=6636 elapsed=9523s
[gpu4] [extract] BinFill_ep101_exec windows=18 took=25.8s (1434 ms/窗) 累计 items=206 windows=6633 elapsed=9525s
[gpu5] [extract] VideoUnmaskSwap_ep3_exec windows=19 took=27.3s (1439 ms/窗) 累计 items=206 windows=6632 elapsed=9525s
[gpu1] [extract] BinFill_ep10_demo windows=18 took=25.9s (1439 ms/窗) 累计 items=206 windows=6628 elapsed=9526s
[gpu3] [extract] BinFill_ep113_exec windows=18 took=25.8s (1436 ms/窗) 累计 items=206 windows=6621 elapsed=9527s
[gpu6] [extract] BinFill_ep11_demo windows=18 took=25.9s (1439 ms/窗) 累计 items=206 windows=6627 elapsed=9527s
[gpu7] [extract] BinFill_ep121_exec windows=18 took=25.9s (1441 ms/窗) 累计 items=206 windows=6626 elapsed=9528s
[gpu0] [extract] BinFill_ep123_demo windows=18 took=26.0s (1443 ms/窗) 累计 items=206 windows=6617 elapsed=9531s
[gpu2] [extract] BinFill_ep124_demo windows=18 took=25.9s (1437 ms/窗) 累计 items=207 windows=6654 elapsed=9548s
[gpu4] [extract] BinFill_ep20_demo windows=18 took=25.9s (1438 ms/窗) 累计 items=207 windows=6651 elapsed=9551s
[gpu5] [extract] BinFill_ep31_exec windows=18 took=25.8s (1434 ms/窗) 累计 items=207 windows=6650 elapsed=9551s
[gpu1] [extract] BinFill_ep3_exec windows=18 took=26.0s (1445 ms/窗) 累计 items=207 windows=6646 elapsed=9552s
[gpu3] [extract] BinFill_ep41_exec windows=18 took=25.8s (1436 ms/窗) 累计 items=207 windows=6639 elapsed=9553s
[gpu6] [extract] BinFill_ep44_demo windows=18 took=25.9s (1441 ms/窗) 累计 items=207 windows=6645 elapsed=9553s
[gpu7] [extract] BinFill_ep50_demo windows=18 took=26.0s (1445 ms/窗) 累计 items=207 windows=6644 elapsed=9554s
[gpu0] [extract] BinFill_ep53_exec windows=18 took=26.0s (1443 ms/窗) 累计 items=207 windows=6635 elapsed=9557s
[gpu2] [extract] BinFill_ep57_demo windows=18 took=25.9s (1437 ms/窗) 累计 items=208 windows=6672 elapsed=9574s
[gpu4] [extract] BinFill_ep58_exec windows=18 took=25.8s (1434 ms/窗) 累计 items=208 windows=6669 elapsed=9577s
[gpu5] [extract] BinFill_ep71_demo windows=18 took=25.9s (1440 ms/窗) 累计 items=208 windows=6668 elapsed=9577s
[gpu1] [extract] BinFill_ep78_demo windows=18 took=26.0s (1442 ms/窗) 累计 items=208 windows=6664 elapsed=9578s
[gpu3] [extract] BinFill_ep82_exec windows=18 took=25.9s (1439 ms/窗) 累计 items=208 windows=6657 elapsed=9579s
[gpu6] [extract] BinFill_ep94_exec windows=18 took=25.9s (1437 ms/窗) 累计 items=208 windows=6663 elapsed=9579s
[gpu7] [extract] BinFill_ep97_demo windows=18 took=25.9s (1440 ms/窗) 累计 items=208 windows=6662 elapsed=9580s
[gpu0] [extract] BinFill_ep99_exec windows=18 took=26.0s (1443 ms/窗) 累计 items=208 windows=6653 elapsed=9583s
[gpu2] [extract] RouteStick_ep201_demo windows=18 took=25.9s (1437 ms/窗) 累计 items=209 windows=6690 elapsed=9600s
[gpu4] [extract] RouteStick_ep202_demo windows=18 took=25.9s (1439 ms/窗) 累计 items=209 windows=6687 elapsed=9602s
[gpu5] [extract] RouteStick_ep208_demo windows=18 took=25.9s (1439 ms/窗) 累计 items=209 windows=6686 elapsed=9603s
[gpu1] [extract] RouteStick_ep216_demo windows=18 took=26.0s (1442 ms/窗) 累计 items=209 windows=6682 elapsed=9604s
[gpu3] [extract] RouteStick_ep219_demo windows=18 took=25.9s (1439 ms/窗) 累计 items=209 windows=6675 elapsed=9604s
[gpu6] [extract] RouteStick_ep223_demo windows=18 took=25.9s (1439 ms/窗) 累计 items=209 windows=6681 elapsed=9605s
[gpu7] [extract] RouteStick_ep227_demo windows=18 took=26.0s (1446 ms/窗) 累计 items=209 windows=6680 elapsed=9606s
[gpu0] [extract] RouteStick_ep229_demo windows=18 took=26.0s (1445 ms/窗) 累计 items=209 windows=6671 elapsed=9609s
[gpu2] [extract] RouteStick_ep236_demo windows=18 took=25.9s (1437 ms/窗) 累计 items=210 windows=6708 elapsed=9626s
[gpu4] [extract] RouteStick_ep239_demo windows=18 took=25.9s (1439 ms/窗) 累计 items=210 windows=6705 elapsed=9628s
[gpu5] [extract] RouteStick_ep244_demo windows=18 took=25.9s (1439 ms/窗) 累计 items=210 windows=6704 elapsed=9629s
[gpu1] [extract] RouteStick_ep247_demo windows=18 took=25.9s (1442 ms/窗) 累计 items=210 windows=6700 elapsed=9630s
[gpu3] [extract] RouteStick_ep249_demo windows=18 took=25.9s (1438 ms/窗) 累计 items=210 windows=6693 elapsed=9630s
[gpu6] [extract] RouteStick_ep251_demo windows=18 took=26.0s (1442 ms/窗) 累计 items=210 windows=6699 elapsed=9631s
[gpu7] [extract] RouteStick_ep258_demo windows=18 took=26.0s (1444 ms/窗) 累计 items=210 windows=6698 elapsed=9632s
[gpu0] [extract] RouteStick_ep264_demo windows=18 took=26.0s (1443 ms/窗) 累计 items=210 windows=6689 elapsed=9635s
[gpu2] [extract] RouteStick_ep265_demo windows=18 took=25.9s (1438 ms/窗) 累计 items=211 windows=6726 elapsed=9652s
[gpu4] [extract] RouteStick_ep272_demo windows=18 took=25.9s (1440 ms/窗) 累计 items=211 windows=6723 elapsed=9654s
[gpu5] [extract] RouteStick_ep273_demo windows=18 took=25.9s (1442 ms/窗) 累计 items=211 windows=6722 elapsed=9655s
[gpu1] [extract] RouteStick_ep279_demo windows=18 took=26.0s (1442 ms/窗) 累计 items=211 windows=6718 elapsed=9656s
[gpu3] [extract] RouteStick_ep282_demo windows=18 took=26.0s (1443 ms/窗) 累计 items=211 windows=6711 elapsed=9656s
[gpu6] [extract] RouteStick_ep283_demo windows=18 took=25.9s (1440 ms/窗) 累计 items=211 windows=6717 elapsed=9657s
[gpu7] [extract] RouteStick_ep288_demo windows=18 took=26.0s (1444 ms/窗) 累计 items=211 windows=6716 elapsed=9658s
[gpu0] [extract] RouteStick_ep292_demo windows=18 took=26.0s (1443 ms/窗) 累计 items=211 windows=6707 elapsed=9661s
[gpu2] [extract] RouteStick_ep299_demo windows=18 took=25.9s (1440 ms/窗) 累计 items=212 windows=6744 elapsed=9678s
[gpu4] [extract] VideoRepick_ep0_demo windows=18 took=25.8s (1435 ms/窗) 累计 items=212 windows=6741 elapsed=9680s
[gpu5] [extract] VideoRepick_ep267_exec windows=18 took=25.8s (1434 ms/窗) 累计 items=212 windows=6740 elapsed=9681s
[gpu1] [extract] VideoRepick_ep67_demo windows=18 took=25.9s (1441 ms/窗) 累计 items=212 windows=6736 elapsed=9682s
[gpu3] [extract] VideoUnmaskSwap_ep2_exec windows=18 took=25.9s (1436 ms/窗) 累计 items=212 windows=6729 elapsed=9682s
[gpu6] [extract] VideoUnmaskSwap_ep301_exec windows=18 took=25.9s (1437 ms/窗) 累计 items=212 windows=6735 elapsed=9683s
[gpu7] [extract] VideoUnmaskSwap_ep302_exec windows=18 took=25.9s (1439 ms/窗) 累计 items=212 windows=6734 elapsed=9684s
[gpu0] [extract] BinFill_ep104_demo windows=17 took=24.5s (1441 ms/窗) 累计 items=212 windows=6724 elapsed=9686s
[gpu2] [extract] BinFill_ep10_exec windows=17 took=24.4s (1435 ms/窗) 累计 items=213 windows=6761 elapsed=9702s
[gpu4] [extract] BinFill_ep110_demo windows=17 took=24.4s (1437 ms/窗) 累计 items=213 windows=6758 elapsed=9704s
[gpu5] [extract] BinFill_ep11_exec windows=17 took=24.4s (1436 ms/窗) 累计 items=213 windows=6757 elapsed=9705s
[gpu1] [extract] BinFill_ep123_exec windows=17 took=24.4s (1435 ms/窗) 累计 items=213 windows=6753 elapsed=9706s
[gpu3] [extract] BinFill_ep124_exec windows=17 took=24.5s (1438 ms/窗) 累计 items=213 windows=6746 elapsed=9707s
[gpu6] [extract] BinFill_ep133_demo windows=17 took=24.5s (1442 ms/窗) 累计 items=213 windows=6752 elapsed=9707s
[gpu7] [extract] BinFill_ep15_demo windows=17 took=24.6s (1448 ms/窗) 累计 items=213 windows=6751 elapsed=9709s
[gpu0] [extract] BinFill_ep20_exec windows=17 took=24.5s (1439 ms/窗) 累计 items=213 windows=6741 elapsed=9710s
[gpu2] [extract] BinFill_ep22_demo windows=17 took=24.5s (1438 ms/窗) 累计 items=214 windows=6778 elapsed=9727s
[gpu4] [extract] BinFill_ep26_demo windows=17 took=24.4s (1438 ms/窗) 累计 items=214 windows=6775 elapsed=9729s
[gpu5] [extract] BinFill_ep29_demo windows=17 took=24.5s (1438 ms/窗) 累计 items=214 windows=6774 elapsed=9729s
[gpu1] [extract] BinFill_ep30_demo windows=17 took=24.5s (1438 ms/窗) 累计 items=214 windows=6770 elapsed=9731s
[gpu3] [extract] BinFill_ep44_exec windows=17 took=24.4s (1434 ms/窗) 累计 items=214 windows=6763 elapsed=9731s
[gpu6] [extract] BinFill_ep45_demo windows=17 took=24.5s (1440 ms/窗) 累计 items=214 windows=6769 elapsed=9732s
[gpu7] [extract] BinFill_ep48_demo windows=17 took=24.5s (1441 ms/窗) 累计 items=214 windows=6768 elapsed=9733s
[gpu0] [extract] BinFill_ep50_exec windows=17 took=24.4s (1436 ms/窗) 累计 items=214 windows=6758 elapsed=9735s
[gpu2] [extract] BinFill_ep57_exec windows=17 took=24.4s (1433 ms/窗) 累计 items=215 windows=6795 elapsed=9751s
[gpu4] [extract] BinFill_ep67_demo windows=17 took=24.4s (1438 ms/窗) 累计 items=215 windows=6792 elapsed=9753s
[gpu5] [extract] BinFill_ep68_demo windows=17 took=24.4s (1436 ms/窗) 累计 items=215 windows=6791 elapsed=9754s
[gpu1] [extract] BinFill_ep71_exec windows=17 took=24.4s (1437 ms/窗) 累计 items=215 windows=6787 elapsed=9755s
[gpu3] [extract] BinFill_ep74_demo windows=17 took=24.5s (1441 ms/窗) 累计 items=215 windows=6780 elapsed=9756s
[gpu6] [extract] BinFill_ep77_demo windows=17 took=24.5s (1440 ms/窗) 累计 items=215 windows=6786 elapsed=9756s
[gpu7] [extract] BinFill_ep78_exec windows=17 took=24.4s (1436 ms/窗) 累计 items=215 windows=6785 elapsed=9758s
[gpu0] [extract] BinFill_ep81_demo windows=17 took=24.6s (1447 ms/窗) 累计 items=215 windows=6775 elapsed=9759s
[gpu2] [extract] BinFill_ep90_demo windows=17 took=24.5s (1440 ms/窗) 累计 items=216 windows=6812 elapsed=9776s
[gpu4] [extract] BinFill_ep91_demo windows=17 took=24.4s (1438 ms/窗) 累计 items=216 windows=6809 elapsed=9778s
[gpu5] [extract] BinFill_ep97_exec windows=17 took=24.4s (1436 ms/窗) 累计 items=216 windows=6808 elapsed=9778s
[gpu1] [extract] RouteStick_ep201_exec windows=17 took=24.4s (1437 ms/窗) 累计 items=216 windows=6804 elapsed=9779s
[gpu3] [extract] RouteStick_ep202_exec windows=17 took=24.6s (1446 ms/窗) 累计 items=216 windows=6797 elapsed=9780s
[gpu6] [extract] RouteStick_ep208_exec windows=17 took=24.4s (1436 ms/窗) 累计 items=216 windows=6803 elapsed=9781s
[gpu7] [extract] RouteStick_ep216_exec windows=17 took=24.4s (1436 ms/窗) 累计 items=216 windows=6802 elapsed=9782s
[gpu0] [extract] RouteStick_ep219_exec windows=17 took=24.4s (1435 ms/窗) 累计 items=216 windows=6792 elapsed=9784s
[gpu2] [extract] RouteStick_ep223_exec windows=17 took=24.4s (1435 ms/窗) 累计 items=217 windows=6829 elapsed=9800s
[gpu4] [extract] RouteStick_ep227_exec windows=17 took=24.4s (1434 ms/窗) 累计 items=217 windows=6826 elapsed=9802s
[gpu5] [extract] RouteStick_ep229_exec windows=17 took=24.4s (1436 ms/窗) 累计 items=217 windows=6825 elapsed=9803s
[gpu1] [extract] RouteStick_ep236_exec windows=17 took=24.4s (1437 ms/窗) 累计 items=217 windows=6821 elapsed=9804s
[gpu3] [extract] RouteStick_ep239_exec windows=17 took=24.4s (1435 ms/窗) 累计 items=217 windows=6814 elapsed=9805s
[gpu6] [extract] RouteStick_ep244_exec windows=17 took=24.4s (1436 ms/窗) 累计 items=217 windows=6820 elapsed=9805s
[gpu7] [extract] RouteStick_ep247_exec windows=17 took=24.4s (1435 ms/窗) 累计 items=217 windows=6819 elapsed=9806s
[gpu0] [extract] RouteStick_ep249_exec windows=17 took=24.5s (1444 ms/窗) 累计 items=217 windows=6809 elapsed=9808s
[gpu2] [extract] RouteStick_ep251_exec windows=17 took=24.4s (1434 ms/窗) 累计 items=218 windows=6846 elapsed=9824s
[gpu4] [extract] RouteStick_ep258_exec windows=17 took=24.4s (1434 ms/窗) 累计 items=218 windows=6843 elapsed=9827s
[gpu5] [extract] RouteStick_ep264_exec windows=17 took=24.5s (1439 ms/窗) 累计 items=218 windows=6842 elapsed=9827s
[gpu1] [extract] RouteStick_ep265_exec windows=17 took=24.4s (1436 ms/窗) 累计 items=218 windows=6838 elapsed=9828s
[gpu3] [extract] RouteStick_ep272_exec windows=17 took=24.5s (1439 ms/窗) 累计 items=218 windows=6831 elapsed=9829s
[gpu6] [extract] RouteStick_ep273_exec windows=17 took=24.4s (1436 ms/窗) 累计 items=218 windows=6837 elapsed=9830s
[gpu7] [extract] RouteStick_ep279_exec windows=17 took=24.4s (1436 ms/窗) 累计 items=218 windows=6836 elapsed=9831s
[gpu0] [extract] RouteStick_ep282_exec windows=17 took=24.5s (1441 ms/窗) 累计 items=218 windows=6826 elapsed=9833s
[gpu2] [extract] RouteStick_ep283_exec windows=17 took=24.4s (1434 ms/窗) 累计 items=219 windows=6863 elapsed=9849s
[gpu4] [extract] RouteStick_ep288_exec windows=17 took=24.4s (1436 ms/窗) 累计 items=219 windows=6860 elapsed=9851s
[gpu5] [extract] RouteStick_ep292_exec windows=17 took=24.4s (1436 ms/窗) 累计 items=219 windows=6859 elapsed=9852s
[gpu1] [extract] RouteStick_ep299_exec windows=17 took=24.5s (1440 ms/窗) 累计 items=219 windows=6855 elapsed=9853s
[gpu3] [extract] VideoRepick_ep102_demo windows=17 took=24.4s (1435 ms/窗) 累计 items=219 windows=6848 elapsed=9853s
[gpu6] [extract] VideoRepick_ep103_demo windows=17 took=24.5s (1440 ms/窗) 累计 items=219 windows=6854 elapsed=9854s
[gpu7] [extract] VideoRepick_ep109_demo windows=17 took=24.5s (1441 ms/窗) 累计 items=219 windows=6853 elapsed=9855s
[gpu0] [extract] VideoRepick_ep110_demo windows=17 took=24.5s (1444 ms/窗) 累计 items=219 windows=6843 elapsed=9857s
[gpu2] [extract] VideoRepick_ep111_demo windows=17 took=24.4s (1438 ms/窗) 累计 items=220 windows=6880 elapsed=9873s
[gpu4] [extract] VideoRepick_ep128_demo windows=17 took=24.4s (1435 ms/窗) 累计 items=220 windows=6877 elapsed=9875s
[gpu5] [extract] VideoRepick_ep129_demo windows=17 took=24.4s (1437 ms/窗) 累计 items=220 windows=6876 elapsed=9876s
[gpu1] [extract] VideoRepick_ep165_exec windows=17 took=24.4s (1434 ms/窗) 累计 items=220 windows=6872 elapsed=9877s
[gpu3] [extract] VideoRepick_ep205_exec windows=17 took=24.4s (1436 ms/窗) 累计 items=220 windows=6865 elapsed=9878s
[gpu6] [extract] VideoRepick_ep22_demo windows=17 took=24.5s (1440 ms/窗) 累计 items=220 windows=6871 elapsed=9879s
[gpu7] [extract] VideoRepick_ep29_demo windows=17 took=24.5s (1440 ms/窗) 累计 items=220 windows=6870 elapsed=9880s
[gpu0] [extract] VideoRepick_ep30_demo windows=17 took=24.5s (1440 ms/窗) 累计 items=220 windows=6860 elapsed=9882s
[gpu2] [extract] VideoRepick_ep36_demo windows=17 took=24.4s (1435 ms/窗) 累计 items=221 windows=6897 elapsed=9898s
[gpu4] [extract] VideoRepick_ep46_demo windows=17 took=24.4s (1436 ms/窗) 累计 items=221 windows=6894 elapsed=9900s
[gpu5] [extract] VideoRepick_ep48_demo windows=17 took=24.4s (1436 ms/窗) 累计 items=221 windows=6893 elapsed=9900s
[gpu1] [extract] VideoRepick_ep54_demo windows=17 took=24.5s (1441 ms/窗) 累计 items=221 windows=6889 elapsed=9902s
[gpu3] [extract] VideoRepick_ep63_demo windows=17 took=24.4s (1437 ms/窗) 累计 items=221 windows=6882 elapsed=9902s
[gpu6] [extract] VideoRepick_ep79_demo windows=17 took=24.5s (1439 ms/窗) 累计 items=221 windows=6888 elapsed=9903s
[gpu7] [extract] VideoRepick_ep83_demo windows=17 took=24.4s (1437 ms/窗) 累计 items=221 windows=6887 elapsed=9904s
[gpu0] [extract] VideoRepick_ep87_demo windows=17 took=24.5s (1443 ms/窗) 累计 items=221 windows=6877 elapsed=9906s
[gpu2] [extract] VideoRepick_ep93_demo windows=17 took=24.4s (1435 ms/窗) 累计 items=222 windows=6914 elapsed=9922s
[gpu4] [extract] VideoRepick_ep94_demo windows=17 took=24.4s (1433 ms/窗) 累计 items=222 windows=6911 elapsed=9924s
[gpu5] [extract] VideoUnmaskSwap_ep212_exec windows=17 took=24.4s (1436 ms/窗) 累计 items=222 windows=6910 elapsed=9925s
[gpu1] [extract] VideoUnmaskSwap_ep287_exec windows=17 took=24.5s (1439 ms/窗) 累计 items=222 windows=6906 elapsed=9926s
[gpu3] [extract] VideoUnmaskSwap_ep297_exec windows=17 took=24.5s (1438 ms/窗) 累计 items=222 windows=6899 elapsed=9927s
[gpu6] [extract] VideoUnmaskSwap_ep298_exec windows=17 took=24.5s (1439 ms/窗) 累计 items=222 windows=6905 elapsed=9927s
[gpu7] [extract] VideoUnmaskSwap_ep327_exec windows=17 took=24.4s (1435 ms/窗) 累计 items=222 windows=6904 elapsed=9929s
[gpu0] [extract] BinFill_ep104_exec windows=16 took=23.1s (1441 ms/窗) 累计 items=222 windows=6893 elapsed=9929s
[gpu2] [extract] BinFill_ep110_exec windows=16 took=23.0s (1435 ms/窗) 累计 items=223 windows=6930 elapsed=9945s
[gpu4] [extract] BinFill_ep120_demo windows=16 took=23.0s (1438 ms/窗) 累计 items=223 windows=6927 elapsed=9947s
[gpu5] [extract] BinFill_ep133_exec windows=16 took=23.0s (1436 ms/窗) 累计 items=223 windows=6926 elapsed=9948s
[gpu1] [extract] BinFill_ep15_exec windows=16 took=23.0s (1436 ms/窗) 累计 items=223 windows=6922 elapsed=9949s
[gpu3] [extract] BinFill_ep18_demo windows=16 took=23.0s (1438 ms/窗) 累计 items=223 windows=6915 elapsed=9950s
[gpu6] [extract] BinFill_ep22_exec windows=16 took=23.0s (1437 ms/窗) 累计 items=223 windows=6921 elapsed=9950s
[gpu7] [extract] BinFill_ep26_exec windows=16 took=23.0s (1436 ms/窗) 累计 items=223 windows=6920 elapsed=9952s
[gpu0] [extract] BinFill_ep29_exec windows=16 took=23.0s (1439 ms/窗) 累计 items=223 windows=6909 elapsed=9952s
[gpu2] [extract] BinFill_ep30_exec windows=16 took=22.9s (1434 ms/窗) 累计 items=224 windows=6946 elapsed=9968s
[gpu4] [extract] BinFill_ep40_demo windows=16 took=23.0s (1438 ms/窗) 累计 items=224 windows=6943 elapsed=9970s
[gpu5] [extract] BinFill_ep45_exec windows=16 took=22.9s (1434 ms/窗) 累计 items=224 windows=6942 elapsed=9971s
[gpu1] [extract] BinFill_ep48_exec windows=16 took=23.0s (1436 ms/窗) 累计 items=224 windows=6938 elapsed=9972s
[gpu3] [extract] BinFill_ep67_exec windows=16 took=23.0s (1438 ms/窗) 累计 items=224 windows=6931 elapsed=9973s
[gpu6] [extract] BinFill_ep68_exec windows=16 took=23.0s (1437 ms/窗) 累计 items=224 windows=6937 elapsed=9973s
[gpu7] [extract] BinFill_ep74_exec windows=16 took=23.0s (1436 ms/窗) 累计 items=224 windows=6936 elapsed=9975s
[gpu0] [extract] BinFill_ep77_exec windows=16 took=23.0s (1439 ms/窗) 累计 items=224 windows=6925 elapsed=9976s
[gpu2] [extract] BinFill_ep81_exec windows=16 took=23.0s (1435 ms/窗) 累计 items=225 windows=6962 elapsed=9991s
[gpu4] [extract] BinFill_ep90_exec windows=16 took=22.9s (1434 ms/窗) 累计 items=225 windows=6959 elapsed=9993s
[gpu5] [extract] BinFill_ep91_exec windows=16 took=22.9s (1433 ms/窗) 累计 items=225 windows=6958 elapsed=9994s
[gpu1] [extract] VideoRepick_ep103_exec windows=16 took=23.0s (1435 ms/窗) 累计 items=225 windows=6954 elapsed=9995s
[gpu3] [extract] VideoRepick_ep104_demo windows=16 took=23.0s (1438 ms/窗) 累计 items=225 windows=6947 elapsed=9996s
[gpu6] [extract] VideoRepick_ep112_demo windows=16 took=23.0s (1438 ms/窗) 累计 items=225 windows=6953 elapsed=9996s
[gpu7] [extract] VideoRepick_ep114_demo windows=16 took=23.0s (1440 ms/窗) 累计 items=225 windows=6952 elapsed=9998s
[gpu0] [extract] VideoRepick_ep117_demo windows=16 took=23.1s (1443 ms/窗) 累计 items=225 windows=6941 elapsed=9999s
[gpu2] [extract] VideoRepick_ep118_demo windows=16 took=23.0s (1440 ms/窗) 累计 items=226 windows=6978 elapsed=10014s
[gpu4] [extract] VideoRepick_ep11_demo windows=16 took=22.9s (1434 ms/窗) 累计 items=226 windows=6975 elapsed=10016s
[gpu5] [extract] VideoRepick_ep122_demo windows=16 took=23.1s (1441 ms/窗) 累计 items=226 windows=6974 elapsed=10017s
[gpu1] [extract] VideoRepick_ep122_exec windows=16 took=23.0s (1436 ms/窗) 累计 items=226 windows=6970 elapsed=10018s
[gpu3] [extract] VideoRepick_ep125_demo windows=16 took=23.0s (1440 ms/窗) 累计 items=226 windows=6963 elapsed=10019s
[gpu6] [extract] VideoRepick_ep127_demo windows=16 took=23.1s (1442 ms/窗) 累计 items=226 windows=6969 elapsed=10019s
[gpu7] [extract] VideoRepick_ep127_exec windows=16 took=23.0s (1435 ms/窗) 累计 items=226 windows=6968 elapsed=10021s
[gpu0] [extract] VideoRepick_ep12_demo windows=16 took=23.0s (1435 ms/窗) 累计 items=226 windows=6957 elapsed=10022s
[gpu2] [extract] VideoRepick_ep130_demo windows=16 took=23.0s (1437 ms/窗) 累计 items=227 windows=6994 elapsed=10037s
[gpu4] [extract] VideoRepick_ep133_demo windows=16 took=23.0s (1435 ms/窗) 累计 items=227 windows=6991 elapsed=10039s
[gpu5] [extract] VideoRepick_ep146_exec windows=16 took=23.0s (1435 ms/窗) 累计 items=227 windows=6990 elapsed=10040s
[gpu1] [extract] VideoRepick_ep147_exec windows=16 took=23.0s (1434 ms/窗) 累计 items=227 windows=6986 elapsed=10041s
[gpu3] [extract] VideoRepick_ep150_exec windows=16 took=23.0s (1436 ms/窗) 累计 items=227 windows=6979 elapsed=10042s
[gpu6] [extract] VideoRepick_ep155_exec windows=16 took=23.0s (1438 ms/窗) 累计 items=227 windows=6985 elapsed=10043s
[gpu7] [extract] VideoRepick_ep157_exec windows=16 took=23.0s (1436 ms/窗) 累计 items=227 windows=6984 elapsed=10044s
[gpu0] [extract] VideoRepick_ep17_demo windows=16 took=23.1s (1443 ms/窗) 累计 items=227 windows=6973 elapsed=10045s
[gpu2] [extract] VideoRepick_ep198_exec windows=16 took=23.0s (1435 ms/窗) 累计 items=228 windows=7010 elapsed=10060s
[gpu4] [extract] VideoRepick_ep200_exec windows=16 took=22.9s (1434 ms/窗) 累计 items=228 windows=7007 elapsed=10062s
[gpu5] [extract] VideoRepick_ep214_exec windows=16 took=22.9s (1433 ms/窗) 累计 items=228 windows=7006 elapsed=10063s
[gpu1] [extract] VideoRepick_ep225_exec windows=16 took=23.0s (1441 ms/窗) 累计 items=228 windows=7002 elapsed=10064s
[gpu3] [extract] VideoRepick_ep229_exec windows=16 took=23.0s (1436 ms/窗) 累计 items=228 windows=6995 elapsed=10065s
[gpu6] [extract] VideoRepick_ep237_exec windows=16 took=23.0s (1436 ms/窗) 累计 items=228 windows=7001 elapsed=10065s
[gpu7] [extract] VideoRepick_ep249_exec windows=16 took=23.0s (1435 ms/窗) 累计 items=228 windows=7000 elapsed=10067s
[gpu0] [extract] VideoRepick_ep24_exec windows=16 took=23.1s (1442 ms/窗) 累计 items=228 windows=6989 elapsed=10068s
[gpu2] [extract] VideoRepick_ep25_demo windows=16 took=23.0s (1438 ms/窗) 累计 items=229 windows=7026 elapsed=10083s
[gpu4] [extract] VideoRepick_ep266_exec windows=16 took=23.0s (1438 ms/窗) 累计 items=229 windows=7023 elapsed=10085s
[gpu5] [extract] VideoRepick_ep27_demo windows=16 took=23.0s (1437 ms/窗) 累计 items=229 windows=7022 elapsed=10086s
[gpu1] [extract] VideoRepick_ep281_exec windows=16 took=23.0s (1435 ms/窗) 累计 items=229 windows=7018 elapsed=10087s
[gpu3] [extract] VideoRepick_ep288_exec windows=16 took=22.9s (1434 ms/窗) 累计 items=229 windows=7011 elapsed=10088s
[gpu6] [extract] VideoRepick_ep292_exec windows=16 took=23.0s (1436 ms/窗) 累计 items=229 windows=7017 elapsed=10088s
[gpu7] [extract] VideoRepick_ep2_demo windows=16 took=23.0s (1436 ms/窗) 累计 items=229 windows=7016 elapsed=10090s
[gpu0] [extract] VideoRepick_ep314_exec windows=16 took=23.0s (1439 ms/窗) 累计 items=229 windows=7005 elapsed=10091s
[gpu2] [extract] VideoRepick_ep34_demo windows=16 took=22.9s (1434 ms/窗) 累计 items=230 windows=7042 elapsed=10106s
[gpu4] [extract] VideoRepick_ep35_demo windows=16 took=23.0s (1435 ms/窗) 累计 items=230 windows=7039 elapsed=10108s
[gpu5] [extract] VideoRepick_ep379_exec windows=16 took=23.0s (1435 ms/窗) 累计 items=230 windows=7038 elapsed=10109s
[gpu1] [extract] VideoRepick_ep386_exec windows=16 took=23.0s (1436 ms/窗) 累计 items=230 windows=7034 elapsed=10110s
[gpu3] [extract] VideoRepick_ep38_demo windows=16 took=23.1s (1442 ms/窗) 累计 items=230 windows=7027 elapsed=10111s
[gpu6] [extract] VideoRepick_ep43_demo windows=16 took=23.0s (1440 ms/窗) 累计 items=230 windows=7033 elapsed=10111s
[gpu7] [extract] VideoRepick_ep45_demo windows=16 took=23.0s (1440 ms/窗) 累计 items=230 windows=7032 elapsed=10113s
[gpu0] [extract] VideoRepick_ep45_exec windows=16 took=23.1s (1441 ms/窗) 累计 items=230 windows=7021 elapsed=10114s
[gpu2] [extract] VideoRepick_ep51_demo windows=16 took=23.0s (1437 ms/窗) 累计 items=231 windows=7058 elapsed=10129s
[gpu4] [extract] VideoRepick_ep53_demo windows=16 took=23.0s (1437 ms/窗) 累计 items=231 windows=7055 elapsed=10131s
[gpu5] [extract] VideoRepick_ep53_exec windows=16 took=22.9s (1433 ms/窗) 累计 items=231 windows=7054 elapsed=10131s
[gpu1] [extract] VideoRepick_ep56_demo windows=16 took=23.0s (1440 ms/窗) 累计 items=231 windows=7050 elapsed=10133s
[gpu3] [extract] VideoRepick_ep57_exec windows=16 took=23.0s (1438 ms/窗) 累计 items=231 windows=7043 elapsed=10134s
[gpu6] [extract] VideoRepick_ep5_demo windows=16 took=23.0s (1440 ms/窗) 累计 items=231 windows=7049 elapsed=10135s
[gpu7] [extract] VideoRepick_ep60_exec windows=16 took=23.0s (1436 ms/窗) 累计 items=231 windows=7048 elapsed=10136s
[gpu0] [extract] VideoRepick_ep62_demo windows=16 took=23.0s (1440 ms/窗) 累计 items=231 windows=7037 elapsed=10137s
[gpu2] [extract] VideoRepick_ep64_demo windows=16 took=23.0s (1435 ms/窗) 累计 items=232 windows=7074 elapsed=10152s
[gpu4] [extract] VideoRepick_ep65_demo windows=16 took=22.9s (1433 ms/窗) 累计 items=232 windows=7071 elapsed=10154s
[gpu5] [extract] VideoRepick_ep66_demo windows=16 took=23.0s (1438 ms/窗) 累计 items=232 windows=7070 elapsed=10154s
[gpu1] [extract] VideoRepick_ep68_demo windows=16 took=23.0s (1435 ms/窗) 累计 items=232 windows=7066 elapsed=10156s
[gpu3] [extract] VideoRepick_ep70_demo windows=16 took=23.1s (1441 ms/窗) 累计 items=232 windows=7059 elapsed=10157s
[gpu6] [extract] VideoRepick_ep70_exec windows=16 took=23.0s (1436 ms/窗) 累计 items=232 windows=7065 elapsed=10158s
[gpu7] [extract] VideoRepick_ep72_demo windows=16 took=23.0s (1436 ms/窗) 累计 items=232 windows=7064 elapsed=10159s
[gpu0] [extract] VideoRepick_ep74_demo windows=16 took=23.0s (1436 ms/窗) 累计 items=232 windows=7053 elapsed=10160s
[gpu2] [extract] VideoRepick_ep77_demo windows=16 took=23.0s (1439 ms/窗) 累计 items=233 windows=7090 elapsed=10175s
[gpu4] [extract] VideoRepick_ep7_demo windows=16 took=23.0s (1435 ms/窗) 累计 items=233 windows=7087 elapsed=10177s
[gpu5] [extract] VideoRepick_ep82_demo windows=16 took=23.0s (1439 ms/窗) 累计 items=233 windows=7086 elapsed=10178s
[gpu1] [extract] VideoRepick_ep84_demo windows=16 took=23.0s (1440 ms/窗) 累计 items=233 windows=7082 elapsed=10179s
[gpu3] [extract] VideoRepick_ep88_exec windows=16 took=23.0s (1435 ms/窗) 累计 items=233 windows=7075 elapsed=10180s
[gpu6] [extract] VideoRepick_ep8_demo windows=16 took=23.0s (1437 ms/窗) 累计 items=233 windows=7081 elapsed=10181s
[gpu7] [extract] VideoRepick_ep97_demo windows=16 took=23.0s (1437 ms/窗) 累计 items=233 windows=7080 elapsed=10182s
[gpu0] [extract] VideoRepick_ep99_exec windows=16 took=23.0s (1438 ms/窗) 累计 items=233 windows=7069 elapsed=10183s
[gpu2] [extract] VideoUnmaskSwap_ep207_exec windows=16 took=23.0s (1435 ms/窗) 累计 items=234 windows=7106 elapsed=10198s
[gpu4] [extract] VideoUnmaskSwap_ep216_exec windows=16 took=23.0s (1438 ms/窗) 累计 items=234 windows=7103 elapsed=10200s
[gpu5] [extract] VideoUnmaskSwap_ep221_exec windows=16 took=23.0s (1436 ms/窗) 累计 items=234 windows=7102 elapsed=10201s
[gpu1] [extract] VideoUnmaskSwap_ep230_exec windows=16 took=23.0s (1435 ms/窗) 累计 items=234 windows=7098 elapsed=10202s
[gpu3] [extract] VideoUnmaskSwap_ep276_exec windows=16 took=23.0s (1437 ms/窗) 累计 items=234 windows=7091 elapsed=10203s
[gpu6] [extract] VideoUnmaskSwap_ep277_exec windows=16 took=23.0s (1439 ms/窗) 累计 items=234 windows=7097 elapsed=10204s
[gpu7] [extract] VideoUnmaskSwap_ep278_exec windows=16 took=23.0s (1438 ms/窗) 累计 items=234 windows=7096 elapsed=10205s
[gpu0] [extract] VideoUnmaskSwap_ep280_exec windows=16 took=23.1s (1441 ms/窗) 累计 items=234 windows=7085 elapsed=10206s
[gpu2] [extract] VideoUnmaskSwap_ep288_exec windows=16 took=23.0s (1437 ms/窗) 累计 items=235 windows=7122 elapsed=10221s
[gpu4] [extract] VideoUnmaskSwap_ep301_demo windows=16 took=23.0s (1435 ms/窗) 累计 items=235 windows=7119 elapsed=10223s
[gpu5] [extract] VideoUnmaskSwap_ep302_demo windows=16 took=23.0s (1437 ms/窗) 累计 items=235 windows=7118 elapsed=10223s
[gpu1] [extract] VideoUnmaskSwap_ep306_demo windows=16 took=23.0s (1440 ms/窗) 累计 items=235 windows=7114 elapsed=10225s
[gpu3] [extract] VideoUnmaskSwap_ep307_demo windows=16 took=23.0s (1439 ms/窗) 累计 items=235 windows=7107 elapsed=10226s
[gpu6] [extract] VideoUnmaskSwap_ep309_demo windows=16 took=23.1s (1441 ms/窗) 累计 items=235 windows=7113 elapsed=10227s
[gpu7] [extract] VideoUnmaskSwap_ep310_demo windows=16 took=23.0s (1440 ms/窗) 累计 items=235 windows=7112 elapsed=10228s
[gpu0] [extract] VideoUnmaskSwap_ep312_demo windows=16 took=23.1s (1443 ms/窗) 累计 items=235 windows=7101 elapsed=10229s
[gpu2] [extract] VideoUnmaskSwap_ep313_demo windows=16 took=23.0s (1439 ms/窗) 累计 items=236 windows=7138 elapsed=10244s
[gpu4] [extract] VideoUnmaskSwap_ep313_exec windows=16 took=22.9s (1434 ms/窗) 累计 items=236 windows=7135 elapsed=10246s
[gpu5] [extract] VideoUnmaskSwap_ep317_demo windows=16 took=23.1s (1441 ms/窗) 累计 items=236 windows=7134 elapsed=10247s
[gpu1] [extract] VideoUnmaskSwap_ep319_demo windows=16 took=23.0s (1439 ms/窗) 累计 items=236 windows=7130 elapsed=10248s
[gpu3] [extract] VideoUnmaskSwap_ep320_demo windows=16 took=23.1s (1443 ms/窗) 累计 items=236 windows=7123 elapsed=10249s
[gpu6] [extract] VideoUnmaskSwap_ep321_demo windows=16 took=23.0s (1440 ms/窗) 累计 items=236 windows=7129 elapsed=10250s
[gpu7] [extract] VideoUnmaskSwap_ep322_demo windows=16 took=23.0s (1439 ms/窗) 累计 items=236 windows=7128 elapsed=10251s
[gpu0] [extract] VideoUnmaskSwap_ep323_demo windows=16 took=23.0s (1438 ms/窗) 累计 items=236 windows=7117 elapsed=10252s
[gpu2] [extract] VideoUnmaskSwap_ep323_exec windows=16 took=22.9s (1434 ms/窗) 累计 items=237 windows=7154 elapsed=10267s
[gpu4] [extract] VideoUnmaskSwap_ep328_demo windows=16 took=23.0s (1437 ms/窗) 累计 items=237 windows=7151 elapsed=10269s
[gpu5] [extract] VideoUnmaskSwap_ep329_demo windows=16 took=23.0s (1438 ms/窗) 累计 items=237 windows=7150 elapsed=10270s
[gpu1] [extract] VideoUnmaskSwap_ep32_exec windows=16 took=23.0s (1437 ms/窗) 累计 items=237 windows=7146 elapsed=10271s
[gpu3] [extract] VideoUnmaskSwap_ep330_demo windows=16 took=23.0s (1439 ms/窗) 累计 items=237 windows=7139 elapsed=10272s
[gpu6] [extract] VideoUnmaskSwap_ep334_demo windows=16 took=23.1s (1442 ms/窗) 累计 items=237 windows=7145 elapsed=10273s
[gpu7] [extract] VideoUnmaskSwap_ep336_demo windows=16 took=23.0s (1440 ms/窗) 累计 items=237 windows=7144 elapsed=10274s
[gpu0] [extract] VideoUnmaskSwap_ep339_demo windows=16 took=23.2s (1448 ms/窗) 累计 items=237 windows=7133 elapsed=10275s
[gpu2] [extract] VideoUnmaskSwap_ep342_demo windows=16 took=23.0s (1437 ms/窗) 累计 items=238 windows=7170 elapsed=10290s
[gpu4] [extract] VideoUnmaskSwap_ep342_exec windows=16 took=23.0s (1435 ms/窗) 累计 items=238 windows=7167 elapsed=10292s
[gpu5] [extract] VideoUnmaskSwap_ep343_demo windows=16 took=23.0s (1439 ms/窗) 累计 items=238 windows=7166 elapsed=10293s
[gpu1] [extract] VideoUnmaskSwap_ep345_demo windows=16 took=23.0s (1439 ms/窗) 累计 items=238 windows=7162 elapsed=10294s
[gpu3] [extract] VideoUnmaskSwap_ep347_demo windows=16 took=23.1s (1442 ms/窗) 累计 items=238 windows=7155 elapsed=10295s
[gpu6] [extract] VideoUnmaskSwap_ep347_exec windows=16 took=23.0s (1436 ms/窗) 累计 items=238 windows=7161 elapsed=10296s
[gpu7] [extract] VideoUnmaskSwap_ep348_demo windows=16 took=23.0s (1439 ms/窗) 累计 items=238 windows=7160 elapsed=10297s
[gpu0] [extract] VideoUnmaskSwap_ep350_demo windows=16 took=23.0s (1440 ms/窗) 累计 items=238 windows=7149 elapsed=10298s
[gpu2] [extract] VideoUnmaskSwap_ep352_demo windows=16 took=23.0s (1437 ms/窗) 累计 items=239 windows=7186 elapsed=10313s
[gpu4] [extract] VideoUnmaskSwap_ep353_exec windows=16 took=22.9s (1434 ms/窗) 累计 items=239 windows=7183 elapsed=10315s
[gpu5] [extract] VideoUnmaskSwap_ep356_demo windows=16 took=23.0s (1437 ms/窗) 累计 items=239 windows=7182 elapsed=10316s
[gpu1] [extract] VideoUnmaskSwap_ep357_demo windows=16 took=23.0s (1439 ms/窗) 累计 items=239 windows=7178 elapsed=10317s
[gpu3] [extract] VideoUnmaskSwap_ep361_demo windows=16 took=23.0s (1439 ms/窗) 累计 items=239 windows=7171 elapsed=10318s
[gpu6] [extract] VideoUnmaskSwap_ep362_demo windows=16 took=23.0s (1439 ms/窗) 累计 items=239 windows=7177 elapsed=10319s
[gpu7] [extract] VideoUnmaskSwap_ep365_demo windows=16 took=23.0s (1439 ms/窗) 累计 items=239 windows=7176 elapsed=10320s
[gpu0] [extract] VideoUnmaskSwap_ep366_demo windows=16 took=23.2s (1448 ms/窗) 累计 items=239 windows=7165 elapsed=10321s
[gpu2] [extract] VideoUnmaskSwap_ep367_demo windows=16 took=23.0s (1438 ms/窗) 累计 items=240 windows=7202 elapsed=10336s
[gpu4] [extract] VideoUnmaskSwap_ep368_exec windows=16 took=23.0s (1435 ms/窗) 累计 items=240 windows=7199 elapsed=10338s
[gpu5] [extract] VideoUnmaskSwap_ep369_demo windows=16 took=23.0s (1437 ms/窗) 累计 items=240 windows=7198 elapsed=10339s
[gpu1] [extract] VideoUnmaskSwap_ep371_demo windows=16 took=23.1s (1443 ms/窗) 累计 items=240 windows=7194 elapsed=10340s
[gpu3] [extract] VideoUnmaskSwap_ep372_demo windows=16 took=23.0s (1438 ms/窗) 累计 items=240 windows=7187 elapsed=10341s
[gpu6] [extract] VideoUnmaskSwap_ep373_demo windows=16 took=23.0s (1440 ms/窗) 累计 items=240 windows=7193 elapsed=10342s
[gpu7] [extract] VideoUnmaskSwap_ep374_demo windows=16 took=23.1s (1442 ms/窗) 累计 items=240 windows=7192 elapsed=10343s
[gpu0] [extract] VideoUnmaskSwap_ep375_exec windows=16 took=23.0s (1440 ms/窗) 累计 items=240 windows=7181 elapsed=10344s
[gpu2] [extract] VideoUnmaskSwap_ep378_demo windows=16 took=23.0s (1439 ms/窗) 累计 items=241 windows=7218 elapsed=10359s
[gpu4] [extract] VideoUnmaskSwap_ep380_demo windows=16 took=23.0s (1438 ms/窗) 累计 items=241 windows=7215 elapsed=10361s
[gpu5] [extract] VideoUnmaskSwap_ep380_exec windows=16 took=22.9s (1433 ms/窗) 累计 items=241 windows=7214 elapsed=10362s
[gpu1] [extract] VideoUnmaskSwap_ep381_demo windows=16 took=23.1s (1442 ms/窗) 累计 items=241 windows=7210 elapsed=10363s
[gpu3] [extract] VideoUnmaskSwap_ep382_demo windows=16 took=23.0s (1439 ms/窗) 累计 items=241 windows=7203 elapsed=10364s
[gpu6] [extract] VideoUnmaskSwap_ep384_exec windows=16 took=23.0s (1437 ms/窗) 累计 items=241 windows=7209 elapsed=10365s
[gpu7] [extract] VideoUnmaskSwap_ep387_demo windows=16 took=23.0s (1440 ms/窗) 累计 items=241 windows=7208 elapsed=10366s
[gpu0] [extract] VideoUnmaskSwap_ep389_demo windows=16 took=23.0s (1438 ms/窗) 累计 items=241 windows=7197 elapsed=10367s
[gpu2] [extract] VideoUnmaskSwap_ep390_demo windows=16 took=23.0s (1438 ms/窗) 累计 items=242 windows=7234 elapsed=10382s
[gpu4] [extract] VideoUnmaskSwap_ep391_exec windows=16 took=23.0s (1434 ms/窗) 累计 items=242 windows=7231 elapsed=10384s
[gpu5] [extract] VideoUnmaskSwap_ep393_demo windows=16 took=23.1s (1444 ms/窗) 累计 items=242 windows=7230 elapsed=10385s
[gpu1] [extract] VideoUnmaskSwap_ep394_exec windows=16 took=23.0s (1436 ms/窗) 累计 items=242 windows=7226 elapsed=10386s
[gpu3] [extract] VideoUnmaskSwap_ep395_demo windows=16 took=23.0s (1439 ms/窗) 累计 items=242 windows=7219 elapsed=10387s
[gpu6] [extract] VideoUnmaskSwap_ep397_demo windows=16 took=23.0s (1440 ms/窗) 累计 items=242 windows=7225 elapsed=10388s
[gpu7] [extract] VideoUnmaskSwap_ep398_demo windows=16 took=23.0s (1440 ms/窗) 累计 items=242 windows=7224 elapsed=10389s
[gpu0] [extract] VideoUnmaskSwap_ep399_exec windows=16 took=23.0s (1438 ms/窗) 累计 items=242 windows=7213 elapsed=10390s
[gpu2] [extract] VideoUnmaskSwap_ep52_exec windows=16 took=23.0s (1435 ms/窗) 累计 items=243 windows=7250 elapsed=10405s
[gpu4] [extract] VideoUnmaskSwap_ep55_exec windows=16 took=23.0s (1434 ms/窗) 累计 items=243 windows=7247 elapsed=10407s
[gpu5] [extract] VideoUnmaskSwap_ep64_exec windows=16 took=23.0s (1435 ms/窗) 累计 items=243 windows=7246 elapsed=10408s
[gpu1] [extract] VideoUnmaskSwap_ep76_exec windows=16 took=23.0s (1436 ms/窗) 累计 items=243 windows=7242 elapsed=10409s
[gpu3] [extract] VideoUnmaskSwap_ep82_exec windows=16 took=23.0s (1436 ms/窗) 累计 items=243 windows=7235 elapsed=10410s
[gpu7] [extract] BinFill_ep120_exec windows=15 took=21.5s (1436 ms/窗) 累计 items=243 windows=7239 elapsed=10410s
[gpu6] [extract] VideoUnmaskSwap_ep84_exec windows=16 took=23.0s (1438 ms/窗) 累计 items=243 windows=7241 elapsed=10411s
[gpu0] [extract] BinFill_ep18_exec windows=15 took=21.6s (1439 ms/窗) 累计 items=243 windows=7228 elapsed=10412s
[gpu2] [extract] BinFill_ep40_exec windows=15 took=21.5s (1433 ms/窗) 累计 items=244 windows=7265 elapsed=10426s
[gpu4] [extract] RouteStick_ep100_demo windows=15 took=21.6s (1437 ms/窗) 累计 items=244 windows=7262 elapsed=10428s
[gpu5] [extract] RouteStick_ep101_demo windows=15 took=21.6s (1439 ms/窗) 累计 items=244 windows=7261 elapsed=10429s
[gpu1] [extract] RouteStick_ep102_demo windows=15 took=21.6s (1440 ms/窗) 累计 items=244 windows=7257 elapsed=10431s
[gpu3] [extract] RouteStick_ep106_demo windows=15 took=21.6s (1443 ms/窗) 累计 items=244 windows=7250 elapsed=10432s
[gpu7] [extract] RouteStick_ep109_demo windows=15 took=21.7s (1444 ms/窗) 累计 items=244 windows=7254 elapsed=10432s
[gpu6] [extract] RouteStick_ep110_demo windows=15 took=21.6s (1441 ms/窗) 累计 items=244 windows=7256 elapsed=10432s
[gpu0] [extract] RouteStick_ep111_demo windows=15 took=21.6s (1440 ms/窗) 累计 items=244 windows=7243 elapsed=10434s
[gpu2] [extract] RouteStick_ep112_demo windows=15 took=21.6s (1437 ms/窗) 累计 items=245 windows=7280 elapsed=10448s
[gpu4] [extract] RouteStick_ep113_demo windows=15 took=21.6s (1440 ms/窗) 累计 items=245 windows=7277 elapsed=10450s
[gpu5] [extract] RouteStick_ep118_demo windows=15 took=21.7s (1444 ms/窗) 累计 items=245 windows=7276 elapsed=10451s
[gpu1] [extract] RouteStick_ep121_demo windows=15 took=21.7s (1444 ms/窗) 累计 items=245 windows=7272 elapsed=10453s
[gpu3] [extract] RouteStick_ep122_demo windows=15 took=21.6s (1439 ms/窗) 累计 items=245 windows=7265 elapsed=10453s
[gpu7] [extract] RouteStick_ep124_demo windows=15 took=21.6s (1443 ms/窗) 累计 items=245 windows=7269 elapsed=10454s
[gpu6] [extract] RouteStick_ep128_demo windows=15 took=21.6s (1440 ms/窗) 累计 items=245 windows=7271 elapsed=10454s
[gpu0] [extract] RouteStick_ep129_demo windows=15 took=21.7s (1445 ms/窗) 累计 items=245 windows=7258 elapsed=10455s
[gpu2] [extract] RouteStick_ep130_demo windows=15 took=21.6s (1437 ms/窗) 累计 items=246 windows=7295 elapsed=10469s
[gpu4] [extract] RouteStick_ep133_demo windows=15 took=21.6s (1443 ms/窗) 累计 items=246 windows=7292 elapsed=10471s
[gpu5] [extract] RouteStick_ep137_demo windows=15 took=21.7s (1445 ms/窗) 累计 items=246 windows=7291 elapsed=10473s
[gpu1] [extract] RouteStick_ep138_demo windows=15 took=21.6s (1437 ms/窗) 累计 items=246 windows=7287 elapsed=10474s
[gpu3] [extract] RouteStick_ep139_demo windows=15 took=21.6s (1441 ms/窗) 累计 items=246 windows=7280 elapsed=10475s
[gpu7] [extract] RouteStick_ep140_demo windows=15 took=21.7s (1445 ms/窗) 累计 items=246 windows=7284 elapsed=10475s
[gpu6] [extract] RouteStick_ep142_demo windows=15 took=21.6s (1441 ms/窗) 累计 items=246 windows=7286 elapsed=10476s
[gpu0] [extract] RouteStick_ep143_demo windows=15 took=21.6s (1441 ms/窗) 累计 items=246 windows=7273 elapsed=10477s
[gpu2] [extract] RouteStick_ep145_demo windows=15 took=21.5s (1436 ms/窗) 累计 items=247 windows=7310 elapsed=10491s
[gpu4] [extract] RouteStick_ep147_demo windows=15 took=21.6s (1441 ms/窗) 累计 items=247 windows=7307 elapsed=10493s
[gpu5] [extract] RouteStick_ep150_demo windows=15 took=21.6s (1442 ms/窗) 累计 items=247 windows=7306 elapsed=10494s
[gpu1] [extract] RouteStick_ep151_demo windows=15 took=21.6s (1438 ms/窗) 累计 items=247 windows=7302 elapsed=10496s
[gpu3] [extract] RouteStick_ep152_demo windows=15 took=21.6s (1439 ms/窗) 累计 items=247 windows=7295 elapsed=10497s
[gpu7] [extract] RouteStick_ep154_demo windows=15 took=21.6s (1443 ms/窗) 累计 items=247 windows=7299 elapsed=10497s
[gpu6] [extract] RouteStick_ep157_demo windows=15 took=21.6s (1440 ms/窗) 累计 items=247 windows=7301 elapsed=10497s
[gpu0] [extract] RouteStick_ep163_demo windows=15 took=21.7s (1445 ms/窗) 累计 items=247 windows=7288 elapsed=10499s
[gpu2] [extract] RouteStick_ep164_demo windows=15 took=21.6s (1437 ms/窗) 累计 items=248 windows=7325 elapsed=10512s
[gpu4] [extract] RouteStick_ep165_demo windows=15 took=21.6s (1442 ms/窗) 累计 items=248 windows=7322 elapsed=10515s
[gpu5] [extract] RouteStick_ep167_demo windows=15 took=21.6s (1442 ms/窗) 累计 items=248 windows=7321 elapsed=10516s
[gpu1] [extract] RouteStick_ep168_demo windows=15 took=21.6s (1437 ms/窗) 累计 items=248 windows=7317 elapsed=10517s
[gpu3] [extract] RouteStick_ep170_demo windows=15 took=21.6s (1438 ms/窗) 累计 items=248 windows=7310 elapsed=10518s
[gpu6] [extract] RouteStick_ep174_demo windows=15 took=21.6s (1441 ms/窗) 累计 items=248 windows=7316 elapsed=10519s
[gpu7] [extract] RouteStick_ep172_demo windows=15 took=21.7s (1448 ms/窗) 累计 items=248 windows=7314 elapsed=10519s
[gpu0] [extract] RouteStick_ep176_demo windows=15 took=21.7s (1445 ms/窗) 累计 items=248 windows=7303 elapsed=10520s
[gpu2] [extract] RouteStick_ep179_demo windows=15 took=21.6s (1440 ms/窗) 累计 items=249 windows=7340 elapsed=10534s
[gpu4] [extract] RouteStick_ep182_demo windows=15 took=21.6s (1441 ms/窗) 累计 items=249 windows=7337 elapsed=10536s
[gpu5] [extract] RouteStick_ep186_demo windows=15 took=21.6s (1438 ms/窗) 累计 items=249 windows=7336 elapsed=10537s
[gpu1] [extract] RouteStick_ep187_demo windows=15 took=21.6s (1442 ms/窗) 累计 items=249 windows=7332 elapsed=10539s
[gpu3] [extract] RouteStick_ep188_demo windows=15 took=21.6s (1439 ms/窗) 累计 items=249 windows=7325 elapsed=10540s
[gpu6] [extract] RouteStick_ep189_demo windows=15 took=21.6s (1442 ms/窗) 累计 items=249 windows=7331 elapsed=10541s
[gpu7] [extract] RouteStick_ep191_demo windows=15 took=21.7s (1448 ms/窗) 累计 items=249 windows=7329 elapsed=10541s
[gpu0] [extract] RouteStick_ep192_demo windows=15 took=21.6s (1439 ms/窗) 累计 items=249 windows=7318 elapsed=10542s
[gpu2] [extract] RouteStick_ep194_demo windows=15 took=21.6s (1437 ms/窗) 累计 items=250 windows=7355 elapsed=10556s
[gpu4] [extract] RouteStick_ep195_demo windows=15 took=21.6s (1441 ms/窗) 累计 items=250 windows=7352 elapsed=10558s
[gpu5] [extract] RouteStick_ep199_demo windows=15 took=21.6s (1442 ms/窗) 累计 items=250 windows=7351 elapsed=10559s
[gpu1] [extract] RouteStick_ep203_demo windows=15 took=21.6s (1440 ms/窗) 累计 items=250 windows=7347 elapsed=10560s
[gpu3] [extract] RouteStick_ep204_demo windows=15 took=21.6s (1441 ms/窗) 累计 items=250 windows=7340 elapsed=10561s
[gpu6] [extract] RouteStick_ep209_demo windows=15 took=21.6s (1440 ms/窗) 累计 items=250 windows=7346 elapsed=10562s
[gpu7] [extract] RouteStick_ep215_demo windows=15 took=21.6s (1443 ms/窗) 累计 items=250 windows=7344 elapsed=10562s
[gpu0] [extract] RouteStick_ep217_demo windows=15 took=21.6s (1442 ms/窗) 累计 items=250 windows=7333 elapsed=10564s
[gpu2] [extract] RouteStick_ep224_demo windows=15 took=21.6s (1437 ms/窗) 累计 items=251 windows=7370 elapsed=10577s
[gpu4] [extract] RouteStick_ep226_demo windows=15 took=21.6s (1443 ms/窗) 累计 items=251 windows=7367 elapsed=10580s
[gpu5] [extract] RouteStick_ep230_demo windows=15 took=21.6s (1437 ms/窗) 累计 items=251 windows=7366 elapsed=10581s
[gpu1] [extract] RouteStick_ep231_demo windows=15 took=21.6s (1441 ms/窗) 累计 items=251 windows=7362 elapsed=10582s
[gpu3] [extract] RouteStick_ep238_demo windows=15 took=21.6s (1438 ms/窗) 累计 items=251 windows=7355 elapsed=10583s
[gpu6] [extract] RouteStick_ep241_demo windows=15 took=21.6s (1441 ms/窗) 累计 items=251 windows=7361 elapsed=10584s
[gpu7] [extract] RouteStick_ep243_demo windows=15 took=21.7s (1447 ms/窗) 累计 items=251 windows=7359 elapsed=10584s
[gpu0] [extract] RouteStick_ep248_demo windows=15 took=21.7s (1444 ms/窗) 累计 items=251 windows=7348 elapsed=10585s
[gpu2] [extract] RouteStick_ep257_demo windows=15 took=21.5s (1437 ms/窗) 累计 items=252 windows=7385 elapsed=10599s
[gpu4] [extract] RouteStick_ep259_demo windows=15 took=21.6s (1443 ms/窗) 累计 items=252 windows=7382 elapsed=10601s
[gpu5] [extract] RouteStick_ep260_demo windows=15 took=21.6s (1441 ms/窗) 累计 items=252 windows=7381 elapsed=10602s
[gpu1] [extract] RouteStick_ep261_demo windows=15 took=21.6s (1442 ms/窗) 累计 items=252 windows=7377 elapsed=10604s
[gpu3] [extract] RouteStick_ep269_demo windows=15 took=21.7s (1445 ms/窗) 累计 items=252 windows=7370 elapsed=10605s
[gpu6] [extract] RouteStick_ep275_demo windows=15 took=21.6s (1440 ms/窗) 累计 items=252 windows=7376 elapsed=10605s
[gpu7] [extract] RouteStick_ep278_demo windows=15 took=21.6s (1440 ms/窗) 累计 items=252 windows=7374 elapsed=10605s
[gpu0] [extract] RouteStick_ep280_demo windows=15 took=21.7s (1443 ms/窗) 累计 items=252 windows=7363 elapsed=10607s
[gpu2] [extract] RouteStick_ep284_demo windows=15 took=21.6s (1441 ms/窗) 累计 items=253 windows=7400 elapsed=10620s
[gpu4] [extract] RouteStick_ep290_demo windows=15 took=21.6s (1442 ms/窗) 累计 items=253 windows=7397 elapsed=10623s
[gpu5] [extract] RouteStick_ep291_demo windows=15 took=21.6s (1442 ms/窗) 累计 items=253 windows=7396 elapsed=10624s
[gpu1] [extract] RouteStick_ep295_demo windows=15 took=21.6s (1438 ms/窗) 累计 items=253 windows=7392 elapsed=10625s
[gpu3] [extract] VideoRepick_ep104_exec windows=15 took=21.6s (1441 ms/窗) 累计 items=253 windows=7385 elapsed=10626s
[gpu6] [extract] VideoRepick_ep105_demo windows=15 took=21.6s (1438 ms/窗) 累计 items=253 windows=7391 elapsed=10627s
[gpu7] [extract] VideoRepick_ep10_demo windows=15 took=21.7s (1444 ms/窗) 累计 items=253 windows=7389 elapsed=10627s
[gpu0] [extract] VideoRepick_ep111_exec windows=15 took=21.6s (1440 ms/窗) 累计 items=253 windows=7378 elapsed=10628s
[gpu2] [extract] VideoRepick_ep114_exec windows=15 took=21.5s (1434 ms/窗) 累计 items=254 windows=7415 elapsed=10642s
[gpu4] [extract] VideoRepick_ep119_exec windows=15 took=21.5s (1434 ms/窗) 累计 items=254 windows=7412 elapsed=10644s
[gpu5] [extract] VideoRepick_ep130_exec windows=15 took=21.6s (1441 ms/窗) 累计 items=254 windows=7411 elapsed=10645s
[gpu1] [extract] VideoRepick_ep140_exec windows=15 took=21.5s (1435 ms/窗) 累计 items=254 windows=7407 elapsed=10647s
[gpu3] [extract] VideoRepick_ep142_exec windows=15 took=21.6s (1438 ms/窗) 累计 items=254 windows=7400 elapsed=10648s
[gpu6] [extract] VideoRepick_ep156_exec windows=15 took=21.5s (1436 ms/窗) 累计 items=254 windows=7406 elapsed=10649s
[gpu7] [extract] VideoRepick_ep15_exec windows=15 took=21.5s (1435 ms/窗) 累计 items=254 windows=7404 elapsed=10649s
[gpu0] [extract] VideoRepick_ep163_exec windows=15 took=21.6s (1437 ms/窗) 累计 items=254 windows=7393 elapsed=10650s
[gpu2] [extract] VideoRepick_ep172_exec windows=15 took=21.5s (1435 ms/窗) 累计 items=255 windows=7430 elapsed=10663s
[gpu4] [extract] VideoRepick_ep176_exec windows=15 took=21.5s (1434 ms/窗) 累计 items=255 windows=7427 elapsed=10666s
[gpu5] [extract] VideoRepick_ep177_exec windows=15 took=21.5s (1434 ms/窗) 累计 items=255 windows=7426 elapsed=10667s
[gpu1] [extract] VideoRepick_ep181_exec windows=15 took=21.6s (1438 ms/窗) 累计 items=255 windows=7422 elapsed=10668s
[gpu3] [extract] VideoRepick_ep185_exec windows=15 took=21.5s (1434 ms/窗) 累计 items=255 windows=7415 elapsed=10669s
[gpu6] [extract] VideoRepick_ep189_exec windows=15 took=21.6s (1437 ms/窗) 累计 items=255 windows=7421 elapsed=10670s
[gpu7] [extract] VideoRepick_ep18_exec windows=15 took=21.6s (1443 ms/窗) 累计 items=255 windows=7419 elapsed=10670s
[gpu0] [extract] VideoRepick_ep194_exec windows=15 took=21.5s (1435 ms/窗) 累计 items=255 windows=7408 elapsed=10672s
[gpu2] [extract] VideoRepick_ep207_exec windows=15 took=21.6s (1437 ms/窗) 累计 items=256 windows=7445 elapsed=10685s
[gpu4] [extract] VideoRepick_ep219_exec windows=15 took=21.5s (1433 ms/窗) 累计 items=256 windows=7442 elapsed=10687s
[gpu5] [extract] VideoRepick_ep21_demo windows=15 took=21.5s (1434 ms/窗) 累计 items=256 windows=7441 elapsed=10688s
[gpu1] [extract] VideoRepick_ep221_exec windows=15 took=21.6s (1438 ms/窗) 累计 items=256 windows=7437 elapsed=10690s
[gpu3] [extract] VideoRepick_ep233_exec windows=15 took=21.5s (1435 ms/窗) 累计 items=256 windows=7430 elapsed=10691s
[gpu6] [extract] VideoRepick_ep242_exec windows=15 took=21.5s (1436 ms/窗) 累计 items=256 windows=7436 elapsed=10692s
[gpu7] [extract] VideoRepick_ep248_exec windows=15 took=21.6s (1441 ms/窗) 累计 items=256 windows=7434 elapsed=10692s
[gpu0] [extract] VideoRepick_ep253_exec windows=15 took=21.6s (1440 ms/窗) 累计 items=256 windows=7423 elapsed=10693s
[gpu2] [extract] VideoRepick_ep25_exec windows=15 took=21.5s (1434 ms/窗) 累计 items=257 windows=7460 elapsed=10707s
[gpu4] [extract] VideoRepick_ep263_exec windows=15 took=21.5s (1434 ms/窗) 累计 items=257 windows=7457 elapsed=10709s
[gpu5] [extract] VideoRepick_ep274_exec windows=15 took=21.6s (1438 ms/窗) 累计 items=257 windows=7456 elapsed=10710s
[gpu1] [extract] VideoRepick_ep277_exec windows=15 took=21.6s (1438 ms/窗) 累计 items=257 windows=7452 elapsed=10712s
[gpu3] [extract] VideoRepick_ep27_exec windows=15 took=21.5s (1434 ms/窗) 累计 items=257 windows=7445 elapsed=10712s
[gpu6] [extract] VideoRepick_ep282_exec windows=15 took=21.5s (1436 ms/窗) 累计 items=257 windows=7451 elapsed=10713s
[gpu7] [extract] VideoRepick_ep286_exec windows=15 took=21.7s (1445 ms/窗) 累计 items=257 windows=7449 elapsed=10714s
[gpu0] [extract] VideoRepick_ep287_exec windows=15 took=21.6s (1441 ms/窗) 累计 items=257 windows=7438 elapsed=10715s
[gpu2] [extract] VideoRepick_ep294_exec windows=15 took=21.5s (1434 ms/窗) 累计 items=258 windows=7475 elapsed=10728s
[gpu4] [extract] VideoRepick_ep29_exec windows=15 took=21.5s (1434 ms/窗) 累计 items=258 windows=7472 elapsed=10730s
[gpu5] [extract] VideoRepick_ep302_exec windows=15 took=21.5s (1434 ms/窗) 累计 items=258 windows=7471 elapsed=10732s
[gpu1] [extract] VideoRepick_ep304_exec windows=15 took=21.6s (1438 ms/窗) 累计 items=258 windows=7467 elapsed=10733s
[gpu3] [extract] VideoRepick_ep310_exec windows=15 took=21.6s (1437 ms/窗) 累计 items=258 windows=7460 elapsed=10734s
[gpu6] [extract] VideoRepick_ep317_exec windows=15 took=21.6s (1437 ms/窗) 累计 items=258 windows=7466 elapsed=10735s
[gpu7] [extract] VideoRepick_ep319_exec windows=15 took=21.6s (1440 ms/窗) 累计 items=258 windows=7464 elapsed=10735s
[gpu0] [extract] VideoRepick_ep332_exec windows=15 took=21.7s (1445 ms/窗) 累计 items=258 windows=7453 elapsed=10736s
[gpu2] [extract] VideoRepick_ep336_exec windows=15 took=21.5s (1436 ms/窗) 累计 items=259 windows=7490 elapsed=10750s
[gpu4] [extract] VideoRepick_ep337_exec windows=15 took=21.5s (1434 ms/窗) 累计 items=259 windows=7487 elapsed=10752s
[gpu5] [extract] VideoRepick_ep344_exec windows=15 took=21.5s (1434 ms/窗) 累计 items=259 windows=7486 elapsed=10753s
[gpu1] [extract] VideoRepick_ep346_exec windows=15 took=21.6s (1438 ms/窗) 累计 items=259 windows=7482 elapsed=10755s
[gpu3] [extract] VideoRepick_ep355_exec windows=15 took=21.6s (1441 ms/窗) 累计 items=259 windows=7475 elapsed=10755s
[gpu6] [extract] VideoRepick_ep360_exec windows=15 took=21.6s (1438 ms/窗) 累计 items=259 windows=7481 elapsed=10756s
[gpu7] [extract] VideoRepick_ep363_exec windows=15 took=21.5s (1436 ms/窗) 累计 items=259 windows=7479 elapsed=10757s
[gpu0] [extract] VideoRepick_ep365_exec windows=15 took=21.6s (1440 ms/窗) 累计 items=259 windows=7468 elapsed=10758s
[gpu2] [extract] VideoRepick_ep368_exec windows=15 took=21.5s (1435 ms/窗) 累计 items=260 windows=7505 elapsed=10771s
[gpu4] [extract] VideoRepick_ep373_exec windows=15 took=21.5s (1434 ms/窗) 累计 items=260 windows=7502 elapsed=10773s
[gpu5] [extract] VideoRepick_ep377_exec windows=15 took=21.5s (1433 ms/窗) 累计 items=260 windows=7501 elapsed=10775s
[gpu1] [extract] VideoRepick_ep384_exec windows=15 took=21.5s (1435 ms/窗) 累计 items=260 windows=7497 elapsed=10776s
[gpu3] [extract] VideoRepick_ep387_exec windows=15 took=21.6s (1440 ms/窗) 累计 items=260 windows=7490 elapsed=10777s
[gpu6] [extract] VideoRepick_ep396_exec windows=15 took=21.6s (1438 ms/窗) 累计 items=260 windows=7496 elapsed=10778s
[gpu7] [extract] VideoRepick_ep39_exec windows=15 took=21.6s (1443 ms/窗) 累计 items=260 windows=7494 elapsed=10778s
[gpu0] [extract] VideoRepick_ep43_exec windows=15 took=21.5s (1436 ms/窗) 累计 items=260 windows=7483 elapsed=10780s
[gpu2] [extract] VideoRepick_ep44_demo windows=15 took=21.6s (1439 ms/窗) 累计 items=261 windows=7520 elapsed=10793s
[gpu4] [extract] VideoRepick_ep49_exec windows=15 took=21.5s (1433 ms/窗) 累计 items=261 windows=7517 elapsed=10795s
[gpu5] [extract] VideoRepick_ep51_exec windows=15 took=21.5s (1434 ms/窗) 累计 items=261 windows=7516 elapsed=10796s
[gpu1] [extract] VideoRepick_ep56_exec windows=15 took=21.5s (1433 ms/窗) 累计 items=261 windows=7512 elapsed=10798s
[gpu3] [extract] VideoRepick_ep5_exec windows=15 took=21.5s (1436 ms/窗) 累计 items=261 windows=7505 elapsed=10799s
[gpu6] [extract] VideoRepick_ep69_exec windows=15 took=21.5s (1436 ms/窗) 累计 items=261 windows=7511 elapsed=10799s
[gpu7] [extract] VideoRepick_ep75_exec windows=15 took=21.6s (1437 ms/窗) 累计 items=261 windows=7509 elapsed=10800s
[gpu0] [extract] VideoRepick_ep76_exec windows=15 took=21.6s (1441 ms/窗) 累计 items=261 windows=7498 elapsed=10801s
[gpu2] [extract] VideoRepick_ep90_demo windows=15 took=21.6s (1439 ms/窗) 累计 items=262 windows=7535 elapsed=10814s
[gpu4] [extract] VideoRepick_ep90_exec windows=15 took=21.5s (1434 ms/窗) 累计 items=262 windows=7532 elapsed=10816s
[gpu5] [extract] VideoRepick_ep95_demo windows=15 took=21.6s (1437 ms/窗) 累计 items=262 windows=7531 elapsed=10818s
[gpu1] [extract] VideoRepick_ep96_exec windows=15 took=21.6s (1443 ms/窗) 累计 items=262 windows=7527 elapsed=10819s
[gpu3] [extract] VideoRepick_ep9_demo windows=15 took=21.7s (1444 ms/窗) 累计 items=262 windows=7520 elapsed=10820s
[gpu6] [extract] VideoRepick_ep9_exec windows=15 took=21.5s (1436 ms/窗) 累计 items=262 windows=7526 elapsed=10821s
[gpu7] [extract] VideoUnmaskSwap_ep208_exec windows=15 took=21.6s (1438 ms/窗) 累计 items=262 windows=7524 elapsed=10822s
[gpu0] [extract] VideoUnmaskSwap_ep210_exec windows=15 took=21.6s (1440 ms/窗) 累计 items=262 windows=7513 elapsed=10823s
[gpu2] [extract] VideoUnmaskSwap_ep213_exec windows=15 took=21.6s (1437 ms/窗) 累计 items=263 windows=7550 elapsed=10836s
[gpu4] [extract] VideoUnmaskSwap_ep218_exec windows=15 took=21.5s (1436 ms/窗) 累计 items=263 windows=7547 elapsed=10838s
[gpu5] [extract] VideoUnmaskSwap_ep219_exec windows=15 took=21.5s (1436 ms/窗) 累计 items=263 windows=7546 elapsed=10839s
[gpu1] [extract] VideoUnmaskSwap_ep220_exec windows=15 took=21.6s (1441 ms/窗) 累计 items=263 windows=7542 elapsed=10841s
[gpu3] [extract] VideoUnmaskSwap_ep222_exec windows=15 took=21.6s (1437 ms/窗) 累计 items=263 windows=7535 elapsed=10842s
[gpu6] [extract] VideoUnmaskSwap_ep225_exec windows=15 took=21.6s (1438 ms/窗) 累计 items=263 windows=7541 elapsed=10843s
[gpu7] [extract] VideoUnmaskSwap_ep231_exec windows=15 took=21.6s (1441 ms/窗) 累计 items=263 windows=7539 elapsed=10843s
[gpu0] [extract] VideoUnmaskSwap_ep232_exec windows=15 took=21.7s (1445 ms/窗) 累计 items=263 windows=7528 elapsed=10844s
[gpu2] [extract] VideoUnmaskSwap_ep234_exec windows=15 took=21.6s (1437 ms/窗) 累计 items=264 windows=7565 elapsed=10857s
[gpu4] [extract] VideoUnmaskSwap_ep235_exec windows=15 took=21.5s (1435 ms/窗) 累计 items=264 windows=7562 elapsed=10860s
[gpu5] [extract] VideoUnmaskSwap_ep237_exec windows=15 took=21.6s (1437 ms/窗) 累计 items=264 windows=7561 elapsed=10861s
[gpu1] [extract] VideoUnmaskSwap_ep239_exec windows=15 took=21.6s (1439 ms/窗) 累计 items=264 windows=7557 elapsed=10863s
[gpu3] [extract] VideoUnmaskSwap_ep240_exec windows=15 took=21.6s (1439 ms/窗) 累计 items=264 windows=7550 elapsed=10863s
[gpu6] [extract] VideoUnmaskSwap_ep242_exec windows=15 took=21.6s (1439 ms/窗) 累计 items=264 windows=7556 elapsed=10864s
[gpu7] [extract] VideoUnmaskSwap_ep243_exec windows=15 took=21.6s (1439 ms/窗) 累计 items=264 windows=7554 elapsed=10865s
[gpu0] [extract] VideoUnmaskSwap_ep244_exec windows=15 took=21.6s (1442 ms/窗) 累计 items=264 windows=7543 elapsed=10866s
[gpu2] [extract] VideoUnmaskSwap_ep245_exec windows=15 took=21.5s (1436 ms/窗) 累计 items=265 windows=7580 elapsed=10879s
[gpu4] [extract] VideoUnmaskSwap_ep246_exec windows=15 took=21.5s (1436 ms/窗) 累计 items=265 windows=7577 elapsed=10881s
[gpu5] [extract] VideoUnmaskSwap_ep249_exec windows=15 took=21.6s (1440 ms/窗) 累计 items=265 windows=7576 elapsed=10882s
[gpu1] [extract] VideoUnmaskSwap_ep252_exec windows=15 took=21.6s (1438 ms/窗) 累计 items=265 windows=7572 elapsed=10884s
[gpu3] [extract] VideoUnmaskSwap_ep255_exec windows=15 took=21.5s (1434 ms/窗) 累计 items=265 windows=7565 elapsed=10885s
[gpu6] [extract] VideoUnmaskSwap_ep257_exec windows=15 took=21.6s (1438 ms/窗) 累计 items=265 windows=7571 elapsed=10886s
[gpu7] [extract] VideoUnmaskSwap_ep259_exec windows=15 took=21.6s (1437 ms/窗) 累计 items=265 windows=7569 elapsed=10886s
[gpu0] [extract] VideoUnmaskSwap_ep261_exec windows=15 took=21.6s (1441 ms/窗) 累计 items=265 windows=7558 elapsed=10888s
[gpu2] [extract] VideoUnmaskSwap_ep263_exec windows=15 took=21.6s (1437 ms/窗) 累计 items=266 windows=7595 elapsed=10901s
[gpu4] [extract] VideoUnmaskSwap_ep265_exec windows=15 took=21.5s (1437 ms/窗) 累计 items=266 windows=7592 elapsed=10903s
[gpu5] [extract] VideoUnmaskSwap_ep266_exec windows=15 took=21.6s (1438 ms/窗) 累计 items=266 windows=7591 elapsed=10904s
[gpu1] [extract] VideoUnmaskSwap_ep267_exec windows=15 took=21.6s (1439 ms/窗) 累计 items=266 windows=7587 elapsed=10906s
[gpu3] [extract] VideoUnmaskSwap_ep269_exec windows=15 took=21.6s (1441 ms/窗) 累计 items=266 windows=7580 elapsed=10907s
[gpu6] [extract] VideoUnmaskSwap_ep26_exec windows=15 took=21.6s (1438 ms/窗) 累计 items=266 windows=7586 elapsed=10907s
[gpu7] [extract] VideoUnmaskSwap_ep272_exec windows=15 took=21.6s (1443 ms/窗) 累计 items=266 windows=7584 elapsed=10908s
[gpu0] [extract] VideoUnmaskSwap_ep279_exec windows=15 took=21.6s (1438 ms/窗) 累计 items=266 windows=7573 elapsed=10909s
[gpu2] [extract] VideoUnmaskSwap_ep27_exec windows=15 took=21.5s (1436 ms/窗) 累计 items=267 windows=7610 elapsed=10922s
[gpu4] [extract] VideoUnmaskSwap_ep282_exec windows=15 took=21.5s (1436 ms/窗) 累计 items=267 windows=7607 elapsed=10924s
[gpu5] [extract] VideoUnmaskSwap_ep286_exec windows=15 took=21.6s (1440 ms/窗) 累计 items=267 windows=7606 elapsed=10926s
[gpu1] [extract] VideoUnmaskSwap_ep289_exec windows=15 took=21.6s (1441 ms/窗) 累计 items=267 windows=7602 elapsed=10927s
[gpu3] [extract] VideoUnmaskSwap_ep292_exec windows=15 took=21.6s (1438 ms/窗) 累计 items=267 windows=7595 elapsed=10928s
[gpu6] [extract] VideoUnmaskSwap_ep294_exec windows=15 took=21.6s (1438 ms/窗) 累计 items=267 windows=7601 elapsed=10929s
[gpu7] [extract] VideoUnmaskSwap_ep295_exec windows=15 took=21.6s (1439 ms/窗) 累计 items=267 windows=7599 elapsed=10930s
[gpu0] [extract] VideoUnmaskSwap_ep307_exec windows=15 took=21.6s (1440 ms/窗) 累计 items=267 windows=7588 elapsed=10931s
[gpu2] [extract] VideoUnmaskSwap_ep308_exec windows=15 took=21.5s (1436 ms/窗) 累计 items=268 windows=7625 elapsed=10944s
[gpu4] [extract] VideoUnmaskSwap_ep309_exec windows=15 took=21.5s (1436 ms/窗) 累计 items=268 windows=7622 elapsed=10946s
[gpu5] [extract] VideoUnmaskSwap_ep30_exec windows=15 took=21.5s (1434 ms/窗) 累计 items=268 windows=7621 elapsed=10947s
[gpu1] [extract] VideoUnmaskSwap_ep315_exec windows=15 took=21.6s (1437 ms/窗) 累计 items=268 windows=7617 elapsed=10949s
[gpu3] [extract] VideoUnmaskSwap_ep316_exec windows=15 took=21.5s (1434 ms/窗) 累计 items=268 windows=7610 elapsed=10950s
[gpu6] [extract] VideoUnmaskSwap_ep317_exec windows=15 took=21.6s (1437 ms/窗) 累计 items=268 windows=7616 elapsed=10950s
[gpu7] [extract] VideoUnmaskSwap_ep318_exec windows=15 took=21.6s (1438 ms/窗) 累计 items=268 windows=7614 elapsed=10951s
[gpu0] [extract] VideoUnmaskSwap_ep319_exec windows=15 took=21.6s (1443 ms/窗) 累计 items=268 windows=7603 elapsed=10953s
[gpu2] [extract] VideoUnmaskSwap_ep320_exec windows=15 took=21.6s (1437 ms/窗) 累计 items=269 windows=7640 elapsed=10965s
[gpu4] [extract] VideoUnmaskSwap_ep322_exec windows=15 took=21.5s (1436 ms/窗) 累计 items=269 windows=7637 elapsed=10967s
[gpu5] [extract] VideoUnmaskSwap_ep325_exec windows=15 took=21.5s (1434 ms/窗) 累计 items=269 windows=7636 elapsed=10969s
[gpu1] [extract] VideoUnmaskSwap_ep326_exec windows=15 took=21.6s (1437 ms/窗) 累计 items=269 windows=7632 elapsed=10970s
[gpu3] [extract] VideoUnmaskSwap_ep330_exec windows=15 took=21.5s (1435 ms/窗) 累计 items=269 windows=7625 elapsed=10971s
[gpu6] [extract] VideoUnmaskSwap_ep333_exec windows=15 took=21.6s (1437 ms/窗) 累计 items=269 windows=7631 elapsed=10972s
[gpu7] [extract] VideoUnmaskSwap_ep336_exec windows=15 took=21.6s (1442 ms/窗) 累计 items=269 windows=7629 elapsed=10973s
[gpu0] [extract] VideoUnmaskSwap_ep337_exec windows=15 took=21.6s (1442 ms/窗) 累计 items=269 windows=7618 elapsed=10974s
[gpu2] [extract] VideoUnmaskSwap_ep341_exec windows=15 took=21.5s (1436 ms/窗) 累计 items=270 windows=7655 elapsed=10987s
[gpu4] [extract] VideoUnmaskSwap_ep343_exec windows=15 took=21.5s (1435 ms/窗) 累计 items=270 windows=7652 elapsed=10989s
[gpu5] [extract] VideoUnmaskSwap_ep344_exec windows=15 took=21.5s (1433 ms/窗) 累计 items=270 windows=7651 elapsed=10990s
[gpu1] [extract] VideoUnmaskSwap_ep346_exec windows=15 took=21.6s (1437 ms/窗) 累计 items=270 windows=7647 elapsed=10992s
[gpu3] [extract] VideoUnmaskSwap_ep349_exec windows=15 took=21.5s (1433 ms/窗) 累计 items=270 windows=7640 elapsed=10993s
[gpu6] [extract] VideoUnmaskSwap_ep34_exec windows=15 took=21.6s (1438 ms/窗) 累计 items=270 windows=7646 elapsed=10994s
[gpu7] [extract] VideoUnmaskSwap_ep350_exec windows=15 took=21.6s (1442 ms/窗) 累计 items=270 windows=7644 elapsed=10994s
[gpu0] [extract] VideoUnmaskSwap_ep355_exec windows=15 took=21.5s (1435 ms/窗) 累计 items=270 windows=7633 elapsed=10996s
[gpu2] [extract] VideoUnmaskSwap_ep358_exec windows=15 took=21.5s (1434 ms/窗) 累计 items=271 windows=7670 elapsed=11008s
[gpu4] [extract] VideoUnmaskSwap_ep359_exec windows=15 took=21.5s (1434 ms/窗) 累计 items=271 windows=7667 elapsed=11010s
[gpu5] [extract] VideoUnmaskSwap_ep362_exec windows=15 took=21.5s (1433 ms/窗) 累计 items=271 windows=7666 elapsed=11012s
[gpu1] [extract] VideoUnmaskSwap_ep363_exec windows=15 took=21.6s (1438 ms/窗) 累计 items=271 windows=7662 elapsed=11014s
[gpu3] [extract] VideoUnmaskSwap_ep364_exec windows=15 took=21.6s (1441 ms/窗) 累计 items=271 windows=7655 elapsed=11014s
[gpu6] [extract] VideoUnmaskSwap_ep369_exec windows=15 took=21.6s (1439 ms/窗) 累计 items=271 windows=7661 elapsed=11015s
[gpu7] [extract] VideoUnmaskSwap_ep376_exec windows=15 took=21.6s (1442 ms/窗) 累计 items=271 windows=7659 elapsed=11016s
[gpu0] [extract] VideoUnmaskSwap_ep377_exec windows=15 took=21.7s (1445 ms/窗) 累计 items=271 windows=7648 elapsed=11017s
[gpu2] [extract] VideoUnmaskSwap_ep379_exec windows=15 took=21.5s (1435 ms/窗) 累计 items=272 windows=7685 elapsed=11030s
[gpu4] [extract] VideoUnmaskSwap_ep381_exec windows=15 took=21.5s (1435 ms/窗) 累计 items=272 windows=7682 elapsed=11032s
[gpu5] [extract] VideoUnmaskSwap_ep382_exec windows=15 took=21.5s (1433 ms/窗) 累计 items=272 windows=7681 elapsed=11033s
[gpu1] [extract] VideoUnmaskSwap_ep385_exec windows=15 took=21.6s (1438 ms/窗) 累计 items=272 windows=7677 elapsed=11035s
[gpu3] [extract] VideoUnmaskSwap_ep389_exec windows=15 took=21.5s (1433 ms/窗) 累计 items=272 windows=7670 elapsed=11036s
[gpu6] [extract] VideoUnmaskSwap_ep390_exec windows=15 took=21.5s (1436 ms/窗) 累计 items=272 windows=7676 elapsed=11037s
[gpu7] [extract] VideoUnmaskSwap_ep393_exec windows=15 took=21.6s (1441 ms/窗) 累计 items=272 windows=7674 elapsed=11038s
[gpu0] [extract] VideoUnmaskSwap_ep396_exec windows=15 took=21.6s (1441 ms/窗) 累计 items=272 windows=7663 elapsed=11039s
[gpu2] [extract] VideoUnmaskSwap_ep397_exec windows=15 took=21.5s (1435 ms/窗) 累计 items=273 windows=7700 elapsed=11051s
[gpu4] [extract] VideoUnmaskSwap_ep398_exec windows=15 took=21.5s (1435 ms/窗) 累计 items=273 windows=7697 elapsed=11053s
[gpu5] [extract] VideoUnmaskSwap_ep39_exec windows=15 took=21.5s (1436 ms/窗) 累计 items=273 windows=7696 elapsed=11055s
[gpu1] [extract] VideoUnmaskSwap_ep43_exec windows=15 took=21.5s (1436 ms/窗) 累计 items=273 windows=7692 elapsed=11057s
[gpu3] [extract] VideoUnmaskSwap_ep44_exec windows=15 took=21.6s (1437 ms/窗) 累计 items=273 windows=7685 elapsed=11057s
[gpu6] [extract] VideoUnmaskSwap_ep73_exec windows=15 took=21.6s (1439 ms/窗) 累计 items=273 windows=7691 elapsed=11058s
[gpu7] [extract] VideoUnmaskSwap_ep77_exec windows=15 took=21.6s (1442 ms/窗) 累计 items=273 windows=7689 elapsed=11059s
[gpu0] [extract] VideoUnmaskSwap_ep80_exec windows=15 took=21.6s (1441 ms/窗) 累计 items=273 windows=7678 elapsed=11061s
[gpu2] [extract] VideoUnmaskSwap_ep86_exec windows=15 took=21.5s (1434 ms/窗) 累计 items=274 windows=7715 elapsed=11073s
[gpu4] [extract] VideoUnmaskSwap_ep8_exec windows=15 took=21.5s (1436 ms/窗) 累计 items=274 windows=7712 elapsed=11075s
[gpu5] [extract] RouteStick_ep100_exec windows=14 took=20.1s (1437 ms/窗) 累计 items=274 windows=7710 elapsed=11075s
[gpu1] [extract] RouteStick_ep101_exec windows=14 took=20.1s (1439 ms/窗) 累计 items=274 windows=7706 elapsed=11077s
[gpu3] [extract] RouteStick_ep102_exec windows=14 took=20.1s (1436 ms/窗) 累计 items=274 windows=7699 elapsed=11077s
[gpu6] [extract] RouteStick_ep106_exec windows=14 took=20.1s (1437 ms/窗) 累计 items=274 windows=7705 elapsed=11078s
[gpu7] [extract] RouteStick_ep109_exec windows=14 took=20.1s (1437 ms/窗) 累计 items=274 windows=7703 elapsed=11079s
[gpu0] [extract] RouteStick_ep110_exec windows=14 took=20.2s (1441 ms/窗) 累计 items=274 windows=7692 elapsed=11081s
[gpu2] [extract] RouteStick_ep111_exec windows=14 took=20.1s (1433 ms/窗) 累计 items=275 windows=7729 elapsed=11093s
[gpu4] [extract] RouteStick_ep112_exec windows=14 took=20.1s (1435 ms/窗) 累计 items=275 windows=7726 elapsed=11095s
[gpu5] [extract] RouteStick_ep113_exec windows=14 took=20.1s (1437 ms/窗) 累计 items=275 windows=7724 elapsed=11095s
[gpu1] [extract] RouteStick_ep118_exec windows=14 took=20.2s (1441 ms/窗) 累计 items=275 windows=7720 elapsed=11097s
[gpu3] [extract] RouteStick_ep121_exec windows=14 took=20.1s (1439 ms/窗) 累计 items=275 windows=7713 elapsed=11098s
[gpu6] [extract] RouteStick_ep122_exec windows=14 took=20.1s (1437 ms/窗) 累计 items=275 windows=7719 elapsed=11098s
[gpu7] [extract] RouteStick_ep124_exec windows=14 took=20.2s (1441 ms/窗) 累计 items=275 windows=7717 elapsed=11100s
[gpu0] [extract] RouteStick_ep128_exec windows=14 took=20.2s (1441 ms/窗) 累计 items=275 windows=7706 elapsed=11101s
[gpu2] [extract] RouteStick_ep129_exec windows=14 took=20.1s (1433 ms/窗) 累计 items=276 windows=7743 elapsed=11113s
[gpu4] [extract] RouteStick_ep130_exec windows=14 took=20.1s (1433 ms/窗) 累计 items=276 windows=7740 elapsed=11115s
[gpu5] [extract] RouteStick_ep133_exec windows=14 took=20.1s (1439 ms/窗) 累计 items=276 windows=7738 elapsed=11115s
[gpu1] [extract] RouteStick_ep137_exec windows=14 took=20.1s (1436 ms/窗) 累计 items=276 windows=7734 elapsed=11117s
[gpu3] [extract] RouteStick_ep138_exec windows=14 took=20.1s (1435 ms/窗) 累计 items=276 windows=7727 elapsed=11118s
[gpu6] [extract] RouteStick_ep139_exec windows=14 took=20.1s (1437 ms/窗) 累计 items=276 windows=7733 elapsed=11119s
[gpu7] [extract] RouteStick_ep140_exec windows=14 took=20.1s (1438 ms/窗) 累计 items=276 windows=7731 elapsed=11120s
[gpu0] [extract] RouteStick_ep142_exec windows=14 took=20.2s (1441 ms/窗) 累计 items=276 windows=7720 elapsed=11121s
[gpu2] [extract] RouteStick_ep143_exec windows=14 took=20.1s (1434 ms/窗) 累计 items=277 windows=7757 elapsed=11133s
[gpu4] [extract] RouteStick_ep145_exec windows=14 took=20.1s (1433 ms/窗) 累计 items=277 windows=7754 elapsed=11135s
[gpu5] [extract] RouteStick_ep147_exec windows=14 took=20.1s (1436 ms/窗) 累计 items=277 windows=7752 elapsed=11135s
[gpu1] [extract] RouteStick_ep150_exec windows=14 took=20.1s (1437 ms/窗) 累计 items=277 windows=7748 elapsed=11137s
[gpu3] [extract] RouteStick_ep151_exec windows=14 took=20.2s (1441 ms/窗) 累计 items=277 windows=7741 elapsed=11138s
[gpu6] [extract] RouteStick_ep152_exec windows=14 took=20.1s (1437 ms/窗) 累计 items=277 windows=7747 elapsed=11139s
[gpu7] [extract] RouteStick_ep154_exec windows=14 took=20.2s (1442 ms/窗) 累计 items=277 windows=7745 elapsed=11140s
[gpu0] [extract] RouteStick_ep157_exec windows=14 took=20.1s (1436 ms/窗) 累计 items=277 windows=7734 elapsed=11141s
[gpu2] [extract] RouteStick_ep163_exec windows=14 took=20.1s (1434 ms/窗) 累计 items=278 windows=7771 elapsed=11153s
[gpu4] [extract] RouteStick_ep164_exec windows=14 took=20.1s (1433 ms/窗) 累计 items=278 windows=7768 elapsed=11155s
[gpu5] [extract] RouteStick_ep165_exec windows=14 took=20.1s (1438 ms/窗) 累计 items=278 windows=7766 elapsed=11155s
[gpu1] [extract] RouteStick_ep167_exec windows=14 took=20.1s (1435 ms/窗) 累计 items=278 windows=7762 elapsed=11157s
[gpu3] [extract] RouteStick_ep168_exec windows=14 took=20.1s (1438 ms/窗) 累计 items=278 windows=7755 elapsed=11158s
[gpu6] [extract] RouteStick_ep170_exec windows=14 took=20.1s (1436 ms/窗) 累计 items=278 windows=7761 elapsed=11159s
[gpu7] [extract] RouteStick_ep172_exec windows=14 took=20.1s (1436 ms/窗) 累计 items=278 windows=7759 elapsed=11160s
[gpu0] [extract] RouteStick_ep174_exec windows=14 took=20.1s (1439 ms/窗) 累计 items=278 windows=7748 elapsed=11161s
[gpu2] [extract] RouteStick_ep176_exec windows=14 took=20.1s (1434 ms/窗) 累计 items=279 windows=7785 elapsed=11173s
[gpu4] [extract] RouteStick_ep179_exec windows=14 took=20.1s (1435 ms/窗) 累计 items=279 windows=7782 elapsed=11175s
[gpu5] [extract] RouteStick_ep182_exec windows=14 took=20.1s (1437 ms/窗) 累计 items=279 windows=7780 elapsed=11175s
[gpu1] [extract] RouteStick_ep186_exec windows=14 took=20.2s (1439 ms/窗) 累计 items=279 windows=7776 elapsed=11178s
[gpu3] [extract] RouteStick_ep187_exec windows=14 took=20.1s (1435 ms/窗) 累计 items=279 windows=7769 elapsed=11178s
[gpu6] [extract] RouteStick_ep188_exec windows=14 took=20.1s (1437 ms/窗) 累计 items=279 windows=7775 elapsed=11179s
[gpu7] [extract] RouteStick_ep189_exec windows=14 took=20.1s (1435 ms/窗) 累计 items=279 windows=7773 elapsed=11180s
[gpu0] [extract] RouteStick_ep191_exec windows=14 took=20.1s (1437 ms/窗) 累计 items=279 windows=7762 elapsed=11182s
[gpu2] [extract] RouteStick_ep192_exec windows=14 took=20.1s (1436 ms/窗) 累计 items=280 windows=7799 elapsed=11193s
[gpu4] [extract] RouteStick_ep194_exec windows=14 took=20.1s (1435 ms/窗) 累计 items=280 windows=7796 elapsed=11195s
[gpu5] [extract] RouteStick_ep195_exec windows=14 took=20.1s (1439 ms/窗) 累计 items=280 windows=7794 elapsed=11196s
[gpu1] [extract] RouteStick_ep199_exec windows=14 took=20.1s (1436 ms/窗) 累计 items=280 windows=7790 elapsed=11198s
[gpu3] [extract] RouteStick_ep203_exec windows=14 took=20.1s (1437 ms/窗) 累计 items=280 windows=7783 elapsed=11198s
[gpu6] [extract] RouteStick_ep204_exec windows=14 took=20.1s (1436 ms/窗) 累计 items=280 windows=7789 elapsed=11199s
[gpu7] [extract] RouteStick_ep209_exec windows=14 took=20.1s (1436 ms/窗) 累计 items=280 windows=7787 elapsed=11200s
[gpu0] [extract] RouteStick_ep215_exec windows=14 took=20.2s (1439 ms/窗) 累计 items=280 windows=7776 elapsed=11202s
[gpu2] [extract] RouteStick_ep217_exec windows=14 took=20.1s (1434 ms/窗) 累计 items=281 windows=7813 elapsed=11213s
[gpu4] [extract] RouteStick_ep224_exec windows=14 took=20.1s (1437 ms/窗) 累计 items=281 windows=7810 elapsed=11216s
[gpu5] [extract] RouteStick_ep226_exec windows=14 took=20.2s (1441 ms/窗) 累计 items=281 windows=7808 elapsed=11216s
[gpu1] [extract] RouteStick_ep230_exec windows=14 took=20.1s (1437 ms/窗) 累计 items=281 windows=7804 elapsed=11218s
[gpu3] [extract] RouteStick_ep231_exec windows=14 took=20.1s (1435 ms/窗) 累计 items=281 windows=7797 elapsed=11218s
[gpu6] [extract] RouteStick_ep238_exec windows=14 took=20.1s (1437 ms/窗) 累计 items=281 windows=7803 elapsed=11219s
[gpu7] [extract] RouteStick_ep241_exec windows=14 took=20.1s (1437 ms/窗) 累计 items=281 windows=7801 elapsed=11220s
[gpu0] [extract] RouteStick_ep243_exec windows=14 took=20.1s (1439 ms/窗) 累计 items=281 windows=7790 elapsed=11222s
[gpu2] [extract] RouteStick_ep248_exec windows=14 took=20.1s (1435 ms/窗) 累计 items=282 windows=7827 elapsed=11233s
[gpu4] [extract] RouteStick_ep257_exec windows=14 took=20.1s (1436 ms/窗) 累计 items=282 windows=7824 elapsed=11236s
[gpu5] [extract] RouteStick_ep259_exec windows=14 took=20.1s (1436 ms/窗) 累计 items=282 windows=7822 elapsed=11236s
[gpu1] [extract] RouteStick_ep260_exec windows=14 took=20.1s (1436 ms/窗) 累计 items=282 windows=7818 elapsed=11238s
[gpu3] [extract] RouteStick_ep261_exec windows=14 took=20.1s (1436 ms/窗) 累计 items=282 windows=7811 elapsed=11238s
[gpu6] [extract] RouteStick_ep269_exec windows=14 took=20.1s (1436 ms/窗) 累计 items=282 windows=7817 elapsed=11239s
[gpu7] [extract] RouteStick_ep275_exec windows=14 took=20.1s (1436 ms/窗) 累计 items=282 windows=7815 elapsed=11240s
[gpu0] [extract] RouteStick_ep278_exec windows=14 took=20.1s (1438 ms/窗) 累计 items=282 windows=7804 elapsed=11242s
[gpu2] [extract] RouteStick_ep280_exec windows=14 took=20.1s (1434 ms/窗) 累计 items=283 windows=7841 elapsed=11254s
[gpu4] [extract] RouteStick_ep284_exec windows=14 took=20.1s (1435 ms/窗) 累计 items=283 windows=7838 elapsed=11256s
[gpu5] [extract] RouteStick_ep290_exec windows=14 took=20.1s (1434 ms/窗) 累计 items=283 windows=7836 elapsed=11256s
[gpu1] [extract] RouteStick_ep291_exec windows=14 took=20.1s (1435 ms/窗) 累计 items=283 windows=7832 elapsed=11258s
[gpu3] [extract] RouteStick_ep295_exec windows=14 took=20.1s (1435 ms/窗) 累计 items=283 windows=7825 elapsed=11259s
[gpu6] [extract] VideoRepick_ep10_exec windows=14 took=20.1s (1437 ms/窗) 累计 items=283 windows=7831 elapsed=11259s
[gpu7] [extract] VideoRepick_ep110_exec windows=14 took=20.1s (1436 ms/窗) 累计 items=283 windows=7829 elapsed=11261s
[gpu0] [extract] VideoRepick_ep116_exec windows=14 took=20.2s (1441 ms/窗) 累计 items=283 windows=7818 elapsed=11262s
[gpu2] [extract] VideoRepick_ep118_exec windows=14 took=20.1s (1432 ms/窗) 累计 items=284 windows=7855 elapsed=11274s
[gpu4] [extract] VideoRepick_ep132_exec windows=14 took=20.1s (1439 ms/窗) 累计 items=284 windows=7852 elapsed=11276s
[gpu5] [extract] VideoRepick_ep171_exec windows=14 took=20.1s (1436 ms/窗) 累计 items=284 windows=7850 elapsed=11276s
[gpu1] [extract] VideoRepick_ep180_exec windows=14 took=20.1s (1436 ms/窗) 累计 items=284 windows=7846 elapsed=11278s
[gpu3] [extract] VideoRepick_ep213_exec windows=14 took=20.1s (1438 ms/窗) 累计 items=284 windows=7839 elapsed=11279s
[gpu6] [extract] VideoRepick_ep215_exec windows=14 took=20.1s (1437 ms/窗) 累计 items=284 windows=7845 elapsed=11280s
[gpu7] [extract] VideoRepick_ep223_exec windows=14 took=20.1s (1437 ms/窗) 累计 items=284 windows=7843 elapsed=11281s
[gpu0] [extract] VideoRepick_ep22_exec windows=14 took=20.1s (1436 ms/窗) 累计 items=284 windows=7832 elapsed=11282s
[gpu2] [extract] VideoRepick_ep240_exec windows=14 took=20.1s (1434 ms/窗) 累计 items=285 windows=7869 elapsed=11294s
[gpu4] [extract] VideoRepick_ep250_exec windows=14 took=20.1s (1436 ms/窗) 累计 items=285 windows=7866 elapsed=11296s
[gpu5] [extract] VideoRepick_ep261_exec windows=14 took=20.1s (1434 ms/窗) 累计 items=285 windows=7864 elapsed=11296s
[gpu1] [extract] VideoRepick_ep308_exec windows=14 took=20.1s (1435 ms/窗) 累计 items=285 windows=7860 elapsed=11298s
[gpu3] [extract] VideoRepick_ep313_exec windows=14 took=20.1s (1434 ms/窗) 累计 items=285 windows=7853 elapsed=11299s
[gpu6] [extract] VideoRepick_ep323_exec windows=14 took=20.1s (1438 ms/窗) 累计 items=285 windows=7859 elapsed=11300s
[gpu7] [extract] VideoRepick_ep328_exec windows=14 took=20.1s (1437 ms/窗) 累计 items=285 windows=7857 elapsed=11301s
[gpu0] [extract] VideoRepick_ep32_exec windows=14 took=20.2s (1444 ms/窗) 累计 items=285 windows=7846 elapsed=11303s
[gpu2] [extract] VideoRepick_ep352_exec windows=14 took=20.1s (1435 ms/窗) 累计 items=286 windows=7883 elapsed=11314s
[gpu4] [extract] VideoRepick_ep354_exec windows=14 took=20.1s (1438 ms/窗) 累计 items=286 windows=7880 elapsed=11316s
[gpu5] [extract] VideoRepick_ep362_exec windows=14 took=20.2s (1440 ms/窗) 累计 items=286 windows=7878 elapsed=11316s
[gpu1] [extract] VideoRepick_ep376_exec windows=14 took=20.1s (1436 ms/窗) 累计 items=286 windows=7874 elapsed=11318s
[gpu3] [extract] VideoRepick_ep389_exec windows=14 took=20.2s (1440 ms/窗) 累计 items=286 windows=7867 elapsed=11319s
[gpu6] [extract] VideoRepick_ep399_exec windows=14 took=20.1s (1438 ms/窗) 累计 items=286 windows=7873 elapsed=11320s
[gpu7] [extract] VideoRepick_ep44_exec windows=14 took=20.1s (1435 ms/窗) 累计 items=286 windows=7871 elapsed=11321s
[gpu0] [extract] VideoRepick_ep67_exec windows=14 took=20.1s (1437 ms/窗) 累计 items=286 windows=7860 elapsed=11323s
[gpu2] [extract] VideoRepick_ep82_exec windows=14 took=20.1s (1436 ms/窗) 累计 items=287 windows=7897 elapsed=11334s
[gpu4] [extract] VideoRepick_ep84_exec windows=14 took=20.1s (1435 ms/窗) 累计 items=287 windows=7894 elapsed=11336s
[gpu5] [extract] VideoRepick_ep89_exec windows=14 took=20.2s (1440 ms/窗) 累计 items=287 windows=7892 elapsed=11336s
[gpu1] [extract] VideoUnmaskSwap_ep13_exec windows=14 took=20.1s (1436 ms/窗) 累计 items=287 windows=7888 elapsed=11338s
[gpu3] [extract] VideoUnmaskSwap_ep16_exec windows=14 took=20.2s (1439 ms/窗) 累计 items=287 windows=7881 elapsed=11339s
[gpu6] [extract] VideoUnmaskSwap_ep18_exec windows=14 took=20.2s (1440 ms/窗) 累计 items=287 windows=7887 elapsed=11340s
[gpu7] [extract] VideoUnmaskSwap_ep19_exec windows=14 took=20.1s (1438 ms/窗) 累计 items=287 windows=7885 elapsed=11341s
[gpu0] [extract] VideoUnmaskSwap_ep206_exec windows=14 took=20.2s (1443 ms/窗) 累计 items=287 windows=7874 elapsed=11343s
[gpu2] [extract] VideoUnmaskSwap_ep209_exec windows=14 took=20.1s (1434 ms/窗) 累计 items=288 windows=7911 elapsed=11354s
[gpu4] [extract] VideoUnmaskSwap_ep20_exec windows=14 took=20.1s (1437 ms/窗) 累计 items=288 windows=7908 elapsed=11356s
[gpu5] [extract] VideoUnmaskSwap_ep211_exec windows=14 took=20.2s (1439 ms/窗) 累计 items=288 windows=7906 elapsed=11357s
[gpu1] [extract] VideoUnmaskSwap_ep214_exec windows=14 took=20.1s (1435 ms/窗) 累计 items=288 windows=7902 elapsed=11358s
[gpu3] [extract] VideoUnmaskSwap_ep215_exec windows=14 took=20.1s (1439 ms/窗) 累计 items=288 windows=7895 elapsed=11359s
[gpu6] [extract] VideoUnmaskSwap_ep217_exec windows=14 took=20.1s (1438 ms/窗) 累计 items=288 windows=7901 elapsed=11360s
[gpu7] [extract] VideoUnmaskSwap_ep223_exec windows=14 took=20.1s (1438 ms/窗) 累计 items=288 windows=7899 elapsed=11361s
[gpu0] [extract] VideoUnmaskSwap_ep226_exec windows=14 took=20.1s (1436 ms/窗) 累计 items=288 windows=7888 elapsed=11363s
[gpu2] [extract] VideoUnmaskSwap_ep229_exec windows=14 took=20.1s (1436 ms/窗) 累计 items=289 windows=7925 elapsed=11374s
[gpu4] [extract] VideoUnmaskSwap_ep233_exec windows=14 took=20.1s (1437 ms/窗) 累计 items=289 windows=7922 elapsed=11376s
[gpu5] [extract] VideoUnmaskSwap_ep238_exec windows=14 took=20.1s (1434 ms/窗) 累计 items=289 windows=7920 elapsed=11377s
[gpu1] [extract] VideoUnmaskSwap_ep247_exec windows=14 took=20.1s (1437 ms/窗) 累计 items=289 windows=7916 elapsed=11379s
[gpu3] [extract] VideoUnmaskSwap_ep250_exec windows=14 took=20.1s (1437 ms/窗) 累计 items=289 windows=7909 elapsed=11379s
[gpu6] [extract] VideoUnmaskSwap_ep251_exec windows=14 took=20.1s (1438 ms/窗) 累计 items=289 windows=7915 elapsed=11380s
[gpu7] [extract] VideoUnmaskSwap_ep254_exec windows=14 took=20.1s (1437 ms/窗) 累计 items=289 windows=7913 elapsed=11381s
[gpu0] [extract] VideoUnmaskSwap_ep256_exec windows=14 took=20.2s (1442 ms/窗) 累计 items=289 windows=7902 elapsed=11383s
[gpu2] [extract] VideoUnmaskSwap_ep258_exec windows=14 took=20.1s (1436 ms/窗) 累计 items=290 windows=7939 elapsed=11394s
[gpu4] [extract] VideoUnmaskSwap_ep25_exec windows=14 took=20.1s (1438 ms/窗) 累计 items=290 windows=7936 elapsed=11397s
[gpu5] [extract] VideoUnmaskSwap_ep260_exec windows=14 took=20.2s (1443 ms/窗) 累计 items=290 windows=7934 elapsed=11397s
[gpu1] [extract] VideoUnmaskSwap_ep262_exec windows=14 took=20.1s (1437 ms/窗) 累计 items=290 windows=7930 elapsed=11399s
[gpu3] [extract] VideoUnmaskSwap_ep270_exec windows=14 took=20.1s (1435 ms/窗) 累计 items=290 windows=7923 elapsed=11399s
[gpu6] [extract] VideoUnmaskSwap_ep275_exec windows=14 took=20.2s (1439 ms/窗) 累计 items=290 windows=7929 elapsed=11400s
[gpu7] [extract] VideoUnmaskSwap_ep281_exec windows=14 took=20.1s (1438 ms/窗) 累计 items=290 windows=7927 elapsed=11401s
[gpu0] [extract] VideoUnmaskSwap_ep283_exec windows=14 took=20.3s (1449 ms/窗) 累计 items=290 windows=7916 elapsed=11403s
[gpu2] [extract] VideoUnmaskSwap_ep284_exec windows=14 took=20.1s (1436 ms/窗) 累计 items=291 windows=7953 elapsed=11414s
[gpu4] [extract] VideoUnmaskSwap_ep28_exec windows=14 took=20.1s (1435 ms/窗) 累计 items=291 windows=7950 elapsed=11417s
[gpu5] [extract] VideoUnmaskSwap_ep290_exec windows=14 took=20.1s (1435 ms/窗) 累计 items=291 windows=7948 elapsed=11417s
[gpu1] [extract] VideoUnmaskSwap_ep291_exec windows=14 took=20.1s (1437 ms/窗) 累计 items=291 windows=7944 elapsed=11419s
[gpu3] [extract] VideoUnmaskSwap_ep293_exec windows=14 took=20.1s (1438 ms/窗) 累计 items=291 windows=7937 elapsed=11420s
[gpu6] [extract] VideoUnmaskSwap_ep299_exec windows=14 took=20.1s (1438 ms/窗) 累计 items=291 windows=7943 elapsed=11421s
[gpu7] [extract] VideoUnmaskSwap_ep306_exec windows=14 took=20.1s (1436 ms/窗) 累计 items=291 windows=7941 elapsed=11422s
[gpu0] [extract] VideoUnmaskSwap_ep310_exec windows=14 took=20.2s (1442 ms/窗) 累计 items=291 windows=7930 elapsed=11424s
[gpu2] [extract] VideoUnmaskSwap_ep311_exec windows=14 took=20.1s (1434 ms/窗) 累计 items=292 windows=7967 elapsed=11434s
[gpu4] [extract] VideoUnmaskSwap_ep312_exec windows=14 took=20.1s (1434 ms/窗) 累计 items=292 windows=7964 elapsed=11437s
[gpu5] [extract] VideoUnmaskSwap_ep314_exec windows=14 took=20.1s (1439 ms/窗) 累计 items=292 windows=7962 elapsed=11437s
[gpu1] [extract] VideoUnmaskSwap_ep321_exec windows=14 took=20.2s (1440 ms/窗) 累计 items=292 windows=7958 elapsed=11439s
[gpu3] [extract] VideoUnmaskSwap_ep324_exec windows=14 took=20.1s (1435 ms/窗) 累计 items=292 windows=7951 elapsed=11440s
[gpu6] [extract] VideoUnmaskSwap_ep328_exec windows=14 took=20.1s (1436 ms/窗) 累计 items=292 windows=7957 elapsed=11441s
[gpu7] [extract] VideoUnmaskSwap_ep329_exec windows=14 took=20.1s (1437 ms/窗) 累计 items=292 windows=7955 elapsed=11442s
[gpu0] [extract] VideoUnmaskSwap_ep331_exec windows=14 took=20.2s (1442 ms/窗) 累计 items=292 windows=7944 elapsed=11444s
[gpu2] [extract] VideoUnmaskSwap_ep334_exec windows=14 took=20.1s (1434 ms/窗) 累计 items=293 windows=7981 elapsed=11454s
[gpu4] [extract] VideoUnmaskSwap_ep335_exec windows=14 took=20.1s (1435 ms/窗) 累计 items=293 windows=7978 elapsed=11457s
[gpu5] [extract] VideoUnmaskSwap_ep338_exec windows=14 took=20.1s (1438 ms/窗) 累计 items=293 windows=7976 elapsed=11457s
[gpu1] [extract] VideoUnmaskSwap_ep339_exec windows=14 took=20.1s (1436 ms/窗) 累计 items=293 windows=7972 elapsed=11459s
[gpu3] [extract] VideoUnmaskSwap_ep340_exec windows=14 took=20.1s (1436 ms/窗) 累计 items=293 windows=7965 elapsed=11460s
[gpu6] [extract] VideoUnmaskSwap_ep345_exec windows=14 took=20.1s (1436 ms/窗) 累计 items=293 windows=7971 elapsed=11461s
[gpu7] [extract] VideoUnmaskSwap_ep348_exec windows=14 took=20.1s (1436 ms/窗) 累计 items=293 windows=7969 elapsed=11462s
[gpu0] [extract] VideoUnmaskSwap_ep351_exec windows=14 took=20.1s (1435 ms/窗) 累计 items=293 windows=7958 elapsed=11464s
[gpu2] [extract] VideoUnmaskSwap_ep352_exec windows=14 took=20.1s (1433 ms/窗) 累计 items=294 windows=7995 elapsed=11475s
[gpu4] [extract] VideoUnmaskSwap_ep354_exec windows=14 took=20.1s (1437 ms/窗) 累计 items=294 windows=7992 elapsed=11477s
[gpu5] [extract] VideoUnmaskSwap_ep361_exec windows=14 took=20.1s (1438 ms/窗) 累计 items=294 windows=7990 elapsed=11477s
[gpu1] [extract] VideoUnmaskSwap_ep366_exec windows=14 took=20.1s (1437 ms/窗) 累计 items=294 windows=7986 elapsed=11479s
[gpu3] [extract] VideoUnmaskSwap_ep370_exec windows=14 took=20.1s (1433 ms/窗) 累计 items=294 windows=7979 elapsed=11480s
[gpu6] [extract] VideoUnmaskSwap_ep371_exec windows=14 took=20.1s (1436 ms/窗) 累计 items=294 windows=7985 elapsed=11481s
[gpu7] [extract] VideoUnmaskSwap_ep372_exec windows=14 took=20.1s (1436 ms/窗) 累计 items=294 windows=7983 elapsed=11482s
[gpu0] [extract] VideoUnmaskSwap_ep373_exec windows=14 took=20.2s (1441 ms/窗) 累计 items=294 windows=7972 elapsed=11484s
[gpu2] [extract] VideoUnmaskSwap_ep374_exec windows=14 took=20.1s (1435 ms/窗) 累计 items=295 windows=8009 elapsed=11495s
[gpu4] [extract] VideoUnmaskSwap_ep378_exec windows=14 took=20.1s (1436 ms/窗) 累计 items=295 windows=8006 elapsed=11497s
[gpu5] [extract] VideoUnmaskSwap_ep37_exec windows=14 took=20.2s (1443 ms/窗) 累计 items=295 windows=8004 elapsed=11498s
[gpu1] [extract] VideoUnmaskSwap_ep383_exec windows=14 took=20.1s (1434 ms/窗) 累计 items=295 windows=8000 elapsed=11499s
[gpu3] [extract] VideoUnmaskSwap_ep386_exec windows=14 took=20.1s (1437 ms/窗) 累计 items=295 windows=7993 elapsed=11500s
[gpu6] [extract] VideoUnmaskSwap_ep387_exec windows=14 took=20.1s (1437 ms/窗) 累计 items=295 windows=7999 elapsed=11501s
[gpu7] [extract] VideoUnmaskSwap_ep388_exec windows=14 took=20.1s (1437 ms/窗) 累计 items=295 windows=7997 elapsed=11502s
[gpu0] [extract] VideoUnmaskSwap_ep392_exec windows=14 took=20.2s (1442 ms/窗) 累计 items=295 windows=7986 elapsed=11504s
[gpu2] [extract] VideoUnmaskSwap_ep395_exec windows=14 took=20.1s (1434 ms/窗) 累计 items=296 windows=8023 elapsed=11515s
[gpu4] [extract] VideoUnmaskSwap_ep45_exec windows=14 took=20.1s (1437 ms/窗) 累计 items=296 windows=8020 elapsed=11517s
[gpu5] [extract] VideoUnmaskSwap_ep48_exec windows=14 took=20.2s (1440 ms/窗) 累计 items=296 windows=8018 elapsed=11518s
[gpu1] [extract] VideoUnmaskSwap_ep51_exec windows=14 took=20.1s (1437 ms/窗) 累计 items=296 windows=8014 elapsed=11519s
[gpu3] [extract] VideoUnmaskSwap_ep53_exec windows=14 took=20.1s (1439 ms/窗) 累计 items=296 windows=8007 elapsed=11520s
[gpu6] [extract] VideoUnmaskSwap_ep54_exec windows=14 took=20.1s (1437 ms/窗) 累计 items=296 windows=8013 elapsed=11521s
[gpu7] [extract] VideoUnmaskSwap_ep60_exec windows=14 took=20.1s (1438 ms/窗) 累计 items=296 windows=8011 elapsed=11522s
[gpu0] [extract] VideoUnmaskSwap_ep63_exec windows=14 took=20.2s (1440 ms/窗) 累计 items=296 windows=8000 elapsed=11524s
[gpu2] [extract] VideoUnmaskSwap_ep70_exec windows=14 took=20.1s (1434 ms/窗) 累计 items=297 windows=8037 elapsed=11535s
[gpu4] [extract] VideoUnmaskSwap_ep89_exec windows=14 took=20.1s (1437 ms/窗) 累计 items=297 windows=8034 elapsed=11537s
[gpu5] [extract] VideoUnmaskSwap_ep91_exec windows=14 took=20.1s (1435 ms/窗) 累计 items=297 windows=8032 elapsed=11538s
[gpu1] [extract] VideoUnmaskSwap_ep92_exec windows=14 took=20.1s (1437 ms/窗) 累计 items=297 windows=8028 elapsed=11540s
[gpu3] [extract] VideoUnmaskSwap_ep98_exec windows=14 took=20.1s (1438 ms/窗) 累计 items=297 windows=8021 elapsed=11540s
[gpu7] [extract] VideoUnmaskSwap_ep14_exec windows=13 took=18.7s (1439 ms/窗) 累计 items=297 windows=8024 elapsed=11541s
[gpu6] [extract] VideoUnmaskSwap_ep99_exec windows=14 took=20.1s (1438 ms/窗) 累计 items=297 windows=8027 elapsed=11541s
[gpu0] [extract] VideoUnmaskSwap_ep200_demo windows=13 took=18.8s (1445 ms/窗) 累计 items=297 windows=8013 elapsed=11543s
[gpu2] [extract] VideoUnmaskSwap_ep202_demo windows=13 took=18.7s (1435 ms/窗) 累计 items=298 windows=8050 elapsed=11553s
[gpu4] [extract] VideoUnmaskSwap_ep203_demo windows=13 took=18.7s (1437 ms/窗) 累计 items=298 windows=8047 elapsed=11556s
[gpu5] [extract] VideoUnmaskSwap_ep207_demo windows=13 took=18.7s (1435 ms/窗) 累计 items=298 windows=8045 elapsed=11557s
[gpu1] [extract] VideoUnmaskSwap_ep209_demo windows=13 took=18.7s (1437 ms/窗) 累计 items=298 windows=8041 elapsed=11558s
[gpu3] [extract] VideoUnmaskSwap_ep212_demo windows=13 took=18.7s (1439 ms/窗) 累计 items=298 windows=8034 elapsed=11559s
[gpu7] [extract] VideoUnmaskSwap_ep215_demo windows=13 took=18.7s (1439 ms/窗) 累计 items=298 windows=8037 elapsed=11560s
[gpu6] [extract] VideoUnmaskSwap_ep216_demo windows=13 took=18.7s (1439 ms/窗) 累计 items=298 windows=8040 elapsed=11560s
[gpu0] [extract] VideoUnmaskSwap_ep218_demo windows=13 took=18.8s (1445 ms/窗) 累计 items=298 windows=8026 elapsed=11562s
[gpu2] [extract] VideoUnmaskSwap_ep219_demo windows=13 took=18.6s (1434 ms/窗) 累计 items=299 windows=8063 elapsed=11572s
[gpu4] [extract] VideoUnmaskSwap_ep221_demo windows=13 took=18.7s (1435 ms/窗) 累计 items=299 windows=8060 elapsed=11575s
[gpu5] [extract] VideoUnmaskSwap_ep224_demo windows=13 took=18.7s (1442 ms/窗) 累计 items=299 windows=8058 elapsed=11575s
[gpu1] [extract] VideoUnmaskSwap_ep224_exec windows=13 took=18.7s (1436 ms/窗) 累计 items=299 windows=8054 elapsed=11577s
[gpu3] [extract] VideoUnmaskSwap_ep225_demo windows=13 took=18.7s (1438 ms/窗) 累计 items=299 windows=8047 elapsed=11578s
[gpu7] [extract] VideoUnmaskSwap_ep227_demo windows=13 took=18.7s (1442 ms/窗) 累计 items=299 windows=8050 elapsed=11578s
[gpu6] [extract] VideoUnmaskSwap_ep227_exec windows=13 took=18.7s (1438 ms/窗) 累计 items=299 windows=8053 elapsed=11579s
[gpu0] [extract] VideoUnmaskSwap_ep228_demo windows=13 took=18.8s (1443 ms/窗) 累计 items=299 windows=8039 elapsed=11581s
[gpu2] [extract] VideoUnmaskSwap_ep228_exec windows=13 took=18.6s (1434 ms/窗) 累计 items=300 windows=8076 elapsed=11591s
[gpu4] [extract] VideoUnmaskSwap_ep233_demo windows=13 took=18.6s (1434 ms/窗) 累计 items=300 windows=8073 elapsed=11593s
[gpu5] [extract] VideoUnmaskSwap_ep234_demo windows=13 took=18.7s (1440 ms/窗) 累计 items=300 windows=8071 elapsed=11594s
[gpu1] [extract] VideoUnmaskSwap_ep236_demo windows=13 took=18.7s (1439 ms/窗) 累计 items=300 windows=8067 elapsed=11596s
[gpu3] [extract] VideoUnmaskSwap_ep236_exec windows=13 took=18.6s (1434 ms/窗) 累计 items=300 windows=8060 elapsed=11596s
[gpu7] [extract] VideoUnmaskSwap_ep237_demo windows=13 took=18.7s (1438 ms/窗) 累计 items=300 windows=8063 elapsed=11597s
[gpu6] [extract] VideoUnmaskSwap_ep238_demo windows=13 took=18.7s (1439 ms/窗) 累计 items=300 windows=8066 elapsed=11597s
[gpu0] [extract] VideoUnmaskSwap_ep240_demo windows=13 took=18.8s (1444 ms/窗) 累计 items=300 windows=8052 elapsed=11600s
[gpu2] [extract] VideoUnmaskSwap_ep241_exec windows=13 took=18.7s (1435 ms/窗) 累计 items=301 windows=8089 elapsed=11609s
[gpu4] [extract] VideoUnmaskSwap_ep243_demo windows=13 took=18.6s (1434 ms/窗) 累计 items=301 windows=8086 elapsed=11612s
[gpu5] [extract] VideoUnmaskSwap_ep244_demo windows=13 took=18.7s (1436 ms/窗) 累计 items=301 windows=8084 elapsed=11613s
[gpu1] [extract] VideoUnmaskSwap_ep247_demo windows=13 took=18.7s (1439 ms/窗) 累计 items=301 windows=8080 elapsed=11614s
[gpu3] [extract] VideoUnmaskSwap_ep248_demo windows=13 took=18.8s (1443 ms/窗) 累计 items=301 windows=8073 elapsed=11615s
[gpu7] [extract] VideoUnmaskSwap_ep248_exec windows=13 took=18.7s (1436 ms/窗) 累计 items=301 windows=8076 elapsed=11616s
[gpu6] [extract] VideoUnmaskSwap_ep250_demo windows=13 took=18.7s (1438 ms/窗) 累计 items=301 windows=8079 elapsed=11616s
[gpu0] [extract] VideoUnmaskSwap_ep253_demo windows=13 took=18.8s (1443 ms/窗) 累计 items=301 windows=8065 elapsed=11618s
[gpu2] [extract] VideoUnmaskSwap_ep253_exec windows=13 took=18.6s (1434 ms/窗) 累计 items=302 windows=8102 elapsed=11628s
[gpu4] [extract] VideoUnmaskSwap_ep255_demo windows=13 took=18.7s (1435 ms/窗) 累计 items=302 windows=8099 elapsed=11631s
[gpu5] [extract] VideoUnmaskSwap_ep256_demo windows=13 took=18.7s (1439 ms/窗) 累计 items=302 windows=8097 elapsed=11631s
[gpu1] [extract] VideoUnmaskSwap_ep258_demo windows=13 took=18.7s (1437 ms/窗) 累计 items=302 windows=8093 elapsed=11633s
[gpu3] [extract] VideoUnmaskSwap_ep261_demo windows=13 took=18.7s (1439 ms/窗) 累计 items=302 windows=8086 elapsed=11634s
[gpu7] [extract] VideoUnmaskSwap_ep264_demo windows=13 took=18.8s (1443 ms/窗) 累计 items=302 windows=8089 elapsed=11634s
[gpu6] [extract] VideoUnmaskSwap_ep264_exec windows=13 took=18.7s (1437 ms/窗) 累计 items=302 windows=8092 elapsed=11635s
[gpu0] [extract] VideoUnmaskSwap_ep265_demo windows=13 took=18.7s (1441 ms/窗) 累计 items=302 windows=8078 elapsed=11637s
[gpu2] [extract] VideoUnmaskSwap_ep266_demo windows=13 took=18.6s (1434 ms/窗) 累计 items=303 windows=8115 elapsed=11647s
[gpu4] [extract] VideoUnmaskSwap_ep268_exec windows=13 took=18.7s (1435 ms/窗) 累计 items=303 windows=8112 elapsed=11649s
[gpu5] [extract] VideoUnmaskSwap_ep269_demo windows=13 took=18.7s (1438 ms/窗) 累计 items=303 windows=8110 elapsed=11650s
[gpu1] [extract] VideoUnmaskSwap_ep270_demo windows=13 took=18.7s (1435 ms/窗) 累计 items=303 windows=8106 elapsed=11652s
[gpu3] [extract] VideoUnmaskSwap_ep271_exec windows=13 took=18.7s (1437 ms/窗) 累计 items=303 windows=8099 elapsed=11653s
[gpu7] [extract] VideoUnmaskSwap_ep272_demo windows=13 took=18.7s (1440 ms/窗) 累计 items=303 windows=8102 elapsed=11653s
[gpu6] [extract] VideoUnmaskSwap_ep273_demo windows=13 took=18.7s (1441 ms/窗) 累计 items=303 windows=8105 elapsed=11654s
[gpu0] [extract] VideoUnmaskSwap_ep273_exec windows=13 took=18.8s (1443 ms/窗) 累计 items=303 windows=8091 elapsed=11656s
[gpu2] [extract] VideoUnmaskSwap_ep274_demo windows=13 took=18.7s (1436 ms/窗) 累计 items=304 windows=8128 elapsed=11665s
[gpu4] [extract] VideoUnmaskSwap_ep274_exec windows=13 took=18.6s (1434 ms/窗) 累计 items=304 windows=8125 elapsed=11668s
[gpu5] [extract] VideoUnmaskSwap_ep276_demo windows=13 took=18.7s (1438 ms/窗) 累计 items=304 windows=8123 elapsed=11669s
[gpu1] [extract] VideoUnmaskSwap_ep282_demo windows=13 took=18.7s (1437 ms/窗) 累计 items=304 windows=8119 elapsed=11670s
[gpu3] [extract] VideoUnmaskSwap_ep285_demo windows=13 took=18.7s (1440 ms/窗) 累计 items=304 windows=8112 elapsed=11671s
[gpu7] [extract] VideoUnmaskSwap_ep285_exec windows=13 took=18.7s (1437 ms/窗) 累计 items=304 windows=8115 elapsed=11672s
[gpu6] [extract] VideoUnmaskSwap_ep287_demo windows=13 took=18.7s (1439 ms/窗) 累计 items=304 windows=8118 elapsed=11672s
[gpu0] [extract] VideoUnmaskSwap_ep288_demo windows=13 took=18.7s (1438 ms/窗) 累计 items=304 windows=8104 elapsed=11675s
[gpu2] [extract] VideoUnmaskSwap_ep289_demo windows=13 took=18.6s (1434 ms/窗) 累计 items=305 windows=8141 elapsed=11684s
[gpu4] [extract] VideoUnmaskSwap_ep290_demo windows=13 took=18.6s (1434 ms/窗) 累计 items=305 windows=8138 elapsed=11687s
[gpu5] [extract] VideoUnmaskSwap_ep291_demo windows=13 took=18.7s (1440 ms/窗) 累计 items=305 windows=8136 elapsed=11688s
[gpu1] [extract] VideoUnmaskSwap_ep293_demo windows=13 took=18.7s (1435 ms/窗) 累计 items=305 windows=8132 elapsed=11689s
[gpu3] [extract] VideoUnmaskSwap_ep296_demo windows=13 took=18.7s (1439 ms/窗) 累计 items=305 windows=8125 elapsed=11690s
[gpu7] [extract] VideoUnmaskSwap_ep296_exec windows=13 took=18.7s (1437 ms/窗) 累计 items=305 windows=8128 elapsed=11691s
[gpu6] [extract] VideoUnmaskSwap_ep297_demo windows=13 took=18.7s (1439 ms/窗) 累计 items=305 windows=8131 elapsed=11691s
[gpu0] [extract] VideoUnmaskSwap_ep332_exec windows=13 took=18.7s (1440 ms/窗) 累计 items=305 windows=8117 elapsed=11693s
[gpu2] [extract] VideoUnmaskSwap_ep356_exec windows=13 took=18.6s (1433 ms/窗) 累计 items=306 windows=8154 elapsed=11703s
[gpu4] [extract] VideoUnmaskSwap_ep357_exec windows=13 took=18.6s (1434 ms/窗) 累计 items=306 windows=8151 elapsed=11705s
[gpu5] [extract] VideoUnmaskSwap_ep360_exec windows=13 took=18.6s (1433 ms/窗) 累计 items=306 windows=8149 elapsed=11706s
[gpu1] [extract] VideoUnmaskSwap_ep365_exec windows=13 took=18.6s (1434 ms/窗) 累计 items=306 windows=8145 elapsed=11708s
[gpu3] [extract] VideoUnmaskSwap_ep367_exec windows=13 took=18.7s (1436 ms/窗) 累计 items=306 windows=8138 elapsed=11709s
[gpu7] [extract] VideoUnmaskSwap_ep49_exec windows=13 took=18.7s (1441 ms/窗) 累计 items=306 windows=8141 elapsed=11709s
[gpu6] [extract] VideoUnmaskSwap_ep61_exec windows=13 took=18.7s (1438 ms/窗) 累计 items=306 windows=8144 elapsed=11710s
[gpu0] [extract] VideoUnmaskSwap_ep69_exec windows=13 took=18.8s (1443 ms/窗) 累计 items=306 windows=8130 elapsed=11712s
[gpu2] [extract] VideoUnmaskSwap_ep71_exec windows=13 took=18.6s (1434 ms/窗) 累计 items=307 windows=8167 elapsed=11721s
[gpu4] [extract] VideoUnmaskSwap_ep94_exec windows=13 took=18.7s (1435 ms/窗) 累计 items=307 windows=8164 elapsed=11724s
[gpu5] [extract] RouteStick_ep103_demo windows=12 took=17.3s (1439 ms/窗) 累计 items=307 windows=8161 elapsed=11723s
[gpu1] [extract] RouteStick_ep104_demo windows=12 took=17.3s (1438 ms/窗) 累计 items=307 windows=8157 elapsed=11725s
[gpu3] [extract] RouteStick_ep105_demo windows=12 took=17.2s (1437 ms/窗) 累计 items=307 windows=8150 elapsed=11726s
[gpu7] [extract] RouteStick_ep107_demo windows=12 took=17.3s (1440 ms/窗) 累计 items=307 windows=8153 elapsed=11727s
[gpu6] [extract] RouteStick_ep108_demo windows=12 took=17.3s (1440 ms/窗) 累计 items=307 windows=8156 elapsed=11727s
[gpu0] [extract] RouteStick_ep114_demo windows=12 took=17.4s (1447 ms/窗) 累计 items=307 windows=8142 elapsed=11729s
[gpu2] [extract] RouteStick_ep115_demo windows=12 took=17.2s (1437 ms/窗) 累计 items=308 windows=8179 elapsed=11739s
[gpu4] [extract] RouteStick_ep116_demo windows=12 took=17.2s (1437 ms/窗) 累计 items=308 windows=8176 elapsed=11741s
[gpu5] [extract] RouteStick_ep117_demo windows=12 took=17.4s (1447 ms/窗) 累计 items=308 windows=8173 elapsed=11741s
[gpu1] [extract] RouteStick_ep119_demo windows=12 took=17.3s (1439 ms/窗) 累计 items=308 windows=8169 elapsed=11742s
[gpu3] [extract] RouteStick_ep120_demo windows=12 took=17.3s (1444 ms/窗) 累计 items=308 windows=8162 elapsed=11743s
[gpu7] [extract] RouteStick_ep123_demo windows=12 took=17.3s (1439 ms/窗) 累计 items=308 windows=8165 elapsed=11744s
[gpu6] [extract] RouteStick_ep125_demo windows=12 took=17.3s (1440 ms/窗) 累计 items=308 windows=8168 elapsed=11744s
[gpu0] [extract] RouteStick_ep126_demo windows=12 took=17.3s (1444 ms/窗) 累计 items=308 windows=8154 elapsed=11747s
[gpu2] [extract] RouteStick_ep127_demo windows=12 took=17.3s (1438 ms/窗) 累计 items=309 windows=8191 elapsed=11756s
[gpu4] [extract] RouteStick_ep131_demo windows=12 took=17.2s (1437 ms/窗) 累计 items=309 windows=8188 elapsed=11758s
[gpu5] [extract] RouteStick_ep132_demo windows=12 took=17.3s (1444 ms/窗) 累计 items=309 windows=8185 elapsed=11758s
[gpu1] [extract] RouteStick_ep134_demo windows=12 took=17.3s (1439 ms/窗) 累计 items=309 windows=8181 elapsed=11760s
[gpu3] [extract] RouteStick_ep135_demo windows=12 took=17.3s (1438 ms/窗) 累计 items=309 windows=8174 elapsed=11760s
[gpu7] [extract] RouteStick_ep136_demo windows=12 took=17.3s (1444 ms/窗) 累计 items=309 windows=8177 elapsed=11761s
[gpu6] [extract] RouteStick_ep141_demo windows=12 took=17.3s (1441 ms/窗) 累计 items=309 windows=8180 elapsed=11762s
[gpu0] [extract] RouteStick_ep144_demo windows=12 took=17.3s (1442 ms/窗) 累计 items=309 windows=8166 elapsed=11764s
[gpu2] [extract] RouteStick_ep146_demo windows=12 took=17.2s (1437 ms/窗) 累计 items=310 windows=8203 elapsed=11773s
[gpu4] [extract] RouteStick_ep148_demo windows=12 took=17.2s (1436 ms/窗) 累计 items=310 windows=8200 elapsed=11776s
[gpu5] [extract] RouteStick_ep149_demo windows=12 took=17.3s (1445 ms/窗) 累计 items=310 windows=8197 elapsed=11775s
[gpu1] [extract] RouteStick_ep153_demo windows=12 took=17.3s (1442 ms/窗) 累计 items=310 windows=8193 elapsed=11777s
[gpu3] [extract] RouteStick_ep155_demo windows=12 took=17.3s (1443 ms/窗) 累计 items=310 windows=8186 elapsed=11778s
[gpu7] [extract] RouteStick_ep156_demo windows=12 took=17.3s (1444 ms/窗) 累计 items=310 windows=8189 elapsed=11779s
[gpu6] [extract] RouteStick_ep158_demo windows=12 took=17.3s (1441 ms/窗) 累计 items=310 windows=8192 elapsed=11779s
[gpu0] [extract] RouteStick_ep159_demo windows=12 took=17.4s (1450 ms/窗) 累计 items=310 windows=8178 elapsed=11781s
[gpu2] [extract] RouteStick_ep160_demo windows=12 took=17.2s (1437 ms/窗) 累计 items=311 windows=8215 elapsed=11790s
[gpu4] [extract] RouteStick_ep161_demo windows=12 took=17.3s (1439 ms/窗) 累计 items=311 windows=8212 elapsed=11793s
[gpu5] [extract] RouteStick_ep162_demo windows=12 took=17.3s (1443 ms/窗) 累计 items=311 windows=8209 elapsed=11793s
[gpu1] [extract] RouteStick_ep166_demo windows=12 took=17.3s (1440 ms/窗) 累计 items=311 windows=8205 elapsed=11794s
[gpu3] [extract] RouteStick_ep169_demo windows=12 took=17.3s (1443 ms/窗) 累计 items=311 windows=8198 elapsed=11795s
[gpu6] [extract] RouteStick_ep173_demo windows=12 took=17.3s (1441 ms/窗) 累计 items=311 windows=8204 elapsed=11796s
[gpu7] [extract] RouteStick_ep171_demo windows=12 took=17.4s (1447 ms/窗) 累计 items=311 windows=8201 elapsed=11796s
[gpu0] [extract] RouteStick_ep175_demo windows=12 took=17.3s (1442 ms/窗) 累计 items=311 windows=8190 elapsed=11799s
[gpu2] [extract] RouteStick_ep177_demo windows=12 took=17.3s (1441 ms/窗) 累计 items=312 windows=8227 elapsed=11808s
[gpu4] [extract] RouteStick_ep178_demo windows=12 took=17.2s (1436 ms/窗) 累计 items=312 windows=8224 elapsed=11810s
[gpu5] [extract] RouteStick_ep180_demo windows=12 took=17.3s (1440 ms/窗) 累计 items=312 windows=8221 elapsed=11810s
[gpu1] [extract] RouteStick_ep181_demo windows=12 took=17.3s (1439 ms/窗) 累计 items=312 windows=8217 elapsed=11811s
[gpu3] [extract] RouteStick_ep183_demo windows=12 took=17.3s (1439 ms/窗) 累计 items=312 windows=8210 elapsed=11812s
[gpu6] [extract] RouteStick_ep184_demo windows=12 took=17.3s (1441 ms/窗) 累计 items=312 windows=8216 elapsed=11813s
[gpu7] [extract] RouteStick_ep185_demo windows=12 took=17.3s (1446 ms/窗) 累计 items=312 windows=8213 elapsed=11813s
[gpu0] [extract] RouteStick_ep190_demo windows=12 took=17.4s (1451 ms/窗) 累计 items=312 windows=8202 elapsed=11816s
[gpu2] [extract] RouteStick_ep193_demo windows=12 took=17.2s (1437 ms/窗) 累计 items=313 windows=8239 elapsed=11825s
[gpu4] [extract] RouteStick_ep196_demo windows=12 took=17.2s (1437 ms/窗) 累计 items=313 windows=8236 elapsed=11827s
[gpu5] [extract] RouteStick_ep197_demo windows=12 took=17.3s (1443 ms/窗) 累计 items=313 windows=8233 elapsed=11827s
[gpu1] [extract] RouteStick_ep198_demo windows=12 took=17.3s (1442 ms/窗) 累计 items=313 windows=8229 elapsed=11829s
[gpu3] [extract] RouteStick_ep200_demo windows=12 took=17.3s (1440 ms/窗) 累计 items=313 windows=8222 elapsed=11830s
[gpu6] [extract] RouteStick_ep205_demo windows=12 took=17.3s (1440 ms/窗) 累计 items=313 windows=8228 elapsed=11831s
[gpu7] [extract] RouteStick_ep211_demo windows=12 took=17.4s (1448 ms/窗) 累计 items=313 windows=8225 elapsed=11831s
[gpu0] [extract] RouteStick_ep212_demo windows=12 took=17.3s (1442 ms/窗) 累计 items=313 windows=8214 elapsed=11833s
[gpu2] [extract] RouteStick_ep214_demo windows=12 took=17.2s (1437 ms/窗) 累计 items=314 windows=8251 elapsed=11842s
[gpu4] [extract] RouteStick_ep220_demo windows=12 took=17.3s (1439 ms/窗) 累计 items=314 windows=8248 elapsed=11845s
[gpu5] [extract] RouteStick_ep222_demo windows=12 took=17.3s (1444 ms/窗) 累计 items=314 windows=8245 elapsed=11845s
[gpu1] [extract] RouteStick_ep233_demo windows=12 took=17.3s (1439 ms/窗) 累计 items=314 windows=8241 elapsed=11846s
[gpu3] [extract] RouteStick_ep234_demo windows=12 took=17.3s (1441 ms/窗) 累计 items=314 windows=8234 elapsed=11847s
[gpu6] [extract] RouteStick_ep237_demo windows=12 took=17.3s (1440 ms/窗) 累计 items=314 windows=8240 elapsed=11848s
[gpu7] [extract] RouteStick_ep242_demo windows=12 took=17.3s (1443 ms/窗) 累计 items=314 windows=8237 elapsed=11848s
[gpu0] [extract] RouteStick_ep246_demo windows=12 took=17.3s (1445 ms/窗) 累计 items=314 windows=8226 elapsed=11851s
[gpu2] [extract] RouteStick_ep250_demo windows=12 took=17.2s (1436 ms/窗) 累计 items=315 windows=8263 elapsed=11859s
[gpu4] [extract] RouteStick_ep252_demo windows=12 took=17.3s (1438 ms/窗) 累计 items=315 windows=8260 elapsed=11862s
[gpu5] [extract] RouteStick_ep253_demo windows=12 took=17.3s (1443 ms/窗) 累计 items=315 windows=8257 elapsed=11862s
[gpu1] [extract] RouteStick_ep262_demo windows=12 took=17.3s (1441 ms/窗) 累计 items=315 windows=8253 elapsed=11863s
[gpu3] [extract] RouteStick_ep267_demo windows=12 took=17.3s (1443 ms/窗) 累计 items=315 windows=8246 elapsed=11864s
[gpu6] [extract] RouteStick_ep268_demo windows=12 took=17.3s (1440 ms/窗) 累计 items=315 windows=8252 elapsed=11865s
[gpu7] [extract] RouteStick_ep271_demo windows=12 took=17.4s (1446 ms/窗) 累计 items=315 windows=8249 elapsed=11865s
[gpu0] [extract] RouteStick_ep276_demo windows=12 took=17.3s (1445 ms/窗) 累计 items=315 windows=8238 elapsed=11868s
[gpu2] [extract] RouteStick_ep281_demo windows=12 took=17.2s (1436 ms/窗) 累计 items=316 windows=8275 elapsed=11877s
[gpu4] [extract] RouteStick_ep287_demo windows=12 took=17.3s (1439 ms/窗) 累计 items=316 windows=8272 elapsed=11879s
[gpu5] [extract] RouteStick_ep293_demo windows=12 took=17.3s (1443 ms/窗) 累计 items=316 windows=8269 elapsed=11879s
[gpu1] [extract] RouteStick_ep297_demo windows=12 took=17.3s (1438 ms/窗) 累计 items=316 windows=8265 elapsed=11881s
[gpu6] [extract] RouteStick_ep103_exec windows=11 took=15.8s (1437 ms/窗) 累计 items=316 windows=8263 elapsed=11881s
[gpu7] [extract] RouteStick_ep104_exec windows=11 took=15.8s (1438 ms/窗) 累计 items=316 windows=8260 elapsed=11881s
[gpu3] [extract] RouteStick_ep298_demo windows=12 took=17.3s (1441 ms/窗) 累计 items=316 windows=8258 elapsed=11882s
[gpu0] [extract] RouteStick_ep105_exec windows=11 took=15.8s (1440 ms/窗) 累计 items=316 windows=8249 elapsed=11884s
[gpu2] [extract] RouteStick_ep107_exec windows=11 took=15.8s (1433 ms/窗) 累计 items=317 windows=8286 elapsed=11892s
[gpu4] [extract] RouteStick_ep108_exec windows=11 took=15.8s (1436 ms/窗) 累计 items=317 windows=8283 elapsed=11895s
[gpu5] [extract] RouteStick_ep114_exec windows=11 took=15.8s (1433 ms/窗) 累计 items=317 windows=8280 elapsed=11895s
[gpu1] [extract] RouteStick_ep115_exec windows=11 took=15.8s (1434 ms/窗) 累计 items=317 windows=8276 elapsed=11896s
[gpu6] [extract] RouteStick_ep116_exec windows=11 took=15.8s (1438 ms/窗) 累计 items=317 windows=8274 elapsed=11897s
[gpu7] [extract] RouteStick_ep117_exec windows=11 took=15.8s (1438 ms/窗) 累计 items=317 windows=8271 elapsed=11897s
[gpu3] [extract] RouteStick_ep119_exec windows=11 took=15.8s (1437 ms/窗) 累计 items=317 windows=8269 elapsed=11897s
[gpu0] [extract] RouteStick_ep120_exec windows=11 took=15.8s (1437 ms/窗) 累计 items=317 windows=8260 elapsed=11900s
[gpu2] [extract] RouteStick_ep123_exec windows=11 took=15.8s (1437 ms/窗) 累计 items=318 windows=8297 elapsed=11908s
[gpu4] [extract] RouteStick_ep125_exec windows=11 took=15.8s (1434 ms/窗) 累计 items=318 windows=8294 elapsed=11911s
[gpu5] [extract] RouteStick_ep126_exec windows=11 took=15.8s (1433 ms/窗) 累计 items=318 windows=8291 elapsed=11911s
[gpu1] [extract] RouteStick_ep127_exec windows=11 took=15.8s (1437 ms/窗) 累计 items=318 windows=8287 elapsed=11912s
[gpu6] [extract] RouteStick_ep131_exec windows=11 took=15.8s (1437 ms/窗) 累计 items=318 windows=8285 elapsed=11913s
[gpu7] [extract] RouteStick_ep132_exec windows=11 took=15.8s (1437 ms/窗) 累计 items=318 windows=8282 elapsed=11913s
[gpu3] [extract] RouteStick_ep134_exec windows=11 took=15.8s (1440 ms/窗) 累计 items=318 windows=8280 elapsed=11913s
[gpu0] [extract] RouteStick_ep135_exec windows=11 took=15.9s (1442 ms/窗) 累计 items=318 windows=8271 elapsed=11916s
[gpu2] [extract] RouteStick_ep136_exec windows=11 took=15.8s (1433 ms/窗) 累计 items=319 windows=8308 elapsed=11924s
[gpu4] [extract] RouteStick_ep141_exec windows=11 took=15.8s (1434 ms/窗) 累计 items=319 windows=8305 elapsed=11927s
[gpu5] [extract] RouteStick_ep144_exec windows=11 took=15.8s (1434 ms/窗) 累计 items=319 windows=8302 elapsed=11927s
[gpu1] [extract] RouteStick_ep146_exec windows=11 took=15.8s (1435 ms/窗) 累计 items=319 windows=8298 elapsed=11928s
[gpu6] [extract] RouteStick_ep148_exec windows=11 took=15.8s (1437 ms/窗) 累计 items=319 windows=8296 elapsed=11928s
[gpu7] [extract] RouteStick_ep149_exec windows=11 took=15.8s (1436 ms/窗) 累计 items=319 windows=8293 elapsed=11929s
[gpu3] [extract] RouteStick_ep153_exec windows=11 took=15.8s (1439 ms/窗) 累计 items=319 windows=8291 elapsed=11929s
[gpu0] [extract] RouteStick_ep155_exec windows=11 took=15.8s (1439 ms/窗) 累计 items=319 windows=8282 elapsed=11932s
[gpu2] [extract] RouteStick_ep156_exec windows=11 took=15.8s (1433 ms/窗) 累计 items=320 windows=8319 elapsed=11940s
[gpu4] [extract] RouteStick_ep158_exec windows=11 took=15.8s (1435 ms/窗) 累计 items=320 windows=8316 elapsed=11942s
[gpu5] [extract] RouteStick_ep159_exec windows=11 took=15.9s (1441 ms/窗) 累计 items=320 windows=8313 elapsed=11943s
[gpu1] [extract] RouteStick_ep160_exec windows=11 took=15.8s (1437 ms/窗) 累计 items=320 windows=8309 elapsed=11944s
[gpu6] [extract] RouteStick_ep161_exec windows=11 took=15.8s (1437 ms/窗) 累计 items=320 windows=8307 elapsed=11944s
[gpu7] [extract] RouteStick_ep162_exec windows=11 took=15.8s (1436 ms/窗) 累计 items=320 windows=8304 elapsed=11944s
[gpu3] [extract] RouteStick_ep166_exec windows=11 took=15.8s (1436 ms/窗) 累计 items=320 windows=8302 elapsed=11945s
[gpu0] [extract] RouteStick_ep169_exec windows=11 took=15.8s (1438 ms/窗) 累计 items=320 windows=8293 elapsed=11947s
[gpu2] [extract] RouteStick_ep171_exec windows=11 took=15.8s (1433 ms/窗) 累计 items=321 windows=8330 elapsed=11955s
[gpu4] [extract] RouteStick_ep173_exec windows=11 took=15.8s (1436 ms/窗) 累计 items=321 windows=8327 elapsed=11958s
[gpu5] [extract] RouteStick_ep175_exec windows=11 took=15.8s (1438 ms/窗) 累计 items=321 windows=8324 elapsed=11958s
[gpu1] [extract] RouteStick_ep177_exec windows=11 took=15.8s (1436 ms/窗) 累计 items=321 windows=8320 elapsed=11960s
[gpu6] [extract] RouteStick_ep178_exec windows=11 took=15.8s (1437 ms/窗) 累计 items=321 windows=8318 elapsed=11960s
[gpu7] [extract] RouteStick_ep180_exec windows=11 took=15.8s (1436 ms/窗) 累计 items=321 windows=8315 elapsed=11960s
[gpu3] [extract] RouteStick_ep181_exec windows=11 took=15.8s (1440 ms/窗) 累计 items=321 windows=8313 elapsed=11961s
[gpu0] [extract] RouteStick_ep183_exec windows=11 took=15.8s (1435 ms/窗) 累计 items=321 windows=8304 elapsed=11963s
[gpu2] [extract] RouteStick_ep184_exec windows=11 took=15.8s (1433 ms/窗) 累计 items=322 windows=8341 elapsed=11971s
[gpu4] [extract] RouteStick_ep185_exec windows=11 took=15.8s (1435 ms/窗) 累计 items=322 windows=8338 elapsed=11974s
[gpu5] [extract] RouteStick_ep190_exec windows=11 took=15.8s (1436 ms/窗) 累计 items=322 windows=8335 elapsed=11974s
[gpu1] [extract] RouteStick_ep193_exec windows=11 took=15.8s (1438 ms/窗) 累计 items=322 windows=8331 elapsed=11975s
[gpu6] [extract] RouteStick_ep196_exec windows=11 took=15.8s (1439 ms/窗) 累计 items=322 windows=8329 elapsed=11976s
[gpu7] [extract] RouteStick_ep197_exec windows=11 took=15.8s (1436 ms/窗) 累计 items=322 windows=8326 elapsed=11976s
[gpu3] [extract] RouteStick_ep198_exec windows=11 took=15.8s (1439 ms/窗) 累计 items=322 windows=8324 elapsed=11977s
[gpu0] [extract] RouteStick_ep200_exec windows=11 took=15.9s (1441 ms/窗) 累计 items=322 windows=8315 elapsed=11979s
[gpu2] [extract] RouteStick_ep205_exec windows=11 took=15.8s (1433 ms/窗) 累计 items=323 windows=8352 elapsed=11987s
[gpu4] [extract] RouteStick_ep211_exec windows=11 took=15.8s (1434 ms/窗) 累计 items=323 windows=8349 elapsed=11990s
[gpu5] [extract] RouteStick_ep212_exec windows=11 took=15.9s (1442 ms/窗) 累计 items=323 windows=8346 elapsed=11990s
[gpu1] [extract] RouteStick_ep214_exec windows=11 took=15.8s (1434 ms/窗) 累计 items=323 windows=8342 elapsed=11991s
[gpu6] [extract] RouteStick_ep220_exec windows=11 took=15.8s (1438 ms/窗) 累计 items=323 windows=8340 elapsed=11992s
[gpu7] [extract] RouteStick_ep222_exec windows=11 took=15.8s (1435 ms/窗) 累计 items=323 windows=8337 elapsed=11992s
[gpu3] [extract] RouteStick_ep233_exec windows=11 took=15.8s (1435 ms/窗) 累计 items=323 windows=8335 elapsed=11992s
[gpu0] [extract] RouteStick_ep234_exec windows=11 took=15.8s (1440 ms/窗) 累计 items=323 windows=8326 elapsed=11995s
[gpu2] [extract] RouteStick_ep237_exec windows=11 took=15.8s (1433 ms/窗) 累计 items=324 windows=8363 elapsed=12003s
[gpu4] [extract] RouteStick_ep242_exec windows=11 took=15.8s (1435 ms/窗) 累计 items=324 windows=8360 elapsed=12006s
[gpu5] [extract] RouteStick_ep246_exec windows=11 took=15.9s (1441 ms/窗) 累计 items=324 windows=8357 elapsed=12006s
[gpu1] [extract] RouteStick_ep250_exec windows=11 took=15.8s (1434 ms/窗) 累计 items=324 windows=8353 elapsed=12007s
[gpu6] [extract] RouteStick_ep252_exec windows=11 took=15.8s (1438 ms/窗) 累计 items=324 windows=8351 elapsed=12008s
[gpu7] [extract] RouteStick_ep253_exec windows=11 took=15.8s (1436 ms/窗) 累计 items=324 windows=8348 elapsed=12008s
[gpu3] [extract] RouteStick_ep262_exec windows=11 took=15.8s (1435 ms/窗) 累计 items=324 windows=8346 elapsed=12008s
[gpu0] [extract] RouteStick_ep267_exec windows=11 took=15.9s (1443 ms/窗) 累计 items=324 windows=8337 elapsed=12011s
[gpu2] [extract] RouteStick_ep268_exec windows=11 took=15.8s (1433 ms/窗) 累计 items=325 windows=8374 elapsed=12019s
[gpu4] [extract] RouteStick_ep271_exec windows=11 took=15.8s (1437 ms/窗) 累计 items=325 windows=8371 elapsed=12021s
[gpu5] [extract] RouteStick_ep276_exec windows=11 took=15.8s (1436 ms/窗) 累计 items=325 windows=8368 elapsed=12022s
[gpu1] [extract] RouteStick_ep281_exec windows=11 took=15.8s (1434 ms/窗) 累计 items=325 windows=8364 elapsed=12023s
[gpu6] [extract] RouteStick_ep287_exec windows=11 took=15.8s (1440 ms/窗) 累计 items=325 windows=8362 elapsed=12023s
[gpu7] [extract] RouteStick_ep293_exec windows=11 took=15.8s (1434 ms/窗) 累计 items=325 windows=8359 elapsed=12023s
[gpu3] [extract] RouteStick_ep297_exec windows=11 took=15.8s (1437 ms/窗) 累计 items=325 windows=8357 elapsed=12024s
[gpu0] [extract] RouteStick_ep298_exec windows=11 took=15.8s (1437 ms/窗) 累计 items=325 windows=8348 elapsed=12027s
[gpu2] [extract] VideoUnmaskSwap_ep103_exec windows=11 took=15.8s (1435 ms/窗) 累计 items=326 windows=8385 elapsed=12034s
[gpu4] [extract] VideoUnmaskSwap_ep0_demo windows=10 took=14.4s (1439 ms/窗) 累计 items=326 windows=8381 elapsed=12036s
[gpu5] [extract] VideoUnmaskSwap_ep102_demo windows=10 took=14.4s (1443 ms/窗) 累计 items=326 windows=8378 elapsed=12036s
[gpu1] [extract] VideoUnmaskSwap_ep103_demo windows=10 took=14.3s (1435 ms/窗) 累计 items=326 windows=8374 elapsed=12037s
[gpu6] [extract] VideoUnmaskSwap_ep104_demo windows=10 took=14.4s (1441 ms/窗) 累计 items=326 windows=8372 elapsed=12038s
[gpu7] [extract] VideoUnmaskSwap_ep104_exec windows=10 took=14.4s (1436 ms/窗) 累计 items=326 windows=8369 elapsed=12038s
[gpu3] [extract] VideoUnmaskSwap_ep105_demo windows=10 took=14.4s (1440 ms/窗) 累计 items=326 windows=8367 elapsed=12038s
[gpu0] [extract] VideoUnmaskSwap_ep105_exec windows=10 took=14.4s (1439 ms/窗) 累计 items=326 windows=8358 elapsed=12041s
[gpu2] [extract] VideoUnmaskSwap_ep108_demo windows=10 took=14.4s (1436 ms/窗) 累计 items=327 windows=8395 elapsed=12049s
[gpu4] [extract] VideoUnmaskSwap_ep110_demo windows=10 took=14.4s (1438 ms/窗) 累计 items=327 windows=8391 elapsed=12050s
[gpu5] [extract] VideoUnmaskSwap_ep113_demo windows=10 took=14.4s (1439 ms/窗) 累计 items=327 windows=8388 elapsed=12051s
[gpu1] [extract] VideoUnmaskSwap_ep115_demo windows=10 took=14.4s (1438 ms/窗) 累计 items=327 windows=8384 elapsed=12051s
[gpu6] [extract] VideoUnmaskSwap_ep116_demo windows=10 took=14.4s (1439 ms/窗) 累计 items=327 windows=8382 elapsed=12052s
[gpu7] [extract] VideoUnmaskSwap_ep117_demo windows=10 took=14.4s (1439 ms/窗) 累计 items=327 windows=8379 elapsed=12052s
[gpu3] [extract] VideoUnmaskSwap_ep121_demo windows=10 took=14.4s (1438 ms/窗) 累计 items=327 windows=8377 elapsed=12053s
[gpu0] [extract] VideoUnmaskSwap_ep122_demo windows=10 took=14.5s (1445 ms/窗) 累计 items=327 windows=8368 elapsed=12055s
[gpu2] [extract] VideoUnmaskSwap_ep123_demo windows=10 took=14.4s (1437 ms/窗) 累计 items=328 windows=8405 elapsed=12063s
[gpu4] [extract] VideoUnmaskSwap_ep124_demo windows=10 took=14.4s (1437 ms/窗) 累计 items=328 windows=8401 elapsed=12065s
[gpu5] [extract] VideoUnmaskSwap_ep128_demo windows=10 took=14.4s (1443 ms/窗) 累计 items=328 windows=8398 elapsed=12065s
[gpu1] [extract] VideoUnmaskSwap_ep12_demo windows=10 took=14.4s (1437 ms/窗) 累计 items=328 windows=8394 elapsed=12066s
[gpu6] [extract] VideoUnmaskSwap_ep130_demo windows=10 took=14.4s (1437 ms/窗) 累计 items=328 windows=8392 elapsed=12067s
[gpu7] [extract] VideoUnmaskSwap_ep132_demo windows=10 took=14.4s (1442 ms/窗) 累计 items=328 windows=8389 elapsed=12067s
[gpu3] [extract] VideoUnmaskSwap_ep133_demo windows=10 took=14.4s (1437 ms/窗) 累计 items=328 windows=8387 elapsed=12067s
[gpu0] [extract] VideoUnmaskSwap_ep134_demo windows=10 took=14.4s (1440 ms/窗) 累计 items=328 windows=8378 elapsed=12070s
[gpu2] [extract] VideoUnmaskSwap_ep135_demo windows=10 took=14.4s (1438 ms/窗) 累计 items=329 windows=8415 elapsed=12077s
[gpu4] [extract] VideoUnmaskSwap_ep141_demo windows=10 took=14.4s (1436 ms/窗) 累计 items=329 windows=8411 elapsed=12079s
[gpu5] [extract] VideoUnmaskSwap_ep143_demo windows=10 took=14.4s (1437 ms/窗) 累计 items=329 windows=8408 elapsed=12079s
[gpu1] [extract] VideoUnmaskSwap_ep147_demo windows=10 took=14.4s (1438 ms/窗) 累计 items=329 windows=8404 elapsed=12080s
[gpu6] [extract] VideoUnmaskSwap_ep148_demo windows=10 took=14.4s (1438 ms/窗) 累计 items=329 windows=8402 elapsed=12081s
[gpu7] [extract] VideoUnmaskSwap_ep149_demo windows=10 took=14.4s (1442 ms/窗) 累计 items=329 windows=8399 elapsed=12081s
[gpu3] [extract] VideoUnmaskSwap_ep14_demo windows=10 took=14.4s (1435 ms/窗) 累计 items=329 windows=8397 elapsed=12082s
[gpu0] [extract] VideoUnmaskSwap_ep150_demo windows=10 took=14.4s (1440 ms/窗) 累计 items=329 windows=8388 elapsed=12084s
[gpu2] [extract] VideoUnmaskSwap_ep151_demo windows=10 took=14.3s (1435 ms/窗) 累计 items=330 windows=8425 elapsed=12092s
[gpu4] [extract] VideoUnmaskSwap_ep156_demo windows=10 took=14.4s (1436 ms/窗) 累计 items=330 windows=8421 elapsed=12093s
[gpu5] [extract] VideoUnmaskSwap_ep158_demo windows=10 took=14.5s (1447 ms/窗) 累计 items=330 windows=8418 elapsed=12094s
[gpu1] [extract] VideoUnmaskSwap_ep159_demo windows=10 took=14.4s (1438 ms/窗) 累计 items=330 windows=8414 elapsed=12095s
[gpu6] [extract] VideoUnmaskSwap_ep15_demo windows=10 took=14.4s (1438 ms/窗) 累计 items=330 windows=8412 elapsed=12095s
[gpu7] [extract] VideoUnmaskSwap_ep160_demo windows=10 took=14.4s (1444 ms/窗) 累计 items=330 windows=8409 elapsed=12095s
[gpu3] [extract] VideoUnmaskSwap_ep161_demo windows=10 took=14.4s (1437 ms/窗) 累计 items=330 windows=8407 elapsed=12096s
[gpu0] [extract] VideoUnmaskSwap_ep163_demo windows=10 took=14.4s (1437 ms/窗) 累计 items=330 windows=8398 elapsed=12099s
[gpu2] [extract] VideoUnmaskSwap_ep165_demo windows=10 took=14.4s (1436 ms/窗) 累计 items=331 windows=8435 elapsed=12106s
[gpu4] [extract] VideoUnmaskSwap_ep166_demo windows=10 took=14.4s (1435 ms/窗) 累计 items=331 windows=8431 elapsed=12108s
[gpu5] [extract] VideoUnmaskSwap_ep170_demo windows=10 took=14.4s (1439 ms/窗) 累计 items=331 windows=8428 elapsed=12108s
[gpu1] [extract] VideoUnmaskSwap_ep171_demo windows=10 took=14.4s (1436 ms/窗) 累计 items=331 windows=8424 elapsed=12109s
[gpu6] [extract] VideoUnmaskSwap_ep173_demo windows=10 took=14.4s (1440 ms/窗) 累计 items=331 windows=8422 elapsed=12110s
[gpu7] [extract] VideoUnmaskSwap_ep176_demo windows=10 took=14.4s (1441 ms/窗) 累计 items=331 windows=8419 elapsed=12110s
[gpu3] [extract] VideoUnmaskSwap_ep178_demo windows=10 took=14.4s (1439 ms/窗) 累计 items=331 windows=8417 elapsed=12110s
[gpu0] [extract] VideoUnmaskSwap_ep17_demo windows=10 took=14.4s (1438 ms/窗) 累计 items=331 windows=8408 elapsed=12113s
[gpu2] [extract] VideoUnmaskSwap_ep180_demo windows=10 took=14.4s (1435 ms/窗) 累计 items=332 windows=8445 elapsed=12121s
[gpu4] [extract] VideoUnmaskSwap_ep183_demo windows=10 took=14.4s (1436 ms/窗) 累计 items=332 windows=8441 elapsed=12122s
[gpu5] [extract] VideoUnmaskSwap_ep186_demo windows=10 took=14.4s (1439 ms/窗) 累计 items=332 windows=8438 elapsed=12123s
[gpu1] [extract] VideoUnmaskSwap_ep188_demo windows=10 took=14.4s (1438 ms/窗) 累计 items=332 windows=8434 elapsed=12123s
[gpu6] [extract] VideoUnmaskSwap_ep189_demo windows=10 took=14.4s (1438 ms/窗) 累计 items=332 windows=8432 elapsed=12124s
[gpu7] [extract] VideoUnmaskSwap_ep190_demo windows=10 took=14.4s (1440 ms/窗) 累计 items=332 windows=8429 elapsed=12124s
[gpu3] [extract] VideoUnmaskSwap_ep191_demo windows=10 took=14.4s (1439 ms/窗) 累计 items=332 windows=8427 elapsed=12125s
[gpu0] [extract] VideoUnmaskSwap_ep192_demo windows=10 took=14.4s (1437 ms/窗) 累计 items=332 windows=8418 elapsed=12127s
[gpu2] [extract] VideoUnmaskSwap_ep197_demo windows=10 took=14.4s (1436 ms/窗) 累计 items=333 windows=8455 elapsed=12135s
[gpu4] [extract] VideoUnmaskSwap_ep199_demo windows=10 took=14.4s (1435 ms/窗) 累计 items=333 windows=8451 elapsed=12136s
[gpu5] [extract] VideoUnmaskSwap_ep19_demo windows=10 took=14.4s (1440 ms/窗) 累计 items=333 windows=8448 elapsed=12137s
[gpu1] [extract] VideoUnmaskSwap_ep201_demo windows=10 took=14.3s (1434 ms/窗) 累计 items=333 windows=8444 elapsed=12138s
[gpu6] [extract] VideoUnmaskSwap_ep204_demo windows=10 took=14.4s (1436 ms/窗) 累计 items=333 windows=8442 elapsed=12139s
[gpu7] [extract] VideoUnmaskSwap_ep205_demo windows=10 took=14.4s (1439 ms/窗) 累计 items=333 windows=8439 elapsed=12139s
[gpu3] [extract] VideoUnmaskSwap_ep206_demo windows=10 took=14.4s (1436 ms/窗) 累计 items=333 windows=8437 elapsed=12139s
[gpu0] [extract] VideoUnmaskSwap_ep208_demo windows=10 took=14.4s (1435 ms/窗) 累计 items=333 windows=8428 elapsed=12142s
[gpu2] [extract] VideoUnmaskSwap_ep210_demo windows=10 took=14.3s (1434 ms/窗) 累计 items=334 windows=8465 elapsed=12149s
[gpu4] [extract] VideoUnmaskSwap_ep211_demo windows=10 took=14.3s (1434 ms/窗) 累计 items=334 windows=8461 elapsed=12151s
[gpu5] [extract] VideoUnmaskSwap_ep213_demo windows=10 took=14.4s (1444 ms/窗) 累计 items=334 windows=8458 elapsed=12152s
[gpu1] [extract] VideoUnmaskSwap_ep214_demo windows=10 took=14.3s (1435 ms/窗) 累计 items=334 windows=8454 elapsed=12152s
[gpu6] [extract] VideoUnmaskSwap_ep217_demo windows=10 took=14.4s (1436 ms/窗) 累计 items=334 windows=8452 elapsed=12153s
[gpu7] [extract] VideoUnmaskSwap_ep220_demo windows=10 took=14.4s (1440 ms/窗) 累计 items=334 windows=8449 elapsed=12153s
[gpu3] [extract] VideoUnmaskSwap_ep222_demo windows=10 took=14.3s (1434 ms/窗) 累计 items=334 windows=8447 elapsed=12153s
[gpu0] [extract] VideoUnmaskSwap_ep223_demo windows=10 took=14.4s (1435 ms/窗) 累计 items=334 windows=8438 elapsed=12156s
[gpu2] [extract] VideoUnmaskSwap_ep226_demo windows=10 took=14.3s (1434 ms/窗) 累计 items=335 windows=8475 elapsed=12164s
[gpu4] [extract] VideoUnmaskSwap_ep229_demo windows=10 took=14.3s (1434 ms/窗) 累计 items=335 windows=8471 elapsed=12165s
[gpu5] [extract] VideoUnmaskSwap_ep22_demo windows=10 took=14.4s (1443 ms/窗) 累计 items=335 windows=8468 elapsed=12166s
[gpu1] [extract] VideoUnmaskSwap_ep230_demo windows=10 took=14.3s (1434 ms/窗) 累计 items=335 windows=8464 elapsed=12166s
[gpu6] [extract] VideoUnmaskSwap_ep231_demo windows=10 took=14.4s (1435 ms/窗) 累计 items=335 windows=8462 elapsed=12167s
[gpu7] [extract] VideoUnmaskSwap_ep232_demo windows=10 took=14.4s (1437 ms/窗) 累计 items=335 windows=8459 elapsed=12167s
[gpu3] [extract] VideoUnmaskSwap_ep235_demo windows=10 took=14.4s (1438 ms/窗) 累计 items=335 windows=8457 elapsed=12168s
[gpu0] [extract] VideoUnmaskSwap_ep239_demo windows=10 took=14.4s (1435 ms/窗) 累计 items=335 windows=8448 elapsed=12170s
[gpu2] [extract] VideoUnmaskSwap_ep241_demo windows=10 took=14.3s (1434 ms/窗) 累计 items=336 windows=8485 elapsed=12178s
[gpu4] [extract] VideoUnmaskSwap_ep242_demo windows=10 took=14.3s (1434 ms/窗) 累计 items=336 windows=8481 elapsed=12179s
[gpu1] [extract] VideoUnmaskSwap_ep246_demo windows=10 took=14.3s (1435 ms/窗) 累计 items=336 windows=8474 elapsed=12181s
[gpu5] [extract] VideoUnmaskSwap_ep245_demo windows=10 took=14.4s (1435 ms/窗) 累计 items=336 windows=8478 elapsed=12180s
[gpu6] [extract] VideoUnmaskSwap_ep249_demo windows=10 took=14.4s (1436 ms/窗) 累计 items=336 windows=8472 elapsed=12182s
[gpu7] [extract] VideoUnmaskSwap_ep24_demo windows=10 took=14.4s (1443 ms/窗) 累计 items=336 windows=8469 elapsed=12182s
[gpu3] [extract] VideoUnmaskSwap_ep251_demo windows=10 took=14.4s (1439 ms/窗) 累计 items=336 windows=8467 elapsed=12182s
[gpu0] [extract] VideoUnmaskSwap_ep252_demo windows=10 took=14.4s (1436 ms/窗) 累计 items=336 windows=8458 elapsed=12185s
[gpu2] [extract] VideoUnmaskSwap_ep254_demo windows=10 took=14.3s (1434 ms/窗) 累计 items=337 windows=8495 elapsed=12192s
[gpu4] [extract] VideoUnmaskSwap_ep257_demo windows=10 took=14.3s (1435 ms/窗) 累计 items=337 windows=8491 elapsed=12194s
[gpu1] [extract] VideoUnmaskSwap_ep259_demo windows=10 took=14.3s (1434 ms/窗) 累计 items=337 windows=8484 elapsed=12195s
[gpu5] [extract] VideoUnmaskSwap_ep25_demo windows=10 took=14.4s (1439 ms/窗) 累计 items=337 windows=8488 elapsed=12195s
[gpu6] [extract] VideoUnmaskSwap_ep260_demo windows=10 took=14.4s (1437 ms/窗) 累计 items=337 windows=8482 elapsed=12196s
[gpu7] [extract] VideoUnmaskSwap_ep262_demo windows=10 took=14.4s (1443 ms/窗) 累计 items=337 windows=8479 elapsed=12196s
[gpu3] [extract] VideoUnmaskSwap_ep263_demo windows=10 took=14.4s (1438 ms/窗) 累计 items=337 windows=8477 elapsed=12197s
[gpu0] [extract] VideoUnmaskSwap_ep267_demo windows=10 took=14.3s (1435 ms/窗) 累计 items=337 windows=8468 elapsed=12199s
[gpu2] [extract] VideoUnmaskSwap_ep268_demo windows=10 took=14.3s (1434 ms/窗) 累计 items=338 windows=8505 elapsed=12207s
[gpu4] [extract] VideoUnmaskSwap_ep26_demo windows=10 took=14.3s (1435 ms/窗) 累计 items=338 windows=8501 elapsed=12208s
[gpu1] [extract] VideoUnmaskSwap_ep271_demo windows=10 took=14.3s (1434 ms/窗) 累计 items=338 windows=8494 elapsed=12209s
[gpu5] [extract] VideoUnmaskSwap_ep275_demo windows=10 took=14.4s (1440 ms/窗) 累计 items=338 windows=8498 elapsed=12209s
[gpu6] [extract] VideoUnmaskSwap_ep277_demo windows=10 took=14.4s (1436 ms/窗) 累计 items=338 windows=8492 elapsed=12210s
[gpu7] [extract] VideoUnmaskSwap_ep278_demo windows=10 took=14.4s (1436 ms/窗) 累计 items=338 windows=8489 elapsed=12211s
[gpu3] [extract] VideoUnmaskSwap_ep279_demo windows=10 took=14.4s (1439 ms/窗) 累计 items=338 windows=8487 elapsed=12211s
[gpu0] [extract] VideoUnmaskSwap_ep27_demo windows=10 took=14.4s (1435 ms/窗) 累计 items=338 windows=8478 elapsed=12213s
[gpu2] [extract] VideoUnmaskSwap_ep280_demo windows=10 took=14.3s (1434 ms/窗) 累计 items=339 windows=8515 elapsed=12221s
[gpu4] [extract] VideoUnmaskSwap_ep281_demo windows=10 took=14.3s (1433 ms/窗) 累计 items=339 windows=8511 elapsed=12222s
[gpu1] [extract] VideoUnmaskSwap_ep283_demo windows=10 took=14.3s (1435 ms/窗) 累计 items=339 windows=8504 elapsed=12224s
[gpu5] [extract] VideoUnmaskSwap_ep284_demo windows=10 took=14.4s (1445 ms/窗) 累计 items=339 windows=8508 elapsed=12224s
[gpu6] [extract] VideoUnmaskSwap_ep286_demo windows=10 took=14.4s (1435 ms/窗) 累计 items=339 windows=8502 elapsed=12225s
[gpu7] [extract] VideoUnmaskSwap_ep292_demo windows=10 took=14.4s (1437 ms/窗) 累计 items=339 windows=8499 elapsed=12225s
[gpu3] [extract] VideoUnmaskSwap_ep294_demo windows=10 took=14.4s (1437 ms/窗) 累计 items=339 windows=8497 elapsed=12225s
[gpu0] [extract] VideoUnmaskSwap_ep295_demo windows=10 took=14.4s (1435 ms/窗) 累计 items=339 windows=8488 elapsed=12228s
[gpu2] [extract] VideoUnmaskSwap_ep298_demo windows=10 took=14.4s (1435 ms/窗) 累计 items=340 windows=8525 elapsed=12235s
[gpu4] [extract] VideoUnmaskSwap_ep299_demo windows=10 took=14.3s (1433 ms/窗) 累计 items=340 windows=8521 elapsed=12237s
[gpu1] [extract] VideoUnmaskSwap_ep30_demo windows=10 took=14.3s (1435 ms/窗) 累计 items=340 windows=8514 elapsed=12238s
[gpu5] [extract] VideoUnmaskSwap_ep31_demo windows=10 took=14.4s (1443 ms/窗) 累计 items=340 windows=8518 elapsed=12238s
[gpu6] [extract] VideoUnmaskSwap_ep35_demo windows=10 took=14.4s (1437 ms/窗) 累计 items=340 windows=8512 elapsed=12239s
[gpu7] [extract] VideoUnmaskSwap_ep38_demo windows=10 took=14.4s (1440 ms/窗) 累计 items=340 windows=8509 elapsed=12239s
[gpu3] [extract] VideoUnmaskSwap_ep39_demo windows=10 took=14.4s (1435 ms/窗) 累计 items=340 windows=8507 elapsed=12240s
[gpu0] [extract] VideoUnmaskSwap_ep41_demo windows=10 took=14.4s (1437 ms/窗) 累计 items=340 windows=8498 elapsed=12242s
[gpu2] [extract] VideoUnmaskSwap_ep42_demo windows=10 took=14.3s (1435 ms/窗) 累计 items=341 windows=8535 elapsed=12250s
[gpu4] [extract] VideoUnmaskSwap_ep44_demo windows=10 took=14.3s (1433 ms/窗) 累计 items=341 windows=8531 elapsed=12251s
[gpu1] [extract] VideoUnmaskSwap_ep46_demo windows=10 took=14.4s (1437 ms/窗) 累计 items=341 windows=8524 elapsed=12252s
[gpu5] [extract] VideoUnmaskSwap_ep48_demo windows=10 took=14.4s (1442 ms/窗) 累计 items=341 windows=8528 elapsed=12252s
[gpu6] [extract] VideoUnmaskSwap_ep4_exec windows=10 took=14.4s (1438 ms/窗) 累计 items=341 windows=8522 elapsed=12254s
[gpu7] [extract] VideoUnmaskSwap_ep50_demo windows=10 took=14.4s (1444 ms/窗) 累计 items=341 windows=8519 elapsed=12254s
[gpu3] [extract] VideoUnmaskSwap_ep52_demo windows=10 took=14.4s (1441 ms/窗) 累计 items=341 windows=8517 elapsed=12254s
[gpu0] [extract] VideoUnmaskSwap_ep53_demo windows=10 took=14.4s (1436 ms/窗) 累计 items=341 windows=8508 elapsed=12257s
[gpu2] [extract] VideoUnmaskSwap_ep54_demo windows=10 took=14.3s (1433 ms/窗) 累计 items=342 windows=8545 elapsed=12264s
[gpu4] [extract] VideoUnmaskSwap_ep59_demo windows=10 took=14.4s (1436 ms/窗) 累计 items=342 windows=8541 elapsed=12265s
[gpu1] [extract] VideoUnmaskSwap_ep5_demo windows=10 took=14.3s (1435 ms/窗) 累计 items=342 windows=8534 elapsed=12267s
[gpu5] [extract] VideoUnmaskSwap_ep61_demo windows=10 took=14.4s (1440 ms/窗) 累计 items=342 windows=8538 elapsed=12267s
[gpu6] [extract] VideoUnmaskSwap_ep63_demo windows=10 took=14.4s (1437 ms/窗) 累计 items=342 windows=8532 elapsed=12268s
[gpu7] [extract] VideoUnmaskSwap_ep65_demo windows=10 took=14.4s (1439 ms/窗) 累计 items=342 windows=8529 elapsed=12268s
[gpu3] [extract] VideoUnmaskSwap_ep68_demo windows=10 took=14.4s (1439 ms/窗) 累计 items=342 windows=8527 elapsed=12269s
[gpu0] [extract] VideoUnmaskSwap_ep69_demo windows=10 took=14.4s (1436 ms/窗) 累计 items=342 windows=8518 elapsed=12271s
[gpu2] [extract] VideoUnmaskSwap_ep71_demo windows=10 took=14.3s (1435 ms/窗) 累计 items=343 windows=8555 elapsed=12278s
[gpu4] [extract] VideoUnmaskSwap_ep73_demo windows=10 took=14.3s (1434 ms/窗) 累计 items=343 windows=8551 elapsed=12280s
[gpu1] [extract] VideoUnmaskSwap_ep75_demo windows=10 took=14.4s (1437 ms/窗) 累计 items=343 windows=8544 elapsed=12281s
[gpu5] [extract] VideoUnmaskSwap_ep76_demo windows=10 took=14.5s (1446 ms/窗) 累计 items=343 windows=8548 elapsed=12281s
[gpu6] [extract] VideoUnmaskSwap_ep77_demo windows=10 took=14.4s (1435 ms/窗) 累计 items=343 windows=8542 elapsed=12282s
[gpu7] [extract] VideoUnmaskSwap_ep7_demo windows=10 took=14.4s (1443 ms/窗) 累计 items=343 windows=8539 elapsed=12283s
[gpu3] [extract] VideoUnmaskSwap_ep80_demo windows=10 took=14.4s (1440 ms/窗) 累计 items=343 windows=8537 elapsed=12283s
[gpu0] [extract] VideoUnmaskSwap_ep82_demo windows=10 took=14.4s (1437 ms/窗) 累计 items=343 windows=8528 elapsed=12285s
[gpu2] [extract] VideoUnmaskSwap_ep84_demo windows=10 took=14.3s (1434 ms/窗) 累计 items=344 windows=8565 elapsed=12293s
[gpu4] [extract] VideoUnmaskSwap_ep87_demo windows=10 took=14.4s (1435 ms/窗) 累计 items=344 windows=8561 elapsed=12294s
[gpu1] [extract] VideoUnmaskSwap_ep88_demo windows=10 took=14.4s (1436 ms/窗) 累计 items=344 windows=8554 elapsed=12296s
[gpu5] [extract] VideoUnmaskSwap_ep8_demo windows=10 took=14.3s (1434 ms/窗) 累计 items=344 windows=8558 elapsed=12296s
[gpu6] [extract] VideoUnmaskSwap_ep91_demo windows=10 took=14.4s (1436 ms/窗) 累计 items=344 windows=8552 elapsed=12297s
[gpu7] [extract] VideoUnmaskSwap_ep95_demo windows=10 took=14.4s (1444 ms/窗) 累计 items=344 windows=8549 elapsed=12297s
[gpu3] [extract] VideoUnmaskSwap_ep97_demo windows=10 took=14.4s (1439 ms/窗) 累计 items=344 windows=8547 elapsed=12297s
[gpu0] [extract] VideoUnmaskSwap_ep98_demo windows=10 took=14.4s (1437 ms/窗) 累计 items=344 windows=8538 elapsed=12300s
[gpu2] [extract] VideoUnmaskSwap_ep99_demo windows=10 took=14.3s (1434 ms/窗) 累计 items=345 windows=8575 elapsed=12307s
[gpu4] [extract] VideoUnmaskSwap_ep9_demo windows=10 took=14.4s (1436 ms/窗) 累计 items=345 windows=8571 elapsed=12309s
[gpu1] [extract] RouteStick_ep0_demo windows=9 took=12.9s (1438 ms/窗) 累计 items=345 windows=8563 elapsed=12309s
[gpu5] [extract] RouteStick_ep11_demo windows=9 took=13.0s (1442 ms/窗) 累计 items=345 windows=8567 elapsed=12309s
[gpu6] [extract] RouteStick_ep13_demo windows=9 took=12.9s (1438 ms/窗) 累计 items=345 windows=8561 elapsed=12310s
[gpu3] [extract] RouteStick_ep14_demo windows=9 took=13.0s (1441 ms/窗) 累计 items=345 windows=8556 elapsed=12310s
[gpu7] [extract] RouteStick_ep16_demo windows=9 took=13.0s (1440 ms/窗) 累计 items=345 windows=8558 elapsed=12310s
[gpu0] [extract] RouteStick_ep18_demo windows=9 took=12.9s (1438 ms/窗) 累计 items=345 windows=8547 elapsed=12313s
[gpu2] [extract] RouteStick_ep21_demo windows=9 took=12.9s (1436 ms/窗) 累计 items=346 windows=8584 elapsed=12320s
[gpu4] [extract] RouteStick_ep24_demo windows=9 took=12.9s (1438 ms/窗) 累计 items=346 windows=8580 elapsed=12321s
[gpu1] [extract] RouteStick_ep25_demo windows=9 took=12.9s (1437 ms/窗) 累计 items=346 windows=8572 elapsed=12321s
[gpu5] [extract] RouteStick_ep27_demo windows=9 took=13.0s (1445 ms/窗) 累计 items=346 windows=8576 elapsed=12322s
[gpu6] [extract] RouteStick_ep28_demo windows=9 took=12.9s (1437 ms/窗) 累计 items=346 windows=8570 elapsed=12322s
[gpu3] [extract] RouteStick_ep30_demo windows=9 took=13.0s (1443 ms/窗) 累计 items=346 windows=8565 elapsed=12323s
[gpu7] [extract] RouteStick_ep33_demo windows=9 took=13.0s (1447 ms/窗) 累计 items=346 windows=8567 elapsed=12323s
[gpu0] [extract] RouteStick_ep34_demo windows=9 took=12.9s (1437 ms/窗) 累计 items=346 windows=8556 elapsed=12326s
[gpu2] [extract] RouteStick_ep37_demo windows=9 took=12.9s (1436 ms/窗) 累计 items=347 windows=8593 elapsed=12333s
[gpu4] [extract] RouteStick_ep38_demo windows=9 took=12.9s (1437 ms/窗) 累计 items=347 windows=8589 elapsed=12334s
[gpu1] [extract] RouteStick_ep3_demo windows=9 took=12.9s (1437 ms/窗) 累计 items=347 windows=8581 elapsed=12334s
[gpu5] [extract] RouteStick_ep40_demo windows=9 took=13.0s (1443 ms/窗) 累计 items=347 windows=8585 elapsed=12335s
[gpu6] [extract] RouteStick_ep41_demo windows=9 took=12.9s (1437 ms/窗) 累计 items=347 windows=8579 elapsed=12335s
[gpu3] [extract] RouteStick_ep43_demo windows=9 took=13.0s (1441 ms/窗) 累计 items=347 windows=8574 elapsed=12336s
[gpu7] [extract] RouteStick_ep46_demo windows=9 took=13.0s (1441 ms/窗) 累计 items=347 windows=8576 elapsed=12336s
[gpu0] [extract] RouteStick_ep49_demo windows=9 took=12.9s (1437 ms/窗) 累计 items=347 windows=8565 elapsed=12339s
[gpu2] [extract] RouteStick_ep4_demo windows=9 took=12.9s (1436 ms/窗) 累计 items=348 windows=8602 elapsed=12346s
[gpu4] [extract] RouteStick_ep51_demo windows=9 took=13.0s (1440 ms/窗) 累计 items=348 windows=8598 elapsed=12347s
[gpu1] [extract] RouteStick_ep52_demo windows=9 took=12.9s (1437 ms/窗) 累计 items=348 windows=8590 elapsed=12347s
[gpu5] [extract] RouteStick_ep56_demo windows=9 took=13.0s (1440 ms/窗) 累计 items=348 windows=8594 elapsed=12348s
[gpu6] [extract] RouteStick_ep58_demo windows=9 took=12.9s (1439 ms/窗) 累计 items=348 windows=8588 elapsed=12348s
[gpu3] [extract] RouteStick_ep59_demo windows=9 took=13.0s (1441 ms/窗) 累计 items=348 windows=8583 elapsed=12349s
[gpu7] [extract] RouteStick_ep5_demo windows=9 took=12.9s (1438 ms/窗) 累计 items=348 windows=8585 elapsed=12349s
[gpu0] [extract] RouteStick_ep61_demo windows=9 took=12.9s (1438 ms/窗) 累计 items=348 windows=8574 elapsed=12351s
[gpu2] [extract] RouteStick_ep62_demo windows=9 took=12.9s (1436 ms/窗) 累计 items=349 windows=8611 elapsed=12359s
[gpu4] [extract] RouteStick_ep63_demo windows=9 took=12.9s (1438 ms/窗) 累计 items=349 windows=8607 elapsed=12360s
[gpu1] [extract] RouteStick_ep64_demo windows=9 took=12.9s (1438 ms/窗) 累计 items=349 windows=8599 elapsed=12360s
[gpu5] [extract] RouteStick_ep66_demo windows=9 took=12.9s (1438 ms/窗) 累计 items=349 windows=8603 elapsed=12361s
[gpu6] [extract] RouteStick_ep70_demo windows=9 took=12.9s (1438 ms/窗) 累计 items=349 windows=8597 elapsed=12361s
[gpu3] [extract] RouteStick_ep71_demo windows=9 took=13.0s (1443 ms/窗) 累计 items=349 windows=8592 elapsed=12362s
[gpu7] [extract] RouteStick_ep74_demo windows=9 took=13.0s (1443 ms/窗) 累计 items=349 windows=8594 elapsed=12362s
[gpu0] [extract] RouteStick_ep78_demo windows=9 took=12.9s (1439 ms/窗) 累计 items=349 windows=8583 elapsed=12364s
[gpu2] [extract] RouteStick_ep79_demo windows=9 took=12.9s (1437 ms/窗) 累计 items=350 windows=8620 elapsed=12372s
[gpu4] [extract] RouteStick_ep80_demo windows=9 took=12.9s (1439 ms/窗) 累计 items=350 windows=8616 elapsed=12373s
[gpu1] [extract] RouteStick_ep81_demo windows=9 took=12.9s (1437 ms/窗) 累计 items=350 windows=8608 elapsed=12373s
[gpu5] [extract] RouteStick_ep83_demo windows=9 took=13.0s (1441 ms/窗) 累计 items=350 windows=8612 elapsed=12374s
[gpu6] [extract] RouteStick_ep86_demo windows=9 took=12.9s (1439 ms/窗) 累计 items=350 windows=8606 elapsed=12374s
[gpu7] [extract] RouteStick_ep91_demo windows=9 took=13.0s (1442 ms/窗) 累计 items=350 windows=8603 elapsed=12375s
[gpu3] [extract] RouteStick_ep89_demo windows=9 took=13.0s (1444 ms/窗) 累计 items=350 windows=8601 elapsed=12375s
[gpu0] [extract] RouteStick_ep93_demo windows=9 took=12.9s (1438 ms/窗) 累计 items=350 windows=8592 elapsed=12377s
[gpu2] [extract] RouteStick_ep94_demo windows=9 took=12.9s (1436 ms/窗) 累计 items=351 windows=8629 elapsed=12385s
[gpu4] [extract] RouteStick_ep95_demo windows=9 took=12.9s (1436 ms/窗) 累计 items=351 windows=8625 elapsed=12386s
[gpu1] [extract] RouteStick_ep97_demo windows=9 took=12.9s (1439 ms/窗) 累计 items=351 windows=8617 elapsed=12386s
[gpu5] [extract] RouteStick_ep9_demo windows=9 took=13.0s (1441 ms/窗) 累计 items=351 windows=8621 elapsed=12387s
[gpu6] [extract] VideoUnmaskSwap_ep0_exec windows=9 took=12.9s (1434 ms/窗) 累计 items=351 windows=8615 elapsed=12387s
[gpu7] [extract] VideoUnmaskSwap_ep100_exec windows=9 took=13.0s (1440 ms/窗) 累计 items=351 windows=8612 elapsed=12388s
[gpu3] [extract] VideoUnmaskSwap_ep101_exec windows=9 took=13.0s (1440 ms/窗) 累计 items=351 windows=8610 elapsed=12388s
[gpu0] [extract] VideoUnmaskSwap_ep102_exec windows=9 took=12.9s (1435 ms/窗) 累计 items=351 windows=8601 elapsed=12390s
[gpu2] [extract] RouteStick_ep0_exec windows=8 took=11.5s (1433 ms/窗) 累计 items=352 windows=8637 elapsed=12396s
[gpu4] [extract] RouteStick_ep11_exec windows=8 took=11.5s (1433 ms/窗) 累计 items=352 windows=8633 elapsed=12398s
[gpu1] [extract] RouteStick_ep13_exec windows=8 took=11.5s (1436 ms/窗) 累计 items=352 windows=8625 elapsed=12398s
[gpu5] [extract] RouteStick_ep14_exec windows=8 took=11.5s (1439 ms/窗) 累计 items=352 windows=8629 elapsed=12398s
[gpu6] [extract] RouteStick_ep16_exec windows=8 took=11.5s (1440 ms/窗) 累计 items=352 windows=8623 elapsed=12399s
[gpu7] [extract] RouteStick_ep18_exec windows=8 took=11.5s (1436 ms/窗) 累计 items=352 windows=8620 elapsed=12399s
[gpu3] [extract] RouteStick_ep21_exec windows=8 took=11.5s (1438 ms/窗) 累计 items=352 windows=8618 elapsed=12400s
[gpu0] [extract] RouteStick_ep24_exec windows=8 took=11.5s (1435 ms/窗) 累计 items=352 windows=8609 elapsed=12402s
[gpu2] [extract] RouteStick_ep25_exec windows=8 took=11.5s (1433 ms/窗) 累计 items=353 windows=8645 elapsed=12408s
[gpu4] [extract] RouteStick_ep27_exec windows=8 took=11.5s (1433 ms/窗) 累计 items=353 windows=8641 elapsed=12409s
[gpu1] [extract] RouteStick_ep28_exec windows=8 took=11.5s (1435 ms/窗) 累计 items=353 windows=8633 elapsed=12409s
[gpu5] [extract] RouteStick_ep30_exec windows=8 took=11.5s (1434 ms/窗) 累计 items=353 windows=8637 elapsed=12410s
[gpu6] [extract] RouteStick_ep33_exec windows=8 took=11.5s (1436 ms/窗) 累计 items=353 windows=8631 elapsed=12410s
[gpu7] [extract] RouteStick_ep34_exec windows=8 took=11.5s (1437 ms/窗) 累计 items=353 windows=8628 elapsed=12411s
[gpu3] [extract] RouteStick_ep37_exec windows=8 took=11.5s (1438 ms/窗) 累计 items=353 windows=8626 elapsed=12411s
[gpu0] [extract] RouteStick_ep38_exec windows=8 took=11.5s (1435 ms/窗) 累计 items=353 windows=8617 elapsed=12413s
[gpu2] [extract] RouteStick_ep3_exec windows=8 took=11.5s (1433 ms/窗) 累计 items=354 windows=8653 elapsed=12419s
[gpu4] [extract] RouteStick_ep40_exec windows=8 took=11.5s (1432 ms/窗) 累计 items=354 windows=8649 elapsed=12421s
[gpu1] [extract] RouteStick_ep41_exec windows=8 took=11.5s (1433 ms/窗) 累计 items=354 windows=8641 elapsed=12421s
[gpu5] [extract] RouteStick_ep43_exec windows=8 took=11.5s (1444 ms/窗) 累计 items=354 windows=8645 elapsed=12421s
[gpu6] [extract] RouteStick_ep46_exec windows=8 took=11.5s (1435 ms/窗) 累计 items=354 windows=8639 elapsed=12422s
[gpu7] [extract] RouteStick_ep49_exec windows=8 took=11.5s (1439 ms/窗) 累计 items=354 windows=8636 elapsed=12423s
[gpu3] [extract] RouteStick_ep4_exec windows=8 took=11.5s (1439 ms/窗) 累计 items=354 windows=8634 elapsed=12423s
[gpu0] [extract] RouteStick_ep51_exec windows=8 took=11.5s (1435 ms/窗) 累计 items=354 windows=8625 elapsed=12425s
[gpu2] [extract] RouteStick_ep52_exec windows=8 took=11.5s (1435 ms/窗) 累计 items=355 windows=8661 elapsed=12431s
[gpu4] [extract] RouteStick_ep56_exec windows=8 took=11.5s (1433 ms/窗) 累计 items=355 windows=8657 elapsed=12432s
[gpu1] [extract] RouteStick_ep58_exec windows=8 took=11.5s (1435 ms/窗) 累计 items=355 windows=8649 elapsed=12432s
[gpu5] [extract] RouteStick_ep59_exec windows=8 took=11.5s (1439 ms/窗) 累计 items=355 windows=8653 elapsed=12433s
[gpu6] [extract] RouteStick_ep5_exec windows=8 took=11.5s (1435 ms/窗) 累计 items=355 windows=8647 elapsed=12433s
[gpu7] [extract] RouteStick_ep61_exec windows=8 took=11.5s (1440 ms/窗) 累计 items=355 windows=8644 elapsed=12434s
[gpu3] [extract] RouteStick_ep62_exec windows=8 took=11.5s (1439 ms/窗) 累计 items=355 windows=8642 elapsed=12434s
[gpu0] [extract] RouteStick_ep63_exec windows=8 took=11.5s (1435 ms/窗) 累计 items=355 windows=8633 elapsed=12436s
[gpu2] [extract] RouteStick_ep64_exec windows=8 took=11.5s (1433 ms/窗) 累计 items=356 windows=8669 elapsed=12442s
[gpu4] [extract] RouteStick_ep66_exec windows=8 took=11.5s (1434 ms/窗) 累计 items=356 windows=8665 elapsed=12444s
[gpu1] [extract] RouteStick_ep70_exec windows=8 took=11.5s (1434 ms/窗) 累计 items=356 windows=8657 elapsed=12444s
[gpu5] [extract] RouteStick_ep71_exec windows=8 took=11.5s (1443 ms/窗) 累计 items=356 windows=8661 elapsed=12444s
[gpu6] [extract] RouteStick_ep74_exec windows=8 took=11.5s (1435 ms/窗) 累计 items=356 windows=8655 elapsed=12445s
[gpu7] [extract] RouteStick_ep78_exec windows=8 took=11.5s (1439 ms/窗) 累计 items=356 windows=8652 elapsed=12446s
[gpu3] [extract] RouteStick_ep79_exec windows=8 took=11.5s (1441 ms/窗) 累计 items=356 windows=8650 elapsed=12446s
[gpu0] [extract] RouteStick_ep80_exec windows=8 took=11.5s (1436 ms/窗) 累计 items=356 windows=8641 elapsed=12448s
[gpu2] [extract] RouteStick_ep81_exec windows=8 took=11.5s (1434 ms/窗) 累计 items=357 windows=8677 elapsed=12453s
[gpu4] [extract] RouteStick_ep83_exec windows=8 took=11.5s (1433 ms/窗) 累计 items=357 windows=8673 elapsed=12455s
[gpu1] [extract] RouteStick_ep86_exec windows=8 took=11.5s (1434 ms/窗) 累计 items=357 windows=8665 elapsed=12455s
[gpu5] [extract] RouteStick_ep89_exec windows=8 took=11.5s (1440 ms/窗) 累计 items=357 windows=8669 elapsed=12456s
[gpu6] [extract] RouteStick_ep91_exec windows=8 took=11.5s (1435 ms/窗) 累计 items=357 windows=8663 elapsed=12456s
[gpu7] [extract] RouteStick_ep93_exec windows=8 took=11.5s (1438 ms/窗) 累计 items=357 windows=8660 elapsed=12457s
[gpu3] [extract] RouteStick_ep94_exec windows=8 took=11.5s (1436 ms/窗) 累计 items=357 windows=8658 elapsed=12457s
[gpu0] [extract] RouteStick_ep95_exec windows=8 took=11.5s (1435 ms/窗) 累计 items=357 windows=8649 elapsed=12459s
[gpu2] [extract] RouteStick_ep97_exec windows=8 took=11.5s (1435 ms/窗) 累计 items=358 windows=8685 elapsed=12465s
[gpu1] [extract] VideoUnmaskSwap_ep100_demo windows=7 took=10.1s (1437 ms/窗) 累计 items=358 windows=8672 elapsed=12465s
[gpu5] [extract] VideoUnmaskSwap_ep101_demo windows=7 took=10.0s (1435 ms/窗) 累计 items=358 windows=8676 elapsed=12466s
[gpu4] [extract] RouteStick_ep9_exec windows=8 took=11.5s (1435 ms/窗) 累计 items=358 windows=8681 elapsed=12467s
[gpu6] [extract] VideoUnmaskSwap_ep106_demo windows=7 took=10.1s (1442 ms/窗) 累计 items=358 windows=8670 elapsed=12466s
[gpu7] [extract] VideoUnmaskSwap_ep107_demo windows=7 took=10.1s (1441 ms/窗) 累计 items=358 windows=8667 elapsed=12467s
[gpu3] [extract] VideoUnmaskSwap_ep109_demo windows=7 took=10.1s (1439 ms/窗) 累计 items=358 windows=8665 elapsed=12467s
[gpu0] [extract] VideoUnmaskSwap_ep10_demo windows=7 took=10.1s (1440 ms/窗) 累计 items=358 windows=8656 elapsed=12469s
[gpu2] [extract] VideoUnmaskSwap_ep111_demo windows=7 took=10.1s (1437 ms/窗) 累计 items=359 windows=8692 elapsed=12475s
[gpu1] [extract] VideoUnmaskSwap_ep112_demo windows=7 took=10.1s (1437 ms/窗) 累计 items=359 windows=8679 elapsed=12475s
[gpu5] [extract] VideoUnmaskSwap_ep114_demo windows=7 took=10.1s (1436 ms/窗) 累计 items=359 windows=8683 elapsed=12476s
[gpu4] [extract] VideoUnmaskSwap_ep118_demo windows=7 took=10.1s (1438 ms/窗) 累计 items=359 windows=8688 elapsed=12477s
[gpu6] [extract] VideoUnmaskSwap_ep119_demo windows=7 took=10.1s (1438 ms/窗) 累计 items=359 windows=8677 elapsed=12476s
[gpu7] [extract] VideoUnmaskSwap_ep11_demo windows=7 took=10.1s (1438 ms/窗) 累计 items=359 windows=8674 elapsed=12477s
[gpu3] [extract] VideoUnmaskSwap_ep120_demo windows=7 took=10.1s (1436 ms/窗) 累计 items=359 windows=8672 elapsed=12477s
[gpu0] [extract] VideoUnmaskSwap_ep125_demo windows=7 took=10.1s (1438 ms/窗) 累计 items=359 windows=8663 elapsed=12479s
[gpu2] [extract] VideoUnmaskSwap_ep126_demo windows=7 took=10.1s (1436 ms/窗) 累计 items=360 windows=8699 elapsed=12485s
[gpu1] [extract] VideoUnmaskSwap_ep127_demo windows=7 took=10.0s (1436 ms/窗) 累计 items=360 windows=8686 elapsed=12485s
[gpu5] [extract] VideoUnmaskSwap_ep129_demo windows=7 took=10.1s (1436 ms/窗) 累计 items=360 windows=8690 elapsed=12486s
[gpu4] [extract] VideoUnmaskSwap_ep131_demo windows=7 took=10.1s (1436 ms/窗) 累计 items=360 windows=8695 elapsed=12487s
[gpu6] [extract] VideoUnmaskSwap_ep136_demo windows=7 took=10.1s (1438 ms/窗) 累计 items=360 windows=8684 elapsed=12486s
[gpu7] [extract] VideoUnmaskSwap_ep137_demo windows=7 took=10.1s (1437 ms/窗) 累计 items=360 windows=8681 elapsed=12487s
[gpu3] [extract] VideoUnmaskSwap_ep138_demo windows=7 took=10.1s (1438 ms/窗) 累计 items=360 windows=8679 elapsed=12488s
[gpu0] [extract] VideoUnmaskSwap_ep139_demo windows=7 took=10.1s (1437 ms/窗) 累计 items=360 windows=8670 elapsed=12489s
[gpu2] [extract] VideoUnmaskSwap_ep13_demo windows=7 took=10.0s (1433 ms/窗) 累计 items=361 windows=8706 elapsed=12495s
[gpu1] [extract] VideoUnmaskSwap_ep140_demo windows=7 took=10.1s (1437 ms/窗) 累计 items=361 windows=8693 elapsed=12495s
[gpu5] [extract] VideoUnmaskSwap_ep142_demo windows=7 took=10.0s (1436 ms/窗) 累计 items=361 windows=8697 elapsed=12496s
[gpu4] [extract] VideoUnmaskSwap_ep144_demo windows=7 took=10.1s (1436 ms/窗) 累计 items=361 windows=8702 elapsed=12497s
[gpu6] [extract] VideoUnmaskSwap_ep145_demo windows=7 took=10.1s (1437 ms/窗) 累计 items=361 windows=8691 elapsed=12496s
[gpu7] [extract] VideoUnmaskSwap_ep146_demo windows=7 took=10.1s (1437 ms/窗) 累计 items=361 windows=8688 elapsed=12497s
[gpu3] [extract] VideoUnmaskSwap_ep152_demo windows=7 took=10.1s (1437 ms/窗) 累计 items=361 windows=8686 elapsed=12498s
[gpu0] [extract] VideoUnmaskSwap_ep153_demo windows=7 took=10.1s (1438 ms/窗) 累计 items=361 windows=8677 elapsed=12500s
[gpu2] [extract] VideoUnmaskSwap_ep154_demo windows=7 took=10.1s (1436 ms/窗) 累计 items=362 windows=8713 elapsed=12505s
[gpu1] [extract] VideoUnmaskSwap_ep155_demo windows=7 took=10.1s (1436 ms/窗) 累计 items=362 windows=8700 elapsed=12505s
[gpu5] [extract] VideoUnmaskSwap_ep157_demo windows=7 took=10.0s (1435 ms/窗) 累计 items=362 windows=8704 elapsed=12506s
[gpu4] [extract] VideoUnmaskSwap_ep162_demo windows=7 took=10.0s (1435 ms/窗) 累计 items=362 windows=8709 elapsed=12507s
[gpu6] [extract] VideoUnmaskSwap_ep164_demo windows=7 took=10.1s (1438 ms/窗) 累计 items=362 windows=8698 elapsed=12507s
[gpu3] [extract] VideoUnmaskSwap_ep168_demo windows=7 took=10.1s (1438 ms/窗) 累计 items=362 windows=8693 elapsed=12508s
[gpu7] [extract] VideoUnmaskSwap_ep167_demo windows=7 took=10.1s (1443 ms/窗) 累计 items=362 windows=8695 elapsed=12507s
[gpu0] [extract] VideoUnmaskSwap_ep169_demo windows=7 took=10.1s (1438 ms/窗) 累计 items=362 windows=8684 elapsed=12510s
[gpu2] [extract] VideoUnmaskSwap_ep16_demo windows=7 took=10.0s (1433 ms/窗) 累计 items=363 windows=8720 elapsed=12515s
[gpu1] [extract] VideoUnmaskSwap_ep172_demo windows=7 took=10.1s (1436 ms/窗) 累计 items=363 windows=8707 elapsed=12515s
[gpu5] [extract] VideoUnmaskSwap_ep174_demo windows=7 took=10.0s (1436 ms/窗) 累计 items=363 windows=8711 elapsed=12516s
[gpu4] [extract] VideoUnmaskSwap_ep175_demo windows=7 took=10.0s (1435 ms/窗) 累计 items=363 windows=8716 elapsed=12517s
[gpu6] [extract] VideoUnmaskSwap_ep177_demo windows=7 took=10.1s (1436 ms/窗) 累计 items=363 windows=8705 elapsed=12517s
[gpu3] [extract] VideoUnmaskSwap_ep179_demo windows=7 took=10.1s (1437 ms/窗) 累计 items=363 windows=8700 elapsed=12518s
[gpu7] [extract] VideoUnmaskSwap_ep181_demo windows=7 took=10.1s (1437 ms/窗) 累计 items=363 windows=8702 elapsed=12518s
[gpu0] [extract] VideoUnmaskSwap_ep182_demo windows=7 took=10.1s (1441 ms/窗) 累计 items=363 windows=8691 elapsed=12520s
[gpu2] [extract] VideoUnmaskSwap_ep184_demo windows=7 took=10.0s (1436 ms/窗) 累计 items=364 windows=8727 elapsed=12525s
[gpu1] [extract] VideoUnmaskSwap_ep185_demo windows=7 took=10.0s (1435 ms/窗) 累计 items=364 windows=8714 elapsed=12526s
[gpu5] [extract] VideoUnmaskSwap_ep187_demo windows=7 took=10.1s (1436 ms/窗) 累计 items=364 windows=8718 elapsed=12526s
[gpu4] [extract] VideoUnmaskSwap_ep18_demo windows=7 took=10.0s (1433 ms/窗) 累计 items=364 windows=8723 elapsed=12527s
[gpu6] [extract] VideoUnmaskSwap_ep193_demo windows=7 took=10.1s (1438 ms/窗) 累计 items=364 windows=8712 elapsed=12527s
[gpu3] [extract] VideoUnmaskSwap_ep194_demo windows=7 took=10.1s (1438 ms/窗) 累计 items=364 windows=8707 elapsed=12528s
[gpu7] [extract] VideoUnmaskSwap_ep195_demo windows=7 took=10.1s (1440 ms/窗) 累计 items=364 windows=8709 elapsed=12528s
[gpu0] [extract] VideoUnmaskSwap_ep196_demo windows=7 took=10.1s (1440 ms/窗) 累计 items=364 windows=8698 elapsed=12530s
[gpu2] [extract] VideoUnmaskSwap_ep198_demo windows=7 took=10.1s (1437 ms/窗) 累计 items=365 windows=8734 elapsed=12535s
[gpu1] [extract] VideoUnmaskSwap_ep1_demo windows=7 took=10.0s (1433 ms/窗) 累计 items=365 windows=8721 elapsed=12536s
[gpu5] [extract] VideoUnmaskSwap_ep20_demo windows=7 took=10.0s (1434 ms/窗) 累计 items=365 windows=8725 elapsed=12536s
[gpu4] [extract] VideoUnmaskSwap_ep21_demo windows=7 took=10.1s (1437 ms/窗) 累计 items=365 windows=8730 elapsed=12537s
[gpu6] [extract] VideoUnmaskSwap_ep23_demo windows=7 took=10.1s (1438 ms/窗) 累计 items=365 windows=8719 elapsed=12537s
[gpu3] [extract] VideoUnmaskSwap_ep28_demo windows=7 took=10.0s (1435 ms/窗) 累计 items=365 windows=8714 elapsed=12538s
[gpu7] [extract] VideoUnmaskSwap_ep29_demo windows=7 took=10.1s (1436 ms/窗) 累计 items=365 windows=8716 elapsed=12538s
[gpu0] [extract] VideoUnmaskSwap_ep2_demo windows=7 took=10.0s (1436 ms/窗) 累计 items=365 windows=8705 elapsed=12540s
[gpu2] [extract] VideoUnmaskSwap_ep32_demo windows=7 took=10.0s (1433 ms/窗) 累计 items=366 windows=8741 elapsed=12545s
[gpu1] [extract] VideoUnmaskSwap_ep33_demo windows=7 took=10.1s (1436 ms/窗) 累计 items=366 windows=8728 elapsed=12546s
[gpu5] [extract] VideoUnmaskSwap_ep34_demo windows=7 took=10.1s (1439 ms/窗) 累计 items=366 windows=8732 elapsed=12546s
[gpu4] [extract] VideoUnmaskSwap_ep36_demo windows=7 took=10.0s (1435 ms/窗) 累计 items=366 windows=8737 elapsed=12547s
[gpu6] [extract] VideoUnmaskSwap_ep37_demo windows=7 took=10.1s (1442 ms/窗) 累计 items=366 windows=8726 elapsed=12547s
[gpu3] [extract] VideoUnmaskSwap_ep3_demo windows=7 took=10.0s (1434 ms/窗) 累计 items=366 windows=8721 elapsed=12548s
[gpu7] [extract] VideoUnmaskSwap_ep40_demo windows=7 took=10.1s (1438 ms/窗) 累计 items=366 windows=8723 elapsed=12548s
[gpu0] [extract] VideoUnmaskSwap_ep43_demo windows=7 took=10.1s (1436 ms/窗) 累计 items=366 windows=8712 elapsed=12550s
[gpu2] [extract] VideoUnmaskSwap_ep45_demo windows=7 took=10.0s (1432 ms/窗) 累计 items=367 windows=8748 elapsed=12555s
[gpu1] [extract] VideoUnmaskSwap_ep47_demo windows=7 took=10.1s (1437 ms/窗) 累计 items=367 windows=8735 elapsed=12556s
[gpu5] [extract] VideoUnmaskSwap_ep49_demo windows=7 took=10.0s (1434 ms/窗) 累计 items=367 windows=8739 elapsed=12556s
[gpu4] [extract] VideoUnmaskSwap_ep4_demo windows=7 took=10.0s (1434 ms/窗) 累计 items=367 windows=8744 elapsed=12557s
[gpu6] [extract] VideoUnmaskSwap_ep51_demo windows=7 took=10.0s (1434 ms/窗) 累计 items=367 windows=8733 elapsed=12557s
[gpu3] [extract] VideoUnmaskSwap_ep55_demo windows=7 took=10.0s (1434 ms/窗) 累计 items=367 windows=8728 elapsed=12558s
[gpu7] [extract] VideoUnmaskSwap_ep56_demo windows=7 took=10.1s (1438 ms/窗) 累计 items=367 windows=8730 elapsed=12558s
[gpu0] [extract] VideoUnmaskSwap_ep57_demo windows=7 took=10.1s (1442 ms/窗) 累计 items=367 windows=8719 elapsed=12560s
[gpu2] [extract] VideoUnmaskSwap_ep58_demo windows=7 took=10.0s (1435 ms/窗) 累计 items=368 windows=8755 elapsed=12565s
[gpu1] [extract] VideoUnmaskSwap_ep60_demo windows=7 took=10.0s (1435 ms/窗) 累计 items=368 windows=8742 elapsed=12566s
[gpu5] [extract] VideoUnmaskSwap_ep62_demo windows=7 took=10.0s (1436 ms/窗) 累计 items=368 windows=8746 elapsed=12566s
[gpu4] [extract] VideoUnmaskSwap_ep64_demo windows=7 took=10.0s (1433 ms/窗) 累计 items=368 windows=8751 elapsed=12567s
[gpu6] [extract] VideoUnmaskSwap_ep66_demo windows=7 took=10.1s (1438 ms/窗) 累计 items=368 windows=8740 elapsed=12567s
[gpu3] [extract] VideoUnmaskSwap_ep67_demo windows=7 took=10.1s (1436 ms/窗) 累计 items=368 windows=8735 elapsed=12568s
[gpu7] [extract] VideoUnmaskSwap_ep6_demo windows=7 took=10.1s (1438 ms/窗) 累计 items=368 windows=8737 elapsed=12568s
[gpu0] [extract] VideoUnmaskSwap_ep70_demo windows=7 took=10.0s (1435 ms/窗) 累计 items=368 windows=8726 elapsed=12570s
[gpu2] [extract] VideoUnmaskSwap_ep72_demo windows=7 took=10.0s (1435 ms/窗) 累计 items=369 windows=8762 elapsed=12576s
[gpu1] [extract] VideoUnmaskSwap_ep74_demo windows=7 took=10.1s (1436 ms/窗) 累计 items=369 windows=8749 elapsed=12576s
[gpu5] [extract] VideoUnmaskSwap_ep78_demo windows=7 took=10.1s (1436 ms/窗) 累计 items=369 windows=8753 elapsed=12576s
[gpu4] [extract] VideoUnmaskSwap_ep79_demo windows=7 took=10.1s (1436 ms/窗) 累计 items=369 windows=8758 elapsed=12577s
[gpu6] [extract] VideoUnmaskSwap_ep81_demo windows=7 took=10.1s (1438 ms/窗) 累计 items=369 windows=8747 elapsed=12577s
[gpu3] [extract] VideoUnmaskSwap_ep83_demo windows=7 took=10.1s (1437 ms/窗) 累计 items=369 windows=8742 elapsed=12578s
[gpu7] [extract] VideoUnmaskSwap_ep85_demo windows=7 took=10.1s (1439 ms/窗) 累计 items=369 windows=8744 elapsed=12578s
[gpu0] [extract] VideoUnmaskSwap_ep86_demo windows=7 took=10.1s (1440 ms/窗) 累计 items=369 windows=8733 elapsed=12580s
[gpu2] [extract] VideoUnmaskSwap_ep89_demo windows=7 took=10.0s (1434 ms/窗) 累计 items=370 windows=8769 elapsed=12586s
[gpu1] [extract] VideoUnmaskSwap_ep90_demo windows=7 took=10.1s (1437 ms/窗) 累计 items=370 windows=8756 elapsed=12586s
[gpu5] [extract] VideoUnmaskSwap_ep92_demo windows=7 took=10.0s (1433 ms/窗) 累计 items=370 windows=8760 elapsed=12586s
[gpu4] [extract] VideoUnmaskSwap_ep93_demo windows=7 took=10.1s (1438 ms/窗) 累计 items=370 windows=8765 elapsed=12587s
[gpu7] [extract] RouteStick_ep10_demo windows=6 took=8.6s (1436 ms/窗) 累计 items=370 windows=8750 elapsed=12587s
[gpu6] [extract] VideoUnmaskSwap_ep94_demo windows=7 took=10.0s (1435 ms/窗) 累计 items=370 windows=8754 elapsed=12587s
[gpu3] [extract] VideoUnmaskSwap_ep96_demo windows=7 took=10.1s (1437 ms/窗) 累计 items=370 windows=8749 elapsed=12588s
[gpu0] [extract] RouteStick_ep12_demo windows=6 took=8.6s (1438 ms/窗) 累计 items=370 windows=8739 elapsed=12589s
[gpu2] [extract] RouteStick_ep15_demo windows=6 took=8.6s (1441 ms/窗) 累计 items=371 windows=8775 elapsed=12594s
[gpu1] [extract] RouteStick_ep17_demo windows=6 took=8.6s (1438 ms/窗) 累计 items=371 windows=8762 elapsed=12594s
[gpu5] [extract] RouteStick_ep19_demo windows=6 took=8.6s (1437 ms/窗) 累计 items=371 windows=8766 elapsed=12595s
[gpu4] [extract] RouteStick_ep1_demo windows=6 took=8.6s (1437 ms/窗) 累计 items=371 windows=8771 elapsed=12596s
[gpu7] [extract] RouteStick_ep20_demo windows=6 took=8.6s (1438 ms/窗) 累计 items=371 windows=8756 elapsed=12595s
[gpu6] [extract] RouteStick_ep22_demo windows=6 took=8.6s (1437 ms/窗) 累计 items=371 windows=8760 elapsed=12596s
[gpu3] [extract] RouteStick_ep23_demo windows=6 took=8.6s (1437 ms/窗) 累计 items=371 windows=8755 elapsed=12597s
[gpu0] [extract] RouteStick_ep26_demo windows=6 took=8.6s (1437 ms/窗) 累计 items=371 windows=8745 elapsed=12597s
[gpu2] [extract] RouteStick_ep29_demo windows=6 took=8.6s (1436 ms/窗) 累计 items=372 windows=8781 elapsed=12603s
[gpu1] [extract] RouteStick_ep2_demo windows=6 took=8.6s (1437 ms/窗) 累计 items=372 windows=8768 elapsed=12603s
[gpu5] [extract] RouteStick_ep31_demo windows=6 took=8.6s (1435 ms/窗) 累计 items=372 windows=8772 elapsed=12604s
[gpu4] [extract] RouteStick_ep32_demo windows=6 took=8.6s (1436 ms/窗) 累计 items=372 windows=8777 elapsed=12604s
[gpu7] [extract] RouteStick_ep35_demo windows=6 took=8.6s (1437 ms/窗) 累计 items=372 windows=8762 elapsed=12604s
[gpu6] [extract] RouteStick_ep36_demo windows=6 took=8.6s (1439 ms/窗) 累计 items=372 windows=8766 elapsed=12604s
[gpu3] [extract] RouteStick_ep39_demo windows=6 took=8.6s (1441 ms/窗) 累计 items=372 windows=8761 elapsed=12605s
[gpu0] [extract] RouteStick_ep42_demo windows=6 took=8.6s (1438 ms/窗) 累计 items=372 windows=8751 elapsed=12606s
[gpu2] [extract] RouteStick_ep44_demo windows=6 took=8.6s (1436 ms/窗) 累计 items=373 windows=8787 elapsed=12611s
[gpu1] [extract] RouteStick_ep45_demo windows=6 took=8.6s (1437 ms/窗) 累计 items=373 windows=8774 elapsed=12612s
[gpu5] [extract] RouteStick_ep47_demo windows=6 took=8.6s (1436 ms/窗) 累计 items=373 windows=8778 elapsed=12612s
[gpu4] [extract] RouteStick_ep48_demo windows=6 took=8.6s (1435 ms/窗) 累计 items=373 windows=8783 elapsed=12613s
[gpu7] [extract] RouteStick_ep50_demo windows=6 took=8.6s (1438 ms/窗) 累计 items=373 windows=8768 elapsed=12613s
[gpu6] [extract] RouteStick_ep53_demo windows=6 took=8.6s (1437 ms/窗) 累计 items=373 windows=8772 elapsed=12613s
[gpu3] [extract] RouteStick_ep54_demo windows=6 took=8.6s (1437 ms/窗) 累计 items=373 windows=8767 elapsed=12614s
[gpu0] [extract] RouteStick_ep55_demo windows=6 took=8.6s (1437 ms/窗) 累计 items=373 windows=8757 elapsed=12615s
[gpu2] [extract] RouteStick_ep57_demo windows=6 took=8.6s (1436 ms/窗) 累计 items=374 windows=8793 elapsed=12620s
[gpu1] [extract] RouteStick_ep60_demo windows=6 took=8.6s (1438 ms/窗) 累计 items=374 windows=8780 elapsed=12620s
[gpu5] [extract] RouteStick_ep65_demo windows=6 took=8.6s (1436 ms/窗) 累计 items=374 windows=8784 elapsed=12621s
[gpu4] [extract] RouteStick_ep67_demo windows=6 took=8.6s (1436 ms/窗) 累计 items=374 windows=8789 elapsed=12622s
[gpu7] [extract] RouteStick_ep68_demo windows=6 took=8.6s (1436 ms/窗) 累计 items=374 windows=8774 elapsed=12621s
[gpu6] [extract] RouteStick_ep69_demo windows=6 took=8.6s (1439 ms/窗) 累计 items=374 windows=8778 elapsed=12622s
[gpu3] [extract] RouteStick_ep6_demo windows=6 took=8.6s (1439 ms/窗) 累计 items=374 windows=8773 elapsed=12623s
[gpu0] [extract] RouteStick_ep72_demo windows=6 took=8.6s (1438 ms/窗) 累计 items=374 windows=8763 elapsed=12623s
[gpu2] [extract] RouteStick_ep73_demo windows=6 took=8.6s (1436 ms/窗) 累计 items=375 windows=8799 elapsed=12629s
[gpu1] [extract] RouteStick_ep75_demo windows=6 took=8.6s (1436 ms/窗) 累计 items=375 windows=8786 elapsed=12629s
[gpu5] [extract] RouteStick_ep76_demo windows=6 took=8.6s (1437 ms/窗) 累计 items=375 windows=8790 elapsed=12629s
[gpu4] [extract] RouteStick_ep77_demo windows=6 took=8.6s (1436 ms/窗) 累计 items=375 windows=8795 elapsed=12630s
[gpu7] [extract] RouteStick_ep7_demo windows=6 took=8.6s (1438 ms/窗) 累计 items=375 windows=8780 elapsed=12630s
[gpu6] [extract] RouteStick_ep82_demo windows=6 took=8.6s (1437 ms/窗) 累计 items=375 windows=8784 elapsed=12630s
[gpu3] [extract] RouteStick_ep84_demo windows=6 took=8.6s (1437 ms/窗) 累计 items=375 windows=8779 elapsed=12631s
[gpu0] [extract] RouteStick_ep85_demo windows=6 took=8.6s (1438 ms/窗) 累计 items=375 windows=8769 elapsed=12632s
[gpu2] [extract] RouteStick_ep87_demo windows=6 took=8.6s (1435 ms/窗) 累计 items=376 windows=8805 elapsed=12637s
[gpu1] [extract] RouteStick_ep88_demo windows=6 took=8.6s (1437 ms/窗) 累计 items=376 windows=8792 elapsed=12638s
[gpu5] [extract] RouteStick_ep8_demo windows=6 took=8.6s (1436 ms/窗) 累计 items=376 windows=8796 elapsed=12638s
[gpu4] [extract] RouteStick_ep90_demo windows=6 took=8.6s (1436 ms/窗) 累计 items=376 windows=8801 elapsed=12639s
[gpu7] [extract] RouteStick_ep92_demo windows=6 took=8.6s (1438 ms/窗) 累计 items=376 windows=8786 elapsed=12638s
[gpu6] [extract] RouteStick_ep96_demo windows=6 took=8.6s (1438 ms/窗) 累计 items=376 windows=8790 elapsed=12639s
[gpu3] [extract] RouteStick_ep98_demo windows=6 took=8.6s (1437 ms/窗) 累计 items=376 windows=8785 elapsed=12640s
[gpu0] [extract] RouteStick_ep99_demo windows=6 took=8.6s (1438 ms/窗) 累计 items=376 windows=8775 elapsed=12641s
[gpu2] [extract] VideoUnmaskSwap_ep108_exec windows=6 took=8.6s (1434 ms/窗) 累计 items=377 windows=8811 elapsed=12646s
[gpu1] [extract] VideoUnmaskSwap_ep109_exec windows=6 took=8.6s (1435 ms/窗) 累计 items=377 windows=8798 elapsed=12646s
[gpu5] [extract] VideoUnmaskSwap_ep10_exec windows=6 took=8.6s (1432 ms/窗) 累计 items=377 windows=8802 elapsed=12647s
[gpu4] [extract] VideoUnmaskSwap_ep115_exec windows=6 took=8.6s (1436 ms/窗) 累计 items=377 windows=8807 elapsed=12648s
[gpu7] [extract] VideoUnmaskSwap_ep121_exec windows=6 took=8.6s (1435 ms/窗) 累计 items=377 windows=8792 elapsed=12647s
[gpu6] [extract] VideoUnmaskSwap_ep127_exec windows=6 took=8.6s (1436 ms/窗) 累计 items=377 windows=8796 elapsed=12648s
[gpu3] [extract] VideoUnmaskSwap_ep130_exec windows=6 took=8.6s (1433 ms/窗) 累计 items=377 windows=8791 elapsed=12649s
[gpu0] [extract] VideoUnmaskSwap_ep133_exec windows=6 took=8.6s (1436 ms/窗) 累计 items=377 windows=8781 elapsed=12649s
[gpu2] [extract] VideoUnmaskSwap_ep138_exec windows=6 took=8.6s (1438 ms/窗) 累计 items=378 windows=8817 elapsed=12655s
[gpu1] [extract] VideoUnmaskSwap_ep141_exec windows=6 took=8.6s (1436 ms/窗) 累计 items=378 windows=8804 elapsed=12655s
[gpu5] [extract] VideoUnmaskSwap_ep145_exec windows=6 took=8.6s (1434 ms/窗) 累计 items=378 windows=8808 elapsed=12655s
[gpu4] [extract] VideoUnmaskSwap_ep164_exec windows=6 took=8.6s (1436 ms/窗) 累计 items=378 windows=8813 elapsed=12656s
[gpu7] [extract] VideoUnmaskSwap_ep173_exec windows=6 took=8.6s (1436 ms/窗) 累计 items=378 windows=8798 elapsed=12656s
[gpu6] [extract] VideoUnmaskSwap_ep174_exec windows=6 took=8.6s (1436 ms/窗) 累计 items=378 windows=8802 elapsed=12656s
[gpu3] [extract] VideoUnmaskSwap_ep177_exec windows=6 took=8.6s (1434 ms/窗) 累计 items=378 windows=8797 elapsed=12657s
[gpu0] [extract] VideoUnmaskSwap_ep178_exec windows=6 took=8.6s (1438 ms/窗) 累计 items=378 windows=8787 elapsed=12658s
[gpu2] [extract] VideoUnmaskSwap_ep184_exec windows=6 took=8.6s (1433 ms/窗) 累计 items=379 windows=8823 elapsed=12663s
[gpu1] [extract] VideoUnmaskSwap_ep188_exec windows=6 took=8.6s (1436 ms/窗) 累计 items=379 windows=8810 elapsed=12663s
[gpu5] [extract] VideoUnmaskSwap_ep197_exec windows=6 took=8.6s (1434 ms/窗) 累计 items=379 windows=8814 elapsed=12664s
[gpu4] [extract] VideoUnmaskSwap_ep38_exec windows=6 took=8.6s (1433 ms/窗) 累计 items=379 windows=8819 elapsed=12665s
[gpu7] [extract] VideoUnmaskSwap_ep67_exec windows=6 took=8.6s (1438 ms/窗) 累计 items=379 windows=8804 elapsed=12664s
[gpu6] [extract] VideoUnmaskSwap_ep72_exec windows=6 took=8.6s (1436 ms/窗) 累计 items=379 windows=8808 elapsed=12665s
[gpu3] [extract] VideoUnmaskSwap_ep7_exec windows=6 took=8.6s (1434 ms/窗) 累计 items=379 windows=8803 elapsed=12666s
[gpu0] [extract] VideoUnmaskSwap_ep93_exec windows=6 took=8.6s (1436 ms/窗) 累计 items=379 windows=8793 elapsed=12666s
[gpu5] [extract] RouteStick_ep10_exec windows=5 took=7.2s (1433 ms/窗) 累计 items=380 windows=8819 elapsed=12671s
[gpu4] [extract] RouteStick_ep12_exec windows=5 took=7.2s (1436 ms/窗) 累计 items=380 windows=8824 elapsed=12672s
[gpu7] [extract] RouteStick_ep15_exec windows=5 took=7.2s (1435 ms/窗) 累计 items=380 windows=8809 elapsed=12671s
[gpu2] [extract] VideoUnmaskSwap_ep95_exec windows=6 took=8.6s (1434 ms/窗) 累计 items=380 windows=8829 elapsed=12672s
[gpu6] [extract] RouteStick_ep17_exec windows=5 took=7.2s (1438 ms/窗) 累计 items=380 windows=8813 elapsed=12672s
[gpu1] [extract] VideoUnmaskSwap_ep9_exec windows=6 took=8.6s (1438 ms/窗) 累计 items=380 windows=8816 elapsed=12672s
[gpu3] [extract] RouteStick_ep19_exec windows=5 took=7.2s (1433 ms/窗) 累计 items=380 windows=8808 elapsed=12673s
[gpu0] [extract] RouteStick_ep1_exec windows=5 took=7.2s (1436 ms/窗) 累计 items=380 windows=8798 elapsed=12674s
[gpu5] [extract] RouteStick_ep20_exec windows=5 took=7.2s (1435 ms/窗) 累计 items=381 windows=8824 elapsed=12678s
[gpu4] [extract] RouteStick_ep22_exec windows=5 took=7.2s (1438 ms/窗) 累计 items=381 windows=8829 elapsed=12679s
[gpu7] [extract] RouteStick_ep23_exec windows=5 took=7.2s (1434 ms/窗) 累计 items=381 windows=8814 elapsed=12679s
[gpu2] [extract] RouteStick_ep26_exec windows=5 took=7.2s (1433 ms/窗) 累计 items=381 windows=8834 elapsed=12679s
[gpu6] [extract] RouteStick_ep29_exec windows=5 took=7.2s (1437 ms/窗) 累计 items=381 windows=8818 elapsed=12679s
[gpu1] [extract] RouteStick_ep2_exec windows=5 took=7.2s (1435 ms/窗) 累计 items=381 windows=8821 elapsed=12679s
[gpu3] [extract] RouteStick_ep31_exec windows=5 took=7.2s (1435 ms/窗) 累计 items=381 windows=8813 elapsed=12680s
[gpu0] [extract] RouteStick_ep32_exec windows=5 took=7.2s (1441 ms/窗) 累计 items=381 windows=8803 elapsed=12681s
[gpu5] [extract] RouteStick_ep35_exec windows=5 took=7.2s (1434 ms/窗) 累计 items=382 windows=8829 elapsed=12685s
[gpu4] [extract] RouteStick_ep36_exec windows=5 took=7.2s (1438 ms/窗) 累计 items=382 windows=8834 elapsed=12686s
[gpu7] [extract] RouteStick_ep39_exec windows=5 took=7.2s (1435 ms/窗) 累计 items=382 windows=8819 elapsed=12686s
[gpu2] [extract] RouteStick_ep42_exec windows=5 took=7.2s (1433 ms/窗) 累计 items=382 windows=8839 elapsed=12686s
[gpu6] [extract] RouteStick_ep44_exec windows=5 took=7.2s (1436 ms/窗) 累计 items=382 windows=8823 elapsed=12686s
[gpu1] [extract] RouteStick_ep45_exec windows=5 took=7.2s (1434 ms/窗) 累计 items=382 windows=8826 elapsed=12687s
[gpu3] [extract] RouteStick_ep47_exec windows=5 took=7.2s (1435 ms/窗) 累计 items=382 windows=8818 elapsed=12687s
[gpu0] [extract] RouteStick_ep48_exec windows=5 took=7.2s (1439 ms/窗) 累计 items=382 windows=8808 elapsed=12688s
[gpu5] [extract] RouteStick_ep50_exec windows=5 took=7.2s (1435 ms/窗) 累计 items=383 windows=8834 elapsed=12693s
[gpu4] [extract] RouteStick_ep53_exec windows=5 took=7.2s (1437 ms/窗) 累计 items=383 windows=8839 elapsed=12694s
[gpu7] [extract] RouteStick_ep54_exec windows=5 took=7.2s (1434 ms/窗) 累计 items=383 windows=8824 elapsed=12693s
[gpu2] [extract] RouteStick_ep55_exec windows=5 took=7.2s (1434 ms/窗) 累计 items=383 windows=8844 elapsed=12693s
[gpu6] [extract] RouteStick_ep57_exec windows=5 took=7.2s (1435 ms/窗) 累计 items=383 windows=8828 elapsed=12694s
[gpu1] [extract] RouteStick_ep60_exec windows=5 took=7.2s (1435 ms/窗) 累计 items=383 windows=8831 elapsed=12694s
[gpu3] [extract] RouteStick_ep65_exec windows=5 took=7.2s (1435 ms/窗) 累计 items=383 windows=8823 elapsed=12694s
[gpu0] [extract] RouteStick_ep67_exec windows=5 took=7.2s (1436 ms/窗) 累计 items=383 windows=8813 elapsed=12695s
[gpu5] [extract] RouteStick_ep68_exec windows=5 took=7.2s (1433 ms/窗) 累计 items=384 windows=8839 elapsed=12700s
[gpu4] [extract] RouteStick_ep69_exec windows=5 took=7.2s (1434 ms/窗) 累计 items=384 windows=8844 elapsed=12701s
[gpu7] [extract] RouteStick_ep6_exec windows=5 took=7.2s (1436 ms/窗) 累计 items=384 windows=8829 elapsed=12700s
[gpu2] [extract] RouteStick_ep72_exec windows=5 took=7.2s (1433 ms/窗) 累计 items=384 windows=8849 elapsed=12701s
[gpu6] [extract] RouteStick_ep73_exec windows=5 took=7.2s (1436 ms/窗) 累计 items=384 windows=8833 elapsed=12701s
[gpu1] [extract] RouteStick_ep75_exec windows=5 took=7.2s (1434 ms/窗) 累计 items=384 windows=8836 elapsed=12701s
[gpu3] [extract] RouteStick_ep76_exec windows=5 took=7.2s (1436 ms/窗) 累计 items=384 windows=8828 elapsed=12702s
[gpu0] [extract] RouteStick_ep77_exec windows=5 took=7.2s (1435 ms/窗) 累计 items=384 windows=8818 elapsed=12702s
[gpu5] [extract] RouteStick_ep7_exec windows=5 took=7.2s (1433 ms/窗) 累计 items=385 windows=8844 elapsed=12707s
[gpu4] [extract] RouteStick_ep82_exec windows=5 took=7.2s (1434 ms/窗) 累计 items=385 windows=8849 elapsed=12708s
[gpu7] [extract] RouteStick_ep84_exec windows=5 took=7.2s (1435 ms/窗) 累计 items=385 windows=8834 elapsed=12707s
[gpu2] [extract] RouteStick_ep85_exec windows=5 took=7.2s (1434 ms/窗) 累计 items=385 windows=8854 elapsed=12708s
[gpu6] [extract] RouteStick_ep87_exec windows=5 took=7.2s (1436 ms/窗) 累计 items=385 windows=8838 elapsed=12708s
[gpu1] [extract] RouteStick_ep88_exec windows=5 took=7.2s (1435 ms/窗) 累计 items=385 windows=8841 elapsed=12708s
[gpu3] [extract] RouteStick_ep8_exec windows=5 took=7.2s (1435 ms/窗) 累计 items=385 windows=8833 elapsed=12709s
[gpu0] [extract] RouteStick_ep90_exec windows=5 took=7.2s (1436 ms/窗) 累计 items=385 windows=8823 elapsed=12710s
[gpu5] [extract] RouteStick_ep92_exec windows=5 took=7.2s (1433 ms/窗) 累计 items=386 windows=8849 elapsed=12714s
[gpu4] [extract] RouteStick_ep96_exec windows=5 took=7.2s (1434 ms/窗) 累计 items=386 windows=8854 elapsed=12715s
[gpu7] [extract] RouteStick_ep98_exec windows=5 took=7.2s (1439 ms/窗) 累计 items=386 windows=8839 elapsed=12715s
[gpu2] [extract] RouteStick_ep99_exec windows=5 took=7.2s (1436 ms/窗) 累计 items=386 windows=8859 elapsed=12715s
[gpu6] [extract] VideoUnmaskSwap_ep106_exec windows=5 took=7.2s (1436 ms/窗) 累计 items=386 windows=8843 elapsed=12715s
[gpu1] [extract] VideoUnmaskSwap_ep107_exec windows=5 took=7.2s (1438 ms/窗) 累计 items=386 windows=8846 elapsed=12715s
[gpu3] [extract] VideoUnmaskSwap_ep110_exec windows=5 took=7.2s (1434 ms/窗) 累计 items=386 windows=8838 elapsed=12716s
[gpu0] [extract] VideoUnmaskSwap_ep111_exec windows=5 took=7.2s (1436 ms/窗) 累计 items=386 windows=8828 elapsed=12717s
[gpu5] [extract] VideoUnmaskSwap_ep112_exec windows=5 took=7.2s (1437 ms/窗) 累计 items=387 windows=8854 elapsed=12721s
[gpu4] [extract] VideoUnmaskSwap_ep113_exec windows=5 took=7.2s (1434 ms/窗) 累计 items=387 windows=8859 elapsed=12722s
[gpu7] [extract] VideoUnmaskSwap_ep114_exec windows=5 took=7.2s (1435 ms/窗) 累计 items=387 windows=8844 elapsed=12722s
[gpu2] [extract] VideoUnmaskSwap_ep116_exec windows=5 took=7.2s (1435 ms/窗) 累计 items=387 windows=8864 elapsed=12722s
[gpu6] [extract] VideoUnmaskSwap_ep117_exec windows=5 took=7.2s (1435 ms/窗) 累计 items=387 windows=8848 elapsed=12722s
[gpu1] [extract] VideoUnmaskSwap_ep118_exec windows=5 took=7.2s (1437 ms/窗) 累计 items=387 windows=8851 elapsed=12722s
[gpu3] [extract] VideoUnmaskSwap_ep119_exec windows=5 took=7.2s (1434 ms/窗) 累计 items=387 windows=8843 elapsed=12723s
[gpu0] [extract] VideoUnmaskSwap_ep11_exec windows=5 took=7.2s (1436 ms/窗) 累计 items=387 windows=8833 elapsed=12724s
[gpu5] [extract] VideoUnmaskSwap_ep120_exec windows=5 took=7.2s (1446 ms/窗) 累计 items=388 windows=8859 elapsed=12729s
[gpu4] [extract] VideoUnmaskSwap_ep122_exec windows=5 took=7.2s (1434 ms/窗) 累计 items=388 windows=8864 elapsed=12729s
[gpu7] [extract] VideoUnmaskSwap_ep123_exec windows=5 took=7.2s (1436 ms/窗) 累计 items=388 windows=8849 elapsed=12729s
[gpu2] [extract] VideoUnmaskSwap_ep124_exec windows=5 took=7.2s (1436 ms/窗) 累计 items=388 windows=8869 elapsed=12729s
[gpu6] [extract] VideoUnmaskSwap_ep125_exec windows=5 took=7.2s (1437 ms/窗) 累计 items=388 windows=8853 elapsed=12729s
[gpu1] [extract] VideoUnmaskSwap_ep126_exec windows=5 took=7.2s (1438 ms/窗) 累计 items=388 windows=8856 elapsed=12730s
[gpu3] [extract] VideoUnmaskSwap_ep128_exec windows=5 took=7.2s (1436 ms/窗) 累计 items=388 windows=8848 elapsed=12730s
[gpu0] [extract] VideoUnmaskSwap_ep129_exec windows=5 took=7.2s (1437 ms/窗) 累计 items=388 windows=8838 elapsed=12731s
[gpu5] [extract] VideoUnmaskSwap_ep12_exec windows=5 took=7.2s (1436 ms/窗) 累计 items=389 windows=8864 elapsed=12736s
[gpu4] [extract] VideoUnmaskSwap_ep131_exec windows=5 took=7.2s (1435 ms/窗) 累计 items=389 windows=8869 elapsed=12737s
[gpu7] [extract] VideoUnmaskSwap_ep132_exec windows=5 took=7.2s (1436 ms/窗) 累计 items=389 windows=8854 elapsed=12736s
[gpu2] [extract] VideoUnmaskSwap_ep134_exec windows=5 took=7.2s (1432 ms/窗) 累计 items=389 windows=8874 elapsed=12736s
[gpu6] [extract] VideoUnmaskSwap_ep135_exec windows=5 took=7.2s (1436 ms/窗) 累计 items=389 windows=8858 elapsed=12737s
[gpu1] [extract] VideoUnmaskSwap_ep136_exec windows=5 took=7.2s (1439 ms/窗) 累计 items=389 windows=8861 elapsed=12737s
[gpu3] [extract] VideoUnmaskSwap_ep137_exec windows=5 took=7.2s (1441 ms/窗) 累计 items=389 windows=8853 elapsed=12738s
[gpu0] [extract] VideoUnmaskSwap_ep139_exec windows=5 took=7.2s (1440 ms/窗) 累计 items=389 windows=8843 elapsed=12738s
[gpu5] [extract] VideoUnmaskSwap_ep140_exec windows=5 took=7.2s (1435 ms/窗) 累计 items=390 windows=8869 elapsed=12743s
[gpu4] [extract] VideoUnmaskSwap_ep142_exec windows=5 took=7.2s (1434 ms/窗) 累计 items=390 windows=8874 elapsed=12744s
[gpu7] [extract] VideoUnmaskSwap_ep143_exec windows=5 took=7.2s (1437 ms/窗) 累计 items=390 windows=8859 elapsed=12743s
[gpu2] [extract] VideoUnmaskSwap_ep144_exec windows=5 took=7.2s (1435 ms/窗) 累计 items=390 windows=8879 elapsed=12744s
[gpu6] [extract] VideoUnmaskSwap_ep146_exec windows=5 took=7.2s (1435 ms/窗) 累计 items=390 windows=8863 elapsed=12744s
[gpu1] [extract] VideoUnmaskSwap_ep147_exec windows=5 took=7.2s (1438 ms/窗) 累计 items=390 windows=8866 elapsed=12744s
[gpu3] [extract] VideoUnmaskSwap_ep148_exec windows=5 took=7.2s (1436 ms/窗) 累计 items=390 windows=8858 elapsed=12745s
[gpu0] [extract] VideoUnmaskSwap_ep149_exec windows=5 took=7.2s (1436 ms/窗) 累计 items=390 windows=8848 elapsed=12746s
[gpu5] [extract] VideoUnmaskSwap_ep150_exec windows=5 took=7.2s (1436 ms/窗) 累计 items=391 windows=8874 elapsed=12750s
[gpu4] [extract] VideoUnmaskSwap_ep151_exec windows=5 took=7.2s (1437 ms/窗) 累计 items=391 windows=8879 elapsed=12751s
[gpu7] [extract] VideoUnmaskSwap_ep152_exec windows=5 took=7.2s (1436 ms/窗) 累计 items=391 windows=8864 elapsed=12750s
[gpu2] [extract] VideoUnmaskSwap_ep153_exec windows=5 took=7.2s (1436 ms/窗) 累计 items=391 windows=8884 elapsed=12751s
[gpu6] [extract] VideoUnmaskSwap_ep154_exec windows=5 took=7.2s (1435 ms/窗) 累计 items=391 windows=8868 elapsed=12751s
[gpu1] [extract] VideoUnmaskSwap_ep155_exec windows=5 took=7.2s (1438 ms/窗) 累计 items=391 windows=8871 elapsed=12751s
[gpu3] [extract] VideoUnmaskSwap_ep156_exec windows=5 took=7.2s (1438 ms/窗) 累计 items=391 windows=8863 elapsed=12752s
[gpu0] [extract] VideoUnmaskSwap_ep157_exec windows=5 took=7.2s (1443 ms/窗) 累计 items=391 windows=8853 elapsed=12753s
[gpu5] [extract] VideoUnmaskSwap_ep158_exec windows=5 took=7.2s (1436 ms/窗) 累计 items=392 windows=8879 elapsed=12757s
[gpu4] [extract] VideoUnmaskSwap_ep159_exec windows=5 took=7.2s (1437 ms/窗) 累计 items=392 windows=8884 elapsed=12758s
[gpu2] [extract] VideoUnmaskSwap_ep160_exec windows=5 took=7.2s (1434 ms/窗) 累计 items=392 windows=8889 elapsed=12758s
[gpu7] [extract] VideoUnmaskSwap_ep15_exec windows=5 took=7.2s (1436 ms/窗) 累计 items=392 windows=8869 elapsed=12758s
[gpu6] [extract] VideoUnmaskSwap_ep161_exec windows=5 took=7.2s (1436 ms/窗) 累计 items=392 windows=8873 elapsed=12758s
[gpu1] [extract] VideoUnmaskSwap_ep162_exec windows=5 took=7.2s (1438 ms/窗) 累计 items=392 windows=8876 elapsed=12758s
[gpu3] [extract] VideoUnmaskSwap_ep163_exec windows=5 took=7.2s (1440 ms/窗) 累计 items=392 windows=8868 elapsed=12759s
[gpu0] [extract] VideoUnmaskSwap_ep165_exec windows=5 took=7.2s (1438 ms/窗) 累计 items=392 windows=8858 elapsed=12760s
[gpu5] [extract] VideoUnmaskSwap_ep166_exec windows=5 took=7.2s (1434 ms/窗) 累计 items=393 windows=8884 elapsed=12765s
[gpu4] [extract] VideoUnmaskSwap_ep167_exec windows=5 took=7.2s (1437 ms/窗) 累计 items=393 windows=8889 elapsed=12765s
[gpu2] [extract] VideoUnmaskSwap_ep168_exec windows=5 took=7.2s (1434 ms/窗) 累计 items=393 windows=8894 elapsed=12765s
[gpu7] [extract] VideoUnmaskSwap_ep169_exec windows=5 took=7.2s (1434 ms/窗) 累计 items=393 windows=8874 elapsed=12765s
[gpu6] [extract] VideoUnmaskSwap_ep170_exec windows=5 took=7.2s (1435 ms/窗) 累计 items=393 windows=8878 elapsed=12765s
[gpu1] [extract] VideoUnmaskSwap_ep171_exec windows=5 took=7.2s (1434 ms/窗) 累计 items=393 windows=8881 elapsed=12766s
[gpu3] [extract] VideoUnmaskSwap_ep172_exec windows=5 took=7.2s (1436 ms/窗) 累计 items=393 windows=8873 elapsed=12766s
[gpu0] [extract] VideoUnmaskSwap_ep175_exec windows=5 took=7.2s (1437 ms/窗) 累计 items=393 windows=8863 elapsed=12767s
[gpu5] [extract] VideoUnmaskSwap_ep176_exec windows=5 took=7.2s (1437 ms/窗) 累计 items=394 windows=8889 elapsed=12772s
[gpu4] [extract] VideoUnmaskSwap_ep179_exec windows=5 took=7.2s (1437 ms/窗) 累计 items=394 windows=8894 elapsed=12773s
[gpu2] [extract] VideoUnmaskSwap_ep17_exec windows=5 took=7.2s (1434 ms/窗) 累计 items=394 windows=8899 elapsed=12772s
[gpu7] [extract] VideoUnmaskSwap_ep180_exec windows=5 took=7.2s (1436 ms/窗) 累计 items=394 windows=8879 elapsed=12772s
[gpu6] [extract] VideoUnmaskSwap_ep181_exec windows=5 took=7.2s (1436 ms/窗) 累计 items=394 windows=8883 elapsed=12773s
[gpu1] [extract] VideoUnmaskSwap_ep182_exec windows=5 took=7.2s (1436 ms/窗) 累计 items=394 windows=8886 elapsed=12773s
[gpu3] [extract] VideoUnmaskSwap_ep183_exec windows=5 took=7.2s (1436 ms/窗) 累计 items=394 windows=8878 elapsed=12774s
[gpu0] [extract] VideoUnmaskSwap_ep185_exec windows=5 took=7.2s (1435 ms/窗) 累计 items=394 windows=8868 elapsed=12774s
[gpu5] [extract] VideoUnmaskSwap_ep186_exec windows=5 took=7.2s (1434 ms/窗) 累计 items=395 windows=8894 elapsed=12779s
[gpu4] [extract] VideoUnmaskSwap_ep187_exec windows=5 took=7.2s (1434 ms/窗) 累计 items=395 windows=8899 elapsed=12780s
[gpu2] [extract] VideoUnmaskSwap_ep189_exec windows=5 took=7.2s (1434 ms/窗) 累计 items=395 windows=8904 elapsed=12779s
[gpu7] [extract] VideoUnmaskSwap_ep190_exec windows=5 took=7.2s (1439 ms/窗) 累计 items=395 windows=8884 elapsed=12779s
[gpu6] [extract] VideoUnmaskSwap_ep191_exec windows=5 took=7.2s (1435 ms/窗) 累计 items=395 windows=8888 elapsed=12780s
[gpu1] [extract] VideoUnmaskSwap_ep192_exec windows=5 took=7.2s (1438 ms/窗) 累计 items=395 windows=8891 elapsed=12780s
[gpu3] [extract] VideoUnmaskSwap_ep193_exec windows=5 took=7.2s (1435 ms/窗) 累计 items=395 windows=8883 elapsed=12781s
[gpu0] [extract] VideoUnmaskSwap_ep194_exec windows=5 took=7.2s (1437 ms/窗) 累计 items=395 windows=8873 elapsed=12782s
[gpu5] [extract] VideoUnmaskSwap_ep195_exec windows=5 took=7.2s (1435 ms/窗) 累计 items=396 windows=8899 elapsed=12786s
[gpu4] [extract] VideoUnmaskSwap_ep196_exec windows=5 took=7.2s (1436 ms/窗) 累计 items=396 windows=8904 elapsed=12787s
[gpu2] [extract] VideoUnmaskSwap_ep198_exec windows=5 took=7.2s (1437 ms/窗) 累计 items=396 windows=8909 elapsed=12787s
[gpu7] [extract] VideoUnmaskSwap_ep199_exec windows=5 took=7.2s (1438 ms/窗) 累计 items=396 windows=8889 elapsed=12786s
[gpu6] [extract] VideoUnmaskSwap_ep21_exec windows=5 took=7.2s (1435 ms/窗) 累计 items=396 windows=8893 elapsed=12787s
[gpu1] [extract] VideoUnmaskSwap_ep22_exec windows=5 took=7.2s (1438 ms/窗) 累计 items=396 windows=8896 elapsed=12787s
[gpu3] [extract] VideoUnmaskSwap_ep23_exec windows=5 took=7.2s (1436 ms/窗) 累计 items=396 windows=8888 elapsed=12788s
[gpu0] [extract] VideoUnmaskSwap_ep24_exec windows=5 took=7.2s (1437 ms/窗) 累计 items=396 windows=8878 elapsed=12789s
[gpu5] [extract] VideoUnmaskSwap_ep29_exec windows=5 took=7.2s (1434 ms/窗) 累计 items=397 windows=8904 elapsed=12793s
[gpu4] [extract] VideoUnmaskSwap_ep31_exec windows=5 took=7.2s (1434 ms/窗) 累计 items=397 windows=8909 elapsed=12794s
[gpu2] [extract] VideoUnmaskSwap_ep33_exec windows=5 took=7.2s (1435 ms/窗) 累计 items=397 windows=8914 elapsed=12794s
[gpu7] [extract] VideoUnmaskSwap_ep35_exec windows=5 took=7.2s (1436 ms/窗) 累计 items=397 windows=8894 elapsed=12794s
[gpu6] [extract] VideoUnmaskSwap_ep36_exec windows=5 took=7.2s (1436 ms/窗) 累计 items=397 windows=8898 elapsed=12794s
[gpu1] [extract] VideoUnmaskSwap_ep40_exec windows=5 took=7.2s (1438 ms/窗) 累计 items=397 windows=8901 elapsed=12794s
[gpu3] [extract] VideoUnmaskSwap_ep41_exec windows=5 took=7.2s (1434 ms/窗) 累计 items=397 windows=8893 elapsed=12795s
[gpu0] [extract] VideoUnmaskSwap_ep42_exec windows=5 took=7.2s (1437 ms/窗) 累计 items=397 windows=8883 elapsed=12796s
[gpu5] [extract] VideoUnmaskSwap_ep46_exec windows=5 took=7.2s (1432 ms/窗) 累计 items=398 windows=8909 elapsed=12800s
[gpu4] [extract] VideoUnmaskSwap_ep47_exec windows=5 took=7.2s (1434 ms/窗) 累计 items=398 windows=8914 elapsed=12801s
[gpu2] [extract] VideoUnmaskSwap_ep50_exec windows=5 took=7.2s (1434 ms/窗) 累计 items=398 windows=8919 elapsed=12801s
[gpu7] [extract] VideoUnmaskSwap_ep56_exec windows=5 took=7.2s (1436 ms/窗) 累计 items=398 windows=8899 elapsed=12801s
[gpu6] [extract] VideoUnmaskSwap_ep57_exec windows=5 took=7.2s (1436 ms/窗) 累计 items=398 windows=8903 elapsed=12801s
[gpu1] [extract] VideoUnmaskSwap_ep58_exec windows=5 took=7.2s (1438 ms/窗) 累计 items=398 windows=8906 elapsed=12802s
[gpu3] [extract] VideoUnmaskSwap_ep59_exec windows=5 took=7.2s (1435 ms/窗) 累计 items=398 windows=8898 elapsed=12802s
[gpu0] [extract] VideoUnmaskSwap_ep62_exec windows=5 took=7.2s (1437 ms/窗) 累计 items=398 windows=8888 elapsed=12803s
[gpu5] [extract] VideoUnmaskSwap_ep65_exec windows=5 took=7.2s (1438 ms/窗) 累计 items=399 windows=8914 elapsed=12808s
[gpu4] [extract] VideoUnmaskSwap_ep66_exec windows=5 took=7.2s (1433 ms/窗) 累计 items=399 windows=8919 elapsed=12808s
[gpu2] [extract] VideoUnmaskSwap_ep68_exec windows=5 took=7.2s (1434 ms/窗) 累计 items=399 windows=8924 elapsed=12808s
[gpu7] [extract] VideoUnmaskSwap_ep6_exec windows=5 took=7.2s (1434 ms/窗) 累计 items=399 windows=8904 elapsed=12808s
[gpu6] [extract] VideoUnmaskSwap_ep74_exec windows=5 took=7.2s (1437 ms/窗) 累计 items=399 windows=8908 elapsed=12808s
[gpu1] [extract] VideoUnmaskSwap_ep75_exec windows=5 took=7.2s (1435 ms/窗) 累计 items=399 windows=8911 elapsed=12809s
[gpu3] [extract] VideoUnmaskSwap_ep78_exec windows=5 took=7.2s (1435 ms/窗) 累计 items=399 windows=8903 elapsed=12809s
[gpu0] [extract] VideoUnmaskSwap_ep79_exec windows=5 took=7.2s (1436 ms/窗) 累计 items=399 windows=8893 elapsed=12810s
[gpu5] [extract] VideoUnmaskSwap_ep81_exec windows=5 took=7.2s (1435 ms/窗) 累计 items=400 windows=8919 elapsed=12815s
[gpu5] WORKER_DONE stage=wan worker=gpu5 items=400 windows=8919 skipped=53 elapsed=12815s peak_mib=1439
[gpu4] [extract] VideoUnmaskSwap_ep83_exec windows=5 took=7.2s (1434 ms/窗) 累计 items=400 windows=8924 elapsed=12816s
[gpu4] WORKER_DONE stage=wan worker=gpu4 items=400 windows=8924 skipped=47 elapsed=12816s peak_mib=1439
[gpu2] [extract] VideoUnmaskSwap_ep85_exec windows=5 took=7.2s (1436 ms/窗) 累计 items=400 windows=8929 elapsed=12815s
[gpu2] WORKER_DONE stage=wan worker=gpu2 items=400 windows=8929 skipped=53 elapsed=12815s peak_mib=1439
[gpu7] [extract] VideoUnmaskSwap_ep87_exec windows=5 took=7.2s (1434 ms/窗) 累计 items=400 windows=8909 elapsed=12815s
[gpu7] WORKER_DONE stage=wan worker=gpu7 items=400 windows=8909 skipped=56 elapsed=12815s peak_mib=1439
[gpu6] [extract] VideoUnmaskSwap_ep88_exec windows=5 took=7.2s (1437 ms/窗) 累计 items=400 windows=8913 elapsed=12816s
[gpu6] WORKER_DONE stage=wan worker=gpu6 items=400 windows=8913 skipped=52 elapsed=12816s peak_mib=1439
[gpu1] [extract] VideoUnmaskSwap_ep90_exec windows=5 took=7.2s (1437 ms/窗) 累计 items=400 windows=8916 elapsed=12816s
[gpu1] WORKER_DONE stage=wan worker=gpu1 items=400 windows=8916 skipped=51 elapsed=12816s peak_mib=1439
[gpu3] [extract] VideoUnmaskSwap_ep96_exec windows=5 took=7.2s (1436 ms/窗) 累计 items=400 windows=8908 elapsed=12817s
[gpu3] WORKER_DONE stage=wan worker=gpu3 items=400 windows=8908 skipped=61 elapsed=12817s peak_mib=1439
[gpu0] [extract] VideoUnmaskSwap_ep97_exec windows=5 took=7.2s (1437 ms/窗) 累计 items=400 windows=8898 elapsed=12817s
[gpu0] WORKER_DONE stage=wan worker=gpu0 items=400 windows=8898 skipped=51 elapsed=12817s peak_mib=1439
STAGE_WORKSET=PASS stage=wan processed=3200 initial_complete=0 duplicates=0 missing=0
STAGE_DONE stage=wan workers=8 items=3200 skipped=424 initial_complete=0 elapsed=12826s
BUILD_STAGE_DONE=wan
END_UTC=2026-09-18T01:59:45Z
EXIT_CODE=0
