2026/09/18 05:12:34.152, 0, 0, 0
2026/09/18 05:12:34.154, 1, 0, 0
2026/09/18 05:12:34.157, 2, 0, 0
2026/09/18 05:12:34.158, 3, 0, 0
2026/09/18 05:12:34.159, 4, 0, 0
2026/09/18 05:12:34.160, 5, 0, 0
2026/09/18 05:12:34.160, 6, 0, 0
2026/09/18 05:12:34.161, 7, 0, 0
2026/09/18 05:12:34.661, 0, 0, 0
2026/09/18 05:12:34.661, 1, 0, 0
2026/09/18 05:12:34.752, 2, 0, 0
2026/09/18 05:12:34.752, 3, 0, 0
2026/09/18 05:12:34.752, 4, 0, 0
2026/09/18 05:12:34.752, 5, 0, 0
2026/09/18 05:12:34.752, 6, 0, 0
2026/09/18 05:12:34.752, 7, 0, 0
2026/09/18 05:12:35.252, 0, 0, 0
2026/09/18 05:12:35.252, 1, 0, 0
2026/09/18 05:12:35.252, 2, 0, 0
2026/09/18 05:12:35.252, 3, 0, 0
2026/09/18 05:12:35.252, 4, 0, 0
2026/09/18 05:12:35.413, 5, 0, 0
2026/09/18 05:12:35.413, 6, 0, 0
2026/09/18 05:12:35.413, 7, 0, 0
2026/09/18 05:12:35.913, 0, 0, 0
2026/09/18 05:12:35.913, 1, 0, 0
2026/09/18 05:12:35.913, 2, 0, 0
2026/09/18 05:12:35.913, 3, 0, 0
2026/09/18 05:12:35.913, 4, 0, 0
2026/09/18 05:12:35.913, 5, 0, 0
2026/09/18 05:12:35.913, 6, 0, 0
2026/09/18 05:12:35.913, 7, 0, 0
2026/09/18 05:12:36.566, 0, 0, 0
2026/09/18 05:12:36.566, 1, 0, 0
2026/09/18 05:12:36.729, 2, 0, 0
2026/09/18 05:12:36.729, 3, 0, 0
2026/09/18 05:12:36.729, 4, 0, 0
2026/09/18 05:12:36.729, 5, 0, 0
2026/09/18 05:12:36.729, 6, 0, 0
2026/09/18 05:12:36.729, 7, 0, 0
2026/09/18 05:12:37.229, 0, 0, 0
2026/09/18 05:12:37.229, 1, 0, 0
2026/09/18 05:12:37.229, 2, 0, 0
2026/09/18 05:12:37.229, 3, 0, 0
2026/09/18 05:12:37.229, 4, 0, 0
2026/09/18 05:12:37.386, 5, 0, 0
2026/09/18 05:12:37.386, 6, 0, 0
2026/09/18 05:12:37.386, 7, 0, 0
2026/09/18 05:12:37.886, 0, 0, 0
2026/09/18 05:12:37.886, 1, 0, 0
2026/09/18 05:12:37.886, 2, 0, 0
2026/09/18 05:12:37.886, 3, 0, 0
2026/09/18 05:12:37.886, 4, 0, 0
2026/09/18 05:12:37.886, 5, 0, 0
2026/09/18 05:12:37.887, 6, 0, 0
2026/09/18 05:12:37.887, 7, 0, 0
2026/09/18 05:12:38.539, 0, 0, 0
2026/09/18 05:12:38.539, 1, 0, 0
2026/09/18 05:12:38.694, 2, 0, 0
2026/09/18 05:12:38.694, 3, 0, 0
2026/09/18 05:12:38.695, 4, 0, 0
2026/09/18 05:12:38.695, 5, 0, 0
2026/09/18 05:12:38.695, 6, 0, 0
2026/09/18 05:12:38.695, 7, 0, 0
2026/09/18 05:12:39.195, 0, 0, 0
2026/09/18 05:12:39.195, 1, 0, 0
2026/09/18 05:12:39.195, 2, 0, 0
2026/09/18 05:12:39.195, 3, 0, 0
2026/09/18 05:12:39.195, 4, 0, 0
2026/09/18 05:12:39.352, 5, 0, 0
2026/09/18 05:12:39.352, 6, 0, 0
2026/09/18 05:12:39.352, 7, 0, 0
2026/09/18 05:12:39.852, 0, 0, 0
2026/09/18 05:12:39.852, 1, 0, 0
2026/09/18 05:12:39.852, 2, 0, 0
2026/09/18 05:12:39.852, 3, 0, 0
2026/09/18 05:12:39.852, 4, 0, 0
2026/09/18 05:12:39.852, 5, 0, 0
2026/09/18 05:12:39.852, 6, 0, 0
2026/09/18 05:12:39.852, 7, 0, 0
2026/09/18 05:12:40.504, 0, 0, 0
2026/09/18 05:12:40.504, 1, 0, 0
2026/09/18 05:12:40.665, 2, 0, 0
2026/09/18 05:12:40.665, 3, 0, 0
2026/09/18 05:12:40.665, 4, 0, 0
2026/09/18 05:12:40.665, 5, 0, 0
2026/09/18 05:12:40.665, 6, 0, 0
2026/09/18 05:12:40.665, 7, 0, 0
2026/09/18 05:12:41.165, 0, 0, 0
2026/09/18 05:12:41.320, 1, 0, 0
2026/09/18 05:12:41.320, 2, 0, 0
2026/09/18 05:12:41.320, 3, 0, 0
2026/09/18 05:12:41.321, 4, 0, 0
2026/09/18 05:12:41.321, 5, 0, 0
2026/09/18 05:12:41.321, 6, 0, 0
2026/09/18 05:12:41.321, 7, 0, 0
2026/09/18 05:12:41.821, 0, 0, 1
2026/09/18 05:12:41.978, 1, 0, 0
2026/09/18 05:12:41.978, 2, 0, 0
2026/09/18 05:12:41.979, 3, 0, 0
2026/09/18 05:12:41.979, 4, 0, 0
2026/09/18 05:12:41.979, 5, 0, 0
2026/09/18 05:12:41.979, 6, 0, 0
2026/09/18 05:12:41.980, 7, 0, 0
2026/09/18 05:12:42.480, 0, 0, 4
2026/09/18 05:12:42.558, 1, 0, 4
2026/09/18 05:12:42.559, 2, 0, 4
2026/09/18 05:12:42.559, 3, 0, 4
2026/09/18 05:12:42.559, 4, 0, 1
2026/09/18 05:12:42.560, 5, 0, 1
2026/09/18 05:12:42.777, 6, 0, 1
2026/09/18 05:12:42.777, 7, 0, 1
2026/09/18 05:12:43.277, 0, 0, 4
2026/09/18 05:12:43.433, 1, 0, 4
2026/09/18 05:12:43.433, 2, 0, 4
2026/09/18 05:12:43.433, 3, 0, 4
2026/09/18 05:12:43.433, 4, 0, 2
2026/09/18 05:12:43.433, 5, 0, 1
2026/09/18 05:12:43.435, 6, 0, 1
2026/09/18 05:12:43.436, 7, 0, 1
2026/09/18 05:12:43.938, 0, 0, 4
2026/09/18 05:12:43.938, 1, 0, 4
2026/09/18 05:12:44.137, 2, 0, 4
2026/09/18 05:12:44.137, 3, 0, 4
2026/09/18 05:12:44.139, 4, 0, 4
2026/09/18 05:12:44.139, 5, 0, 1
2026/09/18 05:12:44.140, 6, 0, 1
2026/09/18 05:12:44.140, 7, 0, 1
2026/09/18 05:12:44.640, 0, 0, 20
2026/09/18 05:12:44.651, 1, 0, 20
2026/09/18 05:12:44.670, 2, 0, 20
2026/09/18 05:12:44.671, 3, 0, 20
2026/09/18 05:12:44.671, 4, 0, 20
2026/09/18 05:12:44.689, 5, 0, 20
2026/09/18 05:12:44.689, 6, 0, 20
2026/09/18 05:12:44.689, 7, 0, 20
2026/09/18 05:12:45.189, 0, 0, 21
2026/09/18 05:12:45.190, 1, 0, 21
2026/09/18 05:12:45.191, 2, 0, 21
2026/09/18 05:12:45.192, 3, 0, 21
2026/09/18 05:12:45.192, 4, 0, 21
2026/09/18 05:12:45.193, 5, 0, 21
2026/09/18 05:12:45.194, 6, 0, 21
2026/09/18 05:12:45.194, 7, 0, 20
2026/09/18 05:12:45.695, 0, 0, 23
2026/09/18 05:12:45.695, 1, 1, 27
2026/09/18 05:12:45.695, 2, 0, 27
2026/09/18 05:12:45.695, 3, 1, 87
2026/09/18 05:12:45.695, 4, 0, 23
2026/09/18 05:12:45.695, 5, 1, 23
2026/09/18 05:12:45.695, 6, 0, 23
2026/09/18 05:12:45.695, 7, 0, 23
2026/09/18 05:12:46.195, 0, 1, 77527
2026/09/18 05:12:46.195, 1, 1, 427
2026/09/18 05:12:46.195, 2, 1, 427
2026/09/18 05:12:46.195, 3, 0, 427
2026/09/18 05:12:46.195, 4, 2, 427
2026/09/18 05:12:46.195, 5, 1, 427
2026/09/18 05:12:46.195, 6, 2, 427
2026/09/18 05:12:46.195, 7, 1, 427
2026/09/18 05:12:46.695, 0, 0, 77527
2026/09/18 05:12:46.695, 1, 0, 427
2026/09/18 05:12:46.695, 2, 0, 427
2026/09/18 05:12:46.695, 3, 0, 427
2026/09/18 05:12:46.696, 4, 0, 427
2026/09/18 05:12:46.696, 5, 0, 427
2026/09/18 05:12:46.696, 6, 0, 427
2026/09/18 05:12:46.696, 7, 0, 427
2026/09/18 05:12:47.196, 0, 0, 77527
2026/09/18 05:12:47.196, 1, 0, 427
2026/09/18 05:12:47.196, 2, 0, 427
2026/09/18 05:12:47.196, 3, 0, 427
2026/09/18 05:12:47.196, 4, 0, 427
2026/09/18 05:12:47.196, 5, 0, 427
2026/09/18 05:12:47.196, 6, 0, 427
2026/09/18 05:12:47.196, 7, 0, 427
2026/09/18 05:12:47.696, 0, 0, 77529
2026/09/18 05:12:47.696, 1, 0, 427
2026/09/18 05:12:47.696, 2, 0, 427
2026/09/18 05:12:47.696, 3, 0, 427
2026/09/18 05:12:47.696, 4, 0, 427
2026/09/18 05:12:47.696, 5, 0, 427
2026/09/18 05:12:47.696, 6, 0, 427
2026/09/18 05:12:47.696, 7, 0, 427
2026/09/18 05:12:48.196, 0, 0, 77529
2026/09/18 05:12:48.197, 1, 0, 427
2026/09/18 05:12:48.197, 2, 0, 427
2026/09/18 05:12:48.197, 3, 0, 427
2026/09/18 05:12:48.197, 4, 0, 427
2026/09/18 05:12:48.197, 5, 0, 427
2026/09/18 05:12:48.197, 6, 0, 427
2026/09/18 05:12:48.197, 7, 0, 427
2026/09/18 05:12:48.697, 0, 0, 77529
2026/09/18 05:12:48.697, 1, 0, 427
2026/09/18 05:12:48.697, 2, 0, 427
2026/09/18 05:12:48.697, 3, 0, 427
2026/09/18 05:12:48.697, 4, 0, 427
2026/09/18 05:12:48.697, 5, 0, 427
2026/09/18 05:12:48.697, 6, 0, 427
2026/09/18 05:12:48.697, 7, 0, 427
2026/09/18 05:12:49.198, 0, 0, 77529
2026/09/18 05:12:49.198, 1, 0, 427
2026/09/18 05:12:49.198, 2, 0, 427
2026/09/18 05:12:49.198, 3, 0, 427
2026/09/18 05:12:49.198, 4, 0, 427
2026/09/18 05:12:49.198, 5, 0, 427
2026/09/18 05:12:49.198, 6, 0, 427
2026/09/18 05:12:49.198, 7, 0, 427
2026/09/18 05:12:49.698, 0, 0, 77529
2026/09/18 05:12:49.698, 1, 0, 427
2026/09/18 05:12:49.698, 2, 0, 427
2026/09/18 05:12:49.698, 3, 0, 427
2026/09/18 05:12:49.698, 4, 0, 427
2026/09/18 05:12:49.698, 5, 0, 427
2026/09/18 05:12:49.698, 6, 0, 427
2026/09/18 05:12:49.698, 7, 0, 427
2026/09/18 05:12:50.198, 0, 0, 77529
2026/09/18 05:12:50.198, 1, 0, 427
2026/09/18 05:12:50.198, 2, 0, 427
2026/09/18 05:12:50.198, 3, 0, 427
2026/09/18 05:12:50.199, 4, 0, 427
2026/09/18 05:12:50.199, 5, 0, 427
2026/09/18 05:12:50.199, 6, 0, 427
2026/09/18 05:12:50.199, 7, 0, 427
2026/09/18 05:12:50.699, 0, 0, 77529
2026/09/18 05:12:50.699, 1, 0, 427
2026/09/18 05:12:50.699, 2, 0, 427
2026/09/18 05:12:50.699, 3, 0, 427
2026/09/18 05:12:50.699, 4, 0, 427
2026/09/18 05:12:50.699, 5, 0, 427
2026/09/18 05:12:50.699, 6, 0, 427
2026/09/18 05:12:50.699, 7, 0, 427
2026/09/18 05:12:51.199, 0, 0, 77529
2026/09/18 05:12:51.200, 1, 0, 427
2026/09/18 05:12:51.200, 2, 0, 427
2026/09/18 05:12:51.200, 3, 0, 427
2026/09/18 05:12:51.200, 4, 0, 427
2026/09/18 05:12:51.200, 5, 0, 427
2026/09/18 05:12:51.200, 6, 0, 427
2026/09/18 05:12:51.200, 7, 0, 427
2026/09/18 05:12:51.700, 0, 0, 77529
2026/09/18 05:12:51.700, 1, 0, 427
2026/09/18 05:12:51.700, 2, 0, 427
2026/09/18 05:12:51.700, 3, 0, 427
2026/09/18 05:12:51.700, 4, 0, 427
2026/09/18 05:12:51.700, 5, 0, 427
2026/09/18 05:12:51.700, 6, 0, 427
2026/09/18 05:12:51.700, 7, 0, 427
2026/09/18 05:12:52.200, 0, 0, 77529
2026/09/18 05:12:52.201, 1, 0, 427
2026/09/18 05:12:52.201, 2, 0, 427
2026/09/18 05:12:52.201, 3, 0, 427
2026/09/18 05:12:52.201, 4, 0, 427
2026/09/18 05:12:52.201, 5, 0, 427
2026/09/18 05:12:52.201, 6, 0, 427
2026/09/18 05:12:52.201, 7, 0, 427
2026/09/18 05:12:52.701, 0, 0, 77529
2026/09/18 05:12:52.701, 1, 0, 427
2026/09/18 05:12:52.701, 2, 0, 427
2026/09/18 05:12:52.701, 3, 0, 427
2026/09/18 05:12:52.701, 4, 0, 427
2026/09/18 05:12:52.701, 5, 0, 427
2026/09/18 05:12:52.701, 6, 0, 427
2026/09/18 05:12:52.701, 7, 0, 427
2026/09/18 05:12:53.201, 0, 0, 77529
2026/09/18 05:12:53.201, 1, 0, 427
2026/09/18 05:12:53.201, 2, 0, 427
2026/09/18 05:12:53.202, 3, 0, 427
2026/09/18 05:12:53.202, 4, 0, 427
2026/09/18 05:12:53.202, 5, 0, 427
2026/09/18 05:12:53.202, 6, 0, 427
2026/09/18 05:12:53.202, 7, 0, 427
2026/09/18 05:12:53.702, 0, 0, 77529
2026/09/18 05:12:53.702, 1, 0, 427
2026/09/18 05:12:53.702, 2, 0, 427
2026/09/18 05:12:53.702, 3, 0, 427
2026/09/18 05:12:53.702, 4, 0, 427
2026/09/18 05:12:53.702, 5, 0, 427
2026/09/18 05:12:53.702, 6, 0, 427
2026/09/18 05:12:53.702, 7, 0, 427
2026/09/18 05:12:54.202, 0, 0, 77529
2026/09/18 05:12:54.202, 1, 0, 427
2026/09/18 05:12:54.202, 2, 0, 427
2026/09/18 05:12:54.202, 3, 0, 427
2026/09/18 05:12:54.202, 4, 0, 427
2026/09/18 05:12:54.202, 5, 0, 427
2026/09/18 05:12:54.202, 6, 0, 427
2026/09/18 05:12:54.202, 7, 0, 427
2026/09/18 05:12:54.702, 0, 0, 77529
2026/09/18 05:12:54.702, 1, 0, 427
2026/09/18 05:12:54.703, 2, 0, 427
2026/09/18 05:12:54.703, 3, 0, 427
2026/09/18 05:12:54.703, 4, 0, 427
2026/09/18 05:12:54.703, 5, 0, 427
2026/09/18 05:12:54.703, 6, 0, 427
2026/09/18 05:12:54.703, 7, 0, 427
2026/09/18 05:12:55.203, 0, 0, 77529
2026/09/18 05:12:55.203, 1, 0, 427
2026/09/18 05:12:55.203, 2, 0, 427
2026/09/18 05:12:55.203, 3, 0, 427
2026/09/18 05:12:55.203, 4, 0, 427
2026/09/18 05:12:55.203, 5, 0, 427
2026/09/18 05:12:55.203, 6, 0, 427
2026/09/18 05:12:55.203, 7, 0, 427
2026/09/18 05:12:55.703, 0, 0, 77529
2026/09/18 05:12:55.703, 1, 0, 427
2026/09/18 05:12:55.703, 2, 0, 427
2026/09/18 05:12:55.703, 3, 0, 427
2026/09/18 05:12:55.703, 4, 0, 427
2026/09/18 05:12:55.703, 5, 0, 427
2026/09/18 05:12:55.703, 6, 0, 427
2026/09/18 05:12:55.703, 7, 0, 427
2026/09/18 05:12:56.203, 0, 0, 77529
2026/09/18 05:12:56.204, 1, 0, 427
2026/09/18 05:12:56.204, 2, 0, 427
2026/09/18 05:12:56.204, 3, 0, 427
2026/09/18 05:12:56.204, 4, 0, 427
2026/09/18 05:12:56.204, 5, 0, 427
2026/09/18 05:12:56.204, 6, 0, 427
2026/09/18 05:12:56.204, 7, 0, 427
2026/09/18 05:12:56.704, 0, 0, 77529
2026/09/18 05:12:56.704, 1, 0, 427
2026/09/18 05:12:56.704, 2, 0, 427
2026/09/18 05:12:56.704, 3, 0, 427
2026/09/18 05:12:56.704, 4, 0, 427
2026/09/18 05:12:56.704, 5, 0, 427
2026/09/18 05:12:56.704, 6, 0, 427
2026/09/18 05:12:56.704, 7, 0, 427
2026/09/18 05:12:57.204, 0, 0, 77529
2026/09/18 05:12:57.204, 1, 0, 427
2026/09/18 05:12:57.204, 2, 0, 427
2026/09/18 05:12:57.204, 3, 0, 427
2026/09/18 05:12:57.204, 4, 0, 427
2026/09/18 05:12:57.204, 5, 0, 427
2026/09/18 05:12:57.204, 6, 0, 427
2026/09/18 05:12:57.204, 7, 0, 427
2026/09/18 05:12:57.704, 0, 0, 77529
2026/09/18 05:12:57.705, 1, 0, 427
2026/09/18 05:12:57.705, 2, 0, 427
2026/09/18 05:12:57.705, 3, 0, 427
2026/09/18 05:12:57.705, 4, 0, 427
2026/09/18 05:12:57.705, 5, 0, 427
2026/09/18 05:12:57.705, 6, 0, 427
2026/09/18 05:12:57.705, 7, 0, 427
2026/09/18 05:12:58.205, 0, 0, 77529
2026/09/18 05:12:58.205, 1, 0, 427
2026/09/18 05:12:58.205, 2, 0, 427
2026/09/18 05:12:58.205, 3, 0, 427
2026/09/18 05:12:58.205, 4, 0, 427
2026/09/18 05:12:58.205, 5, 0, 427
2026/09/18 05:12:58.205, 6, 0, 427
2026/09/18 05:12:58.205, 7, 0, 427
2026/09/18 05:12:58.705, 0, 0, 77529
2026/09/18 05:12:58.705, 1, 0, 427
2026/09/18 05:12:58.705, 2, 0, 427
2026/09/18 05:12:58.705, 3, 0, 427
2026/09/18 05:12:58.705, 4, 0, 427
2026/09/18 05:12:58.705, 5, 0, 427
2026/09/18 05:12:58.706, 6, 0, 427
2026/09/18 05:12:58.706, 7, 0, 427
2026/09/18 05:12:59.206, 0, 0, 77529
2026/09/18 05:12:59.206, 1, 0, 427
2026/09/18 05:12:59.206, 2, 0, 427
2026/09/18 05:12:59.206, 3, 0, 427
2026/09/18 05:12:59.206, 4, 0, 427
2026/09/18 05:12:59.206, 5, 0, 427
2026/09/18 05:12:59.206, 6, 0, 427
2026/09/18 05:12:59.206, 7, 0, 427
2026/09/18 05:12:59.706, 0, 0, 77529
2026/09/18 05:12:59.706, 1, 0, 427
2026/09/18 05:12:59.706, 2, 0, 427
2026/09/18 05:12:59.706, 3, 0, 427
2026/09/18 05:12:59.706, 4, 0, 427
2026/09/18 05:12:59.706, 5, 0, 427
2026/09/18 05:12:59.706, 6, 0, 427
2026/09/18 05:12:59.706, 7, 0, 427
2026/09/18 05:13:00.206, 0, 0, 77529
2026/09/18 05:13:00.206, 1, 0, 427
2026/09/18 05:13:00.206, 2, 0, 427
2026/09/18 05:13:00.206, 3, 0, 427
2026/09/18 05:13:00.206, 4, 0, 427
2026/09/18 05:13:00.206, 5, 0, 427
2026/09/18 05:13:00.206, 6, 0, 427
2026/09/18 05:13:00.207, 7, 0, 427
2026/09/18 05:13:00.707, 0, 0, 77529
2026/09/18 05:13:00.707, 1, 0, 427
2026/09/18 05:13:00.707, 2, 0, 427
2026/09/18 05:13:00.707, 3, 0, 427
2026/09/18 05:13:00.707, 4, 0, 427
2026/09/18 05:13:00.707, 5, 0, 427
2026/09/18 05:13:00.707, 6, 0, 427
2026/09/18 05:13:00.707, 7, 0, 427
2026/09/18 05:13:01.207, 0, 0, 77529
2026/09/18 05:13:01.207, 1, 0, 427
2026/09/18 05:13:01.207, 2, 0, 427
2026/09/18 05:13:01.207, 3, 0, 427
2026/09/18 05:13:01.207, 4, 0, 427
2026/09/18 05:13:01.207, 5, 0, 427
2026/09/18 05:13:01.207, 6, 0, 427
2026/09/18 05:13:01.207, 7, 0, 427
2026/09/18 05:13:01.707, 0, 0, 77529
2026/09/18 05:13:01.708, 1, 0, 427
2026/09/18 05:13:01.708, 2, 0, 427
2026/09/18 05:13:01.708, 3, 0, 427
2026/09/18 05:13:01.708, 4, 0, 427
2026/09/18 05:13:01.708, 5, 0, 427
2026/09/18 05:13:01.708, 6, 0, 427
2026/09/18 05:13:01.708, 7, 0, 427
2026/09/18 05:13:02.208, 0, 0, 77529
2026/09/18 05:13:02.209, 1, 0, 427
2026/09/18 05:13:02.209, 2, 0, 427
2026/09/18 05:13:02.209, 3, 0, 427
2026/09/18 05:13:02.209, 4, 0, 427
2026/09/18 05:13:02.209, 5, 0, 427
2026/09/18 05:13:02.209, 6, 0, 427
2026/09/18 05:13:02.209, 7, 0, 427
2026/09/18 05:13:02.709, 0, 0, 77529
2026/09/18 05:13:02.709, 1, 0, 427
2026/09/18 05:13:02.709, 2, 0, 427
2026/09/18 05:13:02.710, 3, 0, 427
2026/09/18 05:13:02.710, 4, 0, 427
2026/09/18 05:13:02.711, 5, 0, 427
2026/09/18 05:13:02.711, 6, 0, 427
2026/09/18 05:13:02.712, 7, 0, 427
2026/09/18 05:13:03.212, 0, 0, 77529
2026/09/18 05:13:03.212, 1, 0, 427
2026/09/18 05:13:03.212, 2, 0, 427
2026/09/18 05:13:03.212, 3, 0, 427
2026/09/18 05:13:03.212, 4, 0, 427
2026/09/18 05:13:03.212, 5, 0, 427
2026/09/18 05:13:03.212, 6, 0, 427
2026/09/18 05:13:03.212, 7, 0, 427
2026/09/18 05:13:03.712, 0, 0, 77529
2026/09/18 05:13:03.712, 1, 0, 427
2026/09/18 05:13:03.712, 2, 0, 427
2026/09/18 05:13:03.712, 3, 0, 427
2026/09/18 05:13:03.712, 4, 0, 427
2026/09/18 05:13:03.712, 5, 0, 427
2026/09/18 05:13:03.712, 6, 0, 427
2026/09/18 05:13:03.712, 7, 0, 427
2026/09/18 05:13:04.213, 0, 0, 77529
2026/09/18 05:13:04.213, 1, 0, 427
2026/09/18 05:13:04.213, 2, 0, 427
2026/09/18 05:13:04.213, 3, 0, 427
2026/09/18 05:13:04.213, 4, 0, 427
2026/09/18 05:13:04.213, 5, 0, 427
2026/09/18 05:13:04.213, 6, 0, 427
2026/09/18 05:13:04.213, 7, 0, 427
2026/09/18 05:13:04.713, 0, 0, 77529
2026/09/18 05:13:04.713, 1, 0, 427
2026/09/18 05:13:04.713, 2, 0, 427
2026/09/18 05:13:04.713, 3, 0, 427
2026/09/18 05:13:04.713, 4, 0, 427
2026/09/18 05:13:04.713, 5, 0, 427
2026/09/18 05:13:04.713, 6, 0, 427
2026/09/18 05:13:04.713, 7, 0, 427
2026/09/18 05:13:05.214, 0, 0, 77529
2026/09/18 05:13:05.214, 1, 0, 427
2026/09/18 05:13:05.214, 2, 0, 427
2026/09/18 05:13:05.214, 3, 0, 427
2026/09/18 05:13:05.214, 4, 0, 427
2026/09/18 05:13:05.214, 5, 0, 427
2026/09/18 05:13:05.214, 6, 0, 427
2026/09/18 05:13:05.214, 7, 0, 427
2026/09/18 05:13:05.714, 0, 0, 77529
2026/09/18 05:13:05.714, 1, 0, 427
2026/09/18 05:13:05.714, 2, 0, 427
2026/09/18 05:13:05.714, 3, 0, 427
2026/09/18 05:13:05.714, 4, 0, 427
2026/09/18 05:13:05.714, 5, 0, 427
2026/09/18 05:13:05.714, 6, 0, 427
2026/09/18 05:13:05.714, 7, 0, 427
2026/09/18 05:13:06.214, 0, 0, 77529
2026/09/18 05:13:06.214, 1, 0, 427
2026/09/18 05:13:06.214, 2, 0, 427
2026/09/18 05:13:06.214, 3, 0, 427
2026/09/18 05:13:06.214, 4, 0, 427
2026/09/18 05:13:06.214, 5, 0, 427
2026/09/18 05:13:06.214, 6, 0, 427
2026/09/18 05:13:06.214, 7, 0, 427
2026/09/18 05:13:06.715, 0, 0, 77529
2026/09/18 05:13:06.715, 1, 0, 427
2026/09/18 05:13:06.715, 2, 0, 427
2026/09/18 05:13:06.715, 3, 0, 427
2026/09/18 05:13:06.715, 4, 0, 427
2026/09/18 05:13:06.715, 5, 0, 427
2026/09/18 05:13:06.715, 6, 0, 427
2026/09/18 05:13:06.715, 7, 0, 427
2026/09/18 05:13:07.215, 0, 0, 77529
2026/09/18 05:13:07.215, 1, 0, 427
2026/09/18 05:13:07.215, 2, 0, 427
2026/09/18 05:13:07.215, 3, 0, 427
2026/09/18 05:13:07.215, 4, 0, 427
2026/09/18 05:13:07.215, 5, 0, 427
2026/09/18 05:13:07.215, 6, 0, 427
2026/09/18 05:13:07.215, 7, 0, 427
2026/09/18 05:13:07.715, 0, 0, 77529
2026/09/18 05:13:07.715, 1, 0, 427
2026/09/18 05:13:07.715, 2, 0, 427
2026/09/18 05:13:07.715, 3, 0, 427
2026/09/18 05:13:07.715, 4, 0, 427
2026/09/18 05:13:07.716, 5, 0, 427
2026/09/18 05:13:07.716, 6, 0, 427
2026/09/18 05:13:07.716, 7, 0, 427
2026/09/18 05:13:08.216, 0, 0, 77529
2026/09/18 05:13:08.216, 1, 0, 427
2026/09/18 05:13:08.216, 2, 0, 427
2026/09/18 05:13:08.216, 3, 0, 427
2026/09/18 05:13:08.216, 4, 0, 427
2026/09/18 05:13:08.216, 5, 0, 427
2026/09/18 05:13:08.216, 6, 0, 427
2026/09/18 05:13:08.216, 7, 0, 427
2026/09/18 05:13:08.716, 0, 0, 77529
2026/09/18 05:13:08.717, 1, 0, 427
2026/09/18 05:13:08.717, 2, 0, 427
2026/09/18 05:13:08.717, 3, 0, 427
2026/09/18 05:13:08.717, 4, 0, 427
2026/09/18 05:13:08.717, 5, 0, 427
2026/09/18 05:13:08.717, 6, 0, 427
2026/09/18 05:13:08.717, 7, 0, 427
2026/09/18 05:13:09.217, 0, 0, 77529
2026/09/18 05:13:09.218, 1, 0, 427
2026/09/18 05:13:09.218, 2, 0, 427
2026/09/18 05:13:09.218, 3, 0, 427
2026/09/18 05:13:09.218, 4, 0, 427
2026/09/18 05:13:09.218, 5, 0, 427
2026/09/18 05:13:09.218, 6, 0, 427
2026/09/18 05:13:09.218, 7, 0, 427
2026/09/18 05:13:09.718, 0, 0, 77529
2026/09/18 05:13:09.718, 1, 0, 427
2026/09/18 05:13:09.718, 2, 0, 427
2026/09/18 05:13:09.718, 3, 0, 427
2026/09/18 05:13:09.718, 4, 0, 427
2026/09/18 05:13:09.718, 5, 0, 427
2026/09/18 05:13:09.718, 6, 0, 427
2026/09/18 05:13:09.718, 7, 0, 427
2026/09/18 05:13:10.218, 0, 0, 77529
2026/09/18 05:13:10.218, 1, 0, 427
2026/09/18 05:13:10.218, 2, 0, 427
2026/09/18 05:13:10.218, 3, 0, 427
2026/09/18 05:13:10.218, 4, 0, 427
2026/09/18 05:13:10.218, 5, 0, 427
2026/09/18 05:13:10.218, 6, 0, 427
2026/09/18 05:13:10.218, 7, 0, 427
2026/09/18 05:13:10.718, 0, 0, 77529
2026/09/18 05:13:10.719, 1, 0, 427
2026/09/18 05:13:10.719, 2, 0, 427
2026/09/18 05:13:10.719, 3, 0, 427
2026/09/18 05:13:10.719, 4, 0, 427
2026/09/18 05:13:10.719, 5, 0, 427
2026/09/18 05:13:10.719, 6, 0, 427
2026/09/18 05:13:10.719, 7, 0, 427
2026/09/18 05:13:11.219, 0, 0, 77529
2026/09/18 05:13:11.219, 1, 0, 427
2026/09/18 05:13:11.222, 2, 0, 427
2026/09/18 05:13:11.223, 3, 0, 427
2026/09/18 05:13:11.223, 4, 0, 427
2026/09/18 05:13:11.224, 5, 0, 427
2026/09/18 05:13:11.224, 6, 0, 427
2026/09/18 05:13:11.224, 7, 0, 427
2026/09/18 05:13:11.725, 0, 0, 77529
2026/09/18 05:13:11.725, 1, 0, 427
2026/09/18 05:13:11.725, 2, 0, 427
2026/09/18 05:13:11.725, 3, 0, 427
2026/09/18 05:13:11.725, 4, 0, 427
2026/09/18 05:13:11.725, 5, 0, 427
2026/09/18 05:13:11.725, 6, 0, 427
2026/09/18 05:13:11.725, 7, 0, 427
2026/09/18 05:13:12.225, 0, 0, 77529
2026/09/18 05:13:12.226, 1, 0, 427
2026/09/18 05:13:12.226, 2, 0, 427
2026/09/18 05:13:12.226, 3, 0, 427
2026/09/18 05:13:12.226, 4, 0, 427
2026/09/18 05:13:12.226, 5, 0, 427
2026/09/18 05:13:12.226, 6, 0, 427
2026/09/18 05:13:12.226, 7, 0, 427
2026/09/18 05:13:12.726, 0, 0, 77529
2026/09/18 05:13:12.726, 1, 0, 427
2026/09/18 05:13:12.726, 2, 0, 427
2026/09/18 05:13:12.726, 3, 0, 427
2026/09/18 05:13:12.726, 4, 0, 427
2026/09/18 05:13:12.726, 5, 0, 427
2026/09/18 05:13:12.726, 6, 0, 427
2026/09/18 05:13:12.726, 7, 0, 427
2026/09/18 05:13:13.226, 0, 0, 77529
2026/09/18 05:13:13.226, 1, 0, 427
2026/09/18 05:13:13.226, 2, 0, 427
2026/09/18 05:13:13.226, 3, 0, 427
2026/09/18 05:13:13.226, 4, 0, 427
2026/09/18 05:13:13.227, 5, 0, 427
2026/09/18 05:13:13.227, 6, 0, 427
2026/09/18 05:13:13.227, 7, 0, 427
2026/09/18 05:13:13.727, 0, 0, 77529
2026/09/18 05:13:13.727, 1, 0, 427
2026/09/18 05:13:13.727, 2, 0, 427
2026/09/18 05:13:13.727, 3, 0, 427
2026/09/18 05:13:13.727, 4, 0, 427
2026/09/18 05:13:13.727, 5, 0, 427
2026/09/18 05:13:13.727, 6, 0, 427
2026/09/18 05:13:13.727, 7, 0, 427
2026/09/18 05:13:14.227, 0, 0, 77529
2026/09/18 05:13:14.227, 1, 0, 427
2026/09/18 05:13:14.227, 2, 0, 427
2026/09/18 05:13:14.227, 3, 0, 427
2026/09/18 05:13:14.227, 4, 0, 427
2026/09/18 05:13:14.227, 5, 0, 427
2026/09/18 05:13:14.227, 6, 0, 427
2026/09/18 05:13:14.227, 7, 0, 427
2026/09/18 05:13:14.727, 0, 0, 77529
2026/09/18 05:13:14.727, 1, 0, 427
2026/09/18 05:13:14.727, 2, 0, 427
2026/09/18 05:13:14.727, 3, 0, 427
2026/09/18 05:13:14.727, 4, 0, 427
2026/09/18 05:13:14.727, 5, 0, 427
2026/09/18 05:13:14.727, 6, 0, 427
2026/09/18 05:13:14.727, 7, 0, 427
2026/09/18 05:13:15.228, 0, 0, 77529
2026/09/18 05:13:15.228, 1, 0, 427
2026/09/18 05:13:15.228, 2, 0, 427
2026/09/18 05:13:15.228, 3, 0, 427
2026/09/18 05:13:15.228, 4, 0, 427
2026/09/18 05:13:15.228, 5, 0, 427
2026/09/18 05:13:15.228, 6, 0, 427
2026/09/18 05:13:15.228, 7, 0, 427
2026/09/18 05:13:15.728, 0, 0, 77529
2026/09/18 05:13:15.728, 1, 0, 427
2026/09/18 05:13:15.728, 2, 0, 427
2026/09/18 05:13:15.728, 3, 0, 427
2026/09/18 05:13:15.728, 4, 0, 427
2026/09/18 05:13:15.728, 5, 0, 427
2026/09/18 05:13:15.728, 6, 0, 427
2026/09/18 05:13:15.728, 7, 0, 427
2026/09/18 05:13:16.228, 0, 0, 77529
2026/09/18 05:13:16.228, 1, 0, 427
2026/09/18 05:13:16.228, 2, 0, 427
2026/09/18 05:13:16.228, 3, 0, 427
2026/09/18 05:13:16.228, 4, 0, 427
2026/09/18 05:13:16.228, 5, 0, 427
2026/09/18 05:13:16.228, 6, 0, 427
2026/09/18 05:13:16.229, 7, 0, 427
2026/09/18 05:13:16.729, 0, 0, 77529
2026/09/18 05:13:16.729, 1, 0, 427
2026/09/18 05:13:16.729, 2, 0, 427
2026/09/18 05:13:16.729, 3, 0, 427
2026/09/18 05:13:16.729, 4, 0, 427
2026/09/18 05:13:16.729, 5, 0, 427
2026/09/18 05:13:16.729, 6, 0, 427
2026/09/18 05:13:16.729, 7, 0, 427
2026/09/18 05:13:17.229, 0, 0, 77529
2026/09/18 05:13:17.229, 1, 0, 427
2026/09/18 05:13:17.229, 2, 0, 427
2026/09/18 05:13:17.229, 3, 0, 427
2026/09/18 05:13:17.229, 4, 0, 427
2026/09/18 05:13:17.229, 5, 0, 427
2026/09/18 05:13:17.229, 6, 0, 427
2026/09/18 05:13:17.229, 7, 0, 427
2026/09/18 05:13:17.729, 0, 0, 77529
2026/09/18 05:13:17.730, 1, 0, 427
2026/09/18 05:13:17.730, 2, 0, 427
2026/09/18 05:13:17.730, 3, 0, 427
2026/09/18 05:13:17.730, 4, 0, 427
2026/09/18 05:13:17.730, 5, 0, 427
2026/09/18 05:13:17.730, 6, 0, 427
2026/09/18 05:13:17.730, 7, 0, 427
2026/09/18 05:13:18.230, 0, 0, 77529
2026/09/18 05:13:18.230, 1, 0, 427
2026/09/18 05:13:18.230, 2, 0, 427
2026/09/18 05:13:18.230, 3, 0, 427
2026/09/18 05:13:18.230, 4, 0, 427
2026/09/18 05:13:18.230, 5, 0, 427
2026/09/18 05:13:18.230, 6, 0, 427
2026/09/18 05:13:18.230, 7, 0, 427
2026/09/18 05:13:18.730, 0, 0, 77529
2026/09/18 05:13:18.730, 1, 0, 427
2026/09/18 05:13:18.730, 2, 0, 427
2026/09/18 05:13:18.730, 3, 0, 427
2026/09/18 05:13:18.730, 4, 0, 427
2026/09/18 05:13:18.730, 5, 0, 427
2026/09/18 05:13:18.730, 6, 0, 427
2026/09/18 05:13:18.730, 7, 0, 427
2026/09/18 05:13:19.231, 0, 0, 77529
2026/09/18 05:13:19.231, 1, 0, 427
2026/09/18 05:13:19.231, 2, 0, 427
2026/09/18 05:13:19.231, 3, 0, 427
2026/09/18 05:13:19.231, 4, 0, 427
2026/09/18 05:13:19.231, 5, 0, 427
2026/09/18 05:13:19.231, 6, 0, 427
2026/09/18 05:13:19.231, 7, 0, 427
2026/09/18 05:13:19.731, 0, 0, 77529
2026/09/18 05:13:19.731, 1, 0, 427
2026/09/18 05:13:19.731, 2, 0, 427
2026/09/18 05:13:19.731, 3, 0, 427
2026/09/18 05:13:19.731, 4, 0, 427
2026/09/18 05:13:19.731, 5, 0, 427
2026/09/18 05:13:19.731, 6, 0, 427
2026/09/18 05:13:19.731, 7, 0, 427
2026/09/18 05:13:20.231, 0, 0, 77529
2026/09/18 05:13:20.231, 1, 0, 427
2026/09/18 05:13:20.232, 2, 0, 427
2026/09/18 05:13:20.232, 3, 0, 427
2026/09/18 05:13:20.232, 4, 0, 427
2026/09/18 05:13:20.232, 5, 0, 427
2026/09/18 05:13:20.232, 6, 0, 427
2026/09/18 05:13:20.232, 7, 0, 427
2026/09/18 05:13:20.732, 0, 0, 77529
2026/09/18 05:13:20.732, 1, 0, 427
2026/09/18 05:13:20.732, 2, 0, 427
2026/09/18 05:13:20.732, 3, 0, 427
2026/09/18 05:13:20.732, 4, 0, 427
2026/09/18 05:13:20.732, 5, 0, 427
2026/09/18 05:13:20.732, 6, 0, 427
2026/09/18 05:13:20.732, 7, 0, 427
2026/09/18 05:13:21.232, 0, 0, 77529
2026/09/18 05:13:21.232, 1, 0, 427
2026/09/18 05:13:21.232, 2, 0, 427
2026/09/18 05:13:21.232, 3, 0, 427
2026/09/18 05:13:21.232, 4, 0, 427
2026/09/18 05:13:21.232, 5, 0, 427
2026/09/18 05:13:21.233, 6, 0, 427
2026/09/18 05:13:21.233, 7, 0, 427
2026/09/18 05:13:21.733, 0, 0, 77529
2026/09/18 05:13:21.733, 1, 0, 427
2026/09/18 05:13:21.733, 2, 0, 427
2026/09/18 05:13:21.733, 3, 0, 427
2026/09/18 05:13:21.733, 4, 0, 427
2026/09/18 05:13:21.733, 5, 0, 427
2026/09/18 05:13:21.733, 6, 0, 427
2026/09/18 05:13:21.733, 7, 0, 427
2026/09/18 05:13:22.233, 0, 0, 77529
2026/09/18 05:13:22.233, 1, 0, 427
2026/09/18 05:13:22.233, 2, 0, 427
2026/09/18 05:13:22.233, 3, 0, 427
2026/09/18 05:13:22.233, 4, 0, 427
2026/09/18 05:13:22.233, 5, 0, 427
2026/09/18 05:13:22.233, 6, 0, 427
2026/09/18 05:13:22.233, 7, 0, 427
2026/09/18 05:13:22.733, 0, 0, 77529
2026/09/18 05:13:22.734, 1, 0, 427
2026/09/18 05:13:22.734, 2, 0, 427
2026/09/18 05:13:22.734, 3, 0, 427
2026/09/18 05:13:22.734, 4, 0, 427
2026/09/18 05:13:22.734, 5, 0, 427
2026/09/18 05:13:22.734, 6, 0, 427
2026/09/18 05:13:22.734, 7, 0, 427
2026/09/18 05:13:23.234, 0, 0, 77529
2026/09/18 05:13:23.235, 1, 0, 427
2026/09/18 05:13:23.235, 2, 0, 427
2026/09/18 05:13:23.235, 3, 0, 427
2026/09/18 05:13:23.235, 4, 0, 427
2026/09/18 05:13:23.236, 5, 0, 427
2026/09/18 05:13:23.236, 6, 0, 427
2026/09/18 05:13:23.236, 7, 0, 427
2026/09/18 05:13:23.736, 0, 0, 77529
2026/09/18 05:13:23.736, 1, 0, 427
2026/09/18 05:13:23.736, 2, 0, 427
2026/09/18 05:13:23.736, 3, 0, 427
2026/09/18 05:13:23.736, 4, 0, 427
2026/09/18 05:13:23.736, 5, 0, 427
2026/09/18 05:13:23.736, 6, 0, 427
2026/09/18 05:13:23.736, 7, 0, 427
2026/09/18 05:13:24.236, 0, 0, 77529
2026/09/18 05:13:24.236, 1, 0, 427
2026/09/18 05:13:24.236, 2, 0, 427
2026/09/18 05:13:24.236, 3, 0, 427
2026/09/18 05:13:24.236, 4, 0, 427
2026/09/18 05:13:24.236, 5, 0, 427
2026/09/18 05:13:24.236, 6, 0, 427
2026/09/18 05:13:24.236, 7, 0, 427
2026/09/18 05:13:24.736, 0, 0, 77529
2026/09/18 05:13:24.737, 1, 0, 427
2026/09/18 05:13:24.737, 2, 0, 427
2026/09/18 05:13:24.737, 3, 0, 427
2026/09/18 05:13:24.737, 4, 0, 427
2026/09/18 05:13:24.737, 5, 0, 427
2026/09/18 05:13:24.737, 6, 0, 427
2026/09/18 05:13:24.737, 7, 0, 427
2026/09/18 05:13:25.237, 0, 0, 77529
2026/09/18 05:13:25.237, 1, 0, 427
2026/09/18 05:13:25.237, 2, 0, 427
2026/09/18 05:13:25.237, 3, 0, 427
2026/09/18 05:13:25.237, 4, 0, 427
2026/09/18 05:13:25.237, 5, 0, 427
2026/09/18 05:13:25.237, 6, 0, 427
2026/09/18 05:13:25.237, 7, 0, 427
2026/09/18 05:13:25.737, 0, 0, 77529
2026/09/18 05:13:25.737, 1, 0, 427
2026/09/18 05:13:25.737, 2, 0, 427
2026/09/18 05:13:25.737, 3, 0, 427
2026/09/18 05:13:25.738, 4, 0, 427
2026/09/18 05:13:25.738, 5, 0, 427
2026/09/18 05:13:25.738, 6, 0, 427
2026/09/18 05:13:25.738, 7, 0, 427
2026/09/18 05:13:26.238, 0, 0, 77529
2026/09/18 05:13:26.238, 1, 0, 427
2026/09/18 05:13:26.238, 2, 0, 427
2026/09/18 05:13:26.238, 3, 0, 427
2026/09/18 05:13:26.238, 4, 0, 427
2026/09/18 05:13:26.238, 5, 0, 427
2026/09/18 05:13:26.238, 6, 0, 427
2026/09/18 05:13:26.238, 7, 0, 427
2026/09/18 05:13:26.738, 0, 0, 77529
2026/09/18 05:13:26.738, 1, 0, 427
2026/09/18 05:13:26.738, 2, 0, 427
2026/09/18 05:13:26.738, 3, 0, 427
2026/09/18 05:13:26.738, 4, 0, 427
2026/09/18 05:13:26.738, 5, 0, 427
2026/09/18 05:13:26.738, 6, 0, 427
2026/09/18 05:13:26.738, 7, 0, 427
2026/09/18 05:13:27.238, 0, 0, 77529
2026/09/18 05:13:27.239, 1, 0, 427
2026/09/18 05:13:27.239, 2, 0, 427
2026/09/18 05:13:27.239, 3, 0, 427
2026/09/18 05:13:27.239, 4, 0, 427
2026/09/18 05:13:27.239, 5, 0, 427
2026/09/18 05:13:27.239, 6, 0, 427
2026/09/18 05:13:27.239, 7, 0, 427
2026/09/18 05:13:27.739, 0, 0, 77529
2026/09/18 05:13:27.739, 1, 0, 427
2026/09/18 05:13:27.739, 2, 0, 427
2026/09/18 05:13:27.739, 3, 0, 427
2026/09/18 05:13:27.739, 4, 0, 427
2026/09/18 05:13:27.739, 5, 0, 427
2026/09/18 05:13:27.739, 6, 0, 427
2026/09/18 05:13:27.739, 7, 0, 427
2026/09/18 05:13:28.240, 0, 0, 77529
2026/09/18 05:13:28.240, 1, 0, 427
2026/09/18 05:13:28.240, 2, 0, 427
2026/09/18 05:13:28.240, 3, 0, 427
2026/09/18 05:13:28.240, 4, 0, 427
2026/09/18 05:13:28.240, 5, 0, 427
2026/09/18 05:13:28.240, 6, 0, 427
2026/09/18 05:13:28.240, 7, 0, 427
2026/09/18 05:13:28.740, 0, 0, 77529
2026/09/18 05:13:28.740, 1, 0, 427
2026/09/18 05:13:28.740, 2, 0, 427
2026/09/18 05:13:28.741, 3, 0, 427
2026/09/18 05:13:28.741, 4, 0, 427
2026/09/18 05:13:28.741, 5, 0, 427
2026/09/18 05:13:28.741, 6, 0, 427
2026/09/18 05:13:28.741, 7, 0, 427
2026/09/18 05:13:29.241, 0, 0, 77529
2026/09/18 05:13:29.241, 1, 0, 427
2026/09/18 05:13:29.241, 2, 0, 427
2026/09/18 05:13:29.241, 3, 0, 427
2026/09/18 05:13:29.241, 4, 0, 427
2026/09/18 05:13:29.241, 5, 0, 427
2026/09/18 05:13:29.241, 6, 0, 427
2026/09/18 05:13:29.241, 7, 0, 427
2026/09/18 05:13:29.741, 0, 0, 77529
2026/09/18 05:13:29.741, 1, 0, 427
2026/09/18 05:13:29.741, 2, 0, 427
2026/09/18 05:13:29.741, 3, 0, 427
2026/09/18 05:13:29.741, 4, 0, 427
2026/09/18 05:13:29.741, 5, 0, 427
2026/09/18 05:13:29.741, 6, 0, 427
2026/09/18 05:13:29.741, 7, 0, 427
2026/09/18 05:13:30.241, 0, 0, 77529
2026/09/18 05:13:30.242, 1, 0, 427
2026/09/18 05:13:30.242, 2, 0, 427
2026/09/18 05:13:30.242, 3, 0, 427
2026/09/18 05:13:30.242, 4, 0, 427
2026/09/18 05:13:30.242, 5, 0, 427
2026/09/18 05:13:30.242, 6, 0, 427
2026/09/18 05:13:30.242, 7, 0, 427
2026/09/18 05:13:30.742, 0, 0, 77529
2026/09/18 05:13:30.742, 1, 0, 427
2026/09/18 05:13:30.742, 2, 0, 427
2026/09/18 05:13:30.742, 3, 0, 427
2026/09/18 05:13:30.742, 4, 0, 427
2026/09/18 05:13:30.742, 5, 0, 427
2026/09/18 05:13:30.742, 6, 0, 427
2026/09/18 05:13:30.742, 7, 0, 427
2026/09/18 05:13:31.242, 0, 0, 77529
2026/09/18 05:13:31.242, 1, 0, 427
2026/09/18 05:13:31.242, 2, 0, 427
2026/09/18 05:13:31.242, 3, 0, 427
2026/09/18 05:13:31.242, 4, 0, 427
2026/09/18 05:13:31.242, 5, 0, 427
2026/09/18 05:13:31.242, 6, 0, 427
2026/09/18 05:13:31.242, 7, 0, 427
2026/09/18 05:13:31.742, 0, 0, 77529
2026/09/18 05:13:31.742, 1, 0, 427
2026/09/18 05:13:31.742, 2, 0, 427
2026/09/18 05:13:31.743, 3, 0, 427
2026/09/18 05:13:31.743, 4, 0, 427
2026/09/18 05:13:31.743, 5, 0, 427
2026/09/18 05:13:31.743, 6, 0, 427
2026/09/18 05:13:31.744, 7, 0, 427
2026/09/18 05:13:32.244, 0, 0, 77529
2026/09/18 05:13:32.244, 1, 0, 427
2026/09/18 05:13:32.245, 2, 0, 427
2026/09/18 05:13:32.245, 3, 0, 427
2026/09/18 05:13:32.246, 4, 0, 427
2026/09/18 05:13:32.246, 5, 0, 427
2026/09/18 05:13:32.247, 6, 0, 427
2026/09/18 05:13:32.247, 7, 0, 427
2026/09/18 05:13:32.748, 0, 0, 77529
2026/09/18 05:13:32.748, 1, 0, 427
2026/09/18 05:13:32.748, 2, 0, 427
2026/09/18 05:13:32.748, 3, 0, 427
2026/09/18 05:13:32.748, 4, 0, 427
2026/09/18 05:13:32.748, 5, 0, 427
2026/09/18 05:13:32.748, 6, 0, 427
2026/09/18 05:13:32.748, 7, 0, 427
2026/09/18 05:13:33.248, 0, 0, 77529
2026/09/18 05:13:33.248, 1, 0, 427
2026/09/18 05:13:33.248, 2, 0, 427
2026/09/18 05:13:33.248, 3, 0, 427
2026/09/18 05:13:33.248, 4, 0, 427
2026/09/18 05:13:33.248, 5, 0, 427
2026/09/18 05:13:33.248, 6, 0, 427
2026/09/18 05:13:33.248, 7, 0, 427
2026/09/18 05:13:33.748, 0, 0, 77529
2026/09/18 05:13:33.748, 1, 0, 427
2026/09/18 05:13:33.748, 2, 0, 427
2026/09/18 05:13:33.748, 3, 0, 427
2026/09/18 05:13:33.748, 4, 0, 427
2026/09/18 05:13:33.748, 5, 0, 427
2026/09/18 05:13:33.748, 6, 0, 427
2026/09/18 05:13:33.748, 7, 0, 427
2026/09/18 05:13:34.249, 0, 0, 77529
2026/09/18 05:13:34.249, 1, 0, 427
2026/09/18 05:13:34.249, 2, 0, 427
2026/09/18 05:13:34.250, 3, 0, 427
2026/09/18 05:13:34.250, 4, 0, 427
2026/09/18 05:13:34.251, 5, 0, 427
2026/09/18 05:13:34.251, 6, 0, 427
2026/09/18 05:13:34.252, 7, 0, 427
2026/09/18 05:13:34.752, 0, 0, 77529
2026/09/18 05:13:34.752, 1, 0, 427
2026/09/18 05:13:34.752, 2, 0, 427
2026/09/18 05:13:34.752, 3, 0, 427
2026/09/18 05:13:34.752, 4, 0, 427
2026/09/18 05:13:34.752, 5, 0, 427
2026/09/18 05:13:34.752, 6, 0, 427
2026/09/18 05:13:34.752, 7, 0, 427
2026/09/18 05:13:35.252, 0, 0, 77529
2026/09/18 05:13:35.253, 1, 0, 427
2026/09/18 05:13:35.253, 2, 0, 427
2026/09/18 05:13:35.253, 3, 0, 427
2026/09/18 05:13:35.253, 4, 0, 427
2026/09/18 05:13:35.253, 5, 0, 427
2026/09/18 05:13:35.253, 6, 0, 427
2026/09/18 05:13:35.253, 7, 0, 427
2026/09/18 05:13:35.753, 0, 0, 77529
2026/09/18 05:13:35.753, 1, 0, 427
2026/09/18 05:13:35.753, 2, 0, 427
2026/09/18 05:13:35.753, 3, 0, 427
2026/09/18 05:13:35.753, 4, 0, 427
2026/09/18 05:13:35.753, 5, 0, 427
2026/09/18 05:13:35.753, 6, 0, 427
2026/09/18 05:13:35.753, 7, 0, 427
2026/09/18 05:13:36.253, 0, 0, 77529
2026/09/18 05:13:36.253, 1, 0, 427
2026/09/18 05:13:36.253, 2, 0, 427
2026/09/18 05:13:36.253, 3, 0, 427
2026/09/18 05:13:36.253, 4, 0, 427
2026/09/18 05:13:36.253, 5, 0, 427
2026/09/18 05:13:36.253, 6, 0, 427
2026/09/18 05:13:36.253, 7, 0, 427
2026/09/18 05:13:36.754, 0, 0, 77529
2026/09/18 05:13:36.754, 1, 0, 427
2026/09/18 05:13:36.754, 2, 0, 427
2026/09/18 05:13:36.754, 3, 0, 427
2026/09/18 05:13:36.754, 4, 0, 427
2026/09/18 05:13:36.754, 5, 0, 427
2026/09/18 05:13:36.754, 6, 0, 427
2026/09/18 05:13:36.754, 7, 0, 427
2026/09/18 05:13:37.254, 0, 0, 77529
2026/09/18 05:13:37.254, 1, 0, 427
2026/09/18 05:13:37.254, 2, 0, 427
2026/09/18 05:13:37.254, 3, 0, 427
2026/09/18 05:13:37.254, 4, 0, 427
2026/09/18 05:13:37.254, 5, 0, 427
2026/09/18 05:13:37.254, 6, 0, 427
2026/09/18 05:13:37.254, 7, 0, 427
2026/09/18 05:13:37.754, 0, 0, 77529
2026/09/18 05:13:37.754, 1, 0, 427
2026/09/18 05:13:37.754, 2, 0, 427
2026/09/18 05:13:37.754, 3, 0, 427
2026/09/18 05:13:37.754, 4, 0, 427
2026/09/18 05:13:37.754, 5, 0, 427
2026/09/18 05:13:37.754, 6, 0, 427
2026/09/18 05:13:37.754, 7, 0, 427
2026/09/18 05:13:38.255, 0, 0, 77529
2026/09/18 05:13:38.255, 1, 0, 427
2026/09/18 05:13:38.255, 2, 0, 427
2026/09/18 05:13:38.255, 3, 0, 427
2026/09/18 05:13:38.255, 4, 0, 427
2026/09/18 05:13:38.255, 5, 0, 427
2026/09/18 05:13:38.255, 6, 0, 427
2026/09/18 05:13:38.255, 7, 0, 427
2026/09/18 05:13:38.755, 0, 0, 77529
2026/09/18 05:13:38.756, 1, 0, 427
2026/09/18 05:13:38.756, 2, 0, 427
2026/09/18 05:13:38.756, 3, 0, 427
2026/09/18 05:13:38.756, 4, 0, 427
2026/09/18 05:13:38.756, 5, 0, 427
2026/09/18 05:13:38.756, 6, 0, 427
2026/09/18 05:13:38.756, 7, 0, 427
2026/09/18 05:13:39.256, 0, 0, 77529
2026/09/18 05:13:39.256, 1, 0, 427
2026/09/18 05:13:39.256, 2, 0, 427
2026/09/18 05:13:39.256, 3, 0, 427
2026/09/18 05:13:39.256, 4, 0, 427
2026/09/18 05:13:39.256, 5, 0, 427
2026/09/18 05:13:39.256, 6, 0, 427
2026/09/18 05:13:39.256, 7, 0, 427
2026/09/18 05:13:39.756, 0, 0, 77529
2026/09/18 05:13:39.756, 1, 0, 427
2026/09/18 05:13:39.756, 2, 0, 427
2026/09/18 05:13:39.756, 3, 0, 427
2026/09/18 05:13:39.756, 4, 0, 427
2026/09/18 05:13:39.756, 5, 0, 427
2026/09/18 05:13:39.756, 6, 0, 427
2026/09/18 05:13:39.756, 7, 0, 427
2026/09/18 05:13:40.256, 0, 0, 77529
2026/09/18 05:13:40.257, 1, 0, 427
2026/09/18 05:13:40.257, 2, 0, 427
2026/09/18 05:13:40.257, 3, 0, 427
2026/09/18 05:13:40.257, 4, 0, 427
2026/09/18 05:13:40.257, 5, 0, 427
2026/09/18 05:13:40.257, 6, 0, 427
2026/09/18 05:13:40.257, 7, 0, 427
2026/09/18 05:13:40.757, 0, 0, 77529
2026/09/18 05:13:40.757, 1, 0, 427
2026/09/18 05:13:40.757, 2, 0, 427
2026/09/18 05:13:40.757, 3, 0, 427
2026/09/18 05:13:40.757, 4, 0, 427
2026/09/18 05:13:40.757, 5, 0, 427
2026/09/18 05:13:40.757, 6, 0, 427
2026/09/18 05:13:40.757, 7, 0, 427
2026/09/18 05:13:41.257, 0, 0, 77529
2026/09/18 05:13:41.257, 1, 0, 427
2026/09/18 05:13:41.257, 2, 0, 427
2026/09/18 05:13:41.257, 3, 0, 427
2026/09/18 05:13:41.257, 4, 0, 427
2026/09/18 05:13:41.257, 5, 0, 427
2026/09/18 05:13:41.257, 6, 0, 427
2026/09/18 05:13:41.257, 7, 0, 427
2026/09/18 05:13:41.758, 0, 0, 77529
2026/09/18 05:13:41.758, 1, 0, 427
2026/09/18 05:13:41.758, 2, 0, 427
2026/09/18 05:13:41.758, 3, 0, 427
2026/09/18 05:13:41.758, 4, 0, 427
2026/09/18 05:13:41.758, 5, 0, 427
2026/09/18 05:13:41.758, 6, 0, 427
2026/09/18 05:13:41.759, 7, 0, 427
2026/09/18 05:13:42.259, 0, 0, 77529
2026/09/18 05:13:42.259, 1, 0, 427
2026/09/18 05:13:42.259, 2, 0, 427
2026/09/18 05:13:42.259, 3, 0, 427
2026/09/18 05:13:42.259, 4, 0, 427
2026/09/18 05:13:42.259, 5, 0, 427
2026/09/18 05:13:42.259, 6, 0, 427
2026/09/18 05:13:42.259, 7, 0, 427
2026/09/18 05:13:42.759, 0, 0, 77529
2026/09/18 05:13:42.759, 1, 0, 427
2026/09/18 05:13:42.759, 2, 0, 427
2026/09/18 05:13:42.759, 3, 0, 427
2026/09/18 05:13:42.759, 4, 0, 427
2026/09/18 05:13:42.759, 5, 0, 427
2026/09/18 05:13:42.759, 6, 0, 427
2026/09/18 05:13:42.759, 7, 0, 427
2026/09/18 05:13:43.260, 0, 0, 77529
2026/09/18 05:13:43.260, 1, 0, 427
2026/09/18 05:13:43.260, 2, 0, 427
2026/09/18 05:13:43.260, 3, 0, 427
2026/09/18 05:13:43.260, 4, 0, 427
2026/09/18 05:13:43.260, 5, 0, 427
2026/09/18 05:13:43.260, 6, 0, 427
2026/09/18 05:13:43.260, 7, 0, 427
2026/09/18 05:13:43.760, 0, 0, 77529
2026/09/18 05:13:43.760, 1, 0, 427
2026/09/18 05:13:43.760, 2, 0, 427
2026/09/18 05:13:43.760, 3, 0, 427
2026/09/18 05:13:43.760, 4, 0, 427
2026/09/18 05:13:43.760, 5, 0, 427
2026/09/18 05:13:43.760, 6, 0, 427
2026/09/18 05:13:43.760, 7, 0, 427
2026/09/18 05:13:44.260, 0, 0, 77529
2026/09/18 05:13:44.260, 1, 0, 427
2026/09/18 05:13:44.260, 2, 0, 427
2026/09/18 05:13:44.260, 3, 0, 427
2026/09/18 05:13:44.260, 4, 0, 427
2026/09/18 05:13:44.260, 5, 0, 427
2026/09/18 05:13:44.261, 6, 0, 427
2026/09/18 05:13:44.261, 7, 0, 427
2026/09/18 05:13:44.761, 0, 0, 77529
2026/09/18 05:13:44.761, 1, 0, 427
2026/09/18 05:13:44.761, 2, 0, 427
2026/09/18 05:13:44.761, 3, 0, 427
2026/09/18 05:13:44.761, 4, 0, 427
2026/09/18 05:13:44.761, 5, 0, 427
2026/09/18 05:13:44.761, 6, 0, 427
2026/09/18 05:13:44.761, 7, 0, 427
2026/09/18 05:13:45.261, 0, 0, 77529
2026/09/18 05:13:45.261, 1, 0, 427
2026/09/18 05:13:45.261, 2, 0, 427
2026/09/18 05:13:45.261, 3, 0, 427
2026/09/18 05:13:45.261, 4, 0, 427
2026/09/18 05:13:45.261, 5, 0, 427
2026/09/18 05:13:45.261, 6, 0, 427
2026/09/18 05:13:45.261, 7, 0, 427
2026/09/18 05:13:45.761, 0, 0, 77529
2026/09/18 05:13:45.761, 1, 0, 427
2026/09/18 05:13:45.761, 2, 0, 427
2026/09/18 05:13:45.761, 3, 0, 427
2026/09/18 05:13:45.761, 4, 0, 427
2026/09/18 05:13:45.761, 5, 0, 427
2026/09/18 05:13:45.762, 6, 0, 427
2026/09/18 05:13:45.762, 7, 0, 427
2026/09/18 05:13:46.262, 0, 0, 77529
2026/09/18 05:13:46.262, 1, 0, 427
2026/09/18 05:13:46.262, 2, 0, 427
2026/09/18 05:13:46.262, 3, 0, 427
2026/09/18 05:13:46.262, 4, 0, 427
2026/09/18 05:13:46.262, 5, 0, 427
2026/09/18 05:13:46.262, 6, 0, 427
2026/09/18 05:13:46.262, 7, 0, 427
2026/09/18 05:13:46.762, 0, 0, 77529
2026/09/18 05:13:46.762, 1, 0, 427
2026/09/18 05:13:46.762, 2, 0, 427
2026/09/18 05:13:46.762, 3, 0, 427
2026/09/18 05:13:46.762, 4, 0, 427
2026/09/18 05:13:46.762, 5, 0, 427
2026/09/18 05:13:46.763, 6, 0, 427
2026/09/18 05:13:46.763, 7, 0, 427
2026/09/18 05:13:47.263, 0, 0, 77529
2026/09/18 05:13:47.263, 1, 0, 427
2026/09/18 05:13:47.263, 2, 0, 427
2026/09/18 05:13:47.263, 3, 0, 427
2026/09/18 05:13:47.264, 4, 0, 427
2026/09/18 05:13:47.264, 5, 0, 427
2026/09/18 05:13:47.264, 6, 0, 427
2026/09/18 05:13:47.264, 7, 0, 427
2026/09/18 05:13:47.764, 0, 0, 77529
2026/09/18 05:13:47.764, 1, 0, 427
2026/09/18 05:13:47.764, 2, 0, 427
2026/09/18 05:13:47.764, 3, 0, 427
2026/09/18 05:13:47.764, 4, 0, 427
2026/09/18 05:13:47.764, 5, 0, 427
2026/09/18 05:13:47.764, 6, 0, 427
2026/09/18 05:13:47.764, 7, 0, 427
2026/09/18 05:13:48.264, 0, 0, 77529
2026/09/18 05:13:48.264, 1, 0, 427
2026/09/18 05:13:48.264, 2, 0, 427
2026/09/18 05:13:48.264, 3, 0, 427
2026/09/18 05:13:48.264, 4, 0, 427
2026/09/18 05:13:48.264, 5, 0, 427
2026/09/18 05:13:48.264, 6, 0, 427
2026/09/18 05:13:48.264, 7, 0, 427
2026/09/18 05:13:48.764, 0, 0, 77529
2026/09/18 05:13:48.764, 1, 0, 427
2026/09/18 05:13:48.765, 2, 0, 427
2026/09/18 05:13:48.765, 3, 0, 427
2026/09/18 05:13:48.765, 4, 0, 427
2026/09/18 05:13:48.765, 5, 0, 427
2026/09/18 05:13:48.765, 6, 0, 427
2026/09/18 05:13:48.765, 7, 0, 427
2026/09/18 05:13:49.265, 0, 0, 77529
2026/09/18 05:13:49.265, 1, 0, 427
2026/09/18 05:13:49.265, 2, 0, 427
2026/09/18 05:13:49.266, 3, 0, 427
2026/09/18 05:13:49.266, 4, 0, 427
2026/09/18 05:13:49.266, 5, 0, 427
2026/09/18 05:13:49.266, 6, 0, 427
2026/09/18 05:13:49.266, 7, 0, 427
2026/09/18 05:13:49.766, 0, 0, 77529
2026/09/18 05:13:49.766, 1, 0, 427
2026/09/18 05:13:49.766, 2, 0, 427
2026/09/18 05:13:49.766, 3, 0, 427
2026/09/18 05:13:49.766, 4, 0, 427
2026/09/18 05:13:49.766, 5, 0, 427
2026/09/18 05:13:49.766, 6, 0, 427
2026/09/18 05:13:49.766, 7, 0, 427
2026/09/18 05:13:50.266, 0, 0, 77529
2026/09/18 05:13:50.266, 1, 0, 427
2026/09/18 05:13:50.266, 2, 0, 427
2026/09/18 05:13:50.266, 3, 0, 427
2026/09/18 05:13:50.266, 4, 0, 427
2026/09/18 05:13:50.266, 5, 0, 427
2026/09/18 05:13:50.266, 6, 0, 427
2026/09/18 05:13:50.266, 7, 0, 427
2026/09/18 05:13:50.766, 0, 0, 77529
2026/09/18 05:13:50.766, 1, 0, 427
2026/09/18 05:13:50.766, 2, 0, 427
2026/09/18 05:13:50.767, 3, 0, 427
2026/09/18 05:13:50.767, 4, 0, 427
2026/09/18 05:13:50.767, 5, 0, 427
2026/09/18 05:13:50.767, 6, 0, 427
2026/09/18 05:13:50.767, 7, 0, 427
2026/09/18 05:13:51.267, 0, 0, 77529
2026/09/18 05:13:51.267, 1, 0, 427
2026/09/18 05:13:51.267, 2, 0, 427
2026/09/18 05:13:51.267, 3, 0, 427
2026/09/18 05:13:51.267, 4, 0, 427
2026/09/18 05:13:51.267, 5, 0, 427
2026/09/18 05:13:51.267, 6, 0, 427
2026/09/18 05:13:51.267, 7, 0, 427
2026/09/18 05:13:51.767, 0, 0, 77529
2026/09/18 05:13:51.767, 1, 0, 427
2026/09/18 05:13:51.767, 2, 0, 427
2026/09/18 05:13:51.767, 3, 0, 427
2026/09/18 05:13:51.767, 4, 0, 427
2026/09/18 05:13:51.767, 5, 0, 427
2026/09/18 05:13:51.767, 6, 0, 427
2026/09/18 05:13:51.767, 7, 0, 427
2026/09/18 05:13:52.267, 0, 0, 77529
2026/09/18 05:13:52.268, 1, 0, 427
2026/09/18 05:13:52.268, 2, 0, 427
2026/09/18 05:13:52.269, 3, 0, 427
2026/09/18 05:13:52.269, 4, 0, 427
2026/09/18 05:13:52.269, 5, 0, 427
2026/09/18 05:13:52.269, 6, 0, 427
2026/09/18 05:13:52.269, 7, 0, 427
2026/09/18 05:13:52.769, 0, 0, 77529
2026/09/18 05:13:52.769, 1, 0, 427
2026/09/18 05:13:52.769, 2, 0, 427
2026/09/18 05:13:52.769, 3, 0, 427
2026/09/18 05:13:52.769, 4, 0, 427
2026/09/18 05:13:52.769, 5, 0, 427
2026/09/18 05:13:52.769, 6, 0, 427
2026/09/18 05:13:52.770, 7, 0, 427
2026/09/18 05:13:53.270, 0, 0, 77529
2026/09/18 05:13:53.270, 1, 0, 427
2026/09/18 05:13:53.270, 2, 0, 427
2026/09/18 05:13:53.271, 3, 0, 427
2026/09/18 05:13:53.271, 4, 0, 427
2026/09/18 05:13:53.272, 5, 0, 427
2026/09/18 05:13:53.272, 6, 0, 427
2026/09/18 05:13:53.273, 7, 0, 427
2026/09/18 05:13:53.773, 0, 0, 77529
2026/09/18 05:13:53.773, 1, 0, 427
2026/09/18 05:13:53.773, 2, 0, 427
2026/09/18 05:13:53.773, 3, 0, 427
2026/09/18 05:13:53.773, 4, 0, 427
2026/09/18 05:13:53.773, 5, 0, 427
2026/09/18 05:13:53.773, 6, 0, 427
2026/09/18 05:13:53.773, 7, 0, 427
2026/09/18 05:13:54.273, 0, 0, 77529
2026/09/18 05:13:54.274, 1, 0, 427
2026/09/18 05:13:54.274, 2, 0, 427
2026/09/18 05:13:54.274, 3, 0, 427
2026/09/18 05:13:54.274, 4, 0, 427
2026/09/18 05:13:54.274, 5, 0, 427
2026/09/18 05:13:54.274, 6, 0, 427
2026/09/18 05:13:54.274, 7, 0, 427
2026/09/18 05:13:54.774, 0, 0, 77529
2026/09/18 05:13:54.774, 1, 0, 427
2026/09/18 05:13:54.774, 2, 0, 427
2026/09/18 05:13:54.774, 3, 0, 427
2026/09/18 05:13:54.774, 4, 0, 427
2026/09/18 05:13:54.774, 5, 0, 427
2026/09/18 05:13:54.774, 6, 0, 427
2026/09/18 05:13:54.774, 7, 0, 427
2026/09/18 05:13:55.274, 0, 0, 77529
2026/09/18 05:13:55.274, 1, 0, 427
2026/09/18 05:13:55.274, 2, 0, 427
2026/09/18 05:13:55.274, 3, 0, 427
2026/09/18 05:13:55.274, 4, 0, 427
2026/09/18 05:13:55.274, 5, 0, 427
2026/09/18 05:13:55.274, 6, 0, 427
2026/09/18 05:13:55.274, 7, 0, 427
2026/09/18 05:13:55.775, 0, 0, 77529
2026/09/18 05:13:55.775, 1, 0, 427
2026/09/18 05:13:55.775, 2, 0, 427
2026/09/18 05:13:55.775, 3, 0, 427
2026/09/18 05:13:55.775, 4, 0, 427
2026/09/18 05:13:55.775, 5, 0, 427
2026/09/18 05:13:55.775, 6, 0, 427
2026/09/18 05:13:55.775, 7, 0, 427
2026/09/18 05:13:56.275, 0, 0, 77529
2026/09/18 05:13:56.275, 1, 0, 427
2026/09/18 05:13:56.275, 2, 0, 427
2026/09/18 05:13:56.275, 3, 0, 427
2026/09/18 05:13:56.275, 4, 0, 427
2026/09/18 05:13:56.275, 5, 0, 427
2026/09/18 05:13:56.275, 6, 0, 427
2026/09/18 05:13:56.275, 7, 0, 427
2026/09/18 05:13:56.775, 0, 0, 77529
2026/09/18 05:13:56.775, 1, 0, 427
2026/09/18 05:13:56.775, 2, 0, 427
2026/09/18 05:13:56.775, 3, 0, 427
2026/09/18 05:13:56.775, 4, 0, 427
2026/09/18 05:13:56.775, 5, 0, 427
2026/09/18 05:13:56.775, 6, 0, 427
2026/09/18 05:13:56.776, 7, 0, 427
2026/09/18 05:13:57.276, 0, 0, 77529
2026/09/18 05:13:57.276, 1, 0, 427
2026/09/18 05:13:57.276, 2, 0, 427
2026/09/18 05:13:57.276, 3, 0, 427
2026/09/18 05:13:57.276, 4, 0, 427
2026/09/18 05:13:57.276, 5, 0, 427
2026/09/18 05:13:57.276, 6, 0, 427
2026/09/18 05:13:57.276, 7, 0, 427
2026/09/18 05:13:57.776, 0, 0, 77529
2026/09/18 05:13:57.776, 1, 0, 427
2026/09/18 05:13:57.776, 2, 0, 427
2026/09/18 05:13:57.776, 3, 0, 427
2026/09/18 05:13:57.776, 4, 0, 427
2026/09/18 05:13:57.776, 5, 0, 427
2026/09/18 05:13:57.776, 6, 0, 427
2026/09/18 05:13:57.776, 7, 0, 427
2026/09/18 05:13:58.276, 0, 0, 77529
2026/09/18 05:13:58.276, 1, 0, 427
2026/09/18 05:13:58.276, 2, 0, 427
2026/09/18 05:13:58.276, 3, 0, 427
2026/09/18 05:13:58.276, 4, 0, 427
2026/09/18 05:13:58.276, 5, 0, 427
2026/09/18 05:13:58.276, 6, 0, 427
2026/09/18 05:13:58.276, 7, 0, 427
2026/09/18 05:13:58.777, 0, 0, 77529
2026/09/18 05:13:58.777, 1, 0, 427
2026/09/18 05:13:58.777, 2, 0, 427
2026/09/18 05:13:58.777, 3, 0, 427
2026/09/18 05:13:58.777, 4, 0, 427
2026/09/18 05:13:58.777, 5, 0, 427
2026/09/18 05:13:58.777, 6, 0, 427
2026/09/18 05:13:58.777, 7, 0, 427
2026/09/18 05:13:59.277, 0, 0, 77529
2026/09/18 05:13:59.277, 1, 0, 427
2026/09/18 05:13:59.277, 2, 0, 427
2026/09/18 05:13:59.277, 3, 0, 427
2026/09/18 05:13:59.277, 4, 0, 427
2026/09/18 05:13:59.277, 5, 0, 427
2026/09/18 05:13:59.277, 6, 0, 427
2026/09/18 05:13:59.277, 7, 0, 427
2026/09/18 05:13:59.777, 0, 0, 77529
2026/09/18 05:13:59.777, 1, 0, 427
2026/09/18 05:13:59.777, 2, 0, 427
2026/09/18 05:13:59.777, 3, 0, 427
2026/09/18 05:13:59.777, 4, 0, 427
2026/09/18 05:13:59.777, 5, 0, 427
2026/09/18 05:13:59.777, 6, 0, 427
2026/09/18 05:13:59.777, 7, 0, 427
2026/09/18 05:14:00.278, 0, 0, 77529
2026/09/18 05:14:00.278, 1, 0, 427
2026/09/18 05:14:00.278, 2, 0, 427
2026/09/18 05:14:00.278, 3, 0, 427
2026/09/18 05:14:00.278, 4, 0, 427
2026/09/18 05:14:00.278, 5, 0, 427
2026/09/18 05:14:00.278, 6, 0, 427
2026/09/18 05:14:00.278, 7, 0, 427
2026/09/18 05:14:00.778, 0, 0, 77529
2026/09/18 05:14:00.778, 1, 0, 427
2026/09/18 05:14:00.778, 2, 0, 427
2026/09/18 05:14:00.778, 3, 0, 427
2026/09/18 05:14:00.778, 4, 0, 427
2026/09/18 05:14:00.778, 5, 0, 427
2026/09/18 05:14:00.778, 6, 0, 427
2026/09/18 05:14:00.778, 7, 0, 427
2026/09/18 05:14:01.279, 0, 0, 77529
2026/09/18 05:14:01.279, 1, 0, 427
2026/09/18 05:14:01.279, 2, 0, 427
2026/09/18 05:14:01.279, 3, 0, 427
2026/09/18 05:14:01.279, 4, 0, 427
2026/09/18 05:14:01.279, 5, 0, 427
2026/09/18 05:14:01.279, 6, 0, 427
2026/09/18 05:14:01.279, 7, 0, 427
2026/09/18 05:14:01.779, 0, 0, 77529
2026/09/18 05:14:01.779, 1, 0, 427
2026/09/18 05:14:01.779, 2, 0, 427
2026/09/18 05:14:01.779, 3, 0, 427
2026/09/18 05:14:01.779, 4, 0, 427
2026/09/18 05:14:01.780, 5, 0, 427
2026/09/18 05:14:01.780, 6, 0, 427
2026/09/18 05:14:01.780, 7, 0, 427
2026/09/18 05:14:02.280, 0, 0, 77529
2026/09/18 05:14:02.280, 1, 0, 427
2026/09/18 05:14:02.280, 2, 0, 427
2026/09/18 05:14:02.280, 3, 0, 427
2026/09/18 05:14:02.280, 4, 0, 427
2026/09/18 05:14:02.280, 5, 0, 427
2026/09/18 05:14:02.280, 6, 0, 427
2026/09/18 05:14:02.280, 7, 0, 427
2026/09/18 05:14:02.780, 0, 0, 77529
2026/09/18 05:14:02.780, 1, 0, 427
2026/09/18 05:14:02.780, 2, 0, 427
2026/09/18 05:14:02.780, 3, 0, 427
2026/09/18 05:14:02.780, 4, 0, 427
2026/09/18 05:14:02.780, 5, 0, 427
2026/09/18 05:14:02.780, 6, 0, 427
2026/09/18 05:14:02.780, 7, 0, 427
2026/09/18 05:14:03.280, 0, 0, 77529
2026/09/18 05:14:03.280, 1, 0, 427
2026/09/18 05:14:03.280, 2, 0, 427
2026/09/18 05:14:03.280, 3, 0, 427
2026/09/18 05:14:03.280, 4, 0, 427
2026/09/18 05:14:03.281, 5, 0, 427
2026/09/18 05:14:03.281, 6, 0, 427
2026/09/18 05:14:03.281, 7, 0, 427
2026/09/18 05:14:03.781, 0, 0, 77529
2026/09/18 05:14:03.781, 1, 0, 427
2026/09/18 05:14:03.781, 2, 0, 427
2026/09/18 05:14:03.781, 3, 0, 427
2026/09/18 05:14:03.781, 4, 0, 427
2026/09/18 05:14:03.781, 5, 0, 427
2026/09/18 05:14:03.781, 6, 0, 427
2026/09/18 05:14:03.781, 7, 0, 427
2026/09/18 05:14:04.281, 0, 0, 77529
2026/09/18 05:14:04.281, 1, 0, 427
2026/09/18 05:14:04.281, 2, 0, 427
2026/09/18 05:14:04.281, 3, 0, 427
2026/09/18 05:14:04.281, 4, 0, 427
2026/09/18 05:14:04.281, 5, 0, 427
2026/09/18 05:14:04.281, 6, 0, 427
2026/09/18 05:14:04.281, 7, 0, 427
2026/09/18 05:14:04.781, 0, 0, 77529
2026/09/18 05:14:04.782, 1, 0, 427
2026/09/18 05:14:04.782, 2, 0, 427
2026/09/18 05:14:04.782, 3, 0, 427
2026/09/18 05:14:04.782, 4, 0, 427
2026/09/18 05:14:04.782, 5, 0, 427
2026/09/18 05:14:04.782, 6, 0, 427
2026/09/18 05:14:04.782, 7, 0, 427
2026/09/18 05:14:05.282, 0, 0, 77529
2026/09/18 05:14:05.282, 1, 0, 427
2026/09/18 05:14:05.282, 2, 0, 427
2026/09/18 05:14:05.282, 3, 0, 427
2026/09/18 05:14:05.282, 4, 0, 427
2026/09/18 05:14:05.282, 5, 0, 427
2026/09/18 05:14:05.282, 6, 0, 427
2026/09/18 05:14:05.282, 7, 0, 427
2026/09/18 05:14:05.783, 0, 0, 77529
2026/09/18 05:14:05.783, 1, 0, 427
2026/09/18 05:14:05.783, 2, 0, 427
2026/09/18 05:14:05.784, 3, 0, 427
2026/09/18 05:14:05.784, 4, 0, 427
2026/09/18 05:14:05.785, 5, 0, 427
2026/09/18 05:14:05.785, 6, 0, 427
2026/09/18 05:14:05.786, 7, 0, 427
2026/09/18 05:14:06.286, 0, 0, 77529
2026/09/18 05:14:06.286, 1, 0, 427
2026/09/18 05:14:06.286, 2, 0, 427
2026/09/18 05:14:06.286, 3, 0, 427
2026/09/18 05:14:06.286, 4, 0, 427
2026/09/18 05:14:06.286, 5, 0, 427
2026/09/18 05:14:06.286, 6, 0, 427
2026/09/18 05:14:06.286, 7, 0, 427
2026/09/18 05:14:06.787, 0, 0, 77529
2026/09/18 05:14:06.787, 1, 0, 427
2026/09/18 05:14:06.787, 2, 0, 427
2026/09/18 05:14:06.787, 3, 0, 427
2026/09/18 05:14:06.787, 4, 0, 427
2026/09/18 05:14:06.787, 5, 0, 427
2026/09/18 05:14:06.787, 6, 0, 427
2026/09/18 05:14:06.787, 7, 0, 427
2026/09/18 05:14:07.287, 0, 0, 77529
2026/09/18 05:14:07.287, 1, 0, 427
2026/09/18 05:14:07.287, 2, 0, 427
2026/09/18 05:14:07.287, 3, 0, 427
2026/09/18 05:14:07.288, 4, 0, 427
2026/09/18 05:14:07.288, 5, 0, 427
2026/09/18 05:14:07.288, 6, 0, 427
2026/09/18 05:14:07.288, 7, 0, 427
2026/09/18 05:14:07.788, 0, 0, 77529
2026/09/18 05:14:07.788, 1, 0, 427
2026/09/18 05:14:07.788, 2, 0, 427
2026/09/18 05:14:07.788, 3, 0, 427
2026/09/18 05:14:07.788, 4, 0, 427
2026/09/18 05:14:07.788, 5, 0, 427
2026/09/18 05:14:07.788, 6, 0, 427
2026/09/18 05:14:07.788, 7, 0, 427
2026/09/18 05:14:08.288, 0, 0, 77529
2026/09/18 05:14:08.288, 1, 0, 427
2026/09/18 05:14:08.288, 2, 0, 427
2026/09/18 05:14:08.288, 3, 0, 427
2026/09/18 05:14:08.288, 4, 0, 427
2026/09/18 05:14:08.288, 5, 0, 427
2026/09/18 05:14:08.288, 6, 0, 427
2026/09/18 05:14:08.288, 7, 0, 427
2026/09/18 05:14:08.788, 0, 0, 77529
2026/09/18 05:14:08.789, 1, 0, 427
2026/09/18 05:14:08.789, 2, 0, 427
2026/09/18 05:14:08.789, 3, 0, 427
2026/09/18 05:14:08.789, 4, 0, 427
2026/09/18 05:14:08.789, 5, 0, 427
2026/09/18 05:14:08.789, 6, 0, 427
2026/09/18 05:14:08.789, 7, 0, 427
2026/09/18 05:14:09.289, 0, 0, 77529
2026/09/18 05:14:09.289, 1, 0, 427
2026/09/18 05:14:09.289, 2, 0, 427
2026/09/18 05:14:09.289, 3, 0, 427
2026/09/18 05:14:09.289, 4, 0, 427
2026/09/18 05:14:09.289, 5, 0, 427
2026/09/18 05:14:09.289, 6, 0, 427
2026/09/18 05:14:09.289, 7, 0, 427
2026/09/18 05:14:09.789, 0, 0, 77529
2026/09/18 05:14:09.790, 1, 0, 427
2026/09/18 05:14:09.790, 2, 0, 427
2026/09/18 05:14:09.790, 3, 0, 427
2026/09/18 05:14:09.790, 4, 0, 427
2026/09/18 05:14:09.790, 5, 0, 427
2026/09/18 05:14:09.790, 6, 0, 427
2026/09/18 05:14:09.790, 7, 0, 427
2026/09/18 05:14:10.290, 0, 0, 77529
2026/09/18 05:14:10.290, 1, 0, 427
2026/09/18 05:14:10.290, 2, 0, 427
2026/09/18 05:14:10.290, 3, 0, 427
2026/09/18 05:14:10.290, 4, 0, 427
2026/09/18 05:14:10.290, 5, 0, 427
2026/09/18 05:14:10.290, 6, 0, 427
2026/09/18 05:14:10.290, 7, 0, 427
2026/09/18 05:14:10.790, 0, 0, 77529
2026/09/18 05:14:10.791, 1, 0, 427
2026/09/18 05:14:10.791, 2, 0, 427
2026/09/18 05:14:10.791, 3, 0, 427
2026/09/18 05:14:10.791, 4, 0, 427
2026/09/18 05:14:10.791, 5, 0, 427
2026/09/18 05:14:10.791, 6, 0, 427
2026/09/18 05:14:10.792, 7, 0, 427
2026/09/18 05:14:11.292, 0, 0, 77529
2026/09/18 05:14:11.292, 1, 0, 427
2026/09/18 05:14:11.292, 2, 0, 427
2026/09/18 05:14:11.292, 3, 0, 427
2026/09/18 05:14:11.292, 4, 0, 427
2026/09/18 05:14:11.292, 5, 0, 427
2026/09/18 05:14:11.292, 6, 0, 427
2026/09/18 05:14:11.292, 7, 0, 427
2026/09/18 05:14:11.792, 0, 0, 77529
2026/09/18 05:14:11.792, 1, 0, 427
2026/09/18 05:14:11.792, 2, 0, 427
2026/09/18 05:14:11.792, 3, 0, 427
2026/09/18 05:14:11.792, 4, 0, 427
2026/09/18 05:14:11.792, 5, 0, 427
2026/09/18 05:14:11.792, 6, 0, 427
2026/09/18 05:14:11.792, 7, 0, 427
2026/09/18 05:14:12.293, 0, 0, 77529
2026/09/18 05:14:12.293, 1, 0, 427
2026/09/18 05:14:12.293, 2, 0, 427
2026/09/18 05:14:12.293, 3, 0, 427
2026/09/18 05:14:12.293, 4, 0, 427
2026/09/18 05:14:12.293, 5, 0, 427
2026/09/18 05:14:12.293, 6, 0, 427
2026/09/18 05:14:12.293, 7, 0, 427
2026/09/18 05:14:12.793, 0, 0, 77529
2026/09/18 05:14:12.793, 1, 0, 427
2026/09/18 05:14:12.793, 2, 0, 427
2026/09/18 05:14:12.793, 3, 0, 427
2026/09/18 05:14:12.793, 4, 0, 427
2026/09/18 05:14:12.793, 5, 0, 427
2026/09/18 05:14:12.793, 6, 0, 427
2026/09/18 05:14:12.793, 7, 0, 427
2026/09/18 05:14:13.293, 0, 0, 77529
2026/09/18 05:14:13.293, 1, 0, 427
2026/09/18 05:14:13.293, 2, 0, 427
2026/09/18 05:14:13.293, 3, 0, 427
2026/09/18 05:14:13.293, 4, 0, 427
2026/09/18 05:14:13.294, 5, 0, 427
2026/09/18 05:14:13.294, 6, 0, 427
2026/09/18 05:14:13.294, 7, 0, 427
2026/09/18 05:14:13.794, 0, 0, 77529
2026/09/18 05:14:13.794, 1, 0, 427
2026/09/18 05:14:13.794, 2, 0, 427
2026/09/18 05:14:13.794, 3, 0, 427
2026/09/18 05:14:13.794, 4, 0, 427
2026/09/18 05:14:13.794, 5, 0, 427
2026/09/18 05:14:13.794, 6, 0, 427
2026/09/18 05:14:13.794, 7, 0, 427
2026/09/18 05:14:14.294, 0, 0, 77529
2026/09/18 05:14:14.294, 1, 0, 427
2026/09/18 05:14:14.294, 2, 0, 427
2026/09/18 05:14:14.294, 3, 0, 427
2026/09/18 05:14:14.294, 4, 0, 427
2026/09/18 05:14:14.294, 5, 0, 427
2026/09/18 05:14:14.294, 6, 0, 427
2026/09/18 05:14:14.294, 7, 0, 427
2026/09/18 05:14:14.794, 0, 0, 77529
2026/09/18 05:14:14.794, 1, 0, 427
2026/09/18 05:14:14.794, 2, 0, 427
2026/09/18 05:14:14.794, 3, 0, 427
2026/09/18 05:14:14.794, 4, 0, 427
2026/09/18 05:14:14.795, 5, 0, 427
2026/09/18 05:14:14.795, 6, 0, 427
2026/09/18 05:14:14.795, 7, 0, 427
2026/09/18 05:14:15.295, 0, 0, 77529
2026/09/18 05:14:15.295, 1, 0, 427
2026/09/18 05:14:15.295, 2, 0, 427
2026/09/18 05:14:15.295, 3, 0, 427
2026/09/18 05:14:15.295, 4, 0, 427
2026/09/18 05:14:15.295, 5, 0, 427
2026/09/18 05:14:15.295, 6, 0, 427
2026/09/18 05:14:15.295, 7, 0, 427
2026/09/18 05:14:15.795, 0, 0, 77529
2026/09/18 05:14:15.795, 1, 0, 427
2026/09/18 05:14:15.796, 2, 0, 427
2026/09/18 05:14:15.796, 3, 0, 427
2026/09/18 05:14:15.796, 4, 0, 427
2026/09/18 05:14:15.796, 5, 0, 427
2026/09/18 05:14:15.796, 6, 0, 427
2026/09/18 05:14:15.796, 7, 0, 427
2026/09/18 05:14:16.296, 0, 0, 77529
2026/09/18 05:14:16.296, 1, 0, 427
2026/09/18 05:14:16.296, 2, 0, 427
2026/09/18 05:14:16.296, 3, 0, 427
2026/09/18 05:14:16.296, 4, 0, 427
2026/09/18 05:14:16.296, 5, 0, 427
2026/09/18 05:14:16.296, 6, 0, 427
2026/09/18 05:14:16.296, 7, 0, 427
2026/09/18 05:14:16.796, 0, 0, 77529
2026/09/18 05:14:16.796, 1, 0, 427
2026/09/18 05:14:16.796, 2, 0, 427
2026/09/18 05:14:16.796, 3, 0, 427
2026/09/18 05:14:16.797, 4, 0, 427
2026/09/18 05:14:16.797, 5, 0, 427
2026/09/18 05:14:16.797, 6, 0, 427
2026/09/18 05:14:16.797, 7, 0, 427
2026/09/18 05:14:17.297, 0, 0, 77529
2026/09/18 05:14:17.297, 1, 0, 427
2026/09/18 05:14:17.297, 2, 0, 427
2026/09/18 05:14:17.297, 3, 0, 427
2026/09/18 05:14:17.297, 4, 0, 427
2026/09/18 05:14:17.297, 5, 0, 427
2026/09/18 05:14:17.297, 6, 0, 427
2026/09/18 05:14:17.297, 7, 0, 427
2026/09/18 05:14:17.797, 0, 0, 77529
2026/09/18 05:14:17.798, 1, 0, 427
2026/09/18 05:14:17.798, 2, 0, 427
2026/09/18 05:14:17.798, 3, 0, 427
2026/09/18 05:14:17.798, 4, 0, 427
2026/09/18 05:14:17.798, 5, 0, 427
2026/09/18 05:14:17.798, 6, 0, 427
2026/09/18 05:14:17.798, 7, 0, 427
2026/09/18 05:14:18.299, 0, 0, 77529
2026/09/18 05:14:18.299, 1, 0, 427
2026/09/18 05:14:18.299, 2, 0, 427
2026/09/18 05:14:18.299, 3, 0, 427
2026/09/18 05:14:18.299, 4, 0, 427
2026/09/18 05:14:18.299, 5, 0, 427
2026/09/18 05:14:18.299, 6, 0, 427
2026/09/18 05:14:18.299, 7, 0, 427
2026/09/18 05:14:18.799, 0, 0, 77529
2026/09/18 05:14:18.799, 1, 0, 427
2026/09/18 05:14:18.799, 2, 0, 427
2026/09/18 05:14:18.799, 3, 0, 427
2026/09/18 05:14:18.800, 4, 0, 427
2026/09/18 05:14:18.800, 5, 0, 427
2026/09/18 05:14:18.800, 6, 0, 427
2026/09/18 05:14:18.800, 7, 0, 427
2026/09/18 05:14:19.300, 0, 1, 77529
2026/09/18 05:14:19.300, 1, 0, 77523
2026/09/18 05:14:19.300, 2, 0, 427
2026/09/18 05:14:19.300, 3, 0, 427
2026/09/18 05:14:19.300, 4, 0, 427
2026/09/18 05:14:19.300, 5, 1, 427
2026/09/18 05:14:19.300, 6, 0, 427
2026/09/18 05:14:19.300, 7, 1, 427
2026/09/18 05:14:19.800, 0, 0, 77529
2026/09/18 05:14:19.800, 1, 0, 77523
2026/09/18 05:14:19.800, 2, 0, 427
2026/09/18 05:14:19.800, 3, 0, 427
2026/09/18 05:14:19.800, 4, 0, 427
2026/09/18 05:14:19.800, 5, 0, 427
2026/09/18 05:14:19.800, 6, 0, 427
2026/09/18 05:14:19.800, 7, 0, 427
2026/09/18 05:14:20.301, 0, 0, 77531
2026/09/18 05:14:20.301, 1, 0, 77527
2026/09/18 05:14:20.301, 2, 1, 77525
2026/09/18 05:14:20.301, 3, 0, 429
2026/09/18 05:14:20.301, 4, 0, 429
2026/09/18 05:14:20.301, 5, 0, 429
2026/09/18 05:14:20.301, 6, 0, 429
2026/09/18 05:14:20.301, 7, 0, 429
2026/09/18 05:14:20.801, 0, 0, 77531
2026/09/18 05:14:20.801, 1, 0, 77527
2026/09/18 05:14:20.801, 2, 0, 77525
2026/09/18 05:14:20.801, 3, 0, 429
2026/09/18 05:14:20.801, 4, 0, 429
2026/09/18 05:14:20.801, 5, 0, 429
2026/09/18 05:14:20.801, 6, 0, 429
2026/09/18 05:14:20.801, 7, 0, 429
2026/09/18 05:14:21.302, 0, 0, 77531
2026/09/18 05:14:21.302, 1, 0, 77527
2026/09/18 05:14:21.302, 2, 0, 77525
2026/09/18 05:14:21.302, 3, 0, 429
2026/09/18 05:14:21.302, 4, 0, 429
2026/09/18 05:14:21.302, 5, 0, 429
2026/09/18 05:14:21.302, 6, 0, 429
2026/09/18 05:14:21.302, 7, 0, 429
2026/09/18 05:14:21.802, 0, 1, 77531
2026/09/18 05:14:21.802, 1, 1, 77527
2026/09/18 05:14:21.802, 2, 1, 77527
2026/09/18 05:14:21.802, 3, 1, 77525
2026/09/18 05:14:21.802, 4, 0, 429
2026/09/18 05:14:21.802, 5, 1, 429
2026/09/18 05:14:21.802, 6, 1, 429
2026/09/18 05:14:21.802, 7, 1, 429
2026/09/18 05:14:22.302, 0, 0, 77531
2026/09/18 05:14:22.302, 1, 0, 77527
2026/09/18 05:14:22.302, 2, 0, 77527
2026/09/18 05:14:22.302, 3, 0, 77525
2026/09/18 05:14:22.302, 4, 0, 429
2026/09/18 05:14:22.302, 5, 0, 429
2026/09/18 05:14:22.302, 6, 0, 429
2026/09/18 05:14:22.302, 7, 0, 429
2026/09/18 05:14:22.802, 0, 0, 77531
2026/09/18 05:14:22.803, 1, 0, 77527
2026/09/18 05:14:22.803, 2, 0, 77527
2026/09/18 05:14:22.803, 3, 0, 77527
2026/09/18 05:14:22.803, 4, 0, 77525
2026/09/18 05:14:22.803, 5, 0, 429
2026/09/18 05:14:22.803, 6, 0, 429
2026/09/18 05:14:22.803, 7, 0, 429
2026/09/18 05:14:23.303, 0, 0, 77531
2026/09/18 05:14:23.303, 1, 0, 77527
2026/09/18 05:14:23.303, 2, 0, 77527
2026/09/18 05:14:23.303, 3, 0, 77527
2026/09/18 05:14:23.303, 4, 0, 77525
2026/09/18 05:14:23.303, 5, 0, 429
2026/09/18 05:14:23.303, 6, 0, 429
2026/09/18 05:14:23.303, 7, 1, 429
2026/09/18 05:14:23.803, 0, 0, 77531
2026/09/18 05:14:23.803, 1, 0, 77527
2026/09/18 05:14:23.803, 2, 0, 77527
2026/09/18 05:14:23.803, 3, 0, 77527
2026/09/18 05:14:23.803, 4, 0, 77525
2026/09/18 05:14:23.803, 5, 0, 429
2026/09/18 05:14:23.803, 6, 0, 429
2026/09/18 05:14:23.803, 7, 0, 429
2026/09/18 05:14:24.304, 0, 0, 77531
2026/09/18 05:14:24.304, 1, 1, 77527
2026/09/18 05:14:24.304, 2, 0, 77527
2026/09/18 05:14:24.304, 3, 1, 77527
2026/09/18 05:14:24.304, 4, 1, 77527
2026/09/18 05:14:24.304, 5, 0, 77525
2026/09/18 05:14:24.304, 6, 1, 429
2026/09/18 05:14:24.304, 7, 0, 429
2026/09/18 05:14:24.804, 0, 0, 77531
2026/09/18 05:14:24.804, 1, 0, 77527
2026/09/18 05:14:24.804, 2, 0, 77527
2026/09/18 05:14:24.804, 3, 0, 77527
2026/09/18 05:14:24.804, 4, 0, 77527
2026/09/18 05:14:24.804, 5, 0, 77525
2026/09/18 05:14:24.804, 6, 0, 429
2026/09/18 05:14:24.804, 7, 0, 429
2026/09/18 05:14:25.304, 0, 0, 77531
2026/09/18 05:14:25.304, 1, 0, 77527
2026/09/18 05:14:25.304, 2, 0, 77527
2026/09/18 05:14:25.304, 3, 0, 77527
2026/09/18 05:14:25.304, 4, 0, 77527
2026/09/18 05:14:25.304, 5, 0, 77525
2026/09/18 05:14:25.304, 6, 0, 429
2026/09/18 05:14:25.305, 7, 0, 429
2026/09/18 05:14:25.805, 0, 0, 77533
2026/09/18 05:14:25.805, 1, 0, 77529
2026/09/18 05:14:25.805, 2, 1, 77529
2026/09/18 05:14:25.805, 3, 0, 77529
2026/09/18 05:14:25.805, 4, 1, 77529
2026/09/18 05:14:25.805, 5, 0, 77529
2026/09/18 05:14:25.805, 6, 1, 77527
2026/09/18 05:14:25.805, 7, 0, 431
2026/09/18 05:14:26.305, 0, 0, 77533
2026/09/18 05:14:26.305, 1, 0, 77529
2026/09/18 05:14:26.305, 2, 0, 77529
2026/09/18 05:14:26.305, 3, 0, 77529
2026/09/18 05:14:26.305, 4, 0, 77529
2026/09/18 05:14:26.305, 5, 0, 77529
2026/09/18 05:14:26.305, 6, 0, 77527
2026/09/18 05:14:26.305, 7, 0, 431
2026/09/18 05:14:26.805, 0, 1, 77533
2026/09/18 05:14:26.805, 1, 0, 77529
2026/09/18 05:14:26.805, 2, 0, 77529
2026/09/18 05:14:26.805, 3, 0, 77529
2026/09/18 05:14:26.806, 4, 0, 77529
2026/09/18 05:14:26.806, 5, 1, 77529
2026/09/18 05:14:26.806, 6, 0, 77529
2026/09/18 05:14:26.806, 7, 0, 77527
2026/09/18 05:14:27.306, 0, 0, 77533
2026/09/18 05:14:27.306, 1, 0, 77529
2026/09/18 05:14:27.306, 2, 0, 77529
2026/09/18 05:14:27.306, 3, 0, 77529
2026/09/18 05:14:27.306, 4, 0, 77529
2026/09/18 05:14:27.306, 5, 0, 77529
2026/09/18 05:14:27.306, 6, 0, 77529
2026/09/18 05:14:27.306, 7, 0, 77527
2026/09/18 05:14:27.806, 0, 0, 77533
2026/09/18 05:14:27.806, 1, 0, 77529
2026/09/18 05:14:27.806, 2, 0, 77529
2026/09/18 05:14:27.806, 3, 0, 77529
2026/09/18 05:14:27.806, 4, 0, 77529
2026/09/18 05:14:27.806, 5, 0, 77529
2026/09/18 05:14:27.806, 6, 0, 77529
2026/09/18 05:14:27.806, 7, 0, 77527
2026/09/18 05:14:28.306, 0, 3, 77535
2026/09/18 05:14:28.306, 1, 2, 77531
2026/09/18 05:14:28.306, 2, 2, 77531
2026/09/18 05:14:28.306, 3, 3, 77531
2026/09/18 05:14:28.306, 4, 3, 77531
2026/09/18 05:14:28.307, 5, 3, 77531
2026/09/18 05:14:28.307, 6, 5, 77531
2026/09/18 05:14:28.307, 7, 1, 77531
2026/09/18 05:14:28.807, 0, 11, 77655
2026/09/18 05:14:28.807, 1, 0, 77651
2026/09/18 05:14:28.807, 2, 0, 77531
2026/09/18 05:14:28.807, 3, 0, 77531
2026/09/18 05:14:28.807, 4, 0, 77531
2026/09/18 05:14:28.807, 5, 0, 77563
2026/09/18 05:14:28.807, 6, 0, 77531
2026/09/18 05:14:28.807, 7, 1, 77651
2026/09/18 05:14:29.307, 0, 0, 77655
2026/09/18 05:14:29.307, 1, 0, 77651
2026/09/18 05:14:29.307, 2, 11, 77651
2026/09/18 05:14:29.307, 3, 0, 77651
2026/09/18 05:14:29.307, 4, 11, 77651
2026/09/18 05:14:29.307, 5, 0, 77651
2026/09/18 05:14:29.307, 6, 11, 77651
2026/09/18 05:14:29.307, 7, 0, 77651
2026/09/18 05:14:29.807, 0, 1, 78185
2026/09/18 05:14:29.807, 1, 1, 78181
2026/09/18 05:14:29.807, 2, 0, 78181
2026/09/18 05:14:29.807, 3, 1, 78181
2026/09/18 05:14:29.807, 4, 0, 78181
2026/09/18 05:14:29.807, 5, 1, 78181
2026/09/18 05:14:29.807, 6, 7, 78181
2026/09/18 05:14:29.807, 7, 1, 78181
2026/09/18 05:14:30.308, 0, 0, 78185
2026/09/18 05:14:30.308, 1, 0, 78181
2026/09/18 05:14:30.308, 2, 0, 78181
2026/09/18 05:14:30.308, 3, 0, 78181
2026/09/18 05:14:30.308, 4, 0, 78181
2026/09/18 05:14:30.308, 5, 0, 78181
2026/09/18 05:14:30.308, 6, 0, 78181
2026/09/18 05:14:30.308, 7, 0, 78181
2026/09/18 05:14:30.808, 0, 0, 78185
2026/09/18 05:14:30.808, 1, 0, 78181
2026/09/18 05:14:30.808, 2, 0, 78181
2026/09/18 05:14:30.808, 3, 0, 78181
2026/09/18 05:14:30.808, 4, 0, 78181
2026/09/18 05:14:30.808, 5, 0, 78181
2026/09/18 05:14:30.808, 6, 0, 78181
2026/09/18 05:14:30.808, 7, 0, 78181
2026/09/18 05:14:31.308, 0, 0, 78185
2026/09/18 05:14:31.308, 1, 0, 78181
2026/09/18 05:14:31.308, 2, 0, 78181
2026/09/18 05:14:31.309, 3, 0, 78181
2026/09/18 05:14:31.309, 4, 0, 78181
2026/09/18 05:14:31.309, 5, 0, 78181
2026/09/18 05:14:31.309, 6, 0, 78181
2026/09/18 05:14:31.309, 7, 0, 78181
2026/09/18 05:14:31.809, 0, 0, 78185
2026/09/18 05:14:31.809, 1, 0, 78181
2026/09/18 05:14:31.810, 2, 0, 78181
2026/09/18 05:14:31.810, 3, 0, 78181
2026/09/18 05:14:31.810, 4, 0, 78181
2026/09/18 05:14:31.810, 5, 0, 78181
2026/09/18 05:14:31.811, 6, 0, 78181
2026/09/18 05:14:31.811, 7, 0, 78181
2026/09/18 05:14:32.312, 0, 0, 78185
2026/09/18 05:14:32.312, 1, 0, 78181
2026/09/18 05:14:32.312, 2, 0, 78181
2026/09/18 05:14:32.312, 3, 0, 78181
2026/09/18 05:14:32.312, 4, 0, 78181
2026/09/18 05:14:32.312, 5, 0, 78181
2026/09/18 05:14:32.312, 6, 0, 78181
2026/09/18 05:14:32.312, 7, 0, 78181
2026/09/18 05:14:32.812, 0, 0, 78185
2026/09/18 05:14:32.813, 1, 0, 78181
2026/09/18 05:14:32.813, 2, 0, 78181
2026/09/18 05:14:32.813, 3, 0, 78181
2026/09/18 05:14:32.813, 4, 0, 78181
2026/09/18 05:14:32.813, 5, 0, 78181
2026/09/18 05:14:32.813, 6, 0, 78181
2026/09/18 05:14:32.813, 7, 0, 78181
2026/09/18 05:14:33.313, 0, 0, 78185
2026/09/18 05:14:33.313, 1, 0, 78181
2026/09/18 05:14:33.313, 2, 0, 78181
2026/09/18 05:14:33.313, 3, 0, 78181
2026/09/18 05:14:33.313, 4, 0, 78181
2026/09/18 05:14:33.313, 5, 0, 78181
2026/09/18 05:14:33.313, 6, 0, 78181
2026/09/18 05:14:33.313, 7, 0, 78181
2026/09/18 05:14:33.813, 0, 0, 78185
2026/09/18 05:14:33.814, 1, 0, 78181
2026/09/18 05:14:33.814, 2, 0, 78181
2026/09/18 05:14:33.815, 3, 0, 78181
2026/09/18 05:14:33.815, 4, 0, 78181
2026/09/18 05:14:33.816, 5, 0, 78181
2026/09/18 05:14:33.817, 6, 0, 78181
2026/09/18 05:14:33.817, 7, 0, 78181
2026/09/18 05:14:34.318, 0, 0, 78185
2026/09/18 05:14:34.318, 1, 0, 78181
2026/09/18 05:14:34.318, 2, 0, 78181
2026/09/18 05:14:34.318, 3, 0, 78181
2026/09/18 05:14:34.318, 4, 0, 78181
2026/09/18 05:14:34.318, 5, 0, 78181
2026/09/18 05:14:34.318, 6, 0, 78181
2026/09/18 05:14:34.318, 7, 0, 78181
2026/09/18 05:14:34.818, 0, 0, 78185
2026/09/18 05:14:34.818, 1, 0, 78181
2026/09/18 05:14:34.818, 2, 0, 78181
2026/09/18 05:14:34.818, 3, 0, 78181
2026/09/18 05:14:34.818, 4, 0, 78181
2026/09/18 05:14:34.818, 5, 0, 78181
2026/09/18 05:14:34.818, 6, 0, 78181
2026/09/18 05:14:34.818, 7, 0, 78181
2026/09/18 05:14:35.319, 0, 0, 78185
2026/09/18 05:14:35.319, 1, 0, 78181
2026/09/18 05:14:35.319, 2, 0, 78181
2026/09/18 05:14:35.319, 3, 0, 78181
2026/09/18 05:14:35.319, 4, 0, 78181
2026/09/18 05:14:35.319, 5, 0, 78181
2026/09/18 05:14:35.319, 6, 0, 78181
2026/09/18 05:14:35.319, 7, 0, 78181
2026/09/18 05:14:35.819, 0, 0, 78185
2026/09/18 05:14:35.819, 1, 0, 78181
2026/09/18 05:14:35.819, 2, 0, 78181
2026/09/18 05:14:35.819, 3, 0, 78181
2026/09/18 05:14:35.819, 4, 0, 78181
2026/09/18 05:14:35.819, 5, 0, 78181
2026/09/18 05:14:35.819, 6, 0, 78181
2026/09/18 05:14:35.819, 7, 0, 78181
2026/09/18 05:14:36.319, 0, 0, 78185
2026/09/18 05:14:36.319, 1, 0, 78181
2026/09/18 05:14:36.319, 2, 0, 78181
2026/09/18 05:14:36.319, 3, 0, 78181
2026/09/18 05:14:36.319, 4, 0, 78181
2026/09/18 05:14:36.319, 5, 0, 78181
2026/09/18 05:14:36.319, 6, 0, 78181
2026/09/18 05:14:36.319, 7, 0, 78181
2026/09/18 05:14:36.820, 0, 0, 78185
2026/09/18 05:14:36.820, 1, 0, 78181
2026/09/18 05:14:36.820, 2, 0, 78181
2026/09/18 05:14:36.820, 3, 0, 78181
2026/09/18 05:14:36.821, 4, 0, 78181
2026/09/18 05:14:36.821, 5, 0, 78181
2026/09/18 05:14:36.821, 6, 0, 78181
2026/09/18 05:14:36.821, 7, 0, 78181
2026/09/18 05:14:37.321, 0, 0, 78185
2026/09/18 05:14:37.321, 1, 0, 78181
2026/09/18 05:14:37.321, 2, 0, 78181
2026/09/18 05:14:37.322, 3, 0, 78181
2026/09/18 05:14:37.322, 4, 0, 78181
2026/09/18 05:14:37.322, 5, 0, 78181
2026/09/18 05:14:37.322, 6, 0, 78181
2026/09/18 05:14:37.322, 7, 0, 78181
2026/09/18 05:14:37.822, 0, 0, 78185
2026/09/18 05:14:37.822, 1, 0, 78181
2026/09/18 05:14:37.822, 2, 0, 78181
2026/09/18 05:14:37.822, 3, 0, 78181
2026/09/18 05:14:37.822, 4, 0, 78181
2026/09/18 05:14:37.822, 5, 0, 78181
2026/09/18 05:14:37.822, 6, 0, 78181
2026/09/18 05:14:37.822, 7, 0, 78181
2026/09/18 05:14:38.322, 0, 0, 78185
2026/09/18 05:14:38.322, 1, 0, 78181
2026/09/18 05:14:38.322, 2, 0, 78181
2026/09/18 05:14:38.322, 3, 0, 78181
2026/09/18 05:14:38.322, 4, 0, 78181
2026/09/18 05:14:38.322, 5, 0, 78181
2026/09/18 05:14:38.322, 6, 0, 78181
2026/09/18 05:14:38.322, 7, 0, 78181
2026/09/18 05:14:38.823, 0, 0, 78185
2026/09/18 05:14:38.823, 1, 0, 78181
2026/09/18 05:14:38.823, 2, 0, 78181
2026/09/18 05:14:38.823, 3, 0, 78181
2026/09/18 05:14:38.823, 4, 0, 78181
2026/09/18 05:14:38.823, 5, 0, 78181
2026/09/18 05:14:38.823, 6, 0, 78181
2026/09/18 05:14:38.823, 7, 0, 78181
2026/09/18 05:14:39.323, 0, 0, 78185
2026/09/18 05:14:39.323, 1, 0, 78181
2026/09/18 05:14:39.323, 2, 0, 78181
2026/09/18 05:14:39.323, 3, 0, 78181
2026/09/18 05:14:39.323, 4, 0, 78181
2026/09/18 05:14:39.323, 5, 0, 78181
2026/09/18 05:14:39.323, 6, 0, 78181
2026/09/18 05:14:39.323, 7, 0, 78181
2026/09/18 05:14:39.823, 0, 0, 78185
2026/09/18 05:14:39.823, 1, 0, 78181
2026/09/18 05:14:39.824, 2, 0, 78181
2026/09/18 05:14:39.824, 3, 0, 78181
2026/09/18 05:14:39.824, 4, 0, 78181
2026/09/18 05:14:39.824, 5, 0, 78181
2026/09/18 05:14:39.824, 6, 0, 78181
2026/09/18 05:14:39.824, 7, 0, 78181
2026/09/18 05:14:40.324, 0, 0, 78185
2026/09/18 05:14:40.325, 1, 0, 78181
2026/09/18 05:14:40.325, 2, 0, 78181
2026/09/18 05:14:40.325, 3, 0, 78181
2026/09/18 05:14:40.325, 4, 0, 78181
2026/09/18 05:14:40.325, 5, 0, 78181
2026/09/18 05:14:40.325, 6, 0, 78181
2026/09/18 05:14:40.325, 7, 0, 78181
2026/09/18 05:14:40.825, 0, 0, 78185
2026/09/18 05:14:40.825, 1, 0, 78181
2026/09/18 05:14:40.825, 2, 0, 78181
2026/09/18 05:14:40.825, 3, 0, 78181
2026/09/18 05:14:40.825, 4, 0, 78181
2026/09/18 05:14:40.825, 5, 0, 78181
2026/09/18 05:14:40.825, 6, 0, 78181
2026/09/18 05:14:40.825, 7, 0, 78181
2026/09/18 05:14:41.326, 0, 0, 78185
2026/09/18 05:14:41.326, 1, 0, 78181
2026/09/18 05:14:41.326, 2, 0, 78181
2026/09/18 05:14:41.326, 3, 0, 78181
2026/09/18 05:14:41.326, 4, 0, 78181
2026/09/18 05:14:41.326, 5, 0, 78181
2026/09/18 05:14:41.326, 6, 0, 78181
2026/09/18 05:14:41.326, 7, 0, 78181
2026/09/18 05:14:41.826, 0, 13, 78185
2026/09/18 05:14:41.826, 1, 0, 78181
2026/09/18 05:14:41.827, 2, 0, 78181
2026/09/18 05:14:41.827, 3, 0, 78181
2026/09/18 05:14:41.827, 4, 0, 78181
2026/09/18 05:14:41.827, 5, 0, 78181
2026/09/18 05:14:41.827, 6, 0, 78181
2026/09/18 05:14:41.827, 7, 0, 78181
2026/09/18 05:14:42.327, 0, 2, 78187
2026/09/18 05:14:42.327, 1, 0, 78183
2026/09/18 05:14:42.327, 2, 0, 78183
2026/09/18 05:14:42.327, 3, 8, 78183
2026/09/18 05:14:42.327, 4, 2, 78183
2026/09/18 05:14:42.327, 5, 0, 78183
2026/09/18 05:14:42.327, 6, 0, 78183
2026/09/18 05:14:42.327, 7, 0, 78183
2026/09/18 05:14:42.827, 0, 0, 78187
2026/09/18 05:14:42.827, 1, 12, 78183
2026/09/18 05:14:42.827, 2, 8, 78183
2026/09/18 05:14:42.827, 3, 0, 78183
2026/09/18 05:14:42.827, 4, 3, 78183
2026/09/18 05:14:42.827, 5, 0, 78183
2026/09/18 05:14:42.827, 6, 0, 78183
2026/09/18 05:14:42.827, 7, 23, 78183
2026/09/18 05:14:43.328, 0, 16, 78191
2026/09/18 05:14:43.328, 1, 0, 78187
2026/09/18 05:14:43.328, 2, 4, 78187
2026/09/18 05:14:43.328, 3, 0, 78187
2026/09/18 05:14:43.328, 4, 5, 78187
2026/09/18 05:14:43.328, 5, 5, 78187
2026/09/18 05:14:43.328, 6, 0, 78187
2026/09/18 05:14:43.328, 7, 0, 78187
2026/09/18 05:14:43.828, 0, 69, 78191
2026/09/18 05:14:43.828, 1, 63, 78187
2026/09/18 05:14:43.829, 2, 63, 78187
2026/09/18 05:14:43.829, 3, 48, 78187
2026/09/18 05:14:43.829, 4, 91, 78187
2026/09/18 05:14:43.829, 5, 83, 78187
2026/09/18 05:14:43.829, 6, 70, 78187
2026/09/18 05:14:43.829, 7, 48, 78187
2026/09/18 05:14:44.329, 0, 0, 78191
2026/09/18 05:14:44.329, 1, 0, 78187
2026/09/18 05:14:44.329, 2, 0, 78187
2026/09/18 05:14:44.329, 3, 0, 78187
2026/09/18 05:14:44.329, 4, 0, 78187
2026/09/18 05:14:44.329, 5, 0, 78187
2026/09/18 05:14:44.329, 6, 0, 78187
2026/09/18 05:14:44.329, 7, 0, 78187
2026/09/18 05:14:44.829, 0, 0, 78191
2026/09/18 05:14:44.829, 1, 0, 78187
2026/09/18 05:14:44.829, 2, 0, 78187
2026/09/18 05:14:44.829, 3, 0, 78187
2026/09/18 05:14:44.829, 4, 0, 78187
2026/09/18 05:14:44.829, 5, 0, 78187
2026/09/18 05:14:44.829, 6, 0, 78187
2026/09/18 05:14:44.829, 7, 0, 78187
2026/09/18 05:14:45.330, 0, 0, 78199
2026/09/18 05:14:45.360, 1, 0, 78187
2026/09/18 05:14:45.360, 2, 0, 78187
2026/09/18 05:14:45.360, 3, 0, 78187
2026/09/18 05:14:45.360, 4, 0, 78195
2026/09/18 05:14:45.360, 5, 0, 78189
2026/09/18 05:14:45.360, 6, 0, 78187
2026/09/18 05:14:45.360, 7, 0, 78187
2026/09/18 05:14:45.860, 0, 0, 78199
2026/09/18 05:14:45.861, 1, 0, 78195
2026/09/18 05:14:45.861, 2, 0, 78195
2026/09/18 05:14:45.861, 3, 0, 78195
2026/09/18 05:14:45.861, 4, 0, 78195
2026/09/18 05:14:45.861, 5, 9, 78195
2026/09/18 05:14:45.861, 6, 9, 78195
2026/09/18 05:14:45.861, 7, 9, 78195
2026/09/18 05:14:46.362, 0, 2, 78199
2026/09/18 05:14:46.362, 1, 6, 78195
2026/09/18 05:14:46.362, 2, 38, 78195
2026/09/18 05:14:46.362, 3, 6, 78195
2026/09/18 05:14:46.362, 4, 30, 78195
2026/09/18 05:14:46.362, 5, 22, 78195
2026/09/18 05:14:46.362, 6, 4, 78195
2026/09/18 05:14:46.362, 7, 33, 78195
2026/09/18 05:14:46.862, 0, 85, 78199
2026/09/18 05:14:46.862, 1, 79, 78195
2026/09/18 05:14:46.863, 2, 51, 78195
2026/09/18 05:14:46.863, 3, 51, 78195
2026/09/18 05:14:46.863, 4, 93, 78195
2026/09/18 05:14:46.863, 5, 93, 78195
2026/09/18 05:14:46.863, 6, 59, 78195
2026/09/18 05:14:46.863, 7, 72, 78195
2026/09/18 05:14:47.363, 0, 82, 78199
2026/09/18 05:14:47.364, 1, 69, 78195
2026/09/18 05:14:47.364, 2, 46, 78195
2026/09/18 05:14:47.364, 3, 52, 78195
2026/09/18 05:14:47.364, 4, 83, 78195
2026/09/18 05:14:47.364, 5, 85, 78195
2026/09/18 05:14:47.364, 6, 48, 78195
2026/09/18 05:14:47.365, 7, 67, 78195
2026/09/18 05:14:47.865, 0, 27, 78199
2026/09/18 05:14:47.865, 1, 63, 78195
2026/09/18 05:14:47.865, 2, 87, 78195
2026/09/18 05:14:47.865, 3, 68, 78195
2026/09/18 05:14:47.865, 4, 90, 78195
2026/09/18 05:14:47.865, 5, 81, 78195
2026/09/18 05:14:47.865, 6, 44, 78195
2026/09/18 05:14:47.865, 7, 0, 78195
2026/09/18 05:14:48.365, 0, 0, 78199
2026/09/18 05:14:48.365, 1, 0, 78195
2026/09/18 05:14:48.365, 2, 0, 78195
2026/09/18 05:14:48.365, 3, 12, 78195
2026/09/18 05:14:48.365, 4, 0, 78195
2026/09/18 05:14:48.365, 5, 0, 78195
2026/09/18 05:14:48.365, 6, 46, 78195
2026/09/18 05:14:48.365, 7, 0, 78195
2026/09/18 05:14:48.866, 0, 0, 78199
2026/09/18 05:14:48.866, 1, 0, 78195
2026/09/18 05:14:48.866, 2, 0, 78195
2026/09/18 05:14:48.866, 3, 0, 78195
2026/09/18 05:14:48.866, 4, 0, 78195
2026/09/18 05:14:48.866, 5, 0, 78195
2026/09/18 05:14:48.866, 6, 0, 78195
2026/09/18 05:14:48.866, 7, 0, 78195
2026/09/18 05:14:49.366, 0, 0, 78199
2026/09/18 05:14:49.366, 1, 0, 78195
2026/09/18 05:14:49.366, 2, 0, 78195
2026/09/18 05:14:49.366, 3, 0, 78195
2026/09/18 05:14:49.367, 4, 0, 78195
2026/09/18 05:14:49.367, 5, 0, 78195
2026/09/18 05:14:49.367, 6, 0, 78195
2026/09/18 05:14:49.367, 7, 0, 78195
2026/09/18 05:14:49.867, 0, 0, 78199
2026/09/18 05:14:49.867, 1, 0, 78195
2026/09/18 05:14:49.867, 2, 0, 78195
2026/09/18 05:14:49.868, 3, 0, 78195
2026/09/18 05:14:49.868, 4, 0, 78195
2026/09/18 05:14:49.868, 5, 0, 78195
2026/09/18 05:14:49.868, 6, 0, 78195
2026/09/18 05:14:49.868, 7, 0, 78195
2026/09/18 05:14:50.368, 0, 0, 78215
2026/09/18 05:14:50.379, 1, 0, 78195
2026/09/18 05:14:50.379, 2, 0, 78195
2026/09/18 05:14:50.379, 3, 0, 78195
2026/09/18 05:14:50.379, 4, 0, 78195
2026/09/18 05:14:50.379, 5, 0, 78195
2026/09/18 05:14:50.379, 6, 0, 78195
2026/09/18 05:14:50.379, 7, 0, 78195
2026/09/18 05:14:50.879, 0, 0, 78215
2026/09/18 05:14:50.883, 1, 0, 78195
2026/09/18 05:14:50.883, 2, 12, 78211
2026/09/18 05:14:50.883, 3, 0, 78195
2026/09/18 05:14:50.883, 4, 0, 78211
2026/09/18 05:14:50.883, 5, 7, 78211
2026/09/18 05:14:50.883, 6, 0, 78195
2026/09/18 05:14:50.883, 7, 0, 78195
2026/09/18 05:14:51.384, 0, 0, 78215
2026/09/18 05:14:51.413, 1, 0, 78211
2026/09/18 05:14:51.413, 2, 0, 78211
2026/09/18 05:14:51.413, 3, 0, 78195
2026/09/18 05:14:51.413, 4, 0, 78211
2026/09/18 05:14:51.413, 5, 0, 78211
2026/09/18 05:14:51.413, 6, 0, 78211
2026/09/18 05:14:51.413, 7, 18, 78211
2026/09/18 05:14:51.913, 0, 0, 78215
2026/09/18 05:14:51.913, 1, 1, 78211
2026/09/18 05:14:51.913, 2, 1, 78211
2026/09/18 05:14:51.913, 3, 1, 78211
2026/09/18 05:14:51.913, 4, 25, 78211
2026/09/18 05:14:51.913, 5, 0, 78211
2026/09/18 05:14:51.913, 6, 0, 78211
2026/09/18 05:14:51.913, 7, 1, 78211
2026/09/18 05:14:52.413, 0, 7, 78219
2026/09/18 05:14:52.413, 1, 46, 78211
2026/09/18 05:14:52.413, 2, 15, 78211
2026/09/18 05:14:52.413, 3, 59, 78211
2026/09/18 05:14:52.413, 4, 3, 78211
2026/09/18 05:14:52.413, 5, 3, 78211
2026/09/18 05:14:52.413, 6, 0, 78211
2026/09/18 05:14:52.413, 7, 38, 78211
2026/09/18 05:14:52.914, 0, 0, 78231
2026/09/18 05:14:52.914, 1, 1, 78223
2026/09/18 05:14:52.914, 2, 1, 78223
2026/09/18 05:14:52.914, 3, 0, 78223
2026/09/18 05:14:52.914, 4, 1, 78223
2026/09/18 05:14:52.914, 5, 0, 78223
2026/09/18 05:14:52.914, 6, 0, 78223
2026/09/18 05:14:52.914, 7, 1, 78223
2026/09/18 05:14:53.414, 0, 0, 78231
2026/09/18 05:14:53.414, 1, 0, 78223
2026/09/18 05:14:53.414, 2, 0, 78223
2026/09/18 05:14:53.414, 3, 0, 78223
2026/09/18 05:14:53.414, 4, 0, 78223
2026/09/18 05:14:53.415, 5, 0, 78223
2026/09/18 05:14:53.415, 6, 0, 78223
2026/09/18 05:14:53.415, 7, 0, 78223
2026/09/18 05:14:53.915, 0, 0, 78231
2026/09/18 05:14:53.915, 1, 0, 78223
2026/09/18 05:14:53.915, 2, 0, 78223
2026/09/18 05:14:53.915, 3, 0, 78223
2026/09/18 05:14:53.915, 4, 0, 78223
2026/09/18 05:14:53.915, 5, 0, 78223
2026/09/18 05:14:53.915, 6, 0, 78223
2026/09/18 05:14:53.915, 7, 0, 78223
2026/09/18 05:14:54.415, 0, 0, 78231
2026/09/18 05:14:54.416, 1, 0, 78223
2026/09/18 05:14:54.416, 2, 0, 78223
2026/09/18 05:14:54.416, 3, 0, 78223
2026/09/18 05:14:54.416, 4, 0, 78223
2026/09/18 05:14:54.416, 5, 0, 78223
2026/09/18 05:14:54.416, 6, 0, 78223
2026/09/18 05:14:54.416, 7, 0, 78223
2026/09/18 05:14:54.916, 0, 0, 78231
2026/09/18 05:14:54.916, 1, 0, 78223
2026/09/18 05:14:54.916, 2, 0, 78223
2026/09/18 05:14:54.916, 3, 0, 78223
2026/09/18 05:14:54.917, 4, 0, 78223
2026/09/18 05:14:54.917, 5, 0, 78223
2026/09/18 05:14:54.917, 6, 0, 78223
2026/09/18 05:14:54.917, 7, 0, 78223
2026/09/18 05:14:55.417, 0, 0, 78231
2026/09/18 05:14:55.417, 1, 0, 78223
2026/09/18 05:14:55.417, 2, 0, 78223
2026/09/18 05:14:55.417, 3, 0, 78223
2026/09/18 05:14:55.417, 4, 0, 78223
2026/09/18 05:14:55.417, 5, 0, 78223
2026/09/18 05:14:55.417, 6, 0, 78223
2026/09/18 05:14:55.417, 7, 0, 78223
2026/09/18 05:14:55.917, 0, 0, 78231
2026/09/18 05:14:55.917, 1, 0, 78223
2026/09/18 05:14:55.917, 2, 0, 78223
2026/09/18 05:14:55.917, 3, 0, 78223
2026/09/18 05:14:55.917, 4, 0, 78223
2026/09/18 05:14:55.917, 5, 0, 78223
2026/09/18 05:14:55.917, 6, 0, 78223
2026/09/18 05:14:55.917, 7, 0, 78223
2026/09/18 05:14:56.417, 0, 0, 78231
2026/09/18 05:14:56.417, 1, 0, 78223
2026/09/18 05:14:56.417, 2, 0, 78223
2026/09/18 05:14:56.417, 3, 0, 78223
2026/09/18 05:14:56.417, 4, 0, 78223
2026/09/18 05:14:56.418, 5, 0, 78223
2026/09/18 05:14:56.418, 6, 0, 78223
2026/09/18 05:14:56.418, 7, 0, 78223
2026/09/18 05:14:56.918, 0, 0, 78231
2026/09/18 05:14:56.918, 1, 0, 78223
2026/09/18 05:14:56.918, 2, 0, 78223
2026/09/18 05:14:56.918, 3, 0, 78223
2026/09/18 05:14:56.918, 4, 0, 78223
2026/09/18 05:14:56.918, 5, 0, 78223
2026/09/18 05:14:56.919, 6, 0, 78223
2026/09/18 05:14:56.919, 7, 0, 78223
2026/09/18 05:14:57.419, 0, 0, 78231
2026/09/18 05:14:57.419, 1, 0, 78223
2026/09/18 05:14:57.419, 2, 0, 78223
2026/09/18 05:14:57.419, 3, 0, 78223
2026/09/18 05:14:57.419, 4, 0, 78223
2026/09/18 05:14:57.419, 5, 0, 78223
2026/09/18 05:14:57.419, 6, 0, 78223
2026/09/18 05:14:57.419, 7, 0, 78223
2026/09/18 05:14:57.919, 0, 0, 78231
2026/09/18 05:14:57.919, 1, 0, 78223
2026/09/18 05:14:57.920, 2, 0, 78223
2026/09/18 05:14:57.920, 3, 0, 78223
2026/09/18 05:14:57.920, 4, 0, 78223
2026/09/18 05:14:57.920, 5, 0, 78223
2026/09/18 05:14:57.920, 6, 0, 78223
2026/09/18 05:14:57.920, 7, 0, 78223
2026/09/18 05:14:58.420, 0, 0, 78231
2026/09/18 05:14:58.421, 1, 0, 78223
2026/09/18 05:14:58.421, 2, 0, 78223
2026/09/18 05:14:58.421, 3, 0, 78223
2026/09/18 05:14:58.421, 4, 0, 78223
2026/09/18 05:14:58.421, 5, 0, 78223
2026/09/18 05:14:58.421, 6, 0, 78223
2026/09/18 05:14:58.421, 7, 0, 78223
2026/09/18 05:14:58.921, 0, 0, 78231
2026/09/18 05:14:58.921, 1, 0, 78223
2026/09/18 05:14:58.922, 2, 0, 78223
2026/09/18 05:14:58.922, 3, 0, 78223
2026/09/18 05:14:58.923, 4, 0, 78223
2026/09/18 05:14:58.923, 5, 0, 78223
2026/09/18 05:14:58.924, 6, 0, 78223
2026/09/18 05:14:58.924, 7, 0, 78223
2026/09/18 05:14:59.433, 0, 0, 78231
2026/09/18 05:14:59.433, 1, 0, 78223
2026/09/18 05:14:59.434, 2, 0, 78223
2026/09/18 05:14:59.434, 3, 0, 78223
2026/09/18 05:14:59.434, 4, 0, 78223
2026/09/18 05:14:59.434, 5, 0, 78223
2026/09/18 05:14:59.434, 6, 0, 78223
2026/09/18 05:14:59.434, 7, 0, 78223
2026/09/18 05:14:59.934, 0, 0, 78231
2026/09/18 05:14:59.934, 1, 0, 78223
2026/09/18 05:14:59.934, 2, 0, 78223
2026/09/18 05:14:59.934, 3, 0, 78223
2026/09/18 05:14:59.934, 4, 0, 78223
2026/09/18 05:14:59.934, 5, 0, 78223
2026/09/18 05:14:59.934, 6, 0, 78223
2026/09/18 05:14:59.934, 7, 0, 78223
2026/09/18 05:15:00.434, 0, 0, 78231
2026/09/18 05:15:00.434, 1, 0, 78223
2026/09/18 05:15:00.434, 2, 0, 78223
2026/09/18 05:15:00.434, 3, 0, 78223
2026/09/18 05:15:00.434, 4, 0, 78223
2026/09/18 05:15:00.434, 5, 0, 78223
2026/09/18 05:15:00.435, 6, 0, 78223
2026/09/18 05:15:00.435, 7, 0, 78223
2026/09/18 05:15:00.935, 0, 0, 78231
2026/09/18 05:15:00.935, 1, 0, 78223
2026/09/18 05:15:00.935, 2, 0, 78223
2026/09/18 05:15:00.935, 3, 0, 78223
2026/09/18 05:15:00.935, 4, 0, 78223
2026/09/18 05:15:00.935, 5, 0, 78223
2026/09/18 05:15:00.935, 6, 0, 78223
2026/09/18 05:15:00.935, 7, 0, 78223
2026/09/18 05:15:01.435, 0, 0, 78231
2026/09/18 05:15:01.435, 1, 0, 78223
2026/09/18 05:15:01.435, 2, 0, 78223
2026/09/18 05:15:01.435, 3, 0, 78223
2026/09/18 05:15:01.435, 4, 0, 78223
2026/09/18 05:15:01.435, 5, 0, 78223
2026/09/18 05:15:01.435, 6, 0, 78223
2026/09/18 05:15:01.436, 7, 0, 78223
2026/09/18 05:15:01.936, 0, 0, 78231
2026/09/18 05:15:01.936, 1, 0, 78223
2026/09/18 05:15:01.936, 2, 0, 78223
2026/09/18 05:15:01.936, 3, 0, 78223
2026/09/18 05:15:01.936, 4, 0, 78223
2026/09/18 05:15:01.936, 5, 0, 78223
2026/09/18 05:15:01.936, 6, 0, 78223
2026/09/18 05:15:01.936, 7, 0, 78223
2026/09/18 05:15:02.436, 0, 0, 78231
2026/09/18 05:15:02.436, 1, 0, 78223
2026/09/18 05:15:02.436, 2, 0, 78223
2026/09/18 05:15:02.436, 3, 0, 78223
2026/09/18 05:15:02.436, 4, 0, 78223
2026/09/18 05:15:02.436, 5, 0, 78223
2026/09/18 05:15:02.436, 6, 0, 78223
2026/09/18 05:15:02.436, 7, 0, 78223
2026/09/18 05:15:02.937, 0, 0, 78231
2026/09/18 05:15:02.937, 1, 0, 78223
2026/09/18 05:15:02.937, 2, 0, 78223
2026/09/18 05:15:02.937, 3, 0, 78223
2026/09/18 05:15:02.937, 4, 0, 78223
2026/09/18 05:15:02.937, 5, 0, 78223
2026/09/18 05:15:02.937, 6, 0, 78223
2026/09/18 05:15:02.937, 7, 0, 78223
2026/09/18 05:15:03.437, 0, 0, 78231
2026/09/18 05:15:03.437, 1, 0, 78223
2026/09/18 05:15:03.437, 2, 0, 78223
2026/09/18 05:15:03.437, 3, 0, 78223
2026/09/18 05:15:03.437, 4, 0, 78223
2026/09/18 05:15:03.437, 5, 0, 78223
2026/09/18 05:15:03.437, 6, 0, 78223
2026/09/18 05:15:03.437, 7, 0, 78223
2026/09/18 05:15:03.937, 0, 0, 78231
2026/09/18 05:15:03.937, 1, 0, 78223
2026/09/18 05:15:03.937, 2, 0, 78223
2026/09/18 05:15:03.937, 3, 0, 78223
2026/09/18 05:15:03.937, 4, 0, 78223
2026/09/18 05:15:03.937, 5, 0, 78223
2026/09/18 05:15:03.937, 6, 0, 78223
2026/09/18 05:15:03.937, 7, 0, 78223
2026/09/18 05:15:04.437, 0, 0, 78231
2026/09/18 05:15:04.437, 1, 0, 78223
2026/09/18 05:15:04.437, 2, 0, 78223
2026/09/18 05:15:04.437, 3, 0, 78223
2026/09/18 05:15:04.437, 4, 0, 78223
2026/09/18 05:15:04.437, 5, 0, 78223
2026/09/18 05:15:04.438, 6, 0, 78223
2026/09/18 05:15:04.438, 7, 0, 78223
2026/09/18 05:15:04.938, 0, 0, 78231
2026/09/18 05:15:04.938, 1, 0, 78223
2026/09/18 05:15:04.938, 2, 0, 78223
2026/09/18 05:15:04.938, 3, 0, 78223
2026/09/18 05:15:04.939, 4, 0, 78223
2026/09/18 05:15:04.939, 5, 0, 78223
2026/09/18 05:15:04.939, 6, 0, 78223
2026/09/18 05:15:04.939, 7, 0, 78223
2026/09/18 05:15:05.439, 0, 0, 78231
2026/09/18 05:15:05.439, 1, 0, 78223
2026/09/18 05:15:05.439, 2, 0, 78223
2026/09/18 05:15:05.439, 3, 0, 78223
2026/09/18 05:15:05.439, 4, 0, 78223
2026/09/18 05:15:05.439, 5, 0, 78223
2026/09/18 05:15:05.439, 6, 0, 78223
2026/09/18 05:15:05.439, 7, 0, 78223
2026/09/18 05:15:05.939, 0, 0, 78231
2026/09/18 05:15:05.939, 1, 0, 78223
2026/09/18 05:15:05.939, 2, 0, 78223
2026/09/18 05:15:05.939, 3, 0, 78223
2026/09/18 05:15:05.939, 4, 0, 78223
2026/09/18 05:15:05.939, 5, 0, 78223
2026/09/18 05:15:05.939, 6, 0, 78223
2026/09/18 05:15:05.939, 7, 0, 78223
2026/09/18 05:15:06.439, 0, 0, 78231
2026/09/18 05:15:06.440, 1, 0, 78223
2026/09/18 05:15:06.440, 2, 0, 78223
2026/09/18 05:15:06.440, 3, 0, 78223
2026/09/18 05:15:06.440, 4, 0, 78223
2026/09/18 05:15:06.440, 5, 0, 78223
2026/09/18 05:15:06.440, 6, 0, 78223
2026/09/18 05:15:06.440, 7, 0, 78223
2026/09/18 05:15:06.940, 0, 0, 78231
2026/09/18 05:15:06.940, 1, 0, 78223
2026/09/18 05:15:06.940, 2, 0, 78223
2026/09/18 05:15:06.940, 3, 0, 78223
2026/09/18 05:15:06.940, 4, 0, 78223
2026/09/18 05:15:06.940, 5, 0, 78223
2026/09/18 05:15:06.940, 6, 0, 78223
2026/09/18 05:15:06.940, 7, 0, 78223
2026/09/18 05:15:07.440, 0, 0, 78231
2026/09/18 05:15:07.440, 1, 0, 78223
2026/09/18 05:15:07.440, 2, 0, 78223
2026/09/18 05:15:07.440, 3, 0, 78223
2026/09/18 05:15:07.440, 4, 0, 78223
2026/09/18 05:15:07.440, 5, 0, 78223
2026/09/18 05:15:07.440, 6, 0, 78223
2026/09/18 05:15:07.440, 7, 0, 78223
2026/09/18 05:15:07.940, 0, 0, 78231
2026/09/18 05:15:07.940, 1, 0, 78223
2026/09/18 05:15:07.940, 2, 0, 78223
2026/09/18 05:15:07.940, 3, 0, 78223
2026/09/18 05:15:07.941, 4, 0, 78223
2026/09/18 05:15:07.941, 5, 0, 78223
2026/09/18 05:15:07.941, 6, 0, 78223
2026/09/18 05:15:07.941, 7, 0, 78223
2026/09/18 05:15:08.441, 0, 0, 78231
2026/09/18 05:15:08.441, 1, 0, 78223
2026/09/18 05:15:08.441, 2, 0, 78223
2026/09/18 05:15:08.441, 3, 0, 78223
2026/09/18 05:15:08.441, 4, 0, 78223
2026/09/18 05:15:08.441, 5, 0, 78223
2026/09/18 05:15:08.441, 6, 0, 78223
2026/09/18 05:15:08.441, 7, 0, 78223
2026/09/18 05:15:08.941, 0, 0, 78231
2026/09/18 05:15:08.941, 1, 0, 78223
2026/09/18 05:15:08.941, 2, 0, 78223
2026/09/18 05:15:08.941, 3, 0, 78223
2026/09/18 05:15:08.942, 4, 0, 78223
2026/09/18 05:15:08.942, 5, 0, 78223
2026/09/18 05:15:08.942, 6, 0, 78223
2026/09/18 05:15:08.942, 7, 0, 78223
2026/09/18 05:15:09.442, 0, 0, 78231
2026/09/18 05:15:09.455, 1, 0, 78223
2026/09/18 05:15:09.455, 2, 0, 78223
2026/09/18 05:15:09.455, 3, 0, 78223
2026/09/18 05:15:09.455, 4, 0, 78223
2026/09/18 05:15:09.455, 5, 0, 78223
2026/09/18 05:15:09.455, 6, 0, 78223
2026/09/18 05:15:09.455, 7, 0, 78223
2026/09/18 05:15:09.955, 0, 0, 78231
2026/09/18 05:15:09.955, 1, 0, 78223
2026/09/18 05:15:09.955, 2, 0, 78223
2026/09/18 05:15:09.955, 3, 0, 78223
2026/09/18 05:15:09.955, 4, 0, 78223
2026/09/18 05:15:09.955, 5, 0, 78223
2026/09/18 05:15:09.955, 6, 0, 78223
2026/09/18 05:15:09.955, 7, 0, 78223
2026/09/18 05:15:10.455, 0, 0, 78231
2026/09/18 05:15:10.455, 1, 0, 78223
2026/09/18 05:15:10.456, 2, 0, 78223
2026/09/18 05:15:10.456, 3, 0, 78223
2026/09/18 05:15:10.456, 4, 0, 78223
2026/09/18 05:15:10.456, 5, 0, 78223
2026/09/18 05:15:10.456, 6, 0, 78223
2026/09/18 05:15:10.456, 7, 0, 78223
2026/09/18 05:15:10.965, 0, 0, 78231
2026/09/18 05:15:10.965, 1, 0, 78223
2026/09/18 05:15:10.965, 2, 0, 78223
2026/09/18 05:15:10.965, 3, 0, 78223
2026/09/18 05:15:10.965, 4, 0, 78223
2026/09/18 05:15:10.965, 5, 0, 78223
2026/09/18 05:15:10.965, 6, 0, 78223
2026/09/18 05:15:10.965, 7, 0, 78223
2026/09/18 05:15:11.465, 0, 0, 78231
2026/09/18 05:15:11.465, 1, 0, 78223
2026/09/18 05:15:11.465, 2, 0, 78223
2026/09/18 05:15:11.465, 3, 0, 78223
2026/09/18 05:15:11.465, 4, 0, 78223
2026/09/18 05:15:11.465, 5, 0, 78223
2026/09/18 05:15:11.465, 6, 0, 78223
2026/09/18 05:15:11.465, 7, 0, 78223
2026/09/18 05:15:11.965, 0, 0, 78231
2026/09/18 05:15:11.965, 1, 0, 78223
2026/09/18 05:15:11.965, 2, 0, 78223
2026/09/18 05:15:11.965, 3, 0, 78223
2026/09/18 05:15:11.965, 4, 0, 78223
2026/09/18 05:15:11.965, 5, 0, 78223
2026/09/18 05:15:11.965, 6, 0, 78223
2026/09/18 05:15:11.965, 7, 0, 78223
2026/09/18 05:15:12.466, 0, 0, 78231
2026/09/18 05:15:12.466, 1, 0, 78223
2026/09/18 05:15:12.466, 2, 0, 78223
2026/09/18 05:15:12.466, 3, 0, 78223
2026/09/18 05:15:12.466, 4, 0, 78223
2026/09/18 05:15:12.466, 5, 0, 78223
2026/09/18 05:15:12.466, 6, 0, 78223
2026/09/18 05:15:12.466, 7, 0, 78223
2026/09/18 05:15:12.966, 0, 0, 78231
2026/09/18 05:15:12.966, 1, 0, 78223
2026/09/18 05:15:12.966, 2, 0, 78223
2026/09/18 05:15:12.966, 3, 0, 78223
2026/09/18 05:15:12.966, 4, 0, 78223
2026/09/18 05:15:12.966, 5, 0, 78223
2026/09/18 05:15:12.966, 6, 0, 78223
2026/09/18 05:15:12.966, 7, 0, 78223
2026/09/18 05:15:13.466, 0, 0, 78231
2026/09/18 05:15:13.466, 1, 0, 78223
2026/09/18 05:15:13.466, 2, 0, 78223
2026/09/18 05:15:13.466, 3, 0, 78223
2026/09/18 05:15:13.466, 4, 0, 78223
2026/09/18 05:15:13.466, 5, 0, 78223
2026/09/18 05:15:13.466, 6, 0, 78223
2026/09/18 05:15:13.466, 7, 0, 78223
2026/09/18 05:15:13.966, 0, 0, 78231
2026/09/18 05:15:13.967, 1, 0, 78223
2026/09/18 05:15:13.967, 2, 0, 78223
2026/09/18 05:15:13.967, 3, 0, 78223
2026/09/18 05:15:13.967, 4, 0, 78223
2026/09/18 05:15:13.967, 5, 0, 78223
2026/09/18 05:15:13.967, 6, 0, 78223
2026/09/18 05:15:13.967, 7, 0, 78223
2026/09/18 05:15:14.467, 0, 0, 78231
2026/09/18 05:15:14.468, 1, 0, 78223
2026/09/18 05:15:14.468, 2, 0, 78223
2026/09/18 05:15:14.468, 3, 0, 78223
2026/09/18 05:15:14.468, 4, 0, 78223
2026/09/18 05:15:14.468, 5, 0, 78223
2026/09/18 05:15:14.468, 6, 0, 78223
2026/09/18 05:15:14.468, 7, 0, 78223
2026/09/18 05:15:14.968, 0, 0, 78231
2026/09/18 05:15:14.968, 1, 0, 78223
2026/09/18 05:15:14.968, 2, 0, 78223
2026/09/18 05:15:14.968, 3, 0, 78223
2026/09/18 05:15:14.968, 4, 0, 78223
2026/09/18 05:15:14.968, 5, 0, 78223
2026/09/18 05:15:14.968, 6, 0, 78223
2026/09/18 05:15:14.968, 7, 0, 78223
2026/09/18 05:15:15.468, 0, 0, 78231
2026/09/18 05:15:15.468, 1, 0, 78223
2026/09/18 05:15:15.468, 2, 0, 78223
2026/09/18 05:15:15.468, 3, 0, 78223
2026/09/18 05:15:15.468, 4, 0, 78223
2026/09/18 05:15:15.468, 5, 0, 78223
2026/09/18 05:15:15.468, 6, 0, 78223
2026/09/18 05:15:15.469, 7, 0, 78223
2026/09/18 05:15:15.969, 0, 0, 78231
2026/09/18 05:15:15.969, 1, 0, 78223
2026/09/18 05:15:15.969, 2, 0, 78223
2026/09/18 05:15:15.969, 3, 0, 78223
2026/09/18 05:15:15.969, 4, 0, 78223
2026/09/18 05:15:15.969, 5, 0, 78223
2026/09/18 05:15:15.969, 6, 0, 78223
2026/09/18 05:15:15.969, 7, 0, 78223
2026/09/18 05:15:16.469, 0, 0, 78231
2026/09/18 05:15:16.469, 1, 0, 78223
2026/09/18 05:15:16.469, 2, 0, 78223
2026/09/18 05:15:16.469, 3, 0, 78223
2026/09/18 05:15:16.469, 4, 0, 78223
2026/09/18 05:15:16.469, 5, 0, 78223
2026/09/18 05:15:16.469, 6, 0, 78223
2026/09/18 05:15:16.469, 7, 0, 78223
2026/09/18 05:15:16.969, 0, 0, 78231
2026/09/18 05:15:16.969, 1, 0, 78223
2026/09/18 05:15:16.969, 2, 0, 78223
2026/09/18 05:15:16.969, 3, 0, 78223
2026/09/18 05:15:16.969, 4, 0, 78223
2026/09/18 05:15:16.969, 5, 0, 78223
2026/09/18 05:15:16.969, 6, 0, 78223
2026/09/18 05:15:16.969, 7, 0, 78223
2026/09/18 05:15:17.470, 0, 0, 78231
2026/09/18 05:15:17.470, 1, 0, 78223
2026/09/18 05:15:17.470, 2, 0, 78223
2026/09/18 05:15:17.470, 3, 0, 78223
2026/09/18 05:15:17.470, 4, 0, 78223
2026/09/18 05:15:17.470, 5, 0, 78223
2026/09/18 05:15:17.470, 6, 0, 78223
2026/09/18 05:15:17.470, 7, 0, 78223
2026/09/18 05:15:17.970, 0, 0, 78231
2026/09/18 05:15:17.970, 1, 0, 78223
2026/09/18 05:15:17.970, 2, 0, 78223
2026/09/18 05:15:17.970, 3, 0, 78223
2026/09/18 05:15:17.970, 4, 0, 78223
2026/09/18 05:15:17.970, 5, 0, 78223
2026/09/18 05:15:17.970, 6, 0, 78223
2026/09/18 05:15:17.970, 7, 0, 78223
2026/09/18 05:15:18.470, 0, 0, 78231
2026/09/18 05:15:18.470, 1, 0, 78223
2026/09/18 05:15:18.470, 2, 0, 78223
2026/09/18 05:15:18.470, 3, 0, 78223
2026/09/18 05:15:18.470, 4, 0, 78223
2026/09/18 05:15:18.470, 5, 0, 78223
2026/09/18 05:15:18.470, 6, 0, 78223
2026/09/18 05:15:18.470, 7, 0, 78223
2026/09/18 05:15:18.971, 0, 0, 78231
2026/09/18 05:15:18.971, 1, 0, 78223
2026/09/18 05:15:18.971, 2, 0, 78223
2026/09/18 05:15:18.971, 3, 0, 78223
2026/09/18 05:15:18.971, 4, 0, 78223
2026/09/18 05:15:18.971, 5, 0, 78223
2026/09/18 05:15:18.971, 6, 0, 78223
2026/09/18 05:15:18.971, 7, 0, 78223
2026/09/18 05:15:19.471, 0, 0, 78231
2026/09/18 05:15:19.471, 1, 0, 78223
2026/09/18 05:15:19.471, 2, 0, 78223
2026/09/18 05:15:19.471, 3, 0, 78223
2026/09/18 05:15:19.471, 4, 0, 78223
2026/09/18 05:15:19.471, 5, 0, 78223
2026/09/18 05:15:19.471, 6, 0, 78223
2026/09/18 05:15:19.471, 7, 0, 78223
2026/09/18 05:15:19.971, 0, 0, 78231
2026/09/18 05:15:19.971, 1, 0, 78223
2026/09/18 05:15:19.971, 2, 0, 78223
2026/09/18 05:15:19.971, 3, 0, 78223
2026/09/18 05:15:19.971, 4, 0, 78223
2026/09/18 05:15:19.971, 5, 0, 78223
2026/09/18 05:15:19.971, 6, 0, 78223
2026/09/18 05:15:19.971, 7, 0, 78223
2026/09/18 05:15:20.471, 0, 0, 78231
2026/09/18 05:15:20.472, 1, 0, 78223
2026/09/18 05:15:20.472, 2, 0, 78223
2026/09/18 05:15:20.472, 3, 0, 78223
2026/09/18 05:15:20.472, 4, 0, 78223
2026/09/18 05:15:20.472, 5, 0, 78223
2026/09/18 05:15:20.472, 6, 0, 78223
2026/09/18 05:15:20.472, 7, 0, 78223
2026/09/18 05:15:20.972, 0, 0, 78231
2026/09/18 05:15:20.972, 1, 0, 78223
2026/09/18 05:15:20.972, 2, 0, 78223
2026/09/18 05:15:20.972, 3, 0, 78223
2026/09/18 05:15:20.972, 4, 0, 78223
2026/09/18 05:15:20.972, 5, 0, 78223
2026/09/18 05:15:20.972, 6, 0, 78223
2026/09/18 05:15:20.972, 7, 0, 78223
2026/09/18 05:15:21.475, 0, 0, 78231
2026/09/18 05:15:21.475, 1, 0, 78223
2026/09/18 05:15:21.475, 2, 0, 78223
2026/09/18 05:15:21.475, 3, 0, 78223
2026/09/18 05:15:21.475, 4, 0, 78223
2026/09/18 05:15:21.475, 5, 0, 78223
2026/09/18 05:15:21.475, 6, 0, 78223
2026/09/18 05:15:21.475, 7, 0, 78223
2026/09/18 05:15:21.976, 0, 0, 78231
2026/09/18 05:15:21.976, 1, 0, 78223
2026/09/18 05:15:21.976, 2, 0, 78223
2026/09/18 05:15:21.976, 3, 0, 78223
2026/09/18 05:15:21.976, 4, 0, 78223
2026/09/18 05:15:21.976, 5, 0, 78223
2026/09/18 05:15:21.976, 6, 0, 78223
2026/09/18 05:15:21.976, 7, 0, 78223
2026/09/18 05:15:22.477, 0, 0, 78231
2026/09/18 05:15:22.477, 1, 0, 78223
2026/09/18 05:15:22.477, 2, 0, 78223
2026/09/18 05:15:22.477, 3, 0, 78223
2026/09/18 05:15:22.477, 4, 0, 78223
2026/09/18 05:15:22.477, 5, 0, 78223
2026/09/18 05:15:22.477, 6, 0, 78223
2026/09/18 05:15:22.477, 7, 0, 78223
2026/09/18 05:15:22.977, 0, 0, 78231
2026/09/18 05:15:22.978, 1, 0, 78223
2026/09/18 05:15:22.978, 2, 0, 78223
2026/09/18 05:15:22.978, 3, 0, 78223
2026/09/18 05:15:22.978, 4, 0, 78223
2026/09/18 05:15:22.978, 5, 0, 78223
2026/09/18 05:15:22.978, 6, 0, 78223
2026/09/18 05:15:22.978, 7, 0, 78223
2026/09/18 05:15:23.478, 0, 0, 78231
2026/09/18 05:15:23.485, 1, 0, 78223
2026/09/18 05:15:23.485, 2, 0, 78223
2026/09/18 05:15:23.485, 3, 0, 78223
2026/09/18 05:15:23.485, 4, 0, 78223
2026/09/18 05:15:23.485, 5, 0, 78223
2026/09/18 05:15:23.485, 6, 0, 78223
2026/09/18 05:15:23.485, 7, 0, 78223
2026/09/18 05:15:23.986, 0, 0, 78231
2026/09/18 05:15:23.986, 1, 0, 78223
2026/09/18 05:15:23.986, 2, 0, 78223
2026/09/18 05:15:23.986, 3, 0, 78223
2026/09/18 05:15:23.986, 4, 0, 78223
2026/09/18 05:15:23.986, 5, 0, 78223
2026/09/18 05:15:23.986, 6, 0, 78223
2026/09/18 05:15:23.986, 7, 0, 78223
2026/09/18 05:15:24.487, 0, 0, 78231
2026/09/18 05:15:24.489, 1, 0, 78223
2026/09/18 05:15:24.489, 2, 0, 78223
2026/09/18 05:15:24.489, 3, 0, 78223
2026/09/18 05:15:24.489, 4, 0, 78223
2026/09/18 05:15:24.489, 5, 0, 78223
2026/09/18 05:15:24.489, 6, 0, 78223
2026/09/18 05:15:24.489, 7, 0, 78223
2026/09/18 05:15:24.989, 0, 0, 78231
2026/09/18 05:15:24.995, 1, 0, 78223
2026/09/18 05:15:24.995, 2, 0, 78223
2026/09/18 05:15:24.995, 3, 0, 78223
2026/09/18 05:15:24.995, 4, 0, 78223
2026/09/18 05:15:24.995, 5, 0, 78223
2026/09/18 05:15:24.995, 6, 0, 78223
2026/09/18 05:15:24.995, 7, 0, 78223
2026/09/18 05:15:25.495, 0, 0, 78231
2026/09/18 05:15:25.496, 1, 0, 78223
2026/09/18 05:15:25.496, 2, 0, 78223
2026/09/18 05:15:25.497, 3, 0, 78223
2026/09/18 05:15:25.497, 4, 0, 78223
2026/09/18 05:15:25.497, 5, 0, 78223
2026/09/18 05:15:25.497, 6, 0, 78223
2026/09/18 05:15:25.497, 7, 0, 78223
2026/09/18 05:15:25.997, 0, 0, 78231
2026/09/18 05:15:25.997, 1, 0, 78223
2026/09/18 05:15:25.997, 2, 0, 78223
2026/09/18 05:15:25.997, 3, 0, 78223
2026/09/18 05:15:25.997, 4, 0, 78223
2026/09/18 05:15:25.998, 5, 0, 78223
2026/09/18 05:15:25.998, 6, 0, 78223
2026/09/18 05:15:25.998, 7, 0, 78223
2026/09/18 05:15:26.499, 0, 0, 78231
2026/09/18 05:15:26.499, 1, 0, 78223
2026/09/18 05:15:26.499, 2, 0, 78223
2026/09/18 05:15:26.499, 3, 0, 78223
2026/09/18 05:15:26.499, 4, 0, 78223
2026/09/18 05:15:26.499, 5, 0, 78223
2026/09/18 05:15:26.499, 6, 0, 78223
2026/09/18 05:15:26.499, 7, 0, 78223
2026/09/18 05:15:26.999, 0, 0, 78231
2026/09/18 05:15:26.999, 1, 0, 78223
2026/09/18 05:15:26.999, 2, 0, 78223
2026/09/18 05:15:26.999, 3, 0, 78223
2026/09/18 05:15:26.999, 4, 0, 78223
2026/09/18 05:15:26.999, 5, 0, 78223
2026/09/18 05:15:27.000, 6, 0, 78223
2026/09/18 05:15:27.000, 7, 0, 78223
2026/09/18 05:15:27.500, 0, 0, 78231
2026/09/18 05:15:27.500, 1, 0, 78223
2026/09/18 05:15:27.500, 2, 0, 78223
2026/09/18 05:15:27.500, 3, 0, 78223
2026/09/18 05:15:27.500, 4, 0, 78223
2026/09/18 05:15:27.502, 5, 0, 78223
2026/09/18 05:15:27.502, 6, 0, 78223
2026/09/18 05:15:27.503, 7, 0, 78223
2026/09/18 05:15:28.003, 0, 0, 78231
2026/09/18 05:15:28.005, 1, 0, 78223
2026/09/18 05:15:28.005, 2, 0, 78223
2026/09/18 05:15:28.005, 3, 0, 78223
2026/09/18 05:15:28.005, 4, 0, 78223
2026/09/18 05:15:28.005, 5, 0, 78223
2026/09/18 05:15:28.005, 6, 0, 78223
2026/09/18 05:15:28.005, 7, 0, 78223
2026/09/18 05:15:28.505, 0, 0, 78231
2026/09/18 05:15:28.515, 1, 0, 78223
2026/09/18 05:15:28.515, 2, 0, 78223
2026/09/18 05:15:28.515, 3, 0, 78223
2026/09/18 05:15:28.515, 4, 0, 78223
2026/09/18 05:15:28.515, 5, 0, 78223
2026/09/18 05:15:28.515, 6, 0, 78223
2026/09/18 05:15:28.515, 7, 0, 78223
2026/09/18 05:15:29.015, 0, 0, 78231
2026/09/18 05:15:29.015, 1, 0, 78223
2026/09/18 05:15:29.016, 2, 0, 78223
2026/09/18 05:15:29.016, 3, 0, 78223
2026/09/18 05:15:29.016, 4, 0, 78223
2026/09/18 05:15:29.016, 5, 0, 78223
2026/09/18 05:15:29.016, 6, 0, 78223
2026/09/18 05:15:29.016, 7, 0, 78223
2026/09/18 05:15:29.516, 0, 0, 78231
2026/09/18 05:15:29.516, 1, 0, 78223
2026/09/18 05:15:29.516, 2, 0, 78223
2026/09/18 05:15:29.516, 3, 0, 78223
2026/09/18 05:15:29.517, 4, 0, 78223
2026/09/18 05:15:29.517, 5, 0, 78223
2026/09/18 05:15:29.517, 6, 0, 78223
2026/09/18 05:15:29.517, 7, 0, 78223
2026/09/18 05:15:30.017, 0, 0, 78231
2026/09/18 05:15:30.019, 1, 0, 78223
2026/09/18 05:15:30.019, 2, 0, 78223
2026/09/18 05:15:30.022, 3, 0, 78223
2026/09/18 05:15:30.022, 4, 0, 78223
2026/09/18 05:15:30.022, 5, 0, 78223
2026/09/18 05:15:30.022, 6, 0, 78223
2026/09/18 05:15:30.023, 7, 0, 78223
2026/09/18 05:15:30.524, 0, 0, 78231
2026/09/18 05:15:30.524, 1, 0, 78223
2026/09/18 05:15:30.524, 2, 0, 78223
2026/09/18 05:15:30.524, 3, 0, 78223
2026/09/18 05:15:30.524, 4, 0, 78223
2026/09/18 05:15:30.524, 5, 0, 78223
2026/09/18 05:15:30.524, 6, 0, 78223
2026/09/18 05:15:30.524, 7, 0, 78223
2026/09/18 05:15:31.024, 0, 0, 78231
2026/09/18 05:15:31.026, 1, 0, 78223
2026/09/18 05:15:31.026, 2, 0, 78223
2026/09/18 05:15:31.027, 3, 0, 78223
2026/09/18 05:15:31.027, 4, 0, 78223
2026/09/18 05:15:31.027, 5, 0, 78223
2026/09/18 05:15:31.027, 6, 0, 78223
2026/09/18 05:15:31.027, 7, 0, 78223
2026/09/18 05:15:31.528, 0, 0, 78231
2026/09/18 05:15:31.535, 1, 0, 78223
2026/09/18 05:15:31.535, 2, 0, 78223
2026/09/18 05:15:31.535, 3, 0, 78223
2026/09/18 05:15:31.535, 4, 0, 78223
2026/09/18 05:15:31.535, 5, 0, 78223
2026/09/18 05:15:31.535, 6, 0, 78223
2026/09/18 05:15:31.535, 7, 0, 78223
2026/09/18 05:15:32.035, 0, 0, 78231
2026/09/18 05:15:32.037, 1, 0, 78223
2026/09/18 05:15:32.037, 2, 0, 78223
2026/09/18 05:15:32.039, 3, 0, 78223
2026/09/18 05:15:32.041, 4, 0, 78223
2026/09/18 05:15:32.041, 5, 0, 78223
2026/09/18 05:15:32.041, 6, 0, 78223
2026/09/18 05:15:32.041, 7, 0, 78223
2026/09/18 05:15:32.541, 0, 0, 78231
2026/09/18 05:15:32.541, 1, 0, 78223
2026/09/18 05:15:32.542, 2, 0, 78223
2026/09/18 05:15:32.542, 3, 0, 78223
2026/09/18 05:15:32.542, 4, 0, 78223
2026/09/18 05:15:32.547, 5, 0, 78223
2026/09/18 05:15:32.547, 6, 0, 78223
2026/09/18 05:15:32.547, 7, 0, 78223
2026/09/18 05:15:33.047, 0, 0, 78231
2026/09/18 05:15:33.048, 1, 0, 78223
2026/09/18 05:15:33.050, 2, 0, 78223
2026/09/18 05:15:33.051, 3, 0, 78223
2026/09/18 05:15:33.052, 4, 0, 78223
2026/09/18 05:15:33.053, 5, 0, 78223
2026/09/18 05:15:33.053, 6, 0, 78223
2026/09/18 05:15:33.053, 7, 0, 78223
2026/09/18 05:15:33.553, 0, 0, 78231
2026/09/18 05:15:33.563, 1, 0, 78223
2026/09/18 05:15:33.563, 2, 0, 78223
2026/09/18 05:15:33.563, 3, 0, 78223
2026/09/18 05:15:33.563, 4, 0, 78223
2026/09/18 05:15:33.563, 5, 0, 78223
2026/09/18 05:15:33.563, 6, 0, 78223
2026/09/18 05:15:33.563, 7, 0, 78223
2026/09/18 05:15:34.063, 0, 0, 78231
2026/09/18 05:15:34.063, 1, 0, 78223
2026/09/18 05:15:34.063, 2, 0, 78223
2026/09/18 05:15:34.064, 3, 0, 78223
2026/09/18 05:15:34.064, 4, 0, 78223
2026/09/18 05:15:34.064, 5, 0, 78223
2026/09/18 05:15:34.064, 6, 0, 78223
2026/09/18 05:15:34.064, 7, 0, 78223
2026/09/18 05:15:34.564, 0, 0, 78231
2026/09/18 05:15:34.564, 1, 0, 78223
2026/09/18 05:15:34.564, 2, 0, 78223
2026/09/18 05:15:34.564, 3, 0, 78223
2026/09/18 05:15:34.564, 4, 0, 78223
2026/09/18 05:15:34.564, 5, 0, 78223
2026/09/18 05:15:34.564, 6, 0, 78223
2026/09/18 05:15:34.564, 7, 0, 78223
2026/09/18 05:15:35.064, 0, 0, 78231
2026/09/18 05:15:35.064, 1, 0, 78223
2026/09/18 05:15:35.064, 2, 0, 78223
2026/09/18 05:15:35.064, 3, 0, 78223
2026/09/18 05:15:35.064, 4, 0, 78223
2026/09/18 05:15:35.064, 5, 0, 78223
2026/09/18 05:15:35.064, 6, 0, 78223
2026/09/18 05:15:35.064, 7, 0, 78223
2026/09/18 05:15:35.564, 0, 0, 78231
2026/09/18 05:15:35.565, 1, 0, 78223
2026/09/18 05:15:35.565, 2, 0, 78223
2026/09/18 05:15:35.565, 3, 0, 78223
2026/09/18 05:15:35.565, 4, 0, 78223
2026/09/18 05:15:35.565, 5, 0, 78223
2026/09/18 05:15:35.565, 6, 0, 78223
2026/09/18 05:15:35.565, 7, 0, 78223
2026/09/18 05:15:36.065, 0, 0, 78231
2026/09/18 05:15:36.065, 1, 0, 78223
2026/09/18 05:15:36.065, 2, 0, 78223
2026/09/18 05:15:36.065, 3, 0, 78223
2026/09/18 05:15:36.065, 4, 0, 78223
2026/09/18 05:15:36.066, 5, 0, 78223
2026/09/18 05:15:36.066, 6, 0, 78223
2026/09/18 05:15:36.066, 7, 0, 78223
2026/09/18 05:15:36.566, 0, 0, 78231
2026/09/18 05:15:36.566, 1, 0, 78223
2026/09/18 05:15:36.566, 2, 0, 78223
2026/09/18 05:15:36.566, 3, 0, 78223
2026/09/18 05:15:36.566, 4, 0, 78223
2026/09/18 05:15:36.566, 5, 0, 78223
2026/09/18 05:15:36.566, 6, 0, 78223
2026/09/18 05:15:36.566, 7, 0, 78223
2026/09/18 05:15:37.066, 0, 0, 78231
2026/09/18 05:15:37.066, 1, 0, 78223
2026/09/18 05:15:37.066, 2, 0, 78223
2026/09/18 05:15:37.066, 3, 0, 78223
2026/09/18 05:15:37.066, 4, 0, 78223
2026/09/18 05:15:37.066, 5, 0, 78223
2026/09/18 05:15:37.066, 6, 0, 78223
2026/09/18 05:15:37.066, 7, 0, 78223
2026/09/18 05:15:37.566, 0, 0, 78231
2026/09/18 05:15:37.566, 1, 0, 78223
2026/09/18 05:15:37.566, 2, 0, 78223
2026/09/18 05:15:37.566, 3, 0, 78223
2026/09/18 05:15:37.566, 4, 0, 78223
2026/09/18 05:15:37.566, 5, 0, 78223
2026/09/18 05:15:37.566, 6, 0, 78223
2026/09/18 05:15:37.567, 7, 0, 78223
2026/09/18 05:15:38.067, 0, 0, 78231
2026/09/18 05:15:38.067, 1, 0, 78223
2026/09/18 05:15:38.067, 2, 0, 78223
2026/09/18 05:15:38.067, 3, 0, 78223
2026/09/18 05:15:38.067, 4, 0, 78223
2026/09/18 05:15:38.067, 5, 0, 78223
2026/09/18 05:15:38.067, 6, 0, 78223
2026/09/18 05:15:38.067, 7, 0, 78223
2026/09/18 05:15:38.567, 0, 0, 78231
2026/09/18 05:15:38.567, 1, 0, 78223
2026/09/18 05:15:38.567, 2, 0, 78223
2026/09/18 05:15:38.567, 3, 0, 78223
2026/09/18 05:15:38.567, 4, 0, 78223
2026/09/18 05:15:38.567, 5, 0, 78223
2026/09/18 05:15:38.567, 6, 0, 78223
2026/09/18 05:15:38.568, 7, 0, 78223
2026/09/18 05:15:39.068, 0, 0, 78231
2026/09/18 05:15:39.068, 1, 0, 78223
2026/09/18 05:15:39.068, 2, 0, 78223
2026/09/18 05:15:39.068, 3, 0, 78223
2026/09/18 05:15:39.068, 4, 0, 78223
2026/09/18 05:15:39.068, 5, 0, 78223
2026/09/18 05:15:39.068, 6, 0, 78223
2026/09/18 05:15:39.068, 7, 0, 78223
2026/09/18 05:15:39.568, 0, 0, 78231
2026/09/18 05:15:39.568, 1, 0, 78223
2026/09/18 05:15:39.569, 2, 0, 78223
2026/09/18 05:15:39.569, 3, 0, 78223
2026/09/18 05:15:39.570, 4, 0, 78223
2026/09/18 05:15:39.570, 5, 0, 78223
2026/09/18 05:15:39.571, 6, 0, 78223
2026/09/18 05:15:39.571, 7, 0, 78223
2026/09/18 05:15:40.072, 0, 0, 78231
2026/09/18 05:15:40.072, 1, 0, 78223
2026/09/18 05:15:40.072, 2, 0, 78223
2026/09/18 05:15:40.072, 3, 0, 78223
2026/09/18 05:15:40.072, 4, 0, 78223
2026/09/18 05:15:40.072, 5, 0, 78223
2026/09/18 05:15:40.072, 6, 0, 78223
2026/09/18 05:15:40.072, 7, 0, 78223
2026/09/18 05:15:40.572, 0, 2, 78247
2026/09/18 05:15:40.572, 1, 0, 78223
2026/09/18 05:15:40.572, 2, 0, 78223
2026/09/18 05:15:40.572, 3, 0, 78223
2026/09/18 05:15:40.572, 4, 0, 78223
2026/09/18 05:15:40.572, 5, 0, 78223
2026/09/18 05:15:40.572, 6, 1, 78223
2026/09/18 05:15:40.572, 7, 0, 78223
2026/09/18 05:15:41.072, 0, 12, 78249
2026/09/18 05:15:41.072, 1, 0, 78223
2026/09/18 05:15:41.072, 2, 0, 78223
2026/09/18 05:15:41.072, 3, 0, 78223
2026/09/18 05:15:41.073, 4, 0, 78223
2026/09/18 05:15:41.073, 5, 0, 78223
2026/09/18 05:15:41.073, 6, 0, 78223
2026/09/18 05:15:41.073, 7, 0, 78223
2026/09/18 05:15:41.573, 0, 20, 78251
2026/09/18 05:15:41.573, 1, 0, 78223
2026/09/18 05:15:41.573, 2, 0, 78223
2026/09/18 05:15:41.573, 3, 0, 78223
2026/09/18 05:15:41.573, 4, 0, 78223
2026/09/18 05:15:41.573, 5, 0, 78223
2026/09/18 05:15:41.573, 6, 0, 78223
2026/09/18 05:15:41.573, 7, 0, 78223
2026/09/18 05:15:42.073, 0, 74, 78251
2026/09/18 05:15:42.073, 1, 0, 78223
2026/09/18 05:15:42.073, 2, 0, 78223
2026/09/18 05:15:42.073, 3, 0, 78223
2026/09/18 05:15:42.073, 4, 0, 78223
2026/09/18 05:15:42.073, 5, 0, 78223
2026/09/18 05:15:42.073, 6, 0, 78223
2026/09/18 05:15:42.073, 7, 0, 78223
2026/09/18 05:15:42.573, 0, 40, 78253
2026/09/18 05:15:42.574, 1, 0, 78223
2026/09/18 05:15:42.574, 2, 0, 78223
2026/09/18 05:15:42.574, 3, 0, 78223
2026/09/18 05:15:42.574, 4, 0, 78223
2026/09/18 05:15:42.574, 5, 0, 78223
2026/09/18 05:15:42.574, 6, 0, 78223
2026/09/18 05:15:42.574, 7, 0, 78223
2026/09/18 05:15:43.074, 0, 27, 78255
2026/09/18 05:15:43.074, 1, 1, 78223
2026/09/18 05:15:43.074, 2, 0, 78223
2026/09/18 05:15:43.074, 3, 1, 78223
2026/09/18 05:15:43.074, 4, 0, 78223
2026/09/18 05:15:43.074, 5, 0, 78223
2026/09/18 05:15:43.074, 6, 1, 78223
2026/09/18 05:15:43.074, 7, 1, 78223
2026/09/18 05:15:43.574, 0, 83, 78255
2026/09/18 05:15:43.574, 1, 0, 78223
2026/09/18 05:15:43.574, 2, 0, 78223
2026/09/18 05:15:43.574, 3, 0, 78223
2026/09/18 05:15:43.574, 4, 0, 78223
2026/09/18 05:15:43.575, 5, 0, 78223
2026/09/18 05:15:43.575, 6, 0, 78223
2026/09/18 05:15:43.575, 7, 0, 78223
2026/09/18 05:15:44.075, 0, 12, 78257
2026/09/18 05:15:44.075, 1, 1, 78223
2026/09/18 05:15:44.075, 2, 0, 78223
2026/09/18 05:15:44.075, 3, 1, 78223
2026/09/18 05:15:44.075, 4, 1, 78223
2026/09/18 05:15:44.075, 5, 0, 78223
2026/09/18 05:15:44.075, 6, 1, 78223
2026/09/18 05:15:44.075, 7, 1, 78223
2026/09/18 05:15:44.575, 0, 25, 78259
2026/09/18 05:15:44.575, 1, 0, 78223
2026/09/18 05:15:44.575, 2, 0, 78223
2026/09/18 05:15:44.575, 3, 0, 78223
2026/09/18 05:15:44.575, 4, 0, 78223
2026/09/18 05:15:44.575, 5, 0, 78223
2026/09/18 05:15:44.575, 6, 0, 78223
2026/09/18 05:15:44.575, 7, 0, 78223
2026/09/18 05:15:45.075, 0, 65, 78259
2026/09/18 05:15:45.075, 1, 0, 78223
2026/09/18 05:15:45.076, 2, 0, 78223
2026/09/18 05:15:45.076, 3, 0, 78223
2026/09/18 05:15:45.076, 4, 0, 78223
2026/09/18 05:15:45.076, 5, 0, 78223
2026/09/18 05:15:45.076, 6, 0, 78223
2026/09/18 05:15:45.076, 7, 0, 78223
2026/09/18 05:15:45.576, 0, 12, 78263
2026/09/18 05:15:45.576, 1, 1, 78223
2026/09/18 05:15:45.576, 2, 1, 78223
2026/09/18 05:15:45.576, 3, 1, 78223
2026/09/18 05:15:45.576, 4, 0, 78223
2026/09/18 05:15:45.576, 5, 1, 78223
2026/09/18 05:15:45.576, 6, 0, 78223
2026/09/18 05:15:45.576, 7, 1, 78223
2026/09/18 05:15:46.076, 0, 24, 78263
2026/09/18 05:15:46.076, 1, 0, 78223
2026/09/18 05:15:46.076, 2, 0, 78223
2026/09/18 05:15:46.076, 3, 0, 78223
2026/09/18 05:15:46.076, 4, 0, 78223
2026/09/18 05:15:46.076, 5, 0, 78223
2026/09/18 05:15:46.076, 6, 1, 78223
2026/09/18 05:15:46.076, 7, 0, 78223
2026/09/18 05:15:46.577, 0, 83, 78265
2026/09/18 05:15:46.577, 1, 0, 78223
2026/09/18 05:15:46.577, 2, 0, 78223
2026/09/18 05:15:46.577, 3, 0, 78223
2026/09/18 05:15:46.577, 4, 0, 78223
2026/09/18 05:15:46.577, 5, 0, 78223
2026/09/18 05:15:46.577, 6, 0, 78223
2026/09/18 05:15:46.577, 7, 0, 78223
2026/09/18 05:15:47.077, 0, 36, 78267
2026/09/18 05:15:47.077, 1, 0, 78223
2026/09/18 05:15:47.077, 2, 0, 78223
2026/09/18 05:15:47.077, 3, 0, 78223
2026/09/18 05:15:47.078, 4, 0, 78223
2026/09/18 05:15:47.078, 5, 0, 78223
2026/09/18 05:15:47.078, 6, 0, 78223
2026/09/18 05:15:47.078, 7, 0, 78223
2026/09/18 05:15:47.578, 0, 16, 78269
2026/09/18 05:15:47.578, 1, 0, 78223
2026/09/18 05:15:47.578, 2, 0, 78223
2026/09/18 05:15:47.578, 3, 0, 78223
2026/09/18 05:15:47.578, 4, 0, 78223
2026/09/18 05:15:47.579, 5, 0, 78223
2026/09/18 05:15:47.579, 6, 0, 78223
2026/09/18 05:15:47.579, 7, 0, 78223
2026/09/18 05:15:48.079, 0, 25, 78269
2026/09/18 05:15:48.079, 1, 0, 78223
2026/09/18 05:15:48.080, 2, 1, 78223
2026/09/18 05:15:48.080, 3, 0, 78223
2026/09/18 05:15:48.080, 4, 1, 78223
2026/09/18 05:15:48.080, 5, 0, 78223
2026/09/18 05:15:48.080, 6, 0, 78223
2026/09/18 05:15:48.080, 7, 0, 78223
2026/09/18 05:15:48.580, 0, 77, 78271
2026/09/18 05:15:48.580, 1, 0, 78223
2026/09/18 05:15:48.580, 2, 0, 78223
2026/09/18 05:15:48.580, 3, 0, 78223
2026/09/18 05:15:48.580, 4, 0, 78223
2026/09/18 05:15:48.580, 5, 0, 78223
2026/09/18 05:15:48.580, 6, 0, 78223
2026/09/18 05:15:48.580, 7, 0, 78223
2026/09/18 05:15:49.081, 0, 58, 78271
2026/09/18 05:15:49.081, 1, 0, 78223
2026/09/18 05:15:49.081, 2, 0, 78223
2026/09/18 05:15:49.081, 3, 0, 78223
2026/09/18 05:15:49.081, 4, 0, 78223
2026/09/18 05:15:49.081, 5, 0, 78223
2026/09/18 05:15:49.081, 6, 0, 78223
2026/09/18 05:15:49.081, 7, 0, 78223
2026/09/18 05:15:49.581, 0, 79, 78273
2026/09/18 05:15:49.581, 1, 0, 78223
2026/09/18 05:15:49.581, 2, 0, 78223
2026/09/18 05:15:49.581, 3, 0, 78223
2026/09/18 05:15:49.581, 4, 0, 78223
2026/09/18 05:15:49.581, 5, 0, 78223
2026/09/18 05:15:49.581, 6, 0, 78223
2026/09/18 05:15:49.581, 7, 0, 78223
2026/09/18 05:15:50.081, 0, 61, 78275
2026/09/18 05:15:50.082, 1, 0, 78223
2026/09/18 05:15:50.082, 2, 0, 78223
2026/09/18 05:15:50.082, 3, 0, 78223
2026/09/18 05:15:50.082, 4, 0, 78223
2026/09/18 05:15:50.082, 5, 0, 78223
2026/09/18 05:15:50.082, 6, 0, 78223
2026/09/18 05:15:50.082, 7, 0, 78223
2026/09/18 05:15:50.582, 0, 72, 78275
2026/09/18 05:15:50.582, 1, 0, 78223
2026/09/18 05:15:50.582, 2, 0, 78223
2026/09/18 05:15:50.582, 3, 0, 78223
2026/09/18 05:15:50.583, 4, 0, 78223
2026/09/18 05:15:50.583, 5, 0, 78223
2026/09/18 05:15:50.583, 6, 0, 78223
2026/09/18 05:15:50.583, 7, 0, 78223
2026/09/18 05:15:51.083, 0, 12, 78273
2026/09/18 05:15:51.084, 1, 1, 78223
2026/09/18 05:15:51.084, 2, 1, 78223
2026/09/18 05:15:51.084, 3, 0, 78223
2026/09/18 05:15:51.084, 4, 1, 78223
2026/09/18 05:15:51.085, 5, 0, 78223
2026/09/18 05:15:51.085, 6, 1, 78223
2026/09/18 05:15:51.085, 7, 0, 78223
2026/09/18 05:15:51.585, 0, 0, 78271
2026/09/18 05:15:51.585, 1, 0, 78223
2026/09/18 05:15:51.586, 2, 0, 78223
2026/09/18 05:15:51.586, 3, 0, 78223
2026/09/18 05:15:51.586, 4, 0, 78223
2026/09/18 05:15:51.586, 5, 0, 78223
2026/09/18 05:15:51.586, 6, 0, 78223
2026/09/18 05:15:51.586, 7, 0, 78223
2026/09/18 05:15:52.086, 0, 0, 78271
2026/09/18 05:15:52.086, 1, 0, 78223
2026/09/18 05:15:52.086, 2, 0, 78223
2026/09/18 05:15:52.086, 3, 0, 78223
2026/09/18 05:15:52.086, 4, 0, 78223
2026/09/18 05:15:52.086, 5, 0, 78223
2026/09/18 05:15:52.086, 6, 0, 78223
2026/09/18 05:15:52.086, 7, 0, 78223
2026/09/18 05:15:52.586, 0, 0, 78271
2026/09/18 05:15:52.586, 1, 0, 78223
2026/09/18 05:15:52.586, 2, 0, 78223
2026/09/18 05:15:52.586, 3, 0, 78223
2026/09/18 05:15:52.586, 4, 0, 78223
2026/09/18 05:15:52.586, 5, 0, 78223
2026/09/18 05:15:52.586, 6, 0, 78223
2026/09/18 05:15:52.586, 7, 0, 78223
2026/09/18 05:15:53.087, 0, 0, 78271
2026/09/18 05:15:53.087, 1, 0, 78223
2026/09/18 05:15:53.087, 2, 0, 78223
2026/09/18 05:15:53.087, 3, 0, 78223
2026/09/18 05:15:53.087, 4, 0, 78223
2026/09/18 05:15:53.087, 5, 0, 78223
2026/09/18 05:15:53.087, 6, 0, 78223
2026/09/18 05:15:53.087, 7, 0, 78223
2026/09/18 05:15:53.587, 0, 0, 78271
2026/09/18 05:15:53.587, 1, 0, 78223
2026/09/18 05:15:53.587, 2, 0, 78223
2026/09/18 05:15:53.587, 3, 0, 78223
2026/09/18 05:15:53.587, 4, 0, 78223
2026/09/18 05:15:53.587, 5, 0, 78223
2026/09/18 05:15:53.587, 6, 0, 78223
2026/09/18 05:15:53.587, 7, 0, 78223
2026/09/18 05:15:54.087, 0, 0, 78271
2026/09/18 05:15:54.089, 1, 0, 78223
2026/09/18 05:15:54.090, 2, 0, 78223
2026/09/18 05:15:54.091, 3, 0, 78223
2026/09/18 05:15:54.091, 4, 0, 78223
2026/09/18 05:15:54.091, 5, 0, 78223
2026/09/18 05:15:54.091, 6, 0, 78223
2026/09/18 05:15:54.091, 7, 0, 78223
2026/09/18 05:15:54.591, 0, 0, 78271
2026/09/18 05:15:54.591, 1, 0, 78223
2026/09/18 05:15:54.591, 2, 0, 78223
2026/09/18 05:15:54.591, 3, 0, 78223
2026/09/18 05:15:54.592, 4, 0, 78223
2026/09/18 05:15:54.592, 5, 0, 78223
2026/09/18 05:15:54.592, 6, 0, 78223
2026/09/18 05:15:54.592, 7, 0, 78223
2026/09/18 05:15:55.092, 0, 0, 78271
2026/09/18 05:15:55.092, 1, 0, 78223
2026/09/18 05:15:55.092, 2, 0, 78223
2026/09/18 05:15:55.092, 3, 0, 78223
2026/09/18 05:15:55.092, 4, 0, 78223
2026/09/18 05:15:55.092, 5, 0, 78223
2026/09/18 05:15:55.092, 6, 0, 78223
2026/09/18 05:15:55.092, 7, 0, 78223
2026/09/18 05:15:55.592, 0, 0, 78271
2026/09/18 05:15:55.593, 1, 0, 78223
2026/09/18 05:15:55.593, 2, 0, 78223
2026/09/18 05:15:55.593, 3, 0, 78223
2026/09/18 05:15:55.593, 4, 0, 78223
2026/09/18 05:15:55.593, 5, 0, 78223
2026/09/18 05:15:55.594, 6, 0, 78223
2026/09/18 05:15:55.594, 7, 0, 78223
2026/09/18 05:15:56.094, 0, 0, 78271
2026/09/18 05:15:56.095, 1, 0, 78223
2026/09/18 05:15:56.095, 2, 0, 78223
2026/09/18 05:15:56.096, 3, 0, 78223
2026/09/18 05:15:56.096, 4, 0, 78223
2026/09/18 05:15:56.096, 5, 0, 78223
2026/09/18 05:15:56.096, 6, 0, 78223
2026/09/18 05:15:56.096, 7, 0, 78223
2026/09/18 05:15:56.596, 0, 0, 78271
2026/09/18 05:15:56.596, 1, 0, 78223
2026/09/18 05:15:56.596, 2, 0, 78223
2026/09/18 05:15:56.596, 3, 0, 78223
2026/09/18 05:15:56.596, 4, 0, 78223
2026/09/18 05:15:56.596, 5, 0, 78223
2026/09/18 05:15:56.596, 6, 0, 78223
2026/09/18 05:15:56.596, 7, 0, 78223
2026/09/18 05:15:57.096, 0, 0, 78271
2026/09/18 05:15:57.097, 1, 0, 78223
2026/09/18 05:15:57.097, 2, 0, 78223
2026/09/18 05:15:57.097, 3, 0, 78223
2026/09/18 05:15:57.097, 4, 0, 78223
2026/09/18 05:15:57.097, 5, 0, 78223
2026/09/18 05:15:57.097, 6, 0, 78223
2026/09/18 05:15:57.097, 7, 0, 78223
2026/09/18 05:15:57.597, 0, 0, 78271
2026/09/18 05:15:57.597, 1, 0, 78223
2026/09/18 05:15:57.597, 2, 0, 78223
2026/09/18 05:15:57.597, 3, 0, 78223
2026/09/18 05:15:57.597, 4, 0, 78223
2026/09/18 05:15:57.597, 5, 0, 78223
2026/09/18 05:15:57.597, 6, 0, 78223
2026/09/18 05:15:57.597, 7, 0, 78223
2026/09/18 05:15:58.097, 0, 0, 78271
2026/09/18 05:15:58.097, 1, 0, 78223
2026/09/18 05:15:58.097, 2, 0, 78223
2026/09/18 05:15:58.097, 3, 0, 78223
2026/09/18 05:15:58.097, 4, 0, 78223
2026/09/18 05:15:58.097, 5, 0, 78223
2026/09/18 05:15:58.097, 6, 0, 78223
2026/09/18 05:15:58.097, 7, 0, 78223
2026/09/18 05:15:58.597, 0, 0, 78271
2026/09/18 05:15:58.598, 1, 0, 78223
2026/09/18 05:15:58.598, 2, 0, 78223
2026/09/18 05:15:58.598, 3, 0, 78223
2026/09/18 05:15:58.598, 4, 0, 78223
2026/09/18 05:15:58.598, 5, 0, 78223
2026/09/18 05:15:58.598, 6, 0, 78223
2026/09/18 05:15:58.598, 7, 0, 78223
2026/09/18 05:15:59.098, 0, 0, 78271
2026/09/18 05:15:59.098, 1, 0, 78223
2026/09/18 05:15:59.098, 2, 0, 78223
2026/09/18 05:15:59.098, 3, 0, 78223
2026/09/18 05:15:59.098, 4, 0, 78223
2026/09/18 05:15:59.098, 5, 0, 78223
2026/09/18 05:15:59.098, 6, 0, 78223
2026/09/18 05:15:59.098, 7, 0, 78223
2026/09/18 05:15:59.599, 0, 0, 78271
2026/09/18 05:15:59.600, 1, 0, 78223
2026/09/18 05:15:59.600, 2, 0, 78223
2026/09/18 05:15:59.601, 3, 0, 78223
2026/09/18 05:15:59.602, 4, 0, 78223
2026/09/18 05:15:59.602, 5, 0, 78223
2026/09/18 05:15:59.603, 6, 0, 78223
2026/09/18 05:15:59.603, 7, 0, 78223
2026/09/18 05:16:00.104, 0, 0, 78271
2026/09/18 05:16:00.104, 1, 0, 78223
2026/09/18 05:16:00.104, 2, 0, 78223
2026/09/18 05:16:00.104, 3, 0, 78223
2026/09/18 05:16:00.104, 4, 0, 78223
2026/09/18 05:16:00.104, 5, 0, 78223
2026/09/18 05:16:00.104, 6, 0, 78223
2026/09/18 05:16:00.104, 7, 0, 78223
2026/09/18 05:16:00.604, 0, 0, 78271
2026/09/18 05:16:00.604, 1, 0, 78223
2026/09/18 05:16:00.604, 2, 0, 78223
2026/09/18 05:16:00.604, 3, 0, 78223
2026/09/18 05:16:00.604, 4, 0, 78223
2026/09/18 05:16:00.604, 5, 0, 78223
2026/09/18 05:16:00.604, 6, 0, 78223
2026/09/18 05:16:00.604, 7, 0, 78223
2026/09/18 05:16:01.104, 0, 0, 78271
2026/09/18 05:16:01.104, 1, 0, 78223
2026/09/18 05:16:01.104, 2, 0, 78223
2026/09/18 05:16:01.104, 3, 0, 78223
2026/09/18 05:16:01.104, 4, 0, 78223
2026/09/18 05:16:01.104, 5, 0, 78223
2026/09/18 05:16:01.104, 6, 0, 78223
2026/09/18 05:16:01.105, 7, 0, 78223
2026/09/18 05:16:01.605, 0, 0, 78271
2026/09/18 05:16:01.605, 1, 0, 78223
2026/09/18 05:16:01.605, 2, 0, 78223
2026/09/18 05:16:01.605, 3, 0, 78223
2026/09/18 05:16:01.605, 4, 0, 78223
2026/09/18 05:16:01.605, 5, 0, 78223
2026/09/18 05:16:01.605, 6, 0, 78223
2026/09/18 05:16:01.605, 7, 0, 78223
2026/09/18 05:16:02.105, 0, 0, 78271
2026/09/18 05:16:02.105, 1, 0, 78223
2026/09/18 05:16:02.105, 2, 0, 78223
2026/09/18 05:16:02.105, 3, 0, 78223
2026/09/18 05:16:02.105, 4, 0, 78223
2026/09/18 05:16:02.105, 5, 0, 78223
2026/09/18 05:16:02.105, 6, 0, 78223
2026/09/18 05:16:02.105, 7, 0, 78223
2026/09/18 05:16:02.605, 0, 0, 78271
2026/09/18 05:16:02.605, 1, 0, 78223
2026/09/18 05:16:02.605, 2, 0, 78223
2026/09/18 05:16:02.605, 3, 0, 78223
2026/09/18 05:16:02.605, 4, 0, 78223
2026/09/18 05:16:02.605, 5, 0, 78223
2026/09/18 05:16:02.606, 6, 0, 78223
2026/09/18 05:16:02.606, 7, 0, 78223
2026/09/18 05:16:03.106, 0, 0, 78271
2026/09/18 05:16:03.106, 1, 0, 78223
2026/09/18 05:16:03.106, 2, 0, 78223
2026/09/18 05:16:03.106, 3, 0, 78223
2026/09/18 05:16:03.106, 4, 0, 78223
2026/09/18 05:16:03.106, 5, 0, 78223
2026/09/18 05:16:03.106, 6, 0, 78223
2026/09/18 05:16:03.106, 7, 0, 78223
2026/09/18 05:16:03.606, 0, 0, 78271
2026/09/18 05:16:03.607, 1, 0, 78223
2026/09/18 05:16:03.607, 2, 0, 78223
2026/09/18 05:16:03.607, 3, 0, 78223
2026/09/18 05:16:03.607, 4, 0, 78223
2026/09/18 05:16:03.607, 5, 0, 78223
2026/09/18 05:16:03.607, 6, 0, 78223
2026/09/18 05:16:03.607, 7, 0, 78223
2026/09/18 05:16:04.107, 0, 0, 78271
2026/09/18 05:16:04.107, 1, 0, 78223
2026/09/18 05:16:04.107, 2, 0, 78223
2026/09/18 05:16:04.107, 3, 0, 78223
2026/09/18 05:16:04.107, 4, 0, 78223
2026/09/18 05:16:04.107, 5, 0, 78223
2026/09/18 05:16:04.107, 6, 0, 78223
2026/09/18 05:16:04.107, 7, 0, 78223
2026/09/18 05:16:04.608, 0, 0, 78271
2026/09/18 05:16:04.608, 1, 0, 78223
2026/09/18 05:16:04.608, 2, 0, 78223
2026/09/18 05:16:04.608, 3, 0, 78223
2026/09/18 05:16:04.608, 4, 0, 78223
2026/09/18 05:16:04.608, 5, 0, 78223
2026/09/18 05:16:04.608, 6, 0, 78223
2026/09/18 05:16:04.608, 7, 0, 78223
2026/09/18 05:16:05.108, 0, 0, 78271
2026/09/18 05:16:05.108, 1, 0, 78223
2026/09/18 05:16:05.108, 2, 0, 78223
2026/09/18 05:16:05.108, 3, 0, 78223
2026/09/18 05:16:05.108, 4, 0, 78223
2026/09/18 05:16:05.108, 5, 0, 78223
2026/09/18 05:16:05.108, 6, 0, 78223
2026/09/18 05:16:05.108, 7, 0, 78223
2026/09/18 05:16:05.608, 0, 0, 78271
2026/09/18 05:16:05.608, 1, 0, 78223
2026/09/18 05:16:05.608, 2, 0, 78223
2026/09/18 05:16:05.608, 3, 0, 78223
2026/09/18 05:16:05.608, 4, 0, 78223
2026/09/18 05:16:05.608, 5, 0, 78223
2026/09/18 05:16:05.608, 6, 0, 78223
2026/09/18 05:16:05.608, 7, 0, 78223
2026/09/18 05:16:06.108, 0, 0, 78271
2026/09/18 05:16:06.109, 1, 0, 78223
2026/09/18 05:16:06.109, 2, 0, 78223
2026/09/18 05:16:06.109, 3, 0, 78223
2026/09/18 05:16:06.109, 4, 0, 78223
2026/09/18 05:16:06.109, 5, 0, 78223
2026/09/18 05:16:06.109, 6, 0, 78223
2026/09/18 05:16:06.109, 7, 0, 78223
2026/09/18 05:16:06.609, 0, 0, 78271
2026/09/18 05:16:06.609, 1, 0, 78223
2026/09/18 05:16:06.609, 2, 0, 78223
2026/09/18 05:16:06.609, 3, 0, 78223
2026/09/18 05:16:06.609, 4, 0, 78223
2026/09/18 05:16:06.609, 5, 0, 78223
2026/09/18 05:16:06.609, 6, 0, 78223
2026/09/18 05:16:06.609, 7, 0, 78223
2026/09/18 05:16:07.109, 0, 0, 78271
2026/09/18 05:16:07.110, 1, 0, 78223
2026/09/18 05:16:07.110, 2, 0, 78223
2026/09/18 05:16:07.110, 3, 0, 78223
2026/09/18 05:16:07.110, 4, 0, 78223
2026/09/18 05:16:07.110, 5, 0, 78223
2026/09/18 05:16:07.110, 6, 0, 78223
2026/09/18 05:16:07.110, 7, 0, 78223
2026/09/18 05:16:07.611, 0, 0, 78271
2026/09/18 05:16:07.611, 1, 0, 78223
2026/09/18 05:16:07.611, 2, 0, 78223
2026/09/18 05:16:07.611, 3, 0, 78223
2026/09/18 05:16:07.611, 4, 0, 78223
2026/09/18 05:16:07.611, 5, 0, 78223
2026/09/18 05:16:07.611, 6, 0, 78223
2026/09/18 05:16:07.611, 7, 0, 78223
2026/09/18 05:16:08.111, 0, 0, 78271
2026/09/18 05:16:08.111, 1, 0, 78223
2026/09/18 05:16:08.111, 2, 0, 78223
2026/09/18 05:16:08.111, 3, 0, 78223
2026/09/18 05:16:08.111, 4, 0, 78223
2026/09/18 05:16:08.111, 5, 0, 78223
2026/09/18 05:16:08.111, 6, 0, 78223
2026/09/18 05:16:08.111, 7, 0, 78223
2026/09/18 05:16:08.611, 0, 0, 78271
2026/09/18 05:16:08.611, 1, 0, 78223
2026/09/18 05:16:08.611, 2, 0, 78223
2026/09/18 05:16:08.611, 3, 0, 78223
2026/09/18 05:16:08.611, 4, 0, 78223
2026/09/18 05:16:08.611, 5, 0, 78223
2026/09/18 05:16:08.611, 6, 0, 78223
2026/09/18 05:16:08.611, 7, 0, 78223
2026/09/18 05:16:09.112, 0, 0, 78271
2026/09/18 05:16:09.112, 1, 0, 78223
2026/09/18 05:16:09.112, 2, 0, 78223
2026/09/18 05:16:09.112, 3, 0, 78223
2026/09/18 05:16:09.112, 4, 0, 78223
2026/09/18 05:16:09.112, 5, 0, 78223
2026/09/18 05:16:09.112, 6, 0, 78223
2026/09/18 05:16:09.112, 7, 0, 78223
2026/09/18 05:16:09.612, 0, 0, 78271
2026/09/18 05:16:09.612, 1, 0, 78223
2026/09/18 05:16:09.612, 2, 0, 78223
2026/09/18 05:16:09.612, 3, 0, 78223
2026/09/18 05:16:09.612, 4, 0, 78223
2026/09/18 05:16:09.612, 5, 0, 78223
2026/09/18 05:16:09.612, 6, 0, 78223
2026/09/18 05:16:09.612, 7, 0, 78223
2026/09/18 05:16:10.112, 0, 0, 78271
2026/09/18 05:16:10.112, 1, 0, 78223
2026/09/18 05:16:10.113, 2, 0, 78223
2026/09/18 05:16:10.113, 3, 0, 78223
2026/09/18 05:16:10.113, 4, 0, 78223
2026/09/18 05:16:10.113, 5, 0, 78223
2026/09/18 05:16:10.113, 6, 0, 78223
2026/09/18 05:16:10.113, 7, 0, 78223
2026/09/18 05:16:10.613, 0, 0, 78271
2026/09/18 05:16:10.613, 1, 0, 78223
2026/09/18 05:16:10.613, 2, 0, 78223
2026/09/18 05:16:10.613, 3, 0, 78223
2026/09/18 05:16:10.613, 4, 0, 78223
2026/09/18 05:16:10.613, 5, 0, 78223
2026/09/18 05:16:10.613, 6, 0, 78223
2026/09/18 05:16:10.613, 7, 0, 78223
2026/09/18 05:16:11.113, 0, 0, 78271
2026/09/18 05:16:11.113, 1, 0, 78223
2026/09/18 05:16:11.113, 2, 0, 78223
2026/09/18 05:16:11.113, 3, 0, 78223
2026/09/18 05:16:11.113, 4, 0, 78223
2026/09/18 05:16:11.114, 5, 0, 78223
2026/09/18 05:16:11.114, 6, 0, 78223
2026/09/18 05:16:11.114, 7, 0, 78223
2026/09/18 05:16:11.614, 0, 0, 78271
2026/09/18 05:16:11.614, 1, 0, 78223
2026/09/18 05:16:11.614, 2, 0, 78223
2026/09/18 05:16:11.614, 3, 0, 78223
2026/09/18 05:16:11.614, 4, 0, 78223
2026/09/18 05:16:11.614, 5, 0, 78223
2026/09/18 05:16:11.614, 6, 0, 78223
2026/09/18 05:16:11.614, 7, 0, 78223
2026/09/18 05:16:12.114, 0, 0, 78271
2026/09/18 05:16:12.114, 1, 0, 78223
2026/09/18 05:16:12.114, 2, 0, 78223
2026/09/18 05:16:12.114, 3, 0, 78223
2026/09/18 05:16:12.114, 4, 0, 78223
2026/09/18 05:16:12.114, 5, 0, 78223
2026/09/18 05:16:12.114, 6, 0, 78223
2026/09/18 05:16:12.114, 7, 0, 78223
2026/09/18 05:16:12.615, 0, 0, 78271
2026/09/18 05:16:12.615, 1, 0, 78223
2026/09/18 05:16:12.615, 2, 0, 78223
2026/09/18 05:16:12.615, 3, 0, 78223
2026/09/18 05:16:12.615, 4, 0, 78223
2026/09/18 05:16:12.615, 5, 0, 78223
2026/09/18 05:16:12.615, 6, 0, 78223
2026/09/18 05:16:12.615, 7, 0, 78223
2026/09/18 05:16:13.115, 0, 0, 78271
2026/09/18 05:16:13.115, 1, 0, 78223
2026/09/18 05:16:13.115, 2, 0, 78223
2026/09/18 05:16:13.115, 3, 0, 78223
2026/09/18 05:16:13.115, 4, 0, 78223
2026/09/18 05:16:13.115, 5, 0, 78223
2026/09/18 05:16:13.115, 6, 0, 78223
2026/09/18 05:16:13.115, 7, 0, 78223
2026/09/18 05:16:13.615, 0, 0, 78271
2026/09/18 05:16:13.615, 1, 0, 78223
2026/09/18 05:16:13.615, 2, 0, 78223
2026/09/18 05:16:13.615, 3, 0, 78223
2026/09/18 05:16:13.615, 4, 0, 78223
2026/09/18 05:16:13.615, 5, 0, 78223
2026/09/18 05:16:13.615, 6, 0, 78223
2026/09/18 05:16:13.615, 7, 0, 78223
2026/09/18 05:16:14.115, 0, 0, 78271
2026/09/18 05:16:14.116, 1, 0, 78223
2026/09/18 05:16:14.116, 2, 0, 78223
2026/09/18 05:16:14.116, 3, 0, 78223
2026/09/18 05:16:14.116, 4, 0, 78223
2026/09/18 05:16:14.116, 5, 0, 78223
2026/09/18 05:16:14.116, 6, 0, 78223
2026/09/18 05:16:14.116, 7, 0, 78223
2026/09/18 05:16:14.616, 0, 0, 78271
2026/09/18 05:16:14.616, 1, 0, 78223
2026/09/18 05:16:14.616, 2, 0, 78223
2026/09/18 05:16:14.616, 3, 0, 78223
2026/09/18 05:16:14.616, 4, 0, 78223
2026/09/18 05:16:14.616, 5, 0, 78223
2026/09/18 05:16:14.616, 6, 0, 78223
2026/09/18 05:16:14.616, 7, 0, 78223
2026/09/18 05:16:15.116, 0, 0, 78271
2026/09/18 05:16:15.116, 1, 0, 78223
2026/09/18 05:16:15.116, 2, 0, 78223
2026/09/18 05:16:15.116, 3, 0, 78223
2026/09/18 05:16:15.116, 4, 0, 78223
2026/09/18 05:16:15.116, 5, 0, 78223
2026/09/18 05:16:15.116, 6, 0, 78223
2026/09/18 05:16:15.116, 7, 0, 78223
2026/09/18 05:16:15.616, 0, 0, 78271
2026/09/18 05:16:15.617, 1, 0, 78223
2026/09/18 05:16:15.617, 2, 0, 78223
2026/09/18 05:16:15.617, 3, 0, 78223
2026/09/18 05:16:15.617, 4, 0, 78223
2026/09/18 05:16:15.617, 5, 0, 78223
2026/09/18 05:16:15.617, 6, 0, 78223
2026/09/18 05:16:15.617, 7, 0, 78223
2026/09/18 05:16:16.117, 0, 0, 78271
2026/09/18 05:16:16.117, 1, 0, 78223
2026/09/18 05:16:16.118, 2, 0, 78223
2026/09/18 05:16:16.118, 3, 0, 78223
2026/09/18 05:16:16.118, 4, 0, 78223
2026/09/18 05:16:16.118, 5, 0, 78223
2026/09/18 05:16:16.118, 6, 0, 78223
2026/09/18 05:16:16.118, 7, 0, 78223
2026/09/18 05:16:16.618, 0, 0, 78271
2026/09/18 05:16:16.618, 1, 0, 78223
2026/09/18 05:16:16.618, 2, 0, 78223
2026/09/18 05:16:16.618, 3, 0, 78223
2026/09/18 05:16:16.618, 4, 0, 78223
2026/09/18 05:16:16.618, 5, 0, 78223
2026/09/18 05:16:16.618, 6, 0, 78223
2026/09/18 05:16:16.618, 7, 0, 78223
2026/09/18 05:16:17.118, 0, 0, 78271
2026/09/18 05:16:17.118, 1, 0, 78223
2026/09/18 05:16:17.118, 2, 0, 78223
2026/09/18 05:16:17.118, 3, 0, 78223
2026/09/18 05:16:17.118, 4, 0, 78223
2026/09/18 05:16:17.118, 5, 0, 78223
2026/09/18 05:16:17.118, 6, 0, 78223
2026/09/18 05:16:17.118, 7, 0, 78223
2026/09/18 05:16:17.618, 0, 0, 78271
2026/09/18 05:16:17.618, 1, 0, 78223
2026/09/18 05:16:17.619, 2, 0, 78223
2026/09/18 05:16:17.619, 3, 0, 78223
2026/09/18 05:16:17.619, 4, 0, 78223
2026/09/18 05:16:17.619, 5, 0, 78223
2026/09/18 05:16:17.619, 6, 0, 78223
2026/09/18 05:16:17.619, 7, 0, 78223
2026/09/18 05:16:18.119, 0, 0, 78271
2026/09/18 05:16:18.119, 1, 0, 78223
2026/09/18 05:16:18.119, 2, 0, 78223
2026/09/18 05:16:18.119, 3, 0, 78223
2026/09/18 05:16:18.119, 4, 0, 78223
2026/09/18 05:16:18.119, 5, 0, 78223
2026/09/18 05:16:18.119, 6, 0, 78223
2026/09/18 05:16:18.119, 7, 0, 78223
2026/09/18 05:16:18.619, 0, 0, 78271
2026/09/18 05:16:18.619, 1, 0, 78223
2026/09/18 05:16:18.619, 2, 0, 78223
2026/09/18 05:16:18.619, 3, 0, 78223
2026/09/18 05:16:18.619, 4, 0, 78223
2026/09/18 05:16:18.619, 5, 0, 78223
2026/09/18 05:16:18.619, 6, 0, 78223
2026/09/18 05:16:18.619, 7, 0, 78223
2026/09/18 05:16:19.119, 0, 0, 78271
2026/09/18 05:16:19.120, 1, 0, 78223
2026/09/18 05:16:19.120, 2, 0, 78223
2026/09/18 05:16:19.120, 3, 0, 78223
2026/09/18 05:16:19.121, 4, 0, 78223
2026/09/18 05:16:19.121, 5, 0, 78223
2026/09/18 05:16:19.121, 6, 0, 78223
2026/09/18 05:16:19.121, 7, 0, 78223
2026/09/18 05:16:19.621, 0, 0, 78271
2026/09/18 05:16:19.621, 1, 0, 78223
2026/09/18 05:16:19.621, 2, 0, 78223
2026/09/18 05:16:19.621, 3, 0, 78223
2026/09/18 05:16:19.622, 4, 0, 78223
2026/09/18 05:16:19.622, 5, 0, 78223
2026/09/18 05:16:19.622, 6, 0, 78223
2026/09/18 05:16:19.622, 7, 0, 78223
2026/09/18 05:16:20.122, 0, 0, 78271
2026/09/18 05:16:20.122, 1, 0, 78223
2026/09/18 05:16:20.122, 2, 0, 78223
2026/09/18 05:16:20.122, 3, 0, 78223
2026/09/18 05:16:20.122, 4, 0, 78223
2026/09/18 05:16:20.122, 5, 0, 78223
2026/09/18 05:16:20.122, 6, 0, 78223
2026/09/18 05:16:20.122, 7, 0, 78223
2026/09/18 05:16:20.622, 0, 0, 78271
2026/09/18 05:16:20.622, 1, 0, 78223
2026/09/18 05:16:20.622, 2, 0, 78223
2026/09/18 05:16:20.622, 3, 0, 78223
2026/09/18 05:16:20.622, 4, 0, 78223
2026/09/18 05:16:20.622, 5, 0, 78223
2026/09/18 05:16:20.622, 6, 0, 78223
2026/09/18 05:16:20.622, 7, 0, 78223
2026/09/18 05:16:21.123, 0, 0, 78271
2026/09/18 05:16:21.123, 1, 0, 78223
2026/09/18 05:16:21.123, 2, 0, 78223
2026/09/18 05:16:21.123, 3, 0, 78223
2026/09/18 05:16:21.123, 4, 0, 78223
2026/09/18 05:16:21.123, 5, 0, 78223
2026/09/18 05:16:21.123, 6, 0, 78223
2026/09/18 05:16:21.123, 7, 0, 78223
2026/09/18 05:16:21.623, 0, 0, 78271
2026/09/18 05:16:21.623, 1, 0, 78223
2026/09/18 05:16:21.623, 2, 0, 78223
2026/09/18 05:16:21.623, 3, 0, 78223
2026/09/18 05:16:21.623, 4, 0, 78223
2026/09/18 05:16:21.623, 5, 0, 78223
2026/09/18 05:16:21.623, 6, 0, 78223
2026/09/18 05:16:21.623, 7, 0, 78223
2026/09/18 05:16:22.123, 0, 0, 78271
2026/09/18 05:16:22.123, 1, 0, 78223
2026/09/18 05:16:22.123, 2, 0, 78223
2026/09/18 05:16:22.123, 3, 0, 78223
2026/09/18 05:16:22.123, 4, 0, 78223
2026/09/18 05:16:22.123, 5, 0, 78223
2026/09/18 05:16:22.123, 6, 0, 78223
2026/09/18 05:16:22.123, 7, 0, 78223
2026/09/18 05:16:22.623, 0, 0, 78271
2026/09/18 05:16:22.624, 1, 0, 78223
2026/09/18 05:16:22.624, 2, 0, 78223
2026/09/18 05:16:22.624, 3, 0, 78223
2026/09/18 05:16:22.624, 4, 0, 78223
2026/09/18 05:16:22.624, 5, 0, 78223
2026/09/18 05:16:22.624, 6, 0, 78223
2026/09/18 05:16:22.624, 7, 0, 78223
2026/09/18 05:16:23.124, 0, 0, 78271
2026/09/18 05:16:23.124, 1, 0, 78223
2026/09/18 05:16:23.124, 2, 0, 78223
2026/09/18 05:16:23.124, 3, 0, 78223
2026/09/18 05:16:23.124, 4, 0, 78223
2026/09/18 05:16:23.124, 5, 0, 78223
2026/09/18 05:16:23.124, 6, 0, 78223
2026/09/18 05:16:23.124, 7, 0, 78223
2026/09/18 05:16:23.624, 0, 0, 78271
2026/09/18 05:16:23.624, 1, 0, 78223
2026/09/18 05:16:23.624, 2, 0, 78223
2026/09/18 05:16:23.625, 3, 0, 78223
2026/09/18 05:16:23.625, 4, 0, 78223
2026/09/18 05:16:23.625, 5, 0, 78223
2026/09/18 05:16:23.625, 6, 0, 78223
2026/09/18 05:16:23.625, 7, 0, 78223
2026/09/18 05:16:24.125, 0, 0, 78271
2026/09/18 05:16:24.125, 1, 0, 78223
2026/09/18 05:16:24.125, 2, 0, 78223
2026/09/18 05:16:24.125, 3, 0, 78223
2026/09/18 05:16:24.125, 4, 0, 78223
2026/09/18 05:16:24.125, 5, 0, 78223
2026/09/18 05:16:24.125, 6, 0, 78223
2026/09/18 05:16:24.125, 7, 0, 78223
2026/09/18 05:16:24.625, 0, 0, 78271
2026/09/18 05:16:24.625, 1, 0, 78223
2026/09/18 05:16:24.625, 2, 0, 78223
2026/09/18 05:16:24.625, 3, 0, 78223
2026/09/18 05:16:24.625, 4, 0, 78223
2026/09/18 05:16:24.625, 5, 0, 78223
2026/09/18 05:16:24.625, 6, 0, 78223
2026/09/18 05:16:24.625, 7, 0, 78223
2026/09/18 05:16:25.125, 0, 0, 78271
2026/09/18 05:16:25.125, 1, 0, 78223
2026/09/18 05:16:25.125, 2, 0, 78223
2026/09/18 05:16:25.125, 3, 0, 78223
2026/09/18 05:16:25.125, 4, 0, 78223
2026/09/18 05:16:25.126, 5, 0, 78223
2026/09/18 05:16:25.126, 6, 0, 78223
2026/09/18 05:16:25.126, 7, 0, 78223
2026/09/18 05:16:25.626, 0, 0, 78271
2026/09/18 05:16:25.626, 1, 0, 78223
2026/09/18 05:16:25.626, 2, 0, 78223
2026/09/18 05:16:25.626, 3, 0, 78223
2026/09/18 05:16:25.626, 4, 0, 78223
2026/09/18 05:16:25.626, 5, 0, 78223
2026/09/18 05:16:25.626, 6, 0, 78223
2026/09/18 05:16:25.626, 7, 0, 78223
2026/09/18 05:16:26.126, 0, 0, 78271
2026/09/18 05:16:26.126, 1, 0, 78223
2026/09/18 05:16:26.126, 2, 0, 78223
2026/09/18 05:16:26.126, 3, 0, 78223
2026/09/18 05:16:26.126, 4, 0, 78223
2026/09/18 05:16:26.126, 5, 0, 78223
2026/09/18 05:16:26.126, 6, 0, 78223
2026/09/18 05:16:26.126, 7, 0, 78223
2026/09/18 05:16:26.626, 0, 0, 78271
2026/09/18 05:16:26.626, 1, 0, 78223
2026/09/18 05:16:26.627, 2, 0, 78223
2026/09/18 05:16:26.627, 3, 0, 78223
2026/09/18 05:16:26.627, 4, 0, 78223
2026/09/18 05:16:26.627, 5, 0, 78223
2026/09/18 05:16:26.627, 6, 0, 78223
2026/09/18 05:16:26.627, 7, 0, 78223
2026/09/18 05:16:27.127, 0, 0, 78271
2026/09/18 05:16:27.127, 1, 0, 78223
2026/09/18 05:16:27.127, 2, 0, 78223
2026/09/18 05:16:27.127, 3, 0, 78223
2026/09/18 05:16:27.127, 4, 0, 78223
2026/09/18 05:16:27.127, 5, 0, 78223
2026/09/18 05:16:27.127, 6, 0, 78223
2026/09/18 05:16:27.127, 7, 0, 78223
2026/09/18 05:16:27.627, 0, 0, 78271
2026/09/18 05:16:27.628, 1, 0, 78223
2026/09/18 05:16:27.628, 2, 0, 78223
2026/09/18 05:16:27.628, 3, 0, 78223
2026/09/18 05:16:27.628, 4, 0, 78223
2026/09/18 05:16:27.628, 5, 0, 78223
2026/09/18 05:16:27.628, 6, 0, 78223
2026/09/18 05:16:27.628, 7, 0, 78223
2026/09/18 05:16:28.128, 0, 0, 78271
2026/09/18 05:16:28.128, 1, 0, 78223
2026/09/18 05:16:28.128, 2, 0, 78223
2026/09/18 05:16:28.128, 3, 0, 78223
2026/09/18 05:16:28.128, 4, 0, 78223
2026/09/18 05:16:28.128, 5, 0, 78223
2026/09/18 05:16:28.128, 6, 0, 78223
2026/09/18 05:16:28.128, 7, 0, 78223
2026/09/18 05:16:28.628, 0, 0, 78271
2026/09/18 05:16:28.628, 1, 0, 78223
2026/09/18 05:16:28.628, 2, 0, 78223
2026/09/18 05:16:28.628, 3, 0, 78223
2026/09/18 05:16:28.628, 4, 0, 78223
2026/09/18 05:16:28.628, 5, 0, 78223
2026/09/18 05:16:28.628, 6, 0, 78223
2026/09/18 05:16:28.628, 7, 0, 78223
2026/09/18 05:16:29.128, 0, 0, 78271
2026/09/18 05:16:29.128, 1, 0, 78223
2026/09/18 05:16:29.128, 2, 0, 78223
2026/09/18 05:16:29.128, 3, 0, 78223
2026/09/18 05:16:29.128, 4, 0, 78223
2026/09/18 05:16:29.128, 5, 0, 78223
2026/09/18 05:16:29.129, 6, 0, 78223
2026/09/18 05:16:29.129, 7, 0, 78223
2026/09/18 05:16:29.629, 0, 0, 78271
2026/09/18 05:16:29.629, 1, 0, 78223
2026/09/18 05:16:29.629, 2, 0, 78223
2026/09/18 05:16:29.629, 3, 0, 78223
2026/09/18 05:16:29.629, 4, 0, 78223
2026/09/18 05:16:29.629, 5, 0, 78223
2026/09/18 05:16:29.629, 6, 0, 78223
2026/09/18 05:16:29.629, 7, 0, 78223
2026/09/18 05:16:30.129, 0, 0, 78271
2026/09/18 05:16:30.129, 1, 0, 78223
2026/09/18 05:16:30.129, 2, 0, 78223
2026/09/18 05:16:30.129, 3, 0, 78223
2026/09/18 05:16:30.129, 4, 0, 78223
2026/09/18 05:16:30.129, 5, 0, 78223
2026/09/18 05:16:30.129, 6, 0, 78223
2026/09/18 05:16:30.129, 7, 0, 78223
2026/09/18 05:16:30.629, 0, 0, 78271
2026/09/18 05:16:30.630, 1, 0, 78223
2026/09/18 05:16:30.630, 2, 0, 78223
2026/09/18 05:16:30.631, 3, 0, 78223
2026/09/18 05:16:30.631, 4, 0, 78223
2026/09/18 05:16:30.632, 5, 0, 78223
2026/09/18 05:16:30.632, 6, 0, 78223
2026/09/18 05:16:30.633, 7, 0, 78223
2026/09/18 05:16:31.133, 0, 0, 78271
2026/09/18 05:16:31.133, 1, 0, 78223
2026/09/18 05:16:31.133, 2, 0, 78223
2026/09/18 05:16:31.133, 3, 0, 78223
2026/09/18 05:16:31.133, 4, 0, 78223
2026/09/18 05:16:31.133, 5, 0, 78223
2026/09/18 05:16:31.133, 6, 0, 78223
2026/09/18 05:16:31.133, 7, 0, 78223
2026/09/18 05:16:31.633, 0, 0, 78271
2026/09/18 05:16:31.634, 1, 0, 78223
2026/09/18 05:16:31.634, 2, 0, 78223
2026/09/18 05:16:31.634, 3, 0, 78223
2026/09/18 05:16:31.634, 4, 0, 78223
2026/09/18 05:16:31.634, 5, 0, 78223
2026/09/18 05:16:31.634, 6, 0, 78223
2026/09/18 05:16:31.634, 7, 0, 78223
2026/09/18 05:16:32.134, 0, 0, 78271
2026/09/18 05:16:32.134, 1, 0, 78223
2026/09/18 05:16:32.134, 2, 0, 78223
2026/09/18 05:16:32.134, 3, 0, 78223
2026/09/18 05:16:32.134, 4, 0, 78223
2026/09/18 05:16:32.134, 5, 0, 78223
2026/09/18 05:16:32.134, 6, 0, 78223
2026/09/18 05:16:32.134, 7, 0, 78223
2026/09/18 05:16:32.634, 0, 0, 78271
2026/09/18 05:16:32.634, 1, 0, 78223
2026/09/18 05:16:32.634, 2, 0, 78223
2026/09/18 05:16:32.634, 3, 0, 78223
2026/09/18 05:16:32.634, 4, 0, 78223
2026/09/18 05:16:32.634, 5, 0, 78223
2026/09/18 05:16:32.634, 6, 0, 78223
2026/09/18 05:16:32.634, 7, 0, 78223
2026/09/18 05:16:33.134, 0, 0, 78271
2026/09/18 05:16:33.134, 1, 0, 78223
2026/09/18 05:16:33.135, 2, 0, 78223
2026/09/18 05:16:33.135, 3, 0, 78223
2026/09/18 05:16:33.135, 4, 0, 78223
2026/09/18 05:16:33.135, 5, 0, 78223
2026/09/18 05:16:33.135, 6, 0, 78223
2026/09/18 05:16:33.135, 7, 0, 78223
2026/09/18 05:16:33.635, 0, 0, 78271
2026/09/18 05:16:33.635, 1, 0, 78223
2026/09/18 05:16:33.636, 2, 0, 78223
2026/09/18 05:16:33.636, 3, 0, 78223
2026/09/18 05:16:33.636, 4, 0, 78223
2026/09/18 05:16:33.636, 5, 0, 78223
2026/09/18 05:16:33.636, 6, 0, 78223
2026/09/18 05:16:33.636, 7, 0, 78223
2026/09/18 05:16:34.136, 0, 0, 78271
2026/09/18 05:16:34.136, 1, 0, 78223
2026/09/18 05:16:34.136, 2, 0, 78223
2026/09/18 05:16:34.136, 3, 0, 78223
2026/09/18 05:16:34.136, 4, 0, 78223
2026/09/18 05:16:34.136, 5, 0, 78223
2026/09/18 05:16:34.136, 6, 0, 78223
2026/09/18 05:16:34.136, 7, 0, 78223
2026/09/18 05:16:34.637, 0, 0, 78271
2026/09/18 05:16:34.637, 1, 0, 78223
2026/09/18 05:16:34.637, 2, 0, 78223
2026/09/18 05:16:34.637, 3, 0, 78223
2026/09/18 05:16:34.637, 4, 0, 78223
2026/09/18 05:16:34.637, 5, 0, 78223
2026/09/18 05:16:34.637, 6, 0, 78223
2026/09/18 05:16:34.637, 7, 0, 78223
2026/09/18 05:16:35.137, 0, 0, 78271
2026/09/18 05:16:35.137, 1, 0, 78223
2026/09/18 05:16:35.137, 2, 0, 78223
2026/09/18 05:16:35.137, 3, 0, 78223
2026/09/18 05:16:35.137, 4, 0, 78223
2026/09/18 05:16:35.137, 5, 0, 78223
2026/09/18 05:16:35.137, 6, 0, 78223
2026/09/18 05:16:35.137, 7, 0, 78223
2026/09/18 05:16:35.637, 0, 0, 78271
2026/09/18 05:16:35.637, 1, 0, 78223
2026/09/18 05:16:35.637, 2, 0, 78223
2026/09/18 05:16:35.637, 3, 0, 78223
2026/09/18 05:16:35.637, 4, 0, 78223
2026/09/18 05:16:35.637, 5, 0, 78223
2026/09/18 05:16:35.637, 6, 0, 78223
2026/09/18 05:16:35.637, 7, 0, 78223
2026/09/18 05:16:36.138, 0, 0, 78271
2026/09/18 05:16:36.138, 1, 0, 78223
2026/09/18 05:16:36.138, 2, 0, 78223
2026/09/18 05:16:36.138, 3, 0, 78223
2026/09/18 05:16:36.138, 4, 0, 78223
2026/09/18 05:16:36.138, 5, 0, 78223
2026/09/18 05:16:36.138, 6, 0, 78223
2026/09/18 05:16:36.138, 7, 0, 78223
2026/09/18 05:16:36.638, 0, 0, 78271
2026/09/18 05:16:36.638, 1, 0, 78223
2026/09/18 05:16:36.638, 2, 0, 78223
2026/09/18 05:16:36.638, 3, 0, 78223
2026/09/18 05:16:36.638, 4, 0, 78223
2026/09/18 05:16:36.638, 5, 0, 78223
2026/09/18 05:16:36.638, 6, 0, 78223
2026/09/18 05:16:36.638, 7, 0, 78223
2026/09/18 05:16:37.139, 0, 0, 78271
2026/09/18 05:16:37.139, 1, 0, 78223
2026/09/18 05:16:37.139, 2, 0, 78223
2026/09/18 05:16:37.139, 3, 0, 78223
2026/09/18 05:16:37.139, 4, 0, 78223
2026/09/18 05:16:37.139, 5, 0, 78223
2026/09/18 05:16:37.139, 6, 0, 78223
2026/09/18 05:16:37.139, 7, 0, 78223
2026/09/18 05:16:37.639, 0, 0, 78271
2026/09/18 05:16:37.639, 1, 0, 78223
2026/09/18 05:16:37.639, 2, 0, 78223
2026/09/18 05:16:37.639, 3, 0, 78223
2026/09/18 05:16:37.639, 4, 0, 78223
2026/09/18 05:16:37.639, 5, 0, 78223
2026/09/18 05:16:37.640, 6, 0, 78223
2026/09/18 05:16:37.640, 7, 0, 78223
2026/09/18 05:16:38.140, 0, 0, 78271
2026/09/18 05:16:38.140, 1, 0, 78223
2026/09/18 05:16:38.141, 2, 0, 78223
2026/09/18 05:16:38.141, 3, 0, 78223
2026/09/18 05:16:38.142, 4, 0, 78223
2026/09/18 05:16:38.142, 5, 0, 78223
2026/09/18 05:16:38.143, 6, 0, 78223
2026/09/18 05:16:38.143, 7, 0, 78223
2026/09/18 05:16:38.643, 0, 0, 78271
2026/09/18 05:16:38.643, 1, 0, 78223
2026/09/18 05:16:38.643, 2, 0, 78223
2026/09/18 05:16:38.643, 3, 0, 78223
2026/09/18 05:16:38.643, 4, 0, 78223
2026/09/18 05:16:38.643, 5, 0, 78223
2026/09/18 05:16:38.644, 6, 0, 78223
2026/09/18 05:16:38.644, 7, 0, 78223
2026/09/18 05:16:39.144, 0, 0, 78271
2026/09/18 05:16:39.144, 1, 0, 78223
2026/09/18 05:16:39.144, 2, 0, 78223
2026/09/18 05:16:39.144, 3, 0, 78223
2026/09/18 05:16:39.144, 4, 0, 78223
2026/09/18 05:16:39.144, 5, 0, 78223
2026/09/18 05:16:39.144, 6, 0, 78223
2026/09/18 05:16:39.144, 7, 0, 78223
2026/09/18 05:16:39.644, 0, 0, 78271
2026/09/18 05:16:39.644, 1, 0, 78223
2026/09/18 05:16:39.644, 2, 0, 78223
2026/09/18 05:16:39.644, 3, 0, 78223
2026/09/18 05:16:39.644, 4, 0, 78223
2026/09/18 05:16:39.644, 5, 0, 78223
2026/09/18 05:16:39.644, 6, 0, 78223
2026/09/18 05:16:39.644, 7, 0, 78223
2026/09/18 05:16:40.144, 0, 0, 78271
2026/09/18 05:16:40.144, 1, 0, 78223
2026/09/18 05:16:40.144, 2, 0, 78223
2026/09/18 05:16:40.144, 3, 0, 78223
2026/09/18 05:16:40.144, 4, 0, 78223
2026/09/18 05:16:40.144, 5, 0, 78223
2026/09/18 05:16:40.144, 6, 0, 78223
2026/09/18 05:16:40.145, 7, 0, 78223
2026/09/18 05:16:40.645, 0, 0, 78271
2026/09/18 05:16:40.645, 1, 0, 78223
2026/09/18 05:16:40.645, 2, 0, 78223
2026/09/18 05:16:40.645, 3, 0, 78223
2026/09/18 05:16:40.645, 4, 0, 78223
2026/09/18 05:16:40.645, 5, 0, 78223
2026/09/18 05:16:40.645, 6, 0, 78223
2026/09/18 05:16:40.645, 7, 0, 78223
2026/09/18 05:16:41.145, 0, 0, 78271
2026/09/18 05:16:41.145, 1, 0, 78223
2026/09/18 05:16:41.145, 2, 0, 78223
2026/09/18 05:16:41.145, 3, 0, 78223
2026/09/18 05:16:41.145, 4, 0, 78223
2026/09/18 05:16:41.145, 5, 0, 78223
2026/09/18 05:16:41.145, 6, 0, 78223
2026/09/18 05:16:41.145, 7, 0, 78223
2026/09/18 05:16:41.645, 0, 0, 78271
2026/09/18 05:16:41.646, 1, 0, 78223
2026/09/18 05:16:41.646, 2, 0, 78223
2026/09/18 05:16:41.646, 3, 0, 78223
2026/09/18 05:16:41.646, 4, 0, 78223
2026/09/18 05:16:41.647, 5, 0, 78223
2026/09/18 05:16:41.647, 6, 0, 78223
2026/09/18 05:16:41.647, 7, 0, 78223
2026/09/18 05:16:42.147, 0, 0, 78271
2026/09/18 05:16:42.147, 1, 0, 78223
2026/09/18 05:16:42.147, 2, 0, 78223
2026/09/18 05:16:42.147, 3, 0, 78223
2026/09/18 05:16:42.147, 4, 0, 78223
2026/09/18 05:16:42.147, 5, 0, 78223
2026/09/18 05:16:42.148, 6, 0, 78223
2026/09/18 05:16:42.148, 7, 0, 78223
2026/09/18 05:16:42.648, 0, 0, 78271
2026/09/18 05:16:42.648, 1, 0, 78223
2026/09/18 05:16:42.648, 2, 0, 78223
2026/09/18 05:16:42.648, 3, 0, 78223
2026/09/18 05:16:42.648, 4, 0, 78223
2026/09/18 05:16:42.648, 5, 0, 78223
2026/09/18 05:16:42.648, 6, 0, 78223
2026/09/18 05:16:42.648, 7, 0, 78223
2026/09/18 05:16:43.148, 0, 0, 78271
2026/09/18 05:16:43.148, 1, 0, 78223
2026/09/18 05:16:43.148, 2, 0, 78223
2026/09/18 05:16:43.148, 3, 0, 78223
2026/09/18 05:16:43.148, 4, 0, 78223
2026/09/18 05:16:43.148, 5, 0, 78223
2026/09/18 05:16:43.148, 6, 0, 78223
2026/09/18 05:16:43.148, 7, 0, 78223
2026/09/18 05:16:43.648, 0, 0, 78271
2026/09/18 05:16:43.648, 1, 0, 78223
2026/09/18 05:16:43.648, 2, 0, 78223
2026/09/18 05:16:43.648, 3, 0, 78223
2026/09/18 05:16:43.648, 4, 0, 78223
2026/09/18 05:16:43.648, 5, 0, 78223
2026/09/18 05:16:43.648, 6, 0, 78223
2026/09/18 05:16:43.648, 7, 0, 78223
2026/09/18 05:16:44.149, 0, 0, 78271
2026/09/18 05:16:44.149, 1, 0, 78223
2026/09/18 05:16:44.149, 2, 0, 78223
2026/09/18 05:16:44.149, 3, 0, 78223
2026/09/18 05:16:44.149, 4, 0, 78223
2026/09/18 05:16:44.149, 5, 0, 78223
2026/09/18 05:16:44.149, 6, 0, 78223
2026/09/18 05:16:44.149, 7, 0, 78223
2026/09/18 05:16:44.649, 0, 0, 78271
2026/09/18 05:16:44.649, 1, 0, 78223
2026/09/18 05:16:44.649, 2, 0, 78223
2026/09/18 05:16:44.649, 3, 0, 78223
2026/09/18 05:16:44.649, 4, 0, 78223
2026/09/18 05:16:44.649, 5, 0, 78223
2026/09/18 05:16:44.649, 6, 0, 78223
2026/09/18 05:16:44.649, 7, 0, 78223
2026/09/18 05:16:45.150, 0, 0, 78271
2026/09/18 05:16:45.150, 1, 0, 78223
2026/09/18 05:16:45.150, 2, 0, 78223
2026/09/18 05:16:45.150, 3, 0, 78223
2026/09/18 05:16:45.150, 4, 0, 78223
2026/09/18 05:16:45.150, 5, 0, 78223
2026/09/18 05:16:45.150, 6, 0, 78223
2026/09/18 05:16:45.150, 7, 0, 78223
2026/09/18 05:16:45.650, 0, 0, 78271
2026/09/18 05:16:45.650, 1, 0, 78223
2026/09/18 05:16:45.650, 2, 0, 78223
2026/09/18 05:16:45.651, 3, 0, 78223
2026/09/18 05:16:45.651, 4, 0, 78223
2026/09/18 05:16:45.651, 5, 0, 78223
2026/09/18 05:16:45.651, 6, 0, 78223
2026/09/18 05:16:45.651, 7, 0, 78223
2026/09/18 05:16:46.151, 0, 0, 78271
2026/09/18 05:16:46.151, 1, 0, 78223
2026/09/18 05:16:46.151, 2, 0, 78223
2026/09/18 05:16:46.151, 3, 0, 78223
2026/09/18 05:16:46.151, 4, 0, 78223
2026/09/18 05:16:46.151, 5, 0, 78223
2026/09/18 05:16:46.151, 6, 0, 78223
2026/09/18 05:16:46.151, 7, 0, 78223
2026/09/18 05:16:46.651, 0, 0, 78271
2026/09/18 05:16:46.651, 1, 0, 78223
2026/09/18 05:16:46.651, 2, 0, 78223
2026/09/18 05:16:46.652, 3, 0, 78223
2026/09/18 05:16:46.652, 4, 0, 78223
2026/09/18 05:16:46.652, 5, 0, 78223
2026/09/18 05:16:46.652, 6, 0, 78223
2026/09/18 05:16:46.652, 7, 0, 78223
2026/09/18 05:16:47.152, 0, 0, 78271
2026/09/18 05:16:47.152, 1, 0, 78223
2026/09/18 05:16:47.152, 2, 0, 78223
2026/09/18 05:16:47.152, 3, 0, 78223
2026/09/18 05:16:47.152, 4, 0, 78223
2026/09/18 05:16:47.152, 5, 0, 78223
2026/09/18 05:16:47.152, 6, 0, 78223
2026/09/18 05:16:47.152, 7, 0, 78223
2026/09/18 05:16:47.652, 0, 0, 78271
2026/09/18 05:16:47.652, 1, 0, 78223
2026/09/18 05:16:47.652, 2, 0, 78223
2026/09/18 05:16:47.652, 3, 0, 78223
2026/09/18 05:16:47.652, 4, 0, 78223
2026/09/18 05:16:47.652, 5, 0, 78223
2026/09/18 05:16:47.652, 6, 0, 78223
2026/09/18 05:16:47.652, 7, 0, 78223
2026/09/18 05:16:48.152, 0, 0, 78271
2026/09/18 05:16:48.152, 1, 0, 78223
2026/09/18 05:16:48.152, 2, 0, 78223
2026/09/18 05:16:48.152, 3, 0, 78223
2026/09/18 05:16:48.152, 4, 0, 78223
2026/09/18 05:16:48.153, 5, 0, 78223
2026/09/18 05:16:48.153, 6, 0, 78223
2026/09/18 05:16:48.153, 7, 0, 78223
2026/09/18 05:16:48.653, 0, 0, 78271
2026/09/18 05:16:48.653, 1, 0, 78223
2026/09/18 05:16:48.653, 2, 0, 78223
2026/09/18 05:16:48.653, 3, 0, 78223
2026/09/18 05:16:48.653, 4, 0, 78223
2026/09/18 05:16:48.653, 5, 0, 78223
2026/09/18 05:16:48.653, 6, 0, 78223
2026/09/18 05:16:48.653, 7, 0, 78223
2026/09/18 05:16:49.153, 0, 0, 78271
2026/09/18 05:16:49.153, 1, 0, 78223
2026/09/18 05:16:49.153, 2, 0, 78223
2026/09/18 05:16:49.153, 3, 0, 78223
2026/09/18 05:16:49.153, 4, 0, 78223
2026/09/18 05:16:49.153, 5, 0, 78223
2026/09/18 05:16:49.153, 6, 0, 78223
2026/09/18 05:16:49.153, 7, 0, 78223
2026/09/18 05:16:49.653, 0, 0, 78271
2026/09/18 05:16:49.653, 1, 0, 78223
2026/09/18 05:16:49.653, 2, 0, 78223
2026/09/18 05:16:49.653, 3, 0, 78223
2026/09/18 05:16:49.653, 4, 0, 78223
2026/09/18 05:16:49.653, 5, 0, 78223
2026/09/18 05:16:49.653, 6, 0, 78223
2026/09/18 05:16:49.653, 7, 0, 78223
2026/09/18 05:16:50.154, 0, 0, 78271
2026/09/18 05:16:50.154, 1, 0, 78223
2026/09/18 05:16:50.155, 2, 0, 78223
2026/09/18 05:16:50.156, 3, 0, 78223
2026/09/18 05:16:50.156, 4, 0, 78223
2026/09/18 05:16:50.156, 5, 0, 78223
2026/09/18 05:16:50.156, 6, 0, 78223
2026/09/18 05:16:50.156, 7, 0, 78223
2026/09/18 05:16:50.656, 0, 0, 78271
2026/09/18 05:16:50.656, 1, 0, 78225
2026/09/18 05:16:50.656, 2, 0, 78225
2026/09/18 05:16:50.656, 3, 0, 78225
2026/09/18 05:16:50.656, 4, 0, 78225
2026/09/18 05:16:50.656, 5, 0, 78225
2026/09/18 05:16:50.657, 6, 0, 78225
2026/09/18 05:16:50.657, 7, 0, 78225
2026/09/18 05:16:51.157, 0, 29, 78601
2026/09/18 05:16:51.157, 1, 4, 78315
2026/09/18 05:16:51.157, 2, 68, 78573
2026/09/18 05:16:51.158, 3, 4, 78255
2026/09/18 05:16:51.159, 4, 5, 78573
2026/09/18 05:16:51.159, 5, 5, 78693
2026/09/18 05:16:51.159, 6, 31, 78255
2026/09/18 05:16:51.159, 7, 4, 78567
2026/09/18 05:16:51.659, 0, 0, 79309
2026/09/18 05:16:51.660, 1, 1, 79767
2026/09/18 05:16:51.660, 2, 1, 79953
2026/09/18 05:16:51.660, 3, 7, 79575
2026/09/18 05:16:51.660, 4, 0, 79407
2026/09/18 05:16:51.660, 5, 0, 79779
2026/09/18 05:16:51.660, 6, 7, 79869
2026/09/18 05:16:51.660, 7, 0, 79479
2026/09/18 05:16:52.160, 0, 0, 81019
2026/09/18 05:16:52.160, 1, 0, 80997
2026/09/18 05:16:52.160, 2, 0, 80997
2026/09/18 05:16:52.160, 3, 0, 80997
2026/09/18 05:16:52.160, 4, 0, 80997
2026/09/18 05:16:52.160, 5, 0, 80997
2026/09/18 05:16:52.160, 6, 0, 80997
2026/09/18 05:16:52.161, 7, 0, 80997
2026/09/18 05:16:52.661, 0, 32, 81021
2026/09/18 05:16:52.661, 1, 0, 80999
2026/09/18 05:16:52.661, 2, 1, 80999
2026/09/18 05:16:52.661, 3, 1, 80999
2026/09/18 05:16:52.661, 4, 18, 80999
2026/09/18 05:16:52.661, 5, 11, 80999
2026/09/18 05:16:52.661, 6, 1, 80999
2026/09/18 05:16:52.661, 7, 1, 80999
2026/09/18 05:16:53.162, 0, 99, 81021
2026/09/18 05:16:53.162, 1, 99, 80999
2026/09/18 05:16:53.162, 2, 99, 80999
2026/09/18 05:16:53.162, 3, 99, 80999
2026/09/18 05:16:53.162, 4, 99, 80999
2026/09/18 05:16:53.162, 5, 99, 80999
2026/09/18 05:16:53.162, 6, 99, 80999
2026/09/18 05:16:53.162, 7, 99, 80999
2026/09/18 05:16:53.663, 0, 20, 81021
2026/09/18 05:16:53.663, 1, 38, 80999
2026/09/18 05:16:53.663, 2, 43, 80999
2026/09/18 05:16:53.663, 3, 44, 80999
2026/09/18 05:16:53.663, 4, 16, 80999
2026/09/18 05:16:53.663, 5, 24, 80999
2026/09/18 05:16:53.663, 6, 75, 80999
2026/09/18 05:16:53.663, 7, 35, 80999
2026/09/18 05:16:54.163, 0, 99, 81021
2026/09/18 05:16:54.163, 1, 99, 80999
2026/09/18 05:16:54.163, 2, 99, 80999
2026/09/18 05:16:54.163, 3, 99, 80999
2026/09/18 05:16:54.164, 4, 99, 80999
2026/09/18 05:16:54.181, 5, 99, 80999
2026/09/18 05:16:54.190, 6, 99, 80999
2026/09/18 05:16:54.190, 7, 99, 80999
2026/09/18 05:16:54.690, 0, 51, 81021
2026/09/18 05:16:54.690, 1, 92, 80999
2026/09/18 05:16:54.690, 2, 98, 80999
2026/09/18 05:16:54.690, 3, 99, 80999
2026/09/18 05:16:54.690, 4, 66, 80999
2026/09/18 05:16:54.690, 5, 74, 80999
2026/09/18 05:16:54.690, 6, 99, 80999
2026/09/18 05:16:54.693, 7, 91, 80999
2026/09/18 05:16:55.194, 0, 89, 81021
2026/09/18 05:16:55.263, 1, 99, 80999
2026/09/18 05:16:55.263, 2, 99, 80999
2026/09/18 05:16:55.263, 3, 99, 80999
2026/09/18 05:16:55.263, 4, 99, 80999
2026/09/18 05:16:55.263, 5, 99, 80999
2026/09/18 05:16:55.263, 6, 99, 80999
2026/09/18 05:16:55.263, 7, 99, 80999
2026/09/18 05:16:55.763, 0, 81, 81021
2026/09/18 05:16:55.766, 1, 99, 80999
2026/09/18 05:16:55.766, 2, 99, 80999
2026/09/18 05:16:55.766, 3, 99, 80999
2026/09/18 05:16:55.766, 4, 98, 80999
2026/09/18 05:16:55.766, 5, 99, 80999
2026/09/18 05:16:55.766, 6, 64, 80999
2026/09/18 05:16:55.766, 7, 99, 80999
2026/09/18 05:16:56.266, 0, 98, 81021
2026/09/18 05:16:56.266, 1, 99, 80999
2026/09/18 05:16:56.266, 2, 99, 80999
2026/09/18 05:16:56.266, 3, 99, 80999
2026/09/18 05:16:56.267, 4, 99, 80999
2026/09/18 05:16:56.267, 5, 99, 80999
2026/09/18 05:16:56.267, 6, 99, 80999
2026/09/18 05:16:56.267, 7, 99, 80999
2026/09/18 05:16:56.767, 0, 99, 81021
2026/09/18 05:16:56.767, 1, 99, 80999
2026/09/18 05:16:56.767, 2, 99, 80999
2026/09/18 05:16:56.782, 3, 99, 80999
2026/09/18 05:16:56.785, 4, 99, 80999
2026/09/18 05:16:56.785, 5, 99, 80999
2026/09/18 05:16:56.785, 6, 98, 80999
2026/09/18 05:16:56.785, 7, 99, 80999
2026/09/18 05:16:57.285, 0, 98, 81021
2026/09/18 05:16:57.285, 1, 99, 80999
2026/09/18 05:16:57.285, 2, 99, 80999
2026/09/18 05:16:57.285, 3, 99, 80999
2026/09/18 05:16:57.285, 4, 99, 80999
2026/09/18 05:16:57.285, 5, 99, 80999
2026/09/18 05:16:57.285, 6, 99, 80999
2026/09/18 05:16:57.285, 7, 99, 80999
2026/09/18 05:16:57.786, 0, 99, 81021
2026/09/18 05:16:57.786, 1, 99, 80999
2026/09/18 05:16:57.787, 2, 94, 80999
2026/09/18 05:16:57.787, 3, 99, 80999
2026/09/18 05:16:57.787, 4, 99, 80999
2026/09/18 05:16:57.787, 5, 99, 80999
2026/09/18 05:16:57.787, 6, 99, 80999
2026/09/18 05:16:57.787, 7, 99, 80999
2026/09/18 05:16:58.287, 0, 88, 81021
2026/09/18 05:16:58.287, 1, 99, 80999
2026/09/18 05:16:58.288, 2, 99, 80999
2026/09/18 05:16:58.288, 3, 98, 80999
2026/09/18 05:16:58.289, 4, 72, 80999
2026/09/18 05:16:58.289, 5, 99, 80999
2026/09/18 05:16:58.289, 6, 98, 80999
2026/09/18 05:16:58.289, 7, 99, 80999
2026/09/18 05:16:58.789, 0, 99, 81021
2026/09/18 05:16:58.789, 1, 99, 80999
2026/09/18 05:16:58.789, 2, 99, 80999
2026/09/18 05:16:58.789, 3, 99, 80999
2026/09/18 05:16:58.789, 4, 99, 80999
2026/09/18 05:16:58.789, 5, 99, 80999
2026/09/18 05:16:58.789, 6, 99, 80999
2026/09/18 05:16:58.789, 7, 99, 80999
2026/09/18 05:16:59.289, 0, 57, 81021
2026/09/18 05:16:59.289, 1, 99, 80999
2026/09/18 05:16:59.289, 2, 99, 80999
2026/09/18 05:16:59.289, 3, 98, 80999
2026/09/18 05:16:59.289, 4, 41, 80999
2026/09/18 05:16:59.289, 5, 98, 80999
2026/09/18 05:16:59.289, 6, 69, 80999
2026/09/18 05:16:59.289, 7, 98, 80999
2026/09/18 05:16:59.789, 0, 99, 81021
2026/09/18 05:16:59.789, 1, 99, 80999
2026/09/18 05:16:59.789, 2, 99, 80999
2026/09/18 05:16:59.789, 3, 99, 80999
2026/09/18 05:16:59.790, 4, 99, 80999
2026/09/18 05:16:59.790, 5, 99, 80999
2026/09/18 05:16:59.790, 6, 99, 80999
2026/09/18 05:16:59.790, 7, 99, 80999
2026/09/18 05:17:00.290, 0, 26, 81021
2026/09/18 05:17:00.292, 1, 67, 80999
2026/09/18 05:17:00.292, 2, 64, 80999
2026/09/18 05:17:00.292, 3, 56, 80999
2026/09/18 05:17:00.292, 4, 35, 80999
2026/09/18 05:17:00.292, 5, 47, 80999
2026/09/18 05:17:00.292, 6, 27, 80999
2026/09/18 05:17:00.292, 7, 63, 80999
2026/09/18 05:17:00.793, 0, 99, 81021
2026/09/18 05:17:00.793, 1, 99, 80999
2026/09/18 05:17:00.793, 2, 99, 80999
2026/09/18 05:17:00.793, 3, 99, 80999
2026/09/18 05:17:00.793, 4, 99, 80999
2026/09/18 05:17:00.793, 5, 99, 80999
2026/09/18 05:17:00.793, 6, 99, 80999
2026/09/18 05:17:00.793, 7, 99, 80999
2026/09/18 05:17:01.293, 0, 63, 81021
2026/09/18 05:17:01.294, 1, 99, 80999
2026/09/18 05:17:01.294, 2, 99, 80999
2026/09/18 05:17:01.294, 3, 16, 80999
2026/09/18 05:17:01.294, 4, 80, 80999
2026/09/18 05:17:01.298, 5, 92, 80999
2026/09/18 05:17:01.298, 6, 51, 80999
2026/09/18 05:17:01.298, 7, 9, 80999
2026/09/18 05:17:01.798, 0, 99, 81021
2026/09/18 05:17:01.798, 1, 99, 80999
2026/09/18 05:17:01.798, 2, 99, 80999
2026/09/18 05:17:01.798, 3, 99, 80999
2026/09/18 05:17:01.798, 4, 99, 80999
2026/09/18 05:17:01.799, 5, 99, 80999
2026/09/18 05:17:01.799, 6, 99, 80999
2026/09/18 05:17:01.799, 7, 99, 80999
2026/09/18 05:17:02.299, 0, 99, 81021
2026/09/18 05:17:02.299, 1, 99, 80999
2026/09/18 05:17:02.299, 2, 99, 80999
2026/09/18 05:17:02.299, 3, 96, 80999
2026/09/18 05:17:02.299, 4, 99, 80999
2026/09/18 05:17:02.311, 5, 99, 80999
2026/09/18 05:17:02.314, 6, 99, 80999
2026/09/18 05:17:02.315, 7, 91, 80999
2026/09/18 05:17:02.815, 0, 99, 81021
2026/09/18 05:17:02.815, 1, 99, 80999
2026/09/18 05:17:02.815, 2, 99, 80999
2026/09/18 05:17:02.815, 3, 99, 80999
2026/09/18 05:17:02.815, 4, 99, 80999
2026/09/18 05:17:02.815, 5, 99, 80999
2026/09/18 05:17:02.815, 6, 99, 80999
2026/09/18 05:17:02.815, 7, 99, 80999
2026/09/18 05:17:03.315, 0, 99, 81021
2026/09/18 05:17:03.316, 1, 99, 80999
2026/09/18 05:17:03.316, 2, 99, 80999
2026/09/18 05:17:03.316, 3, 99, 80999
2026/09/18 05:17:03.316, 4, 99, 80999
2026/09/18 05:17:03.316, 5, 99, 80999
2026/09/18 05:17:03.316, 6, 99, 80999
2026/09/18 05:17:03.316, 7, 99, 80999
2026/09/18 05:17:03.816, 0, 98, 81021
2026/09/18 05:17:03.816, 1, 98, 80999
2026/09/18 05:17:03.816, 2, 98, 80999
2026/09/18 05:17:03.816, 3, 99, 80999
2026/09/18 05:17:03.816, 4, 99, 80999
2026/09/18 05:17:03.816, 5, 98, 80999
2026/09/18 05:17:03.816, 6, 99, 80999
2026/09/18 05:17:03.816, 7, 98, 80999
2026/09/18 05:17:04.316, 0, 99, 81021
2026/09/18 05:17:04.316, 1, 99, 80999
2026/09/18 05:17:04.316, 2, 99, 80999
2026/09/18 05:17:04.316, 3, 99, 80999
2026/09/18 05:17:04.316, 4, 99, 80999
2026/09/18 05:17:04.317, 5, 99, 80999
2026/09/18 05:17:04.317, 6, 99, 80999
2026/09/18 05:17:04.317, 7, 99, 80999
2026/09/18 05:17:04.817, 0, 98, 81021
2026/09/18 05:17:04.817, 1, 91, 80999
2026/09/18 05:17:04.817, 2, 87, 80999
2026/09/18 05:17:04.817, 3, 83, 80999
2026/09/18 05:17:04.817, 4, 98, 80999
2026/09/18 05:17:04.817, 5, 98, 80999
2026/09/18 05:17:04.817, 6, 44, 80999
2026/09/18 05:17:04.817, 7, 88, 80999
2026/09/18 05:17:05.317, 0, 99, 81021
2026/09/18 05:17:05.317, 1, 99, 80999
2026/09/18 05:17:05.317, 2, 99, 80999
2026/09/18 05:17:05.317, 3, 99, 80999
2026/09/18 05:17:05.317, 4, 99, 80999
2026/09/18 05:17:05.317, 5, 99, 80999
2026/09/18 05:17:05.317, 6, 99, 80999
2026/09/18 05:17:05.317, 7, 99, 80999
2026/09/18 05:17:05.817, 0, 98, 81021
2026/09/18 05:17:05.817, 1, 63, 80999
2026/09/18 05:17:05.818, 2, 57, 80999
2026/09/18 05:17:05.818, 3, 51, 80999
2026/09/18 05:17:05.818, 4, 86, 80999
2026/09/18 05:17:05.818, 5, 73, 80999
2026/09/18 05:17:05.818, 6, 44, 80999
2026/09/18 05:17:05.818, 7, 56, 80999
2026/09/18 05:17:06.318, 0, 99, 81021
2026/09/18 05:17:06.320, 1, 99, 80999
2026/09/18 05:17:06.320, 2, 99, 80999
2026/09/18 05:17:06.322, 3, 99, 80999
2026/09/18 05:17:06.322, 4, 99, 80999
2026/09/18 05:17:06.324, 5, 99, 80999
2026/09/18 05:17:06.325, 6, 99, 80999
2026/09/18 05:17:06.326, 7, 99, 80999
2026/09/18 05:17:06.827, 0, 76, 81021
2026/09/18 05:17:06.827, 1, 46, 80999
2026/09/18 05:17:06.827, 2, 45, 80999
2026/09/18 05:17:06.827, 3, 45, 80999
2026/09/18 05:17:06.827, 4, 54, 80999
2026/09/18 05:17:06.827, 5, 43, 80999
2026/09/18 05:17:06.827, 6, 63, 80999
2026/09/18 05:17:06.827, 7, 45, 80999
2026/09/18 05:17:07.327, 0, 99, 81021
2026/09/18 05:17:07.327, 1, 99, 80999
2026/09/18 05:17:07.327, 2, 99, 80999
2026/09/18 05:17:07.327, 3, 99, 80999
2026/09/18 05:17:07.327, 4, 99, 80999
2026/09/18 05:17:07.327, 5, 99, 80999
2026/09/18 05:17:07.327, 6, 99, 80999
2026/09/18 05:17:07.327, 7, 99, 80999
2026/09/18 05:17:07.827, 0, 33, 81021
2026/09/18 05:17:07.828, 1, 43, 80999
2026/09/18 05:17:07.829, 2, 48, 80999
2026/09/18 05:17:07.829, 3, 54, 80999
2026/09/18 05:17:07.830, 4, 34, 80999
2026/09/18 05:17:07.830, 5, 41, 80999
2026/09/18 05:17:07.830, 6, 95, 80999
2026/09/18 05:17:07.830, 7, 49, 80999
2026/09/18 05:17:08.330, 0, 99, 81021
2026/09/18 05:17:08.331, 1, 99, 80999
2026/09/18 05:17:08.331, 2, 99, 80999
2026/09/18 05:17:08.333, 3, 99, 80999
2026/09/18 05:17:08.333, 4, 99, 80999
2026/09/18 05:17:08.334, 5, 99, 80999
2026/09/18 05:17:08.334, 6, 99, 80999
2026/09/18 05:17:08.334, 7, 99, 80999
2026/09/18 05:17:08.834, 0, 50, 81021
2026/09/18 05:17:08.834, 1, 85, 80999
2026/09/18 05:17:08.834, 2, 90, 80999
2026/09/18 05:17:08.834, 3, 97, 80999
2026/09/18 05:17:08.834, 4, 62, 80999
2026/09/18 05:17:08.834, 5, 77, 80999
2026/09/18 05:17:08.834, 6, 99, 80999
2026/09/18 05:17:08.834, 7, 91, 80999
2026/09/18 05:17:09.334, 0, 99, 81021
2026/09/18 05:17:09.334, 1, 99, 80999
2026/09/18 05:17:09.334, 2, 99, 80999
2026/09/18 05:17:09.334, 3, 99, 80999
2026/09/18 05:17:09.334, 4, 99, 80999
2026/09/18 05:17:09.334, 5, 99, 80999
2026/09/18 05:17:09.334, 6, 98, 80999
2026/09/18 05:17:09.334, 7, 99, 80999
2026/09/18 05:17:09.834, 0, 77, 81021
2026/09/18 05:17:09.835, 1, 99, 80999
2026/09/18 05:17:09.835, 2, 99, 80999
2026/09/18 05:17:09.835, 3, 99, 80999
2026/09/18 05:17:09.835, 4, 94, 80999
2026/09/18 05:17:09.835, 5, 99, 80999
2026/09/18 05:17:09.835, 6, 99, 80999
2026/09/18 05:17:09.835, 7, 99, 80999
2026/09/18 05:17:10.335, 0, 98, 81021
2026/09/18 05:17:10.335, 1, 99, 80999
2026/09/18 05:17:10.336, 2, 99, 80999
2026/09/18 05:17:10.336, 3, 98, 80999
2026/09/18 05:17:10.336, 4, 99, 80999
2026/09/18 05:17:10.336, 5, 98, 80999
2026/09/18 05:17:10.336, 6, 70, 80999
2026/09/18 05:17:10.337, 7, 99, 80999
2026/09/18 05:17:10.837, 0, 99, 81021
2026/09/18 05:17:10.837, 1, 99, 80999
2026/09/18 05:17:10.837, 2, 99, 80999
2026/09/18 05:17:10.837, 3, 99, 80999
2026/09/18 05:17:10.837, 4, 99, 80999
2026/09/18 05:17:10.837, 5, 99, 80999
2026/09/18 05:17:10.837, 6, 99, 80999
2026/09/18 05:17:10.837, 7, 99, 80999
2026/09/18 05:17:11.337, 0, 98, 81021
2026/09/18 05:17:11.337, 1, 99, 80999
2026/09/18 05:17:11.337, 2, 78, 80999
2026/09/18 05:17:11.337, 3, 71, 80999
2026/09/18 05:17:11.337, 4, 99, 80999
2026/09/18 05:17:11.337, 5, 85, 80999
2026/09/18 05:17:11.338, 6, 37, 80999
2026/09/18 05:17:11.339, 7, 75, 80999
2026/09/18 05:17:11.839, 0, 99, 81021
2026/09/18 05:17:11.839, 1, 99, 80999
2026/09/18 05:17:11.839, 2, 99, 80999
2026/09/18 05:17:11.839, 3, 99, 80999
2026/09/18 05:17:11.839, 4, 99, 80999
2026/09/18 05:17:11.839, 5, 99, 80999
2026/09/18 05:17:11.839, 6, 99, 80999
2026/09/18 05:17:11.839, 7, 99, 80999
2026/09/18 05:17:12.339, 0, 77, 81021
2026/09/18 05:17:12.340, 1, 97, 80999
2026/09/18 05:17:12.342, 2, 33, 80999
2026/09/18 05:17:12.342, 3, 32, 80999
2026/09/18 05:17:12.342, 4, 61, 80999
2026/09/18 05:17:12.342, 5, 46, 80999
2026/09/18 05:17:12.342, 6, 82, 80999
2026/09/18 05:17:12.342, 7, 33, 80999
2026/09/18 05:17:12.843, 0, 99, 81021
2026/09/18 05:17:12.845, 1, 99, 80999
2026/09/18 05:17:12.845, 2, 99, 80999
2026/09/18 05:17:12.847, 3, 99, 80999
2026/09/18 05:17:12.847, 4, 99, 80999
2026/09/18 05:17:12.849, 5, 99, 80999
2026/09/18 05:17:12.850, 6, 99, 80999
2026/09/18 05:17:12.851, 7, 99, 80999
2026/09/18 05:17:13.352, 0, 99, 81021
2026/09/18 05:17:13.352, 1, 49, 80999
2026/09/18 05:17:13.352, 2, 53, 80999
2026/09/18 05:17:13.352, 3, 55, 80999
2026/09/18 05:17:13.352, 4, 99, 80999
2026/09/18 05:17:13.352, 5, 41, 80999
2026/09/18 05:17:13.352, 6, 42, 80999
2026/09/18 05:17:13.352, 7, 55, 80999
2026/09/18 05:17:13.852, 0, 99, 81021
2026/09/18 05:17:13.852, 1, 99, 80999
2026/09/18 05:17:13.853, 2, 99, 80999
2026/09/18 05:17:13.853, 3, 99, 80999
2026/09/18 05:17:13.853, 4, 99, 80999
2026/09/18 05:17:13.853, 5, 99, 80999
2026/09/18 05:17:13.853, 6, 99, 80999
2026/09/18 05:17:13.853, 7, 99, 80999
2026/09/18 05:17:14.353, 0, 99, 81021
2026/09/18 05:17:14.356, 1, 82, 80999
2026/09/18 05:17:14.390, 2, 6, 80999
2026/09/18 05:17:14.390, 3, 92, 80999
2026/09/18 05:17:14.390, 4, 57, 80999
2026/09/18 05:17:14.390, 5, 73, 80999
2026/09/18 05:17:14.391, 6, 42, 80999
2026/09/18 05:17:14.391, 7, 88, 80999
2026/09/18 05:17:14.891, 0, 1, 81021
2026/09/18 05:17:14.891, 1, 1, 80999
2026/09/18 05:17:14.891, 2, 1, 80999
2026/09/18 05:17:14.891, 3, 1, 80999
2026/09/18 05:17:14.891, 4, 1, 80999
2026/09/18 05:17:14.891, 5, 1, 80999
2026/09/18 05:17:14.891, 6, 1, 80999
2026/09/18 05:17:14.891, 7, 1, 80999
2026/09/18 05:17:15.391, 0, 1, 81021
2026/09/18 05:17:15.391, 1, 0, 80999
2026/09/18 05:17:15.391, 2, 0, 80999
2026/09/18 05:17:15.391, 3, 0, 80999
2026/09/18 05:17:15.392, 4, 0, 80999
2026/09/18 05:17:15.392, 5, 0, 80999
2026/09/18 05:17:15.392, 6, 0, 80999
2026/09/18 05:17:15.392, 7, 0, 80999
2026/09/18 05:17:15.892, 0, 0, 81021
2026/09/18 05:17:15.892, 1, 0, 80999
2026/09/18 05:17:15.893, 2, 0, 80999
2026/09/18 05:17:15.894, 3, 0, 80999
2026/09/18 05:17:15.895, 4, 0, 80999
2026/09/18 05:17:15.895, 5, 0, 80999
2026/09/18 05:17:15.896, 6, 0, 80999
2026/09/18 05:17:15.897, 7, 0, 80999
2026/09/18 05:17:16.398, 0, 1, 81021
2026/09/18 05:17:16.398, 1, 0, 81001
2026/09/18 05:17:16.398, 2, 2, 81001
2026/09/18 05:17:16.398, 3, 2, 81001
2026/09/18 05:17:16.398, 4, 0, 81001
2026/09/18 05:17:16.398, 5, 0, 81001
2026/09/18 05:17:16.398, 6, 2, 81001
2026/09/18 05:17:16.398, 7, 3, 81001
2026/09/18 05:17:16.898, 0, 0, 81021
2026/09/18 05:17:16.899, 1, 0, 81001
2026/09/18 05:17:16.899, 2, 0, 81001
2026/09/18 05:17:16.899, 3, 0, 81001
2026/09/18 05:17:16.899, 4, 0, 81001
2026/09/18 05:17:16.899, 5, 0, 81001
2026/09/18 05:17:16.899, 6, 0, 81001
2026/09/18 05:17:16.899, 7, 0, 81001
2026/09/18 05:17:17.399, 0, 20, 81021
2026/09/18 05:17:17.399, 1, 10, 81001
2026/09/18 05:17:17.399, 2, 10, 81001
2026/09/18 05:17:17.399, 3, 10, 81001
2026/09/18 05:17:17.399, 4, 21, 81001
2026/09/18 05:17:17.399, 5, 19, 81001
2026/09/18 05:17:17.399, 6, 19, 81001
2026/09/18 05:17:17.399, 7, 10, 81001
2026/09/18 05:17:17.899, 0, 0, 81021
2026/09/18 05:17:17.900, 1, 0, 81001
2026/09/18 05:17:17.900, 2, 4, 81001
2026/09/18 05:17:17.901, 3, 3, 81001
2026/09/18 05:17:17.901, 4, 0, 81001
2026/09/18 05:17:17.901, 5, 9, 81001
2026/09/18 05:17:17.901, 6, 0, 81001
2026/09/18 05:17:17.901, 7, 3, 81001
2026/09/18 05:17:18.401, 0, 1, 81021
2026/09/18 05:17:18.401, 1, 1, 81001
2026/09/18 05:17:18.401, 2, 0, 81001
2026/09/18 05:17:18.401, 3, 1, 81001
2026/09/18 05:17:18.401, 4, 2, 81001
2026/09/18 05:17:18.401, 5, 1, 81001
2026/09/18 05:17:18.401, 6, 1, 81001
2026/09/18 05:17:18.401, 7, 1, 81001
2026/09/18 05:17:18.901, 0, 30, 81021
2026/09/18 05:17:18.901, 1, 31, 81001
2026/09/18 05:17:18.901, 2, 21, 81001
2026/09/18 05:17:18.901, 3, 15, 81001
2026/09/18 05:17:18.902, 4, 13, 81001
2026/09/18 05:17:18.902, 5, 14, 81001
2026/09/18 05:17:18.902, 6, 26, 81001
2026/09/18 05:17:18.902, 7, 17, 81001
2026/09/18 05:17:19.402, 0, 0, 81021
2026/09/18 05:17:19.402, 1, 2, 81001
2026/09/18 05:17:19.403, 2, 4, 81001
2026/09/18 05:17:19.403, 3, 1, 81001
2026/09/18 05:17:19.403, 4, 6, 81001
2026/09/18 05:17:19.403, 5, 2, 81001
2026/09/18 05:17:19.403, 6, 0, 81001
2026/09/18 05:17:19.403, 7, 6, 81001
2026/09/18 05:17:19.903, 0, 0, 81021
2026/09/18 05:17:19.904, 1, 0, 81001
2026/09/18 05:17:19.904, 2, 0, 81001
2026/09/18 05:17:19.904, 3, 0, 81001
2026/09/18 05:17:19.904, 4, 0, 81001
2026/09/18 05:17:19.904, 5, 0, 81001
2026/09/18 05:17:19.904, 6, 0, 81001
2026/09/18 05:17:19.904, 7, 0, 81001
2026/09/18 05:17:20.404, 0, 0, 81021
2026/09/18 05:17:20.404, 1, 0, 81001
2026/09/18 05:17:20.404, 2, 0, 81001
2026/09/18 05:17:20.404, 3, 0, 81001
2026/09/18 05:17:20.404, 4, 0, 81001
2026/09/18 05:17:20.404, 5, 0, 81001
2026/09/18 05:17:20.404, 6, 0, 81001
2026/09/18 05:17:20.404, 7, 0, 81001
2026/09/18 05:17:20.904, 0, 0, 81021
2026/09/18 05:17:20.904, 1, 0, 81001
2026/09/18 05:17:20.904, 2, 0, 81001
2026/09/18 05:17:20.904, 3, 0, 81001
2026/09/18 05:17:20.904, 4, 0, 81001
2026/09/18 05:17:20.904, 5, 0, 81001
2026/09/18 05:17:20.904, 6, 0, 81001
2026/09/18 05:17:20.904, 7, 0, 81001
2026/09/18 05:17:21.405, 0, 0, 81021
2026/09/18 05:17:21.405, 1, 0, 81001
2026/09/18 05:17:21.405, 2, 0, 81001
2026/09/18 05:17:21.405, 3, 0, 81001
2026/09/18 05:17:21.405, 4, 0, 81001
2026/09/18 05:17:21.405, 5, 0, 81001
2026/09/18 05:17:21.405, 6, 0, 81001
2026/09/18 05:17:21.405, 7, 0, 81001
2026/09/18 05:17:21.905, 0, 2, 81009
2026/09/18 05:17:21.905, 1, 0, 80989
2026/09/18 05:17:21.905, 2, 4, 80989
2026/09/18 05:17:21.905, 3, 4, 80989
2026/09/18 05:17:21.905, 4, 1, 80989
2026/09/18 05:17:21.905, 5, 4, 80989
2026/09/18 05:17:21.905, 6, 2, 80989
2026/09/18 05:17:21.905, 7, 4, 80989
2026/09/18 05:17:22.405, 0, 0, 81009
2026/09/18 05:17:22.406, 1, 0, 80989
2026/09/18 05:17:22.406, 2, 0, 80989
2026/09/18 05:17:22.406, 3, 0, 80989
2026/09/18 05:17:22.406, 4, 0, 80989
2026/09/18 05:17:22.406, 5, 0, 80989
2026/09/18 05:17:22.406, 6, 0, 80989
2026/09/18 05:17:22.407, 7, 0, 80989
2026/09/18 05:17:22.909, 0, 0, 81009
2026/09/18 05:17:22.909, 1, 0, 80989
2026/09/18 05:17:22.909, 2, 0, 80989
2026/09/18 05:17:22.909, 3, 0, 80989
2026/09/18 05:17:22.909, 4, 0, 80989
2026/09/18 05:17:22.909, 5, 0, 80989
2026/09/18 05:17:22.909, 6, 0, 80989
2026/09/18 05:17:22.909, 7, 0, 80989
2026/09/18 05:17:23.409, 0, 0, 81009
2026/09/18 05:17:23.409, 1, 0, 80989
2026/09/18 05:17:23.409, 2, 0, 80989
2026/09/18 05:17:23.409, 3, 0, 80989
2026/09/18 05:17:23.409, 4, 0, 80989
2026/09/18 05:17:23.409, 5, 0, 80989
2026/09/18 05:17:23.409, 6, 0, 80989
2026/09/18 05:17:23.409, 7, 0, 80989
2026/09/18 05:17:23.909, 0, 0, 81009
2026/09/18 05:17:23.909, 1, 0, 80989
2026/09/18 05:17:23.909, 2, 0, 80989
2026/09/18 05:17:23.909, 3, 0, 80989
2026/09/18 05:17:23.909, 4, 0, 80989
2026/09/18 05:17:23.909, 5, 0, 80989
2026/09/18 05:17:23.909, 6, 0, 80989
2026/09/18 05:17:23.910, 7, 0, 80989
2026/09/18 05:17:24.410, 0, 0, 81009
2026/09/18 05:17:24.410, 1, 0, 80989
2026/09/18 05:17:24.410, 2, 0, 80989
2026/09/18 05:17:24.410, 3, 0, 80989
2026/09/18 05:17:24.410, 4, 0, 80989
2026/09/18 05:17:24.410, 5, 0, 80989
2026/09/18 05:17:24.410, 6, 0, 80989
2026/09/18 05:17:24.410, 7, 0, 80989
2026/09/18 05:17:24.910, 0, 0, 81009
2026/09/18 05:17:24.910, 1, 0, 80989
2026/09/18 05:17:24.910, 2, 0, 80989
2026/09/18 05:17:24.910, 3, 0, 80989
2026/09/18 05:17:24.911, 4, 0, 80989
2026/09/18 05:17:24.912, 5, 0, 80989
2026/09/18 05:17:24.912, 6, 0, 80989
2026/09/18 05:17:24.912, 7, 0, 80989
2026/09/18 05:17:25.412, 0, 0, 81009
2026/09/18 05:17:25.412, 1, 0, 80989
2026/09/18 05:17:25.412, 2, 0, 80989
2026/09/18 05:17:25.412, 3, 0, 80989
2026/09/18 05:17:25.412, 4, 0, 80989
2026/09/18 05:17:25.412, 5, 0, 80989
2026/09/18 05:17:25.412, 6, 0, 80989
2026/09/18 05:17:25.412, 7, 0, 80989
2026/09/18 05:17:25.913, 0, 0, 81009
2026/09/18 05:17:25.913, 1, 0, 80989
2026/09/18 05:17:25.913, 2, 0, 80989
2026/09/18 05:17:25.913, 3, 0, 80989
2026/09/18 05:17:25.913, 4, 0, 80989
2026/09/18 05:17:25.913, 5, 0, 80989
2026/09/18 05:17:25.913, 6, 0, 80989
2026/09/18 05:17:25.913, 7, 0, 80989
2026/09/18 05:17:26.413, 0, 0, 81009
2026/09/18 05:17:26.413, 1, 0, 80989
2026/09/18 05:17:26.413, 2, 0, 80989
2026/09/18 05:17:26.413, 3, 0, 80989
2026/09/18 05:17:26.413, 4, 0, 80989
2026/09/18 05:17:26.413, 5, 0, 80989
2026/09/18 05:17:26.413, 6, 0, 80989
2026/09/18 05:17:26.413, 7, 0, 80989
2026/09/18 05:17:26.913, 0, 0, 81009
2026/09/18 05:17:26.913, 1, 0, 80989
2026/09/18 05:17:26.913, 2, 0, 80989
2026/09/18 05:17:26.914, 3, 0, 80989
2026/09/18 05:17:26.914, 4, 0, 80989
2026/09/18 05:17:26.914, 5, 0, 80989
2026/09/18 05:17:26.914, 6, 0, 80989
2026/09/18 05:17:26.914, 7, 0, 80989
2026/09/18 05:17:27.414, 0, 0, 81009
2026/09/18 05:17:27.414, 1, 0, 80989
2026/09/18 05:17:27.414, 2, 0, 80989
2026/09/18 05:17:27.414, 3, 0, 80989
2026/09/18 05:17:27.414, 4, 0, 80989
2026/09/18 05:17:27.414, 5, 0, 80989
2026/09/18 05:17:27.414, 6, 0, 80989
2026/09/18 05:17:27.414, 7, 0, 80989
2026/09/18 05:17:27.914, 0, 0, 81009
2026/09/18 05:17:27.914, 1, 0, 80989
2026/09/18 05:17:27.914, 2, 0, 80989
2026/09/18 05:17:27.914, 3, 0, 80989
2026/09/18 05:17:27.914, 4, 0, 80989
2026/09/18 05:17:27.915, 5, 0, 80989
2026/09/18 05:17:27.915, 6, 0, 80989
2026/09/18 05:17:27.915, 7, 0, 80989
2026/09/18 05:17:28.415, 0, 0, 81009
2026/09/18 05:17:28.415, 1, 0, 80989
2026/09/18 05:17:28.415, 2, 0, 80989
2026/09/18 05:17:28.415, 3, 0, 80989
2026/09/18 05:17:28.416, 4, 0, 80989
2026/09/18 05:17:28.416, 5, 0, 80989
2026/09/18 05:17:28.416, 6, 0, 80989
2026/09/18 05:17:28.416, 7, 0, 80989
2026/09/18 05:17:28.916, 0, 0, 81009
2026/09/18 05:17:28.916, 1, 0, 80989
2026/09/18 05:17:28.916, 2, 0, 80989
2026/09/18 05:17:28.916, 3, 0, 80989
2026/09/18 05:17:28.916, 4, 0, 80989
2026/09/18 05:17:28.916, 5, 0, 80989
2026/09/18 05:17:28.916, 6, 0, 80989
2026/09/18 05:17:28.916, 7, 0, 80989
2026/09/18 05:17:29.416, 0, 0, 81009
2026/09/18 05:17:29.416, 1, 0, 80989
2026/09/18 05:17:29.416, 2, 0, 80989
2026/09/18 05:17:29.416, 3, 0, 80989
2026/09/18 05:17:29.416, 4, 0, 80989
2026/09/18 05:17:29.416, 5, 0, 80989
2026/09/18 05:17:29.416, 6, 0, 80989
2026/09/18 05:17:29.416, 7, 0, 80989
2026/09/18 05:17:29.916, 0, 0, 81009
2026/09/18 05:17:29.917, 1, 0, 80989
2026/09/18 05:17:29.917, 2, 0, 80989
2026/09/18 05:17:29.917, 3, 0, 80989
2026/09/18 05:17:29.917, 4, 0, 80989
2026/09/18 05:17:29.917, 5, 0, 80989
2026/09/18 05:17:29.917, 6, 0, 80989
2026/09/18 05:17:29.917, 7, 0, 80989
2026/09/18 05:17:30.417, 0, 0, 81009
2026/09/18 05:17:30.417, 1, 0, 80989
2026/09/18 05:17:30.417, 2, 0, 80989
2026/09/18 05:17:30.417, 3, 0, 80989
2026/09/18 05:17:30.417, 4, 0, 80989
2026/09/18 05:17:30.417, 5, 0, 80989
2026/09/18 05:17:30.417, 6, 0, 80989
2026/09/18 05:17:30.417, 7, 0, 80989
2026/09/18 05:17:30.917, 0, 0, 81009
2026/09/18 05:17:30.918, 1, 0, 80989
2026/09/18 05:17:30.918, 2, 0, 80989
2026/09/18 05:17:30.918, 3, 0, 80989
2026/09/18 05:17:30.918, 4, 0, 80989
2026/09/18 05:17:30.918, 5, 0, 80989
2026/09/18 05:17:30.918, 6, 0, 80989
2026/09/18 05:17:30.918, 7, 0, 80989
2026/09/18 05:17:31.418, 0, 0, 81009
2026/09/18 05:17:31.418, 1, 0, 80989
2026/09/18 05:17:31.418, 2, 0, 80989
2026/09/18 05:17:31.418, 3, 0, 80989
2026/09/18 05:17:31.418, 4, 0, 80989
2026/09/18 05:17:31.418, 5, 0, 80989
2026/09/18 05:17:31.418, 6, 0, 80989
2026/09/18 05:17:31.418, 7, 0, 80989
2026/09/18 05:17:31.918, 0, 0, 81009
2026/09/18 05:17:31.918, 1, 0, 80989
2026/09/18 05:17:31.918, 2, 0, 80989
2026/09/18 05:17:31.918, 3, 0, 80989
2026/09/18 05:17:31.918, 4, 0, 80989
2026/09/18 05:17:31.918, 5, 0, 80989
2026/09/18 05:17:31.918, 6, 0, 80989
2026/09/18 05:17:31.918, 7, 0, 80989
2026/09/18 05:17:32.418, 0, 0, 81009
2026/09/18 05:17:32.419, 1, 0, 80989
2026/09/18 05:17:32.419, 2, 0, 80989
2026/09/18 05:17:32.419, 3, 0, 80989
2026/09/18 05:17:32.419, 4, 0, 80989
2026/09/18 05:17:32.419, 5, 0, 80989
2026/09/18 05:17:32.420, 6, 0, 80989
2026/09/18 05:17:32.420, 7, 0, 80989
2026/09/18 05:17:32.920, 0, 0, 81009
2026/09/18 05:17:32.929, 1, 0, 80989
2026/09/18 05:17:32.930, 2, 0, 80989
2026/09/18 05:17:32.931, 3, 0, 80989
2026/09/18 05:17:32.931, 4, 0, 80989
2026/09/18 05:17:32.931, 5, 0, 80989
2026/09/18 05:17:32.931, 6, 0, 80989
2026/09/18 05:17:32.931, 7, 0, 80989
2026/09/18 05:17:33.432, 0, 0, 81009
2026/09/18 05:17:33.432, 1, 0, 80989
2026/09/18 05:17:33.432, 2, 0, 80989
2026/09/18 05:17:33.432, 3, 0, 80989
2026/09/18 05:17:33.432, 4, 0, 80989
2026/09/18 05:17:33.432, 5, 0, 80989
2026/09/18 05:17:33.432, 6, 0, 80989
2026/09/18 05:17:33.432, 7, 0, 80989
2026/09/18 05:17:33.932, 0, 0, 81009
2026/09/18 05:17:33.932, 1, 0, 80989
2026/09/18 05:17:33.932, 2, 0, 80989
2026/09/18 05:17:33.932, 3, 0, 80989
2026/09/18 05:17:33.932, 4, 0, 80989
2026/09/18 05:17:33.932, 5, 0, 80989
2026/09/18 05:17:33.932, 6, 0, 80989
2026/09/18 05:17:33.932, 7, 0, 80989
2026/09/18 05:17:34.432, 0, 0, 81009
2026/09/18 05:17:34.432, 1, 0, 80989
2026/09/18 05:17:34.432, 2, 0, 80989
2026/09/18 05:17:34.432, 3, 0, 80989
2026/09/18 05:17:34.432, 4, 0, 80989
2026/09/18 05:17:34.432, 5, 0, 80989
2026/09/18 05:17:34.432, 6, 0, 80989
2026/09/18 05:17:34.432, 7, 0, 80989
2026/09/18 05:17:34.932, 0, 0, 81009
2026/09/18 05:17:34.933, 1, 0, 80989
2026/09/18 05:17:34.933, 2, 0, 80989
2026/09/18 05:17:34.934, 3, 0, 80989
2026/09/18 05:17:34.934, 4, 0, 80989
2026/09/18 05:17:34.934, 5, 0, 80989
2026/09/18 05:17:34.934, 6, 0, 80989
2026/09/18 05:17:34.934, 7, 0, 80989
2026/09/18 05:17:35.434, 0, 0, 81009
2026/09/18 05:17:35.434, 1, 0, 80989
2026/09/18 05:17:35.434, 2, 0, 80989
2026/09/18 05:17:35.434, 3, 0, 80989
2026/09/18 05:17:35.434, 4, 0, 80989
2026/09/18 05:17:35.434, 5, 0, 80989
2026/09/18 05:17:35.434, 6, 0, 80989
2026/09/18 05:17:35.434, 7, 0, 80989
2026/09/18 05:17:35.934, 0, 0, 81009
2026/09/18 05:17:35.935, 1, 0, 80989
2026/09/18 05:17:35.935, 2, 0, 80989
2026/09/18 05:17:35.935, 3, 0, 80989
2026/09/18 05:17:35.935, 4, 0, 80989
2026/09/18 05:17:35.935, 5, 0, 80989
2026/09/18 05:17:35.935, 6, 0, 80989
2026/09/18 05:17:35.935, 7, 0, 80989
2026/09/18 05:17:36.435, 0, 0, 81009
2026/09/18 05:17:36.435, 1, 0, 80989
2026/09/18 05:17:36.435, 2, 0, 80989
2026/09/18 05:17:36.435, 3, 0, 80989
2026/09/18 05:17:36.435, 4, 0, 80989
2026/09/18 05:17:36.435, 5, 0, 80989
2026/09/18 05:17:36.435, 6, 0, 80989
2026/09/18 05:17:36.435, 7, 0, 80989
2026/09/18 05:17:36.935, 0, 0, 81009
2026/09/18 05:17:36.935, 1, 0, 80989
2026/09/18 05:17:36.935, 2, 0, 80989
2026/09/18 05:17:36.936, 3, 0, 80989
2026/09/18 05:17:36.936, 4, 0, 80989
2026/09/18 05:17:36.936, 5, 0, 80989
2026/09/18 05:17:36.936, 6, 0, 80989
2026/09/18 05:17:36.936, 7, 0, 80989
2026/09/18 05:17:37.436, 0, 0, 81009
2026/09/18 05:17:37.437, 1, 0, 80989
2026/09/18 05:17:37.437, 2, 0, 80989
2026/09/18 05:17:37.437, 3, 0, 80989
2026/09/18 05:17:37.437, 4, 0, 80989
2026/09/18 05:17:37.437, 5, 0, 80989
2026/09/18 05:17:37.437, 6, 0, 80989
2026/09/18 05:17:37.437, 7, 0, 80989
2026/09/18 05:17:37.937, 0, 0, 81009
2026/09/18 05:17:37.937, 1, 0, 80989
2026/09/18 05:17:37.937, 2, 0, 80989
2026/09/18 05:17:37.937, 3, 0, 80989
2026/09/18 05:17:37.937, 4, 0, 80989
2026/09/18 05:17:37.937, 5, 0, 80989
2026/09/18 05:17:37.937, 6, 0, 80989
2026/09/18 05:17:37.937, 7, 0, 80989
2026/09/18 05:17:38.437, 0, 0, 81009
2026/09/18 05:17:38.437, 1, 0, 80989
2026/09/18 05:17:38.437, 2, 0, 80989
2026/09/18 05:17:38.437, 3, 0, 80989
2026/09/18 05:17:38.437, 4, 0, 80989
2026/09/18 05:17:38.437, 5, 0, 80989
2026/09/18 05:17:38.437, 6, 0, 80989
2026/09/18 05:17:38.437, 7, 0, 80989
2026/09/18 05:17:38.938, 0, 0, 81009
2026/09/18 05:17:38.938, 1, 0, 80989
2026/09/18 05:17:38.938, 2, 0, 80989
2026/09/18 05:17:38.938, 3, 0, 80989
2026/09/18 05:17:38.938, 4, 0, 80989
2026/09/18 05:17:38.938, 5, 0, 80989
2026/09/18 05:17:38.938, 6, 0, 80989
2026/09/18 05:17:38.938, 7, 0, 80989
2026/09/18 05:17:39.438, 0, 0, 81009
2026/09/18 05:17:39.438, 1, 0, 80989
2026/09/18 05:17:39.438, 2, 0, 80989
2026/09/18 05:17:39.438, 3, 0, 80989
2026/09/18 05:17:39.438, 4, 0, 80989
2026/09/18 05:17:39.438, 5, 0, 80989
2026/09/18 05:17:39.438, 6, 0, 80989
2026/09/18 05:17:39.438, 7, 0, 80989
2026/09/18 05:17:39.938, 0, 0, 81009
2026/09/18 05:17:39.939, 1, 0, 80989
2026/09/18 05:17:39.939, 2, 0, 80989
2026/09/18 05:17:39.939, 3, 0, 80989
2026/09/18 05:17:39.939, 4, 0, 80989
2026/09/18 05:17:39.940, 5, 0, 80989
2026/09/18 05:17:39.940, 6, 0, 80989
2026/09/18 05:17:39.940, 7, 0, 80989
2026/09/18 05:17:40.441, 0, 0, 81009
2026/09/18 05:17:40.441, 1, 0, 80989
2026/09/18 05:17:40.442, 2, 0, 80989
2026/09/18 05:17:40.442, 3, 0, 80989
2026/09/18 05:17:40.442, 4, 0, 80989
2026/09/18 05:17:40.442, 5, 0, 80989
2026/09/18 05:17:40.442, 6, 0, 80989
2026/09/18 05:17:40.442, 7, 0, 80989
2026/09/18 05:17:40.942, 0, 0, 81009
2026/09/18 05:17:40.943, 1, 0, 80989
2026/09/18 05:17:40.943, 2, 0, 80989
2026/09/18 05:17:40.943, 3, 0, 80989
2026/09/18 05:17:40.943, 4, 0, 80989
2026/09/18 05:17:40.943, 5, 0, 80989
2026/09/18 05:17:40.943, 6, 0, 80989
2026/09/18 05:17:40.943, 7, 0, 80989
2026/09/18 05:17:41.443, 0, 0, 81009
2026/09/18 05:17:41.443, 1, 0, 80989
2026/09/18 05:17:41.443, 2, 0, 80989
2026/09/18 05:17:41.443, 3, 0, 80989
2026/09/18 05:17:41.443, 4, 0, 80989
2026/09/18 05:17:41.443, 5, 0, 80989
2026/09/18 05:17:41.443, 6, 0, 80989
2026/09/18 05:17:41.443, 7, 0, 80989
2026/09/18 05:17:41.943, 0, 0, 81009
2026/09/18 05:17:41.943, 1, 0, 80989
2026/09/18 05:17:41.943, 2, 0, 80989
2026/09/18 05:17:41.943, 3, 0, 80989
2026/09/18 05:17:41.943, 4, 0, 80989
2026/09/18 05:17:41.943, 5, 0, 80989
2026/09/18 05:17:41.943, 6, 0, 80989
2026/09/18 05:17:41.943, 7, 0, 80989
2026/09/18 05:17:42.443, 0, 0, 81009
2026/09/18 05:17:42.444, 1, 0, 80989
2026/09/18 05:17:42.444, 2, 0, 80989
2026/09/18 05:17:42.444, 3, 0, 80989
2026/09/18 05:17:42.444, 4, 0, 80989
2026/09/18 05:17:42.444, 5, 0, 80989
2026/09/18 05:17:42.444, 6, 0, 80989
2026/09/18 05:17:42.444, 7, 0, 80989
2026/09/18 05:17:42.944, 0, 0, 81009
2026/09/18 05:17:42.945, 1, 0, 80989
2026/09/18 05:17:42.945, 2, 0, 80989
2026/09/18 05:17:42.945, 3, 0, 80989
2026/09/18 05:17:42.945, 4, 0, 80989
2026/09/18 05:17:42.946, 5, 0, 80989
2026/09/18 05:17:42.947, 6, 0, 80989
2026/09/18 05:17:42.947, 7, 0, 80989
2026/09/18 05:17:43.447, 0, 0, 81009
2026/09/18 05:17:43.447, 1, 0, 80989
2026/09/18 05:17:43.447, 2, 0, 80989
2026/09/18 05:17:43.447, 3, 0, 80989
2026/09/18 05:17:43.447, 4, 0, 80989
2026/09/18 05:17:43.447, 5, 0, 80989
2026/09/18 05:17:43.447, 6, 0, 80989
2026/09/18 05:17:43.447, 7, 0, 80989
2026/09/18 05:17:43.947, 0, 0, 81009
2026/09/18 05:17:43.947, 1, 0, 80989
2026/09/18 05:17:43.947, 2, 0, 80989
2026/09/18 05:17:43.947, 3, 0, 80989
2026/09/18 05:17:43.947, 4, 0, 80989
2026/09/18 05:17:43.947, 5, 0, 80989
2026/09/18 05:17:43.947, 6, 0, 80989
2026/09/18 05:17:43.947, 7, 0, 80989
2026/09/18 05:17:44.447, 0, 0, 81009
2026/09/18 05:17:44.447, 1, 0, 80989
2026/09/18 05:17:44.447, 2, 0, 80989
2026/09/18 05:17:44.447, 3, 0, 80989
2026/09/18 05:17:44.447, 4, 0, 80989
2026/09/18 05:17:44.447, 5, 0, 80989
2026/09/18 05:17:44.447, 6, 0, 80989
2026/09/18 05:17:44.447, 7, 0, 80989
2026/09/18 05:17:44.948, 0, 0, 81009
2026/09/18 05:17:44.949, 1, 0, 80989
2026/09/18 05:17:44.949, 2, 0, 80989
2026/09/18 05:17:44.951, 3, 0, 80989
2026/09/18 05:17:44.951, 4, 0, 80989
2026/09/18 05:17:44.952, 5, 0, 80989
2026/09/18 05:17:44.952, 6, 0, 80989
2026/09/18 05:17:44.954, 7, 0, 80989
2026/09/18 05:17:45.454, 0, 0, 81009
2026/09/18 05:17:45.454, 1, 0, 80989
2026/09/18 05:17:45.454, 2, 0, 80989
2026/09/18 05:17:45.454, 3, 0, 80989
2026/09/18 05:17:45.454, 4, 0, 80989
2026/09/18 05:17:45.454, 5, 0, 80989
2026/09/18 05:17:45.454, 6, 0, 80989
2026/09/18 05:17:45.454, 7, 0, 80989
2026/09/18 05:17:45.955, 0, 0, 81009
2026/09/18 05:17:45.956, 1, 0, 80989
2026/09/18 05:17:45.956, 2, 0, 80989
2026/09/18 05:17:45.956, 3, 0, 80989
2026/09/18 05:17:45.956, 4, 0, 80989
2026/09/18 05:17:45.956, 5, 0, 80989
2026/09/18 05:17:45.956, 6, 0, 80989
2026/09/18 05:17:45.956, 7, 0, 80989
2026/09/18 05:17:46.456, 0, 0, 81009
2026/09/18 05:17:46.456, 1, 0, 80989
2026/09/18 05:17:46.456, 2, 0, 80989
2026/09/18 05:17:46.456, 3, 0, 80989
2026/09/18 05:17:46.456, 4, 0, 80989
2026/09/18 05:17:46.456, 5, 0, 80989
2026/09/18 05:17:46.456, 6, 0, 80989
2026/09/18 05:17:46.456, 7, 0, 80989
2026/09/18 05:17:46.956, 0, 0, 81009
2026/09/18 05:17:46.956, 1, 0, 80989
2026/09/18 05:17:46.956, 2, 0, 80989
2026/09/18 05:17:46.956, 3, 0, 80989
2026/09/18 05:17:46.956, 4, 0, 80989
2026/09/18 05:17:46.956, 5, 0, 80989
2026/09/18 05:17:46.956, 6, 0, 80989
2026/09/18 05:17:46.956, 7, 0, 80989
2026/09/18 05:17:47.456, 0, 0, 81009
2026/09/18 05:17:47.457, 1, 0, 80989
2026/09/18 05:17:47.457, 2, 0, 80989
2026/09/18 05:17:47.457, 3, 0, 80989
2026/09/18 05:17:47.457, 4, 0, 80989
2026/09/18 05:17:47.457, 5, 0, 80989
2026/09/18 05:17:47.457, 6, 0, 80989
2026/09/18 05:17:47.457, 7, 0, 80989
2026/09/18 05:17:47.957, 0, 0, 81009
2026/09/18 05:17:47.957, 1, 0, 80989
2026/09/18 05:17:47.958, 2, 0, 80989
2026/09/18 05:17:47.958, 3, 0, 80989
2026/09/18 05:17:47.958, 4, 0, 80989
2026/09/18 05:17:47.958, 5, 0, 80989
2026/09/18 05:17:47.958, 6, 0, 80989
2026/09/18 05:17:47.958, 7, 0, 80989
2026/09/18 05:17:48.458, 0, 0, 81009
2026/09/18 05:17:48.460, 1, 0, 80989
2026/09/18 05:17:48.460, 2, 0, 80989
2026/09/18 05:17:48.460, 3, 0, 80989
2026/09/18 05:17:48.460, 4, 0, 80989
2026/09/18 05:17:48.461, 5, 0, 80989
2026/09/18 05:17:48.461, 6, 0, 80989
2026/09/18 05:17:48.461, 7, 0, 80989
2026/09/18 05:17:48.962, 0, 0, 81009
2026/09/18 05:17:48.962, 1, 0, 80989
2026/09/18 05:17:48.962, 2, 0, 80989
2026/09/18 05:17:48.962, 3, 0, 80989
2026/09/18 05:17:48.962, 4, 0, 80989
2026/09/18 05:17:48.962, 5, 0, 80989
2026/09/18 05:17:48.962, 6, 0, 80989
2026/09/18 05:17:48.962, 7, 0, 80989
2026/09/18 05:17:49.462, 0, 0, 81009
2026/09/18 05:17:49.462, 1, 0, 80989
2026/09/18 05:17:49.462, 2, 0, 80989
2026/09/18 05:17:49.462, 3, 0, 80989
2026/09/18 05:17:49.462, 4, 0, 80989
2026/09/18 05:17:49.462, 5, 0, 80989
2026/09/18 05:17:49.462, 6, 0, 80989
2026/09/18 05:17:49.462, 7, 0, 80989
2026/09/18 05:17:49.962, 0, 0, 81009
2026/09/18 05:17:49.962, 1, 0, 80989
2026/09/18 05:17:49.962, 2, 0, 80989
2026/09/18 05:17:49.962, 3, 0, 80989
2026/09/18 05:17:49.962, 4, 0, 80989
2026/09/18 05:17:49.962, 5, 0, 80989
2026/09/18 05:17:49.962, 6, 0, 80989
2026/09/18 05:17:49.962, 7, 0, 80989
2026/09/18 05:17:50.463, 0, 0, 81009
2026/09/18 05:17:50.463, 1, 0, 80989
2026/09/18 05:17:50.463, 2, 0, 80989
2026/09/18 05:17:50.463, 3, 0, 80989
2026/09/18 05:17:50.463, 4, 0, 80989
2026/09/18 05:17:50.463, 5, 0, 80989
2026/09/18 05:17:50.463, 6, 0, 80989
2026/09/18 05:17:50.463, 7, 0, 80989
2026/09/18 05:17:50.963, 0, 0, 81009
2026/09/18 05:17:50.963, 1, 0, 80989
2026/09/18 05:17:50.963, 2, 0, 80989
2026/09/18 05:17:50.963, 3, 0, 80989
2026/09/18 05:17:50.963, 4, 0, 80989
2026/09/18 05:17:50.963, 5, 0, 80989
2026/09/18 05:17:50.963, 6, 0, 80989
2026/09/18 05:17:50.963, 7, 0, 80989
2026/09/18 05:17:51.463, 0, 0, 81009
2026/09/18 05:17:51.464, 1, 0, 80989
2026/09/18 05:17:51.464, 2, 0, 80989
2026/09/18 05:17:51.464, 3, 0, 80989
2026/09/18 05:17:51.464, 4, 0, 80989
2026/09/18 05:17:51.464, 5, 0, 80989
2026/09/18 05:17:51.464, 6, 0, 80989
2026/09/18 05:17:51.464, 7, 0, 80989
2026/09/18 05:17:51.964, 0, 0, 81009
2026/09/18 05:17:51.965, 1, 0, 80989
2026/09/18 05:17:51.965, 2, 0, 80989
2026/09/18 05:17:51.965, 3, 0, 80989
2026/09/18 05:17:51.965, 4, 0, 80989
2026/09/18 05:17:51.965, 5, 0, 80989
2026/09/18 05:17:51.965, 6, 0, 80989
2026/09/18 05:17:51.965, 7, 0, 80989
2026/09/18 05:17:52.465, 0, 0, 81009
2026/09/18 05:17:52.465, 1, 0, 80989
2026/09/18 05:17:52.465, 2, 0, 80989
2026/09/18 05:17:52.465, 3, 0, 80989
2026/09/18 05:17:52.465, 4, 0, 80989
2026/09/18 05:17:52.465, 5, 0, 80989
2026/09/18 05:17:52.465, 6, 0, 80989
2026/09/18 05:17:52.465, 7, 0, 80989
2026/09/18 05:17:52.965, 0, 0, 81009
2026/09/18 05:17:52.965, 1, 0, 80989
2026/09/18 05:17:52.965, 2, 0, 80989
2026/09/18 05:17:52.965, 3, 0, 80989
2026/09/18 05:17:52.965, 4, 0, 80989
2026/09/18 05:17:52.965, 5, 0, 80989
2026/09/18 05:17:52.965, 6, 0, 80989
2026/09/18 05:17:52.965, 7, 0, 80989
2026/09/18 05:17:53.465, 0, 0, 81009
2026/09/18 05:17:53.466, 1, 0, 80989
2026/09/18 05:17:53.466, 2, 0, 80989
2026/09/18 05:17:53.466, 3, 0, 80989
2026/09/18 05:17:53.466, 4, 0, 80989
2026/09/18 05:17:53.466, 5, 0, 80989
2026/09/18 05:17:53.466, 6, 0, 80989
2026/09/18 05:17:53.466, 7, 0, 80989
2026/09/18 05:17:53.966, 0, 0, 81009
2026/09/18 05:17:53.966, 1, 0, 80989
2026/09/18 05:17:53.966, 2, 0, 80989
2026/09/18 05:17:53.966, 3, 0, 80989
2026/09/18 05:17:53.966, 4, 0, 80989
2026/09/18 05:17:53.966, 5, 0, 80989
2026/09/18 05:17:53.966, 6, 0, 80989
2026/09/18 05:17:53.966, 7, 0, 80989
2026/09/18 05:17:54.466, 0, 0, 81009
2026/09/18 05:17:54.466, 1, 0, 80989
2026/09/18 05:17:54.467, 2, 0, 80989
2026/09/18 05:17:54.467, 3, 0, 80989
2026/09/18 05:17:54.467, 4, 0, 80989
2026/09/18 05:17:54.467, 5, 0, 80989
2026/09/18 05:17:54.467, 6, 0, 80989
2026/09/18 05:17:54.467, 7, 0, 80989
2026/09/18 05:17:54.967, 0, 0, 81009
2026/09/18 05:17:54.967, 1, 0, 80989
2026/09/18 05:17:54.967, 2, 0, 80989
2026/09/18 05:17:54.967, 3, 0, 80989
2026/09/18 05:17:54.967, 4, 0, 80989
2026/09/18 05:17:54.967, 5, 0, 80989
2026/09/18 05:17:54.967, 6, 0, 80989
2026/09/18 05:17:54.967, 7, 0, 80989
2026/09/18 05:17:55.467, 0, 0, 81009
2026/09/18 05:17:55.467, 1, 0, 80989
2026/09/18 05:17:55.467, 2, 0, 80989
2026/09/18 05:17:55.467, 3, 0, 80989
2026/09/18 05:17:55.467, 4, 0, 80989
2026/09/18 05:17:55.467, 5, 0, 80989
2026/09/18 05:17:55.467, 6, 0, 80989
2026/09/18 05:17:55.467, 7, 0, 80989
2026/09/18 05:17:55.967, 0, 0, 81009
2026/09/18 05:17:55.968, 1, 0, 80989
2026/09/18 05:17:55.968, 2, 0, 80989
2026/09/18 05:17:55.968, 3, 0, 80989
2026/09/18 05:17:55.968, 4, 0, 80989
2026/09/18 05:17:55.968, 5, 0, 80989
2026/09/18 05:17:55.968, 6, 0, 80989
2026/09/18 05:17:55.968, 7, 0, 80989
2026/09/18 05:17:56.468, 0, 0, 81009
2026/09/18 05:17:56.468, 1, 0, 80989
2026/09/18 05:17:56.469, 2, 0, 80989
2026/09/18 05:17:56.470, 3, 0, 80989
2026/09/18 05:17:56.470, 4, 0, 80989
2026/09/18 05:17:56.470, 5, 0, 80989
2026/09/18 05:17:56.470, 6, 0, 80989
2026/09/18 05:17:56.470, 7, 0, 80989
2026/09/18 05:17:56.970, 0, 0, 81009
2026/09/18 05:17:56.971, 1, 0, 80989
2026/09/18 05:17:56.971, 2, 0, 80989
2026/09/18 05:17:56.971, 3, 0, 80989
2026/09/18 05:17:56.971, 4, 0, 80989
2026/09/18 05:17:56.972, 5, 0, 80989
2026/09/18 05:17:56.973, 6, 0, 80989
2026/09/18 05:17:56.973, 7, 0, 80989
2026/09/18 05:17:57.473, 0, 0, 81009
2026/09/18 05:17:57.473, 1, 0, 80989
2026/09/18 05:17:57.474, 2, 0, 80989
2026/09/18 05:17:57.474, 3, 0, 80989
2026/09/18 05:17:57.474, 4, 0, 80989
2026/09/18 05:17:57.474, 5, 0, 80989
2026/09/18 05:17:57.474, 6, 0, 80989
2026/09/18 05:17:57.474, 7, 0, 80989
2026/09/18 05:17:57.974, 0, 0, 81009
2026/09/18 05:17:57.975, 1, 0, 80989
2026/09/18 05:17:57.975, 2, 0, 80989
2026/09/18 05:17:57.975, 3, 0, 80989
2026/09/18 05:17:57.975, 4, 0, 80989
2026/09/18 05:17:57.975, 5, 0, 80989
2026/09/18 05:17:57.975, 6, 0, 80989
2026/09/18 05:17:57.975, 7, 0, 80989
2026/09/18 05:17:58.475, 0, 0, 81009
2026/09/18 05:17:58.475, 1, 0, 80989
2026/09/18 05:17:58.475, 2, 0, 80989
2026/09/18 05:17:58.475, 3, 0, 80989
2026/09/18 05:17:58.475, 4, 0, 80989
2026/09/18 05:17:58.475, 5, 0, 80989
2026/09/18 05:17:58.475, 6, 0, 80989
2026/09/18 05:17:58.475, 7, 0, 80989
2026/09/18 05:17:58.975, 0, 0, 81009
2026/09/18 05:17:58.975, 1, 0, 80989
2026/09/18 05:17:58.975, 2, 0, 80989
2026/09/18 05:17:58.975, 3, 0, 80989
2026/09/18 05:17:58.975, 4, 0, 80989
2026/09/18 05:17:58.975, 5, 0, 80989
2026/09/18 05:17:58.975, 6, 0, 80989
2026/09/18 05:17:58.975, 7, 0, 80989
2026/09/18 05:17:59.475, 0, 0, 81009
2026/09/18 05:17:59.476, 1, 0, 80989
2026/09/18 05:17:59.476, 2, 0, 80989
2026/09/18 05:17:59.476, 3, 0, 80989
2026/09/18 05:17:59.476, 4, 0, 80989
2026/09/18 05:17:59.476, 5, 0, 80989
2026/09/18 05:17:59.476, 6, 0, 80989
2026/09/18 05:17:59.476, 7, 0, 80989
2026/09/18 05:17:59.977, 0, 0, 81009
2026/09/18 05:17:59.977, 1, 0, 80989
2026/09/18 05:17:59.977, 2, 0, 80989
2026/09/18 05:17:59.977, 3, 0, 80989
2026/09/18 05:17:59.978, 4, 0, 80989
2026/09/18 05:17:59.978, 5, 0, 80989
2026/09/18 05:17:59.978, 6, 0, 80989
2026/09/18 05:17:59.978, 7, 0, 80989
2026/09/18 05:18:00.478, 0, 0, 81009
2026/09/18 05:18:00.478, 1, 0, 80989
2026/09/18 05:18:00.478, 2, 0, 80989
2026/09/18 05:18:00.478, 3, 0, 80989
2026/09/18 05:18:00.478, 4, 0, 80989
2026/09/18 05:18:00.478, 5, 0, 80989
2026/09/18 05:18:00.478, 6, 0, 80989
2026/09/18 05:18:00.478, 7, 0, 80989
2026/09/18 05:18:00.978, 0, 0, 81009
2026/09/18 05:18:00.978, 1, 0, 80989
2026/09/18 05:18:00.978, 2, 0, 80989
2026/09/18 05:18:00.978, 3, 0, 80989
2026/09/18 05:18:00.978, 4, 0, 80989
2026/09/18 05:18:00.978, 5, 0, 80989
2026/09/18 05:18:00.978, 6, 0, 80989
2026/09/18 05:18:00.978, 7, 0, 80989
2026/09/18 05:18:01.478, 0, 0, 81009
2026/09/18 05:18:01.479, 1, 0, 80989
2026/09/18 05:18:01.479, 2, 0, 80989
2026/09/18 05:18:01.479, 3, 0, 80989
2026/09/18 05:18:01.479, 4, 0, 80989
2026/09/18 05:18:01.479, 5, 0, 80989
2026/09/18 05:18:01.479, 6, 0, 80989
2026/09/18 05:18:01.479, 7, 0, 80989
2026/09/18 05:18:01.979, 0, 0, 81009
2026/09/18 05:18:01.980, 1, 0, 80989
2026/09/18 05:18:01.982, 2, 0, 80989
2026/09/18 05:18:01.982, 3, 0, 80989
2026/09/18 05:18:01.983, 4, 0, 80989
2026/09/18 05:18:01.983, 5, 0, 80989
2026/09/18 05:18:01.983, 6, 0, 80989
2026/09/18 05:18:01.983, 7, 0, 80989
2026/09/18 05:18:02.483, 0, 0, 81009
2026/09/18 05:18:02.483, 1, 0, 80989
2026/09/18 05:18:02.483, 2, 0, 80989
2026/09/18 05:18:02.483, 3, 0, 80989
2026/09/18 05:18:02.483, 4, 0, 80989
2026/09/18 05:18:02.483, 5, 0, 80989
2026/09/18 05:18:02.483, 6, 0, 80989
2026/09/18 05:18:02.483, 7, 0, 80989
2026/09/18 05:18:02.983, 0, 0, 81009
2026/09/18 05:18:02.983, 1, 0, 80989
2026/09/18 05:18:02.985, 2, 0, 80989
2026/09/18 05:18:02.986, 3, 0, 80989
2026/09/18 05:18:02.987, 4, 0, 80989
2026/09/18 05:18:02.987, 5, 0, 80989
2026/09/18 05:18:02.989, 6, 0, 80989
2026/09/18 05:18:02.989, 7, 0, 80989
2026/09/18 05:18:03.490, 0, 0, 81009
2026/09/18 05:18:03.490, 1, 0, 80989
2026/09/18 05:18:03.490, 2, 0, 80989
2026/09/18 05:18:03.490, 3, 0, 80989
2026/09/18 05:18:03.490, 4, 0, 80989
2026/09/18 05:18:03.491, 5, 0, 80989
2026/09/18 05:18:03.491, 6, 0, 80989
2026/09/18 05:18:03.491, 7, 0, 80989
2026/09/18 05:18:03.991, 0, 0, 81009
2026/09/18 05:18:03.991, 1, 0, 80989
2026/09/18 05:18:03.991, 2, 0, 80989
2026/09/18 05:18:03.991, 3, 0, 80989
2026/09/18 05:18:03.991, 4, 0, 80989
2026/09/18 05:18:03.991, 5, 0, 80989
2026/09/18 05:18:03.991, 6, 0, 80989
2026/09/18 05:18:03.991, 7, 0, 80989
2026/09/18 05:18:04.491, 0, 0, 81009
2026/09/18 05:18:04.491, 1, 0, 80989
2026/09/18 05:18:04.491, 2, 0, 80989
2026/09/18 05:18:04.491, 3, 0, 80989
2026/09/18 05:18:04.491, 4, 0, 80989
2026/09/18 05:18:04.491, 5, 0, 80989
2026/09/18 05:18:04.491, 6, 0, 80989
2026/09/18 05:18:04.491, 7, 0, 80989
2026/09/18 05:18:04.991, 0, 0, 81009
2026/09/18 05:18:04.992, 1, 0, 80989
2026/09/18 05:18:04.992, 2, 0, 80989
2026/09/18 05:18:04.992, 3, 0, 80989
2026/09/18 05:18:04.992, 4, 0, 80989
2026/09/18 05:18:04.992, 5, 0, 80989
2026/09/18 05:18:04.992, 6, 0, 80989
2026/09/18 05:18:04.992, 7, 0, 80989
2026/09/18 05:18:05.493, 0, 0, 81009
2026/09/18 05:18:05.493, 1, 0, 80989
2026/09/18 05:18:05.493, 2, 0, 80989
2026/09/18 05:18:05.493, 3, 0, 80989
2026/09/18 05:18:05.493, 4, 0, 80989
2026/09/18 05:18:05.493, 5, 0, 80989
2026/09/18 05:18:05.493, 6, 0, 80989
2026/09/18 05:18:05.493, 7, 0, 80989
2026/09/18 05:18:05.993, 0, 0, 81009
2026/09/18 05:18:05.993, 1, 0, 80989
2026/09/18 05:18:05.993, 2, 0, 80989
2026/09/18 05:18:05.993, 3, 0, 80989
2026/09/18 05:18:05.993, 4, 0, 80989
2026/09/18 05:18:05.993, 5, 0, 80989
2026/09/18 05:18:05.993, 6, 0, 80989
2026/09/18 05:18:05.993, 7, 0, 80989
2026/09/18 05:18:06.494, 0, 0, 81009
2026/09/18 05:18:06.495, 1, 0, 80989
2026/09/18 05:18:06.496, 2, 0, 80989
2026/09/18 05:18:06.497, 3, 0, 80989
2026/09/18 05:18:06.498, 4, 0, 80989
2026/09/18 05:18:06.499, 5, 0, 80989
2026/09/18 05:18:06.499, 6, 0, 80989
2026/09/18 05:18:06.501, 7, 0, 80989
2026/09/18 05:18:07.001, 0, 0, 81009
2026/09/18 05:18:07.002, 1, 0, 80989
2026/09/18 05:18:07.002, 2, 0, 80989
2026/09/18 05:18:07.002, 3, 0, 80989
2026/09/18 05:18:07.002, 4, 0, 80989
2026/09/18 05:18:07.003, 5, 0, 80989
2026/09/18 05:18:07.004, 6, 0, 80989
2026/09/18 05:18:07.004, 7, 0, 80989
2026/09/18 05:18:07.504, 0, 0, 81009
2026/09/18 05:18:07.504, 1, 0, 80989
2026/09/18 05:18:07.504, 2, 0, 80989
2026/09/18 05:18:07.504, 3, 0, 80989
2026/09/18 05:18:07.504, 4, 0, 80989
2026/09/18 05:18:07.504, 5, 0, 80989
2026/09/18 05:18:07.504, 6, 0, 80989
2026/09/18 05:18:07.504, 7, 0, 80989
2026/09/18 05:18:08.004, 0, 0, 81009
2026/09/18 05:18:08.004, 1, 0, 80989
2026/09/18 05:18:08.004, 2, 0, 80989
2026/09/18 05:18:08.004, 3, 0, 80989
2026/09/18 05:18:08.004, 4, 0, 80989
2026/09/18 05:18:08.004, 5, 0, 80989
2026/09/18 05:18:08.004, 6, 0, 80989
2026/09/18 05:18:08.004, 7, 0, 80989
2026/09/18 05:18:08.505, 0, 0, 81009
2026/09/18 05:18:08.505, 1, 0, 80989
2026/09/18 05:18:08.505, 2, 0, 80989
2026/09/18 05:18:08.505, 3, 0, 80989
2026/09/18 05:18:08.505, 4, 0, 80989
2026/09/18 05:18:08.505, 5, 0, 80989
2026/09/18 05:18:08.505, 6, 0, 80989
2026/09/18 05:18:08.505, 7, 0, 80989
2026/09/18 05:18:09.005, 0, 100, 3913
2026/09/18 05:18:09.005, 1, 0, 3893
2026/09/18 05:18:09.005, 2, 1, 3893
2026/09/18 05:18:09.005, 3, 0, 80989
2026/09/18 05:18:09.005, 4, 0, 80989
2026/09/18 05:18:09.005, 5, 0, 80989
2026/09/18 05:18:09.005, 6, 0, 80989
2026/09/18 05:18:09.005, 7, 0, 80989
2026/09/18 05:18:09.505, 0, 100, 3913
2026/09/18 05:18:09.505, 1, 100, 3893
2026/09/18 05:18:09.505, 2, 100, 3893
2026/09/18 05:18:09.505, 3, 100, 3893
2026/09/18 05:18:09.505, 4, 1, 3893
2026/09/18 05:18:09.506, 5, 1, 3893
2026/09/18 05:18:09.506, 6, 0, 80989
2026/09/18 05:18:09.506, 7, 1, 80989
2026/09/18 05:18:10.006, 0, 100, 3913
2026/09/18 05:18:10.012, 1, 100, 3893
2026/09/18 05:18:10.012, 2, 100, 3879
2026/09/18 05:18:10.012, 3, 100, 3893
2026/09/18 05:18:10.012, 4, 100, 3879
2026/09/18 05:18:10.012, 5, 100, 3879
2026/09/18 05:18:10.012, 6, 100, 3879
2026/09/18 05:18:10.012, 7, 40, 3879
2026/09/18 05:18:10.512, 0, 100, 3899
2026/09/18 05:18:10.512, 1, 100, 3879
2026/09/18 05:18:10.512, 2, 100, 3879
2026/09/18 05:18:10.512, 3, 100, 3879
2026/09/18 05:18:10.513, 4, 100, 3879
2026/09/18 05:18:10.513, 5, 100, 3879
2026/09/18 05:18:10.513, 6, 100, 3879
2026/09/18 05:18:10.513, 7, 100, 3879
2026/09/18 05:18:11.013, 0, 0, 3891
2026/09/18 05:18:11.045, 1, 61, 3871
2026/09/18 05:18:11.045, 2, 100, 3871
2026/09/18 05:18:11.045, 3, 100, 3871
2026/09/18 05:18:11.045, 4, 100, 3871
2026/09/18 05:18:11.045, 5, 100, 3871
2026/09/18 05:18:11.045, 6, 100, 3871
2026/09/18 05:18:11.045, 7, 100, 3871
2026/09/18 05:18:11.545, 0, 2, 3887
2026/09/18 05:18:11.546, 1, 1, 3867
2026/09/18 05:18:11.547, 2, 2, 3867
2026/09/18 05:18:11.547, 3, 22, 3867
2026/09/18 05:18:11.547, 4, 100, 3867
2026/09/18 05:18:11.547, 5, 100, 3867
2026/09/18 05:18:11.547, 6, 100, 3867
2026/09/18 05:18:11.547, 7, 100, 3867
2026/09/18 05:18:12.047, 0, 2, 3885
2026/09/18 05:18:12.047, 1, 0, 3865
2026/09/18 05:18:12.047, 2, 0, 3865
2026/09/18 05:18:12.047, 3, 1, 3865
2026/09/18 05:18:12.047, 4, 1, 3865
2026/09/18 05:18:12.047, 5, 1, 3865
2026/09/18 05:18:12.047, 6, 1, 3865
2026/09/18 05:18:12.047, 7, 100, 3865
2026/09/18 05:18:12.547, 0, 0, 3885
2026/09/18 05:18:12.548, 1, 0, 3863
2026/09/18 05:18:12.548, 2, 0, 3863
2026/09/18 05:18:12.548, 3, 0, 3863
2026/09/18 05:18:12.548, 4, 0, 3863
2026/09/18 05:18:12.548, 5, 0, 3863
2026/09/18 05:18:12.548, 6, 0, 3863
2026/09/18 05:18:12.548, 7, 0, 3863
2026/09/18 05:18:13.048, 0, 0, 3885
2026/09/18 05:18:13.048, 1, 0, 3863
2026/09/18 05:18:13.048, 2, 0, 3863
2026/09/18 05:18:13.048, 3, 0, 3863
2026/09/18 05:18:13.048, 4, 0, 3863
2026/09/18 05:18:13.048, 5, 0, 3863
2026/09/18 05:18:13.048, 6, 0, 3863
2026/09/18 05:18:13.048, 7, 0, 3863
2026/09/18 05:18:13.549, 0, 0, 3885
2026/09/18 05:18:13.549, 1, 0, 3863
2026/09/18 05:18:13.549, 2, 0, 3863
2026/09/18 05:18:13.549, 3, 0, 3863
2026/09/18 05:18:13.549, 4, 0, 3863
2026/09/18 05:18:13.549, 5, 0, 3863
2026/09/18 05:18:13.549, 6, 0, 3863
2026/09/18 05:18:13.549, 7, 0, 3863
2026/09/18 05:18:14.049, 0, 0, 3885
2026/09/18 05:18:14.049, 1, 0, 3863
2026/09/18 05:18:14.049, 2, 0, 3863
2026/09/18 05:18:14.049, 3, 0, 3863
2026/09/18 05:18:14.049, 4, 0, 3863
2026/09/18 05:18:14.049, 5, 0, 3863
2026/09/18 05:18:14.049, 6, 0, 3863
2026/09/18 05:18:14.049, 7, 0, 3863
2026/09/18 05:18:14.549, 0, 0, 3875
2026/09/18 05:18:14.549, 1, 2, 3853
2026/09/18 05:18:14.550, 2, 1, 3853
2026/09/18 05:18:14.550, 3, 2, 3853
2026/09/18 05:18:14.550, 4, 1, 3853
2026/09/18 05:18:14.550, 5, 2, 3853
2026/09/18 05:18:14.550, 6, 0, 3853
2026/09/18 05:18:14.550, 7, 2, 3853
2026/09/18 05:18:15.051, 0, 0, 0
2026/09/18 05:18:15.455, 1, 48, 0
2026/09/18 05:18:15.460, 2, 0, 0
2026/09/18 05:18:15.460, 3, 0, 0
2026/09/18 05:18:15.460, 4, 21, 0
2026/09/18 05:18:15.460, 5, 29, 0
2026/09/18 05:18:15.460, 6, 52, 0
2026/09/18 05:18:15.460, 7, 49, 0
